"Date","Time","Cloud Condition","Rain Condition","Brightness Condition","Cloud Value","Cloud Sensor Temperature","Rain Value","Brightness Value","Ambient Temperature","Rain Heating Percentage","Rain Sensor Temperature","Heating Status","Switch Status","Read Cycle","Timeout Errors","Safe Status","Wind Condition","Wind Value","Relative Humidity","Dew Point","Raw IR Temperature","Absolute Pressure","Relative Pressure"
"2026-08-10","20:00:05","Clear","Wet","Very Light","1.1","30.1","3200","2","32.4","33%","36.4","","Opened","7.372","5","Unsafe","Calm","5.0","53","21.6","15.0","997.8","1009.0"
"2026-08-10","20:00:15","Clear","Dry","Very Light","1.1","30.1","3328","2","32.4","33%","36.4","","Opened","7.311","5","Unsafe","Calm","4.8","53","21.7","15.0","997.8","1009.0"
"2026-08-10","20:00:25","Clear","Dry","Very Light","1.2","30.1","3200","2","32.3","33%","36.3","","Opened","7.272","5","Unsafe","Calm","5.2","53","21.7","15.1","997.8","1009.0"
"2026-08-10","20:00:35","Clear","Dry","Very Light","1.1","30.1","3328","2","32.3","33%","36.3","","Opened","7.346","5","Unsafe","Calm","5.5","54","21.7","15.0","997.8","1009.0"
"2026-08-10","20:00:45","Clear","Dry","Very Light","1.2","30.1","3200","2","32.3","33%","36.3","","Opened","7.444","5","Unsafe","Calm","5.1","54","21.7","15.0","997.8","1009.0"
"2026-08-10","20:00:55","Clear","Dry","Very Light","1.2","30.1","3200","2","32.3","33%","36.3","","Opened","7.266","5","Unsafe","Calm","5.2","54","21.7","15.1","997.8","1009.0"
"2026-08-10","20:01:05","Clear","Dry","Very Light","1.2","30.1","3200","2","32.3","33%","36.3","","Opened","7.350","5","Unsafe","Calm","5.1","54","21.7","15.0","997.9","1009.1"
"2026-08-10","20:01:15","Clear","Dry","Very Light","1.2","30.1","3200","2","32.2","33%","36.3","","Opened","7.287","5","Unsafe","Calm","5.4","54","21.7","15.1","997.8","1009.0"
"2026-08-10","20:01:25","Clear","Dry","Very Light","1.2","30.1","3200","2","32.2","33%","36.2","","Opened","7.368","5","Unsafe","Calm","5.4","54","21.7","15.0","997.8","1009.0"
"2026-08-10","20:01:35","Clear","Dry","Very Light","1.3","30.1","3200","2","32.2","33%","36.2","","Opened","7.324","5","Unsafe","Calm","5.5","54","21.7","15.1","997.8","1009.0"
"2026-08-10","20:01:45","Clear","Dry","Very Light","1.3","30.0","3200","2","32.2","33%","36.1","","Opened","7.416","5","Unsafe","Calm","6.1","54","21.7","15.1","997.8","1009.0"
"2026-08-10","20:01:55","Clear","Dry","Very Light","1.2","30.0","3200","2","32.1","33%","36.1","","Opened","7.355","5","Unsafe","Calm","6.2","54","21.7","15.0","997.8","1009.0"
"2026-08-10","20:02:05","Clear","Dry","Very Light","1.3","30.0","3200","2","32.1","33%","36.1","","Opened","7.298","5","Unsafe","Calm","6.2","54","21.7","15.0","997.8","1009.0"
"2026-08-10","20:02:15","Clear","Dry","Very Light","1.4","30.0","3200","2","32.1","33%","36.1","","Opened","7.381","5","Unsafe","Calm","6.4","54","21.7","15.1","997.8","1009.0"
"2026-08-10","20:02:25","Clear","Dry","Very Light","1.3","30.0","3200","2","32.0","33%","36.1","","Opened","7.340","5","Unsafe","Calm","6.4","54","21.7","15.0","997.9","1009.1"
"2026-08-10","20:02:35","Clear","Wet","Very Light","1.3","30.0","3200","2","32.0","33%","36.1","","Opened","7.284","5","Unsafe","Calm","6.1","54","21.7","15.0","997.8","1009.0"
"2026-08-10","20:02:45","Clear","Dry","Very Light","1.2","30.0","3200","2","32.0","33%","36.1","","Opened","7.580","5","Unsafe","Calm","5.5","54","21.7","14.9","997.8","1009.0"
"2026-08-10","20:02:55","Clear","Dry","Very Light","1.2","30.0","3200","2","32.0","33%","36.1","","Opened","7.294","5","Unsafe","Calm","5.1","54","21.7","15.0","997.9","1009.1"
"2026-08-10","20:03:05","Clear","Dry","Very Light","1.4","29.9","3200","2","32.0","33%","36.1","","Opened","7.376","5","Unsafe","Calm","5.2","54","21.6","15.1","997.8","1009.0"
"2026-08-10","20:03:15","Clear","Dry","Very Light","1.2","29.9","3200","2","32.0","33%","36.1","","Opened","7.337","5","Unsafe","Calm","5.0","55","21.7","14.9","997.8","1009.0"
"2026-08-10","20:03:25","Clear","Dry","Very Light","1.3","29.9","3200","2","32.0","33%","36.1","","Opened","7.276","5","Unsafe","Calm","5.1","55","21.7","15.0","997.8","1009.0"
"2026-08-10","20:03:35","Clear","Dry","Very Light","1.2","29.9","3200","2","31.9","33%","36.0","","Opened","7.348","5","Unsafe","Calm","5.2","55","21.7","14.9","997.9","1009.1"
"2026-08-10","20:03:45","Clear","Dry","Very Light","1.3","29.9","3200","2","31.9","33%","36.0","","Opened","7.445","5","Unsafe","Calm","5.4","55","21.6","15.0","997.8","1009.0"
"2026-08-10","20:03:55","Clear","Dry","Very Light","1.2","29.9","3200","2","31.9","33%","36.0","","Opened","7.260","5","Unsafe","Calm","5.5","55","21.7","14.9","997.8","1009.0"
"2026-08-10","20:04:05","Clear","Dry","Very Light","1.2","29.9","3200","2","31.9","33%","36.0","","Opened","7.344","5","Unsafe","Calm","4.6","55","21.6","14.8","997.9","1009.1"
"2026-08-10","20:04:15","Clear","Dry","Very Light","1.2","29.8","3200","2","31.8","33%","36.1","","Opened","7.299","5","Unsafe","Calm","4.5","55","21.6","14.9","997.8","1009.0"
"2026-08-10","20:04:25","Clear","Dry","Very Light","1.3","29.8","3200","2","31.8","33%","36.1","","Opened","7.373","5","Unsafe","Calm","3.9","55","21.6","14.9","997.9","1009.1"
"2026-08-10","20:04:35","Clear","Dry","Very Light","1.2","29.8","3200","2","31.8","33%","36.1","","Opened","7.326","5","Unsafe","Calm","3.8","55","21.6","14.8","997.8","1009.0"
"2026-08-10","20:04:45","Clear","Dry","Very Light","1.3","29.8","3200","2","31.8","33%","36.1","","Opened","7.425","5","Unsafe","Calm","3.8","55","21.6","14.9","997.8","1009.0"
"2026-08-10","20:04:55","Clear","Dry","Very Light","1.3","29.8","3200","2","31.7","33%","36.0","","Opened","7.375","5","Unsafe","Calm","3.9","55","21.6","14.9","997.8","1009.0"
"2026-08-10","20:05:05","Clear","Dry","Very Light","1.2","29.7","3200","2","31.7","33%","36.0","","Opened","7.318","5","Unsafe","Calm","4.7","55","21.7","14.8","997.8","1009.0"
"2026-08-10","20:05:15","Clear","Dry","Very Light","1.3","29.7","3200","2","31.7","33%","36.0","","Opened","7.255","5","Unsafe","Calm","5.1","55","21.6","14.8","997.8","1009.0"
"2026-08-10","20:05:25","Clear","Dry","Very Light","1.3","29.7","3200","2","31.7","33%","35.8","","Opened","7.331","5","Unsafe","Calm","5.7","56","21.7","14.8","997.8","1009.0"
"2026-08-10","20:05:35","Clear","Dry","Very Light","1.2","29.7","3200","2","31.6","33%","35.8","","Opened","7.303","5","Unsafe","Calm","5.7","56","21.7","14.8","997.9","1009.1"
"2026-08-10","20:05:45","Clear","Dry","Very Light","1.3","29.7","3200","2","31.6","33%","35.8","","Opened","7.501","5","Unsafe","Calm","5.5","55","21.6","14.8","997.8","1009.1"
"2026-08-10","20:05:55","Clear","Dry","Very Light","1.3","29.7","3200","2","31.6","33%","35.8","","Opened","7.336","5","Unsafe","Calm","5.5","56","21.6","14.8","997.9","1009.1"
"2026-08-10","20:06:05","Clear","Dry","Very Light","1.4","29.7","3200","2","31.5","33%","35.8","Heating DOWN","Opened","7.404","5","Unsafe","Calm","6.2","56","21.6","14.9","997.8","1009.1"
"2026-08-10","20:06:15","Clear","Dry","Very Light","1.3","29.7","3200","2","31.5","32%","35.7","","Opened","7.261","5","Unsafe","Calm","6.1","56","21.7","14.8","997.8","1009.1"
"2026-08-10","20:06:25","Clear","Dry","Very Light","1.4","29.7","3200","2","31.5","32%","35.6","","Opened","7.360","5","Unsafe","Calm","5.9","56","21.7","14.8","997.8","1009.1"
"2026-08-10","20:06:35","Clear","Dry","Very Light","1.3","29.6","3200","2","31.5","32%","35.7","","Opened","7.305","5","Unsafe","Calm","5.9","56","21.7","14.8","997.8","1009.0"
"2026-08-10","20:06:45","Clear","Dry","Very Light","1.3","29.6","3200","2","31.4","32%","35.7","","Opened","7.516","5","Unsafe","Calm","5.8","56","21.6","14.7","997.8","1009.1"
"2026-08-10","20:06:55","Clear","Dry","Very Light","1.4","29.6","3200","2","31.4","32%","35.7","Heating DOWN","Opened","7.431","5","Unsafe","Calm","5.5","56","21.6","14.8","997.8","1009.1"
"2026-08-10","20:07:05","Clear","Dry","Very Light","1.3","29.6","3200","2","31.4","31%","35.7","Heating DOWN","Opened","7.436","5","Unsafe","Calm","4.7","56","21.6","14.7","997.9","1009.1"
"2026-08-10","20:07:15","Clear","Dry","Very Light","1.3","29.6","3200","2","31.4","30%","35.6","","Opened","7.314","5","Unsafe","Calm","4.5","56","21.6","14.7","997.8","1009.1"
"2026-08-10","20:07:25","Clear","Dry","Very Light","1.3","29.6","3200","2","31.4","30%","35.6","","Opened","7.365","5","Unsafe","Calm","4.1","56","21.6","14.7","997.8","1009.0"
"2026-08-10","20:07:35","Clear","Dry","Very Light","1.4","29.5","3200","2","31.3","30%","35.6","","Opened","7.313","5","Unsafe","Calm","4.4","56","21.6","14.8","997.9","1009.1"
"2026-08-10","20:07:45","Clear","Dry","Very Light","1.4","29.5","3200","2","31.3","30%","35.5","","Opened","7.539","5","Unsafe","Calm","5.0","57","21.7","14.8","997.9","1009.1"
"2026-08-10","20:07:55","Clear","Dry","Very Light","1.4","29.5","3200","2","31.3","30%","35.4","","Opened","7.346","5","Unsafe","Calm","5.4","57","21.7","14.7","997.8","1009.1"
"2026-08-10","20:08:05","Clear","Dry","Very Light","1.4","29.5","3200","2","31.2","30%","35.4","","Opened","7.282","5","Unsafe","Calm","5.7","57","21.7","14.7","997.9","1009.1"
"2026-08-10","20:08:15","Clear","Dry","Very Light","1.4","29.5","3200","2","31.3","30%","35.3","","Opened","7.345","5","Unsafe","Calm","5.8","57","21.7","14.8","997.8","1009.1"
"2026-08-10","20:08:25","Clear","Dry","Very Light","1.3","29.5","3200","2","31.2","30%","35.3","","Opened","7.286","5","Unsafe","Calm","5.9","57","21.7","14.6","997.8","1009.1"
"2026-08-10","20:08:35","Clear","Dry","Very Light","1.3","29.5","3200","2","31.2","30%","35.3","","Opened","7.362","5","Unsafe","Calm","6.1","57","21.7","14.6","997.8","1009.0"
"2026-08-10","20:08:45","Clear","Dry","Very Light","1.4","29.5","3200","2","31.2","30%","35.1","","Opened","7.446","5","Unsafe","Calm","5.8","57","21.7","14.7","997.8","1009.1"
"2026-08-10","20:08:55","Clear","Dry","Very Light","1.3","29.5","3200","2","31.2","30%","35.2","","Opened","7.264","5","Unsafe","Calm","5.7","57","21.7","14.6","997.8","1009.0"
"2026-08-10","20:09:05","Clear","Dry","Very Light","1.3","29.4","3200","2","31.1","30%","35.1","","Opened","7.316","5","Unsafe","Calm","5.5","57","21.7","14.6","997.8","1009.1"
"2026-08-10","20:09:15","Clear","Dry","Very Light","1.3","29.4","3200","2","31.1","30%","35.1","","Opened","7.263","5","Unsafe","Calm","5.8","57","21.7","14.6","997.8","1009.0"
"2026-08-10","20:09:25","Clear","Dry","Very Light","1.3","29.4","3200","2","31.1","30%","35.1","","Opened","7.348","5","Unsafe","Calm","5.9","58","21.8","14.6","997.8","1009.0"
"2026-08-10","20:09:35","Clear","Dry","Very Light","1.4","29.4","3200","2","31.1","30%","35.1","","Opened","7.286","5","Unsafe","Calm","5.5","58","21.7","14.6","997.8","1009.1"
"2026-08-10","20:09:45","Clear","Dry","Very Light","1.4","29.4","3200","2","31.0","30%","35.1","","Opened","7.516","5","Unsafe","Calm","5.5","58","21.7","14.6","997.8","1009.0"
"2026-08-10","20:09:55","Clear","Dry","Very Light","1.4","29.3","3200","2","31.0","30%","35.1","","Opened","7.336","5","Unsafe","Calm","5.2","58","21.7","14.6","997.8","1009.1"
"2026-08-10","20:10:05","Clear","Dry","Very Light","1.5","29.3","3200","2","31.0","30%","35.1","","Opened","7.277","5","Unsafe","Calm","5.2","58","21.6","14.6","997.8","1009.1"
"2026-08-10","20:10:15","Clear","Dry","Very Light","1.4","29.3","3200","2","31.0","30%","35.0","","Opened","7.356","5","Unsafe","Calm","4.8","58","21.7","14.6","997.8","1009.1"
"2026-08-10","20:10:25","Clear","Dry","Very Light","1.4","29.3","3200","2","31.0","30%","35.0","","Opened","7.311","5","Unsafe","Calm","4.8","58","21.7","14.6","997.8","1009.1"
"2026-08-10","20:10:35","Clear","Dry","Very Light","1.4","29.3","3200","2","31.0","30%","35.0","","Opened","7.261","5","Unsafe","Calm","5.0","58","21.8","14.6","997.8","1009.0"
"2026-08-10","20:10:45","Clear","Dry","Very Light","1.5","29.3","3200","2","30.9","30%","35.0","","Opened","7.483","5","Unsafe","Calm","5.2","58","21.8","14.6","997.8","1009.0"
"2026-08-10","20:10:55","Clear","Dry","Very Light","1.4","29.3","3200","2","30.9","30%","34.8","","Opened","7.297","5","Unsafe","Calm","5.9","58","21.8","14.5","997.8","1009.1"
"2026-08-10","20:11:05","Clear","Dry","Very Light","1.4","29.3","3200","2","30.9","30%","34.8","","Opened","7.360","5","Unsafe","Calm","6.4","59","21.8","14.6","997.8","1009.0"
"2026-08-10","20:11:15","Clear","Dry","Very Light","1.4","29.3","3200","2","30.9","30%","34.8","","Opened","7.300","5","Unsafe","Calm","6.4","59","21.8","14.5","997.8","1009.0"
"2026-08-10","20:11:25","Clear","Dry","Very Light","1.4","29.2","3200","2","30.9","30%","34.7","","Opened","7.358","5","Unsafe","Calm","6.2","58","21.8","14.5","997.8","1009.1"
"2026-08-10","20:11:35","Clear","Dry","Very Light","1.3","29.2","3200","2","30.8","30%","34.7","","Opened","7.310","5","Unsafe","Calm","6.5","59","21.8","14.4","997.8","1009.1"
"2026-08-10","20:11:45","Clear","Dry","Very Light","1.4","29.2","3200","2","30.8","30%","34.6","","Opened","7.404","5","Unsafe","Calm","6.4","59","21.8","14.5","997.8","1009.1"
"2026-08-10","20:11:55","Clear","Dry","Very Light","1.4","29.2","3200","2","30.8","30%","34.6","","Opened","7.326","5","Unsafe","Calm","6.4","59","21.8","14.5","997.9","1009.1"
"2026-08-10","20:12:05","Clear","Dry","Very Light","1.4","29.2","3200","2","30.8","30%","34.6","","Opened","7.286","5","Unsafe","Calm","6.1","59","21.8","14.4","997.8","1009.0"
"2026-08-10","20:12:15","Clear","Dry","Very Light","1.4","29.2","3200","2","30.8","30%","34.6","","Opened","7.357","5","Unsafe","Calm","6.4","59","21.8","14.5","997.8","1009.0"
"2026-08-10","20:12:25","Clear","Dry","Very Light","1.4","29.2","3200","2","30.7","30%","34.5","","Opened","7.296","5","Unsafe","Calm","6.6","59","21.8","14.4","997.8","1009.1"
"2026-08-10","20:12:35","Clear","Dry","Very Light","1.4","29.2","3200","2","30.7","30%","34.5","","Opened","7.380","5","Unsafe","Calm","6.2","59","21.8","14.5","997.8","1009.0"
"2026-08-10","20:12:45","Clear","Dry","Very Light","1.3","29.1","3200","2","30.7","30%","34.5","","Opened","7.444","5","Unsafe","Calm","5.9","59","21.8","14.4","997.8","1009.1"
"2026-08-10","20:12:55","Clear","Dry","Very Light","1.3","29.1","3200","2","30.7","30%","34.5","","Opened","7.259","5","Unsafe","Calm","5.2","59","21.8","14.3","997.8","1009.1"
"2026-08-10","20:13:05","Clear","Dry","Very Light","1.4","29.1","3200","2","30.7","30%","34.5","","Opened","7.311","5","Unsafe","Calm","5.1","59","21.8","14.4","997.9","1009.1"
"2026-08-10","20:13:15","Clear","Dry","Very Light","1.4","29.1","3200","2","30.7","30%","34.5","","Opened","7.280","5","Unsafe","Calm","5.1","59","21.8","14.4","997.8","1009.0"
"2026-08-10","20:13:25","Clear","Dry","Very Light","1.3","29.1","3200","2","30.6","30%","34.5","","Opened","7.341","5","Unsafe","Calm","4.7","59","21.8","14.3","997.8","1009.1"
"2026-08-10","20:13:35","Clear","Dry","Very Light","1.3","29.0","3200","2","30.6","30%","34.5","","Opened","7.281","5","Unsafe","Calm","4.5","59","21.8","14.3","997.9","1009.2"
"2026-08-10","20:13:45","Clear","Dry","Very Light","1.5","29.0","3200","2","30.6","30%","34.5","","Opened","7.472","5","Unsafe","Calm","5.2","59","21.8","14.5","997.8","1009.1"
"2026-08-10","20:13:55","Clear","Dry","Very Light","1.4","29.1","3200","2","30.6","30%","34.4","","Opened","7.290","5","Unsafe","Calm","6.1","60","21.9","14.4","997.8","1009.0"
"2026-08-10","20:14:05","Clear","Dry","Very Light","1.4","29.0","3200","2","30.6","30%","34.4","","Opened","7.359","5","Unsafe","Calm","6.2","60","21.8","14.4","997.9","1009.2"
"2026-08-10","20:14:15","Clear","Dry","Very Light","1.3","29.0","3200","2","30.5","30%","34.4","","Opened","7.284","5","Unsafe","Calm","6.4","60","21.8","14.2","997.9","1009.2"
"2026-08-10","20:14:25","Clear","Dry","Very Light","1.3","29.0","3200","2","30.5","30%","34.4","","Opened","7.339","5","Unsafe","Calm","6.5","60","21.8","14.2","997.9","1009.2"
"2026-08-10","20:14:35","Clear","Dry","Very Light","1.3","29.0","3200","2","30.5","30%","34.3","","Opened","7.302","5","Unsafe","Calm","6.6","60","21.8","14.3","997.8","1009.1"
"2026-08-10","20:14:45","Clear","Dry","Very Light","1.3","29.0","3200","2","30.5","30%","34.3","","Opened","7.517","5","Unsafe","Calm","6.5","60","21.8","14.3","997.9","1009.2"
"2026-08-10","20:14:55","Clear","Dry","Very Light","1.4","29.0","3200","2","30.5","30%","34.2","Heating UP","Opened","7.448","5","Unsafe","Calm","6.4","60","21.8","14.3","997.8","1009.0"
"2026-08-10","20:15:05","Clear","Dry","Very Light","1.4","29.0","3200","2","30.5","31%","34.2","","Opened","7.319","5","Unsafe","Calm","7.1","60","21.8","14.3","997.8","1009.1"
"2026-08-10","20:15:16","Clear","Dry","Very Light","1.3","29.0","3200","2","30.4","31%","34.1","Heating UP","Opened","7.520","5","Unsafe","Calm","7.2","60","21.9","14.2","997.9","1009.2"
"2026-08-10","20:15:25","Clear","Dry","Very Light","1.3","29.0","3200","2","30.4","32%","34.1","Heating UP","Opened","7.404","5","Unsafe","Calm","7.8","60","21.9","14.2","997.8","1009.0"
"2026-08-10","20:15:35","Clear","Dry","Very Light","1.5","29.0","3200","2","30.4","33%","34.1","Heating UP","Opened","7.408","5","Unsafe","Calm","8.0","60","21.8","14.3","997.9","1009.2"
"2026-08-10","20:15:45","Clear","Dry","Very Light","1.4","29.0","3200","2","30.4","34%","34.2","","Opened","7.406","5","Unsafe","Calm","7.6","60","21.8","14.3","997.8","1009.1"
"2026-08-10","20:15:55","Clear","Dry","Very Light","1.5","29.0","3200","2","30.4","34%","34.2","","Opened","7.349","5","Unsafe","Calm","7.5","60","21.8","14.4","997.9","1009.2"
"2026-08-10","20:16:05","Clear","Dry","Very Light","1.4","28.9","3200","2","30.4","34%","34.2","","Opened","7.307","5","Unsafe","Calm","6.9","60","21.8","14.3","997.8","1009.1"
"2026-08-10","20:16:15","Clear","Dry","Very Light","1.5","28.9","3200","2","30.3","34%","34.2","","Opened","7.376","5","Unsafe","Calm","6.5","60","21.8","14.3","997.8","1009.1"
"2026-08-10","20:16:25","Clear","Dry","Very Light","1.6","28.9","3200","2","30.3","34%","34.2","","Opened","7.342","5","Unsafe","Calm","6.8","61","21.8","14.4","997.8","1009.1"
"2026-08-10","20:16:35","Clear","Dry","Very Light","1.5","28.9","3200","2","30.3","34%","34.2","","Opened","7.284","5","Unsafe","Calm","7.3","61","21.9","14.3","997.9","1009.2"
"2026-08-10","20:16:45","Clear","Dry","Very Light","1.5","28.9","3200","2","30.3","34%","34.2","","Opened","7.502","5","Unsafe","Calm","7.6","61","21.9","14.3","997.8","1009.1"
"2026-08-10","20:16:55","Clear","Dry","Very Light","1.4","28.9","3200","2","30.3","34%","34.2","","Opened","7.327","5","Unsafe","Calm","7.9","61","21.9","14.2","997.8","1009.1"
"2026-08-10","20:17:05","Clear","Dry","Very Light","1.4","28.9","3200","2","30.3","34%","34.2","","Opened","7.279","5","Unsafe","Calm","7.8","61","21.9","14.2","997.8","1009.1"
"2026-08-10","20:17:15","Clear","Dry","Very Light","1.4","28.9","3200","2","30.3","34%","34.3","","Opened","7.356","5","Unsafe","Calm","7.8","61","21.8","14.2","997.9","1009.2"
"2026-08-10","20:17:25","Clear","Dry","Very Light","1.5","28.9","3200","2","30.3","34%","34.3","","Opened","7.311","5","Unsafe","Calm","6.9","61","21.8","14.3","997.8","1009.1"
"2026-08-10","20:17:35","Clear","Dry","Very Light","1.4","28.9","3200","2","30.3","34%","34.3","","Opened","7.256","5","Unsafe","Calm","6.2","61","21.8","14.2","997.8","1009.1"
"2026-08-10","20:17:45","Clear","Dry","Very Light","1.5","28.9","3200","2","30.2","34%","34.3","","Opened","7.466","5","Unsafe","Calm","6.2","61","21.8","14.3","997.8","1009.0"
"2026-08-10","20:17:55","Clear","Dry","Very Light","1.5","28.9","3200","2","30.2","34%","34.2","","Opened","7.292","5","Unsafe","Calm","5.9","61","21.8","14.3","997.8","1009.1"
"2026-08-10","20:18:05","Clear","Dry","Very Light","1.5","28.8","3200","2","30.2","34%","34.3","","Opened","7.366","5","Unsafe","Calm","5.7","61","21.8","14.3","997.8","1009.1"
"2026-08-10","20:18:15","Clear","Dry","Very Light","1.5","28.8","3200","2","30.2","34%","34.4","","Opened","7.315","5","Unsafe","Calm","5.5","61","21.7","14.3","997.9","1009.2"
"2026-08-10","20:18:25","Clear","Dry","Very Light","1.4","28.8","3200","2","30.2","34%","34.4","","Opened","7.270","5","Unsafe","Calm","5.4","61","21.8","14.1","997.8","1009.1"
"2026-08-10","20:18:35","Clear","Dry","Very Light","1.5","28.8","3200","2","30.2","34%","34.5","","Opened","7.355","5","Unsafe","Calm","5.4","61","21.8","14.3","997.9","1009.2"
"2026-08-10","20:18:45","Clear","Dry","Very Light","1.5","28.8","3200","2","30.2","34%","34.4","","Opened","7.439","5","Unsafe","Calm","5.0","61","21.8","14.2","997.9","1009.2"
"2026-08-10","20:18:55","Clear","Dry","Very Light","1.4","28.8","3200","2","30.2","34%","34.5","","Opened","7.255","5","Unsafe","Calm","4.5","61","21.8","14.2","997.8","1009.1"
"2026-08-10","20:19:05","Clear","Dry","Very Light","1.5","28.7","3200","2","30.2","34%","34.5","Heating DOWN","Opened","7.460","5","Unsafe","Calm","4.5","60","21.7","14.3","997.8","1009.1"
"2026-08-10","20:19:15","Clear","Dry","Very Light","1.4","28.7","3200","2","30.2","33%","34.5","Heating DOWN","Opened","7.452","5","Unsafe","Calm","4.4","61","21.7","14.2","997.9","1009.2"
"2026-08-10","20:19:25","Clear","Dry","Very Light","1.5","28.7","3200","2","30.2","32%","34.6","Heating DOWN","Opened","7.458","5","Unsafe","Calm","4.7","61","21.7","14.3","997.9","1009.2"
"2026-08-10","20:19:35","Clear","Dry","Very Light","1.4","28.7","3200","2","30.2","31%","34.5","","Opened","7.324","5","Unsafe","Calm","5.0","61","21.9","14.2","997.9","1009.2"
"2026-08-10","20:19:45","Clear","Dry","Very Light","1.5","28.7","3200","2","30.2","31%","34.4","","Opened","7.426","5","Unsafe","Calm","5.2","61","21.8","14.3","997.8","1009.0"
"2026-08-10","20:19:55","Clear","Dry","Very Light","1.5","28.7","3200","2","30.1","31%","34.4","","Opened","7.347","5","Unsafe","Calm","5.2","61","21.8","14.2","997.8","1009.1"
"2026-08-10","20:20:05","Clear","Dry","Very Light","1.4","28.6","3200","2","30.1","31%","34.4","","Opened","7.302","5","Unsafe","Calm","5.5","61","21.8","14.2","997.8","1009.1"
"2026-08-10","20:20:15","Clear","Dry","Very Light","1.3","28.6","3200","2","30.1","31%","34.4","","Opened","7.380","5","Unsafe","Calm","5.9","61","21.8","14.1","998.0","1009.3"
"2026-08-10","20:20:25","Clear","Dry","Very Light","1.4","28.7","3200","2","30.1","31%","34.3","","Opened","7.304","5","Unsafe","Calm","5.7","61","21.8","14.1","997.9","1009.2"
"2026-08-10","20:20:35","Clear","Dry","Very Light","1.5","28.6","3200","2","30.1","31%","34.3","","Opened","7.392","5","Unsafe","Calm","5.2","61","21.8","14.2","997.8","1009.1"
"2026-08-10","20:20:45","Clear","Dry","Very Light","1.4","28.6","3200","2","30.1","31%","34.3","","Opened","7.477","5","Unsafe","Calm","5.4","61","21.8","14.1","997.9","1009.2"
"2026-08-10","20:20:55","Clear","Dry","Very Light","1.6","28.6","3200","2","30.1","31%","34.2","","Opened","7.258","5","Unsafe","Calm","5.8","61","21.8","14.3","997.9","1009.2"
"2026-08-10","20:21:05","Clear","Dry","Very Light","1.4","28.6","3200","2","30.1","31%","34.2","","Opened","7.332","5","Unsafe","Calm","5.9","61","21.8","14.1","997.9","1009.2"
"2026-08-10","20:21:15","Clear","Dry","Very Light","1.5","28.6","3200","2","30.1","31%","34.2","","Opened","7.292","5","Unsafe","Calm","5.8","61","21.8","14.2","997.9","1009.2"
"2026-08-10","20:21:25","Clear","Dry","Very Light","1.3","28.6","3200","2","30.1","31%","34.2","","Opened","7.368","5","Unsafe","Calm","5.8","61","21.8","14.0","997.8","1009.1"
"2026-08-10","20:21:35","Clear","Dry","Very Light","1.4","28.6","3200","2","30.1","31%","34.2","","Opened","7.305","5","Unsafe","Calm","6.1","61","21.8","14.1","997.9","1009.2"
"2026-08-10","20:21:46","Clear","Dry","Very Light","1.5","28.6","3200","2","30.1","31%","34.1","","Opened","7.508","5","Unsafe","Calm","5.8","61","21.8","14.2","997.9","1009.2"
"2026-08-10","20:21:55","Clear","Dry","Very Light","1.4","28.6","3200","2","30.0","31%","34.1","","Opened","7.299","5","Unsafe","Calm","5.4","61","21.8","14.1","997.9","1009.2"
"2026-08-10","20:22:05","Clear","Dry","Very Light","1.4","28.6","3200","2","30.1","31%","34.2","","Opened","7.258","5","Unsafe","Calm","5.1","61","21.8","14.1","997.9","1009.2"
"2026-08-10","20:22:15","Clear","Dry","Very Light","1.3","28.6","3200","2","30.0","31%","34.2","","Opened","7.333","5","Unsafe","Calm","4.8","61","21.8","14.0","997.9","1009.2"
"2026-08-10","20:22:25","Clear","Dry","Very Light","1.3","28.6","3200","2","30.0","31%","34.1","","Opened","7.295","5","Unsafe","Calm","5.4","61","21.8","14.0","998.0","1009.3"
"2026-08-10","20:22:35","Clear","Dry","Very Light","1.5","28.6","3200","2","30.0","31%","34.1","","Opened","7.370","5","Unsafe","Calm","5.4","61","21.8","14.2","997.8","1009.1"
"2026-08-10","20:22:46","Clear","Dry","Very Light","1.2","28.6","3200","2","30.0","31%","34.1","","Opened","7.439","5","Unsafe","Calm","5.2","61","21.8","13.9","997.9","1009.2"
"2026-08-10","20:22:55","Clear","Dry","Very Light","1.4","28.6","3200","2","30.0","31%","34.0","","Opened","7.274","5","Unsafe","Calm","5.7","61","21.8","14.1","997.9","1009.2"
"2026-08-10","20:23:05","Clear","Dry","Very Light","1.3","28.6","3200","2","30.0","31%","34.0","","Opened","7.344","5","Unsafe","Calm","5.7","62","21.8","14.0","997.9","1009.2"
"2026-08-10","20:23:15","Clear","Dry","Very Light","1.4","28.6","3200","2","30.0","31%","34.0","","Opened","7.305","5","Unsafe","Calm","5.9","61","21.8","14.0","997.9","1009.2"
"2026-08-10","20:23:25","Clear","Dry","Very Light","1.5","28.6","3200","2","30.0","31%","34.0","","Opened","7.272","5","Unsafe","Calm","5.8","62","21.8","14.2","997.9","1009.2"
"2026-08-10","20:23:35","Clear","Dry","Very Light","1.3","28.6","3200","2","30.0","31%","33.8","","Opened","7.338","5","Unsafe","Calm","5.7","62","21.8","14.0","997.9","1009.2"
"2026-08-10","20:23:46","Clear","Dry","Very Light","1.3","28.6","3200","2","29.9","31%","33.8","","Opened","7.431","5","Unsafe","Calm","5.8","62","21.8","13.9","997.9","1009.2"
"2026-08-10","20:23:55","Clear","Dry","Very Light","1.4","28.5","3200","2","29.9","31%","33.8","","Opened","7.381","5","Unsafe","Calm","5.5","62","21.8","14.0","997.9","1009.2"
"2026-08-10","20:24:05","Clear","Dry","Very Light","1.4","28.5","3200","2","29.9","31%","33.8","","Opened","7.311","5","Unsafe","Calm","5.8","62","21.8","14.0","997.9","1009.2"
"2026-08-10","20:24:15","Clear","Dry","Very Light","1.4","28.5","3200","2","29.9","31%","33.8","","Opened","7.263","5","Unsafe","Calm","5.7","62","21.8","14.0","997.9","1009.2"
"2026-08-10","20:24:25","Clear","Dry","Very Light","1.4","28.5","3200","2","29.9","31%","33.8","","Opened","7.358","5","Unsafe","Calm","5.4","62","21.8","14.0","997.9","1009.2"
"2026-08-10","20:24:35","Clear","Dry","Very Light","1.5","28.5","3200","2","29.9","31%","33.8","","Opened","7.289","5","Unsafe","Calm","5.4","62","21.8","14.1","997.9","1009.2"
"2026-08-10","20:24:46","Clear","Dry","Very Light","1.4","28.5","3200","2","29.9","31%","33.8","","Opened","7.526","5","Unsafe","Calm","5.5","62","21.8","14.0","997.9","1009.2"
"2026-08-10","20:24:55","Clear","Dry","Very Light","1.3","28.5","3200","2","29.9","31%","33.8","","Opened","7.346","5","Unsafe","Calm","5.2","62","21.8","13.9","997.9","1009.2"
"2026-08-10","20:25:05","Clear","Dry","Very Light","1.3","28.5","3200","2","29.9","31%","33.8","","Opened","7.286","5","Unsafe","Calm","4.8","62","21.7","13.9","997.9","1009.2"
"2026-08-10","20:25:15","Clear","Dry","Very Light","1.4","28.4","3200","2","29.9","31%","34.0","","Opened","7.348","5","Unsafe","Calm","4.8","62","21.7","14.1","997.9","1009.2"
"2026-08-10","20:25:25","Clear","Dry","Very Light","1.4","28.4","3200","2","29.9","31%","34.0","","Opened","7.304","5","Unsafe","Calm","4.8","62","21.7","14.0","998.0","1009.3"
"2026-08-10","20:25:35","Clear","Dry","Very Light","1.3","28.4","3200","2","29.9","31%","34.0","","Opened","7.263","5","Unsafe","Calm","4.5","62","21.8","13.9","998.0","1009.3"
"2026-08-10","20:25:46","Clear","Dry","Very Light","1.5","28.4","3200","2","29.9","31%","34.0","","Opened","7.491","5","Unsafe","Calm","4.4","62","21.7","14.1","997.9","1009.2"
"2026-08-10","20:25:55","Clear","Dry","Very Light","1.4","28.4","3200","2","29.9","31%","34.0","","Opened","7.299","5","Unsafe","Calm","4.7","62","21.8","14.0","997.9","1009.2"
"2026-08-10","20:26:05","Clear","Dry","Very Light","1.3","28.4","3200","2","29.9","31%","33.8","","Opened","7.382","5","Unsafe","Calm","5.0","62","21.8","13.9","997.9","1009.2"
"2026-08-10","20:26:15","Clear","Dry","Very Light","1.3","28.4","3200","2","29.9","31%","33.8","","Opened","7.334","5","Unsafe","Calm","4.8","62","21.8","13.9","998.0","1009.3"
"2026-08-10","20:26:25","Clear","Dry","Very Light","1.4","28.4","3200","2","29.8","31%","34.0","","Opened","7.272","5","Unsafe","Calm","4.8","62","21.7","14.0","997.9","1009.2"
"2026-08-10","20:26:35","Clear","Dry","Very Light","1.5","28.4","3200","2","29.9","31%","34.0","","Opened","7.372","5","Unsafe","Calm","5.0","62","21.8","14.1","998.0","1009.3"
"2026-08-10","20:26:46","Clear","Dry","Very Light","1.5","28.4","3200","2","29.8","31%","34.0","","Opened","7.451","5","Unsafe","Calm","5.0","62","21.8","14.1","997.9","1009.2"
"2026-08-10","20:26:55","Clear","Dry","Very Light","1.3","28.3","3200","2","29.8","31%","34.0","","Opened","7.267","5","Unsafe","Calm","4.7","62","21.8","13.9","998.0","1009.3"
"2026-08-10","20:27:05","Clear","Dry","Very Light","1.5","28.3","3200","2","29.8","31%","33.8","","Opened","7.350","5","Unsafe","Calm","5.0","62","21.8","14.0","997.9","1009.2"
"2026-08-10","20:27:15","Clear","Dry","Very Light","1.4","28.3","3200","2","29.8","31%","33.8","","Opened","7.300","5","Unsafe","Calm","5.4","62","21.9","14.0","997.9","1009.2"
"2026-08-10","20:27:25","Clear","Dry","Very Light","1.4","28.3","3200","2","29.8","31%","33.7","","Opened","7.385","5","Unsafe","Calm","5.4","62","21.8","13.9","997.9","1009.2"
"2026-08-10","20:27:35","Clear","Dry","Very Light","1.5","28.3","3200","2","29.8","31%","33.7","","Opened","7.328","5","Unsafe","Calm","5.4","62","21.8","14.0","997.9","1009.2"
"2026-08-10","20:27:46","Clear","Dry","Very Light","1.4","28.3","3200","2","29.8","31%","33.7","","Opened","7.411","5","Unsafe","Calm","5.2","62","21.8","14.0","998.0","1009.3"
"2026-08-10","20:27:55","Clear","Dry","Very Light","1.4","28.3","3200","2","29.8","31%","33.7","","Opened","7.342","5","Unsafe","Calm","5.5","62","21.8","13.9","997.9","1009.2"
"2026-08-10","20:28:05","Clear","Dry","Very Light","1.4","28.3","3200","2","29.8","31%","33.7","","Opened","7.263","5","Unsafe","Calm","5.2","62","21.8","13.9","997.9","1009.2"
"2026-08-10","20:28:15","Clear","Dry","Very Light","1.3","28.3","3200","2","29.8","31%","33.8","","Opened","7.353","5","Unsafe","Calm","5.0","62","21.8","13.9","997.9","1009.2"
"2026-08-10","20:28:25","Clear","Dry","Very Light","1.4","28.3","3200","2","29.8","31%","33.8","","Opened","7.310","5","Unsafe","Calm","5.0","62","21.8","14.0","997.9","1009.2"
"2026-08-10","20:28:35","Clear","Dry","Very Light","1.4","28.2","3200","2","29.7","31%","33.7","","Opened","7.249","5","Unsafe","Calm","5.1","62","21.8","13.9","997.9","1009.2"
"2026-08-10","20:28:46","Clear","Dry","Very Light","1.3","28.2","3200","2","29.7","31%","33.7","","Opened","7.453","5","Unsafe","Calm","5.4","63","21.8","13.8","997.9","1009.2"
"2026-08-10","20:28:55","Clear","Dry","Very Light","1.5","28.2","3200","2","29.7","31%","33.7","","Opened","7.280","5","Unsafe","Calm","5.2","63","21.8","14.0","997.9","1009.2"
"2026-08-10","20:29:05","Clear","Dry","Very Light","1.5","28.2","3200","2","29.7","31%","33.7","","Opened","7.357","5","Unsafe","Calm","5.5","62","21.8","14.1","997.9","1009.2"
"2026-08-10","20:29:15","Clear","Dry","Very Light","1.3","28.2","3200","2","29.7","31%","33.7","","Opened","7.305","5","Unsafe","Calm","5.5","63","21.9","13.8","998.0","1009.3"
"2026-08-10","20:29:25","Clear","Dry","Very Light","1.5","28.2","3200","2","29.7","31%","33.7","","Opened","7.260","5","Unsafe","Calm","6.2","63","21.8","14.0","998.0","1009.3"
"2026-08-10","20:29:35","Clear","Dry","Very Light","1.3","28.2","3200","2","29.7","31%","33.6","","Opened","7.342","5","Unsafe","Calm","6.6","63","21.9","13.8","998.1","1009.4"
"2026-08-10","20:29:46","Clear","Dry","Very Light","1.5","28.2","3200","2","29.7","31%","33.6","","Opened","7.429","5","Unsafe","Calm","6.6","63","21.9","14.0","998.1","1009.4"
"2026-08-10","20:29:55","Clear","Dry","Very Light","1.3","28.3","3200","2","29.7","31%","33.5","","Opened","7.384","5","Unsafe","Calm","6.8","63","21.9","13.8","997.9","1009.2"
"2026-08-10","20:30:05","Clear","Dry","Very Light","1.6","28.2","3200","2","29.7","31%","33.6","","Opened","7.320","5","Unsafe","Calm","6.8","63","21.8","14.1","997.9","1009.2"
"2026-08-10","20:30:15","Clear","Dry","Very Light","1.4","28.2","3200","2","29.7","31%","33.5","","Opened","7.280","5","Unsafe","Calm","6.9","63","21.9","13.9","997.9","1009.3"
"2026-08-10","20:30:25","Clear","Dry","Very Light","1.5","28.3","3200","2","29.7","31%","33.5","","Opened","7.357","5","Unsafe","Calm","6.5","63","21.9","14.0","998.0","1009.3"
"2026-08-10","20:30:35","Clear","Dry","Very Light","1.4","28.2","3200","2","29.6","31%","33.5","","Opened","7.307","5","Unsafe","Calm","6.1","63","21.9","13.9","997.9","1009.3"
"2026-08-10","20:30:45","Clear","Dry","Very Light","1.4","28.2","3200","2","29.7","31%","33.5","","Opened","7.397","5","Unsafe","Calm","5.9","63","21.9","13.9","997.9","1009.3"
"2026-08-10","20:30:55","Clear","Dry","Very Light","1.3","28.2","3200","2","29.6","31%","33.5","","Opened","7.338","5","Unsafe","Calm","5.9","63","21.9","13.8","997.9","1009.3"
"2026-08-10","20:31:05","Clear","Dry","Very Light","1.6","28.2","3200","2","29.6","31%","33.5","","Opened","7.299","5","Unsafe","Calm","5.8","63","21.9","14.0","997.9","1009.3"
"2026-08-10","20:31:15","Clear","Dry","Very Light","1.5","28.2","3200","2","29.6","31%","33.5","","Opened","7.366","5","Unsafe","Calm","5.8","63","21.9","13.9","997.9","1009.3"
"2026-08-10","20:31:25","Clear","Dry","Very Light","1.7","28.2","3200","2","29.6","31%","33.4","","Opened","7.334","5","Unsafe","Calm","6.1","63","21.9","14.1","997.9","1009.3"
"2026-08-10","20:31:35","Clear","Dry","Very Light","1.5","28.2","3200","2","29.6","31%","33.4","","Opened","7.284","5","Unsafe","Calm","6.2","63","22.0","13.9","998.0","1009.3"
"2026-08-10","20:31:46","Clear","Dry","Very Light","1.4","28.2","3200","2","29.6","31%","33.4","","Opened","7.494","5","Unsafe","Calm","6.4","63","21.9","13.8","997.9","1009.3"
"2026-08-10","20:31:55","Clear","Dry","Very Light","1.5","28.2","3200","2","29.6","31%","33.4","","Opened","7.315","5","Unsafe","Calm","6.6","64","22.0","13.9","997.9","1009.3"
"2026-08-10","20:32:05","Clear","Dry","Very Light","1.5","28.2","3200","2","29.6","31%","33.4","","Opened","7.265","5","Unsafe","Calm","6.8","64","21.9","13.9","998.0","1009.3"
"2026-08-10","20:32:15","Clear","Dry","Very Light","1.5","28.2","3200","2","29.5","31%","33.4","","Opened","7.354","5","Unsafe","Calm","6.6","64","21.9","13.9","998.0","1009.3"
"2026-08-10","20:32:25","Clear","Dry","Very Light","1.5","28.2","3200","2","29.6","31%","33.4","","Opened","7.303","5","Unsafe","Calm","6.2","64","21.9","13.9","997.9","1009.3"
"2026-08-10","20:32:35","Clear","Dry","Very Light","1.6","28.2","3200","2","29.6","31%","33.4","","Opened","7.377","5","Unsafe","Calm","6.2","64","22.0","14.0","998.0","1009.3"
"2026-08-10","20:32:46","Clear","Dry","Very Light","1.5","28.2","3200","2","29.5","31%","33.4","","Opened","7.473","5","Unsafe","Calm","6.1","64","22.0","13.9","998.0","1009.3"
"2026-08-10","20:32:55","Clear","Dry","Very Light","1.5","28.2","3200","2","29.5","31%","33.3","","Opened","7.280","5","Unsafe","Calm","5.9","64","21.9","13.9","997.9","1009.3"
"2026-08-10","20:33:05","Clear","Dry","Very Light","1.6","28.2","3200","2","29.5","31%","33.3","","Opened","7.358","5","Unsafe","Calm","5.8","64","22.0","14.0","997.9","1009.3"
"2026-08-10","20:33:15","Clear","Dry","Very Light","1.3","28.2","3200","2","29.5","31%","33.3","","Opened","7.303","5","Unsafe","Calm","5.9","64","22.0","13.8","998.0","1009.3"
"2026-08-10","20:33:25","Clear","Dry","Very Light","1.5","28.2","3200","2","29.5","31%","33.3","","Opened","7.371","5","Unsafe","Calm","6.2","64","22.0","13.9","998.0","1009.3"
"2026-08-10","20:33:35","Clear","Dry","Very Light","1.6","28.2","3200","2","29.5","31%","33.2","","Opened","7.342","5","Unsafe","Calm","6.8","64","22.0","14.0","998.1","1009.4"
"2026-08-10","20:33:46","Clear","Dry","Very Light","1.5","28.1","3200","2","29.5","31%","33.2","Heating UP","Opened","7.578","5","Unsafe","Calm","7.1","65","22.1","13.9","998.0","1009.3"
"2026-08-10","20:33:55","Clear","Dry","Very Light","1.5","28.2","3200","2","29.5","32%","33.2","","Opened","7.326","5","Unsafe","Calm","7.2","64","22.0","13.9","997.9","1009.2"
"2026-08-10","20:34:06","Clear","Dry","Very Light","1.4","28.1","3200","2","29.5","32%","33.2","","Opened","7.467","5","Unsafe","Calm","7.3","64","22.0","13.8","997.9","1009.3"
"2026-08-10","20:34:15","Clear","Dry","Very Light","1.5","28.1","3200","2","29.5","32%","33.2","","Opened","7.170","5","Unsafe","Calm","7.3","65","22.1","13.9","998.0","1009.3"
"2026-08-10","20:34:25","Clear","Dry","Very Light","1.4","28.1","3200","2","29.5","32%","33.3","","Opened","7.249","5","Unsafe","Calm","6.8","64","22.0","13.8","997.9","1009.3"
"2026-08-10","20:34:36","Clear","Dry","Very Light","1.5","28.1","3200","2","29.4","32%","33.3","","Opened","7.380","5","Unsafe","Calm","5.8","64","22.0","13.9","998.0","1009.3"
"2026-08-10","20:34:46","Clear","Dry","Very Light","1.5","28.1","3200","2","29.4","32%","33.3","","Opened","7.594","5","Unsafe","Calm","5.8","64","22.0","13.8","997.9","1009.3"
"2026-08-10","20:34:55","Clear","Dry","Very Light","1.4","28.1","3200","2","29.4","32%","33.3","","Opened","7.331","5","Unsafe","Calm","5.5","64","22.0","13.8","997.9","1009.3"
"2026-08-10","20:35:05","Clear","Dry","Very Light","1.5","28.1","3200","2","29.4","32%","33.3","","Opened","7.265","5","Unsafe","Calm","5.5","64","22.0","13.8","998.0","1009.3"
"2026-08-10","20:35:16","Clear","Dry","Very Light","1.4","28.1","3200","2","29.4","32%","33.3","","Opened","7.355","5","Unsafe","Calm","5.5","65","22.1","13.7","998.0","1009.3"
"2026-08-10","20:35:25","Clear","Dry","Very Light","1.5","28.1","3200","2","29.4","32%","33.3","","Opened","7.294","5","Unsafe","Calm","6.1","65","22.0","13.9","998.0","1009.3"
"2026-08-10","20:35:36","Clear","Dry","Very Light","1.4","28.0","3200","2","29.4","32%","33.3","","Opened","7.375","5","Unsafe","Calm","6.4","65","22.1","13.7","998.0","1009.3"
"2026-08-10","20:35:46","Clear","Dry","Very Light","1.5","28.0","3200","2","29.4","32%","33.3","","Opened","7.453","5","Unsafe","Calm","6.5","65","22.1","13.9","998.1","1009.4"
"2026-08-10","20:35:56","Clear","Dry","Very Light","1.5","28.0","3200","2","29.4","32%","33.3","","Opened","7.377","5","Unsafe","Calm","6.6","65","22.1","13.8","998.0","1009.3"
"2026-08-10","20:36:06","Clear","Dry","Very Light","1.3","28.0","3200","2","29.4","32%","33.2","","Opened","7.310","5","Unsafe","Calm","6.4","65","22.1","13.7","998.0","1009.3"
"2026-08-10","20:36:15","Clear","Dry","Very Light","1.4","28.0","3200","2","29.3","32%","33.2","","Opened","7.248","5","Unsafe","Calm","6.6","65","22.1","13.8","998.1","1009.4"
"2026-08-10","20:36:26","Clear","Dry","Very Light","1.4","28.0","3200","2","29.3","32%","33.2","","Opened","7.294","5","Unsafe","Calm","6.5","65","22.2","13.7","997.9","1009.3"
"2026-08-10","20:36:36","Clear","Dry","Very Light","1.4","28.0","3200","2","29.3","32%","33.2","","Opened","7.357","5","Unsafe","Calm","6.5","65","22.1","13.7","998.1","1009.4"
"2026-08-10","20:36:46","Clear","Dry","Very Light","1.5","28.0","3200","2","29.3","32%","33.2","","Opened","7.483","5","Unsafe","Calm","6.2","65","22.2","13.8","998.1","1009.5"
"2026-08-10","20:36:56","Clear","Dry","Very Light","1.5","28.0","3200","2","29.3","32%","33.2","","Opened","7.779","5","Unsafe","Calm","6.4","65","22.1","13.8","998.0","1009.3"
"2026-08-10","20:37:06","Clear","Dry","Very Light","1.6","28.0","3200","2","29.3","32%","33.2","","Opened","7.346","5","Unsafe","Calm","6.8","65","22.1","13.9","998.0","1009.3"
"2026-08-10","20:37:16","Clear","Dry","Very Light","1.6","28.0","3200","2","29.3","32%","33.2","","Opened","7.293","5","Unsafe","Calm","6.6","65","22.1","13.8","998.0","1009.3"
"2026-08-10","20:37:25","Clear","Dry","Very Light","1.4","28.0","3200","2","29.3","32%","33.1","","Opened","7.262","5","Unsafe","Calm","6.6","65","22.2","13.7","998.0","1009.3"
"2026-08-10","20:37:36","Clear","Dry","Very Light","1.4","27.9","3200","2","29.3","32%","33.1","","Opened","7.342","5","Unsafe","Calm","6.8","65","22.2","13.7","998.0","1009.3"
"2026-08-10","20:37:46","Clear","Dry","Very Light","1.4","27.9","3200","2","29.3","32%","33.1","","Opened","7.466","5","Unsafe","Calm","7.2","66","22.2","13.7","997.9","1009.3"
"2026-08-10","20:37:56","Clear","Dry","Very Light","1.4","28.0","3200","2","29.3","32%","33.1","","Opened","7.375","5","Unsafe","Calm","7.1","66","22.2","13.7","998.1","1009.4"
"2026-08-10","20:38:06","Clear","Dry","Very Light","1.5","27.9","3200","2","29.3","32%","33.1","","Opened","7.328","5","Unsafe","Calm","6.6","66","22.2","13.7","997.9","1009.3"
"2026-08-10","20:38:16","Clear","Dry","Very Light","1.4","27.9","3200","2","29.2","32%","33.1","","Opened","7.279","5","Unsafe","Calm","6.6","66","22.2","13.7","997.9","1009.3"
"2026-08-10","20:38:26","Clear","Dry","Very Light","1.6","27.9","3200","2","29.2","32%","33.2","","Opened","7.346","5","Unsafe","Calm","6.5","66","22.2","13.8","998.1","1009.4"
"2026-08-10","20:38:36","Clear","Dry","Very Light","1.6","27.9","3200","2","29.2","32%","33.2","","Opened","7.295","5","Unsafe","Calm","6.4","66","22.2","13.8","998.0","1009.3"
"2026-08-10","20:38:46","Clear","Dry","Very Light","1.4","27.9","3200","3","29.2","32%","33.2","","Opened","7.498","5","Unsafe","Calm","5.9","66","22.2","13.7","997.9","1009.3"
"2026-08-10","20:38:56","Clear","Dry","Very Light","1.5","27.9","3200","5","29.2","32%","33.1","","Opened","7.309","5","Unsafe","Calm","5.8","66","22.2","13.7","998.1","1009.4"
"2026-08-10","20:39:05","Clear","Dry","Light","1.5","27.9","3200","7","29.2","32%","33.2","","Opened","7.264","5","Unsafe","Calm","5.8","66","22.2","13.7","998.0","1009.3"
"2026-08-10","20:39:16","Clear","Dry","Light","1.5","27.9","3200","9","29.2","32%","33.1","","Opened","7.357","5","Unsafe","Calm","5.8","66","22.2","13.7","998.1","1009.4"
"2026-08-10","20:39:26","Clear","Dry","Light","1.5","27.9","3200","11","29.2","32%","33.1","","Opened","7.310","5","Unsafe","Calm","5.8","66","22.3","13.7","998.0","1009.3"
"2026-08-10","20:39:36","Clear","Dry","Light","1.6","27.9","3200","14","29.2","32%","33.1","","Opened","7.402","5","Unsafe","Calm","6.2","66","22.2","13.8","998.0","1009.3"
"2026-08-10","20:39:46","Clear","Dry","Light","1.6","27.9","3200","16","29.2","32%","33.0","","Opened","7.811","5","Unsafe","Calm","6.4","66","22.3","13.9","998.0","1009.3"
"2026-08-10","20:39:56","Clear","Dry","Light","1.3","27.9","3200","19","29.2","32%","33.0","","Opened","7.357","5","Unsafe","Calm","6.2","66","22.3","13.5","998.0","1009.3"
"2026-08-10","20:40:06","Clear","Dry","Light","1.5","27.9","3200","21","29.2","32%","33.0","","Opened","7.388","5","Unsafe","Calm","6.6","66","22.2","13.8","998.0","1009.3"
"2026-08-10","20:40:16","Clear","Dry","Light","1.5","27.9","3200","24","29.2","32%","33.0","","Opened","7.545","5","Unsafe","Calm","6.9","66","22.3","13.7","997.9","1009.3"
"2026-08-10","20:40:26","Clear","Dry","Light","1.5","27.9","3200","27","29.2","32%","33.0","","Opened","7.404","5","Unsafe","Calm","6.9","66","22.3","13.7","998.0","1009.3"
"2026-08-10","20:40:36","Clear","Dry","Light","1.6","27.9","3200","29","29.2","32%","32.9","","Opened","7.372","5","Unsafe","Calm","6.9","66","22.3","13.8","998.1","1009.4"
"2026-08-10","20:40:46","Clear","Dry","Light","1.5","27.9","3200","32","29.1","32%","32.9","","Opened","7.576","5","Unsafe","Calm","6.5","67","22.3","13.7","998.0","1009.3"
"2026-08-10","20:40:56","Clear","Dry","Light","1.6","27.9","3200","35","29.1","32%","32.9","","Opened","7.358","5","Unsafe","Calm","6.6","67","22.3","13.8","998.0","1009.3"
"2026-08-10","20:41:06","Clear","Dry","Light","1.5","27.9","3200","38","29.1","32%","33.0","","Opened","7.326","5","Unsafe","Calm","6.2","67","22.3","13.7","998.1","1009.4"
"2026-08-10","20:41:16","Clear","Dry","Light","1.5","27.9","3200","41","29.1","32%","33.0","","Opened","7.317","5","Unsafe","Calm","5.9","67","22.3","13.7","998.0","1009.3"
"2026-08-10","20:41:26","Clear","Dry","Light","1.4","27.9","3200","45","29.1","32%","33.0","","Opened","7.576","5","Unsafe","Calm","6.2","67","22.3","13.6","998.1","1009.4"
"2026-08-10","20:41:36","Clear","Dry","Light","1.5","27.9","3200","48","29.1","32%","33.0","","Opened","7.420","5","Unsafe","Calm","6.1","67","22.3","13.7","998.1","1009.4"
"2026-08-10","20:41:46","Clear","Dry","Light","1.5","27.9","3200","52","29.1","32%","33.0","","Opened","7.558","5","Unsafe","Calm","6.4","67","22.3","13.7","998.0","1009.3"
"2026-08-10","20:41:56","Clear","Dry","Light","1.4","27.8","3200","56","29.1","32%","33.0","","Opened","7.329","5","Unsafe","Calm","6.4","67","22.3","13.6","998.1","1009.4"
"2026-08-10","20:42:06","Clear","Dry","Light","1.4","27.8","3200","60","29.1","32%","33.0","","Opened","7.286","5","Unsafe","Calm","6.2","67","22.3","13.6","998.1","1009.4"
"2026-08-10","20:42:16","Clear","Dry","Light","1.4","27.8","3200","64","29.1","32%","33.0","","Opened","7.350","5","Unsafe","Calm","5.9","67","22.3","13.6","998.1","1009.4"
"2026-08-10","20:42:26","Clear","Dry","Light","1.5","27.8","3200","68","29.1","32%","33.1","","Opened","7.295","5","Unsafe","Calm","5.8","67","22.3","13.7","998.0","1009.3"
"2026-08-10","20:42:36","Clear","Dry","Light","1.4","27.8","3200","72","29.1","32%","33.0","","Opened","7.618","5","Unsafe","Calm","5.9","67","22.3","13.6","998.0","1009.3"
"2026-08-10","20:42:46","Clear","Dry","Light","1.5","27.8","3200","77","29.1","32%","32.9","","Opened","7.444","5","Unsafe","Calm","6.2","67","22.3","13.7","998.0","1009.3"
"2026-08-10","20:42:56","Clear","Dry","Light","1.5","27.8","3200","82","29.1","32%","32.9","","Opened","7.376","5","Unsafe","Calm","6.5","67","22.3","13.7","998.0","1009.3"
"2026-08-10","20:43:06","Clear","Dry","Light","1.6","27.8","3200","87","29.1","32%","32.9","","Opened","7.409","5","Unsafe","Calm","6.9","67","22.4","13.8","998.0","1009.3"
"2026-08-10","20:43:16","Clear","Dry","Light","1.5","27.8","3200","92","29.1","32%","32.8","Heating UP","Opened","7.501","5","Unsafe","Calm","7.1","67","22.4","13.7","998.0","1009.3"
"2026-08-10","20:43:26","Clear","Dry","Light","1.5","27.8","3200","97","29.0","33%","32.8","","Opened","7.373","5","Unsafe","Calm","6.9","67","22.3","13.6","998.1","1009.4"
"2026-08-10","20:43:36","Clear","Dry","Light","1.6","27.8","3200","103","29.0","33%","32.8","","Opened","7.340","5","Unsafe","Calm","6.9","67","22.4","13.7","998.1","1009.5"
"2026-08-10","20:43:46","Clear","Dry","Light","1.5","27.8","3200","110","29.0","33%","32.8","","Opened","7.559","5","Unsafe","Calm","6.9","67","22.4","13.7","998.0","1009.3"
"2026-08-10","20:43:56","Clear","Dry","Light","1.7","27.8","3200","116","29.0","33%","32.8","","Opened","7.368","5","Unsafe","Windy","7.5","68","22.4","13.8","998.0","1009.3"
"2026-08-10","20:44:06","Clear","Dry","Light","1.6","27.8","3200","123","29.0","33%","32.6","Heating UP","Opened","7.957","5","Unsafe","Windy","7.6","68","22.4","13.7","998.0","1009.3"
"2026-08-10","20:44:16","Clear","Dry","Light","1.5","27.8","3200","130","29.0","34%","32.6","Heating UP","Opened","7.481","5","Unsafe","Windy","7.8","68","22.4","13.6","998.1","1009.5"
"2026-08-10","20:44:26","Clear","Dry","Light","1.5","27.8","3200","137","29.0","35%","32.8","","Opened","7.360","5","Unsafe","Windy","7.8","68","22.4","13.6","998.1","1009.4"
"2026-08-10","20:44:36","Clear","Dry","Light","1.6","27.8","3200","145","29.0","35%","32.8","","Opened","7.317","5","Unsafe","Windy","8.0","68","22.4","13.7","998.1","1009.4"
"2026-08-10","20:44:46","Clear","Dry","Light","1.5","27.8","3200","152","29.0","35%","32.6","Heating UP","Opened","7.746","5","Unsafe","Windy","7.8","68","22.5","13.6","998.1","1009.5"
"2026-08-10","20:44:56","Clear","Dry","Light","1.5","27.8","3200","161","28.9","36%","32.8","","Opened","7.319","5","Unsafe","Calm","6.9","68","22.5","13.6","998.0","1009.3"
"2026-08-10","20:45:06","Clear","Dry","Light","1.6","27.8","3200","169","28.9","36%","32.8","","Opened","7.393","5","Unsafe","Calm","6.6","68","22.4","13.7","998.1","1009.5"
"2026-08-10","20:45:16","Clear","Dry","Light","1.5","27.8","3200","178","28.9","36%","32.9","","Opened","7.348","5","Unsafe","Calm","6.4","68","22.5","13.6","998.1","1009.5"
"2026-08-10","20:45:26","Clear","Dry","Light","1.5","27.8","3200","188","28.9","36%","32.9","","Opened","7.300","5","Unsafe","Calm","6.1","68","22.4","13.6","998.1","1009.5"
"2026-08-10","20:45:36","Clear","Dry","Light","1.5","27.7","3200","197","29.0","36%","33.0","","Opened","7.382","5","Unsafe","Calm","5.5","68","22.4","13.6","998.1","1009.5"
"2026-08-10","20:45:46","Clear","Dry","Light","1.5","27.7","3200","208","28.9","36%","33.0","","Opened","7.489","5","Unsafe","Calm","5.2","68","22.5","13.6","998.1","1009.4"
"2026-08-10","20:45:56","Clear","Dry","Light","1.5","27.7","3200","219","28.9","36%","33.1","","Opened","7.285","5","Unsafe","Calm","5.4","68","22.4","13.6","998.1","1009.5"
"2026-08-10","20:46:06","Clear","Dry","Light","1.7","27.7","3200","229","28.9","36%","33.0","","Opened","7.308","5","Unsafe","Calm","5.7","68","22.5","13.8","998.1","1009.4"
"2026-08-10","20:46:16","Clear","Dry","Light","1.6","27.7","3200","240","28.9","36%","33.0","","Opened","7.451","5","Unsafe","Calm","6.1","68","22.5","13.7","998.1","1009.4"
"2026-08-10","20:46:26","Clear","Dry","Light","1.6","27.7","3200","252","28.9","36%","33.0","","Opened","7.283","5","Unsafe","Calm","6.4","68","22.5","13.7","998.2","1009.5"
"2026-08-10","20:46:36","Clear","Dry","Light","1.5","27.7","3200","263","28.9","36%","33.1","","Opened","7.370","5","Unsafe","Calm","6.1","68","22.5","13.5","998.1","1009.4"
"2026-08-10","20:46:46","Clear","Dry","Light","1.6","27.7","3200","276","28.9","36%","33.1","","Opened","7.545","5","Unsafe","Calm","6.4","68","22.5","13.7","998.1","1009.5"
"2026-08-10","20:46:56","Clear","Dry","Light","1.4","27.7","3200","288","28.9","36%","33.1","","Opened","7.477","5","Unsafe","Calm","6.1","68","22.5","13.5","998.1","1009.5"
"2026-08-10","20:47:06","Clear","Dry","Light","1.6","27.7","3200","301","28.9","36%","33.1","","Opened","7.325","5","Unsafe","Calm","5.9","68","22.5","13.6","998.1","1009.4"
"2026-08-10","20:47:16","Clear","Dry","Light","1.6","27.7","3200","316","28.9","36%","33.0","","Opened","7.289","5","Unsafe","Calm","5.7","69","22.5","13.7","998.1","1009.4"
"2026-08-10","20:47:26","Clear","Dry","Light","1.4","27.7","3200","328","28.9","36%","33.1","","Opened","7.334","5","Unsafe","Calm","5.9","69","22.5","13.5","998.1","1009.4"
"2026-08-10","20:47:36","Clear","Dry","Light","1.6","27.7","3200","342","28.8","36%","33.0","","Opened","7.279","5","Unsafe","Calm","6.2","69","22.5","13.6","998.1","1009.5"
"2026-08-10","20:47:46","Clear","Dry","Light","1.6","27.7","3200","357","28.9","36%","33.0","","Opened","7.566","5","Unsafe","Calm","6.4","69","22.5","13.7","998.1","1009.5"
"2026-08-10","20:47:56","Clear","Dry","Light","1.5","27.7","3200","373","28.8","36%","33.0","","Opened","7.319","5","Unsafe","Calm","6.9","69","22.5","13.6","998.2","1009.5"
"2026-08-10","20:48:05","Clear","Dry","Light","1.5","27.7","3200","390","28.8","36%","33.0","","Opened","7.257","5","Unsafe","Calm","6.8","69","22.5","13.6","998.1","1009.5"
"2026-08-10","20:48:16","Clear","Dry","Light","1.5","27.7","3200","406","28.8","36%","33.0","","Opened","7.336","5","Unsafe","Calm","6.9","69","22.5","13.6","998.1","1009.5"
"2026-08-10","20:48:26","Clear","Dry","Light","1.5","27.7","3200","420","28.8","36%","33.0","","Opened","7.302","5","Unsafe","Calm","6.6","69","22.5","13.6","998.0","1009.3"
"2026-08-10","20:48:36","Clear","Dry","Light","1.7","27.7","3200","436","28.8","36%","33.0","","Opened","7.440","5","Unsafe","Calm","6.9","69","22.5","13.7","998.1","1009.4"
"2026-08-10","20:48:46","Clear","Dry","Light","1.5","27.7","3200","451","28.8","36%","32.9","","Opened","7.504","5","Unsafe","Calm","6.8","69","22.5","13.5","998.1","1009.4"
"2026-08-10","20:48:56","Clear","Dry","Light","1.5","27.7","3200","473","28.8","36%","33.0","","Opened","7.322","5","Unsafe","Calm","6.5","69","22.5","13.5","998.1","1009.5"
"2026-08-10","20:49:06","Clear","Dry","Light","1.4","27.7","3200","490","28.8","36%","33.0","","Opened","7.474","5","Unsafe","Calm","6.5","69","22.5","13.4","998.1","1009.4"
"2026-08-10","20:49:16","Clear","Dry","Light","1.5","27.6","3200","511","28.8","36%","33.1","","Opened","7.356","5","Unsafe","Calm","6.4","69","22.5","13.5","998.1","1009.5"
"2026-08-10","20:49:26","Clear","Dry","Light","1.4","27.6","3200","529","28.8","36%","33.1","Heating DOWN","Opened","7.464","5","Unsafe","Calm","6.2","69","22.5","13.4","998.1","1009.5"
"2026-08-10","20:49:36","Clear","Dry","Light","1.4","27.6","3200","547","28.8","35%","33.1","Heating DOWN","Opened","7.622","5","Unsafe","Calm","5.7","69","22.5","13.5","998.1","1009.4"
"2026-08-10","20:49:46","Clear","Dry","Light","1.4","27.6","3200","567","28.8","34%","33.2","Heating DOWN","Opened","7.675","5","Unsafe","Calm","5.2","69","22.5","13.4","998.1","1009.4"
"2026-08-10","20:49:56","Clear","Dry","Light","1.4","27.6","3200","595","28.8","33%","33.2","Heating DOWN","Opened","7.425","5","Unsafe","Calm","4.8","69","22.5","13.4","998.1","1009.5"
"2026-08-10","20:50:06","Clear","Dry","Light","1.5","27.5","3200","612","28.8","32%","33.2","Heating DOWN","Opened","7.611","5","Unsafe","Calm","4.5","69","22.5","13.6","998.2","1009.5"
"2026-08-10","20:50:16","Clear","Dry","Light","1.5","27.5","3200","634","28.8","31%","33.1","","Opened","7.367","5","Unsafe","Calm","4.5","69","22.6","13.5","998.1","1009.4"
"2026-08-10","20:50:26","Clear","Dry","Light","1.5","27.5","3200","660","28.8","31%","33.1","Heating DOWN","Opened","7.454","5","Unsafe","Calm","4.7","69","22.5","13.5","998.2","1009.5"
"2026-08-10","20:50:36","Clear","Dry","Light","1.5","27.5","3200","683","28.8","30%","33.1","Heating DOWN","Opened","7.458","5","Unsafe","Calm","4.8","69","22.5","13.5","998.1","1009.5"
"2026-08-10","20:50:46","Clear","Dry","Light","1.4","27.5","3200","708","28.7","29%","33.1","Heating DOWN","Opened","7.658","5","Unsafe","Calm","5.1","69","22.5","13.4","998.1","1009.5"
"2026-08-10","20:50:56","Clear","Dry","Light","1.5","27.5","3200","740","28.7","28%","33.0","","Opened","7.353","5","Unsafe","Calm","5.4","69","22.5","13.5","998.1","1009.5"
"2026-08-10","20:51:06","Clear","Dry","Light","1.5","27.5","3200","762","28.8","28%","33.0","","Opened","7.336","5","Unsafe","Calm","5.5","69","22.5","13.5","998.1","1009.5"
"2026-08-10","20:51:16","Clear","Dry","Light","1.5","27.5","3200","799","28.8","28%","33.0","","Opened","7.298","5","Unsafe","Calm","5.7","69","22.5","13.5","998.2","1009.5"
"2026-08-10","20:51:26","Clear","Dry","Light","1.5","27.5","3200","825","28.7","28%","32.9","","Opened","7.485","5","Unsafe","Calm","5.7","69","22.5","13.5","998.1","1009.5"
"2026-08-10","20:51:36","Clear","Dry","Light","1.5","27.5","3200","853","28.7","28%","32.8","","Opened","7.426","5","Unsafe","Calm","5.7","69","22.5","13.5","998.3","1009.7"
"2026-08-10","20:51:46","Clear","Dry","Light","1.7","27.5","3200","899","28.7","28%","32.8","","Opened","7.519","5","Unsafe","Calm","5.8","69","22.5","13.7","998.1","1009.5"
"2026-08-10","20:51:56","Clear","Dry","Light","1.6","27.5","3200","932","28.7","28%","32.6","","Opened","7.449","5","Unsafe","Calm","5.9","69","22.5","13.6","998.3","1009.6"
"2026-08-10","20:52:06","Clear","Dry","Light","1.6","27.5","3200","949","28.7","28%","32.5","","Opened","7.314","5","Unsafe","Calm","6.1","69","22.5","13.6","998.2","1009.5"
"2026-08-10","20:52:16","Clear","Dry","Light","1.7","27.5","3200","986","28.7","28%","32.5","","Opened","7.345","5","Unsafe","Calm","6.1","69","22.6","13.6","998.3","1009.6"
"2026-08-10","20:52:26","Clear","Dry","Light","1.6","27.5","3200","1025","28.7","28%","32.5","","Opened","7.347","5","Unsafe","Calm","6.1","69","22.6","13.6","998.2","1009.5"
"2026-08-10","20:52:36","Clear","Dry","Light","1.5","27.5","3200","1067","28.7","28%","32.5","","Opened","7.339","5","Unsafe","Calm","6.1","69","22.6","13.4","998.3","1009.6"
"2026-08-10","20:52:46","Clear","Dry","Light","1.7","27.5","3200","1113","28.7","28%","32.5","","Opened","7.496","5","Unsafe","Calm","5.9","69","22.5","13.7","998.1","1009.5"
"2026-08-10","20:52:56","Clear","Dry","Light","1.7","27.5","3200","1138","28.7","28%","32.4","","Opened","7.325","5","Unsafe","Calm","5.8","69","22.6","13.7","998.1","1009.5"
"2026-08-10","20:53:06","Clear","Dry","Light","1.8","27.5","3200","1189","28.7","28%","32.4","","Opened","7.335","5","Unsafe","Calm","5.7","70","22.6","13.7","998.2","1009.5"
"2026-08-10","20:53:16","Clear","Dry","Light","1.7","27.5","3200","1246","28.7","28%","32.4","","Opened","7.482","5","Unsafe","Calm","5.5","70","22.6","13.6","998.2","1009.5"
"2026-08-10","20:53:26","Clear","Dry","Light","1.6","27.5","3200","1292","28.7","28%","32.4","","Opened","7.301","5","Unsafe","Calm","5.5","70","22.6","13.5","998.2","1009.5"
"2026-08-10","20:53:36","Clear","Dry","Light","1.6","27.5","3200","1308","28.7","28%","32.3","Heating UP","Opened","7.517","5","Unsafe","Calm","5.5","70","22.6","13.6","998.2","1009.5"
"2026-08-10","20:53:46","Clear","Dry","Light","1.5","27.4","3200","1376","28.7","29%","32.3","Heating UP","Opened","7.586","5","Unsafe","Calm","5.5","70","22.6","13.5","998.3","1009.7"
"2026-08-10","20:53:56","Clear","Dry","Light","1.5","27.4","3200","1413","28.7","30%","32.4","","Opened","7.291","5","Unsafe","Calm","5.2","70","22.6","13.5","998.2","1009.5"
"2026-08-10","20:54:06","Clear","Dry","Light","1.8","27.4","3200","1492","28.7","30%","32.4","","Opened","7.418","5","Unsafe","Calm","5.2","69","22.5","13.7","998.2","1009.5"
"2026-08-10","20:54:15","Clear","Dry","Light","1.7","27.4","3200","1535","28.7","30%","32.3","Heating UP","Opened","7.119","5","Unsafe","Calm","5.4","70","22.6","13.7","998.2","1009.5"
"2026-08-10","20:54:25","Clear","Dry","Light","1.6","27.4","3200","1581","28.7","31%","32.3","Heating UP","Opened","7.023","5","Unsafe","Calm","5.4","70","22.7","13.5","998.1","1009.5"
"2026-08-10","20:54:36","Clear","Dry","Light","1.7","27.4","3200","1629","28.6","32%","32.3","Heating UP","Opened","7.396","5","Unsafe","Calm","5.7","70","22.6","13.6","998.2","1009.5"
"2026-08-10","20:54:45","Clear","Dry","Light","1.7","27.4","3200","1680","28.6","33%","32.3","","Opened","7.044","5","Unsafe","Calm","5.8","70","22.6","13.6","998.3","1009.6"
"2026-08-10","20:54:55","Clear","Dry","Light","1.8","27.4","3200","1792","28.6","33%","32.3","","Opened","6.983","5","Unsafe","Calm","6.2","70","22.6","13.7","998.3","1009.6"
"2026-08-10","20:55:05","Clear","Dry","Light","1.6","27.4","3200","1854","28.6","33%","32.3","","Opened","7.215","5","Unsafe","Calm","5.9","70","22.6","13.5","998.2","1009.5"
"2026-08-10","20:55:16","Clear","Dry","Light","1.8","27.4","3200","1919","28.6","33%","32.4","","Opened","7.325","5","Unsafe","Calm","6.2","70","22.6","13.7","998.2","1009.5"
"2026-08-10","20:55:26","Clear","Dry","Light","1.7","27.4","3200","1990","28.6","33%","32.3","","Opened","7.274","5","Unsafe","Calm","6.5","70","22.7","13.6","998.2","1009.5"
"2026-08-10","20:55:35","Clear","Dry","Light","1.7","27.4","3200","2066","28.6","33%","32.4","","Opened","7.225","5","Unsafe","Calm","6.1","70","22.6","13.6","998.2","1009.5"
"2026-08-10","20:55:46","Clear","Dry","Light","1.6","27.4","3200","2066","28.6","33%","32.4","","Opened","7.521","5","Unsafe","Calm","5.9","70","22.6","13.5","998.2","1009.5"
"2026-08-10","20:55:56","Clear","Dry","Light","1.6","27.3","3200","2147","28.6","33%","32.5","","Opened","7.336","5","Unsafe","Calm","5.7","70","22.6","13.5","998.2","1009.5"
"2026-08-10","20:56:05","Clear","Dry","Light","1.9","27.3","3200","2236","28.6","33%","32.6","","Opened","6.906","5","Unsafe","Calm","6.2","70","22.7","13.8","998.2","1009.5"
"2026-08-10","20:56:15","Clear","Dry","Light","1.7","27.4","3200","2331","28.6","33%","32.5","","Opened","7.119","5","Unsafe","Calm","6.1","70","22.7","13.6","998.3","1009.7"
"2026-08-10","20:56:25","Clear","Dry","Light","1.7","27.4","3200","2435","28.6","33%","32.5","","Opened","6.984","5","Unsafe","Calm","5.9","70","22.7","13.6","998.2","1009.5"
"2026-08-10","20:56:36","Clear","Dry","Light","1.6","27.4","3200","2548","28.6","33%","32.5","","Opened","7.362","5","Unsafe","Calm","6.1","70","22.7","13.5","998.2","1009.5"
"2026-08-10","20:56:46","Clear","Dry","Light","1.6","27.4","3200","2672","28.6","33%","32.5","","Opened","7.718","5","Unsafe","Calm","6.2","70","22.7","13.5","998.3","1009.6"
"2026-08-10","20:56:56","Clear","Dry","Light","1.6","27.3","3200","2672","28.6","33%","32.5","","Opened","7.324","5","Unsafe","Calm","6.4","70","22.6","13.5","998.3","1009.6"
"2026-08-10","20:57:06","Clear","Dry","Light","1.7","27.3","3200","2808","28.6","33%","32.5","","Opened","7.298","5","Unsafe","Calm","6.2","70","22.7","13.6","998.3","1009.7"
"2026-08-10","20:57:16","Clear","Dry","Light","1.6","27.3","3200","2959","28.6","33%","32.5","","Opened","7.349","5","Unsafe","Calm","6.1","71","22.7","13.5","998.2","1009.5"
"2026-08-10","20:57:26","Clear","Dry","Light","1.7","27.3","3200","2959","28.5","33%","32.5","","Opened","7.313","5","Unsafe","Calm","6.1","71","22.7","13.6","998.3","1009.6"
"2026-08-10","20:57:36","Clear","Dry","Light","1.6","27.4","3200","3127","28.6","33%","32.5","","Opened","7.272","5","Unsafe","Calm","6.1","71","22.7","13.5","998.3","1009.6"
"2026-08-10","20:57:46","Clear","Dry","Light","1.6","27.3","3200","3127","28.6","33%","32.5","","Opened","7.396","5","Unsafe","Calm","5.9","71","22.7","13.5","998.2","1009.5"
"2026-08-10","20:57:55","Clear","Dry","Light","1.6","27.3","3200","3314","28.5","33%","32.5","","Opened","6.934","5","Unsafe","Calm","6.1","71","22.7","13.5","998.3","1009.6"
"2026-08-10","20:58:06","Clear","Dry","Light","1.7","27.3","3200","3525","28.5","33%","32.5","","Opened","7.280","5","Unsafe","Calm","6.1","71","22.7","13.6","998.3","1009.7"
"2026-08-10","20:58:15","Clear","Dry","Light","1.5","27.3","3200","3525","28.5","33%","32.5","","Opened","7.116","5","Unsafe","Calm","5.9","71","22.7","13.4","998.2","1009.5"
"2026-08-10","20:58:25","Clear","Dry","Light","1.7","27.3","3200","3763","28.5","33%","32.5","","Opened","7.084","5","Unsafe","Calm","5.8","71","22.7","13.6","998.3","1009.6"
"2026-08-10","20:58:35","Clear","Dry","Light","1.6","27.3","3200","3763","28.5","33%","32.5","","Opened","6.923","5","Unsafe","Calm","5.8","71","22.7","13.5","998.3","1009.7"
"2026-08-10","20:58:46","Clear","Dry","Light","1.7","27.3","3200","4036","28.5","33%","32.5","","Opened","7.421","5","Unsafe","Calm","5.8","71","22.7","13.6","998.3","1009.7"
"2026-08-10","20:58:55","Clear","Dry","Light","1.5","27.3","3200","4036","28.5","33%","32.6","","Opened","7.092","5","Unsafe","Calm","5.5","71","22.7","13.4","998.3","1009.6"
"2026-08-10","20:59:05","Clear","Dry","Light","1.8","27.3","3200","4351","28.5","33%","32.6","","Opened","7.180","5","Unsafe","Calm","5.2","71","22.7","13.7","998.3","1009.6"
"2026-08-10","20:59:15","Clear","Dry","Light","1.6","27.3","3200","4351","28.5","33%","32.6","","Opened","7.263","5","Unsafe","Calm","5.1","71","22.7","13.5","998.3","1009.6"
"2026-08-10","20:59:26","Clear","Dry","Light","1.6","27.3","3200","4718","28.5","33%","32.6","","Opened","7.332","5","Unsafe","Calm","5.2","71","22.7","13.5","998.3","1009.7"
"2026-08-10","20:59:35","Clear","Dry","Light","1.8","27.3","3200","4718","28.5","33%","32.6","","Opened","7.167","5","Unsafe","Calm","5.8","71","22.7","13.7","998.3","1009.7"
"2026-08-10","20:59:46","Clear","Dry","Light","1.8","27.3","3200","4718","28.5","33%","32.6","","Opened","7.417","5","Unsafe","Calm","6.5","71","22.8","13.7","998.3","1009.6"
"2026-08-10","20:59:55","Clear","Dry","Dark","1.8","27.3","3200","5152","28.5","33%","32.5","","Opened","7.087","5","Unsafe","Calm","6.8","71","22.8","13.7","998.4","1009.7"
"2026-08-10","21:00:05","Clear","Dry","Dark","1.8","27.3","3200","5152","28.5","33%","32.5","","Opened","7.163","5","Unsafe","Calm","6.9","71","22.8","13.7","998.3","1009.6"
"2026-08-10","21:00:15","Clear","Dry","Dark","1.6","27.3","3200","5152","28.5","33%","32.6","","Opened","7.122","5","Unsafe","Calm","6.8","71","22.8","13.4","998.3","1009.6"
"2026-08-10","21:00:25","Clear","Dry","Dark","1.7","27.3","3200","5673","28.5","33%","32.6","","Opened","7.077","5","Unsafe","Calm","5.7","71","22.7","13.5","998.3","1009.7"
"2026-08-10","21:00:36","Clear","Dry","Dark","2.0","27.3","3200","5673","28.5","33%","32.6","","Opened","7.348","5","Unsafe","Calm","5.6","71","22.7","13.8","998.3","1009.6"
"2026-08-10","21:00:46","Clear","Dry","Dark","1.6","27.3","3200","5673","28.5","33%","32.6","","Opened","7.467","5","Unsafe","Calm","4.9","71","22.8","13.5","998.3","1009.6"
"2026-08-10","21:00:56","Clear","Dry","Dark","1.6","27.3","3200","6309","28.5","33%","32.6","","Opened","7.401","5","Unsafe","Calm","4.7","71","22.7","13.5","998.3","1009.7"
"2026-08-10","21:01:06","Clear","Dry","Dark","1.6","27.3","3200","6309","28.5","33%","32.6","","Opened","7.366","5","Unsafe","Calm","4.7","71","22.8","13.4","998.3","1009.7"
"2026-08-10","21:01:15","Clear","Dry","Dark","1.7","27.3","3200","6309","28.5","33%","32.6","","Opened","7.191","5","Unsafe","Calm","5.2","71","22.8","13.5","998.3","1009.7"
"2026-08-10","21:01:26","Clear","Dry","Dark","1.8","27.3","3200","7105","28.5","33%","32.6","","Opened","7.287","5","Unsafe","Calm","6.4","71","22.8","13.7","998.3","1009.6"
"2026-08-10","21:01:36","Clear","Dry","Dark","1.6","27.3","3200","7105","28.5","33%","32.5","","Opened","7.374","5","Unsafe","Calm","6.1","71","22.8","13.5","998.3","1009.7"
"2026-08-10","21:01:46","Clear","Dry","Dark","1.5","27.3","3200","7105","28.5","33%","32.5","","Opened","7.532","5","Unsafe","Calm","5.9","71","22.8","13.4","998.3","1009.7"
"2026-08-10","21:01:56","Clear","Dry","Dark","1.8","27.3","3200","7105","28.5","33%","32.5","","Opened","7.331","5","Unsafe","Calm","6.2","71","22.8","13.6","998.3","1009.7"
"2026-08-10","21:02:06","Clear","Dry","Dark","1.8","27.3","3200","8128","28.4","33%","32.5","","Opened","7.305","5","Unsafe","Calm","6.6","71","22.8","13.6","998.4","1009.7"
"2026-08-10","21:02:16","Clear","Dry","Dark","1.9","27.3","3200","8128","28.5","33%","32.4","","Opened","7.390","5","Unsafe","Calm","6.8","71","22.8","13.8","998.3","1009.7"
"2026-08-10","21:02:26","Clear","Dry","Dark","1.8","27.3","3200","8128","28.5","33%","32.4","","Opened","7.352","5","Unsafe","Calm","6.5","71","22.8","13.6","998.4","1009.7"
"2026-08-10","21:02:36","Clear","Dry","Dark","1.9","27.3","3200","9492","28.4","33%","32.4","","Opened","7.369","5","Unsafe","Calm","6.6","71","22.8","13.7","998.4","1009.7"
"2026-08-10","21:02:46","Clear","Dry","Dark","1.9","27.3","3200","9492","28.4","33%","32.4","","Opened","7.492","5","Unsafe","Calm","7.2","72","22.8","13.8","998.4","1009.7"
"2026-08-10","21:02:56","Clear","Dry","Dark","1.7","27.3","3200","9492","28.4","33%","32.4","","Opened","7.295","5","Unsafe","Calm","7.2","72","22.8","13.6","998.4","1009.8"
"2026-08-10","21:03:06","Clear","Dry","Dark","1.7","27.3","3200","9492","28.4","33%","32.4","","Opened","7.385","5","Unsafe","Calm","6.9","72","22.8","13.5","998.3","1009.7"
"2026-08-10","21:03:16","Clear","Dry","Dark","1.7","27.3","3200","9492","28.4","33%","32.4","","Opened","7.349","5","Unsafe","Calm","6.6","72","22.8","13.5","998.4","1009.7"
"2026-08-10","21:03:26","Clear","Dry","Dark","1.7","27.3","3200","11402","28.4","33%","32.4","","Opened","7.311","5","Unsafe","Calm","6.5","72","22.8","13.5","998.3","1009.7"
"2026-08-10","21:03:36","Clear","Dry","Dark","1.6","27.3","3200","11402","28.4","33%","32.4","","Opened","7.265","5","Unsafe","Calm","6.1","72","22.8","13.5","998.4","1009.8"
"2026-08-10","21:03:46","Clear","Dry","Dark","1.7","27.3","3200","11402","28.4","33%","32.4","","Opened","7.508","5","Unsafe","Calm","5.7","72","22.8","13.6","998.3","1009.7"
"2026-08-10","21:03:56","Clear","Dry","Dark","1.8","27.2","3200","11402","28.5","33%","32.5","","Opened","7.315","5","Unsafe","Calm","5.8","72","22.8","13.7","998.3","1009.7"
"2026-08-10","21:04:06","Clear","Dry","Dark","1.7","27.3","3200","11402","28.4","33%","32.4","","Opened","7.278","5","Unsafe","Calm","5.8","72","22.8","13.5","998.4","1009.7"
"2026-08-10","21:04:16","Clear","Dry","Dark","1.9","27.3","3200","11402","28.4","33%","32.4","","Opened","7.369","5","Unsafe","Calm","5.8","72","22.8","13.7","998.4","1009.7"
"2026-08-10","21:04:26","Clear","Dry","Dark","1.9","27.3","3200","11402","28.4","33%","32.4","","Opened","7.348","5","Unsafe","Calm","6.1","72","22.8","13.7","998.4","1009.8"
"2026-08-10","21:04:36","Clear","Dry","Dark","1.7","27.3","3200","14266","28.4","33%","32.4","","Opened","7.313","5","Unsafe","Calm","6.1","72","22.8","13.5","998.3","1009.7"
"2026-08-10","21:04:46","Clear","Dry","Dark","1.7","27.3","3200","14266","28.4","33%","32.4","","Opened","7.550","5","Unsafe","Calm","6.1","72","22.8","13.5","998.4","1009.8"
"2026-08-10","21:04:56","Clear","Dry","Dark","1.8","27.3","3200","14266","28.4","33%","32.4","","Opened","7.373","5","Safe","Calm","5.7","72","22.8","13.6","998.4","1009.7"
"2026-08-10","21:05:06","Clear","Dry","Dark","1.7","27.3","3200","14266","28.4","33%","32.4","","Opened","7.338","5","Safe","Windy","6.4","72","22.8","13.6","998.4","1009.7"
"2026-08-10","21:05:16","Clear","Dry","Dark","1.9","27.3","3200","14266","28.4","33%","32.4","","Opened","7.307","5","Safe","Windy","6.6","72","22.8","13.7","998.4","1009.7"
"2026-08-10","21:05:26","Clear","Dry","Dark","1.7","27.3","3200","14266","28.4","33%","32.3","","Opened","7.405","5","Safe","Windy","6.5","72","22.8","13.5","998.5","1009.9"
"2026-08-10","21:05:36","Clear","Dry","Dark","1.9","27.3","3200","14266","28.4","33%","32.3","","Opened","7.374","5","Safe","Windy","6.9","72","22.8","13.8","998.4","1009.8"
"2026-08-10","21:05:46","Clear","Dry","Dark","1.8","27.3","3200","14266","28.4","33%","32.3","","Opened","7.511","5","Safe","Windy","6.9","72","22.8","13.6","998.4","1009.7"
"2026-08-10","21:05:56","Clear","Dry","Dark","1.9","27.3","3200","14266","28.4","33%","32.3","","Opened","7.309","5","Safe","Windy","6.8","72","22.8","13.7","998.4","1009.7"
"2026-08-10","21:06:06","Clear","Dry","Dark","1.9","27.3","3200","19040","28.4","33%","32.3","","Opened","7.393","5","Safe","Calm","6.1","72","22.8","13.7","998.4","1009.8"
"2026-08-10","21:06:16","Clear","Dry","Dark","1.9","27.3","3200","19040","28.4","33%","32.3","","Opened","7.370","5","Safe","Calm","5.9","72","22.8","13.7","998.4","1009.7"
"2026-08-10","21:06:26","Clear","Wet","Dark","1.9","27.3","3188","19040","28.4","33%","32.3","","Opened","7.337","5","Safe","Calm","6.1","72","22.8","13.7","998.4","1009.7"
"2026-08-10","21:06:36","Clear","Dry","Dark","1.8","27.3","3200","19040","28.4","33%","32.3","","Opened","7.302","5","Safe","Calm","5.7","72","22.8","13.6","998.4","1009.7"
"2026-08-10","21:06:46","Clear","Dry","Dark","1.7","27.3","3200","19040","28.4","33%","32.4","","Opened","7.455","5","Safe","Calm","5.4","72","22.8","13.5","998.4","1009.8"
"2026-08-10","21:06:56","Clear","Dry","Dark","1.8","27.2","3200","19040","28.4","33%","32.4","","Opened","7.378","5","Safe","Calm","5.4","72","22.8","13.6","998.4","1009.8"
"2026-08-10","21:07:06","Clear","Dry","Dark","1.8","27.2","3200","19040","28.4","33%","32.5","","Opened","7.344","5","Safe","Calm","5.2","72","22.8","13.6","998.4","1009.8"
"2026-08-10","21:07:16","Clear","Dry","Dark","1.9","27.2","3200","19040","28.4","33%","32.5","","Opened","7.316","5","Safe","Calm","5.0","72","22.8","13.7","998.4","1009.8"
"2026-08-10","21:07:26","Clear","Dry","Dark","1.7","27.2","3200","19040","28.4","33%","32.5","","Opened","7.306","5","Safe","Calm","4.7","72","22.8","13.5","998.4","1009.7"
"2026-08-10","21:07:36","Clear","Dry","Dark","1.9","27.2","3200","28588","28.4","33%","32.5","","Opened","7.383","5","Safe","Calm","4.8","72","22.8","13.7","998.4","1009.7"
"2026-08-10","21:07:46","Clear","Dry","Dark","1.9","27.2","3200","28588","28.4","33%","32.5","","Opened","7.494","5","Safe","Calm","5.1","72","22.8","13.8","998.4","1009.8"
"2026-08-10","21:07:56","Clear","Dry","Dark","1.9","27.2","3200","28588","28.4","33%","32.4","","Opened","7.285","5","Safe","Calm","5.5","72","22.8","13.7","998.4","1009.7"
"2026-08-10","21:08:06","Clear","Wet","Dark","1.9","27.2","3186","28588","28.4","33%","32.3","","Opened","7.369","5","Safe","Calm","5.9","72","22.8","13.7","998.4","1009.7"
"2026-08-10","21:08:16","Clear","Dry","Dark","1.8","27.2","3200","28588","28.4","33%","32.4","","Opened","7.323","5","Safe","Calm","5.9","72","22.8","13.6","998.4","1009.7"
"2026-08-10","21:08:26","Clear","Dry","Dark","1.7","27.2","3200","28588","28.4","33%","32.4","","Opened","7.279","5","Safe","Calm","5.8","72","22.8","13.5","998.5","1009.9"
"2026-08-10","21:08:36","Clear","Dry","Dark","1.8","27.2","3200","28588","28.4","33%","32.4","","Opened","7.369","5","Safe","Calm","5.8","72","22.7","13.6","998.4","1009.7"
"2026-08-10","21:08:46","Clear","Dry","Dark","1.8","27.2","3200","28588","28.4","33%","32.4","","Opened","7.484","5","Safe","Calm","5.9","72","22.7","13.6","998.5","1009.9"
"2026-08-10","21:08:56","Clear","Wet","Dark","1.8","27.2","3196","28588","28.4","33%","32.4","","Opened","7.282","5","Safe","Calm","6.4","72","22.7","13.6","998.4","1009.8"
"2026-08-10","21:09:06","Clear","Wet","Dark","1.9","27.2","3183","28588","28.3","33%","32.4","","Opened","7.377","5","Safe","Calm","6.1","72","22.8","13.7","998.4","1009.8"
"2026-08-10","21:09:16","Clear","Wet","Dark","1.9","27.2","3179","28588","28.4","33%","32.4","","Opened","7.335","5","Safe","Calm","6.6","72","22.8","13.6","998.4","1009.8"
"2026-08-10","21:09:26","Clear","Wet","Dark","1.8","27.2","3181","28588","28.3","33%","32.3","","Opened","7.308","5","Safe","Calm","7.2","72","22.8","13.6","998.4","1009.8"
"2026-08-10","21:09:36","Clear","Wet","Dark","1.8","27.2","3181","28588","28.3","33%","32.3","","Opened","7.424","5","Safe","Calm","7.5","72","22.8","13.5","998.4","1009.8"
"2026-08-10","21:09:46","Clear","Wet","Dark","1.7","27.2","3181","28588","28.3","33%","32.3","","Opened","7.598","5","Safe","Calm","7.3","72","22.8","13.5","998.4","1009.8"
"2026-08-10","21:09:56","Clear","Wet","Dark","1.6","27.2","3187","28588","28.3","33%","32.4","","Opened","7.429","5","Safe","Calm","6.5","72","22.8","13.4","998.4","1009.8"
"2026-08-10","21:10:06","Clear","Wet","Dark","1.8","27.2","3184","28588","28.3","33%","32.4","","Opened","7.399","5","Safe","Calm","6.2","72","22.8","13.6","998.4","1009.8"
"2026-08-10","21:10:16","Clear","Wet","Dark","1.9","27.1","3182","57232","28.3","33%","32.4","","Opened","7.358","5","Safe","Calm","6.1","72","22.8","13.7","998.7","1010.1"
"2026-08-10","21:10:26","Clear","Wet","Dark","1.8","27.2","3182","28588","28.3","33%","32.4","","Opened","7.313","5","Safe","Calm","5.8","72","22.8","13.5","998.6","1009.9"
"2026-08-10","21:10:36","Clear","Wet","Dark","1.8","27.1","3182","57232","28.3","33%","32.4","","Opened","7.403","5","Safe","Calm","5.5","72","22.8","13.5","998.4","1009.8"
"2026-08-10","21:10:46","Clear","Wet","Dark","1.8","27.1","3178","28588","28.3","33%","32.3","","Opened","7.535","5","Safe","Calm","5.5","72","22.8","13.6","998.4","1009.7"
"2026-08-10","21:10:56","Clear","Wet","Dark","1.7","27.1","3182","57232","28.3","33%","32.4","","Opened","7.324","5","Safe","Calm","5.4","72","22.8","13.5","998.4","1009.7"
"2026-08-10","21:11:06","Clear","Wet","Dark","1.9","27.1","3181","57232","28.3","33%","32.4","","Opened","7.280","5","Safe","Calm","5.4","72","22.7","13.6","998.5","1009.9"
"2026-08-10","21:11:16","Clear","Wet","Dark","1.9","27.1","3179","57232","28.3","33%","32.4","","Opened","7.361","5","Safe","Calm","5.5","72","22.8","13.6","998.4","1009.7"
"2026-08-10","21:11:26","Clear","Wet","Dark","1.9","27.1","3174","57232","28.3","33%","32.3","","Opened","7.347","5","Safe","Calm","5.9","72","22.8","13.7","998.6","1009.9"
"2026-08-10","21:11:36","Clear","Wet","Dark","1.7","27.1","3174","57232","28.3","33%","32.3","","Opened","7.319","5","Safe","Calm","6.1","72","22.8","13.5","998.4","1009.8"
"2026-08-10","21:11:46","Clear","Wet","Dark","1.8","27.1","3174","57232","28.3","33%","32.3","","Opened","7.438","5","Safe","Calm","6.2","72","22.8","13.6","998.4","1009.7"
"2026-08-10","21:11:56","Clear","Wet","Dark","1.8","27.1","3174","57232","28.3","33%","32.3","","Opened","7.372","5","Safe","Calm","6.6","72","22.9","13.6","998.4","1009.8"
"2026-08-10","21:12:06","Clear","Wet","Dark","1.8","27.2","3174","57232","28.3","33%","32.3","","Opened","7.327","5","Safe","Calm","6.9","72","22.9","13.5","998.4","1009.7"
"2026-08-10","21:12:16","Clear","Wet","Dark","1.8","27.1","3174","57232","28.3","33%","32.2","","Opened","7.285","5","Safe","Calm","6.5","72","22.8","13.5","998.4","1009.8"
"2026-08-10","21:12:26","Clear","Wet","Dark","1.8","27.1","3174","57232","28.3","33%","32.2","","Opened","7.392","5","Safe","Calm","6.1","72","22.8","13.6","998.4","1009.8"
"2026-08-10","21:12:36","Clear","Wet","Dark","1.9","27.1","3168","57232","28.3","33%","32.3","","Opened","7.370","5","Safe","Calm","6.1","72","22.8","13.6","998.4","1009.8"
"2026-08-10","21:12:46","Clear","Wet","Dark","1.8","27.1","3168","57232","28.3","33%","32.2","","Opened","7.522","5","Safe","Calm","5.9","72","22.9","13.5","998.4","1009.8"
"2026-08-10","21:12:56","Clear","Wet","Dark","1.8","27.1","3168","57232","28.3","33%","32.2","","Opened","7.295","5","Safe","Calm","5.8","72","22.9","13.5","998.5","1009.9"
"2026-08-10","21:13:06","Clear","Wet","Dark","1.8","27.1","3168","57232","28.3","33%","32.3","","Opened","7.386","5","Safe","Calm","5.9","72","22.9","13.6","998.5","1009.9"
"2026-08-10","21:13:16","Clear","Wet","Dark","1.8","27.1","3168","57232","28.3","33%","32.2","","Opened","7.362","5","Safe","Calm","6.1","73","22.9","13.5","998.4","1009.8"
"2026-08-10","21:13:26","Clear","Wet","Dark","1.8","27.1","3168","57232","28.3","33%","32.2","","Opened","7.322","5","Safe","Calm","6.1","73","22.9","13.5","998.5","1009.9"
"2026-08-10","21:13:36","Clear","Wet","Dark","1.8","27.1","3168","57232","28.3","33%","32.2","","Opened","7.297","5","Safe","Calm","6.1","72","22.9","13.5","998.4","1009.8"
"2026-08-10","21:13:46","Clear","Wet","Dark","1.7","27.1","3168","57232","28.2","33%","32.2","","Opened","7.541","5","Safe","Calm","5.9","72","22.8","13.4","998.5","1009.9"
"2026-08-10","21:13:56","Clear","Wet","Dark","1.6","27.1","3169","57232","28.3","33%","32.3","","Opened","7.292","5","Safe","Calm","5.8","72","22.8","13.3","998.4","1009.8"
"2026-08-10","21:14:06","Clear","Wet","Dark","1.6","27.0","3175","57232","28.3","33%","32.4","","Opened","7.312","5","Safe","Calm","5.2","72","22.8","13.4","998.4","1009.8"
"2026-08-10","21:14:16","Clear","Wet","Dark","1.6","27.0","3174","57232","28.2","33%","32.4","","Opened","7.294","5","Safe","Calm","4.8","72","22.8","13.4","998.5","1009.9"
"2026-08-10","21:14:26","Clear","Wet","Dark","1.8","27.0","3168","57232","28.3","33%","32.4","","Opened","7.456","5","Safe","Calm","4.8","72","22.8","13.5","998.4","1009.8"
"2026-08-10","21:14:36","Clear","Wet","Dark","1.7","27.0","3168","57232","28.3","33%","32.3","","Opened","7.316","5","Safe","Calm","4.5","72","22.9","13.5","998.4","1009.8"
"2026-08-10","21:14:46","Clear","Wet","Dark","1.8","27.0","3168","57232","28.2","33%","32.3","","Opened","7.541","5","Safe","Calm","4.8","72","22.8","13.6","998.4","1009.8"
"2026-08-10","21:14:56","Clear","Wet","Dark","1.8","27.0","3168","57232","28.2","33%","32.3","","Opened","7.281","5","Safe","Calm","5.5","73","22.8","13.5","998.4","1009.7"
"2026-08-10","21:15:06","Clear","Wet","Dark","1.8","27.1","3168","57232","28.2","33%","32.2","","Opened","7.390","5","Safe","Calm","6.2","73","22.9","13.5","998.5","1009.9"
"2026-08-10","21:15:16","Clear","Wet","Dark","1.7","27.1","3168","57232","28.2","33%","32.2","","Opened","7.366","5","Safe","Calm","6.6","73","22.9","13.5","998.4","1009.8"
"2026-08-10","21:15:26","Clear","Wet","Dark","1.8","27.1","3168","57232","28.2","33%","32.2","","Opened","7.345","5","Safe","Calm","6.6","73","22.9","13.5","998.4","1009.8"
"2026-08-10","21:15:36","Clear","Wet","Dark","1.8","27.1","3168","57232","28.2","33%","32.2","","Opened","7.345","5","Safe","Calm","6.6","73","22.9","13.5","998.5","1009.9"
"2026-08-10","21:15:46","Clear","Wet","Dark","1.8","27.1","3168","57232","28.2","33%","32.3","","Opened","7.570","5","Safe","Calm","6.4","73","22.9","13.5","998.5","1009.9"
"2026-08-10","21:15:56","Clear","Wet","Dark","1.7","27.1","3168","57232","28.2","33%","32.3","","Opened","7.393","5","Safe","Calm","5.7","73","22.9","13.4","998.5","1009.9"
"2026-08-10","21:16:06","Clear","Wet","Dark","1.7","27.0","3168","57232","28.2","33%","32.3","","Opened","7.383","5","Safe","Calm","5.1","73","22.8","13.5","998.5","1009.9"
"2026-08-10","21:16:16","Clear","Wet","Dark","1.8","27.0","3168","57232","28.2","33%","32.3","","Opened","7.455","5","Safe","Calm","5.0","73","22.9","13.5","998.6","1009.9"
"2026-08-10","21:16:26","Clear","Wet","Dark","1.7","27.0","3168","57232","28.2","33%","32.3","","Opened","7.351","5","Safe","Calm","4.7","73","22.9","13.4","998.6","1009.9"
"2026-08-10","21:16:36","Clear","Wet","Dark","1.7","27.0","3168","57232","28.2","33%","32.3","","Opened","7.335","5","Safe","Calm","4.7","73","22.8","13.4","998.5","1009.9"
"2026-08-10","21:16:46","Clear","Wet","Dark","1.7","27.0","3168","57232","28.2","33%","32.3","","Opened","7.520","5","Safe","Calm","4.8","73","22.8","13.4","998.6","1009.9"
"2026-08-10","21:16:56","Clear","Wet","Dark","1.7","27.0","3168","57232","28.2","33%","32.3","","Opened","7.304","5","Safe","Calm","5.0","73","22.9","13.5","998.5","1009.9"
"2026-08-10","21:17:06","Clear","Wet","Dark","1.8","27.0","3160","57232","28.2","33%","32.3","","Opened","7.418","5","Safe","Calm","5.2","73","22.8","13.5","998.5","1009.9"
"2026-08-10","21:17:16","Clear","Wet","Dark","1.7","27.0","3158","57232","28.2","33%","32.2","","Opened","7.442","5","Safe","Calm","5.4","73","22.9","13.4","998.5","1009.9"
"2026-08-10","21:17:26","Clear","Wet","Dark","1.7","27.0","3168","57232","28.2","33%","32.2","","Opened","7.292","5","Safe","Calm","5.5","73","22.9","13.4","998.6","1009.9"
"2026-08-10","21:17:36","Clear","Wet","Dark","1.7","26.9","3157","57232","28.2","33%","32.2","","Opened","7.313","5","Safe","Calm","5.9","73","22.9","13.4","998.5","1009.9"
"2026-08-10","21:17:46","Clear","Wet","Dark","1.8","27.0","3157","57232","28.2","33%","32.1","","Opened","7.510","5","Safe","Calm","6.1","73","22.9","13.5","998.6","1009.9"
"2026-08-10","21:17:56","Clear","Wet","Dark","1.7","27.0","3158","57232","28.2","33%","32.1","","Opened","7.296","5","Safe","Calm","6.2","73","22.9","13.4","998.5","1009.9"
"2026-08-10","21:18:06","Clear","Wet","Dark","1.7","27.0","3157","57232","28.2","33%","32.1","","Opened","7.325","5","Safe","Calm","6.1","73","22.9","13.4","998.6","1009.9"
"2026-08-10","21:18:16","Clear","Wet","Dark","1.8","27.0","3157","57232","28.2","33%","32.1","","Opened","7.359","5","Safe","Calm","5.9","73","22.9","13.5","998.6","1010.0"
"2026-08-10","21:18:26","Clear","Wet","Dark","1.7","27.0","3157","57232","28.1","33%","32.1","","Opened","7.335","5","Safe","Calm","5.9","73","22.8","13.4","998.6","1010.0"
"2026-08-10","21:18:36","Clear","Wet","Dark","1.7","27.0","3158","57232","28.2","33%","32.1","","Opened","7.306","5","Safe","Calm","5.5","73","22.9","13.4","998.6","1009.9"
"2026-08-10","21:18:46","Clear","Wet","Dark","1.8","27.0","3157","57232","28.2","33%","32.1","","Opened","7.558","5","Safe","Calm","5.7","73","22.9","13.5","998.6","1009.9"
"2026-08-10","21:18:56","Clear","Wet","Dark","1.7","26.9","3157","57232","28.1","33%","32.2","Heat Impulse - Warming up","Opened","7.425","5","Safe","Calm","5.4","73","22.9","13.4","998.6","1009.9"
"2026-08-10","21:19:06","Clear","Dry","Dark","1.7","26.9","3200","57232","28.1","100%","32.3","Heat Impulse - Warming up","Opened","7.415","5","Safe","Calm","5.1","73","22.8","13.4","998.6","1010.0"
"2026-08-10","21:19:16","Clear","Dry","Dark","1.9","26.9","3200","57232","28.2","100%","32.6","Heat Impulse - Warming up","Opened","7.304","5","Safe","Calm","5.1","73","22.9","13.6","998.6","1010.0"
"2026-08-10","21:19:26","Clear","Dry","Dark","1.8","26.9","3200","57232","28.1","100%","33.0","Heat Impulse - Warming up","Opened","7.410","5","Safe","Calm","5.4","73","22.9","13.5","998.6","1009.9"
"2026-08-10","21:19:36","Clear","Dry","Dark","1.8","27.0","3200","57232","28.1","100%","33.4","Heat Impulse - Warming up","Opened","7.324","5","Safe","Calm","5.7","73","22.9","13.5","998.6","1009.9"
"2026-08-10","21:19:46","Clear","Dry","Dark","1.8","27.0","3200","57232","28.1","100%","33.8","Heat Impulse - Warming up","Opened","7.640","5","Safe","Calm","5.5","73","22.9","13.5","998.6","1010.0"
"2026-08-10","21:19:56","Clear","Dry","Dark","1.8","27.0","3200","57232","28.1","100%","34.2","Heat Impulse - Warming up","Opened","7.400","5","Safe","Calm","5.5","73","22.9","13.5","998.6","1009.9"
"2026-08-10","21:20:06","Clear","Dry","Dark","1.9","27.0","3200","57232","28.1","100%","34.6","Heat Impulse - Warming up","Opened","7.446","5","Safe","Calm","5.8","73","22.9","13.6","998.6","1009.9"
"2026-08-10","21:20:16","Clear","Dry","Dark","2.0","27.0","3200","57232","28.1","100%","35.1","Heat Impulse - Warming up","Opened","7.311","5","Safe","Calm","5.8","73","22.9","13.6","998.6","1010.0"
"2026-08-10","21:20:26","Clear","Dry","Dark","1.8","27.0","3200","57232","28.1","100%","35.4","Heat Impulse - Warming up","Opened","7.320","5","Safe","Calm","5.5","73","22.9","13.5","998.7","1010.1"
"2026-08-10","21:20:36","Clear","Dry","Dark","1.8","27.0","3200","57232","28.1","100%","35.8","Heat Impulse - Warming up","Opened","7.321","5","Safe","Calm","5.4","73","22.9","13.5","998.6","1009.9"
"2026-08-10","21:20:46","Clear","Dry","Dark","1.7","27.1","3200","57232","28.1","100%","36.1","Heat Impulse - Warming up","Opened","7.580","5","Safe","Calm","5.0","73","22.9","13.4","998.6","1010.0"
"2026-08-10","21:20:56","Clear","Dry","Dark","1.9","27.1","3200","57232","28.1","100%","36.4","Heat Impulse - Warming up","Opened","7.342","5","Safe","Calm","5.0","73","22.9","13.6","998.7","1010.1"
"2026-08-10","21:21:06","Clear","Dry","Dark","1.8","27.1","3200","57232","28.1","100%","36.6","Heat Impulse - Warming up","Opened","7.389","5","Safe","Calm","4.8","73","22.9","13.5","998.6","1009.9"
"2026-08-10","21:21:16","Clear","Dry","Dark","1.8","27.1","3200","57232","28.1","100%","36.9","Heat Impulse - Warming up","Opened","7.379","5","Safe","Calm","4.7","73","22.9","13.5","998.6","1010.0"
"2026-08-10","21:21:26","Clear","Dry","Dark","2.0","27.2","3200","57232","28.1","100%","37.1","Heat Impulse - Warming up","Opened","7.355","5","Safe","Calm","4.7","73","22.8","13.6","998.6","1010.0"
"2026-08-10","21:21:36","Clear","Dry","Dark","1.9","27.2","3204","57232","28.1","100%","37.3","Heat Impulse - Warming up","Opened","7.395","5","Safe","Calm","4.5","73","22.8","13.5","998.6","1010.0"
"2026-08-10","21:21:46","Cloudy","Dry","Dark","2.1","27.2","3241","57232","28.1","100%","37.6","Heat Impulse - Warming up","Opened","7.607","5","Safe","Calm","4.7","73","22.8","13.7","998.6","1010.0"
"2026-08-10","21:21:56","Clear","Dry","Dark","1.9","27.2","3237","57232","28.1","100%","37.8","Heat Impulse - Warming up","Opened","7.390","5","Safe","Calm","4.7","73","22.8","13.6","998.6","1009.9"
"2026-08-10","21:22:06","Clear","Dry","Dark","1.7","27.2","3235","57232","28.1","100%","37.9","Heat Impulse - Warming up","Opened","7.409","5","Safe","Calm","4.8","73","22.8","13.4","998.6","1009.9"
"2026-08-10","21:22:16","Clear","Dry","Dark","2.0","27.3","3242","57232","28.1","100%","37.9","Heat Impulse - Warming up","Opened","7.402","5","Safe","Calm","5.1","73","22.8","13.6","998.6","1010.0"
"2026-08-10","21:22:26","Clear","Dry","Dark","1.8","27.3","3243","57232","28.1","100%","38.0","Heat Impulse - Warming up","Opened","7.377","5","Safe","Calm","5.0","73","22.8","13.5","998.6","1009.9"
"2026-08-10","21:22:36","Clear","Dry","Dark","1.7","27.3","3243","57232","28.1","100%","38.3","Heat Impulse - Holding for 60s","Opened","7.436","5","Safe","Calm","5.0","73","22.8","13.4","998.6","1009.9"
"2026-08-10","21:22:46","Clear","Dry","Dark","1.8","27.4","3243","57232","28.1","100%","38.3","Heat Impulse - Holding for 60s","Opened","7.601","5","Safe","Calm","5.0","73","22.8","13.4","998.6","1009.9"
"2026-08-10","21:22:56","Clear","Dry","Dark","1.9","27.4","3243","57232","28.1","100%","38.4","Heat Impulse - Holding for 60s","Opened","7.416","5","Safe","Calm","5.1","73","22.8","13.6","998.6","1009.9"
"2026-08-10","21:23:06","Clear","Dry","Dark","1.9","27.4","3243","57232","28.1","100%","38.5","Heat Impulse - Holding for 60s","Opened","7.580","5","Safe","Calm","4.8","73","22.8","13.5","998.6","1009.9"
"2026-08-10","21:23:16","Clear","Dry","Dark","1.8","27.4","3200","57232","28.1","99%","38.7","Heat Impulse - Holding for 60s","Opened","7.512","5","Safe","Calm","4.5","73","22.8","13.4","998.6","1009.9"
"2026-08-10","21:23:26","Cloudy","Dry","Dark","2.2","27.5","3200","57232","28.1","97%","38.6","Heat Impulse - Holding for 60s","Opened","7.317","5","Safe","Calm","5.4","73","22.8","13.9","998.6","1010.0"
"2026-08-10","21:23:36","Clear","Dry","Dark","1.7","27.5","3200","57232","28.1","97%","38.6","Heat Impulse - Holding for 60s","Opened","7.421","5","Safe","Calm","5.4","73","22.8","13.4","998.6","1010.0"
"2026-08-10","21:23:46","Cloudy","Dry","Dark","2.1","27.5","3200","57232","28.1","95%","38.7","Heating DOWN","Opened","7.725","5","Safe","Calm","5.5","73","22.8","13.7","998.7","1010.1"
"2026-08-10","21:23:56","Clear","Dry","Dark","1.8","27.5","3200","57232","28.1","75%","38.6","","Opened","7.409","5","Safe","Calm","5.7","73","22.8","13.4","998.6","1009.9"
"2026-08-10","21:24:06","Clear","Dry","Dark","1.7","27.5","3200","57232","28.1","75%","38.6","Heating DOWN","Opened","7.521","5","Safe","Calm","6.1","73","22.8","13.4","998.6","1009.9"
"2026-08-10","21:24:16","Cloudy","Dry","Dark","2.0","27.6","3200","57232","28.1","55%","38.4","","Opened","7.315","5","Safe","Calm","6.4","73","22.8","13.7","998.6","1009.9"
"2026-08-10","21:24:26","Clear","Dry","Dark","1.8","27.6","3200","57232","28.1","55%","38.1","","Opened","7.296","5","Safe","Calm","5.9","73","22.8","13.5","998.6","1010.0"
"2026-08-10","21:24:36","Clear","Dry","Dark","1.8","27.6","3200","57232","28.1","55%","37.9","","Opened","7.301","5","Safe","Calm","6.1","73","22.8","13.4","998.6","1009.9"
"2026-08-10","21:24:46","Clear","Dry","Dark","1.8","27.6","3200","57232","28.1","55%","37.7","","Opened","7.610","5","Safe","Calm","6.1","73","22.8","13.4","998.6","1010.0"
"2026-08-10","21:24:55","Clear","Dry","Dark","2.0","27.6","3200","57232","28.1","55%","37.3","","Opened","7.264","5","Safe","Calm","6.1","73","22.8","13.6","998.6","1010.0"
"2026-08-10","21:25:06","Clear","Dry","Dark","1.9","27.6","3200","57232","28.0","55%","37.2","","Opened","7.392","5","Safe","Calm","5.8","73","22.7","13.5","998.6","1010.0"
"2026-08-10","21:25:16","Clear","Dry","Dark","1.8","27.6","3200","57232","28.1","55%","37.0","","Opened","7.381","5","Safe","Calm","5.7","73","22.8","13.5","998.6","1009.9"
"2026-08-10","21:25:26","Clear","Dry","Dark","1.9","27.7","3200","57232","28.1","55%","36.9","","Opened","7.385","5","Safe","Calm","5.5","73","22.8","13.5","998.6","1010.0"
"2026-08-10","21:25:36","Clear","Dry","Dark","1.7","27.7","3200","57232","28.1","55%","36.8","","Opened","7.385","5","Safe","Calm","5.4","73","22.8","13.4","998.6","1010.0"
"2026-08-10","21:25:46","Clear","Dry","Dark","1.8","27.6","3200","57232","28.1","55%","36.6","","Opened","7.580","5","Safe","Calm","5.1","73","22.7","13.4","998.6","1009.9"
"2026-08-10","21:25:56","Clear","Dry","Dark","1.7","27.6","3200","57232","28.1","55%","36.6","Heating DOWN","Opened","7.516","5","Safe","Calm","5.0","73","22.7","13.3","998.6","1010.0"
"2026-08-10","21:26:06","Clear","Dry","Dark","1.7","27.6","3200","57232","28.1","35%","36.4","","Opened","7.327","5","Safe","Calm","5.1","73","22.7","13.4","998.7","1010.1"
"2026-08-10","21:26:16","Clear","Dry","Dark","1.8","27.7","3200","57232","28.1","35%","36.2","","Opened","7.324","5","Safe","Calm","5.2","73","22.7","13.5","998.6","1010.0"
"2026-08-10","21:26:26","Clear","Dry","Dark","1.8","27.7","3200","57232","28.1","35%","36.0","","Opened","7.312","5","Safe","Calm","5.4","73","22.7","13.5","998.6","1010.0"
"2026-08-10","21:26:36","Clear","Dry","Dark","1.8","27.6","3200","57232","28.1","35%","35.6","","Opened","7.306","5","Safe","Calm","5.4","73","22.8","13.4","998.7","1010.1"
"2026-08-10","21:26:46","Clear","Dry","Dark","1.8","27.6","3200","57232","28.1","35%","35.4","","Opened","7.560","5","Safe","Calm","5.8","73","22.7","13.4","998.6","1009.9"
"2026-08-10","21:26:56","Clear","Dry","Dark","1.8","27.6","3200","57232","28.1","35%","35.2","","Opened","7.324","5","Safe","Calm","5.8","73","22.7","13.4","998.6","1009.9"
"2026-08-10","21:27:06","Clear","Dry","Dark","1.8","27.6","3200","57232","28.1","35%","35.0","","Opened","7.335","5","Safe","Calm","5.8","73","22.7","13.4","998.6","1010.0"
"2026-08-10","21:27:16","Clear","Dry","Dark","1.6","27.6","3200","57232","28.0","35%","34.8","","Opened","7.368","5","Safe","Calm","5.7","73","22.7","13.3","998.6","1010.0"
"2026-08-10","21:27:26","Clear","Dry","Dark","1.7","27.6","3200","57232","28.1","35%","34.7","","Opened","7.397","5","Safe","Calm","5.4","73","22.7","13.3","998.6","1010.0"
"2026-08-10","21:27:36","Clear","Dry","Dark","1.7","27.6","3200","57232","28.0","35%","34.6","","Opened","7.392","5","Safe","Calm","5.4","73","22.7","13.3","998.6","1009.9"
"2026-08-10","21:27:46","Clear","Dry","Dark","1.7","27.6","3200","57232","28.1","35%","34.5","","Opened","7.639","5","Safe","Calm","5.1","73","22.7","13.4","998.6","1010.0"
"2026-08-10","21:27:56","Clear","Dry","Dark","1.6","27.5","3200","57232","28.1","35%","34.4","","Opened","7.391","5","Safe","Calm","5.0","73","22.7","13.3","998.7","1010.1"
"2026-08-10","21:28:06","Clear","Dry","Dark","1.6","27.5","3200","57232","28.1","35%","34.3","","Opened","7.455","5","Safe","Calm","4.8","73","22.7","13.3","998.6","1009.9"
"2026-08-10","21:28:16","Clear","Dry","Dark","1.7","27.5","3200","57232","28.0","35%","34.2","","Opened","7.336","5","Safe","Calm","4.7","73","22.7","13.3","998.6","1010.0"
"2026-08-10","21:28:26","Clear","Dry","Dark","1.6","27.5","3200","57232","28.0","35%","34.1","","Opened","7.320","5","Safe","Calm","4.7","73","22.7","13.2","998.6","1010.0"
"2026-08-10","21:28:36","Clear","Dry","Dark","1.7","27.5","3200","57232","28.1","35%","34.1","Heating DOWN","Opened","7.446","5","Safe","Calm","5.0","73","22.7","13.3","998.6","1010.0"
"2026-08-10","21:28:46","Clear","Dry","Dark","1.7","27.5","3200","57232","28.1","29%","34.1","Heating DOWN","Opened","7.701","5","Safe","Calm","5.0","73","22.7","13.3","998.7","1010.1"
"2026-08-10","21:28:56","Clear","Dry","Dark","1.5","27.4","3200","57232","28.1","23%","34.0","","Opened","7.290","5","Safe","Calm","4.8","73","22.8","13.2","998.6","1010.0"
"2026-08-10","21:29:06","Clear","Dry","Dark","1.7","27.4","3200","57232","28.0","23%","33.8","","Opened","7.322","5","Safe","Calm","4.8","73","22.7","13.3","998.6","1010.0"
"2026-08-10","21:29:16","Clear","Dry","Dark","1.5","27.4","3200","57232","28.1","23%","33.7","","Opened","7.311","5","Safe","Calm","4.7","73","22.7","13.1","998.7","1010.1"
"2026-08-10","21:29:26","Clear","Dry","Dark","1.7","27.4","3200","57232","28.1","23%","33.6","","Opened","7.296","5","Safe","Calm","4.7","73","22.7","13.3","998.7","1010.1"
"2026-08-10","21:29:36","Clear","Dry","Dark","1.5","27.3","3200","57232","28.1","23%","33.4","","Opened","7.435","5","Safe","Calm","4.3","73","22.8","13.2","998.7","1010.1"
"2026-08-10","21:29:46","Clear","Dry","Dark","1.6","27.3","3200","57232","28.1","23%","33.3","","Opened","7.511","5","Safe","Calm","3.5","73","22.8","13.2","998.6","1010.0"
"2026-08-10","21:29:56","Clear","Dry","Dark","1.5","27.3","3200","57232","28.1","23%","33.3","Heating DOWN","Opened","7.451","5","Safe","Calm","2.8","73","22.8","13.1","998.6","1010.0"
"2026-08-10","21:30:06","Clear","Dry","Dark","1.6","27.3","3200","57232","28.1","19%","33.2","","Opened","7.369","5","Safe","Calm","2.8","73","22.8","13.2","998.7","1010.1"
"2026-08-10","21:30:16","Clear","Dry","Dark","1.7","27.3","3200","57232","28.1","19%","33.0","","Opened","7.351","5","Safe","Calm","3.4","73","22.8","13.3","998.6","1010.0"
"2026-08-10","21:30:26","Clear","Dry","Dark","1.6","27.2","3200","57232","28.1","19%","32.8","","Opened","7.367","5","Safe","Calm","3.7","73","22.8","13.2","998.6","1010.0"
"2026-08-10","21:30:36","Clear","Dry","Dark","1.6","27.2","3200","57232","28.1","19%","32.6","","Opened","7.360","5","Safe","Calm","3.8","73","22.8","13.2","998.6","1010.0"
"2026-08-10","21:30:46","Clear","Dry","Dark","1.6","27.2","3200","57232","28.1","19%","32.5","","Opened","7.562","5","Safe","Calm","5.0","73","22.8","13.3","998.6","1010.0"
"2026-08-10","21:30:56","Clear","Wet","Dark","1.6","27.2","3168","57232","28.1","19%","32.3","","Opened","7.490","5","Safe","Calm","6.1","73","22.8","13.2","998.6","1010.0"
"2026-08-10","21:31:06","Clear","Wet","Dark","1.6","27.2","3157","57232","28.1","19%","32.2","","Opened","7.418","5","Safe","Calm","6.2","73","22.9","13.2","998.6","1010.0"
"2026-08-10","21:31:16","Clear","Wet","Dark","1.6","27.2","3157","57232","28.1","19%","32.1","","Opened","7.430","5","Safe","Calm","5.9","73","22.8","13.2","998.6","1010.0"
"2026-08-10","21:31:26","Clear","Wet","Dark","1.6","27.1","3157","57232","28.1","19%","32.0","","Opened","7.443","5","Safe","Calm","5.8","73","22.9","13.2","998.7","1010.1"
"2026-08-10","21:31:36","Clear","Wet","Dark","1.6","27.1","3157","57232","28.1","19%","31.9","","Opened","7.312","5","Safe","Calm","5.8","73","22.8","13.3","998.7","1010.1"
"2026-08-10","21:31:46","Clear","Wet","Dark","1.6","27.1","3158","57232","28.0","19%","31.8","","Opened","7.590","5","Safe","Calm","5.7","73","22.8","13.3","998.6","1010.0"
"2026-08-10","21:31:56","Clear","Wet","Dark","1.6","27.1","3157","57232","28.1","19%","31.7","Heating UP","Opened","7.425","5","Safe","Calm","5.5","73","22.8","13.2","998.6","1010.0"
"2026-08-10","21:32:06","Clear","Wet","Dark","1.6","27.1","3121","57232","28.1","20%","31.7","Heating UP","Opened","7.460","5","Safe","Calm","5.4","73","22.8","13.2","998.7","1010.1"
"2026-08-10","21:32:16","Clear","Wet","Dark","1.6","27.0","3155","57232","28.1","21%","31.7","Heating UP","Opened","7.566","5","Safe","Calm","5.8","73","22.8","13.2","998.6","1010.0"
"2026-08-10","21:32:26","Clear","Dry","Dark","1.7","27.0","3200","57232","28.1","22%","31.5","Heating UP","Opened","7.509","5","Safe","Calm","6.1","73","22.8","13.3","998.6","1010.0"
"2026-08-10","21:32:36","Clear","Wet","Dark","1.5","27.0","3105","57232","28.1","24%","31.5","Heating UP","Opened","7.555","5","Safe","Calm","6.4","73","22.9","13.2","998.8","1010.2"
"2026-08-10","21:32:46","Clear","Dry","Dark","1.5","27.0","3200","57232","28.1","26%","31.5","Heating UP","Opened","7.682","5","Safe","Calm","6.1","73","22.9","13.1","998.6","1010.0"
"2026-08-10","21:32:56","Clear","Wet","Dark","1.6","26.9","3112","57232","28.0","28%","31.6","","Opened","7.400","5","Safe","Calm","6.1","73","22.8","13.2","998.7","1010.1"
"2026-08-10","21:33:06","Clear","Wet","Dark","1.6","26.9","3115","57232","28.0","28%","31.6","Heating UP","Opened","7.565","5","Safe","Calm","6.1","73","22.8","13.2","998.8","1010.1"
"2026-08-10","21:33:16","Clear","Wet","Dark","1.6","26.9","3145","57232","28.0","29%","31.6","Heating UP","Opened","7.508","5","Safe","Calm","5.7","73","22.8","13.2","998.7","1010.1"
"2026-08-10","21:33:26","Clear","Dry","Dark","1.6","26.9","3200","57232","28.0","30%","31.6","Heating UP","Opened","7.527","5","Safe","Calm","5.2","73","22.8","13.2","998.7","1010.1"
"2026-08-10","21:33:36","Clear","Dry","Dark","1.5","26.9","3200","57232","28.1","31%","31.7","","Opened","7.325","5","Safe","Calm","5.0","73","22.9","13.2","998.8","1010.1"
"2026-08-10","21:33:46","Clear","Dry","Dark","1.4","26.9","3200","57232","28.0","31%","31.8","","Opened","7.535","5","Safe","Calm","4.2","73","22.8","13.1","998.6","1010.0"
"2026-08-10","21:33:56","Clear","Dry","Dark","1.6","26.9","3200","57232","28.0","31%","31.9","","Opened","7.310","5","Safe","Calm","4.0","73","22.8","13.2","998.7","1010.1"
"2026-08-10","21:34:06","Clear","Dry","Dark","1.6","26.9","3200","57232","28.1","31%","31.9","","Opened","7.319","5","Safe","Calm","4.2","73","22.8","13.2","998.6","1010.0"
"2026-08-10","21:34:16","Clear","Dry","Dark","1.6","26.8","3200","57232","28.1","31%","31.9","","Opened","7.299","5","Safe","Calm","4.3","73","22.8","13.3","998.6","1010.0"
"2026-08-10","21:34:26","Clear","Dry","Dark","1.6","26.8","3200","57232","28.0","31%","31.9","","Opened","7.315","5","Safe","Calm","4.5","73","22.8","13.2","998.7","1010.1"
"2026-08-10","21:34:36","Clear","Dry","Dark","1.5","26.8","3200","57232","28.0","31%","31.9","","Opened","7.300","5","Safe","Calm","4.5","73","22.8","13.1","998.8","1010.1"
"2026-08-10","21:34:46","Clear","Dry","Dark","1.4","26.8","3200","57232","28.1","31%","32.0","","Opened","7.599","5","Safe","Calm","5.2","73","22.8","13.0","998.6","1010.0"
"2026-08-10","21:34:56","Clear","Dry","Dark","1.5","26.8","3200","57232","28.0","31%","32.0","","Opened","7.395","5","Safe","Calm","5.2","73","22.8","13.1","998.7","1010.1"
"2026-08-10","21:35:06","Clear","Dry","Dark","1.5","26.8","3200","57232","28.0","31%","32.1","","Opened","7.406","5","Safe","Calm","5.2","73","22.7","13.1","998.6","1010.0"
"2026-08-10","21:35:16","Clear","Dry","Dark","1.6","26.8","3200","57232","28.1","31%","32.0","","Opened","7.441","5","Safe","Calm","5.0","73","22.8","13.3","998.7","1010.1"
"2026-08-10","21:35:26","Clear","Dry","Dark","1.7","26.7","3200","57232","28.0","31%","32.1","","Opened","7.359","5","Safe","Calm","4.8","73","22.8","13.3","998.7","1010.1"
"2026-08-10","21:35:36","Clear","Dry","Dark","1.6","26.8","3200","57232","28.1","31%","32.0","","Opened","7.389","5","Safe","Calm","5.1","73","22.8","13.3","998.6","1010.0"
"2026-08-10","21:35:46","Clear","Dry","Dark","1.6","26.8","3200","57232","28.0","31%","32.0","","Opened","7.575","5","Safe","Calm","5.4","73","22.8","13.2","998.6","1010.0"
"2026-08-10","21:35:56","Clear","Dry","Dark","1.8","26.8","3200","57232","28.0","31%","31.9","","Opened","7.370","5","Safe","Calm","6.1","73","22.8","13.4","998.6","1010.0"
"2026-08-10","21:36:06","Clear","Dry","Dark","1.7","26.8","3200","57232","28.0","31%","31.9","","Opened","7.356","5","Safe","Calm","6.2","74","22.9","13.3","998.6","1010.0"
"2026-08-10","21:36:16","Clear","Dry","Dark","1.6","26.8","3200","57232","28.0","31%","31.9","","Opened","7.441","5","Safe","Calm","6.6","74","22.8","13.2","998.6","1010.0"
"2026-08-10","21:36:26","Clear","Dry","Dark","1.5","26.8","3200","57232","28.0","31%","31.9","","Opened","7.285","5","Safe","Calm","6.8","74","22.9","13.1","998.6","1010.0"
"2026-08-10","21:36:36","Clear","Dry","Dark","1.6","26.8","3200","57232","28.0","31%","31.9","","Opened","7.436","5","Safe","Calm","6.5","74","22.8","13.2","998.7","1010.1"
"2026-08-10","21:36:46","Clear","Dry","Dark","1.6","26.8","3200","57232","28.0","31%","31.9","","Opened","7.495","5","Safe","Calm","6.4","74","22.8","13.2","998.7","1010.1"
"2026-08-10","21:36:56","Clear","Dry","Dark","1.7","26.8","3200","57232","28.0","31%","31.9","","Opened","7.295","5","Safe","Calm","5.9","73","22.8","13.3","998.6","1010.0"
"2026-08-10","21:37:06","Clear","Dry","Dark","1.5","26.8","3200","57232","28.0","31%","31.9","","Opened","7.319","5","Safe","Calm","5.5","73","22.8","13.1","998.7","1010.1"
"2026-08-10","21:37:16","Clear","Dry","Dark","1.6","26.8","3200","57232","28.0","31%","32.0","","Opened","7.377","5","Safe","Calm","5.0","73","22.8","13.2","998.6","1010.0"
"2026-08-10","21:37:26","Clear","Dry","Dark","1.5","26.8","3200","57232","28.0","31%","32.0","","Opened","7.388","5","Safe","Calm","5.0","73","22.8","13.1","998.7","1010.1"
"2026-08-10","21:37:36","Clear","Dry","Dark","1.6","26.8","3200","57232","28.0","31%","32.0","","Opened","7.377","5","Safe","Calm","5.0","73","22.8","13.2","998.7","1010.1"
"2026-08-10","21:37:46","Clear","Dry","Dark","1.5","26.7","3200","57232","28.0","31%","32.0","","Opened","7.580","5","Safe","Calm","4.8","73","22.8","13.1","998.8","1010.1"
"2026-08-10","21:37:56","Clear","Dry","Dark","1.5","26.7","3200","57232","28.0","31%","32.1","","Opened","7.425","5","Safe","Calm","4.4","73","22.8","13.1","998.6","1010.0"
"2026-08-10","21:38:06","Clear","Dry","Dark","1.5","26.7","3200","57232","28.0","31%","32.1","","Opened","7.350","5","Safe","Calm","4.7","73","22.8","13.1","998.7","1010.1"
"2026-08-10","21:38:16","Clear","Dry","Dark","1.6","26.7","3200","57232","28.0","31%","32.1","","Opened","7.331","5","Safe","Calm","4.7","73","22.7","13.2","998.7","1010.1"
"2026-08-10","21:38:26","Clear","Dry","Dark","1.5","26.7","3200","57232","28.0","31%","32.1","","Opened","7.341","5","Safe","Calm","4.4","73","22.8","13.1","998.6","1010.0"
"2026-08-10","21:38:36","Clear","Dry","Dark","1.6","26.7","3200","57232","28.0","31%","32.1","","Opened","7.350","5","Safe","Calm","4.5","73","22.8","13.2","998.6","1010.0"
"2026-08-10","21:38:46","Clear","Dry","Dark","1.6","26.7","3200","57232","28.0","31%","32.1","","Opened","7.570","5","Safe","Calm","4.5","73","22.8","13.2","998.7","1010.1"
"2026-08-10","21:38:56","Clear","Dry","Dark","1.5","26.7","3200","57232","28.0","31%","32.1","","Opened","7.340","5","Safe","Calm","4.8","73","22.7","13.1","998.6","1010.0"
"2026-08-10","21:39:06","Clear","Dry","Dark","1.6","26.7","3200","57232","28.0","31%","32.1","","Opened","7.325","5","Safe","Calm","5.0","73","22.7","13.2","998.6","1010.0"
"2026-08-10","21:39:16","Clear","Dry","Dark","1.4","26.7","3200","57232","28.0","31%","32.1","","Opened","7.366","5","Safe","Calm","5.1","73","22.7","13.0","998.6","1010.0"
"2026-08-10","21:39:26","Clear","Dry","Dark","1.6","26.7","3200","57232","28.0","31%","32.1","","Opened","7.385","5","Safe","Calm","5.5","73","22.7","13.2","998.7","1010.1"
"2026-08-10","21:39:36","Clear","Dry","Dark","1.6","26.7","3200","57232","28.0","31%","32.1","","Opened","7.371","5","Safe","Calm","5.4","73","22.7","13.2","998.7","1010.1"
"2026-08-10","21:39:46","Clear","Dry","Dark","1.5","26.7","3200","57232","28.0","31%","32.1","","Opened","7.546","5","Safe","Calm","5.5","73","22.7","13.1","998.7","1010.1"
"2026-08-10","21:39:56","Clear","Dry","Dark","1.7","26.7","3200","57232","28.0","31%","32.1","","Opened","7.355","5","Safe","Calm","6.1","73","22.7","13.3","998.7","1010.1"
"2026-08-10","21:40:06","Clear","Dry","Dark","1.6","26.8","3200","57232","28.0","31%","32.0","","Opened","7.374","5","Safe","Calm","6.1","73","22.7","13.2","998.6","1009.9"
"2026-08-10","21:40:16","Clear","Dry","Dark","1.8","26.7","3200","57232","27.9","31%","32.0","","Opened","7.366","5","Safe","Calm","6.4","73","22.7","13.4","998.6","1010.0"
"2026-08-10","21:40:26","Clear","Dry","Dark","1.6","26.7","3200","57232","28.0","31%","31.9","","Opened","7.361","5","Safe","Calm","6.2","73","22.7","13.2","998.7","1010.1"
"2026-08-10","21:40:36","Clear","Dry","Dark","1.6","26.7","3200","57232","28.0","31%","31.9","","Opened","7.375","5","Safe","Calm","6.5","73","22.7","13.2","998.6","1010.0"
"2026-08-10","21:40:46","Clear","Dry","Dark","1.6","26.7","3200","57232","27.9","31%","31.9","","Opened","7.599","5","Safe","Calm","6.4","73","22.7","13.2","998.6","1010.0"
"2026-08-10","21:40:56","Clear","Dry","Dark","1.6","26.7","3200","57232","27.9","31%","31.9","","Opened","7.441","5","Safe","Calm","5.5","73","22.7","13.1","998.6","1009.9"
"2026-08-10","21:41:06","Clear","Dry","Dark","1.6","26.7","3200","57232","28.0","31%","32.0","","Opened","7.305","5","Safe","Calm","5.1","73","22.7","13.1","998.6","1010.0"
"2026-08-10","21:41:16","Clear","Dry","Dark","1.5","26.7","3200","57232","27.9","31%","32.0","","Opened","7.301","5","Safe","Calm","4.0","73","22.6","13.1","998.6","1010.0"
"2026-08-10","21:41:26","Clear","Dry","Dark","1.4","26.7","3200","57232","27.9","31%","32.1","","Opened","7.434","5","Safe","Calm","3.1","73","22.6","13.0","998.6","1010.0"
"2026-08-10","21:41:36","Clear","Dry","Dark","1.6","26.7","3200","57232","28.0","31%","32.2","","Opened","7.450","5","Safe","Calm","2.1","73","22.6","13.2","998.6","1010.0"
"2026-08-10","21:41:46","Clear","Dry","Dark","1.6","26.7","3200","57232","28.0","31%","32.1","","Opened","7.608","5","Safe","Calm","1.9","73","22.6","13.2","998.7","1010.1"
"2026-08-10","21:41:56","Clear","Dry","Dark","1.5","26.6","3200","57232","28.0","31%","32.1","","Opened","7.360","5","Safe","Calm","1.3","73","22.6","13.1","998.6","1010.0"
"2026-08-10","21:42:06","Clear","Dry","Dark","1.5","26.6","3200","57232","28.0","31%","32.1","","Opened","7.386","5","Safe","Calm","0.6","73","22.6","13.0","998.6","1010.0"
"2026-08-10","21:42:16","Clear","Dry","Dark","1.5","26.6","3200","57232","28.0","31%","32.2","","Opened","7.456","5","Safe","Calm","0.6","73","22.6","13.1","998.6","1009.9"
"2026-08-10","21:42:26","Clear","Dry","Dark","1.5","26.6","3200","57232","28.0","31%","32.2","","Opened","7.299","5","Safe","Calm","1.3","73","22.6","13.1","998.6","1010.0"
"2026-08-10","21:42:36","Clear","Dry","Dark","1.5","26.6","3200","57232","28.0","31%","32.2","","Opened","7.420","5","Safe","Calm","1.9","73","22.6","13.1","998.6","1010.0"
"2026-08-10","21:42:46","Clear","Wet","Dark","1.6","26.6","3199","57232","28.0","31%","32.2","","Opened","7.587","5","Safe","Calm","1.3","73","22.6","13.2","998.6","1010.0"
"2026-08-10","21:42:56","Clear","Dry","Dark","1.6","26.6","3200","57232","27.9","31%","32.2","","Opened","7.356","5","Safe","Calm","1.3","73","22.5","13.1","998.6","1010.0"
"2026-08-10","21:43:06","Clear","Dry","Dark","1.6","26.6","3200","57232","28.0","31%","32.2","","Opened","7.330","5","Safe","Calm","1.3","72","22.5","13.1","998.6","1009.9"
"2026-08-10","21:43:16","Clear","Dry","Dark","1.6","26.6","3200","57232","28.0","31%","32.2","","Opened","7.291","5","Safe","Calm","1.3","72","22.5","13.2","998.6","1010.0"
"2026-08-10","21:43:26","Clear","Dry","Dark","1.5","26.6","3200","57232","28.0","31%","32.2","","Opened","7.383","5","Safe","Calm","0.6","72","22.6","13.1","998.6","1010.0"
"2026-08-10","21:43:36","Clear","Dry","Dark","1.4","26.6","3200","57232","28.0","31%","32.3","Heating DOWN","Opened","7.478","5","Safe","Calm","0.0","72","22.5","13.0","998.6","1010.0"
"2026-08-10","21:43:46","Clear","Dry","Dark","1.4","26.6","3200","57232","28.0","30%","32.3","Heating DOWN","Opened","7.649","5","Safe","Calm","0.0","72","22.5","13.0","998.6","1010.0"
"2026-08-10","21:43:56","Clear","Wet","Dark","1.4","26.6","3174","57232","28.0","29%","32.3","Heating DOWN","Opened","7.495","5","Safe","Calm","0.0","72","22.5","13.0","998.6","1010.0"
"2026-08-10","21:44:06","Clear","Wet","Dark","1.5","26.6","3157","57232","27.9","28%","32.3","Heating DOWN","Opened","7.493","5","Safe","Calm","0.6","72","22.5","13.1","998.6","1009.9"
"2026-08-10","21:44:16","Clear","Dry","Dark","1.6","26.6","3200","57232","27.9","27%","32.2","","Opened","7.407","5","Safe","Calm","1.4","72","22.5","13.2","998.6","1009.9"
"2026-08-10","21:44:26","Clear","Dry","Dark","1.4","26.6","3200","57232","28.0","27%","32.2","","Opened","7.353","5","Safe","Calm","2.2","72","22.5","13.0","998.6","1009.9"
"2026-08-10","21:44:36","Clear","Dry","Dark","1.6","26.6","3200","57232","27.9","27%","32.2","","Opened","7.336","5","Safe","Calm","3.0","72","22.4","13.2","998.6","1009.9"
"2026-08-10","21:44:46","Clear","Dry","Dark","1.6","26.6","3200","57232","27.9","27%","32.0","","Opened","7.539","5","Safe","Calm","3.8","72","22.4","13.2","998.5","1009.9"
"2026-08-10","21:44:56","Clear","Dry","Dark","1.4","26.6","3200","57232","27.9","27%","32.0","","Opened","7.338","5","Safe","Calm","3.8","72","22.4","13.0","998.6","1010.0"
"2026-08-10","21:45:06","Clear","Dry","Dark","1.5","26.6","3200","57232","27.9","27%","32.0","","Opened","7.296","5","Safe","Calm","3.1","72","22.4","13.0","998.6","1009.9"
"2026-08-10","21:45:16","Clear","Wet","Dark","1.4","26.6","3199","57232","27.9","27%","32.1","","Opened","7.389","5","Safe","Calm","2.3","72","22.4","13.0","998.6","1010.0"
"2026-08-10","21:45:26","Clear","Dry","Dark","1.3","26.5","3200","57232","27.9","27%","32.1","","Opened","7.371","5","Safe","Calm","1.6","72","22.4","12.9","998.6","1010.0"
"2026-08-10","21:45:36","Clear","Dry","Dark","1.4","26.5","3200","57232","27.9","27%","32.1","","Opened","7.324","5","Safe","Calm","0.8","72","22.4","12.9","998.6","1010.0"
"2026-08-10","21:45:46","Clear","Dry","Dark","1.3","26.5","3200","57232","27.9","27%","32.1","","Opened","7.487","5","Safe","Calm","0.0","72","22.4","12.9","998.6","1009.9"
"2026-08-10","21:45:56","Clear","Dry","Dark","1.4","26.5","3200","57232","27.9","27%","32.1","","Opened","7.388","5","Safe","Calm","0.0","72","22.4","12.9","998.7","1010.1"
"2026-08-10","21:46:06","Clear","Dry","Dark","1.5","26.5","3200","57232","28.0","27%","32.1","","Opened","7.371","5","Safe","Calm","0.0","72","22.4","13.1","998.6","1009.9"
"2026-08-10","21:46:16","Clear","Dry","Dark","1.3","26.5","3200","57232","27.9","27%","32.1","","Opened","7.332","5","Safe","Calm","0.0","72","22.4","12.9","998.6","1010.0"
"2026-08-10","21:46:26","Clear","Dry","Dark","1.2","26.4","3200","57232","28.0","27%","32.1","","Opened","7.277","5","Safe","Calm","0.0","72","22.4","12.8","998.7","1010.1"
"2026-08-10","21:46:36","Clear","Dry","Dark","1.3","26.4","3200","57232","28.0","27%","32.2","","Opened","7.389","5","Safe","Calm","0.0","72","22.4","12.9","998.6","1010.0"
"2026-08-10","21:46:46","Clear","Dry","Dark","1.4","26.4","3200","57232","27.9","27%","32.2","","Opened","7.701","5","Safe","Calm","0.0","72","22.3","13.0","998.6","1010.0"
"2026-08-10","21:46:56","Clear","Dry","Dark","1.5","26.4","3200","57232","28.0","27%","32.2","","Opened","7.421","5","Safe","Calm","0.0","72","22.3","13.1","998.6","1010.0"
"2026-08-10","21:47:06","Clear","Dry","Dark","1.4","26.4","3200","57232","28.0","27%","32.2","","Opened","7.386","5","Safe","Calm","0.0","71","22.3","13.0","998.7","1010.1"
"2026-08-10","21:47:16","Clear","Dry","Dark","1.5","26.4","3200","57232","28.0","27%","32.1","","Opened","7.358","5","Safe","Calm","0.0","71","22.3","13.0","998.7","1010.1"
"2026-08-10","21:47:26","Clear","Dry","Dark","1.2","26.4","3200","57232","27.9","27%","32.1","","Opened","7.315","5","Safe","Calm","0.0","71","22.3","12.8","998.6","1010.0"
"2026-08-10","21:47:36","Clear","Dry","Dark","1.5","26.4","3200","57232","27.9","27%","32.2","","Opened","7.326","5","Safe","Calm","0.0","71","22.3","13.1","998.8","1010.1"
"2026-08-10","21:47:46","Clear","Dry","Dark","1.3","26.4","3200","57232","28.0","27%","32.1","","Opened","7.516","5","Safe","Calm","0.0","71","22.3","12.9","998.6","1010.0"
"2026-08-10","21:47:56","Clear","Dry","Dark","1.4","26.4","3200","57232","27.9","27%","32.2","","Opened","7.290","5","Safe","Calm","0.0","71","22.3","12.9","998.6","1010.0"
"2026-08-10","21:48:06","Clear","Dry","Dark","1.5","26.4","3200","57232","27.9","27%","32.2","","Opened","7.305","5","Safe","Calm","0.0","71","22.3","13.0","998.7","1010.1"
"2026-08-10","21:48:16","Clear","Dry","Dark","1.4","26.4","3200","57232","28.0","27%","32.1","","Opened","7.321","5","Safe","Calm","0.0","71","22.3","13.0","998.7","1010.1"
"2026-08-10","21:48:26","Clear","Dry","Dark","1.4","26.4","3200","57232","28.0","27%","32.1","","Opened","7.317","5","Safe","Calm","0.0","71","22.3","13.0","998.7","1010.1"
"2026-08-10","21:48:36","Clear","Dry","Dark","1.3","26.4","3200","57232","28.0","27%","32.1","","Opened","7.327","5","Safe","Calm","0.0","71","22.3","12.9","998.6","1010.0"
"2026-08-10","21:48:46","Clear","Dry","Dark","1.3","26.3","3200","57232","27.9","27%","32.0","","Opened","7.543","5","Safe","Calm","0.0","71","22.3","12.8","998.7","1010.1"
"2026-08-10","21:48:56","Clear","Dry","Dark","1.2","26.3","3200","57232","28.0","27%","32.1","","Opened","7.436","5","Safe","Calm","0.0","71","22.3","12.8","998.7","1010.1"
"2026-08-10","21:49:06","Clear","Dry","Dark","1.3","26.3","3200","57232","27.9","27%","32.1","","Opened","7.440","5","Safe","Calm","0.0","71","22.2","12.8","998.7","1010.1"
"2026-08-10","21:49:16","Clear","Dry","Dark","1.6","26.3","3200","57232","27.9","27%","32.1","","Opened","7.290","5","Safe","Calm","0.0","71","22.2","13.1","998.7","1010.1"
"2026-08-10","21:49:26","Clear","Dry","Dark","1.4","26.3","3200","57232","27.9","27%","32.0","","Opened","7.407","5","Safe","Calm","0.0","71","22.2","12.9","998.6","1010.0"
"2026-08-10","21:49:36","Clear","Dry","Dark","1.3","26.3","3200","57232","27.9","27%","32.1","","Opened","7.413","5","Safe","Calm","0.0","71","22.2","12.8","998.7","1010.1"
"2026-08-10","21:49:46","Clear","Dry","Dark","1.3","26.3","3200","57232","27.9","27%","32.1","","Opened","7.520","5","Safe","Calm","0.0","71","22.2","12.9","998.7","1010.1"
"2026-08-10","21:49:56","Clear","Dry","Dark","1.5","26.3","3200","57232","27.9","27%","32.0","","Opened","7.305","5","Safe","Calm","0.0","71","22.2","13.0","998.7","1010.1"
"2026-08-10","21:50:06","Clear","Dry","Dark","1.6","26.3","3200","57232","28.0","27%","32.0","","Opened","7.279","5","Safe","Calm","0.0","71","22.2","13.1","998.8","1010.1"
"2026-08-10","21:50:16","Clear","Dry","Dark","1.3","26.3","3200","57232","27.9","27%","32.0","","Opened","7.434","5","Safe","Calm","0.0","71","22.2","12.9","998.6","1010.0"
"2026-08-10","21:50:26","Clear","Dry","Dark","1.3","26.3","3200","57232","27.9","27%","32.0","","Opened","7.431","5","Safe","Calm","0.0","71","22.2","12.9","998.7","1010.1"
"2026-08-10","21:50:36","Clear","Dry","Dark","1.7","26.3","3200","57232","27.9","27%","32.0","","Opened","7.295","5","Safe","Calm","0.0","71","22.2","13.3","998.7","1010.1"
"2026-08-10","21:50:46","Clear","Dry","Dark","1.4","26.3","3200","57232","27.9","27%","31.9","","Opened","7.650","5","Safe","Calm","0.0","71","22.2","13.0","998.7","1010.1"
"2026-08-10","21:50:56","Clear","Dry","Dark","1.3","26.3","3200","57232","27.9","27%","31.8","","Opened","7.299","5","Safe","Calm","0.0","71","22.2","12.9","998.7","1010.1"
"2026-08-10","21:51:06","Clear","Dry","Dark","1.2","26.3","3200","57232","27.9","27%","31.9","","Opened","7.451","5","Safe","Calm","0.0","71","22.2","12.7","998.7","1010.1"
"2026-08-10","21:51:16","Clear","Dry","Dark","1.3","26.3","3200","57232","27.9","27%","31.8","","Opened","7.296","5","Safe","Calm","0.0","71","22.2","12.9","998.8","1010.1"
"2026-08-10","21:51:26","Clear","Dry","Dark","1.2","26.2","3200","57232","27.9","27%","31.8","","Opened","7.430","5","Safe","Calm","0.0","71","22.2","12.7","998.7","1010.1"
"2026-08-10","21:51:36","Clear","Dry","Dark","1.3","26.2","3200","57232","27.9","27%","31.8","","Opened","7.295","5","Safe","Calm","0.0","71","22.2","12.8","998.7","1010.1"
"2026-08-10","21:51:46","Clear","Dry","Dark","1.5","26.2","3200","57232","27.9","27%","31.8","","Opened","7.550","5","Safe","Calm","0.0","71","22.2","13.0","998.7","1010.1"
"2026-08-10","21:51:56","Clear","Dry","Dark","1.4","26.3","3200","57232","27.9","27%","31.7","","Opened","7.296","5","Safe","Calm","0.0","71","22.2","12.9","998.7","1010.1"
"2026-08-10","21:52:06","Clear","Dry","Dark","1.3","26.3","3200","57232","27.9","27%","31.7","","Opened","7.357","5","Safe","Calm","0.0","71","22.1","12.8","998.6","1010.0"
"2026-08-10","21:52:16","Clear","Dry","Dark","1.4","26.3","3200","57232","27.8","27%","31.7","","Opened","7.340","5","Safe","Calm","0.0","71","22.1","12.9","998.7","1010.1"
"2026-08-10","21:52:26","Clear","Dry","Dark","1.3","26.3","3200","57232","27.9","27%","31.7","","Opened","7.317","5","Safe","Calm","0.0","71","22.2","12.8","998.8","1010.1"
"2026-08-10","21:52:35","Clear","Dry","Dark","1.3","26.3","3200","57232","27.8","27%","31.7","","Opened","7.152","5","Safe","Calm","0.0","71","22.1","12.8","998.7","1010.1"
"2026-08-10","21:52:46","Clear","Dry","Dark","1.3","26.2","3200","57232","27.9","27%","31.8","","Opened","7.365","5","Safe","Calm","0.0","71","22.2","12.8","998.7","1010.1"
"2026-08-10","21:52:56","Clear","Dry","Dark","1.3","26.2","3200","57232","27.9","27%","31.8","","Opened","7.426","5","Safe","Calm","0.0","71","22.2","12.8","998.8","1010.1"
"2026-08-10","21:53:06","Clear","Dry","Dark","1.4","26.2","3200","57232","27.8","27%","31.8","","Opened","7.312","5","Safe","Calm","0.0","71","22.1","12.9","998.8","1010.1"
"2026-08-10","21:53:16","Clear","Dry","Dark","1.2","26.2","3200","57232","27.8","27%","31.8","","Opened","7.315","5","Safe","Calm","0.0","71","22.1","12.8","998.7","1010.1"
"2026-08-10","21:53:26","Clear","Dry","Dark","1.4","26.2","3200","57232","27.8","27%","31.8","","Opened","7.305","5","Safe","Calm","0.0","71","22.1","12.9","998.7","1010.1"
"2026-08-10","21:53:36","Clear","Dry","Dark","1.3","26.2","3200","57232","27.8","27%","31.8","","Opened","7.307","5","Safe","Calm","0.0","71","22.1","12.8","998.8","1010.1"
"2026-08-10","21:53:46","Clear","Dry","Dark","1.2","26.2","3200","57232","27.8","27%","31.8","","Opened","7.515","5","Safe","Calm","0.0","71","22.1","12.8","998.8","1010.1"
"2026-08-10","21:53:56","Clear","Dry","Dark","1.4","26.2","3200","57232","27.8","27%","31.8","","Opened","7.305","5","Safe","Calm","0.0","71","22.1","12.9","998.7","1010.1"
"2026-08-10","21:54:06","Clear","Dry","Dark","1.1","26.2","3200","57232","27.8","27%","31.8","","Opened","7.315","5","Safe","Calm","0.0","71","22.1","12.6","998.6","1010.0"
"2026-08-10","21:54:16","Clear","Dry","Dark","1.1","26.2","3200","57232","27.8","27%","31.8","","Opened","7.310","5","Safe","Calm","0.0","71","22.1","12.6","998.8","1010.1"
"2026-08-10","21:54:26","Clear","Dry","Dark","1.1","26.2","3200","57232","27.8","27%","31.8","","Opened","7.283","5","Safe","Calm","0.0","71","22.1","12.6","998.6","1010.0"
"2026-08-10","21:54:36","Clear","Dry","Dark","1.0","26.1","3200","57232","27.8","27%","31.9","","Opened","7.430","5","Safe","Calm","0.0","71","22.1","12.5","998.7","1010.1"
"2026-08-10","21:54:46","Clear","Dry","Dark","1.1","26.1","3200","57232","27.8","27%","31.9","","Opened","7.512","5","Safe","Calm","0.0","71","22.1","12.6","998.6","1010.0"
"2026-08-10","21:54:56","Clear","Dry","Dark","1.1","26.1","3200","57232","27.8","27%","31.9","","Opened","7.411","5","Safe","Calm","0.0","71","22.1","12.6","998.7","1010.1"
"2026-08-10","21:55:06","Clear","Dry","Dark","1.0","26.1","3200","57232","27.8","27%","32.0","","Opened","7.400","5","Safe","Calm","0.0","71","22.1","12.5","998.7","1010.1"
"2026-08-10","21:55:16","Clear","Dry","Dark","1.2","26.0","3200","57232","27.8","27%","32.0","","Opened","7.432","5","Safe","Calm","0.0","71","22.0","12.7","998.7","1010.1"
"2026-08-10","21:55:26","Clear","Dry","Dark","1.1","26.0","3200","57232","27.8","27%","32.0","","Opened","7.290","5","Safe","Calm","0.0","71","22.1","12.6","998.7","1010.1"
"2026-08-10","21:55:36","Clear","Dry","Dark","1.0","26.0","3200","57232","27.8","27%","32.0","","Opened","7.441","5","Safe","Calm","0.0","71","22.0","12.5","998.8","1010.1"
"2026-08-10","21:55:46","Clear","Dry","Dark","1.0","26.0","3200","57232","27.8","27%","32.1","","Opened","7.570","5","Safe","Calm","0.0","71","22.1","12.5","998.7","1010.1"
"2026-08-10","21:55:56","Clear","Dry","Dark","1.2","26.0","3200","57232","27.8","27%","32.1","","Opened","7.325","5","Safe","Calm","0.0","71","22.0","12.7","998.7","1010.1"
"2026-08-10","21:56:06","Clear","Dry","Dark","1.1","26.0","3200","57232","27.8","27%","32.1","","Opened","7.302","5","Safe","Calm","0.0","71","22.0","12.6","998.6","1010.0"
"2026-08-10","21:56:16","Clear","Dry","Dark","0.9","26.0","3200","57232","27.8","27%","32.1","","Opened","7.290","5","Safe","Calm","0.0","71","22.0","12.4","998.7","1010.1"
"2026-08-10","21:56:26","Clear","Dry","Dark","1.1","26.0","3200","57232","27.8","27%","32.0","","Opened","7.403","5","Safe","Calm","0.0","71","22.0","12.6","998.8","1010.1"
"2026-08-10","21:56:36","Clear","Dry","Dark","1.0","26.0","3200","57232","27.8","27%","32.0","","Opened","7.389","5","Safe","Calm","0.0","71","22.1","12.5","998.6","1010.0"
"2026-08-10","21:56:46","Clear","Dry","Dark","1.1","26.0","3200","57232","27.8","27%","32.0","","Opened","7.505","5","Safe","Calm","0.0","71","22.0","12.6","998.6","1010.0"
"2026-08-10","21:56:56","Clear","Dry","Dark","0.9","25.9","3200","57232","27.8","27%","32.1","","Opened","7.295","5","Safe","Calm","0.0","71","22.1","12.4","998.6","1010.0"
"2026-08-10","21:57:06","Clear","Dry","Dark","0.8","25.9","3200","57232","27.8","27%","32.1","Heating DOWN","Opened","7.562","5","Safe","Calm","0.0","71","22.0","12.3","998.8","1010.1"
"2026-08-10","21:57:16","Clear","Dry","Dark","0.8","25.9","3200","57232","27.8","26%","32.2","Heating DOWN","Opened","7.464","5","Safe","Calm","0.0","71","22.0","12.3","998.7","1010.1"
"2026-08-10","21:57:26","Clear","Wet","Dark","0.8","25.8","3175","57232","27.8","25%","32.2","Heating DOWN","Opened","7.511","5","Safe","Calm","0.0","71","22.0","12.3","998.6","1010.0"
"2026-08-10","21:57:36","Clear","Wet","Dark","0.9","25.8","3148","57232","27.8","24%","32.2","Heating DOWN","Opened","7.398","5","Safe","Calm","0.0","71","22.0","12.4","998.6","1010.0"
"2026-08-10","21:57:46","Clear","Dry","Dark","0.9","25.8","3200","57232","27.8","23%","32.2","Heating DOWN","Opened","7.635","5","Safe","Calm","0.0","71","22.0","12.4","998.6","1010.0"
"2026-08-10","21:57:56","Clear","Dry","Dark","0.8","25.8","3200","57232","27.8","22%","32.1","","Opened","7.464","5","Safe","Calm","0.0","71","22.0","12.3","998.6","1010.0"
"2026-08-10","21:58:06","Clear","Dry","Dark","0.9","25.8","3200","57232","27.8","22%","32.1","Heating DOWN","Opened","7.609","5","Safe","Calm","0.0","71","21.9","12.4","998.7","1010.1"
"2026-08-10","21:58:16","Clear","Wet","Dark","0.8","25.7","3175","57232","27.8","21%","32.1","Heating DOWN","Opened","7.530","5","Safe","Calm","0.0","71","22.0","12.3","998.7","1010.1"
"2026-08-10","21:58:26","Clear","Wet","Dark","0.8","25.7","3136","57232","27.8","20%","32.1","Heating DOWN","Opened","7.440","5","Safe","Calm","0.0","71","21.9","12.3","998.6","1010.0"
"2026-08-10","21:58:36","Clear","Wet","Dark","0.8","25.7","3157","57232","27.8","19%","32.0","","Opened","7.320","5","Safe","Calm","0.0","70","21.9","12.3","998.7","1010.1"
"2026-08-10","21:58:46","Clear","Wet","Dark","0.8","25.7","3157","57232","27.8","19%","31.9","","Opened","7.530","5","Safe","Calm","0.0","70","21.9","12.3","998.8","1010.1"
"2026-08-10","21:58:56","Clear","Wet","Dark","0.7","25.7","3157","57232","27.8","19%","31.9","","Opened","7.435","5","Safe","Calm","0.0","70","21.9","12.2","998.7","1010.1"
"2026-08-10","21:59:06","Clear","Wet","Dark","0.7","25.6","3157","57232","27.8","19%","31.8","","Opened","7.287","5","Safe","Calm","0.0","70","21.9","12.2","998.7","1010.1"
"2026-08-10","21:59:16","Clear","Wet","Dark","0.7","25.6","3157","57232","27.8","19%","31.8","","Opened","7.328","5","Safe","Calm","0.0","70","21.9","12.2","998.8","1010.1"
"2026-08-10","21:59:26","Clear","Wet","Dark","0.8","25.6","3157","57232","27.8","19%","31.8","","Opened","7.311","5","Safe","Calm","0.0","70","21.9","12.2","998.7","1010.1"
"2026-08-10","21:59:36","Clear","Wet","Dark","0.7","25.6","3157","57232","27.8","19%","31.7","","Opened","7.399","5","Safe","Calm","0.0","70","21.9","12.2","998.8","1010.1"
"2026-08-10","21:59:46","Clear","Wet","Dark","0.8","25.5","3157","57232","27.8","19%","31.7","","Opened","7.565","5","Safe","Calm","0.0","70","21.9","12.3","998.6","1010.0"
"2026-08-10","21:59:56","Clear","Wet","Dark","0.9","25.5","3157","57232","27.7","19%","31.6","","Opened","7.343","5","Safe","Calm","0.0","70","21.8","12.4","998.7","1010.1"
"2026-08-10","22:00:06","Clear","Wet","Dark","0.8","25.5","3157","57232","27.7","19%","31.5","","Opened","7.339","5","Safe","Calm","0.0","70","21.8","12.2","998.7","1010.1"
"2026-08-10","22:00:16","Clear","Wet","Dark","0.7","25.5","3136","57232","27.7","19%","31.4","Heating UP","Opened","7.480","5","Safe","Calm","0.0","70","21.8","12.2","998.7","1010.1"
"2026-08-10","22:00:26","Clear","Wet","Dark","0.6","25.5","3115","57232","27.7","20%","31.4","Heating UP","Opened","7.565","5","Safe","Calm","0.0","70","21.8","12.1","998.7","1010.1"
"2026-08-10","22:00:36","Clear","Wet","Dark","0.7","25.5","3149","57232","27.7","21%","31.3","Heating UP","Opened","7.546","5","Safe","Calm","0.0","70","21.8","12.2","998.6","1010.0"
"2026-08-10","22:00:46","Clear","Dry","Dark","0.7","25.5","3200","57232","27.7","22%","31.3","Heating UP","Opened","7.690","5","Safe","Calm","0.0","70","21.8","12.2","998.8","1010.1"
"2026-08-10","22:00:56","Clear","Wet","Dark","0.7","25.5","3136","57232","27.7","23%","31.1","Heating UP","Opened","7.561","5","Safe","Calm","0.0","70","21.8","12.2","998.6","1010.0"
"2026-08-10","22:01:06","Clear","Wet","Dark","0.7","25.5","3136","57232","27.7","25%","31.1","Heating UP","Opened","7.516","5","Safe","Calm","0.0","70","21.8","12.2","998.7","1010.1"
"2026-08-10","22:01:16","Clear","Wet","Dark","0.8","25.5","3136","57232","27.7","27%","31.1","Heating UP","Opened","7.466","5","Safe","Calm","0.0","70","21.8","12.2","998.7","1010.1"
"2026-08-10","22:01:26","Clear","Wet","Dark","0.7","25.4","3136","57232","27.7","29%","31.3","","Opened","7.347","5","Safe","Calm","0.0","70","21.8","12.2","998.8","1010.2"
"2026-08-10","22:01:36","Clear","Wet","Dark","0.8","25.4","3136","57232","27.7","29%","31.3","Heating UP","Opened","7.496","5","Safe","Calm","0.0","70","21.8","12.2","998.7","1010.1"
"2026-08-10","22:01:46","Clear","Dry","Dark","0.6","25.4","3200","57232","27.7","30%","31.4","","Opened","7.507","5","Safe","Calm","0.0","70","21.8","12.1","998.8","1010.1"
"2026-08-10","22:01:56","Clear","Dry","Dark","0.6","25.4","3200","57232","27.7","30%","31.5","","Opened","7.439","5","Safe","Calm","0.0","70","21.8","12.0","998.8","1010.1"
"2026-08-10","22:02:06","Clear","Dry","Dark","0.9","25.4","3200","57232","27.7","30%","31.5","","Opened","7.314","5","Safe","Calm","0.0","70","21.8","12.3","998.7","1010.1"
"2026-08-10","22:02:16","Clear","Dry","Dark","0.7","25.4","3200","57232","27.7","30%","31.4","","Opened","7.306","5","Safe","Calm","0.0","71","21.8","12.2","998.7","1010.1"
"2026-08-10","22:02:26","Clear","Dry","Dark","0.8","25.4","3200","57232","27.6","30%","31.4","","Opened","7.415","5","Safe","Calm","0.0","71","21.8","12.2","998.8","1010.1"
"2026-08-10","22:02:36","Clear","Dry","Dark","0.6","25.4","3200","57232","27.7","30%","31.4","","Opened","7.409","5","Safe","Calm","0.0","71","21.9","12.0","998.7","1010.1"
"2026-08-10","22:02:46","Clear","Dry","Dark","1.0","25.4","3200","57232","27.6","30%","31.5","","Opened","7.575","5","Safe","Calm","0.0","71","21.8","12.4","998.7","1010.1"
"2026-08-10","22:02:56","Clear","Dry","Dark","0.6","25.4","3200","57232","27.6","30%","31.4","","Opened","7.357","5","Safe","Calm","0.0","71","21.9","12.0","998.7","1010.1"
"2026-08-10","22:03:06","Clear","Dry","Dark","0.8","25.4","3200","57232","27.6","30%","31.4","","Opened","7.344","5","Safe","Calm","0.0","71","21.9","12.2","998.7","1010.1"
"2026-08-10","22:03:16","Clear","Dry","Dark","0.7","25.4","3200","57232","27.6","30%","31.4","","Opened","7.350","5","Safe","Calm","0.0","71","21.8","12.1","998.8","1010.2"
"2026-08-10","22:03:26","Clear","Dry","Dark","0.7","25.4","3200","57232","27.6","30%","31.5","","Opened","7.310","5","Safe","Calm","0.0","71","21.8","12.0","998.8","1010.2"
"2026-08-10","22:03:36","Clear","Dry","Dark","0.7","25.3","3200","57232","27.6","30%","31.5","","Opened","7.321","5","Safe","Calm","0.0","71","21.8","12.1","998.8","1010.2"
"2026-08-10","22:03:46","Clear","Dry","Dark","0.6","25.3","3200","57232","27.6","30%","31.5","","Opened","7.542","5","Safe","Calm","0.0","71","21.9","12.0","998.7","1010.1"
"2026-08-10","22:03:56","Clear","Dry","Dark","0.6","25.3","3200","57232","27.5","30%","31.6","","Opened","7.321","5","Safe","Calm","0.0","71","21.8","12.0","998.8","1010.2"
"2026-08-10","22:04:06","Clear","Dry","Dark","0.9","25.3","3200","57232","27.5","30%","31.6","","Opened","7.305","5","Safe","Calm","0.0","71","21.8","12.3","998.8","1010.2"
"2026-08-10","22:04:16","Clear","Dry","Dark","0.6","25.3","3200","57232","27.5","30%","31.6","","Opened","7.329","5","Safe","Calm","0.0","71","21.8","12.0","998.8","1010.2"
"2026-08-10","22:04:26","Clear","Dry","Dark","0.9","25.3","3200","57232","27.5","30%","31.7","","Opened","7.727","5","Safe","Calm","0.0","71","21.8","12.2","998.8","1010.2"
"2026-08-10","22:04:36","Clear","Dry","Dark","0.8","25.3","3200","57232","27.5","30%","31.7","","Opened","7.395","5","Safe","Calm","0.0","71","21.8","12.1","998.8","1010.2"
"2026-08-10","22:04:46","Clear","Dry","Dark","0.6","25.3","3200","57232","27.5","30%","31.6","","Opened","7.575","5","Safe","Calm","0.0","71","21.8","12.0","998.8","1010.2"
"2026-08-10","22:04:56","Clear","Dry","Dark","0.8","25.3","3200","57232","27.5","30%","31.6","","Opened","7.419","5","Safe","Calm","0.0","71","21.8","12.1","998.8","1010.2"
"2026-08-10","22:05:06","Clear","Dry","Dark","0.9","25.3","3200","57232","27.5","30%","31.6","","Opened","7.376","5","Safe","Calm","0.0","71","21.8","12.2","998.8","1010.2"
"2026-08-10","22:05:16","Clear","Dry","Dark","0.7","25.3","3200","57232","27.5","30%","31.5","","Opened","7.440","5","Safe","Calm","0.0","71","21.8","12.0","998.8","1010.2"
"2026-08-10","22:05:26","Clear","Dry","Dark","0.7","25.3","3200","57232","27.5","30%","31.5","","Opened","7.276","5","Safe","Calm","0.0","72","21.9","12.0","998.8","1010.2"
"2026-08-10","22:05:36","Clear","Dry","Dark","0.9","25.3","3200","57232","27.4","30%","31.6","","Opened","7.649","5","Safe","Calm","0.0","72","21.9","12.2","998.8","1010.2"
"2026-08-10","22:05:46","Clear","Dry","Dark","0.7","25.3","3200","57232","27.4","30%","31.6","","Opened","7.826","5","Safe","Calm","0.0","72","21.8","12.0","998.8","1010.2"
"2026-08-10","22:05:56","Clear","Dry","Dark","0.7","25.3","3200","57232","27.4","30%","31.6","","Opened","7.325","5","Safe","Calm","0.0","72","21.8","12.0","998.8","1010.2"
"2026-08-10","22:06:05","Clear","Dry","Dark","0.6","25.3","3200","57232","27.4","30%","31.7","","Opened","7.172","5","Safe","Calm","0.0","72","21.8","11.9","998.8","1010.2"
"2026-08-10","22:06:16","Clear","Dry","Dark","0.7","25.3","3200","57232","27.4","30%","31.7","","Opened","7.471","5","Safe","Calm","0.0","72","21.8","12.0","998.8","1010.2"
"2026-08-10","22:06:26","Clear","Dry","Dark","0.7","25.2","3200","57232","27.4","30%","31.7","","Opened","7.365","5","Safe","Calm","0.0","72","21.8","12.0","998.8","1010.2"
"2026-08-10","22:06:36","Clear","Dry","Dark","0.8","25.3","3200","57232","27.4","30%","31.6","","Opened","7.349","5","Safe","Calm","0.0","72","21.8","12.1","998.8","1010.2"
"2026-08-10","22:06:46","Clear","Dry","Dark","0.8","25.3","3200","57232","27.4","30%","31.6","","Opened","7.684","5","Safe","Calm","0.0","72","21.8","12.0","998.8","1010.2"
"2026-08-10","22:06:56","Clear","Dry","Dark","0.6","25.3","3200","57232","27.4","30%","31.6","","Opened","7.412","5","Safe","Calm","0.0","72","21.9","11.9","998.8","1010.2"
"2026-08-10","22:07:06","Clear","Dry","Dark","0.7","25.2","3200","57232","27.4","30%","31.5","","Opened","7.475","5","Safe","Calm","0.0","72","21.9","12.0","998.8","1010.2"
"2026-08-10","22:07:16","Clear","Dry","Dark","0.8","25.3","3200","57232","27.3","30%","31.5","","Opened","7.310","5","Safe","Calm","0.0","72","21.9","12.1","998.8","1010.2"
"2026-08-10","22:07:26","Clear","Dry","Dark","0.7","25.2","3200","57232","27.3","30%","31.5","","Opened","7.591","5","Safe","Calm","0.0","72","21.9","12.0","998.8","1010.2"
"2026-08-10","22:07:36","Clear","Dry","Dark","0.7","25.2","3200","57232","27.3","30%","31.6","","Opened","7.471","5","Safe","Calm","0.0","72","21.9","12.0","998.8","1010.2"
"2026-08-10","22:07:46","Clear","Dry","Dark","0.8","25.3","3200","57232","27.3","30%","31.5","","Opened","7.574","5","Safe","Calm","0.0","72","21.8","12.1","998.8","1010.2"
"2026-08-10","22:07:56","Clear","Dry","Dark","1.0","25.3","3200","57232","27.3","30%","31.5","","Opened","7.447","5","Safe","Calm","0.0","72","21.9","12.2","998.8","1010.2"
"2026-08-10","22:08:06","Clear","Dry","Dark","0.8","25.3","3200","57232","27.3","30%","31.5","","Opened","7.427","5","Safe","Calm","0.0","72","21.9","12.1","998.8","1010.2"
"2026-08-10","22:08:16","Clear","Dry","Dark","1.0","25.3","3200","57232","27.3","30%","31.5","","Opened","7.281","5","Safe","Calm","0.0","72","21.9","12.2","998.8","1010.2"
"2026-08-10","22:08:26","Clear","Dry","Dark","0.8","25.3","3200","57232","27.3","30%","31.5","","Opened","7.365","5","Safe","Calm","0.0","73","22.0","12.1","998.7","1010.1"
"2026-08-10","22:08:36","Clear","Dry","Dark","0.9","25.3","3200","57232","27.3","30%","31.5","","Opened","7.541","5","Safe","Calm","0.0","73","21.9","12.1","998.8","1010.2"
"2026-08-10","22:08:46","Clear","Dry","Dark","0.9","25.3","3200","57232","27.2","30%","31.5","","Opened","7.625","5","Safe","Calm","0.0","73","21.9","12.1","998.8","1010.2"
"2026-08-10","22:08:56","Clear","Dry","Dark","0.8","25.2","3200","57232","27.3","30%","31.5","","Opened","7.294","5","Safe","Calm","0.0","73","22.0","12.0","998.8","1010.2"
"2026-08-10","22:09:06","Clear","Dry","Dark","0.8","25.2","3200","57232","27.2","30%","31.5","","Opened","7.379","5","Safe","Calm","0.0","73","22.0","12.0","998.8","1010.2"
"2026-08-10","22:09:16","Clear","Dry","Dark","0.9","25.2","3200","57232","27.2","30%","31.6","Heating DOWN","Opened","7.536","5","Safe","Calm","0.0","73","21.9","12.1","998.8","1010.2"
"2026-08-10","22:09:26","Clear","Wet","Dark","0.9","25.2","3136","57232","27.2","29%","31.6","Heating DOWN","Opened","7.537","5","Safe","Calm","0.0","73","21.9","12.1","998.8","1010.2"
"2026-08-10","22:09:36","Clear","Wet","Dark","0.8","25.2","3072","57232","27.2","28%","31.6","Heating DOWN","Opened","7.429","5","Safe","Calm","0.0","73","21.9","11.9","998.8","1010.2"
"2026-08-10","22:09:46","Clear","Wet","Dark","0.8","25.2","3136","57232","27.2","27%","31.6","Heating DOWN","Opened","7.661","5","Safe","Calm","0.0","73","21.9","11.9","998.8","1010.2"
"2026-08-10","22:09:56","Clear","Dry","Dark","0.8","25.2","3200","57232","27.2","26%","31.6","Heating DOWN","Opened","7.551","5","Safe","Calm","0.0","73","21.9","12.0","998.8","1010.2"
"2026-08-10","22:10:06","Clear","Wet","Dark","0.9","25.2","3136","57232","27.2","25%","31.6","Heating DOWN","Opened","7.490","5","Safe","Calm","0.0","73","21.9","12.1","998.7","1010.1"
"2026-08-10","22:10:16","Clear","Wet","Dark","1.1","25.2","3072","57232","27.2","24%","31.5","","Opened","7.432","5","Safe","Calm","0.0","73","21.9","12.2","998.7","1010.1"
"2026-08-10","22:10:26","Clear","Wet","Dark","0.8","25.2","3071","57232","27.2","24%","31.5","","Opened","7.402","5","Safe","Calm","0.0","73","21.9","11.9","998.8","1010.2"
"2026-08-10","22:10:36","Clear","Wet","Dark","1.0","25.2","3072","57232","27.2","24%","31.4","","Opened","7.395","5","Safe","Calm","0.0","73","21.9","12.1","998.7","1010.1"
"2026-08-10","22:10:46","Clear","Wet","Dark","0.9","25.1","3072","57232","27.2","24%","31.3","","Opened","7.615","5","Safe","Calm","0.0","73","21.9","12.0","998.8","1010.2"
"2026-08-10","22:10:56","Clear","Wet","Dark","0.8","25.1","3072","57232","27.2","24%","31.4","","Opened","7.315","5","Safe","Calm","0.0","73","21.9","12.0","998.8","1010.2"
"2026-08-10","22:11:06","Clear","Wet","Dark","1.1","25.2","3072","57232","27.2","24%","31.1","","Opened","7.330","5","Safe","Calm","0.6","73","22.0","12.2","998.8","1010.2"
"2026-08-10","22:11:16","Clear","Wet","Dark","1.0","25.2","3072","57232","27.1","24%","31.1","","Opened","7.344","5","Safe","Calm","0.6","73","21.9","12.1","998.7","1010.1"
"2026-08-10","22:11:26","Clear","Wet","Dark","0.8","25.2","3072","57232","27.1","24%","31.0","","Opened","7.443","5","Safe","Calm","1.3","73","21.9","11.9","998.7","1010.1"
"2026-08-10","22:11:36","Clear","Wet","Dark","0.7","25.2","3072","57232","27.1","24%","30.9","","Opened","7.335","5","Safe","Calm","1.3","73","21.9","11.9","998.8","1010.2"
"2026-08-10","22:11:46","Clear","Wet","Dark","1.1","25.1","3072","57232","27.1","24%","30.9","","Opened","7.887","5","Safe","Calm","1.3","74","22.0","12.2","998.8","1010.2"
"2026-08-10","22:11:56","Clear","Wet","Dark","1.1","25.2","3072","57232","27.1","24%","30.8","","Opened","7.388","5","Safe","Calm","1.3","74","22.0","12.2","998.8","1010.2"
"2026-08-10","22:12:06","Clear","Wet","Dark","1.0","25.2","3072","57232","27.1","24%","30.7","Heating UP","Opened","7.517","5","Safe","Calm","0.6","74","22.0","12.1","998.9","1010.3"
"2026-08-10","22:12:16","Clear","Wet","Dark","1.0","25.2","3104","57232","27.0","25%","30.7","Heating UP","Opened","7.401","5","Safe","Calm","0.6","74","22.0","12.0","998.8","1010.2"
"2026-08-10","22:12:26","Clear","Dry","Dark","0.8","25.1","3200","57232","27.1","26%","30.7","Heating UP","Opened","7.421","5","Safe","Calm","0.0","74","22.0","11.9","998.8","1010.2"
"2026-08-10","22:12:36","Clear","Wet","Dark","0.8","25.1","3072","57232","27.0","27%","30.7","Heating UP","Opened","7.501","5","Safe","Calm","0.0","74","22.0","11.9","998.8","1010.2"
"2026-08-10","22:12:46","Clear","Wet","Dark","1.1","25.1","3072","57232","27.0","28%","30.8","","Opened","7.519","5","Safe","Calm","0.0","74","22.0","12.2","998.7","1010.1"
"2026-08-10","22:12:56","Clear","Wet","Dark","1.1","25.1","3072","57232","27.0","28%","30.7","Heating UP","Opened","7.569","5","Safe","Calm","0.0","74","22.0","12.2","998.8","1010.2"
"2026-08-10","22:13:06","Clear","Wet","Dark","1.0","25.1","3072","57232","27.0","29%","30.7","","Opened","7.375","5","Safe","Calm","0.0","74","22.0","12.1","998.8","1010.2"
"2026-08-10","22:13:16","Clear","Wet","Dark","1.0","25.1","3092","57232","27.0","29%","30.8","","Opened","7.350","5","Safe","Calm","0.0","74","22.0","12.1","998.7","1010.1"
"2026-08-10","22:13:26","Clear","Wet","Dark","0.9","25.1","3098","57232","27.0","29%","30.8","","Opened","7.317","5","Safe","Calm","0.0","74","22.0","12.0","998.8","1010.2"
"2026-08-10","22:13:36","Clear","Wet","Dark","1.0","25.1","3104","57232","27.0","29%","30.9","","Opened","7.291","5","Safe","Calm","0.0","74","22.0","12.0","998.7","1010.1"
"2026-08-10","22:13:46","Clear","Wet","Dark","0.9","25.0","3104","57232","27.0","29%","31.0","","Opened","7.742","5","Safe","Calm","0.0","74","22.0","12.0","998.8","1010.2"
"2026-08-10","22:13:56","Clear","Wet","Dark","1.1","25.1","3105","57232","27.0","29%","31.0","","Opened","7.350","5","Safe","Calm","0.0","74","21.9","12.1","998.8","1010.2"
"2026-08-10","22:14:06","Clear","Wet","Dark","1.0","25.0","3114","57232","27.0","29%","31.0","","Opened","7.431","5","Safe","Calm","0.0","74","21.9","12.1","998.7","1010.1"
"2026-08-10","22:14:16","Clear","Wet","Dark","0.9","25.0","3115","57232","27.0","29%","31.0","","Opened","7.347","5","Safe","Calm","0.0","74","21.9","12.0","998.8","1010.2"
"2026-08-10","22:14:26","Clear","Wet","Dark","1.0","25.0","3115","57232","27.0","29%","31.1","","Opened","7.340","5","Safe","Calm","0.0","74","21.9","12.1","998.8","1010.2"
"2026-08-10","22:14:36","Clear","Wet","Dark","1.0","25.0","3114","57232","27.0","29%","31.1","","Opened","7.405","5","Safe","Calm","0.0","74","21.9","12.0","998.8","1010.2"
"2026-08-10","22:14:46","Clear","Wet","Dark","1.0","25.0","3115","57232","27.0","29%","31.1","","Opened","7.545","5","Safe","Calm","0.0","74","21.9","12.1","998.8","1010.2"
"2026-08-10","22:14:56","Clear","Wet","Dark","0.9","25.0","3115","57232","27.0","29%","31.3","","Opened","7.452","5","Safe","Calm","0.0","74","21.9","12.0","998.8","1010.2"
"2026-08-10","22:15:06","Clear","Wet","Dark","0.8","25.0","3115","57232","27.0","29%","31.3","","Opened","7.355","5","Safe","Calm","0.0","74","21.9","11.9","998.8","1010.2"
"2026-08-10","22:15:16","Clear","Wet","Dark","0.9","25.0","3115","57232","27.0","29%","31.3","","Opened","7.335","5","Safe","Calm","0.0","74","21.9","12.0","998.7","1010.1"
"2026-08-10","22:15:26","Clear","Wet","Dark","0.9","25.0","3115","57232","27.0","29%","31.4","Heating DOWN","Opened","7.473","5","Safe","Calm","0.0","74","21.9","12.0","998.8","1010.2"
"2026-08-10","22:15:36","Clear","Wet","Dark","0.9","25.0","3072","57232","27.0","28%","31.3","","Opened","7.433","5","Safe","Calm","0.0","73","21.9","12.0","998.7","1010.1"
"2026-08-10","22:15:46","Clear","Wet","Dark","0.8","25.0","3072","57232","27.0","28%","31.3","","Opened","7.643","5","Safe","Calm","0.0","74","21.9","11.9","998.7","1010.1"
"2026-08-10","22:15:56","Clear","Wet","Dark","1.0","25.0","3072","57232","27.0","28%","31.3","","Opened","7.301","5","Safe","Calm","0.0","73","21.9","12.0","998.8","1010.2"
"2026-08-10","22:16:06","Clear","Wet","Dark","0.8","25.0","3072","57232","27.0","28%","31.4","Heating DOWN","Opened","7.545","5","Safe","Calm","0.0","73","21.8","11.8","998.7","1010.1"
"2026-08-10","22:16:16","Clear","Wet","Dark","0.8","25.0","3136","57232","27.0","27%","31.4","Heating DOWN","Opened","7.451","5","Safe","Calm","0.0","73","21.8","11.9","998.7","1010.1"
"2026-08-10","22:16:26","Clear","Dry","Dark","0.8","24.9","3200","57232","27.0","26%","31.4","Heating DOWN","Opened","7.505","5","Safe","Calm","0.0","73","21.9","11.9","998.7","1010.1"
"2026-08-10","22:16:36","Clear","Wet","Dark","0.9","25.0","3136","57232","27.0","25%","31.4","Heating DOWN","Opened","7.562","5","Safe","Calm","0.0","74","21.8","12.0","998.6","1010.0"
"2026-08-10","22:16:46","Clear","Wet","Dark","0.9","25.0","3072","57232","27.0","24%","31.3","","Opened","7.575","5","Safe","Calm","0.0","74","21.9","12.0","998.6","1010.0"
"2026-08-10","22:16:56","Clear","Wet","Dark","0.8","24.9","3072","57232","27.0","24%","31.3","","Opened","7.369","5","Safe","Calm","0.0","74","21.9","11.9","998.7","1010.1"
"2026-08-10","22:17:06","Clear","Wet","Dark","0.9","24.9","3072","57232","27.0","24%","31.1","","Opened","7.371","5","Safe","Calm","0.0","74","21.9","11.9","998.7","1010.1"
"2026-08-10","22:17:16","Clear","Wet","Dark","0.9","24.9","3072","57232","27.0","24%","31.1","","Opened","7.411","5","Safe","Calm","0.0","74","21.9","11.9","998.7","1010.1"
"2026-08-10","22:17:26","Clear","Wet","Dark","0.9","24.9","3072","57232","27.0","24%","31.1","","Opened","7.449","5","Safe","Calm","0.0","74","21.9","11.9","998.7","1010.1"
"2026-08-10","22:17:36","Clear","Wet","Dark","0.8","24.9","3072","57232","27.0","24%","31.1","","Opened","7.349","5","Safe","Calm","0.0","74","21.9","11.9","998.7","1010.1"
"2026-08-10","22:17:46","Clear","Wet","Dark","0.8","24.9","3072","57232","27.0","24%","31.1","","Opened","7.636","5","Safe","Calm","0.0","74","21.9","11.9","998.6","1010.0"
"2026-08-10","22:17:55","Clear","Wet","Dark","0.9","24.9","3072","57232","27.0","24%","31.1","","Opened","7.230","5","Safe","Calm","0.0","74","21.9","11.9","998.8","1010.2"
"2026-08-10","22:18:06","Clear","Wet","Dark","0.8","24.9","3072","57232","27.0","24%","31.0","","Opened","7.375","5","Safe","Calm","0.0","74","21.9","11.9","998.7","1010.1"
"2026-08-10","22:18:16","Clear","Wet","Dark","0.8","24.9","3072","57232","27.0","24%","31.0","","Opened","7.459","5","Safe","Calm","0.0","74","21.9","11.8","998.8","1010.2"
"2026-08-10","22:18:26","Clear","Wet","Dark","0.8","24.9","3072","57232","27.0","24%","31.0","","Opened","7.299","5","Safe","Calm","0.0","74","21.9","11.9","998.6","1010.0"
"2026-08-10","22:18:36","Clear","Wet","Dark","0.8","24.9","3072","57232","27.0","24%","31.0","","Opened","7.470","5","Safe","Calm","0.0","74","21.9","11.8","998.7","1010.1"
"2026-08-10","22:18:46","Clear","Wet","Dark","0.7","24.8","3072","57232","27.0","24%","31.0","","Opened","7.900","5","Safe","Calm","0.0","74","21.9","11.8","998.8","1010.2"
"2026-08-10","22:18:56","Clear","Wet","Dark","0.8","24.8","3072","57232","27.0","24%","30.9","","Opened","7.370","5","Safe","Calm","0.0","74","21.9","11.8","998.7","1010.1"
"2026-08-10","22:19:06","Clear","Wet","Dark","0.9","24.8","3072","57232","27.0","24%","30.9","","Opened","7.470","5","Safe","Calm","0.0","74","21.9","12.0","998.7","1010.1"
"2026-08-10","22:19:16","Clear","Wet","Dark","0.9","24.8","3072","57232","26.9","24%","30.8","","Opened","7.440","5","Safe","Calm","0.0","74","21.9","11.9","998.7","1010.1"
"2026-08-10","22:19:26","Clear","Wet","Dark","1.1","24.9","3072","57232","27.0","24%","30.8","","Opened","7.435","5","Safe","Calm","0.0","74","21.9","12.2","998.7","1010.1"
"2026-08-10","22:19:36","Clear","Wet","Dark","1.0","24.8","3072","57232","26.9","24%","30.8","","Opened","7.390","5","Safe","Calm","0.0","74","21.9","12.1","998.7","1010.1"
"2026-08-10","22:19:46","Clear","Wet","Dark","1.0","24.9","3072","57232","26.9","24%","30.7","","Opened","7.794","5","Safe","Calm","0.0","74","21.9","12.1","998.6","1010.0"
"2026-08-10","22:19:56","Clear","Wet","Dark","0.9","24.9","3072","57232","26.9","24%","30.7","","Opened","7.575","5","Safe","Calm","0.0","74","21.9","12.0","998.8","1010.2"
"2026-08-10","22:20:06","Clear","Wet","Dark","0.9","24.9","3072","57232","26.9","24%","30.7","","Opened","7.461","5","Safe","Calm","0.0","74","21.8","12.0","998.7","1010.1"
"2026-08-10","22:20:16","Clear","Wet","Dark","0.9","24.9","3072","57232","26.9","24%","30.7","","Opened","7.445","5","Safe","Calm","0.0","74","21.8","11.9","998.8","1010.2"
"2026-08-10","22:20:26","Clear","Wet","Dark","1.0","24.9","3072","57232","26.9","24%","30.7","","Opened","7.474","5","Safe","Calm","0.0","74","21.8","12.0","998.8","1010.2"
"2026-08-10","22:20:36","Clear","Wet","Dark","1.0","24.9","3072","57232","26.9","24%","30.7","","Opened","7.524","5","Safe","Calm","0.0","74","21.8","12.0","998.7","1010.1"
"2026-08-10","22:20:46","Clear","Wet","Dark","0.9","24.9","3072","57232","26.9","24%","30.7","","Opened","7.870","5","Safe","Calm","0.0","74","21.8","11.9","998.8","1010.2"
"2026-08-10","22:20:56","Clear","Wet","Dark","0.9","24.9","3072","57232","26.9","24%","30.7","","Opened","7.380","5","Safe","Calm","0.0","74","21.8","11.9","998.7","1010.1"
"2026-08-10","22:21:06","Clear","Wet","Dark","1.0","24.9","3072","57232","26.9","24%","30.7","","Opened","7.425","5","Safe","Calm","0.0","74","21.8","12.1","998.7","1010.1"
"2026-08-10","22:21:16","Clear","Wet","Dark","0.9","24.9","3072","57232","26.9","24%","30.6","Heating UP","Opened","7.540","5","Safe","Calm","0.0","74","21.8","12.0","998.7","1010.1"
"2026-08-10","22:21:26","Clear","Wet","Dark","0.9","24.9","3072","57232","26.9","25%","30.6","Heating UP","Opened","7.720","5","Safe","Calm","0.0","74","21.8","11.9","998.8","1010.2"
"2026-08-10","22:21:36","Clear","Dry","Dark","1.0","24.9","3200","57232","26.9","26%","30.6","Heating UP","Opened","7.719","5","Safe","Calm","0.0","74","21.8","12.1","998.7","1010.1"
"2026-08-10","22:21:46","Clear","Wet","Dark","1.0","24.9","3072","57232","26.9","27%","30.6","Heating UP","Opened","7.915","5","Safe","Calm","0.0","74","21.8","12.1","998.8","1010.2"
"2026-08-10","22:21:56","Clear","Wet","Dark","0.9","24.9","3072","57232","26.9","28%","30.7","","Opened","7.485","5","Safe","Calm","0.0","74","21.8","11.9","998.8","1010.2"
"2026-08-10","22:22:06","Clear","Wet","Dark","0.9","24.9","3072","57232","26.9","28%","30.7","","Opened","7.479","5","Safe","Calm","0.0","74","21.8","11.9","998.8","1010.2"
"2026-08-10","22:22:16","Clear","Wet","Dark","0.8","24.9","3072","57232","26.9","28%","30.8","","Opened","7.485","5","Safe","Calm","0.0","74","21.8","11.9","998.8","1010.2"
"2026-08-10","22:22:26","Clear","Wet","Dark","0.8","24.9","3072","57232","26.9","28%","30.8","","Opened","7.446","5","Safe","Calm","0.0","74","21.8","11.9","998.9","1010.3"
"2026-08-10","22:22:36","Clear","Wet","Dark","1.0","24.9","3072","57232","26.9","28%","30.9","","Opened","7.570","5","Safe","Calm","0.0","73","21.8","12.0","998.8","1010.2"
"2026-08-10","22:22:46","Clear","Wet","Dark","1.0","24.9","3072","57232","26.9","28%","30.9","","Opened","7.854","5","Safe","Calm","0.0","73","21.8","12.0","998.8","1010.2"
"2026-08-10","22:22:56","Clear","Wet","Dark","0.9","24.9","3072","57232","26.9","28%","30.9","","Opened","7.495","5","Safe","Calm","0.0","73","21.8","11.9","998.8","1010.2"
"2026-08-10","22:23:06","Clear","Wet","Dark","0.9","24.9","3072","57232","26.9","28%","30.9","","Opened","7.660","5","Safe","Calm","0.0","74","21.8","12.0","998.8","1010.2"
"2026-08-10","22:23:16","Clear","Wet","Dark","0.9","24.8","3072","57232","26.9","28%","30.9","","Opened","7.505","5","Safe","Calm","0.0","73","21.8","11.9","998.8","1010.2"
"2026-08-10","22:23:26","Clear","Wet","Dark","1.0","24.8","3072","57232","26.9","28%","31.0","","Opened","7.476","5","Safe","Calm","0.0","73","21.8","12.0","998.7","1010.1"
"2026-08-10","22:23:36","Clear","Wet","Dark","1.1","24.9","3072","57232","26.9","28%","30.9","","Opened","7.705","5","Safe","Calm","0.0","74","21.8","12.2","998.8","1010.2"
"2026-08-10","22:23:46","Clear","Wet","Dark","0.9","24.9","3072","57232","26.9","28%","30.8","","Opened","8.009","5","Safe","Calm","0.0","74","21.9","11.9","998.8","1010.2"
"2026-08-10","22:23:56","Clear","Wet","Dark","0.9","24.9","3072","57232","26.9","28%","30.8","","Opened","7.510","5","Safe","Calm","0.0","74","21.8","12.0","998.8","1010.2"
"2026-08-10","22:24:06","Clear","Wet","Dark","0.9","24.9","3072","57232","26.9","28%","30.9","","Opened","7.500","5","Safe","Calm","0.0","74","21.8","12.0","998.8","1010.2"
"2026-08-10","22:24:16","Clear","Wet","Dark","0.8","24.9","3072","57232","26.9","28%","31.0","","Opened","7.535","5","Safe","Calm","0.0","74","21.8","11.9","998.8","1010.2"
"2026-08-10","22:24:26","Clear","Wet","Dark","1.0","24.9","3072","57232","26.9","28%","31.0","","Opened","7.586","5","Safe","Calm","0.0","74","21.8","12.0","998.8","1010.2"
"2026-08-10","22:24:36","Clear","Wet","Dark","0.9","24.9","3072","57232","26.9","28%","31.0","","Opened","7.470","5","Safe","Calm","0.0","74","21.8","11.9","998.9","1010.3"
"2026-08-10","22:24:46","Clear","Wet","Dark","0.9","24.8","3072","57232","26.9","28%","31.0","","Opened","7.896","5","Safe","Calm","0.0","74","21.8","11.9","998.8","1010.2"
"2026-08-10","22:24:56","Clear","Wet","Dark","1.1","24.9","3072","57232","26.9","28%","31.0","","Opened","7.495","5","Safe","Calm","0.0","74","21.8","12.1","998.8","1010.2"
"2026-08-10","22:25:06","Clear","Wet","Dark","0.9","24.9","3072","57232","26.9","28%","31.0","","Opened","7.315","5","Safe","Calm","0.0","74","21.7","11.9","998.8","1010.2"
"2026-08-10","22:25:16","Clear","Wet","Dark","0.9","24.8","3072","57232","26.9","28%","31.1","","Opened","7.545","5","Safe","Calm","0.0","73","21.8","11.9","998.8","1010.2"
"2026-08-10","22:25:26","Clear","Wet","Dark","1.1","24.8","3072","57232","26.9","28%","31.1","","Opened","7.530","5","Safe","Calm","0.0","73","21.8","12.1","998.8","1010.2"
"2026-08-10","22:25:36","Clear","Wet","Dark","1.1","24.9","3072","57232","26.9","28%","31.0","","Opened","7.610","5","Safe","Calm","0.0","73","21.7","12.1","998.8","1010.2"
"2026-08-10","22:25:46","Clear","Wet","Dark","1.1","24.9","3072","57232","26.9","28%","31.0","","Opened","7.894","5","Safe","Calm","0.0","74","21.8","12.1","998.9","1010.3"
"2026-08-10","22:25:56","Clear","Wet","Dark","1.2","24.9","3072","57232","26.9","28%","31.0","","Opened","7.575","5","Safe","Calm","0.0","74","21.8","12.2","998.8","1010.2"
"2026-08-10","22:26:06","Clear","Wet","Dark","1.1","24.9","3072","57232","26.9","28%","31.0","","Opened","7.535","5","Safe","Calm","0.0","74","21.8","12.1","998.9","1010.3"
"2026-08-10","22:26:16","Clear","Wet","Dark","1.2","24.9","3072","57232","26.9","28%","31.0","","Opened","7.550","5","Safe","Calm","0.0","74","21.8","12.2","998.8","1010.2"
"2026-08-10","22:26:26","Clear","Wet","Dark","0.9","24.9","3072","57232","26.9","28%","31.0","","Opened","7.415","5","Safe","Calm","0.0","74","21.8","11.9","998.8","1010.2"
"2026-08-10","22:26:36","Clear","Wet","Dark","0.9","24.9","3072","57232","26.9","28%","31.1","","Opened","7.604","5","Safe","Calm","0.0","74","21.8","11.9","998.9","1010.3"
"2026-08-10","22:26:46","Clear","Wet","Dark","1.0","24.9","3072","57232","26.9","28%","31.1","","Opened","7.674","5","Safe","Calm","0.0","74","21.8","12.0","998.8","1010.2"
"2026-08-10","22:26:56","Clear","Wet","Dark","1.0","24.9","3072","57232","26.9","28%","31.3","Heating DOWN","Opened","7.505","5","Safe","Calm","0.0","74","21.8","12.0","998.9","1010.3"
"2026-08-10","22:27:06","Clear","Wet","Dark","0.9","24.9","3104","57232","26.9","27%","31.3","Heating DOWN","Opened","7.659","5","Safe","Calm","0.0","74","21.8","12.0","998.8","1010.2"
"2026-08-10","22:27:16","Clear","Dry","Dark","0.9","24.8","3200","57232","26.9","26%","31.4","Heating DOWN","Opened","7.680","5","Safe","Calm","0.0","74","21.8","11.9","998.8","1010.2"
"2026-08-10","22:27:26","Clear","Wet","Dark","1.1","24.8","3115","57232","26.9","25%","31.4","Heating DOWN","Opened","7.604","5","Safe","Calm","0.0","74","21.8","12.1","998.8","1010.2"
"2026-08-10","22:27:36","Clear","Wet","Dark","1.2","24.9","3072","57232","26.9","24%","31.4","Heating DOWN","Opened","7.455","5","Safe","Calm","0.0","74","21.8","12.2","998.8","1010.2"
"2026-08-10","22:27:46","Clear","Wet","Dark","0.9","24.9","3072","57232","26.9","23%","31.3","","Opened","7.991","5","Safe","Calm","0.0","74","21.8","11.9","998.9","1010.3"
"2026-08-10","22:27:56","Clear","Wet","Dark","0.9","24.9","3072","57232","26.9","23%","31.3","Heating DOWN","Opened","7.684","5","Safe","Calm","0.0","74","21.8","12.0","998.8","1010.2"
"2026-08-10","22:28:06","Clear","Dry","Dark","1.0","24.9","3200","57232","26.9","22%","31.3","Heating DOWN","Opened","7.718","5","Safe","Calm","0.0","74","21.8","12.0","998.9","1010.3"
"2026-08-10","22:28:16","Clear","Wet","Dark","1.1","24.8","3136","57232","26.9","21%","31.3","Heating DOWN","Opened","7.719","5","Safe","Calm","0.0","74","21.8","12.2","998.9","1010.3"
"2026-08-10","22:28:26","Clear","Wet","Dark","1.1","24.8","3072","57232","26.9","20%","31.1","","Opened","7.715","5","Safe","Calm","0.0","74","21.8","12.1","998.9","1010.3"
"2026-08-10","22:28:36","Clear","Wet","Dark","1.1","24.8","3072","57232","26.9","20%","31.1","","Opened","7.415","5","Safe","Calm","0.0","74","21.8","12.1","998.8","1010.2"
"2026-08-10","22:28:46","Clear","Wet","Dark","1.1","24.8","3072","57232","26.9","20%","31.0","","Opened","7.925","5","Safe","Calm","0.0","74","21.7","12.1","998.8","1010.2"
"2026-08-10","22:28:56","Clear","Wet","Dark","0.9","24.9","3072","57232","26.9","20%","30.9","","Opened","7.436","5","Safe","Calm","0.0","74","21.8","11.9","999.0","1010.4"
"2026-08-10","22:29:06","Clear","Wet","Dark","1.2","24.9","3072","57232","26.9","20%","30.8","","Opened","7.547","5","Safe","Calm","0.0","74","21.8","12.2","998.9","1010.3"
"2026-08-10","22:29:16","Clear","Wet","Dark","1.2","24.9","3072","57232","26.9","20%","30.7","","Opened","7.561","5","Safe","Calm","0.0","74","21.7","12.2","998.9","1010.3"
"2026-08-10","22:29:26","Clear","Wet","Dark","1.2","24.9","3072","57232","26.9","20%","30.6","","Opened","7.425","5","Safe","Calm","0.0","74","21.8","12.2","998.8","1010.2"
"2026-08-10","22:29:36","Clear","Wet","Dark","0.9","24.9","3072","57232","26.9","20%","30.6","","Opened","7.470","5","Safe","Calm","0.0","74","21.8","11.9","998.9","1010.3"
"2026-08-10","22:29:46","Clear","Wet","Dark","1.0","24.9","3072","57232","26.8","20%","30.6","","Opened","7.699","5","Safe","Calm","0.0","74","21.7","11.9","998.9","1010.4"
"2026-08-10","22:29:56","Clear","Wet","Dark","1.0","24.8","3072","57232","26.9","20%","30.6","","Opened","7.401","5","Safe","Calm","0.0","73","21.7","12.0","998.9","1010.3"
"2026-08-10","22:30:06","Clear","Wet","Dark","1.1","24.8","3072","57232","26.9","20%","30.6","","Opened","7.440","5","Safe","Calm","0.0","73","21.7","12.1","998.9","1010.3"
"2026-08-10","22:30:16","Clear","Wet","Dark","1.2","24.8","3072","57232","26.9","20%","30.5","Heating UP","Opened","7.696","5","Safe","Calm","0.0","73","21.7","12.2","998.9","1010.3"
"2026-08-10","22:30:26","Clear","Wet","Dark","1.0","24.8","3072","57232","26.9","21%","30.5","Heating UP","Opened","7.694","5","Safe","Calm","0.0","73","21.7","12.0","998.9","1010.3"
"2026-08-10","22:30:36","Clear","Dry","Dark","1.0","24.8","3200","57232","26.9","22%","30.5","Heating UP","Opened","7.677","5","Safe","Calm","0.0","73","21.7","12.0","998.9","1010.3"
"2026-08-10","22:30:46","Clear","Wet","Dark","1.1","24.7","3072","57232","26.9","23%","30.6","","Opened","7.879","5","Safe","Calm","0.0","73","21.7","12.1","998.9","1010.4"
"2026-08-10","22:30:56","Clear","Wet","Dark","1.3","24.8","3072","57232","26.9","23%","30.5","Heating UP","Opened","7.547","5","Safe","Calm","0.0","73","21.7","12.3","998.9","1010.4"
"2026-08-10","22:31:06","Clear","Wet","Dark","1.0","24.8","3072","57232","26.9","24%","30.5","Heating UP","Opened","7.660","5","Safe","Calm","0.0","73","21.7","12.0","998.9","1010.4"
"2026-08-10","22:31:16","Clear","Wet","Dark","1.0","24.7","3072","57232","26.9","25%","30.5","Heating UP","Opened","7.555","5","Safe","Calm","0.0","73","21.7","12.0","998.9","1010.4"
"2026-08-10","22:31:26","Clear","Dry","Dark","1.1","24.7","3200","57232","26.9","26%","30.6","","Opened","7.469","5","Safe","Calm","0.0","73","21.7","12.1","998.9","1010.4"
"2026-08-10","22:31:36","Clear","Dry","Dark","1.0","24.7","3200","57232","26.9","26%","30.7","","Opened","7.396","5","Safe","Calm","0.0","73","21.7","12.0","998.9","1010.3"
"2026-08-10","22:31:46","Clear","Dry","Dark","1.2","24.7","3200","57232","26.8","26%","30.7","","Opened","7.870","5","Safe","Calm","0.0","73","21.7","12.2","998.9","1010.4"
"2026-08-10","22:31:56","Clear","Dry","Dark","1.2","24.7","3200","57232","26.9","26%","30.6","","Opened","7.591","5","Safe","Calm","0.0","73","21.7","12.2","998.9","1010.4"
"2026-08-10","22:32:06","Clear","Dry","Dark","1.4","24.7","3200","57232","26.8","26%","30.7","","Opened","7.489","5","Safe","Calm","0.0","73","21.6","12.4","998.9","1010.4"
"2026-08-10","22:32:16","Clear","Dry","Dark","1.2","24.7","3200","57232","26.8","26%","30.7","","Opened","7.506","5","Safe","Calm","0.0","73","21.7","12.2","999.0","1010.4"
"2026-08-10","22:32:26","Clear","Dry","Dark","1.2","24.7","3200","57232","26.8","26%","30.7","","Opened","7.430","5","Safe","Calm","0.0","73","21.6","12.1","998.9","1010.4"
"2026-08-10","22:32:36","Clear","Dry","Dark","1.2","24.7","3200","57232","26.9","26%","30.7","","Opened","7.500","5","Safe","Calm","0.0","73","21.7","12.2","998.9","1010.4"
"2026-08-10","22:32:46","Clear","Dry","Dark","1.2","24.7","3200","57232","26.8","26%","30.7","","Opened","7.871","5","Safe","Calm","0.0","73","21.7","12.1","998.9","1010.4"
"2026-08-10","22:32:56","Clear","Dry","Dark","1.2","24.7","3200","57232","26.8","26%","30.8","","Opened","7.420","5","Safe","Calm","0.0","73","21.7","12.2","998.9","1010.4"
"2026-08-10","22:33:06","Clear","Dry","Dark","1.1","24.7","3200","57232","26.9","26%","30.8","","Opened","7.365","5","Safe","Calm","0.0","73","21.7","12.1","998.9","1010.4"
"2026-08-10","22:33:16","Clear","Dry","Dark","1.3","24.7","3200","57232","26.8","26%","30.8","","Opened","7.619","5","Safe","Calm","0.0","73","21.6","12.3","999.1","1010.5"
"2026-08-10","22:33:26","Clear","Dry","Dark","1.2","24.7","3200","57232","26.8","26%","30.8","","Opened","7.580","5","Safe","Calm","0.0","73","21.6","12.1","999.0","1010.4"
"2026-08-10","22:33:36","Clear","Dry","Dark","1.3","24.7","3200","57232","26.8","26%","30.8","","Opened","7.590","5","Safe","Calm","0.0","73","21.6","12.2","998.9","1010.4"
"2026-08-10","22:33:47","Clear","Dry","Dark","1.2","24.7","3200","57232","26.8","26%","30.9","","Opened","8.658","5","Safe","Calm","0.0","73","21.6","12.2","998.9","1010.4"
"2026-08-10","22:33:56","Clear","Dry","Dark","1.3","24.7","3200","57232","26.8","26%","30.9","","Opened","7.881","5","Safe","Calm","0.0","73","21.6","12.2","998.9","1010.4"
"2026-08-10","22:34:06","Clear","Dry","Dark","1.2","24.7","3200","57232","26.8","26%","30.9","","Opened","7.368","5","Safe","Calm","0.0","73","21.6","12.2","999.1","1010.5"
"2026-08-10","22:34:16","Clear","Dry","Dark","1.3","24.7","3200","57232","26.8","26%","30.9","","Opened","7.864","5","Safe","Calm","0.0","73","21.6","12.3","999.1","1010.5"
"2026-08-10","22:34:26","Clear","Dry","Dark","1.4","24.7","3200","57232","26.8","26%","30.8","","Opened","7.405","5","Safe","Calm","0.0","73","21.6","12.4","999.0","1010.4"
"2026-08-10","22:34:36","Clear","Wet","Dark","1.3","24.7","3199","57232","26.8","26%","30.8","","Opened","7.400","5","Safe","Calm","0.0","73","21.6","12.3","999.0","1010.4"
"2026-08-10","22:34:46","Clear","Dry","Dark","1.4","24.7","3200","57232","26.8","26%","30.8","","Opened","7.752","5","Safe","Calm","0.0","73","21.6","12.4","999.0","1010.4"
"2026-08-10","22:34:56","Clear","Dry","Dark","1.2","24.8","3200","57232","26.8","26%","30.8","","Opened","7.369","5","Safe","Calm","0.0","73","21.6","12.2","998.9","1010.4"
"2026-08-10","22:35:06","Clear","Dry","Dark","1.3","24.8","3200","57232","26.8","26%","30.8","","Opened","7.555","5","Safe","Calm","0.0","73","21.6","12.3","998.9","1010.4"
"2026-08-10","22:35:16","Clear","Dry","Dark","1.3","24.7","3200","57232","26.8","26%","30.8","","Opened","7.549","5","Safe","Calm","0.0","73","21.6","12.3","998.9","1010.4"
"2026-08-10","22:35:26","Clear","Dry","Dark","1.2","24.8","3200","57232","26.8","26%","30.8","","Opened","7.530","5","Safe","Calm","0.0","73","21.6","12.2","998.9","1010.4"
"2026-08-10","22:35:36","Clear","Dry","Dark","1.4","24.8","3200","57232","26.8","26%","30.8","","Opened","7.539","5","Safe","Calm","0.0","73","21.6","12.3","999.0","1010.4"
"2026-08-10","22:35:46","Clear","Dry","Dark","1.4","24.8","3200","57232","26.8","26%","30.8","","Opened","7.976","5","Safe","Calm","0.0","73","21.6","12.4","999.1","1010.5"
"2026-08-10","22:35:56","Clear","Dry","Dark","1.5","24.8","3200","57232","26.8","26%","30.8","","Opened","7.556","5","Safe","Calm","0.0","73","21.6","12.5","998.9","1010.4"
"2026-08-10","22:36:06","Clear","Dry","Dark","1.5","24.8","3200","57232","26.8","26%","30.8","","Opened","7.439","5","Safe","Calm","0.0","73","21.6","12.5","999.0","1010.4"
"2026-08-10","22:36:16","Clear","Dry","Dark","1.3","24.8","3200","57232","26.8","26%","30.7","","Opened","7.461","5","Safe","Calm","0.0","73","21.6","12.3","999.1","1010.5"
"2026-08-10","22:36:26","Clear","Dry","Dark","1.3","24.8","3200","57232","26.8","26%","30.7","","Opened","7.579","5","Safe","Calm","0.0","73","21.6","12.3","999.0","1010.4"
"2026-08-10","22:36:36","Clear","Dry","Dark","1.4","24.8","3200","57232","26.8","26%","30.7","","Opened","7.415","5","Safe","Calm","0.0","73","21.6","12.3","998.9","1010.4"
"2026-08-10","22:36:46","Clear","Dry","Dark","1.3","24.8","3200","57232","26.8","26%","30.8","","Opened","7.839","5","Safe","Calm","0.0","73","21.6","12.3","999.1","1010.5"
"2026-08-10","22:36:56","Clear","Dry","Dark","1.4","24.8","3200","57232","26.8","26%","30.7","","Opened","7.425","5","Safe","Calm","0.0","73","21.6","12.4","999.0","1010.4"
"2026-08-10","22:37:06","Clear","Dry","Dark","1.4","24.8","3200","57232","26.8","26%","30.7","","Opened","7.442","5","Safe","Calm","0.0","73","21.6","12.4","999.1","1010.5"
"2026-08-10","22:37:16","Clear","Dry","Dark","1.4","24.8","3200","57232","26.8","26%","30.8","","Opened","7.487","5","Safe","Calm","0.0","73","21.6","12.4","999.0","1010.4"
"2026-08-10","22:37:26","Clear","Dry","Dark","1.5","24.8","3200","57232","26.8","26%","30.8","","Opened","7.476","5","Safe","Calm","0.0","73","21.6","12.4","999.1","1010.5"
"2026-08-10","22:37:36","Clear","Dry","Dark","1.4","24.8","3200","57232","26.8","26%","30.8","","Opened","7.434","5","Safe","Calm","0.0","73","21.6","12.4","999.0","1010.4"
"2026-08-10","22:37:46","Clear","Dry","Dark","1.5","24.8","3200","57232","26.8","26%","30.8","","Opened","7.564","5","Safe","Calm","0.0","73","21.6","12.4","999.1","1010.6"
"2026-08-10","22:37:56","Clear","Dry","Dark","1.3","24.8","3200","57232","26.8","26%","30.8","","Opened","7.380","5","Safe","Calm","0.0","73","21.6","12.3","999.0","1010.4"
"2026-08-10","22:38:06","Clear","Dry","Dark","1.4","24.8","3200","57232","26.8","26%","30.8","","Opened","7.575","5","Safe","Calm","0.0","73","21.6","12.4","999.1","1010.5"
"2026-08-10","22:38:16","Clear","Dry","Dark","1.5","24.8","3200","57232","26.8","26%","30.8","","Opened","7.557","5","Safe","Calm","0.0","73","21.6","12.4","999.1","1010.6"
"2026-08-10","22:38:26","Clear","Dry","Dark","1.5","24.8","3200","57232","26.8","26%","30.8","","Opened","7.434","5","Safe","Calm","0.0","73","21.6","12.4","999.0","1010.4"
"2026-08-10","22:38:36","Clear","Dry","Dark","1.5","24.8","3200","57232","26.8","26%","30.8","","Opened","7.436","5","Safe","Calm","0.0","73","21.6","12.4","999.1","1010.5"
"2026-08-10","22:38:46","Clear","Dry","Dark","1.5","24.8","3200","57232","26.8","26%","30.8","","Opened","7.825","5","Safe","Calm","0.0","73","21.6","12.4","999.1","1010.5"
"2026-08-10","22:38:56","Clear","Dry","Dark","1.4","24.8","3200","57232","26.8","26%","30.8","","Opened","7.560","5","Safe","Calm","0.0","73","21.6","12.4","999.0","1010.4"
"2026-08-10","22:39:06","Clear","Dry","Dark","1.5","24.9","3200","57232","26.8","26%","30.8","","Opened","7.635","5","Safe","Calm","0.0","73","21.6","12.5","999.1","1010.5"
"2026-08-10","22:39:16","Clear","Dry","Dark","1.6","24.9","3200","57232","26.8","26%","30.7","","Opened","7.375","5","Safe","Calm","0.0","73","21.6","12.6","999.0","1010.4"
"2026-08-10","22:39:26","Clear","Dry","Dark","1.5","24.9","3200","57232","26.8","26%","30.7","","Opened","7.560","5","Safe","Calm","0.0","73","21.6","12.5","999.0","1010.4"
"2026-08-10","22:39:36","Clear","Dry","Dark","1.6","24.9","3200","57232","26.8","26%","30.7","","Opened","7.487","5","Safe","Calm","0.0","73","21.6","12.5","998.9","1010.4"
"2026-08-10","22:39:46","Clear","Dry","Dark","1.5","24.9","3200","57232","26.8","26%","30.7","","Opened","7.885","5","Safe","Calm","0.0","74","21.6","12.4","999.0","1010.4"
"2026-08-10","22:39:56","Clear","Dry","Dark","1.4","24.9","3200","57232","26.8","26%","30.7","","Opened","7.479","5","Safe","Calm","0.0","74","21.6","12.3","999.0","1010.4"
"2026-08-10","22:40:06","Clear","Dry","Dark","1.5","24.9","3200","57232","26.8","26%","30.7","","Opened","7.500","5","Safe","Calm","0.0","74","21.7","12.4","999.1","1010.5"
"2026-08-10","22:40:16","Clear","Dry","Dark","1.6","24.9","3200","57232","26.8","26%","30.7","","Opened","7.436","5","Safe","Calm","0.0","74","21.7","12.5","999.0","1010.4"
"2026-08-10","22:40:26","Clear","Dry","Dark","1.5","24.9","3200","57232","26.8","26%","30.7","","Opened","7.495","5","Safe","Calm","0.0","74","21.6","12.4","999.1","1010.5"
"2026-08-10","22:40:36","Clear","Dry","Dark","1.5","24.9","3200","57232","26.7","26%","30.6","","Opened","7.457","5","Safe","Calm","0.0","74","21.6","12.5","999.0","1010.4"
"2026-08-10","22:40:46","Clear","Dry","Dark","1.6","24.9","3200","57232","26.7","26%","30.7","","Opened","7.744","5","Safe","Calm","0.0","73","21.6","12.5","999.0","1010.4"
"2026-08-10","22:40:56","Clear","Dry","Dark","1.6","24.9","3200","57232","26.8","26%","30.7","","Opened","7.375","5","Safe","Calm","0.0","73","21.6","12.5","998.9","1010.4"
"2026-08-10","22:41:06","Clear","Dry","Dark","1.6","24.9","3200","57232","26.8","26%","30.7","","Opened","7.542","5","Safe","Calm","0.0","73","21.6","12.5","999.1","1010.5"
"2026-08-10","22:41:16","Clear","Dry","Dark","1.6","24.9","3200","57232","26.8","26%","30.7","","Opened","7.355","5","Safe","Calm","0.0","73","21.6","12.6","999.1","1010.5"
"2026-08-10","22:41:26","Clear","Dry","Dark","1.5","24.9","3200","57232","26.7","26%","30.7","","Opened","7.614","5","Safe","Calm","0.0","73","21.6","12.5","999.1","1010.5"
"2026-08-10","22:41:36","Clear","Dry","Dark","1.4","24.9","3200","57232","26.7","26%","30.7","","Opened","7.470","5","Safe","Calm","0.0","73","21.6","12.4","999.1","1010.5"
"2026-08-10","22:41:46","Clear","Dry","Dark","1.6","24.9","3200","57232","26.8","26%","30.7","","Opened","7.999","5","Safe","Calm","0.0","73","21.6","12.6","999.1","1010.5"
"2026-08-10","22:41:56","Clear","Dry","Dark","1.5","24.9","3200","57232","26.7","26%","30.7","","Opened","7.550","5","Safe","Calm","0.0","73","21.6","12.5","999.1","1010.5"
"2026-08-10","22:42:06","Clear","Dry","Dark","1.7","25.0","3200","57232","26.7","26%","30.7","","Opened","7.513","5","Safe","Calm","0.0","73","21.6","12.6","999.1","1010.5"
"2026-08-10","22:42:16","Clear","Dry","Dark","1.4","25.0","3200","57232","26.7","26%","30.7","","Opened","7.494","5","Safe","Calm","0.0","73","21.6","12.3","999.1","1010.5"
"2026-08-10","22:42:26","Clear","Dry","Dark","1.5","24.9","3200","57232","26.7","26%","30.7","","Opened","7.370","5","Safe","Calm","0.0","73","21.6","12.4","999.1","1010.5"
"2026-08-10","22:42:36","Clear","Dry","Dark","1.5","25.0","3200","57232","26.7","26%","30.7","","Opened","7.516","5","Safe","Calm","0.0","73","21.6","12.4","999.1","1010.5"
"2026-08-10","22:42:46","Clear","Dry","Dark","1.5","24.9","3200","57232","26.7","26%","30.7","","Opened","7.909","5","Safe","Calm","0.0","73","21.6","12.4","999.0","1010.4"
"2026-08-10","22:42:56","Clear","Dry","Dark","1.4","24.9","3200","57232","26.7","26%","30.7","","Opened","7.539","5","Safe","Calm","0.0","73","21.6","12.3","999.0","1010.4"
"2026-08-10","22:43:06","Clear","Dry","Dark","1.7","24.9","3200","57232","26.7","26%","30.7","","Opened","7.619","5","Safe","Calm","0.0","73","21.6","12.6","999.1","1010.5"
"2026-08-10","22:43:16","Clear","Dry","Dark","1.6","24.9","3200","57232","26.7","26%","30.7","","Opened","7.470","5","Safe","Calm","0.0","73","21.5","12.5","999.0","1010.4"
"2026-08-10","22:43:26","Clear","Dry","Dark","1.5","24.9","3200","57232","26.7","26%","30.7","","Opened","7.556","5","Safe","Calm","0.0","73","21.6","12.4","999.1","1010.6"
"2026-08-10","22:43:36","Clear","Dry","Dark","1.4","24.9","3200","57232","26.7","26%","30.7","","Opened","7.425","5","Safe","Calm","0.0","73","21.5","12.3","999.1","1010.5"
"2026-08-10","22:43:47","Clear","Dry","Dark","1.3","24.9","3200","57232","26.7","26%","30.8","","Opened","8.173","5","Safe","Calm","0.0","73","21.5","12.2","999.1","1010.5"
"2026-08-10","22:43:56","Clear","Dry","Dark","1.5","24.9","3200","57232","26.7","26%","30.8","","Opened","7.425","5","Safe","Calm","0.0","73","21.5","12.4","999.0","1010.4"
"2026-08-10","22:44:06","Clear","Dry","Dark","1.5","24.9","3200","57232","26.7","26%","30.8","","Opened","7.674","5","Safe","Calm","0.0","73","21.5","12.4","999.0","1010.4"
"2026-08-10","22:44:17","Clear","Dry","Dark","1.4","24.9","3200","57232","26.7","26%","30.8","","Opened","8.299","5","Safe","Calm","0.0","73","21.5","12.4","999.1","1010.5"
"2026-08-10","22:44:26","Clear","Dry","Dark","1.3","24.9","3200","57232","26.8","26%","30.8","","Opened","7.417","5","Safe","Calm","0.0","73","21.5","12.3","999.0","1010.4"
"2026-08-10","22:44:36","Clear","Dry","Dark","1.3","24.9","3200","57232","26.7","26%","30.9","","Opened","7.679","5","Safe","Calm","0.0","73","21.5","12.2","998.9","1010.4"
"2026-08-10","22:44:47","Clear","Dry","Dark","1.5","24.9","3200","57232","26.7","26%","30.9","","Opened","9.093","5","Safe","Calm","0.0","73","21.5","12.4","998.9","1010.4"
"2026-08-10","22:44:56","Clear","Dry","Dark","1.3","24.9","3200","57232","26.8","26%","30.9","","Opened","7.940","5","Safe","Calm","0.0","73","21.5","12.3","999.1","1010.5"
"2026-08-10","22:45:06","Clear","Dry","Dark","1.4","24.8","3200","57232","26.8","26%","30.9","","Opened","7.885","5","Safe","Calm","0.0","73","21.5","12.3","999.1","1010.5"
"2026-08-10","22:45:16","Clear","Dry","Dark","1.4","24.9","3200","57232","26.7","26%","30.9","","Opened","8.078","5","Safe","Calm","0.0","73","21.5","12.3","999.0","1010.4"
"2026-08-10","22:45:26","Clear","Dry","Dark","1.3","24.9","3200","57232","26.8","26%","31.0","","Opened","7.879","5","Safe","Calm","0.0","73","21.5","12.3","999.1","1010.5"
"2026-08-10","22:45:36","Clear","Dry","Dark","1.3","24.8","3200","57232","26.7","26%","31.0","Heating DOWN","Opened","8.050","5","Safe","Calm","0.0","73","21.5","12.2","999.0","1010.4"
"2026-08-10","22:45:47","Clear","Wet","Dark","1.3","24.8","3100","57232","26.7","25%","31.0","Heating DOWN","Opened","8.613","5","Safe","Calm","0.0","73","21.5","12.3","998.9","1010.4"
"2026-08-10","22:45:57","Clear","Wet","Dark","1.3","24.8","3072","57232","26.7","24%","31.0","Heating DOWN","Opened","8.170","5","Safe","Calm","0.0","73","21.4","12.2","999.1","1010.5"
"2026-08-10","22:46:07","Clear","Wet","Dark","1.3","24.8","3072","57232","26.7","23%","31.0","Heating DOWN","Opened","8.143","5","Safe","Calm","0.0","73","21.4","12.2","999.1","1010.5"
"2026-08-10","22:46:17","Clear","Dry","Dark","1.3","24.7","3200","57232","26.7","22%","31.0","Heating DOWN","Opened","8.319","5","Safe","Calm","0.0","73","21.4","12.3","998.9","1010.4"
"2026-08-10","22:46:26","Clear","Wet","Dark","1.4","24.8","3112","57232","26.7","21%","30.9","","Opened","8.094","5","Safe","Calm","0.0","73","21.4","12.3","999.1","1010.5"
"2026-08-10","22:46:36","Clear","Wet","Dark","1.4","24.8","3086","57232","26.7","21%","30.9","","Opened","7.905","5","Safe","Calm","0.0","73","21.4","12.3","999.1","1010.5"
"2026-08-10","22:46:47","Clear","Wet","Dark","1.3","24.7","3072","57232","26.7","21%","30.9","","Opened","8.623","5","Safe","Calm","0.0","73","21.4","12.2","999.1","1010.5"
"2026-08-10","22:46:56","Clear","Wet","Dark","1.3","24.7","3072","57232","26.7","21%","30.8","","Opened","7.963","5","Safe","Calm","0.0","73","21.4","12.3","998.9","1010.4"
"2026-08-10","22:47:06","Clear","Wet","Dark","1.2","24.7","3072","57232","26.7","21%","30.8","","Opened","7.980","5","Safe","Calm","0.0","73","21.4","12.1","999.0","1010.4"
"2026-08-10","22:47:16","Clear","Wet","Dark","1.2","24.7","3072","57232","26.7","21%","30.8","","Opened","7.910","5","Safe","Calm","0.0","73","21.4","12.2","999.0","1010.4"
"2026-08-10","22:47:26","Clear","Wet","Dark","1.4","24.7","3072","57232","26.8","21%","30.8","","Opened","7.935","5","Safe","Calm","0.0","73","21.4","12.3","999.0","1010.4"
"2026-08-10","22:47:36","Clear","Wet","Dark","1.4","24.7","3072","57232","26.7","21%","30.7","","Opened","7.919","5","Safe","Calm","0.0","73","21.4","12.3","999.1","1010.5"
"2026-08-10","22:47:48","Clear","Wet","Dark","1.3","24.7","3072","57232","26.7","21%","30.7","","Opened","9.677","5","Safe","Calm","0.0","73","21.4","12.2","999.0","1010.4"
"2026-08-10","22:47:56","Clear","Wet","Dark","1.5","24.7","3072","57232","26.7","21%","30.6","","Opened","7.780","5","Safe","Calm","0.0","73","21.4","12.4","999.0","1010.4"
"2026-08-10","22:48:06","Clear","Wet","Dark","1.3","24.7","3072","57232","26.7","21%","30.6","","Opened","7.400","5","Safe","Calm","0.0","73","21.4","12.2","999.0","1010.4"
"2026-08-10","22:48:16","Clear","Wet","Dark","1.2","24.7","3072","57232","26.7","21%","30.6","","Opened","7.430","5","Safe","Calm","0.0","73","21.4","12.1","999.0","1010.4"
"2026-08-10","22:48:26","Clear","Wet","Dark","1.3","24.7","3072","57232","26.7","21%","30.6","","Opened","7.356","5","Safe","Calm","0.0","73","21.4","12.2","998.9","1010.4"
"2026-08-10","22:48:36","Clear","Wet","Dark","1.1","24.7","3072","57232","26.7","21%","30.5","","Opened","7.410","5","Safe","Calm","0.0","73","21.4","12.0","998.9","1010.4"
"2026-08-10","22:48:47","Clear","Wet","Dark","1.2","24.6","3072","57232","26.7","21%","30.5","","Opened","9.004","5","Safe","Calm","0.0","73","21.4","12.1","999.0","1010.4"
"2026-08-10","22:48:57","Clear","Wet","Dark","1.3","24.6","3072","57232","26.7","21%","30.5","","Opened","8.454","5","Safe","Calm","0.0","72","21.4","12.2","999.0","1010.4"
"2026-08-10","22:49:06","Clear","Wet","Dark","1.2","24.6","3072","57232","26.7","21%","30.5","","Opened","7.909","5","Safe","Calm","0.0","73","21.4","12.1","998.9","1010.4"
"2026-08-10","22:49:16","Clear","Wet","Dark","1.2","24.6","3072","57232","26.7","21%","30.5","","Opened","8.093","5","Safe","Calm","0.0","72","21.4","12.1","998.9","1010.4"
"2026-08-10","22:49:26","Clear","Wet","Dark","1.1","24.6","3072","57232","26.7","21%","30.5","","Opened","7.975","5","Safe","Calm","0.0","72","21.4","12.0","998.9","1010.4"
"2026-08-10","22:49:36","Clear","Wet","Dark","1.1","24.6","3072","57232","26.7","21%","30.4","Heating UP","Opened","8.039","5","Safe","Calm","0.0","72","21.3","12.1","998.9","1010.4"
"2026-08-10","22:49:47","Clear","Dry","Dark","1.2","24.5","3200","57232","26.7","22%","30.4","","Opened","8.239","5","Safe","Calm","0.0","72","21.3","12.1","998.9","1010.3"
"2026-08-10","22:49:56","Clear","Dry","Dark","1.3","24.5","3200","57232","26.7","22%","30.4","Heating UP","Opened","7.474","5","Safe","Calm","0.0","72","21.3","12.2","998.9","1010.4"
"2026-08-10","22:50:06","Clear","Wet","Dark","1.4","24.6","3072","57232","26.7","23%","30.3","Heating UP","Opened","7.464","5","Safe","Calm","0.0","72","21.3","12.3","999.0","1010.4"
"2026-08-10","22:50:16","Clear","Wet","Dark","1.5","24.6","3072","57232","26.7","24%","30.3","Heating UP","Opened","7.600","5","Safe","Calm","0.0","72","21.3","12.4","998.9","1010.4"
"2026-08-10","22:50:26","Clear","Wet","Dark","1.4","24.6","3072","57232","26.7","25%","30.2","Heating UP","Opened","7.693","5","Safe","Calm","0.0","73","21.4","12.3","998.9","1010.4"
"2026-08-10","22:50:36","Clear","Wet","Dark","1.2","24.7","3072","57232","26.7","27%","30.2","Heating UP","Opened","7.600","5","Safe","Calm","0.0","73","21.4","12.1","998.9","1010.4"
"2026-08-10","22:50:46","Clear","Wet","Dark","1.5","24.7","3072","57232","26.7","29%","30.2","Heating UP","Opened","7.815","5","Safe","Calm","0.0","73","21.4","12.4","998.9","1010.4"
"2026-08-10","22:50:56","Clear","Wet","Dark","1.3","24.7","3072","57232","26.7","31%","30.2","Heating UP","Opened","7.545","5","Safe","Calm","0.0","73","21.4","12.2","998.9","1010.4"
"2026-08-10","22:51:06","Clear","Wet","Dark","1.5","24.7","3072","57232","26.7","32%","30.3","","Opened","7.420","5","Safe","Calm","0.0","73","21.4","12.3","998.9","1010.4"
"2026-08-10","22:51:16","Clear","Wet","Dark","1.2","24.7","3072","57232","26.7","32%","30.3","Heating UP","Opened","7.526","5","Safe","Calm","0.0","73","21.4","12.1","998.9","1010.3"
"2026-08-10","22:51:26","Clear","Wet","Dark","1.3","24.7","3072","57232","26.7","33%","30.4","","Opened","7.560","5","Safe","Calm","0.0","73","21.4","12.2","998.9","1010.4"
"2026-08-10","22:51:36","Clear","Wet","Dark","1.2","24.7","3072","57232","26.7","33%","30.5","","Opened","7.829","5","Safe","Calm","0.0","73","21.4","12.0","999.0","1010.4"
"2026-08-10","22:51:46","Clear","Wet","Dark","1.2","24.7","3072","57232","26.7","33%","30.7","","Opened","7.856","5","Safe","Calm","0.0","73","21.4","12.1","998.9","1010.3"
"2026-08-10","22:51:56","Clear","Wet","Dark","1.3","24.7","3072","57232","26.7","33%","30.7","","Opened","7.555","5","Safe","Calm","0.0","73","21.4","12.2","998.9","1010.4"
"2026-08-10","22:52:06","Clear","Wet","Dark","1.2","24.7","3072","57232","26.7","33%","30.8","","Opened","7.480","5","Safe","Calm","0.0","73","21.4","12.1","998.9","1010.3"
"2026-08-10","22:52:16","Clear","Wet","Dark","1.1","24.7","3072","57232","26.7","33%","30.9","","Opened","7.504","5","Safe","Calm","0.0","73","21.4","12.0","998.9","1010.3"
"2026-08-10","22:52:26","Clear","Wet","Dark","1.2","24.7","3072","57232","26.7","33%","31.0","Heating DOWN","Opened","7.510","5","Safe","Calm","0.0","73","21.4","12.1","999.0","1010.4"
"2026-08-10","22:52:36","Clear","Wet","Dark","1.3","24.7","3072","57232","26.7","32%","31.0","Heating DOWN","Opened","7.664","5","Safe","Calm","0.0","73","21.4","12.1","998.9","1010.3"
"2026-08-10","22:52:46","Clear","Wet","Dark","1.3","24.7","3115","57232","26.7","31%","31.0","Heating DOWN","Opened","8.004","5","Safe","Calm","0.0","73","21.4","12.1","998.9","1010.4"
"2026-08-10","22:52:56","Clear","Dry","Dark","1.3","24.7","3200","57232","26.7","30%","31.1","Heating DOWN","Opened","7.618","5","Safe","Calm","0.0","73","21.4","12.2","998.9","1010.3"
"2026-08-10","22:53:06","Clear","Wet","Dark","1.3","24.7","3072","57232","26.7","29%","31.0","","Opened","7.393","5","Safe","Calm","0.0","73","21.4","12.2","998.9","1010.3"
"2026-08-10","22:53:16","Clear","Wet","Dark","1.2","24.7","3072","57232","26.7","29%","31.0","Heating DOWN","Opened","7.634","5","Safe","Calm","0.0","73","21.4","12.1","998.9","1010.4"
"2026-08-10","22:53:26","Clear","Wet","Dark","1.1","24.7","3072","57232","26.7","28%","31.0","Heating DOWN","Opened","7.530","5","Safe","Calm","0.0","73","21.4","12.0","998.9","1010.3"
"2026-08-10","22:53:36","Clear","Wet","Dark","1.2","24.7","3072","57232","26.7","27%","31.0","Heating DOWN","Opened","7.581","5","Safe","Calm","0.0","73","21.4","12.1","998.9","1010.3"
"2026-08-10","22:53:46","Clear","Dry","Dark","1.3","24.7","3200","57232","26.7","26%","31.0","Heating DOWN","Opened","7.944","5","Safe","Calm","0.0","73","21.4","12.2","998.9","1010.3"
"2026-08-10","22:53:56","Clear","Wet","Dark","1.3","24.7","3072","57232","26.6","25%","30.9","","Opened","7.574","5","Safe","Calm","0.0","73","21.4","12.2","999.0","1010.4"
"2026-08-10","22:54:06","Clear","Wet","Dark","1.2","24.7","3072","57232","26.6","25%","30.9","","Opened","7.556","5","Safe","Calm","0.0","73","21.4","12.1","998.9","1010.3"
"2026-08-10","22:54:16","Clear","Wet","Dark","1.2","24.7","3072","57232","26.6","25%","30.8","","Opened","7.595","5","Safe","Calm","0.0","73","21.4","12.1","998.9","1010.3"
"2026-08-10","22:54:26","Clear","Wet","Dark","1.2","24.7","3072","57232","26.6","25%","30.8","","Opened","7.420","5","Safe","Calm","0.0","73","21.4","12.1","998.9","1010.3"
"2026-08-10","22:54:36","Clear","Wet","Dark","1.2","24.7","3072","57232","26.6","25%","30.8","","Opened","7.517","5","Safe","Calm","0.0","73","21.4","12.1","998.9","1010.3"
"2026-08-10","22:54:46","Clear","Wet","Dark","1.2","24.7","3072","57232","26.6","25%","30.7","","Opened","7.409","5","Safe","Calm","0.0","73","21.4","12.1","998.9","1010.3"
"2026-08-10","22:54:56","Clear","Wet","Dark","1.2","24.7","3072","57232","26.6","25%","30.7","","Opened","7.334","5","Safe","Calm","0.0","73","21.4","12.0","998.9","1010.3"
"2026-08-10","22:55:06","Clear","Wet","Dark","1.1","24.7","3072","57232","26.6","25%","30.7","","Opened","7.358","5","Safe","Calm","0.0","73","21.4","12.0","998.9","1010.3"
"2026-08-10","22:55:16","Clear","Wet","Dark","1.2","24.7","3072","57232","26.6","25%","30.7","","Opened","7.501","5","Safe","Calm","0.0","73","21.4","12.0","998.9","1010.3"
"2026-08-10","22:55:26","Clear","Wet","Dark","1.2","24.7","3072","57232","26.6","25%","30.7","","Opened","7.605","5","Safe","Calm","0.0","73","21.3","12.1","999.0","1010.4"
"2026-08-10","22:55:36","Clear","Wet","Dark","1.1","24.7","3072","57232","26.6","25%","30.7","","Opened","7.496","5","Safe","Calm","0.0","73","21.4","12.0","998.9","1010.3"
"2026-08-10","22:55:46","Clear","Wet","Dark","1.3","24.7","3072","57232","26.6","25%","30.6","","Opened","7.816","5","Safe","Calm","0.0","73","21.3","12.2","998.9","1010.3"
"2026-08-10","22:55:56","Clear","Wet","Dark","1.1","24.7","3072","57232","26.6","25%","30.6","","Opened","7.535","5","Safe","Calm","0.0","73","21.4","11.9","999.0","1010.4"
"2026-08-10","22:56:06","Clear","Wet","Dark","1.2","24.7","3072","57232","26.6","25%","30.6","","Opened","7.562","5","Safe","Calm","0.0","73","21.4","12.0","998.9","1010.4"
"2026-08-10","22:56:16","Clear","Wet","Dark","1.1","24.7","3072","57232","26.6","25%","30.6","","Opened","7.534","5","Safe","Calm","0.0","73","21.3","12.0","998.9","1010.4"
"2026-08-10","22:56:26","Clear","Wet","Dark","1.1","24.6","3072","57232","26.6","25%","30.6","","Opened","7.466","5","Safe","Calm","0.0","73","21.3","12.0","998.9","1010.3"
"2026-08-10","22:56:36","Clear","Wet","Dark","1.2","24.6","3072","57232","26.6","25%","30.6","","Opened","7.615","5","Safe","Calm","0.0","73","21.3","12.1","998.9","1010.3"
"2026-08-10","22:56:46","Clear","Wet","Dark","1.3","24.6","3072","57232","26.6","25%","30.6","","Opened","8.049","5","Safe","Calm","0.0","73","21.3","12.2","998.9","1010.4"
"2026-08-10","22:56:56","Clear","Wet","Dark","1.2","24.7","3072","57232","26.6","25%","30.5","","Opened","7.529","5","Safe","Calm","0.0","73","21.3","12.0","998.9","1010.3"
"2026-08-10","22:57:06","Clear","Wet","Dark","1.1","24.6","3072","57232","26.6","25%","30.5","","Opened","7.524","5","Safe","Calm","0.0","73","21.3","11.9","998.8","1010.3"
"2026-08-10","22:57:16","Clear","Wet","Dark","1.1","24.6","3072","57232","26.6","25%","30.6","","Opened","7.336","5","Safe","Calm","0.0","73","21.3","11.9","999.0","1010.4"
"2026-08-10","22:57:26","Clear","Wet","Dark","1.1","24.6","3072","57232","26.6","25%","30.6","","Opened","7.515","5","Safe","Calm","0.0","73","21.3","11.9","998.9","1010.3"
"2026-08-10","22:57:36","Clear","Wet","Dark","1.2","24.6","3072","57232","26.6","25%","30.6","","Opened","7.381","5","Safe","Calm","0.0","73","21.3","12.0","998.9","1010.4"
"2026-08-10","22:57:46","Clear","Wet","Dark","1.2","24.6","3072","57232","26.6","25%","30.6","","Opened","7.885","5","Safe","Calm","0.0","73","21.3","12.1","998.9","1010.3"
"2026-08-10","22:57:56","Clear","Wet","Dark","1.2","24.6","3072","57232","26.5","25%","30.5","","Opened","7.415","5","Safe","Calm","0.0","73","21.3","12.0","998.8","1010.3"
"2026-08-10","22:58:06","Clear","Wet","Dark","1.1","24.6","3072","57232","26.6","25%","30.5","","Opened","7.608","5","Safe","Calm","0.0","73","21.3","12.0","998.9","1010.3"
"2026-08-10","22:58:16","Clear","Wet","Dark","1.1","24.6","3072","57232","26.6","25%","30.5","","Opened","7.477","5","Safe","Calm","0.0","73","21.3","11.9","998.9","1010.3"
"2026-08-10","22:58:26","Clear","Wet","Dark","1.1","24.5","3072","57232","26.6","25%","30.6","","Opened","7.509","5","Safe","Calm","0.0","73","21.3","12.0","998.9","1010.4"
"2026-08-10","22:58:36","Clear","Wet","Dark","1.3","24.5","3072","57232","26.6","25%","30.6","","Opened","7.464","5","Safe","Calm","0.0","73","21.3","12.2","998.9","1010.3"
"2026-08-10","22:58:46","Clear","Wet","Dark","1.3","24.5","3072","57232","26.6","25%","30.6","","Opened","7.826","5","Safe","Calm","0.0","73","21.3","12.2","998.8","1010.3"
"2026-08-10","22:58:56","Clear","Wet","Dark","1.1","24.6","3072","57232","26.6","25%","30.5","","Opened","7.490","5","Safe","Calm","0.0","73","21.3","12.0","998.9","1010.3"
"2026-08-10","22:59:06","Clear","Wet","Dark","1.1","24.6","3072","57232","26.5","25%","30.6","","Opened","7.525","5","Safe","Calm","0.0","73","21.3","12.0","998.9","1010.3"
"2026-08-10","22:59:16","Clear","Wet","Dark","1.1","24.6","3072","57232","26.6","25%","30.6","","Opened","7.455","5","Safe","Calm","0.0","73","21.3","11.9","998.9","1010.3"
"2026-08-10","22:59:26","Clear","Wet","Dark","1.0","24.5","3072","57232","26.6","25%","30.6","","Opened","7.558","5","Safe","Calm","0.0","73","21.3","11.9","998.9","1010.4"
"2026-08-10","22:59:36","Clear","Wet","Dark","1.2","24.5","3072","57232","26.6","25%","30.6","","Opened","7.535","5","Safe","Calm","0.0","73","21.3","12.0","998.9","1010.4"
"2026-08-10","22:59:47","Clear","Wet","Dark","1.1","24.5","3072","57232","26.6","25%","30.6","","Opened","8.354","5","Safe","Calm","0.0","73","21.3","12.0","998.9","1010.4"
"2026-08-10","22:59:56","Clear","Wet","Dark","1.1","24.5","3072","57232","26.6","25%","30.6","","Opened","7.531","5","Safe","Calm","0.0","73","21.3","11.9","998.9","1010.3"
"2026-08-10","23:00:06","Clear","Wet","Dark","1.1","24.5","3072","57232","26.6","25%","30.6","","Opened","7.449","5","Safe","Calm","0.0","73","21.3","11.9","998.9","1010.4"
"2026-08-10","23:00:16","Clear","Wet","Dark","1.1","24.5","3072","57232","26.6","25%","30.6","","Opened","7.410","5","Safe","Calm","0.0","73","21.3","11.9","998.9","1010.3"
"2026-08-10","23:00:26","Clear","Wet","Dark","1.2","24.5","3072","57232","26.5","25%","30.7","","Opened","7.446","5","Safe","Calm","0.0","73","21.3","12.0","998.9","1010.3"
"2026-08-10","23:00:36","Clear","Wet","Dark","1.0","24.5","3072","57232","26.6","25%","30.7","","Opened","7.505","5","Safe","Calm","0.0","73","21.3","11.9","998.9","1010.4"
"2026-08-10","23:00:46","Clear","Wet","Dark","1.1","24.5","3072","57232","26.6","25%","30.7","","Opened","8.059","5","Safe","Calm","0.0","73","21.3","11.9","998.9","1010.4"
"2026-08-10","23:00:56","Clear","Wet","Dark","1.1","24.4","3072","57232","26.5","25%","30.7","","Opened","7.458","5","Safe","Calm","0.0","73","21.2","11.9","998.9","1010.4"
"2026-08-10","23:01:06","Clear","Wet","Dark","1.3","24.4","3072","57232","26.6","25%","30.7","","Opened","7.436","5","Safe","Calm","0.0","73","21.2","12.1","999.0","1010.4"
"2026-08-10","23:01:16","Clear","Wet","Dark","1.0","24.4","3072","57232","26.5","25%","30.7","","Opened","7.497","5","Safe","Calm","0.0","73","21.2","11.8","998.9","1010.4"
"2026-08-10","23:01:26","Clear","Wet","Dark","1.3","24.4","3072","57232","26.6","25%","30.7","","Opened","7.505","5","Safe","Calm","0.0","73","21.2","12.1","998.8","1010.3"
"2026-08-10","23:01:36","Clear","Wet","Dark","1.1","24.4","3072","57232","26.5","25%","30.7","","Opened","7.630","5","Safe","Calm","0.0","73","21.2","11.9","998.9","1010.4"
"2026-08-10","23:01:46","Clear","Wet","Dark","1.0","24.4","3072","57232","26.5","25%","30.7","","Opened","8.069","5","Safe","Calm","0.0","73","21.2","11.9","998.9","1010.4"
"2026-08-10","23:01:56","Clear","Wet","Dark","1.0","24.4","3072","57232","26.6","25%","30.7","","Opened","7.579","5","Safe","Calm","0.0","73","21.3","11.9","998.9","1010.3"
"2026-08-10","23:02:06","Clear","Wet","Dark","1.2","24.4","3072","57232","26.5","25%","30.7","","Opened","7.560","5","Safe","Calm","0.0","73","21.2","12.0","999.0","1010.4"
"2026-08-10","23:02:16","Clear","Wet","Dark","1.1","24.4","3072","57232","26.5","25%","30.7","","Opened","7.546","5","Safe","Calm","0.0","73","21.3","11.9","998.9","1010.3"
"2026-08-10","23:02:26","Clear","Wet","Dark","1.1","24.4","3072","57232","26.5","25%","30.7","","Opened","7.509","5","Safe","Calm","0.0","73","21.2","11.9","998.9","1010.3"
"2026-08-10","23:02:36","Clear","Wet","Dark","1.2","24.5","3072","57232","26.5","25%","30.6","","Opened","7.414","5","Safe","Calm","0.0","73","21.2","12.0","998.9","1010.3"
"2026-08-10","23:02:46","Clear","Wet","Dark","1.1","24.5","3072","57232","26.5","25%","30.5","","Opened","7.830","5","Safe","Calm","0.0","73","21.3","11.9","998.9","1010.3"
"2026-08-10","23:02:56","Clear","Wet","Dark","1.3","24.5","3072","57232","26.5","25%","30.5","","Opened","7.569","5","Safe","Calm","0.0","73","21.3","12.1","998.9","1010.3"
"2026-08-10","23:03:06","Clear","Wet","Dark","1.3","24.5","3072","57232","26.5","25%","30.5","","Opened","7.455","5","Safe","Calm","0.0","73","21.3","12.1","998.9","1010.3"
"2026-08-10","23:03:16","Clear","Wet","Dark","1.2","24.5","3072","57232","26.5","25%","30.4","","Opened","7.384","5","Safe","Calm","0.0","73","21.3","12.0","998.9","1010.3"
"2026-08-10","23:03:26","Clear","Wet","Dark","1.2","24.5","3072","57232","26.5","25%","30.4","","Opened","7.421","5","Safe","Calm","0.0","73","21.3","12.1","998.9","1010.3"
"2026-08-10","23:03:36","Clear","Wet","Dark","1.1","24.5","3072","57232","26.5","25%","30.4","","Opened","7.460","5","Safe","Calm","0.0","73","21.3","12.0","998.9","1010.3"
"2026-08-10","23:03:46","Clear","Wet","Dark","1.1","24.5","3072","57232","26.5","25%","30.4","","Opened","7.836","5","Safe","Calm","0.0","73","21.3","11.9","998.8","1010.3"
"2026-08-10","23:03:56","Clear","Wet","Dark","1.3","24.5","3072","57232","26.5","25%","30.5","","Opened","7.457","5","Safe","Calm","0.0","73","21.3","12.1","998.8","1010.3"
"2026-08-10","23:04:06","Clear","Wet","Dark","1.2","24.5","3072","57232","26.5","25%","30.4","Heat Impulse - Warming up","Opened","7.560","5","Safe","Calm","0.0","73","21.3","12.0","998.9","1010.3"
"2026-08-10","23:04:16","Clear","Dry","Dark","1.4","24.5","3200","57232","26.5","100%","30.5","Heat Impulse - Warming up","Opened","7.550","5","Safe","Calm","0.0","73","21.3","12.2","998.9","1010.3"
"2026-08-10","23:04:26","Clear","Dry","Dark","1.4","24.5","3200","57232","26.5","100%","30.9","Heat Impulse - Warming up","Opened","7.530","5","Safe","Calm","0.0","73","21.3","12.2","998.9","1010.3"
"2026-08-10","23:04:36","Clear","Dry","Dark","1.4","24.6","3200","57232","26.5","100%","31.3","Heat Impulse - Warming up","Opened","7.693","5","Safe","Calm","0.0","73","21.3","12.2","998.8","1010.3"
"2026-08-10","23:04:47","Clear","Dry","Dark","1.1","24.6","3200","57232","26.5","100%","31.7","Heat Impulse - Warming up","Opened","8.108","5","Safe","Calm","0.0","73","21.3","12.0","998.9","1010.3"
"2026-08-10","23:04:56","Clear","Dry","Dark","1.2","24.6","3200","57232","26.5","100%","32.4","Heat Impulse - Warming up","Opened","7.448","5","Safe","Calm","0.0","73","21.3","12.0","998.8","1010.3"
"2026-08-10","23:05:07","Clear","Dry","Dark","1.3","24.6","3200","57232","26.5","100%","32.9","Heat Impulse - Warming up","Opened","8.055","5","Safe","Calm","0.0","73","21.3","12.1","998.9","1010.3"
"2026-08-10","23:05:16","Clear","Dry","Dark","1.5","24.6","3200","57232","26.5","100%","33.3","Heat Impulse - Warming up","Opened","7.410","5","Safe","Calm","0.0","73","21.3","12.3","998.9","1010.4"
"2026-08-10","23:05:26","Clear","Dry","Dark","1.3","24.7","3200","57232","26.5","100%","33.6","Heat Impulse - Warming up","Opened","7.255","5","Safe","Calm","0.0","73","21.3","12.1","998.8","1010.3"
"2026-08-10","23:05:36","Clear","Dry","Dark","1.5","24.7","3200","57232","26.5","100%","34.0","Heat Impulse - Warming up","Opened","7.299","5","Safe","Calm","0.0","73","21.3","12.3","998.9","1010.3"
"2026-08-10","23:05:47","Clear","Dry","Dark","1.1","24.7","3200","57232","26.5","100%","34.6","Heat Impulse - Warming up","Opened","8.124","5","Safe","Calm","0.0","73","21.3","11.9","998.9","1010.3"
"2026-08-10","23:05:56","Clear","Dry","Dark","1.2","24.7","3200","57232","26.4","100%","35.0","Heat Impulse - Warming up","Opened","7.346","5","Safe","Calm","0.0","73","21.3","12.0","998.9","1010.3"
"2026-08-10","23:06:06","Clear","Dry","Dark","1.3","24.7","3200","57232","26.4","100%","35.6","Heat Impulse - Warming up","Opened","7.580","5","Safe","Calm","0.0","73","21.2","12.1","998.9","1010.3"
"2026-08-10","23:06:16","Clear","Dry","Dark","1.2","24.8","3200","57232","26.4","100%","36.0","Heat Impulse - Warming up","Opened","7.385","5","Safe","Calm","0.0","73","21.2","12.0","998.9","1010.3"
"2026-08-10","23:06:26","Clear","Dry","Dark","1.1","24.7","3200","57232","26.4","100%","36.4","Heat Impulse - Warming up","Opened","7.525","5","Safe","Calm","0.0","73","21.2","11.8","998.9","1010.3"
"2026-08-10","23:06:36","Clear","Dry","Dark","1.1","24.8","3200","57232","26.4","100%","36.7","Heat Impulse - Holding for 60s","Opened","7.450","5","Safe","Calm","0.0","73","21.2","11.9","998.9","1010.3"
"2026-08-10","23:06:46","Clear","Dry","Dark","1.4","24.8","3200","57232","26.4","100%","37.1","Heat Impulse - Holding for 60s","Opened","7.964","5","Safe","Calm","0.0","73","21.2","12.2","998.8","1010.3"
"2026-08-10","23:06:56","Clear","Dry","Dark","1.7","24.9","3200","57232","26.4","98%","37.3","Heat Impulse - Holding for 60s","Opened","7.550","5","Safe","Calm","0.0","73","21.2","12.4","998.9","1010.4"
"2026-08-10","23:07:06","Clear","Wet","Dark","1.1","24.9","3136","57232","26.4","96%","37.6","Heat Impulse - Holding for 60s","Opened","7.584","5","Safe","Calm","0.0","73","21.2","11.8","998.8","1010.3"
"2026-08-10","23:07:16","Clear","Wet","Dark","1.9","25.0","3136","57232","26.4","92%","37.7","Heat Impulse - Holding for 60s","Opened","7.653","5","Safe","Calm","0.6","73","21.2","12.6","998.8","1010.3"
"2026-08-10","23:07:26","Clear","Wet","Dark","1.4","25.1","3136","57232","26.4","88%","37.6","Heat Impulse - Holding for 60s","Opened","7.442","5","Safe","Calm","0.6","73","21.2","12.1","998.9","1010.4"
"2026-08-10","23:07:36","Clear","Wet","Dark","1.5","25.1","3136","57232","26.4","88%","37.8","Heating DOWN","Opened","7.615","5","Safe","Calm","0.6","73","21.2","12.3","998.8","1010.3"
"2026-08-10","23:07:47","Clear","Wet","Dark","1.2","25.1","3136","57232","26.4","68%","37.9","Heating DOWN","Opened","8.080","5","Safe","Calm","0.6","73","21.2","11.9","998.9","1010.3"
"2026-08-10","23:07:56","Clear","Wet","Dark","1.5","25.2","3146","57232","26.4","48%","37.9","Heating DOWN","Opened","7.435","5","Safe","Calm","0.6","73","21.2","12.2","998.9","1010.3"
"2026-08-10","23:08:06","Clear","Wet","Dark","1.2","25.2","3156","57232","26.4","28%","37.6","","Opened","7.380","5","Safe","Calm","0.6","73","21.2","11.9","998.9","1010.4"
"2026-08-10","23:08:16","Clear","Wet","Dark","1.5","25.3","3165","57232","26.4","28%","37.2","","Opened","7.455","5","Safe","Calm","0.0","73","21.2","12.2","998.8","1010.3"
"2026-08-10","23:08:26","Clear","Wet","Dark","1.5","25.3","3174","57232","26.4","28%","36.9","","Opened","7.517","5","Safe","Calm","0.0","73","21.2","12.2","998.8","1010.3"
"2026-08-10","23:08:36","Clear","Wet","Dark","1.3","25.3","3182","57232","26.4","28%","36.5","","Opened","7.377","5","Safe","Calm","0.0","73","21.2","12.0","998.8","1010.3"
"2026-08-10","23:08:46","Clear","Wet","Dark","1.4","25.3","3190","57232","26.3","28%","36.1","","Opened","7.600","5","Safe","Calm","0.0","73","21.2","12.2","998.9","1010.3"
"2026-08-10","23:08:56","Clear","Dry","Dark","1.3","25.3","3200","57232","26.4","28%","35.7","","Opened","7.365","5","Safe","Calm","0.0","73","21.2","12.0","998.9","1010.3"
"2026-08-10","23:09:06","Clear","Dry","Dark","1.4","25.4","3200","57232","26.4","28%","35.4","","Opened","7.356","5","Safe","Calm","0.0","73","21.2","12.1","998.9","1010.3"
"2026-08-10","23:09:16","Clear","Dry","Dark","1.5","25.5","3200","57232","26.4","28%","35.0","","Opened","7.465","5","Safe","Calm","0.0","73","21.2","12.2","998.8","1010.3"
"2026-08-10","23:09:26","Clear","Dry","Dark","1.3","25.5","3200","57232","26.3","28%","34.7","","Opened","7.399","5","Safe","Calm","0.0","73","21.2","12.0","998.8","1010.3"
"2026-08-10","23:09:36","Clear","Dry","Dark","1.2","25.5","3200","57232","26.3","28%","34.5","","Opened","7.406","5","Safe","Calm","0.0","73","21.2","11.9","998.9","1010.4"
"2026-08-10","23:09:46","Clear","Dry","Dark","1.5","25.4","3200","57232","26.4","28%","34.3","","Opened","7.726","5","Safe","Calm","0.0","73","21.2","12.2","998.8","1010.3"
"2026-08-10","23:09:56","Clear","Dry","Dark","1.6","25.5","3200","57232","26.3","28%","34.0","","Opened","7.465","5","Safe","Calm","0.0","73","21.2","12.3","999.0","1010.5"
"2026-08-10","23:10:06","Clear","Dry","Dark","1.4","25.5","3200","57232","26.3","28%","33.7","","Opened","7.395","5","Safe","Calm","0.0","73","21.2","12.1","998.8","1010.3"
"2026-08-10","23:10:16","Clear","Dry","Dark","1.3","25.5","3200","57232","26.3","28%","33.5","","Opened","7.480","5","Safe","Calm","0.0","73","21.2","12.0","998.8","1010.3"
"2026-08-10","23:10:26","Clear","Dry","Dark","1.2","25.5","3200","57232","26.3","28%","33.4","","Opened","7.540","5","Safe","Calm","0.0","73","21.2","11.9","998.9","1010.4"
"2026-08-10","23:10:36","Clear","Dry","Dark","1.3","25.5","3200","57232","26.3","28%","33.3","","Opened","7.500","5","Safe","Calm","0.0","73","21.2","12.0","998.9","1010.3"
"2026-08-10","23:10:46","Clear","Dry","Dark","1.4","25.5","3200","57232","26.3","28%","33.3","Heating DOWN","Opened","7.968","5","Safe","Calm","0.0","73","21.1","12.1","998.9","1010.4"
"2026-08-10","23:10:56","Clear","Dry","Dark","1.3","25.5","3200","57232","26.3","18%","33.1","","Opened","7.455","5","Safe","Calm","0.0","73","21.2","12.0","998.8","1010.3"
"2026-08-10","23:11:06","Clear","Dry","Dark","1.4","25.5","3200","57232","26.3","18%","32.9","","Opened","7.580","5","Safe","Calm","0.0","73","21.2","12.1","998.9","1010.3"
"2026-08-10","23:11:16","Clear","Dry","Dark","1.3","25.5","3200","57232","26.3","18%","32.6","","Opened","7.388","5","Safe","Calm","0.0","73","21.2","12.0","998.8","1010.3"
"2026-08-10","23:11:26","Clear","Dry","Dark","1.3","25.5","3200","57232","26.3","18%","32.4","","Opened","7.505","5","Safe","Calm","0.0","73","21.1","12.0","998.9","1010.3"
"2026-08-10","23:11:36","Clear","Dry","Dark","1.3","25.4","3200","57232","26.3","18%","32.3","","Opened","7.565","5","Safe","Calm","0.0","73","21.2","12.0","998.9","1010.3"
"2026-08-10","23:11:46","Clear","Dry","Dark","1.4","25.4","3200","57232","26.3","18%","32.1","","Opened","7.832","5","Safe","Calm","0.0","73","21.2","12.1","998.9","1010.3"
"2026-08-10","23:11:56","Clear","Dry","Dark","1.3","25.4","3200","57232","26.3","18%","32.0","","Opened","7.494","5","Safe","Calm","0.0","73","21.1","12.0","998.9","1010.4"
"2026-08-10","23:12:06","Clear","Dry","Dark","1.2","25.4","3200","57232","26.3","18%","31.9","","Opened","7.533","5","Safe","Calm","0.0","73","21.2","11.9","999.0","1010.5"
"2026-08-10","23:12:16","Clear","Dry","Dark","1.2","25.3","3200","57232","26.3","18%","31.7","","Opened","7.550","5","Safe","Calm","0.0","73","21.1","11.9","998.9","1010.3"
"2026-08-10","23:12:26","Clear","Dry","Dark","1.3","25.3","3200","57232","26.3","18%","31.6","","Opened","7.349","5","Safe","Calm","0.0","73","21.1","12.0","998.9","1010.3"
"2026-08-10","23:12:36","Clear","Dry","Dark","1.3","25.3","3200","57232","26.3","18%","31.6","Heating DOWN","Opened","7.682","5","Safe","Calm","0.0","73","21.1","11.9","998.9","1010.3"
"2026-08-10","23:12:46","Clear","Dry","Dark","1.3","25.3","3200","57232","26.3","14%","31.4","","Opened","7.795","5","Safe","Calm","0.0","73","21.1","12.0","998.8","1010.3"
"2026-08-10","23:12:56","Clear","Dry","Dark","1.4","25.3","3200","57232","26.3","14%","31.1","","Opened","7.482","5","Safe","Calm","0.0","73","21.1","12.1","998.9","1010.3"
"2026-08-10","23:13:06","Clear","Dry","Dark","1.4","25.3","3200","57232","26.3","14%","31.0","","Opened","7.449","5","Safe","Calm","0.6","73","21.1","12.0","998.9","1010.4"
"2026-08-10","23:13:16","Clear","Dry","Dark","1.5","25.2","3200","57232","26.3","14%","30.7","","Opened","7.480","5","Safe","Calm","1.3","73","21.1","12.2","998.9","1010.4"
"2026-08-10","23:13:26","Clear","Dry","Dark","1.4","25.2","3200","57232","26.3","14%","30.6","","Opened","7.450","5","Safe","Calm","2.1","73","21.1","12.1","998.9","1010.3"
"2026-08-10","23:13:36","Clear","Dry","Dark","1.4","25.2","3200","57232","26.3","14%","30.4","","Opened","7.384","5","Safe","Calm","2.7","73","21.1","12.0","998.9","1010.4"
"2026-08-10","23:13:46","Clear","Dry","Dark","1.3","25.2","3200","57232","26.3","14%","30.3","","Opened","7.860","5","Safe","Calm","2.7","73","21.1","12.0","998.9","1010.4"
"2026-08-10","23:13:56","Clear","Dry","Dark","1.4","25.2","3200","57232","26.3","14%","30.2","","Opened","7.441","5","Safe","Calm","2.7","73","21.1","12.0","998.9","1010.3"
"2026-08-10","23:14:06","Clear","Dry","Dark","1.2","25.1","3200","57232","26.3","14%","30.1","","Opened","7.538","5","Safe","Calm","2.1","73","21.1","11.9","998.9","1010.4"
"2026-08-10","23:14:16","Clear","Dry","Dark","1.3","25.1","3200","57232","26.3","14%","30.1","","Opened","7.494","5","Safe","Calm","1.4","73","21.0","12.0","998.9","1010.4"
"2026-08-10","23:14:26","Clear","Dry","Dark","1.4","25.1","3200","57232","26.3","14%","30.0","","Opened","7.407","5","Safe","Calm","0.6","73","21.0","12.0","998.9","1010.4"
"2026-08-10","23:14:36","Clear","Dry","Dark","1.3","25.1","3200","57232","26.3","14%","29.9","Heating UP","Opened","7.555","5","Safe","Calm","0.0","73","21.0","11.9","999.0","1010.5"
"2026-08-10","23:14:46","Clear","Wet","Dark","1.3","25.1","3123","57232","26.3","15%","29.8","Heating UP","Opened","7.903","5","Safe","Calm","0.0","73","21.1","12.0","998.9","1010.4"
"2026-08-10","23:14:56","Clear","Wet","Dark","1.3","25.0","3136","57232","26.3","17%","29.8","Heating UP","Opened","7.624","5","Safe","Calm","0.0","73","21.1","12.0","999.1","1010.5"
"2026-08-10","23:15:06","Clear","Dry","Dark","1.2","25.0","3200","57232","26.3","18%","29.7","Heating UP","Opened","7.694","5","Safe","Calm","0.0","73","21.0","11.9","998.9","1010.4"
"2026-08-10","23:15:16","Clear","Wet","Dark","1.3","25.0","3072","57232","26.3","20%","29.7","Heating UP","Opened","7.525","5","Safe","Calm","0.0","73","21.0","12.0","998.9","1010.3"
"2026-08-10","23:15:26","Clear","Dry","Dark","1.3","25.0","3200","57232","26.3","22%","29.7","Heating UP","Opened","7.600","5","Safe","Calm","0.0","73","21.0","11.9","999.0","1010.5"
"2026-08-10","23:15:36","Clear","Wet","Dark","1.2","24.9","3114","57232","26.3","24%","29.8","","Opened","7.495","5","Safe","Calm","0.0","73","21.0","11.9","998.9","1010.4"
"2026-08-10","23:15:47","Clear","Wet","Dark","1.2","24.9","3114","57232","26.3","24%","29.8","Heating UP","Opened","8.944","5","Safe","Calm","0.0","73","21.0","11.9","999.0","1010.5"
"2026-08-10","23:15:56","Clear","Wet","Dark","1.3","24.9","3140","57232","26.3","25%","29.8","Heating UP","Opened","7.510","5","Safe","Calm","0.0","73","21.0","12.0","998.9","1010.4"
"2026-08-10","23:16:06","Clear","Dry","Dark","1.2","24.9","3200","57232","26.3","26%","29.8","Heating UP","Opened","7.659","5","Safe","Calm","0.0","73","21.0","11.8","998.9","1010.4"
"2026-08-10","23:16:16","Clear","Dry","Dark","1.2","24.9","3200","57232","26.2","27%","29.8","Heating UP","Opened","7.456","5","Safe","Calm","0.0","73","21.0","11.8","999.0","1010.5"
"2026-08-10","23:16:26","Clear","Wet","Dark","1.2","24.9","3136","57232","26.3","28%","29.9","","Opened","7.434","5","Safe","Calm","0.0","73","21.0","11.9","998.9","1010.4"
"2026-08-10","23:16:36","Clear","Wet","Dark","1.3","24.8","3136","57232","26.3","28%","29.9","Heating UP","Opened","7.580","5","Safe","Calm","0.0","73","21.0","11.9","999.0","1010.5"
"2026-08-10","23:16:46","Clear","Wet","Dark","1.2","24.8","3153","57232","26.3","29%","30.0","","Opened","7.861","5","Safe","Calm","0.0","73","21.0","11.8","998.9","1010.4"
"2026-08-10","23:16:56","Clear","Wet","Dark","1.3","24.8","3157","57232","26.3","29%","30.1","","Opened","7.390","5","Safe","Calm","0.0","73","21.0","12.0","998.9","1010.4"
"2026-08-10","23:17:06","Clear","Wet","Dark","1.3","24.8","3157","57232","26.3","29%","30.1","","Opened","7.344","5","Safe","Calm","0.0","73","21.0","11.9","998.9","1010.4"
"2026-08-10","23:17:16","Clear","Wet","Dark","1.3","24.8","3157","57232","26.3","29%","30.2","","Opened","7.540","5","Safe","Calm","0.0","73","21.0","12.0","998.9","1010.3"
"2026-08-10","23:17:26","Clear","Wet","Dark","1.4","24.8","3157","57232","26.2","29%","30.2","","Opened","7.370","5","Safe","Calm","0.0","73","20.9","12.1","998.9","1010.4"
"2026-08-10","23:17:36","Clear","Wet","Dark","1.4","24.8","3157","57232","26.3","29%","30.2","","Opened","7.398","5","Safe","Calm","0.0","73","21.0","12.1","998.9","1010.3"
"2026-08-10","23:17:46","Clear","Wet","Dark","1.3","24.8","3158","57232","26.2","29%","30.2","","Opened","7.540","5","Safe","Calm","0.0","73","20.9","11.9","998.9","1010.4"
"2026-08-10","23:17:56","Clear","Wet","Dark","1.4","24.8","3158","57232","26.3","29%","30.2","","Opened","7.290","5","Safe","Calm","0.0","73","20.9","12.1","998.9","1010.4"
"2026-08-10","23:18:06","Clear","Wet","Dark","1.1","24.8","3158","57232","26.3","29%","30.2","","Opened","7.481","5","Safe","Calm","0.0","73","21.0","11.8","998.9","1010.4"
"2026-08-10","23:18:16","Clear","Wet","Dark","1.6","24.8","3163","57232","26.3","29%","30.3","","Opened","7.396","5","Safe","Calm","0.0","73","20.9","12.2","998.9","1010.4"
"2026-08-10","23:18:26","Clear","Wet","Dark","1.5","24.8","3157","57232","26.2","29%","30.3","","Opened","7.468","5","Safe","Calm","0.6","73","20.9","12.2","999.0","1010.5"
"2026-08-10","23:18:36","Clear","Wet","Dark","1.2","24.8","3157","57232","26.3","29%","30.3","","Opened","7.328","5","Safe","Calm","0.6","73","20.9","11.9","999.0","1010.5"
"2026-08-10","23:18:46","Clear","Wet","Dark","1.3","24.8","3163","57232","26.2","29%","30.4","","Opened","7.549","5","Safe","Calm","0.6","73","20.9","12.0","999.1","1010.5"
"2026-08-10","23:18:56","Clear","Wet","Dark","1.3","24.8","3157","57232","26.2","29%","30.4","","Opened","7.485","5","Safe","Calm","0.6","72","20.9","11.9","999.0","1010.5"
"2026-08-10","23:19:06","Clear","Wet","Dark","1.4","24.7","3168","57232","26.2","29%","30.4","","Opened","7.546","5","Safe","Calm","0.6","72","20.9","12.0","998.9","1010.4"
"2026-08-10","23:19:16","Clear","Wet","Dark","1.4","24.8","3164","57232","26.2","29%","30.4","","Opened","7.442","5","Safe","Calm","0.6","72","20.9","12.0","999.0","1010.5"
"2026-08-10","23:19:26","Clear","Wet","Dark","1.4","24.8","3168","57232","26.2","29%","30.3","","Opened","7.424","5","Safe","Calm","0.0","72","20.9","12.0","998.9","1010.4"
"2026-08-10","23:19:36","Clear","Wet","Dark","1.3","24.7","3168","57232","26.2","29%","30.4","","Opened","7.436","5","Safe","Calm","0.0","72","20.9","11.9","998.9","1010.4"
"2026-08-10","23:19:46","Clear","Wet","Dark","1.5","24.7","3168","57232","26.2","29%","30.4","","Opened","7.751","5","Safe","Calm","0.0","72","20.9","12.1","999.0","1010.5"
"2026-08-10","23:19:56","Clear","Wet","Dark","1.4","24.7","3168","57232","26.2","29%","30.4","","Opened","7.430","5","Safe","Calm","0.0","72","20.8","12.0","999.0","1010.5"
"2026-08-10","23:20:06","Clear","Wet","Dark","1.3","24.7","3168","57232","26.2","29%","30.4","","Opened","7.450","5","Safe","Calm","0.0","72","20.9","12.0","999.1","1010.5"
"2026-08-10","23:20:16","Clear","Wet","Dark","1.3","24.7","3168","57232","26.2","29%","30.4","","Opened","7.379","5","Safe","Calm","0.0","72","20.8","12.0","999.0","1010.5"
"2026-08-10","23:20:26","Clear","Wet","Dark","1.3","24.7","3168","57232","26.2","29%","30.5","","Opened","7.500","5","Safe","Calm","0.0","72","20.8","12.0","999.1","1010.6"
"2026-08-10","23:20:36","Clear","Wet","Dark","1.4","24.7","3168","57232","26.2","29%","30.5","Heating DOWN","Opened","7.544","5","Safe","Calm","0.0","72","20.8","12.0","999.1","1010.5"
"2026-08-10","23:20:46","Clear","Wet","Dark","1.4","24.7","3158","57232","26.2","28%","30.5","","Opened","7.800","5","Safe","Calm","0.0","72","20.9","12.1","999.0","1010.5"
"2026-08-10","23:20:56","Clear","Wet","Dark","1.4","24.7","3157","57232","26.2","28%","30.5","Heating DOWN","Opened","7.576","5","Safe","Calm","0.0","72","20.8","12.0","999.0","1010.5"
"2026-08-10","23:21:06","Clear","Dry","Dark","1.5","24.7","3200","57232","26.2","27%","30.5","Heating DOWN","Opened","7.494","5","Safe","Calm","0.0","72","20.8","12.1","999.1","1010.5"
"2026-08-10","23:21:16","Clear","Dry","Dark","1.3","24.7","3200","57232","26.2","26%","30.4","","Opened","7.406","5","Safe","Calm","0.0","72","20.8","12.0","999.0","1010.5"
"2026-08-10","23:21:26","Clear","Dry","Dark","1.3","24.7","3200","57232","26.2","26%","30.4","","Opened","7.461","5","Safe","Calm","0.0","72","20.8","12.0","999.0","1010.5"
"2026-08-10","23:21:36","Clear","Dry","Dark","1.3","24.7","3200","57232","26.2","26%","30.4","","Opened","7.366","5","Safe","Calm","0.0","72","20.8","12.0","999.0","1010.5"
"2026-08-10","23:21:46","Clear","Dry","Dark","1.3","24.7","3200","57232","26.2","26%","30.5","Heating DOWN","Opened","7.914","5","Safe","Calm","0.0","72","20.8","12.0","999.0","1010.5"
"2026-08-10","23:21:56","Clear","Wet","Dark","1.5","24.7","3168","57232","26.2","25%","30.4","","Opened","7.480","5","Safe","Calm","0.0","72","20.8","12.1","999.0","1010.5"
"2026-08-10","23:22:06","Clear","Wet","Dark","1.4","24.7","3168","57232","26.2","25%","30.4","","Opened","7.401","5","Safe","Calm","0.0","72","20.8","12.0","999.0","1010.5"
"2026-08-10","23:22:16","Clear","Wet","Dark","1.2","24.7","3168","57232","26.2","25%","30.4","","Opened","7.380","5","Safe","Calm","0.0","72","20.7","11.9","999.0","1010.5"
"2026-08-10","23:22:26","Clear","Wet","Dark","1.4","24.7","3168","57232","26.2","25%","30.4","","Opened","7.448","5","Safe","Calm","0.0","72","20.7","12.0","999.0","1010.5"
"2026-08-10","23:22:36","Clear","Wet","Dark","1.3","24.7","3168","57232","26.2","25%","30.4","","Opened","7.409","5","Safe","Calm","0.0","72","20.7","11.9","999.1","1010.5"
"2026-08-10","23:22:46","Clear","Wet","Dark","1.3","24.7","3168","57232","26.2","25%","30.3","","Opened","7.600","5","Safe","Calm","0.0","72","20.7","11.9","999.0","1010.5"
"2026-08-10","23:22:56","Clear","Wet","Dark","1.3","24.6","3168","57232","26.2","25%","30.3","","Opened","7.335","5","Safe","Calm","0.0","72","20.7","11.9","999.1","1010.5"
"2026-08-10","23:23:06","Clear","Wet","Dark","1.4","24.6","3168","57232","26.2","25%","30.3","","Opened","7.446","5","Safe","Calm","0.0","72","20.7","12.1","999.1","1010.5"
"2026-08-10","23:23:16","Clear","Wet","Dark","1.4","24.7","3168","57232","26.2","25%","30.3","","Opened","7.386","5","Safe","Calm","0.0","72","20.7","12.0","999.1","1010.5"
"2026-08-10","23:23:26","Clear","Wet","Dark","1.4","24.6","3168","57232","26.2","25%","30.3","","Opened","7.345","5","Safe","Calm","0.0","72","20.7","12.0","999.0","1010.5"
"2026-08-10","23:23:36","Clear","Wet","Dark","1.5","24.6","3168","57232","26.2","25%","30.3","","Opened","7.441","5","Safe","Calm","0.0","72","20.7","12.2","999.0","1010.5"
"2026-08-10","23:23:46","Clear","Wet","Dark","1.3","24.7","3168","57232","26.2","25%","30.2","","Opened","7.821","5","Safe","Calm","0.0","72","20.7","11.9","999.1","1010.5"
"2026-08-10","23:23:56","Clear","Wet","Dark","1.4","24.6","3168","57232","26.2","25%","30.2","","Opened","7.380","5","Safe","Calm","0.6","72","20.7","12.0","999.2","1010.6"
"2026-08-10","23:24:06","Clear","Wet","Dark","1.4","24.6","3168","57232","26.2","25%","30.1","","Opened","7.401","5","Safe","Calm","0.6","72","20.7","12.1","999.1","1010.5"
"2026-08-10","23:24:16","Clear","Wet","Dark","1.4","24.6","3168","57232","26.2","25%","30.1","","Opened","7.520","5","Safe","Calm","0.6","72","20.6","12.1","999.1","1010.5"
"2026-08-10","23:24:26","Clear","Wet","Dark","1.3","24.7","3168","57232","26.2","25%","30.1","","Opened","7.426","5","Safe","Calm","0.6","72","20.6","11.9","999.0","1010.5"
"2026-08-10","23:24:36","Clear","Wet","Dark","1.4","24.7","3168","57232","26.2","25%","30.1","","Opened","7.321","5","Safe","Calm","0.6","72","20.6","12.1","999.0","1010.5"
"2026-08-10","23:24:46","Clear","Wet","Dark","1.4","24.6","3168","57232","26.2","25%","30.1","","Opened","7.730","5","Safe","Calm","0.6","72","20.6","12.0","999.1","1010.5"
"2026-08-10","23:24:56","Clear","Wet","Dark","1.5","24.6","3168","57232","26.2","25%","30.1","","Opened","7.445","5","Safe","Calm","0.0","72","20.6","12.2","999.1","1010.5"
"2026-08-10","23:25:06","Clear","Wet","Dark","1.4","24.6","3168","57232","26.2","25%","30.1","","Opened","7.470","5","Safe","Calm","0.0","72","20.6","12.0","999.1","1010.5"
"2026-08-10","23:25:16","Clear","Wet","Dark","1.4","24.6","3168","57232","26.2","25%","30.1","","Opened","7.465","5","Safe","Calm","0.0","71","20.6","12.0","999.0","1010.5"
"2026-08-10","23:25:26","Clear","Wet","Dark","1.4","24.6","3168","57232","26.2","25%","30.2","","Opened","7.431","5","Safe","Calm","0.0","71","20.6","12.0","999.1","1010.5"
"2026-08-10","23:25:36","Clear","Wet","Dark","1.4","24.6","3168","57232","26.2","25%","30.1","","Opened","7.411","5","Safe","Calm","0.0","71","20.6","12.1","999.1","1010.6"
"2026-08-10","23:25:46","Clear","Wet","Dark","1.5","24.6","3168","57232","26.2","25%","30.1","","Opened","7.780","5","Safe","Calm","0.0","71","20.6","12.1","999.1","1010.5"
"2026-08-10","23:25:56","Clear","Wet","Dark","1.6","24.6","3168","57232","26.2","25%","30.0","","Opened","7.445","5","Safe","Calm","0.8","71","20.6","12.2","999.1","1010.5"
"2026-08-10","23:26:06","Clear","Wet","Dark","1.5","24.6","3168","57232","26.2","25%","30.0","","Opened","7.618","5","Safe","Calm","0.8","71","20.6","12.1","999.1","1010.5"
"2026-08-10","23:26:17","Clear","Wet","Dark","1.6","24.6","3168","57232","26.1","25%","30.0","","Opened","8.124","5","Safe","Calm","0.8","71","20.5","12.2","999.1","1010.6"
"2026-08-10","23:26:26","Clear","Wet","Dark","1.4","24.6","3168","57232","26.2","25%","30.0","","Opened","7.544","5","Safe","Calm","0.8","71","20.6","12.0","999.1","1010.5"
"2026-08-10","23:26:36","Clear","Wet","Dark","1.7","24.6","3168","57232","26.2","25%","29.9","","Opened","7.285","5","Safe","Calm","0.8","71","20.5","12.3","999.1","1010.6"
"2026-08-10","23:26:46","Clear","Wet","Dark","1.4","24.6","3157","57232","26.2","25%","29.9","Heating UP","Opened","7.976","5","Safe","Calm","1.4","71","20.6","12.0","999.1","1010.5"
"2026-08-10","23:26:56","Clear","Dry","Dark","1.7","24.7","3200","57232","26.2","26%","29.9","","Opened","7.500","5","Safe","Calm","1.3","71","20.5","12.3","999.1","1010.5"
"2026-08-10","23:27:06","Clear","Dry","Dark","1.6","24.7","3200","57232","26.1","26%","29.8","Heating UP","Opened","7.710","5","Safe","Calm","1.9","71","20.5","12.3","999.0","1010.5"
"2026-08-10","23:27:16","Clear","Dry","Dark","1.5","24.7","3200","57232","26.2","27%","29.8","Heating UP","Opened","7.730","5","Safe","Calm","2.6","71","20.5","12.1","999.1","1010.5"
"2026-08-10","23:27:26","Clear","Wet","Dark","1.9","24.7","3157","57232","26.1","28%","29.8","Heating UP","Opened","7.757","5","Safe","Calm","2.6","71","20.5","12.5","999.1","1010.5"
"2026-08-10","23:27:36","Clear","Wet","Dark","1.9","24.7","3157","57232","26.1","29%","29.8","Heating UP","Opened","7.836","5","Safe","Calm","3.2","71","20.5","12.5","999.1","1010.5"
"2026-08-10","23:27:47","Clear","Dry","Dark","1.5","24.7","3200","57232","26.2","30%","29.8","Heating UP","Opened","8.339","5","Safe","Calm","2.6","71","20.5","12.1","999.1","1010.5"
"2026-08-10","23:27:56","Clear","Dry","Dark","1.7","24.7","3200","57232","26.2","31%","29.9","","Opened","7.661","5","Safe","Calm","1.9","71","20.5","12.3","999.1","1010.6"
"2026-08-10","23:28:06","Clear","Dry","Dark","1.6","24.7","3200","57232","26.2","31%","29.9","","Opened","7.646","5","Safe","Calm","1.3","71","20.5","12.2","999.0","1010.5"
"2026-08-10","23:28:16","Clear","Dry","Dark","1.6","24.7","3200","57232","26.2","31%","30.0","","Opened","7.532","5","Safe","Calm","0.6","71","20.6","12.2","999.1","1010.5"
"2026-08-10","23:28:26","Clear","Dry","Dark","1.5","24.7","3200","57232","26.2","31%","30.1","","Opened","7.641","5","Safe","Calm","0.6","71","20.5","12.1","999.1","1010.5"
"2026-08-10","23:28:36","Clear","Dry","Dark","1.3","24.7","3200","57232","26.2","31%","30.1","","Opened","7.410","5","Safe","Calm","0.0","71","20.5","12.0","999.1","1010.6"
"2026-08-10","23:28:47","Clear","Dry","Dark","1.7","24.7","3200","57232","26.2","31%","30.2","","Opened","8.405","5","Safe","Calm","0.0","71","20.5","12.3","999.1","1010.6"
"2026-08-10","23:28:56","Clear","Dry","Dark","1.8","24.7","3200","57232","26.2","31%","30.2","","Opened","7.630","5","Safe","Calm","1.1","71","20.6","12.4","999.1","1010.6"
"2026-08-10","23:29:06","Clear","Dry","Dark","1.7","24.7","3200","57232","26.2","31%","30.1","","Opened","7.494","5","Safe","Calm","1.8","71","20.6","12.4","999.1","1010.6"
"2026-08-10","23:29:16","Clear","Dry","Dark","1.5","24.8","3200","57232","26.2","31%","30.2","","Opened","7.385","5","Safe","Calm","2.5","71","20.6","12.2","999.1","1010.5"
"2026-08-10","23:29:26","Clear","Dry","Dark","1.6","24.7","3200","57232","26.2","31%","30.2","","Opened","7.490","5","Safe","Calm","2.5","71","20.6","12.2","999.2","1010.6"
"2026-08-10","23:29:36","Clear","Dry","Dark","1.7","24.8","3200","57232","26.2","31%","30.3","","Opened","7.808","5","Safe","Calm","3.1","71","20.6","12.4","999.1","1010.5"
"2026-08-10","23:29:47","Clear","Dry","Dark","1.6","24.8","3200","57232","26.2","31%","30.3","","Opened","8.434","5","Safe","Calm","3.1","71","20.6","12.3","999.1","1010.5"
"2026-08-10","23:29:56","Clear","Dry","Dark","1.7","24.8","3200","57232","26.2","31%","30.3","","Opened","7.490","5","Safe","Calm","2.1","71","20.6","12.4","999.1","1010.6"
"2026-08-10","23:30:06","Clear","Dry","Dark","1.6","24.8","3200","57232","26.2","31%","30.3","","Opened","7.779","5","Safe","Calm","1.3","71","20.6","12.2","999.1","1010.5"
"2026-08-10","23:30:16","Clear","Dry","Dark","1.6","24.8","3200","57232","26.2","31%","30.3","","Opened","7.529","5","Safe","Calm","0.6","71","20.6","12.2","999.1","1010.5"
"2026-08-10","23:30:26","Clear","Dry","Dark","1.6","24.8","3200","57232","26.2","31%","30.4","","Opened","7.635","5","Safe","Calm","0.6","71","20.6","12.2","999.3","1010.7"
"2026-08-10","23:30:36","Clear","Dry","Dark","1.6","24.8","3200","57232","26.2","31%","30.4","","Opened","7.612","5","Safe","Calm","0.0","71","20.6","12.2","999.1","1010.5"
"2026-08-10","23:30:47","Clear","Dry","Dark","1.5","24.8","3200","57232","26.2","31%","30.5","","Opened","8.269","5","Safe","Calm","0.0","71","20.6","12.2","999.1","1010.5"
"2026-08-10","23:30:56","Clear","Dry","Dark","1.6","24.8","3200","57232","26.2","31%","30.5","","Opened","7.879","5","Safe","Calm","0.0","71","20.6","12.3","999.1","1010.5"
"2026-08-10","23:31:06","Clear","Dry","Dark","1.5","24.8","3200","57232","26.3","31%","30.5","","Opened","7.425","5","Safe","Calm","0.0","71","20.6","12.2","999.1","1010.5"
"2026-08-10","23:31:17","Clear","Dry","Dark","1.4","24.8","3200","57232","26.2","31%","30.6","Heating DOWN","Opened","8.035","5","Safe","Calm","0.0","71","20.6","12.1","999.1","1010.5"
"2026-08-10","23:31:26","Clear","Dry","Dark","1.6","24.8","3200","57232","26.2","30%","30.6","Heating DOWN","Opened","7.774","5","Safe","Calm","0.0","71","20.6","12.2","999.1","1010.5"
"2026-08-10","23:31:36","Clear","Wet","Dark","1.5","24.8","3168","57232","26.3","29%","30.7","Heating DOWN","Opened","7.867","5","Safe","Calm","0.0","71","20.6","12.2","999.1","1010.6"
"2026-08-10","23:31:47","Clear","Wet","Dark","1.4","24.8","3157","57232","26.3","28%","30.7","Heating DOWN","Opened","8.405","5","Safe","Calm","0.0","71","20.6","12.1","999.1","1010.5"
"2026-08-10","23:31:56","Clear","Dry","Dark","1.5","24.8","3200","57232","26.3","27%","30.7","Heating DOWN","Opened","7.744","5","Safe","Calm","0.0","71","20.6","12.2","999.1","1010.6"
"2026-08-10","23:32:06","Clear","Dry","Dark","1.4","24.8","3200","57232","26.3","26%","30.7","Heating DOWN","Opened","7.778","5","Safe","Calm","0.0","71","20.6","12.1","999.1","1010.6"
"2026-08-10","23:32:16","Clear","Wet","Dark","1.5","24.8","3168","57232","26.3","25%","30.7","Heating DOWN","Opened","7.664","5","Safe","Calm","0.0","71","20.6","12.2","999.1","1010.6"
"2026-08-10","23:32:27","Clear","Wet","Dark","1.3","24.8","3157","57232","26.3","24%","30.7","Heating DOWN","Opened","7.939","5","Safe","Calm","0.0","71","20.6","12.0","999.1","1010.6"
"2026-08-10","23:32:36","Clear","Dry","Dark","1.3","24.7","3200","57232","26.3","23%","30.7","Heating DOWN","Opened","7.674","5","Safe","Calm","0.0","71","20.6","12.0","999.1","1010.5"
"2026-08-10","23:32:47","Clear","Dry","Dark","1.5","24.7","3200","57232","26.3","22%","30.6","","Opened","8.373","5","Safe","Calm","0.0","71","20.6","12.1","999.1","1010.5"
"2026-08-10","23:32:56","Clear","Dry","Dark","1.4","24.7","3200","57232","26.3","22%","30.6","Heating DOWN","Opened","7.676","5","Safe","Calm","0.0","71","20.6","12.1","999.1","1010.6"
"2026-08-10","23:33:06","Clear","Wet","Dark","1.4","24.7","3168","57232","26.3","21%","30.5","","Opened","7.702","5","Safe","Calm","0.0","71","20.6","12.1","999.1","1010.5"
"2026-08-10","23:33:16","Clear","Wet","Dark","1.4","24.7","3168","57232","26.3","21%","30.4","","Opened","7.764","5","Safe","Calm","0.0","71","20.6","12.1","999.1","1010.6"
"2026-08-10","23:33:26","Clear","Wet","Dark","1.4","24.7","3168","57232","26.3","21%","30.4","","Opened","7.748","5","Safe","Calm","0.0","71","20.6","12.1","999.1","1010.6"
"2026-08-10","23:33:36","Clear","Wet","Dark","1.5","24.7","3168","57232","26.3","21%","30.3","","Opened","7.768","5","Safe","Calm","0.0","71","20.6","12.2","999.1","1010.6"
"2026-08-10","23:33:47","Clear","Wet","Dark","1.4","24.7","3168","57232","26.3","21%","30.3","","Opened","8.275","5","Safe","Calm","0.0","71","20.6","12.1","999.1","1010.5"
"2026-08-10","23:33:56","Clear","Wet","Dark","1.4","24.7","3168","57232","26.3","21%","30.3","","Opened","7.635","5","Safe","Calm","0.0","71","20.6","12.1","999.1","1010.6"
"2026-08-10","23:34:06","Clear","Wet","Dark","1.5","24.7","3168","57232","26.3","21%","30.2","","Opened","7.810","5","Safe","Calm","0.0","71","20.6","12.2","999.1","1010.6"
"2026-08-10","23:34:16","Clear","Wet","Dark","1.3","24.7","3168","57232","26.3","21%","30.2","","Opened","7.659","5","Safe","Calm","0.0","71","20.6","12.0","999.2","1010.6"
"2026-08-10","23:34:26","Clear","Wet","Dark","1.5","24.7","3157","57232","26.3","21%","30.2","","Opened","7.773","5","Safe","Calm","0.0","71","20.6","12.2","999.0","1010.5"
"2026-08-10","23:34:36","Clear","Wet","Dark","1.6","24.7","3157","57232","26.3","21%","30.1","","Opened","7.651","5","Safe","Calm","0.0","71","20.6","12.3","999.2","1010.6"
"2026-08-10","23:34:47","Clear","Wet","Dark","1.5","24.7","3157","57232","26.3","21%","30.1","","Opened","8.149","5","Safe","Calm","0.0","71","20.6","12.2","999.1","1010.5"
"2026-08-10","23:34:56","Clear","Wet","Dark","1.6","24.7","3157","57232","26.3","21%","30.0","Heating UP","Opened","7.784","5","Safe","Calm","0.0","71","20.6","12.3","999.1","1010.5"
"2026-08-10","23:35:06","Clear","Dry","Dark","1.7","24.7","3200","57232","26.3","22%","30.0","","Opened","7.500","5","Safe","Calm","0.0","71","20.6","12.3","999.1","1010.5"
"2026-08-10","23:35:16","Clear","Dry","Dark","1.5","24.7","3200","57232","26.3","22%","30.0","","Opened","7.666","5","Safe","Calm","0.0","71","20.6","12.2","999.1","1010.5"
"2026-08-10","23:35:26","Clear","Dry","Dark","1.4","24.7","3200","57232","26.3","22%","30.0","","Opened","7.518","5","Safe","Calm","0.0","71","20.6","12.1","999.1","1010.5"
"2026-08-10","23:35:36","Clear","Dry","Dark","1.4","24.7","3200","57232","26.3","22%","30.0","","Opened","7.523","5","Safe","Calm","0.0","71","20.6","12.1","999.1","1010.6"
"2026-08-10","23:35:47","Clear","Dry","Dark","1.5","24.7","3200","57232","26.3","22%","30.0","Heating UP","Opened","8.663","5","Safe","Calm","0.0","71","20.6","12.2","999.1","1010.6"
"2026-08-10","23:35:56","Clear","Wet","Dark","1.5","24.7","3157","57232","26.3","23%","29.9","Heating UP","Opened","7.710","5","Safe","Calm","0.0","71","20.6","12.2","999.2","1010.6"
"2026-08-10","23:36:07","Clear","Wet","Dark","1.6","24.7","3136","57232","26.3","24%","29.9","Heating UP","Opened","8.183","5","Safe","Calm","0.0","71","20.6","12.2","999.1","1010.6"
"2026-08-10","23:36:16","Clear","Wet","Dark","1.5","24.7","3157","57232","26.3","25%","29.9","Heating UP","Opened","7.739","5","Safe","Calm","0.0","71","20.6","12.2","999.1","1010.6"
"2026-08-10","23:36:26","Clear","Dry","Dark","1.4","24.7","3200","57232","26.3","26%","30.0","","Opened","7.581","5","Safe","Calm","0.0","71","20.6","12.0","999.2","1010.6"
"2026-08-10","23:36:36","Clear","Dry","Dark","1.6","24.6","3200","57232","26.3","26%","30.0","","Opened","7.788","5","Safe","Calm","0.0","71","20.6","12.3","999.1","1010.6"
"2026-08-10","23:36:47","Clear","Dry","Dark","1.5","24.6","3200","57232","26.3","26%","30.1","","Opened","8.244","5","Safe","Calm","0.0","71","20.6","12.2","999.1","1010.5"
"2026-08-10","23:36:56","Clear","Dry","Dark","1.5","24.6","3200","57232","26.3","26%","30.1","","Opened","7.426","5","Safe","Calm","0.0","71","20.6","12.1","999.1","1010.5"
"2026-08-10","23:37:07","Clear","Dry","Dark","1.4","24.6","3200","57232","26.3","26%","30.1","","Opened","8.039","5","Safe","Calm","0.0","71","20.6","12.1","999.1","1010.5"
"2026-08-10","23:37:16","Clear","Dry","Dark","1.6","24.6","3200","57232","26.3","26%","30.1","","Opened","7.588","5","Safe","Calm","0.0","71","20.6","12.3","999.1","1010.6"
"2026-08-10","23:37:26","Clear","Dry","Dark","1.6","24.6","3200","57232","26.3","26%","30.1","","Opened","7.370","5","Safe","Calm","0.0","71","20.6","12.3","999.1","1010.5"
"2026-08-10","23:37:36","Clear","Dry","Dark","1.5","24.6","3200","57232","26.3","26%","30.1","","Opened","7.502","5","Safe","Calm","0.0","71","20.6","12.2","999.1","1010.6"
"2026-08-10","23:37:46","Clear","Dry","Dark","1.5","24.7","3200","57232","26.3","26%","30.1","","Opened","7.704","5","Safe","Calm","0.0","71","20.5","12.1","999.1","1010.6"
"2026-08-10","23:37:56","Clear","Dry","Dark","1.6","24.6","3200","57232","26.3","26%","30.1","","Opened","7.485","5","Safe","Calm","0.0","71","20.5","12.2","999.1","1010.5"
"2026-08-10","23:38:06","Clear","Dry","Dark","1.3","24.6","3200","57232","26.3","26%","30.1","","Opened","7.275","5","Safe","Calm","0.0","71","20.5","12.0","999.1","1010.5"
"2026-08-10","23:38:16","Clear","Dry","Dark","1.4","24.6","3200","57232","26.3","26%","30.2","","Opened","7.782","5","Safe","Calm","0.0","71","20.5","12.0","999.1","1010.6"
"2026-08-10","23:38:27","Clear","Dry","Dark","1.4","24.6","3200","57232","26.3","26%","30.2","","Opened","7.870","5","Safe","Calm","0.0","71","20.5","12.1","999.1","1010.6"
"2026-08-10","23:38:36","Clear","Dry","Dark","1.5","24.6","3200","57232","26.3","26%","30.2","","Opened","7.760","5","Safe","Calm","0.0","71","20.5","12.2","999.1","1010.5"
"2026-08-10","23:38:47","Clear","Dry","Dark","1.4","24.6","3200","57232","26.3","26%","30.2","","Opened","8.539","5","Safe","Calm","0.0","71","20.5","12.1","999.1","1010.5"
"2026-08-10","23:38:56","Clear","Dry","Dark","1.5","24.6","3200","57232","26.3","26%","30.3","","Opened","7.679","5","Safe","Calm","0.0","71","20.5","12.2","999.1","1010.5"
"2026-08-10","23:39:07","Clear","Dry","Dark","1.4","24.6","3200","57232","26.3","26%","30.3","","Opened","7.855","5","Safe","Calm","0.0","71","20.5","12.1","999.1","1010.5"
"2026-08-10","23:39:16","Clear","Dry","Dark","1.4","24.6","3200","57232","26.3","26%","30.3","","Opened","7.785","5","Safe","Calm","0.0","71","20.5","12.1","999.1","1010.6"
"2026-08-10","23:39:26","Clear","Dry","Dark","1.3","24.6","3200","57232","26.3","26%","30.3","","Opened","7.317","5","Safe","Calm","0.0","71","20.5","12.0","999.1","1010.6"
"2026-08-10","23:39:36","Clear","Dry","Dark","1.3","24.6","3200","57232","26.3","26%","30.4","","Opened","7.504","5","Safe","Calm","0.0","71","20.5","12.0","999.1","1010.5"
"2026-08-10","23:39:46","Clear","Dry","Dark","1.2","24.5","3200","57232","26.3","26%","30.4","","Opened","7.739","5","Safe","Calm","0.0","71","20.5","11.9","999.1","1010.6"
"2026-08-10","23:39:56","Clear","Dry","Dark","1.3","24.5","3200","57232","26.3","26%","30.5","","Opened","7.367","5","Safe","Calm","0.0","70","20.5","11.9","999.1","1010.6"
"2026-08-10","23:40:06","Clear","Dry","Dark","1.5","24.5","3200","57232","26.3","26%","30.5","","Opened","7.500","5","Safe","Calm","0.0","70","20.5","12.2","999.1","1010.6"
"2026-08-10","23:40:16","Clear","Dry","Dark","1.4","24.5","3200","57232","26.3","26%","30.5","","Opened","7.421","5","Safe","Calm","0.0","70","20.5","12.1","999.1","1010.6"
"2026-08-10","23:40:26","Clear","Dry","Dark","1.4","24.5","3200","57232","26.3","26%","30.5","","Opened","7.475","5","Safe","Calm","0.0","70","20.5","12.1","999.1","1010.5"
"2026-08-10","23:40:36","Clear","Dry","Dark","1.5","24.5","3200","57232","26.3","26%","30.4","","Opened","7.447","5","Safe","Calm","0.0","70","20.5","12.2","999.1","1010.6"
"2026-08-10","23:40:47","Clear","Dry","Dark","1.3","24.5","3200","57232","26.3","26%","30.4","","Opened","7.866","5","Safe","Calm","0.0","70","20.5","12.0","999.1","1010.6"
"2026-08-10","23:40:56","Clear","Dry","Dark","1.4","24.5","3200","57232","26.3","26%","30.4","","Opened","7.657","5","Safe","Calm","0.0","70","20.5","12.1","999.1","1010.5"
"2026-08-10","23:41:06","Clear","Dry","Dark","1.4","24.5","3200","57232","26.3","26%","30.4","","Opened","7.571","5","Safe","Calm","0.0","70","20.5","12.0","999.1","1010.6"
"2026-08-10","23:41:16","Clear","Dry","Dark","1.4","24.5","3200","57232","26.3","26%","30.5","","Opened","7.617","5","Safe","Calm","0.0","70","20.5","12.1","999.1","1010.6"
"2026-08-10","23:41:26","Clear","Dry","Dark","1.3","24.5","3200","57232","26.3","26%","30.5","","Opened","7.580","5","Safe","Calm","0.0","70","20.5","12.0","999.1","1010.6"
"2026-08-10","23:41:36","Clear","Dry","Dark","1.4","24.5","3200","57232","26.3","26%","30.5","","Opened","7.486","5","Safe","Calm","0.0","70","20.5","12.1","999.2","1010.6"
"2026-08-10","23:41:46","Clear","Dry","Dark","1.3","24.5","3200","57232","26.3","26%","30.5","","Opened","7.811","5","Safe","Calm","0.0","70","20.5","12.0","999.2","1010.6"
"2026-08-10","23:41:56","Clear","Dry","Dark","1.2","24.5","3200","57232","26.3","26%","30.5","","Opened","7.384","5","Safe","Calm","0.0","70","20.5","11.9","999.3","1010.8"
"2026-08-10","23:42:06","Clear","Dry","Dark","1.3","24.5","3200","57232","26.3","26%","30.5","","Opened","7.440","5","Safe","Calm","0.0","70","20.5","12.0","999.1","1010.6"
"2026-08-10","23:42:16","Clear","Dry","Dark","1.4","24.5","3200","57232","26.3","26%","30.5","","Opened","7.395","5","Safe","Calm","0.0","70","20.5","12.1","999.2","1010.6"
"2026-08-10","23:42:26","Clear","Dry","Dark","1.4","24.5","3200","57232","26.3","26%","30.5","","Opened","7.465","5","Safe","Calm","0.0","70","20.5","12.1","999.2","1010.6"
"2026-08-10","23:42:36","Clear","Dry","Dark","1.2","24.5","3200","57232","26.3","26%","30.5","","Opened","7.450","5","Safe","Calm","0.0","70","20.5","11.9","999.1","1010.6"
"2026-08-10","23:42:46","Clear","Dry","Dark","1.4","24.5","3200","57232","26.3","26%","30.5","","Opened","7.739","5","Safe","Calm","0.0","70","20.5","12.1","999.1","1010.6"
"2026-08-10","23:42:56","Clear","Dry","Dark","1.5","24.5","3200","57232","26.3","26%","30.5","","Opened","7.505","5","Safe","Calm","0.0","70","20.5","12.2","999.1","1010.6"
"2026-08-10","23:43:06","Clear","Dry","Dark","1.4","24.5","3200","57232","26.3","26%","30.5","","Opened","7.380","5","Safe","Calm","0.0","70","20.5","12.1","999.2","1010.6"
"2026-08-10","23:43:16","Clear","Dry","Dark","1.5","24.5","3200","57232","26.3","26%","30.5","","Opened","7.450","5","Safe","Calm","0.0","70","20.5","12.2","999.2","1010.6"
"2026-08-10","23:43:26","Clear","Dry","Dark","1.5","24.5","3200","57232","26.3","26%","30.5","","Opened","7.366","5","Safe","Calm","0.0","70","20.5","12.2","999.2","1010.6"
"2026-08-10","23:43:36","Clear","Dry","Dark","1.4","24.5","3200","57232","26.3","26%","30.4","","Opened","7.473","5","Safe","Calm","0.0","70","20.5","12.1","999.1","1010.6"
"2026-08-10","23:43:46","Clear","Dry","Dark","1.3","24.5","3200","57232","26.3","26%","30.4","","Opened","7.635","5","Safe","Calm","0.0","70","20.4","12.0","999.1","1010.6"
"2026-08-10","23:43:56","Clear","Dry","Dark","1.5","24.5","3200","57232","26.3","26%","30.4","","Opened","7.476","5","Safe","Calm","0.0","70","20.5","12.2","999.1","1010.6"
"2026-08-10","23:44:06","Clear","Dry","Dark","1.3","24.5","3200","57232","26.3","26%","30.4","","Opened","7.383","5","Safe","Calm","0.0","70","20.5","12.0","999.2","1010.6"
"2026-08-10","23:44:16","Clear","Dry","Dark","1.2","24.5","3200","57232","26.3","26%","30.4","","Opened","7.466","5","Safe","Calm","0.0","70","20.4","11.9","999.2","1010.6"
"2026-08-10","23:44:26","Clear","Dry","Dark","1.2","24.5","3200","57232","26.3","26%","30.4","","Opened","7.400","5","Safe","Calm","0.0","70","20.4","11.9","999.1","1010.6"
"2026-08-10","23:44:36","Clear","Dry","Dark","1.2","24.4","3200","57232","26.3","26%","30.4","","Opened","7.435","5","Safe","Calm","0.0","70","20.4","11.9","999.2","1010.6"
"2026-08-10","23:44:46","Clear","Dry","Dark","1.1","24.4","3200","57232","26.3","26%","30.5","","Opened","7.728","5","Safe","Calm","0.0","70","20.4","11.8","999.2","1010.6"
"2026-08-10","23:44:56","Clear","Dry","Dark","1.1","24.4","3200","57232","26.3","26%","30.5","","Opened","7.340","5","Safe","Calm","0.0","70","20.4","11.8","999.3","1010.7"
"2026-08-10","23:45:06","Clear","Dry","Dark","1.0","24.4","3200","57232","26.3","26%","30.6","Heating DOWN","Opened","7.513","5","Safe","Calm","0.0","70","20.4","11.7","999.2","1010.6"
"2026-08-10","23:45:16","Clear","Wet","Dark","1.1","24.3","3168","57232","26.3","25%","30.6","Heating DOWN","Opened","7.520","5","Safe","Calm","0.0","70","20.4","11.8","999.2","1010.6"
"2026-08-10","23:45:26","Clear","Wet","Dark","1.0","24.3","3136","57232","26.3","24%","30.6","Heating DOWN","Opened","7.521","5","Safe","Calm","0.0","70","20.4","11.7","999.2","1010.6"
"2026-08-10","23:45:36","Clear","Wet","Dark","1.0","24.3","3157","57232","26.3","23%","30.6","Heating DOWN","Opened","7.555","5","Safe","Calm","0.0","70","20.4","11.7","999.2","1010.6"
"2026-08-10","23:45:47","Clear","Dry","Dark","1.0","24.3","3200","57232","26.3","22%","30.6","Heating DOWN","Opened","7.946","5","Safe","Calm","0.0","70","20.4","11.7","999.3","1010.7"
"2026-08-10","23:45:56","Clear","Wet","Dark","1.0","24.3","3168","57232","26.3","21%","30.6","Heating DOWN","Opened","7.479","5","Safe","Calm","0.0","70","20.4","11.7","999.2","1010.6"
"2026-08-10","23:46:06","Clear","Wet","Dark","1.0","24.2","3136","57232","26.3","20%","30.6","Heating DOWN","Opened","7.635","5","Safe","Calm","0.0","70","20.4","11.7","999.1","1010.6"
"2026-08-10","23:46:16","Clear","Wet","Dark","1.1","24.2","3157","57232","26.3","19%","30.5","","Opened","7.396","5","Safe","Calm","0.0","70","20.4","11.8","999.2","1010.6"
"2026-08-10","23:46:26","Clear","Wet","Dark","1.2","24.2","3157","57232","26.3","19%","30.5","","Opened","7.520","5","Safe","Calm","0.0","70","20.4","11.8","999.3","1010.7"
"2026-08-10","23:46:36","Clear","Wet","Dark","1.1","24.2","3157","57232","26.3","19%","30.4","","Opened","7.481","5","Safe","Calm","0.0","70","20.4","11.8","999.1","1010.6"
"2026-08-10","23:46:46","Clear","Wet","Dark","1.2","24.2","3157","57232","26.3","19%","30.3","","Opened","7.575","5","Safe","Calm","0.0","70","20.4","11.9","999.2","1010.6"
"2026-08-10","23:46:56","Clear","Wet","Dark","1.2","24.2","3157","57232","26.3","19%","30.3","","Opened","7.539","5","Safe","Calm","0.0","70","20.4","11.9","999.3","1010.7"
"2026-08-10","23:47:06","Clear","Wet","Dark","1.0","24.2","3157","57232","26.3","19%","30.2","","Opened","7.485","5","Safe","Calm","0.0","70","20.4","11.7","999.2","1010.6"
"2026-08-10","23:47:16","Clear","Wet","Dark","1.1","24.2","3157","57232","26.3","19%","30.2","","Opened","7.460","5","Safe","Calm","0.0","70","20.4","11.7","999.2","1010.6"
"2026-08-10","23:47:26","Clear","Wet","Dark","1.0","24.2","3158","57232","26.3","19%","30.1","","Opened","7.485","5","Safe","Calm","0.0","70","20.4","11.7","999.2","1010.6"
"2026-08-10","23:47:36","Clear","Wet","Dark","1.0","24.2","3158","57232","26.3","19%","30.1","","Opened","7.281","5","Safe","Calm","0.0","70","20.4","11.7","999.3","1010.7"
"2026-08-10","23:47:46","Clear","Wet","Dark","1.2","24.2","3157","57232","26.3","19%","30.1","","Opened","7.536","5","Safe","Calm","0.0","70","20.4","11.9","999.2","1010.6"
"2026-08-10","23:47:56","Clear","Wet","Dark","1.1","24.2","3157","57232","26.3","19%","30.0","Heating UP","Opened","7.465","5","Safe","Calm","0.0","70","20.4","11.8","999.3","1010.7"
"2026-08-10","23:48:06","Clear","Wet","Dark","1.0","24.1","3114","57232","26.3","20%","30.0","","Opened","7.358","5","Safe","Calm","0.0","70","20.4","11.7","999.2","1010.6"
"2026-08-10","23:48:16","Clear","Wet","Dark","1.1","24.1","3115","57232","26.2","20%","30.0","","Opened","7.398","5","Safe","Calm","0.0","70","20.4","11.7","999.3","1010.8"
"2026-08-10","23:48:26","Clear","Wet","Dark","1.1","24.1","3115","57232","26.3","20%","30.0","","Opened","7.357","5","Safe","Calm","0.0","70","20.4","11.8","999.2","1010.6"
"2026-08-10","23:48:36","Clear","Wet","Dark","1.3","24.1","3115","57232","26.3","20%","29.9","Heating UP","Opened","7.506","5","Safe","Calm","0.0","70","20.4","11.9","999.2","1010.6"
"2026-08-10","23:48:46","Clear","Wet","Dark","1.1","24.1","3157","57232","26.3","21%","29.9","Heating UP","Opened","7.731","5","Safe","Calm","0.0","70","20.4","11.7","999.2","1010.6"
"2026-08-10","23:48:56","Clear","Dry","Dark","1.2","24.1","3200","57232","26.2","22%","29.9","Heating UP","Opened","7.464","5","Safe","Calm","0.0","70","20.4","11.8","999.2","1010.6"
"2026-08-10","23:49:06","Clear","Wet","Dark","1.2","24.1","3157","57232","26.2","23%","29.9","Heating UP","Opened","7.495","5","Safe","Calm","0.0","70","20.4","11.8","999.3","1010.7"
"2026-08-10","23:49:16","Clear","Wet","Dark","1.3","24.1","3136","57232","26.2","24%","29.8","Heating UP","Opened","7.519","5","Safe","Calm","0.0","70","20.4","12.0","999.2","1010.6"
"2026-08-10","23:49:26","Clear","Wet","Dark","1.3","24.1","3158","57232","26.2","25%","29.8","Heating UP","Opened","7.529","5","Safe","Calm","0.0","70","20.3","12.0","999.2","1010.6"
"2026-08-10","23:49:36","Clear","Dry","Dark","1.2","24.1","3200","57232","26.2","26%","29.8","Heating UP","Opened","7.411","5","Safe","Calm","0.0","70","20.4","11.9","999.3","1010.7"
"2026-08-10","23:49:46","Clear","Dry","Dark","1.1","24.2","3200","57232","26.3","27%","29.8","Heating UP","Opened","7.652","5","Safe","Calm","0.0","70","20.4","11.8","999.2","1010.6"
"2026-08-10","23:49:56","Clear","Wet","Dark","1.2","24.2","3136","57232","26.2","28%","29.9","","Opened","7.326","5","Safe","Calm","0.0","70","20.3","11.9","999.2","1010.6"
"2026-08-10","23:50:06","Clear","Wet","Dark","1.4","24.2","3158","57232","26.2","28%","29.9","Heating UP","Opened","7.417","5","Safe","Calm","0.0","70","20.3","12.0","999.1","1010.6"
"2026-08-10","23:50:16","Clear","Wet","Dark","1.3","24.2","3157","57232","26.2","29%","29.9","Heating UP","Opened","7.465","5","Safe","Calm","0.0","70","20.3","11.9","999.2","1010.6"
"2026-08-10","23:50:26","Clear","Dry","Dark","1.3","24.2","3200","57232","26.2","30%","29.9","Heating UP","Opened","7.501","5","Safe","Calm","0.0","70","20.3","12.0","999.2","1010.6"
"2026-08-10","23:50:36","Clear","Dry","Dark","1.2","24.2","3200","57232","26.2","31%","29.9","Heating UP","Opened","7.433","5","Safe","Calm","0.0","70","20.3","11.8","999.2","1010.6"
"2026-08-10","23:50:46","Clear","Wet","Dark","1.1","24.2","3157","57232","26.2","32%","30.0","","Opened","7.525","5","Safe","Calm","0.0","70","20.3","11.8","999.2","1010.6"
"2026-08-10","23:50:56","Clear","Wet","Dark","1.1","24.2","3157","57232","26.2","32%","30.1","","Opened","7.326","5","Safe","Calm","0.0","70","20.3","11.8","999.2","1010.6"
"2026-08-10","23:51:06","Clear","Wet","Dark","1.0","24.2","3157","57232","26.2","32%","30.2","","Opened","7.397","5","Safe","Calm","0.0","70","20.3","11.7","999.3","1010.8"
"2026-08-10","23:51:16","Clear","Wet","Dark","1.0","24.1","3158","57232","26.2","32%","30.3","","Opened","7.376","5","Safe","Calm","0.0","70","20.3","11.7","999.2","1010.6"
"2026-08-10","23:51:26","Clear","Wet","Dark","1.0","24.1","3157","57232","26.2","32%","30.5","","Opened","7.362","5","Safe","Calm","0.0","70","20.3","11.7","999.2","1010.6"
"2026-08-10","23:51:36","Clear","Wet","Dark","1.1","24.1","3168","57232","26.2","32%","30.6","Heating DOWN","Opened","7.477","5","Safe","Calm","0.0","70","20.2","11.7","999.2","1010.6"
"2026-08-10","23:51:46","Clear","Dry","Dark","1.0","24.1","3200","57232","26.2","31%","30.7","Heating DOWN","Opened","7.679","5","Safe","Calm","0.0","70","20.2","11.7","999.2","1010.6"
"2026-08-10","23:51:56","Clear","Wet","Dark","1.0","24.1","3178","57232","26.2","29%","30.8","Heating DOWN","Opened","7.417","5","Safe","Calm","0.0","70","20.2","11.7","999.2","1010.6"
"2026-08-10","23:52:06","Clear","Dry","Dark","1.0","24.0","3200","57232","26.2","27%","30.8","Heating DOWN","Opened","7.436","5","Safe","Calm","0.0","70","20.2","11.6","999.2","1010.6"
"2026-08-10","23:52:16","Clear","Dry","Dark","1.0","24.0","3200","57232","26.2","25%","30.8","Heating DOWN","Opened","7.449","5","Safe","Calm","0.0","70","20.2","11.7","999.2","1010.6"
"2026-08-10","23:52:26","Clear","Dry","Dark","1.3","24.0","3200","57232","26.2","23%","30.8","Heating DOWN","Opened","7.463","5","Safe","Calm","0.0","70","20.2","11.9","999.3","1010.7"
"2026-08-10","23:52:36","Clear","Dry","Dark","1.1","24.0","3200","57232","26.2","21%","30.8","Heating DOWN","Opened","7.467","5","Safe","Calm","0.0","70","20.2","11.7","999.3","1010.7"
"2026-08-10","23:52:46","Clear","Dry","Dark","1.1","24.0","3200","57232","26.2","19%","30.7","","Opened","7.522","5","Safe","Calm","0.0","70","20.2","11.7","999.3","1010.7"
"2026-08-10","23:52:56","Clear","Dry","Dark","1.0","24.0","3200","57232","26.2","19%","30.7","Heating DOWN","Opened","7.491","5","Safe","Calm","0.0","70","20.2","11.6","999.3","1010.8"
"2026-08-10","23:53:06","Clear","Dry","Dark","1.0","24.0","3200","57232","26.2","17%","30.7","Heating DOWN","Opened","7.518","5","Safe","Calm","0.0","70","20.2","11.7","999.3","1010.7"
"2026-08-10","23:53:16","Clear","Dry","Dark","1.1","24.0","3200","57232","26.2","15%","30.6","","Opened","7.396","5","Safe","Calm","0.0","70","20.2","11.8","999.2","1010.6"
"2026-08-10","23:53:26","Clear","Dry","Dark","1.3","24.0","3200","57232","26.2","15%","30.5","","Opened","7.347","5","Safe","Calm","0.0","70","20.2","11.9","999.3","1010.7"
"2026-08-10","23:53:36","Clear","Wet","Dark","1.5","24.0","3196","57232","26.2","15%","30.4","","Opened","7.353","5","Safe","Calm","0.0","69","20.1","12.1","999.3","1010.7"
"2026-08-10","23:53:46","Clear","Wet","Dark","1.1","24.1","3174","57232","26.2","15%","30.2","","Opened","7.537","5","Safe","Calm","0.0","69","20.2","11.8","999.2","1010.6"
"2026-08-10","23:53:56","Clear","Wet","Dark","1.2","24.0","3168","57232","26.2","15%","30.1","","Opened","7.325","5","Safe","Calm","0.0","69","20.1","11.8","999.3","1010.8"
"2026-08-10","23:54:06","Clear","Wet","Dark","1.1","24.0","3168","57232","26.2","15%","30.0","","Opened","7.317","5","Safe","Calm","0.0","69","20.1","11.8","999.2","1010.6"
"2026-08-10","23:54:16","Clear","Wet","Dark","1.3","24.1","3168","57232","26.2","15%","29.9","Heating UP","Opened","7.416","5","Safe","Calm","0.0","69","20.1","11.9","999.2","1010.6"
"2026-08-10","23:54:26","Clear","Wet","Dark","1.2","24.1","3136","57232","26.2","16%","29.8","Heating UP","Opened","7.435","5","Safe","Calm","0.0","69","20.1","11.9","999.3","1010.7"
"2026-08-10","23:54:36","Clear","Wet","Dark","1.3","24.1","3174","57232","26.2","17%","29.7","Heating UP","Opened","7.495","5","Safe","Calm","0.0","69","20.1","11.9","999.2","1010.6"
"2026-08-10","23:54:46","Clear","Wet","Dark","1.2","24.1","3157","57232","26.1","19%","29.7","Heating UP","Opened","7.703","5","Safe","Calm","0.0","69","20.1","11.8","999.2","1010.6"
"2026-08-10","23:54:56","Clear","Wet","Dark","1.3","24.1","3136","57232","26.2","20%","29.7","Heating UP","Opened","7.420","5","Safe","Calm","0.0","69","20.1","11.9","999.3","1010.7"
"2026-08-10","23:55:06","Clear","Dry","Dark","1.2","24.1","3200","57232","26.2","22%","29.6","Heating UP","Opened","7.448","5","Safe","Calm","0.0","69","20.1","11.9","999.3","1010.7"
"2026-08-10","23:55:16","Clear","Wet","Dark","1.2","24.1","3157","57232","26.2","24%","29.6","Heating UP","Opened","7.463","5","Safe","Calm","0.0","69","20.1","11.8","999.3","1010.7"
"2026-08-10","23:55:26","Clear","Dry","Dark","1.4","24.1","3200","57232","26.2","26%","29.6","Heating UP","Opened","7.482","5","Safe","Calm","0.0","69","20.1","12.0","999.3","1010.7"
"2026-08-10","23:55:36","Clear","Wet","Dark","1.3","24.1","3157","57232","26.2","28%","29.7","","Opened","7.363","5","Safe","Calm","0.0","69","20.1","12.0","999.3","1010.7"
"2026-08-10","23:55:46","Clear","Wet","Dark","1.3","24.1","3157","57232","26.2","28%","29.7","Heating UP","Opened","7.666","5","Safe","Calm","0.0","69","20.1","12.0","999.3","1010.7"
"2026-08-10","23:55:56","Clear","Dry","Dark","1.3","24.1","3200","57232","26.2","30%","29.7","Heating UP","Opened","7.467","5","Safe","Calm","0.0","69","20.1","11.9","999.2","1010.6"
"2026-08-10","23:56:06","Clear","Wet","Dark","1.2","24.1","3168","57232","26.2","32%","29.8","","Opened","7.378","5","Safe","Calm","0.0","69","20.1","11.9","999.3","1010.7"
"2026-08-10","23:56:16","Clear","Wet","Dark","1.4","24.1","3168","57232","26.2","32%","29.9","","Opened","7.361","5","Safe","Calm","0.0","69","20.0","12.0","999.3","1010.8"
"2026-08-10","23:56:26","Clear","Wet","Dark","1.6","24.2","3168","57232","26.2","32%","29.9","","Opened","7.327","5","Safe","Calm","0.0","69","20.0","12.2","999.3","1010.7"
"2026-08-10","23:56:36","Clear","Wet","Dark","1.3","24.2","3169","57232","26.1","32%","30.0","","Opened","7.288","5","Safe","Calm","0.0","69","20.0","11.9","999.3","1010.8"
"2026-08-10","23:56:46","Clear","Wet","Dark","1.3","24.2","3180","57232","26.2","32%","30.0","","Opened","7.551","5","Safe","Calm","0.0","69","20.0","11.9","999.3","1010.8"
"2026-08-10","23:56:56","Clear","Wet","Dark","1.4","24.2","3181","57232","26.1","32%","30.1","","Opened","7.380","5","Safe","Calm","0.0","69","20.0","12.0","999.2","1010.6"
"2026-08-10","23:57:06","Clear","Wet","Dark","1.4","24.2","3197","57232","26.1","32%","30.1","","Opened","7.371","5","Safe","Calm","0.0","69","20.0","12.0","999.3","1010.7"
"2026-08-10","23:57:16","Clear","Dry","Dark","1.4","24.2","3200","57232","26.1","32%","30.2","","Opened","7.339","5","Safe","Calm","0.0","69","20.0","12.0","999.3","1010.8"
"2026-08-10","23:57:26","Clear","Dry","Dark","1.5","24.3","3200","57232","26.2","32%","30.2","","Opened","7.321","5","Safe","Calm","0.0","69","20.0","12.1","999.3","1010.7"
"2026-08-10","23:57:36","Clear","Dry","Dark","1.4","24.3","3200","57232","26.2","32%","30.2","","Opened","7.329","5","Safe","Calm","0.0","69","20.0","12.1","999.3","1010.7"
"2026-08-10","23:57:46","Clear","Dry","Dark","1.7","24.3","3200","57232","26.1","32%","30.3","","Opened","7.470","5","Safe","Calm","0.0","69","19.9","12.3","999.3","1010.7"
"2026-08-10","23:57:56","Clear","Dry","Dark","1.4","24.3","3200","57232","26.1","32%","30.3","","Opened","7.460","5","Safe","Calm","0.0","69","20.0","12.0","999.3","1010.7"
"2026-08-10","23:58:06","Clear","Dry","Dark","1.1","24.3","3200","57232","26.1","32%","30.4","","Opened","7.293","5","Safe","Calm","0.0","69","20.0","11.7","999.3","1010.7"
"2026-08-10","23:58:16","Clear","Dry","Dark","1.2","24.3","3200","57232","26.1","32%","30.5","Heating DOWN","Opened","7.518","5","Safe","Calm","0.0","69","19.9","11.8","999.3","1010.7"
"2026-08-10","23:58:26","Clear","Dry","Dark","1.2","24.3","3200","57232","26.1","31%","30.5","Heating DOWN","Opened","7.408","5","Safe","Calm","0.0","69","19.9","11.8","999.3","1010.7"
"2026-08-10","23:58:36","Clear","Dry","Dark","1.1","24.3","3200","57232","26.1","30%","30.7","Heating DOWN","Opened","7.441","5","Safe","Calm","0.0","69","19.9","11.7","999.2","1010.6"
"2026-08-10","23:58:46","Clear","Dry","Dark","1.0","24.3","3200","57232","26.1","28%","30.8","Heating DOWN","Opened","7.646","5","Safe","Calm","0.0","69","19.9","11.6","999.3","1010.7"
"2026-08-10","23:58:56","Clear","Dry","Dark","1.2","24.2","3200","57232","26.1","26%","30.8","Heating DOWN","Opened","7.486","5","Safe","Calm","0.0","69","20.0","11.8","999.3","1010.7"
"2026-08-10","23:59:06","Clear","Wet","Dark","1.2","24.2","3190","57232","26.1","24%","30.8","Heating DOWN","Opened","7.528","5","Safe","Calm","0.0","69","19.9","11.8","999.3","1010.7"
"2026-08-10","23:59:16","Clear","Dry","Dark","1.1","24.2","3200","57232","26.1","22%","30.8","Heating DOWN","Opened","7.410","5","Safe","Calm","0.0","69","19.9","11.7","999.3","1010.7"
"2026-08-10","23:59:26","Clear","Wet","Dark","1.2","24.2","3183","57232","26.1","20%","30.8","Heating DOWN","Opened","7.464","5","Safe","Calm","0.0","69","19.9","11.8","999.3","1010.7"
"2026-08-10","23:59:36","Clear","Dry","Dark","1.3","24.2","3200","57232","26.1","18%","30.8","Heating DOWN","Opened","7.547","5","Safe","Calm","0.0","69","19.9","11.9","999.3","1010.7"
"2026-08-10","23:59:46","Clear","Wet","Dark","1.4","24.2","3174","57232","26.1","16%","30.7","","Opened","7.491","5","Safe","Calm","0.0","69","19.9","12.0","999.3","1010.7"
"2026-08-10","23:59:56","Clear","Wet","Dark","1.2","24.2","3174","57232","26.1","16%","30.5","","Opened","7.386","5","Safe","Calm","0.0","69","19.9","11.8","999.3","1010.7"
"2026-08-11","00:00:06","Clear","Wet","Dark","1.3","24.2","3168","57232","26.1","16%","30.4","","Opened","7.352","5","Safe","Calm","0.0","69","19.9","11.9","999.3","1010.7"
"2026-08-11","00:00:16","Clear","Wet","Dark","1.2","24.2","3168","57232","26.1","16%","30.3","","Opened","7.324","5","Safe","Calm","0.0","69","19.9","11.8","999.4","1010.9"
"2026-08-11","00:00:26","Clear","Wet","Dark","1.2","24.2","3163","57232","26.1","16%","30.2","","Opened","7.303","5","Safe","Calm","0.0","69","19.9","11.8","999.3","1010.7"
"2026-08-11","00:00:36","Clear","Wet","Dark","1.5","24.2","3161","57232","26.1","16%","30.1","","Opened","7.400","5","Safe","Calm","0.0","69","19.9","12.1","999.3","1010.7"
"2026-08-11","00:00:46","Clear","Wet","Dark","1.3","24.2","3157","57232","26.1","16%","30.0","","Opened","7.549","5","Safe","Calm","0.0","69","19.9","11.9","999.3","1010.8"
"2026-08-11","00:00:56","Clear","Wet","Dark","1.4","24.2","3157","57232","26.1","16%","30.0","","Opened","7.379","5","Safe","Calm","0.0","69","19.9","12.0","999.3","1010.8"
"2026-08-11","00:01:06","Clear","Wet","Dark","1.4","24.2","3157","57232","26.1","16%","29.8","Heating UP","Opened","7.477","5","Safe","Calm","0.0","69","19.9","12.0","999.3","1010.8"
"2026-08-11","00:01:16","Clear","Dry","Dark","1.2","24.2","3200","57232","26.1","17%","29.8","Heating UP","Opened","7.496","5","Safe","Calm","0.0","69","19.9","11.8","999.3","1010.8"
"2026-08-11","00:01:26","Clear","Dry","Dark","1.5","24.2","3200","57232","26.1","18%","29.7","Heating UP","Opened","7.415","5","Safe","Calm","0.0","69","19.9","12.1","999.3","1010.8"
"2026-08-11","00:01:36","Clear","Wet","Dark","1.4","24.2","3179","57232","26.1","19%","29.6","Heating UP","Opened","7.436","5","Safe","Calm","0.0","69","19.9","12.0","999.3","1010.7"
"2026-08-11","00:01:46","Clear","Wet","Dark","1.2","24.2","3175","57232","26.1","21%","29.6","Heating UP","Opened","7.626","5","Safe","Calm","0.0","69","19.9","11.8","999.3","1010.7"
"2026-08-11","00:01:56","Clear","Dry","Dark","1.5","24.2","3200","57232","26.1","23%","29.6","Heating UP","Opened","7.486","5","Safe","Calm","0.0","69","19.9","12.1","999.4","1010.8"
"2026-08-11","00:02:06","Clear","Wet","Dark","1.5","24.3","3174","57232","26.1","25%","29.6","Heating UP","Opened","7.504","5","Safe","Calm","0.0","69","19.9","12.1","999.3","1010.8"
"2026-08-11","00:02:16","Clear","Dry","Dark","1.7","24.3","3200","57232","26.1","27%","29.6","Heating UP","Opened","7.519","5","Safe","Calm","0.0","69","19.9","12.3","999.3","1010.8"
"2026-08-11","00:02:26","Clear","Wet","Dark","1.4","24.3","3174","57232","26.1","29%","29.6","Heating UP","Opened","7.561","5","Safe","Calm","0.0","69","19.9","12.0","999.4","1010.8"
"2026-08-11","00:02:36","Clear","Dry","Dark","1.3","24.3","3200","57232","26.1","31%","29.7","","Opened","7.336","5","Safe","Calm","0.0","69","19.9","11.9","999.3","1010.8"
"2026-08-11","00:02:46","Clear","Dry","Dark","1.3","24.3","3200","57232","26.1","31%","29.8","","Opened","7.467","5","Safe","Calm","0.0","69","19.9","11.9","999.3","1010.8"
"2026-08-11","00:02:56","Clear","Dry","Dark","1.2","24.3","3200","57232","26.1","31%","29.9","","Opened","7.395","5","Safe","Calm","0.0","69","19.9","11.8","999.4","1010.8"
"2026-08-11","00:03:06","Clear","Dry","Dark","1.4","24.3","3200","57232","26.1","31%","30.0","","Opened","7.388","5","Safe","Calm","0.0","69","19.9","12.0","999.3","1010.8"
"2026-08-11","00:03:16","Clear","Dry","Dark","1.3","24.2","3200","57232","26.1","31%","30.1","","Opened","7.371","5","Safe","Calm","0.0","69","19.9","11.9","999.3","1010.8"
"2026-08-11","00:03:26","Clear","Dry","Dark","1.2","24.2","3200","57232","26.1","31%","30.2","","Opened","7.391","5","Safe","Calm","0.0","69","19.9","11.8","999.4","1010.8"
"2026-08-11","00:03:36","Clear","Dry","Dark","1.3","24.2","3200","57232","26.1","31%","30.3","","Opened","7.369","5","Safe","Calm","0.0","69","19.9","11.9","999.4","1010.8"
"2026-08-11","00:03:46","Clear","Dry","Dark","1.2","24.2","3200","57232","26.1","31%","30.4","","Opened","7.551","5","Safe","Calm","0.0","69","19.9","11.8","999.4","1010.8"
"2026-08-11","00:03:56","Clear","Dry","Dark","1.2","24.2","3200","57232","26.1","31%","30.4","","Opened","7.365","5","Safe","Calm","0.0","69","19.9","11.8","999.3","1010.8"
"2026-08-11","00:04:06","Clear","Dry","Dark","1.3","24.2","3200","57232","26.1","31%","30.5","Heating DOWN","Opened","7.527","5","Safe","Calm","0.0","69","19.9","11.9","999.3","1010.8"
"2026-08-11","00:04:16","Clear","Dry","Dark","1.2","24.2","3200","57232","26.1","30%","30.5","Heating DOWN","Opened","7.476","5","Safe","Calm","0.0","69","19.9","11.8","999.3","1010.8"
"2026-08-11","00:04:26","Clear","Dry","Dark","1.2","24.2","3200","57232","26.1","29%","30.6","Heating DOWN","Opened","7.539","5","Safe","Calm","0.0","69","19.9","11.8","999.4","1010.8"
"2026-08-11","00:04:36","Clear","Dry","Dark","1.2","24.2","3200","57232","26.1","28%","30.6","Heating DOWN","Opened","7.520","5","Safe","Calm","0.0","69","19.9","11.8","999.4","1010.8"
"2026-08-11","00:04:46","Clear","Dry","Dark","1.3","24.2","3200","57232","26.1","27%","30.6","Heating DOWN","Opened","7.671","5","Safe","Calm","0.0","69","19.9","11.9","999.4","1010.8"
"2026-08-11","00:04:56","Clear","Dry","Dark","1.3","24.2","3200","57232","26.1","26%","30.6","Heating DOWN","Opened","7.496","5","Safe","Calm","0.0","69","19.9","11.9","999.3","1010.8"
"2026-08-11","00:05:06","Clear","Dry","Dark","1.3","24.2","3200","57232","26.1","25%","30.6","Heating DOWN","Opened","7.529","5","Safe","Calm","0.0","69","19.9","11.9","999.4","1010.9"
"2026-08-11","00:05:16","Clear","Wet","Dark","1.3","24.3","3185","57232","26.1","24%","30.5","","Opened","7.375","5","Safe","Calm","0.0","68","19.9","11.9","999.4","1010.8"
"2026-08-11","00:05:26","Clear","Wet","Dark","1.4","24.3","3184","57232","26.1","24%","30.5","Heating DOWN","Opened","7.475","5","Safe","Calm","0.0","68","19.9","12.0","999.4","1010.8"
"2026-08-11","00:05:36","Clear","Dry","Dark","1.3","24.3","3200","57232","26.1","23%","30.4","","Opened","7.424","5","Safe","Calm","0.0","69","19.9","11.9","999.4","1010.9"
"2026-08-11","00:05:46","Clear","Dry","Dark","1.3","24.3","3200","57232","26.1","23%","30.4","Heating DOWN","Opened","7.660","5","Safe","Calm","0.0","68","19.9","11.9","999.4","1010.8"
"2026-08-11","00:05:56","Clear","Dry","Dark","1.3","24.3","3200","57232","26.1","22%","30.3","","Opened","7.526","5","Safe","Calm","0.0","68","19.9","11.9","999.4","1010.8"
"2026-08-11","00:06:06","Clear","Dry","Dark","1.3","24.3","3200","57232","26.1","22%","30.3","","Opened","7.387","5","Safe","Calm","0.0","68","19.9","11.9","999.3","1010.8"
"2026-08-11","00:06:16","Clear","Dry","Dark","1.3","24.3","3200","57232","26.1","22%","30.2","","Opened","7.575","5","Safe","Calm","0.0","68","19.9","11.9","999.4","1010.8"
"2026-08-11","00:06:26","Clear","Dry","Dark","1.2","24.3","3200","57232","26.1","22%","30.2","","Opened","7.309","5","Safe","Calm","0.0","68","19.9","11.8","999.4","1010.9"
"2026-08-11","00:06:36","Clear","Dry","Dark","1.2","24.2","3200","57232","26.1","22%","30.2","","Opened","7.385","5","Safe","Calm","0.0","68","19.9","11.8","999.4","1010.8"
"2026-08-11","00:06:46","Clear","Dry","Dark","1.3","24.2","3200","57232","26.1","22%","30.1","","Opened","7.632","5","Safe","Calm","0.0","68","19.9","11.9","999.4","1010.8"
"2026-08-11","00:06:56","Clear","Dry","Dark","1.2","24.2","3200","57232","26.1","22%","30.1","","Opened","7.485","5","Safe","Calm","0.0","68","19.8","11.8","999.4","1010.9"
"2026-08-11","00:07:06","Clear","Dry","Dark","1.2","24.2","3200","57232","26.1","22%","30.0","","Opened","7.356","5","Safe","Calm","0.0","68","19.9","11.8","999.4","1010.8"
"2026-08-11","00:07:16","Clear","Dry","Dark","1.3","24.2","3200","57232","26.1","22%","30.0","","Opened","7.385","5","Safe","Calm","0.0","68","19.8","11.9","999.4","1010.9"
"2026-08-11","00:07:26","Clear","Dry","Dark","1.2","24.2","3200","57232","26.1","22%","29.9","","Opened","7.386","5","Safe","Calm","0.0","68","19.8","11.8","999.4","1010.9"
"2026-08-11","00:07:36","Clear","Dry","Dark","1.2","24.2","3200","57232","26.1","22%","29.9","","Opened","7.471","5","Safe","Calm","0.0","68","19.8","11.8","999.4","1010.9"
"2026-08-11","00:07:46","Clear","Dry","Dark","1.2","24.2","3200","57232","26.1","22%","29.9","","Opened","7.480","5","Safe","Calm","0.0","68","19.8","11.8","999.4","1010.9"
"2026-08-11","00:07:56","Clear","Dry","Dark","1.2","24.2","3200","57232","26.1","22%","29.9","","Opened","7.289","5","Safe","Calm","0.0","68","19.8","11.8","999.4","1010.8"
"2026-08-11","00:08:06","Clear","Dry","Dark","1.3","24.2","3200","57232","26.1","22%","29.8","Heating UP","Opened","7.410","5","Safe","Calm","0.0","68","19.8","11.9","999.4","1010.9"
"2026-08-11","00:08:16","Clear","Dry","Dark","1.2","24.2","3200","57232","26.1","23%","29.7","Heating UP","Opened","7.501","5","Safe","Calm","0.0","68","19.8","11.8","999.4","1010.8"
"2026-08-11","00:08:26","Clear","Wet","Dark","1.4","24.2","3158","57232","26.1","24%","29.7","Heating UP","Opened","7.434","5","Safe","Calm","0.0","68","19.8","12.0","999.4","1010.9"
"2026-08-11","00:08:36","Clear","Wet","Dark","1.3","24.2","3182","57232","26.1","25%","29.6","Heating UP","Opened","7.470","5","Safe","Calm","0.0","68","19.8","11.9","999.4","1010.8"
"2026-08-11","00:08:46","Clear","Dry","Dark","1.3","24.2","3200","57232","26.1","27%","29.6","Heating UP","Opened","7.685","5","Safe","Calm","0.0","68","19.8","11.8","999.4","1010.9"
"2026-08-11","00:08:56","Clear","Wet","Dark","1.3","24.2","3181","57232","26.0","29%","29.6","Heating UP","Opened","7.601","5","Safe","Calm","0.0","68","19.7","11.8","999.4","1010.9"
"2026-08-11","00:09:06","Clear","Dry","Dark","1.2","24.2","3200","57232","26.1","30%","29.7","","Opened","7.479","5","Safe","Calm","0.0","68","19.8","11.8","999.4","1010.8"
"2026-08-11","00:09:16","Clear","Dry","Dark","1.2","24.2","3200","57232","26.1","30%","29.8","","Opened","7.431","5","Safe","Calm","0.0","68","19.8","11.8","999.4","1010.9"
"2026-08-11","00:09:26","Clear","Dry","Dark","1.2","24.2","3200","57232","26.1","30%","29.8","","Opened","7.391","5","Safe","Calm","0.0","68","19.8","11.7","999.4","1010.8"
"2026-08-11","00:09:36","Clear","Dry","Dark","1.2","24.2","3200","57232","26.1","30%","29.9","","Opened","7.485","5","Safe","Calm","0.0","68","19.8","11.8","999.4","1010.9"
"2026-08-11","00:09:46","Clear","Dry","Dark","1.4","24.2","3200","57232","26.1","30%","29.9","","Opened","7.785","5","Safe","Calm","0.0","68","19.8","11.9","999.4","1010.8"
"2026-08-11","00:09:56","Clear","Dry","Dark","1.1","24.2","3200","57232","26.1","30%","29.9","","Opened","7.507","5","Safe","Calm","0.0","68","19.8","11.7","999.4","1010.9"
"2026-08-11","00:10:06","Clear","Dry","Dark","1.3","24.2","3200","57232","26.1","30%","30.0","","Opened","7.430","5","Safe","Calm","0.0","68","19.8","11.8","999.4","1010.9"
"2026-08-11","00:10:16","Clear","Dry","Dark","1.3","24.2","3200","57232","26.1","30%","30.1","","Opened","7.450","5","Safe","Calm","0.0","68","19.8","11.8","999.3","1010.8"
"2026-08-11","00:10:26","Clear","Dry","Dark","1.2","24.2","3200","57232","26.0","30%","30.1","","Opened","7.360","5","Safe","Calm","0.0","68","19.7","11.7","999.4","1010.8"
"2026-08-11","00:10:36","Clear","Dry","Dark","1.2","24.2","3200","57232","26.0","30%","30.1","","Opened","7.316","5","Safe","Calm","0.0","68","19.7","11.8","999.4","1010.9"
"2026-08-11","00:10:46","Clear","Dry","Dark","1.2","24.1","3200","57232","26.0","30%","30.2","","Opened","7.556","5","Safe","Calm","0.0","68","19.7","11.8","999.4","1010.9"
"2026-08-11","00:10:56","Clear","Dry","Dark","1.2","24.2","3200","57232","26.0","30%","30.2","","Opened","7.480","5","Safe","Calm","0.0","68","19.7","11.8","999.4","1010.9"
"2026-08-11","00:11:06","Clear","Dry","Dark","1.3","24.2","3200","57232","26.0","30%","30.2","","Opened","7.391","5","Safe","Calm","0.0","68","19.7","11.8","999.4","1010.9"
"2026-08-11","00:11:16","Clear","Dry","Dark","1.4","24.2","3200","57232","26.0","30%","30.2","","Opened","7.495","5","Safe","Calm","0.0","68","19.7","11.9","999.4","1010.8"
"2026-08-11","00:11:26","Clear","Dry","Dark","1.2","24.2","3200","57232","26.0","30%","30.2","","Opened","7.489","5","Safe","Calm","0.0","68","19.7","11.7","999.4","1010.9"
"2026-08-11","00:11:36","Clear","Dry","Dark","1.2","24.2","3200","57232","26.0","30%","30.3","","Opened","7.510","5","Safe","Calm","0.0","68","19.7","11.8","999.4","1010.9"
"2026-08-11","00:11:46","Clear","Dry","Dark","1.2","24.1","3200","57232","26.0","30%","30.3","","Opened","7.530","5","Safe","Calm","0.0","68","19.7","11.8","999.4","1010.8"
"2026-08-11","00:11:56","Clear","Dry","Dark","1.2","24.1","3200","57232","26.0","30%","30.4","Heating DOWN","Opened","7.500","5","Safe","Calm","0.0","68","19.7","11.7","999.4","1010.8"
"2026-08-11","00:12:06","Clear","Dry","Dark","1.1","24.1","3200","57232","26.0","29%","30.4","Heating DOWN","Opened","7.569","5","Safe","Calm","0.0","68","19.7","11.7","999.4","1010.9"
"2026-08-11","00:12:16","Clear","Dry","Dark","1.2","24.1","3200","57232","26.0","28%","30.4","Heating DOWN","Opened","7.509","5","Safe","Calm","0.0","68","19.7","11.7","999.4","1010.8"
"2026-08-11","00:12:26","Clear","Dry","Dark","1.1","24.1","3200","57232","26.0","27%","30.4","Heating DOWN","Opened","7.649","5","Safe","Calm","0.0","68","19.7","11.7","999.3","1010.8"
"2026-08-11","00:12:36","Clear","Dry","Dark","1.3","24.1","3200","57232","26.0","26%","30.4","Heating DOWN","Opened","7.596","5","Safe","Calm","0.0","68","19.7","11.8","999.4","1010.8"
"2026-08-11","00:12:46","Clear","Dry","Dark","1.3","24.1","3200","57232","26.0","25%","30.4","Heating DOWN","Opened","7.710","5","Safe","Calm","0.0","68","19.7","11.9","999.4","1010.9"
"2026-08-11","00:12:56","Clear","Dry","Dark","1.2","24.1","3200","57232","26.0","24%","30.3","","Opened","7.384","5","Safe","Calm","0.0","68","19.7","11.8","999.4","1010.8"
"2026-08-11","00:13:06","Clear","Wet","Dark","1.3","24.1","3189","57232","26.0","24%","30.3","","Opened","7.515","5","Safe","Calm","0.0","68","19.7","11.8","999.4","1010.8"
"2026-08-11","00:13:16","Clear","Wet","Dark","1.2","24.1","3187","57232","26.0","24%","30.3","","Opened","7.346","5","Safe","Calm","0.0","68","19.7","11.7","999.4","1010.8"
"2026-08-11","00:13:26","Clear","Wet","Dark","1.2","24.1","3185","57232","26.0","24%","30.2","","Opened","7.501","5","Safe","Calm","0.0","68","19.7","11.7","999.4","1010.8"
"2026-08-11","00:13:36","Clear","Wet","Dark","1.2","24.1","3185","57232","26.0","24%","30.2","","Opened","7.430","5","Safe","Calm","0.0","68","19.7","11.7","999.4","1010.9"
"2026-08-11","00:13:46","Clear","Wet","Dark","1.2","24.1","3184","57232","26.0","24%","30.2","","Opened","7.679","5","Safe","Calm","0.0","68","19.7","11.7","999.3","1010.8"
"2026-08-11","00:13:56","Clear","Wet","Dark","1.2","24.1","3180","57232","26.0","24%","30.2","","Opened","7.455","5","Safe","Calm","0.0","68","19.7","11.7","999.4","1010.8"
"2026-08-11","00:14:06","Clear","Wet","Dark","1.3","24.1","3179","57232","26.0","24%","30.1","","Opened","7.438","5","Safe","Calm","0.0","68","19.7","11.8","999.4","1010.8"
"2026-08-11","00:14:16","Clear","Wet","Dark","1.2","24.1","3179","57232","26.0","24%","30.1","","Opened","7.445","5","Safe","Calm","0.0","68","19.7","11.8","999.4","1010.8"
"2026-08-11","00:14:26","Clear","Wet","Dark","1.3","24.1","3178","57232","26.0","24%","30.0","","Opened","7.530","5","Safe","Calm","0.0","68","19.7","11.8","999.4","1010.8"
"2026-08-11","00:14:36","Clear","Wet","Dark","1.2","24.1","3178","57232","26.0","24%","30.0","","Opened","7.469","5","Safe","Calm","0.0","68","19.7","11.8","999.4","1010.8"
"2026-08-11","00:14:47","Clear","Wet","Dark","1.3","24.1","3178","57232","26.0","24%","30.0","","Opened","7.934","5","Safe","Calm","0.0","68","19.7","11.8","999.4","1010.9"
"2026-08-11","00:14:56","Clear","Wet","Dark","1.1","24.1","3178","57232","26.0","24%","30.0","","Opened","7.461","5","Safe","Calm","0.0","68","19.7","11.7","999.4","1010.8"
"2026-08-11","00:15:06","Clear","Wet","Dark","1.1","24.1","3179","57232","26.0","24%","30.0","","Opened","7.415","5","Safe","Calm","0.0","68","19.7","11.7","999.4","1010.9"
"2026-08-11","00:15:16","Clear","Wet","Dark","1.4","24.1","3184","57232","26.0","24%","29.9","","Opened","7.364","5","Safe","Calm","0.0","68","19.7","11.9","999.4","1010.9"
"2026-08-11","00:15:26","Clear","Wet","Dark","1.4","24.1","3179","57232","26.0","24%","29.9","","Opened","7.524","5","Safe","Calm","0.0","68","19.7","11.9","999.4","1010.8"
"2026-08-11","00:15:36","Clear","Wet","Dark","1.2","24.1","3178","57232","26.0","24%","29.9","","Opened","7.425","5","Safe","Calm","0.0","68","19.7","11.7","999.5","1011.0"
"2026-08-11","00:15:46","Clear","Wet","Dark","1.1","24.1","3179","57232","26.0","24%","29.9","","Opened","7.716","5","Safe","Calm","0.0","68","19.7","11.6","999.4","1010.8"
"2026-08-11","00:15:56","Clear","Wet","Dark","1.1","24.1","3182","57232","26.0","24%","29.9","","Opened","7.491","5","Safe","Calm","0.0","68","19.7","11.6","999.3","1010.8"
"2026-08-11","00:16:06","Clear","Wet","Dark","1.1","24.1","3184","57232","26.0","24%","29.9","","Opened","7.485","5","Safe","Calm","0.0","68","19.7","11.6","999.3","1010.8"
"2026-08-11","00:16:16","Clear","Wet","Dark","1.3","24.0","3198","57232","26.0","24%","29.9","","Opened","7.475","5","Safe","Calm","0.0","68","19.7","11.8","999.4","1010.9"
"2026-08-11","00:16:26","Clear","Wet","Dark","1.1","24.0","3189","57232","25.9","24%","29.8","","Opened","7.509","5","Safe","Calm","0.0","68","19.7","11.6","999.4","1010.8"
"2026-08-11","00:16:36","Clear","Wet","Dark","1.3","24.1","3193","57232","25.9","24%","29.8","","Opened","7.524","5","Safe","Calm","0.0","68","19.7","11.8","999.4","1010.8"
"2026-08-11","00:16:46","Clear","Dry","Dark","1.1","24.1","3200","57232","26.0","24%","29.8","","Opened","7.773","5","Safe","Calm","0.0","68","19.7","11.6","999.4","1010.8"
"2026-08-11","00:16:56","Clear","Wet","Dark","1.1","24.1","3198","57232","26.0","24%","29.8","","Opened","7.449","5","Safe","Calm","0.0","68","19.7","11.7","999.4","1010.8"
"2026-08-11","00:17:06","Clear","Wet","Dark","1.2","24.0","3199","57232","25.9","24%","29.8","","Opened","7.395","5","Safe","Calm","0.0","68","19.7","11.7","999.4","1010.8"
"2026-08-11","00:17:16","Clear","Dry","Dark","1.2","24.0","3200","57232","25.9","24%","29.8","","Opened","7.346","5","Safe","Calm","0.0","68","19.7","11.7","999.3","1010.8"
"2026-08-11","00:17:26","Clear","Dry","Dark","1.2","24.0","3200","57232","25.9","24%","29.7","","Opened","7.485","5","Safe","Calm","0.0","68","19.7","11.7","999.4","1010.8"
"2026-08-11","00:17:36","Clear","Dry","Dark","1.2","24.0","3200","57232","26.0","24%","29.8","","Opened","7.385","5","Safe","Calm","0.0","68","19.7","11.7","999.4","1010.8"
"2026-08-11","00:17:46","Clear","Dry","Dark","1.1","24.0","3200","57232","25.9","24%","29.7","","Opened","7.548","5","Safe","Calm","0.0","68","19.7","11.6","999.3","1010.8"
"2026-08-11","00:17:56","Clear","Dry","Dark","1.1","24.0","3200","57232","25.9","24%","29.8","","Opened","7.351","5","Safe","Calm","0.0","68","19.7","11.6","999.4","1010.9"
"2026-08-11","00:18:06","Clear","Dry","Dark","1.1","24.0","3200","57232","25.9","24%","29.8","","Opened","7.406","5","Safe","Calm","0.0","68","19.6","11.6","999.3","1010.8"
"2026-08-11","00:18:16","Clear","Dry","Dark","1.2","24.0","3200","57232","26.0","24%","29.8","","Opened","7.459","5","Safe","Calm","0.0","68","19.7","11.7","999.3","1010.8"
"2026-08-11","00:18:26","Clear","Dry","Dark","1.2","24.0","3200","57232","25.9","24%","29.8","","Opened","7.486","5","Safe","Calm","0.0","68","19.6","11.7","999.4","1010.8"
"2026-08-11","00:18:36","Clear","Dry","Dark","1.0","24.0","3200","57232","26.0","24%","29.8","","Opened","7.465","5","Safe","Calm","0.0","68","19.6","11.5","999.4","1010.8"
"2026-08-11","00:18:46","Clear","Dry","Dark","1.1","24.0","3200","57232","25.9","24%","29.8","","Opened","7.693","5","Safe","Calm","0.0","68","19.6","11.6","999.4","1010.9"
"2026-08-11","00:18:56","Clear","Dry","Dark","1.1","24.0","3200","57232","26.0","24%","29.8","","Opened","7.520","5","Safe","Calm","0.0","68","19.6","11.6","999.4","1010.8"
"2026-08-11","00:19:06","Clear","Dry","Dark","1.1","24.0","3200","57232","25.9","24%","29.8","","Opened","7.406","5","Safe","Calm","0.0","68","19.6","11.6","999.4","1010.9"
"2026-08-11","00:19:16","Clear","Dry","Dark","1.1","24.0","3200","57232","25.9","24%","29.8","","Opened","7.439","5","Safe","Calm","0.0","68","19.6","11.6","999.3","1010.8"
"2026-08-11","00:19:26","Clear","Dry","Dark","1.2","24.0","3200","57232","25.9","24%","29.8","","Opened","7.489","5","Safe","Calm","0.0","68","19.6","11.7","999.4","1010.8"
"2026-08-11","00:19:37","Clear","Wet","Dark","1.1","24.0","3199","57232","25.9","24%","29.8","","Opened","8.565","5","Safe","Calm","0.0","68","19.6","11.6","999.3","1010.7"
"2026-08-11","00:19:47","Clear","Dry","Dark","1.1","24.0","3200","57232","25.9","24%","29.7","","Opened","7.988","5","Safe","Calm","0.0","68","19.6","11.6","999.3","1010.8"
"2026-08-11","00:19:56","Clear","Dry","Dark","1.1","24.0","3200","57232","25.9","24%","29.7","","Opened","7.645","5","Safe","Calm","0.0","68","19.6","11.6","999.3","1010.8"
"2026-08-11","00:20:06","Clear","Dry","Dark","1.2","24.0","3200","57232","25.9","24%","29.7","","Opened","7.539","5","Safe","Calm","0.0","68","19.6","11.7","999.4","1010.8"
"2026-08-11","00:20:16","Clear","Dry","Dark","1.1","24.0","3200","57232","25.9","24%","29.7","","Opened","7.321","5","Safe","Calm","0.0","68","19.6","11.6","999.3","1010.8"
"2026-08-11","00:20:26","Clear","Wet","Dark","1.0","24.0","3189","57232","25.9","24%","29.6","Heating UP","Opened","7.571","5","Safe","Calm","0.0","68","19.6","11.5","999.4","1010.8"
"2026-08-11","00:20:36","Clear","Dry","Dark","1.1","24.0","3200","57232","25.9","25%","29.6","Heating UP","Opened","7.539","5","Safe","Calm","0.0","68","19.6","11.6","999.4","1010.8"
"2026-08-11","00:20:47","Clear","Dry","Dark","1.0","24.0","3200","57232","25.9","26%","29.6","Heating UP","Opened","7.984","5","Safe","Calm","0.0","68","19.6","11.5","999.3","1010.8"
"2026-08-11","00:20:56","Clear","Dry","Dark","1.1","24.0","3200","57232","25.9","27%","29.7","","Opened","7.375","5","Safe","Calm","0.0","68","19.6","11.6","999.3","1010.8"
"2026-08-11","00:21:06","Clear","Dry","Dark","1.2","24.0","3200","57232","25.9","27%","29.7","","Opened","7.459","5","Safe","Calm","0.0","68","19.6","11.7","999.4","1010.9"
"2026-08-11","00:21:16","Clear","Dry","Dark","1.0","24.0","3200","57232","25.9","27%","29.7","","Opened","7.540","5","Safe","Calm","0.0","68","19.6","11.5","999.4","1010.9"
"2026-08-11","00:21:26","Clear","Dry","Dark","1.0","24.0","3200","57232","25.9","27%","29.8","","Opened","7.356","5","Safe","Calm","0.0","68","19.6","11.5","999.5","1011.0"
"2026-08-11","00:21:36","Clear","Dry","Dark","1.1","24.0","3200","57232","25.9","27%","29.8","","Opened","7.369","5","Safe","Calm","0.0","68","19.6","11.5","999.4","1010.9"
"2026-08-11","00:21:46","Clear","Dry","Dark","1.0","24.0","3200","57232","25.9","27%","29.8","","Opened","7.608","5","Safe","Calm","0.0","68","19.6","11.5","999.4","1010.8"
"2026-08-11","00:21:56","Clear","Dry","Dark","1.0","24.0","3200","57232","25.9","27%","29.8","","Opened","7.377","5","Safe","Calm","0.0","68","19.6","11.4","999.4","1010.8"
"2026-08-11","00:22:06","Clear","Dry","Dark","1.0","24.0","3200","57232","25.9","27%","29.8","","Opened","7.360","5","Safe","Calm","0.0","68","19.6","11.5","999.5","1011.0"
"2026-08-11","00:22:16","Clear","Dry","Dark","0.9","24.0","3200","57232","25.9","27%","29.8","","Opened","7.314","5","Safe","Calm","0.0","68","19.6","11.4","999.4","1010.9"
"2026-08-11","00:22:26","Clear","Dry","Dark","1.0","24.0","3200","57232","25.9","27%","29.8","","Opened","7.320","5","Safe","Calm","0.0","68","19.6","11.5","999.4","1010.8"
"2026-08-11","00:22:36","Clear","Dry","Dark","1.0","24.0","3200","57232","25.9","27%","29.9","","Opened","7.266","5","Safe","Calm","0.0","68","19.6","11.5","999.4","1010.8"
"2026-08-11","00:22:46","Clear","Dry","Dark","1.1","23.9","3200","57232","25.9","27%","29.9","","Opened","7.610","5","Safe","Calm","0.0","68","19.6","11.5","999.3","1010.8"
"2026-08-11","00:22:56","Clear","Dry","Dark","1.2","24.0","3200","57232","25.9","27%","29.9","","Opened","7.340","5","Safe","Calm","0.0","68","19.6","11.7","999.4","1010.8"
"2026-08-11","00:23:06","Clear","Dry","Dark","1.2","24.0","3200","57232","25.9","27%","29.9","","Opened","7.305","5","Safe","Calm","0.0","68","19.5","11.7","999.4","1010.8"
"2026-08-11","00:23:16","Clear","Dry","Dark","1.0","24.0","3200","57232","25.9","27%","29.9","","Opened","7.456","5","Safe","Calm","0.0","68","19.6","11.4","999.4","1010.8"
"2026-08-11","00:23:26","Clear","Dry","Dark","1.1","24.0","3200","57232","25.9","27%","30.0","","Opened","7.369","5","Safe","Calm","0.0","68","19.5","11.5","999.4","1010.8"
"2026-08-11","00:23:36","Clear","Dry","Dark","1.0","24.0","3200","57232","25.9","27%","30.0","","Opened","7.495","5","Safe","Calm","0.0","68","19.6","11.4","999.4","1010.8"
"2026-08-11","00:23:46","Clear","Dry","Dark","1.2","24.0","3200","57232","25.9","27%","30.0","","Opened","7.526","5","Safe","Calm","0.0","68","19.6","11.6","999.3","1010.8"
"2026-08-11","00:23:56","Clear","Dry","Dark","1.1","24.0","3200","57232","25.8","27%","30.0","","Opened","7.346","5","Safe","Calm","0.0","68","19.5","11.5","999.4","1010.8"
"2026-08-11","00:24:06","Clear","Dry","Dark","1.2","24.0","3200","57232","25.9","27%","29.9","","Opened","7.395","5","Safe","Calm","0.0","68","19.5","11.6","999.4","1010.9"
"2026-08-11","00:24:16","Clear","Dry","Dark","1.0","24.0","3200","57232","25.9","27%","30.0","","Opened","7.369","5","Safe","Calm","0.0","68","19.6","11.5","999.4","1010.8"
"2026-08-11","00:24:26","Clear","Dry","Dark","0.9","24.0","3200","57232","25.9","27%","29.9","","Opened","7.356","5","Safe","Calm","0.0","68","19.5","11.4","999.4","1010.8"
"2026-08-11","00:24:36","Clear","Dry","Dark","0.9","24.0","3200","57232","25.8","27%","29.9","","Opened","7.369","5","Safe","Calm","0.0","68","19.5","11.4","999.4","1010.8"
"2026-08-11","00:24:46","Clear","Dry","Dark","1.1","24.0","3200","57232","25.8","27%","30.0","","Opened","7.652","5","Safe","Calm","0.0","68","19.5","11.5","999.4","1010.8"
"2026-08-11","00:24:56","Clear","Dry","Dark","1.0","24.0","3200","57232","25.8","27%","30.0","","Opened","7.313","5","Safe","Calm","0.0","68","19.5","11.5","999.3","1010.8"
"2026-08-11","00:25:06","Clear","Dry","Dark","1.1","24.0","3200","57232","25.8","27%","29.9","","Opened","7.276","5","Safe","Calm","0.0","68","19.5","11.6","999.3","1010.8"
"2026-08-11","00:25:16","Clear","Dry","Dark","1.0","24.0","3200","57232","25.8","27%","29.9","","Opened","7.565","5","Safe","Calm","0.0","68","19.5","11.5","999.3","1010.8"
"2026-08-11","00:25:26","Clear","Dry","Dark","1.1","24.0","3200","57232","25.8","27%","29.9","","Opened","7.470","5","Safe","Calm","0.0","68","19.5","11.6","999.3","1010.8"
"2026-08-11","00:25:36","Clear","Dry","Dark","0.9","24.0","3200","57232","25.8","27%","29.9","","Opened","7.407","5","Safe","Calm","0.0","68","19.5","11.4","999.4","1010.8"
"2026-08-11","00:25:46","Clear","Dry","Dark","1.0","24.0","3200","57232","25.8","27%","29.9","","Opened","7.577","5","Safe","Calm","0.0","68","19.5","11.5","999.3","1010.8"
"2026-08-11","00:25:56","Clear","Dry","Dark","1.2","24.0","3200","57232","25.8","27%","29.9","","Opened","7.404","5","Safe","Calm","0.0","68","19.5","11.6","999.3","1010.8"
"2026-08-11","00:26:06","Clear","Dry","Dark","1.0","24.0","3200","57232","25.8","27%","29.9","","Opened","7.341","5","Safe","Calm","0.0","68","19.5","11.5","999.4","1010.8"
"2026-08-11","00:26:16","Clear","Dry","Dark","1.1","24.0","3200","57232","25.8","27%","29.9","","Opened","7.439","5","Safe","Calm","0.0","68","19.5","11.5","999.4","1010.9"
"2026-08-11","00:26:26","Clear","Dry","Dark","1.0","24.0","3200","57232","25.8","27%","29.9","","Opened","7.275","5","Safe","Calm","0.0","68","19.5","11.5","999.3","1010.8"
"2026-08-11","00:26:36","Clear","Dry","Dark","1.1","24.0","3200","57232","25.8","27%","29.9","","Opened","7.397","5","Safe","Calm","0.0","68","19.5","11.5","999.3","1010.8"
"2026-08-11","00:26:46","Clear","Dry","Dark","1.1","24.0","3200","57232","25.8","27%","29.9","","Opened","7.791","5","Safe","Calm","0.0","68","19.5","11.5","999.4","1010.9"
"2026-08-11","00:26:56","Clear","Dry","Dark","1.1","24.0","3200","57232","25.8","27%","29.9","","Opened","7.348","5","Safe","Calm","0.0","68","19.5","11.5","999.3","1010.8"
"2026-08-11","00:27:06","Clear","Dry","Dark","1.0","24.0","3200","57232","25.8","27%","29.9","","Opened","7.414","5","Safe","Calm","0.0","68","19.5","11.5","999.4","1010.9"
"2026-08-11","00:27:16","Clear","Dry","Dark","1.1","24.0","3200","57232","25.8","27%","29.9","","Opened","7.438","5","Safe","Calm","0.0","68","19.5","11.6","999.4","1010.9"
"2026-08-11","00:27:26","Clear","Dry","Dark","1.0","24.0","3200","57232","25.8","27%","29.9","","Opened","7.425","5","Safe","Calm","0.0","68","19.5","11.4","999.4","1010.9"
"2026-08-11","00:27:36","Clear","Dry","Dark","1.1","24.0","3200","57232","25.8","27%","29.9","","Opened","7.263","5","Safe","Calm","0.0","68","19.5","11.5","999.4","1010.9"
"2026-08-11","00:27:46","Clear","Dry","Dark","1.1","24.0","3200","57232","25.8","27%","29.9","","Opened","7.781","5","Safe","Calm","0.0","68","19.5","11.5","999.4","1010.9"
"2026-08-11","00:27:56","Clear","Dry","Dark","1.2","24.0","3200","57232","25.8","27%","29.9","","Opened","7.465","5","Safe","Calm","0.0","68","19.5","11.6","999.3","1010.8"
"2026-08-11","00:28:06","Clear","Dry","Dark","1.2","24.0","3200","57232","25.8","27%","29.9","","Opened","7.419","5","Safe","Calm","0.0","68","19.5","11.6","999.3","1010.8"
"2026-08-11","00:28:16","Clear","Dry","Dark","1.1","24.0","3200","57232","25.8","27%","29.9","","Opened","7.465","5","Safe","Calm","0.0","69","19.5","11.5","999.4","1010.9"
"2026-08-11","00:28:26","Clear","Dry","Dark","1.0","24.0","3200","57232","25.8","27%","30.0","","Opened","7.457","5","Safe","Calm","0.0","68","19.6","11.4","999.4","1010.9"
"2026-08-11","00:28:36","Clear","Dry","Dark","1.0","24.0","3200","57232","25.8","27%","30.0","","Opened","7.599","5","Safe","Calm","0.0","68","19.5","11.4","999.4","1010.9"
"2026-08-11","00:28:46","Clear","Dry","Dark","1.1","24.0","3200","57232","25.8","27%","30.0","","Opened","7.579","5","Safe","Calm","0.0","68","19.6","11.5","999.3","1010.8"
"2026-08-11","00:28:56","Clear","Dry","Dark","1.0","23.9","3200","57232","25.8","27%","30.1","Heating DOWN","Opened","7.461","5","Safe","Calm","0.0","69","19.5","11.4","999.4","1010.9"
"2026-08-11","00:29:06","Clear","Dry","Dark","0.9","23.9","3200","57232","25.8","26%","30.1","Heating DOWN","Opened","7.631","5","Safe","Calm","0.0","69","19.5","11.3","999.3","1010.8"
"2026-08-11","00:29:16","Clear","Dry","Dark","0.9","23.9","3200","57232","25.8","25%","30.1","Heating DOWN","Opened","7.520","5","Safe","Calm","0.0","68","19.5","11.3","999.3","1010.8"
"2026-08-11","00:29:26","Clear","Dry","Dark","1.0","23.9","3200","57232","25.8","24%","30.2","Heating DOWN","Opened","7.464","5","Safe","Calm","0.0","68","19.5","11.4","999.3","1010.8"
"2026-08-11","00:29:36","Clear","Dry","Dark","0.9","23.9","3200","57232","25.8","23%","30.2","Heating DOWN","Opened","7.736","5","Safe","Calm","0.0","68","19.5","11.3","999.4","1010.9"
"2026-08-11","00:29:47","Clear","Dry","Dark","0.9","23.9","3200","57232","25.7","22%","30.2","Heating DOWN","Opened","7.799","5","Safe","Calm","0.0","68","19.5","11.3","999.4","1010.9"
"2026-08-11","00:29:56","Clear","Dry","Dark","1.0","23.8","3200","57232","25.8","21%","30.1","","Opened","7.408","5","Safe","Calm","0.0","69","19.5","11.4","999.4","1010.9"
"2026-08-11","00:30:06","Clear","Dry","Dark","0.9","23.8","3200","57232","25.8","21%","30.1","Heating DOWN","Opened","7.519","5","Safe","Calm","0.0","69","19.5","11.3","999.4","1010.9"
"2026-08-11","00:30:16","Clear","Wet","Dark","1.1","23.8","3187","57232","25.8","20%","29.9","","Opened","7.410","5","Safe","Calm","0.0","68","19.5","11.5","999.3","1010.8"
"2026-08-11","00:30:26","Clear","Wet","Dark","1.2","23.9","3181","57232","25.8","20%","29.8","","Opened","7.442","5","Safe","Calm","0.0","69","19.6","11.6","999.3","1010.8"
"2026-08-11","00:30:36","Clear","Wet","Dark","1.3","23.9","3175","57232","25.7","20%","29.7","","Opened","7.451","5","Safe","Calm","0.0","69","19.6","11.7","999.6","1011.0"
"2026-08-11","00:30:46","Clear","Wet","Dark","1.1","23.9","3179","57232","25.8","20%","29.6","","Opened","7.626","5","Safe","Calm","0.0","69","19.6","11.5","999.4","1010.9"
"2026-08-11","00:30:56","Clear","Wet","Dark","1.0","24.0","3174","57232","25.8","20%","29.6","","Opened","7.366","5","Safe","Calm","0.0","69","19.6","11.4","999.4","1010.9"
"2026-08-11","00:31:06","Clear","Wet","Dark","1.2","24.0","3168","57232","25.8","20%","29.5","Heating UP","Opened","7.543","5","Safe","Calm","0.0","69","19.7","11.6","999.4","1010.9"
"2026-08-11","00:31:16","Clear","Dry","Dark","1.2","24.0","3200","57232","25.7","21%","29.5","","Opened","7.341","5","Safe","Calm","0.0","69","19.6","11.6","999.3","1010.8"
"2026-08-11","00:31:26","Clear","Dry","Dark","1.1","24.0","3200","57232","25.7","21%","29.4","Heating UP","Opened","7.509","5","Safe","Calm","0.0","69","19.6","11.5","999.4","1010.9"
"2026-08-11","00:31:36","Clear","Dry","Dark","1.0","24.0","3200","57232","25.8","22%","29.4","Heating UP","Opened","7.460","5","Safe","Calm","0.0","69","19.7","11.4","999.4","1010.9"
"2026-08-11","00:31:46","Clear","Dry","Dark","1.1","24.0","3200","57232","25.8","23%","29.4","Heating UP","Opened","7.712","5","Safe","Calm","0.0","69","19.7","11.5","999.3","1010.8"
"2026-08-11","00:31:56","Clear","Wet","Dark","1.0","24.0","3157","57232","25.7","24%","29.4","Heating UP","Opened","7.532","5","Safe","Calm","0.0","69","19.6","11.4","999.3","1010.7"
"2026-08-11","00:32:06","Clear","Wet","Dark","1.0","23.9","3184","57232","25.8","25%","29.5","","Opened","7.380","5","Safe","Calm","0.0","69","19.7","11.4","999.4","1010.9"
"2026-08-11","00:32:16","Clear","Wet","Dark","1.0","23.9","3186","57232","25.8","25%","29.5","Heating UP","Opened","7.560","5","Safe","Calm","0.0","69","19.6","11.4","999.4","1010.9"
"2026-08-11","00:32:26","Clear","Dry","Dark","1.3","23.9","3200","57232","25.8","26%","29.5","Heating UP","Opened","7.696","5","Safe","Calm","0.0","69","19.7","11.7","999.4","1010.9"
"2026-08-11","00:32:36","Clear","Dry","Dark","1.0","23.9","3200","57232","25.8","27%","29.5","Heating UP","Opened","7.516","5","Safe","Calm","0.0","69","19.7","11.4","999.4","1010.9"
"2026-08-11","00:32:46","Clear","Wet","Dark","1.2","23.9","3168","57232","25.8","28%","29.6","","Opened","7.661","5","Safe","Calm","0.0","69","19.7","11.6","999.4","1010.9"
"2026-08-11","00:32:56","Clear","Wet","Dark","1.0","23.9","3168","57232","25.8","28%","29.6","","Opened","7.456","5","Safe","Calm","0.0","69","19.7","11.4","999.4","1010.9"
"2026-08-11","00:33:06","Clear","Wet","Dark","0.9","23.9","3168","57232","25.8","28%","29.6","","Opened","7.531","5","Safe","Calm","0.0","69","19.7","11.4","999.4","1010.9"
"2026-08-11","00:33:16","Clear","Wet","Dark","1.1","23.9","3168","57232","25.8","28%","29.6","","Opened","7.489","5","Safe","Calm","0.0","69","19.7","11.5","999.3","1010.8"
"2026-08-11","00:33:26","Clear","Wet","Dark","1.1","24.0","3168","57232","25.8","28%","29.6","","Opened","7.490","5","Safe","Calm","0.0","69","19.7","11.5","999.4","1010.9"
"2026-08-11","00:33:36","Clear","Wet","Dark","1.1","24.0","3168","57232","25.8","28%","29.7","","Opened","7.491","5","Safe","Calm","0.0","69","19.7","11.5","999.4","1010.9"
"2026-08-11","00:33:47","Clear","Wet","Dark","1.1","24.0","3174","57232","25.8","28%","29.7","","Opened","7.960","5","Safe","Calm","0.0","69","19.7","11.5","999.4","1010.9"
"2026-08-11","00:33:56","Clear","Wet","Dark","1.3","24.0","3168","57232","25.8","28%","29.7","","Opened","7.490","5","Safe","Calm","0.0","69","19.8","11.7","999.4","1010.9"
"2026-08-11","00:34:06","Clear","Wet","Dark","1.1","24.0","3168","57232","25.8","28%","29.6","","Opened","7.427","5","Safe","Calm","0.0","69","19.8","11.5","999.5","1011.0"
"2026-08-11","00:34:16","Clear","Wet","Dark","1.0","24.0","3168","57232","25.8","28%","29.6","","Opened","7.569","5","Safe","Calm","0.0","70","19.8","11.5","999.5","1011.0"
"2026-08-11","00:34:26","Clear","Wet","Dark","1.0","24.0","3168","57232","25.8","28%","29.6","","Opened","7.560","5","Safe","Calm","0.0","70","19.8","11.4","999.5","1011.0"
"2026-08-11","00:34:36","Clear","Wet","Dark","1.0","24.0","3168","57232","25.8","28%","29.7","","Opened","7.524","5","Safe","Calm","0.0","70","19.8","11.4","999.4","1010.9"
"2026-08-11","00:34:47","Clear","Wet","Dark","1.0","24.0","3174","57232","25.8","28%","29.7","","Opened","7.860","5","Safe","Calm","0.0","70","19.8","11.4","999.4","1010.9"
"2026-08-11","00:34:56","Clear","Wet","Dark","1.0","24.0","3174","57232","25.8","28%","29.7","","Opened","7.621","5","Safe","Calm","0.0","70","19.8","11.5","999.4","1010.9"
"2026-08-11","00:35:06","Clear","Wet","Dark","1.1","24.0","3168","57232","25.8","28%","29.7","","Opened","7.590","5","Safe","Calm","0.0","70","19.8","11.5","999.4","1010.9"
"2026-08-11","00:35:16","Clear","Wet","Dark","1.1","24.0","3168","57232","25.8","28%","29.8","","Opened","7.608","5","Safe","Calm","0.0","70","19.8","11.5","999.4","1010.9"
"2026-08-11","00:35:26","Clear","Wet","Dark","1.1","24.0","3174","57232","25.8","28%","29.8","","Opened","7.465","5","Safe","Calm","0.0","70","19.8","11.5","999.4","1010.9"
"2026-08-11","00:35:36","Clear","Wet","Dark","1.1","24.0","3174","57232","25.8","28%","29.8","","Opened","7.621","5","Safe","Calm","0.0","69","19.8","11.5","999.4","1010.9"
"2026-08-11","00:35:47","Clear","Wet","Dark","1.0","24.0","3175","57232","25.8","28%","29.8","","Opened","8.149","5","Safe","Calm","0.0","69","19.8","11.4","999.4","1010.9"
"2026-08-11","00:35:56","Clear","Wet","Dark","1.0","24.0","3174","57232","25.8","28%","29.8","","Opened","7.531","5","Safe","Calm","0.0","69","19.8","11.4","999.4","1010.9"
"2026-08-11","00:36:06","Clear","Wet","Dark","0.9","24.0","3179","57232","25.8","28%","29.9","","Opened","7.655","5","Safe","Calm","0.0","69","19.8","11.3","999.3","1010.8"
"2026-08-11","00:36:16","Clear","Wet","Dark","1.0","24.0","3179","57232","25.8","28%","29.9","","Opened","7.484","5","Safe","Calm","0.0","69","19.8","11.4","999.4","1010.9"
"2026-08-11","00:36:26","Clear","Wet","Dark","1.0","24.0","3182","57232","25.8","28%","30.0","","Opened","7.699","5","Safe","Calm","0.0","69","19.8","11.4","999.4","1010.9"
"2026-08-11","00:36:36","Clear","Wet","Dark","1.0","23.9","3182","57232","25.8","28%","30.0","","Opened","7.699","5","Safe","Calm","0.0","69","19.7","11.4","999.4","1010.9"
"2026-08-11","00:36:47","Clear","Wet","Dark","1.0","23.9","3184","57232","25.8","28%","30.0","","Opened","8.169","5","Safe","Calm","0.0","69","19.8","11.4","999.4","1010.9"
"2026-08-11","00:36:56","Clear","Wet","Dark","1.0","23.9","3187","57232","25.8","28%","30.1","Heating DOWN","Opened","7.719","5","Safe","Calm","0.0","69","19.8","11.4","999.4","1010.9"
"2026-08-11","00:37:06","Clear","Dry","Dark","0.8","23.9","3200","57232","25.8","27%","30.1","","Opened","7.589","5","Safe","Calm","0.0","69","19.8","11.3","999.4","1010.9"
"2026-08-11","00:37:17","Clear","Dry","Dark","0.9","23.9","3200","57232","25.8","27%","30.1","Heating DOWN","Opened","7.803","5","Safe","Calm","0.0","69","19.8","11.3","999.4","1010.9"
"2026-08-11","00:37:26","Clear","Dry","Dark","1.0","23.9","3200","57232","25.8","26%","30.1","Heating DOWN","Opened","7.601","5","Safe","Calm","0.0","69","19.7","11.4","999.4","1010.9"
"2026-08-11","00:37:36","Clear","Dry","Dark","0.8","23.9","3200","57232","25.8","25%","30.1","","Opened","7.428","5","Safe","Calm","0.0","69","19.8","11.2","999.4","1010.9"
"2026-08-11","00:37:47","Clear","Dry","Dark","0.9","23.9","3200","57232","25.8","25%","30.1","","Opened","7.995","5","Safe","Calm","0.0","69","19.8","11.3","999.4","1010.9"
"2026-08-11","00:37:56","Clear","Dry","Dark","0.9","23.9","3200","57232","25.8","25%","30.1","Heating DOWN","Opened","7.735","5","Safe","Calm","0.0","69","19.7","11.3","999.4","1010.9"
"2026-08-11","00:38:06","Clear","Wet","Dark","0.9","23.9","3174","57232","25.8","24%","30.1","","Opened","7.555","5","Safe","Calm","0.0","69","19.8","11.3","999.4","1010.9"
"2026-08-11","00:38:16","Clear","Wet","Dark","0.9","23.9","3174","57232","25.8","24%","30.1","Heating DOWN","Opened","7.727","5","Safe","Calm","0.0","69","19.7","11.3","999.4","1010.9"
"2026-08-11","00:38:27","Clear","Dry","Dark","0.8","23.9","3200","57232","25.8","23%","30.1","Heating DOWN","Opened","7.876","5","Safe","Calm","0.0","69","19.7","11.2","999.4","1010.9"
"2026-08-11","00:38:36","Clear","Dry","Dark","0.7","23.8","3200","57232","25.8","22%","30.1","","Opened","7.480","5","Safe","Calm","0.0","69","19.8","11.2","999.4","1010.9"
"2026-08-11","00:38:47","Clear","Dry","Dark","0.8","23.8","3200","57232","25.8","22%","30.1","","Opened","8.031","5","Safe","Calm","0.0","69","19.7","11.2","999.4","1010.9"
"2026-08-11","00:38:56","Clear","Dry","Dark","0.8","23.8","3200","57232","25.8","22%","30.1","","Opened","7.514","5","Safe","Calm","0.0","69","19.7","11.2","999.4","1010.9"
"2026-08-11","00:39:06","Clear","Dry","Dark","0.9","23.8","3200","57232","25.8","22%","30.0","","Opened","7.704","5","Safe","Calm","0.0","69","19.7","11.3","999.5","1011.0"
"2026-08-11","00:39:16","Clear","Dry","Dark","0.8","23.8","3200","57232","25.8","22%","30.0","","Opened","7.450","5","Safe","Calm","0.0","69","19.7","11.3","999.4","1010.9"
"2026-08-11","00:39:26","Clear","Dry","Dark","0.9","23.8","3200","57232","25.8","22%","29.9","","Opened","7.734","5","Safe","Calm","0.0","69","19.7","11.3","999.6","1011.0"
"2026-08-11","00:39:36","Clear","Dry","Dark","0.9","23.8","3200","57232","25.8","22%","29.9","","Opened","7.573","5","Safe","Calm","0.0","69","19.7","11.3","999.4","1010.9"
"2026-08-11","00:39:47","Clear","Dry","Dark","0.9","23.8","3200","57232","25.8","22%","29.9","","Opened","8.013","5","Safe","Calm","0.0","69","19.7","11.3","999.5","1011.0"
"2026-08-11","00:39:56","Clear","Dry","Dark","0.8","23.8","3200","57232","25.8","22%","29.8","","Opened","7.620","5","Safe","Calm","0.0","69","19.7","11.2","999.4","1010.9"
"2026-08-11","00:40:06","Clear","Dry","Dark","0.9","23.8","3200","57232","25.8","22%","29.8","","Opened","7.469","5","Safe","Calm","0.0","69","19.7","11.4","999.4","1010.9"
"2026-08-11","00:40:16","Clear","Dry","Dark","0.9","23.8","3200","57232","25.8","22%","29.8","","Opened","7.679","5","Safe","Calm","0.0","69","19.7","11.3","999.4","1010.9"
"2026-08-11","00:40:26","Clear","Dry","Dark","0.8","23.8","3200","57232","25.8","22%","29.8","","Opened","7.501","5","Safe","Calm","0.0","69","19.7","11.2","999.4","1010.9"
"2026-08-11","00:40:36","Clear","Dry","Dark","0.9","23.8","3200","57232","25.8","22%","29.8","","Opened","7.676","5","Safe","Calm","0.0","69","19.7","11.3","999.4","1010.9"
"2026-08-11","00:40:47","Clear","Dry","Dark","0.8","23.8","3200","57232","25.8","22%","29.8","","Opened","8.084","5","Safe","Calm","0.0","69","19.7","11.2","999.4","1010.9"
"2026-08-11","00:40:56","Clear","Dry","Dark","0.8","23.8","3200","57232","25.8","22%","29.8","","Opened","7.585","5","Safe","Calm","0.0","69","19.7","11.2","999.4","1010.9"
"2026-08-11","00:41:06","Clear","Dry","Dark","0.8","23.8","3200","57232","25.8","22%","29.7","","Opened","7.575","5","Safe","Calm","0.0","69","19.7","11.2","999.5","1011.0"
"2026-08-11","00:41:16","Clear","Dry","Dark","0.9","23.8","3200","57232","25.8","22%","29.7","","Opened","7.654","5","Safe","Calm","0.0","69","19.7","11.3","999.4","1010.9"
"2026-08-11","00:41:26","Clear","Dry","Dark","0.9","23.8","3200","57232","25.8","22%","29.7","","Opened","7.605","5","Safe","Calm","0.0","69","19.7","11.3","999.4","1010.9"
"2026-08-11","00:41:36","Clear","Dry","Dark","0.7","23.7","3200","57232","25.8","22%","29.7","","Opened","7.670","5","Safe","Calm","0.0","69","19.7","11.1","999.4","1010.9"
"2026-08-11","00:41:47","Clear","Dry","Dark","0.9","23.7","3200","57232","25.8","22%","29.7","","Opened","7.885","5","Safe","Calm","0.0","69","19.7","11.3","999.4","1010.9"
"2026-08-11","00:41:56","Clear","Dry","Dark","0.7","23.7","3200","57232","25.8","22%","29.6","","Opened","7.594","5","Safe","Calm","0.0","69","19.7","11.1","999.4","1010.9"
"2026-08-11","00:42:06","Clear","Dry","Dark","0.7","23.7","3200","57232","25.7","22%","29.6","","Opened","7.598","5","Safe","Calm","0.0","69","19.7","11.1","999.4","1010.9"
"2026-08-11","00:42:16","Clear","Dry","Dark","0.7","23.7","3200","57232","25.8","22%","29.7","","Opened","7.614","5","Safe","Calm","0.0","69","19.7","11.1","999.4","1010.9"
"2026-08-11","00:42:26","Clear","Dry","Dark","0.8","23.7","3200","57232","25.8","22%","29.7","","Opened","7.519","5","Safe","Calm","0.0","69","19.7","11.2","999.5","1011.0"
"2026-08-11","00:42:36","Clear","Dry","Dark","0.8","23.7","3200","57232","25.7","22%","29.7","","Opened","7.593","5","Safe","Calm","0.0","69","19.6","11.2","999.4","1010.9"
"2026-08-11","00:42:47","Clear","Dry","Dark","0.7","23.6","3200","57232","25.8","22%","29.6","","Opened","8.222","5","Safe","Calm","0.0","69","19.7","11.2","999.4","1010.9"
"2026-08-11","00:42:56","Clear","Dry","Dark","0.8","23.6","3200","57232","25.7","22%","29.6","","Opened","7.610","5","Safe","Calm","0.0","69","19.6","11.2","999.4","1010.9"
"2026-08-11","00:43:06","Clear","Dry","Dark","0.7","23.6","3200","57232","25.8","22%","29.7","","Opened","7.474","5","Safe","Calm","0.0","69","19.7","11.1","999.5","1011.0"
"2026-08-11","00:43:16","Clear","Dry","Dark","0.7","23.6","3200","57232","25.8","22%","29.7","","Opened","7.519","5","Safe","Calm","0.0","69","19.7","11.1","999.4","1010.9"
"2026-08-11","00:43:26","Clear","Dry","Dark","0.7","23.6","3200","57232","25.8","22%","29.7","","Opened","7.485","5","Safe","Calm","0.0","69","19.7","11.1","999.4","1010.9"
"2026-08-11","00:43:36","Clear","Dry","Dark","0.7","23.6","3200","57232","25.8","22%","29.7","","Opened","7.479","5","Safe","Calm","0.0","69","19.7","11.1","999.4","1010.9"
"2026-08-11","00:43:47","Clear","Dry","Dark","0.7","23.6","3200","57232","25.8","22%","29.7","","Opened","7.890","5","Safe","Calm","0.0","69","19.7","11.1","999.4","1010.9"
"2026-08-11","00:43:56","Clear","Dry","Dark","0.6","23.6","3200","57232","25.8","22%","29.8","","Opened","7.600","5","Safe","Calm","0.0","69","19.7","11.0","999.4","1010.9"
"2026-08-11","00:44:06","Clear","Dry","Dark","0.6","23.6","3200","57232","25.8","22%","29.8","","Opened","7.679","5","Safe","Calm","0.0","69","19.7","11.0","999.4","1010.9"
"2026-08-11","00:44:16","Clear","Dry","Dark","0.6","23.5","3200","57232","25.8","22%","29.7","","Opened","7.570","5","Safe","Calm","0.0","69","19.6","11.0","999.4","1010.9"
"2026-08-11","00:44:26","Clear","Dry","Dark","0.6","23.5","3200","57232","25.7","22%","29.7","","Opened","7.602","5","Safe","Calm","0.0","69","19.6","11.0","999.4","1010.9"
"2026-08-11","00:44:36","Clear","Dry","Dark","0.8","23.5","3200","57232","25.8","22%","29.7","","Opened","7.435","5","Safe","Calm","0.0","69","19.6","11.2","999.4","1010.9"
"2026-08-11","00:44:47","Clear","Dry","Dark","0.7","23.5","3200","57232","25.8","22%","29.7","","Opened","8.134","5","Safe","Calm","0.0","69","19.6","11.1","999.4","1010.9"
"2026-08-11","00:44:56","Clear","Dry","Dark","0.7","23.5","3200","57232","25.8","22%","29.7","","Opened","7.570","5","Safe","Calm","0.0","69","19.6","11.1","999.4","1010.9"
"2026-08-11","00:45:06","Clear","Dry","Dark","0.7","23.5","3200","57232","25.8","22%","29.7","","Opened","7.495","5","Safe","Calm","0.0","69","19.6","11.1","999.5","1011.0"
"2026-08-11","00:45:16","Clear","Dry","Dark","0.6","23.4","3200","57232","25.8","22%","29.7","","Opened","7.585","5","Safe","Calm","0.0","69","19.6","11.0","999.4","1010.9"
"2026-08-11","00:45:26","Clear","Dry","Dark","0.6","23.4","3200","57232","25.8","22%","29.8","","Opened","7.680","5","Safe","Calm","0.0","69","19.6","11.0","999.4","1010.9"
"2026-08-11","00:45:36","Clear","Dry","Dark","0.6","23.4","3200","57232","25.8","22%","29.8","","Opened","7.695","5","Safe","Calm","0.0","69","19.6","11.0","999.4","1010.9"
"2026-08-11","00:45:47","Clear","Dry","Dark","0.7","23.4","3200","57232","25.8","22%","29.8","","Opened","8.045","5","Safe","Calm","0.0","69","19.6","11.1","999.4","1010.9"
"2026-08-11","00:45:56","Clear","Dry","Dark","0.8","23.4","3200","57232","25.8","22%","29.8","","Opened","7.462","5","Safe","Calm","0.0","69","19.6","11.2","999.4","1010.9"
"2026-08-11","00:46:06","Clear","Dry","Dark","0.8","23.4","3200","57232","25.8","22%","29.8","","Opened","7.520","5","Safe","Calm","0.0","69","19.6","11.2","999.4","1010.9"
"2026-08-11","00:46:16","Clear","Dry","Dark","0.8","23.4","3200","57232","25.8","22%","29.7","","Opened","7.496","5","Safe","Calm","0.0","69","19.6","11.2","999.4","1010.9"
"2026-08-11","00:46:26","Clear","Dry","Dark","0.8","23.4","3200","57232","25.8","22%","29.7","","Opened","7.669","5","Safe","Calm","0.0","69","19.6","11.2","999.4","1010.9"
"2026-08-11","00:46:36","Clear","Dry","Dark","0.8","23.4","3200","57232","25.8","22%","29.7","","Opened","7.568","5","Safe","Calm","0.0","69","19.6","11.2","999.4","1010.9"
"2026-08-11","00:46:47","Clear","Dry","Dark","0.6","23.5","3200","57232","25.8","22%","29.7","","Opened","7.890","5","Safe","Calm","0.0","69","19.6","11.0","999.4","1010.9"
"2026-08-11","00:46:56","Clear","Dry","Dark","0.8","23.5","3200","57232","25.8","22%","29.7","","Opened","7.696","5","Safe","Calm","0.0","69","19.6","11.2","999.4","1010.9"
"2026-08-11","00:47:06","Clear","Dry","Dark","0.8","23.5","3200","57232","25.8","22%","29.7","","Opened","7.524","5","Safe","Calm","0.0","69","19.6","11.2","999.4","1010.9"
"2026-08-11","00:47:16","Clear","Dry","Dark","0.7","23.5","3200","57232","25.8","22%","29.7","","Opened","7.465","5","Safe","Calm","0.0","69","19.6","11.1","999.4","1010.9"
"2026-08-11","00:47:26","Clear","Dry","Dark","0.8","23.5","3200","57232","25.8","22%","29.7","","Opened","7.532","5","Safe","Calm","0.0","69","19.6","11.2","999.6","1011.0"
"2026-08-11","00:47:36","Clear","Dry","Dark","0.7","23.5","3200","57232","25.8","22%","29.6","","Opened","7.439","5","Safe","Calm","0.0","69","19.6","11.1","999.4","1010.9"
"2026-08-11","00:47:47","Clear","Dry","Dark","0.8","23.5","3200","57232","25.8","22%","29.6","","Opened","7.960","5","Safe","Calm","0.0","69","19.6","11.2","999.4","1010.9"
"2026-08-11","00:47:56","Clear","Dry","Dark","0.7","23.5","3200","57232","25.8","22%","29.6","","Opened","7.600","5","Safe","Calm","0.0","69","19.6","11.2","999.5","1011.0"
"2026-08-11","00:48:06","Clear","Dry","Dark","0.7","23.5","3200","57232","25.8","22%","29.6","","Opened","7.466","5","Safe","Calm","0.0","69","19.6","11.1","999.4","1010.9"
"2026-08-11","00:48:16","Clear","Dry","Dark","0.7","23.5","3200","57232","25.8","22%","29.6","","Opened","7.633","5","Safe","Calm","0.0","69","19.7","11.1","999.5","1011.0"
"2026-08-11","00:48:26","Clear","Dry","Dark","0.7","23.5","3200","57232","25.8","22%","29.6","","Opened","7.475","5","Safe","Calm","0.0","69","19.6","11.1","999.4","1010.9"
"2026-08-11","00:48:36","Clear","Dry","Dark","0.8","23.5","3200","57232","25.8","22%","29.6","","Opened","7.625","5","Safe","Calm","0.0","69","19.6","11.2","999.5","1011.0"
"2026-08-11","00:48:47","Clear","Dry","Dark","0.7","23.5","3200","57232","25.8","22%","29.6","","Opened","8.573","5","Safe","Calm","0.0","69","19.6","11.1","999.4","1010.9"
"2026-08-11","00:48:57","Clear","Dry","Dark","0.7","23.5","3200","57232","25.8","22%","29.5","Heating UP","Opened","7.904","5","Safe","Calm","0.0","69","19.6","11.1","999.4","1010.9"
"2026-08-11","00:49:06","Clear","Dry","Dark","0.7","23.5","3200","57232","25.8","23%","29.5","Heating UP","Opened","7.525","5","Safe","Calm","0.0","69","19.6","11.1","999.5","1011.0"
"2026-08-11","00:49:16","Clear","Wet","Dark","0.6","23.5","3157","57232","25.8","24%","29.6","","Opened","7.703","5","Safe","Calm","0.0","69","19.6","11.0","999.4","1010.9"
"2026-08-11","00:49:26","Clear","Wet","Dark","0.9","23.5","3157","57232","25.8","24%","29.6","","Opened","7.560","5","Safe","Calm","0.0","69","19.6","11.3","999.4","1010.9"
"2026-08-11","00:49:36","Clear","Wet","Dark","0.7","23.5","3157","57232","25.8","24%","29.6","","Opened","7.465","5","Safe","Calm","0.0","69","19.7","11.2","999.4","1010.9"
"2026-08-11","00:49:46","Clear","Wet","Dark","0.8","23.5","3157","57232","25.8","24%","29.6","","Opened","7.561","5","Safe","Calm","0.0","69","19.6","11.2","999.5","1011.0"
"2026-08-11","00:49:56","Clear","Wet","Dark","0.7","23.5","3157","57232","25.8","24%","29.6","","Opened","7.346","5","Safe","Calm","0.0","69","19.6","11.1","999.4","1010.9"
"2026-08-11","00:50:06","Clear","Wet","Dark","0.8","23.5","3157","57232","25.7","24%","29.5","","Opened","7.445","5","Safe","Calm","0.0","69","19.6","11.2","999.4","1010.9"
"2026-08-11","00:50:16","Clear","Wet","Dark","0.7","23.5","3157","57232","25.7","24%","29.5","","Opened","7.339","5","Safe","Calm","0.0","69","19.6","11.1","999.5","1011.0"
"2026-08-11","00:50:26","Clear","Wet","Dark","0.9","23.5","3158","57232","25.8","24%","29.5","Heating UP","Opened","7.440","5","Safe","Calm","0.0","69","19.6","11.3","999.5","1011.0"
"2026-08-11","00:50:36","Clear","Wet","Dark","0.7","23.5","3182","57232","25.8","25%","29.5","Heating UP","Opened","7.519","5","Safe","Calm","0.0","69","19.6","11.1","999.4","1010.9"
"2026-08-11","00:50:46","Clear","Dry","Dark","0.8","23.5","3200","57232","25.7","26%","29.5","","Opened","7.694","5","Safe","Calm","0.0","69","19.6","11.2","999.4","1010.9"
"2026-08-11","00:50:56","Clear","Dry","Dark","0.8","23.5","3200","57232","25.8","26%","29.5","Heating UP","Opened","7.516","5","Safe","Calm","0.0","69","19.6","11.2","999.5","1011.0"
"2026-08-11","00:51:06","Clear","Dry","Dark","0.8","23.5","3200","57232","25.7","27%","29.5","","Opened","7.434","5","Safe","Calm","0.0","69","19.6","11.2","999.5","1011.0"
"2026-08-11","00:51:16","Clear","Dry","Dark","0.8","23.5","3200","57232","25.7","27%","29.6","","Opened","7.465","5","Safe","Calm","0.0","69","19.6","11.1","999.4","1010.9"
"2026-08-11","00:51:26","Clear","Dry","Dark","0.7","23.5","3200","57232","25.7","27%","29.6","","Opened","7.411","5","Safe","Calm","0.0","69","19.6","11.1","999.4","1010.9"
"2026-08-11","00:51:36","Clear","Dry","Dark","0.7","23.5","3200","57232","25.8","27%","29.6","","Opened","7.365","5","Safe","Calm","0.0","69","19.6","11.1","999.4","1010.9"
"2026-08-11","00:51:46","Clear","Dry","Dark","0.6","23.5","3200","57232","25.7","27%","29.7","","Opened","7.674","5","Safe","Calm","0.0","69","19.6","11.0","999.4","1010.9"
"2026-08-11","00:51:56","Clear","Dry","Dark","0.6","23.5","3200","57232","25.7","27%","29.7","","Opened","7.405","5","Safe","Calm","0.0","69","19.6","10.9","999.5","1011.0"
"2026-08-11","00:52:06","Clear","Dry","Dark","0.9","23.5","3200","57232","25.8","27%","29.7","","Opened","7.281","5","Safe","Calm","0.0","69","19.6","11.3","999.4","1010.9"
"2026-08-11","00:52:16","Clear","Dry","Dark","0.8","23.5","3200","57232","25.7","27%","29.8","","Opened","7.311","5","Safe","Calm","0.0","69","19.6","11.1","999.4","1010.9"
"2026-08-11","00:52:26","Clear","Dry","Dark","0.6","23.5","3200","57232","25.7","27%","29.8","","Opened","7.275","5","Safe","Calm","0.0","69","19.6","11.0","999.4","1010.9"
"2026-08-11","00:52:36","Clear","Dry","Dark","0.7","23.5","3200","57232","25.7","27%","29.9","","Opened","7.399","5","Safe","Calm","0.0","69","19.5","11.1","999.4","1010.9"
"2026-08-11","00:52:46","Clear","Dry","Dark","0.6","23.5","3200","57232","25.7","27%","29.9","","Opened","7.615","5","Safe","Calm","0.0","69","19.6","11.0","999.4","1010.9"
"2026-08-11","00:52:56","Clear","Dry","Dark","0.8","23.4","3200","57232","25.7","27%","30.0","","Opened","7.285","5","Safe","Calm","0.0","69","19.5","11.2","999.5","1011.0"
"2026-08-11","00:53:06","Clear","Dry","Dark","0.8","23.5","3200","57232","25.7","27%","30.0","","Opened","7.420","5","Safe","Calm","0.0","69","19.5","11.1","999.5","1011.0"
"2026-08-11","00:53:16","Clear","Dry","Dark","0.8","23.5","3200","57232","25.7","27%","30.0","","Opened","7.407","5","Safe","Calm","0.0","69","19.5","11.2","999.4","1010.9"
"2026-08-11","00:53:26","Clear","Dry","Dark","0.8","23.5","3200","57232","25.7","27%","30.0","","Opened","7.494","5","Safe","Calm","0.0","69","19.6","11.2","999.4","1010.9"
"2026-08-11","00:53:36","Clear","Dry","Dark","0.7","23.4","3200","57232","25.7","27%","30.1","Heating DOWN","Opened","7.510","5","Safe","Calm","0.0","69","19.6","11.1","999.5","1011.0"
"2026-08-11","00:53:47","Clear","Dry","Dark","0.7","23.4","3200","57232","25.7","26%","30.1","Heating DOWN","Opened","7.831","5","Safe","Calm","0.0","69","19.6","11.1","999.5","1011.0"
"2026-08-11","00:53:56","Clear","Dry","Dark","0.7","23.4","3200","57232","25.7","25%","30.2","Heating DOWN","Opened","7.590","5","Safe","Calm","0.0","69","19.6","11.1","999.4","1010.9"
"2026-08-11","00:54:06","Clear","Wet","Dark","0.8","23.4","3168","57232","25.7","24%","30.2","Heating DOWN","Opened","7.525","5","Safe","Calm","0.0","69","19.5","11.1","999.5","1011.0"
"2026-08-11","00:54:16","Clear","Dry","Dark","0.7","23.4","3200","57232","25.7","23%","30.1","","Opened","7.400","5","Safe","Calm","0.0","69","19.6","11.1","999.4","1010.9"
"2026-08-11","00:54:26","Clear","Dry","Dark","0.8","23.4","3200","57232","25.7","23%","30.1","Heating DOWN","Opened","7.591","5","Safe","Calm","0.0","69","19.5","11.2","999.5","1011.0"
"2026-08-11","00:54:36","Clear","Dry","Dark","0.7","23.4","3200","57232","25.7","22%","30.1","Heating DOWN","Opened","7.525","5","Safe","Calm","0.0","69","19.5","11.1","999.4","1010.9"
"2026-08-11","00:54:46","Clear","Dry","Dark","0.8","23.4","3200","57232","25.7","21%","30.0","","Opened","7.675","5","Safe","Calm","0.0","69","19.5","11.2","999.4","1010.9"
"2026-08-11","00:54:56","Clear","Dry","Dark","0.7","23.4","3200","57232","25.7","21%","30.0","","Opened","7.409","5","Safe","Calm","0.0","69","19.5","11.1","999.4","1010.9"
"2026-08-11","00:55:06","Clear","Dry","Dark","0.9","23.4","3200","57232","25.7","21%","30.0","","Opened","7.395","5","Safe","Calm","0.0","69","19.5","11.2","999.4","1010.9"
"2026-08-11","00:55:16","Clear","Dry","Dark","0.8","23.4","3200","57232","25.7","21%","29.9","","Opened","7.430","5","Safe","Calm","0.0","69","19.5","11.2","999.4","1010.9"
"2026-08-11","00:55:26","Clear","Dry","Dark","0.9","23.4","3200","57232","25.7","21%","29.9","","Opened","7.285","5","Safe","Calm","0.0","69","19.5","11.2","999.6","1011.0"
"2026-08-11","00:55:36","Clear","Dry","Dark","0.7","23.4","3200","57232","25.7","21%","29.8","","Opened","7.376","5","Safe","Calm","0.0","69","19.5","11.1","999.4","1010.9"
"2026-08-11","00:55:46","Clear","Dry","Dark","0.7","23.4","3200","57232","25.7","21%","29.8","","Opened","7.639","5","Safe","Calm","0.0","69","19.5","11.1","999.4","1010.9"
"2026-08-11","00:55:56","Clear","Dry","Dark","0.8","23.4","3200","57232","25.7","21%","29.7","","Opened","7.430","5","Safe","Calm","0.0","69","19.5","11.1","999.4","1010.9"
"2026-08-11","00:56:06","Clear","Dry","Dark","0.7","23.4","3200","57232","25.7","21%","29.7","","Opened","7.406","5","Safe","Calm","0.0","69","19.5","11.1","999.4","1010.9"
"2026-08-11","00:56:16","Clear","Dry","Dark","0.8","23.4","3200","57232","25.7","21%","29.7","","Opened","7.400","5","Safe","Calm","0.0","69","19.5","11.2","999.5","1011.0"
"2026-08-11","00:56:26","Clear","Dry","Dark","0.9","23.4","3200","57232","25.7","21%","29.7","","Opened","7.275","5","Safe","Calm","0.0","69","19.5","11.3","999.4","1010.9"
"2026-08-11","00:56:36","Clear","Dry","Dark","0.8","23.4","3200","57232","25.7","21%","29.6","","Opened","7.465","5","Safe","Calm","0.0","69","19.5","11.2","999.5","1011.0"
"2026-08-11","00:56:46","Clear","Dry","Dark","0.7","23.4","3200","57232","25.7","21%","29.6","","Opened","7.595","5","Safe","Calm","0.0","69","19.5","11.0","999.4","1010.9"
"2026-08-11","00:56:56","Clear","Dry","Dark","0.7","23.4","3200","57232","25.7","21%","29.6","","Opened","7.445","5","Safe","Calm","0.0","69","19.5","11.1","999.4","1010.9"
"2026-08-11","00:57:06","Clear","Dry","Dark","0.6","23.4","3200","57232","25.7","21%","29.6","","Opened","7.276","5","Safe","Calm","0.0","69","19.5","11.0","999.5","1011.0"
"2026-08-11","00:57:16","Clear","Dry","Dark","0.8","23.4","3200","57232","25.7","21%","29.6","","Opened","7.319","5","Safe","Calm","0.0","69","19.5","11.1","999.5","1011.0"
"2026-08-11","00:57:26","Clear","Dry","Dark","0.9","23.4","3200","57232","25.7","21%","29.6","","Opened","7.420","5","Safe","Calm","0.0","69","19.5","11.2","999.4","1010.9"
"2026-08-11","00:57:36","Clear","Dry","Dark","1.0","23.4","3200","57232","25.7","21%","29.6","","Opened","7.362","5","Safe","Calm","0.0","69","19.5","11.3","999.4","1010.9"
"2026-08-11","00:57:47","Clear","Wet","Dark","0.7","23.4","3187","57232","25.7","21%","29.6","","Opened","7.790","5","Safe","Calm","0.0","69","19.5","11.1","999.6","1011.0"
"2026-08-11","00:57:56","Clear","Wet","Dark","0.7","23.4","3186","57232","25.7","21%","29.5","","Opened","7.439","5","Safe","Calm","0.0","69","19.5","11.1","999.5","1011.0"
"2026-08-11","00:58:06","Clear","Wet","Dark","1.0","23.4","3184","57232","25.7","21%","29.5","","Opened","7.360","5","Safe","Calm","0.0","69","19.5","11.4","999.4","1010.9"
"2026-08-11","00:58:16","Clear","Wet","Dark","0.8","23.4","3184","57232","25.7","21%","29.4","Heating UP","Opened","7.565","5","Safe","Calm","0.0","69","19.5","11.2","999.5","1011.0"
"2026-08-11","00:58:26","Clear","Dry","Dark","0.9","23.4","3200","57232","25.7","22%","29.4","Heating UP","Opened","7.596","5","Safe","Calm","0.0","69","19.5","11.3","999.5","1011.0"
"2026-08-11","00:58:36","Clear","Dry","Dark","0.7","23.4","3200","57232","25.7","23%","29.4","Heating UP","Opened","7.495","5","Safe","Calm","0.0","69","19.5","11.0","999.5","1011.0"
"2026-08-11","00:58:47","Clear","Wet","Dark","0.8","23.4","3157","57232","25.7","24%","29.4","Heating UP","Opened","7.794","5","Safe","Calm","0.0","69","19.5","11.2","999.5","1011.0"
"2026-08-11","00:58:56","Clear","Wet","Dark","0.8","23.4","3184","57232","25.7","25%","29.4","Heating UP","Opened","7.530","5","Safe","Calm","0.0","69","19.5","11.1","999.5","1011.0"
"2026-08-11","00:59:06","Clear","Dry","Dark","0.8","23.4","3200","57232","25.7","26%","29.5","","Opened","7.404","5","Safe","Calm","0.0","69","19.5","11.1","999.5","1011.0"
"2026-08-11","00:59:16","Clear","Dry","Dark","0.7","23.4","3200","57232","25.7","26%","29.5","","Opened","7.400","5","Safe","Calm","0.0","69","19.5","11.1","999.5","1011.0"
"2026-08-11","00:59:26","Clear","Dry","Dark","0.7","23.4","3200","57232","25.7","26%","29.6","","Opened","7.330","5","Safe","Calm","0.0","69","19.5","11.1","999.5","1011.0"
"2026-08-11","00:59:36","Clear","Dry","Dark","0.8","23.4","3200","57232","25.7","26%","29.6","","Opened","7.315","5","Safe","Calm","0.0","69","19.5","11.2","999.5","1011.0"
"2026-08-11","00:59:46","Clear","Dry","Dark","0.7","23.4","3200","57232","25.7","26%","29.7","","Opened","7.630","5","Safe","Calm","0.0","69","19.5","11.1","999.5","1011.0"
"2026-08-11","00:59:56","Clear","Dry","Dark","0.8","23.4","3200","57232","25.7","26%","29.7","","Opened","7.406","5","Safe","Calm","0.0","69","19.5","11.2","999.5","1011.0"
"2026-08-11","01:00:06","Clear","Dry","Dark","0.8","23.3","3200","57232","25.7","26%","29.7","","Opened","7.400","5","Safe","Calm","0.0","69","19.5","11.2","999.4","1010.9"
"2026-08-11","01:00:16","Clear","Dry","Dark","1.0","23.4","3200","57232","25.6","26%","29.7","","Opened","7.424","5","Safe","Calm","0.0","69","19.5","11.3","999.5","1011.0"
"2026-08-11","01:00:26","Clear","Dry","Dark","0.8","23.4","3200","57232","25.7","26%","29.8","","Opened","7.270","5","Safe","Calm","0.0","69","19.5","11.1","999.5","1011.0"
"2026-08-11","01:00:36","Clear","Dry","Dark","0.7","23.4","3200","57232","25.7","26%","29.8","","Opened","7.385","5","Safe","Calm","0.0","69","19.5","11.1","999.5","1011.0"
"2026-08-11","01:00:46","Clear","Dry","Dark","0.9","23.4","3200","57232","25.7","26%","29.8","","Opened","7.676","5","Safe","Calm","0.0","69","19.5","11.2","999.5","1011.0"
"2026-08-11","01:00:56","Clear","Dry","Dark","0.9","23.4","3200","57232","25.7","26%","29.8","","Opened","7.430","5","Safe","Calm","0.0","69","19.5","11.2","999.5","1011.0"
"2026-08-11","01:01:06","Clear","Dry","Dark","1.0","23.4","3200","57232","25.7","26%","29.8","","Opened","7.285","5","Safe","Calm","0.0","69","19.5","11.3","999.5","1011.0"
"2026-08-11","01:01:16","Clear","Dry","Dark","0.8","23.4","3200","57232","25.6","26%","29.9","","Opened","7.430","5","Safe","Calm","0.0","69","19.5","11.2","999.5","1011.0"
"2026-08-11","01:01:26","Clear","Dry","Dark","0.9","23.4","3200","57232","25.7","26%","29.9","","Opened","7.394","5","Safe","Calm","0.0","69","19.5","11.3","999.5","1011.0"
"2026-08-11","01:01:36","Clear","Dry","Dark","0.8","23.4","3200","57232","25.7","26%","29.9","","Opened","7.395","5","Safe","Calm","0.0","69","19.5","11.2","999.5","1011.0"
"2026-08-11","01:01:46","Clear","Dry","Dark","0.8","23.4","3200","57232","25.6","26%","29.9","","Opened","7.715","5","Safe","Calm","0.0","69","19.4","11.2","999.5","1011.0"
"2026-08-11","01:01:56","Clear","Dry","Dark","0.8","23.4","3200","57232","25.7","26%","30.0","Heating DOWN","Opened","7.509","5","Safe","Calm","0.0","69","19.5","11.1","999.5","1011.0"
"2026-08-11","01:02:06","Clear","Dry","Dark","0.7","23.4","3200","57232","25.7","25%","30.0","Heating DOWN","Opened","7.464","5","Safe","Calm","0.0","69","19.5","11.1","999.4","1010.9"
"2026-08-11","01:02:16","Clear","Wet","Dark","0.8","23.4","3186","57232","25.6","24%","30.0","Heating DOWN","Opened","7.441","5","Safe","Calm","0.0","69","19.4","11.2","999.4","1010.9"
"2026-08-11","01:02:26","Clear","Dry","Dark","0.7","23.4","3200","57232","25.7","23%","30.0","Heating DOWN","Opened","7.436","5","Safe","Calm","0.0","69","19.5","11.1","999.4","1010.9"
"2026-08-11","01:02:36","Clear","Dry","Dark","0.9","23.4","3200","57232","25.6","22%","30.0","Heating DOWN","Opened","7.464","5","Safe","Calm","0.0","69","19.4","11.2","999.6","1011.0"
"2026-08-11","01:02:46","Clear","Dry","Dark","0.7","23.4","3200","57232","25.6","21%","29.9","","Opened","7.744","5","Safe","Calm","0.0","69","19.4","11.1","999.5","1011.0"
"2026-08-11","01:02:56","Clear","Dry","Dark","0.7","23.4","3200","57232","25.7","21%","29.9","","Opened","7.332","5","Safe","Calm","0.0","69","19.5","11.1","999.4","1010.9"
"2026-08-11","01:03:06","Clear","Dry","Dark","0.7","23.4","3200","57232","25.7","21%","29.9","","Opened","7.281","5","Safe","Calm","0.0","69","19.5","11.0","999.4","1010.9"
"2026-08-11","01:03:16","Clear","Dry","Dark","0.6","23.4","3200","57232","25.6","21%","29.9","","Opened","7.409","5","Safe","Calm","0.0","68","19.4","11.0","999.6","1011.1"
"2026-08-11","01:03:26","Clear","Dry","Dark","0.7","23.3","3200","57232","25.7","21%","29.9","","Opened","7.411","5","Safe","Calm","0.0","68","19.4","11.0","999.5","1011.0"
"2026-08-11","01:03:36","Clear","Dry","Dark","0.6","23.3","3200","57232","25.6","21%","29.8","","Opened","7.425","5","Safe","Calm","0.0","68","19.4","11.0","999.5","1011.0"
"2026-08-11","01:03:46","Clear","Dry","Dark","0.6","23.3","3200","57232","25.6","21%","29.8","","Opened","7.698","5","Safe","Calm","0.0","68","19.4","10.9","999.5","1011.0"
"2026-08-11","01:03:56","Clear","Dry","Dark","0.6","23.3","3200","57232","25.7","21%","29.8","","Opened","7.351","5","Safe","Calm","0.0","68","19.4","11.0","999.4","1010.9"
"2026-08-11","01:04:06","Clear","Dry","Dark","0.6","23.3","3200","57232","25.7","21%","29.8","","Opened","7.391","5","Safe","Calm","0.0","68","19.4","10.9","999.4","1010.9"
"2026-08-11","01:04:16","Clear","Dry","Dark","0.6","23.3","3200","57232","25.7","21%","29.8","","Opened","7.384","5","Safe","Calm","0.0","68","19.4","11.0","999.5","1011.0"
"2026-08-11","01:04:26","Clear","Dry","Dark","0.6","23.3","3200","57232","25.6","21%","29.7","","Opened","7.419","5","Safe","Calm","0.0","68","19.4","11.0","999.5","1011.0"
"2026-08-11","01:04:36","Clear","Dry","Dark","0.7","23.3","3200","57232","25.7","21%","29.7","","Opened","7.356","5","Safe","Calm","0.0","68","19.4","11.1","999.6","1011.0"
"2026-08-11","01:04:47","Clear","Dry","Dark","0.6","23.3","3200","57232","25.7","21%","29.7","","Opened","7.874","5","Safe","Calm","0.0","68","19.4","11.0","999.4","1010.9"
"2026-08-11","01:04:56","Clear","Dry","Dark","0.7","23.2","3200","57232","25.7","21%","29.7","","Opened","7.464","5","Safe","Calm","0.0","68","19.4","11.1","999.4","1010.9"
"2026-08-11","01:05:06","Clear","Dry","Dark","0.9","23.2","3200","57232","25.7","21%","29.7","","Opened","7.365","5","Safe","Calm","0.0","68","19.4","11.2","999.4","1010.9"
"2026-08-11","01:05:16","Clear","Dry","Dark","0.9","23.3","3200","57232","25.7","21%","29.6","","Opened","7.401","5","Safe","Calm","0.0","68","19.4","11.2","999.5","1011.0"
"2026-08-11","01:05:26","Clear","Dry","Dark","0.7","23.3","3200","57232","25.7","21%","29.6","","Opened","7.390","5","Safe","Calm","0.0","68","19.4","11.1","999.4","1010.9"
"2026-08-11","01:05:36","Clear","Dry","Dark","0.9","23.3","3200","57232","25.6","21%","29.6","","Opened","7.424","5","Safe","Calm","0.0","68","19.4","11.2","999.5","1011.0"
"2026-08-11","01:05:46","Clear","Dry","Dark","0.7","23.3","3200","57232","25.7","21%","29.6","","Opened","7.719","5","Safe","Calm","0.0","68","19.4","11.1","999.4","1010.9"
"2026-08-11","01:05:56","Clear","Dry","Dark","0.8","23.3","3200","57232","25.7","21%","29.6","","Opened","7.310","5","Safe","Calm","0.0","68","19.4","11.2","999.5","1011.0"
"2026-08-11","01:06:06","Clear","Dry","Dark","0.9","23.3","3200","57232","25.7","21%","29.5","","Opened","7.294","5","Safe","Calm","0.0","68","19.4","11.2","999.4","1010.9"
"2026-08-11","01:06:16","Clear","Dry","Dark","0.8","23.3","3200","57232","25.7","21%","29.5","","Opened","7.285","5","Safe","Calm","0.0","68","19.4","11.2","999.4","1010.9"
"2026-08-11","01:06:26","Clear","Dry","Dark","0.8","23.3","3200","57232","25.6","21%","29.5","","Opened","7.326","5","Safe","Calm","0.0","68","19.4","11.2","999.5","1011.0"
"2026-08-11","01:06:36","Clear","Dry","Dark","0.9","23.3","3200","57232","25.7","21%","29.5","","Opened","7.349","5","Safe","Calm","0.0","68","19.4","11.3","999.4","1010.9"
"2026-08-11","01:06:46","Clear","Dry","Dark","0.9","23.3","3200","57232","25.6","21%","29.4","","Opened","7.549","5","Safe","Calm","0.0","68","19.4","11.3","999.5","1011.0"
"2026-08-11","01:06:56","Clear","Dry","Dark","1.0","23.4","3200","57232","25.6","21%","29.4","","Opened","7.406","5","Safe","Calm","0.0","68","19.4","11.3","999.4","1010.9"
"2026-08-11","01:07:06","Clear","Dry","Dark","0.9","23.4","3200","57232","25.6","21%","29.4","","Opened","7.440","5","Safe","Calm","0.0","68","19.4","11.2","999.4","1010.9"
"2026-08-11","01:07:16","Clear","Dry","Dark","0.8","23.3","3200","57232","25.6","21%","29.2","Heating UP","Opened","7.489","5","Safe","Calm","0.0","68","19.4","11.1","999.5","1011.0"
"2026-08-11","01:07:26","Clear","Dry","Dark","0.9","23.4","3200","57232","25.7","22%","29.2","Heating UP","Opened","7.530","5","Safe","Calm","0.0","68","19.4","11.3","999.4","1010.9"
"2026-08-11","01:07:36","Clear","Dry","Dark","1.0","23.4","3200","57232","25.6","23%","29.1","Heating UP","Opened","7.486","5","Safe","Calm","0.0","68","19.4","11.3","999.5","1011.0"
"2026-08-11","01:07:47","Clear","Wet","Dark","0.8","23.4","3157","57232","25.6","24%","29.1","Heating UP","Opened","7.995","5","Safe","Calm","0.0","68","19.4","11.2","999.4","1010.9"
"2026-08-11","01:07:56","Clear","Wet","Dark","1.0","23.4","3182","57232","25.6","25%","29.1","Heating UP","Opened","7.515","5","Safe","Calm","0.0","68","19.4","11.3","999.5","1011.0"
"2026-08-11","01:08:06","Clear","Dry","Dark","0.8","23.4","3200","57232","25.6","27%","29.1","Heating UP","Opened","7.525","5","Safe","Calm","0.0","68","19.4","11.1","999.4","1010.9"
"2026-08-11","01:08:16","Clear","Wet","Dark","0.9","23.4","3168","57232","25.6","28%","29.1","Heating UP","Opened","7.456","5","Safe","Calm","0.0","68","19.4","11.3","999.4","1010.9"
"2026-08-11","01:08:26","Clear","Dry","Dark","1.0","23.4","3200","57232","25.6","30%","29.1","Heating UP","Opened","7.539","5","Safe","Calm","0.0","68","19.4","11.3","999.4","1010.9"
"2026-08-11","01:08:36","Clear","Dry","Dark","1.1","23.4","3200","57232","25.6","31%","29.2","","Opened","7.300","5","Safe","Calm","0.0","68","19.4","11.4","999.5","1011.0"
"2026-08-11","01:08:47","Clear","Dry","Dark","0.9","23.4","3200","57232","25.6","31%","29.2","Heating UP","Opened","7.761","5","Safe","Calm","0.0","68","19.4","11.2","999.4","1010.9"
"2026-08-11","01:08:56","Clear","Wet","Dark","1.1","23.5","3197","57232","25.6","32%","29.4","","Opened","7.389","5","Safe","Calm","0.0","68","19.4","11.5","999.5","1011.0"
"2026-08-11","01:09:06","Clear","Dry","Dark","0.9","23.5","3200","57232","25.6","32%","29.4","","Opened","7.430","5","Safe","Calm","0.0","68","19.4","11.2","999.4","1010.9"
"2026-08-11","01:09:16","Clear","Dry","Dark","1.0","23.5","3200","57232","25.6","32%","29.5","","Opened","7.411","5","Safe","Calm","0.0","68","19.4","11.3","999.4","1010.9"
"2026-08-11","01:09:26","Clear","Dry","Dark","0.9","23.5","3200","57232","25.6","32%","29.6","","Opened","7.441","5","Safe","Calm","0.0","69","19.4","11.2","999.4","1010.9"
"2026-08-11","01:09:36","Clear","Dry","Dark","1.0","23.5","3200","57232","25.6","32%","29.7","","Opened","7.399","5","Safe","Calm","0.0","69","19.4","11.3","999.6","1011.0"
"2026-08-11","01:09:47","Clear","Dry","Dark","1.0","23.5","3200","57232","25.6","32%","29.7","","Opened","7.959","5","Safe","Calm","0.0","68","19.4","11.3","999.4","1010.9"
"2026-08-11","01:09:56","Clear","Dry","Dark","1.1","23.5","3200","57232","25.6","32%","29.8","","Opened","7.416","5","Safe","Calm","0.0","68","19.4","11.4","999.4","1010.9"
"2026-08-11","01:10:06","Clear","Dry","Dark","1.1","23.5","3200","57232","25.6","32%","29.8","","Opened","7.360","5","Safe","Calm","0.0","68","19.4","11.4","999.5","1011.0"
"2026-08-11","01:10:16","Clear","Dry","Dark","1.0","23.5","3200","57232","25.6","32%","29.8","","Opened","7.311","5","Safe","Calm","0.0","68","19.3","11.3","999.4","1010.9"
"2026-08-11","01:10:26","Clear","Dry","Dark","1.0","23.5","3200","57232","25.6","32%","29.9","","Opened","7.190","5","Safe","Calm","0.0","68","19.4","11.3","999.4","1010.9"
"2026-08-11","01:10:36","Clear","Dry","Dark","1.0","23.5","3200","57232","25.6","32%","29.9","","Opened","7.356","5","Safe","Calm","0.0","68","19.4","11.3","999.4","1010.9"
"2026-08-11","01:10:47","Clear","Dry","Dark","1.2","23.5","3200","57232","25.6","32%","29.9","Heating DOWN","Opened","7.750","5","Safe","Calm","0.0","68","19.3","11.5","999.5","1011.0"
"2026-08-11","01:10:56","Clear","Dry","Dark","1.1","23.6","3200","57232","25.6","31%","29.9","Heating DOWN","Opened","7.430","5","Safe","Calm","0.0","68","19.3","11.4","999.4","1010.9"
"2026-08-11","01:11:06","Clear","Dry","Dark","1.1","23.6","3200","57232","25.6","30%","29.9","Heating DOWN","Opened","7.521","5","Safe","Calm","0.0","69","19.4","11.4","999.4","1010.9"
"2026-08-11","01:11:16","Clear","Dry","Dark","1.2","23.6","3200","57232","25.6","29%","30.0","Heating DOWN","Opened","7.444","5","Safe","Calm","0.0","69","19.4","11.5","999.4","1010.9"
"2026-08-11","01:11:26","Clear","Dry","Dark","0.9","23.6","3200","57232","25.6","28%","30.0","Heating DOWN","Opened","7.555","5","Safe","Calm","0.0","69","19.4","11.2","999.4","1010.9"
"2026-08-11","01:11:36","Clear","Dry","Dark","1.1","23.6","3200","57232","25.6","27%","30.0","Heating DOWN","Opened","7.451","5","Safe","Calm","0.0","69","19.4","11.4","999.4","1010.9"
"2026-08-11","01:11:46","Clear","Dry","Dark","1.0","23.6","3200","57232","25.6","26%","30.0","Heating DOWN","Opened","7.696","5","Safe","Calm","0.0","69","19.4","11.3","999.4","1010.9"
"2026-08-11","01:11:56","Clear","Dry","Dark","1.0","23.7","3200","57232","25.6","25%","29.9","","Opened","7.394","5","Safe","Calm","0.0","69","19.4","11.3","999.4","1010.9"
"2026-08-11","01:12:06","Clear","Dry","Dark","1.0","23.7","3200","57232","25.6","25%","29.9","","Opened","7.400","5","Safe","Calm","0.0","69","19.4","11.3","999.5","1011.0"
"2026-08-11","01:12:16","Clear","Dry","Dark","1.0","23.6","3200","57232","25.6","25%","29.9","","Opened","7.421","5","Safe","Calm","0.0","69","19.4","11.3","999.5","1011.0"
"2026-08-11","01:12:26","Clear","Dry","Dark","0.9","23.7","3200","57232","25.6","25%","29.9","Heating DOWN","Opened","7.565","5","Safe","Calm","0.0","69","19.4","11.2","999.5","1011.0"
"2026-08-11","01:12:36","Clear","Dry","Dark","0.8","23.6","3200","57232","25.6","24%","29.9","","Opened","7.470","5","Safe","Calm","0.0","69","19.4","11.1","999.4","1010.9"
"2026-08-11","01:12:46","Clear","Wet","Dark","1.0","23.6","3190","57232","25.6","24%","29.9","","Opened","7.714","5","Safe","Calm","0.0","69","19.4","11.3","999.4","1010.9"
"2026-08-11","01:12:56","Clear","Wet","Dark","1.1","23.7","3187","57232","25.6","24%","29.8","","Opened","7.435","5","Safe","Calm","0.0","69","19.4","11.4","999.5","1011.0"
"2026-08-11","01:13:06","Clear","Wet","Dark","1.3","23.7","3184","57232","25.6","24%","29.8","","Opened","7.415","5","Safe","Calm","0.0","69","19.4","11.6","999.4","1010.9"
"2026-08-11","01:13:16","Clear","Wet","Dark","1.1","23.7","3182","57232","25.6","24%","29.7","","Opened","7.285","5","Safe","Calm","0.0","69","19.4","11.4","999.4","1010.9"
"2026-08-11","01:13:26","Clear","Wet","Dark","1.0","23.7","3182","57232","25.6","24%","29.7","","Opened","7.316","5","Safe","Calm","0.0","69","19.4","11.3","999.4","1010.9"
"2026-08-11","01:13:36","Clear","Wet","Dark","1.0","23.7","3181","57232","25.6","24%","29.6","","Opened","7.305","5","Safe","Calm","0.0","69","19.4","11.3","999.4","1010.9"
"2026-08-11","01:13:46","Clear","Wet","Dark","1.2","23.7","3179","57232","25.6","24%","29.6","","Opened","7.730","5","Safe","Calm","0.0","69","19.4","11.4","999.4","1010.9"
"2026-08-11","01:13:56","Clear","Wet","Dark","1.0","23.7","3178","57232","25.6","24%","29.6","","Opened","7.436","5","Safe","Calm","0.0","69","19.4","11.3","999.4","1010.9"
"2026-08-11","01:14:06","Clear","Wet","Dark","1.0","23.7","3179","57232","25.6","24%","29.5","","Opened","7.436","5","Safe","Calm","0.0","69","19.4","11.3","999.4","1010.9"
"2026-08-11","01:14:16","Clear","Wet","Dark","0.9","23.7","3179","57232","25.6","24%","29.5","","Opened","7.295","5","Safe","Calm","0.0","69","19.4","11.2","999.4","1010.9"
"2026-08-11","01:14:26","Clear","Wet","Dark","1.1","23.7","3174","57232","25.6","24%","29.5","","Opened","7.305","5","Safe","Calm","0.0","69","19.4","11.4","999.5","1011.0"
"2026-08-11","01:14:36","Clear","Wet","Dark","1.0","23.7","3175","57232","25.6","24%","29.5","","Opened","7.312","5","Safe","Calm","0.0","69","19.4","11.3","999.5","1011.0"
"2026-08-11","01:14:46","Clear","Wet","Dark","1.0","23.7","3174","57232","25.6","24%","29.4","","Opened","7.540","5","Safe","Calm","0.0","69","19.4","11.3","999.5","1011.0"
"2026-08-11","01:14:56","Clear","Wet","Dark","1.0","23.7","3175","57232","25.6","24%","29.4","","Opened","7.285","5","Safe","Calm","0.0","69","19.4","11.3","999.5","1011.0"
"2026-08-11","01:15:06","Clear","Wet","Dark","1.1","23.7","3174","57232","25.6","24%","29.4","","Opened","7.290","5","Safe","Calm","0.0","69","19.4","11.4","999.4","1010.9"
"2026-08-11","01:15:16","Clear","Wet","Dark","1.0","23.8","3175","57232","25.6","24%","29.4","","Opened","7.415","5","Safe","Calm","0.0","69","19.4","11.3","999.4","1010.9"
"2026-08-11","01:15:26","Clear","Wet","Dark","1.0","23.7","3174","57232","25.6","24%","29.4","","Opened","7.455","5","Safe","Calm","0.0","69","19.4","11.3","999.4","1010.9"
"2026-08-11","01:15:36","Clear","Wet","Dark","0.9","23.7","3174","57232","25.6","24%","29.4","","Opened","7.311","5","Safe","Calm","0.0","69","19.4","11.2","999.4","1010.9"
"2026-08-11","01:15:46","Clear","Wet","Dark","0.9","23.7","3174","57232","25.6","24%","29.4","","Opened","7.551","5","Safe","Calm","0.0","69","19.4","11.2","999.5","1011.0"
"2026-08-11","01:15:56","Clear","Wet","Dark","1.0","23.7","3174","57232","25.6","24%","29.4","","Opened","7.304","5","Safe","Calm","0.0","69","19.4","11.3","999.4","1010.9"
"2026-08-11","01:16:06","Clear","Wet","Dark","0.9","23.7","3174","57232","25.6","24%","29.4","","Opened","7.345","5","Safe","Calm","0.0","69","19.4","11.2","999.4","1010.9"
"2026-08-11","01:16:16","Clear","Wet","Dark","1.0","23.7","3168","57232","25.6","24%","29.2","Heating UP","Opened","7.471","5","Safe","Calm","0.0","69","19.4","11.3","999.4","1010.9"
"2026-08-11","01:16:26","Clear","Dry","Dark","1.0","23.7","3200","57232","25.6","25%","29.2","Heating UP","Opened","7.520","5","Safe","Calm","0.0","69","19.4","11.3","999.5","1011.0"
"2026-08-11","01:16:36","Clear","Dry","Dark","1.0","23.7","3200","57232","25.6","26%","29.2","Heating UP","Opened","7.440","5","Safe","Calm","0.0","69","19.4","11.3","999.4","1010.9"
"2026-08-11","01:16:47","Clear","Dry","Dark","1.0","23.7","3200","57232","25.6","27%","29.2","Heating UP","Opened","7.828","5","Safe","Calm","0.0","69","19.4","11.3","999.4","1010.9"
"2026-08-11","01:16:56","Clear","Wet","Dark","0.9","23.7","3182","57232","25.6","28%","29.2","Heating UP","Opened","7.521","5","Safe","Calm","0.0","69","19.4","11.2","999.4","1010.9"
"2026-08-11","01:17:06","Clear","Wet","Dark","1.0","23.7","3189","57232","25.6","29%","29.2","Heating UP","Opened","7.495","5","Safe","Calm","0.0","69","19.4","11.3","999.4","1010.9"
"2026-08-11","01:17:16","Clear","Dry","Dark","0.9","23.7","3200","57232","25.5","30%","29.2","","Opened","7.420","5","Safe","Calm","0.0","69","19.3","11.2","999.4","1010.9"
"2026-08-11","01:17:26","Clear","Dry","Dark","1.1","23.7","3200","57232","25.5","30%","29.4","","Opened","7.464","5","Safe","Calm","0.0","69","19.3","11.4","999.4","1010.9"
"2026-08-11","01:17:36","Clear","Dry","Dark","1.0","23.7","3200","57232","25.5","30%","29.4","","Opened","7.345","5","Safe","Calm","0.0","69","19.3","11.2","999.4","1010.9"
"2026-08-11","01:17:47","Clear","Dry","Dark","1.1","23.7","3200","57232","25.5","30%","29.5","","Opened","7.829","5","Safe","Calm","0.0","69","19.3","11.3","999.4","1010.9"
"2026-08-11","01:17:56","Clear","Dry","Dark","1.0","23.7","3200","57232","25.6","30%","29.5","","Opened","7.390","5","Safe","Calm","0.0","69","19.4","11.3","999.4","1010.9"
"2026-08-11","01:18:06","Clear","Dry","Dark","1.0","23.7","3200","57232","25.5","30%","29.5","","Opened","7.436","5","Safe","Calm","0.0","69","19.3","11.3","999.5","1011.0"
"2026-08-11","01:18:16","Clear","Dry","Dark","1.0","23.7","3200","57232","25.5","30%","29.5","","Opened","7.414","5","Safe","Calm","0.0","69","19.3","11.2","999.4","1010.9"
"2026-08-11","01:18:26","Clear","Dry","Dark","1.0","23.7","3200","57232","25.5","30%","29.6","","Opened","7.426","5","Safe","Calm","0.0","69","19.3","11.2","999.4","1010.9"
"2026-08-11","01:18:36","Clear","Dry","Dark","0.9","23.7","3200","57232","25.5","30%","29.6","","Opened","7.321","5","Safe","Calm","0.0","69","19.3","11.2","999.4","1010.9"
"2026-08-11","01:18:46","Clear","Dry","Dark","1.0","23.7","3200","57232","25.5","30%","29.6","","Opened","7.724","5","Safe","Calm","0.0","69","19.3","11.3","999.4","1010.9"
"2026-08-11","01:18:56","Clear","Dry","Dark","1.0","23.7","3200","57232","25.5","30%","29.6","","Opened","7.316","5","Safe","Calm","0.0","69","19.3","11.3","999.4","1010.9"
"2026-08-11","01:19:06","Clear","Dry","Dark","0.9","23.7","3200","57232","25.5","30%","29.6","","Opened","7.365","5","Safe","Calm","0.0","69","19.3","11.2","999.4","1010.9"
"2026-08-11","01:19:16","Clear","Dry","Dark","1.1","23.6","3200","57232","25.5","30%","29.7","","Opened","7.355","5","Safe","Calm","0.0","69","19.3","11.4","999.4","1010.9"
"2026-08-11","01:19:26","Clear","Dry","Dark","1.0","23.7","3200","57232","25.5","30%","29.7","","Opened","7.416","5","Safe","Calm","0.0","69","19.3","11.3","999.5","1011.0"
"2026-08-11","01:19:36","Clear","Dry","Dark","1.0","23.7","3200","57232","25.5","30%","29.7","","Opened","7.405","5","Safe","Calm","0.0","69","19.3","11.3","999.4","1010.9"
"2026-08-11","01:19:46","Clear","Dry","Dark","1.0","23.7","3200","57232","25.5","30%","29.7","","Opened","7.599","5","Safe","Calm","0.0","69","19.3","11.3","999.4","1010.9"
"2026-08-11","01:19:56","Clear","Dry","Dark","1.0","23.7","3200","57232","25.5","30%","29.7","","Opened","7.316","5","Safe","Calm","0.0","69","19.3","11.3","999.4","1010.9"
"2026-08-11","01:20:06","Clear","Dry","Dark","1.2","23.7","3200","57232","25.5","30%","29.7","","Opened","7.426","5","Safe","Calm","0.0","69","19.3","11.4","999.4","1010.9"
"2026-08-11","01:20:16","Clear","Dry","Dark","1.1","23.7","3200","57232","25.5","30%","29.7","","Opened","7.405","5","Safe","Calm","0.0","69","19.3","11.3","999.4","1010.9"
"2026-08-11","01:20:26","Clear","Dry","Dark","1.3","23.7","3200","57232","25.5","30%","29.6","","Opened","7.360","5","Safe","Calm","0.0","69","19.3","11.5","999.4","1010.9"
"2026-08-11","01:20:36","Clear","Dry","Dark","1.0","23.7","3200","57232","25.5","30%","29.6","","Opened","7.309","5","Safe","Calm","0.0","69","19.3","11.3","999.3","1010.8"
"2026-08-11","01:20:46","Clear","Dry","Dark","1.2","23.7","3200","57232","25.5","30%","29.6","","Opened","7.540","5","Safe","Calm","0.0","69","19.3","11.4","999.4","1010.9"
"2026-08-11","01:20:56","Clear","Dry","Dark","1.0","23.7","3200","57232","25.5","30%","29.6","","Opened","7.421","5","Safe","Calm","0.0","69","19.3","11.3","999.4","1010.9"
"2026-08-11","01:21:06","Clear","Dry","Dark","1.0","23.7","3200","57232","25.5","30%","29.6","","Opened","7.420","5","Safe","Calm","0.0","69","19.3","11.3","999.5","1011.0"
"2026-08-11","01:21:16","Clear","Dry","Dark","1.0","23.7","3200","57232","25.5","30%","29.6","","Opened","7.385","5","Safe","Calm","0.0","69","19.3","11.3","999.4","1010.9"
"2026-08-11","01:21:26","Clear","Dry","Dark","1.1","23.7","3200","57232","25.5","30%","29.6","","Opened","7.306","5","Safe","Calm","0.0","69","19.3","11.3","999.4","1010.9"
"2026-08-11","01:21:36","Clear","Dry","Dark","1.1","23.8","3200","57232","25.5","30%","29.6","","Opened","7.339","5","Safe","Calm","0.0","69","19.3","11.4","999.4","1010.9"
"2026-08-11","01:21:46","Clear","Dry","Dark","1.2","23.7","3200","57232","25.5","30%","29.5","","Opened","7.704","5","Safe","Calm","0.0","69","19.3","11.4","999.5","1011.0"
"2026-08-11","01:21:56","Clear","Dry","Dark","1.2","23.8","3200","57232","25.4","30%","29.5","","Opened","7.365","5","Safe","Calm","0.0","69","19.3","11.4","999.4","1010.9"
"2026-08-11","01:22:06","Clear","Wet","Dark","1.0","23.8","3199","57232","25.4","30%","29.5","","Opened","7.344","5","Safe","Calm","0.0","69","19.3","11.2","999.3","1010.8"
"2026-08-11","01:22:16","Clear","Dry","Dark","1.2","23.8","3200","57232","25.4","30%","29.5","","Opened","7.350","5","Safe","Calm","0.0","69","19.3","11.5","999.3","1010.8"
"2026-08-11","01:22:26","Clear","Dry","Dark","1.1","23.8","3200","57232","25.4","30%","29.5","","Opened","7.386","5","Safe","Calm","0.0","69","19.3","11.4","999.4","1010.9"
"2026-08-11","01:22:36","Clear","Dry","Dark","1.1","23.8","3200","57232","25.5","30%","29.5","","Opened","7.365","5","Safe","Calm","0.0","69","19.3","11.3","999.3","1010.8"
"2026-08-11","01:22:46","Clear","Dry","Dark","1.2","23.8","3200","57232","25.4","30%","29.5","","Opened","7.633","5","Safe","Calm","0.0","69","19.3","11.4","999.4","1010.9"
"2026-08-11","01:22:56","Clear","Dry","Dark","1.1","23.8","3200","57232","25.4","30%","29.5","","Opened","7.475","5","Safe","Calm","0.0","69","19.3","11.3","999.4","1010.9"
"2026-08-11","01:23:06","Clear","Dry","Dark","1.3","23.8","3200","57232","25.4","30%","29.5","","Opened","7.345","5","Safe","Calm","0.0","69","19.3","11.5","999.4","1010.9"
"2026-08-11","01:23:16","Clear","Dry","Dark","1.3","23.8","3200","57232","25.4","30%","29.5","","Opened","7.342","5","Safe","Calm","0.0","69","19.3","11.6","999.4","1010.9"
"2026-08-11","01:23:26","Clear","Dry","Dark","1.1","23.8","3200","57232","25.4","30%","29.5","","Opened","7.395","5","Safe","Calm","0.0","69","19.3","11.4","999.4","1010.9"
"2026-08-11","01:23:36","Clear","Dry","Dark","1.1","23.8","3200","57232","25.4","30%","29.5","","Opened","7.405","5","Safe","Calm","0.0","69","19.3","11.3","999.4","1010.9"
"2026-08-11","01:23:47","Clear","Dry","Dark","1.1","23.8","3200","57232","25.4","30%","29.5","","Opened","7.925","5","Safe","Calm","0.0","69","19.3","11.3","999.4","1010.9"
"2026-08-11","01:23:56","Clear","Dry","Dark","1.1","23.8","3200","57232","25.4","30%","29.5","","Opened","7.299","5","Safe","Calm","0.0","69","19.3","11.3","999.4","1010.9"
"2026-08-11","01:24:06","Clear","Dry","Dark","1.0","23.8","3200","57232","25.4","30%","29.5","","Opened","7.335","5","Safe","Calm","0.0","69","19.2","11.2","999.4","1010.9"
"2026-08-11","01:24:16","Clear","Dry","Dark","1.1","23.8","3200","57232","25.4","30%","29.4","","Opened","7.326","5","Safe","Calm","0.0","69","19.2","11.3","999.4","1010.9"
"2026-08-11","01:24:26","Clear","Dry","Dark","1.1","23.8","3200","57232","25.4","30%","29.4","","Opened","7.334","5","Safe","Calm","0.0","69","19.2","11.3","999.4","1010.9"
"2026-08-11","01:24:36","Clear","Dry","Dark","1.1","23.8","3200","57232","25.4","30%","29.4","","Opened","7.304","5","Safe","Calm","0.0","69","19.3","11.3","999.3","1010.8"
"2026-08-11","01:24:46","Clear","Dry","Dark","1.1","23.8","3200","57232","25.4","30%","29.4","","Opened","7.636","5","Safe","Calm","0.0","69","19.2","11.3","999.3","1010.8"
"2026-08-11","01:24:56","Clear","Dry","Dark","1.1","23.9","3200","57232","25.4","30%","29.4","","Opened","7.300","5","Safe","Calm","0.0","69","19.2","11.3","999.3","1010.8"
"2026-08-11","01:25:06","Clear","Dry","Dark","1.2","23.8","3200","57232","25.3","30%","29.4","","Opened","7.394","5","Safe","Calm","0.0","69","19.2","11.3","999.4","1010.9"
"2026-08-11","01:25:16","Clear","Dry","Dark","1.1","23.8","3200","57232","25.3","30%","29.4","","Opened","7.460","5","Safe","Calm","0.0","69","19.2","11.3","999.4","1010.9"
"2026-08-11","01:25:26","Clear","Dry","Dark","1.2","23.8","3200","57232","25.4","30%","29.4","","Opened","7.366","5","Safe","Calm","0.0","69","19.2","11.4","999.4","1010.9"
"2026-08-11","01:25:36","Clear","Dry","Dark","1.1","23.8","3200","57232","25.4","30%","29.4","","Opened","7.396","5","Safe","Calm","0.0","69","19.2","11.3","999.4","1010.9"
"2026-08-11","01:25:47","Clear","Dry","Dark","1.1","23.8","3200","57232","25.4","30%","29.5","","Opened","7.795","5","Safe","Calm","0.0","69","19.2","11.3","999.3","1010.8"
"2026-08-11","01:25:56","Clear","Dry","Dark","1.0","23.8","3200","57232","25.4","30%","29.5","","Opened","7.350","5","Safe","Calm","0.0","69","19.2","11.2","999.3","1010.8"
"2026-08-11","01:26:06","Clear","Dry","Dark","1.2","23.8","3200","57232","25.3","30%","29.5","","Opened","7.355","5","Safe","Calm","0.0","69","19.2","11.4","999.3","1010.8"
"2026-08-11","01:26:16","Clear","Dry","Dark","1.1","23.8","3200","57232","25.4","30%","29.5","","Opened","7.369","5","Safe","Calm","0.0","69","19.2","11.3","999.4","1010.9"
"2026-08-11","01:26:26","Clear","Dry","Dark","1.1","23.8","3200","57232","25.3","30%","29.5","","Opened","7.505","5","Safe","Calm","0.0","69","19.2","11.3","999.4","1010.9"
"2026-08-11","01:26:36","Clear","Dry","Dark","1.1","23.8","3200","57232","25.3","30%","29.5","","Opened","7.371","5","Safe","Calm","0.0","69","19.2","11.3","999.5","1011.0"
"2026-08-11","01:26:46","Clear","Dry","Dark","1.2","23.8","3200","57232","25.3","30%","29.5","","Opened","7.714","5","Safe","Calm","0.0","69","19.2","11.4","999.3","1010.8"
"2026-08-11","01:26:56","Clear","Dry","Dark","1.1","23.8","3200","57232","25.3","30%","29.5","","Opened","7.449","5","Safe","Calm","0.0","69","19.2","11.2","999.4","1010.9"
"2026-08-11","01:27:06","Clear","Dry","Dark","1.2","23.8","3200","57232","25.3","30%","29.5","","Opened","7.371","5","Safe","Calm","0.0","69","19.2","11.3","999.3","1010.8"
"2026-08-11","01:27:16","Clear","Dry","Dark","1.2","23.8","3200","57232","25.3","30%","29.5","","Opened","7.330","5","Safe","Calm","0.0","69","19.2","11.4","999.3","1010.8"
"2026-08-11","01:27:26","Clear","Dry","Dark","1.1","23.8","3200","57232","25.3","30%","29.5","","Opened","7.374","5","Safe","Calm","0.0","69","19.1","11.3","999.3","1010.8"
"2026-08-11","01:27:36","Clear","Dry","Dark","1.0","23.8","3200","57232","25.3","30%","29.5","","Opened","7.295","5","Safe","Calm","0.0","69","19.1","11.2","999.3","1010.8"
"2026-08-11","01:27:46","Clear","Dry","Dark","1.1","23.8","3200","57232","25.3","30%","29.5","","Opened","7.596","5","Safe","Calm","0.0","69","19.1","11.3","999.3","1010.8"
"2026-08-11","01:27:56","Clear","Dry","Dark","1.2","23.9","3200","57232","25.3","30%","29.5","","Opened","7.370","5","Safe","Calm","0.0","69","19.1","11.3","999.4","1010.9"
"2026-08-11","01:28:06","Clear","Dry","Dark","1.2","23.8","3200","57232","25.3","30%","29.4","","Opened","7.334","5","Safe","Calm","0.0","69","19.1","11.3","999.3","1010.8"
"2026-08-11","01:28:16","Clear","Dry","Dark","1.2","23.9","3200","57232","25.3","30%","29.4","","Opened","7.395","5","Safe","Calm","0.0","69","19.1","11.3","999.4","1010.9"
"2026-08-11","01:28:26","Clear","Dry","Dark","1.1","23.9","3200","57232","25.3","30%","29.4","","Opened","7.390","5","Safe","Calm","0.0","69","19.1","11.2","999.4","1010.9"
"2026-08-11","01:28:36","Clear","Dry","Dark","1.0","23.8","3200","57232","25.3","30%","29.4","","Opened","7.295","5","Safe","Calm","0.0","69","19.1","11.2","999.3","1010.8"
"2026-08-11","01:28:46","Clear","Dry","Dark","1.1","23.8","3200","57232","25.3","30%","29.4","","Opened","7.550","5","Safe","Calm","0.0","69","19.1","11.2","999.3","1010.8"
"2026-08-11","01:28:56","Clear","Dry","Dark","1.1","23.8","3200","57232","25.3","30%","29.4","","Opened","7.366","5","Safe","Calm","0.0","69","19.1","11.2","999.3","1010.8"
"2026-08-11","01:29:06","Clear","Dry","Dark","1.1","23.9","3200","57232","25.3","30%","29.4","","Opened","7.295","5","Safe","Calm","0.0","68","19.1","11.2","999.4","1010.9"
"2026-08-11","01:29:16","Clear","Dry","Dark","1.1","23.9","3200","57232","25.3","30%","29.4","","Opened","7.295","5","Safe","Calm","0.0","68","19.1","11.3","999.3","1010.8"
"2026-08-11","01:29:26","Clear","Dry","Dark","1.1","23.9","3200","57232","25.3","30%","29.4","","Opened","7.461","5","Safe","Calm","0.0","68","19.0","11.2","999.3","1010.8"
"2026-08-11","01:29:36","Clear","Dry","Dark","1.0","23.8","3200","57232","25.3","30%","29.5","","Opened","7.381","5","Safe","Calm","0.0","68","19.0","11.1","999.3","1010.8"
"2026-08-11","01:29:46","Clear","Dry","Dark","1.1","23.8","3200","57232","25.3","30%","29.5","","Opened","7.639","5","Safe","Calm","0.0","68","19.0","11.3","999.4","1010.9"
"2026-08-11","01:29:56","Clear","Dry","Dark","1.2","23.8","3200","57232","25.3","30%","29.5","","Opened","7.365","5","Safe","Calm","0.0","68","19.0","11.3","999.3","1010.7"
"2026-08-11","01:30:06","Clear","Dry","Dark","1.2","23.8","3200","57232","25.2","30%","29.5","","Opened","7.372","5","Safe","Calm","0.0","68","19.0","11.3","999.3","1010.8"
"2026-08-11","01:30:16","Clear","Dry","Dark","0.9","23.8","3200","57232","25.3","30%","29.5","","Opened","7.390","5","Safe","Calm","0.0","68","19.0","11.1","999.3","1010.8"
"2026-08-11","01:30:26","Clear","Dry","Dark","1.2","23.8","3200","57232","25.3","30%","29.5","","Opened","7.405","5","Safe","Calm","0.0","68","19.0","11.3","999.3","1010.8"
"2026-08-11","01:30:36","Clear","Dry","Dark","1.3","23.8","3200","57232","25.2","30%","29.5","","Opened","7.326","5","Safe","Calm","0.6","68","19.0","11.4","999.3","1010.8"
"2026-08-11","01:30:46","Clear","Dry","Dark","1.1","23.8","3200","57232","25.2","30%","29.5","","Opened","7.626","5","Safe","Calm","0.6","68","18.9","11.3","999.3","1010.8"
"2026-08-11","01:30:56","Clear","Dry","Dark","1.1","23.8","3200","57232","25.3","30%","29.5","","Opened","7.374","5","Safe","Calm","0.6","68","19.0","11.2","999.3","1010.8"
"2026-08-11","01:31:06","Clear","Dry","Dark","0.9","23.8","3200","57232","25.2","30%","29.5","","Opened","7.360","5","Safe","Calm","0.6","68","18.9","11.0","999.3","1010.8"
"2026-08-11","01:31:16","Clear","Dry","Dark","1.1","23.8","3200","57232","25.2","30%","29.5","","Opened","7.318","5","Safe","Calm","0.6","68","18.9","11.2","999.3","1010.8"
"2026-08-11","01:31:26","Clear","Dry","Dark","1.1","23.8","3200","57232","25.3","30%","29.5","","Opened","7.329","5","Safe","Calm","0.6","68","18.9","11.2","999.3","1010.8"
"2026-08-11","01:31:36","Clear","Dry","Dark","1.0","23.8","3200","57232","25.3","30%","29.5","","Opened","7.375","5","Safe","Calm","0.0","68","18.9","11.2","999.3","1010.8"
"2026-08-11","01:31:46","Clear","Dry","Dark","1.1","23.8","3200","57232","25.2","30%","29.5","","Opened","7.751","5","Safe","Calm","0.0","68","18.8","11.2","999.4","1010.9"
"2026-08-11","01:31:56","Clear","Dry","Dark","1.0","23.8","3200","57232","25.3","30%","29.6","","Opened","7.401","5","Safe","Calm","0.0","68","18.9","11.2","999.3","1010.8"
"2026-08-11","01:32:06","Clear","Dry","Dark","1.0","23.8","3200","57232","25.2","30%","29.6","Heating DOWN","Opened","7.444","5","Safe","Calm","0.0","68","18.8","11.1","999.4","1010.9"
"2026-08-11","01:32:16","Clear","Dry","Dark","1.0","23.8","3200","57232","25.2","29%","29.6","Heating DOWN","Opened","7.540","5","Safe","Calm","0.0","68","18.8","11.2","999.3","1010.8"
"2026-08-11","01:32:26","Clear","Dry","Dark","1.1","23.8","3200","57232","25.2","28%","29.5","","Opened","7.316","5","Safe","Calm","0.0","67","18.8","11.2","999.3","1010.8"
"2026-08-11","01:32:36","Clear","Dry","Dark","1.0","23.8","3200","57232","25.2","28%","29.6","Heating DOWN","Opened","7.455","5","Safe","Calm","0.0","67","18.8","11.1","999.4","1010.9"
"2026-08-11","01:32:46","Clear","Dry","Dark","1.0","23.8","3200","57232","25.2","27%","29.5","","Opened","7.695","5","Safe","Calm","0.0","67","18.8","11.1","999.3","1010.8"
"2026-08-11","01:32:56","Clear","Dry","Dark","1.0","23.8","3200","57232","25.2","27%","29.5","","Opened","7.365","5","Safe","Calm","0.0","67","18.8","11.2","999.3","1010.8"
"2026-08-11","01:33:06","Clear","Dry","Dark","1.1","23.9","3200","57232","25.2","27%","29.5","","Opened","7.362","5","Safe","Calm","0.0","67","18.8","11.2","999.3","1010.8"
"2026-08-11","01:33:16","Clear","Dry","Dark","1.0","23.8","3200","57232","25.2","27%","29.4","","Opened","7.354","5","Safe","Calm","0.0","67","18.7","11.2","999.4","1010.9"
"2026-08-11","01:33:26","Clear","Dry","Dark","1.1","23.9","3200","57232","25.2","27%","29.4","","Opened","7.470","5","Safe","Calm","0.0","67","18.7","11.3","999.3","1010.8"
"2026-08-11","01:33:36","Clear","Dry","Dark","0.9","23.8","3200","57232","25.2","27%","29.4","","Opened","7.377","5","Safe","Calm","0.0","67","18.7","11.0","999.3","1010.8"
"2026-08-11","01:33:46","Clear","Dry","Dark","0.9","23.8","3200","57232","25.2","27%","29.4","","Opened","7.679","5","Safe","Calm","0.0","67","18.7","11.1","999.3","1010.8"
"2026-08-11","01:33:56","Clear","Dry","Dark","0.8","23.8","3200","57232","25.2","27%","29.5","","Opened","7.385","5","Safe","Calm","0.0","67","18.7","10.9","999.4","1010.9"
"2026-08-11","01:34:06","Clear","Dry","Dark","0.8","23.8","3200","57232","25.2","27%","29.5","","Opened","7.377","5","Safe","Calm","0.0","67","18.7","11.0","999.3","1010.8"
"2026-08-11","01:34:16","Clear","Dry","Dark","0.8","23.8","3200","57232","25.2","27%","29.6","Heating DOWN","Opened","7.481","5","Safe","Calm","0.0","67","18.7","11.0","999.3","1010.8"
"2026-08-11","01:34:26","Clear","Dry","Dark","0.8","23.8","3200","57232","25.2","26%","29.6","Heating DOWN","Opened","7.444","5","Safe","Calm","0.0","67","18.7","10.9","999.4","1010.9"
"2026-08-11","01:34:36","Clear","Dry","Dark","0.9","23.8","3200","57232","25.2","25%","29.6","Heating DOWN","Opened","7.500","5","Safe","Calm","0.0","67","18.7","11.0","999.3","1010.8"
"2026-08-11","01:34:46","Clear","Dry","Dark","1.0","23.7","3200","57232","25.2","24%","29.5","","Opened","7.686","5","Safe","Calm","0.0","67","18.7","11.1","999.3","1010.8"
"2026-08-11","01:34:56","Clear","Dry","Dark","0.9","23.8","3200","57232","25.2","24%","29.4","","Opened","7.370","5","Safe","Calm","0.0","67","18.7","11.0","999.4","1010.9"
"2026-08-11","01:35:06","Clear","Dry","Dark","0.8","23.8","3200","57232","25.2","24%","29.4","","Opened","7.380","5","Safe","Calm","0.0","67","18.6","10.9","999.3","1010.8"
"2026-08-11","01:35:16","Clear","Dry","Dark","0.8","23.8","3200","57232","25.2","24%","29.2","","Opened","7.374","5","Safe","Calm","0.0","67","18.6","10.9","999.3","1010.8"
"2026-08-11","01:35:26","Clear","Dry","Dark","0.8","23.8","3200","57232","25.2","24%","29.1","","Opened","7.435","5","Safe","Calm","0.0","67","18.6","10.9","999.3","1010.8"
"2026-08-11","01:35:36","Clear","Dry","Dark","0.9","23.8","3200","57232","25.2","24%","29.1","","Opened","7.364","5","Safe","Calm","0.0","67","18.6","11.0","999.3","1010.8"
"2026-08-11","01:35:46","Clear","Wet","Dark","0.9","23.7","3199","57232","25.2","24%","29.1","","Opened","7.635","5","Safe","Calm","0.0","67","18.6","11.0","999.3","1010.8"
"2026-08-11","01:35:56","Clear","Dry","Dark","0.8","23.8","3200","57232","25.2","24%","29.0","","Opened","7.371","5","Safe","Calm","0.0","67","18.6","10.9","999.4","1010.9"
"2026-08-11","01:36:06","Clear","Dry","Dark","0.8","23.8","3200","57232","25.2","24%","29.0","","Opened","7.379","5","Safe","Calm","0.0","67","18.6","10.9","999.4","1010.9"
"2026-08-11","01:36:16","Clear","Dry","Dark","0.8","23.7","3200","57232","25.2","24%","29.0","","Opened","7.375","5","Safe","Calm","0.0","67","18.6","10.9","999.3","1010.8"
"2026-08-11","01:36:26","Clear","Dry","Dark","0.9","23.7","3200","57232","25.2","24%","28.9","","Opened","7.326","5","Safe","Calm","0.0","67","18.6","11.0","999.3","1010.8"
"2026-08-11","01:36:36","Clear","Dry","Dark","0.8","23.7","3200","57232","25.2","24%","28.9","","Opened","7.385","5","Safe","Calm","0.0","67","18.6","10.9","999.3","1010.8"
"2026-08-11","01:36:46","Clear","Dry","Dark","0.9","23.7","3200","57232","25.2","24%","28.9","","Opened","7.635","5","Safe","Calm","0.0","67","18.6","11.0","999.3","1010.7"
"2026-08-11","01:36:56","Clear","Dry","Dark","0.9","23.7","3200","57232","25.2","24%","28.9","","Opened","7.405","5","Safe","Calm","0.0","67","18.6","11.0","999.3","1010.8"
"2026-08-11","01:37:06","Clear","Dry","Dark","0.8","23.7","3200","57232","25.2","24%","28.9","","Opened","7.431","5","Safe","Calm","0.0","67","18.6","10.9","999.3","1010.8"
"2026-08-11","01:37:16","Clear","Dry","Dark","0.9","23.7","3200","57232","25.2","24%","28.8","Heating UP","Opened","7.415","5","Safe","Calm","0.0","67","18.6","11.0","999.3","1010.8"
"2026-08-11","01:37:26","Clear","Dry","Dark","0.9","23.7","3200","57232","25.2","25%","28.9","","Opened","7.355","5","Safe","Calm","0.0","67","18.6","10.9","999.3","1010.7"
"2026-08-11","01:37:36","Clear","Dry","Dark","0.7","23.6","3200","57232","25.2","25%","28.9","","Opened","7.404","5","Safe","Calm","0.0","67","18.5","10.7","999.3","1010.8"
"2026-08-11","01:37:46","Clear","Dry","Dark","0.7","23.7","3200","57232","25.2","25%","28.9","","Opened","7.580","5","Safe","Calm","0.0","67","18.6","10.8","999.3","1010.8"
"2026-08-11","01:37:56","Clear","Dry","Dark","0.8","23.6","3200","57232","25.2","25%","29.0","","Opened","7.356","5","Safe","Calm","0.0","67","18.6","10.9","999.3","1010.8"
"2026-08-11","01:38:06","Clear","Dry","Dark","0.8","23.6","3200","57232","25.2","25%","29.0","","Opened","7.455","5","Safe","Calm","0.0","67","18.5","10.9","999.4","1010.9"
"2026-08-11","01:38:16","Clear","Dry","Dark","0.7","23.6","3200","57232","25.2","25%","29.0","","Opened","7.311","5","Safe","Calm","0.0","67","18.6","10.8","999.3","1010.8"
"2026-08-11","01:38:26","Clear","Dry","Dark","0.7","23.5","3200","57232","25.2","25%","29.1","","Opened","7.310","5","Safe","Calm","0.0","67","18.6","10.8","999.3","1010.7"
"2026-08-11","01:38:36","Clear","Dry","Dark","0.7","23.5","3200","57232","25.2","25%","29.1","","Opened","7.445","5","Safe","Calm","0.0","67","18.5","10.8","999.3","1010.8"
"2026-08-11","01:38:47","Clear","Dry","Dark","0.7","23.5","3200","57232","25.2","25%","29.2","","Opened","7.825","5","Safe","Calm","0.0","67","18.6","10.8","999.4","1010.9"
"2026-08-11","01:38:56","Clear","Dry","Dark","0.8","23.5","3200","57232","25.2","25%","29.2","","Opened","7.316","5","Safe","Calm","0.0","67","18.6","10.9","999.3","1010.7"
"2026-08-11","01:39:06","Clear","Dry","Dark","0.8","23.5","3200","57232","25.2","25%","29.1","","Opened","7.310","5","Safe","Calm","0.0","67","18.6","10.9","999.3","1010.8"
"2026-08-11","01:39:16","Clear","Dry","Dark","0.9","23.5","3200","57232","25.2","25%","29.2","","Opened","7.295","5","Safe","Calm","0.0","67","18.5","11.0","999.3","1010.7"
"2026-08-11","01:39:26","Clear","Dry","Dark","0.8","23.5","3200","57232","25.2","25%","29.1","","Opened","7.367","5","Safe","Calm","0.0","67","18.5","10.9","999.3","1010.8"
"2026-08-11","01:39:36","Clear","Dry","Dark","0.9","23.4","3200","57232","25.2","25%","29.1","","Opened","7.380","5","Safe","Calm","0.0","67","18.5","11.0","999.3","1010.7"
"2026-08-11","01:39:46","Clear","Dry","Dark","0.8","23.4","3200","57232","25.2","25%","29.1","","Opened","7.669","5","Safe","Calm","0.0","67","18.5","10.9","999.3","1010.7"
"2026-08-11","01:39:56","Clear","Dry","Dark","0.8","23.4","3200","57232","25.2","25%","29.1","","Opened","7.355","5","Safe","Calm","0.0","67","18.5","10.9","999.2","1010.7"
"2026-08-11","01:40:06","Clear","Dry","Dark","0.9","23.4","3200","57232","25.2","25%","29.1","","Opened","7.385","5","Safe","Calm","0.0","67","18.5","10.9","999.3","1010.7"
"2026-08-11","01:40:16","Clear","Dry","Dark","1.1","23.5","3200","57232","25.2","25%","29.1","","Opened","7.495","5","Safe","Calm","0.0","66","18.5","11.2","999.3","1010.7"
"2026-08-11","01:40:26","Clear","Dry","Dark","0.8","23.5","3200","57232","25.2","25%","29.0","","Opened","7.385","5","Safe","Calm","0.0","66","18.5","10.9","999.3","1010.8"
"2026-08-11","01:40:36","Clear","Dry","Dark","0.7","23.5","3200","57232","25.2","25%","29.0","","Opened","7.396","5","Safe","Calm","0.0","66","18.4","10.8","999.3","1010.7"
"2026-08-11","01:40:46","Clear","Dry","Dark","0.9","23.4","3200","57232","25.2","25%","29.0","","Opened","7.494","5","Safe","Calm","0.0","66","18.5","10.9","999.3","1010.7"
"2026-08-11","01:40:56","Clear","Dry","Dark","0.9","23.5","3200","57232","25.1","25%","29.0","","Opened","7.336","5","Safe","Calm","0.0","66","18.4","10.9","999.3","1010.8"
"2026-08-11","01:41:06","Clear","Dry","Dark","0.9","23.5","3200","57232","25.2","25%","29.0","","Opened","7.361","5","Safe","Calm","0.0","66","18.4","10.9","999.3","1010.7"
"2026-08-11","01:41:16","Clear","Dry","Dark","1.0","23.5","3200","57232","25.1","25%","29.0","","Opened","7.370","5","Safe","Calm","0.0","66","18.4","11.1","999.3","1010.8"
"2026-08-11","01:41:26","Clear","Dry","Dark","1.0","23.5","3200","57232","25.1","25%","28.9","","Opened","7.340","5","Safe","Calm","0.0","66","18.3","11.0","999.3","1010.8"
"2026-08-11","01:41:36","Clear","Dry","Dark","0.9","23.5","3200","57232","25.2","25%","28.9","","Opened","7.365","5","Safe","Calm","0.0","66","18.4","10.9","999.3","1010.7"
"2026-08-11","01:41:46","Clear","Dry","Dark","0.8","23.5","3200","57232","25.1","25%","29.0","","Opened","7.690","5","Safe","Calm","0.0","66","18.3","10.9","999.3","1010.8"
"2026-08-11","01:41:56","Clear","Dry","Dark","0.9","23.5","3200","57232","25.1","25%","29.0","","Opened","7.315","5","Safe","Calm","0.0","66","18.3","11.0","999.3","1010.8"
"2026-08-11","01:42:06","Clear","Dry","Dark","0.9","23.5","3200","57232","25.2","25%","29.0","","Opened","7.340","5","Safe","Calm","0.0","66","18.3","10.9","999.3","1010.8"
"2026-08-11","01:42:16","Clear","Dry","Dark","0.8","23.5","3200","57232","25.2","25%","29.0","","Opened","7.320","5","Safe","Calm","0.0","66","18.4","10.9","999.3","1010.8"
"2026-08-11","01:42:26","Clear","Dry","Dark","0.8","23.5","3200","57232","25.2","25%","29.1","","Opened","7.390","5","Safe","Calm","0.0","66","18.4","10.9","999.3","1010.8"
"2026-08-11","01:42:36","Clear","Dry","Dark","0.9","23.4","3200","57232","25.2","25%","29.1","","Opened","7.376","5","Safe","Calm","0.0","66","18.3","10.9","999.3","1010.8"
"2026-08-11","01:42:47","Clear","Dry","Dark","0.8","23.4","3200","57232","25.2","25%","29.2","","Opened","7.760","5","Safe","Calm","0.0","66","18.4","10.8","999.3","1010.7"
"2026-08-11","01:42:56","Clear","Dry","Dark","0.9","23.4","3200","57232","25.2","25%","29.2","","Opened","7.314","5","Safe","Calm","0.0","66","18.3","10.9","999.3","1010.8"
"2026-08-11","01:43:06","Clear","Dry","Dark","0.9","23.4","3200","57232","25.2","25%","29.2","","Opened","7.334","5","Safe","Calm","0.0","66","18.3","11.0","999.3","1010.8"
"2026-08-11","01:43:16","Clear","Dry","Dark","0.8","23.4","3200","57232","25.2","25%","29.2","","Opened","7.311","5","Safe","Calm","0.0","66","18.3","10.9","999.3","1010.8"
"2026-08-11","01:43:26","Clear","Dry","Dark","0.9","23.4","3200","57232","25.2","25%","29.2","","Opened","7.301","5","Safe","Calm","0.0","66","18.4","10.9","999.3","1010.8"
"2026-08-11","01:43:36","Clear","Dry","Dark","0.8","23.4","3200","57232","25.2","25%","29.2","","Opened","7.315","5","Safe","Calm","0.0","66","18.3","10.8","999.4","1010.9"
"2026-08-11","01:43:47","Clear","Dry","Dark","0.9","23.4","3200","57232","25.2","25%","29.2","","Opened","7.879","5","Safe","Calm","0.0","66","18.3","10.9","999.3","1010.7"
"2026-08-11","01:43:56","Clear","Dry","Dark","0.7","23.4","3200","57232","25.2","25%","29.2","","Opened","7.375","5","Safe","Calm","0.0","66","18.3","10.8","999.3","1010.8"
"2026-08-11","01:44:06","Clear","Dry","Dark","0.8","23.4","3200","57232","25.2","25%","29.2","","Opened","7.274","5","Safe","Calm","0.0","66","18.3","10.9","999.3","1010.7"
"2026-08-11","01:44:16","Clear","Dry","Dark","0.8","23.4","3200","57232","25.2","25%","29.2","","Opened","7.395","5","Safe","Calm","0.0","66","18.3","10.9","999.3","1010.8"
"2026-08-11","01:44:26","Clear","Dry","Dark","0.7","23.4","3200","57232","25.2","25%","29.4","","Opened","7.455","5","Safe","Calm","0.0","66","18.3","10.8","999.3","1010.8"
"2026-08-11","01:44:36","Clear","Dry","Dark","0.7","23.4","3200","57232","25.2","25%","29.4","","Opened","7.330","5","Safe","Calm","0.0","66","18.3","10.8","999.3","1010.7"
"2026-08-11","01:44:46","Clear","Dry","Dark","0.7","23.4","3200","57232","25.2","25%","29.5","","Opened","7.565","5","Safe","Calm","0.0","66","18.3","10.8","999.3","1010.7"
"2026-08-11","01:44:56","Clear","Dry","Dark","0.7","23.4","3200","57232","25.2","25%","29.5","","Opened","7.301","5","Safe","Calm","0.0","66","18.3","10.8","999.3","1010.7"
"2026-08-11","01:45:06","Clear","Dry","Dark","0.7","23.3","3200","57232","25.2","25%","29.5","","Opened","7.291","5","Safe","Calm","0.0","66","18.3","10.8","999.3","1010.7"
"2026-08-11","01:45:16","Clear","Dry","Dark","0.9","23.3","3200","57232","25.2","25%","29.6","Heating DOWN","Opened","7.459","5","Safe","Calm","0.0","66","18.3","10.9","999.3","1010.7"
"2026-08-11","01:45:26","Clear","Dry","Dark","0.7","23.3","3200","57232","25.2","24%","29.6","Heating DOWN","Opened","7.510","5","Safe","Calm","0.0","66","18.3","10.8","999.3","1010.7"
"2026-08-11","01:45:36","Clear","Dry","Dark","0.8","23.3","3200","57232","25.2","23%","29.6","Heating DOWN","Opened","7.460","5","Safe","Calm","0.0","66","18.3","10.8","999.3","1010.7"
"2026-08-11","01:45:46","Clear","Dry","Dark","0.6","23.3","3200","57232","25.2","22%","29.6","Heating DOWN","Opened","7.721","5","Safe","Calm","0.0","66","18.3","10.7","999.3","1010.7"
"2026-08-11","01:45:56","Clear","Dry","Dark","0.7","23.3","3200","57232","25.2","21%","29.6","Heating DOWN","Opened","7.455","5","Safe","Calm","0.0","66","18.3","10.8","999.3","1010.7"
"2026-08-11","01:46:06","Clear","Dry","Dark","0.7","23.3","3200","57232","25.2","20%","29.5","","Opened","7.406","5","Safe","Calm","0.0","66","18.3","10.8","999.3","1010.7"
"2026-08-11","01:46:16","Clear","Dry","Dark","0.7","23.3","3200","57232","25.2","20%","29.5","","Opened","7.410","5","Safe","Calm","0.0","66","18.3","10.8","999.3","1010.7"
"2026-08-11","01:46:26","Clear","Dry","Dark","0.8","23.3","3200","57232","25.2","20%","29.4","","Opened","7.379","5","Safe","Calm","0.0","66","18.3","10.9","999.3","1010.7"
"2026-08-11","01:46:36","Clear","Dry","Dark","0.7","23.3","3200","57232","25.2","20%","29.4","","Opened","7.386","5","Safe","Calm","0.0","66","18.3","10.8","999.2","1010.7"
"2026-08-11","01:46:46","Clear","Dry","Dark","0.6","23.3","3200","57232","25.2","20%","29.4","","Opened","7.625","5","Safe","Calm","0.0","65","18.3","10.8","999.3","1010.7"
"2026-08-11","01:46:56","Clear","Dry","Dark","0.7","23.3","3200","57232","25.2","20%","29.4","","Opened","7.424","5","Safe","Calm","0.0","66","18.3","10.8","999.2","1010.7"
"2026-08-11","01:47:06","Clear","Dry","Dark","0.6","23.3","3200","57232","25.2","20%","29.2","","Opened","7.374","5","Safe","Calm","0.0","66","18.3","10.7","999.3","1010.7"
"2026-08-11","01:47:16","Clear","Dry","Dark","0.6","23.3","3200","57232","25.2","20%","29.2","","Opened","7.391","5","Safe","Calm","0.0","65","18.3","10.7","999.3","1010.8"
"2026-08-11","01:47:26","Clear","Dry","Dark","0.6","23.3","3200","57232","25.2","20%","29.2","","Opened","7.385","5","Safe","Calm","0.0","65","18.3","10.7","999.3","1010.7"
"2026-08-11","01:47:36","Clear","Dry","Dark","0.6","23.3","3200","57232","25.3","20%","29.2","","Opened","7.369","5","Safe","Calm","0.0","65","18.3","10.7","999.3","1010.8"
"2026-08-11","01:47:46","Clear","Dry","Dark","0.6","23.3","3200","57232","25.3","20%","29.2","","Opened","7.655","5","Safe","Calm","0.0","65","18.3","10.7","999.2","1010.7"
"2026-08-11","01:47:56","Clear","Dry","Dark","0.5","23.2","3200","57232","25.2","20%","29.2","","Opened","7.306","5","Safe","Calm","0.0","65","18.3","10.6","999.3","1010.7"
"2026-08-11","01:48:06","Clear","Dry","Dark","0.5","23.2","3200","57232","25.2","20%","29.2","","Opened","7.341","5","Safe","Calm","0.0","65","18.3","10.6","999.3","1010.7"
"2026-08-11","01:48:16","Clear","Dry","Dark","0.5","23.2","3200","57232","25.3","20%","29.2","","Opened","7.334","5","Safe","Calm","0.0","65","18.3","10.6","999.3","1010.7"
"2026-08-11","01:48:26","Clear","Dry","Dark","0.5","23.2","3200","57232","25.3","20%","29.2","","Opened","7.370","5","Safe","Calm","0.0","65","18.3","10.6","999.3","1010.7"
"2026-08-11","01:48:36","Clear","Dry","Dark","0.4","23.1","3200","57232","25.3","20%","29.1","","Opened","7.380","5","Safe","Calm","0.0","65","18.3","10.6","999.3","1010.7"
"2026-08-11","01:48:46","Clear","Dry","Dark","0.4","23.1","3200","57232","25.3","20%","29.1","","Opened","7.669","5","Safe","Calm","0.0","65","18.3","10.6","999.2","1010.7"
"2026-08-11","01:48:56","Clear","Dry","Dark","0.5","23.1","3200","57232","25.3","20%","29.1","","Opened","7.410","5","Safe","Calm","0.0","65","18.3","10.6","999.3","1010.7"
"2026-08-11","01:49:06","Clear","Dry","Dark","0.4","23.1","3200","57232","25.3","20%","29.1","","Opened","7.391","5","Safe","Calm","0.0","65","18.3","10.5","999.2","1010.7"
"2026-08-11","01:49:16","Clear","Dry","Dark","0.4","23.1","3200","57232","25.3","20%","29.0","","Opened","7.404","5","Safe","Calm","0.0","65","18.3","10.6","999.3","1010.7"
"2026-08-11","01:49:26","Clear","Dry","Dark","0.4","23.1","3200","57232","25.3","20%","29.0","","Opened","7.404","5","Safe","Calm","0.0","65","18.3","10.6","999.3","1010.7"
"2026-08-11","01:49:36","Clear","Dry","Dark","0.4","23.1","3200","57232","25.3","20%","29.0","","Opened","7.396","5","Safe","Calm","0.0","65","18.3","10.6","999.2","1010.7"
"2026-08-11","01:49:46","Clear","Dry","Dark","0.4","23.1","3200","57232","25.3","20%","28.9","Heating UP","Opened","7.749","5","Safe","Calm","0.0","65","18.3","10.5","999.2","1010.7"
"2026-08-11","01:49:56","Clear","Dry","Dark","0.4","23.0","3200","57232","25.3","21%","28.9","Heating UP","Opened","7.514","5","Safe","Calm","0.0","65","18.3","10.5","999.3","1010.7"
"2026-08-11","01:50:06","Clear","Dry","Dark","0.3","23.0","3200","57232","25.3","22%","28.9","Heating UP","Opened","7.495","5","Safe","Calm","0.0","65","18.3","10.4","999.2","1010.7"
"2026-08-11","01:50:16","Clear","Dry","Dark","0.4","23.0","3200","57232","25.3","23%","28.9","Heating UP","Opened","7.606","5","Safe","Calm","0.0","65","18.3","10.5","999.3","1010.7"
"2026-08-11","01:50:26","Clear","Dry","Dark","0.4","23.0","3200","57232","25.3","24%","28.9","Heating UP","Opened","7.585","5","Safe","Calm","0.0","65","18.3","10.6","999.3","1010.7"
"2026-08-11","01:50:36","Clear","Dry","Dark","0.5","23.0","3200","57232","25.3","25%","29.0","","Opened","7.354","5","Safe","Calm","0.0","65","18.3","10.6","999.4","1010.9"
"2026-08-11","01:50:46","Clear","Dry","Dark","0.5","23.0","3200","57232","25.3","25%","29.0","","Opened","7.699","5","Safe","Calm","0.0","65","18.3","10.6","999.2","1010.7"
"2026-08-11","01:50:56","Clear","Dry","Dark","0.4","23.0","3200","57232","25.2","25%","29.0","","Opened","7.306","5","Safe","Calm","0.0","65","18.2","10.6","999.2","1010.7"
"2026-08-11","01:51:06","Clear","Dry","Dark","0.4","22.9","3200","57232","25.3","25%","29.0","","Opened","7.304","5","Safe","Calm","0.0","65","18.3","10.6","999.2","1010.7"
"2026-08-11","01:51:16","Clear","Dry","Dark","0.5","22.9","3200","57232","25.3","25%","29.1","","Opened","7.310","5","Safe","Calm","0.0","65","18.3","10.7","999.2","1010.7"
"2026-08-11","01:51:26","Clear","Dry","Dark","0.6","22.9","3200","57232","25.3","25%","29.1","","Opened","7.317","5","Safe","Calm","0.0","65","18.3","10.7","999.3","1010.7"
"2026-08-11","01:51:36","Clear","Dry","Dark","0.6","22.9","3200","57232","25.2","25%","29.1","","Opened","7.289","5","Safe","Calm","0.0","65","18.2","10.7","999.2","1010.7"
"2026-08-11","01:51:46","Clear","Dry","Dark","0.6","22.9","3200","57232","25.2","25%","29.1","","Opened","7.694","5","Safe","Calm","0.0","65","18.2","10.7","999.3","1010.7"
"2026-08-11","01:51:56","Clear","Dry","Dark","0.4","22.9","3200","57232","25.3","25%","29.2","","Opened","7.411","5","Safe","Calm","0.0","65","18.2","10.6","999.3","1010.8"
"2026-08-11","01:52:06","Clear","Dry","Dark","0.4","22.9","3200","57232","25.3","25%","29.2","","Opened","7.361","5","Safe","Calm","0.0","65","18.2","10.6","999.3","1010.7"
"2026-08-11","01:52:16","Clear","Dry","Dark","0.3","22.9","3200","57232","25.3","25%","29.2","","Opened","7.359","5","Safe","Calm","0.0","65","18.2","10.5","999.3","1010.7"
"2026-08-11","01:52:26","Clear","Dry","Dark","0.4","22.9","3200","57232","25.3","25%","29.2","","Opened","7.425","5","Safe","Calm","0.0","65","18.2","10.5","999.2","1010.7"
"2026-08-11","01:52:36","Clear","Dry","Dark","0.4","22.9","3200","57232","25.3","25%","29.2","","Opened","7.281","5","Safe","Calm","0.0","65","18.2","10.5","999.3","1010.7"
"2026-08-11","01:52:46","Clear","Dry","Dark","0.3","22.9","3200","57232","25.3","25%","29.2","","Opened","7.605","5","Safe","Calm","0.0","65","18.2","10.4","999.3","1010.7"
"2026-08-11","01:52:56","Clear","Dry","Dark","0.4","22.9","3200","57232","25.2","25%","29.2","","Opened","7.380","5","Safe","Calm","0.0","65","18.2","10.6","999.3","1010.8"
"2026-08-11","01:53:06","Clear","Dry","Dark","0.4","22.9","3200","57232","25.2","25%","29.2","","Opened","7.441","5","Safe","Calm","0.0","65","18.2","10.5","999.3","1010.7"
"2026-08-11","01:53:16","Clear","Dry","Dark","0.5","22.9","3200","57232","25.3","25%","29.1","","Opened","7.426","5","Safe","Calm","0.0","65","18.2","10.6","999.3","1010.7"
"2026-08-11","01:53:26","Clear","Dry","Dark","0.6","22.9","3200","57232","25.2","25%","29.1","","Opened","7.299","5","Safe","Calm","0.0","65","18.2","10.7","999.2","1010.7"
"2026-08-11","01:53:36","Clear","Dry","Dark","0.4","22.9","3200","57232","25.2","25%","29.1","","Opened","7.381","5","Safe","Calm","0.0","65","18.2","10.6","999.3","1010.7"
"2026-08-11","01:53:46","Clear","Dry","Dark","0.4","22.9","3200","57232","25.2","25%","29.2","","Opened","7.671","5","Safe","Calm","0.0","65","18.2","10.5","999.3","1010.7"
"2026-08-11","01:53:56","Clear","Dry","Dark","0.5","22.9","3200","57232","25.2","25%","29.2","","Opened","7.359","5","Safe","Calm","0.0","65","18.2","10.6","999.3","1010.7"
"2026-08-11","01:54:06","Clear","Dry","Dark","0.6","22.9","3200","57232","25.2","25%","29.2","","Opened","7.371","5","Safe","Calm","0.0","65","18.2","10.7","999.3","1010.7"
"2026-08-11","01:54:16","Clear","Dry","Dark","0.5","22.9","3200","57232","25.2","25%","29.2","","Opened","7.411","5","Safe","Calm","0.0","65","18.2","10.6","999.3","1010.7"
"2026-08-11","01:54:26","Clear","Dry","Dark","0.5","22.9","3200","57232","25.2","25%","29.4","","Opened","7.421","5","Safe","Calm","0.0","65","18.2","10.6","999.3","1010.7"
"2026-08-11","01:54:36","Clear","Dry","Dark","0.5","22.9","3200","57232","25.2","25%","29.4","","Opened","7.280","5","Safe","Calm","0.0","65","18.2","10.6","999.3","1010.8"
"2026-08-11","01:54:46","Clear","Dry","Dark","0.5","22.9","3200","57232","25.2","25%","29.5","","Opened","7.520","5","Safe","Calm","0.0","65","18.1","10.6","999.3","1010.7"
"2026-08-11","01:54:56","Clear","Dry","Dark","0.5","22.9","3200","57232","25.2","25%","29.5","","Opened","7.296","5","Safe","Calm","0.0","65","18.2","10.7","999.3","1010.8"
"2026-08-11","01:55:06","Clear","Dry","Dark","0.6","22.9","3200","57232","25.2","25%","29.5","","Opened","7.356","5","Safe","Calm","0.0","65","18.1","10.7","999.3","1010.8"
"2026-08-11","01:55:16","Clear","Dry","Dark","0.5","22.9","3200","57232","25.2","25%","29.5","","Opened","7.380","5","Safe","Calm","0.0","65","18.1","10.6","999.3","1010.7"
"2026-08-11","01:55:26","Clear","Dry","Dark","0.6","22.9","3200","57232","25.2","25%","29.5","","Opened","7.385","5","Safe","Calm","0.0","65","18.1","10.7","999.4","1010.9"
"2026-08-11","01:55:36","Clear","Dry","Dark","0.4","22.9","3200","57232","25.2","25%","29.5","","Opened","7.307","5","Safe","Calm","0.0","65","18.1","10.5","999.4","1010.9"
"2026-08-11","01:55:46","Clear","Dry","Dark","0.4","22.9","3200","57232","25.2","25%","29.5","","Opened","7.584","5","Safe","Calm","0.0","65","18.1","10.5","999.4","1010.9"
"2026-08-11","01:55:56","Clear","Dry","Dark","0.4","22.9","3200","57232","25.2","25%","29.5","","Opened","7.370","5","Safe","Calm","0.0","65","18.1","10.5","999.3","1010.8"
"2026-08-11","01:56:06","Clear","Dry","Dark","0.5","22.9","3200","57232","25.2","25%","29.5","","Opened","7.396","5","Safe","Calm","0.0","65","18.1","10.7","999.3","1010.8"
"2026-08-11","01:56:16","Clear","Dry","Dark","0.5","22.9","3200","57232","25.2","25%","29.5","","Opened","7.279","5","Safe","Calm","0.0","65","18.1","10.6","999.3","1010.8"
"2026-08-11","01:56:26","Clear","Dry","Dark","0.5","22.9","3200","57232","25.2","25%","29.6","Heating DOWN","Opened","7.555","5","Safe","Calm","0.0","65","18.1","10.6","999.4","1010.9"
"2026-08-11","01:56:36","Clear","Dry","Dark","0.5","22.9","3200","57232","25.2","24%","29.6","Heating DOWN","Opened","7.466","5","Safe","Calm","0.0","65","18.1","10.6","999.4","1010.9"
"2026-08-11","01:56:47","Clear","Dry","Dark","0.5","22.9","3200","57232","25.2","23%","29.6","Heating DOWN","Opened","7.781","5","Safe","Calm","0.0","65","18.1","10.6","999.4","1010.9"
"2026-08-11","01:56:56","Clear","Dry","Dark","0.4","22.9","3200","57232","25.2","22%","29.6","Heating DOWN","Opened","7.434","5","Safe","Calm","0.0","65","18.1","10.5","999.3","1010.8"
"2026-08-11","01:57:06","Clear","Dry","Dark","0.4","22.9","3200","57232","25.2","21%","29.6","Heating DOWN","Opened","7.470","5","Safe","Calm","0.0","65","18.1","10.5","999.3","1010.8"
"2026-08-11","01:57:16","Clear","Dry","Dark","0.4","22.9","3200","57232","25.2","20%","29.6","Heating DOWN","Opened","7.571","5","Safe","Calm","0.0","65","18.1","10.5","999.3","1010.8"
"2026-08-11","01:57:26","Clear","Dry","Dark","0.5","22.9","3200","57232","25.2","19%","29.5","","Opened","7.370","5","Safe","Calm","0.0","65","18.1","10.6","999.3","1010.7"
"2026-08-11","01:57:36","Clear","Dry","Dark","0.5","22.9","3200","57232","25.2","19%","29.5","","Opened","7.365","5","Safe","Calm","0.0","65","18.1","10.6","999.3","1010.8"
"2026-08-11","01:57:46","Clear","Dry","Dark","0.5","22.9","3200","57232","25.2","19%","29.5","","Opened","7.624","5","Safe","Calm","0.0","65","18.1","10.6","999.4","1010.9"
"2026-08-11","01:57:56","Clear","Dry","Dark","0.5","22.9","3200","57232","25.2","19%","29.4","","Opened","7.360","5","Safe","Calm","0.0","65","18.1","10.6","999.3","1010.7"
"2026-08-11","01:58:06","Clear","Dry","Dark","0.5","22.9","3200","57232","25.2","19%","29.4","","Opened","7.369","5","Safe","Calm","0.0","65","18.1","10.6","999.3","1010.8"
"2026-08-11","01:58:16","Clear","Dry","Dark","0.5","22.9","3200","57232","25.2","19%","29.2","","Opened","7.415","5","Safe","Calm","0.0","65","18.1","10.6","999.3","1010.8"
"2026-08-11","01:58:26","Clear","Dry","Dark","0.5","22.8","3200","57232","25.2","19%","29.2","","Opened","7.367","5","Safe","Calm","0.0","65","18.1","10.6","999.3","1010.8"
"2026-08-11","01:58:36","Clear","Dry","Dark","0.5","22.9","3200","57232","25.2","19%","29.1","","Opened","7.409","5","Safe","Calm","0.0","65","18.1","10.6","999.4","1010.9"
"2026-08-11","01:58:46","Clear","Dry","Dark","0.5","22.8","3200","57232","25.2","19%","29.1","","Opened","7.555","5","Safe","Calm","0.0","65","18.1","10.6","999.3","1010.8"
"2026-08-11","01:58:56","Clear","Dry","Dark","0.5","22.9","3200","57232","25.2","19%","29.1","","Opened","7.427","5","Safe","Calm","0.0","65","18.1","10.6","999.3","1010.8"
"2026-08-11","01:59:06","Clear","Dry","Dark","0.5","22.8","3200","57232","25.2","19%","29.1","","Opened","7.315","5","Safe","Calm","0.0","65","18.1","10.6","999.3","1010.8"
"2026-08-11","01:59:16","Clear","Dry","Dark","0.5","22.8","3200","57232","25.2","19%","29.0","","Opened","7.305","5","Safe","Calm","0.0","65","18.1","10.6","999.3","1010.7"
"2026-08-11","01:59:26","Clear","Dry","Dark","0.6","22.8","3200","57232","25.2","19%","29.0","","Opened","7.421","5","Safe","Calm","0.0","65","18.1","10.7","999.3","1010.8"
"2026-08-11","01:59:36","Clear","Dry","Dark","0.5","22.8","3200","57232","25.2","19%","29.0","","Opened","7.311","5","Safe","Calm","0.0","65","18.1","10.6","999.3","1010.8"
"2026-08-11","01:59:46","Clear","Dry","Dark","0.5","22.8","3200","57232","25.2","19%","29.0","","Opened","7.575","5","Safe","Calm","0.0","65","18.1","10.6","999.3","1010.8"
"2026-08-11","01:59:56","Clear","Dry","Dark","0.6","22.8","3200","57232","25.2","19%","28.9","","Opened","7.420","5","Safe","Calm","0.0","65","18.1","10.7","999.3","1010.8"
"2026-08-11","02:00:06","Clear","Dry","Dark","0.6","22.8","3200","57232","25.2","19%","28.9","","Opened","7.274","5","Safe","Calm","0.0","65","18.1","10.7","999.4","1010.9"
"2026-08-11","02:00:16","Clear","Dry","Dark","0.5","22.8","3200","57232","25.2","19%","28.9","","Opened","7.280","5","Safe","Calm","0.0","65","18.1","10.6","999.4","1010.9"
"2026-08-11","02:00:26","Clear","Dry","Dark","0.4","22.8","3200","57232","25.2","19%","28.9","","Opened","7.455","5","Safe","Calm","0.0","65","18.1","10.5","999.4","1010.9"
"2026-08-11","02:00:36","Clear","Dry","Dark","0.4","22.8","3200","57232","25.2","19%","28.9","","Opened","7.315","5","Safe","Calm","0.0","65","18.1","10.5","999.3","1010.8"
"2026-08-11","02:00:46","Clear","Dry","Dark","0.4","22.8","3200","57232","25.2","19%","28.8","Heating UP","Opened","7.700","5","Safe","Calm","0.0","65","18.1","10.6","999.4","1010.9"
"2026-08-11","02:00:56","Clear","Dry","Dark","0.5","22.8","3200","57232","25.2","20%","28.8","Heating UP","Opened","7.489","5","Safe","Calm","0.0","65","18.1","10.6","999.4","1010.9"
"2026-08-11","02:01:06","Clear","Dry","Dark","0.5","22.8","3200","57232","25.2","21%","28.8","Heating UP","Opened","7.550","5","Safe","Calm","0.0","65","18.0","10.6","999.3","1010.8"
"2026-08-11","02:01:16","Clear","Dry","Dark","0.5","22.8","3200","57232","25.2","22%","28.8","Heating UP","Opened","7.506","5","Safe","Calm","0.0","65","18.1","10.6","999.4","1010.9"
"2026-08-11","02:01:26","Clear","Dry","Dark","0.6","22.8","3200","57232","25.2","23%","28.8","Heating UP","Opened","7.425","5","Safe","Calm","0.0","65","18.0","10.7","999.4","1010.9"
"2026-08-11","02:01:36","Clear","Dry","Dark","0.6","22.8","3200","57232","25.2","24%","28.9","","Opened","7.345","5","Safe","Calm","0.0","65","18.1","10.7","999.4","1010.9"
"2026-08-11","02:01:46","Clear","Dry","Dark","0.6","22.7","3200","57232","25.2","24%","28.9","","Opened","7.669","5","Safe","Calm","0.0","65","18.0","10.7","999.4","1010.9"
"2026-08-11","02:01:56","Clear","Dry","Dark","0.5","22.7","3200","57232","25.2","24%","28.9","","Opened","7.371","5","Safe","Calm","0.0","65","18.1","10.6","999.4","1010.9"
"2026-08-11","02:02:06","Clear","Dry","Dark","0.7","22.8","3200","57232","25.2","24%","28.9","","Opened","7.380","5","Safe","Calm","0.0","64","18.0","10.8","999.4","1010.9"
"2026-08-11","02:02:16","Clear","Dry","Dark","0.7","22.8","3200","57232","25.2","24%","29.0","","Opened","7.390","5","Safe","Calm","0.0","64","18.0","10.8","999.4","1010.9"
"2026-08-11","02:02:26","Clear","Dry","Dark","0.7","22.8","3200","57232","25.2","24%","29.0","","Opened","7.384","5","Safe","Calm","0.0","64","18.0","10.8","999.3","1010.8"
"2026-08-11","02:02:36","Clear","Dry","Dark","0.8","22.8","3200","57232","25.2","24%","29.1","","Opened","7.400","5","Safe","Calm","0.0","65","18.1","10.9","999.4","1010.9"
"2026-08-11","02:02:46","Clear","Dry","Dark","0.6","22.8","3200","57232","25.2","24%","29.1","","Opened","7.674","5","Safe","Calm","0.0","65","18.0","10.7","999.4","1010.9"
"2026-08-11","02:02:56","Clear","Dry","Dark","0.7","22.8","3200","57232","25.2","24%","29.1","","Opened","7.325","5","Safe","Calm","0.0","65","18.1","10.8","999.6","1011.1"
"2026-08-11","02:03:06","Clear","Dry","Dark","0.7","22.8","3200","57232","25.2","24%","29.1","","Opened","7.371","5","Safe","Calm","0.0","64","18.0","10.8","999.4","1010.9"
"2026-08-11","02:03:16","Clear","Dry","Dark","0.8","22.8","3200","57232","25.2","24%","29.1","","Opened","7.380","5","Safe","Calm","0.0","64","18.0","10.9","999.4","1010.9"
"2026-08-11","02:03:26","Clear","Dry","Dark","0.7","22.8","3200","57232","25.2","24%","29.1","","Opened","7.475","5","Safe","Calm","0.0","64","18.0","10.8","999.4","1010.9"
"2026-08-11","02:03:36","Clear","Dry","Dark","0.6","22.8","3200","57232","25.2","24%","29.1","","Opened","7.381","5","Safe","Calm","0.0","64","18.0","10.7","999.4","1010.9"
"2026-08-11","02:03:46","Clear","Dry","Dark","0.7","22.8","3200","57232","25.2","24%","29.2","","Opened","7.700","5","Safe","Calm","0.0","64","18.0","10.8","999.4","1010.9"
"2026-08-11","02:03:56","Clear","Dry","Dark","0.8","22.8","3200","57232","25.2","24%","29.2","","Opened","7.320","5","Safe","Calm","0.0","64","18.0","10.9","999.4","1010.9"
"2026-08-11","02:04:06","Clear","Dry","Dark","0.8","22.8","3200","57232","25.2","24%","29.2","","Opened","7.400","5","Safe","Calm","0.0","64","18.0","10.9","999.4","1010.9"
"2026-08-11","02:04:16","Clear","Dry","Dark","0.7","22.8","3200","57232","25.2","24%","29.2","","Opened","7.286","5","Safe","Calm","0.0","64","18.0","10.8","999.4","1010.9"
"2026-08-11","02:04:26","Clear","Dry","Dark","0.9","22.9","3200","57232","25.2","24%","29.4","","Opened","7.395","5","Safe","Calm","0.0","64","18.0","11.0","999.4","1010.9"
"2026-08-11","02:04:36","Clear","Dry","Dark","0.8","22.9","3200","57232","25.2","24%","29.2","","Opened","7.385","5","Safe","Calm","0.0","64","18.0","10.9","999.4","1010.9"
"2026-08-11","02:04:46","Clear","Dry","Dark","0.8","22.9","3200","57232","25.2","24%","29.2","","Opened","7.649","5","Safe","Calm","0.0","64","18.0","10.9","999.4","1010.9"
"2026-08-11","02:04:56","Clear","Dry","Dark","0.7","22.9","3200","57232","25.2","24%","29.2","","Opened","7.320","5","Safe","Calm","0.0","64","18.0","10.8","999.4","1010.9"
"2026-08-11","02:05:06","Clear","Dry","Dark","0.6","22.9","3200","57232","25.2","24%","29.2","","Opened","7.326","5","Safe","Calm","0.0","64","18.0","10.8","999.7","1011.2"
"2026-08-11","02:05:16","Clear","Dry","Dark","0.8","22.9","3200","57232","25.2","24%","29.2","","Opened","7.296","5","Safe","Calm","0.0","64","18.0","10.9","999.4","1010.9"
"2026-08-11","02:05:26","Clear","Dry","Dark","0.7","22.9","3200","57232","25.2","24%","29.1","","Opened","7.294","5","Safe","Calm","0.0","64","18.0","10.8","999.4","1010.9"
"2026-08-11","02:05:36","Clear","Dry","Dark","0.7","22.9","3200","57232","25.2","24%","29.1","","Opened","7.284","5","Safe","Calm","0.0","64","18.0","10.8","999.4","1010.9"
"2026-08-11","02:05:47","Clear","Dry","Dark","0.8","22.9","3200","57232","25.2","24%","29.0","","Opened","7.720","5","Safe","Calm","0.0","64","18.0","10.9","999.4","1010.9"
"2026-08-11","02:05:56","Clear","Dry","Dark","1.1","22.9","3200","57232","25.2","24%","29.0","","Opened","7.311","5","Safe","Calm","0.0","64","18.0","11.2","999.4","1010.9"
"2026-08-11","02:06:06","Clear","Dry","Dark","1.1","23.0","3200","57232","25.2","24%","29.0","","Opened","7.320","5","Safe","Calm","0.0","64","18.0","11.2","999.4","1010.9"
"2026-08-11","02:06:16","Clear","Dry","Dark","0.9","23.0","3200","57232","25.2","24%","29.0","","Opened","7.326","5","Safe","Calm","0.0","64","18.0","11.0","999.4","1010.9"
"2026-08-11","02:06:26","Clear","Dry","Dark","0.8","23.0","3200","57232","25.2","24%","29.1","","Opened","7.315","5","Safe","Calm","0.0","64","18.0","10.9","999.4","1010.9"
"2026-08-11","02:06:36","Clear","Dry","Dark","0.9","23.0","3200","57232","25.2","24%","29.1","","Opened","7.389","5","Safe","Calm","0.0","64","18.0","11.0","999.4","1010.9"
"2026-08-11","02:06:46","Clear","Dry","Dark","0.7","23.0","3200","57232","25.2","24%","29.2","","Opened","7.660","5","Safe","Calm","0.0","64","18.0","10.8","999.4","1010.9"
"2026-08-11","02:06:56","Clear","Dry","Dark","0.9","23.0","3200","57232","25.2","24%","29.2","","Opened","7.325","5","Safe","Calm","0.0","64","18.0","11.0","999.4","1010.9"
"2026-08-11","02:07:06","Clear","Dry","Dark","0.8","23.0","3200","57232","25.2","24%","29.2","","Opened","7.319","5","Safe","Calm","0.0","64","18.0","10.9","999.4","1010.9"
"2026-08-11","02:07:16","Clear","Dry","Dark","0.7","23.0","3200","57232","25.2","24%","29.4","","Opened","7.380","5","Safe","Calm","0.0","64","18.0","10.8","999.5","1011.0"
"2026-08-11","02:07:26","Clear","Dry","Dark","0.9","23.0","3200","57232","25.2","24%","29.4","","Opened","7.396","5","Safe","Calm","0.0","64","18.0","11.0","999.4","1010.9"
"2026-08-11","02:07:36","Clear","Dry","Dark","0.8","23.0","3200","57232","25.2","24%","29.4","","Opened","7.430","5","Safe","Calm","0.0","64","18.0","10.9","999.4","1010.9"
"2026-08-11","02:07:47","Clear","Dry","Dark","0.8","23.0","3200","57232","25.2","24%","29.5","","Opened","7.725","5","Safe","Calm","0.0","64","18.0","10.9","999.4","1010.9"
"2026-08-11","02:07:56","Clear","Dry","Dark","0.7","23.0","3200","57232","25.2","24%","29.5","","Opened","7.430","5","Safe","Calm","0.0","64","18.0","10.9","999.5","1011.0"
"2026-08-11","02:08:06","Clear","Dry","Dark","0.8","23.0","3200","57232","25.2","24%","29.5","","Opened","7.321","5","Safe","Calm","0.0","64","18.0","11.0","999.4","1010.9"
"2026-08-11","02:08:16","Clear","Dry","Dark","0.7","23.0","3200","57232","25.2","24%","29.5","","Opened","7.326","5","Safe","Calm","0.0","64","18.0","10.8","999.4","1010.9"
"2026-08-11","02:08:26","Clear","Dry","Dark","0.7","23.0","3200","57232","25.2","24%","29.5","","Opened","7.305","5","Safe","Calm","0.0","64","18.0","10.8","999.4","1010.9"
"2026-08-11","02:08:36","Clear","Dry","Dark","0.8","23.0","3200","57232","25.3","24%","29.5","","Opened","7.426","5","Safe","Calm","0.0","64","18.0","11.0","999.5","1011.0"
"2026-08-11","02:08:46","Clear","Dry","Dark","0.8","23.0","3200","57232","25.3","24%","29.5","","Opened","7.595","5","Safe","Calm","0.0","64","18.0","10.9","999.4","1010.9"
"2026-08-11","02:08:56","Clear","Dry","Dark","0.9","23.0","3200","57232","25.3","24%","29.5","","Opened","7.389","5","Safe","Calm","0.0","64","18.0","11.1","999.4","1010.9"
"2026-08-11","02:09:06","Clear","Dry","Dark","0.9","23.1","3200","57232","25.3","24%","29.5","","Opened","7.406","5","Safe","Calm","0.0","64","18.0","11.0","999.4","1010.9"
"2026-08-11","02:09:16","Clear","Dry","Dark","1.0","23.1","3200","57232","25.3","24%","29.5","","Opened","7.365","5","Safe","Calm","0.0","64","18.0","11.1","999.4","1010.9"
"2026-08-11","02:09:26","Clear","Dry","Dark","1.1","23.1","3200","57232","25.3","24%","29.4","","Opened","7.379","5","Safe","Calm","0.0","64","17.9","11.2","999.4","1010.9"
"2026-08-11","02:09:36","Clear","Dry","Dark","0.9","23.1","3200","57232","25.3","24%","29.2","","Opened","7.385","5","Safe","Calm","0.0","64","17.9","11.1","999.4","1010.9"
"2026-08-11","02:09:46","Clear","Dry","Dark","0.9","23.1","3200","57232","25.3","24%","29.2","","Opened","7.681","5","Safe","Calm","0.0","64","17.9","11.1","999.4","1010.9"
"2026-08-11","02:09:56","Clear","Dry","Dark","1.0","23.2","3200","57232","25.3","24%","29.1","","Opened","7.300","5","Safe","Calm","0.0","64","17.9","11.1","999.4","1010.9"
"2026-08-11","02:10:06","Clear","Dry","Dark","0.8","23.2","3200","57232","25.3","24%","29.1","","Opened","7.385","5","Safe","Calm","0.0","64","17.9","11.0","999.4","1010.9"
"2026-08-11","02:10:16","Clear","Dry","Dark","0.8","23.2","3200","57232","25.3","24%","29.1","","Opened","7.445","5","Safe","Calm","0.0","63","17.9","10.9","999.5","1011.0"
"2026-08-11","02:10:26","Clear","Dry","Dark","0.7","23.2","3200","57232","25.3","24%","29.1","","Opened","7.356","5","Safe","Calm","0.0","63","17.9","10.9","999.4","1010.9"
"2026-08-11","02:10:36","Clear","Dry","Dark","0.6","23.2","3200","57232","25.3","24%","29.2","","Opened","7.416","5","Safe","Calm","0.0","63","17.9","10.8","999.4","1010.9"
"2026-08-11","02:10:46","Clear","Dry","Dark","0.9","23.2","3200","57232","25.3","24%","29.2","","Opened","7.614","5","Safe","Calm","0.0","63","17.9","11.1","999.4","1010.9"
"2026-08-11","02:10:56","Clear","Dry","Dark","0.7","23.2","3200","57232","25.3","24%","29.2","","Opened","7.395","5","Safe","Calm","0.0","63","17.8","10.8","999.4","1010.9"
"2026-08-11","02:11:06","Clear","Dry","Dark","0.7","23.1","3200","57232","25.3","24%","29.4","","Opened","7.430","5","Safe","Calm","0.0","63","17.8","10.9","999.4","1010.9"
"2026-08-11","02:11:16","Clear","Dry","Dark","0.7","23.2","3200","57232","25.3","24%","29.4","","Opened","7.324","5","Safe","Calm","0.0","63","17.9","10.9","999.4","1010.9"
"2026-08-11","02:11:26","Clear","Dry","Dark","0.8","23.1","3200","57232","25.3","24%","29.4","","Opened","7.330","5","Safe","Calm","0.0","63","17.9","10.9","999.4","1010.9"
"2026-08-11","02:11:36","Clear","Dry","Dark","0.8","23.1","3200","57232","25.3","24%","29.4","","Opened","7.341","5","Safe","Calm","0.0","63","17.9","11.0","999.4","1010.9"
"2026-08-11","02:11:46","Clear","Dry","Dark","0.9","23.2","3200","57232","25.3","24%","29.4","","Opened","7.669","5","Safe","Calm","0.0","63","17.8","11.1","999.4","1010.9"
"2026-08-11","02:11:56","Clear","Dry","Dark","0.8","23.1","3200","57232","25.3","24%","29.4","","Opened","7.429","5","Safe","Calm","0.0","63","17.8","10.9","999.4","1010.9"
"2026-08-11","02:12:06","Clear","Dry","Dark","1.2","23.2","3200","57232","25.3","24%","29.2","","Opened","7.306","5","Safe","Calm","0.0","63","17.8","11.3","999.5","1011.0"
"2026-08-11","02:12:16","Clear","Dry","Dark","0.9","23.2","3200","57232","25.3","24%","29.2","","Opened","7.375","5","Safe","Calm","0.0","63","17.8","11.1","999.4","1010.9"
"2026-08-11","02:12:26","Clear","Dry","Dark","1.0","23.3","3200","57232","25.3","24%","29.2","","Opened","7.419","5","Safe","Calm","0.0","63","17.7","11.2","999.4","1010.9"
"2026-08-11","02:12:36","Clear","Dry","Dark","1.0","23.3","3200","57232","25.3","24%","29.1","","Opened","7.390","5","Safe","Calm","0.0","63","17.7","11.2","999.4","1010.9"
"2026-08-11","02:12:46","Clear","Dry","Dark","0.9","23.2","3200","57232","25.3","24%","29.1","","Opened","7.621","5","Safe","Calm","0.0","63","17.6","11.1","999.5","1011.0"
"2026-08-11","02:12:56","Clear","Dry","Dark","0.9","23.3","3200","57232","25.3","24%","29.1","","Opened","7.325","5","Safe","Calm","0.0","63","17.6","11.1","999.4","1010.9"
"2026-08-11","02:13:06","Clear","Dry","Dark","0.9","23.3","3200","57232","25.3","24%","29.1","","Opened","7.319","5","Safe","Calm","0.0","63","17.6","11.1","999.4","1010.9"
"2026-08-11","02:13:16","Clear","Dry","Dark","1.0","23.3","3200","57232","25.3","24%","29.0","","Opened","7.360","5","Safe","Calm","0.0","62","17.6","11.2","999.4","1010.9"
"2026-08-11","02:13:26","Clear","Dry","Dark","1.0","23.3","3200","57232","25.3","24%","29.0","","Opened","7.361","5","Safe","Calm","0.0","62","17.5","11.2","999.5","1011.0"
"2026-08-11","02:13:36","Clear","Wet","Dark","0.9","23.3","3199","57232","25.3","24%","28.9","Heating UP","Opened","7.544","5","Safe","Calm","0.0","62","17.4","11.1","999.5","1011.0"
"2026-08-11","02:13:46","Clear","Dry","Dark","0.9","23.3","3200","57232","25.3","25%","29.0","","Opened","7.675","5","Safe","Calm","0.0","62","17.4","11.1","999.4","1010.9"
"2026-08-11","02:13:56","Clear","Dry","Dark","0.8","23.3","3200","57232","25.3","25%","29.0","","Opened","7.317","5","Safe","Calm","0.0","62","17.4","10.9","999.4","1010.9"
"2026-08-11","02:14:06","Clear","Dry","Dark","0.8","23.3","3200","57232","25.3","25%","29.1","","Opened","7.299","5","Safe","Calm","0.0","62","17.4","10.9","999.4","1010.9"
"2026-08-11","02:14:16","Clear","Dry","Dark","0.8","23.3","3200","57232","25.3","25%","29.1","","Opened","7.345","5","Safe","Calm","0.0","62","17.4","10.9","999.4","1010.9"
"2026-08-11","02:14:26","Clear","Dry","Dark","0.9","23.3","3200","57232","25.3","25%","29.2","","Opened","7.337","5","Safe","Calm","0.0","62","17.4","11.1","999.5","1011.0"
"2026-08-11","02:14:36","Clear","Dry","Dark","0.9","23.3","3200","57232","25.3","25%","29.2","","Opened","7.350","5","Safe","Calm","0.0","62","17.4","11.0","999.4","1010.9"
"2026-08-11","02:14:46","Clear","Dry","Dark","1.1","23.3","3200","57232","25.3","25%","29.2","","Opened","7.698","5","Safe","Calm","0.0","62","17.4","11.3","999.4","1010.9"
"2026-08-11","02:14:56","Clear","Dry","Dark","0.9","23.3","3200","57232","25.3","25%","29.2","","Opened","7.401","5","Safe","Calm","0.0","62","17.4","11.1","999.4","1010.9"
"2026-08-11","02:15:06","Clear","Dry","Dark","1.0","23.3","3200","57232","25.3","25%","29.2","","Opened","7.416","5","Safe","Calm","0.0","62","17.4","11.1","999.4","1010.9"
"2026-08-11","02:15:16","Clear","Dry","Dark","0.8","23.3","3200","57232","25.3","25%","29.4","","Opened","7.305","5","Safe","Calm","0.0","62","17.4","10.9","999.5","1011.0"
"2026-08-11","02:15:26","Clear","Dry","Dark","0.9","23.3","3200","57232","25.3","25%","29.4","","Opened","7.346","5","Safe","Calm","0.0","62","17.4","11.0","999.4","1010.9"
"2026-08-11","02:15:36","Clear","Dry","Dark","1.1","23.3","3200","57232","25.3","25%","29.4","","Opened","7.330","5","Safe","Calm","0.0","62","17.4","11.2","999.4","1010.9"
"2026-08-11","02:15:47","Clear","Dry","Dark","0.9","23.3","3200","57232","25.2","25%","29.4","","Opened","7.900","5","Safe","Calm","0.0","62","17.4","11.1","999.5","1011.0"
"2026-08-11","02:15:56","Clear","Dry","Dark","1.0","23.3","3200","57232","25.2","25%","29.4","","Opened","7.305","5","Safe","Calm","0.0","62","17.4","11.1","999.4","1010.9"
"2026-08-11","02:16:06","Clear","Dry","Dark","1.2","23.3","3200","57232","25.3","25%","29.4","","Opened","7.410","5","Safe","Calm","0.0","62","17.4","11.4","999.4","1010.9"
"2026-08-11","02:16:16","Clear","Dry","Dark","1.4","23.3","3200","57232","25.2","25%","29.2","","Opened","7.306","5","Safe","Calm","0.0","61","17.3","11.5","999.5","1011.0"
"2026-08-11","02:16:26","Clear","Dry","Dark","1.4","23.4","3200","57232","25.3","25%","29.1","","Opened","7.325","5","Safe","Calm","0.0","61","17.3","11.5","999.5","1011.0"
"2026-08-11","02:16:36","Clear","Dry","Dark","1.3","23.4","3200","57232","25.2","25%","29.1","","Opened","7.365","5","Safe","Calm","0.0","61","17.3","11.4","999.4","1010.9"
"2026-08-11","02:16:47","Clear","Dry","Dark","1.4","23.5","3200","57232","25.2","25%","29.0","","Opened","7.724","5","Safe","Calm","0.0","61","17.2","11.6","999.4","1010.9"
"2026-08-11","02:16:56","Clear","Wet","Dark","1.6","23.5","3199","57232","25.2","25%","29.0","","Opened","7.297","5","Safe","Calm","0.0","61","17.2","11.7","999.4","1010.9"
"2026-08-11","02:17:06","Clear","Dry","Dark","1.5","23.6","3200","57232","25.3","25%","29.0","","Opened","7.304","5","Safe","Calm","0.0","61","17.2","11.7","999.4","1010.9"
"2026-08-11","02:17:16","Clear","Dry","Dark","1.6","23.6","3200","57232","25.2","25%","28.9","","Opened","7.345","5","Safe","Calm","0.0","61","17.2","11.8","999.4","1010.9"
"2026-08-11","02:17:26","Clear","Dry","Dark","1.4","23.7","3200","57232","25.3","25%","28.9","Heating UP","Opened","7.466","5","Safe","Calm","0.0","61","17.2","11.6","999.5","1011.0"
"2026-08-11","02:17:36","Clear","Dry","Dark","1.2","23.7","3200","57232","25.3","26%","28.9","Heating UP","Opened","7.515","5","Safe","Calm","0.0","61","17.2","11.4","999.4","1010.9"
"2026-08-11","02:17:47","Clear","Dry","Dark","1.3","23.7","3200","57232","25.3","27%","29.0","","Opened","7.784","5","Safe","Calm","0.0","61","17.2","11.4","999.4","1010.9"
"2026-08-11","02:17:56","Clear","Dry","Dark","1.2","23.7","3200","57232","25.3","27%","29.0","","Opened","7.370","5","Safe","Calm","0.0","61","17.3","11.4","999.5","1011.0"
"2026-08-11","02:18:06","Clear","Dry","Dark","1.2","23.7","3200","57232","25.3","27%","29.1","","Opened","7.366","5","Safe","Calm","0.0","61","17.3","11.3","999.4","1010.9"
"2026-08-11","02:18:16","Clear","Dry","Dark","1.5","23.7","3200","57232","25.3","27%","29.1","","Opened","7.354","5","Safe","Calm","0.0","61","17.3","11.6","999.4","1010.9"
"2026-08-11","02:18:26","Clear","Dry","Dark","1.9","23.8","3200","57232","25.3","27%","29.0","","Opened","7.440","5","Safe","Calm","0.0","61","17.2","12.1","999.4","1010.9"
"2026-08-11","02:18:36","Clear","Dry","Dark","1.7","23.8","3200","57232","25.3","27%","29.0","","Opened","7.331","5","Safe","Calm","0.0","61","17.2","11.8","999.4","1010.9"
"2026-08-11","02:18:47","Clear","Dry","Dark","1.6","23.9","3200","57232","25.3","27%","29.0","","Opened","7.870","5","Safe","Calm","0.0","61","17.2","11.7","999.4","1010.9"
"2026-08-11","02:18:56","Clear","Dry","Dark","1.6","24.0","3200","57232","25.4","27%","29.0","Heating UP","Opened","7.395","5","Safe","Calm","0.6","61","17.2","11.8","999.4","1010.9"
"2026-08-11","02:19:06","Clear","Dry","Dark","1.6","24.0","3200","57232","25.3","28%","29.0","Heating UP","Opened","7.486","5","Safe","Calm","0.6","60","17.2","11.7","999.4","1010.9"
"2026-08-11","02:19:16","Clear","Dry","Dark","1.5","24.0","3200","57232","25.3","29%","29.1","","Opened","7.427","5","Safe","Calm","0.6","61","17.2","11.7","999.4","1010.9"
"2026-08-11","02:19:26","Clear","Dry","Dark","1.3","24.0","3200","57232","25.4","29%","29.2","","Opened","7.339","5","Safe","Calm","0.6","61","17.2","11.5","999.4","1010.9"
"2026-08-11","02:19:36","Clear","Dry","Dark","1.3","24.0","3200","57232","25.4","29%","29.4","","Opened","7.360","5","Safe","Calm","0.6","61","17.2","11.4","999.4","1010.9"
"2026-08-11","02:19:47","Clear","Dry","Dark","1.4","24.0","3200","57232","25.4","29%","29.5","","Opened","7.741","5","Safe","Calm","1.3","61","17.3","11.7","999.4","1010.9"
"2026-08-11","02:19:56","Clear","Dry","Dark","1.6","24.0","3200","57232","25.4","29%","29.4","","Opened","7.415","5","Safe","Calm","0.6","60","17.2","11.9","999.4","1010.9"
"2026-08-11","02:20:06","Clear","Dry","Dark","1.5","24.0","3200","57232","25.4","29%","29.4","","Opened","7.430","5","Safe","Calm","0.6","60","17.2","11.7","999.4","1010.9"
"2026-08-11","02:20:16","Clear","Dry","Dark","1.2","24.0","3328","57232","25.5","29%","29.5","","Opened","7.360","5","Safe","Calm","0.6","60","17.2","11.5","999.4","1010.9"
"2026-08-11","02:20:26","Clear","Dry","Dark","1.5","24.1","3200","57232","25.4","29%","29.5","","Opened","7.330","5","Safe","Calm","0.6","60","17.2","11.7","999.4","1010.9"
"2026-08-11","02:20:36","Clear","Dry","Dark","1.2","24.1","3200","57232","25.5","29%","29.5","","Opened","7.344","5","Safe","Calm","0.6","60","17.2","11.4","999.4","1010.9"
"2026-08-11","02:20:46","Clear","Dry","Dark","1.5","24.1","3200","57232","25.5","29%","29.5","","Opened","7.715","5","Safe","Calm","0.0","60","17.2","11.8","999.4","1010.9"
"2026-08-11","02:20:56","Clear","Wet","Dark","1.4","24.1","3200","57232","25.5","29%","29.5","","Opened","7.441","5","Safe","Calm","0.0","60","17.2","11.7","999.4","1010.9"
"2026-08-11","02:21:06","Clear","Wet","Dark","1.4","24.1","3200","57232","25.5","29%","29.5","","Opened","7.364","5","Safe","Calm","0.0","60","17.1","11.6","999.4","1010.9"
"2026-08-11","02:21:16","Clear","Wet","Dark","1.4","24.2","3200","57232","25.5","29%","29.5","","Opened","7.365","5","Safe","Calm","0.0","60","17.1","11.6","999.4","1010.9"
"2026-08-11","02:21:26","Clear","Dry","Dark","1.4","24.2","3328","57232","25.5","29%","29.5","","Opened","7.466","5","Safe","Calm","0.0","60","17.1","11.7","999.5","1011.0"
"2026-08-11","02:21:36","Clear","Dry","Dark","1.3","24.2","3200","57232","25.5","29%","29.5","","Opened","7.345","5","Safe","Calm","0.0","60","17.2","11.6","999.4","1010.9"
"2026-08-11","02:21:46","Clear","Dry","Dark","1.4","24.2","3328","57232","25.5","29%","29.6","","Opened","7.605","5","Safe","Calm","0.0","60","17.2","11.6","999.4","1010.9"
"2026-08-11","02:21:56","Clear","Dry","Dark","1.1","24.2","3200","57232","25.5","29%","29.6","","Opened","7.355","5","Safe","Calm","0.0","60","17.2","11.4","999.4","1010.9"
"2026-08-11","02:22:06","Clear","Dry","Dark","1.4","24.2","3328","57232","25.5","29%","29.7","","Opened","7.366","5","Safe","Calm","0.0","60","17.2","11.7","999.4","1010.9"
"2026-08-11","02:22:16","Clear","Dry","Dark","1.2","24.2","3200","57232","25.6","29%","29.8","","Opened","7.390","5","Safe","Calm","0.0","60","17.3","11.5","999.4","1010.9"
"2026-08-11","02:22:26","Clear","Dry","Dark","1.2","24.2","3200","57232","25.5","29%","29.8","","Opened","7.395","5","Safe","Calm","0.0","60","17.3","11.5","999.5","1011.0"
"2026-08-11","02:22:36","Clear","Dry","Dark","1.4","24.2","3200","57232","25.5","29%","29.8","","Opened","7.419","5","Safe","Calm","0.0","60","17.3","11.7","999.5","1011.0"
"2026-08-11","02:22:46","Clear","Dry","Dark","1.2","24.2","3328","57232","25.6","29%","29.9","Heating DOWN","Opened","7.620","5","Safe","Calm","0.0","60","17.2","11.5","999.4","1010.9"
"2026-08-11","02:22:56","Clear","Dry","Dark","1.4","24.2","3200","57232","25.6","28%","29.9","Heating DOWN","Opened","7.480","5","Safe","Calm","0.0","60","17.2","11.7","999.4","1010.9"
"2026-08-11","02:23:06","Clear","Dry","Dark","1.2","24.2","3200","57232","25.5","27%","29.9","Heating DOWN","Opened","7.514","5","Safe","Calm","0.0","60","17.2","11.5","999.4","1010.9"
"2026-08-11","02:23:16","Clear","Dry","Dark","1.1","24.2","3200","57232","25.6","26%","30.0","Heating DOWN","Opened","7.481","5","Safe","Calm","0.0","60","17.2","11.4","999.4","1010.9"
"2026-08-11","02:23:26","Clear","Dry","Dark","1.7","24.2","3328","57232","25.6","25%","29.9","","Opened","7.424","5","Safe","Calm","0.0","60","17.2","12.0","999.4","1010.9"
"2026-08-11","02:23:36","Clear","Dry","Dark","1.4","24.2","3328","57232","25.6","25%","29.9","Heating DOWN","Opened","7.480","5","Safe","Calm","0.0","60","17.2","11.7","999.4","1010.9"
"2026-08-11","02:23:47","Clear","Dry","Dark","1.4","24.2","3200","57232","25.6","24%","29.9","","Opened","7.791","5","Safe","Calm","0.0","60","17.2","11.7","999.4","1010.9"
"2026-08-11","02:23:56","Clear","Dry","Dark","1.9","24.3","3200","57232","25.6","24%","29.8","","Opened","7.330","5","Safe","Calm","0.0","60","17.2","12.2","999.3","1010.8"
"2026-08-11","02:24:06","Clear","Dry","Dark","1.7","24.3","3200","57232","25.6","24%","29.8","","Opened","7.401","5","Safe","Calm","0.0","59","17.1","12.0","999.4","1010.9"
"2026-08-11","02:24:16","Clear","Dry","Dark","1.6","24.4","3200","57232","25.6","24%","29.8","","Opened","7.450","5","Safe","Calm","0.0","59","17.1","11.9","999.4","1010.9"
"2026-08-11","02:24:26","Clear","Dry","Dark","1.3","24.4","3200","57232","25.6","24%","29.8","","Opened","7.411","5","Safe","Calm","0.0","59","17.1","11.6","999.4","1010.9"
"2026-08-11","02:24:36","Clear","Dry","Dark","1.4","24.4","3200","57232","25.6","24%","29.9","","Opened","7.331","5","Safe","Calm","0.0","59","17.1","11.8","999.4","1010.9"
"2026-08-11","02:24:47","Clear","Dry","Dark","1.4","24.4","3200","57232","25.7","24%","29.9","","Opened","7.775","5","Safe","Calm","0.0","59","17.2","11.7","999.4","1010.9"
"2026-08-11","02:24:56","Clear","Dry","Dark","1.3","24.3","3200","57232","25.7","24%","29.9","","Opened","7.449","5","Safe","Calm","0.0","59","17.2","11.7","999.4","1010.9"
"2026-08-11","02:25:06","Clear","Dry","Dark","1.3","24.4","3200","57232","25.7","24%","29.9","","Opened","7.430","5","Safe","Calm","0.0","59","17.2","11.7","999.4","1010.9"
"2026-08-11","02:25:16","Clear","Dry","Dark","1.4","24.4","3200","57232","25.7","24%","29.9","","Opened","7.340","5","Safe","Calm","0.0","59","17.2","11.8","999.4","1010.9"
"2026-08-11","02:25:26","Clear","Dry","Dark","1.3","24.4","3200","57232","25.7","24%","29.9","","Opened","7.330","5","Safe","Calm","0.0","59","17.2","11.6","999.4","1010.9"
"2026-08-11","02:25:36","Clear","Dry","Dark","1.6","24.4","3200","57232","25.7","24%","29.9","","Opened","7.421","5","Safe","Calm","0.0","59","17.2","11.9","999.5","1011.0"
"2026-08-11","02:25:47","Clear","Dry","Dark","1.5","24.4","3200","57232","25.7","24%","29.8","","Opened","7.759","5","Safe","Calm","0.0","59","17.1","11.9","999.4","1010.9"
"2026-08-11","02:25:56","Clear","Dry","Dark","1.5","24.4","3200","57232","25.7","24%","29.8","","Opened","7.320","5","Safe","Calm","0.0","59","17.0","11.8","999.4","1010.9"
"2026-08-11","02:26:06","Clear","Dry","Dark","1.4","24.4","3200","57232","25.7","24%","29.7","","Opened","7.376","5","Safe","Calm","0.0","58","17.0","11.8","999.4","1010.9"
"2026-08-11","02:26:16","Clear","Dry","Dark","1.6","24.4","3200","57232","25.8","24%","29.7","","Opened","7.405","5","Safe","Calm","0.0","58","17.0","12.0","999.4","1010.9"
"2026-08-11","02:26:26","Clear","Dry","Dark","1.6","24.4","3200","57232","25.8","24%","29.7","","Opened","7.450","5","Safe","Calm","0.0","58","17.0","12.0","999.4","1010.9"
"2026-08-11","02:26:36","Clear","Dry","Dark","1.5","24.5","3200","57232","25.8","24%","29.6","","Opened","7.281","5","Safe","Calm","0.0","58","17.0","11.9","999.4","1010.9"
"2026-08-11","02:26:46","Clear","Dry","Dark","1.4","24.5","3200","57232","25.8","24%","29.6","","Opened","7.655","5","Safe","Calm","0.0","58","16.9","11.8","999.4","1010.9"
"2026-08-11","02:26:56","Clear","Dry","Dark","1.3","24.5","3200","57232","25.8","24%","29.6","","Opened","7.435","5","Safe","Calm","0.0","58","16.9","11.7","999.4","1010.9"
"2026-08-11","02:27:06","Clear","Dry","Dark","1.4","24.5","3200","57232","25.8","24%","29.6","","Opened","7.325","5","Safe","Calm","0.0","58","16.9","11.8","999.4","1010.9"
"2026-08-11","02:27:16","Clear","Dry","Dark","1.4","24.5","3200","57232","25.8","24%","29.6","","Opened","7.394","5","Safe","Calm","0.0","58","16.9","11.8","999.4","1010.9"
"2026-08-11","02:27:26","Clear","Dry","Dark","1.4","24.5","3200","57232","25.8","24%","29.6","","Opened","7.360","5","Safe","Calm","0.0","58","16.9","11.8","999.4","1010.9"
"2026-08-11","02:27:36","Clear","Dry","Dark","1.3","24.5","3200","57232","25.8","24%","29.6","","Opened","7.331","5","Safe","Calm","0.0","58","16.9","11.7","999.4","1010.9"
"2026-08-11","02:27:47","Clear","Dry","Dark","1.4","24.5","3200","57232","25.8","24%","29.5","Heating UP","Opened","7.784","5","Safe","Calm","0.0","58","16.9","11.8","999.4","1010.8"
"2026-08-11","02:27:56","Clear","Dry","Dark","1.4","24.5","3328","57232","25.8","25%","29.5","Heating UP","Opened","7.454","5","Safe","Calm","0.0","58","16.9","11.8","999.4","1010.9"
"2026-08-11","02:28:06","Clear","Dry","Dark","1.5","24.5","3200","57232","25.8","26%","29.5","Heating UP","Opened","7.464","5","Safe","Calm","0.0","58","16.9","12.0","999.4","1010.9"
"2026-08-11","02:28:16","Clear","Dry","Dark","1.5","24.5","3200","57232","25.8","27%","29.5","Heating UP","Opened","7.585","5","Safe","Calm","0.0","58","16.9","11.9","999.4","1010.9"
"2026-08-11","02:28:26","Clear","Dry","Dark","1.3","24.6","3200","57232","25.8","28%","29.5","Heating UP","Opened","7.536","5","Safe","Calm","0.0","58","16.8","11.7","999.4","1010.9"
"2026-08-11","02:28:36","Clear","Dry","Dark","1.6","24.6","3328","57232","25.8","29%","29.5","Heating UP","Opened","7.460","5","Safe","Calm","0.0","58","16.9","12.0","999.4","1010.9"
"2026-08-11","02:28:47","Clear","Dry","Dark","1.6","24.6","3200","57232","25.8","30%","29.5","Heating UP","Opened","7.828","5","Safe","Calm","0.0","58","16.9","12.1","999.3","1010.8"
"2026-08-11","02:28:56","Clear","Dry","Dark","1.2","24.6","3200","57232","25.8","31%","29.6","","Opened","7.286","5","Safe","Calm","0.0","58","16.9","11.6","999.4","1010.9"
"2026-08-11","02:29:06","Clear","Dry","Dark","1.4","24.6","3200","57232","25.8","31%","29.7","","Opened","7.419","5","Safe","Calm","0.0","58","16.9","11.8","999.4","1010.8"
"2026-08-11","02:29:16","Clear","Dry","Dark","1.4","24.6","3200","57232","25.9","31%","29.7","","Opened","7.420","5","Safe","Calm","0.0","58","16.9","11.8","999.4","1010.9"
"2026-08-11","02:29:26","Clear","Dry","Dark","1.1","24.6","3200","57232","25.8","31%","29.8","","Opened","7.450","5","Safe","Calm","0.0","58","16.9","11.6","999.4","1010.8"
"2026-08-11","02:29:36","Clear","Dry","Dark","1.3","24.5","3200","57232","25.9","31%","29.9","","Opened","7.334","5","Safe","Calm","0.0","58","17.0","11.8","999.4","1010.8"
"2026-08-11","02:29:46","Clear","Dry","Dark","1.1","24.5","3200","57232","25.9","31%","30.0","","Opened","7.640","5","Safe","Calm","0.0","58","17.0","11.6","999.4","1010.8"
"2026-08-11","02:29:56","Clear","Dry","Dark","1.3","24.5","3200","57232","25.9","31%","30.1","","Opened","7.402","5","Safe","Calm","0.0","58","17.0","11.7","999.3","1010.8"
"2026-08-11","02:30:06","Clear","Dry","Dark","1.1","24.5","3200","57232","25.9","31%","30.2","Heating DOWN","Opened","7.575","5","Safe","Calm","0.0","58","17.0","11.5","999.4","1010.8"
"2026-08-11","02:30:16","Clear","Dry","Dark","1.4","24.5","3200","57232","25.9","30%","30.2","Heating DOWN","Opened","7.539","5","Safe","Calm","0.0","58","17.0","11.8","999.4","1010.8"
"2026-08-11","02:30:26","Clear","Dry","Dark","1.2","24.5","3328","57232","25.8","29%","30.2","Heating DOWN","Opened","7.525","5","Safe","Calm","0.0","58","17.0","11.7","999.4","1010.8"
"2026-08-11","02:30:36","Clear","Dry","Dark","1.4","24.5","3200","57232","25.8","28%","30.3","Heating DOWN","Opened","7.450","5","Safe","Calm","0.0","58","17.0","11.9","999.4","1010.8"
"2026-08-11","02:30:47","Clear","Dry","Dark","1.7","24.5","3200","57232","25.9","27%","30.3","Heating DOWN","Opened","7.790","5","Safe","Calm","0.0","58","17.0","12.1","999.3","1010.8"
"2026-08-11","02:30:56","Clear","Dry","Dark","1.3","24.5","3200","57232","25.9","26%","30.3","Heating DOWN","Opened","7.480","5","Safe","Calm","0.0","58","16.9","11.8","999.4","1010.8"
"2026-08-11","02:31:06","Clear","Dry","Dark","1.4","24.5","3328","57232","25.9","25%","30.3","Heating DOWN","Opened","7.525","5","Safe","Calm","0.0","58","16.9","11.9","999.4","1010.9"
"2026-08-11","02:31:16","Clear","Dry","Dark","1.3","24.5","3200","57232","25.9","24%","30.3","Heating DOWN","Opened","7.455","5","Safe","Calm","0.0","58","16.9","11.7","999.3","1010.8"
"2026-08-11","02:31:26","Clear","Dry","Dark","1.2","24.5","3200","57232","25.9","23%","30.2","","Opened","7.409","5","Safe","Calm","0.0","58","16.9","11.6","999.4","1010.8"
"2026-08-11","02:31:36","Clear","Dry","Dark","1.3","24.5","3200","57232","25.9","23%","30.2","Heating DOWN","Opened","7.540","5","Safe","Calm","0.0","58","17.0","11.8","999.4","1010.9"
"2026-08-11","02:31:46","Clear","Dry","Dark","1.4","24.5","3200","57232","25.9","22%","30.2","","Opened","7.565","5","Safe","Calm","0.0","58","17.0","11.8","999.4","1010.8"
"2026-08-11","02:31:56","Clear","Dry","Dark","1.1","24.5","3200","57232","25.9","22%","30.2","Heating DOWN","Opened","7.444","5","Safe","Calm","0.0","58","17.0","11.6","999.4","1010.9"
"2026-08-11","02:32:06","Clear","Dry","Dark","1.4","24.5","3328","57232","25.9","21%","30.1","","Opened","7.319","5","Safe","Calm","0.0","58","17.0","11.9","999.4","1010.8"
"2026-08-11","02:32:16","Clear","Dry","Dark","1.7","24.5","3328","57232","25.9","21%","30.0","","Opened","7.321","5","Safe","Calm","0.0","58","16.9","12.1","999.4","1010.8"
"2026-08-11","02:32:26","Clear","Dry","Dark","1.4","24.5","3328","57232","25.9","21%","29.9","","Opened","7.326","5","Safe","Calm","0.0","58","16.9","11.9","999.3","1010.8"
"2026-08-11","02:32:36","Clear","Dry","Dark","1.3","24.5","3328","57232","25.9","21%","29.8","","Opened","7.339","5","Safe","Calm","0.0","58","16.9","11.8","999.4","1010.8"
"2026-08-11","02:32:46","Clear","Dry","Dark","1.4","24.5","3328","57232","25.9","21%","29.8","","Opened","7.679","5","Safe","Calm","0.0","58","16.9","11.9","999.4","1010.8"
"2026-08-11","02:32:56","Clear","Dry","Dark","1.3","24.5","3328","57232","25.9","21%","29.8","","Opened","7.316","5","Safe","Calm","0.0","58","17.0","11.8","999.3","1010.8"
"2026-08-11","02:33:06","Clear","Dry","Dark","1.3","24.5","3200","57232","25.9","21%","29.7","","Opened","7.436","5","Safe","Calm","0.0","58","17.0","11.8","999.3","1010.8"
"2026-08-11","02:33:16","Clear","Dry","Dark","1.5","24.5","3328","57232","25.9","21%","29.7","","Opened","7.290","5","Safe","Calm","0.0","58","17.0","11.9","999.4","1010.8"
"2026-08-11","02:33:26","Clear","Dry","Dark","1.3","24.5","3328","57232","25.9","21%","29.7","","Opened","7.326","5","Safe","Calm","0.0","58","16.9","11.7","999.3","1010.8"
"2026-08-11","02:33:36","Clear","Dry","Dark","1.4","24.5","3328","57232","25.9","21%","29.6","Heating UP","Opened","7.445","5","Safe","Calm","0.0","58","17.0","11.9","999.3","1010.8"
"2026-08-11","02:33:47","Clear","Dry","Dark","1.5","24.5","3200","57232","25.9","22%","29.6","Heating UP","Opened","7.694","5","Safe","Calm","0.0","58","17.0","11.9","999.3","1010.8"
"2026-08-11","02:33:56","Clear","Dry","Dark","1.3","24.5","3200","57232","25.9","23%","29.6","Heating UP","Opened","7.535","5","Safe","Calm","0.0","58","17.0","11.8","999.3","1010.7"
"2026-08-11","02:34:06","Clear","Dry","Dark","1.3","24.5","3200","57232","25.9","24%","29.6","Heating UP","Opened","7.461","5","Safe","Calm","0.0","58","17.0","11.8","999.4","1010.8"
"2026-08-11","02:34:16","Clear","Dry","Dark","1.4","24.5","3328","57232","25.9","25%","29.6","Heating UP","Opened","7.499","5","Safe","Calm","0.0","58","17.0","11.8","999.4","1010.8"
"2026-08-11","02:34:26","Clear","Dry","Dark","1.3","24.5","3200","57232","25.9","26%","29.7","","Opened","7.345","5","Safe","Calm","0.0","58","17.0","11.8","999.3","1010.8"
"2026-08-11","02:34:36","Clear","Dry","Dark","1.2","24.5","3200","57232","25.9","26%","29.7","","Opened","7.381","5","Safe","Calm","0.0","58","17.0","11.7","999.4","1010.8"
"2026-08-11","02:34:46","Clear","Dry","Dark","1.4","24.5","3200","57232","25.9","26%","29.7","","Opened","7.649","5","Safe","Calm","0.0","58","17.0","11.9","999.3","1010.8"
"2026-08-11","02:34:56","Clear","Dry","Dark","1.2","24.5","3200","57232","25.9","26%","29.8","","Opened","7.389","5","Safe","Calm","0.0","58","17.0","11.7","999.3","1010.8"
"2026-08-11","02:35:06","Clear","Dry","Dark","1.5","24.5","3200","57232","25.9","26%","29.8","","Opened","7.405","5","Safe","Calm","0.0","58","17.1","12.0","999.4","1010.8"
"2026-08-11","02:35:16","Clear","Dry","Dark","1.2","24.5","3200","57232","25.9","26%","29.8","","Opened","7.381","5","Safe","Calm","0.0","58","17.1","11.7","999.3","1010.8"
"2026-08-11","02:35:26","Clear","Dry","Dark","1.3","24.5","3200","57232","25.9","26%","29.9","","Opened","7.336","5","Safe","Calm","0.0","58","17.0","11.8","999.3","1010.8"
"2026-08-11","02:35:36","Clear","Dry","Dark","1.2","24.4","3200","57232","25.9","26%","29.9","","Opened","7.334","5","Safe","Calm","0.0","58","17.1","11.7","999.4","1010.8"
"2026-08-11","02:35:46","Clear","Dry","Dark","1.5","24.4","3200","57232","25.9","26%","29.9","","Opened","7.599","5","Safe","Calm","0.0","58","17.1","12.0","999.4","1010.9"
"2026-08-11","02:35:56","Clear","Dry","Dark","1.3","24.4","3200","57232","25.9","26%","30.0","","Opened","7.440","5","Safe","Calm","0.0","58","17.1","11.8","999.3","1010.8"
"2026-08-11","02:36:06","Clear","Dry","Dark","1.2","24.4","3200","57232","25.9","26%","30.0","","Opened","7.379","5","Safe","Calm","0.0","58","17.1","11.7","999.3","1010.8"
"2026-08-11","02:36:16","Clear","Dry","Dark","1.3","24.4","3200","57232","26.0","26%","30.0","","Opened","7.390","5","Safe","Calm","0.0","58","17.1","11.8","999.4","1010.8"
"2026-08-11","02:36:26","Clear","Dry","Dark","1.3","24.4","3200","57232","26.0","26%","30.0","","Opened","7.336","5","Safe","Calm","0.0","58","17.1","11.8","999.3","1010.8"
"2026-08-11","02:36:36","Clear","Dry","Dark","1.4","24.4","3200","57232","25.9","26%","30.0","","Opened","7.314","5","Safe","Calm","0.0","58","17.1","11.9","999.3","1010.8"
"2026-08-11","02:36:46","Clear","Dry","Dark","1.4","24.4","3200","57232","25.9","26%","30.0","","Opened","7.634","5","Safe","Calm","0.0","58","17.0","11.9","999.4","1010.9"
"2026-08-11","02:36:56","Clear","Dry","Dark","1.5","24.5","3200","57232","26.0","26%","30.0","","Opened","7.336","5","Safe","Calm","0.0","58","17.0","12.0","999.3","1010.8"
"2026-08-11","02:37:06","Clear","Dry","Dark","1.3","24.4","3200","57232","26.0","26%","30.1","","Opened","7.415","5","Safe","Calm","0.0","58","17.0","11.8","999.4","1010.8"
"2026-08-11","02:37:16","Clear","Dry","Dark","1.4","24.4","3200","57232","26.0","26%","30.1","","Opened","7.384","5","Safe","Calm","0.0","58","17.0","11.9","999.5","1011.0"
"2026-08-11","02:37:26","Clear","Dry","Dark","1.2","24.4","3200","57232","26.0","26%","30.1","","Opened","7.430","5","Safe","Calm","0.0","58","17.0","11.7","999.4","1010.8"
"2026-08-11","02:37:36","Clear","Dry","Dark","1.1","24.4","3200","57232","26.0","26%","30.1","","Opened","7.401","5","Safe","Calm","0.0","58","17.1","11.6","999.4","1010.8"
"2026-08-11","02:37:47","Clear","Dry","Dark","1.1","24.4","3200","57232","26.0","26%","30.1","","Opened","7.755","5","Safe","Calm","0.0","58","17.0","11.6","999.4","1010.9"
"2026-08-11","02:37:56","Clear","Dry","Dark","1.6","24.4","3200","57232","26.0","26%","30.1","","Opened","7.440","5","Safe","Calm","0.0","58","17.1","12.1","999.3","1010.8"
"2026-08-11","02:38:06","Clear","Dry","Dark","1.3","24.4","3200","57232","26.0","26%","30.1","","Opened","7.390","5","Safe","Calm","0.0","58","17.0","11.8","999.3","1010.8"
"2026-08-11","02:38:16","Clear","Dry","Dark","1.4","24.4","3200","57232","26.0","26%","30.1","","Opened","7.382","5","Safe","Calm","0.0","58","17.0","11.9","999.3","1010.8"
"2026-08-11","02:38:26","Clear","Dry","Dark","1.5","24.5","3200","57232","26.0","26%","30.1","","Opened","7.439","5","Safe","Calm","0.0","58","17.1","12.0","999.4","1010.9"
"2026-08-11","02:38:36","Clear","Dry","Dark","1.4","24.5","3200","57232","26.0","26%","30.1","","Opened","7.325","5","Safe","Calm","0.0","58","17.0","11.9","999.3","1010.8"
"2026-08-11","02:38:46","Clear","Dry","Dark","1.5","24.5","3200","57232","26.0","26%","30.2","","Opened","7.636","5","Safe","Calm","0.0","58","17.1","12.0","999.4","1010.8"
"2026-08-11","02:38:56","Clear","Dry","Dark","1.4","24.5","3200","57232","26.0","26%","30.2","","Opened","7.349","5","Safe","Calm","0.0","58","17.1","11.9","999.4","1010.8"
"2026-08-11","02:39:06","Clear","Dry","Dark","1.3","24.5","3200","57232","26.0","26%","30.2","","Opened","7.400","5","Safe","Calm","0.0","58","17.1","11.8","999.3","1010.8"
"2026-08-11","02:39:16","Clear","Dry","Dark","1.3","24.5","3200","57232","26.0","26%","30.2","","Opened","7.471","5","Safe","Calm","0.0","58","17.1","11.8","999.3","1010.8"
"2026-08-11","02:39:26","Clear","Dry","Dark","1.3","24.5","3200","57232","26.0","26%","30.3","","Opened","7.371","5","Safe","Calm","0.0","58","17.1","11.8","999.3","1010.8"
"2026-08-11","02:39:36","Clear","Dry","Dark","1.3","24.5","3200","57232","26.0","26%","30.3","","Opened","7.409","5","Safe","Calm","0.0","58","17.1","11.8","999.4","1010.8"
"2026-08-11","02:39:46","Clear","Dry","Dark","1.4","24.5","3200","57232","26.0","26%","30.3","","Opened","7.630","5","Safe","Calm","0.0","58","17.1","11.9","999.3","1010.8"
"2026-08-11","02:39:56","Clear","Dry","Dark","1.3","24.4","3200","57232","26.0","26%","30.3","","Opened","7.331","5","Safe","Calm","0.0","58","17.1","11.8","999.4","1010.8"
"2026-08-11","02:40:06","Clear","Dry","Dark","1.3","24.5","3200","57232","26.0","26%","30.3","","Opened","7.385","5","Safe","Calm","0.0","58","17.1","11.8","999.3","1010.8"
"2026-08-11","02:40:16","Clear","Dry","Dark","1.4","24.5","3200","57232","26.0","26%","30.3","","Opened","7.405","5","Safe","Calm","0.0","58","17.1","11.9","999.3","1010.8"
"2026-08-11","02:40:26","Clear","Dry","Dark","1.2","24.4","3200","57232","26.0","26%","30.3","","Opened","7.260","5","Safe","Calm","0.0","58","17.1","11.8","999.4","1010.9"
"2026-08-11","02:40:36","Clear","Dry","Dark","1.1","24.4","3200","57232","26.1","26%","30.3","","Opened","7.376","5","Safe","Calm","0.0","58","17.2","11.7","999.4","1010.9"
"2026-08-11","02:40:46","Clear","Dry","Dark","1.2","24.4","3200","57232","26.1","26%","30.3","","Opened","7.604","5","Safe","Calm","0.0","58","17.2","11.8","999.3","1010.8"
"2026-08-11","02:40:56","Clear","Dry","Dark","1.4","24.4","3200","57232","26.1","26%","30.2","","Opened","7.395","5","Safe","Calm","0.0","58","17.2","12.0","999.3","1010.8"
"2026-08-11","02:41:06","Clear","Dry","Dark","1.2","24.5","3200","57232","26.1","26%","30.2","","Opened","7.381","5","Safe","Calm","0.0","58","17.1","11.8","999.4","1010.9"
"2026-08-11","02:41:16","Clear","Dry","Dark","1.2","24.5","3200","57232","26.0","26%","30.1","","Opened","7.439","5","Safe","Calm","0.0","58","17.1","11.7","999.3","1010.8"
"2026-08-11","02:41:26","Clear","Dry","Dark","0.9","24.5","3200","57232","26.1","26%","30.2","","Opened","7.315","5","Safe","Calm","0.0","58","17.1","11.4","999.3","1010.8"
"2026-08-11","02:41:36","Clear","Dry","Dark","0.8","24.4","3200","57232","26.0","26%","30.2","","Opened","7.371","5","Safe","Calm","0.0","58","17.1","11.3","999.3","1010.7"
"2026-08-11","02:41:46","Clear","Dry","Dark","0.8","24.4","3200","57232","26.1","26%","30.3","","Opened","7.651","5","Safe","Calm","0.0","58","17.1","11.4","999.3","1010.8"
"2026-08-11","02:41:56","Clear","Dry","Dark","0.8","24.4","3200","57232","26.1","26%","30.3","","Opened","7.409","5","Safe","Calm","0.0","58","17.1","11.4","999.4","1010.9"
"2026-08-11","02:42:06","Clear","Dry","Dark","0.9","24.4","3200","57232","26.1","26%","30.3","","Opened","7.390","5","Safe","Calm","0.0","58","17.1","11.5","999.3","1010.7"
"2026-08-11","02:42:16","Clear","Dry","Dark","0.8","24.4","3200","57232","26.1","26%","30.2","","Opened","7.386","5","Safe","Calm","0.0","58","17.1","11.4","999.3","1010.8"
"2026-08-11","02:42:26","Clear","Dry","Dark","0.9","24.3","3200","57232","26.0","26%","30.3","","Opened","7.400","5","Safe","Calm","0.0","58","17.1","11.5","999.3","1010.8"
"2026-08-11","02:42:36","Clear","Dry","Dark","0.9","24.3","3200","57232","26.0","26%","30.3","","Opened","7.350","5","Safe","Calm","0.0","58","17.1","11.5","999.3","1010.8"
"2026-08-11","02:42:47","Clear","Dry","Dark","1.0","24.3","3200","57232","26.0","26%","30.3","","Opened","7.904","5","Safe","Calm","0.0","58","17.1","11.6","999.3","1010.7"
"2026-08-11","02:42:56","Clear","Dry","Dark","1.0","24.3","3200","57232","26.0","26%","30.3","","Opened","7.390","5","Safe","Calm","0.0","58","17.1","11.5","999.3","1010.7"
"2026-08-11","02:43:06","Clear","Dry","Dark","1.2","24.3","3200","57232","26.0","26%","30.3","","Opened","7.430","5","Safe","Calm","0.0","58","17.1","11.7","999.3","1010.8"
"2026-08-11","02:43:16","Clear","Dry","Dark","1.2","24.3","3200","57232","26.0","26%","30.4","Heating DOWN","Opened","7.540","5","Safe","Calm","0.0","58","17.1","11.8","999.3","1010.7"
"2026-08-11","02:43:26","Clear","Dry","Dark","1.2","24.3","3328","57232","26.0","25%","30.4","Heating DOWN","Opened","7.571","5","Safe","Calm","0.0","58","17.1","11.7","999.4","1010.9"
"2026-08-11","02:43:36","Clear","Dry","Dark","1.2","24.3","3200","57232","26.0","24%","30.4","Heating DOWN","Opened","7.519","5","Safe","Calm","0.0","58","17.1","11.8","999.3","1010.7"
"2026-08-11","02:43:47","Clear","Dry","Dark","1.1","24.3","3200","57232","26.0","23%","30.3","","Opened","7.700","5","Safe","Calm","0.0","58","17.1","11.7","999.3","1010.7"
"2026-08-11","02:43:56","Clear","Dry","Dark","1.2","24.2","3200","57232","26.0","23%","30.3","","Opened","7.406","5","Safe","Calm","0.0","58","17.1","11.7","999.3","1010.7"
"2026-08-11","02:44:06","Clear","Dry","Dark","1.2","24.3","3200","57232","26.0","23%","30.3","","Opened","7.400","5","Safe","Calm","0.0","58","17.1","11.8","999.3","1010.8"
"2026-08-11","02:44:16","Clear","Dry","Dark","1.3","24.3","3200","57232","26.0","23%","30.2","","Opened","7.405","5","Safe","Calm","0.0","58","17.1","11.8","999.3","1010.8"
"2026-08-11","02:44:26","Clear","Dry","Dark","1.4","24.3","3200","57232","26.0","23%","30.2","","Opened","7.325","5","Safe","Calm","0.0","58","17.1","12.0","999.3","1010.8"
"2026-08-11","02:44:36","Clear","Dry","Dark","1.1","24.3","3200","57232","26.0","23%","30.2","","Opened","7.326","5","Safe","Calm","0.0","58","17.1","11.6","999.3","1010.7"
"2026-08-11","02:44:46","Clear","Dry","Dark","1.1","24.3","3200","57232","26.0","23%","30.2","","Opened","7.685","5","Safe","Calm","0.0","58","17.1","11.6","999.3","1010.8"
"2026-08-11","02:44:56","Clear","Dry","Dark","1.0","24.2","3200","57232","26.0","23%","30.2","","Opened","7.300","5","Safe","Calm","0.0","58","17.1","11.6","999.4","1010.8"
"2026-08-11","02:45:06","Clear","Dry","Dark","1.1","24.2","3200","57232","26.0","23%","30.1","","Opened","7.379","5","Safe","Calm","0.0","58","17.1","11.6","999.3","1010.8"
"2026-08-11","02:45:16","Clear","Dry","Dark","1.1","24.3","3200","57232","26.0","23%","30.1","","Opened","7.385","5","Safe","Calm","0.0","58","17.0","11.6","999.3","1010.8"
"2026-08-11","02:45:26","Clear","Dry","Dark","0.9","24.3","3200","57232","26.0","23%","30.0","","Opened","7.400","5","Safe","Calm","0.0","58","17.0","11.4","999.3","1010.8"
"2026-08-11","02:45:36","Clear","Dry","Dark","1.0","24.2","3200","57232","26.0","23%","30.0","","Opened","7.350","5","Safe","Calm","0.0","58","17.0","11.5","999.3","1010.7"
"2026-08-11","02:45:47","Clear","Dry","Dark","1.1","24.2","3200","57232","26.0","23%","30.0","","Opened","7.821","5","Safe","Calm","0.0","58","17.0","11.6","999.3","1010.7"
"2026-08-11","02:45:56","Clear","Dry","Dark","1.1","24.2","3200","57232","26.0","23%","29.9","","Opened","7.409","5","Safe","Calm","0.0","58","17.0","11.6","999.3","1010.7"
"2026-08-11","02:46:06","Clear","Dry","Dark","1.1","24.3","3200","57232","26.0","23%","29.9","","Opened","7.300","5","Safe","Calm","0.0","58","17.0","11.6","999.3","1010.8"
"2026-08-11","02:46:16","Clear","Dry","Dark","1.1","24.2","3200","57232","26.0","23%","29.9","","Opened","7.316","5","Safe","Calm","0.0","58","17.0","11.7","999.3","1010.8"
"2026-08-11","02:46:26","Clear","Dry","Dark","1.0","24.3","3200","57232","26.0","23%","29.9","","Opened","7.375","5","Safe","Calm","0.0","58","17.0","11.5","999.3","1010.7"
"2026-08-11","02:46:36","Clear","Dry","Dark","1.1","24.2","3200","57232","26.0","23%","29.8","","Opened","7.325","5","Safe","Calm","0.0","58","17.0","11.6","999.3","1010.7"
"2026-08-11","02:46:46","Clear","Dry","Dark","1.0","24.3","3200","57232","26.0","23%","29.8","","Opened","7.555","5","Safe","Calm","0.0","58","17.1","11.5","999.3","1010.7"
"2026-08-11","02:46:56","Clear","Dry","Dark","1.0","24.2","3200","57232","26.0","23%","29.8","","Opened","7.396","5","Safe","Calm","0.0","58","17.0","11.5","999.3","1010.7"
"2026-08-11","02:47:06","Clear","Dry","Dark","1.1","24.2","3200","57232","26.0","23%","29.7","Heating UP","Opened","7.525","5","Safe","Calm","0.0","58","17.0","11.6","999.3","1010.8"
"2026-08-11","02:47:16","Clear","Dry","Dark","1.1","24.2","3200","57232","26.0","24%","29.7","Heating UP","Opened","7.440","5","Safe","Calm","0.0","58","17.1","11.7","999.3","1010.7"
"2026-08-11","02:47:26","Clear","Dry","Dark","0.9","24.2","3328","57232","26.0","25%","29.7","Heating UP","Opened","7.554","5","Safe","Calm","0.0","58","17.0","11.4","999.3","1010.7"
"2026-08-11","02:47:36","Clear","Dry","Dark","1.1","24.2","3200","57232","26.0","26%","29.7","Heating UP","Opened","7.505","5","Safe","Calm","0.0","58","17.1","11.6","999.3","1010.7"
"2026-08-11","02:47:47","Clear","Dry","Dark","1.0","24.2","3200","57232","26.0","27%","29.7","Heating UP","Opened","7.850","5","Safe","Calm","0.0","58","17.0","11.6","999.2","1010.7"
"2026-08-11","02:47:56","Clear","Dry","Dark","1.2","24.2","3200","57232","26.0","28%","29.8","","Opened","7.420","5","Safe","Calm","0.0","58","17.0","11.7","999.3","1010.8"
"2026-08-11","02:48:06","Clear","Dry","Dark","1.0","24.2","3200","57232","26.0","28%","29.8","","Opened","7.392","5","Safe","Calm","0.0","58","17.0","11.5","999.3","1010.7"
"2026-08-11","02:48:16","Clear","Dry","Dark","1.0","24.2","3200","57232","26.0","28%","29.9","","Opened","7.449","5","Safe","Calm","0.0","58","17.1","11.6","999.3","1010.7"
"2026-08-11","02:48:26","Clear","Dry","Dark","1.3","24.2","3200","57232","26.0","28%","29.9","","Opened","7.180","5","Safe","Calm","0.0","58","17.1","11.8","999.2","1010.7"
"2026-08-11","02:48:36","Clear","Dry","Dark","1.3","24.2","3200","57232","25.9","28%","29.9","","Opened","7.357","5","Safe","Calm","0.0","58","17.0","11.8","999.3","1010.7"
"2026-08-11","02:48:46","Clear","Dry","Dark","1.3","24.2","3200","57232","26.0","28%","29.9","","Opened","7.625","5","Safe","Calm","0.0","58","17.0","11.8","999.3","1010.7"
"2026-08-11","02:48:56","Clear","Dry","Dark","1.1","24.2","3200","57232","25.9","28%","29.9","","Opened","7.440","5","Safe","Calm","0.0","58","17.0","11.6","999.3","1010.7"
"2026-08-11","02:49:06","Clear","Dry","Dark","1.2","24.2","3200","57232","25.9","28%","29.9","","Opened","7.341","5","Safe","Calm","0.0","58","17.0","11.7","999.3","1010.7"
"2026-08-11","02:49:16","Clear","Dry","Dark","1.3","24.2","3200","57232","25.9","28%","29.9","","Opened","7.375","5","Safe","Calm","0.0","58","17.0","11.8","999.3","1010.7"
"2026-08-11","02:49:26","Clear","Dry","Dark","1.1","24.3","3200","57232","25.9","28%","29.9","","Opened","7.370","5","Safe","Calm","0.0","58","17.0","11.6","999.2","1010.7"
"2026-08-11","02:49:36","Clear","Dry","Dark","1.1","24.2","3200","57232","25.9","28%","30.0","","Opened","7.375","5","Safe","Calm","0.0","58","17.0","11.6","999.2","1010.7"
"2026-08-11","02:49:47","Clear","Dry","Dark","1.2","24.3","3200","57232","25.9","28%","30.0","","Opened","7.849","5","Safe","Calm","0.0","58","17.0","11.7","999.3","1010.7"
"2026-08-11","02:49:56","Clear","Dry","Dark","1.2","24.2","3200","57232","26.0","28%","30.0","","Opened","7.385","5","Safe","Calm","0.0","58","17.0","11.7","999.2","1010.7"
"2026-08-11","02:50:06","Clear","Dry","Dark","1.1","24.2","3200","57232","25.9","28%","30.0","","Opened","7.421","5","Safe","Calm","0.0","58","17.0","11.6","999.2","1010.7"
"2026-08-11","02:50:16","Clear","Dry","Dark","1.4","24.2","3200","57232","25.9","28%","30.1","","Opened","7.435","5","Safe","Calm","0.0","58","17.0","11.9","999.1","1010.6"
"2026-08-11","02:50:26","Clear","Dry","Dark","1.3","24.3","3200","57232","25.9","28%","30.1","","Opened","7.379","5","Safe","Calm","0.0","58","17.0","11.8","999.2","1010.7"
"2026-08-11","02:50:36","Clear","Dry","Dark","1.1","24.3","3200","57232","25.9","28%","30.1","","Opened","7.349","5","Safe","Calm","0.0","58","17.0","11.6","999.1","1010.6"
"2026-08-11","02:50:46","Clear","Dry","Dark","1.1","24.3","3200","57232","25.9","28%","30.2","","Opened","7.605","5","Safe","Calm","0.0","58","17.0","11.6","999.2","1010.7"
"2026-08-11","02:50:56","Clear","Dry","Dark","1.1","24.2","3200","57232","25.9","28%","30.2","","Opened","7.336","5","Safe","Calm","0.0","58","17.0","11.6","999.2","1010.7"
"2026-08-11","02:51:06","Clear","Dry","Dark","1.3","24.2","3200","57232","25.9","28%","30.3","Heating DOWN","Opened","7.485","5","Safe","Calm","0.0","58","17.0","11.8","999.3","1010.7"
"2026-08-11","02:51:16","Clear","Dry","Dark","1.0","24.2","3200","57232","25.9","27%","30.3","Heating DOWN","Opened","7.510","5","Safe","Calm","0.0","58","17.0","11.5","999.3","1010.7"
"2026-08-11","02:51:26","Clear","Dry","Dark","1.1","24.2","3200","57232","25.9","26%","30.3","Heating DOWN","Opened","7.475","5","Safe","Calm","0.0","58","17.1","11.6","999.3","1010.8"
"2026-08-11","02:51:36","Clear","Dry","Dark","1.1","24.2","3328","57232","25.9","25%","30.3","Heating DOWN","Opened","7.534","5","Safe","Calm","0.0","58","17.0","11.6","999.1","1010.6"
"2026-08-11","02:51:47","Clear","Dry","Dark","1.1","24.3","3200","57232","25.9","24%","30.3","Heating DOWN","Opened","7.685","5","Safe","Calm","0.0","58","17.0","11.6","999.3","1010.7"
"2026-08-11","02:51:56","Clear","Dry","Dark","1.3","24.2","3200","57232","25.9","23%","30.2","","Opened","7.351","5","Safe","Calm","0.0","58","17.0","11.8","999.1","1010.6"
"2026-08-11","02:52:06","Clear","Dry","Dark","1.1","24.2","3200","57232","25.9","23%","30.2","","Opened","7.344","5","Safe","Calm","0.0","58","17.0","11.6","999.1","1010.6"
"2026-08-11","02:52:16","Clear","Dry","Dark","1.2","24.3","3200","57232","25.9","23%","30.2","","Opened","7.380","5","Safe","Calm","0.0","58","17.0","11.7","999.3","1010.7"
"2026-08-11","02:52:26","Clear","Dry","Dark","1.3","24.3","3200","57232","25.9","23%","30.1","","Opened","7.342","5","Safe","Calm","0.0","58","17.0","11.8","999.2","1010.7"
"2026-08-11","02:52:36","Clear","Dry","Dark","1.3","24.3","3200","57232","25.9","23%","30.1","","Opened","7.345","5","Safe","Calm","0.0","58","17.0","11.8","999.3","1010.7"
"2026-08-11","02:52:47","Clear","Dry","Dark","1.3","24.3","3200","57232","25.9","23%","30.0","","Opened","7.685","5","Safe","Calm","0.0","58","17.0","11.8","999.3","1010.7"
"2026-08-11","02:52:56","Clear","Dry","Dark","1.0","24.3","3200","57232","25.9","23%","30.0","","Opened","7.276","5","Safe","Calm","0.0","58","17.0","11.5","999.1","1010.6"
"2026-08-11","02:53:06","Clear","Dry","Dark","1.0","24.3","3200","57232","25.9","23%","30.0","","Opened","7.375","5","Safe","Calm","0.0","58","17.0","11.5","999.1","1010.6"
"2026-08-11","02:53:16","Clear","Dry","Dark","1.1","24.3","3200","57232","26.0","23%","30.0","","Opened","7.381","5","Safe","Calm","0.0","58","17.0","11.6","999.2","1010.7"
"2026-08-11","02:53:26","Clear","Dry","Dark","1.1","24.3","3200","57232","25.9","23%","29.9","","Opened","7.405","5","Safe","Calm","0.0","58","17.0","11.6","999.2","1010.7"
"2026-08-11","02:53:36","Clear","Dry","Dark","1.1","24.2","3200","57232","25.9","23%","29.9","","Opened","7.425","5","Safe","Calm","0.0","58","17.0","11.6","999.2","1010.7"
"2026-08-11","02:53:46","Clear","Dry","Dark","1.2","24.2","3200","57232","25.9","23%","29.8","","Opened","7.605","5","Safe","Calm","0.0","58","17.0","11.7","999.2","1010.7"
"2026-08-11","02:53:56","Clear","Dry","Dark","1.1","24.3","3200","57232","25.9","23%","29.8","","Opened","7.424","5","Safe","Calm","0.0","58","17.0","11.6","999.3","1010.7"
"2026-08-11","02:54:06","Clear","Dry","Dark","1.0","24.3","3200","57232","25.9","23%","29.8","","Opened","7.400","5","Safe","Calm","0.0","58","17.0","11.5","999.2","1010.7"
"2026-08-11","02:54:16","Clear","Dry","Dark","1.1","24.2","3200","57232","25.9","23%","29.8","","Opened","7.373","5","Safe","Calm","0.0","58","17.0","11.5","999.2","1010.7"
"2026-08-11","02:54:26","Clear","Dry","Dark","0.8","24.2","3200","57232","25.9","23%","29.8","","Opened","7.384","5","Safe","Calm","0.0","58","17.0","11.3","999.3","1010.8"
"2026-08-11","02:54:36","Clear","Dry","Dark","1.0","24.2","3200","57232","25.9","23%","29.8","","Opened","7.369","5","Safe","Calm","0.0","58","17.0","11.5","999.2","1010.7"
"2026-08-11","02:54:46","Clear","Dry","Dark","1.0","24.2","3200","57232","25.9","23%","29.8","","Opened","7.636","5","Safe","Calm","0.0","58","17.0","11.5","999.3","1010.7"
"2026-08-11","02:54:56","Clear","Dry","Dark","0.9","24.2","3200","57232","25.9","23%","29.8","","Opened","7.400","5","Safe","Calm","0.0","58","17.0","11.4","999.3","1010.7"
"2026-08-11","02:55:06","Clear","Dry","Dark","0.9","24.2","3200","57232","25.9","23%","29.8","","Opened","7.414","5","Safe","Calm","0.0","58","17.0","11.3","999.2","1010.7"
"2026-08-11","02:55:16","Clear","Dry","Dark","0.9","24.2","3200","57232","25.9","23%","29.8","","Opened","7.455","5","Safe","Calm","0.0","58","17.0","11.4","999.2","1010.7"
"2026-08-11","02:55:26","Clear","Dry","Dark","0.9","24.1","3200","57232","25.9","23%","29.8","","Opened","7.341","5","Safe","Calm","0.0","58","17.0","11.3","999.2","1010.7"
"2026-08-11","02:55:36","Clear","Dry","Dark","1.0","24.1","3200","57232","25.9","23%","29.8","","Opened","7.366","5","Safe","Calm","0.0","58","17.0","11.5","999.3","1010.7"
"2026-08-11","02:55:46","Clear","Dry","Dark","1.0","24.1","3200","57232","25.9","23%","29.7","","Opened","7.584","5","Safe","Calm","0.0","58","17.0","11.4","999.3","1010.7"
"2026-08-11","02:55:56","Clear","Dry","Dark","1.1","24.1","3200","57232","25.9","23%","29.7","","Opened","7.385","5","Safe","Calm","0.0","58","17.0","11.5","999.1","1010.6"
"2026-08-11","02:56:06","Clear","Dry","Dark","1.1","24.1","3200","57232","25.9","23%","29.6","Heating UP","Opened","7.476","5","Safe","Calm","0.0","58","17.0","11.6","999.2","1010.7"
"2026-08-11","02:56:16","Clear","Dry","Dark","1.0","24.1","3200","57232","25.9","24%","29.6","Heating UP","Opened","7.524","5","Safe","Calm","0.0","58","17.0","11.4","999.2","1010.7"
"2026-08-11","02:56:26","Clear","Dry","Dark","1.1","24.1","3328","57232","25.9","25%","29.6","","Opened","7.375","5","Safe","Calm","0.0","58","17.0","11.5","999.4","1010.8"
"2026-08-11","02:56:36","Clear","Dry","Dark","1.0","24.1","3328","57232","25.8","25%","29.6","","Opened","7.362","5","Safe","Calm","0.0","58","17.0","11.5","999.3","1010.7"
"2026-08-11","02:56:46","Clear","Dry","Dark","1.0","24.1","3328","57232","25.8","25%","29.6","","Opened","7.539","5","Safe","Calm","0.0","58","17.0","11.5","999.3","1010.7"
"2026-08-11","02:56:56","Clear","Dry","Dark","1.0","24.1","3328","57232","25.8","25%","29.6","","Opened","7.354","5","Safe","Calm","0.0","58","17.0","11.5","999.2","1010.7"
"2026-08-11","02:57:06","Clear","Dry","Dark","1.0","24.1","3328","57232","25.8","25%","29.6","","Opened","7.347","5","Safe","Calm","0.0","58","17.0","11.4","999.3","1010.7"
"2026-08-11","02:57:16","Clear","Dry","Dark","1.0","24.1","3328","57232","25.8","25%","29.6","","Opened","7.350","5","Safe","Calm","0.0","58","17.0","11.4","999.1","1010.6"
"2026-08-11","02:57:26","Clear","Dry","Dark","1.0","24.0","3328","57232","25.8","25%","29.6","","Opened","7.379","5","Safe","Calm","0.0","58","17.0","11.5","999.3","1010.7"
"2026-08-11","02:57:36","Clear","Dry","Dark","1.0","24.0","3328","57232","25.8","25%","29.6","","Opened","7.376","5","Safe","Calm","0.0","58","17.0","11.5","999.1","1010.6"
"2026-08-11","02:57:46","Clear","Dry","Dark","1.1","24.0","3328","57232","25.8","25%","29.6","","Opened","7.671","5","Safe","Calm","0.0","58","17.0","11.5","999.1","1010.6"
"2026-08-11","02:57:56","Clear","Dry","Dark","1.0","24.0","3328","57232","25.8","25%","29.6","","Opened","7.430","5","Safe","Calm","0.0","58","17.0","11.4","999.2","1010.7"
"2026-08-11","02:58:06","Clear","Dry","Dark","1.1","24.0","3328","57232","25.8","25%","29.6","","Opened","7.454","5","Safe","Calm","0.0","58","17.0","11.6","999.2","1010.7"
"2026-08-11","02:58:16","Clear","Dry","Dark","1.1","24.0","3328","57232","25.8","25%","29.6","","Opened","7.380","5","Safe","Calm","0.0","58","17.0","11.5","999.2","1010.7"
"2026-08-11","02:58:26","Clear","Dry","Dark","1.2","24.0","3328","57232","25.8","25%","29.5","Heating UP","Opened","7.590","5","Safe","Calm","0.0","58","16.9","11.6","999.1","1010.6"
"2026-08-11","02:58:36","Clear","Dry","Dark","1.2","24.0","3200","57232","25.8","26%","29.5","Heating UP","Opened","7.479","5","Safe","Calm","0.0","58","16.9","11.6","999.1","1010.6"
"2026-08-11","02:58:47","Clear","Dry","Dark","1.2","24.0","3200","57232","25.8","27%","29.5","Heating UP","Opened","7.855","5","Safe","Calm","0.0","58","16.9","11.6","999.2","1010.7"
"2026-08-11","02:58:56","Clear","Dry","Dark","1.2","24.0","3200","57232","25.8","28%","29.5","Heating UP","Opened","7.501","5","Safe","Calm","0.0","58","16.9","11.6","999.1","1010.6"
"2026-08-11","02:59:06","Clear","Dry","Dark","1.2","24.0","3328","57232","25.8","29%","29.4","Heating UP","Opened","7.484","5","Safe","Calm","0.0","58","16.9","11.6","999.1","1010.6"
"2026-08-11","02:59:16","Clear","Dry","Dark","1.2","24.0","3200","57232","25.7","30%","29.5","","Opened","7.290","5","Safe","Calm","0.0","58","16.9","11.6","999.1","1010.6"
"2026-08-11","02:59:26","Clear","Dry","Dark","1.2","24.1","3200","57232","25.8","30%","29.5","Heating UP","Opened","7.556","5","Safe","Calm","0.0","58","16.9","11.6","999.3","1010.7"
"2026-08-11","02:59:36","Clear","Dry","Dark","1.2","24.1","3200","57232","25.7","31%","29.5","","Opened","7.395","5","Safe","Calm","0.0","58","16.9","11.6","999.3","1010.7"
"2026-08-11","02:59:46","Clear","Dry","Dark","1.2","24.1","3200","57232","25.7","31%","29.6","","Opened","7.634","5","Safe","Calm","0.0","58","16.9","11.6","999.2","1010.7"
"2026-08-11","02:59:56","Clear","Dry","Dark","1.2","24.1","3200","57232","25.7","31%","29.6","","Opened","7.345","5","Safe","Calm","0.0","58","16.9","11.6","999.2","1010.7"
"2026-08-11","03:00:06","Clear","Dry","Dark","1.3","24.1","3200","57232","25.7","31%","29.6","","Opened","7.376","5","Safe","Calm","0.0","58","16.9","11.7","999.2","1010.7"
"2026-08-11","03:00:16","Clear","Dry","Dark","1.3","24.1","3200","57232","25.8","31%","29.7","","Opened","7.340","5","Safe","Calm","0.0","58","16.9","11.7","999.1","1010.6"
"2026-08-11","03:00:26","Clear","Dry","Dark","1.3","24.1","3200","57232","25.7","31%","29.7","","Opened","7.355","5","Safe","Calm","0.0","58","16.9","11.7","999.2","1010.7"
"2026-08-11","03:00:36","Clear","Dry","Dark","1.4","24.1","3200","57232","25.7","31%","29.8","","Opened","7.345","5","Safe","Calm","0.0","58","16.9","11.7","999.1","1010.6"
"2026-08-11","03:00:46","Clear","Dry","Dark","1.3","24.1","3200","57232","25.8","31%","29.8","","Opened","7.641","5","Safe","Calm","0.0","58","16.9","11.7","999.1","1010.6"
"2026-08-11","03:00:56","Clear","Dry","Dark","1.3","24.1","3200","57232","25.7","31%","29.8","","Opened","7.319","5","Safe","Calm","0.0","58","16.9","11.7","999.2","1010.7"
"2026-08-11","03:01:06","Clear","Dry","Dark","1.4","24.2","3200","57232","25.7","31%","29.8","","Opened","7.355","5","Safe","Calm","0.0","58","16.9","11.8","999.2","1010.7"
"2026-08-11","03:01:16","Clear","Dry","Dark","1.2","24.2","3200","57232","25.7","31%","29.8","","Opened","7.466","5","Safe","Calm","0.0","58","16.9","11.6","999.1","1010.6"
"2026-08-11","03:01:26","Clear","Dry","Dark","1.4","24.2","3200","57232","25.7","31%","29.9","","Opened","7.375","5","Safe","Calm","0.0","58","16.9","11.7","999.3","1010.7"
"2026-08-11","03:01:36","Clear","Dry","Dark","1.3","24.2","3200","57232","25.7","31%","29.9","","Opened","7.355","5","Safe","Calm","0.0","58","16.9","11.6","999.1","1010.6"
"2026-08-11","03:01:47","Clear","Dry","Dark","1.3","24.2","3200","57232","25.8","31%","29.9","","Opened","7.685","5","Safe","Calm","0.0","58","16.9","11.7","999.3","1010.7"
"2026-08-11","03:01:56","Clear","Dry","Dark","1.4","24.2","3200","57232","25.8","31%","29.9","","Opened","7.417","5","Safe","Calm","0.0","58","16.9","11.8","999.1","1010.6"
"2026-08-11","03:02:06","Clear","Dry","Dark","1.3","24.3","3200","57232","25.8","31%","29.9","","Opened","7.339","5","Safe","Calm","0.0","58","16.9","11.8","999.3","1010.7"
"2026-08-11","03:02:16","Clear","Dry","Dark","1.3","24.2","3200","57232","25.7","31%","30.0","","Opened","7.360","5","Safe","Calm","0.0","58","16.9","11.7","999.2","1010.7"
"2026-08-11","03:02:26","Clear","Dry","Dark","1.3","24.3","3200","57232","25.8","31%","30.0","","Opened","7.327","5","Safe","Calm","0.0","58","16.9","11.7","999.2","1010.7"
"2026-08-11","03:02:36","Clear","Dry","Dark","1.3","24.2","3200","57232","25.8","31%","30.0","","Opened","7.310","5","Safe","Calm","0.0","58","16.9","11.7","999.1","1010.6"
"2026-08-11","03:02:47","Clear","Dry","Dark","1.3","24.3","3200","57232","25.7","31%","30.1","Heating DOWN","Opened","7.889","5","Safe","Calm","0.0","58","16.9","11.7","999.2","1010.7"
"2026-08-11","03:02:56","Clear","Dry","Dark","1.3","24.3","3200","57232","25.8","30%","30.1","Heating DOWN","Opened","7.505","5","Safe","Calm","0.0","58","16.9","11.7","999.3","1010.7"
"2026-08-11","03:03:06","Clear","Dry","Dark","1.2","24.3","3328","57232","25.8","29%","30.1","","Opened","7.296","5","Safe","Calm","0.0","58","16.9","11.6","999.2","1010.7"
"2026-08-11","03:03:16","Clear","Dry","Dark","1.4","24.2","3328","57232","25.8","29%","30.2","Heating DOWN","Opened","7.434","5","Safe","Calm","0.0","58","16.9","11.8","999.2","1010.7"
"2026-08-11","03:03:26","Clear","Dry","Dark","1.2","24.3","3200","57232","25.8","28%","30.1","","Opened","7.380","5","Safe","Calm","0.0","58","16.9","11.7","999.2","1010.7"
"2026-08-11","03:03:36","Clear","Dry","Dark","1.4","24.3","3200","57232","25.8","28%","30.1","Heating DOWN","Opened","7.496","5","Safe","Calm","0.0","58","16.9","11.8","999.2","1010.7"
"2026-08-11","03:03:46","Clear","Dry","Dark","1.2","24.3","3200","57232","25.8","27%","30.1","","Opened","7.519","5","Safe","Calm","0.0","58","16.8","11.6","999.2","1010.7"
"2026-08-11","03:03:56","Clear","Dry","Dark","1.3","24.3","3200","57232","25.8","27%","30.1","","Opened","7.276","5","Safe","Calm","0.0","58","16.8","11.7","999.3","1010.7"
"2026-08-11","03:04:06","Clear","Dry","Dark","1.4","24.3","3200","57232","25.8","27%","30.0","","Opened","7.366","5","Safe","Calm","0.0","58","16.8","11.8","999.2","1010.7"
"2026-08-11","03:04:16","Clear","Dry","Dark","1.5","24.3","3200","57232","25.8","27%","30.0","","Opened","7.361","5","Safe","Calm","0.0","58","16.8","11.9","999.2","1010.7"
"2026-08-11","03:04:26","Clear","Dry","Dark","1.3","24.3","3200","57232","25.8","27%","29.9","","Opened","7.429","5","Safe","Calm","0.0","58","16.8","11.8","999.2","1010.7"
"2026-08-11","03:04:36","Clear","Dry","Dark","1.5","24.3","3200","57232","25.8","27%","29.9","","Opened","7.352","5","Safe","Calm","0.0","58","16.8","11.9","999.1","1010.6"
"2026-08-11","03:04:46","Clear","Dry","Dark","1.3","24.4","3200","57232","25.8","27%","29.9","","Opened","7.482","5","Safe","Calm","0.0","58","16.8","11.7","999.2","1010.7"
"2026-08-11","03:04:56","Clear","Dry","Dark","1.2","24.3","3200","57232","25.8","27%","29.9","","Opened","7.295","5","Safe","Calm","0.0","58","16.8","11.6","999.1","1010.6"
"2026-08-11","03:05:06","Clear","Dry","Dark","1.2","24.4","3200","57232","25.8","27%","29.9","","Opened","7.326","5","Safe","Calm","0.0","58","16.8","11.7","999.2","1010.7"
"2026-08-11","03:05:16","Clear","Dry","Dark","1.2","24.4","3200","57232","25.8","27%","29.9","","Opened","7.354","5","Safe","Calm","0.0","57","16.8","11.7","999.3","1010.7"
"2026-08-11","03:05:26","Clear","Dry","Dark","1.2","24.4","3200","57232","25.8","27%","29.8","","Opened","7.380","5","Safe","Calm","0.0","57","16.8","11.6","999.2","1010.7"
"2026-08-11","03:05:36","Clear","Dry","Dark","1.2","24.4","3200","57232","25.8","27%","29.9","","Opened","7.389","5","Safe","Calm","0.0","57","16.8","11.6","999.2","1010.7"
"2026-08-11","03:05:46","Clear","Dry","Dark","1.3","24.4","3200","57232","25.8","27%","29.9","","Opened","7.660","5","Safe","Calm","0.0","57","16.8","11.8","999.3","1010.7"
"2026-08-11","03:05:56","Clear","Dry","Dark","1.2","24.4","3200","57232","25.9","27%","29.9","","Opened","7.321","5","Safe","Calm","0.0","57","16.8","11.7","999.2","1010.7"
"2026-08-11","03:06:06","Clear","Dry","Dark","1.2","24.4","3200","57232","25.8","27%","29.9","","Opened","7.310","5","Safe","Calm","0.0","57","16.8","11.6","999.2","1010.7"
"2026-08-11","03:06:16","Clear","Dry","Dark","1.1","24.3","3200","57232","25.8","27%","29.9","","Opened","7.335","5","Safe","Calm","0.0","58","16.8","11.5","999.3","1010.7"
"2026-08-11","03:06:26","Clear","Dry","Dark","1.2","24.3","3200","57232","25.8","27%","29.9","","Opened","7.386","5","Safe","Calm","0.0","57","16.8","11.6","999.2","1010.7"
"2026-08-11","03:06:36","Clear","Dry","Dark","1.2","24.3","3200","57232","25.8","27%","29.9","","Opened","7.390","5","Safe","Calm","0.0","58","16.8","11.6","999.3","1010.7"
"2026-08-11","03:06:47","Clear","Dry","Dark","1.2","24.3","3200","57232","25.8","27%","29.9","","Opened","7.740","5","Safe","Calm","0.0","58","16.8","11.6","999.3","1010.7"
"2026-08-11","03:06:56","Clear","Dry","Dark","1.1","24.3","3200","57232","25.8","27%","29.9","","Opened","7.435","5","Safe","Calm","0.0","57","16.8","11.6","999.2","1010.7"
"2026-08-11","03:07:06","Clear","Dry","Dark","1.2","24.3","3200","57232","25.8","27%","30.0","","Opened","7.296","5","Safe","Calm","0.0","57","16.8","11.6","999.3","1010.7"
"2026-08-11","03:07:16","Clear","Dry","Dark","1.3","24.3","3200","57232","25.8","27%","30.0","","Opened","7.350","5","Safe","Calm","0.0","57","16.8","11.7","999.2","1010.7"
"2026-08-11","03:07:26","Clear","Dry","Dark","1.2","24.3","3200","57232","25.8","27%","29.9","","Opened","7.390","5","Safe","Calm","0.0","57","16.8","11.6","999.2","1010.7"
"2026-08-11","03:07:36","Clear","Dry","Dark","1.2","24.3","3200","57232","25.8","27%","30.0","","Opened","7.389","5","Safe","Calm","0.0","57","16.8","11.7","999.2","1010.7"
"2026-08-11","03:07:46","Clear","Dry","Dark","1.2","24.3","3200","57232","25.8","27%","30.0","","Opened","7.615","5","Safe","Calm","0.0","58","16.8","11.6","999.2","1010.7"
"2026-08-11","03:07:56","Clear","Dry","Dark","1.2","24.3","3200","57232","25.8","27%","30.0","","Opened","7.386","5","Safe","Calm","0.0","57","16.8","11.7","999.2","1010.7"
"2026-08-11","03:08:06","Clear","Dry","Dark","1.3","24.3","3200","57232","25.8","27%","30.0","","Opened","7.400","5","Safe","Calm","0.0","57","16.8","11.8","999.2","1010.7"
"2026-08-11","03:08:16","Clear","Dry","Dark","1.3","24.3","3200","57232","25.8","27%","30.0","","Opened","7.391","5","Safe","Calm","0.0","57","16.8","11.8","999.2","1010.7"
"2026-08-11","03:08:26","Clear","Dry","Dark","1.3","24.3","3200","57232","25.8","27%","30.0","","Opened","7.335","5","Safe","Calm","0.0","57","16.8","11.8","999.2","1010.7"
"2026-08-11","03:08:36","Clear","Dry","Dark","1.1","24.3","3200","57232","25.8","27%","30.0","","Opened","7.380","5","Safe","Calm","0.0","57","16.8","11.6","999.2","1010.7"
"2026-08-11","03:08:46","Clear","Dry","Dark","1.3","24.3","3200","57232","25.8","27%","30.1","","Opened","7.671","5","Safe","Calm","0.0","57","16.8","11.8","999.3","1010.7"
"2026-08-11","03:08:56","Clear","Dry","Dark","1.3","24.3","3200","57232","25.8","27%","30.1","","Opened","7.371","5","Safe","Calm","0.0","57","16.8","11.8","999.3","1010.7"
"2026-08-11","03:09:06","Clear","Dry","Dark","1.3","24.3","3200","57232","25.9","27%","30.1","","Opened","7.355","5","Safe","Calm","0.0","57","16.8","11.7","999.2","1010.7"
"2026-08-11","03:09:16","Clear","Dry","Dark","1.4","24.3","3200","57232","25.9","27%","30.1","","Opened","7.385","5","Safe","Calm","0.0","57","16.8","11.8","999.2","1010.7"
"2026-08-11","03:09:26","Clear","Dry","Dark","1.4","24.3","3200","57232","25.8","27%","30.1","","Opened","7.372","5","Safe","Calm","0.0","57","16.7","11.8","999.2","1010.7"
"2026-08-11","03:09:36","Clear","Dry","Dark","1.1","24.3","3200","57232","25.9","27%","30.1","","Opened","7.385","5","Safe","Calm","0.0","57","16.7","11.6","999.2","1010.7"
"2026-08-11","03:09:46","Clear","Dry","Dark","1.3","24.3","3200","57232","25.9","27%","30.1","","Opened","7.654","5","Safe","Calm","0.0","57","16.7","11.7","999.2","1010.7"
"2026-08-11","03:09:56","Clear","Dry","Dark","1.2","24.3","3200","57232","25.9","27%","30.1","","Opened","7.384","5","Safe","Calm","0.0","57","16.7","11.6","999.3","1010.7"
"2026-08-11","03:10:06","Clear","Dry","Dark","1.2","24.3","3200","57232","25.9","27%","30.1","","Opened","7.365","5","Safe","Calm","0.0","57","16.7","11.7","999.3","1010.7"
"2026-08-11","03:10:16","Clear","Dry","Dark","1.3","24.3","3200","57232","25.9","27%","30.1","","Opened","7.350","5","Safe","Calm","0.0","57","16.7","11.8","999.2","1010.7"
"2026-08-11","03:10:26","Clear","Dry","Dark","1.2","24.3","3200","57232","25.9","27%","30.1","","Opened","7.405","5","Safe","Calm","0.0","57","16.7","11.6","999.2","1010.7"
"2026-08-11","03:10:36","Clear","Dry","Dark","1.2","24.3","3200","57232","25.9","27%","30.1","","Opened","7.516","5","Safe","Calm","0.0","57","16.7","11.7","999.2","1010.7"
"2026-08-11","03:10:47","Clear","Dry","Dark","1.3","24.3","3200","57232","25.9","27%","30.2","Heating DOWN","Opened","7.723","5","Safe","Calm","0.0","57","16.7","11.7","999.1","1010.6"
"2026-08-11","03:10:56","Clear","Dry","Dark","1.3","24.3","3200","57232","25.9","26%","30.2","Heating DOWN","Opened","7.515","5","Safe","Calm","0.0","57","16.7","11.8","999.2","1010.7"
"2026-08-11","03:11:06","Clear","Dry","Dark","1.2","24.3","3328","57232","25.9","25%","30.2","Heating DOWN","Opened","7.436","5","Safe","Calm","0.0","57","16.7","11.7","999.2","1010.7"
"2026-08-11","03:11:16","Clear","Dry","Dark","1.3","24.3","3200","57232","25.9","24%","30.2","Heating DOWN","Opened","7.505","5","Safe","Calm","0.0","57","16.7","11.8","999.2","1010.7"
"2026-08-11","03:11:26","Clear","Dry","Dark","1.2","24.3","3200","57232","25.9","23%","30.2","Heating DOWN","Opened","7.445","5","Safe","Calm","0.0","57","16.7","11.6","999.1","1010.6"
"2026-08-11","03:11:36","Clear","Dry","Dark","1.2","24.3","3200","57232","25.9","22%","30.2","Heating DOWN","Opened","7.525","5","Safe","Calm","0.0","57","16.7","11.7","999.2","1010.7"
"2026-08-11","03:11:46","Clear","Dry","Dark","1.4","24.2","3328","57232","25.9","21%","30.1","","Opened","7.649","5","Safe","Calm","0.0","57","16.7","11.8","999.2","1010.7"
"2026-08-11","03:11:56","Clear","Dry","Dark","1.1","24.3","3328","57232","25.9","21%","30.1","","Opened","7.370","5","Safe","Calm","0.0","57","16.7","11.6","999.2","1010.7"
"2026-08-11","03:12:06","Clear","Dry","Dark","1.1","24.2","3328","57232","25.9","21%","30.0","","Opened","7.395","5","Safe","Calm","0.0","57","16.7","11.6","999.2","1010.7"
"2026-08-11","03:12:16","Clear","Dry","Dark","1.3","24.2","3328","57232","25.9","21%","30.0","","Opened","7.394","5","Safe","Calm","0.0","57","16.7","11.7","999.1","1010.6"
"2026-08-11","03:12:26","Clear","Dry","Dark","1.3","24.2","3328","57232","25.9","21%","29.9","","Opened","7.390","5","Safe","Calm","0.0","57","16.7","11.8","999.2","1010.7"
"2026-08-11","03:12:36","Clear","Dry","Dark","1.4","24.2","3328","57232","25.9","21%","29.9","","Opened","7.351","5","Safe","Calm","0.0","57","16.7","11.8","999.2","1010.7"
"2026-08-11","03:12:47","Clear","Dry","Dark","1.3","24.2","3328","57232","25.9","21%","29.8","","Opened","7.670","5","Safe","Calm","0.0","57","16.7","11.8","999.1","1010.6"
"2026-08-11","03:12:56","Clear","Dry","Dark","1.3","24.3","3328","57232","25.9","21%","29.8","","Opened","7.354","5","Safe","Calm","0.0","57","16.7","11.8","999.1","1010.6"
"2026-08-11","03:13:06","Clear","Dry","Dark","1.3","24.2","3328","57232","25.9","21%","29.8","","Opened","7.379","5","Safe","Calm","0.0","57","16.7","11.8","999.1","1010.5"
"2026-08-11","03:13:16","Clear","Dry","Dark","1.3","24.2","3328","57232","25.9","21%","29.8","","Opened","7.351","5","Safe","Calm","0.0","57","16.7","11.8","999.1","1010.5"
"2026-08-11","03:13:26","Clear","Dry","Dark","1.3","24.2","3328","57232","25.9","21%","29.8","","Opened","7.366","5","Safe","Calm","0.0","57","16.7","11.8","999.1","1010.6"
"2026-08-11","03:13:36","Clear","Dry","Dark","1.2","24.2","3328","57232","25.9","21%","29.8","","Opened","7.390","5","Safe","Calm","0.0","57","16.8","11.7","999.2","1010.7"
"2026-08-11","03:13:47","Clear","Dry","Dark","1.3","24.2","3328","57232","25.9","21%","29.8","","Opened","7.869","5","Safe","Calm","0.0","57","16.7","11.8","999.1","1010.6"
"2026-08-11","03:13:56","Clear","Dry","Dark","1.5","24.2","3328","57232","25.9","21%","29.8","","Opened","7.350","5","Safe","Calm","0.0","57","16.7","12.0","999.2","1010.7"
"2026-08-11","03:14:06","Clear","Dry","Dark","1.3","24.2","3328","57232","25.9","21%","29.8","","Opened","7.374","5","Safe","Calm","0.0","57","16.7","11.8","999.1","1010.6"
"2026-08-11","03:14:16","Clear","Dry","Dark","1.3","24.2","3328","57232","25.9","21%","29.8","","Opened","7.405","5","Safe","Calm","0.0","57","16.8","11.8","999.2","1010.7"
"2026-08-11","03:14:26","Clear","Dry","Dark","1.3","24.2","3328","57232","25.9","21%","29.7","","Opened","7.370","5","Safe","Calm","0.0","57","16.8","11.8","999.1","1010.6"
"2026-08-11","03:14:36","Clear","Dry","Dark","1.3","24.2","3328","57232","25.9","21%","29.7","","Opened","7.319","5","Safe","Calm","0.0","57","16.7","11.8","999.3","1010.7"
"2026-08-11","03:14:46","Clear","Dry","Dark","1.3","24.2","3328","57232","25.9","21%","29.7","","Opened","7.595","5","Safe","Calm","0.0","57","16.7","11.8","999.1","1010.6"
"2026-08-11","03:14:56","Clear","Dry","Dark","1.3","24.2","3328","57232","25.9","21%","29.7","","Opened","7.326","5","Safe","Calm","0.0","57","16.7","11.8","999.1","1010.6"
"2026-08-11","03:15:06","Clear","Dry","Dark","1.4","24.2","3328","57232","25.9","21%","29.7","","Opened","7.275","5","Safe","Calm","0.0","57","16.7","11.9","999.2","1010.7"
"2026-08-11","03:15:16","Clear","Dry","Dark","1.3","24.2","3328","57232","25.9","21%","29.7","","Opened","7.370","5","Safe","Calm","0.0","57","16.8","11.8","999.1","1010.6"
"2026-08-11","03:15:26","Clear","Dry","Dark","1.3","24.3","3328","57232","25.9","21%","29.7","","Opened","7.390","5","Safe","Calm","0.0","57","16.7","11.8","999.2","1010.7"
"2026-08-11","03:15:36","Clear","Dry","Dark","1.3","24.2","3328","57232","25.9","21%","29.7","","Opened","7.420","5","Safe","Calm","0.0","57","16.7","11.8","999.2","1010.7"
"2026-08-11","03:15:46","Clear","Dry","Dark","1.5","24.2","3328","57232","25.9","21%","29.7","","Opened","7.556","5","Safe","Calm","0.0","57","16.7","12.0","999.3","1010.7"
"2026-08-11","03:15:56","Clear","Dry","Dark","1.3","24.2","3328","57232","25.9","21%","29.7","","Opened","7.390","5","Safe","Calm","0.0","57","16.7","11.8","999.2","1010.7"
"2026-08-11","03:16:06","Clear","Dry","Dark","1.6","24.3","3328","57232","26.0","21%","29.7","","Opened","7.350","5","Safe","Calm","0.0","57","16.7","12.1","999.1","1010.5"
"2026-08-11","03:16:16","Clear","Dry","Dark","1.5","24.3","3328","57232","26.0","21%","29.7","Heating UP","Opened","7.415","5","Safe","Calm","0.0","57","16.7","12.1","999.1","1010.5"
"2026-08-11","03:16:26","Clear","Dry","Dark","1.3","24.3","3200","57232","26.0","22%","29.7","","Opened","7.369","5","Safe","Calm","0.0","57","16.7","11.8","999.2","1010.7"
"2026-08-11","03:16:36","Clear","Dry","Dark","1.4","24.3","3200","57232","26.0","22%","29.7","Heating UP","Opened","7.460","5","Safe","Calm","0.0","57","16.7","12.0","999.1","1010.6"
"2026-08-11","03:16:47","Clear","Dry","Dark","1.3","24.3","3200","57232","26.0","23%","29.7","Heating UP","Opened","7.904","5","Safe","Calm","0.0","57","16.7","11.8","999.1","1010.5"
"2026-08-11","03:16:56","Clear","Dry","Dark","1.5","24.2","3200","57232","26.0","24%","29.8","","Opened","7.440","5","Safe","Calm","0.0","57","16.7","12.0","999.1","1010.6"
"2026-08-11","03:17:06","Clear","Dry","Dark","1.4","24.2","3200","57232","26.0","24%","29.7","Heating UP","Opened","7.479","5","Safe","Calm","0.0","56","16.7","11.9","999.3","1010.7"
"2026-08-11","03:17:16","Clear","Dry","Dark","1.4","24.3","3328","57232","26.0","25%","29.7","Heating UP","Opened","7.571","5","Safe","Calm","0.0","56","16.7","11.9","999.1","1010.5"
"2026-08-11","03:17:26","Clear","Dry","Dark","1.3","24.2","3200","57232","26.0","26%","29.7","Heating UP","Opened","7.455","5","Safe","Calm","0.0","56","16.7","11.8","999.1","1010.6"
"2026-08-11","03:17:36","Clear","Dry","Dark","1.3","24.2","3200","57232","26.0","27%","29.8","","Opened","7.414","5","Safe","Calm","0.0","56","16.6","11.8","999.1","1010.6"
"2026-08-11","03:17:46","Clear","Dry","Dark","1.3","24.2","3200","57232","26.0","27%","29.8","","Opened","7.605","5","Safe","Calm","0.0","56","16.7","11.8","999.1","1010.6"
"2026-08-11","03:17:56","Clear","Dry","Dark","1.3","24.2","3200","57232","26.0","27%","29.8","","Opened","7.347","5","Safe","Calm","0.0","56","16.6","11.8","999.1","1010.6"
"2026-08-11","03:18:06","Clear","Dry","Dark","1.2","24.2","3200","57232","26.0","27%","29.8","","Opened","7.331","5","Safe","Calm","0.0","56","16.6","11.8","999.1","1010.6"
"2026-08-11","03:18:16","Clear","Dry","Dark","1.4","24.2","3200","57232","26.0","27%","29.8","","Opened","7.364","5","Safe","Calm","0.0","56","16.6","11.9","999.1","1010.6"
"2026-08-11","03:18:26","Clear","Dry","Dark","1.3","24.2","3200","57232","26.0","27%","29.8","","Opened","7.450","5","Safe","Calm","0.0","56","16.6","11.8","999.1","1010.6"
"2026-08-11","03:18:36","Clear","Dry","Dark","1.3","24.2","3200","57232","26.0","27%","29.9","","Opened","7.375","5","Safe","Calm","0.0","56","16.6","11.8","999.1","1010.6"
"2026-08-11","03:18:47","Clear","Dry","Dark","1.2","24.2","3200","57232","26.0","27%","29.9","","Opened","7.719","5","Safe","Calm","0.0","56","16.7","11.8","999.1","1010.5"
"2026-08-11","03:18:56","Clear","Dry","Dark","1.3","24.2","3200","57232","26.0","27%","30.0","","Opened","7.390","5","Safe","Calm","0.0","56","16.7","11.8","999.2","1010.7"
"2026-08-11","03:19:06","Clear","Dry","Dark","1.3","24.2","3200","57232","26.0","27%","30.1","","Opened","7.346","5","Safe","Calm","0.0","56","16.7","11.8","999.1","1010.5"
"2026-08-11","03:19:16","Clear","Dry","Dark","1.1","24.2","3200","57232","26.0","27%","30.2","","Opened","7.414","5","Safe","Calm","0.0","56","16.7","11.7","999.1","1010.6"
"2026-08-11","03:19:26","Clear","Dry","Dark","1.2","24.2","3200","57232","26.0","27%","30.2","","Opened","7.295","5","Safe","Calm","0.0","56","16.7","11.8","999.1","1010.5"
"2026-08-11","03:19:36","Clear","Dry","Dark","1.2","24.2","3200","57232","26.0","27%","30.2","","Opened","7.336","5","Safe","Calm","0.0","56","16.7","11.7","999.2","1010.7"
"2026-08-11","03:19:46","Clear","Dry","Dark","1.3","24.2","3200","57232","26.0","27%","30.3","","Opened","7.604","5","Safe","Calm","0.0","56","16.7","11.8","999.1","1010.6"
"2026-08-11","03:19:56","Clear","Dry","Dark","1.3","24.2","3200","57232","26.0","27%","30.3","","Opened","7.344","5","Safe","Calm","0.0","56","16.7","11.8","999.1","1010.6"
"2026-08-11","03:20:06","Clear","Dry","Dark","1.2","24.2","3200","57232","26.0","27%","30.3","","Opened","7.425","5","Safe","Calm","0.0","56","16.7","11.8","999.1","1010.6"
"2026-08-11","03:20:16","Clear","Dry","Dark","1.3","24.2","3200","57232","26.0","27%","30.3","","Opened","7.291","5","Safe","Calm","0.0","56","16.7","11.8","999.1","1010.5"
"2026-08-11","03:20:26","Clear","Dry","Dark","1.2","24.2","3200","57232","26.1","27%","30.3","","Opened","7.296","5","Safe","Calm","0.0","56","16.7","11.8","999.1","1010.6"
"2026-08-11","03:20:36","Clear","Dry","Dark","1.1","24.2","3200","57232","26.0","27%","30.3","","Opened","7.304","5","Safe","Calm","0.0","56","16.7","11.6","999.1","1010.5"
"2026-08-11","03:20:46","Clear","Dry","Dark","1.1","24.2","3200","57232","26.0","27%","30.3","","Opened","7.525","5","Safe","Calm","0.0","56","16.7","11.7","999.1","1010.5"
"2026-08-11","03:20:56","Clear","Dry","Dark","1.2","24.2","3200","57232","26.0","27%","30.3","","Opened","7.440","5","Safe","Calm","0.0","56","16.7","11.8","999.1","1010.5"
"2026-08-11","03:21:06","Clear","Dry","Dark","1.2","24.2","3200","57232","26.1","27%","30.3","","Opened","7.354","5","Safe","Calm","0.0","56","16.7","11.8","999.2","1010.7"
"2026-08-11","03:21:16","Clear","Dry","Dark","1.1","24.2","3200","57232","26.1","27%","30.3","","Opened","7.355","5","Safe","Calm","0.0","56","16.7","11.6","999.1","1010.6"
"2026-08-11","03:21:26","Clear","Dry","Dark","1.2","24.2","3200","57232","26.1","27%","30.4","Heating DOWN","Opened","7.496","5","Safe","Calm","0.0","56","16.7","11.7","999.2","1010.7"
"2026-08-11","03:21:36","Clear","Dry","Dark","1.1","24.2","3200","57232","26.1","26%","30.4","Heating DOWN","Opened","7.584","5","Safe","Calm","0.0","56","16.7","11.7","999.1","1010.5"
"2026-08-11","03:21:47","Clear","Dry","Dark","1.1","24.2","3328","57232","26.1","25%","30.4","Heating DOWN","Opened","7.685","5","Safe","Calm","0.0","56","16.7","11.7","999.1","1010.5"
"2026-08-11","03:21:56","Clear","Dry","Dark","1.3","24.2","3200","57232","26.0","24%","30.4","Heating DOWN","Opened","7.471","5","Safe","Calm","0.0","56","16.7","11.9","999.1","1010.6"
"2026-08-11","03:22:06","Clear","Dry","Dark","1.2","24.2","3200","57232","26.0","23%","30.3","","Opened","7.350","5","Safe","Calm","0.0","56","16.6","11.8","999.1","1010.5"
"2026-08-11","03:22:16","Clear","Dry","Dark","1.0","24.3","3200","57232","26.0","23%","30.2","","Opened","7.360","5","Safe","Calm","0.0","56","16.6","11.5","999.0","1010.5"
"2026-08-11","03:22:26","Clear","Dry","Dark","0.9","24.3","3200","57232","26.0","23%","30.2","","Opened","7.335","5","Safe","Calm","0.0","56","16.6","11.4","999.1","1010.6"
"2026-08-11","03:22:36","Clear","Dry","Dark","0.9","24.2","3200","57232","26.0","23%","30.2","","Opened","7.366","5","Safe","Calm","0.0","56","16.6","11.4","999.1","1010.5"
"2026-08-11","03:22:47","Clear","Dry","Dark","1.0","24.2","3200","57232","26.0","23%","30.2","","Opened","7.700","5","Safe","Calm","0.0","56","16.6","11.5","999.1","1010.6"
"2026-08-11","03:22:56","Clear","Dry","Dark","1.0","24.2","3200","57232","26.0","23%","30.1","","Opened","7.380","5","Safe","Calm","0.0","56","16.6","11.6","999.1","1010.6"
"2026-08-11","03:23:06","Clear","Dry","Dark","0.9","24.2","3200","57232","26.0","23%","30.0","","Opened","7.410","5","Safe","Calm","0.0","56","16.7","11.5","999.1","1010.5"
"2026-08-11","03:23:16","Clear","Dry","Dark","0.9","24.2","3200","57232","26.0","23%","30.0","","Opened","7.312","5","Safe","Calm","0.0","56","16.6","11.4","999.1","1010.5"
"2026-08-11","03:23:26","Clear","Dry","Dark","0.9","24.1","3200","57232","26.0","23%","29.9","","Opened","7.359","5","Safe","Calm","0.0","56","16.6","11.4","999.1","1010.5"
"2026-08-11","03:23:36","Clear","Dry","Dark","0.9","24.1","3200","57232","26.0","23%","29.9","","Opened","7.410","5","Safe","Calm","0.0","56","16.6","11.4","999.2","1010.7"
"2026-08-11","03:23:46","Clear","Dry","Dark","0.9","24.1","3200","57232","26.0","23%","29.8","","Opened","7.571","5","Safe","Calm","0.0","56","16.6","11.4","999.1","1010.5"
"2026-08-11","03:23:56","Clear","Dry","Dark","0.9","24.1","3200","57232","26.0","23%","29.8","","Opened","7.439","5","Safe","Calm","0.0","56","16.6","11.4","999.1","1010.5"
"2026-08-11","03:24:06","Clear","Dry","Dark","0.9","24.0","3200","57232","25.9","23%","29.7","","Opened","7.355","5","Safe","Calm","0.0","56","16.6","11.4","999.1","1010.6"
"2026-08-11","03:24:16","Clear","Dry","Dark","1.0","24.0","3200","57232","25.9","23%","29.7","","Opened","7.366","5","Safe","Calm","0.0","56","16.6","11.5","999.2","1010.7"
"2026-08-11","03:24:26","Clear","Dry","Dark","1.0","24.0","3200","57232","25.9","23%","29.7","","Opened","7.366","5","Safe","Calm","0.0","56","16.6","11.5","999.2","1010.7"
"2026-08-11","03:24:36","Clear","Dry","Dark","1.0","24.0","3200","57232","25.9","23%","29.7","","Opened","7.339","5","Safe","Calm","0.0","56","16.6","11.5","999.1","1010.6"
"2026-08-11","03:24:47","Clear","Dry","Dark","1.0","24.0","3200","57232","25.9","23%","29.6","Heating UP","Opened","7.734","5","Safe","Calm","0.0","56","16.6","11.5","999.1","1010.5"
"2026-08-11","03:24:56","Clear","Dry","Dark","0.9","24.0","3200","57232","25.9","24%","29.6","Heating UP","Opened","7.531","5","Safe","Calm","0.0","57","16.6","11.4","999.1","1010.6"
"2026-08-11","03:25:06","Clear","Dry","Dark","1.0","23.9","3328","57232","25.9","25%","29.6","Heating UP","Opened","7.410","5","Safe","Calm","0.0","57","16.6","11.4","999.2","1010.7"
"2026-08-11","03:25:16","Clear","Dry","Dark","0.9","23.9","3200","57232","25.9","26%","29.6","Heating UP","Opened","7.575","5","Safe","Calm","0.0","57","16.6","11.4","999.1","1010.5"
"2026-08-11","03:25:26","Clear","Dry","Dark","1.0","23.9","3200","57232","25.9","27%","29.6","","Opened","7.365","5","Safe","Calm","0.0","57","16.6","11.5","999.1","1010.6"
"2026-08-11","03:25:36","Clear","Dry","Dark","1.0","23.9","3200","57232","25.9","27%","29.6","Heating UP","Opened","7.565","5","Safe","Calm","0.0","57","16.6","11.4","999.1","1010.5"
"2026-08-11","03:25:46","Clear","Dry","Dark","0.9","23.9","3200","57232","25.8","28%","29.7","","Opened","7.545","5","Safe","Calm","0.0","57","16.6","11.4","999.2","1010.7"
"2026-08-11","03:25:56","Clear","Dry","Dark","1.0","23.8","3200","57232","25.8","28%","29.8","","Opened","7.373","5","Safe","Calm","0.0","57","16.6","11.5","999.1","1010.5"
"2026-08-11","03:26:06","Clear","Dry","Dark","1.0","23.8","3200","57232","25.8","28%","29.8","","Opened","7.353","5","Safe","Calm","0.0","57","16.6","11.5","999.1","1010.6"
"2026-08-11","03:26:16","Clear","Dry","Dark","1.0","23.8","3200","57232","25.8","28%","29.8","","Opened","7.345","5","Safe","Calm","0.0","57","16.5","11.5","999.1","1010.6"
"2026-08-11","03:26:26","Clear","Dry","Dark","1.0","23.8","3200","57232","25.8","28%","29.8","","Opened","7.345","5","Safe","Calm","0.0","57","16.5","11.5","999.1","1010.6"
"2026-08-11","03:26:36","Clear","Dry","Dark","1.1","23.8","3200","57232","25.8","28%","29.9","","Opened","7.416","5","Safe","Calm","0.0","57","16.5","11.6","999.1","1010.5"
"2026-08-11","03:26:47","Clear","Dry","Dark","1.0","23.8","3200","57232","25.8","28%","29.9","","Opened","7.741","5","Safe","Calm","0.0","57","16.5","11.5","999.1","1010.5"
"2026-08-11","03:26:56","Clear","Dry","Dark","1.0","23.8","3200","57232","25.8","28%","30.0","","Opened","7.379","5","Safe","Calm","0.0","56","16.5","11.4","999.1","1010.6"
"2026-08-11","03:27:06","Clear","Dry","Dark","0.9","23.8","3200","57232","25.8","28%","30.1","Heating DOWN","Opened","7.545","5","Safe","Calm","0.0","56","16.5","11.3","999.2","1010.7"
"2026-08-11","03:27:16","Clear","Dry","Dark","1.0","23.7","3200","57232","25.7","27%","30.1","Heating DOWN","Opened","7.511","5","Safe","Calm","0.0","56","16.5","11.3","999.2","1010.7"
"2026-08-11","03:27:26","Clear","Dry","Dark","0.9","23.7","3200","57232","25.7","26%","30.1","Heating DOWN","Opened","7.440","5","Safe","Calm","0.0","57","16.5","11.3","999.1","1010.6"
"2026-08-11","03:27:36","Clear","Dry","Dark","1.0","23.7","3328","57232","25.7","25%","30.2","Heating DOWN","Opened","7.520","5","Safe","Calm","0.0","57","16.5","11.4","999.1","1010.6"
"2026-08-11","03:27:47","Clear","Dry","Dark","0.8","23.7","3200","57232","25.7","24%","30.2","Heating DOWN","Opened","7.709","5","Safe","Calm","0.0","57","16.5","11.2","999.1","1010.6"
"2026-08-11","03:27:56","Clear","Dry","Dark","0.8","23.6","3200","57232","25.7","23%","30.2","Heating DOWN","Opened","7.500","5","Safe","Calm","0.0","57","16.5","11.2","999.1","1010.6"
"2026-08-11","03:28:06","Clear","Dry","Dark","0.8","23.6","3200","57232","25.7","22%","30.1","","Opened","7.389","5","Safe","Calm","0.0","57","16.5","11.2","999.1","1010.6"
"2026-08-11","03:28:16","Clear","Dry","Dark","0.9","23.6","3200","57232","25.7","22%","30.1","Heating DOWN","Opened","7.485","5","Safe","Calm","0.0","57","16.4","11.2","999.1","1010.6"
"2026-08-11","03:28:26","Clear","Dry","Dark","0.8","23.6","3328","57232","25.7","21%","30.1","Heating DOWN","Opened","7.536","5","Safe","Calm","0.0","57","16.4","11.2","999.1","1010.6"
"2026-08-11","03:28:36","Clear","Dry","Dark","0.8","23.6","3200","57232","25.7","20%","30.1","Heating DOWN","Opened","7.564","5","Safe","Calm","0.0","57","16.4","11.2","999.1","1010.6"
"2026-08-11","03:28:46","Clear","Dry","Dark","0.8","23.5","3200","57232","25.7","19%","30.0","","Opened","7.565","5","Safe","Calm","0.0","57","16.5","11.1","999.2","1010.7"
"2026-08-11","03:28:56","Clear","Dry","Dark","0.8","23.5","3200","57232","25.6","19%","30.0","Heating DOWN","Opened","7.476","5","Safe","Calm","0.0","57","16.4","11.1","999.1","1010.6"
"2026-08-11","03:29:06","Clear","Dry","Dark","0.8","23.5","3200","57232","25.7","18%","30.0","Heating DOWN","Opened","7.525","5","Safe","Calm","0.0","57","16.5","11.2","999.1","1010.6"
"2026-08-11","03:29:16","Clear","Dry","Dark","0.8","23.5","3328","57232","25.6","17%","29.9","","Opened","7.360","5","Safe","Calm","0.0","57","16.5","11.1","999.2","1010.7"
"2026-08-11","03:29:26","Clear","Dry","Dark","0.8","23.5","3328","57232","25.6","17%","29.8","","Opened","7.405","5","Safe","Calm","0.0","57","16.5","11.2","999.1","1010.6"
"2026-08-11","03:29:36","Clear","Dry","Dark","0.8","23.5","3328","57232","25.6","17%","29.8","","Opened","7.332","5","Safe","Calm","0.0","57","16.5","11.1","999.2","1010.7"
"2026-08-11","03:29:46","Clear","Dry","Dark","0.7","23.5","3328","57232","25.6","17%","29.7","","Opened","7.595","5","Safe","Calm","0.0","57","16.5","11.1","999.1","1010.6"
"2026-08-11","03:29:56","Clear","Dry","Dark","0.7","23.4","3328","57232","25.6","17%","29.6","","Opened","7.370","5","Safe","Calm","0.0","57","16.5","11.0","999.1","1010.6"
"2026-08-11","03:30:06","Clear","Dry","Dark","0.6","23.4","3328","57232","25.6","17%","29.6","","Opened","7.375","5","Safe","Calm","0.0","57","16.5","11.0","999.2","1010.7"
"2026-08-11","03:30:16","Clear","Dry","Dark","0.8","23.4","3328","57232","25.6","17%","29.5","","Opened","7.355","5","Safe","Calm","0.0","57","16.5","11.1","999.1","1010.6"
"2026-08-11","03:30:26","Clear","Dry","Dark","0.8","23.4","3328","57232","25.6","17%","29.4","","Opened","7.480","5","Safe","Calm","0.0","57","16.5","11.2","999.1","1010.6"
"2026-08-11","03:30:36","Clear","Dry","Dark","0.8","23.4","3328","57232","25.6","17%","29.2","Heating UP","Opened","7.405","5","Safe","Calm","0.0","57","16.5","11.1","999.2","1010.7"
"2026-08-11","03:30:47","Clear","Dry","Dark","0.7","23.4","3200","57232","25.6","18%","29.2","Heating UP","Opened","7.736","5","Safe","Calm","0.0","57","16.5","11.0","999.1","1010.6"
"2026-08-11","03:30:56","Clear","Dry","Dark","0.8","23.4","3200","57232","25.6","19%","29.2","Heating UP","Opened","7.459","5","Safe","Calm","0.0","57","16.5","11.1","999.3","1010.7"
"2026-08-11","03:31:06","Clear","Dry","Dark","0.8","23.4","3200","57232","25.6","20%","29.1","Heating UP","Opened","7.485","5","Safe","Calm","0.0","57","16.5","11.1","999.1","1010.6"
"2026-08-11","03:31:16","Clear","Dry","Dark","0.7","23.3","3328","57232","25.6","21%","29.1","Heating UP","Opened","7.476","5","Safe","Calm","0.0","57","16.5","11.0","999.1","1010.6"
"2026-08-11","03:31:26","Clear","Dry","Dark","0.8","23.3","3200","57232","25.6","22%","29.1","Heating UP","Opened","7.430","5","Safe","Calm","0.0","57","16.5","11.1","999.3","1010.7"
"2026-08-11","03:31:36","Clear","Dry","Dark","0.8","23.3","3200","57232","25.6","23%","29.1","Heating UP","Opened","7.455","5","Safe","Calm","0.0","57","16.5","11.1","999.2","1010.7"
"2026-08-11","03:31:47","Clear","Dry","Dark","0.7","23.3","3200","57232","25.5","24%","29.1","Heating UP","Opened","7.863","5","Safe","Calm","0.0","57","16.5","11.0","999.1","1010.6"
"2026-08-11","03:31:56","Clear","Dry","Dark","0.7","23.3","3328","57232","25.5","25%","29.2","","Opened","7.401","5","Safe","Calm","0.0","57","16.5","11.0","999.1","1010.6"
"2026-08-11","03:32:06","Clear","Dry","Dark","0.7","23.3","3328","57232","25.5","25%","29.2","","Opened","7.335","5","Safe","Calm","0.0","57","16.5","11.0","999.1","1010.6"
"2026-08-11","03:32:16","Clear","Dry","Dark","0.8","23.3","3328","57232","25.6","25%","29.4","","Opened","7.360","5","Safe","Calm","0.0","57","16.5","11.1","999.3","1010.7"
"2026-08-11","03:32:26","Clear","Dry","Dark","0.8","23.3","3328","57232","25.5","25%","29.4","","Opened","7.379","5","Safe","Calm","0.0","57","16.5","11.0","999.2","1010.7"
"2026-08-11","03:32:36","Clear","Dry","Dark","0.7","23.2","3328","57232","25.5","25%","29.5","","Opened","7.340","5","Safe","Calm","0.0","57","16.5","11.0","999.2","1010.7"
"2026-08-11","03:32:47","Clear","Dry","Dark","0.7","23.2","3328","57232","25.5","25%","29.5","","Opened","7.655","5","Safe","Calm","0.0","57","16.5","10.9","999.2","1010.7"
"2026-08-11","03:32:56","Clear","Dry","Dark","0.6","23.2","3328","57232","25.5","25%","29.6","","Opened","7.345","5","Safe","Calm","0.0","57","16.5","10.9","999.3","1010.7"
"2026-08-11","03:33:06","Clear","Dry","Dark","0.6","23.1","3328","57232","25.5","25%","29.6","","Opened","7.346","5","Safe","Calm","0.0","57","16.5","10.9","999.2","1010.7"
"2026-08-11","03:33:16","Clear","Dry","Dark","0.7","23.1","3328","57232","25.5","25%","29.6","","Opened","7.339","5","Safe","Calm","0.0","58","16.5","10.9","999.2","1010.7"
"2026-08-11","03:33:26","Clear","Dry","Dark","0.7","23.1","3328","57232","25.5","25%","29.7","","Opened","7.280","5","Safe","Calm","0.0","58","16.5","10.9","999.2","1010.7"
"2026-08-11","03:33:36","Clear","Dry","Dark","0.7","23.1","3328","57232","25.5","25%","29.7","","Opened","7.416","5","Safe","Calm","0.0","58","16.5","10.9","999.2","1010.7"
"2026-08-11","03:33:47","Clear","Dry","Dark","0.7","23.1","3328","57232","25.5","25%","29.7","","Opened","7.645","5","Safe","Calm","0.0","58","16.5","10.9","999.1","1010.6"
"2026-08-11","03:33:56","Clear","Dry","Dark","0.6","23.1","3328","57232","25.5","25%","29.7","","Opened","7.341","5","Safe","Calm","0.0","58","16.5","10.8","999.3","1010.7"
"2026-08-11","03:34:06","Clear","Dry","Dark","0.6","23.0","3328","57232","25.5","25%","29.8","","Opened","7.325","5","Safe","Calm","0.0","58","16.5","10.9","999.3","1010.7"
"2026-08-11","03:34:16","Clear","Dry","Dark","0.7","23.0","3328","57232","25.5","25%","29.7","","Opened","7.355","5","Safe","Calm","0.0","58","16.5","10.9","999.1","1010.6"
"2026-08-11","03:34:26","Clear","Dry","Dark","0.7","23.0","3328","57232","25.5","25%","29.8","Heating DOWN","Opened","7.465","5","Safe","Calm","0.0","58","16.5","10.9","999.2","1010.7"
"2026-08-11","03:34:36","Clear","Dry","Dark","0.7","23.1","3200","57232","25.4","24%","29.7","","Opened","7.460","5","Safe","Calm","0.0","58","16.5","11.0","999.1","1010.6"
"2026-08-11","03:34:46","Clear","Dry","Dark","0.6","23.0","3200","57232","25.4","24%","29.7","","Opened","7.624","5","Safe","Calm","0.0","58","16.5","10.9","999.1","1010.6"
"2026-08-11","03:34:56","Clear","Dry","Dark","0.6","23.0","3200","57232","25.4","24%","29.7","","Opened","7.406","5","Safe","Calm","0.0","58","16.5","10.8","999.2","1010.7"
"2026-08-11","03:35:06","Clear","Dry","Dark","0.8","23.0","3200","57232","25.4","24%","29.7","","Opened","7.431","5","Safe","Calm","0.0","58","16.5","11.0","999.1","1010.6"
"2026-08-11","03:35:16","Clear","Dry","Dark","0.7","23.0","3200","57232","25.4","24%","29.7","","Opened","7.280","5","Safe","Calm","0.0","58","16.5","11.0","999.2","1010.7"
"2026-08-11","03:35:26","Clear","Dry","Dark","0.6","23.0","3200","57232","25.4","24%","29.7","","Opened","7.395","5","Safe","Calm","0.0","58","16.5","10.8","999.1","1010.6"
"2026-08-11","03:35:36","Clear","Dry","Dark","0.7","23.0","3200","57232","25.4","24%","29.7","","Opened","7.444","5","Safe","Calm","0.0","58","16.5","10.9","999.1","1010.6"
"2026-08-11","03:35:46","Clear","Dry","Dark","0.8","23.0","3200","57232","25.4","24%","29.7","","Opened","7.625","5","Safe","Calm","0.0","58","16.5","11.0","999.1","1010.6"
"2026-08-11","03:35:56","Clear","Dry","Dark","0.8","23.0","3200","57232","25.4","24%","29.7","Heating DOWN","Opened","7.441","5","Safe","Calm","0.0","58","16.5","11.0","999.3","1010.7"
"2026-08-11","03:36:06","Clear","Dry","Dark","0.8","23.0","3200","57232","25.4","23%","29.7","Heating DOWN","Opened","7.495","5","Safe","Calm","0.0","58","16.5","11.0","999.1","1010.6"
"2026-08-11","03:36:16","Clear","Dry","Dark","0.9","22.9","3200","57232","25.3","22%","29.6","","Opened","7.285","5","Safe","Calm","0.0","58","16.5","11.0","999.1","1010.6"
"2026-08-11","03:36:26","Clear","Dry","Dark","1.0","22.9","3200","57232","25.4","22%","29.6","","Opened","7.365","5","Safe","Calm","0.0","58","16.5","11.2","999.2","1010.7"
"2026-08-11","03:36:36","Clear","Dry","Dark","0.9","23.0","3200","57232","25.3","22%","29.6","","Opened","7.395","5","Safe","Calm","0.0","58","16.5","11.0","999.1","1010.6"
"2026-08-11","03:36:47","Clear","Dry","Dark","1.0","23.0","3200","57232","25.3","22%","29.6","","Opened","7.640","5","Safe","Calm","0.0","58","16.5","11.1","999.1","1010.6"
"2026-08-11","03:36:56","Clear","Dry","Dark","0.8","23.0","3200","57232","25.3","22%","29.6","","Opened","7.325","5","Safe","Calm","0.0","58","16.5","11.0","999.1","1010.6"
"2026-08-11","03:37:06","Clear","Dry","Dark","1.0","23.0","3200","57232","25.3","22%","29.5","","Opened","7.370","5","Safe","Calm","0.0","58","16.5","11.2","999.2","1010.7"
"2026-08-11","03:37:16","Clear","Dry","Dark","0.9","23.0","3200","57232","25.3","22%","29.5","","Opened","7.390","5","Safe","Calm","0.0","58","16.4","11.0","999.1","1010.6"
"2026-08-11","03:37:26","Clear","Dry","Dark","1.0","23.0","3200","57232","25.3","22%","29.4","","Opened","7.361","5","Safe","Calm","0.0","58","16.4","11.1","999.1","1010.6"
"2026-08-11","03:37:36","Clear","Dry","Dark","0.9","23.0","3200","57232","25.3","22%","29.4","","Opened","7.430","5","Safe","Calm","0.0","58","16.4","11.1","999.3","1010.8"
"2026-08-11","03:37:47","Clear","Dry","Dark","1.0","23.0","3200","57232","25.3","22%","29.2","","Opened","7.655","5","Safe","Calm","0.0","58","16.4","11.2","999.1","1010.6"
"2026-08-11","03:37:56","Clear","Dry","Dark","0.9","23.0","3200","57232","25.2","22%","29.1","","Opened","7.395","5","Safe","Calm","0.0","58","16.3","11.1","999.1","1010.6"
"2026-08-11","03:38:06","Clear","Dry","Dark","1.2","23.0","3200","57232","25.3","22%","29.1","","Opened","7.321","5","Safe","Calm","0.0","58","16.3","11.4","999.1","1010.6"
"2026-08-11","03:38:16","Clear","Dry","Dark","1.3","23.1","3200","57232","25.2","22%","29.1","","Opened","7.326","5","Safe","Calm","0.0","58","16.3","11.4","999.1","1010.6"
"2026-08-11","03:38:26","Clear","Dry","Dark","1.0","23.1","3200","57232","25.2","22%","29.1","","Opened","7.365","5","Safe","Calm","0.0","58","16.3","11.1","999.1","1010.6"
"2026-08-11","03:38:36","Clear","Dry","Dark","1.0","23.1","3200","57232","25.2","22%","29.1","","Opened","7.356","5","Safe","Calm","0.0","58","16.3","11.1","999.2","1010.7"
"2026-08-11","03:38:47","Clear","Dry","Dark","1.1","23.1","3200","57232","25.2","22%","29.1","","Opened","7.765","5","Safe","Calm","0.0","58","16.3","11.2","999.1","1010.6"
"2026-08-11","03:38:56","Clear","Dry","Dark","1.1","23.1","3200","57232","25.2","22%","29.1","","Opened","7.464","5","Safe","Calm","0.0","58","16.2","11.2","999.2","1010.7"
"2026-08-11","03:39:06","Clear","Dry","Dark","1.1","23.1","3200","57232","25.2","22%","29.0","","Opened","7.331","5","Safe","Calm","0.0","58","16.2","11.2","999.3","1010.7"
"2026-08-11","03:39:16","Clear","Dry","Dark","1.1","23.1","3200","57232","25.2","22%","29.0","","Opened","7.390","5","Safe","Calm","0.0","57","16.2","11.2","999.1","1010.6"
"2026-08-11","03:39:26","Clear","Dry","Dark","1.1","23.1","3200","57232","25.2","22%","28.9","","Opened","7.484","5","Safe","Calm","0.0","57","16.2","11.2","999.2","1010.7"
"2026-08-11","03:39:36","Clear","Dry","Dark","1.0","23.1","3200","57232","25.2","22%","28.9","","Opened","7.394","5","Safe","Calm","0.0","57","16.2","11.1","999.3","1010.7"
"2026-08-11","03:39:47","Clear","Dry","Dark","1.1","23.1","3200","57232","25.2","22%","28.9","","Opened","7.645","5","Safe","Calm","0.0","57","16.2","11.2","999.3","1010.8"
"2026-08-11","03:39:56","Clear","Dry","Dark","1.0","23.1","3200","57232","25.2","22%","28.9","","Opened","7.345","5","Safe","Calm","0.0","57","16.2","11.1","999.1","1010.6"
"2026-08-11","03:40:06","Clear","Dry","Dark","1.3","23.1","3200","57232","25.2","22%","28.9","","Opened","7.394","5","Safe","Calm","0.0","57","16.2","11.3","999.2","1010.7"
"2026-08-11","03:40:16","Clear","Dry","Dark","1.3","23.1","3200","57232","25.2","22%","28.9","","Opened","7.405","5","Safe","Calm","0.0","57","16.2","11.3","999.2","1010.7"
"2026-08-11","03:40:26","Clear","Dry","Dark","1.3","23.1","3200","57232","25.2","22%","28.8","Heating UP","Opened","7.545","5","Safe","Calm","0.0","57","16.1","11.4","999.2","1010.7"
"2026-08-11","03:40:36","Clear","Dry","Dark","1.2","23.1","3200","57232","25.1","23%","28.8","","Opened","7.331","5","Safe","Calm","0.0","57","16.1","11.2","999.1","1010.6"
"2026-08-11","03:40:47","Clear","Dry","Dark","1.3","23.1","3200","57232","25.1","23%","28.8","","Opened","7.720","5","Safe","Calm","0.0","57","16.1","11.4","999.2","1010.7"
"2026-08-11","03:40:56","Clear","Dry","Dark","1.2","23.2","3200","57232","25.2","23%","28.8","Heating UP","Opened","7.529","5","Safe","Calm","0.0","57","16.1","11.2","999.1","1010.6"
"2026-08-11","03:41:06","Clear","Dry","Dark","0.8","23.1","3200","57232","25.1","24%","28.8","Heating UP","Opened","7.460","5","Safe","Calm","0.0","57","16.1","10.9","999.1","1010.6"
"2026-08-11","03:41:16","Clear","Dry","Dark","1.2","23.1","3328","57232","25.1","25%","28.7","Heating UP","Opened","7.464","5","Safe","Calm","0.0","57","16.1","11.2","999.1","1010.6"
"2026-08-11","03:41:26","Clear","Dry","Dark","1.2","23.1","3200","57232","25.1","26%","28.7","Heating UP","Opened","7.525","5","Safe","Calm","0.0","57","16.1","11.2","999.3","1010.8"
"2026-08-11","03:41:36","Clear","Dry","Dark","1.3","23.1","3200","57232","25.1","27%","28.7","Heating UP","Opened","7.476","5","Safe","Calm","0.0","57","16.1","11.3","999.1","1010.6"
"2026-08-11","03:41:47","Clear","Dry","Dark","1.1","23.2","3200","57232","25.1","28%","28.6","Heating UP","Opened","7.809","5","Safe","Calm","0.0","57","16.0","11.2","999.1","1010.6"
"2026-08-11","03:41:56","Clear","Dry","Dark","1.2","23.2","3328","57232","25.1","29%","28.7","","Opened","7.355","5","Safe","Calm","0.0","57","16.0","11.2","999.3","1010.8"
"2026-08-11","03:42:06","Clear","Dry","Dark","1.0","23.2","3328","57232","25.1","29%","28.7","Heating UP","Opened","7.441","5","Safe","Calm","0.0","57","16.0","11.1","999.1","1010.6"
"2026-08-11","03:42:16","Clear","Dry","Dark","1.0","23.2","3200","57232","25.1","30%","28.8","","Opened","7.360","5","Safe","Calm","0.0","57","16.0","11.1","999.1","1010.6"
"2026-08-11","03:42:26","Clear","Dry","Dark","1.1","23.2","3200","57232","25.1","30%","28.8","","Opened","7.380","5","Safe","Calm","0.0","57","16.0","11.1","999.1","1010.6"
"2026-08-11","03:42:36","Clear","Dry","Dark","1.2","23.1","3200","57232","25.1","30%","28.9","","Opened","7.425","5","Safe","Calm","0.0","57","16.0","11.2","999.1","1010.6"
"2026-08-11","03:42:46","Clear","Dry","Dark","1.3","23.2","3200","57232","25.1","30%","28.9","","Opened","7.616","5","Safe","Calm","0.0","57","16.0","11.3","999.1","1010.6"
"2026-08-11","03:42:56","Clear","Dry","Dark","0.9","23.2","3200","57232","25.1","30%","29.0","","Opened","7.430","5","Safe","Calm","0.0","57","16.0","11.0","999.1","1010.6"
"2026-08-11","03:43:06","Clear","Dry","Dark","1.0","23.1","3200","57232","25.1","30%","29.0","","Opened","7.334","5","Safe","Calm","0.0","57","16.0","11.1","999.2","1010.7"
"2026-08-11","03:43:16","Clear","Dry","Dark","1.2","23.2","3200","57232","25.1","30%","29.0","","Opened","7.340","5","Safe","Calm","0.0","57","16.0","11.2","999.1","1010.6"
"2026-08-11","03:43:26","Clear","Dry","Dark","1.1","23.1","3200","57232","25.1","30%","29.1","","Opened","7.366","5","Safe","Calm","0.0","57","16.0","11.1","999.2","1010.7"
"2026-08-11","03:43:36","Clear","Dry","Dark","1.1","23.2","3200","57232","25.1","30%","29.1","","Opened","7.384","5","Safe","Calm","0.0","57","16.0","11.1","999.1","1010.6"
"2026-08-11","03:43:46","Clear","Dry","Dark","1.0","23.2","3200","57232","25.1","30%","29.1","","Opened","7.629","5","Safe","Calm","0.0","57","16.0","11.0","999.2","1010.7"
"2026-08-11","03:43:56","Clear","Dry","Dark","1.1","23.1","3200","57232","25.0","30%","29.2","","Opened","7.347","5","Safe","Calm","0.0","57","16.0","11.1","999.3","1010.8"
"2026-08-11","03:44:06","Clear","Dry","Dark","1.3","23.2","3200","57232","25.0","30%","29.2","","Opened","7.344","5","Safe","Calm","0.0","57","16.0","11.3","999.1","1010.6"
"2026-08-11","03:44:16","Clear","Dry","Dark","1.0","23.2","3200","57232","25.0","30%","29.2","","Opened","7.320","5","Safe","Calm","0.0","57","15.9","11.0","999.1","1010.6"
"2026-08-11","03:44:26","Clear","Dry","Dark","1.0","23.2","3200","57232","25.0","30%","29.4","Heating DOWN","Opened","7.486","5","Safe","Calm","0.0","57","16.0","11.0","999.1","1010.6"
"2026-08-11","03:44:36","Clear","Dry","Dark","0.9","23.1","3328","57232","25.0","29%","29.5","Heating DOWN","Opened","7.540","5","Safe","Calm","0.0","57","16.0","10.9","999.1","1010.6"
"2026-08-11","03:44:47","Clear","Dry","Dark","1.3","23.1","3200","57232","25.0","28%","29.6","Heating DOWN","Opened","7.904","5","Safe","Calm","0.0","57","16.0","11.3","999.2","1010.7"
"2026-08-11","03:44:56","Clear","Dry","Dark","1.2","23.2","3200","57232","25.0","26%","29.5","","Opened","7.310","5","Safe","Calm","0.0","57","15.9","11.2","999.1","1010.6"
"2026-08-11","03:45:06","Clear","Dry","Dark","1.1","23.1","3200","57232","25.0","26%","29.6","Heating DOWN","Opened","7.531","5","Safe","Calm","0.0","57","16.0","11.0","999.1","1010.6"
"2026-08-11","03:45:16","Clear","Dry","Dark","1.0","23.1","3200","57232","25.0","24%","29.6","Heating DOWN","Opened","7.505","5","Safe","Calm","0.0","57","16.0","11.0","999.1","1010.6"
"2026-08-11","03:45:26","Clear","Dry","Dark","1.2","23.1","3200","57232","25.0","22%","29.5","","Opened","7.335","5","Safe","Calm","0.0","57","16.0","11.2","999.1","1010.6"
"2026-08-11","03:45:36","Clear","Dry","Dark","1.1","23.1","3200","57232","25.0","22%","29.5","Heating DOWN","Opened","7.490","5","Safe","Calm","0.0","57","15.9","11.0","999.1","1010.6"
"2026-08-11","03:45:47","Clear","Dry","Dark","1.0","23.1","3328","57232","25.0","21%","29.4","","Opened","7.675","5","Safe","Calm","0.0","57","16.0","11.0","999.1","1010.6"
"2026-08-11","03:45:56","Clear","Dry","Dark","1.0","23.1","3328","57232","25.0","21%","29.4","Heating DOWN","Opened","7.434","5","Safe","Calm","0.0","57","16.0","11.0","999.1","1010.6"
"2026-08-11","03:46:06","Clear","Dry","Dark","1.0","23.1","3200","57232","24.9","20%","29.4","Heating DOWN","Opened","7.490","5","Safe","Calm","0.0","57","15.9","11.0","999.1","1010.6"
"2026-08-11","03:46:16","Clear","Dry","Dark","1.0","23.1","3200","57232","25.0","19%","29.4","Heating DOWN","Opened","7.581","5","Safe","Calm","0.0","57","16.0","11.0","999.1","1010.6"
"2026-08-11","03:46:26","Clear","Dry","Dark","1.0","23.1","3200","57232","25.0","18%","29.2","","Opened","7.374","5","Safe","Calm","0.0","57","16.0","11.0","999.1","1010.6"
"2026-08-11","03:46:36","Clear","Dry","Dark","0.9","23.1","3200","57232","24.9","18%","29.2","Heating DOWN","Opened","7.530","5","Safe","Calm","0.0","57","15.9","10.9","999.2","1010.7"
"2026-08-11","03:46:46","Clear","Dry","Dark","1.0","23.1","3328","57232","25.0","17%","29.1","","Opened","7.512","5","Safe","Calm","0.0","57","16.0","10.9","999.1","1010.6"
"2026-08-11","03:46:56","Clear","Dry","Dark","0.9","23.0","3328","57232","24.9","17%","29.1","","Opened","7.296","5","Safe","Calm","0.0","57","15.9","10.8","999.1","1010.6"
"2026-08-11","03:47:06","Clear","Dry","Dark","0.9","23.0","3328","57232","24.9","17%","29.0","","Opened","7.369","5","Safe","Calm","0.0","57","15.9","10.8","999.1","1010.6"
"2026-08-11","03:47:16","Clear","Dry","Dark","0.9","23.0","3328","57232","25.0","17%","29.0","","Opened","7.350","5","Safe","Calm","0.0","57","16.0","10.9","999.1","1010.6"
"2026-08-11","03:47:26","Clear","Dry","Dark","0.9","23.0","3328","57232","24.9","17%","28.9","","Opened","7.331","5","Safe","Calm","0.0","57","16.0","10.8","999.1","1010.6"
"2026-08-11","03:47:36","Clear","Dry","Dark","1.0","23.0","3328","57232","25.0","17%","28.9","","Opened","7.410","5","Safe","Calm","0.0","57","16.0","10.9","999.1","1010.6"
"2026-08-11","03:47:47","Clear","Dry","Dark","1.0","23.0","3328","57232","24.9","17%","28.8","","Opened","7.640","5","Safe","Calm","0.0","57","16.0","10.9","999.1","1010.6"
"2026-08-11","03:47:56","Clear","Dry","Dark","0.9","22.9","3328","57232","25.0","17%","28.8","","Opened","7.360","5","Safe","Calm","0.0","58","16.0","10.8","999.1","1010.6"
"2026-08-11","03:48:06","Clear","Dry","Dark","0.8","23.0","3328","57232","24.9","17%","28.7","","Opened","7.351","5","Safe","Calm","0.0","58","16.0","10.8","999.1","1010.6"
"2026-08-11","03:48:16","Clear","Dry","Dark","0.8","22.9","3328","57232","24.9","17%","28.7","","Opened","7.404","5","Safe","Calm","0.0","58","16.0","10.8","999.1","1010.6"
"2026-08-11","03:48:26","Clear","Dry","Dark","0.8","22.9","3328","57232","24.9","17%","28.7","","Opened","7.300","5","Safe","Calm","0.0","58","16.0","10.8","999.1","1010.6"
"2026-08-11","03:48:36","Clear","Dry","Dark","0.8","22.9","3328","57232","24.9","17%","28.7","","Opened","7.316","5","Safe","Calm","0.0","58","16.0","10.8","999.1","1010.6"
"2026-08-11","03:48:46","Clear","Dry","Dark","0.9","22.9","3328","57232","24.9","17%","28.6","","Opened","7.549","5","Safe","Calm","0.0","58","16.0","10.9","999.1","1010.6"
"2026-08-11","03:48:56","Clear","Dry","Dark","0.9","22.9","3328","57232","24.9","17%","28.6","","Opened","7.285","5","Safe","Calm","0.0","58","16.0","10.8","999.1","1010.6"
"2026-08-11","03:49:06","Clear","Dry","Dark","0.9","22.8","3328","57232","24.9","17%","28.6","","Opened","7.466","5","Safe","Calm","0.0","58","16.0","10.8","999.1","1010.6"
"2026-08-11","03:49:16","Clear","Dry","Dark","0.9","22.8","3328","57232","24.9","17%","28.5","Heating UP","Opened","7.481","5","Safe","Calm","0.0","58","16.0","10.8","999.1","1010.6"
"2026-08-11","03:49:26","Clear","Dry","Dark","0.8","22.8","3200","57232","24.9","18%","28.5","Heating UP","Opened","7.439","5","Safe","Calm","0.0","58","16.0","10.7","999.1","1010.6"
"2026-08-11","03:49:36","Clear","Dry","Dark","0.7","22.8","3200","57232","24.9","19%","28.5","Heating UP","Opened","7.515","5","Safe","Calm","0.0","58","16.0","10.6","999.1","1010.6"
"2026-08-11","03:49:47","Clear","Dry","Dark","0.7","22.8","3200","57232","24.9","20%","28.5","Heating UP","Opened","7.746","5","Safe","Calm","0.0","58","16.0","10.7","999.1","1010.6"
"2026-08-11","03:49:56","Clear","Dry","Dark","0.7","22.7","3328","57232","24.9","21%","28.5","Heating UP","Opened","7.446","5","Safe","Calm","0.0","58","16.0","10.6","999.1","1010.6"
"2026-08-11","03:50:06","Clear","Dry","Dark","0.8","22.7","3200","57232","24.9","22%","28.5","Heating UP","Opened","7.610","5","Safe","Calm","0.0","58","16.0","10.7","999.1","1010.6"
"2026-08-11","03:50:16","Clear","Dry","Dark","0.7","22.7","3200","57232","24.9","23%","28.4","Heating UP","Opened","7.514","5","Safe","Calm","0.0","58","16.0","10.6","999.1","1010.6"
"2026-08-11","03:50:26","Clear","Dry","Dark","0.9","22.7","3200","57232","24.8","24%","28.5","","Opened","7.376","5","Safe","Calm","0.0","58","16.0","10.8","999.1","1010.6"
"2026-08-11","03:50:36","Clear","Dry","Dark","0.8","22.7","3200","57232","24.9","24%","28.5","Heating UP","Opened","7.554","5","Safe","Calm","0.0","58","16.0","10.7","999.2","1010.7"
"2026-08-11","03:50:47","Clear","Dry","Dark","0.6","22.7","3328","57232","24.9","25%","28.5","Heating UP","Opened","7.819","5","Safe","Calm","0.0","58","16.0","10.6","999.1","1010.6"
"2026-08-11","03:50:56","Clear","Dry","Dark","0.7","22.7","3200","57232","24.8","26%","28.5","Heating UP","Opened","7.501","5","Safe","Calm","0.0","58","16.0","10.6","999.1","1010.6"
"2026-08-11","03:51:06","Clear","Dry","Dark","0.7","22.6","3200","57232","24.8","27%","28.5","Heating UP","Opened","7.429","5","Safe","Calm","0.0","58","16.0","10.6","999.1","1010.6"
"2026-08-11","03:51:16","Clear","Dry","Dark","0.7","22.6","3200","57232","24.9","28%","28.6","","Opened","7.320","5","Safe","Calm","0.0","58","16.0","10.6","999.1","1010.6"
"2026-08-11","03:51:26","Clear","Dry","Dark","0.7","22.6","3200","57232","24.8","28%","28.6","","Opened","7.347","5","Safe","Calm","0.0","58","16.0","10.6","999.2","1010.7"
"2026-08-11","03:51:36","Clear","Dry","Dark","0.8","22.6","3200","57232","24.8","28%","28.7","","Opened","7.345","5","Safe","Calm","0.0","58","16.0","10.7","999.1","1010.6"
"2026-08-11","03:51:46","Clear","Dry","Dark","0.7","22.6","3200","57232","24.8","28%","28.7","","Opened","7.580","5","Safe","Calm","0.0","58","16.0","10.6","999.1","1010.6"
"2026-08-11","03:51:56","Clear","Dry","Dark","0.8","22.6","3200","57232","24.8","28%","28.8","","Opened","7.341","5","Safe","Calm","0.0","58","16.0","10.7","999.1","1010.6"
"2026-08-11","03:52:06","Clear","Dry","Dark","0.8","22.6","3200","57232","24.8","28%","28.8","","Opened","7.351","5","Safe","Calm","0.0","58","16.0","10.7","999.1","1010.6"
"2026-08-11","03:52:16","Clear","Dry","Dark","0.8","22.6","3200","57232","24.8","28%","28.9","","Opened","7.335","5","Safe","Calm","0.0","58","16.0","10.7","999.1","1010.6"
"2026-08-11","03:52:26","Clear","Dry","Dark","0.8","22.5","3200","57232","24.8","28%","29.0","","Opened","7.355","5","Safe","Calm","0.0","58","16.0","10.7","999.1","1010.6"
"2026-08-11","03:52:36","Clear","Dry","Dark","0.8","22.5","3200","57232","24.8","28%","29.0","","Opened","7.329","5","Safe","Calm","0.0","58","16.0","10.7","999.1","1010.6"
"2026-08-11","03:52:46","Clear","Dry","Dark","0.8","22.5","3200","57232","24.8","28%","29.0","","Opened","7.599","5","Safe","Calm","0.0","58","16.0","10.7","999.1","1010.6"
"2026-08-11","03:52:56","Clear","Dry","Dark","0.8","22.6","3200","57232","24.8","28%","29.1","Heating DOWN","Opened","7.490","5","Safe","Calm","0.0","58","16.0","10.6","999.2","1010.7"
"2026-08-11","03:53:06","Clear","Dry","Dark","0.8","22.5","3200","57232","24.8","27%","29.1","Heating DOWN","Opened","7.465","5","Safe","Calm","0.0","58","16.0","10.7","999.1","1010.6"
"2026-08-11","03:53:16","Clear","Dry","Dark","0.8","22.6","3200","57232","24.8","26%","29.1","Heating DOWN","Opened","7.476","5","Safe","Calm","0.0","58","16.0","10.7","999.1","1010.6"
"2026-08-11","03:53:26","Clear","Dry","Dark","0.8","22.5","3328","57232","24.8","25%","29.1","Heating DOWN","Opened","7.414","5","Safe","Calm","0.0","58","16.0","10.6","999.2","1010.7"
"2026-08-11","03:53:36","Clear","Dry","Dark","0.8","22.5","3200","57232","24.8","24%","29.1","Heating DOWN","Opened","7.475","5","Safe","Calm","0.0","58","16.0","10.7","999.3","1010.8"
"2026-08-11","03:53:47","Clear","Dry","Dark","0.8","22.5","3200","57232","24.8","23%","29.1","Heating DOWN","Opened","7.715","5","Safe","Calm","0.0","58","16.0","10.6","999.2","1010.7"
"2026-08-11","03:53:56","Clear","Dry","Dark","0.8","22.5","3200","57232","24.8","22%","29.1","Heating DOWN","Opened","7.600","5","Safe","Calm","0.0","58","16.0","10.6","999.1","1010.6"
"2026-08-11","03:54:06","Clear","Dry","Dark","0.9","22.5","3328","57232","24.8","21%","29.0","","Opened","7.370","5","Safe","Calm","0.0","58","16.0","10.7","999.2","1010.7"
"2026-08-11","03:54:16","Clear","Dry","Dark","0.8","22.5","3328","57232","24.8","21%","29.0","","Opened","7.335","5","Safe","Calm","0.0","58","16.0","10.7","999.2","1010.7"
"2026-08-11","03:54:26","Clear","Dry","Dark","0.8","22.5","3328","57232","24.8","21%","29.0","","Opened","7.381","5","Safe","Calm","0.0","58","16.0","10.7","999.1","1010.6"
"2026-08-11","03:54:36","Clear","Dry","Dark","0.8","22.5","3328","57232","24.8","21%","29.0","","Opened","7.415","5","Safe","Calm","0.0","58","16.0","10.7","999.1","1010.6"
"2026-08-11","03:54:47","Clear","Dry","Dark","0.8","22.5","3328","57232","24.8","21%","28.9","","Opened","7.800","5","Safe","Calm","0.0","58","16.0","10.7","999.3","1010.8"
"2026-08-11","03:54:56","Clear","Dry","Dark","0.8","22.5","3328","57232","24.8","21%","28.9","","Opened","7.354","5","Safe","Calm","0.0","58","16.0","10.7","999.1","1010.6"
"2026-08-11","03:55:06","Clear","Dry","Dark","0.8","22.5","3328","57232","24.8","21%","28.9","","Opened","7.365","5","Safe","Calm","0.0","58","16.0","10.7","999.2","1010.7"
"2026-08-11","03:55:16","Clear","Dry","Dark","0.9","22.5","3328","57232","24.8","21%","28.9","","Opened","7.336","5","Safe","Calm","0.0","58","16.0","10.7","999.1","1010.6"
"2026-08-11","03:55:26","Clear","Dry","Dark","0.8","22.5","3328","57232","24.8","21%","28.9","","Opened","7.350","5","Safe","Calm","0.0","58","16.0","10.7","999.1","1010.6"
"2026-08-11","03:55:36","Clear","Dry","Dark","0.8","22.5","3328","57232","24.8","21%","28.8","","Opened","7.381","5","Safe","Calm","0.0","58","16.0","10.7","999.1","1010.6"
"2026-08-11","03:55:46","Clear","Dry","Dark","0.8","22.5","3328","57232","24.8","21%","28.8","","Opened","7.614","5","Safe","Calm","0.0","58","16.0","10.6","999.1","1010.6"
"2026-08-11","03:55:56","Clear","Dry","Dark","0.8","22.5","3328","57232","24.7","21%","28.8","","Opened","7.350","5","Safe","Calm","0.0","58","16.0","10.6","999.1","1010.6"
"2026-08-11","03:56:06","Clear","Dry","Dark","0.9","22.5","3328","57232","24.7","21%","28.8","","Opened","7.356","5","Safe","Calm","0.0","58","16.0","10.7","999.1","1010.6"
"2026-08-11","03:56:16","Clear","Dry","Dark","0.9","22.5","3328","57232","24.7","21%","28.8","","Opened","7.296","5","Safe","Calm","0.0","58","16.0","10.7","999.1","1010.6"
"2026-08-11","03:56:26","Clear","Dry","Dark","1.1","22.5","3328","57232","24.7","21%","28.7","","Opened","7.345","5","Safe","Calm","0.0","58","16.0","10.9","999.1","1010.6"
"2026-08-11","03:56:36","Clear","Dry","Dark","1.1","22.5","3328","57232","24.7","21%","28.7","","Opened","7.360","5","Safe","Calm","0.0","58","16.0","10.9","999.1","1010.6"
"2026-08-11","03:56:46","Clear","Dry","Dark","0.9","22.5","3328","57232","24.7","21%","28.6","","Opened","7.595","5","Safe","Calm","0.0","58","16.0","10.8","999.1","1010.6"
"2026-08-11","03:56:56","Clear","Dry","Dark","1.0","22.5","3328","57232","24.7","21%","28.6","","Opened","7.340","5","Safe","Calm","0.0","58","16.0","10.9","999.3","1010.8"
"2026-08-11","03:57:06","Clear","Dry","Dark","1.0","22.5","3328","57232","24.7","21%","28.6","","Opened","7.335","5","Safe","Calm","0.0","58","16.0","10.9","999.1","1010.6"
"2026-08-11","03:57:16","Clear","Dry","Dark","1.0","22.6","3328","57232","24.7","21%","28.6","","Opened","7.345","5","Safe","Calm","0.0","58","16.0","10.9","999.2","1010.7"
"2026-08-11","03:57:26","Clear","Dry","Dark","1.0","22.6","3328","57232","24.7","21%","28.6","","Opened","7.314","5","Safe","Calm","0.0","58","16.0","10.8","999.1","1010.6"
"2026-08-11","03:57:36","Clear","Dry","Dark","1.0","22.6","3328","57232","24.7","21%","28.5","","Opened","7.287","5","Safe","Calm","0.0","58","16.0","10.8","999.1","1010.6"
"2026-08-11","03:57:47","Clear","Dry","Dark","0.9","22.6","3328","57232","24.7","21%","28.4","","Opened","7.670","5","Safe","Calm","0.0","58","16.0","10.8","999.1","1010.6"
"2026-08-11","03:57:56","Clear","Dry","Dark","1.0","22.6","3328","57232","24.7","21%","28.3","Heating UP","Opened","7.484","5","Safe","Calm","0.0","59","16.0","10.8","999.1","1010.6"
"2026-08-11","03:58:06","Clear","Dry","Dark","0.9","22.7","3200","57232","24.6","22%","28.2","Heating UP","Opened","7.494","5","Safe","Calm","0.0","59","16.0","10.7","999.1","1010.6"
"2026-08-11","03:58:16","Clear","Dry","Dark","1.0","22.6","3200","57232","24.7","23%","28.2","Heating UP","Opened","7.415","5","Safe","Calm","0.0","59","16.0","10.8","999.1","1010.6"
"2026-08-11","03:58:26","Clear","Dry","Dark","0.9","22.6","3200","57232","24.6","24%","28.1","Heating UP","Opened","7.491","5","Safe","Calm","0.0","59","16.0","10.7","999.1","1010.6"
"2026-08-11","03:58:36","Clear","Dry","Dark","0.9","22.7","3200","57232","24.6","26%","28.1","Heating UP","Opened","7.530","5","Safe","Calm","0.0","59","16.0","10.7","999.0","1010.5"
"2026-08-11","03:58:47","Clear","Dry","Dark","0.9","22.6","3200","57232","24.6","28%","28.2","","Opened","7.644","5","Safe","Calm","0.0","59","16.0","10.7","999.1","1010.6"
"2026-08-11","03:58:56","Clear","Dry","Dark","1.0","22.7","3200","57232","24.6","28%","28.2","Heating UP","Opened","7.520","5","Safe","Calm","0.0","59","16.0","10.7","999.1","1010.6"
"2026-08-11","03:59:06","Clear","Dry","Dark","1.0","22.6","3328","57232","24.6","29%","28.3","","Opened","7.290","5","Safe","Calm","0.0","59","16.0","10.8","999.1","1010.6"
"2026-08-11","03:59:16","Clear","Dry","Dark","1.1","22.6","3328","57232","24.6","29%","28.4","","Opened","7.440","5","Safe","Calm","0.0","59","16.0","10.8","999.1","1010.6"
"2026-08-11","03:59:26","Clear","Dry","Dark","1.1","22.6","3328","57232","24.6","29%","28.4","","Opened","7.320","5","Safe","Calm","0.0","59","16.0","10.8","999.1","1010.6"
"2026-08-11","03:59:36","Clear","Dry","Dark","1.1","22.6","3328","57232","24.6","29%","28.5","","Opened","7.359","5","Safe","Calm","0.0","59","16.0","10.9","999.1","1010.6"
"2026-08-11","03:59:47","Clear","Dry","Dark","1.1","22.6","3328","57232","24.6","29%","28.6","","Opened","7.645","5","Safe","Calm","0.0","59","16.0","10.8","999.0","1010.5"
"2026-08-11","03:59:56","Clear","Dry","Dark","1.1","22.6","3328","57232","24.6","29%","28.6","","Opened","7.386","5","Safe","Calm","0.0","59","16.0","10.9","999.0","1010.5"
"2026-08-11","04:00:06","Clear","Dry","Dark","1.2","22.6","3328","57232","24.6","29%","28.7","","Opened","7.440","5","Safe","Calm","0.0","59","16.0","11.0","999.0","1010.5"
"2026-08-11","04:00:16","Clear","Dry","Dark","1.2","22.6","3328","57232","24.5","29%","28.7","","Opened","7.294","5","Safe","Calm","0.0","59","16.0","10.9","999.1","1010.6"
"2026-08-11","04:00:26","Clear","Dry","Dark","1.2","22.6","3328","57232","24.5","29%","28.7","","Opened","7.290","5","Safe","Calm","0.0","59","16.0","10.9","999.1","1010.6"
"2026-08-11","04:00:36","Clear","Dry","Dark","1.1","22.7","3328","57232","24.6","29%","28.8","","Opened","7.301","5","Safe","Calm","0.0","59","16.1","10.8","999.1","1010.6"
"2026-08-11","04:00:46","Clear","Dry","Dark","1.2","22.7","3328","57232","24.6","29%","28.8","","Opened","7.556","5","Safe","Calm","0.0","59","16.1","10.9","999.1","1010.6"
"2026-08-11","04:00:56","Clear","Dry","Dark","1.2","22.7","3328","57232","24.5","29%","28.8","","Opened","7.310","5","Safe","Calm","0.0","59","16.1","10.9","999.0","1010.5"
"2026-08-11","04:01:06","Clear","Dry","Dark","1.1","22.7","3328","57232","24.5","29%","28.8","","Opened","7.300","5","Safe","Calm","0.0","59","16.1","10.9","999.1","1010.6"
"2026-08-11","04:01:16","Clear","Dry","Dark","1.1","22.7","3328","57232","24.5","29%","28.8","Heating DOWN","Opened","7.425","5","Safe","Calm","0.0","59","16.1","10.8","999.1","1010.6"
"2026-08-11","04:01:26","Clear","Dry","Dark","1.0","22.7","3200","57232","24.5","28%","28.8","Heating DOWN","Opened","7.489","5","Safe","Calm","0.0","59","16.1","10.7","999.1","1010.6"
"2026-08-11","04:01:36","Clear","Dry","Dark","1.0","22.7","3200","57232","24.5","27%","28.8","Heating DOWN","Opened","7.530","5","Safe","Calm","0.0","59","16.1","10.7","999.0","1010.5"
"2026-08-11","04:01:47","Clear","Dry","Dark","1.0","22.7","3200","57232","24.5","26%","28.8","Heating DOWN","Opened","7.720","5","Safe","Calm","0.0","59","16.1","10.7","999.1","1010.6"
"2026-08-11","04:01:56","Clear","Dry","Dark","1.0","22.7","3328","57232","24.5","25%","28.8","Heating DOWN","Opened","7.455","5","Safe","Calm","0.0","59","16.1","10.7","999.0","1010.5"
"2026-08-11","04:02:06","Clear","Dry","Dark","1.2","22.7","3200","57232","24.5","24%","28.7","","Opened","7.429","5","Safe","Calm","0.0","60","16.1","10.9","999.1","1010.6"
"2026-08-11","04:02:16","Clear","Dry","Dark","1.1","22.7","3200","57232","24.5","24%","28.6","","Opened","7.291","5","Safe","Calm","0.0","60","16.1","10.8","999.0","1010.5"
"2026-08-11","04:02:26","Clear","Dry","Dark","1.1","22.7","3200","57232","24.5","24%","28.6","","Opened","7.361","5","Safe","Calm","0.0","60","16.1","10.8","999.1","1010.6"
"2026-08-11","04:02:36","Clear","Dry","Dark","1.0","22.7","3200","57232","24.4","24%","28.6","","Opened","7.329","5","Safe","Calm","0.0","60","16.1","10.7","999.1","1010.6"
"2026-08-11","04:02:46","Clear","Dry","Dark","1.0","22.7","3200","57232","24.4","24%","28.6","","Opened","7.570","5","Safe","Calm","0.0","60","16.1","10.7","999.0","1010.5"
"2026-08-11","04:02:56","Clear","Dry","Dark","1.2","22.7","3200","57232","24.4","24%","28.5","","Opened","7.342","5","Safe","Calm","0.0","60","16.1","10.9","999.1","1010.6"
"2026-08-11","04:03:06","Clear","Dry","Dark","1.1","22.7","3200","57232","24.4","24%","28.5","","Opened","7.336","5","Safe","Calm","0.0","60","16.1","10.7","999.0","1010.5"
"2026-08-11","04:03:16","Clear","Dry","Dark","1.3","22.7","3200","57232","24.4","24%","28.5","","Opened","7.454","5","Safe","Calm","0.0","60","16.1","10.9","999.0","1010.5"
"2026-08-11","04:03:26","Clear","Dry","Dark","1.1","22.7","3200","57232","24.4","24%","28.4","","Opened","7.341","5","Safe","Calm","0.0","60","16.1","10.8","998.9","1010.5"
"2026-08-11","04:03:36","Clear","Dry","Dark","1.2","22.7","3200","57232","24.4","24%","28.4","","Opened","7.370","5","Safe","Calm","0.0","60","16.1","10.8","999.1","1010.6"
"2026-08-11","04:03:46","Clear","Dry","Dark","1.3","22.7","3200","57232","24.4","24%","28.3","","Opened","7.594","5","Safe","Calm","0.0","60","16.1","10.9","999.0","1010.5"
"2026-08-11","04:03:56","Clear","Dry","Dark","1.2","22.7","3200","57232","24.4","24%","28.3","","Opened","7.296","5","Safe","Calm","0.0","60","16.1","10.9","999.1","1010.6"
"2026-08-11","04:04:06","Clear","Dry","Dark","1.1","22.7","3200","57232","24.4","24%","28.2","","Opened","7.331","5","Safe","Calm","0.0","60","16.1","10.7","999.1","1010.6"
"2026-08-11","04:04:16","Clear","Dry","Dark","1.3","22.7","3200","57232","24.3","24%","28.2","","Opened","7.334","5","Safe","Calm","0.0","60","16.1","10.9","999.1","1010.6"
"2026-08-11","04:04:26","Clear","Dry","Dark","1.0","22.7","3200","57232","24.3","24%","28.2","","Opened","7.340","5","Safe","Calm","0.0","60","16.1","10.6","999.1","1010.6"
"2026-08-11","04:04:36","Clear","Dry","Dark","1.0","22.7","3200","57232","24.3","24%","28.2","","Opened","7.446","5","Safe","Calm","0.0","60","16.1","10.7","999.0","1010.5"
"2026-08-11","04:04:47","Clear","Dry","Dark","1.0","22.7","3200","57232","24.3","24%","28.2","","Opened","7.599","5","Safe","Calm","0.0","60","16.1","10.6","999.0","1010.5"
"2026-08-11","04:04:56","Clear","Dry","Dark","1.0","22.7","3200","57232","24.3","24%","28.1","","Opened","7.339","5","Safe","Calm","0.0","60","16.1","10.6","999.0","1010.5"
"2026-08-11","04:05:06","Clear","Dry","Dark","1.0","22.7","3200","57232","24.3","24%","28.0","","Opened","7.345","5","Safe","Calm","0.0","60","16.1","10.6","999.0","1010.5"
"2026-08-11","04:05:16","Clear","Dry","Dark","1.0","22.6","3200","57232","24.3","24%","27.9","Heating UP","Opened","7.541","5","Safe","Calm","0.0","60","16.1","10.5","999.0","1010.5"
"2026-08-11","04:05:27","Clear","Dry","Dark","1.0","22.7","3328","57232","24.2","25%","27.9","Heating UP","Opened","7.640","5","Safe","Calm","0.0","60","16.1","10.6","999.1","1010.6"
"2026-08-11","04:05:36","Clear","Dry","Dark","0.9","22.6","3200","57232","24.2","26%","27.8","Heating UP","Opened","7.554","5","Safe","Calm","0.0","61","16.1","10.4","999.0","1010.5"
"2026-08-11","04:05:47","Clear","Dry","Dark","0.9","22.6","3200","57232","24.2","27%","27.8","Heating UP","Opened","7.743","5","Safe","Calm","0.0","61","16.1","10.5","999.0","1010.5"
"2026-08-11","04:05:56","Clear","Dry","Dark","0.9","22.6","3200","57232","24.2","28%","27.7","Heating UP","Opened","7.470","5","Safe","Calm","0.0","61","16.1","10.5","999.1","1010.6"
"2026-08-11","04:06:06","Clear","Dry","Dark","0.9","22.6","3200","57232","24.2","30%","27.7","Heating UP","Opened","7.459","5","Safe","Calm","0.0","61","16.1","10.4","999.1","1010.6"
"2026-08-11","04:06:16","Clear","Dry","Dark","1.1","22.5","3200","57232","24.1","31%","27.8","","Opened","7.375","5","Safe","Calm","0.0","61","16.1","10.6","999.0","1010.5"
"2026-08-11","04:06:26","Clear","Dry","Dark","1.1","22.5","3200","57232","24.1","31%","27.7","Heating UP","Opened","7.466","5","Safe","Calm","0.0","61","16.2","10.6","999.1","1010.6"
"2026-08-11","04:06:36","Clear","Dry","Dark","1.1","22.5","3200","57232","24.1","32%","27.8","","Opened","7.429","5","Safe","Calm","0.0","61","16.1","10.6","999.0","1010.5"
"2026-08-11","04:06:47","Clear","Dry","Dark","1.2","22.5","3200","57232","24.1","32%","27.8","Heating UP","Opened","7.735","5","Safe","Calm","0.0","61","16.1","10.7","999.1","1010.6"
"2026-08-11","04:06:56","Clear","Dry","Dark","1.1","22.5","3328","57232","24.1","33%","27.8","","Opened","7.486","5","Safe","Calm","0.0","61","16.1","10.6","999.1","1010.6"
"2026-08-11","04:07:06","Clear","Dry","Dark","1.3","22.5","3328","57232","24.1","33%","27.8","","Opened","7.420","5","Safe","Calm","0.0","61","16.1","10.7","999.0","1010.5"
"2026-08-11","04:07:16","Clear","Dry","Dark","1.1","22.5","3328","57232","24.0","33%","27.9","","Opened","7.290","5","Safe","Calm","0.0","61","16.1","10.6","999.0","1010.5"
"2026-08-11","04:07:26","Clear","Dry","Dark","1.2","22.4","3328","57232","24.0","33%","27.9","","Opened","7.415","5","Safe","Calm","0.0","61","16.1","10.7","999.0","1010.5"
"2026-08-11","04:07:36","Clear","Dry","Dark","1.3","22.4","3328","57232","24.0","33%","27.9","","Opened","7.411","5","Safe","Calm","0.0","61","16.1","10.7","999.0","1010.5"
"2026-08-11","04:07:47","Clear","Dry","Dark","1.2","22.4","3328","57232","24.0","33%","27.9","","Opened","7.665","5","Safe","Calm","0.0","61","16.1","10.6","999.1","1010.6"
"2026-08-11","04:07:56","Clear","Dry","Dark","1.3","22.5","3328","57232","24.0","33%","28.0","","Opened","7.359","5","Safe","Calm","0.0","61","16.1","10.7","999.0","1010.5"
"2026-08-11","04:08:06","Clear","Dry","Dark","1.4","22.4","3328","57232","24.0","33%","28.1","","Opened","7.351","5","Safe","Calm","0.0","61","16.1","10.8","999.1","1010.6"
"2026-08-11","04:08:16","Clear","Dry","Dark","1.2","22.4","3328","57232","24.0","33%","28.2","","Opened","7.371","5","Safe","Calm","0.0","61","16.1","10.7","999.0","1010.5"
"2026-08-11","04:08:26","Clear","Dry","Dark","1.4","22.4","3328","57232","24.0","33%","28.2","","Opened","7.384","5","Safe","Calm","0.0","61","16.1","10.8","999.1","1010.6"
"2026-08-11","04:08:36","Clear","Dry","Dark","1.4","22.4","3328","57232","23.9","33%","28.2","","Opened","7.425","5","Safe","Calm","0.0","61","16.0","10.8","999.1","1010.6"
"2026-08-11","04:08:47","Clear","Dry","Dark","1.3","22.4","3328","57232","23.9","33%","28.3","Heating DOWN","Opened","7.755","5","Safe","Calm","0.0","61","16.1","10.7","999.0","1010.5"
"2026-08-11","04:08:56","Clear","Dry","Dark","1.2","22.4","3200","57232","23.9","32%","28.3","Heating DOWN","Opened","7.508","5","Safe","Calm","0.0","61","16.0","10.6","999.1","1010.6"
"2026-08-11","04:09:06","Clear","Dry","Dark","1.3","22.4","3200","57232","23.9","31%","28.3","Heating DOWN","Opened","7.470","5","Safe","Calm","0.0","61","16.0","10.7","999.0","1010.5"
"2026-08-11","04:09:16","Clear","Dry","Dark","1.3","22.4","3200","57232","23.9","30%","28.3","Heating DOWN","Opened","7.526","5","Safe","Calm","0.6","61","16.0","10.7","999.1","1010.6"
"2026-08-11","04:09:26","Clear","Dry","Dark","1.3","22.4","3328","57232","23.8","29%","28.2","","Opened","7.342","5","Safe","Calm","1.4","61","16.0","10.6","999.1","1010.6"
"2026-08-11","04:09:36","Clear","Dry","Dark","1.2","22.5","3328","57232","23.9","29%","28.0","","Opened","7.369","5","Safe","Calm","2.3","62","16.1","10.6","999.1","1010.6"
"2026-08-11","04:09:47","Clear","Dry","Dark","1.3","22.5","3328","57232","23.8","29%","27.9","","Opened","7.639","5","Safe","Calm","3.3","62","16.1","10.7","999.1","1010.6"
"2026-08-11","04:09:56","Clear","Dry","Dark","1.3","22.5","3328","57232","23.8","29%","27.8","","Opened","7.427","5","Safe","Calm","4.2","62","16.1","10.6","999.1","1010.6"
"2026-08-11","04:10:06","Clear","Dry","Dark","1.2","22.5","3328","57232","23.8","29%","27.7","","Opened","7.345","5","Safe","Calm","5.1","62","16.1","10.5","999.1","1010.6"
"2026-08-11","04:10:16","Clear","Dry","Dark","1.2","22.5","3328","57232","23.8","29%","27.6","","Opened","7.360","5","Safe","Calm","5.4","62","16.1","10.6","999.1","1010.6"
"2026-08-11","04:10:26","Clear","Dry","Dark","1.4","22.5","3328","57232","23.8","29%","27.5","","Opened","7.396","5","Safe","Calm","5.8","62","16.1","10.7","999.1","1010.6"
"2026-08-11","04:10:36","Clear","Dry","Dark","1.3","22.5","3328","57232","23.7","29%","27.4","Heating UP","Opened","7.516","5","Safe","Calm","5.7","62","16.1","10.6","999.0","1010.6"
"2026-08-11","04:10:47","Clear","Dry","Dark","1.2","22.5","3200","57232","23.7","30%","27.4","Heating UP","Opened","7.884","5","Safe","Calm","5.8","63","16.2","10.5","999.0","1010.6"
"2026-08-11","04:10:56","Clear","Dry","Dark","1.4","22.5","3200","57232","23.7","31%","27.3","Heating UP","Opened","7.490","5","Safe","Calm","5.9","63","16.2","10.6","999.0","1010.6"
"2026-08-11","04:11:06","Clear","Dry","Dark","1.3","22.5","3200","57232","23.7","32%","27.3","Heating UP","Opened","7.561","5","Safe","Calm","5.8","63","16.1","10.6","999.0","1010.6"
"2026-08-11","04:11:16","Clear","Dry","Dark","1.6","22.5","3328","57232","23.7","33%","27.3","Heating UP","Opened","7.484","5","Safe","Calm","5.8","62","16.1","10.9","998.9","1010.5"
"2026-08-11","04:11:26","Clear","Dry","Dark","1.4","22.5","3200","57232","23.7","34%","27.3","Heating UP","Opened","7.425","5","Safe","Calm","5.2","63","16.1","10.7","999.1","1010.7"
"2026-08-11","04:11:36","Clear","Dry","Dark","1.5","22.5","3200","57232","23.7","35%","27.4","","Opened","7.411","5","Safe","Calm","5.2","63","16.1","10.8","999.0","1010.6"
"2026-08-11","04:11:47","Clear","Dry","Dark","1.4","22.5","3200","57232","23.7","35%","27.4","","Opened","7.675","5","Safe","Calm","4.8","63","16.1","10.7","999.1","1010.6"
"2026-08-11","04:11:56","Clear","Dry","Dark","1.5","22.5","3200","57232","23.7","35%","27.4","","Opened","7.364","5","Safe","Calm","4.5","62","16.1","10.7","999.0","1010.6"
"2026-08-11","04:12:06","Clear","Dry","Dark","1.5","22.5","3200","57232","23.6","35%","27.5","","Opened","7.350","5","Safe","Calm","4.5","63","16.1","10.8","999.1","1010.6"
"2026-08-11","04:12:16","Clear","Dry","Dark","1.6","22.5","3200","57232","23.7","35%","27.5","","Opened","7.461","5","Safe","Calm","4.7","63","16.1","10.9","999.0","1010.6"
"2026-08-11","04:12:26","Clear","Dry","Dark","1.6","22.5","3200","57232","23.7","35%","27.4","","Opened","7.350","5","Safe","Calm","5.1","63","16.1","10.9","999.0","1010.6"
"2026-08-11","04:12:36","Clear","Dry","Dark","1.6","22.5","3200","57232","23.7","35%","27.5","","Opened","7.330","5","Safe","Calm","5.2","63","16.1","10.8","998.9","1010.5"
"2026-08-11","04:12:47","Clear","Dry","Dark","1.5","22.5","3200","57232","23.6","35%","27.5","","Opened","7.633","5","Safe","Calm","5.5","63","16.1","10.7","999.0","1010.6"
"2026-08-11","04:12:56","Clear","Dry","Dark","1.5","22.5","3200","57232","23.6","35%","27.5","","Opened","7.395","5","Safe","Calm","5.5","63","16.1","10.7","998.9","1010.5"
"2026-08-11","04:13:06","Clear","Dry","Dark","1.4","22.5","3200","57232","23.6","35%","27.5","","Opened","7.314","5","Safe","Calm","5.5","63","16.1","10.6","998.9","1010.5"
"2026-08-11","04:13:16","Clear","Dry","Dark","1.4","22.5","3200","57232","23.6","35%","27.5","","Opened","7.350","5","Safe","Calm","5.2","63","16.1","10.7","998.9","1010.5"
"2026-08-11","04:13:26","Clear","Dry","Dark","1.4","22.5","3200","57232","23.5","35%","27.6","","Opened","7.376","5","Safe","Calm","4.8","63","16.1","10.6","998.9","1010.4"
"2026-08-11","04:13:36","Clear","Dry","Dark","1.5","22.5","3200","57232","23.6","35%","27.6","","Opened","7.334","5","Safe","Calm","4.5","63","16.1","10.7","999.0","1010.6"
"2026-08-11","04:13:47","Clear","Dry","Dark","1.4","22.5","3200","57232","23.6","35%","27.7","","Opened","7.664","5","Safe","Calm","4.3","63","16.1","10.6","998.9","1010.5"
"2026-08-11","04:13:56","Clear","Dry","Dark","1.3","22.4","3200","57232","23.6","35%","27.7","","Opened","7.321","5","Safe","Calm","3.5","63","16.1","10.5","998.9","1010.5"
"2026-08-11","04:14:06","Clear","Dry","Dark","1.3","22.4","3200","57232","23.6","35%","27.8","","Opened","7.330","5","Safe","Calm","2.7","63","16.1","10.5","999.0","1010.6"
"2026-08-11","04:14:16","Clear","Dry","Dark","1.3","22.4","3200","57232","23.5","35%","27.9","Heating DOWN","Opened","7.476","5","Safe","Calm","1.9","63","16.1","10.5","999.0","1010.6"
"2026-08-11","04:14:26","Clear","Dry","Dark","1.4","22.4","3200","57232","23.5","34%","27.9","Heating DOWN","Opened","7.520","5","Safe","Calm","1.3","63","16.1","10.6","999.1","1010.6"
"2026-08-11","04:14:36","Clear","Dry","Dark","1.3","22.4","3328","57232","23.5","33%","27.9","Heating DOWN","Opened","7.486","5","Safe","Calm","0.6","63","16.1","10.5","999.0","1010.6"
"2026-08-11","04:14:47","Clear","Dry","Dark","1.3","22.4","3200","57232","23.5","32%","27.9","Heating DOWN","Opened","7.950","5","Safe","Calm","0.0","63","16.1","10.5","998.9","1010.5"
"2026-08-11","04:14:56","Clear","Dry","Dark","1.3","22.3","3200","57232","23.5","31%","28.0","Heating DOWN","Opened","7.510","5","Safe","Calm","0.0","63","16.1","10.4","998.9","1010.5"
"2026-08-11","04:15:06","Clear","Dry","Dark","1.4","22.3","3328","57232","23.5","29%","27.9","","Opened","7.429","5","Safe","Calm","0.0","63","16.1","10.6","999.1","1010.6"
"2026-08-11","04:15:16","Clear","Dry","Dark","1.4","22.3","3328","57232","23.5","29%","27.9","Heating DOWN","Opened","7.450","5","Safe","Calm","0.0","63","16.1","10.6","999.0","1010.6"
"2026-08-11","04:15:26","Clear","Dry","Dark","1.3","22.3","3200","57232","23.5","28%","27.8","","Opened","7.420","5","Safe","Calm","0.6","63","16.1","10.5","999.0","1010.6"
"2026-08-11","04:15:36","Clear","Dry","Dark","1.3","22.3","3200","57232","23.5","28%","27.7","","Opened","7.310","5","Safe","Calm","0.6","63","16.2","10.5","999.0","1010.6"
"2026-08-11","04:15:47","Clear","Dry","Dark","1.3","22.3","3200","57232","23.4","28%","27.8","Heating DOWN","Opened","7.681","5","Safe","Calm","0.6","63","16.1","10.4","999.0","1010.6"
"2026-08-11","04:15:56","Clear","Dry","Dark","1.4","22.3","3200","57232","23.4","27%","27.8","Heating DOWN","Opened","7.499","5","Safe","Calm","0.6","63","16.1","10.5","999.0","1010.6"
"2026-08-11","04:16:06","Clear","Dry","Dark","1.4","22.3","3200","57232","23.4","26%","27.8","Heating DOWN","Opened","7.565","5","Safe","Calm","0.6","63","16.1","10.5","999.0","1010.6"
"2026-08-11","04:16:16","Clear","Dry","Dark","1.3","22.3","3328","57232","23.4","25%","27.7","","Opened","7.317","5","Safe","Calm","0.6","63","16.1","10.5","999.0","1010.6"
"2026-08-11","04:16:26","Clear","Dry","Dark","1.3","22.3","3328","57232","23.4","25%","27.7","","Opened","7.310","5","Safe","Calm","0.0","63","16.1","10.4","999.0","1010.6"
"2026-08-11","04:16:36","Clear","Dry","Dark","1.5","22.3","3328","57232","23.4","25%","27.6","","Opened","7.295","5","Safe","Calm","0.0","64","16.1","10.6","999.0","1010.6"
"2026-08-11","04:16:47","Clear","Dry","Dark","1.6","22.3","3328","57232","23.4","25%","27.6","","Opened","7.664","5","Safe","Calm","0.0","64","16.1","10.7","999.0","1010.6"
"2026-08-11","04:16:56","Clear","Dry","Dark","1.4","22.3","3328","57232","23.4","25%","27.5","","Opened","7.326","5","Safe","Calm","0.0","64","16.1","10.5","999.0","1010.6"
"2026-08-11","04:17:06","Clear","Dry","Dark","1.4","22.3","3328","57232","23.4","25%","27.5","","Opened","7.335","5","Safe","Calm","0.0","64","16.1","10.5","999.0","1010.6"
"2026-08-11","04:17:16","Clear","Dry","Dark","1.3","22.3","3328","57232","23.4","25%","27.5","","Opened","7.335","5","Safe","Calm","0.0","64","16.1","10.4","998.9","1010.5"
"2026-08-11","04:17:26","Clear","Dry","Dark","1.3","22.3","3328","57232","23.4","25%","27.5","","Opened","7.329","5","Safe","Calm","0.0","63","16.0","10.4","999.0","1010.6"
"2026-08-11","04:17:36","Clear","Dry","Dark","1.5","22.3","3328","57232","23.4","25%","27.5","","Opened","7.290","5","Safe","Calm","0.0","63","16.1","10.6","999.0","1010.6"
"2026-08-11","04:17:46","Clear","Dry","Dark","1.4","22.3","3328","57232","23.4","25%","27.5","","Opened","7.530","5","Safe","Calm","0.0","63","16.1","10.5","998.9","1010.5"
"2026-08-11","04:17:56","Clear","Dry","Dark","1.4","22.3","3328","57232","23.4","25%","27.5","","Opened","7.330","5","Safe","Calm","0.0","63","16.1","10.5","999.0","1010.6"
"2026-08-11","04:18:06","Clear","Dry","Dark","1.5","22.3","3328","57232","23.4","25%","27.5","","Opened","7.326","5","Safe","Calm","0.0","63","16.0","10.6","999.0","1010.6"
"2026-08-11","04:18:16","Clear","Dry","Dark","1.5","22.3","3328","57232","23.4","25%","27.5","","Opened","7.369","5","Safe","Calm","0.0","63","16.0","10.6","998.9","1010.5"
"2026-08-11","04:18:26","Clear","Dry","Dark","1.6","22.3","3328","57232","23.4","25%","27.5","","Opened","7.337","5","Safe","Calm","0.0","63","16.0","10.7","999.0","1010.6"
"2026-08-11","04:18:36","Clear","Dry","Dark","1.6","22.3","3328","57232","23.4","25%","27.4","","Opened","7.304","5","Safe","Calm","0.0","63","16.0","10.7","999.1","1010.6"
"2026-08-11","04:18:47","Clear","Dry","Dark","1.5","22.3","3328","57232","23.4","25%","27.4","","Opened","7.720","5","Safe","Calm","0.0","63","16.1","10.6","999.0","1010.6"
"2026-08-11","04:18:56","Clear","Dry","Dark","1.7","22.3","3328","57232","23.4","25%","27.4","","Opened","7.375","5","Safe","Calm","0.0","63","16.1","10.8","999.1","1010.6"
"2026-08-11","04:19:06","Clear","Dry","Dark","1.6","22.3","3328","57232","23.4","25%","27.4","","Opened","7.435","5","Safe","Calm","0.0","63","16.0","10.7","999.0","1010.6"
"2026-08-11","04:19:16","Clear","Dry","Dark","1.6","22.3","3328","57232","23.4","25%","27.4","","Opened","7.351","5","Safe","Calm","0.0","63","16.1","10.7","999.1","1010.6"
"2026-08-11","04:19:26","Clear","Dry","Dark","1.7","22.3","3328","57232","23.4","25%","27.4","","Opened","7.330","5","Safe","Calm","0.0","63","16.0","10.8","998.9","1010.5"
"2026-08-11","04:19:36","Clear","Dry","Dark","1.9","22.3","3328","57232","23.4","25%","27.4","","Opened","7.365","5","Safe","Calm","0.0","63","16.0","10.9","999.0","1010.6"
"2026-08-11","04:19:47","Clear","Dry","Dark","2.0","22.3","3328","57232","23.4","25%","27.4","","Opened","7.725","5","Safe","Calm","0.0","63","16.1","11.1","998.9","1010.5"
"2026-08-11","04:19:56","Clear","Dry","Dark","1.9","22.4","3328","57232","23.4","25%","27.4","","Opened","7.280","5","Safe","Calm","0.0","63","16.1","11.0","998.9","1010.5"
"2026-08-11","04:20:06","Clear","Dry","Dark","1.9","22.4","3328","57232","23.4","25%","27.4","","Opened","7.321","5","Safe","Calm","0.0","63","16.1","11.0","998.9","1010.5"
"2026-08-11","04:20:16","Clear","Dry","Dark","1.9","22.4","3328","57232","23.4","25%","27.5","","Opened","7.335","5","Safe","Calm","0.0","63","16.0","11.0","999.0","1010.6"
"2026-08-11","04:20:26","Clear","Dry","Dark","1.9","22.4","3328","57232","23.4","25%","27.5","","Opened","7.329","5","Safe","Calm","0.0","63","16.1","11.0","998.9","1010.5"
"2026-08-11","04:20:36","Clear","Dry","Dark","1.9","22.4","3328","57232","23.4","25%","27.6","","Opened","7.319","5","Safe","Calm","0.0","63","16.0","11.1","998.9","1010.5"
"2026-08-11","04:20:47","Cloudy","Dry","Dark","2.0","22.4","3328","57232","23.4","25%","27.6","","Opened","7.635","5","Safe","Calm","0.0","63","16.0","11.1","999.0","1010.6"
"2026-08-11","04:20:56","Clear","Dry","Dark","2.0","22.4","3328","57232","23.5","25%","27.7","","Opened","7.361","5","Safe","Calm","0.0","63","16.1","11.1","999.0","1010.6"
"2026-08-11","04:21:06","Clear","Dry","Dark","1.9","22.5","3328","57232","23.5","25%","27.7","","Opened","7.440","5","Safe","Calm","0.0","63","16.1","11.1","998.9","1010.5"
"2026-08-11","04:21:16","Cloudy","Dry","Dark","2.0","22.5","3328","57232","23.5","25%","27.7","","Opened","7.355","5","Safe","Calm","0.0","63","16.1","11.2","998.9","1010.5"
"2026-08-11","04:21:26","Clear","Dry","Dark","2.0","22.5","3328","57232","23.5","25%","27.7","","Opened","7.380","5","Safe","Calm","0.0","63","16.1","11.2","998.9","1010.5"
"2026-08-11","04:21:36","Clear","Dry","Dark","1.9","22.5","3328","57232","23.5","25%","27.8","","Opened","7.370","5","Safe","Calm","0.0","63","16.1","11.1","999.1","1010.6"
"2026-08-11","04:21:47","Cloudy","Dry","Dark","2.0","22.6","3328","57232","23.6","25%","27.8","","Opened","7.620","5","Safe","Calm","0.0","63","16.1","11.2","999.0","1010.6"
"2026-08-11","04:21:56","Clear","Dry","Dark","1.8","22.6","3328","57232","23.6","25%","27.8","","Opened","7.300","5","Safe","Calm","0.0","63","16.1","11.0","999.0","1010.6"
"2026-08-11","04:22:06","Clear","Dry","Dark","2.0","22.6","3328","57232","23.6","25%","27.9","","Opened","7.280","5","Safe","Calm","0.0","63","16.1","11.2","999.0","1010.6"
"2026-08-11","04:22:16","Clear","Dry","Dark","1.8","22.6","3328","57232","23.6","25%","27.9","","Opened","7.445","5","Safe","Calm","0.0","63","16.1","11.1","998.9","1010.5"
"2026-08-11","04:22:26","Clear","Dry","Dark","1.9","22.6","3328","57232","23.6","25%","27.9","","Opened","7.341","5","Safe","Calm","0.0","63","16.1","11.1","999.0","1010.6"
"2026-08-11","04:22:36","Clear","Dry","Dark","1.7","22.6","3328","57232","23.6","25%","27.9","","Opened","7.356","5","Safe","Calm","0.0","63","16.1","10.9","999.0","1010.6"
"2026-08-11","04:22:47","Clear","Dry","Dark","1.7","22.6","3328","57232","23.6","25%","27.9","","Opened","7.760","5","Safe","Calm","0.0","63","16.1","10.9","999.0","1010.6"
"2026-08-11","04:22:56","Clear","Dry","Dark","1.8","22.6","3328","57232","23.7","25%","28.0","Heating DOWN","Opened","7.510","5","Safe","Calm","0.0","63","16.1","11.0","999.0","1010.6"
"2026-08-11","04:23:06","Clear","Dry","Dark","1.7","22.6","3200","57232","23.7","24%","28.0","Heating DOWN","Opened","7.425","5","Safe","Calm","0.0","63","16.1","11.0","998.9","1010.5"
"2026-08-11","04:23:16","Clear","Dry","Dark","1.7","22.6","3200","57232","23.7","23%","28.0","","Opened","7.306","5","Safe","Calm","0.0","63","16.2","10.9","999.0","1010.6"
"2026-08-11","04:23:26","Clear","Dry","Dark","1.8","22.6","3200","57232","23.7","23%","28.0","","Opened","7.365","5","Safe","Calm","0.0","63","16.1","11.0","999.0","1010.6"
"2026-08-11","04:23:36","Clear","Dry","Dark","1.8","22.6","3200","57232","23.7","23%","28.0","","Opened","7.405","5","Safe","Calm","0.0","63","16.1","11.1","999.0","1010.6"
"2026-08-11","04:23:46","Clear","Dry","Dark","1.8","22.6","3200","57232","23.8","23%","28.0","","Opened","7.565","5","Safe","Calm","0.0","62","16.2","11.1","998.9","1010.5"
"2026-08-11","04:23:56","Clear","Dry","Dark","1.9","22.6","3200","57232","23.8","23%","28.0","","Opened","7.339","5","Safe","Calm","0.0","62","16.2","11.2","999.0","1010.6"
"2026-08-11","04:24:06","Clear","Dry","Dark","1.9","22.6","3200","57232","23.8","23%","28.0","","Opened","7.326","5","Safe","Calm","0.0","62","16.2","11.2","998.9","1010.5"
"2026-08-11","04:24:16","Clear","Dry","Dark","1.8","22.6","3200","57232","23.8","23%","28.0","","Opened","7.335","5","Safe","Calm","0.0","62","16.2","11.1","998.9","1010.5"
"2026-08-11","04:24:26","Cloudy","Dry","Dark","2.1","22.7","3200","57232","23.8","23%","28.0","","Opened","7.354","5","Safe","Calm","0.0","62","16.2","11.4","998.9","1010.4"
"2026-08-11","04:24:36","Cloudy","Dry","Dark","2.1","22.7","3200","57232","23.8","23%","28.0","","Opened","7.374","5","Safe","Calm","0.0","62","16.2","11.4","999.1","1010.6"
"2026-08-11","04:24:47","Cloudy","Dry","Dark","2.0","22.7","3200","57232","23.8","23%","28.0","","Opened","7.765","5","Safe","Calm","0.0","62","16.2","11.3","998.9","1010.5"
"2026-08-11","04:24:56","Cloudy","Dry","Dark","2.0","22.7","3200","57232","23.8","23%","28.0","","Opened","7.355","5","Safe","Calm","0.0","62","16.2","11.4","998.9","1010.5"
"2026-08-11","04:25:06","Cloudy","Dry","Dark","2.3","22.8","3200","57232","23.9","23%","28.0","","Opened","7.359","5","Safe","Calm","0.0","62","16.2","11.7","998.9","1010.5"
"2026-08-11","04:25:16","Cloudy","Dry","Dark","2.1","22.8","3200","57232","23.9","23%","28.0","","Opened","7.395","5","Safe","Calm","0.0","62","16.2","11.5","998.9","1010.4"
"2026-08-11","04:25:26","Clear","Dry","Dark","2.0","22.8","3200","57232","23.9","23%","28.0","","Opened","7.446","5","Safe","Calm","0.0","62","16.2","11.4","998.9","1010.4"
"2026-08-11","04:25:36","Clear","Dry","Dark","2.0","22.8","3200","57232","23.9","23%","28.0","","Opened","7.341","5","Safe","Calm","0.0","62","16.2","11.4","998.9","1010.4"
"2026-08-11","04:25:46","Cloudy","Dry","Dark","2.3","22.9","3200","57232","23.9","23%","28.1","","Opened","7.514","5","Safe","Calm","0.0","62","16.2","11.7","998.9","1010.4"
"2026-08-11","04:25:56","Cloudy","Dry","Dark","2.2","22.9","3200","57232","24.0","23%","28.1","","Opened","7.355","5","Safe","Calm","0.0","62","16.2","11.6","998.9","1010.4"
"2026-08-11","04:26:06","Clear","Dry","Dark","1.9","22.9","3200","57232","24.0","23%","28.1","","Opened","7.340","5","Safe","Calm","0.0","62","16.3","11.4","998.9","1010.4"
"2026-08-11","04:26:16","Cloudy","Dry","Dark","2.1","22.9","3200","57232","24.0","23%","28.1","","Opened","7.344","5","Safe","Calm","0.0","62","16.2","11.6","998.9","1010.5"
"2026-08-11","04:26:26","Cloudy","Dry","Dark","2.2","23.0","3200","57232","24.0","23%","28.2","","Opened","7.371","5","Safe","Calm","0.0","62","16.3","11.7","998.9","1010.5"
"2026-08-11","04:26:36","Cloudy","Dry","Dark","2.2","23.0","3200","57232","24.0","23%","28.2","","Opened","7.356","5","Safe","Calm","0.0","62","16.3","11.6","998.9","1010.4"
"2026-08-11","04:26:47","Clear","Dry","Dark","1.9","23.0","3200","57232","24.1","23%","28.2","","Opened","7.759","5","Safe","Calm","0.0","62","16.3","11.4","998.9","1010.4"
"2026-08-11","04:26:56","Cloudy","Dry","Dark","2.0","23.0","3200","57232","24.1","23%","28.2","","Opened","7.350","5","Safe","Calm","0.0","62","16.3","11.5","998.9","1010.5"
"2026-08-11","04:27:06","Clear","Dry","Dark","1.9","23.0","3200","57232","24.1","23%","28.3","","Opened","7.346","5","Safe","Calm","0.0","62","16.3","11.4","998.9","1010.4"
"2026-08-11","04:27:16","Cloudy","Dry","Dark","2.2","23.0","3200","57232","24.1","23%","28.3","","Opened","7.350","5","Safe","Calm","0.0","62","16.3","11.7","998.9","1010.4"
"2026-08-11","04:27:26","Clear","Dry","Dark","1.8","23.0","3200","57232","24.2","23%","28.3","","Opened","7.499","5","Safe","Calm","0.0","61","16.3","11.4","998.9","1010.5"
"2026-08-11","04:27:36","Clear","Dry","Dark","1.8","23.0","3200","57232","24.2","23%","28.4","","Opened","7.450","5","Safe","Calm","0.0","61","16.3","11.4","998.9","1010.5"
"2026-08-11","04:27:47","Clear","Dry","Dark","1.7","23.0","3200","57232","24.2","23%","28.4","","Opened","7.704","5","Safe","Calm","0.0","61","16.3","11.3","998.9","1010.5"
"2026-08-11","04:27:56","Clear","Dry","Dark","1.7","23.0","3200","57232","24.2","23%","28.4","","Opened","7.416","5","Safe","Calm","0.0","61","16.4","11.3","999.0","1010.5"
"2026-08-11","04:28:06","Clear","Dry","Dark","1.7","23.0","3200","57232","24.2","23%","28.5","","Opened","7.319","5","Safe","Calm","0.0","61","16.3","11.3","998.9","1010.5"
"2026-08-11","04:28:16","Clear","Dry","Dark","1.8","23.0","3200","57232","24.3","23%","28.5","","Opened","7.350","5","Safe","Calm","0.0","61","16.4","11.3","998.9","1010.5"
"2026-08-11","04:28:26","Clear","Dry","Dark","1.9","23.0","3200","57232","24.3","23%","28.5","","Opened","7.286","5","Safe","Calm","0.0","61","16.4","11.5","998.9","1010.4"
"2026-08-11","04:28:36","Clear","Dry","Dark","1.9","23.1","3200","57232","24.3","23%","28.5","","Opened","7.299","5","Safe","Calm","0.0","61","16.4","11.5","998.9","1010.4"
"2026-08-11","04:28:47","Clear","Dry","Dark","2.0","23.1","3200","57232","24.3","23%","28.5","","Opened","7.644","5","Safe","Calm","0.0","61","16.3","11.6","998.9","1010.4"
"2026-08-11","04:28:56","Clear","Dry","Dark","1.8","23.1","3200","57232","24.3","23%","28.5","","Opened","7.521","5","Safe","Calm","0.0","61","16.3","11.4","998.9","1010.5"
"2026-08-11","04:29:06","Cloudy","Dry","Dark","2.2","23.1","3200","57232","24.3","23%","28.5","","Opened","7.364","5","Safe","Calm","0.0","61","16.3","11.8","998.9","1010.4"
"2026-08-11","04:29:16","Cloudy","Dry","Dark","2.1","23.2","3200","57232","24.4","23%","28.5","","Opened","7.380","5","Safe","Calm","0.0","61","16.3","11.7","998.9","1010.5"
"2026-08-11","04:29:26","Clear","Dry","Dark","2.0","23.2","3200","57232","24.4","23%","28.4","","Opened","7.381","5","Safe","Calm","0.0","61","16.3","11.6","998.9","1010.5"
"2026-08-11","04:29:36","Clear","Dry","Dark","1.9","23.2","3200","57232","24.4","23%","28.5","","Opened","7.475","5","Safe","Calm","0.0","61","16.3","11.6","998.9","1010.4"
"2026-08-11","04:29:47","Clear","Dry","Dark","1.8","23.3","3200","57232","24.4","23%","28.5","","Opened","7.694","5","Safe","Calm","0.0","60","16.3","11.5","998.9","1010.4"
"2026-08-11","04:29:56","Clear","Dry","Dark","1.8","23.3","3200","57232","24.4","23%","28.5","","Opened","7.375","5","Safe","Calm","0.0","60","16.3","11.5","998.9","1010.5"
"2026-08-11","04:30:06","Clear","Dry","Dark","1.6","23.3","3200","57232","24.4","23%","28.5","","Opened","7.371","5","Safe","Calm","0.0","60","16.2","11.3","998.9","1010.5"
"2026-08-11","04:30:16","Clear","Dry","Dark","1.8","23.3","3200","57232","24.5","23%","28.4","","Opened","7.350","5","Safe","Calm","0.0","60","16.3","11.5","998.9","1010.4"
"2026-08-11","04:30:26","Clear","Dry","Dark","1.6","23.3","3200","57232","24.5","23%","28.4","","Opened","7.370","5","Safe","Calm","0.0","60","16.3","11.3","998.9","1010.5"
"2026-08-11","04:30:36","Clear","Dry","Dark","1.7","23.3","3200","57232","24.5","23%","28.4","","Opened","7.290","5","Safe","Calm","0.0","60","16.2","11.4","998.9","1010.4"
"2026-08-11","04:30:47","Clear","Dry","Dark","1.5","23.3","3200","57232","24.5","23%","28.4","","Opened","7.655","5","Safe","Calm","0.0","60","16.3","11.2","998.9","1010.5"
"2026-08-11","04:30:56","Clear","Dry","Dark","1.4","23.3","3200","57232","24.5","23%","28.4","","Opened","7.379","5","Safe","Calm","0.0","60","16.3","11.1","998.9","1010.5"
"2026-08-11","04:31:06","Clear","Dry","Dark","1.4","23.3","3200","57232","24.5","23%","28.4","","Opened","7.395","5","Safe","Calm","0.0","60","16.3","11.2","998.9","1010.4"
"2026-08-11","04:31:16","Clear","Dry","Dark","1.4","23.2","3200","57232","24.5","23%","28.4","","Opened","7.446","5","Safe","Calm","0.0","60","16.3","11.2","998.9","1010.5"
"2026-08-11","04:31:26","Clear","Dry","Dark","1.5","23.2","3200","57232","24.5","23%","28.4","","Opened","7.369","5","Safe","Calm","0.0","60","16.3","11.2","998.9","1010.4"
"2026-08-11","04:31:36","Clear","Dry","Dark","1.5","23.2","3200","57232","24.5","23%","28.4","","Opened","7.375","5","Safe","Calm","0.0","60","16.3","11.2","998.9","1010.5"
"2026-08-11","04:31:47","Clear","Dry","Dark","1.3","23.2","3200","57232","24.5","23%","28.4","","Opened","7.715","5","Safe","Calm","0.0","60","16.3","11.0","998.9","1010.4"
"2026-08-11","04:31:56","Clear","Dry","Dark","1.3","23.2","3200","57232","24.6","23%","28.4","","Opened","7.296","5","Safe","Calm","0.0","60","16.3","11.1","998.9","1010.4"
"2026-08-11","04:32:06","Clear","Dry","Dark","1.3","23.2","3200","57232","24.6","23%","28.3","","Opened","7.314","5","Safe","Calm","0.0","60","16.3","11.1","998.9","1010.5"
"2026-08-11","04:32:16","Clear","Dry","Dark","1.4","23.1","3200","57232","24.5","23%","28.3","","Opened","7.316","5","Safe","Calm","0.0","60","16.3","11.1","998.9","1010.4"
"2026-08-11","04:32:26","Clear","Dry","Dark","1.1","23.1","3200","57232","24.5","23%","28.2","Heating UP","Opened","7.471","5","Safe","Calm","0.0","60","16.2","10.9","998.9","1010.5"
"2026-08-11","04:32:36","Clear","Dry","Dark","1.1","23.1","3200","57232","24.5","24%","28.2","Heating UP","Opened","7.540","5","Safe","Calm","0.0","60","16.3","10.9","999.0","1010.5"
"2026-08-11","04:32:47","Clear","Dry","Dark","1.2","23.1","3328","57232","24.6","25%","28.2","Heating UP","Opened","7.775","5","Safe","Calm","0.0","60","16.3","10.9","998.9","1010.5"
"2026-08-11","04:32:56","Clear","Dry","Dark","1.4","23.1","3200","57232","24.5","26%","28.2","Heating UP","Opened","7.490","5","Safe","Calm","0.0","60","16.2","11.1","998.9","1010.5"
"2026-08-11","04:33:06","Clear","Dry","Dark","1.2","23.0","3200","57232","24.5","27%","28.1","Heating UP","Opened","7.456","5","Safe","Calm","0.0","60","16.2","11.0","998.9","1010.4"
"2026-08-11","04:33:16","Clear","Dry","Dark","1.5","23.0","3200","57232","24.5","28%","28.1","Heating UP","Opened","7.504","5","Safe","Calm","0.0","60","16.2","11.2","998.9","1010.4"
"2026-08-11","04:33:26","Clear","Dry","Dark","1.3","23.0","3328","57232","24.5","29%","28.1","Heating UP","Opened","7.425","5","Safe","Calm","0.0","60","16.2","11.0","998.9","1010.5"
"2026-08-11","04:33:36","Clear","Dry","Dark","1.3","23.0","3200","57232","24.5","30%","28.2","","Opened","7.361","5","Safe","Calm","0.0","60","16.2","11.0","998.9","1010.5"
"2026-08-11","04:33:46","Clear","Dry","Dark","1.3","23.0","3200","57232","24.5","30%","28.3","","Opened","7.564","5","Safe","Calm","0.0","60","16.2","11.0","998.9","1010.4"
"2026-08-11","04:33:56","Clear","Dry","Dark","1.4","22.9","3200","57232","24.5","30%","28.4","","Opened","7.405","5","Safe","Calm","0.0","60","16.2","11.1","998.9","1010.5"
"2026-08-11","04:34:06","Clear","Dry","Dark","1.3","22.9","3200","57232","24.4","30%","28.5","","Opened","7.371","5","Safe","Calm","0.0","60","16.2","11.0","998.9","1010.4"
"2026-08-11","04:34:16","Clear","Dry","Dark","1.2","22.9","3200","57232","24.4","30%","28.5","","Opened","7.366","5","Safe","Calm","0.0","60","16.2","10.9","998.8","1010.3"
"2026-08-11","04:34:26","Clear","Dry","Dark","1.2","22.9","3200","57232","24.4","30%","28.6","","Opened","7.399","5","Safe","Calm","0.0","60","16.2","10.9","998.8","1010.3"
"2026-08-11","04:34:36","Clear","Dry","Dark","1.3","22.9","3200","57232","24.4","30%","28.6","","Opened","7.405","5","Safe","Calm","0.0","60","16.2","11.0","998.9","1010.4"
"2026-08-11","04:34:47","Clear","Dry","Dark","1.2","22.8","3200","57232","24.4","30%","28.6","","Opened","7.631","5","Safe","Calm","0.0","60","16.2","10.8","998.9","1010.4"
"2026-08-11","04:34:56","Clear","Dry","Dark","1.2","22.8","3200","57232","24.4","30%","28.6","","Opened","7.275","5","Safe","Calm","0.0","60","16.2","10.8","998.9","1010.5"
"2026-08-11","04:35:06","Clear","Dry","Dark","1.3","22.8","3200","57232","24.4","30%","28.5","","Opened","7.405","5","Safe","Calm","0.0","60","16.2","10.9","998.8","1010.3"
"2026-08-11","04:35:16","Clear","Dry","Dark","1.2","22.8","3200","57232","24.3","30%","28.4","","Opened","7.374","5","Safe","Calm","0.8","60","16.2","10.8","998.9","1010.4"
"2026-08-11","04:35:26","Clear","Dry","Dark","1.3","22.8","3200","57232","24.4","30%","28.3","","Opened","7.350","5","Safe","Calm","1.6","60","16.2","10.9","998.9","1010.4"
"2026-08-11","04:35:36","Clear","Dry","Dark","1.1","22.8","3200","57232","24.3","30%","28.2","","Opened","7.344","5","Safe","Calm","2.2","60","16.2","10.8","998.8","1010.3"
"2026-08-11","04:35:46","Clear","Dry","Dark","1.3","22.8","3200","57232","24.3","30%","28.1","","Opened","7.585","5","Safe","Calm","2.8","61","16.2","10.9","998.9","1010.4"
"2026-08-11","04:35:56","Clear","Dry","Dark","1.4","22.8","3200","57232","24.2","30%","28.1","","Opened","7.391","5","Safe","Calm","3.5","61","16.1","10.9","998.9","1010.4"
"2026-08-11","04:36:06","Clear","Dry","Dark","1.3","22.8","3200","57232","24.2","30%","28.1","","Opened","7.344","5","Safe","Calm","4.1","61","16.1","10.8","998.8","1010.3"
"2026-08-11","04:36:16","Clear","Dry","Dark","1.3","22.8","3200","57232","24.2","30%","28.1","","Opened","7.370","5","Safe","Calm","4.0","61","16.1","10.8","998.9","1010.4"
"2026-08-11","04:36:26","Clear","Dry","Dark","1.2","22.8","3200","57232","24.1","30%","28.0","","Opened","7.411","5","Safe","Calm","3.2","61","16.1","10.8","998.9","1010.4"
"2026-08-11","04:36:36","Clear","Dry","Dark","1.1","22.8","3200","57232","24.1","30%","28.0","","Opened","7.445","5","Safe","Calm","2.6","61","16.1","10.6","998.8","1010.3"
"2026-08-11","04:36:46","Clear","Dry","Dark","1.2","22.8","3200","57232","24.1","30%","27.9","","Opened","7.570","5","Safe","Calm","1.9","61","16.1","10.7","999.0","1010.5"
"2026-08-11","04:36:56","Clear","Dry","Dark","1.3","22.7","3200","57232","24.1","30%","27.8","Heating UP","Opened","7.440","5","Safe","Calm","1.3","61","16.1","10.8","999.0","1010.5"
"2026-08-11","04:37:06","Clear","Dry","Dark","1.3","22.7","3200","57232","24.1","31%","27.7","Heating UP","Opened","7.501","5","Safe","Calm","0.6","61","16.1","10.7","998.9","1010.4"
"2026-08-11","04:37:17","Clear","Dry","Dark","1.4","22.7","3200","57232","24.0","32%","27.6","Heating UP","Opened","7.620","5","Safe","Calm","0.0","61","16.0","10.8","998.8","1010.4"
"2026-08-11","04:37:26","Clear","Dry","Dark","1.4","22.7","3328","57232","24.0","33%","27.5","Heating UP","Opened","7.510","5","Safe","Calm","0.0","61","16.0","10.9","998.9","1010.4"
"2026-08-11","04:37:36","Clear","Dry","Dark","1.4","22.7","3200","57232","24.0","35%","27.5","Heating UP","Opened","7.440","5","Safe","Calm","0.0","61","16.0","10.9","998.9","1010.4"
"2026-08-11","04:37:47","Clear","Dry","Dark","1.5","22.7","3200","57232","24.0","35%","27.6","","Opened","7.625","5","Safe","Calm","0.0","61","16.0","11.0","998.9","1010.4"
"2026-08-11","04:37:56","Clear","Dry","Dark","1.5","22.7","3200","57232","24.0","35%","27.6","Heating UP","Opened","7.425","5","Safe","Calm","0.0","61","16.0","10.9","998.9","1010.4"
"2026-08-11","04:38:06","Clear","Dry","Dark","1.6","22.7","3328","57232","23.9","36%","27.6","Heating UP","Opened","7.505","5","Safe","Calm","0.0","61","16.0","11.0","998.9","1010.4"
"2026-08-11","04:38:16","Clear","Dry","Dark","1.5","22.7","3200","57232","23.9","37%","27.6","Heating UP","Opened","7.436","5","Safe","Calm","0.0","61","16.0","10.9","999.0","1010.5"
"2026-08-11","04:38:26","Clear","Dry","Dark","1.6","22.7","3200","57232","23.9","38%","27.7","","Opened","7.384","5","Safe","Calm","0.0","61","16.0","10.9","998.9","1010.4"
"2026-08-11","04:38:36","Clear","Dry","Dark","1.6","22.7","3200","57232","23.9","38%","27.9","","Opened","7.381","5","Safe","Calm","0.0","61","16.0","10.9","998.9","1010.4"
"2026-08-11","04:38:47","Clear","Dry","Dark","1.6","22.7","3200","57232","23.8","38%","28.0","","Opened","7.786","5","Safe","Calm","0.0","61","15.9","11.0","998.8","1010.4"
"2026-08-11","04:38:56","Clear","Dry","Dark","1.5","22.7","3200","57232","23.8","38%","28.0","","Opened","7.315","5","Safe","Calm","0.0","61","16.0","10.9","998.9","1010.4"
"2026-08-11","04:39:06","Clear","Dry","Dark","1.5","22.7","3200","57232","23.8","38%","28.2","Heating DOWN","Opened","7.425","5","Safe","Calm","0.0","61","16.0","10.9","998.8","1010.4"
"2026-08-11","04:39:16","Clear","Dry","Dark","1.6","22.7","3200","57232","23.8","37%","28.2","Heating DOWN","Opened","7.485","5","Safe","Calm","0.0","61","16.0","10.9","998.9","1010.4"
"2026-08-11","04:39:26","Clear","Dry","Dark","1.6","22.7","3328","57232","23.8","36%","28.3","Heating DOWN","Opened","7.491","5","Safe","Calm","0.0","61","16.0","11.0","998.9","1010.4"
"2026-08-11","04:39:36","Clear","Dry","Dark","1.6","22.7","3200","57232","23.8","35%","28.3","Heating DOWN","Opened","7.516","5","Safe","Calm","0.0","62","16.0","10.9","998.9","1010.4"
"2026-08-11","04:39:47","Clear","Dry","Dark","1.8","22.7","3200","57232","23.8","35%","28.3","Heating DOWN","Opened","7.924","5","Safe","Calm","0.0","62","16.0","11.2","998.9","1010.4"
"2026-08-11","04:39:56","Clear","Dry","Dark","1.6","22.7","3200","57232","23.8","34%","28.3","Heating DOWN","Opened","7.514","5","Safe","Calm","0.0","62","16.0","10.9","998.9","1010.4"
"2026-08-11","04:40:06","Clear","Dry","Dark","1.5","22.7","3200","57232","23.8","32%","28.3","Heating DOWN","Opened","7.460","5","Safe","Calm","0.0","62","16.0","10.8","998.8","1010.4"
"2026-08-11","04:40:16","Clear","Dry","Dark","1.6","22.7","3200","57232","23.8","30%","28.3","Heating DOWN","Opened","7.485","5","Safe","Calm","0.0","62","16.0","10.9","998.9","1010.4"
"2026-08-11","04:40:26","Clear","Dry","Dark","1.5","22.7","3200","57232","23.8","28%","28.2","","Opened","7.401","5","Safe","Calm","0.0","62","16.0","10.8","998.8","1010.3"
"2026-08-11","04:40:36","Clear","Dry","Dark","1.4","22.7","3200","57232","23.8","28%","28.1","","Opened","7.366","5","Safe","Calm","0.0","62","16.0","10.7","998.8","1010.4"
"2026-08-11","04:40:47","Clear","Dry","Dark","1.5","22.7","3200","57232","23.8","28%","28.1","Heating DOWN","Opened","7.728","5","Safe","Calm","0.0","62","16.0","10.8","998.8","1010.4"
"2026-08-11","04:40:56","Clear","Dry","Dark","1.4","22.7","3200","57232","23.7","27%","28.1","Heating DOWN","Opened","7.425","5","Safe","Calm","0.0","62","16.0","10.7","998.8","1010.3"
"2026-08-11","04:41:06","Clear","Dry","Dark","1.5","22.7","3200","57232","23.7","26%","28.1","Heating DOWN","Opened","7.501","5","Safe","Calm","0.0","62","16.0","10.8","998.9","1010.4"
"2026-08-11","04:41:16","Clear","Dry","Dark","1.5","22.7","3328","57232","23.7","25%","28.0","","Opened","7.290","5","Safe","Calm","0.0","62","16.0","10.7","998.8","1010.4"
"2026-08-11","04:41:26","Clear","Dry","Dark","1.4","22.7","3328","57232","23.7","25%","27.9","","Opened","7.291","5","Safe","Calm","0.0","62","16.0","10.7","998.8","1010.4"
"2026-08-11","04:41:36","Clear","Dry","Dark","1.5","22.7","3328","57232","23.7","25%","27.9","","Opened","7.295","5","Safe","Calm","0.0","62","16.0","10.7","998.8","1010.4"
"2026-08-11","04:41:46","Clear","Dry","Dark","1.5","22.7","3328","57232","23.7","25%","27.7","","Opened","7.575","5","Safe","Calm","0.0","62","16.0","10.8","998.8","1010.3"
"2026-08-11","04:41:56","Clear","Dry","Dark","1.5","22.7","3328","57232","23.7","25%","27.7","","Opened","7.380","5","Safe","Calm","0.0","62","16.0","10.7","998.8","1010.3"
"2026-08-11","04:42:06","Clear","Dry","Dark","1.5","22.6","3328","57232","23.7","25%","27.6","","Opened","7.380","5","Safe","Calm","0.0","62","16.0","10.7","998.8","1010.4"
"2026-08-11","04:42:16","Clear","Dry","Dark","1.4","22.6","3328","57232","23.6","25%","27.6","","Opened","7.354","5","Safe","Calm","0.0","62","16.0","10.6","998.8","1010.4"
"2026-08-11","04:42:26","Clear","Dry","Dark","1.4","22.6","3328","57232","23.6","25%","27.6","","Opened","7.380","5","Safe","Calm","0.0","62","16.0","10.7","998.8","1010.4"
"2026-08-11","04:42:36","Clear","Dry","Dark","1.4","22.6","3328","57232","23.6","25%","27.5","","Opened","7.351","5","Safe","Calm","0.0","62","16.0","10.6","998.9","1010.4"
"2026-08-11","04:42:46","Clear","Dry","Dark","1.4","22.6","3328","57232","23.6","25%","27.5","","Opened","7.569","5","Safe","Calm","0.0","62","16.0","10.6","998.8","1010.4"
"2026-08-11","04:42:56","Clear","Dry","Dark","1.4","22.6","3328","57232","23.6","25%","27.5","","Opened","7.344","5","Safe","Calm","0.0","62","16.0","10.6","998.8","1010.4"
"2026-08-11","04:43:06","Clear","Dry","Dark","1.2","22.6","3328","57232","23.6","25%","27.5","","Opened","7.359","5","Safe","Calm","0.0","63","16.0","10.5","998.8","1010.4"
"2026-08-11","04:43:16","Clear","Dry","Dark","1.4","22.5","3328","57232","23.6","25%","27.4","","Opened","7.365","5","Safe","Calm","0.0","63","16.0","10.6","998.8","1010.3"
"2026-08-11","04:43:26","Clear","Dry","Dark","1.3","22.5","3328","57232","23.6","25%","27.4","","Opened","7.426","5","Safe","Calm","0.0","63","16.0","10.5","998.8","1010.3"
"2026-08-11","04:43:36","Clear","Dry","Dark","1.4","22.5","3328","57232","23.5","25%","27.3","","Opened","7.410","5","Safe","Calm","0.0","63","16.0","10.5","998.8","1010.3"
"2026-08-11","04:43:47","Clear","Dry","Dark","1.3","22.5","3328","57232","23.5","25%","27.3","","Opened","7.599","5","Safe","Calm","0.0","63","16.0","10.5","998.8","1010.3"
"2026-08-11","04:43:56","Clear","Dry","Dark","1.3","22.5","3328","57232","23.5","25%","27.2","Heating UP","Opened","7.500","5","Safe","Calm","0.0","63","16.0","10.5","998.8","1010.4"
"2026-08-11","04:44:06","Clear","Dry","Dark","1.4","22.5","3200","57232","23.5","26%","27.2","Heating UP","Opened","7.579","5","Safe","Calm","0.0","63","16.0","10.6","998.8","1010.4"
"2026-08-11","04:44:16","Clear","Dry","Dark","1.4","22.5","3200","57232","23.5","27%","27.2","Heating UP","Opened","7.475","5","Safe","Calm","0.0","63","16.0","10.5","998.8","1010.3"
"2026-08-11","04:44:26","Clear","Dry","Dark","1.4","22.4","3200","57232","23.5","28%","27.2","Heating UP","Opened","7.435","5","Safe","Calm","0.0","63","16.0","10.6","998.7","1010.2"
"2026-08-11","04:44:36","Clear","Dry","Dark","1.4","22.4","3328","57232","23.5","29%","27.2","","Opened","7.329","5","Safe","Calm","0.0","63","16.0","10.5","998.8","1010.4"
"2026-08-11","04:44:47","Clear","Dry","Dark","1.6","22.4","3328","57232","23.5","29%","27.2","","Opened","7.630","5","Safe","Calm","0.0","63","16.0","10.7","998.8","1010.3"
"2026-08-11","04:44:56","Clear","Dry","Dark","1.4","22.4","3328","57232","23.5","29%","27.1","Heating UP","Opened","7.516","5","Safe","Calm","0.0","63","16.0","10.5","998.8","1010.3"
"2026-08-11","04:45:06","Clear","Dry","Dark","1.4","22.4","3200","57232","23.4","30%","27.2","","Opened","7.330","5","Safe","Calm","0.0","63","16.0","10.5","998.8","1010.4"
"2026-08-11","04:45:16","Clear","Dry","Dark","1.6","22.4","3200","57232","23.4","30%","27.2","","Opened","7.360","5","Safe","Calm","0.0","63","16.0","10.7","998.7","1010.2"
"2026-08-11","04:45:26","Clear","Dry","Dark","1.5","22.4","3200","57232","23.4","30%","27.2","","Opened","7.385","5","Safe","Calm","0.0","63","16.0","10.7","998.8","1010.3"
"2026-08-11","04:45:36","Clear","Dry","Dark","1.6","22.4","3200","57232","23.4","30%","27.2","","Opened","7.405","5","Safe","Calm","0.0","63","15.9","10.7","998.7","1010.2"
"2026-08-11","04:45:47","Clear","Dry","Dark","1.7","22.4","3200","57232","23.4","30%","27.2","","Opened","7.696","5","Safe","Calm","0.0","63","15.9","10.8","998.8","1010.4"
"2026-08-11","04:45:56","Clear","Dry","Dark","1.6","22.4","3200","57232","23.4","30%","27.3","","Opened","7.460","5","Safe","Calm","0.0","63","16.0","10.7","998.7","1010.2"
"2026-08-11","04:46:06","Clear","Dry","Dark","1.7","22.3","3200","57232","23.4","30%","27.3","","Opened","7.410","5","Safe","Calm","0.0","63","16.0","10.8","998.8","1010.3"
"2026-08-11","04:46:16","Clear","Dry","Dark","1.6","22.4","3200","57232","23.4","30%","27.3","","Opened","7.460","5","Safe","Calm","0.0","63","16.0","10.7","998.8","1010.3"
"2026-08-11","04:46:26","Clear","Dry","Dark","1.6","22.4","3200","57232","23.4","30%","27.3","","Opened","7.309","5","Safe","Calm","0.0","63","16.0","10.7","998.8","1010.3"
"2026-08-11","04:46:36","Clear","Dry","Dark","1.6","22.3","3200","57232","23.4","30%","27.3","","Opened","7.335","5","Safe","Calm","0.0","63","16.0","10.7","998.8","1010.3"
"2026-08-11","04:46:47","Clear","Dry","Dark","1.7","22.3","3200","57232","23.4","30%","27.4","","Opened","7.770","5","Safe","Calm","0.0","63","16.0","10.8","998.8","1010.4"
"2026-08-11","04:46:56","Clear","Dry","Dark","1.6","22.4","3200","57232","23.4","30%","27.4","","Opened","7.359","5","Safe","Calm","0.0","63","16.0","10.7","998.8","1010.3"
"2026-08-11","04:47:06","Clear","Dry","Dark","1.7","22.3","3200","57232","23.4","30%","27.4","","Opened","7.379","5","Safe","Calm","0.0","63","15.9","10.8","998.8","1010.4"
"2026-08-11","04:47:16","Clear","Dry","Dark","1.7","22.3","3200","57232","23.4","30%","27.5","","Opened","7.346","5","Safe","Calm","0.0","63","16.0","10.8","998.8","1010.3"
"2026-08-11","04:47:26","Clear","Dry","Dark","1.8","22.3","3200","57232","23.3","30%","27.5","","Opened","7.365","5","Safe","Calm","0.0","63","15.9","10.9","998.8","1010.4"
"2026-08-11","04:47:36","Clear","Dry","Dark","1.8","22.3","3200","57232","23.4","30%","27.5","","Opened","7.349","5","Safe","Calm","0.0","63","15.9","10.9","998.9","1010.4"
"2026-08-11","04:47:47","Clear","Dry","Dark","1.8","22.3","3200","57232","23.4","30%","27.5","","Opened","7.694","5","Safe","Calm","0.0","63","16.0","10.9","998.8","1010.4"
"2026-08-11","04:47:56","Clear","Dry","Dark","1.8","22.3","3200","57232","23.4","30%","27.5","","Opened","7.366","5","Safe","Calm","0.0","63","15.9","10.9","998.8","1010.3"
"2026-08-11","04:48:06","Clear","Dry","Dark","1.8","22.4","3200","57232","23.4","30%","27.5","","Opened","7.401","5","Safe","Calm","0.0","63","16.0","10.9","998.8","1010.4"
"2026-08-11","04:48:16","Clear","Dry","Dark","1.9","22.4","3200","57232","23.3","30%","27.5","","Opened","7.359","5","Safe","Calm","0.0","63","15.9","11.0","998.8","1010.4"
"2026-08-11","04:48:26","Clear","Dry","Dark","1.8","22.4","3200","57232","23.4","30%","27.4","","Opened","7.355","5","Safe","Calm","0.0","63","16.0","10.9","998.8","1010.3"
"2026-08-11","04:48:36","Clear","Dry","Dark","1.8","22.4","3200","57232","23.4","30%","27.5","","Opened","7.375","5","Safe","Calm","0.0","63","15.9","10.9","998.8","1010.4"
"2026-08-11","04:48:47","Clear","Dry","Dark","1.8","22.4","3200","57232","23.4","30%","27.4","","Opened","7.645","5","Safe","Calm","0.0","63","16.0","10.9","998.8","1010.4"
"2026-08-11","04:48:56","Clear","Dry","Dark","1.8","22.4","3200","57232","23.4","30%","27.5","","Opened","7.365","5","Safe","Calm","0.0","63","16.0","10.9","998.8","1010.4"
"2026-08-11","04:49:06","Clear","Dry","Dark","1.7","22.4","3200","57232","23.4","30%","27.5","","Opened","7.377","5","Safe","Calm","0.0","63","16.0","10.8","998.8","1010.4"
"2026-08-11","04:49:16","Clear","Dry","Dark","1.8","22.4","3200","57232","23.3","30%","27.5","","Opened","7.359","5","Safe","Calm","0.0","63","15.9","10.8","998.8","1010.4"
"2026-08-11","04:49:26","Clear","Dry","Dark","1.9","22.4","3200","57232","23.4","30%","27.5","","Opened","7.399","5","Safe","Calm","0.0","63","15.9","10.9","998.8","1010.3"
"2026-08-11","04:49:36","Clear","Dry","Dark","1.7","22.4","3200","57232","23.4","30%","27.5","","Opened","7.387","5","Safe","Calm","0.0","63","16.0","10.8","998.8","1010.4"
"2026-08-11","04:49:47","Clear","Dry","Dark","1.6","22.4","3200","57232","23.3","30%","27.4","","Opened","7.730","5","Safe","Calm","0.0","63","15.9","10.7","998.8","1010.4"
"2026-08-11","04:49:56","Clear","Dry","Dark","1.7","22.4","3200","57232","23.4","30%","27.5","","Opened","7.384","5","Safe","Calm","0.0","63","16.0","10.8","998.8","1010.4"
"2026-08-11","04:50:06","Clear","Dry","Dark","1.6","22.4","3200","57232","23.4","30%","27.4","","Opened","7.351","5","Safe","Calm","0.0","63","16.0","10.7","998.8","1010.4"
"2026-08-11","04:50:16","Clear","Dry","Dark","1.6","22.4","3200","57232","23.4","30%","27.3","","Opened","7.356","5","Safe","Calm","0.0","63","16.0","10.7","998.8","1010.4"
"2026-08-11","04:50:26","Clear","Dry","Dark","1.6","22.4","3200","57232","23.3","30%","27.3","","Opened","7.355","5","Safe","Calm","0.0","63","16.0","10.6","998.8","1010.4"
"2026-08-11","04:50:36","Clear","Dry","Dark","1.5","22.4","3200","57232","23.3","30%","27.3","","Opened","7.380","5","Safe","Calm","0.0","63","16.0","10.6","998.8","1010.4"
"2026-08-11","04:50:47","Clear","Dry","Dark","1.6","22.4","3200","57232","23.3","30%","27.3","","Opened","7.629","5","Safe","Calm","0.0","63","16.0","10.6","998.8","1010.4"
"2026-08-11","04:50:56","Clear","Dry","Dark","1.6","22.4","3200","57232","23.3","30%","27.3","","Opened","7.365","5","Safe","Calm","0.0","63","16.0","10.6","998.9","1010.4"
"2026-08-11","04:51:06","Clear","Dry","Dark","1.6","22.3","3200","57232","23.3","30%","27.4","","Opened","7.380","5","Safe","Calm","0.0","63","16.0","10.7","998.9","1010.4"
"2026-08-11","04:51:16","Clear","Dry","Dark","1.7","22.4","3200","57232","23.3","30%","27.4","","Opened","7.360","5","Safe","Calm","0.0","63","16.0","10.8","998.8","1010.3"
"2026-08-11","04:51:26","Clear","Dry","Dark","1.9","22.4","3200","57232","23.3","30%","27.3","","Opened","7.411","5","Safe","Calm","0.0","63","16.0","11.0","998.9","1010.4"
"2026-08-11","04:51:36","Clear","Dry","Dark","1.8","22.4","3200","57232","23.3","30%","27.3","","Opened","7.489","5","Safe","Calm","0.0","63","16.0","10.8","998.8","1010.4"
"2026-08-11","04:51:46","Clear","Dry","Dark","1.8","22.4","3200","57232","23.3","30%","27.3","","Opened","7.510","5","Safe","Calm","0.0","63","15.9","10.9","998.9","1010.4"
"2026-08-11","04:51:56","Cloudy","Dry","Dark","2.1","22.5","3200","57232","23.3","30%","27.3","","Opened","7.376","5","Safe","Calm","0.0","63","15.9","11.1","998.8","1010.3"
"2026-08-11","04:52:06","Clear","Dry","Dark","1.9","22.5","3200","57232","23.3","30%","27.3","","Opened","7.375","5","Safe","Calm","0.0","63","15.9","11.0","998.8","1010.3"
"2026-08-11","04:52:16","Clear","Dry","Dark","1.8","22.5","3200","57232","23.3","30%","27.3","","Opened","7.364","5","Safe","Calm","0.0","63","15.9","10.8","998.8","1010.4"
"2026-08-11","04:52:26","Clear","Dry","Dark","1.8","22.5","3200","57232","23.3","30%","27.3","","Opened","7.370","5","Safe","Calm","0.0","63","15.9","10.9","998.8","1010.4"
"2026-08-11","04:52:36","Clear","Dry","Dark","1.8","22.5","3200","57232","23.3","30%","27.4","","Opened","7.336","5","Safe","Calm","0.0","63","15.9","10.8","998.8","1010.3"
"2026-08-11","04:52:47","Clear","Dry","Dark","1.9","22.5","3200","57232","23.3","30%","27.4","","Opened","7.765","5","Safe","Calm","0.0","63","15.9","11.0","998.8","1010.3"
"2026-08-11","04:52:56","Cloudy","Dry","Dark","2.1","22.5","3200","57232","23.4","30%","27.3","","Opened","7.405","5","Safe","Calm","0.8","63","16.0","11.1","998.8","1010.3"
"2026-08-11","04:53:06","Clear","Dry","Dark","1.9","22.6","3200","57232","23.3","30%","27.3","","Opened","7.285","5","Safe","Calm","1.4","63","15.9","11.0","998.8","1010.3"
"2026-08-11","04:53:16","Clear","Dry","Dark","1.9","22.6","3200","57232","23.4","30%","27.3","","Opened","7.301","5","Safe","Calm","2.1","63","15.9","10.9","998.8","1010.3"
"2026-08-11","04:53:26","Clear","Dry","Dark","1.8","22.6","3200","57232","23.4","30%","27.3","","Opened","7.309","5","Safe","Calm","2.7","63","15.9","10.9","998.8","1010.3"
"2026-08-11","04:53:36","Clear","Dry","Dark","1.8","22.6","3200","57232","23.4","30%","27.4","","Opened","7.270","5","Safe","Calm","3.3","63","15.9","10.9","998.8","1010.4"
"2026-08-11","04:53:47","Clear","Dry","Dark","1.8","22.6","3200","57232","23.4","30%","27.4","","Opened","7.626","5","Safe","Calm","4.0","63","15.9","10.9","998.8","1010.4"
"2026-08-11","04:53:56","Clear","Dry","Dark","1.8","22.6","3200","57232","23.4","30%","27.4","","Opened","7.470","5","Safe","Calm","3.8","63","15.9","10.9","998.8","1010.4"
"2026-08-11","04:54:06","Clear","Dry","Dark","1.7","22.6","3200","57232","23.4","30%","27.4","","Opened","7.315","5","Safe","Calm","3.2","63","15.9","10.8","998.8","1010.3"
"2026-08-11","04:54:16","Clear","Dry","Dark","1.7","22.6","3200","57232","23.4","30%","27.4","","Opened","7.301","5","Safe","Calm","3.2","63","15.9","10.8","998.8","1010.4"
"2026-08-11","04:54:26","Clear","Dry","Dark","1.8","22.6","3200","57232","23.4","30%","27.5","","Opened","7.312","5","Safe","Calm","3.2","63","16.0","10.9","998.8","1010.3"
"2026-08-11","04:54:36","Clear","Dry","Dark","1.7","22.6","3200","57232","23.4","30%","27.5","","Opened","7.334","5","Safe","Calm","3.2","63","16.0","10.8","998.9","1010.4"
"2026-08-11","04:54:46","Clear","Dry","Dark","1.6","22.6","3200","57232","23.4","30%","27.5","","Opened","7.560","5","Safe","Calm","2.6","63","16.0","10.8","998.9","1010.4"
"2026-08-11","04:54:56","Clear","Dry","Dark","1.6","22.5","3200","57232","23.4","30%","27.5","","Opened","7.362","5","Safe","Calm","1.9","63","15.9","10.8","998.8","1010.4"
"2026-08-11","04:55:06","Clear","Dry","Dark","1.6","22.5","3200","57232","23.4","30%","27.5","","Opened","7.375","5","Safe","Calm","1.9","63","15.9","10.7","998.8","1010.4"
"2026-08-11","04:55:16","Clear","Dry","Dark","1.7","22.5","3200","57232","23.4","30%","27.5","","Opened","7.350","5","Safe","Calm","1.3","63","15.9","10.8","998.8","1010.4"
"2026-08-11","04:55:26","Clear","Dry","Dark","1.8","22.5","3200","57232","23.4","30%","27.5","","Opened","7.386","5","Safe","Calm","0.6","63","15.9","10.9","998.8","1010.4"
"2026-08-11","04:55:36","Clear","Dry","Dark","1.8","22.5","3200","57232","23.4","30%","27.5","","Opened","7.436","5","Safe","Calm","0.0","63","15.9","10.9","998.9","1010.4"
"2026-08-11","04:55:46","Clear","Dry","Dark","1.8","22.5","3200","57232","23.4","30%","27.5","","Opened","7.564","5","Safe","Calm","0.0","63","16.0","10.9","998.8","1010.3"
"2026-08-11","04:55:56","Clear","Dry","Dark","1.7","22.5","3200","57232","23.4","30%","27.5","","Opened","7.336","5","Safe","Calm","0.0","63","16.0","10.8","998.8","1010.3"
"2026-08-11","04:56:06","Clear","Dry","Dark","1.8","22.5","3200","57232","23.4","30%","27.5","","Opened","7.336","5","Safe","Calm","0.6","63","16.0","10.9","998.8","1010.4"
"2026-08-11","04:56:16","Clear","Dry","Dark","1.7","22.5","3200","57232","23.4","30%","27.6","","Opened","7.339","5","Safe","Calm","0.6","63","16.0","10.8","998.8","1010.4"
"2026-08-11","04:56:26","Clear","Dry","Dark","1.9","22.5","3200","57232","23.4","30%","27.6","","Opened","7.306","5","Safe","Calm","0.6","63","16.0","11.0","998.8","1010.3"
"2026-08-11","04:56:36","Clear","Dry","Dark","1.8","22.5","3200","57232","23.4","30%","27.6","","Opened","7.311","5","Safe","Calm","0.6","63","16.0","10.9","998.8","1010.4"
"2026-08-11","04:56:47","Clear","Dry","Dark","1.8","22.5","3200","57232","23.4","30%","27.7","","Opened","7.720","5","Safe","Calm","0.6","63","16.0","10.9","998.8","1010.4"
"2026-08-11","04:56:56","Clear","Dry","Dark","2.0","22.5","3200","57232","23.4","30%","27.7","","Opened","7.389","5","Safe","Calm","0.6","63","16.0","11.1","998.9","1010.4"
"2026-08-11","04:57:06","Clear","Dry","Dark","1.9","22.5","3200","57232","23.4","30%","27.7","","Opened","7.375","5","Safe","Calm","0.0","63","16.0","11.0","998.8","1010.4"
"2026-08-11","04:57:16","Clear","Dry","Dark","1.9","22.5","3200","57232","23.4","30%","27.6","","Opened","7.386","5","Safe","Calm","0.0","63","16.0","11.1","998.9","1010.4"
"2026-08-11","04:57:26","Clear","Dry","Dark","1.7","22.5","3200","57232","23.4","30%","27.6","","Opened","7.370","5","Safe","Calm","0.0","63","16.0","10.8","998.8","1010.4"
"2026-08-11","04:57:36","Clear","Dry","Dark","1.9","22.5","3200","57232","23.4","30%","27.6","","Opened","7.375","5","Safe","Calm","0.0","63","16.0","11.0","998.8","1010.4"
"2026-08-11","04:57:47","Clear","Dry","Dark","1.7","22.5","3200","57232","23.4","30%","27.6","","Opened","7.648","5","Safe","Calm","0.0","63","16.0","10.8","998.8","1010.4"
"2026-08-11","04:57:56","Clear","Dry","Dark","1.8","22.5","3200","57232","23.4","30%","27.6","","Opened","7.375","5","Safe","Calm","0.0","63","16.0","10.9","998.8","1010.4"
"2026-08-11","04:58:06","Clear","Dry","Dark","1.7","22.5","3200","57232","23.4","30%","27.6","","Opened","7.384","5","Safe","Calm","0.0","63","16.0","10.9","998.8","1010.4"
"2026-08-11","04:58:16","Clear","Dry","Dark","1.8","22.5","3200","57232","23.4","30%","27.5","","Opened","7.350","5","Safe","Calm","0.0","63","16.0","10.9","998.8","1010.4"
"2026-08-11","04:58:26","Clear","Dry","Dark","1.8","22.5","3200","57232","23.4","30%","27.5","","Opened","7.391","5","Safe","Calm","0.6","63","16.0","10.9","998.8","1010.4"
"2026-08-11","04:58:36","Clear","Dry","Dark","1.7","22.5","3200","57232","23.4","30%","27.5","","Opened","7.394","5","Safe","Calm","0.6","63","16.0","10.8","998.8","1010.4"
"2026-08-11","04:58:47","Clear","Dry","Dark","1.7","22.5","3200","57232","23.4","30%","27.5","","Opened","7.669","5","Safe","Calm","0.6","63","16.0","10.8","998.8","1010.4"
"2026-08-11","04:58:56","Clear","Dry","Dark","1.8","22.6","3200","57232","23.4","30%","27.5","","Opened","7.356","5","Safe","Calm","0.6","63","16.0","11.0","998.9","1010.4"
"2026-08-11","04:59:06","Clear","Dry","Dark","1.7","22.6","3200","57232","23.4","30%","27.6","","Opened","7.370","5","Safe","Calm","0.6","63","16.0","10.9","998.9","1010.5"
"2026-08-11","04:59:16","Clear","Dry","Dark","1.6","22.6","3200","57232","23.4","30%","27.6","","Opened","7.336","5","Safe","Calm","0.6","63","15.9","10.8","998.8","1010.4"
"2026-08-11","04:59:26","Clear","Dry","Dark","1.9","22.5","3200","57232","23.4","30%","27.6","","Opened","7.350","5","Safe","Calm","0.6","63","15.9","11.0","998.9","1010.4"
"2026-08-11","04:59:36","Clear","Dry","Dark","1.7","22.5","3200","57232","23.4","30%","27.6","","Opened","7.381","5","Safe","Calm","0.6","63","15.9","10.8","998.8","1010.3"
"2026-08-11","04:59:47","Clear","Dry","Dark","1.7","22.6","3200","57232","23.4","30%","27.6","","Opened","7.825","5","Safe","Calm","1.3","63","15.9","10.9","998.8","1010.4"
"2026-08-11","04:59:56","Clear","Dry","Dark","1.7","22.5","3200","57232","23.4","30%","27.6","","Opened","7.380","5","Safe","Calm","1.3","63","15.9","10.8","998.8","1010.4"
"2026-08-11","05:00:06","Clear","Dry","Dark","1.7","22.5","3200","57232","23.4","30%","27.6","","Opened","7.379","5","Safe","Calm","1.9","63","15.9","10.8","998.8","1010.4"
"2026-08-11","05:00:16","Clear","Dry","Dark","1.8","22.5","3200","57232","23.4","30%","27.6","","Opened","7.381","5","Safe","Calm","2.6","63","15.9","10.9","998.8","1010.4"
"2026-08-11","05:00:26","Clear","Dry","Dark","1.8","22.5","3200","57232","23.4","30%","27.6","","Opened","7.344","5","Safe","Calm","1.9","63","15.9","10.9","998.8","1010.4"
"2026-08-11","05:00:36","Clear","Dry","Dark","1.6","22.5","3200","57232","23.4","30%","27.6","","Opened","7.296","5","Safe","Calm","1.9","63","15.9","10.7","998.8","1010.4"
"2026-08-11","05:00:46","Clear","Dry","Dark","1.6","22.5","3200","57232","23.4","30%","27.7","","Opened","7.559","5","Safe","Calm","1.3","63","15.9","10.7","998.8","1010.4"
"2026-08-11","05:00:56","Clear","Dry","Dark","1.7","22.5","3200","57232","23.4","30%","27.7","","Opened","7.340","5","Safe","Calm","1.3","63","15.9","10.8","998.9","1010.4"
"2026-08-11","05:01:06","Clear","Dry","Dark","1.5","22.5","3200","57232","23.4","30%","27.6","","Opened","7.302","5","Safe","Calm","0.6","63","15.9","10.6","998.9","1010.4"
"2026-08-11","05:01:16","Clear","Dry","Dark","1.7","22.5","3200","57232","23.4","30%","27.6","","Opened","7.377","5","Safe","Calm","0.6","63","15.9","10.8","998.8","1010.4"
"2026-08-11","05:01:26","Clear","Dry","Dark","1.7","22.5","3200","57232","23.4","30%","27.6","","Opened","7.317","5","Safe","Calm","1.3","63","15.9","10.8","998.9","1010.4"
"2026-08-11","05:01:36","Clear","Dry","Dark","1.7","22.5","3200","57232","23.4","30%","27.6","","Opened","7.307","5","Safe","Calm","1.3","63","15.9","10.8","998.9","1010.4"
"2026-08-11","05:01:46","Clear","Dry","Dark","1.8","22.5","3200","57232","23.4","30%","27.5","","Opened","7.585","5","Safe","Calm","1.3","63","15.9","10.9","998.8","1010.4"
"2026-08-11","05:01:56","Clear","Dry","Dark","1.6","22.5","3200","57232","23.4","30%","27.5","","Opened","7.353","5","Safe","Calm","1.3","63","15.9","10.7","998.8","1010.4"
"2026-08-11","05:02:06","Clear","Dry","Dark","1.7","22.5","3200","57232","23.4","30%","27.5","","Opened","7.313","5","Safe","Calm","1.3","63","15.9","10.8","998.8","1010.4"
"2026-08-11","05:02:16","Clear","Dry","Dark","1.8","22.4","3200","57232","23.4","30%","27.5","","Opened","7.262","5","Safe","Calm","0.6","63","15.9","10.8","998.9","1010.4"
"2026-08-11","05:02:26","Clear","Dry","Dark","1.7","22.4","3200","57232","23.4","30%","27.5","","Opened","7.344","5","Safe","Calm","0.0","63","15.9","10.7","998.9","1010.4"
"2026-08-11","05:02:36","Clear","Dry","Dark","1.6","22.4","3200","57232","23.4","30%","27.5","","Opened","7.278","5","Safe","Calm","0.0","63","15.9","10.7","998.8","1010.4"
"2026-08-11","05:02:46","Clear","Dry","Dark","1.8","22.4","3200","57232","23.4","30%","27.5","","Opened","7.509","5","Safe","Calm","0.0","63","15.9","10.9","998.9","1010.4"
"2026-08-11","05:02:56","Clear","Dry","Dark","1.6","22.4","3200","57232","23.3","30%","27.5","","Opened","7.293","5","Safe","Calm","0.0","63","15.9","10.7","998.8","1010.4"
"2026-08-11","05:03:06","Clear","Dry","Dark","1.9","22.4","3200","57232","23.3","30%","27.5","","Opened","7.378","5","Safe","Calm","0.0","63","15.9","10.9","998.8","1010.4"
"2026-08-11","05:03:16","Clear","Dry","Dark","1.6","22.4","3200","57232","23.3","30%","27.5","","Opened","7.320","5","Safe","Calm","0.0","63","15.9","10.7","998.9","1010.5"
"2026-08-11","05:03:26","Clear","Dry","Dark","1.7","22.4","3200","57232","23.3","30%","27.5","","Opened","7.305","5","Safe","Calm","0.0","63","15.9","10.7","998.8","1010.4"
"2026-08-11","05:03:36","Clear","Dry","Dark","1.8","22.4","3200","57232","23.3","30%","27.5","","Opened","7.377","5","Safe","Calm","0.0","63","15.9","10.9","998.8","1010.4"
"2026-08-11","05:03:46","Clear","Dry","Dark","1.8","22.4","3200","57232","23.3","30%","27.4","","Opened","7.492","5","Safe","Calm","0.0","63","15.9","10.9","998.8","1010.4"
"2026-08-11","05:03:56","Cloudy","Dry","Dark","2.0","22.4","3200","57232","23.3","30%","27.4","","Opened","7.301","5","Safe","Calm","0.0","63","15.9","11.1","998.8","1010.4"
"2026-08-11","05:04:06","Clear","Dry","Dark","1.8","22.4","3200","57232","23.3","30%","27.4","","Opened","7.365","5","Safe","Calm","0.0","63","15.9","10.9","998.8","1010.3"
"2026-08-11","05:04:16","Clear","Dry","Dark","1.9","22.4","3200","57232","23.3","30%","27.4","","Opened","7.334","5","Safe","Calm","0.0","63","15.9","10.9","998.8","1010.4"
"2026-08-11","05:04:26","Clear","Dry","Dark","1.9","22.4","3200","57232","23.3","30%","27.5","","Opened","7.270","5","Safe","Calm","0.0","63","15.9","10.9","999.0","1010.6"
"2026-08-11","05:04:36","Clear","Dry","Dark","2.0","22.4","3200","57232","23.3","30%","27.5","","Opened","7.351","5","Safe","Calm","0.0","63","15.8","11.0","998.8","1010.4"
"2026-08-11","05:04:46","Cloudy","Dry","Dark","2.1","22.4","3200","57232","23.3","30%","27.5","","Opened","7.466","5","Safe","Calm","0.0","63","15.8","11.1","998.9","1010.4"
"2026-08-11","05:04:56","Cloudy","Dry","Dark","2.0","22.4","3200","57232","23.3","30%","27.6","Heating DOWN","Opened","7.386","5","Safe","Calm","0.0","63","15.8","11.0","998.9","1010.4"
"2026-08-11","05:05:06","Cloudy","Dry","Dark","2.2","22.4","3328","57232","23.3","29%","27.6","","Opened","7.373","5","Safe","Calm","0.0","63","15.9","11.2","998.8","1010.4"
"2026-08-11","05:05:16","Cloudy","Dry","Dark","2.0","22.4","3328","57232","23.3","29%","27.6","Heating DOWN","Opened","7.446","5","Safe","Calm","0.0","63","15.8","11.1","998.9","1010.4"
"2026-08-11","05:05:26","Cloudy","Dry","Dark","2.1","22.4","3200","57232","23.3","28%","27.6","","Opened","7.333","5","Safe","Calm","0.0","63","15.8","11.1","998.8","1010.4"
"2026-08-11","05:05:36","Cloudy","Dry","Dark","2.3","22.4","3200","57232","23.3","28%","27.5","","Opened","7.271","5","Safe","Calm","0.0","63","15.8","11.3","998.9","1010.4"
"2026-08-11","05:05:46","Clear","Dry","Dark","1.9","22.4","3200","57232","23.3","28%","27.5","","Opened","7.504","5","Safe","Calm","0.0","63","15.8","11.0","998.9","1010.4"
"2026-08-11","05:05:56","Cloudy","Dry","Dark","2.1","22.5","3200","57232","23.3","28%","27.5","","Opened","7.304","5","Safe","Calm","0.0","63","15.8","11.2","998.9","1010.4"
"2026-08-11","05:06:06","Cloudy","Dry","Dark","2.0","22.4","3200","57232","23.3","28%","27.4","","Opened","7.388","5","Safe","Calm","0.0","63","15.8","11.1","998.8","1010.4"
"2026-08-11","05:06:16","Clear","Dry","Dark","2.0","22.5","3200","57232","23.3","28%","27.4","","Opened","7.347","5","Safe","Calm","0.0","63","15.9","11.0","998.9","1010.4"
"2026-08-11","05:06:26","Clear","Dry","Dark","1.9","22.5","3200","57232","23.3","28%","27.3","","Opened","7.308","5","Safe","Calm","0.0","63","15.8","10.9","998.8","1010.4"
"2026-08-11","05:06:36","Clear","Dry","Dark","1.8","22.4","3200","57232","23.3","28%","27.2","","Opened","7.264","5","Safe","Calm","0.0","63","15.8","10.9","998.8","1010.4"
"2026-08-11","05:06:46","Clear","Dry","Dark","1.9","22.4","3200","57232","23.3","28%","27.2","","Opened","7.485","5","Safe","Calm","0.0","63","15.8","11.0","998.9","1010.4"
"2026-08-11","05:06:56","Clear","Dry","Dark","1.9","22.4","3200","57232","23.3","28%","27.1","","Opened","7.304","5","Safe","Calm","0.0","63","15.9","10.9","998.8","1010.4"
"2026-08-11","05:07:06","Clear","Dry","Dark","1.7","22.4","3200","57232","23.3","28%","27.1","","Opened","7.374","5","Safe","Calm","0.0","63","15.9","10.8","998.9","1010.4"
"2026-08-11","05:07:16","Clear","Dry","Dark","1.7","22.4","3200","57232","23.3","28%","27.0","","Opened","7.324","5","Safe","Calm","0.0","63","15.9","10.7","998.8","1010.4"
"2026-08-11","05:07:26","Clear","Dry","Dark","1.8","22.4","3200","57232","23.2","28%","26.9","Heating UP","Opened","7.420","5","Safe","Calm","0.0","63","15.9","10.9","998.8","1010.3"
"2026-08-11","05:07:36","Clear","Dry","Dark","1.8","22.3","3328","57232","23.2","29%","26.9","Heating UP","Opened","7.416","5","Safe","Calm","0.0","63","15.9","10.8","998.8","1010.4"
"2026-08-11","05:07:46","Clear","Dry","Dark","1.9","22.3","3200","57232","23.2","30%","26.9","Heating UP","Opened","7.589","5","Safe","Calm","0.0","63","15.9","10.9","998.9","1010.5"
"2026-08-11","05:07:56","Clear","Dry","Dark","1.9","22.3","3200","57232","23.2","31%","27.0","","Opened","7.275","5","Safe","Calm","0.0","63","15.9","10.9","998.9","1010.4"
"2026-08-11","05:08:06","Clear","Dry","Dark","1.9","22.3","3200","57232","23.2","31%","27.1","","Opened","7.350","5","Safe","Calm","0.0","63","15.9","10.9","998.8","1010.4"
"2026-08-11","05:08:16","Clear","Dry","Dark","1.9","22.3","3200","57232","23.2","31%","27.1","","Opened","7.310","5","Safe","Calm","0.0","63","15.9","10.9","998.8","1010.4"
"2026-08-11","05:08:26","Clear","Dry","Dark","1.9","22.3","3200","57232","23.2","31%","27.2","","Opened","7.258","5","Safe","Calm","0.0","63","15.9","10.9","998.9","1010.4"
"2026-08-11","05:08:36","Clear","Dry","Dark","1.9","22.3","3200","57232","23.2","31%","27.2","","Opened","7.333","5","Safe","Calm","0.0","63","15.8","10.9","998.9","1010.4"
"2026-08-11","05:08:46","Cloudy","Dry","Dark","2.1","22.3","3200","57232","23.2","31%","27.2","","Opened","7.485","5","Safe","Calm","0.0","63","15.9","11.1","998.9","1010.4"
"2026-08-11","05:08:56","Cloudy","Dry","Dark","2.0","22.3","3200","57232","23.2","31%","27.2","","Opened","7.283","5","Safe","Calm","0.0","63","15.8","11.0","998.8","1010.4"
"2026-08-11","05:09:06","Clear","Dry","Dark","2.0","22.3","3200","57232","23.2","31%","27.2","","Opened","7.356","5","Safe","Calm","0.0","63","15.8","11.0","998.9","1010.4"
"2026-08-11","05:09:16","Cloudy","Dry","Dark","2.0","22.3","3200","57232","23.2","31%","27.3","","Opened","7.309","5","Safe","Calm","0.0","63","15.8","11.0","998.8","1010.4"
"2026-08-11","05:09:26","Clear","Dry","Dark","2.0","22.3","3200","57232","23.2","31%","27.4","","Opened","7.294","5","Safe","Calm","0.0","63","15.8","11.0","998.9","1010.5"
"2026-08-11","05:09:36","Cloudy","Dry","Dark","2.0","22.3","3200","57232","23.2","31%","27.4","","Opened","7.368","5","Safe","Calm","0.0","63","15.8","11.0","998.9","1010.4"
"2026-08-11","05:09:46","Cloudy","Dry","Dark","2.2","22.3","3200","57232","23.2","31%","27.4","","Opened","7.459","5","Safe","Calm","0.0","63","15.8","11.1","998.9","1010.4"
"2026-08-11","05:09:56","Cloudy","Dry","Dark","2.3","22.3","3200","57232","23.2","31%","27.4","","Opened","7.262","5","Safe","Calm","0.0","63","15.8","11.3","998.8","1010.4"
"2026-08-11","05:10:06","Cloudy","Dry","Dark","2.1","22.3","3200","57232","23.2","31%","27.4","","Opened","7.337","5","Safe","Calm","0.0","63","15.8","11.0","998.8","1010.4"
"2026-08-11","05:10:16","Cloudy","Dry","Dark","2.1","22.3","3200","57232","23.2","31%","27.4","","Opened","7.286","5","Safe","Calm","0.0","63","15.8","11.0","998.8","1010.4"
"2026-08-11","05:10:26","Cloudy","Dry","Dark","2.1","22.3","3200","57232","23.2","31%","27.5","","Opened","7.357","5","Safe","Calm","0.0","63","15.8","11.1","998.8","1010.4"
"2026-08-11","05:10:36","Cloudy","Dry","Dark","2.0","22.3","3200","57232","23.2","31%","27.4","","Opened","7.314","5","Safe","Calm","0.0","63","15.8","11.0","998.8","1010.4"
"2026-08-11","05:10:47","Clear","Dry","Dark","1.8","22.3","3200","57232","23.2","31%","27.5","Heating DOWN","Opened","7.671","5","Safe","Calm","0.0","63","15.8","10.8","998.8","1010.4"
"2026-08-11","05:10:56","Clear","Dry","Dark","2.0","22.3","3200","57232","23.2","30%","27.5","Heating DOWN","Opened","7.503","5","Safe","Calm","0.0","63","15.8","11.0","998.9","1010.4"
"2026-08-11","05:11:06","Cloudy","Dry","Dark","2.1","22.3","3328","57232","23.2","29%","27.5","Heating DOWN","Opened","7.508","5","Safe","Calm","0.0","63","15.8","11.0","998.8","1010.4"
"2026-08-11","05:11:16","Clear","Dry","Dark","1.9","22.3","3200","57232","23.2","28%","27.5","Heating DOWN","Opened","7.500","5","Safe","Calm","0.0","63","15.8","10.9","998.8","1010.3"
"2026-08-11","05:11:26","Clear","Dry","Dark","1.8","22.3","3200","57232","23.2","27%","27.4","","Opened","7.370","5","Safe","Calm","0.0","63","15.8","10.8","998.8","1010.4"
"2026-08-11","05:11:36","Clear","Dry","Dark","1.9","22.3","3200","57232","23.2","27%","27.3","","Opened","7.323","5","Safe","Calm","0.0","63","15.8","10.8","998.8","1010.4"
"2026-08-11","05:11:46","Clear","Dry","Dark","1.8","22.3","3200","57232","23.1","27%","27.3","","Opened","7.433","5","Safe","Calm","0.0","63","15.8","10.8","998.9","1010.4"
"2026-08-11","05:11:56","Clear","Dry","Dark","1.8","22.3","3200","57232","23.2","27%","27.3","","Opened","7.348","5","Safe","Calm","0.0","63","15.8","10.8","998.8","1010.3"
"2026-08-11","05:12:06","Clear","Dry","Dark","1.9","22.2","3200","57232","23.2","27%","27.3","","Opened","7.292","5","Safe","Calm","0.0","63","15.8","10.8","998.9","1010.4"
"2026-08-11","05:12:16","Clear","Dry","Dark","1.9","22.2","3200","57232","23.2","27%","27.2","","Opened","7.360","5","Safe","Calm","0.0","63","15.8","10.8","998.8","1010.4"
"2026-08-11","05:12:26","Clear","Dry","Dark","1.9","22.2","3200","57232","23.1","27%","27.2","","Opened","7.322","5","Safe","Calm","0.0","63","15.8","10.9","998.8","1010.4"
"2026-08-11","05:12:36","Clear","Dry","Dark","1.9","22.2","3200","57232","23.1","27%","27.2","","Opened","7.266","5","Safe","Calm","0.0","63","15.8","10.9","998.8","1010.4"
"2026-08-11","05:12:46","Clear","Dry","Dark","2.0","22.2","3200","57232","23.1","27%","27.2","","Opened","7.492","5","Safe","Calm","0.0","63","15.8","10.9","998.8","1010.3"
"2026-08-11","05:12:56","Cloudy","Dry","Dark","2.1","22.2","3200","57232","23.1","27%","27.3","","Opened","7.289","5","Safe","Calm","0.0","63","15.8","11.1","998.8","1010.4"
"2026-08-11","05:13:06","Cloudy","Wet","Dark","2.1","22.2","3199","57232","23.1","27%","27.3","","Opened","7.347","5","Safe","Calm","0.0","63","15.8","11.1","998.8","1010.4"
"2026-08-11","05:13:16","Cloudy","Dry","Dark","2.1","22.2","3200","57232","23.1","27%","27.3","","Opened","7.296","5","Safe","Calm","0.0","63","15.8","11.1","998.9","1010.4"
"2026-08-11","05:13:26","Cloudy","Dry","Dark","2.2","22.2","3200","57232","23.1","27%","27.3","","Opened","7.372","5","Safe","Calm","0.0","63","15.8","11.1","998.8","1010.3"
"2026-08-11","05:13:36","Cloudy","Dry","Dark","2.1","22.2","3200","57232","23.1","27%","27.3","","Opened","7.329","5","Safe","Calm","0.0","63","15.8","11.1","998.9","1010.4"
"2026-08-11","05:13:46","Cloudy","Dry","Dark","2.1","22.2","3200","57232","23.1","27%","27.3","","Opened","7.429","5","Safe","Calm","0.0","63","15.8","11.1","998.8","1010.3"
"2026-08-11","05:13:56","Cloudy","Dry","Dark","2.2","22.2","3200","57232","23.1","27%","27.4","","Opened","7.363","5","Safe","Calm","0.0","63","15.7","11.1","998.8","1010.4"
"2026-08-11","05:14:06","Cloudy","Dry","Dark","2.1","22.2","3200","57232","23.1","27%","27.4","","Opened","7.309","5","Safe","Calm","0.0","63","15.8","11.1","998.8","1010.4"
"2026-08-11","05:14:16","Cloudy","Dry","Dark","2.0","22.2","3200","57232","23.1","27%","27.4","","Opened","7.386","5","Safe","Calm","0.0","63","15.7","11.0","998.8","1010.3"
"2026-08-11","05:14:26","Cloudy","Dry","Dark","2.1","22.2","3200","57232","23.1","27%","27.4","","Opened","7.337","5","Safe","Calm","0.0","63","15.7","11.1","998.8","1010.4"
"2026-08-11","05:14:36","Cloudy","Dry","Dark","2.1","22.2","3200","57232","23.1","27%","27.4","","Opened","7.292","5","Safe","Calm","0.0","63","15.7","11.1","998.8","1010.4"
"2026-08-11","05:14:46","Cloudy","Dry","Dark","2.2","22.2","3200","57232","23.1","27%","27.4","","Opened","7.531","5","Safe","Calm","0.0","63","15.7","11.1","998.8","1010.3"
"2026-08-11","05:14:56","Cloudy","Dry","Dark","2.1","22.2","3200","57232","23.2","27%","27.4","","Opened","7.338","5","Safe","Calm","0.0","63","15.8","11.1","998.8","1010.4"
"2026-08-11","05:15:06","Cloudy","Dry","Dark","2.3","22.2","3200","57232","23.1","27%","27.4","","Opened","7.291","5","Safe","Calm","0.0","63","15.7","11.3","998.8","1010.3"
"2026-08-11","05:15:16","Cloudy","Dry","Dark","2.2","22.2","3200","57232","23.1","27%","27.3","","Opened","7.367","5","Safe","Calm","0.0","63","15.7","11.1","998.9","1010.4"
"2026-08-11","05:15:26","Cloudy","Dry","Dark","2.3","22.2","3200","57232","23.1","27%","27.3","","Opened","7.302","5","Safe","Calm","0.0","63","15.7","11.2","999.0","1010.6"
"2026-08-11","05:15:36","Cloudy","Dry","Dark","2.1","22.2","3200","57232","23.1","27%","27.3","","Opened","7.381","5","Safe","Calm","0.0","63","15.7","11.1","998.8","1010.4"
"2026-08-11","05:15:46","Cloudy","Dry","Dark","2.0","22.2","3200","57232","23.1","27%","27.2","","Opened","7.517","5","Safe","Calm","0.0","63","15.7","11.0","998.8","1010.4"
"2026-08-11","05:15:56","Cloudy","Dry","Dark","2.1","22.2","3200","57232","23.1","27%","27.2","","Opened","7.291","5","Safe","Calm","0.0","63","15.7","11.1","998.8","1010.4"
"2026-08-11","05:16:06","Cloudy","Dry","Dark","2.1","22.2","3200","57232","23.1","27%","27.2","","Opened","7.354","5","Safe","Calm","0.0","63","15.7","11.1","998.8","1010.4"
"2026-08-11","05:16:16","Cloudy","Dry","Dark","2.3","22.2","3200","57232","23.1","27%","27.2","","Opened","7.317","5","Safe","Calm","0.0","63","15.7","11.2","998.8","1010.3"
"2026-08-11","05:16:26","Cloudy","Dry","Dark","2.1","22.2","3200","57232","23.2","27%","27.1","","Opened","7.261","5","Safe","Calm","0.0","63","15.7","11.1","998.8","1010.4"
"2026-08-11","05:16:36","Cloudy","Dry","Dark","2.1","22.2","3200","57232","23.1","27%","27.1","","Opened","7.335","5","Safe","Calm","0.0","63","15.7","11.1","998.9","1010.5"
"2026-08-11","05:16:46","Cloudy","Dry","Dark","2.0","22.2","3200","57232","23.2","27%","27.1","","Opened","7.430","5","Safe","Calm","0.0","63","15.7","11.0","998.8","1010.4"
"2026-08-11","05:16:56","Clear","Dry","Dark","2.0","22.2","3200","57232","23.2","27%","27.0","","Opened","7.361","5","Safe","Calm","0.0","63","15.7","11.0","998.9","1010.4"
"2026-08-11","05:17:06","Clear","Dry","Dark","2.0","22.2","3200","57232","23.1","27%","27.0","","Opened","7.292","5","Safe","Calm","0.0","63","15.7","10.9","998.8","1010.4"
"2026-08-11","05:17:16","Cloudy","Dry","Dark","2.1","22.2","3200","57232","23.1","27%","27.0","","Opened","7.382","5","Safe","Calm","0.0","63","15.7","11.0","998.8","1010.4"
"2026-08-11","05:17:26","Clear","Dry","Dark","2.0","22.2","3200","57232","23.1","27%","27.0","","Opened","7.329","5","Safe","Calm","0.0","63","15.7","10.9","998.9","1010.4"
"2026-08-11","05:17:36","Cloudy","Dry","Dark","2.1","22.2","3200","57232","23.1","27%","27.0","","Opened","7.295","5","Safe","Calm","0.0","63","15.7","11.0","998.8","1010.4"
"2026-08-11","05:17:46","Cloudy","Dry","Dark","2.0","22.2","3200","57232","23.1","27%","26.9","","Opened","7.522","5","Safe","Calm","0.0","63","15.7","11.0","998.8","1010.3"
"2026-08-11","05:17:56","Cloudy","Dry","Dark","2.1","22.2","3200","57232","23.1","27%","26.9","","Opened","7.315","5","Safe","Calm","0.0","63","15.7","11.1","998.8","1010.4"
"2026-08-11","05:18:06","Cloudy","Dry","Dark","2.2","22.2","3200","57232","23.1","27%","26.9","","Opened","7.263","5","Safe","Calm","0.0","63","15.7","11.2","998.9","1010.4"
"2026-08-11","05:18:16","Cloudy","Dry","Dark","2.1","22.2","3200","57232","23.1","27%","26.9","","Opened","7.338","5","Safe","Calm","0.0","63","15.7","11.1","998.8","1010.4"
"2026-08-11","05:18:26","Cloudy","Dry","Dark","2.1","22.2","3200","57232","23.1","27%","26.8","Heating UP","Opened","7.410","5","Safe","Calm","0.0","63","15.7","11.0","998.8","1010.3"
"2026-08-11","05:18:36","Cloudy","Dry","Dark","2.1","22.2","3200","57232","23.1","28%","26.8","Heating UP","Opened","7.428","5","Safe","Calm","0.0","63","15.7","11.0","998.8","1010.4"
"2026-08-11","05:18:46","Cloudy","Dry","Dark","2.1","22.2","3328","57232","23.1","29%","26.8","Heating UP","Opened","7.579","5","Safe","Calm","0.0","63","15.7","11.0","998.8","1010.4"
"2026-08-11","05:18:56","Cloudy","Dry","Dark","2.1","22.2","3200","57232","23.1","30%","26.8","Heating UP","Opened","7.407","5","Safe","Calm","0.0","63","15.7","11.1","998.8","1010.4"
"2026-08-11","05:19:06","Cloudy","Dry","Dark","2.1","22.2","3200","57232","23.1","31%","26.8","Heating UP","Opened","7.406","5","Safe","Calm","0.0","63","15.7","11.0","998.8","1010.4"
"2026-08-11","05:19:16","Cloudy","Dry","Dark","2.1","22.1","3200","57232","23.1","32%","26.9","","Opened","7.271","5","Safe","Calm","0.0","63","15.7","11.0","998.8","1010.4"
"2026-08-11","05:19:26","Cloudy","Dry","Dark","2.1","22.1","3200","57232","23.1","32%","26.9","","Opened","7.375","5","Safe","Calm","0.0","63","15.7","11.1","998.8","1010.4"
"2026-08-11","05:19:36","Cloudy","Dry","Dark","2.1","22.1","3200","57232","23.1","32%","27.0","","Opened","7.308","5","Safe","Calm","0.0","63","15.7","11.1","998.8","1010.3"
"2026-08-11","05:19:46","Cloudy","Dry","Dark","2.1","22.1","3200","57232","23.1","32%","27.0","","Opened","7.483","5","Safe","Calm","0.0","63","15.7","11.0","998.8","1010.4"
"2026-08-11","05:19:56","Cloudy","Dry","Dark","2.2","22.1","3200","57232","23.1","32%","27.0","","Opened","7.367","5","Safe","Calm","0.0","63","15.7","11.1","998.8","1010.4"
"2026-08-11","05:20:06","Cloudy","Dry","Dark","2.2","22.1","3200","57232","23.1","32%","27.1","","Opened","7.315","5","Safe","Calm","0.0","63","15.7","11.1","998.8","1010.4"
"2026-08-11","05:20:16","Cloudy","Dry","Dark","2.2","22.1","3200","57232","23.1","32%","27.1","","Opened","7.265","5","Safe","Calm","0.0","63","15.7","11.1","998.9","1010.4"
"2026-08-11","05:20:26","Cloudy","Dry","Dark","2.3","22.2","3200","57232","23.1","32%","27.2","","Opened","7.346","5","Safe","Calm","0.0","63","15.7","11.3","998.8","1010.4"
"2026-08-11","05:20:36","Cloudy","Dry","Dark","2.1","22.1","3200","57232","23.1","32%","27.2","","Opened","7.295","5","Safe","Calm","0.0","63","15.7","11.1","998.8","1010.4"
"2026-08-11","05:20:46","Cloudy","Dry","Dark","2.1","22.1","3200","57232","23.1","32%","27.2","","Opened","7.536","5","Safe","Calm","0.0","63","15.7","11.1","998.8","1010.3"
"2026-08-11","05:20:56","Cloudy","Dry","Dark","2.1","22.2","3200","57232","23.1","32%","27.2","","Opened","7.335","5","Safe","Calm","0.0","63","15.6","11.1","998.8","1010.3"
"2026-08-11","05:21:06","Cloudy","Dry","Dark","2.1","22.2","3200","57232","23.1","32%","27.2","","Opened","7.285","5","Safe","Calm","0.0","63","15.7","11.0","998.8","1010.4"
"2026-08-11","05:21:16","Cloudy","Dry","Dark","2.1","22.2","3200","57232","23.1","32%","27.2","","Opened","7.381","5","Safe","Calm","0.0","63","15.7","11.1","998.8","1010.4"
"2026-08-11","05:21:26","Cloudy","Dry","Dark","2.1","22.1","3200","57232","23.1","32%","27.3","","Opened","7.328","5","Safe","Calm","0.0","63","15.7","11.1","998.8","1010.3"
"2026-08-11","05:21:36","Cloudy","Dry","Dark","2.2","22.2","3200","57232","23.1","32%","27.3","","Opened","7.276","5","Safe","Calm","0.0","63","15.6","11.1","998.8","1010.4"
"2026-08-11","05:21:46","Cloudy","Dry","Dark","2.2","22.2","3200","57232","23.1","32%","27.3","","Opened","7.504","5","Safe","Calm","0.0","63","15.7","11.2","998.8","1010.4"
"2026-08-11","05:21:56","Cloudy","Dry","Dark","2.1","22.2","3200","57232","23.1","32%","27.3","","Opened","7.305","5","Safe","Calm","0.0","63","15.7","11.0","998.8","1010.4"
"2026-08-11","05:22:06","Cloudy","Dry","Dark","2.1","22.2","3200","57232","23.1","32%","27.4","","Opened","7.390","5","Safe","Calm","0.0","63","15.6","11.1","998.8","1010.4"
"2026-08-11","05:22:16","Cloudy","Dry","Dark","2.3","22.2","3200","57232","23.1","32%","27.4","","Opened","7.326","5","Safe","Calm","0.0","63","15.6","11.2","998.8","1010.3"
"2026-08-11","05:22:26","Cloudy","Dry","Dark","2.2","22.2","3200","57232","23.1","32%","27.3","","Opened","7.283","5","Safe","Calm","0.0","63","15.6","11.2","998.8","1010.4"
"2026-08-11","05:22:36","Cloudy","Dry","Dark","2.2","22.2","3200","57232","23.1","32%","27.3","","Opened","7.358","5","Safe","Calm","0.0","63","15.6","11.1","998.8","1010.4"
"2026-08-11","05:22:46","Cloudy","Dry","Dark","2.0","22.1","3200","57232","23.1","32%","27.4","","Opened","7.465","5","Safe","Calm","0.0","63","15.7","11.0","998.8","1010.3"
"2026-08-11","05:22:56","Cloudy","Dry","Dark","2.2","22.2","3200","57232","23.1","32%","27.4","","Opened","7.256","5","Safe","Calm","0.0","63","15.6","11.1","998.8","1010.4"
"2026-08-11","05:23:06","Cloudy","Dry","Dark","2.1","22.2","3200","57232","23.1","32%","27.4","","Opened","7.335","5","Safe","Calm","0.0","63","15.7","11.1","998.8","1010.4"
"2026-08-11","05:23:16","Cloudy","Dry","Dark","2.2","22.2","3200","57232","23.1","32%","27.5","Heating DOWN","Opened","7.406","5","Safe","Calm","0.0","63","15.6","11.1","998.8","1010.3"
"2026-08-11","05:23:26","Cloudy","Dry","Dark","2.2","22.2","3200","57232","23.1","31%","27.4","","Opened","7.273","5","Safe","Calm","0.0","63","15.7","11.1","998.8","1010.3"
"2026-08-11","05:23:36","Cloudy","Dry","Dark","2.2","22.2","3200","57232","23.1","31%","27.4","","Opened","7.348","5","Safe","Calm","0.0","63","15.6","11.1","998.8","1010.4"
"2026-08-11","05:23:46","Cloudy","Dry","Dark","2.2","22.2","3200","57232","23.1","31%","27.4","","Opened","7.450","5","Safe","Calm","0.0","63","15.6","11.2","998.8","1010.3"
"2026-08-11","05:23:56","Cloudy","Dry","Dark","2.3","22.2","3200","57232","23.1","31%","27.4","","Opened","7.372","5","Safe","Calm","0.0","63","15.6","11.2","998.8","1010.3"
"2026-08-11","05:24:06","Cloudy","Dry","Dark","2.1","22.2","3200","57232","23.2","31%","27.4","","Opened","7.315","5","Safe","Calm","0.0","63","15.6","11.1","998.8","1010.3"
"2026-08-11","05:24:16","Cloudy","Dry","Dark","2.2","22.2","3200","57232","23.1","31%","27.5","Heating DOWN","Opened","7.511","5","Safe","Calm","0.0","63","15.6","11.1","998.8","1010.4"
"2026-08-11","05:24:26","Cloudy","Dry","Dark","2.0","22.2","3200","57232","23.1","30%","27.5","Heating DOWN","Opened","7.507","5","Safe","Calm","0.0","63","15.6","11.0","998.8","1010.4"
"2026-08-11","05:24:36","Cloudy","Dry","Dark","2.0","22.2","3328","57232","23.1","29%","27.5","Heating DOWN","Opened","7.512","5","Safe","Calm","0.0","63","15.7","11.0","998.8","1010.3"
"2026-08-11","05:24:47","Cloudy","Dry","Dark","2.2","22.2","3200","57232","23.1","28%","27.5","Heating DOWN","Opened","7.675","5","Safe","Calm","0.0","63","15.7","11.1","998.8","1010.4"
"2026-08-11","05:24:56","Cloudy","Dry","Dark","2.2","22.2","3200","57232","23.1","27%","27.4","","Opened","7.380","5","Safe","Calm","0.0","63","15.7","11.2","998.8","1010.4"
"2026-08-11","05:25:06","Cloudy","Dry","Dark","2.3","22.2","3200","57232","23.1","27%","27.4","","Opened","7.335","5","Safe","Calm","0.0","63","15.6","11.2","998.8","1010.3"
"2026-08-11","05:25:16","Cloudy","Dry","Dark","2.3","22.2","3200","57232","23.2","27%","27.4","","Opened","7.273","5","Safe","Calm","0.0","63","15.6","11.3","998.8","1010.3"
"2026-08-11","05:25:26","Cloudy","Dry","Dark","2.4","22.2","3200","57232","23.2","27%","27.3","","Opened","7.367","5","Safe","Calm","0.0","62","15.6","11.3","998.8","1010.3"
"2026-08-11","05:25:36","Cloudy","Dry","Dark","2.2","22.2","3200","57232","23.2","27%","27.3","","Opened","7.322","5","Safe","Calm","0.0","62","15.6","11.2","998.8","1010.3"
"2026-08-11","05:25:46","Cloudy","Dry","Dark","2.2","22.3","3200","57232","23.2","27%","27.3","","Opened","7.480","5","Safe","Calm","0.0","62","15.6","11.2","998.8","1010.4"
"2026-08-11","05:25:56","Cloudy","Dry","Dark","2.2","22.2","3200","57232","23.1","27%","27.3","","Opened","7.362","5","Safe","Calm","0.0","62","15.6","11.2","998.7","1010.3"
"2026-08-11","05:26:06","Cloudy","Dry","Dark","2.3","22.3","3200","57232","23.2","27%","27.3","","Opened","7.311","5","Safe","Calm","0.0","62","15.6","11.3","998.9","1010.4"
"2026-08-11","05:26:16","Cloudy","Dry","Dark","2.2","22.3","3200","57232","23.2","27%","27.2","","Opened","7.267","5","Safe","Calm","0.0","62","15.6","11.2","998.8","1010.3"
"2026-08-11","05:26:26","Cloudy","Dry","Dark","2.4","22.3","3200","28588","23.2","27%","27.3","","Opened","7.344","5","Safe","Calm","0.0","62","15.6","11.4","998.8","1010.3"
"2026-08-11","05:26:36","Cloudy","Dry","Dark","2.2","22.3","3200","28588","23.2","27%","27.3","","Opened","7.304","5","Safe","Calm","0.0","62","15.6","11.2","998.8","1010.3"
"2026-08-11","05:26:46","Cloudy","Dry","Dark","2.4","22.3","3200","28588","23.2","27%","27.3","","Opened","7.566","5","Safe","Calm","0.0","62","15.6","11.4","998.7","1010.3"
"2026-08-11","05:26:56","Cloudy","Dry","Dark","2.3","22.3","3200","57232","23.2","27%","27.3","","Opened","7.333","5","Safe","Calm","0.0","62","15.5","11.2","998.8","1010.3"
"2026-08-11","05:27:06","Cloudy","Dry","Dark","2.3","22.3","3200","28588","23.2","27%","27.2","","Opened","7.302","5","Safe","Calm","0.0","62","15.6","11.3","998.8","1010.4"
"2026-08-11","05:27:16","Cloudy","Dry","Dark","2.3","22.4","3200","28588","23.2","27%","27.2","","Opened","7.377","5","Safe","Calm","0.0","62","15.5","11.4","998.8","1010.4"
"2026-08-11","05:27:26","Cloudy","Dry","Dark","2.3","22.4","3200","28588","23.2","27%","27.2","","Opened","7.332","5","Safe","Calm","0.0","62","15.5","11.3","998.8","1010.3"
"2026-08-11","05:27:36","Cloudy","Dry","Dark","2.3","22.4","3200","28588","23.2","27%","27.2","","Opened","7.284","5","Safe","Calm","0.0","62","15.5","11.3","998.8","1010.3"
"2026-08-11","05:27:46","Cloudy","Dry","Dark","2.3","22.4","3200","28588","23.2","27%","27.2","","Opened","7.565","5","Safe","Calm","0.0","62","15.5","11.3","998.8","1010.4"
"2026-08-11","05:27:56","Cloudy","Dry","Dark","2.3","22.4","3200","28588","23.2","27%","27.2","","Opened","7.309","5","Safe","Calm","0.0","62","15.5","11.3","998.8","1010.3"
"2026-08-11","05:28:06","Cloudy","Dry","Dark","2.3","22.4","3200","28588","23.2","27%","27.2","","Opened","7.379","5","Safe","Calm","0.0","62","15.5","11.3","998.8","1010.4"
"2026-08-11","05:28:16","Cloudy","Dry","Dark","2.3","22.4","3200","19040","23.3","27%","27.3","","Opened","7.310","5","Safe","Calm","0.0","62","15.5","11.3","998.8","1010.3"
"2026-08-11","05:28:26","Cloudy","Dry","Dark","2.2","22.4","3200","28588","23.3","27%","27.3","","Opened","7.256","5","Safe","Calm","0.0","62","15.6","11.3","998.8","1010.3"
"2026-08-11","05:28:36","Cloudy","Dry","Dark","2.3","22.4","3200","19040","23.3","27%","27.3","","Opened","7.330","5","Safe","Calm","0.0","62","15.6","11.3","998.9","1010.4"
"2026-08-11","05:28:46","Cloudy","Dry","Dark","2.4","22.4","3200","28588","23.3","27%","27.3","","Opened","7.438","5","Safe","Calm","0.0","62","15.5","11.4","998.8","1010.3"
"2026-08-11","05:28:56","Cloudy","Dry","Dark","2.3","22.4","3200","19040","23.3","27%","27.2","","Opened","7.364","5","Safe","Calm","0.0","62","15.5","11.3","998.7","1010.3"
"2026-08-11","05:29:06","Cloudy","Dry","Dark","2.2","22.5","3200","19040","23.3","27%","27.2","","Opened","7.320","5","Safe","Calm","0.0","62","15.5","11.2","998.8","1010.4"
"2026-08-11","05:29:16","Cloudy","Dry","Dark","2.2","22.4","3200","19040","23.3","27%","27.2","","Opened","7.279","5","Safe","Calm","0.0","62","15.6","11.2","998.8","1010.4"
"2026-08-11","05:29:26","Cloudy","Dry","Dark","2.4","22.4","3200","19040","23.3","27%","27.2","","Opened","7.361","5","Safe","Calm","0.0","62","15.5","11.4","998.8","1010.4"
"2026-08-11","05:29:36","Cloudy","Dry","Dark","2.2","22.4","3200","19040","23.3","27%","27.2","","Opened","7.314","5","Safe","Calm","0.0","62","15.6","11.3","998.8","1010.4"
"2026-08-11","05:29:46","Cloudy","Dry","Dark","2.3","22.4","3200","19040","23.3","27%","27.3","","Opened","7.436","5","Safe","Calm","0.0","62","15.5","11.4","998.8","1010.4"
"2026-08-11","05:29:56","Cloudy","Dry","Dark","2.3","22.5","3200","19040","23.3","27%","27.3","","Opened","7.361","5","Safe","Calm","0.0","62","15.6","11.3","998.8","1010.3"
"2026-08-11","05:30:06","Cloudy","Dry","Dark","2.2","22.5","3200","19040","23.3","27%","27.2","","Opened","7.309","5","Safe","Calm","0.0","62","15.6","11.3","998.8","1010.3"
"2026-08-11","05:30:16","Cloudy","Dry","Dark","2.2","22.5","3200","14266","23.3","27%","27.3","","Opened","7.378","5","Safe","Calm","0.0","62","15.6","11.3","998.9","1010.4"
"2026-08-11","05:30:26","Cloudy","Dry","Dark","2.2","22.4","3200","14266","23.3","27%","27.3","","Opened","7.344","5","Safe","Calm","0.0","62","15.6","11.3","998.8","1010.3"
"2026-08-11","05:30:36","Cloudy","Dry","Dark","2.3","22.5","3200","14266","23.3","27%","27.3","","Opened","7.296","5","Safe","Calm","0.0","62","15.6","11.3","998.9","1010.5"
"2026-08-11","05:30:46","Cloudy","Dry","Dark","2.3","22.5","3200","14266","23.3","27%","27.3","","Opened","7.537","5","Safe","Calm","0.0","62","15.6","11.3","998.8","1010.4"
"2026-08-11","05:30:56","Cloudy","Dry","Dark","2.2","22.5","3200","14266","23.3","27%","27.3","","Opened","7.343","5","Safe","Calm","0.0","62","15.6","11.3","998.8","1010.3"
"2026-08-11","05:31:06","Cloudy","Dry","Dark","2.2","22.4","3200","14266","23.3","27%","27.2","","Opened","7.293","5","Safe","Calm","0.0","62","15.6","11.3","998.9","1010.4"
"2026-08-11","05:31:16","Cloudy","Dry","Dark","2.3","22.4","3200","14266","23.3","27%","27.3","","Opened","7.360","5","Safe","Calm","0.0","62","15.6","11.3","998.8","1010.4"
"2026-08-11","05:31:26","Cloudy","Dry","Dark","2.2","22.5","3200","14266","23.3","27%","27.2","","Opened","7.328","5","Safe","Calm","0.0","61","15.5","11.2","998.8","1010.4"
"2026-08-11","05:31:36","Cloudy","Dry","Dark","2.3","22.4","3200","14266","23.3","27%","27.3","","Opened","7.281","5","Safe","Calm","0.0","61","15.5","11.3","998.8","1010.4"
"2026-08-11","05:31:46","Cloudy","Dry","Dark","2.3","22.4","3200","11402","23.3","27%","27.2","","Opened","7.510","5","Safe","Calm","0.0","62","15.5","11.3","998.8","1010.4"
"2026-08-11","05:31:56","Cloudy","Dry","Dark","2.2","22.4","3200","11402","23.3","27%","27.2","","Opened","7.299","5","Safe","Calm","0.0","61","15.5","11.3","998.8","1010.4"
"2026-08-11","05:32:06","Cloudy","Dry","Dark","2.3","22.4","3200","11402","23.3","27%","27.2","","Opened","7.373","5","Safe","Calm","0.0","62","15.5","11.4","998.8","1010.4"
"2026-08-11","05:32:16","Cloudy","Dry","Dark","2.4","22.5","3200","11402","23.4","27%","27.2","","Opened","7.340","5","Safe","Calm","0.0","62","15.6","11.5","998.9","1010.4"
"2026-08-11","05:32:26","Cloudy","Dry","Dark","2.2","22.5","3200","11402","23.4","27%","27.2","","Opened","7.282","5","Safe","Calm","0.0","61","15.6","11.3","998.9","1010.4"
"2026-08-11","05:32:36","Cloudy","Dry","Dark","2.3","22.5","3200","11402","23.4","27%","27.2","","Opened","7.361","5","Safe","Calm","0.0","61","15.5","11.4","998.8","1010.4"
"2026-08-11","05:32:46","Cloudy","Dry","Dark","2.1","22.5","3200","11402","23.4","27%","27.1","","Opened","7.465","5","Safe","Calm","0.0","61","15.5","11.2","998.9","1010.4"
"2026-08-11","05:32:56","Cloudy","Dry","Dark","2.4","22.5","3200","11402","23.4","27%","27.1","","Opened","7.392","5","Safe","Calm","0.0","61","15.5","11.4","998.8","1010.4"
"2026-08-11","05:33:06","Cloudy","Dry","Dark","2.3","22.5","3200","9492","23.4","27%","27.1","","Opened","7.337","5","Safe","Calm","0.0","61","15.5","11.4","998.9","1010.4"
"2026-08-11","05:33:16","Cloudy","Dry","Dark","2.2","22.5","3200","9492","23.4","27%","27.1","","Opened","7.287","5","Safe","Calm","0.0","61","15.5","11.3","998.8","1010.4"
"2026-08-11","05:33:26","Cloudy","Dry","Dark","2.1","22.5","3200","9492","23.4","27%","27.0","Heating UP","Opened","7.499","5","Safe","Calm","0.0","61","15.5","11.2","998.8","1010.3"
"2026-08-11","05:33:36","Cloudy","Dry","Dark","2.1","22.5","3200","9492","23.4","28%","27.1","","Opened","7.366","5","Safe","Calm","0.0","61","15.5","11.2","998.9","1010.4"
"2026-08-11","05:33:46","Cloudy","Dry","Dark","2.2","22.5","3200","8128","23.4","28%","27.1","","Opened","7.467","5","Safe","Calm","0.0","61","15.5","11.2","998.8","1010.4"
"2026-08-11","05:33:56","Cloudy","Dry","Dark","2.2","22.5","3200","9492","23.4","28%","27.2","","Opened","7.265","5","Safe","Calm","0.0","61","15.5","11.3","998.9","1010.4"
"2026-08-11","05:34:06","Cloudy","Dry","Dark","2.2","22.5","3200","8128","23.4","28%","27.2","","Opened","7.348","5","Safe","Calm","0.0","61","15.5","11.3","998.9","1010.4"
"2026-08-11","05:34:16","Cloudy","Dry","Dark","2.5","22.5","3200","8128","23.4","28%","27.3","","Opened","7.286","5","Safe","Calm","0.0","61","15.5","11.6","998.9","1010.4"
"2026-08-11","05:34:26","Cloudy","Dry","Dark","2.3","22.5","3200","8128","23.4","28%","27.3","","Opened","7.366","5","Safe","Calm","0.0","61","15.5","11.4","998.9","1010.4"
"2026-08-11","05:34:36","Cloudy","Dry","Dark","2.4","22.5","3200","8128","23.4","28%","27.3","","Opened","7.324","5","Safe","Calm","0.0","61","15.5","11.5","998.8","1010.4"
"2026-08-11","05:34:46","Cloudy","Dry","Dark","2.5","22.5","3200","7105","23.4","28%","27.3","","Opened","7.431","5","Safe","Calm","0.0","61","15.5","11.6","998.9","1010.4"
"2026-08-11","05:34:56","Cloudy","Dry","Dark","2.3","22.5","3200","7105","23.4","28%","27.3","","Opened","7.354","5","Safe","Calm","0.0","61","15.4","11.5","998.8","1010.4"
"2026-08-11","05:35:06","Cloudy","Dry","Dark","2.3","22.5","3200","7105","23.4","28%","27.3","","Opened","7.310","5","Safe","Calm","0.0","61","15.4","11.5","998.9","1010.4"
"2026-08-11","05:35:16","Cloudy","Dry","Dark","2.3","22.6","3200","7105","23.4","28%","27.3","","Opened","7.388","5","Safe","Calm","0.0","61","15.4","11.4","998.9","1010.4"
"2026-08-11","05:35:26","Cloudy","Dry","Dark","2.3","22.6","3200","6309","23.5","28%","27.3","","Opened","7.349","5","Safe","Calm","0.0","61","15.4","11.5","998.9","1010.4"
"2026-08-11","05:35:36","Cloudy","Dry","Dark","2.3","22.6","3200","6309","23.4","28%","27.3","","Opened","7.303","5","Safe","Calm","0.0","61","15.4","11.4","998.8","1010.4"
"2026-08-11","05:35:46","Cloudy","Dry","Dark","2.5","22.6","3200","6309","23.5","28%","27.3","","Opened","7.530","5","Safe","Calm","0.0","60","15.4","11.6","998.8","1010.4"
"2026-08-11","05:35:56","Cloudy","Dry","Dark","2.4","22.7","3200","6309","23.5","28%","27.4","","Opened","7.340","5","Safe","Calm","0.0","60","15.3","11.6","998.8","1010.4"
"2026-08-11","05:36:06","Cloudy","Dry","Dark","2.5","22.7","3200","5673","23.5","28%","27.4","","Opened","7.280","5","Safe","Calm","0.0","60","15.3","11.7","998.8","1010.4"
"2026-08-11","05:36:16","Cloudy","Dry","Dark","2.4","22.7","3200","5673","23.5","28%","27.4","","Opened","7.359","5","Safe","Calm","0.0","60","15.3","11.6","998.8","1010.4"
"2026-08-11","05:36:26","Cloudy","Dry","Dark","2.5","22.7","3200","5152","23.5","28%","27.4","","Opened","7.293","5","Safe","Calm","0.0","60","15.3","11.6","998.9","1010.4"
"2026-08-11","05:36:36","Cloudy","Dry","Dark","2.3","22.8","3200","5152","23.5","28%","27.4","","Opened","7.375","5","Safe","Calm","0.0","60","15.3","11.5","998.9","1010.5"
"2026-08-11","05:36:46","Cloudy","Dry","Dark","2.5","22.8","3200","5152","23.6","28%","27.4","","Opened","7.479","5","Safe","Calm","0.0","60","15.3","11.7","998.8","1010.4"
"2026-08-11","05:36:56","Cloudy","Dry","Dark","2.4","22.8","3200","5152","23.6","28%","27.4","","Opened","7.297","5","Safe","Calm","0.0","60","15.3","11.6","998.9","1010.4"
"2026-08-11","05:37:06","Cloudy","Dry","Light","2.4","22.8","3200","4718","23.6","28%","27.5","","Opened","7.367","5","Unsafe","Calm","0.0","60","15.3","11.6","998.9","1010.4"
"2026-08-11","05:37:16","Cloudy","Dry","Light","2.4","22.8","3200","4718","23.6","28%","27.5","","Opened","7.325","5","Unsafe","Calm","0.0","60","15.4","11.7","998.9","1010.4"
"2026-08-11","05:37:26","Cloudy","Dry","Light","2.4","22.8","3200","4351","23.6","28%","27.5","","Opened","7.393","5","Unsafe","Calm","0.0","60","15.3","11.6","998.9","1010.4"
"2026-08-11","05:37:36","Cloudy","Dry","Light","2.4","22.8","3200","4351","23.6","28%","27.6","","Opened","7.361","5","Unsafe","Calm","0.0","60","15.3","11.7","998.8","1010.4"
"2026-08-11","05:37:46","Cloudy","Dry","Light","2.3","22.9","3200","4036","23.6","28%","27.5","","Opened","7.468","5","Unsafe","Calm","0.0","59","15.3","11.5","998.9","1010.4"
"2026-08-11","05:37:56","Cloudy","Dry","Light","2.5","22.9","3200","4036","23.7","28%","27.5","","Opened","7.394","5","Unsafe","Calm","0.0","59","15.3","11.7","998.8","1010.4"
"2026-08-11","05:38:06","Cloudy","Dry","Light","2.4","22.9","3200","4036","23.7","28%","27.5","","Opened","7.335","5","Unsafe","Calm","0.0","59","15.3","11.6","998.9","1010.4"
"2026-08-11","05:38:16","Cloudy","Dry","Light","2.3","22.9","3200","3763","23.7","28%","27.5","","Opened","7.296","5","Unsafe","Calm","0.0","59","15.3","11.6","998.9","1010.4"
"2026-08-11","05:38:26","Cloudy","Dry","Light","2.3","22.9","3200","3763","23.7","28%","27.6","","Opened","7.367","5","Unsafe","Calm","0.0","59","15.3","11.6","998.9","1010.4"
"2026-08-11","05:38:36","Cloudy","Dry","Light","2.6","22.9","3200","3525","23.7","28%","27.6","","Opened","7.313","5","Unsafe","Calm","0.0","60","15.4","11.9","998.9","1010.4"
"2026-08-11","05:38:46","Cloudy","Dry","Light","2.4","22.9","3200","3314","23.7","28%","27.6","","Opened","7.452","5","Unsafe","Calm","0.0","59","15.3","11.6","998.9","1010.5"
"2026-08-11","05:38:56","Cloudy","Dry","Light","2.2","23.0","3200","3314","23.8","28%","27.6","","Opened","7.363","5","Unsafe","Calm","0.0","59","15.4","11.5","998.8","1010.4"
"2026-08-11","05:39:06","Cloudy","Dry","Light","2.3","23.0","3200","3127","23.8","28%","27.6","","Opened","7.317","5","Unsafe","Calm","0.0","59","15.4","11.6","998.9","1010.4"
"2026-08-11","05:39:16","Cloudy","Dry","Light","2.1","22.9","3200","3127","23.8","28%","27.6","","Opened","7.262","5","Unsafe","Calm","0.0","59","15.4","11.4","998.8","1010.4"
"2026-08-11","05:39:26","Cloudy","Dry","Light","2.2","22.9","3200","3127","23.8","28%","27.7","","Opened","7.347","5","Unsafe","Calm","0.0","59","15.3","11.5","998.9","1010.4"
"2026-08-11","05:39:36","Cloudy","Dry","Light","2.2","22.9","3200","2959","23.8","28%","27.7","","Opened","7.300","5","Unsafe","Calm","0.0","59","15.4","11.5","998.9","1010.4"
"2026-08-11","05:39:46","Cloudy","Dry","Light","2.3","22.9","3200","2808","23.8","28%","27.7","","Opened","7.546","5","Unsafe","Calm","0.0","59","15.4","11.6","999.0","1010.5"
"2026-08-11","05:39:56","Cloudy","Dry","Light","2.2","22.9","3200","2808","23.8","28%","27.6","","Opened","7.342","5","Unsafe","Calm","0.0","59","15.3","11.5","998.9","1010.4"
"2026-08-11","05:40:06","Cloudy","Dry","Light","2.3","23.0","3200","2672","23.8","28%","27.7","","Opened","7.294","5","Unsafe","Calm","0.0","59","15.3","11.6","998.9","1010.4"
"2026-08-11","05:40:16","Cloudy","Dry","Light","2.2","22.9","3200","2548","23.8","28%","27.7","","Opened","7.374","5","Unsafe","Calm","0.0","59","15.3","11.5","998.9","1010.5"
"2026-08-11","05:40:26","Cloudy","Dry","Light","2.2","22.9","3200","2435","23.8","28%","27.8","","Opened","7.358","5","Unsafe","Calm","0.0","59","15.4","11.6","998.8","1010.4"
"2026-08-11","05:40:36","Cloudy","Dry","Light","2.4","22.9","3200","2435","23.8","28%","27.8","","Opened","7.310","5","Unsafe","Calm","0.0","59","15.4","11.7","998.9","1010.4"
"2026-08-11","05:40:46","Cloudy","Dry","Light","2.1","22.9","3200","2331","23.8","28%","27.8","","Opened","7.539","5","Unsafe","Calm","0.0","59","15.4","11.5","998.8","1010.4"
"2026-08-11","05:40:56","Cloudy","Dry","Light","2.1","22.9","3200","2236","23.8","28%","27.8","","Opened","7.340","5","Unsafe","Calm","0.0","59","15.4","11.5","998.9","1010.5"
"2026-08-11","05:41:06","Cloudy","Dry","Light","2.2","23.0","3200","2147","23.8","28%","27.7","","Opened","7.276","5","Unsafe","Calm","0.0","59","15.3","11.6","998.9","1010.4"
"2026-08-11","05:41:16","Cloudy","Dry","Light","2.2","23.0","3200","2147","23.8","28%","27.7","","Opened","7.350","5","Unsafe","Calm","0.0","59","15.3","11.5","998.9","1010.4"
"2026-08-11","05:41:26","Cloudy","Dry","Light","2.1","22.9","3200","2066","23.8","28%","27.7","","Opened","7.315","5","Unsafe","Calm","0.0","59","15.4","11.4","998.8","1010.4"
"2026-08-11","05:41:36","Cloudy","Dry","Light","2.0","22.9","3200","1990","23.8","28%","27.7","","Opened","7.386","5","Unsafe","Calm","0.0","59","15.4","11.4","998.9","1010.5"
"2026-08-11","05:41:46","Cloudy","Dry","Light","2.0","22.9","3200","1919","23.8","28%","27.7","","Opened","7.483","5","Unsafe","Calm","0.0","59","15.4","11.4","998.9","1010.4"
"2026-08-11","05:41:56","Cloudy","Dry","Light","2.0","22.9","3200","1854","23.8","28%","27.7","","Opened","7.276","5","Unsafe","Calm","0.0","59","15.4","11.4","998.8","1010.4"
"2026-08-11","05:42:06","Clear","Dry","Light","2.0","22.9","3200","1792","23.8","28%","27.8","","Opened","7.355","5","Unsafe","Calm","0.0","59","15.4","11.3","998.9","1010.4"
"2026-08-11","05:42:16","Clear","Dry","Light","1.9","22.8","3200","1734","23.8","28%","27.8","","Opened","7.302","5","Unsafe","Calm","0.0","59","15.4","11.2","998.9","1010.4"
"2026-08-11","05:42:26","Clear","Dry","Light","2.0","22.8","3200","1629","23.8","28%","27.8","","Opened","7.367","5","Unsafe","Calm","0.0","59","15.4","11.3","998.9","1010.5"
"2026-08-11","05:42:36","Clear","Dry","Light","1.9","22.8","3200","1581","23.8","28%","27.7","","Opened","7.328","5","Unsafe","Calm","0.0","59","15.4","11.2","998.9","1010.4"
"2026-08-11","05:42:46","Clear","Dry","Light","1.9","22.8","3200","1535","23.8","28%","27.7","","Opened","7.460","5","Unsafe","Calm","0.0","59","15.4","11.2","998.9","1010.4"
"2026-08-11","05:42:56","Clear","Dry","Light","1.9","22.8","3200","1492","23.8","28%","27.8","","Opened","7.330","5","Unsafe","Calm","0.0","59","15.4","11.2","998.9","1010.4"
"2026-08-11","05:43:06","Cloudy","Dry","Light","2.1","22.8","3200","1452","23.8","28%","27.8","","Opened","7.280","5","Unsafe","Calm","0.0","59","15.4","11.4","998.9","1010.4"
"2026-08-11","05:43:16","Clear","Wet","Light","1.9","22.8","3199","1376","23.8","28%","27.8","","Opened","7.345","5","Unsafe","Calm","0.0","59","15.4","11.2","998.9","1010.4"
"2026-08-11","05:43:26","Cloudy","Dry","Light","2.0","22.7","3200","1341","23.8","28%","27.8","","Opened","7.298","5","Unsafe","Calm","0.0","59","15.4","11.3","998.9","1010.5"
"2026-08-11","05:43:36","Cloudy","Dry","Light","2.0","22.8","3200","1308","23.8","28%","27.7","","Opened","7.373","5","Unsafe","Calm","0.0","60","15.4","11.3","999.0","1010.6"
"2026-08-11","05:43:46","Cloudy","Dry","Light","2.2","22.8","3200","1246","23.7","28%","27.7","","Opened","7.466","5","Unsafe","Calm","0.0","59","15.4","11.5","998.9","1010.5"
"2026-08-11","05:43:56","Cloudy","Dry","Light","2.1","22.8","3200","1217","23.7","28%","27.7","","Opened","7.384","5","Unsafe","Calm","0.0","59","15.4","11.4","998.9","1010.4"
"2026-08-11","05:44:06","Cloudy","Dry","Light","2.1","22.8","3200","1163","23.7","28%","27.7","","Opened","7.335","5","Unsafe","Calm","0.0","59","15.4","11.4","998.9","1010.4"
"2026-08-11","05:44:16","Cloudy","Dry","Light","2.1","22.8","3200","1113","23.7","28%","27.7","","Opened","7.275","5","Unsafe","Calm","0.0","59","15.4","11.4","998.9","1010.4"
"2026-08-11","05:44:26","Cloudy","Dry","Light","2.1","22.8","3200","1090","23.7","28%","27.6","","Opened","7.358","5","Unsafe","Calm","0.0","59","15.4","11.4","999.0","1010.6"
"2026-08-11","05:44:36","Cloudy","Dry","Light","2.1","22.8","3200","1046","23.7","28%","27.6","","Opened","7.301","5","Unsafe","Calm","0.0","59","15.4","11.4","998.9","1010.5"
"2026-08-11","05:44:46","Cloudy","Dry","Light","2.3","22.8","3200","1005","23.7","28%","27.6","","Opened","7.534","5","Unsafe","Calm","0.0","59","15.3","11.6","998.9","1010.5"
"2026-08-11","05:44:56","Cloudy","Dry","Light","2.1","22.8","3200","967","23.7","28%","27.6","","Opened","7.328","5","Unsafe","Calm","0.0","59","15.3","11.4","998.9","1010.5"
"2026-08-11","05:45:06","Cloudy","Dry","Light","2.2","22.8","3200","932","23.7","28%","27.6","","Opened","7.277","5","Unsafe","Calm","0.0","59","15.3","11.5","998.8","1010.4"
"2026-08-11","05:45:16","Cloudy","Dry","Light","2.2","22.8","3200","899","23.7","28%","27.7","","Opened","7.354","5","Unsafe","Calm","0.0","59","15.3","11.5","998.8","1010.4"
"2026-08-11","05:45:26","Cloudy","Dry","Light","2.2","22.8","3200","868","23.7","28%","27.7","","Opened","7.307","5","Unsafe","Calm","0.0","59","15.3","11.4","998.9","1010.4"
"2026-08-11","05:45:36","Cloudy","Dry","Light","2.3","22.8","3200","839","23.7","28%","27.8","","Opened","7.380","5","Unsafe","Calm","0.0","59","15.3","11.6","998.9","1010.5"
"2026-08-11","05:45:46","Cloudy","Dry","Light","2.1","22.8","3200","812","23.7","28%","27.8","","Opened","7.485","5","Unsafe","Calm","0.0","59","15.3","11.3","998.8","1010.4"
"2026-08-11","05:45:56","Cloudy","Dry","Light","2.0","22.7","3200","774","23.7","28%","27.7","","Opened","7.282","5","Unsafe","Calm","0.0","59","15.3","11.3","998.9","1010.4"
"2026-08-11","05:46:06","Cloudy","Dry","Light","2.0","22.7","3200","751","23.7","28%","27.7","","Opened","7.360","5","Unsafe","Calm","0.0","59","15.3","11.3","998.9","1010.4"
"2026-08-11","05:46:16","Cloudy","Dry","Light","2.1","22.7","3200","718","23.7","28%","27.7","","Opened","7.307","5","Unsafe","Calm","0.0","59","15.3","11.4","998.9","1010.5"
"2026-08-11","05:46:26","Cloudy","Dry","Light","2.2","22.7","3200","688","23.7","28%","27.6","","Opened","7.364","5","Unsafe","Calm","0.0","59","15.3","11.4","998.9","1010.4"
"2026-08-11","05:46:36","Cloudy","Dry","Light","2.1","22.7","3200","669","23.7","28%","27.6","","Opened","7.317","5","Unsafe","Calm","0.0","59","15.3","11.4","998.9","1010.4"
"2026-08-11","05:46:46","Cloudy","Dry","Light","2.1","22.7","3200","647","23.7","28%","27.7","","Opened","7.552","5","Unsafe","Calm","0.0","59","15.3","11.3","998.9","1010.4"
"2026-08-11","05:46:56","Cloudy","Dry","Light","2.1","22.7","3200","618","23.7","28%","27.7","","Opened","7.344","5","Unsafe","Calm","0.0","59","15.3","11.4","998.8","1010.4"
"2026-08-11","05:47:06","Cloudy","Dry","Light","2.1","22.7","3200","595","23.7","28%","27.7","","Opened","7.280","5","Unsafe","Calm","0.0","59","15.3","11.4","998.9","1010.4"
"2026-08-11","05:47:16","Cloudy","Dry","Light","2.3","22.7","3200","574","23.7","28%","27.8","","Opened","7.356","5","Unsafe","Calm","0.0","60","15.3","11.6","998.9","1010.4"
"2026-08-11","05:47:26","Cloudy","Dry","Light","2.4","22.7","3200","547","23.7","28%","27.8","","Opened","7.311","5","Unsafe","Calm","0.0","60","15.3","11.6","998.8","1010.4"
"2026-08-11","05:47:36","Cloudy","Dry","Light","2.2","22.7","3200","529","23.7","28%","27.8","","Opened","7.381","5","Unsafe","Calm","0.0","59","15.3","11.4","998.9","1010.4"
"2026-08-11","05:47:46","Cloudy","Dry","Light","2.2","22.7","3200","506","23.7","28%","27.9","","Opened","7.481","5","Unsafe","Calm","0.0","59","15.3","11.5","998.9","1010.5"
"2026-08-11","05:47:56","Cloudy","Dry","Light","2.4","22.7","3200","490","23.7","28%","27.9","","Opened","7.280","5","Unsafe","Calm","0.0","60","15.3","11.6","998.9","1010.4"
"2026-08-11","05:48:06","Cloudy","Dry","Light","2.4","22.7","3200","470","23.7","28%","27.8","","Opened","7.362","5","Unsafe","Calm","0.0","59","15.3","11.7","998.9","1010.4"
"2026-08-11","05:48:16","Cloudy","Dry","Light","2.3","22.7","3200","451","23.7","28%","27.8","","Opened","7.302","5","Unsafe","Calm","0.0","59","15.3","11.5","998.9","1010.4"
"2026-08-11","05:48:26","Cloudy","Dry","Light","2.2","22.7","3200","436","23.7","28%","27.8","","Opened","7.383","5","Unsafe","Calm","0.0","59","15.3","11.5","998.8","1010.4"
"2026-08-11","05:48:36","Cloudy","Dry","Light","2.4","22.7","3200","417","23.7","28%","27.9","","Opened","7.328","5","Unsafe","Calm","0.0","59","15.3","11.6","998.9","1010.4"
"2026-08-11","05:48:46","Cloudy","Dry","Light","2.5","22.7","3200","401","23.7","28%","27.9","","Opened","7.459","5","Unsafe","Calm","0.0","59","15.3","11.8","998.8","1010.4"
"2026-08-11","05:48:56","Cloudy","Dry","Light","2.4","22.7","3200","385","23.7","28%","27.9","","Opened","7.345","5","Unsafe","Calm","0.0","59","15.3","11.7","998.9","1010.4"
"2026-08-11","05:49:06","Cloudy","Dry","Light","2.4","22.7","3200","367","23.7","28%","27.9","","Opened","7.295","5","Unsafe","Calm","0.0","59","15.3","11.6","998.9","1010.4"
"2026-08-11","05:49:16","Cloudy","Dry","Light","2.6","22.8","3200","351","23.7","28%","27.9","","Opened","7.366","5","Unsafe","Calm","0.0","59","15.3","11.9","998.9","1010.4"
"2026-08-11","05:49:26","Cloudy","Dry","Light","2.6","22.8","3200","337","23.7","28%","27.9","","Opened","7.307","5","Unsafe","Calm","0.0","59","15.3","11.9","998.9","1010.4"
"2026-08-11","05:49:36","Cloudy","Dry","Light","2.8","22.9","3200","325","23.7","28%","27.9","","Opened","7.276","5","Unsafe","Calm","0.0","59","15.3","12.1","998.9","1010.5"
"2026-08-11","05:49:46","Cloudy","Dry","Light","2.4","22.9","3200","310","23.7","28%","27.9","","Opened","7.499","5","Unsafe","Calm","0.0","59","15.3","11.7","998.9","1010.4"
"2026-08-11","05:49:56","Cloudy","Dry","Light","2.5","22.9","3200","297","23.7","28%","27.9","","Opened","7.294","5","Unsafe","Calm","0.0","59","15.3","11.8","998.9","1010.4"
"2026-08-11","05:50:06","Cloudy","Dry","Light","2.3","22.9","3200","284","23.7","28%","27.9","","Opened","7.359","5","Unsafe","Calm","0.0","59","15.3","11.6","998.8","1010.4"
"2026-08-11","05:50:16","Cloudy","Dry","Light","2.7","22.9","3200","272","23.7","28%","28.0","","Opened","7.320","5","Unsafe","Calm","0.0","59","15.3","12.0","998.9","1010.4"
"2026-08-11","05:50:26","Cloudy","Dry","Light","2.6","22.9","3200","260","23.8","28%","28.1","Heating DOWN","Opened","7.387","5","Unsafe","Calm","0.0","59","15.3","11.9","998.9","1010.5"
"2026-08-11","05:50:36","Cloudy","Dry","Light","2.4","22.9","3200","249","23.8","27%","28.1","Heating DOWN","Opened","7.494","5","Unsafe","Calm","0.0","59","15.3","11.7","998.8","1010.4"
"2026-08-11","05:50:47","Cloudy","Dry","Light","2.6","22.9","3200","238","23.8","26%","28.2","Heating DOWN","Opened","7.662","5","Unsafe","Calm","0.0","59","15.4","11.9","998.8","1010.4"
"2026-08-11","05:50:56","Cloudy","Dry","Light","2.5","22.9","3328","227","23.8","25%","28.2","Heating DOWN","Opened","7.490","5","Unsafe","Calm","0.0","59","15.4","11.8","998.8","1010.3"
"2026-08-11","05:51:06","Cloudy","Dry","Light","2.7","23.0","3200","217","23.8","24%","28.1","","Opened","7.354","5","Unsafe","Calm","0.0","59","15.4","12.0","998.9","1010.4"
"2026-08-11","05:51:16","Cloudy","Dry","Light","2.5","23.0","3200","208","23.8","24%","28.1","","Opened","7.297","5","Unsafe","Calm","0.0","59","15.4","11.8","998.8","1010.4"
"2026-08-11","05:51:26","Cloudy","Dry","Light","2.6","23.0","3200","198","23.8","24%","28.2","Heating DOWN","Opened","7.488","5","Unsafe","Calm","0.0","59","15.4","12.0","998.9","1010.4"
"2026-08-11","05:51:36","Cloudy","Dry","Light","2.4","23.0","3200","189","23.9","23%","28.2","Heating DOWN","Opened","7.495","5","Unsafe","Calm","0.0","59","15.4","11.7","998.8","1010.4"
"2026-08-11","05:51:47","Cloudy","Dry","Light","2.5","23.0","3200","181","23.9","22%","28.2","Heating DOWN","Opened","7.646","5","Unsafe","Calm","0.0","59","15.4","11.9","998.8","1010.4"
"2026-08-11","05:51:56","Cloudy","Dry","Light","2.5","23.1","3328","171","23.9","21%","28.2","Heating DOWN","Opened","7.471","5","Unsafe","Calm","0.0","59","15.4","11.9","998.9","1010.4"
"2026-08-11","05:52:06","Cloudy","Dry","Light","2.4","23.1","3200","163","23.9","20%","28.1","","Opened","7.345","5","Unsafe","Calm","0.0","59","15.4","11.8","998.9","1010.4"
"2026-08-11","05:52:16","Cloudy","Dry","Light","2.2","23.1","3200","156","23.9","20%","28.1","","Opened","7.281","5","Unsafe","Calm","0.0","59","15.4","11.6","998.9","1010.4"
"2026-08-11","05:52:26","Cloudy","Dry","Light","2.1","23.0","3200","148","24.0","20%","28.1","","Opened","7.355","5","Unsafe","Calm","0.0","59","15.4","11.5","998.9","1010.4"
"2026-08-11","05:52:36","Cloudy","Dry","Light","2.2","23.1","3200","141","24.0","20%","28.0","","Opened","7.304","5","Unsafe","Calm","0.0","59","15.4","11.6","998.8","1010.4"
"2026-08-11","05:52:46","Cloudy","Dry","Light","2.0","23.0","3200","134","24.0","20%","28.0","","Opened","7.539","5","Unsafe","Calm","0.0","59","15.4","11.5","998.9","1010.4"
"2026-08-11","05:52:56","Cloudy","Dry","Light","2.0","23.0","3200","127","24.0","20%","27.9","","Opened","7.332","5","Unsafe","Calm","0.0","59","15.4","11.4","998.9","1010.5"
"2026-08-11","05:53:06","Clear","Dry","Light","1.9","23.0","3200","121","24.0","20%","27.8","","Opened","7.279","5","Unsafe","Calm","0.0","59","15.4","11.3","998.9","1010.4"
"2026-08-11","05:53:16","Cloudy","Dry","Light","2.1","23.0","3200","115","24.0","20%","27.7","","Opened","7.364","5","Unsafe","Calm","0.0","59","15.4","11.5","998.9","1010.4"
"2026-08-11","05:53:26","Clear","Dry","Light","1.8","22.9","3200","109","24.0","20%","27.7","","Opened","7.306","5","Unsafe","Calm","0.0","58","15.4","11.3","998.9","1010.4"
"2026-08-11","05:53:36","Clear","Dry","Light","1.8","22.9","3200","103","24.0","20%","27.6","Heating UP","Opened","7.400","5","Unsafe","Calm","0.0","58","15.3","11.3","998.9","1010.4"
"2026-08-11","05:53:46","Clear","Dry","Light","1.8","22.9","3328","97","24.0","21%","27.5","Heating UP","Opened","7.561","5","Unsafe","Calm","0.0","58","15.3","11.3","998.9","1010.5"
"2026-08-11","05:53:56","Clear","Dry","Light","1.8","22.9","3200","92","24.0","23%","27.4","Heating UP","Opened","7.505","5","Unsafe","Calm","0.0","58","15.3","11.2","998.9","1010.4"
"2026-08-11","05:54:06","Clear","Dry","Light","1.8","22.9","3328","87","24.0","25%","27.4","Heating UP","Opened","7.497","5","Unsafe","Calm","0.0","58","15.3","11.3","998.9","1010.5"
"2026-08-11","05:54:16","Clear","Dry","Light","1.7","22.9","3200","82","24.0","27%","27.3","Heating UP","Opened","7.502","5","Unsafe","Calm","0.0","58","15.3","11.1","998.9","1010.4"
"2026-08-11","05:54:26","Clear","Dry","Light","1.7","22.8","3328","77","24.0","29%","27.4","","Opened","7.369","5","Unsafe","Calm","0.0","58","15.3","11.1","998.9","1010.4"
"2026-08-11","05:54:36","Clear","Dry","Light","1.7","22.8","3328","73","24.0","29%","27.4","Heating UP","Opened","7.446","5","Unsafe","Calm","0.0","58","15.3","11.2","998.8","1010.4"
"2026-08-11","05:54:46","Clear","Dry","Light","1.6","22.8","3200","68","24.0","31%","27.5","","Opened","7.485","5","Unsafe","Calm","0.0","58","15.3","11.1","998.9","1010.4"
"2026-08-11","05:54:56","Clear","Dry","Light","1.7","22.8","3200","64","24.0","31%","27.6","","Opened","7.272","5","Unsafe","Calm","0.0","58","15.3","11.1","998.9","1010.5"
"2026-08-11","05:55:06","Clear","Dry","Light","1.7","22.7","3200","60","24.0","31%","27.7","","Opened","7.341","5","Unsafe","Calm","0.0","58","15.3","11.1","998.9","1010.4"
"2026-08-11","05:55:16","Clear","Dry","Light","1.6","22.7","3200","56","24.0","31%","27.7","","Opened","7.290","5","Unsafe","Calm","0.0","59","15.3","11.0","998.9","1010.4"
"2026-08-11","05:55:26","Clear","Dry","Light","1.7","22.7","3200","53","23.9","31%","27.8","","Opened","7.369","5","Unsafe","Calm","0.0","58","15.3","11.1","998.9","1010.4"
"2026-08-11","05:55:36","Clear","Dry","Light","1.7","22.6","3200","49","23.9","31%","27.8","","Opened","7.312","5","Unsafe","Calm","0.0","58","15.3","11.1","998.9","1010.4"
"2026-08-11","05:55:46","Clear","Dry","Light","1.7","22.6","3200","46","24.0","31%","27.8","","Opened","7.415","5","Unsafe","Calm","0.0","58","15.3","11.1","998.9","1010.4"
"2026-08-11","05:55:56","Clear","Dry","Light","1.7","22.6","3200","42","23.9","31%","27.7","","Opened","7.348","5","Unsafe","Calm","0.0","58","15.2","11.1","998.9","1010.4"
"2026-08-11","05:56:06","Clear","Dry","Light","1.8","22.6","3200","39","23.9","31%","27.7","","Opened","7.282","5","Unsafe","Calm","0.0","58","15.2","11.1","998.9","1010.4"
"2026-08-11","05:56:16","Clear","Wet","Light","1.8","22.6","3199","36","23.9","31%","27.7","","Opened","7.368","5","Unsafe","Calm","0.0","58","15.2","11.1","998.9","1010.4"
"2026-08-11","05:56:26","Clear","Dry","Light","1.7","22.6","3200","33","23.9","31%","27.8","","Opened","7.301","5","Unsafe","Calm","0.0","58","15.2","11.1","998.9","1010.4"
"2026-08-11","05:56:36","Clear","Dry","Light","1.7","22.6","3200","30","23.8","31%","27.8","","Opened","7.378","5","Unsafe","Calm","0.0","58","15.2","11.1","998.9","1010.4"
"2026-08-11","05:56:46","Clear","Dry","Light","1.6","22.5","3200","28","23.8","31%","27.8","","Opened","7.491","5","Unsafe","Calm","0.0","58","15.2","11.0","998.9","1010.5"
"2026-08-11","05:56:56","Clear","Dry","Light","1.6","22.5","3200","25","23.8","31%","27.9","","Opened","7.306","5","Unsafe","Calm","0.0","58","15.2","10.9","998.9","1010.5"
"2026-08-11","05:57:06","Clear","Dry","Light","1.6","22.5","3200","23","23.8","31%","27.9","","Opened","7.373","5","Unsafe","Calm","0.0","59","15.2","10.9","998.9","1010.4"
"2026-08-11","05:57:16","Clear","Dry","Light","1.6","22.5","3200","20","23.8","31%","27.9","","Opened","7.323","5","Unsafe","Calm","0.0","59","15.2","11.0","998.9","1010.4"
"2026-08-11","05:57:26","Clear","Dry","Light","1.9","22.5","3200","18","23.8","31%","27.9","","Opened","7.279","5","Unsafe","Calm","0.0","59","15.2","11.2","998.9","1010.4"
"2026-08-11","05:57:36","Clear","Dry","Light","1.8","22.5","3200","16","23.8","31%","27.9","","Opened","7.354","5","Unsafe","Calm","0.0","58","15.1","11.1","998.9","1010.5"
"2026-08-11","05:57:46","Clear","Dry","Light","1.8","22.5","3200","14","23.8","31%","27.9","","Opened","7.461","5","Unsafe","Calm","0.0","58","15.1","11.1","998.9","1010.4"
"2026-08-11","05:57:56","Clear","Dry","Light","1.8","22.5","3200","11","23.7","31%","27.9","","Opened","7.378","5","Unsafe","Calm","0.0","58","15.1","11.1","998.9","1010.5"
"2026-08-11","05:58:06","Clear","Dry","Light","1.8","22.5","3200","9","23.7","31%","27.9","","Opened","7.313","5","Unsafe","Calm","0.0","58","15.1","11.1","998.9","1010.4"
"2026-08-11","05:58:16","Clear","Dry","Light","1.7","22.6","3200","8","23.7","31%","27.9","","Opened","7.270","5","Unsafe","Calm","0.0","58","15.1","11.0","998.9","1010.4"
"2026-08-11","05:58:26","Clear","Dry","Very Light","1.6","22.6","3200","6","23.7","31%","27.9","","Opened","7.330","5","Unsafe","Calm","0.0","59","15.1","10.9","998.8","1010.4"
"2026-08-11","05:58:36","Clear","Dry","Very Light","1.7","22.5","3200","4","23.7","31%","27.9","","Opened","7.277","5","Unsafe","Calm","0.0","59","15.1","11.0","998.9","1010.4"
"2026-08-11","05:58:46","Clear","Dry","Very Light","1.6","22.5","3200","2","23.7","31%","27.8","","Opened","7.499","5","Unsafe","Calm","0.0","59","15.1","10.9","998.9","1010.4"
"2026-08-11","05:58:56","Clear","Dry","Very Light","1.6","22.5","3200","2","23.7","31%","27.9","","Opened","7.293","5","Unsafe","Calm","0.0","59","15.1","10.9","998.9","1010.5"
"2026-08-11","05:59:06","Clear","Dry","Very Light","1.7","22.5","3200","2","23.7","31%","27.8","","Opened","7.358","5","Unsafe","Calm","0.0","59","15.2","11.0","998.9","1010.4"
"2026-08-11","05:59:16","Clear","Dry","Very Light","1.7","22.5","3200","2","23.7","31%","27.9","","Opened","7.295","5","Unsafe","Calm","0.0","59","15.2","11.0","998.9","1010.4"
"2026-08-11","05:59:26","Clear","Dry","Very Light","1.7","22.5","3200","2","23.7","31%","27.9","","Opened","7.366","5","Unsafe","Calm","0.0","59","15.2","10.9","998.9","1010.4"
"2026-08-11","05:59:36","Clear","Dry","Very Light","1.7","22.5","3200","2","23.6","31%","27.9","","Opened","7.305","5","Unsafe","Calm","0.0","59","15.1","10.9","998.8","1010.4"
"2026-08-11","05:59:46","Clear","Dry","Very Light","1.7","22.5","3200","2","23.6","31%","27.9","","Opened","7.519","5","Unsafe","Calm","0.0","59","15.1","10.9","999.0","1010.6"
"2026-08-11","05:59:56","Clear","Dry","Very Light","1.8","22.5","3200","2","23.6","31%","27.9","","Opened","7.302","5","Unsafe","Calm","0.0","59","15.2","11.0","998.9","1010.4"
