"Date","Time","Cloud Condition","Rain Condition","Brightness Condition","Cloud Value","Cloud Sensor Temperature","Rain Value","Brightness Value","Ambient Temperature","Rain Heating Percentage","Rain Sensor Temperature","Heating Status","Switch Status","Read Cycle","Timeout Errors","Safe Status","Wind Condition","Wind Value","Relative Humidity","Dew Point","Raw IR Temperature","Absolute Pressure","Relative Pressure"
"2026-09-07","19:00:06","Clear","Dry","Very Light","-0.3","30.4","3200","2","34.8","33%","38.5","","Opened","7.319","4","Unsafe","Calm","0.0","42","19.8","14.9","1002.7","1013.9"
"2026-09-07","19:00:16","Clear","Dry","Very Light","-0.5","30.4","3200","2","34.8","33%","38.5","","Opened","7.385","4","Unsafe","Calm","0.0","42","19.8","14.6","1002.8","1013.9"
"2026-09-07","19:00:26","Clear","Dry","Very Light","-0.5","30.4","3200","2","34.7","33%","38.5","","Opened","7.322","4","Unsafe","Calm","0.0","42","19.8","14.6","1002.8","1013.9"
"2026-09-07","19:00:36","Clear","Dry","Very Light","-0.3","30.3","3200","2","34.7","33%","38.5","","Opened","7.396","4","Unsafe","Calm","0.0","42","19.8","14.8","1002.8","1013.9"
"2026-09-07","19:00:46","Clear","Dry","Very Light","-0.5","30.3","3200","2","34.7","33%","38.5","","Opened","7.346","4","Unsafe","Calm","0.0","42","19.8","14.6","1002.7","1013.9"
"2026-09-07","19:00:56","Clear","Dry","Very Light","-0.3","30.3","3200","2","34.7","33%","38.5","","Opened","7.439","4","Unsafe","Calm","0.0","42","19.8","14.8","1002.8","1013.9"
"2026-09-07","19:01:06","Clear","Dry","Very Light","-0.5","30.3","3200","2","34.7","33%","38.5","","Opened","7.357","4","Unsafe","Calm","0.0","42","19.8","14.6","1002.6","1013.8"
"2026-09-07","19:01:16","Clear","Dry","Very Light","-0.6","30.3","3200","2","34.7","33%","38.5","","Opened","7.300","4","Unsafe","Calm","0.0","42","19.8","14.5","1002.7","1013.9"
"2026-09-07","19:01:26","Clear","Dry","Very Light","-0.3","30.3","3200","2","34.7","33%","38.6","","Opened","7.374","4","Unsafe","Calm","0.0","42","19.8","14.8","1002.8","1013.9"
"2026-09-07","19:01:36","Clear","Dry","Very Light","-0.4","30.3","3200","2","34.7","33%","38.6","","Opened","7.328","4","Unsafe","Calm","0.0","42","19.7","14.7","1002.6","1013.8"
"2026-09-07","19:01:46","Clear","Dry","Very Light","-0.3","30.2","3200","2","34.7","33%","38.6","","Opened","7.277","4","Unsafe","Calm","0.0","42","19.7","14.8","1002.7","1013.9"
"2026-09-07","19:01:56","Clear","Dry","Very Light","-0.5","30.2","3200","2","34.7","33%","38.6","","Opened","7.494","4","Unsafe","Calm","0.0","41","19.7","14.6","1002.7","1013.9"
"2026-09-07","19:02:06","Clear","Dry","Very Light","-0.5","30.2","3200","2","34.7","33%","38.6","","Opened","7.287","4","Unsafe","Calm","0.0","42","19.8","14.6","1002.6","1013.8"
"2026-09-07","19:02:16","Clear","Dry","Very Light","-0.5","30.2","3200","2","34.7","33%","38.6","","Opened","7.363","4","Unsafe","Calm","0.0","42","19.8","14.6","1002.7","1013.9"
"2026-09-07","19:02:26","Clear","Dry","Very Light","-0.7","30.2","3200","2","34.7","33%","38.6","","Opened","7.310","4","Unsafe","Calm","0.0","42","19.8","14.5","1002.7","1013.9"
"2026-09-07","19:02:36","Clear","Dry","Very Light","-0.7","30.2","3200","2","34.7","33%","38.6","","Opened","7.388","4","Unsafe","Calm","0.0","42","19.9","14.4","1002.7","1013.9"
"2026-09-07","19:02:46","Clear","Dry","Very Light","-0.5","30.1","3200","2","34.7","33%","38.5","","Opened","7.338","4","Unsafe","Calm","0.0","42","19.8","14.6","1002.7","1013.9"
"2026-09-07","19:02:56","Clear","Dry","Very Light","-0.3","30.1","3200","2","34.6","33%","38.5","","Opened","7.421","4","Unsafe","Calm","0.0","42","19.8","14.8","1002.6","1013.8"
"2026-09-07","19:03:06","Clear","Dry","Very Light","-0.6","30.1","3200","2","34.6","33%","38.5","","Opened","7.347","4","Unsafe","Calm","0.0","42","19.7","14.5","1002.6","1013.8"
"2026-09-07","19:03:16","Clear","Dry","Very Light","-0.6","30.1","3200","2","34.6","33%","38.4","","Opened","7.279","4","Unsafe","Calm","0.0","42","19.7","14.5","1002.7","1013.9"
"2026-09-07","19:03:26","Clear","Dry","Very Light","-0.9","30.1","3200","2","34.6","33%","38.4","","Opened","7.357","4","Unsafe","Calm","0.0","42","19.7","14.2","1002.6","1013.8"
"2026-09-07","19:03:36","Clear","Dry","Very Light","-0.8","30.0","3200","2","34.5","33%","38.3","","Opened","7.320","4","Unsafe","Calm","0.0","42","19.8","14.3","1002.8","1013.9"
"2026-09-07","19:03:46","Clear","Dry","Very Light","-0.5","30.0","3200","2","34.5","33%","38.3","","Opened","7.392","4","Unsafe","Calm","0.0","42","19.8","14.5","1002.7","1013.9"
"2026-09-07","19:03:56","Clear","Dry","Very Light","-0.7","30.0","3200","2","34.4","33%","38.3","","Opened","7.492","4","Unsafe","Calm","0.0","42","19.8","14.3","1002.8","1013.9"
"2026-09-07","19:04:06","Clear","Dry","Very Light","-0.7","30.0","3200","2","34.4","33%","38.1","","Opened","7.285","4","Unsafe","Calm","0.0","42","19.8","14.2","1002.8","1013.9"
"2026-09-07","19:04:16","Clear","Dry","Very Light","-0.6","29.9","3200","2","34.4","33%","38.1","","Opened","7.364","4","Unsafe","Calm","0.0","42","19.7","14.4","1002.6","1013.8"
"2026-09-07","19:04:26","Clear","Dry","Very Light","-0.5","29.9","3200","2","34.3","33%","38.1","","Opened","7.315","4","Unsafe","Calm","0.0","42","19.7","14.4","1002.7","1013.9"
"2026-09-07","19:04:36","Clear","Dry","Very Light","-0.4","29.9","3200","2","34.3","33%","38.1","","Opened","7.395","4","Unsafe","Calm","0.0","42","19.7","14.5","1002.6","1013.8"
"2026-09-07","19:04:46","Clear","Dry","Very Light","-0.7","29.9","3200","2","34.3","33%","38.0","Heating UP","Opened","7.466","4","Unsafe","Calm","0.0","42","19.7","14.2","1002.6","1013.8"
"2026-09-07","19:04:56","Clear","Dry","Very Light","-0.6","29.9","3200","2","34.3","34%","38.0","","Opened","7.476","4","Unsafe","Calm","0.0","42","19.6","14.3","1002.6","1013.8"
"2026-09-07","19:05:06","Clear","Dry","Very Light","-0.6","29.9","3200","2","34.2","34%","37.9","Heating UP","Opened","7.404","4","Unsafe","Calm","0.0","42","19.6","14.3","1002.6","1013.8"
"2026-09-07","19:05:16","Clear","Dry","Very Light","-0.7","29.9","3200","2","34.2","35%","37.9","Heating UP","Opened","7.509","4","Unsafe","Calm","0.0","42","19.6","14.1","1002.7","1013.9"
"2026-09-07","19:05:26","Clear","Dry","Very Light","-0.5","29.8","3328","2","34.2","36%","37.9","","Opened","7.389","4","Unsafe","Calm","0.0","42","19.6","14.4","1002.6","1013.8"
"2026-09-07","19:05:36","Clear","Dry","Very Light","-0.6","29.8","3328","2","34.1","36%","37.9","","Opened","7.337","4","Unsafe","Calm","0.6","42","19.6","14.2","1002.6","1013.8"
"2026-09-07","19:05:46","Clear","Dry","Very Light","-0.7","29.8","3328","2","34.1","36%","37.9","","Opened","7.294","4","Unsafe","Calm","1.3","42","19.6","14.1","1002.6","1013.8"
"2026-09-07","19:05:56","Clear","Dry","Very Light","-0.5","29.8","3328","2","34.1","36%","37.9","","Opened","7.511","4","Unsafe","Calm","1.3","42","19.5","14.3","1002.6","1013.8"
"2026-09-07","19:06:06","Clear","Dry","Very Light","-0.4","29.8","3328","2","34.1","36%","37.9","","Opened","7.291","4","Unsafe","Calm","1.3","42","19.5","14.4","1002.6","1013.8"
"2026-09-07","19:06:16","Clear","Dry","Very Light","-0.6","29.8","3328","2","34.1","36%","37.9","","Opened","7.352","4","Unsafe","Calm","1.3","42","19.5","14.2","1002.6","1013.8"
"2026-09-07","19:06:26","Clear","Dry","Very Light","-0.5","29.8","3328","2","34.1","36%","38.0","","Opened","7.293","4","Unsafe","Calm","1.3","42","19.5","14.3","1002.6","1013.8"
"2026-09-07","19:06:36","Clear","Dry","Very Light","-0.4","29.8","3328","2","34.0","36%","38.0","","Opened","7.358","4","Unsafe","Calm","0.6","42","19.5","14.4","1002.6","1013.8"
"2026-09-07","19:06:46","Clear","Dry","Very Light","-0.3","29.7","3328","2","34.0","36%","38.0","","Opened","7.306","4","Unsafe","Calm","0.0","42","19.5","14.4","1002.6","1013.8"
"2026-09-07","19:06:56","Clear","Dry","Very Light","-0.7","29.8","3328","2","34.0","36%","38.0","","Opened","7.523","4","Unsafe","Calm","0.0","42","19.5","14.1","1002.8","1014.0"
"2026-09-07","19:07:06","Clear","Dry","Very Light","-0.5","29.7","3328","2","34.0","36%","38.1","","Opened","7.307","4","Unsafe","Calm","0.0","43","19.5","14.2","1002.6","1013.8"
"2026-09-07","19:07:16","Clear","Dry","Very Light","-0.6","29.7","3328","2","34.0","36%","38.0","","Opened","7.365","4","Unsafe","Calm","0.0","43","19.5","14.2","1002.7","1013.9"
"2026-09-07","19:07:26","Clear","Dry","Very Light","-0.5","29.7","3328","2","34.0","36%","38.1","","Opened","7.301","4","Unsafe","Calm","0.0","43","19.5","14.3","1002.6","1013.8"
"2026-09-07","19:07:36","Clear","Dry","Very Light","-0.6","29.7","3328","2","33.9","36%","38.1","","Opened","7.371","4","Unsafe","Calm","0.0","43","19.5","14.2","1002.6","1013.8"
"2026-09-07","19:07:46","Clear","Dry","Very Light","-0.5","29.7","3328","2","33.9","36%","38.1","","Opened","7.319","4","Unsafe","Calm","0.0","43","19.5","14.2","1002.6","1013.8"
"2026-09-07","19:07:56","Clear","Dry","Very Light","-0.7","29.7","3328","2","33.9","36%","38.1","","Opened","7.534","4","Unsafe","Calm","0.0","43","19.6","14.0","1002.6","1013.8"
"2026-09-07","19:08:06","Clear","Dry","Very Light","-0.7","29.6","3328","2","33.9","36%","38.1","","Opened","7.328","4","Unsafe","Calm","0.0","43","19.6","13.9","1002.7","1013.9"
"2026-09-07","19:08:16","Clear","Dry","Very Light","-0.6","29.6","3328","2","33.9","36%","38.1","","Opened","7.390","4","Unsafe","Calm","0.0","43","19.6","14.1","1002.6","1013.8"
"2026-09-07","19:08:26","Clear","Dry","Very Light","-0.5","29.6","3328","2","33.9","36%","38.1","","Opened","7.325","4","Unsafe","Calm","0.0","43","19.6","14.2","1002.8","1014.0"
"2026-09-07","19:08:36","Clear","Dry","Very Light","-0.6","29.6","3328","2","33.9","36%","38.1","","Opened","7.280","4","Unsafe","Calm","0.0","43","19.5","14.1","1002.6","1013.8"
"2026-09-07","19:08:46","Clear","Dry","Very Light","-0.7","29.6","3328","2","33.8","36%","38.1","Heating DOWN","Opened","7.479","4","Unsafe","Calm","0.0","43","19.5","14.0","1002.7","1013.9"
"2026-09-07","19:08:56","Clear","Dry","Very Light","-0.7","29.5","3200","2","33.8","35%","38.1","Heating DOWN","Opened","7.613","4","Unsafe","Calm","0.0","43","19.5","14.0","1002.6","1013.8"
"2026-09-07","19:09:06","Clear","Dry","Very Light","-0.5","29.5","3200","2","33.8","34%","38.1","Heating DOWN","Opened","7.451","4","Unsafe","Calm","0.0","43","19.5","14.2","1002.6","1013.8"
"2026-09-07","19:09:16","Clear","Dry","Very Light","-0.6","29.5","3200","2","33.8","33%","38.1","Heating DOWN","Opened","7.440","4","Unsafe","Calm","0.0","43","19.5","14.1","1002.6","1013.8"
"2026-09-07","19:09:26","Clear","Dry","Very Light","-0.6","29.5","3328","2","33.8","32%","38.1","Heating DOWN","Opened","7.438","4","Unsafe","Calm","0.0","43","19.5","14.0","1002.6","1013.8"
"2026-09-07","19:09:36","Clear","Dry","Very Light","-0.7","29.5","3200","2","33.7","31%","38.1","Heating DOWN","Opened","7.429","4","Unsafe","Calm","0.0","43","19.4","13.9","1002.6","1013.8"
"2026-09-07","19:09:46","Clear","Dry","Very Light","-0.6","29.5","3200","2","33.7","30%","38.1","Heating DOWN","Opened","7.426","4","Unsafe","Calm","0.0","43","19.4","14.0","1002.8","1014.0"
"2026-09-07","19:09:56","Clear","Dry","Very Light","-0.6","29.5","3200","2","33.8","30%","38.0","","Opened","7.506","4","Unsafe","Calm","0.0","43","19.5","14.1","1002.7","1013.9"
"2026-09-07","19:10:06","Clear","Dry","Very Light","-0.7","29.5","3200","2","33.8","30%","38.0","","Opened","7.292","4","Unsafe","Calm","0.0","43","19.5","14.0","1002.6","1013.8"
"2026-09-07","19:10:16","Clear","Dry","Very Light","-0.6","29.5","3200","2","33.8","30%","37.9","","Opened","7.366","4","Unsafe","Calm","0.0","43","19.5","14.0","1002.6","1013.8"
"2026-09-07","19:10:26","Clear","Dry","Very Light","-0.7","29.4","3200","2","33.7","30%","37.9","","Opened","7.298","4","Unsafe","Calm","0.0","43","19.4","13.9","1002.6","1013.8"
"2026-09-07","19:10:36","Clear","Dry","Very Light","-0.7","29.4","3200","2","33.7","30%","37.8","","Opened","7.385","4","Unsafe","Calm","0.0","43","19.4","13.9","1002.5","1013.7"
"2026-09-07","19:10:46","Clear","Dry","Very Light","-0.6","29.4","3200","2","33.7","30%","37.7","","Opened","7.334","4","Unsafe","Calm","0.0","43","19.4","14.0","1002.6","1013.8"
"2026-09-07","19:10:56","Clear","Dry","Very Light","-0.6","29.4","3200","2","33.7","30%","37.7","","Opened","7.419","4","Unsafe","Calm","0.0","43","19.4","14.0","1002.6","1013.8"
"2026-09-07","19:11:06","Clear","Dry","Very Light","-0.6","29.4","3200","2","33.7","30%","37.6","","Opened","7.347","4","Unsafe","Calm","0.0","43","19.4","14.0","1002.7","1013.9"
"2026-09-07","19:11:16","Clear","Dry","Very Light","-0.7","29.4","3200","2","33.7","30%","37.6","","Opened","7.281","4","Unsafe","Calm","0.0","43","19.4","13.9","1002.6","1013.8"
"2026-09-07","19:11:26","Clear","Dry","Very Light","-0.7","29.3","3200","2","33.6","30%","37.6","","Opened","7.359","4","Unsafe","Calm","0.0","43","19.5","13.8","1002.6","1013.8"
"2026-09-07","19:11:36","Clear","Dry","Very Light","-0.7","29.3","3200","2","33.6","30%","37.4","","Opened","7.304","4","Unsafe","Calm","0.0","43","19.5","13.8","1002.6","1013.8"
"2026-09-07","19:11:46","Clear","Dry","Very Light","-0.7","29.2","3200","2","33.6","30%","37.4","","Opened","7.387","4","Unsafe","Calm","0.0","43","19.5","13.8","1002.6","1013.8"
"2026-09-07","19:11:56","Clear","Dry","Very Light","-0.8","29.2","3200","2","33.6","30%","37.4","","Opened","7.470","4","Unsafe","Calm","0.0","43","19.4","13.7","1002.7","1013.9"
"2026-09-07","19:12:06","Clear","Dry","Very Light","-0.8","29.2","3200","2","33.5","30%","37.3","","Opened","7.382","4","Unsafe","Calm","0.0","44","19.7","13.7","1002.7","1013.9"
"2026-09-07","19:12:16","Clear","Dry","Very Light","-0.9","29.1","3200","2","33.5","30%","37.2","","Opened","7.325","4","Unsafe","Calm","0.0","44","19.6","13.6","1002.6","1013.8"
"2026-09-07","19:12:26","Clear","Dry","Very Light","-0.8","29.1","3200","2","33.5","30%","37.2","","Opened","7.279","4","Unsafe","Calm","0.0","44","19.6","13.6","1002.6","1013.8"
"2026-09-07","19:12:36","Clear","Dry","Very Light","-0.8","29.1","3200","2","33.4","30%","37.1","Heating UP","Opened","7.467","4","Unsafe","Calm","0.0","44","19.6","13.7","1002.6","1013.8"
"2026-09-07","19:12:46","Clear","Dry","Very Light","-0.9","29.0","3200","2","33.4","30%","37.1","","Opened","7.340","4","Unsafe","Calm","0.0","44","19.5","13.6","1002.6","1013.9"
"2026-09-07","19:12:56","Clear","Dry","Very Light","-0.9","29.0","3200","2","33.4","30%","37.0","Heating UP","Opened","7.551","4","Unsafe","Calm","0.0","44","19.6","13.6","1002.6","1013.8"
"2026-09-07","19:13:06","Clear","Dry","Very Light","-0.8","29.0","3200","2","33.3","31%","37.0","Heating UP","Opened","7.389","4","Unsafe","Calm","0.0","44","19.6","13.6","1002.6","1013.9"
"2026-09-07","19:13:16","Clear","Dry","Very Light","-0.8","28.9","3328","2","33.3","32%","36.9","Heating UP","Opened","7.503","4","Unsafe","Calm","0.0","44","19.4","13.5","1002.6","1013.9"
"2026-09-07","19:13:26","Clear","Dry","Very Light","-0.7","28.9","3200","2","33.2","33%","36.8","Heating UP","Opened","7.485","4","Unsafe","Calm","0.0","44","19.4","13.6","1002.6","1013.8"
"2026-09-07","19:13:36","Clear","Dry","Very Light","-0.7","28.9","3200","2","33.2","34%","36.8","Heating UP","Opened","7.486","4","Unsafe","Calm","0.0","44","19.4","13.6","1002.6","1013.9"
"2026-09-07","19:13:46","Clear","Dry","Very Light","-0.7","28.9","3200","2","33.1","35%","36.8","Heating UP","Opened","7.479","4","Unsafe","Calm","0.0","44","19.3","13.6","1002.6","1013.9"
"2026-09-07","19:13:56","Clear","Dry","Very Light","-0.7","28.8","3328","2","33.1","36%","36.9","","Opened","7.497","4","Unsafe","Calm","0.0","44","19.3","13.6","1002.6","1013.8"
"2026-09-07","19:14:06","Clear","Dry","Very Light","-0.7","28.8","3328","2","33.1","36%","36.9","","Opened","7.289","4","Unsafe","Calm","0.0","44","19.2","13.6","1002.6","1013.8"
"2026-09-07","19:14:16","Clear","Dry","Very Light","-0.8","28.8","3328","2","33.0","36%","36.9","","Opened","7.364","4","Unsafe","Calm","0.0","44","19.2","13.4","1002.6","1013.8"
"2026-09-07","19:14:26","Clear","Dry","Very Light","-0.7","28.8","3328","2","33.0","36%","37.0","","Opened","7.317","4","Unsafe","Calm","0.0","44","19.2","13.5","1002.6","1013.8"
"2026-09-07","19:14:36","Clear","Dry","Very Light","-0.8","28.8","3328","2","32.9","36%","37.0","","Opened","7.377","4","Unsafe","Calm","0.0","44","19.2","13.4","1002.6","1013.9"
"2026-09-07","19:14:46","Clear","Dry","Very Light","-0.8","28.7","3328","2","32.9","36%","37.1","","Opened","7.338","4","Unsafe","Calm","0.0","44","19.2","13.4","1002.6","1013.9"
"2026-09-07","19:14:56","Clear","Dry","Very Light","-0.7","28.7","3328","2","32.9","36%","37.1","","Opened","7.427","4","Unsafe","Calm","0.0","44","19.2","13.4","1002.6","1013.8"
"2026-09-07","19:15:06","Clear","Dry","Very Light","-0.7","28.7","3328","2","32.9","36%","37.2","Heating DOWN","Opened","7.470","4","Unsafe","Calm","0.0","44","19.1","13.5","1002.6","1013.8"
"2026-09-07","19:15:16","Clear","Dry","Very Light","-0.7","28.6","3200","2","32.8","35%","37.2","Heating DOWN","Opened","7.460","4","Unsafe","Calm","0.0","44","19.1","13.4","1002.6","1013.8"
"2026-09-07","19:15:26","Clear","Dry","Very Light","-0.5","28.6","3200","2","32.8","34%","37.2","Heating DOWN","Opened","7.445","4","Unsafe","Calm","0.0","45","19.2","13.6","1002.6","1013.8"
"2026-09-07","19:15:36","Clear","Dry","Very Light","-0.7","28.6","3200","2","32.7","33%","37.2","Heating DOWN","Opened","7.442","4","Unsafe","Calm","0.0","45","19.1","13.4","1002.6","1013.9"
"2026-09-07","19:15:46","Clear","Dry","Very Light","-0.8","28.6","3328","2","32.7","32%","37.2","Heating DOWN","Opened","7.436","4","Unsafe","Calm","0.0","45","19.1","13.2","1002.6","1013.9"
"2026-09-07","19:15:56","Clear","Dry","Very Light","-0.7","28.5","3200","2","32.7","31%","37.2","Heating DOWN","Opened","7.569","4","Unsafe","Calm","0.0","45","19.3","13.3","1002.6","1013.8"
"2026-09-07","19:16:06","Clear","Dry","Very Light","-0.8","28.5","3200","2","32.6","30%","37.1","","Opened","7.300","4","Unsafe","Calm","0.0","45","19.3","13.3","1002.6","1013.8"
"2026-09-07","19:16:16","Clear","Dry","Very Light","-0.7","28.5","3200","2","32.6","30%","37.1","Heating DOWN","Opened","7.483","4","Unsafe","Calm","0.0","46","19.4","13.3","1002.6","1013.8"
"2026-09-07","19:16:26","Clear","Dry","Very Light","-0.6","28.5","3200","2","32.5","28%","37.0","","Opened","7.357","4","Unsafe","Calm","0.0","45","19.2","13.3","1002.6","1013.9"
"2026-09-07","19:16:36","Clear","Dry","Very Light","-0.7","28.4","3200","2","32.5","28%","37.0","Heating DOWN","Opened","7.419","4","Unsafe","Calm","0.0","45","19.1","13.3","1002.6","1013.9"
"2026-09-07","19:16:46","Clear","Dry","Very Light","-0.5","28.4","3200","2","32.4","26%","36.9","","Opened","7.288","4","Unsafe","Calm","0.0","45","19.0","13.4","1002.8","1014.0"
"2026-09-07","19:16:56","Clear","Dry","Very Light","-0.5","28.4","3200","2","32.4","26%","36.9","Heating DOWN","Opened","7.627","4","Unsafe","Calm","0.0","45","19.0","13.4","1002.6","1013.8"
"2026-09-07","19:17:06","Clear","Dry","Very Light","-0.6","28.4","3328","2","32.4","25%","36.9","Heating DOWN","Opened","7.471","4","Unsafe","Calm","0.0","45","18.9","13.3","1002.6","1013.8"
"2026-09-07","19:17:16","Clear","Dry","Very Light","-0.4","28.4","3200","2","32.4","24%","36.8","","Opened","7.348","4","Unsafe","Calm","0.0","45","18.9","13.5","1002.6","1013.9"
"2026-09-07","19:17:26","Clear","Dry","Very Light","-0.5","28.4","3200","2","32.4","24%","36.8","Heating DOWN","Opened","7.416","4","Unsafe","Calm","0.0","45","18.9","13.4","1002.7","1014.0"
"2026-09-07","19:17:36","Clear","Dry","Very Light","-0.5","28.4","3200","2","32.3","23%","36.6","","Opened","7.287","4","Unsafe","Calm","0.0","45","18.9","13.4","1002.6","1013.9"
"2026-09-07","19:17:46","Clear","Dry","Very Light","-0.5","28.4","3200","2","32.3","23%","36.6","Heating DOWN","Opened","7.475","4","Unsafe","Calm","0.0","45","18.8","13.4","1002.6","1013.9"
"2026-09-07","19:17:56","Clear","Dry","Very Light","-0.5","28.3","3200","2","32.3","22%","36.5","","Opened","7.490","4","Unsafe","Calm","0.0","45","18.8","13.4","1002.6","1013.9"
"2026-09-07","19:18:06","Clear","Dry","Very Light","-0.3","28.3","3200","2","32.3","22%","36.5","","Opened","7.290","4","Unsafe","Calm","0.0","45","18.8","13.5","1002.6","1013.9"
"2026-09-07","19:18:16","Clear","Dry","Very Light","-0.6","28.3","3200","2","32.2","22%","36.4","","Opened","7.347","4","Unsafe","Calm","0.0","45","18.8","13.2","1002.6","1013.8"
"2026-09-07","19:18:26","Clear","Dry","Very Light","-0.6","28.3","3200","2","32.2","22%","36.3","","Opened","7.296","4","Unsafe","Calm","0.0","45","18.9","13.2","1002.6","1013.8"
"2026-09-07","19:18:36","Clear","Dry","Very Light","-0.5","28.3","3200","2","32.2","22%","36.2","","Opened","7.385","4","Unsafe","Calm","0.0","46","18.9","13.3","1002.6","1013.9"
"2026-09-07","19:18:46","Clear","Dry","Very Light","-0.5","28.3","3200","2","32.1","22%","36.2","","Opened","7.331","4","Unsafe","Calm","0.0","46","19.0","13.3","1002.6","1013.8"
"2026-09-07","19:18:56","Clear","Dry","Very Light","-0.5","28.3","3200","2","32.1","22%","36.1","","Opened","7.539","4","Unsafe","Calm","0.0","46","19.0","13.3","1002.6","1013.9"
"2026-09-07","19:19:06","Clear","Dry","Very Light","-0.4","28.2","3200","2","32.0","22%","36.1","","Opened","7.345","4","Unsafe","Calm","0.0","46","18.9","13.3","1002.6","1013.8"
"2026-09-07","19:19:16","Clear","Dry","Very Light","-0.3","28.2","3200","2","32.0","22%","36.0","","Opened","7.281","4","Unsafe","Calm","0.0","46","18.8","13.4","1002.6","1013.9"
"2026-09-07","19:19:26","Clear","Wet","Very Light","-0.4","28.2","3199","2","32.0","22%","35.8","","Opened","7.353","4","Unsafe","Calm","0.0","46","18.8","13.3","1002.6","1013.8"
"2026-09-07","19:19:36","Clear","Dry","Very Light","-0.4","28.2","3200","2","32.0","22%","35.8","","Opened","7.297","4","Unsafe","Calm","0.0","46","18.8","13.3","1002.6","1013.9"
"2026-09-07","19:19:46","Clear","Dry","Very Light","-0.1","28.2","3200","2","31.9","22%","35.7","","Opened","7.380","4","Unsafe","Calm","0.0","46","18.7","13.6","1002.8","1014.0"
"2026-09-07","19:19:56","Clear","Dry","Very Light","-0.3","28.2","3200","2","31.9","22%","35.7","","Opened","7.467","4","Unsafe","Calm","0.0","45","18.7","13.3","1002.6","1013.9"
"2026-09-07","19:20:06","Clear","Dry","Very Light","-0.3","28.2","3200","2","31.9","22%","35.6","","Opened","7.378","4","Unsafe","Calm","0.0","45","18.6","13.3","1002.6","1013.9"
"2026-09-07","19:20:16","Clear","Dry","Very Light","-0.3","28.2","3200","2","31.8","22%","35.6","","Opened","7.314","4","Unsafe","Calm","0.0","46","18.7","13.3","1002.6","1013.9"
"2026-09-07","19:20:26","Clear","Dry","Very Light","-0.3","28.2","3200","2","31.8","22%","35.5","Heating UP","Opened","7.388","4","Unsafe","Calm","0.0","46","18.8","13.3","1002.6","1013.9"
"2026-09-07","19:20:36","Clear","Dry","Very Light","-0.3","28.2","3200","2","31.8","23%","35.4","Heating UP","Opened","7.514","4","Unsafe","Calm","0.0","46","18.8","13.2","1002.7","1014.0"
"2026-09-07","19:20:46","Clear","Dry","Very Light","-0.3","28.2","3200","2","31.7","24%","35.3","Heating UP","Opened","7.511","4","Unsafe","Calm","0.0","46","18.7","13.3","1002.6","1013.9"
"2026-09-07","19:20:56","Clear","Dry","Very Light","-0.2","28.1","3328","2","31.7","25%","35.3","Heating UP","Opened","7.649","4","Unsafe","Calm","0.0","46","18.7","13.3","1002.6","1013.9"
"2026-09-07","19:21:06","Clear","Dry","Very Light","-0.1","28.1","3200","2","31.7","26%","35.2","Heating UP","Opened","7.473","4","Unsafe","Calm","0.0","46","18.7","13.4","1002.6","1013.9"
"2026-09-07","19:21:16","Clear","Dry","Very Light","-0.3","28.1","3200","2","31.7","28%","35.2","Heating UP","Opened","7.469","4","Unsafe","Calm","0.0","46","18.6","13.3","1002.7","1014.0"
"2026-09-07","19:21:26","Clear","Dry","Very Light","-0.2","28.1","3328","2","31.7","29%","35.2","Heating UP","Opened","7.456","4","Unsafe","Calm","0.0","46","18.6","13.3","1002.6","1013.9"
"2026-09-07","19:21:36","Clear","Dry","Very Light","-0.1","28.1","3200","2","31.6","30%","35.2","Heating UP","Opened","7.448","4","Unsafe","Calm","0.0","46","18.6","13.4","1002.6","1013.9"
"2026-09-07","19:21:46","Clear","Dry","Very Light","-0.2","28.1","3200","2","31.6","30%","35.1","Heating UP","Opened","7.435","4","Unsafe","Calm","0.0","46","18.6","13.3","1002.6","1013.9"
"2026-09-07","19:21:56","Clear","Dry","Very Light","-0.3","28.1","3328","2","31.5","32%","35.2","","Opened","7.460","4","Unsafe","Calm","0.0","46","18.6","13.2","1002.6","1013.9"
"2026-09-07","19:22:06","Clear","Dry","Very Light","-0.3","28.1","3328","2","31.5","32%","35.2","Heating UP","Opened","7.499","4","Unsafe","Calm","0.0","46","18.6","13.1","1002.6","1013.9"
"2026-09-07","19:22:16","Clear","Dry","Very Light","-0.1","28.1","3200","2","31.5","33%","35.3","","Opened","7.377","4","Unsafe","Calm","0.0","46","18.6","13.3","1002.6","1013.9"
"2026-09-07","19:22:26","Clear","Dry","Very Light","-0.1","28.1","3200","2","31.5","33%","35.3","","Opened","7.329","4","Unsafe","Calm","0.0","46","18.6","13.3","1002.6","1013.9"
"2026-09-07","19:22:36","Clear","Dry","Very Light","-0.2","28.1","3200","2","31.5","33%","35.3","","Opened","7.390","4","Unsafe","Calm","0.0","46","18.6","13.2","1002.6","1013.9"
"2026-09-07","19:22:46","Clear","Dry","Very Light","-0.2","28.0","3200","2","31.5","33%","35.4","","Opened","7.350","4","Unsafe","Calm","0.0","46","18.6","13.3","1002.6","1013.9"
"2026-09-07","19:22:56","Clear","Dry","Very Light","-0.2","28.0","3200","2","31.4","33%","35.4","","Opened","7.435","4","Unsafe","Calm","0.0","47","18.7","13.2","1002.6","1013.9"
"2026-09-07","19:23:06","Clear","Wet","Very Light","-0.3","28.0","3199","2","31.4","33%","35.5","","Opened","7.365","4","Unsafe","Calm","0.0","47","18.8","13.2","1002.6","1013.9"
"2026-09-07","19:23:16","Clear","Dry","Very Light","-0.3","28.0","3200","2","31.4","33%","35.5","","Opened","7.327","4","Unsafe","Calm","0.0","47","18.9","13.2","1002.6","1013.9"
"2026-09-07","19:23:26","Clear","Dry","Very Light","-0.3","28.0","3200","2","31.4","33%","35.5","","Opened","7.284","4","Unsafe","Calm","0.0","48","18.9","13.1","1002.5","1013.8"
"2026-09-07","19:23:36","Clear","Dry","Very Light","-0.3","28.0","3200","2","31.3","33%","35.5","","Opened","7.361","4","Unsafe","Calm","0.0","48","18.9","13.1","1002.6","1013.9"
"2026-09-07","19:23:46","Clear","Dry","Very Light","-0.3","28.0","3200","2","31.3","33%","35.6","","Opened","7.305","4","Unsafe","Calm","0.0","48","18.9","13.1","1002.6","1013.9"
"2026-09-07","19:23:56","Clear","Dry","Very Light","-0.4","28.0","3200","2","31.3","33%","35.6","","Opened","7.524","4","Unsafe","Calm","0.0","48","18.9","13.0","1002.6","1013.9"
"2026-09-07","19:24:06","Clear","Dry","Very Light","-0.4","27.9","3200","2","31.3","33%","35.7","Heating DOWN","Opened","7.428","4","Unsafe","Calm","0.0","47","18.8","13.0","1002.5","1013.8"
"2026-09-07","19:24:16","Clear","Dry","Very Light","-0.4","27.9","3328","2","31.3","32%","35.8","Heating DOWN","Opened","7.422","4","Unsafe","Calm","0.0","47","18.8","12.9","1002.6","1013.9"
"2026-09-07","19:24:26","Clear","Dry","Very Light","-0.4","27.9","3200","2","31.3","30%","35.8","Heating DOWN","Opened","7.412","4","Unsafe","Calm","0.0","47","18.7","13.0","1002.6","1013.9"
"2026-09-07","19:24:36","Clear","Dry","Very Light","-0.5","27.9","3328","2","31.2","29%","35.7","","Opened","7.293","4","Unsafe","Calm","0.0","47","18.7","12.8","1002.5","1013.8"
"2026-09-07","19:24:46","Clear","Dry","Very Light","-0.6","27.9","3328","2","31.2","29%","35.7","Heating DOWN","Opened","7.482","4","Unsafe","Calm","0.0","47","18.6","12.7","1002.5","1013.8"
"2026-09-07","19:24:56","Clear","Dry","Very Light","-0.5","27.8","3200","2","31.2","27%","35.7","Heating DOWN","Opened","7.646","4","Unsafe","Calm","0.0","47","18.6","12.8","1002.6","1013.9"
"2026-09-07","19:25:06","Clear","Dry","Very Light","-0.6","27.8","3328","2","31.2","25%","35.7","Heating DOWN","Opened","7.478","4","Unsafe","Calm","0.0","47","18.6","12.7","1002.6","1013.9"
"2026-09-07","19:25:16","Clear","Dry","Very Light","-0.4","27.8","3200","2","31.1","23%","35.6","","Opened","7.351","4","Unsafe","Calm","0.0","47","18.5","12.8","1002.6","1013.9"
"2026-09-07","19:25:26","Clear","Dry","Very Light","-0.5","27.8","3200","2","31.1","23%","35.6","Heating DOWN","Opened","7.423","4","Unsafe","Calm","0.0","47","18.5","12.7","1002.6","1013.9"
"2026-09-07","19:25:36","Clear","Dry","Very Light","-0.5","27.8","3200","2","31.1","22%","35.5","","Opened","7.300","4","Unsafe","Calm","0.0","47","18.5","12.7","1002.5","1013.8"
"2026-09-07","19:25:46","Clear","Dry","Very Light","-0.5","27.7","3200","2","31.1","22%","35.4","","Opened","7.374","4","Unsafe","Calm","0.0","47","18.5","12.7","1002.5","1013.8"
"2026-09-07","19:25:56","Clear","Dry","Very Light","-0.6","27.7","3200","2","31.1","22%","35.4","Heating DOWN","Opened","7.580","4","Unsafe","Calm","0.0","47","18.5","12.7","1002.5","1013.8"
"2026-09-07","19:26:06","Clear","Dry","Very Light","-0.5","27.7","3328","2","31.1","21%","35.4","Heating DOWN","Opened","7.416","4","Unsafe","Calm","0.0","47","18.4","12.7","1002.6","1013.9"
"2026-09-07","19:26:16","Clear","Dry","Very Light","-0.5","27.7","3200","2","31.1","20%","35.3","","Opened","7.286","4","Unsafe","Calm","0.0","47","18.4","12.7","1002.6","1013.9"
"2026-09-07","19:26:26","Clear","Dry","Very Light","-0.4","27.7","3200","2","31.0","20%","35.2","","Opened","7.360","4","Unsafe","Calm","0.0","47","18.4","12.8","1002.6","1013.9"
"2026-09-07","19:26:36","Clear","Dry","Very Light","-0.5","27.7","3200","2","31.0","20%","35.1","","Opened","7.318","4","Unsafe","Calm","0.0","47","18.4","12.7","1002.5","1013.8"
"2026-09-07","19:26:46","Clear","Dry","Very Light","-0.6","27.7","3200","2","31.0","20%","35.0","","Opened","7.386","4","Unsafe","Calm","0.0","47","18.4","12.6","1002.6","1013.9"
"2026-09-07","19:26:56","Clear","Dry","Very Light","-0.5","27.6","3200","2","31.0","20%","35.0","","Opened","7.482","4","Unsafe","Calm","0.0","47","18.4","12.6","1002.5","1013.8"
"2026-09-07","19:27:06","Clear","Dry","Very Light","-0.4","27.6","3200","2","30.9","20%","34.8","","Opened","7.279","4","Unsafe","Calm","0.0","47","18.4","12.7","1002.6","1013.9"
"2026-09-07","19:27:16","Clear","Dry","Very Light","-0.5","27.6","3200","2","30.9","20%","34.7","","Opened","7.344","4","Unsafe","Calm","0.0","47","18.3","12.7","1002.6","1013.9"
"2026-09-07","19:27:26","Clear","Dry","Very Light","-0.5","27.6","3200","2","30.9","20%","34.7","","Opened","7.298","4","Unsafe","Calm","0.0","46","18.1","12.6","1002.6","1013.9"
"2026-09-07","19:27:36","Clear","Dry","Very Light","-0.5","27.6","3200","2","30.9","20%","34.6","","Opened","7.370","4","Unsafe","Calm","0.0","46","18.0","12.6","1002.5","1013.8"
"2026-09-07","19:27:46","Clear","Dry","Very Light","-0.5","27.5","3200","2","30.9","20%","34.6","","Opened","7.311","4","Unsafe","Calm","0.0","46","18.0","12.6","1002.5","1013.8"
"2026-09-07","19:27:56","Clear","Dry","Very Light","-0.5","27.5","3200","2","30.9","20%","34.6","","Opened","7.524","4","Unsafe","Calm","0.0","46","18.0","12.6","1002.7","1014.0"
"2026-09-07","19:28:06","Clear","Dry","Very Light","-0.5","27.5","3200","2","30.9","20%","34.5","Heating UP","Opened","7.436","4","Unsafe","Calm","0.0","46","18.0","12.6","1002.5","1013.8"
"2026-09-07","19:28:16","Clear","Dry","Very Light","-0.4","27.5","3328","2","30.9","21%","34.5","Heating UP","Opened","7.422","4","Unsafe","Calm","0.0","46","18.0","12.7","1002.6","1013.9"
"2026-09-07","19:28:26","Clear","Dry","Very Light","-0.4","27.5","3200","2","30.8","22%","34.4","Heating UP","Opened","7.411","4","Unsafe","Calm","0.0","46","18.0","12.7","1002.6","1013.9"
"2026-09-07","19:28:36","Clear","Dry","Very Light","-0.5","27.5","3200","2","30.8","23%","34.4","Heating UP","Opened","7.399","4","Unsafe","Calm","0.0","46","18.0","12.6","1002.6","1013.9"
"2026-09-07","19:28:46","Clear","Dry","Very Light","-0.6","27.5","3200","2","30.8","24%","34.3","Heating UP","Opened","7.396","4","Unsafe","Calm","0.0","46","18.0","12.5","1002.5","1013.8"
"2026-09-07","19:28:56","Clear","Dry","Very Light","-0.6","27.5","3200","2","30.8","26%","34.3","Heating UP","Opened","7.658","4","Unsafe","Calm","0.0","46","18.0","12.5","1002.6","1013.9"
"2026-09-07","19:29:06","Clear","Dry","Very Light","-0.7","27.5","3200","2","30.8","28%","34.3","Heating UP","Opened","7.502","4","Unsafe","Calm","0.0","46","17.9","12.4","1002.5","1013.8"
"2026-09-07","19:29:16","Clear","Dry","Very Light","-0.6","27.4","3328","2","30.8","29%","34.4","","Opened","7.369","4","Unsafe","Calm","0.0","46","17.9","12.5","1002.6","1013.9"
"2026-09-07","19:29:26","Clear","Dry","Very Light","-0.6","27.4","3327","2","30.7","29%","34.4","Heating UP","Opened","7.441","4","Unsafe","Calm","0.0","46","17.9","12.4","1002.5","1013.8"
"2026-09-07","19:29:36","Clear","Dry","Very Light","-0.6","27.4","3200","2","30.7","30%","34.5","","Opened","7.311","4","Unsafe","Calm","0.0","46","17.9","12.4","1002.5","1013.8"
"2026-09-07","19:29:46","Clear","Dry","Very Light","-0.5","27.3","3328","2","30.7","30%","34.5","","Opened","7.387","4","Unsafe","Calm","0.0","46","17.9","12.5","1002.6","1013.9"
"2026-09-07","19:29:56","Clear","Dry","Very Light","-0.5","27.3","3328","2","30.7","30%","34.6","","Opened","7.476","4","Unsafe","Calm","0.0","46","17.8","12.5","1002.5","1013.8"
"2026-09-07","19:30:06","Clear","Dry","Very Light","-0.5","27.3","3200","2","30.7","30%","34.6","","Opened","7.277","4","Unsafe","Calm","0.0","46","17.7","12.5","1002.5","1013.8"
"2026-09-07","19:30:16","Clear","Dry","Very Light","-0.6","27.3","3200","2","30.7","30%","34.7","","Opened","7.348","4","Unsafe","Calm","0.0","46","17.7","12.4","1002.7","1014.0"
"2026-09-07","19:30:26","Clear","Dry","Very Light","-0.6","27.2","3200","2","30.6","30%","34.7","","Opened","7.315","4","Unsafe","Calm","0.0","46","17.6","12.4","1002.5","1013.8"
"2026-09-07","19:30:36","Clear","Dry","Very Light","-0.6","27.2","3200","2","30.6","30%","34.8","","Opened","7.402","4","Unsafe","Calm","0.0","46","17.6","12.4","1002.6","1014.0"
"2026-09-07","19:30:46","Clear","Dry","Very Light","-0.6","27.2","3233","2","30.6","30%","34.8","","Opened","7.341","4","Unsafe","Calm","0.0","46","17.6","12.4","1002.5","1013.8"
"2026-09-07","19:30:56","Clear","Dry","Very Light","-0.5","27.2","3264","2","30.6","30%","34.8","","Opened","7.426","4","Unsafe","Calm","0.0","46","17.6","12.4","1002.7","1014.0"
"2026-09-07","19:31:06","Clear","Dry","Very Light","-0.5","27.2","3328","2","30.6","30%","34.8","","Opened","7.360","4","Unsafe","Calm","0.0","45","17.5","12.5","1002.5","1013.8"
"2026-09-07","19:31:16","Clear","Dry","Very Light","-0.5","27.1","3328","2","30.6","30%","34.8","","Opened","7.307","4","Unsafe","Calm","0.0","45","17.4","12.5","1002.5","1013.8"
"2026-09-07","19:31:26","Clear","Dry","Very Light","-0.6","27.1","3328","2","30.6","30%","35.0","Heating DOWN","Opened","7.503","4","Unsafe","Calm","0.0","45","17.3","12.3","1002.5","1013.8"
"2026-09-07","19:31:36","Clear","Dry","Very Light","-0.7","27.1","3328","2","30.5","29%","35.0","Heating DOWN","Opened","7.497","4","Unsafe","Calm","0.0","45","17.2","12.3","1002.5","1013.8"
"2026-09-07","19:31:46","Clear","Dry","Very Light","-0.6","27.1","3200","2","30.6","28%","35.0","Heating DOWN","Opened","7.494","4","Unsafe","Calm","0.0","45","17.2","12.4","1002.5","1013.8"
"2026-09-07","19:31:56","Clear","Dry","Very Light","-0.5","27.1","3200","2","30.5","27%","34.8","","Opened","7.516","4","Unsafe","Calm","0.0","45","17.2","12.5","1002.6","1013.9"
"2026-09-07","19:32:06","Clear","Dry","Very Light","-0.2","27.1","3200","2","30.5","27%","34.8","Heating DOWN","Opened","7.427","4","Unsafe","Calm","0.0","44","16.9","12.7","1002.4","1013.8"
"2026-09-07","19:32:16","Clear","Dry","Very Light","-0.4","27.1","3328","2","30.5","26%","34.7","","Opened","7.301","4","Unsafe","Calm","0.0","43","16.5","12.6","1002.5","1013.8"
"2026-09-07","19:32:26","Clear","Dry","Very Light","-0.1","27.1","3328","2","30.4","26%","34.6","","Opened","7.378","4","Unsafe","Calm","0.0","43","16.5","12.7","1002.5","1013.8"
"2026-09-07","19:32:36","Clear","Dry","Very Light","-0.3","27.2","3328","2","30.4","26%","34.5","","Opened","7.330","4","Unsafe","Calm","0.0","43","16.4","12.6","1002.5","1013.8"
"2026-09-07","19:32:46","Clear","Dry","Very Light","-0.3","27.2","3328","2","30.4","26%","34.4","","Opened","7.277","4","Unsafe","Calm","0.0","43","16.3","12.5","1002.5","1013.8"
"2026-09-07","19:32:56","Clear","Dry","Very Light","-0.3","27.2","3328","2","30.4","26%","34.4","","Opened","7.500","4","Unsafe","Calm","0.0","43","16.3","12.6","1002.5","1013.8"
"2026-09-07","19:33:06","Clear","Dry","Very Light","-0.2","27.2","3328","2","30.3","26%","34.3","","Opened","7.295","4","Unsafe","Calm","0.0","43","16.2","12.6","1002.5","1013.8"
"2026-09-07","19:33:16","Clear","Dry","Very Light","-0.1","27.2","3328","2","30.3","26%","34.3","","Opened","7.379","4","Unsafe","Calm","0.0","42","16.0","12.8","1002.6","1013.9"
"2026-09-07","19:33:26","Clear","Dry","Very Light","-0.4","27.2","3328","2","30.3","26%","34.2","","Opened","7.323","4","Unsafe","Calm","0.0","42","15.9","12.4","1002.5","1013.8"
"2026-09-07","19:33:36","Clear","Dry","Very Light","-0.3","27.2","3328","2","30.3","26%","34.2","","Opened","7.274","4","Unsafe","Calm","0.0","42","16.0","12.5","1002.4","1013.8"
"2026-09-07","19:33:46","Clear","Dry","Very Light","-0.4","27.2","3328","2","30.3","26%","34.1","","Opened","7.340","4","Unsafe","Calm","0.0","42","15.9","12.4","1002.5","1013.8"
"2026-09-07","19:33:56","Clear","Dry","Very Light","-0.3","27.2","3328","2","30.2","26%","34.1","","Opened","7.416","4","Unsafe","Calm","0.0","42","16.0","12.4","1002.5","1013.8"
"2026-09-07","19:34:06","Clear","Dry","Very Light","-0.2","27.2","3328","2","30.2","26%","34.0","","Opened","7.344","4","Unsafe","Calm","0.0","42","15.9","12.6","1002.5","1013.8"
"2026-09-07","19:34:16","Clear","Dry","Very Light","-0.2","27.2","3328","2","30.2","26%","34.0","","Opened","7.290","4","Unsafe","Calm","0.0","42","15.9","12.6","1002.5","1013.8"
"2026-09-07","19:34:26","Clear","Dry","Very Light","-0.2","27.2","3328","2","30.2","26%","33.8","Heating UP","Opened","7.479","4","Unsafe","Calm","0.0","42","15.8","12.6","1002.5","1013.8"
"2026-09-07","19:34:36","Clear","Dry","Very Light","0.0","27.2","3200","2","30.2","27%","33.8","Heating UP","Opened","7.474","4","Unsafe","Calm","0.0","42","15.8","12.7","1002.5","1013.8"
"2026-09-07","19:34:46","Clear","Dry","Very Light","-0.2","27.2","3243","2","30.1","28%","33.7","Heating UP","Opened","7.475","4","Unsafe","Calm","0.0","42","15.7","12.6","1002.6","1013.9"
"2026-09-07","19:34:56","Clear","Dry","Very Light","-0.4","27.2","3328","2","30.1","29%","33.7","Heating UP","Opened","7.600","4","Unsafe","Calm","0.0","42","15.7","12.4","1002.6","1013.9"
"2026-09-07","19:35:06","Clear","Dry","Very Light","-0.1","27.2","3328","2","30.1","30%","33.7","Heating UP","Opened","7.447","4","Unsafe","Calm","0.0","42","15.7","12.6","1002.6","1013.9"
"2026-09-07","19:35:16","Clear","Dry","Very Light","-0.4","27.2","3200","2","30.1","30%","33.7","Heating UP","Opened","7.435","4","Unsafe","Calm","0.0","42","15.7","12.3","1002.5","1013.8"
"2026-09-07","19:35:26","Clear","Dry","Very Light","-0.4","27.2","3243","2","30.0","31%","33.7","","Opened","7.299","4","Unsafe","Calm","0.0","42","15.7","12.3","1002.5","1013.9"
"2026-09-07","19:35:36","Clear","Dry","Very Light","-0.3","27.2","3242","2","30.0","31%","33.8","","Opened","7.380","4","Unsafe","Calm","0.0","42","15.7","12.4","1002.5","1013.9"
"2026-09-07","19:35:46","Clear","Dry","Very Light","-0.2","27.2","3243","2","30.0","31%","33.8","","Opened","7.330","4","Unsafe","Calm","0.0","42","15.7","12.5","1002.6","1013.9"
"2026-09-07","19:35:56","Clear","Dry","Very Light","-0.2","27.2","3243","2","30.0","31%","33.8","","Opened","7.417","4","Unsafe","Calm","0.0","42","15.6","12.5","1002.6","1013.9"
"2026-09-07","19:36:06","Clear","Dry","Very Light","-0.3","27.2","3243","2","30.0","31%","33.8","","Opened","7.344","4","Unsafe","Calm","0.0","42","15.6","12.3","1002.6","1013.9"
"2026-09-07","19:36:16","Clear","Dry","Very Light","-0.3","27.2","3242","2","29.9","31%","33.8","","Opened","7.294","4","Unsafe","Calm","0.0","42","15.6","12.3","1002.5","1013.9"
"2026-09-07","19:36:26","Clear","Dry","Very Light","-0.4","27.2","3243","2","30.0","31%","33.8","","Opened","7.361","4","Unsafe","Calm","0.0","42","15.6","12.2","1002.6","1013.9"
"2026-09-07","19:36:36","Clear","Dry","Very Light","-0.4","27.2","3243","2","29.9","31%","33.8","","Opened","7.294","4","Unsafe","Calm","0.0","42","15.6","12.2","1002.5","1013.9"
"2026-09-07","19:36:46","Clear","Dry","Very Light","-0.4","27.2","3243","2","29.9","31%","33.8","","Opened","7.373","4","Unsafe","Calm","0.0","42","15.6","12.2","1002.5","1013.9"
"2026-09-07","19:36:56","Clear","Dry","Very Light","-0.5","27.2","3243","2","29.9","31%","34.0","","Opened","7.455","4","Unsafe","Calm","0.0","42","15.6","12.2","1002.6","1013.9"
"2026-09-07","19:37:06","Clear","Dry","Very Light","-0.4","27.2","3242","2","29.9","31%","34.0","","Opened","7.382","4","Unsafe","Calm","0.0","42","15.6","12.2","1002.5","1013.9"
"2026-09-07","19:37:16","Clear","Dry","Very Light","-0.3","27.1","3242","2","29.9","31%","34.1","","Opened","7.306","4","Unsafe","Calm","0.0","42","15.6","12.3","1002.5","1013.9"
"2026-09-07","19:37:26","Clear","Dry","Very Light","-0.2","27.1","3243","2","29.9","31%","34.1","","Opened","7.403","4","Unsafe","Calm","0.0","42","15.6","12.4","1002.4","1013.8"
"2026-09-07","19:37:36","Clear","Dry","Very Light","-0.6","27.1","3243","2","29.9","31%","34.1","","Opened","7.343","4","Unsafe","Calm","0.0","42","15.6","12.0","1002.6","1013.9"
"2026-09-07","19:37:46","Clear","Dry","Very Light","-0.3","27.1","3244","2","29.8","31%","34.1","","Opened","7.296","4","Unsafe","Calm","0.0","42","15.6","12.3","1002.5","1013.9"
"2026-09-07","19:37:56","Clear","Dry","Very Light","-0.3","27.1","3243","2","29.8","31%","34.1","","Opened","7.507","4","Unsafe","Calm","0.0","42","15.6","12.2","1002.5","1013.9"
"2026-09-07","19:38:06","Clear","Dry","Very Light","-0.3","27.1","3242","2","29.8","31%","34.1","","Opened","7.306","4","Unsafe","Calm","0.0","42","15.6","12.3","1002.6","1014.0"
"2026-09-07","19:38:16","Clear","Dry","Very Light","-0.2","27.1","3246","2","29.8","31%","34.1","","Opened","7.381","4","Unsafe","Calm","0.0","42","15.5","12.3","1002.5","1013.9"
"2026-09-07","19:38:26","Clear","Dry","Very Light","-0.5","27.1","3242","2","29.8","31%","34.1","Heating DOWN","Opened","7.431","4","Unsafe","Calm","0.0","42","15.5","12.0","1002.6","1013.9"
"2026-09-07","19:38:36","Clear","Dry","Very Light","-0.5","27.0","3200","2","29.7","30%","34.0","","Opened","7.314","4","Unsafe","Calm","0.0","42","15.5","12.1","1002.6","1013.9"
"2026-09-07","19:38:46","Clear","Dry","Very Light","-0.1","27.1","3200","2","29.7","30%","34.0","","Opened","7.396","4","Unsafe","Calm","0.0","42","15.5","12.4","1002.5","1013.9"
"2026-09-07","19:38:56","Clear","Dry","Very Light","-0.2","27.1","3200","2","29.7","30%","33.8","","Opened","7.483","4","Unsafe","Calm","0.0","42","15.5","12.3","1002.7","1014.1"
"2026-09-07","19:39:06","Clear","Dry","Very Light","0.0","27.1","3200","2","29.7","30%","33.8","","Opened","7.286","4","Unsafe","Calm","0.0","42","15.5","12.5","1002.6","1013.9"
"2026-09-07","19:39:16","Clear","Dry","Very Light","-0.1","27.2","3200","2","29.7","30%","33.6","","Opened","7.353","4","Unsafe","Calm","0.6","42","15.5","12.4","1002.5","1013.9"
"2026-09-07","19:39:26","Clear","Dry","Very Light","-0.3","27.2","3200","2","29.6","30%","33.6","","Opened","7.302","4","Unsafe","Calm","0.6","42","15.5","12.2","1002.5","1013.9"
"2026-09-07","19:39:36","Clear","Dry","Very Light","-0.3","27.2","3200","2","29.6","30%","33.6","","Opened","7.377","4","Unsafe","Calm","0.6","42","15.5","12.1","1002.6","1013.9"
"2026-09-07","19:39:46","Clear","Dry","Very Light","-0.4","27.2","3200","2","29.6","30%","33.6","","Opened","7.321","4","Unsafe","Calm","0.6","43","15.5","12.0","1002.6","1013.9"
"2026-09-07","19:39:56","Clear","Dry","Very Light","-0.4","27.1","3200","2","29.6","30%","33.6","","Opened","7.541","4","Unsafe","Calm","0.6","43","15.7","12.0","1002.5","1013.9"
"2026-09-07","19:40:06","Clear","Dry","Very Light","-0.6","27.1","3200","2","29.6","30%","33.6","","Opened","7.345","4","Unsafe","Calm","0.6","43","15.8","11.8","1002.5","1013.9"
"2026-09-07","19:40:16","Clear","Dry","Very Light","-0.6","27.0","3200","2","29.5","30%","33.6","","Opened","7.286","4","Unsafe","Calm","0.0","44","15.8","11.9","1002.6","1013.9"
"2026-09-07","19:40:26","Clear","Dry","Very Light","-0.5","27.0","3200","2","29.5","30%","33.6","","Opened","7.360","4","Unsafe","Calm","0.0","44","15.8","11.9","1002.6","1013.9"
"2026-09-07","19:40:36","Clear","Dry","Very Light","-0.6","27.0","3200","2","29.5","30%","33.6","","Opened","7.306","4","Unsafe","Calm","0.0","44","15.9","11.8","1002.6","1014.0"
"2026-09-07","19:40:46","Clear","Dry","Very Light","-0.6","26.9","3200","2","29.4","30%","33.6","","Opened","7.386","4","Unsafe","Calm","0.0","44","15.8","11.8","1002.5","1013.9"
"2026-09-07","19:40:56","Clear","Dry","Very Light","-0.4","26.9","3200","2","29.4","30%","33.6","","Opened","7.460","4","Unsafe","Calm","0.0","44","15.8","11.9","1002.6","1013.9"
"2026-09-07","19:41:06","Clear","Dry","Very Light","-0.6","26.9","3200","2","29.4","30%","33.6","","Opened","7.263","4","Unsafe","Calm","0.0","43","15.7","11.8","1002.5","1013.9"
"2026-09-07","19:41:16","Clear","Dry","Very Light","-0.5","26.9","3200","2","29.4","30%","33.7","Heating DOWN","Opened","7.443","4","Unsafe","Calm","0.0","43","15.7","11.8","1002.6","1013.9"
"2026-09-07","19:41:26","Clear","Dry","Very Light","-0.5","26.8","3328","2","29.4","30%","33.7","Heating DOWN","Opened","7.431","4","Unsafe","Calm","0.0","44","15.7","11.9","1002.6","1013.9"
"2026-09-07","19:41:36","Clear","Dry","Very Light","-0.2","26.8","3328","2","29.4","29%","33.7","Heating DOWN","Opened","7.422","4","Unsafe","Calm","0.0","43","15.7","12.1","1002.6","1014.0"
"2026-09-07","19:41:46","Clear","Dry","Very Light","-0.2","26.8","3243","2","29.4","28%","33.7","Heating DOWN","Opened","7.401","4","Unsafe","Calm","0.0","43","15.6","12.1","1002.6","1013.9"
"2026-09-07","19:41:56","Clear","Dry","Very Light","-0.3","26.8","3200","2","29.3","27%","33.7","Heating DOWN","Opened","7.542","4","Unsafe","Calm","0.0","43","15.6","12.0","1002.6","1013.9"
"2026-09-07","19:42:06","Clear","Dry","Very Light","-0.2","26.8","3328","2","29.3","26%","33.6","","Opened","7.285","4","Unsafe","Calm","0.0","43","15.5","12.1","1002.6","1013.9"
"2026-09-07","19:42:16","Clear","Dry","Very Light","-0.6","26.8","3328","2","29.3","26%","33.6","","Opened","7.340","4","Unsafe","Calm","0.0","43","15.5","11.8","1002.6","1014.0"
"2026-09-07","19:42:26","Clear","Dry","Very Light","-0.6","26.8","3328","2","29.3","26%","33.6","","Opened","7.301","4","Unsafe","Calm","0.0","43","15.5","11.7","1002.6","1013.9"
"2026-09-07","19:42:36","Clear","Dry","Very Light","-0.7","26.8","3328","2","29.3","26%","33.6","Heating DOWN","Opened","7.499","4","Unsafe","Calm","0.0","43","15.5","11.6","1002.6","1014.0"
"2026-09-07","19:42:46","Clear","Dry","Very Light","-0.3","26.7","3328","2","29.3","25%","33.6","Heating DOWN","Opened","7.475","4","Unsafe","Calm","0.0","43","15.4","12.0","1002.6","1013.9"
"2026-09-07","19:42:56","Clear","Dry","Very Light","-0.7","26.7","3243","2","29.3","24%","33.5","","Opened","7.485","4","Unsafe","Calm","0.0","43","15.4","11.6","1002.5","1013.9"
"2026-09-07","19:43:06","Clear","Dry","Very Light","-0.5","26.7","3243","2","29.3","24%","33.5","","Opened","7.282","4","Unsafe","Calm","0.0","43","15.5","11.8","1002.6","1013.9"
"2026-09-07","19:43:16","Clear","Dry","Very Light","-0.7","26.7","3241","2","29.3","24%","33.4","","Opened","7.345","4","Unsafe","Calm","0.0","43","15.4","11.6","1002.6","1013.9"
"2026-09-07","19:43:26","Clear","Dry","Very Light","-0.5","26.7","3243","2","29.3","24%","33.4","","Opened","7.297","4","Unsafe","Calm","0.0","43","15.5","11.8","1002.6","1013.9"
"2026-09-07","19:43:36","Clear","Dry","Very Light","-0.6","26.7","3243","2","29.3","24%","33.3","","Opened","7.373","4","Unsafe","Calm","0.0","43","15.5","11.7","1002.6","1013.9"
"2026-09-07","19:43:46","Clear","Dry","Very Light","-0.7","26.6","3242","2","29.3","24%","33.3","","Opened","7.325","4","Unsafe","Calm","0.0","43","15.5","11.6","1002.6","1013.9"
"2026-09-07","19:43:56","Clear","Dry","Very Light","-0.7","26.6","3243","2","29.2","24%","33.3","","Opened","7.426","4","Unsafe","Calm","0.0","43","15.5","11.6","1002.6","1013.9"
"2026-09-07","19:44:06","Clear","Dry","Very Light","-0.5","26.6","3242","2","29.2","24%","33.3","","Opened","7.351","4","Unsafe","Calm","0.0","43","15.4","11.8","1002.6","1014.0"
"2026-09-07","19:44:16","Clear","Dry","Very Light","-0.5","26.6","3242","2","29.2","24%","33.3","","Opened","7.296","4","Unsafe","Calm","0.0","43","15.4","11.8","1002.6","1014.0"
"2026-09-07","19:44:26","Clear","Dry","Very Light","-0.5","26.6","3243","2","29.2","24%","33.2","","Opened","7.380","4","Unsafe","Calm","0.0","43","15.4","11.7","1002.6","1013.9"
"2026-09-07","19:44:36","Clear","Dry","Very Light","-0.4","26.6","3243","2","29.2","24%","33.1","","Opened","7.324","4","Unsafe","Calm","0.0","43","15.4","11.9","1002.6","1013.9"
"2026-09-07","19:44:46","Clear","Dry","Very Light","-0.5","26.5","3243","2","29.2","24%","33.0","","Opened","7.272","4","Unsafe","Calm","0.0","43","15.3","11.7","1002.6","1013.9"
"2026-09-07","19:44:56","Clear","Dry","Very Light","-0.5","26.6","3243","2","29.2","24%","33.0","","Opened","7.496","4","Unsafe","Calm","0.0","43","15.3","11.7","1002.6","1013.9"
"2026-09-07","19:45:06","Clear","Dry","Very Light","-0.6","26.5","3242","2","29.1","24%","33.0","","Opened","7.292","4","Unsafe","Calm","0.0","43","15.3","11.6","1002.6","1014.0"
"2026-09-07","19:45:16","Clear","Dry","Very Light","-0.4","26.5","3243","2","29.1","24%","33.0","","Opened","7.357","4","Unsafe","Calm","0.0","43","15.3","11.8","1002.6","1013.9"
"2026-09-07","19:45:26","Clear","Dry","Very Light","-0.5","26.5","3243","2","29.1","24%","32.9","","Opened","7.315","4","Unsafe","Calm","0.0","43","15.3","11.7","1002.6","1014.0"
"2026-09-07","19:45:36","Clear","Dry","Very Light","-0.6","26.4","3242","2","29.1","24%","32.9","","Opened","7.386","4","Unsafe","Calm","0.0","43","15.2","11.6","1002.6","1013.9"
"2026-09-07","19:45:46","Clear","Dry","Very Light","-0.4","26.4","3243","2","29.1","24%","32.8","Heating UP","Opened","7.459","4","Unsafe","Calm","0.0","43","15.2","11.8","1002.6","1014.0"
"2026-09-07","19:45:56","Clear","Dry","Very Light","-0.4","26.4","3328","2","29.1","25%","32.8","Heating UP","Opened","7.595","4","Unsafe","Calm","0.0","43","15.2","11.8","1002.6","1014.0"
"2026-09-07","19:46:06","Clear","Dry","Very Light","-0.5","26.4","3328","2","29.0","26%","32.6","Heating UP","Opened","7.426","4","Unsafe","Calm","0.0","43","15.2","11.7","1002.6","1014.0"
"2026-09-07","19:46:16","Clear","Dry","Very Light","-0.5","26.4","3200","2","29.0","27%","32.6","Heating UP","Opened","7.420","4","Unsafe","Calm","0.0","43","15.2","11.7","1002.6","1014.0"
"2026-09-07","19:46:26","Clear","Dry","Very Light","-0.4","26.4","3243","2","29.0","28%","32.5","Heating UP","Opened","7.413","4","Unsafe","Calm","0.0","43","15.2","11.7","1002.6","1014.0"
"2026-09-07","19:46:36","Clear","Dry","Very Light","-0.3","26.4","3328","2","29.0","29%","32.5","Heating UP","Opened","7.413","4","Unsafe","Calm","0.0","43","15.2","11.9","1002.6","1014.0"
"2026-09-07","19:46:46","Clear","Dry","Very Light","-0.6","26.4","3328","2","29.0","30%","32.4","Heating UP","Opened","7.408","4","Unsafe","Calm","0.0","43","15.2","11.5","1002.6","1014.0"
"2026-09-07","19:46:56","Clear","Dry","Very Light","-0.4","26.4","3243","2","28.9","31%","32.4","Heating UP","Opened","7.541","4","Unsafe","Calm","0.0","43","15.1","11.7","1002.6","1014.0"
"2026-09-07","19:47:06","Clear","Dry","Very Light","-0.4","26.4","3328","2","28.9","33%","32.4","Heating UP","Opened","7.391","4","Unsafe","Calm","0.0","43","15.1","11.7","1002.6","1014.0"
"2026-09-07","19:47:16","Clear","Dry","Very Light","-0.5","26.4","3200","2","28.9","34%","32.5","","Opened","7.396","4","Unsafe","Calm","0.0","43","15.1","11.5","1002.6","1014.0"
"2026-09-07","19:47:26","Clear","Dry","Very Light","-0.5","26.4","3200","2","28.9","34%","32.5","Heating UP","Opened","7.459","4","Unsafe","Calm","0.0","43","15.1","11.6","1002.6","1014.0"
"2026-09-07","19:47:36","Clear","Dry","Very Light","-0.5","26.4","3251","2","28.8","35%","32.6","","Opened","7.321","4","Unsafe","Calm","0.0","43","15.1","11.5","1002.6","1014.0"
"2026-09-07","19:47:46","Clear","Dry","Very Light","-0.6","26.4","3251","2","28.8","35%","32.8","","Opened","7.271","4","Unsafe","Calm","0.0","43","15.1","11.4","1002.6","1014.0"
"2026-09-07","19:47:56","Clear","Dry","Very Light","-0.4","26.4","3251","2","28.8","35%","32.9","","Opened","7.491","4","Unsafe","Calm","0.0","43","15.1","11.6","1002.7","1014.1"
"2026-09-07","19:48:06","Clear","Dry","Very Light","-0.4","26.3","3251","2","28.8","35%","32.9","","Opened","7.267","4","Unsafe","Calm","0.0","43","15.1","11.6","1002.8","1014.2"
"2026-09-07","19:48:16","Clear","Dry","Very Light","-0.4","26.3","3253","2","28.8","35%","33.0","","Opened","7.333","4","Unsafe","Calm","0.0","43","15.1","11.6","1002.6","1014.0"
"2026-09-07","19:48:26","Clear","Dry","Very Light","-0.4","26.4","3255","2","28.8","35%","33.0","","Opened","7.290","4","Unsafe","Calm","0.0","43","15.1","11.6","1002.6","1014.0"
"2026-09-07","19:48:36","Clear","Dry","Very Light","-0.5","26.4","3255","2","28.7","35%","33.0","","Opened","7.366","4","Unsafe","Calm","0.0","43","15.1","11.5","1002.6","1014.0"
"2026-09-07","19:48:46","Clear","Dry","Very Light","-0.4","26.4","3255","2","28.7","35%","33.0","","Opened","7.311","4","Unsafe","Calm","0.0","43","15.1","11.6","1002.6","1014.0"
"2026-09-07","19:48:56","Clear","Dry","Very Light","-0.5","26.3","3255","2","28.7","35%","33.0","","Opened","7.544","4","Unsafe","Calm","0.0","43","15.1","11.5","1002.7","1014.1"
"2026-09-07","19:49:06","Clear","Dry","Very Light","-0.6","26.3","3258","2","28.7","35%","33.1","Heating DOWN","Opened","7.446","4","Unsafe","Calm","0.0","43","15.1","11.4","1002.6","1014.0"
"2026-09-07","19:49:16","Clear","Wet","Very Light","-0.5","26.3","3200","2","28.7","34%","33.1","Heating DOWN","Opened","7.443","4","Unsafe","Calm","0.0","43","15.1","11.5","1002.6","1014.0"
"2026-09-07","19:49:26","Clear","Dry","Very Light","-0.6","26.3","3328","2","28.7","33%","33.2","Heating DOWN","Opened","7.434","4","Unsafe","Calm","0.0","43","15.1","11.4","1002.6","1014.0"
"2026-09-07","19:49:36","Clear","Dry","Very Light","-0.6","26.3","3328","2","28.7","32%","33.2","Heating DOWN","Opened","7.436","4","Unsafe","Calm","0.0","43","15.0","11.3","1002.7","1014.1"
"2026-09-07","19:49:46","Clear","Dry","Very Light","-0.5","26.3","3201","2","28.7","30%","33.3","Heating DOWN","Opened","7.404","4","Unsafe","Calm","0.0","43","15.0","11.4","1002.6","1014.0"
"2026-09-07","19:49:56","Clear","Dry","Very Light","-0.7","26.3","3328","2","28.6","29%","33.3","Heating DOWN","Opened","7.655","4","Unsafe","Calm","0.0","43","15.0","11.3","1002.6","1014.0"
"2026-09-07","19:50:06","Clear","Dry","Very Light","-0.5","26.2","3200","2","28.6","27%","33.3","Heating DOWN","Opened","7.497","4","Unsafe","Calm","0.0","43","15.0","11.4","1002.6","1014.0"
"2026-09-07","19:50:16","Clear","Dry","Very Light","-0.5","26.2","3328","2","28.6","25%","33.3","Heating DOWN","Opened","7.480","4","Unsafe","Calm","0.0","43","15.0","11.5","1002.6","1014.0"
"2026-09-07","19:50:26","Clear","Dry","Very Light","-0.6","26.2","3200","2","28.6","23%","33.2","","Opened","7.358","4","Unsafe","Calm","0.0","44","15.0","11.3","1002.6","1014.0"
"2026-09-07","19:50:36","Clear","Dry","Very Light","-0.4","26.2","3200","2","28.6","23%","33.2","Heating DOWN","Opened","7.411","4","Unsafe","Calm","0.0","44","15.0","11.5","1002.6","1014.0"
"2026-09-07","19:50:46","Clear","Dry","Very Light","-0.5","26.2","3328","2","28.6","21%","33.0","","Opened","7.281","4","Unsafe","Calm","0.0","44","15.1","11.4","1002.6","1014.0"
"2026-09-07","19:50:56","Clear","Dry","Very Light","-0.4","26.1","3328","2","28.6","21%","32.9","","Opened","7.501","4","Unsafe","Calm","0.0","44","15.0","11.5","1002.6","1014.0"
"2026-09-07","19:51:06","Clear","Dry","Very Light","-0.4","26.2","3328","2","28.6","21%","32.8","","Opened","7.291","4","Unsafe","Calm","0.0","44","15.1","11.5","1002.6","1014.0"
"2026-09-07","19:51:16","Clear","Dry","Very Light","-0.5","26.2","3328","2","28.5","21%","32.6","","Opened","7.374","4","Unsafe","Calm","0.0","44","15.0","11.4","1002.7","1014.1"
"2026-09-07","19:51:26","Clear","Dry","Very Light","-0.5","26.2","3328","2","28.5","21%","32.5","","Opened","7.321","4","Unsafe","Calm","0.0","44","15.1","11.3","1002.6","1014.0"
"2026-09-07","19:51:36","Clear","Dry","Very Light","-0.6","26.1","3328","2","28.5","21%","32.4","","Opened","7.393","4","Unsafe","Calm","0.0","44","15.0","11.3","1002.6","1014.0"
"2026-09-07","19:51:46","Clear","Dry","Very Light","-0.6","26.1","3328","2","28.5","21%","32.4","","Opened","7.342","4","Unsafe","Calm","0.0","44","15.0","11.3","1002.6","1014.0"
"2026-09-07","19:51:56","Clear","Dry","Very Light","-0.6","26.1","3328","2","28.5","21%","32.3","","Opened","7.427","4","Unsafe","Calm","0.0","44","15.0","11.3","1002.6","1014.0"
"2026-09-07","19:52:06","Clear","Dry","Very Light","-0.4","26.1","3328","2","28.5","21%","32.2","","Opened","7.354","4","Unsafe","Calm","0.0","44","15.1","11.5","1002.7","1014.1"
"2026-09-07","19:52:16","Clear","Dry","Very Light","-0.5","26.1","3328","2","28.5","21%","32.2","","Opened","7.299","4","Unsafe","Calm","0.0","44","15.0","11.3","1002.6","1014.0"
"2026-09-07","19:52:26","Clear","Dry","Very Light","-0.5","26.0","3328","2","28.5","21%","32.1","Heating UP","Opened","7.486","4","Unsafe","Calm","0.0","44","15.0","11.4","1002.6","1014.0"
"2026-09-07","19:52:36","Clear","Dry","Very Light","-0.5","26.0","3328","2","28.4","22%","32.1","Heating UP","Opened","7.470","4","Unsafe","Calm","0.0","44","15.0","11.4","1002.6","1014.0"
"2026-09-07","19:52:46","Clear","Dry","Very Light","-0.5","26.0","3200","2","28.4","23%","32.0","Heating UP","Opened","7.473","4","Unsafe","Calm","0.0","44","15.0","11.3","1002.6","1014.0"
"2026-09-07","19:52:56","Clear","Dry","Very Light","-0.4","26.0","3242","2","28.4","24%","32.0","Heating UP","Opened","7.601","4","Unsafe","Calm","0.0","44","15.0","11.4","1002.6","1014.0"
"2026-09-07","19:53:06","Clear","Dry","Very Light","-0.6","26.0","3328","2","28.4","25%","32.0","Heating UP","Opened","7.447","4","Unsafe","Calm","0.0","44","15.0","11.2","1002.6","1014.0"
"2026-09-07","19:53:16","Clear","Dry","Very Light","-0.3","26.0","3328","2","28.4","26%","31.9","Heating UP","Opened","7.427","4","Unsafe","Calm","0.0","44","15.0","11.5","1002.6","1014.0"
"2026-09-07","19:53:26","Clear","Dry","Very Light","-0.3","26.0","3200","2","28.4","27%","31.9","Heating UP","Opened","7.422","4","Unsafe","Calm","0.0","44","15.0","11.5","1002.6","1014.0"
"2026-09-07","19:53:36","Clear","Dry","Very Light","-0.4","26.0","3242","2","28.4","28%","31.9","Heating UP","Opened","7.413","4","Unsafe","Calm","0.0","44","15.0","11.4","1002.6","1014.0"
"2026-09-07","19:53:46","Clear","Dry","Very Light","-0.5","25.9","3328","2","28.4","29%","31.9","Heating UP","Opened","7.433","4","Unsafe","Calm","0.0","44","15.0","11.3","1002.7","1014.1"
"2026-09-07","19:53:56","Clear","Dry","Very Light","-0.4","25.9","3328","2","28.3","30%","32.0","","Opened","7.437","4","Unsafe","Calm","0.0","44","15.0","11.4","1002.7","1014.1"
"2026-09-07","19:54:06","Clear","Dry","Very Light","-0.5","25.9","3328","2","28.3","30%","32.0","Heating UP","Opened","7.480","4","Unsafe","Calm","0.0","44","15.0","11.3","1002.6","1014.0"
"2026-09-07","19:54:16","Clear","Dry","Very Light","-0.5","25.9","3200","3","28.3","30%","32.1","","Opened","7.362","4","Unsafe","Calm","0.0","44","15.0","11.3","1002.7","1014.1"
"2026-09-07","19:54:26","Clear","Dry","Very Light","-0.1","25.9","3200","5","28.3","30%","32.1","","Opened","7.307","4","Unsafe","Calm","0.0","44","15.0","11.6","1002.6","1014.0"
"2026-09-07","19:54:36","Clear","Dry","Light","-0.5","25.9","3200","7","28.3","30%","32.1","","Opened","7.389","4","Unsafe","Calm","0.0","44","15.1","11.2","1002.6","1014.0"
"2026-09-07","19:54:46","Clear","Dry","Light","-0.4","25.9","3200","9","28.3","30%","32.1","","Opened","7.338","4","Unsafe","Calm","0.0","44","15.0","11.4","1002.7","1014.1"
"2026-09-07","19:54:56","Clear","Dry","Light","-0.6","25.9","3200","11","28.3","30%","32.1","","Opened","7.513","4","Unsafe","Calm","0.0","44","15.0","11.2","1002.7","1014.1"
"2026-09-07","19:55:06","Clear","Dry","Light","-0.3","25.8","3200","13","28.3","30%","32.2","","Opened","7.312","4","Unsafe","Calm","0.0","44","15.0","11.4","1002.6","1014.0"
"2026-09-07","19:55:16","Clear","Dry","Light","-0.5","25.8","3200","15","28.2","30%","32.3","","Opened","7.378","4","Unsafe","Calm","0.0","44","15.0","11.2","1002.6","1014.0"
"2026-09-07","19:55:26","Clear","Dry","Light","-0.3","25.8","3200","18","28.2","30%","32.3","","Opened","7.360","4","Unsafe","Calm","0.0","44","15.0","11.5","1002.6","1014.0"
"2026-09-07","19:55:36","Clear","Dry","Light","-0.5","25.8","3200","20","28.2","30%","32.3","","Opened","7.316","4","Unsafe","Calm","0.0","45","15.0","11.2","1002.6","1014.0"
"2026-09-07","19:55:46","Clear","Dry","Light","-0.6","25.8","3200","23","28.2","30%","32.4","","Opened","7.381","4","Unsafe","Calm","0.0","45","15.0","11.1","1002.6","1014.0"
"2026-09-07","19:55:56","Clear","Dry","Light","-0.4","25.8","3200","25","28.2","30%","32.4","","Opened","7.491","4","Unsafe","Calm","0.0","44","15.0","11.3","1002.7","1014.1"
"2026-09-07","19:56:06","Clear","Dry","Light","-0.3","25.8","3200","28","28.2","30%","32.4","","Opened","7.476","4","Unsafe","Calm","0.0","45","15.0","11.4","1002.6","1014.0"
"2026-09-07","19:56:16","Clear","Dry","Light","-0.6","25.8","3200","31","28.2","30%","32.4","","Opened","7.454","4","Unsafe","Calm","0.0","45","15.0","11.1","1002.8","1014.2"
"2026-09-07","19:56:26","Clear","Dry","Light","-0.5","25.7","3200","34","28.2","30%","32.5","Heating DOWN","Opened","7.453","4","Unsafe","Calm","0.0","45","15.0","11.2","1002.7","1014.1"
"2026-09-07","19:56:36","Clear","Dry","Light","-0.6","25.7","3328","37","28.2","30%","32.5","Heating DOWN","Opened","7.445","4","Unsafe","Calm","0.0","45","15.0","11.1","1002.7","1014.1"
"2026-09-07","19:56:46","Clear","Dry","Light","-0.5","25.7","3328","40","28.1","29%","32.6","Heating DOWN","Opened","7.448","4","Unsafe","Calm","0.0","45","15.0","11.1","1002.6","1014.0"
"2026-09-07","19:56:56","Clear","Dry","Light","-0.7","25.6","3250","44","28.2","28%","32.6","Heating DOWN","Opened","7.636","4","Unsafe","Calm","0.0","45","15.0","11.0","1002.6","1014.0"
"2026-09-07","19:57:06","Clear","Dry","Light","-0.7","25.6","3200","47","28.2","27%","32.8","Heating DOWN","Opened","7.435","4","Unsafe","Calm","0.0","44","15.0","11.0","1002.6","1014.0"
"2026-09-07","19:57:16","Clear","Dry","Light","-0.7","25.6","3328","51","28.1","25%","32.8","Heating DOWN","Opened","7.421","4","Unsafe","Calm","0.0","44","14.9","11.0","1002.7","1014.1"
"2026-09-07","19:57:26","Clear","Dry","Light","-0.7","25.5","3200","55","28.1","23%","32.8","Heating DOWN","Opened","7.416","4","Unsafe","Calm","0.0","44","14.9","10.9","1002.6","1014.0"
"2026-09-07","19:57:36","Clear","Dry","Light","-0.7","25.5","3328","59","28.1","21%","32.6","","Opened","7.297","4","Unsafe","Calm","0.0","44","14.9","11.0","1002.6","1014.0"
"2026-09-07","19:57:46","Clear","Dry","Light","-0.7","25.5","3328","63","28.1","21%","32.6","Heating DOWN","Opened","7.394","4","Unsafe","Calm","0.0","44","14.9","10.9","1002.6","1014.0"
"2026-09-07","19:57:56","Clear","Dry","Light","-0.8","25.5","3243","68","28.2","20%","32.5","","Opened","7.437","4","Unsafe","Calm","0.0","44","14.9","10.9","1002.6","1014.0"
"2026-09-07","19:58:06","Clear","Dry","Light","-0.7","25.4","3243","73","28.1","20%","32.5","Heating DOWN","Opened","7.469","4","Unsafe","Calm","0.0","44","14.9","11.0","1002.7","1014.1"
"2026-09-07","19:58:16","Clear","Dry","Light","-0.6","25.4","3200","77","28.1","19%","32.4","","Opened","7.339","4","Unsafe","Calm","0.0","44","14.9","11.0","1002.8","1014.2"
"2026-09-07","19:58:26","Clear","Dry","Light","-0.7","25.4","3200","82","28.1","19%","32.3","","Opened","7.284","4","Unsafe","Calm","0.0","44","14.9","11.0","1002.7","1014.1"
"2026-09-07","19:58:36","Clear","Dry","Light","-0.7","25.4","3200","88","28.1","19%","32.2","","Opened","7.352","4","Unsafe","Calm","0.0","44","14.9","10.9","1002.7","1014.1"
"2026-09-07","19:58:46","Clear","Dry","Light","-0.7","25.3","3200","93","28.1","19%","32.2","","Opened","7.441","4","Unsafe","Calm","0.0","44","14.9","11.0","1002.6","1014.0"
"2026-09-07","19:58:58","Clear","Dry","Light","-0.7","25.3","3200","99","28.1","19%","32.1","","Opened","9.709","4","Unsafe","Calm","0.0","44","14.9","11.0","1002.8","1014.2"
"2026-09-07","19:59:06","Clear","Dry","Light","-0.7","25.3","3200","105","28.1","19%","32.1","","Opened","7.440","4","Unsafe","Calm","0.0","44","14.9","11.0","1002.7","1014.1"
"2026-09-07","19:59:16","Clear","Dry","Light","-0.7","25.3","3200","111","28.1","19%","32.0","","Opened","7.320","4","Unsafe","Calm","0.0","45","14.9","10.9","1002.8","1014.2"
"2026-09-07","19:59:26","Clear","Dry","Light","-0.7","25.3","3200","118","28.1","19%","31.9","","Opened","7.415","4","Unsafe","Calm","0.0","44","14.9","10.9","1002.8","1014.2"
"2026-09-07","19:59:36","Clear","Dry","Light","-0.8","25.2","3200","125","28.1","19%","31.9","","Opened","7.635","4","Unsafe","Calm","0.0","44","14.9","10.8","1002.6","1014.0"
"2026-09-07","19:59:46","Clear","Dry","Light","-0.9","25.2","3200","132","28.1","19%","31.9","","Opened","7.465","4","Unsafe","Calm","0.0","44","14.9","10.8","1002.6","1014.1"
"2026-09-07","19:59:57","Clear","Dry","Light","-0.8","25.2","3200","139","28.1","19%","31.8","","Opened","8.287","4","Unsafe","Calm","0.0","45","14.9","10.9","1002.6","1014.1"
"2026-09-07","20:00:07","Clear","Dry","Light","-0.8","25.2","3200","147","28.1","19%","31.8","Heating UP","Opened","7.926","4","Unsafe","Calm","0.0","45","14.9","10.9","1002.7","1014.1"
"2026-09-07","20:00:17","Clear","Dry","Light","-0.8","25.2","3226","156","28.1","20%","31.7","Heating UP","Opened","7.970","4","Unsafe","Calm","0.0","45","14.9","10.8","1002.7","1014.1"
"2026-09-07","20:00:26","Clear","Dry","Light","-0.9","25.1","3328","164","28.1","21%","31.7","Heating UP","Opened","7.795","4","Unsafe","Calm","0.0","45","14.9","10.8","1002.7","1014.1"
"2026-09-07","20:00:37","Clear","Dry","Light","-0.8","25.1","3328","173","28.1","22%","31.6","Heating UP","Opened","7.970","4","Unsafe","Calm","0.0","45","14.9","10.9","1002.7","1014.1"
"2026-09-07","20:00:46","Clear","Dry","Light","-0.7","25.1","3200","182","28.1","23%","31.6","Heating UP","Opened","7.643","4","Unsafe","Calm","0.0","45","14.9","11.0","1002.6","1014.1"
"2026-09-07","20:00:56","Clear","Dry","Light","-0.7","25.1","3227","192","28.1","24%","31.6","Heating UP","Opened","7.671","4","Unsafe","Calm","0.0","45","14.9","11.0","1002.6","1014.1"
"2026-09-07","20:01:06","Clear","Dry","Light","-0.8","25.1","3328","201","28.1","25%","31.5","Heating UP","Opened","7.402","4","Unsafe","Calm","0.0","45","14.9","10.8","1002.7","1014.1"
"2026-09-07","20:01:16","Clear","Dry","Light","-0.9","25.1","3200","212","28.0","27%","31.6","","Opened","7.374","4","Unsafe","Calm","0.0","45","14.9","10.7","1002.7","1014.1"
"2026-09-07","20:01:26","Clear","Dry","Light","-0.9","25.0","3200","223","28.0","27%","31.6","Heating UP","Opened","7.426","4","Unsafe","Calm","0.0","45","14.9","10.7","1002.6","1014.1"
"2026-09-07","20:01:36","Clear","Dry","Light","-0.8","25.0","3232","234","28.0","28%","31.6","Heating UP","Opened","7.405","4","Unsafe","Calm","0.0","45","14.9","10.8","1002.6","1014.1"
"2026-09-07","20:01:46","Clear","Dry","Light","-0.9","25.0","3328","246","28.0","29%","31.7","","Opened","7.349","4","Unsafe","Calm","0.0","45","14.9","10.8","1002.7","1014.1"
"2026-09-07","20:01:56","Clear","Dry","Light","-0.9","25.0","3328","258","28.0","29%","31.7","Heating UP","Opened","7.705","4","Unsafe","Calm","0.0","45","14.9","10.7","1002.7","1014.1"
"2026-09-07","20:02:06","Clear","Dry","Light","-0.8","25.0","3328","270","28.0","30%","31.8","","Opened","7.337","4","Unsafe","Calm","0.0","45","14.9","10.8","1002.6","1014.0"
"2026-09-07","20:02:16","Clear","Dry","Light","-0.9","24.9","3328","284","28.0","30%","31.8","","Opened","7.355","4","Unsafe","Calm","0.0","45","14.9","10.7","1002.6","1014.1"
"2026-09-07","20:02:26","Clear","Dry","Light","-0.7","24.9","3328","297","28.0","30%","31.9","","Opened","7.554","4","Unsafe","Calm","0.0","45","14.9","10.9","1002.7","1014.1"
"2026-09-07","20:02:36","Clear","Dry","Light","-0.9","24.9","3328","314","28.0","30%","31.9","","Opened","7.436","4","Unsafe","Calm","0.0","45","14.9","10.7","1002.7","1014.1"
"2026-09-07","20:02:46","Clear","Dry","Light","-0.7","24.9","3328","326","28.0","30%","31.9","","Opened","7.277","4","Unsafe","Calm","0.0","45","14.9","10.9","1002.7","1014.1"
"2026-09-07","20:02:56","Clear","Dry","Light","-0.8","24.9","3328","343","28.0","30%","32.0","","Opened","7.552","4","Unsafe","Calm","0.0","45","14.9","10.8","1002.7","1014.1"
"2026-09-07","20:03:06","Clear","Dry","Light","-0.8","24.9","3328","356","28.0","30%","32.0","","Opened","7.353","4","Unsafe","Calm","0.0","45","14.9","10.8","1002.8","1014.2"
"2026-09-07","20:03:16","Clear","Dry","Light","-0.8","24.9","3328","373","27.9","30%","32.0","","Opened","7.333","4","Unsafe","Calm","0.0","45","14.9","10.8","1002.7","1014.1"
"2026-09-07","20:03:26","Clear","Dry","Light","-0.9","24.9","3328","392","28.0","30%","32.1","","Opened","7.284","4","Unsafe","Calm","0.0","45","14.9","10.7","1002.7","1014.1"
"2026-09-07","20:03:36","Clear","Dry","Light","-0.8","24.9","3328","408","27.9","30%","32.0","","Opened","7.358","4","Unsafe","Calm","0.0","45","14.9","10.8","1002.8","1014.2"
"2026-09-07","20:03:46","Clear","Dry","Light","-0.9","24.9","3328","427","28.0","30%","32.0","","Opened","7.316","4","Unsafe","Calm","0.0","45","15.0","10.7","1002.7","1014.1"
"2026-09-07","20:03:56","Clear","Dry","Light","-0.9","24.9","3328","443","28.0","30%","32.1","","Opened","7.651","4","Unsafe","Calm","0.0","45","15.0","10.7","1002.6","1014.1"
"2026-09-07","20:04:06","Clear","Dry","Light","-0.9","24.9","3328","465","27.9","30%","32.1","","Opened","7.363","4","Unsafe","Calm","0.0","45","15.0","10.7","1002.7","1014.1"
"2026-09-07","20:04:16","Clear","Dry","Light","-0.7","24.9","3328","482","27.9","30%","32.1","","Opened","7.322","4","Unsafe","Calm","0.0","45","14.9","10.8","1002.7","1014.1"
"2026-09-07","20:04:26","Clear","Dry","Light","-0.6","24.9","3328","506","27.9","30%","32.1","","Opened","7.271","4","Unsafe","Calm","0.0","45","15.0","11.0","1002.6","1014.1"
"2026-09-07","20:04:36","Clear","Dry","Light","-0.7","24.9","3328","529","27.9","30%","32.1","","Opened","7.359","4","Unsafe","Calm","0.0","45","15.0","10.8","1002.7","1014.1"
"2026-09-07","20:04:46","Clear","Dry","Light","-0.8","24.9","3328","550","27.9","30%","32.1","","Opened","7.321","4","Unsafe","Calm","0.0","45","15.0","10.7","1002.6","1014.1"
"2026-09-07","20:04:56","Clear","Dry","Light","-0.8","24.9","3328","567","27.9","30%","32.1","","Opened","7.435","4","Unsafe","Calm","0.0","45","15.0","10.7","1002.8","1014.2"
"2026-09-07","20:05:06","Clear","Dry","Light","-0.9","24.9","3328","595","27.9","30%","32.1","","Opened","7.368","4","Unsafe","Calm","0.0","45","15.0","10.7","1002.6","1014.1"
"2026-09-07","20:05:16","Clear","Dry","Light","-0.8","24.9","3328","618","27.9","30%","32.1","","Opened","7.334","4","Unsafe","Calm","0.0","45","15.0","10.7","1002.6","1014.1"
"2026-09-07","20:05:26","Clear","Dry","Light","-0.9","24.9","3328","651","27.8","30%","32.2","Heating DOWN","Opened","7.439","4","Unsafe","Calm","0.0","46","15.0","10.7","1002.6","1014.1"
"2026-09-07","20:05:36","Clear","Dry","Light","-0.9","24.9","3328","669","27.9","29%","32.1","","Opened","7.324","4","Unsafe","Calm","0.0","46","15.1","10.7","1002.8","1014.2"
"2026-09-07","20:05:46","Clear","Dry","Light","-0.8","24.9","3328","703","27.8","29%","32.1","","Opened","7.415","4","Unsafe","Calm","0.0","46","15.0","10.7","1002.7","1014.1"
"2026-09-07","20:05:56","Clear","Dry","Light","-0.9","24.9","3328","729","27.9","29%","32.1","","Opened","7.561","4","Unsafe","Calm","0.0","46","15.1","10.7","1002.8","1014.2"
"2026-09-07","20:06:06","Clear","Dry","Light","-1.0","24.9","3328","762","27.8","29%","32.1","","Opened","7.335","4","Unsafe","Calm","0.0","46","15.1","10.6","1002.7","1014.1"
"2026-09-07","20:06:16","Clear","Dry","Light","-1.0","24.9","3328","786","27.8","29%","32.1","Heating DOWN","Opened","7.427","4","Unsafe","Calm","0.0","46","15.1","10.5","1002.7","1014.1"
"2026-09-07","20:06:26","Clear","Dry","Light","-0.9","24.9","3242","825","27.8","28%","32.1","","Opened","7.324","4","Unsafe","Calm","0.0","46","15.1","10.6","1002.8","1014.2"
"2026-09-07","20:06:36","Clear","Dry","Light","-0.9","24.8","3242","861","27.8","28%","32.1","Heating DOWN","Opened","7.505","4","Unsafe","Calm","0.0","46","15.0","10.6","1002.7","1014.1"
"2026-09-07","20:06:46","Clear","Dry","Light","-0.9","24.8","3200","899","27.8","27%","32.1","Heating DOWN","Opened","7.493","4","Unsafe","Calm","0.0","46","15.0","10.6","1002.6","1014.1"
"2026-09-07","20:06:56","Clear","Dry","Light","-0.9","24.8","3328","932","27.8","26%","32.1","Heating DOWN","Opened","7.682","4","Unsafe","Calm","0.0","46","15.0","10.6","1002.8","1014.2"
"2026-09-07","20:07:06","Clear","Dry","Light","-0.9","24.8","3328","967","27.8","25%","32.1","Heating DOWN","Opened","7.476","4","Unsafe","Calm","0.0","46","15.0","10.5","1002.8","1014.2"
"2026-09-07","20:07:16","Clear","Dry","Light","-0.9","24.8","3239","1005","27.8","24%","32.1","Heating DOWN","Opened","7.495","4","Unsafe","Calm","0.0","46","15.0","10.5","1002.7","1014.1"
"2026-09-07","20:07:26","Clear","Dry","Light","-1.0","24.8","3200","1046","27.8","23%","32.1","Heating DOWN","Opened","7.502","4","Unsafe","Calm","0.0","46","15.0","10.5","1002.7","1014.1"
"2026-09-07","20:07:36","Clear","Dry","Light","-1.0","24.7","3328","1090","27.8","22%","32.0","","Opened","7.411","4","Unsafe","Calm","0.0","46","15.0","10.5","1002.7","1014.1"
"2026-09-07","20:07:46","Clear","Dry","Light","-1.0","24.7","3328","1138","27.7","22%","32.0","","Opened","7.368","4","Unsafe","Calm","0.0","46","14.9","10.4","1002.8","1014.2"
"2026-09-07","20:07:56","Clear","Dry","Light","-0.7","24.7","3328","1189","27.7","22%","31.9","","Opened","7.521","4","Unsafe","Calm","0.0","46","15.0","10.7","1002.7","1014.1"
"2026-09-07","20:08:06","Clear","Dry","Light","-1.1","24.7","3328","1217","27.7","22%","31.8","","Opened","7.313","4","Unsafe","Calm","0.0","46","15.0","10.3","1002.7","1014.1"
"2026-09-07","20:08:16","Clear","Dry","Light","-1.1","24.7","3328","1276","27.7","22%","31.7","","Opened","7.272","4","Unsafe","Calm","0.0","46","15.0","10.4","1002.8","1014.2"
"2026-09-07","20:08:26","Clear","Dry","Light","-0.9","24.7","3328","1341","27.7","22%","31.7","","Opened","7.342","4","Unsafe","Calm","0.0","46","15.0","10.6","1002.7","1014.1"
"2026-09-07","20:08:36","Clear","Dry","Light","-1.1","24.7","3328","1376","27.7","22%","31.6","","Opened","7.295","4","Unsafe","Calm","0.0","46","15.0","10.3","1002.8","1014.3"
"2026-09-07","20:08:46","Clear","Dry","Light","-1.1","24.7","3328","1452","27.7","22%","31.6","","Opened","7.393","4","Unsafe","Calm","0.0","46","15.0","10.4","1002.7","1014.1"
"2026-09-07","20:08:56","Clear","Dry","Light","-0.9","24.7","3328","1535","27.7","22%","31.5","","Opened","7.533","4","Unsafe","Calm","0.0","46","15.0","10.5","1002.7","1014.1"
"2026-09-07","20:09:06","Clear","Dry","Light","-1.1","24.7","3328","1581","27.7","22%","31.5","","Opened","7.298","4","Unsafe","Calm","0.0","46","15.0","10.3","1002.7","1014.1"
"2026-09-07","20:09:16","Clear","Dry","Light","-1.2","24.6","3328","1629","27.7","22%","31.5","","Opened","7.269","4","Unsafe","Calm","0.0","46","15.0","10.2","1002.7","1014.1"
"2026-09-07","20:09:26","Clear","Dry","Light","-1.1","24.6","3328","1680","27.7","22%","31.5","","Opened","7.359","4","Unsafe","Calm","0.0","46","14.9","10.3","1002.8","1014.2"
"2026-09-07","20:09:36","Clear","Dry","Light","-1.2","24.6","3328","1792","27.7","22%","31.4","","Opened","7.328","4","Unsafe","Calm","0.0","46","15.0","10.2","1002.8","1014.3"
"2026-09-07","20:09:46","Clear","Dry","Light","-1.2","24.6","3328","1854","27.6","22%","31.4","","Opened","7.285","4","Unsafe","Calm","0.0","46","14.9","10.2","1002.8","1014.2"
"2026-09-07","20:09:56","Clear","Dry","Light","-1.2","24.5","3328","1919","27.6","22%","31.3","Heating UP","Opened","7.691","4","Unsafe","Calm","0.0","46","14.9","10.2","1002.8","1014.2"
"2026-09-07","20:10:06","Clear","Dry","Light","-1.3","24.5","3200","1990","27.6","23%","31.3","Heating UP","Opened","7.498","4","Unsafe","Calm","0.0","46","14.9","10.1","1002.8","1014.2"
"2026-09-07","20:10:16","Clear","Dry","Light","-1.3","24.5","3200","2066","27.6","24%","31.3","Heating UP","Opened","7.509","4","Unsafe","Calm","0.0","46","15.0","10.1","1002.8","1014.2"
"2026-09-07","20:10:26","Clear","Dry","Light","-1.1","24.5","3328","2147","27.6","25%","31.1","Heating UP","Opened","7.504","4","Unsafe","Calm","0.0","46","14.9","10.3","1002.8","1014.2"
"2026-09-07","20:10:36","Clear","Dry","Light","-1.3","24.5","3328","2236","27.6","26%","31.1","Heating UP","Opened","7.488","4","Unsafe","Calm","0.0","46","14.9","10.1","1002.7","1014.1"
"2026-09-07","20:10:46","Clear","Dry","Light","-1.2","24.5","3200","2331","27.6","27%","31.1","Heating UP","Opened","7.506","4","Unsafe","Calm","0.0","46","14.9","10.2","1002.8","1014.2"
"2026-09-07","20:10:56","Clear","Dry","Light","-1.3","24.5","3200","2435","27.6","28%","31.1","Heating UP","Opened","7.685","4","Unsafe","Calm","0.0","46","15.0","10.1","1002.7","1014.1"
"2026-09-07","20:11:06","Clear","Dry","Light","-1.2","24.5","3328","2548","27.5","29%","31.1","Heating UP","Opened","7.486","4","Unsafe","Calm","0.0","46","14.9","10.1","1002.9","1014.3"
"2026-09-07","20:11:16","Clear","Dry","Light","-1.2","24.5","3328","2672","27.5","30%","31.1","Heating UP","Opened","7.514","4","Unsafe","Calm","0.0","46","14.9","10.2","1002.8","1014.3"
"2026-09-07","20:11:26","Clear","Dry","Light","-1.3","24.4","3200","2672","27.6","30%","31.3","","Opened","7.399","4","Unsafe","Calm","0.0","46","15.0","10.1","1002.9","1014.3"
"2026-09-07","20:11:36","Clear","Dry","Light","-1.3","24.4","3200","2808","27.5","30%","31.3","","Opened","7.365","4","Unsafe","Calm","0.0","46","14.9","10.0","1002.8","1014.2"
"2026-09-07","20:11:46","Clear","Dry","Light","-1.1","24.4","3200","2959","27.5","30%","31.4","","Opened","7.325","4","Unsafe","Calm","0.0","46","14.9","10.2","1002.8","1014.2"
"2026-09-07","20:11:56","Clear","Dry","Light","-1.2","24.4","3200","2959","27.5","30%","31.4","","Opened","7.447","4","Unsafe","Calm","0.0","46","15.0","10.2","1002.7","1014.1"
"2026-09-07","20:12:06","Clear","Dry","Light","-1.3","24.4","3200","3127","27.5","30%","31.4","","Opened","7.380","4","Unsafe","Calm","0.0","47","15.0","10.1","1002.8","1014.2"
"2026-09-07","20:12:16","Clear","Dry","Light","-1.0","24.4","3200","3314","27.5","30%","31.4","","Opened","7.349","4","Unsafe","Calm","0.0","47","15.1","10.3","1002.9","1014.3"
"2026-09-07","20:12:26","Clear","Dry","Light","-1.0","24.4","3200","3525","27.4","30%","31.4","","Opened","7.284","4","Unsafe","Calm","0.0","47","15.0","10.3","1002.8","1014.2"
"2026-09-07","20:12:36","Clear","Dry","Light","-1.0","24.4","3200","3525","27.5","30%","31.4","","Opened","7.376","4","Unsafe","Calm","0.0","47","15.1","10.4","1002.8","1014.2"
"2026-09-07","20:12:46","Clear","Dry","Light","-1.2","24.4","3200","3763","27.4","30%","31.4","","Opened","7.347","4","Unsafe","Calm","0.0","47","15.1","10.1","1002.8","1014.2"
"2026-09-07","20:12:56","Clear","Dry","Light","-0.9","24.4","3200","3763","27.4","30%","31.3","","Opened","7.497","4","Unsafe","Calm","0.0","47","15.1","10.4","1002.8","1014.2"
"2026-09-07","20:13:06","Clear","Dry","Light","-1.2","24.4","3200","4036","27.4","30%","31.3","","Opened","7.277","4","Unsafe","Calm","0.0","47","15.1","10.1","1002.8","1014.2"
"2026-09-07","20:13:16","Clear","Dry","Light","-1.2","24.4","3200","4036","27.4","30%","31.4","","Opened","7.346","4","Unsafe","Calm","0.0","47","15.2","10.1","1002.8","1014.3"
"2026-09-07","20:13:26","Clear","Dry","Light","-1.1","24.4","3200","4351","27.4","30%","31.4","","Opened","7.296","4","Unsafe","Calm","0.0","47","15.2","10.2","1002.8","1014.3"
"2026-09-07","20:13:36","Clear","Dry","Light","-1.0","24.4","3200","4351","27.3","30%","31.3","","Opened","7.399","4","Unsafe","Calm","0.0","48","15.2","10.3","1002.8","1014.2"
"2026-09-07","20:13:46","Clear","Dry","Light","-1.0","24.4","3200","4718","27.3","30%","31.3","","Opened","7.349","4","Unsafe","Calm","0.0","48","15.2","10.2","1002.8","1014.3"
"2026-09-07","20:13:56","Clear","Dry","Light","-1.0","24.4","3200","4718","27.3","30%","31.3","","Opened","7.492","4","Unsafe","Calm","0.0","48","15.3","10.2","1002.8","1014.2"
"2026-09-07","20:14:06","Clear","Dry","Dark","-0.9","24.4","3200","5152","27.3","30%","31.3","","Opened","7.379","4","Unsafe","Calm","0.0","48","15.3","10.3","1002.8","1014.2"
"2026-09-07","20:14:16","Clear","Dry","Dark","-1.1","24.4","3200","5152","27.3","30%","31.3","","Opened","7.353","4","Unsafe","Calm","0.0","48","15.2","10.1","1002.8","1014.2"
"2026-09-07","20:14:26","Clear","Dry","Dark","-1.0","24.4","3200","5152","27.2","30%","31.3","","Opened","7.320","4","Unsafe","Calm","0.0","48","15.2","10.2","1002.7","1014.1"
"2026-09-07","20:14:36","Clear","Dry","Dark","-1.0","24.4","3200","5673","27.2","30%","31.3","","Opened","7.393","4","Unsafe","Calm","0.0","48","15.2","10.2","1002.8","1014.2"
"2026-09-07","20:14:46","Clear","Dry","Dark","-0.9","24.4","3200","5673","27.2","30%","31.1","","Opened","7.346","4","Unsafe","Calm","0.0","48","15.2","10.2","1002.8","1014.2"
"2026-09-07","20:14:56","Clear","Dry","Dark","-0.7","24.4","3200","6309","27.2","30%","31.1","","Opened","7.491","4","Unsafe","Calm","0.0","48","15.2","10.4","1002.8","1014.2"
"2026-09-07","20:15:06","Clear","Dry","Dark","-0.9","24.4","3200","6309","27.1","30%","31.0","","Opened","7.395","4","Unsafe","Calm","0.0","48","15.3","10.2","1002.8","1014.2"
"2026-09-07","20:15:16","Clear","Dry","Dark","-1.0","24.4","3200","6309","27.1","30%","31.0","","Opened","7.359","4","Unsafe","Calm","0.0","48","15.3","10.1","1002.9","1014.3"
"2026-09-07","20:15:26","Clear","Dry","Dark","-0.9","24.4","3200","7105","27.1","30%","31.0","","Opened","7.318","4","Unsafe","Calm","0.0","48","15.3","10.2","1002.9","1014.3"
"2026-09-07","20:15:36","Clear","Dry","Dark","-1.0","24.4","3200","7105","27.1","30%","31.0","","Opened","7.274","4","Unsafe","Calm","0.0","48","15.3","10.1","1002.8","1014.2"
"2026-09-07","20:15:46","Clear","Dry","Dark","-0.9","24.4","3200","7105","27.0","30%","31.0","","Opened","7.353","4","Unsafe","Calm","0.0","48","15.2","10.2","1002.8","1014.3"
"2026-09-07","20:15:56","Clear","Dry","Dark","-0.8","24.4","3200","7105","27.1","30%","31.0","","Opened","7.494","4","Unsafe","Calm","0.0","48","15.2","10.3","1002.8","1014.3"
"2026-09-07","20:16:06","Clear","Dry","Dark","-0.6","24.4","3200","8128","27.0","30%","31.0","","Opened","7.399","4","Unsafe","Calm","0.0","48","15.2","10.4","1002.8","1014.2"
"2026-09-07","20:16:16","Clear","Dry","Dark","-1.0","24.4","3200","8128","27.0","30%","30.9","","Opened","7.352","4","Unsafe","Calm","0.0","48","15.2","10.1","1002.7","1014.2"
"2026-09-07","20:16:26","Clear","Dry","Dark","-1.0","24.4","3200","8128","27.0","30%","31.0","","Opened","7.290","4","Unsafe","Calm","0.0","48","15.2","10.1","1002.8","1014.2"
"2026-09-07","20:16:36","Clear","Dry","Dark","-0.9","24.4","3200","8128","27.0","30%","31.0","","Opened","7.374","4","Unsafe","Calm","0.0","48","15.2","10.2","1002.8","1014.3"
"2026-09-07","20:16:46","Clear","Dry","Dark","-0.8","24.4","3200","9492","27.0","30%","31.0","","Opened","7.344","4","Unsafe","Calm","0.0","48","15.2","10.2","1002.8","1014.3"
"2026-09-07","20:16:56","Clear","Dry","Dark","-1.0","24.4","3200","9492","27.0","30%","30.9","","Opened","7.485","4","Unsafe","Calm","0.0","48","15.2","10.1","1002.8","1014.2"
"2026-09-07","20:17:06","Clear","Dry","Dark","-0.7","24.4","3200","9492","27.0","30%","30.9","","Opened","7.397","4","Unsafe","Calm","0.0","48","15.2","10.3","1002.8","1014.2"
"2026-09-07","20:17:16","Clear","Dry","Dark","-0.9","24.4","3200","9492","27.0","30%","30.9","","Opened","7.353","4","Unsafe","Calm","0.0","49","15.3","10.1","1002.9","1014.4"
"2026-09-07","20:17:26","Clear","Dry","Dark","-0.7","24.4","3200","9492","26.9","30%","30.9","","Opened","7.294","4","Unsafe","Calm","0.0","49","15.3","10.4","1002.8","1014.2"
"2026-09-07","20:17:36","Clear","Dry","Dark","-0.6","24.4","3200","11402","26.9","30%","30.8","","Opened","7.394","4","Unsafe","Calm","0.0","49","15.3","10.4","1002.8","1014.3"
"2026-09-07","20:17:46","Clear","Dry","Dark","-0.8","24.4","3200","11402","26.9","30%","30.8","","Opened","7.345","4","Unsafe","Calm","0.0","49","15.3","10.2","1002.8","1014.2"
"2026-09-07","20:17:56","Clear","Dry","Dark","-0.9","24.4","3200","11402","26.9","30%","30.8","","Opened","7.472","4","Unsafe","Calm","0.0","49","15.2","10.2","1002.8","1014.2"
"2026-09-07","20:18:06","Clear","Dry","Dark","-0.6","24.4","3200","11402","26.9","30%","30.7","","Opened","7.362","4","Unsafe","Calm","0.0","49","15.3","10.4","1002.9","1014.4"
"2026-09-07","20:18:16","Clear","Dry","Dark","-0.6","24.4","3200","11402","26.9","30%","30.7","","Opened","7.327","4","Unsafe","Calm","0.0","49","15.4","10.4","1002.8","1014.2"
"2026-09-07","20:18:26","Clear","Dry","Dark","-0.8","24.4","3200","14266","26.9","30%","30.6","","Opened","7.266","4","Unsafe","Calm","0.0","50","15.4","10.2","1002.8","1014.2"
"2026-09-07","20:18:36","Clear","Dry","Dark","-0.7","24.5","3200","14266","26.8","30%","30.6","","Opened","7.352","4","Unsafe","Calm","0.0","50","15.4","10.3","1002.8","1014.3"
"2026-09-07","20:18:46","Clear","Dry","Dark","-0.8","24.4","3200","14266","26.8","30%","30.6","","Opened","7.342","4","Unsafe","Calm","0.0","49","15.4","10.1","1002.9","1014.4"
"2026-09-07","20:18:56","Clear","Dry","Dark","-0.8","24.4","3200","14266","26.8","30%","30.6","","Opened","7.472","4","Unsafe","Calm","0.0","49","15.3","10.1","1002.8","1014.2"
"2026-09-07","20:19:06","Clear","Dry","Dark","-0.8","24.4","3200","19040","26.8","30%","30.6","","Opened","7.365","4","Safe","Calm","0.0","49","15.3","10.2","1002.8","1014.3"
"2026-09-07","20:19:16","Clear","Dry","Dark","-0.7","24.4","3200","14266","26.8","30%","30.6","","Opened","7.338","4","Safe","Calm","0.0","49","15.3","10.3","1002.8","1014.3"
"2026-09-07","20:19:26","Clear","Dry","Dark","-0.7","24.4","3200","19040","26.7","30%","30.5","","Opened","7.273","4","Safe","Calm","0.0","50","15.4","10.2","1002.8","1014.2"
"2026-09-07","20:19:36","Clear","Dry","Dark","-0.7","24.4","3200","19040","26.7","30%","30.5","","Opened","7.359","4","Safe","Calm","0.0","50","15.3","10.2","1002.8","1014.3"
"2026-09-07","20:19:46","Clear","Dry","Dark","-0.7","24.4","3200","19040","26.7","30%","30.5","","Opened","7.333","4","Safe","Calm","0.0","50","15.3","10.2","1002.8","1014.3"
"2026-09-07","20:19:56","Clear","Dry","Dark","-0.8","24.4","3200","19040","26.7","30%","30.4","","Opened","7.463","4","Safe","Calm","0.0","50","15.3","10.1","1002.8","1014.2"
"2026-09-07","20:20:06","Clear","Dry","Dark","-0.8","24.4","3200","19040","26.7","30%","30.5","","Opened","7.378","4","Safe","Calm","0.0","50","15.3","10.1","1002.8","1014.3"
"2026-09-07","20:20:16","Clear","Dry","Dark","-0.8","24.4","3200","19040","26.7","30%","30.4","","Opened","7.342","4","Safe","Calm","0.0","50","15.3","10.1","1002.8","1014.2"
"2026-09-07","20:20:26","Clear","Dry","Dark","-0.8","24.4","3200","19040","26.6","30%","30.4","","Opened","7.276","4","Safe","Calm","0.0","50","15.3","10.1","1002.8","1014.2"
"2026-09-07","20:20:36","Clear","Dry","Dark","-0.8","24.4","3200","19040","26.6","30%","30.4","","Opened","7.383","4","Safe","Calm","0.0","50","15.3","10.0","1002.8","1014.3"
"2026-09-07","20:20:46","Clear","Dry","Dark","-0.8","24.3","3200","19040","26.6","30%","30.4","","Opened","7.347","4","Safe","Calm","0.0","50","15.3","10.0","1002.8","1014.2"
"2026-09-07","20:20:56","Clear","Dry","Dark","-0.7","24.3","3200","19040","26.6","30%","30.4","","Opened","7.496","4","Safe","Calm","0.0","50","15.3","10.1","1002.8","1014.3"
"2026-09-07","20:21:06","Clear","Dry","Dark","-0.9","24.3","3200","28588","26.6","30%","30.3","","Opened","7.381","4","Safe","Calm","0.0","50","15.3","9.9","1002.8","1014.3"
"2026-09-07","20:21:16","Clear","Dry","Dark","-0.7","24.3","3200","19040","26.6","30%","30.3","","Opened","7.342","4","Safe","Calm","0.0","50","15.3","10.2","1002.8","1014.3"
"2026-09-07","20:21:26","Clear","Dry","Dark","-0.9","24.3","3200","28588","26.5","30%","30.3","","Opened","7.268","4","Safe","Calm","0.0","50","15.3","9.9","1002.9","1014.4"
"2026-09-07","20:21:36","Clear","Dry","Dark","-0.9","24.3","3200","28588","26.5","30%","30.3","","Opened","7.367","4","Safe","Calm","0.0","50","15.3","9.9","1002.8","1014.2"
"2026-09-07","20:21:46","Clear","Dry","Dark","-0.9","24.3","3200","28588","26.5","30%","30.3","","Opened","7.324","4","Safe","Calm","0.0","50","15.2","10.0","1002.8","1014.2"
"2026-09-07","20:21:56","Clear","Dry","Dark","-0.8","24.2","3200","28588","26.5","30%","30.4","","Opened","7.459","4","Safe","Calm","0.0","50","15.2","10.0","1002.8","1014.3"
"2026-09-07","20:22:06","Clear","Dry","Dark","-0.9","24.2","3200","28588","26.5","30%","30.3","","Opened","7.343","4","Safe","Calm","0.0","50","15.2","9.9","1002.8","1014.3"
"2026-09-07","20:22:16","Clear","Dry","Dark","-0.9","24.2","3200","28588","26.5","30%","30.3","","Opened","7.301","4","Safe","Calm","0.0","50","15.3","9.9","1002.9","1014.4"
"2026-09-07","20:22:26","Clear","Dry","Dark","-1.0","24.2","3200","28588","26.5","30%","30.4","","Opened","7.365","4","Safe","Calm","0.0","50","15.3","9.8","1002.8","1014.3"
"2026-09-07","20:22:36","Clear","Dry","Dark","-0.9","24.2","3200","28588","26.4","30%","30.4","","Opened","7.322","4","Safe","Calm","0.0","50","15.2","9.9","1002.8","1014.3"
"2026-09-07","20:22:46","Clear","Dry","Dark","-0.8","24.1","3200","28588","26.4","30%","30.4","","Opened","7.392","4","Safe","Calm","0.0","50","15.3","9.9","1002.8","1014.2"
"2026-09-07","20:22:56","Clear","Dry","Dark","-0.7","24.1","3200","28588","26.4","30%","30.3","","Opened","7.537","4","Safe","Calm","0.0","50","15.3","10.0","1002.8","1014.3"
"2026-09-07","20:23:06","Clear","Dry","Dark","-0.7","24.1","3200","28588","26.4","30%","30.4","","Opened","7.331","4","Safe","Calm","0.0","50","15.2","10.0","1002.8","1014.3"
"2026-09-07","20:23:16","Clear","Dry","Dark","-0.7","24.1","3200","57232","26.4","30%","30.3","","Opened","7.295","4","Safe","Calm","0.0","50","15.3","10.0","1002.8","1014.2"
"2026-09-07","20:23:26","Clear","Dry","Dark","-0.9","24.1","3200","57232","26.4","30%","30.3","","Opened","7.355","4","Safe","Calm","0.0","51","15.3","9.8","1002.8","1014.3"
"2026-09-07","20:23:36","Clear","Dry","Dark","-0.7","24.1","3200","57232","26.3","30%","30.3","","Opened","7.322","4","Safe","Calm","0.0","51","15.4","10.0","1002.8","1014.2"
"2026-09-07","20:23:46","Clear","Dry","Dark","-0.7","24.1","3200","57232","26.3","30%","30.2","","Opened","7.287","4","Safe","Calm","0.0","51","15.4","10.0","1002.8","1014.3"
"2026-09-07","20:23:56","Clear","Dry","Dark","-0.8","24.1","3200","57232","26.3","30%","30.3","","Opened","7.551","4","Safe","Calm","0.0","51","15.3","9.9","1002.8","1014.2"
"2026-09-07","20:24:06","Clear","Dry","Dark","-0.9","24.1","3200","57232","26.3","30%","30.3","","Opened","7.321","4","Safe","Calm","0.0","51","15.3","9.8","1002.8","1014.3"
"2026-09-07","20:24:16","Clear","Dry","Dark","-0.8","24.1","3200","57232","26.3","30%","30.3","","Opened","7.274","4","Safe","Calm","0.0","51","15.3","9.9","1002.8","1014.3"
"2026-09-07","20:24:26","Clear","Dry","Dark","-0.7","24.1","3200","57232","26.3","30%","30.3","","Opened","7.343","4","Safe","Calm","0.0","51","15.2","10.0","1002.8","1014.3"
"2026-09-07","20:24:36","Clear","Dry","Dark","-0.8","24.0","3200","57232","26.2","30%","30.3","","Opened","7.324","4","Safe","Calm","0.0","51","15.2","9.9","1002.8","1014.3"
"2026-09-07","20:24:46","Clear","Dry","Dark","-0.7","24.0","3200","57232","26.3","30%","30.2","","Opened","7.281","4","Safe","Calm","0.0","51","15.2","10.0","1002.9","1014.4"
"2026-09-07","20:24:56","Clear","Dry","Dark","-0.7","24.0","3200","57232","26.2","30%","30.2","","Opened","7.513","4","Safe","Calm","0.0","51","15.2","10.0","1002.8","1014.2"
"2026-09-07","20:25:06","Clear","Dry","Dark","-0.7","24.0","3200","57232","26.2","30%","30.2","","Opened","7.319","4","Safe","Calm","0.0","51","15.2","9.9","1002.8","1014.2"
"2026-09-07","20:25:16","Clear","Dry","Dark","-0.8","24.0","3200","57232","26.2","30%","30.2","","Opened","7.284","4","Safe","Calm","0.0","51","15.2","9.9","1002.9","1014.4"
"2026-09-07","20:25:26","Clear","Dry","Dark","-0.7","24.0","3200","57232","26.2","30%","30.2","","Opened","7.368","4","Safe","Calm","0.0","51","15.2","9.9","1002.8","1014.2"
"2026-09-07","20:25:36","Clear","Dry","Dark","-0.8","24.0","3200","57232","26.2","30%","30.2","","Opened","7.314","4","Safe","Calm","0.0","51","15.2","9.9","1002.8","1014.2"
"2026-09-07","20:25:46","Clear","Dry","Dark","-0.9","23.9","3200","57232","26.2","30%","30.2","","Opened","7.289","4","Safe","Calm","0.0","51","15.2","9.8","1002.8","1014.3"
"2026-09-07","20:25:56","Clear","Dry","Dark","-0.8","23.9","3200","57232","26.1","30%","30.2","","Opened","7.584","4","Safe","Calm","0.0","51","15.1","9.8","1002.8","1014.3"
"2026-09-07","20:26:06","Clear","Dry","Dark","-0.8","23.9","3200","57232","26.1","30%","30.2","","Opened","7.319","4","Safe","Calm","0.0","51","15.1","9.8","1002.8","1014.3"
"2026-09-07","20:26:16","Clear","Dry","Dark","-0.6","23.9","3200","57232","26.1","30%","30.2","","Opened","7.273","4","Safe","Calm","0.0","51","15.2","10.0","1002.8","1014.3"
"2026-09-07","20:26:26","Clear","Dry","Dark","-0.8","23.9","3200","57232","26.1","30%","30.2","","Opened","7.337","4","Safe","Calm","0.0","51","15.1","9.8","1002.8","1014.3"
"2026-09-07","20:26:36","Clear","Dry","Dark","-0.8","23.9","3200","57232","26.1","30%","30.2","","Opened","7.324","4","Safe","Calm","0.0","51","15.1","9.8","1002.8","1014.3"
"2026-09-07","20:26:46","Clear","Dry","Dark","-0.8","23.9","3200","57232","26.1","30%","30.2","","Opened","7.386","4","Safe","Calm","0.0","51","15.1","9.8","1002.9","1014.4"
"2026-09-07","20:26:56","Clear","Dry","Dark","-0.8","23.8","3200","57232","26.1","30%","30.3","","Opened","7.536","4","Safe","Calm","0.0","51","15.1","9.7","1002.8","1014.3"
"2026-09-07","20:27:06","Clear","Dry","Dark","-0.7","23.8","3200","57232","26.1","30%","30.3","","Opened","7.305","4","Safe","Calm","0.0","51","15.1","9.9","1002.8","1014.3"
"2026-09-07","20:27:16","Clear","Dry","Dark","-0.7","23.8","3200","57232","26.1","30%","30.2","","Opened","7.391","4","Safe","Calm","0.0","51","15.1","9.8","1002.9","1014.4"
"2026-09-07","20:27:26","Clear","Dry","Dark","-0.8","23.8","3200","57232","26.1","30%","30.2","","Opened","7.355","4","Safe","Calm","0.0","51","15.1","9.7","1002.9","1014.4"
"2026-09-07","20:27:36","Clear","Dry","Dark","-0.8","23.8","3200","57232","26.1","30%","30.2","","Opened","7.310","4","Safe","Calm","0.0","51","15.1","9.8","1002.9","1014.4"
"2026-09-07","20:27:46","Clear","Wet","Dark","-0.9","23.8","3199","57232","26.0","30%","30.2","","Opened","7.280","4","Safe","Calm","0.0","51","15.1","9.7","1002.8","1014.3"
"2026-09-07","20:27:56","Clear","Dry","Dark","-0.9","23.7","3200","57232","26.0","30%","30.3","","Opened","7.578","4","Safe","Calm","0.0","51","15.1","9.7","1002.8","1014.3"
"2026-09-07","20:28:06","Clear","Dry","Dark","-0.8","23.7","3200","57232","26.0","30%","30.2","","Opened","7.324","4","Safe","Calm","0.0","51","15.0","9.8","1002.8","1014.3"
"2026-09-07","20:28:16","Clear","Dry","Dark","-0.8","23.7","3200","57232","26.0","30%","30.2","","Opened","7.347","4","Safe","Calm","0.0","51","15.1","9.8","1002.8","1014.3"
"2026-09-07","20:28:26","Clear","Dry","Dark","-0.8","23.7","3200","57232","26.0","30%","30.2","","Opened","7.365","4","Safe","Calm","0.0","51","15.1","9.7","1002.8","1014.3"
"2026-09-07","20:28:36","Clear","Dry","Dark","-0.9","23.7","3200","57232","26.0","30%","30.2","","Opened","7.333","4","Safe","Calm","0.0","51","15.1","9.6","1002.8","1014.3"
"2026-09-07","20:28:46","Clear","Dry","Dark","-0.8","23.7","3200","57232","26.0","30%","30.2","","Opened","7.326","4","Safe","Calm","0.0","51","15.1","9.7","1002.8","1014.3"
"2026-09-07","20:28:56","Clear","Dry","Dark","-0.7","23.7","3200","57232","25.9","30%","30.2","","Opened","7.464","4","Safe","Calm","0.0","51","15.1","9.8","1002.8","1014.3"
"2026-09-07","20:29:06","Clear","Dry","Dark","-0.6","23.7","3200","57232","25.9","30%","30.2","","Opened","7.354","4","Safe","Calm","0.0","51","15.1","9.9","1002.8","1014.3"
"2026-09-07","20:29:16","Clear","Dry","Dark","-0.7","23.7","3200","57232","25.9","30%","30.1","","Opened","7.305","4","Safe","Calm","0.0","51","15.1","9.8","1002.8","1014.3"
"2026-09-07","20:29:26","Clear","Dry","Dark","-0.8","23.7","3200","57232","25.9","30%","30.0","","Opened","7.376","4","Safe","Calm","0.0","51","15.1","9.7","1002.8","1014.3"
"2026-09-07","20:29:36","Clear","Dry","Dark","-0.6","23.7","3200","57232","25.9","30%","30.0","","Opened","7.305","4","Safe","Calm","0.0","51","15.1","9.9","1002.8","1014.3"
"2026-09-07","20:29:46","Clear","Dry","Dark","-0.6","23.7","3200","57232","25.9","30%","30.0","","Opened","7.309","4","Safe","Calm","0.0","51","15.1","9.9","1002.8","1014.3"
"2026-09-07","20:29:56","Clear","Dry","Dark","-0.7","23.7","3200","57232","25.9","30%","30.0","","Opened","7.506","4","Safe","Calm","0.0","51","15.0","9.8","1002.8","1014.3"
"2026-09-07","20:30:06","Clear","Dry","Dark","-0.5","23.7","3200","57232","25.9","30%","30.0","","Opened","7.389","4","Safe","Calm","0.0","51","15.0","9.9","1002.7","1014.2"
"2026-09-07","20:30:16","Clear","Dry","Dark","-0.7","23.8","3200","57232","25.9","30%","29.9","","Opened","7.484","4","Safe","Calm","0.0","51","15.1","9.7","1002.8","1014.3"
"2026-09-07","20:30:26","Clear","Dry","Dark","-0.7","23.7","3200","57232","25.9","30%","30.0","","Opened","7.315","4","Safe","Calm","0.0","51","15.1","9.8","1002.8","1014.3"
"2026-09-07","20:30:36","Clear","Dry","Dark","-0.7","23.7","3200","57232","25.9","30%","30.0","","Opened","7.313","4","Safe","Calm","0.0","51","15.0","9.8","1002.8","1014.3"
"2026-09-07","20:30:46","Clear","Dry","Dark","-0.7","23.7","3200","57232","25.9","30%","29.9","","Opened","7.282","4","Safe","Calm","0.0","51","15.1","9.7","1002.8","1014.3"
"2026-09-07","20:30:56","Clear","Dry","Dark","-0.8","23.7","3200","57232","25.9","30%","29.9","","Opened","7.546","4","Safe","Calm","0.0","51","15.1","9.7","1002.8","1014.3"
"2026-09-07","20:31:06","Clear","Dry","Dark","-0.5","23.7","3200","57232","25.8","30%","29.9","","Opened","7.345","4","Safe","Calm","0.0","51","15.1","9.9","1002.8","1014.3"
"2026-09-07","20:31:16","Clear","Dry","Dark","-0.7","23.7","3200","57232","25.8","30%","29.8","","Opened","7.315","4","Safe","Calm","0.0","51","15.1","9.8","1002.8","1014.3"
"2026-09-07","20:31:26","Clear","Dry","Dark","-0.6","23.7","3200","57232","25.8","30%","29.8","","Opened","7.317","4","Safe","Calm","0.0","51","15.0","9.8","1002.8","1014.3"
"2026-09-07","20:31:36","Clear","Dry","Dark","-0.6","23.7","3200","57232","25.8","30%","29.7","","Opened","7.327","4","Safe","Calm","0.0","51","15.1","9.8","1003.0","1014.5"
"2026-09-07","20:31:46","Clear","Dry","Dark","-0.6","23.7","3200","57232","25.8","30%","29.8","","Opened","7.470","4","Safe","Calm","0.0","52","15.1","9.8","1002.8","1014.3"
"2026-09-07","20:31:56","Clear","Dry","Dark","-0.5","23.7","3200","57232","25.8","30%","29.7","","Opened","7.584","4","Safe","Calm","0.0","52","15.1","9.9","1002.9","1014.4"
"2026-09-07","20:32:06","Clear","Dry","Dark","-0.6","23.7","3200","57232","25.8","30%","29.7","","Opened","7.340","4","Safe","Calm","0.0","52","15.1","9.8","1002.8","1014.3"
"2026-09-07","20:32:16","Clear","Dry","Dark","-0.5","23.7","3200","57232","25.7","30%","29.7","","Opened","7.359","4","Safe","Calm","0.0","52","15.1","9.9","1002.8","1014.3"
"2026-09-07","20:32:26","Clear","Dry","Dark","-0.6","23.7","3200","57232","25.7","30%","29.6","","Opened","7.403","4","Safe","Calm","0.0","52","15.1","9.8","1002.8","1014.3"
"2026-09-07","20:32:36","Clear","Dry","Dark","-0.6","23.7","3200","57232","25.7","30%","29.6","","Opened","7.351","4","Safe","Calm","0.0","52","15.1","9.8","1002.8","1014.3"
"2026-09-07","20:32:46","Clear","Dry","Dark","-0.5","23.7","3200","57232","25.8","30%","29.6","","Opened","7.326","4","Safe","Calm","0.0","52","15.1","9.9","1002.8","1014.3"
"2026-09-07","20:32:56","Clear","Dry","Dark","-0.6","23.7","3200","57232","25.7","30%","29.6","","Opened","7.531","4","Safe","Calm","0.0","52","15.0","9.8","1002.8","1014.3"
"2026-09-07","20:33:06","Clear","Dry","Dark","-0.6","23.7","3200","57232","25.7","30%","29.6","","Opened","7.391","4","Safe","Calm","0.0","52","15.0","9.8","1002.9","1014.5"
"2026-09-07","20:33:16","Clear","Dry","Dark","-0.4","23.7","3200","57232","25.7","30%","29.6","","Opened","7.419","4","Safe","Calm","0.0","52","15.0","10.0","1002.9","1014.5"
"2026-09-07","20:33:26","Clear","Dry","Dark","-0.3","23.8","3200","57232","25.7","30%","29.5","","Opened","7.410","4","Safe","Calm","0.0","52","15.0","10.1","1002.8","1014.3"
"2026-09-07","20:33:36","Clear","Dry","Dark","-0.5","23.7","3200","57232","25.7","30%","29.5","","Opened","7.500","4","Safe","Calm","0.0","52","15.0","9.9","1002.8","1014.3"
"2026-09-07","20:33:46","Clear","Dry","Dark","-0.3","23.8","3200","57232","25.7","30%","29.4","Heating UP","Opened","7.449","4","Safe","Calm","0.0","52","15.0","10.0","1002.8","1014.3"
"2026-09-07","20:33:56","Clear","Dry","Dark","-0.4","23.8","3200","57232","25.7","31%","29.4","Heating UP","Opened","7.737","4","Safe","Calm","0.0","52","15.0","9.9","1002.8","1014.3"
"2026-09-07","20:34:06","Clear","Dry","Dark","-0.5","23.8","3328","57232","25.7","32%","29.4","Heating UP","Opened","7.476","4","Safe","Calm","0.0","52","15.0","9.8","1002.8","1014.3"
"2026-09-07","20:34:16","Clear","Dry","Dark","-0.5","23.8","3328","57232","25.7","33%","29.5","","Opened","7.409","4","Safe","Calm","0.0","52","15.0","9.9","1002.8","1014.3"
"2026-09-07","20:34:26","Clear","Dry","Dark","-0.4","23.8","3328","57232","25.6","33%","29.5","","Opened","7.316","4","Safe","Calm","0.0","52","15.0","9.9","1002.8","1014.3"
"2026-09-07","20:34:36","Clear","Dry","Dark","-0.6","23.8","3328","57232","25.7","33%","29.5","","Opened","7.351","4","Safe","Calm","0.0","52","15.0","9.8","1002.8","1014.3"
"2026-09-07","20:34:46","Clear","Dry","Dark","-0.3","23.8","3264","57232","25.6","33%","29.5","","Opened","7.441","4","Safe","Calm","0.0","52","15.0","10.0","1002.8","1014.3"
"2026-09-07","20:34:56","Clear","Dry","Dark","-0.3","23.8","3328","57232","25.6","33%","29.5","","Opened","7.589","4","Safe","Calm","0.0","52","15.0","10.0","1002.8","1014.3"
"2026-09-07","20:35:06","Clear","Dry","Dark","-0.3","23.8","3264","57232","25.6","33%","29.5","","Opened","7.405","4","Safe","Calm","0.0","52","15.0","10.0","1002.8","1014.3"
"2026-09-07","20:35:16","Clear","Dry","Dark","-0.4","23.8","3328","57232","25.6","33%","29.5","","Opened","7.361","4","Safe","Calm","0.0","52","15.0","10.0","1002.8","1014.3"
"2026-09-07","20:35:26","Clear","Dry","Dark","-0.3","23.8","3264","57232","25.6","33%","29.5","","Opened","7.550","4","Safe","Calm","0.0","52","15.0","10.0","1002.8","1014.3"
"2026-09-07","20:35:36","Clear","Dry","Dark","-0.4","23.8","3328","57232","25.6","33%","29.5","","Opened","7.359","4","Safe","Calm","0.0","52","15.0","9.9","1002.9","1014.4"
"2026-09-07","20:35:46","Clear","Dry","Dark","-0.5","23.8","3328","57232","25.6","33%","29.6","","Opened","7.355","4","Safe","Calm","0.0","52","15.0","9.8","1002.8","1014.3"
"2026-09-07","20:35:56","Clear","Dry","Dark","-0.4","23.8","3264","57232","25.6","33%","29.5","","Opened","7.565","4","Safe","Calm","0.0","52","15.0","9.9","1002.8","1014.3"
"2026-09-07","20:36:06","Clear","Dry","Dark","-0.5","23.8","3264","57232","25.6","33%","29.6","","Opened","7.302","4","Safe","Calm","0.0","52","15.0","9.8","1002.9","1014.4"
"2026-09-07","20:36:16","Clear","Dry","Dark","-0.4","23.8","3328","57232","25.6","33%","29.6","","Opened","7.370","4","Safe","Calm","0.0","52","15.0","9.9","1002.9","1014.4"
"2026-09-07","20:36:26","Clear","Dry","Dark","-0.3","23.8","3328","57232","25.6","33%","29.6","","Opened","7.411","4","Safe","Calm","0.0","52","15.0","10.0","1002.8","1014.3"
"2026-09-07","20:36:36","Clear","Dry","Dark","-0.4","23.8","3328","57232","25.6","33%","29.6","","Opened","7.384","4","Safe","Calm","0.0","52","15.0","9.9","1002.8","1014.3"
"2026-09-07","20:36:46","Clear","Dry","Dark","-0.4","23.8","3328","57232","25.5","33%","29.6","","Opened","7.460","4","Safe","Calm","0.0","52","15.0","9.9","1002.8","1014.3"
"2026-09-07","20:36:56","Clear","Dry","Dark","-0.4","23.8","3328","57232","25.6","33%","29.6","","Opened","7.681","4","Safe","Calm","0.0","52","15.0","9.9","1002.9","1014.4"
"2026-09-07","20:37:06","Clear","Dry","Dark","-0.5","23.8","3328","57232","25.5","33%","29.6","","Opened","7.460","4","Safe","Calm","0.0","52","15.0","9.8","1002.8","1014.3"
"2026-09-07","20:37:16","Clear","Dry","Dark","-0.5","23.8","3328","57232","25.6","33%","29.6","","Opened","7.339","4","Safe","Calm","0.0","52","15.0","9.7","1002.9","1014.5"
"2026-09-07","20:37:26","Clear","Dry","Dark","-0.5","23.8","3264","57232","25.5","33%","29.6","","Opened","7.397","4","Safe","Calm","0.0","52","15.0","9.8","1002.9","1014.4"
"2026-09-07","20:37:36","Clear","Dry","Dark","-0.6","23.8","3328","57232","25.5","33%","29.6","","Opened","7.403","4","Safe","Calm","0.0","52","15.0","9.7","1002.8","1014.3"
"2026-09-07","20:37:46","Clear","Dry","Dark","-0.6","23.8","3328","57232","25.5","33%","29.7","","Opened","7.380","4","Safe","Calm","0.0","52","15.0","9.7","1002.8","1014.3"
"2026-09-07","20:37:56","Clear","Dry","Dark","-0.5","23.8","3328","57232","25.5","33%","29.7","","Opened","7.650","4","Safe","Calm","0.0","52","14.9","9.8","1002.8","1014.3"
"2026-09-07","20:38:06","Clear","Dry","Dark","-0.5","23.8","3328","57232","25.5","33%","29.7","","Opened","7.505","4","Safe","Calm","0.0","52","14.9","9.8","1002.8","1014.3"
"2026-09-07","20:38:16","Clear","Dry","Dark","-0.6","23.7","3328","57232","25.5","33%","29.7","","Opened","7.381","4","Safe","Calm","0.0","52","15.0","9.7","1002.8","1014.3"
"2026-09-07","20:38:26","Clear","Dry","Dark","-0.4","23.8","3328","57232","25.5","33%","29.7","","Opened","7.369","4","Safe","Calm","0.0","52","15.0","9.9","1002.9","1014.4"
"2026-09-07","20:38:36","Clear","Dry","Dark","-0.6","23.8","3328","57232","25.5","33%","29.7","","Opened","7.340","4","Safe","Calm","0.0","52","14.9","9.7","1002.8","1014.3"
"2026-09-07","20:38:46","Clear","Dry","Dark","-0.3","23.8","3328","57232","25.5","33%","29.7","","Opened","7.420","4","Safe","Calm","0.0","52","14.9","9.9","1002.8","1014.3"
"2026-09-07","20:38:56","Clear","Dry","Dark","-0.5","23.8","3328","57232","25.5","33%","29.6","","Opened","7.669","4","Safe","Calm","0.0","52","14.9","9.8","1002.8","1014.3"
"2026-09-07","20:39:06","Clear","Dry","Dark","-0.6","23.7","3328","57232","25.5","33%","29.6","","Opened","7.390","4","Safe","Calm","0.0","52","15.0","9.7","1002.9","1014.4"
"2026-09-07","20:39:16","Clear","Dry","Dark","-0.6","23.7","3328","57232","25.5","33%","29.7","","Opened","7.376","4","Safe","Calm","0.0","52","15.0","9.7","1002.9","1014.5"
"2026-09-07","20:39:26","Clear","Dry","Dark","-0.4","23.7","3264","57232","25.5","33%","29.6","","Opened","7.416","4","Safe","Calm","0.0","52","14.9","9.8","1002.8","1014.3"
"2026-09-07","20:39:36","Clear","Dry","Dark","-0.5","23.7","3264","57232","25.5","33%","29.6","","Opened","7.414","4","Safe","Calm","0.0","52","15.0","9.8","1002.8","1014.3"
"2026-09-07","20:39:46","Clear","Dry","Dark","-0.5","23.7","3328","57232","25.5","33%","29.6","","Opened","7.271","4","Safe","Calm","0.0","52","15.0","9.8","1002.9","1014.4"
"2026-09-07","20:39:56","Clear","Dry","Dark","-0.4","23.7","3264","57232","25.5","33%","29.6","","Opened","7.646","4","Safe","Calm","0.0","52","15.0","9.8","1002.8","1014.3"
"2026-09-07","20:40:06","Clear","Dry","Dark","-0.4","23.7","3328","57232","25.4","33%","29.6","","Opened","7.350","4","Safe","Calm","0.0","52","14.9","9.8","1002.9","1014.4"
"2026-09-07","20:40:16","Clear","Dry","Dark","-0.5","23.7","3328","57232","25.4","33%","29.6","","Opened","7.325","4","Safe","Calm","0.0","52","15.0","9.8","1002.9","1014.4"
"2026-09-07","20:40:26","Clear","Dry","Dark","-0.5","23.7","3328","57232","25.4","33%","29.6","","Opened","7.325","4","Safe","Calm","0.0","52","15.0","9.7","1002.8","1014.3"
"2026-09-07","20:40:36","Clear","Dry","Dark","-0.6","23.7","3328","57232","25.4","33%","29.7","","Opened","7.401","4","Safe","Calm","0.0","52","15.0","9.6","1002.8","1014.3"
"2026-09-07","20:40:46","Clear","Dry","Dark","-0.5","23.7","3328","57232","25.4","33%","29.7","","Opened","7.334","4","Safe","Calm","0.0","52","14.9","9.7","1002.8","1014.3"
"2026-09-07","20:40:56","Clear","Dry","Dark","-0.4","23.7","3328","57232","25.4","33%","29.6","","Opened","7.555","4","Safe","Calm","0.0","52","14.9","9.8","1002.8","1014.3"
"2026-09-07","20:41:06","Clear","Dry","Dark","-0.5","23.7","3328","57232","25.4","33%","29.6","","Opened","7.416","4","Safe","Calm","0.0","52","15.0","9.7","1002.8","1014.3"
"2026-09-07","20:41:16","Clear","Dry","Dark","-0.5","23.7","3328","57232","25.4","33%","29.5","","Opened","7.280","4","Safe","Calm","0.0","52","15.0","9.7","1002.9","1014.4"
"2026-09-07","20:41:26","Clear","Dry","Dark","-0.5","23.7","3328","57232","25.4","33%","29.6","","Opened","7.410","4","Safe","Calm","0.0","53","15.0","9.7","1002.8","1014.3"
"2026-09-07","20:41:36","Clear","Dry","Dark","-0.5","23.7","3264","57232","25.4","33%","29.5","","Opened","7.673","4","Safe","Calm","0.0","52","15.0","9.7","1002.9","1014.4"
"2026-09-07","20:41:46","Clear","Dry","Dark","-0.4","23.7","3328","57232","25.4","33%","29.5","","Opened","7.376","4","Safe","Calm","0.6","53","15.0","9.8","1002.9","1014.4"
"2026-09-07","20:41:57","Clear","Dry","Dark","-0.5","23.7","3328","57232","25.4","33%","29.5","","Opened","7.994","4","Safe","Calm","0.6","53","15.0","9.7","1002.8","1014.3"
"2026-09-07","20:42:06","Clear","Dry","Dark","-0.3","23.7","3328","57232","25.4","33%","29.4","","Opened","7.330","4","Safe","Calm","1.4","52","15.0","9.9","1002.8","1014.3"
"2026-09-07","20:42:16","Clear","Dry","Dark","-0.5","23.7","3328","57232","25.4","33%","29.4","","Opened","7.396","4","Safe","Calm","2.3","52","15.0","9.7","1002.9","1014.5"
"2026-09-07","20:42:26","Clear","Dry","Dark","-0.4","23.7","3328","57232","25.3","33%","29.2","","Opened","7.386","4","Safe","Calm","3.1","53","14.9","9.8","1002.8","1014.3"
"2026-09-07","20:42:36","Clear","Dry","Dark","-0.4","23.8","3264","57232","25.4","33%","29.2","","Opened","7.361","4","Safe","Calm","3.8","53","15.0","9.8","1002.9","1014.4"
"2026-09-07","20:42:46","Clear","Dry","Dark","-0.4","23.8","3328","57232","25.3","33%","29.2","","Opened","7.499","4","Safe","Calm","3.8","53","15.0","9.8","1002.8","1014.3"
"2026-09-07","20:42:56","Clear","Dry","Dark","-0.4","23.8","3264","57232","25.3","33%","29.4","","Opened","7.543","4","Safe","Calm","3.8","53","14.9","9.7","1002.9","1014.4"
"2026-09-07","20:43:06","Clear","Dry","Dark","-0.5","23.7","3264","57232","25.3","33%","29.4","","Opened","7.349","4","Safe","Calm","3.0","53","14.9","9.6","1002.8","1014.3"
"2026-09-07","20:43:16","Clear","Dry","Dark","-0.4","23.7","3328","57232","25.3","33%","29.5","","Opened","7.320","4","Safe","Calm","2.1","52","14.9","9.8","1002.9","1014.5"
"2026-09-07","20:43:26","Clear","Dry","Dark","-0.4","23.7","3328","57232","25.3","33%","29.5","","Opened","7.337","4","Safe","Calm","1.3","53","15.0","9.8","1002.8","1014.3"
"2026-09-07","20:43:36","Clear","Dry","Dark","-0.4","23.7","3328","57232","25.3","33%","29.5","","Opened","7.276","4","Safe","Calm","0.6","53","14.9","9.8","1002.9","1014.4"
"2026-09-07","20:43:46","Clear","Dry","Dark","-0.3","23.7","3328","57232","25.3","33%","29.5","","Opened","7.409","4","Safe","Calm","0.0","53","14.9","9.8","1002.9","1014.4"
"2026-09-07","20:43:56","Clear","Dry","Dark","-0.5","23.7","3322","57232","25.3","33%","29.5","","Opened","7.628","4","Safe","Calm","0.0","53","15.0","9.7","1002.9","1014.4"
"2026-09-07","20:44:06","Clear","Dry","Dark","-0.3","23.7","3314","57232","25.3","33%","29.5","","Opened","7.619","4","Safe","Calm","0.0","53","15.0","9.9","1002.8","1014.3"
"2026-09-07","20:44:16","Clear","Dry","Dark","-0.4","23.7","3264","57232","25.3","33%","29.5","","Opened","7.329","4","Safe","Calm","0.0","53","15.0","9.7","1002.8","1014.3"
"2026-09-07","20:44:26","Clear","Dry","Dark","-0.4","23.7","3328","57232","25.3","33%","29.5","","Opened","7.296","4","Safe","Calm","0.0","53","15.0","9.7","1002.8","1014.3"
"2026-09-07","20:44:36","Clear","Dry","Dark","-0.5","23.7","3278","57232","25.3","33%","29.5","","Opened","7.402","4","Safe","Calm","0.0","53","15.0","9.6","1002.9","1014.4"
"2026-09-07","20:44:46","Clear","Dry","Dark","-0.5","23.7","3315","57232","25.3","33%","29.5","","Opened","7.420","4","Safe","Calm","0.0","53","15.0","9.6","1002.9","1014.4"
"2026-09-07","20:44:56","Clear","Dry","Dark","-0.5","23.7","3328","57232","25.3","33%","29.5","","Opened","7.730","4","Safe","Calm","0.0","53","15.0","9.7","1002.9","1014.5"
"2026-09-07","20:45:06","Clear","Dry","Dark","-0.4","23.7","3264","57232","25.3","33%","29.4","","Opened","7.319","4","Safe","Calm","0.0","53","15.0","9.7","1002.9","1014.4"
"2026-09-07","20:45:16","Clear","Dry","Dark","-0.5","23.7","3264","57232","25.3","33%","29.4","","Opened","7.320","4","Safe","Calm","0.0","53","15.0","9.6","1002.9","1014.5"
"2026-09-07","20:45:26","Clear","Dry","Dark","-0.5","23.7","3264","57232","25.3","33%","29.4","","Opened","7.389","4","Safe","Calm","0.0","53","15.0","9.6","1002.8","1014.3"
"2026-09-07","20:45:36","Clear","Dry","Dark","-0.5","23.7","3327","57232","25.3","33%","29.5","","Opened","7.441","4","Safe","Calm","0.0","53","15.0","9.6","1002.8","1014.3"
"2026-09-07","20:45:46","Clear","Dry","Dark","-0.5","23.6","3264","57232","25.3","33%","29.5","","Opened","7.416","4","Safe","Calm","0.0","53","14.9","9.6","1002.9","1014.4"
"2026-09-07","20:45:56","Clear","Dry","Dark","-0.3","23.6","3328","57232","25.2","33%","29.5","","Opened","7.724","4","Safe","Calm","0.0","53","14.9","9.8","1002.9","1014.4"
"2026-09-07","20:46:06","Clear","Dry","Dark","-0.5","23.6","3328","57232","25.2","33%","29.5","","Opened","7.365","4","Safe","Calm","0.0","53","15.0","9.6","1002.9","1014.4"
"2026-09-07","20:46:16","Clear","Dry","Dark","-0.5","23.6","3294","57232","25.2","33%","29.5","","Opened","7.377","4","Safe","Calm","0.0","53","15.0","9.7","1002.9","1014.4"
"2026-09-07","20:46:26","Clear","Dry","Dark","-0.5","23.6","3264","57232","25.2","33%","29.5","","Opened","7.355","4","Safe","Calm","0.0","53","15.0","9.6","1002.9","1014.4"
"2026-09-07","20:46:36","Clear","Dry","Dark","-0.5","23.6","3310","57232","25.2","33%","29.5","","Opened","7.330","4","Safe","Calm","0.0","53","14.9","9.6","1002.8","1014.3"
"2026-09-07","20:46:46","Clear","Dry","Dark","-0.5","23.6","3291","57232","25.2","33%","29.5","","Opened","7.418","4","Safe","Calm","0.0","53","14.9","9.6","1002.8","1014.3"
"2026-09-07","20:46:56","Clear","Dry","Dark","-0.6","23.6","3280","57232","25.2","33%","29.5","","Opened","7.599","4","Safe","Calm","0.0","53","15.0","9.5","1002.8","1014.3"
"2026-09-07","20:47:06","Clear","Dry","Dark","-0.5","23.6","3273","57232","25.2","33%","29.5","","Opened","7.387","4","Safe","Calm","0.0","53","14.9","9.6","1002.9","1014.4"
"2026-09-07","20:47:16","Clear","Dry","Dark","-0.6","23.5","3278","57232","25.2","33%","29.5","","Opened","7.366","4","Safe","Calm","0.0","53","14.9","9.5","1002.8","1014.4"
"2026-09-07","20:47:26","Clear","Dry","Dark","-0.5","23.5","3314","57232","25.2","33%","29.4","","Opened","7.335","4","Safe","Calm","0.0","53","14.9","9.6","1002.9","1014.4"
"2026-09-07","20:47:36","Clear","Dry","Dark","-0.4","23.5","3328","57232","25.2","33%","29.4","","Opened","7.350","4","Safe","Calm","0.0","53","14.9","9.7","1002.8","1014.4"
"2026-09-07","20:47:46","Clear","Dry","Dark","-0.5","23.5","3264","57232","25.2","33%","29.4","","Opened","7.370","4","Safe","Calm","0.0","53","14.9","9.5","1002.8","1014.4"
"2026-09-07","20:47:56","Clear","Dry","Dark","-0.5","23.5","3264","57232","25.2","33%","29.2","","Opened","7.649","4","Safe","Calm","0.0","53","14.9","9.6","1002.8","1014.4"
"2026-09-07","20:48:06","Clear","Dry","Dark","-0.4","23.5","3273","57232","25.2","33%","29.2","","Opened","7.421","4","Safe","Calm","0.0","53","14.9","9.7","1002.9","1014.4"
"2026-09-07","20:48:16","Clear","Dry","Dark","-0.5","23.5","3264","57232","25.1","33%","29.2","","Opened","7.449","4","Safe","Calm","0.0","53","14.9","9.6","1002.8","1014.4"
"2026-09-07","20:48:26","Clear","Dry","Dark","-0.4","23.5","3270","57232","25.1","33%","29.2","","Opened","7.341","4","Safe","Calm","0.0","53","14.9","9.7","1002.8","1014.4"
"2026-09-07","20:48:36","Clear","Dry","Dark","-0.5","23.5","3328","57232","25.1","33%","29.2","","Opened","7.343","4","Safe","Calm","0.0","53","14.9","9.6","1002.9","1014.4"
"2026-09-07","20:48:46","Clear","Dry","Dark","-0.4","23.4","3328","57232","25.1","33%","29.2","","Opened","7.308","4","Safe","Calm","0.0","53","14.9","9.6","1002.8","1014.4"
"2026-09-07","20:48:56","Clear","Dry","Dark","-0.5","23.5","3264","57232","25.1","33%","29.2","","Opened","7.511","4","Safe","Calm","0.0","53","14.9","9.6","1002.9","1014.4"
"2026-09-07","20:49:06","Clear","Dry","Dark","-0.4","23.4","3264","57232","25.1","33%","29.2","","Opened","7.399","4","Safe","Calm","0.0","53","14.9","9.6","1002.9","1014.4"
"2026-09-07","20:49:16","Clear","Dry","Dark","-0.3","23.4","3268","57232","25.1","33%","29.1","","Opened","7.365","4","Safe","Calm","0.0","53","14.9","9.7","1002.9","1014.4"
"2026-09-07","20:49:26","Clear","Dry","Dark","-0.4","23.4","3267","57232","25.1","33%","29.1","","Opened","7.345","4","Safe","Calm","0.0","53","14.9","9.7","1002.9","1014.4"
"2026-09-07","20:49:36","Clear","Dry","Dark","-0.5","23.4","3278","57232","25.0","33%","29.1","","Opened","7.465","4","Safe","Calm","0.0","53","14.9","9.5","1002.9","1014.4"
"2026-09-07","20:49:46","Clear","Dry","Dark","-0.5","23.4","3270","57232","25.1","33%","29.1","","Opened","7.290","4","Safe","Calm","0.0","53","14.9","9.5","1002.8","1014.4"
"2026-09-07","20:49:56","Clear","Dry","Dark","-0.3","23.4","3268","57232","25.1","33%","29.1","","Opened","7.640","4","Safe","Calm","0.0","53","14.9","9.7","1002.9","1014.4"
"2026-09-07","20:50:06","Clear","Dry","Dark","-0.2","23.4","3269","57232","25.0","33%","29.1","","Opened","7.408","4","Safe","Calm","0.0","53","14.9","9.8","1002.9","1014.4"
"2026-09-07","20:50:16","Clear","Dry","Dark","-0.2","23.4","3268","57232","25.0","33%","29.0","","Opened","7.410","4","Safe","Calm","0.0","54","14.9","9.8","1002.9","1014.4"
"2026-09-07","20:50:26","Clear","Dry","Dark","-0.4","23.4","3271","57232","25.0","33%","29.0","","Opened","7.397","4","Safe","Calm","0.0","54","15.0","9.6","1002.9","1014.5"
"2026-09-07","20:50:36","Clear","Dry","Dark","-0.4","23.4","3267","57232","25.0","33%","29.0","","Opened","7.401","4","Safe","Calm","0.0","53","14.9","9.6","1002.9","1014.4"
"2026-09-07","20:50:46","Clear","Dry","Dark","-0.4","23.4","3270","57232","25.0","33%","29.0","","Opened","7.381","4","Safe","Calm","0.0","53","14.9","9.6","1002.9","1014.4"
"2026-09-07","20:50:56","Clear","Dry","Dark","-0.4","23.4","3271","57232","25.0","33%","29.1","","Opened","7.543","4","Safe","Calm","0.0","53","14.9","9.6","1002.9","1014.4"
"2026-09-07","20:51:06","Clear","Dry","Dark","-0.4","23.4","3264","57232","25.0","33%","29.2","","Opened","7.366","4","Safe","Calm","0.0","53","14.9","9.6","1002.9","1014.4"
"2026-09-07","20:51:16","Clear","Dry","Dark","-0.1","23.4","3264","57232","25.0","33%","29.1","","Opened","7.380","4","Safe","Calm","0.0","53","14.8","9.9","1002.9","1014.5"
"2026-09-07","20:51:26","Clear","Dry","Dark","-0.2","23.4","3282","57232","25.0","33%","29.1","","Opened","7.333","4","Safe","Calm","0.0","54","14.9","9.7","1002.9","1014.4"
"2026-09-07","20:51:36","Clear","Dry","Dark","-0.3","23.4","3319","57232","25.0","33%","29.2","","Opened","7.459","4","Safe","Calm","0.0","54","14.9","9.6","1003.0","1014.5"
"2026-09-07","20:51:46","Clear","Dry","Dark","-0.1","23.4","3277","57232","25.0","33%","29.2","","Opened","7.303","4","Safe","Calm","0.0","54","14.9","9.9","1002.9","1014.4"
"2026-09-07","20:51:56","Clear","Dry","Dark","-0.3","23.4","3264","57232","24.9","33%","29.1","","Opened","7.575","4","Safe","Calm","0.0","54","14.9","9.7","1002.9","1014.4"
"2026-09-07","20:52:06","Clear","Dry","Dark","-0.2","23.4","3328","57232","25.0","33%","29.2","","Opened","7.426","4","Safe","Calm","0.0","54","14.9","9.7","1002.9","1014.4"
"2026-09-07","20:52:16","Clear","Dry","Dark","-0.1","23.4","3264","57232","25.0","33%","29.1","","Opened","7.300","4","Safe","Calm","0.0","54","14.9","9.8","1002.9","1014.4"
"2026-09-07","20:52:26","Clear","Dry","Dark","-0.2","23.4","3265","57232","24.9","33%","29.1","","Opened","7.406","4","Safe","Calm","0.0","54","14.9","9.7","1002.9","1014.4"
"2026-09-07","20:52:36","Clear","Dry","Dark","-0.4","23.4","3328","57232","24.9","33%","29.1","","Opened","7.351","4","Safe","Calm","0.0","54","14.9","9.6","1002.9","1014.4"
"2026-09-07","20:52:46","Clear","Dry","Dark","-0.4","23.4","3323","57232","24.9","33%","29.1","","Opened","7.360","4","Safe","Calm","0.0","54","14.8","9.6","1002.9","1014.4"
"2026-09-07","20:52:57","Clear","Dry","Dark","-0.3","23.4","3326","57232","24.9","33%","29.1","","Opened","7.764","4","Safe","Calm","0.0","54","14.9","9.6","1002.9","1014.4"
"2026-09-07","20:53:06","Clear","Dry","Dark","-0.1","23.4","3264","57232","24.9","33%","29.1","","Opened","7.320","4","Safe","Calm","0.0","54","14.9","9.8","1002.9","1014.5"
"2026-09-07","20:53:16","Clear","Dry","Dark","-0.2","23.4","3328","57232","24.9","33%","29.0","","Opened","7.456","4","Safe","Calm","0.0","54","14.9","9.8","1002.9","1014.4"
"2026-09-07","20:53:26","Clear","Dry","Dark","-0.3","23.4","3268","57232","24.9","33%","29.0","","Opened","7.435","4","Safe","Calm","0.0","54","14.9","9.6","1002.9","1014.4"
"2026-09-07","20:53:36","Clear","Dry","Dark","0.0","23.4","3264","57232","24.9","33%","29.0","","Opened","7.421","4","Safe","Calm","0.0","54","14.9","9.9","1002.9","1014.5"
"2026-09-07","20:53:46","Clear","Dry","Dark","-0.3","23.4","3264","57232","24.9","33%","29.0","","Opened","7.365","4","Safe","Calm","0.0","54","14.9","9.6","1003.1","1014.6"
"2026-09-07","20:53:57","Clear","Dry","Dark","-0.4","23.4","3264","57232","24.8","33%","29.0","","Opened","7.693","4","Safe","Calm","0.0","54","14.8","9.5","1002.9","1014.4"
"2026-09-07","20:54:06","Clear","Dry","Dark","-0.4","23.4","3267","57232","24.8","33%","28.9","","Opened","7.639","4","Safe","Calm","0.0","54","14.8","9.5","1002.9","1014.4"
"2026-09-07","20:54:16","Clear","Dry","Dark","-0.2","23.3","3275","57232","24.8","33%","28.9","","Opened","7.490","4","Safe","Calm","0.0","54","14.8","9.7","1002.9","1014.4"
"2026-09-07","20:54:26","Clear","Dry","Dark","-0.1","23.4","3268","57232","24.8","33%","28.9","","Opened","7.459","4","Safe","Calm","0.0","54","14.8","9.7","1002.9","1014.5"
"2026-09-07","20:54:36","Clear","Dry","Dark","-0.1","23.4","3274","57232","24.8","33%","28.8","","Opened","7.369","4","Safe","Calm","0.0","54","14.8","9.8","1002.9","1014.4"
"2026-09-07","20:54:46","Clear","Dry","Dark","-0.1","23.4","3268","57232","24.8","33%","28.8","","Opened","7.616","4","Safe","Calm","0.0","54","14.8","9.7","1002.9","1014.5"
"2026-09-07","20:54:57","Clear","Dry","Dark","-0.2","23.3","3270","57232","24.8","33%","28.8","","Opened","7.725","4","Safe","Calm","0.0","54","14.8","9.7","1002.9","1014.5"
"2026-09-07","20:55:06","Clear","Dry","Dark","-0.1","23.3","3265","57232","24.8","33%","28.8","","Opened","7.399","4","Safe","Calm","0.0","54","14.8","9.8","1002.9","1014.4"
"2026-09-07","20:55:16","Clear","Dry","Dark","-0.3","23.3","3310","57232","24.8","33%","28.9","","Opened","7.440","4","Safe","Calm","0.0","54","14.8","9.6","1002.9","1014.5"
"2026-09-07","20:55:26","Clear","Wet","Dark","0.0","23.3","3200","57232","24.8","33%","28.9","","Opened","7.461","4","Safe","Calm","0.6","54","14.8","9.9","1002.9","1014.4"
"2026-09-07","20:55:36","Clear","Dry","Dark","-0.2","23.3","3278","57232","24.8","33%","28.8","","Opened","7.406","4","Safe","Calm","1.4","54","14.8","9.7","1002.9","1014.4"
"2026-09-07","20:55:46","Clear","Dry","Dark","-0.1","23.3","3279","57232","24.7","33%","28.7","","Opened","7.369","4","Safe","Calm","2.1","54","14.8","9.7","1002.9","1014.4"
"2026-09-07","20:55:57","Clear","Dry","Dark","-0.4","23.3","3290","57232","24.7","33%","28.8","","Opened","7.848","4","Safe","Calm","2.1","54","14.8","9.5","1002.9","1014.4"
"2026-09-07","20:56:06","Clear","Dry","Dark","-0.1","23.3","3233","57232","24.7","33%","28.8","","Opened","7.365","4","Safe","Calm","2.7","54","14.8","9.7","1002.8","1014.4"
"2026-09-07","20:56:16","Clear","Dry","Dark","-0.1","23.3","3237","57232","24.7","33%","28.8","","Opened","7.484","4","Safe","Calm","3.3","54","14.8","9.8","1002.9","1014.4"
"2026-09-07","20:56:26","Clear","Dry","Dark","-0.1","23.3","3275","57232","24.7","33%","28.8","","Opened","7.465","4","Safe","Calm","3.3","54","14.8","9.7","1002.9","1014.5"
"2026-09-07","20:56:36","Clear","Dry","Dark","-0.3","23.3","3268","57232","24.7","33%","28.8","","Opened","7.366","4","Safe","Calm","3.2","54","14.8","9.6","1002.9","1014.4"
"2026-09-07","20:56:46","Clear","Dry","Dark","-0.4","23.3","3266","57232","24.7","33%","28.8","","Opened","7.439","4","Safe","Calm","3.2","54","14.8","9.5","1003.0","1014.6"
"2026-09-07","20:56:56","Clear","Dry","Dark","-0.3","23.3","3265","57232","24.7","33%","28.8","","Opened","7.539","4","Safe","Calm","4.0","54","14.8","9.5","1002.9","1014.4"
"2026-09-07","20:57:06","Clear","Dry","Dark","-0.2","23.3","3266","57232","24.7","33%","28.7","","Opened","7.461","4","Safe","Calm","4.1","54","14.8","9.6","1002.9","1014.4"
"2026-09-07","20:57:16","Clear","Dry","Dark","-0.2","23.3","3302","57232","24.7","33%","28.7","","Opened","7.460","4","Safe","Calm","4.1","54","14.8","9.6","1002.9","1014.4"
"2026-09-07","20:57:26","Clear","Dry","Dark","-0.2","23.3","3266","57232","24.7","33%","28.7","","Opened","7.409","4","Safe","Calm","4.3","54","14.8","9.6","1002.8","1014.4"
"2026-09-07","20:57:36","Clear","Dry","Dark","-0.2","23.3","3274","57232","24.7","33%","28.7","","Opened","7.290","4","Safe","Calm","4.3","54","14.8","9.6","1002.9","1014.4"
"2026-09-07","20:57:46","Clear","Dry","Dark","-0.3","23.3","3274","57232","24.6","33%","28.7","","Opened","7.376","4","Safe","Calm","4.4","54","14.7","9.5","1002.9","1014.4"
"2026-09-07","20:57:57","Clear","Dry","Dark","-0.2","23.3","3226","57232","24.7","33%","28.7","","Opened","7.919","4","Safe","Calm","4.5","54","14.8","9.6","1002.9","1014.4"
"2026-09-07","20:58:06","Clear","Dry","Dark","-0.2","23.3","3268","57232","24.6","33%","28.6","","Opened","7.404","4","Safe","Calm","4.4","54","14.8","9.6","1002.8","1014.4"
"2026-09-07","20:58:16","Clear","Dry","Dark","0.0","23.2","3212","57232","24.6","33%","28.6","","Opened","7.430","4","Safe","Calm","4.7","54","14.8","9.7","1002.8","1014.4"
"2026-09-07","20:58:26","Clear","Dry","Dark","-0.3","23.2","3293","57232","24.6","33%","28.6","","Opened","7.395","4","Safe","Calm","4.7","54","14.8","9.5","1002.8","1014.4"
"2026-09-07","20:58:36","Clear","Dry","Dark","-0.2","23.2","3230","57232","24.6","33%","28.6","","Opened","7.539","4","Safe","Calm","4.7","54","14.7","9.5","1002.9","1014.4"
"2026-09-07","20:58:46","Clear","Dry","Dark","-0.2","23.2","3204","57232","24.6","33%","28.7","","Opened","7.425","4","Safe","Calm","4.5","54","14.7","9.6","1002.9","1014.4"
"2026-09-07","20:58:57","Clear","Dry","Dark","-0.2","23.2","3201","57232","24.6","33%","28.7","","Opened","7.720","4","Safe","Calm","3.6","54","14.8","9.5","1002.9","1014.4"
"2026-09-07","20:59:06","Clear","Dry","Dark","-0.3","23.2","3200","57232","24.6","33%","28.6","","Opened","7.534","4","Safe","Calm","3.0","54","14.8","9.5","1002.9","1014.4"
"2026-09-07","20:59:16","Clear","Dry","Dark","-0.3","23.2","3201","57232","24.6","33%","28.7","","Opened","7.500","4","Safe","Calm","2.1","54","14.7","9.5","1002.9","1014.4"
"2026-09-07","20:59:27","Clear","Dry","Dark","-0.2","23.1","3200","57232","24.6","33%","28.7","","Opened","7.745","4","Safe","Calm","1.3","54","14.8","9.5","1002.9","1014.4"
"2026-09-07","20:59:36","Clear","Dry","Dark","-0.2","23.1","3200","57232","24.6","33%","28.7","","Opened","7.495","4","Safe","Calm","0.6","54","14.8","9.6","1002.9","1014.4"
"2026-09-07","20:59:46","Clear","Dry","Dark","-0.3","23.1","3200","57232","24.6","33%","28.7","","Opened","7.325","4","Safe","Calm","0.0","54","14.8","9.5","1002.9","1014.4"
"2026-09-07","20:59:57","Clear","Dry","Dark","-0.2","23.1","3200","57232","24.5","33%","28.7","","Opened","7.844","4","Safe","Calm","0.0","55","14.8","9.5","1002.9","1014.5"
"2026-09-07","21:00:06","Clear","Dry","Dark","-0.1","23.1","3200","57232","24.5","33%","28.6","","Opened","7.506","4","Safe","Calm","0.0","55","14.8","9.6","1002.9","1014.4"
"2026-09-07","21:00:16","Clear","Dry","Dark","-0.2","23.1","3200","57232","24.5","33%","28.6","","Opened","7.321","4","Safe","Calm","0.0","55","14.8","9.5","1002.9","1014.4"
"2026-09-07","21:00:26","Clear","Dry","Dark","-0.1","23.1","3200","57232","24.5","33%","28.6","","Opened","7.510","4","Safe","Calm","0.9","55","14.8","9.7","1002.9","1014.4"
"2026-09-07","21:00:36","Clear","Dry","Dark","-0.2","23.1","3200","57232","24.5","33%","28.5","","Opened","7.455","4","Safe","Calm","1.8","55","14.8","9.5","1002.9","1014.4"
"2026-09-07","21:00:46","Clear","Dry","Dark","-0.1","23.1","3200","57232","24.5","33%","28.4","","Opened","7.441","4","Safe","Calm","2.6","55","14.8","9.6","1002.9","1014.5"
"2026-09-07","21:00:57","Clear","Dry","Dark","-0.1","23.1","3200","57232","24.5","33%","28.5","","Opened","7.730","4","Safe","Calm","3.5","55","14.8","9.6","1002.9","1014.4"
"2026-09-07","21:01:06","Clear","Dry","Dark","0.0","23.2","3200","57232","24.5","33%","28.4","","Opened","7.460","4","Safe","Calm","4.3","55","14.8","9.7","1002.9","1014.5"
"2026-09-07","21:01:16","Clear","Dry","Dark","0.0","23.1","3200","57232","24.5","33%","28.4","","Opened","7.476","4","Safe","Calm","5.2","55","14.8","9.7","1002.9","1014.4"
"2026-09-07","21:01:26","Clear","Dry","Dark","-0.2","23.2","3200","57232","24.5","33%","28.4","","Opened","7.484","4","Safe","Calm","5.1","55","14.8","9.5","1002.9","1014.5"
"2026-09-07","21:01:36","Clear","Dry","Dark","-0.1","23.2","3200","57232","24.5","33%","28.4","","Opened","7.370","4","Safe","Calm","5.0","55","14.8","9.6","1002.9","1014.5"
"2026-09-07","21:01:46","Clear","Dry","Dark","0.1","23.2","3200","57232","24.5","33%","28.4","","Opened","7.391","4","Safe","Calm","4.8","55","14.8","9.7","1002.9","1014.5"
"2026-09-07","21:01:57","Clear","Dry","Dark","0.1","23.2","3200","57232","24.5","33%","28.4","","Opened","7.900","4","Safe","Calm","4.8","55","14.8","9.8","1002.9","1014.4"
"2026-09-07","21:02:06","Clear","Dry","Dark","-0.1","23.2","3200","57232","24.5","33%","28.3","","Opened","7.474","4","Safe","Calm","5.0","55","14.8","9.6","1002.9","1014.5"
"2026-09-07","21:02:16","Clear","Dry","Dark","0.0","23.2","3200","57232","24.5","33%","28.3","","Opened","7.450","4","Safe","Calm","5.0","55","14.9","9.7","1002.9","1014.4"
"2026-09-07","21:02:26","Clear","Dry","Dark","-0.1","23.2","3200","57232","24.4","33%","28.3","","Opened","7.441","4","Safe","Calm","4.8","55","14.9","9.6","1003.0","1014.6"
"2026-09-07","21:02:36","Clear","Dry","Dark","0.0","23.2","3200","57232","24.5","33%","28.4","","Opened","7.455","4","Safe","Calm","4.7","55","14.9","9.7","1002.9","1014.5"
"2026-09-07","21:02:46","Clear","Dry","Dark","0.0","23.2","3200","57232","24.5","33%","28.4","","Opened","7.470","4","Safe","Calm","4.7","55","15.0","9.6","1002.9","1014.4"
"2026-09-07","21:02:57","Clear","Dry","Dark","0.0","23.2","3200","57232","24.4","33%","28.4","","Opened","7.764","4","Safe","Calm","4.4","55","14.9","9.6","1002.9","1014.4"
"2026-09-07","21:03:06","Clear","Dry","Dark","0.2","23.2","3200","57232","24.5","33%","28.4","","Opened","7.416","4","Safe","Calm","4.4","55","14.9","9.9","1002.9","1014.5"
"2026-09-07","21:03:16","Clear","Dry","Dark","-0.1","23.2","3200","57232","24.5","33%","28.5","","Opened","7.449","4","Safe","Calm","4.1","55","15.0","9.6","1002.9","1014.4"
"2026-09-07","21:03:26","Clear","Dry","Dark","-0.1","23.2","3200","57232","24.5","33%","28.5","","Opened","7.380","4","Safe","Calm","3.5","55","14.9","9.6","1002.9","1014.5"
"2026-09-07","21:03:36","Clear","Dry","Dark","0.1","23.2","3200","57232","24.5","33%","28.6","","Opened","7.451","4","Safe","Calm","3.5","55","14.9","9.8","1002.9","1014.5"
"2026-09-07","21:03:46","Clear","Dry","Dark","0.0","23.2","3200","57232","24.5","33%","28.6","","Opened","7.314","4","Safe","Calm","3.5","55","14.9","9.7","1002.9","1014.5"
"2026-09-07","21:03:57","Clear","Dry","Dark","0.0","23.2","3200","57232","24.5","33%","28.6","","Opened","7.745","4","Safe","Calm","2.8","55","15.0","9.7","1003.0","1014.6"
"2026-09-07","21:04:06","Clear","Dry","Dark","0.3","23.2","3200","57232","24.5","33%","28.6","","Opened","7.426","4","Safe","Calm","2.6","55","15.0","10.0","1002.9","1014.4"
"2026-09-07","21:04:16","Clear","Dry","Dark","0.0","23.2","3200","57232","24.5","33%","28.6","","Opened","7.456","4","Safe","Calm","2.6","56","15.1","9.7","1002.9","1014.4"
"2026-09-07","21:04:26","Clear","Dry","Dark","0.0","23.2","3200","57232","24.5","33%","28.6","","Opened","7.365","4","Safe","Calm","3.2","56","15.1","9.7","1002.9","1014.4"
"2026-09-07","21:04:36","Clear","Dry","Dark","-0.1","23.3","3200","57232","24.5","33%","28.6","","Opened","7.415","4","Safe","Calm","2.6","56","15.2","9.6","1002.9","1014.5"
"2026-09-07","21:04:46","Clear","Dry","Dark","-0.1","23.3","3200","57232","24.5","33%","28.7","","Opened","7.356","4","Safe","Calm","1.9","56","15.1","9.6","1002.9","1014.4"
"2026-09-07","21:04:57","Clear","Dry","Dark","0.0","23.2","3200","57232","24.5","33%","28.7","","Opened","7.890","4","Safe","Calm","1.9","56","15.1","9.7","1003.0","1014.6"
"2026-09-07","21:05:07","Clear","Dry","Dark","-0.2","23.2","3200","57232","24.5","33%","28.8","Heating DOWN","Opened","7.655","4","Safe","Calm","2.1","56","15.1","9.6","1002.9","1014.5"
"2026-09-07","21:05:16","Clear","Dry","Dark","0.2","23.2","3328","57232","24.5","32%","28.7","","Opened","7.534","4","Safe","Calm","2.3","56","15.1","9.9","1002.9","1014.5"
"2026-09-07","21:05:26","Clear","Dry","Dark","-0.1","23.3","3328","57232","24.5","32%","28.7","","Opened","7.549","4","Safe","Calm","2.3","56","15.1","9.7","1003.0","1014.6"
"2026-09-07","21:05:36","Clear","Dry","Dark","0.0","23.3","3328","57232","24.5","32%","28.7","","Opened","7.449","4","Safe","Calm","3.0","56","15.1","9.7","1002.9","1014.5"
"2026-09-07","21:05:46","Clear","Dry","Dark","-0.1","23.3","3328","57232","24.5","32%","28.8","Heating DOWN","Opened","7.565","4","Safe","Calm","3.0","56","15.1","9.7","1002.9","1014.4"
"2026-09-07","21:05:57","Clear","Dry","Dark","0.2","23.3","3200","57232","24.5","31%","28.7","","Opened","7.775","4","Safe","Calm","3.9","56","15.1","9.9","1002.9","1014.5"
"2026-09-07","21:06:06","Clear","Dry","Dark","0.1","23.3","3200","57232","24.5","31%","28.7","","Opened","7.514","4","Safe","Calm","3.9","56","15.2","9.9","1002.9","1014.4"
"2026-09-07","21:06:16","Clear","Dry","Dark","-0.1","23.3","3200","57232","24.5","31%","28.6","","Opened","7.455","4","Safe","Calm","3.6","56","15.2","9.6","1003.0","1014.6"
"2026-09-07","21:06:26","Clear","Dry","Dark","0.2","23.3","3200","57232","24.5","31%","28.7","","Opened","7.506","4","Safe","Calm","3.9","56","15.2","9.9","1003.1","1014.6"
"2026-09-07","21:06:36","Clear","Dry","Dark","0.1","23.3","3200","57232","24.6","31%","28.6","","Opened","7.405","4","Safe","Calm","4.0","56","15.2","9.9","1003.0","1014.6"
"2026-09-07","21:06:46","Clear","Dry","Dark","-0.2","23.3","3200","57232","24.5","31%","28.6","","Opened","7.630","4","Safe","Calm","4.7","56","15.2","9.5","1002.9","1014.5"
"2026-09-07","21:06:57","Clear","Dry","Dark","-0.2","23.3","3200","57232","24.6","31%","28.6","","Opened","7.953","4","Safe","Calm","3.8","56","15.2","9.6","1003.0","1014.6"
"2026-09-07","21:07:06","Clear","Dry","Dark","0.0","23.3","3200","57232","24.6","31%","28.6","","Opened","7.411","4","Safe","Calm","3.0","56","15.2","9.8","1002.9","1014.5"
"2026-09-07","21:07:16","Clear","Dry","Dark","0.0","23.3","3200","57232","24.6","31%","28.6","","Opened","7.465","4","Safe","Calm","2.3","56","15.2","9.7","1002.9","1014.5"
"2026-09-07","21:07:26","Clear","Dry","Dark","0.2","23.3","3200","57232","24.6","31%","28.6","","Opened","7.410","4","Safe","Calm","1.4","56","15.2","9.9","1002.9","1014.4"
"2026-09-07","21:07:36","Clear","Dry","Dark","0.1","23.4","3200","57232","24.6","31%","28.6","","Opened","7.369","4","Safe","Calm","1.4","56","15.3","9.8","1002.9","1014.5"
"2026-09-07","21:07:46","Clear","Dry","Dark","0.0","23.4","3200","57232","24.6","31%","28.6","","Opened","7.440","4","Safe","Calm","1.4","56","15.3","9.7","1002.9","1014.4"
"2026-09-07","21:07:57","Clear","Dry","Dark","-0.2","23.3","3200","57232","24.6","31%","28.6","","Opened","7.890","4","Safe","Calm","1.4","56","15.3","9.6","1002.9","1014.5"
"2026-09-07","21:08:06","Clear","Dry","Dark","0.0","23.3","3200","57232","24.6","31%","28.7","","Opened","7.385","4","Safe","Calm","1.4","56","15.2","9.7","1002.9","1014.5"
"2026-09-07","21:08:17","Clear","Dry","Dark","0.0","23.3","3200","57232","24.6","31%","28.7","","Opened","7.531","4","Safe","Calm","1.4","56","15.3","9.7","1002.9","1014.5"
"2026-09-07","21:08:26","Clear","Dry","Dark","0.1","23.3","3200","57232","24.6","31%","28.7","","Opened","7.375","4","Safe","Calm","1.4","56","15.3","9.9","1003.0","1014.6"
"2026-09-07","21:08:36","Clear","Dry","Dark","-0.2","23.3","3200","57232","24.6","31%","28.7","","Opened","7.530","4","Safe","Calm","0.6","56","15.2","9.6","1002.9","1014.5"
"2026-09-07","21:08:46","Clear","Dry","Dark","-0.1","23.3","3200","57232","24.6","31%","28.8","","Opened","7.441","4","Safe","Calm","0.0","56","15.2","9.6","1003.1","1014.6"
"2026-09-07","21:08:57","Clear","Dry","Dark","-0.1","23.3","3200","57232","24.6","31%","28.7","","Opened","7.745","4","Safe","Calm","0.6","56","15.2","9.7","1002.9","1014.4"
"2026-09-07","21:09:06","Clear","Dry","Dark","-0.2","23.3","3200","57232","24.6","31%","28.7","","Opened","7.480","4","Safe","Calm","1.3","56","15.3","9.6","1002.9","1014.5"
"2026-09-07","21:09:17","Clear","Dry","Dark","-0.1","23.3","3200","57232","24.6","31%","28.7","","Opened","7.564","4","Safe","Calm","1.9","56","15.2","9.6","1002.9","1014.5"
"2026-09-07","21:09:27","Clear","Dry","Dark","-0.2","23.3","3200","57232","24.6","31%","28.7","","Opened","7.621","4","Safe","Calm","2.6","56","15.2","9.6","1003.0","1014.6"
"2026-09-07","21:09:36","Clear","Dry","Dark","0.0","23.3","3200","57232","24.6","31%","28.6","","Opened","7.440","4","Safe","Calm","2.6","56","15.2","9.7","1003.0","1014.6"
"2026-09-07","21:09:46","Clear","Dry","Dark","-0.4","23.3","3200","57232","24.6","31%","28.6","","Opened","7.415","4","Safe","Calm","2.6","56","15.2","9.4","1002.9","1014.5"
"2026-09-07","21:09:57","Clear","Dry","Dark","-0.3","23.3","3200","57232","24.6","31%","28.7","","Opened","7.865","4","Safe","Calm","1.9","56","15.1","9.5","1003.0","1014.6"
"2026-09-07","21:10:07","Clear","Dry","Dark","-0.4","23.2","3200","57232","24.6","31%","28.7","","Opened","7.590","4","Safe","Calm","1.3","55","15.1","9.4","1003.0","1014.6"
"2026-09-07","21:10:16","Clear","Dry","Dark","-0.3","23.2","3200","57232","24.6","31%","28.7","","Opened","7.490","4","Safe","Calm","0.6","55","15.0","9.5","1002.9","1014.4"
"2026-09-07","21:10:26","Clear","Dry","Dark","-0.3","23.2","3200","57232","24.6","31%","28.7","","Opened","7.490","4","Safe","Calm","0.6","55","15.0","9.5","1003.0","1014.6"
"2026-09-07","21:10:36","Clear","Dry","Dark","-0.1","23.2","3200","57232","24.6","31%","28.7","","Opened","7.501","4","Safe","Calm","1.3","55","15.0","9.6","1002.9","1014.5"
"2026-09-07","21:10:46","Clear","Dry","Dark","-0.4","23.2","3200","57232","24.6","31%","28.6","","Opened","7.419","4","Safe","Calm","1.3","55","15.0","9.4","1002.9","1014.5"
"2026-09-07","21:10:57","Clear","Dry","Dark","-0.4","23.2","3200","57232","24.6","31%","28.6","","Opened","7.720","4","Safe","Calm","1.3","55","15.0","9.4","1003.0","1014.6"
"2026-09-07","21:11:06","Clear","Dry","Dark","-0.3","23.1","3200","57232","24.6","31%","28.7","","Opened","7.371","4","Safe","Calm","1.3","55","15.0","9.4","1002.9","1014.5"
"2026-09-07","21:11:16","Clear","Dry","Dark","-0.4","23.1","3200","57232","24.6","31%","28.8","","Opened","7.340","4","Safe","Calm","1.3","55","14.9","9.3","1003.1","1014.6"
"2026-09-07","21:11:26","Clear","Dry","Dark","-0.4","23.1","3200","57232","24.6","31%","28.8","","Opened","7.306","4","Safe","Calm","0.6","55","14.9","9.3","1002.9","1014.5"
"2026-09-07","21:11:36","Clear","Dry","Dark","-0.4","23.1","3200","57232","24.6","31%","28.8","","Opened","7.390","4","Safe","Calm","0.0","55","14.9","9.3","1002.9","1014.5"
"2026-09-07","21:11:46","Clear","Dry","Dark","-0.4","23.1","3200","57232","24.6","31%","28.8","","Opened","7.425","4","Safe","Calm","0.0","55","14.9","9.4","1002.9","1014.4"
"2026-09-07","21:11:57","Clear","Dry","Dark","-0.4","23.1","3200","57232","24.6","31%","28.8","","Opened","7.690","4","Safe","Calm","0.0","55","14.9","9.4","1003.0","1014.6"
"2026-09-07","21:12:06","Clear","Dry","Dark","-0.4","23.0","3200","57232","24.6","31%","28.7","","Opened","7.430","4","Safe","Calm","0.0","55","14.9","9.3","1002.9","1014.5"
"2026-09-07","21:12:16","Clear","Dry","Dark","-0.3","23.0","3200","57232","24.6","31%","28.7","","Opened","7.479","4","Safe","Calm","0.0","55","14.9","9.4","1003.1","1014.6"
"2026-09-07","21:12:26","Clear","Dry","Dark","-0.4","23.0","3200","57232","24.5","31%","28.8","","Opened","7.326","4","Safe","Calm","0.0","55","14.9","9.4","1002.9","1014.5"
"2026-09-07","21:12:36","Clear","Dry","Dark","-0.4","23.0","3200","57232","24.5","31%","28.7","","Opened","7.391","4","Safe","Calm","0.0","55","14.9","9.3","1003.0","1014.6"
"2026-09-07","21:12:46","Clear","Dry","Dark","-0.4","23.0","3200","57232","24.5","31%","28.7","","Opened","7.400","4","Safe","Calm","0.0","55","14.9","9.3","1003.0","1014.6"
"2026-09-07","21:12:57","Clear","Dry","Dark","-0.1","23.0","3200","57232","24.5","31%","28.7","","Opened","7.800","4","Safe","Calm","0.0","55","14.9","9.6","1002.9","1014.5"
"2026-09-07","21:13:06","Clear","Dry","Dark","-0.4","23.0","3200","57232","24.5","31%","28.6","","Opened","7.383","4","Safe","Calm","0.0","55","14.9","9.4","1002.9","1014.5"
"2026-09-07","21:13:16","Clear","Dry","Dark","-0.1","23.0","3200","57232","24.5","31%","28.6","","Opened","7.397","4","Safe","Calm","0.6","55","14.9","9.6","1002.9","1014.5"
"2026-09-07","21:13:26","Clear","Dry","Dark","-0.2","23.1","3200","57232","24.5","31%","28.5","","Opened","7.398","4","Safe","Calm","1.3","56","15.0","9.5","1003.0","1014.6"
"2026-09-07","21:13:36","Clear","Dry","Dark","-0.3","23.0","3200","57232","24.5","31%","28.5","","Opened","7.419","4","Safe","Calm","1.3","56","15.0","9.4","1002.9","1014.5"
"2026-09-07","21:13:46","Clear","Dry","Dark","-0.3","23.0","3200","57232","24.5","31%","28.5","","Opened","7.445","4","Safe","Calm","1.3","56","15.0","9.4","1003.0","1014.6"
"2026-09-07","21:13:57","Clear","Dry","Dark","-0.4","23.0","3200","57232","24.5","31%","28.6","","Opened","7.628","4","Safe","Calm","1.3","56","15.0","9.3","1002.9","1014.5"
"2026-09-07","21:14:06","Clear","Dry","Dark","-0.3","23.0","3200","57232","24.5","31%","28.7","","Opened","7.361","4","Safe","Calm","1.3","55","15.0","9.4","1002.9","1014.5"
"2026-09-07","21:14:16","Clear","Dry","Dark","-0.1","23.0","3200","57232","24.5","31%","28.7","","Opened","7.379","4","Safe","Calm","0.6","55","15.0","9.6","1003.0","1014.6"
"2026-09-07","21:14:26","Clear","Dry","Dark","-0.2","23.0","3200","57232","24.5","31%","28.7","","Opened","7.415","4","Safe","Calm","0.0","55","15.0","9.5","1002.9","1014.5"
"2026-09-07","21:14:36","Clear","Dry","Dark","-0.2","23.0","3200","57232","24.5","31%","28.7","","Opened","7.370","4","Safe","Calm","0.0","55","15.0","9.5","1003.0","1014.6"
"2026-09-07","21:14:46","Clear","Dry","Dark","-0.3","23.0","3200","57232","24.5","31%","28.7","","Opened","7.327","4","Safe","Calm","0.0","56","15.0","9.4","1003.1","1014.6"
"2026-09-07","21:14:57","Clear","Dry","Dark","-0.2","23.0","3200","57232","24.5","31%","28.6","","Opened","7.864","4","Safe","Calm","0.0","56","15.0","9.5","1003.1","1014.6"
"2026-09-07","21:15:06","Clear","Dry","Dark","-0.2","23.0","3200","57232","24.5","31%","28.6","","Opened","7.422","4","Safe","Calm","0.0","56","15.0","9.5","1003.0","1014.6"
"2026-09-07","21:15:16","Clear","Dry","Dark","-0.2","23.0","3200","57232","24.5","31%","28.6","","Opened","7.430","4","Safe","Calm","0.0","56","15.1","9.4","1002.9","1014.5"
"2026-09-07","21:15:26","Clear","Dry","Dark","-0.1","23.0","3200","57232","24.5","31%","28.6","","Opened","7.489","4","Safe","Calm","0.6","56","15.1","9.6","1002.9","1014.5"
"2026-09-07","21:15:36","Clear","Dry","Dark","-0.2","23.0","3200","57232","24.5","31%","28.6","","Opened","7.346","4","Safe","Calm","0.6","56","15.1","9.5","1002.9","1014.5"
"2026-09-07","21:15:46","Clear","Dry","Dark","-0.2","23.1","3200","57232","24.5","31%","28.5","","Opened","7.461","4","Safe","Calm","0.6","56","15.1","9.5","1003.0","1014.6"
"2026-09-07","21:15:57","Clear","Dry","Dark","-0.3","23.1","3200","57232","24.5","31%","28.5","","Opened","7.720","4","Safe","Calm","0.6","56","15.1","9.4","1003.0","1014.6"
"2026-09-07","21:16:06","Clear","Dry","Dark","-0.2","23.1","3200","57232","24.5","31%","28.5","","Opened","7.346","4","Safe","Calm","0.6","56","15.1","9.4","1002.9","1014.5"
"2026-09-07","21:16:17","Clear","Dry","Dark","-0.2","23.1","3200","57232","24.4","31%","28.4","","Opened","7.733","4","Safe","Calm","0.6","56","15.1","9.5","1003.1","1014.7"
"2026-09-07","21:16:26","Clear","Dry","Dark","-0.4","23.1","3200","57232","24.4","31%","28.5","","Opened","7.326","4","Safe","Calm","0.0","56","15.1","9.3","1003.0","1014.6"
"2026-09-07","21:16:36","Clear","Dry","Dark","-0.3","23.0","3200","57232","24.5","31%","28.5","","Opened","7.501","4","Safe","Calm","0.0","56","15.1","9.4","1003.0","1014.6"
"2026-09-07","21:16:46","Clear","Dry","Dark","-0.1","23.1","3200","57232","24.4","31%","28.5","","Opened","7.354","4","Safe","Calm","0.0","56","15.1","9.6","1003.0","1014.6"
"2026-09-07","21:16:57","Clear","Dry","Dark","-0.4","23.1","3200","57232","24.4","31%","28.5","","Opened","7.698","4","Safe","Calm","0.0","56","15.1","9.3","1002.9","1014.5"
"2026-09-07","21:17:06","Clear","Dry","Dark","-0.2","23.0","3200","57232","24.4","31%","28.5","","Opened","7.433","4","Safe","Calm","0.0","56","15.1","9.5","1003.0","1014.6"
"2026-09-07","21:17:16","Clear","Dry","Dark","-0.4","23.0","3200","57232","24.4","31%","28.6","","Opened","7.395","4","Safe","Calm","0.0","56","15.1","9.3","1003.0","1014.6"
"2026-09-07","21:17:26","Clear","Dry","Dark","-0.4","23.0","3200","57232","24.4","31%","28.6","","Opened","7.297","4","Safe","Calm","0.0","56","15.1","9.3","1003.0","1014.6"
"2026-09-07","21:17:36","Clear","Dry","Dark","-0.3","23.0","3200","57232","24.4","31%","28.6","","Opened","7.361","4","Safe","Calm","0.0","56","15.0","9.4","1003.0","1014.6"
"2026-09-07","21:17:46","Clear","Dry","Dark","-0.4","22.9","3200","57232","24.4","31%","28.7","","Opened","7.342","4","Safe","Calm","0.0","56","15.1","9.3","1003.1","1014.6"
"2026-09-07","21:17:57","Clear","Dry","Dark","-0.4","22.9","3200","57232","24.4","31%","28.7","Heating DOWN","Opened","7.810","4","Safe","Calm","0.0","56","15.0","9.2","1003.1","1014.6"
"2026-09-07","21:18:07","Clear","Dry","Dark","-0.4","22.9","3200","57232","24.4","30%","28.7","Heating DOWN","Opened","7.693","4","Safe","Calm","0.0","56","15.0","9.2","1003.0","1014.6"
"2026-09-07","21:18:16","Clear","Dry","Dark","-0.1","22.9","3200","57232","24.4","30%","28.8","Heating DOWN","Opened","7.494","4","Safe","Calm","0.0","56","15.0","9.6","1003.1","1014.6"
"2026-09-07","21:18:26","Clear","Dry","Dark","-0.4","22.9","3328","57232","24.4","29%","28.7","","Opened","7.419","4","Safe","Calm","0.0","56","15.0","9.3","1003.0","1014.6"
"2026-09-07","21:18:37","Clear","Dry","Dark","0.0","22.9","3328","57232","24.4","29%","28.6","","Opened","7.661","4","Safe","Calm","0.0","56","15.1","9.6","1003.1","1014.6"
"2026-09-07","21:18:46","Clear","Dry","Dark","-0.3","22.9","3328","57232","24.4","29%","28.5","","Opened","7.386","4","Safe","Calm","0.0","56","15.2","9.4","1003.1","1014.6"
"2026-09-07","21:18:57","Clear","Dry","Dark","-0.4","22.9","3328","57232","24.4","29%","28.5","","Opened","7.964","4","Safe","Calm","0.0","56","15.1","9.3","1003.1","1014.6"
"2026-09-07","21:19:06","Clear","Dry","Dark","-0.2","22.9","3328","57232","24.4","29%","28.5","","Opened","7.349","4","Safe","Calm","0.0","56","15.0","9.4","1002.9","1014.5"
"2026-09-07","21:19:16","Clear","Dry","Dark","-0.4","22.9","3328","57232","24.4","29%","28.5","","Opened","7.343","4","Safe","Calm","0.0","56","15.1","9.3","1003.0","1014.6"
"2026-09-07","21:19:26","Clear","Dry","Dark","-0.3","22.9","3328","57232","24.4","29%","28.4","","Opened","7.341","4","Safe","Calm","0.0","56","15.1","9.3","1003.1","1014.6"
"2026-09-07","21:19:37","Clear","Dry","Dark","-0.3","22.9","3328","57232","24.4","29%","28.4","","Opened","7.647","4","Safe","Calm","0.0","56","15.1","9.4","1003.0","1014.6"
"2026-09-07","21:19:46","Clear","Dry","Dark","-0.3","22.9","3328","57232","24.4","29%","28.4","","Opened","7.403","4","Safe","Calm","0.0","56","15.1","9.4","1002.9","1014.5"
"2026-09-07","21:19:57","Clear","Dry","Dark","-0.2","22.9","3328","57232","24.4","29%","28.3","","Opened","7.665","4","Safe","Calm","0.0","56","15.1","9.5","1003.0","1014.6"
"2026-09-07","21:20:06","Clear","Dry","Dark","-0.3","22.9","3328","57232","24.4","29%","28.3","","Opened","7.490","4","Safe","Calm","0.0","56","15.1","9.3","1003.2","1014.8"
"2026-09-07","21:20:16","Clear","Dry","Dark","-0.3","22.9","3328","57232","24.4","29%","28.3","","Opened","7.359","4","Safe","Calm","0.0","56","15.1","9.4","1003.0","1014.6"
"2026-09-07","21:20:26","Clear","Dry","Dark","-0.3","22.9","3328","57232","24.4","29%","28.2","","Opened","7.466","4","Safe","Calm","0.0","56","15.1","9.3","1003.0","1014.6"
"2026-09-07","21:20:36","Clear","Dry","Dark","-0.3","22.9","3328","57232","24.4","29%","28.2","","Opened","7.402","4","Safe","Calm","0.0","56","15.0","9.4","1003.0","1014.6"
"2026-09-07","21:20:46","Clear","Dry","Dark","-0.4","22.9","3328","57232","24.4","29%","28.2","","Opened","7.417","4","Safe","Calm","0.0","56","15.1","9.2","1003.1","1014.7"
"2026-09-07","21:20:57","Clear","Dry","Dark","-0.3","22.9","3328","57232","24.3","29%","28.2","","Opened","7.941","4","Safe","Calm","0.0","56","15.0","9.3","1003.1","1014.6"
"2026-09-07","21:21:06","Clear","Dry","Dark","-0.3","22.9","3328","57232","24.4","29%","28.1","","Opened","7.311","4","Safe","Calm","0.0","56","15.0","9.3","1003.1","1014.7"
"2026-09-07","21:21:16","Clear","Dry","Dark","-0.4","22.9","3328","57232","24.3","29%","28.1","","Opened","7.342","4","Safe","Calm","0.0","56","15.0","9.2","1003.1","1014.6"
"2026-09-07","21:21:26","Clear","Dry","Dark","-0.4","22.9","3328","57232","24.3","29%","28.1","","Opened","7.324","4","Safe","Calm","0.0","56","15.0","9.2","1003.1","1014.6"
"2026-09-07","21:21:36","Clear","Dry","Dark","-0.2","22.8","3328","57232","24.3","29%","28.1","","Opened","7.221","4","Safe","Calm","0.0","56","15.0","9.4","1003.1","1014.6"
"2026-09-07","21:21:46","Clear","Dry","Dark","-0.4","22.8","3328","57232","24.3","29%","28.1","","Opened","7.415","4","Safe","Calm","0.0","56","15.0","9.2","1003.0","1014.6"
"2026-09-07","21:21:57","Clear","Dry","Dark","-0.3","22.8","3328","57232","24.3","29%","28.1","","Opened","7.648","4","Safe","Calm","0.0","56","15.0","9.3","1003.1","1014.6"
"2026-09-07","21:22:06","Clear","Dry","Dark","-0.4","22.8","3328","57232","24.3","29%","28.0","","Opened","7.375","4","Safe","Calm","0.0","56","15.0","9.2","1003.1","1014.6"
"2026-09-07","21:22:17","Clear","Dry","Dark","-0.3","22.8","3328","57232","24.3","29%","28.0","","Opened","7.564","4","Safe","Calm","0.0","56","15.0","9.3","1003.0","1014.6"
"2026-09-07","21:22:26","Clear","Dry","Dark","-0.3","22.8","3328","57232","24.3","29%","27.9","Heating UP","Opened","7.462","4","Safe","Calm","0.0","56","14.9","9.3","1003.1","1014.6"
"2026-09-07","21:22:37","Clear","Dry","Dark","-0.4","22.8","3200","57232","24.2","30%","27.9","Heating UP","Opened","7.679","4","Safe","Calm","0.0","56","14.9","9.2","1003.1","1014.6"
"2026-09-07","21:22:46","Clear","Dry","Dark","-0.3","22.8","3200","57232","24.2","30%","27.9","Heating UP","Opened","7.511","4","Safe","Calm","0.0","56","14.9","9.2","1003.0","1014.6"
"2026-09-07","21:22:57","Clear","Dry","Dark","-0.4","22.8","3200","57232","24.2","31%","27.9","Heating UP","Opened","7.827","4","Safe","Calm","0.0","56","14.9","9.2","1003.0","1014.6"
"2026-09-07","21:23:07","Clear","Dry","Dark","-0.4","22.8","3328","57232","24.3","32%","27.9","Heating UP","Opened","7.628","4","Safe","Calm","0.0","56","14.9","9.2","1003.1","1014.6"
"2026-09-07","21:23:16","Clear","Dry","Dark","-0.2","22.8","3200","57232","24.2","33%","28.0","","Opened","7.387","4","Safe","Calm","0.0","56","14.8","9.4","1003.0","1014.6"
"2026-09-07","21:23:26","Clear","Dry","Dark","-0.3","22.8","3200","57232","24.2","33%","28.0","","Opened","7.365","4","Safe","Calm","0.0","56","14.8","9.3","1003.1","1014.7"
"2026-09-07","21:23:36","Clear","Dry","Dark","-0.4","22.8","3200","57232","24.2","33%","27.9","Heating UP","Opened","7.544","4","Safe","Calm","0.0","56","14.8","9.2","1003.0","1014.6"
"2026-09-07","21:23:46","Clear","Dry","Dark","-0.3","22.8","3200","57232","24.2","34%","27.9","Heating UP","Opened","7.515","4","Safe","Calm","0.0","56","14.9","9.2","1003.0","1014.6"
"2026-09-07","21:23:56","Clear","Dry","Dark","-0.3","22.8","3200","57232","24.2","35%","28.0","","Opened","7.527","4","Safe","Calm","0.0","56","14.9","9.2","1003.1","1014.6"
"2026-09-07","21:24:06","Clear","Dry","Dark","-0.4","22.8","3200","57232","24.2","35%","28.1","","Opened","7.333","4","Safe","Calm","0.0","56","14.9","9.2","1003.1","1014.6"
"2026-09-07","21:24:16","Clear","Dry","Dark","-0.3","22.7","3200","57232","24.2","35%","28.1","","Opened","7.429","4","Safe","Calm","0.0","56","14.9","9.3","1003.1","1014.6"
"2026-09-07","21:24:26","Clear","Dry","Dark","-0.4","22.7","3200","57232","24.2","35%","28.2","","Opened","7.325","4","Safe","Calm","0.0","56","14.8","9.2","1003.0","1014.6"
"2026-09-07","21:24:37","Clear","Dry","Dark","-0.3","22.7","3200","57232","24.2","35%","28.2","","Opened","7.615","4","Safe","Calm","0.0","56","14.8","9.2","1003.0","1014.6"
"2026-09-07","21:24:46","Clear","Dry","Dark","-0.4","22.7","3200","57232","24.2","35%","28.3","","Opened","7.338","4","Safe","Calm","0.0","56","14.8","9.2","1003.1","1014.6"
"2026-09-07","21:24:57","Clear","Dry","Dark","-0.2","22.7","3200","57232","24.2","35%","28.3","","Opened","7.873","4","Safe","Calm","0.0","56","14.8","9.3","1003.0","1014.6"
"2026-09-07","21:25:06","Clear","Dry","Dark","-0.3","22.7","3200","57232","24.1","35%","28.4","","Opened","7.521","4","Safe","Calm","0.0","56","14.8","9.2","1003.0","1014.6"
"2026-09-07","21:25:17","Clear","Dry","Dark","0.0","22.7","3200","57232","24.2","35%","28.5","Heating DOWN","Opened","7.565","4","Safe","Calm","0.0","56","14.8","9.5","1003.1","1014.6"
"2026-09-07","21:25:27","Clear","Dry","Dark","-0.3","22.8","3200","57232","24.1","34%","28.4","","Opened","7.687","4","Safe","Calm","0.0","56","14.8","9.2","1003.2","1014.8"
"2026-09-07","21:25:36","Clear","Dry","Dark","-0.2","22.8","3200","57232","24.2","34%","28.5","Heating DOWN","Opened","7.516","4","Safe","Calm","0.0","56","14.9","9.3","1003.1","1014.6"
"2026-09-07","21:25:46","Clear","Dry","Dark","-0.3","22.7","3200","57232","24.1","33%","28.5","Heating DOWN","Opened","7.513","4","Safe","Calm","0.0","56","14.8","9.3","1003.1","1014.6"
"2026-09-07","21:25:57","Clear","Dry","Dark","-0.3","22.8","3328","57232","24.1","32%","28.5","Heating DOWN","Opened","7.808","4","Safe","Calm","0.0","56","14.8","9.2","1003.1","1014.6"
"2026-09-07","21:26:06","Clear","Dry","Dark","-0.2","22.7","3200","57232","24.1","31%","28.6","Heating DOWN","Opened","7.478","4","Safe","Calm","0.0","56","14.8","9.3","1003.1","1014.7"
"2026-09-07","21:26:16","Clear","Dry","Dark","-0.2","22.7","3200","57232","24.1","30%","28.5","","Opened","7.398","4","Safe","Calm","0.0","56","14.8","9.3","1003.0","1014.6"
"2026-09-07","21:26:27","Clear","Dry","Dark","-0.3","22.7","3200","57232","24.1","30%","28.5","Heating DOWN","Opened","7.555","4","Safe","Calm","0.0","56","14.8","9.2","1003.1","1014.6"
"2026-09-07","21:26:36","Clear","Dry","Dark","-0.1","22.7","3200","57232","24.1","30%","28.5","Heating DOWN","Opened","7.402","4","Safe","Calm","0.0","56","14.8","9.4","1003.1","1014.6"
"2026-09-07","21:26:46","Clear","Dry","Dark","-0.3","22.7","3328","57232","24.1","29%","28.5","Heating DOWN","Opened","7.502","4","Safe","Calm","0.0","56","14.8","9.2","1003.1","1014.7"
"2026-09-07","21:26:57","Clear","Dry","Dark","-0.3","22.7","3200","57232","24.1","28%","28.5","Heating DOWN","Opened","7.839","4","Safe","Calm","0.0","56","14.8","9.2","1003.1","1014.6"
"2026-09-07","21:27:06","Clear","Dry","Dark","-0.3","22.7","3200","57232","24.1","27%","28.6","Heating DOWN","Opened","7.470","4","Safe","Calm","0.0","56","14.8","9.2","1003.1","1014.6"
"2026-09-07","21:27:16","Clear","Dry","Dark","-0.5","22.7","3200","57232","24.1","26%","28.5","","Opened","7.391","4","Safe","Calm","0.0","56","14.8","9.0","1003.1","1014.6"
"2026-09-07","21:27:26","Clear","Dry","Dark","-0.3","22.7","3200","57232","24.1","26%","28.5","Heating DOWN","Opened","7.523","4","Safe","Calm","0.0","56","14.8","9.2","1003.1","1014.6"
"2026-09-07","21:27:36","Clear","Dry","Dark","-0.4","22.7","3328","57232","24.1","25%","28.4","","Opened","7.287","4","Safe","Calm","0.0","56","14.8","9.1","1003.1","1014.7"
"2026-09-07","21:27:46","Clear","Dry","Dark","-0.1","22.7","3328","57232","24.1","25%","28.3","","Opened","7.330","4","Safe","Calm","0.0","56","14.8","9.4","1003.1","1014.6"
"2026-09-07","21:27:57","Clear","Dry","Dark","-0.4","22.7","3328","57232","24.1","25%","28.2","","Opened","7.787","4","Safe","Calm","0.0","56","14.8","9.2","1003.1","1014.6"
"2026-09-07","21:28:06","Clear","Dry","Dark","-0.4","22.7","3328","57232","24.1","25%","28.2","","Opened","7.358","4","Safe","Calm","0.0","56","14.8","9.1","1003.0","1014.6"
"2026-09-07","21:28:16","Clear","Dry","Dark","-0.4","22.6","3328","57232","24.1","25%","28.2","","Opened","7.341","4","Safe","Calm","0.0","56","14.8","9.1","1003.1","1014.6"
"2026-09-07","21:28:26","Clear","Dry","Dark","-0.4","22.6","3328","57232","24.1","25%","28.1","","Opened","7.375","4","Safe","Calm","0.0","56","14.8","9.1","1003.1","1014.6"
"2026-09-07","21:28:36","Clear","Dry","Dark","-0.4","22.6","3328","57232","24.1","25%","28.1","","Opened","7.392","4","Safe","Calm","0.0","56","14.8","9.1","1003.0","1014.6"
"2026-09-07","21:28:46","Clear","Dry","Dark","-0.3","22.6","3328","57232","24.1","25%","28.0","","Opened","7.347","4","Safe","Calm","0.0","56","14.8","9.2","1003.1","1014.7"
"2026-09-07","21:28:57","Clear","Dry","Dark","-0.4","22.6","3328","57232","24.1","25%","28.0","","Opened","7.864","4","Safe","Calm","0.0","56","14.8","9.1","1003.1","1014.6"
"2026-09-07","21:29:06","Clear","Dry","Dark","-0.3","22.6","3328","57232","24.1","25%","28.0","","Opened","7.308","4","Safe","Calm","0.0","56","14.8","9.2","1003.1","1014.6"
"2026-09-07","21:29:16","Clear","Dry","Dark","-0.3","22.6","3328","57232","24.1","25%","27.9","","Opened","7.331","4","Safe","Calm","0.0","56","14.8","9.2","1003.1","1014.6"
"2026-09-07","21:29:26","Clear","Dry","Dark","-0.2","22.6","3328","57232","24.1","25%","27.8","Heating UP","Opened","7.499","4","Safe","Calm","0.0","56","14.9","9.3","1003.2","1014.8"
"2026-09-07","21:29:36","Clear","Dry","Dark","-0.2","22.7","3200","57232","24.1","26%","27.7","Heating UP","Opened","7.531","4","Safe","Calm","0.0","56","14.9","9.3","1003.1","1014.7"
"2026-09-07","21:29:46","Clear","Dry","Dark","-0.4","22.6","3200","57232","24.1","27%","27.7","Heating UP","Opened","7.492","4","Safe","Calm","0.0","56","14.9","9.2","1003.1","1014.7"
"2026-09-07","21:29:57","Clear","Dry","Dark","-0.4","22.6","3200","57232","24.1","28%","27.7","Heating UP","Opened","7.842","4","Safe","Calm","0.0","56","14.9","9.1","1003.1","1014.6"
"2026-09-07","21:30:07","Clear","Dry","Dark","-0.4","22.6","3328","57232","24.1","29%","27.7","Heating UP","Opened","7.547","4","Safe","Calm","0.0","56","14.8","9.1","1003.1","1014.7"
"2026-09-07","21:30:16","Clear","Dry","Dark","-0.4","22.6","3200","57232","24.1","30%","27.7","Heating UP","Opened","7.486","4","Safe","Calm","0.0","56","14.8","9.1","1003.1","1014.6"
"2026-09-07","21:30:26","Clear","Dry","Dark","-0.4","22.6","3200","57232","24.1","30%","27.8","","Opened","7.452","4","Safe","Calm","0.0","56","14.8","9.1","1003.2","1014.8"
"2026-09-07","21:30:36","Clear","Dry","Dark","-0.4","22.6","3200","57232","24.1","30%","27.8","Heating UP","Opened","7.438","4","Safe","Calm","0.0","56","14.8","9.1","1003.1","1014.7"
"2026-09-07","21:30:46","Clear","Dry","Dark","-0.5","22.6","3200","57232","24.1","31%","27.9","","Opened","7.346","4","Safe","Calm","0.0","56","14.8","9.0","1003.1","1014.7"
"2026-09-07","21:30:57","Clear","Dry","Dark","-0.3","22.6","3200","57232","24.1","31%","27.9","","Opened","7.865","4","Safe","Calm","0.0","56","14.8","9.2","1003.1","1014.6"
"2026-09-07","21:31:06","Clear","Dry","Dark","-0.4","22.5","3200","57232","24.1","31%","28.0","","Opened","7.334","4","Safe","Calm","0.0","56","14.8","9.1","1003.1","1014.7"
"2026-09-07","21:31:17","Clear","Dry","Dark","-0.4","22.5","3200","57232","24.0","31%","28.1","","Opened","7.526","4","Safe","Calm","0.0","56","14.8","9.0","1003.1","1014.6"
"2026-09-07","21:31:26","Clear","Dry","Dark","-0.3","22.5","3200","57232","24.1","31%","28.1","","Opened","7.465","4","Safe","Calm","0.0","56","14.8","9.2","1003.2","1014.8"
"2026-09-07","21:31:37","Clear","Dry","Dark","-0.3","22.5","3200","57232","24.1","31%","28.1","","Opened","7.544","4","Safe","Calm","0.0","56","14.8","9.2","1003.1","1014.6"
"2026-09-07","21:31:46","Clear","Dry","Dark","-0.4","22.5","3200","57232","24.1","31%","28.1","","Opened","7.413","4","Safe","Calm","0.0","56","14.8","9.0","1003.1","1014.7"
"2026-09-07","21:31:57","Clear","Dry","Dark","-0.3","22.5","3200","57232","24.1","31%","28.1","","Opened","8.169","4","Safe","Calm","0.0","56","14.8","9.2","1003.0","1014.6"
"2026-09-07","21:32:06","Clear","Dry","Dark","-0.4","22.5","3200","57232","24.0","31%","28.1","","Opened","7.388","4","Safe","Calm","0.0","56","14.9","9.0","1003.0","1014.6"
"2026-09-07","21:32:16","Clear","Dry","Dark","-0.5","22.4","3200","57232","24.0","31%","28.1","","Opened","7.435","4","Safe","Calm","0.0","56","14.8","9.0","1003.1","1014.7"
"2026-09-07","21:32:26","Clear","Dry","Dark","-0.5","22.5","3200","57232","24.1","31%","28.2","","Opened","7.491","4","Safe","Calm","0.0","56","14.8","9.0","1003.1","1014.7"
"2026-09-07","21:32:36","Clear","Dry","Dark","-0.5","22.4","3200","57232","24.0","31%","28.3","","Opened","7.473","4","Safe","Calm","0.0","56","14.8","8.9","1003.1","1014.7"
"2026-09-07","21:32:46","Clear","Dry","Dark","-0.4","22.4","3200","57232","24.0","31%","28.3","","Opened","7.456","4","Safe","Calm","0.0","56","14.8","9.1","1003.0","1014.6"
"2026-09-07","21:32:57","Clear","Dry","Dark","-0.4","22.4","3200","57232","24.0","31%","28.3","","Opened","8.412","4","Safe","Calm","0.0","56","14.8","9.1","1003.1","1014.6"
"2026-09-07","21:33:06","Clear","Dry","Dark","-0.5","22.4","3200","57232","24.0","31%","28.3","","Opened","7.528","4","Safe","Calm","0.0","56","14.8","9.0","1003.1","1014.7"
"2026-09-07","21:33:16","Clear","Dry","Dark","-0.4","22.4","3200","57232","24.1","31%","28.3","","Opened","7.526","4","Safe","Calm","0.0","56","14.8","9.1","1003.1","1014.7"
"2026-09-07","21:33:27","Clear","Dry","Dark","-0.5","22.4","3200","57232","24.0","31%","28.3","","Opened","7.527","4","Safe","Calm","0.0","56","14.8","9.0","1003.1","1014.6"
"2026-09-07","21:33:37","Clear","Dry","Dark","-0.4","22.4","3200","57232","24.0","31%","28.3","","Opened","7.747","4","Safe","Calm","0.0","56","14.9","9.0","1003.1","1014.6"
"2026-09-07","21:33:46","Clear","Dry","Dark","-0.3","22.4","3200","57232","24.1","31%","28.3","","Opened","7.376","4","Safe","Calm","0.0","57","14.9","9.2","1003.1","1014.7"
"2026-09-07","21:33:57","Clear","Dry","Dark","-0.1","22.4","3200","57232","24.0","31%","28.2","","Opened","8.290","4","Safe","Calm","0.0","57","14.9","9.4","1003.1","1014.7"
"2026-09-07","21:34:07","Clear","Dry","Dark","-0.4","22.4","3200","57232","24.0","31%","28.2","","Opened","7.583","4","Safe","Calm","0.0","57","15.0","9.1","1003.0","1014.6"
"2026-09-07","21:34:17","Clear","Dry","Dark","-0.2","22.4","3200","57232","24.0","31%","28.2","","Opened","7.881","4","Safe","Calm","0.0","57","15.0","9.2","1003.1","1014.6"
"2026-09-07","21:34:27","Clear","Dry","Dark","-0.4","22.4","3200","57232","24.0","31%","28.3","","Opened","7.626","4","Safe","Calm","0.0","57","15.0","9.0","1003.1","1014.6"
"2026-09-07","21:34:37","Clear","Dry","Dark","-0.3","22.4","3200","57232","24.0","31%","28.2","","Opened","7.751","4","Safe","Calm","0.0","57","15.0","9.1","1003.1","1014.7"
"2026-09-07","21:34:47","Clear","Dry","Dark","-0.4","22.4","3200","57232","24.0","31%","28.2","","Opened","7.527","4","Safe","Calm","0.0","57","15.0","9.1","1003.1","1014.7"
"2026-09-07","21:34:57","Clear","Dry","Dark","-0.4","22.4","3200","57232","24.0","31%","28.2","","Opened","8.166","4","Safe","Calm","0.0","57","15.0","9.0","1003.1","1014.7"
"2026-09-07","21:35:07","Clear","Dry","Dark","-0.4","22.5","3200","57232","24.0","31%","28.2","","Opened","7.575","4","Safe","Calm","0.0","57","15.0","9.1","1003.1","1014.6"
"2026-09-07","21:35:17","Clear","Dry","Dark","-0.5","22.4","3200","57232","24.0","31%","28.2","","Opened","7.571","4","Safe","Calm","0.0","57","15.0","9.0","1003.1","1014.7"
"2026-09-07","21:35:27","Clear","Dry","Dark","-0.4","22.4","3200","57232","24.0","31%","28.2","","Opened","7.602","4","Safe","Calm","0.0","57","15.0","9.0","1003.1","1014.7"
"2026-09-07","21:35:36","Clear","Dry","Dark","-0.5","22.4","3200","57232","24.0","31%","28.2","","Opened","7.379","4","Safe","Calm","0.0","57","15.0","9.0","1003.1","1014.7"
"2026-09-07","21:35:47","Clear","Dry","Dark","-0.3","22.4","3200","57232","24.0","31%","28.3","Heating DOWN","Opened","7.721","4","Safe","Calm","0.0","57","15.0","9.1","1003.1","1014.7"
"2026-09-07","21:35:57","Clear","Dry","Dark","-0.5","22.4","3200","57232","24.0","30%","28.3","","Opened","8.039","4","Safe","Calm","0.0","57","15.0","9.0","1003.1","1014.7"
"2026-09-07","21:36:07","Clear","Dry","Dark","-0.4","22.4","3200","57232","24.0","30%","28.3","Heating DOWN","Opened","7.599","4","Safe","Calm","0.0","57","15.0","9.0","1003.1","1014.7"
"2026-09-07","21:36:17","Clear","Dry","Dark","-0.4","22.4","3200","57232","24.0","30%","28.3","","Opened","7.846","4","Safe","Calm","0.0","57","15.0","9.1","1003.1","1014.6"
"2026-09-07","21:36:27","Clear","Dry","Dark","-0.2","22.4","3200","57232","24.0","30%","28.4","Heating DOWN","Opened","7.657","4","Safe","Calm","0.0","57","15.0","9.3","1003.1","1014.7"
"2026-09-07","21:36:36","Clear","Dry","Dark","-0.5","22.4","3328","57232","24.0","29%","28.3","","Opened","7.470","4","Safe","Calm","0.0","57","15.1","9.0","1003.1","1014.7"
"2026-09-07","21:36:47","Clear","Dry","Dark","-0.4","22.4","3328","57232","24.0","29%","28.2","","Opened","7.595","4","Safe","Calm","0.0","57","15.1","9.0","1003.1","1014.6"
"2026-09-07","21:36:57","Clear","Dry","Dark","-0.3","22.4","3328","57232","24.0","29%","28.2","","Opened","8.481","4","Safe","Calm","0.0","57","15.1","9.2","1003.0","1014.6"
"2026-09-07","21:37:07","Clear","Dry","Dark","-0.5","22.4","3328","57232","24.0","29%","28.2","","Opened","7.542","4","Safe","Calm","0.0","57","15.1","8.9","1003.1","1014.7"
"2026-09-07","21:37:16","Clear","Dry","Dark","-0.4","22.4","3328","57232","24.0","29%","28.2","","Opened","7.487","4","Safe","Calm","0.0","57","15.1","9.1","1003.1","1014.7"
"2026-09-07","21:37:26","Clear","Dry","Dark","-0.4","22.4","3328","57232","24.0","29%","28.2","","Opened","7.517","4","Safe","Calm","0.0","57","15.1","9.1","1003.1","1014.7"
"2026-09-07","21:37:36","Clear","Dry","Dark","-0.6","22.4","3328","57232","24.0","29%","28.2","","Opened","7.484","4","Safe","Calm","0.0","58","15.1","8.9","1003.1","1014.7"
"2026-09-07","21:37:46","Clear","Dry","Dark","-0.4","22.4","3328","57232","24.0","29%","28.2","","Opened","7.472","4","Safe","Calm","0.0","58","15.1","9.0","1003.1","1014.7"
"2026-09-07","21:37:57","Clear","Dry","Dark","-0.4","22.4","3328","57232","24.0","29%","28.2","","Opened","7.654","4","Safe","Calm","0.0","57","15.1","9.0","1003.1","1014.7"
"2026-09-07","21:38:06","Clear","Dry","Dark","-0.1","22.4","3328","57232","24.0","29%","28.2","","Opened","7.476","4","Safe","Calm","0.0","57","15.1","9.4","1003.1","1014.7"
"2026-09-07","21:38:16","Clear","Dry","Dark","-0.3","22.4","3328","57232","24.0","29%","28.1","","Opened","7.394","4","Safe","Calm","0.0","58","15.2","9.1","1003.1","1014.7"
"2026-09-07","21:38:26","Clear","Dry","Dark","-0.4","22.4","3328","57232","24.0","29%","28.1","","Opened","7.465","4","Safe","Calm","0.0","58","15.2","9.0","1003.1","1014.7"
"2026-09-07","21:38:37","Clear","Dry","Dark","-0.5","22.4","3328","57232","24.0","29%","28.2","","Opened","7.556","4","Safe","Calm","0.0","58","15.2","9.0","1003.1","1014.7"
"2026-09-07","21:38:46","Clear","Dry","Dark","-0.2","22.4","3328","57232","24.0","29%","28.2","","Opened","7.349","4","Safe","Calm","0.0","58","15.1","9.2","1003.0","1014.6"
"2026-09-07","21:38:57","Clear","Dry","Dark","-0.4","22.4","3328","57232","24.0","29%","28.2","","Opened","8.004","4","Safe","Calm","0.0","58","15.2","9.1","1003.1","1014.7"
"2026-09-07","21:39:06","Clear","Dry","Dark","-0.4","22.4","3328","57232","24.0","29%","28.2","","Opened","7.407","4","Safe","Calm","0.0","58","15.2","9.0","1003.2","1014.8"
"2026-09-07","21:39:16","Clear","Dry","Dark","-0.4","22.4","3328","57232","24.0","29%","28.2","","Opened","7.399","4","Safe","Calm","0.0","58","15.2","9.1","1003.0","1014.6"
"2026-09-07","21:39:27","Clear","Dry","Dark","-0.3","22.4","3328","57232","24.0","29%","28.1","","Opened","7.832","4","Safe","Calm","0.0","58","15.2","9.1","1003.1","1014.7"
"2026-09-07","21:39:36","Clear","Dry","Dark","-0.2","22.4","3328","57232","24.0","29%","28.1","","Opened","7.336","4","Safe","Calm","0.0","58","15.2","9.3","1003.0","1014.6"
"2026-09-07","21:39:46","Clear","Dry","Dark","-0.5","22.4","3328","57232","24.0","29%","28.1","","Opened","7.380","4","Safe","Calm","0.0","58","15.2","8.9","1003.1","1014.7"
"2026-09-07","21:39:57","Clear","Dry","Dark","-0.5","22.4","3328","57232","24.0","29%","28.2","","Opened","7.775","4","Safe","Calm","0.0","58","15.3","9.0","1003.0","1014.6"
"2026-09-07","21:40:06","Clear","Dry","Dark","-0.4","22.3","3328","57232","24.0","29%","28.2","","Opened","7.416","4","Safe","Calm","0.0","58","15.3","9.0","1003.0","1014.6"
"2026-09-07","21:40:16","Clear","Dry","Dark","0.0","22.4","3328","57232","24.0","29%","28.1","","Opened","7.494","4","Safe","Calm","0.0","58","15.2","9.5","1003.1","1014.6"
"2026-09-07","21:40:26","Clear","Dry","Dark","-0.4","22.4","3328","57232","24.0","29%","28.2","","Opened","7.383","4","Safe","Calm","0.0","58","15.3","9.1","1003.1","1014.7"
"2026-09-07","21:40:37","Clear","Dry","Dark","-0.4","22.4","3328","57232","24.0","29%","28.2","","Opened","7.604","4","Safe","Calm","0.0","58","15.3","9.1","1003.1","1014.6"
"2026-09-07","21:40:46","Clear","Dry","Dark","-0.4","22.4","3328","57232","24.0","29%","28.1","","Opened","7.410","4","Safe","Calm","0.0","58","15.3","9.1","1003.1","1014.7"
"2026-09-07","21:40:57","Clear","Dry","Dark","-0.3","22.4","3328","57232","24.0","29%","28.1","","Opened","7.709","4","Safe","Calm","0.0","58","15.4","9.1","1003.1","1014.6"
"2026-09-07","21:41:07","Clear","Dry","Dark","-0.3","22.4","3328","57232","24.0","29%","28.1","","Opened","7.669","4","Safe","Calm","0.0","58","15.4","9.2","1003.1","1014.7"
"2026-09-07","21:41:16","Clear","Dry","Dark","-0.4","22.4","3328","57232","24.0","29%","28.1","","Opened","7.348","4","Safe","Calm","0.0","59","15.4","9.1","1003.1","1014.6"
"2026-09-07","21:41:26","Clear","Dry","Dark","-0.5","22.4","3328","57232","24.0","29%","28.1","","Opened","7.374","4","Safe","Calm","0.0","59","15.5","9.0","1003.0","1014.6"
"2026-09-07","21:41:37","Clear","Dry","Dark","-0.4","22.4","3328","57232","24.0","29%","28.1","","Opened","7.513","4","Safe","Calm","0.0","59","15.5","9.0","1003.1","1014.7"
"2026-09-07","21:41:46","Clear","Dry","Dark","-0.4","22.3","3328","57232","24.0","29%","28.2","","Opened","7.419","4","Safe","Calm","0.0","59","15.5","9.0","1003.1","1014.6"
"2026-09-07","21:41:57","Clear","Dry","Dark","-0.5","22.3","3327","57232","24.0","29%","28.2","","Opened","8.132","4","Safe","Calm","0.0","59","15.4","8.9","1003.1","1014.6"
"2026-09-07","21:42:06","Clear","Dry","Dark","-0.3","22.3","3328","57232","24.0","29%","28.2","","Opened","7.384","4","Safe","Calm","0.0","59","15.4","9.2","1003.1","1014.6"
"2026-09-07","21:42:16","Clear","Dry","Dark","-0.4","22.3","3328","57232","24.0","29%","28.2","","Opened","7.431","4","Safe","Calm","0.0","59","15.4","9.0","1003.1","1014.7"
"2026-09-07","21:42:27","Clear","Dry","Dark","-0.5","22.3","3328","57232","24.0","29%","28.3","","Opened","7.795","4","Safe","Calm","0.0","58","15.4","9.0","1003.0","1014.6"
"2026-09-07","21:42:36","Clear","Dry","Dark","-0.5","22.3","3328","57232","24.0","29%","28.3","","Opened","7.408","4","Safe","Calm","0.0","58","15.4","9.0","1003.1","1014.6"
"2026-09-07","21:42:47","Clear","Dry","Dark","-0.5","22.3","3328","57232","24.1","29%","28.3","","Opened","7.552","4","Safe","Calm","0.0","58","15.4","8.9","1003.1","1014.6"
"2026-09-07","21:42:57","Clear","Dry","Dark","-0.3","22.3","3328","57232","24.0","29%","28.2","","Opened","7.727","4","Safe","Calm","0.0","58","15.4","9.2","1003.1","1014.6"
"2026-09-07","21:43:06","Clear","Dry","Dark","-0.5","22.3","3328","57232","24.1","29%","28.2","","Opened","7.288","4","Safe","Calm","0.0","59","15.4","9.0","1003.1","1014.7"
"2026-09-07","21:43:17","Clear","Dry","Dark","-0.4","22.3","3328","57232","24.1","29%","28.2","","Opened","7.561","4","Safe","Calm","0.0","58","15.4","9.1","1003.0","1014.6"
"2026-09-07","21:43:26","Clear","Dry","Dark","-0.4","22.3","3328","57232","24.0","29%","28.2","","Opened","7.343","4","Safe","Calm","0.0","58","15.4","9.1","1003.1","1014.6"
"2026-09-07","21:43:36","Clear","Dry","Dark","-0.2","22.3","3328","57232","24.0","29%","28.2","","Opened","7.504","4","Safe","Calm","0.0","58","15.4","9.3","1003.1","1014.6"
"2026-09-07","21:43:47","Clear","Dry","Dark","-0.5","22.3","3328","57232","24.0","29%","28.1","","Opened","7.710","4","Safe","Calm","0.0","59","15.5","9.0","1003.1","1014.6"
"2026-09-07","21:43:57","Clear","Dry","Dark","-0.5","22.3","3328","57232","24.0","29%","28.1","","Opened","7.697","4","Safe","Calm","0.0","59","15.5","9.0","1003.1","1014.6"
"2026-09-07","21:44:06","Clear","Dry","Dark","-0.6","22.3","3328","57232","24.1","29%","28.1","","Opened","7.402","4","Safe","Calm","0.0","59","15.5","8.9","1003.1","1014.6"
"2026-09-07","21:44:16","Clear","Dry","Dark","-0.4","22.3","3328","57232","24.0","29%","28.2","","Opened","7.502","4","Safe","Calm","0.0","59","15.5","9.1","1003.1","1014.6"
"2026-09-07","21:44:27","Clear","Dry","Dark","-0.5","22.3","3328","57232","24.0","29%","28.1","","Opened","7.740","4","Safe","Calm","0.0","59","15.5","9.0","1003.1","1014.6"
"2026-09-07","21:44:36","Clear","Dry","Dark","-0.5","22.3","3328","57232","24.0","29%","28.2","","Opened","7.427","4","Safe","Calm","0.0","59","15.5","9.0","1003.1","1014.7"
"2026-09-07","21:44:47","Clear","Dry","Dark","-0.4","22.3","3328","57232","24.0","29%","28.2","","Opened","7.689","4","Safe","Calm","0.0","59","15.4","9.1","1003.1","1014.6"
"2026-09-07","21:44:57","Clear","Dry","Dark","-0.3","22.3","3328","57232","24.0","29%","28.2","","Opened","8.040","4","Safe","Calm","0.0","59","15.4","9.2","1003.1","1014.6"
"2026-09-07","21:45:07","Clear","Dry","Dark","-0.3","22.3","3328","57232","24.0","29%","28.2","","Opened","7.604","4","Safe","Calm","0.0","59","15.5","9.2","1003.1","1014.6"
"2026-09-07","21:45:17","Clear","Dry","Dark","-0.3","22.3","3328","57232","24.0","29%","28.1","","Opened","7.767","4","Safe","Calm","0.0","59","15.5","9.2","1003.1","1014.6"
"2026-09-07","21:45:27","Clear","Dry","Dark","-0.4","22.3","3328","57232","24.0","29%","28.1","","Opened","7.589","4","Safe","Calm","0.0","59","15.5","9.0","1003.1","1014.7"
"2026-09-07","21:45:37","Clear","Dry","Dark","-0.4","22.4","3328","57232","24.0","29%","28.1","","Opened","7.542","4","Safe","Calm","0.0","59","15.5","9.1","1003.0","1014.6"
"2026-09-07","21:45:47","Clear","Dry","Dark","-0.5","22.3","3328","57232","24.1","29%","28.2","","Opened","7.735","4","Safe","Calm","0.0","59","15.5","9.0","1003.1","1014.7"
"2026-09-07","21:45:57","Clear","Dry","Dark","-0.4","22.3","3328","57232","24.0","29%","28.2","","Opened","8.179","4","Safe","Calm","0.0","59","15.4","9.0","1003.1","1014.7"
"2026-09-07","21:46:07","Clear","Dry","Dark","-0.2","22.3","3328","57232","24.0","29%","28.2","","Opened","7.852","4","Safe","Calm","0.0","59","15.4","9.3","1003.1","1014.7"
"2026-09-07","21:46:17","Clear","Dry","Dark","-0.4","22.3","3328","57232","24.0","29%","28.2","","Opened","7.547","4","Safe","Calm","0.0","59","15.5","9.0","1003.0","1014.6"
"2026-09-07","21:46:27","Clear","Dry","Dark","-0.2","22.4","3328","57232","24.0","29%","28.1","","Opened","7.616","4","Safe","Calm","0.0","59","15.5","9.3","1003.1","1014.6"
"2026-09-07","21:46:37","Clear","Dry","Dark","-0.4","22.3","3328","57232","24.1","29%","28.1","","Opened","7.615","4","Safe","Calm","0.0","59","15.5","9.1","1003.0","1014.6"
"2026-09-07","21:46:47","Clear","Dry","Dark","-0.2","22.3","3328","57232","24.0","29%","28.2","","Opened","7.543","4","Safe","Calm","0.0","59","15.5","9.2","1003.1","1014.7"
"2026-09-07","21:46:57","Clear","Dry","Dark","-0.2","22.4","3328","57232","24.1","29%","28.1","","Opened","8.087","4","Safe","Calm","0.0","59","15.5","9.3","1003.1","1014.6"
"2026-09-07","21:47:07","Clear","Dry","Dark","-0.1","22.4","3328","57232","24.0","29%","28.1","","Opened","7.607","4","Safe","Calm","0.0","59","15.5","9.3","1003.3","1014.8"
"2026-09-07","21:47:17","Clear","Dry","Dark","-0.4","22.4","3328","57232","24.0","29%","28.1","","Opened","7.670","4","Safe","Calm","0.0","59","15.5","9.1","1003.1","1014.6"
"2026-09-07","21:47:27","Clear","Dry","Dark","-0.3","22.4","3328","57232","24.0","29%","28.1","","Opened","7.529","4","Safe","Calm","0.0","59","15.5","9.2","1003.1","1014.6"
"2026-09-07","21:47:37","Clear","Dry","Dark","-0.1","22.4","3328","57232","24.0","29%","28.1","","Opened","7.517","4","Safe","Calm","0.0","59","15.5","9.4","1003.1","1014.6"
"2026-09-07","21:47:47","Clear","Dry","Dark","-0.1","22.4","3328","57232","24.1","29%","28.0","","Opened","7.623","4","Safe","Calm","0.0","59","15.5","9.3","1003.1","1014.7"
"2026-09-07","21:47:57","Clear","Dry","Dark","0.0","22.5","3328","57232","24.1","29%","28.0","","Opened","8.000","4","Safe","Calm","0.6","59","15.6","9.5","1003.0","1014.6"
"2026-09-07","21:48:07","Clear","Dry","Dark","-0.3","22.5","3328","57232","24.0","29%","27.9","","Opened","7.933","4","Safe","Calm","0.6","59","15.6","9.2","1003.1","1014.6"
"2026-09-07","21:48:17","Clear","Dry","Dark","0.0","22.5","3328","57232","24.1","29%","28.0","","Opened","7.731","4","Safe","Calm","0.6","59","15.6","9.4","1003.1","1014.6"
"2026-09-07","21:48:27","Clear","Dry","Dark","-0.3","22.5","3328","57232","24.1","29%","28.0","","Opened","7.881","4","Safe","Calm","0.6","59","15.6","9.2","1003.1","1014.6"
"2026-09-07","21:48:36","Clear","Dry","Dark","-0.1","22.5","3328","57232","24.1","29%","28.0","","Opened","7.486","4","Safe","Calm","0.6","59","15.6","9.4","1003.1","1014.6"
"2026-09-07","21:48:47","Clear","Dry","Dark","-0.2","22.5","3328","57232","24.1","29%","28.0","","Opened","7.517","4","Safe","Calm","0.6","59","15.6","9.3","1003.1","1014.6"
"2026-09-07","21:48:57","Clear","Dry","Dark","-0.3","22.5","3328","57232","24.1","29%","28.0","","Opened","7.752","4","Safe","Calm","0.0","59","15.6","9.2","1003.1","1014.6"
"2026-09-07","21:49:06","Clear","Dry","Dark","-0.1","22.5","3328","57232","24.1","29%","28.0","","Opened","7.436","4","Safe","Calm","0.0","59","15.6","9.4","1003.0","1014.6"
"2026-09-07","21:49:16","Clear","Dry","Dark","0.2","22.5","3328","57232","24.1","29%","28.0","","Opened","7.390","4","Safe","Calm","0.0","59","15.6","9.7","1003.1","1014.6"
"2026-09-07","21:49:26","Clear","Dry","Dark","0.1","22.6","3328","57232","24.1","29%","27.9","","Opened","7.470","4","Safe","Calm","0.6","59","15.6","9.6","1003.1","1014.6"
"2026-09-07","21:49:36","Clear","Dry","Dark","-0.2","22.6","3328","57232","24.1","29%","27.9","","Opened","7.348","4","Safe","Calm","0.6","59","15.7","9.3","1003.1","1014.6"
"2026-09-07","21:49:46","Clear","Dry","Dark","-0.2","22.6","3328","57232","24.1","29%","27.9","","Opened","7.346","4","Safe","Calm","0.6","59","15.7","9.3","1003.1","1014.6"
"2026-09-07","21:49:57","Clear","Dry","Dark","-0.3","22.6","3328","57232","24.1","29%","27.9","","Opened","8.175","4","Safe","Calm","0.6","59","15.7","9.2","1003.1","1014.6"
"2026-09-07","21:50:06","Clear","Dry","Dark","0.0","22.6","3328","57232","24.1","29%","28.0","","Opened","7.465","4","Safe","Calm","0.6","59","15.7","9.5","1003.1","1014.6"
"2026-09-07","21:50:17","Clear","Dry","Dark","0.0","22.6","3328","57232","24.1","29%","28.0","","Opened","7.623","4","Safe","Calm","0.6","59","15.7","9.5","1003.1","1014.7"
"2026-09-07","21:50:27","Clear","Dry","Dark","0.2","22.7","3328","57232","24.1","29%","27.9","","Opened","7.517","4","Safe","Calm","0.0","60","15.7","9.7","1003.0","1014.6"
"2026-09-07","21:50:37","Clear","Dry","Dark","-0.3","22.7","3328","57232","24.1","29%","27.9","","Opened","7.520","4","Safe","Calm","0.0","60","15.8","9.2","1003.0","1014.6"
"2026-09-07","21:50:47","Clear","Dry","Dark","-0.1","22.7","3328","57232","24.1","29%","27.9","","Opened","7.772","4","Safe","Calm","0.0","60","15.8","9.4","1003.1","1014.7"
"2026-09-07","21:50:57","Clear","Dry","Dark","0.3","22.7","3328","57232","24.1","29%","27.9","","Opened","8.330","4","Safe","Calm","0.0","60","15.8","9.8","1003.0","1014.6"
"2026-09-07","21:51:07","Clear","Dry","Dark","-0.2","22.7","3328","57232","24.1","29%","27.8","Heating UP","Opened","8.033","4","Safe","Calm","0.0","60","15.9","9.3","1003.1","1014.6"
"2026-09-07","21:51:17","Clear","Dry","Dark","0.0","22.8","3200","57232","24.1","30%","27.8","Heating UP","Opened","7.613","4","Safe","Calm","0.0","60","15.9","9.5","1003.1","1014.6"
"2026-09-07","21:51:27","Clear","Dry","Dark","-0.2","22.7","3200","57232","24.2","30%","27.8","Heating UP","Opened","7.564","4","Safe","Calm","0.0","60","15.9","9.3","1003.0","1014.6"
"2026-09-07","21:51:37","Clear","Dry","Dark","-0.1","22.7","3200","57232","24.2","31%","27.9","","Opened","7.686","4","Safe","Calm","0.0","60","15.9","9.4","1003.0","1014.6"
"2026-09-07","21:51:47","Clear","Dry","Dark","-0.1","22.7","3200","57232","24.2","31%","27.9","","Opened","7.659","4","Safe","Calm","0.0","60","16.0","9.5","1003.1","1014.6"
"2026-09-07","21:51:57","Clear","Dry","Dark","-0.3","22.7","3200","57232","24.2","31%","28.0","","Opened","8.093","4","Safe","Calm","0.0","60","16.0","9.2","1003.1","1014.6"
"2026-09-07","21:52:07","Clear","Dry","Dark","0.0","22.7","3200","57232","24.2","31%","28.0","","Opened","7.726","4","Safe","Calm","0.0","60","16.0","9.5","1003.1","1014.6"
"2026-09-07","21:52:17","Clear","Dry","Dark","-0.1","22.7","3200","57232","24.2","31%","28.1","","Opened","7.783","4","Safe","Calm","0.0","60","16.0","9.4","1003.0","1014.6"
"2026-09-07","21:52:27","Clear","Dry","Dark","0.1","22.7","3200","57232","24.2","31%","28.0","","Opened","7.541","4","Safe","Calm","0.0","60","16.0","9.6","1003.0","1014.6"
"2026-09-07","21:52:37","Clear","Dry","Dark","-0.2","22.7","3200","57232","24.2","31%","28.1","","Opened","7.917","4","Safe","Calm","0.0","60","16.0","9.4","1003.1","1014.6"
"2026-09-07","21:52:47","Clear","Dry","Dark","-0.2","22.7","3200","57232","24.2","31%","28.1","","Opened","7.889","4","Safe","Calm","0.0","60","16.1","9.3","1003.1","1014.6"
"2026-09-07","21:52:58","Clear","Dry","Dark","-0.2","22.8","3200","57232","24.2","31%","28.1","","Opened","8.530","4","Safe","Calm","0.0","60","16.1","9.4","1003.1","1014.6"
"2026-09-07","21:53:07","Clear","Dry","Dark","-0.3","22.7","3200","57232","24.2","31%","28.1","","Opened","7.828","4","Safe","Calm","0.0","60","16.1","9.2","1003.0","1014.6"
"2026-09-07","21:53:17","Clear","Dry","Dark","-0.2","22.8","3200","57232","24.2","31%","28.1","","Opened","7.533","4","Safe","Calm","0.0","60","16.1","9.4","1003.1","1014.6"
"2026-09-07","21:53:27","Clear","Dry","Dark","-0.3","22.8","3200","57232","24.2","31%","28.1","","Opened","7.545","4","Safe","Calm","0.0","61","16.1","9.3","1003.1","1014.6"
"2026-09-07","21:53:37","Clear","Dry","Dark","0.0","22.8","3200","57232","24.2","31%","28.1","","Opened","7.555","4","Safe","Calm","0.0","61","16.1","9.6","1003.1","1014.6"
"2026-09-07","21:53:47","Clear","Dry","Dark","-0.2","22.8","3200","57232","24.3","31%","28.1","","Opened","7.717","4","Safe","Calm","0.0","61","16.2","9.4","1003.0","1014.6"
"2026-09-07","21:53:57","Clear","Dry","Dark","-0.2","22.8","3200","57232","24.3","31%","28.1","","Opened","8.335","4","Safe","Calm","0.0","61","16.2","9.3","1003.1","1014.7"
"2026-09-07","21:54:07","Clear","Dry","Dark","-0.2","22.8","3200","57232","24.3","31%","28.1","","Opened","7.710","4","Safe","Calm","0.0","61","16.2","9.4","1003.0","1014.6"
"2026-09-07","21:54:17","Clear","Dry","Dark","-0.1","22.8","3200","57232","24.2","31%","28.1","","Opened","7.639","4","Safe","Calm","0.0","61","16.2","9.5","1003.1","1014.6"
"2026-09-07","21:54:27","Clear","Dry","Dark","-0.4","22.8","3200","57232","24.3","31%","28.1","","Opened","7.764","4","Safe","Calm","0.0","61","16.2","9.2","1003.0","1014.6"
"2026-09-07","21:54:37","Clear","Dry","Dark","-0.2","22.8","3200","57232","24.3","31%","28.2","","Opened","7.626","4","Safe","Calm","0.0","61","16.2","9.4","1003.1","1014.6"
"2026-09-07","21:54:47","Clear","Dry","Dark","-0.4","22.8","3200","57232","24.3","31%","28.2","","Opened","7.571","4","Safe","Calm","0.0","61","16.1","9.2","1003.1","1014.6"
"2026-09-07","21:54:58","Clear","Dry","Dark","-0.2","22.8","3200","57232","24.3","31%","28.3","","Opened","9.187","4","Safe","Calm","0.0","60","16.2","9.4","1003.1","1014.7"
"2026-09-07","21:55:06","Clear","Dry","Dark","-0.2","22.8","3200","57232","24.3","31%","28.2","","Opened","7.473","4","Safe","Calm","0.0","60","16.1","9.4","1003.1","1014.6"
"2026-09-07","21:55:16","Clear","Dry","Dark","-0.4","22.8","3200","57232","24.3","31%","28.2","","Opened","7.394","4","Safe","Calm","0.0","60","16.1","9.3","1003.1","1014.6"
"2026-09-07","21:55:26","Clear","Dry","Dark","-0.3","22.8","3200","57232","24.3","31%","28.2","","Opened","7.472","4","Safe","Calm","0.0","60","16.1","9.3","1003.1","1014.6"
"2026-09-07","21:55:36","Clear","Dry","Dark","0.0","22.8","3200","57232","24.2","31%","28.2","","Opened","7.309","4","Safe","Calm","0.0","60","16.1","9.6","1003.0","1014.6"
"2026-09-07","21:55:46","Clear","Dry","Dark","-0.3","22.8","3200","57232","24.3","31%","28.2","","Opened","7.339","4","Safe","Calm","0.0","60","16.1","9.3","1003.1","1014.6"
"2026-09-07","21:55:57","Clear","Dry","Dark","-0.3","22.8","3200","57232","24.3","31%","28.2","","Opened","7.554","4","Safe","Calm","0.0","60","16.1","9.3","1003.1","1014.6"
"2026-09-07","21:56:06","Clear","Dry","Dark","-0.2","22.8","3200","57232","24.3","31%","28.2","","Opened","7.331","4","Safe","Calm","0.0","60","16.1","9.4","1003.1","1014.6"
"2026-09-07","21:56:16","Clear","Dry","Dark","-0.2","22.9","3200","57232","24.3","31%","28.2","","Opened","7.406","4","Safe","Calm","0.0","60","16.1","9.4","1003.1","1014.6"
"2026-09-07","21:56:26","Clear","Dry","Dark","-0.2","22.9","3200","57232","24.3","31%","28.2","","Opened","7.372","4","Safe","Calm","0.0","60","16.1","9.4","1003.1","1014.6"
"2026-09-07","21:56:36","Clear","Dry","Dark","-0.2","22.9","3200","57232","24.3","31%","28.1","","Opened","7.345","4","Safe","Calm","0.0","60","16.0","9.4","1003.1","1014.6"
"2026-09-07","21:56:46","Clear","Dry","Dark","-0.4","22.9","3200","57232","24.3","31%","28.2","","Opened","7.322","4","Safe","Calm","0.0","60","16.0","9.2","1003.1","1014.7"
"2026-09-07","21:56:57","Clear","Dry","Dark","-0.3","22.9","3200","57232","24.3","31%","28.2","","Opened","7.582","4","Safe","Calm","0.0","60","16.0","9.3","1003.1","1014.7"
"2026-09-07","21:57:06","Clear","Dry","Dark","-0.4","22.9","3200","57232","24.3","31%","28.2","","Opened","7.365","4","Safe","Calm","0.0","60","16.0","9.2","1003.1","1014.6"
"2026-09-07","21:57:16","Clear","Dry","Dark","-0.4","22.8","3200","57232","24.2","31%","28.2","","Opened","7.378","4","Safe","Calm","0.0","60","15.9","9.1","1003.1","1014.7"
"2026-09-07","21:57:26","Clear","Dry","Dark","-0.4","22.8","3200","57232","24.3","31%","28.2","","Opened","7.361","4","Safe","Calm","0.0","59","15.8","9.2","1003.1","1014.6"
"2026-09-07","21:57:36","Clear","Dry","Dark","-0.4","22.8","3200","57232","24.3","31%","28.2","","Opened","7.302","4","Safe","Calm","0.0","59","15.8","9.1","1003.2","1014.8"
"2026-09-07","21:57:46","Clear","Dry","Dark","-0.3","22.8","3200","57232","24.3","31%","28.2","","Opened","7.347","4","Safe","Calm","0.0","59","15.7","9.3","1003.1","1014.6"
"2026-09-07","21:57:57","Clear","Dry","Dark","-0.4","22.8","3200","57232","24.3","31%","28.1","","Opened","7.691","4","Safe","Calm","0.0","58","15.5","9.2","1003.1","1014.7"
"2026-09-07","21:58:06","Clear","Dry","Dark","-0.5","22.8","3200","57232","24.3","31%","28.1","","Opened","7.322","4","Safe","Calm","0.0","58","15.4","9.1","1003.1","1014.6"
"2026-09-07","21:58:16","Clear","Dry","Dark","-0.3","22.8","3200","57232","24.2","31%","28.1","","Opened","7.407","4","Safe","Calm","0.0","58","15.4","9.3","1003.1","1014.6"
"2026-09-07","21:58:26","Clear","Dry","Dark","-0.3","22.8","3200","57232","24.2","31%","28.1","","Opened","7.407","4","Safe","Calm","0.0","57","15.3","9.3","1003.0","1014.6"
"2026-09-07","21:58:36","Clear","Dry","Dark","-0.5","22.8","3200","57232","24.2","31%","28.1","","Opened","7.327","4","Safe","Calm","0.0","57","15.2","9.1","1003.1","1014.6"
"2026-09-07","21:58:46","Clear","Dry","Dark","-0.3","22.8","3200","57232","24.2","31%","28.1","","Opened","7.376","4","Safe","Calm","0.0","57","15.3","9.3","1003.1","1014.6"
"2026-09-07","21:58:57","Clear","Dry","Dark","-0.4","22.8","3200","57232","24.2","31%","28.1","","Opened","7.601","4","Safe","Calm","0.0","57","15.2","9.2","1003.2","1014.8"
"2026-09-07","21:59:06","Clear","Dry","Dark","-0.4","22.8","3200","57232","24.2","31%","28.1","","Opened","7.350","4","Safe","Calm","0.0","57","15.2","9.1","1003.1","1014.7"
"2026-09-07","21:59:16","Clear","Dry","Dark","-0.3","22.8","3200","57232","24.2","31%","28.1","","Opened","7.349","4","Safe","Calm","0.0","57","15.2","9.3","1003.1","1014.6"
"2026-09-07","21:59:26","Clear","Dry","Dark","-0.3","22.8","3200","57232","24.2","31%","28.0","","Opened","7.343","4","Safe","Calm","0.0","57","15.3","9.2","1003.1","1014.7"
"2026-09-07","21:59:36","Clear","Dry","Dark","-0.4","22.8","3200","57232","24.2","31%","28.0","","Opened","7.344","4","Safe","Calm","0.0","57","15.3","9.1","1003.1","1014.6"
"2026-09-07","21:59:46","Clear","Dry","Dark","-0.4","22.8","3200","57232","24.2","31%","28.1","","Opened","7.449","4","Safe","Calm","0.0","57","15.2","9.2","1003.1","1014.6"
"2026-09-07","21:59:57","Clear","Dry","Dark","-0.4","22.7","3200","57232","24.2","31%","28.1","","Opened","7.586","4","Safe","Calm","0.0","57","15.3","9.2","1003.1","1014.7"
"2026-09-07","22:00:06","Clear","Dry","Dark","-0.2","22.7","3200","57232","24.1","31%","28.0","","Opened","7.369","4","Safe","Calm","0.0","57","15.2","9.3","1003.1","1014.7"
"2026-09-07","22:00:16","Clear","Dry","Dark","-0.3","22.7","3200","57232","24.1","31%","28.0","","Opened","7.432","4","Safe","Calm","0.0","58","15.2","9.3","1003.1","1014.6"
"2026-09-07","22:00:26","Clear","Dry","Dark","-0.2","22.7","3200","57232","24.1","31%","28.0","","Opened","7.415","4","Safe","Calm","0.0","58","15.3","9.3","1003.2","1014.8"
"2026-09-07","22:00:36","Clear","Dry","Dark","-0.1","22.7","3200","57232","24.1","31%","27.9","","Opened","7.304","4","Safe","Calm","0.0","58","15.4","9.4","1003.1","1014.6"
"2026-09-07","22:00:46","Clear","Dry","Dark","-0.1","22.8","3200","57232","24.1","31%","27.9","","Opened","7.348","4","Safe","Calm","0.0","59","15.5","9.4","1003.1","1014.6"
"2026-09-07","22:00:57","Clear","Dry","Dark","-0.3","22.7","3200","57232","24.1","31%","27.9","","Opened","7.725","4","Safe","Calm","0.0","59","15.5","9.2","1003.1","1014.7"
"2026-09-07","22:01:06","Clear","Dry","Dark","-0.3","22.8","3200","57232","24.1","31%","27.9","","Opened","7.402","4","Safe","Calm","0.0","59","15.6","9.2","1003.1","1014.7"
"2026-09-07","22:01:16","Clear","Dry","Dark","-0.3","22.8","3200","57232","24.1","31%","27.9","","Opened","7.314","4","Safe","Calm","0.0","59","15.7","9.2","1003.1","1014.6"
"2026-09-07","22:01:26","Clear","Dry","Dark","-0.1","22.8","3200","57232","24.1","31%","27.9","","Opened","7.423","4","Safe","Calm","0.0","59","15.6","9.4","1003.2","1014.8"
"2026-09-07","22:01:36","Clear","Dry","Dark","-0.2","22.8","3200","57232","24.1","31%","27.9","","Opened","7.376","4","Safe","Calm","0.0","59","15.7","9.3","1003.1","1014.6"
"2026-09-07","22:01:46","Clear","Dry","Dark","-0.2","22.8","3200","57232","24.1","31%","27.8","Heating UP","Opened","7.469","4","Safe","Calm","0.0","59","15.7","9.3","1003.1","1014.6"
"2026-09-07","22:01:57","Clear","Dry","Dark","-0.4","22.8","3328","57232","24.1","32%","27.8","","Opened","7.836","4","Safe","Calm","0.0","59","15.6","9.1","1003.1","1014.7"
"2026-09-07","22:02:06","Clear","Dry","Dark","-0.2","22.8","3328","57232","24.1","32%","27.9","","Opened","7.409","4","Safe","Calm","0.0","59","15.6","9.3","1003.1","1014.7"
"2026-09-07","22:02:16","Clear","Dry","Dark","-0.2","22.8","3328","57232","24.1","32%","27.9","","Opened","7.333","4","Safe","Calm","0.0","59","15.6","9.3","1003.1","1014.6"
"2026-09-07","22:02:26","Clear","Dry","Dark","-0.3","22.8","3328","57232","24.1","32%","27.9","","Opened","7.396","4","Safe","Calm","0.0","59","15.5","9.2","1003.1","1014.7"
"2026-09-07","22:02:36","Clear","Dry","Dark","-0.3","22.8","3328","57232","24.1","32%","28.0","","Opened","7.301","4","Safe","Calm","0.0","59","15.5","9.2","1003.1","1014.7"
"2026-09-07","22:02:46","Clear","Dry","Dark","-0.4","22.8","3328","57232","24.0","32%","28.0","","Opened","7.409","4","Safe","Calm","0.0","59","15.4","9.1","1003.1","1014.6"
"2026-09-07","22:02:57","Clear","Dry","Dark","-0.3","22.8","3328","57232","24.1","32%","28.0","","Opened","7.754","4","Safe","Calm","0.0","59","15.5","9.2","1003.1","1014.7"
"2026-09-07","22:03:06","Clear","Dry","Dark","-0.2","22.7","3328","57232","24.1","32%","28.0","","Opened","7.459","4","Safe","Calm","0.0","59","15.5","9.2","1003.3","1014.8"
"2026-09-07","22:03:16","Clear","Dry","Dark","-0.2","22.7","3328","57232","24.1","32%","28.1","","Opened","7.308","4","Safe","Calm","0.0","59","15.5","9.3","1003.1","1014.6"
"2026-09-07","22:03:26","Clear","Dry","Dark","-0.3","22.7","3328","57232","24.1","32%","28.1","","Opened","7.310","4","Safe","Calm","0.0","59","15.5","9.2","1003.1","1014.6"
"2026-09-07","22:03:36","Clear","Dry","Dark","-0.3","22.7","3328","57232","24.0","32%","28.2","","Opened","7.338","4","Safe","Calm","0.0","59","15.5","9.1","1003.1","1014.6"
"2026-09-07","22:03:46","Clear","Dry","Dark","-0.4","22.7","3328","57232","24.1","32%","28.2","","Opened","7.320","4","Safe","Calm","0.0","59","15.5","9.1","1003.1","1014.7"
"2026-09-07","22:03:57","Clear","Dry","Dark","-0.2","22.7","3328","57232","24.1","32%","28.2","","Opened","7.694","4","Safe","Calm","0.0","59","15.5","9.3","1003.1","1014.6"
"2026-09-07","22:04:06","Clear","Dry","Dark","-0.2","22.7","3328","57232","24.1","32%","28.2","","Opened","7.344","4","Safe","Calm","0.0","59","15.5","9.3","1003.1","1014.7"
"2026-09-07","22:04:16","Clear","Dry","Dark","-0.1","22.7","3328","57232","24.1","32%","28.1","","Opened","7.331","4","Safe","Calm","0.0","59","15.5","9.4","1003.1","1014.7"
"2026-09-07","22:04:26","Clear","Dry","Dark","0.1","22.7","3328","57232","24.1","32%","28.1","","Opened","7.333","4","Safe","Calm","0.0","59","15.6","9.5","1003.1","1014.7"
"2026-09-07","22:04:36","Clear","Dry","Dark","-0.2","22.8","3328","57232","24.1","32%","28.1","","Opened","7.336","4","Safe","Calm","0.0","59","15.6","9.3","1003.2","1014.8"
"2026-09-07","22:04:46","Clear","Dry","Dark","-0.2","22.8","3328","57232","24.1","32%","28.1","","Opened","7.331","4","Safe","Calm","0.0","59","15.7","9.2","1003.1","1014.7"
"2026-09-07","22:04:57","Clear","Dry","Dark","0.0","22.8","3328","57232","24.0","32%","28.1","","Opened","7.723","4","Safe","Calm","0.0","59","15.7","9.5","1003.1","1014.6"
"2026-09-07","22:05:07","Clear","Dry","Dark","0.0","22.8","3328","57232","24.0","32%","28.0","","Opened","7.534","4","Safe","Calm","0.0","60","15.7","9.4","1003.1","1014.7"
"2026-09-07","22:05:16","Clear","Dry","Dark","-0.2","22.8","3328","57232","24.1","32%","28.0","","Opened","7.423","4","Safe","Calm","0.0","59","15.7","9.3","1003.1","1014.6"
"2026-09-07","22:05:26","Clear","Dry","Dark","-0.2","22.8","3328","57232","24.1","32%","28.0","","Opened","7.392","4","Safe","Calm","0.0","60","15.7","9.3","1003.1","1014.7"
"2026-09-07","22:05:36","Clear","Dry","Dark","-0.1","22.8","3328","57232","24.1","32%","28.0","","Opened","7.396","4","Safe","Calm","0.0","60","15.7","9.4","1003.1","1014.6"
"2026-09-07","22:05:46","Clear","Dry","Dark","-0.3","22.8","3328","57232","24.1","32%","28.0","","Opened","7.348","4","Safe","Calm","0.0","60","15.7","9.2","1003.2","1014.8"
"2026-09-07","22:05:57","Clear","Dry","Dark","-0.1","22.8","3328","57232","24.1","32%","28.0","","Opened","7.859","4","Safe","Calm","0.0","60","15.7","9.4","1003.1","1014.7"
"2026-09-07","22:06:06","Clear","Dry","Dark","-0.2","22.8","3328","57232","24.1","32%","28.1","","Opened","7.318","4","Safe","Calm","0.0","60","15.8","9.3","1003.1","1014.6"
"2026-09-07","22:06:16","Clear","Dry","Dark","0.0","22.8","3328","57232","24.1","32%","28.1","","Opened","7.404","4","Safe","Calm","0.0","59","15.7","9.4","1003.1","1014.6"
"2026-09-07","22:06:26","Clear","Dry","Dark","-0.1","22.8","3328","57232","24.1","32%","28.1","","Opened","7.396","4","Safe","Calm","0.0","59","15.7","9.3","1003.1","1014.6"
"2026-09-07","22:06:36","Clear","Dry","Dark","0.0","22.8","3328","57232","24.1","32%","28.1","","Opened","7.372","4","Safe","Calm","0.0","60","15.7","9.5","1003.1","1014.7"
"2026-09-07","22:06:46","Clear","Dry","Dark","-0.3","22.8","3328","57232","24.1","32%","28.1","","Opened","7.419","4","Safe","Calm","0.0","60","15.8","9.2","1003.1","1014.6"
"2026-09-07","22:06:57","Clear","Dry","Dark","-0.1","22.8","3328","57232","24.1","32%","28.1","","Opened","7.664","4","Safe","Calm","0.0","60","15.8","9.4","1003.1","1014.6"
"2026-09-07","22:07:06","Clear","Dry","Dark","-0.3","22.8","3328","57232","24.1","32%","28.1","","Opened","7.435","4","Safe","Calm","0.0","60","15.8","9.2","1003.1","1014.6"
"2026-09-07","22:07:16","Clear","Dry","Dark","-0.2","22.8","3328","57232","24.1","32%","28.2","","Opened","7.388","4","Safe","Calm","0.0","60","15.8","9.3","1003.1","1014.6"
"2026-09-07","22:07:26","Clear","Dry","Dark","-0.2","22.8","3328","57232","24.1","32%","28.2","","Opened","7.381","4","Safe","Calm","0.0","60","15.8","9.3","1003.1","1014.6"
"2026-09-07","22:07:36","Clear","Dry","Dark","-0.3","22.8","3328","57232","24.1","32%","28.3","","Opened","7.413","4","Safe","Calm","0.0","60","15.8","9.2","1003.1","1014.6"
"2026-09-07","22:07:46","Clear","Dry","Dark","-0.2","22.8","3328","57232","24.1","32%","28.3","","Opened","7.411","4","Safe","Calm","0.0","60","15.8","9.3","1003.1","1014.7"
"2026-09-07","22:07:57","Clear","Dry","Dark","0.0","22.8","3328","57232","24.1","32%","28.3","","Opened","7.796","4","Safe","Calm","0.0","60","15.8","9.5","1003.1","1014.6"
"2026-09-07","22:08:06","Clear","Dry","Dark","-0.2","22.8","3328","57232","24.1","32%","28.3","","Opened","7.381","4","Safe","Calm","0.0","60","15.9","9.3","1003.1","1014.6"
"2026-09-07","22:08:16","Clear","Dry","Dark","-0.2","22.8","3328","57232","24.1","32%","28.2","","Opened","7.405","4","Safe","Calm","0.0","60","15.9","9.3","1003.2","1014.8"
"2026-09-07","22:08:26","Clear","Dry","Dark","-0.2","22.8","3328","57232","24.1","32%","28.3","","Opened","7.446","4","Safe","Calm","0.0","60","15.9","9.3","1003.1","1014.6"
"2026-09-07","22:08:36","Clear","Dry","Dark","-0.4","22.8","3328","57232","24.1","32%","28.3","","Opened","7.454","4","Safe","Calm","0.0","60","15.9","9.2","1003.1","1014.7"
"2026-09-07","22:08:47","Clear","Dry","Dark","-0.3","22.8","3328","57232","24.1","32%","28.4","Heating DOWN","Opened","7.534","4","Safe","Calm","0.0","60","15.9","9.2","1003.1","1014.7"
"2026-09-07","22:08:57","Clear","Dry","Dark","-0.2","22.7","3200","57232","24.1","31%","28.4","Heating DOWN","Opened","7.880","4","Safe","Calm","0.0","60","15.8","9.3","1003.1","1014.6"
"2026-09-07","22:09:07","Clear","Dry","Dark","-0.1","22.7","3200","57232","24.1","30%","28.4","Heating DOWN","Opened","7.554","4","Safe","Calm","0.0","60","15.9","9.4","1003.1","1014.7"
"2026-09-07","22:09:16","Clear","Dry","Dark","-0.2","22.8","3200","57232","24.1","30%","28.4","Heating DOWN","Opened","7.485","4","Safe","Calm","0.0","60","15.9","9.3","1003.2","1014.8"
"2026-09-07","22:09:27","Clear","Dry","Dark","-0.3","22.8","3328","57232","24.1","29%","28.4","Heating DOWN","Opened","7.639","4","Safe","Calm","0.0","60","15.9","9.2","1003.1","1014.6"
"2026-09-07","22:09:36","Clear","Dry","Dark","-0.3","22.8","3200","57232","24.1","28%","28.4","","Opened","7.389","4","Safe","Calm","0.0","60","15.9","9.2","1003.1","1014.6"
"2026-09-07","22:09:46","Clear","Dry","Dark","-0.3","22.8","3200","57232","24.1","28%","28.3","","Opened","7.414","4","Safe","Calm","0.0","60","15.9","9.2","1003.1","1014.6"
"2026-09-07","22:09:57","Clear","Dry","Dark","-0.4","22.8","3200","57232","24.1","28%","28.4","","Opened","7.806","4","Safe","Calm","0.0","60","16.0","9.2","1003.1","1014.7"
"2026-09-07","22:10:06","Clear","Dry","Dark","0.0","22.7","3200","57232","24.1","28%","28.4","","Opened","7.382","4","Safe","Calm","0.0","60","16.0","9.5","1003.1","1014.6"
"2026-09-07","22:10:16","Clear","Dry","Dark","-0.3","22.7","3200","57232","24.1","28%","28.3","","Opened","7.424","4","Safe","Calm","0.0","60","16.0","9.2","1003.1","1014.7"
"2026-09-07","22:10:26","Clear","Dry","Dark","-0.2","22.7","3200","57232","24.1","28%","28.3","","Opened","7.395","4","Safe","Calm","0.0","60","16.0","9.3","1003.1","1014.6"
"2026-09-07","22:10:36","Clear","Dry","Dark","-0.3","22.7","3200","57232","24.1","28%","28.3","","Opened","7.412","4","Safe","Calm","0.0","60","16.0","9.2","1003.1","1014.7"
"2026-09-07","22:10:46","Clear","Dry","Dark","-0.2","22.7","3200","57232","24.1","28%","28.3","","Opened","7.338","4","Safe","Calm","0.0","61","16.0","9.3","1003.1","1014.7"
"2026-09-07","22:10:57","Clear","Dry","Dark","-0.3","22.7","3200","57232","24.2","28%","28.3","","Opened","7.861","4","Safe","Calm","0.0","61","16.1","9.2","1003.2","1014.8"
"2026-09-07","22:11:06","Clear","Dry","Dark","-0.3","22.7","3200","57232","24.1","28%","28.2","","Opened","7.337","4","Safe","Calm","0.0","61","16.1","9.2","1003.1","1014.7"
"2026-09-07","22:11:16","Clear","Dry","Dark","-0.3","22.7","3200","57232","24.1","28%","28.3","","Opened","7.448","4","Safe","Calm","0.0","61","16.1","9.2","1003.1","1014.7"
"2026-09-07","22:11:26","Clear","Dry","Dark","-0.3","22.7","3200","57232","24.2","28%","28.3","","Opened","7.325","4","Safe","Calm","0.0","61","16.1","9.2","1003.1","1014.6"
"2026-09-07","22:11:36","Clear","Dry","Dark","-0.2","22.7","3200","57232","24.2","28%","28.2","","Opened","7.396","4","Safe","Calm","0.0","61","16.1","9.3","1003.1","1014.6"
"2026-09-07","22:11:46","Clear","Dry","Dark","-0.3","22.7","3200","57232","24.2","28%","28.2","","Opened","7.434","4","Safe","Calm","0.0","61","16.1","9.2","1003.1","1014.6"
"2026-09-07","22:11:57","Clear","Dry","Dark","-0.3","22.7","3200","57232","24.1","28%","28.2","","Opened","7.782","4","Safe","Calm","0.0","61","16.1","9.2","1003.1","1014.7"
"2026-09-07","22:12:06","Clear","Dry","Dark","-0.2","22.7","3200","57232","24.2","28%","28.1","","Opened","7.440","4","Safe","Calm","0.0","61","16.2","9.3","1003.1","1014.7"
"2026-09-07","22:12:16","Clear","Dry","Dark","-0.2","22.7","3200","57232","24.2","28%","28.1","","Opened","7.327","4","Safe","Calm","0.0","61","16.2","9.4","1003.1","1014.7"
"2026-09-07","22:12:26","Clear","Dry","Dark","-0.3","22.7","3200","57232","24.2","28%","28.1","","Opened","7.332","4","Safe","Calm","0.0","61","16.2","9.3","1003.1","1014.7"
"2026-09-07","22:12:36","Clear","Dry","Dark","-0.4","22.7","3200","57232","24.2","28%","28.1","","Opened","7.348","4","Safe","Calm","0.0","61","16.2","9.2","1003.1","1014.7"
"2026-09-07","22:12:46","Clear","Dry","Dark","-0.4","22.7","3200","57232","24.2","28%","28.1","","Opened","7.336","4","Safe","Calm","0.0","61","16.2","9.2","1003.2","1014.8"
"2026-09-07","22:12:57","Clear","Dry","Dark","-0.3","22.7","3200","57232","24.2","28%","28.1","","Opened","7.779","4","Safe","Calm","0.0","61","16.2","9.3","1003.1","1014.7"
"2026-09-07","22:13:06","Clear","Dry","Dark","-0.3","22.7","3200","57232","24.2","28%","28.1","","Opened","7.417","4","Safe","Calm","0.0","61","16.2","9.2","1003.1","1014.6"
"2026-09-07","22:13:16","Clear","Dry","Dark","-0.2","22.7","3200","57232","24.2","28%","28.1","","Opened","7.370","4","Safe","Calm","0.0","61","16.2","9.3","1003.2","1014.8"
"2026-09-07","22:13:26","Clear","Dry","Dark","-0.1","22.7","3200","57232","24.2","28%","28.0","","Opened","7.378","4","Safe","Calm","0.0","61","16.2","9.5","1003.1","1014.6"
"2026-09-07","22:13:37","Clear","Dry","Dark","-0.1","22.7","3200","57232","24.2","28%","27.9","Heating UP","Opened","7.536","4","Safe","Calm","0.0","61","16.2","9.4","1003.1","1014.7"
"2026-09-07","22:13:46","Clear","Dry","Dark","-0.2","22.7","3328","57232","24.2","29%","27.9","Heating UP","Opened","7.460","4","Safe","Calm","0.0","61","16.2","9.3","1003.1","1014.7"
"2026-09-07","22:13:57","Clear","Dry","Dark","-0.3","22.7","3200","57232","24.2","30%","27.9","","Opened","7.811","4","Safe","Calm","0.0","61","16.2","9.2","1003.1","1014.7"
"2026-09-07","22:14:06","Clear","Dry","Dark","-0.3","22.7","3200","57232","24.2","30%","27.9","","Opened","7.475","4","Safe","Calm","0.0","61","16.2","9.3","1003.1","1014.7"
"2026-09-07","22:14:17","Clear","Dry","Dark","-0.4","22.7","3200","57232","24.2","30%","27.9","","Opened","7.791","4","Safe","Calm","0.0","61","16.2","9.2","1003.1","1014.7"
"2026-09-07","22:14:26","Clear","Dry","Dark","-0.1","22.7","3200","57232","24.2","30%","28.0","","Opened","7.409","4","Safe","Calm","0.0","61","16.2","9.5","1003.1","1014.7"
"2026-09-07","22:14:36","Clear","Dry","Dark","-0.3","22.7","3200","57232","24.2","30%","28.0","","Opened","7.386","4","Safe","Calm","0.0","61","16.2","9.3","1003.1","1014.7"
"2026-09-07","22:14:47","Clear","Dry","Dark","-0.3","22.7","3200","57232","24.2","30%","28.1","","Opened","7.650","4","Safe","Calm","0.0","61","16.1","9.2","1003.2","1014.8"
"2026-09-07","22:14:57","Clear","Dry","Dark","-0.4","22.7","3200","57232","24.2","30%","28.1","","Opened","7.794","4","Safe","Calm","0.0","61","16.1","9.2","1003.1","1014.7"
"2026-09-07","22:15:06","Clear","Dry","Dark","-0.4","22.7","3200","57232","24.2","30%","28.1","","Opened","7.430","4","Safe","Calm","0.0","61","16.1","9.1","1003.1","1014.7"
"2026-09-07","22:15:16","Clear","Dry","Dark","-0.2","22.7","3200","57232","24.1","30%","28.2","","Opened","7.380","4","Safe","Calm","0.0","61","16.1","9.3","1003.3","1014.8"
"2026-09-07","22:15:26","Clear","Dry","Dark","-0.4","22.7","3200","57232","24.2","30%","28.1","","Opened","7.392","4","Safe","Calm","0.0","61","16.1","9.1","1003.3","1014.8"
"2026-09-07","22:15:37","Clear","Dry","Dark","-0.5","22.6","3200","57232","24.2","30%","28.2","","Opened","7.668","4","Safe","Calm","0.0","61","16.1","9.1","1003.1","1014.7"
"2026-09-07","22:15:46","Clear","Dry","Dark","-0.3","22.7","3200","57232","24.2","30%","28.3","","Opened","7.333","4","Safe","Calm","0.0","60","16.0","9.2","1003.1","1014.7"
"2026-09-07","22:15:58","Clear","Dry","Dark","-0.4","22.6","3200","57232","24.2","30%","28.3","","Opened","8.522","4","Safe","Calm","0.0","60","16.0","9.1","1003.2","1014.8"
"2026-09-07","22:16:06","Clear","Dry","Dark","-0.2","22.6","3200","57232","24.2","30%","28.3","","Opened","7.453","4","Safe","Calm","0.0","60","16.0","9.3","1003.1","1014.7"
"2026-09-07","22:16:16","Clear","Dry","Dark","-0.5","22.6","3200","57232","24.2","30%","28.3","","Opened","7.352","4","Safe","Calm","0.0","60","16.0","9.1","1003.1","1014.7"
"2026-09-07","22:16:27","Clear","Dry","Dark","-0.5","22.6","3200","57232","24.2","30%","28.4","","Opened","7.803","4","Safe","Calm","0.0","60","16.0","9.1","1003.1","1014.7"
"2026-09-07","22:16:36","Clear","Dry","Dark","-0.4","22.6","3200","57232","24.2","30%","28.4","","Opened","7.428","4","Safe","Calm","0.0","60","16.0","9.1","1003.1","1014.7"
"2026-09-07","22:16:46","Clear","Dry","Dark","-0.1","22.6","3200","57232","24.2","30%","28.4","","Opened","7.310","4","Safe","Calm","0.0","60","16.0","9.4","1003.1","1014.7"
"2026-09-07","22:16:57","Clear","Dry","Dark","-0.4","22.5","3200","57232","24.2","30%","28.4","","Opened","7.678","4","Safe","Calm","0.0","60","15.9","9.2","1003.1","1014.7"
"2026-09-07","22:17:06","Clear","Dry","Dark","-0.4","22.5","3200","57232","24.2","30%","28.4","","Opened","7.381","4","Safe","Calm","0.0","60","15.9","9.1","1003.1","1014.7"
"2026-09-07","22:17:17","Clear","Dry","Dark","-0.3","22.5","3200","57232","24.2","30%","28.4","","Opened","7.509","4","Safe","Calm","0.0","60","15.9","9.2","1003.1","1014.7"
"2026-09-07","22:17:26","Clear","Dry","Dark","-0.3","22.5","3200","57232","24.2","30%","28.4","","Opened","7.367","4","Safe","Calm","0.0","60","15.9","9.2","1003.1","1014.7"
"2026-09-07","22:17:36","Clear","Dry","Dark","-0.5","22.5","3200","57232","24.2","30%","28.4","","Opened","7.445","4","Safe","Calm","0.0","60","15.8","9.1","1003.1","1014.7"
"2026-09-07","22:17:46","Clear","Dry","Dark","-0.4","22.5","3200","57232","24.2","30%","28.5","Heating DOWN","Opened","7.423","4","Safe","Calm","0.0","60","15.8","9.2","1003.2","1014.8"
"2026-09-07","22:17:57","Clear","Dry","Dark","-0.4","22.5","3328","57232","24.2","29%","28.4","","Opened","7.709","4","Safe","Calm","0.0","59","15.8","9.2","1003.1","1014.6"
"2026-09-07","22:18:06","Clear","Dry","Dark","-0.3","22.5","3328","57232","24.2","29%","28.4","","Opened","7.368","4","Safe","Calm","0.0","59","15.8","9.2","1003.1","1014.7"
"2026-09-07","22:18:16","Clear","Dry","Dark","-0.3","22.5","3328","57232","24.2","29%","28.4","","Opened","7.298","4","Safe","Calm","0.0","59","15.8","9.2","1003.1","1014.7"
"2026-09-07","22:18:26","Clear","Dry","Dark","-0.3","22.5","3328","57232","24.2","29%","28.4","","Opened","7.369","4","Safe","Calm","0.0","59","15.8","9.2","1003.2","1014.8"
"2026-09-07","22:18:36","Clear","Dry","Dark","-0.4","22.5","3328","57232","24.2","29%","28.3","","Opened","7.369","4","Safe","Calm","0.0","59","15.8","9.1","1003.1","1014.7"
"2026-09-07","22:18:46","Clear","Dry","Dark","-0.4","22.5","3328","57232","24.2","29%","28.3","","Opened","7.351","4","Safe","Calm","0.0","59","15.8","9.1","1003.1","1014.7"
"2026-09-07","22:18:57","Clear","Dry","Dark","-0.3","22.5","3328","57232","24.2","29%","28.3","","Opened","7.600","4","Safe","Calm","0.0","59","15.8","9.2","1003.2","1014.8"
"2026-09-07","22:19:06","Clear","Dry","Dark","-0.2","22.5","3328","57232","24.2","29%","28.3","","Opened","7.391","4","Safe","Calm","0.0","59","15.8","9.3","1003.3","1014.8"
"2026-09-07","22:19:16","Clear","Dry","Dark","-0.4","22.5","3328","57232","24.1","29%","28.3","","Opened","7.334","4","Safe","Calm","0.0","59","15.7","9.1","1003.1","1014.7"
"2026-09-07","22:19:26","Clear","Dry","Dark","-0.3","22.5","3328","57232","24.2","29%","28.3","","Opened","7.390","4","Safe","Calm","0.0","59","15.8","9.3","1003.1","1014.7"
"2026-09-07","22:19:36","Clear","Dry","Dark","-0.4","22.5","3328","57232","24.1","29%","28.2","","Opened","7.343","4","Safe","Calm","0.0","60","15.8","9.1","1003.1","1014.6"
"2026-09-07","22:19:46","Clear","Dry","Dark","-0.3","22.5","3328","57232","24.2","29%","28.2","","Opened","7.401","4","Safe","Calm","0.0","60","15.8","9.2","1003.1","1014.7"
"2026-09-07","22:19:57","Clear","Dry","Dark","-0.4","22.5","3328","57232","24.1","29%","28.2","","Opened","7.873","4","Safe","Calm","0.0","60","15.8","9.2","1003.1","1014.6"
"2026-09-07","22:20:07","Clear","Dry","Dark","-0.4","22.5","3328","57232","24.2","29%","28.2","","Opened","7.851","4","Safe","Calm","0.0","60","15.8","9.1","1003.1","1014.7"
"2026-09-07","22:20:16","Clear","Dry","Dark","-0.3","22.5","3328","57232","24.2","29%","28.2","","Opened","7.323","4","Safe","Calm","0.0","60","15.8","9.2","1003.1","1014.6"
"2026-09-07","22:20:27","Clear","Dry","Dark","-0.5","22.5","3328","57232","24.2","29%","28.2","","Opened","7.634","4","Safe","Calm","0.0","60","15.8","9.0","1003.1","1014.6"
"2026-09-07","22:20:37","Clear","Dry","Dark","-0.4","22.5","3328","57232","24.2","29%","28.2","","Opened","7.592","4","Safe","Calm","0.0","60","15.8","9.2","1003.1","1014.6"
"2026-09-07","22:20:46","Clear","Dry","Dark","-0.2","22.5","3328","57232","24.2","29%","28.1","","Opened","7.428","4","Safe","Calm","0.0","60","15.8","9.4","1003.1","1014.7"
"2026-09-07","22:20:57","Clear","Dry","Dark","-0.3","22.5","3328","57232","24.1","29%","28.1","","Opened","7.824","4","Safe","Calm","0.0","60","15.8","9.2","1003.3","1014.8"
"2026-09-07","22:21:06","Clear","Dry","Dark","-0.3","22.5","3328","57232","24.2","29%","28.1","","Opened","7.432","4","Safe","Calm","0.0","60","15.9","9.2","1003.1","1014.7"
"2026-09-07","22:21:16","Clear","Dry","Dark","-0.4","22.5","3328","57232","24.1","29%","28.1","","Opened","7.303","4","Safe","Calm","0.0","60","15.9","9.2","1003.2","1014.8"
"2026-09-07","22:21:26","Clear","Dry","Dark","-0.5","22.5","3328","57232","24.2","29%","28.1","","Opened","7.393","4","Safe","Calm","0.0","60","15.9","9.1","1003.2","1014.8"
"2026-09-07","22:21:36","Clear","Dry","Dark","-0.5","22.5","3328","57232","24.2","29%","28.2","","Opened","7.365","4","Safe","Calm","0.0","60","15.9","9.0","1003.2","1014.8"
"2026-09-07","22:21:46","Clear","Dry","Dark","-0.4","22.5","3328","57232","24.1","29%","28.2","","Opened","7.416","4","Safe","Calm","0.0","60","15.8","9.1","1003.2","1014.8"
"2026-09-07","22:21:57","Clear","Dry","Dark","-0.3","22.5","3328","57232","24.1","29%","28.2","","Opened","7.542","4","Safe","Calm","0.0","60","15.9","9.3","1003.1","1014.7"
"2026-09-07","22:22:06","Clear","Dry","Dark","-0.4","22.5","3328","57232","24.2","29%","28.2","","Opened","7.299","4","Safe","Calm","0.0","60","15.9","9.1","1003.1","1014.7"
"2026-09-07","22:22:16","Clear","Dry","Dark","-0.2","22.5","3328","57232","24.2","29%","28.2","","Opened","7.367","4","Safe","Calm","0.0","60","15.9","9.3","1003.2","1014.8"
"2026-09-07","22:22:26","Clear","Dry","Dark","-0.3","22.5","3328","57232","24.1","29%","28.2","","Opened","7.411","4","Safe","Calm","0.0","60","15.9","9.3","1003.1","1014.7"
"2026-09-07","22:22:36","Clear","Dry","Dark","-0.3","22.5","3328","57232","24.1","29%","28.2","","Opened","7.409","4","Safe","Calm","0.0","60","15.9","9.2","1003.2","1014.8"
"2026-09-07","22:22:46","Clear","Dry","Dark","-0.5","22.5","3328","57232","24.1","29%","28.2","","Opened","7.198","4","Safe","Calm","0.0","60","16.0","9.1","1003.2","1014.8"
"2026-09-07","22:22:57","Clear","Dry","Dark","-0.3","22.4","3328","57232","24.1","29%","28.2","","Opened","7.772","4","Safe","Calm","0.0","60","16.0","9.2","1003.1","1014.7"
"2026-09-07","22:23:06","Clear","Dry","Dark","-0.4","22.4","3328","57232","24.1","29%","28.2","","Opened","7.438","4","Safe","Calm","0.0","60","16.0","9.2","1003.3","1014.8"
"2026-09-07","22:23:16","Clear","Dry","Dark","-0.2","22.5","3328","57232","24.1","29%","28.2","","Opened","7.453","4","Safe","Calm","0.0","60","16.0","9.3","1003.1","1014.7"
"2026-09-07","22:23:26","Clear","Dry","Dark","0.0","22.5","3328","57232","24.1","29%","28.2","","Opened","7.331","4","Safe","Calm","0.0","61","16.0","9.5","1003.2","1014.8"
"2026-09-07","22:23:36","Clear","Dry","Dark","-0.3","22.5","3328","57232","24.1","29%","28.1","","Opened","7.386","4","Safe","Calm","0.0","61","16.1","9.3","1003.1","1014.7"
"2026-09-07","22:23:46","Clear","Dry","Dark","-0.3","22.5","3328","57232","24.1","29%","28.1","","Opened","7.395","4","Safe","Calm","0.0","61","16.1","9.2","1003.2","1014.8"
"2026-09-07","22:23:57","Clear","Dry","Dark","-0.4","22.5","3328","57232","24.2","29%","28.1","","Opened","7.799","4","Safe","Calm","0.0","61","16.1","9.2","1003.1","1014.7"
"2026-09-07","22:24:06","Clear","Dry","Dark","-0.1","22.5","3328","57232","24.1","29%","28.1","","Opened","7.458","4","Safe","Calm","0.0","61","16.1","9.4","1003.1","1014.7"
"2026-09-07","22:24:16","Clear","Dry","Dark","-0.3","22.5","3328","57232","24.1","29%","28.1","","Opened","7.368","4","Safe","Calm","0.0","61","16.1","9.2","1003.2","1014.8"
"2026-09-07","22:24:26","Clear","Dry","Dark","0.0","22.5","3328","57232","24.1","29%","28.1","","Opened","7.433","4","Safe","Calm","0.0","61","16.1","9.5","1003.2","1014.8"
"2026-09-07","22:24:36","Clear","Dry","Dark","-0.4","22.5","3328","57232","24.1","29%","28.1","","Opened","7.440","4","Safe","Calm","0.0","61","16.2","9.1","1003.1","1014.7"
"2026-09-07","22:24:46","Clear","Dry","Dark","-0.4","22.5","3328","57232","24.1","29%","28.1","","Opened","7.303","4","Safe","Calm","0.0","61","16.1","9.1","1003.1","1014.7"
"2026-09-07","22:24:57","Clear","Dry","Dark","-0.2","22.5","3328","57232","24.1","29%","28.1","","Opened","7.714","4","Safe","Calm","0.0","61","16.1","9.3","1003.1","1014.7"
"2026-09-07","22:25:06","Clear","Dry","Dark","-0.2","22.4","3328","57232","24.1","29%","28.1","","Opened","7.429","4","Safe","Calm","0.0","61","16.2","9.3","1003.1","1014.7"
"2026-09-07","22:25:16","Clear","Dry","Dark","-0.2","22.5","3328","57232","24.1","29%","28.1","","Opened","7.311","4","Safe","Calm","0.0","61","16.2","9.3","1003.2","1014.8"
"2026-09-07","22:25:26","Clear","Dry","Dark","-0.2","22.5","3328","57232","24.1","29%","28.1","","Opened","7.441","4","Safe","Calm","0.0","61","16.2","9.2","1003.1","1014.7"
"2026-09-07","22:25:36","Clear","Dry","Dark","-0.2","22.5","3328","57232","24.1","29%","28.1","","Opened","7.438","4","Safe","Calm","0.0","61","16.2","9.3","1003.2","1014.8"
"2026-09-07","22:25:46","Clear","Dry","Dark","-0.2","22.5","3328","57232","24.1","29%","28.0","","Opened","7.392","4","Safe","Calm","0.0","61","16.2","9.3","1003.2","1014.8"
"2026-09-07","22:25:57","Clear","Dry","Dark","-0.3","22.5","3328","57232","24.1","29%","28.0","","Opened","7.683","4","Safe","Calm","0.0","61","16.2","9.2","1003.1","1014.7"
"2026-09-07","22:26:06","Clear","Dry","Dark","-0.1","22.5","3328","57232","24.1","29%","28.0","","Opened","7.350","4","Safe","Calm","0.0","61","16.1","9.4","1003.1","1014.7"
"2026-09-07","22:26:16","Clear","Dry","Dark","-0.2","22.5","3328","57232","24.1","29%","28.0","","Opened","7.351","4","Safe","Calm","0.0","61","16.1","9.3","1003.2","1014.8"
"2026-09-07","22:26:26","Clear","Dry","Dark","-0.1","22.5","3328","57232","24.1","29%","27.9","","Opened","7.467","4","Safe","Calm","0.0","62","16.3","9.4","1003.1","1014.7"
"2026-09-07","22:26:36","Clear","Dry","Dark","-0.2","22.5","3328","57232","24.1","29%","27.9","","Opened","7.339","4","Safe","Calm","0.0","62","16.2","9.3","1003.2","1014.8"
"2026-09-07","22:26:46","Clear","Dry","Dark","-0.2","22.5","3328","57232","24.1","29%","27.9","","Opened","7.325","4","Safe","Calm","0.0","62","16.3","9.3","1003.1","1014.7"
"2026-09-07","22:26:57","Clear","Dry","Dark","-0.2","22.5","3328","57232","24.1","29%","27.9","","Opened","7.627","4","Safe","Calm","0.0","62","16.2","9.3","1003.1","1014.7"
"2026-09-07","22:27:06","Clear","Dry","Dark","-0.1","22.5","3328","57232","24.1","29%","27.9","","Opened","7.464","4","Safe","Calm","0.0","62","16.3","9.4","1003.1","1014.7"
"2026-09-07","22:27:16","Clear","Dry","Dark","-0.3","22.5","3328","57232","24.1","29%","27.9","","Opened","7.414","4","Safe","Calm","0.0","62","16.3","9.2","1003.3","1014.8"
"2026-09-07","22:27:27","Clear","Dry","Dark","-0.3","22.5","3328","57232","24.1","29%","27.9","","Opened","7.505","4","Safe","Calm","0.0","62","16.3","9.2","1003.1","1014.7"
"2026-09-07","22:27:36","Clear","Dry","Dark","-0.2","22.5","3328","57232","24.0","29%","27.9","","Opened","7.405","4","Safe","Calm","0.0","62","16.3","9.3","1003.2","1014.8"
"2026-09-07","22:27:46","Clear","Dry","Dark","-0.3","22.5","3328","57232","24.1","29%","27.9","","Opened","7.417","4","Safe","Calm","0.0","62","16.3","9.2","1003.2","1014.8"
"2026-09-07","22:27:57","Clear","Dry","Dark","-0.3","22.5","3328","57232","24.1","29%","27.9","","Opened","7.714","4","Safe","Calm","0.0","62","16.3","9.2","1003.2","1014.8"
"2026-09-07","22:28:06","Clear","Dry","Dark","-0.3","22.5","3328","57232","24.1","29%","27.9","","Opened","7.384","4","Safe","Calm","0.0","62","16.3","9.2","1003.3","1014.8"
"2026-09-07","22:28:16","Clear","Dry","Dark","-0.2","22.5","3328","57232","24.1","29%","27.9","","Opened","7.432","4","Safe","Calm","0.0","62","16.3","9.3","1003.1","1014.7"
"2026-09-07","22:28:26","Clear","Dry","Dark","-0.1","22.5","3328","57232","24.0","29%","27.9","","Opened","7.334","4","Safe","Calm","0.0","62","16.3","9.4","1003.1","1014.7"
"2026-09-07","22:28:36","Clear","Dry","Dark","-0.1","22.5","3328","57232","24.1","29%","27.9","","Opened","7.338","4","Safe","Calm","0.0","62","16.3","9.3","1003.1","1014.7"
"2026-09-07","22:28:46","Clear","Dry","Dark","-0.1","22.5","3328","57232","24.0","29%","27.8","","Opened","7.395","4","Safe","Calm","0.0","62","16.3","9.3","1003.2","1014.8"
"2026-09-07","22:28:57","Clear","Dry","Dark","-0.1","22.5","3328","57232","24.0","29%","27.8","","Opened","7.669","4","Safe","Calm","0.0","62","16.3","9.4","1003.3","1014.8"
"2026-09-07","22:29:06","Clear","Dry","Dark","-0.1","22.5","3328","57232","24.0","29%","27.8","","Opened","7.457","4","Safe","Calm","0.0","62","16.3","9.3","1003.3","1014.8"
"2026-09-07","22:29:17","Clear","Dry","Dark","-0.1","22.5","3328","57232","24.0","29%","27.7","Heating UP","Opened","7.633","4","Safe","Calm","0.0","62","16.4","9.4","1003.3","1014.8"
"2026-09-07","22:29:27","Clear","Dry","Dark","0.0","22.5","3200","57232","24.0","30%","27.7","Heating UP","Opened","7.693","4","Safe","Calm","0.0","62","16.3","9.5","1003.1","1014.7"
"2026-09-07","22:29:37","Clear","Dry","Dark","-0.2","22.5","3200","57232","24.0","30%","27.7","Heating UP","Opened","7.625","4","Safe","Calm","0.0","62","16.4","9.3","1003.2","1014.8"
"2026-09-07","22:29:47","Clear","Dry","Dark","-0.1","22.5","3200","57232","24.0","31%","27.7","Heating UP","Opened","7.720","4","Safe","Calm","0.0","62","16.4","9.4","1003.2","1014.8"
"2026-09-07","22:29:58","Clear","Dry","Dark","-0.2","22.5","3328","57232","24.0","32%","27.7","Heating UP","Opened","8.763","4","Safe","Calm","0.0","63","16.4","9.3","1003.2","1014.8"
"2026-09-07","22:30:06","Clear","Dry","Dark","-0.2","22.5","3200","57232","24.0","33%","27.8","","Opened","7.418","4","Safe","Calm","0.0","63","16.5","9.2","1003.3","1014.8"
"2026-09-07","22:30:17","Clear","Dry","Dark","-0.2","22.5","3200","57232","24.0","33%","27.8","","Opened","7.603","4","Safe","Calm","0.0","63","16.4","9.3","1003.1","1014.7"
"2026-09-07","22:30:26","Clear","Dry","Dark","0.0","22.5","3200","57232","24.0","33%","27.8","","Opened","7.425","4","Safe","Calm","0.0","63","16.5","9.5","1003.2","1014.8"
"2026-09-07","22:30:37","Clear","Dry","Dark","-0.1","22.5","3200","57232","24.0","33%","27.8","","Opened","7.554","4","Safe","Calm","0.0","63","16.5","9.4","1003.1","1014.7"
"2026-09-07","22:30:47","Clear","Dry","Dark","0.0","22.5","3200","57232","24.0","33%","27.9","","Opened","7.546","4","Safe","Calm","0.0","63","16.5","9.5","1003.2","1014.8"
"2026-09-07","22:30:57","Clear","Dry","Dark","0.0","22.5","3200","57232","24.0","33%","27.9","","Opened","7.930","4","Safe","Calm","0.0","63","16.5","9.5","1003.2","1014.8"
"2026-09-07","22:31:07","Clear","Dry","Dark","-0.1","22.5","3200","57232","24.0","33%","28.0","","Opened","7.511","4","Safe","Calm","0.0","63","16.6","9.3","1003.2","1014.8"
"2026-09-07","22:31:17","Clear","Dry","Dark","0.0","22.5","3200","57232","24.0","33%","28.0","","Opened","7.566","4","Safe","Calm","0.0","63","16.5","9.4","1003.2","1014.8"
"2026-09-07","22:31:27","Clear","Dry","Dark","0.0","22.5","3200","57232","24.0","33%","28.0","","Opened","7.535","4","Safe","Calm","0.0","63","16.6","9.4","1003.1","1014.7"
"2026-09-07","22:31:36","Clear","Dry","Dark","-0.1","22.5","3200","57232","24.0","33%","28.1","","Opened","7.386","4","Safe","Calm","0.0","63","16.6","9.3","1003.1","1014.7"
"2026-09-07","22:31:46","Clear","Dry","Dark","0.0","22.5","3200","57232","24.0","33%","28.1","","Opened","7.446","4","Safe","Calm","0.0","63","16.6","9.4","1003.1","1014.7"
"2026-09-07","22:31:57","Clear","Dry","Dark","-0.2","22.5","3200","57232","24.0","33%","28.1","","Opened","7.825","4","Safe","Calm","0.0","63","16.7","9.3","1003.1","1014.7"
"2026-09-07","22:32:07","Clear","Dry","Dark","-0.1","22.5","3200","57232","24.0","33%","28.1","","Opened","7.720","4","Safe","Calm","0.0","64","16.7","9.3","1003.3","1014.8"
"2026-09-07","22:32:16","Clear","Dry","Dark","-0.2","22.5","3200","57232","24.0","33%","28.1","","Opened","7.455","4","Safe","Calm","0.0","63","16.6","9.2","1003.3","1014.9"
"2026-09-07","22:32:27","Clear","Dry","Dark","0.0","22.5","3200","57232","24.0","33%","28.2","","Opened","7.491","4","Safe","Calm","0.0","63","16.6","9.4","1003.3","1014.8"
"2026-09-07","22:32:37","Clear","Dry","Dark","-0.1","22.5","3200","57232","24.0","33%","28.2","","Opened","7.560","4","Safe","Calm","0.0","63","16.6","9.3","1003.2","1014.8"
"2026-09-07","22:32:47","Clear","Dry","Dark","0.0","22.5","3200","57232","24.0","33%","28.2","","Opened","7.845","4","Safe","Calm","0.0","63","16.6","9.4","1003.1","1014.7"
"2026-09-07","22:32:57","Clear","Dry","Dark","0.0","22.5","3200","57232","24.0","33%","28.2","","Opened","7.717","4","Safe","Calm","0.0","64","16.7","9.4","1003.2","1014.8"
"2026-09-07","22:33:06","Clear","Dry","Dark","-0.2","22.5","3200","57232","24.0","33%","28.2","","Opened","7.391","4","Safe","Calm","0.0","64","16.7","9.3","1003.1","1014.7"
"2026-09-07","22:33:17","Clear","Dry","Dark","-0.2","22.5","3200","57232","24.0","33%","28.3","Heating DOWN","Opened","7.535","4","Safe","Calm","0.0","64","16.7","9.3","1003.2","1014.8"
"2026-09-07","22:33:27","Clear","Dry","Dark","-0.2","22.5","3328","57232","24.0","32%","28.3","Heating DOWN","Opened","7.520","4","Safe","Calm","0.0","64","16.7","9.3","1003.1","1014.7"
"2026-09-07","22:33:37","Clear","Dry","Dark","-0.1","22.5","3200","57232","24.0","31%","28.3","Heating DOWN","Opened","7.601","4","Safe","Calm","0.0","64","16.7","9.3","1003.1","1014.7"
"2026-09-07","22:33:47","Clear","Dry","Dark","-0.1","22.5","3200","57232","24.0","30%","28.3","Heating DOWN","Opened","8.036","4","Safe","Calm","0.0","64","16.7","9.3","1003.3","1014.8"
"2026-09-07","22:33:57","Clear","Dry","Dark","0.0","22.5","3200","57232","24.0","30%","28.3","Heating DOWN","Opened","7.895","4","Safe","Calm","0.0","64","16.7","9.4","1003.2","1014.8"
"2026-09-07","22:34:07","Clear","Dry","Dark","-0.1","22.5","3200","57232","24.0","29%","28.3","Heating DOWN","Opened","7.480","4","Safe","Calm","0.0","64","16.7","9.3","1003.2","1014.8"
"2026-09-07","22:34:17","Clear","Dry","Dark","-0.2","22.5","3200","57232","24.0","28%","28.3","Heating DOWN","Opened","7.990","4","Safe","Calm","0.0","64","16.7","9.2","1003.1","1014.7"
"2026-09-07","22:34:27","Clear","Dry","Dark","-0.2","22.5","3200","57232","24.0","27%","28.2","","Opened","7.789","4","Safe","Calm","0.0","64","16.7","9.3","1003.2","1014.8"
"2026-09-07","22:34:36","Clear","Dry","Dark","-0.3","22.5","3200","57232","24.0","27%","28.2","","Opened","7.413","4","Safe","Calm","0.0","64","16.7","9.2","1003.2","1014.8"
"2026-09-07","22:34:47","Clear","Dry","Dark","0.0","22.5","3200","57232","24.0","27%","28.2","","Opened","7.596","4","Safe","Calm","0.0","64","16.8","9.4","1003.1","1014.7"
"2026-09-07","22:34:57","Clear","Dry","Dark","-0.1","22.5","3200","57232","24.0","27%","28.2","","Opened","8.110","4","Safe","Calm","0.0","64","16.8","9.4","1003.1","1014.7"
"2026-09-07","22:35:06","Clear","Dry","Dark","0.0","22.5","3200","57232","24.0","27%","28.1","","Opened","7.310","4","Safe","Calm","0.0","64","16.8","9.4","1003.1","1014.7"
"2026-09-07","22:35:16","Clear","Dry","Dark","-0.2","22.4","3200","57232","24.0","27%","28.1","","Opened","7.460","4","Safe","Calm","0.0","64","16.8","9.3","1003.1","1014.7"
"2026-09-07","22:35:26","Clear","Dry","Dark","-0.1","22.5","3200","57232","24.0","27%","28.0","","Opened","7.365","4","Safe","Calm","0.0","64","16.8","9.3","1003.2","1014.8"
"2026-09-07","22:35:37","Clear","Dry","Dark","-0.1","22.5","3200","57232","24.0","27%","28.0","","Opened","7.530","4","Safe","Calm","0.0","64","16.8","9.3","1003.2","1014.8"
"2026-09-07","22:35:47","Clear","Dry","Dark","0.0","22.4","3200","57232","24.0","27%","28.0","","Opened","7.934","4","Safe","Calm","0.0","64","16.8","9.4","1003.2","1014.8"
"2026-09-07","22:35:57","Clear","Dry","Dark","0.0","22.4","3200","57232","24.0","27%","27.9","","Opened","7.895","4","Safe","Calm","0.0","64","16.8","9.4","1003.1","1014.7"
"2026-09-07","22:36:06","Clear","Dry","Dark","-0.1","22.4","3200","57232","24.0","27%","27.8","","Opened","7.419","4","Safe","Calm","0.0","64","16.8","9.3","1003.2","1014.8"
"2026-09-07","22:36:16","Clear","Dry","Dark","-0.3","22.4","3200","57232","24.0","27%","27.8","","Opened","7.465","4","Safe","Calm","0.0","64","16.8","9.2","1003.2","1014.8"
"2026-09-07","22:36:26","Clear","Dry","Dark","-0.2","22.4","3200","57232","24.0","27%","27.8","","Opened","7.386","4","Safe","Calm","0.0","64","16.8","9.2","1003.3","1014.8"
"2026-09-07","22:36:36","Clear","Dry","Dark","-0.2","22.4","3200","57232","24.0","27%","27.8","","Opened","7.390","4","Safe","Calm","0.0","64","16.8","9.2","1003.2","1014.8"
"2026-09-07","22:36:47","Clear","Dry","Dark","-0.1","22.4","3200","57232","24.0","27%","27.8","","Opened","8.144","4","Safe","Calm","0.0","64","16.8","9.3","1003.2","1014.8"
"2026-09-07","22:36:57","Clear","Dry","Dark","-0.1","22.4","3200","57232","24.0","27%","27.8","","Opened","7.704","4","Safe","Calm","0.0","64","16.8","9.3","1003.2","1014.8"
"2026-09-07","22:37:06","Clear","Dry","Dark","0.0","22.4","3200","57232","24.0","27%","27.7","","Opened","7.336","4","Safe","Calm","0.0","64","16.8","9.5","1003.3","1014.8"
"2026-09-07","22:37:16","Clear","Dry","Dark","-0.1","22.4","3200","57232","24.0","27%","27.7","","Opened","7.450","4","Safe","Calm","0.0","64","16.9","9.3","1003.2","1014.8"
"2026-09-07","22:37:26","Clear","Dry","Dark","-0.1","22.4","3200","57232","24.0","27%","27.7","","Opened","7.365","4","Safe","Calm","0.0","64","16.9","9.3","1003.2","1014.8"
"2026-09-07","22:37:37","Clear","Dry","Dark","-0.1","22.4","3200","57232","24.0","27%","27.6","Heating UP","Opened","7.549","4","Safe","Calm","0.0","64","16.8","9.3","1003.3","1014.9"
"2026-09-07","22:37:46","Clear","Dry","Dark","0.0","22.4","3200","57232","23.9","28%","27.6","Heating UP","Opened","7.460","4","Safe","Calm","0.0","64","16.8","9.4","1003.2","1014.8"
"2026-09-07","22:37:57","Clear","Dry","Dark","-0.1","22.4","3200","57232","24.0","29%","27.6","Heating UP","Opened","8.124","4","Safe","Calm","0.0","64","16.8","9.3","1003.1","1014.7"
"2026-09-07","22:38:06","Clear","Dry","Dark","-0.1","22.4","3200","57232","23.9","30%","27.6","Heating UP","Opened","7.443","4","Safe","Calm","0.0","64","16.8","9.3","1003.2","1014.8"
"2026-09-07","22:38:16","Clear","Dry","Dark","-0.1","22.4","3200","57232","24.0","30%","27.7","","Opened","7.381","4","Safe","Calm","0.0","64","16.8","9.3","1003.2","1014.8"
"2026-09-07","22:38:26","Clear","Dry","Dark","-0.1","22.4","3200","57232","24.0","30%","27.7","","Opened","7.274","4","Safe","Calm","0.0","64","16.8","9.3","1003.2","1014.8"
"2026-09-07","22:38:36","Clear","Dry","Dark","-0.3","22.3","3200","57232","24.0","30%","27.8","","Opened","7.425","4","Safe","Calm","0.0","64","16.8","9.1","1003.2","1014.8"
"2026-09-07","22:38:46","Clear","Dry","Dark","-0.1","22.3","3200","57232","24.0","30%","27.8","","Opened","7.371","4","Safe","Calm","0.0","64","16.8","9.3","1003.2","1014.8"
"2026-09-07","22:38:57","Clear","Dry","Dark","-0.1","22.3","3200","57232","23.9","30%","27.8","","Opened","7.805","4","Safe","Calm","0.0","64","16.8","9.3","1003.3","1014.8"
"2026-09-07","22:39:06","Clear","Dry","Dark","0.1","22.3","3200","57232","24.0","30%","27.8","","Opened","7.335","4","Safe","Calm","0.0","64","16.8","9.5","1003.2","1014.8"
"2026-09-07","22:39:16","Clear","Dry","Dark","0.1","22.4","3200","57232","23.9","30%","27.8","","Opened","7.286","4","Safe","Calm","0.0","65","16.9","9.5","1003.2","1014.8"
"2026-09-07","22:39:26","Clear","Dry","Dark","-0.2","22.4","3200","57232","24.0","30%","27.8","","Opened","7.406","4","Safe","Calm","0.0","65","16.9","9.2","1003.2","1014.8"
"2026-09-07","22:39:36","Clear","Dry","Dark","-0.2","22.4","3200","57232","23.9","30%","27.8","","Opened","7.315","4","Safe","Calm","0.0","65","16.9","9.2","1003.2","1014.8"
"2026-09-07","22:39:46","Clear","Dry","Dark","-0.1","22.4","3200","57232","24.0","30%","27.8","","Opened","7.325","4","Safe","Calm","0.0","65","16.9","9.3","1003.2","1014.8"
"2026-09-07","22:39:58","Clear","Dry","Dark","-0.3","22.4","3200","57232","23.9","30%","27.9","","Opened","8.889","4","Safe","Calm","0.0","65","16.9","9.1","1003.2","1014.8"
"2026-09-07","22:40:06","Clear","Dry","Dark","-0.3","22.3","3200","57232","23.9","30%","28.0","","Opened","7.465","4","Safe","Calm","0.0","64","16.8","9.1","1003.2","1014.8"
"2026-09-07","22:40:16","Clear","Dry","Dark","-0.2","22.3","3200","57232","23.9","30%","28.0","","Opened","7.290","4","Safe","Calm","0.0","64","16.8","9.2","1003.1","1014.7"
"2026-09-07","22:40:27","Clear","Dry","Dark","-0.2","22.3","3200","57232","23.9","30%","28.1","","Opened","7.765","4","Safe","Calm","0.0","64","16.8","9.2","1003.1","1014.7"
"2026-09-07","22:40:36","Clear","Dry","Dark","-0.2","22.3","3200","57232","23.9","30%","28.1","","Opened","7.386","4","Safe","Calm","0.0","64","16.8","9.2","1003.2","1014.8"
"2026-09-07","22:40:46","Clear","Dry","Dark","-0.2","22.3","3200","57232","23.9","30%","28.1","","Opened","7.344","4","Safe","Calm","0.0","64","16.8","9.2","1003.1","1014.7"
"2026-09-07","22:40:57","Clear","Dry","Dark","-0.3","22.3","3200","57232","23.9","30%","28.2","","Opened","7.865","4","Safe","Calm","0.0","64","16.8","9.1","1003.2","1014.8"
"2026-09-07","22:41:07","Clear","Dry","Dark","-0.2","22.2","3200","57232","23.9","30%","28.2","Heating DOWN","Opened","7.496","4","Safe","Calm","0.0","64","16.7","9.2","1003.3","1014.8"
"2026-09-07","22:41:17","Clear","Dry","Dark","0.0","22.2","3200","57232","23.9","30%","28.3","Heating DOWN","Opened","7.555","4","Safe","Calm","0.0","64","16.8","9.4","1003.2","1014.8"
"2026-09-07","22:41:26","Clear","Dry","Dark","-0.1","22.3","3200","57232","23.9","29%","28.2","","Opened","7.380","4","Safe","Calm","0.0","64","16.8","9.3","1003.2","1014.8"
"2026-09-07","22:41:36","Clear","Dry","Dark","-0.1","22.2","3200","57232","23.9","29%","28.2","","Opened","7.390","4","Safe","Calm","0.0","64","16.8","9.3","1003.2","1014.8"
"2026-09-07","22:41:47","Clear","Dry","Dark","-0.2","22.3","3200","57232","23.9","29%","28.2","","Opened","7.755","4","Safe","Calm","0.0","65","16.8","9.2","1003.2","1014.8"
"2026-09-07","22:41:57","Clear","Dry","Dark","-0.2","22.2","3200","57232","24.0","29%","28.2","","Opened","7.940","4","Safe","Calm","0.0","65","16.9","9.2","1003.1","1014.7"
"2026-09-07","22:42:06","Clear","Dry","Dark","-0.2","22.2","3200","57232","23.9","29%","28.2","","Opened","7.445","4","Safe","Calm","0.0","65","16.9","9.2","1003.2","1014.8"
"2026-09-07","22:42:17","Clear","Dry","Dark","-0.3","22.2","3200","57232","23.9","29%","28.3","Heating DOWN","Opened","8.159","4","Safe","Calm","0.0","65","16.8","9.1","1003.2","1014.8"
"2026-09-07","22:42:27","Clear","Dry","Dark","-0.3","22.2","3200","57232","24.0","28%","28.3","Heating DOWN","Opened","7.475","4","Safe","Calm","0.0","64","16.9","9.1","1003.2","1014.8"
"2026-09-07","22:42:36","Clear","Dry","Dark","-0.1","22.2","3200","57232","23.9","27%","28.3","Heating DOWN","Opened","7.466","4","Safe","Calm","0.0","64","16.8","9.3","1003.2","1014.8"
"2026-09-07","22:42:47","Clear","Dry","Dark","-0.1","22.2","3200","57232","24.0","26%","28.3","Heating DOWN","Opened","7.485","4","Safe","Calm","0.0","65","16.9","9.3","1003.1","1014.7"
"2026-09-07","22:42:57","Clear","Dry","Dark","0.0","22.2","3200","57232","24.0","25%","28.2","","Opened","7.535","4","Safe","Calm","0.0","65","16.9","9.4","1003.3","1014.8"
"2026-09-07","22:43:06","Clear","Dry","Dark","-0.2","22.3","3200","57232","24.0","25%","28.1","","Opened","7.389","4","Safe","Calm","0.0","65","17.0","9.2","1003.1","1014.7"
"2026-09-07","22:43:17","Clear","Dry","Dark","-0.2","22.3","3200","57232","24.0","25%","28.1","","Opened","7.868","4","Safe","Calm","0.0","65","17.0","9.2","1003.1","1014.7"
"2026-09-07","22:43:26","Clear","Dry","Dark","0.0","22.3","3200","57232","24.0","25%","28.0","","Opened","7.362","4","Safe","Calm","0.0","65","17.0","9.4","1003.1","1014.7"
"2026-09-07","22:43:37","Clear","Dry","Dark","0.1","22.3","3200","57232","23.9","25%","28.0","","Opened","7.720","4","Safe","Calm","0.0","65","17.0","9.5","1003.1","1014.7"
"2026-09-07","22:43:46","Clear","Dry","Dark","-0.1","22.3","3200","57232","24.0","25%","27.9","","Opened","7.370","4","Safe","Calm","0.0","65","17.1","9.4","1003.1","1014.7"
"2026-09-07","22:43:57","Clear","Dry","Dark","-0.1","22.2","3200","57232","24.0","25%","27.9","","Opened","7.889","4","Safe","Calm","0.0","65","17.1","9.3","1003.3","1014.8"
"2026-09-07","22:44:07","Clear","Dry","Dark","0.2","22.3","3200","57232","23.9","25%","27.8","","Opened","7.621","4","Safe","Calm","0.0","66","17.1","9.6","1003.1","1014.7"
"2026-09-07","22:44:16","Clear","Dry","Dark","-0.1","22.3","3200","57232","24.0","25%","27.8","","Opened","7.385","4","Safe","Calm","0.0","66","17.2","9.3","1003.1","1014.7"
"2026-09-07","22:44:27","Clear","Dry","Dark","0.0","22.3","3200","57232","23.9","25%","27.8","","Opened","7.470","4","Safe","Calm","0.0","66","17.3","9.4","1003.2","1014.8"
"2026-09-07","22:44:36","Clear","Dry","Dark","-0.3","22.3","3200","57232","24.0","25%","27.8","","Opened","7.405","4","Safe","Calm","0.0","66","17.3","9.2","1003.1","1014.7"
"2026-09-07","22:44:46","Clear","Dry","Dark","-0.1","22.3","3200","57232","24.0","25%","27.8","","Opened","7.360","4","Safe","Calm","0.0","66","17.3","9.3","1003.1","1014.7"
"2026-09-07","22:44:57","Clear","Dry","Dark","-0.2","22.3","3200","57232","24.0","25%","27.8","","Opened","8.085","4","Safe","Calm","0.0","66","17.3","9.3","1003.1","1014.7"
"2026-09-07","22:45:06","Clear","Dry","Dark","0.0","22.3","3200","57232","24.0","25%","27.8","","Opened","7.400","4","Safe","Calm","0.0","66","17.2","9.4","1003.2","1014.8"
"2026-09-07","22:45:16","Clear","Dry","Dark","0.0","22.3","3200","57232","24.0","25%","27.7","","Opened","7.414","4","Safe","Calm","0.0","66","17.3","9.4","1003.1","1014.7"
"2026-09-07","22:45:27","Clear","Dry","Dark","-0.1","22.3","3200","57232","24.0","25%","27.7","","Opened","7.589","4","Safe","Calm","0.0","66","17.3","9.3","1003.2","1014.8"
"2026-09-07","22:45:36","Clear","Dry","Dark","-0.2","22.3","3200","57232","24.0","25%","27.7","","Opened","7.240","4","Safe","Calm","0.0","66","17.3","9.2","1003.2","1014.8"
"2026-09-07","22:45:47","Clear","Dry","Dark","0.0","22.3","3200","57232","24.0","25%","27.7","","Opened","7.462","4","Safe","Calm","0.0","66","17.3","9.4","1003.1","1014.7"
"2026-09-07","22:45:57","Clear","Dry","Dark","0.1","22.3","3200","57232","24.0","25%","27.7","","Opened","7.780","4","Safe","Calm","0.0","66","17.4","9.5","1003.2","1014.8"
"2026-09-07","22:46:07","Clear","Dry","Dark","0.0","22.3","3200","57232","24.0","25%","27.6","Heating UP","Opened","7.529","4","Safe","Calm","0.0","67","17.5","9.4","1003.1","1014.7"
"2026-09-07","22:46:16","Clear","Dry","Dark","-0.1","22.3","3200","57232","24.0","26%","27.6","Heating UP","Opened","7.445","4","Safe","Calm","0.0","67","17.5","9.3","1003.1","1014.7"
"2026-09-07","22:46:27","Clear","Dry","Dark","-0.1","22.3","3200","57232","24.0","27%","27.6","Heating UP","Opened","7.599","4","Safe","Calm","0.0","67","17.5","9.3","1003.1","1014.7"
"2026-09-07","22:46:37","Clear","Dry","Dark","-0.2","22.3","3200","57232","24.0","28%","27.6","Heating UP","Opened","7.460","4","Safe","Calm","0.0","67","17.5","9.3","1003.2","1014.8"
"2026-09-07","22:46:47","Clear","Dry","Dark","-0.1","22.3","3200","57232","24.0","29%","27.6","Heating UP","Opened","7.540","4","Safe","Calm","0.0","67","17.5","9.3","1003.3","1014.8"
"2026-09-07","22:46:57","Clear","Dry","Dark","-0.2","22.3","3200","57232","24.0","30%","27.6","Heating UP","Opened","7.768","4","Safe","Calm","0.0","67","17.5","9.3","1003.1","1014.7"
"2026-09-07","22:47:07","Clear","Dry","Dark","-0.1","22.3","3200","57232","24.0","30%","27.7","","Opened","7.488","4","Safe","Calm","0.0","67","17.5","9.3","1003.1","1014.7"
"2026-09-07","22:47:16","Clear","Dry","Dark","-0.2","22.3","3200","57232","24.0","30%","27.8","","Opened","7.395","4","Safe","Calm","0.0","67","17.5","9.2","1003.1","1014.7"
"2026-09-07","22:47:26","Clear","Dry","Dark","-0.2","22.2","3200","57232","24.0","30%","27.8","","Opened","7.405","4","Safe","Calm","0.0","67","17.4","9.2","1003.1","1014.7"
"2026-09-07","22:47:36","Clear","Dry","Dark","-0.3","22.2","3200","57232","24.0","30%","27.9","","Opened","7.369","4","Safe","Calm","0.0","67","17.5","9.2","1003.2","1014.8"
"2026-09-07","22:47:46","Clear","Dry","Dark","0.0","22.2","3200","57232","24.0","30%","27.9","","Opened","7.346","4","Safe","Calm","0.0","67","17.4","9.5","1003.2","1014.8"
"2026-09-07","22:47:57","Clear","Dry","Dark","-0.1","22.2","3200","57232","24.0","30%","28.0","","Opened","7.692","4","Safe","Calm","0.0","67","17.4","9.4","1003.1","1014.7"
"2026-09-07","22:48:07","Clear","Dry","Dark","-0.2","22.2","3200","57232","24.0","30%","28.0","","Opened","7.443","4","Safe","Calm","0.0","67","17.4","9.3","1003.2","1014.8"
"2026-09-07","22:48:16","Clear","Dry","Dark","0.0","22.2","3200","57232","24.0","30%","28.0","","Opened","7.341","4","Safe","Calm","0.0","67","17.4","9.4","1003.2","1014.8"
"2026-09-07","22:48:26","Clear","Dry","Dark","0.0","22.2","3200","57232","24.0","30%","28.0","","Opened","7.390","4","Safe","Calm","0.0","67","17.4","9.4","1003.2","1014.8"
"2026-09-07","22:48:36","Clear","Dry","Dark","-0.1","22.3","3200","57232","24.0","30%","28.0","","Opened","7.386","4","Safe","Calm","0.0","67","17.4","9.3","1003.1","1014.7"
"2026-09-07","22:48:46","Clear","Dry","Dark","-0.2","22.3","3200","57232","24.0","30%","28.0","","Opened","7.439","4","Safe","Calm","0.0","67","17.4","9.2","1003.3","1014.9"
"2026-09-07","22:48:57","Clear","Dry","Dark","-0.1","22.3","3200","57232","24.0","30%","28.1","","Opened","7.809","4","Safe","Calm","0.0","67","17.4","9.4","1003.2","1014.8"
"2026-09-07","22:49:07","Clear","Dry","Dark","-0.3","22.3","3200","57232","24.0","30%","28.1","","Opened","7.594","4","Safe","Calm","0.0","66","17.3","9.1","1003.1","1014.7"
"2026-09-07","22:49:16","Clear","Dry","Dark","-0.3","22.3","3200","57232","24.0","30%","28.2","","Opened","7.354","4","Safe","Calm","0.0","66","17.3","9.2","1003.2","1014.8"
"2026-09-07","22:49:26","Clear","Dry","Dark","-0.3","22.2","3200","57232","24.0","30%","28.2","","Opened","7.374","4","Safe","Calm","0.0","66","17.3","9.1","1003.2","1014.8"
"2026-09-07","22:49:36","Clear","Dry","Dark","-0.3","22.2","3200","57232","24.0","30%","28.2","","Opened","7.441","4","Safe","Calm","0.0","66","17.3","9.1","1003.1","1014.7"
"2026-09-07","22:49:47","Clear","Dry","Dark","-0.3","22.2","3200","57232","24.0","30%","28.3","Heating DOWN","Opened","7.490","4","Safe","Calm","0.0","66","17.2","9.2","1003.1","1014.7"
"2026-09-07","22:49:57","Clear","Dry","Dark","-0.3","22.2","3200","57232","24.0","30%","28.2","","Opened","7.824","4","Safe","Calm","0.0","66","17.2","9.1","1003.1","1014.7"
"2026-09-07","22:50:07","Clear","Dry","Dark","-0.4","22.2","3200","57232","24.0","30%","28.2","","Opened","7.449","4","Safe","Calm","0.0","66","17.2","9.0","1003.2","1014.8"
"2026-09-07","22:50:17","Clear","Dry","Dark","-0.4","22.2","3200","57232","24.0","30%","28.2","","Opened","7.545","4","Safe","Calm","0.0","66","17.2","9.0","1003.2","1014.8"
"2026-09-07","22:50:27","Clear","Dry","Dark","-0.1","22.2","3200","57232","24.0","30%","28.2","","Opened","7.480","4","Safe","Calm","0.0","66","17.2","9.3","1003.1","1014.7"
"2026-09-07","22:50:37","Clear","Wet","Dark","-0.2","22.2","3199","57232","23.9","30%","28.2","","Opened","7.669","4","Safe","Calm","0.0","66","17.1","9.2","1003.1","1014.7"
"2026-09-07","22:50:47","Clear","Dry","Dark","-0.1","22.2","3200","57232","24.0","30%","28.1","","Opened","7.644","4","Safe","Calm","0.0","65","17.0","9.3","1003.2","1014.8"
"2026-09-07","22:50:57","Clear","Dry","Dark","-0.1","22.2","3200","57232","23.9","30%","28.1","","Opened","8.009","4","Safe","Calm","0.0","65","16.9","9.3","1003.3","1014.9"
"2026-09-07","22:51:07","Clear","Dry","Dark","-0.1","22.2","3200","57232","23.9","30%","28.0","","Opened","7.744","4","Safe","Calm","0.0","65","16.9","9.3","1003.1","1014.7"
"2026-09-07","22:51:17","Clear","Dry","Dark","-0.3","22.2","3200","57232","23.9","30%","28.1","","Opened","7.635","4","Safe","Calm","0.0","64","16.8","9.1","1003.3","1014.8"
"2026-09-07","22:51:27","Clear","Dry","Dark","-0.1","22.2","3200","57232","23.9","30%","28.1","","Opened","7.655","4","Safe","Calm","0.0","64","16.8","9.3","1003.2","1014.8"
"2026-09-07","22:51:37","Clear","Dry","Dark","-0.1","22.2","3200","57232","23.9","30%","28.0","","Opened","7.605","4","Safe","Calm","0.0","64","16.8","9.3","1003.2","1014.8"
"2026-09-07","22:51:47","Clear","Dry","Dark","-0.1","22.3","3200","57232","23.9","30%","28.0","","Opened","7.705","4","Safe","Calm","0.0","64","16.7","9.2","1003.2","1014.8"
"2026-09-07","22:51:57","Clear","Dry","Dark","-0.2","22.3","3200","57232","23.9","30%","27.9","","Opened","7.909","4","Safe","Calm","0.0","64","16.7","9.1","1003.2","1014.8"
"2026-09-07","22:52:07","Clear","Dry","Dark","-0.2","22.2","3200","57232","23.9","30%","27.9","","Opened","7.605","4","Safe","Calm","0.0","64","16.7","9.2","1003.2","1014.8"
"2026-09-07","22:52:17","Clear","Dry","Dark","-0.3","22.2","3200","57232","23.9","30%","27.9","","Opened","7.835","4","Safe","Calm","0.0","64","16.7","9.1","1003.2","1014.8"
"2026-09-07","22:52:27","Clear","Dry","Dark","-0.4","22.3","3200","57232","23.9","30%","27.8","","Opened","7.734","4","Safe","Calm","0.0","64","16.7","8.9","1003.3","1014.9"
"2026-09-07","22:52:37","Clear","Dry","Dark","-0.5","22.2","3200","57232","23.9","30%","27.8","","Opened","7.737","4","Safe","Calm","0.0","64","16.7","8.9","1003.2","1014.8"
"2026-09-07","22:52:47","Clear","Dry","Dark","-0.3","22.2","3200","57232","23.8","30%","27.9","","Opened","7.555","4","Safe","Calm","0.0","64","16.6","9.0","1003.2","1014.8"
"2026-09-07","22:52:58","Clear","Dry","Dark","-0.3","22.2","3200","57232","23.8","30%","27.9","","Opened","8.564","4","Safe","Calm","0.0","64","16.6","9.0","1003.2","1014.8"
"2026-09-07","22:53:07","Clear","Dry","Dark","-0.2","22.2","3200","57232","23.8","30%","27.9","","Opened","7.675","4","Safe","Calm","0.0","64","16.6","9.1","1003.2","1014.8"
"2026-09-07","22:53:17","Clear","Dry","Dark","-0.3","22.2","3200","57232","23.8","30%","27.9","","Opened","7.724","4","Safe","Calm","0.0","64","16.5","9.0","1003.3","1014.8"
"2026-09-07","22:53:27","Clear","Dry","Dark","-0.2","22.2","3200","57232","23.8","30%","27.8","","Opened","7.590","4","Safe","Calm","0.0","64","16.5","9.1","1003.3","1014.8"
"2026-09-07","22:53:37","Clear","Dry","Dark","-0.4","22.1","3200","57232","23.8","30%","27.8","","Opened","7.535","4","Safe","Calm","0.0","63","16.4","8.9","1003.2","1014.8"
"2026-09-07","22:53:47","Clear","Dry","Dark","-0.4","22.1","3200","57232","23.8","30%","27.8","","Opened","7.579","4","Safe","Calm","0.0","63","16.4","9.0","1003.1","1014.7"
"2026-09-07","22:53:58","Clear","Dry","Dark","-0.4","22.1","3200","57232","23.8","30%","27.8","","Opened","8.592","4","Safe","Calm","0.0","63","16.3","9.0","1003.1","1014.7"
"2026-09-07","22:54:07","Clear","Dry","Dark","-0.3","22.1","3200","57232","23.8","30%","27.8","","Opened","7.570","4","Safe","Calm","0.0","63","16.3","9.0","1003.2","1014.8"
"2026-09-07","22:54:17","Clear","Dry","Dark","-0.3","22.1","3200","57232","23.7","30%","27.7","","Opened","7.555","4","Safe","Calm","0.0","62","16.2","9.0","1003.1","1014.7"
"2026-09-07","22:54:27","Clear","Dry","Dark","-0.4","22.1","3200","57232","23.8","30%","27.8","","Opened","7.751","4","Safe","Calm","0.0","62","16.1","8.9","1003.2","1014.8"
"2026-09-07","22:54:37","Clear","Dry","Dark","-0.3","22.0","3200","57232","23.7","30%","27.8","","Opened","7.555","4","Safe","Calm","0.0","62","16.1","8.9","1003.2","1014.8"
"2026-09-07","22:54:47","Clear","Dry","Dark","-0.2","22.0","3200","57232","23.7","30%","27.7","","Opened","7.624","4","Safe","Calm","0.0","62","16.0","9.1","1003.3","1014.9"
"2026-09-07","22:54:58","Clear","Dry","Dark","-0.3","22.0","3200","57232","23.7","30%","27.7","","Opened","8.680","4","Safe","Calm","0.0","62","15.9","9.0","1003.1","1014.7"
"2026-09-07","22:55:07","Clear","Dry","Dark","-0.2","22.0","3200","57232","23.7","30%","27.7","","Opened","7.575","4","Safe","Calm","0.0","62","15.8","9.0","1003.1","1014.7"
"2026-09-07","22:55:17","Clear","Dry","Dark","-0.2","22.0","3200","57232","23.7","30%","27.6","","Opened","7.705","4","Safe","Calm","0.0","61","15.8","9.0","1003.1","1014.7"
"2026-09-07","22:55:27","Clear","Dry","Dark","-0.3","22.0","3200","57232","23.7","30%","27.7","","Opened","7.714","4","Safe","Calm","0.0","61","15.8","9.0","1003.2","1014.8"
"2026-09-07","22:55:37","Clear","Dry","Dark","-0.2","22.0","3200","57232","23.7","30%","27.7","","Opened","7.655","4","Safe","Calm","0.0","61","15.8","9.0","1003.3","1014.9"
"2026-09-07","22:55:47","Clear","Dry","Dark","-0.2","22.0","3200","57232","23.6","30%","27.6","","Opened","7.497","4","Safe","Calm","0.0","61","15.7","9.0","1003.1","1014.7"
"2026-09-07","22:55:57","Clear","Dry","Dark","-0.3","22.0","3200","57232","23.6","30%","27.6","","Opened","8.284","4","Safe","Calm","0.0","61","15.7","9.0","1003.1","1014.7"
"2026-09-07","22:56:07","Clear","Dry","Dark","-0.2","22.0","3200","57232","23.6","30%","27.5","","Opened","7.546","4","Safe","Calm","0.0","61","15.7","9.0","1003.1","1014.7"
"2026-09-07","22:56:17","Clear","Dry","Dark","-0.1","22.0","3200","57232","23.6","30%","27.5","","Opened","7.480","4","Safe","Calm","0.0","61","15.7","9.1","1003.3","1014.9"
"2026-09-07","22:56:27","Clear","Dry","Dark","-0.2","22.0","3200","57232","23.6","30%","27.4","","Opened","7.420","4","Safe","Calm","0.0","61","15.6","9.0","1003.2","1014.8"
"2026-09-07","22:56:37","Clear","Dry","Dark","-0.1","22.0","3200","57232","23.6","30%","27.4","","Opened","7.550","4","Safe","Calm","0.0","61","15.6","9.1","1003.1","1014.7"
"2026-09-07","22:56:47","Clear","Dry","Dark","0.1","22.0","3200","57232","23.6","30%","27.4","","Opened","7.361","4","Safe","Calm","0.0","61","15.7","9.3","1003.2","1014.8"
"2026-09-07","22:56:58","Clear","Dry","Dark","0.0","22.0","3200","57232","23.6","30%","27.4","","Opened","8.539","4","Safe","Calm","0.0","61","15.7","9.2","1003.1","1014.7"
"2026-09-07","22:57:07","Clear","Dry","Dark","-0.1","22.0","3200","57232","23.6","30%","27.3","","Opened","7.718","4","Safe","Calm","0.0","61","15.7","9.1","1003.1","1014.7"
"2026-09-07","22:57:17","Clear","Dry","Dark","0.0","22.0","3200","57232","23.6","30%","27.3","","Opened","7.524","4","Safe","Calm","0.0","61","15.7","9.1","1003.1","1014.7"
"2026-09-07","22:57:27","Clear","Dry","Dark","-0.2","22.0","3200","57232","23.6","30%","27.3","","Opened","7.609","4","Safe","Calm","0.0","62","15.8","9.0","1003.1","1014.7"
"2026-09-07","22:57:37","Clear","Dry","Dark","0.0","22.1","3200","57232","23.5","30%","27.3","","Opened","7.630","4","Safe","Calm","0.0","62","15.8","9.2","1003.2","1014.8"
"2026-09-07","22:57:47","Clear","Dry","Dark","0.0","22.1","3200","57232","23.5","30%","27.3","","Opened","7.649","4","Safe","Calm","0.0","62","15.9","9.2","1003.2","1014.8"
"2026-09-07","22:57:57","Clear","Dry","Dark","0.0","22.1","3200","57232","23.6","30%","27.3","","Opened","7.924","4","Safe","Calm","0.0","62","16.0","9.2","1003.1","1014.7"
"2026-09-07","22:58:07","Clear","Dry","Dark","-0.3","22.0","3200","57232","23.5","30%","27.3","","Opened","7.490","4","Safe","Calm","0.0","62","16.0","8.9","1003.1","1014.7"
"2026-09-07","22:58:17","Clear","Dry","Dark","-0.3","22.0","3200","57232","23.5","30%","27.4","","Opened","7.630","4","Safe","Calm","0.0","62","16.0","8.9","1003.3","1014.9"
"2026-09-07","22:58:27","Clear","Dry","Dark","-0.1","22.0","3200","57232","23.5","30%","27.3","","Opened","7.456","4","Safe","Calm","0.0","62","15.9","9.1","1003.2","1014.8"
"2026-09-07","22:58:37","Clear","Dry","Dark","-0.3","22.0","3200","57232","23.5","30%","27.3","","Opened","7.510","4","Safe","Calm","0.0","62","15.9","8.9","1003.1","1014.7"
"2026-09-07","22:58:47","Clear","Dry","Dark","-0.3","22.0","3200","57232","23.5","30%","27.4","","Opened","7.425","4","Safe","Calm","0.0","62","15.9","8.9","1003.2","1014.8"
"2026-09-07","22:58:58","Clear","Dry","Dark","-0.1","22.0","3200","57232","23.5","30%","27.4","","Opened","8.553","4","Safe","Calm","0.0","62","15.9","9.1","1003.2","1014.8"
"2026-09-07","22:59:06","Clear","Dry","Dark","-0.1","22.0","3200","57232","23.5","30%","27.4","","Opened","7.343","4","Safe","Calm","0.0","62","15.8","9.0","1003.2","1014.8"
"2026-09-07","22:59:17","Clear","Dry","Dark","-0.1","22.0","3200","57232","23.5","30%","27.4","","Opened","7.530","4","Safe","Calm","0.0","62","15.9","9.1","1003.2","1014.8"
"2026-09-07","22:59:27","Clear","Dry","Dark","-0.2","22.0","3200","57232","23.5","30%","27.4","","Opened","7.362","4","Safe","Calm","0.0","62","15.9","9.0","1003.2","1014.8"
"2026-09-07","22:59:37","Clear","Dry","Dark","0.0","22.0","3200","57232","23.5","30%","27.4","","Opened","7.483","4","Safe","Calm","0.0","62","15.9","9.2","1003.2","1014.8"
"2026-09-07","22:59:47","Clear","Dry","Dark","-0.2","22.0","3200","57232","23.5","30%","27.4","","Opened","7.500","4","Safe","Calm","0.0","62","15.9","8.9","1003.2","1014.8"
"2026-09-07","22:59:57","Clear","Dry","Dark","-0.1","22.0","3200","57232","23.5","30%","27.4","","Opened","7.801","4","Safe","Calm","0.0","62","15.9","9.1","1003.2","1014.8"
"2026-09-07","23:00:07","Clear","Dry","Dark","-0.2","22.0","3200","57232","23.5","30%","27.3","","Opened","7.509","4","Safe","Calm","0.0","63","16.0","9.0","1003.2","1014.8"
"2026-09-07","23:00:17","Clear","Dry","Dark","0.0","22.0","3200","57232","23.5","30%","27.3","","Opened","7.360","4","Safe","Calm","0.0","63","16.0","9.1","1003.1","1014.7"
"2026-09-07","23:00:27","Clear","Dry","Dark","-0.2","22.0","3200","57232","23.5","30%","27.3","","Opened","7.540","4","Safe","Calm","0.0","63","15.9","9.0","1003.1","1014.7"
"2026-09-07","23:00:37","Clear","Dry","Dark","-0.2","22.0","3200","57232","23.5","30%","27.3","","Opened","7.495","4","Safe","Calm","0.0","62","15.9","8.9","1003.2","1014.8"
"2026-09-07","23:00:47","Clear","Dry","Dark","-0.2","21.9","3200","57232","23.5","30%","27.3","","Opened","7.528","4","Safe","Calm","0.0","62","15.9","9.0","1003.2","1014.8"
"2026-09-07","23:00:57","Clear","Dry","Dark","0.1","21.9","3200","57232","23.4","30%","27.3","","Opened","8.128","4","Safe","Calm","0.0","62","15.8","9.2","1003.2","1014.8"
"2026-09-07","23:01:07","Clear","Dry","Dark","-0.2","22.0","3200","57232","23.4","30%","27.2","","Opened","7.669","4","Safe","Calm","0.0","62","15.8","8.9","1003.3","1014.9"
"2026-09-07","23:01:17","Clear","Dry","Dark","-0.2","22.0","3200","57232","23.4","30%","27.3","","Opened","7.491","4","Safe","Calm","0.0","62","15.8","8.9","1003.2","1014.8"
"2026-09-07","23:01:27","Clear","Dry","Dark","-0.1","22.0","3200","57232","23.4","30%","27.3","","Opened","7.650","4","Safe","Calm","0.0","62","15.8","9.0","1003.2","1014.8"
"2026-09-07","23:01:37","Clear","Dry","Dark","-0.1","22.0","3200","57232","23.4","30%","27.3","","Opened","7.674","4","Safe","Calm","0.0","62","15.8","9.0","1003.2","1014.8"
"2026-09-07","23:01:47","Clear","Dry","Dark","0.0","22.0","3200","57232","23.4","30%","27.3","","Opened","7.634","4","Safe","Calm","0.0","62","15.8","9.1","1003.2","1014.8"
"2026-09-07","23:01:57","Clear","Dry","Dark","-0.1","22.0","3200","57232","23.4","30%","27.2","","Opened","7.900","4","Safe","Calm","0.0","62","15.8","9.0","1003.3","1014.9"
"2026-09-07","23:02:07","Clear","Dry","Dark","-0.1","22.0","3200","57232","23.4","30%","27.2","","Opened","7.500","4","Safe","Calm","0.0","62","15.8","9.1","1003.2","1014.8"
"2026-09-07","23:02:17","Clear","Dry","Dark","-0.2","22.0","3200","57232","23.4","30%","27.2","","Opened","7.685","4","Safe","Calm","0.0","62","15.8","8.9","1003.2","1014.8"
"2026-09-07","23:02:27","Clear","Dry","Dark","-0.2","22.0","3200","57232","23.4","30%","27.3","","Opened","7.530","4","Safe","Calm","0.0","63","15.9","8.9","1003.3","1014.9"
"2026-09-07","23:02:37","Clear","Dry","Dark","-0.3","21.9","3200","57232","23.4","30%","27.3","","Opened","7.659","4","Safe","Calm","0.0","63","15.9","8.8","1003.2","1014.8"
"2026-09-07","23:02:47","Clear","Dry","Dark","-0.3","21.9","3200","57232","23.4","30%","27.4","","Opened","7.710","4","Safe","Calm","0.0","62","15.8","8.8","1003.2","1014.8"
"2026-09-07","23:02:57","Clear","Dry","Dark","-0.2","21.9","3200","57232","23.4","30%","27.5","","Opened","7.964","4","Safe","Calm","0.0","62","15.8","9.0","1003.2","1014.8"
"2026-09-07","23:03:07","Clear","Dry","Dark","-0.1","21.9","3200","57232","23.4","30%","27.5","","Opened","7.785","4","Safe","Calm","0.0","62","15.8","9.0","1003.3","1014.9"
"2026-09-07","23:03:17","Clear","Dry","Dark","-0.1","21.9","3200","57232","23.4","30%","27.4","","Opened","7.634","4","Safe","Calm","0.0","63","15.9","9.0","1003.2","1014.8"
"2026-09-07","23:03:27","Clear","Dry","Dark","-0.1","21.9","3200","57232","23.4","30%","27.4","","Opened","7.490","4","Safe","Calm","0.0","63","15.9","9.0","1003.3","1014.9"
"2026-09-07","23:03:37","Clear","Dry","Dark","-0.2","21.9","3200","57232","23.4","30%","27.4","","Opened","7.555","4","Safe","Calm","0.0","63","15.9","8.9","1003.2","1014.8"
"2026-09-07","23:03:47","Clear","Dry","Dark","-0.3","21.9","3200","57232","23.4","30%","27.5","","Opened","7.539","4","Safe","Calm","0.0","63","16.0","8.8","1003.2","1014.8"
"2026-09-07","23:03:58","Clear","Dry","Dark","-0.2","21.8","3200","57232","23.4","30%","27.5","","Opened","8.413","4","Safe","Calm","0.0","63","16.0","8.9","1003.2","1014.8"
"2026-09-07","23:04:07","Clear","Dry","Dark","-0.1","21.8","3200","57232","23.4","30%","27.6","","Opened","7.424","4","Safe","Calm","0.0","63","16.0","9.0","1003.2","1014.8"
"2026-09-07","23:04:17","Clear","Dry","Dark","-0.1","21.9","3200","57232","23.4","30%","27.5","","Opened","7.578","4","Safe","Calm","0.0","63","16.0","9.0","1003.2","1014.8"
"2026-09-07","23:04:27","Clear","Dry","Dark","-0.1","21.9","3200","57232","23.4","30%","27.4","","Opened","7.665","4","Safe","Calm","0.0","63","16.0","9.0","1003.3","1014.9"
"2026-09-07","23:04:37","Clear","Dry","Dark","-0.1","21.9","3200","57232","23.4","30%","27.4","","Opened","7.415","4","Safe","Calm","0.0","64","16.2","9.1","1003.2","1014.8"
"2026-09-07","23:04:47","Clear","Dry","Dark","-0.1","21.9","3200","57232","23.4","30%","27.4","","Opened","7.365","4","Safe","Calm","0.0","64","16.2","9.0","1003.1","1014.7"
"2026-09-07","23:04:58","Clear","Dry","Dark","-0.1","21.9","3200","57232","23.4","30%","27.4","","Opened","8.358","4","Safe","Calm","0.0","64","16.2","9.0","1003.2","1014.8"
"2026-09-07","23:05:07","Clear","Dry","Dark","0.1","21.9","3200","57232","23.4","30%","27.4","","Opened","7.431","4","Safe","Calm","0.0","64","16.3","9.2","1003.2","1014.8"
"2026-09-07","23:05:17","Clear","Dry","Dark","0.0","22.0","3200","57232","23.4","30%","27.3","","Opened","7.670","4","Safe","Calm","0.0","65","16.3","9.1","1003.2","1014.8"
"2026-09-07","23:05:27","Clear","Dry","Dark","0.1","21.9","3200","57232","23.4","30%","27.3","","Opened","7.610","4","Safe","Calm","0.0","65","16.4","9.2","1003.1","1014.7"
"2026-09-07","23:05:37","Clear","Dry","Dark","-0.1","22.0","3200","57232","23.4","30%","27.3","","Opened","7.649","4","Safe","Calm","0.0","65","16.5","9.0","1003.1","1014.7"
"2026-09-07","23:05:47","Clear","Dry","Dark","0.1","22.0","3200","57232","23.4","30%","27.3","","Opened","7.565","4","Safe","Calm","0.0","65","16.5","9.2","1003.1","1014.7"
"2026-09-07","23:05:57","Clear","Dry","Dark","0.1","22.0","3200","57232","23.4","30%","27.3","","Opened","8.101","4","Safe","Calm","0.0","66","16.7","9.2","1003.2","1014.8"
"2026-09-07","23:06:07","Clear","Dry","Dark","-0.1","22.0","3200","57232","23.4","30%","27.3","","Opened","7.655","4","Safe","Calm","0.0","66","16.7","9.0","1003.3","1014.9"
"2026-09-07","23:06:17","Clear","Dry","Dark","-0.1","22.0","3200","57232","23.4","30%","27.3","","Opened","7.629","4","Safe","Calm","0.0","66","16.8","9.0","1003.3","1014.9"
"2026-09-07","23:06:27","Clear","Dry","Dark","0.1","22.0","3200","57232","23.4","30%","27.3","","Opened","7.549","4","Safe","Calm","0.0","66","16.8","9.2","1003.3","1014.9"
"2026-09-07","23:06:37","Clear","Dry","Dark","0.0","22.0","3200","57232","23.4","30%","27.2","","Opened","7.745","4","Safe","Calm","0.0","66","16.8","9.1","1003.2","1014.8"
"2026-09-07","23:06:47","Clear","Dry","Dark","0.1","22.0","3200","57232","23.4","30%","27.2","","Opened","7.690","4","Safe","Calm","0.0","67","16.9","9.2","1003.2","1014.8"
"2026-09-07","23:06:59","Clear","Dry","Dark","-0.1","22.0","3200","57232","23.4","30%","27.2","","Opened","9.438","4","Safe","Calm","0.0","67","16.9","9.0","1003.1","1014.7"
"2026-09-07","23:07:08","Clear","Dry","Dark","0.1","22.0","3200","57232","23.4","30%","27.2","","Opened","8.284","4","Safe","Calm","0.0","67","16.9","9.2","1003.1","1014.7"
"2026-09-07","23:07:17","Clear","Dry","Dark","0.1","22.0","3200","57232","23.4","30%","27.2","","Opened","7.340","4","Safe","Calm","0.0","67","16.9","9.3","1003.3","1014.9"
"2026-09-07","23:07:27","Clear","Dry","Dark","0.0","22.0","3200","57232","23.4","30%","27.2","","Opened","7.356","4","Safe","Calm","0.0","67","17.0","9.1","1003.2","1014.8"
"2026-09-07","23:07:37","Clear","Dry","Dark","-0.1","22.1","3200","57232","23.4","30%","27.1","Heating UP","Opened","7.490","4","Safe","Calm","0.0","67","17.0","9.1","1003.2","1014.8"
"2026-09-07","23:07:47","Clear","Dry","Dark","0.0","22.1","3200","57232","23.4","30%","27.1","Heating UP","Opened","7.655","4","Safe","Calm","0.0","67","17.0","9.1","1003.3","1014.9"
"2026-09-07","23:07:58","Clear","Dry","Dark","0.1","22.0","3200","57232","23.4","31%","27.1","Heating UP","Opened","8.399","4","Safe","Calm","0.0","67","17.0","9.2","1003.1","1014.7"
"2026-09-07","23:08:07","Clear","Dry","Dark","-0.1","22.1","3200","57232","23.4","32%","27.1","Heating UP","Opened","7.605","4","Safe","Calm","0.0","67","17.0","9.0","1003.2","1014.8"
"2026-09-07","23:08:17","Clear","Dry","Dark","-0.1","22.1","3200","57232","23.4","33%","27.2","","Opened","7.606","4","Safe","Calm","0.0","67","17.0","9.0","1003.2","1014.8"
"2026-09-07","23:08:27","Clear","Dry","Dark","-0.1","22.1","3200","57232","23.4","33%","27.2","","Opened","7.520","4","Safe","Calm","0.0","67","17.0","9.0","1003.2","1014.8"
"2026-09-07","23:08:37","Clear","Dry","Dark","-0.1","22.1","3200","57232","23.4","33%","27.3","","Opened","7.659","4","Safe","Calm","0.0","67","17.0","9.1","1003.2","1014.8"
"2026-09-07","23:08:47","Clear","Dry","Dark","-0.2","22.1","3200","57232","23.4","33%","27.3","","Opened","7.416","4","Safe","Calm","0.0","67","16.9","8.9","1003.2","1014.8"
"2026-09-07","23:08:57","Clear","Dry","Dark","0.0","22.1","3200","57232","23.4","33%","27.3","","Opened","7.915","4","Safe","Calm","0.0","67","17.0","9.1","1003.2","1014.8"
"2026-09-07","23:09:07","Clear","Dry","Dark","-0.1","22.1","3200","57232","23.4","33%","27.4","","Opened","7.585","4","Safe","Calm","0.0","67","17.0","9.0","1003.3","1014.9"
"2026-09-07","23:09:17","Clear","Dry","Dark","-0.1","22.0","3200","57232","23.4","33%","27.4","","Opened","7.725","4","Safe","Calm","0.0","67","17.0","9.0","1003.2","1014.8"
"2026-09-07","23:09:27","Clear","Dry","Dark","-0.1","22.0","3200","57232","23.5","33%","27.5","","Opened","7.665","4","Safe","Calm","0.0","67","17.0","9.0","1003.2","1014.8"
"2026-09-07","23:09:37","Clear","Dry","Dark","0.0","22.0","3200","57232","23.5","33%","27.5","","Opened","7.695","4","Safe","Calm","0.0","67","16.9","9.1","1003.3","1014.9"
"2026-09-07","23:09:47","Clear","Dry","Dark","-0.1","22.1","3200","57232","23.4","33%","27.4","","Opened","7.660","4","Safe","Calm","0.0","67","16.9","9.1","1003.2","1014.8"
"2026-09-07","23:09:58","Clear","Dry","Dark","0.0","22.1","3200","57232","23.4","33%","27.4","","Opened","8.354","4","Safe","Calm","0.0","67","16.9","9.1","1003.2","1014.8"
"2026-09-07","23:10:07","Clear","Dry","Dark","-0.1","22.0","3200","57232","23.4","33%","27.4","","Opened","7.744","4","Safe","Calm","0.0","67","16.8","9.0","1003.2","1014.8"
"2026-09-07","23:10:17","Clear","Dry","Dark","-0.2","22.1","3200","57232","23.4","33%","27.4","","Opened","7.455","4","Safe","Calm","0.0","67","16.9","8.9","1003.2","1014.8"
"2026-09-07","23:10:27","Clear","Dry","Dark","-0.2","22.0","3200","57232","23.4","33%","27.5","","Opened","7.576","4","Safe","Calm","0.0","66","16.8","8.9","1003.3","1014.9"
"2026-09-07","23:10:37","Clear","Dry","Dark","-0.3","22.0","3200","57232","23.4","33%","27.6","","Opened","7.456","4","Safe","Calm","0.0","66","16.8","8.8","1003.2","1014.8"
"2026-09-07","23:10:47","Clear","Dry","Dark","-0.1","22.0","3200","57232","23.4","33%","27.7","","Opened","7.500","4","Safe","Calm","0.0","66","16.8","9.0","1003.1","1014.7"
"2026-09-07","23:10:57","Clear","Dry","Dark","-0.2","22.0","3200","57232","23.4","33%","27.7","","Opened","8.328","4","Safe","Calm","0.0","66","16.8","8.9","1003.2","1014.8"
"2026-09-07","23:11:07","Clear","Dry","Dark","-0.2","22.0","3200","57232","23.4","33%","27.6","","Opened","7.605","4","Safe","Calm","0.0","66","16.8","8.9","1003.2","1014.8"
"2026-09-07","23:11:17","Clear","Dry","Dark","-0.2","22.0","3200","57232","23.4","33%","27.7","","Opened","7.480","4","Safe","Calm","0.0","66","16.8","8.9","1003.3","1014.9"
"2026-09-07","23:11:27","Clear","Dry","Dark","-0.1","22.0","3200","57232","23.4","33%","27.7","","Opened","7.520","4","Safe","Calm","0.0","66","16.8","9.1","1003.2","1014.8"
"2026-09-07","23:11:37","Clear","Dry","Dark","-0.2","22.0","3200","57232","23.4","33%","27.8","Heating DOWN","Opened","7.575","4","Safe","Calm","0.0","66","16.8","8.9","1003.3","1014.9"
"2026-09-07","23:11:47","Clear","Dry","Dark","-0.1","21.9","3200","57232","23.4","32%","27.8","Heating DOWN","Opened","7.685","4","Safe","Calm","0.0","66","16.8","9.0","1003.2","1014.8"
"2026-09-07","23:11:57","Clear","Dry","Dark","-0.2","22.0","3200","57232","23.4","31%","27.8","Heating DOWN","Opened","7.933","4","Safe","Calm","0.0","66","16.7","8.9","1003.2","1014.8"
"2026-09-07","23:12:07","Clear","Dry","Dark","0.2","22.0","3200","57232","23.4","30%","27.8","Heating DOWN","Opened","7.595","4","Safe","Calm","0.0","66","16.7","9.4","1003.3","1014.9"
"2026-09-07","23:12:17","Clear","Dry","Dark","0.1","22.0","3200","57232","23.4","30%","27.7","","Opened","7.475","4","Safe","Calm","0.0","66","16.8","9.2","1003.3","1014.9"
"2026-09-07","23:12:27","Clear","Dry","Dark","-0.1","22.0","3200","57232","23.4","30%","27.7","","Opened","7.510","4","Safe","Calm","0.0","67","16.9","9.1","1003.2","1014.8"
"2026-09-07","23:12:37","Clear","Dry","Dark","0.0","22.0","3200","57232","23.4","30%","27.6","","Opened","7.509","4","Safe","Calm","0.0","67","16.8","9.1","1003.3","1014.9"
"2026-09-07","23:12:47","Clear","Dry","Dark","-0.1","22.0","3200","57232","23.4","30%","27.5","","Opened","7.570","4","Safe","Calm","0.0","67","16.9","9.0","1003.3","1014.9"
"2026-09-07","23:12:57","Clear","Dry","Dark","0.0","22.0","3200","57232","23.4","30%","27.5","","Opened","8.120","4","Safe","Calm","0.0","67","16.9","9.2","1003.3","1014.9"
"2026-09-07","23:13:07","Clear","Dry","Dark","0.2","22.1","3200","57232","23.4","30%","27.4","","Opened","7.535","4","Safe","Calm","0.0","67","16.9","9.3","1003.3","1014.9"
"2026-09-07","23:13:17","Clear","Dry","Dark","-0.1","22.1","3200","57232","23.4","30%","27.4","","Opened","7.464","4","Safe","Calm","0.0","67","17.0","9.1","1003.1","1014.7"
"2026-09-07","23:13:27","Clear","Dry","Dark","0.0","22.1","3200","57232","23.4","30%","27.4","","Opened","7.406","4","Safe","Calm","0.0","67","16.9","9.1","1003.2","1014.8"
"2026-09-07","23:13:37","Clear","Dry","Dark","-0.1","22.1","3200","57232","23.4","30%","27.4","","Opened","7.585","4","Safe","Calm","0.0","67","17.0","9.0","1003.3","1014.9"
"2026-09-07","23:13:47","Clear","Dry","Dark","0.0","22.1","3200","57232","23.4","30%","27.4","","Opened","7.476","4","Safe","Calm","0.0","67","17.0","9.1","1003.3","1014.9"
"2026-09-07","23:13:57","Clear","Dry","Dark","0.0","22.1","3200","57232","23.4","30%","27.4","","Opened","7.939","4","Safe","Calm","0.0","67","17.0","9.1","1003.2","1014.8"
"2026-09-07","23:14:07","Clear","Dry","Dark","-0.1","22.1","3200","57232","23.4","30%","27.4","","Opened","7.789","4","Safe","Calm","0.0","67","17.0","9.1","1003.3","1014.9"
"2026-09-07","23:14:17","Clear","Wet","Dark","0.0","22.1","3199","57232","23.4","30%","27.4","","Opened","7.470","4","Safe","Calm","0.0","67","17.0","9.1","1003.3","1014.9"
"2026-09-07","23:14:27","Clear","Dry","Dark","0.2","22.1","3200","57232","23.4","30%","27.4","","Opened","7.575","4","Safe","Calm","0.0","67","17.0","9.3","1003.2","1014.8"
"2026-09-07","23:14:37","Clear","Dry","Dark","0.2","22.2","3200","57232","23.4","30%","27.3","","Opened","7.809","4","Safe","Calm","0.0","68","17.1","9.3","1003.2","1014.8"
"2026-09-07","23:14:47","Clear","Dry","Dark","0.2","22.2","3200","57232","23.4","30%","27.3","","Opened","7.650","4","Safe","Calm","0.0","68","17.2","9.4","1003.2","1014.8"
"2026-09-07","23:14:57","Clear","Dry","Dark","0.2","22.2","3200","57232","23.4","30%","27.2","","Opened","7.884","4","Safe","Calm","0.0","68","17.2","9.3","1003.3","1014.9"
"2026-09-07","23:15:07","Clear","Dry","Dark","0.2","22.2","3200","57232","23.5","30%","27.2","","Opened","7.674","4","Safe","Calm","0.0","68","17.3","9.3","1003.2","1014.8"
"2026-09-07","23:15:17","Clear","Dry","Dark","0.2","22.2","3200","57232","23.4","30%","27.2","","Opened","7.680","4","Safe","Calm","0.0","68","17.2","9.3","1003.3","1014.9"
"2026-09-07","23:15:27","Clear","Dry","Dark","0.1","22.2","3200","57232","23.5","30%","27.2","","Opened","7.585","4","Safe","Calm","0.0","68","17.3","9.2","1003.3","1014.9"
"2026-09-07","23:15:37","Clear","Dry","Dark","0.2","22.3","3200","57232","23.5","30%","27.2","","Opened","7.544","4","Safe","Calm","0.0","68","17.3","9.3","1003.2","1014.8"
"2026-09-07","23:15:47","Clear","Dry","Dark","0.2","22.3","3200","57232","23.5","30%","27.2","","Opened","7.501","4","Safe","Calm","0.0","68","17.3","9.4","1003.2","1014.8"
"2026-09-07","23:15:58","Clear","Dry","Dark","0.1","22.3","3200","57232","23.5","30%","27.2","Heating UP","Opened","8.628","4","Safe","Calm","0.0","69","17.4","9.3","1003.2","1014.8"
"2026-09-07","23:16:07","Clear","Dry","Dark","0.1","22.3","3200","57232","23.5","30%","27.1","Heating UP","Opened","7.615","4","Safe","Calm","0.0","69","17.4","9.3","1003.1","1014.7"
"2026-09-07","23:16:17","Clear","Dry","Dark","0.1","22.3","3200","57232","23.5","31%","27.1","Heating UP","Opened","7.601","4","Safe","Calm","0.0","69","17.4","9.3","1003.3","1014.9"
"2026-09-07","23:16:27","Clear","Dry","Dark","0.1","22.3","3200","57232","23.5","32%","27.1","Heating UP","Opened","7.660","4","Safe","Calm","0.0","69","17.5","9.3","1003.3","1014.9"
"2026-09-07","23:16:37","Clear","Dry","Dark","0.3","22.3","3200","57232","23.5","33%","27.1","Heating UP","Opened","7.759","4","Safe","Calm","0.0","69","17.5","9.5","1003.2","1014.8"
"2026-09-07","23:16:47","Clear","Dry","Dark","0.3","22.4","3200","57232","23.5","34%","27.1","Heating UP","Opened","7.905","4","Safe","Calm","0.0","69","17.5","9.5","1003.2","1014.8"
"2026-09-07","23:16:57","Clear","Dry","Dark","0.2","22.4","3200","57232","23.5","35%","27.2","","Opened","8.040","4","Safe","Calm","0.0","69","17.6","9.4","1003.2","1014.8"
"2026-09-07","23:17:07","Clear","Dry","Dark","0.2","22.4","3200","57232","23.5","35%","27.2","Heating UP","Opened","7.764","4","Safe","Calm","0.0","69","17.6","9.3","1003.1","1014.7"
"2026-09-07","23:17:17","Clear","Dry","Dark","0.2","22.4","3200","57232","23.5","36%","27.3","","Opened","7.539","4","Safe","Calm","0.0","69","17.6","9.4","1003.1","1014.7"
"2026-09-07","23:17:27","Clear","Dry","Dark","0.1","22.4","3200","57232","23.5","36%","27.3","","Opened","7.551","4","Safe","Calm","0.0","69","17.6","9.3","1003.2","1014.8"
"2026-09-07","23:17:37","Clear","Dry","Dark","0.1","22.4","3200","57232","23.6","36%","27.4","","Opened","7.475","4","Safe","Calm","0.0","69","17.5","9.3","1003.2","1014.8"
"2026-09-07","23:17:47","Clear","Dry","Dark","0.1","22.4","3200","57232","23.6","36%","27.4","","Opened","7.575","4","Safe","Calm","0.0","69","17.5","9.3","1003.2","1014.8"
"2026-09-07","23:17:57","Clear","Dry","Dark","0.2","22.4","3200","57232","23.5","36%","27.5","","Opened","8.203","4","Safe","Calm","0.0","69","17.5","9.3","1003.3","1014.9"
"2026-09-07","23:18:08","Clear","Dry","Dark","0.0","22.4","3200","57232","23.6","36%","27.6","","Opened","8.377","4","Safe","Calm","0.0","69","17.5","9.2","1003.1","1014.7"
"2026-09-07","23:18:17","Clear","Dry","Dark","0.1","22.4","3200","57232","23.6","36%","27.7","","Opened","7.450","4","Safe","Calm","0.0","69","17.5","9.3","1003.2","1014.8"
"2026-09-07","23:18:27","Clear","Dry","Dark","-0.1","22.4","3200","57232","23.6","36%","27.7","","Opened","7.394","4","Safe","Calm","0.0","69","17.5","9.1","1003.1","1014.7"
"2026-09-07","23:18:37","Clear","Dry","Dark","0.0","22.4","3200","57232","23.6","36%","27.7","","Opened","7.476","4","Safe","Calm","0.0","69","17.5","9.2","1003.2","1014.8"
"2026-09-07","23:18:47","Clear","Dry","Dark","-0.1","22.4","3200","57232","23.6","36%","27.8","","Opened","7.645","4","Safe","Calm","0.0","69","17.5","9.1","1003.2","1014.8"
"2026-09-07","23:18:57","Clear","Dry","Dark","-0.2","22.4","3200","57232","23.6","36%","27.8","","Opened","8.124","4","Safe","Calm","0.0","68","17.4","9.1","1003.1","1014.7"
"2026-09-07","23:19:07","Clear","Dry","Dark","0.0","22.4","3200","57232","23.6","36%","27.9","Heating DOWN","Opened","7.941","4","Safe","Calm","0.0","68","17.4","9.2","1003.1","1014.7"
"2026-09-07","23:19:17","Clear","Dry","Dark","-0.2","22.4","3200","57232","23.6","35%","27.9","Heating DOWN","Opened","7.725","4","Safe","Calm","0.0","68","17.4","9.0","1003.2","1014.8"
"2026-09-07","23:19:27","Clear","Dry","Dark","-0.3","22.4","3200","57232","23.6","34%","28.0","Heating DOWN","Opened","7.675","4","Safe","Calm","0.0","68","17.4","8.9","1003.2","1014.8"
"2026-09-07","23:19:37","Clear","Dry","Dark","-0.2","22.3","3200","57232","23.6","33%","28.0","Heating DOWN","Opened","7.574","4","Safe","Calm","0.0","68","17.4","9.1","1003.1","1014.7"
"2026-09-07","23:19:47","Clear","Dry","Dark","-0.2","22.3","3200","57232","23.6","32%","28.1","Heating DOWN","Opened","7.795","4","Safe","Calm","0.0","68","17.3","9.0","1003.1","1014.7"
"2026-09-07","23:19:58","Clear","Dry","Dark","0.0","22.3","3200","57232","23.6","30%","28.0","","Opened","8.972","4","Safe","Calm","0.0","68","17.3","9.2","1003.1","1014.7"
"2026-09-07","23:20:07","Clear","Dry","Dark","-0.3","22.3","3200","57232","23.6","30%","28.1","Heating DOWN","Opened","7.685","4","Safe","Calm","0.0","68","17.3","8.9","1003.1","1014.7"
"2026-09-07","23:20:17","Clear","Dry","Dark","-0.1","22.3","3200","57232","23.6","30%","28.1","Heating DOWN","Opened","7.514","4","Safe","Calm","0.0","68","17.3","9.1","1003.1","1014.7"
"2026-09-07","23:20:26","Clear","Dry","Dark","-0.1","22.3","3200","57232","23.6","28%","28.0","","Opened","7.276","4","Safe","Calm","0.0","68","17.2","9.1","1003.1","1014.7"
"2026-09-07","23:20:37","Clear","Dry","Dark","-0.1","22.3","3200","57232","23.6","28%","27.9","","Opened","7.330","4","Safe","Calm","0.0","67","17.2","9.1","1003.1","1014.7"
"2026-09-07","23:20:47","Clear","Dry","Dark","-0.2","22.3","3200","57232","23.6","28%","27.8","","Opened","7.380","4","Safe","Calm","0.0","67","17.1","9.0","1003.2","1014.8"
"2026-09-07","23:20:57","Clear","Dry","Dark","-0.2","22.3","3200","57232","23.6","28%","27.8","","Opened","8.175","4","Safe","Calm","0.0","67","17.1","9.0","1003.1","1014.7"
"2026-09-07","23:21:07","Clear","Dry","Dark","0.0","22.3","3200","57232","23.6","28%","27.7","","Opened","7.335","4","Safe","Calm","0.0","67","17.1","9.2","1003.1","1014.7"
"2026-09-07","23:21:16","Clear","Dry","Dark","-0.1","22.3","3200","57232","23.6","28%","27.7","","Opened","7.315","4","Safe","Calm","0.0","67","17.0","9.1","1003.1","1014.7"
"2026-09-07","23:21:26","Clear","Dry","Dark","-0.2","22.2","3200","57232","23.6","28%","27.6","","Opened","7.326","4","Safe","Calm","0.0","67","17.0","9.0","1003.1","1014.7"
"2026-09-07","23:21:36","Clear","Dry","Dark","-0.1","22.3","3200","57232","23.6","28%","27.6","","Opened","7.325","4","Safe","Calm","0.0","66","17.0","9.1","1003.3","1014.9"
"2026-09-07","23:21:47","Clear","Dry","Dark","-0.2","22.2","3200","57232","23.6","28%","27.5","","Opened","7.375","4","Safe","Calm","0.0","66","16.9","9.0","1003.2","1014.8"
"2026-09-07","23:21:57","Clear","Dry","Dark","-0.1","22.2","3200","57232","23.6","28%","27.5","","Opened","7.769","4","Safe","Calm","0.0","66","16.9","9.1","1003.2","1014.8"
"2026-09-07","23:22:07","Clear","Dry","Dark","-0.1","22.2","3200","57232","23.6","28%","27.5","","Opened","7.366","4","Safe","Calm","0.0","66","16.9","9.0","1003.2","1014.8"
"2026-09-07","23:22:16","Clear","Dry","Dark","-0.2","22.2","3200","57232","23.5","28%","27.5","","Opened","7.310","4","Safe","Calm","0.0","66","16.8","8.9","1003.2","1014.8"
"2026-09-07","23:22:26","Clear","Dry","Dark","-0.3","22.2","3200","57232","23.6","28%","27.5","","Opened","7.315","4","Safe","Calm","0.0","66","16.8","8.9","1003.2","1014.8"
"2026-09-07","23:22:37","Clear","Dry","Dark","-0.2","22.2","3200","57232","23.6","28%","27.5","","Opened","7.419","4","Safe","Calm","0.0","66","16.8","9.0","1003.2","1014.8"
"2026-09-07","23:22:46","Clear","Dry","Dark","-0.3","22.1","3200","57232","23.5","28%","27.5","","Opened","7.285","4","Safe","Calm","0.0","65","16.7","8.9","1003.1","1014.7"
"2026-09-07","23:22:57","Clear","Dry","Dark","-0.2","22.1","3200","57232","23.5","28%","27.5","","Opened","7.795","4","Safe","Calm","0.0","65","16.7","9.0","1003.3","1014.9"
"2026-09-07","23:23:06","Clear","Dry","Dark","-0.3","22.1","3200","57232","23.5","28%","27.4","","Opened","7.315","4","Safe","Calm","0.0","65","16.6","8.9","1003.1","1014.7"
"2026-09-07","23:23:17","Clear","Dry","Dark","-0.2","22.1","3200","57232","23.5","28%","27.4","","Opened","7.536","4","Safe","Calm","0.0","65","16.5","8.9","1003.1","1014.7"
"2026-09-07","23:23:27","Clear","Dry","Dark","-0.3","22.1","3200","57232","23.5","28%","27.3","","Opened","7.544","4","Safe","Calm","0.0","64","16.4","8.9","1003.1","1014.7"
"2026-09-07","23:23:37","Clear","Dry","Dark","-0.3","22.0","3200","57232","23.5","28%","27.3","","Opened","7.355","4","Safe","Calm","0.0","64","16.3","8.9","1003.2","1014.8"
"2026-09-07","23:23:47","Clear","Dry","Dark","-0.3","22.0","3200","57232","23.5","28%","27.3","","Opened","7.366","4","Safe","Calm","0.0","63","16.2","8.8","1003.1","1014.7"
"2026-09-07","23:23:57","Clear","Dry","Dark","-0.4","22.0","3200","57232","23.5","28%","27.3","","Opened","7.735","4","Safe","Calm","0.0","63","16.1","8.7","1003.2","1014.8"
"2026-09-07","23:24:07","Clear","Dry","Dark","-0.4","22.0","3200","57232","23.5","28%","27.3","","Opened","7.365","4","Safe","Calm","0.0","63","16.0","8.8","1003.2","1014.8"
"2026-09-07","23:24:17","Clear","Dry","Dark","-0.4","21.9","3200","57232","23.4","28%","27.3","","Opened","7.394","4","Safe","Calm","0.0","63","16.0","8.8","1003.1","1014.7"
"2026-09-07","23:24:27","Clear","Dry","Dark","-0.5","21.9","3200","57232","23.4","28%","27.3","","Opened","7.331","4","Safe","Calm","0.0","63","15.9","8.6","1003.2","1014.8"
"2026-09-07","23:24:37","Clear","Dry","Dark","-0.3","21.9","3200","57232","23.4","28%","27.2","","Opened","7.355","4","Safe","Calm","0.0","62","15.8","8.8","1003.1","1014.7"
"2026-09-07","23:24:47","Clear","Dry","Dark","-0.5","21.9","3200","57232","23.4","28%","27.3","","Opened","7.330","4","Safe","Calm","0.0","62","15.8","8.7","1003.1","1014.7"
"2026-09-07","23:24:57","Clear","Dry","Dark","-0.4","21.9","3200","57232","23.4","28%","27.2","","Opened","8.030","4","Safe","Calm","0.0","62","15.7","8.7","1003.3","1014.9"
"2026-09-07","23:25:07","Clear","Dry","Dark","-0.4","21.8","3200","57232","23.4","28%","27.1","Heating UP","Opened","7.500","4","Safe","Calm","0.0","62","15.6","8.7","1003.2","1014.8"
"2026-09-07","23:25:17","Clear","Dry","Dark","-0.3","21.8","3328","57232","23.4","29%","27.2","","Opened","7.380","4","Safe","Calm","0.0","62","15.6","8.8","1003.2","1014.8"
"2026-09-07","23:25:26","Clear","Dry","Dark","-0.3","21.8","3328","57232","23.3","29%","27.1","","Opened","7.320","4","Safe","Calm","0.0","61","15.5","8.7","1003.2","1014.8"
"2026-09-07","23:25:37","Clear","Dry","Dark","-0.3","21.8","3328","57232","23.3","29%","27.1","","Opened","7.356","4","Safe","Calm","0.0","61","15.5","8.7","1003.2","1014.8"
"2026-09-07","23:25:47","Clear","Dry","Dark","-0.4","21.8","3328","57232","23.3","29%","27.1","","Opened","7.419","4","Safe","Calm","0.0","61","15.4","8.7","1003.2","1014.8"
"2026-09-07","23:25:57","Clear","Dry","Dark","-0.3","21.8","3328","57232","23.3","29%","27.1","","Opened","7.945","4","Safe","Calm","0.0","61","15.4","8.8","1003.2","1014.8"
"2026-09-07","23:26:07","Clear","Dry","Dark","-0.4","21.7","3328","57232","23.3","29%","27.0","Heating UP","Opened","7.381","4","Safe","Calm","0.0","61","15.3","8.6","1003.1","1014.7"
"2026-09-07","23:26:17","Clear","Dry","Dark","-0.5","21.7","3200","57232","23.3","30%","27.1","","Opened","7.345","4","Safe","Calm","0.0","61","15.3","8.6","1003.2","1014.8"
"2026-09-07","23:26:27","Clear","Dry","Dark","-0.4","21.7","3200","57232","23.3","30%","27.2","","Opened","7.510","4","Safe","Calm","0.0","61","15.3","8.6","1003.2","1014.8"
"2026-09-07","23:26:36","Clear","Dry","Dark","-0.4","21.6","3200","57232","23.2","30%","27.2","","Opened","7.305","4","Safe","Calm","0.0","61","15.3","8.6","1003.3","1014.9"
"2026-09-07","23:26:47","Clear","Dry","Dark","-0.3","21.6","3200","57232","23.2","30%","27.2","","Opened","7.376","4","Safe","Calm","0.0","61","15.3","8.7","1003.2","1014.8"
"2026-09-07","23:26:57","Clear","Dry","Dark","-0.3","21.6","3200","57232","23.2","30%","27.2","","Opened","7.985","4","Safe","Calm","0.0","61","15.3","8.7","1003.2","1014.8"
"2026-09-07","23:27:07","Clear","Dry","Dark","-0.3","21.6","3200","57232","23.2","30%","27.2","","Opened","7.420","4","Safe","Calm","0.0","61","15.2","8.7","1003.2","1014.8"
"2026-09-07","23:27:17","Clear","Dry","Dark","-0.4","21.6","3200","57232","23.2","30%","27.2","","Opened","7.390","4","Safe","Calm","0.0","61","15.2","8.6","1003.1","1014.7"
"2026-09-07","23:27:27","Clear","Dry","Dark","-0.5","21.6","3200","57232","23.2","30%","27.2","","Opened","7.380","4","Safe","Calm","0.0","61","15.2","8.5","1003.1","1014.7"
"2026-09-07","23:27:36","Clear","Dry","Dark","-0.4","21.6","3200","57232","23.1","30%","27.2","","Opened","7.316","4","Safe","Calm","0.0","61","15.2","8.6","1003.2","1014.8"
"2026-09-07","23:27:47","Clear","Dry","Dark","-0.4","21.6","3200","57232","23.2","30%","27.2","","Opened","7.365","4","Safe","Calm","0.0","61","15.2","8.6","1003.2","1014.8"
"2026-09-07","23:27:57","Clear","Dry","Dark","-0.4","21.5","3200","57232","23.2","30%","27.2","","Opened","7.890","4","Safe","Calm","0.0","61","15.2","8.6","1003.2","1014.8"
"2026-09-07","23:28:07","Clear","Dry","Dark","-0.3","21.5","3200","57232","23.1","30%","27.1","","Opened","7.424","4","Safe","Calm","0.0","61","15.1","8.7","1003.1","1014.7"
"2026-09-07","23:28:17","Clear","Dry","Dark","-0.4","21.5","3200","57232","23.1","30%","27.1","","Opened","7.330","4","Safe","Calm","0.0","61","15.1","8.5","1003.2","1014.8"
"2026-09-07","23:28:27","Clear","Dry","Dark","-0.2","21.5","3200","57232","23.1","30%","27.1","","Opened","7.366","4","Safe","Calm","0.0","61","15.1","8.7","1003.2","1014.8"
"2026-09-07","23:28:37","Clear","Dry","Dark","-0.5","21.5","3200","57232","23.1","30%","27.0","","Opened","7.375","4","Safe","Calm","0.0","61","15.1","8.5","1003.2","1014.8"
"2026-09-07","23:28:47","Clear","Dry","Dark","-0.3","21.5","3200","57232","23.1","30%","27.0","","Opened","7.414","4","Safe","Calm","0.0","61","15.1","8.6","1003.2","1014.8"
"2026-09-07","23:28:57","Clear","Dry","Dark","-0.4","21.5","3200","57232","23.1","30%","27.0","","Opened","7.939","4","Safe","Calm","0.0","61","15.1","8.5","1003.2","1014.8"
"2026-09-07","23:29:07","Clear","Dry","Dark","-0.3","21.5","3200","57232","23.1","30%","27.0","","Opened","7.425","4","Safe","Calm","0.0","61","15.1","8.6","1003.2","1014.8"
"2026-09-07","23:29:17","Clear","Dry","Dark","-0.4","21.5","3200","57232","23.1","30%","26.9","","Opened","7.490","4","Safe","Calm","0.0","61","15.1","8.5","1003.2","1014.8"
"2026-09-07","23:29:26","Clear","Dry","Dark","-0.3","21.5","3200","57232","23.0","30%","26.9","","Opened","7.321","4","Safe","Calm","0.0","61","15.0","8.6","1003.3","1014.9"
"2026-09-07","23:29:37","Clear","Dry","Dark","-0.3","21.5","3200","57232","23.0","30%","26.8","","Opened","7.340","4","Safe","Calm","0.0","61","15.0","8.6","1003.1","1014.8"
"2026-09-07","23:29:47","Clear","Dry","Dark","-0.3","21.5","3200","57232","23.0","30%","26.8","","Opened","7.440","4","Safe","Calm","0.0","61","15.0","8.5","1003.2","1014.8"
"2026-09-07","23:29:57","Clear","Dry","Dark","-0.1","21.5","3200","57232","23.0","30%","26.7","Heating UP","Opened","8.050","4","Safe","Calm","0.0","61","15.0","8.8","1003.3","1014.9"
"2026-09-07","23:30:07","Clear","Dry","Dark","-0.2","21.5","3200","57232","23.0","30%","26.7","Heating UP","Opened","7.555","4","Safe","Calm","0.0","61","15.0","8.7","1003.2","1014.8"
"2026-09-07","23:30:17","Clear","Dry","Dark","-0.3","21.5","3200","57232","23.0","31%","26.6","Heating UP","Opened","7.654","4","Safe","Calm","0.0","61","15.0","8.6","1003.2","1014.8"
"2026-09-07","23:30:27","Clear","Dry","Dark","-0.2","21.5","3328","57232","23.0","32%","26.7","","Opened","7.359","4","Safe","Calm","0.0","61","15.0","8.7","1003.1","1014.8"
"2026-09-07","23:30:37","Clear","Dry","Dark","-0.3","21.5","3328","57232","23.0","32%","26.7","","Opened","7.375","4","Safe","Calm","0.0","61","15.0","8.6","1003.3","1014.9"
"2026-09-07","23:30:47","Clear","Dry","Dark","-0.3","21.5","3328","57232","23.0","32%","26.7","","Opened","7.381","4","Safe","Calm","0.0","61","15.0","8.5","1003.2","1014.8"
"2026-09-07","23:30:57","Clear","Dry","Dark","-0.2","21.5","3328","57232","23.0","32%","26.8","","Opened","7.535","4","Safe","Calm","0.0","61","15.0","8.6","1003.1","1014.8"
"2026-09-07","23:31:07","Clear","Dry","Dark","-0.2","21.5","3328","57232","22.9","32%","26.7","","Opened","7.549","4","Safe","Calm","0.0","61","15.0","8.6","1003.2","1014.8"
"2026-09-07","23:31:16","Clear","Dry","Dark","-0.2","21.5","3328","57232","22.9","32%","26.7","","Opened","7.275","4","Safe","Calm","0.0","61","15.0","8.6","1003.2","1014.8"
"2026-09-07","23:31:26","Clear","Dry","Dark","-0.3","21.5","3328","57232","22.9","32%","26.7","","Opened","7.320","4","Safe","Calm","0.0","61","15.0","8.5","1003.2","1014.8"
"2026-09-07","23:31:37","Clear","Dry","Dark","-0.1","21.4","3328","57232","22.9","32%","26.7","","Opened","7.415","4","Safe","Calm","0.0","61","14.9","8.7","1003.2","1014.8"
"2026-09-07","23:31:47","Clear","Dry","Dark","-0.2","21.4","3328","57232","22.9","32%","26.7","","Opened","7.375","4","Safe","Calm","0.0","61","14.9","8.6","1003.2","1014.8"
"2026-09-07","23:31:57","Clear","Dry","Dark","-0.3","21.4","3328","57232","22.9","32%","26.7","","Opened","7.880","4","Safe","Calm","0.0","61","14.9","8.6","1003.2","1014.8"
"2026-09-07","23:32:07","Clear","Dry","Dark","-0.2","21.5","3328","57232","22.8","32%","26.7","","Opened","7.370","4","Safe","Calm","0.0","60","14.8","8.6","1003.1","1014.8"
"2026-09-07","23:32:17","Clear","Dry","Dark","-0.3","21.4","3328","57232","22.9","32%","26.7","","Opened","7.380","4","Safe","Calm","0.0","60","14.8","8.6","1003.2","1014.8"
"2026-09-07","23:32:27","Clear","Dry","Dark","-0.2","21.4","3328","57232","22.8","32%","26.7","","Opened","7.505","4","Safe","Calm","0.0","60","14.7","8.5","1003.2","1014.8"
"2026-09-07","23:32:37","Clear","Dry","Dark","-0.3","21.4","3328","57232","22.8","32%","26.7","","Opened","7.345","4","Safe","Calm","0.0","60","14.8","8.5","1003.2","1014.8"
"2026-09-07","23:32:47","Clear","Dry","Dark","-0.2","21.4","3328","57232","22.8","32%","26.7","","Opened","7.374","4","Safe","Calm","0.0","60","14.7","8.5","1003.2","1014.8"
"2026-09-07","23:32:57","Clear","Dry","Dark","-0.4","21.4","3328","57232","22.8","32%","26.8","","Opened","7.801","4","Safe","Calm","0.0","60","14.7","8.4","1003.1","1014.8"
"2026-09-07","23:33:07","Clear","Dry","Dark","-0.2","21.4","3328","57232","22.8","32%","26.9","","Opened","7.336","4","Safe","Calm","0.0","60","14.7","8.5","1003.2","1014.8"
"2026-09-07","23:33:17","Clear","Dry","Dark","-0.2","21.4","3328","57232","22.8","32%","27.0","","Opened","7.390","4","Safe","Calm","0.0","60","14.7","8.6","1003.2","1014.8"
"2026-09-07","23:33:27","Clear","Dry","Dark","-0.2","21.4","3328","57232","22.8","32%","27.0","","Opened","7.355","4","Safe","Calm","0.0","60","14.7","8.6","1003.2","1014.8"
"2026-09-07","23:33:37","Clear","Dry","Dark","-0.1","21.4","3328","57232","22.8","32%","26.9","","Opened","7.340","4","Safe","Calm","0.0","60","14.7","8.7","1003.2","1014.8"
"2026-09-07","23:33:47","Clear","Dry","Dark","-0.1","21.4","3328","57232","22.8","32%","27.0","","Opened","7.330","4","Safe","Calm","0.0","60","14.7","8.7","1003.3","1014.9"
"2026-09-07","23:33:57","Clear","Dry","Dark","-0.3","21.4","3328","57232","22.8","32%","27.0","","Opened","7.795","4","Safe","Calm","0.0","60","14.7","8.5","1003.3","1014.9"
"2026-09-07","23:34:07","Clear","Dry","Dark","-0.2","21.3","3328","57232","22.8","32%","27.0","","Opened","7.425","4","Safe","Calm","0.0","60","14.7","8.6","1003.2","1014.8"
"2026-09-07","23:34:18","Clear","Dry","Dark","-0.2","21.4","3328","57232","22.8","32%","27.0","","Opened","8.427","4","Safe","Calm","0.0","60","14.7","8.6","1003.1","1014.8"
"2026-09-07","23:34:28","Clear","Dry","Dark","-0.2","21.4","3328","57232","22.8","32%","27.0","","Opened","8.824","4","Safe","Calm","0.0","61","14.7","8.5","1003.2","1014.8"
"2026-09-07","23:34:38","Clear","Dry","Dark","-0.1","21.3","3328","57232","22.8","32%","27.0","","Opened","8.555","4","Safe","Calm","0.0","61","14.8","8.6","1003.2","1014.8"
"2026-09-07","23:34:47","Clear","Dry","Dark","-0.2","21.3","3328","57232","22.8","32%","27.1","Heating DOWN","Opened","7.435","4","Safe","Calm","0.0","61","14.8","8.6","1003.1","1014.8"
"2026-09-07","23:34:58","Clear","Dry","Dark","-0.1","21.3","3200","57232","22.7","31%","27.1","Heating DOWN","Opened","8.379","4","Safe","Calm","0.0","61","14.8","8.7","1003.1","1014.8"
"2026-09-07","23:35:07","Clear","Dry","Dark","-0.2","21.4","3200","57232","22.8","30%","27.1","Heating DOWN","Opened","7.579","4","Safe","Calm","0.0","61","14.8","8.6","1003.1","1014.8"
"2026-09-07","23:35:17","Clear","Dry","Dark","-0.2","21.4","3200","57232","22.8","30%","27.2","Heating DOWN","Opened","7.475","4","Safe","Calm","0.0","61","14.9","8.6","1003.2","1014.8"
"2026-09-07","23:35:27","Clear","Dry","Dark","-0.1","21.4","3328","57232","22.7","29%","27.1","","Opened","7.685","4","Safe","Calm","0.0","61","14.9","8.7","1003.3","1014.9"
"2026-09-07","23:35:37","Clear","Dry","Dark","0.2","21.4","3200","57232","22.8","29%","27.0","","Opened","7.485","4","Safe","Calm","0.0","62","15.0","8.9","1003.1","1014.8"
"2026-09-07","23:35:47","Clear","Wet","Dark","0.1","21.4","3200","57232","22.8","29%","26.9","","Opened","7.384","4","Safe","Calm","0.0","62","15.2","8.9","1003.3","1014.9"
"2026-09-07","23:35:57","Clear","Dry","Dark","-0.1","21.4","3328","57232","22.8","29%","26.9","","Opened","7.745","4","Safe","Calm","0.0","63","15.3","8.6","1003.3","1014.9"
"2026-09-07","23:36:07","Clear","Dry","Dark","0.0","21.5","3200","57232","22.8","29%","26.9","","Opened","7.390","4","Safe","Calm","0.0","63","15.3","8.7","1003.3","1014.9"
"2026-09-07","23:36:16","Clear","Dry","Dark","0.2","21.5","3200","57232","22.8","29%","26.8","","Opened","7.290","4","Safe","Calm","0.0","63","15.4","9.0","1003.1","1014.8"
"2026-09-07","23:36:27","Clear","Dry","Dark","-0.1","21.5","3200","57232","22.8","29%","26.8","","Opened","7.510","4","Safe","Calm","0.0","63","15.5","8.7","1003.1","1014.8"
"2026-09-07","23:36:37","Clear","Dry","Dark","-0.1","21.5","3200","57232","22.8","29%","26.8","","Opened","7.435","4","Safe","Calm","0.0","64","15.6","8.7","1003.2","1014.8"
"2026-09-07","23:36:47","Clear","Wet","Dark","0.1","21.5","3200","57232","22.8","29%","26.8","","Opened","7.523","4","Safe","Calm","0.0","64","15.6","8.8","1003.2","1014.8"
"2026-09-07","23:36:57","Clear","Wet","Dark","0.1","21.5","3200","57232","22.8","29%","26.8","","Opened","8.201","4","Safe","Calm","0.0","64","15.6","8.9","1003.2","1014.8"
"2026-09-07","23:37:07","Clear","Dry","Dark","0.3","21.5","3200","57232","22.8","29%","26.8","","Opened","7.440","4","Safe","Calm","0.0","64","15.6","9.0","1003.1","1014.8"
"2026-09-07","23:37:17","Clear","Dry","Dark","0.1","21.6","3200","57232","22.8","29%","26.7","","Opened","7.415","4","Safe","Calm","0.0","64","15.7","8.9","1003.2","1014.8"
"2026-09-07","23:37:27","Clear","Dry","Dark","0.0","21.6","3200","57232","22.8","29%","26.7","","Opened","7.354","4","Safe","Calm","0.0","64","15.7","8.8","1003.2","1014.8"
"2026-09-07","23:37:37","Clear","Dry","Dark","0.1","21.6","3200","57232","22.8","29%","26.7","","Opened","7.330","4","Safe","Calm","0.0","64","15.8","8.9","1003.2","1014.8"
"2026-09-07","23:37:46","Clear","Dry","Dark","0.0","21.6","3200","57232","22.8","29%","26.7","","Opened","7.325","4","Safe","Calm","0.0","64","15.8","8.8","1003.2","1014.8"
"2026-09-07","23:37:57","Clear","Dry","Dark","0.0","21.6","3200","57232","22.8","29%","26.7","","Opened","7.589","4","Safe","Calm","0.0","64","15.8","8.8","1003.2","1014.8"
"2026-09-07","23:38:07","Clear","Dry","Dark","-0.1","21.5","3200","57232","22.8","29%","26.8","","Opened","7.454","4","Safe","Calm","0.0","64","15.8","8.7","1003.1","1014.8"
"2026-09-07","23:38:16","Clear","Dry","Dark","-0.1","21.6","3200","57232","22.8","29%","26.8","","Opened","7.301","4","Safe","Calm","0.0","64","15.8","8.7","1003.2","1014.8"
"2026-09-07","23:38:27","Clear","Dry","Dark","0.0","21.6","3200","57232","22.8","29%","26.8","","Opened","7.411","4","Safe","Calm","0.0","65","15.8","8.8","1003.1","1014.8"
"2026-09-07","23:38:37","Clear","Dry","Dark","0.2","21.6","3200","57232","22.9","29%","26.8","","Opened","7.400","4","Safe","Calm","0.0","65","15.8","9.0","1003.2","1014.8"
"2026-09-07","23:38:47","Clear","Dry","Dark","-0.1","21.6","3200","57232","22.9","29%","26.7","","Opened","7.391","4","Safe","Calm","0.0","65","15.9","8.8","1003.1","1014.8"
"2026-09-07","23:38:57","Clear","Dry","Dark","-0.1","21.6","3200","57232","22.9","29%","26.7","","Opened","7.792","4","Safe","Calm","0.0","65","15.9","8.7","1003.2","1014.8"
"2026-09-07","23:39:07","Clear","Dry","Dark","0.0","21.6","3200","57232","22.9","29%","26.7","","Opened","7.380","4","Safe","Calm","0.0","65","15.9","8.8","1003.2","1014.8"
"2026-09-07","23:39:17","Clear","Dry","Dark","0.1","21.6","3200","57232","22.9","29%","26.7","","Opened","7.390","4","Safe","Calm","0.0","65","15.9","8.9","1003.1","1014.8"
"2026-09-07","23:39:27","Clear","Dry","Dark","0.1","21.6","3200","57232","22.9","29%","26.7","","Opened","7.396","4","Safe","Calm","0.0","65","16.0","8.9","1003.2","1014.8"
"2026-09-07","23:39:37","Clear","Dry","Dark","-0.1","21.7","3200","57232","22.9","29%","26.7","","Opened","7.330","4","Safe","Calm","0.0","65","16.0","8.7","1003.1","1014.8"
"2026-09-07","23:39:47","Clear","Dry","Dark","0.0","21.6","3200","57232","22.9","29%","26.7","","Opened","7.346","4","Safe","Calm","0.0","65","16.0","8.8","1003.2","1014.8"
"2026-09-07","23:39:57","Clear","Dry","Dark","0.0","21.6","3200","57232","22.9","29%","26.7","","Opened","7.853","4","Safe","Calm","0.0","65","16.0","8.9","1003.3","1014.9"
"2026-09-07","23:40:07","Clear","Dry","Dark","0.0","21.6","3200","57232","22.9","29%","26.7","","Opened","7.538","4","Safe","Calm","0.0","65","16.1","8.9","1003.1","1014.8"
"2026-09-07","23:40:17","Clear","Dry","Dark","0.2","21.7","3200","57232","22.9","29%","26.7","","Opened","7.345","4","Safe","Calm","0.0","65","16.1","9.1","1003.2","1014.8"
"2026-09-07","23:40:27","Clear","Dry","Dark","-0.1","21.7","3200","57232","22.9","29%","26.7","","Opened","7.782","4","Safe","Calm","0.0","65","16.1","8.8","1003.1","1014.8"
"2026-09-07","23:40:37","Clear","Dry","Dark","-0.1","21.7","3200","57232","22.9","29%","26.7","","Opened","7.501","4","Safe","Calm","0.0","65","16.1","8.8","1003.1","1014.8"
"2026-09-07","23:40:47","Clear","Dry","Dark","-0.2","21.6","3200","57232","22.9","29%","26.8","","Opened","7.586","4","Safe","Calm","0.0","65","16.1","8.7","1003.2","1014.8"
"2026-09-07","23:40:57","Clear","Dry","Dark","0.1","21.7","3200","57232","22.9","29%","26.8","","Opened","7.794","4","Safe","Calm","0.0","65","16.1","9.0","1003.2","1014.8"
"2026-09-07","23:41:07","Clear","Dry","Dark","0.0","21.7","3200","57232","22.9","29%","26.8","","Opened","7.381","4","Safe","Calm","0.0","65","16.1","8.8","1003.2","1014.8"
"2026-09-07","23:41:17","Clear","Dry","Dark","-0.1","21.7","3200","57232","23.0","29%","26.8","","Opened","7.331","4","Safe","Calm","0.0","66","16.2","8.8","1003.2","1014.8"
"2026-09-07","23:41:27","Clear","Wet","Dark","-0.1","21.7","3199","57232","23.0","29%","26.8","","Opened","7.340","4","Safe","Calm","0.0","66","16.2","8.8","1003.1","1014.8"
"2026-09-07","23:41:36","Clear","Dry","Dark","0.2","21.7","3200","57232","23.0","29%","26.9","","Opened","7.286","4","Safe","Calm","0.0","66","16.2","9.0","1003.2","1014.8"
"2026-09-07","23:41:47","Clear","Dry","Dark","0.2","21.7","3200","57232","23.0","29%","26.8","","Opened","7.335","4","Safe","Calm","0.0","66","16.2","9.1","1003.2","1014.8"
"2026-09-07","23:41:57","Clear","Dry","Dark","-0.1","21.7","3200","57232","23.0","29%","26.8","","Opened","7.433","4","Safe","Calm","0.0","66","16.3","8.8","1003.1","1014.8"
"2026-09-07","23:42:07","Clear","Dry","Dark","0.1","21.7","3200","57232","23.0","29%","26.8","","Opened","7.353","4","Safe","Calm","0.0","66","16.2","9.0","1003.1","1014.8"
"2026-09-07","23:42:17","Clear","Dry","Dark","0.2","21.7","3200","57232","23.0","29%","26.9","","Opened","7.397","4","Safe","Calm","0.0","66","16.2","9.1","1003.2","1014.8"
"2026-09-07","23:42:27","Clear","Dry","Dark","-0.1","21.7","3200","57232","23.0","29%","26.8","","Opened","8.055","4","Safe","Calm","0.0","66","16.3","8.8","1003.1","1014.8"
"2026-09-07","23:42:37","Clear","Dry","Dark","0.0","21.7","3200","57232","23.0","29%","26.9","","Opened","7.758","4","Safe","Calm","0.0","66","16.2","8.9","1003.1","1014.8"
"2026-09-07","23:42:47","Clear","Dry","Dark","-0.1","21.7","3200","57232","23.0","29%","26.9","","Opened","7.712","4","Safe","Calm","0.0","66","16.3","8.8","1003.1","1014.7"
"2026-09-07","23:42:59","Clear","Dry","Dark","-0.1","21.7","3200","57232","23.0","29%","26.9","","Opened","9.857","4","Safe","Calm","0.0","66","16.2","8.8","1003.2","1014.8"
"2026-09-07","23:43:07","Clear","Dry","Dark","-0.1","21.7","3200","57232","23.0","29%","26.9","","Opened","7.535","4","Safe","Calm","0.0","66","16.2","8.8","1003.1","1014.8"
"2026-09-07","23:43:17","Clear","Dry","Dark","0.1","21.7","3200","57232","23.1","29%","26.9","","Opened","7.343","4","Safe","Calm","0.0","66","16.3","9.0","1003.1","1014.8"
"2026-09-07","23:43:24","Clear","Dry","Dark","0.1","21.7","3200","57232","23.1","29%","26.9","","Opened","5.155","5","Safe","Calm","0.0","66","16.3","9.0","1003.1","1014.8"
"2026-09-07","23:43:29","Clear","Dry","Dark","0.1","21.7","3200","57232","23.1","29%","26.9","","Opened","0.281","6","Safe","Calm","0.0","66","16.3","9.0","1003.1","1014.8"
"2026-09-07","23:44:48","Unknown","Unknown","Unknown","0.0","0.0","0","0","0.0","0%","0.0","","Closed","5.120","2","Safe","Unknown","0.0","50","0.0","0.0","1000.0","1000.0"
"2026-09-07","23:44:53","Unknown","Unknown","Unknown","0.0","0.0","0","0","0.0","0%","0.0","","Closed","1.484","3","Safe","Unknown","0.0","50","0.0","0.0","1000.0","1000.0"
"2026-09-07","23:44:59","Unknown","Unknown","Unknown","0.0","0.0","0","0","0.0","0%","0.0","","Closed","6.725","4","Safe","Unknown","0.0","50","0.0","0.0","1000.0","1000.0"
"2026-09-07","23:45:04","Unknown","Unknown","Unknown","0.0","0.0","0","0","0.0","0%","0.0","","Closed","1.859","5","Safe","Unknown","0.0","50","0.0","0.0","1000.0","1000.0"
"2026-09-07","23:45:09","Unknown","Unknown","Unknown","0.0","0.0","0","0","0.0","0%","0.0","","Closed","7.107","6","Safe","Unknown","0.0","50","0.0","0.0","1000.0","1000.0"
"2026-09-07","23:45:14","Unknown","Unknown","Unknown","0.0","0.0","0","0","0.0","0%","0.0","","Closed","2.342","7","Safe","Unknown","0.0","50","0.0","0.0","1000.0","1000.0"
"2026-09-07","23:45:20","Unknown","Unknown","Unknown","0.0","0.0","0","0","0.0","0%","0.0","","Closed","7.591","8","Safe","Unknown","0.0","50","0.0","0.0","1000.0","1000.0"
"2026-09-07","23:45:25","Unknown","Unknown","Unknown","0.0","0.0","0","0","0.0","0%","0.0","","Closed","2.727","9","Safe","Unknown","0.0","50","0.0","0.0","1000.0","1000.0"
"2026-09-07","23:45:30","Unknown","Unknown","Unknown","0.0","0.0","0","0","0.0","0%","0.0","","Closed","7.845","10","Safe","Unknown","0.0","50","0.0","0.0","1000.0","1000.0"
"2026-09-07","23:45:35","Unknown","Unknown","Unknown","0.0","0.0","0","0","0.0","0%","0.0","","Closed","3.077","11","Safe","Unknown","0.0","50","0.0","0.0","1000.0","1000.0"
"2026-09-07","23:45:40","Unknown","Unknown","Unknown","0.0","0.0","0","0","0.0","0%","0.0","","Closed","8.204","12","Safe","Unknown","0.0","50","0.0","0.0","1000.0","1000.0"
"2026-09-07","23:45:46","Unknown","Unknown","Unknown","0.0","0.0","0","0","0.0","0%","0.0","","Closed","3.641","13","Safe","Unknown","0.0","50","0.0","0.0","1000.0","1000.0"
"2026-09-07","23:45:51","Unknown","Unknown","Unknown","0.0","0.0","0","0","0.0","0%","0.0","","Closed","8.858","14","Safe","Unknown","0.0","50","0.0","0.0","1000.0","1000.0"
"2026-09-07","23:45:56","Unknown","Unknown","Unknown","0.0","0.0","0","0","0.0","0%","0.0","","Closed","4.108","15","Safe","Unknown","0.0","50","0.0","0.0","1000.0","1000.0"
"2026-09-07","23:46:01","Unknown","Unknown","Unknown","0.0","0.0","0","0","0.0","0%","0.0","","Closed","9.295","16","Safe","Unknown","0.0","50","0.0","0.0","1000.0","1000.0"
"2026-09-07","23:46:06","Unknown","Unknown","Unknown","0.0","0.0","0","0","0.0","0%","0.0","","Closed","4.405","17","Safe","Unknown","0.0","50","0.0","0.0","1000.0","1000.0"
"2026-09-07","23:46:12","Unknown","Unknown","Unknown","0.0","0.0","0","0","0.0","0%","0.0","","Closed","9.575","18","Safe","Unknown","0.0","50","0.0","0.0","1000.0","1000.0"
"2026-09-07","23:46:28","Clear","Dry","Dark","-0.1","21.1","3200","57232","22.8","1%","23.1","Heating UP","Opened","6.405","18","Safe","Calm","0.0","65","16.0","8.6","1003.1","1014.8"
"2026-09-07","23:46:40","Clear","Wet","Dark","-0.2","21.1","3136","57232","22.8","11%","23.0","Heating UP","Opened","7.764","18","Safe","Calm","0.0","65","15.9","8.6","1003.1","1014.8"
"2026-09-07","23:46:49","Clear","Wet","Dark","-0.1","21.1","3156","57232","22.8","21%","23.0","Heating UP","Opened","7.471","18","Safe","Calm","0.0","65","15.9","8.7","1003.2","1014.8"
"2026-09-07","23:46:59","Clear","Dry","Dark","-0.1","21.2","3200","57232","22.9","31%","23.1","","Opened","7.320","18","Safe","Calm","0.0","65","15.9","8.7","1003.2","1014.8"
"2026-09-07","23:47:09","Clear","Dry","Dark","-0.2","21.2","3200","57232","22.9","31%","23.3","","Opened","7.297","18","Safe","Calm","0.0","65","15.8","8.6","1003.2","1014.8"
"2026-09-07","23:47:19","Clear","Dry","Dark","-0.2","21.2","3200","57232","22.9","31%","23.5","","Opened","7.432","18","Safe","Calm","0.0","64","15.8","8.6","1003.1","1014.8"
"2026-09-07","23:47:30","Clear","Dry","Dark","-0.2","21.1","3200","57232","22.9","31%","23.7","","Opened","7.696","18","Safe","Calm","0.0","64","15.8","8.6","1003.1","1014.7"
"2026-09-07","23:47:39","Clear","Dry","Dark","-0.3","21.1","3200","57232","22.9","31%","23.9","","Opened","7.470","18","Safe","Calm","0.0","64","15.7","8.5","1003.1","1014.8"
"2026-09-07","23:47:49","Clear","Dry","Dark","-0.3","21.1","3200","57232","22.9","31%","24.1","","Opened","7.364","18","Safe","Calm","0.0","63","15.6","8.5","1003.1","1014.8"
"2026-09-07","23:47:59","Clear","Dry","Dark","-0.3","21.1","3200","57232","22.9","31%","24.2","","Opened","7.290","18","Safe","Calm","0.0","63","15.6","8.6","1003.1","1014.8"
"2026-09-07","23:48:09","Clear","Dry","Dark","-0.4","21.1","3200","57232","22.9","31%","24.4","","Opened","7.345","18","Safe","Calm","0.0","63","15.5","8.5","1003.1","1014.8"
"2026-09-07","23:48:19","Clear","Dry","Dark","-0.3","21.1","3200","57232","22.9","31%","24.6","","Opened","7.283","18","Safe","Calm","0.0","63","15.4","8.5","1003.3","1014.9"
"2026-09-07","23:48:29","Clear","Dry","Dark","-0.4","21.1","3200","57232","22.9","31%","24.7","","Opened","7.359","18","Safe","Calm","0.0","63","15.4","8.5","1003.1","1014.8"
"2026-09-07","23:48:39","Clear","Dry","Dark","-0.4","21.1","3200","57232","22.9","31%","24.8","","Opened","7.400","18","Safe","Calm","0.0","62","15.3","8.5","1003.1","1014.8"
"2026-09-07","23:48:49","Clear","Dry","Dark","-0.4","21.0","3200","57232","22.9","31%","24.9","","Opened","7.344","18","Safe","Calm","0.0","62","15.3","8.4","1003.1","1014.7"
"2026-09-07","23:48:59","Clear","Dry","Dark","-0.4","21.0","3200","57232","22.9","31%","25.1","","Opened","7.309","18","Safe","Calm","0.0","62","15.2","8.4","1003.1","1014.7"
"2026-09-07","23:49:09","Clear","Dry","Dark","-0.4","21.0","3200","57232","22.9","31%","25.2","","Opened","7.366","18","Safe","Calm","0.0","62","15.2","8.5","1003.1","1014.8"
"2026-09-07","23:49:19","Clear","Dry","Dark","-0.4","21.0","3200","57232","22.9","31%","25.3","","Opened","7.311","18","Safe","Calm","0.0","62","15.1","8.4","1003.2","1014.8"
"2026-09-07","23:49:29","Clear","Dry","Dark","-0.4","21.0","3200","57232","22.9","31%","25.4","","Opened","7.387","18","Safe","Calm","0.0","62","15.1","8.4","1003.1","1014.8"
"2026-09-07","23:49:39","Clear","Dry","Dark","-0.5","21.0","3200","57232","22.9","31%","25.5","","Opened","7.439","18","Safe","Calm","0.0","61","15.1","8.3","1003.1","1014.8"
"2026-09-07","23:49:49","Clear","Dry","Dark","-0.4","21.0","3200","57232","22.9","31%","25.6","","Opened","7.275","18","Safe","Calm","0.0","61","15.1","8.4","1003.1","1014.8"
"2026-09-07","23:50:00","Clear","Dry","Dark","-0.4","20.9","3200","57232","22.9","31%","25.6","Heating UP","Opened","7.485","18","Safe","Calm","0.0","61","15.0","8.4","1003.1","1014.8"
"2026-09-07","23:50:09","Clear","Dry","Dark","-0.5","20.9","3200","57232","22.8","35%","25.7","","Opened","7.341","18","Safe","Calm","0.0","61","14.9","8.3","1003.1","1014.8"
"2026-09-07","23:50:19","Clear","Dry","Dark","-0.4","20.9","3200","57232","22.9","35%","25.7","Heating UP","Opened","7.420","18","Safe","Calm","0.0","61","14.9","8.4","1003.1","1014.8"
"2026-09-07","23:50:29","Clear","Dry","Dark","-0.3","20.9","3200","57232","22.9","39%","25.8","","Opened","7.282","18","Safe","Calm","0.0","61","14.9","8.5","1003.1","1014.8"
"2026-09-07","23:50:40","Clear","Dry","Dark","-0.4","21.0","3200","57232","22.8","39%","25.8","Heating UP","Opened","7.615","18","Safe","Calm","0.0","61","14.8","8.4","1003.2","1014.8"
"2026-09-07","23:50:49","Clear","Dry","Dark","-0.5","21.0","3200","57232","22.8","43%","26.0","","Opened","7.357","18","Safe","Calm","0.0","61","14.8","8.3","1003.1","1014.8"
"2026-09-07","23:50:59","Clear","Dry","Dark","-0.4","20.9","3200","57232","22.8","43%","26.1","","Opened","7.310","18","Safe","Calm","0.0","61","14.8","8.4","1003.1","1014.8"
"2026-09-07","23:51:09","Clear","Dry","Dark","-0.6","20.9","3200","57232","22.8","43%","26.2","","Opened","7.380","18","Safe","Calm","0.0","60","14.8","8.2","1003.1","1014.8"
"2026-09-07","23:51:19","Clear","Dry","Dark","-0.5","20.9","3200","57232","22.8","43%","26.4","","Opened","7.324","18","Safe","Calm","0.0","60","14.7","8.3","1003.1","1014.8"
"2026-09-07","23:51:29","Clear","Dry","Dark","-0.3","20.9","3200","57232","22.8","43%","26.5","","Opened","7.286","18","Safe","Calm","0.0","60","14.7","8.5","1003.1","1014.8"
"2026-09-07","23:51:40","Clear","Dry","Dark","-0.4","20.9","3200","57232","22.8","43%","26.6","","Opened","7.483","18","Safe","Calm","0.0","60","14.7","8.4","1003.2","1014.8"
"2026-09-07","23:51:49","Clear","Dry","Dark","-0.4","20.9","3200","57232","22.8","43%","26.7","","Opened","7.316","18","Safe","Calm","0.0","60","14.6","8.3","1003.2","1014.8"
"2026-09-07","23:51:59","Clear","Dry","Dark","-0.5","20.9","3200","57232","22.8","43%","26.8","","Opened","7.271","18","Safe","Calm","0.0","60","14.6","8.3","1003.1","1014.7"
"2026-09-07","23:52:09","Clear","Dry","Dark","-0.4","21.0","3200","57232","22.8","43%","26.9","","Opened","7.328","18","Safe","Calm","0.0","60","14.6","8.4","1003.2","1014.8"
"2026-09-07","23:52:19","Clear","Dry","Dark","-0.4","20.9","3200","57232","22.7","43%","27.0","","Opened","7.278","18","Safe","Calm","0.0","60","14.6","8.3","1003.1","1014.8"
"2026-09-07","23:52:30","Clear","Dry","Dark","-0.5","20.9","3200","57232","22.8","43%","27.1","Heating DOWN","Opened","7.484","18","Safe","Calm","0.0","60","14.6","8.2","1003.1","1014.8"
"2026-09-07","23:52:40","Clear","Dry","Dark","-0.3","20.9","3200","57232","22.8","42%","27.2","Heating DOWN","Opened","7.615","18","Safe","Calm","0.0","60","14.6","8.4","1003.2","1014.8"
"2026-09-07","23:52:49","Clear","Dry","Dark","-0.5","20.9","3200","57232","22.7","41%","27.3","Heating DOWN","Opened","7.471","18","Safe","Calm","0.0","60","14.5","8.3","1003.2","1014.8"
"2026-09-07","23:52:59","Clear","Dry","Dark","-0.5","20.9","3200","57232","22.7","39%","27.4","Heating DOWN","Opened","7.476","18","Safe","Calm","0.0","60","14.5","8.3","1003.2","1014.8"
"2026-09-07","23:53:09","Clear","Dry","Dark","-0.5","20.9","3200","57232","22.7","37%","27.5","Heating DOWN","Opened","7.452","18","Safe","Calm","0.0","60","14.5","8.3","1003.1","1014.8"
"2026-09-07","23:53:19","Clear","Dry","Dark","-0.3","20.9","3200","57232","22.7","35%","27.5","Heating DOWN","Opened","7.448","18","Safe","Calm","0.0","60","14.5","8.5","1003.1","1014.8"
"2026-09-07","23:53:29","Clear","Dry","Dark","-0.2","20.9","3200","57232","22.7","33%","27.4","","Opened","7.316","18","Safe","Calm","0.0","59","14.4","8.5","1003.2","1014.8"
"2026-09-07","23:53:39","Clear","Dry","Dark","-0.3","20.9","3200","57232","22.7","33%","27.3","","Opened","7.403","18","Safe","Calm","0.0","59","14.4","8.4","1003.2","1014.8"
"2026-09-07","23:53:50","Clear","Wet","Dark","-0.3","20.9","3200","57232","22.7","33%","27.3","Heating DOWN","Opened","7.482","18","Safe","Calm","0.0","59","14.4","8.5","1003.3","1014.9"
"2026-09-07","23:54:00","Clear","Dry","Dark","-0.2","20.9","3200","57232","22.7","31%","27.3","Heating DOWN","Opened","7.486","18","Safe","Calm","0.0","59","14.3","8.5","1003.1","1014.8"
"2026-09-07","23:54:09","Clear","Dry","Dark","-0.2","20.9","3200","57232","22.7","29%","27.3","Heating DOWN","Opened","7.469","18","Safe","Calm","0.0","59","14.3","8.5","1003.2","1014.8"
"2026-09-07","23:54:19","Clear","Dry","Dark","-0.3","20.9","3200","57232","22.6","27%","27.3","Heating DOWN","Opened","7.464","18","Safe","Calm","0.0","59","14.3","8.4","1003.2","1014.8"
"2026-09-07","23:54:29","Clear","Dry","Dark","-0.3","20.9","3200","57232","22.7","25%","27.3","Heating DOWN","Opened","7.456","18","Safe","Calm","0.0","59","14.3","8.4","1003.2","1014.8"
"2026-09-07","23:54:39","Clear","Dry","Dark","-0.2","20.9","3200","57232","22.6","23%","27.2","","Opened","7.443","18","Safe","Calm","0.0","59","14.3","8.5","1003.1","1014.8"
"2026-09-07","23:54:49","Clear","Dry","Dark","-0.2","20.9","3200","57232","22.6","23%","27.1","","Opened","7.271","18","Safe","Calm","0.0","59","14.3","8.5","1003.2","1014.8"
"2026-09-07","23:54:59","Clear","Dry","Dark","-0.4","20.9","3200","57232","22.6","23%","27.0","","Opened","7.354","18","Safe","Calm","0.0","59","14.3","8.3","1003.3","1014.9"
"2026-09-07","23:55:09","Clear","Dry","Dark","0.0","20.9","3200","57232","22.6","23%","26.9","","Opened","7.291","18","Safe","Calm","0.0","59","14.3","8.6","1003.2","1014.8"
"2026-09-07","23:55:19","Clear","Dry","Dark","-0.1","20.9","3200","57232","22.6","23%","26.8","","Opened","7.343","18","Safe","Calm","0.0","59","14.3","8.5","1003.2","1014.8"
"2026-09-07","23:55:29","Clear","Dry","Dark","-0.2","20.9","3200","57232","22.6","23%","26.7","","Opened","7.280","18","Safe","Calm","0.0","59","14.3","8.5","1003.2","1014.8"
"2026-09-07","23:55:40","Clear","Dry","Dark","-0.3","20.9","3200","57232","22.6","23%","26.6","","Opened","7.542","18","Safe","Calm","0.0","59","14.3","8.4","1003.1","1014.8"
"2026-09-07","23:55:49","Clear","Dry","Dark","-0.1","20.9","3200","57232","22.6","23%","26.6","","Opened","7.308","18","Safe","Calm","0.0","59","14.3","8.6","1003.3","1014.9"
"2026-09-07","23:55:59","Clear","Dry","Dark","-0.1","20.9","3200","57232","22.6","23%","26.5","","Opened","7.388","18","Safe","Calm","0.0","59","14.3","8.6","1003.3","1015.0"
"2026-09-07","23:56:09","Clear","Dry","Dark","-0.1","20.9","3200","57232","22.6","23%","26.4","","Opened","7.318","18","Safe","Calm","0.0","59","14.2","8.6","1003.2","1014.8"
"2026-09-07","23:56:19","Clear","Dry","Dark","-0.1","20.9","3200","57232","22.6","23%","26.3","Heating UP","Opened","7.384","18","Safe","Calm","0.0","59","14.2","8.6","1003.3","1014.9"
"2026-09-07","23:56:30","Clear","Dry","Dark","0.2","21.0","3200","57232","22.5","24%","26.2","Heating UP","Opened","7.514","18","Safe","Calm","0.0","59","14.2","8.8","1003.2","1014.8"
"2026-09-07","23:56:40","Clear","Dry","Dark","0.0","20.9","3200","57232","22.5","25%","26.2","Heating UP","Opened","7.633","18","Safe","Calm","0.0","59","14.2","8.6","1003.3","1015.0"
"2026-09-07","23:56:50","Clear","Dry","Dark","0.0","21.0","3200","57232","22.6","26%","26.1","Heating UP","Opened","7.495","18","Safe","Calm","0.0","59","14.3","8.6","1003.2","1014.8"
"2026-09-07","23:57:00","Clear","Dry","Dark","0.1","21.0","3200","57232","22.6","28%","26.1","Heating UP","Opened","7.490","18","Safe","Calm","0.0","60","14.3","8.7","1003.2","1014.8"
"2026-09-07","23:57:09","Clear","Dry","Dark","0.2","21.0","3200","57232","22.5","30%","26.1","Heating UP","Opened","7.471","18","Safe","Calm","0.0","60","14.3","8.8","1003.3","1014.9"
"2026-09-07","23:57:19","Clear","Dry","Dark","0.2","21.0","3200","57232","22.6","31%","26.1","Heating UP","Opened","7.473","18","Safe","Calm","0.0","60","14.4","8.8","1003.3","1014.9"
"2026-09-07","23:57:29","Clear","Dry","Dark","0.0","21.0","3200","57232","22.5","33%","26.1","Heating UP","Opened","7.461","18","Safe","Calm","0.0","60","14.4","8.6","1003.2","1014.8"
"2026-09-07","23:57:39","Clear","Dry","Dark","0.3","21.0","3200","57232","22.5","34%","26.2","","Opened","7.427","18","Safe","Calm","0.0","60","14.4","8.9","1003.3","1014.9"
"2026-09-07","23:57:50","Clear","Dry","Dark","0.1","21.1","3200","57232","22.5","34%","26.2","Heating UP","Opened","7.515","18","Safe","Calm","0.0","60","14.5","8.7","1003.3","1014.9"
"2026-09-07","23:57:59","Clear","Dry","Dark","0.3","21.1","3200","57232","22.5","35%","26.3","","Opened","7.367","18","Safe","Calm","0.0","60","14.5","8.9","1003.2","1014.8"
"2026-09-07","23:58:09","Clear","Dry","Dark","0.2","21.1","3200","57232","22.5","35%","26.4","","Opened","7.311","18","Safe","Calm","0.0","60","14.5","8.8","1003.3","1014.9"
"2026-09-07","23:58:19","Clear","Dry","Dark","0.3","21.1","3200","57232","22.5","35%","26.5","","Opened","7.368","18","Safe","Calm","0.0","60","14.5","9.0","1003.3","1015.0"
"2026-09-07","23:58:29","Clear","Dry","Dark","0.2","21.1","3200","57232","22.6","35%","26.5","","Opened","7.332","18","Safe","Calm","0.0","61","14.6","8.8","1003.3","1014.9"
"2026-09-07","23:58:40","Clear","Dry","Dark","0.2","21.1","3200","57232","22.5","35%","26.6","","Opened","7.513","18","Safe","Calm","0.0","61","14.6","8.9","1003.2","1014.8"
"2026-09-07","23:58:49","Clear","Dry","Dark","0.6","21.1","3200","57232","22.5","35%","26.6","","Opened","7.353","18","Safe","Calm","0.0","61","14.6","9.3","1003.2","1014.8"
"2026-09-07","23:58:59","Clear","Dry","Dark","0.3","21.1","3200","57232","22.6","35%","26.6","","Opened","7.308","18","Safe","Calm","0.0","61","14.7","9.0","1003.2","1014.8"
"2026-09-07","23:59:09","Clear","Dry","Dark","0.6","21.1","3200","57232","22.5","35%","26.7","","Opened","7.349","18","Safe","Calm","0.0","61","14.7","9.2","1003.3","1014.9"
"2026-09-07","23:59:19","Clear","Dry","Dark","0.2","21.2","3200","57232","22.6","35%","26.8","","Opened","7.302","18","Safe","Calm","0.0","61","14.8","8.8","1003.3","1014.9"
"2026-09-07","23:59:29","Clear","Dry","Dark","0.2","21.2","3200","57232","22.6","35%","26.8","","Opened","7.364","18","Safe","Calm","0.0","62","14.9","8.9","1003.3","1014.9"
"2026-09-07","23:59:40","Clear","Dry","Dark","0.2","21.2","3200","57232","22.6","35%","26.9","","Opened","7.443","18","Safe","Calm","0.0","62","14.9","8.9","1003.3","1014.9"
"2026-09-07","23:59:49","Clear","Dry","Dark","0.4","21.2","3200","57232","22.6","35%","27.0","Heating DOWN","Opened","7.401","18","Safe","Calm","0.0","62","14.9","9.0","1003.3","1014.9"
"2026-09-08","00:00:00","Clear","Dry","Dark","0.4","21.2","3200","57232","22.6","34%","27.0","Heating DOWN","Opened","7.412","18","Safe","Calm","0.0","62","15.0","9.0","1003.3","1014.9"
"2026-09-08","00:00:09","Clear","Dry","Dark","0.5","21.2","3200","57232","22.6","33%","27.0","Heating DOWN","Opened","7.383","18","Safe","Calm","0.0","62","15.1","9.2","1003.3","1014.9"
"2026-09-08","00:00:20","Clear","Dry","Dark","0.2","21.3","3200","57232","22.6","32%","27.0","Heating DOWN","Opened","7.512","18","Safe","Calm","0.0","63","15.2","8.9","1003.3","1014.9"
"2026-09-08","00:00:30","Clear","Dry","Dark","0.3","21.3","3200","57232","22.6","31%","27.0","Heating DOWN","Opened","7.515","18","Safe","Calm","0.0","63","15.2","9.0","1003.3","1014.9"
"2026-09-08","00:00:40","Clear","Dry","Dark","0.3","21.3","3200","57232","22.6","30%","27.0","Heating DOWN","Opened","7.626","18","Safe","Calm","0.0","63","15.3","8.9","1003.3","1014.9"
"2026-09-08","00:00:50","Clear","Dry","Dark","0.3","21.3","3200","57232","22.7","29%","27.0","Heating DOWN","Opened","7.493","18","Safe","Calm","0.0","63","15.3","9.0","1003.2","1014.8"
"2026-09-08","00:01:00","Clear","Dry","Dark","0.5","21.3","3200","57232","22.7","28%","27.0","Heating DOWN","Opened","7.495","18","Safe","Calm","0.0","63","15.3","9.2","1003.2","1014.8"
"2026-09-08","00:01:10","Clear","Dry","Dark","0.4","21.3","3200","57232","22.7","27%","27.0","Heating DOWN","Opened","7.469","18","Safe","Calm","0.0","63","15.4","9.0","1003.2","1014.8"
"2026-09-08","00:01:19","Clear","Dry","Dark","0.5","21.4","3200","57232","22.7","26%","26.9","","Opened","7.342","18","Safe","Calm","0.0","63","15.4","9.2","1003.3","1015.0"
"2026-09-08","00:01:29","Clear","Dry","Dark","0.6","21.4","3200","57232","22.7","26%","26.9","","Opened","7.300","18","Safe","Calm","0.0","63","15.4","9.3","1003.3","1014.9"
"2026-09-08","00:01:40","Clear","Dry","Dark","0.4","21.4","3200","57232","22.7","26%","26.8","","Opened","7.510","18","Safe","Calm","0.0","64","15.4","9.1","1003.3","1014.9"
"2026-09-08","00:01:49","Clear","Dry","Dark","0.3","21.4","3200","57232","22.7","26%","26.8","","Opened","7.331","18","Safe","Calm","0.0","64","15.5","9.0","1003.2","1014.8"
"2026-09-08","00:01:59","Clear","Dry","Dark","0.3","21.4","3200","57232","22.7","26%","26.8","","Opened","7.281","18","Safe","Calm","0.0","64","15.5","9.0","1003.3","1014.9"
"2026-09-08","00:02:09","Clear","Dry","Dark","0.1","21.4","3200","57232","22.7","26%","26.8","","Opened","7.354","18","Safe","Calm","0.0","64","15.5","8.9","1003.2","1014.8"
"2026-09-08","00:02:19","Clear","Dry","Dark","0.4","21.4","3200","57232","22.7","26%","26.8","","Opened","7.301","18","Safe","Calm","0.0","63","15.4","9.1","1003.2","1014.8"
"2026-09-08","00:02:29","Clear","Dry","Dark","0.5","21.4","3200","57232","22.7","26%","26.8","","Opened","7.389","18","Safe","Calm","0.0","63","15.4","9.2","1003.3","1014.9"
"2026-09-08","00:02:40","Clear","Dry","Dark","0.2","21.4","3200","57232","22.8","26%","26.8","","Opened","7.460","18","Safe","Calm","0.0","64","15.5","8.9","1003.2","1014.8"
"2026-09-08","00:02:49","Clear","Dry","Dark","0.4","21.5","3200","57232","22.7","26%","26.8","","Opened","7.300","18","Safe","Calm","0.0","64","15.5","9.1","1003.3","1014.9"
"2026-09-08","00:02:59","Clear","Dry","Dark","0.4","21.5","3200","57232","22.8","26%","26.7","","Opened","7.378","18","Safe","Calm","0.0","64","15.5","9.2","1003.3","1014.9"
"2026-09-08","00:03:09","Clear","Dry","Dark","0.4","21.5","3200","57232","22.8","26%","26.7","","Opened","7.309","18","Safe","Calm","0.0","64","15.6","9.1","1003.2","1014.8"
"2026-09-08","00:03:19","Clear","Dry","Dark","0.3","21.5","3200","57232","22.8","26%","26.7","","Opened","7.267","18","Safe","Calm","0.0","64","15.5","9.1","1003.2","1014.8"
"2026-09-08","00:03:29","Clear","Dry","Dark","0.2","21.5","3200","57232","22.8","26%","26.7","","Opened","7.334","18","Safe","Calm","0.0","64","15.6","9.0","1003.3","1014.9"
"2026-09-08","00:03:40","Clear","Dry","Dark","0.4","21.5","3200","57232","22.8","26%","26.7","","Opened","7.420","18","Safe","Calm","0.0","64","15.6","9.2","1003.2","1014.8"
"2026-09-08","00:03:49","Clear","Dry","Dark","0.2","21.5","3200","57232","22.8","26%","26.6","","Opened","7.376","18","Safe","Calm","0.0","64","15.6","8.9","1003.3","1015.0"
"2026-09-08","00:03:59","Clear","Dry","Dark","0.1","21.5","3200","57232","22.8","26%","26.7","","Opened","7.327","18","Safe","Calm","0.0","64","15.6","8.9","1003.3","1015.0"
"2026-09-08","00:04:09","Clear","Dry","Dark","0.4","21.5","3200","57232","22.8","26%","26.7","","Opened","7.263","18","Safe","Calm","0.0","64","15.6","9.2","1003.3","1014.9"
"2026-09-08","00:04:19","Clear","Dry","Dark","0.4","21.5","3200","57232","22.8","26%","26.6","","Opened","7.345","18","Safe","Calm","0.0","64","15.6","9.1","1003.2","1014.8"
"2026-09-08","00:04:29","Clear","Dry","Dark","0.3","21.5","3200","57232","22.8","26%","26.6","","Opened","7.300","18","Safe","Calm","0.0","64","15.6","9.1","1003.3","1014.9"
"2026-09-08","00:04:40","Clear","Dry","Dark","0.2","21.5","3200","57232","22.8","26%","26.6","","Opened","7.493","18","Safe","Calm","0.0","64","15.7","9.0","1003.3","1014.9"
"2026-09-08","00:04:49","Clear","Dry","Dark","0.2","21.5","3200","57232","22.8","26%","26.6","","Opened","7.330","18","Safe","Calm","0.0","64","15.7","9.0","1003.2","1014.8"
"2026-09-08","00:05:00","Clear","Dry","Dark","0.4","21.5","3200","57232","22.9","26%","26.6","Heating UP","Opened","7.423","18","Safe","Calm","0.0","64","15.7","9.2","1003.3","1014.9"
"2026-09-08","00:05:09","Clear","Dry","Dark","0.2","21.5","3200","57232","22.8","27%","26.6","","Opened","7.268","18","Safe","Calm","0.0","64","15.7","9.0","1003.3","1014.9"
"2026-09-08","00:05:19","Clear","Dry","Dark","0.1","21.5","3200","57232","22.8","27%","26.6","","Opened","7.339","18","Safe","Calm","0.0","64","15.7","8.9","1003.4","1015.0"
"2026-09-08","00:05:29","Clear","Dry","Dark","0.2","21.5","3200","57232","22.9","27%","26.6","","Opened","7.303","18","Safe","Calm","0.0","64","15.7","9.0","1003.2","1014.8"
"2026-09-08","00:05:40","Clear","Dry","Dark","0.2","21.5","3200","57232","22.9","27%","26.6","Heating UP","Opened","7.638","18","Safe","Calm","0.0","64","15.6","9.0","1003.2","1014.8"
"2026-09-08","00:05:50","Clear","Dry","Dark","0.2","21.5","3200","57232","22.9","28%","26.6","Heating UP","Opened","7.507","18","Safe","Calm","0.0","64","15.6","9.0","1003.3","1014.9"
"2026-09-08","00:05:59","Clear","Dry","Dark","0.1","21.5","3200","57232","22.8","29%","26.6","","Opened","7.373","18","Safe","Calm","0.0","64","15.6","8.9","1003.2","1014.8"
"2026-09-08","00:06:10","Clear","Dry","Dark","0.2","21.5","3200","57232","22.9","29%","26.6","Heating UP","Opened","7.439","18","Safe","Calm","0.0","64","15.6","9.1","1003.3","1014.9"
"2026-09-08","00:06:19","Clear","Dry","Dark","0.2","21.5","3200","57232","22.9","30%","26.7","","Opened","7.307","18","Safe","Calm","0.0","64","15.6","9.0","1003.2","1014.8"
"2026-09-08","00:06:30","Clear","Dry","Dark","0.3","21.5","3200","57232","22.9","30%","26.7","","Opened","7.378","18","Safe","Calm","0.0","63","15.6","9.1","1003.3","1014.9"
"2026-09-08","00:06:40","Clear","Dry","Dark","0.2","21.5","3200","57232","22.9","30%","26.8","","Opened","7.466","18","Safe","Calm","0.0","63","15.6","9.0","1003.2","1014.8"
"2026-09-08","00:06:49","Clear","Dry","Dark","0.1","21.5","3200","57232","22.9","30%","26.8","","Opened","7.303","18","Safe","Calm","0.0","63","15.5","8.9","1003.2","1014.8"
"2026-09-08","00:06:59","Clear","Dry","Dark","0.1","21.5","3200","57232","22.9","30%","26.8","","Opened","7.374","18","Safe","Calm","0.0","63","15.5","8.9","1003.2","1014.8"
"2026-09-08","00:07:09","Clear","Dry","Dark","0.2","21.5","3200","57232","22.9","30%","26.9","","Opened","7.309","18","Safe","Calm","0.0","63","15.5","9.0","1003.3","1014.9"
"2026-09-08","00:07:20","Clear","Dry","Dark","0.1","21.4","3200","57232","22.9","30%","26.9","","Opened","7.379","18","Safe","Calm","0.0","63","15.5","8.9","1003.2","1014.8"
"2026-09-08","00:07:29","Clear","Dry","Dark","0.1","21.4","3200","57232","22.9","30%","26.9","","Opened","7.326","18","Safe","Calm","0.0","63","15.5","9.0","1003.3","1014.9"
"2026-09-08","00:07:40","Clear","Dry","Dark","0.3","21.4","3200","57232","22.9","30%","26.9","","Opened","7.515","18","Safe","Calm","0.0","63","15.5","9.2","1003.2","1014.8"
"2026-09-08","00:07:49","Clear","Dry","Dark","0.1","21.4","3200","57232","22.9","30%","26.9","","Opened","7.340","18","Safe","Calm","0.0","63","15.4","9.0","1003.3","1014.9"
"2026-09-08","00:07:59","Clear","Dry","Dark","0.2","21.5","3200","57232","22.9","30%","26.9","","Opened","7.299","18","Safe","Calm","0.0","63","15.4","9.0","1003.3","1014.9"
"2026-09-08","00:08:10","Clear","Dry","Dark","0.2","21.5","3200","57232","22.9","30%","26.9","","Opened","7.351","18","Safe","Calm","0.0","63","15.4","9.0","1003.3","1014.9"
"2026-09-08","00:08:19","Clear","Dry","Dark","0.2","21.5","3200","57232","22.9","30%","26.9","","Opened","7.315","18","Safe","Calm","0.0","63","15.4","9.0","1003.2","1014.8"
"2026-09-08","00:08:29","Clear","Dry","Dark","0.4","21.5","3200","57232","22.9","30%","26.9","","Opened","7.269","18","Safe","Calm","0.0","62","15.3","9.2","1003.2","1014.8"
"2026-09-08","00:08:40","Clear","Dry","Dark","0.3","21.5","3200","57232","22.9","30%","26.9","","Opened","7.477","18","Safe","Calm","0.0","62","15.3","9.1","1003.2","1014.8"
"2026-09-08","00:08:49","Clear","Dry","Dark","0.2","21.5","3200","57232","22.9","30%","26.9","","Opened","7.303","18","Safe","Calm","0.0","62","15.3","9.0","1003.3","1014.9"
"2026-09-08","00:09:00","Clear","Dry","Dark","0.1","21.5","3200","57232","22.9","30%","26.9","","Opened","7.380","18","Safe","Calm","0.0","62","15.2","9.0","1003.2","1014.8"
"2026-09-08","00:09:09","Clear","Dry","Dark","0.2","21.5","3200","57232","22.9","30%","26.9","","Opened","7.305","18","Safe","Calm","0.0","62","15.2","9.1","1003.3","1014.9"
"2026-09-08","00:09:20","Clear","Dry","Dark","0.2","21.5","3200","57232","22.9","30%","26.9","","Opened","7.385","18","Safe","Calm","0.0","62","15.2","9.1","1003.3","1014.9"
"2026-09-08","00:09:30","Clear","Dry","Dark","0.2","21.5","3200","57232","22.9","30%","26.9","","Opened","7.339","18","Safe","Calm","0.0","62","15.2","9.0","1003.2","1014.8"
"2026-09-08","00:09:40","Clear","Dry","Dark","0.3","21.6","3200","57232","22.9","30%","26.9","","Opened","7.426","18","Safe","Calm","0.0","62","15.2","9.1","1003.2","1014.8"
"2026-09-08","00:09:50","Clear","Dry","Dark","0.3","21.6","3200","57232","22.8","30%","26.9","","Opened","7.376","18","Safe","Calm","0.0","62","15.2","9.1","1003.2","1014.8"
"2026-09-08","00:09:59","Clear","Dry","Dark","0.4","21.6","3200","57232","22.9","30%","26.9","","Opened","7.333","18","Safe","Calm","0.0","62","15.2","9.2","1003.2","1014.8"
"2026-09-08","00:10:09","Clear","Dry","Dark","0.4","21.6","3200","57232","22.9","30%","26.9","","Opened","7.245","18","Safe","Calm","0.0","62","15.2","9.2","1003.3","1014.9"
"2026-09-08","00:10:19","Clear","Dry","Dark","0.4","21.6","3200","57232","22.9","30%","26.9","","Opened","7.327","18","Safe","Calm","0.0","62","15.2","9.2","1003.3","1014.9"
"2026-09-08","00:10:29","Clear","Dry","Dark","0.3","21.6","3200","57232","22.9","30%","26.9","","Opened","7.264","18","Safe","Calm","0.0","62","15.2","9.2","1003.3","1014.9"
"2026-09-08","00:10:40","Clear","Dry","Dark","0.4","21.6","3200","57232","22.9","30%","26.8","","Opened","7.472","18","Safe","Calm","0.0","62","15.2","9.2","1003.3","1014.9"
"2026-09-08","00:10:49","Clear","Dry","Dark","0.3","21.6","3200","57232","22.9","30%","26.8","","Opened","7.279","18","Safe","Calm","0.0","62","15.2","9.2","1003.3","1014.9"
"2026-09-08","00:11:00","Clear","Dry","Dark","0.3","21.6","3200","57232","22.9","30%","26.8","","Opened","7.363","18","Safe","Calm","0.0","62","15.2","9.1","1003.3","1014.9"
"2026-09-08","00:11:10","Clear","Dry","Dark","0.3","21.6","3200","57232","22.9","30%","26.8","","Opened","7.298","18","Safe","Calm","0.0","62","15.2","9.1","1003.2","1014.8"
"2026-09-08","00:11:20","Clear","Dry","Dark","0.3","21.6","3200","57232","22.9","30%","26.8","","Opened","7.378","18","Safe","Calm","0.0","62","15.3","9.1","1003.2","1014.8"
"2026-09-08","00:11:30","Clear","Dry","Dark","0.4","21.6","3200","57232","22.9","30%","26.8","","Opened","7.322","18","Safe","Calm","0.0","62","15.3","9.2","1003.2","1014.8"
"2026-09-08","00:11:40","Clear","Dry","Dark","0.4","21.6","3200","57232","22.9","30%","26.8","","Opened","7.403","18","Safe","Calm","0.0","62","15.3","9.2","1003.3","1014.9"
"2026-09-08","00:11:50","Clear","Dry","Dark","0.3","21.6","3200","57232","22.9","30%","26.8","","Opened","7.367","18","Safe","Calm","0.0","62","15.3","9.1","1003.3","1014.9"
"2026-09-08","00:12:00","Clear","Dry","Dark","0.3","21.7","3200","57232","22.9","30%","26.8","","Opened","7.326","18","Safe","Calm","0.0","62","15.3","9.1","1003.3","1014.9"
"2026-09-08","00:12:09","Clear","Dry","Dark","0.4","21.7","3200","57232","22.9","30%","26.8","","Opened","7.261","18","Safe","Calm","0.0","62","15.3","9.2","1003.2","1014.8"
"2026-09-08","00:12:20","Clear","Dry","Dark","0.3","21.7","3200","57232","22.9","30%","26.8","","Opened","7.340","18","Safe","Calm","0.0","62","15.3","9.1","1003.3","1014.9"
"2026-09-08","00:12:30","Clear","Dry","Dark","0.4","21.7","3200","57232","22.9","30%","26.8","","Opened","7.300","18","Safe","Calm","0.0","62","15.3","9.2","1003.3","1014.9"
"2026-09-08","00:12:40","Clear","Dry","Dark","0.3","21.7","3200","57232","22.9","30%","26.8","","Opened","7.502","18","Safe","Calm","0.0","62","15.3","9.2","1003.3","1014.9"
"2026-09-08","00:12:50","Clear","Dry","Dark","0.4","21.7","3200","57232","22.9","30%","26.8","","Opened","7.334","18","Safe","Calm","0.0","62","15.3","9.3","1003.2","1014.8"
"2026-09-08","00:12:59","Clear","Dry","Dark","0.3","21.7","3200","57232","22.9","30%","26.8","","Opened","7.288","18","Safe","Calm","0.0","62","15.2","9.1","1003.2","1014.8"
"2026-09-08","00:13:10","Clear","Dry","Dark","0.2","21.7","3200","57232","22.9","30%","26.8","","Opened","7.345","18","Safe","Calm","0.0","62","15.2","9.1","1003.3","1014.9"
"2026-09-08","00:13:20","Clear","Dry","Dark","0.4","21.7","3200","57232","22.9","30%","26.8","","Opened","7.305","18","Safe","Calm","0.0","62","15.2","9.2","1003.3","1014.9"
"2026-09-08","00:13:30","Clear","Dry","Dark","0.4","21.7","3200","57232","22.9","30%","26.8","","Opened","7.379","18","Safe","Calm","0.0","62","15.2","9.2","1003.3","1014.9"
"2026-09-08","00:13:40","Clear","Dry","Dark","0.4","21.7","3200","57232","22.9","30%","26.8","","Opened","7.468","18","Safe","Calm","0.0","62","15.2","9.2","1003.3","1014.9"
"2026-09-08","00:13:49","Clear","Dry","Dark","0.3","21.7","3200","57232","22.9","30%","26.9","","Opened","7.281","18","Safe","Calm","0.0","62","15.3","9.1","1003.2","1014.8"
"2026-09-08","00:14:00","Clear","Dry","Dark","0.4","21.7","3200","57232","22.9","30%","26.8","","Opened","7.360","18","Safe","Calm","0.0","62","15.3","9.2","1003.2","1014.8"
"2026-09-08","00:14:10","Clear","Dry","Dark","0.3","21.7","3200","57232","22.9","30%","26.8","","Opened","7.289","18","Safe","Calm","0.0","62","15.3","9.2","1003.3","1014.9"
"2026-09-08","00:14:20","Clear","Dry","Dark","0.4","21.7","3200","57232","22.9","30%","26.8","","Opened","7.380","18","Safe","Calm","0.0","63","15.4","9.2","1003.2","1014.8"
"2026-09-08","00:14:30","Clear","Dry","Dark","0.3","21.8","3200","57232","22.9","30%","26.8","","Opened","7.332","18","Safe","Calm","0.0","63","15.4","9.2","1003.2","1014.8"
"2026-09-08","00:14:40","Clear","Dry","Dark","0.5","21.7","3200","57232","22.9","30%","26.8","","Opened","7.413","18","Safe","Calm","0.0","63","15.4","9.3","1003.3","1014.9"
"2026-09-08","00:14:50","Clear","Dry","Dark","0.3","21.7","3200","57232","22.9","30%","26.8","","Opened","7.375","18","Safe","Calm","0.0","63","15.5","9.2","1003.1","1014.8"
"2026-09-08","00:15:00","Clear","Dry","Dark","0.5","21.8","3200","57232","22.9","30%","26.8","","Opened","7.328","18","Safe","Calm","0.0","63","15.5","9.3","1003.2","1014.8"
"2026-09-08","00:15:09","Clear","Dry","Dark","0.3","21.7","3200","57232","22.9","30%","26.8","","Opened","7.261","18","Safe","Calm","0.0","63","15.5","9.1","1003.1","1014.8"
"2026-09-08","00:15:20","Clear","Dry","Dark","0.3","21.7","3200","57232","22.9","30%","26.9","","Opened","7.334","18","Safe","Calm","0.0","63","15.6","9.1","1003.2","1014.8"
"2026-09-08","00:15:30","Clear","Dry","Dark","0.4","21.7","3200","57232","22.9","30%","26.9","","Opened","7.306","18","Safe","Calm","0.0","63","15.6","9.2","1003.2","1014.8"
"2026-09-08","00:15:40","Clear","Dry","Dark","0.4","21.8","3200","57232","22.9","30%","26.9","","Opened","7.514","18","Safe","Calm","0.0","64","15.6","9.2","1003.2","1014.8"
"2026-09-08","00:15:50","Clear","Dry","Dark","0.4","21.7","3200","57232","22.9","30%","27.0","","Opened","7.334","18","Safe","Calm","0.0","64","15.6","9.2","1003.2","1014.8"
"2026-09-08","00:15:59","Clear","Dry","Dark","0.4","21.7","3200","57232","22.9","30%","26.9","","Opened","7.297","18","Safe","Calm","0.0","64","15.7","9.2","1003.2","1014.8"
"2026-09-08","00:16:10","Clear","Dry","Dark","0.3","21.7","3200","57232","22.9","30%","26.9","","Opened","7.344","18","Safe","Calm","0.0","64","15.7","9.1","1003.3","1014.9"
"2026-09-08","00:16:20","Clear","Dry","Dark","0.4","21.7","3200","57232","22.9","30%","26.9","","Opened","7.302","18","Safe","Calm","0.0","64","15.8","9.3","1003.3","1014.9"
"2026-09-08","00:16:30","Clear","Dry","Dark","0.5","21.8","3200","57232","22.9","30%","27.0","","Opened","7.381","18","Safe","Calm","0.0","64","15.8","9.3","1003.3","1014.9"
"2026-09-08","00:16:40","Clear","Dry","Dark","0.4","21.8","3200","57232","22.9","30%","26.9","","Opened","7.466","18","Safe","Calm","0.0","64","15.8","9.3","1003.2","1014.8"
"2026-09-08","00:16:49","Clear","Dry","Dark","0.4","21.8","3200","57232","22.9","30%","26.9","","Opened","7.289","18","Safe","Calm","0.0","64","15.8","9.3","1003.2","1014.8"
"2026-09-08","00:17:00","Clear","Dry","Dark","0.4","21.8","3200","57232","22.9","30%","26.9","","Opened","7.373","18","Safe","Calm","0.0","64","15.8","9.3","1003.3","1014.9"
"2026-09-08","00:17:10","Clear","Dry","Dark","0.4","21.8","3200","57232","22.9","30%","26.9","","Opened","7.303","18","Safe","Calm","0.0","64","15.8","9.2","1003.3","1014.9"
"2026-09-08","00:17:20","Clear","Dry","Dark","0.4","21.8","3200","57232","22.9","30%","27.0","","Opened","7.384","18","Safe","Calm","0.0","64","15.8","9.3","1003.2","1014.8"
"2026-09-08","00:17:30","Clear","Dry","Dark","0.4","21.8","3200","57232","22.9","30%","27.0","","Opened","7.308","18","Safe","Calm","0.0","64","15.8","9.2","1003.2","1014.8"
"2026-09-08","00:17:40","Clear","Dry","Dark","0.3","21.7","3200","57232","22.9","30%","27.0","","Opened","7.401","18","Safe","Calm","0.0","64","15.8","9.2","1003.2","1014.8"
"2026-09-08","00:17:50","Clear","Dry","Dark","0.5","21.7","3200","57232","23.0","30%","27.1","","Opened","7.333","18","Safe","Calm","0.0","64","15.9","9.3","1003.2","1014.8"
"2026-09-08","00:18:00","Clear","Dry","Dark","0.5","21.8","3200","57232","22.9","30%","27.0","","Opened","7.289","18","Safe","Calm","0.0","64","15.9","9.3","1003.2","1014.8"
"2026-09-08","00:18:10","Clear","Dry","Dark","0.5","21.8","3200","57232","22.9","30%","27.0","","Opened","7.355","18","Safe","Calm","0.0","65","15.9","9.3","1003.1","1014.8"
"2026-09-08","00:18:20","Clear","Dry","Dark","0.4","21.8","3200","57232","22.9","30%","27.0","","Opened","7.304","18","Safe","Calm","0.0","65","16.0","9.3","1003.3","1014.9"
"2026-09-08","00:18:30","Clear","Dry","Dark","0.3","21.8","3200","57232","23.0","30%","27.1","","Opened","7.381","18","Safe","Calm","0.0","65","16.0","9.2","1003.2","1014.8"
"2026-09-08","00:18:40","Clear","Dry","Dark","0.3","21.8","3200","57232","23.0","30%","27.1","","Opened","7.454","18","Safe","Calm","0.0","65","16.0","9.2","1003.3","1014.9"
"2026-09-08","00:18:50","Clear","Dry","Dark","0.3","21.7","3200","57232","23.0","30%","27.1","","Opened","7.290","18","Safe","Calm","0.0","65","16.0","9.2","1003.1","1014.8"
"2026-09-08","00:19:00","Clear","Dry","Dark","0.4","21.7","3200","57232","23.0","30%","27.2","","Opened","7.358","18","Safe","Calm","0.0","65","16.0","9.3","1003.3","1014.9"
"2026-09-08","00:19:10","Clear","Dry","Dark","0.5","21.7","3200","57232","23.0","30%","27.2","","Opened","7.292","18","Safe","Calm","0.0","65","16.1","9.3","1003.2","1014.8"
"2026-09-08","00:19:20","Clear","Dry","Dark","0.4","21.7","3200","57232","23.0","30%","27.2","","Opened","7.370","18","Safe","Calm","0.0","65","16.0","9.3","1003.2","1014.8"
"2026-09-08","00:19:30","Clear","Dry","Dark","0.4","21.7","3200","57232","23.0","30%","27.2","","Opened","7.306","18","Safe","Calm","0.0","65","16.1","9.2","1003.2","1014.8"
"2026-09-08","00:19:40","Clear","Dry","Dark","0.4","21.7","3200","57232","23.0","30%","27.2","","Opened","7.509","18","Safe","Calm","0.0","65","16.1","9.3","1003.2","1014.8"
"2026-09-08","00:19:50","Clear","Dry","Dark","0.3","21.7","3200","57232","23.0","30%","27.3","","Opened","7.337","18","Safe","Calm","0.0","65","16.1","9.2","1003.2","1014.8"
"2026-09-08","00:20:00","Clear","Dry","Dark","0.4","21.7","3200","57232","23.0","30%","27.3","","Opened","7.290","18","Safe","Calm","0.0","65","16.1","9.2","1003.2","1014.8"
"2026-09-08","00:20:10","Clear","Dry","Dark","0.4","21.7","3200","57232","23.0","30%","27.3","","Opened","7.345","18","Safe","Calm","0.0","65","16.0","9.3","1003.1","1014.8"
"2026-09-08","00:20:20","Clear","Dry","Dark","0.5","21.7","3200","57232","23.0","30%","27.3","","Opened","7.301","18","Safe","Calm","0.0","65","16.0","9.3","1003.3","1014.9"
"2026-09-08","00:20:30","Clear","Dry","Dark","0.4","21.7","3200","57232","23.0","30%","27.2","","Opened","7.387","18","Safe","Calm","0.0","64","15.9","9.3","1003.2","1014.8"
"2026-09-08","00:20:40","Clear","Dry","Dark","0.4","21.8","3200","57232","23.0","30%","27.3","","Opened","7.474","18","Safe","Calm","0.0","64","15.9","9.3","1003.2","1014.8"
"2026-09-08","00:20:50","Clear","Dry","Dark","0.5","21.7","3200","57232","23.0","30%","27.3","","Opened","7.301","18","Safe","Calm","0.0","64","15.8","9.4","1003.2","1014.8"
"2026-09-08","00:21:00","Clear","Dry","Dark","0.4","21.7","3200","57232","23.0","30%","27.3","","Opened","7.382","18","Safe","Calm","0.0","64","15.8","9.3","1003.3","1014.9"
"2026-09-08","00:21:10","Clear","Dry","Dark","0.4","21.7","3200","57232","23.0","30%","27.3","","Opened","7.320","18","Safe","Calm","0.0","64","15.9","9.3","1003.2","1014.8"
"2026-09-08","00:21:20","Clear","Dry","Dark","0.4","21.7","3200","57232","23.0","30%","27.3","","Opened","7.270","18","Safe","Calm","0.0","65","16.0","9.3","1003.2","1014.8"
"2026-09-08","00:21:30","Clear","Dry","Dark","0.4","21.7","3200","57232","23.0","30%","27.3","","Opened","7.360","18","Safe","Calm","0.0","65","16.0","9.3","1003.2","1014.8"
"2026-09-08","00:21:40","Clear","Dry","Dark","0.4","21.7","3200","57232","23.0","30%","27.3","","Opened","7.440","18","Safe","Calm","0.0","65","16.0","9.3","1003.2","1014.8"
"2026-09-08","00:21:50","Clear","Dry","Dark","0.5","21.7","3200","57232","23.0","30%","27.3","","Opened","7.270","18","Safe","Calm","0.0","65","16.1","9.4","1003.1","1014.8"
"2026-09-08","00:22:00","Clear","Dry","Dark","0.4","21.7","3200","57232","23.0","30%","27.3","","Opened","7.345","18","Safe","Calm","0.0","65","16.1","9.3","1003.2","1014.8"
"2026-09-08","00:22:10","Clear","Dry","Dark","0.4","21.7","3200","57232","23.0","30%","27.4","Heating DOWN","Opened","7.396","18","Safe","Calm","0.0","65","16.2","9.3","1003.1","1014.8"
"2026-09-08","00:22:20","Clear","Dry","Dark","0.5","21.7","3200","57232","23.0","29%","27.4","Heating DOWN","Opened","7.396","18","Safe","Calm","0.0","65","16.2","9.4","1003.2","1014.8"
"2026-09-08","00:22:30","Clear","Dry","Dark","0.4","21.7","3200","57232","23.0","28%","27.4","Heating DOWN","Opened","7.511","18","Safe","Calm","0.0","65","16.2","9.3","1003.2","1014.8"
"2026-09-08","00:22:40","Clear","Dry","Dark","0.4","21.7","3200","57232","23.0","27%","27.4","Heating DOWN","Opened","7.642","18","Safe","Calm","0.0","65","16.2","9.3","1003.3","1014.9"
"2026-09-08","00:22:50","Clear","Dry","Dark","0.5","21.7","3200","57232","23.0","26%","27.4","Heating DOWN","Opened","7.511","18","Safe","Calm","0.0","65","16.2","9.4","1003.1","1014.8"
"2026-09-08","00:23:00","Clear","Dry","Dark","0.2","21.7","3200","57232","23.1","25%","27.4","Heating DOWN","Opened","7.516","18","Safe","Calm","0.0","65","16.3","9.2","1003.2","1014.8"
"2026-09-08","00:23:10","Clear","Dry","Dark","0.3","21.7","3200","57232","23.1","24%","27.4","Heating DOWN","Opened","7.484","18","Safe","Calm","0.0","65","16.2","9.2","1003.2","1014.8"
"2026-09-08","00:23:20","Clear","Dry","Dark","0.4","21.7","3200","57232","23.1","23%","27.4","Heating DOWN","Opened","7.488","18","Safe","Calm","0.0","65","16.2","9.4","1003.1","1014.8"
"2026-09-08","00:23:30","Clear","Dry","Dark","0.4","21.7","3200","57232","23.1","22%","27.3","","Opened","7.360","18","Safe","Calm","0.0","66","16.3","9.3","1003.2","1014.8"
"2026-09-08","00:23:40","Clear","Dry","Dark","0.4","21.7","3200","57232","23.1","22%","27.2","","Opened","7.431","18","Safe","Calm","0.0","66","16.3","9.3","1003.2","1014.8"
"2026-09-08","00:23:50","Clear","Dry","Dark","0.4","21.7","3200","57232","23.1","22%","27.2","","Opened","7.268","18","Safe","Calm","0.0","66","16.3","9.3","1003.2","1014.8"
"2026-09-08","00:24:00","Clear","Dry","Dark","0.3","21.7","3200","57232","23.1","22%","27.1","","Opened","7.349","18","Safe","Calm","0.0","66","16.3","9.2","1003.2","1014.8"
"2026-09-08","00:24:10","Clear","Dry","Dark","0.3","21.7","3200","57232","23.1","22%","27.1","","Opened","7.271","18","Safe","Calm","0.0","66","16.3","9.3","1003.2","1014.8"
"2026-09-08","00:24:20","Clear","Dry","Dark","0.2","21.7","3200","57232","23.1","22%","27.1","","Opened","7.366","18","Safe","Calm","0.0","66","16.3","9.1","1003.2","1014.8"
"2026-09-08","00:24:30","Clear","Dry","Dark","0.3","21.7","3200","57232","23.1","22%","27.1","","Opened","7.317","18","Safe","Calm","0.0","66","16.4","9.3","1003.2","1014.8"
"2026-09-08","00:24:40","Clear","Dry","Dark","0.3","21.7","3200","57232","23.1","22%","27.0","","Opened","7.403","18","Safe","Calm","0.0","66","16.3","9.2","1003.2","1014.8"
"2026-09-08","00:24:50","Clear","Dry","Dark","0.3","21.7","3200","57232","23.1","22%","27.0","","Opened","7.345","18","Safe","Calm","0.0","66","16.3","9.3","1003.2","1014.8"
"2026-09-08","00:25:00","Clear","Dry","Dark","0.3","21.7","3200","57232","23.1","22%","26.9","","Opened","7.304","18","Safe","Calm","0.0","66","16.4","9.3","1003.1","1014.7"
"2026-09-08","00:25:10","Clear","Dry","Dark","0.2","21.6","3200","57232","23.1","22%","26.9","","Opened","7.359","18","Safe","Calm","0.0","66","16.4","9.2","1003.2","1014.8"
"2026-09-08","00:25:20","Clear","Dry","Dark","0.3","21.6","3200","57232","23.1","22%","26.9","","Opened","7.307","18","Safe","Calm","0.0","66","16.4","9.2","1003.2","1014.8"
"2026-09-08","00:25:30","Clear","Dry","Dark","0.2","21.6","3200","57232","23.1","22%","26.9","","Opened","7.283","18","Safe","Calm","0.0","66","16.4","9.1","1003.1","1014.7"
"2026-09-08","00:25:40","Clear","Dry","Dark","0.2","21.6","3200","57232","23.1","22%","26.9","","Opened","7.494","18","Safe","Calm","0.0","66","16.3","9.1","1003.1","1014.7"
"2026-09-08","00:25:50","Clear","Dry","Dark","0.3","21.6","3200","57232","23.1","22%","26.9","","Opened","7.321","18","Safe","Calm","0.0","66","16.4","9.2","1003.1","1014.7"
"2026-09-08","00:26:00","Clear","Dry","Dark","0.3","21.6","3200","57232","23.1","22%","26.9","","Opened","7.266","18","Safe","Calm","0.0","66","16.4","9.3","1003.2","1014.8"
"2026-09-08","00:26:10","Clear","Dry","Dark","0.2","21.6","3200","57232","23.1","22%","26.9","","Opened","7.326","18","Safe","Calm","0.0","66","16.3","9.1","1003.3","1014.9"
"2026-09-08","00:26:20","Clear","Dry","Dark","0.2","21.6","3200","57232","23.1","22%","26.8","Heating UP","Opened","7.403","18","Safe","Calm","0.0","66","16.4","9.1","1003.2","1014.8"
"2026-09-08","00:26:30","Clear","Dry","Dark","0.2","21.5","3200","57232","23.1","23%","26.9","","Opened","7.265","18","Safe","Calm","0.0","66","16.3","9.1","1003.2","1014.8"
"2026-09-08","00:26:40","Clear","Dry","Dark","0.1","21.5","3200","57232","23.2","23%","26.9","","Opened","7.472","18","Safe","Calm","0.0","66","16.4","9.1","1003.2","1014.8"
"2026-09-08","00:26:50","Clear","Dry","Dark","0.0","21.5","3200","57232","23.1","23%","26.9","","Opened","7.296","18","Safe","Calm","0.0","66","16.3","9.0","1003.2","1014.8"
"2026-09-08","00:27:00","Clear","Dry","Dark","0.0","21.5","3200","57232","23.1","23%","26.9","","Opened","7.390","18","Safe","Calm","0.0","66","16.3","9.0","1003.3","1014.9"
"2026-09-08","00:27:10","Clear","Dry","Dark","0.0","21.4","3200","57232","23.1","23%","26.9","","Opened","7.314","18","Safe","Calm","0.0","65","16.3","9.0","1003.2","1014.8"
"2026-09-08","00:27:20","Clear","Dry","Dark","0.0","21.4","3200","57232","23.2","23%","26.9","","Opened","7.278","18","Safe","Calm","0.0","65","16.3","9.0","1003.2","1014.8"
"2026-09-08","00:27:30","Clear","Dry","Dark","0.0","21.4","3200","57232","23.2","23%","26.9","","Opened","7.339","18","Safe","Calm","0.0","65","16.3","9.0","1003.3","1014.9"
"2026-09-08","00:27:40","Clear","Dry","Dark","0.0","21.4","3200","57232","23.2","23%","27.0","","Opened","7.433","18","Safe","Calm","0.0","65","16.3","9.0","1003.2","1014.8"
"2026-09-08","00:27:50","Clear","Dry","Dark","0.1","21.3","3200","57232","23.2","23%","27.0","","Opened","7.377","18","Safe","Calm","0.0","65","16.2","9.0","1003.2","1014.8"
"2026-09-08","00:28:00","Clear","Dry","Dark","0.0","21.3","3200","57232","23.2","23%","27.0","","Opened","7.325","18","Safe","Calm","0.0","65","16.2","9.0","1003.2","1014.8"
"2026-09-08","00:28:10","Clear","Dry","Dark","0.0","21.3","3200","57232","23.2","23%","27.0","","Opened","7.258","18","Safe","Calm","0.0","65","16.2","9.0","1003.2","1014.8"
"2026-09-08","00:28:20","Clear","Dry","Dark","0.0","21.3","3200","57232","23.2","23%","26.9","","Opened","7.348","18","Safe","Calm","0.0","65","16.2","9.0","1003.2","1014.8"
"2026-09-08","00:28:30","Clear","Dry","Dark","0.0","21.2","3200","57232","23.2","23%","27.0","","Opened","7.310","18","Safe","Calm","0.0","65","16.2","9.0","1003.1","1014.7"
"2026-09-08","00:28:40","Clear","Dry","Dark","0.0","21.2","3200","57232","23.1","23%","27.0","","Opened","7.516","18","Safe","Calm","0.0","65","16.2","9.0","1003.1","1014.7"
"2026-09-08","00:28:50","Clear","Dry","Dark","-0.1","21.2","3200","57232","23.2","23%","27.0","","Opened","7.341","18","Safe","Calm","0.0","65","16.2","8.9","1003.2","1014.8"
"2026-09-08","00:29:00","Clear","Dry","Dark","0.0","21.2","3200","57232","23.2","23%","27.0","","Opened","7.266","18","Safe","Calm","0.0","65","16.2","8.9","1003.2","1014.8"
"2026-09-08","00:29:10","Clear","Dry","Dark","0.0","21.2","3200","57232","23.2","23%","27.0","","Opened","7.330","18","Safe","Calm","0.0","65","16.2","8.9","1003.2","1014.8"
"2026-09-08","00:29:20","Clear","Dry","Dark","-0.1","21.2","3200","57232","23.2","23%","27.0","","Opened","7.284","18","Safe","Calm","0.0","65","16.2","8.9","1003.2","1014.8"
"2026-09-08","00:29:30","Clear","Dry","Dark","-0.1","21.2","3200","57232","23.2","23%","27.0","","Opened","7.366","18","Safe","Calm","0.0","65","16.2","8.9","1003.1","1014.7"
"2026-09-08","00:29:40","Clear","Dry","Dark","-0.1","21.1","3200","57232","23.2","23%","27.0","","Opened","7.460","18","Safe","Calm","0.0","65","16.2","8.9","1003.1","1014.7"
"2026-09-08","00:29:50","Clear","Dry","Dark","-0.2","21.1","3200","57232","23.2","23%","27.1","","Opened","7.383","18","Safe","Calm","0.0","65","16.2","8.8","1003.2","1014.8"
"2026-09-08","00:30:00","Clear","Dry","Dark","-0.1","21.1","3200","57232","23.2","23%","27.1","","Opened","7.338","18","Safe","Calm","0.0","65","16.2","8.9","1003.3","1014.9"
"2026-09-08","00:30:10","Clear","Dry","Dark","0.0","21.1","3200","57232","23.2","23%","27.1","","Opened","7.276","18","Safe","Calm","0.0","65","16.2","9.0","1003.2","1014.8"
"2026-09-08","00:30:20","Clear","Dry","Dark","0.0","21.1","3200","57232","23.2","23%","27.1","","Opened","7.356","18","Safe","Calm","0.0","65","16.2","9.0","1003.3","1014.9"
"2026-09-08","00:30:30","Clear","Dry","Dark","0.0","21.1","3200","57232","23.2","23%","27.1","","Opened","7.312","18","Safe","Calm","0.0","65","16.2","9.0","1003.2","1014.8"
"2026-09-08","00:30:40","Clear","Dry","Dark","0.0","21.1","3200","57232","23.2","23%","27.1","","Opened","7.525","18","Safe","Calm","0.0","65","16.1","9.0","1003.2","1014.8"
"2026-09-08","00:30:50","Clear","Dry","Dark","0.0","21.0","3200","57232","23.1","23%","27.1","","Opened","7.332","18","Safe","Calm","0.0","65","16.1","9.0","1003.1","1014.7"
"2026-09-08","00:31:00","Clear","Dry","Dark","0.0","21.0","3200","57232","23.2","23%","27.1","","Opened","7.282","18","Safe","Calm","0.0","65","16.1","9.0","1003.2","1014.8"
"2026-09-08","00:31:10","Clear","Dry","Dark","0.0","21.0","3200","57232","23.2","23%","27.1","","Opened","7.338","18","Safe","Calm","0.0","65","16.1","9.0","1003.2","1014.8"
"2026-09-08","00:31:20","Clear","Dry","Dark","0.0","21.0","3200","57232","23.2","23%","27.1","","Opened","7.279","18","Safe","Calm","0.0","65","16.1","9.0","1003.2","1014.8"
"2026-09-08","00:31:30","Clear","Dry","Dark","0.0","21.0","3200","57232","23.2","23%","27.1","","Opened","7.357","18","Safe","Calm","0.0","65","16.1","9.0","1003.2","1014.8"
"2026-09-08","00:31:40","Clear","Dry","Dark","-0.1","21.0","3200","57232","23.2","23%","27.1","","Opened","7.446","18","Safe","Calm","0.0","65","16.2","8.9","1003.2","1014.8"
"2026-09-08","00:31:50","Clear","Dry","Dark","-0.1","21.0","3200","57232","23.2","23%","27.0","","Opened","7.391","18","Safe","Calm","0.0","65","16.1","8.9","1003.3","1014.9"
"2026-09-08","00:32:00","Clear","Dry","Dark","0.2","21.0","3200","57232","23.2","23%","27.0","","Opened","7.345","18","Safe","Calm","0.0","65","16.1","9.1","1003.1","1014.7"
"2026-09-08","00:32:10","Clear","Dry","Dark","0.1","21.0","3200","57232","23.2","23%","27.0","","Opened","7.286","18","Safe","Calm","0.0","65","16.1","9.0","1003.2","1014.8"
"2026-09-08","00:32:20","Clear","Dry","Dark","0.1","21.0","3200","57232","23.1","23%","27.0","","Opened","7.363","18","Safe","Calm","0.0","65","16.1","9.1","1003.1","1014.7"
"2026-09-08","00:32:30","Clear","Dry","Dark","0.1","21.0","3200","57232","23.2","23%","26.9","","Opened","7.311","18","Safe","Calm","0.0","65","16.1","9.0","1003.2","1014.8"
"2026-09-08","00:32:40","Clear","Dry","Dark","0.0","21.0","3200","57232","23.2","23%","26.9","Heating UP","Opened","7.657","18","Safe","Calm","0.0","64","16.1","9.0","1003.1","1014.7"
"2026-09-08","00:32:50","Clear","Dry","Dark","0.0","21.0","3200","57232","23.2","24%","26.9","Heating UP","Opened","7.514","18","Safe","Calm","0.0","64","16.1","9.0","1003.2","1014.8"
"2026-09-08","00:33:00","Clear","Dry","Dark","0.0","21.0","3200","57232","23.2","25%","26.9","","Opened","7.380","18","Safe","Calm","0.0","64","16.1","8.9","1003.2","1014.8"
"2026-09-08","00:33:10","Clear","Dry","Dark","0.0","21.0","3200","57232","23.2","25%","27.0","","Opened","7.320","18","Safe","Calm","0.0","64","16.1","9.0","1003.1","1014.7"
"2026-09-08","00:33:20","Clear","Dry","Dark","0.1","21.0","3200","57232","23.2","25%","27.0","","Opened","7.271","18","Safe","Calm","0.0","64","16.1","9.0","1003.2","1014.8"
"2026-09-08","00:33:30","Clear","Dry","Dark","0.0","21.0","3200","57232","23.2","25%","26.9","","Opened","7.347","18","Safe","Calm","0.0","64","16.1","9.0","1003.3","1014.9"
"2026-09-08","00:33:40","Clear","Dry","Dark","-0.1","21.0","3200","57232","23.2","25%","26.9","Heating UP","Opened","7.558","18","Safe","Calm","0.0","64","16.1","8.9","1003.2","1014.8"
"2026-09-08","00:33:50","Clear","Dry","Dark","-0.1","21.0","3200","57232","23.2","26%","27.0","","Opened","7.297","18","Safe","Calm","0.0","64","16.1","8.9","1003.1","1014.7"
"2026-09-08","00:34:00","Clear","Dry","Dark","-0.1","21.0","3200","57232","23.2","26%","27.1","","Opened","7.381","18","Safe","Calm","0.0","64","16.1","8.9","1003.1","1014.7"
"2026-09-08","00:34:10","Clear","Dry","Dark","-0.1","21.0","3200","57232","23.1","26%","27.1","","Opened","7.320","18","Safe","Calm","0.0","64","16.0","8.9","1003.1","1014.7"
"2026-09-08","00:34:20","Clear","Dry","Dark","-0.1","21.0","3200","57232","23.1","26%","27.2","","Opened","7.266","18","Safe","Calm","0.0","64","16.0","8.9","1003.1","1014.7"
"2026-09-08","00:34:30","Clear","Dry","Dark","0.0","21.0","3200","57232","23.1","26%","27.1","","Opened","7.351","18","Safe","Calm","0.0","64","16.0","8.9","1003.1","1014.7"
"2026-09-08","00:34:40","Clear","Dry","Dark","0.1","21.0","3200","57232","23.1","26%","27.1","","Opened","7.427","18","Safe","Calm","0.0","64","16.0","9.0","1003.2","1014.8"
"2026-09-08","00:34:50","Clear","Dry","Dark","0.0","21.0","3200","57232","23.1","26%","27.1","","Opened","7.378","18","Safe","Calm","0.0","64","16.0","8.9","1003.1","1014.7"
"2026-09-08","00:35:00","Clear","Dry","Dark","-0.1","21.0","3200","57232","23.1","26%","27.2","","Opened","7.338","18","Safe","Calm","0.0","64","16.0","8.9","1003.2","1014.8"
"2026-09-08","00:35:10","Clear","Dry","Dark","0.1","21.0","3200","57232","23.1","26%","27.2","","Opened","7.277","18","Safe","Calm","0.0","64","16.0","9.1","1003.1","1014.7"
"2026-09-08","00:35:20","Clear","Dry","Dark","0.0","21.0","3200","57232","23.1","26%","27.2","","Opened","7.360","18","Safe","Calm","0.0","64","16.0","8.9","1003.1","1014.7"
"2026-09-08","00:35:30","Clear","Dry","Dark","0.0","21.0","3200","57232","23.1","26%","27.1","","Opened","7.305","18","Safe","Calm","0.0","64","16.0","9.0","1003.2","1014.8"
"2026-09-08","00:35:40","Clear","Dry","Dark","0.1","21.0","3200","57232","23.1","26%","27.1","","Opened","7.400","18","Safe","Calm","0.0","64","15.9","9.0","1003.1","1014.7"
"2026-09-08","00:35:50","Clear","Dry","Dark","0.0","21.0","3200","57232","23.1","26%","27.1","","Opened","7.343","18","Safe","Calm","0.0","64","15.9","9.0","1003.1","1014.8"
"2026-09-08","00:36:00","Clear","Dry","Dark","0.1","21.0","3200","57232","23.1","26%","27.0","","Opened","7.298","18","Safe","Calm","0.0","64","15.9","9.0","1003.1","1014.8"
"2026-09-08","00:36:10","Clear","Dry","Dark","0.2","21.0","3200","57232","23.1","26%","27.0","","Opened","7.359","18","Safe","Calm","0.0","64","15.8","9.1","1003.1","1014.8"
"2026-09-08","00:36:20","Clear","Dry","Dark","0.2","21.1","3200","57232","23.1","26%","27.0","","Opened","7.307","18","Safe","Calm","0.0","64","15.8","9.1","1003.1","1014.8"
"2026-09-08","00:36:30","Clear","Dry","Dark","0.2","21.1","3200","57232","23.1","26%","26.9","","Opened","7.389","18","Safe","Calm","0.0","63","15.7","9.2","1003.2","1014.8"
"2026-09-08","00:36:40","Clear","Dry","Dark","0.1","21.1","3200","57232","23.0","26%","27.0","","Opened","7.473","18","Safe","Calm","0.0","63","15.7","9.0","1003.1","1014.7"
"2026-09-08","00:36:50","Clear","Dry","Dark","0.2","21.1","3200","57232","23.0","26%","27.0","","Opened","7.302","18","Safe","Calm","0.0","63","15.6","9.1","1003.1","1014.8"
"2026-09-08","00:37:00","Clear","Dry","Dark","0.2","21.1","3200","57232","23.0","26%","27.1","","Opened","7.373","18","Safe","Calm","0.0","63","15.6","9.1","1003.1","1014.8"
"2026-09-08","00:37:10","Clear","Dry","Dark","0.4","21.1","3200","57232","23.0","26%","27.1","","Opened","7.311","18","Safe","Calm","0.0","63","15.6","9.3","1003.2","1014.8"
"2026-09-08","00:37:20","Clear","Dry","Dark","0.3","21.1","3200","57232","23.0","26%","27.0","","Opened","7.268","18","Safe","Calm","0.0","63","15.6","9.2","1003.1","1014.8"
"2026-09-08","00:37:30","Clear","Dry","Dark","0.3","21.1","3200","57232","23.1","26%","27.0","","Opened","7.343","18","Safe","Calm","0.0","63","15.6","9.2","1003.1","1014.8"
"2026-09-08","00:37:40","Clear","Dry","Dark","0.2","21.1","3200","57232","23.0","26%","27.1","","Opened","7.420","18","Safe","Calm","0.0","63","15.6","9.1","1003.1","1014.8"
"2026-09-08","00:37:50","Clear","Dry","Dark","0.3","21.1","3200","57232","23.0","26%","27.1","","Opened","7.361","18","Safe","Calm","0.0","63","15.5","9.2","1003.1","1014.8"
"2026-09-08","00:38:00","Clear","Dry","Dark","0.3","21.1","3200","57232","23.0","26%","27.2","","Opened","7.315","18","Safe","Calm","0.0","63","15.5","9.2","1003.1","1014.7"
"2026-09-08","00:38:10","Clear","Dry","Dark","0.3","21.1","3200","57232","23.0","26%","27.2","","Opened","7.250","18","Safe","Calm","0.0","63","15.5","9.2","1003.1","1014.8"
"2026-09-08","00:38:20","Clear","Dry","Dark","0.5","21.2","3200","57232","23.0","26%","27.2","","Opened","7.329","18","Safe","Calm","0.0","63","15.5","9.4","1003.2","1014.8"
"2026-09-08","00:38:30","Clear","Dry","Dark","0.2","21.2","3200","57232","23.1","26%","27.2","","Opened","7.277","18","Safe","Calm","0.0","63","15.6","9.2","1003.1","1014.8"
"2026-09-08","00:38:40","Clear","Dry","Dark","0.2","21.2","3200","57232","23.1","26%","27.2","","Opened","7.496","18","Safe","Calm","0.0","63","15.7","9.1","1003.1","1014.7"
"2026-09-08","00:38:50","Clear","Dry","Dark","0.3","21.2","3200","57232","23.0","26%","27.1","","Opened","7.323","18","Safe","Calm","0.0","63","15.7","9.2","1003.1","1014.7"
"2026-09-08","00:39:00","Clear","Dry","Dark","0.8","21.2","3200","57232","23.1","26%","27.1","","Opened","7.276","18","Safe","Calm","0.0","63","15.7","9.7","1003.2","1014.8"
"2026-09-08","00:39:10","Clear","Dry","Dark","0.3","21.3","3200","57232","23.1","26%","27.1","","Opened","7.334","18","Safe","Calm","0.0","63","15.7","9.2","1003.1","1014.8"
"2026-09-08","00:39:20","Clear","Dry","Dark","0.5","21.2","3200","57232","23.1","26%","27.2","","Opened","7.281","18","Safe","Calm","0.0","63","15.8","9.4","1003.1","1014.8"
"2026-09-08","00:39:30","Clear","Dry","Dark","0.4","21.3","3200","57232","23.1","26%","27.1","","Opened","7.369","18","Safe","Calm","0.0","64","15.8","9.3","1003.1","1014.8"
"2026-09-08","00:39:40","Clear","Dry","Dark","0.5","21.3","3200","57232","23.1","26%","27.1","","Opened","7.444","18","Safe","Calm","0.0","64","15.8","9.4","1003.1","1014.8"
"2026-09-08","00:39:50","Clear","Dry","Dark","0.6","21.3","3200","57232","23.1","26%","27.1","","Opened","7.392","18","Safe","Calm","0.0","64","15.9","9.5","1003.2","1014.8"
"2026-09-08","00:40:00","Clear","Dry","Dark","0.4","21.4","3200","57232","23.1","26%","27.0","","Opened","7.343","18","Safe","Calm","0.0","64","15.9","9.3","1003.1","1014.8"
"2026-09-08","00:40:10","Clear","Dry","Dark","0.6","21.4","3200","57232","23.1","26%","27.0","","Opened","7.269","18","Safe","Calm","0.0","64","15.9","9.5","1003.1","1014.8"
"2026-09-08","00:40:20","Clear","Dry","Dark","0.3","21.4","3200","57232","23.1","26%","27.0","","Opened","7.338","18","Safe","Calm","0.0","64","15.9","9.2","1003.1","1014.8"
"2026-09-08","00:40:30","Clear","Dry","Dark","0.4","21.4","3200","57232","23.1","26%","27.0","","Opened","7.273","18","Safe","Calm","0.0","64","15.9","9.4","1003.1","1014.8"
"2026-09-08","00:40:40","Clear","Dry","Dark","0.5","21.4","3200","57232","23.1","26%","27.0","","Opened","7.496","18","Safe","Calm","0.0","64","15.9","9.4","1003.1","1014.7"
"2026-09-08","00:40:50","Clear","Dry","Dark","0.4","21.4","3200","57232","23.1","26%","27.0","","Opened","7.300","18","Safe","Calm","0.0","64","15.9","9.3","1003.1","1014.8"
"2026-09-08","00:41:00","Clear","Dry","Dark","0.4","21.4","3200","57232","23.1","26%","27.0","","Opened","7.383","18","Safe","Calm","0.0","64","15.9","9.3","1003.2","1014.8"
"2026-09-08","00:41:10","Clear","Dry","Dark","0.4","21.4","3200","57232","23.1","26%","27.1","","Opened","7.298","18","Safe","Calm","0.0","64","15.8","9.3","1003.1","1014.7"
"2026-09-08","00:41:20","Clear","Dry","Dark","0.3","21.4","3200","57232","23.1","26%","27.1","","Opened","7.378","18","Safe","Calm","0.0","64","15.8","9.2","1003.2","1014.8"
"2026-09-08","00:41:30","Clear","Dry","Dark","0.5","21.4","3200","57232","23.1","26%","27.2","","Opened","7.306","18","Safe","Calm","0.0","64","15.8","9.4","1003.2","1014.8"
"2026-09-08","00:41:40","Clear","Dry","Dark","0.6","21.4","3200","57232","23.1","26%","27.1","","Opened","7.401","18","Safe","Calm","0.0","64","15.8","9.5","1003.1","1014.8"
"2026-09-08","00:41:50","Clear","Dry","Dark","0.5","21.4","3200","57232","23.1","26%","27.1","","Opened","7.354","18","Safe","Calm","0.0","64","15.8","9.4","1003.1","1014.8"
"2026-09-08","00:42:00","Clear","Dry","Dark","0.6","21.4","3200","57232","23.1","26%","27.1","","Opened","7.303","18","Safe","Calm","0.0","64","15.9","9.5","1003.1","1014.7"
"2026-09-08","00:42:10","Clear","Dry","Dark","0.5","21.4","3200","57232","23.1","26%","27.1","","Opened","7.359","18","Safe","Calm","0.0","64","15.8","9.5","1003.3","1014.9"
"2026-09-08","00:42:20","Clear","Dry","Dark","0.5","21.4","3200","57232","23.1","26%","27.1","","Opened","7.316","18","Safe","Calm","0.0","64","15.9","9.4","1003.3","1014.9"
"2026-09-08","00:42:30","Clear","Dry","Dark","0.6","21.4","3200","57232","23.1","26%","27.1","","Opened","7.276","18","Safe","Calm","0.0","64","15.9","9.5","1003.2","1014.8"
"2026-09-08","00:42:40","Clear","Dry","Dark","0.6","21.5","3200","57232","23.1","26%","27.1","","Opened","7.486","18","Safe","Calm","0.0","64","16.0","9.5","1003.1","1014.7"
"2026-09-08","00:42:50","Clear","Dry","Dark","0.5","21.5","3200","57232","23.1","26%","27.1","","Opened","7.304","18","Safe","Calm","0.0","65","16.2","9.4","1003.2","1014.8"
"2026-09-08","00:43:00","Clear","Dry","Dark","0.4","21.5","3200","57232","23.1","26%","27.1","","Opened","7.383","18","Safe","Calm","0.0","65","16.2","9.4","1003.2","1014.8"
"2026-09-08","00:43:10","Clear","Dry","Dark","0.4","21.5","3200","57232","23.1","26%","27.1","","Opened","7.303","18","Safe","Calm","0.0","65","16.2","9.4","1003.2","1014.8"
"2026-09-08","00:43:20","Clear","Dry","Dark","0.5","21.5","3200","57232","23.2","26%","27.1","","Opened","7.388","18","Safe","Calm","0.0","65","16.2","9.4","1003.1","1014.7"
"2026-09-08","00:43:30","Clear","Dry","Dark","0.4","21.5","3200","57232","23.2","26%","27.2","","Opened","7.346","18","Safe","Calm","0.0","65","16.2","9.4","1003.2","1014.8"
"2026-09-08","00:43:40","Clear","Dry","Dark","0.4","21.5","3200","57232","23.2","26%","27.2","","Opened","7.438","18","Safe","Calm","0.0","65","16.2","9.4","1003.2","1014.8"
"2026-09-08","00:43:50","Clear","Dry","Dark","0.4","21.4","3200","57232","23.2","26%","27.2","","Opened","7.386","18","Safe","Calm","0.0","65","16.2","9.4","1003.2","1014.8"
"2026-09-08","00:44:00","Clear","Dry","Dark","0.5","21.5","3200","57232","23.2","26%","27.2","","Opened","7.332","18","Safe","Calm","0.0","65","16.2","9.4","1003.1","1014.7"
"2026-09-08","00:44:10","Clear","Dry","Dark","0.4","21.5","3200","57232","23.2","26%","27.2","","Opened","7.273","18","Safe","Calm","0.0","65","16.2","9.4","1003.2","1014.8"
"2026-09-08","00:44:20","Clear","Dry","Dark","0.5","21.5","3200","57232","23.2","26%","27.2","","Opened","7.359","18","Safe","Calm","0.0","65","16.2","9.4","1003.1","1014.7"
"2026-09-08","00:44:30","Clear","Dry","Dark","0.5","21.5","3200","57232","23.2","26%","27.2","","Opened","7.303","18","Safe","Calm","0.0","65","16.2","9.4","1003.2","1014.8"
"2026-09-08","00:44:40","Clear","Dry","Dark","0.4","21.4","3200","57232","23.2","26%","27.2","","Opened","7.510","18","Safe","Calm","0.0","65","16.2","9.4","1003.2","1014.8"
"2026-09-08","00:44:50","Clear","Dry","Dark","0.4","21.4","3200","57232","23.2","26%","27.2","","Opened","7.338","18","Safe","Calm","0.0","65","16.2","9.4","1003.2","1014.8"
"2026-09-08","00:45:00","Clear","Dry","Dark","0.3","21.4","3200","57232","23.2","26%","27.2","","Opened","7.283","18","Safe","Calm","0.0","65","16.2","9.3","1003.1","1014.7"
"2026-09-08","00:45:10","Clear","Dry","Dark","0.4","21.4","3200","57232","23.2","26%","27.3","","Opened","7.348","18","Safe","Calm","0.0","65","16.1","9.4","1003.3","1014.9"
"2026-09-08","00:45:20","Clear","Dry","Dark","0.4","21.4","3200","57232","23.2","26%","27.3","","Opened","7.306","18","Safe","Calm","0.0","64","16.1","9.3","1003.1","1014.7"
"2026-09-08","00:45:30","Clear","Dry","Dark","0.4","21.4","3200","57232","23.2","26%","27.3","","Opened","7.375","18","Safe","Calm","0.0","64","16.1","9.4","1003.2","1014.8"
"2026-09-08","00:45:40","Clear","Dry","Dark","0.4","21.4","3200","57232","23.2","26%","27.3","","Opened","7.462","18","Safe","Calm","0.0","64","16.1","9.3","1003.2","1014.8"
"2026-09-08","00:45:50","Clear","Dry","Dark","0.3","21.4","3200","57232","23.2","26%","27.3","","Opened","7.288","18","Safe","Calm","0.0","64","16.1","9.3","1003.1","1014.7"
"2026-09-08","00:46:00","Clear","Dry","Dark","0.4","21.4","3200","57232","23.2","26%","27.4","","Opened","7.370","18","Safe","Calm","0.0","64","16.1","9.4","1003.2","1014.8"
"2026-09-08","00:46:10","Clear","Dry","Dark","0.3","21.4","3200","57232","23.2","26%","27.3","","Opened","7.310","18","Safe","Calm","0.0","64","16.1","9.3","1003.2","1014.8"
"2026-09-08","00:46:20","Clear","Dry","Dark","0.4","21.3","3200","57232","23.2","26%","27.4","","Opened","7.387","18","Safe","Calm","0.0","64","16.1","9.4","1003.2","1014.8"
"2026-09-08","00:46:30","Clear","Dry","Dark","0.5","21.4","3200","57232","23.2","26%","27.3","","Opened","7.342","18","Safe","Calm","0.0","64","16.0","9.5","1003.2","1014.8"
"2026-09-08","00:46:40","Clear","Dry","Dark","0.4","21.4","3200","57232","23.2","26%","27.3","","Opened","7.422","18","Safe","Calm","0.0","64","16.1","9.4","1003.1","1014.7"
"2026-09-08","00:46:50","Clear","Dry","Dark","0.4","21.4","3200","57232","23.2","26%","27.3","","Opened","7.369","18","Safe","Calm","0.0","64","16.1","9.4","1003.3","1014.9"
"2026-09-08","00:47:00","Clear","Dry","Dark","0.4","21.4","3200","57232","23.2","26%","27.3","","Opened","7.325","18","Safe","Calm","0.0","64","16.1","9.4","1003.2","1014.8"
"2026-09-08","00:47:10","Clear","Dry","Dark","0.3","21.4","3200","57232","23.2","26%","27.3","","Opened","7.254","18","Safe","Calm","0.0","64","16.1","9.3","1003.2","1014.8"
"2026-09-08","00:47:20","Clear","Dry","Dark","0.4","21.4","3200","57232","23.2","26%","27.2","","Opened","7.344","18","Safe","Calm","0.0","64","16.1","9.4","1003.2","1014.8"
"2026-09-08","00:47:30","Clear","Dry","Dark","0.4","21.4","3200","57232","23.2","26%","27.3","","Opened","7.286","18","Safe","Calm","0.0","64","16.1","9.4","1003.1","1014.7"
"2026-09-08","00:47:40","Clear","Dry","Dark","0.4","21.4","3200","57232","23.2","26%","27.3","","Opened","7.509","18","Safe","Calm","0.0","64","16.1","9.4","1003.1","1014.7"
"2026-09-08","00:47:50","Clear","Dry","Dark","0.4","21.4","3200","57232","23.2","26%","27.3","","Opened","7.321","18","Safe","Calm","0.0","64","16.1","9.3","1003.2","1014.8"
"2026-09-08","00:48:00","Clear","Dry","Dark","0.4","21.4","3200","57232","23.2","26%","27.3","","Opened","7.269","18","Safe","Calm","0.0","65","16.1","9.4","1003.2","1014.8"
"2026-09-08","00:48:10","Clear","Dry","Dark","0.4","21.4","3200","57232","23.2","26%","27.3","","Opened","7.338","18","Safe","Calm","0.0","65","16.2","9.4","1003.2","1014.8"
"2026-09-08","00:48:20","Clear","Dry","Dark","0.4","21.4","3200","57232","23.2","26%","27.3","","Opened","7.299","18","Safe","Calm","0.0","65","16.2","9.4","1003.1","1014.7"
"2026-09-08","00:48:30","Clear","Dry","Dark","0.4","21.4","3200","57232","23.2","26%","27.3","","Opened","7.376","18","Safe","Calm","0.0","65","16.2","9.4","1003.2","1014.8"
"2026-09-08","00:48:40","Clear","Dry","Dark","0.4","21.4","3200","57232","23.2","26%","27.3","","Opened","7.463","18","Safe","Calm","0.0","65","16.3","9.4","1003.2","1014.8"
"2026-09-08","00:48:50","Clear","Dry","Dark","0.3","21.4","3200","57232","23.2","26%","27.3","","Opened","7.392","18","Safe","Calm","0.0","65","16.3","9.3","1003.2","1014.8"
"2026-09-08","00:49:00","Clear","Dry","Dark","0.6","21.4","3200","57232","23.2","26%","27.3","","Opened","7.349","18","Safe","Calm","0.0","65","16.3","9.6","1003.1","1014.7"
"2026-09-08","00:49:10","Clear","Dry","Dark","0.4","21.4","3200","57232","23.2","26%","27.3","","Opened","7.275","18","Safe","Calm","0.0","65","16.3","9.4","1003.2","1014.8"
"2026-09-08","00:49:20","Clear","Dry","Dark","0.2","21.4","3200","57232","23.2","26%","27.4","","Opened","7.348","18","Safe","Calm","0.0","65","16.3","9.2","1003.1","1014.7"
"2026-09-08","00:49:30","Clear","Dry","Dark","0.7","21.4","3200","57232","23.2","26%","27.4","","Opened","7.306","18","Safe","Calm","0.0","65","16.3","9.7","1003.1","1014.7"
"2026-09-08","00:49:40","Clear","Dry","Dark","0.4","21.4","3200","57232","23.2","26%","27.4","","Opened","7.531","18","Safe","Calm","0.0","65","16.3","9.4","1003.1","1014.7"
"2026-09-08","00:49:50","Clear","Dry","Dark","0.4","21.4","3200","57232","23.2","26%","27.4","","Opened","7.337","18","Safe","Calm","0.0","66","16.4","9.4","1003.1","1014.7"
"2026-09-08","00:50:00","Clear","Dry","Dark","0.4","21.4","3200","57232","23.2","26%","27.3","","Opened","7.284","18","Safe","Calm","0.0","66","16.4","9.4","1003.2","1014.8"
"2026-09-08","00:50:10","Clear","Dry","Dark","0.4","21.4","3200","57232","23.2","26%","27.4","","Opened","7.359","18","Safe","Calm","0.0","66","16.5","9.4","1003.2","1014.8"
"2026-09-08","00:50:20","Clear","Dry","Dark","0.5","21.4","3200","57232","23.2","26%","27.3","","Opened","7.300","18","Safe","Calm","0.0","66","16.5","9.5","1003.2","1014.8"
"2026-09-08","00:50:30","Clear","Dry","Dark","0.4","21.4","3200","57232","23.2","26%","27.3","","Opened","7.390","18","Safe","Calm","0.0","66","16.5","9.4","1003.2","1014.8"
"2026-09-08","00:50:40","Clear","Dry","Dark","0.5","21.4","3200","57232","23.2","26%","27.4","","Opened","7.474","18","Safe","Calm","0.0","66","16.5","9.5","1003.1","1014.7"
"2026-09-08","00:50:50","Clear","Dry","Dark","0.4","21.4","3200","57232","23.2","26%","27.4","","Opened","7.297","18","Safe","Calm","0.0","67","16.7","9.5","1003.1","1014.7"
"2026-09-08","00:51:00","Clear","Dry","Dark","0.6","21.5","3200","57232","23.2","26%","27.3","","Opened","7.380","18","Safe","Calm","0.0","67","16.8","9.6","1003.1","1014.7"
"2026-09-08","00:51:10","Clear","Dry","Dark","0.7","21.5","3200","57232","23.2","26%","27.3","","Opened","7.315","18","Safe","Calm","0.0","68","16.9","9.7","1003.1","1014.7"
"2026-09-08","00:51:20","Clear","Dry","Dark","0.5","21.5","3200","57232","23.3","26%","27.3","","Opened","7.266","18","Safe","Calm","0.0","68","17.0","9.6","1003.1","1014.7"
"2026-09-08","00:51:30","Clear","Dry","Dark","0.5","21.6","3200","57232","23.3","26%","27.2","","Opened","7.341","18","Safe","Calm","0.0","68","17.1","9.6","1003.1","1014.7"
"2026-09-08","00:51:40","Clear","Dry","Dark","0.5","21.6","3200","57232","23.3","26%","27.2","","Opened","7.429","18","Safe","Calm","0.0","68","17.1","9.5","1003.1","1014.7"
"2026-09-08","00:51:50","Clear","Dry","Dark","0.4","21.6","3200","57232","23.3","26%","27.2","","Opened","7.368","18","Safe","Calm","0.0","69","17.2","9.5","1003.1","1014.7"
"2026-09-08","00:52:00","Clear","Dry","Dark","0.5","21.6","3200","57232","23.3","26%","27.2","","Opened","7.320","18","Safe","Calm","0.0","69","17.2","9.6","1003.1","1014.7"
"2026-09-08","00:52:10","Clear","Dry","Dark","0.4","21.6","3200","57232","23.3","26%","27.2","","Opened","7.253","18","Safe","Calm","0.0","69","17.2","9.4","1003.1","1014.7"
"2026-09-08","00:52:20","Clear","Dry","Dark","0.4","21.6","3200","57232","23.3","26%","27.3","","Opened","7.326","18","Safe","Calm","0.0","69","17.3","9.5","1003.1","1014.7"
"2026-09-08","00:52:30","Clear","Dry","Dark","0.4","21.6","3200","57232","23.3","26%","27.4","","Opened","7.282","18","Safe","Calm","0.0","69","17.4","9.5","1003.1","1014.7"
"2026-09-08","00:52:40","Clear","Dry","Dark","0.4","21.6","3200","57232","23.3","26%","27.4","","Opened","7.490","18","Safe","Calm","0.0","70","17.4","9.4","1003.1","1014.7"
"2026-09-08","00:52:50","Clear","Dry","Dark","0.5","21.6","3200","57232","23.3","26%","27.4","","Opened","7.312","18","Safe","Calm","0.0","70","17.5","9.5","1003.1","1014.7"
"2026-09-08","00:53:00","Clear","Dry","Dark","0.5","21.6","3200","57232","23.3","26%","27.4","","Opened","7.269","18","Safe","Calm","0.0","70","17.5","9.6","1003.1","1014.7"
"2026-09-08","00:53:10","Clear","Dry","Dark","0.3","21.6","3200","57232","23.3","26%","27.4","","Opened","7.324","18","Safe","Calm","0.0","70","17.6","9.4","1003.1","1014.7"
"2026-09-08","00:53:20","Clear","Dry","Dark","0.5","21.6","3200","57232","23.3","26%","27.4","","Opened","7.286","18","Safe","Calm","0.0","70","17.6","9.5","1003.2","1014.8"
"2026-09-08","00:53:30","Clear","Dry","Dark","0.5","21.6","3200","57232","23.3","26%","27.4","","Opened","7.368","18","Safe","Calm","0.0","70","17.6","9.6","1003.1","1014.7"
"2026-09-08","00:53:40","Clear","Dry","Dark","0.6","21.6","3200","57232","23.3","26%","27.4","","Opened","7.442","18","Safe","Calm","0.0","70","17.6","9.6","1003.1","1014.7"
"2026-09-08","00:53:50","Clear","Dry","Dark","0.4","21.6","3200","57232","23.3","26%","27.4","","Opened","7.268","18","Safe","Calm","0.0","70","17.6","9.4","1003.2","1014.8"
"2026-09-08","00:54:00","Clear","Dry","Dark","0.5","21.6","3200","57232","23.3","26%","27.4","","Opened","7.355","18","Safe","Calm","0.0","70","17.7","9.5","1003.1","1014.7"
"2026-09-08","00:54:10","Clear","Dry","Dark","0.4","21.6","3200","57232","23.3","26%","27.4","","Opened","7.281","18","Safe","Calm","0.0","71","17.7","9.5","1003.1","1014.7"
"2026-09-08","00:54:20","Clear","Dry","Dark","0.6","21.6","3200","57232","23.3","26%","27.4","","Opened","7.362","18","Safe","Calm","0.0","71","17.7","9.7","1003.1","1014.7"
"2026-09-08","00:54:30","Clear","Dry","Dark","0.3","21.6","3200","57232","23.3","26%","27.4","","Opened","7.311","18","Safe","Calm","0.0","71","17.8","9.4","1003.1","1014.7"
"2026-09-08","00:54:40","Clear","Dry","Dark","0.5","21.6","3200","57232","23.3","26%","27.4","","Opened","7.400","18","Safe","Calm","0.0","71","17.8","9.5","1003.1","1014.7"
"2026-09-08","00:54:50","Clear","Dry","Dark","0.6","21.6","3200","57232","23.3","26%","27.3","","Opened","7.351","18","Safe","Calm","0.0","71","17.8","9.6","1003.1","1014.7"
"2026-09-08","00:55:00","Clear","Dry","Dark","0.1","21.6","3200","57232","23.3","26%","27.4","","Opened","7.298","18","Safe","Calm","0.0","71","17.7","9.2","1003.1","1014.7"
"2026-09-08","00:55:10","Clear","Dry","Dark","0.1","21.6","3200","57232","23.3","26%","27.3","","Opened","7.360","18","Safe","Calm","0.0","71","17.7","9.2","1003.1","1014.7"
"2026-09-08","00:55:20","Clear","Dry","Dark","0.2","21.6","3200","57232","23.3","26%","27.2","","Opened","7.313","18","Safe","Calm","0.0","71","17.7","9.2","1003.1","1014.7"
"2026-09-08","00:55:30","Clear","Dry","Dark","0.2","21.5","3200","57232","23.3","26%","27.1","","Opened","7.274","18","Safe","Calm","0.0","70","17.6","9.2","1003.3","1014.9"
"2026-09-08","00:55:40","Clear","Dry","Dark","0.2","21.5","3200","57232","23.3","26%","27.0","","Opened","7.485","18","Safe","Calm","0.0","69","17.4","9.2","1003.1","1014.7"
"2026-09-08","00:55:50","Clear","Dry","Dark","0.1","21.5","3200","57232","23.3","26%","26.9","Heating UP","Opened","7.433","18","Safe","Calm","0.0","69","17.2","9.2","1003.1","1014.7"
"2026-09-08","00:56:00","Clear","Dry","Dark","0.2","21.4","3200","57232","23.2","27%","26.8","Heating UP","Opened","7.444","18","Safe","Calm","0.0","68","17.0","9.2","1003.1","1014.7"
"2026-09-08","00:56:10","Clear","Dry","Dark","0.2","21.4","3200","57232","23.2","28%","26.7","Heating UP","Opened","7.417","18","Safe","Calm","0.0","68","16.9","9.2","1003.1","1014.7"
"2026-09-08","00:56:20","Clear","Dry","Dark","0.1","21.4","3200","57232","23.1","29%","26.5","Heating UP","Opened","7.415","18","Safe","Calm","0.0","67","16.8","9.1","1003.1","1014.7"
"2026-09-08","00:56:30","Clear","Dry","Dark","0.3","21.4","3200","57232","23.1","31%","26.4","Heating UP","Opened","7.402","18","Safe","Calm","0.0","67","16.7","9.2","1003.1","1014.7"
"2026-09-08","00:56:40","Clear","Dry","Dark","0.4","21.4","3200","57232","23.1","33%","26.4","Heating UP","Opened","7.537","18","Safe","Calm","0.0","67","16.6","9.3","1003.1","1014.8"
"2026-09-08","00:56:50","Clear","Dry","Dark","0.4","21.4","3200","57232","23.0","35%","26.4","Heating UP","Opened","7.401","18","Safe","Calm","0.0","67","16.6","9.3","1003.2","1014.8"
"2026-09-08","00:57:00","Clear","Dry","Dark","0.4","21.4","3200","57232","23.0","37%","26.5","","Opened","7.269","18","Safe","Calm","0.0","67","16.7","9.3","1003.1","1014.8"
"2026-09-08","00:57:10","Clear","Dry","Dark","0.5","21.4","3200","57232","23.0","37%","26.7","","Opened","7.322","18","Safe","Calm","0.0","68","16.7","9.4","1003.1","1014.8"
"2026-09-08","00:57:20","Clear","Dry","Dark","0.5","21.4","3200","57232","23.0","37%","26.7","Heating UP","Opened","7.400","18","Safe","Calm","0.0","68","16.7","9.4","1003.1","1014.7"
"2026-09-08","00:57:30","Clear","Dry","Dark","0.5","21.4","3200","57232","23.0","38%","26.8","","Opened","7.259","18","Safe","Calm","0.0","68","16.7","9.3","1003.1","1014.8"
"2026-09-08","00:57:40","Clear","Dry","Dark","0.5","21.4","3200","57232","23.0","38%","26.8","","Opened","7.474","18","Safe","Calm","0.0","68","16.7","9.4","1003.2","1014.8"
"2026-09-08","00:57:50","Clear","Dry","Dark","0.7","21.4","3200","57232","22.9","38%","26.9","","Opened","7.295","18","Safe","Calm","0.0","68","16.7","9.6","1003.1","1014.8"
"2026-09-08","00:58:00","Clear","Dry","Dark","0.7","21.4","3200","57232","22.9","38%","26.8","","Opened","7.379","18","Safe","Calm","0.0","67","16.6","9.5","1003.2","1014.8"
"2026-09-08","00:58:10","Clear","Dry","Dark","0.7","21.5","3200","57232","22.9","38%","26.8","","Opened","7.316","18","Safe","Calm","0.0","67","16.4","9.5","1003.1","1014.8"
"2026-09-08","00:58:20","Clear","Dry","Dark","0.7","21.5","3200","57232","22.9","38%","26.9","","Opened","7.270","18","Safe","Calm","0.0","67","16.4","9.5","1003.1","1014.7"
"2026-09-08","00:58:30","Clear","Dry","Dark","0.8","21.5","3200","57232","22.9","38%","27.0","","Opened","7.343","18","Safe","Calm","0.0","67","16.4","9.6","1003.2","1014.8"
"2026-09-08","00:58:40","Clear","Dry","Dark","0.7","21.5","3200","57232","22.9","38%","27.0","","Opened","7.444","18","Safe","Calm","0.0","67","16.3","9.5","1003.2","1014.8"
"2026-09-08","00:58:50","Clear","Dry","Dark","0.9","21.6","3200","57232","22.8","38%","27.1","","Opened","7.389","18","Safe","Calm","0.0","66","16.2","9.7","1003.2","1014.8"
"2026-09-08","00:59:00","Clear","Dry","Dark","0.9","21.6","3200","57232","22.8","38%","27.1","","Opened","7.345","18","Safe","Calm","0.0","66","16.2","9.7","1003.3","1014.9"
"2026-09-08","00:59:10","Clear","Dry","Dark","1.0","21.6","3200","57232","22.8","38%","27.2","Heating DOWN","Opened","7.403","18","Safe","Calm","0.0","66","16.2","9.7","1003.2","1014.8"
"2026-09-08","00:59:20","Clear","Dry","Dark","0.9","21.6","3200","57232","22.8","37%","27.2","Heating DOWN","Opened","7.404","18","Safe","Calm","0.0","66","16.3","9.6","1003.2","1014.8"
"2026-09-08","00:59:30","Clear","Dry","Dark","0.8","21.6","3200","57232","22.8","36%","27.3","Heating DOWN","Opened","7.519","18","Safe","Calm","0.0","67","16.3","9.5","1003.1","1014.8"
"2026-09-08","00:59:40","Clear","Dry","Dark","0.8","21.6","3200","57232","22.8","35%","27.4","Heating DOWN","Opened","7.658","18","Safe","Calm","0.0","66","16.2","9.6","1003.1","1014.8"
"2026-09-08","00:59:50","Clear","Dry","Dark","0.8","21.6","3200","57232","22.8","33%","27.4","Heating DOWN","Opened","7.518","18","Safe","Calm","0.0","66","16.2","9.6","1003.2","1014.8"
"2026-09-08","01:00:00","Clear","Dry","Dark","0.9","21.6","3200","57232","22.8","31%","27.5","Heating DOWN","Opened","7.515","18","Safe","Calm","0.0","66","16.2","9.7","1003.3","1015.0"
"2026-09-08","01:00:10","Clear","Dry","Dark","1.2","21.7","3200","57232","22.8","29%","27.4","","Opened","7.359","18","Safe","Calm","0.0","66","16.2","9.9","1003.1","1014.8"
"2026-09-08","01:00:20","Clear","Dry","Dark","1.0","21.7","3200","57232","22.8","29%","27.4","Heating DOWN","Opened","7.454","18","Safe","Calm","0.0","67","16.2","9.7","1003.1","1014.8"
"2026-09-08","01:00:30","Clear","Dry","Dark","1.0","21.7","3200","57232","22.8","27%","27.3","","Opened","7.313","18","Safe","Calm","0.0","67","16.3","9.7","1003.2","1014.8"
"2026-09-08","01:00:40","Clear","Dry","Dark","0.9","21.7","3200","57232","22.8","27%","27.3","Heating DOWN","Opened","7.648","18","Safe","Calm","0.0","67","16.3","9.6","1003.1","1014.8"
"2026-09-08","01:00:50","Clear","Dry","Dark","0.9","21.7","3200","57232","22.8","26%","27.3","Heating DOWN","Opened","7.510","18","Safe","Calm","0.0","67","16.3","9.7","1003.2","1014.8"
"2026-09-08","01:01:00","Clear","Dry","Dark","1.0","21.7","3200","57232","22.8","25%","27.3","Heating DOWN","Opened","7.507","18","Safe","Calm","0.0","67","16.3","9.8","1003.1","1014.8"
"2026-09-08","01:01:10","Clear","Dry","Dark","0.8","21.8","3200","57232","22.8","24%","27.3","Heating DOWN","Opened","7.472","18","Safe","Calm","0.0","67","16.3","9.6","1003.2","1014.8"
"2026-09-08","01:01:20","Clear","Dry","Dark","0.9","21.7","3200","57232","22.8","22%","27.3","Heating DOWN","Opened","7.486","18","Safe","Calm","0.0","67","16.3","9.7","1003.2","1014.8"
"2026-09-08","01:01:30","Clear","Dry","Dark","0.9","21.7","3200","57232","22.8","21%","27.3","Heating DOWN","Opened","7.484","18","Safe","Calm","0.0","67","16.3","9.6","1003.2","1014.8"
"2026-09-08","01:01:40","Clear","Dry","Dark","0.8","21.7","3200","57232","22.8","19%","27.3","Heating DOWN","Opened","7.617","18","Safe","Calm","0.0","67","16.3","9.6","1003.1","1014.8"
"2026-09-08","01:01:50","Clear","Dry","Dark","0.9","21.7","3200","57232","22.8","18%","27.2","","Opened","7.338","18","Safe","Calm","0.0","67","16.4","9.6","1003.1","1014.8"
"2026-09-08","01:02:00","Clear","Dry","Dark","0.8","21.7","3200","57232","22.8","18%","27.2","Heating DOWN","Opened","7.404","18","Safe","Calm","0.0","67","16.4","9.6","1003.2","1014.8"
"2026-09-08","01:02:10","Clear","Dry","Dark","0.8","21.7","3200","57232","22.8","17%","27.1","","Opened","7.266","18","Safe","Calm","0.0","67","16.4","9.6","1003.1","1014.8"
"2026-09-08","01:02:20","Clear","Dry","Dark","0.9","21.7","3200","57232","22.8","17%","27.0","","Opened","7.331","18","Safe","Calm","0.0","67","16.4","9.6","1003.1","1014.7"
"2026-09-08","01:02:30","Clear","Dry","Dark","0.9","21.6","3200","57232","22.8","17%","26.9","","Opened","7.275","18","Safe","Calm","0.0","67","16.5","9.7","1003.1","1014.8"
"2026-09-08","01:02:40","Clear","Dry","Dark","0.8","21.6","3200","57232","22.8","17%","26.9","","Opened","7.489","18","Safe","Calm","0.0","67","16.5","9.6","1003.1","1014.8"
"2026-09-08","01:02:50","Clear","Dry","Dark","1.0","21.6","3200","57232","22.8","17%","26.8","","Opened","7.297","18","Safe","Calm","0.0","67","16.5","9.8","1003.1","1014.8"
"2026-09-08","01:03:00","Clear","Dry","Dark","1.0","21.6","3200","57232","22.8","17%","26.7","","Opened","7.385","18","Safe","Calm","0.0","67","16.5","9.8","1003.1","1014.8"
"2026-09-08","01:03:10","Clear","Dry","Dark","1.2","21.7","3200","57232","22.9","17%","26.6","","Opened","7.328","18","Safe","Calm","0.0","67","16.5","10.0","1003.2","1014.8"
"2026-09-08","01:03:20","Clear","Dry","Dark","1.1","21.7","3200","57232","22.9","17%","26.5","Heating UP","Opened","7.407","18","Safe","Calm","0.0","67","16.5","9.9","1003.1","1014.8"
"2026-09-08","01:03:30","Clear","Dry","Dark","0.8","21.7","3200","57232","22.9","18%","26.5","Heating UP","Opened","7.413","18","Safe","Calm","0.0","67","16.6","9.6","1003.2","1014.8"
"2026-09-08","01:03:40","Clear","Wet","Dark","0.8","21.7","3157","57232","22.9","19%","26.5","Heating UP","Opened","7.546","18","Safe","Calm","0.0","68","16.6","9.6","1003.1","1014.8"
"2026-09-08","01:03:50","Clear","Wet","Dark","0.8","21.6","3136","57232","22.9","20%","26.5","Heating UP","Opened","7.509","18","Safe","Calm","0.0","68","16.6","9.6","1003.1","1014.8"
"2026-09-08","01:04:00","Clear","Dry","Dark","0.8","21.6","3200","57232","22.9","21%","26.5","Heating UP","Opened","7.508","18","Safe","Calm","0.0","68","16.6","9.6","1003.1","1014.8"
"2026-09-08","01:04:10","Clear","Dry","Dark","0.8","21.6","3200","57232","22.9","22%","26.5","Heating UP","Opened","7.476","18","Safe","Calm","0.0","68","16.7","9.6","1003.2","1014.8"
"2026-09-08","01:04:20","Clear","Wet","Dark","0.8","21.6","3177","57232","22.9","23%","26.6","","Opened","7.353","18","Safe","Calm","0.0","68","16.7","9.6","1003.3","1014.9"
"2026-09-08","01:04:30","Clear","Dry","Dark","0.8","21.6","3200","57232","22.9","23%","26.6","Heating UP","Opened","7.429","18","Safe","Calm","0.0","68","16.7","9.6","1003.2","1014.8"
"2026-09-08","01:04:40","Clear","Wet","Dark","0.7","21.6","3162","57232","22.9","24%","26.6","Heating UP","Opened","7.579","18","Safe","Calm","0.0","68","16.7","9.6","1003.1","1014.8"
"2026-09-08","01:04:50","Clear","Dry","Dark","0.9","21.6","3200","57232","22.9","25%","26.6","Heating UP","Opened","7.442","18","Safe","Calm","0.0","68","16.7","9.7","1003.1","1014.8"
"2026-09-08","01:05:00","Clear","Dry","Dark","0.7","21.5","3200","57232","23.0","26%","26.7","","Opened","7.324","18","Safe","Calm","0.0","68","16.8","9.5","1003.1","1014.8"
"2026-09-08","01:05:10","Clear","Dry","Dark","0.7","21.5","3200","57232","22.9","26%","26.7","","Opened","7.253","18","Safe","Calm","0.0","68","16.8","9.5","1003.1","1014.8"
"2026-09-08","01:05:20","Clear","Dry","Dark","0.7","21.5","3200","57232","23.0","26%","26.7","","Opened","7.344","18","Safe","Calm","0.0","68","16.8","9.5","1003.2","1014.8"
"2026-09-08","01:05:30","Clear","Dry","Dark","0.6","21.5","3200","57232","23.0","26%","26.8","","Opened","7.288","18","Safe","Calm","0.0","68","16.8","9.5","1003.1","1014.8"
"2026-09-08","01:05:40","Clear","Dry","Dark","0.6","21.5","3200","57232","23.0","26%","26.9","","Opened","7.503","18","Safe","Calm","0.0","68","16.8","9.5","1003.2","1014.8"
"2026-09-08","01:05:50","Clear","Dry","Dark","0.6","21.4","3200","57232","23.0","26%","26.9","","Opened","7.323","18","Safe","Calm","0.0","68","16.8","9.5","1003.2","1014.8"
"2026-09-08","01:06:00","Clear","Dry","Dark","0.7","21.4","3200","57232","23.0","26%","27.0","","Opened","7.264","18","Safe","Calm","0.0","68","16.8","9.5","1003.2","1014.8"
"2026-09-08","01:06:10","Clear","Dry","Dark","0.5","21.4","3200","57232","23.0","26%","27.1","","Opened","7.326","18","Safe","Calm","0.0","68","16.8","9.4","1003.3","1014.9"
"2026-09-08","01:06:20","Clear","Dry","Dark","0.6","21.4","3200","57232","23.0","26%","27.1","","Opened","7.289","18","Safe","Calm","0.0","68","16.8","9.5","1003.1","1014.8"
"2026-09-08","01:06:30","Clear","Dry","Dark","0.6","21.4","3200","57232","23.0","26%","27.2","","Opened","7.366","18","Safe","Calm","0.0","68","16.8","9.5","1003.2","1014.8"
"2026-09-08","01:06:40","Clear","Dry","Dark","0.7","21.4","3200","57232","23.0","26%","27.2","","Opened","7.459","18","Safe","Calm","0.0","68","16.8","9.6","1003.2","1014.8"
"2026-09-08","01:06:50","Clear","Dry","Dark","0.6","21.4","3200","57232","23.0","26%","27.2","","Opened","7.266","18","Safe","Calm","0.0","68","16.8","9.5","1003.2","1014.8"
"2026-09-08","01:07:00","Clear","Dry","Dark","0.6","21.4","3200","57232","23.0","26%","27.3","","Opened","7.354","18","Safe","Calm","0.0","68","16.9","9.5","1003.2","1014.8"
"2026-09-08","01:07:10","Clear","Dry","Dark","0.7","21.3","3200","57232","23.0","26%","27.3","","Opened","7.282","18","Safe","Calm","0.0","68","16.9","9.6","1003.3","1014.9"
"2026-09-08","01:07:20","Clear","Dry","Dark","0.7","21.3","3200","57232","23.0","26%","27.3","","Opened","7.352","18","Safe","Calm","0.0","68","16.9","9.6","1003.2","1014.8"
"2026-09-08","01:07:30","Clear","Dry","Dark","0.8","21.3","3200","57232","23.0","26%","27.2","","Opened","7.307","18","Safe","Calm","0.0","68","16.9","9.7","1003.2","1014.8"
"2026-09-08","01:07:40","Clear","Dry","Dark","0.6","21.4","3200","57232","23.0","26%","27.2","","Opened","7.520","18","Safe","Calm","0.0","68","16.9","9.5","1003.2","1014.8"
"2026-09-08","01:07:50","Clear","Dry","Dark","0.6","21.4","3200","57232","23.0","26%","27.3","","Opened","7.339","18","Safe","Calm","0.0","68","16.9","9.5","1003.2","1014.8"
"2026-09-08","01:08:00","Clear","Dry","Dark","0.7","21.4","3200","57232","23.0","26%","27.3","","Opened","7.291","18","Safe","Calm","0.0","68","16.9","9.6","1003.1","1014.8"
"2026-09-08","01:08:10","Clear","Dry","Dark","0.6","21.3","3200","57232","23.0","26%","27.3","","Opened","7.351","18","Safe","Calm","0.0","69","16.9","9.5","1003.1","1014.8"
"2026-09-08","01:08:20","Clear","Dry","Dark","0.6","21.3","3200","57232","23.0","26%","27.3","","Opened","7.303","18","Safe","Calm","0.0","69","17.0","9.5","1003.2","1014.8"
"2026-09-08","01:08:30","Clear","Dry","Dark","0.6","21.3","3200","57232","23.0","26%","27.3","","Opened","7.383","18","Safe","Calm","0.0","69","16.9","9.5","1003.3","1014.9"
"2026-09-08","01:08:40","Clear","Dry","Dark","0.6","21.3","3200","57232","23.0","26%","27.3","","Opened","7.468","18","Safe","Calm","0.0","69","16.9","9.5","1003.2","1014.8"
"2026-09-08","01:08:50","Clear","Dry","Dark","0.7","21.3","3200","57232","23.0","26%","27.3","","Opened","7.288","18","Safe","Calm","0.0","69","17.0","9.6","1003.3","1014.9"
"2026-09-08","01:09:00","Clear","Dry","Dark","0.7","21.3","3200","57232","23.0","26%","27.3","","Opened","7.372","18","Safe","Calm","0.0","69","17.0","9.6","1003.2","1014.8"
"2026-09-08","01:09:10","Clear","Dry","Dark","0.6","21.3","3200","57232","23.0","26%","27.3","","Opened","7.292","18","Safe","Calm","0.0","69","17.0","9.5","1003.2","1014.8"
"2026-09-08","01:09:20","Clear","Dry","Dark","0.6","21.3","3200","57232","23.0","26%","27.3","","Opened","7.373","18","Safe","Calm","0.0","69","17.0","9.5","1003.2","1014.8"
"2026-09-08","01:09:30","Clear","Dry","Dark","0.6","21.3","3200","57232","23.0","26%","27.3","","Opened","7.316","18","Safe","Calm","0.0","69","17.0","9.5","1003.1","1014.8"
"2026-09-08","01:09:40","Clear","Dry","Dark","0.6","21.3","3200","57232","23.0","26%","27.4","Heating DOWN","Opened","7.533","18","Safe","Calm","0.0","69","17.0","9.5","1003.2","1014.8"
"2026-09-08","01:09:50","Clear","Dry","Dark","0.6","21.3","3200","57232","23.0","25%","27.4","Heating DOWN","Opened","7.516","18","Safe","Calm","0.0","69","17.0","9.5","1003.2","1014.8"
"2026-09-08","01:10:00","Clear","Dry","Dark","0.6","21.3","3200","57232","23.0","24%","27.4","Heating DOWN","Opened","7.400","18","Safe","Calm","0.0","69","16.9","9.5","1003.3","1014.9"
"2026-09-08","01:10:10","Clear","Dry","Dark","0.7","21.3","3200","57232","23.0","23%","27.4","Heating DOWN","Opened","7.497","18","Safe","Calm","0.0","69","16.9","9.6","1003.2","1014.8"
"2026-09-08","01:10:20","Clear","Dry","Dark","0.7","21.3","3200","57232","23.0","22%","27.4","Heating DOWN","Opened","7.495","18","Safe","Calm","0.0","69","16.9","9.6","1003.2","1014.8"
"2026-09-08","01:10:30","Clear","Dry","Dark","0.5","21.3","3200","57232","23.0","21%","27.4","Heating DOWN","Opened","7.492","18","Safe","Calm","0.0","69","16.9","9.4","1003.2","1014.8"
"2026-09-08","01:10:40","Clear","Dry","Dark","0.6","21.3","3200","57232","23.0","20%","27.4","Heating DOWN","Opened","7.626","18","Safe","Calm","0.0","69","16.9","9.5","1003.1","1014.8"
"2026-09-08","01:10:50","Clear","Dry","Dark","0.5","21.3","3200","57232","23.0","19%","27.3","","Opened","7.370","18","Safe","Calm","0.0","69","16.9","9.4","1003.2","1014.8"
"2026-09-08","01:11:00","Clear","Dry","Dark","0.6","21.3","3200","57232","23.0","19%","27.2","","Opened","7.315","18","Safe","Calm","0.0","69","16.9","9.5","1003.1","1014.8"
"2026-09-08","01:11:10","Clear","Dry","Dark","0.6","21.3","3200","57232","23.0","19%","27.2","","Opened","7.260","18","Safe","Calm","0.0","68","16.9","9.5","1003.2","1014.8"
"2026-09-08","01:11:20","Clear","Dry","Dark","0.6","21.3","3200","57232","23.0","19%","27.1","","Opened","7.334","18","Safe","Calm","0.0","69","16.9","9.5","1003.3","1014.9"
"2026-09-08","01:11:30","Clear","Dry","Dark","0.5","21.3","3200","57232","23.0","19%","27.0","","Opened","7.270","18","Safe","Calm","0.0","69","16.9","9.4","1003.2","1014.8"
"2026-09-08","01:11:40","Clear","Dry","Dark","0.6","21.2","3200","57232","23.0","19%","27.0","","Opened","7.474","18","Safe","Calm","0.0","69","16.9","9.5","1003.2","1014.8"
"2026-09-08","01:11:50","Clear","Dry","Dark","0.6","21.2","3200","57232","23.0","19%","26.9","","Opened","7.291","18","Safe","Calm","0.0","69","16.9","9.5","1003.1","1014.8"
"2026-09-08","01:12:00","Clear","Dry","Dark","0.5","21.2","3200","57232","23.0","19%","26.9","","Opened","7.370","18","Safe","Calm","0.0","69","16.9","9.4","1003.2","1014.8"
"2026-09-08","01:12:10","Clear","Dry","Dark","0.5","21.2","3200","57232","23.0","19%","26.9","","Opened","7.309","18","Safe","Calm","0.0","69","16.9","9.4","1003.2","1014.8"
"2026-09-08","01:12:20","Clear","Dry","Dark","0.5","21.2","3200","57232","23.0","19%","26.8","","Opened","7.268","18","Safe","Calm","0.0","69","16.9","9.4","1003.2","1014.8"
"2026-09-08","01:12:30","Clear","Dry","Dark","0.6","21.2","3200","57232","23.0","19%","26.8","","Opened","7.348","18","Safe","Calm","0.0","69","16.9","9.5","1003.3","1014.9"
"2026-09-08","01:12:40","Clear","Dry","Dark","0.6","21.2","3200","57232","23.0","19%","26.7","Heating UP","Opened","7.566","18","Safe","Calm","0.0","69","16.9","9.4","1003.2","1014.8"
"2026-09-08","01:12:50","Clear","Dry","Dark","0.5","21.2","3200","57232","23.0","20%","26.6","Heating UP","Opened","7.430","18","Safe","Calm","0.0","68","16.9","9.3","1003.2","1014.8"
"2026-09-08","01:13:00","Clear","Dry","Dark","0.5","21.2","3200","57232","23.0","21%","26.6","Heating UP","Opened","7.426","18","Safe","Calm","0.0","68","16.9","9.4","1003.1","1014.8"
"2026-09-08","01:13:10","Clear","Dry","Dark","0.5","21.2","3200","57232","23.0","22%","26.6","Heating UP","Opened","7.398","18","Safe","Calm","0.0","68","16.9","9.4","1003.2","1014.8"
"2026-09-08","01:13:20","Clear","Dry","Dark","0.5","21.2","3200","57232","23.0","23%","26.5","Heating UP","Opened","7.402","18","Safe","Calm","0.0","68","16.8","9.3","1003.2","1014.8"
"2026-09-08","01:13:30","Clear","Dry","Dark","0.5","21.2","3200","57232","23.0","25%","26.6","","Opened","7.276","18","Safe","Calm","0.0","68","16.8","9.4","1003.2","1014.8"
"2026-09-08","01:13:40","Clear","Dry","Dark","0.5","21.2","3200","57232","23.0","25%","26.6","Heating UP","Opened","7.612","18","Safe","Calm","0.0","68","16.8","9.3","1003.2","1014.8"
"2026-09-08","01:13:50","Clear","Dry","Dark","0.4","21.2","3200","57232","23.0","26%","26.6","Heating UP","Opened","7.484","18","Safe","Calm","0.0","68","16.8","9.2","1003.3","1014.9"
"2026-09-08","01:14:00","Clear","Dry","Dark","0.5","21.1","3200","57232","23.0","27%","26.6","Heating UP","Opened","7.470","18","Safe","Calm","0.0","68","16.8","9.3","1003.3","1014.9"
"2026-09-08","01:14:10","Clear","Dry","Dark","0.4","21.1","3200","57232","23.0","28%","26.6","Heating UP","Opened","7.439","18","Safe","Calm","0.0","68","16.8","9.3","1003.2","1014.8"
"2026-09-08","01:14:20","Clear","Dry","Dark","0.5","21.1","3200","57232","22.9","29%","26.7","","Opened","7.322","18","Safe","Calm","0.0","68","16.7","9.3","1003.1","1014.8"
"2026-09-08","01:14:30","Clear","Dry","Dark","0.5","21.1","3200","57232","22.9","29%","26.7","","Opened","7.269","18","Safe","Calm","0.0","68","16.7","9.3","1003.2","1014.8"
"2026-09-08","01:14:40","Clear","Dry","Dark","0.6","21.1","3200","57232","22.9","29%","26.7","","Opened","7.468","18","Safe","Calm","0.0","68","16.7","9.4","1003.2","1014.8"
"2026-09-08","01:14:50","Clear","Dry","Dark","0.5","21.1","3200","57232","22.9","29%","26.7","","Opened","7.293","18","Safe","Calm","0.0","68","16.7","9.3","1003.1","1014.8"
"2026-09-08","01:15:00","Clear","Dry","Dark","0.4","21.1","3200","57232","22.9","29%","26.8","","Opened","7.382","18","Safe","Calm","0.0","68","16.6","9.2","1003.3","1014.9"
"2026-09-08","01:15:10","Clear","Dry","Dark","0.5","21.1","3200","57232","22.9","29%","26.8","","Opened","7.314","18","Safe","Calm","0.0","68","16.7","9.3","1003.2","1014.8"
"2026-09-08","01:15:20","Clear","Dry","Dark","0.5","21.1","3200","57232","22.9","29%","26.8","","Opened","7.375","18","Safe","Calm","0.0","68","16.6","9.4","1003.1","1014.8"
"2026-09-08","01:15:30","Clear","Dry","Dark","0.5","21.1","3200","57232","22.9","29%","26.8","","Opened","7.335","18","Safe","Calm","0.0","68","16.6","9.3","1003.2","1014.8"
"2026-09-08","01:15:40","Clear","Dry","Dark","0.5","21.1","3200","57232","22.9","29%","26.8","","Opened","7.415","18","Safe","Calm","0.0","68","16.6","9.3","1003.2","1014.8"
"2026-09-08","01:15:50","Clear","Dry","Dark","0.5","21.1","3200","57232","22.9","29%","26.8","","Opened","7.374","18","Safe","Calm","0.0","68","16.6","9.4","1003.1","1014.8"
"2026-09-08","01:16:00","Clear","Dry","Dark","0.6","21.1","3200","57232","22.9","29%","26.8","","Opened","7.323","18","Safe","Calm","0.0","68","16.6","9.4","1003.1","1014.8"
"2026-09-08","01:16:10","Clear","Dry","Dark","0.5","21.1","3200","57232","22.9","29%","26.8","","Opened","7.260","18","Safe","Calm","0.0","68","16.6","9.3","1003.2","1014.8"
"2026-09-08","01:16:20","Clear","Dry","Dark","0.5","21.1","3200","57232","22.9","29%","26.8","","Opened","7.344","18","Safe","Calm","0.0","68","16.6","9.3","1003.2","1014.8"
"2026-09-08","01:16:30","Clear","Dry","Dark","0.6","21.1","3200","57232","22.8","29%","26.8","","Opened","7.292","18","Safe","Calm","0.0","68","16.5","9.4","1003.1","1014.8"
"2026-09-08","01:16:40","Clear","Dry","Dark","0.6","21.1","3200","57232","22.8","29%","26.8","","Opened","7.496","18","Safe","Calm","0.0","68","16.5","9.4","1003.3","1014.9"
"2026-09-08","01:16:50","Clear","Dry","Dark","0.6","21.1","3200","57232","22.8","29%","26.8","","Opened","7.320","18","Safe","Calm","0.0","68","16.5","9.4","1003.2","1014.8"
"2026-09-08","01:17:00","Clear","Dry","Dark","0.7","21.1","3200","57232","22.8","29%","26.9","","Opened","7.277","18","Safe","Calm","0.0","67","16.5","9.5","1003.2","1014.8"
"2026-09-08","01:17:10","Clear","Dry","Dark","0.7","21.1","3200","57232","22.8","29%","26.8","","Opened","7.335","18","Safe","Calm","0.0","67","16.5","9.5","1003.1","1014.8"
"2026-09-08","01:17:20","Clear","Dry","Dark","0.6","21.1","3200","57232","22.8","29%","26.8","","Opened","7.290","18","Safe","Calm","0.0","67","16.5","9.4","1003.1","1014.8"
"2026-09-08","01:17:30","Clear","Dry","Dark","0.6","21.1","3200","57232","22.8","29%","26.9","","Opened","7.366","18","Safe","Calm","0.0","67","16.5","9.4","1003.2","1014.8"
"2026-09-08","01:17:40","Clear","Dry","Dark","0.6","21.1","3200","57232","22.8","29%","26.9","","Opened","7.448","18","Safe","Calm","0.0","67","16.5","9.4","1003.2","1014.8"
"2026-09-08","01:17:50","Clear","Dry","Dark","0.7","21.0","3200","57232","22.8","29%","26.9","","Opened","7.386","18","Safe","Calm","0.0","67","16.5","9.5","1003.2","1014.8"
"2026-09-08","01:18:00","Clear","Dry","Dark","0.7","21.1","3200","57232","22.8","29%","26.9","","Opened","7.347","18","Safe","Calm","0.0","67","16.4","9.4","1003.1","1014.8"
"2026-09-08","01:18:10","Clear","Dry","Dark","0.6","21.0","3200","57232","22.8","29%","27.0","","Opened","7.273","18","Safe","Calm","0.0","67","16.4","9.4","1003.1","1014.8"
"2026-09-08","01:18:20","Clear","Dry","Dark","0.6","21.0","3200","57232","22.8","29%","27.0","","Opened","7.354","18","Safe","Calm","0.0","67","16.4","9.3","1003.2","1014.8"
"2026-09-08","01:18:30","Clear","Dry","Dark","0.6","21.0","3200","57232","22.8","29%","27.0","","Opened","7.316","18","Safe","Calm","0.0","67","16.4","9.4","1003.2","1014.8"
"2026-09-08","01:18:40","Clear","Dry","Dark","0.7","21.0","3200","57232","22.8","29%","27.0","","Opened","7.527","18","Safe","Calm","0.0","67","16.4","9.4","1003.2","1014.8"
"2026-09-08","01:18:50","Clear","Dry","Dark","0.7","21.0","3200","57232","22.8","29%","27.0","","Opened","7.340","18","Safe","Calm","0.0","67","16.4","9.5","1003.2","1014.8"
"2026-09-08","01:19:00","Clear","Dry","Dark","0.7","21.0","3200","57232","22.7","29%","27.0","","Opened","7.292","18","Safe","Calm","0.0","67","16.4","9.5","1003.2","1014.8"
"2026-09-08","01:19:10","Clear","Dry","Dark","0.6","21.0","3200","57232","22.8","29%","27.0","","Opened","7.363","18","Safe","Calm","0.0","67","16.4","9.4","1003.1","1014.8"
"2026-09-08","01:19:20","Clear","Dry","Dark","0.6","21.0","3200","57232","22.8","29%","27.0","","Opened","7.304","18","Safe","Calm","0.0","67","16.4","9.4","1003.1","1014.8"
"2026-09-08","01:19:30","Clear","Dry","Dark","0.6","21.0","3200","57232","22.7","29%","27.1","Heating DOWN","Opened","7.398","18","Safe","Calm","0.0","67","16.4","9.3","1003.2","1014.8"
"2026-09-08","01:19:40","Clear","Dry","Dark","0.7","21.0","3200","57232","22.7","28%","27.1","Heating DOWN","Opened","7.653","18","Safe","Calm","0.0","67","16.4","9.4","1003.1","1014.8"
"2026-09-08","01:19:50","Clear","Dry","Dark","0.6","21.0","3200","57232","22.7","27%","27.1","Heating DOWN","Opened","7.512","18","Safe","Calm","0.0","67","16.3","9.3","1003.1","1014.8"
"2026-09-08","01:20:00","Clear","Dry","Dark","0.7","21.0","3200","57232","22.7","26%","27.1","Heating DOWN","Opened","7.515","18","Safe","Calm","0.0","67","16.3","9.4","1003.1","1014.8"
"2026-09-08","01:20:10","Clear","Dry","Dark","0.6","21.0","3200","57232","22.7","25%","27.0","","Opened","7.356","18","Safe","Calm","0.0","67","16.3","9.3","1003.1","1014.8"
"2026-09-08","01:20:20","Clear","Dry","Dark","0.6","21.0","3200","57232","22.7","25%","27.0","","Opened","7.315","18","Safe","Calm","0.0","67","16.3","9.4","1003.1","1014.8"
"2026-09-08","01:20:30","Clear","Dry","Dark","0.6","21.0","3200","57232","22.7","25%","27.0","","Opened","7.386","18","Safe","Calm","0.0","67","16.3","9.4","1003.1","1014.8"
"2026-09-08","01:20:40","Clear","Dry","Dark","0.6","21.0","3200","57232","22.7","25%","27.0","","Opened","7.484","18","Safe","Calm","0.0","67","16.3","9.4","1003.1","1014.8"
"2026-09-08","01:20:50","Clear","Dry","Dark","0.6","21.0","3200","57232","22.7","25%","27.0","","Opened","7.300","18","Safe","Calm","0.0","67","16.3","9.4","1003.1","1014.8"
"2026-09-08","01:21:00","Clear","Dry","Dark","0.7","21.0","3200","57232","22.7","25%","26.9","","Opened","7.381","18","Safe","Calm","0.0","67","16.3","9.4","1003.1","1014.8"
"2026-09-08","01:21:10","Clear","Dry","Dark","0.8","20.9","3200","57232","22.7","25%","26.9","","Opened","7.318","18","Safe","Calm","0.0","67","16.3","9.5","1003.2","1014.8"
"2026-09-08","01:21:20","Clear","Dry","Dark","0.8","21.0","3200","57232","22.7","25%","26.9","","Opened","7.276","18","Safe","Calm","0.0","67","16.3","9.5","1003.1","1014.8"
"2026-09-08","01:21:30","Clear","Dry","Dark","0.7","21.0","3200","57232","22.7","25%","26.9","","Opened","7.338","18","Safe","Calm","0.0","67","16.3","9.4","1003.1","1014.7"
"2026-09-08","01:21:40","Clear","Dry","Dark","1.0","21.0","3200","57232","22.7","25%","26.8","","Opened","7.410","18","Safe","Calm","0.0","67","16.4","9.7","1003.2","1014.8"
"2026-09-08","01:21:50","Clear","Dry","Dark","0.7","21.0","3200","57232","22.7","25%","26.8","","Opened","7.353","18","Safe","Calm","0.0","68","16.4","9.5","1003.1","1014.8"
"2026-09-08","01:22:00","Clear","Dry","Dark","0.8","21.0","3200","57232","22.7","25%","26.8","","Opened","7.313","18","Safe","Calm","0.0","68","16.4","9.5","1003.1","1014.8"
"2026-09-08","01:22:10","Clear","Dry","Dark","0.8","21.0","3200","57232","22.7","25%","26.8","","Opened","7.361","18","Safe","Calm","0.0","68","16.4","9.5","1003.1","1014.7"
"2026-09-08","01:22:20","Clear","Dry","Dark","0.8","21.0","3200","57232","22.7","25%","26.9","","Opened","7.323","18","Safe","Calm","0.0","68","16.4","9.5","1003.1","1014.7"
"2026-09-08","01:22:30","Clear","Dry","Dark","0.8","21.0","3200","57232","22.7","25%","26.9","","Opened","7.278","18","Safe","Calm","0.0","68","16.4","9.5","1003.1","1014.8"
"2026-09-08","01:22:40","Clear","Dry","Dark","0.7","21.0","3200","57232","22.7","25%","26.9","","Opened","7.484","18","Safe","Calm","0.0","68","16.5","9.5","1003.1","1014.7"
"2026-09-08","01:22:50","Clear","Dry","Dark","0.8","21.0","3200","57232","22.7","25%","27.0","","Opened","7.301","18","Safe","Calm","0.0","68","16.5","9.5","1003.1","1014.8"
"2026-09-08","01:23:00","Clear","Dry","Dark","0.6","21.0","3200","57232","22.7","25%","27.0","","Opened","7.377","18","Safe","Calm","0.0","68","16.5","9.4","1003.1","1014.8"
"2026-09-08","01:23:10","Clear","Dry","Dark","0.7","21.0","3200","57232","22.7","25%","27.0","","Opened","7.314","18","Safe","Calm","0.0","68","16.5","9.5","1003.1","1014.8"
"2026-09-08","01:23:20","Clear","Dry","Dark","0.8","21.0","3200","57232","22.7","25%","27.0","","Opened","7.390","18","Safe","Calm","0.0","68","16.5","9.5","1003.1","1014.7"
"2026-09-08","01:23:30","Clear","Dry","Dark","0.7","21.0","3200","57232","22.7","25%","27.1","Heating DOWN","Opened","7.457","18","Safe","Calm","0.0","68","16.5","9.5","1003.1","1014.7"
"2026-09-08","01:23:40","Clear","Wet","Dark","0.8","21.0","3157","57232","22.7","24%","27.1","Heating DOWN","Opened","7.592","18","Safe","Calm","0.0","68","16.5","9.5","1003.1","1014.8"
"2026-09-08","01:23:50","Clear","Wet","Dark","0.7","21.0","3169","57232","22.7","23%","27.1","Heating DOWN","Opened","7.457","18","Safe","Calm","0.0","68","16.6","9.5","1003.1","1014.7"
"2026-09-08","01:24:00","Clear","Dry","Dark","0.7","21.0","3200","57232","22.8","22%","27.1","Heating DOWN","Opened","7.461","18","Safe","Calm","0.0","68","16.6","9.4","1003.1","1014.7"
"2026-09-08","01:24:10","Clear","Dry","Dark","0.8","21.0","3200","57232","22.8","21%","27.1","Heating DOWN","Opened","7.443","18","Safe","Calm","0.0","68","16.6","9.5","1003.1","1014.7"
"2026-09-08","01:24:20","Clear","Wet","Dark","0.7","21.0","3150","57232","22.7","20%","27.1","Heating DOWN","Opened","7.435","18","Safe","Calm","0.0","68","16.6","9.5","1003.1","1014.7"
"2026-09-08","01:24:30","Clear","Wet","Dark","0.7","21.0","3168","57232","22.8","19%","27.1","Heating DOWN","Opened","7.430","18","Safe","Calm","0.0","68","16.6","9.4","1003.1","1014.7"
"2026-09-08","01:24:40","Clear","Dry","Dark","0.7","21.0","3200","57232","22.8","18%","27.0","","Opened","7.442","18","Safe","Calm","0.0","68","16.6","9.4","1003.0","1014.6"
"2026-09-08","01:24:50","Clear","Dry","Dark","0.7","21.0","3200","57232","22.8","18%","27.0","","Opened","7.379","18","Safe","Calm","0.0","68","16.6","9.5","1003.1","1014.7"
"2026-09-08","01:25:00","Clear","Dry","Dark","0.6","21.0","3200","57232","22.8","18%","27.0","","Opened","7.337","18","Safe","Calm","0.0","68","16.7","9.3","1003.1","1014.8"
"2026-09-08","01:25:10","Clear","Dry","Dark","0.5","21.0","3200","57232","22.8","18%","26.9","","Opened","7.275","18","Safe","Calm","0.0","68","16.7","9.3","1003.0","1014.6"
"2026-09-08","01:25:20","Clear","Dry","Dark","0.3","21.0","3200","57232","22.8","18%","26.8","","Opened","7.359","18","Safe","Calm","0.0","68","16.7","9.1","1003.1","1014.7"
"2026-09-08","01:25:30","Clear","Dry","Dark","0.3","20.9","3200","57232","22.8","18%","26.7","","Opened","7.306","18","Safe","Calm","0.0","68","16.7","9.0","1003.0","1014.6"
"2026-09-08","01:25:40","Clear","Dry","Dark","0.3","20.9","3200","57232","22.8","18%","26.6","","Opened","7.524","18","Safe","Calm","0.0","68","16.7","9.1","1003.1","1014.7"
"2026-09-08","01:25:50","Clear","Dry","Dark","0.4","20.9","3200","57232","22.8","18%","26.5","Heating UP","Opened","7.454","18","Safe","Calm","0.0","68","16.7","9.2","1003.1","1014.7"
"2026-09-08","01:26:00","Clear","Wet","Dark","0.4","20.9","3157","57232","22.8","19%","26.4","Heating UP","Opened","7.457","18","Safe","Calm","0.0","68","16.7","9.1","1003.1","1014.7"
"2026-09-08","01:26:10","Clear","Wet","Dark","0.3","20.9","3149","57232","22.8","20%","26.3","Heating UP","Opened","7.429","18","Safe","Calm","0.0","68","16.7","9.1","1003.1","1014.7"
"2026-09-08","01:26:20","Clear","Dry","Dark","0.5","20.9","3200","57232","22.8","22%","26.2","Heating UP","Opened","7.423","18","Safe","Calm","0.0","69","16.7","9.2","1003.1","1014.7"
"2026-09-08","01:26:30","Clear","Wet","Dark","0.4","20.9","3136","57232","22.8","24%","26.2","Heating UP","Opened","7.437","18","Safe","Calm","0.0","69","16.7","9.2","1003.0","1014.6"
"2026-09-08","01:26:40","Clear","Dry","Dark","0.5","20.9","3200","57232","22.8","26%","26.2","Heating UP","Opened","7.572","18","Safe","Calm","0.0","69","16.7","9.2","1003.1","1014.7"
"2026-09-08","01:26:50","Clear","Wet","Dark","0.6","20.9","3136","57232","22.8","28%","26.2","Heating UP","Opened","7.425","18","Safe","Calm","0.0","69","16.7","9.3","1003.1","1014.7"
"2026-09-08","01:27:00","Clear","Dry","Dark","0.4","20.9","3200","57232","22.8","30%","26.3","","Opened","7.298","18","Safe","Calm","0.0","69","16.7","9.1","1003.1","1014.7"
"2026-09-08","01:27:10","Clear","Dry","Dark","0.4","20.9","3200","57232","22.8","30%","26.4","","Opened","7.362","18","Safe","Calm","0.0","69","16.7","9.2","1003.0","1014.6"
"2026-09-08","01:27:20","Clear","Dry","Dark","0.4","20.8","3200","57232","22.8","30%","26.5","","Opened","7.317","18","Safe","Calm","0.0","69","16.7","9.1","1003.1","1014.8"
"2026-09-08","01:27:30","Clear","Dry","Dark","0.4","20.8","3200","57232","22.8","30%","26.6","","Opened","7.258","18","Safe","Calm","0.0","69","16.7","9.2","1003.1","1014.7"
"2026-09-08","01:27:40","Clear","Dry","Dark","0.4","20.8","3200","57232","22.7","30%","26.7","","Opened","7.476","18","Safe","Calm","0.0","69","16.7","9.2","1003.0","1014.6"
"2026-09-08","01:27:50","Clear","Dry","Dark","0.4","20.8","3200","57232","22.7","30%","26.8","","Opened","7.291","18","Safe","Calm","0.0","69","16.7","9.1","1003.1","1014.8"
"2026-09-08","01:28:00","Clear","Dry","Dark","0.4","20.8","3200","57232","22.7","30%","26.9","","Opened","7.369","18","Safe","Calm","0.0","69","16.7","9.1","1003.1","1014.7"
"2026-09-08","01:28:10","Clear","Wet","Dark","0.4","20.8","3199","57232","22.8","30%","27.0","","Opened","7.303","18","Safe","Calm","0.0","69","16.7","9.1","1003.1","1014.7"
"2026-09-08","01:28:20","Clear","Dry","Dark","0.3","20.8","3200","57232","22.7","30%","27.1","Heating DOWN","Opened","7.395","18","Safe","Calm","0.0","69","16.7","9.1","1003.0","1014.6"
"2026-09-08","01:28:30","Clear","Dry","Dark","0.4","20.7","3200","57232","22.7","29%","27.2","Heating DOWN","Opened","7.510","18","Safe","Calm","0.0","69","16.7","9.1","1003.1","1014.8"
"2026-09-08","01:28:40","Clear","Dry","Dark","0.2","20.8","3200","57232","22.8","28%","27.2","Heating DOWN","Opened","7.652","18","Safe","Calm","0.0","69","16.7","9.0","1003.1","1014.8"
"2026-09-08","01:28:50","Clear","Dry","Dark","0.3","20.7","3200","57232","22.8","27%","27.2","Heating DOWN","Opened","7.510","18","Safe","Calm","0.0","69","16.7","9.0","1003.0","1014.6"
"2026-09-08","01:29:00","Clear","Dry","Dark","0.3","20.7","3200","57232","22.7","26%","27.2","Heating DOWN","Opened","7.510","18","Safe","Calm","0.0","69","16.7","9.0","1003.1","1014.7"
"2026-09-08","01:29:10","Clear","Dry","Dark","0.3","20.7","3200","57232","22.7","25%","27.2","Heating DOWN","Opened","7.475","18","Safe","Calm","0.0","69","16.7","9.0","1003.1","1014.7"
"2026-09-08","01:29:20","Clear","Dry","Dark","0.2","20.7","3200","57232","22.7","24%","27.2","Heating DOWN","Opened","7.484","18","Safe","Calm","0.0","69","16.7","9.0","1003.1","1014.7"
"2026-09-08","01:29:30","Clear","Dry","Dark","0.2","20.7","3200","57232","22.7","23%","27.1","","Opened","7.348","18","Safe","Calm","0.0","69","16.7","9.0","1003.1","1014.7"
"2026-09-08","01:29:40","Clear","Dry","Dark","0.2","20.7","3200","57232","22.7","23%","27.1","Heating DOWN","Opened","7.566","18","Safe","Calm","0.0","69","16.7","8.9","1003.1","1014.7"
"2026-09-08","01:29:50","Clear","Dry","Dark","0.3","20.7","3200","57232","22.7","22%","27.1","Heating DOWN","Opened","7.427","18","Safe","Calm","0.0","69","16.6","9.1","1002.9","1014.6"
"2026-09-08","01:30:00","Clear","Dry","Dark","0.2","20.7","3200","57232","22.7","21%","27.0","","Opened","7.280","18","Safe","Calm","0.0","69","16.6","9.0","1003.0","1014.6"
"2026-09-08","01:30:10","Clear","Dry","Dark","0.2","20.7","3200","57232","22.7","21%","26.9","","Opened","7.347","18","Safe","Calm","0.0","69","16.6","9.0","1003.2","1014.8"
"2026-09-08","01:30:20","Clear","Dry","Dark","0.3","20.7","3200","57232","22.7","21%","26.9","","Opened","7.300","18","Safe","Calm","0.0","69","16.6","9.0","1002.9","1014.6"
"2026-09-08","01:30:30","Clear","Dry","Dark","0.3","20.7","3200","57232","22.7","21%","26.9","","Opened","7.386","18","Safe","Calm","0.0","68","16.6","9.0","1003.1","1014.7"
"2026-09-08","01:30:40","Clear","Dry","Dark","0.3","20.7","3200","57232","22.7","21%","26.8","","Opened","7.480","18","Safe","Calm","0.0","68","16.6","9.0","1003.0","1014.6"
"2026-09-08","01:30:50","Clear","Dry","Dark","0.3","20.7","3200","57232","22.7","21%","26.8","","Opened","7.290","18","Safe","Calm","0.0","68","16.6","9.0","1003.0","1014.6"
"2026-09-08","01:31:00","Clear","Dry","Dark","0.4","20.7","3200","57232","22.7","21%","26.7","","Opened","7.373","18","Safe","Calm","0.0","68","16.5","9.1","1003.0","1014.6"
"2026-09-08","01:31:10","Clear","Dry","Dark","0.3","20.7","3200","57232","22.6","21%","26.6","","Opened","7.297","18","Safe","Calm","0.0","68","16.5","9.0","1003.1","1014.7"
"2026-09-08","01:31:20","Clear","Dry","Dark","0.2","20.7","3200","57232","22.6","21%","26.5","","Opened","7.393","18","Safe","Calm","0.0","68","16.4","8.9","1003.0","1014.6"
"2026-09-08","01:31:30","Clear","Dry","Dark","0.3","20.7","3200","57232","22.6","21%","26.4","","Opened","7.335","18","Safe","Calm","0.0","68","16.3","9.0","1003.1","1014.7"
"2026-09-08","01:31:40","Clear","Dry","Dark","0.4","20.7","3200","57232","22.6","21%","26.3","Heating UP","Opened","7.552","18","Safe","Calm","0.0","67","16.3","9.0","1003.0","1014.6"
"2026-09-08","01:31:50","Clear","Dry","Dark","0.3","20.7","3200","57232","22.6","22%","26.2","Heating UP","Opened","7.410","18","Safe","Calm","0.0","67","16.2","9.0","1003.0","1014.6"
"2026-09-08","01:32:00","Clear","Dry","Dark","0.4","20.7","3200","57232","22.6","23%","26.1","Heating UP","Opened","7.411","18","Safe","Calm","0.0","67","16.2","9.0","1003.0","1014.6"
"2026-09-08","01:32:10","Clear","Dry","Dark","0.4","20.7","3200","57232","22.5","25%","26.1","Heating UP","Opened","7.389","18","Safe","Calm","0.0","67","16.1","9.0","1003.0","1014.6"
"2026-09-08","01:32:20","Clear","Dry","Dark","0.4","20.7","3200","57232","22.5","26%","26.0","Heating UP","Opened","7.516","18","Safe","Calm","0.0","67","16.1","9.0","1002.9","1014.6"
"2026-09-08","01:32:30","Clear","Dry","Dark","0.4","20.8","3200","57232","22.5","28%","25.9","Heating UP","Opened","7.515","18","Safe","Calm","0.0","67","16.1","9.1","1003.0","1014.6"
"2026-09-08","01:32:40","Clear","Dry","Dark","0.5","20.8","3200","57232","22.5","30%","25.9","Heating UP","Opened","7.653","18","Safe","Calm","0.0","67","16.0","9.1","1003.0","1014.6"
"2026-09-08","01:32:50","Clear","Dry","Dark","0.4","20.8","3200","57232","22.5","32%","25.9","Heating UP","Opened","7.508","18","Safe","Calm","0.0","67","16.0","9.0","1003.0","1014.6"
"2026-09-08","01:33:00","Clear","Dry","Dark","0.4","20.8","3200","57232","22.5","34%","25.9","Heating UP","Opened","7.509","18","Safe","Calm","0.0","67","16.0","9.0","1003.0","1014.6"
"2026-09-08","01:33:10","Clear","Dry","Dark","0.3","20.8","3200","57232","22.5","36%","26.1","","Opened","7.346","18","Safe","Calm","0.0","67","16.0","8.9","1003.1","1014.7"
"2026-09-08","01:33:20","Clear","Dry","Dark","0.4","20.8","3200","57232","22.5","36%","26.2","","Opened","7.308","18","Safe","Calm","0.0","67","15.9","9.0","1003.0","1014.6"
"2026-09-08","01:33:30","Clear","Dry","Dark","0.4","20.7","3200","57232","22.4","36%","26.4","","Opened","7.388","18","Safe","Calm","0.0","67","15.9","8.9","1003.0","1014.6"
"2026-09-08","01:33:40","Clear","Dry","Dark","0.3","20.7","3200","57232","22.4","36%","26.5","","Opened","7.476","18","Safe","Calm","0.0","67","15.9","8.9","1002.9","1014.6"
"2026-09-08","01:33:50","Clear","Dry","Dark","0.4","20.7","3200","57232","22.4","36%","26.5","","Opened","7.299","18","Safe","Calm","0.0","67","15.9","9.0","1003.0","1014.6"
"2026-09-08","01:34:00","Clear","Dry","Dark","0.5","20.7","3200","57232","22.4","36%","26.6","","Opened","7.379","18","Safe","Calm","0.0","67","15.9","9.1","1003.0","1014.7"
"2026-09-08","01:34:10","Clear","Dry","Dark","0.5","20.7","3200","57232","22.4","36%","26.6","","Opened","7.316","18","Safe","Calm","0.0","67","15.9","9.1","1002.9","1014.6"
"2026-09-08","01:34:20","Clear","Dry","Dark","0.5","20.7","3200","57232","22.4","36%","26.6","","Opened","7.386","18","Safe","Calm","0.0","67","15.9","9.0","1003.0","1014.7"
"2026-09-08","01:34:30","Clear","Dry","Dark","0.5","20.7","3200","57232","22.4","36%","26.7","Heating DOWN","Opened","7.473","18","Safe","Calm","0.0","67","15.8","9.0","1003.0","1014.7"
"2026-09-08","01:34:40","Clear","Dry","Dark","0.5","20.8","3200","57232","22.4","35%","26.7","Heating DOWN","Opened","7.605","18","Safe","Calm","0.0","67","15.8","9.0","1002.9","1014.6"
"2026-09-08","01:34:50","Clear","Dry","Dark","0.5","20.7","3200","57232","22.4","34%","26.8","Heating DOWN","Opened","7.456","18","Safe","Calm","0.0","67","15.8","9.0","1002.9","1014.6"
"2026-09-08","01:35:00","Clear","Dry","Dark","0.4","20.7","3200","57232","22.3","33%","26.9","Heating DOWN","Opened","7.451","18","Safe","Calm","0.0","67","15.8","8.9","1003.0","1014.7"
"2026-09-08","01:35:10","Clear","Dry","Dark","0.5","20.7","3200","57232","22.3","31%","27.0","Heating DOWN","Opened","7.439","18","Safe","Calm","0.0","66","15.8","9.0","1003.0","1014.7"
"2026-09-08","01:35:20","Clear","Dry","Dark","0.4","20.7","3200","57232","22.3","29%","27.0","Heating DOWN","Opened","7.431","18","Safe","Calm","0.0","66","15.8","8.9","1003.0","1014.7"
"2026-09-08","01:35:30","Clear","Dry","Dark","0.4","20.7","3200","57232","22.3","27%","27.0","Heating DOWN","Opened","7.430","18","Safe","Calm","0.0","67","15.8","8.9","1002.9","1014.6"
"2026-09-08","01:35:40","Clear","Dry","Dark","0.5","20.7","3200","57232","22.3","25%","27.0","Heating DOWN","Opened","7.572","18","Safe","Calm","0.0","67","15.8","8.9","1003.0","1014.7"
"2026-09-08","01:35:50","Clear","Dry","Dark","0.5","20.7","3200","57232","22.3","23%","27.0","Heating DOWN","Opened","7.419","18","Safe","Calm","0.0","67","15.8","9.0","1003.0","1014.7"
"2026-09-08","01:36:00","Clear","Dry","Dark","0.5","20.7","3200","57232","22.3","21%","26.9","","Opened","7.286","18","Safe","Calm","0.0","67","15.8","9.0","1003.1","1014.7"
"2026-09-08","01:36:10","Clear","Dry","Dark","0.5","20.7","3200","57232","22.3","21%","26.9","Heating DOWN","Opened","7.477","18","Safe","Calm","0.0","67","15.7","8.9","1003.0","1014.7"
"2026-09-08","01:36:20","Clear","Dry","Dark","0.5","20.7","3200","57232","22.3","19%","26.8","","Opened","7.344","18","Safe","Calm","0.0","67","15.8","9.0","1002.9","1014.6"
"2026-09-08","01:36:30","Clear","Dry","Dark","0.6","20.7","3200","57232","22.3","19%","26.8","Heating DOWN","Opened","7.426","18","Safe","Calm","0.0","67","15.8","9.1","1003.0","1014.7"
"2026-09-08","01:36:40","Clear","Dry","Dark","0.5","20.7","3200","57232","22.3","17%","26.7","","Opened","7.434","18","Safe","Calm","0.0","67","15.8","9.0","1003.0","1014.7"
"2026-09-08","01:36:50","Clear","Dry","Dark","0.5","20.7","3200","57232","22.3","17%","26.6","","Opened","7.382","18","Safe","Calm","0.0","67","15.8","9.0","1003.1","1014.7"
"2026-09-08","01:37:00","Clear","Dry","Dark","0.6","20.7","3200","57232","22.3","17%","26.5","","Opened","7.336","18","Safe","Calm","0.0","67","15.8","9.0","1003.0","1014.7"
"2026-09-08","01:37:10","Clear","Dry","Dark","0.6","20.7","3200","57232","22.2","17%","26.4","","Opened","7.272","18","Safe","Calm","0.0","67","15.7","9.0","1003.0","1014.7"
"2026-09-08","01:37:20","Clear","Dry","Dark","0.5","20.7","3200","57232","22.2","17%","26.3","","Opened","7.351","18","Safe","Calm","0.0","67","15.7","8.9","1002.9","1014.6"
"2026-09-08","01:37:30","Clear","Dry","Dark","0.5","20.7","3200","57232","22.2","17%","26.1","","Opened","7.290","18","Safe","Calm","0.0","67","15.7","8.9","1003.0","1014.7"
"2026-09-08","01:37:40","Clear","Dry","Dark","0.5","20.7","3200","57232","22.2","17%","26.0","","Opened","7.520","18","Safe","Calm","0.0","67","15.8","9.0","1002.9","1014.6"
"2026-09-08","01:37:50","Clear","Dry","Dark","0.5","20.6","3200","57232","22.2","17%","25.9","Heating UP","Opened","7.453","18","Safe","Calm","0.0","67","15.8","9.0","1002.9","1014.6"
"2026-09-08","01:38:00","Clear","Dry","Dark","0.5","20.6","3200","57232","22.2","18%","25.8","Heating UP","Opened","7.457","18","Safe","Calm","0.0","67","15.7","9.0","1002.9","1014.6"
"2026-09-08","01:38:10","Clear","Dry","Dark","0.6","20.6","3200","57232","22.2","19%","25.7","Heating UP","Opened","7.432","18","Safe","Calm","0.0","67","15.7","9.0","1002.9","1014.6"
"2026-09-08","01:38:20","Clear","Dry","Dark","0.5","20.6","3200","57232","22.2","21%","25.6","Heating UP","Opened","7.435","18","Safe","Calm","0.0","67","15.7","8.9","1002.9","1014.6"
"2026-09-08","01:38:30","Clear","Dry","Dark","0.6","20.6","3200","57232","22.2","23%","25.5","Heating UP","Opened","7.426","18","Safe","Calm","0.0","67","15.8","9.0","1003.0","1014.7"
"2026-09-08","01:38:40","Clear","Dry","Dark","0.5","20.5","3200","57232","22.2","25%","25.5","Heating UP","Opened","7.566","18","Safe","Calm","0.0","67","15.8","8.9","1003.0","1014.7"
"2026-09-08","01:38:50","Clear","Dry","Dark","0.6","20.5","3200","57232","22.1","27%","25.4","Heating UP","Opened","7.438","18","Safe","Calm","0.0","67","15.8","9.0","1003.0","1014.7"
"2026-09-08","01:39:00","Clear","Dry","Dark","0.6","20.5","3200","57232","22.1","29%","25.4","Heating UP","Opened","7.427","18","Safe","Calm","0.0","67","15.7","9.0","1003.0","1014.7"
"2026-09-08","01:39:10","Clear","Dry","Dark","0.7","20.5","3200","57232","22.1","31%","25.4","Heating UP","Opened","7.413","18","Safe","Calm","0.0","67","15.7","9.1","1003.0","1014.7"
"2026-09-08","01:39:20","Clear","Dry","Dark","0.6","20.6","3200","57232","22.1","33%","25.4","Heating UP","Opened","7.402","18","Safe","Calm","0.0","67","15.8","9.0","1002.9","1014.6"
"2026-09-08","01:39:30","Clear","Dry","Dark","0.7","20.5","3200","57232","22.1","35%","25.4","Heating UP","Opened","7.408","18","Safe","Calm","0.0","67","15.8","9.1","1003.0","1014.7"
"2026-09-08","01:39:40","Clear","Dry","Dark","0.7","20.5","3200","57232","22.1","37%","25.5","","Opened","7.408","18","Safe","Calm","0.0","67","15.7","9.1","1003.0","1014.7"
"2026-09-08","01:39:50","Clear","Dry","Dark","0.7","20.6","3200","57232","22.0","37%","25.6","","Opened","7.357","18","Safe","Calm","0.0","67","15.7","9.0","1002.9","1014.6"
"2026-09-08","01:40:00","Clear","Dry","Dark","0.6","20.5","3200","57232","22.1","37%","25.7","","Opened","7.317","18","Safe","Calm","0.0","68","15.8","8.9","1002.9","1014.6"
"2026-09-08","01:40:10","Clear","Dry","Dark","0.6","20.5","3200","57232","22.0","37%","25.7","Heating UP","Opened","7.492","18","Safe","Calm","0.0","68","15.8","9.0","1002.9","1014.6"
"2026-09-08","01:40:20","Clear","Dry","Dark","0.7","20.5","3200","57232","22.0","38%","25.8","","Opened","7.372","18","Safe","Calm","0.0","68","15.8","9.0","1002.9","1014.6"
"2026-09-08","01:40:30","Clear","Dry","Dark","0.7","20.5","3200","57232","22.0","38%","25.9","","Opened","7.318","18","Safe","Calm","0.0","68","15.8","9.0","1002.9","1014.6"
"2026-09-08","01:40:40","Clear","Dry","Dark","0.8","20.5","3200","57232","22.0","38%","26.0","","Opened","7.461","18","Safe","Calm","0.0","68","15.8","9.1","1002.9","1014.6"
"2026-09-08","01:40:50","Clear","Dry","Dark","0.7","20.5","3200","57232","22.0","38%","26.0","","Opened","7.358","18","Safe","Calm","0.0","68","15.8","9.0","1002.9","1014.6"
"2026-09-08","01:41:00","Clear","Dry","Dark","0.7","20.5","3200","57232","22.0","38%","26.1","","Opened","7.308","18","Safe","Calm","0.0","68","15.8","9.0","1002.9","1014.6"
"2026-09-08","01:41:10","Clear","Dry","Dark","0.7","20.5","3200","57232","22.0","38%","26.1","","Opened","7.364","18","Safe","Calm","0.0","68","15.9","9.0","1003.1","1014.7"
"2026-09-08","01:41:20","Clear","Dry","Dark","0.8","20.5","3200","57232","22.0","38%","26.2","","Opened","7.323","18","Safe","Calm","0.0","68","15.9","9.1","1003.0","1014.7"
"2026-09-08","01:41:30","Clear","Dry","Dark","0.7","20.5","3200","57232","21.9","38%","26.3","Heating DOWN","Opened","7.412","18","Safe","Calm","0.0","68","15.9","9.0","1002.9","1014.6"
"2026-09-08","01:41:40","Clear","Dry","Dark","0.8","20.5","3200","57232","21.9","37%","26.3","Heating DOWN","Opened","7.538","18","Safe","Calm","0.0","68","15.8","9.0","1002.9","1014.5"
"2026-09-08","01:41:50","Clear","Dry","Dark","0.8","20.5","3200","57232","21.9","36%","26.3","Heating DOWN","Opened","7.404","18","Safe","Calm","0.0","69","15.9","9.1","1003.0","1014.7"
"2026-09-08","01:42:00","Clear","Dry","Dark","0.8","20.5","3200","57232","21.9","35%","26.3","Heating DOWN","Opened","7.399","18","Safe","Calm","0.0","69","15.9","9.1","1002.9","1014.5"
"2026-09-08","01:42:10","Clear","Dry","Dark","0.8","20.5","3200","57232","21.9","34%","26.4","Heating DOWN","Opened","7.379","18","Safe","Calm","0.0","69","15.9","9.1","1002.9","1014.6"
"2026-09-08","01:42:20","Clear","Dry","Dark","0.8","20.5","3200","57232","21.9","33%","26.4","Heating DOWN","Opened","7.502","18","Safe","Calm","0.0","69","15.9","9.0","1002.9","1014.5"
"2026-09-08","01:42:30","Clear","Dry","Dark","0.8","20.5","3200","57232","21.9","32%","26.4","Heating DOWN","Opened","7.505","18","Safe","Calm","0.0","69","15.9","9.1","1002.9","1014.5"
"2026-09-08","01:42:40","Clear","Dry","Dark","0.9","20.5","3200","57232","21.9","31%","26.3","","Opened","7.517","18","Safe","Calm","0.0","69","16.0","9.1","1002.9","1014.6"
"2026-09-08","01:42:50","Clear","Dry","Dark","0.9","20.5","3200","57232","21.9","31%","26.3","Heating DOWN","Opened","7.458","18","Safe","Calm","0.0","69","16.0","9.1","1002.9","1014.6"
"2026-09-08","01:43:00","Clear","Dry","Dark","0.9","20.5","3200","57232","21.9","30%","26.3","Heating DOWN","Opened","7.448","18","Safe","Calm","0.0","69","16.0","9.1","1002.9","1014.6"
"2026-09-08","01:43:10","Clear","Dry","Dark","1.0","20.5","3200","57232","21.9","29%","26.2","","Opened","7.291","18","Safe","Calm","0.0","69","16.0","9.2","1002.9","1014.5"
"2026-09-08","01:43:20","Clear","Dry","Dark","0.9","20.5","3200","57232","21.8","29%","26.2","Heating DOWN","Opened","7.510","18","Safe","Calm","0.0","69","16.0","9.1","1002.9","1014.5"
"2026-09-08","01:43:30","Clear","Dry","Dark","0.9","20.6","3200","57232","21.8","28%","26.1","","Opened","7.367","18","Safe","Calm","0.0","70","16.0","9.1","1002.9","1014.6"
"2026-09-08","01:43:40","Clear","Dry","Dark","1.0","20.6","3200","57232","21.8","28%","26.1","","Opened","7.443","18","Safe","Calm","0.0","70","16.0","9.2","1002.9","1014.6"
"2026-09-08","01:43:50","Clear","Dry","Dark","0.9","20.6","3200","57232","21.8","28%","26.1","","Opened","7.270","18","Safe","Calm","0.0","70","16.1","9.1","1003.0","1014.7"
"2026-09-08","01:44:00","Clear","Dry","Dark","0.9","20.6","3200","57232","21.8","28%","26.2","Heating DOWN","Opened","7.456","18","Safe","Calm","0.0","70","16.0","9.2","1003.0","1014.7"
"2026-09-08","01:44:10","Clear","Dry","Dark","0.8","20.6","3200","57232","21.8","27%","26.1","","Opened","7.305","18","Safe","Calm","0.0","70","16.0","9.0","1002.9","1014.6"
"2026-09-08","01:44:20","Clear","Dry","Dark","0.8","20.5","3200","57232","21.8","27%","26.0","","Opened","7.374","18","Safe","Calm","0.0","70","16.1","9.0","1002.9","1014.6"
"2026-09-08","01:44:30","Clear","Dry","Dark","0.9","20.5","3200","57232","21.8","27%","25.9","","Opened","7.336","18","Safe","Calm","0.0","70","16.1","9.1","1002.9","1014.5"
"2026-09-08","01:44:40","Clear","Dry","Dark","0.9","20.6","3200","57232","21.8","27%","25.8","","Opened","7.413","18","Safe","Calm","0.0","70","16.1","9.1","1002.9","1014.6"
"2026-09-08","01:44:50","Clear","Dry","Dark","0.9","20.6","3200","57232","21.8","27%","25.8","","Opened","7.359","18","Safe","Calm","0.0","70","16.1","9.1","1002.9","1014.5"
"2026-09-08","01:45:00","Clear","Dry","Dark","0.8","20.6","3200","57232","21.7","27%","25.8","","Opened","7.305","18","Safe","Calm","0.0","70","16.1","9.0","1002.9","1014.6"
"2026-09-08","01:45:10","Clear","Dry","Dark","0.9","20.6","3200","57232","21.8","27%","25.8","","Opened","7.371","18","Safe","Calm","0.0","70","16.1","9.1","1002.9","1014.5"
"2026-09-08","01:45:20","Clear","Dry","Dark","1.1","20.6","3200","57232","21.8","27%","25.8","","Opened","7.315","18","Safe","Calm","0.0","70","16.1","9.2","1002.9","1014.5"
"2026-09-08","01:45:30","Clear","Dry","Dark","0.9","20.6","3200","57232","21.8","27%","25.8","","Opened","7.274","18","Safe","Calm","0.0","70","16.2","9.1","1002.9","1014.5"
"2026-09-08","01:45:40","Clear","Dry","Dark","0.9","20.6","3200","57232","21.8","27%","25.8","","Opened","7.489","18","Safe","Calm","0.0","70","16.2","9.1","1002.9","1014.5"
"2026-09-08","01:45:50","Clear","Dry","Dark","1.0","20.6","3200","57232","21.8","27%","25.8","","Opened","7.312","18","Safe","Calm","0.0","70","16.1","9.2","1002.9","1014.5"
"2026-09-08","01:46:00","Clear","Dry","Dark","1.0","20.6","3200","57232","21.7","27%","25.8","","Opened","7.384","18","Safe","Calm","0.0","70","16.1","9.1","1002.9","1014.6"
"2026-09-08","01:46:10","Clear","Dry","Dark","0.9","20.6","3200","57232","21.7","27%","25.8","","Opened","7.323","18","Safe","Calm","0.0","70","16.1","9.0","1003.1","1014.7"
"2026-09-08","01:46:20","Clear","Dry","Dark","1.0","20.6","3200","57232","21.8","27%","25.8","","Opened","7.270","18","Safe","Calm","0.0","70","16.2","9.2","1002.9","1014.5"
"2026-09-08","01:46:30","Clear","Dry","Dark","0.9","20.6","3200","57232","21.7","27%","25.8","","Opened","7.352","18","Safe","Calm","0.0","70","16.1","9.1","1002.9","1014.6"
"2026-09-08","01:46:40","Clear","Dry","Dark","1.0","20.5","3200","57232","21.7","27%","25.8","","Opened","7.430","18","Safe","Calm","0.0","70","16.1","9.1","1002.9","1014.6"
"2026-09-08","01:46:50","Clear","Dry","Dark","0.9","20.5","3200","57232","21.7","27%","25.8","","Opened","7.381","18","Safe","Calm","0.0","70","16.1","9.1","1002.9","1014.6"
"2026-09-08","01:47:00","Clear","Dry","Dark","1.0","20.6","3200","57232","21.7","27%","25.8","","Opened","7.334","18","Safe","Calm","0.0","71","16.2","9.2","1002.9","1014.6"
"2026-09-08","01:47:10","Clear","Dry","Dark","0.9","20.5","3200","57232","21.7","27%","25.8","","Opened","7.263","18","Safe","Calm","0.0","71","16.2","9.1","1002.9","1014.6"
"2026-09-08","01:47:20","Clear","Dry","Dark","0.9","20.5","3200","57232","21.7","27%","25.8","","Opened","7.344","18","Safe","Calm","0.0","71","16.1","9.1","1002.9","1014.6"
"2026-09-08","01:47:30","Clear","Dry","Dark","0.9","20.5","3200","57232","21.7","27%","25.8","","Opened","7.303","18","Safe","Calm","0.0","71","16.2","9.1","1002.9","1014.6"
"2026-09-08","01:47:40","Clear","Dry","Dark","0.9","20.5","3200","57232","21.7","27%","25.9","","Opened","7.504","18","Safe","Calm","0.0","71","16.2","9.1","1002.9","1014.6"
"2026-09-08","01:47:50","Clear","Dry","Dark","1.0","20.5","3200","57232","21.7","27%","25.9","","Opened","7.331","18","Safe","Calm","0.0","71","16.2","9.2","1003.1","1014.7"
"2026-09-08","01:48:00","Clear","Dry","Dark","0.9","20.5","3200","57232","21.7","27%","25.9","","Opened","7.273","18","Safe","Calm","0.0","71","16.2","9.1","1002.9","1014.6"
"2026-09-08","01:48:10","Clear","Dry","Dark","1.0","20.5","3200","57232","21.7","27%","25.9","","Opened","7.341","18","Safe","Calm","0.0","71","16.2","9.2","1002.9","1014.6"
"2026-09-08","01:48:20","Clear","Dry","Dark","1.0","20.5","3200","57232","21.7","27%","25.9","","Opened","7.297","18","Safe","Calm","0.0","71","16.2","9.2","1002.9","1014.6"
"2026-09-08","01:48:30","Clear","Dry","Dark","0.9","20.5","3200","57232","21.7","27%","25.9","","Opened","7.372","18","Safe","Calm","0.0","71","16.2","9.1","1002.9","1014.6"
"2026-09-08","01:48:40","Clear","Dry","Dark","1.0","20.5","3200","57232","21.7","27%","25.9","","Opened","7.470","18","Safe","Calm","0.0","71","16.2","9.2","1002.8","1014.5"
"2026-09-08","01:48:50","Clear","Dry","Dark","1.0","20.5","3200","57232","21.7","27%","25.9","","Opened","7.277","18","Safe","Calm","0.0","71","16.2","9.2","1002.9","1014.6"
"2026-09-08","01:49:00","Clear","Dry","Dark","1.0","20.5","3200","57232","21.7","27%","25.9","","Opened","7.365","18","Safe","Calm","0.0","71","16.2","9.2","1002.9","1014.6"
"2026-09-08","01:49:10","Clear","Dry","Dark","1.0","20.5","3200","57232","21.7","27%","25.9","","Opened","7.302","18","Safe","Calm","0.0","71","16.2","9.1","1002.8","1014.5"
"2026-09-08","01:49:20","Clear","Dry","Dark","1.0","20.5","3200","57232","21.7","27%","26.0","","Opened","7.379","18","Safe","Calm","0.0","71","16.2","9.1","1002.9","1014.6"
"2026-09-08","01:49:30","Clear","Dry","Dark","0.9","20.5","3200","57232","21.7","27%","26.0","","Opened","7.342","18","Safe","Calm","0.0","71","16.2","9.1","1002.9","1014.6"
"2026-09-08","01:49:40","Clear","Dry","Dark","1.0","20.5","3200","57232","21.7","27%","26.0","","Opened","7.431","18","Safe","Calm","0.0","71","16.2","9.1","1002.9","1014.6"
"2026-09-08","01:49:50","Clear","Dry","Dark","0.9","20.5","3200","57232","21.7","27%","26.0","","Opened","7.378","18","Safe","Calm","0.0","71","16.2","9.1","1002.9","1014.6"
"2026-09-08","01:50:00","Clear","Dry","Dark","0.9","20.5","3200","57232","21.7","27%","26.0","","Opened","7.313","18","Safe","Calm","0.0","71","16.2","9.1","1002.9","1014.6"
"2026-09-08","01:50:10","Clear","Dry","Dark","1.1","20.5","3200","57232","21.8","27%","25.9","","Opened","7.245","18","Safe","Calm","0.0","71","16.2","9.3","1002.9","1014.6"
"2026-09-08","01:50:20","Clear","Dry","Dark","1.0","20.5","3200","57232","21.7","27%","25.9","","Opened","7.329","18","Safe","Calm","0.0","71","16.2","9.2","1002.9","1014.6"
"2026-09-08","01:50:30","Clear","Dry","Dark","1.0","20.5","3200","57232","21.7","27%","25.9","","Opened","7.301","18","Safe","Calm","0.0","71","16.2","9.2","1003.0","1014.7"
"2026-09-08","01:50:40","Clear","Dry","Dark","1.0","20.5","3200","57232","21.7","27%","25.9","","Opened","7.513","18","Safe","Calm","0.0","71","16.3","9.2","1002.9","1014.6"
"2026-09-08","01:50:50","Clear","Dry","Dark","0.9","20.5","3200","57232","21.8","27%","25.9","","Opened","7.323","18","Safe","Calm","0.0","71","16.3","9.1","1002.8","1014.5"
"2026-09-08","01:51:00","Clear","Dry","Dark","1.1","20.5","3200","57232","21.8","27%","25.9","","Opened","7.282","18","Safe","Calm","0.0","71","16.3","9.3","1002.9","1014.5"
"2026-09-08","01:51:10","Clear","Dry","Dark","1.0","20.6","3200","57232","21.7","27%","25.8","","Opened","7.345","18","Safe","Calm","0.0","71","16.3","9.2","1002.8","1014.5"
"2026-09-08","01:51:20","Clear","Dry","Dark","1.0","20.5","3200","57232","21.7","27%","25.8","","Opened","7.300","18","Safe","Calm","0.0","71","16.3","9.2","1002.9","1014.6"
"2026-09-08","01:51:30","Clear","Dry","Dark","1.0","20.5","3200","57232","21.8","27%","25.8","","Opened","7.387","18","Safe","Calm","0.0","71","16.3","9.2","1002.9","1014.5"
"2026-09-08","01:51:40","Clear","Dry","Dark","1.0","20.5","3200","57232","21.7","27%","25.8","","Opened","7.469","18","Safe","Calm","0.0","71","16.3","9.2","1002.9","1014.6"
"2026-09-08","01:51:50","Clear","Dry","Dark","1.1","20.5","3200","57232","21.8","27%","25.8","","Opened","7.285","18","Safe","Calm","0.0","71","16.3","9.3","1002.9","1014.5"
"2026-09-08","01:52:00","Clear","Dry","Dark","1.0","20.5","3200","57232","21.7","27%","25.8","","Opened","7.365","18","Safe","Calm","0.0","71","16.3","9.2","1002.9","1014.6"
"2026-09-08","01:52:10","Clear","Dry","Dark","1.2","20.5","3200","57232","21.8","27%","25.8","","Opened","7.297","18","Safe","Calm","0.0","71","16.3","9.3","1002.9","1014.5"
"2026-09-08","01:52:20","Clear","Dry","Dark","1.0","20.5","3200","57232","21.8","27%","25.8","","Opened","7.376","18","Safe","Calm","0.0","71","16.4","9.2","1002.8","1014.5"
"2026-09-08","01:52:30","Clear","Dry","Dark","1.0","20.5","3200","57232","21.8","27%","25.8","","Opened","7.332","18","Safe","Calm","0.0","71","16.4","9.2","1002.8","1014.5"
"2026-09-08","01:52:40","Clear","Dry","Dark","1.0","20.5","3200","57232","21.8","27%","25.8","","Opened","7.413","18","Safe","Calm","0.0","71","16.4","9.2","1002.8","1014.5"
"2026-09-08","01:52:50","Clear","Dry","Dark","1.1","20.5","3200","57232","21.8","27%","25.8","","Opened","7.351","18","Safe","Calm","0.0","71","16.4","9.2","1002.9","1014.5"
"2026-09-08","01:53:00","Clear","Dry","Dark","1.0","20.5","3200","57232","21.8","27%","25.8","","Opened","7.320","18","Safe","Calm","0.0","71","16.4","9.2","1002.9","1014.5"
"2026-09-08","01:53:10","Clear","Dry","Dark","1.0","20.5","3200","57232","21.8","27%","25.8","","Opened","7.378","18","Safe","Calm","0.0","71","16.4","9.2","1002.9","1014.6"
"2026-09-08","01:53:20","Clear","Dry","Dark","1.0","20.5","3200","57232","21.8","27%","25.8","","Opened","7.331","18","Safe","Calm","0.0","72","16.4","9.2","1002.9","1014.5"
"2026-09-08","01:53:30","Clear","Dry","Dark","1.0","20.5","3200","57232","21.8","27%","25.8","","Opened","7.284","18","Safe","Calm","0.0","72","16.4","9.2","1002.8","1014.5"
"2026-09-08","01:53:40","Clear","Dry","Dark","1.1","20.5","3200","57232","21.8","27%","25.8","","Opened","7.498","18","Safe","Calm","0.0","72","16.4","9.2","1003.0","1014.7"
"2026-09-08","01:53:50","Clear","Dry","Dark","1.1","20.5","3200","57232","21.8","27%","25.8","","Opened","7.308","18","Safe","Calm","0.0","72","16.4","9.3","1002.9","1014.5"
"2026-09-08","01:54:00","Clear","Dry","Dark","1.0","20.5","3200","57232","21.8","27%","25.8","","Opened","7.379","18","Safe","Calm","0.0","72","16.5","9.3","1002.9","1014.5"
"2026-09-08","01:54:10","Clear","Dry","Dark","1.0","20.5","3200","57232","21.8","27%","25.8","","Opened","7.305","18","Safe","Calm","0.0","72","16.4","9.2","1002.8","1014.5"
"2026-09-08","01:54:20","Clear","Dry","Dark","1.1","20.5","3200","57232","21.8","27%","25.8","","Opened","7.269","18","Safe","Calm","0.0","72","16.4","9.3","1002.9","1014.5"
"2026-09-08","01:54:30","Clear","Dry","Dark","1.1","20.6","3200","57232","21.8","27%","25.8","","Opened","7.335","18","Safe","Calm","0.0","72","16.4","9.3","1002.9","1014.5"
"2026-09-08","01:54:40","Clear","Dry","Dark","1.0","20.5","3200","57232","21.8","27%","25.8","","Opened","7.439","18","Safe","Calm","0.0","72","16.5","9.2","1002.9","1014.5"
"2026-09-08","01:54:50","Clear","Dry","Dark","1.1","20.5","3200","57232","21.8","27%","25.8","","Opened","7.378","18","Safe","Calm","0.0","72","16.5","9.3","1002.8","1014.5"
"2026-09-08","01:55:00","Clear","Dry","Dark","1.0","20.6","3200","57232","21.8","27%","25.8","","Opened","7.330","18","Safe","Calm","0.0","72","16.5","9.2","1002.9","1014.5"
"2026-09-08","01:55:10","Clear","Dry","Dark","1.2","20.6","3200","57232","21.8","27%","25.8","","Opened","7.251","18","Safe","Calm","0.0","72","16.5","9.4","1002.8","1014.5"
"2026-09-08","01:55:20","Clear","Dry","Dark","1.1","20.6","3200","57232","21.8","27%","25.8","","Opened","7.323","18","Safe","Calm","0.0","72","16.5","9.3","1003.0","1014.7"
"2026-09-08","01:55:30","Clear","Dry","Dark","1.1","20.6","3200","57232","21.8","27%","25.8","","Opened","7.286","18","Safe","Calm","0.0","72","16.5","9.3","1002.8","1014.5"
"2026-09-08","01:55:40","Clear","Dry","Dark","1.1","20.6","3200","57232","21.8","27%","25.9","","Opened","7.499","18","Safe","Calm","0.0","72","16.5","9.3","1002.9","1014.6"
"2026-09-08","01:55:50","Clear","Dry","Dark","1.2","20.6","3200","57232","21.8","27%","25.9","","Opened","7.322","18","Safe","Calm","0.0","72","16.5","9.4","1002.9","1014.5"
"2026-09-08","01:56:00","Clear","Dry","Dark","1.2","20.6","3200","57232","21.8","27%","25.9","","Opened","7.270","18","Safe","Calm","0.0","72","16.5","9.4","1002.8","1014.5"
"2026-09-08","01:56:10","Clear","Dry","Dark","1.1","20.6","3200","57232","21.8","27%","25.9","","Opened","7.333","18","Safe","Calm","0.0","72","16.5","9.3","1002.9","1014.5"
"2026-09-08","01:56:20","Clear","Dry","Dark","1.1","20.6","3200","57232","21.8","27%","25.9","","Opened","7.289","18","Safe","Calm","0.0","72","16.5","9.3","1002.8","1014.5"
"2026-09-08","01:56:30","Clear","Dry","Dark","1.2","20.6","3200","57232","21.8","27%","25.9","","Opened","7.377","18","Safe","Calm","0.0","72","16.5","9.4","1002.9","1014.5"
"2026-09-08","01:56:40","Clear","Dry","Dark","1.2","20.6","3200","57232","21.8","27%","25.9","","Opened","7.465","18","Safe","Calm","0.0","72","16.5","9.4","1002.8","1014.5"
"2026-09-08","01:56:50","Clear","Dry","Dark","1.2","20.6","3200","57232","21.8","27%","25.9","","Opened","7.279","18","Safe","Calm","0.0","72","16.6","9.4","1002.9","1014.5"
"2026-09-08","01:57:00","Clear","Wet","Dark","1.3","20.6","3200","57232","21.8","27%","25.9","","Opened","7.364","18","Safe","Calm","0.0","72","16.6","9.5","1003.0","1014.7"
"2026-09-08","01:57:10","Clear","Dry","Dark","1.2","20.6","3200","57232","21.8","27%","25.9","","Opened","7.294","18","Safe","Calm","0.0","72","16.6","9.4","1002.9","1014.5"
"2026-09-08","01:57:20","Clear","Dry","Dark","1.1","20.6","3200","57232","21.9","27%","25.9","","Opened","7.363","18","Safe","Calm","0.0","72","16.6","9.4","1002.9","1014.5"
"2026-09-08","01:57:30","Clear","Dry","Dark","1.2","20.6","3200","57232","21.8","27%","25.9","","Opened","7.306","18","Safe","Calm","0.0","72","16.6","9.5","1002.9","1014.5"
"2026-09-08","01:57:40","Clear","Dry","Dark","1.1","20.6","3200","57232","21.9","27%","26.0","","Opened","7.519","18","Safe","Calm","0.0","72","16.6","9.3","1002.9","1014.5"
"2026-09-08","01:57:50","Clear","Dry","Dark","1.2","20.6","3200","57232","21.8","27%","26.0","","Opened","7.332","18","Safe","Calm","0.0","72","16.6","9.5","1002.9","1014.5"
"2026-09-08","01:58:00","Clear","Dry","Dark","1.2","20.6","3200","57232","21.8","27%","26.1","","Opened","7.285","18","Safe","Calm","0.0","72","16.6","9.4","1002.9","1014.5"
"2026-09-08","01:58:10","Clear","Dry","Dark","1.1","20.6","3200","57232","21.9","27%","26.1","","Opened","7.345","18","Safe","Calm","0.0","72","16.6","9.4","1002.9","1014.5"
"2026-09-08","01:58:20","Clear","Dry","Dark","1.2","20.6","3200","57232","21.9","27%","26.0","","Opened","7.302","18","Safe","Calm","0.0","72","16.6","9.4","1002.9","1014.5"
"2026-09-08","01:58:30","Clear","Dry","Dark","1.1","20.6","3200","57232","21.9","27%","26.1","","Opened","7.379","18","Safe","Calm","0.0","72","16.6","9.3","1002.9","1014.5"
"2026-09-08","01:58:40","Clear","Dry","Dark","1.2","20.6","3200","57232","21.9","27%","26.1","","Opened","7.469","18","Safe","Calm","0.0","72","16.6","9.5","1003.0","1014.7"
"2026-09-08","01:58:50","Clear","Dry","Dark","1.1","20.6","3200","57232","21.9","27%","26.1","","Opened","7.283","18","Safe","Calm","0.0","72","16.7","9.4","1002.8","1014.5"
"2026-09-08","01:59:00","Clear","Wet","Dark","1.3","20.7","3173","57232","21.9","27%","26.1","","Opened","7.367","18","Safe","Calm","0.0","72","16.6","9.5","1002.9","1014.5"
"2026-09-08","01:59:10","Clear","Wet","Dark","1.2","20.7","3175","57232","21.9","27%","26.1","","Opened","7.304","18","Safe","Calm","0.0","72","16.7","9.5","1002.8","1014.4"
"2026-09-08","01:59:20","Clear","Wet","Dark","1.2","20.7","3177","57232","21.9","27%","26.1","","Opened","7.381","18","Safe","Calm","0.0","72","16.7","9.5","1002.9","1014.5"
"2026-09-08","01:59:30","Clear","Wet","Dark","1.4","20.7","3169","57232","21.9","27%","26.1","","Opened","7.349","18","Safe","Calm","0.0","72","16.7","9.7","1002.9","1014.5"
"2026-09-08","01:59:40","Clear","Wet","Dark","1.1","20.7","3174","57232","21.9","27%","26.1","","Opened","7.424","18","Safe","Calm","0.0","72","16.7","9.4","1002.9","1014.6"
"2026-09-08","01:59:50","Clear","Wet","Dark","1.3","20.7","3157","57232","21.9","27%","26.1","","Opened","7.362","18","Safe","Calm","0.0","72","16.7","9.5","1002.9","1014.6"
"2026-09-08","02:00:00","Clear","Wet","Dark","1.2","20.7","3168","57232","21.9","27%","26.1","","Opened","7.315","18","Safe","Calm","0.0","72","16.7","9.5","1002.9","1014.5"
"2026-09-08","02:00:10","Clear","Wet","Dark","1.2","20.7","3157","57232","21.9","27%","26.1","","Opened","7.248","18","Safe","Calm","0.0","72","16.7","9.5","1002.9","1014.5"
"2026-09-08","02:00:20","Clear","Wet","Dark","1.2","20.7","3157","57232","21.9","27%","26.1","","Opened","7.328","18","Safe","Calm","0.0","72","16.7","9.5","1002.9","1014.5"
"2026-09-08","02:00:30","Clear","Wet","Dark","1.2","20.7","3157","57232","22.0","27%","26.1","","Opened","7.284","18","Safe","Calm","0.0","72","16.8","9.5","1002.8","1014.5"
"2026-09-08","02:00:40","Clear","Wet","Dark","1.3","20.8","3157","57232","22.0","27%","26.1","","Opened","7.492","18","Safe","Calm","0.0","72","16.8","9.6","1002.8","1014.5"
"2026-09-08","02:00:50","Clear","Wet","Dark","1.2","20.8","3168","57232","22.0","27%","26.1","","Opened","7.314","18","Safe","Calm","0.0","73","16.8","9.5","1002.9","1014.5"
"2026-09-08","02:01:00","Clear","Wet","Dark","1.4","20.8","3157","57232","21.9","27%","26.1","","Opened","7.386","18","Safe","Calm","0.0","73","16.8","9.7","1002.9","1014.5"
"2026-09-08","02:01:10","Clear","Wet","Dark","1.3","20.8","3168","57232","22.0","27%","26.0","","Opened","7.317","18","Safe","Calm","0.0","73","16.8","9.6","1002.9","1014.5"
"2026-09-08","02:01:20","Clear","Wet","Dark","1.2","20.8","3167","57232","22.0","27%","26.0","","Opened","7.270","18","Safe","Calm","0.0","73","16.8","9.5","1002.9","1014.6"
"2026-09-08","02:01:30","Clear","Wet","Dark","1.4","20.8","3157","57232","22.0","27%","26.1","","Opened","7.349","18","Safe","Calm","0.0","73","16.8","9.7","1002.9","1014.5"
"2026-09-08","02:01:40","Clear","Wet","Dark","1.2","20.8","3167","57232","22.0","27%","26.1","","Opened","7.445","18","Safe","Calm","0.0","73","16.9","9.5","1002.9","1014.5"
"2026-09-08","02:01:50","Clear","Wet","Dark","1.3","20.8","3158","57232","22.0","27%","26.1","","Opened","7.265","18","Safe","Calm","0.0","73","16.9","9.6","1002.9","1014.5"
"2026-09-08","02:02:00","Clear","Wet","Dark","1.2","20.8","3168","57232","22.0","27%","26.1","","Opened","7.330","18","Safe","Calm","0.0","73","16.9","9.5","1002.9","1014.6"
"2026-09-08","02:02:10","Clear","Wet","Dark","1.3","20.8","3168","57232","22.0","27%","26.1","","Opened","7.261","18","Safe","Calm","0.0","73","16.9","9.6","1002.8","1014.5"
"2026-09-08","02:02:20","Clear","Wet","Dark","1.2","20.8","3168","57232","22.0","27%","26.1","","Opened","7.349","18","Safe","Calm","0.0","73","16.9","9.6","1002.8","1014.5"
"2026-09-08","02:02:30","Clear","Wet","Dark","1.3","20.8","3174","57232","22.0","27%","26.2","","Opened","7.311","18","Safe","Calm","0.0","73","16.9","9.6","1002.9","1014.6"
"2026-09-08","02:02:40","Clear","Wet","Dark","1.2","20.8","3168","57232","22.0","27%","26.3","","Opened","7.534","18","Safe","Calm","0.0","73","16.9","9.6","1002.9","1014.5"
"2026-09-08","02:02:50","Clear","Wet","Dark","1.3","20.8","3168","57232","22.0","27%","26.3","","Opened","7.354","18","Safe","Calm","0.0","73","16.9","9.6","1002.9","1014.5"
"2026-09-08","02:03:00","Clear","Wet","Dark","1.4","20.8","3168","57232","22.0","27%","26.3","","Opened","7.315","18","Safe","Calm","0.0","73","16.9","9.7","1002.8","1014.5"
"2026-09-08","02:03:10","Clear","Wet","Dark","1.4","20.8","3168","57232","22.0","27%","26.3","","Opened","7.362","18","Safe","Calm","0.0","73","16.9","9.7","1002.9","1014.5"
"2026-09-08","02:03:20","Clear","Wet","Dark","1.2","20.8","3171","57232","22.0","27%","26.3","","Opened","7.329","18","Safe","Calm","0.0","73","16.9","9.6","1002.8","1014.5"
"2026-09-08","02:03:30","Clear","Wet","Dark","1.5","20.8","3168","57232","22.1","27%","26.3","","Opened","7.280","18","Safe","Calm","0.0","73","16.9","9.9","1002.9","1014.6"
"2026-09-08","02:03:40","Clear","Wet","Dark","1.3","20.9","3170","57232","22.1","27%","26.3","","Opened","7.499","18","Safe","Calm","0.0","73","17.0","9.6","1002.9","1014.5"
"2026-09-08","02:03:50","Clear","Wet","Dark","1.3","20.8","3173","57232","22.1","27%","26.4","Heating DOWN","Opened","7.424","18","Safe","Calm","0.0","73","17.0","9.6","1002.9","1014.5"
"2026-09-08","02:04:00","Clear","Dry","Dark","1.3","20.8","3200","57232","22.1","26%","26.4","","Opened","7.302","18","Safe","Calm","0.0","73","17.0","9.7","1002.9","1014.5"
"2026-09-08","02:04:10","Clear","Dry","Dark","1.4","20.9","3200","57232","22.1","26%","26.4","Heating DOWN","Opened","7.477","18","Safe","Calm","0.0","73","16.9","9.8","1002.9","1014.5"
"2026-09-08","02:04:20","Clear","Dry","Dark","1.4","20.9","3200","57232","22.1","25%","26.4","","Opened","7.346","18","Safe","Calm","0.0","73","17.0","9.7","1002.9","1014.5"
"2026-09-08","02:04:30","Clear","Dry","Dark","1.4","20.9","3200","57232","22.1","25%","26.4","","Opened","7.292","18","Safe","Calm","0.0","73","17.0","9.8","1002.9","1014.5"
"2026-09-08","02:04:40","Clear","Dry","Dark","1.2","20.9","3200","57232","22.1","25%","26.4","","Opened","7.520","18","Safe","Calm","0.0","73","17.0","9.6","1002.8","1014.5"
"2026-09-08","02:04:50","Clear","Dry","Dark","1.3","20.9","3200","57232","22.1","25%","26.5","Heating DOWN","Opened","7.456","18","Safe","Calm","0.0","73","17.0","9.6","1002.9","1014.6"
"2026-09-08","02:05:00","Clear","Wet","Dark","1.2","20.8","3149","57232","22.1","24%","26.5","Heating DOWN","Opened","7.448","18","Safe","Calm","0.0","73","17.0","9.6","1002.9","1014.5"
"2026-09-08","02:05:10","Clear","Wet","Dark","1.3","20.9","3168","57232","22.1","23%","26.5","Heating DOWN","Opened","7.429","18","Safe","Calm","0.0","73","17.0","9.6","1002.9","1014.6"
"2026-09-08","02:05:20","Clear","Dry","Dark","1.2","20.8","3200","57232","22.1","22%","26.5","Heating DOWN","Opened","7.434","18","Safe","Calm","0.0","73","17.0","9.6","1002.9","1014.5"
"2026-09-08","02:05:30","Clear","Dry","Dark","1.2","20.8","3200","57232","22.1","21%","26.5","Heating DOWN","Opened","7.432","18","Safe","Calm","0.0","73","17.0","9.6","1002.9","1014.5"
"2026-09-08","02:05:40","Clear","Wet","Dark","1.2","20.8","3148","57232","22.1","20%","26.5","Heating DOWN","Opened","7.570","18","Safe","Calm","0.0","73","17.0","9.6","1002.9","1014.5"
"2026-09-08","02:05:50","Clear","Wet","Dark","1.3","20.8","3157","57232","22.1","19%","26.5","Heating DOWN","Opened","7.422","18","Safe","Calm","0.0","73","17.0","9.7","1002.9","1014.5"
"2026-09-08","02:06:00","Clear","Dry","Dark","1.2","20.8","3200","57232","22.1","18%","26.4","","Opened","7.300","18","Safe","Calm","0.0","73","17.0","9.6","1002.9","1014.5"
"2026-09-08","02:06:10","Clear","Dry","Dark","1.3","20.8","3200","57232","22.1","18%","26.4","","Opened","7.367","18","Safe","Calm","0.0","73","17.0","9.7","1002.9","1014.6"
"2026-09-08","02:06:20","Clear","Dry","Dark","1.2","20.8","3200","57232","22.1","18%","26.3","","Opened","7.316","18","Safe","Calm","0.0","73","17.0","9.6","1002.9","1014.6"
"2026-09-08","02:06:30","Clear","Dry","Dark","1.2","20.8","3200","57232","22.1","18%","26.3","","Opened","7.392","18","Safe","Calm","0.0","73","17.0","9.6","1002.8","1014.5"
"2026-09-08","02:06:40","Clear","Dry","Dark","1.4","20.8","3200","57232","22.1","18%","26.2","","Opened","7.482","18","Safe","Calm","0.0","73","17.0","9.8","1002.9","1014.5"
"2026-09-08","02:06:50","Clear","Dry","Dark","1.3","20.8","3200","57232","22.1","18%","26.2","","Opened","7.304","18","Safe","Calm","0.0","72","17.0","9.7","1002.8","1014.5"
"2026-09-08","02:07:00","Clear","Dry","Dark","1.5","20.8","3200","57232","22.2","18%","26.1","","Opened","7.389","18","Safe","Calm","0.0","72","17.0","9.9","1002.9","1014.5"
"2026-09-08","02:07:10","Clear","Dry","Dark","1.4","20.8","3200","57232","22.2","18%","26.0","","Opened","7.322","18","Safe","Calm","0.0","72","17.0","9.8","1002.8","1014.5"
"2026-09-08","02:07:20","Clear","Dry","Dark","1.3","20.8","3200","57232","22.2","18%","26.0","","Opened","7.393","18","Safe","Calm","0.0","72","17.0","9.7","1002.9","1014.6"
"2026-09-08","02:07:30","Clear","Dry","Dark","1.5","20.8","3200","57232","22.2","18%","25.9","","Opened","7.330","18","Safe","Calm","0.0","72","17.0","9.9","1002.8","1014.5"
"2026-09-08","02:07:40","Clear","Dry","Dark","1.5","20.8","3200","57232","22.2","18%","25.9","","Opened","7.405","18","Safe","Calm","0.0","72","17.0","9.9","1002.8","1014.5"
"2026-09-08","02:07:50","Clear","Dry","Dark","1.3","20.8","3200","57232","22.2","18%","25.8","Heating UP","Opened","7.481","18","Safe","Calm","0.0","72","17.0","9.7","1002.8","1014.5"
"2026-09-08","02:08:00","Clear","Wet","Dark","1.5","20.8","3115","57232","22.2","19%","25.8","Heating UP","Opened","7.479","18","Safe","Calm","0.0","72","17.0","10.0","1002.9","1014.6"
"2026-09-08","02:08:10","Clear","Wet","Dark","1.3","20.8","3110","57232","22.2","20%","25.7","Heating UP","Opened","7.444","18","Safe","Calm","0.0","72","17.0","9.8","1002.9","1014.5"
"2026-09-08","02:08:20","Clear","Dry","Dark","1.5","20.8","3200","57232","22.2","22%","25.7","Heating UP","Opened","7.455","18","Safe","Calm","0.0","72","17.0","10.0","1002.9","1014.5"
"2026-09-08","02:08:30","Clear","Wet","Dark","1.6","20.8","3077","57232","22.2","24%","25.7","Heating UP","Opened","7.462","18","Safe","Calm","0.0","72","17.0","10.1","1002.9","1014.5"
"2026-09-08","02:08:41","Clear","Dry","Dark","1.6","20.8","3200","57232","22.2","26%","25.7","Heating UP","Opened","7.599","18","Safe","Calm","0.0","72","17.0","10.0","1002.8","1014.5"
"2026-09-08","02:08:50","Clear","Wet","Dark","1.6","20.8","3104","57232","22.2","28%","25.8","","Opened","7.336","18","Safe","Calm","0.0","72","17.0","10.0","1002.9","1014.5"
"2026-09-08","02:09:00","Clear","Wet","Dark","1.7","20.9","3103","57232","22.2","28%","25.8","Heating UP","Opened","7.407","18","Safe","Calm","0.0","72","17.0","10.1","1002.9","1014.5"
"2026-09-08","02:09:10","Clear","Wet","Dark","1.5","20.9","3157","57232","22.2","29%","25.9","","Opened","7.257","18","Safe","Calm","0.0","72","17.0","9.9","1002.8","1014.5"
"2026-09-08","02:09:20","Clear","Wet","Dark","1.5","20.9","3158","57232","22.2","29%","25.9","Heating UP","Opened","7.469","18","Safe","Calm","0.0","72","17.0","9.9","1002.8","1014.5"
"2026-09-08","02:09:30","Clear","Dry","Dark","1.4","20.9","3200","57232","22.2","30%","26.0","","Opened","7.339","18","Safe","Calm","0.0","72","17.0","9.9","1002.8","1014.5"
"2026-09-08","02:09:40","Clear","Dry","Dark","1.6","20.9","3200","57232","22.2","30%","26.1","","Opened","7.432","18","Safe","Calm","0.0","72","17.0","10.0","1002.8","1014.5"
"2026-09-08","02:09:50","Clear","Dry","Dark","1.7","20.9","3200","57232","22.3","30%","26.2","","Opened","7.387","18","Safe","Calm","0.0","72","17.1","10.2","1002.8","1014.5"
"2026-09-08","02:10:00","Clear","Dry","Dark","1.5","20.9","3200","57232","22.3","30%","26.3","","Opened","7.346","18","Safe","Calm","0.0","72","17.1","10.0","1002.8","1014.4"
"2026-09-08","02:10:10","Clear","Dry","Dark","1.6","20.9","3200","57232","22.3","30%","26.3","","Opened","7.283","18","Safe","Calm","0.0","72","17.1","10.0","1002.8","1014.5"
"2026-09-08","02:10:20","Clear","Dry","Dark","1.8","20.9","3200","57232","22.3","30%","26.4","","Opened","7.371","18","Safe","Calm","0.0","73","17.1","10.2","1002.8","1014.4"
"2026-09-08","02:10:30","Clear","Dry","Dark","1.5","21.0","3200","57232","22.3","30%","26.4","","Opened","7.324","18","Safe","Calm","0.0","73","17.1","10.0","1002.8","1014.5"
"2026-09-08","02:10:40","Clear","Dry","Dark","1.6","21.0","3200","57232","22.3","30%","26.5","","Opened","7.425","18","Safe","Calm","0.0","73","17.2","10.0","1002.8","1014.5"
"2026-09-08","02:10:50","Clear","Dry","Dark","1.5","21.0","3200","57232","22.3","30%","26.5","","Opened","7.361","18","Safe","Calm","0.0","73","17.1","9.9","1002.8","1014.4"
"2026-09-08","02:11:00","Clear","Dry","Dark","1.6","21.0","3200","57232","22.3","30%","26.6","","Opened","7.321","18","Safe","Calm","0.0","73","17.2","10.1","1002.8","1014.5"
"2026-09-08","02:11:10","Clear","Dry","Dark","1.4","21.0","3200","57232","22.3","30%","26.6","","Opened","7.262","18","Safe","Calm","0.0","73","17.2","9.9","1002.8","1014.4"
"2026-09-08","02:11:20","Clear","Dry","Dark","1.4","21.0","3200","57232","22.3","30%","26.7","Heating DOWN","Opened","7.466","18","Safe","Calm","0.0","73","17.2","9.9","1002.8","1014.5"
"2026-09-08","02:11:30","Clear","Dry","Dark","1.4","21.0","3200","57232","22.3","29%","26.7","Heating DOWN","Opened","7.466","18","Safe","Calm","0.0","73","17.2","9.9","1002.8","1014.5"
"2026-09-08","02:11:41","Clear","Wet","Dark","1.7","21.0","3134","57232","22.3","28%","26.8","Heating DOWN","Opened","7.601","18","Safe","Calm","0.0","73","17.2","10.2","1002.9","1014.5"
"2026-09-08","02:11:50","Clear","Wet","Dark","1.7","21.0","3156","57232","22.3","27%","26.8","Heating DOWN","Opened","7.461","18","Safe","Calm","0.0","73","17.2","10.2","1002.8","1014.4"
"2026-09-08","02:12:00","Clear","Dry","Dark","1.4","21.0","3200","57232","22.3","26%","26.9","Heating DOWN","Opened","7.465","18","Safe","Calm","0.0","73","17.2","9.9","1002.8","1014.4"
"2026-09-08","02:12:10","Clear","Wet","Dark","1.7","21.0","3118","57232","22.3","24%","26.9","Heating DOWN","Opened","7.440","18","Safe","Calm","0.0","73","17.2","10.2","1002.8","1014.4"
"2026-09-08","02:12:20","Clear","Dry","Dark","1.5","21.1","3200","57232","22.4","22%","26.8","","Opened","7.315","18","Safe","Calm","0.0","73","17.2","10.0","1002.8","1014.4"
"2026-09-08","02:12:30","Clear","Dry","Dark","1.6","21.1","3200","57232","22.4","22%","26.8","Heating DOWN","Opened","7.520","18","Safe","Calm","0.0","73","17.2","10.2","1002.8","1014.5"
"2026-09-08","02:12:40","Clear","Dry","Dark","1.6","21.1","3200","57232","22.4","21%","26.7","","Opened","7.409","18","Safe","Calm","0.0","73","17.2","10.1","1002.8","1014.5"
"2026-09-08","02:12:50","Clear","Dry","Dark","1.6","21.1","3200","57232","22.4","21%","26.7","","Opened","7.361","18","Safe","Calm","0.0","73","17.3","10.2","1002.8","1014.4"
"2026-09-08","02:13:00","Clear","Dry","Dark","1.5","21.1","3200","57232","22.4","21%","26.6","","Opened","7.317","18","Safe","Calm","0.0","73","17.3","10.1","1002.8","1014.5"
"2026-09-08","02:13:10","Clear","Dry","Dark","1.5","21.1","3200","57232","22.4","21%","26.6","","Opened","7.253","18","Safe","Calm","0.0","73","17.3","10.1","1002.7","1014.3"
"2026-09-08","02:13:20","Clear","Dry","Dark","1.4","21.1","3200","57232","22.4","21%","26.5","","Opened","7.333","18","Safe","Calm","0.0","73","17.3","10.0","1002.8","1014.5"
"2026-09-08","02:13:30","Clear","Dry","Dark","1.5","21.2","3200","57232","22.4","21%","26.5","","Opened","7.288","18","Safe","Calm","0.0","73","17.3","10.1","1002.8","1014.4"
"2026-09-08","02:13:40","Clear","Dry","Dark","1.6","21.1","3200","57232","22.4","21%","26.5","","Opened","7.507","18","Safe","Calm","0.0","73","17.3","10.2","1002.8","1014.5"
"2026-09-08","02:13:50","Clear","Dry","Dark","1.4","21.2","3200","57232","22.5","21%","26.4","","Opened","7.316","18","Safe","Calm","0.0","73","17.4","10.0","1002.8","1014.4"
"2026-09-08","02:14:00","Clear","Dry","Dark","1.6","21.2","3200","57232","22.5","21%","26.4","","Opened","7.376","18","Safe","Calm","0.0","73","17.4","10.2","1002.8","1014.4"
"2026-09-08","02:14:10","Clear","Dry","Dark","1.5","21.2","3200","57232","22.5","21%","26.4","","Opened","7.310","18","Safe","Calm","0.0","73","17.4","10.1","1002.7","1014.3"
"2026-09-08","02:14:20","Clear","Dry","Dark","1.5","21.2","3200","57232","22.5","21%","26.4","","Opened","7.393","18","Safe","Calm","0.0","73","17.4","10.1","1002.8","1014.5"
"2026-09-08","02:14:30","Clear","Dry","Dark","1.6","21.2","3200","57232","22.5","21%","26.3","","Opened","7.350","18","Safe","Calm","0.0","73","17.4","10.2","1002.8","1014.5"
"2026-09-08","02:14:40","Clear","Dry","Dark","1.5","21.2","3200","57232","22.5","21%","26.3","","Opened","7.444","18","Safe","Calm","0.0","73","17.4","10.1","1002.8","1014.5"
"2026-09-08","02:14:50","Clear","Dry","Dark","1.4","21.2","3200","57232","22.5","21%","26.3","","Opened","7.392","18","Safe","Calm","0.0","73","17.4","10.0","1002.8","1014.4"
"2026-09-08","02:15:00","Clear","Dry","Dark","1.3","21.2","3200","57232","22.5","21%","26.3","","Opened","7.341","18","Safe","Calm","0.0","73","17.4","9.9","1002.8","1014.4"
"2026-09-08","02:15:10","Clear","Dry","Dark","1.4","21.2","3200","57232","22.6","21%","26.3","","Opened","7.271","18","Safe","Calm","0.0","73","17.5","10.0","1002.8","1014.5"
"2026-09-08","02:15:20","Clear","Dry","Dark","1.6","21.2","3200","57232","22.5","21%","26.3","","Opened","7.348","18","Safe","Calm","0.0","73","17.4","10.2","1002.8","1014.4"
"2026-09-08","02:15:30","Clear","Dry","Dark","1.4","21.3","3200","57232","22.6","21%","26.2","Heating UP","Opened","7.432","18","Safe","Calm","0.0","73","17.5","10.1","1002.7","1014.3"
"2026-09-08","02:15:41","Clear","Dry","Dark","1.4","21.3","3200","57232","22.6","22%","26.2","Heating UP","Opened","7.575","18","Safe","Calm","0.0","73","17.4","10.0","1002.8","1014.4"
"2026-09-08","02:15:50","Clear","Wet","Dark","1.5","21.3","3136","57232","22.6","23%","26.2","Heating UP","Opened","7.421","18","Safe","Calm","0.0","73","17.4","10.2","1002.8","1014.4"
"2026-09-08","02:16:00","Clear","Wet","Dark","1.4","21.3","3115","57232","22.6","24%","26.2","Heating UP","Opened","7.432","18","Safe","Calm","0.0","73","17.5","10.1","1002.8","1014.4"
"2026-09-08","02:16:10","Clear","Dry","Dark","1.4","21.3","3200","57232","22.6","25%","26.2","Heating UP","Opened","7.404","18","Safe","Calm","0.0","73","17.5","10.0","1002.8","1014.4"
"2026-09-08","02:16:20","Clear","Dry","Dark","1.6","21.3","3200","57232","22.6","26%","26.2","Heating UP","Opened","7.401","18","Safe","Calm","0.0","73","17.4","10.2","1002.8","1014.5"
"2026-09-08","02:16:31","Clear","Wet","Dark","1.6","21.3","3136","57232","22.6","27%","26.2","Heating UP","Opened","7.503","18","Safe","Calm","0.0","73","17.5","10.3","1002.8","1014.4"
"2026-09-08","02:16:41","Clear","Wet","Dark","1.6","21.4","3105","57232","22.6","28%","26.3","","Opened","7.527","18","Safe","Calm","0.0","73","17.5","10.2","1002.8","1014.4"
"2026-09-08","02:16:51","Clear","Wet","Dark","1.5","21.4","3099","57232","22.6","28%","26.3","Heating UP","Opened","7.445","18","Safe","Calm","0.0","73","17.5","10.2","1002.8","1014.4"
"2026-09-08","02:17:00","Clear","Dry","Dark","1.5","21.4","3200","57232","22.7","29%","26.4","","Opened","7.320","18","Safe","Calm","0.0","73","17.5","10.2","1002.8","1014.4"
"2026-09-08","02:17:10","Clear","Wet","Dark","1.4","21.4","3157","57232","22.7","29%","26.5","","Opened","7.265","18","Safe","Calm","0.0","73","17.5","10.1","1002.6","1014.3"
"2026-09-08","02:17:20","Clear","Dry","Dark","1.4","21.4","3200","57232","22.7","29%","26.6","","Opened","7.348","18","Safe","Calm","0.0","73","17.5","10.1","1002.7","1014.3"
"2026-09-08","02:17:30","Clear","Wet","Dark","1.4","21.4","3200","57232","22.7","29%","26.7","","Opened","7.305","18","Safe","Calm","0.0","73","17.6","10.2","1002.8","1014.4"
"2026-09-08","02:17:41","Clear","Dry","Dark","1.5","21.4","3200","57232","22.7","29%","26.7","","Opened","7.530","18","Safe","Calm","0.0","73","17.6","10.2","1002.8","1014.4"
"2026-09-08","02:17:50","Clear","Dry","Dark","1.4","21.4","3200","57232","22.7","29%","26.9","","Opened","7.348","18","Safe","Calm","0.0","73","17.6","10.1","1002.7","1014.3"
"2026-09-08","02:18:00","Clear","Dry","Dark","1.6","21.4","3200","57232","22.7","29%","27.0","","Opened","7.305","18","Safe","Calm","0.0","73","17.6","10.3","1002.8","1014.4"
"2026-09-08","02:18:10","Clear","Wet","Dark","1.4","21.4","3157","57232","22.7","29%","27.0","","Opened","7.368","18","Safe","Calm","0.0","73","17.7","10.2","1002.8","1014.4"
"2026-09-08","02:18:21","Clear","Wet","Dark","1.4","21.4","3157","57232","22.7","29%","27.1","Heating DOWN","Opened","7.455","18","Safe","Calm","0.0","73","17.7","10.2","1002.8","1014.4"
"2026-09-08","02:18:31","Clear","Wet","Dark","1.4","21.4","3115","57232","22.8","28%","27.2","Heating DOWN","Opened","7.462","18","Safe","Calm","0.0","73","17.7","10.2","1002.8","1014.4"
"2026-09-08","02:18:41","Clear","Wet","Dark","1.5","21.4","3136","57232","22.8","27%","27.2","Heating DOWN","Opened","7.607","18","Safe","Calm","0.0","73","17.7","10.2","1002.8","1014.4"
"2026-09-08","02:18:51","Clear","Dry","Dark","1.4","21.4","3200","57232","22.8","26%","27.2","Heating DOWN","Opened","7.463","18","Safe","Calm","0.0","73","17.7","10.1","1002.7","1014.3"
"2026-09-08","02:19:00","Clear","Dry","Dark","1.5","21.4","3200","57232","22.8","25%","27.1","","Opened","7.318","18","Safe","Calm","0.0","73","17.8","10.3","1002.7","1014.3"
"2026-09-08","02:19:10","Clear","Dry","Dark","1.5","21.4","3200","57232","22.8","25%","27.2","Heating DOWN","Opened","7.389","18","Safe","Calm","0.0","73","17.8","10.3","1002.8","1014.4"
"2026-09-08","02:19:21","Clear","Wet","Dark","1.3","21.4","3136","57232","22.8","24%","27.2","Heating DOWN","Opened","7.519","18","Safe","Calm","0.0","73","17.7","10.0","1002.8","1014.4"
"2026-09-08","02:19:31","Clear","Wet","Dark","1.4","21.4","3155","57232","22.8","23%","27.2","Heating DOWN","Opened","7.523","18","Safe","Calm","0.0","73","17.7","10.1","1002.8","1014.4"
"2026-09-08","02:19:41","Clear","Dry","Dark","1.3","21.4","3200","57232","22.8","22%","27.1","","Opened","7.531","18","Safe","Calm","0.0","73","17.7","10.1","1002.9","1014.5"
"2026-09-08","02:19:50","Clear","Dry","Dark","1.3","21.4","3200","57232","22.8","22%","27.1","","Opened","7.347","18","Safe","Calm","0.0","73","17.8","10.1","1002.8","1014.4"
"2026-09-08","02:20:00","Clear","Dry","Dark","1.5","21.4","3200","57232","22.8","22%","27.0","","Opened","7.307","18","Safe","Calm","0.0","73","17.7","10.3","1002.7","1014.3"
"2026-09-08","02:20:10","Clear","Dry","Dark","1.4","21.4","3200","57232","22.9","22%","27.0","","Opened","7.378","18","Safe","Calm","0.0","73","17.8","10.2","1002.8","1014.4"
"2026-09-08","02:20:20","Clear","Dry","Dark","1.4","21.4","3200","57232","22.8","22%","26.9","","Opened","7.324","18","Safe","Calm","0.0","73","17.7","10.2","1002.8","1014.4"
"2026-09-08","02:20:30","Clear","Dry","Dark","1.5","21.4","3200","57232","22.9","22%","26.9","","Opened","7.291","18","Safe","Calm","0.0","73","17.7","10.3","1002.8","1014.4"
"2026-09-08","02:20:41","Clear","Dry","Dark","1.4","21.4","3200","57232","22.9","22%","26.9","","Opened","7.503","18","Safe","Calm","0.0","73","17.7","10.2","1002.8","1014.4"
"2026-09-08","02:20:50","Clear","Dry","Dark","1.4","21.5","3200","57232","22.9","22%","26.9","","Opened","7.334","18","Safe","Calm","0.0","73","17.7","10.2","1002.8","1014.4"
"2026-09-08","02:21:00","Clear","Dry","Dark","1.3","21.5","3200","57232","22.9","22%","26.9","","Opened","7.288","18","Safe","Calm","0.0","73","17.7","10.2","1002.8","1014.4"
"2026-09-08","02:21:10","Clear","Dry","Dark","1.4","21.4","3200","57232","22.9","22%","26.9","","Opened","7.351","18","Safe","Calm","0.0","73","17.7","10.2","1002.7","1014.3"
"2026-09-08","02:21:20","Clear","Dry","Dark","1.5","21.5","3200","57232","22.9","22%","26.9","","Opened","7.318","18","Safe","Calm","0.0","73","17.7","10.3","1002.8","1014.4"
"2026-09-08","02:21:30","Clear","Dry","Dark","1.4","21.5","3200","57232","22.9","22%","26.9","","Opened","7.278","18","Safe","Calm","0.0","73","17.7","10.2","1002.8","1014.4"
"2026-09-08","02:21:41","Clear","Dry","Dark","1.5","21.5","3200","57232","22.9","22%","26.9","","Opened","7.501","18","Safe","Calm","0.0","73","17.7","10.3","1002.8","1014.4"
"2026-09-08","02:21:50","Clear","Dry","Dark","1.4","21.5","3200","57232","22.9","22%","26.8","","Opened","7.316","18","Safe","Calm","0.0","73","17.7","10.2","1002.8","1014.4"
"2026-09-08","02:22:00","Clear","Dry","Dark","1.4","21.5","3200","57232","22.9","22%","26.8","","Opened","7.275","18","Safe","Calm","0.0","73","17.7","10.2","1002.8","1014.4"
"2026-09-08","02:22:10","Clear","Dry","Dark","1.4","21.5","3200","57232","22.9","22%","26.9","","Opened","7.336","18","Safe","Calm","0.0","73","17.7","10.3","1002.8","1014.4"
"2026-09-08","02:22:20","Clear","Dry","Dark","1.6","21.4","3200","57232","22.9","22%","26.9","","Opened","7.298","18","Safe","Calm","0.0","73","17.7","10.4","1002.8","1014.4"
"2026-09-08","02:22:30","Clear","Dry","Dark","1.4","21.4","3200","57232","22.9","22%","26.9","","Opened","7.379","18","Safe","Calm","0.0","73","17.7","10.2","1002.8","1014.4"
"2026-09-08","02:22:41","Clear","Dry","Dark","1.4","21.4","3200","57232","22.9","22%","26.9","","Opened","7.479","18","Safe","Calm","0.0","73","17.7","10.3","1002.8","1014.4"
"2026-09-08","02:22:50","Clear","Dry","Dark","1.5","21.4","3200","57232","22.9","22%","26.9","","Opened","7.302","18","Safe","Calm","0.0","73","17.7","10.3","1002.8","1014.4"
"2026-09-08","02:23:00","Clear","Dry","Dark","1.4","21.4","3200","57232","22.9","22%","26.9","","Opened","7.386","18","Safe","Calm","0.0","72","17.7","10.2","1002.8","1014.4"
"2026-09-08","02:23:10","Clear","Dry","Dark","1.4","21.4","3200","57232","22.9","22%","26.9","","Opened","7.321","18","Safe","Calm","0.0","72","17.7","10.3","1002.8","1014.4"
"2026-09-08","02:23:20","Clear","Dry","Dark","1.5","21.5","3200","57232","22.9","22%","26.9","","Opened","7.276","18","Safe","Calm","0.0","72","17.7","10.4","1002.8","1014.4"
"2026-09-08","02:23:30","Clear","Dry","Dark","1.7","21.5","3200","57232","22.9","22%","26.9","","Opened","7.365","18","Safe","Calm","0.0","72","17.7","10.5","1002.7","1014.3"
"2026-09-08","02:23:41","Clear","Dry","Dark","1.4","21.5","3200","57232","23.0","22%","26.9","","Opened","7.455","18","Safe","Calm","0.0","73","17.8","10.3","1002.8","1014.4"
"2026-09-08","02:23:50","Clear","Dry","Dark","1.7","21.5","3200","57232","23.0","22%","26.9","","Opened","7.392","18","Safe","Calm","0.0","73","17.8","10.6","1002.8","1014.4"
"2026-09-08","02:24:00","Clear","Dry","Dark","1.6","21.5","3200","57232","23.0","22%","26.9","","Opened","7.350","18","Safe","Calm","0.0","73","17.8","10.5","1002.7","1014.3"
"2026-09-08","02:24:10","Clear","Dry","Dark","1.4","21.6","3200","57232","23.0","22%","26.9","","Opened","7.285","18","Safe","Calm","0.0","73","17.8","10.2","1002.8","1014.4"
"2026-09-08","02:24:20","Clear","Dry","Dark","1.4","21.6","3200","57232","23.0","22%","26.9","","Opened","7.370","18","Safe","Calm","0.0","73","17.8","10.3","1002.7","1014.3"
"2026-09-08","02:24:30","Clear","Dry","Dark","1.3","21.5","3200","57232","23.0","22%","26.9","","Opened","7.310","18","Safe","Calm","0.0","73","17.9","10.2","1002.8","1014.4"
"2026-09-08","02:24:41","Clear","Dry","Dark","1.3","21.5","3200","57232","23.0","22%","26.9","","Opened","7.535","18","Safe","Calm","0.0","73","17.9","10.2","1002.7","1014.3"
"2026-09-08","02:24:50","Clear","Dry","Dark","1.4","21.5","3200","57232","23.0","22%","26.9","","Opened","7.329","18","Safe","Calm","0.0","73","17.8","10.2","1002.9","1014.5"
"2026-09-08","02:25:00","Clear","Dry","Dark","1.1","21.5","3200","57232","23.0","22%","26.9","","Opened","7.294","18","Safe","Calm","0.0","73","17.9","10.0","1002.7","1014.3"
"2026-09-08","02:25:10","Clear","Dry","Dark","1.1","21.5","3200","57232","23.0","22%","26.9","","Opened","7.352","18","Safe","Calm","0.0","73","17.9","10.0","1002.7","1014.3"
"2026-09-08","02:25:20","Clear","Dry","Dark","1.3","21.5","3200","57232","23.0","22%","26.9","","Opened","7.306","18","Safe","Calm","0.0","73","17.8","10.2","1002.7","1014.3"
"2026-09-08","02:25:30","Clear","Dry","Dark","1.3","21.5","3200","57232","23.0","22%","26.9","","Opened","7.275","18","Safe","Calm","0.0","73","17.8","10.2","1002.7","1014.3"
"2026-09-08","02:25:41","Clear","Dry","Dark","1.4","21.5","3200","57232","23.0","22%","26.8","","Opened","7.504","18","Safe","Calm","0.0","73","17.8","10.3","1002.7","1014.3"
"2026-09-08","02:25:50","Clear","Dry","Dark","1.5","21.5","3200","57232","23.0","22%","26.8","","Opened","7.318","18","Safe","Calm","0.0","73","17.8","10.3","1002.7","1014.3"
"2026-09-08","02:26:00","Clear","Dry","Dark","1.3","21.5","3200","57232","23.0","22%","26.8","","Opened","7.282","18","Safe","Calm","0.0","72","17.8","10.2","1002.7","1014.3"
"2026-09-08","02:26:10","Clear","Dry","Dark","1.3","21.5","3200","57232","23.0","22%","26.8","","Opened","7.340","18","Safe","Calm","0.0","72","17.8","10.2","1002.7","1014.3"
"2026-09-08","02:26:20","Clear","Dry","Dark","1.3","21.5","3200","57232","23.1","22%","26.9","","Opened","7.296","18","Safe","Calm","0.0","72","17.8","10.2","1002.8","1014.4"
"2026-09-08","02:26:30","Clear","Dry","Dark","1.3","21.5","3200","57232","23.1","22%","26.9","","Opened","7.382","18","Safe","Calm","0.0","72","17.8","10.2","1002.8","1014.4"
"2026-09-08","02:26:41","Clear","Dry","Dark","1.3","21.5","3200","57232","23.1","22%","26.9","","Opened","7.476","18","Safe","Calm","0.0","72","17.8","10.2","1002.7","1014.3"
"2026-09-08","02:26:50","Clear","Dry","Dark","1.2","21.5","3200","57232","23.1","22%","26.9","","Opened","7.292","18","Safe","Calm","0.0","72","17.8","10.1","1002.8","1014.4"
"2026-09-08","02:27:00","Clear","Dry","Dark","0.9","21.4","3200","57232","23.1","22%","26.9","","Opened","7.378","18","Safe","Calm","0.0","72","17.8","9.8","1002.7","1014.3"
"2026-09-08","02:27:10","Clear","Dry","Dark","1.0","21.4","3200","57232","23.1","22%","26.8","","Opened","7.316","18","Safe","Calm","0.0","72","17.8","9.9","1002.8","1014.4"
"2026-09-08","02:27:21","Clear","Dry","Dark","1.0","21.4","3200","57232","23.0","22%","26.7","Heating UP","Opened","7.506","18","Safe","Calm","0.0","72","17.7","9.9","1002.7","1014.3"
"2026-09-08","02:27:31","Clear","Wet","Dark","1.0","21.4","3157","57232","23.0","23%","26.7","Heating UP","Opened","7.490","18","Safe","Calm","0.0","72","17.7","9.9","1002.8","1014.4"
"2026-09-08","02:27:41","Clear","Wet","Dark","1.1","21.4","3136","57232","23.0","24%","26.7","Heating UP","Opened","7.614","18","Safe","Calm","0.0","72","17.7","10.0","1002.8","1014.4"
"2026-09-08","02:27:51","Clear","Dry","Dark","1.1","21.4","3200","57232","23.0","25%","26.6","Heating UP","Opened","7.478","18","Safe","Calm","0.0","72","17.6","10.0","1002.7","1014.3"
"2026-09-08","02:28:01","Clear","Dry","Dark","0.9","21.3","3200","57232","23.0","26%","26.6","Heating UP","Opened","7.476","18","Safe","Calm","0.0","72","17.6","9.8","1002.8","1014.4"
"2026-09-08","02:28:11","Clear","Wet","Dark","0.9","21.3","3158","57232","23.0","27%","26.5","Heating UP","Opened","7.453","18","Safe","Calm","0.0","72","17.6","9.8","1002.7","1014.3"
"2026-09-08","02:28:21","Clear","Dry","Dark","1.1","21.3","3200","57232","23.0","29%","26.5","Heating UP","Opened","7.447","18","Safe","Calm","0.0","71","17.5","10.0","1002.7","1014.3"
"2026-09-08","02:28:31","Clear","Wet","Dark","1.1","21.3","3157","57232","23.0","31%","26.5","Heating UP","Opened","7.449","18","Safe","Calm","0.0","71","17.5","10.0","1002.7","1014.3"
"2026-09-08","02:28:41","Clear","Wet","Dark","1.1","21.3","3136","57232","22.9","32%","26.5","Heating UP","Opened","7.586","18","Safe","Calm","0.0","71","17.4","9.9","1002.7","1014.3"
"2026-09-08","02:28:50","Clear","Wet","Dark","1.0","21.3","3168","57232","22.9","33%","26.6","","Opened","7.309","18","Safe","Calm","0.0","71","17.4","9.9","1002.8","1014.4"
"2026-09-08","02:29:01","Clear","Wet","Dark","1.0","21.2","3168","57232","22.9","33%","26.6","Heating UP","Opened","7.515","18","Safe","Calm","0.0","71","17.4","9.9","1002.7","1014.3"
"2026-09-08","02:29:10","Clear","Dry","Dark","1.2","21.2","3200","57232","22.9","34%","26.8","","Opened","7.369","18","Safe","Calm","0.0","71","17.4","10.0","1002.7","1014.3"
"2026-09-08","02:29:20","Clear","Dry","Dark","1.2","21.2","3200","57232","22.9","34%","26.9","","Opened","7.314","18","Safe","Calm","0.0","71","17.3","10.0","1002.7","1014.3"
"2026-09-08","02:29:30","Clear","Dry","Dark","1.3","21.2","3200","57232","22.9","34%","27.0","","Opened","7.268","18","Safe","Calm","0.0","71","17.3","10.1","1002.8","1014.4"
"2026-09-08","02:29:41","Clear","Dry","Dark","1.2","21.2","3200","57232","22.8","34%","27.1","","Opened","7.494","18","Safe","Calm","0.0","71","17.2","10.0","1002.7","1014.3"
"2026-09-08","02:29:51","Clear","Dry","Dark","1.1","21.2","3200","57232","22.8","34%","27.2","Heating DOWN","Opened","7.440","18","Safe","Calm","0.0","71","17.2","9.9","1002.7","1014.3"
"2026-09-08","02:30:01","Clear","Wet","Dark","1.1","21.2","3186","57232","22.8","33%","27.3","Heating DOWN","Opened","7.431","18","Safe","Calm","0.0","71","17.2","9.9","1002.7","1014.3"
"2026-09-08","02:30:11","Clear","Wet","Dark","1.1","21.2","3160","57232","22.8","32%","27.3","Heating DOWN","Opened","7.410","18","Safe","Calm","0.0","71","17.2","9.9","1002.7","1014.3"
"2026-09-08","02:30:21","Clear","Dry","Dark","1.1","21.2","3200","57232","22.8","31%","27.3","Heating DOWN","Opened","7.411","18","Safe","Calm","0.0","71","17.2","9.9","1002.7","1014.3"
"2026-09-08","02:30:31","Clear","Dry","Dark","1.1","21.2","3200","57232","22.8","30%","27.3","Heating DOWN","Opened","7.407","18","Safe","Calm","0.0","71","17.2","9.9","1002.7","1014.3"
"2026-09-08","02:30:41","Clear","Dry","Dark","1.1","21.2","3200","57232","22.8","29%","27.3","Heating DOWN","Opened","7.537","18","Safe","Calm","0.0","71","17.2","9.8","1002.7","1014.3"
"2026-09-08","02:30:51","Clear","Wet","Dark","1.1","21.2","3162","57232","22.8","28%","27.3","Heating DOWN","Opened","7.520","18","Safe","Calm","0.0","71","17.2","9.9","1002.8","1014.4"
"2026-09-08","02:31:01","Clear","Dry","Dark","1.1","21.2","3200","57232","22.7","26%","27.3","Heating DOWN","Opened","7.518","18","Safe","Calm","0.0","71","17.1","9.9","1002.7","1014.3"
"2026-09-08","02:31:11","Clear","Wet","Dark","1.2","21.2","3157","57232","22.7","24%","27.3","Heating DOWN","Opened","7.501","18","Safe","Calm","0.0","71","17.1","9.9","1002.8","1014.4"
"2026-09-08","02:31:21","Clear","Dry","Dark","1.2","21.2","3200","57232","22.7","22%","27.3","Heating DOWN","Opened","7.492","18","Safe","Calm","0.0","71","17.1","9.9","1002.8","1014.4"
"2026-09-08","02:31:31","Clear","Wet","Dark","1.2","21.2","3150","57232","22.7","20%","27.3","Heating DOWN","Opened","7.473","18","Safe","Calm","0.0","71","17.1","9.9","1002.6","1014.3"
"2026-09-08","02:31:41","Clear","Dry","Dark","1.1","21.2","3200","57232","22.7","18%","27.2","","Opened","7.475","18","Safe","Calm","0.0","71","17.1","9.8","1002.7","1014.3"
"2026-09-08","02:31:50","Clear","Dry","Dark","1.2","21.2","3200","57232","22.7","18%","27.1","","Opened","7.292","18","Safe","Calm","0.0","71","17.1","9.9","1002.7","1014.3"
"2026-09-08","02:32:01","Clear","Dry","Dark","1.2","21.2","3200","57232","22.7","18%","27.0","","Opened","7.382","18","Safe","Calm","0.0","71","17.1","9.9","1002.7","1014.3"
"2026-09-08","02:32:10","Clear","Dry","Dark","1.2","21.1","3200","57232","22.7","18%","26.9","","Opened","7.313","18","Safe","Calm","0.0","71","17.1","9.9","1002.6","1014.3"
"2026-09-08","02:32:20","Clear","Dry","Dark","1.2","21.2","3200","57232","22.7","18%","26.8","","Opened","7.271","18","Safe","Calm","0.0","71","17.1","9.9","1002.7","1014.3"
"2026-09-08","02:32:30","Clear","Dry","Dark","1.1","21.2","3200","57232","22.7","18%","26.8","","Opened","7.332","18","Safe","Calm","0.0","71","17.1","9.8","1002.6","1014.3"
"2026-09-08","02:32:41","Clear","Dry","Dark","1.1","21.1","3200","57232","22.7","18%","26.7","","Opened","7.431","18","Safe","Calm","0.0","71","17.1","9.8","1002.7","1014.3"
"2026-09-08","02:32:51","Clear","Dry","Dark","1.1","21.1","3200","57232","22.7","18%","26.6","","Opened","7.358","18","Safe","Calm","0.0","71","17.1","9.7","1002.6","1014.3"
"2026-09-08","02:33:00","Clear","Dry","Dark","1.1","21.1","3200","57232","22.7","18%","26.5","","Opened","7.314","18","Safe","Calm","0.0","71","17.1","9.8","1002.7","1014.3"
"2026-09-08","02:33:11","Clear","Dry","Dark","1.1","21.1","3200","57232","22.6","18%","26.5","","Opened","7.366","18","Safe","Calm","0.0","71","17.1","9.8","1002.7","1014.3"
"2026-09-08","02:33:20","Clear","Dry","Dark","1.0","21.1","3200","57232","22.6","18%","26.4","","Opened","7.312","18","Safe","Calm","0.0","71","17.1","9.7","1002.7","1014.3"
"2026-09-08","02:33:31","Clear","Dry","Dark","1.0","21.1","3200","57232","22.6","18%","26.3","Heating UP","Opened","7.521","18","Safe","Calm","0.0","71","17.1","9.7","1002.7","1014.3"
"2026-09-08","02:33:41","Clear","Wet","Dark","1.0","21.0","3072","57232","22.6","19%","26.2","Heating UP","Opened","7.659","18","Safe","Calm","0.0","71","17.1","9.7","1002.6","1014.3"
"2026-09-08","02:33:51","Clear","Wet","Dark","1.0","21.0","3072","57232","22.6","20%","26.2","Heating UP","Opened","7.508","18","Safe","Calm","0.0","71","17.1","9.7","1002.7","1014.3"
"2026-09-08","02:34:01","Clear","Dry","Dark","1.1","21.0","3200","57232","22.6","21%","26.1","Heating UP","Opened","7.498","18","Safe","Calm","0.0","71","17.1","9.7","1002.7","1014.3"
"2026-09-08","02:34:11","Clear","Wet","Dark","1.1","21.0","3072","57232","22.6","23%","26.1","Heating UP","Opened","7.476","18","Safe","Calm","0.0","71","17.1","9.7","1002.6","1014.3"
"2026-09-08","02:34:21","Clear","Dry","Dark","1.1","21.0","3200","57232","22.6","25%","26.1","Heating UP","Opened","7.467","18","Safe","Calm","0.0","71","17.1","9.7","1002.6","1014.3"
"2026-09-08","02:34:31","Clear","Wet","Dark","1.0","21.0","3115","57232","22.6","27%","26.1","Heating UP","Opened","7.469","18","Safe","Calm","0.0","71","17.1","9.7","1002.6","1014.3"
"2026-09-08","02:34:41","Clear","Wet","Dark","1.0","20.9","3136","57232","22.6","29%","26.1","Heating UP","Opened","7.596","18","Safe","Calm","0.0","71","17.1","9.7","1002.6","1014.3"
"2026-09-08","02:34:51","Clear","Wet","Dark","1.1","20.9","3136","57232","22.6","31%","26.2","","Opened","7.326","18","Safe","Calm","0.0","71","17.1","9.8","1002.7","1014.3"
"2026-09-08","02:35:00","Clear","Wet","Dark","1.1","20.9","3136","57232","22.6","31%","26.3","","Opened","7.278","18","Safe","Calm","0.0","71","17.1","9.7","1002.6","1014.3"
"2026-09-08","02:35:11","Clear","Wet","Dark","1.1","20.9","3136","57232","22.5","31%","26.3","","Opened","7.340","18","Safe","Calm","0.0","71","17.1","9.8","1002.6","1014.3"
"2026-09-08","02:35:21","Clear","Wet","Dark","1.2","21.0","3136","57232","22.5","31%","26.4","","Opened","7.296","18","Safe","Calm","0.0","71","17.1","9.9","1002.6","1014.3"
"2026-09-08","02:35:31","Clear","Wet","Dark","1.1","21.0","3136","57232","22.5","31%","26.5","","Opened","7.354","18","Safe","Calm","0.0","71","17.1","9.8","1002.6","1014.3"
"2026-09-08","02:35:41","Clear","Wet","Dark","1.1","21.0","3157","57232","22.5","31%","26.6","","Opened","7.449","18","Safe","Calm","0.0","72","17.1","9.7","1002.6","1014.3"
"2026-09-08","02:35:51","Clear","Wet","Dark","1.2","21.0","3157","57232","22.5","31%","26.6","","Opened","7.379","18","Safe","Calm","0.0","72","17.1","9.8","1002.7","1014.3"
"2026-09-08","02:36:01","Clear","Wet","Dark","1.1","21.0","3157","57232","22.5","31%","26.7","","Opened","7.337","18","Safe","Calm","0.0","72","17.1","9.7","1002.7","1014.3"
"2026-09-08","02:36:10","Clear","Wet","Dark","1.0","21.0","3157","57232","22.5","31%","26.8","","Opened","7.251","18","Safe","Calm","0.0","72","17.1","9.6","1002.6","1014.3"
"2026-09-08","02:36:21","Clear","Wet","Dark","1.0","21.0","3157","57232","22.5","31%","26.8","","Opened","7.345","18","Safe","Calm","0.0","72","17.2","9.7","1002.7","1014.3"
"2026-09-08","02:36:31","Clear","Wet","Dark","1.0","21.0","3157","57232","22.5","31%","26.9","Heating DOWN","Opened","7.422","18","Safe","Calm","0.0","72","17.2","9.6","1002.6","1014.3"
"2026-09-08","02:36:41","Clear","Dry","Dark","1.1","21.0","3200","57232","22.5","30%","26.9","Heating DOWN","Opened","7.563","18","Safe","Calm","0.0","72","17.2","9.7","1002.6","1014.3"
"2026-09-08","02:36:51","Clear","Dry","Dark","1.1","21.0","3200","57232","22.5","29%","26.9","Heating DOWN","Opened","7.425","18","Safe","Calm","0.0","72","17.2","9.7","1002.6","1014.3"
"2026-09-08","02:37:01","Clear","Wet","Dark","1.2","21.0","3127","57232","22.5","28%","27.0","Heating DOWN","Opened","7.417","18","Safe","Calm","0.0","72","17.2","9.8","1002.8","1014.4"
"2026-09-08","02:37:11","Clear","Wet","Dark","1.1","21.0","3157","57232","22.5","27%","27.0","Heating DOWN","Opened","7.397","18","Safe","Calm","0.0","72","17.2","9.7","1002.8","1014.4"
"2026-09-08","02:37:21","Clear","Dry","Dark","1.2","21.0","3200","57232","22.5","26%","27.0","Heating DOWN","Opened","7.393","18","Safe","Calm","0.0","72","17.2","9.9","1002.6","1014.3"
"2026-09-08","02:37:31","Clear","Dry","Dark","1.4","21.1","3200","57232","22.5","25%","27.0","Heating DOWN","Opened","7.503","18","Safe","Calm","0.0","72","17.2","10.0","1002.7","1014.3"
"2026-09-08","02:37:41","Clear","Wet","Dark","1.2","21.1","3114","57232","22.5","24%","27.0","Heating DOWN","Opened","7.637","18","Safe","Calm","0.0","72","17.2","9.8","1002.6","1014.3"
"2026-09-08","02:37:51","Clear","Wet","Dark","1.2","21.1","3136","57232","22.5","23%","27.0","Heating DOWN","Opened","7.494","18","Safe","Calm","0.0","72","17.2","9.8","1002.6","1014.3"
"2026-09-08","02:38:01","Clear","Dry","Dark","1.2","21.1","3200","57232","22.5","22%","27.0","Heating DOWN","Opened","7.475","18","Safe","Calm","0.0","72","17.2","9.8","1002.6","1014.3"
"2026-09-08","02:38:11","Clear","Dry","Dark","1.1","21.1","3200","57232","22.5","21%","27.0","Heating DOWN","Opened","7.461","18","Safe","Calm","0.0","72","17.2","9.7","1002.7","1014.3"
"2026-09-08","02:38:21","Clear","Wet","Dark","1.1","21.0","3129","57232","22.5","20%","26.9","","Opened","7.321","18","Safe","Calm","0.0","72","17.2","9.7","1002.7","1014.3"
"2026-09-08","02:38:31","Clear","Wet","Dark","1.1","21.0","3115","57232","22.5","20%","26.9","Heating DOWN","Opened","7.408","18","Safe","Calm","0.0","72","17.2","9.7","1002.6","1014.3"
"2026-09-08","02:38:41","Clear","Wet","Dark","1.1","21.0","3115","57232","22.5","19%","26.8","","Opened","7.419","18","Safe","Calm","0.0","72","17.2","9.7","1002.7","1014.3"
"2026-09-08","02:38:51","Clear","Wet","Dark","1.1","21.1","3114","57232","22.5","19%","26.8","","Opened","7.372","18","Safe","Calm","0.0","72","17.2","9.7","1002.6","1014.2"
"2026-09-08","02:39:01","Clear","Wet","Dark","1.0","21.1","3115","57232","22.5","19%","26.7","","Opened","7.329","18","Safe","Calm","0.0","72","17.3","9.7","1002.6","1014.3"
"2026-09-08","02:39:11","Clear","Wet","Dark","1.0","21.1","3115","57232","22.5","19%","26.6","","Opened","7.250","18","Safe","Calm","0.0","72","17.3","9.6","1002.7","1014.3"
"2026-09-08","02:39:21","Clear","Wet","Dark","1.2","21.1","3072","57232","22.5","19%","26.5","","Opened","7.337","18","Safe","Calm","0.0","72","17.3","9.8","1002.7","1014.3"
"2026-09-08","02:39:31","Clear","Wet","Dark","1.2","21.1","3072","57232","22.5","19%","26.4","","Opened","7.294","18","Safe","Calm","0.0","73","17.3","9.8","1002.6","1014.3"
"2026-09-08","02:39:41","Clear","Wet","Dark","1.1","21.1","3072","57232","22.5","19%","26.3","","Opened","7.511","18","Safe","Calm","0.0","73","17.3","9.7","1002.6","1014.3"
"2026-09-08","02:39:51","Clear","Wet","Dark","1.2","21.1","3072","57232","22.5","19%","26.3","","Opened","7.327","18","Safe","Calm","0.0","73","17.3","9.8","1002.6","1014.3"
"2026-09-08","02:40:01","Clear","Wet","Dark","1.2","21.1","3072","57232","22.5","19%","26.3","","Opened","7.285","18","Safe","Calm","0.0","73","17.3","9.8","1002.6","1014.3"
"2026-09-08","02:40:11","Clear","Wet","Dark","1.2","21.1","3072","57232","22.5","19%","26.2","Heating UP","Opened","7.469","18","Safe","Calm","0.0","73","17.3","9.8","1002.6","1014.3"
"2026-09-08","02:40:21","Clear","Wet","Dark","1.3","21.1","3072","57232","22.5","20%","26.2","Heating UP","Opened","7.469","18","Safe","Calm","0.0","73","17.3","9.9","1002.7","1014.3"
"2026-09-08","02:40:31","Clear","Dry","Dark","1.2","21.1","3200","57232","22.5","21%","26.1","Heating UP","Opened","7.469","18","Safe","Calm","0.0","73","17.3","9.8","1002.7","1014.3"
"2026-09-08","02:40:41","Clear","Dry","Dark","1.3","21.1","3200","57232","22.5","22%","26.1","Heating UP","Opened","7.595","18","Safe","Calm","0.0","72","17.3","9.9","1002.6","1014.3"
"2026-09-08","02:40:51","Clear","Wet","Dark","1.1","21.1","3072","57232","22.5","23%","26.1","Heating UP","Opened","7.458","18","Safe","Calm","0.0","72","17.3","9.8","1002.6","1014.3"
"2026-09-08","02:41:01","Clear","Wet","Dark","1.2","21.1","3072","57232","22.5","24%","26.1","Heating UP","Opened","7.457","18","Safe","Calm","0.0","72","17.3","9.8","1002.6","1014.3"
"2026-09-08","02:41:11","Clear","Dry","Dark","1.2","21.1","3200","57232","22.5","25%","26.1","Heating UP","Opened","7.428","18","Safe","Calm","0.0","72","17.3","9.9","1002.6","1014.3"
"2026-09-08","02:41:21","Clear","Dry","Dark","1.2","21.1","3200","57232","22.5","26%","26.1","Heating UP","Opened","7.422","18","Safe","Calm","0.0","72","17.3","9.8","1002.6","1014.3"
"2026-09-08","02:41:31","Clear","Wet","Dark","1.2","21.1","3072","57232","22.5","27%","26.2","","Opened","7.293","18","Safe","Calm","0.0","72","17.3","9.8","1002.6","1014.3"
"2026-09-08","02:41:41","Clear","Wet","Dark","1.2","21.1","3072","57232","22.5","27%","26.2","Heating UP","Opened","7.647","18","Safe","Calm","0.0","72","17.4","9.8","1002.8","1014.5"
"2026-09-08","02:41:51","Clear","Wet","Dark","1.2","21.1","3072","57232","22.6","28%","26.3","","Opened","7.367","18","Safe","Calm","0.0","72","17.4","9.8","1002.7","1014.3"
"2026-09-08","02:42:01","Clear","Wet","Dark","1.3","21.1","3072","57232","22.5","28%","26.4","","Opened","7.323","18","Safe","Calm","0.0","72","17.3","9.9","1002.6","1014.3"
"2026-09-08","02:42:11","Clear","Wet","Dark","1.3","21.1","3072","57232","22.5","28%","26.4","","Opened","7.264","18","Safe","Calm","0.0","73","17.4","9.9","1002.7","1014.3"
"2026-09-08","02:42:21","Clear","Wet","Dark","1.2","21.1","3072","57232","22.5","28%","26.5","","Opened","7.337","18","Safe","Calm","0.0","72","17.4","9.9","1002.7","1014.3"
"2026-09-08","02:42:31","Clear","Wet","Dark","1.3","21.1","3072","57232","22.5","28%","26.6","","Opened","7.293","18","Safe","Calm","0.0","72","17.4","9.9","1002.6","1014.3"
"2026-09-08","02:42:41","Clear","Wet","Dark","1.2","21.1","3072","57232","22.6","28%","26.6","","Opened","7.500","18","Safe","Calm","0.0","72","17.4","9.8","1002.8","1014.4"
"2026-09-08","02:42:51","Clear","Wet","Dark","1.3","21.1","3072","57232","22.6","28%","26.7","","Opened","7.322","18","Safe","Calm","0.0","72","17.4","9.9","1002.6","1014.3"
"2026-09-08","02:43:01","Clear","Wet","Dark","1.2","21.1","3072","57232","22.6","28%","26.7","","Opened","7.277","18","Safe","Calm","0.0","73","17.4","9.9","1002.6","1014.3"
"2026-09-08","02:43:11","Clear","Wet","Dark","1.3","21.1","3072","57232","22.6","28%","26.8","","Opened","7.333","18","Safe","Calm","0.0","73","17.4","9.9","1002.6","1014.3"
"2026-09-08","02:43:21","Clear","Wet","Dark","1.3","21.1","3072","57232","22.6","28%","26.8","","Opened","7.289","18","Safe","Calm","0.0","73","17.4","9.9","1002.6","1014.3"
"2026-09-08","02:43:31","Clear","Wet","Dark","1.2","21.1","3072","57232","22.6","28%","26.8","","Opened","7.374","18","Safe","Calm","0.0","72","17.4","9.8","1002.6","1014.3"
"2026-09-08","02:43:41","Clear","Wet","Dark","1.2","21.1","3072","57232","22.6","28%","26.9","","Opened","7.459","18","Safe","Calm","0.0","73","17.4","9.8","1002.7","1014.3"
"2026-09-08","02:43:51","Clear","Wet","Dark","1.1","21.1","3072","57232","22.6","28%","27.0","Heating DOWN","Opened","7.402","18","Safe","Calm","0.0","73","17.4","9.8","1002.6","1014.3"
"2026-09-08","02:44:01","Clear","Wet","Dark","1.0","21.1","3136","57232","22.6","27%","27.0","Heating DOWN","Opened","7.384","18","Safe","Calm","0.0","73","17.4","9.6","1002.6","1014.3"
"2026-09-08","02:44:11","Clear","Dry","Dark","1.1","21.1","3200","57232","22.6","26%","27.0","Heating DOWN","Opened","7.483","18","Safe","Calm","0.0","73","17.4","9.7","1002.6","1014.3"
"2026-09-08","02:44:21","Clear","Dry","Dark","1.1","21.1","3200","57232","22.6","25%","27.0","Heating DOWN","Opened","7.480","18","Safe","Calm","0.0","73","17.4","9.8","1002.7","1014.3"
"2026-09-08","02:44:31","Clear","Wet","Dark","1.1","21.1","3115","57232","22.6","24%","27.0","Heating DOWN","Opened","7.483","18","Safe","Calm","0.0","73","17.4","9.8","1002.7","1014.3"
"2026-09-08","02:44:41","Clear","Wet","Dark","1.1","21.1","3136","57232","22.6","23%","27.0","Heating DOWN","Opened","7.629","18","Safe","Calm","0.0","73","17.5","9.8","1002.6","1014.3"
"2026-09-08","02:44:51","Clear","Dry","Dark","1.1","21.1","3200","57232","22.6","22%","27.0","Heating DOWN","Opened","7.492","18","Safe","Calm","0.0","73","17.4","9.8","1002.6","1014.3"
"2026-09-08","02:45:01","Clear","Dry","Dark","1.2","21.1","3200","57232","22.6","21%","27.0","Heating DOWN","Opened","7.495","18","Safe","Calm","0.0","73","17.4","9.9","1002.6","1014.3"
"2026-09-08","02:45:11","Clear","Wet","Dark","1.2","21.1","3108","57232","22.6","20%","26.9","","Opened","7.345","18","Safe","Calm","0.0","73","17.4","9.9","1002.6","1014.3"
"2026-09-08","02:45:21","Clear","Wet","Dark","1.1","21.1","3114","57232","22.6","20%","26.9","","Opened","7.281","18","Safe","Calm","0.0","73","17.4","9.8","1002.7","1014.3"
"2026-09-08","02:45:31","Clear","Wet","Dark","1.2","21.1","3104","57232","22.6","20%","26.9","","Opened","7.358","18","Safe","Calm","0.0","73","17.4","9.8","1002.6","1014.3"
"2026-09-08","02:45:41","Clear","Wet","Dark","1.2","21.0","3102","57232","22.6","20%","26.8","","Opened","7.500","18","Safe","Calm","0.0","73","17.4","9.9","1002.7","1014.3"
"2026-09-08","02:45:51","Clear","Wet","Dark","1.1","21.1","3103","57232","22.6","20%","26.7","","Opened","7.382","18","Safe","Calm","0.0","73","17.4","9.8","1002.6","1014.3"
"2026-09-08","02:46:01","Clear","Wet","Dark","1.1","21.1","3104","57232","22.6","20%","26.7","","Opened","7.327","18","Safe","Calm","0.0","72","17.4","9.8","1002.7","1014.3"
"2026-09-08","02:46:11","Clear","Wet","Dark","1.4","21.1","3072","57232","22.6","20%","26.7","","Opened","7.267","18","Safe","Calm","0.0","72","17.4","10.1","1002.6","1014.2"
"2026-09-08","02:46:21","Clear","Wet","Dark","1.3","21.1","3072","57232","22.6","20%","26.6","","Opened","7.350","18","Safe","Calm","0.0","73","17.4","9.9","1002.7","1014.3"
"2026-09-08","02:46:31","Clear","Wet","Dark","1.4","21.1","3072","57232","22.6","20%","26.5","","Opened","7.303","18","Safe","Calm","0.0","72","17.5","10.1","1002.6","1014.3"
"2026-09-08","02:46:41","Clear","Wet","Dark","1.3","21.1","3072","57232","22.6","20%","26.5","","Opened","7.532","18","Safe","Calm","0.0","72","17.4","9.9","1002.6","1014.3"
"2026-09-08","02:46:51","Clear","Wet","Dark","1.3","21.1","3072","57232","22.6","20%","26.5","","Opened","7.335","18","Safe","Calm","0.0","73","17.4","10.0","1002.6","1014.3"
"2026-09-08","02:47:01","Clear","Wet","Dark","1.5","21.1","3072","57232","22.6","20%","26.4","","Opened","7.296","18","Safe","Calm","0.0","73","17.5","10.2","1002.6","1014.3"
"2026-09-08","02:47:11","Clear","Wet","Dark","1.4","21.2","3072","57232","22.6","20%","26.4","","Opened","7.352","18","Safe","Calm","0.0","73","17.5","10.1","1002.7","1014.3"
"2026-09-08","02:47:21","Clear","Wet","Dark","1.4","21.2","3072","57232","22.6","20%","26.4","","Opened","7.311","18","Safe","Calm","0.0","73","17.4","10.1","1002.6","1014.3"
"2026-09-08","02:47:31","Clear","Wet","Dark","1.2","21.2","3072","57232","22.6","20%","26.4","","Opened","7.382","18","Safe","Calm","0.0","73","17.5","9.9","1002.6","1014.2"
"2026-09-08","02:47:41","Clear","Wet","Dark","1.2","21.2","3072","57232","22.6","20%","26.4","","Opened","7.467","18","Safe","Calm","0.0","73","17.5","9.9","1002.6","1014.2"
"2026-09-08","02:47:51","Clear","Wet","Dark","0.9","21.1","3072","57232","22.7","20%","26.3","Heating UP","Opened","7.418","18","Safe","Calm","0.0","73","17.5","9.6","1002.6","1014.2"
"2026-09-08","02:48:01","Clear","Dry","Dark","0.9","21.1","3200","57232","22.7","21%","26.3","Heating UP","Opened","7.418","18","Safe","Calm","0.0","73","17.5","9.6","1002.7","1014.3"
"2026-09-08","02:48:11","Clear","Dry","Dark","0.9","21.1","3200","57232","22.6","22%","26.2","Heating UP","Opened","7.388","18","Safe","Calm","0.0","73","17.5","9.6","1002.6","1014.3"
"2026-09-08","02:48:21","Clear","Wet","Dark","0.9","21.1","3072","57232","22.6","23%","26.2","Heating UP","Opened","7.511","18","Safe","Calm","0.0","73","17.5","9.6","1002.6","1014.3"
"2026-09-08","02:48:31","Clear","Wet","Dark","1.0","21.1","3072","57232","22.7","24%","26.2","Heating UP","Opened","7.507","18","Safe","Calm","0.0","73","17.5","9.7","1002.6","1014.3"
"2026-09-08","02:48:41","Clear","Dry","Dark","1.0","21.1","3200","57232","22.6","25%","26.2","Heating UP","Opened","7.648","18","Safe","Calm","0.0","73","17.5","9.7","1002.6","1014.3"
"2026-09-08","02:48:51","Clear","Dry","Dark","1.0","21.0","3200","57232","22.7","26%","26.2","Heating UP","Opened","7.502","18","Safe","Calm","0.0","73","17.5","9.7","1002.7","1014.3"
"2026-09-08","02:49:01","Clear","Wet","Dark","1.0","21.0","3072","57232","22.6","27%","26.2","Heating UP","Opened","7.500","18","Safe","Calm","0.0","73","17.5","9.7","1002.6","1014.3"
"2026-09-08","02:49:11","Clear","Wet","Dark","1.0","21.0","3072","57232","22.6","28%","26.3","","Opened","7.358","18","Safe","Calm","0.0","72","17.4","9.7","1002.6","1014.3"
"2026-09-08","02:49:21","Clear","Wet","Dark","1.1","21.0","3072","57232","22.6","28%","26.4","","Opened","7.312","18","Safe","Calm","0.0","72","17.4","9.8","1002.6","1014.3"
"2026-09-08","02:49:31","Clear","Wet","Dark","1.1","21.0","3072","57232","22.6","28%","26.4","","Opened","7.387","18","Safe","Calm","0.0","72","17.4","9.8","1002.6","1014.3"
"2026-09-08","02:49:41","Clear","Wet","Dark","1.0","21.0","3072","57232","22.6","28%","26.5","","Opened","7.478","18","Safe","Calm","0.0","72","17.4","9.7","1002.6","1014.3"
"2026-09-08","02:49:51","Clear","Wet","Dark","1.2","21.0","3072","57232","22.6","28%","26.6","","Opened","7.282","18","Safe","Calm","0.0","72","17.4","9.9","1002.6","1014.2"
"2026-09-08","02:50:01","Clear","Wet","Dark","1.1","21.0","3072","57232","22.6","28%","26.7","","Opened","7.370","18","Safe","Calm","0.0","72","17.4","9.8","1002.6","1014.3"
"2026-09-08","02:50:11","Clear","Wet","Dark","1.1","21.0","3072","57232","22.6","28%","26.8","","Opened","7.297","18","Safe","Calm","0.0","72","17.4","9.8","1002.6","1014.3"
"2026-09-08","02:50:21","Clear","Wet","Dark","1.2","21.0","3072","57232","22.6","28%","26.8","","Opened","7.388","18","Safe","Calm","0.0","72","17.4","9.9","1002.6","1014.3"
"2026-09-08","02:50:31","Clear","Wet","Dark","1.4","21.0","3072","57232","22.6","28%","26.8","","Opened","7.335","18","Safe","Calm","0.0","72","17.5","10.1","1002.7","1014.3"
"2026-09-08","02:50:41","Clear","Wet","Dark","1.5","21.0","3072","57232","22.6","28%","26.8","","Opened","7.434","18","Safe","Calm","0.0","72","17.4","10.1","1002.7","1014.3"
"2026-09-08","02:50:51","Clear","Wet","Dark","1.3","21.1","3072","57232","22.6","28%","26.8","","Opened","7.375","18","Safe","Calm","0.0","73","17.5","10.0","1002.6","1014.3"
"2026-09-08","02:51:01","Clear","Wet","Dark","1.5","21.1","3072","57232","22.6","28%","26.8","","Opened","7.334","18","Safe","Calm","0.0","73","17.5","10.2","1002.7","1014.3"
"2026-09-08","02:51:11","Clear","Wet","Dark","1.3","21.1","3072","57232","22.6","28%","26.9","","Opened","7.271","18","Safe","Calm","0.0","73","17.5","9.9","1002.6","1014.3"
"2026-09-08","02:51:21","Clear","Wet","Dark","1.4","21.1","3072","57232","22.7","28%","26.9","","Opened","7.357","18","Safe","Calm","0.0","73","17.6","10.1","1002.6","1014.3"
"2026-09-08","02:51:31","Clear","Wet","Dark","1.5","21.1","3072","57232","22.7","28%","26.9","","Opened","7.323","18","Safe","Calm","0.0","73","17.6","10.2","1002.6","1014.2"
"2026-09-08","02:51:41","Clear","Wet","Dark","1.4","21.2","3072","57232","22.7","28%","26.9","","Opened","7.418","18","Safe","Calm","0.0","73","17.6","10.1","1002.6","1014.3"
"2026-09-08","02:51:51","Clear","Wet","Dark","1.4","21.2","3072","57232","22.7","28%","26.9","","Opened","7.362","18","Safe","Calm","0.0","73","17.6","10.1","1002.6","1014.3"
"2026-09-08","02:52:01","Clear","Wet","Dark","1.3","21.2","3072","57232","22.7","28%","26.9","","Opened","7.323","18","Safe","Calm","0.0","73","17.7","10.1","1002.6","1014.3"
"2026-09-08","02:52:11","Clear","Wet","Dark","1.4","21.2","3072","57232","22.7","28%","26.9","","Opened","7.262","18","Safe","Calm","0.0","73","17.7","10.1","1002.6","1014.3"
"2026-09-08","02:52:21","Clear","Wet","Dark","1.3","21.2","3072","57232","22.7","28%","26.9","","Opened","7.347","18","Safe","Calm","0.0","73","17.7","10.0","1002.7","1014.3"
"2026-09-08","02:52:31","Clear","Wet","Dark","1.4","21.2","3072","57232","22.7","28%","27.0","","Opened","7.311","18","Safe","Calm","0.0","73","17.7","10.1","1002.6","1014.3"
"2026-09-08","02:52:41","Clear","Wet","Dark","1.2","21.2","3072","57232","22.7","28%","27.0","","Opened","7.523","18","Safe","Calm","0.0","73","17.7","10.0","1002.7","1014.3"
"2026-09-08","02:52:51","Clear","Wet","Dark","1.4","21.2","3072","57232","22.7","28%","27.1","Heating DOWN","Opened","7.471","18","Safe","Calm","0.0","73","17.7","10.1","1002.6","1014.2"
"2026-09-08","02:53:01","Clear","Wet","Dark","1.4","21.3","3072","57232","22.7","27%","27.1","Heating DOWN","Opened","7.466","18","Safe","Calm","0.0","73","17.7","10.1","1002.6","1014.3"
"2026-09-08","02:53:11","Clear","Dry","Dark","1.4","21.3","3200","57232","22.7","26%","27.1","Heating DOWN","Opened","7.463","18","Safe","Calm","0.0","74","17.7","10.1","1002.6","1014.3"
"2026-09-08","02:53:21","Clear","Dry","Dark","1.3","21.3","3200","57232","22.7","25%","27.1","Heating DOWN","Opened","7.463","18","Safe","Calm","0.0","74","17.8","10.0","1002.6","1014.3"
"2026-09-08","02:53:31","Clear","Wet","Dark","1.3","21.3","3072","57232","22.7","24%","27.1","Heating DOWN","Opened","7.470","18","Safe","Calm","0.0","74","17.8","10.0","1002.6","1014.2"
"2026-09-08","02:53:41","Clear","Wet","Dark","1.3","21.3","3072","57232","22.7","23%","27.1","Heating DOWN","Opened","7.616","18","Safe","Calm","0.0","74","17.8","10.0","1002.6","1014.2"
"2026-09-08","02:53:51","Clear","Dry","Dark","1.2","21.3","3200","57232","22.7","22%","27.1","Heating DOWN","Opened","7.461","18","Safe","Calm","0.0","74","17.8","10.0","1002.6","1014.3"
"2026-09-08","02:54:01","Clear","Dry","Dark","1.2","21.3","3200","57232","22.7","21%","27.1","Heating DOWN","Opened","7.465","18","Safe","Calm","0.0","74","17.8","9.9","1002.6","1014.3"
"2026-09-08","02:54:11","Clear","Wet","Dark","1.0","21.3","3072","57232","22.8","20%","27.0","","Opened","7.322","18","Safe","Calm","0.0","74","17.9","9.8","1002.6","1014.3"
"2026-09-08","02:54:21","Clear","Wet","Dark","1.0","21.2","3072","57232","22.8","20%","27.0","","Opened","7.273","18","Safe","Calm","0.0","74","17.9","9.8","1002.6","1014.2"
"2026-09-08","02:54:31","Clear","Wet","Dark","1.0","21.2","3072","57232","22.8","20%","26.8","","Opened","7.345","18","Safe","Calm","0.0","74","17.9","9.8","1002.6","1014.2"
"2026-09-08","02:54:41","Clear","Wet","Dark","1.0","21.2","3072","57232","22.7","20%","26.7","","Opened","7.442","18","Safe","Calm","0.0","74","17.8","9.8","1002.6","1014.3"
"2026-09-08","02:54:51","Clear","Wet","Dark","1.0","21.2","3072","57232","22.7","20%","26.7","","Opened","7.389","18","Safe","Calm","0.0","74","17.8","9.7","1002.6","1014.3"
"2026-09-08","02:55:01","Clear","Wet","Dark","1.1","21.2","3072","57232","22.7","20%","26.6","","Opened","7.344","18","Safe","Calm","0.0","74","17.8","9.9","1002.6","1014.2"
"2026-09-08","02:55:11","Clear","Wet","Dark","1.1","21.2","3072","57232","22.7","20%","26.5","","Opened","7.273","18","Safe","Calm","0.0","73","17.7","9.8","1002.6","1014.2"
"2026-09-08","02:55:21","Clear","Wet","Dark","1.2","21.2","3072","57232","22.7","20%","26.4","Heating UP","Opened","7.484","18","Safe","Calm","0.0","73","17.7","9.9","1002.6","1014.2"
"2026-09-08","02:55:31","Clear","Dry","Dark","1.2","21.2","3200","57232","22.7","21%","26.4","Heating UP","Opened","7.486","18","Safe","Calm","0.0","73","17.7","9.9","1002.6","1014.3"
"2026-09-08","02:55:41","Clear","Dry","Dark","1.2","21.2","3200","57232","22.7","22%","26.4","Heating UP","Opened","7.618","18","Safe","Calm","0.0","73","17.7","9.9","1002.6","1014.2"
"2026-09-08","02:55:51","Clear","Wet","Dark","1.3","21.2","3072","57232","22.7","23%","26.4","Heating UP","Opened","7.481","18","Safe","Calm","0.0","73","17.6","10.0","1002.6","1014.2"
"2026-09-08","02:56:01","Clear","Wet","Dark","1.2","21.2","3072","57232","22.7","24%","26.4","Heating UP","Opened","7.478","18","Safe","Calm","0.0","73","17.6","9.9","1002.6","1014.2"
"2026-09-08","02:56:11","Clear","Dry","Dark","1.2","21.2","3200","57232","22.7","25%","26.4","Heating UP","Opened","7.445","18","Safe","Calm","0.0","73","17.6","10.0","1002.6","1014.2"
"2026-09-08","02:56:21","Clear","Dry","Dark","1.3","21.2","3200","57232","22.7","26%","26.5","","Opened","7.304","18","Safe","Calm","0.0","73","17.6","10.0","1002.5","1014.1"
"2026-09-08","02:56:31","Clear","Dry","Dark","1.3","21.2","3200","57232","22.7","26%","26.5","","Opened","7.383","18","Safe","Calm","0.0","73","17.6","10.0","1002.6","1014.3"
"2026-09-08","02:56:41","Clear","Dry","Dark","1.3","21.2","3200","57232","22.7","26%","26.6","","Opened","7.463","18","Safe","Calm","0.0","73","17.6","10.0","1002.5","1014.1"
"2026-09-08","02:56:51","Clear","Dry","Dark","1.3","21.2","3200","57232","22.7","26%","26.6","","Opened","7.284","18","Safe","Calm","0.0","73","17.6","10.0","1002.6","1014.2"
"2026-09-08","02:57:01","Clear","Dry","Dark","1.2","21.2","3200","57232","22.7","26%","26.6","","Opened","7.358","18","Safe","Calm","0.0","73","17.6","9.9","1002.6","1014.2"
"2026-09-08","02:57:11","Clear","Dry","Dark","1.2","21.2","3200","57232","22.7","26%","26.7","","Opened","7.288","18","Safe","Calm","0.0","73","17.6","9.9","1002.5","1014.1"
"2026-09-08","02:57:21","Clear","Dry","Dark","1.3","21.1","3200","57232","22.7","26%","26.7","","Opened","7.382","18","Safe","Calm","0.0","73","17.6","10.0","1002.6","1014.2"
"2026-09-08","02:57:31","Clear","Dry","Dark","1.2","21.2","3200","57232","22.7","26%","26.7","","Opened","7.320","18","Safe","Calm","0.0","73","17.6","10.0","1002.5","1014.1"
"2026-09-08","02:57:41","Clear","Dry","Dark","1.3","21.2","3200","57232","22.7","26%","26.7","","Opened","7.410","18","Safe","Calm","0.0","73","17.6","10.0","1002.6","1014.2"
"2026-09-08","02:57:51","Clear","Dry","Dark","1.2","21.2","3200","57232","22.7","26%","26.7","","Opened","7.353","18","Safe","Calm","0.0","73","17.6","10.0","1002.5","1014.1"
"2026-09-08","02:58:01","Clear","Dry","Dark","1.2","21.2","3200","57232","22.7","26%","26.7","","Opened","7.312","18","Safe","Calm","0.0","73","17.7","10.0","1002.6","1014.2"
"2026-09-08","02:58:11","Clear","Dry","Dark","1.3","21.2","3200","57232","22.7","26%","26.7","","Opened","7.369","18","Safe","Calm","0.0","73","17.6","10.0","1002.5","1014.1"
"2026-09-08","02:58:21","Clear","Dry","Dark","1.4","21.2","3200","57232","22.7","26%","26.8","","Opened","7.331","18","Safe","Calm","0.0","73","17.6","10.1","1002.5","1014.1"
"2026-09-08","02:58:31","Clear","Dry","Dark","1.2","21.2","3200","57232","22.7","26%","26.8","","Opened","7.280","18","Safe","Calm","0.0","73","17.6","9.9","1002.7","1014.3"
"2026-09-08","02:58:41","Clear","Dry","Dark","1.2","21.2","3200","57232","22.7","26%","26.8","","Opened","7.488","18","Safe","Calm","0.0","73","17.6","9.9","1002.6","1014.2"
"2026-09-08","02:58:51","Clear","Dry","Dark","1.3","21.2","3200","57232","22.7","26%","26.9","","Opened","7.318","18","Safe","Calm","0.0","73","17.6","10.0","1002.6","1014.2"
"2026-09-08","02:59:01","Clear","Dry","Dark","1.2","21.2","3200","57232","22.7","26%","26.9","","Opened","7.268","18","Safe","Calm","0.0","73","17.6","9.9","1002.5","1014.1"
"2026-09-08","02:59:11","Clear","Dry","Dark","1.2","21.1","3200","57232","22.7","26%","27.0","","Opened","7.335","18","Safe","Calm","0.0","73","17.6","9.9","1002.5","1014.1"
"2026-09-08","02:59:21","Clear","Dry","Dark","1.1","21.1","3200","57232","22.7","26%","27.1","Heating DOWN","Opened","7.414","18","Safe","Calm","0.0","73","17.6","9.8","1002.5","1014.1"
"2026-09-08","02:59:31","Clear","Dry","Dark","1.1","21.1","3200","57232","22.7","25%","27.1","Heating DOWN","Opened","7.413","18","Safe","Calm","0.0","73","17.6","9.9","1002.5","1014.1"
"2026-09-08","02:59:41","Clear","Wet","Dark","1.1","21.1","3073","57232","22.7","24%","27.1","Heating DOWN","Opened","7.543","18","Safe","Calm","0.0","73","17.6","9.8","1002.4","1014.1"
"2026-09-08","02:59:51","Clear","Wet","Dark","1.0","21.1","3114","57232","22.7","23%","27.2","Heating DOWN","Opened","7.405","18","Safe","Calm","0.0","73","17.6","9.8","1002.5","1014.1"
"2026-09-08","03:00:01","Clear","Dry","Dark","1.1","21.0","3200","57232","22.7","22%","27.1","","Opened","7.277","18","Safe","Calm","0.0","73","17.6","9.8","1002.6","1014.2"
"2026-09-08","03:00:11","Clear","Dry","Dark","1.0","21.0","3200","57232","22.7","22%","27.1","Heating DOWN","Opened","7.466","18","Safe","Calm","0.0","73","17.6","9.7","1002.6","1014.2"
"2026-09-08","03:00:21","Clear","Dry","Dark","1.0","21.0","3200","57232","22.7","21%","27.1","Heating DOWN","Opened","7.469","18","Safe","Calm","0.0","73","17.6","9.7","1002.6","1014.2"
"2026-09-08","03:00:31","Clear","Wet","Dark","1.1","21.0","3072","57232","22.7","20%","27.1","Heating DOWN","Opened","7.463","18","Safe","Calm","0.0","73","17.6","9.8","1002.5","1014.1"
"2026-09-08","03:00:41","Clear","Wet","Dark","1.0","21.0","3072","57232","22.7","19%","27.0","","Opened","7.474","18","Safe","Calm","0.0","73","17.6","9.8","1002.5","1014.1"
"2026-09-08","03:00:51","Clear","Wet","Dark","1.2","21.0","3072","57232","22.7","19%","26.9","","Opened","7.296","18","Safe","Calm","0.0","73","17.6","10.0","1002.4","1014.1"
"2026-09-08","03:01:01","Clear","Wet","Dark","1.1","21.0","3072","57232","22.7","19%","26.9","","Opened","7.370","18","Safe","Calm","0.0","73","17.6","9.8","1002.4","1014.1"
"2026-09-08","03:01:11","Clear","Wet","Dark","1.0","21.0","3072","57232","22.7","19%","26.8","","Opened","7.299","18","Safe","Calm","0.0","73","17.6","9.8","1002.6","1014.2"
"2026-09-08","03:01:21","Clear","Wet","Dark","1.0","21.0","3072","57232","22.7","19%","26.8","","Opened","7.386","18","Safe","Calm","0.0","73","17.6","9.7","1002.5","1014.1"
"2026-09-08","03:01:31","Clear","Wet","Dark","1.0","21.0","3072","57232","22.7","19%","26.8","","Opened","7.330","18","Safe","Calm","0.0","73","17.6","9.7","1002.5","1014.1"
"2026-09-08","03:01:41","Clear","Wet","Dark","0.9","20.9","3072","57232","22.7","19%","26.8","","Opened","7.416","18","Safe","Calm","0.0","73","17.6","9.6","1002.5","1014.1"
"2026-09-08","03:01:51","Clear","Wet","Dark","1.0","21.0","3072","57232","22.7","19%","26.7","","Opened","7.364","18","Safe","Calm","0.0","73","17.6","9.7","1002.4","1014.1"
"2026-09-08","03:02:01","Clear","Wet","Dark","0.9","20.9","3072","57232","22.7","19%","26.7","","Opened","7.316","18","Safe","Calm","0.0","73","17.6","9.6","1002.4","1014.1"
"2026-09-08","03:02:11","Clear","Wet","Dark","0.9","20.9","3072","57232","22.7","19%","26.7","","Opened","7.253","18","Safe","Calm","0.0","73","17.5","9.6","1002.4","1014.1"
"2026-09-08","03:02:21","Clear","Wet","Dark","0.9","20.9","3072","57232","22.7","19%","26.6","","Opened","7.332","18","Safe","Calm","0.0","73","17.6","9.7","1002.6","1014.2"
"2026-09-08","03:02:31","Clear","Wet","Dark","0.8","20.9","3072","57232","22.7","19%","26.5","","Opened","7.291","18","Safe","Calm","0.0","73","17.5","9.5","1002.5","1014.1"
"2026-09-08","03:02:41","Clear","Wet","Dark","0.9","20.9","3072","57232","22.7","19%","26.5","","Opened","7.510","18","Safe","Calm","0.0","73","17.6","9.6","1002.5","1014.1"
"2026-09-08","03:02:51","Clear","Wet","Dark","0.8","20.9","3072","57232","22.7","19%","26.4","Heating UP","Opened","7.451","18","Safe","Calm","0.0","73","17.6","9.5","1002.4","1014.1"
"2026-09-08","03:03:01","Clear","Wet","Dark","0.9","20.8","3072","57232","22.7","20%","26.5","","Opened","7.319","18","Safe","Calm","0.0","73","17.5","9.6","1002.4","1014.1"
"2026-09-08","03:03:11","Clear","Wet","Dark","0.9","20.8","3072","57232","22.7","20%","26.4","Heating UP","Opened","7.379","18","Safe","Calm","0.0","73","17.6","9.6","1002.6","1014.2"
"2026-09-08","03:03:21","Clear","Dry","Dark","0.9","20.8","3200","57232","22.7","21%","26.4","Heating UP","Opened","7.500","18","Safe","Calm","0.0","73","17.5","9.6","1002.5","1014.1"
"2026-09-08","03:03:31","Clear","Dry","Dark","0.9","20.8","3200","57232","22.7","22%","26.4","Heating UP","Opened","7.502","18","Safe","Calm","0.0","73","17.5","9.6","1002.5","1014.1"
"2026-09-08","03:03:41","Clear","Wet","Dark","0.9","20.8","3072","57232","22.7","23%","26.4","Heating UP","Opened","7.642","18","Safe","Calm","0.0","73","17.5","9.6","1002.6","1014.2"
"2026-09-08","03:03:51","Clear","Wet","Dark","0.9","20.8","3072","57232","22.7","24%","26.5","","Opened","7.372","18","Safe","Calm","0.0","73","17.5","9.6","1002.4","1014.1"
"2026-09-08","03:04:01","Clear","Wet","Dark","0.9","20.8","3072","57232","22.7","24%","26.5","","Opened","7.324","18","Safe","Calm","0.0","73","17.5","9.6","1002.5","1014.1"
"2026-09-08","03:04:11","Clear","Wet","Dark","1.0","20.8","3072","57232","22.6","24%","26.5","","Opened","7.368","18","Safe","Calm","0.0","73","17.5","9.7","1002.5","1014.1"
"2026-09-08","03:04:21","Clear","Wet","Dark","1.2","20.8","3072","57232","22.7","24%","26.6","","Opened","7.320","18","Safe","Calm","0.0","73","17.5","9.9","1002.4","1014.0"
"2026-09-08","03:04:31","Clear","Wet","Dark","1.2","20.8","3072","57232","22.7","24%","26.6","","Opened","7.266","18","Safe","Calm","0.0","73","17.5","9.9","1002.4","1014.1"
"2026-09-08","03:04:41","Clear","Wet","Dark","1.0","20.8","3072","57232","22.7","24%","26.7","","Opened","7.490","18","Safe","Calm","0.0","73","17.5","9.7","1002.4","1014.1"
"2026-09-08","03:04:51","Clear","Wet","Dark","1.2","20.8","3072","57232","22.6","24%","26.7","","Opened","7.304","18","Safe","Calm","0.0","73","17.5","9.9","1002.4","1014.1"
"2026-09-08","03:05:01","Clear","Wet","Dark","1.1","20.8","3072","57232","22.7","24%","26.7","","Opened","7.392","18","Safe","Calm","0.0","73","17.5","9.8","1002.4","1014.0"
"2026-09-08","03:05:11","Clear","Wet","Dark","1.0","20.8","3072","57232","22.6","24%","26.8","","Opened","7.297","18","Safe","Calm","0.0","73","17.5","9.7","1002.4","1014.0"
"2026-09-08","03:05:21","Clear","Wet","Dark","1.3","20.8","3072","57232","22.7","24%","26.8","","Opened","7.383","18","Safe","Calm","0.0","73","17.5","10.0","1002.4","1014.0"
"2026-09-08","03:05:31","Clear","Wet","Dark","1.0","20.8","3072","57232","22.7","24%","26.8","","Opened","7.336","18","Safe","Calm","0.0","73","17.5","9.7","1002.5","1014.1"
"2026-09-08","03:05:41","Clear","Wet","Dark","1.0","20.8","3072","57232","22.7","24%","26.8","","Opened","7.409","18","Safe","Calm","0.0","73","17.5","9.7","1002.4","1014.0"
"2026-09-08","03:05:51","Clear","Wet","Dark","0.9","20.8","3072","57232","22.7","24%","26.8","","Opened","7.361","18","Safe","Calm","0.0","73","17.5","9.7","1002.4","1014.1"
"2026-09-08","03:06:01","Clear","Wet","Dark","1.2","20.8","3072","57232","22.7","24%","26.8","","Opened","7.316","18","Safe","Calm","0.0","73","17.5","9.9","1002.4","1014.1"
"2026-09-08","03:06:11","Clear","Wet","Dark","1.0","20.8","3072","57232","22.7","24%","26.7","","Opened","7.366","18","Safe","Calm","0.0","73","17.5","9.7","1002.4","1014.0"
"2026-09-08","03:06:21","Clear","Wet","Dark","1.0","20.8","3072","57232","22.6","24%","26.7","","Opened","7.310","18","Safe","Calm","0.0","73","17.5","9.7","1002.4","1014.1"
"2026-09-08","03:06:31","Clear","Wet","Dark","1.0","20.9","3072","57232","22.7","24%","26.6","","Opened","7.373","18","Safe","Calm","0.0","73","17.6","9.7","1002.4","1014.0"
"2026-09-08","03:06:41","Clear","Wet","Dark","0.9","20.8","3072","57232","22.7","24%","26.6","","Opened","7.457","18","Safe","Calm","0.0","73","17.6","9.6","1002.4","1014.1"
"2026-09-08","03:06:51","Clear","Wet","Dark","1.1","20.8","3072","57232","22.6","24%","26.6","","Opened","7.266","18","Safe","Calm","0.0","73","17.6","9.8","1002.4","1014.0"
"2026-09-08","03:07:01","Clear","Wet","Dark","0.9","20.9","3072","57232","22.6","24%","26.5","","Opened","7.356","18","Safe","Calm","0.0","73","17.7","9.6","1002.4","1014.0"
"2026-09-08","03:07:11","Clear","Wet","Dark","0.9","20.9","3072","57232","22.7","24%","26.5","","Opened","7.288","18","Safe","Calm","0.0","74","17.7","9.6","1002.4","1014.0"
"2026-09-08","03:07:21","Clear","Wet","Dark","1.1","20.9","3072","57232","22.7","24%","26.5","","Opened","7.358","18","Safe","Calm","0.0","74","17.7","9.8","1002.4","1014.0"
"2026-09-08","03:07:31","Clear","Wet","Dark","1.0","20.9","3072","57232","22.6","24%","26.4","","Opened","7.298","18","Safe","Calm","0.0","74","17.7","9.7","1002.4","1014.1"
"2026-09-08","03:07:41","Clear","Wet","Dark","1.0","20.9","3072","57232","22.6","24%","26.4","","Opened","7.525","18","Safe","Calm","0.0","74","17.7","9.7","1002.3","1013.9"
"2026-09-08","03:07:51","Clear","Wet","Dark","0.9","20.9","3072","57232","22.6","24%","26.4","","Opened","7.336","18","Safe","Calm","0.0","74","17.7","9.6","1002.3","1013.9"
"2026-09-08","03:08:01","Clear","Wet","Dark","1.2","20.9","3072","57232","22.6","24%","26.4","","Opened","7.286","18","Safe","Calm","0.0","74","17.7","9.9","1002.4","1014.1"
"2026-09-08","03:08:11","Clear","Wet","Dark","1.2","20.9","3072","57232","22.6","24%","26.3","Heating UP","Opened","7.482","18","Safe","Calm","0.0","74","17.8","9.9","1002.4","1014.0"
"2026-09-08","03:08:21","Clear","Wet","Dark","1.3","21.0","3072","57232","22.6","25%","26.2","Heating UP","Opened","7.482","18","Safe","Calm","0.0","74","17.8","10.0","1002.3","1013.9"
"2026-09-08","03:08:31","Clear","Dry","Dark","1.1","21.0","3200","57232","22.6","26%","26.2","Heating UP","Opened","7.482","18","Safe","Calm","0.0","74","17.8","9.8","1002.4","1014.0"
"2026-09-08","03:08:41","Clear","Wet","Dark","1.2","21.0","3072","57232","22.6","27%","26.1","Heating UP","Opened","7.615","18","Safe","Calm","0.0","74","17.8","9.8","1002.3","1013.9"
"2026-09-08","03:08:51","Clear","Wet","Dark","1.3","21.0","3072","57232","22.6","29%","26.1","Heating UP","Opened","7.480","18","Safe","Calm","0.0","75","17.9","10.0","1002.4","1014.0"
"2026-09-08","03:09:01","Clear","Wet","Dark","1.4","21.1","3072","57232","22.6","31%","26.1","Heating UP","Opened","7.481","18","Safe","Calm","0.0","75","17.9","10.1","1002.3","1013.9"
"2026-09-08","03:09:11","Clear","Wet","Dark","1.3","21.1","3072","57232","22.6","33%","26.2","","Opened","7.326","18","Safe","Calm","0.0","75","17.9","9.9","1002.4","1014.1"
"2026-09-08","03:09:21","Clear","Wet","Dark","1.4","21.1","3072","57232","22.6","33%","26.3","","Opened","7.288","18","Safe","Calm","0.0","75","17.9","10.0","1002.3","1013.9"
"2026-09-08","03:09:31","Clear","Wet","Dark","1.1","21.1","3072","57232","22.6","33%","26.4","","Opened","7.369","18","Safe","Calm","0.0","75","17.9","9.8","1002.3","1013.9"
"2026-09-08","03:09:41","Clear","Wet","Dark","1.3","21.1","3072","57232","22.6","33%","26.5","","Opened","7.469","18","Safe","Calm","0.0","75","17.9","9.9","1002.4","1014.0"
"2026-09-08","03:09:51","Clear","Wet","Dark","1.3","21.1","3072","57232","22.5","33%","26.6","","Opened","7.272","18","Safe","Calm","0.0","75","17.9","9.9","1002.3","1013.9"
"2026-09-08","03:10:01","Clear","Wet","Dark","1.3","21.2","3072","57232","22.6","33%","26.8","","Opened","7.352","18","Safe","Calm","0.0","75","17.9","9.9","1002.3","1013.9"
"2026-09-08","03:10:11","Clear","Wet","Dark","1.3","21.1","3072","57232","22.5","33%","26.9","Heating DOWN","Opened","7.416","18","Safe","Calm","0.0","75","17.9","9.9","1002.3","1013.9"
"2026-09-08","03:10:21","Clear","Wet","Dark","1.3","21.1","3072","57232","22.6","32%","27.0","Heating DOWN","Opened","7.409","18","Safe","Calm","0.0","75","17.9","10.0","1002.4","1014.0"
"2026-09-08","03:10:31","Clear","Wet","Dark","1.2","21.2","3072","57232","22.6","31%","27.1","Heating DOWN","Opened","7.413","18","Safe","Calm","0.0","75","17.9","9.9","1002.4","1014.0"
"2026-09-08","03:10:41","Clear","Dry","Dark","1.3","21.1","3200","57232","22.6","30%","27.2","Heating DOWN","Opened","7.553","18","Safe","Calm","0.0","75","17.9","9.9","1002.4","1014.1"
"2026-09-08","03:10:51","Clear","Wet","Dark","1.3","21.1","3072","57232","22.6","28%","27.2","Heating DOWN","Opened","7.402","18","Safe","Calm","0.0","75","17.9","10.0","1002.4","1014.1"
"2026-09-08","03:11:01","Clear","Dry","Dark","1.3","21.1","3200","57232","22.6","26%","27.3","Heating DOWN","Opened","7.405","18","Safe","Calm","0.0","75","17.9","9.9","1002.4","1014.0"
"2026-09-08","03:11:11","Clear","Wet","Dark","1.2","21.1","3072","57232","22.6","24%","27.3","Heating DOWN","Opened","7.390","18","Safe","Calm","0.0","75","17.9","9.9","1002.3","1013.9"
"2026-09-08","03:11:21","Clear","Dry","Dark","1.3","21.1","3200","57232","22.6","22%","27.3","Heating DOWN","Opened","7.515","18","Safe","Calm","0.0","75","17.9","9.9","1002.3","1013.9"
"2026-09-08","03:11:31","Clear","Wet","Dark","1.3","21.2","3072","57232","22.6","20%","27.2","","Opened","7.384","18","Safe","Calm","0.0","75","17.9","9.9","1002.3","1013.9"
"2026-09-08","03:11:41","Clear","Wet","Dark","1.3","21.1","3072","57232","22.6","20%","27.1","","Opened","7.477","18","Safe","Calm","0.0","75","17.9","10.0","1002.4","1014.0"
"2026-09-08","03:11:51","Clear","Wet","Dark","1.3","21.2","3072","57232","22.6","20%","27.1","Heating DOWN","Opened","7.417","18","Safe","Calm","0.0","75","17.9","9.9","1002.3","1013.9"
"2026-09-08","03:12:01","Clear","Wet","Dark","1.3","21.2","3072","57232","22.6","19%","27.0","","Opened","7.288","18","Safe","Calm","0.0","75","17.9","10.0","1002.3","1013.9"
"2026-09-08","03:12:11","Clear","Wet","Dark","1.3","21.2","3072","57232","22.6","19%","26.9","","Opened","7.350","18","Safe","Calm","0.0","75","17.9","10.0","1002.3","1013.9"
"2026-09-08","03:12:21","Clear","Wet","Dark","1.4","21.2","3072","57232","22.6","19%","26.8","","Opened","7.307","18","Safe","Calm","0.0","75","17.9","10.0","1002.3","1013.9"
"2026-09-08","03:12:31","Clear","Wet","Dark","1.4","21.2","3072","57232","22.6","19%","26.7","","Opened","7.384","18","Safe","Calm","0.0","75","17.9","10.0","1002.3","1013.9"
"2026-09-08","03:12:41","Clear","Wet","Dark","1.4","21.2","3072","57232","22.6","19%","26.6","","Opened","7.477","18","Safe","Calm","0.0","75","17.9","10.0","1002.3","1013.9"
"2026-09-08","03:12:51","Clear","Wet","Dark","1.3","21.2","3072","57232","22.6","19%","26.6","","Opened","7.296","18","Safe","Calm","0.0","75","18.0","10.0","1002.4","1014.1"
"2026-09-08","03:13:01","Clear","Wet","Dark","1.3","21.3","3072","57232","22.6","19%","26.5","","Opened","7.384","18","Safe","Calm","0.0","75","18.0","10.0","1002.3","1013.9"
"2026-09-08","03:13:11","Clear","Wet","Dark","1.4","21.3","3072","57232","22.6","19%","26.4","","Opened","7.312","18","Safe","Calm","0.0","75","18.0","10.1","1002.3","1013.9"
"2026-09-08","03:13:21","Clear","Wet","Dark","1.1","21.3","3072","57232","22.6","19%","26.4","","Opened","7.381","18","Safe","Calm","0.0","75","18.0","9.8","1002.3","1013.9"
"2026-09-08","03:13:31","Clear","Wet","Dark","1.0","21.2","3072","57232","22.6","19%","26.3","Heating UP","Opened","7.451","18","Safe","Calm","0.0","75","18.0","9.7","1002.4","1014.0"
"2026-09-08","03:13:41","Clear","Wet","Dark","1.1","21.2","3072","57232","22.6","20%","26.2","Heating UP","Opened","7.579","18","Safe","Calm","0.0","75","18.0","9.8","1002.3","1013.9"
"2026-09-08","03:13:51","Clear","Dry","Dark","1.1","21.2","3200","57232","22.6","21%","26.1","Heating UP","Opened","7.448","18","Safe","Calm","0.0","75","18.0","9.7","1002.3","1013.9"
"2026-09-08","03:14:01","Clear","Wet","Dark","1.2","21.2","3072","57232","22.6","23%","26.0","Heating UP","Opened","7.432","18","Safe","Calm","0.0","75","17.9","9.9","1002.3","1013.9"
"2026-09-08","03:14:11","Clear","Wet","Dark","1.0","21.2","3072","57232","22.6","25%","26.0","Heating UP","Opened","7.402","18","Safe","Calm","0.0","75","17.9","9.7","1002.3","1013.9"
"2026-09-08","03:14:21","Clear","Wet","Dark","1.0","21.1","3072","57232","22.6","27%","26.0","Heating UP","Opened","7.408","18","Safe","Calm","0.0","75","17.9","9.7","1002.3","1013.9"
"2026-09-08","03:14:31","Clear","Wet","Dark","1.1","21.1","3072","57232","22.6","29%","26.0","Heating UP","Opened","7.519","18","Safe","Calm","0.0","75","17.8","9.7","1002.3","1013.9"
"2026-09-08","03:14:41","Clear","Wet","Dark","1.0","21.1","3072","57232","22.5","31%","26.0","Heating UP","Opened","7.662","18","Safe","Calm","0.0","75","17.8","9.7","1002.3","1013.9"
"2026-09-08","03:14:51","Clear","Wet","Dark","1.0","21.1","3072","57232","22.5","33%","26.0","Heating UP","Opened","7.499","18","Safe","Calm","0.0","74","17.8","9.7","1002.4","1014.0"
"2026-09-08","03:15:01","Clear","Wet","Dark","1.0","21.1","3072","57232","22.5","35%","26.1","","Opened","7.360","18","Safe","Calm","0.0","74","17.7","9.6","1002.4","1014.1"
"2026-09-08","03:15:11","Clear","Wet","Dark","0.9","21.0","3072","57232","22.5","35%","26.2","","Opened","7.276","18","Safe","Calm","0.0","74","17.7","9.6","1002.3","1014.0"
"2026-09-08","03:15:21","Clear","Wet","Dark","1.0","21.0","3072","57232","22.5","35%","26.3","","Opened","7.364","18","Safe","Calm","0.0","74","17.7","9.6","1002.3","1014.0"
"2026-09-08","03:15:31","Clear","Wet","Dark","1.1","21.0","3072","57232","22.5","35%","26.4","","Opened","7.323","18","Safe","Calm","0.0","74","17.6","9.7","1002.3","1014.0"
"2026-09-08","03:15:41","Clear","Wet","Dark","1.1","20.9","3072","57232","22.4","35%","26.5","","Opened","7.414","18","Safe","Calm","0.0","74","17.6","9.6","1002.4","1014.0"
"2026-09-08","03:15:51","Clear","Wet","Dark","1.2","20.9","3072","57232","22.5","35%","26.6","","Opened","7.354","18","Safe","Calm","0.0","74","17.6","9.8","1002.4","1014.1"
"2026-09-08","03:16:01","Clear","Wet","Dark","1.2","20.9","3076","57232","22.4","35%","26.7","","Opened","7.309","18","Safe","Calm","0.0","74","17.6","9.8","1002.4","1014.0"
"2026-09-08","03:16:11","Clear","Wet","Dark","1.2","20.9","3094","57232","22.4","35%","26.7","","Opened","7.366","18","Safe","Calm","0.0","74","17.6","9.7","1002.3","1013.9"
"2026-09-08","03:16:21","Clear","Wet","Dark","1.2","20.9","3115","57232","22.4","35%","26.8","Heating DOWN","Opened","7.456","18","Safe","Calm","0.0","74","17.6","9.7","1002.4","1014.0"
"2026-09-08","03:16:31","Clear","Dry","Dark","1.2","20.9","3200","57232","22.4","34%","26.9","Heating DOWN","Opened","7.450","18","Safe","Calm","0.0","74","17.6","9.8","1002.3","1013.9"
"2026-09-08","03:16:41","Clear","Wet","Dark","1.1","20.9","3136","57232","22.4","33%","26.9","Heating DOWN","Opened","7.590","18","Safe","Calm","0.0","74","17.6","9.6","1002.4","1014.0"
"2026-09-08","03:16:51","Clear","Wet","Dark","1.1","20.9","3072","57232","22.4","32%","26.9","Heating DOWN","Opened","7.425","18","Safe","Calm","0.0","74","17.5","9.7","1002.4","1014.1"
"2026-09-08","03:17:01","Clear","Dry","Dark","1.2","20.9","3200","57232","22.4","30%","26.9","Heating DOWN","Opened","7.422","18","Safe","Calm","0.0","74","17.5","9.7","1002.3","1014.0"
"2026-09-08","03:17:11","Clear","Wet","Dark","1.2","20.9","3072","57232","22.4","28%","26.9","Heating DOWN","Opened","7.386","18","Safe","Calm","0.0","74","17.5","9.7","1002.4","1014.0"
"2026-09-08","03:17:21","Clear","Dry","Dark","1.4","20.9","3200","57232","22.4","26%","26.9","Heating DOWN","Opened","7.391","18","Safe","Calm","0.0","74","17.5","9.9","1002.3","1014.0"
"2026-09-08","03:17:31","Clear","Wet","Dark","1.3","20.9","3072","57232","22.3","24%","26.8","","Opened","7.379","18","Safe","Calm","0.0","74","17.5","9.8","1002.4","1014.0"
"2026-09-08","03:17:41","Clear","Wet","Dark","1.3","20.9","3072","57232","22.3","24%","26.7","","Opened","7.461","18","Safe","Calm","0.0","74","17.5","9.8","1002.4","1014.0"
"2026-09-08","03:17:51","Clear","Wet","Dark","1.5","20.9","3072","57232","22.3","24%","26.6","","Opened","7.280","18","Safe","Calm","0.0","74","17.4","10.0","1002.3","1014.0"
"2026-09-08","03:18:01","Clear","Wet","Dark","1.3","20.9","3072","57232","22.3","24%","26.5","","Opened","7.341","18","Safe","Calm","0.0","74","17.5","9.8","1002.3","1014.0"
"2026-09-08","03:18:11","Clear","Wet","Dark","1.5","20.9","3072","57232","22.3","24%","26.5","","Opened","7.257","18","Safe","Calm","0.0","74","17.5","10.0","1002.3","1014.0"
"2026-09-08","03:18:21","Clear","Wet","Dark","1.6","20.9","3072","57232","22.3","24%","26.5","","Opened","7.341","18","Safe","Calm","0.0","74","17.4","10.0","1002.4","1014.0"
"2026-09-08","03:18:31","Clear","Wet","Dark","1.5","20.9","3072","57232","22.2","24%","26.4","","Opened","7.291","18","Safe","Calm","0.0","74","17.4","10.0","1002.3","1014.0"
"2026-09-08","03:18:41","Clear","Wet","Dark","1.6","20.9","3072","57232","22.3","24%","26.4","","Opened","7.511","18","Safe","Calm","0.0","74","17.4","10.0","1002.3","1014.0"
"2026-09-08","03:18:51","Clear","Wet","Dark","1.5","20.9","3072","57232","22.3","24%","26.3","","Opened","7.325","18","Safe","Calm","0.0","74","17.5","10.0","1002.4","1014.0"
"2026-09-08","03:19:01","Clear","Wet","Dark","1.6","20.9","3072","57232","22.2","24%","26.3","","Opened","7.281","18","Safe","Calm","0.0","74","17.4","10.0","1002.3","1014.0"
"2026-09-08","03:19:11","Clear","Wet","Dark","1.6","20.9","3072","57232","22.3","24%","26.2","","Opened","7.351","18","Safe","Calm","0.0","74","17.5","10.1","1002.3","1014.0"
"2026-09-08","03:19:21","Clear","Wet","Dark","1.6","20.9","3072","57232","22.3","24%","26.1","","Opened","7.318","18","Safe","Calm","0.0","74","17.5","10.1","1002.3","1014.0"
"2026-09-08","03:19:31","Clear","Wet","Dark","1.8","20.9","3072","57232","22.3","24%","26.1","","Opened","7.270","18","Safe","Calm","0.0","74","17.5","10.2","1002.4","1014.0"
"2026-09-08","03:19:41","Clear","Wet","Dark","1.6","21.0","3072","57232","22.2","24%","26.1","","Opened","7.492","18","Safe","Calm","0.0","74","17.5","10.0","1002.4","1014.0"
"2026-09-08","03:19:51","Clear","Wet","Dark","1.7","21.0","3072","57232","22.3","24%","26.1","","Opened","7.329","18","Safe","Calm","0.0","74","17.5","10.2","1002.3","1014.0"
"2026-09-08","03:20:01","Clear","Wet","Dark","1.7","21.0","3072","57232","22.3","24%","26.0","Heating UP","Opened","7.419","18","Safe","Calm","0.0","74","17.5","10.2","1002.4","1014.0"
"2026-09-08","03:20:11","Clear","Wet","Dark","1.8","21.0","3072","57232","22.3","25%","26.0","Heating UP","Opened","7.386","18","Safe","Calm","0.0","75","17.5","10.3","1002.5","1014.1"
"2026-09-08","03:20:21","Clear","Wet","Dark","1.6","21.0","3200","57232","22.3","26%","26.0","Heating UP","Opened","7.403","18","Safe","Calm","0.0","75","17.5","10.1","1002.4","1014.1"
"2026-09-08","03:20:31","Clear","Wet","Dark","1.7","21.0","3072","57232","22.3","27%","26.1","","Opened","7.397","18","Safe","Calm","0.0","75","17.6","10.2","1002.4","1014.0"
"2026-09-08","03:20:41","Clear","Wet","Dark","1.8","21.0","3072","57232","22.3","27%","26.1","","Opened","7.495","18","Safe","Calm","0.0","75","17.6","10.2","1002.3","1014.0"
"2026-09-08","03:20:51","Clear","Wet","Dark","1.7","21.1","3072","57232","22.3","27%","26.1","","Opened","7.323","18","Safe","Calm","0.0","75","17.6","10.2","1002.3","1014.0"
"2026-09-08","03:21:01","Clear","Wet","Dark","1.6","21.1","3072","57232","22.3","27%","26.1","","Opened","7.281","18","Safe","Calm","0.0","75","17.6","10.1","1002.3","1014.0"
"2026-09-08","03:21:11","Clear","Wet","Dark","1.7","21.1","3072","57232","22.3","27%","26.2","","Opened","7.345","18","Safe","Calm","0.0","75","17.6","10.2","1002.3","1014.0"
"2026-09-08","03:21:21","Clear","Wet","Dark","1.5","21.1","3072","57232","22.3","27%","26.2","","Opened","7.300","18","Safe","Calm","0.0","75","17.7","10.1","1002.3","1014.0"
"2026-09-08","03:21:31","Clear","Wet","Dark","1.6","21.1","3072","57232","22.3","27%","26.3","","Opened","7.364","18","Safe","Calm","0.0","75","17.7","10.1","1002.3","1013.9"
"2026-09-08","03:21:41","Clear","Wet","Dark","1.5","21.1","3072","57232","22.3","27%","26.3","","Opened","7.518","18","Safe","Calm","0.0","75","17.7","10.0","1002.4","1014.0"
"2026-09-08","03:21:51","Clear","Wet","Dark","1.4","21.0","3072","57232","22.4","27%","26.3","","Opened","7.277","18","Safe","Calm","0.0","75","17.7","10.0","1002.3","1014.0"
"2026-09-08","03:22:01","Clear","Wet","Dark","1.5","21.0","3072","57232","22.4","27%","26.4","","Opened","7.369","18","Safe","Calm","0.0","75","17.7","10.0","1002.3","1014.0"
"2026-09-08","03:22:11","Clear","Wet","Dark","1.4","21.0","3072","57232","22.3","27%","26.5","","Opened","7.307","18","Safe","Calm","0.0","75","17.7","9.9","1002.3","1013.9"
"2026-09-08","03:22:21","Clear","Wet","Dark","1.4","21.0","3072","57232","22.3","27%","26.5","","Opened","7.387","18","Safe","Calm","0.0","75","17.7","9.9","1002.3","1014.0"
"2026-09-08","03:22:31","Clear","Wet","Dark","1.4","21.0","3072","57232","22.4","27%","26.5","","Opened","7.345","18","Safe","Calm","0.0","75","17.7","9.9","1002.3","1014.0"
"2026-09-08","03:22:41","Clear","Wet","Dark","1.5","21.0","3072","57232","22.4","27%","26.5","","Opened","7.413","18","Safe","Calm","0.0","75","17.7","10.1","1002.3","1014.0"
"2026-09-08","03:22:51","Clear","Wet","Dark","1.4","21.0","3072","57232","22.4","27%","26.6","","Opened","7.341","18","Safe","Calm","0.0","75","17.7","9.9","1002.3","1014.0"
"2026-09-08","03:23:01","Clear","Wet","Dark","1.4","21.0","3072","57232","22.4","27%","26.5","","Opened","7.306","18","Safe","Calm","0.0","75","17.7","9.9","1002.4","1014.0"
"2026-09-08","03:23:11","Clear","Wet","Dark","1.4","21.0","3072","57232","22.3","27%","26.6","","Opened","7.363","18","Safe","Calm","0.0","75","17.7","9.9","1002.3","1014.0"
"2026-09-08","03:23:21","Clear","Wet","Dark","1.4","21.0","3072","57232","22.4","27%","26.6","","Opened","7.324","18","Safe","Calm","0.0","75","17.7","9.9","1002.4","1014.0"
"2026-09-08","03:23:31","Clear","Wet","Dark","1.4","20.9","3072","57232","22.3","27%","26.6","","Opened","7.278","18","Safe","Calm","0.0","75","17.7","9.9","1002.3","1013.9"
"2026-09-08","03:23:41","Clear","Wet","Dark","1.3","20.9","3072","57232","22.4","27%","26.7","Heating DOWN","Opened","7.626","18","Safe","Calm","0.0","75","17.7","9.8","1002.3","1014.0"
"2026-09-08","03:23:51","Clear","Dry","Dark","1.2","20.9","3200","57232","22.3","26%","26.6","","Opened","7.349","18","Safe","Calm","0.0","75","17.7","9.7","1002.3","1014.0"
"2026-09-08","03:24:01","Clear","Dry","Dark","1.4","20.9","3200","57232","22.3","26%","26.6","","Opened","7.311","18","Safe","Calm","0.0","75","17.7","9.9","1002.3","1013.9"
"2026-09-08","03:24:11","Clear","Dry","Dark","1.4","20.9","3200","57232","22.3","26%","26.6","","Opened","7.362","18","Safe","Calm","0.0","75","17.7","9.9","1002.3","1013.9"
"2026-09-08","03:24:21","Clear","Dry","Dark","1.4","20.9","3200","57232","22.3","26%","26.6","","Opened","7.297","18","Safe","Calm","0.0","75","17.7","9.9","1002.4","1014.0"
"2026-09-08","03:24:31","Clear","Dry","Dark","1.3","20.9","3200","57232","22.3","26%","26.5","","Opened","7.380","18","Safe","Calm","0.0","75","17.6","9.8","1002.3","1014.0"
"2026-09-08","03:24:41","Clear","Dry","Dark","1.4","20.9","3200","57232","22.3","26%","26.5","","Opened","7.471","18","Safe","Calm","0.0","75","17.6","9.9","1002.3","1014.0"
"2026-09-08","03:24:51","Clear","Dry","Dark","1.4","20.9","3200","57232","22.3","26%","26.5","","Opened","7.292","18","Safe","Calm","0.0","75","17.6","9.9","1002.3","1014.0"
"2026-09-08","03:25:01","Clear","Dry","Dark","1.5","20.8","3200","57232","22.3","26%","26.5","","Opened","7.371","18","Safe","Calm","0.0","75","17.6","9.9","1002.3","1014.0"
"2026-09-08","03:25:11","Clear","Dry","Dark","1.4","20.9","3200","57232","22.3","26%","26.4","","Opened","7.311","18","Safe","Calm","0.0","75","17.6","9.9","1002.3","1013.9"
"2026-09-08","03:25:21","Clear","Dry","Dark","1.5","20.9","3200","57232","22.3","26%","26.4","","Opened","7.269","18","Safe","Calm","0.0","75","17.6","9.9","1002.3","1013.9"
"2026-09-08","03:25:31","Clear","Dry","Dark","1.5","20.9","3200","57232","22.2","26%","26.4","","Opened","7.345","18","Safe","Calm","0.0","75","17.6","10.0","1002.3","1014.0"
"2026-09-08","03:25:41","Clear","Dry","Dark","1.5","20.8","3200","57232","22.2","26%","26.4","","Opened","7.432","18","Safe","Calm","0.0","75","17.6","10.0","1002.3","1013.9"
"2026-09-08","03:25:51","Clear","Dry","Dark","1.5","20.9","3200","57232","22.3","26%","26.3","","Opened","7.379","18","Safe","Calm","0.0","75","17.6","9.9","1002.3","1013.9"
"2026-09-08","03:26:01","Clear","Dry","Dark","1.5","20.9","3200","57232","22.2","26%","26.3","","Opened","7.333","18","Safe","Calm","0.0","75","17.6","10.0","1002.3","1014.0"
"2026-09-08","03:26:11","Clear","Dry","Dark","1.5","20.9","3200","57232","22.2","26%","26.3","","Opened","7.271","18","Safe","Calm","0.0","75","17.6","10.0","1002.3","1013.9"
"2026-09-08","03:26:21","Clear","Dry","Dark","1.5","20.9","3200","57232","22.2","26%","26.3","","Opened","7.343","18","Safe","Calm","0.0","75","17.6","9.9","1002.3","1014.0"
"2026-09-08","03:26:31","Clear","Dry","Dark","1.6","20.9","3200","57232","22.2","26%","26.3","","Opened","7.298","18","Safe","Calm","0.0","75","17.6","10.0","1002.3","1014.0"
"2026-09-08","03:26:41","Clear","Dry","Dark","1.5","20.9","3200","57232","22.2","26%","26.3","","Opened","7.516","18","Safe","Calm","0.0","75","17.6","10.0","1002.3","1014.0"
"2026-09-08","03:26:51","Clear","Dry","Dark","1.7","20.9","3200","57232","22.2","26%","26.3","","Opened","7.335","18","Safe","Calm","0.0","75","17.7","10.2","1002.3","1014.0"
"2026-09-08","03:27:01","Clear","Dry","Dark","1.5","20.9","3200","57232","22.2","26%","26.2","","Opened","7.285","18","Safe","Calm","0.0","75","17.7","10.0","1002.3","1014.0"
"2026-09-08","03:27:11","Clear","Wet","Dark","1.6","20.9","3072","57232","22.2","26%","26.2","","Opened","7.344","18","Safe","Calm","0.0","76","17.7","10.0","1002.3","1014.0"
"2026-09-08","03:27:21","Clear","Dry","Dark","1.5","20.9","3200","57232","22.2","26%","26.1","","Opened","7.293","18","Safe","Calm","0.0","76","17.7","10.0","1002.3","1013.9"
"2026-09-08","03:27:31","Clear","Wet","Dark","1.5","20.9","3072","57232","22.2","26%","26.1","","Opened","7.368","18","Safe","Calm","0.0","76","17.8","10.0","1002.3","1013.9"
"2026-09-08","03:27:41","Clear","Dry","Dark","1.6","20.9","3200","57232","22.2","26%","26.1","","Opened","7.457","18","Safe","Calm","0.0","76","17.8","10.0","1002.3","1014.0"
"2026-09-08","03:27:51","Clear","Wet","Dark","1.7","20.9","3072","57232","22.2","26%","26.1","","Opened","7.274","18","Safe","Calm","0.0","76","17.8","10.1","1002.3","1013.9"
"2026-09-08","03:28:01","Clear","Wet","Dark","1.5","20.9","3072","57232","22.2","26%","26.0","","Opened","7.368","18","Safe","Calm","0.0","76","17.8","9.9","1002.3","1014.0"
"2026-09-08","03:28:11","Clear","Wet","Dark","1.6","20.9","3072","57232","22.2","26%","26.0","","Opened","7.299","18","Safe","Calm","0.0","76","17.8","10.0","1002.3","1013.9"
"2026-09-08","03:28:21","Clear","Wet","Dark","1.6","20.9","3072","57232","22.1","26%","26.0","","Opened","7.377","18","Safe","Calm","0.0","76","17.8","10.0","1002.3","1014.0"
"2026-09-08","03:28:31","Clear","Wet","Dark","1.5","20.9","3072","57232","22.2","26%","26.0","","Opened","7.336","18","Safe","Calm","0.0","76","17.8","10.0","1002.3","1013.9"
"2026-09-08","03:28:41","Clear","Wet","Dark","1.6","20.9","3072","57232","22.2","26%","25.9","","Opened","7.425","18","Safe","Calm","0.0","76","17.8","10.0","1002.3","1013.9"
"2026-09-08","03:28:51","Clear","Wet","Dark","1.6","20.9","3072","57232","22.2","26%","25.9","","Opened","7.364","18","Safe","Calm","0.0","77","17.8","10.0","1002.3","1013.9"
"2026-09-08","03:29:01","Clear","Wet","Dark","1.6","20.9","3072","57232","22.2","26%","25.9","","Opened","7.333","18","Safe","Calm","0.0","77","17.8","10.0","1002.3","1013.9"
"2026-09-08","03:29:11","Clear","Wet","Dark","1.4","20.8","3072","57232","22.1","26%","25.9","","Opened","7.257","18","Safe","Calm","0.0","77","17.8","9.8","1002.3","1014.0"
"2026-09-08","03:29:21","Clear","Wet","Dark","1.6","20.8","3072","57232","22.1","26%","25.9","","Opened","7.346","18","Safe","Calm","0.0","77","17.8","10.0","1002.3","1014.0"
"2026-09-08","03:29:31","Clear","Wet","Dark","1.6","20.8","3072","57232","22.1","26%","25.8","Heating UP","Opened","7.435","18","Safe","Calm","0.0","77","17.8","10.0","1002.3","1013.9"
"2026-09-08","03:29:41","Clear","Wet","Dark","1.6","20.8","3072","57232","22.1","27%","25.8","Heating UP","Opened","7.568","18","Safe","Calm","0.0","77","17.8","10.0","1002.4","1014.0"
"2026-09-08","03:29:51","Clear","Wet","Dark","1.6","20.8","3072","57232","22.1","28%","25.8","Heating UP","Opened","7.436","18","Safe","Calm","0.0","77","17.8","10.0","1002.3","1013.9"
"2026-09-08","03:30:01","Clear","Wet","Dark","1.6","20.8","3072","57232","22.1","29%","25.9","","Opened","7.311","18","Safe","Calm","0.0","77","17.8","10.0","1002.3","1013.9"
"2026-09-08","03:30:11","Clear","Wet","Dark","1.7","20.8","3071","57232","22.1","29%","25.9","","Opened","7.248","18","Safe","Calm","0.0","77","17.8","10.0","1002.3","1013.9"
"2026-09-08","03:30:21","Clear","Wet","Dark","1.6","20.8","3072","57232","22.1","29%","25.8","Heating UP","Opened","7.467","18","Safe","Calm","0.0","77","17.8","10.0","1002.3","1013.9"
"2026-09-08","03:30:31","Clear","Dry","Dark","1.6","20.8","3200","57232","22.1","30%","25.8","Heating UP","Opened","7.457","18","Safe","Calm","0.0","77","17.8","9.9","1002.3","1013.9"
"2026-09-08","03:30:41","Clear","Wet","Dark","1.6","20.8","3072","57232","22.1","31%","25.9","","Opened","7.461","18","Safe","Calm","0.0","77","17.8","9.9","1002.2","1013.8"
"2026-09-08","03:30:51","Clear","Wet","Dark","1.6","20.8","3072","57232","22.0","31%","25.8","","Opened","7.285","18","Safe","Calm","0.0","77","17.8","9.9","1002.3","1013.9"
"2026-09-08","03:31:01","Clear","Wet","Dark","1.6","20.8","3072","57232","22.0","31%","25.9","","Opened","7.361","18","Safe","Calm","0.0","77","17.8","10.0","1002.3","1013.9"
"2026-09-08","03:31:11","Clear","Wet","Dark","1.6","20.8","3072","57232","22.0","31%","25.9","","Opened","7.291","18","Safe","Calm","0.0","77","17.8","10.0","1002.3","1013.9"
"2026-09-08","03:31:21","Clear","Wet","Dark","1.7","20.7","3072","57232","22.0","31%","26.0","","Opened","7.369","18","Safe","Calm","0.0","77","17.8","10.1","1002.3","1014.0"
"2026-09-08","03:31:31","Clear","Wet","Dark","1.7","20.8","3072","57232","22.0","31%","26.0","","Opened","7.335","18","Safe","Calm","0.0","77","17.8","10.0","1002.3","1014.0"
"2026-09-08","03:31:41","Clear","Wet","Dark","1.7","20.8","3072","57232","22.0","31%","26.0","","Opened","7.428","18","Safe","Calm","0.0","77","17.8","10.0","1002.3","1013.9"
"2026-09-08","03:31:51","Clear","Wet","Dark","1.7","20.8","3072","57232","22.0","31%","26.1","","Opened","7.373","18","Safe","Calm","0.0","77","17.8","10.0","1002.3","1014.0"
"2026-09-08","03:32:01","Clear","Wet","Dark","1.6","20.8","3072","57232","22.0","31%","26.1","","Opened","7.319","18","Safe","Calm","0.0","77","17.8","9.9","1002.3","1014.0"
"2026-09-08","03:32:11","Clear","Wet","Dark","1.7","20.7","3072","57232","22.0","31%","26.1","","Opened","7.259","18","Safe","Calm","0.0","77","17.8","10.0","1002.3","1014.0"
"2026-09-08","03:32:21","Clear","Wet","Dark","1.7","20.7","3072","57232","21.9","31%","26.2","","Opened","7.336","18","Safe","Calm","0.0","77","17.7","10.0","1002.3","1013.9"
"2026-09-08","03:32:31","Clear","Wet","Dark","1.6","20.7","3072","57232","22.0","31%","26.2","","Opened","7.300","18","Safe","Calm","0.0","77","17.7","10.0","1002.3","1013.9"
"2026-09-08","03:32:41","Clear","Wet","Dark","1.6","20.7","3072","57232","22.0","31%","26.3","","Opened","7.510","18","Safe","Calm","0.0","77","17.7","9.9","1002.3","1013.9"
"2026-09-08","03:32:51","Clear","Wet","Dark","1.6","20.7","3072","57232","22.0","31%","26.3","Heating DOWN","Opened","7.460","18","Safe","Calm","0.0","77","17.7","9.9","1002.3","1013.9"
"2026-09-08","03:33:01","Clear","Dry","Dark","1.6","20.7","3200","57232","21.9","30%","26.3","Heating DOWN","Opened","7.461","18","Safe","Calm","0.0","77","17.7","9.9","1002.4","1014.0"
"2026-09-08","03:33:11","Clear","Wet","Dark","1.7","20.7","3072","57232","21.9","29%","26.3","Heating DOWN","Opened","7.433","18","Safe","Calm","0.0","77","17.7","10.0","1002.2","1013.8"
"2026-09-08","03:33:21","Clear","Wet","Dark","1.6","20.7","3072","57232","21.9","28%","26.3","Heating DOWN","Opened","7.435","18","Safe","Calm","0.0","77","17.8","9.9","1002.2","1013.8"
"2026-09-08","03:33:31","Clear","Wet","Dark","1.7","20.7","3072","57232","21.9","27%","26.3","Heating DOWN","Opened","7.438","18","Safe","Calm","0.0","77","17.8","10.0","1002.3","1013.9"
"2026-09-08","03:33:41","Clear","Dry","Dark","1.5","20.7","3200","57232","21.9","26%","26.2","","Opened","7.444","18","Safe","Calm","0.0","77","17.8","9.8","1002.3","1013.9"
"2026-09-08","03:33:51","Clear","Wet","Dark","1.6","20.6","3072","57232","21.9","26%","26.2","","Opened","7.378","18","Safe","Calm","0.0","77","17.8","9.9","1002.3","1013.9"
"2026-09-08","03:34:01","Clear","Dry","Dark","1.7","20.6","3200","57232","21.9","26%","26.1","","Opened","7.332","18","Safe","Calm","0.6","77","17.8","10.0","1002.3","1013.9"
"2026-09-08","03:34:11","Clear","Wet","Dark","1.7","20.7","3072","57232","21.9","26%","26.0","","Opened","7.267","18","Safe","Calm","0.6","77","17.8","10.0","1002.3","1013.9"
"2026-09-08","03:34:21","Clear","Wet","Dark","1.7","20.7","3072","57232","21.9","26%","25.9","","Opened","7.357","18","Safe","Calm","1.3","77","17.8","9.9","1002.3","1013.9"
"2026-09-08","03:34:31","Clear","Wet","Dark","1.6","20.7","3072","57232","21.9","26%","25.9","","Opened","7.301","18","Safe","Calm","1.3","77","17.7","9.8","1002.3","1013.9"
"2026-09-08","03:34:41","Clear","Wet","Dark","1.6","20.7","3072","57232","21.9","26%","25.9","","Opened","7.513","18","Safe","Calm","1.3","77","17.8","9.9","1002.3","1013.9"
"2026-09-08","03:34:51","Clear","Wet","Dark","1.6","20.7","3072","57232","21.9","26%","25.9","","Opened","7.321","18","Safe","Calm","1.3","77","17.8","9.8","1002.3","1013.9"
"2026-09-08","03:35:01","Clear","Wet","Dark","1.6","20.7","3072","57232","21.8","26%","25.9","","Opened","7.273","18","Safe","Calm","0.6","77","17.7","9.8","1002.3","1013.9"
"2026-09-08","03:35:11","Clear","Wet","Dark","1.6","20.7","3072","57232","21.8","26%","25.9","","Opened","7.321","18","Safe","Calm","0.6","77","17.7","9.8","1002.3","1013.9"
"2026-09-08","03:35:21","Clear","Wet","Dark","1.9","20.7","3072","57232","21.8","26%","25.8","","Opened","7.365","18","Safe","Calm","0.0","78","17.7","10.1","1002.3","1013.9"
"2026-09-08","03:35:31","Clear","Wet","Dark","1.8","20.7","3072","57232","21.8","26%","25.7","","Opened","7.301","18","Safe","Calm","0.0","78","17.8","10.0","1002.3","1013.9"
"2026-09-08","03:35:41","Clear","Wet","Dark","1.6","20.7","3072","57232","21.8","26%","25.7","","Opened","7.492","18","Safe","Calm","0.0","78","17.8","9.9","1002.2","1013.9"
"2026-09-08","03:35:51","Clear","Wet","Dark","1.7","20.7","3072","57232","21.8","26%","25.7","","Opened","7.279","18","Safe","Calm","0.0","78","17.8","9.9","1002.3","1014.0"
"2026-09-08","03:36:01","Clear","Wet","Dark","1.8","20.7","3072","57232","21.8","26%","25.6","","Opened","7.342","18","Safe","Calm","0.0","78","17.8","10.0","1002.3","1013.9"
"2026-09-08","03:36:11","Clear","Wet","Dark","1.8","20.7","3072","57232","21.8","26%","25.6","","Opened","7.278","18","Safe","Calm","0.0","78","17.8","10.0","1002.3","1014.0"
"2026-09-08","03:36:21","Clear","Wet","Dark","1.6","20.7","3072","57232","21.8","26%","25.6","","Opened","7.342","18","Safe","Calm","0.0","78","17.8","9.8","1002.3","1013.9"
"2026-09-08","03:36:31","Clear","Wet","Dark","1.6","20.7","3072","57232","21.8","26%","25.7","","Opened","7.261","18","Safe","Calm","0.0","78","17.8","9.8","1002.3","1013.9"
"2026-09-08","03:36:41","Clear","Wet","Dark","1.6","20.7","3072","57232","21.8","26%","25.7","","Opened","7.455","18","Safe","Calm","0.0","78","17.8","9.9","1002.3","1013.9"
"2026-09-08","03:36:51","Clear","Wet","Dark","1.6","20.7","3072","57232","21.8","26%","25.7","","Opened","7.264","18","Safe","Calm","0.0","78","17.8","9.8","1002.3","1013.9"
"2026-09-08","03:37:01","Clear","Wet","Dark","1.8","20.7","3072","57232","21.8","26%","25.7","","Opened","7.337","18","Safe","Calm","0.0","78","17.7","10.0","1002.3","1013.9"
"2026-09-08","03:37:11","Clear","Wet","Dark","1.6","20.7","3072","57232","21.8","26%","25.7","","Opened","7.275","18","Safe","Calm","0.0","78","17.7","9.8","1002.3","1013.9"
"2026-09-08","03:37:21","Clear","Wet","Dark","1.7","20.7","3072","57232","21.8","26%","25.8","","Opened","7.360","18","Safe","Calm","0.0","78","17.7","9.9","1002.3","1013.9"
"2026-09-08","03:37:31","Clear","Wet","Dark","1.6","20.7","3072","57232","21.8","26%","25.8","","Opened","7.295","18","Safe","Calm","0.0","78","17.8","9.8","1002.2","1013.9"
"2026-09-08","03:37:41","Clear","Wet","Dark","1.8","20.7","3072","57232","21.8","26%","25.8","","Opened","7.522","18","Safe","Calm","0.0","78","17.8","10.0","1002.3","1014.0"
"2026-09-08","03:37:51","Clear","Wet","Dark","1.8","20.7","3072","57232","21.8","26%","25.7","","Opened","7.337","18","Safe","Calm","0.0","78","17.7","10.0","1002.3","1013.9"
"2026-09-08","03:38:01","Clear","Wet","Dark","1.9","20.7","3072","57232","21.8","26%","25.7","","Opened","7.304","18","Safe","Calm","0.0","78","17.7","10.1","1002.3","1013.9"
"2026-09-08","03:38:11","Clear","Wet","Dark","1.8","20.7","3072","57232","21.8","26%","25.7","","Opened","7.371","18","Safe","Calm","0.0","78","17.8","10.0","1002.3","1013.9"
"2026-09-08","03:38:21","Clear","Wet","Dark","1.8","20.7","3072","57232","21.8","26%","25.7","","Opened","7.316","18","Safe","Calm","0.0","78","17.8","10.0","1002.2","1013.9"
"2026-09-08","03:38:31","Clear","Wet","Dark","1.8","20.7","3072","57232","21.8","26%","25.7","","Opened","7.272","18","Safe","Calm","0.0","78","17.8","10.0","1002.2","1013.9"
"2026-09-08","03:38:41","Clear","Wet","Dark","1.8","20.7","3072","57232","21.8","26%","25.7","","Opened","7.493","18","Safe","Calm","0.0","78","17.8","10.0","1002.3","1013.9"
"2026-09-08","03:38:51","Clear","Wet","Dark","1.8","20.7","3072","57232","21.8","26%","25.7","","Opened","7.301","18","Safe","Calm","0.0","78","17.8","10.0","1002.3","1014.0"
"2026-09-08","03:39:01","Clear","Wet","Dark","1.8","20.7","3072","57232","21.8","26%","25.7","","Opened","7.391","18","Safe","Calm","0.0","78","17.8","10.0","1002.3","1013.9"
"2026-09-08","03:39:11","Clear","Wet","Dark","1.8","20.7","3072","57232","21.8","26%","25.7","","Opened","7.329","18","Safe","Calm","0.0","78","17.8","10.0","1002.2","1013.9"
"2026-09-08","03:39:21","Clear","Wet","Dark","1.9","20.7","3072","57232","21.8","26%","25.7","","Opened","7.290","18","Safe","Calm","0.0","78","17.8","10.1","1002.2","1013.9"
"2026-09-08","03:39:31","Clear","Wet","Dark","1.8","20.7","3072","57232","21.8","26%","25.7","","Opened","7.371","18","Safe","Calm","0.0","78","17.8","10.0","1002.3","1014.0"
"2026-09-08","03:39:41","Clear","Wet","Dark","1.8","20.7","3072","57232","21.8","26%","25.8","","Opened","7.462","18","Safe","Calm","0.0","78","17.8","10.0","1002.3","1013.9"
"2026-09-08","03:39:51","Clear","Wet","Dark","1.9","20.7","3072","57232","21.8","26%","25.8","","Opened","7.389","18","Safe","Calm","0.0","78","17.8","10.1","1002.3","1013.9"
"2026-09-08","03:40:01","Clear","Wet","Dark","1.8","20.7","3072","57232","21.8","26%","25.7","","Opened","7.347","18","Safe","Calm","0.0","78","17.7","10.0","1002.2","1013.9"
"2026-09-08","03:40:11","Clear","Wet","Dark","1.7","20.7","3072","57232","21.8","26%","25.7","","Opened","7.287","18","Safe","Calm","0.0","78","17.8","9.9","1002.2","1013.9"
"2026-09-08","03:40:21","Clear","Wet","Dark","1.8","20.7","3072","57232","21.8","26%","25.7","","Opened","7.374","18","Safe","Calm","0.0","78","17.7","10.0","1002.2","1013.9"
"2026-09-08","03:40:31","Clear","Wet","Dark","1.8","20.7","3072","57232","21.8","26%","25.7","","Opened","7.337","18","Safe","Calm","0.0","78","17.8","10.0","1002.3","1013.9"
"2026-09-08","03:40:41","Clear","Wet","Dark","1.8","20.7","3072","57232","21.8","26%","25.7","","Opened","7.421","18","Safe","Calm","0.0","78","17.8","10.0","1002.3","1013.9"
"2026-09-08","03:40:51","Clear","Wet","Dark","1.8","20.7","3072","57232","21.8","26%","25.7","","Opened","7.364","18","Safe","Calm","0.0","78","17.8","10.0","1002.3","1013.9"
"2026-09-08","03:41:01","Clear","Wet","Dark","1.8","20.7","3072","57232","21.8","26%","25.7","","Opened","7.311","18","Safe","Calm","0.0","78","17.7","10.0","1002.3","1013.9"
"2026-09-08","03:41:11","Clear","Wet","Dark","1.7","20.7","3072","57232","21.8","26%","25.8","","Opened","7.372","18","Safe","Calm","0.0","78","17.7","9.9","1002.3","1013.9"
"2026-09-08","03:41:21","Clear","Wet","Dark","1.8","20.6","3072","57232","21.8","26%","25.8","","Opened","7.314","18","Safe","Calm","0.0","78","17.7","10.0","1002.2","1013.9"
"2026-09-08","03:41:31","Clear","Wet","Dark","1.6","20.6","3072","57232","21.8","26%","25.7","","Opened","7.272","18","Safe","Calm","0.0","78","17.7","9.8","1002.2","1013.9"
"2026-09-08","03:41:41","Clear","Wet","Dark","1.7","20.6","3072","57232","21.8","26%","25.7","","Opened","7.484","18","Safe","Calm","0.0","78","17.7","9.9","1002.2","1013.9"
"2026-09-08","03:41:51","Clear","Wet","Dark","1.6","20.6","3072","57232","21.8","26%","25.7","","Opened","7.308","18","Safe","Calm","0.0","78","17.7","9.8","1002.3","1013.9"
"2026-09-08","03:42:01","Clear","Wet","Dark","1.7","20.6","3072","57232","21.7","26%","25.7","","Opened","7.381","18","Safe","Calm","0.0","78","17.7","9.9","1002.2","1013.9"
"2026-09-08","03:42:11","Clear","Wet","Dark","1.7","20.6","3072","57232","21.7","26%","25.6","","Opened","7.314","18","Safe","Calm","0.0","78","17.7","9.9","1002.3","1014.0"
"2026-09-08","03:42:21","Clear","Wet","Dark","1.7","20.6","3072","57232","21.7","26%","25.6","","Opened","7.273","18","Safe","Calm","0.6","78","17.7","9.9","1002.2","1013.9"
"2026-09-08","03:42:31","Clear","Wet","Dark","1.8","20.6","3072","57232","21.7","26%","25.5","","Opened","7.357","18","Safe","Calm","0.6","78","17.7","10.0","1002.3","1013.9"
"2026-09-08","03:42:41","Clear","Wet","Dark","1.8","20.6","3072","57232","21.7","26%","25.5","","Opened","7.452","18","Safe","Calm","0.6","78","17.7","10.0","1002.3","1014.0"
"2026-09-08","03:42:51","Clear","Wet","Dark","1.7","20.6","3072","57232","21.7","26%","25.6","","Opened","7.272","18","Safe","Calm","0.6","78","17.7","9.9","1002.3","1013.9"
"2026-09-08","03:43:01","Clear","Wet","Dark","1.8","20.6","3072","57232","21.7","26%","25.6","","Opened","7.349","18","Safe","Calm","0.6","78","17.7","9.9","1002.3","1013.9"
"2026-09-08","03:43:11","Clear","Wet","Dark","1.9","20.6","3072","57232","21.7","26%","25.7","","Opened","7.281","18","Safe","Calm","0.6","78","17.7","10.0","1002.2","1013.9"
"2026-09-08","03:43:21","Clear","Wet","Dark","1.9","20.6","3072","57232","21.7","26%","25.7","","Opened","7.374","18","Safe","Calm","0.0","78","17.7","10.1","1002.2","1013.9"
"2026-09-08","03:43:31","Clear","Wet","Dark","1.9","20.6","3072","57232","21.7","26%","25.7","","Opened","7.329","18","Safe","Calm","0.0","78","17.7","10.1","1002.3","1013.9"
"2026-09-08","03:43:41","Clear","Wet","Dark","2.0","20.6","3072","57232","21.7","26%","25.7","","Opened","7.421","18","Safe","Calm","0.0","78","17.7","10.2","1002.4","1014.0"
"2026-09-08","03:43:51","Clear","Wet","Dark","1.8","20.6","3072","57232","21.7","26%","25.7","","Opened","7.366","18","Safe","Calm","0.0","78","17.6","10.0","1002.3","1013.9"
"2026-09-08","03:44:01","Clear","Wet","Dark","1.8","20.6","3072","57232","21.7","26%","25.8","","Opened","7.304","18","Safe","Calm","0.0","78","17.7","10.0","1002.2","1013.9"
"2026-09-08","03:44:11","Clear","Wet","Dark","1.9","20.6","3072","57232","21.7","26%","25.8","Heat Impulse - Warming up","Opened","7.502","18","Safe","Calm","0.0","78","17.7","10.1","1002.2","1013.9"
"2026-09-08","03:44:21","Clear","Dry","Dark","1.9","20.6","3200","57232","21.7","100%","25.9","Heat Impulse - Warming up","Opened","7.375","18","Safe","Calm","0.0","78","17.7","10.1","1002.3","1013.9"
"2026-09-08","03:44:31","Clear","Dry","Dark","1.9","20.6","3200","57232","21.7","100%","26.3","Heat Impulse - Warming up","Opened","7.329","18","Safe","Calm","0.0","78","17.7","10.0","1002.3","1013.9"
"2026-09-08","03:44:41","Clear","Dry","Dark","1.9","20.6","3200","57232","21.7","100%","26.8","Heat Impulse - Warming up","Opened","7.414","18","Safe","Calm","0.0","78","17.7","10.1","1002.3","1014.0"
"2026-09-08","03:44:51","Clear","Dry","Dark","2.0","20.6","3200","57232","21.7","100%","27.4","Heat Impulse - Warming up","Opened","7.350","18","Safe","Calm","0.0","78","17.7","10.1","1002.2","1013.9"
"2026-09-08","03:45:01","Clear","Dry","Dark","2.0","20.6","3200","57232","21.8","100%","28.0","Heat Impulse - Warming up","Opened","7.305","18","Safe","Calm","0.0","78","17.8","10.2","1002.3","1013.9"
"2026-09-08","03:45:11","Clear","Dry","Dark","2.0","20.7","3200","57232","21.7","100%","28.5","Heat Impulse - Warming up","Opened","7.358","18","Safe","Calm","0.0","78","17.8","10.2","1002.3","1013.9"
"2026-09-08","03:45:21","Clear","Dry","Dark","1.9","20.7","3200","57232","21.8","100%","28.9","Heat Impulse - Warming up","Opened","7.322","18","Safe","Calm","0.0","78","17.8","10.1","1002.2","1013.9"
"2026-09-08","03:45:31","Clear","Dry","Dark","1.9","20.7","3200","57232","21.8","100%","29.5","Heat Impulse - Warming up","Opened","7.277","18","Safe","Calm","0.0","78","17.8","10.1","1002.2","1013.9"
"2026-09-08","03:45:41","Clear","Dry","Dark","2.0","20.7","3200","57232","21.8","100%","30.0","Heat Impulse - Warming up","Opened","7.494","18","Safe","Calm","0.0","78","17.8","10.2","1002.3","1013.9"
"2026-09-08","03:45:51","Clear","Dry","Dark","2.0","20.8","3200","57232","21.8","100%","30.6","Heat Impulse - Warming up","Opened","7.317","18","Safe","Calm","0.0","78","17.8","10.2","1002.2","1013.9"
"2026-09-08","03:46:01","Clear","Dry","Dark","2.0","20.8","3200","57232","21.8","100%","31.0","Heat Impulse - Warming up","Opened","7.281","18","Safe","Calm","0.0","78","17.9","10.2","1002.3","1013.9"
"2026-09-08","03:46:11","Clear","Dry","Dark","2.7","20.8","3200","57232","21.8","100%","31.5","Heat Impulse - Warming up","Opened","7.342","18","Safe","Calm","0.6","78","17.9","11.0","1002.2","1013.9"
"2026-09-08","03:46:21","Clear","Dry","Dark","2.8","21.0","3200","57232","21.8","100%","31.7","Heat Impulse - Warming up","Opened","7.308","18","Safe","Calm","1.3","78","17.9","11.0","1002.2","1013.9"
"2026-09-08","03:46:31","Clear","Dry","Dark","2.2","21.1","3200","57232","21.8","100%","31.9","Heat Impulse - Holding for 60s","Opened","7.393","18","Safe","Calm","1.3","79","17.9","10.4","1002.2","1013.9"
"2026-09-08","03:46:42","Clear","Dry","Dark","2.0","21.1","3200","57232","21.9","100%","32.3","Heat Impulse - Holding for 60s","Opened","7.622","18","Safe","Calm","1.3","79","18.0","10.3","1002.3","1013.9"
"2026-09-08","03:46:51","Clear","Dry","Dark","2.0","21.1","3200","57232","21.9","99%","32.8","Heat Impulse - Holding for 60s","Opened","7.488","18","Safe","Calm","1.3","79","18.0","10.2","1002.3","1013.9"
"2026-09-08","03:47:01","Clear","Wet","Dark","2.4","21.2","3136","57232","21.9","97%","33.0","Heat Impulse - Holding for 60s","Opened","7.494","18","Safe","Calm","1.3","79","18.0","10.7","1002.2","1013.8"
"2026-09-08","03:47:11","Clear","Wet","Dark","2.2","21.2","3135","57232","21.9","93%","33.2","Heat Impulse - Holding for 60s","Opened","7.490","18","Safe","Calm","0.6","79","18.1","10.4","1002.2","1013.8"
"2026-09-08","03:47:21","Clear","Wet","Dark","2.0","21.2","3136","57232","21.9","89%","33.6","Heat Impulse - Holding for 60s","Opened","7.493","18","Safe","Calm","0.0","79","18.0","10.3","1002.2","1013.8"
"2026-09-08","03:47:31","Clear","Wet","Dark","2.0","21.3","3136","57232","21.9","85%","33.8","Heat Impulse - Holding for 60s","Opened","7.478","18","Safe","Calm","0.0","79","18.1","10.3","1002.2","1013.8"
"2026-09-08","03:47:41","Clear","Wet","Dark","2.0","21.4","3146","57232","21.9","81%","34.0","Heating DOWN","Opened","7.619","18","Safe","Calm","0.0","79","18.1","10.3","1002.2","1013.8"
"2026-09-08","03:47:51","Clear","Wet","Dark","1.9","21.4","3158","57232","22.0","41%","34.1","","Opened","7.466","18","Safe","Calm","0.0","79","18.1","10.2","1002.1","1013.8"
"2026-09-08","03:48:01","Clear","Dry","Dark","2.1","21.4","3200","57232","22.0","10%","34.0","","Opened","7.470","18","Safe","Calm","0.0","79","18.1","10.4","1002.2","1013.8"
"2026-09-08","03:48:11","Clear","Dry","Dark","2.0","21.5","3200","57232","22.0","10%","33.5","","Opened","7.449","18","Safe","Calm","0.0","79","18.1","10.3","1002.2","1013.8"
"2026-09-08","03:48:21","Clear","Dry","Dark","2.1","21.5","3200","57232","22.0","10%","33.0","","Opened","7.450","18","Safe","Calm","0.0","79","18.1","10.4","1002.1","1013.8"
"2026-09-08","03:48:31","Clear","Dry","Dark","1.9","21.5","3200","57232","22.0","10%","32.5","","Opened","7.450","18","Safe","Calm","0.0","79","18.1","10.2","1002.2","1013.8"
"2026-09-08","03:48:41","Clear","Dry","Dark","1.8","21.6","3200","57232","22.0","10%","31.9","","Opened","7.600","18","Safe","Calm","0.0","79","18.1","10.2","1002.1","1013.8"
"2026-09-08","03:48:51","Clear","Dry","Dark","1.8","21.6","3200","57232","22.0","10%","31.5","","Opened","7.450","18","Safe","Calm","0.0","79","18.1","10.1","1002.2","1013.8"
"2026-09-08","03:49:01","Clear","Dry","Dark","2.0","21.6","3200","57232","22.0","10%","30.9","","Opened","7.459","18","Safe","Calm","0.0","79","18.1","10.3","1002.2","1013.8"
"2026-09-08","03:49:11","Clear","Dry","Dark","2.2","21.6","3200","57232","22.0","10%","30.4","","Opened","7.439","18","Safe","Calm","0.0","79","18.1","10.5","1002.2","1013.8"
"2026-09-08","03:49:21","Clear","Dry","Dark","1.8","21.6","3200","57232","22.1","10%","30.0","","Opened","7.446","18","Safe","Calm","0.0","79","18.2","10.2","1002.2","1013.8"
"2026-09-08","03:49:31","Clear","Dry","Dark","1.9","21.6","3200","57232","22.1","10%","29.7","","Opened","7.448","18","Safe","Calm","0.0","79","18.2","10.2","1002.2","1013.8"
"2026-09-08","03:49:42","Clear","Dry","Dark","1.9","21.6","3200","57232","22.1","10%","29.4","","Opened","7.617","18","Safe","Calm","0.0","79","18.1","10.2","1002.2","1013.8"
"2026-09-08","03:49:51","Clear","Dry","Dark","1.9","21.7","3200","57232","22.1","10%","29.0","","Opened","7.454","18","Safe","Calm","0.0","79","18.2","10.3","1002.2","1013.8"
"2026-09-08","03:50:01","Clear","Dry","Dark","1.8","21.6","3200","57232","22.1","10%","28.7","","Opened","7.455","18","Safe","Calm","0.0","79","18.2","10.2","1002.2","1013.8"
"2026-09-08","03:50:11","Clear","Dry","Dark","1.8","21.7","3200","57232","22.1","10%","28.4","","Opened","7.445","18","Safe","Calm","0.0","79","18.2","10.2","1002.1","1013.8"
"2026-09-08","03:50:21","Clear","Dry","Dark","1.9","21.7","3200","57232","22.1","10%","28.1","","Opened","7.436","18","Safe","Calm","0.0","78","18.2","10.2","1002.2","1013.8"
"2026-09-08","03:50:31","Clear","Wet","Dark","1.8","21.6","3200","57232","22.1","10%","27.9","","Opened","7.448","18","Safe","Calm","0.0","78","18.2","10.2","1002.1","1013.8"
"2026-09-08","03:50:41","Clear","Wet","Dark","1.6","21.6","3072","57232","22.1","10%","27.6","","Opened","7.589","18","Safe","Calm","0.0","78","18.2","10.0","1002.3","1013.9"
"2026-09-08","03:50:51","Clear","Wet","Dark","1.7","21.6","3072","57232","22.1","10%","27.5","","Opened","7.446","18","Safe","Calm","0.0","78","18.2","10.1","1002.2","1013.8"
"2026-09-08","03:51:01","Clear","Wet","Dark","1.7","21.6","3072","57232","22.1","10%","27.3","","Opened","7.453","18","Safe","Calm","0.0","78","18.2","10.1","1002.3","1013.9"
"2026-09-08","03:51:11","Clear","Wet","Dark","1.8","21.6","3072","57232","22.1","10%","27.1","","Opened","7.427","18","Safe","Calm","0.0","78","18.2","10.2","1002.1","1013.8"
"2026-09-08","03:51:21","Clear","Wet","Dark","1.9","21.6","3072","57232","22.1","10%","27.0","","Opened","7.438","18","Safe","Calm","0.0","78","18.2","10.3","1002.1","1013.8"
"2026-09-08","03:51:31","Clear","Wet","Dark","1.9","21.6","3072","57232","22.2","10%","26.7","","Opened","7.441","18","Safe","Calm","0.0","78","18.2","10.3","1002.2","1013.8"
"2026-09-08","03:51:41","Clear","Wet","Dark","1.8","21.6","3072","57232","22.2","10%","26.6","","Opened","7.590","18","Safe","Calm","0.0","78","18.2","10.2","1002.1","1013.8"
"2026-09-08","03:51:51","Clear","Wet","Dark","1.9","21.6","3072","57232","22.2","10%","26.5","","Opened","7.460","18","Safe","Calm","0.0","78","18.2","10.3","1002.2","1013.8"
"2026-09-08","03:52:01","Clear","Wet","Dark","1.9","21.6","3072","57232","22.2","10%","26.4","","Opened","7.461","18","Safe","Calm","0.0","78","18.2","10.3","1002.1","1013.8"
"2026-09-08","03:52:11","Clear","Wet","Dark","1.8","21.6","3072","57232","22.2","10%","26.2","","Opened","7.436","18","Safe","Calm","0.0","78","18.2","10.2","1002.1","1013.8"
"2026-09-08","03:52:21","Clear","Wet","Dark","1.7","21.6","3072","57232","22.2","10%","26.1","","Opened","7.434","18","Safe","Calm","0.0","78","18.2","10.1","1002.3","1013.9"
"2026-09-08","03:52:31","Clear","Wet","Dark","1.7","21.5","3072","57232","22.2","10%","26.0","","Opened","7.438","18","Safe","Calm","0.0","78","18.2","10.1","1002.1","1013.8"
"2026-09-08","03:52:41","Clear","Wet","Dark","1.7","21.5","3072","57232","22.2","10%","25.8","Heating UP","Opened","7.576","18","Safe","Calm","0.0","78","18.2","10.1","1002.2","1013.8"
"2026-09-08","03:52:51","Clear","Wet","Dark","1.7","21.5","3072","57232","22.2","11%","25.7","Heating UP","Opened","7.462","18","Safe","Calm","0.0","78","18.2","10.1","1002.1","1013.8"
"2026-09-08","03:53:01","Clear","Wet","Dark","1.7","21.4","3197","57232","22.2","13%","25.7","Heating UP","Opened","7.463","18","Safe","Calm","0.0","78","18.2","10.2","1002.1","1013.8"
"2026-09-08","03:53:11","Clear","Wet","Dark","1.7","21.4","3072","57232","22.2","15%","25.6","Heating UP","Opened","7.425","18","Safe","Calm","0.0","78","18.2","10.1","1002.1","1013.7"
"2026-09-08","03:53:21","Clear","Wet","Dark","1.6","21.4","3072","57232","22.2","17%","25.5","Heating UP","Opened","7.440","18","Safe","Calm","0.0","78","18.2","10.1","1002.1","1013.7"
"2026-09-08","03:53:31","Clear","Wet","Dark","1.6","21.4","3072","57232","22.2","19%","25.5","Heating UP","Opened","7.430","18","Safe","Calm","0.0","78","18.1","10.1","1002.1","1013.7"
"2026-09-08","03:53:41","Clear","Wet","Dark","1.7","21.3","3072","57232","22.2","21%","25.5","Heating UP","Opened","7.563","18","Safe","Calm","0.0","78","18.1","10.1","1002.1","1013.8"
"2026-09-08","03:53:51","Clear","Wet","Dark","1.6","21.3","3072","57232","22.2","23%","25.5","Heating UP","Opened","7.412","18","Safe","Calm","0.0","77","18.1","10.1","1002.1","1013.7"
"2026-09-08","03:54:01","Clear","Wet","Dark","1.8","21.3","3072","57232","22.2","25%","25.5","Heating UP","Opened","7.411","18","Safe","Calm","0.0","77","18.1","10.2","1002.1","1013.7"
"2026-09-08","03:54:11","Clear","Wet","Dark","1.6","21.2","3072","57232","22.2","27%","25.6","","Opened","7.256","18","Safe","Calm","0.0","77","18.1","10.1","1002.1","1013.8"
"2026-09-08","03:54:21","Clear","Wet","Dark","1.6","21.2","3072","57232","22.2","27%","25.7","","Opened","7.334","18","Safe","Calm","0.0","77","18.1","10.0","1002.1","1013.8"
"2026-09-08","03:54:31","Clear","Wet","Dark","1.5","21.2","3072","57232","22.2","27%","25.7","Heating UP","Opened","7.418","18","Safe","Calm","0.0","77","18.1","10.0","1002.2","1013.8"
"2026-09-08","03:54:41","Clear","Wet","Dark","1.5","21.2","3072","57232","22.2","29%","25.8","","Opened","7.432","18","Safe","Calm","0.0","77","18.0","10.0","1002.1","1013.7"
"2026-09-08","03:54:51","Clear","Wet","Dark","1.4","21.2","3072","57232","22.2","29%","25.9","","Opened","7.360","18","Safe","Calm","0.0","77","18.0","9.9","1002.1","1013.8"
"2026-09-08","03:55:01","Clear","Wet","Dark","1.5","21.1","3072","57232","22.2","29%","26.0","","Opened","7.319","18","Safe","Calm","0.0","77","18.0","9.9","1002.1","1013.8"
"2026-09-08","03:55:11","Clear","Wet","Dark","1.6","21.1","3072","57232","22.2","29%","26.0","","Opened","7.253","18","Safe","Calm","0.0","77","17.9","10.0","1002.1","1013.8"
"2026-09-08","03:55:21","Clear","Wet","Dark","1.4","21.1","3072","57232","22.2","29%","26.0","","Opened","7.334","18","Safe","Calm","0.0","77","18.0","9.9","1002.2","1013.8"
"2026-09-08","03:55:31","Clear","Wet","Dark","1.5","21.1","3072","57232","22.2","29%","26.0","","Opened","7.274","18","Safe","Calm","0.6","77","17.9","9.9","1002.1","1013.7"
"2026-09-08","03:55:41","Clear","Wet","Dark","1.5","21.0","3072","57232","22.2","29%","26.0","","Opened","7.492","18","Safe","Calm","1.4","76","17.9","9.9","1002.1","1013.8"
"2026-09-08","03:55:51","Clear","Wet","Dark","1.4","21.0","3072","57232","22.2","29%","25.9","Heating UP","Opened","7.433","18","Safe","Calm","2.2","76","17.8","9.8","1002.1","1013.8"
"2026-09-08","03:56:01","Clear","Dry","Dark","1.4","21.0","3200","57232","22.2","30%","25.9","Heating UP","Opened","7.432","18","Safe","Calm","2.8","76","17.8","9.9","1002.1","1013.8"
"2026-09-08","03:56:11","Clear","Wet","Dark","1.3","21.0","3072","57232","22.2","30%","25.8","Heating UP","Opened","7.414","18","Safe","Calm","2.8","76","17.8","9.8","1002.1","1013.8"
"2026-09-08","03:56:21","Clear","Wet","Dark","1.4","21.0","3072","57232","22.2","31%","25.9","","Opened","7.273","18","Safe","Calm","3.5","76","17.7","9.8","1002.1","1013.8"
"2026-09-08","03:56:31","Clear","Wet","Dark","1.4","20.9","3072","57232","22.1","31%","26.0","","Opened","7.351","18","Safe","Calm","3.5","76","17.7","9.8","1002.1","1013.7"
"2026-09-08","03:56:41","Clear","Wet","Dark","1.6","20.9","3072","57232","22.2","31%","26.0","","Opened","7.447","18","Safe","Calm","2.7","76","17.7","10.0","1002.1","1013.7"
"2026-09-08","03:56:51","Clear","Wet","Dark","1.4","20.9","3072","57232","22.1","31%","26.1","","Opened","7.390","18","Safe","Calm","1.9","76","17.7","9.8","1002.1","1013.8"
"2026-09-08","03:57:01","Clear","Wet","Dark","1.4","20.9","3072","57232","22.2","31%","26.1","","Opened","7.351","18","Safe","Calm","1.3","76","17.7","9.8","1002.1","1013.7"
"2026-09-08","03:57:11","Clear","Wet","Dark","1.4","20.9","3072","57232","22.1","31%","26.1","","Opened","7.282","18","Safe","Calm","1.3","76","17.6","9.8","1002.1","1013.8"
"2026-09-08","03:57:21","Clear","Wet","Dark","1.4","20.9","3072","57232","22.1","31%","26.2","","Opened","7.348","18","Safe","Calm","0.6","76","17.6","9.8","1002.1","1013.7"
"2026-09-08","03:57:31","Clear","Wet","Dark","1.4","20.9","3072","57232","22.1","31%","26.2","","Opened","7.296","18","Safe","Calm","0.0","76","17.6","9.8","1002.1","1013.8"
"2026-09-08","03:57:42","Clear","Wet","Dark","1.5","20.8","3072","57232","22.1","31%","26.2","","Opened","7.574","18","Safe","Calm","0.0","76","17.6","9.8","1002.1","1013.8"
"2026-09-08","03:57:51","Clear","Wet","Dark","1.3","20.8","3072","57232","22.1","31%","26.2","","Opened","7.329","18","Safe","Calm","0.0","76","17.6","9.7","1002.1","1013.8"
"2026-09-08","03:58:01","Clear","Wet","Dark","1.3","20.8","3072","57232","22.1","31%","26.2","","Opened","7.284","18","Safe","Calm","0.0","76","17.6","9.7","1002.1","1013.8"
"2026-09-08","03:58:11","Clear","Wet","Dark","1.4","20.8","3072","57232","22.0","31%","26.3","","Opened","7.338","18","Safe","Calm","0.0","76","17.5","9.8","1002.1","1013.7"
"2026-09-08","03:58:21","Clear","Wet","Dark","1.4","20.8","3072","57232","22.0","31%","26.3","","Opened","7.295","18","Safe","Calm","0.0","76","17.5","9.7","1002.1","1013.8"
"2026-09-08","03:58:31","Clear","Wet","Dark","1.5","20.8","3072","57232","22.0","31%","26.3","","Opened","7.383","18","Safe","Calm","0.0","76","17.5","9.8","1002.1","1013.7"
"2026-09-08","03:58:41","Clear","Wet","Dark","1.3","20.8","3072","57232","22.0","31%","26.2","","Opened","7.474","18","Safe","Calm","0.0","76","17.5","9.6","1002.1","1013.7"
"2026-09-08","03:58:51","Clear","Wet","Dark","1.3","20.8","3072","57232","22.0","31%","26.2","","Opened","7.285","18","Safe","Calm","0.0","76","17.5","9.6","1002.1","1013.7"
"2026-09-08","03:59:01","Clear","Wet","Dark","1.4","20.8","3072","57232","22.0","31%","26.2","","Opened","7.341","18","Safe","Calm","0.0","76","17.5","9.7","1002.3","1013.9"
"2026-09-08","03:59:11","Clear","Wet","Dark","1.4","20.7","3072","57232","21.9","31%","26.2","","Opened","7.275","18","Safe","Calm","0.0","76","17.4","9.7","1002.1","1013.7"
"2026-09-08","03:59:21","Clear","Wet","Dark","1.4","20.7","3072","57232","21.9","31%","26.3","Heating DOWN","Opened","7.473","18","Safe","Calm","0.0","76","17.5","9.7","1002.1","1013.8"
"2026-09-08","03:59:31","Clear","Dry","Dark","1.4","20.7","3200","57232","21.9","30%","26.2","","Opened","7.346","18","Safe","Calm","0.0","76","17.4","9.6","1002.1","1013.8"
"2026-09-08","03:59:41","Clear","Wet","Dark","1.3","20.7","3199","57232","21.9","30%","26.2","","Opened","7.425","18","Safe","Calm","0.0","76","17.4","9.6","1002.1","1013.7"
"2026-09-08","03:59:51","Clear","Dry","Dark","1.4","20.7","3200","57232","21.9","30%","26.2","","Opened","7.368","18","Safe","Calm","0.0","76","17.4","9.6","1002.0","1013.7"
"2026-09-08","04:00:01","Clear","Dry","Dark","1.5","20.7","3200","57232","21.9","30%","26.2","","Opened","7.328","18","Safe","Calm","0.0","76","17.4","9.7","1002.0","1013.7"
"2026-09-08","04:00:11","Clear","Dry","Dark","1.4","20.7","3200","57232","21.9","30%","26.2","Heating DOWN","Opened","7.385","18","Safe","Calm","0.0","76","17.4","9.6","1002.1","1013.7"
"2026-09-08","04:00:21","Clear","Dry","Dark","1.4","20.7","3200","57232","21.9","30%","26.2","","Opened","7.371","18","Safe","Calm","0.0","76","17.4","9.6","1002.1","1013.8"
"2026-09-08","04:00:31","Clear","Dry","Dark","1.4","20.7","3200","57232","21.8","30%","26.2","Heating DOWN","Opened","7.449","18","Safe","Calm","0.0","76","17.4","9.6","1002.1","1013.7"
"2026-09-08","04:00:41","Clear","Wet","Dark","1.3","20.7","3072","57232","21.8","29%","26.1","","Opened","7.455","18","Safe","Calm","0.0","76","17.3","9.5","1002.0","1013.7"
"2026-09-08","04:00:51","Clear","Wet","Dark","1.4","20.7","3072","57232","21.8","29%","26.1","","Opened","7.271","18","Safe","Calm","0.0","76","17.4","9.7","1002.1","1013.8"
"2026-09-08","04:01:01","Clear","Wet","Dark","1.5","20.7","3072","57232","21.8","29%","26.1","","Opened","7.353","18","Safe","Calm","0.0","76","17.3","9.7","1002.1","1013.8"
"2026-09-08","04:01:11","Clear","Wet","Dark","1.6","20.7","3072","57232","21.8","29%","26.1","","Opened","7.291","18","Safe","Calm","0.0","76","17.3","9.8","1002.1","1013.7"
"2026-09-08","04:01:22","Clear","Wet","Dark","1.5","20.7","3072","57232","21.8","29%","26.1","Heating DOWN","Opened","7.503","18","Safe","Calm","0.0","76","17.3","9.7","1002.1","1013.7"
"2026-09-08","04:01:31","Clear","Wet","Dark","1.4","20.7","3072","57232","21.8","28%","26.1","","Opened","7.361","18","Safe","Calm","0.0","76","17.3","9.6","1002.1","1013.8"
"2026-09-08","04:01:41","Clear","Wet","Dark","1.4","20.7","3072","57232","21.7","28%","26.0","","Opened","7.458","18","Safe","Calm","0.0","76","17.3","9.6","1002.1","1013.7"
"2026-09-08","04:01:51","Clear","Wet","Dark","1.4","20.7","3072","57232","21.8","28%","26.0","","Opened","7.271","18","Safe","Calm","0.0","76","17.3","9.6","1002.1","1013.8"
"2026-09-08","04:02:01","Clear","Wet","Dark","1.5","20.7","3072","57232","21.7","28%","26.0","","Opened","7.373","18","Safe","Calm","0.6","76","17.3","9.6","1002.0","1013.7"
"2026-09-08","04:02:11","Clear","Wet","Dark","1.5","20.7","3072","57232","21.7","28%","25.9","","Opened","7.300","18","Safe","Calm","0.6","76","17.3","9.7","1002.1","1013.7"
"2026-09-08","04:02:21","Clear","Wet","Dark","1.5","20.7","3072","57232","21.7","28%","25.8","","Opened","7.377","18","Safe","Calm","0.6","76","17.3","9.7","1002.1","1013.7"
"2026-09-08","04:02:31","Clear","Wet","Dark","1.5","20.7","3072","57232","21.7","28%","25.9","","Opened","7.339","18","Safe","Calm","0.6","76","17.2","9.6","1002.1","1013.7"
"2026-09-08","04:02:41","Clear","Wet","Dark","1.5","20.7","3072","57232","21.6","28%","25.8","","Opened","7.432","18","Safe","Calm","1.3","76","17.2","9.7","1002.1","1013.7"
"2026-09-08","04:02:51","Clear","Wet","Dark","1.7","20.7","3072","57232","21.7","28%","25.7","","Opened","7.375","18","Safe","Calm","2.2","76","17.2","9.9","1002.1","1013.7"
"2026-09-08","04:03:01","Clear","Wet","Dark","1.6","20.7","3072","57232","21.7","28%","25.6","","Opened","7.328","18","Safe","Calm","2.2","76","17.3","9.7","1002.1","1013.7"
"2026-09-08","04:03:11","Clear","Wet","Dark","1.6","20.7","3072","57232","21.6","28%","25.6","","Opened","7.256","18","Safe","Calm","2.2","76","17.2","9.7","1002.1","1013.8"
"2026-09-08","04:03:21","Clear","Wet","Dark","1.6","20.7","3072","57232","21.6","28%","25.6","","Opened","7.340","18","Safe","Calm","2.2","76","17.2","9.7","1002.1","1013.7"
"2026-09-08","04:03:31","Clear","Wet","Dark","1.7","20.7","3072","57232","21.6","28%","25.6","","Opened","7.292","18","Safe","Calm","2.8","76","17.2","9.8","1002.1","1013.7"
"2026-09-08","04:03:42","Clear","Wet","Dark","1.7","20.7","3072","57232","21.6","28%","25.6","","Opened","7.514","18","Safe","Calm","3.0","76","17.2","9.8","1002.1","1013.8"
"2026-09-08","04:03:51","Clear","Wet","Dark","1.6","20.7","3072","57232","21.6","28%","25.6","","Opened","7.326","18","Safe","Calm","2.7","76","17.2","9.7","1002.1","1013.7"
"2026-09-08","04:04:01","Clear","Wet","Dark","1.6","20.7","3072","57232","21.6","28%","25.5","","Opened","7.284","18","Safe","Calm","2.8","76","17.2","9.7","1002.1","1013.7"
"2026-09-08","04:04:11","Clear","Wet","Dark","1.6","20.7","3072","57232","21.6","28%","25.5","","Opened","7.346","18","Safe","Calm","3.6","76","17.2","9.7","1002.1","1013.7"
"2026-09-08","04:04:21","Clear","Wet","Dark","1.7","20.7","3072","57232","21.6","28%","25.5","","Opened","7.301","18","Safe","Calm","4.3","76","17.2","9.8","1002.1","1013.8"
"2026-09-08","04:04:31","Clear","Wet","Dark","1.5","20.7","3072","57232","21.6","28%","25.5","","Opened","7.381","18","Safe","Calm","3.6","76","17.2","9.6","1002.1","1013.7"
"2026-09-08","04:04:41","Clear","Wet","Dark","1.6","20.7","3072","57232","21.6","28%","25.5","","Opened","7.450","18","Safe","Calm","2.8","76","17.2","9.7","1002.2","1013.9"
"2026-09-08","04:04:51","Clear","Wet","Dark","1.7","20.7","3072","57232","21.6","28%","25.5","","Opened","7.273","18","Safe","Calm","2.2","76","17.2","9.8","1002.1","1013.7"
"2026-09-08","04:05:01","Clear","Wet","Dark","1.7","20.6","3072","57232","21.6","28%","25.5","","Opened","7.352","18","Safe","Calm","1.4","76","17.2","9.8","1002.1","1013.7"
"2026-09-08","04:05:11","Clear","Wet","Dark","1.5","20.6","3072","57232","21.6","28%","25.5","","Opened","7.288","18","Safe","Calm","0.6","76","17.2","9.6","1002.0","1013.7"
"2026-09-08","04:05:21","Clear","Wet","Dark","1.6","20.7","3072","57232","21.6","28%","25.5","","Opened","7.369","18","Safe","Calm","0.0","76","17.2","9.7","1002.1","1013.7"
"2026-09-08","04:05:31","Clear","Wet","Dark","1.5","20.7","3072","57232","21.6","28%","25.5","","Opened","7.328","18","Safe","Calm","0.0","76","17.2","9.6","1002.0","1013.7"
"2026-09-08","04:05:42","Clear","Wet","Dark","1.7","20.6","3072","57232","21.6","28%","25.4","","Opened","7.528","18","Safe","Calm","0.0","76","17.2","9.8","1002.0","1013.7"
"2026-09-08","04:05:51","Clear","Wet","Dark","1.5","20.7","3072","57232","21.6","28%","25.5","","Opened","7.352","18","Safe","Calm","0.0","76","17.2","9.6","1002.1","1013.7"
"2026-09-08","04:06:01","Clear","Wet","Dark","1.5","20.6","3072","57232","21.6","28%","25.5","","Opened","7.316","18","Safe","Calm","0.0","76","17.2","9.6","1002.0","1013.7"
"2026-09-08","04:06:11","Clear","Wet","Dark","1.6","20.6","3072","57232","21.6","28%","25.4","","Opened","7.371","18","Safe","Calm","0.0","76","17.2","9.7","1002.1","1013.7"
"2026-09-08","04:06:21","Clear","Wet","Dark","1.7","20.6","3072","57232","21.6","28%","25.4","","Opened","7.329","18","Safe","Calm","0.0","76","17.2","9.8","1002.1","1013.8"
"2026-09-08","04:06:31","Clear","Wet","Dark","1.7","20.6","3072","57232","21.6","28%","25.4","","Opened","7.281","18","Safe","Calm","0.0","76","17.2","9.8","1002.0","1013.7"
"2026-09-08","04:06:42","Clear","Wet","Dark","1.5","20.6","3072","57232","21.6","28%","25.4","","Opened","7.506","18","Safe","Calm","0.0","76","17.2","9.6","1002.0","1013.7"
"2026-09-08","04:06:51","Clear","Wet","Dark","1.7","20.7","3072","57232","21.6","28%","25.4","","Opened","7.317","18","Safe","Calm","0.0","76","17.2","9.8","1002.1","1013.7"
"2026-09-08","04:07:01","Clear","Wet","Dark","1.6","20.6","3072","57232","21.6","28%","25.4","","Opened","7.391","18","Safe","Calm","0.0","76","17.2","9.7","1002.1","1013.7"
"2026-09-08","04:07:11","Clear","Wet","Dark","1.6","20.7","3072","57232","21.6","28%","25.4","","Opened","7.328","18","Safe","Calm","0.0","76","17.2","9.7","1002.2","1013.9"
"2026-09-08","04:07:21","Clear","Wet","Dark","1.7","20.7","3072","57232","21.6","28%","25.4","","Opened","7.284","18","Safe","Calm","0.0","76","17.1","9.8","1002.1","1013.7"
"2026-09-08","04:07:32","Clear","Wet","Dark","1.7","20.7","3072","57232","21.6","28%","25.3","Heating UP","Opened","7.480","18","Safe","Calm","0.0","76","17.2","9.7","1002.1","1013.7"
"2026-09-08","04:07:42","Clear","Wet","Dark","1.5","20.7","3072","57232","21.6","29%","25.3","Heating UP","Opened","7.621","18","Safe","Calm","0.0","76","17.1","9.6","1002.0","1013.7"
"2026-09-08","04:07:52","Clear","Dry","Dark","1.7","20.7","3200","57232","21.6","30%","25.3","Heating UP","Opened","7.481","18","Safe","Calm","0.0","76","17.1","9.7","1002.0","1013.7"
"2026-09-08","04:08:02","Clear","Wet","Dark","1.7","20.7","3072","57232","21.6","30%","25.3","Heating UP","Opened","7.476","18","Safe","Calm","0.0","76","17.2","9.8","1002.0","1013.7"
"2026-09-08","04:08:12","Clear","Wet","Dark","1.8","20.7","3072","57232","21.6","31%","25.3","Heating UP","Opened","7.461","18","Safe","Calm","0.0","76","17.1","9.9","1002.1","1013.7"
"2026-09-08","04:08:21","Clear","Wet","Dark","1.6","20.7","3072","57232","21.6","32%","25.4","","Opened","7.328","18","Safe","Calm","0.0","76","17.2","9.7","1002.1","1013.7"
"2026-09-08","04:08:31","Clear","Wet","Dark","1.7","20.7","3072","57232","21.6","32%","25.4","","Opened","7.280","18","Safe","Calm","0.0","76","17.1","9.8","1002.1","1013.7"
"2026-09-08","04:08:42","Clear","Wet","Dark","1.7","20.7","3072","57232","21.6","32%","25.4","","Opened","7.503","18","Safe","Calm","0.0","76","17.2","9.8","1002.1","1013.7"
"2026-09-08","04:08:51","Clear","Wet","Dark","1.7","20.7","3072","57232","21.6","32%","25.5","","Opened","7.324","18","Safe","Calm","0.0","76","17.2","9.8","1002.1","1013.7"
"2026-09-08","04:09:01","Clear","Wet","Dark","1.7","20.7","3072","57232","21.6","32%","25.5","","Opened","7.268","18","Safe","Calm","0.0","76","17.2","9.8","1002.1","1013.7"
"2026-09-08","04:09:11","Clear","Wet","Dark","1.8","20.7","3072","57232","21.6","32%","25.5","","Opened","7.330","18","Safe","Calm","0.0","76","17.2","9.9","1002.0","1013.7"
"2026-09-08","04:09:21","Clear","Wet","Dark","1.7","20.7","3072","57232","21.6","32%","25.5","","Opened","7.295","18","Safe","Calm","0.0","76","17.2","9.8","1002.0","1013.7"
"2026-09-08","04:09:31","Clear","Wet","Dark","1.8","20.7","3072","57232","21.6","32%","25.6","","Opened","7.364","18","Safe","Calm","0.0","76","17.2","10.0","1002.1","1013.7"
"2026-09-08","04:09:42","Clear","Wet","Dark","1.6","20.7","3072","57232","21.6","32%","25.7","","Opened","7.464","18","Safe","Calm","0.0","76","17.2","9.8","1002.1","1013.7"
"2026-09-08","04:09:51","Clear","Wet","Dark","1.8","20.7","3072","57232","21.6","32%","25.7","","Opened","7.276","18","Safe","Calm","0.0","76","17.2","9.9","1002.1","1013.7"
"2026-09-08","04:10:01","Clear","Wet","Dark","1.8","20.7","3072","57232","21.6","32%","25.8","","Opened","7.364","18","Safe","Calm","0.0","76","17.2","9.9","1002.1","1013.7"
"2026-09-08","04:10:11","Clear","Wet","Dark","1.9","20.7","3072","57232","21.7","32%","25.8","","Opened","7.299","18","Safe","Calm","0.0","76","17.2","10.0","1002.1","1013.7"
"2026-09-08","04:10:21","Clear","Wet","Dark","1.8","20.8","3072","57232","21.7","32%","25.9","","Opened","7.370","18","Safe","Calm","0.0","76","17.2","9.9","1002.0","1013.7"
"2026-09-08","04:10:31","Clear","Wet","Dark","1.9","20.8","3072","57232","21.6","32%","25.9","","Opened","7.328","18","Safe","Calm","0.0","76","17.2","10.0","1002.1","1013.7"
"2026-09-08","04:10:41","Clear","Wet","Dark","1.8","20.8","3072","57232","21.7","32%","25.9","","Opened","7.431","18","Safe","Calm","0.0","76","17.2","10.0","1002.0","1013.7"
"2026-09-08","04:10:51","Clear","Wet","Dark","2.2","20.8","3072","57232","21.7","32%","25.9","","Opened","7.375","18","Safe","Calm","0.6","76","17.2","10.3","1002.0","1013.7"
"2026-09-08","04:11:01","Clear","Wet","Dark","1.8","20.8","3072","57232","21.7","32%","25.8","","Opened","7.330","18","Safe","Calm","1.3","76","17.2","10.0","1002.1","1013.7"
"2026-09-08","04:11:11","Clear","Wet","Dark","2.1","20.9","3072","57232","21.7","32%","25.9","","Opened","7.259","18","Safe","Calm","2.1","76","17.2","10.3","1002.1","1013.7"
"2026-09-08","04:11:21","Clear","Wet","Dark","2.1","20.9","3072","57232","21.7","32%","25.9","","Opened","7.339","18","Safe","Calm","2.8","76","17.2","10.3","1002.0","1013.7"
"2026-09-08","04:11:31","Clear","Wet","Dark","1.9","20.9","3072","57232","21.7","32%","25.9","","Opened","7.300","18","Safe","Calm","3.5","76","17.3","10.1","1002.1","1013.7"
"2026-09-08","04:11:42","Clear","Wet","Dark","1.9","20.9","3072","57232","21.7","32%","26.0","","Opened","7.525","18","Safe","Calm","3.5","76","17.3","10.1","1002.1","1013.7"
"2026-09-08","04:11:51","Clear","Wet","Dark","2.0","20.9","3072","57232","21.7","32%","26.0","","Opened","7.345","18","Safe","Calm","2.8","76","17.3","10.2","1002.1","1013.7"
"2026-09-08","04:12:02","Clear","Wet","Dark","2.1","20.9","3072","57232","21.7","32%","26.1","Heating DOWN","Opened","7.431","18","Safe","Calm","2.2","76","17.3","10.2","1002.0","1013.7"
"2026-09-08","04:12:11","Clear","Wet","Dark","1.9","20.9","3072","57232","21.7","31%","26.2","Heating DOWN","Opened","7.406","18","Safe","Calm","1.4","76","17.3","10.1","1002.1","1013.7"
"2026-09-08","04:12:21","Clear","Dry","Dark","1.8","20.9","3200","57232","21.8","30%","26.2","Heating DOWN","Opened","7.410","18","Safe","Calm","0.6","76","17.3","10.0","1002.0","1013.7"
"2026-09-08","04:12:32","Clear","Dry","Dark","1.8","20.9","3200","57232","21.8","30%","26.3","Heating DOWN","Opened","7.426","18","Safe","Calm","0.0","76","17.3","10.0","1002.1","1013.7"
"2026-09-08","04:12:42","Clear","Wet","Dark","1.8","20.9","3072","57232","21.8","28%","26.4","Heating DOWN","Opened","7.557","18","Safe","Calm","0.0","76","17.3","10.0","1002.0","1013.7"
"2026-09-08","04:12:52","Clear","Dry","Dark","1.8","20.9","3200","57232","21.8","26%","26.4","Heating DOWN","Opened","7.428","18","Safe","Calm","0.0","76","17.3","10.0","1002.0","1013.7"
"2026-09-08","04:13:01","Clear","Wet","Dark","1.8","20.9","3072","57232","21.8","24%","26.3","","Opened","7.306","18","Safe","Calm","0.0","76","17.3","10.0","1002.1","1013.8"
"2026-09-08","04:13:12","Clear","Wet","Dark","1.8","20.9","3072","57232","21.8","24%","26.3","Heating DOWN","Opened","7.487","18","Safe","Calm","0.0","76","17.3","10.0","1002.0","1013.7"
"2026-09-08","04:13:21","Clear","Wet","Dark","1.8","20.9","3072","57232","21.8","23%","26.2","","Opened","7.368","18","Safe","Calm","0.0","76","17.3","10.0","1002.1","1013.7"
"2026-09-08","04:13:31","Clear","Wet","Dark","1.8","20.9","3072","57232","21.8","23%","26.1","","Opened","7.330","18","Safe","Calm","0.0","76","17.3","10.0","1002.1","1013.8"
"2026-09-08","04:13:42","Clear","Wet","Dark","1.9","20.9","3072","57232","21.8","23%","26.0","","Opened","7.421","18","Safe","Calm","0.0","76","17.3","10.1","1002.1","1013.7"
"2026-09-08","04:13:51","Clear","Wet","Dark","1.9","20.9","3072","57232","21.8","23%","26.0","","Opened","7.372","18","Safe","Calm","0.0","76","17.3","10.1","1002.1","1013.8"
"2026-09-08","04:14:01","Clear","Wet","Dark","1.9","20.9","3072","57232","21.8","23%","25.9","","Opened","7.321","18","Safe","Calm","0.0","76","17.3","10.1","1002.1","1013.7"
"2026-09-08","04:14:11","Clear","Wet","Dark","1.7","20.9","3072","57232","21.8","23%","25.9","","Opened","7.263","18","Safe","Calm","0.0","76","17.3","10.0","1002.1","1013.7"
"2026-09-08","04:14:21","Clear","Wet","Dark","1.8","20.9","3072","57232","21.8","23%","25.8","","Opened","7.339","18","Safe","Calm","0.0","76","17.3","10.0","1002.1","1013.8"
"2026-09-08","04:14:31","Clear","Wet","Dark","1.9","20.9","3072","57232","21.8","23%","25.7","","Opened","7.295","18","Safe","Calm","0.0","76","17.3","10.1","1002.1","1013.7"
"2026-09-08","04:14:42","Clear","Wet","Dark","1.8","20.9","3072","57232","21.8","23%","25.7","","Opened","7.503","18","Safe","Calm","0.0","75","17.3","10.0","1002.1","1013.7"
"2026-09-08","04:14:51","Clear","Wet","Dark","1.9","20.9","3072","57232","21.8","23%","25.7","","Opened","7.326","18","Safe","Calm","0.0","75","17.3","10.1","1002.1","1013.8"
"2026-09-08","04:15:01","Clear","Wet","Dark","1.8","20.9","3072","57232","21.8","23%","25.7","","Opened","7.286","18","Safe","Calm","0.0","75","17.3","10.0","1002.0","1013.7"
"2026-09-08","04:15:11","Clear","Wet","Dark","1.8","20.9","3072","57232","21.9","23%","25.7","","Opened","7.357","18","Safe","Calm","0.0","75","17.3","10.0","1002.1","1013.7"
"2026-09-08","04:15:21","Clear","Wet","Dark","1.8","20.9","3072","57232","21.8","23%","25.6","","Opened","7.319","18","Safe","Calm","0.0","75","17.3","10.1","1002.0","1013.7"
"2026-09-08","04:15:31","Clear","Wet","Dark","1.8","20.9","3072","57232","21.8","23%","25.6","","Opened","7.268","18","Safe","Calm","0.0","75","17.3","10.1","1002.1","1013.7"
"2026-09-08","04:15:42","Clear","Wet","Dark","1.9","20.9","3072","57232","21.8","23%","25.6","","Opened","7.498","18","Safe","Calm","0.0","75","17.3","10.1","1002.1","1013.7"
"2026-09-08","04:15:51","Clear","Wet","Dark","1.8","20.9","3072","57232","21.8","23%","25.6","","Opened","7.319","18","Safe","Calm","0.0","75","17.3","10.0","1002.0","1013.7"
"2026-09-08","04:16:01","Clear","Wet","Dark","1.8","20.9","3072","57232","21.9","23%","25.6","Heating UP","Opened","7.394","18","Safe","Calm","0.0","75","17.3","10.1","1002.1","1013.7"
"2026-09-08","04:16:12","Clear","Wet","Dark","2.0","20.8","3072","57232","21.8","24%","25.6","","Opened","7.405","18","Safe","Calm","0.0","75","17.3","10.2","1002.1","1013.7"
"2026-09-08","04:16:22","Clear","Wet","Dark","2.1","20.9","3072","57232","21.9","24%","25.6","Heating UP","Opened","7.470","18","Safe","Calm","0.0","75","17.3","10.3","1002.1","1013.7"
"2026-09-08","04:16:32","Clear","Wet","Dark","2.2","20.9","3072","57232","21.9","25%","25.6","Heating UP","Opened","7.494","18","Safe","Calm","0.0","75","17.4","10.5","1002.1","1013.7"
"2026-09-08","04:16:42","Clear","Dry","Dark","2.3","20.9","3200","57232","21.9","26%","25.6","Heating UP","Opened","7.633","18","Safe","Calm","0.0","76","17.4","10.5","1002.2","1013.8"
"2026-09-08","04:16:52","Clear","Wet","Dark","2.2","20.9","3072","57232","21.9","27%","25.6","Heating UP","Opened","7.499","18","Safe","Calm","0.0","76","17.4","10.4","1002.1","1013.8"
"2026-09-08","04:17:01","Clear","Wet","Dark","2.2","20.9","3072","57232","21.9","28%","25.7","","Opened","7.373","18","Safe","Calm","0.0","76","17.4","10.4","1002.1","1013.7"
"2026-09-08","04:17:11","Clear","Wet","Dark","2.1","21.0","3072","57232","21.9","28%","25.7","","Opened","7.324","18","Safe","Calm","0.0","76","17.5","10.4","1002.1","1013.7"
"2026-09-08","04:17:22","Clear","Wet","Dark","2.0","21.0","3072","57232","22.0","28%","25.7","Heating UP","Opened","7.411","18","Safe","Calm","0.0","76","17.5","10.3","1002.1","1013.8"
"2026-09-08","04:17:31","Clear","Wet","Dark","2.0","21.0","3072","57232","21.9","29%","25.8","","Opened","7.280","18","Safe","Calm","0.0","76","17.5","10.3","1002.1","1013.7"
"2026-09-08","04:17:42","Clear","Wet","Dark","2.0","21.0","3072","57232","21.9","29%","25.9","","Opened","7.503","18","Safe","Calm","0.0","76","17.5","10.2","1002.1","1013.7"
"2026-09-08","04:17:51","Clear","Wet","Dark","2.0","21.0","3072","57232","22.0","29%","25.9","","Opened","7.321","18","Safe","Calm","0.0","76","17.5","10.3","1002.1","1013.8"
"2026-09-08","04:18:01","Clear","Wet","Dark","2.1","21.0","3072","57232","22.0","29%","25.9","","Opened","7.269","18","Safe","Calm","0.0","76","17.5","10.4","1002.1","1013.7"
"2026-09-08","04:18:11","Clear","Wet","Dark","2.6","21.0","3072","57232","22.0","29%","26.0","","Opened","7.341","18","Safe","Calm","0.0","76","17.6","10.9","1002.0","1013.7"
"2026-09-08","04:18:21","Clear","Wet","Dark","2.3","21.1","3072","57232","22.0","29%","26.0","","Opened","7.310","18","Safe","Calm","0.0","76","17.6","10.6","1002.0","1013.7"
"2026-09-08","04:18:32","Clear","Wet","Dark","2.2","21.1","3072","57232","22.0","29%","26.0","","Opened","7.397","18","Safe","Calm","0.0","76","17.6","10.5","1002.1","1013.7"
"2026-09-08","04:18:42","Clear","Wet","Dark","2.2","21.1","3072","57232","22.0","29%","26.1","","Opened","7.493","18","Safe","Calm","0.0","76","17.6","10.5","1002.0","1013.7"
"2026-09-08","04:18:51","Clear","Wet","Dark","2.1","21.1","3072","57232","22.0","29%","26.2","","Opened","7.312","18","Safe","Calm","0.0","76","17.7","10.5","1002.1","1013.7"
"2026-09-08","04:19:02","Clear","Wet","Dark","2.3","21.1","3072","57232","22.1","29%","26.2","","Opened","7.394","18","Safe","Calm","0.0","76","17.7","10.7","1002.1","1013.7"
"2026-09-08","04:19:11","Clear","Wet","Dark","2.2","21.1","3072","57232","22.1","29%","26.3","","Opened","7.331","18","Safe","Calm","0.0","76","17.7","10.5","1002.0","1013.7"
"2026-09-08","04:19:21","Clear","Wet","Dark","2.1","21.1","3072","57232","22.1","29%","26.4","","Opened","7.289","18","Safe","Calm","0.0","76","17.7","10.5","1002.0","1013.7"
"2026-09-08","04:19:32","Clear","Wet","Dark","2.4","21.2","3072","57232","22.1","29%","26.4","","Opened","7.388","18","Safe","Calm","0.0","76","17.7","10.8","1002.1","1013.7"
"2026-09-08","04:19:42","Clear","Wet","Dark","2.2","21.2","3072","57232","22.1","29%","26.4","","Opened","7.482","18","Safe","Calm","0.0","76","17.8","10.6","1002.0","1013.6"
"2026-09-08","04:19:52","Clear","Wet","Dark","2.2","21.2","3072","57232","22.1","29%","26.5","Heating DOWN","Opened","7.426","18","Safe","Calm","0.0","76","17.8","10.6","1002.1","1013.7"
"2026-09-08","04:20:02","Clear","Wet","Dark","2.2","21.2","3072","57232","22.2","28%","26.5","Heating DOWN","Opened","7.427","18","Safe","Calm","0.0","76","17.8","10.6","1002.0","1013.6"
"2026-09-08","04:20:12","Clear","Wet","Dark","2.2","21.2","3072","57232","22.2","27%","26.6","Heating DOWN","Opened","7.409","18","Safe","Calm","0.0","76","17.8","10.6","1002.1","1013.7"
"2026-09-08","04:20:22","Clear","Dry","Dark","2.2","21.2","3200","57232","22.2","26%","26.6","Heating DOWN","Opened","7.409","18","Safe","Calm","0.0","76","17.8","10.6","1002.1","1013.7"
"2026-09-08","04:20:32","Clear","Wet","Dark","2.1","21.2","3072","57232","22.2","25%","26.6","Heating DOWN","Opened","7.415","18","Safe","Calm","0.0","76","17.9","10.5","1002.1","1013.7"
"2026-09-08","04:20:42","Clear","Wet","Dark","2.0","21.2","3072","57232","22.2","24%","26.6","Heating DOWN","Opened","7.552","18","Safe","Calm","0.0","76","17.9","10.4","1002.1","1013.7"
"2026-09-08","04:20:52","Clear","Wet","Dark","2.1","21.2","3072","57232","22.2","23%","26.6","Heating DOWN","Opened","7.422","18","Safe","Calm","0.0","76","17.9","10.6","1002.0","1013.6"
"2026-09-08","04:21:01","Clear","Dry","Dark","2.0","21.2","3200","57232","22.3","22%","26.6","","Opened","7.295","18","Safe","Calm","0.0","76","17.9","10.5","1002.0","1013.6"
"2026-09-08","04:21:11","Clear","Dry","Dark","2.2","21.3","3200","57232","22.3","22%","26.6","","Opened","7.359","18","Safe","Calm","0.0","76","17.9","10.7","1002.1","1013.7"
"2026-09-08","04:21:21","Clear","Dry","Dark","2.1","21.3","3200","57232","22.3","22%","26.5","","Opened","7.314","18","Safe","Calm","0.0","76","17.9","10.6","1002.1","1013.7"
"2026-09-08","04:21:32","Clear","Dry","Dark","2.1","21.3","3200","57232","22.3","22%","26.5","","Opened","7.397","18","Safe","Calm","0.0","76","17.9","10.6","1002.0","1013.6"
"2026-09-08","04:21:42","Clear","Dry","Dark","2.2","21.3","3200","57232","22.3","22%","26.5","","Opened","7.502","18","Safe","Calm","0.0","76","18.0","10.7","1002.0","1013.6"
"2026-09-08","04:21:51","Clear","Dry","Dark","2.1","21.3","3200","57232","22.3","22%","26.3","","Opened","7.318","18","Safe","Calm","0.0","76","18.0","10.7","1002.0","1013.6"
"2026-09-08","04:22:01","Clear","Dry","Dark","2.3","21.4","3200","57232","22.3","22%","26.3","","Opened","7.278","18","Safe","Calm","0.0","77","18.0","10.8","1002.0","1013.6"
"2026-09-08","04:22:11","Clear","Dry","Dark","2.3","21.4","3200","57232","22.4","22%","26.2","","Opened","7.343","18","Safe","Calm","0.0","77","18.1","10.8","1001.9","1013.6"
"2026-09-08","04:22:21","Clear","Dry","Dark","2.2","21.4","3200","57232","22.4","22%","26.2","","Opened","7.302","18","Safe","Calm","0.0","77","18.1","10.7","1002.0","1013.6"
"2026-09-08","04:22:32","Clear","Dry","Dark","2.2","21.4","3200","57232","22.4","22%","26.2","","Opened","7.398","18","Safe","Calm","0.0","77","18.1","10.7","1002.1","1013.7"
"2026-09-08","04:22:42","Clear","Dry","Dark","2.2","21.4","3200","57232","22.4","22%","26.1","Heating UP","Opened","7.618","18","Safe","Calm","0.0","77","18.1","10.7","1002.1","1013.7"
"2026-09-08","04:22:52","Clear","Wet","Dark","2.2","21.4","3072","57232","22.4","23%","26.1","Heating UP","Opened","7.488","18","Safe","Calm","0.0","77","18.1","10.8","1002.0","1013.6"
"2026-09-08","04:23:02","Clear","Wet","Dark","2.2","21.4","3072","57232","22.4","24%","26.1","Heating UP","Opened","7.490","18","Safe","Calm","0.0","77","18.1","10.8","1002.1","1013.7"
"2026-09-08","04:23:12","Clear","Wet","Dark","2.1","21.5","3072","57232","22.4","25%","26.1","Heating UP","Opened","7.481","18","Safe","Calm","0.0","77","18.1","10.7","1002.1","1013.7"
"2026-09-08","04:23:22","Clear","Dry","Dark","2.1","21.4","3200","57232","22.4","26%","26.1","Heating UP","Opened","7.485","18","Safe","Calm","0.0","77","18.1","10.7","1002.0","1013.6"
"2026-09-08","04:23:32","Clear","Wet","Dark","2.2","21.5","3072","57232","22.5","27%","26.1","Heating UP","Opened","7.477","18","Safe","Calm","0.0","77","18.1","10.7","1002.0","1013.6"
"2026-09-08","04:23:42","Clear","Wet","Dark","2.0","21.5","3072","57232","22.5","28%","26.2","","Opened","7.489","18","Safe","Calm","0.0","77","18.1","10.6","1002.1","1013.7"
"2026-09-08","04:23:52","Clear","Wet","Dark","2.1","21.5","3072","57232","22.5","28%","26.2","Heating UP","Opened","7.442","18","Safe","Calm","0.0","77","18.2","10.7","1002.1","1013.7"
"2026-09-08","04:24:01","Clear","Wet","Dark","2.0","21.5","3072","57232","22.5","29%","26.3","","Opened","7.309","18","Safe","Calm","0.0","77","18.2","10.6","1002.0","1013.6"
"2026-09-08","04:24:11","Clear","Wet","Dark","2.0","21.5","3072","57232","22.5","29%","26.3","","Opened","7.377","18","Safe","Calm","0.0","77","18.2","10.7","1002.1","1013.7"
"2026-09-08","04:24:21","Clear","Wet","Dark","2.0","21.5","3072","57232","22.5","29%","26.4","","Opened","7.339","18","Safe","Calm","0.0","77","18.2","10.7","1002.0","1013.6"
"2026-09-08","04:24:31","Clear","Wet","Dark","2.1","21.5","3072","57232","22.5","29%","26.5","","Opened","7.289","18","Safe","Calm","0.0","77","18.2","10.8","1002.0","1013.6"
"2026-09-08","04:24:42","Clear","Wet","Dark","2.2","21.5","3072","57232","22.6","29%","26.5","","Opened","7.523","18","Safe","Calm","0.0","77","18.2","10.9","1002.0","1013.6"
"2026-09-08","04:24:51","Clear","Wet","Dark","2.1","21.5","3072","57232","22.6","29%","26.6","","Opened","7.342","18","Safe","Calm","0.0","77","18.2","10.7","1002.0","1013.6"
"2026-09-08","04:25:01","Clear","Wet","Dark","2.2","21.5","3072","57232","22.6","29%","26.6","","Opened","7.305","18","Safe","Calm","0.0","76","18.3","10.8","1002.0","1013.6"
"2026-09-08","04:25:11","Clear","Wet","Dark","2.1","21.5","3072","57232","22.6","29%","26.6","","Opened","7.378","18","Safe","Calm","0.0","76","18.2","10.7","1002.0","1013.6"
"2026-09-08","04:25:21","Clear","Wet","Dark","2.3","21.6","3072","57232","22.6","29%","26.6","","Opened","7.327","18","Safe","Calm","0.0","76","18.3","10.9","1002.0","1013.6"
"2026-09-08","04:25:32","Clear","Wet","Dark","2.2","21.6","3072","57232","22.6","29%","26.6","","Opened","7.399","18","Safe","Calm","0.0","76","18.3","10.8","1002.0","1013.6"
"2026-09-08","04:25:42","Clear","Wet","Dark","2.1","21.6","3072","57232","22.6","29%","26.7","","Opened","7.478","18","Safe","Calm","0.0","76","18.3","10.7","1002.0","1013.6"
"2026-09-08","04:25:51","Clear","Wet","Dark","2.0","21.6","3072","57232","22.6","29%","26.8","","Opened","7.317","18","Safe","Calm","0.0","76","18.3","10.7","1002.0","1013.6"
"2026-09-08","04:26:01","Clear","Wet","Dark","2.1","21.6","3072","57232","22.6","29%","26.8","","Opened","7.268","18","Safe","Calm","0.0","76","18.3","10.8","1002.0","1013.6"
"2026-09-08","04:26:11","Clear","Wet","Dark","2.0","21.6","3072","57232","22.6","29%","26.8","","Opened","7.346","18","Safe","Calm","0.0","76","18.3","10.7","1002.0","1013.6"
"2026-09-08","04:26:21","Clear","Wet","Dark","1.8","21.6","3072","57232","22.7","29%","26.9","","Opened","7.291","18","Safe","Calm","0.0","76","18.3","10.5","1002.0","1013.6"
"2026-09-08","04:26:32","Clear","Wet","Dark","1.7","21.5","3072","57232","22.7","29%","26.9","","Opened","7.377","18","Safe","Calm","0.0","76","18.3","10.4","1002.0","1013.6"
"2026-09-08","04:26:42","Clear","Wet","Dark","1.7","21.5","3072","57232","22.7","29%","27.0","Heating DOWN","Opened","7.611","18","Safe","Calm","0.0","76","18.3","10.4","1002.0","1013.6"
"2026-09-08","04:26:52","Clear","Wet","Dark","1.7","21.5","3072","57232","22.7","28%","27.1","Heating DOWN","Opened","7.466","18","Safe","Calm","0.0","76","18.3","10.4","1002.0","1013.6"
"2026-09-08","04:27:02","Clear","Wet","Dark","1.6","21.5","3072","57232","22.7","27%","27.1","Heating DOWN","Opened","7.470","18","Safe","Calm","0.0","76","18.3","10.3","1001.9","1013.6"
"2026-09-08","04:27:12","Clear","Dry","Dark","1.7","21.5","3200","57232","22.7","26%","27.1","Heating DOWN","Opened","7.454","18","Safe","Calm","0.0","76","18.3","10.4","1001.9","1013.6"
"2026-09-08","04:27:22","Clear","Wet","Dark","1.8","21.5","3072","57232","22.7","25%","27.1","Heating DOWN","Opened","7.454","18","Safe","Calm","0.0","76","18.3","10.5","1002.0","1013.6"
"2026-09-08","04:27:31","Clear","Wet","Dark","1.6","21.5","3072","57232","22.7","24%","27.0","","Opened","7.316","18","Safe","Calm","0.0","76","18.2","10.3","1001.9","1013.6"
"2026-09-08","04:27:42","Clear","Wet","Dark","1.7","21.4","3072","57232","22.7","24%","27.0","Heating DOWN","Opened","7.548","18","Safe","Calm","0.0","76","18.2","10.4","1002.1","1013.7"
"2026-09-08","04:27:52","Clear","Wet","Dark","1.7","21.4","3072","57232","22.7","23%","27.0","Heating DOWN","Opened","7.412","18","Safe","Calm","0.0","76","18.2","10.4","1001.9","1013.6"
"2026-09-08","04:28:01","Clear","Dry","Dark","1.7","21.4","3200","57232","22.7","22%","26.9","","Opened","7.286","18","Safe","Calm","0.0","76","18.2","10.4","1002.0","1013.6"
"2026-09-08","04:28:11","Clear","Dry","Dark","1.5","21.4","3200","57232","22.7","22%","26.9","","Opened","7.357","18","Safe","Calm","0.0","76","18.2","10.2","1002.1","1013.8"
"2026-09-08","04:28:21","Clear","Dry","Dark","1.6","21.4","3200","57232","22.6","22%","26.8","","Opened","7.332","18","Safe","Calm","0.0","75","18.1","10.3","1001.9","1013.6"
"2026-09-08","04:28:31","Clear","Dry","Dark","1.6","21.4","3200","57232","22.7","22%","26.7","","Opened","7.295","18","Safe","Calm","0.0","75","18.1","10.3","1002.0","1013.6"
"2026-09-08","04:28:42","Clear","Dry","Dark","1.5","21.4","3200","57232","22.6","22%","26.6","","Opened","7.514","18","Safe","Calm","0.0","75","18.0","10.2","1002.0","1013.6"
"2026-09-08","04:28:51","Clear","Dry","Dark","1.5","21.3","3200","57232","22.6","22%","26.6","","Opened","7.344","18","Safe","Calm","0.0","75","18.0","10.2","1001.9","1013.6"
"2026-09-08","04:29:01","Clear","Dry","Dark","1.6","21.3","3200","57232","22.6","22%","26.6","","Opened","7.275","18","Safe","Calm","0.0","75","18.0","10.2","1001.9","1013.6"
"2026-09-08","04:29:11","Clear","Dry","Dark","1.8","21.3","3200","57232","22.6","22%","26.5","","Opened","7.340","18","Safe","Calm","0.0","75","17.9","10.4","1001.9","1013.6"
"2026-09-08","04:29:21","Clear","Dry","Dark","1.7","21.3","3200","57232","22.6","22%","26.4","","Opened","7.288","18","Safe","Calm","0.0","75","17.9","10.4","1002.1","1013.7"
"2026-09-08","04:29:32","Clear","Dry","Dark","1.7","21.3","3200","57232","22.6","22%","26.3","Heating UP","Opened","7.499","18","Safe","Calm","0.0","75","17.8","10.3","1001.9","1013.6"
"2026-09-08","04:29:42","Clear","Wet","Dark","1.6","21.3","3072","57232","22.6","23%","26.3","","Opened","7.509","18","Safe","Calm","0.0","74","17.8","10.3","1002.0","1013.6"
"2026-09-08","04:29:52","Clear","Wet","Dark","1.9","21.3","3072","57232","22.5","23%","26.2","Heating UP","Opened","7.460","18","Safe","Calm","0.0","74","17.8","10.5","1001.9","1013.6"
"2026-09-08","04:30:02","Clear","Wet","Dark","1.6","21.3","3072","57232","22.5","24%","26.2","Heating UP","Opened","7.458","18","Safe","Calm","0.0","74","17.7","10.2","1001.9","1013.6"
"2026-09-08","04:30:12","Clear","Wet","Dark","1.6","21.3","3072","57232","22.5","25%","26.2","Heating UP","Opened","7.439","18","Safe","Calm","0.0","74","17.7","10.2","1001.9","1013.6"
"2026-09-08","04:30:22","Clear","Dry","Dark","1.5","21.2","3200","57232","22.5","26%","26.2","Heating UP","Opened","7.440","18","Safe","Calm","0.0","74","17.7","10.1","1001.9","1013.5"
"2026-09-08","04:30:32","Clear","Wet","Dark","1.7","21.2","3072","57232","22.5","27%","26.2","Heating UP","Opened","7.440","18","Safe","Calm","0.0","74","17.6","10.3","1002.0","1013.6"
"2026-09-08","04:30:42","Clear","Wet","Dark","1.6","21.2","3072","57232","22.5","28%","26.2","Heating UP","Opened","7.588","18","Safe","Calm","0.0","74","17.6","10.2","1001.9","1013.6"
"2026-09-08","04:30:51","Clear","Wet","Dark","1.6","21.2","3072","57232","22.5","29%","26.3","","Opened","7.334","18","Safe","Calm","0.0","74","17.6","10.2","1001.9","1013.6"
"2026-09-08","04:31:01","Clear","Wet","Dark","1.7","21.2","3072","57232","22.5","29%","26.3","","Opened","7.282","18","Safe","Calm","0.0","74","17.6","10.3","1002.0","1013.6"
"2026-09-08","04:31:12","Clear","Wet","Dark","1.6","21.2","3072","57232","22.5","29%","26.4","","Opened","7.356","18","Safe","Calm","0.0","74","17.6","10.2","1001.9","1013.6"
"2026-09-08","04:31:21","Clear","Wet","Dark","1.8","21.1","3072","57232","22.4","29%","26.4","","Opened","7.321","18","Safe","Calm","0.0","74","17.6","10.4","1001.9","1013.5"
"2026-09-08","04:31:31","Clear","Wet","Dark","1.8","21.1","3072","57232","22.4","29%","26.3","","Opened","7.271","18","Safe","Calm","0.0","74","17.5","10.3","1001.9","1013.6"
"2026-09-08","04:31:42","Clear","Wet","Dark","1.6","21.1","3072","57232","22.4","29%","26.4","","Opened","7.495","18","Safe","Calm","0.0","74","17.5","10.2","1001.9","1013.6"
"2026-09-08","04:31:51","Clear","Wet","Dark","1.8","21.1","3072","57232","22.4","29%","26.4","","Opened","7.322","18","Safe","Calm","0.0","74","17.5","10.4","1002.0","1013.6"
"2026-09-08","04:32:01","Clear","Wet","Dark","1.7","21.1","3072","57232","22.4","29%","26.4","","Opened","7.277","18","Safe","Calm","0.0","74","17.5","10.3","1001.9","1013.5"
"2026-09-08","04:32:11","Clear","Wet","Dark","1.8","21.1","3072","57232","22.4","29%","26.5","","Opened","7.339","18","Safe","Calm","0.0","74","17.5","10.3","1001.9","1013.6"
"2026-09-08","04:32:21","Clear","Wet","Dark","1.7","21.1","3072","57232","22.4","29%","26.5","","Opened","7.308","18","Safe","Calm","0.0","74","17.5","10.2","1001.9","1013.6"
"2026-09-08","04:32:32","Clear","Wet","Dark","1.8","21.1","3072","57232","22.3","29%","26.5","","Opened","7.394","18","Safe","Calm","0.0","74","17.4","10.3","1001.9","1013.6"
"2026-09-08","04:32:42","Clear","Wet","Dark","1.7","21.1","3072","57232","22.4","29%","26.5","","Opened","7.492","18","Safe","Calm","0.0","74","17.4","10.3","1001.9","1013.6"
"2026-09-08","04:32:51","Clear","Wet","Dark","1.7","21.1","3072","57232","22.3","29%","26.5","","Opened","7.302","18","Safe","Calm","0.0","74","17.4","10.2","1001.9","1013.6"
"2026-09-08","04:33:02","Clear","Wet","Dark","1.7","21.0","3072","57232","22.3","29%","26.4","","Opened","7.390","18","Safe","Calm","0.0","74","17.4","10.2","1001.9","1013.6"
"2026-09-08","04:33:11","Clear","Wet","Dark","1.7","21.0","3072","57232","22.3","29%","26.5","","Opened","7.336","18","Safe","Calm","0.0","74","17.3","10.2","1001.9","1013.6"
"2026-09-08","04:33:21","Clear","Wet","Dark","1.7","21.0","3072","57232","22.3","29%","26.5","","Opened","7.286","18","Safe","Calm","0.0","74","17.3","10.2","1001.8","1013.5"
"2026-09-08","04:33:32","Clear","Wet","Dark","1.7","21.0","3072","57232","22.3","29%","26.5","","Opened","7.382","18","Safe","Calm","0.0","74","17.3","10.2","1001.9","1013.6"
"2026-09-08","04:33:42","Clear","Wet","Dark","1.7","21.0","3072","57232","22.3","29%","26.6","Heating DOWN","Opened","7.610","18","Safe","Calm","0.0","74","17.3","10.2","1002.0","1013.6"
"2026-09-08","04:33:51","Clear","Wet","Dark","1.6","21.0","3072","57232","22.3","28%","26.5","","Opened","7.335","18","Safe","Calm","0.0","74","17.3","10.1","1001.9","1013.6"
"2026-09-08","04:34:01","Clear","Wet","Dark","1.6","21.0","3072","57232","22.3","28%","26.5","","Opened","7.299","18","Safe","Calm","0.0","74","17.3","10.1","1001.9","1013.5"
"2026-09-08","04:34:12","Clear","Wet","Dark","1.6","21.0","3072","57232","22.3","28%","26.6","Heating DOWN","Opened","7.490","18","Safe","Calm","0.0","74","17.3","10.1","1001.9","1013.6"
"2026-09-08","04:34:22","Clear","Wet","Dark","1.7","20.9","3073","57232","22.2","27%","26.6","Heating DOWN","Opened","7.500","18","Safe","Calm","0.0","74","17.3","10.1","1001.9","1013.5"
"2026-09-08","04:34:32","Clear","Dry","Dark","1.6","20.9","3200","57232","22.2","26%","26.5","","Opened","7.351","18","Safe","Calm","0.0","74","17.3","10.1","1001.9","1013.5"
"2026-09-08","04:34:42","Clear","Dry","Dark","1.6","20.9","3200","57232","22.2","26%","26.5","","Opened","7.440","18","Safe","Calm","0.0","74","17.3","10.1","1001.9","1013.6"
"2026-09-08","04:34:52","Clear","Dry","Dark","1.7","20.9","3200","57232","22.2","26%","26.5","","Opened","7.389","18","Safe","Calm","0.0","74","17.2","10.1","1001.9","1013.5"
"2026-09-08","04:35:02","Clear","Dry","Dark","1.8","20.9","3200","57232","22.2","26%","26.5","","Opened","7.344","18","Safe","Calm","0.0","74","17.2","10.2","1001.9","1013.5"
"2026-09-08","04:35:11","Clear","Dry","Dark","1.8","20.9","3200","57232","22.2","26%","26.4","","Opened","7.290","18","Safe","Calm","0.0","74","17.2","10.2","1001.9","1013.5"
"2026-09-08","04:35:22","Clear","Dry","Dark","1.9","20.9","3200","57232","22.1","26%","26.4","","Opened","7.373","18","Safe","Calm","0.0","74","17.2","10.3","1001.9","1013.6"
"2026-09-08","04:35:31","Clear","Dry","Dark","1.8","20.9","3200","57232","22.1","26%","26.3","","Opened","7.342","18","Safe","Calm","0.0","74","17.2","10.1","1001.9","1013.5"
"2026-09-08","04:35:42","Clear","Dry","Dark","1.7","20.9","3200","57232","22.1","26%","26.3","","Opened","7.434","18","Safe","Calm","0.0","74","17.2","10.1","1001.9","1013.6"
"2026-09-08","04:35:52","Clear","Dry","Dark","1.8","20.9","3200","57232","22.1","26%","26.3","","Opened","7.383","18","Safe","Calm","0.0","74","17.2","10.2","1001.9","1013.6"
"2026-09-08","04:36:02","Clear","Dry","Dark","1.6","20.9","3200","57232","22.1","26%","26.2","","Opened","7.352","18","Safe","Calm","0.0","74","17.1","10.0","1001.9","1013.5"
"2026-09-08","04:36:11","Clear","Dry","Dark","1.7","20.8","3200","57232","22.1","26%","26.2","","Opened","7.297","18","Safe","Calm","0.0","74","17.1","10.0","1001.9","1013.5"
"2026-09-08","04:36:22","Clear","Dry","Dark","1.7","20.8","3200","57232","22.1","26%","26.2","","Opened","7.379","18","Safe","Calm","0.0","74","17.1","10.1","1001.9","1013.5"
"2026-09-08","04:36:31","Clear","Dry","Dark","1.7","20.8","3200","57232","22.0","26%","26.2","","Opened","7.336","18","Safe","Calm","0.0","73","17.1","10.1","1001.9","1013.6"
"2026-09-08","04:36:42","Clear","Dry","Dark","1.8","20.8","3200","57232","22.0","26%","26.1","","Opened","7.424","18","Safe","Calm","0.0","74","17.1","10.1","1001.9","1013.5"
"2026-09-08","04:36:52","Clear","Dry","Dark","1.7","20.8","3200","57232","22.0","26%","26.1","","Opened","7.384","18","Safe","Calm","0.0","74","17.1","10.0","1001.9","1013.5"
"2026-09-08","04:37:01","Clear","Wet","Dark","1.7","20.8","3199","57232","22.0","26%","26.1","","Opened","7.319","18","Safe","Calm","0.0","74","17.1","10.0","1001.8","1013.5"
"2026-09-08","04:37:12","Clear","Dry","Dark","1.7","20.8","3200","57232","22.0","26%","26.0","","Opened","7.379","18","Safe","Calm","0.0","74","17.0","10.0","1001.9","1013.5"
"2026-09-08","04:37:22","Clear","Dry","Dark","1.8","20.8","3200","57232","22.0","26%","26.0","","Opened","7.337","18","Safe","Calm","0.0","74","17.0","10.1","1001.9","1013.5"
"2026-09-08","04:37:31","Clear","Dry","Dark","1.8","20.8","3200","57232","22.0","26%","25.9","","Opened","7.275","18","Safe","Calm","0.0","74","17.0","10.1","1001.9","1013.6"
"2026-09-08","04:37:42","Clear","Dry","Dark","1.8","20.8","3200","57232","22.0","26%","25.9","","Opened","7.499","18","Safe","Calm","0.0","74","17.0","10.1","1001.8","1013.5"
"2026-09-08","04:37:52","Clear","Dry","Dark","1.7","20.8","3200","57232","21.9","26%","25.9","","Opened","7.320","18","Safe","Calm","0.0","74","17.0","10.0","1001.8","1013.5"
"2026-09-08","04:38:01","Clear","Dry","Dark","1.8","20.7","3200","57232","21.9","26%","25.9","","Opened","7.272","18","Safe","Calm","0.0","74","17.0","10.0","1001.9","1013.5"
"2026-09-08","04:38:12","Clear","Dry","Dark","1.8","20.8","3200","57232","21.9","26%","25.9","","Opened","7.343","18","Safe","Calm","0.0","74","17.0","10.1","1001.9","1013.6"
"2026-09-08","04:38:21","Clear","Dry","Dark","1.8","20.7","3200","57232","21.9","26%","25.9","","Opened","7.291","18","Safe","Calm","0.0","74","17.0","10.1","1002.0","1013.7"
"2026-09-08","04:38:32","Clear","Dry","Dark","1.9","20.7","3200","57232","21.9","26%","25.9","","Opened","7.388","18","Safe","Calm","0.0","74","17.0","10.1","1001.9","1013.5"
"2026-09-08","04:38:42","Clear","Dry","Dark","1.8","20.7","3200","57232","21.9","26%","25.9","","Opened","7.472","18","Safe","Calm","0.0","74","17.0","10.0","1001.9","1013.5"
"2026-09-08","04:38:51","Clear","Dry","Dark","1.8","20.7","3200","57232","21.9","26%","25.8","","Opened","7.302","18","Safe","Calm","0.0","73","16.9","10.1","1001.9","1013.5"
"2026-09-08","04:39:02","Clear","Dry","Dark","1.8","20.7","3200","57232","21.9","26%","25.9","","Opened","7.385","18","Safe","Calm","0.0","73","16.9","10.0","1001.8","1013.5"
"2026-09-08","04:39:12","Clear","Dry","Dark","1.8","20.7","3200","57232","21.9","26%","25.9","","Opened","7.318","18","Safe","Calm","0.0","74","16.9","10.0","1001.9","1013.5"
"2026-09-08","04:39:21","Clear","Dry","Dark","1.8","20.7","3200","57232","21.9","26%","25.8","","Opened","7.277","18","Safe","Calm","0.0","73","16.9","10.1","1001.9","1013.5"
"2026-09-08","04:39:32","Clear","Dry","Dark","1.8","20.7","3200","57232","21.8","26%","25.8","","Opened","7.364","18","Safe","Calm","0.0","74","16.9","10.1","1001.9","1013.5"
"2026-09-08","04:39:42","Clear","Dry","Dark","1.8","20.7","3200","57232","21.8","26%","25.8","","Opened","7.459","18","Safe","Calm","0.0","74","16.9","10.0","1001.8","1013.5"
"2026-09-08","04:39:51","Clear","Dry","Dark","1.8","20.7","3200","57232","21.8","26%","25.8","","Opened","7.277","18","Safe","Calm","0.0","74","16.9","10.0","1002.0","1013.7"
"2026-09-08","04:40:02","Clear","Dry","Dark","1.8","20.7","3200","57232","21.8","26%","25.7","","Opened","7.358","18","Safe","Calm","0.0","74","16.9","10.0","1001.9","1013.6"
"2026-09-08","04:40:11","Clear","Dry","Dark","1.8","20.7","3200","57232","21.8","26%","25.7","","Opened","7.292","18","Safe","Calm","0.0","73","16.9","10.0","1001.9","1013.6"
"2026-09-08","04:40:22","Clear","Dry","Dark","1.8","20.7","3200","57232","21.8","26%","25.8","","Opened","7.377","18","Safe","Calm","0.0","74","16.9","10.0","1001.9","1013.5"
"2026-09-08","04:40:32","Clear","Dry","Dark","1.8","20.7","3200","57232","21.8","26%","25.8","","Opened","7.335","18","Safe","Calm","0.0","74","16.9","10.0","1001.9","1013.5"
"2026-09-08","04:40:42","Clear","Dry","Dark","1.8","20.7","3200","57232","21.8","26%","25.8","","Opened","7.436","18","Safe","Calm","0.0","74","16.9","10.0","1001.9","1013.5"
"2026-09-08","04:40:52","Clear","Dry","Dark","1.8","20.7","3200","57232","21.8","26%","25.8","","Opened","7.390","18","Safe","Calm","0.0","74","16.9","10.0","1001.8","1013.5"
"2026-09-08","04:41:02","Clear","Dry","Dark","1.8","20.7","3200","57232","21.8","26%","25.7","","Opened","7.342","18","Safe","Calm","0.0","74","16.8","10.0","1001.9","1013.5"
"2026-09-08","04:41:11","Clear","Dry","Dark","1.8","20.7","3200","57232","21.8","26%","25.8","","Opened","7.278","18","Safe","Calm","0.0","74","16.8","10.0","1001.9","1013.5"
"2026-09-08","04:41:22","Clear","Dry","Dark","1.8","20.7","3200","57232","21.8","26%","25.8","","Opened","7.362","18","Safe","Calm","0.0","74","16.8","10.0","1001.9","1013.5"
"2026-09-08","04:41:32","Clear","Wet","Dark","1.8","20.7","3199","57232","21.7","26%","25.7","","Opened","7.309","18","Safe","Calm","0.0","74","16.8","10.0","1001.8","1013.5"
"2026-09-08","04:41:42","Clear","Dry","Dark","1.8","20.7","3200","57232","21.8","26%","25.7","","Opened","7.412","18","Safe","Calm","0.0","74","16.8","10.0","1001.9","1013.5"
"2026-09-08","04:41:52","Clear","Dry","Dark","1.8","20.7","3200","57232","21.7","26%","25.7","","Opened","7.355","18","Safe","Calm","0.0","74","16.8","9.9","1001.9","1013.5"
"2026-09-08","04:42:02","Clear","Dry","Dark","1.8","20.7","3200","57232","21.7","26%","25.7","","Opened","7.312","18","Safe","Calm","0.0","74","16.8","10.0","1001.9","1013.5"
"2026-09-08","04:42:12","Clear","Dry","Dark","1.8","20.7","3200","57232","21.7","26%","25.7","","Opened","7.368","18","Safe","Calm","0.0","74","16.8","10.0","1001.9","1013.5"
"2026-09-08","04:42:22","Clear","Dry","Dark","1.7","20.6","3200","57232","21.7","26%","25.7","","Opened","7.324","18","Safe","Calm","0.0","74","16.8","9.9","1001.9","1013.6"
"2026-09-08","04:42:31","Clear","Dry","Dark","1.9","20.6","3200","57232","21.7","26%","25.7","","Opened","7.282","18","Safe","Calm","0.0","74","16.9","10.0","1002.0","1013.7"
"2026-09-08","04:42:42","Clear","Dry","Dark","1.9","20.7","3200","57232","21.7","26%","25.7","","Opened","7.498","18","Safe","Calm","0.0","74","16.9","10.1","1001.8","1013.5"
"2026-09-08","04:42:52","Clear","Dry","Dark","1.8","20.6","3200","57232","21.7","26%","25.8","","Opened","7.309","18","Safe","Calm","0.0","74","16.8","10.0","1001.9","1013.5"
"2026-09-08","04:43:02","Clear","Dry","Dark","1.9","20.6","3200","57232","21.7","26%","25.7","","Opened","7.398","18","Safe","Calm","0.0","74","16.8","10.0","1001.9","1013.5"
"2026-09-08","04:43:12","Clear","Dry","Dark","1.8","20.6","3200","57232","21.7","26%","25.7","","Opened","7.340","18","Safe","Calm","0.0","74","16.8","10.0","1001.8","1013.5"
"2026-09-08","04:43:21","Clear","Dry","Dark","1.8","20.6","3200","57232","21.7","26%","25.7","","Opened","7.284","18","Safe","Calm","0.0","74","16.8","9.9","1001.9","1013.6"
"2026-09-08","04:43:32","Clear","Dry","Dark","1.9","20.6","3200","57232","21.7","26%","25.7","","Opened","7.368","18","Safe","Calm","0.0","74","16.8","10.1","1001.9","1013.6"
"2026-09-08","04:43:42","Clear","Dry","Dark","1.7","20.6","3200","57232","21.7","26%","25.7","","Opened","7.463","18","Safe","Calm","0.0","74","16.8","9.9","1001.9","1013.5"
"2026-09-08","04:43:51","Clear","Dry","Dark","1.8","20.6","3200","57232","21.7","26%","25.7","","Opened","7.281","18","Safe","Calm","0.0","74","16.8","9.9","1001.9","1013.5"
"2026-09-08","04:44:02","Clear","Dry","Dark","1.7","20.6","3200","57232","21.7","26%","25.7","","Opened","7.364","18","Safe","Calm","0.0","74","16.8","9.9","1001.8","1013.5"
"2026-09-08","04:44:11","Clear","Dry","Dark","1.8","20.6","3200","57232","21.7","26%","25.7","","Opened","7.297","18","Safe","Calm","0.0","74","16.8","10.0","1001.8","1013.5"
"2026-09-08","04:44:22","Clear","Dry","Dark","1.8","20.6","3200","57232","21.7","26%","25.6","","Opened","7.381","18","Safe","Calm","0.0","74","16.8","9.9","1001.9","1013.5"
"2026-09-08","04:44:32","Clear","Dry","Dark","1.7","20.6","3200","57232","21.7","26%","25.7","","Opened","7.333","18","Safe","Calm","0.0","74","16.8","9.8","1001.9","1013.6"
"2026-09-08","04:44:42","Clear","Dry","Dark","1.6","20.6","3200","57232","21.7","26%","25.7","","Opened","7.417","18","Safe","Calm","0.0","74","16.8","9.8","1001.9","1013.5"
"2026-09-08","04:44:52","Clear","Dry","Dark","1.8","20.6","3200","57232","21.7","26%","25.7","","Opened","7.357","18","Safe","Calm","0.0","74","16.8","9.9","1001.9","1013.5"
"2026-09-08","04:45:02","Clear","Dry","Dark","1.8","20.6","3200","57232","21.7","26%","25.7","","Opened","7.306","18","Safe","Calm","0.0","74","16.8","10.0","1001.9","1013.5"
"2026-09-08","04:45:12","Clear","Dry","Dark","1.7","20.6","3200","57232","21.7","26%","25.6","","Opened","7.366","18","Safe","Calm","0.0","74","16.8","9.9","1001.9","1013.5"
"2026-09-08","04:45:22","Clear","Dry","Dark","1.7","20.6","3200","57232","21.7","26%","25.6","","Opened","7.322","18","Safe","Calm","0.0","74","16.8","9.9","1001.9","1013.5"
"2026-09-08","04:45:31","Clear","Dry","Dark","1.7","20.6","3200","57232","21.7","26%","25.5","","Opened","7.286","18","Safe","Calm","0.0","74","16.8","9.9","1001.9","1013.5"
"2026-09-08","04:45:42","Clear","Dry","Dark","1.7","20.6","3200","57232","21.7","26%","25.5","","Opened","7.482","18","Safe","Calm","0.0","74","16.8","9.8","1001.8","1013.5"
"2026-09-08","04:45:52","Clear","Dry","Dark","1.6","20.6","3200","57232","21.7","26%","25.5","","Opened","7.295","18","Safe","Calm","0.0","74","16.8","9.8","1001.9","1013.5"
"2026-09-08","04:46:02","Clear","Dry","Dark","1.7","20.6","3200","57232","21.7","26%","25.5","","Opened","7.377","18","Safe","Calm","0.0","74","16.8","9.9","1001.9","1013.5"
"2026-09-08","04:46:12","Clear","Dry","Dark","1.6","20.6","3200","57232","21.7","26%","25.5","","Opened","7.299","18","Safe","Calm","0.0","74","16.7","9.8","1001.9","1013.6"
"2026-09-08","04:46:22","Clear","Dry","Dark","1.7","20.6","3200","57232","21.7","26%","25.5","","Opened","7.364","18","Safe","Calm","0.0","74","16.7","9.8","1001.9","1013.5"
"2026-09-08","04:46:32","Clear","Dry","Dark","1.7","20.6","3200","57232","21.7","26%","25.5","","Opened","7.313","18","Safe","Calm","0.0","74","16.7","9.8","1001.9","1013.5"
"2026-09-08","04:46:42","Clear","Dry","Dark","1.6","20.6","3200","57232","21.7","26%","25.4","Heating UP","Opened","7.643","18","Safe","Calm","0.0","74","16.8","9.8","1001.9","1013.5"
"2026-09-08","04:46:52","Clear","Wet","Dark","1.7","20.6","3100","57232","21.6","27%","25.5","","Opened","7.369","18","Safe","Calm","0.0","73","16.7","9.8","1001.9","1013.6"
"2026-09-08","04:47:02","Clear","Wet","Dark","1.6","20.5","3100","57232","21.7","27%","25.5","","Opened","7.318","18","Safe","Calm","0.0","74","16.8","9.8","1001.8","1013.5"
"2026-09-08","04:47:12","Clear","Wet","Dark","1.6","20.5","3115","57232","21.7","27%","25.5","","Opened","7.259","18","Safe","Calm","0.0","74","16.7","9.8","1001.9","1013.5"
"2026-09-08","04:47:22","Clear","Wet","Dark","1.9","20.5","3116","57232","21.7","27%","25.5","","Opened","7.342","18","Safe","Calm","0.0","73","16.7","10.0","1001.9","1013.5"
"2026-09-08","04:47:32","Clear","Wet","Dark","1.7","20.6","3115","57232","21.7","27%","25.4","Heating UP","Opened","7.410","18","Safe","Calm","0.0","73","16.7","9.8","1001.9","1013.5"
"2026-09-08","04:47:42","Clear","Wet","Dark","1.7","20.6","3072","57232","21.6","28%","25.4","","Opened","7.458","18","Safe","Calm","0.0","73","16.7","9.8","1001.9","1013.5"
"2026-09-08","04:47:52","Clear","Wet","Dark","1.7","20.6","3072","57232","21.7","28%","25.4","Heating UP","Opened","7.494","18","Safe","Calm","0.0","73","16.7","9.9","1001.8","1013.5"
"2026-09-08","04:48:02","Clear","Wet","Dark","1.6","20.5","3077","57232","21.7","29%","25.4","Heating UP","Opened","7.494","18","Safe","Calm","0.0","73","16.7","9.8","1001.9","1013.5"
"2026-09-08","04:48:12","Clear","Dry","Dark","1.8","20.5","3200","57232","21.7","30%","25.5","","Opened","7.345","18","Safe","Calm","0.0","73","16.7","9.9","1001.8","1013.5"
"2026-09-08","04:48:22","Clear","Dry","Dark","1.7","20.6","3200","57232","21.7","30%","25.5","","Opened","7.275","18","Safe","Calm","0.0","73","16.7","9.8","1001.9","1013.6"
"2026-09-08","04:48:32","Clear","Dry","Dark","1.8","20.5","3200","57232","21.6","30%","25.5","","Opened","7.364","18","Safe","Calm","0.0","73","16.7","9.9","1001.8","1013.5"
"2026-09-08","04:48:42","Clear","Dry","Dark","1.7","20.5","3200","57232","21.6","30%","25.5","","Opened","7.454","18","Safe","Calm","0.0","73","16.7","9.8","1001.9","1013.5"
"2026-09-08","04:48:52","Clear","Dry","Dark","1.8","20.5","3200","57232","21.6","30%","25.6","","Opened","7.273","18","Safe","Calm","0.0","73","16.7","9.9","1001.9","1013.5"
"2026-09-08","04:49:02","Clear","Dry","Dark","1.7","20.5","3200","57232","21.6","30%","25.6","","Opened","7.347","18","Safe","Calm","0.0","73","16.6","9.8","1001.9","1013.6"
"2026-09-08","04:49:12","Clear","Dry","Dark","1.8","20.5","3200","57232","21.6","30%","25.7","","Opened","7.298","18","Safe","Calm","0.0","73","16.7","9.9","1001.9","1013.5"
"2026-09-08","04:49:22","Clear","Dry","Dark","1.8","20.6","3200","57232","21.6","30%","25.7","","Opened","7.377","18","Safe","Calm","0.0","73","16.6","9.9","1001.9","1013.6"
"2026-09-08","04:49:32","Clear","Dry","Dark","1.7","20.5","3200","57232","21.6","30%","25.8","","Opened","7.333","18","Safe","Calm","0.0","73","16.7","9.8","1001.9","1013.5"
"2026-09-08","04:49:42","Clear","Dry","Dark","1.8","20.5","3200","57232","21.6","30%","25.8","","Opened","7.425","18","Safe","Calm","0.0","73","16.6","9.9","1001.9","1013.5"
"2026-09-08","04:49:52","Clear","Dry","Dark","1.9","20.5","3200","57232","21.6","30%","25.8","","Opened","7.369","18","Safe","Calm","0.0","73","16.7","10.0","1001.9","1013.6"
"2026-09-08","04:50:02","Clear","Dry","Dark","2.0","20.5","3200","57232","21.6","30%","25.8","","Opened","7.332","18","Safe","Calm","0.0","73","16.7","10.1","1001.8","1013.5"
"2026-09-08","04:50:12","Clear","Dry","Dark","1.8","20.6","3200","57232","21.6","30%","25.8","","Opened","7.260","18","Safe","Calm","0.0","73","16.7","9.9","1001.9","1013.5"
"2026-09-08","04:50:22","Clear","Dry","Dark","1.8","20.5","3200","57232","21.6","30%","25.9","","Opened","7.343","18","Safe","Calm","0.0","73","16.6","9.9","1001.8","1013.5"
"2026-09-08","04:50:32","Clear","Dry","Dark","1.9","20.5","3200","57232","21.7","30%","25.9","","Opened","7.296","18","Safe","Calm","0.0","73","16.7","10.0","1001.8","1013.5"
"2026-09-08","04:50:42","Clear","Dry","Dark","1.7","20.6","3200","57232","21.6","30%","25.9","","Opened","7.510","18","Safe","Calm","0.0","73","16.7","9.9","1001.9","1013.5"
"2026-09-08","04:50:52","Clear","Dry","Dark","1.7","20.6","3200","57232","21.7","30%","25.9","","Opened","7.331","18","Safe","Calm","0.0","73","16.7","9.9","1001.8","1013.5"
"2026-09-08","04:51:02","Clear","Dry","Dark","1.7","20.6","3200","57232","21.6","30%","26.0","Heating DOWN","Opened","7.411","18","Safe","Calm","0.0","73","16.7","9.8","1001.9","1013.5"
"2026-09-08","04:51:12","Clear","Wet","Dark","1.8","20.5","3115","57232","21.6","29%","26.0","Heating DOWN","Opened","7.381","18","Safe","Calm","0.0","73","16.7","9.9","1001.8","1013.5"
"2026-09-08","04:51:22","Clear","Wet","Dark","1.7","20.6","3075","57232","21.7","28%","26.0","","Opened","7.392","18","Safe","Calm","0.0","73","16.7","9.9","1001.9","1013.5"
"2026-09-08","04:51:32","Clear","Wet","Dark","1.9","20.5","3072","57232","21.6","28%","26.0","Heating DOWN","Opened","7.473","18","Safe","Calm","0.0","73","16.6","10.0","1001.8","1013.5"
"2026-09-08","04:51:42","Clear","Wet","Dark","1.9","20.6","3136","57232","21.6","27%","26.0","Heating DOWN","Opened","7.606","18","Safe","Calm","0.0","73","16.7","10.0","1001.8","1013.5"
"2026-09-08","04:51:52","Clear","Dry","Dark","1.9","20.6","3200","57232","21.6","26%","26.0","Heating DOWN","Opened","7.462","18","Safe","Calm","0.0","73","16.6","10.0","1001.9","1013.5"
"2026-09-08","04:52:02","Clear","Wet","Dark","1.6","20.6","3115","57232","21.6","25%","26.0","Heating DOWN","Opened","7.469","18","Safe","Calm","0.0","73","16.7","9.8","1001.9","1013.5"
"2026-09-08","04:52:12","Clear","Wet","Dark","1.7","20.6","3072","57232","21.6","24%","26.0","Heating DOWN","Opened","7.446","18","Safe","Calm","0.0","73","16.7","9.8","1001.8","1013.5"
"2026-09-08","04:52:22","Clear","Wet","Dark","1.7","20.6","3136","57232","21.6","23%","25.9","","Opened","7.308","18","Safe","Calm","0.0","73","16.7","9.9","1001.9","1013.5"
"2026-09-08","04:52:32","Clear","Wet","Dark","2.0","20.6","3135","57232","21.7","23%","25.9","","Opened","7.392","18","Safe","Calm","0.0","73","16.7","10.1","1001.9","1013.5"
"2026-09-08","04:52:42","Clear","Wet","Dark","1.7","20.6","3117","57232","21.7","23%","25.8","","Opened","7.485","18","Safe","Calm","0.0","73","16.7","9.9","1001.8","1013.5"
"2026-09-08","04:52:52","Clear","Wet","Dark","1.7","20.6","3116","57232","21.7","23%","25.9","","Opened","7.312","18","Safe","Calm","0.0","73","16.7","9.8","1001.9","1013.5"
"2026-09-08","04:53:02","Clear","Wet","Dark","1.7","20.6","3115","57232","21.7","23%","25.8","","Opened","7.391","18","Safe","Calm","0.0","73","16.7","9.8","1001.9","1013.5"
"2026-09-08","04:53:12","Clear","Wet","Dark","1.7","20.6","3115","57232","21.6","23%","25.8","","Opened","7.324","18","Safe","Calm","0.0","73","16.7","9.8","1001.8","1013.5"
"2026-09-08","04:53:22","Clear","Wet","Dark","1.7","20.6","3115","57232","21.6","23%","25.7","","Opened","7.272","18","Safe","Calm","0.0","73","16.7","9.8","1001.9","1013.6"
"2026-09-08","04:53:32","Clear","Wet","Dark","1.7","20.6","3115","57232","21.7","23%","25.7","","Opened","7.349","18","Safe","Calm","0.0","73","16.7","9.9","1001.9","1013.5"
"2026-09-08","04:53:42","Clear","Wet","Dark","1.8","20.6","3114","57232","21.7","23%","25.7","","Opened","7.441","18","Safe","Calm","0.0","73","16.7","9.9","1001.9","1013.5"
"2026-09-08","04:53:52","Clear","Wet","Dark","1.7","20.6","3105","57232","21.7","23%","25.7","","Opened","7.389","18","Safe","Calm","0.0","73","16.7","9.9","1001.9","1013.6"
"2026-09-08","04:54:02","Clear","Wet","Dark","1.8","20.6","3104","57232","21.6","23%","25.7","","Opened","7.340","18","Safe","Calm","0.0","73","16.7","9.9","1002.0","1013.7"
"2026-09-08","04:54:12","Clear","Wet","Dark","1.8","20.6","3105","57232","21.6","23%","25.6","","Opened","7.273","18","Safe","Calm","0.0","73","16.7","10.0","1001.9","1013.5"
"2026-09-08","04:54:22","Clear","Wet","Dark","1.9","20.6","3073","57232","21.7","23%","25.6","","Opened","7.335","18","Safe","Calm","0.0","73","16.7","10.0","1001.8","1013.5"
"2026-09-08","04:54:32","Clear","Wet","Dark","1.8","20.6","3074","57232","21.7","23%","25.6","","Opened","7.296","18","Safe","Calm","0.0","73","16.7","9.9","1001.9","1013.5"
"2026-09-08","04:54:42","Clear","Wet","Dark","1.8","20.6","3075","57232","21.7","23%","25.6","","Opened","7.502","18","Safe","Calm","0.0","73","16.7","10.0","1001.9","1013.5"
"2026-09-08","04:54:52","Clear","Wet","Dark","2.0","20.6","3076","57232","21.7","23%","25.5","","Opened","7.329","18","Safe","Calm","0.0","73","16.7","10.1","1001.9","1013.5"
"2026-09-08","04:55:02","Clear","Wet","Dark","1.8","20.6","3075","57232","21.7","23%","25.5","","Opened","7.288","18","Safe","Calm","0.0","73","16.7","9.9","1001.9","1013.5"
"2026-09-08","04:55:12","Clear","Wet","Dark","2.0","20.6","3073","57232","21.7","23%","25.5","","Opened","7.353","18","Safe","Calm","0.0","73","16.7","10.1","1001.9","1013.5"
"2026-09-08","04:55:22","Clear","Wet","Dark","2.0","20.6","3072","57232","21.7","23%","25.5","","Opened","7.319","18","Safe","Calm","0.0","73","16.7","10.1","1001.9","1013.5"
"2026-09-08","04:55:32","Clear","Wet","Dark","2.0","20.6","3072","57232","21.7","23%","25.5","","Opened","7.399","18","Safe","Calm","0.0","73","16.7","10.2","1001.9","1013.6"
"2026-09-08","04:55:42","Clear","Wet","Dark","1.9","20.7","3072","57232","21.7","23%","25.5","","Opened","7.494","18","Safe","Calm","0.0","73","16.7","10.1","1001.8","1013.5"
"2026-09-08","04:55:52","Clear","Wet","Dark","1.8","20.7","3072","57232","21.7","23%","25.4","Heating UP","Opened","7.440","18","Safe","Calm","0.0","73","16.7","10.0","1001.9","1013.5"
"2026-09-08","04:56:02","Clear","Wet","Dark","1.7","20.7","3072","57232","21.7","24%","25.5","","Opened","7.313","18","Safe","Calm","0.0","73","16.7","9.9","1001.8","1013.5"
"2026-09-08","04:56:12","Clear","Wet","Dark","1.7","20.7","3072","57232","21.7","24%","25.5","","Opened","7.374","18","Safe","Calm","0.0","73","16.7","9.9","1001.9","1013.5"
"2026-09-08","04:56:22","Clear","Wet","Dark","1.7","20.7","3072","57232","21.7","24%","25.5","","Opened","7.325","18","Safe","Calm","0.0","73","16.8","9.9","1001.8","1013.5"
"2026-09-08","04:56:32","Clear","Wet","Dark","1.7","20.7","3072","57232","21.7","24%","25.4","Heating UP","Opened","7.405","18","Safe","Calm","0.0","73","16.7","9.8","1001.9","1013.5"
"2026-09-08","04:56:42","Clear","Wet","Dark","1.7","20.7","3072","57232","21.7","25%","25.5","","Opened","7.518","18","Safe","Calm","0.0","73","16.8","9.8","1001.8","1013.5"
"2026-09-08","04:56:52","Clear","Wet","Dark","1.7","20.7","3072","57232","21.7","25%","25.5","","Opened","7.347","18","Safe","Calm","0.0","73","16.7","9.9","1001.9","1013.5"
"2026-09-08","04:57:02","Clear","Wet","Dark","1.8","20.7","3073","57232","21.8","25%","25.5","Heating UP","Opened","7.426","18","Safe","Calm","0.0","73","16.8","9.9","1001.9","1013.5"
"2026-09-08","04:57:12","Clear","Dry","Dark","1.8","20.7","3200","57232","21.8","26%","25.5","Heating UP","Opened","7.418","18","Safe","Calm","0.0","73","16.8","10.0","1001.8","1013.5"
"2026-09-08","04:57:22","Clear","Wet","Dark","1.8","20.7","3116","57232","21.8","27%","25.6","","Opened","7.274","18","Safe","Calm","0.0","73","16.8","10.0","1001.8","1013.4"
"2026-09-08","04:57:32","Clear","Wet","Dark","1.8","20.7","3136","57232","21.8","27%","25.6","","Opened","7.331","18","Safe","Calm","0.0","73","16.8","10.0","1001.9","1013.6"
"2026-09-08","04:57:42","Clear","Wet","Dark","1.6","20.7","3136","57232","21.8","27%","25.7","","Opened","7.427","18","Safe","Calm","0.0","73","16.8","9.9","1001.8","1013.5"
"2026-09-08","04:57:52","Clear","Wet","Dark","1.6","20.7","3136","57232","21.8","27%","25.7","","Opened","7.370","18","Safe","Calm","0.0","73","16.8","9.8","1001.8","1013.4"
"2026-09-08","04:58:02","Clear","Wet","Dark","1.5","20.6","3136","57232","21.8","27%","25.8","","Opened","7.313","18","Safe","Calm","0.0","73","16.8","9.7","1001.8","1013.4"
"2026-09-08","04:58:12","Clear","Wet","Dark","1.7","20.6","3136","57232","21.8","27%","25.8","","Opened","7.258","18","Safe","Calm","0.0","73","16.8","9.9","1001.8","1013.4"
"2026-09-08","04:58:22","Clear","Wet","Dark","1.6","20.6","3136","57232","21.8","27%","25.8","","Opened","7.334","18","Safe","Calm","0.0","73","16.8","9.9","1001.9","1013.5"
"2026-09-08","04:58:32","Clear","Wet","Dark","1.6","20.6","3136","57232","21.8","27%","25.7","","Opened","7.287","18","Safe","Calm","0.0","73","16.8","9.8","1001.8","1013.4"
"2026-09-08","04:58:42","Clear","Wet","Dark","1.6","20.6","3136","57232","21.8","27%","25.7","","Opened","7.505","18","Safe","Calm","0.0","73","16.8","9.8","1001.8","1013.5"
"2026-09-08","04:58:52","Clear","Wet","Dark","1.6","20.6","3136","57232","21.8","27%","25.7","","Opened","7.325","18","Safe","Calm","0.0","73","16.8","9.8","1001.8","1013.5"
"2026-09-08","04:59:02","Clear","Wet","Dark","1.5","20.6","3136","57232","21.8","27%","25.8","","Opened","7.250","18","Safe","Calm","0.0","73","16.8","9.8","1001.8","1013.5"
"2026-09-08","04:59:12","Clear","Wet","Dark","1.6","20.6","3136","57232","21.8","27%","25.7","","Opened","7.308","18","Safe","Calm","0.0","73","16.8","9.8","1001.8","1013.5"
"2026-09-08","04:59:22","Clear","Wet","Dark","1.6","20.6","3136","57232","21.8","27%","25.8","","Opened","7.266","18","Safe","Calm","0.0","73","16.8","9.8","1001.9","1013.6"
"2026-09-08","04:59:32","Clear","Wet","Dark","1.6","20.6","3136","57232","21.8","27%","25.7","","Opened","7.341","18","Safe","Calm","0.0","73","16.8","9.8","1001.8","1013.5"
"2026-09-08","04:59:42","Clear","Wet","Dark","1.7","20.6","3136","57232","21.8","27%","25.7","","Opened","7.435","18","Safe","Calm","0.0","73","16.8","9.9","1001.8","1013.4"
"2026-09-08","04:59:52","Clear","Wet","Dark","1.6","20.6","3136","57232","21.8","27%","25.7","","Opened","7.369","18","Safe","Calm","0.0","73","16.8","9.9","1001.8","1013.5"
"2026-09-08","05:00:02","Clear","Wet","Dark","1.6","20.6","3136","57232","21.8","27%","25.8","","Opened","7.335","18","Safe","Calm","0.0","73","16.8","9.9","1001.8","1013.5"
"2026-09-08","05:00:12","Clear","Wet","Dark","1.7","20.5","3136","57232","21.8","27%","25.8","","Opened","7.264","18","Safe","Calm","0.0","73","16.8","9.9","1001.8","1013.5"
"2026-09-08","05:00:22","Clear","Wet","Dark","1.8","20.6","3136","57232","21.8","27%","25.8","","Opened","7.348","18","Safe","Calm","0.0","73","16.8","10.1","1001.8","1013.5"
"2026-09-08","05:00:32","Clear","Wet","Dark","1.6","20.6","3136","57232","21.8","27%","25.9","","Opened","7.296","18","Safe","Calm","0.0","73","16.8","9.9","1001.8","1013.4"
"2026-09-08","05:00:42","Clear","Wet","Dark","1.6","20.5","3136","57232","21.8","27%","25.9","","Opened","7.520","18","Safe","Calm","0.0","73","16.8","9.9","1001.8","1013.5"
"2026-09-08","05:00:52","Clear","Wet","Dark","1.7","20.6","3136","57232","21.8","27%","26.0","","Opened","7.334","18","Safe","Calm","0.0","73","16.8","9.9","1001.8","1013.4"
"2026-09-08","05:01:02","Clear","Wet","Dark","1.7","20.5","3136","57232","21.8","27%","26.0","","Opened","7.283","18","Safe","Calm","0.0","73","16.8","9.9","1001.8","1013.4"
"2026-09-08","05:01:12","Clear","Wet","Dark","1.7","20.5","3136","57232","21.8","27%","26.1","","Opened","7.341","18","Safe","Calm","0.0","73","16.8","10.0","1001.8","1013.4"
"2026-09-08","05:01:22","Clear","Wet","Dark","2.0","20.5","3105","57232","21.8","27%","26.2","Heating DOWN","Opened","7.441","18","Safe","Calm","0.0","73","16.8","10.3","1001.8","1013.5"
"2026-09-08","05:01:32","Clear","Dry","Dark","1.7","20.5","3200","57232","21.8","26%","26.2","Heating DOWN","Opened","7.441","18","Safe","Calm","0.0","73","16.8","10.0","1001.8","1013.4"
"2026-09-08","05:01:42","Clear","Wet","Dark","1.9","20.5","3072","57232","21.8","25%","26.3","Heating DOWN","Opened","7.584","18","Safe","Calm","0.0","73","16.8","10.2","1001.8","1013.4"
"2026-09-08","05:01:52","Clear","Wet","Dark","1.6","20.5","3072","57232","21.9","24%","26.3","Heating DOWN","Opened","7.439","18","Safe","Calm","0.0","73","16.8","9.9","1001.8","1013.5"
"2026-09-08","05:02:02","Clear","Wet","Dark","1.7","20.5","3072","57232","21.9","23%","26.3","Heating DOWN","Opened","7.433","18","Safe","Calm","0.0","73","16.8","10.0","1001.7","1013.3"
"2026-09-08","05:02:12","Clear","Dry","Dark","1.6","20.6","3200","57232","21.9","22%","26.3","Heating DOWN","Opened","7.417","18","Safe","Calm","0.0","73","16.8","9.8","1001.7","1013.3"
"2026-09-08","05:02:22","Clear","Wet","Dark","1.6","20.5","3136","57232","21.9","21%","26.2","","Opened","7.284","18","Safe","Calm","0.0","73","16.9","9.8","1001.8","1013.4"
"2026-09-08","05:02:32","Clear","Wet","Dark","1.6","20.5","3115","57232","21.9","21%","26.1","","Opened","7.367","18","Safe","Calm","0.0","73","16.9","9.9","1001.8","1013.4"
"2026-09-08","05:02:42","Clear","Wet","Dark","1.5","20.5","3103","57232","21.9","21%","26.1","","Opened","7.462","18","Safe","Calm","0.0","73","16.9","9.8","1001.8","1013.4"
"2026-09-08","05:02:52","Clear","Wet","Dark","1.7","20.5","3072","57232","21.9","21%","26.0","","Opened","7.283","18","Safe","Calm","0.0","73","16.9","9.9","1001.8","1013.5"
"2026-09-08","05:03:02","Clear","Wet","Dark","1.6","20.6","3072","57232","21.9","21%","26.0","","Opened","7.372","18","Safe","Calm","0.0","73","16.9","9.9","1001.8","1013.5"
"2026-09-08","05:03:12","Clear","Wet","Dark","1.7","20.5","3072","57232","21.9","21%","26.0","","Opened","7.311","18","Safe","Calm","0.0","73","17.0","10.0","1001.8","1013.5"
"2026-09-08","05:03:22","Clear","Wet","Dark","1.7","20.5","3072","57232","21.9","21%","25.9","","Opened","7.396","18","Safe","Calm","0.0","73","17.0","9.9","1001.8","1013.4"
"2026-09-08","05:03:32","Clear","Wet","Dark","1.6","20.5","3072","57232","21.9","21%","26.0","","Opened","7.348","18","Safe","Calm","0.0","73","17.0","9.9","1001.8","1013.4"
"2026-09-08","05:03:42","Clear","Wet","Dark","1.6","20.5","3072","57232","21.9","21%","26.0","","Opened","7.437","18","Safe","Calm","0.0","73","17.0","9.9","1001.8","1013.4"
"2026-09-08","05:03:52","Clear","Wet","Dark","1.7","20.5","3072","57232","21.9","21%","26.0","","Opened","7.380","18","Safe","Calm","0.0","73","17.0","10.0","1001.8","1013.5"
"2026-09-08","05:04:02","Clear","Wet","Dark","1.6","20.5","3072","57232","22.0","21%","26.0","","Opened","7.335","18","Safe","Calm","0.0","73","17.0","9.9","1001.8","1013.4"
"2026-09-08","05:04:12","Clear","Wet","Dark","1.6","20.5","3072","57232","22.0","21%","26.1","","Opened","7.266","18","Safe","Calm","0.0","73","17.0","9.9","1001.8","1013.4"
"2026-09-08","05:04:22","Clear","Wet","Dark","1.6","20.5","3072","57232","22.0","21%","26.1","","Opened","7.340","18","Safe","Calm","0.0","73","17.0","9.9","1001.8","1013.4"
"2026-09-08","05:04:32","Clear","Wet","Dark","1.7","20.5","3072","57232","21.9","21%","26.0","","Opened","7.309","18","Safe","Calm","0.0","73","17.0","10.0","1001.7","1013.3"
"2026-09-08","05:04:42","Clear","Wet","Dark","1.8","20.5","3072","57232","22.0","21%","26.0","","Opened","7.506","18","Safe","Calm","0.0","74","17.0","10.1","1001.8","1013.4"
"2026-09-08","05:04:52","Clear","Wet","Dark","1.7","20.6","3072","57232","22.0","21%","25.9","","Opened","7.334","18","Safe","Calm","0.0","74","17.0","10.1","1001.8","1013.4"
"2026-09-08","05:05:02","Clear","Wet","Dark","1.8","20.6","3072","57232","22.0","21%","25.9","","Opened","7.299","18","Safe","Calm","0.0","74","17.0","10.1","1001.7","1013.3"
"2026-09-08","05:05:12","Clear","Wet","Dark","1.8","20.6","3072","57232","22.0","21%","25.9","","Opened","7.358","18","Safe","Calm","0.0","74","17.1","10.1","1001.8","1013.4"
"2026-09-08","05:05:22","Clear","Wet","Dark","1.7","20.6","3072","57232","22.0","21%","25.9","","Opened","7.322","18","Safe","Calm","0.0","74","17.1","10.1","1001.8","1013.4"
"2026-09-08","05:05:32","Clear","Wet","Dark","1.8","20.6","3072","57232","22.0","21%","25.9","","Opened","7.278","18","Safe","Calm","0.0","74","17.1","10.1","1001.8","1013.4"
"2026-09-08","05:05:42","Clear","Wet","Dark","1.9","20.6","3072","57232","22.0","21%","25.9","","Opened","7.504","18","Safe","Calm","0.0","74","17.2","10.3","1001.8","1013.4"
"2026-09-08","05:05:52","Clear","Wet","Dark","1.9","20.6","3072","57232","22.0","21%","25.9","","Opened","7.315","18","Safe","Calm","0.0","74","17.1","10.2","1001.7","1013.3"
"2026-09-08","05:06:02","Clear","Wet","Dark","1.9","20.6","3072","57232","22.0","21%","25.9","","Opened","7.273","18","Safe","Calm","0.0","74","17.2","10.3","1001.8","1013.4"
"2026-09-08","05:06:12","Clear","Wet","Dark","1.8","20.7","3072","57232","22.1","21%","25.9","","Opened","7.332","18","Safe","Calm","0.0","74","17.3","10.1","1001.8","1013.4"
"2026-09-08","05:06:22","Clear","Wet","Dark","1.8","20.7","3072","57232","22.1","21%","25.9","","Opened","7.293","18","Safe","Calm","0.0","74","17.3","10.2","1001.8","1013.4"
"2026-09-08","05:06:32","Clear","Wet","Dark","1.8","20.7","3072","57232","22.1","21%","25.9","","Opened","7.384","18","Safe","Calm","0.0","74","17.3","10.2","1001.8","1013.5"
"2026-09-08","05:06:42","Clear","Wet","Dark","1.8","20.6","3072","57232","22.1","21%","26.0","","Opened","7.478","18","Safe","Calm","0.0","74","17.3","10.2","1001.7","1013.3"
"2026-09-08","05:06:52","Clear","Wet","Dark","1.9","20.6","3072","57232","22.1","21%","26.0","","Opened","7.299","18","Safe","Calm","0.0","74","17.3","10.2","1001.7","1013.3"
"2026-09-08","05:07:02","Clear","Wet","Dark","2.0","20.7","3072","57232","22.1","21%","25.9","","Opened","7.384","18","Safe","Calm","0.0","74","17.3","10.3","1001.7","1013.3"
"2026-09-08","05:07:12","Clear","Wet","Dark","2.1","20.7","3072","57232","22.1","21%","25.9","","Opened","7.313","18","Safe","Calm","0.0","74","17.3","10.5","1001.8","1013.4"
"2026-09-08","05:07:22","Clear","Wet","Dark","1.9","20.7","3072","57232","22.1","21%","25.9","","Opened","7.274","18","Safe","Calm","0.0","74","17.3","10.3","1001.8","1013.4"
"2026-09-08","05:07:32","Clear","Wet","Dark","2.0","20.8","3072","57232","22.1","21%","25.9","","Opened","7.349","18","Safe","Calm","0.0","74","17.3","10.4","1001.7","1013.3"
"2026-09-08","05:07:42","Clear","Wet","Dark","2.1","20.8","3071","57232","22.1","21%","25.8","Heating UP","Opened","7.574","18","Safe","Calm","0.0","74","17.4","10.5","1001.8","1013.4"
"2026-09-08","05:07:52","Clear","Dry","Dark","2.0","20.8","3200","57232","22.2","22%","25.8","Heating UP","Opened","7.430","18","Safe","Calm","0.0","74","17.4","10.4","1001.8","1013.4"
"2026-09-08","05:08:02","Clear","Wet","Dark","1.9","20.9","3072","57232","22.2","23%","25.8","Heating UP","Opened","7.429","18","Safe","Calm","0.0","74","17.4","10.4","1001.7","1013.3"
"2026-09-08","05:08:12","Clear","Wet","Dark","1.9","20.9","3072","57232","22.2","24%","25.8","Heating UP","Opened","7.402","18","Safe","Calm","0.0","75","17.4","10.3","1001.8","1013.4"
"2026-09-08","05:08:22","Clear","Wet","Dark","1.8","20.9","3072","57232","22.2","25%","25.8","Heating UP","Opened","7.510","18","Safe","Calm","0.0","75","17.5","10.3","1001.7","1013.3"
"2026-09-08","05:08:32","Clear","Dry","Dark","2.0","20.9","3200","57232","22.2","26%","25.8","Heating UP","Opened","7.506","18","Safe","Calm","0.0","75","17.5","10.5","1001.8","1013.5"
"2026-09-08","05:08:42","Clear","Wet","Dark","1.9","20.9","3072","57232","22.2","27%","25.9","","Opened","7.523","18","Safe","Calm","0.0","75","17.5","10.3","1001.8","1013.4"
"2026-09-08","05:08:52","Clear","Wet","Dark","2.0","21.0","3072","57232","22.2","27%","26.0","","Opened","7.329","18","Safe","Calm","0.0","75","17.5","10.4","1001.8","1013.4"
"2026-09-08","05:09:02","Clear","Wet","Dark","1.8","21.0","3072","57232","22.3","27%","26.0","Heating UP","Opened","7.406","18","Safe","Calm","0.0","75","17.5","10.3","1001.8","1013.4"
"2026-09-08","05:09:12","Clear","Wet","Dark","1.9","21.0","3072","57232","22.3","28%","26.1","","Opened","7.267","18","Safe","Calm","0.0","75","17.5","10.3","1001.7","1013.3"
"2026-09-08","05:09:22","Clear","Wet","Dark","1.9","21.0","3072","57232","22.3","28%","26.1","","Opened","7.354","18","Safe","Calm","0.0","75","17.5","10.4","1001.8","1013.4"
"2026-09-08","05:09:32","Clear","Wet","Dark","1.8","21.0","3072","57232","22.3","28%","26.1","","Opened","7.301","18","Safe","Calm","0.0","75","17.5","10.3","1001.8","1013.4"
"2026-09-08","05:09:42","Clear","Wet","Dark","1.9","21.0","3072","57232","22.3","28%","26.2","","Opened","7.537","18","Safe","Calm","0.0","75","17.5","10.4","1001.7","1013.3"
"2026-09-08","05:09:52","Clear","Wet","Dark","1.9","21.0","3072","57232","22.3","28%","26.2","","Opened","7.353","18","Safe","Calm","0.0","75","17.5","10.4","1001.8","1013.4"
"2026-09-08","05:10:02","Clear","Wet","Dark","1.9","21.0","3072","57232","22.3","28%","26.2","","Opened","7.321","18","Safe","Calm","0.0","74","17.6","10.4","1001.8","1013.4"
"2026-09-08","05:10:12","Clear","Wet","Dark","1.8","21.0","3072","57232","22.3","28%","26.3","","Opened","7.258","18","Safe","Calm","0.0","74","17.6","10.3","1001.8","1013.4"
"2026-09-08","05:10:22","Clear","Wet","Dark","2.0","21.0","3072","57232","22.3","28%","26.3","","Opened","7.351","18","Safe","Calm","0.0","74","17.6","10.5","1001.8","1013.4"
"2026-09-08","05:10:32","Clear","Wet","Dark","1.8","21.1","3072","57232","22.4","28%","26.3","","Opened","7.304","18","Safe","Calm","0.0","74","17.6","10.3","1001.8","1013.4"
"2026-09-08","05:10:42","Clear","Wet","Dark","1.8","21.1","3072","57232","22.4","28%","26.4","","Opened","7.539","18","Safe","Calm","0.0","74","17.6","10.4","1001.7","1013.3"
"2026-09-08","05:10:52","Clear","Wet","Dark","2.1","21.1","3072","57232","22.4","28%","26.4","","Opened","7.345","18","Safe","Calm","0.0","74","17.6","10.6","1001.8","1013.4"
"2026-09-08","05:11:02","Clear","Wet","Dark","1.8","21.1","3072","57232","22.4","28%","26.4","","Opened","7.319","18","Safe","Calm","0.0","74","17.6","10.3","1001.7","1013.3"
"2026-09-08","05:11:12","Clear","Wet","Dark","1.8","21.1","3072","57232","22.4","28%","26.5","","Opened","7.258","18","Safe","Calm","0.0","74","17.6","10.3","1001.7","1013.3"
"2026-09-08","05:11:22","Clear","Wet","Dark","1.8","21.1","3072","57232","22.4","28%","26.5","","Opened","7.341","18","Safe","Calm","0.0","74","17.6","10.3","1001.8","1013.4"
"2026-09-08","05:11:32","Clear","Wet","Dark","1.8","21.1","3072","57232","22.4","28%","26.5","","Opened","7.302","18","Safe","Calm","0.0","74","17.6","10.3","1001.8","1013.4"
"2026-09-08","05:11:42","Clear","Wet","Dark","1.8","21.1","3072","57232","22.4","28%","26.5","","Opened","7.521","18","Safe","Calm","0.0","74","17.6","10.3","1001.7","1013.3"
"2026-09-08","05:11:52","Clear","Wet","Dark","1.9","21.1","3072","57232","22.4","28%","26.5","","Opened","7.339","18","Safe","Calm","0.0","74","17.6","10.4","1001.7","1013.3"
"2026-09-08","05:12:02","Clear","Wet","Dark","1.8","21.1","3072","57232","22.5","28%","26.6","","Opened","7.297","18","Safe","Calm","0.0","74","17.7","10.4","1001.8","1013.4"
"2026-09-08","05:12:12","Clear","Wet","Dark","1.9","21.1","3072","57232","22.4","28%","26.6","","Opened","7.359","18","Safe","Calm","0.0","74","17.6","10.4","1001.8","1013.4"
"2026-09-08","05:12:22","Clear","Wet","Dark","1.8","21.1","3072","57232","22.4","28%","26.6","","Opened","7.319","18","Safe","Calm","0.0","74","17.6","10.4","1001.8","1013.4"
"2026-09-08","05:12:32","Clear","Wet","Dark","1.8","21.2","3072","57232","22.4","28%","26.6","","Opened","7.274","18","Safe","Calm","0.0","74","17.7","10.4","1001.8","1013.4"
"2026-09-08","05:12:42","Clear","Wet","Dark","1.8","21.2","3072","57232","22.5","28%","26.7","","Opened","7.504","18","Safe","Calm","0.0","74","17.7","10.4","1001.8","1013.4"
"2026-09-08","05:12:52","Clear","Wet","Dark","1.8","21.2","3072","57232","22.5","28%","26.6","","Opened","7.314","18","Safe","Calm","0.0","74","17.7","10.4","1001.8","1013.4"
"2026-09-08","05:13:02","Clear","Wet","Dark","2.0","21.2","3072","57232","22.5","28%","26.6","","Opened","7.394","18","Safe","Calm","0.0","74","17.7","10.5","1001.8","1013.4"
"2026-09-08","05:13:12","Clear","Wet","Dark","1.9","21.2","3072","57232","22.5","28%","26.6","","Opened","7.339","18","Safe","Calm","0.0","74","17.7","10.5","1001.8","1013.4"
"2026-09-08","05:13:22","Clear","Wet","Dark","1.8","21.2","3072","57232","22.5","28%","26.6","","Opened","7.292","18","Safe","Calm","0.0","74","17.7","10.4","1001.8","1013.4"
"2026-09-08","05:13:32","Clear","Wet","Dark","1.9","21.2","3072","57232","22.5","28%","26.6","","Opened","7.390","18","Safe","Calm","0.0","74","17.7","10.5","1001.8","1013.4"
"2026-09-08","05:13:42","Clear","Wet","Dark","1.8","21.2","3072","57232","22.5","28%","26.6","","Opened","7.482","18","Safe","Calm","0.0","75","17.8","10.4","1001.7","1013.3"
"2026-09-08","05:13:52","Clear","Wet","Dark","1.9","21.3","3072","57232","22.5","28%","26.6","","Opened","7.303","18","Safe","Calm","0.0","75","17.8","10.5","1001.6","1013.3"
"2026-09-08","05:14:02","Clear","Wet","Dark","2.0","21.3","3072","57232","22.5","28%","26.6","","Opened","7.382","18","Safe","Calm","0.0","75","17.8","10.6","1001.7","1013.3"
"2026-09-08","05:14:12","Clear","Wet","Dark","1.9","21.3","3072","57232","22.5","28%","26.6","","Opened","7.309","18","Safe","Calm","0.0","75","17.8","10.5","1001.6","1013.3"
"2026-09-08","05:14:22","Clear","Wet","Dark","1.9","21.3","3072","57232","22.5","28%","26.6","","Opened","7.393","18","Safe","Calm","0.0","75","17.8","10.5","1001.8","1013.4"
"2026-09-08","05:14:32","Clear","Wet","Dark","1.8","21.3","3072","57232","22.5","28%","26.6","","Opened","7.350","18","Safe","Calm","0.0","75","17.9","10.4","1001.7","1013.3"
"2026-09-08","05:14:42","Clear","Wet","Dark","2.0","21.4","3072","57232","22.5","28%","26.6","","Opened","7.448","18","Safe","Calm","0.0","75","17.9","10.7","1001.7","1013.3"
"2026-09-08","05:14:52","Clear","Wet","Dark","1.9","21.4","3072","57232","22.6","28%","26.6","","Opened","7.374","18","Safe","Calm","0.0","75","17.9","10.6","1001.8","1013.4"
"2026-09-08","05:15:02","Clear","Wet","Dark","1.8","21.4","3072","57232","22.6","28%","26.6","","Opened","7.341","18","Safe","Calm","0.0","75","17.9","10.4","1001.6","1013.3"
"2026-09-08","05:15:12","Clear","Wet","Dark","1.8","21.4","3072","57232","22.6","28%","26.7","","Opened","7.274","18","Safe","Calm","0.0","75","17.9","10.5","1001.6","1013.3"
"2026-09-08","05:15:22","Clear","Wet","Dark","1.6","21.4","3072","57232","22.6","28%","26.7","","Opened","7.358","18","Safe","Calm","0.0","75","18.0","10.3","1001.7","1013.3"
"2026-09-08","05:15:32","Clear","Wet","Dark","1.7","21.4","3072","57232","22.6","28%","26.7","","Opened","7.320","18","Safe","Calm","0.0","75","18.0","10.4","1001.8","1013.4"
"2026-09-08","05:15:42","Clear","Wet","Dark","1.6","21.4","3072","57232","22.6","28%","26.7","","Opened","7.416","18","Safe","Calm","0.0","75","18.0","10.3","1001.7","1013.3"
"2026-09-08","05:15:52","Clear","Wet","Dark","1.7","21.4","3072","57232","22.6","28%","26.7","","Opened","7.375","18","Safe","Calm","0.0","75","18.0","10.4","1001.6","1013.3"
"2026-09-08","05:16:02","Clear","Wet","Dark","1.7","21.4","3072","57232","22.6","28%","26.8","","Opened","7.320","18","Safe","Calm","0.0","75","18.1","10.4","1001.7","1013.3"
"2026-09-08","05:16:12","Clear","Wet","Dark","1.6","21.4","3072","57232","22.6","28%","26.8","","Opened","7.263","18","Safe","Calm","0.0","75","18.0","10.2","1001.7","1013.3"
"2026-09-08","05:16:22","Clear","Wet","Dark","1.6","21.4","3072","57232","22.6","28%","26.9","","Opened","7.355","18","Safe","Calm","0.0","75","18.1","10.3","1001.7","1013.3"
"2026-09-08","05:16:32","Clear","Wet","Dark","1.7","21.4","3072","57232","22.6","28%","26.9","","Opened","7.311","18","Safe","Calm","0.0","75","18.1","10.4","1001.7","1013.3"
"2026-09-08","05:16:42","Clear","Wet","Dark","1.7","21.4","3072","57232","22.7","28%","26.9","","Opened","7.528","18","Safe","Calm","0.0","75","18.1","10.3","1001.6","1013.2"
"2026-09-08","05:16:52","Clear","Wet","Dark","1.5","21.4","3072","57232","22.6","28%","26.9","","Opened","7.366","18","Safe","Calm","0.0","76","18.1","10.2","1001.7","1013.3"
"2026-09-08","05:17:02","Clear","Wet","Dark","1.6","21.4","3072","57232","22.6","28%","26.9","","Opened","7.325","18","Safe","Calm","0.0","75","18.1","10.3","1001.8","1013.4"
"2026-09-08","05:17:12","Clear","Wet","Dark","1.6","21.4","3072","57232","22.7","28%","27.0","Heating DOWN","Opened","7.501","18","Safe","Calm","0.0","76","18.1","10.3","1001.6","1013.2"
"2026-09-08","05:17:22","Clear","Wet","Dark","1.5","21.4","3072","57232","22.7","27%","27.0","Heating DOWN","Opened","7.491","18","Safe","Calm","0.0","76","18.1","10.2","1001.7","1013.3"
"2026-09-08","05:17:32","Clear","Dry","Dark","1.5","21.3","3200","57232","22.6","26%","27.0","Heating DOWN","Opened","7.486","18","Safe","Calm","0.0","75","18.1","10.2","1001.7","1013.3"
"2026-09-08","05:17:42","Clear","Wet","Dark","1.5","21.3","3072","57232","22.7","25%","27.1","Heating DOWN","Opened","7.608","18","Safe","Calm","0.0","75","18.1","10.2","1001.6","1013.2"
"2026-09-08","05:17:52","Clear","Wet","Dark","1.6","21.3","3072","57232","22.7","24%","27.1","Heating DOWN","Opened","7.466","18","Safe","Calm","0.0","75","18.1","10.3","1001.7","1013.3"
"2026-09-08","05:18:02","Clear","Wet","Dark","1.4","21.3","3072","57232","22.6","23%","27.0","","Opened","7.316","18","Safe","Calm","0.0","75","18.1","10.1","1001.6","1013.2"
"2026-09-08","05:18:12","Clear","Wet","Dark","1.5","21.3","3072","57232","22.7","23%","27.0","Heating DOWN","Opened","7.388","18","Safe","Calm","0.0","75","18.1","10.2","1001.8","1013.4"
"2026-09-08","05:18:22","Clear","Dry","Dark","1.5","21.3","3200","57232","22.7","22%","27.0","Heating DOWN","Opened","7.523","18","Safe","Calm","0.0","75","18.1","10.2","1001.7","1013.3"
"2026-09-08","05:18:32","Clear","Wet","Dark","1.5","21.3","3072","57232","22.7","21%","27.0","Heating DOWN","Opened","7.397","18","Safe","Calm","0.0","75","18.1","10.2","1001.6","1013.2"
"2026-09-08","05:18:42","Clear","Wet","Dark","1.4","21.3","3072","57232","22.7","20%","26.9","","Opened","7.406","18","Safe","Calm","0.0","75","18.1","10.1","1001.7","1013.3"
"2026-09-08","05:18:52","Clear","Wet","Dark","1.4","21.3","3072","57232","22.7","20%","26.9","","Opened","7.356","18","Safe","Calm","0.0","75","18.1","10.1","1001.6","1013.2"
"2026-09-08","05:19:02","Clear","Wet","Dark","1.5","21.3","3072","57232","22.7","20%","26.9","","Opened","7.310","18","Safe","Calm","0.0","75","18.1","10.2","1001.7","1013.3"
"2026-09-08","05:19:12","Clear","Wet","Dark","1.5","21.3","3072","57232","22.7","20%","26.8","","Opened","7.374","18","Safe","Calm","0.0","75","18.1","10.2","1001.6","1013.2"
"2026-09-08","05:19:22","Clear","Wet","Dark","1.5","21.3","3072","57232","22.7","20%","26.8","","Opened","7.326","18","Safe","Calm","0.0","75","18.0","10.2","1001.7","1013.3"
"2026-09-08","05:19:32","Clear","Wet","Dark","1.5","21.3","3072","57232","22.7","20%","26.8","","Opened","7.286","18","Safe","Calm","0.0","75","18.0","10.2","1001.6","1013.2"
"2026-09-08","05:19:42","Clear","Wet","Dark","1.5","21.2","3072","57232","22.7","20%","26.7","","Opened","7.506","18","Safe","Calm","0.0","75","18.0","10.2","1001.7","1013.3"
"2026-09-08","05:19:52","Clear","Wet","Dark","1.6","21.2","3072","57232","22.7","20%","26.7","","Opened","7.328","18","Safe","Calm","0.0","75","18.0","10.3","1001.7","1013.3"
"2026-09-08","05:20:02","Clear","Wet","Dark","1.5","21.2","3072","57232","22.7","20%","26.7","","Opened","7.283","18","Safe","Calm","0.0","75","18.0","10.2","1001.6","1013.2"
"2026-09-08","05:20:12","Clear","Wet","Dark","1.4","21.2","3072","57232","22.7","20%","26.6","","Opened","7.351","18","Safe","Calm","0.0","75","18.0","10.1","1001.7","1013.3"
"2026-09-08","05:20:22","Clear","Wet","Dark","1.5","21.2","3072","57232","22.7","20%","26.6","","Opened","7.310","18","Safe","Calm","0.0","75","18.0","10.2","1001.6","1013.2"
"2026-09-08","05:20:32","Clear","Wet","Dark","1.4","21.2","3072","57232","22.7","20%","26.6","","Opened","7.390","18","Safe","Calm","0.0","75","18.0","10.1","1001.7","1013.3"
"2026-09-08","05:20:42","Clear","Wet","Dark","1.5","21.2","3072","57232","22.7","20%","26.6","","Opened","7.489","18","Safe","Calm","0.0","75","18.0","10.2","1001.7","1013.3"
"2026-09-08","05:20:52","Clear","Wet","Dark","1.5","21.2","3072","57232","22.7","20%","26.6","","Opened","7.315","18","Safe","Calm","0.0","75","18.0","10.1","1001.6","1013.2"
"2026-09-08","05:21:02","Clear","Wet","Dark","1.3","21.2","3072","57232","22.7","20%","26.6","","Opened","7.266","18","Safe","Calm","0.0","75","18.0","10.0","1001.6","1013.2"
"2026-09-08","05:21:12","Clear","Wet","Dark","1.3","21.2","3072","57232","22.7","20%","26.5","","Opened","7.329","18","Safe","Calm","0.0","75","18.0","10.0","1001.6","1013.2"
"2026-09-08","05:21:22","Clear","Wet","Dark","1.3","21.1","3072","57232","22.7","20%","26.5","","Opened","7.285","18","Safe","Calm","0.0","75","18.0","10.0","1001.6","1013.2"
"2026-09-08","05:21:32","Clear","Wet","Dark","1.3","21.1","3072","57232","22.7","20%","26.4","Heating UP","Opened","7.504","18","Safe","Calm","0.0","75","18.0","10.0","1001.6","1013.2"
"2026-09-08","05:21:42","Clear","Wet","Dark","1.2","21.1","3072","57232","22.6","21%","26.4","","Opened","7.497","18","Safe","Calm","0.0","75","17.9","9.9","1001.6","1013.2"
"2026-09-08","05:21:52","Clear","Wet","Dark","1.3","21.1","3072","57232","22.6","21%","26.4","","Opened","7.330","18","Safe","Calm","0.0","75","17.9","10.0","1001.6","1013.2"
"2026-09-08","05:22:02","Clear","Wet","Dark","1.3","21.1","3072","57232","22.7","21%","26.4","","Opened","7.282","18","Safe","Calm","0.0","74","17.9","10.0","1001.6","1013.2"
"2026-09-08","05:22:12","Clear","Wet","Dark","1.2","21.1","3072","57232","22.6","21%","26.4","","Opened","7.341","18","Safe","Calm","0.0","74","17.9","9.9","1001.7","1013.3"
"2026-09-08","05:22:22","Clear","Wet","Dark","1.3","21.1","3072","57232","22.6","21%","26.4","","Opened","7.293","18","Safe","Calm","0.0","74","17.8","10.0","1001.6","1013.2"
"2026-09-08","05:22:32","Clear","Wet","Dark","1.4","21.0","3072","57232","22.6","21%","26.3","Heating UP","Opened","7.502","18","Safe","Calm","0.0","74","17.8","10.1","1001.6","1013.3"
"2026-09-08","05:22:42","Clear","Dry","Dark","1.4","21.0","3200","57232","22.6","22%","26.3","Heating UP","Opened","7.644","18","Safe","Calm","0.0","74","17.8","10.1","1001.6","1013.3"
"2026-09-08","05:22:52","Clear","Wet","Dark","1.3","21.0","3072","57232","22.6","23%","26.3","Heating UP","Opened","7.504","18","Safe","Calm","0.0","74","17.7","10.0","1001.6","1013.2"
"2026-09-08","05:23:02","Clear","Wet","Dark","1.3","21.0","3072","57232","22.6","24%","26.3","Heating UP","Opened","7.503","18","Safe","Calm","0.0","74","17.6","9.9","1001.6","1013.2"
"2026-09-08","05:23:12","Clear","Wet","Dark","1.3","20.9","3072","57232","22.5","25%","26.3","","Opened","7.355","18","Safe","Calm","0.0","74","17.6","9.9","1001.6","1013.3"
"2026-09-08","05:23:22","Clear","Wet","Dark","1.2","20.9","3072","57232","22.6","25%","26.3","","Opened","7.305","18","Safe","Calm","0.0","73","17.6","9.8","1001.6","1013.3"
"2026-09-08","05:23:32","Clear","Wet","Dark","1.1","20.9","3072","57232","22.5","25%","26.2","Heating UP","Opened","7.516","18","Safe","Calm","0.0","73","17.5","9.8","1001.6","1013.2"
"2026-09-08","05:23:42","Clear","Dry","Dark","1.2","20.9","3200","57232","22.5","26%","26.2","Heating UP","Opened","7.698","18","Safe","Calm","0.0","73","17.5","9.9","1001.6","1013.3"
"2026-09-08","05:23:52","Clear","Wet","Dark","1.2","20.9","3072","57232","22.5","27%","26.2","Heating UP","Opened","7.509","18","Safe","Calm","0.0","73","17.4","9.8","1001.7","1013.3"
"2026-09-08","05:24:02","Clear","Wet","Dark","1.2","20.9","3072","57232","22.5","28%","26.2","","Opened","7.381","18","Safe","Calm","0.0","73","17.4","9.8","1001.6","1013.3"
"2026-09-08","05:24:12","Clear","Wet","Dark","1.2","20.9","3072","57232","22.5","28%","26.2","Heating UP","Opened","7.446","18","Safe","Calm","0.0","73","17.4","9.8","1001.6","1013.3"
"2026-09-08","05:24:22","Clear","Wet","Dark","1.1","20.9","3072","57232","22.5","29%","26.1","Heating UP","Opened","7.428","18","Safe","Calm","0.0","73","17.3","9.6","1001.6","1013.2"
"2026-09-08","05:24:32","Clear","Dry","Dark","1.1","20.8","3200","57232","22.4","30%","26.1","Heating UP","Opened","7.428","18","Safe","Calm","0.0","72","17.2","9.7","1001.7","1013.3"
"2026-09-08","05:24:42","Clear","Wet","Dark","1.1","20.8","3078","57232","22.4","30%","26.1","Heating UP","Opened","7.562","18","Safe","Calm","0.0","72","17.2","9.6","1001.6","1013.3"
"2026-09-08","05:24:52","Clear","Wet","Dark","1.1","20.8","3072","57232","22.4","31%","26.2","","Opened","7.296","18","Safe","Calm","0.0","72","17.2","9.6","1001.6","1013.3"
"2026-09-08","05:25:02","Clear","Wet","Dark","1.1","20.8","3072","57232","22.4","31%","26.1","","Opened","7.382","18","Safe","Calm","0.0","72","17.1","9.7","1001.8","1013.4"
"2026-09-08","05:25:12","Clear","Wet","Dark","1.1","20.7","3072","57232","22.3","31%","26.2","","Opened","7.307","18","Safe","Calm","0.0","72","17.1","9.6","1001.6","1013.3"
"2026-09-08","05:25:22","Clear","Wet","Dark","1.1","20.7","3072","57232","22.3","31%","26.1","","Opened","7.389","18","Safe","Calm","0.0","72","17.0","9.6","1001.6","1013.3"
"2026-09-08","05:25:32","Clear","Wet","Dark","1.0","20.7","3072","57232","22.3","31%","26.2","","Opened","7.344","18","Safe","Calm","0.0","72","17.0","9.5","1001.6","1013.2"
"2026-09-08","05:25:42","Clear","Wet","Dark","1.1","20.7","3072","57232","22.2","31%","26.2","","Opened","7.444","18","Safe","Calm","0.0","72","17.0","9.6","1001.6","1013.3"
"2026-09-08","05:25:52","Clear","Wet","Dark","1.1","20.7","3072","57232","22.2","31%","26.1","","Opened","7.381","18","Safe","Calm","0.0","72","16.9","9.5","1001.6","1013.2"
"2026-09-08","05:26:02","Clear","Wet","Dark","1.1","20.7","3072","57232","22.2","31%","26.1","","Opened","7.324","18","Safe","Calm","0.0","72","16.9","9.6","1001.6","1013.3"
"2026-09-08","05:26:12","Clear","Wet","Dark","1.0","20.7","3072","57232","22.2","31%","26.1","","Opened","7.362","18","Safe","Calm","0.0","72","16.9","9.4","1001.6","1013.3"
"2026-09-08","05:26:22","Clear","Wet","Dark","1.1","20.7","3072","57232","22.1","31%","26.1","","Opened","7.315","18","Safe","Calm","0.0","72","16.8","9.5","1001.7","1013.3"
"2026-09-08","05:26:32","Clear","Wet","Dark","1.1","20.7","3072","57232","22.1","31%","26.1","","Opened","7.276","18","Safe","Calm","0.0","72","16.8","9.5","1001.6","1013.2"
"2026-09-08","05:26:42","Clear","Wet","Dark","1.1","20.6","3072","57232","22.1","31%","26.1","","Opened","7.478","18","Safe","Calm","0.0","72","16.8","9.5","1001.6","1013.2"
"2026-09-08","05:26:52","Clear","Wet","Dark","1.1","20.6","3072","57232","22.0","31%","26.2","","Opened","7.294","18","Safe","Calm","0.0","72","16.8","9.5","1001.6","1013.2"
"2026-09-08","05:27:02","Clear","Wet","Dark","1.1","20.6","3072","57232","22.0","31%","26.2","","Opened","7.369","18","Safe","Calm","0.0","72","16.8","9.4","1001.6","1013.2"
"2026-09-08","05:27:12","Clear","Wet","Dark","1.2","20.6","3072","57232","22.0","31%","26.2","","Opened","7.300","18","Safe","Calm","0.0","72","16.8","9.5","1001.6","1013.3"
"2026-09-08","05:27:22","Clear","Wet","Dark","1.2","20.6","3072","57232","22.0","31%","26.2","","Opened","7.267","18","Safe","Calm","0.0","72","16.7","9.5","1001.6","1013.2"
"2026-09-08","05:27:32","Clear","Wet","Dark","1.2","20.6","3072","57232","21.9","31%","26.2","","Opened","7.317","18","Safe","Calm","0.0","72","16.7","9.5","1001.6","1013.3"
"2026-09-08","05:27:42","Clear","Wet","Dark","1.2","20.6","3072","57232","21.9","31%","26.2","","Opened","7.406","18","Safe","Calm","0.0","72","16.7","9.5","1001.6","1013.3"
"2026-09-08","05:27:52","Clear","Wet","Dark","1.2","20.5","3072","57232","21.9","31%","26.1","","Opened","7.352","18","Safe","Calm","0.0","72","16.7","9.5","1001.6","1013.2"
"2026-09-08","05:28:02","Clear","Wet","Dark","1.2","20.5","3072","57232","21.9","31%","26.1","","Opened","7.292","18","Safe","Calm","0.0","72","16.7","9.5","1001.6","1013.3"
"2026-09-08","05:28:12","Clear","Wet","Dark","1.3","20.5","3072","57232","21.8","31%","26.1","","Opened","7.355","18","Safe","Calm","0.0","72","16.6","9.5","1001.6","1013.2"
"2026-09-08","05:28:22","Clear","Wet","Dark","1.2","20.5","3073","57232","21.8","31%","26.2","Heating DOWN","Opened","7.447","18","Safe","Calm","0.0","72","16.6","9.4","1001.5","1013.2"
"2026-09-08","05:28:32","Clear","Dry","Dark","1.3","20.5","3200","57232","21.8","30%","26.2","Heating DOWN","Opened","7.432","18","Safe","Calm","0.0","72","16.6","9.5","1001.6","1013.2"
"2026-09-08","05:28:42","Clear","Dry","Dark","1.3","20.5","3200","57232","21.8","30%","26.2","Heating DOWN","Opened","7.581","18","Safe","Calm","0.0","72","16.6","9.5","1001.6","1013.3"
"2026-09-08","05:28:52","Clear","Wet","Dark","1.3","20.5","3114","57232","21.8","29%","26.2","Heating DOWN","Opened","7.431","18","Safe","Calm","0.0","72","16.6","9.5","1001.5","1013.2"
"2026-09-08","05:29:02","Clear","Wet","Dark","1.3","20.5","3072","57232","21.8","28%","26.1","","Opened","7.285","18","Safe","Calm","0.0","72","16.6","9.5","1001.6","1013.2"
"2026-09-08","05:29:12","Clear","Wet","Dark","1.4","20.5","3072","57232","21.7","28%","26.1","Heating DOWN","Opened","7.469","18","Safe","Calm","0.0","72","16.6","9.5","1001.5","1013.2"
"2026-09-08","05:29:22","Clear","Wet","Dark","1.4","20.5","3136","57232","21.7","27%","26.0","","Opened","7.329","18","Safe","Calm","0.0","72","16.5","9.5","1001.6","1013.2"
"2026-09-08","05:29:32","Clear","Wet","Dark","1.2","20.5","3136","57232","21.7","27%","26.0","","Opened","7.269","18","Safe","Calm","0.0","72","16.6","9.4","1001.5","1013.2"
"2026-09-08","05:29:42","Clear","Wet","Dark","1.4","20.5","3136","57232","21.7","27%","26.0","","Opened","7.483","18","Safe","Calm","0.0","72","16.6","9.6","1001.6","1013.2"
"2026-09-08","05:29:52","Clear","Wet","Dark","1.4","20.5","3136","57232","21.7","27%","25.9","","Opened","7.296","18","Safe","Calm","0.0","72","16.5","9.5","1001.5","1013.2"
"2026-09-08","05:30:02","Clear","Wet","Dark","1.3","20.5","3136","57232","21.7","27%","25.9","","Opened","7.367","18","Safe","Calm","0.0","73","16.6","9.5","1001.6","1013.2"
"2026-09-08","05:30:12","Clear","Wet","Dark","1.3","20.5","3116","57232","21.7","27%","25.9","","Opened","7.298","18","Safe","Calm","0.0","73","16.5","9.4","1001.5","1013.2"
"2026-09-08","05:30:22","Clear","Wet","Dark","1.2","20.4","3115","57232","21.6","27%","25.9","","Opened","7.375","18","Safe","Calm","0.0","73","16.5","9.4","1001.6","1013.2"
"2026-09-08","05:30:32","Clear","Wet","Dark","1.4","20.4","3098","57232","21.6","27%","25.8","","Opened","7.325","18","Safe","Calm","0.0","73","16.5","9.5","1001.5","1013.2"
"2026-09-08","05:30:42","Clear","Wet","Dark","1.4","20.4","3115","57232","21.6","27%","25.8","","Opened","7.427","18","Safe","Calm","0.0","73","16.6","9.5","1001.6","1013.2"
"2026-09-08","05:30:52","Clear","Wet","Dark","1.3","20.4","3105","57232","21.6","27%","25.8","","Opened","7.360","18","Safe","Calm","0.0","73","16.5","9.4","1001.6","1013.2"
"2026-09-08","05:31:02","Clear","Wet","Dark","1.3","20.4","3072","57232","21.6","27%","25.8","","Opened","7.317","18","Safe","Calm","0.0","73","16.5","9.4","1001.6","1013.2"
"2026-09-08","05:31:12","Clear","Wet","Dark","1.3","20.4","3072","57232","21.6","27%","25.7","","Opened","7.252","18","Safe","Calm","0.0","73","16.5","9.3","1001.6","1013.2"
"2026-09-08","05:31:22","Clear","Wet","Dark","1.4","20.4","3072","57232","21.6","27%","25.7","","Opened","7.343","18","Safe","Calm","0.0","73","16.6","9.4","1001.6","1013.2"
"2026-09-08","05:31:32","Clear","Wet","Dark","1.3","20.4","3072","57232","21.6","27%","25.7","","Opened","7.290","18","Safe","Calm","0.0","73","16.6","9.4","1001.5","1013.2"
"2026-09-08","05:31:42","Clear","Wet","Dark","1.3","20.4","3072","57232","21.5","27%","25.6","","Opened","7.492","18","Safe","Calm","0.0","73","16.6","9.3","1001.6","1013.3"
"2026-09-08","05:31:52","Clear","Wet","Dark","1.3","20.4","3072","57232","21.6","27%","25.6","","Opened","7.312","18","Safe","Calm","0.0","73","16.6","9.4","1001.5","1013.2"
"2026-09-08","05:32:02","Clear","Wet","Dark","1.3","20.4","3072","57232","21.5","27%","25.6","","Opened","7.389","18","Safe","Calm","0.0","74","16.6","9.4","1001.5","1013.2"
"2026-09-08","05:32:12","Clear","Wet","Dark","1.3","20.4","3072","57232","21.5","27%","25.5","","Opened","7.324","18","Safe","Calm","0.0","74","16.6","9.4","1001.4","1013.1"
"2026-09-08","05:32:22","Clear","Wet","Dark","1.3","20.3","3072","57232","21.5","27%","25.5","","Opened","7.285","18","Safe","Calm","0.0","74","16.7","9.3","1001.4","1013.1"
"2026-09-08","05:32:32","Clear","Wet","Dark","1.2","20.4","3072","57232","21.5","27%","25.4","","Opened","7.366","18","Safe","Calm","0.0","74","16.6","9.3","1001.5","1013.2"
"2026-09-08","05:32:42","Clear","Wet","Dark","1.3","20.3","3072","57232","21.5","27%","25.3","","Opened","7.459","18","Safe","Calm","0.0","74","16.6","9.3","1001.4","1013.1"
"2026-09-08","05:32:52","Clear","Wet","Dark","1.2","20.3","3072","57232","21.4","27%","25.4","","Opened","7.278","18","Safe","Calm","0.0","74","16.7","9.2","1001.5","1013.2"
"2026-09-08","05:33:02","Clear","Wet","Dark","1.4","20.3","3072","57232","21.4","27%","25.4","","Opened","7.350","18","Safe","Calm","0.0","74","16.6","9.4","1001.6","1013.2"
"2026-09-08","05:33:12","Clear","Wet","Dark","1.3","20.3","3072","57232","21.4","27%","25.4","","Opened","7.283","18","Safe","Calm","0.0","74","16.6","9.3","1001.5","1013.2"
"2026-09-08","05:33:22","Clear","Wet","Dark","1.2","20.3","3072","57232","21.4","27%","25.4","","Opened","7.372","18","Safe","Calm","0.0","74","16.7","9.2","1001.5","1013.2"
"2026-09-08","05:33:32","Clear","Wet","Dark","1.3","20.3","3072","57232","21.4","27%","25.4","","Opened","7.306","18","Safe","Calm","0.0","74","16.7","9.3","1001.5","1013.2"
"2026-09-08","05:33:42","Clear","Wet","Dark","1.4","20.3","3072","57232","21.4","27%","25.4","","Opened","7.521","18","Safe","Calm","0.0","74","16.6","9.4","1001.4","1013.1"
"2026-09-08","05:33:52","Clear","Wet","Dark","1.3","20.3","3072","57232","21.4","27%","25.4","","Opened","7.331","18","Safe","Calm","0.0","74","16.6","9.3","1001.4","1013.1"
"2026-09-08","05:34:02","Clear","Wet","Dark","1.3","20.2","3072","57232","21.4","27%","25.3","","Opened","7.292","18","Safe","Calm","0.0","74","16.7","9.3","1001.5","1013.2"
"2026-09-08","05:34:12","Clear","Wet","Dark","1.4","20.3","3072","57232","21.4","27%","25.2","","Opened","7.342","18","Safe","Calm","0.0","74","16.6","9.3","1001.5","1013.2"
"2026-09-08","05:34:22","Clear","Wet","Dark","1.3","20.2","3072","57232","21.3","27%","25.2","","Opened","7.328","18","Safe","Calm","0.0","74","16.6","9.3","1001.5","1013.2"
"2026-09-08","05:34:32","Clear","Wet","Dark","1.4","20.2","3072","57232","21.4","27%","25.2","","Opened","7.268","18","Safe","Calm","0.0","74","16.6","9.3","1001.5","1013.2"
"2026-09-08","05:34:42","Clear","Wet","Dark","1.3","20.2","3072","57232","21.3","27%","25.2","","Opened","7.494","18","Safe","Calm","0.0","74","16.6","9.2","1001.4","1013.1"
"2026-09-08","05:34:52","Clear","Wet","Dark","1.4","20.2","3072","57232","21.3","27%","25.2","","Opened","7.300","18","Safe","Calm","0.0","74","16.6","9.3","1001.5","1013.2"
"2026-09-08","05:35:02","Clear","Wet","Dark","1.4","20.2","3072","57232","21.3","27%","25.2","","Opened","7.377","18","Safe","Calm","0.0","75","16.6","9.4","1001.5","1013.2"
"2026-09-08","05:35:12","Clear","Wet","Dark","1.5","20.2","3072","57232","21.3","27%","25.2","","Opened","7.321","18","Safe","Calm","0.0","75","16.6","9.4","1001.5","1013.2"
"2026-09-08","05:35:22","Clear","Wet","Dark","1.4","20.2","3072","57232","21.3","27%","25.1","","Opened","7.274","18","Safe","Calm","0.0","75","16.6","9.3","1001.4","1013.1"
"2026-09-08","05:35:32","Clear","Wet","Dark","1.4","20.2","3072","57232","21.3","27%","25.2","","Opened","7.349","18","Safe","Calm","0.0","75","16.6","9.3","1001.4","1013.1"
"2026-09-08","05:35:42","Clear","Wet","Dark","1.3","20.2","3072","57232","21.3","27%","25.2","","Opened","7.451","18","Safe","Calm","0.0","74","16.6","9.3","1001.4","1013.1"
"2026-09-08","05:35:52","Clear","Wet","Dark","1.4","20.2","3072","57232","21.3","27%","25.1","","Opened","7.386","18","Safe","Calm","0.0","75","16.6","9.3","1001.4","1013.1"
"2026-09-08","05:36:02","Clear","Wet","Dark","1.3","20.1","3072","57232","21.3","27%","25.1","","Opened","7.341","18","Safe","Calm","0.0","74","16.6","9.3","1001.5","1013.2"
"2026-09-08","05:36:12","Clear","Wet","Dark","1.4","20.1","3072","57232","21.2","27%","25.1","","Opened","7.270","18","Safe","Calm","0.0","75","16.5","9.3","1001.4","1013.1"
"2026-09-08","05:36:22","Clear","Wet","Dark","1.4","20.1","3072","57232","21.2","27%","25.1","","Opened","7.360","18","Safe","Calm","0.0","74","16.5","9.3","1001.4","1013.1"
"2026-09-08","05:36:32","Clear","Wet","Dark","1.4","20.1","3072","57232","21.3","27%","25.1","","Opened","7.326","18","Safe","Calm","0.0","74","16.5","9.3","1001.4","1013.1"
"2026-09-08","05:36:42","Clear","Wet","Dark","1.4","20.1","3072","57232","21.2","27%","25.2","","Opened","7.417","18","Safe","Calm","0.0","74","16.5","9.3","1001.4","1013.1"
"2026-09-08","05:36:52","Clear","Wet","Dark","1.4","20.1","3072","57232","21.2","27%","25.1","","Opened","7.358","18","Safe","Calm","0.0","74","16.5","9.3","1001.4","1013.1"
"2026-09-08","05:37:02","Clear","Wet","Dark","1.4","20.1","3072","57232","21.2","27%","25.2","","Opened","7.306","18","Safe","Calm","0.0","74","16.5","9.3","1001.5","1013.2"
"2026-09-08","05:37:12","Clear","Wet","Dark","1.5","20.1","3072","57232","21.2","27%","25.2","","Opened","7.365","18","Safe","Calm","0.0","74","16.5","9.3","1001.4","1013.1"
"2026-09-08","05:37:22","Clear","Wet","Dark","1.4","20.1","3072","57232","21.2","27%","25.1","","Opened","7.326","18","Safe","Calm","0.0","75","16.5","9.3","1001.5","1013.2"
"2026-09-08","05:37:32","Clear","Wet","Dark","1.5","20.1","3072","57232","21.2","27%","25.1","","Opened","7.264","18","Safe","Calm","0.0","74","16.5","9.3","1001.4","1013.1"
"2026-09-08","05:37:42","Clear","Wet","Dark","1.6","20.1","3072","57232","21.2","27%","25.1","","Opened","7.458","18","Safe","Calm","0.0","74","16.5","9.4","1001.4","1013.1"
"2026-09-08","05:37:52","Clear","Wet","Dark","1.4","20.1","3072","57232","21.2","27%","25.1","","Opened","7.283","18","Safe","Calm","0.0","74","16.5","9.3","1001.4","1013.1"
"2026-09-08","05:38:02","Clear","Wet","Dark","1.4","20.1","3072","57232","21.2","27%","25.1","","Opened","7.374","18","Safe","Calm","0.0","74","16.5","9.3","1001.4","1013.1"
"2026-09-08","05:38:12","Clear","Wet","Dark","1.4","20.1","3072","57232","21.2","27%","25.2","","Opened","7.314","18","Safe","Calm","0.0","74","16.5","9.2","1001.4","1013.1"
"2026-09-08","05:38:22","Clear","Wet","Dark","1.4","20.1","3072","57232","21.2","27%","25.2","","Opened","7.387","18","Safe","Calm","0.0","74","16.5","9.2","1001.4","1013.1"
"2026-09-08","05:38:32","Clear","Wet","Dark","1.4","20.1","3072","57232","21.2","27%","25.2","","Opened","7.345","18","Safe","Calm","0.0","74","16.4","9.3","1001.5","1013.2"
"2026-09-08","05:38:42","Clear","Wet","Dark","1.5","20.1","3097","57232","21.1","27%","25.2","","Opened","7.435","18","Safe","Calm","0.0","74","16.4","9.3","1001.4","1013.1"
"2026-09-08","05:38:52","Clear","Wet","Dark","1.5","20.1","3104","57232","21.1","27%","25.2","Heat Impulse - Warming up","Opened","7.506","18","Safe","Calm","0.0","74","16.4","9.3","1001.4","1013.1"
"2026-09-08","05:39:02","Clear","Dry","Dark","1.6","20.1","3200","57232","21.2","100%","25.2","Heat Impulse - Warming up","Opened","7.376","18","Safe","Calm","0.0","74","16.4","9.4","1001.4","1013.1"
"2026-09-08","05:39:12","Clear","Dry","Dark","1.5","20.1","3200","57232","21.1","100%","25.5","Heat Impulse - Warming up","Opened","7.302","18","Safe","Calm","0.0","74","16.4","9.3","1001.4","1013.1"
"2026-09-08","05:39:22","Clear","Dry","Dark","1.5","20.0","3200","57232","21.1","100%","26.1","Heat Impulse - Warming up","Opened","7.267","18","Safe","Calm","0.0","74","16.4","9.4","1001.4","1013.1"
"2026-09-08","05:39:32","Clear","Dry","Dark","1.6","20.1","3200","57232","21.1","100%","26.6","Heat Impulse - Warming up","Opened","7.356","18","Safe","Calm","0.0","74","16.4","9.4","1001.4","1013.1"
"2026-09-08","05:39:42","Clear","Dry","Dark","1.6","20.1","3200","57232","21.1","100%","27.1","Heat Impulse - Warming up","Opened","7.447","18","Safe","Calm","0.0","74","16.4","9.5","1001.4","1013.1"
"2026-09-08","05:39:52","Clear","Dry","Dark","1.5","20.1","3200","57232","21.1","100%","27.7","Heat Impulse - Warming up","Opened","7.384","18","Safe","Calm","0.0","74","16.4","9.3","1001.4","1013.1"
"2026-09-08","05:40:02","Clear","Dry","Dark","1.7","20.1","3200","57232","21.1","100%","28.2","Heat Impulse - Warming up","Opened","7.341","18","Safe","Calm","0.0","74","16.4","9.5","1001.4","1013.1"
"2026-09-08","05:40:12","Clear","Dry","Dark","1.7","20.1","3200","57232","21.1","100%","28.7","Heat Impulse - Warming up","Opened","7.265","18","Safe","Calm","0.0","74","16.4","9.5","1001.4","1013.1"
"2026-09-08","05:40:22","Clear","Dry","Dark","1.6","20.1","3200","57232","21.1","100%","29.2","Heat Impulse - Warming up","Opened","7.357","18","Safe","Calm","0.0","74","16.4","9.4","1001.4","1013.1"
"2026-09-08","05:40:32","Clear","Dry","Dark","1.7","20.1","3200","57232","21.1","100%","29.7","Heat Impulse - Warming up","Opened","7.314","18","Safe","Calm","0.0","74","16.4","9.5","1001.4","1013.1"
"2026-09-08","05:40:42","Clear","Dry","Dark","1.6","20.1","3200","57232","21.1","100%","30.0","Heat Impulse - Warming up","Opened","7.527","18","Safe","Calm","0.0","74","16.4","9.5","1001.4","1013.1"
"2026-09-08","05:40:52","Clear","Dry","Dark","1.8","20.2","3200","57232","21.1","100%","30.4","Heat Impulse - Warming up","Opened","7.342","18","Safe","Calm","0.0","74","16.4","9.6","1001.4","1013.1"
"2026-09-08","05:41:02","Clear","Dry","Dark","2.1","20.2","3200","57232","21.1","100%","30.6","Heat Impulse - Warming up","Opened","7.303","18","Safe","Calm","0.0","74","16.4","9.9","1001.5","1013.2"
"2026-09-08","05:41:12","Clear","Dry","Dark","1.8","20.3","3200","57232","21.1","100%","30.9","Heat Impulse - Warming up","Opened","7.360","18","Safe","Calm","0.0","74","16.4","9.6","1001.4","1013.1"
"2026-09-08","05:41:22","Clear","Dry","Dark","2.0","20.3","3200","57232","21.1","100%","31.3","Heat Impulse - Holding for 60s","Opened","7.311","18","Safe","Calm","0.0","74","16.4","9.8","1001.4","1013.1"
"2026-09-08","05:41:32","Clear","Dry","Dark","1.8","20.3","3200","57232","21.1","100%","31.6","Heat Impulse - Holding for 60s","Opened","7.398","18","Safe","Calm","0.0","74","16.4","9.7","1001.4","1013.1"
"2026-09-08","05:41:42","Clear","Dry","Dark","2.1","20.4","3200","57232","21.1","99%","31.8","Heat Impulse - Holding for 60s","Opened","7.541","18","Safe","Calm","0.0","74","16.4","9.9","1001.4","1013.1"
"2026-09-08","05:41:52","Clear","Wet","Dark","2.2","20.5","3179","57232","21.1","97%","32.0","Heat Impulse - Holding for 60s","Opened","7.397","18","Safe","Calm","0.0","74","16.4","10.0","1001.4","1013.1"
"2026-09-08","05:42:02","Clear","Dry","Dark","2.1","20.5","3200","57232","21.1","95%","32.1","Heat Impulse - Holding for 60s","Opened","7.399","18","Safe","Calm","0.0","74","16.4","9.9","1001.5","1013.2"
"2026-09-08","05:42:12","Clear","Wet","Dark","2.0","20.6","3188","57232","21.2","93%","32.3","Heat Impulse - Holding for 60s","Opened","7.501","18","Safe","Calm","0.0","74","16.4","9.9","1001.4","1013.1"
"2026-09-08","05:42:22","Clear","Dry","Dark","2.0","20.7","3200","57232","21.2","89%","32.4","Heating DOWN","Opened","7.486","18","Safe","Calm","0.0","74","16.4","9.8","1001.4","1013.1"
"2026-09-08","05:42:32","Clear","Dry","Dark","2.3","20.7","3200","57232","21.2","69%","32.4","Heating DOWN","Opened","7.496","18","Safe","Calm","0.0","74","16.4","10.2","1001.4","1013.1"
"2026-09-08","05:42:42","Clear","Dry","Dark","2.1","20.8","3200","57232","21.2","49%","32.4","Heating DOWN","Opened","7.617","18","Safe","Calm","0.0","74","16.5","9.9","1001.4","1013.1"
"2026-09-08","05:42:52","Clear","Dry","Dark","2.1","20.9","3200","57232","21.2","29%","32.2","","Opened","7.355","18","Safe","Calm","0.0","74","16.5","10.0","1001.4","1013.1"
"2026-09-08","05:43:02","Clear","Dry","Dark","2.0","20.9","3200","57232","21.2","29%","31.9","","Opened","7.311","18","Safe","Calm","0.0","75","16.5","9.8","1001.4","1013.1"
"2026-09-08","05:43:12","Clear","Dry","Dark","2.2","20.9","3200","57232","21.2","29%","31.5","","Opened","7.374","18","Safe","Calm","0.0","75","16.5","10.1","1001.4","1013.1"
"2026-09-08","05:43:22","Clear","Dry","Dark","1.9","21.0","3200","57232","21.2","29%","31.1","","Opened","7.325","18","Safe","Calm","0.0","75","16.5","9.8","1001.4","1013.1"
"2026-09-08","05:43:32","Clear","Dry","Dark","1.9","21.0","3200","57232","21.3","29%","30.8","","Opened","7.264","18","Safe","Calm","0.0","75","16.6","9.8","1001.4","1013.1"
"2026-09-08","05:43:42","Clear","Dry","Dark","2.1","21.1","3200","57232","21.3","29%","30.5","","Opened","7.485","18","Safe","Calm","0.0","75","16.6","10.0","1001.4","1013.1"
"2026-09-08","05:43:52","Clear","Dry","Dark","2.0","21.1","3200","57232","21.3","29%","30.2","","Opened","7.313","18","Safe","Calm","0.0","75","16.6","9.9","1001.3","1013.0"
"2026-09-08","05:44:02","Clear","Dry","Dark","2.1","21.1","3200","57232","21.3","29%","29.9","","Opened","7.272","18","Safe","Calm","0.0","75","16.6","10.0","1001.4","1013.1"
"2026-09-08","05:44:12","Clear","Dry","Dark","2.0","21.2","3200","57232","21.3","29%","29.6","","Opened","7.329","18","Safe","Calm","0.0","75","16.6","9.9","1001.4","1013.1"
"2026-09-08","05:44:22","Clear","Dry","Dark","1.8","21.2","3200","57232","21.3","29%","29.4","","Opened","7.291","18","Safe","Calm","0.0","75","16.6","9.8","1001.4","1013.0"
"2026-09-08","05:44:32","Clear","Dry","Dark","1.9","21.2","3200","57232","21.3","29%","29.2","","Opened","7.368","18","Safe","Calm","0.0","75","16.6","9.9","1001.4","1013.0"
"2026-09-08","05:44:42","Clear","Dry","Dark","2.0","21.2","3200","57232","21.4","29%","29.0","","Opened","7.462","18","Safe","Calm","0.0","74","16.6","9.9","1001.3","1013.0"
"2026-09-08","05:44:52","Clear","Dry","Dark","1.8","21.2","3200","57232","21.4","29%","28.9","","Opened","7.267","18","Safe","Calm","0.0","74","16.6","9.8","1001.4","1013.1"
"2026-09-08","05:45:02","Clear","Dry","Dark","1.8","21.2","3200","57232","21.4","29%","28.8","","Opened","7.358","18","Safe","Calm","0.0","74","16.6","9.8","1001.4","1013.0"
"2026-09-08","05:45:12","Clear","Dry","Dark","1.9","21.2","3200","57232","21.4","29%","28.7","","Opened","7.287","18","Safe","Calm","0.0","74","16.6","9.8","1001.4","1013.0"
"2026-09-08","05:45:22","Clear","Dry","Dark","1.8","21.2","3200","57232","21.4","29%","28.6","","Opened","7.368","18","Safe","Calm","0.0","74","16.7","9.8","1001.3","1013.0"
"2026-09-08","05:45:32","Clear","Dry","Dark","1.8","21.2","3200","57232","21.4","29%","28.5","","Opened","7.323","18","Safe","Calm","0.0","74","16.6","9.7","1001.3","1013.0"
"2026-09-08","05:45:42","Clear","Dry","Dark","1.8","21.2","3200","57232","21.4","29%","28.3","","Opened","7.404","18","Safe","Calm","0.0","74","16.7","9.8","1001.3","1013.0"
"2026-09-08","05:45:52","Clear","Dry","Dark","1.9","21.2","3200","57232","21.4","29%","28.1","","Opened","7.342","18","Safe","Calm","0.0","74","16.6","9.9","1001.3","1013.0"
"2026-09-08","05:46:02","Clear","Dry","Dark","1.7","21.2","3200","57232","21.4","29%","28.0","","Opened","7.298","18","Safe","Calm","0.0","74","16.6","9.7","1001.4","1013.0"
"2026-09-08","05:46:12","Clear","Dry","Dark","1.7","21.2","3200","57232","21.4","29%","27.9","","Opened","7.366","18","Safe","Calm","0.0","74","16.6","9.7","1001.3","1013.0"
"2026-09-08","05:46:22","Clear","Dry","Dark","1.8","21.2","3200","57232","21.4","29%","27.9","Heating DOWN","Opened","7.449","18","Safe","Calm","0.0","74","16.6","9.8","1001.3","1013.0"
"2026-09-08","05:46:32","Clear","Dry","Dark","1.8","21.2","3200","57232","21.5","23%","27.7","","Opened","7.323","18","Safe","Calm","0.0","74","16.7","9.9","1001.3","1013.0"
"2026-09-08","05:46:42","Clear","Dry","Dark","1.7","21.2","3200","57232","21.5","23%","27.5","","Opened","7.418","18","Safe","Calm","0.0","74","16.6","9.8","1001.4","1013.0"
"2026-09-08","05:46:52","Clear","Dry","Dark","1.7","21.2","3200","57232","21.5","23%","27.4","","Opened","7.362","18","Safe","Calm","0.0","74","16.6","9.8","1001.4","1013.0"
"2026-09-08","05:47:02","Clear","Dry","Dark","1.7","21.2","3200","57232","21.5","23%","27.4","Heating DOWN","Opened","7.432","18","Safe","Calm","0.0","74","16.6","9.8","1001.4","1013.0"
"2026-09-08","05:47:12","Clear","Dry","Dark","1.7","21.2","3200","57232","21.5","19%","27.3","","Opened","7.285","18","Safe","Calm","0.0","74","16.7","9.7","1001.4","1013.0"
"2026-09-08","05:47:22","Clear","Dry","Dark","1.8","21.1","3200","57232","21.5","19%","27.2","","Opened","7.365","18","Safe","Calm","0.0","74","16.7","9.9","1001.4","1013.0"
"2026-09-08","05:47:32","Clear","Dry","Dark","1.7","21.1","3200","57232","21.5","19%","27.1","","Opened","7.306","18","Safe","Calm","0.0","74","16.7","9.8","1001.4","1013.1"
"2026-09-08","05:47:42","Clear","Wet","Dark","1.9","21.2","3196","57232","21.5","19%","26.9","","Opened","7.499","18","Safe","Calm","0.0","74","16.7","9.9","1001.3","1013.0"
"2026-09-08","05:47:52","Clear","Wet","Dark","1.8","21.1","3168","57232","21.5","19%","26.7","","Opened","7.319","18","Safe","Calm","0.0","74","16.7","9.8","1001.4","1013.1"
"2026-09-08","05:48:02","Clear","Wet","Dark","1.7","21.1","3157","57232","21.5","19%","26.6","","Opened","7.271","18","Safe","Calm","0.0","74","16.7","9.8","1001.4","1013.1"
"2026-09-08","05:48:12","Clear","Wet","Dark","1.8","21.1","3157","57232","21.6","19%","26.5","","Opened","7.345","18","Safe","Calm","0.0","74","16.7","9.8","1001.4","1013.0"
"2026-09-08","05:48:22","Clear","Wet","Dark","1.7","21.1","3157","57232","21.5","19%","26.5","Heating DOWN","Opened","7.435","18","Safe","Calm","0.0","74","16.7","9.8","1001.3","1013.0"
"2026-09-08","05:48:32","Clear","Wet","Dark","1.7","21.1","3168","57232","21.6","17%","26.4","","Opened","7.300","18","Safe","Calm","0.0","74","16.7","9.8","1001.4","1013.0"
"2026-09-08","05:48:42","Clear","Wet","Dark","1.7","21.1","3168","57232","21.6","17%","26.3","","Opened","7.516","18","Safe","Calm","0.0","74","16.7","9.8","1001.3","1013.0"
"2026-09-08","05:48:52","Clear","Wet","Dark","1.7","21.1","3160","57232","21.6","17%","26.3","Heating DOWN","Opened","7.462","18","Safe","Calm","0.0","74","16.7","9.8","1001.4","1013.0"
"2026-09-08","05:49:02","Clear","Wet","Dark","1.8","21.1","3136","57232","21.6","15%","26.2","","Opened","7.323","18","Safe","Calm","0.0","74","16.7","9.9","1001.4","1013.0"
"2026-09-08","05:49:12","Clear","Wet","Dark","1.7","21.1","3136","57232","21.6","15%","26.0","","Opened","7.262","18","Safe","Calm","0.0","74","16.7","9.8","1001.4","1013.0"
"2026-09-08","05:49:22","Clear","Wet","Dark","1.7","21.1","3136","57232","21.6","15%","26.0","Heating DOWN","Opened","7.454","18","Safe","Calm","0.0","74","16.7","9.8","1001.4","1013.0"
"2026-09-08","05:49:32","Clear","Dry","Dark","1.8","21.1","3200","57232","21.6","14%","25.8","","Opened","7.320","18","Safe","Calm","0.0","74","16.7","9.8","1001.3","1013.0"
"2026-09-08","05:49:42","Clear","Dry","Dark","1.7","21.1","3200","57232","21.6","14%","25.7","","Opened","7.416","18","Safe","Calm","0.0","74","16.7","9.8","1001.3","1013.0"
"2026-09-08","05:49:52","Clear","Dry","Dark","1.7","21.1","3200","57232","21.6","14%","25.6","","Opened","7.356","18","Safe","Calm","0.0","74","16.7","9.8","1001.3","1013.0"
"2026-09-08","05:50:02","Clear","Dry","Dark","1.6","21.0","3200","57232","21.6","14%","25.5","","Opened","7.307","18","Safe","Calm","0.0","74","16.8","9.7","1001.4","1013.0"
"2026-09-08","05:50:12","Clear","Dry","Dark","1.6","21.0","3200","57232","21.7","14%","25.5","","Opened","7.374","18","Safe","Calm","0.0","74","16.8","9.7","1001.4","1013.0"
"2026-09-08","05:50:22","Clear","Dry","Dark","1.6","21.0","3200","57232","21.7","14%","25.4","Heating UP","Opened","7.440","18","Safe","Calm","0.0","74","16.8","9.7","1001.3","1013.0"
"2026-09-08","05:50:32","Clear","Wet","Dark","1.6","21.0","3072","57232","21.7","15%","25.3","Heating UP","Opened","7.431","18","Safe","Calm","0.0","74","16.8","9.7","1001.4","1013.0"
"2026-09-08","05:50:42","Clear","Wet","Dark","1.6","21.0","3072","57232","21.7","16%","25.3","Heating UP","Opened","7.564","18","Safe","Calm","0.0","74","16.8","9.7","1001.4","1013.0"
"2026-09-08","05:50:52","Clear","Wet","Dark","1.5","21.0","3136","57232","21.7","17%","25.2","Heating UP","Opened","7.418","18","Safe","Calm","0.0","74","16.8","9.7","1001.4","1013.0"
"2026-09-08","05:51:02","Clear","Wet","Dark","1.5","20.9","3114","57232","21.7","19%","25.2","Heating UP","Opened","7.412","18","Safe","Calm","0.0","74","16.8","9.7","1001.4","1013.0"
"2026-09-08","05:51:12","Clear","Wet","Dark","1.5","20.9","3136","57232","21.7","21%","25.1","Heating UP","Opened","7.389","18","Safe","Calm","0.0","74","16.8","9.6","1001.4","1013.0"
"2026-09-08","05:51:22","Clear","Wet","Dark","1.5","20.9","3136","57232","21.7","23%","25.1","Heating UP","Opened","7.400","18","Safe","Calm","0.0","74","16.8","9.7","1001.4","1013.0"
"2026-09-08","05:51:32","Clear","Wet","Dark","1.5","20.9","3136","57232","21.7","25%","25.1","Heating UP","Opened","7.399","18","Safe","Calm","0.0","73","16.8","9.6","1001.3","1013.0"
"2026-09-08","05:51:42","Clear","Wet","Dark","1.5","20.9","3136","57232","21.7","27%","25.1","Heating UP","Opened","7.650","18","Safe","Calm","0.0","73","16.7","9.6","1001.4","1013.0"
"2026-09-08","05:51:52","Clear","Wet","Dark","1.4","20.9","3136","57232","21.7","29%","25.1","Heating UP","Opened","7.519","18","Safe","Calm","0.0","73","16.7","9.6","1001.4","1013.0"
"2026-09-08","05:52:02","Clear","Dry","Dark","1.5","20.8","3200","57232","21.7","31%","25.3","","Opened","7.387","18","Safe","Calm","0.0","73","16.7","9.6","1001.3","1013.0"
"2026-09-08","05:52:12","Clear","Dry","Dark","1.5","20.8","3200","57232","21.7","31%","25.4","","Opened","7.318","18","Safe","Calm","0.0","73","16.7","9.7","1001.3","1013.0"
"2026-09-08","05:52:22","Clear","Dry","Dark","1.3","20.8","3200","57232","21.7","31%","25.5","","Opened","7.381","18","Safe","Calm","0.0","73","16.7","9.5","1001.3","1013.0"
"2026-09-08","05:52:32","Clear","Dry","Dark","1.4","20.8","3200","57232","21.7","31%","25.5","","Opened","7.335","18","Safe","Calm","0.0","73","16.7","9.5","1001.3","1013.0"
"2026-09-08","05:52:42","Clear","Dry","Dark","1.3","20.8","3200","57232","21.7","31%","25.7","","Opened","7.421","18","Safe","Calm","0.0","73","16.7","9.5","1001.3","1013.0"
"2026-09-08","05:52:52","Clear","Dry","Dark","1.3","20.7","3200","57232","21.7","31%","25.8","","Opened","7.371","18","Safe","Calm","0.0","73","16.7","9.5","1001.3","1013.0"
"2026-09-08","05:53:02","Clear","Dry","Dark","1.3","20.7","3200","57232","21.7","31%","25.8","","Opened","7.333","18","Safe","Calm","0.0","73","16.7","9.5","1001.4","1013.0"
"2026-09-08","05:53:12","Clear","Dry","Dark","1.3","20.7","3200","57232","21.7","31%","25.9","","Opened","7.267","18","Safe","Calm","0.0","73","16.7","9.5","1001.3","1013.0"
"2026-09-08","05:53:22","Clear","Dry","Dark","1.3","20.7","3200","57232","21.7","31%","25.9","","Opened","7.346","18","Safe","Calm","0.0","73","16.6","9.5","1001.4","1013.0"
"2026-09-08","05:53:32","Clear","Dry","Dark","1.3","20.7","3200","57232","21.7","31%","26.0","","Opened","7.291","18","Safe","Calm","0.0","73","16.6","9.5","1001.3","1013.0"
"2026-09-08","05:53:42","Clear","Dry","Dark","1.4","20.7","3200","57232","21.7","31%","26.1","Heating DOWN","Opened","7.646","18","Safe","Calm","0.0","73","16.6","9.5","1001.4","1013.1"
"2026-09-08","05:53:52","Clear","Dry","Dark","1.4","20.7","3200","57232","21.7","30%","26.1","Heating DOWN","Opened","7.488","18","Safe","Calm","0.0","73","16.6","9.5","1001.4","1013.0"
"2026-09-08","05:54:02","Clear","Wet","Dark","1.4","20.6","3168","57232","21.7","29%","26.1","Heating DOWN","Opened","7.484","18","Safe","Calm","0.0","73","16.6","9.5","1001.4","1013.1"
"2026-09-08","05:54:12","Clear","Wet","Dark","1.5","20.6","3143","57232","21.7","28%","26.1","Heating DOWN","Opened","7.490","18","Safe","Calm","0.0","73","16.5","9.6","1001.4","1013.0"
"2026-09-08","05:54:22","Clear","Dry","Dark","1.4","20.6","3200","57232","21.7","27%","26.0","","Opened","7.352","18","Safe","Calm","0.0","73","16.6","9.5","1001.3","1013.0"
"2026-09-08","05:54:32","Clear","Dry","Dark","1.4","20.6","3200","57232","21.7","27%","26.1","Heating DOWN","Opened","7.444","18","Safe","Calm","0.0","73","16.6","9.5","1001.3","1013.0"
"2026-09-08","05:54:42","Clear","Dry","Dark","1.3","20.6","3200","57232","21.7","26%","26.0","","Opened","7.447","18","Safe","Calm","0.0","73","16.6","9.5","1001.3","1013.0"
"2026-09-08","05:54:52","Clear","Dry","Dark","1.4","20.6","3200","57232","21.7","26%","26.0","","Opened","7.389","18","Safe","Calm","0.0","73","16.5","9.6","1001.3","1013.0"
"2026-09-08","05:55:02","Clear","Dry","Dark","1.5","20.6","3200","57232","21.7","26%","26.0","","Opened","7.337","18","Safe","Calm","0.0","73","16.5","9.7","1001.4","1013.0"
"2026-09-08","05:55:12","Clear","Dry","Dark","1.6","20.6","3200","57232","21.7","26%","25.9","","Opened","7.277","18","Safe","Calm","0.0","73","16.5","9.7","1001.4","1013.1"
"2026-09-08","05:55:22","Clear","Dry","Dark","1.6","20.6","3200","57232","21.7","26%","25.9","","Opened","7.352","18","Safe","Calm","0.0","73","16.6","9.8","1001.3","1013.0"
"2026-09-08","05:55:32","Clear","Dry","Dark","1.5","20.6","3200","57232","21.7","26%","25.8","","Opened","7.307","18","Safe","Calm","0.0","73","16.5","9.6","1001.3","1012.9"
"2026-09-08","05:55:42","Clear","Dry","Dark","1.5","20.7","3200","57232","21.7","26%","25.8","","Opened","7.523","18","Safe","Calm","0.0","73","16.6","9.6","1001.3","1013.0"
"2026-09-08","05:55:52","Clear","Dry","Dark","1.6","20.6","3200","57232","21.7","26%","25.8","","Opened","7.351","18","Safe","Calm","0.0","73","16.6","9.8","1001.3","1013.0"
"2026-09-08","05:56:02","Clear","Dry","Dark","1.4","20.7","3200","57232","21.7","26%","25.7","","Opened","7.293","18","Safe","Calm","0.0","73","16.6","9.6","1001.3","1012.9"
"2026-09-08","05:56:12","Clear","Dry","Dark","1.4","20.7","3200","57232","21.7","26%","25.7","","Opened","7.354","18","Safe","Calm","0.0","73","16.6","9.6","1001.3","1013.0"
"2026-09-08","05:56:22","Clear","Dry","Dark","1.5","20.7","3200","57232","21.7","26%","25.7","","Opened","7.292","18","Safe","Calm","0.0","73","16.6","9.7","1001.3","1012.9"
"2026-09-08","05:56:32","Clear","Dry","Dark","1.4","20.7","3200","57232","21.7","26%","25.6","","Opened","7.375","18","Safe","Calm","0.0","73","16.6","9.5","1001.4","1013.0"
"2026-09-08","05:56:42","Clear","Dry","Dark","1.4","20.7","3200","57232","21.7","26%","25.6","","Opened","7.464","18","Safe","Calm","0.0","73","16.6","9.6","1001.4","1013.0"
"2026-09-08","05:56:52","Clear","Dry","Dark","1.4","20.7","3200","57232","21.7","26%","25.6","","Opened","7.279","18","Safe","Calm","0.0","73","16.6","9.6","1001.3","1013.0"
"2026-09-08","05:57:02","Clear","Dry","Dark","1.6","20.7","3200","57232","21.7","26%","25.6","","Opened","7.365","18","Safe","Calm","0.0","73","16.7","9.7","1001.3","1013.0"
"2026-09-08","05:57:12","Clear","Dry","Dark","1.4","20.7","3200","57232","21.7","26%","25.6","","Opened","7.304","18","Safe","Calm","0.0","73","16.7","9.6","1001.3","1012.9"
"2026-09-08","05:57:22","Clear","Dry","Dark","1.5","20.7","3200","57232","21.7","26%","25.6","","Opened","7.382","18","Safe","Calm","0.0","73","16.7","9.6","1001.3","1012.9"
"2026-09-08","05:57:32","Clear","Dry","Dark","1.3","20.7","3200","57232","21.7","26%","25.6","","Opened","7.325","18","Safe","Calm","0.0","73","16.7","9.5","1001.4","1013.0"
"2026-09-08","05:57:42","Clear","Dry","Dark","1.6","20.7","3200","57232","21.7","26%","25.6","","Opened","7.413","18","Safe","Calm","0.0","73","16.7","9.7","1001.3","1012.9"
"2026-09-08","05:57:52","Clear","Dry","Dark","1.5","20.7","3200","57232","21.7","26%","25.6","","Opened","7.359","18","Safe","Calm","0.0","73","16.8","9.7","1001.3","1013.0"
"2026-09-08","05:58:02","Clear","Dry","Dark","1.3","20.7","3200","57232","21.7","26%","25.6","","Opened","7.316","18","Safe","Calm","0.0","73","16.7","9.5","1001.4","1013.1"
"2026-09-08","05:58:12","Clear","Dry","Dark","1.4","20.7","3200","57232","21.7","26%","25.7","","Opened","7.377","18","Safe","Calm","0.0","73","16.7","9.6","1001.3","1013.0"
"2026-09-08","05:58:22","Clear","Dry","Dark","1.4","20.7","3200","57232","21.7","26%","25.7","","Opened","7.335","18","Safe","Calm","0.0","73","16.8","9.6","1001.3","1013.0"
"2026-09-08","05:58:32","Clear","Dry","Dark","1.4","20.7","3200","57232","21.7","26%","25.7","","Opened","7.286","18","Safe","Calm","0.0","73","16.7","9.6","1001.3","1013.0"
"2026-09-08","05:58:42","Clear","Dry","Dark","1.4","20.7","3200","57232","21.7","26%","25.7","","Opened","7.519","18","Safe","Calm","0.0","73","16.7","9.5","1001.4","1013.0"
"2026-09-08","05:58:52","Clear","Dry","Dark","1.4","20.7","3200","57232","21.8","26%","25.7","","Opened","7.337","18","Safe","Calm","0.0","73","16.8","9.6","1001.3","1013.0"
"2026-09-08","05:59:02","Clear","Dry","Dark","1.4","20.7","3200","57232","21.8","26%","25.7","","Opened","7.261","18","Safe","Calm","0.0","73","16.7","9.6","1001.3","1013.0"
"2026-09-08","05:59:12","Clear","Dry","Dark","1.4","20.7","3200","57232","21.8","26%","25.7","","Opened","7.335","18","Safe","Calm","0.0","73","16.7","9.6","1001.3","1013.0"
"2026-09-08","05:59:22","Clear","Dry","Dark","1.4","20.7","3200","57232","21.7","26%","25.7","","Opened","7.272","18","Safe","Calm","0.0","73","16.7","9.5","1001.3","1013.0"
"2026-09-08","05:59:32","Clear","Dry","Dark","1.5","20.7","3200","57232","21.7","26%","25.7","","Opened","7.343","18","Safe","Calm","0.0","73","16.7","9.6","1001.3","1013.0"
"2026-09-08","05:59:42","Clear","Dry","Dark","1.4","20.6","3200","28588","21.7","26%","25.7","","Opened","7.445","18","Safe","Calm","0.0","73","16.7","9.5","1001.3","1013.0"
"2026-09-08","05:59:52","Clear","Dry","Dark","1.5","20.6","3200","57232","21.8","26%","25.8","","Opened","7.400","18","Safe","Calm","0.0","73","16.7","9.7","1001.3","1013.0"
