----------------------------------------------------------------------
--------------N.I.N.A. - Nighttime Imaging 'N' Astronomy--------------
--------------------------Version 3.2.0.9001--------------------------
-------------------------2026-09-02T19:59:23--------------------------
----------------------------------------------------------------------
---------------------Microsoft Windows 10.0.17763---------------------
-------------------------OS Architecture X64--------------------------
-----------------------Process Architecture X64-----------------------
-----------------------------.NET 8.0.21------------------------------
----------------------------------------------------------------------
--------------------------Processor Count 2---------------------------
--------------------Total Physical Memory 11.68 GB--------------------
----------------------------------------------------------------------
DATE|LEVEL|SOURCE|MEMBER|LINE|MESSAGE
2026-09-02T19:59:23.2139|INFO|CameraChooserVM.cs|GetEquipment|69|Found 1 ASI Cameras
2026-09-02T19:59:23.7888|INFO|CameraChooserVM.cs|GetEquipment|84|Found 1 Altair Cameras
2026-09-02T19:59:23.9586|INFO|CameraChooserVM.cs|GetEquipment|96|Found 0 Atik Cameras
2026-09-02T19:59:23.9654|INFO|CameraChooserVM.cs|GetEquipment|110|Found 0 FLI Cameras
2026-09-02T19:59:25.0216|INFO|CameraChooserVM.cs|GetEquipment|130|Found 2 QHYCCD Cameras
2026-09-02T19:59:25.3995|INFO|CameraChooserVM.cs|GetEquipment|158|Found 2 ToupTek Cameras
2026-09-02T19:59:25.4155|INFO|CameraChooserVM.cs|GetEquipment|173|Found 1 Ogma Cameras
2026-09-02T19:59:25.4441|INFO|CameraChooserVM.cs|GetEquipment|188|Found 2 Omegon Cameras
2026-09-02T19:59:25.7187|INFO|CameraChooserVM.cs|GetEquipment|203|Found 2 RisingCam Cameras
2026-09-02T19:59:25.7491|INFO|CameraChooserVM.cs|GetEquipment|218|Found 1 MallinCam Cameras
2026-09-02T19:59:25.7608|INFO|CameraChooserVM.cs|GetEquipment|243|Found 1 SVBony Cameras
2026-09-02T19:59:25.7644|INFO|CameraChooserVM.cs|GetEquipment|259|Found 0 SBIG Cameras
2026-09-02T19:59:25.9351|INFO|PluginLoader.cs|LoadPlugin|402|Successfully loaded plugin Connector version 2.1.0.2 by Stefan Berg @isbeorn
2026-09-02T19:59:26.4796|INFO|PluginLoader.cs|LoadPlugin|402|Successfully loaded plugin Digital StarGate Observatory Telemetry Exporter version 0.3.1.0 by Digital StarGate
2026-09-02T19:59:26.7392|INFO|PluginLoader.cs|LoadPlugin|402|Successfully loaded plugin Hocus Focus version 3.0.0.25 by George Hilios (jokogeo)
2026-09-02T19:59:26.7761|INFO|PluginLoader.cs|LoadPlugin|402|Successfully loaded plugin Remote Copy version 3.0.1.0 by Tom Palmer @tcpalmer
2026-09-02T19:59:27.2040|INFO|PluginLoader.cs|LoadPlugin|402|Successfully loaded plugin RTSP Client version 3.1.0.6 by Stefan Berg @isbeorn
2026-09-02T19:59:27.2566|INFO|PluginLoader.cs|LoadPlugin|402|Successfully loaded plugin Three Point Polar Alignment version 2.2.4.3 by Stefan Berg @isbeorn
2026-09-02T19:59:27.2779|INFO|PluginLoader.cs|LoadPlugin|402|Successfully loaded plugin WandererAstro Tools version 3.0.0.0 by WandererAstro
2026-09-02T19:59:28.4749|INFO|PluginFetcher.cs|RequestAll|43|Fetching plugin manifests from https://nighttime-imaging.eu/wp-json/nina/v1/plugins/manifests
2026-09-02T19:59:29.0276|INFO|CameraChooserVM.cs|GetEquipment|279|Found 0 SVBony Cameras
2026-09-02T19:59:29.0307|INFO|CameraChooserVM.cs|GetEquipment|279|Found 0 PlayerOne Cameras
2026-09-02T19:59:29.0414|INFO|CameraChooserVM.cs|GetEquipment|279|Found 0 ASTPAN Cameras
2026-09-02T19:59:29.0445|INFO|CameraChooserVM.cs|GetEquipment|293|Found 13 ASCOM Cameras
2026-09-02T19:59:29.4018|INFO|SwitchChooserVM.cs|GetEquipment|71|Found 0 Alpaca Switch Hubs
2026-09-02T19:59:29.4189|INFO|FocuserChooserVM.cs|GetEquipment|84|Found 0 Alpaca Focusers
2026-09-02T19:59:29.4202|INFO|FilterWheelChooserVM.cs|GetEquipment|193|Found 0 Alpaca Filter Wheels
2026-09-02T19:59:29.4851|INFO|WeatherDataChooserVM.cs|GetEquipment|69|Found 0 Alpaca Observing Conditions
2026-09-02T19:59:29.5083|INFO|FlatDeviceChooserVM.cs|GetEquipment|67|Found 0 Alpaca Cover Calibrators
2026-09-02T19:59:29.5164|INFO|SafetyMonitorChooserVM.cs|GetEquipment|71|Found 0 Alpaca Safety Monitors
2026-09-02T19:59:29.5640|INFO|TelescopeChooserVM.cs|GetEquipment|69|Found 0 Alpaca Telescopes
2026-09-02T19:59:30.7075|INFO|DomeChooserVM.cs|GetEquipment|67|Found 0 Alpaca Domes
2026-09-02T19:59:31.2604|INFO|PluginFetcher.cs|RequestAll|57|Found 93 valid plugins at https://nighttime-imaging.eu/wp-json/nina/v1/plugins/manifests
2026-09-02T19:59:32.1050|INFO|RotatorChooserVM.cs|GetEquipment|68|Found 0 Alpaca Rotators
2026-09-02T19:59:32.1156|INFO|CameraChooserVM.cs|GetEquipment|305|Found 0 Alpaca Cameras
2026-09-02T19:59:32.1192|INFO|CameraChooserVM.cs|GetEquipment|318|Found 0 Canon Cameras
2026-09-02T19:59:32.4152|INFO|ApplicationVM.cs|CheckASCOMPlatformVersion|81|ASCOM Platform 7.1.3.4851 installed
2026-09-02T19:59:32.7188|INFO|ApplicationVM.cs|CheckDiskInfo|100|Available Space on Drive C:\: 1.2 GB
2026-09-02T19:59:32.7192|INFO|ApplicationVM.cs|CheckDiskInfo|100|Available Space on Drive D:\: 331.67 GB
2026-09-02T19:59:48.4230|INFO|FlatDeviceVM.cs|Disconnect|289|Disconnected Flat Device
2026-09-02T19:59:54.3979|INFO|FlatDeviceVM.cs|Connect|241|Successfully connected flat device. Id: ASCOM.WandererCover1.CoverCalibrator Name: WandererEmpire Cover 1 DisplayName: WandererEmpire Cover 1 (ASCOM) Driver Version: 2.0
2026-09-02T20:00:05.7877|INFO|FlatDeviceVM.cs|SetBrightness|153|Setting brightness to 1
2026-09-02T20:00:13.5122|INFO|FlatDeviceVM.cs|SetBrightness|153|Setting brightness to 5
2026-09-02T20:00:39.2645|INFO|FlatDeviceVM.cs|SetBrightness|153|Setting brightness to 34
2026-09-02T20:00:53.6259|INFO|FlatDeviceVM.cs|SetBrightness|153|Setting brightness to 0
2026-09-02T20:01:01.7834|INFO|CameraVM.cs|Disconnect|650|Disconnected Camera
2026-09-02T20:01:01.7889|INFO|QHYCamera.cs|ConnectSync|766|QHYCCD: Connecting to 695A-M-0037ec709603ca4e3
2026-09-02T20:01:04.2610|INFO|FilterWheelVM.cs|Disconnect|333|Disconnected Filter Wheel
2026-09-02T20:01:04.5297|INFO|FilterWheelVM.cs|ChooseFW|279|Successfully connected Filter Wheel. Id: 695A-M-0037ec709603ca4e3 Name: 695A-M 8-Slot Filter Wheel DisplayName: 695A-M 8-Slot Filter Wheel Driver Version: 1.0
2026-09-02T20:01:06.9174|INFO|FocuserVM.cs|Disconnect|441|Disconnected Focuser
2026-09-02T20:01:07.4784|INFO|FocuserVM.cs|ChooseFocuser|333|Successfully connected Focuser. Id: ASCOM.PegasusAstro.Focuser Name: Pegasus Astro Focus Controller DisplayName: Pegasus Astro Focus Controller (ASCOM) Driver Version: 2.20
2026-09-02T20:02:27.1529|INFO|QHYCamera.cs|ConnectSync|1020|QHYCCD: SDK version: 25-4-23-15
2026-09-02T20:02:27.1533|INFO|QHYCamera.cs|ConnectSync|1021|QHYCCD: USB driver version: 
2026-09-02T20:02:27.1535|INFO|QHYCamera.cs|ConnectSync|1022|QHYCCD: Camera firmware version: 18-10-24
2026-09-02T20:02:27.1536|INFO|QHYCamera.cs|ConnectSync|1023|QHYCCD: Camera FPGA versions: N/A
2026-09-02T20:02:27.2214|INFO|CameraVM.cs|ChooseCamera|455|Successfully connected Camera. Id: 695A-M-0037ec709603ca4e3 Name: 695A-M DisplayName: 695A-M (603ca4e3)Driver Version: 
2026-09-02T20:03:09.7405|INFO|CameraVM.cs|CoolCamera|138|Cooling Camera. Target: -10 Duration: 00:05:00
2026-09-02T20:03:17.6641|INFO|TelescopeVM.cs|Disconnect|740|Disconnected mount
2026-09-02T20:03:17.8037|INFO|AscomTelescope.cs|CheckMountTime|845|Mount UTC Time: 2026-09-02 18:03:17Z / System UTC Time: 2026-09-02 18:03:17Z; Difference: 0.005 seconds
2026-09-02T20:03:17.8400|INFO|AscomTelescope.cs|CheckMountTime|865|Mount driver does not allow the mount's time to be set.
2026-09-02T20:03:17.8685|INFO|AscomDevice.cs|GetProperty|527|Property Telescope.SiteElevation GET is not implemented in this driver (CPWI_ASCOM_Telescope)
2026-09-02T20:03:18.2032|INFO|TelescopeVM.cs|ChooseTelescope|535|Successfully connected mount. Id: ASCOM.Optec ASCOM.Telescope Name: CPWI_ASCOM_Telescope DisplayName: CPWI_ASCOM_Telescope (ASCOM) Driver Version: 2.5.9.99  with DLL Assembly Date: July_1_2020
2026-09-02T20:03:20.5790|INFO|PHD2Guider.cs|Connect|205|Connecting to PHD2 server at 127.0.0.1:4400
2026-09-02T20:03:23.5137|INFO|WeatherDataVM.cs|Disconnect|305|Disconnected Weather Device
2026-09-02T20:03:25.4163|INFO|AscomDevice.cs|GetProperty|527|Property ObservingConditions.SkyBrightness GET is not implemented in this driver (CloudWatcher ObsCond)
2026-09-02T20:03:25.4250|INFO|AscomDevice.cs|GetProperty|527|Property ObservingConditions.SkyQuality GET is not implemented in this driver (CloudWatcher ObsCond)
2026-09-02T20:03:25.4377|INFO|AscomDevice.cs|GetProperty|527|Property ObservingConditions.StarFWHM GET is not implemented in this driver (CloudWatcher ObsCond)
2026-09-02T20:03:25.4519|INFO|AscomDevice.cs|GetProperty|527|Property ObservingConditions.WindDirection GET is not implemented in this driver (CloudWatcher ObsCond)
2026-09-02T20:03:25.4625|INFO|WeatherDataVM.cs|ChooseWeatherData|150|Successfully connected Weather Device. Id: ASCOM.CloudWatcher.ObservingConditions Name: CloudWatcher ObsCond DisplayName: CloudWatcher ObsCond (ASCOM) Driver Version: 1.1
2026-09-02T20:03:29.6771|INFO|DomeVM.cs|Disconnect|355|Disconnected Dome Device
2026-09-02T20:03:29.8592|INFO|AscomDevice.cs|GetProperty|527|Property Dome.AtPark GET is not implemented in this driver (Shelter Dome)
2026-09-02T20:03:29.8738|INFO|AscomDevice.cs|GetProperty|527|Property Dome.AtHome GET is not implemented in this driver (Shelter Dome)
2026-09-02T20:03:29.8969|INFO|AscomDevice.cs|GetProperty|527|Property Dome.Azimuth GET is not implemented in this driver (Shelter Dome)
2026-09-02T20:03:30.1265|INFO|DomeVM.cs|ChooseDome|198|Successfully connected Dome. Id: ASCOM.TS_Shelter.Dome Name: Shelter Dome DisplayName: Shelter Dome (ASCOM) Driver Version: 6.6
2026-09-02T20:03:32.1480|INFO|AscomDevice.cs|GetProperty|527|Property Dome.Altitude GET is not implemented in this driver (Shelter Dome)
2026-09-02T20:03:35.5132|INFO|SafetyMonitorVM.cs|Disconnect|221|Disconnected Safety Monitor
2026-09-02T20:03:36.2614|INFO|SafetyMonitorVM.cs|Connect|175|Successfully connected Safety Monitor. Id: ASCOM.Hub.SafetyMonitor Name: Short driver name - please customise DisplayName: Short driver name - please customise (ASCOM) Driver Version: 6.4
2026-09-02T20:05:36.2813|INFO|Sequence2VM.cs|LockSequence|139|Sequencer unlocked
2026-09-02T20:05:39.1652|INFO|DockManagerVM.cs|InitializeAvalonDockLayout|366|Initializing imaging tab layout from C:\Users\PrimaLuceLab\AppData\Local\NINA\Profiles\21c45d14-58c2-4ca1-9053-4e23fb6d7dc4.dock.config
2026-09-02T20:08:26.8345|INFO|Sequence2VM.cs|StartSequence|543|Advanced Sequence starting
2026-09-02T20:08:26.8673|INFO|SequenceItem.cs|Run|208|Starting Category: * Set di Istruzioni *, Container: NINA.Sequencer.Container.SequenceRootContainer, Strategy: SequentialStrategy, Items[CREATED]: 3, Triggers: Trigger: MeridianFlipTriggerTrigger: RestoreGuidingTrigger: AutofocusAfterHFRIncreaseTrigger, Amount: 5Trigger: AutofocusAfterFilterChange
2026-09-02T20:08:26.8893|INFO|MeridianFlipTrigger.cs|ShouldTrigger|204|Meridian Flip - Telescope is not tracking. Skip flip evaluation
2026-09-02T20:08:26.8955|INFO|SequenceItem.cs|Run|208|Starting Category: * Set di Istruzioni *, Container: NINA.Sequencer.Container.StartAreaContainer, Strategy: SequentialStrategy, Items[CREATED]: 2
2026-09-02T20:08:26.8964|INFO|MeridianFlipTrigger.cs|ShouldTrigger|204|Meridian Flip - Telescope is not tracking. Skip flip evaluation
2026-09-02T20:08:26.8975|INFO|SequenceItem.cs|Run|208|Starting Category: Utilità, Item: Annotation, Text: VERSION: 1
2026-09-02T20:08:26.8984|INFO|SequenceItem.cs|Run|254|Finishing Category: Utilità, Item: Annotation, Text: VERSION: 1
2026-09-02T20:08:26.9013|INFO|MeridianFlipTrigger.cs|ShouldTrigger|204|Meridian Flip - Telescope is not tracking. Skip flip evaluation
2026-09-02T20:08:26.9018|INFO|SequenceItem.cs|Run|208|Starting Category: * Set di Istruzioni *, Container: NINA.Sequencer.Container.SequentialContainer, Strategy: SequentialStrategy, Items[CREATED]: 4
2026-09-02T20:08:26.9021|INFO|MeridianFlipTrigger.cs|ShouldTrigger|204|Meridian Flip - Telescope is not tracking. Skip flip evaluation
2026-09-02T20:08:26.9022|INFO|SequenceItem.cs|Run|208|Starting Category: Utilità, Item: Annotation, Text: VERSION: 1
2026-09-02T20:08:26.9023|INFO|SequenceItem.cs|Run|254|Finishing Category: Utilità, Item: Annotation, Text: VERSION: 1
2026-09-02T20:08:26.9026|INFO|MeridianFlipTrigger.cs|ShouldTrigger|204|Meridian Flip - Telescope is not tracking. Skip flip evaluation
2026-09-02T20:08:26.9026|INFO|SequenceItem.cs|Run|208|Starting Category: * Set di Istruzioni *, Container: NINA.Sequencer.Container.SequentialContainer, Strategy: SequentialStrategy, Items[CREATED]: 4
2026-09-02T20:08:26.9028|INFO|MeridianFlipTrigger.cs|ShouldTrigger|204|Meridian Flip - Telescope is not tracking. Skip flip evaluation
2026-09-02T20:08:26.9028|INFO|SequenceItem.cs|Run|208|Starting Category: Utilità, Item: Annotation, Text: This Startup Sequence ensures an ASCOM Safety Monitor will function in a sequence as expected.
2026-09-02T20:08:26.9029|INFO|SequenceItem.cs|Run|254|Finishing Category: Utilità, Item: Annotation, Text: This Startup Sequence ensures an ASCOM Safety Monitor will function in a sequence as expected.
2026-09-02T20:08:26.9029|INFO|MeridianFlipTrigger.cs|ShouldTrigger|204|Meridian Flip - Telescope is not tracking. Skip flip evaluation
2026-09-02T20:08:26.9030|INFO|SequenceItem.cs|Run|208|Starting Category: Utilità, Item: Annotation, Text: The CONNECTOR Plugin is used in this Sequence.
2026-09-02T20:08:26.9030|INFO|SequenceItem.cs|Run|254|Finishing Category: Utilità, Item: Annotation, Text: The CONNECTOR Plugin is used in this Sequence.
2026-09-02T20:08:26.9031|INFO|MeridianFlipTrigger.cs|ShouldTrigger|204|Meridian Flip - Telescope is not tracking. Skip flip evaluation
2026-09-02T20:08:26.9031|INFO|SequenceItem.cs|Run|208|Starting Category: Utilità, Item: Annotation, Text: A Switch is also used within this Startup Sequence.
2026-09-02T20:08:26.9031|INFO|SequenceItem.cs|Run|254|Finishing Category: Utilità, Item: Annotation, Text: A Switch is also used within this Startup Sequence.
2026-09-02T20:08:26.9032|INFO|MeridianFlipTrigger.cs|ShouldTrigger|204|Meridian Flip - Telescope is not tracking. Skip flip evaluation
2026-09-02T20:08:26.9032|INFO|SequenceItem.cs|Run|208|Starting Category: Utilità, Item: Annotation, Text: The sequence uses Nautical Dusk and Nautical Dawn along with a number of time offsets. Adjust this as desired.
2026-09-02T20:08:26.9032|INFO|SequenceItem.cs|Run|254|Finishing Category: Utilità, Item: Annotation, Text: The sequence uses Nautical Dusk and Nautical Dawn along with a number of time offsets. Adjust this as desired.
2026-09-02T20:08:26.9057|INFO|SequenceItem.cs|Run|254|Finishing Category: * Set di Istruzioni *, Container: NINA.Sequencer.Container.SequentialContainer, Strategy: SequentialStrategy, Items[FINISHED]: 4
2026-09-02T20:08:26.9059|INFO|MeridianFlipTrigger.cs|ShouldTrigger|204|Meridian Flip - Telescope is not tracking. Skip flip evaluation
2026-09-02T20:08:26.9060|INFO|SequenceItem.cs|Run|208|Starting Category: * Set di Istruzioni *, Container: NINA.Sequencer.Container.SequentialContainer, Strategy: SequentialStrategy, Items[CREATED]: 11
2026-09-02T20:08:26.9061|INFO|MeridianFlipTrigger.cs|ShouldTrigger|204|Meridian Flip - Telescope is not tracking. Skip flip evaluation
2026-09-02T20:08:26.9065|INFO|SequenceItem.cs|Run|208|Starting Category: Utilità, Item: WaitForTime, Time: 20:55:59h, Offset: -30
2026-09-02T20:27:08.2630|INFO|SafetyMonitorVM.cs|UpdateMonitorValues|95|SafetyMonitorInfo state changed to Safe
2026-09-02T20:37:14.7386|WARNING|DeviceUpdateTimer.cs|Run|115|Dome value update cycle took longer than the device poll interval (Total: 2.61s > 2s; Poll: 00:00:00.0028105; Update: 00:00:02.6086947)
2026-09-02T20:56:07.0815|INFO|SequenceItem.cs|Run|254|Finishing Category: Utilità, Item: WaitForTime, Time: 20:55:59h, Offset: -30
2026-09-02T20:56:07.0818|INFO|MeridianFlipTrigger.cs|ShouldTrigger|204|Meridian Flip - Telescope is not tracking. Skip flip evaluation
2026-09-02T20:56:07.0825|INFO|SequenceItem.cs|Run|208|Starting Category: Connetti, Item: ConnectEquipment, Selected device: Weather, Selected device id: ASCOM.CloudWatcher.ObservingConditions
2026-09-02T20:56:07.0869|INFO|ConnectEquipment.cs|Execute|186|Weather is already connected
2026-09-02T20:56:07.0873|INFO|SequenceItem.cs|Run|254|Finishing Category: Connetti, Item: ConnectEquipment, Selected device: Weather, Selected device id: ASCOM.CloudWatcher.ObservingConditions
2026-09-02T20:56:07.0876|INFO|MeridianFlipTrigger.cs|ShouldTrigger|204|Meridian Flip - Telescope is not tracking. Skip flip evaluation
2026-09-02T20:56:07.0877|INFO|SequenceItem.cs|Run|208|Starting Category: Connetti, Item: ConnectEquipment, Selected device: Safety Monitor, Selected device id: ASCOM.Hub.SafetyMonitor
2026-09-02T20:56:07.0879|INFO|ConnectEquipment.cs|Execute|186|Safety Monitor is already connected
2026-09-02T20:56:07.0880|INFO|SequenceItem.cs|Run|254|Finishing Category: Connetti, Item: ConnectEquipment, Selected device: Safety Monitor, Selected device id: ASCOM.Hub.SafetyMonitor
2026-09-02T20:56:07.0880|INFO|MeridianFlipTrigger.cs|ShouldTrigger|204|Meridian Flip - Telescope is not tracking. Skip flip evaluation
2026-09-02T20:56:07.0889|INFO|SequenceItem.cs|Run|208|Starting Category: Monitor Di Sicurezza, Item: WaitUntilSafe
2026-09-02T20:56:07.0925|INFO|SequenceItem.cs|Run|254|Finishing Category: Monitor Di Sicurezza, Item: WaitUntilSafe
2026-09-02T20:56:07.0932|INFO|MeridianFlipTrigger.cs|ShouldTrigger|204|Meridian Flip - Telescope is not tracking. Skip flip evaluation
2026-09-02T20:56:07.0933|INFO|SequenceItem.cs|Run|208|Starting Category: Connetti, Item: ConnectEquipment, Selected device: Camera, Selected device id: 695A-M-0037ec709603ca4e3
2026-09-02T20:56:07.0934|INFO|ConnectEquipment.cs|Execute|186|Camera is already connected
2026-09-02T20:56:07.0959|INFO|SequenceItem.cs|Run|254|Finishing Category: Connetti, Item: ConnectEquipment, Selected device: Camera, Selected device id: 695A-M-0037ec709603ca4e3
2026-09-02T20:56:07.0964|INFO|MeridianFlipTrigger.cs|ShouldTrigger|204|Meridian Flip - Telescope is not tracking. Skip flip evaluation
2026-09-02T20:56:07.0965|INFO|SequenceItem.cs|Run|208|Starting Category: Connetti, Item: ConnectEquipment, Selected device: Focuser, Selected device id: ASCOM.PegasusAstro.Focuser
2026-09-02T20:56:07.0966|INFO|ConnectEquipment.cs|Execute|186|Focuser is already connected
2026-09-02T20:56:07.0966|INFO|SequenceItem.cs|Run|254|Finishing Category: Connetti, Item: ConnectEquipment, Selected device: Focuser, Selected device id: ASCOM.PegasusAstro.Focuser
2026-09-02T20:56:07.0967|INFO|MeridianFlipTrigger.cs|ShouldTrigger|204|Meridian Flip - Telescope is not tracking. Skip flip evaluation
2026-09-02T20:56:07.0967|INFO|SequenceItem.cs|Run|208|Starting Category: Connetti, Item: ConnectEquipment, Selected device: Filter Wheel, Selected device id: 695A-M-0037ec709603ca4e3
2026-09-02T20:56:07.0968|INFO|ConnectEquipment.cs|Execute|186|Filter Wheel is already connected
2026-09-02T20:56:07.0968|INFO|SequenceItem.cs|Run|254|Finishing Category: Connetti, Item: ConnectEquipment, Selected device: Filter Wheel, Selected device id: 695A-M-0037ec709603ca4e3
2026-09-02T20:56:07.0969|INFO|MeridianFlipTrigger.cs|ShouldTrigger|204|Meridian Flip - Telescope is not tracking. Skip flip evaluation
2026-09-02T20:56:07.0969|INFO|SequenceItem.cs|Run|208|Starting Category: Connetti, Item: ConnectEquipment, Selected device: Mount, Selected device id: ASCOM.Optec ASCOM.Telescope
2026-09-02T20:56:07.0969|INFO|ConnectEquipment.cs|Execute|186|Mount is already connected
2026-09-02T20:56:07.0970|INFO|SequenceItem.cs|Run|254|Finishing Category: Connetti, Item: ConnectEquipment, Selected device: Mount, Selected device id: ASCOM.Optec ASCOM.Telescope
2026-09-02T20:56:07.0972|INFO|MeridianFlipTrigger.cs|ShouldTrigger|204|Meridian Flip - Telescope is not tracking. Skip flip evaluation
2026-09-02T20:56:07.0972|INFO|SequenceItem.cs|Run|208|Starting Category: Connetti, Item: ConnectEquipment, Selected device: Dome, Selected device id: ASCOM.TS_Shelter.Dome
2026-09-02T20:56:07.0972|INFO|ConnectEquipment.cs|Execute|186|Dome is already connected
2026-09-02T20:56:07.0973|INFO|SequenceItem.cs|Run|254|Finishing Category: Connetti, Item: ConnectEquipment, Selected device: Dome, Selected device id: ASCOM.TS_Shelter.Dome
2026-09-02T20:56:07.0977|INFO|MeridianFlipTrigger.cs|ShouldTrigger|204|Meridian Flip - Telescope is not tracking. Skip flip evaluation
2026-09-02T20:56:07.0978|INFO|SequenceItem.cs|Run|208|Starting Category: Connetti, Item: ConnectEquipment, Selected device: Guider, Selected device id: PHD2_Single
2026-09-02T20:56:07.0979|INFO|ConnectEquipment.cs|Execute|186|Guider is already connected
2026-09-02T20:56:07.0979|INFO|SequenceItem.cs|Run|254|Finishing Category: Connetti, Item: ConnectEquipment, Selected device: Guider, Selected device id: PHD2_Single
2026-09-02T20:56:07.0979|INFO|MeridianFlipTrigger.cs|ShouldTrigger|204|Meridian Flip - Telescope is not tracking. Skip flip evaluation
2026-09-02T20:56:07.0980|INFO|SequenceItem.cs|Run|208|Starting Category: Connetti, Item: ConnectEquipment, Selected device: Flat Panel, Selected device id: ASCOM.WandererCover1.CoverCalibrator
2026-09-02T20:56:07.0980|INFO|ConnectEquipment.cs|Execute|186|Flat Panel is already connected
2026-09-02T20:56:07.0981|INFO|SequenceItem.cs|Run|254|Finishing Category: Connetti, Item: ConnectEquipment, Selected device: Flat Panel, Selected device id: ASCOM.WandererCover1.CoverCalibrator
2026-09-02T20:56:07.0990|INFO|SequenceItem.cs|Run|254|Finishing Category: * Set di Istruzioni *, Container: NINA.Sequencer.Container.SequentialContainer, Strategy: SequentialStrategy, Items[FINISHED]: 11
2026-09-02T20:56:07.0991|INFO|MeridianFlipTrigger.cs|ShouldTrigger|204|Meridian Flip - Telescope is not tracking. Skip flip evaluation
2026-09-02T20:56:07.0992|INFO|SequenceItem.cs|Run|208|Starting Category: * Set di Istruzioni *, Container: NINA.Sequencer.Container.SequentialContainer, Strategy: SequentialStrategy, Items[CREATED]: 12
2026-09-02T20:56:07.0995|INFO|MeridianFlipTrigger.cs|ShouldTrigger|204|Meridian Flip - Telescope is not tracking. Skip flip evaluation
2026-09-02T20:56:07.1005|INFO|SequenceItem.cs|Run|208|Starting Category: Fotocamera, Item: CoolCamera, Temperature: -10, Duration: 5
2026-09-02T20:56:07.1040|INFO|CameraVM.cs|CoolCamera|138|Cooling Camera. Target: -10 Duration: 00:05:00
2026-09-02T20:56:07.1275|INFO|SequenceItem.cs|Run|254|Finishing Category: Fotocamera, Item: CoolCamera, Temperature: -10, Duration: 5
2026-09-02T20:56:07.1277|INFO|MeridianFlipTrigger.cs|ShouldTrigger|204|Meridian Flip - Telescope is not tracking. Skip flip evaluation
2026-09-02T20:56:07.1277|INFO|SequenceItem.cs|Run|208|Starting Category: Utilità, Item: WaitForTime, Time: 21:15:59h, Offset: -10
2026-09-02T20:57:29.3304|WARNING|DeviceUpdateTimer.cs|Run|115|Dome value update cycle took longer than the device poll interval (Total: 3.20s > 2s; Poll: 00:00:00.0029443; Update: 00:00:03.2004168)
2026-09-02T21:16:01.6107|INFO|SequenceItem.cs|Run|254|Finishing Category: Utilità, Item: WaitForTime, Time: 21:15:59h, Offset: -10
2026-09-02T21:16:01.6110|INFO|MeridianFlipTrigger.cs|ShouldTrigger|204|Meridian Flip - Telescope is not tracking. Skip flip evaluation
2026-09-02T21:16:01.6111|INFO|SequenceItem.cs|Run|208|Starting Category: Monitor Di Sicurezza, Item: WaitUntilSafe
2026-09-02T21:16:01.6111|INFO|SequenceItem.cs|Run|254|Finishing Category: Monitor Di Sicurezza, Item: WaitUntilSafe
2026-09-02T21:16:01.6112|INFO|MeridianFlipTrigger.cs|ShouldTrigger|204|Meridian Flip - Telescope is not tracking. Skip flip evaluation
2026-09-02T21:16:01.6118|INFO|SequenceItem.cs|Run|208|Starting Category: Osservatorio, Item: OpenDomeShutter
2026-09-02T21:16:01.6215|INFO|DomeVM.cs|OpenShutter|448|Opening dome shutter. Shutter state before opening ShutterClosed
2026-09-02T21:16:01.6253|INFO|AscomDome.cs|OpenShutter|206|Sending an OpenShutter request, since it is currently ShutterClosed
2026-09-02T21:16:46.3248|INFO|DomeVM.cs|OpenShutter|454|Opened dome shutter. Shutter state after opening ShutterOpen
2026-09-02T21:16:46.3253|INFO|SequenceItem.cs|Run|254|Finishing Category: Osservatorio, Item: OpenDomeShutter
2026-09-02T21:16:46.3254|INFO|MeridianFlipTrigger.cs|ShouldTrigger|204|Meridian Flip - Telescope is not tracking. Skip flip evaluation
2026-09-02T21:16:46.3259|INFO|SequenceItem.cs|Run|208|Starting Category: Telescopio, Item: UnparkScope
2026-09-02T21:16:46.3290|INFO|TelescopeVM.cs|UnparkTelescope|232|Mount ordered to unpark
2026-09-02T21:16:46.3345|INFO|TelescopeVM.cs|UnparkTelescope|277|Mount is already unparked
2026-09-02T21:16:46.3348|INFO|TelescopeVM.cs|UnparkTelescope|282|Mount has unparked
2026-09-02T21:16:46.3350|INFO|SequenceItem.cs|Run|254|Finishing Category: Telescopio, Item: UnparkScope
2026-09-02T21:16:46.3352|INFO|MeridianFlipTrigger.cs|ShouldTrigger|204|Meridian Flip - Telescope is not tracking. Skip flip evaluation
2026-09-02T21:16:46.3355|INFO|SequenceItem.cs|Run|208|Starting Category: Apparato per i Flat, Item: OpenCover
2026-09-02T21:16:46.3450|INFO|FlatDeviceVM.cs|OpenCover|312|Opening Flat Device Cover
2026-09-02T21:17:12.4366|INFO|SequenceItem.cs|Run|254|Finishing Category: Apparato per i Flat, Item: OpenCover
2026-09-02T21:17:12.4368|INFO|MeridianFlipTrigger.cs|ShouldTrigger|204|Meridian Flip - Telescope is not tracking. Skip flip evaluation
2026-09-02T21:17:12.4394|INFO|SequenceItem.cs|Run|208|Starting Category: Telescopio, Item: SetTracking, TrackingMode: Sidereal
2026-09-02T21:17:12.4905|INFO|SequenceItem.cs|Run|254|Finishing Category: Telescopio, Item: SetTracking, TrackingMode: Sidereal
2026-09-02T21:17:12.5008|INFO|MeridianFlipTrigger.cs|ShouldTrigger|204|Meridian Flip - Telescope is not tracking. Skip flip evaluation
2026-09-02T21:17:12.5016|INFO|SequenceItem.cs|Run|208|Starting Category: Ruota porta filtri, Item: SwitchFilter, Filter: L-Pro
2026-09-02T21:17:12.6203|INFO|SequenceItem.cs|Run|254|Finishing Category: Ruota porta filtri, Item: SwitchFilter, Filter: L-Pro
2026-09-02T21:17:12.6209|INFO|MeridianFlipTrigger.cs|ShouldTrigger|204|Meridian Flip - Telescope is not tracking. Skip flip evaluation
2026-09-02T21:17:12.6221|INFO|SequenceItem.cs|Run|208|Starting Category: Telescopio, Item: SlewScopeToAltAz, Coordinates: NINA.Astrometry.InputTopocentricCoordinates
2026-09-02T21:17:12.6459|INFO|PHD2Guider.cs|StopGuiding|704|Phd2 - Stop Guiding skipped, as the app is already in state Stopped
2026-09-02T21:17:12.6737|INFO|TelescopeVM.cs|SlewAsyncInternal|910|Slewing from RA: 21:13:52; Dec: 89° 03' 05"; Epoch: JNOW to RA: 20:36:21; Dec: 39° 23' 27"; Epoch: JNOW - Alt: 70° 00' 00"; Az: 90° 00' 00"
2026-09-02T21:17:45.8455|INFO|SequenceItem.cs|Run|254|Finishing Category: Telescopio, Item: SlewScopeToAltAz, Coordinates: NINA.Astrometry.InputTopocentricCoordinates
2026-09-02T21:17:45.8486|INFO|MeridianFlipTrigger.cs|ShouldTrigger|296|Meridian Flip - (Side of Pier usage is disabled) There is still time remaining. Max remaining time 01:42:34.0630153, next instruction time 60, next instruction Category: Utilità, Item: WaitForTimeSpan, Time: 60s
2026-09-02T21:17:45.8490|INFO|SequenceItem.cs|Run|208|Starting Category: Utilità, Item: WaitForTimeSpan, Time: 60s
2026-09-02T21:18:46.0158|INFO|SequenceItem.cs|Run|254|Finishing Category: Utilità, Item: WaitForTimeSpan, Time: 60s
2026-09-02T21:18:46.0179|INFO|MeridianFlipTrigger.cs|ShouldTrigger|296|Meridian Flip - (Side of Pier usage is disabled) There is still time remaining. Max remaining time 01:41:33.8083428, next instruction time 220, next instruction Category: Focheggiatore, Item: RunAutofocus
2026-09-02T21:18:46.0184|INFO|SequenceItem.cs|Run|208|Starting Category: Focheggiatore, Item: RunAutofocus
2026-09-02T21:18:46.2003|INFO|FocuserMediator.cs|BroadcastAutoFocusRunStarting|92|Autofocus starting notification received
2026-09-02T21:18:46.2312|INFO|PHD2Guider.cs|StopGuiding|704|Phd2 - Stop Guiding skipped, as the app is already in state Stopped
2026-09-02T21:18:46.3001|INFO|AutoFocusEngine.cs|RunAutoFocus|929|Starting AutoFocus with initial position 39311
2026-09-02T21:18:46.4592|INFO|CameraVM.cs|Capture|742|Starting Exposure - Exposure Time: 6s; Filter: L-Pro; Gain: 15; Offset 132; Binning: 2x2;
2026-09-02T21:18:53.8685|INFO|AutoFocusEngine.cs|StartBlindFocusPoints|769|Waiting on initial HFR analysis
2026-09-02T21:18:53.8834|INFO|FocuserVM.cs|MoveFocuserInternal|216|Moving Focuser to position 40111
2026-09-02T21:18:57.2829|INFO|HocusFocusStarDetection.cs|Detect|413|Average HFR: 1.7255309595222021, HFR MAD: 0.1113104427106788, Detected Stars 88, Region: 0
2026-09-02T21:18:57.5007|WARNING|DeviceUpdateTimer.cs|Run|115|Dome value update cycle took longer than the device poll interval (Total: 2.77s > 2s; Poll: 00:00:00.0319457; Update: 00:00:02.7400020)
2026-09-02T21:19:02.1260|INFO|CameraVM.cs|Capture|742|Starting Exposure - Exposure Time: 6s; Filter: L-Pro; Gain: 15; Offset 132; Binning: 2x2;
2026-09-02T21:19:09.4802|INFO|FocuserVM.cs|MoveFocuserInternal|216|Moving Focuser to position 39911
2026-09-02T21:19:09.9839|INFO|HocusFocusStarDetection.cs|Detect|413|Average HFR: 1.9936618467282732, HFR MAD: 0.17143679437451542, Detected Stars 112, Region: 0
2026-09-02T21:19:15.6700|INFO|CameraVM.cs|Capture|742|Starting Exposure - Exposure Time: 6s; Filter: L-Pro; Gain: 15; Offset 132; Binning: 2x2;
2026-09-02T21:19:22.9862|INFO|FocuserVM.cs|MoveFocuserInternal|216|Moving Focuser to position 39711
2026-09-02T21:19:23.6324|INFO|HocusFocusStarDetection.cs|Detect|413|Average HFR: 1.8613346602339267, HFR MAD: 0.13343445316763614, Detected Stars 117, Region: 0
2026-09-02T21:19:28.2374|INFO|CameraVM.cs|Capture|742|Starting Exposure - Exposure Time: 6s; Filter: L-Pro; Gain: 15; Offset 132; Binning: 2x2;
2026-09-02T21:19:35.5430|INFO|FocuserVM.cs|MoveFocuserInternal|216|Moving Focuser to position 39511
2026-09-02T21:19:36.0696|INFO|HocusFocusStarDetection.cs|Detect|413|Average HFR: 1.8550972898080489, HFR MAD: 0.15878464575425055, Detected Stars 122, Region: 0
2026-09-02T21:19:41.6982|INFO|CameraVM.cs|Capture|742|Starting Exposure - Exposure Time: 6s; Filter: L-Pro; Gain: 15; Offset 132; Binning: 2x2;
2026-09-02T21:19:49.0005|INFO|AutoFocusEngine.cs|StartBlindFocusPoints|797|Waiting on initial focuser move analyses
2026-09-02T21:19:49.6638|INFO|HocusFocusStarDetection.cs|Detect|413|Average HFR: 1.6709299008449694, HFR MAD: 0.08132258573349493, Detected Stars 91, Region: 0
2026-09-02T21:19:49.7898|INFO|FocuserVM.cs|MoveFocuserInternal|216|Moving Focuser to position 39311
2026-09-02T21:19:55.6792|INFO|CameraVM.cs|Capture|742|Starting Exposure - Exposure Time: 6s; Filter: L-Pro; Gain: 15; Offset 132; Binning: 2x2;
2026-09-02T21:20:02.9824|INFO|AutoFocusEngine.cs|StartBlindFocusPoints|870|Waiting on next left movement analysis
2026-09-02T21:20:03.5785|INFO|HocusFocusStarDetection.cs|Detect|413|Average HFR: 1.7437638662284427, HFR MAD: 0.07691759505030094, Detected Stars 93, Region: 0
2026-09-02T21:20:03.9543|INFO|FocuserVM.cs|MoveFocuserInternal|216|Moving Focuser to position 39111
2026-09-02T21:20:09.6933|INFO|CameraVM.cs|Capture|742|Starting Exposure - Exposure Time: 6s; Filter: L-Pro; Gain: 15; Offset 132; Binning: 2x2;
2026-09-02T21:20:16.9967|INFO|AutoFocusEngine.cs|StartBlindFocusPoints|870|Waiting on next left movement analysis
2026-09-02T21:20:17.5974|INFO|HocusFocusStarDetection.cs|Detect|413|Average HFR: 1.686124293344316, HFR MAD: 0.08753281104543675, Detected Stars 96, Region: 0
2026-09-02T21:20:21.1052|INFO|FocuserVM.cs|MoveFocuserInternal|216|Moving Focuser to position 38911
2026-09-02T21:20:26.3888|INFO|CameraVM.cs|Capture|742|Starting Exposure - Exposure Time: 6s; Filter: L-Pro; Gain: 15; Offset 132; Binning: 2x2;
2026-09-02T21:20:33.7011|INFO|AutoFocusEngine.cs|StartBlindFocusPoints|870|Waiting on next left movement analysis
2026-09-02T21:20:34.3713|INFO|HocusFocusStarDetection.cs|Detect|413|Average HFR: 1.765500794070911, HFR MAD: 0.08249375036952866, Detected Stars 106, Region: 0
2026-09-02T21:20:34.4613|INFO|FocuserVM.cs|MoveFocuserInternal|216|Moving Focuser to position 38711
2026-09-02T21:20:39.7745|INFO|CameraVM.cs|Capture|742|Starting Exposure - Exposure Time: 6s; Filter: L-Pro; Gain: 15; Offset 132; Binning: 2x2;
2026-09-02T21:20:47.0795|INFO|AutoFocusEngine.cs|StartBlindFocusPoints|870|Waiting on next left movement analysis
2026-09-02T21:20:47.7079|INFO|HocusFocusStarDetection.cs|Detect|413|Average HFR: 1.920372911897735, HFR MAD: 0.12216506033001373, Detected Stars 121, Region: 0
2026-09-02T21:20:47.7879|INFO|FocuserVM.cs|MoveFocuserInternal|216|Moving Focuser to position 38511
2026-09-02T21:20:53.7154|INFO|CameraVM.cs|Capture|742|Starting Exposure - Exposure Time: 6s; Filter: L-Pro; Gain: 15; Offset 132; Binning: 2x2;
2026-09-02T21:21:01.0219|INFO|AutoFocusEngine.cs|StartBlindFocusPoints|870|Waiting on next left movement analysis
2026-09-02T21:21:01.6614|INFO|HocusFocusStarDetection.cs|Detect|413|Average HFR: 2.1090845980932227, HFR MAD: 0.1383027338256566, Detected Stars 121, Region: 0
2026-09-02T21:21:01.6988|INFO|FocuserVM.cs|MoveFocuserInternal|216|Moving Focuser to position 38311
2026-09-02T21:21:07.6898|INFO|CameraVM.cs|Capture|742|Starting Exposure - Exposure Time: 6s; Filter: L-Pro; Gain: 15; Offset 132; Binning: 2x2;
2026-09-02T21:21:14.9934|INFO|AutoFocusEngine.cs|StartBlindFocusPoints|870|Waiting on next left movement analysis
2026-09-02T21:21:15.6122|INFO|HocusFocusStarDetection.cs|Detect|413|Average HFR: 2.4621724390028183, HFR MAD: 0.18836882559961854, Detected Stars 118, Region: 0
2026-09-02T21:21:15.6392|INFO|FocuserVM.cs|MoveFocuserInternal|216|Moving Focuser to position 38111
2026-09-02T21:21:21.6697|INFO|CameraVM.cs|Capture|742|Starting Exposure - Exposure Time: 6s; Filter: L-Pro; Gain: 15; Offset 132; Binning: 2x2;
2026-09-02T21:21:28.9725|INFO|AutoFocusEngine.cs|StartBlindFocusPoints|870|Waiting on next left movement analysis
2026-09-02T21:21:29.7726|INFO|HocusFocusStarDetection.cs|Detect|413|Average HFR: 2.6960952485787097, HFR MAD: 0.19692758414975664, Detected Stars 114, Region: 0
2026-09-02T21:21:29.8264|INFO|AutoFocusEngine.cs|StartBlindFocusPoints|823|Enough left trend points (4) with an established minimum (39511) to queue remaining right focus points up to 40311
2026-09-02T21:21:29.8268|INFO|FocuserVM.cs|MoveFocuserInternal|216|Moving Focuser to position 40311
2026-09-02T21:21:45.6721|INFO|CameraVM.cs|Capture|742|Starting Exposure - Exposure Time: 6s; Filter: L-Pro; Gain: 15; Offset 132; Binning: 2x2;
2026-09-02T21:21:52.9783|INFO|AutoFocusEngine.cs|StartBlindFocusPoints|896|Waiting on remaining AutoFocus analysis tasks
2026-09-02T21:21:53.5986|INFO|HocusFocusStarDetection.cs|Detect|413|Average HFR: 1.7821674808698718, HFR MAD: 0.12017732970933426, Detected Stars 112, Region: 0
2026-09-02T21:21:53.6736|INFO|FocuserVM.cs|MoveFocuserInternal|216|Moving Focuser to position 39100
2026-09-02T21:22:03.8129|INFO|AutoFocusEngine.cs|ValidateCalculatedFocusPosition|1141|Validating HFR at final focus position 39100
2026-09-02T21:22:03.9387|INFO|CameraVM.cs|Capture|742|Starting Exposure - Exposure Time: 6s; Filter: L-Pro; Gain: 15; Offset 132; Binning: 2x2;
2026-09-02T21:22:11.8790|INFO|HocusFocusStarDetection.cs|Detect|413|Average HFR: 1.6922824651888977, HFR MAD: 0.0788409388735114, Detected Stars 102, Region: 0
2026-09-02T21:22:11.8867|INFO|HocusFocusVM.cs|AutoFocusEngine_Completed|473|AutoFocus completed with focuser starting at 39311 and ending at 39100
2026-09-02T21:22:11.9869|INFO|FocuserMediator.cs|BroadcastSuccessfulAutoFocusRun|46|Autofocus notification received - Temperature 27.75
2026-09-02T21:22:12.1411|INFO|AutoFocusEngine.cs|PerformPostAutoFocusActions|1022|Re-enabling temperature compensation after AutoFocus
2026-09-02T21:22:12.1843|INFO|SequenceItem.cs|Run|254|Finishing Category: Focheggiatore, Item: RunAutofocus
2026-09-02T21:22:12.1848|INFO|MeridianFlipTrigger.cs|ShouldTrigger|296|Meridian Flip - (Side of Pier usage is disabled) There is still time remaining. Max remaining time 01:38:06.9493855, next instruction time 0, next instruction Category: Telescopio, Item: SolveAndSync
2026-09-02T21:22:12.1851|INFO|SequenceItem.cs|Run|208|Starting Category: Telescopio, Item: SolveAndSync
2026-09-02T21:22:12.7983|INFO|CameraVM.cs|Capture|742|Starting Exposure - Exposure Time: 15s; Filter: L-Pro; Gain: 15; Offset 132; Binning: 1x1;
2026-09-02T21:22:32.0158|WARNING|DeviceUpdateTimer.cs|Run|115|Camera value update cycle took longer than the device poll interval (Total: 2.80s > 2s; Poll: 00:00:02.7966364; Update: 00:00:00.0001772)
2026-09-02T21:22:32.9572|INFO|ImageSolver.cs|Solve|41|Platesolving with parameters: FocalLength: 1260 PixelSize: 4.54 SearchRadius: 30 BlindFailoverEnabled: True Regions: 5000 DownSampleFactor: 2 MaxObjects: 500 Reference Coordinates RA: 20:35:21 Dec: 39° 17' 42" Epoch: J2000
2026-09-02T21:22:33.5256|INFO|BaseImageData.cs|SaveToDisk|346|Saved image to C:\Users\PrimaLuceLab\AppData\Local\NINA\PlateSolver\uhbvp0ms.wqz.fits
2026-09-02T21:22:35.0445|INFO|ImageSolver.cs|Solve|54|Platesolve successful: Coordinates: RA: 20:38:30; Dec: 39° 03' 18"; Epoch: J2000 - Position Angle: 268.68425506090364
2026-09-02T21:22:35.1906|INFO|TelescopeVM.cs|Sync|777|Syncing scope from RA: 20:36:21; Dec: 39° 23' 26"; Epoch: JNOW to RA: 20:39:32; Dec: 39° 09' 08"; Epoch: JNOW
2026-09-02T21:22:40.2076|INFO|SequenceItem.cs|Run|254|Finishing Category: Telescopio, Item: SolveAndSync
2026-09-02T21:22:40.2085|INFO|SequenceItem.cs|Run|254|Finishing Category: * Set di Istruzioni *, Container: NINA.Sequencer.Container.SequentialContainer, Strategy: SequentialStrategy, Items[FINISHED]: 12
2026-09-02T21:22:40.2088|INFO|SequenceItem.cs|Run|254|Finishing Category: * Set di Istruzioni *, Container: NINA.Sequencer.Container.SequentialContainer, Strategy: SequentialStrategy, Items[FINISHED]: 4
2026-09-02T21:22:40.2088|INFO|SequenceItem.cs|Run|254|Finishing Category: * Set di Istruzioni *, Container: NINA.Sequencer.Container.StartAreaContainer, Strategy: SequentialStrategy, Items[FINISHED]: 2
2026-09-02T21:22:40.2090|INFO|MeridianFlipTrigger.cs|ShouldTrigger|296|Meridian Flip - (Side of Pier usage is disabled) There is still time remaining. Max remaining time 01:40:49.2168111, next instruction time 0, next instruction Category: * Set di Istruzioni *, Container: NINA.Sequencer.Container.TargetAreaContainer, Strategy: SequentialStrategy, Items[CREATED]: 2
2026-09-02T21:22:40.2100|INFO|SequenceItem.cs|Run|208|Starting Category: * Set di Istruzioni *, Container: NINA.Sequencer.Container.TargetAreaContainer, Strategy: SequentialStrategy, Items[CREATED]: 2
2026-09-02T21:22:40.2109|INFO|MeridianFlipTrigger.cs|ShouldTrigger|296|Meridian Flip - (Side of Pier usage is disabled) There is still time remaining. Max remaining time 01:40:49.2168111, next instruction time 0, next instruction Category: * Set di Istruzioni *, Container: NINA.Sequencer.Container.SequentialContainer, Strategy: SequentialStrategy, Items[CREATED]: 10
2026-09-02T21:22:40.2110|INFO|SequenceItem.cs|Run|208|Starting Category: * Set di Istruzioni *, Container: NINA.Sequencer.Container.SequentialContainer, Strategy: SequentialStrategy, Items[CREATED]: 10
2026-09-02T21:22:40.2110|INFO|MeridianFlipTrigger.cs|ShouldTrigger|296|Meridian Flip - (Side of Pier usage is disabled) There is still time remaining. Max remaining time 01:40:49.2168111, next instruction time 0, next instruction Category: Utilità, Item: Annotation, Text: This is a Startup Sequence which can be pre-loaded at NINA Start-up.
2026-09-02T21:22:40.2112|INFO|SequenceItem.cs|Run|208|Starting Category: Utilità, Item: Annotation, Text: This is a Startup Sequence which can be pre-loaded at NINA Start-up.
2026-09-02T21:22:40.2112|INFO|SequenceItem.cs|Run|254|Finishing Category: Utilità, Item: Annotation, Text: This is a Startup Sequence which can be pre-loaded at NINA Start-up.
2026-09-02T21:22:40.2114|INFO|MeridianFlipTrigger.cs|ShouldTrigger|296|Meridian Flip - (Side of Pier usage is disabled) There is still time remaining. Max remaining time 01:40:49.2168111, next instruction time 0, next instruction Category: Utilità, Item: Annotation, Text: If you edit this Startup Sequence, you need to save the Entire Sequence using the Save Complete Sequence button at the bottom of the Advanced Sequencer page below.
2026-09-02T21:22:40.2114|INFO|SequenceItem.cs|Run|208|Starting Category: Utilità, Item: Annotation, Text: If you edit this Startup Sequence, you need to save the Entire Sequence using the Save Complete Sequence button at the bottom of the Advanced Sequencer page below.
2026-09-02T21:22:40.2114|INFO|SequenceItem.cs|Run|254|Finishing Category: Utilità, Item: Annotation, Text: If you edit this Startup Sequence, you need to save the Entire Sequence using the Save Complete Sequence button at the bottom of the Advanced Sequencer page below.
2026-09-02T21:22:40.2115|INFO|MeridianFlipTrigger.cs|ShouldTrigger|296|Meridian Flip - (Side of Pier usage is disabled) There is still time remaining. Max remaining time 01:40:49.2168111, next instruction time 0, next instruction Category: Utilità, Item: Annotation, Text: Go to: OPTIONS > IMAGING > SEQUENCE and select this DOME_SAFETY_STARTUP_PA.json file as the STARTUP SEQUENCE TEMPLATE
2026-09-02T21:22:40.2115|INFO|SequenceItem.cs|Run|208|Starting Category: Utilità, Item: Annotation, Text: Go to: OPTIONS > IMAGING > SEQUENCE and select this DOME_SAFETY_STARTUP_PA.json file as the STARTUP SEQUENCE TEMPLATE
2026-09-02T21:22:40.2116|INFO|SequenceItem.cs|Run|254|Finishing Category: Utilità, Item: Annotation, Text: Go to: OPTIONS > IMAGING > SEQUENCE and select this DOME_SAFETY_STARTUP_PA.json file as the STARTUP SEQUENCE TEMPLATE
2026-09-02T21:22:40.2116|INFO|MeridianFlipTrigger.cs|ShouldTrigger|296|Meridian Flip - (Side of Pier usage is disabled) There is still time remaining. Max remaining time 01:40:49.2168111, next instruction time 0, next instruction Category: Utilità, Item: Annotation, Text:      I also find setting COLLAPSE SEQUENCE TEMPLATES BY DEFAULT to ON is quite helpful.  (On the same options page)
2026-09-02T21:22:40.2116|INFO|SequenceItem.cs|Run|208|Starting Category: Utilità, Item: Annotation, Text:      I also find setting COLLAPSE SEQUENCE TEMPLATES BY DEFAULT to ON is quite helpful.  (On the same options page)
2026-09-02T21:22:40.2117|INFO|SequenceItem.cs|Run|254|Finishing Category: Utilità, Item: Annotation, Text:      I also find setting COLLAPSE SEQUENCE TEMPLATES BY DEFAULT to ON is quite helpful.  (On the same options page)
2026-09-02T21:22:40.2117|INFO|MeridianFlipTrigger.cs|ShouldTrigger|296|Meridian Flip - (Side of Pier usage is disabled) There is still time remaining. Max remaining time 01:40:49.2168111, next instruction time 0, next instruction Category: Utilità, Item: Annotation, Text: Any modification of this sequence as a Foundational Startup Template will need to be saved using the buttons at the bottom of this Advanced Sequencer Page below.
2026-09-02T21:22:40.2118|INFO|SequenceItem.cs|Run|208|Starting Category: Utilità, Item: Annotation, Text: Any modification of this sequence as a Foundational Startup Template will need to be saved using the buttons at the bottom of this Advanced Sequencer Page below.
2026-09-02T21:22:40.2118|INFO|SequenceItem.cs|Run|254|Finishing Category: Utilità, Item: Annotation, Text: Any modification of this sequence as a Foundational Startup Template will need to be saved using the buttons at the bottom of this Advanced Sequencer Page below.
2026-09-02T21:22:40.2118|INFO|MeridianFlipTrigger.cs|ShouldTrigger|296|Meridian Flip - (Side of Pier usage is disabled) There is still time remaining. Max remaining time 01:40:49.2168111, next instruction time 0, next instruction Category: Utilità, Item: Annotation, Text: The LOOP_ALL_NIGHT Sequence is a simple Loop until Nautical Dawn. Adjust as desired. This is an outer loop.
2026-09-02T21:22:40.2119|INFO|SequenceItem.cs|Run|208|Starting Category: Utilità, Item: Annotation, Text: The LOOP_ALL_NIGHT Sequence is a simple Loop until Nautical Dawn. Adjust as desired. This is an outer loop.
2026-09-02T21:22:40.2119|INFO|SequenceItem.cs|Run|254|Finishing Category: Utilità, Item: Annotation, Text: The LOOP_ALL_NIGHT Sequence is a simple Loop until Nautical Dawn. Adjust as desired. This is an outer loop.
2026-09-02T21:22:40.2120|INFO|MeridianFlipTrigger.cs|ShouldTrigger|296|Meridian Flip - (Side of Pier usage is disabled) There is still time remaining. Max remaining time 01:40:49.2168111, next instruction time 0, next instruction Category: Utilità, Item: Annotation, Text: The SAFE_LOOP Sequence runs while the System is Safe.
2026-09-02T21:22:40.2120|INFO|SequenceItem.cs|Run|208|Starting Category: Utilità, Item: Annotation, Text: The SAFE_LOOP Sequence runs while the System is Safe.
2026-09-02T21:22:40.2120|INFO|SequenceItem.cs|Run|254|Finishing Category: Utilità, Item: Annotation, Text: The SAFE_LOOP Sequence runs while the System is Safe.
2026-09-02T21:22:40.2122|INFO|MeridianFlipTrigger.cs|ShouldTrigger|296|Meridian Flip - (Side of Pier usage is disabled) There is still time remaining. Max remaining time 01:40:49.2168111, next instruction time 0, next instruction Category: Utilità, Item: Annotation, Text: The UNSAFE Sequence runs when the System is Unsafe and only proceeds back to SAFE_LOOP when it is once again deemed Safe.
2026-09-02T21:22:40.2122|INFO|SequenceItem.cs|Run|208|Starting Category: Utilità, Item: Annotation, Text: The UNSAFE Sequence runs when the System is Unsafe and only proceeds back to SAFE_LOOP when it is once again deemed Safe.
2026-09-02T21:22:40.2123|INFO|SequenceItem.cs|Run|254|Finishing Category: Utilità, Item: Annotation, Text: The UNSAFE Sequence runs when the System is Unsafe and only proceeds back to SAFE_LOOP when it is once again deemed Safe.
2026-09-02T21:22:40.2123|INFO|MeridianFlipTrigger.cs|ShouldTrigger|296|Meridian Flip - (Side of Pier usage is disabled) There is still time remaining. Max remaining time 01:40:49.2168111, next instruction time 0, next instruction Category: Utilità, Item: Annotation, Text: ..... ALL TARGETS should be placed within individual LOOP_ALL_NIGHT > SAFE_LOOP > TARGETS_CONTAINER > TARGET # containers below.....
2026-09-02T21:22:40.2124|INFO|SequenceItem.cs|Run|208|Starting Category: Utilità, Item: Annotation, Text: ..... ALL TARGETS should be placed within individual LOOP_ALL_NIGHT > SAFE_LOOP > TARGETS_CONTAINER > TARGET # containers below.....
2026-09-02T21:22:40.2124|INFO|SequenceItem.cs|Run|254|Finishing Category: Utilità, Item: Annotation, Text: ..... ALL TARGETS should be placed within individual LOOP_ALL_NIGHT > SAFE_LOOP > TARGETS_CONTAINER > TARGET # containers below.....
2026-09-02T21:22:40.2124|INFO|MeridianFlipTrigger.cs|ShouldTrigger|296|Meridian Flip - (Side of Pier usage is disabled) There is still time remaining. Max remaining time 01:40:49.2168111, next instruction time 0, next instruction Category: Utilità, Item: Annotation, Text: Each TARGET # Container should have a looping condition that is identical to the included target sequence.
2026-09-02T21:22:40.2125|INFO|SequenceItem.cs|Run|208|Starting Category: Utilità, Item: Annotation, Text: Each TARGET # Container should have a looping condition that is identical to the included target sequence.
2026-09-02T21:22:40.2125|INFO|SequenceItem.cs|Run|254|Finishing Category: Utilità, Item: Annotation, Text: Each TARGET # Container should have a looping condition that is identical to the included target sequence.
2026-09-02T21:22:40.2126|INFO|SequenceItem.cs|Run|254|Finishing Category: * Set di Istruzioni *, Container: NINA.Sequencer.Container.SequentialContainer, Strategy: SequentialStrategy, Items[FINISHED]: 10
2026-09-02T21:22:40.2131|INFO|MeridianFlipTrigger.cs|ShouldTrigger|296|Meridian Flip - (Side of Pier usage is disabled) There is still time remaining. Max remaining time 01:40:49.2168111, next instruction time 0, next instruction Category: * Set di Istruzioni *, Container: NINA.Sequencer.Container.SequentialContainer, Strategy: SequentialStrategy, Items[CREATED]: 2, Conditions: Condition: TimeCondition, Time: 5:37:37h, 
2026-09-02T21:22:40.2131|INFO|SequenceItem.cs|Run|208|Starting Category: * Set di Istruzioni *, Container: NINA.Sequencer.Container.SequentialContainer, Strategy: SequentialStrategy, Items[CREATED]: 2, Conditions: Condition: TimeCondition, Time: 5:37:37h, 
2026-09-02T21:22:40.2154|INFO|MeridianFlipTrigger.cs|ShouldTrigger|296|Meridian Flip - (Side of Pier usage is disabled) There is still time remaining. Max remaining time 01:40:49.2168111, next instruction time 0, next instruction Category: * Set di Istruzioni *, Container: NINA.Sequencer.Container.SequentialContainer, Strategy: SequentialStrategy, Items[CREATED]: 5, Conditions: Condition: SafetyMonitorCondition, 
2026-09-02T21:22:40.2155|INFO|SequenceItem.cs|Run|208|Starting Category: * Set di Istruzioni *, Container: NINA.Sequencer.Container.SequentialContainer, Strategy: SequentialStrategy, Items[CREATED]: 5, Conditions: Condition: SafetyMonitorCondition, 
2026-09-02T21:22:40.2163|INFO|MeridianFlipTrigger.cs|ShouldTrigger|296|Meridian Flip - (Side of Pier usage is disabled) There is still time remaining. Max remaining time 01:40:49.2168111, next instruction time 0, next instruction Category: * Set di Istruzioni *, Container: NINA.Sequencer.Container.SequentialContainer, Strategy: SequentialStrategy, Items[CREATED]: 7
2026-09-02T21:22:40.2164|INFO|SequenceItem.cs|Run|208|Starting Category: * Set di Istruzioni *, Container: NINA.Sequencer.Container.SequentialContainer, Strategy: SequentialStrategy, Items[CREATED]: 7
2026-09-02T21:22:40.2165|INFO|MeridianFlipTrigger.cs|ShouldTrigger|296|Meridian Flip - (Side of Pier usage is disabled) There is still time remaining. Max remaining time 01:40:49.2168111, next instruction time 0, next instruction Category: Utilità, Item: Annotation, Text: This brief sequence of instructions is required after returning to a Safe condifition from an Unsafe one. It will not negatively affect anything on its initial execution.
2026-09-02T21:22:40.2166|INFO|SequenceItem.cs|Run|208|Starting Category: Utilità, Item: Annotation, Text: This brief sequence of instructions is required after returning to a Safe condifition from an Unsafe one. It will not negatively affect anything on its initial execution.
2026-09-02T21:22:40.2166|INFO|SequenceItem.cs|Run|254|Finishing Category: Utilità, Item: Annotation, Text: This brief sequence of instructions is required after returning to a Safe condifition from an Unsafe one. It will not negatively affect anything on its initial execution.
2026-09-02T21:22:40.2167|INFO|MeridianFlipTrigger.cs|ShouldTrigger|296|Meridian Flip - (Side of Pier usage is disabled) There is still time remaining. Max remaining time 01:40:49.2168111, next instruction time 0, next instruction Category: Utilità, Item: Annotation, Text: The 5 minute wait here can be adjusted as desired. It is here to show 5 minutes of Safety prior to resetting the equipment.
2026-09-02T21:22:40.2167|INFO|SequenceItem.cs|Run|208|Starting Category: Utilità, Item: Annotation, Text: The 5 minute wait here can be adjusted as desired. It is here to show 5 minutes of Safety prior to resetting the equipment.
2026-09-02T21:22:40.2168|INFO|SequenceItem.cs|Run|254|Finishing Category: Utilità, Item: Annotation, Text: The 5 minute wait here can be adjusted as desired. It is here to show 5 minutes of Safety prior to resetting the equipment.
2026-09-02T21:22:40.2169|INFO|MeridianFlipTrigger.cs|ShouldTrigger|296|Meridian Flip - (Side of Pier usage is disabled) There is still time remaining. Max remaining time 01:40:49.2168111, next instruction time 300, next instruction Category: Utilità, Item: WaitForTimeSpan, Time: 300s
2026-09-02T21:22:40.2170|INFO|SequenceItem.cs|Run|208|Starting Category: Utilità, Item: WaitForTimeSpan, Time: 300s
2026-09-02T21:27:40.9232|INFO|SequenceItem.cs|Run|254|Finishing Category: Utilità, Item: WaitForTimeSpan, Time: 300s
2026-09-02T21:27:40.9238|INFO|MeridianFlipTrigger.cs|ShouldTrigger|296|Meridian Flip - (Side of Pier usage is disabled) There is still time remaining. Max remaining time 01:35:45.9628314, next instruction time 0, next instruction Category: Osservatorio, Item: OpenDomeShutter
2026-09-02T21:27:40.9239|INFO|SequenceItem.cs|Run|208|Starting Category: Osservatorio, Item: OpenDomeShutter
2026-09-02T21:27:40.9241|INFO|SequenceItem.cs|Run|254|Finishing Category: Osservatorio, Item: OpenDomeShutter
2026-09-02T21:27:40.9242|INFO|MeridianFlipTrigger.cs|ShouldTrigger|296|Meridian Flip - (Side of Pier usage is disabled) There is still time remaining. Max remaining time 01:35:45.9628314, next instruction time 0, next instruction Category: Telescopio, Item: UnparkScope
2026-09-02T21:27:40.9243|INFO|SequenceItem.cs|Run|208|Starting Category: Telescopio, Item: UnparkScope
2026-09-02T21:27:40.9244|INFO|TelescopeVM.cs|UnparkTelescope|232|Mount ordered to unpark
2026-09-02T21:27:40.9290|INFO|TelescopeVM.cs|UnparkTelescope|277|Mount is already unparked
2026-09-02T21:27:40.9308|INFO|TelescopeVM.cs|UnparkTelescope|282|Mount has unparked
2026-09-02T21:27:40.9309|INFO|SequenceItem.cs|Run|254|Finishing Category: Telescopio, Item: UnparkScope
2026-09-02T21:27:40.9311|INFO|MeridianFlipTrigger.cs|ShouldTrigger|296|Meridian Flip - (Side of Pier usage is disabled) There is still time remaining. Max remaining time 01:35:45.9628314, next instruction time 0, next instruction Category: Apparato per i Flat, Item: OpenCover
2026-09-02T21:27:40.9312|INFO|SequenceItem.cs|Run|208|Starting Category: Apparato per i Flat, Item: OpenCover
2026-09-02T21:27:40.9357|INFO|SequenceItem.cs|Run|254|Finishing Category: Apparato per i Flat, Item: OpenCover
2026-09-02T21:27:40.9361|INFO|MeridianFlipTrigger.cs|ShouldTrigger|296|Meridian Flip - (Side of Pier usage is disabled) There is still time remaining. Max remaining time 01:35:45.9628314, next instruction time 0, next instruction Category: Telescopio, Item: SetTracking, TrackingMode: Sidereal
2026-09-02T21:27:40.9361|INFO|SequenceItem.cs|Run|208|Starting Category: Telescopio, Item: SetTracking, TrackingMode: Sidereal
2026-09-02T21:27:40.9505|INFO|SequenceItem.cs|Run|254|Finishing Category: Telescopio, Item: SetTracking, TrackingMode: Sidereal
2026-09-02T21:27:40.9511|INFO|SequenceItem.cs|Run|254|Finishing Category: * Set di Istruzioni *, Container: NINA.Sequencer.Container.SequentialContainer, Strategy: SequentialStrategy, Items[FINISHED]: 7
2026-09-02T21:27:40.9513|INFO|MeridianFlipTrigger.cs|ShouldTrigger|296|Meridian Flip - (Side of Pier usage is disabled) There is still time remaining. Max remaining time 01:35:45.9628314, next instruction time 0, next instruction Category: * Set di Istruzioni *, Container: NINA.Sequencer.Container.SequentialContainer, Strategy: SequentialStrategy, Items[CREATED]: 2
2026-09-02T21:27:40.9513|INFO|SequenceItem.cs|Run|208|Starting Category: * Set di Istruzioni *, Container: NINA.Sequencer.Container.SequentialContainer, Strategy: SequentialStrategy, Items[CREATED]: 2
2026-09-02T21:27:40.9515|INFO|MeridianFlipTrigger.cs|ShouldTrigger|296|Meridian Flip - (Side of Pier usage is disabled) There is still time remaining. Max remaining time 01:35:45.9628314, next instruction time 0, next instruction Category: Utilità, Item: Annotation, Text: BE SURE TO MATCH EACH TARGET CONTAINER LOOP CONDITION TO THE NESTED TARGET SEQUENCE LOOP CONDITION
2026-09-02T21:27:40.9515|INFO|SequenceItem.cs|Run|208|Starting Category: Utilità, Item: Annotation, Text: BE SURE TO MATCH EACH TARGET CONTAINER LOOP CONDITION TO THE NESTED TARGET SEQUENCE LOOP CONDITION
2026-09-02T21:27:40.9516|INFO|SequenceItem.cs|Run|254|Finishing Category: Utilità, Item: Annotation, Text: BE SURE TO MATCH EACH TARGET CONTAINER LOOP CONDITION TO THE NESTED TARGET SEQUENCE LOOP CONDITION
2026-09-02T21:27:40.9516|INFO|MeridianFlipTrigger.cs|ShouldTrigger|296|Meridian Flip - (Side of Pier usage is disabled) There is still time remaining. Max remaining time 01:35:45.9628314, next instruction time 0, next instruction Category: * Set di Istruzioni *, Container: NINA.Sequencer.Container.SequentialContainer, Strategy: SequentialStrategy, Items[CREATED]: 3, Conditions: Condition: TimeCondition, Time: 5:37:37h, 
2026-09-02T21:27:40.9517|INFO|SequenceItem.cs|Run|208|Starting Category: * Set di Istruzioni *, Container: NINA.Sequencer.Container.SequentialContainer, Strategy: SequentialStrategy, Items[CREATED]: 3, Conditions: Condition: TimeCondition, Time: 5:37:37h, 
2026-09-02T21:27:40.9519|INFO|MeridianFlipTrigger.cs|ShouldTrigger|296|Meridian Flip - (Side of Pier usage is disabled) There is still time remaining. Max remaining time 01:35:45.9628314, next instruction time 0, next instruction Category: Utilità, Item: Annotation, Text: PLACE YOUR ...FIRST... TARGET SEQUENCE OF THE NIGHT ...BELOW... THIS LINE
2026-09-02T21:27:40.9520|INFO|SequenceItem.cs|Run|208|Starting Category: Utilità, Item: Annotation, Text: PLACE YOUR ...FIRST... TARGET SEQUENCE OF THE NIGHT ...BELOW... THIS LINE
2026-09-02T21:27:40.9520|INFO|SequenceItem.cs|Run|254|Finishing Category: Utilità, Item: Annotation, Text: PLACE YOUR ...FIRST... TARGET SEQUENCE OF THE NIGHT ...BELOW... THIS LINE
2026-09-02T21:27:40.9521|INFO|MeridianFlipTrigger.cs|ShouldTrigger|296|Meridian Flip - (Side of Pier usage is disabled) There is still time remaining. Max remaining time 01:35:45.9628314, next instruction time 0, next instruction Category: Utilità, Item: Annotation, Text: PLACE YOUR ...FIRST... TARGET SEQUENCE OF THE NIGHT ...ABOVE... THIS LINE
2026-09-02T21:27:40.9521|INFO|SequenceItem.cs|Run|208|Starting Category: Utilità, Item: Annotation, Text: PLACE YOUR ...FIRST... TARGET SEQUENCE OF THE NIGHT ...ABOVE... THIS LINE
2026-09-02T21:27:40.9522|INFO|SequenceItem.cs|Run|254|Finishing Category: Utilità, Item: Annotation, Text: PLACE YOUR ...FIRST... TARGET SEQUENCE OF THE NIGHT ...ABOVE... THIS LINE
2026-09-02T21:27:40.9538|INFO|MeridianFlipTrigger.cs|ShouldTrigger|296|Meridian Flip - (Side of Pier usage is disabled) There is still time remaining. Max remaining time 01:35:45.9628314, next instruction time 0, next instruction Category: * Set di Istruzioni *, Container: NINA.Sequencer.Container.DeepSkyObjectContainer, Strategy: SequentialStrategy, Items[CREATED]: 4, Triggers: Trigger: CenterAfterDriftTrigger, DistanceArcMinutes: 3, Target: M 27 RA: 19:59:36; Dec: 22° 43' 16"; Epoch: J2000 0
2026-09-02T21:27:40.9541|INFO|SequenceItem.cs|Run|208|Starting Category: * Set di Istruzioni *, Container: NINA.Sequencer.Container.DeepSkyObjectContainer, Strategy: SequentialStrategy, Items[CREATED]: 4, Triggers: Trigger: CenterAfterDriftTrigger, DistanceArcMinutes: 3, Target: M 27 RA: 19:59:36; Dec: 22° 43' 16"; Epoch: J2000 0
2026-09-02T21:27:40.9563|INFO|MeridianFlipTrigger.cs|ShouldTrigger|296|Meridian Flip - (Side of Pier usage is disabled) There is still time remaining. Max remaining time 01:35:45.9628314, next instruction time 0, next instruction Category: Telescopio, Item: Center, Coordinates RA: 19:59:36; Dec: 22° 43' 16"; Epoch: J2000
2026-09-02T21:27:40.9570|INFO|SequenceItem.cs|Run|208|Starting Category: Telescopio, Item: Center, Coordinates RA: 19:59:36; Dec: 22° 43' 16"; Epoch: J2000
2026-09-02T21:27:41.1762|INFO|PHD2Guider.cs|StopGuiding|704|Phd2 - Stop Guiding skipped, as the app is already in state Stopped
2026-09-02T21:27:41.1935|INFO|TelescopeVM.cs|SlewAsyncInternal|910|Slewing from RA: 20:39:31; Dec: 39° 09' 07"; Epoch: JNOW to RA: 20:00:47; Dec: 22° 47' 50"; Epoch: JNOW - Alt: 66° 48' 16"; Az: 143° 25' 20"
2026-09-02T21:28:00.7099|INFO|CameraVM.cs|Capture|742|Starting Exposure - Exposure Time: 15s; Filter: L-Pro; Gain: 15; Offset 132; Binning: 1x1;
2026-09-02T21:28:19.9144|WARNING|DeviceUpdateTimer.cs|Run|115|Camera value update cycle took longer than the device poll interval (Total: 2.70s > 2s; Poll: 00:00:02.6950809; Update: 00:00:00.0001627)
2026-09-02T21:28:20.7469|INFO|ImageSolver.cs|Solve|41|Platesolving with parameters: FocalLength: 1260 PixelSize: 4.54 SearchRadius: 30 BlindFailoverEnabled: True Regions: 5000 DownSampleFactor: 2 MaxObjects: 500 Reference Coordinates RA: 19:59:36 Dec: 22° 43' 16" Epoch: J2000
2026-09-02T21:28:21.0028|INFO|BaseImageData.cs|SaveToDisk|346|Saved image to C:\Users\PrimaLuceLab\AppData\Local\NINA\PlateSolver\o1bbxene.inf.fits
2026-09-02T21:28:22.1749|INFO|ImageSolver.cs|Solve|54|Platesolve successful: Coordinates: RA: 20:02:30; Dec: 22° 32' 33"; Epoch: J2000 - Position Angle: 268.79590848414324
2026-09-02T21:28:22.1948|INFO|CenteringSolver.cs|Center|99|Centering Solver - Scope Position: RA: 20:00:47; Dec: 22° 47' 50"; Epoch: JNOW; Offset: RA: 00:00:00; Dec: 00° 00' 00"; Distance: 00° 00' 00"; Bearing: 00° 00' 00"; Centering Coordinates: RA: 20:00:47; Dec: 22° 47' 50"; Epoch: JNOW; Solved: RA: 20:03:40; Dec: 22° 37' 13"; Epoch: JNOW; Separation RA: -00:02:53; Dec: 00° 10' 38"; Distance: 00° 41' 22"; Bearing: -104° 44' 56"; Threshold: 1
2026-09-02T21:28:22.3818|INFO|TelescopeVM.cs|Sync|777|Syncing scope from RA: 20:00:47; Dec: 22° 47' 50"; Epoch: JNOW to RA: 20:03:40; Dec: 22° 37' 13"; Epoch: JNOW
2026-09-02T21:28:27.3838|INFO|CenteringSolver.cs|Center|132|Slewing to target after sync. Current Position: RA: 20:03:40; Dec: 22° 37' 12"; Epoch: JNOW; Target coordinates: RA: 20:00:47; Dec: 22° 47' 50"; Epoch: JNOW; Offset RA: 00:00:00; Dec: 00° 00' 00"; Distance: 00° 00' 00"; Bearing: 00° 00' 00"
2026-09-02T21:28:27.3946|INFO|TelescopeVM.cs|SlewAsyncInternal|910|Slewing from RA: 20:03:40; Dec: 22° 37' 12"; Epoch: JNOW to RA: 20:00:47; Dec: 22° 47' 50"; Epoch: JNOW - Alt: 66° 53' 20"; Az: 143° 49' 14"
2026-09-02T21:28:41.7921|INFO|CameraVM.cs|Capture|742|Starting Exposure - Exposure Time: 15s; Filter: L-Pro; Gain: 15; Offset 132; Binning: 1x1;
2026-09-02T21:29:01.8028|INFO|ImageSolver.cs|Solve|41|Platesolving with parameters: FocalLength: 1260 PixelSize: 4.54 SearchRadius: 30 BlindFailoverEnabled: True Regions: 5000 DownSampleFactor: 2 MaxObjects: 500 Reference Coordinates RA: 19:59:36 Dec: 22° 43' 16" Epoch: J2000
2026-09-02T21:29:02.0622|INFO|BaseImageData.cs|SaveToDisk|346|Saved image to C:\Users\PrimaLuceLab\AppData\Local\NINA\PlateSolver\2grld0ok.uus.fits
2026-09-02T21:29:03.3472|INFO|ImageSolver.cs|Solve|54|Platesolve successful: Coordinates: RA: 19:59:37; Dec: 22° 43' 26"; Epoch: J2000 - Position Angle: 268.796224077895
2026-09-02T21:29:03.3494|INFO|CenteringSolver.cs|Center|99|Centering Solver - Scope Position: RA: 20:00:47; Dec: 22° 47' 50"; Epoch: JNOW; Offset: RA: 00:00:00; Dec: 00° 00' 00"; Distance: 00° 00' 00"; Bearing: 00° 00' 00"; Centering Coordinates: RA: 20:00:47; Dec: 22° 47' 50"; Epoch: JNOW; Solved: RA: 20:00:47; Dec: 22° 47' 59"; Epoch: JNOW; Separation RA: -00:00:00; Dec: -00° 00' 09"; Distance: 00° 00' 09"; Bearing: -12° 35' 41"; Threshold: 1
2026-09-02T21:29:03.3503|INFO|CenteringSolver.cs|Center|165|Restoring filter to L-Pro after centering
2026-09-02T21:29:03.4620|INFO|SequenceItem.cs|Run|254|Finishing Category: Telescopio, Item: Center, Coordinates RA: 19:59:36; Dec: 22° 43' 16"; Epoch: J2000
2026-09-02T21:29:03.4629|INFO|MeridianFlipTrigger.cs|ShouldTrigger|296|Meridian Flip - (Side of Pier usage is disabled) There is still time remaining. Max remaining time 00:55:39.5825371, next instruction time 0, next instruction Category: Guida, Item: StartGuiding
2026-09-02T21:29:03.4631|INFO|SequenceItem.cs|Run|208|Starting Category: Guida, Item: StartGuiding
2026-09-02T21:29:03.5242|INFO|PHD2Guider.cs|TryStartGuideCommand|641|Phd2 - Requesting to start guiding. Recalibrate: False
2026-09-02T21:29:27.4012|INFO|SequenceItem.cs|Run|254|Finishing Category: Guida, Item: StartGuiding
2026-09-02T21:29:27.4016|INFO|MeridianFlipTrigger.cs|ShouldTrigger|296|Meridian Flip - (Side of Pier usage is disabled) There is still time remaining. Max remaining time 00:55:15.7042932, next instruction time 300, next instruction Category: Utilità, Item: WaitForTimeSpan, Time: 300s
2026-09-02T21:29:27.4017|INFO|SequenceItem.cs|Run|208|Starting Category: Utilità, Item: WaitForTimeSpan, Time: 300s
2026-09-02T21:34:28.8714|INFO|SequenceItem.cs|Run|254|Finishing Category: Utilità, Item: WaitForTimeSpan, Time: 300s
2026-09-02T21:34:28.8726|INFO|MeridianFlipTrigger.cs|ShouldTrigger|296|Meridian Flip - (Side of Pier usage is disabled) There is still time remaining. Max remaining time 00:50:12.6814376, next instruction time 600, next instruction Category: Fotocamera, Container: NINA.Sequencer.SequenceItem.Imaging.SmartExposure, Strategy: SequentialStrategy, Items[CREATED]: 2, Conditions: Condition: LoopCondition, Iterations: 0/40, , Triggers: Trigger: DitherAfterExposures, After Exposures: 1
2026-09-02T21:34:28.8729|INFO|SequenceItem.cs|Run|208|Starting Category: Fotocamera, Container: NINA.Sequencer.SequenceItem.Imaging.SmartExposure, Strategy: SequentialStrategy, Items[CREATED]: 2, Conditions: Condition: LoopCondition, Iterations: 0/40, , Triggers: Trigger: DitherAfterExposures, After Exposures: 1
2026-09-02T21:34:28.8750|INFO|MeridianFlipTrigger.cs|ShouldTrigger|296|Meridian Flip - (Side of Pier usage is disabled) There is still time remaining. Max remaining time 00:50:12.6814376, next instruction time 0, next instruction Category: Ruota porta filtri, Item: SwitchFilter, Filter: L-Pro
2026-09-02T21:34:28.8751|INFO|SequenceItem.cs|Run|208|Starting Category: Ruota porta filtri, Item: SwitchFilter, Filter: L-Pro
2026-09-02T21:34:28.9877|INFO|SequenceItem.cs|Run|254|Finishing Category: Ruota porta filtri, Item: SwitchFilter, Filter: L-Pro
2026-09-02T21:34:28.9891|INFO|MeridianFlipTrigger.cs|ShouldTrigger|296|Meridian Flip - (Side of Pier usage is disabled) There is still time remaining. Max remaining time 00:50:12.6814376, next instruction time 600, next instruction Category: Fotocamera, Item: TakeExposure, ExposureTime 600, Gain 15, Offset 132, ImageType LIGHT, Binning 1x1
2026-09-02T21:34:28.9919|INFO|SequenceTrigger.cs|Run|114|Starting Trigger: RestoreGuiding
2026-09-02T21:34:28.9928|INFO|SequenceItem.cs|Run|208|Starting Category: * Set di Istruzioni *, Container: NINA.Sequencer.Container.SequentialContainer, Strategy: SequentialStrategy, Items[CREATED]: 1
2026-09-02T21:34:28.9931|INFO|SequenceItem.cs|Run|208|Starting Category: Guida, Item: StartGuiding
2026-09-02T21:34:29.0328|INFO|PHD2Guider.cs|StartGuidingPrivate|504|Phd2 - App is already guiding. Skipping start guiding
2026-09-02T21:34:29.0330|INFO|SequenceItem.cs|Run|254|Finishing Category: Guida, Item: StartGuiding
2026-09-02T21:34:29.0332|INFO|SequenceItem.cs|Run|254|Finishing Category: * Set di Istruzioni *, Container: NINA.Sequencer.Container.SequentialContainer, Strategy: SequentialStrategy, Items[FINISHED]: 1
2026-09-02T21:34:29.0751|INFO|SequenceItem.cs|Run|208|Starting Category: Fotocamera, Item: TakeExposure, ExposureTime 600, Gain 15, Offset 132, ImageType LIGHT, Binning 1x1
2026-09-02T21:34:29.0803|INFO|CameraVM.cs|Capture|742|Starting Exposure - Exposure Time: 600s; Filter: ; Gain: 15; Offset 132; Binning: 1x1;
2026-09-02T21:44:35.2909|INFO|SequenceItem.cs|Run|254|Finishing Category: Fotocamera, Item: TakeExposure, ExposureTime 600, Gain 15, Offset 132, ImageType LIGHT, Binning 1x1
2026-09-02T21:44:35.2913|WARNING|DeviceUpdateTimer.cs|Run|115|Camera value update cycle took longer than the device poll interval (Total: 12.06s > 2s; Poll: 00:00:12.0577337; Update: 00:00:00.0051043)
2026-09-02T21:44:35.2918|INFO|MeridianFlipTrigger.cs|ShouldTrigger|296|Meridian Flip - (Side of Pier usage is disabled) There is still time remaining. Max remaining time 00:40:05.1989242, next instruction time 0, next instruction Category: Ruota porta filtri, Item: SwitchFilter, Filter: L-Pro
2026-09-02T21:44:35.2919|INFO|SequenceItem.cs|Run|208|Starting Category: Ruota porta filtri, Item: SwitchFilter, Filter: L-Pro
2026-09-02T21:44:35.4145|INFO|SequenceItem.cs|Run|254|Finishing Category: Ruota porta filtri, Item: SwitchFilter, Filter: L-Pro
2026-09-02T21:44:35.4175|INFO|SequenceTrigger.cs|Run|114|Starting Trigger: DitherAfterExposures, After Exposures: 1
2026-09-02T21:44:35.4185|INFO|SequenceItem.cs|Run|208|Starting Category: * Set di Istruzioni *, Container: NINA.Sequencer.Container.SequentialContainer, Strategy: SequentialStrategy, Items[CREATED]: 1
2026-09-02T21:44:35.4189|INFO|SequenceItem.cs|Run|208|Starting Category: Guida, Item: Dither
2026-09-02T21:44:37.9320|INFO|BaseImageData.cs|SaveToDisk|346|Saved image to D:\Images NINA\Target\LIGHT_1x1_600.00s_15_132_M 27_Celestron C8__-9.96C_L-Pro_0071_2026-09-02_21-34-29_FWHM_NaN_Fok_39100.xisf
2026-09-02T21:44:37.9325|INFO|ImageSaveController.cs|DoWork|97|Successfully saved file at D:\Images NINA\Target\LIGHT_1x1_600.00s_15_132_M 27_Celestron C8__-9.96C_L-Pro_0071_2026-09-02_21-34-29_FWHM_NaN_Fok_39100.xisf. Duration Total: 00:00:02.3756703; BeforeSave: 00:00:00.0043620; BeforeFinalizeImageSaved: 00:00:01.5426805; FinalizeSaveTime: 00:00:00.8286268
2026-09-02T21:44:38.8241|WARNING|DeviceUpdateTimer.cs|Run|115|Dome value update cycle took longer than the device poll interval (Total: 2.60s > 2s; Poll: 00:00:02.2775985; Update: 00:00:00.3245856)
2026-09-02T21:45:01.4065|INFO|SequenceItem.cs|Run|254|Finishing Category: Guida, Item: Dither
2026-09-02T21:45:01.4069|INFO|SequenceItem.cs|Run|254|Finishing Category: * Set di Istruzioni *, Container: NINA.Sequencer.Container.SequentialContainer, Strategy: SequentialStrategy, Items[FINISHED]: 1
2026-09-02T21:45:01.4071|INFO|MeridianFlipTrigger.cs|ShouldTrigger|296|Meridian Flip - (Side of Pier usage is disabled) There is still time remaining. Max remaining time 00:39:38.4348285, next instruction time 600, next instruction Category: Fotocamera, Item: TakeExposure, ExposureTime 600, Gain 15, Offset 132, ImageType LIGHT, Binning 1x1
2026-09-02T21:45:01.4072|INFO|SequenceTrigger.cs|Run|114|Starting Trigger: RestoreGuiding
2026-09-02T21:45:01.4072|INFO|SequenceItem.cs|Run|208|Starting Category: * Set di Istruzioni *, Container: NINA.Sequencer.Container.SequentialContainer, Strategy: SequentialStrategy, Items[CREATED]: 1
2026-09-02T21:45:01.4073|INFO|SequenceItem.cs|Run|208|Starting Category: Guida, Item: StartGuiding
2026-09-02T21:45:01.4369|INFO|PHD2Guider.cs|StartGuidingPrivate|504|Phd2 - App is already guiding. Skipping start guiding
2026-09-02T21:45:01.4370|INFO|SequenceItem.cs|Run|254|Finishing Category: Guida, Item: StartGuiding
2026-09-02T21:45:01.4372|INFO|SequenceItem.cs|Run|254|Finishing Category: * Set di Istruzioni *, Container: NINA.Sequencer.Container.SequentialContainer, Strategy: SequentialStrategy, Items[FINISHED]: 1
2026-09-02T21:45:01.4379|INFO|SequenceItem.cs|Run|208|Starting Category: Fotocamera, Item: TakeExposure, ExposureTime 600, Gain 15, Offset 132, ImageType LIGHT, Binning 1x1
2026-09-02T21:45:01.4383|INFO|CameraVM.cs|Capture|742|Starting Exposure - Exposure Time: 600s; Filter: ; Gain: 15; Offset 132; Binning: 1x1;
2026-09-02T21:55:07.6410|WARNING|DeviceUpdateTimer.cs|Run|115|Camera value update cycle took longer than the device poll interval (Total: 10.39s > 2s; Poll: 00:00:10.3526368; Update: 00:00:00.0387625)
2026-09-02T21:55:07.6589|INFO|SequenceItem.cs|Run|254|Finishing Category: Fotocamera, Item: TakeExposure, ExposureTime 600, Gain 15, Offset 132, ImageType LIGHT, Binning 1x1
2026-09-02T21:55:07.6593|INFO|MeridianFlipTrigger.cs|ShouldTrigger|296|Meridian Flip - (Side of Pier usage is disabled) There is still time remaining. Max remaining time 00:29:30.9420149, next instruction time 0, next instruction Category: Ruota porta filtri, Item: SwitchFilter, Filter: L-Pro
2026-09-02T21:55:07.6593|INFO|SequenceItem.cs|Run|208|Starting Category: Ruota porta filtri, Item: SwitchFilter, Filter: L-Pro
2026-09-02T21:55:07.7805|INFO|SequenceItem.cs|Run|254|Finishing Category: Ruota porta filtri, Item: SwitchFilter, Filter: L-Pro
2026-09-02T21:55:07.7811|INFO|SequenceTrigger.cs|Run|114|Starting Trigger: DitherAfterExposures, After Exposures: 1
2026-09-02T21:55:07.7813|INFO|SequenceItem.cs|Run|208|Starting Category: * Set di Istruzioni *, Container: NINA.Sequencer.Container.SequentialContainer, Strategy: SequentialStrategy, Items[CREATED]: 1
2026-09-02T21:55:07.7814|INFO|SequenceItem.cs|Run|208|Starting Category: Guida, Item: Dither
2026-09-02T21:55:09.4113|INFO|BaseImageData.cs|SaveToDisk|346|Saved image to D:\Images NINA\Target\LIGHT_1x1_600.00s_15_132_M 27_Celestron C8__-9.96C_L-Pro_0072_2026-09-02_21-45-01_FWHM_NaN_Fok_39100.xisf
2026-09-02T21:55:09.4115|INFO|ImageSaveController.cs|DoWork|97|Successfully saved file at D:\Images NINA\Target\LIGHT_1x1_600.00s_15_132_M 27_Celestron C8__-9.96C_L-Pro_0072_2026-09-02_21-45-01_FWHM_NaN_Fok_39100.xisf. Duration Total: 00:00:01.4046578; BeforeSave: 00:00:00.0136543; BeforeFinalizeImageSaved: 00:00:01.3474525; FinalizeSaveTime: 00:00:00.0435501
2026-09-02T21:55:38.1384|INFO|SequenceItem.cs|Run|254|Finishing Category: Guida, Item: Dither
2026-09-02T21:55:38.1387|INFO|SequenceItem.cs|Run|254|Finishing Category: * Set di Istruzioni *, Container: NINA.Sequencer.Container.SequentialContainer, Strategy: SequentialStrategy, Items[FINISHED]: 1
2026-09-02T21:55:38.1388|INFO|MeridianFlipTrigger.cs|ShouldTrigger|296|Meridian Flip - (Side of Pier usage is disabled) There is still time remaining. Max remaining time 00:28:59.9214250, next instruction time 600, next instruction Category: Fotocamera, Item: TakeExposure, ExposureTime 600, Gain 15, Offset 132, ImageType LIGHT, Binning 1x1
2026-09-02T21:55:38.1389|INFO|SequenceTrigger.cs|Run|114|Starting Trigger: RestoreGuiding
2026-09-02T21:55:38.1389|INFO|SequenceItem.cs|Run|208|Starting Category: * Set di Istruzioni *, Container: NINA.Sequencer.Container.SequentialContainer, Strategy: SequentialStrategy, Items[CREATED]: 1
2026-09-02T21:55:38.1391|INFO|SequenceItem.cs|Run|208|Starting Category: Guida, Item: StartGuiding
2026-09-02T21:55:38.1781|INFO|PHD2Guider.cs|StartGuidingPrivate|504|Phd2 - App is already guiding. Skipping start guiding
2026-09-02T21:55:38.1783|INFO|SequenceItem.cs|Run|254|Finishing Category: Guida, Item: StartGuiding
2026-09-02T21:55:38.1833|INFO|SequenceItem.cs|Run|254|Finishing Category: * Set di Istruzioni *, Container: NINA.Sequencer.Container.SequentialContainer, Strategy: SequentialStrategy, Items[FINISHED]: 1
2026-09-02T21:55:38.1835|INFO|SequenceItem.cs|Run|208|Starting Category: Fotocamera, Item: TakeExposure, ExposureTime 600, Gain 15, Offset 132, ImageType LIGHT, Binning 1x1
2026-09-02T21:55:38.1840|INFO|CameraVM.cs|Capture|742|Starting Exposure - Exposure Time: 600s; Filter: ; Gain: 15; Offset 132; Binning: 1x1;
2026-09-02T22:05:44.3513|WARNING|DeviceUpdateTimer.cs|Run|115|Camera value update cycle took longer than the device poll interval (Total: 11.13s > 2s; Poll: 00:00:11.1313952; Update: 00:00:00.0001337)
2026-09-02T22:05:44.3852|INFO|SequenceItem.cs|Run|254|Finishing Category: Fotocamera, Item: TakeExposure, ExposureTime 600, Gain 15, Offset 132, ImageType LIGHT, Binning 1x1
2026-09-02T22:05:44.3858|INFO|MeridianFlipTrigger.cs|ShouldTrigger|296|Meridian Flip - (Side of Pier usage is disabled) There is still time remaining. Max remaining time 00:18:50.0985600, next instruction time 0, next instruction Category: Ruota porta filtri, Item: SwitchFilter, Filter: L-Pro
2026-09-02T22:05:44.3859|INFO|SequenceItem.cs|Run|208|Starting Category: Ruota porta filtri, Item: SwitchFilter, Filter: L-Pro
2026-09-02T22:05:44.5263|INFO|SequenceItem.cs|Run|254|Finishing Category: Ruota porta filtri, Item: SwitchFilter, Filter: L-Pro
2026-09-02T22:05:44.5267|INFO|SequenceTrigger.cs|Run|114|Starting Trigger: DitherAfterExposures, After Exposures: 1
2026-09-02T22:05:44.5268|INFO|SequenceItem.cs|Run|208|Starting Category: * Set di Istruzioni *, Container: NINA.Sequencer.Container.SequentialContainer, Strategy: SequentialStrategy, Items[CREATED]: 1
2026-09-02T22:05:44.5269|INFO|SequenceItem.cs|Run|208|Starting Category: Guida, Item: Dither
2026-09-02T22:05:46.0331|INFO|BaseImageData.cs|SaveToDisk|346|Saved image to D:\Images NINA\Target\LIGHT_1x1_600.00s_15_132_M 27_Celestron C8__-9.96C_L-Pro_0073_2026-09-02_21-55-38_FWHM_NaN_Fok_39100.xisf
2026-09-02T22:05:46.0332|INFO|ImageSaveController.cs|DoWork|97|Successfully saved file at D:\Images NINA\Target\LIGHT_1x1_600.00s_15_132_M 27_Celestron C8__-9.96C_L-Pro_0073_2026-09-02_21-55-38_FWHM_NaN_Fok_39100.xisf. Duration Total: 00:00:01.2938341; BeforeSave: 00:00:00.0245776; BeforeFinalizeImageSaved: 00:00:01.1849330; FinalizeSaveTime: 00:00:00.0843225
2026-09-02T22:05:59.6088|INFO|SequenceItem.cs|Run|254|Finishing Category: Guida, Item: Dither
2026-09-02T22:05:59.6090|INFO|SequenceItem.cs|Run|254|Finishing Category: * Set di Istruzioni *, Container: NINA.Sequencer.Container.SequentialContainer, Strategy: SequentialStrategy, Items[FINISHED]: 1
2026-09-02T22:05:59.6091|INFO|MeridianFlipTrigger.cs|ShouldTrigger|296|Meridian Flip - (Side of Pier usage is disabled) There is still time remaining. Max remaining time 00:18:36.0379977, next instruction time 600, next instruction Category: Fotocamera, Item: TakeExposure, ExposureTime 600, Gain 15, Offset 132, ImageType LIGHT, Binning 1x1
2026-09-02T22:05:59.6093|INFO|SequenceTrigger.cs|Run|114|Starting Trigger: RestoreGuiding
2026-09-02T22:05:59.6094|INFO|SequenceItem.cs|Run|208|Starting Category: * Set di Istruzioni *, Container: NINA.Sequencer.Container.SequentialContainer, Strategy: SequentialStrategy, Items[CREATED]: 1
2026-09-02T22:05:59.6095|INFO|SequenceItem.cs|Run|208|Starting Category: Guida, Item: StartGuiding
2026-09-02T22:05:59.6347|INFO|PHD2Guider.cs|StartGuidingPrivate|504|Phd2 - App is already guiding. Skipping start guiding
2026-09-02T22:05:59.6405|INFO|SequenceItem.cs|Run|254|Finishing Category: Guida, Item: StartGuiding
2026-09-02T22:05:59.6408|INFO|SequenceItem.cs|Run|254|Finishing Category: * Set di Istruzioni *, Container: NINA.Sequencer.Container.SequentialContainer, Strategy: SequentialStrategy, Items[FINISHED]: 1
2026-09-02T22:05:59.6409|INFO|SequenceItem.cs|Run|208|Starting Category: Fotocamera, Item: TakeExposure, ExposureTime 600, Gain 15, Offset 132, ImageType LIGHT, Binning 1x1
2026-09-02T22:05:59.6535|INFO|CameraVM.cs|Capture|742|Starting Exposure - Exposure Time: 600s; Filter: ; Gain: 15; Offset 132; Binning: 1x1;
2026-09-02T22:16:05.8286|WARNING|DeviceUpdateTimer.cs|Run|115|Camera value update cycle took longer than the device poll interval (Total: 10.61s > 2s; Poll: 00:00:10.6093794; Update: 00:00:00.0001278)
2026-09-02T22:16:05.8636|INFO|SequenceItem.cs|Run|254|Finishing Category: Fotocamera, Item: TakeExposure, ExposureTime 600, Gain 15, Offset 132, ImageType LIGHT, Binning 1x1
2026-09-02T22:16:05.8641|INFO|MeridianFlipTrigger.cs|ShouldTrigger|296|Meridian Flip - (Side of Pier usage is disabled) There is still time remaining. Max remaining time 00:08:28.4015316, next instruction time 0, next instruction Category: Ruota porta filtri, Item: SwitchFilter, Filter: L-Pro
2026-09-02T22:16:05.8641|INFO|SequenceItem.cs|Run|208|Starting Category: Ruota porta filtri, Item: SwitchFilter, Filter: L-Pro
2026-09-02T22:16:06.0111|INFO|SequenceItem.cs|Run|254|Finishing Category: Ruota porta filtri, Item: SwitchFilter, Filter: L-Pro
2026-09-02T22:16:06.0114|WARNING|DitherAfterExposures.cs|ShouldTrigger|118|Dither should be triggered, however the meridian flip is too close to be executed
2026-09-02T22:16:06.0115|INFO|MeridianFlipTrigger.cs|ShouldTrigger|290|Meridian Flip - (Side of Pier usage is disabled) No more remaining time available before flip. Max remaining time 00:08:28.4015316, next instruction time 600, next instruction Category: Fotocamera, Item: TakeExposure, ExposureTime 600, Gain 15, Offset 132, ImageType LIGHT, Binning 1x1. Flip should happen now
2026-09-02T22:16:06.0115|INFO|SequenceTrigger.cs|Run|114|Starting Trigger: MeridianFlipTrigger
2026-09-02T22:16:06.0202|INFO|MeridianFlipVM.cs|DoMeridianFlip|160|Meridian Flip - Initializing Meridian Flip. 
Current target coordinates RA: 19:59:36 Dec: 22° 43' 16" Epoch: J2000
Remaining wait time: 00:15:28.4015316
Pause Time Before Meridian: 2
Minutes After Meridian: 5
Max Minutes After Meridian: 6
AutoFocus After Flip: True
Recenter: True
Use SideOfPier: False
Settle Time: 30
2026-09-02T22:16:06.0299|INFO|MeridianFlipVM.cs|StopAutoguider|348|Meridian Flip - Stopping Autoguider
2026-09-02T22:16:07.1786|INFO|MeridianFlipVM.cs|PassMeridian|257|Meridian Flip - Stopping tracking to pass meridian
2026-09-02T22:16:07.7175|INFO|BaseImageData.cs|SaveToDisk|346|Saved image to D:\Images NINA\Target\LIGHT_1x1_600.00s_15_132_M 27_Celestron C8__-9.96C_L-Pro_0074_2026-09-02_22-05-59_FWHM_NaN_Fok_39100.xisf
2026-09-02T22:16:07.7176|INFO|ImageSaveController.cs|DoWork|97|Successfully saved file at D:\Images NINA\Target\LIGHT_1x1_600.00s_15_132_M 27_Celestron C8__-9.96C_L-Pro_0074_2026-09-02_22-05-59_FWHM_NaN_Fok_39100.xisf. Duration Total: 00:00:01.6249834; BeforeSave: 00:00:00.0000856; BeforeFinalizeImageSaved: 00:00:01.5906724; FinalizeSaveTime: 00:00:00.0342249
2026-09-02T22:31:35.6305|INFO|MeridianFlipVM.cs|PassMeridian|269|Meridian Flip - Resuming tracking after passing meridian
2026-09-02T22:31:35.6426|INFO|MeridianFlipVM.cs|DoFlip|124|Meridian Flip - Scope will flip to coordinates RA: 19:59:36 Dec: 22° 43' 16" Epoch: J2000
2026-09-02T22:31:35.7109|INFO|AscomTelescope.cs|MeridianFlip|351|Current side of pier is pierWest, which should be a counter weight down position already. Setting side of pier will be done after the first slew attempt if the mount did not flip the pier side by then.
2026-09-02T22:31:35.7110|INFO|AscomTelescope.cs|MeridianFlip|365|Slewing to coordinates RA: 20:00:47; Dec: 22° 47' 50"; Epoch: JNOW. Attempt 1 / 20
2026-09-02T22:32:28.9995|WARNING|DeviceUpdateTimer.cs|Run|115|Dome value update cycle took longer than the device poll interval (Total: 2.87s > 2s; Poll: 00:00:00.0029559; Update: 00:00:02.8693821)
2026-09-02T22:32:42.8457|INFO|AscomTelescope.cs|MeridianFlip|380|Finished slewing to coordinates. Slew was successful. Setting pier side was successful
2026-09-02T22:32:46.2519|INFO|MeridianFlipVM.cs|Settle|335|Meridian Flip - Settling scope for 30
2026-09-02T22:33:15.3640|INFO|MeridianFlipVM.cs|AutoFocus|231|Meridian Flip - Running Autofocus
2026-09-02T22:33:15.5743|INFO|FocuserMediator.cs|BroadcastAutoFocusRunStarting|92|Autofocus starting notification received
2026-09-02T22:33:15.5997|INFO|PHD2Guider.cs|StopGuiding|704|Phd2 - Stop Guiding skipped, as the app is already in state Stopped
2026-09-02T22:33:15.5999|INFO|AutoFocusEngine.cs|RunAutoFocus|929|Starting AutoFocus with initial position 39100
2026-09-02T22:33:15.7146|INFO|CameraVM.cs|Capture|742|Starting Exposure - Exposure Time: 6s; Filter: L-Pro; Gain: 15; Offset 132; Binning: 2x2;
2026-09-02T22:33:23.0216|INFO|AutoFocusEngine.cs|StartBlindFocusPoints|769|Waiting on initial HFR analysis
2026-09-02T22:33:23.0225|INFO|FocuserVM.cs|MoveFocuserInternal|216|Moving Focuser to position 39900
2026-09-02T22:33:23.5771|INFO|HocusFocusStarDetection.cs|Detect|413|Average HFR: 2.5077983695839485, HFR MAD: 0.3062595662563221, Detected Stars 229, Region: 0
2026-09-02T22:33:31.6681|INFO|CameraVM.cs|Capture|742|Starting Exposure - Exposure Time: 6s; Filter: L-Pro; Gain: 15; Offset 132; Binning: 2x2;
2026-09-02T22:33:38.9724|INFO|FocuserVM.cs|MoveFocuserInternal|216|Moving Focuser to position 39700
2026-09-02T22:33:39.5906|INFO|HocusFocusStarDetection.cs|Detect|413|Average HFR: 1.7686158429027243, HFR MAD: 0.12884368410037905, Detected Stars 215, Region: 0
2026-09-02T22:33:44.4580|INFO|CameraVM.cs|Capture|742|Starting Exposure - Exposure Time: 6s; Filter: L-Pro; Gain: 15; Offset 132; Binning: 2x2;
2026-09-02T22:33:51.7725|INFO|FocuserVM.cs|MoveFocuserInternal|216|Moving Focuser to position 39500
2026-09-02T22:33:53.9868|INFO|HocusFocusStarDetection.cs|Detect|413|Average HFR: 1.7830318034865618, HFR MAD: 0.1331271115226711, Detected Stars 215, Region: 0
2026-09-02T22:33:57.6958|INFO|CameraVM.cs|Capture|742|Starting Exposure - Exposure Time: 6s; Filter: L-Pro; Gain: 15; Offset 132; Binning: 2x2;
2026-09-02T22:34:04.9975|INFO|FocuserVM.cs|MoveFocuserInternal|216|Moving Focuser to position 39300
2026-09-02T22:34:05.6552|INFO|HocusFocusStarDetection.cs|Detect|413|Average HFR: 1.911932091309593, HFR MAD: 0.15798694826343196, Detected Stars 236, Region: 0
2026-09-02T22:34:10.3600|INFO|CameraVM.cs|Capture|742|Starting Exposure - Exposure Time: 6s; Filter: L-Pro; Gain: 15; Offset 132; Binning: 2x2;
2026-09-02T22:34:17.6717|INFO|AutoFocusEngine.cs|StartBlindFocusPoints|797|Waiting on initial focuser move analyses
2026-09-02T22:34:18.1699|INFO|HocusFocusStarDetection.cs|Detect|413|Average HFR: 2.1056508281361714, HFR MAD: 0.22171516616423714, Detected Stars 237, Region: 0
2026-09-02T22:34:18.2036|INFO|FocuserVM.cs|MoveFocuserInternal|216|Moving Focuser to position 39100
2026-09-02T22:34:23.6854|INFO|CameraVM.cs|Capture|742|Starting Exposure - Exposure Time: 6s; Filter: L-Pro; Gain: 15; Offset 132; Binning: 2x2;
2026-09-02T22:34:30.9977|INFO|AutoFocusEngine.cs|StartBlindFocusPoints|870|Waiting on next left movement analysis
2026-09-02T22:34:31.5084|INFO|HocusFocusStarDetection.cs|Detect|413|Average HFR: 2.3520064790837747, HFR MAD: 0.27682888309390385, Detected Stars 228, Region: 0
2026-09-02T22:34:31.7079|INFO|FocuserVM.cs|MoveFocuserInternal|216|Moving Focuser to position 38900
2026-09-02T22:34:37.6890|INFO|CameraVM.cs|Capture|742|Starting Exposure - Exposure Time: 6s; Filter: L-Pro; Gain: 15; Offset 132; Binning: 2x2;
2026-09-02T22:34:44.9926|INFO|AutoFocusEngine.cs|StartBlindFocusPoints|870|Waiting on next left movement analysis
2026-09-02T22:34:45.5260|INFO|HocusFocusStarDetection.cs|Detect|413|Average HFR: 2.5748569283132987, HFR MAD: 0.2790831648949941, Detected Stars 212, Region: 0
2026-09-02T22:34:45.6397|INFO|FocuserVM.cs|MoveFocuserInternal|216|Moving Focuser to position 38700
2026-09-02T22:34:51.6790|INFO|CameraVM.cs|Capture|742|Starting Exposure - Exposure Time: 6s; Filter: L-Pro; Gain: 15; Offset 132; Binning: 2x2;
2026-09-02T22:34:58.9837|INFO|AutoFocusEngine.cs|StartBlindFocusPoints|870|Waiting on next left movement analysis
2026-09-02T22:34:59.5680|INFO|HocusFocusStarDetection.cs|Detect|413|Average HFR: 2.8724943579698494, HFR MAD: 0.40128779136780013, Detected Stars 201, Region: 0
2026-09-02T22:34:59.6243|INFO|FocuserVM.cs|MoveFocuserInternal|216|Moving Focuser to position 40100
2026-09-02T22:35:11.7026|INFO|CameraVM.cs|Capture|742|Starting Exposure - Exposure Time: 6s; Filter: L-Pro; Gain: 15; Offset 132; Binning: 2x2;
2026-09-02T22:35:19.0052|INFO|AutoFocusEngine.cs|StartBlindFocusPoints|884|Waiting on next right movement analysis
2026-09-02T22:35:19.6170|INFO|HocusFocusStarDetection.cs|Detect|413|Average HFR: 1.6796418650912204, HFR MAD: 0.08383505484111708, Detected Stars 168, Region: 0
2026-09-02T22:35:19.6918|INFO|FocuserVM.cs|MoveFocuserInternal|216|Moving Focuser to position 40300
2026-09-02T22:35:25.7015|INFO|CameraVM.cs|Capture|742|Starting Exposure - Exposure Time: 6s; Filter: L-Pro; Gain: 15; Offset 132; Binning: 2x2;
2026-09-02T22:35:33.0052|INFO|AutoFocusEngine.cs|StartBlindFocusPoints|884|Waiting on next right movement analysis
2026-09-02T22:35:33.5007|INFO|HocusFocusStarDetection.cs|Detect|413|Average HFR: 1.641065914235631, HFR MAD: 0.08673572043764288, Detected Stars 153, Region: 0
2026-09-02T22:35:33.5708|INFO|FocuserVM.cs|MoveFocuserInternal|216|Moving Focuser to position 40500
2026-09-02T22:35:39.6968|INFO|CameraVM.cs|Capture|742|Starting Exposure - Exposure Time: 6s; Filter: L-Pro; Gain: 15; Offset 132; Binning: 2x2;
2026-09-02T22:35:47.0085|INFO|AutoFocusEngine.cs|StartBlindFocusPoints|884|Waiting on next right movement analysis
2026-09-02T22:35:47.5435|INFO|HocusFocusStarDetection.cs|Detect|413|Average HFR: 1.6094619359858962, HFR MAD: 0.06549598848942617, Detected Stars 116, Region: 0
2026-09-02T22:35:47.5996|INFO|FocuserVM.cs|MoveFocuserInternal|216|Moving Focuser to position 40700
2026-09-02T22:35:53.6700|INFO|CameraVM.cs|Capture|742|Starting Exposure - Exposure Time: 6s; Filter: L-Pro; Gain: 15; Offset 132; Binning: 2x2;
2026-09-02T22:36:01.0058|INFO|AutoFocusEngine.cs|StartBlindFocusPoints|884|Waiting on next right movement analysis
2026-09-02T22:36:01.5621|INFO|HocusFocusStarDetection.cs|Detect|413|Average HFR: 1.5995659173735208, HFR MAD: 0.07121165134383323, Detected Stars 127, Region: 0
2026-09-02T22:36:01.6452|INFO|FocuserVM.cs|MoveFocuserInternal|216|Moving Focuser to position 40900
2026-09-02T22:36:07.6870|INFO|CameraVM.cs|Capture|742|Starting Exposure - Exposure Time: 6s; Filter: L-Pro; Gain: 15; Offset 132; Binning: 2x2;
2026-09-02T22:36:15.0089|INFO|AutoFocusEngine.cs|StartBlindFocusPoints|884|Waiting on next right movement analysis
2026-09-02T22:36:15.5746|INFO|HocusFocusStarDetection.cs|Detect|413|Average HFR: 1.6852554759808258, HFR MAD: 0.10611074706108048, Detected Stars 188, Region: 0
2026-09-02T22:36:15.6897|INFO|FocuserVM.cs|MoveFocuserInternal|216|Moving Focuser to position 41100
2026-09-02T22:36:21.7207|INFO|CameraVM.cs|Capture|742|Starting Exposure - Exposure Time: 6s; Filter: L-Pro; Gain: 15; Offset 132; Binning: 2x2;
2026-09-02T22:36:29.0347|INFO|AutoFocusEngine.cs|StartBlindFocusPoints|884|Waiting on next right movement analysis
2026-09-02T22:36:29.6816|INFO|HocusFocusStarDetection.cs|Detect|413|Average HFR: 1.8763300053725607, HFR MAD: 0.15387629520132262, Detected Stars 228, Region: 0
2026-09-02T22:36:29.8433|INFO|AutoFocusEngine.cs|StartBlindFocusPoints|823|Enough left trend points (6) with an established minimum (40700) to queue remaining right focus points up to 41500
2026-09-02T22:36:29.8436|INFO|FocuserVM.cs|MoveFocuserInternal|216|Moving Focuser to position 41300
2026-09-02T22:36:35.6760|INFO|CameraVM.cs|Capture|742|Starting Exposure - Exposure Time: 6s; Filter: L-Pro; Gain: 15; Offset 132; Binning: 2x2;
2026-09-02T22:36:42.9796|INFO|FocuserVM.cs|MoveFocuserInternal|216|Moving Focuser to position 41500
2026-09-02T22:36:43.4845|INFO|HocusFocusStarDetection.cs|Detect|413|Average HFR: 2.1705326355324406, HFR MAD: 0.1942053422585075, Detected Stars 228, Region: 0
2026-09-02T22:36:48.2379|INFO|CameraVM.cs|Capture|742|Starting Exposure - Exposure Time: 6s; Filter: L-Pro; Gain: 15; Offset 132; Binning: 2x2;
2026-09-02T22:36:55.5527|INFO|AutoFocusEngine.cs|StartBlindFocusPoints|896|Waiting on remaining AutoFocus analysis tasks
2026-09-02T22:36:56.0585|INFO|HocusFocusStarDetection.cs|Detect|413|Average HFR: 2.663590772030973, HFR MAD: 0.21569452581567505, Detected Stars 207, Region: 0
2026-09-02T22:36:56.1829|INFO|FocuserVM.cs|MoveFocuserInternal|216|Moving Focuser to position 40652
2026-09-02T22:37:05.5559|INFO|AutoFocusEngine.cs|ValidateCalculatedFocusPosition|1141|Validating HFR at final focus position 40652
2026-09-02T22:37:05.6729|INFO|CameraVM.cs|Capture|742|Starting Exposure - Exposure Time: 6s; Filter: L-Pro; Gain: 15; Offset 132; Binning: 2x2;
2026-09-02T22:37:13.4988|INFO|HocusFocusStarDetection.cs|Detect|413|Average HFR: 2.04193128250242, HFR MAD: 0.1668452665719793, Detected Stars 237, Region: 0
2026-09-02T22:37:13.5000|INFO|HocusFocusVM.cs|AutoFocusEngine_Completed|473|AutoFocus completed with focuser starting at 39100 and ending at 40652
2026-09-02T22:37:13.5036|INFO|FocuserMediator.cs|BroadcastSuccessfulAutoFocusRun|46|Autofocus notification received - Temperature 22.75
2026-09-02T22:37:13.6329|INFO|AutoFocusEngine.cs|PerformPostAutoFocusActions|1022|Re-enabling temperature compensation after AutoFocus
2026-09-02T22:37:13.6539|INFO|MeridianFlipVM.cs|Recenter|278|Meridian Flip - Recenter after meridian flip
2026-09-02T22:37:13.9044|INFO|CameraVM.cs|Capture|742|Starting Exposure - Exposure Time: 15s; Filter: L-Pro; Gain: 15; Offset 132; Binning: 1x1;
2026-09-02T22:37:33.7752|INFO|ImageSolver.cs|Solve|41|Platesolving with parameters: FocalLength: 1260 PixelSize: 4.54 SearchRadius: 30 BlindFailoverEnabled: True Regions: 5000 DownSampleFactor: 2 MaxObjects: 500 Reference Coordinates RA: 19:59:36 Dec: 22° 43' 16" Epoch: J2000
2026-09-02T22:37:34.0652|INFO|BaseImageData.cs|SaveToDisk|346|Saved image to C:\Users\PrimaLuceLab\AppData\Local\NINA\PlateSolver\hdacpkt4.jsm.fits
2026-09-02T22:37:35.2619|INFO|ImageSolver.cs|Solve|54|Platesolve successful: Coordinates: RA: 19:56:30; Dec: 22° 53' 13"; Epoch: J2000 - Position Angle: 89.46971153825797
2026-09-02T22:37:35.2647|INFO|CenteringSolver.cs|Center|99|Centering Solver - Scope Position: RA: 20:00:48; Dec: 22° 47' 44"; Epoch: JNOW; Offset: RA: 00:00:00; Dec: 00° 00' 00"; Distance: 00° 00' 00"; Bearing: 00° 00' 00"; Centering Coordinates: RA: 20:00:47; Dec: 22° 47' 50"; Epoch: JNOW; Solved: RA: 19:57:40; Dec: 22° 57' 40"; Epoch: JNOW; Separation RA: 00:03:07; Dec: -00° 09' 50"; Distance: 00° 44' 11"; Bearing: 76° 59' 07"; Threshold: 1
2026-09-02T22:37:35.3648|INFO|TelescopeVM.cs|Sync|777|Syncing scope from RA: 20:00:48; Dec: 22° 47' 44"; Epoch: JNOW to RA: 19:57:40; Dec: 22° 57' 40"; Epoch: JNOW
2026-09-02T22:37:40.3658|INFO|CenteringSolver.cs|Center|132|Slewing to target after sync. Current Position: RA: 19:57:40; Dec: 22° 57' 40"; Epoch: JNOW; Target coordinates: RA: 20:00:47; Dec: 22° 47' 50"; Epoch: JNOW; Offset RA: 00:00:00; Dec: 00° 00' 00"; Distance: 00° 00' 00"; Bearing: 00° 00' 00"
2026-09-02T22:37:40.3728|INFO|TelescopeVM.cs|SlewAsyncInternal|910|Slewing from RA: 19:57:40; Dec: 22° 57' 40"; Epoch: JNOW to RA: 20:00:47; Dec: 22° 47' 50"; Epoch: JNOW - Alt: 70° 10' 48"; Az: 187° 37' 03"
2026-09-02T22:37:54.6214|INFO|CameraVM.cs|Capture|742|Starting Exposure - Exposure Time: 15s; Filter: L-Pro; Gain: 15; Offset 132; Binning: 1x1;
2026-09-02T22:38:13.8482|WARNING|DeviceUpdateTimer.cs|Run|115|Camera value update cycle took longer than the device poll interval (Total: 2.30s > 2s; Poll: 00:00:02.3003232; Update: 00:00:00.0001124)
2026-09-02T22:38:14.4481|INFO|ImageSolver.cs|Solve|41|Platesolving with parameters: FocalLength: 1260 PixelSize: 4.54 SearchRadius: 30 BlindFailoverEnabled: True Regions: 5000 DownSampleFactor: 2 MaxObjects: 500 Reference Coordinates RA: 19:59:36 Dec: 22° 43' 16" Epoch: J2000
2026-09-02T22:38:14.8107|INFO|BaseImageData.cs|SaveToDisk|346|Saved image to C:\Users\PrimaLuceLab\AppData\Local\NINA\PlateSolver\u4gxcg0h.yjs.fits
2026-09-02T22:38:16.0226|INFO|ImageSolver.cs|Solve|54|Platesolve successful: Coordinates: RA: 19:59:36; Dec: 22° 43' 12"; Epoch: J2000 - Position Angle: 89.46244583575816
2026-09-02T22:38:16.0246|INFO|CenteringSolver.cs|Center|99|Centering Solver - Scope Position: RA: 20:00:47; Dec: 22° 47' 50"; Epoch: JNOW; Offset: RA: 00:00:00; Dec: 00° 00' 00"; Distance: 00° 00' 00"; Bearing: 00° 00' 00"; Centering Coordinates: RA: 20:00:47; Dec: 22° 47' 50"; Epoch: JNOW; Solved: RA: 20:00:47; Dec: 22° 47' 45"; Epoch: JNOW; Separation RA: -00:00:00; Dec: 00° 00' 05"; Distance: 00° 00' 05"; Bearing: -177° 28' 28"; Threshold: 1
2026-09-02T22:38:16.0246|INFO|CenteringSolver.cs|Center|165|Restoring filter to L-Pro after centering
2026-09-02T22:38:16.1538|INFO|MeridianFlipVM.cs|SelectNewGuideStar|329|Meridian Flip - Selecting new guide star
2026-09-02T22:38:31.0752|INFO|MeridianFlipVM.cs|ResumeAutoguider|321|Meridian Flip - Resuming Autoguider
2026-09-02T22:38:31.1454|INFO|PHD2Guider.cs|TryStartGuideCommand|641|Phd2 - Requesting to start guiding. Recalibrate: False
2026-09-02T22:38:47.9631|INFO|MeridianFlipVM.cs|Settle|335|Meridian Flip - Settling scope for 30
2026-09-02T22:39:17.0633|INFO|MeridianFlipVM.cs|DoMeridianFlip|221|Meridian Flip - Exiting meridian flip
2026-09-02T22:39:17.1419|INFO|SequenceTrigger.cs|Run|114|Starting Trigger: RestoreGuiding
2026-09-02T22:39:17.1422|INFO|SequenceItem.cs|Run|208|Starting Category: * Set di Istruzioni *, Container: NINA.Sequencer.Container.SequentialContainer, Strategy: SequentialStrategy, Items[CREATED]: 1
2026-09-02T22:39:17.1423|INFO|SequenceItem.cs|Run|208|Starting Category: Guida, Item: StartGuiding
2026-09-02T22:39:17.1679|INFO|PHD2Guider.cs|StartGuidingPrivate|504|Phd2 - App is already guiding. Skipping start guiding
2026-09-02T22:39:17.1708|INFO|SequenceItem.cs|Run|254|Finishing Category: Guida, Item: StartGuiding
2026-09-02T22:39:17.1723|INFO|SequenceItem.cs|Run|254|Finishing Category: * Set di Istruzioni *, Container: NINA.Sequencer.Container.SequentialContainer, Strategy: SequentialStrategy, Items[FINISHED]: 1
2026-09-02T22:39:17.1724|INFO|SequenceItem.cs|Run|208|Starting Category: Fotocamera, Item: TakeExposure, ExposureTime 600, Gain 15, Offset 132, ImageType LIGHT, Binning 1x1
2026-09-02T22:39:17.1729|INFO|CameraVM.cs|Capture|742|Starting Exposure - Exposure Time: 600s; Filter: ; Gain: 15; Offset 132; Binning: 1x1;
2026-09-02T22:43:25.7078|WARNING|DeviceUpdateTimer.cs|Run|115|Dome value update cycle took longer than the device poll interval (Total: 3.16s > 2s; Poll: 00:00:00.0036617; Update: 00:00:03.1558020)
2026-09-02T22:49:23.4255|WARNING|DeviceUpdateTimer.cs|Run|115|Camera value update cycle took longer than the device poll interval (Total: 11.87s > 2s; Poll: 00:00:11.8728332; Update: 00:00:00.0001255)
2026-09-02T22:49:23.4519|INFO|SequenceItem.cs|Run|254|Finishing Category: Fotocamera, Item: TakeExposure, ExposureTime 600, Gain 15, Offset 132, ImageType LIGHT, Binning 1x1
2026-09-02T22:49:23.4527|INFO|MeridianFlipTrigger.cs|ShouldTrigger|211|Meridian Flip - Flip for the current target already happened at 09/02/2026 22:16:06. Skip flip evaluation
2026-09-02T22:49:23.4527|INFO|SequenceItem.cs|Run|208|Starting Category: Ruota porta filtri, Item: SwitchFilter, Filter: L-Pro
2026-09-02T22:49:23.6280|INFO|SequenceItem.cs|Run|254|Finishing Category: Ruota porta filtri, Item: SwitchFilter, Filter: L-Pro
2026-09-02T22:49:23.6283|INFO|SequenceTrigger.cs|Run|114|Starting Trigger: DitherAfterExposures, After Exposures: 1
2026-09-02T22:49:23.6284|INFO|SequenceItem.cs|Run|208|Starting Category: * Set di Istruzioni *, Container: NINA.Sequencer.Container.SequentialContainer, Strategy: SequentialStrategy, Items[CREATED]: 1
2026-09-02T22:49:23.6285|INFO|SequenceItem.cs|Run|208|Starting Category: Guida, Item: Dither
2026-09-02T22:49:23.8000|INFO|ImageSolver.cs|Solve|41|Platesolving with parameters: FocalLength: 1260 PixelSize: 4.54 SearchRadius: 30 BlindFailoverEnabled: True Regions: 5000 DownSampleFactor: 2 MaxObjects: 500 Reference Coordinates RA: 19:59:36 Dec: 22° 43' 43" Epoch: J2000
2026-09-02T22:49:24.1993|INFO|BaseImageData.cs|SaveToDisk|346|Saved image to C:\Users\PrimaLuceLab\AppData\Local\NINA\PlateSolver\rna40xqp.oje.fits
2026-09-02T22:49:26.5029|INFO|HocusFocusStarDetection.cs|Detect|413|Average HFR: 5.604841033028126, HFR MAD: 0.3127534140927004, Detected Stars 71, Region: 0
2026-09-02T22:49:27.0800|WARNING|DeviceUpdateTimer.cs|Run|115|Dome value update cycle took longer than the device poll interval (Total: 2.38s > 2s; Poll: 00:00:00.6588541; Update: 00:00:01.7204106)
2026-09-02T22:49:27.1701|INFO|BaseImageData.cs|SaveToDisk|346|Saved image to D:\Images NINA\Target\LIGHT_1x1_600.00s_15_132_M 27_Celestron C8__-9.96C_L-Pro_0075_2026-09-02_22-39-17_FWHM_NaN_Fok_40652.xisf
2026-09-02T22:49:27.1753|INFO|ImageSaveController.cs|DoWork|97|Successfully saved file at D:\Images NINA\Target\LIGHT_1x1_600.00s_15_132_M 27_Celestron C8__-9.96C_L-Pro_0075_2026-09-02_22-39-17_FWHM_NaN_Fok_40652.xisf. Duration Total: 00:00:03.3952482; BeforeSave: 00:00:00.0173741; BeforeFinalizeImageSaved: 00:00:03.2973375; FinalizeSaveTime: 00:00:00.0805357
2026-09-02T22:49:57.7859|INFO|SequenceItem.cs|Run|254|Finishing Category: Guida, Item: Dither
2026-09-02T22:49:57.7861|INFO|SequenceItem.cs|Run|254|Finishing Category: * Set di Istruzioni *, Container: NINA.Sequencer.Container.SequentialContainer, Strategy: SequentialStrategy, Items[FINISHED]: 1
2026-09-02T22:49:57.7867|INFO|MeridianFlipTrigger.cs|ShouldTrigger|211|Meridian Flip - Flip for the current target already happened at 09/02/2026 22:16:06. Skip flip evaluation
2026-09-02T22:49:57.7867|INFO|SequenceTrigger.cs|Run|114|Starting Trigger: RestoreGuiding
2026-09-02T22:49:57.7867|INFO|SequenceItem.cs|Run|208|Starting Category: * Set di Istruzioni *, Container: NINA.Sequencer.Container.SequentialContainer, Strategy: SequentialStrategy, Items[CREATED]: 1
2026-09-02T22:49:57.7868|INFO|SequenceItem.cs|Run|208|Starting Category: Guida, Item: StartGuiding
2026-09-02T22:49:57.8353|INFO|PHD2Guider.cs|StartGuidingPrivate|504|Phd2 - App is already guiding. Skipping start guiding
2026-09-02T22:49:57.8386|INFO|SequenceItem.cs|Run|254|Finishing Category: Guida, Item: StartGuiding
2026-09-02T22:49:57.8389|INFO|SequenceItem.cs|Run|254|Finishing Category: * Set di Istruzioni *, Container: NINA.Sequencer.Container.SequentialContainer, Strategy: SequentialStrategy, Items[FINISHED]: 1
2026-09-02T22:49:57.8585|INFO|SequenceItem.cs|Run|208|Starting Category: Fotocamera, Item: TakeExposure, ExposureTime 600, Gain 15, Offset 132, ImageType LIGHT, Binning 1x1
2026-09-02T22:49:57.8591|INFO|CameraVM.cs|Capture|742|Starting Exposure - Exposure Time: 600s; Filter: ; Gain: 15; Offset 132; Binning: 1x1;
2026-09-02T22:56:35.0368|ERROR|ASTAPSolver.cs|ReadResult|62|ASTAP - Plate solve failed.
 Star database limit was reached!

2026-09-02T22:56:35.0405|INFO|ImageSolver.cs|Solve|41|Platesolving with parameters: FocalLength: 1260 PixelSize: 4.54 SearchRadius: 30 BlindFailoverEnabled: True Regions: 5000 DownSampleFactor: 2 MaxObjects: 500 
2026-09-02T22:56:35.9222|INFO|BaseImageData.cs|SaveToDisk|346|Saved image to C:\Users\PrimaLuceLab\AppData\Local\NINA\PlateSolver\olwnyem5.0lz.fits
2026-09-02T22:57:20.8060|INFO|AstrometryPlateSolver.cs|SubmitImageJob|166|Plate Solving: Astrometry.net: Submission 15969619 created for solving.
2026-09-02T22:57:44.5527|INFO|AstrometryPlateSolver.cs|GetJobResult|191|Plate Solving: Astrometry.net: Job 16805165 completed successfully.
2026-09-02T22:57:45.0263|INFO|AstrometryPlateSolver.cs|GetJobResult|201|Plate Solving: Astrometry.net: Job 16805165 successfully retrieved.
2026-09-02T22:57:45.0545|INFO|ImageSolver.cs|Solve|54|Platesolve successful: Coordinates: RA: 19:59:37; Dec: 22° 43' 07"; Epoch: J2000 - Position Angle: 89.44781740065127
2026-09-02T22:57:45.0546|INFO|ImageSolver.cs|Solve|54|Platesolve successful: Coordinates: RA: 19:59:37; Dec: 22° 43' 07"; Epoch: J2000 - Position Angle: 89.44781740065127
2026-09-02T22:57:45.0553|INFO|CenterAfterDriftTrigger.cs|PlatesolvingImageFollower_PropertyChanged|189|Drift: 0.19448283107000655 / 3 arc minutes
2026-09-02T23:00:04.1608|WARNING|DeviceUpdateTimer.cs|Run|115|Camera value update cycle took longer than the device poll interval (Total: 9.62s > 2s; Poll: 00:00:09.6227609; Update: 00:00:00.0001175)
2026-09-02T23:00:04.1615|INFO|SequenceItem.cs|Run|254|Finishing Category: Fotocamera, Item: TakeExposure, ExposureTime 600, Gain 15, Offset 132, ImageType LIGHT, Binning 1x1
2026-09-02T23:00:04.1622|INFO|MeridianFlipTrigger.cs|ShouldTrigger|211|Meridian Flip - Flip for the current target already happened at 09/02/2026 22:16:06. Skip flip evaluation
2026-09-02T23:00:04.1622|INFO|SequenceItem.cs|Run|208|Starting Category: Ruota porta filtri, Item: SwitchFilter, Filter: L-Pro
2026-09-02T23:00:04.3590|INFO|SequenceItem.cs|Run|254|Finishing Category: Ruota porta filtri, Item: SwitchFilter, Filter: L-Pro
2026-09-02T23:00:04.3593|INFO|SequenceTrigger.cs|Run|114|Starting Trigger: DitherAfterExposures, After Exposures: 1
2026-09-02T23:00:04.3594|INFO|SequenceItem.cs|Run|208|Starting Category: * Set di Istruzioni *, Container: NINA.Sequencer.Container.SequentialContainer, Strategy: SequentialStrategy, Items[CREATED]: 1
2026-09-02T23:00:04.3595|INFO|SequenceItem.cs|Run|208|Starting Category: Guida, Item: Dither
2026-09-02T23:00:06.1152|INFO|HocusFocusStarDetection.cs|Detect|413|Average HFR: 5.5608779083976625, HFR MAD: 0.380224054558159, Detected Stars 42, Region: 0
2026-09-02T23:00:06.5523|INFO|BaseImageData.cs|SaveToDisk|346|Saved image to D:\Images NINA\Target\LIGHT_1x1_600.00s_15_132_M 27_Celestron C8__-9.96C_L-Pro_0076_2026-09-02_22-49-58_FWHM_NaN_Fok_40652.xisf
2026-09-02T23:00:06.5524|INFO|ImageSaveController.cs|DoWork|97|Successfully saved file at D:\Images NINA\Target\LIGHT_1x1_600.00s_15_132_M 27_Celestron C8__-9.96C_L-Pro_0076_2026-09-02_22-49-58_FWHM_NaN_Fok_40652.xisf. Duration Total: 00:00:01.9961922; BeforeSave: 00:00:00.0000781; BeforeFinalizeImageSaved: 00:00:01.9410925; FinalizeSaveTime: 00:00:00.0550210
2026-09-02T23:00:31.1784|INFO|SequenceItem.cs|Run|254|Finishing Category: Guida, Item: Dither
2026-09-02T23:00:31.1787|INFO|SequenceItem.cs|Run|254|Finishing Category: * Set di Istruzioni *, Container: NINA.Sequencer.Container.SequentialContainer, Strategy: SequentialStrategy, Items[FINISHED]: 1
2026-09-02T23:00:31.1792|INFO|MeridianFlipTrigger.cs|ShouldTrigger|211|Meridian Flip - Flip for the current target already happened at 09/02/2026 22:16:06. Skip flip evaluation
2026-09-02T23:00:31.1793|INFO|SequenceTrigger.cs|Run|114|Starting Trigger: RestoreGuiding
2026-09-02T23:00:31.1794|INFO|SequenceItem.cs|Run|208|Starting Category: * Set di Istruzioni *, Container: NINA.Sequencer.Container.SequentialContainer, Strategy: SequentialStrategy, Items[CREATED]: 1
2026-09-02T23:00:31.1794|INFO|SequenceItem.cs|Run|208|Starting Category: Guida, Item: StartGuiding
2026-09-02T23:00:31.2317|INFO|PHD2Guider.cs|StartGuidingPrivate|504|Phd2 - App is already guiding. Skipping start guiding
2026-09-02T23:00:31.2370|INFO|SequenceItem.cs|Run|254|Finishing Category: Guida, Item: StartGuiding
2026-09-02T23:00:31.2372|INFO|SequenceItem.cs|Run|254|Finishing Category: * Set di Istruzioni *, Container: NINA.Sequencer.Container.SequentialContainer, Strategy: SequentialStrategy, Items[FINISHED]: 1
2026-09-02T23:00:31.2377|INFO|SequenceItem.cs|Run|208|Starting Category: Fotocamera, Item: TakeExposure, ExposureTime 600, Gain 15, Offset 132, ImageType LIGHT, Binning 1x1
2026-09-02T23:00:31.2383|INFO|CameraVM.cs|Capture|742|Starting Exposure - Exposure Time: 600s; Filter: ; Gain: 15; Offset 132; Binning: 1x1;
2026-09-02T23:10:37.4201|INFO|SequenceItem.cs|Run|254|Finishing Category: Fotocamera, Item: TakeExposure, ExposureTime 600, Gain 15, Offset 132, ImageType LIGHT, Binning 1x1
2026-09-02T23:10:37.4209|INFO|MeridianFlipTrigger.cs|ShouldTrigger|211|Meridian Flip - Flip for the current target already happened at 09/02/2026 22:16:06. Skip flip evaluation
2026-09-02T23:10:37.4209|INFO|SequenceItem.cs|Run|208|Starting Category: Ruota porta filtri, Item: SwitchFilter, Filter: L-Pro
2026-09-02T23:10:37.4214|WARNING|DeviceUpdateTimer.cs|Run|115|Camera value update cycle took longer than the device poll interval (Total: 11.88s > 2s; Poll: 00:00:11.8714495; Update: 00:00:00.0035815)
2026-09-02T23:10:37.5521|INFO|SequenceItem.cs|Run|254|Finishing Category: Ruota porta filtri, Item: SwitchFilter, Filter: L-Pro
2026-09-02T23:10:37.5525|INFO|SequenceTrigger.cs|Run|114|Starting Trigger: DitherAfterExposures, After Exposures: 1
2026-09-02T23:10:37.5526|INFO|SequenceItem.cs|Run|208|Starting Category: * Set di Istruzioni *, Container: NINA.Sequencer.Container.SequentialContainer, Strategy: SequentialStrategy, Items[CREATED]: 1
2026-09-02T23:10:37.5527|INFO|SequenceItem.cs|Run|208|Starting Category: Guida, Item: Dither
2026-09-02T23:10:39.7722|INFO|HocusFocusStarDetection.cs|Detect|413|Average HFR: 4.933853836640143, HFR MAD: 0.4335860982231168, Detected Stars 145, Region: 0
2026-09-02T23:10:40.2361|INFO|BaseImageData.cs|SaveToDisk|346|Saved image to D:\Images NINA\Target\LIGHT_1x1_600.00s_15_132_M 27_Celestron C8__-9.96C_L-Pro_0077_2026-09-02_23-00-31_FWHM_7.85_Fok_40652.xisf
2026-09-02T23:10:40.2362|INFO|ImageSaveController.cs|DoWork|97|Successfully saved file at D:\Images NINA\Target\LIGHT_1x1_600.00s_15_132_M 27_Celestron C8__-9.96C_L-Pro_0077_2026-09-02_23-00-31_FWHM_7.85_Fok_40652.xisf. Duration Total: 00:00:02.3093320; BeforeSave: 00:00:00.0000880; BeforeFinalizeImageSaved: 00:00:02.2456757; FinalizeSaveTime: 00:00:00.0635677
2026-09-02T23:11:07.7909|INFO|SequenceItem.cs|Run|254|Finishing Category: Guida, Item: Dither
2026-09-02T23:11:07.7913|INFO|SequenceItem.cs|Run|254|Finishing Category: * Set di Istruzioni *, Container: NINA.Sequencer.Container.SequentialContainer, Strategy: SequentialStrategy, Items[FINISHED]: 1
2026-09-02T23:11:07.7919|INFO|MeridianFlipTrigger.cs|ShouldTrigger|211|Meridian Flip - Flip for the current target already happened at 09/02/2026 22:16:06. Skip flip evaluation
2026-09-02T23:11:07.7919|INFO|SequenceTrigger.cs|Run|114|Starting Trigger: RestoreGuiding
2026-09-02T23:11:07.7920|INFO|SequenceItem.cs|Run|208|Starting Category: * Set di Istruzioni *, Container: NINA.Sequencer.Container.SequentialContainer, Strategy: SequentialStrategy, Items[CREATED]: 1
2026-09-02T23:11:07.7921|INFO|SequenceItem.cs|Run|208|Starting Category: Guida, Item: StartGuiding
2026-09-02T23:11:07.8227|INFO|PHD2Guider.cs|StartGuidingPrivate|504|Phd2 - App is already guiding. Skipping start guiding
2026-09-02T23:11:07.8255|INFO|SequenceItem.cs|Run|254|Finishing Category: Guida, Item: StartGuiding
2026-09-02T23:11:07.8259|INFO|SequenceItem.cs|Run|254|Finishing Category: * Set di Istruzioni *, Container: NINA.Sequencer.Container.SequentialContainer, Strategy: SequentialStrategy, Items[FINISHED]: 1
2026-09-02T23:11:07.8302|INFO|SequenceItem.cs|Run|208|Starting Category: Fotocamera, Item: TakeExposure, ExposureTime 600, Gain 15, Offset 132, ImageType LIGHT, Binning 1x1
2026-09-02T23:11:07.8308|INFO|CameraVM.cs|Capture|742|Starting Exposure - Exposure Time: 600s; Filter: ; Gain: 15; Offset 132; Binning: 1x1;
2026-09-02T23:21:14.0304|WARNING|DeviceUpdateTimer.cs|Run|115|Camera value update cycle took longer than the device poll interval (Total: 10.48s > 2s; Poll: 00:00:10.4789319; Update: 00:00:00.0001286)
2026-09-02T23:21:14.0431|INFO|SequenceItem.cs|Run|254|Finishing Category: Fotocamera, Item: TakeExposure, ExposureTime 600, Gain 15, Offset 132, ImageType LIGHT, Binning 1x1
2026-09-02T23:21:14.0750|INFO|MeridianFlipTrigger.cs|ShouldTrigger|211|Meridian Flip - Flip for the current target already happened at 09/02/2026 22:16:06. Skip flip evaluation
2026-09-02T23:21:14.0752|INFO|SequenceItem.cs|Run|208|Starting Category: Ruota porta filtri, Item: SwitchFilter, Filter: L-Pro
2026-09-02T23:21:14.2628|INFO|SequenceItem.cs|Run|254|Finishing Category: Ruota porta filtri, Item: SwitchFilter, Filter: L-Pro
2026-09-02T23:21:14.3349|INFO|SequenceTrigger.cs|Run|114|Starting Trigger: DitherAfterExposures, After Exposures: 1
2026-09-02T23:21:14.3351|INFO|SequenceItem.cs|Run|208|Starting Category: * Set di Istruzioni *, Container: NINA.Sequencer.Container.SequentialContainer, Strategy: SequentialStrategy, Items[CREATED]: 1
2026-09-02T23:21:14.3352|INFO|SequenceItem.cs|Run|208|Starting Category: Guida, Item: Dither
2026-09-02T23:21:17.1290|INFO|HocusFocusStarDetection.cs|Detect|413|Average HFR: 4.2054510908336376, HFR MAD: 0.4786177277389849, Detected Stars 248, Region: 0
2026-09-02T23:21:17.5290|INFO|BaseImageData.cs|SaveToDisk|346|Saved image to D:\Images NINA\Target\LIGHT_1x1_600.00s_15_132_M 27_Celestron C8__-9.96C_L-Pro_0078_2026-09-02_23-11-07_FWHM_7.40_Fok_40652.xisf
2026-09-02T23:21:17.5291|INFO|ImageSaveController.cs|DoWork|97|Successfully saved file at D:\Images NINA\Target\LIGHT_1x1_600.00s_15_132_M 27_Celestron C8__-9.96C_L-Pro_0078_2026-09-02_23-11-07_FWHM_7.40_Fok_40652.xisf. Duration Total: 00:00:03.2135651; BeforeSave: 00:00:00.0000760; BeforeFinalizeImageSaved: 00:00:03.1767182; FinalizeSaveTime: 00:00:00.0367703
2026-09-02T23:21:32.1152|INFO|SequenceItem.cs|Run|254|Finishing Category: Guida, Item: Dither
2026-09-02T23:21:32.1155|INFO|SequenceItem.cs|Run|254|Finishing Category: * Set di Istruzioni *, Container: NINA.Sequencer.Container.SequentialContainer, Strategy: SequentialStrategy, Items[FINISHED]: 1
2026-09-02T23:21:32.1162|INFO|MeridianFlipTrigger.cs|ShouldTrigger|211|Meridian Flip - Flip for the current target already happened at 09/02/2026 22:16:06. Skip flip evaluation
2026-09-02T23:21:32.1162|INFO|SequenceTrigger.cs|Run|114|Starting Trigger: RestoreGuiding
2026-09-02T23:21:32.1163|INFO|SequenceItem.cs|Run|208|Starting Category: * Set di Istruzioni *, Container: NINA.Sequencer.Container.SequentialContainer, Strategy: SequentialStrategy, Items[CREATED]: 1
2026-09-02T23:21:32.1163|INFO|SequenceItem.cs|Run|208|Starting Category: Guida, Item: StartGuiding
2026-09-02T23:21:32.1443|INFO|PHD2Guider.cs|StartGuidingPrivate|504|Phd2 - App is already guiding. Skipping start guiding
2026-09-02T23:21:32.1471|INFO|SequenceItem.cs|Run|254|Finishing Category: Guida, Item: StartGuiding
2026-09-02T23:21:32.1476|INFO|SequenceItem.cs|Run|254|Finishing Category: * Set di Istruzioni *, Container: NINA.Sequencer.Container.SequentialContainer, Strategy: SequentialStrategy, Items[FINISHED]: 1
2026-09-02T23:21:32.1596|INFO|SequenceItem.cs|Run|208|Starting Category: Fotocamera, Item: TakeExposure, ExposureTime 600, Gain 15, Offset 132, ImageType LIGHT, Binning 1x1
2026-09-02T23:21:32.1601|INFO|CameraVM.cs|Capture|742|Starting Exposure - Exposure Time: 600s; Filter: ; Gain: 15; Offset 132; Binning: 1x1;
2026-09-02T23:31:29.9560|WARNING|DeviceUpdateTimer.cs|Run|115|Dome value update cycle took longer than the device poll interval (Total: 3.33s > 2s; Poll: 00:00:00.0047521; Update: 00:00:03.3285687)
2026-09-02T23:31:38.3323|WARNING|DeviceUpdateTimer.cs|Run|115|Camera value update cycle took longer than the device poll interval (Total: 8.67s > 2s; Poll: 00:00:08.6673453; Update: 00:00:00.0051316)
2026-09-02T23:31:38.3747|INFO|SequenceItem.cs|Run|254|Finishing Category: Fotocamera, Item: TakeExposure, ExposureTime 600, Gain 15, Offset 132, ImageType LIGHT, Binning 1x1
2026-09-02T23:31:38.3757|INFO|MeridianFlipTrigger.cs|ShouldTrigger|211|Meridian Flip - Flip for the current target already happened at 09/02/2026 22:16:06. Skip flip evaluation
2026-09-02T23:31:38.3757|INFO|SequenceItem.cs|Run|208|Starting Category: Ruota porta filtri, Item: SwitchFilter, Filter: L-Pro
2026-09-02T23:31:38.5607|INFO|SequenceItem.cs|Run|254|Finishing Category: Ruota porta filtri, Item: SwitchFilter, Filter: L-Pro
2026-09-02T23:31:38.5611|INFO|SequenceTrigger.cs|Run|114|Starting Trigger: DitherAfterExposures, After Exposures: 1
2026-09-02T23:31:38.5612|INFO|SequenceItem.cs|Run|208|Starting Category: * Set di Istruzioni *, Container: NINA.Sequencer.Container.SequentialContainer, Strategy: SequentialStrategy, Items[CREATED]: 1
2026-09-02T23:31:38.5614|INFO|SequenceItem.cs|Run|208|Starting Category: Guida, Item: Dither
2026-09-02T23:31:40.3616|INFO|HocusFocusStarDetection.cs|Detect|413|Average HFR: 5.679127825155611, HFR MAD: 0.4169652991154047, Detected Stars 56, Region: 0
2026-09-02T23:31:40.7680|INFO|BaseImageData.cs|SaveToDisk|346|Saved image to D:\Images NINA\Target\LIGHT_1x1_600.00s_15_132_M 27_Celestron C8__-9.96C_L-Pro_0079_2026-09-02_23-21-32_FWHM_8.37_Fok_40652.xisf
2026-09-02T23:31:40.7681|INFO|ImageSaveController.cs|DoWork|97|Successfully saved file at D:\Images NINA\Target\LIGHT_1x1_600.00s_15_132_M 27_Celestron C8__-9.96C_L-Pro_0079_2026-09-02_23-21-32_FWHM_8.37_Fok_40652.xisf. Duration Total: 00:00:02.1411808; BeforeSave: 00:00:00.0000746; BeforeFinalizeImageSaved: 00:00:02.1047796; FinalizeSaveTime: 00:00:00.0363257
2026-09-02T23:31:56.5041|INFO|SequenceItem.cs|Run|254|Finishing Category: Guida, Item: Dither
2026-09-02T23:31:56.5043|INFO|SequenceItem.cs|Run|254|Finishing Category: * Set di Istruzioni *, Container: NINA.Sequencer.Container.SequentialContainer, Strategy: SequentialStrategy, Items[FINISHED]: 1
2026-09-02T23:31:56.5049|INFO|MeridianFlipTrigger.cs|ShouldTrigger|211|Meridian Flip - Flip for the current target already happened at 09/02/2026 22:16:06. Skip flip evaluation
2026-09-02T23:31:56.5049|INFO|SequenceTrigger.cs|Run|114|Starting Trigger: RestoreGuiding
2026-09-02T23:31:56.5051|INFO|SequenceItem.cs|Run|208|Starting Category: * Set di Istruzioni *, Container: NINA.Sequencer.Container.SequentialContainer, Strategy: SequentialStrategy, Items[CREATED]: 1
2026-09-02T23:31:56.5052|INFO|SequenceItem.cs|Run|208|Starting Category: Guida, Item: StartGuiding
2026-09-02T23:31:56.5473|INFO|PHD2Guider.cs|StartGuidingPrivate|504|Phd2 - App is already guiding. Skipping start guiding
2026-09-02T23:31:56.5477|INFO|SequenceItem.cs|Run|254|Finishing Category: Guida, Item: StartGuiding
2026-09-02T23:31:56.5478|INFO|SequenceItem.cs|Run|254|Finishing Category: * Set di Istruzioni *, Container: NINA.Sequencer.Container.SequentialContainer, Strategy: SequentialStrategy, Items[FINISHED]: 1
2026-09-02T23:31:56.5480|INFO|AutofocusAfterHFRIncreaseTrigger.cs|ShouldTrigger|221|Autofocus after HFR change should be triggered, as current HFR trend is 17.83% higher compared to threshold of 5%
2026-09-02T23:31:56.5481|INFO|SequenceTrigger.cs|Run|114|Starting Trigger: AutofocusAfterHFRIncreaseTrigger, Amount: 5
2026-09-02T23:31:56.5492|INFO|SequenceItem.cs|Run|208|Starting Category: * Set di Istruzioni *, Container: NINA.Sequencer.Container.SequentialContainer, Strategy: SequentialStrategy, Items[CREATED]: 1
2026-09-02T23:31:56.5493|INFO|SequenceItem.cs|Run|208|Starting Category: Focheggiatore, Item: RunAutofocus
2026-09-02T23:31:56.7510|INFO|FocuserMediator.cs|BroadcastAutoFocusRunStarting|92|Autofocus starting notification received
2026-09-02T23:31:57.9307|INFO|AutoFocusEngine.cs|RunAutoFocus|929|Starting AutoFocus with initial position 40652
2026-09-02T23:31:58.0493|INFO|CameraVM.cs|Capture|742|Starting Exposure - Exposure Time: 6s; Filter: L-Pro; Gain: 15; Offset 132; Binning: 2x2;
2026-09-02T23:32:05.3531|INFO|AutoFocusEngine.cs|StartBlindFocusPoints|769|Waiting on initial HFR analysis
2026-09-02T23:32:05.3535|INFO|FocuserVM.cs|MoveFocuserInternal|216|Moving Focuser to position 41452
2026-09-02T23:32:05.9747|INFO|HocusFocusStarDetection.cs|Detect|413|Average HFR: 2.1459846691898066, HFR MAD: 0.20052588794435655, Detected Stars 204, Region: 0
2026-09-02T23:32:13.6742|INFO|CameraVM.cs|Capture|742|Starting Exposure - Exposure Time: 6s; Filter: L-Pro; Gain: 15; Offset 132; Binning: 2x2;
2026-09-02T23:32:20.9815|INFO|FocuserVM.cs|MoveFocuserInternal|216|Moving Focuser to position 41252
2026-09-02T23:32:21.4621|INFO|HocusFocusStarDetection.cs|Detect|413|Average HFR: 2.7853007554092417, HFR MAD: 0.2392928555046181, Detected Stars 177, Region: 0
2026-09-02T23:32:26.7498|INFO|CameraVM.cs|Capture|742|Starting Exposure - Exposure Time: 6s; Filter: L-Pro; Gain: 15; Offset 132; Binning: 2x2;
2026-09-02T23:32:34.0655|INFO|FocuserVM.cs|MoveFocuserInternal|216|Moving Focuser to position 41052
2026-09-02T23:32:34.5907|INFO|HocusFocusStarDetection.cs|Detect|413|Average HFR: 2.8408946015461938, HFR MAD: 0.2685184258136051, Detected Stars 162, Region: 0
2026-09-02T23:32:39.5877|INFO|CameraVM.cs|Capture|742|Starting Exposure - Exposure Time: 6s; Filter: L-Pro; Gain: 15; Offset 132; Binning: 2x2;
2026-09-02T23:32:46.9327|INFO|FocuserVM.cs|MoveFocuserInternal|216|Moving Focuser to position 40852
2026-09-02T23:32:47.4193|INFO|HocusFocusStarDetection.cs|Detect|413|Average HFR: 2.697816600913854, HFR MAD: 0.2558004972185013, Detected Stars 180, Region: 0
2026-09-02T23:32:52.7535|INFO|CameraVM.cs|Capture|742|Starting Exposure - Exposure Time: 6s; Filter: L-Pro; Gain: 15; Offset 132; Binning: 2x2;
2026-09-02T23:33:00.0775|INFO|AutoFocusEngine.cs|StartBlindFocusPoints|797|Waiting on initial focuser move analyses
2026-09-02T23:33:00.5765|INFO|HocusFocusStarDetection.cs|Detect|413|Average HFR: 2.388393281436973, HFR MAD: 0.19428390906637594, Detected Stars 194, Region: 0
2026-09-02T23:33:00.6753|INFO|FocuserVM.cs|MoveFocuserInternal|216|Moving Focuser to position 40652
2026-09-02T23:33:06.7614|INFO|CameraVM.cs|Capture|742|Starting Exposure - Exposure Time: 6s; Filter: L-Pro; Gain: 15; Offset 132; Binning: 2x2;
2026-09-02T23:33:14.0754|INFO|AutoFocusEngine.cs|StartBlindFocusPoints|870|Waiting on next left movement analysis
2026-09-02T23:33:14.5882|INFO|HocusFocusStarDetection.cs|Detect|413|Average HFR: 2.153808871539427, HFR MAD: 0.18387486239633555, Detected Stars 197, Region: 0
2026-09-02T23:33:14.6654|INFO|FocuserVM.cs|MoveFocuserInternal|216|Moving Focuser to position 40452
2026-09-02T23:33:20.7418|INFO|CameraVM.cs|Capture|742|Starting Exposure - Exposure Time: 6s; Filter: L-Pro; Gain: 15; Offset 132; Binning: 2x2;
2026-09-02T23:33:28.0558|INFO|AutoFocusEngine.cs|StartBlindFocusPoints|870|Waiting on next left movement analysis
2026-09-02T23:33:28.5643|INFO|HocusFocusStarDetection.cs|Detect|413|Average HFR: 1.8714121328372897, HFR MAD: 0.1561946447574334, Detected Stars 199, Region: 0
2026-09-02T23:33:28.6390|INFO|FocuserVM.cs|MoveFocuserInternal|216|Moving Focuser to position 40252
2026-09-02T23:33:34.7724|INFO|CameraVM.cs|Capture|742|Starting Exposure - Exposure Time: 6s; Filter: L-Pro; Gain: 15; Offset 132; Binning: 2x2;
2026-09-02T23:33:42.0854|INFO|AutoFocusEngine.cs|StartBlindFocusPoints|870|Waiting on next left movement analysis
2026-09-02T23:33:42.6029|INFO|HocusFocusStarDetection.cs|Detect|413|Average HFR: 1.6981170226511473, HFR MAD: 0.11454633767044387, Detected Stars 161, Region: 0
2026-09-02T23:33:42.6301|INFO|FocuserVM.cs|MoveFocuserInternal|216|Moving Focuser to position 40052
2026-09-02T23:33:48.7479|INFO|CameraVM.cs|Capture|742|Starting Exposure - Exposure Time: 6s; Filter: L-Pro; Gain: 15; Offset 132; Binning: 2x2;
2026-09-02T23:33:56.0835|INFO|AutoFocusEngine.cs|StartBlindFocusPoints|870|Waiting on next left movement analysis
2026-09-02T23:33:56.5780|INFO|HocusFocusStarDetection.cs|Detect|413|Average HFR: 1.6524926183832107, HFR MAD: 0.09117046158322095, Detected Stars 107, Region: 0
2026-09-02T23:33:56.5989|INFO|FocuserVM.cs|MoveFocuserInternal|216|Moving Focuser to position 39852
2026-09-02T23:34:02.7815|INFO|CameraVM.cs|Capture|742|Starting Exposure - Exposure Time: 6s; Filter: L-Pro; Gain: 15; Offset 132; Binning: 2x2;
2026-09-02T23:34:10.0936|INFO|AutoFocusEngine.cs|StartBlindFocusPoints|870|Waiting on next left movement analysis
2026-09-02T23:34:10.6418|INFO|HocusFocusStarDetection.cs|Detect|413|Average HFR: 1.6396527126378577, HFR MAD: 0.09074891058478074, Detected Stars 100, Region: 0
2026-09-02T23:34:10.6682|INFO|FocuserVM.cs|MoveFocuserInternal|216|Moving Focuser to position 39652
2026-09-02T23:34:16.7184|INFO|CameraVM.cs|Capture|742|Starting Exposure - Exposure Time: 6s; Filter: L-Pro; Gain: 15; Offset 132; Binning: 2x2;
2026-09-02T23:34:24.0390|INFO|AutoFocusEngine.cs|StartBlindFocusPoints|870|Waiting on next left movement analysis
2026-09-02T23:34:24.5209|INFO|HocusFocusStarDetection.cs|Detect|413|Average HFR: 1.6641565247371504, HFR MAD: 0.09771376624718875, Detected Stars 143, Region: 0
2026-09-02T23:34:24.6071|INFO|FocuserVM.cs|MoveFocuserInternal|216|Moving Focuser to position 39452
2026-09-02T23:34:30.7495|INFO|CameraVM.cs|Capture|742|Starting Exposure - Exposure Time: 6s; Filter: L-Pro; Gain: 15; Offset 132; Binning: 2x2;
2026-09-02T23:34:38.0611|INFO|AutoFocusEngine.cs|StartBlindFocusPoints|870|Waiting on next left movement analysis
2026-09-02T23:34:38.5470|INFO|HocusFocusStarDetection.cs|Detect|413|Average HFR: 1.7097541747769962, HFR MAD: 0.10314652048188022, Detected Stars 160, Region: 0
2026-09-02T23:34:38.5848|INFO|FocuserVM.cs|MoveFocuserInternal|216|Moving Focuser to position 39252
2026-09-02T23:34:44.7596|INFO|CameraVM.cs|Capture|742|Starting Exposure - Exposure Time: 6s; Filter: L-Pro; Gain: 15; Offset 132; Binning: 2x2;
2026-09-02T23:34:52.0666|INFO|AutoFocusEngine.cs|StartBlindFocusPoints|870|Waiting on next left movement analysis
2026-09-02T23:34:52.7371|INFO|HocusFocusStarDetection.cs|Detect|413|Average HFR: 1.9257661598168903, HFR MAD: 0.17661406205938102, Detected Stars 205, Region: 0
2026-09-02T23:34:52.7597|INFO|AutoFocusEngine.cs|StartBlindFocusPoints|841|Enough right trend points (6) with an established minimum (39852) to queue remaining left focus points down to 39052
2026-09-02T23:34:52.7601|INFO|FocuserVM.cs|MoveFocuserInternal|216|Moving Focuser to position 39052
2026-09-02T23:34:58.7391|INFO|CameraVM.cs|Capture|742|Starting Exposure - Exposure Time: 6s; Filter: L-Pro; Gain: 15; Offset 132; Binning: 2x2;
2026-09-02T23:35:06.0527|INFO|AutoFocusEngine.cs|StartBlindFocusPoints|896|Waiting on remaining AutoFocus analysis tasks
2026-09-02T23:35:06.6447|INFO|HocusFocusStarDetection.cs|Detect|413|Average HFR: 2.1363025518756764, HFR MAD: 0.20963089813422497, Detected Stars 196, Region: 0
2026-09-02T23:35:06.7024|INFO|FocuserVM.cs|MoveFocuserInternal|216|Moving Focuser to position 39870
2026-09-02T23:35:14.7824|INFO|AutoFocusEngine.cs|ValidateCalculatedFocusPosition|1141|Validating HFR at final focus position 39870
2026-09-02T23:35:14.8947|INFO|CameraVM.cs|Capture|742|Starting Exposure - Exposure Time: 6s; Filter: L-Pro; Gain: 15; Offset 132; Binning: 2x2;
2026-09-02T23:35:22.7723|INFO|HocusFocusStarDetection.cs|Detect|413|Average HFR: 1.6989327592617045, HFR MAD: 0.09501700952987413, Detected Stars 150, Region: 0
2026-09-02T23:35:22.7749|INFO|HocusFocusVM.cs|AutoFocusEngine_Completed|473|AutoFocus completed with focuser starting at 40652 and ending at 39870
2026-09-02T23:35:22.7767|INFO|FocuserMediator.cs|BroadcastSuccessfulAutoFocusRun|46|Autofocus notification received - Temperature 22
2026-09-02T23:35:22.8900|INFO|AutoFocusEngine.cs|PerformPostAutoFocusActions|1022|Re-enabling temperature compensation after AutoFocus
2026-09-02T23:35:22.9369|INFO|PHD2Guider.cs|TryStartGuideCommand|641|Phd2 - Requesting to start guiding. Recalibrate: False
2026-09-02T23:35:46.1053|INFO|SequenceItem.cs|Run|254|Finishing Category: Focheggiatore, Item: RunAutofocus
2026-09-02T23:35:46.1055|INFO|SequenceItem.cs|Run|254|Finishing Category: * Set di Istruzioni *, Container: NINA.Sequencer.Container.SequentialContainer, Strategy: SequentialStrategy, Items[FINISHED]: 1
2026-09-02T23:35:46.1059|INFO|SequenceItem.cs|Run|208|Starting Category: Fotocamera, Item: TakeExposure, ExposureTime 600, Gain 15, Offset 132, ImageType LIGHT, Binning 1x1
2026-09-02T23:35:46.1068|INFO|CameraVM.cs|Capture|742|Starting Exposure - Exposure Time: 600s; Filter: ; Gain: 15; Offset 132; Binning: 1x1;
2026-09-02T23:45:43.5501|WARNING|DeviceUpdateTimer.cs|Run|115|Dome value update cycle took longer than the device poll interval (Total: 2.12s > 2s; Poll: 00:00:00.0032374; Update: 00:00:02.1158278)
2026-09-02T23:45:52.3180|WARNING|DeviceUpdateTimer.cs|Run|115|Camera value update cycle took longer than the device poll interval (Total: 8.92s > 2s; Poll: 00:00:08.9069015; Update: 00:00:00.0118865)
2026-09-02T23:45:52.3286|INFO|SequenceItem.cs|Run|254|Finishing Category: Fotocamera, Item: TakeExposure, ExposureTime 600, Gain 15, Offset 132, ImageType LIGHT, Binning 1x1
2026-09-02T23:45:52.3294|INFO|MeridianFlipTrigger.cs|ShouldTrigger|211|Meridian Flip - Flip for the current target already happened at 09/02/2026 22:16:06. Skip flip evaluation
2026-09-02T23:45:52.3294|INFO|SequenceItem.cs|Run|208|Starting Category: Ruota porta filtri, Item: SwitchFilter, Filter: L-Pro
2026-09-02T23:45:52.4592|INFO|SequenceItem.cs|Run|254|Finishing Category: Ruota porta filtri, Item: SwitchFilter, Filter: L-Pro
2026-09-02T23:45:52.4595|INFO|SequenceTrigger.cs|Run|114|Starting Trigger: DitherAfterExposures, After Exposures: 1
2026-09-02T23:45:52.4596|INFO|SequenceItem.cs|Run|208|Starting Category: * Set di Istruzioni *, Container: NINA.Sequencer.Container.SequentialContainer, Strategy: SequentialStrategy, Items[CREATED]: 1
2026-09-02T23:45:52.4597|INFO|SequenceItem.cs|Run|208|Starting Category: Guida, Item: Dither
2026-09-02T23:45:52.5863|INFO|ImageSolver.cs|Solve|41|Platesolving with parameters: FocalLength: 1260 PixelSize: 4.54 SearchRadius: 30 BlindFailoverEnabled: True Regions: 5000 DownSampleFactor: 2 MaxObjects: 500 Reference Coordinates RA: 19:59:34 Dec: 22° 43' 12" Epoch: J2000
2026-09-02T23:45:53.0481|INFO|BaseImageData.cs|SaveToDisk|346|Saved image to C:\Users\PrimaLuceLab\AppData\Local\NINA\PlateSolver\4koawt4j.dkn.fits
2026-09-02T23:45:54.6493|INFO|HocusFocusStarDetection.cs|Detect|413|Average HFR: 5.666548879737437, HFR MAD: 0.45245087684805263, Detected Stars 13, Region: 0
2026-09-02T23:45:55.2707|INFO|BaseImageData.cs|SaveToDisk|346|Saved image to D:\Images NINA\Target\LIGHT_1x1_600.00s_15_132_M 27_Celestron C8__-9.91C_L-Pro_0080_2026-09-02_23-35-46_FWHM_6.59_Fok_39870.xisf
2026-09-02T23:45:55.2708|INFO|ImageSaveController.cs|DoWork|97|Successfully saved file at D:\Images NINA\Target\LIGHT_1x1_600.00s_15_132_M 27_Celestron C8__-9.91C_L-Pro_0080_2026-09-02_23-35-46_FWHM_6.59_Fok_39870.xisf. Duration Total: 00:00:02.6846157; BeforeSave: 00:00:00.0000720; BeforeFinalizeImageSaved: 00:00:02.4780228; FinalizeSaveTime: 00:00:00.2065202
2026-09-02T23:46:10.0018|INFO|SequenceItem.cs|Run|254|Finishing Category: Guida, Item: Dither
2026-09-02T23:46:10.0020|INFO|SequenceItem.cs|Run|254|Finishing Category: * Set di Istruzioni *, Container: NINA.Sequencer.Container.SequentialContainer, Strategy: SequentialStrategy, Items[FINISHED]: 1
2026-09-02T23:46:10.0026|INFO|MeridianFlipTrigger.cs|ShouldTrigger|211|Meridian Flip - Flip for the current target already happened at 09/02/2026 22:16:06. Skip flip evaluation
2026-09-02T23:46:10.0026|INFO|SequenceTrigger.cs|Run|114|Starting Trigger: RestoreGuiding
2026-09-02T23:46:10.0027|INFO|SequenceItem.cs|Run|208|Starting Category: * Set di Istruzioni *, Container: NINA.Sequencer.Container.SequentialContainer, Strategy: SequentialStrategy, Items[CREATED]: 1
2026-09-02T23:46:10.0027|INFO|SequenceItem.cs|Run|208|Starting Category: Guida, Item: StartGuiding
2026-09-02T23:46:10.0739|INFO|PHD2Guider.cs|StartGuidingPrivate|504|Phd2 - App is already guiding. Skipping start guiding
2026-09-02T23:46:10.0740|INFO|SequenceItem.cs|Run|254|Finishing Category: Guida, Item: StartGuiding
2026-09-02T23:46:10.0741|INFO|SequenceItem.cs|Run|254|Finishing Category: * Set di Istruzioni *, Container: NINA.Sequencer.Container.SequentialContainer, Strategy: SequentialStrategy, Items[FINISHED]: 1
2026-09-02T23:46:10.0742|INFO|SequenceItem.cs|Run|208|Starting Category: Fotocamera, Item: TakeExposure, ExposureTime 600, Gain 15, Offset 132, ImageType LIGHT, Binning 1x1
2026-09-02T23:46:10.0748|INFO|CameraVM.cs|Capture|742|Starting Exposure - Exposure Time: 600s; Filter: ; Gain: 15; Offset 132; Binning: 1x1;
2026-09-02T23:51:17.0731|ERROR|ASTAPSolver.cs|ReadResult|62|ASTAP - Plate solve failed.
 Star database limit was reached!

2026-09-02T23:51:17.0779|INFO|ImageSolver.cs|Solve|41|Platesolving with parameters: FocalLength: 1260 PixelSize: 4.54 SearchRadius: 30 BlindFailoverEnabled: True Regions: 5000 DownSampleFactor: 2 MaxObjects: 500 
2026-09-02T23:51:17.9115|INFO|BaseImageData.cs|SaveToDisk|346|Saved image to C:\Users\PrimaLuceLab\AppData\Local\NINA\PlateSolver\m0rugdzh.1q1.fits
2026-09-02T23:51:48.1036|INFO|AstrometryPlateSolver.cs|SubmitImageJob|166|Plate Solving: Astrometry.net: Submission 15970151 created for solving.
2026-09-02T23:52:08.5655|INFO|AstrometryPlateSolver.cs|GetJobResult|191|Plate Solving: Astrometry.net: Job 16805697 completed successfully.
2026-09-02T23:52:09.0213|INFO|AstrometryPlateSolver.cs|GetJobResult|201|Plate Solving: Astrometry.net: Job 16805697 successfully retrieved.
2026-09-02T23:52:09.0215|INFO|ImageSolver.cs|Solve|54|Platesolve successful: Coordinates: RA: 19:59:40; Dec: 22° 43' 06"; Epoch: J2000 - Position Angle: 89.43347070944378
2026-09-02T23:52:09.0216|INFO|ImageSolver.cs|Solve|54|Platesolve successful: Coordinates: RA: 19:59:40; Dec: 22° 43' 06"; Epoch: J2000 - Position Angle: 89.43347070944378
2026-09-02T23:52:09.0216|INFO|CenterAfterDriftTrigger.cs|PlatesolvingImageFollower_PropertyChanged|189|Drift: 0.7885151455647987 / 3 arc minutes
2026-09-02T23:56:16.5165|INFO|SequenceItem.cs|Run|254|Finishing Category: Fotocamera, Item: TakeExposure, ExposureTime 600, Gain 15, Offset 132, ImageType LIGHT, Binning 1x1
2026-09-02T23:56:16.5174|INFO|MeridianFlipTrigger.cs|ShouldTrigger|211|Meridian Flip - Flip for the current target already happened at 09/02/2026 22:16:06. Skip flip evaluation
2026-09-02T23:56:16.5174|INFO|SequenceItem.cs|Run|208|Starting Category: Ruota porta filtri, Item: SwitchFilter, Filter: L-Pro
2026-09-02T23:56:16.5249|WARNING|DeviceUpdateTimer.cs|Run|115|Camera value update cycle took longer than the device poll interval (Total: 10.97s > 2s; Poll: 00:00:10.9742598; Update: 00:00:00.0001112)
2026-09-02T23:56:16.7111|INFO|SequenceItem.cs|Run|254|Finishing Category: Ruota porta filtri, Item: SwitchFilter, Filter: L-Pro
2026-09-02T23:56:16.7127|INFO|SequenceTrigger.cs|Run|114|Starting Trigger: DitherAfterExposures, After Exposures: 1
2026-09-02T23:56:16.7130|INFO|SequenceItem.cs|Run|208|Starting Category: * Set di Istruzioni *, Container: NINA.Sequencer.Container.SequentialContainer, Strategy: SequentialStrategy, Items[CREATED]: 1
2026-09-02T23:56:16.7131|INFO|SequenceItem.cs|Run|208|Starting Category: Guida, Item: Dither
2026-09-02T23:56:19.1285|INFO|HocusFocusStarDetection.cs|Detect|413|Average HFR: 3.660619121917623, HFR MAD: 0.35034641645820486, Detected Stars 236, Region: 0
2026-09-02T23:56:19.7495|INFO|BaseImageData.cs|SaveToDisk|346|Saved image to D:\Images NINA\Target\LIGHT_1x1_600.00s_15_132_M 27_Celestron C8__-9.96C_L-Pro_0081_2026-09-02_23-46-10_FWHM_4.92_Fok_39870.xisf
2026-09-02T23:56:19.7496|INFO|ImageSaveController.cs|DoWork|97|Successfully saved file at D:\Images NINA\Target\LIGHT_1x1_600.00s_15_132_M 27_Celestron C8__-9.96C_L-Pro_0081_2026-09-02_23-46-10_FWHM_4.92_Fok_39870.xisf. Duration Total: 00:00:02.9683082; BeforeSave: 00:00:00.0001630; BeforeFinalizeImageSaved: 00:00:02.9134545; FinalizeSaveTime: 00:00:00.0546900
2026-09-02T23:56:35.2504|INFO|SequenceItem.cs|Run|254|Finishing Category: Guida, Item: Dither
2026-09-02T23:56:35.2506|INFO|SequenceItem.cs|Run|254|Finishing Category: * Set di Istruzioni *, Container: NINA.Sequencer.Container.SequentialContainer, Strategy: SequentialStrategy, Items[FINISHED]: 1
2026-09-02T23:56:35.2515|INFO|MeridianFlipTrigger.cs|ShouldTrigger|211|Meridian Flip - Flip for the current target already happened at 09/02/2026 22:16:06. Skip flip evaluation
2026-09-02T23:56:35.2515|INFO|SequenceTrigger.cs|Run|114|Starting Trigger: RestoreGuiding
2026-09-02T23:56:35.2516|INFO|SequenceItem.cs|Run|208|Starting Category: * Set di Istruzioni *, Container: NINA.Sequencer.Container.SequentialContainer, Strategy: SequentialStrategy, Items[CREATED]: 1
2026-09-02T23:56:35.2517|INFO|SequenceItem.cs|Run|208|Starting Category: Guida, Item: StartGuiding
2026-09-02T23:56:35.2939|INFO|PHD2Guider.cs|StartGuidingPrivate|504|Phd2 - App is already guiding. Skipping start guiding
2026-09-02T23:56:35.2942|INFO|SequenceItem.cs|Run|254|Finishing Category: Guida, Item: StartGuiding
2026-09-02T23:56:35.2945|INFO|SequenceItem.cs|Run|254|Finishing Category: * Set di Istruzioni *, Container: NINA.Sequencer.Container.SequentialContainer, Strategy: SequentialStrategy, Items[FINISHED]: 1
2026-09-02T23:56:35.3003|INFO|SequenceItem.cs|Run|208|Starting Category: Fotocamera, Item: TakeExposure, ExposureTime 600, Gain 15, Offset 132, ImageType LIGHT, Binning 1x1
2026-09-02T23:56:35.3009|INFO|CameraVM.cs|Capture|742|Starting Exposure - Exposure Time: 600s; Filter: ; Gain: 15; Offset 132; Binning: 1x1;
2026-09-03T00:06:41.4825|WARNING|DeviceUpdateTimer.cs|Run|115|Camera value update cycle took longer than the device poll interval (Total: 11.77s > 2s; Poll: 00:00:11.7696705; Update: 00:00:00.0001607)
2026-09-03T00:06:41.4834|INFO|SequenceItem.cs|Run|254|Finishing Category: Fotocamera, Item: TakeExposure, ExposureTime 600, Gain 15, Offset 132, ImageType LIGHT, Binning 1x1
2026-09-03T00:06:41.4841|INFO|MeridianFlipTrigger.cs|ShouldTrigger|211|Meridian Flip - Flip for the current target already happened at 09/02/2026 22:16:06. Skip flip evaluation
2026-09-03T00:06:41.4841|INFO|SequenceItem.cs|Run|208|Starting Category: Ruota porta filtri, Item: SwitchFilter, Filter: L-Pro
2026-09-03T00:06:41.6584|INFO|SequenceItem.cs|Run|254|Finishing Category: Ruota porta filtri, Item: SwitchFilter, Filter: L-Pro
2026-09-03T00:06:41.6588|INFO|SequenceTrigger.cs|Run|114|Starting Trigger: DitherAfterExposures, After Exposures: 1
2026-09-03T00:06:41.6589|INFO|SequenceItem.cs|Run|208|Starting Category: * Set di Istruzioni *, Container: NINA.Sequencer.Container.SequentialContainer, Strategy: SequentialStrategy, Items[CREATED]: 1
2026-09-03T00:06:41.6589|INFO|SequenceItem.cs|Run|208|Starting Category: Guida, Item: Dither
2026-09-03T00:06:43.1462|INFO|HocusFocusStarDetection.cs|Detect|413|Average HFR: 6.013478336472849, HFR MAD: 0.8249480459372673, Detected Stars 8, Region: 0
2026-09-03T00:06:43.4836|INFO|BaseImageData.cs|SaveToDisk|346|Saved image to D:\Images NINA\Target\LIGHT_1x1_600.00s_15_132_M 27_Celestron C8__-9.96C_L-Pro_0082_2026-09-02_23-56-35_FWHM_NaN_Fok_39870.xisf
2026-09-03T00:06:43.4838|INFO|ImageSaveController.cs|DoWork|97|Successfully saved file at D:\Images NINA\Target\LIGHT_1x1_600.00s_15_132_M 27_Celestron C8__-9.96C_L-Pro_0082_2026-09-02_23-56-35_FWHM_NaN_Fok_39870.xisf. Duration Total: 00:00:01.6435103; BeforeSave: 00:00:00.0001111; BeforeFinalizeImageSaved: 00:00:01.5617682; FinalizeSaveTime: 00:00:00.0816298
2026-09-03T00:06:58.4837|INFO|SequenceItem.cs|Run|254|Finishing Category: Guida, Item: Dither
2026-09-03T00:06:58.4840|INFO|SequenceItem.cs|Run|254|Finishing Category: * Set di Istruzioni *, Container: NINA.Sequencer.Container.SequentialContainer, Strategy: SequentialStrategy, Items[FINISHED]: 1
2026-09-03T00:06:58.4845|INFO|MeridianFlipTrigger.cs|ShouldTrigger|211|Meridian Flip - Flip for the current target already happened at 09/02/2026 22:16:06. Skip flip evaluation
2026-09-03T00:06:58.4846|INFO|SequenceTrigger.cs|Run|114|Starting Trigger: RestoreGuiding
2026-09-03T00:06:58.4846|INFO|SequenceItem.cs|Run|208|Starting Category: * Set di Istruzioni *, Container: NINA.Sequencer.Container.SequentialContainer, Strategy: SequentialStrategy, Items[CREATED]: 1
2026-09-03T00:06:58.4847|INFO|SequenceItem.cs|Run|208|Starting Category: Guida, Item: StartGuiding
2026-09-03T00:06:58.5205|INFO|PHD2Guider.cs|StartGuidingPrivate|504|Phd2 - App is already guiding. Skipping start guiding
2026-09-03T00:06:58.5207|INFO|SequenceItem.cs|Run|254|Finishing Category: Guida, Item: StartGuiding
2026-09-03T00:06:58.5209|INFO|SequenceItem.cs|Run|254|Finishing Category: * Set di Istruzioni *, Container: NINA.Sequencer.Container.SequentialContainer, Strategy: SequentialStrategy, Items[FINISHED]: 1
2026-09-03T00:06:58.5210|INFO|AutofocusAfterHFRIncreaseTrigger.cs|ShouldTrigger|221|Autofocus after HFR change should be triggered, as current HFR trend is 44.43% higher compared to threshold of 5%
2026-09-03T00:06:58.5211|INFO|SequenceTrigger.cs|Run|114|Starting Trigger: AutofocusAfterHFRIncreaseTrigger, Amount: 5
2026-09-03T00:06:58.5212|INFO|SequenceItem.cs|Run|208|Starting Category: * Set di Istruzioni *, Container: NINA.Sequencer.Container.SequentialContainer, Strategy: SequentialStrategy, Items[CREATED]: 1
2026-09-03T00:06:58.5213|INFO|SequenceItem.cs|Run|208|Starting Category: Focheggiatore, Item: RunAutofocus
2026-09-03T00:06:58.7772|INFO|FocuserMediator.cs|BroadcastAutoFocusRunStarting|92|Autofocus starting notification received
2026-09-03T00:07:00.9453|INFO|AutoFocusEngine.cs|RunAutoFocus|929|Starting AutoFocus with initial position 39870
2026-09-03T00:07:01.0617|INFO|CameraVM.cs|Capture|742|Starting Exposure - Exposure Time: 6s; Filter: L-Pro; Gain: 15; Offset 132; Binning: 2x2;
2026-09-03T00:07:08.3860|INFO|AutoFocusEngine.cs|StartBlindFocusPoints|769|Waiting on initial HFR analysis
2026-09-03T00:07:08.3865|INFO|FocuserVM.cs|MoveFocuserInternal|216|Moving Focuser to position 40670
2026-09-03T00:07:09.0975|INFO|HocusFocusStarDetection.cs|Detect|413|Average HFR: 1.6545348150535961, HFR MAD: 0.08384611692965782, Detected Stars 140, Region: 0
2026-09-03T00:07:17.2015|INFO|CameraVM.cs|Capture|742|Starting Exposure - Exposure Time: 6s; Filter: L-Pro; Gain: 15; Offset 132; Binning: 2x2;
2026-09-03T00:07:24.5247|INFO|FocuserVM.cs|MoveFocuserInternal|216|Moving Focuser to position 40470
2026-09-03T00:07:25.2626|INFO|HocusFocusStarDetection.cs|Detect|413|Average HFR: 1.7067978105049009, HFR MAD: 0.13023287149202067, Detected Stars 154, Region: 0
2026-09-03T00:07:30.7697|INFO|CameraVM.cs|Capture|742|Starting Exposure - Exposure Time: 6s; Filter: L-Pro; Gain: 15; Offset 132; Binning: 2x2;
2026-09-03T00:07:38.0841|INFO|FocuserVM.cs|MoveFocuserInternal|216|Moving Focuser to position 40270
2026-09-03T00:07:38.8374|INFO|HocusFocusStarDetection.cs|Detect|413|Average HFR: 1.6968830642159358, HFR MAD: 0.11966670689340009, Detected Stars 132, Region: 0
2026-09-03T00:07:43.4442|INFO|CameraVM.cs|Capture|742|Starting Exposure - Exposure Time: 6s; Filter: L-Pro; Gain: 15; Offset 132; Binning: 2x2;
2026-09-03T00:07:50.7579|INFO|FocuserVM.cs|MoveFocuserInternal|216|Moving Focuser to position 40070
2026-09-03T00:07:51.4997|INFO|HocusFocusStarDetection.cs|Detect|413|Average HFR: 1.6491570109720928, HFR MAD: 0.08696506309254004, Detected Stars 103, Region: 0
2026-09-03T00:07:56.7961|INFO|CameraVM.cs|Capture|742|Starting Exposure - Exposure Time: 6s; Filter: L-Pro; Gain: 15; Offset 132; Binning: 2x2;
2026-09-03T00:08:04.1334|INFO|AutoFocusEngine.cs|StartBlindFocusPoints|797|Waiting on initial focuser move analyses
2026-09-03T00:08:04.7617|INFO|HocusFocusStarDetection.cs|Detect|413|Average HFR: 1.6261505740889477, HFR MAD: 0.08711504375798462, Detected Stars 86, Region: 0
2026-09-03T00:08:04.8436|INFO|FocuserVM.cs|MoveFocuserInternal|216|Moving Focuser to position 39870
2026-09-03T00:08:10.7741|INFO|CameraVM.cs|Capture|742|Starting Exposure - Exposure Time: 6s; Filter: L-Pro; Gain: 15; Offset 132; Binning: 2x2;
2026-09-03T00:08:18.0899|INFO|AutoFocusEngine.cs|StartBlindFocusPoints|870|Waiting on next left movement analysis
2026-09-03T00:08:18.6967|INFO|HocusFocusStarDetection.cs|Detect|413|Average HFR: 1.6325689889736936, HFR MAD: 0.08036256213828952, Detected Stars 80, Region: 0
2026-09-03T00:08:18.7481|INFO|FocuserVM.cs|MoveFocuserInternal|216|Moving Focuser to position 39670
2026-09-03T00:08:24.7733|INFO|CameraVM.cs|Capture|742|Starting Exposure - Exposure Time: 6s; Filter: L-Pro; Gain: 15; Offset 132; Binning: 2x2;
2026-09-03T00:08:32.0772|INFO|AutoFocusEngine.cs|StartBlindFocusPoints|870|Waiting on next left movement analysis
2026-09-03T00:08:32.9342|INFO|HocusFocusStarDetection.cs|Detect|413|Average HFR: 1.649844716532858, HFR MAD: 0.08763964777855038, Detected Stars 116, Region: 0
2026-09-03T00:08:32.9688|INFO|FocuserVM.cs|MoveFocuserInternal|216|Moving Focuser to position 39470
2026-09-03T00:08:38.7640|INFO|CameraVM.cs|Capture|742|Starting Exposure - Exposure Time: 6s; Filter: L-Pro; Gain: 15; Offset 132; Binning: 2x2;
2026-09-03T00:08:46.0805|INFO|AutoFocusEngine.cs|StartBlindFocusPoints|870|Waiting on next left movement analysis
2026-09-03T00:08:46.7956|INFO|HocusFocusStarDetection.cs|Detect|413|Average HFR: 1.7514845524615104, HFR MAD: 0.11652550293102215, Detected Stars 177, Region: 0
2026-09-03T00:08:46.8228|INFO|FocuserVM.cs|MoveFocuserInternal|216|Moving Focuser to position 39270
2026-09-03T00:08:49.0426|WARNING|DeviceUpdateTimer.cs|Run|115|Dome value update cycle took longer than the device poll interval (Total: 2.27s > 2s; Poll: 00:00:00.0035027; Update: 00:00:02.2656215)
2026-09-03T00:08:52.7511|INFO|CameraVM.cs|Capture|742|Starting Exposure - Exposure Time: 6s; Filter: L-Pro; Gain: 15; Offset 132; Binning: 2x2;
2026-09-03T00:09:00.0737|INFO|AutoFocusEngine.cs|StartBlindFocusPoints|870|Waiting on next left movement analysis
2026-09-03T00:09:00.7060|INFO|HocusFocusStarDetection.cs|Detect|413|Average HFR: 1.9355446123744087, HFR MAD: 0.16078396443398657, Detected Stars 198, Region: 0
2026-09-03T00:09:00.7433|INFO|FocuserVM.cs|MoveFocuserInternal|216|Moving Focuser to position 39070
2026-09-03T00:09:06.7717|INFO|CameraVM.cs|Capture|742|Starting Exposure - Exposure Time: 6s; Filter: L-Pro; Gain: 15; Offset 132; Binning: 2x2;
2026-09-03T00:09:14.1028|INFO|AutoFocusEngine.cs|StartBlindFocusPoints|870|Waiting on next left movement analysis
2026-09-03T00:09:14.7775|INFO|HocusFocusStarDetection.cs|Detect|413|Average HFR: 2.1240858479654814, HFR MAD: 0.19479547873978498, Detected Stars 191, Region: 0
2026-09-03T00:09:14.8116|INFO|FocuserVM.cs|MoveFocuserInternal|216|Moving Focuser to position 38870
2026-09-03T00:09:20.7609|INFO|CameraVM.cs|Capture|742|Starting Exposure - Exposure Time: 6s; Filter: L-Pro; Gain: 15; Offset 132; Binning: 2x2;
2026-09-03T00:09:28.0745|INFO|AutoFocusEngine.cs|StartBlindFocusPoints|870|Waiting on next left movement analysis
2026-09-03T00:09:28.7080|INFO|HocusFocusStarDetection.cs|Detect|413|Average HFR: 2.3725005896022884, HFR MAD: 0.261708904128779, Detected Stars 186, Region: 0
2026-09-03T00:09:28.8348|INFO|FocuserVM.cs|MoveFocuserInternal|216|Moving Focuser to position 40870
2026-09-03T00:09:43.0283|INFO|CameraVM.cs|Capture|742|Starting Exposure - Exposure Time: 6s; Filter: L-Pro; Gain: 15; Offset 132; Binning: 2x2;
2026-09-03T00:09:50.3411|INFO|AutoFocusEngine.cs|StartBlindFocusPoints|884|Waiting on next right movement analysis
2026-09-03T00:09:50.9993|INFO|HocusFocusStarDetection.cs|Detect|413|Average HFR: 1.8282180274534792, HFR MAD: 0.16316088488963842, Detected Stars 186, Region: 0
2026-09-03T00:09:51.1156|INFO|AutoFocusEngine.cs|StartBlindFocusPoints|823|Enough left trend points (4) with an established minimum (39870) to queue remaining right focus points up to 40670
2026-09-03T00:09:51.1157|INFO|AutoFocusEngine.cs|StartBlindFocusPoints|896|Waiting on remaining AutoFocus analysis tasks
2026-09-03T00:09:51.1171|INFO|FocuserVM.cs|MoveFocuserInternal|216|Moving Focuser to position 39855
2026-09-03T00:10:00.6604|INFO|AutoFocusEngine.cs|ValidateCalculatedFocusPosition|1141|Validating HFR at final focus position 39855
2026-09-03T00:10:00.7864|INFO|CameraVM.cs|Capture|742|Starting Exposure - Exposure Time: 6s; Filter: L-Pro; Gain: 15; Offset 132; Binning: 2x2;
2026-09-03T00:10:08.7398|INFO|HocusFocusStarDetection.cs|Detect|413|Average HFR: 1.641084279743273, HFR MAD: 0.0827537320938847, Detected Stars 108, Region: 0
2026-09-03T00:10:08.7401|INFO|HocusFocusVM.cs|AutoFocusEngine_Completed|473|AutoFocus completed with focuser starting at 39870 and ending at 39855
2026-09-03T00:10:08.7419|INFO|FocuserMediator.cs|BroadcastSuccessfulAutoFocusRun|46|Autofocus notification received - Temperature 21.5
2026-09-03T00:10:08.9168|INFO|AutoFocusEngine.cs|PerformPostAutoFocusActions|1022|Re-enabling temperature compensation after AutoFocus
2026-09-03T00:10:08.9518|INFO|PHD2Guider.cs|TryStartGuideCommand|641|Phd2 - Requesting to start guiding. Recalibrate: False
2026-09-03T00:10:32.5195|INFO|SequenceItem.cs|Run|254|Finishing Category: Focheggiatore, Item: RunAutofocus
2026-09-03T00:10:32.5198|INFO|SequenceItem.cs|Run|254|Finishing Category: * Set di Istruzioni *, Container: NINA.Sequencer.Container.SequentialContainer, Strategy: SequentialStrategy, Items[FINISHED]: 1
2026-09-03T00:10:32.5199|INFO|SequenceItem.cs|Run|208|Starting Category: Fotocamera, Item: TakeExposure, ExposureTime 600, Gain 15, Offset 132, ImageType LIGHT, Binning 1x1
2026-09-03T00:10:32.5205|INFO|CameraVM.cs|Capture|742|Starting Exposure - Exposure Time: 600s; Filter: ; Gain: 15; Offset 132; Binning: 1x1;
2026-09-03T00:11:19.5977|INFO|Thumbnail.cs|LoadOriginalImage|40|Reloading image from D:\Images NINA\Target\LIGHT_1x1_600.00s_15_132_M 27_Celestron C8__-9.96C_L-Pro_0082_2026-09-02_23-56-35_FWHM_NaN_Fok_39870.xisf
2026-09-03T00:11:21.8830|INFO|Thumbnail.cs|LoadOriginalImage|40|Reloading image from D:\Images NINA\Target\LIGHT_1x1_600.00s_15_132_M 27_Celestron C8__-9.96C_L-Pro_0081_2026-09-02_23-46-10_FWHM_4.92_Fok_39870.xisf
2026-09-03T00:11:30.4458|INFO|Thumbnail.cs|LoadOriginalImage|40|Reloading image from D:\Images NINA\Target\LIGHT_1x1_600.00s_15_132_M 27_Celestron C8__-9.91C_L-Pro_0080_2026-09-02_23-35-46_FWHM_6.59_Fok_39870.xisf
2026-09-03T00:11:41.6066|INFO|Thumbnail.cs|LoadOriginalImage|40|Reloading image from D:\Images NINA\Target\LIGHT_1x1_600.00s_15_132_M 27_Celestron C8__-9.96C_L-Pro_0081_2026-09-02_23-46-10_FWHM_4.92_Fok_39870.xisf
2026-09-03T00:20:38.7532|WARNING|DeviceUpdateTimer.cs|Run|115|Camera value update cycle took longer than the device poll interval (Total: 11.20s > 2s; Poll: 00:00:11.2028579; Update: 00:00:00.0001440)
2026-09-03T00:20:38.8020|INFO|SequenceItem.cs|Run|254|Finishing Category: Fotocamera, Item: TakeExposure, ExposureTime 600, Gain 15, Offset 132, ImageType LIGHT, Binning 1x1
2026-09-03T00:20:38.8030|INFO|MeridianFlipTrigger.cs|ShouldTrigger|211|Meridian Flip - Flip for the current target already happened at 09/02/2026 22:16:06. Skip flip evaluation
2026-09-03T00:20:38.8030|INFO|SequenceItem.cs|Run|208|Starting Category: Ruota porta filtri, Item: SwitchFilter, Filter: L-Pro
2026-09-03T00:20:38.9519|INFO|SequenceItem.cs|Run|254|Finishing Category: Ruota porta filtri, Item: SwitchFilter, Filter: L-Pro
2026-09-03T00:20:38.9522|INFO|SequenceTrigger.cs|Run|114|Starting Trigger: DitherAfterExposures, After Exposures: 1
2026-09-03T00:20:38.9522|INFO|SequenceItem.cs|Run|208|Starting Category: * Set di Istruzioni *, Container: NINA.Sequencer.Container.SequentialContainer, Strategy: SequentialStrategy, Items[CREATED]: 1
2026-09-03T00:20:38.9523|INFO|SequenceItem.cs|Run|208|Starting Category: Guida, Item: Dither
2026-09-03T00:20:41.3142|INFO|HocusFocusStarDetection.cs|Detect|413|Average HFR: 3.6126985751495075, HFR MAD: 0.2949377810784233, Detected Stars 207, Region: 0
2026-09-03T00:20:41.7592|INFO|BaseImageData.cs|SaveToDisk|346|Saved image to D:\Images NINA\Target\LIGHT_1x1_600.00s_15_132_M 27_Celestron C8__-9.96C_L-Pro_0083_2026-09-03_00-10-32_FWHM_5.28_Fok_39855.xisf
2026-09-03T00:20:41.7594|INFO|ImageSaveController.cs|DoWork|97|Successfully saved file at D:\Images NINA\Target\LIGHT_1x1_600.00s_15_132_M 27_Celestron C8__-9.96C_L-Pro_0083_2026-09-03_00-10-32_FWHM_5.28_Fok_39855.xisf. Duration Total: 00:00:02.6452737; BeforeSave: 00:00:00.0000847; BeforeFinalizeImageSaved: 00:00:02.5840801; FinalizeSaveTime: 00:00:00.0611084
2026-09-03T00:21:02.3478|INFO|SequenceItem.cs|Run|254|Finishing Category: Guida, Item: Dither
2026-09-03T00:21:02.3480|INFO|SequenceItem.cs|Run|254|Finishing Category: * Set di Istruzioni *, Container: NINA.Sequencer.Container.SequentialContainer, Strategy: SequentialStrategy, Items[FINISHED]: 1
2026-09-03T00:21:02.3485|INFO|MeridianFlipTrigger.cs|ShouldTrigger|211|Meridian Flip - Flip for the current target already happened at 09/02/2026 22:16:06. Skip flip evaluation
2026-09-03T00:21:02.3486|INFO|SequenceTrigger.cs|Run|114|Starting Trigger: RestoreGuiding
2026-09-03T00:21:02.3486|INFO|SequenceItem.cs|Run|208|Starting Category: * Set di Istruzioni *, Container: NINA.Sequencer.Container.SequentialContainer, Strategy: SequentialStrategy, Items[CREATED]: 1
2026-09-03T00:21:02.3487|INFO|SequenceItem.cs|Run|208|Starting Category: Guida, Item: StartGuiding
2026-09-03T00:21:02.3846|INFO|PHD2Guider.cs|StartGuidingPrivate|504|Phd2 - App is already guiding. Skipping start guiding
2026-09-03T00:21:02.3848|INFO|SequenceItem.cs|Run|254|Finishing Category: Guida, Item: StartGuiding
2026-09-03T00:21:02.3849|INFO|SequenceItem.cs|Run|254|Finishing Category: * Set di Istruzioni *, Container: NINA.Sequencer.Container.SequentialContainer, Strategy: SequentialStrategy, Items[FINISHED]: 1
2026-09-03T00:21:02.3852|INFO|SequenceItem.cs|Run|208|Starting Category: Fotocamera, Item: TakeExposure, ExposureTime 600, Gain 15, Offset 132, ImageType LIGHT, Binning 1x1
2026-09-03T00:21:02.3929|INFO|CameraVM.cs|Capture|742|Starting Exposure - Exposure Time: 600s; Filter: ; Gain: 15; Offset 132; Binning: 1x1;
2026-09-03T00:31:08.5771|INFO|SequenceItem.cs|Run|254|Finishing Category: Fotocamera, Item: TakeExposure, ExposureTime 600, Gain 15, Offset 132, ImageType LIGHT, Binning 1x1
2026-09-03T00:31:08.5779|INFO|MeridianFlipTrigger.cs|ShouldTrigger|211|Meridian Flip - Flip for the current target already happened at 09/02/2026 22:16:06. Skip flip evaluation
2026-09-03T00:31:08.5779|INFO|SequenceItem.cs|Run|208|Starting Category: Ruota porta filtri, Item: SwitchFilter, Filter: L-Pro
2026-09-03T00:31:08.5788|WARNING|DeviceUpdateTimer.cs|Run|115|Camera value update cycle took longer than the device poll interval (Total: 11.03s > 2s; Poll: 00:00:11.0314573; Update: 00:00:00.0000941)
2026-09-03T00:31:08.7407|INFO|SequenceItem.cs|Run|254|Finishing Category: Ruota porta filtri, Item: SwitchFilter, Filter: L-Pro
2026-09-03T00:31:08.7416|INFO|SequenceTrigger.cs|Run|114|Starting Trigger: DitherAfterExposures, After Exposures: 1
2026-09-03T00:31:08.7417|INFO|SequenceItem.cs|Run|208|Starting Category: * Set di Istruzioni *, Container: NINA.Sequencer.Container.SequentialContainer, Strategy: SequentialStrategy, Items[CREATED]: 1
2026-09-03T00:31:08.7418|INFO|SequenceItem.cs|Run|208|Starting Category: Guida, Item: Dither
2026-09-03T00:31:11.3407|INFO|HocusFocusStarDetection.cs|Detect|413|Average HFR: 3.2563942665347807, HFR MAD: 0.3239429738369535, Detected Stars 392, Region: 0
2026-09-03T00:31:11.7723|INFO|BaseImageData.cs|SaveToDisk|346|Saved image to D:\Images NINA\Target\LIGHT_1x1_600.00s_15_132_M 27_Celestron C8__-9.96C_L-Pro_0084_2026-09-03_00-21-02_FWHM_4.91_Fok_39855.xisf
2026-09-03T00:31:11.7725|INFO|ImageSaveController.cs|DoWork|97|Successfully saved file at D:\Images NINA\Target\LIGHT_1x1_600.00s_15_132_M 27_Celestron C8__-9.96C_L-Pro_0084_2026-09-03_00-21-02_FWHM_4.91_Fok_39855.xisf. Duration Total: 00:00:02.7992977; BeforeSave: 00:00:00.0000686; BeforeFinalizeImageSaved: 00:00:02.7580554; FinalizeSaveTime: 00:00:00.0411732
2026-09-03T00:31:27.3405|INFO|SequenceItem.cs|Run|254|Finishing Category: Guida, Item: Dither
2026-09-03T00:31:27.3407|INFO|SequenceItem.cs|Run|254|Finishing Category: * Set di Istruzioni *, Container: NINA.Sequencer.Container.SequentialContainer, Strategy: SequentialStrategy, Items[FINISHED]: 1
2026-09-03T00:31:27.3557|INFO|MeridianFlipTrigger.cs|ShouldTrigger|211|Meridian Flip - Flip for the current target already happened at 09/02/2026 22:16:06. Skip flip evaluation
2026-09-03T00:31:27.3558|INFO|SequenceTrigger.cs|Run|114|Starting Trigger: RestoreGuiding
2026-09-03T00:31:27.3559|INFO|SequenceItem.cs|Run|208|Starting Category: * Set di Istruzioni *, Container: NINA.Sequencer.Container.SequentialContainer, Strategy: SequentialStrategy, Items[CREATED]: 1
2026-09-03T00:31:27.3560|INFO|SequenceItem.cs|Run|208|Starting Category: Guida, Item: StartGuiding
2026-09-03T00:31:27.3861|INFO|PHD2Guider.cs|StartGuidingPrivate|504|Phd2 - App is already guiding. Skipping start guiding
2026-09-03T00:31:27.3894|INFO|SequenceItem.cs|Run|254|Finishing Category: Guida, Item: StartGuiding
2026-09-03T00:31:27.3896|INFO|SequenceItem.cs|Run|254|Finishing Category: * Set di Istruzioni *, Container: NINA.Sequencer.Container.SequentialContainer, Strategy: SequentialStrategy, Items[FINISHED]: 1
2026-09-03T00:31:27.3899|INFO|SequenceItem.cs|Run|208|Starting Category: Fotocamera, Item: TakeExposure, ExposureTime 600, Gain 15, Offset 132, ImageType LIGHT, Binning 1x1
2026-09-03T00:31:27.3904|INFO|CameraVM.cs|Capture|742|Starting Exposure - Exposure Time: 600s; Filter: ; Gain: 15; Offset 132; Binning: 1x1;
2026-09-03T00:41:26.1308|WARNING|DeviceUpdateTimer.cs|Run|115|Dome value update cycle took longer than the device poll interval (Total: 3.57s > 2s; Poll: 00:00:00.0027287; Update: 00:00:03.5665691)
2026-09-03T00:41:33.5962|WARNING|DeviceUpdateTimer.cs|Run|115|Camera value update cycle took longer than the device poll interval (Total: 12.01s > 2s; Poll: 00:00:11.9889513; Update: 00:00:00.0235429)
2026-09-03T00:41:33.5971|INFO|SequenceItem.cs|Run|254|Finishing Category: Fotocamera, Item: TakeExposure, ExposureTime 600, Gain 15, Offset 132, ImageType LIGHT, Binning 1x1
2026-09-03T00:41:33.5983|INFO|MeridianFlipTrigger.cs|ShouldTrigger|211|Meridian Flip - Flip for the current target already happened at 09/02/2026 22:16:06. Skip flip evaluation
2026-09-03T00:41:33.5984|INFO|SequenceItem.cs|Run|208|Starting Category: Ruota porta filtri, Item: SwitchFilter, Filter: L-Pro
2026-09-03T00:41:33.7558|INFO|SequenceItem.cs|Run|254|Finishing Category: Ruota porta filtri, Item: SwitchFilter, Filter: L-Pro
2026-09-03T00:41:33.7561|INFO|SequenceTrigger.cs|Run|114|Starting Trigger: DitherAfterExposures, After Exposures: 1
2026-09-03T00:41:33.7562|INFO|SequenceItem.cs|Run|208|Starting Category: * Set di Istruzioni *, Container: NINA.Sequencer.Container.SequentialContainer, Strategy: SequentialStrategy, Items[CREATED]: 1
2026-09-03T00:41:33.7562|INFO|SequenceItem.cs|Run|208|Starting Category: Guida, Item: Dither
2026-09-03T00:41:33.9196|INFO|ImageSolver.cs|Solve|41|Platesolving with parameters: FocalLength: 1260 PixelSize: 4.54 SearchRadius: 30 BlindFailoverEnabled: True Regions: 5000 DownSampleFactor: 2 MaxObjects: 500 Reference Coordinates RA: 19:59:31 Dec: 22° 43' 37" Epoch: J2000
2026-09-03T00:41:34.4265|INFO|BaseImageData.cs|SaveToDisk|346|Saved image to C:\Users\PrimaLuceLab\AppData\Local\NINA\PlateSolver\5mn51dfb.ly2.fits
2026-09-03T00:41:37.6379|INFO|HocusFocusStarDetection.cs|Detect|413|Average HFR: 3.2205404163369646, HFR MAD: 0.2760699755368412, Detected Stars 394, Region: 0
2026-09-03T00:41:38.1214|INFO|BaseImageData.cs|SaveToDisk|346|Saved image to D:\Images NINA\Target\LIGHT_1x1_600.00s_15_132_M 27_Celestron C8__-9.96C_L-Pro_0085_2026-09-03_00-31-27_FWHM_4.59_Fok_39855.xisf
2026-09-03T00:41:38.1216|INFO|ImageSaveController.cs|DoWork|97|Successfully saved file at D:\Images NINA\Target\LIGHT_1x1_600.00s_15_132_M 27_Celestron C8__-9.96C_L-Pro_0085_2026-09-03_00-31-27_FWHM_4.59_Fok_39855.xisf. Duration Total: 00:00:04.2021346; BeforeSave: 00:00:00.0000790; BeforeFinalizeImageSaved: 00:00:04.1584444; FinalizeSaveTime: 00:00:00.0436106
2026-09-03T00:41:40.3294|INFO|ImageSolver.cs|Solve|54|Platesolve successful: Coordinates: RA: 19:59:40; Dec: 22° 43' 19"; Epoch: J2000 - Position Angle: 89.41576297273025
2026-09-03T00:41:40.3295|INFO|CenterAfterDriftTrigger.cs|PlatesolvingImageFollower_PropertyChanged|189|Drift: 0.9387687900338342 / 3 arc minutes
2026-09-03T00:41:46.7923|INFO|SequenceItem.cs|Run|254|Finishing Category: Guida, Item: Dither
2026-09-03T00:41:46.7925|INFO|SequenceItem.cs|Run|254|Finishing Category: * Set di Istruzioni *, Container: NINA.Sequencer.Container.SequentialContainer, Strategy: SequentialStrategy, Items[FINISHED]: 1
2026-09-03T00:41:46.7930|INFO|MeridianFlipTrigger.cs|ShouldTrigger|211|Meridian Flip - Flip for the current target already happened at 09/02/2026 22:16:06. Skip flip evaluation
2026-09-03T00:41:46.7931|INFO|SequenceTrigger.cs|Run|114|Starting Trigger: RestoreGuiding
2026-09-03T00:41:46.7931|INFO|SequenceItem.cs|Run|208|Starting Category: * Set di Istruzioni *, Container: NINA.Sequencer.Container.SequentialContainer, Strategy: SequentialStrategy, Items[CREATED]: 1
2026-09-03T00:41:46.7932|INFO|SequenceItem.cs|Run|208|Starting Category: Guida, Item: StartGuiding
2026-09-03T00:41:46.8352|INFO|PHD2Guider.cs|StartGuidingPrivate|504|Phd2 - App is already guiding. Skipping start guiding
2026-09-03T00:41:46.8383|INFO|SequenceItem.cs|Run|254|Finishing Category: Guida, Item: StartGuiding
2026-09-03T00:41:46.8393|INFO|SequenceItem.cs|Run|254|Finishing Category: * Set di Istruzioni *, Container: NINA.Sequencer.Container.SequentialContainer, Strategy: SequentialStrategy, Items[FINISHED]: 1
2026-09-03T00:41:46.8398|INFO|SequenceItem.cs|Run|208|Starting Category: Fotocamera, Item: TakeExposure, ExposureTime 600, Gain 15, Offset 132, ImageType LIGHT, Binning 1x1
2026-09-03T00:41:46.8404|INFO|CameraVM.cs|Capture|742|Starting Exposure - Exposure Time: 600s; Filter: ; Gain: 15; Offset 132; Binning: 1x1;
2026-09-03T00:51:53.0420|WARNING|DeviceUpdateTimer.cs|Run|115|Camera value update cycle took longer than the device poll interval (Total: 11.15s > 2s; Poll: 00:00:11.1408297; Update: 00:00:00.0111968)
2026-09-03T00:51:53.0425|INFO|SequenceItem.cs|Run|254|Finishing Category: Fotocamera, Item: TakeExposure, ExposureTime 600, Gain 15, Offset 132, ImageType LIGHT, Binning 1x1
2026-09-03T00:51:53.0431|INFO|MeridianFlipTrigger.cs|ShouldTrigger|211|Meridian Flip - Flip for the current target already happened at 09/02/2026 22:16:06. Skip flip evaluation
2026-09-03T00:51:53.0432|INFO|SequenceItem.cs|Run|208|Starting Category: Ruota porta filtri, Item: SwitchFilter, Filter: L-Pro
2026-09-03T00:51:53.1826|INFO|SequenceItem.cs|Run|254|Finishing Category: Ruota porta filtri, Item: SwitchFilter, Filter: L-Pro
2026-09-03T00:51:53.1829|INFO|SequenceTrigger.cs|Run|114|Starting Trigger: DitherAfterExposures, After Exposures: 1
2026-09-03T00:51:53.1829|INFO|SequenceItem.cs|Run|208|Starting Category: * Set di Istruzioni *, Container: NINA.Sequencer.Container.SequentialContainer, Strategy: SequentialStrategy, Items[CREATED]: 1
2026-09-03T00:51:53.1831|INFO|SequenceItem.cs|Run|208|Starting Category: Guida, Item: Dither
2026-09-03T00:51:55.6461|INFO|HocusFocusStarDetection.cs|Detect|413|Average HFR: 3.1859537203677633, HFR MAD: 0.300892935082143, Detected Stars 332, Region: 0
2026-09-03T00:51:56.0692|INFO|BaseImageData.cs|SaveToDisk|346|Saved image to D:\Images NINA\Target\LIGHT_1x1_600.00s_15_132_M 27_Celestron C8__-9.96C_L-Pro_0086_2026-09-03_00-41-46_FWHM_4.31_Fok_39855.xisf
2026-09-03T00:51:56.0694|INFO|ImageSaveController.cs|DoWork|97|Successfully saved file at D:\Images NINA\Target\LIGHT_1x1_600.00s_15_132_M 27_Celestron C8__-9.96C_L-Pro_0086_2026-09-03_00-41-46_FWHM_4.31_Fok_39855.xisf. Duration Total: 00:00:02.7407838; BeforeSave: 00:00:00.0000741; BeforeFinalizeImageSaved: 00:00:02.7070006; FinalizeSaveTime: 00:00:00.0337084
2026-09-03T00:52:12.2105|INFO|SequenceItem.cs|Run|254|Finishing Category: Guida, Item: Dither
2026-09-03T00:52:12.2107|INFO|SequenceItem.cs|Run|254|Finishing Category: * Set di Istruzioni *, Container: NINA.Sequencer.Container.SequentialContainer, Strategy: SequentialStrategy, Items[FINISHED]: 1
2026-09-03T00:52:12.2113|INFO|MeridianFlipTrigger.cs|ShouldTrigger|211|Meridian Flip - Flip for the current target already happened at 09/02/2026 22:16:06. Skip flip evaluation
2026-09-03T00:52:12.2113|INFO|SequenceTrigger.cs|Run|114|Starting Trigger: RestoreGuiding
2026-09-03T00:52:12.2114|INFO|SequenceItem.cs|Run|208|Starting Category: * Set di Istruzioni *, Container: NINA.Sequencer.Container.SequentialContainer, Strategy: SequentialStrategy, Items[CREATED]: 1
2026-09-03T00:52:12.2114|INFO|SequenceItem.cs|Run|208|Starting Category: Guida, Item: StartGuiding
2026-09-03T00:52:12.2409|INFO|PHD2Guider.cs|StartGuidingPrivate|504|Phd2 - App is already guiding. Skipping start guiding
2026-09-03T00:52:12.2433|INFO|SequenceItem.cs|Run|254|Finishing Category: Guida, Item: StartGuiding
2026-09-03T00:52:12.2451|INFO|SequenceItem.cs|Run|254|Finishing Category: * Set di Istruzioni *, Container: NINA.Sequencer.Container.SequentialContainer, Strategy: SequentialStrategy, Items[FINISHED]: 1
2026-09-03T00:52:12.2455|INFO|SequenceItem.cs|Run|208|Starting Category: Fotocamera, Item: TakeExposure, ExposureTime 600, Gain 15, Offset 132, ImageType LIGHT, Binning 1x1
2026-09-03T00:52:12.2565|INFO|CameraVM.cs|Capture|742|Starting Exposure - Exposure Time: 600s; Filter: ; Gain: 15; Offset 132; Binning: 1x1;
2026-09-03T01:02:10.2221|WARNING|DeviceUpdateTimer.cs|Run|115|Dome value update cycle took longer than the device poll interval (Total: 3.25s > 2s; Poll: 00:00:00.0029151; Update: 00:00:03.2490334)
2026-09-03T01:02:18.4539|WARNING|DeviceUpdateTimer.cs|Run|115|Camera value update cycle took longer than the device poll interval (Total: 8.33s > 2s; Poll: 00:00:08.3178716; Update: 00:00:00.0121563)
2026-09-03T01:02:18.4546|INFO|SequenceItem.cs|Run|254|Finishing Category: Fotocamera, Item: TakeExposure, ExposureTime 600, Gain 15, Offset 132, ImageType LIGHT, Binning 1x1
2026-09-03T01:02:18.4552|INFO|MeridianFlipTrigger.cs|ShouldTrigger|211|Meridian Flip - Flip for the current target already happened at 09/02/2026 22:16:06. Skip flip evaluation
2026-09-03T01:02:18.4552|INFO|SequenceItem.cs|Run|208|Starting Category: Ruota porta filtri, Item: SwitchFilter, Filter: L-Pro
2026-09-03T01:02:18.5801|INFO|SequenceItem.cs|Run|254|Finishing Category: Ruota porta filtri, Item: SwitchFilter, Filter: L-Pro
2026-09-03T01:02:18.5803|INFO|SequenceTrigger.cs|Run|114|Starting Trigger: DitherAfterExposures, After Exposures: 1
2026-09-03T01:02:18.5804|INFO|SequenceItem.cs|Run|208|Starting Category: * Set di Istruzioni *, Container: NINA.Sequencer.Container.SequentialContainer, Strategy: SequentialStrategy, Items[CREATED]: 1
2026-09-03T01:02:18.5805|INFO|SequenceItem.cs|Run|208|Starting Category: Guida, Item: Dither
2026-09-03T01:02:21.4244|INFO|HocusFocusStarDetection.cs|Detect|413|Average HFR: 2.8738270974687086, HFR MAD: 0.3199398857278273, Detected Stars 503, Region: 0
2026-09-03T01:02:21.8945|INFO|BaseImageData.cs|SaveToDisk|346|Saved image to D:\Images NINA\Target\LIGHT_1x1_600.00s_15_132_M 27_Celestron C8__-9.96C_L-Pro_0087_2026-09-03_00-52-12_FWHM_4.22_Fok_39855.xisf
2026-09-03T01:02:21.8946|INFO|ImageSaveController.cs|DoWork|97|Successfully saved file at D:\Images NINA\Target\LIGHT_1x1_600.00s_15_132_M 27_Celestron C8__-9.96C_L-Pro_0087_2026-09-03_00-52-12_FWHM_4.22_Fok_39855.xisf. Duration Total: 00:00:03.0971919; BeforeSave: 00:00:00.0000773; BeforeFinalizeImageSaved: 00:00:03.0319030; FinalizeSaveTime: 00:00:00.0652110
2026-09-03T01:02:37.3757|INFO|SequenceItem.cs|Run|254|Finishing Category: Guida, Item: Dither
2026-09-03T01:02:37.3762|INFO|SequenceItem.cs|Run|254|Finishing Category: * Set di Istruzioni *, Container: NINA.Sequencer.Container.SequentialContainer, Strategy: SequentialStrategy, Items[FINISHED]: 1
2026-09-03T01:02:37.3767|INFO|MeridianFlipTrigger.cs|ShouldTrigger|211|Meridian Flip - Flip for the current target already happened at 09/02/2026 22:16:06. Skip flip evaluation
2026-09-03T01:02:37.3768|INFO|SequenceTrigger.cs|Run|114|Starting Trigger: RestoreGuiding
2026-09-03T01:02:37.3768|INFO|SequenceItem.cs|Run|208|Starting Category: * Set di Istruzioni *, Container: NINA.Sequencer.Container.SequentialContainer, Strategy: SequentialStrategy, Items[CREATED]: 1
2026-09-03T01:02:37.3769|INFO|SequenceItem.cs|Run|208|Starting Category: Guida, Item: StartGuiding
2026-09-03T01:02:37.4104|INFO|PHD2Guider.cs|StartGuidingPrivate|504|Phd2 - App is already guiding. Skipping start guiding
2026-09-03T01:02:37.4106|INFO|SequenceItem.cs|Run|254|Finishing Category: Guida, Item: StartGuiding
2026-09-03T01:02:37.4107|INFO|SequenceItem.cs|Run|254|Finishing Category: * Set di Istruzioni *, Container: NINA.Sequencer.Container.SequentialContainer, Strategy: SequentialStrategy, Items[FINISHED]: 1
2026-09-03T01:02:37.4109|INFO|SequenceItem.cs|Run|208|Starting Category: Fotocamera, Item: TakeExposure, ExposureTime 600, Gain 15, Offset 132, ImageType LIGHT, Binning 1x1
2026-09-03T01:02:37.4207|INFO|CameraVM.cs|Capture|742|Starting Exposure - Exposure Time: 600s; Filter: ; Gain: 15; Offset 132; Binning: 1x1;
2026-09-03T01:12:43.6156|WARNING|DeviceUpdateTimer.cs|Run|115|Camera value update cycle took longer than the device poll interval (Total: 10.04s > 2s; Poll: 00:00:10.0139859; Update: 00:00:00.0236717)
2026-09-03T01:12:43.6165|INFO|SequenceItem.cs|Run|254|Finishing Category: Fotocamera, Item: TakeExposure, ExposureTime 600, Gain 15, Offset 132, ImageType LIGHT, Binning 1x1
2026-09-03T01:12:43.6172|INFO|MeridianFlipTrigger.cs|ShouldTrigger|211|Meridian Flip - Flip for the current target already happened at 09/02/2026 22:16:06. Skip flip evaluation
2026-09-03T01:12:43.6172|INFO|SequenceItem.cs|Run|208|Starting Category: Ruota porta filtri, Item: SwitchFilter, Filter: L-Pro
2026-09-03T01:12:43.7761|INFO|SequenceItem.cs|Run|254|Finishing Category: Ruota porta filtri, Item: SwitchFilter, Filter: L-Pro
2026-09-03T01:12:43.7764|INFO|SequenceTrigger.cs|Run|114|Starting Trigger: DitherAfterExposures, After Exposures: 1
2026-09-03T01:12:43.7765|INFO|SequenceItem.cs|Run|208|Starting Category: * Set di Istruzioni *, Container: NINA.Sequencer.Container.SequentialContainer, Strategy: SequentialStrategy, Items[CREATED]: 1
2026-09-03T01:12:43.7766|INFO|SequenceItem.cs|Run|208|Starting Category: Guida, Item: Dither
2026-09-03T01:12:46.8852|INFO|HocusFocusStarDetection.cs|Detect|413|Average HFR: 2.8284589467944907, HFR MAD: 0.3160642418357762, Detected Stars 510, Region: 0
2026-09-03T01:12:47.3013|INFO|BaseImageData.cs|SaveToDisk|346|Saved image to D:\Images NINA\Target\LIGHT_1x1_600.00s_15_132_M 27_Celestron C8__-9.96C_L-Pro_0088_2026-09-03_01-02-37_FWHM_4.33_Fok_39855.xisf
2026-09-03T01:12:47.3015|INFO|ImageSaveController.cs|DoWork|97|Successfully saved file at D:\Images NINA\Target\LIGHT_1x1_600.00s_15_132_M 27_Celestron C8__-9.96C_L-Pro_0088_2026-09-03_01-02-37_FWHM_4.33_Fok_39855.xisf. Duration Total: 00:00:03.3532718; BeforeSave: 00:00:00.0002478; BeforeFinalizeImageSaved: 00:00:03.3111103; FinalizeSaveTime: 00:00:00.0419131
2026-09-03T01:13:01.5279|INFO|SequenceItem.cs|Run|254|Finishing Category: Guida, Item: Dither
2026-09-03T01:13:01.5281|INFO|SequenceItem.cs|Run|254|Finishing Category: * Set di Istruzioni *, Container: NINA.Sequencer.Container.SequentialContainer, Strategy: SequentialStrategy, Items[FINISHED]: 1
2026-09-03T01:13:01.5290|INFO|MeridianFlipTrigger.cs|ShouldTrigger|211|Meridian Flip - Flip for the current target already happened at 09/02/2026 22:16:06. Skip flip evaluation
2026-09-03T01:13:01.5290|INFO|SequenceTrigger.cs|Run|114|Starting Trigger: RestoreGuiding
2026-09-03T01:13:01.5291|INFO|SequenceItem.cs|Run|208|Starting Category: * Set di Istruzioni *, Container: NINA.Sequencer.Container.SequentialContainer, Strategy: SequentialStrategy, Items[CREATED]: 1
2026-09-03T01:13:01.5291|INFO|SequenceItem.cs|Run|208|Starting Category: Guida, Item: StartGuiding
2026-09-03T01:13:01.5652|INFO|PHD2Guider.cs|StartGuidingPrivate|504|Phd2 - App is already guiding. Skipping start guiding
2026-09-03T01:13:01.5674|INFO|SequenceItem.cs|Run|254|Finishing Category: Guida, Item: StartGuiding
2026-09-03T01:13:01.5711|INFO|SequenceItem.cs|Run|254|Finishing Category: * Set di Istruzioni *, Container: NINA.Sequencer.Container.SequentialContainer, Strategy: SequentialStrategy, Items[FINISHED]: 1
2026-09-03T01:13:01.5714|INFO|SequenceItem.cs|Run|208|Starting Category: Fotocamera, Item: TakeExposure, ExposureTime 600, Gain 15, Offset 132, ImageType LIGHT, Binning 1x1
2026-09-03T01:13:01.5826|INFO|CameraVM.cs|Capture|742|Starting Exposure - Exposure Time: 600s; Filter: ; Gain: 15; Offset 132; Binning: 1x1;
2026-09-03T01:23:01.8988|WARNING|DeviceUpdateTimer.cs|Run|115|Dome value update cycle took longer than the device poll interval (Total: 2.05s > 2s; Poll: 00:00:00.0029933; Update: 00:00:02.0509388)
2026-09-03T01:23:07.7757|WARNING|DeviceUpdateTimer.cs|Run|115|Camera value update cycle took longer than the device poll interval (Total: 8.83s > 2s; Poll: 00:00:08.8341039; Update: 00:00:00.0001748)
2026-09-03T01:23:07.7765|INFO|SequenceItem.cs|Run|254|Finishing Category: Fotocamera, Item: TakeExposure, ExposureTime 600, Gain 15, Offset 132, ImageType LIGHT, Binning 1x1
2026-09-03T01:23:07.7772|INFO|MeridianFlipTrigger.cs|ShouldTrigger|211|Meridian Flip - Flip for the current target already happened at 09/02/2026 22:16:06. Skip flip evaluation
2026-09-03T01:23:07.7772|INFO|SequenceItem.cs|Run|208|Starting Category: Ruota porta filtri, Item: SwitchFilter, Filter: L-Pro
2026-09-03T01:23:07.9160|INFO|SequenceItem.cs|Run|254|Finishing Category: Ruota porta filtri, Item: SwitchFilter, Filter: L-Pro
2026-09-03T01:23:07.9163|INFO|SequenceTrigger.cs|Run|114|Starting Trigger: DitherAfterExposures, After Exposures: 1
2026-09-03T01:23:07.9164|INFO|SequenceItem.cs|Run|208|Starting Category: * Set di Istruzioni *, Container: NINA.Sequencer.Container.SequentialContainer, Strategy: SequentialStrategy, Items[CREATED]: 1
2026-09-03T01:23:07.9165|INFO|SequenceItem.cs|Run|208|Starting Category: Guida, Item: Dither
2026-09-03T01:23:10.6545|INFO|HocusFocusStarDetection.cs|Detect|413|Average HFR: 2.9304162583626434, HFR MAD: 0.3286115123025062, Detected Stars 458, Region: 0
2026-09-03T01:23:11.0640|INFO|BaseImageData.cs|SaveToDisk|346|Saved image to D:\Images NINA\Target\LIGHT_1x1_600.00s_15_132_M 27_Celestron C8__-9.96C_L-Pro_0089_2026-09-03_01-13-01_FWHM_4.54_Fok_39855.xisf
2026-09-03T01:23:11.0642|INFO|ImageSaveController.cs|DoWork|97|Successfully saved file at D:\Images NINA\Target\LIGHT_1x1_600.00s_15_132_M 27_Celestron C8__-9.96C_L-Pro_0089_2026-09-03_01-13-01_FWHM_4.54_Fok_39855.xisf. Duration Total: 00:00:02.9658137; BeforeSave: 00:00:00.0000648; BeforeFinalizeImageSaved: 00:00:02.9275284; FinalizeSaveTime: 00:00:00.0382198
2026-09-03T01:23:33.6490|INFO|SequenceItem.cs|Run|254|Finishing Category: Guida, Item: Dither
2026-09-03T01:23:33.6492|INFO|SequenceItem.cs|Run|254|Finishing Category: * Set di Istruzioni *, Container: NINA.Sequencer.Container.SequentialContainer, Strategy: SequentialStrategy, Items[FINISHED]: 1
2026-09-03T01:23:33.6500|INFO|MeridianFlipTrigger.cs|ShouldTrigger|211|Meridian Flip - Flip for the current target already happened at 09/02/2026 22:16:06. Skip flip evaluation
2026-09-03T01:23:33.6500|INFO|SequenceTrigger.cs|Run|114|Starting Trigger: RestoreGuiding
2026-09-03T01:23:33.6501|INFO|SequenceItem.cs|Run|208|Starting Category: * Set di Istruzioni *, Container: NINA.Sequencer.Container.SequentialContainer, Strategy: SequentialStrategy, Items[CREATED]: 1
2026-09-03T01:23:33.6501|INFO|SequenceItem.cs|Run|208|Starting Category: Guida, Item: StartGuiding
2026-09-03T01:23:33.6820|INFO|PHD2Guider.cs|StartGuidingPrivate|504|Phd2 - App is already guiding. Skipping start guiding
2026-09-03T01:23:33.6843|INFO|SequenceItem.cs|Run|254|Finishing Category: Guida, Item: StartGuiding
2026-09-03T01:23:33.6847|INFO|SequenceItem.cs|Run|254|Finishing Category: * Set di Istruzioni *, Container: NINA.Sequencer.Container.SequentialContainer, Strategy: SequentialStrategy, Items[FINISHED]: 1
2026-09-03T01:23:33.6850|INFO|SequenceItem.cs|Run|208|Starting Category: Fotocamera, Item: TakeExposure, ExposureTime 600, Gain 15, Offset 132, ImageType LIGHT, Binning 1x1
2026-09-03T01:23:33.6887|INFO|CameraVM.cs|Capture|742|Starting Exposure - Exposure Time: 600s; Filter: ; Gain: 15; Offset 132; Binning: 1x1;
2026-09-03T01:33:39.9131|WARNING|DeviceUpdateTimer.cs|Run|115|Camera value update cycle took longer than the device poll interval (Total: 10.36s > 2s; Poll: 00:00:10.3427982; Update: 00:00:00.0122938)
2026-09-03T01:33:39.9252|INFO|SequenceItem.cs|Run|254|Finishing Category: Fotocamera, Item: TakeExposure, ExposureTime 600, Gain 15, Offset 132, ImageType LIGHT, Binning 1x1
2026-09-03T01:33:39.9259|INFO|MeridianFlipTrigger.cs|ShouldTrigger|211|Meridian Flip - Flip for the current target already happened at 09/02/2026 22:16:06. Skip flip evaluation
2026-09-03T01:33:39.9259|INFO|SequenceItem.cs|Run|208|Starting Category: Ruota porta filtri, Item: SwitchFilter, Filter: L-Pro
2026-09-03T01:33:40.0456|INFO|SequenceItem.cs|Run|254|Finishing Category: Ruota porta filtri, Item: SwitchFilter, Filter: L-Pro
2026-09-03T01:33:40.0461|INFO|SequenceTrigger.cs|Run|114|Starting Trigger: DitherAfterExposures, After Exposures: 1
2026-09-03T01:33:40.0462|INFO|SequenceItem.cs|Run|208|Starting Category: * Set di Istruzioni *, Container: NINA.Sequencer.Container.SequentialContainer, Strategy: SequentialStrategy, Items[CREATED]: 1
2026-09-03T01:33:40.0462|INFO|SequenceItem.cs|Run|208|Starting Category: Guida, Item: Dither
2026-09-03T01:33:40.0877|WARNING|DeviceUpdateTimer.cs|Run|115|Dome value update cycle took longer than the device poll interval (Total: 2.39s > 2s; Poll: 00:00:00.0031070; Update: 00:00:02.3878417)
2026-09-03T01:33:40.4801|INFO|ImageSolver.cs|Solve|41|Platesolving with parameters: FocalLength: 1260 PixelSize: 4.54 SearchRadius: 30 BlindFailoverEnabled: True Regions: 5000 DownSampleFactor: 2 MaxObjects: 500 Reference Coordinates RA: 19:59:31 Dec: 22° 44' 12" Epoch: J2000
2026-09-03T01:33:41.0489|INFO|BaseImageData.cs|SaveToDisk|346|Saved image to C:\Users\PrimaLuceLab\AppData\Local\NINA\PlateSolver\vhli10v5.vuz.fits
2026-09-03T01:33:43.5630|INFO|ImageSolver.cs|Solve|54|Platesolve successful: Coordinates: RA: 19:59:41; Dec: 22° 43' 11"; Epoch: J2000 - Position Angle: 89.41256886531175
2026-09-03T01:33:43.5631|INFO|CenterAfterDriftTrigger.cs|PlatesolvingImageFollower_PropertyChanged|189|Drift: 1.0569653288326954 / 3 arc minutes
2026-09-03T01:33:44.3336|INFO|HocusFocusStarDetection.cs|Detect|413|Average HFR: 2.7503292110949262, HFR MAD: 0.33719302330056067, Detected Stars 525, Region: 0
2026-09-03T01:33:44.7906|INFO|BaseImageData.cs|SaveToDisk|346|Saved image to D:\Images NINA\Target\LIGHT_1x1_600.00s_15_132_M 27_Celestron C8__-9.96C_L-Pro_0090_2026-09-03_01-23-33_FWHM_4.45_Fok_39855.xisf
2026-09-03T01:33:44.7908|INFO|ImageSaveController.cs|DoWork|97|Successfully saved file at D:\Images NINA\Target\LIGHT_1x1_600.00s_15_132_M 27_Celestron C8__-9.96C_L-Pro_0090_2026-09-03_01-23-33_FWHM_4.45_Fok_39855.xisf. Duration Total: 00:00:04.3107784; BeforeSave: 00:00:00.0000843; BeforeFinalizeImageSaved: 00:00:04.2391054; FinalizeSaveTime: 00:00:00.0715881
2026-09-03T01:34:04.0248|INFO|SequenceItem.cs|Run|254|Finishing Category: Guida, Item: Dither
2026-09-03T01:34:04.0252|INFO|SequenceItem.cs|Run|254|Finishing Category: * Set di Istruzioni *, Container: NINA.Sequencer.Container.SequentialContainer, Strategy: SequentialStrategy, Items[FINISHED]: 1
2026-09-03T01:34:04.0259|INFO|MeridianFlipTrigger.cs|ShouldTrigger|211|Meridian Flip - Flip for the current target already happened at 09/02/2026 22:16:06. Skip flip evaluation
2026-09-03T01:34:04.0260|INFO|SequenceTrigger.cs|Run|114|Starting Trigger: RestoreGuiding
2026-09-03T01:34:04.0262|INFO|SequenceItem.cs|Run|208|Starting Category: * Set di Istruzioni *, Container: NINA.Sequencer.Container.SequentialContainer, Strategy: SequentialStrategy, Items[CREATED]: 1
2026-09-03T01:34:04.0265|INFO|SequenceItem.cs|Run|208|Starting Category: Guida, Item: StartGuiding
2026-09-03T01:34:04.0632|INFO|PHD2Guider.cs|StartGuidingPrivate|504|Phd2 - App is already guiding. Skipping start guiding
2026-09-03T01:34:04.0661|INFO|SequenceItem.cs|Run|254|Finishing Category: Guida, Item: StartGuiding
2026-09-03T01:34:04.0672|INFO|SequenceItem.cs|Run|254|Finishing Category: * Set di Istruzioni *, Container: NINA.Sequencer.Container.SequentialContainer, Strategy: SequentialStrategy, Items[FINISHED]: 1
2026-09-03T01:34:04.0675|INFO|SequenceItem.cs|Run|208|Starting Category: Fotocamera, Item: TakeExposure, ExposureTime 600, Gain 15, Offset 132, ImageType LIGHT, Binning 1x1
2026-09-03T01:34:04.0679|INFO|CameraVM.cs|Capture|742|Starting Exposure - Exposure Time: 600s; Filter: ; Gain: 15; Offset 132; Binning: 1x1;
2026-09-03T01:44:10.2758|WARNING|DeviceUpdateTimer.cs|Run|115|Camera value update cycle took longer than the device poll interval (Total: 10.69s > 2s; Poll: 00:00:10.6939865; Update: 00:00:00.0001367)
2026-09-03T01:44:10.3103|INFO|SequenceItem.cs|Run|254|Finishing Category: Fotocamera, Item: TakeExposure, ExposureTime 600, Gain 15, Offset 132, ImageType LIGHT, Binning 1x1
2026-09-03T01:44:10.3110|INFO|MeridianFlipTrigger.cs|ShouldTrigger|211|Meridian Flip - Flip for the current target already happened at 09/02/2026 22:16:06. Skip flip evaluation
2026-09-03T01:44:10.3111|INFO|SequenceItem.cs|Run|208|Starting Category: Ruota porta filtri, Item: SwitchFilter, Filter: L-Pro
2026-09-03T01:44:10.4853|INFO|SequenceItem.cs|Run|254|Finishing Category: Ruota porta filtri, Item: SwitchFilter, Filter: L-Pro
2026-09-03T01:44:10.4856|INFO|SequenceTrigger.cs|Run|114|Starting Trigger: DitherAfterExposures, After Exposures: 1
2026-09-03T01:44:10.4857|INFO|SequenceItem.cs|Run|208|Starting Category: * Set di Istruzioni *, Container: NINA.Sequencer.Container.SequentialContainer, Strategy: SequentialStrategy, Items[CREATED]: 1
2026-09-03T01:44:10.4858|INFO|SequenceItem.cs|Run|208|Starting Category: Guida, Item: Dither
2026-09-03T01:44:12.9998|WARNING|DeviceUpdateTimer.cs|Run|115|Dome value update cycle took longer than the device poll interval (Total: 2.15s > 2s; Poll: 00:00:00.1242855; Update: 00:00:02.0292201)
2026-09-03T01:44:13.2225|INFO|HocusFocusStarDetection.cs|Detect|413|Average HFR: 2.6699935259307823, HFR MAD: 0.32490954010856976, Detected Stars 535, Region: 0
2026-09-03T01:44:13.6715|INFO|BaseImageData.cs|SaveToDisk|346|Saved image to D:\Images NINA\Target\LIGHT_1x1_600.00s_15_132_M 27_Celestron C8__-9.96C_L-Pro_0091_2026-09-03_01-34-04_FWHM_4.31_Fok_39855.xisf
2026-09-03T01:44:13.6716|INFO|ImageSaveController.cs|DoWork|97|Successfully saved file at D:\Images NINA\Target\LIGHT_1x1_600.00s_15_132_M 27_Celestron C8__-9.96C_L-Pro_0091_2026-09-03_01-34-04_FWHM_4.31_Fok_39855.xisf. Duration Total: 00:00:03.0931722; BeforeSave: 00:00:00.0000655; BeforeFinalizeImageSaved: 00:00:03.0380804; FinalizeSaveTime: 00:00:00.0550255
2026-09-03T01:44:28.7676|INFO|SequenceItem.cs|Run|254|Finishing Category: Guida, Item: Dither
2026-09-03T01:44:28.7678|INFO|SequenceItem.cs|Run|254|Finishing Category: * Set di Istruzioni *, Container: NINA.Sequencer.Container.SequentialContainer, Strategy: SequentialStrategy, Items[FINISHED]: 1
2026-09-03T01:44:28.7683|INFO|MeridianFlipTrigger.cs|ShouldTrigger|211|Meridian Flip - Flip for the current target already happened at 09/02/2026 22:16:06. Skip flip evaluation
2026-09-03T01:44:28.7684|INFO|SequenceTrigger.cs|Run|114|Starting Trigger: RestoreGuiding
2026-09-03T01:44:28.7684|INFO|SequenceItem.cs|Run|208|Starting Category: * Set di Istruzioni *, Container: NINA.Sequencer.Container.SequentialContainer, Strategy: SequentialStrategy, Items[CREATED]: 1
2026-09-03T01:44:28.7685|INFO|SequenceItem.cs|Run|208|Starting Category: Guida, Item: StartGuiding
2026-09-03T01:44:28.8035|INFO|PHD2Guider.cs|StartGuidingPrivate|504|Phd2 - App is already guiding. Skipping start guiding
2026-09-03T01:44:28.8037|INFO|SequenceItem.cs|Run|254|Finishing Category: Guida, Item: StartGuiding
2026-09-03T01:44:28.8038|INFO|SequenceItem.cs|Run|254|Finishing Category: * Set di Istruzioni *, Container: NINA.Sequencer.Container.SequentialContainer, Strategy: SequentialStrategy, Items[FINISHED]: 1
2026-09-03T01:44:28.8039|INFO|SequenceItem.cs|Run|208|Starting Category: Fotocamera, Item: TakeExposure, ExposureTime 600, Gain 15, Offset 132, ImageType LIGHT, Binning 1x1
2026-09-03T01:44:28.8068|INFO|CameraVM.cs|Capture|742|Starting Exposure - Exposure Time: 600s; Filter: ; Gain: 15; Offset 132; Binning: 1x1;
2026-09-03T01:54:35.0256|WARNING|DeviceUpdateTimer.cs|Run|115|Camera value update cycle took longer than the device poll interval (Total: 11.46s > 2s; Poll: 00:00:11.4625803; Update: 00:00:00.0001177)
2026-09-03T01:54:35.0562|INFO|SequenceItem.cs|Run|254|Finishing Category: Fotocamera, Item: TakeExposure, ExposureTime 600, Gain 15, Offset 132, ImageType LIGHT, Binning 1x1
2026-09-03T01:54:35.0576|INFO|MeridianFlipTrigger.cs|ShouldTrigger|211|Meridian Flip - Flip for the current target already happened at 09/02/2026 22:16:06. Skip flip evaluation
2026-09-03T01:54:35.0576|INFO|SequenceItem.cs|Run|208|Starting Category: Ruota porta filtri, Item: SwitchFilter, Filter: L-Pro
2026-09-03T01:54:35.1909|INFO|SequenceItem.cs|Run|254|Finishing Category: Ruota porta filtri, Item: SwitchFilter, Filter: L-Pro
2026-09-03T01:54:35.1913|INFO|SequenceTrigger.cs|Run|114|Starting Trigger: DitherAfterExposures, After Exposures: 1
2026-09-03T01:54:35.1914|INFO|SequenceItem.cs|Run|208|Starting Category: * Set di Istruzioni *, Container: NINA.Sequencer.Container.SequentialContainer, Strategy: SequentialStrategy, Items[CREATED]: 1
2026-09-03T01:54:35.1915|INFO|SequenceItem.cs|Run|208|Starting Category: Guida, Item: Dither
2026-09-03T01:54:38.0330|INFO|HocusFocusStarDetection.cs|Detect|413|Average HFR: 2.9323900369827087, HFR MAD: 0.3131070954941513, Detected Stars 467, Region: 0
2026-09-03T01:54:38.3329|INFO|BaseImageData.cs|SaveToDisk|346|Saved image to D:\Images NINA\Target\LIGHT_1x1_600.00s_15_132_M 27_Celestron C8__-9.96C_L-Pro_0092_2026-09-03_01-44-28_FWHM_4.75_Fok_39855.xisf
2026-09-03T01:54:38.3329|INFO|ImageSaveController.cs|DoWork|97|Successfully saved file at D:\Images NINA\Target\LIGHT_1x1_600.00s_15_132_M 27_Celestron C8__-9.96C_L-Pro_0092_2026-09-03_01-44-28_FWHM_4.75_Fok_39855.xisf. Duration Total: 00:00:02.9316554; BeforeSave: 00:00:00.0001425; BeforeFinalizeImageSaved: 00:00:02.8911589; FinalizeSaveTime: 00:00:00.0403534
2026-09-03T01:54:59.9298|INFO|SequenceItem.cs|Run|254|Finishing Category: Guida, Item: Dither
2026-09-03T01:54:59.9300|INFO|SequenceItem.cs|Run|254|Finishing Category: * Set di Istruzioni *, Container: NINA.Sequencer.Container.SequentialContainer, Strategy: SequentialStrategy, Items[FINISHED]: 1
2026-09-03T01:54:59.9305|INFO|MeridianFlipTrigger.cs|ShouldTrigger|211|Meridian Flip - Flip for the current target already happened at 09/02/2026 22:16:06. Skip flip evaluation
2026-09-03T01:54:59.9307|INFO|SequenceTrigger.cs|Run|114|Starting Trigger: RestoreGuiding
2026-09-03T01:54:59.9563|INFO|SequenceItem.cs|Run|208|Starting Category: * Set di Istruzioni *, Container: NINA.Sequencer.Container.SequentialContainer, Strategy: SequentialStrategy, Items[CREATED]: 1
2026-09-03T01:54:59.9564|INFO|SequenceItem.cs|Run|208|Starting Category: Guida, Item: StartGuiding
2026-09-03T01:54:59.9933|INFO|PHD2Guider.cs|StartGuidingPrivate|504|Phd2 - App is already guiding. Skipping start guiding
2026-09-03T01:54:59.9956|INFO|SequenceItem.cs|Run|254|Finishing Category: Guida, Item: StartGuiding
2026-09-03T01:55:00.0000|INFO|SequenceItem.cs|Run|254|Finishing Category: * Set di Istruzioni *, Container: NINA.Sequencer.Container.SequentialContainer, Strategy: SequentialStrategy, Items[FINISHED]: 1
2026-09-03T01:55:00.0003|INFO|SequenceItem.cs|Run|208|Starting Category: Fotocamera, Item: TakeExposure, ExposureTime 600, Gain 15, Offset 132, ImageType LIGHT, Binning 1x1
2026-09-03T01:55:00.0225|INFO|CameraVM.cs|Capture|742|Starting Exposure - Exposure Time: 600s; Filter: ; Gain: 15; Offset 132; Binning: 1x1;
2026-09-03T02:05:06.2007|WARNING|DeviceUpdateTimer.cs|Run|115|Camera value update cycle took longer than the device poll interval (Total: 10.64s > 2s; Poll: 00:00:10.6437671; Update: 00:00:00.0005663)
2026-09-03T02:05:06.2430|INFO|SequenceItem.cs|Run|254|Finishing Category: Fotocamera, Item: TakeExposure, ExposureTime 600, Gain 15, Offset 132, ImageType LIGHT, Binning 1x1
2026-09-03T02:05:06.2437|INFO|MeridianFlipTrigger.cs|ShouldTrigger|211|Meridian Flip - Flip for the current target already happened at 09/02/2026 22:16:06. Skip flip evaluation
2026-09-03T02:05:06.2438|INFO|SequenceItem.cs|Run|208|Starting Category: Ruota porta filtri, Item: SwitchFilter, Filter: L-Pro
2026-09-03T02:05:06.4559|INFO|SequenceItem.cs|Run|254|Finishing Category: Ruota porta filtri, Item: SwitchFilter, Filter: L-Pro
2026-09-03T02:05:06.4562|INFO|SequenceTrigger.cs|Run|114|Starting Trigger: DitherAfterExposures, After Exposures: 1
2026-09-03T02:05:06.4563|INFO|SequenceItem.cs|Run|208|Starting Category: * Set di Istruzioni *, Container: NINA.Sequencer.Container.SequentialContainer, Strategy: SequentialStrategy, Items[CREATED]: 1
2026-09-03T02:05:06.4564|INFO|SequenceItem.cs|Run|208|Starting Category: Guida, Item: Dither
2026-09-03T02:05:09.1268|INFO|HocusFocusStarDetection.cs|Detect|413|Average HFR: 3.0430540401252246, HFR MAD: 0.33788715525427193, Detected Stars 396, Region: 0
2026-09-03T02:05:09.6230|INFO|BaseImageData.cs|SaveToDisk|346|Saved image to D:\Images NINA\Target\LIGHT_1x1_600.00s_15_132_M 27_Celestron C8__-9.96C_L-Pro_0093_2026-09-03_01-55-00_FWHM_5.00_Fok_39855.xisf
2026-09-03T02:05:09.6231|INFO|ImageSaveController.cs|DoWork|97|Successfully saved file at D:\Images NINA\Target\LIGHT_1x1_600.00s_15_132_M 27_Celestron C8__-9.96C_L-Pro_0093_2026-09-03_01-55-00_FWHM_5.00_Fok_39855.xisf. Duration Total: 00:00:03.0637418; BeforeSave: 00:00:00.0000760; BeforeFinalizeImageSaved: 00:00:03.0210366; FinalizeSaveTime: 00:00:00.0426282
2026-09-03T02:05:35.7630|INFO|SequenceItem.cs|Run|254|Finishing Category: Guida, Item: Dither
2026-09-03T02:05:35.7632|INFO|SequenceItem.cs|Run|254|Finishing Category: * Set di Istruzioni *, Container: NINA.Sequencer.Container.SequentialContainer, Strategy: SequentialStrategy, Items[FINISHED]: 1
2026-09-03T02:05:35.7638|INFO|MeridianFlipTrigger.cs|ShouldTrigger|211|Meridian Flip - Flip for the current target already happened at 09/02/2026 22:16:06. Skip flip evaluation
2026-09-03T02:05:35.7638|INFO|SequenceTrigger.cs|Run|114|Starting Trigger: RestoreGuiding
2026-09-03T02:05:35.7639|INFO|SequenceItem.cs|Run|208|Starting Category: * Set di Istruzioni *, Container: NINA.Sequencer.Container.SequentialContainer, Strategy: SequentialStrategy, Items[CREATED]: 1
2026-09-03T02:05:35.7639|INFO|SequenceItem.cs|Run|208|Starting Category: Guida, Item: StartGuiding
2026-09-03T02:05:35.7889|INFO|PHD2Guider.cs|StartGuidingPrivate|504|Phd2 - App is already guiding. Skipping start guiding
2026-09-03T02:05:35.7922|INFO|SequenceItem.cs|Run|254|Finishing Category: Guida, Item: StartGuiding
2026-09-03T02:05:35.7952|INFO|SequenceItem.cs|Run|254|Finishing Category: * Set di Istruzioni *, Container: NINA.Sequencer.Container.SequentialContainer, Strategy: SequentialStrategy, Items[FINISHED]: 1
2026-09-03T02:05:35.7954|INFO|SequenceItem.cs|Run|208|Starting Category: Fotocamera, Item: TakeExposure, ExposureTime 600, Gain 15, Offset 132, ImageType LIGHT, Binning 1x1
2026-09-03T02:05:35.8070|INFO|CameraVM.cs|Capture|742|Starting Exposure - Exposure Time: 600s; Filter: ; Gain: 15; Offset 132; Binning: 1x1;
2026-09-03T02:15:41.9851|WARNING|DeviceUpdateTimer.cs|Run|115|Camera value update cycle took longer than the device poll interval (Total: 10.07s > 2s; Poll: 00:00:10.0728200; Update: 00:00:00.0001616)
2026-09-03T02:15:41.9861|INFO|SequenceItem.cs|Run|254|Finishing Category: Fotocamera, Item: TakeExposure, ExposureTime 600, Gain 15, Offset 132, ImageType LIGHT, Binning 1x1
2026-09-03T02:15:41.9867|INFO|MeridianFlipTrigger.cs|ShouldTrigger|211|Meridian Flip - Flip for the current target already happened at 09/02/2026 22:16:06. Skip flip evaluation
2026-09-03T02:15:41.9868|INFO|SequenceItem.cs|Run|208|Starting Category: Ruota porta filtri, Item: SwitchFilter, Filter: L-Pro
2026-09-03T02:15:42.1225|INFO|SequenceItem.cs|Run|254|Finishing Category: Ruota porta filtri, Item: SwitchFilter, Filter: L-Pro
2026-09-03T02:15:42.1228|INFO|SequenceTrigger.cs|Run|114|Starting Trigger: DitherAfterExposures, After Exposures: 1
2026-09-03T02:15:42.1229|INFO|SequenceItem.cs|Run|208|Starting Category: * Set di Istruzioni *, Container: NINA.Sequencer.Container.SequentialContainer, Strategy: SequentialStrategy, Items[CREATED]: 1
2026-09-03T02:15:42.1230|INFO|SequenceItem.cs|Run|208|Starting Category: Guida, Item: Dither
2026-09-03T02:15:44.9591|INFO|HocusFocusStarDetection.cs|Detect|413|Average HFR: 2.7088174335365394, HFR MAD: 0.2990178913614181, Detected Stars 517, Region: 0
2026-09-03T02:15:45.4115|INFO|BaseImageData.cs|SaveToDisk|346|Saved image to D:\Images NINA\Target\LIGHT_1x1_600.00s_15_132_M 27_Celestron C8__-9.96C_L-Pro_0094_2026-09-03_02-05-35_FWHM_4.30_Fok_39855.xisf
2026-09-03T02:15:45.4117|INFO|ImageSaveController.cs|DoWork|97|Successfully saved file at D:\Images NINA\Target\LIGHT_1x1_600.00s_15_132_M 27_Celestron C8__-9.96C_L-Pro_0094_2026-09-03_02-05-35_FWHM_4.30_Fok_39855.xisf. Duration Total: 00:00:03.1237040; BeforeSave: 00:00:00.0007511; BeforeFinalizeImageSaved: 00:00:03.0739066; FinalizeSaveTime: 00:00:00.0490455
2026-09-03T02:16:01.4665|INFO|SequenceItem.cs|Run|254|Finishing Category: Guida, Item: Dither
2026-09-03T02:16:01.4667|INFO|SequenceItem.cs|Run|254|Finishing Category: * Set di Istruzioni *, Container: NINA.Sequencer.Container.SequentialContainer, Strategy: SequentialStrategy, Items[FINISHED]: 1
2026-09-03T02:16:01.4673|INFO|MeridianFlipTrigger.cs|ShouldTrigger|211|Meridian Flip - Flip for the current target already happened at 09/02/2026 22:16:06. Skip flip evaluation
2026-09-03T02:16:01.4673|INFO|SequenceTrigger.cs|Run|114|Starting Trigger: RestoreGuiding
2026-09-03T02:16:01.4674|INFO|SequenceItem.cs|Run|208|Starting Category: * Set di Istruzioni *, Container: NINA.Sequencer.Container.SequentialContainer, Strategy: SequentialStrategy, Items[CREATED]: 1
2026-09-03T02:16:01.4674|INFO|SequenceItem.cs|Run|208|Starting Category: Guida, Item: StartGuiding
2026-09-03T02:16:01.5072|INFO|PHD2Guider.cs|StartGuidingPrivate|504|Phd2 - App is already guiding. Skipping start guiding
2026-09-03T02:16:01.5074|INFO|SequenceItem.cs|Run|254|Finishing Category: Guida, Item: StartGuiding
2026-09-03T02:16:01.5075|INFO|SequenceItem.cs|Run|254|Finishing Category: * Set di Istruzioni *, Container: NINA.Sequencer.Container.SequentialContainer, Strategy: SequentialStrategy, Items[FINISHED]: 1
2026-09-03T02:16:01.5076|INFO|SequenceItem.cs|Run|208|Starting Category: Fotocamera, Item: TakeExposure, ExposureTime 600, Gain 15, Offset 132, ImageType LIGHT, Binning 1x1
2026-09-03T02:16:01.5202|INFO|CameraVM.cs|Capture|742|Starting Exposure - Exposure Time: 600s; Filter: ; Gain: 15; Offset 132; Binning: 1x1;
2026-09-03T02:26:07.6909|WARNING|DeviceUpdateTimer.cs|Run|115|Camera value update cycle took longer than the device poll interval (Total: 9.63s > 2s; Poll: 00:00:09.6320457; Update: 00:00:00.0001626)
2026-09-03T02:26:07.7242|INFO|SequenceItem.cs|Run|254|Finishing Category: Fotocamera, Item: TakeExposure, ExposureTime 600, Gain 15, Offset 132, ImageType LIGHT, Binning 1x1
2026-09-03T02:26:07.7252|INFO|MeridianFlipTrigger.cs|ShouldTrigger|211|Meridian Flip - Flip for the current target already happened at 09/02/2026 22:16:06. Skip flip evaluation
2026-09-03T02:26:07.7252|INFO|SequenceItem.cs|Run|208|Starting Category: Ruota porta filtri, Item: SwitchFilter, Filter: L-Pro
2026-09-03T02:26:07.8891|INFO|SequenceItem.cs|Run|254|Finishing Category: Ruota porta filtri, Item: SwitchFilter, Filter: L-Pro
2026-09-03T02:26:07.8893|INFO|SequenceTrigger.cs|Run|114|Starting Trigger: DitherAfterExposures, After Exposures: 1
2026-09-03T02:26:07.8894|INFO|SequenceItem.cs|Run|208|Starting Category: * Set di Istruzioni *, Container: NINA.Sequencer.Container.SequentialContainer, Strategy: SequentialStrategy, Items[CREATED]: 1
2026-09-03T02:26:07.8895|INFO|SequenceItem.cs|Run|208|Starting Category: Guida, Item: Dither
2026-09-03T02:26:07.9961|INFO|ImageSolver.cs|Solve|41|Platesolving with parameters: FocalLength: 1260 PixelSize: 4.54 SearchRadius: 30 BlindFailoverEnabled: True Regions: 5000 DownSampleFactor: 2 MaxObjects: 500 Reference Coordinates RA: 19:59:35 Dec: 22° 45' 28" Epoch: J2000
2026-09-03T02:26:08.5323|INFO|BaseImageData.cs|SaveToDisk|346|Saved image to C:\Users\PrimaLuceLab\AppData\Local\NINA\PlateSolver\sgljblvz.ual.fits
2026-09-03T02:26:11.4388|WARNING|DeviceUpdateTimer.cs|Run|115|Dome value update cycle took longer than the device poll interval (Total: 2.52s > 2s; Poll: 00:00:00.1836567; Update: 00:00:02.3362859)
2026-09-03T02:26:11.6571|INFO|HocusFocusStarDetection.cs|Detect|413|Average HFR: 2.592159992384933, HFR MAD: 0.30407319609160366, Detected Stars 553, Region: 0
2026-09-03T02:26:12.1610|INFO|ImageSolver.cs|Solve|54|Platesolve successful: Coordinates: RA: 19:59:44; Dec: 22° 43' 05"; Epoch: J2000 - Position Angle: 89.39875464008003
2026-09-03T02:26:12.1612|INFO|CenterAfterDriftTrigger.cs|PlatesolvingImageFollower_PropertyChanged|189|Drift: 1.835852963188415 / 3 arc minutes
2026-09-03T02:26:12.2264|INFO|BaseImageData.cs|SaveToDisk|346|Saved image to D:\Images NINA\Target\LIGHT_1x1_600.00s_15_132_M 27_Celestron C8__-9.96C_L-Pro_0095_2026-09-03_02-16-01_FWHM_4.17_Fok_39855.xisf
2026-09-03T02:26:12.2266|INFO|ImageSaveController.cs|DoWork|97|Successfully saved file at D:\Images NINA\Target\LIGHT_1x1_600.00s_15_132_M 27_Celestron C8__-9.96C_L-Pro_0095_2026-09-03_02-16-01_FWHM_4.17_Fok_39855.xisf. Duration Total: 00:00:04.2306237; BeforeSave: 00:00:00.0000605; BeforeFinalizeImageSaved: 00:00:04.1654783; FinalizeSaveTime: 00:00:00.0650840
2026-09-03T02:26:25.2409|INFO|SequenceItem.cs|Run|254|Finishing Category: Guida, Item: Dither
2026-09-03T02:26:25.2411|INFO|SequenceItem.cs|Run|254|Finishing Category: * Set di Istruzioni *, Container: NINA.Sequencer.Container.SequentialContainer, Strategy: SequentialStrategy, Items[FINISHED]: 1
2026-09-03T02:26:25.2416|INFO|MeridianFlipTrigger.cs|ShouldTrigger|211|Meridian Flip - Flip for the current target already happened at 09/02/2026 22:16:06. Skip flip evaluation
2026-09-03T02:26:25.2416|INFO|SequenceTrigger.cs|Run|114|Starting Trigger: RestoreGuiding
2026-09-03T02:26:25.2417|INFO|SequenceItem.cs|Run|208|Starting Category: * Set di Istruzioni *, Container: NINA.Sequencer.Container.SequentialContainer, Strategy: SequentialStrategy, Items[CREATED]: 1
2026-09-03T02:26:25.2418|INFO|SequenceItem.cs|Run|208|Starting Category: Guida, Item: StartGuiding
2026-09-03T02:26:25.2799|INFO|PHD2Guider.cs|StartGuidingPrivate|504|Phd2 - App is already guiding. Skipping start guiding
2026-09-03T02:26:25.2816|INFO|SequenceItem.cs|Run|254|Finishing Category: Guida, Item: StartGuiding
2026-09-03T02:26:25.2819|INFO|SequenceItem.cs|Run|254|Finishing Category: * Set di Istruzioni *, Container: NINA.Sequencer.Container.SequentialContainer, Strategy: SequentialStrategy, Items[FINISHED]: 1
2026-09-03T02:26:25.2824|INFO|SequenceItem.cs|Run|208|Starting Category: Fotocamera, Item: TakeExposure, ExposureTime 600, Gain 15, Offset 132, ImageType LIGHT, Binning 1x1
2026-09-03T02:26:25.2836|INFO|CameraVM.cs|Capture|742|Starting Exposure - Exposure Time: 600s; Filter: ; Gain: 15; Offset 132; Binning: 1x1;
2026-09-03T02:36:31.4599|WARNING|DeviceUpdateTimer.cs|Run|115|Camera value update cycle took longer than the device poll interval (Total: 11.91s > 2s; Poll: 00:00:11.9051018; Update: 00:00:00.0001350)
2026-09-03T02:36:31.4967|INFO|SequenceItem.cs|Run|254|Finishing Category: Fotocamera, Item: TakeExposure, ExposureTime 600, Gain 15, Offset 132, ImageType LIGHT, Binning 1x1
2026-09-03T02:36:31.4975|INFO|MeridianFlipTrigger.cs|ShouldTrigger|211|Meridian Flip - Flip for the current target already happened at 09/02/2026 22:16:06. Skip flip evaluation
2026-09-03T02:36:31.4975|INFO|SequenceItem.cs|Run|208|Starting Category: Ruota porta filtri, Item: SwitchFilter, Filter: L-Pro
2026-09-03T02:36:31.6445|INFO|SequenceItem.cs|Run|254|Finishing Category: Ruota porta filtri, Item: SwitchFilter, Filter: L-Pro
2026-09-03T02:36:31.6448|INFO|SequenceTrigger.cs|Run|114|Starting Trigger: DitherAfterExposures, After Exposures: 1
2026-09-03T02:36:31.6448|INFO|SequenceItem.cs|Run|208|Starting Category: * Set di Istruzioni *, Container: NINA.Sequencer.Container.SequentialContainer, Strategy: SequentialStrategy, Items[CREATED]: 1
2026-09-03T02:36:31.6449|INFO|SequenceItem.cs|Run|208|Starting Category: Guida, Item: Dither
2026-09-03T02:36:34.3560|INFO|HocusFocusStarDetection.cs|Detect|413|Average HFR: 2.9613387035268697, HFR MAD: 0.3542191842976008, Detected Stars 411, Region: 0
2026-09-03T02:36:34.7869|INFO|BaseImageData.cs|SaveToDisk|346|Saved image to D:\Images NINA\Target\LIGHT_1x1_600.00s_15_132_M 27_Celestron C8__-9.91C_L-Pro_0096_2026-09-03_02-26-25_FWHM_4.91_Fok_39855.xisf
2026-09-03T02:36:34.7871|INFO|ImageSaveController.cs|DoWork|97|Successfully saved file at D:\Images NINA\Target\LIGHT_1x1_600.00s_15_132_M 27_Celestron C8__-9.91C_L-Pro_0096_2026-09-03_02-26-25_FWHM_4.91_Fok_39855.xisf. Duration Total: 00:00:03.0065009; BeforeSave: 00:00:00.0000744; BeforeFinalizeImageSaved: 00:00:02.9749533; FinalizeSaveTime: 00:00:00.0314704
2026-09-03T02:36:50.3250|INFO|SequenceItem.cs|Run|254|Finishing Category: Guida, Item: Dither
2026-09-03T02:36:50.3253|INFO|SequenceItem.cs|Run|254|Finishing Category: * Set di Istruzioni *, Container: NINA.Sequencer.Container.SequentialContainer, Strategy: SequentialStrategy, Items[FINISHED]: 1
2026-09-03T02:36:50.3259|INFO|MeridianFlipTrigger.cs|ShouldTrigger|211|Meridian Flip - Flip for the current target already happened at 09/02/2026 22:16:06. Skip flip evaluation
2026-09-03T02:36:50.3259|INFO|SequenceTrigger.cs|Run|114|Starting Trigger: RestoreGuiding
2026-09-03T02:36:50.3259|INFO|SequenceItem.cs|Run|208|Starting Category: * Set di Istruzioni *, Container: NINA.Sequencer.Container.SequentialContainer, Strategy: SequentialStrategy, Items[CREATED]: 1
2026-09-03T02:36:50.3260|INFO|SequenceItem.cs|Run|208|Starting Category: Guida, Item: StartGuiding
2026-09-03T02:36:50.3597|INFO|PHD2Guider.cs|StartGuidingPrivate|504|Phd2 - App is already guiding. Skipping start guiding
2026-09-03T02:36:50.3598|INFO|SequenceItem.cs|Run|254|Finishing Category: Guida, Item: StartGuiding
2026-09-03T02:36:50.3600|INFO|SequenceItem.cs|Run|254|Finishing Category: * Set di Istruzioni *, Container: NINA.Sequencer.Container.SequentialContainer, Strategy: SequentialStrategy, Items[FINISHED]: 1
2026-09-03T02:36:50.3608|INFO|SequenceItem.cs|Run|208|Starting Category: Fotocamera, Item: TakeExposure, ExposureTime 600, Gain 15, Offset 132, ImageType LIGHT, Binning 1x1
2026-09-03T02:36:50.3612|INFO|CameraVM.cs|Capture|742|Starting Exposure - Exposure Time: 600s; Filter: ; Gain: 15; Offset 132; Binning: 1x1;
2026-09-03T02:46:56.5309|WARNING|DeviceUpdateTimer.cs|Run|115|Camera value update cycle took longer than the device poll interval (Total: 10.98s > 2s; Poll: 00:00:10.9752788; Update: 00:00:00.0001866)
2026-09-03T02:46:56.5673|INFO|SequenceItem.cs|Run|254|Finishing Category: Fotocamera, Item: TakeExposure, ExposureTime 600, Gain 15, Offset 132, ImageType LIGHT, Binning 1x1
2026-09-03T02:46:56.5681|INFO|MeridianFlipTrigger.cs|ShouldTrigger|211|Meridian Flip - Flip for the current target already happened at 09/02/2026 22:16:06. Skip flip evaluation
2026-09-03T02:46:56.5681|INFO|SequenceItem.cs|Run|208|Starting Category: Ruota porta filtri, Item: SwitchFilter, Filter: L-Pro
2026-09-03T02:46:56.7283|INFO|SequenceItem.cs|Run|254|Finishing Category: Ruota porta filtri, Item: SwitchFilter, Filter: L-Pro
2026-09-03T02:46:56.7286|INFO|SequenceTrigger.cs|Run|114|Starting Trigger: DitherAfterExposures, After Exposures: 1
2026-09-03T02:46:56.7287|INFO|SequenceItem.cs|Run|208|Starting Category: * Set di Istruzioni *, Container: NINA.Sequencer.Container.SequentialContainer, Strategy: SequentialStrategy, Items[CREATED]: 1
2026-09-03T02:46:56.7288|INFO|SequenceItem.cs|Run|208|Starting Category: Guida, Item: Dither
2026-09-03T02:46:59.0582|INFO|HocusFocusStarDetection.cs|Detect|413|Average HFR: 3.1898317426196856, HFR MAD: 0.362368605773308, Detected Stars 358, Region: 0
2026-09-03T02:46:59.5104|INFO|BaseImageData.cs|SaveToDisk|346|Saved image to D:\Images NINA\Target\LIGHT_1x1_600.00s_15_132_M 27_Celestron C8__-9.96C_L-Pro_0097_2026-09-03_02-36-50_FWHM_5.26_Fok_39855.xisf
2026-09-03T02:46:59.5105|INFO|ImageSaveController.cs|DoWork|97|Successfully saved file at D:\Images NINA\Target\LIGHT_1x1_600.00s_15_132_M 27_Celestron C8__-9.96C_L-Pro_0097_2026-09-03_02-36-50_FWHM_5.26_Fok_39855.xisf. Duration Total: 00:00:02.5167226; BeforeSave: 00:00:00.0000901; BeforeFinalizeImageSaved: 00:00:02.4475505; FinalizeSaveTime: 00:00:00.0690813
2026-09-03T02:47:23.6657|INFO|SequenceItem.cs|Run|254|Finishing Category: Guida, Item: Dither
2026-09-03T02:47:23.6659|INFO|SequenceItem.cs|Run|254|Finishing Category: * Set di Istruzioni *, Container: NINA.Sequencer.Container.SequentialContainer, Strategy: SequentialStrategy, Items[FINISHED]: 1
2026-09-03T02:47:23.6664|INFO|MeridianFlipTrigger.cs|ShouldTrigger|211|Meridian Flip - Flip for the current target already happened at 09/02/2026 22:16:06. Skip flip evaluation
2026-09-03T02:47:23.6679|INFO|SequenceTrigger.cs|Run|114|Starting Trigger: RestoreGuiding
2026-09-03T02:47:23.6681|INFO|SequenceItem.cs|Run|208|Starting Category: * Set di Istruzioni *, Container: NINA.Sequencer.Container.SequentialContainer, Strategy: SequentialStrategy, Items[CREATED]: 1
2026-09-03T02:47:23.6682|INFO|SequenceItem.cs|Run|208|Starting Category: Guida, Item: StartGuiding
2026-09-03T02:47:23.7254|INFO|PHD2Guider.cs|StartGuidingPrivate|504|Phd2 - App is already guiding. Skipping start guiding
2026-09-03T02:47:23.7278|INFO|SequenceItem.cs|Run|254|Finishing Category: Guida, Item: StartGuiding
2026-09-03T02:47:23.7297|INFO|SequenceItem.cs|Run|254|Finishing Category: * Set di Istruzioni *, Container: NINA.Sequencer.Container.SequentialContainer, Strategy: SequentialStrategy, Items[FINISHED]: 1
2026-09-03T02:47:23.7301|INFO|AutofocusAfterHFRIncreaseTrigger.cs|ShouldTrigger|221|Autofocus after HFR change should be triggered, as current HFR trend is 6.11% higher compared to threshold of 5%
2026-09-03T02:47:23.7301|INFO|SequenceTrigger.cs|Run|114|Starting Trigger: AutofocusAfterHFRIncreaseTrigger, Amount: 5
2026-09-03T02:47:23.7302|INFO|SequenceItem.cs|Run|208|Starting Category: * Set di Istruzioni *, Container: NINA.Sequencer.Container.SequentialContainer, Strategy: SequentialStrategy, Items[CREATED]: 1
2026-09-03T02:47:23.7303|INFO|SequenceItem.cs|Run|208|Starting Category: Focheggiatore, Item: RunAutofocus
2026-09-03T02:47:23.9384|INFO|FocuserMediator.cs|BroadcastAutoFocusRunStarting|92|Autofocus starting notification received
2026-09-03T02:47:26.0886|INFO|AutoFocusEngine.cs|RunAutoFocus|929|Starting AutoFocus with initial position 39855
2026-09-03T02:47:26.2164|INFO|CameraVM.cs|Capture|742|Starting Exposure - Exposure Time: 6s; Filter: L-Pro; Gain: 15; Offset 132; Binning: 2x2;
2026-09-03T02:47:33.5297|INFO|AutoFocusEngine.cs|StartBlindFocusPoints|769|Waiting on initial HFR analysis
2026-09-03T02:47:33.5302|INFO|FocuserVM.cs|MoveFocuserInternal|216|Moving Focuser to position 40655
2026-09-03T02:47:34.2041|INFO|HocusFocusStarDetection.cs|Detect|413|Average HFR: 2.067960017301548, HFR MAD: 0.1997806165824998, Detected Stars 178, Region: 0
2026-09-03T02:47:41.8763|INFO|CameraVM.cs|Capture|742|Starting Exposure - Exposure Time: 6s; Filter: L-Pro; Gain: 15; Offset 132; Binning: 2x2;
2026-09-03T02:47:49.1888|INFO|FocuserVM.cs|MoveFocuserInternal|216|Moving Focuser to position 40455
2026-09-03T02:47:49.8313|INFO|HocusFocusStarDetection.cs|Detect|413|Average HFR: 2.134645922551476, HFR MAD: 0.2032354527029152, Detected Stars 172, Region: 0
2026-09-03T02:47:55.0854|INFO|CameraVM.cs|Capture|742|Starting Exposure - Exposure Time: 6s; Filter: L-Pro; Gain: 15; Offset 132; Binning: 2x2;
2026-09-03T02:48:02.4145|INFO|FocuserVM.cs|MoveFocuserInternal|216|Moving Focuser to position 40255
2026-09-03T02:48:02.9417|INFO|HocusFocusStarDetection.cs|Detect|413|Average HFR: 2.0084483137543305, HFR MAD: 0.1924215317014366, Detected Stars 173, Region: 0
2026-09-03T02:48:07.6380|INFO|CameraVM.cs|Capture|742|Starting Exposure - Exposure Time: 6s; Filter: L-Pro; Gain: 15; Offset 132; Binning: 2x2;
2026-09-03T02:48:14.9407|INFO|FocuserVM.cs|MoveFocuserInternal|216|Moving Focuser to position 40055
2026-09-03T02:48:15.6516|INFO|HocusFocusStarDetection.cs|Detect|413|Average HFR: 2.0243504057673007, HFR MAD: 0.19605839870549113, Detected Stars 166, Region: 0
2026-09-03T02:48:21.0240|INFO|CameraVM.cs|Capture|742|Starting Exposure - Exposure Time: 6s; Filter: L-Pro; Gain: 15; Offset 132; Binning: 2x2;
2026-09-03T02:48:28.3377|INFO|AutoFocusEngine.cs|StartBlindFocusPoints|797|Waiting on initial focuser move analyses
2026-09-03T02:48:28.8592|INFO|HocusFocusStarDetection.cs|Detect|413|Average HFR: 1.9805344960130107, HFR MAD: 0.15573767189737775, Detected Stars 173, Region: 0
2026-09-03T02:48:29.0069|INFO|FocuserVM.cs|MoveFocuserInternal|216|Moving Focuser to position 39855
2026-09-03T02:48:35.0357|INFO|CameraVM.cs|Capture|742|Starting Exposure - Exposure Time: 6s; Filter: L-Pro; Gain: 15; Offset 132; Binning: 2x2;
2026-09-03T02:48:42.3469|INFO|AutoFocusEngine.cs|StartBlindFocusPoints|870|Waiting on next left movement analysis
2026-09-03T02:48:42.8895|INFO|HocusFocusStarDetection.cs|Detect|413|Average HFR: 1.8748493408897964, HFR MAD: 0.14258903649542742, Detected Stars 165, Region: 0
2026-09-03T02:48:42.9188|INFO|FocuserVM.cs|MoveFocuserInternal|216|Moving Focuser to position 39655
2026-09-03T02:48:49.0433|INFO|CameraVM.cs|Capture|742|Starting Exposure - Exposure Time: 6s; Filter: L-Pro; Gain: 15; Offset 132; Binning: 2x2;
2026-09-03T02:48:56.3584|INFO|AutoFocusEngine.cs|StartBlindFocusPoints|870|Waiting on next left movement analysis
2026-09-03T02:48:57.0528|INFO|HocusFocusStarDetection.cs|Detect|413|Average HFR: 1.9941907488431703, HFR MAD: 0.16447526304052795, Detected Stars 180, Region: 0
2026-09-03T02:48:57.2371|INFO|AutoFocusEngine.cs|StartBlindFocusPoints|841|Enough right trend points (4) with an established minimum (39855) to queue remaining left focus points down to 39055
2026-09-03T02:48:57.2375|INFO|FocuserVM.cs|MoveFocuserInternal|216|Moving Focuser to position 39455
2026-09-03T02:49:03.0348|INFO|CameraVM.cs|Capture|742|Starting Exposure - Exposure Time: 6s; Filter: L-Pro; Gain: 15; Offset 132; Binning: 2x2;
2026-09-03T02:49:10.3488|INFO|FocuserVM.cs|MoveFocuserInternal|216|Moving Focuser to position 39255
2026-09-03T02:49:10.8760|INFO|HocusFocusStarDetection.cs|Detect|413|Average HFR: 2.206265548712139, HFR MAD: 0.25429089631981094, Detected Stars 163, Region: 0
2026-09-03T02:49:15.6401|INFO|CameraVM.cs|Capture|742|Starting Exposure - Exposure Time: 6s; Filter: L-Pro; Gain: 15; Offset 132; Binning: 2x2;
2026-09-03T02:49:22.9741|INFO|FocuserVM.cs|MoveFocuserInternal|216|Moving Focuser to position 39055
2026-09-03T02:49:23.5156|INFO|HocusFocusStarDetection.cs|Detect|413|Average HFR: 2.305038868993134, HFR MAD: 0.272546555293919, Detected Stars 178, Region: 0
2026-09-03T02:49:29.0595|INFO|CameraVM.cs|Capture|742|Starting Exposure - Exposure Time: 6s; Filter: L-Pro; Gain: 15; Offset 132; Binning: 2x2;
2026-09-03T02:49:36.3834|INFO|AutoFocusEngine.cs|StartBlindFocusPoints|896|Waiting on remaining AutoFocus analysis tasks
2026-09-03T02:49:36.9677|INFO|HocusFocusStarDetection.cs|Detect|413|Average HFR: 2.439845115562057, HFR MAD: 0.26603042674430055, Detected Stars 162, Region: 0
2026-09-03T02:49:36.9990|INFO|FocuserVM.cs|MoveFocuserInternal|216|Moving Focuser to position 39829
2026-09-03T02:49:45.1055|INFO|AutoFocusEngine.cs|ValidateCalculatedFocusPosition|1141|Validating HFR at final focus position 39829
2026-09-03T02:49:45.2190|INFO|CameraVM.cs|Capture|742|Starting Exposure - Exposure Time: 6s; Filter: L-Pro; Gain: 15; Offset 132; Binning: 2x2;
2026-09-03T02:49:53.1963|INFO|HocusFocusStarDetection.cs|Detect|413|Average HFR: 2.1173456733246194, HFR MAD: 0.20597556497722636, Detected Stars 173, Region: 0
2026-09-03T02:49:53.1995|INFO|HocusFocusVM.cs|AutoFocusEngine_Completed|473|AutoFocus completed with focuser starting at 39855 and ending at 39829
2026-09-03T02:49:53.2010|INFO|FocuserMediator.cs|BroadcastSuccessfulAutoFocusRun|46|Autofocus notification received - Temperature 20.25
2026-09-03T02:49:53.3593|INFO|AutoFocusEngine.cs|PerformPostAutoFocusActions|1022|Re-enabling temperature compensation after AutoFocus
2026-09-03T02:49:53.3946|INFO|PHD2Guider.cs|TryStartGuideCommand|641|Phd2 - Requesting to start guiding. Recalibrate: False
2026-09-03T02:50:16.7806|INFO|SequenceItem.cs|Run|254|Finishing Category: Focheggiatore, Item: RunAutofocus
2026-09-03T02:50:16.7810|INFO|SequenceItem.cs|Run|254|Finishing Category: * Set di Istruzioni *, Container: NINA.Sequencer.Container.SequentialContainer, Strategy: SequentialStrategy, Items[FINISHED]: 1
2026-09-03T02:50:16.7811|INFO|SequenceItem.cs|Run|208|Starting Category: Fotocamera, Item: TakeExposure, ExposureTime 600, Gain 15, Offset 132, ImageType LIGHT, Binning 1x1
2026-09-03T02:50:16.7816|INFO|CameraVM.cs|Capture|742|Starting Exposure - Exposure Time: 600s; Filter: ; Gain: 15; Offset 132; Binning: 1x1;
2026-09-03T03:00:22.9838|INFO|SequenceItem.cs|Run|254|Finishing Category: Fotocamera, Item: TakeExposure, ExposureTime 600, Gain 15, Offset 132, ImageType LIGHT, Binning 1x1
2026-09-03T03:00:22.9853|INFO|MeridianFlipTrigger.cs|ShouldTrigger|211|Meridian Flip - Flip for the current target already happened at 09/02/2026 22:16:06. Skip flip evaluation
2026-09-03T03:00:22.9854|INFO|SequenceItem.cs|Run|208|Starting Category: Ruota porta filtri, Item: SwitchFilter, Filter: L-Pro
2026-09-03T03:00:22.9859|WARNING|DeviceUpdateTimer.cs|Run|115|Camera value update cycle took longer than the device poll interval (Total: 10.92s > 2s; Poll: 00:00:10.9207625; Update: 00:00:00.0001032)
2026-09-03T03:00:23.1063|INFO|SequenceItem.cs|Run|254|Finishing Category: Ruota porta filtri, Item: SwitchFilter, Filter: L-Pro
2026-09-03T03:00:23.1065|INFO|SequenceTrigger.cs|Run|114|Starting Trigger: DitherAfterExposures, After Exposures: 1
2026-09-03T03:00:23.1066|INFO|SequenceItem.cs|Run|208|Starting Category: * Set di Istruzioni *, Container: NINA.Sequencer.Container.SequentialContainer, Strategy: SequentialStrategy, Items[CREATED]: 1
2026-09-03T03:00:23.1067|INFO|SequenceItem.cs|Run|208|Starting Category: Guida, Item: Dither
2026-09-03T03:00:25.1018|INFO|HocusFocusStarDetection.cs|Detect|413|Average HFR: 3.910492623030276, HFR MAD: 0.42843522573585524, Detected Stars 208, Region: 0
2026-09-03T03:00:25.5877|INFO|BaseImageData.cs|SaveToDisk|346|Saved image to D:\Images NINA\Target\LIGHT_1x1_600.00s_15_132_M 27_Celestron C8__-9.96C_L-Pro_0098_2026-09-03_02-50-16_FWHM_6.29_Fok_39829.xisf
2026-09-03T03:00:25.5878|INFO|ImageSaveController.cs|DoWork|97|Successfully saved file at D:\Images NINA\Target\LIGHT_1x1_600.00s_15_132_M 27_Celestron C8__-9.96C_L-Pro_0098_2026-09-03_02-50-16_FWHM_6.29_Fok_39829.xisf. Duration Total: 00:00:02.2425220; BeforeSave: 00:00:00.0000643; BeforeFinalizeImageSaved: 00:00:02.2038394; FinalizeSaveTime: 00:00:00.0386176
2026-09-03T03:00:45.7257|INFO|SequenceItem.cs|Run|254|Finishing Category: Guida, Item: Dither
2026-09-03T03:00:45.7259|INFO|SequenceItem.cs|Run|254|Finishing Category: * Set di Istruzioni *, Container: NINA.Sequencer.Container.SequentialContainer, Strategy: SequentialStrategy, Items[FINISHED]: 1
2026-09-03T03:00:45.7286|INFO|MeridianFlipTrigger.cs|ShouldTrigger|211|Meridian Flip - Flip for the current target already happened at 09/02/2026 22:16:06. Skip flip evaluation
2026-09-03T03:00:45.7288|INFO|SequenceTrigger.cs|Run|114|Starting Trigger: RestoreGuiding
2026-09-03T03:00:45.7288|INFO|SequenceItem.cs|Run|208|Starting Category: * Set di Istruzioni *, Container: NINA.Sequencer.Container.SequentialContainer, Strategy: SequentialStrategy, Items[CREATED]: 1
2026-09-03T03:00:45.7289|INFO|SequenceItem.cs|Run|208|Starting Category: Guida, Item: StartGuiding
2026-09-03T03:00:45.7643|INFO|PHD2Guider.cs|StartGuidingPrivate|504|Phd2 - App is already guiding. Skipping start guiding
2026-09-03T03:00:45.7659|INFO|SequenceItem.cs|Run|254|Finishing Category: Guida, Item: StartGuiding
2026-09-03T03:00:45.7660|INFO|SequenceItem.cs|Run|254|Finishing Category: * Set di Istruzioni *, Container: NINA.Sequencer.Container.SequentialContainer, Strategy: SequentialStrategy, Items[FINISHED]: 1
2026-09-03T03:00:45.7661|INFO|SequenceItem.cs|Run|208|Starting Category: Fotocamera, Item: TakeExposure, ExposureTime 600, Gain 15, Offset 132, ImageType LIGHT, Binning 1x1
2026-09-03T03:00:45.7667|INFO|CameraVM.cs|Capture|742|Starting Exposure - Exposure Time: 600s; Filter: ; Gain: 15; Offset 132; Binning: 1x1;
2026-09-03T03:10:51.9675|WARNING|DeviceUpdateTimer.cs|Run|115|Camera value update cycle took longer than the device poll interval (Total: 10.39s > 2s; Poll: 00:00:10.3916386; Update: 00:00:00.0001806)
2026-09-03T03:10:51.9683|INFO|SequenceItem.cs|Run|254|Finishing Category: Fotocamera, Item: TakeExposure, ExposureTime 600, Gain 15, Offset 132, ImageType LIGHT, Binning 1x1
2026-09-03T03:10:51.9690|INFO|MeridianFlipTrigger.cs|ShouldTrigger|211|Meridian Flip - Flip for the current target already happened at 09/02/2026 22:16:06. Skip flip evaluation
2026-09-03T03:10:51.9691|INFO|SequenceItem.cs|Run|208|Starting Category: Ruota porta filtri, Item: SwitchFilter, Filter: L-Pro
2026-09-03T03:10:52.1006|INFO|SequenceItem.cs|Run|254|Finishing Category: Ruota porta filtri, Item: SwitchFilter, Filter: L-Pro
2026-09-03T03:10:52.1009|INFO|SequenceTrigger.cs|Run|114|Starting Trigger: DitherAfterExposures, After Exposures: 1
2026-09-03T03:10:52.1010|INFO|SequenceItem.cs|Run|208|Starting Category: * Set di Istruzioni *, Container: NINA.Sequencer.Container.SequentialContainer, Strategy: SequentialStrategy, Items[CREATED]: 1
2026-09-03T03:10:52.1010|INFO|SequenceItem.cs|Run|208|Starting Category: Guida, Item: Dither
2026-09-03T03:10:54.1870|INFO|HocusFocusStarDetection.cs|Detect|413|Average HFR: 3.8986359768660472, HFR MAD: 0.4320135229655957, Detected Stars 204, Region: 0
2026-09-03T03:10:54.6231|INFO|BaseImageData.cs|SaveToDisk|346|Saved image to D:\Images NINA\Target\LIGHT_1x1_600.00s_15_132_M 27_Celestron C8__-9.96C_L-Pro_0099_2026-09-03_03-00-45_FWHM_6.40_Fok_39829.xisf
2026-09-03T03:10:54.6232|INFO|ImageSaveController.cs|DoWork|97|Successfully saved file at D:\Images NINA\Target\LIGHT_1x1_600.00s_15_132_M 27_Celestron C8__-9.96C_L-Pro_0099_2026-09-03_03-00-45_FWHM_6.40_Fok_39829.xisf. Duration Total: 00:00:02.3450647; BeforeSave: 00:00:00.0372795; BeforeFinalizeImageSaved: 00:00:02.2681159; FinalizeSaveTime: 00:00:00.0396685
2026-09-03T03:11:14.6635|INFO|SequenceItem.cs|Run|254|Finishing Category: Guida, Item: Dither
2026-09-03T03:11:14.6653|INFO|SequenceItem.cs|Run|254|Finishing Category: * Set di Istruzioni *, Container: NINA.Sequencer.Container.SequentialContainer, Strategy: SequentialStrategy, Items[FINISHED]: 1
2026-09-03T03:11:14.6660|INFO|MeridianFlipTrigger.cs|ShouldTrigger|211|Meridian Flip - Flip for the current target already happened at 09/02/2026 22:16:06. Skip flip evaluation
2026-09-03T03:11:14.6660|INFO|SequenceTrigger.cs|Run|114|Starting Trigger: RestoreGuiding
2026-09-03T03:11:14.6661|INFO|SequenceItem.cs|Run|208|Starting Category: * Set di Istruzioni *, Container: NINA.Sequencer.Container.SequentialContainer, Strategy: SequentialStrategy, Items[CREATED]: 1
2026-09-03T03:11:14.6661|INFO|SequenceItem.cs|Run|208|Starting Category: Guida, Item: StartGuiding
2026-09-03T03:11:14.7092|INFO|PHD2Guider.cs|StartGuidingPrivate|504|Phd2 - App is already guiding. Skipping start guiding
2026-09-03T03:11:14.7094|INFO|SequenceItem.cs|Run|254|Finishing Category: Guida, Item: StartGuiding
2026-09-03T03:11:14.7095|INFO|SequenceItem.cs|Run|254|Finishing Category: * Set di Istruzioni *, Container: NINA.Sequencer.Container.SequentialContainer, Strategy: SequentialStrategy, Items[FINISHED]: 1
2026-09-03T03:11:14.7096|INFO|SequenceItem.cs|Run|208|Starting Category: Fotocamera, Item: TakeExposure, ExposureTime 600, Gain 15, Offset 132, ImageType LIGHT, Binning 1x1
2026-09-03T03:11:14.7106|INFO|CameraVM.cs|Capture|742|Starting Exposure - Exposure Time: 600s; Filter: ; Gain: 15; Offset 132; Binning: 1x1;
2026-09-03T03:15:48.0787|WARNING|DeviceUpdateTimer.cs|Run|115|Dome value update cycle took longer than the device poll interval (Total: 3.25s > 2s; Poll: 00:00:00.0284523; Update: 00:00:03.2236225)
2026-09-03T03:21:12.9249|WARNING|DeviceUpdateTimer.cs|Run|115|Dome value update cycle took longer than the device poll interval (Total: 2.03s > 2s; Poll: 00:00:00.0030425; Update: 00:00:02.0279153)
2026-09-03T03:21:20.9439|WARNING|DeviceUpdateTimer.cs|Run|115|Camera value update cycle took longer than the device poll interval (Total: 11.34s > 2s; Poll: 00:00:11.3381429; Update: 00:00:00.0001956)
2026-09-03T03:21:21.0294|INFO|SequenceItem.cs|Run|254|Finishing Category: Fotocamera, Item: TakeExposure, ExposureTime 600, Gain 15, Offset 132, ImageType LIGHT, Binning 1x1
2026-09-03T03:21:21.0301|INFO|MeridianFlipTrigger.cs|ShouldTrigger|211|Meridian Flip - Flip for the current target already happened at 09/02/2026 22:16:06. Skip flip evaluation
2026-09-03T03:21:21.0308|INFO|SequenceItem.cs|Run|208|Starting Category: Ruota porta filtri, Item: SwitchFilter, Filter: L-Pro
2026-09-03T03:21:21.1986|INFO|SequenceItem.cs|Run|254|Finishing Category: Ruota porta filtri, Item: SwitchFilter, Filter: L-Pro
2026-09-03T03:21:21.1988|INFO|SequenceTrigger.cs|Run|114|Starting Trigger: DitherAfterExposures, After Exposures: 1
2026-09-03T03:21:21.1989|INFO|SequenceItem.cs|Run|208|Starting Category: * Set di Istruzioni *, Container: NINA.Sequencer.Container.SequentialContainer, Strategy: SequentialStrategy, Items[CREATED]: 1
2026-09-03T03:21:21.1990|INFO|SequenceItem.cs|Run|208|Starting Category: Guida, Item: Dither
2026-09-03T03:21:21.4004|INFO|ImageSolver.cs|Solve|41|Platesolving with parameters: FocalLength: 1260 PixelSize: 4.54 SearchRadius: 30 BlindFailoverEnabled: True Regions: 5000 DownSampleFactor: 2 MaxObjects: 500 Reference Coordinates RA: 19:59:40 Dec: 22° 46' 46" Epoch: J2000
2026-09-03T03:21:21.9072|INFO|BaseImageData.cs|SaveToDisk|346|Saved image to C:\Users\PrimaLuceLab\AppData\Local\NINA\PlateSolver\1e04o0cz.zuf.fits
2026-09-03T03:21:24.3566|INFO|HocusFocusStarDetection.cs|Detect|413|Average HFR: 3.228424482408072, HFR MAD: 0.37728065748947204, Detected Stars 327, Region: 0
2026-09-03T03:21:24.8409|INFO|BaseImageData.cs|SaveToDisk|346|Saved image to D:\Images NINA\Target\LIGHT_1x1_600.00s_15_132_M 27_Celestron C8__-10.00C_L-Pro_0100_2026-09-03_03-11-14_FWHM_5.26_Fok_39829.xisf
2026-09-03T03:21:24.8410|INFO|ImageSaveController.cs|DoWork|97|Successfully saved file at D:\Images NINA\Target\LIGHT_1x1_600.00s_15_132_M 27_Celestron C8__-10.00C_L-Pro_0100_2026-09-03_03-11-14_FWHM_5.26_Fok_39829.xisf. Duration Total: 00:00:03.4407034; BeforeSave: 00:00:00.0000745; BeforeFinalizeImageSaved: 00:00:03.3820823; FinalizeSaveTime: 00:00:00.0585459
2026-09-03T03:21:26.4192|INFO|ImageSolver.cs|Solve|54|Platesolve successful: Coordinates: RA: 19:59:45; Dec: 22° 43' 38"; Epoch: J2000 - Position Angle: 89.41797732057807
2026-09-03T03:21:26.4193|INFO|CenterAfterDriftTrigger.cs|PlatesolvingImageFollower_PropertyChanged|189|Drift: 2.080392555214688 / 3 arc minutes
2026-09-03T03:21:38.9082|INFO|SequenceItem.cs|Run|254|Finishing Category: Guida, Item: Dither
2026-09-03T03:21:38.9084|INFO|SequenceItem.cs|Run|254|Finishing Category: * Set di Istruzioni *, Container: NINA.Sequencer.Container.SequentialContainer, Strategy: SequentialStrategy, Items[FINISHED]: 1
2026-09-03T03:21:38.9089|INFO|MeridianFlipTrigger.cs|ShouldTrigger|211|Meridian Flip - Flip for the current target already happened at 09/02/2026 22:16:06. Skip flip evaluation
2026-09-03T03:21:38.9089|INFO|SequenceTrigger.cs|Run|114|Starting Trigger: RestoreGuiding
2026-09-03T03:21:38.9091|INFO|SequenceItem.cs|Run|208|Starting Category: * Set di Istruzioni *, Container: NINA.Sequencer.Container.SequentialContainer, Strategy: SequentialStrategy, Items[CREATED]: 1
2026-09-03T03:21:38.9091|INFO|SequenceItem.cs|Run|208|Starting Category: Guida, Item: StartGuiding
2026-09-03T03:21:38.9403|INFO|PHD2Guider.cs|StartGuidingPrivate|504|Phd2 - App is already guiding. Skipping start guiding
2026-09-03T03:21:38.9421|INFO|SequenceItem.cs|Run|254|Finishing Category: Guida, Item: StartGuiding
2026-09-03T03:21:38.9422|INFO|SequenceItem.cs|Run|254|Finishing Category: * Set di Istruzioni *, Container: NINA.Sequencer.Container.SequentialContainer, Strategy: SequentialStrategy, Items[FINISHED]: 1
2026-09-03T03:21:38.9424|INFO|SequenceItem.cs|Run|208|Starting Category: Fotocamera, Item: TakeExposure, ExposureTime 600, Gain 15, Offset 132, ImageType LIGHT, Binning 1x1
2026-09-03T03:21:38.9428|INFO|CameraVM.cs|Capture|742|Starting Exposure - Exposure Time: 600s; Filter: ; Gain: 15; Offset 132; Binning: 1x1;
2026-09-03T03:31:45.1336|WARNING|DeviceUpdateTimer.cs|Run|115|Camera value update cycle took longer than the device poll interval (Total: 11.57s > 2s; Poll: 00:00:11.5740434; Update: 00:00:00.0001342)
2026-09-03T03:31:45.1660|INFO|SequenceItem.cs|Run|254|Finishing Category: Fotocamera, Item: TakeExposure, ExposureTime 600, Gain 15, Offset 132, ImageType LIGHT, Binning 1x1
2026-09-03T03:31:45.1668|INFO|MeridianFlipTrigger.cs|ShouldTrigger|211|Meridian Flip - Flip for the current target already happened at 09/02/2026 22:16:06. Skip flip evaluation
2026-09-03T03:31:45.1669|INFO|SequenceItem.cs|Run|208|Starting Category: Ruota porta filtri, Item: SwitchFilter, Filter: L-Pro
2026-09-03T03:31:45.3821|INFO|SequenceItem.cs|Run|254|Finishing Category: Ruota porta filtri, Item: SwitchFilter, Filter: L-Pro
2026-09-03T03:31:45.3824|INFO|SequenceTrigger.cs|Run|114|Starting Trigger: DitherAfterExposures, After Exposures: 1
2026-09-03T03:31:45.3825|INFO|SequenceItem.cs|Run|208|Starting Category: * Set di Istruzioni *, Container: NINA.Sequencer.Container.SequentialContainer, Strategy: SequentialStrategy, Items[CREATED]: 1
2026-09-03T03:31:45.3826|INFO|SequenceItem.cs|Run|208|Starting Category: Guida, Item: Dither
2026-09-03T03:31:47.7913|INFO|HocusFocusStarDetection.cs|Detect|413|Average HFR: 3.0628068292789528, HFR MAD: 0.36300193911736534, Detected Stars 352, Region: 0
2026-09-03T03:31:48.2609|INFO|BaseImageData.cs|SaveToDisk|346|Saved image to D:\Images NINA\Target\LIGHT_1x1_600.00s_15_132_M 27_Celestron C8__-9.96C_L-Pro_0101_2026-09-03_03-21-39_FWHM_5.12_Fok_39829.xisf
2026-09-03T03:31:48.2614|INFO|ImageSaveController.cs|DoWork|97|Successfully saved file at D:\Images NINA\Target\LIGHT_1x1_600.00s_15_132_M 27_Celestron C8__-9.96C_L-Pro_0101_2026-09-03_03-21-39_FWHM_5.12_Fok_39829.xisf. Duration Total: 00:00:02.7919349; BeforeSave: 00:00:00.0000649; BeforeFinalizeImageSaved: 00:00:02.7346055; FinalizeSaveTime: 00:00:00.0572639
2026-09-03T03:32:02.7414|INFO|SequenceItem.cs|Run|254|Finishing Category: Guida, Item: Dither
2026-09-03T03:32:02.7416|INFO|SequenceItem.cs|Run|254|Finishing Category: * Set di Istruzioni *, Container: NINA.Sequencer.Container.SequentialContainer, Strategy: SequentialStrategy, Items[FINISHED]: 1
2026-09-03T03:32:02.7421|INFO|MeridianFlipTrigger.cs|ShouldTrigger|211|Meridian Flip - Flip for the current target already happened at 09/02/2026 22:16:06. Skip flip evaluation
2026-09-03T03:32:02.7422|INFO|SequenceTrigger.cs|Run|114|Starting Trigger: RestoreGuiding
2026-09-03T03:32:02.7422|INFO|SequenceItem.cs|Run|208|Starting Category: * Set di Istruzioni *, Container: NINA.Sequencer.Container.SequentialContainer, Strategy: SequentialStrategy, Items[CREATED]: 1
2026-09-03T03:32:02.7423|INFO|SequenceItem.cs|Run|208|Starting Category: Guida, Item: StartGuiding
2026-09-03T03:32:02.7982|INFO|PHD2Guider.cs|StartGuidingPrivate|504|Phd2 - App is already guiding. Skipping start guiding
2026-09-03T03:32:02.7983|INFO|SequenceItem.cs|Run|254|Finishing Category: Guida, Item: StartGuiding
2026-09-03T03:32:02.7985|INFO|SequenceItem.cs|Run|254|Finishing Category: * Set di Istruzioni *, Container: NINA.Sequencer.Container.SequentialContainer, Strategy: SequentialStrategy, Items[FINISHED]: 1
2026-09-03T03:32:02.7987|INFO|SequenceItem.cs|Run|208|Starting Category: Fotocamera, Item: TakeExposure, ExposureTime 600, Gain 15, Offset 132, ImageType LIGHT, Binning 1x1
2026-09-03T03:32:02.8028|INFO|CameraVM.cs|Capture|742|Starting Exposure - Exposure Time: 600s; Filter: ; Gain: 15; Offset 132; Binning: 1x1;
2026-09-03T03:42:08.9987|WARNING|DeviceUpdateTimer.cs|Run|115|Camera value update cycle took longer than the device poll interval (Total: 9.81s > 2s; Poll: 00:00:09.7923932; Update: 00:00:00.0222235)
2026-09-03T03:42:09.0007|INFO|SequenceItem.cs|Run|254|Finishing Category: Fotocamera, Item: TakeExposure, ExposureTime 600, Gain 15, Offset 132, ImageType LIGHT, Binning 1x1
2026-09-03T03:42:09.0015|INFO|MeridianFlipTrigger.cs|ShouldTrigger|211|Meridian Flip - Flip for the current target already happened at 09/02/2026 22:16:06. Skip flip evaluation
2026-09-03T03:42:09.0015|INFO|SequenceItem.cs|Run|208|Starting Category: Ruota porta filtri, Item: SwitchFilter, Filter: L-Pro
2026-09-03T03:42:09.1195|INFO|SequenceItem.cs|Run|254|Finishing Category: Ruota porta filtri, Item: SwitchFilter, Filter: L-Pro
2026-09-03T03:42:09.1198|INFO|SequenceTrigger.cs|Run|114|Starting Trigger: DitherAfterExposures, After Exposures: 1
2026-09-03T03:42:09.1199|INFO|SequenceItem.cs|Run|208|Starting Category: * Set di Istruzioni *, Container: NINA.Sequencer.Container.SequentialContainer, Strategy: SequentialStrategy, Items[CREATED]: 1
2026-09-03T03:42:09.1200|INFO|SequenceItem.cs|Run|208|Starting Category: Guida, Item: Dither
2026-09-03T03:42:11.6781|INFO|HocusFocusStarDetection.cs|Detect|413|Average HFR: 3.474189484918323, HFR MAD: 0.4149009935487471, Detected Stars 245, Region: 0
2026-09-03T03:42:12.1082|INFO|BaseImageData.cs|SaveToDisk|346|Saved image to D:\Images NINA\Target\LIGHT_1x1_600.00s_15_132_M 27_Celestron C8__-9.96C_L-Pro_0102_2026-09-03_03-32-02_FWHM_5.67_Fok_39829.xisf
2026-09-03T03:42:12.1083|INFO|ImageSaveController.cs|DoWork|97|Successfully saved file at D:\Images NINA\Target\LIGHT_1x1_600.00s_15_132_M 27_Celestron C8__-9.96C_L-Pro_0102_2026-09-03_03-32-02_FWHM_5.67_Fok_39829.xisf. Duration Total: 00:00:02.6566305; BeforeSave: 00:00:00.0000750; BeforeFinalizeImageSaved: 00:00:02.6208292; FinalizeSaveTime: 00:00:00.0357255
2026-09-03T03:42:25.6273|INFO|SequenceItem.cs|Run|254|Finishing Category: Guida, Item: Dither
2026-09-03T03:42:25.6275|INFO|SequenceItem.cs|Run|254|Finishing Category: * Set di Istruzioni *, Container: NINA.Sequencer.Container.SequentialContainer, Strategy: SequentialStrategy, Items[FINISHED]: 1
2026-09-03T03:42:25.6280|INFO|MeridianFlipTrigger.cs|ShouldTrigger|211|Meridian Flip - Flip for the current target already happened at 09/02/2026 22:16:06. Skip flip evaluation
2026-09-03T03:42:25.6281|INFO|SequenceTrigger.cs|Run|114|Starting Trigger: RestoreGuiding
2026-09-03T03:42:25.6281|INFO|SequenceItem.cs|Run|208|Starting Category: * Set di Istruzioni *, Container: NINA.Sequencer.Container.SequentialContainer, Strategy: SequentialStrategy, Items[CREATED]: 1
2026-09-03T03:42:25.6282|INFO|SequenceItem.cs|Run|208|Starting Category: Guida, Item: StartGuiding
2026-09-03T03:42:25.6675|INFO|PHD2Guider.cs|StartGuidingPrivate|504|Phd2 - App is already guiding. Skipping start guiding
2026-09-03T03:42:25.6677|INFO|SequenceItem.cs|Run|254|Finishing Category: Guida, Item: StartGuiding
2026-09-03T03:42:25.6678|INFO|SequenceItem.cs|Run|254|Finishing Category: * Set di Istruzioni *, Container: NINA.Sequencer.Container.SequentialContainer, Strategy: SequentialStrategy, Items[FINISHED]: 1
2026-09-03T03:42:25.6679|INFO|SequenceItem.cs|Run|208|Starting Category: Fotocamera, Item: TakeExposure, ExposureTime 600, Gain 15, Offset 132, ImageType LIGHT, Binning 1x1
2026-09-03T03:42:25.6710|INFO|CameraVM.cs|Capture|742|Starting Exposure - Exposure Time: 600s; Filter: ; Gain: 15; Offset 132; Binning: 1x1;
2026-09-03T03:52:31.9496|WARNING|DeviceUpdateTimer.cs|Run|115|Camera value update cycle took longer than the device poll interval (Total: 10.38s > 2s; Poll: 00:00:10.3755143; Update: 00:00:00.0001382)
2026-09-03T03:52:31.9828|INFO|SequenceItem.cs|Run|254|Finishing Category: Fotocamera, Item: TakeExposure, ExposureTime 600, Gain 15, Offset 132, ImageType LIGHT, Binning 1x1
2026-09-03T03:52:31.9835|INFO|MeridianFlipTrigger.cs|ShouldTrigger|211|Meridian Flip - Flip for the current target already happened at 09/02/2026 22:16:06. Skip flip evaluation
2026-09-03T03:52:31.9835|INFO|SequenceItem.cs|Run|208|Starting Category: Ruota porta filtri, Item: SwitchFilter, Filter: L-Pro
2026-09-03T03:52:32.0995|INFO|SequenceItem.cs|Run|254|Finishing Category: Ruota porta filtri, Item: SwitchFilter, Filter: L-Pro
2026-09-03T03:52:32.0998|INFO|SequenceTrigger.cs|Run|114|Starting Trigger: DitherAfterExposures, After Exposures: 1
2026-09-03T03:52:32.0999|INFO|SequenceItem.cs|Run|208|Starting Category: * Set di Istruzioni *, Container: NINA.Sequencer.Container.SequentialContainer, Strategy: SequentialStrategy, Items[CREATED]: 1
2026-09-03T03:52:32.1000|INFO|SequenceItem.cs|Run|208|Starting Category: Guida, Item: Dither
2026-09-03T03:52:34.4821|INFO|HocusFocusStarDetection.cs|Detect|413|Average HFR: 3.2446316490662594, HFR MAD: 0.40719154168699223, Detected Stars 296, Region: 0
2026-09-03T03:52:34.9379|INFO|BaseImageData.cs|SaveToDisk|346|Saved image to D:\Images NINA\Target\LIGHT_1x1_600.00s_15_132_M 27_Celestron C8__-9.91C_L-Pro_0103_2026-09-03_03-42-25_FWHM_5.27_Fok_39829.xisf
2026-09-03T03:52:34.9380|INFO|ImageSaveController.cs|DoWork|97|Successfully saved file at D:\Images NINA\Target\LIGHT_1x1_600.00s_15_132_M 27_Celestron C8__-9.91C_L-Pro_0103_2026-09-03_03-42-25_FWHM_5.27_Fok_39829.xisf. Duration Total: 00:00:02.6351924; BeforeSave: 00:00:00.0000666; BeforeFinalizeImageSaved: 00:00:02.5896864; FinalizeSaveTime: 00:00:00.0454386
2026-09-03T03:53:02.9742|INFO|SequenceItem.cs|Run|254|Finishing Category: Guida, Item: Dither
2026-09-03T03:53:02.9747|INFO|SequenceItem.cs|Run|254|Finishing Category: * Set di Istruzioni *, Container: NINA.Sequencer.Container.SequentialContainer, Strategy: SequentialStrategy, Items[FINISHED]: 1
2026-09-03T03:53:02.9752|INFO|MeridianFlipTrigger.cs|ShouldTrigger|211|Meridian Flip - Flip for the current target already happened at 09/02/2026 22:16:06. Skip flip evaluation
2026-09-03T03:53:02.9753|INFO|SequenceTrigger.cs|Run|114|Starting Trigger: RestoreGuiding
2026-09-03T03:53:02.9753|INFO|SequenceItem.cs|Run|208|Starting Category: * Set di Istruzioni *, Container: NINA.Sequencer.Container.SequentialContainer, Strategy: SequentialStrategy, Items[CREATED]: 1
2026-09-03T03:53:02.9754|INFO|SequenceItem.cs|Run|208|Starting Category: Guida, Item: StartGuiding
2026-09-03T03:53:03.0241|INFO|PHD2Guider.cs|StartGuidingPrivate|504|Phd2 - App is already guiding. Skipping start guiding
2026-09-03T03:53:03.0267|INFO|SequenceItem.cs|Run|254|Finishing Category: Guida, Item: StartGuiding
2026-09-03T03:53:03.0272|INFO|SequenceItem.cs|Run|254|Finishing Category: * Set di Istruzioni *, Container: NINA.Sequencer.Container.SequentialContainer, Strategy: SequentialStrategy, Items[FINISHED]: 1
2026-09-03T03:53:03.0275|INFO|SequenceItem.cs|Run|208|Starting Category: Fotocamera, Item: TakeExposure, ExposureTime 600, Gain 15, Offset 132, ImageType LIGHT, Binning 1x1
2026-09-03T03:53:03.0286|INFO|CameraVM.cs|Capture|742|Starting Exposure - Exposure Time: 600s; Filter: ; Gain: 15; Offset 132; Binning: 1x1;
2026-09-03T04:03:09.2274|WARNING|DeviceUpdateTimer.cs|Run|115|Camera value update cycle took longer than the device poll interval (Total: 11.67s > 2s; Poll: 00:00:11.6556238; Update: 00:00:00.0136465)
2026-09-03T04:03:09.2306|INFO|SequenceItem.cs|Run|254|Finishing Category: Fotocamera, Item: TakeExposure, ExposureTime 600, Gain 15, Offset 132, ImageType LIGHT, Binning 1x1
2026-09-03T04:03:09.2317|INFO|MeridianFlipTrigger.cs|ShouldTrigger|211|Meridian Flip - Flip for the current target already happened at 09/02/2026 22:16:06. Skip flip evaluation
2026-09-03T04:03:09.2317|INFO|SequenceItem.cs|Run|208|Starting Category: Ruota porta filtri, Item: SwitchFilter, Filter: L-Pro
2026-09-03T04:03:09.4649|INFO|SequenceItem.cs|Run|254|Finishing Category: Ruota porta filtri, Item: SwitchFilter, Filter: L-Pro
2026-09-03T04:03:09.4652|INFO|SequenceTrigger.cs|Run|114|Starting Trigger: DitherAfterExposures, After Exposures: 1
2026-09-03T04:03:09.4653|INFO|SequenceItem.cs|Run|208|Starting Category: * Set di Istruzioni *, Container: NINA.Sequencer.Container.SequentialContainer, Strategy: SequentialStrategy, Items[CREATED]: 1
2026-09-03T04:03:09.4654|INFO|SequenceItem.cs|Run|208|Starting Category: Guida, Item: Dither
2026-09-03T04:03:11.8052|INFO|HocusFocusStarDetection.cs|Detect|413|Average HFR: 3.5828654025416937, HFR MAD: 0.4167864559065695, Detected Stars 222, Region: 0
2026-09-03T04:03:12.2416|INFO|BaseImageData.cs|SaveToDisk|346|Saved image to D:\Images NINA\Target\LIGHT_1x1_600.00s_15_132_M 27_Celestron C8__-9.96C_L-Pro_0104_2026-09-03_03-53-03_FWHM_6.01_Fok_39829.xisf
2026-09-03T04:03:12.2417|INFO|ImageSaveController.cs|DoWork|97|Successfully saved file at D:\Images NINA\Target\LIGHT_1x1_600.00s_15_132_M 27_Celestron C8__-9.96C_L-Pro_0104_2026-09-03_03-53-03_FWHM_6.01_Fok_39829.xisf. Duration Total: 00:00:02.5831432; BeforeSave: 00:00:00.0000892; BeforeFinalizeImageSaved: 00:00:02.5505472; FinalizeSaveTime: 00:00:00.0325061
2026-09-03T04:03:31.7491|INFO|SequenceItem.cs|Run|254|Finishing Category: Guida, Item: Dither
2026-09-03T04:03:31.7494|INFO|SequenceItem.cs|Run|254|Finishing Category: * Set di Istruzioni *, Container: NINA.Sequencer.Container.SequentialContainer, Strategy: SequentialStrategy, Items[FINISHED]: 1
2026-09-03T04:03:31.7499|INFO|MeridianFlipTrigger.cs|ShouldTrigger|211|Meridian Flip - Flip for the current target already happened at 09/02/2026 22:16:06. Skip flip evaluation
2026-09-03T04:03:31.7500|INFO|SequenceTrigger.cs|Run|114|Starting Trigger: RestoreGuiding
2026-09-03T04:03:31.7500|INFO|SequenceItem.cs|Run|208|Starting Category: * Set di Istruzioni *, Container: NINA.Sequencer.Container.SequentialContainer, Strategy: SequentialStrategy, Items[CREATED]: 1
2026-09-03T04:03:31.7643|INFO|SequenceItem.cs|Run|208|Starting Category: Guida, Item: StartGuiding
2026-09-03T04:03:31.7980|INFO|PHD2Guider.cs|StartGuidingPrivate|504|Phd2 - App is already guiding. Skipping start guiding
2026-09-03T04:03:31.7981|INFO|SequenceItem.cs|Run|254|Finishing Category: Guida, Item: StartGuiding
2026-09-03T04:03:31.7983|INFO|SequenceItem.cs|Run|254|Finishing Category: * Set di Istruzioni *, Container: NINA.Sequencer.Container.SequentialContainer, Strategy: SequentialStrategy, Items[FINISHED]: 1
2026-09-03T04:03:31.7984|INFO|AutofocusAfterHFRIncreaseTrigger.cs|ShouldTrigger|221|Autofocus after HFR change should be triggered, as current HFR trend is 6.66% higher compared to threshold of 5%
2026-09-03T04:03:31.7985|INFO|SequenceTrigger.cs|Run|114|Starting Trigger: AutofocusAfterHFRIncreaseTrigger, Amount: 5
2026-09-03T04:03:31.7986|INFO|SequenceItem.cs|Run|208|Starting Category: * Set di Istruzioni *, Container: NINA.Sequencer.Container.SequentialContainer, Strategy: SequentialStrategy, Items[CREATED]: 1
2026-09-03T04:03:31.7987|INFO|SequenceItem.cs|Run|208|Starting Category: Focheggiatore, Item: RunAutofocus
2026-09-03T04:03:31.9859|INFO|FocuserMediator.cs|BroadcastAutoFocusRunStarting|92|Autofocus starting notification received
2026-09-03T04:03:33.0939|INFO|AutoFocusEngine.cs|RunAutoFocus|929|Starting AutoFocus with initial position 39829
2026-09-03T04:03:33.2086|INFO|CameraVM.cs|Capture|742|Starting Exposure - Exposure Time: 6s; Filter: L-Pro; Gain: 15; Offset 132; Binning: 2x2;
2026-09-03T04:03:40.5557|INFO|AutoFocusEngine.cs|StartBlindFocusPoints|769|Waiting on initial HFR analysis
2026-09-03T04:03:40.5561|INFO|FocuserVM.cs|MoveFocuserInternal|216|Moving Focuser to position 40629
2026-09-03T04:03:41.1200|INFO|HocusFocusStarDetection.cs|Detect|413|Average HFR: 2.546532478020012, HFR MAD: 0.3548588228353906, Detected Stars 104, Region: 0
2026-09-03T04:03:49.0336|INFO|CameraVM.cs|Capture|742|Starting Exposure - Exposure Time: 6s; Filter: L-Pro; Gain: 15; Offset 132; Binning: 2x2;
2026-09-03T04:03:56.3578|INFO|FocuserVM.cs|MoveFocuserInternal|216|Moving Focuser to position 40429
2026-09-03T04:03:56.9929|INFO|HocusFocusStarDetection.cs|Detect|413|Average HFR: 2.3190946643429675, HFR MAD: 0.2506005291292954, Detected Stars 113, Region: 0
2026-09-03T04:04:01.6443|INFO|CameraVM.cs|Capture|742|Starting Exposure - Exposure Time: 6s; Filter: L-Pro; Gain: 15; Offset 132; Binning: 2x2;
2026-09-03T04:04:08.9509|INFO|FocuserVM.cs|MoveFocuserInternal|216|Moving Focuser to position 40229
2026-09-03T04:04:09.4716|INFO|HocusFocusStarDetection.cs|Detect|413|Average HFR: 2.1533076319696636, HFR MAD: 0.2446535872601585, Detected Stars 130, Region: 0
2026-09-03T04:04:15.0293|INFO|CameraVM.cs|Capture|742|Starting Exposure - Exposure Time: 6s; Filter: L-Pro; Gain: 15; Offset 132; Binning: 2x2;
2026-09-03T04:04:22.3448|INFO|FocuserVM.cs|MoveFocuserInternal|216|Moving Focuser to position 40029
2026-09-03T04:04:22.8571|INFO|HocusFocusStarDetection.cs|Detect|413|Average HFR: 2.132353105245248, HFR MAD: 0.23703290626805917, Detected Stars 126, Region: 0
2026-09-03T04:04:27.6365|INFO|CameraVM.cs|Capture|742|Starting Exposure - Exposure Time: 6s; Filter: L-Pro; Gain: 15; Offset 132; Binning: 2x2;
2026-09-03T04:04:34.9415|INFO|AutoFocusEngine.cs|StartBlindFocusPoints|797|Waiting on initial focuser move analyses
2026-09-03T04:04:35.4520|INFO|HocusFocusStarDetection.cs|Detect|413|Average HFR: 2.1997635484998668, HFR MAD: 0.22876145238767176, Detected Stars 119, Region: 0
2026-09-03T04:04:35.4787|INFO|FocuserVM.cs|MoveFocuserInternal|216|Moving Focuser to position 39829
2026-09-03T04:04:41.0320|INFO|CameraVM.cs|Capture|742|Starting Exposure - Exposure Time: 6s; Filter: L-Pro; Gain: 15; Offset 132; Binning: 2x2;
2026-09-03T04:04:48.3759|INFO|AutoFocusEngine.cs|StartBlindFocusPoints|870|Waiting on next left movement analysis
2026-09-03T04:04:48.9312|INFO|HocusFocusStarDetection.cs|Detect|413|Average HFR: 1.9760560786802515, HFR MAD: 0.2080084391714765, Detected Stars 127, Region: 0
2026-09-03T04:04:49.0060|INFO|FocuserVM.cs|MoveFocuserInternal|216|Moving Focuser to position 39629
2026-09-03T04:04:55.0058|INFO|CameraVM.cs|Capture|742|Starting Exposure - Exposure Time: 6s; Filter: L-Pro; Gain: 15; Offset 132; Binning: 2x2;
2026-09-03T04:05:02.3176|INFO|AutoFocusEngine.cs|StartBlindFocusPoints|870|Waiting on next left movement analysis
2026-09-03T04:05:02.8694|INFO|HocusFocusStarDetection.cs|Detect|413|Average HFR: 1.9699476513040897, HFR MAD: 0.1936192541538737, Detected Stars 137, Region: 0
2026-09-03T04:05:02.8979|INFO|FocuserVM.cs|MoveFocuserInternal|216|Moving Focuser to position 39429
2026-09-03T04:05:09.0370|INFO|CameraVM.cs|Capture|742|Starting Exposure - Exposure Time: 6s; Filter: L-Pro; Gain: 15; Offset 132; Binning: 2x2;
2026-09-03T04:05:16.3931|INFO|AutoFocusEngine.cs|StartBlindFocusPoints|870|Waiting on next left movement analysis
2026-09-03T04:05:17.0401|INFO|HocusFocusStarDetection.cs|Detect|413|Average HFR: 2.1476563175276793, HFR MAD: 0.2165380965408854, Detected Stars 125, Region: 0
2026-09-03T04:05:17.2572|INFO|AutoFocusEngine.cs|StartBlindFocusPoints|841|Enough right trend points (4) with an established minimum (39629) to queue remaining left focus points down to 38829
2026-09-03T04:05:17.2576|INFO|FocuserVM.cs|MoveFocuserInternal|216|Moving Focuser to position 39229
2026-09-03T04:05:19.1545|WARNING|DeviceUpdateTimer.cs|Run|115|Dome value update cycle took longer than the device poll interval (Total: 2.24s > 2s; Poll: 00:00:00.0031260; Update: 00:00:02.2336881)
2026-09-03T04:05:23.0298|INFO|CameraVM.cs|Capture|742|Starting Exposure - Exposure Time: 6s; Filter: L-Pro; Gain: 15; Offset 132; Binning: 2x2;
2026-09-03T04:05:30.3679|INFO|FocuserVM.cs|MoveFocuserInternal|216|Moving Focuser to position 39029
2026-09-03T04:05:30.8859|INFO|HocusFocusStarDetection.cs|Detect|413|Average HFR: 2.3807828398339392, HFR MAD: 0.28032975091032997, Detected Stars 124, Region: 0
2026-09-03T04:05:35.8555|INFO|CameraVM.cs|Capture|742|Starting Exposure - Exposure Time: 6s; Filter: L-Pro; Gain: 15; Offset 132; Binning: 2x2;
2026-09-03T04:05:43.1603|INFO|FocuserVM.cs|MoveFocuserInternal|216|Moving Focuser to position 38829
2026-09-03T04:05:43.7643|INFO|HocusFocusStarDetection.cs|Detect|413|Average HFR: 2.6537091674831155, HFR MAD: 0.30064151637761816, Detected Stars 100, Region: 0
2026-09-03T04:05:49.0445|INFO|CameraVM.cs|Capture|742|Starting Exposure - Exposure Time: 6s; Filter: L-Pro; Gain: 15; Offset 132; Binning: 2x2;
2026-09-03T04:05:56.3593|INFO|AutoFocusEngine.cs|StartBlindFocusPoints|896|Waiting on remaining AutoFocus analysis tasks
2026-09-03T04:05:56.9245|INFO|HocusFocusStarDetection.cs|Detect|413|Average HFR: 2.8574452691223398, HFR MAD: 0.3142728674885884, Detected Stars 99, Region: 0
2026-09-03T04:05:56.9951|INFO|FocuserVM.cs|MoveFocuserInternal|216|Moving Focuser to position 39692
2026-09-03T04:06:06.8945|INFO|AutoFocusEngine.cs|ValidateCalculatedFocusPosition|1141|Validating HFR at final focus position 39692
2026-09-03T04:06:07.0132|INFO|CameraVM.cs|Capture|742|Starting Exposure - Exposure Time: 6s; Filter: L-Pro; Gain: 15; Offset 132; Binning: 2x2;
2026-09-03T04:06:14.8324|INFO|HocusFocusStarDetection.cs|Detect|413|Average HFR: 2.177421118826944, HFR MAD: 0.2415274959438114, Detected Stars 127, Region: 0
2026-09-03T04:06:14.8328|INFO|HocusFocusVM.cs|AutoFocusEngine_Completed|473|AutoFocus completed with focuser starting at 39829 and ending at 39692
2026-09-03T04:06:14.8345|INFO|FocuserMediator.cs|BroadcastSuccessfulAutoFocusRun|46|Autofocus notification received - Temperature 21.25
2026-09-03T04:06:15.0240|INFO|AutoFocusEngine.cs|PerformPostAutoFocusActions|1022|Re-enabling temperature compensation after AutoFocus
2026-09-03T04:06:15.1284|INFO|PHD2Guider.cs|TryStartGuideCommand|641|Phd2 - Requesting to start guiding. Recalibrate: False
2026-09-03T04:06:38.7335|INFO|SequenceItem.cs|Run|254|Finishing Category: Focheggiatore, Item: RunAutofocus
2026-09-03T04:06:38.7337|INFO|SequenceItem.cs|Run|254|Finishing Category: * Set di Istruzioni *, Container: NINA.Sequencer.Container.SequentialContainer, Strategy: SequentialStrategy, Items[FINISHED]: 1
2026-09-03T04:06:38.7338|INFO|SequenceItem.cs|Run|208|Starting Category: Fotocamera, Item: TakeExposure, ExposureTime 600, Gain 15, Offset 132, ImageType LIGHT, Binning 1x1
2026-09-03T04:06:38.7342|INFO|CameraVM.cs|Capture|742|Starting Exposure - Exposure Time: 600s; Filter: ; Gain: 15; Offset 132; Binning: 1x1;
2026-09-03T04:16:44.9543|WARNING|DeviceUpdateTimer.cs|Run|115|Camera value update cycle took longer than the device poll interval (Total: 11.39s > 2s; Poll: 00:00:11.3892526; Update: 00:00:00.0002265)
2026-09-03T04:16:45.0007|INFO|SequenceItem.cs|Run|254|Finishing Category: Fotocamera, Item: TakeExposure, ExposureTime 600, Gain 15, Offset 132, ImageType LIGHT, Binning 1x1
2026-09-03T04:16:45.0014|INFO|MeridianFlipTrigger.cs|ShouldTrigger|211|Meridian Flip - Flip for the current target already happened at 09/02/2026 22:16:06. Skip flip evaluation
2026-09-03T04:16:45.0015|INFO|SequenceItem.cs|Run|208|Starting Category: Ruota porta filtri, Item: SwitchFilter, Filter: L-Pro
2026-09-03T04:16:45.1204|INFO|SequenceItem.cs|Run|254|Finishing Category: Ruota porta filtri, Item: SwitchFilter, Filter: L-Pro
2026-09-03T04:16:45.1207|INFO|SequenceTrigger.cs|Run|114|Starting Trigger: DitherAfterExposures, After Exposures: 1
2026-09-03T04:16:45.1208|INFO|SequenceItem.cs|Run|208|Starting Category: * Set di Istruzioni *, Container: NINA.Sequencer.Container.SequentialContainer, Strategy: SequentialStrategy, Items[CREATED]: 1
2026-09-03T04:16:45.1209|INFO|SequenceItem.cs|Run|208|Starting Category: Guida, Item: Dither
2026-09-03T04:16:45.3421|INFO|ImageSolver.cs|Solve|41|Platesolving with parameters: FocalLength: 1260 PixelSize: 4.54 SearchRadius: 30 BlindFailoverEnabled: True Regions: 5000 DownSampleFactor: 2 MaxObjects: 500 Reference Coordinates RA: 19:59:41 Dec: 22° 49' 34" Epoch: J2000
2026-09-03T04:16:45.8177|INFO|BaseImageData.cs|SaveToDisk|346|Saved image to C:\Users\PrimaLuceLab\AppData\Local\NINA\PlateSolver\skx1olya.wde.fits
2026-09-03T04:16:47.9981|INFO|HocusFocusStarDetection.cs|Detect|413|Average HFR: 3.744892232108235, HFR MAD: 0.4515726187899558, Detected Stars 167, Region: 0
2026-09-03T04:16:48.4991|INFO|BaseImageData.cs|SaveToDisk|346|Saved image to D:\Images NINA\Target\LIGHT_1x1_600.00s_15_132_M 27_Celestron C8__-9.96C_L-Pro_0105_2026-09-03_04-06-38_FWHM_5.70_Fok_39692.xisf
2026-09-03T04:16:48.4992|INFO|ImageSaveController.cs|DoWork|97|Successfully saved file at D:\Images NINA\Target\LIGHT_1x1_600.00s_15_132_M 27_Celestron C8__-9.96C_L-Pro_0105_2026-09-03_04-06-38_FWHM_5.70_Fok_39692.xisf. Duration Total: 00:00:03.1572986; BeforeSave: 00:00:00.0000694; BeforeFinalizeImageSaved: 00:00:03.0736624; FinalizeSaveTime: 00:00:00.0835659
2026-09-03T04:16:49.2767|INFO|ImageSolver.cs|Solve|54|Platesolve successful: Coordinates: RA: 19:59:42; Dec: 22° 44' 24"; Epoch: J2000 - Position Angle: 89.4528900223728
2026-09-03T04:16:49.2769|INFO|CenterAfterDriftTrigger.cs|PlatesolvingImageFollower_PropertyChanged|189|Drift: 1.7717768019916214 / 3 arc minutes
2026-09-03T04:17:03.2437|INFO|SequenceItem.cs|Run|254|Finishing Category: Guida, Item: Dither
2026-09-03T04:17:03.2439|INFO|SequenceItem.cs|Run|254|Finishing Category: * Set di Istruzioni *, Container: NINA.Sequencer.Container.SequentialContainer, Strategy: SequentialStrategy, Items[FINISHED]: 1
2026-09-03T04:17:03.2445|INFO|MeridianFlipTrigger.cs|ShouldTrigger|211|Meridian Flip - Flip for the current target already happened at 09/02/2026 22:16:06. Skip flip evaluation
2026-09-03T04:17:03.2445|INFO|SequenceTrigger.cs|Run|114|Starting Trigger: RestoreGuiding
2026-09-03T04:17:03.2446|INFO|SequenceItem.cs|Run|208|Starting Category: * Set di Istruzioni *, Container: NINA.Sequencer.Container.SequentialContainer, Strategy: SequentialStrategy, Items[CREATED]: 1
2026-09-03T04:17:03.2446|INFO|SequenceItem.cs|Run|208|Starting Category: Guida, Item: StartGuiding
2026-09-03T04:17:03.2786|INFO|PHD2Guider.cs|StartGuidingPrivate|504|Phd2 - App is already guiding. Skipping start guiding
2026-09-03T04:17:03.2816|INFO|SequenceItem.cs|Run|254|Finishing Category: Guida, Item: StartGuiding
2026-09-03T04:17:03.2819|INFO|SequenceItem.cs|Run|254|Finishing Category: * Set di Istruzioni *, Container: NINA.Sequencer.Container.SequentialContainer, Strategy: SequentialStrategy, Items[FINISHED]: 1
2026-09-03T04:17:03.2820|INFO|SequenceItem.cs|Run|208|Starting Category: Fotocamera, Item: TakeExposure, ExposureTime 600, Gain 15, Offset 132, ImageType LIGHT, Binning 1x1
2026-09-03T04:17:03.2974|INFO|CameraVM.cs|Capture|742|Starting Exposure - Exposure Time: 600s; Filter: ; Gain: 15; Offset 132; Binning: 1x1;
2026-09-03T04:27:09.4754|WARNING|DeviceUpdateTimer.cs|Run|115|Camera value update cycle took longer than the device poll interval (Total: 11.92s > 2s; Poll: 00:00:11.9154369; Update: 00:00:00.0001550)
2026-09-03T04:27:09.4761|INFO|SequenceItem.cs|Run|254|Finishing Category: Fotocamera, Item: TakeExposure, ExposureTime 600, Gain 15, Offset 132, ImageType LIGHT, Binning 1x1
2026-09-03T04:27:09.4768|INFO|MeridianFlipTrigger.cs|ShouldTrigger|211|Meridian Flip - Flip for the current target already happened at 09/02/2026 22:16:06. Skip flip evaluation
2026-09-03T04:27:09.4768|INFO|SequenceItem.cs|Run|208|Starting Category: Ruota porta filtri, Item: SwitchFilter, Filter: L-Pro
2026-09-03T04:27:09.6700|INFO|SequenceItem.cs|Run|254|Finishing Category: Ruota porta filtri, Item: SwitchFilter, Filter: L-Pro
2026-09-03T04:27:09.6702|INFO|SequenceTrigger.cs|Run|114|Starting Trigger: DitherAfterExposures, After Exposures: 1
2026-09-03T04:27:09.6703|INFO|SequenceItem.cs|Run|208|Starting Category: * Set di Istruzioni *, Container: NINA.Sequencer.Container.SequentialContainer, Strategy: SequentialStrategy, Items[CREATED]: 1
2026-09-03T04:27:09.6704|INFO|SequenceItem.cs|Run|208|Starting Category: Guida, Item: Dither
2026-09-03T04:27:11.5882|INFO|HocusFocusStarDetection.cs|Detect|413|Average HFR: 3.7742293353664085, HFR MAD: 0.40866596834277047, Detected Stars 158, Region: 0
2026-09-03T04:27:12.0743|INFO|BaseImageData.cs|SaveToDisk|346|Saved image to D:\Images NINA\Target\LIGHT_1x1_600.00s_15_132_M 27_Celestron C8__-9.96C_L-Pro_0106_2026-09-03_04-17-03_FWHM_5.93_Fok_39692.xisf
2026-09-03T04:27:12.0744|INFO|ImageSaveController.cs|DoWork|97|Successfully saved file at D:\Images NINA\Target\LIGHT_1x1_600.00s_15_132_M 27_Celestron C8__-9.96C_L-Pro_0106_2026-09-03_04-17-03_FWHM_5.93_Fok_39692.xisf. Duration Total: 00:00:02.1988859; BeforeSave: 00:00:00.0000898; BeforeFinalizeImageSaved: 00:00:02.1311328; FinalizeSaveTime: 00:00:00.0676626
2026-09-03T04:27:35.6709|INFO|SequenceItem.cs|Run|254|Finishing Category: Guida, Item: Dither
2026-09-03T04:27:35.6711|INFO|SequenceItem.cs|Run|254|Finishing Category: * Set di Istruzioni *, Container: NINA.Sequencer.Container.SequentialContainer, Strategy: SequentialStrategy, Items[FINISHED]: 1
2026-09-03T04:27:35.6723|INFO|MeridianFlipTrigger.cs|ShouldTrigger|211|Meridian Flip - Flip for the current target already happened at 09/02/2026 22:16:06. Skip flip evaluation
2026-09-03T04:27:35.6725|INFO|SequenceTrigger.cs|Run|114|Starting Trigger: RestoreGuiding
2026-09-03T04:27:35.6725|INFO|SequenceItem.cs|Run|208|Starting Category: * Set di Istruzioni *, Container: NINA.Sequencer.Container.SequentialContainer, Strategy: SequentialStrategy, Items[CREATED]: 1
2026-09-03T04:27:35.6726|INFO|SequenceItem.cs|Run|208|Starting Category: Guida, Item: StartGuiding
2026-09-03T04:27:35.7214|INFO|PHD2Guider.cs|StartGuidingPrivate|504|Phd2 - App is already guiding. Skipping start guiding
2026-09-03T04:27:35.7232|INFO|SequenceItem.cs|Run|254|Finishing Category: Guida, Item: StartGuiding
2026-09-03T04:27:35.7234|INFO|SequenceItem.cs|Run|254|Finishing Category: * Set di Istruzioni *, Container: NINA.Sequencer.Container.SequentialContainer, Strategy: SequentialStrategy, Items[FINISHED]: 1
2026-09-03T04:27:35.7235|INFO|SequenceItem.cs|Run|208|Starting Category: Fotocamera, Item: TakeExposure, ExposureTime 600, Gain 15, Offset 132, ImageType LIGHT, Binning 1x1
2026-09-03T04:27:35.7239|INFO|CameraVM.cs|Capture|742|Starting Exposure - Exposure Time: 600s; Filter: ; Gain: 15; Offset 132; Binning: 1x1;
2026-09-03T04:37:41.9161|WARNING|DeviceUpdateTimer.cs|Run|115|Camera value update cycle took longer than the device poll interval (Total: 10.36s > 2s; Poll: 00:00:10.3545264; Update: 00:00:00.0019795)
2026-09-03T04:37:41.9167|INFO|SequenceItem.cs|Run|254|Finishing Category: Fotocamera, Item: TakeExposure, ExposureTime 600, Gain 15, Offset 132, ImageType LIGHT, Binning 1x1
2026-09-03T04:37:41.9174|INFO|MeridianFlipTrigger.cs|ShouldTrigger|211|Meridian Flip - Flip for the current target already happened at 09/02/2026 22:16:06. Skip flip evaluation
2026-09-03T04:37:41.9174|INFO|SequenceItem.cs|Run|208|Starting Category: Ruota porta filtri, Item: SwitchFilter, Filter: L-Pro
2026-09-03T04:37:42.0400|INFO|SequenceItem.cs|Run|254|Finishing Category: Ruota porta filtri, Item: SwitchFilter, Filter: L-Pro
2026-09-03T04:37:42.0406|INFO|SequenceTrigger.cs|Run|114|Starting Trigger: DitherAfterExposures, After Exposures: 1
2026-09-03T04:37:42.0407|INFO|SequenceItem.cs|Run|208|Starting Category: * Set di Istruzioni *, Container: NINA.Sequencer.Container.SequentialContainer, Strategy: SequentialStrategy, Items[CREATED]: 1
2026-09-03T04:37:42.0407|INFO|SequenceItem.cs|Run|208|Starting Category: Guida, Item: Dither
2026-09-03T04:37:44.0803|INFO|HocusFocusStarDetection.cs|Detect|413|Average HFR: 3.808318699235685, HFR MAD: 0.4298933487449572, Detected Stars 145, Region: 0
2026-09-03T04:37:44.4172|INFO|BaseImageData.cs|SaveToDisk|346|Saved image to D:\Images NINA\Target\LIGHT_1x1_600.00s_15_132_M 27_Celestron C8__-9.96C_L-Pro_0107_2026-09-03_04-27-35_FWHM_6.37_Fok_39692.xisf
2026-09-03T04:37:44.4173|INFO|ImageSaveController.cs|DoWork|97|Successfully saved file at D:\Images NINA\Target\LIGHT_1x1_600.00s_15_132_M 27_Celestron C8__-9.96C_L-Pro_0107_2026-09-03_04-27-35_FWHM_6.37_Fok_39692.xisf. Duration Total: 00:00:02.1845662; BeforeSave: 00:00:00.0000705; BeforeFinalizeImageSaved: 00:00:02.1366422; FinalizeSaveTime: 00:00:00.0478527
2026-09-03T04:38:02.3358|INFO|SequenceItem.cs|Run|254|Finishing Category: Guida, Item: Dither
2026-09-03T04:38:02.3360|INFO|SequenceItem.cs|Run|254|Finishing Category: * Set di Istruzioni *, Container: NINA.Sequencer.Container.SequentialContainer, Strategy: SequentialStrategy, Items[FINISHED]: 1
2026-09-03T04:38:02.3366|INFO|MeridianFlipTrigger.cs|ShouldTrigger|211|Meridian Flip - Flip for the current target already happened at 09/02/2026 22:16:06. Skip flip evaluation
2026-09-03T04:38:02.3367|INFO|SequenceTrigger.cs|Run|114|Starting Trigger: RestoreGuiding
2026-09-03T04:38:02.3383|INFO|SequenceItem.cs|Run|208|Starting Category: * Set di Istruzioni *, Container: NINA.Sequencer.Container.SequentialContainer, Strategy: SequentialStrategy, Items[CREATED]: 1
2026-09-03T04:38:02.3384|INFO|SequenceItem.cs|Run|208|Starting Category: Guida, Item: StartGuiding
2026-09-03T04:38:02.3684|INFO|PHD2Guider.cs|StartGuidingPrivate|504|Phd2 - App is already guiding. Skipping start guiding
2026-09-03T04:38:02.3711|INFO|SequenceItem.cs|Run|254|Finishing Category: Guida, Item: StartGuiding
2026-09-03T04:38:02.3728|INFO|SequenceItem.cs|Run|254|Finishing Category: * Set di Istruzioni *, Container: NINA.Sequencer.Container.SequentialContainer, Strategy: SequentialStrategy, Items[FINISHED]: 1
2026-09-03T04:38:02.3731|INFO|SequenceItem.cs|Run|208|Starting Category: Fotocamera, Item: TakeExposure, ExposureTime 600, Gain 15, Offset 132, ImageType LIGHT, Binning 1x1
2026-09-03T04:38:02.3877|INFO|CameraVM.cs|Capture|742|Starting Exposure - Exposure Time: 600s; Filter: ; Gain: 15; Offset 132; Binning: 1x1;
2026-09-03T04:48:08.5742|WARNING|DeviceUpdateTimer.cs|Run|115|Camera value update cycle took longer than the device poll interval (Total: 10.40s > 2s; Poll: 00:00:10.3997786; Update: 00:00:00.0001211)
2026-09-03T04:48:08.5747|INFO|SequenceItem.cs|Run|254|Finishing Category: Fotocamera, Item: TakeExposure, ExposureTime 600, Gain 15, Offset 132, ImageType LIGHT, Binning 1x1
2026-09-03T04:48:08.5755|INFO|MeridianFlipTrigger.cs|ShouldTrigger|211|Meridian Flip - Flip for the current target already happened at 09/02/2026 22:16:06. Skip flip evaluation
2026-09-03T04:48:08.5756|INFO|SequenceItem.cs|Run|208|Starting Category: Ruota porta filtri, Item: SwitchFilter, Filter: L-Pro
2026-09-03T04:48:08.7337|INFO|SequenceItem.cs|Run|254|Finishing Category: Ruota porta filtri, Item: SwitchFilter, Filter: L-Pro
2026-09-03T04:48:08.7340|INFO|SequenceTrigger.cs|Run|114|Starting Trigger: DitherAfterExposures, After Exposures: 1
2026-09-03T04:48:08.7341|INFO|SequenceItem.cs|Run|208|Starting Category: * Set di Istruzioni *, Container: NINA.Sequencer.Container.SequentialContainer, Strategy: SequentialStrategy, Items[CREATED]: 1
2026-09-03T04:48:08.7342|INFO|SequenceItem.cs|Run|208|Starting Category: Guida, Item: Dither
2026-09-03T04:48:11.0620|INFO|HocusFocusStarDetection.cs|Detect|413|Average HFR: 4.5452353235286695, HFR MAD: 0.47651087054366403, Detected Stars 87, Region: 0
2026-09-03T04:48:11.5110|INFO|BaseImageData.cs|SaveToDisk|346|Saved image to D:\Images NINA\Target\LIGHT_1x1_600.00s_15_132_M 27_Celestron C8__-9.96C_L-Pro_0108_2026-09-03_04-38-02_FWHM_NaN_Fok_39692.xisf
2026-09-03T04:48:11.5112|INFO|ImageSaveController.cs|DoWork|97|Successfully saved file at D:\Images NINA\Target\LIGHT_1x1_600.00s_15_132_M 27_Celestron C8__-9.96C_L-Pro_0108_2026-09-03_04-38-02_FWHM_NaN_Fok_39692.xisf. Duration Total: 00:00:02.6514591; BeforeSave: 00:00:00.0000664; BeforeFinalizeImageSaved: 00:00:02.5999297; FinalizeSaveTime: 00:00:00.0514623
2026-09-03T04:48:25.9923|INFO|SequenceItem.cs|Run|254|Finishing Category: Guida, Item: Dither
2026-09-03T04:48:25.9925|INFO|SequenceItem.cs|Run|254|Finishing Category: * Set di Istruzioni *, Container: NINA.Sequencer.Container.SequentialContainer, Strategy: SequentialStrategy, Items[FINISHED]: 1
2026-09-03T04:48:25.9946|INFO|MeridianFlipTrigger.cs|ShouldTrigger|211|Meridian Flip - Flip for the current target already happened at 09/02/2026 22:16:06. Skip flip evaluation
2026-09-03T04:48:25.9947|INFO|SequenceTrigger.cs|Run|114|Starting Trigger: RestoreGuiding
2026-09-03T04:48:25.9948|INFO|SequenceItem.cs|Run|208|Starting Category: * Set di Istruzioni *, Container: NINA.Sequencer.Container.SequentialContainer, Strategy: SequentialStrategy, Items[CREATED]: 1
2026-09-03T04:48:25.9948|INFO|SequenceItem.cs|Run|208|Starting Category: Guida, Item: StartGuiding
2026-09-03T04:48:26.0207|INFO|PHD2Guider.cs|StartGuidingPrivate|504|Phd2 - App is already guiding. Skipping start guiding
2026-09-03T04:48:26.0234|INFO|SequenceItem.cs|Run|254|Finishing Category: Guida, Item: StartGuiding
2026-09-03T04:48:26.0251|INFO|SequenceItem.cs|Run|254|Finishing Category: * Set di Istruzioni *, Container: NINA.Sequencer.Container.SequentialContainer, Strategy: SequentialStrategy, Items[FINISHED]: 1
2026-09-03T04:48:26.0253|INFO|AutofocusAfterHFRIncreaseTrigger.cs|ShouldTrigger|221|Autofocus after HFR change should be triggered, as current HFR trend is 15.72% higher compared to threshold of 5%
2026-09-03T04:48:26.0254|INFO|SequenceTrigger.cs|Run|114|Starting Trigger: AutofocusAfterHFRIncreaseTrigger, Amount: 5
2026-09-03T04:48:26.0256|INFO|SequenceItem.cs|Run|208|Starting Category: * Set di Istruzioni *, Container: NINA.Sequencer.Container.SequentialContainer, Strategy: SequentialStrategy, Items[CREATED]: 1
2026-09-03T04:48:26.0256|INFO|SequenceItem.cs|Run|208|Starting Category: Focheggiatore, Item: RunAutofocus
2026-09-03T04:48:26.1501|INFO|FocuserMediator.cs|BroadcastAutoFocusRunStarting|92|Autofocus starting notification received
2026-09-03T04:48:28.3139|INFO|AutoFocusEngine.cs|RunAutoFocus|929|Starting AutoFocus with initial position 39692
2026-09-03T04:48:28.4297|INFO|CameraVM.cs|Capture|742|Starting Exposure - Exposure Time: 6s; Filter: L-Pro; Gain: 15; Offset 132; Binning: 2x2;
2026-09-03T04:48:35.7332|INFO|AutoFocusEngine.cs|StartBlindFocusPoints|769|Waiting on initial HFR analysis
2026-09-03T04:48:35.7336|INFO|FocuserVM.cs|MoveFocuserInternal|216|Moving Focuser to position 40492
2026-09-03T04:48:36.3032|INFO|HocusFocusStarDetection.cs|Detect|413|Average HFR: 2.217919711611364, HFR MAD: 0.19685789438198809, Detected Stars 74, Region: 0
2026-09-03T04:48:39.1655|WARNING|DeviceUpdateTimer.cs|Run|115|Dome value update cycle took longer than the device poll interval (Total: 2.07s > 2s; Poll: 00:00:00.0024662; Update: 00:00:02.0679224)
2026-09-03T04:48:45.0273|INFO|CameraVM.cs|Capture|742|Starting Exposure - Exposure Time: 6s; Filter: L-Pro; Gain: 15; Offset 132; Binning: 2x2;
2026-09-03T04:48:52.3379|INFO|FocuserVM.cs|MoveFocuserInternal|216|Moving Focuser to position 40292
2026-09-03T04:48:52.9046|INFO|HocusFocusStarDetection.cs|Detect|413|Average HFR: 1.9325841871266056, HFR MAD: 0.16985130587358266, Detected Stars 76, Region: 0
2026-09-03T04:48:57.6273|INFO|CameraVM.cs|Capture|742|Starting Exposure - Exposure Time: 6s; Filter: L-Pro; Gain: 15; Offset 132; Binning: 2x2;
2026-09-03T04:49:04.9422|INFO|FocuserVM.cs|MoveFocuserInternal|216|Moving Focuser to position 40092
2026-09-03T04:49:07.5237|INFO|HocusFocusStarDetection.cs|Detect|413|Average HFR: 1.95312608420389, HFR MAD: 0.18745765232327272, Detected Stars 79, Region: 0
2026-09-03T04:49:11.0289|INFO|CameraVM.cs|Capture|742|Starting Exposure - Exposure Time: 6s; Filter: L-Pro; Gain: 15; Offset 132; Binning: 2x2;
2026-09-03T04:49:18.3419|INFO|FocuserVM.cs|MoveFocuserInternal|216|Moving Focuser to position 39892
2026-09-03T04:49:18.8918|INFO|HocusFocusStarDetection.cs|Detect|413|Average HFR: 1.8354367408526955, HFR MAD: 0.11929118960540208, Detected Stars 80, Region: 0
2026-09-03T04:49:23.6800|INFO|CameraVM.cs|Capture|742|Starting Exposure - Exposure Time: 6s; Filter: L-Pro; Gain: 15; Offset 132; Binning: 2x2;
2026-09-03T04:49:31.0500|INFO|AutoFocusEngine.cs|StartBlindFocusPoints|797|Waiting on initial focuser move analyses
2026-09-03T04:49:31.5964|INFO|HocusFocusStarDetection.cs|Detect|413|Average HFR: 1.908348129086247, HFR MAD: 0.15682367320314383, Detected Stars 82, Region: 0
2026-09-03T04:49:31.7140|INFO|FocuserVM.cs|MoveFocuserInternal|216|Moving Focuser to position 39692
2026-09-03T04:49:37.0473|INFO|CameraVM.cs|Capture|742|Starting Exposure - Exposure Time: 6s; Filter: L-Pro; Gain: 15; Offset 132; Binning: 2x2;
2026-09-03T04:49:44.3529|INFO|AutoFocusEngine.cs|StartBlindFocusPoints|870|Waiting on next left movement analysis
2026-09-03T04:49:44.8760|INFO|HocusFocusStarDetection.cs|Detect|413|Average HFR: 2.013284082437031, HFR MAD: 0.15055891560804646, Detected Stars 76, Region: 0
2026-09-03T04:49:44.9449|INFO|FocuserVM.cs|MoveFocuserInternal|216|Moving Focuser to position 39492
2026-09-03T04:49:51.0273|INFO|CameraVM.cs|Capture|742|Starting Exposure - Exposure Time: 6s; Filter: L-Pro; Gain: 15; Offset 132; Binning: 2x2;
2026-09-03T04:49:58.3414|INFO|AutoFocusEngine.cs|StartBlindFocusPoints|870|Waiting on next left movement analysis
2026-09-03T04:49:58.8591|INFO|HocusFocusStarDetection.cs|Detect|413|Average HFR: 2.2022247682201535, HFR MAD: 0.23446463054558464, Detected Stars 78, Region: 0
2026-09-03T04:49:58.9261|INFO|FocuserVM.cs|MoveFocuserInternal|216|Moving Focuser to position 39292
2026-09-03T04:50:05.0089|INFO|CameraVM.cs|Capture|742|Starting Exposure - Exposure Time: 6s; Filter: L-Pro; Gain: 15; Offset 132; Binning: 2x2;
2026-09-03T04:50:12.3240|INFO|AutoFocusEngine.cs|StartBlindFocusPoints|870|Waiting on next left movement analysis
2026-09-03T04:50:12.8865|INFO|HocusFocusStarDetection.cs|Detect|413|Average HFR: 2.3140554108299463, HFR MAD: 0.2453304843373716, Detected Stars 72, Region: 0
2026-09-03T04:50:12.9140|INFO|FocuserVM.cs|MoveFocuserInternal|216|Moving Focuser to position 39092
2026-09-03T04:50:19.0270|INFO|CameraVM.cs|Capture|742|Starting Exposure - Exposure Time: 6s; Filter: L-Pro; Gain: 15; Offset 132; Binning: 2x2;
2026-09-03T04:50:26.3564|INFO|AutoFocusEngine.cs|StartBlindFocusPoints|870|Waiting on next left movement analysis
2026-09-03T04:50:26.9844|INFO|HocusFocusStarDetection.cs|Detect|413|Average HFR: 2.6253400803265983, HFR MAD: 0.2995567307478417, Detected Stars 70, Region: 0
2026-09-03T04:50:27.0298|INFO|AutoFocusEngine.cs|StartBlindFocusPoints|823|Enough left trend points (4) with an established minimum (40092) to queue remaining right focus points up to 40892
2026-09-03T04:50:27.0315|INFO|FocuserVM.cs|MoveFocuserInternal|216|Moving Focuser to position 40692
2026-09-03T04:50:39.3924|INFO|CameraVM.cs|Capture|742|Starting Exposure - Exposure Time: 6s; Filter: L-Pro; Gain: 15; Offset 132; Binning: 2x2;
2026-09-03T04:50:46.7415|INFO|FocuserVM.cs|MoveFocuserInternal|216|Moving Focuser to position 40892
2026-09-03T04:50:47.4010|INFO|HocusFocusStarDetection.cs|Detect|413|Average HFR: 2.110708451550559, HFR MAD: 0.2091215247785292, Detected Stars 75, Region: 0
2026-09-03T04:50:53.0437|INFO|CameraVM.cs|Capture|742|Starting Exposure - Exposure Time: 6s; Filter: L-Pro; Gain: 15; Offset 132; Binning: 2x2;
2026-09-03T04:51:00.3571|INFO|AutoFocusEngine.cs|StartBlindFocusPoints|896|Waiting on remaining AutoFocus analysis tasks
2026-09-03T04:51:00.8716|INFO|HocusFocusStarDetection.cs|Detect|413|Average HFR: 2.200628126600522, HFR MAD: 0.22863319084521416, Detected Stars 76, Region: 0
2026-09-03T04:51:00.9683|INFO|FocuserVM.cs|MoveFocuserInternal|216|Moving Focuser to position 40077
2026-09-03T04:51:09.0632|INFO|AutoFocusEngine.cs|ValidateCalculatedFocusPosition|1141|Validating HFR at final focus position 40077
2026-09-03T04:51:09.1755|INFO|CameraVM.cs|Capture|742|Starting Exposure - Exposure Time: 6s; Filter: L-Pro; Gain: 15; Offset 132; Binning: 2x2;
2026-09-03T04:51:17.0674|INFO|HocusFocusStarDetection.cs|Detect|413|Average HFR: 2.1121499976082347, HFR MAD: 0.17080609770676314, Detected Stars 75, Region: 0
2026-09-03T04:51:17.0679|INFO|HocusFocusVM.cs|AutoFocusEngine_Completed|473|AutoFocus completed with focuser starting at 39692 and ending at 40077
2026-09-03T04:51:17.0696|INFO|FocuserMediator.cs|BroadcastSuccessfulAutoFocusRun|46|Autofocus notification received - Temperature 22
2026-09-03T04:51:17.2200|INFO|AutoFocusEngine.cs|PerformPostAutoFocusActions|1022|Re-enabling temperature compensation after AutoFocus
2026-09-03T04:51:17.2597|INFO|PHD2Guider.cs|TryStartGuideCommand|641|Phd2 - Requesting to start guiding. Recalibrate: False
2026-09-03T04:51:41.2661|INFO|SequenceItem.cs|Run|254|Finishing Category: Focheggiatore, Item: RunAutofocus
2026-09-03T04:51:41.2663|INFO|SequenceItem.cs|Run|254|Finishing Category: * Set di Istruzioni *, Container: NINA.Sequencer.Container.SequentialContainer, Strategy: SequentialStrategy, Items[FINISHED]: 1
2026-09-03T04:51:41.2664|INFO|SequenceItem.cs|Run|208|Starting Category: Fotocamera, Item: TakeExposure, ExposureTime 600, Gain 15, Offset 132, ImageType LIGHT, Binning 1x1
2026-09-03T04:51:41.2668|INFO|CameraVM.cs|Capture|742|Starting Exposure - Exposure Time: 600s; Filter: ; Gain: 15; Offset 132; Binning: 1x1;
2026-09-03T05:01:40.4367|WARNING|DeviceUpdateTimer.cs|Run|115|Dome value update cycle took longer than the device poll interval (Total: 3.13s > 2s; Poll: 00:00:00.0235325; Update: 00:00:03.1040358)
2026-09-03T05:01:47.4613|WARNING|DeviceUpdateTimer.cs|Run|115|Camera value update cycle took longer than the device poll interval (Total: 11.24s > 2s; Poll: 00:00:11.2439854; Update: 00:00:00.0001162)
2026-09-03T05:01:47.4619|INFO|SequenceItem.cs|Run|254|Finishing Category: Fotocamera, Item: TakeExposure, ExposureTime 600, Gain 15, Offset 132, ImageType LIGHT, Binning 1x1
2026-09-03T05:01:47.4626|INFO|MeridianFlipTrigger.cs|ShouldTrigger|211|Meridian Flip - Flip for the current target already happened at 09/02/2026 22:16:06. Skip flip evaluation
2026-09-03T05:01:47.4626|INFO|SequenceItem.cs|Run|208|Starting Category: Ruota porta filtri, Item: SwitchFilter, Filter: L-Pro
2026-09-03T05:01:47.5884|INFO|SequenceItem.cs|Run|254|Finishing Category: Ruota porta filtri, Item: SwitchFilter, Filter: L-Pro
2026-09-03T05:01:47.5887|INFO|SequenceTrigger.cs|Run|114|Starting Trigger: DitherAfterExposures, After Exposures: 1
2026-09-03T05:01:47.5887|INFO|SequenceItem.cs|Run|208|Starting Category: * Set di Istruzioni *, Container: NINA.Sequencer.Container.SequentialContainer, Strategy: SequentialStrategy, Items[CREATED]: 1
2026-09-03T05:01:47.5888|INFO|SequenceItem.cs|Run|208|Starting Category: Guida, Item: Dither
2026-09-03T05:01:49.1841|INFO|HocusFocusStarDetection.cs|Detect|413|Average HFR: 6.077169290004777, HFR MAD: 0.6888417758031231, Detected Stars 38, Region: 0
2026-09-03T05:01:49.7267|INFO|BaseImageData.cs|SaveToDisk|346|Saved image to D:\Images NINA\Target\LIGHT_1x1_600.00s_15_132_M 27_Celestron C8__-9.96C_L-Pro_0109_2026-09-03_04-51-41_FWHM_NaN_Fok_40077.xisf
2026-09-03T05:01:49.7268|INFO|ImageSaveController.cs|DoWork|97|Successfully saved file at D:\Images NINA\Target\LIGHT_1x1_600.00s_15_132_M 27_Celestron C8__-9.96C_L-Pro_0109_2026-09-03_04-51-41_FWHM_NaN_Fok_40077.xisf. Duration Total: 00:00:02.0516308; BeforeSave: 00:00:00.0000665; BeforeFinalizeImageSaved: 00:00:01.9802404; FinalizeSaveTime: 00:00:00.0713234
2026-09-03T05:02:04.9126|INFO|SequenceItem.cs|Run|254|Finishing Category: Guida, Item: Dither
2026-09-03T05:02:04.9128|INFO|SequenceItem.cs|Run|254|Finishing Category: * Set di Istruzioni *, Container: NINA.Sequencer.Container.SequentialContainer, Strategy: SequentialStrategy, Items[FINISHED]: 1
2026-09-03T05:02:04.9133|INFO|MeridianFlipTrigger.cs|ShouldTrigger|211|Meridian Flip - Flip for the current target already happened at 09/02/2026 22:16:06. Skip flip evaluation
2026-09-03T05:02:04.9134|INFO|SequenceTrigger.cs|Run|114|Starting Trigger: RestoreGuiding
2026-09-03T05:02:04.9135|INFO|SequenceItem.cs|Run|208|Starting Category: * Set di Istruzioni *, Container: NINA.Sequencer.Container.SequentialContainer, Strategy: SequentialStrategy, Items[CREATED]: 1
2026-09-03T05:02:04.9135|INFO|SequenceItem.cs|Run|208|Starting Category: Guida, Item: StartGuiding
2026-09-03T05:02:04.9408|INFO|PHD2Guider.cs|StartGuidingPrivate|504|Phd2 - App is already guiding. Skipping start guiding
2026-09-03T05:02:04.9439|INFO|SequenceItem.cs|Run|254|Finishing Category: Guida, Item: StartGuiding
2026-09-03T05:02:04.9466|INFO|SequenceItem.cs|Run|254|Finishing Category: * Set di Istruzioni *, Container: NINA.Sequencer.Container.SequentialContainer, Strategy: SequentialStrategy, Items[FINISHED]: 1
2026-09-03T05:02:04.9468|INFO|SequenceItem.cs|Run|208|Starting Category: Fotocamera, Item: TakeExposure, ExposureTime 600, Gain 15, Offset 132, ImageType LIGHT, Binning 1x1
2026-09-03T05:02:04.9606|INFO|CameraVM.cs|Capture|742|Starting Exposure - Exposure Time: 600s; Filter: ; Gain: 15; Offset 132; Binning: 1x1;
2026-09-03T05:12:11.1597|WARNING|DeviceUpdateTimer.cs|Run|115|Camera value update cycle took longer than the device poll interval (Total: 10.98s > 2s; Poll: 00:00:10.9794214; Update: 00:00:00.0001436)
2026-09-03T05:12:11.1606|INFO|SequenceItem.cs|Run|254|Finishing Category: Fotocamera, Item: TakeExposure, ExposureTime 600, Gain 15, Offset 132, ImageType LIGHT, Binning 1x1
2026-09-03T05:12:11.1607|INFO|LoopCondition.cs|Check|75|LoopCondition finished. Iterations: 40 / 40
2026-09-03T05:12:11.1611|INFO|SequenceItem.cs|Run|254|Finishing Category: Fotocamera, Container: NINA.Sequencer.SequenceItem.Imaging.SmartExposure, Strategy: SequentialStrategy, Items[FINISHED]: 2, Conditions: Condition: LoopCondition, Iterations: 40/40, , Triggers: Trigger: DitherAfterExposures, After Exposures: 1
2026-09-03T05:12:11.1946|INFO|SequenceItem.cs|Run|254|Finishing Category: * Set di Istruzioni *, Container: NINA.Sequencer.Container.DeepSkyObjectContainer, Strategy: SequentialStrategy, Items[FINISHED]: 4, Triggers: Trigger: CenterAfterDriftTrigger, DistanceArcMinutes: 3, Target: M 27 RA: 19:59:36; Dec: 22° 43' 16"; Epoch: J2000 0
2026-09-03T05:12:11.1959|INFO|MeridianFlipTrigger.cs|ShouldTrigger|211|Meridian Flip - Flip for the current target already happened at 09/02/2026 22:16:06. Skip flip evaluation
2026-09-03T05:12:11.1960|INFO|SequenceItem.cs|Run|208|Starting Category: Utilità, Item: Annotation, Text: PLACE YOUR ...FIRST... TARGET SEQUENCE OF THE NIGHT ...BELOW... THIS LINE
2026-09-03T05:12:11.1960|INFO|SequenceItem.cs|Run|254|Finishing Category: Utilità, Item: Annotation, Text: PLACE YOUR ...FIRST... TARGET SEQUENCE OF THE NIGHT ...BELOW... THIS LINE
2026-09-03T05:12:11.1965|INFO|MeridianFlipTrigger.cs|ShouldTrigger|211|Meridian Flip - Flip for the current target already happened at 09/02/2026 22:16:06. Skip flip evaluation
2026-09-03T05:12:11.1965|INFO|SequenceItem.cs|Run|208|Starting Category: Utilità, Item: Annotation, Text: PLACE YOUR ...FIRST... TARGET SEQUENCE OF THE NIGHT ...ABOVE... THIS LINE
2026-09-03T05:12:11.1966|INFO|SequenceItem.cs|Run|254|Finishing Category: Utilità, Item: Annotation, Text: PLACE YOUR ...FIRST... TARGET SEQUENCE OF THE NIGHT ...ABOVE... THIS LINE
2026-09-03T05:12:11.1971|INFO|MeridianFlipTrigger.cs|ShouldTrigger|211|Meridian Flip - Flip for the current target already happened at 09/02/2026 22:16:06. Skip flip evaluation
2026-09-03T05:12:11.1972|INFO|SequenceItem.cs|Run|208|Starting Category: * Set di Istruzioni *, Container: NINA.Sequencer.Container.DeepSkyObjectContainer, Strategy: SequentialStrategy, Items[CREATED]: 4, Triggers: Trigger: CenterAfterDriftTrigger, DistanceArcMinutes: 3, Target: M 27 RA: 19:59:36; Dec: 22° 43' 16"; Epoch: J2000 0
2026-09-03T05:12:11.1980|INFO|MeridianFlipTrigger.cs|ShouldTrigger|211|Meridian Flip - Flip for the current target already happened at 09/02/2026 22:16:06. Skip flip evaluation
2026-09-03T05:12:11.1981|INFO|SequenceItem.cs|Run|208|Starting Category: Telescopio, Item: Center, Coordinates RA: 19:59:36; Dec: 22° 43' 16"; Epoch: J2000
2026-09-03T05:12:12.8009|INFO|TelescopeVM.cs|SlewAsyncInternal|910|Slewing from RA: 20:00:54; Dec: 22° 55' 37"; Epoch: JNOW to RA: 20:00:47; Dec: 22° 47' 50"; Epoch: JNOW - Alt: 07° 06' 43"; Az: 294° 31' 56"
2026-09-03T05:12:13.0804|INFO|HocusFocusStarDetection.cs|Detect|413|Average HFR: 6.708649847197175, HFR MAD: 0.6200945092592294, Detected Stars 27, Region: 0
2026-09-03T05:12:13.4368|INFO|BaseImageData.cs|SaveToDisk|346|Saved image to D:\Images NINA\Target\LIGHT_1x1_600.00s_15_132_M 27_Celestron C8__-9.96C_L-Pro_0110_2026-09-03_05-02-05_FWHM_NaN_Fok_40077.xisf
2026-09-03T05:12:13.4369|INFO|ImageSaveController.cs|DoWork|97|Successfully saved file at D:\Images NINA\Target\LIGHT_1x1_600.00s_15_132_M 27_Celestron C8__-9.96C_L-Pro_0110_2026-09-03_05-02-05_FWHM_NaN_Fok_40077.xisf. Duration Total: 00:00:02.0725611; BeforeSave: 00:00:00.0000590; BeforeFinalizeImageSaved: 00:00:02.0192745; FinalizeSaveTime: 00:00:00.0532269
2026-09-03T05:12:26.3752|INFO|CameraVM.cs|Capture|742|Starting Exposure - Exposure Time: 15s; Filter: L-Pro; Gain: 15; Offset 132; Binning: 1x1;
2026-09-03T05:12:46.4634|INFO|ImageSolver.cs|Solve|41|Platesolving with parameters: FocalLength: 1260 PixelSize: 4.54 SearchRadius: 30 BlindFailoverEnabled: True Regions: 5000 DownSampleFactor: 2 MaxObjects: 500 Reference Coordinates RA: 19:59:36 Dec: 22° 43' 16" Epoch: J2000
2026-09-03T05:12:46.7778|INFO|BaseImageData.cs|SaveToDisk|346|Saved image to C:\Users\PrimaLuceLab\AppData\Local\NINA\PlateSolver\2dil5ehi.ldo.fits
2026-09-03T05:12:57.1768|ERROR|ASTAPSolver.cs|ReadResult|62|ASTAP - Plate solve failed.


2026-09-03T05:12:57.1801|INFO|ImageSolver.cs|Solve|41|Platesolving with parameters: FocalLength: 1260 PixelSize: 4.54 SearchRadius: 30 BlindFailoverEnabled: True Regions: 5000 DownSampleFactor: 2 MaxObjects: 500 
2026-09-03T05:12:57.9010|INFO|BaseImageData.cs|SaveToDisk|346|Saved image to C:\Users\PrimaLuceLab\AppData\Local\NINA\PlateSolver\4pn3qxxs.kp4.fits
2026-09-03T05:13:35.3900|INFO|AstrometryPlateSolver.cs|SubmitImageJob|166|Plate Solving: Astrometry.net: Submission 15971742 created for solving.
2026-09-03T05:14:22.4038|INFO|AstrometryPlateSolver.cs|GetJobResult|191|Plate Solving: Astrometry.net: Job 16807283 completed successfully.
2026-09-03T05:14:22.7721|INFO|AstrometryPlateSolver.cs|GetJobResult|201|Plate Solving: Astrometry.net: Job 16807283 successfully retrieved.
2026-09-03T05:14:22.7723|INFO|ImageSolver.cs|Solve|54|Platesolve successful: Coordinates: RA: 19:59:31; Dec: 22° 36' 18"; Epoch: J2000 - Position Angle: 89.31577450358554
2026-09-03T05:14:22.7723|INFO|ImageSolver.cs|Solve|54|Platesolve successful: Coordinates: RA: 19:59:31; Dec: 22° 36' 18"; Epoch: J2000 - Position Angle: 89.31577450358554
2026-09-03T05:14:22.7740|INFO|CenteringSolver.cs|Center|99|Centering Solver - Scope Position: RA: 20:00:46; Dec: 22° 47' 42"; Epoch: JNOW; Offset: RA: 00:00:00; Dec: 00° 00' 00"; Distance: 00° 00' 00"; Bearing: 00° 00' 00"; Centering Coordinates: RA: 20:00:47; Dec: 22° 47' 50"; Epoch: JNOW; Solved: RA: 20:00:41; Dec: 22° 40' 52"; Epoch: JNOW; Separation RA: 00:00:06; Dec: 00° 06' 59"; Distance: 00° 07' 06"; Bearing: 169° 26' 21"; Threshold: 1
2026-09-03T05:14:22.9309|INFO|TelescopeVM.cs|Sync|777|Syncing scope from RA: 20:00:46; Dec: 22° 47' 42"; Epoch: JNOW to RA: 20:00:41; Dec: 22° 40' 52"; Epoch: JNOW
2026-09-03T05:14:27.9323|INFO|CenteringSolver.cs|Center|132|Slewing to target after sync. Current Position: RA: 20:00:41; Dec: 22° 40' 51"; Epoch: JNOW; Target coordinates: RA: 20:00:47; Dec: 22° 47' 50"; Epoch: JNOW; Offset RA: 00:00:00; Dec: 00° 00' 00"; Distance: 00° 00' 00"; Bearing: 00° 00' 00"
2026-09-03T05:14:27.9386|INFO|TelescopeVM.cs|SlewAsyncInternal|910|Slewing from RA: 20:00:41; Dec: 22° 40' 51"; Epoch: JNOW to RA: 20:00:47; Dec: 22° 47' 50"; Epoch: JNOW - Alt: 06° 44' 00"; Az: 294° 53' 34"
2026-09-03T05:14:41.2480|INFO|CameraVM.cs|Capture|742|Starting Exposure - Exposure Time: 15s; Filter: L-Pro; Gain: 15; Offset 132; Binning: 1x1;
2026-09-03T05:15:01.3052|INFO|ImageSolver.cs|Solve|41|Platesolving with parameters: FocalLength: 1260 PixelSize: 4.54 SearchRadius: 30 BlindFailoverEnabled: True Regions: 5000 DownSampleFactor: 2 MaxObjects: 500 Reference Coordinates RA: 19:59:36 Dec: 22° 43' 16" Epoch: J2000
2026-09-03T05:15:01.5667|INFO|BaseImageData.cs|SaveToDisk|346|Saved image to C:\Users\PrimaLuceLab\AppData\Local\NINA\PlateSolver\meg3a3sk.tso.fits
2026-09-03T05:15:02.5458|INFO|ImageSolver.cs|Solve|54|Platesolve successful: Coordinates: RA: 19:59:34; Dec: 22° 43' 08"; Epoch: J2000 - Position Angle: 89.7921557537178
2026-09-03T05:15:02.5689|INFO|CenteringSolver.cs|Center|99|Centering Solver - Scope Position: RA: 20:00:47; Dec: 22° 47' 48"; Epoch: JNOW; Offset: RA: 00:00:00; Dec: 00° 00' 00"; Distance: 00° 00' 00"; Bearing: 00° 00' 00"; Centering Coordinates: RA: 20:00:47; Dec: 22° 47' 50"; Epoch: JNOW; Solved: RA: 20:00:45; Dec: 22° 47' 42"; Epoch: JNOW; Separation RA: 00:00:02; Dec: 00° 00' 09"; Distance: 00° 00' 31"; Bearing: 106° 03' 33"; Threshold: 1
2026-09-03T05:15:02.5691|INFO|CenteringSolver.cs|Center|165|Restoring filter to L-Pro after centering
2026-09-03T05:15:02.7507|INFO|PHD2Guider.cs|TryStartGuideCommand|641|Phd2 - Requesting to start guiding. Recalibrate: False
2026-09-03T05:15:26.6305|INFO|SequenceItem.cs|Run|254|Finishing Category: Telescopio, Item: Center, Coordinates RA: 19:59:36; Dec: 22° 43' 16"; Epoch: J2000
2026-09-03T05:15:26.6312|INFO|MeridianFlipTrigger.cs|ShouldTrigger|211|Meridian Flip - Flip for the current target already happened at 09/02/2026 22:16:06. Skip flip evaluation
2026-09-03T05:15:26.6315|INFO|SequenceItem.cs|Run|208|Starting Category: Guida, Item: StartGuiding
2026-09-03T05:15:26.6584|INFO|PHD2Guider.cs|StartGuidingPrivate|504|Phd2 - App is already guiding. Skipping start guiding
2026-09-03T05:15:26.6606|INFO|SequenceItem.cs|Run|254|Finishing Category: Guida, Item: StartGuiding
2026-09-03T05:15:26.6648|INFO|MeridianFlipTrigger.cs|ShouldTrigger|211|Meridian Flip - Flip for the current target already happened at 09/02/2026 22:16:06. Skip flip evaluation
2026-09-03T05:15:26.6650|INFO|SequenceItem.cs|Run|208|Starting Category: Utilità, Item: WaitForTimeSpan, Time: 300s
2026-09-03T05:20:27.8541|INFO|SequenceItem.cs|Run|254|Finishing Category: Utilità, Item: WaitForTimeSpan, Time: 300s
2026-09-03T05:20:27.8549|INFO|MeridianFlipTrigger.cs|ShouldTrigger|211|Meridian Flip - Flip for the current target already happened at 09/02/2026 22:16:06. Skip flip evaluation
2026-09-03T05:20:27.8550|INFO|SequenceItem.cs|Run|208|Starting Category: Fotocamera, Container: NINA.Sequencer.SequenceItem.Imaging.SmartExposure, Strategy: SequentialStrategy, Items[CREATED]: 2, Conditions: Condition: LoopCondition, Iterations: 0/40, , Triggers: Trigger: DitherAfterExposures, After Exposures: 1
2026-09-03T05:20:27.8556|INFO|MeridianFlipTrigger.cs|ShouldTrigger|211|Meridian Flip - Flip for the current target already happened at 09/02/2026 22:16:06. Skip flip evaluation
2026-09-03T05:20:27.8556|INFO|SequenceItem.cs|Run|208|Starting Category: Ruota porta filtri, Item: SwitchFilter, Filter: L-Pro
2026-09-03T05:20:27.9677|INFO|SequenceItem.cs|Run|254|Finishing Category: Ruota porta filtri, Item: SwitchFilter, Filter: L-Pro
2026-09-03T05:20:27.9680|INFO|SequenceTrigger.cs|Run|114|Starting Trigger: DitherAfterExposures, After Exposures: 1
2026-09-03T05:20:27.9681|INFO|SequenceItem.cs|Run|208|Starting Category: * Set di Istruzioni *, Container: NINA.Sequencer.Container.SequentialContainer, Strategy: SequentialStrategy, Items[CREATED]: 1
2026-09-03T05:20:27.9681|INFO|SequenceItem.cs|Run|208|Starting Category: Guida, Item: Dither
2026-09-03T05:21:07.1752|INFO|SequenceItem.cs|Run|254|Finishing Category: Guida, Item: Dither
2026-09-03T05:21:07.1757|INFO|SequenceItem.cs|Run|254|Finishing Category: * Set di Istruzioni *, Container: NINA.Sequencer.Container.SequentialContainer, Strategy: SequentialStrategy, Items[FINISHED]: 1
2026-09-03T05:21:07.1762|INFO|MeridianFlipTrigger.cs|ShouldTrigger|211|Meridian Flip - Flip for the current target already happened at 09/02/2026 22:16:06. Skip flip evaluation
2026-09-03T05:21:07.1763|INFO|SequenceTrigger.cs|Run|114|Starting Trigger: RestoreGuiding
2026-09-03T05:21:07.1763|INFO|SequenceItem.cs|Run|208|Starting Category: * Set di Istruzioni *, Container: NINA.Sequencer.Container.SequentialContainer, Strategy: SequentialStrategy, Items[CREATED]: 1
2026-09-03T05:21:07.1764|INFO|SequenceItem.cs|Run|208|Starting Category: Guida, Item: StartGuiding
2026-09-03T05:21:07.2323|INFO|PHD2Guider.cs|StartGuidingPrivate|504|Phd2 - App is already guiding. Skipping start guiding
2026-09-03T05:21:07.2326|INFO|SequenceItem.cs|Run|254|Finishing Category: Guida, Item: StartGuiding
2026-09-03T05:21:07.2327|INFO|SequenceItem.cs|Run|254|Finishing Category: * Set di Istruzioni *, Container: NINA.Sequencer.Container.SequentialContainer, Strategy: SequentialStrategy, Items[FINISHED]: 1
2026-09-03T05:21:07.2328|INFO|SequenceItem.cs|Run|208|Starting Category: Fotocamera, Item: TakeExposure, ExposureTime 600, Gain 15, Offset 132, ImageType LIGHT, Binning 1x1
2026-09-03T05:21:07.2334|INFO|CameraVM.cs|Capture|742|Starting Exposure - Exposure Time: 600s; Filter: ; Gain: 15; Offset 132; Binning: 1x1;
2026-09-03T05:31:13.4222|WARNING|DeviceUpdateTimer.cs|Run|115|Camera value update cycle took longer than the device poll interval (Total: 11.25s > 2s; Poll: 00:00:11.2373351; Update: 00:00:00.0115624)
2026-09-03T05:31:13.4733|INFO|SequenceItem.cs|Run|254|Finishing Category: Fotocamera, Item: TakeExposure, ExposureTime 600, Gain 15, Offset 132, ImageType LIGHT, Binning 1x1
2026-09-03T05:31:13.4740|INFO|MeridianFlipTrigger.cs|ShouldTrigger|211|Meridian Flip - Flip for the current target already happened at 09/02/2026 22:16:06. Skip flip evaluation
2026-09-03T05:31:13.4740|INFO|SequenceItem.cs|Run|208|Starting Category: Ruota porta filtri, Item: SwitchFilter, Filter: L-Pro
2026-09-03T05:31:13.5850|INFO|SequenceItem.cs|Run|254|Finishing Category: Ruota porta filtri, Item: SwitchFilter, Filter: L-Pro
2026-09-03T05:31:13.5857|INFO|TimeCondition.cs|Check|248|No more time remaining. Remaining: 00:06:23.4146908, Next Item Scatta esposizione, Next Item Estimated Duration 00:10:00, Next Item Attempts: 1
2026-09-03T05:31:13.5857|INFO|TimeCondition.cs|Check|254|TimeCondition finished.
2026-09-03T05:31:13.5858|INFO|TimeCondition.cs|Check|248|No more time remaining. Remaining: 00:06:23.4141109, Next Item Scatta esposizione, Next Item Estimated Duration 00:10:00, Next Item Attempts: 1
2026-09-03T05:31:13.5859|INFO|TimeCondition.cs|Check|254|TimeCondition finished.
2026-09-03T05:31:13.5859|INFO|TimeCondition.cs|Check|248|No more time remaining. Remaining: 00:06:23.4140204, Next Item Scatta esposizione, Next Item Estimated Duration 00:10:00, Next Item Attempts: 1
2026-09-03T05:31:13.5860|INFO|TimeCondition.cs|Check|254|TimeCondition finished.
2026-09-03T05:31:13.5906|INFO|SequenceItem.cs|Run|254|Finishing Category: Fotocamera, Container: NINA.Sequencer.SequenceItem.Imaging.SmartExposure, Strategy: SequentialStrategy, Items[FINISHED]: 1, Items[SKIPPED]: 1, Conditions: Condition: LoopCondition, Iterations: 2/40, , Triggers: Trigger: DitherAfterExposures, After Exposures: 1
2026-09-03T05:31:13.5910|INFO|SequenceItem.cs|Run|254|Finishing Category: * Set di Istruzioni *, Container: NINA.Sequencer.Container.DeepSkyObjectContainer, Strategy: SequentialStrategy, Items[FINISHED]: 4, Triggers: Trigger: CenterAfterDriftTrigger, DistanceArcMinutes: 3, Target: M 27 RA: 19:59:36; Dec: 22° 43' 16"; Epoch: J2000 0
2026-09-03T05:31:13.5911|INFO|TimeCondition.cs|Check|254|TimeCondition finished.
2026-09-03T05:31:13.5912|INFO|SequenceItem.cs|Run|254|Finishing Category: * Set di Istruzioni *, Container: NINA.Sequencer.Container.SequentialContainer, Strategy: SequentialStrategy, Items[FINISHED]: 3, Conditions: Condition: TimeCondition, Time: 5:37:37h, 
2026-09-03T05:31:13.5913|INFO|SequenceItem.cs|Run|254|Finishing Category: * Set di Istruzioni *, Container: NINA.Sequencer.Container.SequentialContainer, Strategy: SequentialStrategy, Items[FINISHED]: 2
2026-09-03T05:31:13.5918|INFO|MeridianFlipTrigger.cs|ShouldTrigger|211|Meridian Flip - Flip for the current target already happened at 09/02/2026 22:16:06. Skip flip evaluation
2026-09-03T05:31:13.5919|INFO|SequenceItem.cs|Run|208|Starting Category: Utilità, Item: Annotation, Text: Note: This BLANK Script Instruction is here such that it will FAIL ON PURPOSE after the final Target is completed. This forces UNSAFE to be skipped so we can proceed to the END.
2026-09-03T05:31:13.5919|INFO|SequenceItem.cs|Run|254|Finishing Category: Utilità, Item: Annotation, Text: Note: This BLANK Script Instruction is here such that it will FAIL ON PURPOSE after the final Target is completed. This forces UNSAFE to be skipped so we can proceed to the END.
2026-09-03T05:31:13.5924|INFO|MeridianFlipTrigger.cs|ShouldTrigger|211|Meridian Flip - Flip for the current target already happened at 09/02/2026 22:16:06. Skip flip evaluation
2026-09-03T05:31:13.5924|INFO|SequenceItem.cs|Run|208|Starting Category: Utilità, Item: Annotation, Text: DO NOT PLACE ANY TEXT IN THE EXTERNAL SCRIPT FIELD BELOW.
2026-09-03T05:31:13.5924|INFO|SequenceItem.cs|Run|254|Finishing Category: Utilità, Item: Annotation, Text: DO NOT PLACE ANY TEXT IN THE EXTERNAL SCRIPT FIELD BELOW.
2026-09-03T05:31:13.5929|INFO|MeridianFlipTrigger.cs|ShouldTrigger|211|Meridian Flip - Flip for the current target already happened at 09/02/2026 22:16:06. Skip flip evaluation
2026-09-03T05:31:13.5935|INFO|SequenceItem.cs|Run|208|Starting Category: Utilità, Item: ExternalScript, Script: 
2026-09-03T05:31:13.5993|ERROR|ExternalCommandExecutor.cs|RunSequenceCompleteCommandTask|35|Command not found: 
2026-09-03T05:31:13.6020|ERROR|SequenceItem.cs|Run|263|Category: Utilità, Item: ExternalScript, Script:  - 
NINA.Core.Model.SequenceEntityFailedException: Comando esterno non è stato eseguito con successo
   at NINA.Sequencer.SequenceItem.Utility.ExternalScript.Execute(IProgress`1 progress, CancellationToken token) in /_/NINA.Sequencer/SequenceItem/Utility/ExternalScript.cs:line 92
   at NINA.Sequencer.SequenceItem.SequenceItem.Run(IProgress`1 progress, CancellationToken token) in /_/NINA.Sequencer/SequenceItem/SequenceItem.cs:line 249
2026-09-03T05:31:13.6247|ERROR|SequenceItem.cs|RunErrorBehavior|190|Instruction Script Esterno failed after 1 attempt. Error behavior is set to SkipToSequenceEndInstructions. Skipping to end of sequence instructions.
2026-09-03T05:31:13.6366|INFO|SequenceItem.cs|Run|254|Finishing Category: * Set di Istruzioni *, Container: NINA.Sequencer.Container.TargetAreaContainer, Strategy: SequentialStrategy, Items[FINISHED]: 1, Items[CREATED]: 1
2026-09-03T05:31:13.6372|INFO|MeridianFlipTrigger.cs|ShouldTrigger|211|Meridian Flip - Flip for the current target already happened at 09/02/2026 22:16:06. Skip flip evaluation
2026-09-03T05:31:13.6374|INFO|SequenceItem.cs|Run|208|Starting Category: * Set di Istruzioni *, Container: NINA.Sequencer.Container.EndAreaContainer, Strategy: SequentialStrategy, Items[CREATED]: 1
2026-09-03T05:31:13.6380|INFO|MeridianFlipTrigger.cs|ShouldTrigger|211|Meridian Flip - Flip for the current target already happened at 09/02/2026 22:16:06. Skip flip evaluation
2026-09-03T05:31:13.6381|INFO|SequenceItem.cs|Run|208|Starting Category: * Set di Istruzioni *, Container: NINA.Sequencer.Container.SequentialContainer, Strategy: SequentialStrategy, Items[CREATED]: 17
2026-09-03T05:31:13.6387|INFO|MeridianFlipTrigger.cs|ShouldTrigger|211|Meridian Flip - Flip for the current target already happened at 09/02/2026 22:16:06. Skip flip evaluation
2026-09-03T05:31:13.6387|INFO|SequenceItem.cs|Run|208|Starting Category: Utilità, Item: Annotation, Text: VERSION: 1
2026-09-03T05:31:13.6388|INFO|SequenceItem.cs|Run|254|Finishing Category: Utilità, Item: Annotation, Text: VERSION: 1
2026-09-03T05:31:13.6392|INFO|MeridianFlipTrigger.cs|ShouldTrigger|211|Meridian Flip - Flip for the current target already happened at 09/02/2026 22:16:06. Skip flip evaluation
2026-09-03T05:31:13.6393|INFO|SequenceItem.cs|Run|208|Starting Category: * Set di Istruzioni *, Container: NINA.Sequencer.Container.SequentialContainer, Strategy: SequentialStrategy, Items[CREATED]: 3
2026-09-03T05:31:13.6397|INFO|MeridianFlipTrigger.cs|ShouldTrigger|211|Meridian Flip - Flip for the current target already happened at 09/02/2026 22:16:06. Skip flip evaluation
2026-09-03T05:31:13.6397|INFO|SequenceItem.cs|Run|208|Starting Category: Utilità, Item: Annotation, Text: This End Sequence ensures an ASCOM Safety Monitor will function in a sequence as expected.
2026-09-03T05:31:13.6398|INFO|SequenceItem.cs|Run|254|Finishing Category: Utilità, Item: Annotation, Text: This End Sequence ensures an ASCOM Safety Monitor will function in a sequence as expected.
2026-09-03T05:31:13.6402|INFO|MeridianFlipTrigger.cs|ShouldTrigger|211|Meridian Flip - Flip for the current target already happened at 09/02/2026 22:16:06. Skip flip evaluation
2026-09-03T05:31:13.6402|INFO|SequenceItem.cs|Run|208|Starting Category: Utilità, Item: Annotation, Text: The CONNECTOR Plugin is used in this Sequence.
2026-09-03T05:31:13.6403|INFO|SequenceItem.cs|Run|254|Finishing Category: Utilità, Item: Annotation, Text: The CONNECTOR Plugin is used in this Sequence.
2026-09-03T05:31:13.6407|INFO|MeridianFlipTrigger.cs|ShouldTrigger|211|Meridian Flip - Flip for the current target already happened at 09/02/2026 22:16:06. Skip flip evaluation
2026-09-03T05:31:13.6409|INFO|SequenceItem.cs|Run|208|Starting Category: Utilità, Item: Annotation, Text: A Switch is also used within this End Sequence.
2026-09-03T05:31:13.6409|INFO|SequenceItem.cs|Run|254|Finishing Category: Utilità, Item: Annotation, Text: A Switch is also used within this End Sequence.
2026-09-03T05:31:13.6410|INFO|SequenceItem.cs|Run|254|Finishing Category: * Set di Istruzioni *, Container: NINA.Sequencer.Container.SequentialContainer, Strategy: SequentialStrategy, Items[FINISHED]: 3
2026-09-03T05:31:13.6415|INFO|MeridianFlipTrigger.cs|ShouldTrigger|211|Meridian Flip - Flip for the current target already happened at 09/02/2026 22:16:06. Skip flip evaluation
2026-09-03T05:31:13.6419|INFO|SequenceItem.cs|Run|208|Starting Category: Guida, Item: StopGuiding
2026-09-03T05:31:14.4429|INFO|HocusFocusStarDetection.cs|Detect|413|Average HFR: 5.388229923467108, HFR MAD: 0.4778114523783321, Detected Stars 3, Region: 0
2026-09-03T05:31:14.8698|INFO|BaseImageData.cs|SaveToDisk|346|Saved image to D:\Images NINA\Target\LIGHT_1x1_600.00s_15_132_M 27_Celestron C8__-9.96C_L-Pro_0111_2026-09-03_05-21-07_FWHM_NaN_Fok_40077.xisf
2026-09-03T05:31:14.8699|INFO|ImageSaveController.cs|DoWork|97|Successfully saved file at D:\Images NINA\Target\LIGHT_1x1_600.00s_15_132_M 27_Celestron C8__-9.96C_L-Pro_0111_2026-09-03_05-21-07_FWHM_NaN_Fok_40077.xisf. Duration Total: 00:00:01.1560970; BeforeSave: 00:00:00.0000692; BeforeFinalizeImageSaved: 00:00:01.1094328; FinalizeSaveTime: 00:00:00.0465941
2026-09-03T05:31:15.9514|INFO|SequenceItem.cs|Run|254|Finishing Category: Guida, Item: StopGuiding
2026-09-03T05:31:15.9521|INFO|MeridianFlipTrigger.cs|ShouldTrigger|211|Meridian Flip - Flip for the current target already happened at 09/02/2026 22:16:06. Skip flip evaluation
2026-09-03T05:31:15.9522|INFO|SequenceItem.cs|Run|208|Starting Category: Telescopio, Item: SetTracking, TrackingMode: Stopped
2026-09-03T05:31:15.9596|INFO|SequenceItem.cs|Run|254|Finishing Category: Telescopio, Item: SetTracking, TrackingMode: Stopped
2026-09-03T05:31:15.9602|INFO|MeridianFlipTrigger.cs|ShouldTrigger|211|Meridian Flip - Flip for the current target already happened at 09/02/2026 22:16:06. Skip flip evaluation
2026-09-03T05:31:15.9608|INFO|SequenceItem.cs|Run|208|Starting Category: Telescopio, Item: FindHome
2026-09-03T05:31:15.9830|INFO|PHD2Guider.cs|StopGuiding|704|Phd2 - Stop Guiding skipped, as the app is already in state Stopped
2026-09-03T05:31:15.9851|INFO|TelescopeVM.cs|FindHome|292|Mount ordered to locate home position
2026-09-03T05:31:50.2732|INFO|TelescopeVM.cs|FindHome|348|Mount has located its home position
2026-09-03T05:31:50.2733|INFO|SequenceItem.cs|Run|254|Finishing Category: Telescopio, Item: FindHome
2026-09-03T05:31:50.2734|INFO|MeridianFlipTrigger.cs|ShouldTrigger|197|Meridian Flip - Telescope is at home position. Skip flip evaluation
2026-09-03T05:31:50.2738|INFO|SequenceItem.cs|Run|208|Starting Category: Apparato per i Flat, Item: CloseCover
2026-09-03T05:31:50.2842|INFO|FlatDeviceVM.cs|CloseCover|341|Closing Flat Device Cover
2026-09-03T05:32:11.7786|WARNING|DeviceUpdateTimer.cs|Run|115|Dome value update cycle took longer than the device poll interval (Total: 2.95s > 2s; Poll: 00:00:00.0030915; Update: 00:00:02.9503323)
2026-09-03T05:32:14.9471|INFO|SequenceItem.cs|Run|254|Finishing Category: Apparato per i Flat, Item: CloseCover
2026-09-03T05:32:14.9473|INFO|MeridianFlipTrigger.cs|ShouldTrigger|197|Meridian Flip - Telescope is at home position. Skip flip evaluation
2026-09-03T05:32:14.9483|INFO|SequenceItem.cs|Run|208|Starting Category: Osservatorio, Item: CloseDomeShutter
2026-09-03T05:32:14.9540|INFO|DomeVM.cs|CloseShutter|544|Closing dome shutter. Shutter state before closing ShutterOpen
2026-09-03T05:32:14.9723|INFO|AscomDome.cs|CloseShutter|245|Sending a CloseShutter request, since it is currently ShutterOpen
2026-09-03T05:33:04.9804|INFO|DomeVM.cs|CloseShutter|550|Closed dome shutter. Shutter state after closing ShutterClosed
2026-09-03T05:33:04.9810|INFO|SequenceItem.cs|Run|254|Finishing Category: Osservatorio, Item: CloseDomeShutter
2026-09-03T05:33:04.9812|INFO|MeridianFlipTrigger.cs|ShouldTrigger|197|Meridian Flip - Telescope is at home position. Skip flip evaluation
2026-09-03T05:33:04.9818|INFO|SequenceItem.cs|Run|208|Starting Category: Fotocamera, Item: WarmCamera, Duration: 5
2026-09-03T05:33:04.9859|INFO|CameraVM.cs|WarmCamera|161|Warming Camera. Duration: 00:05:00
2026-09-03T05:40:08.0830|INFO|CameraVM.cs|WarmCamera|179|Could not reach warming temperature. Most likley due to ambient temperature being lower. Continuing...
2026-09-03T05:40:28.2145|INFO|CameraVM.cs|WarmCamera|186|Turning cooler off
2026-09-03T05:40:28.2147|INFO|SequenceItem.cs|Run|254|Finishing Category: Fotocamera, Item: WarmCamera, Duration: 5
2026-09-03T05:40:28.2148|INFO|MeridianFlipTrigger.cs|ShouldTrigger|197|Meridian Flip - Telescope is at home position. Skip flip evaluation
2026-09-03T05:40:28.2169|INFO|SequenceItem.cs|Run|208|Starting Category: Connetti, Item: DisconnectEquipment, Selected device: Camera
2026-09-03T05:40:28.2750|INFO|QHYCamera.cs|Disconnect|1057|QHYCCD: Closing camera 695A-M-0037ec709603ca4e3
2026-09-03T05:40:28.2901|INFO|CameraVM.cs|Disconnect|650|Disconnected Camera
2026-09-03T05:40:28.2902|INFO|SequenceItem.cs|Run|254|Finishing Category: Connetti, Item: DisconnectEquipment, Selected device: Camera
2026-09-03T05:40:28.2903|INFO|MeridianFlipTrigger.cs|ShouldTrigger|197|Meridian Flip - Telescope is at home position. Skip flip evaluation
2026-09-03T05:40:28.2904|INFO|SequenceItem.cs|Run|208|Starting Category: Connetti, Item: DisconnectEquipment, Selected device: Filter Wheel
2026-09-03T05:40:28.4507|WARNING|QhyccdSdk.cs|SetControlValue|285|QHYCCD: Failed to Set Control CONTROL_MANULPWM with value 0
2026-09-03T05:40:28.4690|INFO|FilterWheelVM.cs|Disconnect|333|Disconnected Filter Wheel
2026-09-03T05:40:28.4692|INFO|SequenceItem.cs|Run|254|Finishing Category: Connetti, Item: DisconnectEquipment, Selected device: Filter Wheel
2026-09-03T05:40:28.4694|INFO|MeridianFlipTrigger.cs|ShouldTrigger|197|Meridian Flip - Telescope is at home position. Skip flip evaluation
2026-09-03T05:40:28.4694|INFO|SequenceItem.cs|Run|208|Starting Category: Connetti, Item: DisconnectEquipment, Selected device: Focuser
2026-09-03T05:40:28.4734|INFO|AscomDevice.cs|Disconnect|378|Disconnecting from ASCOM.PegasusAstro.Focuser Pegasus Astro Focus Controller
2026-09-03T05:40:28.6051|INFO|FocuserVM.cs|Disconnect|441|Disconnected Focuser
2026-09-03T05:40:28.6054|INFO|SequenceItem.cs|Run|254|Finishing Category: Connetti, Item: DisconnectEquipment, Selected device: Focuser
2026-09-03T05:40:28.6056|INFO|MeridianFlipTrigger.cs|ShouldTrigger|197|Meridian Flip - Telescope is at home position. Skip flip evaluation
2026-09-03T05:40:28.6056|INFO|SequenceItem.cs|Run|208|Starting Category: Connetti, Item: DisconnectEquipment, Selected device: Mount
2026-09-03T05:40:28.6204|INFO|AscomDevice.cs|Disconnect|378|Disconnecting from ASCOM.Optec ASCOM.Telescope CPWI_ASCOM_Telescope
2026-09-03T05:40:28.6434|INFO|TelescopeVM.cs|Disconnect|740|Disconnected mount
2026-09-03T05:40:28.6436|INFO|SequenceItem.cs|Run|254|Finishing Category: Connetti, Item: DisconnectEquipment, Selected device: Mount
2026-09-03T05:40:28.6438|ERROR|MeridianFlipTrigger.cs|ShouldTrigger|183|Meridian Flip - Telescope is not connected to evaluate if a flip should happen!
2026-09-03T05:40:28.6438|INFO|SequenceItem.cs|Run|208|Starting Category: Connetti, Item: DisconnectEquipment, Selected device: Guider
2026-09-03T05:40:28.6502|INFO|SequenceItem.cs|Run|254|Finishing Category: Connetti, Item: DisconnectEquipment, Selected device: Guider
2026-09-03T05:40:28.6505|ERROR|MeridianFlipTrigger.cs|ShouldTrigger|183|Meridian Flip - Telescope is not connected to evaluate if a flip should happen!
2026-09-03T05:40:28.6542|INFO|SequenceItem.cs|Run|208|Starting Category: Connetti, Item: DisconnectEquipment, Selected device: Flat Panel
2026-09-03T05:40:28.6568|INFO|AscomDevice.cs|Disconnect|378|Disconnecting from ASCOM.WandererCover1.CoverCalibrator WandererEmpire Cover 1
2026-09-03T05:40:28.6984|INFO|FlatDeviceVM.cs|Disconnect|289|Disconnected Flat Device
2026-09-03T05:40:28.6987|INFO|SequenceItem.cs|Run|254|Finishing Category: Connetti, Item: DisconnectEquipment, Selected device: Flat Panel
2026-09-03T05:40:28.6988|ERROR|MeridianFlipTrigger.cs|ShouldTrigger|183|Meridian Flip - Telescope is not connected to evaluate if a flip should happen!
2026-09-03T05:40:28.6988|INFO|SequenceItem.cs|Run|208|Starting Category: Connetti, Item: DisconnectEquipment, Selected device: Weather
2026-09-03T05:40:28.7012|INFO|AscomDevice.cs|Disconnect|378|Disconnecting from ASCOM.CloudWatcher.ObservingConditions CloudWatcher ObsCond
2026-09-03T05:40:28.7108|INFO|WeatherDataVM.cs|Disconnect|305|Disconnected Weather Device
2026-09-03T05:40:28.7112|INFO|SequenceItem.cs|Run|254|Finishing Category: Connetti, Item: DisconnectEquipment, Selected device: Weather
2026-09-03T05:40:28.7113|ERROR|MeridianFlipTrigger.cs|ShouldTrigger|183|Meridian Flip - Telescope is not connected to evaluate if a flip should happen!
2026-09-03T05:40:28.7114|INFO|SequenceItem.cs|Run|208|Starting Category: Connetti, Item: DisconnectEquipment, Selected device: Dome
2026-09-03T05:40:28.8996|INFO|AscomDevice.cs|Disconnect|378|Disconnecting from ASCOM.TS_Shelter.Dome Shelter Dome
2026-09-03T05:40:29.4687|INFO|DomeVM.cs|Disconnect|355|Disconnected Dome Device
2026-09-03T05:40:29.4688|INFO|SequenceItem.cs|Run|254|Finishing Category: Connetti, Item: DisconnectEquipment, Selected device: Dome
2026-09-03T05:40:29.4689|ERROR|MeridianFlipTrigger.cs|ShouldTrigger|183|Meridian Flip - Telescope is not connected to evaluate if a flip should happen!
2026-09-03T05:40:29.4689|INFO|SequenceItem.cs|Run|208|Starting Category: Connetti, Item: DisconnectEquipment, Selected device: Safety Monitor
2026-09-03T05:40:29.5118|INFO|SafetyMonitorVM.cs|UpdateMonitorValues|95|SafetyMonitorInfo state changed to Unsafe
2026-09-03T05:40:29.5124|INFO|AscomDevice.cs|Disconnect|378|Disconnecting from ASCOM.Hub.SafetyMonitor Short driver name - please customise
2026-09-03T05:40:30.0030|INFO|SafetyMonitorVM.cs|Disconnect|221|Disconnected Safety Monitor
2026-09-03T05:40:30.0032|INFO|SequenceItem.cs|Run|254|Finishing Category: Connetti, Item: DisconnectEquipment, Selected device: Safety Monitor
2026-09-03T05:40:30.0034|INFO|SequenceItem.cs|Run|254|Finishing Category: * Set di Istruzioni *, Container: NINA.Sequencer.Container.SequentialContainer, Strategy: SequentialStrategy, Items[FINISHED]: 17
2026-09-03T05:40:30.0035|INFO|SequenceItem.cs|Run|254|Finishing Category: * Set di Istruzioni *, Container: NINA.Sequencer.Container.EndAreaContainer, Strategy: SequentialStrategy, Items[FINISHED]: 1
2026-09-03T05:40:30.0037|INFO|SequenceItem.cs|Run|254|Finishing Category: * Set di Istruzioni *, Container: NINA.Sequencer.Container.SequenceRootContainer, Strategy: SequentialStrategy, Items[FINISHED]: 3, Triggers: Trigger: MeridianFlipTriggerTrigger: RestoreGuidingTrigger: AutofocusAfterHFRIncreaseTrigger, Amount: 5Trigger: AutofocusAfterFilterChange
2026-09-03T05:40:30.0075|INFO|Sequence2VM.cs|StartSequence|548|Advanced Sequence finished
