----------------------------------------------------------------------
--------------N.I.N.A. - Nighttime Imaging 'N' Astronomy--------------
--------------------------Version 3.2.0.9001--------------------------
-------------------------2026-09-01T08:14:02--------------------------
----------------------------------------------------------------------
---------------------Microsoft Windows 10.0.17763---------------------
-------------------------OS Architecture X64--------------------------
-----------------------Process Architecture X64-----------------------
-----------------------------.NET 8.0.21------------------------------
----------------------------------------------------------------------
--------------------------Processor Count 2---------------------------
--------------------Total Physical Memory 11.68 GB--------------------
----------------------------------------------------------------------
DATE|LEVEL|SOURCE|MEMBER|LINE|MESSAGE
2026-09-01T08:14:02.7167|INFO|CameraChooserVM.cs|GetEquipment|69|Found 0 ASI Cameras
2026-09-01T08:14:03.6074|INFO|CameraChooserVM.cs|GetEquipment|84|Found 0 Altair Cameras
2026-09-01T08:14:03.8569|INFO|CameraChooserVM.cs|GetEquipment|96|Found 0 Atik Cameras
2026-09-01T08:14:03.9473|INFO|CameraChooserVM.cs|GetEquipment|110|Found 0 FLI Cameras
2026-09-01T08:14:05.2956|INFO|CameraChooserVM.cs|GetEquipment|130|Found 0 QHYCCD Cameras
2026-09-01T08:14:07.3846|INFO|CameraChooserVM.cs|GetEquipment|158|Found 0 ToupTek Cameras
2026-09-01T08:14:07.7105|INFO|CameraChooserVM.cs|GetEquipment|173|Found 0 Ogma Cameras
2026-09-01T08:14:08.0770|INFO|CameraChooserVM.cs|GetEquipment|188|Found 0 Omegon Cameras
2026-09-01T08:14:08.5873|INFO|CameraChooserVM.cs|GetEquipment|203|Found 0 RisingCam Cameras
2026-09-01T08:14:09.0645|INFO|CameraChooserVM.cs|GetEquipment|218|Found 0 MallinCam Cameras
2026-09-01T08:14:09.2710|INFO|CameraChooserVM.cs|GetEquipment|243|Found 0 SVBony Cameras
2026-09-01T08:14:09.2741|INFO|CameraChooserVM.cs|GetEquipment|259|Found 0 SBIG Cameras
2026-09-01T08:14:10.9144|INFO|PluginLoader.cs|LoadPlugin|402|Successfully loaded plugin Connector version 2.1.0.2 by Stefan Berg @isbeorn
2026-09-01T08:14:12.0357|INFO|PluginLoader.cs|LoadPlugin|402|Successfully loaded plugin Digital StarGate Observatory Telemetry Exporter version 0.3.1.0 by Digital StarGate
2026-09-01T08:14:21.6380|INFO|PluginLoader.cs|LoadPlugin|402|Successfully loaded plugin Hocus Focus version 3.0.0.25 by George Hilios (jokogeo)
2026-09-01T08:14:23.1411|INFO|PluginLoader.cs|LoadPlugin|402|Successfully loaded plugin Remote Copy version 3.0.1.0 by Tom Palmer @tcpalmer
2026-09-01T08:15:00.3876|INFO|PluginLoader.cs|LoadPlugin|402|Successfully loaded plugin RTSP Client version 3.1.0.6 by Stefan Berg @isbeorn
2026-09-01T08:15:00.7414|INFO|PluginLoader.cs|LoadPlugin|402|Successfully loaded plugin Three Point Polar Alignment version 2.2.4.3 by Stefan Berg @isbeorn
2026-09-01T08:15:01.0250|INFO|PluginLoader.cs|LoadPlugin|402|Successfully loaded plugin WandererAstro Tools version 3.0.0.0 by WandererAstro
2026-09-01T08:15:03.3443|INFO|CameraChooserVM.cs|GetEquipment|279|Found 0 SVBony Cameras
2026-09-01T08:15:03.4551|INFO|CameraChooserVM.cs|GetEquipment|279|Found 0 PlayerOne Cameras
2026-09-01T08:15:03.5139|INFO|CameraChooserVM.cs|GetEquipment|279|Found 0 ASTPAN Cameras
2026-09-01T08:15:03.5168|INFO|CameraChooserVM.cs|GetEquipment|293|Found 13 ASCOM Cameras
2026-09-01T08:15:04.1757|INFO|RotatorChooserVM.cs|GetEquipment|68|Found 0 Alpaca Rotators
2026-09-01T08:15:04.6546|INFO|PluginFetcher.cs|RequestAll|43|Fetching plugin manifests from https://nighttime-imaging.eu/wp-json/nina/v1/plugins/manifests
2026-09-01T08:15:05.1064|INFO|TelescopeChooserVM.cs|GetEquipment|69|Found 0 Alpaca Telescopes
2026-09-01T08:15:06.6075|INFO|ApplicationVM.cs|CheckASCOMPlatformVersion|81|ASCOM Platform 7.1.3.4851 installed
2026-09-01T08:15:06.9595|INFO|FilterWheelChooserVM.cs|GetEquipment|193|Found 0 Alpaca Filter Wheels
2026-09-01T08:15:06.9894|INFO|ApplicationVM.cs|CheckDiskInfo|100|Available Space on Drive C:\: 2.55 GB
2026-09-01T08:15:06.9897|INFO|ApplicationVM.cs|CheckDiskInfo|100|Available Space on Drive D:\: 332.07 GB
2026-09-01T08:15:07.1421|INFO|PluginFetcher.cs|RequestAll|57|Found 93 valid plugins at https://nighttime-imaging.eu/wp-json/nina/v1/plugins/manifests
2026-09-01T08:15:07.1505|INFO|FlatDeviceChooserVM.cs|GetEquipment|67|Found 0 Alpaca Cover Calibrators
2026-09-01T08:15:07.1584|INFO|WeatherDataChooserVM.cs|GetEquipment|69|Found 0 Alpaca Observing Conditions
2026-09-01T08:15:07.2223|INFO|SafetyMonitorChooserVM.cs|GetEquipment|71|Found 0 Alpaca Safety Monitors
2026-09-01T08:15:07.2289|INFO|DomeChooserVM.cs|GetEquipment|67|Found 0 Alpaca Domes
2026-09-01T08:15:07.2349|INFO|SwitchChooserVM.cs|GetEquipment|71|Found 0 Alpaca Switch Hubs
2026-09-01T08:15:07.2512|INFO|FocuserChooserVM.cs|GetEquipment|84|Found 0 Alpaca Focusers
2026-09-01T08:15:07.2572|INFO|CameraChooserVM.cs|GetEquipment|305|Found 0 Alpaca Cameras
2026-09-01T08:15:07.2606|INFO|CameraChooserVM.cs|GetEquipment|318|Found 0 Canon Cameras
2026-09-01T08:15:11.4950|INFO|WeatherDataVM.cs|Disconnect|305|Disconnected Weather Device
2026-09-01T08:15:13.6372|INFO|AscomDevice.cs|GetProperty|527|Property ObservingConditions.SkyBrightness GET is not implemented in this driver (CloudWatcher ObsCond)
2026-09-01T08:15:13.6499|INFO|AscomDevice.cs|GetProperty|527|Property ObservingConditions.SkyQuality GET is not implemented in this driver (CloudWatcher ObsCond)
2026-09-01T08:15:13.6660|INFO|AscomDevice.cs|GetProperty|527|Property ObservingConditions.StarFWHM GET is not implemented in this driver (CloudWatcher ObsCond)
2026-09-01T08:15:13.6857|INFO|AscomDevice.cs|GetProperty|527|Property ObservingConditions.WindDirection GET is not implemented in this driver (CloudWatcher ObsCond)
2026-09-01T08:15:13.7037|INFO|WeatherDataVM.cs|ChooseWeatherData|150|Successfully connected Weather Device. Id: ASCOM.CloudWatcher.ObservingConditions Name: CloudWatcher ObsCond DisplayName: CloudWatcher ObsCond (ASCOM) Driver Version: 1.1
2026-09-01T08:15:14.9217|INFO|DomeVM.cs|Disconnect|355|Disconnected Dome Device
2026-09-01T08:15:15.0155|INFO|AscomDevice.cs|GetProperty|527|Property Dome.AtPark GET is not implemented in this driver (Shelter Dome)
2026-09-01T08:15:15.0231|INFO|AscomDevice.cs|GetProperty|527|Property Dome.AtHome GET is not implemented in this driver (Shelter Dome)
2026-09-01T08:15:15.0386|INFO|AscomDevice.cs|GetProperty|527|Property Dome.Azimuth GET is not implemented in this driver (Shelter Dome)
2026-09-01T08:15:15.2053|INFO|DomeVM.cs|ChooseDome|198|Successfully connected Dome. Id: ASCOM.TS_Shelter.Dome Name: Shelter Dome DisplayName: Shelter Dome (ASCOM) Driver Version: 6.6
2026-09-01T08:15:17.1969|INFO|SafetyMonitorVM.cs|Disconnect|221|Disconnected Safety Monitor
2026-09-01T08:15:17.2755|INFO|AscomDevice.cs|GetProperty|527|Property Dome.Altitude GET is not implemented in this driver (Shelter Dome)
2026-09-01T08:15:18.0394|INFO|SafetyMonitorVM.cs|Connect|175|Successfully connected Safety Monitor. Id: ASCOM.Hub.SafetyMonitor Name: Short driver name - please customise DisplayName: Short driver name - please customise (ASCOM) Driver Version: 6.4
2026-09-01T12:00:07.5436|WARNING|DeviceUpdateTimer.cs|Run|115|Dome value update cycle took longer than the device poll interval (Total: 4.54s > 2s; Poll: 00:00:00.0027984; Update: 00:00:04.5345238)
2026-09-01T12:45:31.4853|WARNING|DeviceUpdateTimer.cs|Run|115|Dome value update cycle took longer than the device poll interval (Total: 3.07s > 2s; Poll: 00:00:00.0027727; Update: 00:00:03.0664186)
2026-09-01T13:14:29.5374|WARNING|DeviceUpdateTimer.cs|Run|115|Dome value update cycle took longer than the device poll interval (Total: 3.12s > 2s; Poll: 00:00:00.0031067; Update: 00:00:03.1200752)
2026-09-01T14:51:47.5485|WARNING|DeviceUpdateTimer.cs|Run|115|Dome value update cycle took longer than the device poll interval (Total: 3.13s > 2s; Poll: 00:00:00.0034884; Update: 00:00:03.1260067)
2026-09-01T15:12:21.5576|WARNING|DeviceUpdateTimer.cs|Run|115|Dome value update cycle took longer than the device poll interval (Total: 3.14s > 2s; Poll: 00:00:00.0027568; Update: 00:00:03.1387734)
2026-09-01T17:33:31.5093|WARNING|DeviceUpdateTimer.cs|Run|115|Dome value update cycle took longer than the device poll interval (Total: 3.10s > 2s; Poll: 00:00:00.0026131; Update: 00:00:03.0937818)
2026-09-01T18:48:41.5136|WARNING|DeviceUpdateTimer.cs|Run|115|Dome value update cycle took longer than the device poll interval (Total: 3.10s > 2s; Poll: 00:00:00.0027068; Update: 00:00:03.0976209)
2026-09-01T18:54:31.5347|WARNING|DeviceUpdateTimer.cs|Run|115|Dome value update cycle took longer than the device poll interval (Total: 3.12s > 2s; Poll: 00:00:00.0026557; Update: 00:00:03.1182503)
2026-09-01T19:19:25.9155|INFO|ApplicationDeviceConnectionVM.cs|UsbDeviceWatcher_DeviceInserted|232|New USB device detected DeviceId: USB\VID_15A2&PID_A50F\_CGX_V1, PnpDeviceId: USB\VID_15A2&PID_A50F\_CGX_V1, Description: Dispositivo seriale USB, Name: USB Serial Device (COM15), Manufacturer: Microsoft, Service: usbser, Status: OK
2026-09-01T19:19:36.3322|INFO|ApplicationDeviceConnectionVM.cs|UsbDeviceWatcher_DeviceInserted|232|New USB device detected DeviceId: USB\VID_0424&PID_2807\5&144E4AB&0&4, PnpDeviceId: USB\VID_0424&PID_2807\5&144E4AB&0&4, Description: Hub USB generico, Name: Hub USB generico, Manufacturer: (HUB USB standard), Service: USBHUB3, Status: OK
2026-09-01T19:19:36.3325|INFO|ApplicationDeviceConnectionVM.cs|UsbDeviceWatcher_DeviceInserted|232|New USB device detected DeviceId: USB\VID_0424&PID_5807\5&144E4AB&0&13, PnpDeviceId: USB\VID_0424&PID_5807\5&144E4AB&0&13, Description: Hub USB SuperSpeed generico, Name: Hub USB SuperSpeed generico, Manufacturer: (HUB USB standard), Service: USBHUB3, Status: OK
2026-09-01T19:19:36.7134|INFO|ApplicationDeviceConnectionVM.cs|UsbDeviceWatcher_DeviceInserted|232|New USB device detected DeviceId: USB\VID_2109&PID_0813\5&144E4AB&0&12, PnpDeviceId: USB\VID_2109&PID_0813\5&144E4AB&0&12, Description: Hub USB SuperSpeed generico, Name: Hub USB SuperSpeed generico, Manufacturer: (HUB USB standard), Service: USBHUB3, Status: OK
2026-09-01T19:19:36.7135|INFO|ApplicationDeviceConnectionVM.cs|UsbDeviceWatcher_DeviceInserted|232|New USB device detected DeviceId: USB\VID_0403&PID_6015\UCH4OV5CO, PnpDeviceId: USB\VID_0403&PID_6015\UCH4OV5CO, Description: USB Serial Converter, Name: USB Serial Converter, Manufacturer: FTDI, Service: FTDIBUS, Status: OK
2026-09-01T19:19:38.3622|INFO|ApplicationDeviceConnectionVM.cs|UsbDeviceWatcher_DeviceInserted|232|New USB device detected DeviceId: USB\VID_2109&PID_2813\5&144E4AB&0&3, PnpDeviceId: USB\VID_2109&PID_2813\5&144E4AB&0&3, Description: Hub USB generico, Name: Hub USB generico, Manufacturer: (HUB USB standard), Service: USBHUB3, Status: OK
2026-09-01T19:19:38.3623|INFO|ApplicationDeviceConnectionVM.cs|UsbDeviceWatcher_DeviceInserted|232|New USB device detected DeviceId: USB\VID_0403&PID_6015\PPBA671NR5, PnpDeviceId: USB\VID_0403&PID_6015\PPBA671NR5, Description: USB Serial Converter, Name: USB Serial Converter, Manufacturer: FTDI, Service: FTDIBUS, Status: OK
2026-09-01T19:19:38.3623|INFO|ApplicationDeviceConnectionVM.cs|UsbDeviceWatcher_DeviceInserted|232|New USB device detected DeviceId: USB\VID_03C3&PID_120C\6&2EF655E5&0&4, PnpDeviceId: USB\VID_03C3&PID_120C\6&2EF655E5&0&4, Description: ZWO ASI120MM Mini Camera, Name: ZWO ASI120MM Mini Camera, Manufacturer: ZWO, Service: ASICAMUSB3, Status: OK
2026-09-01T19:19:41.0832|INFO|ApplicationDeviceConnectionVM.cs|UsbDeviceWatcher_DeviceInserted|232|New USB device detected DeviceId: USB\VID_1A86&PID_7523\6&2CA8C582&0&4, PnpDeviceId: USB\VID_1A86&PID_7523\6&2CA8C582&0&4, Description: USB-SERIAL CH340, Name: USB-SERIAL CH340 (COM34), Manufacturer: wch.cn, Service: CH341SER_A64, Status: OK
2026-09-01T19:19:42.6741|INFO|ApplicationDeviceConnectionVM.cs|UsbDeviceWatcher_DeviceInserted|232|New USB device detected DeviceId: USB\VID_1A40&PID_0101\6&2EF655E5&0&3, PnpDeviceId: USB\VID_1A40&PID_0101\6&2EF655E5&0&3, Description: Hub USB generico, Name: Hub USB generico, Manufacturer: (HUB USB standard), Service: USBHUB3, Status: OK
2026-09-01T19:19:42.6743|INFO|ApplicationDeviceConnectionVM.cs|UsbDeviceWatcher_DeviceInserted|232|New USB device detected DeviceId: USB\VID_0547&PID_1433\6&1727222E&0&3, PnpDeviceId: USB\VID_0547&PID_1433\6&1727222E&0&3, Description: Dispositivo WinUSB, Name: USB3.0 Camera, Manufacturer: Dispositivo WinUSB, Service: WINUSB, Status: OK
2026-09-01T19:19:42.6743|INFO|ApplicationDeviceConnectionVM.cs|UsbDeviceWatcher_DeviceInserted|232|New USB device detected DeviceId: USB\VID_0403&PID_6015\PA47RVMY, PnpDeviceId: USB\VID_0403&PID_6015\PA47RVMY, Description: USB Serial Converter, Name: USB Serial Converter, Manufacturer: FTDI, Service: FTDIBUS, Status: OK
2026-09-01T19:19:42.6744|INFO|ApplicationDeviceConnectionVM.cs|UsbDeviceWatcher_DeviceInserted|232|New USB device detected DeviceId: USB\VID_1A40&PID_0201\6&2CA8C582&0&2, PnpDeviceId: USB\VID_1A40&PID_0201\6&2CA8C582&0&2, Description: Hub USB generico, Name: Hub USB generico, Manufacturer: (HUB USB standard), Service: USBHUB3, Status: OK
2026-09-01T19:19:42.6744|INFO|ApplicationDeviceConnectionVM.cs|UsbDeviceWatcher_DeviceInserted|232|New USB device detected DeviceId: USB\VID_0424&PID_2412\6&2EF655E5&0&2, PnpDeviceId: USB\VID_0424&PID_2412\6&2EF655E5&0&2, Description: Hub USB generico, Name: Hub USB generico, Manufacturer: (HUB USB standard), Service: USBHUB3, Status: OK
2026-09-01T19:19:43.2442|INFO|ApplicationDeviceConnectionVM.cs|UsbDeviceWatcher_DeviceInserted|232|New USB device detected DeviceId: USB\VID_1618&PID_0920\7&7EA6B39&0&1, PnpDeviceId: USB\VID_1618&PID_0920\7&7EA6B39&0&1, Description: QHY5II, Name: QHY5II, Manufacturer: QHY CCD, Service: QHY5II_FW, Status: Unknown
2026-09-01T19:19:43.2444|INFO|ApplicationDeviceConnectionVM.cs|UsbDeviceWatcher_DeviceInserted|232|New USB device detected DeviceId: USB\VID_0403&PID_6010\7&7EA6B39&0&3, PnpDeviceId: USB\VID_0403&PID_6010\7&7EA6B39&0&3, Description: Dispositivo USB composito, Name: Dispositivo USB composito, Manufacturer: (Controller host USB standard), Service: usbccgp, Status: OK
2026-09-01T19:19:43.2445|INFO|ApplicationDeviceConnectionVM.cs|UsbDeviceWatcher_DeviceInserted|232|New USB device detected DeviceId: USB\VID_0403&PID_6010&MI_01\8&367DB49&0&0001, PnpDeviceId: USB\VID_0403&PID_6010&MI_01\8&367DB49&0&0001, Description: USB Serial Converter B, Name: USB Serial Converter B, Manufacturer: FTDI, Service: FTDIBUS, Status: OK
2026-09-01T19:19:43.2445|INFO|ApplicationDeviceConnectionVM.cs|UsbDeviceWatcher_DeviceInserted|232|New USB device detected DeviceId: USB\VID_0403&PID_6010&MI_00\8&367DB49&0&0000, PnpDeviceId: USB\VID_0403&PID_6010&MI_00\8&367DB49&0&0000, Description: USB Serial Converter A, Name: USB Serial Converter A, Manufacturer: FTDI, Service: FTDIBUS, Status: OK
2026-09-01T19:19:44.0252|INFO|ApplicationDeviceConnectionVM.cs|UsbDeviceWatcher_DeviceInserted|232|New USB device detected DeviceId: USB\VID_0547&PID_BF10\7&7EF1AA&0&3, PnpDeviceId: USB\VID_0547&PID_BF10\7&7EF1AA&0&3, Description: Dispositivo WinUSB, Name: FILTERWHEEL  , Manufacturer: Dispositivo WinUSB, Service: WINUSB, Status: OK
2026-09-01T19:19:44.0253|INFO|ApplicationDeviceConnectionVM.cs|UsbDeviceWatcher_DeviceInserted|232|New USB device detected DeviceId: USB\VID_1A86&PID_7523\7&38C2A16F&0&2, PnpDeviceId: USB\VID_1A86&PID_7523\7&38C2A16F&0&2, Description: USB-SERIAL CH340, Name: USB-SERIAL CH340 (COM44), Manufacturer: wch.cn, Service: CH341SER_A64, Status: OK
2026-09-01T19:19:44.0254|INFO|ApplicationDeviceConnectionVM.cs|UsbDeviceWatcher_DeviceInserted|232|New USB device detected DeviceId: USB\VID_1618&PID_6952\7&7EA6B39&0&4, PnpDeviceId: USB\VID_1618&PID_6952\7&7EA6B39&0&4, Description: QHY695A, Name: QHY695A, Manufacturer: QHY CCD, Service: QHY695A_FW, Status: Unknown
2026-09-01T19:19:44.0254|INFO|ApplicationDeviceConnectionVM.cs|UsbDeviceWatcher_DeviceInserted|232|New USB device detected DeviceId: USB\VID_10C4&PID_EA60\28EAB5B658A6E9118D4DD6A44458CD37, PnpDeviceId: USB\VID_10C4&PID_EA60\28EAB5B658A6E9118D4DD6A44458CD37, Description: Silicon Labs CP210x USB to UART Bridge, Name: Silicon Labs CP210x USB to UART Bridge (COM16), Manufacturer: Silicon Labs, Service: silabser, Status: OK
2026-09-01T19:19:45.6101|INFO|ApplicationDeviceConnectionVM.cs|UsbDeviceWatcher_DeviceInserted|232|New USB device detected DeviceId: USB\VID_1618&PID_0921\7&7EA6B39&0&1, PnpDeviceId: USB\VID_1618&PID_0921\7&7EA6B39&0&1, Description: QHY5II, Name: QHY5II, Manufacturer: QHY CCD, Service: QHY5II_IO, Status: OK
2026-09-01T19:19:46.2029|INFO|ApplicationDeviceConnectionVM.cs|UsbDeviceWatcher_DeviceInserted|232|New USB device detected DeviceId: USB\VID_1618&PID_6953\7&7EA6B39&0&4, PnpDeviceId: USB\VID_1618&PID_6953\7&7EA6B39&0&4, Description: QHY695A, Name: QHY695A, Manufacturer: QHY CCD, Service: QHY695A_IO, Status: OK
2026-09-01T19:22:09.0847|INFO|CameraVM.cs|Disconnect|650|Disconnected Camera
2026-09-01T19:22:09.0912|INFO|CameraChooserVM.cs|GetEquipment|69|Found 1 ASI Cameras
2026-09-01T19:22:09.1672|INFO|CameraChooserVM.cs|GetEquipment|84|Found 1 Altair Cameras
2026-09-01T19:22:09.3131|INFO|CameraChooserVM.cs|GetEquipment|96|Found 0 Atik Cameras
2026-09-01T19:22:09.3142|INFO|CameraChooserVM.cs|GetEquipment|110|Found 0 FLI Cameras
2026-09-01T19:22:09.3145|INFO|CameraChooserVM.cs|GetEquipment|130|Found 2 QHYCCD Cameras
2026-09-01T19:22:09.6157|INFO|CameraChooserVM.cs|GetEquipment|158|Found 2 ToupTek Cameras
2026-09-01T19:22:09.6286|INFO|CameraChooserVM.cs|GetEquipment|173|Found 1 Ogma Cameras
2026-09-01T19:22:09.6548|INFO|CameraChooserVM.cs|GetEquipment|188|Found 2 Omegon Cameras
2026-09-01T19:22:09.9166|INFO|CameraChooserVM.cs|GetEquipment|203|Found 2 RisingCam Cameras
2026-09-01T19:22:09.9449|INFO|CameraChooserVM.cs|GetEquipment|218|Found 1 MallinCam Cameras
2026-09-01T19:22:09.9522|INFO|CameraChooserVM.cs|GetEquipment|243|Found 1 SVBony Cameras
2026-09-01T19:22:09.9553|INFO|CameraChooserVM.cs|GetEquipment|259|Found 0 SBIG Cameras
2026-09-01T19:22:09.9560|INFO|CameraChooserVM.cs|GetEquipment|279|Found 0 SVBony Cameras
2026-09-01T19:22:09.9564|INFO|CameraChooserVM.cs|GetEquipment|279|Found 0 PlayerOne Cameras
2026-09-01T19:22:09.9621|INFO|CameraChooserVM.cs|GetEquipment|279|Found 0 ASTPAN Cameras
2026-09-01T19:22:09.9640|INFO|CameraChooserVM.cs|GetEquipment|293|Found 13 ASCOM Cameras
2026-09-01T19:22:11.9652|INFO|CameraChooserVM.cs|GetEquipment|305|Found 0 Alpaca Cameras
2026-09-01T19:22:11.9663|INFO|CameraChooserVM.cs|GetEquipment|318|Found 0 Canon Cameras
2026-09-01T19:22:11.9743|INFO|QHYCamera.cs|ConnectSync|766|QHYCCD: Connecting to 695A-M-0037ec709603ca4e3
2026-09-01T19:22:16.4693|INFO|FilterWheelVM.cs|Disconnect|333|Disconnected Filter Wheel
2026-09-01T19:22:18.5212|INFO|FilterWheelChooserVM.cs|GetEquipment|193|Found 0 Alpaca Filter Wheels
2026-09-01T19:22:18.7964|INFO|FilterWheelVM.cs|ChooseFW|279|Successfully connected Filter Wheel. Id: 695A-M-0037ec709603ca4e3 Name: 695A-M 8-Slot Filter Wheel DisplayName: 695A-M 8-Slot Filter Wheel Driver Version: 1.0
2026-09-01T19:22:19.0982|INFO|FocuserVM.cs|Disconnect|441|Disconnected Focuser
2026-09-01T19:22:19.9972|INFO|FocuserVM.cs|ChooseFocuser|333|Successfully connected Focuser. Id: ASCOM.PegasusAstro.Focuser Name: Pegasus Astro Focus Controller DisplayName: Pegasus Astro Focus Controller (ASCOM) Driver Version: 2.20
2026-09-01T19:22:21.6050|INFO|TelescopeVM.cs|Disconnect|740|Disconnected mount
2026-09-01T19:22:21.8277|INFO|AscomTelescope.cs|CheckMountTime|845|Mount UTC Time: 2026-09-01 17:22:21Z / System UTC Time: 2026-09-01 17:22:21Z; Difference: 0.006 seconds
2026-09-01T19:22:21.9505|INFO|AscomTelescope.cs|CheckMountTime|865|Mount driver does not allow the mount's time to be set.
2026-09-01T19:22:22.0070|INFO|AscomDevice.cs|GetProperty|527|Property Telescope.SiteElevation GET is not implemented in this driver (CPWI_ASCOM_Telescope)
2026-09-01T19:22:22.9063|INFO|TelescopeVM.cs|ChooseTelescope|535|Successfully connected mount. Id: ASCOM.Optec ASCOM.Telescope Name: CPWI_ASCOM_Telescope DisplayName: CPWI_ASCOM_Telescope (ASCOM) Driver Version: 2.5.9.99  with DLL Assembly Date: July_1_2020
2026-09-01T19:22:24.7212|INFO|PHD2Guider.cs|Connect|205|Connecting to PHD2 server at 127.0.0.1:4400
2026-09-01T19:22:27.6534|INFO|FlatDeviceVM.cs|Disconnect|289|Disconnected Flat Device
2026-09-01T19:22:35.5567|INFO|FlatDeviceVM.cs|Connect|241|Successfully connected flat device. Id: ASCOM.WandererCover1.CoverCalibrator Name: WandererEmpire Cover 1 DisplayName: WandererEmpire Cover 1 (ASCOM) Driver Version: 2.0
2026-09-01T19:22:57.0383|WARNING|DeviceUpdateTimer.cs|Run|115|Dome value update cycle took longer than the device poll interval (Total: 2.59s > 2s; Poll: 00:00:00.1746898; Update: 00:00:02.4114554)
2026-09-01T19:23:46.1220|INFO|QHYCamera.cs|ConnectSync|1020|QHYCCD: SDK version: 25-4-23-15
2026-09-01T19:23:46.1222|INFO|QHYCamera.cs|ConnectSync|1021|QHYCCD: USB driver version: 
2026-09-01T19:23:46.1223|INFO|QHYCamera.cs|ConnectSync|1022|QHYCCD: Camera firmware version: 18-10-24
2026-09-01T19:23:46.1224|INFO|QHYCamera.cs|ConnectSync|1023|QHYCCD: Camera FPGA versions: N/A
2026-09-01T19:23:46.1880|INFO|CameraVM.cs|ChooseCamera|455|Successfully connected Camera. Id: 695A-M-0037ec709603ca4e3 Name: 695A-M DisplayName: 695A-M (603ca4e3)Driver Version: 
2026-09-01T19:24:13.9952|INFO|Sequence2VM.cs|LockSequence|139|Sequencer unlocked
2026-09-01T19:24:25.2822|INFO|CameraVM.cs|CoolCamera|138|Cooling Camera. Target: -10 Duration: 00:05:00
2026-09-01T19:26:12.5127|INFO|DockManagerVM.cs|InitializeAvalonDockLayout|366|Initializing imaging tab layout from C:\Users\PrimaLuceLab\AppData\Local\NINA\Profiles\21c45d14-58c2-4ca1-9053-4e23fb6d7dc4.dock.config
2026-09-01T19:29:41.2839|INFO|Sequence2VM.cs|StartSequence|543|Advanced Sequence starting
2026-09-01T19:29:41.3582|INFO|SequenceItem.cs|Run|208|Starting Category: * Set di Istruzioni *, Container: NINA.Sequencer.Container.SequenceRootContainer, Strategy: SequentialStrategy, Items[CREATED]: 3, Triggers: Trigger: MeridianFlipTriggerTrigger: RestoreGuidingTrigger: AutofocusAfterHFRIncreaseTrigger, Amount: 5Trigger: AutofocusAfterFilterChange
2026-09-01T19:29:41.3919|INFO|MeridianFlipTrigger.cs|ShouldTrigger|204|Meridian Flip - Telescope is not tracking. Skip flip evaluation
2026-09-01T19:29:41.3962|INFO|SequenceItem.cs|Run|208|Starting Category: * Set di Istruzioni *, Container: NINA.Sequencer.Container.StartAreaContainer, Strategy: SequentialStrategy, Items[CREATED]: 2
2026-09-01T19:29:41.3967|INFO|MeridianFlipTrigger.cs|ShouldTrigger|204|Meridian Flip - Telescope is not tracking. Skip flip evaluation
2026-09-01T19:29:41.3971|INFO|SequenceItem.cs|Run|208|Starting Category: Utilità, Item: Annotation, Text: VERSION: 1
2026-09-01T19:29:41.3976|INFO|SequenceItem.cs|Run|254|Finishing Category: Utilità, Item: Annotation, Text: VERSION: 1
2026-09-01T19:29:41.4017|INFO|MeridianFlipTrigger.cs|ShouldTrigger|204|Meridian Flip - Telescope is not tracking. Skip flip evaluation
2026-09-01T19:29:41.4021|INFO|SequenceItem.cs|Run|208|Starting Category: * Set di Istruzioni *, Container: NINA.Sequencer.Container.SequentialContainer, Strategy: SequentialStrategy, Items[CREATED]: 4
2026-09-01T19:29:41.4025|INFO|MeridianFlipTrigger.cs|ShouldTrigger|204|Meridian Flip - Telescope is not tracking. Skip flip evaluation
2026-09-01T19:29:41.4026|INFO|SequenceItem.cs|Run|208|Starting Category: Utilità, Item: Annotation, Text: VERSION: 1
2026-09-01T19:29:41.4027|INFO|SequenceItem.cs|Run|254|Finishing Category: Utilità, Item: Annotation, Text: VERSION: 1
2026-09-01T19:29:41.4030|INFO|MeridianFlipTrigger.cs|ShouldTrigger|204|Meridian Flip - Telescope is not tracking. Skip flip evaluation
2026-09-01T19:29:41.4031|INFO|SequenceItem.cs|Run|208|Starting Category: * Set di Istruzioni *, Container: NINA.Sequencer.Container.SequentialContainer, Strategy: SequentialStrategy, Items[CREATED]: 4
2026-09-01T19:29:41.4040|INFO|MeridianFlipTrigger.cs|ShouldTrigger|204|Meridian Flip - Telescope is not tracking. Skip flip evaluation
2026-09-01T19:29:41.4041|INFO|SequenceItem.cs|Run|208|Starting Category: Utilità, Item: Annotation, Text: This Startup Sequence ensures an ASCOM Safety Monitor will function in a sequence as expected.
2026-09-01T19:29:41.4041|INFO|SequenceItem.cs|Run|254|Finishing Category: Utilità, Item: Annotation, Text: This Startup Sequence ensures an ASCOM Safety Monitor will function in a sequence as expected.
2026-09-01T19:29:41.4042|INFO|MeridianFlipTrigger.cs|ShouldTrigger|204|Meridian Flip - Telescope is not tracking. Skip flip evaluation
2026-09-01T19:29:41.4042|INFO|SequenceItem.cs|Run|208|Starting Category: Utilità, Item: Annotation, Text: The CONNECTOR Plugin is used in this Sequence.
2026-09-01T19:29:41.4043|INFO|SequenceItem.cs|Run|254|Finishing Category: Utilità, Item: Annotation, Text: The CONNECTOR Plugin is used in this Sequence.
2026-09-01T19:29:41.4043|INFO|MeridianFlipTrigger.cs|ShouldTrigger|204|Meridian Flip - Telescope is not tracking. Skip flip evaluation
2026-09-01T19:29:41.4044|INFO|SequenceItem.cs|Run|208|Starting Category: Utilità, Item: Annotation, Text: A Switch is also used within this Startup Sequence.
2026-09-01T19:29:41.4044|INFO|SequenceItem.cs|Run|254|Finishing Category: Utilità, Item: Annotation, Text: A Switch is also used within this Startup Sequence.
2026-09-01T19:29:41.4045|INFO|MeridianFlipTrigger.cs|ShouldTrigger|204|Meridian Flip - Telescope is not tracking. Skip flip evaluation
2026-09-01T19:29:41.4045|INFO|SequenceItem.cs|Run|208|Starting Category: Utilità, Item: Annotation, Text: The sequence uses Nautical Dusk and Nautical Dawn along with a number of time offsets. Adjust this as desired.
2026-09-01T19:29:41.4046|INFO|SequenceItem.cs|Run|254|Finishing Category: Utilità, Item: Annotation, Text: The sequence uses Nautical Dusk and Nautical Dawn along with a number of time offsets. Adjust this as desired.
2026-09-01T19:29:41.4070|INFO|SequenceItem.cs|Run|254|Finishing Category: * Set di Istruzioni *, Container: NINA.Sequencer.Container.SequentialContainer, Strategy: SequentialStrategy, Items[FINISHED]: 4
2026-09-01T19:29:41.4072|INFO|MeridianFlipTrigger.cs|ShouldTrigger|204|Meridian Flip - Telescope is not tracking. Skip flip evaluation
2026-09-01T19:29:41.4073|INFO|SequenceItem.cs|Run|208|Starting Category: * Set di Istruzioni *, Container: NINA.Sequencer.Container.SequentialContainer, Strategy: SequentialStrategy, Items[CREATED]: 11
2026-09-01T19:29:41.4074|INFO|MeridianFlipTrigger.cs|ShouldTrigger|204|Meridian Flip - Telescope is not tracking. Skip flip evaluation
2026-09-01T19:29:41.4080|INFO|SequenceItem.cs|Run|208|Starting Category: Utilità, Item: WaitForTime, Time: 20:58:3h, Offset: -30
2026-09-01T20:28:39.2478|INFO|SafetyMonitorVM.cs|UpdateMonitorValues|95|SafetyMonitorInfo state changed to Safe
2026-09-01T20:58:15.0334|INFO|SequenceItem.cs|Run|254|Finishing Category: Utilità, Item: WaitForTime, Time: 20:58:3h, Offset: -30
2026-09-01T20:58:15.0339|INFO|MeridianFlipTrigger.cs|ShouldTrigger|204|Meridian Flip - Telescope is not tracking. Skip flip evaluation
2026-09-01T20:58:15.0346|INFO|SequenceItem.cs|Run|208|Starting Category: Connetti, Item: ConnectEquipment, Selected device: Weather, Selected device id: ASCOM.CloudWatcher.ObservingConditions
2026-09-01T20:58:15.0374|INFO|ConnectEquipment.cs|Execute|186|Weather is already connected
2026-09-01T20:58:15.0376|INFO|SequenceItem.cs|Run|254|Finishing Category: Connetti, Item: ConnectEquipment, Selected device: Weather, Selected device id: ASCOM.CloudWatcher.ObservingConditions
2026-09-01T20:58:15.0378|INFO|MeridianFlipTrigger.cs|ShouldTrigger|204|Meridian Flip - Telescope is not tracking. Skip flip evaluation
2026-09-01T20:58:15.0379|INFO|SequenceItem.cs|Run|208|Starting Category: Connetti, Item: ConnectEquipment, Selected device: Safety Monitor, Selected device id: ASCOM.Hub.SafetyMonitor
2026-09-01T20:58:15.0380|INFO|ConnectEquipment.cs|Execute|186|Safety Monitor is already connected
2026-09-01T20:58:15.0381|INFO|SequenceItem.cs|Run|254|Finishing Category: Connetti, Item: ConnectEquipment, Selected device: Safety Monitor, Selected device id: ASCOM.Hub.SafetyMonitor
2026-09-01T20:58:15.0381|INFO|MeridianFlipTrigger.cs|ShouldTrigger|204|Meridian Flip - Telescope is not tracking. Skip flip evaluation
2026-09-01T20:58:15.0385|INFO|SequenceItem.cs|Run|208|Starting Category: Monitor Di Sicurezza, Item: WaitUntilSafe
2026-09-01T20:58:15.0397|INFO|SequenceItem.cs|Run|254|Finishing Category: Monitor Di Sicurezza, Item: WaitUntilSafe
2026-09-01T20:58:15.0398|INFO|MeridianFlipTrigger.cs|ShouldTrigger|204|Meridian Flip - Telescope is not tracking. Skip flip evaluation
2026-09-01T20:58:15.0399|INFO|SequenceItem.cs|Run|208|Starting Category: Connetti, Item: ConnectEquipment, Selected device: Camera, Selected device id: 695A-M-0037ec709603ca4e3
2026-09-01T20:58:15.0399|INFO|ConnectEquipment.cs|Execute|186|Camera is already connected
2026-09-01T20:58:15.0399|INFO|SequenceItem.cs|Run|254|Finishing Category: Connetti, Item: ConnectEquipment, Selected device: Camera, Selected device id: 695A-M-0037ec709603ca4e3
2026-09-01T20:58:15.0400|INFO|MeridianFlipTrigger.cs|ShouldTrigger|204|Meridian Flip - Telescope is not tracking. Skip flip evaluation
2026-09-01T20:58:15.0401|INFO|SequenceItem.cs|Run|208|Starting Category: Connetti, Item: ConnectEquipment, Selected device: Focuser, Selected device id: ASCOM.PegasusAstro.Focuser
2026-09-01T20:58:15.0401|INFO|ConnectEquipment.cs|Execute|186|Focuser is already connected
2026-09-01T20:58:15.0402|INFO|SequenceItem.cs|Run|254|Finishing Category: Connetti, Item: ConnectEquipment, Selected device: Focuser, Selected device id: ASCOM.PegasusAstro.Focuser
2026-09-01T20:58:15.0402|INFO|MeridianFlipTrigger.cs|ShouldTrigger|204|Meridian Flip - Telescope is not tracking. Skip flip evaluation
2026-09-01T20:58:15.0403|INFO|SequenceItem.cs|Run|208|Starting Category: Connetti, Item: ConnectEquipment, Selected device: Filter Wheel, Selected device id: 695A-M-0037ec709603ca4e3
2026-09-01T20:58:15.0403|INFO|ConnectEquipment.cs|Execute|186|Filter Wheel is already connected
2026-09-01T20:58:15.0404|INFO|SequenceItem.cs|Run|254|Finishing Category: Connetti, Item: ConnectEquipment, Selected device: Filter Wheel, Selected device id: 695A-M-0037ec709603ca4e3
2026-09-01T20:58:15.0404|INFO|MeridianFlipTrigger.cs|ShouldTrigger|204|Meridian Flip - Telescope is not tracking. Skip flip evaluation
2026-09-01T20:58:15.0405|INFO|SequenceItem.cs|Run|208|Starting Category: Connetti, Item: ConnectEquipment, Selected device: Mount, Selected device id: ASCOM.Optec ASCOM.Telescope
2026-09-01T20:58:15.0405|INFO|ConnectEquipment.cs|Execute|186|Mount is already connected
2026-09-01T20:58:15.0405|INFO|SequenceItem.cs|Run|254|Finishing Category: Connetti, Item: ConnectEquipment, Selected device: Mount, Selected device id: ASCOM.Optec ASCOM.Telescope
2026-09-01T20:58:15.0406|INFO|MeridianFlipTrigger.cs|ShouldTrigger|204|Meridian Flip - Telescope is not tracking. Skip flip evaluation
2026-09-01T20:58:15.0407|INFO|SequenceItem.cs|Run|208|Starting Category: Connetti, Item: ConnectEquipment, Selected device: Dome, Selected device id: ASCOM.TS_Shelter.Dome
2026-09-01T20:58:15.0407|INFO|ConnectEquipment.cs|Execute|186|Dome is already connected
2026-09-01T20:58:15.0408|INFO|SequenceItem.cs|Run|254|Finishing Category: Connetti, Item: ConnectEquipment, Selected device: Dome, Selected device id: ASCOM.TS_Shelter.Dome
2026-09-01T20:58:15.0408|INFO|MeridianFlipTrigger.cs|ShouldTrigger|204|Meridian Flip - Telescope is not tracking. Skip flip evaluation
2026-09-01T20:58:15.0409|INFO|SequenceItem.cs|Run|208|Starting Category: Connetti, Item: ConnectEquipment, Selected device: Guider, Selected device id: PHD2_Single
2026-09-01T20:58:15.0409|INFO|ConnectEquipment.cs|Execute|186|Guider is already connected
2026-09-01T20:58:15.0410|INFO|SequenceItem.cs|Run|254|Finishing Category: Connetti, Item: ConnectEquipment, Selected device: Guider, Selected device id: PHD2_Single
2026-09-01T20:58:15.0410|INFO|MeridianFlipTrigger.cs|ShouldTrigger|204|Meridian Flip - Telescope is not tracking. Skip flip evaluation
2026-09-01T20:58:15.0411|INFO|SequenceItem.cs|Run|208|Starting Category: Connetti, Item: ConnectEquipment, Selected device: Flat Panel, Selected device id: ASCOM.WandererCover1.CoverCalibrator
2026-09-01T20:58:15.0411|INFO|ConnectEquipment.cs|Execute|186|Flat Panel is already connected
2026-09-01T20:58:15.0412|INFO|SequenceItem.cs|Run|254|Finishing Category: Connetti, Item: ConnectEquipment, Selected device: Flat Panel, Selected device id: ASCOM.WandererCover1.CoverCalibrator
2026-09-01T20:58:15.0417|INFO|SequenceItem.cs|Run|254|Finishing Category: * Set di Istruzioni *, Container: NINA.Sequencer.Container.SequentialContainer, Strategy: SequentialStrategy, Items[FINISHED]: 11
2026-09-01T20:58:15.0418|INFO|MeridianFlipTrigger.cs|ShouldTrigger|204|Meridian Flip - Telescope is not tracking. Skip flip evaluation
2026-09-01T20:58:15.0419|INFO|SequenceItem.cs|Run|208|Starting Category: * Set di Istruzioni *, Container: NINA.Sequencer.Container.SequentialContainer, Strategy: SequentialStrategy, Items[CREATED]: 12
2026-09-01T20:58:15.0422|INFO|MeridianFlipTrigger.cs|ShouldTrigger|204|Meridian Flip - Telescope is not tracking. Skip flip evaluation
2026-09-01T20:58:15.0428|INFO|SequenceItem.cs|Run|208|Starting Category: Fotocamera, Item: CoolCamera, Temperature: -10, Duration: 5
2026-09-01T20:58:15.0678|INFO|CameraVM.cs|CoolCamera|138|Cooling Camera. Target: -10 Duration: 00:05:00
2026-09-01T20:58:15.0786|INFO|SequenceItem.cs|Run|254|Finishing Category: Fotocamera, Item: CoolCamera, Temperature: -10, Duration: 5
2026-09-01T20:58:15.0788|INFO|MeridianFlipTrigger.cs|ShouldTrigger|204|Meridian Flip - Telescope is not tracking. Skip flip evaluation
2026-09-01T20:58:15.0789|INFO|SequenceItem.cs|Run|208|Starting Category: Utilità, Item: WaitForTime, Time: 21:18:3h, Offset: -10
2026-09-01T21:18:05.5444|INFO|SequenceItem.cs|Run|254|Finishing Category: Utilità, Item: WaitForTime, Time: 21:18:3h, Offset: -10
2026-09-01T21:18:05.5448|INFO|MeridianFlipTrigger.cs|ShouldTrigger|204|Meridian Flip - Telescope is not tracking. Skip flip evaluation
2026-09-01T21:18:05.5448|INFO|SequenceItem.cs|Run|208|Starting Category: Monitor Di Sicurezza, Item: WaitUntilSafe
2026-09-01T21:18:05.5449|INFO|SequenceItem.cs|Run|254|Finishing Category: Monitor Di Sicurezza, Item: WaitUntilSafe
2026-09-01T21:18:05.5450|INFO|MeridianFlipTrigger.cs|ShouldTrigger|204|Meridian Flip - Telescope is not tracking. Skip flip evaluation
2026-09-01T21:18:05.5454|INFO|SequenceItem.cs|Run|208|Starting Category: Osservatorio, Item: OpenDomeShutter
2026-09-01T21:18:05.5522|INFO|DomeVM.cs|OpenShutter|448|Opening dome shutter. Shutter state before opening ShutterClosed
2026-09-01T21:18:05.5600|INFO|AscomDome.cs|OpenShutter|206|Sending an OpenShutter request, since it is currently ShutterClosed
2026-09-01T21:18:52.6032|INFO|DomeVM.cs|OpenShutter|454|Opened dome shutter. Shutter state after opening ShutterOpen
2026-09-01T21:18:52.6037|INFO|SequenceItem.cs|Run|254|Finishing Category: Osservatorio, Item: OpenDomeShutter
2026-09-01T21:18:52.6039|INFO|MeridianFlipTrigger.cs|ShouldTrigger|204|Meridian Flip - Telescope is not tracking. Skip flip evaluation
2026-09-01T21:18:52.6048|INFO|SequenceItem.cs|Run|208|Starting Category: Telescopio, Item: UnparkScope
2026-09-01T21:18:52.6091|INFO|TelescopeVM.cs|UnparkTelescope|232|Mount ordered to unpark
2026-09-01T21:18:52.6154|INFO|TelescopeVM.cs|UnparkTelescope|277|Mount is already unparked
2026-09-01T21:18:52.6160|INFO|TelescopeVM.cs|UnparkTelescope|282|Mount has unparked
2026-09-01T21:18:52.6161|INFO|SequenceItem.cs|Run|254|Finishing Category: Telescopio, Item: UnparkScope
2026-09-01T21:18:52.6164|INFO|MeridianFlipTrigger.cs|ShouldTrigger|204|Meridian Flip - Telescope is not tracking. Skip flip evaluation
2026-09-01T21:18:52.6168|INFO|SequenceItem.cs|Run|208|Starting Category: Apparato per i Flat, Item: OpenCover
2026-09-01T21:18:52.6300|INFO|FlatDeviceVM.cs|OpenCover|312|Opening Flat Device Cover
2026-09-01T21:19:17.5808|INFO|SequenceItem.cs|Run|254|Finishing Category: Apparato per i Flat, Item: OpenCover
2026-09-01T21:19:17.5810|INFO|MeridianFlipTrigger.cs|ShouldTrigger|204|Meridian Flip - Telescope is not tracking. Skip flip evaluation
2026-09-01T21:19:17.5829|INFO|SequenceItem.cs|Run|208|Starting Category: Telescopio, Item: SetTracking, TrackingMode: Sidereal
2026-09-01T21:19:17.6310|INFO|SequenceItem.cs|Run|254|Finishing Category: Telescopio, Item: SetTracking, TrackingMode: Sidereal
2026-09-01T21:19:17.6313|INFO|MeridianFlipTrigger.cs|ShouldTrigger|204|Meridian Flip - Telescope is not tracking. Skip flip evaluation
2026-09-01T21:19:17.6322|INFO|SequenceItem.cs|Run|208|Starting Category: Ruota porta filtri, Item: SwitchFilter, Filter: Blu
2026-09-01T21:19:17.7591|INFO|FilterWheelVM.cs|ChangeFilter|112|Moving to Filter Blu at Position 4
2026-09-01T21:19:29.7478|INFO|SequenceItem.cs|Run|254|Finishing Category: Ruota porta filtri, Item: SwitchFilter, Filter: Blu
2026-09-01T21:19:29.7527|INFO|MeridianFlipTrigger.cs|ShouldTrigger|296|Meridian Flip - (Side of Pier usage is disabled) There is still time remaining. Max remaining time 02:20:11.1736794, next instruction time 0, next instruction Category: Telescopio, Item: SlewScopeToAltAz, Coordinates: NINA.Astrometry.InputTopocentricCoordinates
2026-09-01T21:19:29.7532|INFO|SequenceItem.cs|Run|208|Starting Category: Telescopio, Item: SlewScopeToAltAz, Coordinates: NINA.Astrometry.InputTopocentricCoordinates
2026-09-01T21:19:29.7855|INFO|PHD2Guider.cs|StopGuiding|704|Phd2 - Stop Guiding skipped, as the app is already in state Stopped
2026-09-01T21:19:29.8877|INFO|TelescopeVM.cs|SlewAsyncInternal|910|Slewing from RA: 21:11:47; Dec: 89° 03' 07"; Epoch: JNOW to RA: 20:34:42; Dec: 39° 23' 27"; Epoch: JNOW - Alt: 70° 00' 00"; Az: 90° 00' 00"
2026-09-01T21:20:03.1990|INFO|SequenceItem.cs|Run|254|Finishing Category: Telescopio, Item: SlewScopeToAltAz, Coordinates: NINA.Astrometry.InputTopocentricCoordinates
2026-09-01T21:20:03.1997|INFO|MeridianFlipTrigger.cs|ShouldTrigger|296|Meridian Flip - (Side of Pier usage is disabled) There is still time remaining. Max remaining time 01:42:31.5396442, next instruction time 60, next instruction Category: Utilità, Item: WaitForTimeSpan, Time: 60s
2026-09-01T21:20:03.2003|INFO|SequenceItem.cs|Run|208|Starting Category: Utilità, Item: WaitForTimeSpan, Time: 60s
2026-09-01T21:21:03.3708|INFO|SequenceItem.cs|Run|254|Finishing Category: Utilità, Item: WaitForTimeSpan, Time: 60s
2026-09-01T21:21:03.3731|INFO|MeridianFlipTrigger.cs|ShouldTrigger|296|Meridian Flip - (Side of Pier usage is disabled) There is still time remaining. Max remaining time 01:41:31.2995944, next instruction time 300, next instruction Category: Focheggiatore, Item: RunAutofocus
2026-09-01T21:21:03.3739|INFO|SequenceItem.cs|Run|208|Starting Category: Focheggiatore, Item: RunAutofocus
2026-09-01T21:21:03.6733|INFO|FocuserMediator.cs|BroadcastAutoFocusRunStarting|92|Autofocus starting notification received
2026-09-01T21:21:03.7130|INFO|PHD2Guider.cs|StopGuiding|704|Phd2 - Stop Guiding skipped, as the app is already in state Stopped
2026-09-01T21:21:03.7249|INFO|AutoFocusEngine.cs|RunAutoFocus|929|Starting AutoFocus with initial position 39475
2026-09-01T21:21:03.8720|INFO|CameraVM.cs|Capture|742|Starting Exposure - Exposure Time: 10s; Filter: Blu; Gain: 15; Offset 132; Binning: 2x2;
2026-09-01T21:21:15.2611|INFO|AutoFocusEngine.cs|StartBlindFocusPoints|769|Waiting on initial HFR analysis
2026-09-01T21:21:15.2991|INFO|FocuserVM.cs|MoveFocuserInternal|216|Moving Focuser to position 40275
2026-09-01T21:21:16.9356|INFO|HocusFocusStarDetection.cs|Detect|413|Average HFR: 2.04802266923636, HFR MAD: 0.12704260052090577, Detected Stars 78, Region: 0
2026-09-01T21:21:24.2156|INFO|CameraVM.cs|Capture|742|Starting Exposure - Exposure Time: 10s; Filter: Blu; Gain: 15; Offset 132; Binning: 2x2;
2026-09-01T21:21:35.5585|INFO|FocuserVM.cs|MoveFocuserInternal|216|Moving Focuser to position 40075
2026-09-01T21:21:36.2520|INFO|HocusFocusStarDetection.cs|Detect|413|Average HFR: 3.2568324562788433, HFR MAD: 0.1522258618911927, Detected Stars 70, Region: 0
2026-09-01T21:21:40.8527|INFO|CameraVM.cs|Capture|742|Starting Exposure - Exposure Time: 10s; Filter: Blu; Gain: 15; Offset 132; Binning: 2x2;
2026-09-01T21:21:52.1714|INFO|FocuserVM.cs|MoveFocuserInternal|216|Moving Focuser to position 39875
2026-09-01T21:21:54.8456|INFO|HocusFocusStarDetection.cs|Detect|413|Average HFR: 3.1857753546246395, HFR MAD: 0.15793100720221798, Detected Stars 70, Region: 0
2026-09-01T21:21:54.9057|WARNING|DeviceUpdateTimer.cs|Run|115|Dome value update cycle took longer than the device poll interval (Total: 2.16s > 2s; Poll: 00:00:00.0388261; Update: 00:00:02.1257598)
2026-09-01T21:21:58.2433|INFO|CameraVM.cs|Capture|742|Starting Exposure - Exposure Time: 10s; Filter: Blu; Gain: 15; Offset 132; Binning: 2x2;
2026-09-01T21:22:09.5613|INFO|FocuserVM.cs|MoveFocuserInternal|216|Moving Focuser to position 39675
2026-09-01T21:22:10.2863|INFO|HocusFocusStarDetection.cs|Detect|413|Average HFR: 3.0919620025262162, HFR MAD: 0.15533680846952835, Detected Stars 73, Region: 0
2026-09-01T21:22:16.2447|INFO|CameraVM.cs|Capture|742|Starting Exposure - Exposure Time: 10s; Filter: Blu; Gain: 15; Offset 132; Binning: 2x2;
2026-09-01T21:22:27.5623|INFO|AutoFocusEngine.cs|StartBlindFocusPoints|797|Waiting on initial focuser move analyses
2026-09-01T21:22:28.2513|INFO|HocusFocusStarDetection.cs|Detect|413|Average HFR: 2.825310652383661, HFR MAD: 0.1707984847045565, Detected Stars 80, Region: 0
2026-09-01T21:22:28.3853|INFO|FocuserVM.cs|MoveFocuserInternal|216|Moving Focuser to position 39475
2026-09-01T21:22:34.1719|INFO|CameraVM.cs|Capture|742|Starting Exposure - Exposure Time: 10s; Filter: Blu; Gain: 15; Offset 132; Binning: 2x2;
2026-09-01T21:22:45.5084|INFO|AutoFocusEngine.cs|StartBlindFocusPoints|870|Waiting on next left movement analysis
2026-09-01T21:22:46.1373|INFO|HocusFocusStarDetection.cs|Detect|413|Average HFR: 2.5307850845280604, HFR MAD: 0.14652180729234354, Detected Stars 83, Region: 0
2026-09-01T21:22:46.1747|INFO|FocuserVM.cs|MoveFocuserInternal|216|Moving Focuser to position 39275
2026-09-01T21:22:52.2278|INFO|CameraVM.cs|Capture|742|Starting Exposure - Exposure Time: 10s; Filter: Blu; Gain: 15; Offset 132; Binning: 2x2;
2026-09-01T21:23:03.5549|INFO|AutoFocusEngine.cs|StartBlindFocusPoints|870|Waiting on next left movement analysis
2026-09-01T21:23:04.3021|INFO|HocusFocusStarDetection.cs|Detect|413|Average HFR: 2.183977180562417, HFR MAD: 0.16797123687045223, Detected Stars 86, Region: 0
2026-09-01T21:23:04.3988|INFO|FocuserVM.cs|MoveFocuserInternal|216|Moving Focuser to position 39075
2026-09-01T21:23:10.2402|INFO|CameraVM.cs|Capture|742|Starting Exposure - Exposure Time: 10s; Filter: Blu; Gain: 15; Offset 132; Binning: 2x2;
2026-09-01T21:23:21.5611|INFO|AutoFocusEngine.cs|StartBlindFocusPoints|870|Waiting on next left movement analysis
2026-09-01T21:23:22.2840|INFO|HocusFocusStarDetection.cs|Detect|413|Average HFR: 1.889264086243657, HFR MAD: 0.12215080146255408, Detected Stars 85, Region: 0
2026-09-01T21:23:22.3126|INFO|FocuserVM.cs|MoveFocuserInternal|216|Moving Focuser to position 38875
2026-09-01T21:23:28.2467|INFO|CameraVM.cs|Capture|742|Starting Exposure - Exposure Time: 10s; Filter: Blu; Gain: 15; Offset 132; Binning: 2x2;
2026-09-01T21:23:39.5633|INFO|AutoFocusEngine.cs|StartBlindFocusPoints|870|Waiting on next left movement analysis
2026-09-01T21:23:40.2249|INFO|HocusFocusStarDetection.cs|Detect|413|Average HFR: 1.8271138417305413, HFR MAD: 0.09901930872465403, Detected Stars 82, Region: 0
2026-09-01T21:23:40.2731|INFO|FocuserVM.cs|MoveFocuserInternal|216|Moving Focuser to position 38675
2026-09-01T21:23:46.2125|INFO|CameraVM.cs|Capture|742|Starting Exposure - Exposure Time: 10s; Filter: Blu; Gain: 15; Offset 132; Binning: 2x2;
2026-09-01T21:23:57.5292|INFO|AutoFocusEngine.cs|StartBlindFocusPoints|870|Waiting on next left movement analysis
2026-09-01T21:23:58.2125|INFO|HocusFocusStarDetection.cs|Detect|413|Average HFR: 1.7482057394079273, HFR MAD: 0.07418453474271591, Detected Stars 68, Region: 0
2026-09-01T21:23:58.3944|INFO|FocuserVM.cs|MoveFocuserInternal|216|Moving Focuser to position 38475
2026-09-01T21:24:04.2551|INFO|CameraVM.cs|Capture|742|Starting Exposure - Exposure Time: 10s; Filter: Blu; Gain: 15; Offset 132; Binning: 2x2;
2026-09-01T21:24:15.5865|INFO|AutoFocusEngine.cs|StartBlindFocusPoints|870|Waiting on next left movement analysis
2026-09-01T21:24:16.1986|INFO|HocusFocusStarDetection.cs|Detect|413|Average HFR: 1.88711954634991, HFR MAD: 0.08565859782943352, Detected Stars 83, Region: 0
2026-09-01T21:24:16.2891|INFO|AutoFocusEngine.cs|StartBlindFocusPoints|841|Enough right trend points (7) with an established minimum (38675) to queue remaining left focus points down to 37875
2026-09-01T21:24:16.2896|INFO|FocuserVM.cs|MoveFocuserInternal|216|Moving Focuser to position 38275
2026-09-01T21:24:22.1847|INFO|CameraVM.cs|Capture|742|Starting Exposure - Exposure Time: 10s; Filter: Blu; Gain: 15; Offset 132; Binning: 2x2;
2026-09-01T21:24:33.5001|INFO|FocuserVM.cs|MoveFocuserInternal|216|Moving Focuser to position 38075
2026-09-01T21:24:34.1860|INFO|HocusFocusStarDetection.cs|Detect|413|Average HFR: 1.8126014316866392, HFR MAD: 0.12024369863181628, Detected Stars 72, Region: 0
2026-09-01T21:24:38.7673|INFO|CameraVM.cs|Capture|742|Starting Exposure - Exposure Time: 10s; Filter: Blu; Gain: 15; Offset 132; Binning: 2x2;
2026-09-01T21:24:50.0766|INFO|FocuserVM.cs|MoveFocuserInternal|216|Moving Focuser to position 37875
2026-09-01T21:24:50.7401|INFO|HocusFocusStarDetection.cs|Detect|413|Average HFR: 1.938214225941005, HFR MAD: 0.14878877960560377, Detected Stars 79, Region: 0
2026-09-01T21:24:56.1835|INFO|CameraVM.cs|Capture|742|Starting Exposure - Exposure Time: 10s; Filter: Blu; Gain: 15; Offset 132; Binning: 2x2;
2026-09-01T21:25:07.4982|INFO|AutoFocusEngine.cs|StartBlindFocusPoints|896|Waiting on remaining AutoFocus analysis tasks
2026-09-01T21:25:08.2478|INFO|HocusFocusStarDetection.cs|Detect|413|Average HFR: 2.091756122463293, HFR MAD: 0.20366912251952196, Detected Stars 81, Region: 0
2026-09-01T21:25:08.3010|INFO|FocuserVM.cs|MoveFocuserInternal|216|Moving Focuser to position 38769
2026-09-01T21:25:18.0897|INFO|AutoFocusEngine.cs|ValidateCalculatedFocusPosition|1141|Validating HFR at final focus position 38769
2026-09-01T21:25:18.2030|INFO|CameraVM.cs|Capture|742|Starting Exposure - Exposure Time: 10s; Filter: Blu; Gain: 15; Offset 132; Binning: 2x2;
2026-09-01T21:25:30.1760|INFO|HocusFocusStarDetection.cs|Detect|413|Average HFR: 1.8504287736245488, HFR MAD: 0.14516227075976884, Detected Stars 81, Region: 0
2026-09-01T21:25:30.1836|INFO|HocusFocusVM.cs|AutoFocusEngine_Completed|473|AutoFocus completed with focuser starting at 39475 and ending at 38769
2026-09-01T21:25:30.3278|INFO|FocuserMediator.cs|BroadcastSuccessfulAutoFocusRun|46|Autofocus notification received - Temperature 29
2026-09-01T21:25:30.5735|INFO|AutoFocusEngine.cs|PerformPostAutoFocusActions|1022|Re-enabling temperature compensation after AutoFocus
2026-09-01T21:25:30.5812|INFO|SequenceItem.cs|Run|254|Finishing Category: Focheggiatore, Item: RunAutofocus
2026-09-01T21:25:30.5816|INFO|MeridianFlipTrigger.cs|ShouldTrigger|296|Meridian Flip - (Side of Pier usage is disabled) There is still time remaining. Max remaining time 01:37:03.9196195, next instruction time 0, next instruction Category: Telescopio, Item: SolveAndSync
2026-09-01T21:25:30.5819|INFO|SequenceItem.cs|Run|208|Starting Category: Telescopio, Item: SolveAndSync
2026-09-01T21:25:30.8482|INFO|FilterWheelVM.cs|ChangeFilter|112|Moving to Filter L-Pro at Position 0
2026-09-01T21:25:42.7898|INFO|CameraVM.cs|Capture|742|Starting Exposure - Exposure Time: 15s; Filter: L-Pro; Gain: 15; Offset 132; Binning: 1x1;
2026-09-01T21:26:02.0323|WARNING|DeviceUpdateTimer.cs|Run|115|Camera value update cycle took longer than the device poll interval (Total: 3.34s > 2s; Poll: 00:00:03.3392394; Update: 00:00:00.0001388)
2026-09-01T21:26:02.7992|INFO|FilterWheelVM.cs|ChangeFilter|112|Moving to Filter Blu at Position 4
2026-09-01T21:26:03.0908|INFO|ImageSolver.cs|Solve|41|Platesolving with parameters: FocalLength: 1260 PixelSize: 4.54 SearchRadius: 30 BlindFailoverEnabled: True Regions: 5000 DownSampleFactor: 2 MaxObjects: 500 Reference Coordinates RA: 20:33:41 Dec: 39° 17' 45" Epoch: J2000
2026-09-01T21:26:03.6927|INFO|BaseImageData.cs|SaveToDisk|346|Saved image to C:\Users\PrimaLuceLab\AppData\Local\NINA\PlateSolver\te5moego.4mh.fits
2026-09-01T21:26:05.5820|INFO|ImageSolver.cs|Solve|54|Platesolve successful: Coordinates: RA: 20:36:58; Dec: 39° 13' 35"; Epoch: J2000 - Position Angle: 268.6841206937326
2026-09-01T21:26:14.8477|INFO|TelescopeVM.cs|Sync|777|Syncing scope from RA: 20:34:41; Dec: 39° 23' 26"; Epoch: JNOW to RA: 20:37:59; Dec: 39° 19' 22"; Epoch: JNOW
2026-09-01T21:26:19.8539|INFO|SequenceItem.cs|Run|254|Finishing Category: Telescopio, Item: SolveAndSync
2026-09-01T21:26:19.8545|INFO|SequenceItem.cs|Run|254|Finishing Category: * Set di Istruzioni *, Container: NINA.Sequencer.Container.SequentialContainer, Strategy: SequentialStrategy, Items[FINISHED]: 12
2026-09-01T21:26:19.8547|INFO|SequenceItem.cs|Run|254|Finishing Category: * Set di Istruzioni *, Container: NINA.Sequencer.Container.SequentialContainer, Strategy: SequentialStrategy, Items[FINISHED]: 4
2026-09-01T21:26:19.8548|INFO|SequenceItem.cs|Run|254|Finishing Category: * Set di Istruzioni *, Container: NINA.Sequencer.Container.StartAreaContainer, Strategy: SequentialStrategy, Items[FINISHED]: 2
2026-09-01T21:26:19.8549|INFO|MeridianFlipTrigger.cs|ShouldTrigger|296|Meridian Flip - (Side of Pier usage is disabled) There is still time remaining. Max remaining time 01:39:31.6054476, next instruction time 0, next instruction Category: * Set di Istruzioni *, Container: NINA.Sequencer.Container.TargetAreaContainer, Strategy: SequentialStrategy, Items[CREATED]: 2
2026-09-01T21:26:19.8552|INFO|SequenceItem.cs|Run|208|Starting Category: * Set di Istruzioni *, Container: NINA.Sequencer.Container.TargetAreaContainer, Strategy: SequentialStrategy, Items[CREATED]: 2
2026-09-01T21:26:19.8554|INFO|MeridianFlipTrigger.cs|ShouldTrigger|296|Meridian Flip - (Side of Pier usage is disabled) There is still time remaining. Max remaining time 01:39:31.6054476, next instruction time 0, next instruction Category: * Set di Istruzioni *, Container: NINA.Sequencer.Container.SequentialContainer, Strategy: SequentialStrategy, Items[CREATED]: 10
2026-09-01T21:26:19.8555|INFO|SequenceItem.cs|Run|208|Starting Category: * Set di Istruzioni *, Container: NINA.Sequencer.Container.SequentialContainer, Strategy: SequentialStrategy, Items[CREATED]: 10
2026-09-01T21:26:19.8555|INFO|MeridianFlipTrigger.cs|ShouldTrigger|296|Meridian Flip - (Side of Pier usage is disabled) There is still time remaining. Max remaining time 01:39:31.6054476, next instruction time 0, next instruction Category: Utilità, Item: Annotation, Text: This is a Startup Sequence which can be pre-loaded at NINA Start-up.
2026-09-01T21:26:19.8556|INFO|SequenceItem.cs|Run|208|Starting Category: Utilità, Item: Annotation, Text: This is a Startup Sequence which can be pre-loaded at NINA Start-up.
2026-09-01T21:26:19.8556|INFO|SequenceItem.cs|Run|254|Finishing Category: Utilità, Item: Annotation, Text: This is a Startup Sequence which can be pre-loaded at NINA Start-up.
2026-09-01T21:26:19.8558|INFO|MeridianFlipTrigger.cs|ShouldTrigger|296|Meridian Flip - (Side of Pier usage is disabled) There is still time remaining. Max remaining time 01:39:31.6054476, next instruction time 0, next instruction Category: Utilità, Item: Annotation, Text: If you edit this Startup Sequence, you need to save the Entire Sequence using the Save Complete Sequence button at the bottom of the Advanced Sequencer page below.
2026-09-01T21:26:19.8558|INFO|SequenceItem.cs|Run|208|Starting Category: Utilità, Item: Annotation, Text: If you edit this Startup Sequence, you need to save the Entire Sequence using the Save Complete Sequence button at the bottom of the Advanced Sequencer page below.
2026-09-01T21:26:19.8558|INFO|SequenceItem.cs|Run|254|Finishing Category: Utilità, Item: Annotation, Text: If you edit this Startup Sequence, you need to save the Entire Sequence using the Save Complete Sequence button at the bottom of the Advanced Sequencer page below.
2026-09-01T21:26:19.8559|INFO|MeridianFlipTrigger.cs|ShouldTrigger|296|Meridian Flip - (Side of Pier usage is disabled) There is still time remaining. Max remaining time 01:39:31.6054476, next instruction time 0, next instruction Category: Utilità, Item: Annotation, Text: Go to: OPTIONS > IMAGING > SEQUENCE and select this DOME_SAFETY_STARTUP_PA.json file as the STARTUP SEQUENCE TEMPLATE
2026-09-01T21:26:19.8560|INFO|SequenceItem.cs|Run|208|Starting Category: Utilità, Item: Annotation, Text: Go to: OPTIONS > IMAGING > SEQUENCE and select this DOME_SAFETY_STARTUP_PA.json file as the STARTUP SEQUENCE TEMPLATE
2026-09-01T21:26:19.8560|INFO|SequenceItem.cs|Run|254|Finishing Category: Utilità, Item: Annotation, Text: Go to: OPTIONS > IMAGING > SEQUENCE and select this DOME_SAFETY_STARTUP_PA.json file as the STARTUP SEQUENCE TEMPLATE
2026-09-01T21:26:19.8561|INFO|MeridianFlipTrigger.cs|ShouldTrigger|296|Meridian Flip - (Side of Pier usage is disabled) There is still time remaining. Max remaining time 01:39:31.6054476, next instruction time 0, next instruction Category: Utilità, Item: Annotation, Text:      I also find setting COLLAPSE SEQUENCE TEMPLATES BY DEFAULT to ON is quite helpful.  (On the same options page)
2026-09-01T21:26:19.8561|INFO|SequenceItem.cs|Run|208|Starting Category: Utilità, Item: Annotation, Text:      I also find setting COLLAPSE SEQUENCE TEMPLATES BY DEFAULT to ON is quite helpful.  (On the same options page)
2026-09-01T21:26:19.8562|INFO|SequenceItem.cs|Run|254|Finishing Category: Utilità, Item: Annotation, Text:      I also find setting COLLAPSE SEQUENCE TEMPLATES BY DEFAULT to ON is quite helpful.  (On the same options page)
2026-09-01T21:26:19.8562|INFO|MeridianFlipTrigger.cs|ShouldTrigger|296|Meridian Flip - (Side of Pier usage is disabled) There is still time remaining. Max remaining time 01:39:31.6054476, next instruction time 0, next instruction Category: Utilità, Item: Annotation, Text: Any modification of this sequence as a Foundational Startup Template will need to be saved using the buttons at the bottom of this Advanced Sequencer Page below.
2026-09-01T21:26:19.8563|INFO|SequenceItem.cs|Run|208|Starting Category: Utilità, Item: Annotation, Text: Any modification of this sequence as a Foundational Startup Template will need to be saved using the buttons at the bottom of this Advanced Sequencer Page below.
2026-09-01T21:26:19.8563|INFO|SequenceItem.cs|Run|254|Finishing Category: Utilità, Item: Annotation, Text: Any modification of this sequence as a Foundational Startup Template will need to be saved using the buttons at the bottom of this Advanced Sequencer Page below.
2026-09-01T21:26:19.8564|INFO|MeridianFlipTrigger.cs|ShouldTrigger|296|Meridian Flip - (Side of Pier usage is disabled) There is still time remaining. Max remaining time 01:39:31.6054476, next instruction time 0, next instruction Category: Utilità, Item: Annotation, Text: The LOOP_ALL_NIGHT Sequence is a simple Loop until Nautical Dawn. Adjust as desired. This is an outer loop.
2026-09-01T21:26:19.8564|INFO|SequenceItem.cs|Run|208|Starting Category: Utilità, Item: Annotation, Text: The LOOP_ALL_NIGHT Sequence is a simple Loop until Nautical Dawn. Adjust as desired. This is an outer loop.
2026-09-01T21:26:19.8564|INFO|SequenceItem.cs|Run|254|Finishing Category: Utilità, Item: Annotation, Text: The LOOP_ALL_NIGHT Sequence is a simple Loop until Nautical Dawn. Adjust as desired. This is an outer loop.
2026-09-01T21:26:19.8565|INFO|MeridianFlipTrigger.cs|ShouldTrigger|296|Meridian Flip - (Side of Pier usage is disabled) There is still time remaining. Max remaining time 01:39:31.6054476, next instruction time 0, next instruction Category: Utilità, Item: Annotation, Text: The SAFE_LOOP Sequence runs while the System is Safe.
2026-09-01T21:26:19.8566|INFO|SequenceItem.cs|Run|208|Starting Category: Utilità, Item: Annotation, Text: The SAFE_LOOP Sequence runs while the System is Safe.
2026-09-01T21:26:19.8566|INFO|SequenceItem.cs|Run|254|Finishing Category: Utilità, Item: Annotation, Text: The SAFE_LOOP Sequence runs while the System is Safe.
2026-09-01T21:26:19.8567|INFO|MeridianFlipTrigger.cs|ShouldTrigger|296|Meridian Flip - (Side of Pier usage is disabled) There is still time remaining. Max remaining time 01:39:31.6054476, next instruction time 0, next instruction Category: Utilità, Item: Annotation, Text: The UNSAFE Sequence runs when the System is Unsafe and only proceeds back to SAFE_LOOP when it is once again deemed Safe.
2026-09-01T21:26:19.8567|INFO|SequenceItem.cs|Run|208|Starting Category: Utilità, Item: Annotation, Text: The UNSAFE Sequence runs when the System is Unsafe and only proceeds back to SAFE_LOOP when it is once again deemed Safe.
2026-09-01T21:26:19.8568|INFO|SequenceItem.cs|Run|254|Finishing Category: Utilità, Item: Annotation, Text: The UNSAFE Sequence runs when the System is Unsafe and only proceeds back to SAFE_LOOP when it is once again deemed Safe.
2026-09-01T21:26:19.8568|INFO|MeridianFlipTrigger.cs|ShouldTrigger|296|Meridian Flip - (Side of Pier usage is disabled) There is still time remaining. Max remaining time 01:39:31.6054476, next instruction time 0, next instruction Category: Utilità, Item: Annotation, Text: ..... ALL TARGETS should be placed within individual LOOP_ALL_NIGHT > SAFE_LOOP > TARGETS_CONTAINER > TARGET # containers below.....
2026-09-01T21:26:19.8569|INFO|SequenceItem.cs|Run|208|Starting Category: Utilità, Item: Annotation, Text: ..... ALL TARGETS should be placed within individual LOOP_ALL_NIGHT > SAFE_LOOP > TARGETS_CONTAINER > TARGET # containers below.....
2026-09-01T21:26:19.8569|INFO|SequenceItem.cs|Run|254|Finishing Category: Utilità, Item: Annotation, Text: ..... ALL TARGETS should be placed within individual LOOP_ALL_NIGHT > SAFE_LOOP > TARGETS_CONTAINER > TARGET # containers below.....
2026-09-01T21:26:19.8569|INFO|MeridianFlipTrigger.cs|ShouldTrigger|296|Meridian Flip - (Side of Pier usage is disabled) There is still time remaining. Max remaining time 01:39:31.6054476, next instruction time 0, next instruction Category: Utilità, Item: Annotation, Text: Each TARGET # Container should have a looping condition that is identical to the included target sequence.
2026-09-01T21:26:19.8570|INFO|SequenceItem.cs|Run|208|Starting Category: Utilità, Item: Annotation, Text: Each TARGET # Container should have a looping condition that is identical to the included target sequence.
2026-09-01T21:26:19.8570|INFO|SequenceItem.cs|Run|254|Finishing Category: Utilità, Item: Annotation, Text: Each TARGET # Container should have a looping condition that is identical to the included target sequence.
2026-09-01T21:26:19.8571|INFO|SequenceItem.cs|Run|254|Finishing Category: * Set di Istruzioni *, Container: NINA.Sequencer.Container.SequentialContainer, Strategy: SequentialStrategy, Items[FINISHED]: 10
2026-09-01T21:26:19.8702|INFO|MeridianFlipTrigger.cs|ShouldTrigger|296|Meridian Flip - (Side of Pier usage is disabled) There is still time remaining. Max remaining time 01:39:31.6054476, next instruction time 0, next instruction Category: * Set di Istruzioni *, Container: NINA.Sequencer.Container.SequentialContainer, Strategy: SequentialStrategy, Items[CREATED]: 2, Conditions: Condition: TimeCondition, Time: 5:36:23h, 
2026-09-01T21:26:19.8704|INFO|SequenceItem.cs|Run|208|Starting Category: * Set di Istruzioni *, Container: NINA.Sequencer.Container.SequentialContainer, Strategy: SequentialStrategy, Items[CREATED]: 2, Conditions: Condition: TimeCondition, Time: 5:36:23h, 
2026-09-01T21:26:19.8745|INFO|MeridianFlipTrigger.cs|ShouldTrigger|296|Meridian Flip - (Side of Pier usage is disabled) There is still time remaining. Max remaining time 01:39:31.6054476, next instruction time 0, next instruction Category: * Set di Istruzioni *, Container: NINA.Sequencer.Container.SequentialContainer, Strategy: SequentialStrategy, Items[CREATED]: 5, Conditions: Condition: SafetyMonitorCondition, 
2026-09-01T21:26:19.8747|INFO|SequenceItem.cs|Run|208|Starting Category: * Set di Istruzioni *, Container: NINA.Sequencer.Container.SequentialContainer, Strategy: SequentialStrategy, Items[CREATED]: 5, Conditions: Condition: SafetyMonitorCondition, 
2026-09-01T21:26:19.8754|INFO|MeridianFlipTrigger.cs|ShouldTrigger|296|Meridian Flip - (Side of Pier usage is disabled) There is still time remaining. Max remaining time 01:39:31.6054476, next instruction time 0, next instruction Category: * Set di Istruzioni *, Container: NINA.Sequencer.Container.SequentialContainer, Strategy: SequentialStrategy, Items[CREATED]: 7
2026-09-01T21:26:19.8755|INFO|SequenceItem.cs|Run|208|Starting Category: * Set di Istruzioni *, Container: NINA.Sequencer.Container.SequentialContainer, Strategy: SequentialStrategy, Items[CREATED]: 7
2026-09-01T21:26:19.8756|INFO|MeridianFlipTrigger.cs|ShouldTrigger|296|Meridian Flip - (Side of Pier usage is disabled) There is still time remaining. Max remaining time 01:39:31.6054476, next instruction time 0, next instruction Category: Utilità, Item: Annotation, Text: This brief sequence of instructions is required after returning to a Safe condifition from an Unsafe one. It will not negatively affect anything on its initial execution.
2026-09-01T21:26:19.8757|INFO|SequenceItem.cs|Run|208|Starting Category: Utilità, Item: Annotation, Text: This brief sequence of instructions is required after returning to a Safe condifition from an Unsafe one. It will not negatively affect anything on its initial execution.
2026-09-01T21:26:19.8758|INFO|SequenceItem.cs|Run|254|Finishing Category: Utilità, Item: Annotation, Text: This brief sequence of instructions is required after returning to a Safe condifition from an Unsafe one. It will not negatively affect anything on its initial execution.
2026-09-01T21:26:19.8759|INFO|MeridianFlipTrigger.cs|ShouldTrigger|296|Meridian Flip - (Side of Pier usage is disabled) There is still time remaining. Max remaining time 01:39:31.6054476, next instruction time 0, next instruction Category: Utilità, Item: Annotation, Text: The 5 minute wait here can be adjusted as desired. It is here to show 5 minutes of Safety prior to resetting the equipment.
2026-09-01T21:26:19.8759|INFO|SequenceItem.cs|Run|208|Starting Category: Utilità, Item: Annotation, Text: The 5 minute wait here can be adjusted as desired. It is here to show 5 minutes of Safety prior to resetting the equipment.
2026-09-01T21:26:19.8759|INFO|SequenceItem.cs|Run|254|Finishing Category: Utilità, Item: Annotation, Text: The 5 minute wait here can be adjusted as desired. It is here to show 5 minutes of Safety prior to resetting the equipment.
2026-09-01T21:26:19.8760|INFO|MeridianFlipTrigger.cs|ShouldTrigger|296|Meridian Flip - (Side of Pier usage is disabled) There is still time remaining. Max remaining time 01:39:31.6054476, next instruction time 300, next instruction Category: Utilità, Item: WaitForTimeSpan, Time: 300s
2026-09-01T21:26:19.8761|INFO|SequenceItem.cs|Run|208|Starting Category: Utilità, Item: WaitForTimeSpan, Time: 300s
2026-09-01T21:31:20.8460|INFO|SequenceItem.cs|Run|254|Finishing Category: Utilità, Item: WaitForTimeSpan, Time: 300s
2026-09-01T21:31:20.8465|INFO|MeridianFlipTrigger.cs|ShouldTrigger|296|Meridian Flip - (Side of Pier usage is disabled) There is still time remaining. Max remaining time 01:34:30.3741705, next instruction time 0, next instruction Category: Osservatorio, Item: OpenDomeShutter
2026-09-01T21:31:20.8466|INFO|SequenceItem.cs|Run|208|Starting Category: Osservatorio, Item: OpenDomeShutter
2026-09-01T21:31:20.8470|INFO|SequenceItem.cs|Run|254|Finishing Category: Osservatorio, Item: OpenDomeShutter
2026-09-01T21:31:20.8471|INFO|MeridianFlipTrigger.cs|ShouldTrigger|296|Meridian Flip - (Side of Pier usage is disabled) There is still time remaining. Max remaining time 01:34:30.3741705, next instruction time 0, next instruction Category: Telescopio, Item: UnparkScope
2026-09-01T21:31:20.8471|INFO|SequenceItem.cs|Run|208|Starting Category: Telescopio, Item: UnparkScope
2026-09-01T21:31:20.8472|INFO|TelescopeVM.cs|UnparkTelescope|232|Mount ordered to unpark
2026-09-01T21:31:20.8652|INFO|TelescopeVM.cs|UnparkTelescope|277|Mount is already unparked
2026-09-01T21:31:20.8653|INFO|TelescopeVM.cs|UnparkTelescope|282|Mount has unparked
2026-09-01T21:31:20.8654|INFO|SequenceItem.cs|Run|254|Finishing Category: Telescopio, Item: UnparkScope
2026-09-01T21:31:20.8657|INFO|MeridianFlipTrigger.cs|ShouldTrigger|296|Meridian Flip - (Side of Pier usage is disabled) There is still time remaining. Max remaining time 01:34:30.3741705, next instruction time 0, next instruction Category: Apparato per i Flat, Item: OpenCover
2026-09-01T21:31:20.8659|INFO|SequenceItem.cs|Run|208|Starting Category: Apparato per i Flat, Item: OpenCover
2026-09-01T21:31:20.8721|INFO|SequenceItem.cs|Run|254|Finishing Category: Apparato per i Flat, Item: OpenCover
2026-09-01T21:31:20.8725|INFO|MeridianFlipTrigger.cs|ShouldTrigger|296|Meridian Flip - (Side of Pier usage is disabled) There is still time remaining. Max remaining time 01:34:30.3741705, next instruction time 0, next instruction Category: Telescopio, Item: SetTracking, TrackingMode: Sidereal
2026-09-01T21:31:20.8725|INFO|SequenceItem.cs|Run|208|Starting Category: Telescopio, Item: SetTracking, TrackingMode: Sidereal
2026-09-01T21:31:20.8956|INFO|SequenceItem.cs|Run|254|Finishing Category: Telescopio, Item: SetTracking, TrackingMode: Sidereal
2026-09-01T21:31:20.8959|INFO|SequenceItem.cs|Run|254|Finishing Category: * Set di Istruzioni *, Container: NINA.Sequencer.Container.SequentialContainer, Strategy: SequentialStrategy, Items[FINISHED]: 7
2026-09-01T21:31:20.8961|INFO|MeridianFlipTrigger.cs|ShouldTrigger|296|Meridian Flip - (Side of Pier usage is disabled) There is still time remaining. Max remaining time 01:34:30.3741705, next instruction time 0, next instruction Category: * Set di Istruzioni *, Container: NINA.Sequencer.Container.SequentialContainer, Strategy: SequentialStrategy, Items[CREATED]: 2
2026-09-01T21:31:20.8961|INFO|SequenceItem.cs|Run|208|Starting Category: * Set di Istruzioni *, Container: NINA.Sequencer.Container.SequentialContainer, Strategy: SequentialStrategy, Items[CREATED]: 2
2026-09-01T21:31:20.8963|INFO|MeridianFlipTrigger.cs|ShouldTrigger|296|Meridian Flip - (Side of Pier usage is disabled) There is still time remaining. Max remaining time 01:34:30.3741705, next instruction time 0, next instruction Category: Utilità, Item: Annotation, Text: BE SURE TO MATCH EACH TARGET CONTAINER LOOP CONDITION TO THE NESTED TARGET SEQUENCE LOOP CONDITION
2026-09-01T21:31:20.8963|INFO|SequenceItem.cs|Run|208|Starting Category: Utilità, Item: Annotation, Text: BE SURE TO MATCH EACH TARGET CONTAINER LOOP CONDITION TO THE NESTED TARGET SEQUENCE LOOP CONDITION
2026-09-01T21:31:20.8963|INFO|SequenceItem.cs|Run|254|Finishing Category: Utilità, Item: Annotation, Text: BE SURE TO MATCH EACH TARGET CONTAINER LOOP CONDITION TO THE NESTED TARGET SEQUENCE LOOP CONDITION
2026-09-01T21:31:20.8964|INFO|MeridianFlipTrigger.cs|ShouldTrigger|296|Meridian Flip - (Side of Pier usage is disabled) There is still time remaining. Max remaining time 01:34:30.3741705, next instruction time 0, next instruction Category: * Set di Istruzioni *, Container: NINA.Sequencer.Container.SequentialContainer, Strategy: SequentialStrategy, Items[CREATED]: 3, Conditions: Condition: TimeCondition, Time: 5:36:23h, 
2026-09-01T21:31:20.8965|INFO|SequenceItem.cs|Run|208|Starting Category: * Set di Istruzioni *, Container: NINA.Sequencer.Container.SequentialContainer, Strategy: SequentialStrategy, Items[CREATED]: 3, Conditions: Condition: TimeCondition, Time: 5:36:23h, 
2026-09-01T21:31:20.8967|INFO|MeridianFlipTrigger.cs|ShouldTrigger|296|Meridian Flip - (Side of Pier usage is disabled) There is still time remaining. Max remaining time 01:34:30.3741705, next instruction time 0, next instruction Category: Utilità, Item: Annotation, Text: PLACE YOUR ...FIRST... TARGET SEQUENCE OF THE NIGHT ...BELOW... THIS LINE
2026-09-01T21:31:20.8968|INFO|SequenceItem.cs|Run|208|Starting Category: Utilità, Item: Annotation, Text: PLACE YOUR ...FIRST... TARGET SEQUENCE OF THE NIGHT ...BELOW... THIS LINE
2026-09-01T21:31:20.8968|INFO|SequenceItem.cs|Run|254|Finishing Category: Utilità, Item: Annotation, Text: PLACE YOUR ...FIRST... TARGET SEQUENCE OF THE NIGHT ...BELOW... THIS LINE
2026-09-01T21:31:20.8969|INFO|MeridianFlipTrigger.cs|ShouldTrigger|296|Meridian Flip - (Side of Pier usage is disabled) There is still time remaining. Max remaining time 01:34:30.3741705, next instruction time 0, next instruction Category: Utilità, Item: Annotation, Text: PLACE YOUR ...FIRST... TARGET SEQUENCE OF THE NIGHT ...ABOVE... THIS LINE
2026-09-01T21:31:20.8969|INFO|SequenceItem.cs|Run|208|Starting Category: Utilità, Item: Annotation, Text: PLACE YOUR ...FIRST... TARGET SEQUENCE OF THE NIGHT ...ABOVE... THIS LINE
2026-09-01T21:31:20.8970|INFO|SequenceItem.cs|Run|254|Finishing Category: Utilità, Item: Annotation, Text: PLACE YOUR ...FIRST... TARGET SEQUENCE OF THE NIGHT ...ABOVE... THIS LINE
2026-09-01T21:31:20.8985|INFO|MeridianFlipTrigger.cs|ShouldTrigger|296|Meridian Flip - (Side of Pier usage is disabled) There is still time remaining. Max remaining time 01:34:30.3741705, next instruction time 0, next instruction Category: * Set di Istruzioni *, Container: NINA.Sequencer.Container.DeepSkyObjectContainer, Strategy: SequentialStrategy, Items[CREATED]: 6, Triggers: Trigger: CenterAfterDriftTrigger, DistanceArcMinutes: 3, Target: M 27 RA: 19:59:36; Dec: 22° 43' 16"; Epoch: J2000 0
2026-09-01T21:31:20.9013|INFO|SequenceItem.cs|Run|208|Starting Category: * Set di Istruzioni *, Container: NINA.Sequencer.Container.DeepSkyObjectContainer, Strategy: SequentialStrategy, Items[CREATED]: 6, Triggers: Trigger: CenterAfterDriftTrigger, DistanceArcMinutes: 3, Target: M 27 RA: 19:59:36; Dec: 22° 43' 16"; Epoch: J2000 0
2026-09-01T21:31:20.9413|INFO|MeridianFlipTrigger.cs|ShouldTrigger|296|Meridian Flip - (Side of Pier usage is disabled) There is still time remaining. Max remaining time 01:34:30.3741705, next instruction time 0, next instruction Category: Telescopio, Item: Center, Coordinates RA: 19:59:36; Dec: 22° 43' 16"; Epoch: J2000
2026-09-01T21:31:20.9417|INFO|SequenceItem.cs|Run|208|Starting Category: Telescopio, Item: Center, Coordinates RA: 19:59:36; Dec: 22° 43' 16"; Epoch: J2000
2026-09-01T21:31:21.1215|INFO|PHD2Guider.cs|StopGuiding|704|Phd2 - Stop Guiding skipped, as the app is already in state Stopped
2026-09-01T21:31:21.3697|INFO|TelescopeVM.cs|SlewAsyncInternal|910|Slewing from RA: 20:37:58; Dec: 39° 19' 21"; Epoch: JNOW to RA: 20:00:47; Dec: 22° 47' 50"; Epoch: JNOW - Alt: 66° 46' 30"; Az: 143° 17' 07"
2026-09-01T21:31:40.6983|INFO|FilterWheelVM.cs|ChangeFilter|112|Moving to Filter L-Pro at Position 0
2026-09-01T21:31:52.6735|INFO|CameraVM.cs|Capture|742|Starting Exposure - Exposure Time: 15s; Filter: L-Pro; Gain: 15; Offset 132; Binning: 1x1;
2026-09-01T21:32:11.8788|WARNING|DeviceUpdateTimer.cs|Run|115|Camera value update cycle took longer than the device poll interval (Total: 2.22s > 2s; Poll: 00:00:02.2219629; Update: 00:00:00.0002053)
2026-09-01T21:32:12.8581|INFO|ImageSolver.cs|Solve|41|Platesolving with parameters: FocalLength: 1260 PixelSize: 4.54 SearchRadius: 30 BlindFailoverEnabled: True Regions: 5000 DownSampleFactor: 2 MaxObjects: 500 Reference Coordinates RA: 19:59:36 Dec: 22° 43' 16" Epoch: J2000
2026-09-01T21:32:13.1656|INFO|BaseImageData.cs|SaveToDisk|346|Saved image to C:\Users\PrimaLuceLab\AppData\Local\NINA\PlateSolver\lips22eu.umn.fits
2026-09-01T21:32:14.8585|INFO|ImageSolver.cs|Solve|54|Platesolve successful: Coordinates: RA: 20:02:37; Dec: 22° 42' 46"; Epoch: J2000 - Position Angle: 268.8090565813164
2026-09-01T21:32:14.8636|INFO|CenteringSolver.cs|Center|99|Centering Solver - Scope Position: RA: 20:00:47; Dec: 22° 47' 50"; Epoch: JNOW; Offset: RA: 00:00:00; Dec: 00° 00' 00"; Distance: 00° 00' 00"; Bearing: 00° 00' 00"; Centering Coordinates: RA: 20:00:47; Dec: 22° 47' 50"; Epoch: JNOW; Solved: RA: 20:03:47; Dec: 22° 47' 25"; Epoch: JNOW; Separation RA: -00:03:00; Dec: 00° 00' 25"; Distance: 00° 41' 35"; Bearing: -90° 25' 19"; Threshold: 1
2026-09-01T21:32:15.0253|INFO|TelescopeVM.cs|Sync|777|Syncing scope from RA: 20:00:47; Dec: 22° 47' 50"; Epoch: JNOW to RA: 20:03:47; Dec: 22° 47' 25"; Epoch: JNOW
2026-09-01T21:32:20.0290|INFO|CenteringSolver.cs|Center|132|Slewing to target after sync. Current Position: RA: 20:03:48; Dec: 22° 47' 25"; Epoch: JNOW; Target coordinates: RA: 20:00:47; Dec: 22° 47' 50"; Epoch: JNOW; Offset RA: 00:00:00; Dec: 00° 00' 00"; Distance: 00° 00' 00"; Bearing: 00° 00' 00"
2026-09-01T21:32:20.0387|INFO|TelescopeVM.cs|SlewAsyncInternal|910|Slewing from RA: 20:03:48; Dec: 22° 47' 25"; Epoch: JNOW to RA: 20:00:47; Dec: 22° 47' 50"; Epoch: JNOW - Alt: 66° 52' 59"; Az: 143° 47' 33"
2026-09-01T21:32:34.4632|INFO|CameraVM.cs|Capture|742|Starting Exposure - Exposure Time: 15s; Filter: L-Pro; Gain: 15; Offset 132; Binning: 1x1;
2026-09-01T21:32:54.6782|INFO|ImageSolver.cs|Solve|41|Platesolving with parameters: FocalLength: 1260 PixelSize: 4.54 SearchRadius: 30 BlindFailoverEnabled: True Regions: 5000 DownSampleFactor: 2 MaxObjects: 500 Reference Coordinates RA: 19:59:36 Dec: 22° 43' 16" Epoch: J2000
2026-09-01T21:32:54.9433|INFO|BaseImageData.cs|SaveToDisk|346|Saved image to C:\Users\PrimaLuceLab\AppData\Local\NINA\PlateSolver\hhlfrhnu.ozd.fits
2026-09-01T21:32:56.5318|INFO|ImageSolver.cs|Solve|54|Platesolve successful: Coordinates: RA: 19:59:36; Dec: 22° 43' 18"; Epoch: J2000 - Position Angle: 268.80276394165406
2026-09-01T21:32:56.5352|INFO|CenteringSolver.cs|Center|99|Centering Solver - Scope Position: RA: 20:00:47; Dec: 22° 47' 50"; Epoch: JNOW; Offset: RA: 00:00:00; Dec: 00° 00' 00"; Distance: 00° 00' 00"; Bearing: 00° 00' 00"; Centering Coordinates: RA: 20:00:47; Dec: 22° 47' 50"; Epoch: JNOW; Solved: RA: 20:00:46; Dec: 22° 47' 52"; Epoch: JNOW; Separation RA: 00:00:00; Dec: -00° 00' 02"; Distance: 00° 00' 06"; Bearing: 73° 27' 17"; Threshold: 1
2026-09-01T21:32:56.5392|INFO|CenteringSolver.cs|Center|165|Restoring filter to Blu after centering
2026-09-01T21:32:56.6513|INFO|FilterWheelVM.cs|ChangeFilter|112|Moving to Filter Blu at Position 4
2026-09-01T21:33:08.5242|INFO|SequenceItem.cs|Run|254|Finishing Category: Telescopio, Item: Center, Coordinates RA: 19:59:36; Dec: 22° 43' 16"; Epoch: J2000
2026-09-01T21:33:08.5251|INFO|MeridianFlipTrigger.cs|ShouldTrigger|296|Meridian Flip - (Side of Pier usage is disabled) There is still time remaining. Max remaining time 00:55:30.6450594, next instruction time 0, next instruction Category: Guida, Item: StartGuiding
2026-09-01T21:33:08.5254|INFO|SequenceItem.cs|Run|208|Starting Category: Guida, Item: StartGuiding
2026-09-01T21:33:08.6386|INFO|PHD2Guider.cs|TryStartGuideCommand|641|Phd2 - Requesting to start guiding. Recalibrate: False
2026-09-01T21:33:34.5777|INFO|SequenceItem.cs|Run|254|Finishing Category: Guida, Item: StartGuiding
2026-09-01T21:33:34.5781|INFO|MeridianFlipTrigger.cs|ShouldTrigger|296|Meridian Flip - (Side of Pier usage is disabled) There is still time remaining. Max remaining time 00:55:04.5492512, next instruction time 300, next instruction Category: Utilità, Item: WaitForTimeSpan, Time: 300s
2026-09-01T21:33:34.5782|INFO|SequenceItem.cs|Run|208|Starting Category: Utilità, Item: WaitForTimeSpan, Time: 300s
2026-09-01T21:38:35.7001|INFO|SequenceItem.cs|Run|254|Finishing Category: Utilità, Item: WaitForTimeSpan, Time: 300s
2026-09-01T21:38:35.7014|INFO|MeridianFlipTrigger.cs|ShouldTrigger|296|Meridian Flip - (Side of Pier usage is disabled) There is still time remaining. Max remaining time 00:50:01.4583664, next instruction time 600, next instruction Category: Fotocamera, Container: NINA.Sequencer.SequenceItem.Imaging.SmartExposure, Strategy: SequentialStrategy, Items[CREATED]: 2, Conditions: Condition: LoopCondition, Iterations: 0/5, , Triggers: Trigger: DitherAfterExposures, After Exposures: 1
2026-09-01T21:38:35.7017|INFO|SequenceItem.cs|Run|208|Starting Category: Fotocamera, Container: NINA.Sequencer.SequenceItem.Imaging.SmartExposure, Strategy: SequentialStrategy, Items[CREATED]: 2, Conditions: Condition: LoopCondition, Iterations: 0/5, , Triggers: Trigger: DitherAfterExposures, After Exposures: 1
2026-09-01T21:38:35.7033|INFO|MeridianFlipTrigger.cs|ShouldTrigger|296|Meridian Flip - (Side of Pier usage is disabled) There is still time remaining. Max remaining time 00:50:01.4583664, next instruction time 0, next instruction Category: Ruota porta filtri, Item: SwitchFilter, Filter: Blu
2026-09-01T21:38:35.7034|INFO|SequenceItem.cs|Run|208|Starting Category: Ruota porta filtri, Item: SwitchFilter, Filter: Blu
2026-09-01T21:38:35.8204|INFO|SequenceItem.cs|Run|254|Finishing Category: Ruota porta filtri, Item: SwitchFilter, Filter: Blu
2026-09-01T21:38:35.8218|INFO|MeridianFlipTrigger.cs|ShouldTrigger|296|Meridian Flip - (Side of Pier usage is disabled) There is still time remaining. Max remaining time 00:50:01.4583664, next instruction time 600, next instruction Category: Fotocamera, Item: TakeExposure, ExposureTime 600, Gain 15, Offset 132, ImageType LIGHT, Binning 1x1
2026-09-01T21:38:35.8259|INFO|SequenceTrigger.cs|Run|114|Starting Trigger: RestoreGuiding
2026-09-01T21:38:35.8298|INFO|SequenceItem.cs|Run|208|Starting Category: * Set di Istruzioni *, Container: NINA.Sequencer.Container.SequentialContainer, Strategy: SequentialStrategy, Items[CREATED]: 1
2026-09-01T21:38:35.8301|INFO|SequenceItem.cs|Run|208|Starting Category: Guida, Item: StartGuiding
2026-09-01T21:38:35.8559|INFO|PHD2Guider.cs|StartGuidingPrivate|504|Phd2 - App is already guiding. Skipping start guiding
2026-09-01T21:38:35.8560|INFO|SequenceItem.cs|Run|254|Finishing Category: Guida, Item: StartGuiding
2026-09-01T21:38:35.8561|INFO|SequenceItem.cs|Run|254|Finishing Category: * Set di Istruzioni *, Container: NINA.Sequencer.Container.SequentialContainer, Strategy: SequentialStrategy, Items[FINISHED]: 1
2026-09-01T21:38:35.8584|INFO|SequenceItem.cs|Run|208|Starting Category: Fotocamera, Item: TakeExposure, ExposureTime 600, Gain 15, Offset 132, ImageType LIGHT, Binning 1x1
2026-09-01T21:38:35.8635|INFO|CameraVM.cs|Capture|742|Starting Exposure - Exposure Time: 600s; Filter: ; Gain: 15; Offset 132; Binning: 1x1;
2026-09-01T21:48:34.4791|WARNING|DeviceUpdateTimer.cs|Run|115|Dome value update cycle took longer than the device poll interval (Total: 2.30s > 2s; Poll: 00:00:00.0058128; Update: 00:00:02.2966566)
2026-09-01T21:48:42.0342|WARNING|DeviceUpdateTimer.cs|Run|115|Camera value update cycle took longer than the device poll interval (Total: 11.85s > 2s; Poll: 00:00:11.8465162; Update: 00:00:00.0001274)
2026-09-01T21:48:42.0754|INFO|SequenceItem.cs|Run|254|Finishing Category: Fotocamera, Item: TakeExposure, ExposureTime 600, Gain 15, Offset 132, ImageType LIGHT, Binning 1x1
2026-09-01T21:48:42.1143|INFO|MeridianFlipTrigger.cs|ShouldTrigger|296|Meridian Flip - (Side of Pier usage is disabled) There is still time remaining. Max remaining time 00:39:54.4470471, next instruction time 0, next instruction Category: Ruota porta filtri, Item: SwitchFilter, Filter: Blu
2026-09-01T21:48:42.1144|INFO|SequenceItem.cs|Run|208|Starting Category: Ruota porta filtri, Item: SwitchFilter, Filter: Blu
2026-09-01T21:48:42.2708|INFO|SequenceItem.cs|Run|254|Finishing Category: Ruota porta filtri, Item: SwitchFilter, Filter: Blu
2026-09-01T21:48:42.2732|INFO|SequenceTrigger.cs|Run|114|Starting Trigger: DitherAfterExposures, After Exposures: 1
2026-09-01T21:48:42.2741|INFO|SequenceItem.cs|Run|208|Starting Category: * Set di Istruzioni *, Container: NINA.Sequencer.Container.SequentialContainer, Strategy: SequentialStrategy, Items[CREATED]: 1
2026-09-01T21:48:42.2744|INFO|SequenceItem.cs|Run|208|Starting Category: Guida, Item: Dither
2026-09-01T21:48:44.8097|INFO|BaseImageData.cs|SaveToDisk|346|Saved image to D:\Images NINA\Target\LIGHT_1x1_600.00s_15_132_M 27_Celestron C8__-9.96C_Blu_0014_2026-09-01_21-38-35_FWHM_NaN_Fok_38769.xisf
2026-09-01T21:48:44.8102|INFO|ImageSaveController.cs|DoWork|97|Successfully saved file at D:\Images NINA\Target\LIGHT_1x1_600.00s_15_132_M 27_Celestron C8__-9.96C_Blu_0014_2026-09-01_21-38-35_FWHM_NaN_Fok_38769.xisf. Duration Total: 00:00:02.3344723; BeforeSave: 00:00:00.0060759; BeforeFinalizeImageSaved: 00:00:01.5320109; FinalizeSaveTime: 00:00:00.7963841
2026-09-01T21:49:01.4078|INFO|SequenceItem.cs|Run|254|Finishing Category: Guida, Item: Dither
2026-09-01T21:49:01.4082|INFO|SequenceItem.cs|Run|254|Finishing Category: * Set di Istruzioni *, Container: NINA.Sequencer.Container.SequentialContainer, Strategy: SequentialStrategy, Items[FINISHED]: 1
2026-09-01T21:49:01.4085|INFO|MeridianFlipTrigger.cs|ShouldTrigger|296|Meridian Flip - (Side of Pier usage is disabled) There is still time remaining. Max remaining time 00:39:33.3422247, next instruction time 600, next instruction Category: Fotocamera, Item: TakeExposure, ExposureTime 600, Gain 15, Offset 132, ImageType LIGHT, Binning 1x1
2026-09-01T21:49:01.4086|INFO|SequenceTrigger.cs|Run|114|Starting Trigger: RestoreGuiding
2026-09-01T21:49:01.4086|INFO|SequenceItem.cs|Run|208|Starting Category: * Set di Istruzioni *, Container: NINA.Sequencer.Container.SequentialContainer, Strategy: SequentialStrategy, Items[CREATED]: 1
2026-09-01T21:49:01.4087|INFO|SequenceItem.cs|Run|208|Starting Category: Guida, Item: StartGuiding
2026-09-01T21:49:01.4615|INFO|PHD2Guider.cs|StartGuidingPrivate|504|Phd2 - App is already guiding. Skipping start guiding
2026-09-01T21:49:01.4617|INFO|SequenceItem.cs|Run|254|Finishing Category: Guida, Item: StartGuiding
2026-09-01T21:49:01.4619|INFO|SequenceItem.cs|Run|254|Finishing Category: * Set di Istruzioni *, Container: NINA.Sequencer.Container.SequentialContainer, Strategy: SequentialStrategy, Items[FINISHED]: 1
2026-09-01T21:49:01.4718|INFO|SequenceItem.cs|Run|208|Starting Category: Fotocamera, Item: TakeExposure, ExposureTime 600, Gain 15, Offset 132, ImageType LIGHT, Binning 1x1
2026-09-01T21:49:01.4723|INFO|CameraVM.cs|Capture|742|Starting Exposure - Exposure Time: 600s; Filter: ; Gain: 15; Offset 132; Binning: 1x1;
2026-09-01T21:59:07.6502|WARNING|DeviceUpdateTimer.cs|Run|115|Camera value update cycle took longer than the device poll interval (Total: 11.46s > 2s; Poll: 00:00:11.4593763; Update: 00:00:00.0015100)
2026-09-01T21:59:07.7078|INFO|SequenceItem.cs|Run|254|Finishing Category: Fotocamera, Item: TakeExposure, ExposureTime 600, Gain 15, Offset 132, ImageType LIGHT, Binning 1x1
2026-09-01T21:59:07.7487|INFO|MeridianFlipTrigger.cs|ShouldTrigger|296|Meridian Flip - (Side of Pier usage is disabled) There is still time remaining. Max remaining time 00:29:27.6611050, next instruction time 0, next instruction Category: Ruota porta filtri, Item: SwitchFilter, Filter: Blu
2026-09-01T21:59:07.7491|INFO|SequenceItem.cs|Run|208|Starting Category: Ruota porta filtri, Item: SwitchFilter, Filter: Blu
2026-09-01T21:59:07.9704|INFO|SequenceItem.cs|Run|254|Finishing Category: Ruota porta filtri, Item: SwitchFilter, Filter: Blu
2026-09-01T21:59:07.9710|INFO|SequenceTrigger.cs|Run|114|Starting Trigger: DitherAfterExposures, After Exposures: 1
2026-09-01T21:59:07.9711|INFO|SequenceItem.cs|Run|208|Starting Category: * Set di Istruzioni *, Container: NINA.Sequencer.Container.SequentialContainer, Strategy: SequentialStrategy, Items[CREATED]: 1
2026-09-01T21:59:07.9720|INFO|SequenceItem.cs|Run|208|Starting Category: Guida, Item: Dither
2026-09-01T21:59:09.6213|INFO|BaseImageData.cs|SaveToDisk|346|Saved image to D:\Images NINA\Target\LIGHT_1x1_600.00s_15_132_M 27_Celestron C8__-9.96C_Blu_0015_2026-09-01_21-49-01_FWHM_NaN_Fok_38769.xisf
2026-09-01T21:59:09.6214|INFO|ImageSaveController.cs|DoWork|97|Successfully saved file at D:\Images NINA\Target\LIGHT_1x1_600.00s_15_132_M 27_Celestron C8__-9.96C_Blu_0015_2026-09-01_21-49-01_FWHM_NaN_Fok_38769.xisf. Duration Total: 00:00:01.5133929; BeforeSave: 00:00:00.2146591; BeforeFinalizeImageSaved: 00:00:01.2711955; FinalizeSaveTime: 00:00:00.0275372
2026-09-01T21:59:10.8509|WARNING|DeviceUpdateTimer.cs|Run|115|Dome value update cycle took longer than the device poll interval (Total: 2.36s > 2s; Poll: 00:00:00.0085121; Update: 00:00:02.3534362)
2026-09-01T21:59:38.4112|INFO|SequenceItem.cs|Run|254|Finishing Category: Guida, Item: Dither
2026-09-01T21:59:38.4115|INFO|SequenceItem.cs|Run|254|Finishing Category: * Set di Istruzioni *, Container: NINA.Sequencer.Container.SequentialContainer, Strategy: SequentialStrategy, Items[FINISHED]: 1
2026-09-01T21:59:38.4116|INFO|MeridianFlipTrigger.cs|ShouldTrigger|296|Meridian Flip - (Side of Pier usage is disabled) There is still time remaining. Max remaining time 00:28:54.5181089, next instruction time 600, next instruction Category: Fotocamera, Item: TakeExposure, ExposureTime 600, Gain 15, Offset 132, ImageType LIGHT, Binning 1x1
2026-09-01T21:59:38.4117|INFO|SequenceTrigger.cs|Run|114|Starting Trigger: RestoreGuiding
2026-09-01T21:59:38.4118|INFO|SequenceItem.cs|Run|208|Starting Category: * Set di Istruzioni *, Container: NINA.Sequencer.Container.SequentialContainer, Strategy: SequentialStrategy, Items[CREATED]: 1
2026-09-01T21:59:38.4118|INFO|SequenceItem.cs|Run|208|Starting Category: Guida, Item: StartGuiding
2026-09-01T21:59:38.4497|INFO|PHD2Guider.cs|StartGuidingPrivate|504|Phd2 - App is already guiding. Skipping start guiding
2026-09-01T21:59:38.4499|INFO|SequenceItem.cs|Run|254|Finishing Category: Guida, Item: StartGuiding
2026-09-01T21:59:38.4504|INFO|SequenceItem.cs|Run|254|Finishing Category: * Set di Istruzioni *, Container: NINA.Sequencer.Container.SequentialContainer, Strategy: SequentialStrategy, Items[FINISHED]: 1
2026-09-01T21:59:38.4564|INFO|SequenceItem.cs|Run|208|Starting Category: Fotocamera, Item: TakeExposure, ExposureTime 600, Gain 15, Offset 132, ImageType LIGHT, Binning 1x1
2026-09-01T21:59:38.4569|INFO|CameraVM.cs|Capture|742|Starting Exposure - Exposure Time: 600s; Filter: ; Gain: 15; Offset 132; Binning: 1x1;
2026-09-01T22:09:21.5733|WARNING|DeviceUpdateTimer.cs|Run|115|Dome value update cycle took longer than the device poll interval (Total: 3.16s > 2s; Poll: 00:00:00.0029968; Update: 00:00:03.1572830)
2026-09-01T22:09:44.6611|WARNING|DeviceUpdateTimer.cs|Run|115|Camera value update cycle took longer than the device poll interval (Total: 6.96s > 2s; Poll: 00:00:06.9537407; Update: 00:00:00.0034825)
2026-09-01T22:09:44.6689|INFO|SequenceItem.cs|Run|254|Finishing Category: Fotocamera, Item: TakeExposure, ExposureTime 600, Gain 15, Offset 132, ImageType LIGHT, Binning 1x1
2026-09-01T22:09:44.6693|INFO|MeridianFlipTrigger.cs|ShouldTrigger|296|Meridian Flip - (Side of Pier usage is disabled) There is still time remaining. Max remaining time 00:18:47.0835527, next instruction time 0, next instruction Category: Ruota porta filtri, Item: SwitchFilter, Filter: Blu
2026-09-01T22:09:44.6693|INFO|SequenceItem.cs|Run|208|Starting Category: Ruota porta filtri, Item: SwitchFilter, Filter: Blu
2026-09-01T22:09:44.8464|INFO|SequenceItem.cs|Run|254|Finishing Category: Ruota porta filtri, Item: SwitchFilter, Filter: Blu
2026-09-01T22:09:44.8475|INFO|SequenceTrigger.cs|Run|114|Starting Trigger: DitherAfterExposures, After Exposures: 1
2026-09-01T22:09:44.8477|INFO|SequenceItem.cs|Run|208|Starting Category: * Set di Istruzioni *, Container: NINA.Sequencer.Container.SequentialContainer, Strategy: SequentialStrategy, Items[CREATED]: 1
2026-09-01T22:09:44.8478|INFO|SequenceItem.cs|Run|208|Starting Category: Guida, Item: Dither
2026-09-01T22:09:46.1940|INFO|BaseImageData.cs|SaveToDisk|346|Saved image to D:\Images NINA\Target\LIGHT_1x1_600.00s_15_132_M 27_Celestron C8__-9.96C_Blu_0016_2026-09-01_21-59-38_FWHM_NaN_Fok_38769.xisf
2026-09-01T22:09:46.1941|INFO|ImageSaveController.cs|DoWork|97|Successfully saved file at D:\Images NINA\Target\LIGHT_1x1_600.00s_15_132_M 27_Celestron C8__-9.96C_Blu_0016_2026-09-01_21-59-38_FWHM_NaN_Fok_38769.xisf. Duration Total: 00:00:01.2623818; BeforeSave: 00:00:00.0001247; BeforeFinalizeImageSaved: 00:00:01.2164826; FinalizeSaveTime: 00:00:00.0457740
2026-09-01T22:09:58.3296|INFO|SequenceItem.cs|Run|254|Finishing Category: Guida, Item: Dither
2026-09-01T22:09:58.3298|INFO|SequenceItem.cs|Run|254|Finishing Category: * Set di Istruzioni *, Container: NINA.Sequencer.Container.SequentialContainer, Strategy: SequentialStrategy, Items[FINISHED]: 1
2026-09-01T22:09:58.3300|INFO|MeridianFlipTrigger.cs|ShouldTrigger|296|Meridian Flip - (Side of Pier usage is disabled) There is still time remaining. Max remaining time 00:18:32.9791892, next instruction time 600, next instruction Category: Fotocamera, Item: TakeExposure, ExposureTime 600, Gain 15, Offset 132, ImageType LIGHT, Binning 1x1
2026-09-01T22:09:58.3300|INFO|SequenceTrigger.cs|Run|114|Starting Trigger: RestoreGuiding
2026-09-01T22:09:58.3301|INFO|SequenceItem.cs|Run|208|Starting Category: * Set di Istruzioni *, Container: NINA.Sequencer.Container.SequentialContainer, Strategy: SequentialStrategy, Items[CREATED]: 1
2026-09-01T22:09:58.3301|INFO|SequenceItem.cs|Run|208|Starting Category: Guida, Item: StartGuiding
2026-09-01T22:09:58.3645|INFO|PHD2Guider.cs|StartGuidingPrivate|504|Phd2 - App is already guiding. Skipping start guiding
2026-09-01T22:09:58.3646|INFO|SequenceItem.cs|Run|254|Finishing Category: Guida, Item: StartGuiding
2026-09-01T22:09:58.3648|INFO|SequenceItem.cs|Run|254|Finishing Category: * Set di Istruzioni *, Container: NINA.Sequencer.Container.SequentialContainer, Strategy: SequentialStrategy, Items[FINISHED]: 1
2026-09-01T22:09:58.3812|INFO|SequenceItem.cs|Run|208|Starting Category: Fotocamera, Item: TakeExposure, ExposureTime 600, Gain 15, Offset 132, ImageType LIGHT, Binning 1x1
2026-09-01T22:09:58.3816|INFO|CameraVM.cs|Capture|742|Starting Exposure - Exposure Time: 600s; Filter: ; Gain: 15; Offset 132; Binning: 1x1;
2026-09-01T22:20:00.8803|WARNING|DeviceUpdateTimer.cs|Run|115|Dome value update cycle took longer than the device poll interval (Total: 2.34s > 2s; Poll: 00:00:00.0032244; Update: 00:00:02.3414775)
2026-09-01T22:20:04.5585|WARNING|DeviceUpdateTimer.cs|Run|115|Camera value update cycle took longer than the device poll interval (Total: 8.04s > 2s; Poll: 00:00:08.0134476; Update: 00:00:00.0268721)
2026-09-01T22:20:04.5631|INFO|SequenceItem.cs|Run|254|Finishing Category: Fotocamera, Item: TakeExposure, ExposureTime 600, Gain 15, Offset 132, ImageType LIGHT, Binning 1x1
2026-09-01T22:20:04.5635|INFO|MeridianFlipTrigger.cs|ShouldTrigger|296|Meridian Flip - (Side of Pier usage is disabled) There is still time remaining. Max remaining time 00:08:25.2759660, next instruction time 0, next instruction Category: Ruota porta filtri, Item: SwitchFilter, Filter: Blu
2026-09-01T22:20:04.5635|INFO|SequenceItem.cs|Run|208|Starting Category: Ruota porta filtri, Item: SwitchFilter, Filter: Blu
2026-09-01T22:20:04.6919|INFO|SequenceItem.cs|Run|254|Finishing Category: Ruota porta filtri, Item: SwitchFilter, Filter: Blu
2026-09-01T22:20:04.6922|WARNING|DitherAfterExposures.cs|ShouldTrigger|118|Dither should be triggered, however the meridian flip is too close to be executed
2026-09-01T22:20:04.6923|INFO|MeridianFlipTrigger.cs|ShouldTrigger|290|Meridian Flip - (Side of Pier usage is disabled) No more remaining time available before flip. Max remaining time 00:08:25.2759660, next instruction time 600, next instruction Category: Fotocamera, Item: TakeExposure, ExposureTime 600, Gain 15, Offset 132, ImageType LIGHT, Binning 1x1. Flip should happen now
2026-09-01T22:20:04.6923|INFO|SequenceTrigger.cs|Run|114|Starting Trigger: MeridianFlipTrigger
2026-09-01T22:20:04.7008|INFO|MeridianFlipVM.cs|DoMeridianFlip|160|Meridian Flip - Initializing Meridian Flip. 
Current target coordinates RA: 19:59:36 Dec: 22° 43' 16" Epoch: J2000
Remaining wait time: 00:15:25.2759660
Pause Time Before Meridian: 2
Minutes After Meridian: 5
Max Minutes After Meridian: 6
AutoFocus After Flip: True
Recenter: True
Use SideOfPier: False
Settle Time: 30
2026-09-01T22:20:04.8082|INFO|MeridianFlipVM.cs|StopAutoguider|348|Meridian Flip - Stopping Autoguider
2026-09-01T22:20:06.2284|INFO|BaseImageData.cs|SaveToDisk|346|Saved image to D:\Images NINA\Target\LIGHT_1x1_600.00s_15_132_M 27_Celestron C8__-9.96C_Blu_0017_2026-09-01_22-09-58_FWHM_NaN_Fok_38769.xisf
2026-09-01T22:20:06.2285|INFO|ImageSaveController.cs|DoWork|97|Successfully saved file at D:\Images NINA\Target\LIGHT_1x1_600.00s_15_132_M 27_Celestron C8__-9.96C_Blu_0017_2026-09-01_22-09-58_FWHM_NaN_Fok_38769.xisf. Duration Total: 00:00:01.3594560; BeforeSave: 00:00:00.0000870; BeforeFinalizeImageSaved: 00:00:01.3279613; FinalizeSaveTime: 00:00:00.0314072
2026-09-01T22:20:06.2388|INFO|MeridianFlipVM.cs|PassMeridian|257|Meridian Flip - Stopping tracking to pass meridian
2026-09-01T22:35:31.2605|INFO|MeridianFlipVM.cs|PassMeridian|269|Meridian Flip - Resuming tracking after passing meridian
2026-09-01T22:35:31.2714|INFO|MeridianFlipVM.cs|DoFlip|124|Meridian Flip - Scope will flip to coordinates RA: 19:59:36 Dec: 22° 43' 16" Epoch: J2000
2026-09-01T22:35:31.2981|INFO|AscomTelescope.cs|MeridianFlip|351|Current side of pier is pierWest, which should be a counter weight down position already. Setting side of pier will be done after the first slew attempt if the mount did not flip the pier side by then.
2026-09-01T22:35:31.2982|INFO|AscomTelescope.cs|MeridianFlip|365|Slewing to coordinates RA: 20:00:47; Dec: 22° 47' 50"; Epoch: JNOW. Attempt 1 / 20
2026-09-01T22:36:38.4424|INFO|AscomTelescope.cs|MeridianFlip|380|Finished slewing to coordinates. Slew was successful. Setting pier side was successful
2026-09-01T22:36:40.9625|INFO|MeridianFlipVM.cs|Settle|335|Meridian Flip - Settling scope for 30
2026-09-01T22:37:09.9758|INFO|MeridianFlipVM.cs|AutoFocus|231|Meridian Flip - Running Autofocus
2026-09-01T22:37:10.1454|INFO|FocuserMediator.cs|BroadcastAutoFocusRunStarting|92|Autofocus starting notification received
2026-09-01T22:37:10.1624|INFO|PHD2Guider.cs|StopGuiding|704|Phd2 - Stop Guiding skipped, as the app is already in state Stopped
2026-09-01T22:37:10.1626|INFO|AutoFocusEngine.cs|RunAutoFocus|929|Starting AutoFocus with initial position 38769
2026-09-01T22:37:10.2848|INFO|CameraVM.cs|Capture|742|Starting Exposure - Exposure Time: 10s; Filter: Blu; Gain: 15; Offset 132; Binning: 2x2;
2026-09-01T22:37:21.5899|INFO|AutoFocusEngine.cs|StartBlindFocusPoints|769|Waiting on initial HFR analysis
2026-09-01T22:37:21.5903|INFO|FocuserVM.cs|MoveFocuserInternal|216|Moving Focuser to position 39569
2026-09-01T22:37:22.3390|INFO|HocusFocusStarDetection.cs|Detect|413|Average HFR: 2.576128267887529, HFR MAD: 0.3364565527859029, Detected Stars 124, Region: 0
2026-09-01T22:37:30.2112|INFO|CameraVM.cs|Capture|742|Starting Exposure - Exposure Time: 10s; Filter: Blu; Gain: 15; Offset 132; Binning: 2x2;
2026-09-01T22:37:41.5452|INFO|FocuserVM.cs|MoveFocuserInternal|216|Moving Focuser to position 39369
2026-09-01T22:37:42.2347|INFO|HocusFocusStarDetection.cs|Detect|413|Average HFR: 1.7606368747302796, HFR MAD: 0.14296433793800944, Detected Stars 131, Region: 0
2026-09-01T22:37:47.3451|INFO|CameraVM.cs|Capture|742|Starting Exposure - Exposure Time: 10s; Filter: Blu; Gain: 15; Offset 132; Binning: 2x2;
2026-09-01T22:37:58.6756|INFO|FocuserVM.cs|MoveFocuserInternal|216|Moving Focuser to position 39169
2026-09-01T22:37:59.6598|INFO|HocusFocusStarDetection.cs|Detect|413|Average HFR: 1.778671425283196, HFR MAD: 0.11981722740006351, Detected Stars 117, Region: 0
2026-09-01T22:38:04.5729|INFO|CameraVM.cs|Capture|742|Starting Exposure - Exposure Time: 10s; Filter: Blu; Gain: 15; Offset 132; Binning: 2x2;
2026-09-01T22:38:15.8799|INFO|FocuserVM.cs|MoveFocuserInternal|216|Moving Focuser to position 38969
2026-09-01T22:38:16.6225|INFO|HocusFocusStarDetection.cs|Detect|413|Average HFR: 1.7734651390143292, HFR MAD: 0.1271774478834451, Detected Stars 125, Region: 0
2026-09-01T22:38:21.1987|INFO|CameraVM.cs|Capture|742|Starting Exposure - Exposure Time: 10s; Filter: Blu; Gain: 15; Offset 132; Binning: 2x2;
2026-09-01T22:38:32.5201|INFO|AutoFocusEngine.cs|StartBlindFocusPoints|797|Waiting on initial focuser move analyses
2026-09-01T22:38:33.2711|INFO|HocusFocusStarDetection.cs|Detect|413|Average HFR: 1.9600414252582972, HFR MAD: 0.16991694969297577, Detected Stars 135, Region: 0
2026-09-01T22:38:33.3022|INFO|FocuserVM.cs|MoveFocuserInternal|216|Moving Focuser to position 38769
2026-09-01T22:38:38.5418|INFO|CameraVM.cs|Capture|742|Starting Exposure - Exposure Time: 10s; Filter: Blu; Gain: 15; Offset 132; Binning: 2x2;
2026-09-01T22:38:49.8570|INFO|AutoFocusEngine.cs|StartBlindFocusPoints|870|Waiting on next left movement analysis
2026-09-01T22:38:50.5399|INFO|HocusFocusStarDetection.cs|Detect|413|Average HFR: 2.1314514892256113, HFR MAD: 0.2521649545641851, Detected Stars 124, Region: 0
2026-09-01T22:38:50.7195|INFO|FocuserVM.cs|MoveFocuserInternal|216|Moving Focuser to position 38569
2026-09-01T22:38:56.2423|INFO|CameraVM.cs|Capture|742|Starting Exposure - Exposure Time: 10s; Filter: Blu; Gain: 15; Offset 132; Binning: 2x2;
2026-09-01T22:39:07.5586|INFO|AutoFocusEngine.cs|StartBlindFocusPoints|870|Waiting on next left movement analysis
2026-09-01T22:39:08.3193|INFO|HocusFocusStarDetection.cs|Detect|413|Average HFR: 2.4532353586411078, HFR MAD: 0.28493135721204466, Detected Stars 123, Region: 0
2026-09-01T22:39:08.5149|INFO|FocuserVM.cs|MoveFocuserInternal|216|Moving Focuser to position 38369
2026-09-01T22:39:14.1982|INFO|CameraVM.cs|Capture|742|Starting Exposure - Exposure Time: 10s; Filter: Blu; Gain: 15; Offset 132; Binning: 2x2;
2026-09-01T22:39:25.5803|INFO|AutoFocusEngine.cs|StartBlindFocusPoints|870|Waiting on next left movement analysis
2026-09-01T22:39:26.2681|INFO|HocusFocusStarDetection.cs|Detect|413|Average HFR: 2.57900381896525, HFR MAD: 0.33713497832248684, Detected Stars 115, Region: 0
2026-09-01T22:39:26.3813|INFO|FocuserVM.cs|MoveFocuserInternal|216|Moving Focuser to position 39769
2026-09-01T22:39:38.2155|INFO|CameraVM.cs|Capture|742|Starting Exposure - Exposure Time: 10s; Filter: Blu; Gain: 15; Offset 132; Binning: 2x2;
2026-09-01T22:39:49.5341|INFO|AutoFocusEngine.cs|StartBlindFocusPoints|884|Waiting on next right movement analysis
2026-09-01T22:39:50.2582|INFO|HocusFocusStarDetection.cs|Detect|413|Average HFR: 1.704754315522534, HFR MAD: 0.09430580691257728, Detected Stars 117, Region: 0
2026-09-01T22:39:50.3405|INFO|FocuserVM.cs|MoveFocuserInternal|216|Moving Focuser to position 39969
2026-09-01T22:39:56.1984|INFO|CameraVM.cs|Capture|742|Starting Exposure - Exposure Time: 10s; Filter: Blu; Gain: 15; Offset 132; Binning: 2x2;
2026-09-01T22:40:07.5226|INFO|AutoFocusEngine.cs|StartBlindFocusPoints|884|Waiting on next right movement analysis
2026-09-01T22:40:08.2784|INFO|HocusFocusStarDetection.cs|Detect|413|Average HFR: 1.8068266198615355, HFR MAD: 0.11254026012238061, Detected Stars 134, Region: 0
2026-09-01T22:40:08.3180|INFO|AutoFocusEngine.cs|StartBlindFocusPoints|823|Enough left trend points (4) with an established minimum (39769) to queue remaining right focus points up to 40569
2026-09-01T22:40:08.3184|INFO|FocuserVM.cs|MoveFocuserInternal|216|Moving Focuser to position 40169
2026-09-01T22:40:14.1702|INFO|CameraVM.cs|Capture|742|Starting Exposure - Exposure Time: 10s; Filter: Blu; Gain: 15; Offset 132; Binning: 2x2;
2026-09-01T22:40:25.4969|INFO|FocuserVM.cs|MoveFocuserInternal|216|Moving Focuser to position 40369
2026-09-01T22:40:26.1745|INFO|HocusFocusStarDetection.cs|Detect|413|Average HFR: 1.7922665129698638, HFR MAD: 0.10484682656428213, Detected Stars 131, Region: 0
2026-09-01T22:40:31.2126|INFO|CameraVM.cs|Capture|742|Starting Exposure - Exposure Time: 10s; Filter: Blu; Gain: 15; Offset 132; Binning: 2x2;
2026-09-01T22:40:42.5536|INFO|FocuserVM.cs|MoveFocuserInternal|216|Moving Focuser to position 40569
2026-09-01T22:40:43.2951|INFO|HocusFocusStarDetection.cs|Detect|413|Average HFR: 1.9047402984836301, HFR MAD: 0.12658892810991262, Detected Stars 151, Region: 0
2026-09-01T22:40:44.7332|WARNING|DeviceUpdateTimer.cs|Run|115|Dome value update cycle took longer than the device poll interval (Total: 2.21s > 2s; Poll: 00:00:00.0034686; Update: 00:00:02.2108743)
2026-09-01T22:40:48.2028|INFO|CameraVM.cs|Capture|742|Starting Exposure - Exposure Time: 10s; Filter: Blu; Gain: 15; Offset 132; Binning: 2x2;
2026-09-01T22:40:59.5378|INFO|AutoFocusEngine.cs|StartBlindFocusPoints|896|Waiting on remaining AutoFocus analysis tasks
2026-09-01T22:41:00.3001|INFO|HocusFocusStarDetection.cs|Detect|413|Average HFR: 2.288570150247283, HFR MAD: 0.17879171899408686, Detected Stars 139, Region: 0
2026-09-01T22:41:00.3549|INFO|FocuserVM.cs|MoveFocuserInternal|216|Moving Focuser to position 39698
2026-09-01T22:41:10.0709|INFO|AutoFocusEngine.cs|ValidateCalculatedFocusPosition|1141|Validating HFR at final focus position 39698
2026-09-01T22:41:10.1862|INFO|CameraVM.cs|Capture|742|Starting Exposure - Exposure Time: 10s; Filter: Blu; Gain: 15; Offset 132; Binning: 2x2;
2026-09-01T22:41:22.2009|INFO|HocusFocusStarDetection.cs|Detect|413|Average HFR: 1.9125702922926138, HFR MAD: 0.13821472421907943, Detected Stars 138, Region: 0
2026-09-01T22:41:22.2168|INFO|HocusFocusVM.cs|AutoFocusEngine_Completed|473|AutoFocus completed with focuser starting at 38769 and ending at 39698
2026-09-01T22:41:22.2195|INFO|FocuserMediator.cs|BroadcastSuccessfulAutoFocusRun|46|Autofocus notification received - Temperature 23.75
2026-09-01T22:41:22.3675|INFO|AutoFocusEngine.cs|PerformPostAutoFocusActions|1022|Re-enabling temperature compensation after AutoFocus
2026-09-01T22:41:22.3965|INFO|MeridianFlipVM.cs|Recenter|278|Meridian Flip - Recenter after meridian flip
2026-09-01T22:41:22.5083|INFO|FilterWheelVM.cs|ChangeFilter|112|Moving to Filter L-Pro at Position 0
2026-09-01T22:41:34.5522|INFO|CameraVM.cs|Capture|742|Starting Exposure - Exposure Time: 15s; Filter: L-Pro; Gain: 15; Offset 132; Binning: 1x1;
2026-09-01T22:41:53.7606|WARNING|DeviceUpdateTimer.cs|Run|115|Camera value update cycle took longer than the device poll interval (Total: 2.61s > 2s; Poll: 00:00:02.6118022; Update: 00:00:00.0005884)
2026-09-01T22:41:54.5491|INFO|ImageSolver.cs|Solve|41|Platesolving with parameters: FocalLength: 1260 PixelSize: 4.54 SearchRadius: 30 BlindFailoverEnabled: True Regions: 5000 DownSampleFactor: 2 MaxObjects: 500 Reference Coordinates RA: 19:59:36 Dec: 22° 43' 16" Epoch: J2000
2026-09-01T22:41:54.9016|INFO|BaseImageData.cs|SaveToDisk|346|Saved image to C:\Users\PrimaLuceLab\AppData\Local\NINA\PlateSolver\vlbx2mc0.r4z.fits
2026-09-01T22:41:56.0792|INFO|ImageSolver.cs|Solve|54|Platesolve successful: Coordinates: RA: 19:56:30; Dec: 22° 52' 45"; Epoch: J2000 - Position Angle: 89.46773775309845
2026-09-01T22:41:56.0815|INFO|CenteringSolver.cs|Center|99|Centering Solver - Scope Position: RA: 20:00:48; Dec: 22° 47' 43"; Epoch: JNOW; Offset: RA: 00:00:00; Dec: 00° 00' 00"; Distance: 00° 00' 00"; Bearing: 00° 00' 00"; Centering Coordinates: RA: 20:00:47; Dec: 22° 47' 50"; Epoch: JNOW; Solved: RA: 19:57:40; Dec: 22° 57' 13"; Epoch: JNOW; Separation RA: 00:03:07; Dec: -00° 09' 23"; Distance: 00° 44' 02"; Bearing: 77° 33' 14"; Threshold: 1
2026-09-01T22:41:56.2832|INFO|TelescopeVM.cs|Sync|777|Syncing scope from RA: 20:00:48; Dec: 22° 47' 43"; Epoch: JNOW to RA: 19:57:40; Dec: 22° 57' 13"; Epoch: JNOW
2026-09-01T22:42:01.2987|INFO|CenteringSolver.cs|Center|132|Slewing to target after sync. Current Position: RA: 19:57:40; Dec: 22° 57' 13"; Epoch: JNOW; Target coordinates: RA: 20:00:47; Dec: 22° 47' 50"; Epoch: JNOW; Offset RA: 00:00:00; Dec: 00° 00' 00"; Distance: 00° 00' 00"; Bearing: 00° 00' 00"
2026-09-01T22:42:01.3054|INFO|TelescopeVM.cs|SlewAsyncInternal|910|Slewing from RA: 19:57:40; Dec: 22° 57' 13"; Epoch: JNOW to RA: 20:00:47; Dec: 22° 47' 50"; Epoch: JNOW - Alt: 70° 10' 11"; Az: 187° 54' 00"
2026-09-01T22:42:14.7118|INFO|CameraVM.cs|Capture|742|Starting Exposure - Exposure Time: 15s; Filter: L-Pro; Gain: 15; Offset 132; Binning: 1x1;
2026-09-01T22:42:34.7730|INFO|ImageSolver.cs|Solve|41|Platesolving with parameters: FocalLength: 1260 PixelSize: 4.54 SearchRadius: 30 BlindFailoverEnabled: True Regions: 5000 DownSampleFactor: 2 MaxObjects: 500 Reference Coordinates RA: 19:59:36 Dec: 22° 43' 16" Epoch: J2000
2026-09-01T22:42:35.0152|INFO|BaseImageData.cs|SaveToDisk|346|Saved image to C:\Users\PrimaLuceLab\AppData\Local\NINA\PlateSolver\ww24guzz.kri.fits
2026-09-01T22:42:36.1773|INFO|ImageSolver.cs|Solve|54|Platesolve successful: Coordinates: RA: 19:59:36; Dec: 22° 43' 11"; Epoch: J2000 - Position Angle: 89.46610293434469
2026-09-01T22:42:36.1802|INFO|CenteringSolver.cs|Center|99|Centering Solver - Scope Position: RA: 20:00:47; Dec: 22° 47' 50"; Epoch: JNOW; Offset: RA: 00:00:00; Dec: 00° 00' 00"; Distance: 00° 00' 00"; Bearing: 00° 00' 00"; Centering Coordinates: RA: 20:00:47; Dec: 22° 47' 50"; Epoch: JNOW; Solved: RA: 20:00:47; Dec: 22° 47' 44"; Epoch: JNOW; Separation RA: 00:00:00; Dec: 00° 00' 06"; Distance: 00° 00' 06"; Bearing: 158° 34' 42"; Threshold: 1
2026-09-01T22:42:36.1803|INFO|CenteringSolver.cs|Center|165|Restoring filter to Blu after centering
2026-09-01T22:42:36.2923|INFO|FilterWheelVM.cs|ChangeFilter|112|Moving to Filter Blu at Position 4
2026-09-01T22:42:48.2134|INFO|MeridianFlipVM.cs|SelectNewGuideStar|329|Meridian Flip - Selecting new guide star
2026-09-01T22:43:03.1708|INFO|MeridianFlipVM.cs|ResumeAutoguider|321|Meridian Flip - Resuming Autoguider
2026-09-01T22:43:03.2556|INFO|PHD2Guider.cs|TryStartGuideCommand|641|Phd2 - Requesting to start guiding. Recalibrate: False
2026-09-01T22:43:19.7076|INFO|MeridianFlipVM.cs|Settle|335|Meridian Flip - Settling scope for 30
2026-09-01T22:43:48.8935|INFO|MeridianFlipVM.cs|DoMeridianFlip|221|Meridian Flip - Exiting meridian flip
2026-09-01T22:43:48.9862|INFO|SequenceTrigger.cs|Run|114|Starting Trigger: RestoreGuiding
2026-09-01T22:43:48.9864|INFO|SequenceItem.cs|Run|208|Starting Category: * Set di Istruzioni *, Container: NINA.Sequencer.Container.SequentialContainer, Strategy: SequentialStrategy, Items[CREATED]: 1
2026-09-01T22:43:48.9865|INFO|SequenceItem.cs|Run|208|Starting Category: Guida, Item: StartGuiding
2026-09-01T22:43:49.0334|INFO|PHD2Guider.cs|StartGuidingPrivate|504|Phd2 - App is already guiding. Skipping start guiding
2026-09-01T22:43:49.0336|INFO|SequenceItem.cs|Run|254|Finishing Category: Guida, Item: StartGuiding
2026-09-01T22:43:49.0337|INFO|SequenceItem.cs|Run|254|Finishing Category: * Set di Istruzioni *, Container: NINA.Sequencer.Container.SequentialContainer, Strategy: SequentialStrategy, Items[FINISHED]: 1
2026-09-01T22:43:49.0437|INFO|SequenceItem.cs|Run|208|Starting Category: Fotocamera, Item: TakeExposure, ExposureTime 600, Gain 15, Offset 132, ImageType LIGHT, Binning 1x1
2026-09-01T22:43:49.0442|INFO|CameraVM.cs|Capture|742|Starting Exposure - Exposure Time: 600s; Filter: ; Gain: 15; Offset 132; Binning: 1x1;
2026-09-01T22:53:47.5376|WARNING|DeviceUpdateTimer.cs|Run|115|Dome value update cycle took longer than the device poll interval (Total: 2.05s > 2s; Poll: 00:00:00.0041377; Update: 00:00:02.0443718)
2026-09-01T22:53:55.3485|WARNING|DeviceUpdateTimer.cs|Run|115|Camera value update cycle took longer than the device poll interval (Total: 9.93s > 2s; Poll: 00:00:09.9164084; Update: 00:00:00.0128856)
2026-09-01T22:53:55.3651|INFO|SequenceItem.cs|Run|254|Finishing Category: Fotocamera, Item: TakeExposure, ExposureTime 600, Gain 15, Offset 132, ImageType LIGHT, Binning 1x1
2026-09-01T22:53:55.3653|INFO|LoopCondition.cs|Check|75|LoopCondition finished. Iterations: 5 / 5
2026-09-01T22:53:55.3663|INFO|SequenceItem.cs|Run|254|Finishing Category: Fotocamera, Container: NINA.Sequencer.SequenceItem.Imaging.SmartExposure, Strategy: SequentialStrategy, Items[FINISHED]: 2, Conditions: Condition: LoopCondition, Iterations: 5/5, , Triggers: Trigger: DitherAfterExposures, After Exposures: 1
2026-09-01T22:53:55.3670|INFO|MeridianFlipTrigger.cs|ShouldTrigger|211|Meridian Flip - Flip for the current target already happened at 09/01/2026 22:20:04. Skip flip evaluation
2026-09-01T22:53:55.3672|INFO|SequenceItem.cs|Run|208|Starting Category: Fotocamera, Container: NINA.Sequencer.SequenceItem.Imaging.SmartExposure, Strategy: SequentialStrategy, Items[CREATED]: 2, Conditions: Condition: LoopCondition, Iterations: 0/5, , Triggers: Trigger: DitherAfterExposures, After Exposures: 1
2026-09-01T22:53:55.3680|INFO|MeridianFlipTrigger.cs|ShouldTrigger|211|Meridian Flip - Flip for the current target already happened at 09/01/2026 22:20:04. Skip flip evaluation
2026-09-01T22:53:55.3681|INFO|SequenceItem.cs|Run|208|Starting Category: Ruota porta filtri, Item: SwitchFilter, Filter: Red
2026-09-01T22:53:55.5080|INFO|FilterWheelVM.cs|ChangeFilter|112|Moving to Filter Red at Position 2
2026-09-01T22:53:55.6279|INFO|ImageSolver.cs|Solve|41|Platesolving with parameters: FocalLength: 1260 PixelSize: 4.54 SearchRadius: 30 BlindFailoverEnabled: True Regions: 5000 DownSampleFactor: 2 MaxObjects: 500 Reference Coordinates RA: 19:59:36 Dec: 22° 43' 43" Epoch: J2000
2026-09-01T22:53:56.4055|INFO|BaseImageData.cs|SaveToDisk|346|Saved image to C:\Users\PrimaLuceLab\AppData\Local\NINA\PlateSolver\ces45z4o.gdd.fits
2026-09-01T22:53:57.4556|INFO|HocusFocusStarDetection.cs|Detect|413|Average HFR: 5.337750065830134, HFR MAD: 0.18817509525174092, Detected Stars 9, Region: 0
2026-09-01T22:53:58.3500|INFO|BaseImageData.cs|SaveToDisk|346|Saved image to D:\Images NINA\Target\LIGHT_1x1_600.00s_15_132_M 27_Celestron C8__-9.96C_Blu_0018_2026-09-01_22-43-49_FWHM_NaN_Fok_39698.xisf
2026-09-01T22:53:58.3563|INFO|ImageSaveController.cs|DoWork|97|Successfully saved file at D:\Images NINA\Target\LIGHT_1x1_600.00s_15_132_M 27_Celestron C8__-9.96C_Blu_0018_2026-09-01_22-43-49_FWHM_NaN_Fok_39698.xisf. Duration Total: 00:00:02.7316331; BeforeSave: 00:00:00.0002894; BeforeFinalizeImageSaved: 00:00:02.6662265; FinalizeSaveTime: 00:00:00.0651165
2026-09-01T22:53:59.8913|WARNING|DeviceUpdateTimer.cs|Run|115|Mount value update cycle took longer than the device poll interval (Total: 2.77s > 2s; Poll: 00:00:02.7692541; Update: 00:00:00.0001077)
2026-09-01T22:54:03.1240|INFO|ImageSolver.cs|Solve|54|Platesolve successful: Coordinates: RA: 19:59:37; Dec: 22° 43' 08"; Epoch: J2000 - Position Angle: 89.47234377752858
2026-09-01T22:54:03.1250|INFO|CenterAfterDriftTrigger.cs|PlatesolvingImageFollower_PropertyChanged|189|Drift: 0.21093906595677928 / 3 arc minutes
2026-09-01T22:54:13.0417|INFO|SequenceItem.cs|Run|254|Finishing Category: Ruota porta filtri, Item: SwitchFilter, Filter: Red
2026-09-01T22:54:13.0420|INFO|SequenceTrigger.cs|Run|114|Starting Trigger: DitherAfterExposures, After Exposures: 1
2026-09-01T22:54:13.0421|INFO|SequenceItem.cs|Run|208|Starting Category: * Set di Istruzioni *, Container: NINA.Sequencer.Container.SequentialContainer, Strategy: SequentialStrategy, Items[CREATED]: 1
2026-09-01T22:54:13.0421|INFO|SequenceItem.cs|Run|208|Starting Category: Guida, Item: Dither
2026-09-01T22:54:47.1419|INFO|SequenceItem.cs|Run|254|Finishing Category: Guida, Item: Dither
2026-09-01T22:54:47.1422|INFO|SequenceItem.cs|Run|254|Finishing Category: * Set di Istruzioni *, Container: NINA.Sequencer.Container.SequentialContainer, Strategy: SequentialStrategy, Items[FINISHED]: 1
2026-09-01T22:54:47.1432|INFO|MeridianFlipTrigger.cs|ShouldTrigger|211|Meridian Flip - Flip for the current target already happened at 09/01/2026 22:20:04. Skip flip evaluation
2026-09-01T22:54:47.1433|INFO|SequenceTrigger.cs|Run|114|Starting Trigger: RestoreGuiding
2026-09-01T22:54:47.1434|INFO|SequenceItem.cs|Run|208|Starting Category: * Set di Istruzioni *, Container: NINA.Sequencer.Container.SequentialContainer, Strategy: SequentialStrategy, Items[CREATED]: 1
2026-09-01T22:54:47.1435|INFO|SequenceItem.cs|Run|208|Starting Category: Guida, Item: StartGuiding
2026-09-01T22:54:47.1851|INFO|PHD2Guider.cs|StartGuidingPrivate|504|Phd2 - App is already guiding. Skipping start guiding
2026-09-01T22:54:47.1853|INFO|SequenceItem.cs|Run|254|Finishing Category: Guida, Item: StartGuiding
2026-09-01T22:54:47.1854|INFO|SequenceItem.cs|Run|254|Finishing Category: * Set di Istruzioni *, Container: NINA.Sequencer.Container.SequentialContainer, Strategy: SequentialStrategy, Items[FINISHED]: 1
2026-09-01T22:54:47.1936|INFO|SequenceTrigger.cs|Run|114|Starting Trigger: AutofocusAfterFilterChange
2026-09-01T22:54:47.1946|INFO|SequenceItem.cs|Run|208|Starting Category: * Set di Istruzioni *, Container: NINA.Sequencer.Container.SequentialContainer, Strategy: SequentialStrategy, Items[CREATED]: 1
2026-09-01T22:54:47.1948|INFO|SequenceItem.cs|Run|208|Starting Category: Focheggiatore, Item: RunAutofocus
2026-09-01T22:54:47.3605|INFO|FocuserMediator.cs|BroadcastAutoFocusRunStarting|92|Autofocus starting notification received
2026-09-01T22:54:49.5534|INFO|AutoFocusEngine.cs|RunAutoFocus|929|Starting AutoFocus with initial position 39698
2026-09-01T22:54:49.6822|INFO|CameraVM.cs|Capture|742|Starting Exposure - Exposure Time: 10s; Filter: Red; Gain: 15; Offset 132; Binning: 2x2;
2026-09-01T22:55:01.0194|INFO|AutoFocusEngine.cs|StartBlindFocusPoints|769|Waiting on initial HFR analysis
2026-09-01T22:55:01.0198|INFO|FocuserVM.cs|MoveFocuserInternal|216|Moving Focuser to position 40498
2026-09-01T22:55:01.8629|INFO|HocusFocusStarDetection.cs|Detect|413|Average HFR: 1.7731571252418168, HFR MAD: 0.15315381408087703, Detected Stars 173, Region: 0
2026-09-01T22:55:10.2527|INFO|CameraVM.cs|Capture|742|Starting Exposure - Exposure Time: 10s; Filter: Red; Gain: 15; Offset 132; Binning: 2x2;
2026-09-01T22:55:21.5995|INFO|FocuserVM.cs|MoveFocuserInternal|216|Moving Focuser to position 40298
2026-09-01T22:55:22.3104|INFO|HocusFocusStarDetection.cs|Detect|413|Average HFR: 2.199658091939833, HFR MAD: 0.2113918803508965, Detected Stars 192, Region: 0
2026-09-01T22:55:26.9227|INFO|CameraVM.cs|Capture|742|Starting Exposure - Exposure Time: 10s; Filter: Red; Gain: 15; Offset 132; Binning: 2x2;
2026-09-01T22:55:38.2483|INFO|FocuserVM.cs|MoveFocuserInternal|216|Moving Focuser to position 40098
2026-09-01T22:55:38.9738|INFO|HocusFocusStarDetection.cs|Detect|413|Average HFR: 2.255939039487325, HFR MAD: 0.21392910058704206, Detected Stars 184, Region: 0
2026-09-01T22:55:44.3299|INFO|CameraVM.cs|Capture|742|Starting Exposure - Exposure Time: 10s; Filter: Red; Gain: 15; Offset 132; Binning: 2x2;
2026-09-01T22:55:55.6377|INFO|FocuserVM.cs|MoveFocuserInternal|216|Moving Focuser to position 39898
2026-09-01T22:55:56.3150|INFO|HocusFocusStarDetection.cs|Detect|413|Average HFR: 2.1880110352383557, HFR MAD: 0.211557643592035, Detected Stars 192, Region: 0
2026-09-01T22:56:00.9151|INFO|CameraVM.cs|Capture|742|Starting Exposure - Exposure Time: 10s; Filter: Red; Gain: 15; Offset 132; Binning: 2x2;
2026-09-01T22:56:12.2331|INFO|AutoFocusEngine.cs|StartBlindFocusPoints|797|Waiting on initial focuser move analyses
2026-09-01T22:56:12.8777|INFO|HocusFocusStarDetection.cs|Detect|413|Average HFR: 2.001744682273608, HFR MAD: 0.20790543954755303, Detected Stars 196, Region: 0
2026-09-01T22:56:12.9129|INFO|FocuserVM.cs|MoveFocuserInternal|216|Moving Focuser to position 39698
2026-09-01T22:56:18.2459|INFO|CameraVM.cs|Capture|742|Starting Exposure - Exposure Time: 10s; Filter: Red; Gain: 15; Offset 132; Binning: 2x2;
2026-09-01T22:56:29.5595|INFO|AutoFocusEngine.cs|StartBlindFocusPoints|870|Waiting on next left movement analysis
2026-09-01T22:56:30.2447|INFO|HocusFocusStarDetection.cs|Detect|413|Average HFR: 1.8914943264265738, HFR MAD: 0.14480941588405316, Detected Stars 201, Region: 0
2026-09-01T22:56:30.3338|INFO|FocuserVM.cs|MoveFocuserInternal|216|Moving Focuser to position 39498
2026-09-01T22:56:36.2574|INFO|CameraVM.cs|Capture|742|Starting Exposure - Exposure Time: 10s; Filter: Red; Gain: 15; Offset 132; Binning: 2x2;
2026-09-01T22:56:47.5611|INFO|AutoFocusEngine.cs|StartBlindFocusPoints|870|Waiting on next left movement analysis
2026-09-01T22:56:48.2212|INFO|HocusFocusStarDetection.cs|Detect|413|Average HFR: 1.7353451483923599, HFR MAD: 0.12815951607771225, Detected Stars 156, Region: 0
2026-09-01T22:56:48.2582|INFO|FocuserVM.cs|MoveFocuserInternal|216|Moving Focuser to position 39298
2026-09-01T22:56:54.1974|INFO|CameraVM.cs|Capture|742|Starting Exposure - Exposure Time: 10s; Filter: Red; Gain: 15; Offset 132; Binning: 2x2;
2026-09-01T22:57:05.5488|INFO|AutoFocusEngine.cs|StartBlindFocusPoints|870|Waiting on next left movement analysis
2026-09-01T22:57:06.1781|INFO|HocusFocusStarDetection.cs|Detect|413|Average HFR: 1.6541571256633123, HFR MAD: 0.10384589042143322, Detected Stars 139, Region: 0
2026-09-01T22:57:06.2083|INFO|FocuserVM.cs|MoveFocuserInternal|216|Moving Focuser to position 39098
2026-09-01T22:57:12.1985|INFO|CameraVM.cs|Capture|742|Starting Exposure - Exposure Time: 10s; Filter: Red; Gain: 15; Offset 132; Binning: 2x2;
2026-09-01T22:57:23.5193|INFO|AutoFocusEngine.cs|StartBlindFocusPoints|870|Waiting on next left movement analysis
2026-09-01T22:57:24.2131|INFO|HocusFocusStarDetection.cs|Detect|413|Average HFR: 1.6529119324617405, HFR MAD: 0.10573332230810184, Detected Stars 147, Region: 0
2026-09-01T22:57:24.2393|INFO|FocuserVM.cs|MoveFocuserInternal|216|Moving Focuser to position 38898
2026-09-01T22:57:30.2174|INFO|CameraVM.cs|Capture|742|Starting Exposure - Exposure Time: 10s; Filter: Red; Gain: 15; Offset 132; Binning: 2x2;
2026-09-01T22:57:41.5848|INFO|AutoFocusEngine.cs|StartBlindFocusPoints|870|Waiting on next left movement analysis
2026-09-01T22:57:42.2847|INFO|HocusFocusStarDetection.cs|Detect|413|Average HFR: 1.6758161511553307, HFR MAD: 0.10185120869839692, Detected Stars 169, Region: 0
2026-09-01T22:57:42.3791|INFO|FocuserVM.cs|MoveFocuserInternal|216|Moving Focuser to position 38698
2026-09-01T22:57:48.2525|INFO|CameraVM.cs|Capture|742|Starting Exposure - Exposure Time: 10s; Filter: Red; Gain: 15; Offset 132; Binning: 2x2;
2026-09-01T22:57:59.5932|INFO|AutoFocusEngine.cs|StartBlindFocusPoints|870|Waiting on next left movement analysis
2026-09-01T22:58:00.2847|INFO|HocusFocusStarDetection.cs|Detect|413|Average HFR: 1.8634809636174725, HFR MAD: 0.12949688356155908, Detected Stars 204, Region: 0
2026-09-01T22:58:00.3634|INFO|AutoFocusEngine.cs|StartBlindFocusPoints|841|Enough right trend points (5) with an established minimum (39298) to queue remaining left focus points down to 38498
2026-09-01T22:58:00.3638|INFO|FocuserVM.cs|MoveFocuserInternal|216|Moving Focuser to position 38498
2026-09-01T22:58:06.2238|INFO|CameraVM.cs|Capture|742|Starting Exposure - Exposure Time: 10s; Filter: Red; Gain: 15; Offset 132; Binning: 2x2;
2026-09-01T22:58:17.5290|INFO|AutoFocusEngine.cs|StartBlindFocusPoints|896|Waiting on remaining AutoFocus analysis tasks
2026-09-01T22:58:18.2731|INFO|HocusFocusStarDetection.cs|Detect|413|Average HFR: 2.1172001181498423, HFR MAD: 0.208419339524069, Detected Stars 208, Region: 0
2026-09-01T22:58:18.3426|INFO|FocuserVM.cs|MoveFocuserInternal|216|Moving Focuser to position 39039
2026-09-01T22:58:26.0829|INFO|AutoFocusEngine.cs|ValidateCalculatedFocusPosition|1141|Validating HFR at final focus position 39039
2026-09-01T22:58:26.1973|INFO|CameraVM.cs|Capture|742|Starting Exposure - Exposure Time: 10s; Filter: Red; Gain: 15; Offset 132; Binning: 2x2;
2026-09-01T22:58:38.1956|INFO|HocusFocusStarDetection.cs|Detect|413|Average HFR: 1.8522848888257595, HFR MAD: 0.11977077153672444, Detected Stars 192, Region: 0
2026-09-01T22:58:38.1961|INFO|HocusFocusVM.cs|AutoFocusEngine_Completed|473|AutoFocus completed with focuser starting at 39698 and ending at 39039
2026-09-01T22:58:38.2001|INFO|FocuserMediator.cs|BroadcastSuccessfulAutoFocusRun|46|Autofocus notification received - Temperature 23.5
2026-09-01T22:58:38.3927|INFO|AutoFocusEngine.cs|PerformPostAutoFocusActions|1022|Re-enabling temperature compensation after AutoFocus
2026-09-01T22:58:38.4261|INFO|PHD2Guider.cs|TryStartGuideCommand|641|Phd2 - Requesting to start guiding. Recalibrate: False
2026-09-01T22:59:02.1683|INFO|SequenceItem.cs|Run|254|Finishing Category: Focheggiatore, Item: RunAutofocus
2026-09-01T22:59:02.1686|INFO|SequenceItem.cs|Run|254|Finishing Category: * Set di Istruzioni *, Container: NINA.Sequencer.Container.SequentialContainer, Strategy: SequentialStrategy, Items[FINISHED]: 1
2026-09-01T22:59:02.1690|INFO|SequenceItem.cs|Run|208|Starting Category: Fotocamera, Item: TakeExposure, ExposureTime 600, Gain 15, Offset 132, ImageType LIGHT, Binning 1x1
2026-09-01T22:59:02.1698|INFO|CameraVM.cs|Capture|742|Starting Exposure - Exposure Time: 600s; Filter: ; Gain: 15; Offset 132; Binning: 1x1;
2026-09-01T23:05:23.7996|WARNING|DeviceUpdateTimer.cs|Run|115|Dome value update cycle took longer than the device poll interval (Total: 3.28s > 2s; Poll: 00:00:00.0028105; Update: 00:00:03.2781939)
2026-09-01T23:09:08.3790|WARNING|DeviceUpdateTimer.cs|Run|115|Camera value update cycle took longer than the device poll interval (Total: 9.87s > 2s; Poll: 00:00:09.8438192; Update: 00:00:00.0231891)
2026-09-01T23:09:08.3837|INFO|SequenceItem.cs|Run|254|Finishing Category: Fotocamera, Item: TakeExposure, ExposureTime 600, Gain 15, Offset 132, ImageType LIGHT, Binning 1x1
2026-09-01T23:09:08.3846|INFO|MeridianFlipTrigger.cs|ShouldTrigger|211|Meridian Flip - Flip for the current target already happened at 09/01/2026 22:20:04. Skip flip evaluation
2026-09-01T23:09:08.3847|INFO|SequenceItem.cs|Run|208|Starting Category: Ruota porta filtri, Item: SwitchFilter, Filter: Red
2026-09-01T23:09:08.5476|INFO|SequenceItem.cs|Run|254|Finishing Category: Ruota porta filtri, Item: SwitchFilter, Filter: Red
2026-09-01T23:09:08.5479|INFO|SequenceTrigger.cs|Run|114|Starting Trigger: DitherAfterExposures, After Exposures: 1
2026-09-01T23:09:08.5480|INFO|SequenceItem.cs|Run|208|Starting Category: * Set di Istruzioni *, Container: NINA.Sequencer.Container.SequentialContainer, Strategy: SequentialStrategy, Items[CREATED]: 1
2026-09-01T23:09:08.5481|INFO|SequenceItem.cs|Run|208|Starting Category: Guida, Item: Dither
2026-09-01T23:09:09.7819|INFO|HocusFocusStarDetection.cs|Detect|413|Average HFR: 4.989124048365973, HFR MAD: 0.619140366446147, Detected Stars 8, Region: 0
2026-09-01T23:09:10.2503|INFO|BaseImageData.cs|SaveToDisk|346|Saved image to D:\Images NINA\Target\LIGHT_1x1_600.00s_15_132_M 27_Celestron C8__-9.96C_Red_0028_2026-09-01_22-59-02_FWHM_NaN_Fok_39039.xisf
2026-09-01T23:09:10.2504|INFO|ImageSaveController.cs|DoWork|97|Successfully saved file at D:\Images NINA\Target\LIGHT_1x1_600.00s_15_132_M 27_Celestron C8__-9.96C_Red_0028_2026-09-01_22-59-02_FWHM_NaN_Fok_39039.xisf. Duration Total: 00:00:01.4170049; BeforeSave: 00:00:00.0000896; BeforeFinalizeImageSaved: 00:00:01.3792299; FinalizeSaveTime: 00:00:00.0376849
2026-09-01T23:09:35.2130|INFO|SequenceItem.cs|Run|254|Finishing Category: Guida, Item: Dither
2026-09-01T23:09:35.2132|INFO|SequenceItem.cs|Run|254|Finishing Category: * Set di Istruzioni *, Container: NINA.Sequencer.Container.SequentialContainer, Strategy: SequentialStrategy, Items[FINISHED]: 1
2026-09-01T23:09:35.2138|INFO|MeridianFlipTrigger.cs|ShouldTrigger|211|Meridian Flip - Flip for the current target already happened at 09/01/2026 22:20:04. Skip flip evaluation
2026-09-01T23:09:35.2138|INFO|SequenceTrigger.cs|Run|114|Starting Trigger: RestoreGuiding
2026-09-01T23:09:35.2139|INFO|SequenceItem.cs|Run|208|Starting Category: * Set di Istruzioni *, Container: NINA.Sequencer.Container.SequentialContainer, Strategy: SequentialStrategy, Items[CREATED]: 1
2026-09-01T23:09:35.2139|INFO|SequenceItem.cs|Run|208|Starting Category: Guida, Item: StartGuiding
2026-09-01T23:09:35.2413|INFO|PHD2Guider.cs|StartGuidingPrivate|504|Phd2 - App is already guiding. Skipping start guiding
2026-09-01T23:09:35.2450|INFO|SequenceItem.cs|Run|254|Finishing Category: Guida, Item: StartGuiding
2026-09-01T23:09:35.2459|INFO|SequenceItem.cs|Run|254|Finishing Category: * Set di Istruzioni *, Container: NINA.Sequencer.Container.SequentialContainer, Strategy: SequentialStrategy, Items[FINISHED]: 1
2026-09-01T23:09:35.2720|INFO|SequenceItem.cs|Run|208|Starting Category: Fotocamera, Item: TakeExposure, ExposureTime 600, Gain 15, Offset 132, ImageType LIGHT, Binning 1x1
2026-09-01T23:09:35.2725|INFO|CameraVM.cs|Capture|742|Starting Exposure - Exposure Time: 600s; Filter: ; Gain: 15; Offset 132; Binning: 1x1;
2026-09-01T23:19:41.4421|WARNING|DeviceUpdateTimer.cs|Run|115|Camera value update cycle took longer than the device poll interval (Total: 11.26s > 2s; Poll: 00:00:11.2555570; Update: 00:00:00.0001668)
2026-09-01T23:19:41.4429|INFO|SequenceItem.cs|Run|254|Finishing Category: Fotocamera, Item: TakeExposure, ExposureTime 600, Gain 15, Offset 132, ImageType LIGHT, Binning 1x1
2026-09-01T23:19:41.4437|INFO|MeridianFlipTrigger.cs|ShouldTrigger|211|Meridian Flip - Flip for the current target already happened at 09/01/2026 22:20:04. Skip flip evaluation
2026-09-01T23:19:41.4437|INFO|SequenceItem.cs|Run|208|Starting Category: Ruota porta filtri, Item: SwitchFilter, Filter: Red
2026-09-01T23:19:41.6272|INFO|SequenceItem.cs|Run|254|Finishing Category: Ruota porta filtri, Item: SwitchFilter, Filter: Red
2026-09-01T23:19:41.6277|INFO|SequenceTrigger.cs|Run|114|Starting Trigger: DitherAfterExposures, After Exposures: 1
2026-09-01T23:19:41.6278|INFO|SequenceItem.cs|Run|208|Starting Category: * Set di Istruzioni *, Container: NINA.Sequencer.Container.SequentialContainer, Strategy: SequentialStrategy, Items[CREATED]: 1
2026-09-01T23:19:41.6278|INFO|SequenceItem.cs|Run|208|Starting Category: Guida, Item: Dither
2026-09-01T23:19:42.8579|INFO|HocusFocusStarDetection.cs|Detect|413|Average HFR: 6.0822998516870905, HFR MAD: 0.6929003852598656, Detected Stars 5, Region: 0
2026-09-01T23:19:43.2643|INFO|BaseImageData.cs|SaveToDisk|346|Saved image to D:\Images NINA\Target\LIGHT_1x1_600.00s_15_132_M 27_Celestron C8__-9.96C_Red_0029_2026-09-01_23-09-35_FWHM_NaN_Fok_39039.xisf
2026-09-01T23:19:43.2644|INFO|ImageSaveController.cs|DoWork|97|Successfully saved file at D:\Images NINA\Target\LIGHT_1x1_600.00s_15_132_M 27_Celestron C8__-9.96C_Red_0029_2026-09-01_23-09-35_FWHM_NaN_Fok_39039.xisf. Duration Total: 00:00:01.4353886; BeforeSave: 00:00:00.0720705; BeforeFinalizeImageSaved: 00:00:01.3341887; FinalizeSaveTime: 00:00:00.0291282
2026-09-01T23:20:07.6138|INFO|SequenceItem.cs|Run|254|Finishing Category: Guida, Item: Dither
2026-09-01T23:20:07.6140|INFO|SequenceItem.cs|Run|254|Finishing Category: * Set di Istruzioni *, Container: NINA.Sequencer.Container.SequentialContainer, Strategy: SequentialStrategy, Items[FINISHED]: 1
2026-09-01T23:20:07.6146|INFO|MeridianFlipTrigger.cs|ShouldTrigger|211|Meridian Flip - Flip for the current target already happened at 09/01/2026 22:20:04. Skip flip evaluation
2026-09-01T23:20:07.6146|INFO|SequenceTrigger.cs|Run|114|Starting Trigger: RestoreGuiding
2026-09-01T23:20:07.6147|INFO|SequenceItem.cs|Run|208|Starting Category: * Set di Istruzioni *, Container: NINA.Sequencer.Container.SequentialContainer, Strategy: SequentialStrategy, Items[CREATED]: 1
2026-09-01T23:20:07.6147|INFO|SequenceItem.cs|Run|208|Starting Category: Guida, Item: StartGuiding
2026-09-01T23:20:07.7053|INFO|PHD2Guider.cs|StartGuidingPrivate|504|Phd2 - App is already guiding. Skipping start guiding
2026-09-01T23:20:07.7054|INFO|SequenceItem.cs|Run|254|Finishing Category: Guida, Item: StartGuiding
2026-09-01T23:20:07.7056|INFO|SequenceItem.cs|Run|254|Finishing Category: * Set di Istruzioni *, Container: NINA.Sequencer.Container.SequentialContainer, Strategy: SequentialStrategy, Items[FINISHED]: 1
2026-09-01T23:20:07.7256|INFO|SequenceItem.cs|Run|208|Starting Category: Fotocamera, Item: TakeExposure, ExposureTime 600, Gain 15, Offset 132, ImageType LIGHT, Binning 1x1
2026-09-01T23:20:07.7264|INFO|CameraVM.cs|Capture|742|Starting Exposure - Exposure Time: 600s; Filter: ; Gain: 15; Offset 132; Binning: 1x1;
2026-09-01T23:30:05.8481|WARNING|DeviceUpdateTimer.cs|Run|115|Dome value update cycle took longer than the device poll interval (Total: 3.06s > 2s; Poll: 00:00:00.0116675; Update: 00:00:03.0522530)
2026-09-01T23:30:13.8812|WARNING|DeviceUpdateTimer.cs|Run|115|Camera value update cycle took longer than the device poll interval (Total: 11.69s > 2s; Poll: 00:00:11.6932628; Update: 00:00:00.0001307)
2026-09-01T23:30:13.9578|INFO|SequenceItem.cs|Run|254|Finishing Category: Fotocamera, Item: TakeExposure, ExposureTime 600, Gain 15, Offset 132, ImageType LIGHT, Binning 1x1
2026-09-01T23:30:13.9587|INFO|MeridianFlipTrigger.cs|ShouldTrigger|211|Meridian Flip - Flip for the current target already happened at 09/01/2026 22:20:04. Skip flip evaluation
2026-09-01T23:30:13.9588|INFO|SequenceItem.cs|Run|208|Starting Category: Ruota porta filtri, Item: SwitchFilter, Filter: Red
2026-09-01T23:30:14.1089|INFO|SequenceItem.cs|Run|254|Finishing Category: Ruota porta filtri, Item: SwitchFilter, Filter: Red
2026-09-01T23:30:14.1095|INFO|SequenceTrigger.cs|Run|114|Starting Trigger: DitherAfterExposures, After Exposures: 1
2026-09-01T23:30:14.1096|INFO|SequenceItem.cs|Run|208|Starting Category: * Set di Istruzioni *, Container: NINA.Sequencer.Container.SequentialContainer, Strategy: SequentialStrategy, Items[CREATED]: 1
2026-09-01T23:30:14.1097|INFO|SequenceItem.cs|Run|208|Starting Category: Guida, Item: Dither
2026-09-01T23:30:15.7626|INFO|HocusFocusStarDetection.cs|Detect|413|Average HFR: 4.880337636830704, HFR MAD: 0.33720208852972977, Detected Stars 16, Region: 0
2026-09-01T23:30:16.1965|INFO|BaseImageData.cs|SaveToDisk|346|Saved image to D:\Images NINA\Target\LIGHT_1x1_600.00s_15_132_M 27_Celestron C8__-9.96C_Red_0030_2026-09-01_23-20-07_FWHM_6.27_Fok_39039.xisf
2026-09-01T23:30:16.1967|INFO|ImageSaveController.cs|DoWork|97|Successfully saved file at D:\Images NINA\Target\LIGHT_1x1_600.00s_15_132_M 27_Celestron C8__-9.96C_Red_0030_2026-09-01_23-20-07_FWHM_6.27_Fok_39039.xisf. Duration Total: 00:00:01.8783713; BeforeSave: 00:00:00.0318925; BeforeFinalizeImageSaved: 00:00:01.8207201; FinalizeSaveTime: 00:00:00.0257575
2026-09-01T23:30:33.8343|INFO|SequenceItem.cs|Run|254|Finishing Category: Guida, Item: Dither
2026-09-01T23:30:33.8346|INFO|SequenceItem.cs|Run|254|Finishing Category: * Set di Istruzioni *, Container: NINA.Sequencer.Container.SequentialContainer, Strategy: SequentialStrategy, Items[FINISHED]: 1
2026-09-01T23:30:33.8376|INFO|MeridianFlipTrigger.cs|ShouldTrigger|211|Meridian Flip - Flip for the current target already happened at 09/01/2026 22:20:04. Skip flip evaluation
2026-09-01T23:30:33.8380|INFO|SequenceTrigger.cs|Run|114|Starting Trigger: RestoreGuiding
2026-09-01T23:30:33.8384|INFO|SequenceItem.cs|Run|208|Starting Category: * Set di Istruzioni *, Container: NINA.Sequencer.Container.SequentialContainer, Strategy: SequentialStrategy, Items[CREATED]: 1
2026-09-01T23:30:33.8386|INFO|SequenceItem.cs|Run|208|Starting Category: Guida, Item: StartGuiding
2026-09-01T23:30:33.8649|INFO|PHD2Guider.cs|StartGuidingPrivate|504|Phd2 - App is already guiding. Skipping start guiding
2026-09-01T23:30:33.8691|INFO|SequenceItem.cs|Run|254|Finishing Category: Guida, Item: StartGuiding
2026-09-01T23:30:33.8696|INFO|SequenceItem.cs|Run|254|Finishing Category: * Set di Istruzioni *, Container: NINA.Sequencer.Container.SequentialContainer, Strategy: SequentialStrategy, Items[FINISHED]: 1
2026-09-01T23:30:33.9139|INFO|AutofocusAfterHFRIncreaseTrigger.cs|ShouldTrigger|221|Autofocus after HFR change should be triggered, as current HFR trend is 7.84% higher compared to threshold of 5%
2026-09-01T23:30:33.9142|INFO|SequenceTrigger.cs|Run|114|Starting Trigger: AutofocusAfterHFRIncreaseTrigger, Amount: 5
2026-09-01T23:30:33.9167|INFO|SequenceItem.cs|Run|208|Starting Category: * Set di Istruzioni *, Container: NINA.Sequencer.Container.SequentialContainer, Strategy: SequentialStrategy, Items[CREATED]: 1
2026-09-01T23:30:33.9172|INFO|SequenceItem.cs|Run|208|Starting Category: Focheggiatore, Item: RunAutofocus
2026-09-01T23:30:34.1861|INFO|FocuserMediator.cs|BroadcastAutoFocusRunStarting|92|Autofocus starting notification received
2026-09-01T23:30:35.3209|INFO|AutoFocusEngine.cs|RunAutoFocus|929|Starting AutoFocus with initial position 39039
2026-09-01T23:30:35.4370|INFO|CameraVM.cs|Capture|742|Starting Exposure - Exposure Time: 10s; Filter: Red; Gain: 15; Offset 132; Binning: 2x2;
2026-09-01T23:30:46.8045|INFO|AutoFocusEngine.cs|StartBlindFocusPoints|769|Waiting on initial HFR analysis
2026-09-01T23:30:46.8049|INFO|FocuserVM.cs|MoveFocuserInternal|216|Moving Focuser to position 39839
2026-09-01T23:30:48.5321|INFO|HocusFocusStarDetection.cs|Detect|413|Average HFR: 1.786725112514598, HFR MAD: 0.11387718252749846, Detected Stars 185, Region: 0
2026-09-01T23:30:56.2415|INFO|CameraVM.cs|Capture|742|Starting Exposure - Exposure Time: 10s; Filter: Red; Gain: 15; Offset 132; Binning: 2x2;
2026-09-01T23:31:07.5599|INFO|FocuserVM.cs|MoveFocuserInternal|216|Moving Focuser to position 39639
2026-09-01T23:31:08.2994|INFO|HocusFocusStarDetection.cs|Detect|413|Average HFR: 1.67838734307251, HFR MAD: 0.11537033035925415, Detected Stars 134, Region: 0
2026-09-01T23:31:12.7934|INFO|CameraVM.cs|Capture|742|Starting Exposure - Exposure Time: 10s; Filter: Red; Gain: 15; Offset 132; Binning: 2x2;
2026-09-01T23:31:24.1052|INFO|FocuserVM.cs|MoveFocuserInternal|216|Moving Focuser to position 39439
2026-09-01T23:31:24.9098|INFO|HocusFocusStarDetection.cs|Detect|413|Average HFR: 1.6805127274871152, HFR MAD: 0.10635749333106403, Detected Stars 122, Region: 0
2026-09-01T23:31:30.1714|INFO|CameraVM.cs|Capture|742|Starting Exposure - Exposure Time: 10s; Filter: Red; Gain: 15; Offset 132; Binning: 2x2;
2026-09-01T23:31:41.4904|INFO|FocuserVM.cs|MoveFocuserInternal|216|Moving Focuser to position 39239
2026-09-01T23:31:42.2622|INFO|HocusFocusStarDetection.cs|Detect|413|Average HFR: 1.645735071590218, HFR MAD: 0.09995521914446948, Detected Stars 115, Region: 0
2026-09-01T23:31:46.8827|INFO|CameraVM.cs|Capture|742|Starting Exposure - Exposure Time: 10s; Filter: Red; Gain: 15; Offset 132; Binning: 2x2;
2026-09-01T23:31:58.2051|INFO|AutoFocusEngine.cs|StartBlindFocusPoints|797|Waiting on initial focuser move analyses
2026-09-01T23:31:59.0221|INFO|HocusFocusStarDetection.cs|Detect|413|Average HFR: 1.6133832190525892, HFR MAD: 0.07209934305687504, Detected Stars 89, Region: 0
2026-09-01T23:31:59.0743|INFO|FocuserVM.cs|MoveFocuserInternal|216|Moving Focuser to position 39039
2026-09-01T23:32:04.3329|INFO|CameraVM.cs|Capture|742|Starting Exposure - Exposure Time: 10s; Filter: Red; Gain: 15; Offset 132; Binning: 2x2;
2026-09-01T23:32:15.6409|INFO|AutoFocusEngine.cs|StartBlindFocusPoints|870|Waiting on next left movement analysis
2026-09-01T23:32:16.3340|INFO|HocusFocusStarDetection.cs|Detect|413|Average HFR: 1.6147869729026127, HFR MAD: 0.08472632124383117, Detected Stars 102, Region: 0
2026-09-01T23:32:16.5134|INFO|FocuserVM.cs|MoveFocuserInternal|216|Moving Focuser to position 38839
2026-09-01T23:32:22.2405|INFO|CameraVM.cs|Capture|742|Starting Exposure - Exposure Time: 10s; Filter: Red; Gain: 15; Offset 132; Binning: 2x2;
2026-09-01T23:32:33.5568|INFO|AutoFocusEngine.cs|StartBlindFocusPoints|870|Waiting on next left movement analysis
2026-09-01T23:32:34.2226|INFO|HocusFocusStarDetection.cs|Detect|413|Average HFR: 1.7249315623033055, HFR MAD: 0.10365198314049717, Detected Stars 174, Region: 0
2026-09-01T23:32:34.4374|INFO|FocuserVM.cs|MoveFocuserInternal|216|Moving Focuser to position 38639
2026-09-01T23:32:40.1983|INFO|CameraVM.cs|Capture|742|Starting Exposure - Exposure Time: 10s; Filter: Red; Gain: 15; Offset 132; Binning: 2x2;
2026-09-01T23:32:51.5151|INFO|AutoFocusEngine.cs|StartBlindFocusPoints|870|Waiting on next left movement analysis
2026-09-01T23:32:52.2447|INFO|HocusFocusStarDetection.cs|Detect|413|Average HFR: 1.86310718227965, HFR MAD: 0.1291965263008399, Detected Stars 199, Region: 0
2026-09-01T23:32:52.2703|INFO|FocuserVM.cs|MoveFocuserInternal|216|Moving Focuser to position 38439
2026-09-01T23:32:58.1997|INFO|CameraVM.cs|Capture|742|Starting Exposure - Exposure Time: 10s; Filter: Red; Gain: 15; Offset 132; Binning: 2x2;
2026-09-01T23:33:09.5183|INFO|AutoFocusEngine.cs|StartBlindFocusPoints|870|Waiting on next left movement analysis
2026-09-01T23:33:10.1758|INFO|HocusFocusStarDetection.cs|Detect|413|Average HFR: 1.985875338154299, HFR MAD: 0.16086242739535161, Detected Stars 200, Region: 0
2026-09-01T23:33:10.2939|INFO|FocuserVM.cs|MoveFocuserInternal|216|Moving Focuser to position 38239
2026-09-01T23:33:16.2061|INFO|CameraVM.cs|Capture|742|Starting Exposure - Exposure Time: 10s; Filter: Red; Gain: 15; Offset 132; Binning: 2x2;
2026-09-01T23:33:27.5249|INFO|AutoFocusEngine.cs|StartBlindFocusPoints|870|Waiting on next left movement analysis
2026-09-01T23:33:28.2667|INFO|HocusFocusStarDetection.cs|Detect|413|Average HFR: 2.2826395651468334, HFR MAD: 0.2173305656116966, Detected Stars 198, Region: 0
2026-09-01T23:33:28.3050|INFO|FocuserVM.cs|MoveFocuserInternal|216|Moving Focuser to position 40039
2026-09-01T23:33:42.1705|INFO|CameraVM.cs|Capture|742|Starting Exposure - Exposure Time: 10s; Filter: Red; Gain: 15; Offset 132; Binning: 2x2;
2026-09-01T23:33:53.4885|INFO|AutoFocusEngine.cs|StartBlindFocusPoints|884|Waiting on next right movement analysis
2026-09-01T23:33:54.2098|INFO|HocusFocusStarDetection.cs|Detect|413|Average HFR: 1.756306347266309, HFR MAD: 0.13808594730093615, Detected Stars 173, Region: 0
2026-09-01T23:33:54.3163|INFO|AutoFocusEngine.cs|StartBlindFocusPoints|823|Enough left trend points (4) with an established minimum (39239) to queue remaining right focus points up to 40039
2026-09-01T23:33:54.3165|INFO|AutoFocusEngine.cs|StartBlindFocusPoints|896|Waiting on remaining AutoFocus analysis tasks
2026-09-01T23:33:54.3172|INFO|FocuserVM.cs|MoveFocuserInternal|216|Moving Focuser to position 39151
2026-09-01T23:34:04.0701|INFO|AutoFocusEngine.cs|ValidateCalculatedFocusPosition|1141|Validating HFR at final focus position 39151
2026-09-01T23:34:04.1853|INFO|CameraVM.cs|Capture|742|Starting Exposure - Exposure Time: 10s; Filter: Red; Gain: 15; Offset 132; Binning: 2x2;
2026-09-01T23:34:16.1843|INFO|HocusFocusStarDetection.cs|Detect|413|Average HFR: 1.6135434671302193, HFR MAD: 0.0775175334502276, Detected Stars 92, Region: 0
2026-09-01T23:34:16.1846|INFO|HocusFocusVM.cs|AutoFocusEngine_Completed|473|AutoFocus completed with focuser starting at 39039 and ending at 39151
2026-09-01T23:34:16.1863|INFO|FocuserMediator.cs|BroadcastSuccessfulAutoFocusRun|46|Autofocus notification received - Temperature 23
2026-09-01T23:34:16.3872|INFO|AutoFocusEngine.cs|PerformPostAutoFocusActions|1022|Re-enabling temperature compensation after AutoFocus
2026-09-01T23:34:16.4277|INFO|PHD2Guider.cs|TryStartGuideCommand|641|Phd2 - Requesting to start guiding. Recalibrate: False
2026-09-01T23:34:39.9739|INFO|SequenceItem.cs|Run|254|Finishing Category: Focheggiatore, Item: RunAutofocus
2026-09-01T23:34:39.9741|INFO|SequenceItem.cs|Run|254|Finishing Category: * Set di Istruzioni *, Container: NINA.Sequencer.Container.SequentialContainer, Strategy: SequentialStrategy, Items[FINISHED]: 1
2026-09-01T23:34:39.9745|INFO|SequenceItem.cs|Run|208|Starting Category: Fotocamera, Item: TakeExposure, ExposureTime 600, Gain 15, Offset 132, ImageType LIGHT, Binning 1x1
2026-09-01T23:34:39.9750|INFO|CameraVM.cs|Capture|742|Starting Exposure - Exposure Time: 600s; Filter: ; Gain: 15; Offset 132; Binning: 1x1;
2026-09-01T23:44:46.1716|WARNING|DeviceUpdateTimer.cs|Run|115|Camera value update cycle took longer than the device poll interval (Total: 11.98s > 2s; Poll: 00:00:11.9607494; Update: 00:00:00.0219867)
2026-09-01T23:44:46.1722|INFO|SequenceItem.cs|Run|254|Finishing Category: Fotocamera, Item: TakeExposure, ExposureTime 600, Gain 15, Offset 132, ImageType LIGHT, Binning 1x1
2026-09-01T23:44:46.1729|INFO|MeridianFlipTrigger.cs|ShouldTrigger|211|Meridian Flip - Flip for the current target already happened at 09/01/2026 22:20:04. Skip flip evaluation
2026-09-01T23:44:46.1730|INFO|SequenceItem.cs|Run|208|Starting Category: Ruota porta filtri, Item: SwitchFilter, Filter: Red
2026-09-01T23:44:46.3064|INFO|SequenceItem.cs|Run|254|Finishing Category: Ruota porta filtri, Item: SwitchFilter, Filter: Red
2026-09-01T23:44:46.3069|INFO|SequenceTrigger.cs|Run|114|Starting Trigger: DitherAfterExposures, After Exposures: 1
2026-09-01T23:44:46.3070|INFO|SequenceItem.cs|Run|208|Starting Category: * Set di Istruzioni *, Container: NINA.Sequencer.Container.SequentialContainer, Strategy: SequentialStrategy, Items[CREATED]: 1
2026-09-01T23:44:46.3070|INFO|SequenceItem.cs|Run|208|Starting Category: Guida, Item: Dither
2026-09-01T23:44:47.6760|INFO|HocusFocusStarDetection.cs|Detect|413|Average HFR: 4.446484993291548, HFR MAD: 0.04225627060505133, Detected Stars 3, Region: 0
2026-09-01T23:44:48.1002|INFO|BaseImageData.cs|SaveToDisk|346|Saved image to D:\Images NINA\Target\LIGHT_1x1_600.00s_15_132_M 27_Celestron C8__-9.96C_Red_0031_2026-09-01_23-34-40_FWHM_NaN_Fok_39151.xisf
2026-09-01T23:44:48.1003|INFO|ImageSaveController.cs|DoWork|97|Successfully saved file at D:\Images NINA\Target\LIGHT_1x1_600.00s_15_132_M 27_Celestron C8__-9.96C_Red_0031_2026-09-01_23-34-40_FWHM_NaN_Fok_39151.xisf. Duration Total: 00:00:01.5969338; BeforeSave: 00:00:00.0000808; BeforeFinalizeImageSaved: 00:00:01.5765071; FinalizeSaveTime: 00:00:00.0203450
2026-09-01T23:45:03.4234|INFO|SequenceItem.cs|Run|254|Finishing Category: Guida, Item: Dither
2026-09-01T23:45:03.4236|INFO|SequenceItem.cs|Run|254|Finishing Category: * Set di Istruzioni *, Container: NINA.Sequencer.Container.SequentialContainer, Strategy: SequentialStrategy, Items[FINISHED]: 1
2026-09-01T23:45:03.4242|INFO|MeridianFlipTrigger.cs|ShouldTrigger|211|Meridian Flip - Flip for the current target already happened at 09/01/2026 22:20:04. Skip flip evaluation
2026-09-01T23:45:03.4242|INFO|SequenceTrigger.cs|Run|114|Starting Trigger: RestoreGuiding
2026-09-01T23:45:03.4243|INFO|SequenceItem.cs|Run|208|Starting Category: * Set di Istruzioni *, Container: NINA.Sequencer.Container.SequentialContainer, Strategy: SequentialStrategy, Items[CREATED]: 1
2026-09-01T23:45:03.4244|INFO|SequenceItem.cs|Run|208|Starting Category: Guida, Item: StartGuiding
2026-09-01T23:45:03.4551|INFO|PHD2Guider.cs|StartGuidingPrivate|504|Phd2 - App is already guiding. Skipping start guiding
2026-09-01T23:45:03.4553|INFO|SequenceItem.cs|Run|254|Finishing Category: Guida, Item: StartGuiding
2026-09-01T23:45:03.4554|INFO|SequenceItem.cs|Run|254|Finishing Category: * Set di Istruzioni *, Container: NINA.Sequencer.Container.SequentialContainer, Strategy: SequentialStrategy, Items[FINISHED]: 1
2026-09-01T23:45:03.4687|INFO|SequenceItem.cs|Run|208|Starting Category: Fotocamera, Item: TakeExposure, ExposureTime 600, Gain 15, Offset 132, ImageType LIGHT, Binning 1x1
2026-09-01T23:45:03.4946|INFO|CameraVM.cs|Capture|742|Starting Exposure - Exposure Time: 600s; Filter: ; Gain: 15; Offset 132; Binning: 1x1;
2026-09-01T23:55:09.6515|WARNING|DeviceUpdateTimer.cs|Run|115|Camera value update cycle took longer than the device poll interval (Total: 11.45s > 2s; Poll: 00:00:11.4495412; Update: 00:00:00.0001395)
2026-09-01T23:55:09.7062|INFO|SequenceItem.cs|Run|254|Finishing Category: Fotocamera, Item: TakeExposure, ExposureTime 600, Gain 15, Offset 132, ImageType LIGHT, Binning 1x1
2026-09-01T23:55:09.7063|INFO|LoopCondition.cs|Check|75|LoopCondition finished. Iterations: 5 / 5
2026-09-01T23:55:09.7066|INFO|SequenceItem.cs|Run|254|Finishing Category: Fotocamera, Container: NINA.Sequencer.SequenceItem.Imaging.SmartExposure, Strategy: SequentialStrategy, Items[FINISHED]: 2, Conditions: Condition: LoopCondition, Iterations: 5/5, , Triggers: Trigger: DitherAfterExposures, After Exposures: 1
2026-09-01T23:55:09.7072|INFO|MeridianFlipTrigger.cs|ShouldTrigger|211|Meridian Flip - Flip for the current target already happened at 09/01/2026 22:20:04. Skip flip evaluation
2026-09-01T23:55:09.7072|INFO|SequenceItem.cs|Run|208|Starting Category: Fotocamera, Container: NINA.Sequencer.SequenceItem.Imaging.SmartExposure, Strategy: SequentialStrategy, Items[CREATED]: 2, Conditions: Condition: LoopCondition, Iterations: 0/5, , Triggers: Trigger: DitherAfterExposures, After Exposures: 1
2026-09-01T23:55:09.7078|INFO|MeridianFlipTrigger.cs|ShouldTrigger|211|Meridian Flip - Flip for the current target already happened at 09/01/2026 22:20:04. Skip flip evaluation
2026-09-01T23:55:09.7079|INFO|SequenceItem.cs|Run|208|Starting Category: Ruota porta filtri, Item: SwitchFilter, Filter: Green
2026-09-01T23:55:09.8379|INFO|FilterWheelVM.cs|ChangeFilter|112|Moving to Filter Green at Position 3
2026-09-01T23:55:09.9523|INFO|ImageSolver.cs|Solve|41|Platesolving with parameters: FocalLength: 1260 PixelSize: 4.54 SearchRadius: 30 BlindFailoverEnabled: True Regions: 5000 DownSampleFactor: 2 MaxObjects: 500 Reference Coordinates RA: 19:59:36 Dec: 22° 43' 06" Epoch: J2000
2026-09-01T23:55:10.4377|INFO|BaseImageData.cs|SaveToDisk|346|Saved image to C:\Users\PrimaLuceLab\AppData\Local\NINA\PlateSolver\kcjtixjq.so0.fits
2026-09-01T23:55:11.9674|INFO|HocusFocusStarDetection.cs|Detect|413|Average HFR: 3.974262190992834, HFR MAD: 0.3071597171310825, Detected Stars 70, Region: 0
2026-09-01T23:55:12.5034|INFO|BaseImageData.cs|SaveToDisk|346|Saved image to D:\Images NINA\Target\LIGHT_1x1_600.00s_15_132_M 27_Celestron C8__-9.96C_Red_0032_2026-09-01_23-45-03_FWHM_5.00_Fok_39151.xisf
2026-09-01T23:55:12.5036|INFO|ImageSaveController.cs|DoWork|97|Successfully saved file at D:\Images NINA\Target\LIGHT_1x1_600.00s_15_132_M 27_Celestron C8__-9.96C_Red_0032_2026-09-01_23-45-03_FWHM_5.00_Fok_39151.xisf. Duration Total: 00:00:02.5514427; BeforeSave: 00:00:00.0000950; BeforeFinalizeImageSaved: 00:00:02.4804803; FinalizeSaveTime: 00:00:00.0708667
2026-09-01T23:55:12.8072|INFO|ImageSolver.cs|Solve|54|Platesolve successful: Coordinates: RA: 19:59:43; Dec: 22° 42' 40"; Epoch: J2000 - Position Angle: 89.44920593705763
2026-09-01T23:55:12.8073|INFO|CenterAfterDriftTrigger.cs|PlatesolvingImageFollower_PropertyChanged|189|Drift: 1.596443996400368 / 3 arc minutes
2026-09-01T23:55:13.7121|INFO|SequenceItem.cs|Run|254|Finishing Category: Ruota porta filtri, Item: SwitchFilter, Filter: Green
2026-09-01T23:55:13.7124|INFO|SequenceTrigger.cs|Run|114|Starting Trigger: DitherAfterExposures, After Exposures: 1
2026-09-01T23:55:13.7125|INFO|SequenceItem.cs|Run|208|Starting Category: * Set di Istruzioni *, Container: NINA.Sequencer.Container.SequentialContainer, Strategy: SequentialStrategy, Items[CREATED]: 1
2026-09-01T23:55:13.7125|INFO|SequenceItem.cs|Run|208|Starting Category: Guida, Item: Dither
2026-09-01T23:55:41.7206|INFO|SequenceItem.cs|Run|254|Finishing Category: Guida, Item: Dither
2026-09-01T23:55:41.7208|INFO|SequenceItem.cs|Run|254|Finishing Category: * Set di Istruzioni *, Container: NINA.Sequencer.Container.SequentialContainer, Strategy: SequentialStrategy, Items[FINISHED]: 1
2026-09-01T23:55:41.7214|INFO|MeridianFlipTrigger.cs|ShouldTrigger|211|Meridian Flip - Flip for the current target already happened at 09/01/2026 22:20:04. Skip flip evaluation
2026-09-01T23:55:41.7214|INFO|SequenceTrigger.cs|Run|114|Starting Trigger: RestoreGuiding
2026-09-01T23:55:41.7215|INFO|SequenceItem.cs|Run|208|Starting Category: * Set di Istruzioni *, Container: NINA.Sequencer.Container.SequentialContainer, Strategy: SequentialStrategy, Items[CREATED]: 1
2026-09-01T23:55:41.7216|INFO|SequenceItem.cs|Run|208|Starting Category: Guida, Item: StartGuiding
2026-09-01T23:55:41.7586|INFO|PHD2Guider.cs|StartGuidingPrivate|504|Phd2 - App is already guiding. Skipping start guiding
2026-09-01T23:55:41.7588|INFO|SequenceItem.cs|Run|254|Finishing Category: Guida, Item: StartGuiding
2026-09-01T23:55:41.7590|INFO|SequenceItem.cs|Run|254|Finishing Category: * Set di Istruzioni *, Container: NINA.Sequencer.Container.SequentialContainer, Strategy: SequentialStrategy, Items[FINISHED]: 1
2026-09-01T23:55:41.7725|INFO|SequenceTrigger.cs|Run|114|Starting Trigger: AutofocusAfterFilterChange
2026-09-01T23:55:41.7727|INFO|SequenceItem.cs|Run|208|Starting Category: * Set di Istruzioni *, Container: NINA.Sequencer.Container.SequentialContainer, Strategy: SequentialStrategy, Items[CREATED]: 1
2026-09-01T23:55:41.7727|INFO|SequenceItem.cs|Run|208|Starting Category: Focheggiatore, Item: RunAutofocus
2026-09-01T23:55:41.9756|INFO|FocuserMediator.cs|BroadcastAutoFocusRunStarting|92|Autofocus starting notification received
2026-09-01T23:55:44.1447|INFO|AutoFocusEngine.cs|RunAutoFocus|929|Starting AutoFocus with initial position 39151
2026-09-01T23:55:44.2626|INFO|CameraVM.cs|Capture|742|Starting Exposure - Exposure Time: 10s; Filter: Green; Gain: 15; Offset 132; Binning: 2x2;
2026-09-01T23:55:55.5920|INFO|AutoFocusEngine.cs|StartBlindFocusPoints|769|Waiting on initial HFR analysis
2026-09-01T23:55:55.5926|INFO|FocuserVM.cs|MoveFocuserInternal|216|Moving Focuser to position 39951
2026-09-01T23:55:56.4649|INFO|HocusFocusStarDetection.cs|Detect|413|Average HFR: 1.6649547285188793, HFR MAD: 0.08356336265256692, Detected Stars 135, Region: 0
2026-09-01T23:56:04.2085|INFO|CameraVM.cs|Capture|742|Starting Exposure - Exposure Time: 10s; Filter: Green; Gain: 15; Offset 132; Binning: 2x2;
2026-09-01T23:56:15.5616|INFO|FocuserVM.cs|MoveFocuserInternal|216|Moving Focuser to position 39751
2026-09-01T23:56:16.2713|INFO|HocusFocusStarDetection.cs|Detect|413|Average HFR: 1.8603714784073326, HFR MAD: 0.15867234198561442, Detected Stars 178, Region: 0
2026-09-01T23:56:20.9219|INFO|CameraVM.cs|Capture|742|Starting Exposure - Exposure Time: 10s; Filter: Green; Gain: 15; Offset 132; Binning: 2x2;
2026-09-01T23:56:32.2390|INFO|FocuserVM.cs|MoveFocuserInternal|216|Moving Focuser to position 39551
2026-09-01T23:56:33.0046|INFO|HocusFocusStarDetection.cs|Detect|413|Average HFR: 1.8379427431860949, HFR MAD: 0.16209673016271053, Detected Stars 172, Region: 0
2026-09-01T23:56:38.1991|INFO|CameraVM.cs|Capture|742|Starting Exposure - Exposure Time: 10s; Filter: Green; Gain: 15; Offset 132; Binning: 2x2;
2026-09-01T23:56:49.5262|INFO|FocuserVM.cs|MoveFocuserInternal|216|Moving Focuser to position 39351
2026-09-01T23:56:50.2480|INFO|HocusFocusStarDetection.cs|Detect|413|Average HFR: 1.8393232055743474, HFR MAD: 0.15390607665388822, Detected Stars 168, Region: 0
2026-09-01T23:56:54.8012|INFO|CameraVM.cs|Capture|742|Starting Exposure - Exposure Time: 10s; Filter: Green; Gain: 15; Offset 132; Binning: 2x2;
2026-09-01T23:57:06.0928|WARNING|DeviceUpdateTimer.cs|Run|115|Dome value update cycle took longer than the device poll interval (Total: 3.57s > 2s; Poll: 00:00:00.0027791; Update: 00:00:03.5711316)
2026-09-01T23:57:06.1307|INFO|AutoFocusEngine.cs|StartBlindFocusPoints|797|Waiting on initial focuser move analyses
2026-09-01T23:57:06.8550|INFO|HocusFocusStarDetection.cs|Detect|413|Average HFR: 1.6673764809823675, HFR MAD: 0.08890072618350486, Detected Stars 111, Region: 0
2026-09-01T23:57:06.8909|INFO|FocuserVM.cs|MoveFocuserInternal|216|Moving Focuser to position 39151
2026-09-01T23:57:12.1983|INFO|CameraVM.cs|Capture|742|Starting Exposure - Exposure Time: 10s; Filter: Green; Gain: 15; Offset 132; Binning: 2x2;
2026-09-01T23:57:23.5354|INFO|AutoFocusEngine.cs|StartBlindFocusPoints|870|Waiting on next left movement analysis
2026-09-01T23:57:24.1809|INFO|HocusFocusStarDetection.cs|Detect|413|Average HFR: 1.7058030360361667, HFR MAD: 0.09788320353562852, Detected Stars 140, Region: 0
2026-09-01T23:57:24.3472|INFO|FocuserVM.cs|MoveFocuserInternal|216|Moving Focuser to position 38951
2026-09-01T23:57:30.2102|INFO|CameraVM.cs|Capture|742|Starting Exposure - Exposure Time: 10s; Filter: Green; Gain: 15; Offset 132; Binning: 2x2;
2026-09-01T23:57:41.5353|INFO|AutoFocusEngine.cs|StartBlindFocusPoints|870|Waiting on next left movement analysis
2026-09-01T23:57:42.2506|INFO|HocusFocusStarDetection.cs|Detect|413|Average HFR: 1.6242244583862704, HFR MAD: 0.06543615087959842, Detected Stars 101, Region: 0
2026-09-01T23:57:42.2965|INFO|FocuserVM.cs|MoveFocuserInternal|216|Moving Focuser to position 38751
2026-09-01T23:57:48.2458|INFO|CameraVM.cs|Capture|742|Starting Exposure - Exposure Time: 10s; Filter: Green; Gain: 15; Offset 132; Binning: 2x2;
2026-09-01T23:57:59.5824|INFO|AutoFocusEngine.cs|StartBlindFocusPoints|870|Waiting on next left movement analysis
2026-09-01T23:58:00.3611|INFO|HocusFocusStarDetection.cs|Detect|413|Average HFR: 1.6712661255333092, HFR MAD: 0.09865913002303461, Detected Stars 140, Region: 0
2026-09-01T23:58:00.3810|INFO|FocuserVM.cs|MoveFocuserInternal|216|Moving Focuser to position 38551
2026-09-01T23:58:06.1861|INFO|CameraVM.cs|Capture|742|Starting Exposure - Exposure Time: 10s; Filter: Green; Gain: 15; Offset 132; Binning: 2x2;
2026-09-01T23:58:17.5039|INFO|AutoFocusEngine.cs|StartBlindFocusPoints|870|Waiting on next left movement analysis
2026-09-01T23:58:18.1603|INFO|HocusFocusStarDetection.cs|Detect|413|Average HFR: 1.8561437637706049, HFR MAD: 0.1470271332795272, Detected Stars 174, Region: 0
2026-09-01T23:58:18.2406|INFO|FocuserVM.cs|MoveFocuserInternal|216|Moving Focuser to position 38351
2026-09-01T23:58:24.2124|INFO|CameraVM.cs|Capture|742|Starting Exposure - Exposure Time: 10s; Filter: Green; Gain: 15; Offset 132; Binning: 2x2;
2026-09-01T23:58:35.5604|INFO|AutoFocusEngine.cs|StartBlindFocusPoints|870|Waiting on next left movement analysis
2026-09-01T23:58:36.1991|INFO|HocusFocusStarDetection.cs|Detect|413|Average HFR: 2.0622716443900186, HFR MAD: 0.17624347622838665, Detected Stars 178, Region: 0
2026-09-01T23:58:36.2848|INFO|FocuserVM.cs|MoveFocuserInternal|216|Moving Focuser to position 38151
2026-09-01T23:58:42.1783|INFO|CameraVM.cs|Capture|742|Starting Exposure - Exposure Time: 10s; Filter: Green; Gain: 15; Offset 132; Binning: 2x2;
2026-09-01T23:58:53.4952|INFO|AutoFocusEngine.cs|StartBlindFocusPoints|870|Waiting on next left movement analysis
2026-09-01T23:58:54.1493|INFO|HocusFocusStarDetection.cs|Detect|413|Average HFR: 2.229222604671855, HFR MAD: 0.20814410977604014, Detected Stars 174, Region: 0
2026-09-01T23:58:54.2520|INFO|FocuserVM.cs|MoveFocuserInternal|216|Moving Focuser to position 37951
2026-09-01T23:59:00.2188|INFO|CameraVM.cs|Capture|742|Starting Exposure - Exposure Time: 10s; Filter: Green; Gain: 15; Offset 132; Binning: 2x2;
2026-09-01T23:59:11.5371|INFO|AutoFocusEngine.cs|StartBlindFocusPoints|870|Waiting on next left movement analysis
2026-09-01T23:59:12.2346|INFO|HocusFocusStarDetection.cs|Detect|413|Average HFR: 2.4446005685131276, HFR MAD: 0.27789891856784754, Detected Stars 164, Region: 0
2026-09-01T23:59:12.2833|INFO|AutoFocusEngine.cs|StartBlindFocusPoints|823|Enough left trend points (4) with an established minimum (38951) to queue remaining right focus points up to 39751
2026-09-01T23:59:12.2834|INFO|AutoFocusEngine.cs|StartBlindFocusPoints|896|Waiting on remaining AutoFocus analysis tasks
2026-09-01T23:59:12.2838|INFO|FocuserVM.cs|MoveFocuserInternal|216|Moving Focuser to position 38884
2026-09-01T23:59:22.0675|INFO|AutoFocusEngine.cs|ValidateCalculatedFocusPosition|1141|Validating HFR at final focus position 38884
2026-09-01T23:59:22.1858|INFO|CameraVM.cs|Capture|742|Starting Exposure - Exposure Time: 10s; Filter: Green; Gain: 15; Offset 132; Binning: 2x2;
2026-09-01T23:59:34.2527|INFO|HocusFocusStarDetection.cs|Detect|413|Average HFR: 1.93690240078311, HFR MAD: 0.14490355917168407, Detected Stars 174, Region: 0
2026-09-01T23:59:34.2530|WARNING|AutoFocusEngine.cs|ValidateCalculatedFocusPosition|1166|New focus point HFR 1.93690240078311 is significantly worse than original HFR 1.6649547285188793
2026-09-01T23:59:34.2539|WARNING|AutoFocusEngine.cs|RunAutoFocus|965|Potentially bad auto-focus. Setting focuser back to 39151 and re-attempting.
2026-09-01T23:59:34.2544|INFO|FocuserVM.cs|MoveFocuserInternal|216|Moving Focuser to position 39151
2026-09-01T23:59:40.3653|INFO|AutoFocusEngine.cs|StartBlindFocusPoints|769|Waiting on initial HFR analysis
2026-09-01T23:59:40.3656|INFO|FocuserVM.cs|MoveFocuserInternal|216|Moving Focuser to position 39951
2026-09-01T23:59:48.5858|INFO|CameraVM.cs|Capture|742|Starting Exposure - Exposure Time: 10s; Filter: Green; Gain: 15; Offset 132; Binning: 2x2;
2026-09-01T23:59:59.8923|INFO|FocuserVM.cs|MoveFocuserInternal|216|Moving Focuser to position 39751
2026-09-02T00:00:00.5727|INFO|HocusFocusStarDetection.cs|Detect|413|Average HFR: 1.7982568853809968, HFR MAD: 0.17482637451273342, Detected Stars 162, Region: 0
2026-09-02T00:00:05.2001|INFO|CameraVM.cs|Capture|742|Starting Exposure - Exposure Time: 10s; Filter: Green; Gain: 15; Offset 132; Binning: 2x2;
2026-09-02T00:00:16.5296|INFO|FocuserVM.cs|MoveFocuserInternal|216|Moving Focuser to position 39551
2026-09-02T00:00:17.2603|INFO|HocusFocusStarDetection.cs|Detect|413|Average HFR: 1.9166693023094277, HFR MAD: 0.1827940701948927, Detected Stars 177, Region: 0
2026-09-02T00:00:22.1810|INFO|CameraVM.cs|Capture|742|Starting Exposure - Exposure Time: 10s; Filter: Green; Gain: 15; Offset 132; Binning: 2x2;
2026-09-02T00:00:33.5090|INFO|FocuserVM.cs|MoveFocuserInternal|216|Moving Focuser to position 39351
2026-09-02T00:00:34.2461|INFO|HocusFocusStarDetection.cs|Detect|413|Average HFR: 1.7788720581967385, HFR MAD: 0.1365391237074085, Detected Stars 159, Region: 0
2026-09-02T00:00:38.7909|INFO|CameraVM.cs|Capture|742|Starting Exposure - Exposure Time: 10s; Filter: Green; Gain: 15; Offset 132; Binning: 2x2;
2026-09-02T00:00:50.1040|INFO|AutoFocusEngine.cs|StartBlindFocusPoints|797|Waiting on initial focuser move analyses
2026-09-02T00:00:50.8612|INFO|HocusFocusStarDetection.cs|Detect|413|Average HFR: 1.7199321425382372, HFR MAD: 0.10635157902986414, Detected Stars 138, Region: 0
2026-09-02T00:00:50.9125|INFO|FocuserVM.cs|MoveFocuserInternal|216|Moving Focuser to position 39151
2026-09-02T00:00:56.1978|INFO|CameraVM.cs|Capture|742|Starting Exposure - Exposure Time: 10s; Filter: Green; Gain: 15; Offset 132; Binning: 2x2;
2026-09-02T00:01:07.5144|INFO|AutoFocusEngine.cs|StartBlindFocusPoints|870|Waiting on next left movement analysis
2026-09-02T00:01:08.2393|INFO|HocusFocusStarDetection.cs|Detect|413|Average HFR: 1.633527581616387, HFR MAD: 0.08484675036938816, Detected Stars 118, Region: 0
2026-09-02T00:01:08.2856|INFO|FocuserVM.cs|MoveFocuserInternal|216|Moving Focuser to position 38951
2026-09-02T00:01:14.2400|INFO|CameraVM.cs|Capture|742|Starting Exposure - Exposure Time: 10s; Filter: Green; Gain: 15; Offset 132; Binning: 2x2;
2026-09-02T00:01:25.5825|INFO|AutoFocusEngine.cs|StartBlindFocusPoints|870|Waiting on next left movement analysis
2026-09-02T00:01:26.2656|INFO|HocusFocusStarDetection.cs|Detect|413|Average HFR: 1.6363042823103529, HFR MAD: 0.08422862791377783, Detected Stars 124, Region: 0
2026-09-02T00:01:26.2901|INFO|FocuserVM.cs|MoveFocuserInternal|216|Moving Focuser to position 38751
2026-09-02T00:01:32.1812|INFO|CameraVM.cs|Capture|742|Starting Exposure - Exposure Time: 10s; Filter: Green; Gain: 15; Offset 132; Binning: 2x2;
2026-09-02T00:01:43.4950|INFO|AutoFocusEngine.cs|StartBlindFocusPoints|870|Waiting on next left movement analysis
2026-09-02T00:01:44.2308|INFO|HocusFocusStarDetection.cs|Detect|413|Average HFR: 1.7000479814036775, HFR MAD: 0.10216756307709063, Detected Stars 160, Region: 0
2026-09-02T00:01:44.2787|INFO|FocuserVM.cs|MoveFocuserInternal|216|Moving Focuser to position 38551
2026-09-02T00:01:50.1739|INFO|CameraVM.cs|Capture|742|Starting Exposure - Exposure Time: 10s; Filter: Green; Gain: 15; Offset 132; Binning: 2x2;
2026-09-02T00:02:01.4890|INFO|AutoFocusEngine.cs|StartBlindFocusPoints|870|Waiting on next left movement analysis
2026-09-02T00:02:02.1880|INFO|HocusFocusStarDetection.cs|Detect|413|Average HFR: 1.8349467732589595, HFR MAD: 0.12432042602956783, Detected Stars 163, Region: 0
2026-09-02T00:02:02.2168|INFO|FocuserVM.cs|MoveFocuserInternal|216|Moving Focuser to position 38351
2026-09-02T00:02:08.2480|INFO|CameraVM.cs|Capture|742|Starting Exposure - Exposure Time: 10s; Filter: Green; Gain: 15; Offset 132; Binning: 2x2;
2026-09-02T00:02:19.5551|INFO|AutoFocusEngine.cs|StartBlindFocusPoints|870|Waiting on next left movement analysis
2026-09-02T00:02:20.3441|INFO|HocusFocusStarDetection.cs|Detect|413|Average HFR: 2.114145722422401, HFR MAD: 0.18848135270597588, Detected Stars 169, Region: 0
2026-09-02T00:02:20.4342|INFO|FocuserVM.cs|MoveFocuserInternal|216|Moving Focuser to position 38151
2026-09-02T00:02:26.1977|INFO|CameraVM.cs|Capture|742|Starting Exposure - Exposure Time: 10s; Filter: Green; Gain: 15; Offset 132; Binning: 2x2;
2026-09-02T00:02:37.5208|INFO|AutoFocusEngine.cs|StartBlindFocusPoints|870|Waiting on next left movement analysis
2026-09-02T00:02:38.3700|INFO|HocusFocusStarDetection.cs|Detect|413|Average HFR: 2.269383302539599, HFR MAD: 0.1798885878040113, Detected Stars 174, Region: 0
2026-09-02T00:02:38.4818|INFO|FocuserVM.cs|MoveFocuserInternal|216|Moving Focuser to position 37951
2026-09-02T00:02:40.6436|WARNING|DeviceUpdateTimer.cs|Run|115|Dome value update cycle took longer than the device poll interval (Total: 2.12s > 2s; Poll: 00:00:00.0025492; Update: 00:00:02.1221514)
2026-09-02T00:02:44.2416|INFO|CameraVM.cs|Capture|742|Starting Exposure - Exposure Time: 10s; Filter: Green; Gain: 15; Offset 132; Binning: 2x2;
2026-09-02T00:02:55.5966|INFO|AutoFocusEngine.cs|StartBlindFocusPoints|870|Waiting on next left movement analysis
2026-09-02T00:02:56.2428|INFO|HocusFocusStarDetection.cs|Detect|413|Average HFR: 2.4656959139357184, HFR MAD: 0.24899921337761066, Detected Stars 162, Region: 0
2026-09-02T00:02:56.3266|INFO|AutoFocusEngine.cs|StartBlindFocusPoints|823|Enough left trend points (4) with an established minimum (39151) to queue remaining right focus points up to 39951
2026-09-02T00:02:56.3267|INFO|AutoFocusEngine.cs|StartBlindFocusPoints|896|Waiting on remaining AutoFocus analysis tasks
2026-09-02T00:02:56.3271|INFO|FocuserVM.cs|MoveFocuserInternal|216|Moving Focuser to position 38903
2026-09-02T00:03:06.0807|INFO|AutoFocusEngine.cs|ValidateCalculatedFocusPosition|1141|Validating HFR at final focus position 38903
2026-09-02T00:03:06.1973|INFO|CameraVM.cs|Capture|742|Starting Exposure - Exposure Time: 10s; Filter: Green; Gain: 15; Offset 132; Binning: 2x2;
2026-09-02T00:03:18.2335|INFO|HocusFocusStarDetection.cs|Detect|413|Average HFR: 1.8869249331411597, HFR MAD: 0.13642757390245097, Detected Stars 174, Region: 0
2026-09-02T00:03:18.2338|INFO|HocusFocusVM.cs|AutoFocusEngine_Completed|473|AutoFocus completed with focuser starting at 39151 and ending at 38903
2026-09-02T00:03:18.2357|INFO|FocuserMediator.cs|BroadcastSuccessfulAutoFocusRun|46|Autofocus notification received - Temperature 22.75
2026-09-02T00:03:18.4091|INFO|AutoFocusEngine.cs|PerformPostAutoFocusActions|1022|Re-enabling temperature compensation after AutoFocus
2026-09-02T00:03:18.4681|INFO|PHD2Guider.cs|TryStartGuideCommand|641|Phd2 - Requesting to start guiding. Recalibrate: False
2026-09-02T00:03:41.8678|INFO|SequenceItem.cs|Run|254|Finishing Category: Focheggiatore, Item: RunAutofocus
2026-09-02T00:03:41.8687|INFO|SequenceItem.cs|Run|254|Finishing Category: * Set di Istruzioni *, Container: NINA.Sequencer.Container.SequentialContainer, Strategy: SequentialStrategy, Items[FINISHED]: 1
2026-09-02T00:03:41.8688|INFO|SequenceItem.cs|Run|208|Starting Category: Fotocamera, Item: TakeExposure, ExposureTime 600, Gain 15, Offset 132, ImageType LIGHT, Binning 1x1
2026-09-02T00:03:41.8692|INFO|CameraVM.cs|Capture|742|Starting Exposure - Exposure Time: 600s; Filter: ; Gain: 15; Offset 132; Binning: 1x1;
2026-09-02T00:13:48.0715|WARNING|DeviceUpdateTimer.cs|Run|115|Camera value update cycle took longer than the device poll interval (Total: 11.88s > 2s; Poll: 00:00:11.8821768; Update: 00:00:00.0001263)
2026-09-02T00:13:48.0940|INFO|SequenceItem.cs|Run|254|Finishing Category: Fotocamera, Item: TakeExposure, ExposureTime 600, Gain 15, Offset 132, ImageType LIGHT, Binning 1x1
2026-09-02T00:13:48.0948|INFO|MeridianFlipTrigger.cs|ShouldTrigger|211|Meridian Flip - Flip for the current target already happened at 09/01/2026 22:20:04. Skip flip evaluation
2026-09-02T00:13:48.0949|INFO|SequenceItem.cs|Run|208|Starting Category: Ruota porta filtri, Item: SwitchFilter, Filter: Green
2026-09-02T00:13:48.2077|INFO|SequenceItem.cs|Run|254|Finishing Category: Ruota porta filtri, Item: SwitchFilter, Filter: Green
2026-09-02T00:13:48.2080|INFO|SequenceTrigger.cs|Run|114|Starting Trigger: DitherAfterExposures, After Exposures: 1
2026-09-02T00:13:48.2080|INFO|SequenceItem.cs|Run|208|Starting Category: * Set di Istruzioni *, Container: NINA.Sequencer.Container.SequentialContainer, Strategy: SequentialStrategy, Items[CREATED]: 1
2026-09-02T00:13:48.2081|INFO|SequenceItem.cs|Run|208|Starting Category: Guida, Item: Dither
2026-09-02T00:13:50.2310|INFO|HocusFocusStarDetection.cs|Detect|413|Average HFR: 4.294121245594228, HFR MAD: 0.3845187208911547, Detected Stars 106, Region: 0
2026-09-02T00:13:50.6715|INFO|BaseImageData.cs|SaveToDisk|346|Saved image to D:\Images NINA\Target\LIGHT_1x1_600.00s_15_132_M 27_Celestron C8__-9.96C_Green_0022_2026-09-02_00-03-41_FWHM_6.31_Fok_38903.xisf
2026-09-02T00:13:50.6716|INFO|ImageSaveController.cs|DoWork|97|Successfully saved file at D:\Images NINA\Target\LIGHT_1x1_600.00s_15_132_M 27_Celestron C8__-9.96C_Green_0022_2026-09-02_00-03-41_FWHM_6.31_Fok_38903.xisf. Duration Total: 00:00:02.2885191; BeforeSave: 00:00:00.0374562; BeforeFinalizeImageSaved: 00:00:02.2139320; FinalizeSaveTime: 00:00:00.0371305
2026-09-02T00:14:07.1859|INFO|SequenceItem.cs|Run|254|Finishing Category: Guida, Item: Dither
2026-09-02T00:14:07.1861|INFO|SequenceItem.cs|Run|254|Finishing Category: * Set di Istruzioni *, Container: NINA.Sequencer.Container.SequentialContainer, Strategy: SequentialStrategy, Items[FINISHED]: 1
2026-09-02T00:14:07.1870|INFO|MeridianFlipTrigger.cs|ShouldTrigger|211|Meridian Flip - Flip for the current target already happened at 09/01/2026 22:20:04. Skip flip evaluation
2026-09-02T00:14:07.1871|INFO|SequenceTrigger.cs|Run|114|Starting Trigger: RestoreGuiding
2026-09-02T00:14:07.1871|INFO|SequenceItem.cs|Run|208|Starting Category: * Set di Istruzioni *, Container: NINA.Sequencer.Container.SequentialContainer, Strategy: SequentialStrategy, Items[CREATED]: 1
2026-09-02T00:14:07.1872|INFO|SequenceItem.cs|Run|208|Starting Category: Guida, Item: StartGuiding
2026-09-02T00:14:07.2292|INFO|PHD2Guider.cs|StartGuidingPrivate|504|Phd2 - App is already guiding. Skipping start guiding
2026-09-02T00:14:07.2294|INFO|SequenceItem.cs|Run|254|Finishing Category: Guida, Item: StartGuiding
2026-09-02T00:14:07.2295|INFO|SequenceItem.cs|Run|254|Finishing Category: * Set di Istruzioni *, Container: NINA.Sequencer.Container.SequentialContainer, Strategy: SequentialStrategy, Items[FINISHED]: 1
2026-09-02T00:14:07.2356|INFO|SequenceItem.cs|Run|208|Starting Category: Fotocamera, Item: TakeExposure, ExposureTime 600, Gain 15, Offset 132, ImageType LIGHT, Binning 1x1
2026-09-02T00:14:07.2362|INFO|CameraVM.cs|Capture|742|Starting Exposure - Exposure Time: 600s; Filter: ; Gain: 15; Offset 132; Binning: 1x1;
2026-09-02T00:24:07.2882|WARNING|DeviceUpdateTimer.cs|Run|115|Dome value update cycle took longer than the device poll interval (Total: 2.04s > 2s; Poll: 00:00:00.0075988; Update: 00:00:02.0310669)
2026-09-02T00:24:13.4054|WARNING|DeviceUpdateTimer.cs|Run|115|Camera value update cycle took longer than the device poll interval (Total: 10.26s > 2s; Poll: 00:00:10.2511358; Update: 00:00:00.0074148)
2026-09-02T00:24:13.4409|INFO|SequenceItem.cs|Run|254|Finishing Category: Fotocamera, Item: TakeExposure, ExposureTime 600, Gain 15, Offset 132, ImageType LIGHT, Binning 1x1
2026-09-02T00:24:13.4418|INFO|MeridianFlipTrigger.cs|ShouldTrigger|211|Meridian Flip - Flip for the current target already happened at 09/01/2026 22:20:04. Skip flip evaluation
2026-09-02T00:24:13.4418|INFO|SequenceItem.cs|Run|208|Starting Category: Ruota porta filtri, Item: SwitchFilter, Filter: Green
2026-09-02T00:24:13.6200|INFO|SequenceItem.cs|Run|254|Finishing Category: Ruota porta filtri, Item: SwitchFilter, Filter: Green
2026-09-02T00:24:13.6219|INFO|SequenceTrigger.cs|Run|114|Starting Trigger: DitherAfterExposures, After Exposures: 1
2026-09-02T00:24:13.6220|INFO|SequenceItem.cs|Run|208|Starting Category: * Set di Istruzioni *, Container: NINA.Sequencer.Container.SequentialContainer, Strategy: SequentialStrategy, Items[CREATED]: 1
2026-09-02T00:24:13.6221|INFO|SequenceItem.cs|Run|208|Starting Category: Guida, Item: Dither
2026-09-02T00:24:15.8124|INFO|HocusFocusStarDetection.cs|Detect|413|Average HFR: 3.9116764861574636, HFR MAD: 0.35692504678932835, Detected Stars 180, Region: 0
2026-09-02T00:24:16.3871|INFO|BaseImageData.cs|SaveToDisk|346|Saved image to D:\Images NINA\Target\LIGHT_1x1_600.00s_15_132_M 27_Celestron C8__-9.96C_Green_0023_2026-09-02_00-14-07_FWHM_5.63_Fok_38903.xisf
2026-09-02T00:24:16.3872|INFO|ImageSaveController.cs|DoWork|97|Successfully saved file at D:\Images NINA\Target\LIGHT_1x1_600.00s_15_132_M 27_Celestron C8__-9.96C_Green_0023_2026-09-02_00-14-07_FWHM_5.63_Fok_38903.xisf. Duration Total: 00:00:02.6489528; BeforeSave: 00:00:00.0001696; BeforeFinalizeImageSaved: 00:00:02.6275563; FinalizeSaveTime: 00:00:00.0212264
2026-09-02T00:24:30.4694|INFO|SequenceItem.cs|Run|254|Finishing Category: Guida, Item: Dither
2026-09-02T00:24:30.4697|INFO|SequenceItem.cs|Run|254|Finishing Category: * Set di Istruzioni *, Container: NINA.Sequencer.Container.SequentialContainer, Strategy: SequentialStrategy, Items[FINISHED]: 1
2026-09-02T00:24:30.4702|INFO|MeridianFlipTrigger.cs|ShouldTrigger|211|Meridian Flip - Flip for the current target already happened at 09/01/2026 22:20:04. Skip flip evaluation
2026-09-02T00:24:30.4703|INFO|SequenceTrigger.cs|Run|114|Starting Trigger: RestoreGuiding
2026-09-02T00:24:30.4704|INFO|SequenceItem.cs|Run|208|Starting Category: * Set di Istruzioni *, Container: NINA.Sequencer.Container.SequentialContainer, Strategy: SequentialStrategy, Items[CREATED]: 1
2026-09-02T00:24:30.4704|INFO|SequenceItem.cs|Run|208|Starting Category: Guida, Item: StartGuiding
2026-09-02T00:24:30.5294|INFO|PHD2Guider.cs|StartGuidingPrivate|504|Phd2 - App is already guiding. Skipping start guiding
2026-09-02T00:24:30.5295|INFO|SequenceItem.cs|Run|254|Finishing Category: Guida, Item: StartGuiding
2026-09-02T00:24:30.5297|INFO|SequenceItem.cs|Run|254|Finishing Category: * Set di Istruzioni *, Container: NINA.Sequencer.Container.SequentialContainer, Strategy: SequentialStrategy, Items[FINISHED]: 1
2026-09-02T00:24:30.5424|INFO|SequenceItem.cs|Run|208|Starting Category: Fotocamera, Item: TakeExposure, ExposureTime 600, Gain 15, Offset 132, ImageType LIGHT, Binning 1x1
2026-09-02T00:24:30.5429|INFO|CameraVM.cs|Capture|742|Starting Exposure - Exposure Time: 600s; Filter: ; Gain: 15; Offset 132; Binning: 1x1;
2026-09-02T00:34:36.7138|WARNING|DeviceUpdateTimer.cs|Run|115|Camera value update cycle took longer than the device poll interval (Total: 10.53s > 2s; Poll: 00:00:10.5253161; Update: 00:00:00.0001285)
2026-09-02T00:34:36.7841|INFO|SequenceItem.cs|Run|254|Finishing Category: Fotocamera, Item: TakeExposure, ExposureTime 600, Gain 15, Offset 132, ImageType LIGHT, Binning 1x1
2026-09-02T00:34:36.7848|INFO|MeridianFlipTrigger.cs|ShouldTrigger|211|Meridian Flip - Flip for the current target already happened at 09/01/2026 22:20:04. Skip flip evaluation
2026-09-02T00:34:36.7849|INFO|SequenceItem.cs|Run|208|Starting Category: Ruota porta filtri, Item: SwitchFilter, Filter: Green
2026-09-02T00:34:36.9245|INFO|SequenceItem.cs|Run|254|Finishing Category: Ruota porta filtri, Item: SwitchFilter, Filter: Green
2026-09-02T00:34:36.9248|INFO|SequenceTrigger.cs|Run|114|Starting Trigger: DitherAfterExposures, After Exposures: 1
2026-09-02T00:34:36.9249|INFO|SequenceItem.cs|Run|208|Starting Category: * Set di Istruzioni *, Container: NINA.Sequencer.Container.SequentialContainer, Strategy: SequentialStrategy, Items[CREATED]: 1
2026-09-02T00:34:36.9249|INFO|SequenceItem.cs|Run|208|Starting Category: Guida, Item: Dither
2026-09-02T00:34:39.3000|INFO|HocusFocusStarDetection.cs|Detect|413|Average HFR: 3.7518906259613534, HFR MAD: 0.3637152232876586, Detected Stars 189, Region: 0
2026-09-02T00:34:39.7221|INFO|BaseImageData.cs|SaveToDisk|346|Saved image to D:\Images NINA\Target\LIGHT_1x1_600.00s_15_132_M 27_Celestron C8__-9.96C_Green_0024_2026-09-02_00-24-30_FWHM_5.41_Fok_38903.xisf
2026-09-02T00:34:39.7223|INFO|ImageSaveController.cs|DoWork|97|Successfully saved file at D:\Images NINA\Target\LIGHT_1x1_600.00s_15_132_M 27_Celestron C8__-9.96C_Green_0024_2026-09-02_00-24-30_FWHM_5.41_Fok_38903.xisf. Duration Total: 00:00:02.5804028; BeforeSave: 00:00:00.0000888; BeforeFinalizeImageSaved: 00:00:02.5429118; FinalizeSaveTime: 00:00:00.0374016
2026-09-02T00:34:55.2753|INFO|SequenceItem.cs|Run|254|Finishing Category: Guida, Item: Dither
2026-09-02T00:34:55.2755|INFO|SequenceItem.cs|Run|254|Finishing Category: * Set di Istruzioni *, Container: NINA.Sequencer.Container.SequentialContainer, Strategy: SequentialStrategy, Items[FINISHED]: 1
2026-09-02T00:34:55.2760|INFO|MeridianFlipTrigger.cs|ShouldTrigger|211|Meridian Flip - Flip for the current target already happened at 09/01/2026 22:20:04. Skip flip evaluation
2026-09-02T00:34:55.2761|INFO|SequenceTrigger.cs|Run|114|Starting Trigger: RestoreGuiding
2026-09-02T00:34:55.2762|INFO|SequenceItem.cs|Run|208|Starting Category: * Set di Istruzioni *, Container: NINA.Sequencer.Container.SequentialContainer, Strategy: SequentialStrategy, Items[CREATED]: 1
2026-09-02T00:34:55.2772|INFO|SequenceItem.cs|Run|208|Starting Category: Guida, Item: StartGuiding
2026-09-02T00:34:55.3174|INFO|PHD2Guider.cs|StartGuidingPrivate|504|Phd2 - App is already guiding. Skipping start guiding
2026-09-02T00:34:55.3224|INFO|SequenceItem.cs|Run|254|Finishing Category: Guida, Item: StartGuiding
2026-09-02T00:34:55.3231|INFO|SequenceItem.cs|Run|254|Finishing Category: * Set di Istruzioni *, Container: NINA.Sequencer.Container.SequentialContainer, Strategy: SequentialStrategy, Items[FINISHED]: 1
2026-09-02T00:34:55.3492|INFO|SequenceItem.cs|Run|208|Starting Category: Fotocamera, Item: TakeExposure, ExposureTime 600, Gain 15, Offset 132, ImageType LIGHT, Binning 1x1
2026-09-02T00:34:55.3498|INFO|CameraVM.cs|Capture|742|Starting Exposure - Exposure Time: 600s; Filter: ; Gain: 15; Offset 132; Binning: 1x1;
2026-09-02T00:44:55.1452|WARNING|DeviceUpdateTimer.cs|Run|115|Dome value update cycle took longer than the device poll interval (Total: 2.15s > 2s; Poll: 00:00:00.0036697; Update: 00:00:02.1506051)
2026-09-02T00:45:01.4983|WARNING|DeviceUpdateTimer.cs|Run|115|Camera value update cycle took longer than the device poll interval (Total: 10.53s > 2s; Poll: 00:00:10.5299146; Update: 00:00:00.0001350)
2026-09-02T00:45:01.5479|INFO|SequenceItem.cs|Run|254|Finishing Category: Fotocamera, Item: TakeExposure, ExposureTime 600, Gain 15, Offset 132, ImageType LIGHT, Binning 1x1
2026-09-02T00:45:01.5488|INFO|MeridianFlipTrigger.cs|ShouldTrigger|211|Meridian Flip - Flip for the current target already happened at 09/01/2026 22:20:04. Skip flip evaluation
2026-09-02T00:45:01.5489|INFO|SequenceItem.cs|Run|208|Starting Category: Ruota porta filtri, Item: SwitchFilter, Filter: Green
2026-09-02T00:45:01.6731|INFO|SequenceItem.cs|Run|254|Finishing Category: Ruota porta filtri, Item: SwitchFilter, Filter: Green
2026-09-02T00:45:01.6736|INFO|SequenceTrigger.cs|Run|114|Starting Trigger: DitherAfterExposures, After Exposures: 1
2026-09-02T00:45:01.6736|INFO|SequenceItem.cs|Run|208|Starting Category: * Set di Istruzioni *, Container: NINA.Sequencer.Container.SequentialContainer, Strategy: SequentialStrategy, Items[CREATED]: 1
2026-09-02T00:45:01.6737|INFO|SequenceItem.cs|Run|208|Starting Category: Guida, Item: Dither
2026-09-02T00:45:04.1805|INFO|HocusFocusStarDetection.cs|Detect|413|Average HFR: 3.481038413896763, HFR MAD: 0.3748950290841151, Detected Stars 282, Region: 0
2026-09-02T00:45:04.6827|INFO|BaseImageData.cs|SaveToDisk|346|Saved image to D:\Images NINA\Target\LIGHT_1x1_600.00s_15_132_M 27_Celestron C8__-9.96C_Green_0025_2026-09-02_00-34-55_FWHM_5.16_Fok_38903.xisf
2026-09-02T00:45:04.6828|INFO|ImageSaveController.cs|DoWork|97|Successfully saved file at D:\Images NINA\Target\LIGHT_1x1_600.00s_15_132_M 27_Celestron C8__-9.96C_Green_0025_2026-09-02_00-34-55_FWHM_5.16_Fok_38903.xisf. Duration Total: 00:00:02.8299769; BeforeSave: 00:00:00.0006507; BeforeFinalizeImageSaved: 00:00:02.7860197; FinalizeSaveTime: 00:00:00.0433053
2026-09-02T00:45:20.2723|INFO|SequenceItem.cs|Run|254|Finishing Category: Guida, Item: Dither
2026-09-02T00:45:20.2727|INFO|SequenceItem.cs|Run|254|Finishing Category: * Set di Istruzioni *, Container: NINA.Sequencer.Container.SequentialContainer, Strategy: SequentialStrategy, Items[FINISHED]: 1
2026-09-02T00:45:20.2732|INFO|MeridianFlipTrigger.cs|ShouldTrigger|211|Meridian Flip - Flip for the current target already happened at 09/01/2026 22:20:04. Skip flip evaluation
2026-09-02T00:45:20.2733|INFO|SequenceTrigger.cs|Run|114|Starting Trigger: RestoreGuiding
2026-09-02T00:45:20.2733|INFO|SequenceItem.cs|Run|208|Starting Category: * Set di Istruzioni *, Container: NINA.Sequencer.Container.SequentialContainer, Strategy: SequentialStrategy, Items[CREATED]: 1
2026-09-02T00:45:20.2734|INFO|SequenceItem.cs|Run|208|Starting Category: Guida, Item: StartGuiding
2026-09-02T00:45:20.2986|INFO|PHD2Guider.cs|StartGuidingPrivate|504|Phd2 - App is already guiding. Skipping start guiding
2026-09-02T00:45:20.3013|INFO|SequenceItem.cs|Run|254|Finishing Category: Guida, Item: StartGuiding
2026-09-02T00:45:20.3030|INFO|SequenceItem.cs|Run|254|Finishing Category: * Set di Istruzioni *, Container: NINA.Sequencer.Container.SequentialContainer, Strategy: SequentialStrategy, Items[FINISHED]: 1
2026-09-02T00:45:20.3270|INFO|SequenceItem.cs|Run|208|Starting Category: Fotocamera, Item: TakeExposure, ExposureTime 600, Gain 15, Offset 132, ImageType LIGHT, Binning 1x1
2026-09-02T00:45:20.3275|INFO|CameraVM.cs|Capture|742|Starting Exposure - Exposure Time: 600s; Filter: ; Gain: 15; Offset 132; Binning: 1x1;
2026-09-02T00:55:25.1860|WARNING|DeviceUpdateTimer.cs|Run|115|Dome value update cycle took longer than the device poll interval (Total: 4.07s > 2s; Poll: 00:00:00.0074838; Update: 00:00:04.0589465)
2026-09-02T00:55:26.4868|WARNING|DeviceUpdateTimer.cs|Run|115|Camera value update cycle took longer than the device poll interval (Total: 10.30s > 2s; Poll: 00:00:10.2993339; Update: 00:00:00.0001675)
2026-09-02T00:55:26.5502|INFO|SequenceItem.cs|Run|254|Finishing Category: Fotocamera, Item: TakeExposure, ExposureTime 600, Gain 15, Offset 132, ImageType LIGHT, Binning 1x1
2026-09-02T00:55:26.5504|INFO|LoopCondition.cs|Check|75|LoopCondition finished. Iterations: 5 / 5
2026-09-02T00:55:26.5505|INFO|SequenceItem.cs|Run|254|Finishing Category: Fotocamera, Container: NINA.Sequencer.SequenceItem.Imaging.SmartExposure, Strategy: SequentialStrategy, Items[FINISHED]: 2, Conditions: Condition: LoopCondition, Iterations: 5/5, , Triggers: Trigger: DitherAfterExposures, After Exposures: 1
2026-09-02T00:55:26.5523|INFO|SequenceItem.cs|Run|254|Finishing Category: * Set di Istruzioni *, Container: NINA.Sequencer.Container.DeepSkyObjectContainer, Strategy: SequentialStrategy, Items[FINISHED]: 6, Triggers: Trigger: CenterAfterDriftTrigger, DistanceArcMinutes: 3, Target: M 27 RA: 19:59:36; Dec: 22° 43' 16"; Epoch: J2000 0
2026-09-02T00:55:26.5541|INFO|MeridianFlipTrigger.cs|ShouldTrigger|211|Meridian Flip - Flip for the current target already happened at 09/01/2026 22:20:04. Skip flip evaluation
2026-09-02T00:55:26.5542|INFO|SequenceItem.cs|Run|208|Starting Category: Utilità, Item: Annotation, Text: PLACE YOUR ...FIRST... TARGET SEQUENCE OF THE NIGHT ...BELOW... THIS LINE
2026-09-02T00:55:26.5542|INFO|SequenceItem.cs|Run|254|Finishing Category: Utilità, Item: Annotation, Text: PLACE YOUR ...FIRST... TARGET SEQUENCE OF THE NIGHT ...BELOW... THIS LINE
2026-09-02T00:55:26.5547|INFO|MeridianFlipTrigger.cs|ShouldTrigger|211|Meridian Flip - Flip for the current target already happened at 09/01/2026 22:20:04. Skip flip evaluation
2026-09-02T00:55:26.5548|INFO|SequenceItem.cs|Run|208|Starting Category: Utilità, Item: Annotation, Text: PLACE YOUR ...FIRST... TARGET SEQUENCE OF THE NIGHT ...ABOVE... THIS LINE
2026-09-02T00:55:26.5548|INFO|SequenceItem.cs|Run|254|Finishing Category: Utilità, Item: Annotation, Text: PLACE YOUR ...FIRST... TARGET SEQUENCE OF THE NIGHT ...ABOVE... THIS LINE
2026-09-02T00:55:26.5553|INFO|MeridianFlipTrigger.cs|ShouldTrigger|211|Meridian Flip - Flip for the current target already happened at 09/01/2026 22:20:04. Skip flip evaluation
2026-09-02T00:55:26.5554|INFO|SequenceItem.cs|Run|208|Starting Category: * Set di Istruzioni *, Container: NINA.Sequencer.Container.DeepSkyObjectContainer, Strategy: SequentialStrategy, Items[CREATED]: 6, Triggers: Trigger: CenterAfterDriftTrigger, DistanceArcMinutes: 3, Target: M 27 RA: 19:59:36; Dec: 22° 43' 16"; Epoch: J2000 0
2026-09-02T00:55:26.5563|INFO|MeridianFlipTrigger.cs|ShouldTrigger|211|Meridian Flip - Flip for the current target already happened at 09/01/2026 22:20:04. Skip flip evaluation
2026-09-02T00:55:26.5564|INFO|SequenceItem.cs|Run|208|Starting Category: Telescopio, Item: Center, Coordinates RA: 19:59:36; Dec: 22° 43' 16"; Epoch: J2000
2026-09-02T00:55:28.9787|INFO|TelescopeVM.cs|SlewAsyncInternal|910|Slewing from RA: 20:00:43; Dec: 22° 48' 30"; Epoch: JNOW to RA: 20:00:47; Dec: 22° 47' 50"; Epoch: JNOW - Alt: 54° 01' 16"; Az: 248° 28' 00"
2026-09-02T00:55:29.0089|INFO|HocusFocusStarDetection.cs|Detect|413|Average HFR: 3.363615818242993, HFR MAD: 0.3444978198478239, Detected Stars 317, Region: 0
2026-09-02T00:55:29.4375|INFO|BaseImageData.cs|SaveToDisk|346|Saved image to D:\Images NINA\Target\LIGHT_1x1_600.00s_15_132_M 27_Celestron C8__-10.00C_Green_0026_2026-09-02_00-45-20_FWHM_4.91_Fok_38903.xisf
2026-09-02T00:55:29.4376|INFO|ImageSaveController.cs|DoWork|97|Successfully saved file at D:\Images NINA\Target\LIGHT_1x1_600.00s_15_132_M 27_Celestron C8__-10.00C_Green_0026_2026-09-02_00-45-20_FWHM_4.91_Fok_38903.xisf. Duration Total: 00:00:02.5465726; BeforeSave: 00:00:00.0000946; BeforeFinalizeImageSaved: 00:00:02.5139569; FinalizeSaveTime: 00:00:00.0325206
2026-09-02T00:55:43.9418|INFO|FilterWheelVM.cs|ChangeFilter|112|Moving to Filter L-Pro at Position 0
2026-09-02T00:55:59.0498|INFO|CameraVM.cs|Capture|742|Starting Exposure - Exposure Time: 15s; Filter: L-Pro; Gain: 15; Offset 132; Binning: 1x1;
2026-09-02T00:56:19.5638|INFO|ImageSolver.cs|Solve|41|Platesolving with parameters: FocalLength: 1260 PixelSize: 4.54 SearchRadius: 30 BlindFailoverEnabled: True Regions: 5000 DownSampleFactor: 2 MaxObjects: 500 Reference Coordinates RA: 19:59:36 Dec: 22° 43' 16" Epoch: J2000
2026-09-02T00:56:19.8571|INFO|BaseImageData.cs|SaveToDisk|346|Saved image to C:\Users\PrimaLuceLab\AppData\Local\NINA\PlateSolver\bsx3ah1w.mhj.fits
2026-09-02T00:56:21.0468|INFO|ImageSolver.cs|Solve|54|Platesolve successful: Coordinates: RA: 19:59:47; Dec: 22° 43' 36"; Epoch: J2000 - Position Angle: 89.4080947752397
2026-09-02T00:56:21.0486|INFO|CenteringSolver.cs|Center|99|Centering Solver - Scope Position: RA: 20:00:47; Dec: 22° 47' 50"; Epoch: JNOW; Offset: RA: 00:00:00; Dec: 00° 00' 00"; Distance: 00° 00' 00"; Bearing: 00° 00' 00"; Centering Coordinates: RA: 20:00:47; Dec: 22° 47' 50"; Epoch: JNOW; Solved: RA: 20:00:58; Dec: 22° 48' 10"; Epoch: JNOW; Separation RA: -00:00:11; Dec: -00° 00' 20"; Distance: 00° 02' 30"; Bearing: -82° 28' 37"; Threshold: 1
2026-09-02T00:56:21.1732|INFO|TelescopeVM.cs|Sync|777|Syncing scope from RA: 20:00:47; Dec: 22° 47' 50"; Epoch: JNOW to RA: 20:00:58; Dec: 22° 48' 10"; Epoch: JNOW
2026-09-02T00:56:26.1754|INFO|CenteringSolver.cs|Center|132|Slewing to target after sync. Current Position: RA: 20:00:58; Dec: 22° 48' 10"; Epoch: JNOW; Target coordinates: RA: 20:00:47; Dec: 22° 47' 50"; Epoch: JNOW; Offset RA: 00:00:00; Dec: 00° 00' 00"; Distance: 00° 00' 00"; Bearing: 00° 00' 00"
2026-09-02T00:56:26.1821|INFO|TelescopeVM.cs|SlewAsyncInternal|910|Slewing from RA: 20:00:58; Dec: 22° 48' 10"; Epoch: JNOW to RA: 20:00:47; Dec: 22° 47' 50"; Epoch: JNOW - Alt: 53° 51' 24"; Az: 248° 43' 01"
2026-09-02T00:56:40.4916|INFO|CameraVM.cs|Capture|742|Starting Exposure - Exposure Time: 15s; Filter: L-Pro; Gain: 15; Offset 132; Binning: 1x1;
2026-09-02T00:57:00.9595|INFO|ImageSolver.cs|Solve|41|Platesolving with parameters: FocalLength: 1260 PixelSize: 4.54 SearchRadius: 30 BlindFailoverEnabled: True Regions: 5000 DownSampleFactor: 2 MaxObjects: 500 Reference Coordinates RA: 19:59:36 Dec: 22° 43' 16" Epoch: J2000
2026-09-02T00:57:01.4503|INFO|BaseImageData.cs|SaveToDisk|346|Saved image to C:\Users\PrimaLuceLab\AppData\Local\NINA\PlateSolver\urlaiaf5.iwv.fits
2026-09-02T00:57:02.6472|INFO|ImageSolver.cs|Solve|54|Platesolve successful: Coordinates: RA: 19:59:36; Dec: 22° 43' 17"; Epoch: J2000 - Position Angle: 89.42314553797303
2026-09-02T00:57:02.6492|INFO|CenteringSolver.cs|Center|99|Centering Solver - Scope Position: RA: 20:00:47; Dec: 22° 47' 50"; Epoch: JNOW; Offset: RA: 00:00:00; Dec: 00° 00' 00"; Distance: 00° 00' 00"; Bearing: 00° 00' 00"; Centering Coordinates: RA: 20:00:47; Dec: 22° 47' 50"; Epoch: JNOW; Solved: RA: 20:00:47; Dec: 22° 47' 51"; Epoch: JNOW; Separation RA: -00:00:00; Dec: -00° 00' 01"; Distance: 00° 00' 01"; Bearing: -25° 22' 10"; Threshold: 1
2026-09-02T00:57:02.6493|INFO|CenteringSolver.cs|Center|165|Restoring filter to Green after centering
2026-09-02T00:57:02.7714|INFO|FilterWheelVM.cs|ChangeFilter|112|Moving to Filter Green at Position 3
2026-09-02T00:57:11.6500|INFO|PHD2Guider.cs|TryStartGuideCommand|641|Phd2 - Requesting to start guiding. Recalibrate: False
2026-09-02T00:57:35.1398|INFO|SequenceItem.cs|Run|254|Finishing Category: Telescopio, Item: Center, Coordinates RA: 19:59:36; Dec: 22° 43' 16"; Epoch: J2000
2026-09-02T00:57:35.1406|INFO|MeridianFlipTrigger.cs|ShouldTrigger|211|Meridian Flip - Flip for the current target already happened at 09/01/2026 22:20:04. Skip flip evaluation
2026-09-02T00:57:35.1406|INFO|SequenceItem.cs|Run|208|Starting Category: Guida, Item: StartGuiding
2026-09-02T00:57:35.2061|INFO|PHD2Guider.cs|StartGuidingPrivate|504|Phd2 - App is already guiding. Skipping start guiding
2026-09-02T00:57:35.2062|INFO|SequenceItem.cs|Run|254|Finishing Category: Guida, Item: StartGuiding
2026-09-02T00:57:35.2075|INFO|MeridianFlipTrigger.cs|ShouldTrigger|211|Meridian Flip - Flip for the current target already happened at 09/01/2026 22:20:04. Skip flip evaluation
2026-09-02T00:57:35.2076|INFO|SequenceItem.cs|Run|208|Starting Category: Utilità, Item: WaitForTimeSpan, Time: 300s
2026-09-02T01:02:36.0319|INFO|SequenceItem.cs|Run|254|Finishing Category: Utilità, Item: WaitForTimeSpan, Time: 300s
2026-09-02T01:02:36.0327|INFO|MeridianFlipTrigger.cs|ShouldTrigger|211|Meridian Flip - Flip for the current target already happened at 09/01/2026 22:20:04. Skip flip evaluation
2026-09-02T01:02:36.0329|INFO|SequenceItem.cs|Run|208|Starting Category: Fotocamera, Container: NINA.Sequencer.SequenceItem.Imaging.SmartExposure, Strategy: SequentialStrategy, Items[CREATED]: 2, Conditions: Condition: LoopCondition, Iterations: 0/5, , Triggers: Trigger: DitherAfterExposures, After Exposures: 1
2026-09-02T01:02:36.0334|INFO|MeridianFlipTrigger.cs|ShouldTrigger|211|Meridian Flip - Flip for the current target already happened at 09/01/2026 22:20:04. Skip flip evaluation
2026-09-02T01:02:36.0335|INFO|SequenceItem.cs|Run|208|Starting Category: Ruota porta filtri, Item: SwitchFilter, Filter: Blu
2026-09-02T01:02:36.1462|INFO|FilterWheelVM.cs|ChangeFilter|112|Moving to Filter Blu at Position 4
2026-09-02T01:02:39.4620|INFO|SequenceItem.cs|Run|254|Finishing Category: Ruota porta filtri, Item: SwitchFilter, Filter: Blu
2026-09-02T01:02:39.4623|INFO|SequenceTrigger.cs|Run|114|Starting Trigger: DitherAfterExposures, After Exposures: 1
2026-09-02T01:02:39.4624|INFO|SequenceItem.cs|Run|208|Starting Category: * Set di Istruzioni *, Container: NINA.Sequencer.Container.SequentialContainer, Strategy: SequentialStrategy, Items[CREATED]: 1
2026-09-02T01:02:39.4625|INFO|SequenceItem.cs|Run|208|Starting Category: Guida, Item: Dither
2026-09-02T01:02:52.6227|INFO|SequenceItem.cs|Run|254|Finishing Category: Guida, Item: Dither
2026-09-02T01:02:52.6229|INFO|SequenceItem.cs|Run|254|Finishing Category: * Set di Istruzioni *, Container: NINA.Sequencer.Container.SequentialContainer, Strategy: SequentialStrategy, Items[FINISHED]: 1
2026-09-02T01:02:52.6235|INFO|MeridianFlipTrigger.cs|ShouldTrigger|211|Meridian Flip - Flip for the current target already happened at 09/01/2026 22:20:04. Skip flip evaluation
2026-09-02T01:02:52.6235|INFO|SequenceTrigger.cs|Run|114|Starting Trigger: RestoreGuiding
2026-09-02T01:02:52.6241|INFO|SequenceItem.cs|Run|208|Starting Category: * Set di Istruzioni *, Container: NINA.Sequencer.Container.SequentialContainer, Strategy: SequentialStrategy, Items[CREATED]: 1
2026-09-02T01:02:52.6242|INFO|SequenceItem.cs|Run|208|Starting Category: Guida, Item: StartGuiding
2026-09-02T01:02:52.6593|INFO|PHD2Guider.cs|StartGuidingPrivate|504|Phd2 - App is already guiding. Skipping start guiding
2026-09-02T01:02:52.6594|INFO|SequenceItem.cs|Run|254|Finishing Category: Guida, Item: StartGuiding
2026-09-02T01:02:52.6595|INFO|SequenceItem.cs|Run|254|Finishing Category: * Set di Istruzioni *, Container: NINA.Sequencer.Container.SequentialContainer, Strategy: SequentialStrategy, Items[FINISHED]: 1
2026-09-02T01:02:52.6820|INFO|SequenceTrigger.cs|Run|114|Starting Trigger: AutofocusAfterFilterChange
2026-09-02T01:02:52.6822|INFO|SequenceItem.cs|Run|208|Starting Category: * Set di Istruzioni *, Container: NINA.Sequencer.Container.SequentialContainer, Strategy: SequentialStrategy, Items[CREATED]: 1
2026-09-02T01:02:52.6823|INFO|SequenceItem.cs|Run|208|Starting Category: Focheggiatore, Item: RunAutofocus
2026-09-02T01:02:52.9801|INFO|FocuserMediator.cs|BroadcastAutoFocusRunStarting|92|Autofocus starting notification received
2026-09-02T01:02:55.1858|INFO|AutoFocusEngine.cs|RunAutoFocus|929|Starting AutoFocus with initial position 38903
2026-09-02T01:02:55.3065|INFO|CameraVM.cs|Capture|742|Starting Exposure - Exposure Time: 10s; Filter: Blu; Gain: 15; Offset 132; Binning: 2x2;
2026-09-02T01:03:06.6292|INFO|AutoFocusEngine.cs|StartBlindFocusPoints|769|Waiting on initial HFR analysis
2026-09-02T01:03:06.6297|INFO|FocuserVM.cs|MoveFocuserInternal|216|Moving Focuser to position 39703
2026-09-02T01:03:07.3684|INFO|HocusFocusStarDetection.cs|Detect|413|Average HFR: 2.150951789106889, HFR MAD: 0.16542158198456725, Detected Stars 107, Region: 0
2026-09-02T01:03:16.2351|INFO|CameraVM.cs|Capture|742|Starting Exposure - Exposure Time: 10s; Filter: Blu; Gain: 15; Offset 132; Binning: 2x2;
2026-09-02T01:03:27.5609|INFO|FocuserVM.cs|MoveFocuserInternal|216|Moving Focuser to position 39503
2026-09-02T01:03:28.3082|INFO|HocusFocusStarDetection.cs|Detect|413|Average HFR: 1.6643029675031842, HFR MAD: 0.07133715739612212, Detected Stars 91, Region: 0
2026-09-02T01:03:34.1772|INFO|CameraVM.cs|Capture|742|Starting Exposure - Exposure Time: 10s; Filter: Blu; Gain: 15; Offset 132; Binning: 2x2;
2026-09-02T01:03:45.4928|INFO|FocuserVM.cs|MoveFocuserInternal|216|Moving Focuser to position 39303
2026-09-02T01:03:46.3027|INFO|HocusFocusStarDetection.cs|Detect|413|Average HFR: 1.6642147031562136, HFR MAD: 0.0883656132163062, Detected Stars 79, Region: 0
2026-09-02T01:03:50.7733|INFO|CameraVM.cs|Capture|742|Starting Exposure - Exposure Time: 10s; Filter: Blu; Gain: 15; Offset 132; Binning: 2x2;
2026-09-02T01:04:02.0789|INFO|FocuserVM.cs|MoveFocuserInternal|216|Moving Focuser to position 39103
2026-09-02T01:04:02.7297|INFO|HocusFocusStarDetection.cs|Detect|413|Average HFR: 1.625441737893863, HFR MAD: 0.06598266232485783, Detected Stars 77, Region: 0
2026-09-02T01:04:08.1976|INFO|CameraVM.cs|Capture|742|Starting Exposure - Exposure Time: 10s; Filter: Blu; Gain: 15; Offset 132; Binning: 2x2;
2026-09-02T01:04:19.5206|INFO|AutoFocusEngine.cs|StartBlindFocusPoints|797|Waiting on initial focuser move analyses
2026-09-02T01:04:20.2095|INFO|HocusFocusStarDetection.cs|Detect|413|Average HFR: 1.6972741279924777, HFR MAD: 0.11386523543002247, Detected Stars 101, Region: 0
2026-09-02T01:04:20.3875|INFO|FocuserVM.cs|MoveFocuserInternal|216|Moving Focuser to position 38903
2026-09-02T01:04:26.1985|INFO|CameraVM.cs|Capture|742|Starting Exposure - Exposure Time: 10s; Filter: Blu; Gain: 15; Offset 132; Binning: 2x2;
2026-09-02T01:04:37.5151|INFO|AutoFocusEngine.cs|StartBlindFocusPoints|870|Waiting on next left movement analysis
2026-09-02T01:04:38.2298|INFO|HocusFocusStarDetection.cs|Detect|413|Average HFR: 1.8614416308562047, HFR MAD: 0.11663851977632511, Detected Stars 99, Region: 0
2026-09-02T01:04:38.2899|INFO|FocuserVM.cs|MoveFocuserInternal|216|Moving Focuser to position 38703
2026-09-02T01:04:44.2068|INFO|CameraVM.cs|Capture|742|Starting Exposure - Exposure Time: 10s; Filter: Blu; Gain: 15; Offset 132; Binning: 2x2;
2026-09-02T01:04:55.5609|INFO|AutoFocusEngine.cs|StartBlindFocusPoints|870|Waiting on next left movement analysis
2026-09-02T01:04:56.2569|INFO|HocusFocusStarDetection.cs|Detect|413|Average HFR: 2.097982446680998, HFR MAD: 0.17004237789844412, Detected Stars 112, Region: 0
2026-09-02T01:04:56.3221|INFO|FocuserVM.cs|MoveFocuserInternal|216|Moving Focuser to position 38503
2026-09-02T01:05:02.2436|INFO|CameraVM.cs|Capture|742|Starting Exposure - Exposure Time: 10s; Filter: Blu; Gain: 15; Offset 132; Binning: 2x2;
2026-09-02T01:05:13.5624|INFO|AutoFocusEngine.cs|StartBlindFocusPoints|870|Waiting on next left movement analysis
2026-09-02T01:05:14.2223|INFO|HocusFocusStarDetection.cs|Detect|413|Average HFR: 2.2582960816205877, HFR MAD: 0.2166226136367273, Detected Stars 114, Region: 0
2026-09-02T01:05:14.2587|INFO|FocuserVM.cs|MoveFocuserInternal|216|Moving Focuser to position 38303
2026-09-02T01:05:20.2006|INFO|CameraVM.cs|Capture|742|Starting Exposure - Exposure Time: 10s; Filter: Blu; Gain: 15; Offset 132; Binning: 2x2;
2026-09-02T01:05:31.5185|INFO|AutoFocusEngine.cs|StartBlindFocusPoints|870|Waiting on next left movement analysis
2026-09-02T01:05:32.1723|INFO|HocusFocusStarDetection.cs|Detect|413|Average HFR: 2.5676976741058994, HFR MAD: 0.24289822199828226, Detected Stars 104, Region: 0
2026-09-02T01:05:32.2173|INFO|FocuserVM.cs|MoveFocuserInternal|216|Moving Focuser to position 39903
2026-09-02T01:05:44.4309|INFO|CameraVM.cs|Capture|742|Starting Exposure - Exposure Time: 10s; Filter: Blu; Gain: 15; Offset 132; Binning: 2x2;
2026-09-02T01:05:55.7608|INFO|AutoFocusEngine.cs|StartBlindFocusPoints|884|Waiting on next right movement analysis
2026-09-02T01:05:56.4355|INFO|HocusFocusStarDetection.cs|Detect|413|Average HFR: 1.6955144398270832, HFR MAD: 0.08735974791834034, Detected Stars 94, Region: 0
2026-09-02T01:05:56.4751|INFO|FocuserVM.cs|MoveFocuserInternal|216|Moving Focuser to position 38103
2026-09-02T01:05:59.3360|WARNING|DeviceUpdateTimer.cs|Run|115|Dome value update cycle took longer than the device poll interval (Total: 2.79s > 2s; Poll: 00:00:00.0028862; Update: 00:00:02.7838620)
2026-09-02T01:06:10.1765|INFO|CameraVM.cs|Capture|742|Starting Exposure - Exposure Time: 10s; Filter: Blu; Gain: 15; Offset 132; Binning: 2x2;
2026-09-02T01:06:21.5126|INFO|AutoFocusEngine.cs|StartBlindFocusPoints|870|Waiting on next left movement analysis
2026-09-02T01:06:22.1717|INFO|HocusFocusStarDetection.cs|Detect|413|Average HFR: 2.851049040266369, HFR MAD: 0.32859113786836414, Detected Stars 99, Region: 0
2026-09-02T01:06:22.2105|INFO|FocuserVM.cs|MoveFocuserInternal|216|Moving Focuser to position 40103
2026-09-02T01:06:36.5439|INFO|CameraVM.cs|Capture|742|Starting Exposure - Exposure Time: 10s; Filter: Blu; Gain: 15; Offset 132; Binning: 2x2;
2026-09-02T01:06:47.8540|INFO|AutoFocusEngine.cs|StartBlindFocusPoints|884|Waiting on next right movement analysis
2026-09-02T01:06:48.7018|INFO|HocusFocusStarDetection.cs|Detect|413|Average HFR: 1.763638999680953, HFR MAD: 0.12629052943338404, Detected Stars 111, Region: 0
2026-09-02T01:06:48.7708|INFO|AutoFocusEngine.cs|StartBlindFocusPoints|823|Enough left trend points (4) with an established minimum (39303) to queue remaining right focus points up to 40103
2026-09-02T01:06:48.7709|INFO|AutoFocusEngine.cs|StartBlindFocusPoints|896|Waiting on remaining AutoFocus analysis tasks
2026-09-02T01:06:48.7715|INFO|FocuserVM.cs|MoveFocuserInternal|216|Moving Focuser to position 39293
2026-09-02T01:06:56.8640|INFO|AutoFocusEngine.cs|ValidateCalculatedFocusPosition|1141|Validating HFR at final focus position 39293
2026-09-02T01:06:56.9750|INFO|CameraVM.cs|Capture|742|Starting Exposure - Exposure Time: 10s; Filter: Blu; Gain: 15; Offset 132; Binning: 2x2;
2026-09-02T01:07:09.0106|INFO|HocusFocusStarDetection.cs|Detect|413|Average HFR: 1.6842707346845418, HFR MAD: 0.11442493460065939, Detected Stars 96, Region: 0
2026-09-02T01:07:09.0457|INFO|HocusFocusVM.cs|AutoFocusEngine_Completed|473|AutoFocus completed with focuser starting at 38903 and ending at 39293
2026-09-02T01:07:09.0497|INFO|FocuserMediator.cs|BroadcastSuccessfulAutoFocusRun|46|Autofocus notification received - Temperature 22.25
2026-09-02T01:07:09.3054|INFO|AutoFocusEngine.cs|PerformPostAutoFocusActions|1022|Re-enabling temperature compensation after AutoFocus
2026-09-02T01:07:09.4205|INFO|PHD2Guider.cs|TryStartGuideCommand|641|Phd2 - Requesting to start guiding. Recalibrate: False
2026-09-02T01:07:32.9505|INFO|SequenceItem.cs|Run|254|Finishing Category: Focheggiatore, Item: RunAutofocus
2026-09-02T01:07:32.9507|INFO|SequenceItem.cs|Run|254|Finishing Category: * Set di Istruzioni *, Container: NINA.Sequencer.Container.SequentialContainer, Strategy: SequentialStrategy, Items[FINISHED]: 1
2026-09-02T01:07:32.9508|INFO|SequenceItem.cs|Run|208|Starting Category: Fotocamera, Item: TakeExposure, ExposureTime 600, Gain 15, Offset 132, ImageType LIGHT, Binning 1x1
2026-09-02T01:07:32.9513|INFO|CameraVM.cs|Capture|742|Starting Exposure - Exposure Time: 600s; Filter: ; Gain: 15; Offset 132; Binning: 1x1;
2026-09-02T01:17:35.6020|WARNING|DeviceUpdateTimer.cs|Run|115|Dome value update cycle took longer than the device poll interval (Total: 4.81s > 2s; Poll: 00:00:00.0031320; Update: 00:00:04.8065764)
2026-09-02T01:17:39.1738|WARNING|DeviceUpdateTimer.cs|Run|115|Camera value update cycle took longer than the device poll interval (Total: 10.97s > 2s; Poll: 00:00:10.9662972; Update: 00:00:00.0002810)
2026-09-02T01:17:39.1750|INFO|SequenceItem.cs|Run|254|Finishing Category: Fotocamera, Item: TakeExposure, ExposureTime 600, Gain 15, Offset 132, ImageType LIGHT, Binning 1x1
2026-09-02T01:17:39.1761|INFO|MeridianFlipTrigger.cs|ShouldTrigger|211|Meridian Flip - Flip for the current target already happened at 09/01/2026 22:20:04. Skip flip evaluation
2026-09-02T01:17:39.1762|INFO|SequenceItem.cs|Run|208|Starting Category: Ruota porta filtri, Item: SwitchFilter, Filter: Blu
2026-09-02T01:17:39.3599|INFO|SequenceItem.cs|Run|254|Finishing Category: Ruota porta filtri, Item: SwitchFilter, Filter: Blu
2026-09-02T01:17:39.3603|INFO|SequenceTrigger.cs|Run|114|Starting Trigger: DitherAfterExposures, After Exposures: 1
2026-09-02T01:17:39.3604|INFO|SequenceItem.cs|Run|208|Starting Category: * Set di Istruzioni *, Container: NINA.Sequencer.Container.SequentialContainer, Strategy: SequentialStrategy, Items[CREATED]: 1
2026-09-02T01:17:39.3605|INFO|SequenceItem.cs|Run|208|Starting Category: Guida, Item: Dither
2026-09-02T01:17:41.9307|INFO|HocusFocusStarDetection.cs|Detect|413|Average HFR: 2.4531248872520237, HFR MAD: 0.2626949524279967, Detected Stars 342, Region: 0
2026-09-02T01:17:42.4281|INFO|BaseImageData.cs|SaveToDisk|346|Saved image to D:\Images NINA\Target\LIGHT_1x1_600.00s_15_132_M 27_Celestron C8__-9.96C_Blu_0019_2026-09-02_01-07-33_FWHM_4.00_Fok_39293.xisf
2026-09-02T01:17:42.4282|INFO|ImageSaveController.cs|DoWork|97|Successfully saved file at D:\Images NINA\Target\LIGHT_1x1_600.00s_15_132_M 27_Celestron C8__-9.96C_Blu_0019_2026-09-02_01-07-33_FWHM_4.00_Fok_39293.xisf. Duration Total: 00:00:02.8569756; BeforeSave: 00:00:00.0000915; BeforeFinalizeImageSaved: 00:00:02.8345160; FinalizeSaveTime: 00:00:00.0223677
2026-09-02T01:17:58.9715|INFO|SequenceItem.cs|Run|254|Finishing Category: Guida, Item: Dither
2026-09-02T01:17:58.9717|INFO|SequenceItem.cs|Run|254|Finishing Category: * Set di Istruzioni *, Container: NINA.Sequencer.Container.SequentialContainer, Strategy: SequentialStrategy, Items[FINISHED]: 1
2026-09-02T01:17:58.9722|INFO|MeridianFlipTrigger.cs|ShouldTrigger|211|Meridian Flip - Flip for the current target already happened at 09/01/2026 22:20:04. Skip flip evaluation
2026-09-02T01:17:58.9723|INFO|SequenceTrigger.cs|Run|114|Starting Trigger: RestoreGuiding
2026-09-02T01:17:58.9724|INFO|SequenceItem.cs|Run|208|Starting Category: * Set di Istruzioni *, Container: NINA.Sequencer.Container.SequentialContainer, Strategy: SequentialStrategy, Items[CREATED]: 1
2026-09-02T01:17:58.9724|INFO|SequenceItem.cs|Run|208|Starting Category: Guida, Item: StartGuiding
2026-09-02T01:17:59.0418|INFO|PHD2Guider.cs|StartGuidingPrivate|504|Phd2 - App is already guiding. Skipping start guiding
2026-09-02T01:17:59.0419|INFO|SequenceItem.cs|Run|254|Finishing Category: Guida, Item: StartGuiding
2026-09-02T01:17:59.0420|INFO|SequenceItem.cs|Run|254|Finishing Category: * Set di Istruzioni *, Container: NINA.Sequencer.Container.SequentialContainer, Strategy: SequentialStrategy, Items[FINISHED]: 1
2026-09-02T01:17:59.0600|INFO|SequenceItem.cs|Run|208|Starting Category: Fotocamera, Item: TakeExposure, ExposureTime 600, Gain 15, Offset 132, ImageType LIGHT, Binning 1x1
2026-09-02T01:17:59.0605|INFO|CameraVM.cs|Capture|742|Starting Exposure - Exposure Time: 600s; Filter: ; Gain: 15; Offset 132; Binning: 1x1;
2026-09-02T01:28:05.2073|WARNING|DeviceUpdateTimer.cs|Run|115|Camera value update cycle took longer than the device poll interval (Total: 11.83s > 2s; Poll: 00:00:11.8298768; Update: 00:00:00.0001372)
2026-09-02T01:28:05.2406|INFO|SequenceItem.cs|Run|254|Finishing Category: Fotocamera, Item: TakeExposure, ExposureTime 600, Gain 15, Offset 132, ImageType LIGHT, Binning 1x1
2026-09-02T01:28:05.2414|INFO|MeridianFlipTrigger.cs|ShouldTrigger|211|Meridian Flip - Flip for the current target already happened at 09/01/2026 22:20:04. Skip flip evaluation
2026-09-02T01:28:05.2414|INFO|SequenceItem.cs|Run|208|Starting Category: Ruota porta filtri, Item: SwitchFilter, Filter: Blu
2026-09-02T01:28:05.3741|INFO|SequenceItem.cs|Run|254|Finishing Category: Ruota porta filtri, Item: SwitchFilter, Filter: Blu
2026-09-02T01:28:05.3745|INFO|SequenceTrigger.cs|Run|114|Starting Trigger: DitherAfterExposures, After Exposures: 1
2026-09-02T01:28:05.3746|INFO|SequenceItem.cs|Run|208|Starting Category: * Set di Istruzioni *, Container: NINA.Sequencer.Container.SequentialContainer, Strategy: SequentialStrategy, Items[CREATED]: 1
2026-09-02T01:28:05.3747|INFO|SequenceItem.cs|Run|208|Starting Category: Guida, Item: Dither
2026-09-02T01:28:07.9964|INFO|HocusFocusStarDetection.cs|Detect|413|Average HFR: 2.7312242195271286, HFR MAD: 0.2938815595141415, Detected Stars 291, Region: 0
2026-09-02T01:28:08.4444|INFO|BaseImageData.cs|SaveToDisk|346|Saved image to D:\Images NINA\Target\LIGHT_1x1_600.00s_15_132_M 27_Celestron C8__-9.96C_Blu_0020_2026-09-02_01-17-59_FWHM_4.05_Fok_39293.xisf
2026-09-02T01:28:08.4450|INFO|ImageSaveController.cs|DoWork|97|Successfully saved file at D:\Images NINA\Target\LIGHT_1x1_600.00s_15_132_M 27_Celestron C8__-9.96C_Blu_0020_2026-09-02_01-17-59_FWHM_4.05_Fok_39293.xisf. Duration Total: 00:00:02.8946261; BeforeSave: 00:00:00.0312636; BeforeFinalizeImageSaved: 00:00:02.8347879; FinalizeSaveTime: 00:00:00.0285736
2026-09-02T01:28:21.9794|INFO|SequenceItem.cs|Run|254|Finishing Category: Guida, Item: Dither
2026-09-02T01:28:21.9822|INFO|SequenceItem.cs|Run|254|Finishing Category: * Set di Istruzioni *, Container: NINA.Sequencer.Container.SequentialContainer, Strategy: SequentialStrategy, Items[FINISHED]: 1
2026-09-02T01:28:21.9832|INFO|MeridianFlipTrigger.cs|ShouldTrigger|211|Meridian Flip - Flip for the current target already happened at 09/01/2026 22:20:04. Skip flip evaluation
2026-09-02T01:28:21.9833|INFO|SequenceTrigger.cs|Run|114|Starting Trigger: RestoreGuiding
2026-09-02T01:28:21.9834|INFO|SequenceItem.cs|Run|208|Starting Category: * Set di Istruzioni *, Container: NINA.Sequencer.Container.SequentialContainer, Strategy: SequentialStrategy, Items[CREATED]: 1
2026-09-02T01:28:21.9834|INFO|SequenceItem.cs|Run|208|Starting Category: Guida, Item: StartGuiding
2026-09-02T01:28:22.0295|INFO|PHD2Guider.cs|StartGuidingPrivate|504|Phd2 - App is already guiding. Skipping start guiding
2026-09-02T01:28:22.0297|INFO|SequenceItem.cs|Run|254|Finishing Category: Guida, Item: StartGuiding
2026-09-02T01:28:22.0298|INFO|SequenceItem.cs|Run|254|Finishing Category: * Set di Istruzioni *, Container: NINA.Sequencer.Container.SequentialContainer, Strategy: SequentialStrategy, Items[FINISHED]: 1
2026-09-02T01:28:22.0628|INFO|SequenceItem.cs|Run|208|Starting Category: Fotocamera, Item: TakeExposure, ExposureTime 600, Gain 15, Offset 132, ImageType LIGHT, Binning 1x1
2026-09-02T01:28:22.0781|INFO|CameraVM.cs|Capture|742|Starting Exposure - Exposure Time: 600s; Filter: ; Gain: 15; Offset 132; Binning: 1x1;
2026-09-02T01:38:28.3298|WARNING|DeviceUpdateTimer.cs|Run|115|Camera value update cycle took longer than the device poll interval (Total: 11.01s > 2s; Poll: 00:00:10.9461881; Update: 00:00:00.0651697)
2026-09-02T01:38:28.3308|INFO|SequenceItem.cs|Run|254|Finishing Category: Fotocamera, Item: TakeExposure, ExposureTime 600, Gain 15, Offset 132, ImageType LIGHT, Binning 1x1
2026-09-02T01:38:28.3316|INFO|MeridianFlipTrigger.cs|ShouldTrigger|211|Meridian Flip - Flip for the current target already happened at 09/01/2026 22:20:04. Skip flip evaluation
2026-09-02T01:38:28.3316|INFO|SequenceItem.cs|Run|208|Starting Category: Ruota porta filtri, Item: SwitchFilter, Filter: Blu
2026-09-02T01:38:28.5145|INFO|SequenceItem.cs|Run|254|Finishing Category: Ruota porta filtri, Item: SwitchFilter, Filter: Blu
2026-09-02T01:38:28.6073|INFO|SequenceTrigger.cs|Run|114|Starting Trigger: DitherAfterExposures, After Exposures: 1
2026-09-02T01:38:28.6075|INFO|SequenceItem.cs|Run|208|Starting Category: * Set di Istruzioni *, Container: NINA.Sequencer.Container.SequentialContainer, Strategy: SequentialStrategy, Items[CREATED]: 1
2026-09-02T01:38:28.6075|INFO|SequenceItem.cs|Run|208|Starting Category: Guida, Item: Dither
2026-09-02T01:38:30.8680|INFO|HocusFocusStarDetection.cs|Detect|413|Average HFR: 2.4480823849056326, HFR MAD: 0.2658613844815383, Detected Stars 324, Region: 0
2026-09-02T01:38:31.3463|INFO|BaseImageData.cs|SaveToDisk|346|Saved image to D:\Images NINA\Target\LIGHT_1x1_600.00s_15_132_M 27_Celestron C8__-9.96C_Blu_0021_2026-09-02_01-28-22_FWHM_3.82_Fok_39293.xisf
2026-09-02T01:38:31.3465|INFO|ImageSaveController.cs|DoWork|97|Successfully saved file at D:\Images NINA\Target\LIGHT_1x1_600.00s_15_132_M 27_Celestron C8__-9.96C_Blu_0021_2026-09-02_01-28-22_FWHM_3.82_Fok_39293.xisf. Duration Total: 00:00:02.7529544; BeforeSave: 00:00:00.0000822; BeforeFinalizeImageSaved: 00:00:02.7065014; FinalizeSaveTime: 00:00:00.0463703
2026-09-02T01:38:44.5355|INFO|SequenceItem.cs|Run|254|Finishing Category: Guida, Item: Dither
2026-09-02T01:38:44.5412|INFO|SequenceItem.cs|Run|254|Finishing Category: * Set di Istruzioni *, Container: NINA.Sequencer.Container.SequentialContainer, Strategy: SequentialStrategy, Items[FINISHED]: 1
2026-09-02T01:38:44.5418|INFO|MeridianFlipTrigger.cs|ShouldTrigger|211|Meridian Flip - Flip for the current target already happened at 09/01/2026 22:20:04. Skip flip evaluation
2026-09-02T01:38:44.5418|INFO|SequenceTrigger.cs|Run|114|Starting Trigger: RestoreGuiding
2026-09-02T01:38:44.5419|INFO|SequenceItem.cs|Run|208|Starting Category: * Set di Istruzioni *, Container: NINA.Sequencer.Container.SequentialContainer, Strategy: SequentialStrategy, Items[CREATED]: 1
2026-09-02T01:38:44.5420|INFO|SequenceItem.cs|Run|208|Starting Category: Guida, Item: StartGuiding
2026-09-02T01:38:44.5771|INFO|PHD2Guider.cs|StartGuidingPrivate|504|Phd2 - App is already guiding. Skipping start guiding
2026-09-02T01:38:44.5773|INFO|SequenceItem.cs|Run|254|Finishing Category: Guida, Item: StartGuiding
2026-09-02T01:38:44.5775|INFO|SequenceItem.cs|Run|254|Finishing Category: * Set di Istruzioni *, Container: NINA.Sequencer.Container.SequentialContainer, Strategy: SequentialStrategy, Items[FINISHED]: 1
2026-09-02T01:38:44.5777|INFO|SequenceItem.cs|Run|208|Starting Category: Fotocamera, Item: TakeExposure, ExposureTime 600, Gain 15, Offset 132, ImageType LIGHT, Binning 1x1
2026-09-02T01:38:44.5894|INFO|CameraVM.cs|Capture|742|Starting Exposure - Exposure Time: 600s; Filter: ; Gain: 15; Offset 132; Binning: 1x1;
2026-09-02T01:48:50.7800|WARNING|DeviceUpdateTimer.cs|Run|115|Camera value update cycle took longer than the device poll interval (Total: 11.45s > 2s; Poll: 00:00:11.4355058; Update: 00:00:00.0095993)
2026-09-02T01:48:50.7940|INFO|SequenceItem.cs|Run|254|Finishing Category: Fotocamera, Item: TakeExposure, ExposureTime 600, Gain 15, Offset 132, ImageType LIGHT, Binning 1x1
2026-09-02T01:48:50.7950|INFO|MeridianFlipTrigger.cs|ShouldTrigger|211|Meridian Flip - Flip for the current target already happened at 09/01/2026 22:20:04. Skip flip evaluation
2026-09-02T01:48:50.7951|INFO|SequenceItem.cs|Run|208|Starting Category: Ruota porta filtri, Item: SwitchFilter, Filter: Blu
2026-09-02T01:48:50.9286|INFO|SequenceItem.cs|Run|254|Finishing Category: Ruota porta filtri, Item: SwitchFilter, Filter: Blu
2026-09-02T01:48:50.9290|INFO|SequenceTrigger.cs|Run|114|Starting Trigger: DitherAfterExposures, After Exposures: 1
2026-09-02T01:48:50.9290|INFO|SequenceItem.cs|Run|208|Starting Category: * Set di Istruzioni *, Container: NINA.Sequencer.Container.SequentialContainer, Strategy: SequentialStrategy, Items[CREATED]: 1
2026-09-02T01:48:50.9291|INFO|SequenceItem.cs|Run|208|Starting Category: Guida, Item: Dither
2026-09-02T01:48:51.1998|INFO|ImageSolver.cs|Solve|41|Platesolving with parameters: FocalLength: 1260 PixelSize: 4.54 SearchRadius: 30 BlindFailoverEnabled: True Regions: 5000 DownSampleFactor: 2 MaxObjects: 500 Reference Coordinates RA: 19:59:37 Dec: 22° 44' 27" Epoch: J2000
2026-09-02T01:48:51.6643|INFO|BaseImageData.cs|SaveToDisk|346|Saved image to C:\Users\PrimaLuceLab\AppData\Local\NINA\PlateSolver\zstaisr5.hcv.fits
2026-09-02T01:48:53.8226|INFO|HocusFocusStarDetection.cs|Detect|413|Average HFR: 2.4644089017033073, HFR MAD: 0.277383549220116, Detected Stars 308, Region: 0
2026-09-02T01:48:54.7104|INFO|BaseImageData.cs|SaveToDisk|346|Saved image to D:\Images NINA\Target\LIGHT_1x1_600.00s_15_132_M 27_Celestron C8__-9.91C_Blu_0022_2026-09-02_01-38-44_FWHM_3.91_Fok_39293.xisf
2026-09-02T01:48:54.7105|INFO|ImageSaveController.cs|DoWork|97|Successfully saved file at D:\Images NINA\Target\LIGHT_1x1_600.00s_15_132_M 27_Celestron C8__-9.91C_Blu_0022_2026-09-02_01-38-44_FWHM_3.91_Fok_39293.xisf. Duration Total: 00:00:03.6209392; BeforeSave: 00:00:00.1100555; BeforeFinalizeImageSaved: 00:00:03.4463702; FinalizeSaveTime: 00:00:00.0645120
2026-09-02T01:48:55.7951|INFO|ImageSolver.cs|Solve|54|Platesolve successful: Coordinates: RA: 19:59:37; Dec: 22° 42' 59"; Epoch: J2000 - Position Angle: 89.40259470752113
2026-09-02T01:48:55.7952|INFO|CenterAfterDriftTrigger.cs|PlatesolvingImageFollower_PropertyChanged|189|Drift: 0.31324414340560885 / 3 arc minutes
2026-09-02T01:49:13.7494|INFO|SequenceItem.cs|Run|254|Finishing Category: Guida, Item: Dither
2026-09-02T01:49:13.7507|INFO|SequenceItem.cs|Run|254|Finishing Category: * Set di Istruzioni *, Container: NINA.Sequencer.Container.SequentialContainer, Strategy: SequentialStrategy, Items[FINISHED]: 1
2026-09-02T01:49:13.7514|INFO|MeridianFlipTrigger.cs|ShouldTrigger|211|Meridian Flip - Flip for the current target already happened at 09/01/2026 22:20:04. Skip flip evaluation
2026-09-02T01:49:13.7516|INFO|SequenceTrigger.cs|Run|114|Starting Trigger: RestoreGuiding
2026-09-02T01:49:13.7524|INFO|SequenceItem.cs|Run|208|Starting Category: * Set di Istruzioni *, Container: NINA.Sequencer.Container.SequentialContainer, Strategy: SequentialStrategy, Items[CREATED]: 1
2026-09-02T01:49:13.7525|INFO|SequenceItem.cs|Run|208|Starting Category: Guida, Item: StartGuiding
2026-09-02T01:49:13.7869|INFO|PHD2Guider.cs|StartGuidingPrivate|504|Phd2 - App is already guiding. Skipping start guiding
2026-09-02T01:49:13.7925|INFO|SequenceItem.cs|Run|254|Finishing Category: Guida, Item: StartGuiding
2026-09-02T01:49:13.7926|INFO|SequenceItem.cs|Run|254|Finishing Category: * Set di Istruzioni *, Container: NINA.Sequencer.Container.SequentialContainer, Strategy: SequentialStrategy, Items[FINISHED]: 1
2026-09-02T01:49:13.7930|INFO|SequenceItem.cs|Run|208|Starting Category: Fotocamera, Item: TakeExposure, ExposureTime 600, Gain 15, Offset 132, ImageType LIGHT, Binning 1x1
2026-09-02T01:49:13.8186|INFO|CameraVM.cs|Capture|742|Starting Exposure - Exposure Time: 600s; Filter: ; Gain: 15; Offset 132; Binning: 1x1;
2026-09-02T01:49:48.4962|WARNING|DeviceUpdateTimer.cs|Run|115|Dome value update cycle took longer than the device poll interval (Total: 3.15s > 2s; Poll: 00:00:00.0043926; Update: 00:00:03.1422195)
2026-09-02T01:59:16.1501|WARNING|DeviceUpdateTimer.cs|Run|115|Dome value update cycle took longer than the device poll interval (Total: 2.63s > 2s; Poll: 00:00:00.0086477; Update: 00:00:02.6209069)
2026-09-02T01:59:19.9977|WARNING|DeviceUpdateTimer.cs|Run|115|Camera value update cycle took longer than the device poll interval (Total: 10.64s > 2s; Poll: 00:00:10.6359270; Update: 00:00:00.0001628)
2026-09-02T01:59:19.9986|INFO|SequenceItem.cs|Run|254|Finishing Category: Fotocamera, Item: TakeExposure, ExposureTime 600, Gain 15, Offset 132, ImageType LIGHT, Binning 1x1
2026-09-02T01:59:19.9988|INFO|LoopCondition.cs|Check|75|LoopCondition finished. Iterations: 5 / 5
2026-09-02T01:59:19.9988|INFO|SequenceItem.cs|Run|254|Finishing Category: Fotocamera, Container: NINA.Sequencer.SequenceItem.Imaging.SmartExposure, Strategy: SequentialStrategy, Items[FINISHED]: 2, Conditions: Condition: LoopCondition, Iterations: 5/5, , Triggers: Trigger: DitherAfterExposures, After Exposures: 1
2026-09-02T01:59:19.9994|INFO|MeridianFlipTrigger.cs|ShouldTrigger|211|Meridian Flip - Flip for the current target already happened at 09/01/2026 22:20:04. Skip flip evaluation
2026-09-02T01:59:19.9995|INFO|SequenceItem.cs|Run|208|Starting Category: Fotocamera, Container: NINA.Sequencer.SequenceItem.Imaging.SmartExposure, Strategy: SequentialStrategy, Items[CREATED]: 2, Conditions: Condition: LoopCondition, Iterations: 0/5, , Triggers: Trigger: DitherAfterExposures, After Exposures: 1
2026-09-02T01:59:20.0000|INFO|MeridianFlipTrigger.cs|ShouldTrigger|211|Meridian Flip - Flip for the current target already happened at 09/01/2026 22:20:04. Skip flip evaluation
2026-09-02T01:59:20.0001|INFO|SequenceItem.cs|Run|208|Starting Category: Ruota porta filtri, Item: SwitchFilter, Filter: Red
2026-09-02T01:59:20.1358|INFO|FilterWheelVM.cs|ChangeFilter|112|Moving to Filter Red at Position 2
2026-09-02T01:59:22.2940|INFO|HocusFocusStarDetection.cs|Detect|413|Average HFR: 2.334724074873587, HFR MAD: 0.2576450498616847, Detected Stars 322, Region: 0
2026-09-02T01:59:22.9664|INFO|BaseImageData.cs|SaveToDisk|346|Saved image to D:\Images NINA\Target\LIGHT_1x1_600.00s_15_132_M 27_Celestron C8__-9.96C_Blu_0023_2026-09-02_01-49-13_FWHM_3.63_Fok_39293.xisf
2026-09-02T01:59:22.9666|INFO|ImageSaveController.cs|DoWork|97|Successfully saved file at D:\Images NINA\Target\LIGHT_1x1_600.00s_15_132_M 27_Celestron C8__-9.96C_Blu_0023_2026-09-02_01-49-13_FWHM_3.63_Fok_39293.xisf. Duration Total: 00:00:02.7149506; BeforeSave: 00:00:00.0178050; BeforeFinalizeImageSaved: 00:00:02.6705187; FinalizeSaveTime: 00:00:00.0266260
2026-09-02T01:59:37.7405|INFO|SequenceItem.cs|Run|254|Finishing Category: Ruota porta filtri, Item: SwitchFilter, Filter: Red
2026-09-02T01:59:37.7419|INFO|SequenceTrigger.cs|Run|114|Starting Trigger: DitherAfterExposures, After Exposures: 1
2026-09-02T01:59:37.7420|INFO|SequenceItem.cs|Run|208|Starting Category: * Set di Istruzioni *, Container: NINA.Sequencer.Container.SequentialContainer, Strategy: SequentialStrategy, Items[CREATED]: 1
2026-09-02T01:59:37.7421|INFO|SequenceItem.cs|Run|208|Starting Category: Guida, Item: Dither
2026-09-02T02:00:03.9938|INFO|SequenceItem.cs|Run|254|Finishing Category: Guida, Item: Dither
2026-09-02T02:00:03.9942|INFO|SequenceItem.cs|Run|254|Finishing Category: * Set di Istruzioni *, Container: NINA.Sequencer.Container.SequentialContainer, Strategy: SequentialStrategy, Items[FINISHED]: 1
2026-09-02T02:00:03.9948|INFO|MeridianFlipTrigger.cs|ShouldTrigger|211|Meridian Flip - Flip for the current target already happened at 09/01/2026 22:20:04. Skip flip evaluation
2026-09-02T02:00:03.9948|INFO|SequenceTrigger.cs|Run|114|Starting Trigger: RestoreGuiding
2026-09-02T02:00:03.9949|INFO|SequenceItem.cs|Run|208|Starting Category: * Set di Istruzioni *, Container: NINA.Sequencer.Container.SequentialContainer, Strategy: SequentialStrategy, Items[CREATED]: 1
2026-09-02T02:00:03.9949|INFO|SequenceItem.cs|Run|208|Starting Category: Guida, Item: StartGuiding
2026-09-02T02:00:04.0232|INFO|PHD2Guider.cs|StartGuidingPrivate|504|Phd2 - App is already guiding. Skipping start guiding
2026-09-02T02:00:04.0263|INFO|SequenceItem.cs|Run|254|Finishing Category: Guida, Item: StartGuiding
2026-09-02T02:00:04.0276|INFO|SequenceItem.cs|Run|254|Finishing Category: * Set di Istruzioni *, Container: NINA.Sequencer.Container.SequentialContainer, Strategy: SequentialStrategy, Items[FINISHED]: 1
2026-09-02T02:00:04.0575|INFO|SequenceTrigger.cs|Run|114|Starting Trigger: AutofocusAfterFilterChange
2026-09-02T02:00:04.0576|INFO|SequenceItem.cs|Run|208|Starting Category: * Set di Istruzioni *, Container: NINA.Sequencer.Container.SequentialContainer, Strategy: SequentialStrategy, Items[CREATED]: 1
2026-09-02T02:00:04.0577|INFO|SequenceItem.cs|Run|208|Starting Category: Focheggiatore, Item: RunAutofocus
2026-09-02T02:00:04.3254|INFO|FocuserMediator.cs|BroadcastAutoFocusRunStarting|92|Autofocus starting notification received
2026-09-02T02:00:05.5143|INFO|AutoFocusEngine.cs|RunAutoFocus|929|Starting AutoFocus with initial position 39293
2026-09-02T02:00:05.6303|INFO|CameraVM.cs|Capture|742|Starting Exposure - Exposure Time: 10s; Filter: Red; Gain: 15; Offset 132; Binning: 2x2;
2026-09-02T02:00:16.9389|INFO|AutoFocusEngine.cs|StartBlindFocusPoints|769|Waiting on initial HFR analysis
2026-09-02T02:00:16.9393|INFO|FocuserVM.cs|MoveFocuserInternal|216|Moving Focuser to position 40093
2026-09-02T02:00:20.7227|INFO|HocusFocusStarDetection.cs|Detect|413|Average HFR: 1.620468782672865, HFR MAD: 0.08038162717640462, Detected Stars 76, Region: 0
2026-09-02T02:00:25.5332|INFO|CameraVM.cs|Capture|742|Starting Exposure - Exposure Time: 10s; Filter: Red; Gain: 15; Offset 132; Binning: 2x2;
2026-09-02T02:00:36.8530|INFO|FocuserVM.cs|MoveFocuserInternal|216|Moving Focuser to position 39893
2026-09-02T02:00:37.6165|INFO|HocusFocusStarDetection.cs|Detect|413|Average HFR: 1.790452855002933, HFR MAD: 0.15384346389116454, Detected Stars 184, Region: 0
2026-09-02T02:00:42.1136|INFO|CameraVM.cs|Capture|742|Starting Exposure - Exposure Time: 10s; Filter: Red; Gain: 15; Offset 132; Binning: 2x2;
2026-09-02T02:00:53.4488|INFO|FocuserVM.cs|MoveFocuserInternal|216|Moving Focuser to position 39693
2026-09-02T02:00:54.2819|INFO|HocusFocusStarDetection.cs|Detect|413|Average HFR: 1.8660414787971578, HFR MAD: 0.16905843313887958, Detected Stars 196, Region: 0
2026-09-02T02:00:59.5309|INFO|CameraVM.cs|Capture|742|Starting Exposure - Exposure Time: 10s; Filter: Red; Gain: 15; Offset 132; Binning: 2x2;
2026-09-02T02:01:10.8465|INFO|FocuserVM.cs|MoveFocuserInternal|216|Moving Focuser to position 39493
2026-09-02T02:01:11.5253|INFO|HocusFocusStarDetection.cs|Detect|413|Average HFR: 1.726376993050907, HFR MAD: 0.1423971528200334, Detected Stars 148, Region: 0
2026-09-02T02:01:17.5338|INFO|CameraVM.cs|Capture|742|Starting Exposure - Exposure Time: 10s; Filter: Red; Gain: 15; Offset 132; Binning: 2x2;
2026-09-02T02:01:28.8379|INFO|AutoFocusEngine.cs|StartBlindFocusPoints|797|Waiting on initial focuser move analyses
2026-09-02T02:01:29.5419|INFO|HocusFocusStarDetection.cs|Detect|413|Average HFR: 1.6958548341382944, HFR MAD: 0.10092009094445231, Detected Stars 95, Region: 0
2026-09-02T02:01:29.6458|INFO|FocuserVM.cs|MoveFocuserInternal|216|Moving Focuser to position 39293
2026-09-02T02:01:35.4968|INFO|CameraVM.cs|Capture|742|Starting Exposure - Exposure Time: 10s; Filter: Red; Gain: 15; Offset 132; Binning: 2x2;
2026-09-02T02:01:46.8167|INFO|AutoFocusEngine.cs|StartBlindFocusPoints|870|Waiting on next left movement analysis
2026-09-02T02:01:47.5003|INFO|HocusFocusStarDetection.cs|Detect|413|Average HFR: 1.6229266959838429, HFR MAD: 0.07019386604914124, Detected Stars 91, Region: 0
2026-09-02T02:01:47.5859|INFO|FocuserVM.cs|MoveFocuserInternal|216|Moving Focuser to position 39093
2026-09-02T02:01:53.5723|INFO|CameraVM.cs|Capture|742|Starting Exposure - Exposure Time: 10s; Filter: Red; Gain: 15; Offset 132; Binning: 2x2;
2026-09-02T02:02:04.8783|INFO|AutoFocusEngine.cs|StartBlindFocusPoints|870|Waiting on next left movement analysis
2026-09-02T02:02:05.6066|INFO|HocusFocusStarDetection.cs|Detect|413|Average HFR: 1.5946440165210884, HFR MAD: 0.05799774919954781, Detected Stars 83, Region: 0
2026-09-02T02:02:05.6825|INFO|FocuserVM.cs|MoveFocuserInternal|216|Moving Focuser to position 38893
2026-09-02T02:02:11.5335|INFO|CameraVM.cs|Capture|742|Starting Exposure - Exposure Time: 10s; Filter: Red; Gain: 15; Offset 132; Binning: 2x2;
2026-09-02T02:02:22.8366|INFO|AutoFocusEngine.cs|StartBlindFocusPoints|870|Waiting on next left movement analysis
2026-09-02T02:02:23.4674|INFO|HocusFocusStarDetection.cs|Detect|413|Average HFR: 1.6367464995881214, HFR MAD: 0.06311195005071024, Detected Stars 127, Region: 0
2026-09-02T02:02:23.5931|INFO|FocuserVM.cs|MoveFocuserInternal|216|Moving Focuser to position 38693
2026-09-02T02:02:29.5450|INFO|CameraVM.cs|Capture|742|Starting Exposure - Exposure Time: 10s; Filter: Red; Gain: 15; Offset 132; Binning: 2x2;
2026-09-02T02:02:40.8534|INFO|AutoFocusEngine.cs|StartBlindFocusPoints|870|Waiting on next left movement analysis
2026-09-02T02:02:41.5880|INFO|HocusFocusStarDetection.cs|Detect|413|Average HFR: 1.734464101469479, HFR MAD: 0.09818246087402982, Detected Stars 184, Region: 0
2026-09-02T02:02:41.6442|INFO|FocuserVM.cs|MoveFocuserInternal|216|Moving Focuser to position 38493
2026-09-02T02:02:47.5232|INFO|CameraVM.cs|Capture|742|Starting Exposure - Exposure Time: 10s; Filter: Red; Gain: 15; Offset 132; Binning: 2x2;
2026-09-02T02:02:58.8340|INFO|AutoFocusEngine.cs|StartBlindFocusPoints|870|Waiting on next left movement analysis
2026-09-02T02:02:59.5551|INFO|HocusFocusStarDetection.cs|Detect|413|Average HFR: 2.005202365909617, HFR MAD: 0.1652237945767272, Detected Stars 195, Region: 0
2026-09-02T02:02:59.6709|INFO|AutoFocusEngine.cs|StartBlindFocusPoints|841|Enough right trend points (4) with an established minimum (39093) to queue remaining left focus points down to 38293
2026-09-02T02:02:59.6712|INFO|FocuserVM.cs|MoveFocuserInternal|216|Moving Focuser to position 38293
2026-09-02T02:03:05.4911|INFO|CameraVM.cs|Capture|742|Starting Exposure - Exposure Time: 10s; Filter: Red; Gain: 15; Offset 132; Binning: 2x2;
2026-09-02T02:03:16.8046|INFO|AutoFocusEngine.cs|StartBlindFocusPoints|896|Waiting on remaining AutoFocus analysis tasks
2026-09-02T02:03:17.4455|INFO|HocusFocusStarDetection.cs|Detect|413|Average HFR: 2.222733911220732, HFR MAD: 0.19171756928800443, Detected Stars 195, Region: 0
2026-09-02T02:03:17.5562|INFO|FocuserVM.cs|MoveFocuserInternal|216|Moving Focuser to position 38991
2026-09-02T02:03:25.7831|INFO|AutoFocusEngine.cs|ValidateCalculatedFocusPosition|1141|Validating HFR at final focus position 38991
2026-09-02T02:03:25.8950|INFO|CameraVM.cs|Capture|742|Starting Exposure - Exposure Time: 10s; Filter: Red; Gain: 15; Offset 132; Binning: 2x2;
2026-09-02T02:03:37.9669|INFO|HocusFocusStarDetection.cs|Detect|413|Average HFR: 1.85938595869575, HFR MAD: 0.14742550999492887, Detected Stars 198, Region: 0
2026-09-02T02:03:37.9673|INFO|HocusFocusVM.cs|AutoFocusEngine_Completed|473|AutoFocus completed with focuser starting at 39293 and ending at 38991
2026-09-02T02:03:37.9692|INFO|FocuserMediator.cs|BroadcastSuccessfulAutoFocusRun|46|Autofocus notification received - Temperature 22
2026-09-02T02:03:38.1276|INFO|AutoFocusEngine.cs|PerformPostAutoFocusActions|1022|Re-enabling temperature compensation after AutoFocus
2026-09-02T02:03:38.1876|INFO|PHD2Guider.cs|TryStartGuideCommand|641|Phd2 - Requesting to start guiding. Recalibrate: False
2026-09-02T02:04:01.8126|INFO|SequenceItem.cs|Run|254|Finishing Category: Focheggiatore, Item: RunAutofocus
2026-09-02T02:04:01.8128|INFO|SequenceItem.cs|Run|254|Finishing Category: * Set di Istruzioni *, Container: NINA.Sequencer.Container.SequentialContainer, Strategy: SequentialStrategy, Items[FINISHED]: 1
2026-09-02T02:04:01.8129|INFO|SequenceItem.cs|Run|208|Starting Category: Fotocamera, Item: TakeExposure, ExposureTime 600, Gain 15, Offset 132, ImageType LIGHT, Binning 1x1
2026-09-02T02:04:01.8134|INFO|CameraVM.cs|Capture|742|Starting Exposure - Exposure Time: 600s; Filter: ; Gain: 15; Offset 132; Binning: 1x1;
2026-09-02T02:14:02.5204|WARNING|DeviceUpdateTimer.cs|Run|115|Dome value update cycle took longer than the device poll interval (Total: 3.65s > 2s; Poll: 00:00:00.0308529; Update: 00:00:03.6222093)
2026-09-02T02:14:07.9927|WARNING|DeviceUpdateTimer.cs|Run|115|Camera value update cycle took longer than the device poll interval (Total: 9.10s > 2s; Poll: 00:00:09.1031881; Update: 00:00:00.0001439)
2026-09-02T02:14:07.9934|INFO|SequenceItem.cs|Run|254|Finishing Category: Fotocamera, Item: TakeExposure, ExposureTime 600, Gain 15, Offset 132, ImageType LIGHT, Binning 1x1
2026-09-02T02:14:07.9949|INFO|MeridianFlipTrigger.cs|ShouldTrigger|211|Meridian Flip - Flip for the current target already happened at 09/01/2026 22:20:04. Skip flip evaluation
2026-09-02T02:14:07.9949|INFO|SequenceItem.cs|Run|208|Starting Category: Ruota porta filtri, Item: SwitchFilter, Filter: Red
2026-09-02T02:14:08.1550|INFO|SequenceItem.cs|Run|254|Finishing Category: Ruota porta filtri, Item: SwitchFilter, Filter: Red
2026-09-02T02:14:08.1553|INFO|SequenceTrigger.cs|Run|114|Starting Trigger: DitherAfterExposures, After Exposures: 1
2026-09-02T02:14:08.1558|INFO|SequenceItem.cs|Run|208|Starting Category: * Set di Istruzioni *, Container: NINA.Sequencer.Container.SequentialContainer, Strategy: SequentialStrategy, Items[CREATED]: 1
2026-09-02T02:14:08.1558|INFO|SequenceItem.cs|Run|208|Starting Category: Guida, Item: Dither
2026-09-02T02:14:11.1463|INFO|HocusFocusStarDetection.cs|Detect|413|Average HFR: 3.3587571713072455, HFR MAD: 0.44167037735447945, Detected Stars 444, Region: 0
2026-09-02T02:14:11.5954|INFO|BaseImageData.cs|SaveToDisk|346|Saved image to D:\Images NINA\Target\LIGHT_1x1_600.00s_15_132_M 27_Celestron C8__-9.91C_Red_0033_2026-09-02_02-04-01_FWHM_5.27_Fok_38991.xisf
2026-09-02T02:14:11.5955|INFO|ImageSaveController.cs|DoWork|97|Successfully saved file at D:\Images NINA\Target\LIGHT_1x1_600.00s_15_132_M 27_Celestron C8__-9.91C_Red_0033_2026-09-02_02-04-01_FWHM_5.27_Fok_38991.xisf. Duration Total: 00:00:03.3182602; BeforeSave: 00:00:00.0000991; BeforeFinalizeImageSaved: 00:00:03.2941788; FinalizeSaveTime: 00:00:00.0239814
2026-09-02T02:14:25.9064|INFO|SequenceItem.cs|Run|254|Finishing Category: Guida, Item: Dither
2026-09-02T02:14:25.9066|INFO|SequenceItem.cs|Run|254|Finishing Category: * Set di Istruzioni *, Container: NINA.Sequencer.Container.SequentialContainer, Strategy: SequentialStrategy, Items[FINISHED]: 1
2026-09-02T02:14:25.9071|INFO|MeridianFlipTrigger.cs|ShouldTrigger|211|Meridian Flip - Flip for the current target already happened at 09/01/2026 22:20:04. Skip flip evaluation
2026-09-02T02:14:25.9072|INFO|SequenceTrigger.cs|Run|114|Starting Trigger: RestoreGuiding
2026-09-02T02:14:25.9078|INFO|SequenceItem.cs|Run|208|Starting Category: * Set di Istruzioni *, Container: NINA.Sequencer.Container.SequentialContainer, Strategy: SequentialStrategy, Items[CREATED]: 1
2026-09-02T02:14:25.9079|INFO|SequenceItem.cs|Run|208|Starting Category: Guida, Item: StartGuiding
2026-09-02T02:14:25.9436|INFO|PHD2Guider.cs|StartGuidingPrivate|504|Phd2 - App is already guiding. Skipping start guiding
2026-09-02T02:14:25.9438|INFO|SequenceItem.cs|Run|254|Finishing Category: Guida, Item: StartGuiding
2026-09-02T02:14:25.9439|INFO|SequenceItem.cs|Run|254|Finishing Category: * Set di Istruzioni *, Container: NINA.Sequencer.Container.SequentialContainer, Strategy: SequentialStrategy, Items[FINISHED]: 1
2026-09-02T02:14:25.9674|INFO|SequenceItem.cs|Run|208|Starting Category: Fotocamera, Item: TakeExposure, ExposureTime 600, Gain 15, Offset 132, ImageType LIGHT, Binning 1x1
2026-09-02T02:14:25.9684|INFO|CameraVM.cs|Capture|742|Starting Exposure - Exposure Time: 600s; Filter: ; Gain: 15; Offset 132; Binning: 1x1;
2026-09-02T02:24:32.1548|WARNING|DeviceUpdateTimer.cs|Run|115|Camera value update cycle took longer than the device poll interval (Total: 10.84s > 2s; Poll: 00:00:10.8423890; Update: 00:00:00.0005235)
2026-09-02T02:24:32.1560|INFO|SequenceItem.cs|Run|254|Finishing Category: Fotocamera, Item: TakeExposure, ExposureTime 600, Gain 15, Offset 132, ImageType LIGHT, Binning 1x1
2026-09-02T02:24:32.1574|INFO|MeridianFlipTrigger.cs|ShouldTrigger|211|Meridian Flip - Flip for the current target already happened at 09/01/2026 22:20:04. Skip flip evaluation
2026-09-02T02:24:32.1575|INFO|SequenceItem.cs|Run|208|Starting Category: Ruota porta filtri, Item: SwitchFilter, Filter: Red
2026-09-02T02:24:32.2866|INFO|SequenceItem.cs|Run|254|Finishing Category: Ruota porta filtri, Item: SwitchFilter, Filter: Red
2026-09-02T02:24:32.2869|INFO|SequenceTrigger.cs|Run|114|Starting Trigger: DitherAfterExposures, After Exposures: 1
2026-09-02T02:24:32.2870|INFO|SequenceItem.cs|Run|208|Starting Category: * Set di Istruzioni *, Container: NINA.Sequencer.Container.SequentialContainer, Strategy: SequentialStrategy, Items[CREATED]: 1
2026-09-02T02:24:32.2870|INFO|SequenceItem.cs|Run|208|Starting Category: Guida, Item: Dither
2026-09-02T02:24:35.0227|INFO|HocusFocusStarDetection.cs|Detect|413|Average HFR: 3.575999247042628, HFR MAD: 0.45688523065332953, Detected Stars 375, Region: 0
2026-09-02T02:24:35.4772|INFO|BaseImageData.cs|SaveToDisk|346|Saved image to D:\Images NINA\Target\LIGHT_1x1_600.00s_15_132_M 27_Celestron C8__-9.91C_Red_0034_2026-09-02_02-14-26_FWHM_5.72_Fok_38991.xisf
2026-09-02T02:24:35.4773|INFO|ImageSaveController.cs|DoWork|97|Successfully saved file at D:\Images NINA\Target\LIGHT_1x1_600.00s_15_132_M 27_Celestron C8__-9.91C_Red_0034_2026-09-02_02-14-26_FWHM_5.72_Fok_38991.xisf. Duration Total: 00:00:03.0139540; BeforeSave: 00:00:00.0001987; BeforeFinalizeImageSaved: 00:00:02.9776875; FinalizeSaveTime: 00:00:00.0360672
2026-09-02T02:24:35.6796|WARNING|DeviceUpdateTimer.cs|Run|115|Dome value update cycle took longer than the device poll interval (Total: 2.34s > 2s; Poll: 00:00:00.0024727; Update: 00:00:02.3350559)
2026-09-02T02:24:49.6631|INFO|SequenceItem.cs|Run|254|Finishing Category: Guida, Item: Dither
2026-09-02T02:24:49.6633|INFO|SequenceItem.cs|Run|254|Finishing Category: * Set di Istruzioni *, Container: NINA.Sequencer.Container.SequentialContainer, Strategy: SequentialStrategy, Items[FINISHED]: 1
2026-09-02T02:24:49.6645|INFO|MeridianFlipTrigger.cs|ShouldTrigger|211|Meridian Flip - Flip for the current target already happened at 09/01/2026 22:20:04. Skip flip evaluation
2026-09-02T02:24:49.6655|INFO|SequenceTrigger.cs|Run|114|Starting Trigger: RestoreGuiding
2026-09-02T02:24:49.6656|INFO|SequenceItem.cs|Run|208|Starting Category: * Set di Istruzioni *, Container: NINA.Sequencer.Container.SequentialContainer, Strategy: SequentialStrategy, Items[CREATED]: 1
2026-09-02T02:24:49.6657|INFO|SequenceItem.cs|Run|208|Starting Category: Guida, Item: StartGuiding
2026-09-02T02:24:49.7828|INFO|PHD2Guider.cs|StartGuidingPrivate|504|Phd2 - App is already guiding. Skipping start guiding
2026-09-02T02:24:49.7853|INFO|SequenceItem.cs|Run|254|Finishing Category: Guida, Item: StartGuiding
2026-09-02T02:24:49.7891|INFO|SequenceItem.cs|Run|254|Finishing Category: * Set di Istruzioni *, Container: NINA.Sequencer.Container.SequentialContainer, Strategy: SequentialStrategy, Items[FINISHED]: 1
2026-09-02T02:24:49.8113|INFO|SequenceItem.cs|Run|208|Starting Category: Fotocamera, Item: TakeExposure, ExposureTime 600, Gain 15, Offset 132, ImageType LIGHT, Binning 1x1
2026-09-02T02:24:49.8118|INFO|CameraVM.cs|Capture|742|Starting Exposure - Exposure Time: 600s; Filter: ; Gain: 15; Offset 132; Binning: 1x1;
2026-09-02T02:34:56.0051|WARNING|DeviceUpdateTimer.cs|Run|115|Camera value update cycle took longer than the device poll interval (Total: 10.70s > 2s; Poll: 00:00:10.7031802; Update: 00:00:00.0001676)
2026-09-02T02:34:56.0061|INFO|SequenceItem.cs|Run|254|Finishing Category: Fotocamera, Item: TakeExposure, ExposureTime 600, Gain 15, Offset 132, ImageType LIGHT, Binning 1x1
2026-09-02T02:34:56.0068|INFO|MeridianFlipTrigger.cs|ShouldTrigger|211|Meridian Flip - Flip for the current target already happened at 09/01/2026 22:20:04. Skip flip evaluation
2026-09-02T02:34:56.0069|INFO|SequenceItem.cs|Run|208|Starting Category: Ruota porta filtri, Item: SwitchFilter, Filter: Red
2026-09-02T02:34:56.1759|INFO|SequenceItem.cs|Run|254|Finishing Category: Ruota porta filtri, Item: SwitchFilter, Filter: Red
2026-09-02T02:34:56.1762|INFO|SequenceTrigger.cs|Run|114|Starting Trigger: DitherAfterExposures, After Exposures: 1
2026-09-02T02:34:56.1763|INFO|SequenceItem.cs|Run|208|Starting Category: * Set di Istruzioni *, Container: NINA.Sequencer.Container.SequentialContainer, Strategy: SequentialStrategy, Items[CREATED]: 1
2026-09-02T02:34:56.1763|INFO|SequenceItem.cs|Run|208|Starting Category: Guida, Item: Dither
2026-09-02T02:34:58.9831|INFO|HocusFocusStarDetection.cs|Detect|413|Average HFR: 3.6197208295709316, HFR MAD: 0.43881465955168597, Detected Stars 343, Region: 0
2026-09-02T02:34:59.4421|INFO|BaseImageData.cs|SaveToDisk|346|Saved image to D:\Images NINA\Target\LIGHT_1x1_600.00s_15_132_M 27_Celestron C8__-9.96C_Red_0035_2026-09-02_02-24-49_FWHM_5.91_Fok_38991.xisf
2026-09-02T02:34:59.4422|INFO|ImageSaveController.cs|DoWork|97|Successfully saved file at D:\Images NINA\Target\LIGHT_1x1_600.00s_15_132_M 27_Celestron C8__-9.96C_Red_0035_2026-09-02_02-24-49_FWHM_5.91_Fok_38991.xisf. Duration Total: 00:00:02.9415067; BeforeSave: 00:00:00.0000784; BeforeFinalizeImageSaved: 00:00:02.9205317; FinalizeSaveTime: 00:00:00.0208961
2026-09-02T02:35:27.1295|INFO|SequenceItem.cs|Run|254|Finishing Category: Guida, Item: Dither
2026-09-02T02:35:27.1297|INFO|SequenceItem.cs|Run|254|Finishing Category: * Set di Istruzioni *, Container: NINA.Sequencer.Container.SequentialContainer, Strategy: SequentialStrategy, Items[FINISHED]: 1
2026-09-02T02:35:27.1305|INFO|MeridianFlipTrigger.cs|ShouldTrigger|211|Meridian Flip - Flip for the current target already happened at 09/01/2026 22:20:04. Skip flip evaluation
2026-09-02T02:35:27.1305|INFO|SequenceTrigger.cs|Run|114|Starting Trigger: RestoreGuiding
2026-09-02T02:35:27.1321|INFO|SequenceItem.cs|Run|208|Starting Category: * Set di Istruzioni *, Container: NINA.Sequencer.Container.SequentialContainer, Strategy: SequentialStrategy, Items[CREATED]: 1
2026-09-02T02:35:27.1322|INFO|SequenceItem.cs|Run|208|Starting Category: Guida, Item: StartGuiding
2026-09-02T02:35:27.1584|INFO|PHD2Guider.cs|StartGuidingPrivate|504|Phd2 - App is already guiding. Skipping start guiding
2026-09-02T02:35:27.1611|INFO|SequenceItem.cs|Run|254|Finishing Category: Guida, Item: StartGuiding
2026-09-02T02:35:27.1626|INFO|SequenceItem.cs|Run|254|Finishing Category: * Set di Istruzioni *, Container: NINA.Sequencer.Container.SequentialContainer, Strategy: SequentialStrategy, Items[FINISHED]: 1
2026-09-02T02:35:27.1884|INFO|AutofocusAfterHFRIncreaseTrigger.cs|ShouldTrigger|221|Autofocus after HFR change should be triggered, as current HFR trend is 8.63% higher compared to threshold of 5%
2026-09-02T02:35:27.1886|INFO|SequenceTrigger.cs|Run|114|Starting Trigger: AutofocusAfterHFRIncreaseTrigger, Amount: 5
2026-09-02T02:35:27.1887|INFO|SequenceItem.cs|Run|208|Starting Category: * Set di Istruzioni *, Container: NINA.Sequencer.Container.SequentialContainer, Strategy: SequentialStrategy, Items[CREATED]: 1
2026-09-02T02:35:27.1888|INFO|SequenceItem.cs|Run|208|Starting Category: Focheggiatore, Item: RunAutofocus
2026-09-02T02:35:27.3617|INFO|FocuserMediator.cs|BroadcastAutoFocusRunStarting|92|Autofocus starting notification received
2026-09-02T02:35:29.5410|INFO|AutoFocusEngine.cs|RunAutoFocus|929|Starting AutoFocus with initial position 38991
2026-09-02T02:35:29.6583|INFO|CameraVM.cs|Capture|742|Starting Exposure - Exposure Time: 10s; Filter: Red; Gain: 15; Offset 132; Binning: 2x2;
2026-09-02T02:35:40.9630|INFO|AutoFocusEngine.cs|StartBlindFocusPoints|769|Waiting on initial HFR analysis
2026-09-02T02:35:40.9633|INFO|FocuserVM.cs|MoveFocuserInternal|216|Moving Focuser to position 39791
2026-09-02T02:35:41.8286|INFO|HocusFocusStarDetection.cs|Detect|413|Average HFR: 2.041976938243494, HFR MAD: 0.1950547315970741, Detected Stars 200, Region: 0
2026-09-02T02:35:49.5314|INFO|CameraVM.cs|Capture|742|Starting Exposure - Exposure Time: 10s; Filter: Red; Gain: 15; Offset 132; Binning: 2x2;
2026-09-02T02:36:00.8370|INFO|FocuserVM.cs|MoveFocuserInternal|216|Moving Focuser to position 39591
2026-09-02T02:36:01.5385|INFO|HocusFocusStarDetection.cs|Detect|413|Average HFR: 1.7557379180131765, HFR MAD: 0.12277476192036807, Detected Stars 159, Region: 0
2026-09-02T02:36:06.0763|INFO|CameraVM.cs|Capture|742|Starting Exposure - Exposure Time: 10s; Filter: Red; Gain: 15; Offset 132; Binning: 2x2;
2026-09-02T02:36:17.3951|INFO|FocuserVM.cs|MoveFocuserInternal|216|Moving Focuser to position 39391
2026-09-02T02:36:18.1685|INFO|HocusFocusStarDetection.cs|Detect|413|Average HFR: 1.7566800596550491, HFR MAD: 0.11763600327512891, Detected Stars 167, Region: 0
2026-09-02T02:36:23.5075|INFO|CameraVM.cs|Capture|742|Starting Exposure - Exposure Time: 10s; Filter: Red; Gain: 15; Offset 132; Binning: 2x2;
2026-09-02T02:36:34.8150|INFO|FocuserVM.cs|MoveFocuserInternal|216|Moving Focuser to position 39191
2026-09-02T02:36:35.4587|INFO|HocusFocusStarDetection.cs|Detect|413|Average HFR: 1.8197367315418949, HFR MAD: 0.16233098807658997, Detected Stars 170, Region: 0
2026-09-02T02:36:40.1159|INFO|CameraVM.cs|Capture|742|Starting Exposure - Exposure Time: 10s; Filter: Red; Gain: 15; Offset 132; Binning: 2x2;
2026-09-02T02:36:51.4323|INFO|AutoFocusEngine.cs|StartBlindFocusPoints|797|Waiting on initial focuser move analyses
2026-09-02T02:36:52.1132|INFO|HocusFocusStarDetection.cs|Detect|413|Average HFR: 1.7013025994360071, HFR MAD: 0.10478292252551125, Detected Stars 149, Region: 0
2026-09-02T02:36:52.1496|INFO|FocuserVM.cs|MoveFocuserInternal|216|Moving Focuser to position 38991
2026-09-02T02:36:57.5046|INFO|CameraVM.cs|Capture|742|Starting Exposure - Exposure Time: 10s; Filter: Red; Gain: 15; Offset 132; Binning: 2x2;
2026-09-02T02:37:08.8220|INFO|AutoFocusEngine.cs|StartBlindFocusPoints|870|Waiting on next left movement analysis
2026-09-02T02:37:09.4930|INFO|HocusFocusStarDetection.cs|Detect|413|Average HFR: 1.868579980757512, HFR MAD: 0.16192286641049813, Detected Stars 181, Region: 0
2026-09-02T02:37:09.6786|INFO|FocuserVM.cs|MoveFocuserInternal|216|Moving Focuser to position 38791
2026-09-02T02:37:15.5301|INFO|CameraVM.cs|Capture|742|Starting Exposure - Exposure Time: 10s; Filter: Red; Gain: 15; Offset 132; Binning: 2x2;
2026-09-02T02:37:26.8349|INFO|AutoFocusEngine.cs|StartBlindFocusPoints|870|Waiting on next left movement analysis
2026-09-02T02:37:27.5657|INFO|HocusFocusStarDetection.cs|Detect|413|Average HFR: 1.9901598585499507, HFR MAD: 0.1696413422172709, Detected Stars 191, Region: 0
2026-09-02T02:37:27.8524|INFO|FocuserVM.cs|MoveFocuserInternal|216|Moving Focuser to position 38591
2026-09-02T02:37:33.5279|INFO|CameraVM.cs|Capture|742|Starting Exposure - Exposure Time: 10s; Filter: Red; Gain: 15; Offset 132; Binning: 2x2;
2026-09-02T02:37:44.8332|INFO|AutoFocusEngine.cs|StartBlindFocusPoints|870|Waiting on next left movement analysis
2026-09-02T02:37:45.5574|INFO|HocusFocusStarDetection.cs|Detect|413|Average HFR: 2.2462065042289945, HFR MAD: 0.23929825209232058, Detected Stars 183, Region: 0
2026-09-02T02:37:45.6735|INFO|FocuserVM.cs|MoveFocuserInternal|216|Moving Focuser to position 38391
2026-09-02T02:37:51.4887|INFO|CameraVM.cs|Capture|742|Starting Exposure - Exposure Time: 10s; Filter: Red; Gain: 15; Offset 132; Binning: 2x2;
2026-09-02T02:38:02.7947|INFO|AutoFocusEngine.cs|StartBlindFocusPoints|870|Waiting on next left movement analysis
2026-09-02T02:38:03.5975|INFO|HocusFocusStarDetection.cs|Detect|413|Average HFR: 2.4584219923239736, HFR MAD: 0.2478257282774563, Detected Stars 172, Region: 0
2026-09-02T02:38:03.6786|INFO|FocuserVM.cs|MoveFocuserInternal|216|Moving Focuser to position 39991
2026-09-02T02:38:15.9894|INFO|CameraVM.cs|Capture|742|Starting Exposure - Exposure Time: 10s; Filter: Red; Gain: 15; Offset 132; Binning: 2x2;
2026-09-02T02:38:27.2943|INFO|AutoFocusEngine.cs|StartBlindFocusPoints|884|Waiting on next right movement analysis
2026-09-02T02:38:28.0768|INFO|HocusFocusStarDetection.cs|Detect|413|Average HFR: 2.011355030492888, HFR MAD: 0.1946862642443039, Detected Stars 192, Region: 0
2026-09-02T02:38:28.1069|INFO|AutoFocusEngine.cs|StartBlindFocusPoints|823|Enough left trend points (4) with an established minimum (39191) to queue remaining right focus points up to 39991
2026-09-02T02:38:28.1072|INFO|AutoFocusEngine.cs|StartBlindFocusPoints|896|Waiting on remaining AutoFocus analysis tasks
2026-09-02T02:38:28.1077|INFO|FocuserVM.cs|MoveFocuserInternal|216|Moving Focuser to position 39323
2026-09-02T02:38:36.1927|INFO|AutoFocusEngine.cs|ValidateCalculatedFocusPosition|1141|Validating HFR at final focus position 39323
2026-09-02T02:38:36.3070|INFO|CameraVM.cs|Capture|742|Starting Exposure - Exposure Time: 10s; Filter: Red; Gain: 15; Offset 132; Binning: 2x2;
2026-09-02T02:38:48.2842|INFO|HocusFocusStarDetection.cs|Detect|413|Average HFR: 1.7133335136340138, HFR MAD: 0.12326356687231632, Detected Stars 160, Region: 0
2026-09-02T02:38:48.3010|INFO|HocusFocusVM.cs|AutoFocusEngine_Completed|473|AutoFocus completed with focuser starting at 38991 and ending at 39323
2026-09-02T02:38:48.3032|INFO|FocuserMediator.cs|BroadcastSuccessfulAutoFocusRun|46|Autofocus notification received - Temperature 21.5
2026-09-02T02:38:48.4704|INFO|AutoFocusEngine.cs|PerformPostAutoFocusActions|1022|Re-enabling temperature compensation after AutoFocus
2026-09-02T02:38:48.5177|INFO|PHD2Guider.cs|TryStartGuideCommand|641|Phd2 - Requesting to start guiding. Recalibrate: False
2026-09-02T02:39:12.1968|INFO|SequenceItem.cs|Run|254|Finishing Category: Focheggiatore, Item: RunAutofocus
2026-09-02T02:39:12.1970|INFO|SequenceItem.cs|Run|254|Finishing Category: * Set di Istruzioni *, Container: NINA.Sequencer.Container.SequentialContainer, Strategy: SequentialStrategy, Items[FINISHED]: 1
2026-09-02T02:39:12.1971|INFO|SequenceItem.cs|Run|208|Starting Category: Fotocamera, Item: TakeExposure, ExposureTime 600, Gain 15, Offset 132, ImageType LIGHT, Binning 1x1
2026-09-02T02:39:12.1976|INFO|CameraVM.cs|Capture|742|Starting Exposure - Exposure Time: 600s; Filter: ; Gain: 15; Offset 132; Binning: 1x1;
2026-09-02T02:49:18.3888|WARNING|DeviceUpdateTimer.cs|Run|115|Camera value update cycle took longer than the device poll interval (Total: 9.20s > 2s; Poll: 00:00:09.2040365; Update: 00:00:00.0001703)
2026-09-02T02:49:18.4113|INFO|SequenceItem.cs|Run|254|Finishing Category: Fotocamera, Item: TakeExposure, ExposureTime 600, Gain 15, Offset 132, ImageType LIGHT, Binning 1x1
2026-09-02T02:49:18.4122|INFO|MeridianFlipTrigger.cs|ShouldTrigger|211|Meridian Flip - Flip for the current target already happened at 09/01/2026 22:20:04. Skip flip evaluation
2026-09-02T02:49:18.4122|INFO|SequenceItem.cs|Run|208|Starting Category: Ruota porta filtri, Item: SwitchFilter, Filter: Red
2026-09-02T02:49:18.5604|INFO|SequenceItem.cs|Run|254|Finishing Category: Ruota porta filtri, Item: SwitchFilter, Filter: Red
2026-09-02T02:49:18.5607|INFO|SequenceTrigger.cs|Run|114|Starting Trigger: DitherAfterExposures, After Exposures: 1
2026-09-02T02:49:18.5608|INFO|SequenceItem.cs|Run|208|Starting Category: * Set di Istruzioni *, Container: NINA.Sequencer.Container.SequentialContainer, Strategy: SequentialStrategy, Items[CREATED]: 1
2026-09-02T02:49:18.5609|INFO|SequenceItem.cs|Run|208|Starting Category: Guida, Item: Dither
2026-09-02T02:49:18.7265|INFO|ImageSolver.cs|Solve|41|Platesolving with parameters: FocalLength: 1260 PixelSize: 4.54 SearchRadius: 30 BlindFailoverEnabled: True Regions: 5000 DownSampleFactor: 2 MaxObjects: 500 Reference Coordinates RA: 19:59:39 Dec: 22° 45' 14" Epoch: J2000
2026-09-02T02:49:19.2450|INFO|BaseImageData.cs|SaveToDisk|346|Saved image to C:\Users\PrimaLuceLab\AppData\Local\NINA\PlateSolver\3ab3udqk.v0c.fits
2026-09-02T02:49:22.1310|INFO|HocusFocusStarDetection.cs|Detect|413|Average HFR: 2.9596887687046576, HFR MAD: 0.3676441109147377, Detected Stars 462, Region: 0
2026-09-02T02:49:22.5977|INFO|BaseImageData.cs|SaveToDisk|346|Saved image to D:\Images NINA\Target\LIGHT_1x1_600.00s_15_132_M 27_Celestron C8__-9.96C_Red_0036_2026-09-02_02-39-12_FWHM_4.97_Fok_39323.xisf
2026-09-02T02:49:22.5978|INFO|ImageSaveController.cs|DoWork|97|Successfully saved file at D:\Images NINA\Target\LIGHT_1x1_600.00s_15_132_M 27_Celestron C8__-9.96C_Red_0036_2026-09-02_02-39-12_FWHM_4.97_Fok_39323.xisf. Duration Total: 00:00:03.8714567; BeforeSave: 00:00:00.0000891; BeforeFinalizeImageSaved: 00:00:03.8470881; FinalizeSaveTime: 00:00:00.0242789
2026-09-02T02:49:23.5783|INFO|ImageSolver.cs|Solve|54|Platesolve successful: Coordinates: RA: 19:59:36; Dec: 22° 42' 47"; Epoch: J2000 - Position Angle: 89.40516351330314
2026-09-02T02:49:23.5784|INFO|CenterAfterDriftTrigger.cs|PlatesolvingImageFollower_PropertyChanged|189|Drift: 0.4958255329877322 / 3 arc minutes
2026-09-02T02:49:36.4504|INFO|SequenceItem.cs|Run|254|Finishing Category: Guida, Item: Dither
2026-09-02T02:49:36.4506|INFO|SequenceItem.cs|Run|254|Finishing Category: * Set di Istruzioni *, Container: NINA.Sequencer.Container.SequentialContainer, Strategy: SequentialStrategy, Items[FINISHED]: 1
2026-09-02T02:49:36.4513|INFO|MeridianFlipTrigger.cs|ShouldTrigger|211|Meridian Flip - Flip for the current target already happened at 09/01/2026 22:20:04. Skip flip evaluation
2026-09-02T02:49:36.4513|INFO|SequenceTrigger.cs|Run|114|Starting Trigger: RestoreGuiding
2026-09-02T02:49:36.4514|INFO|SequenceItem.cs|Run|208|Starting Category: * Set di Istruzioni *, Container: NINA.Sequencer.Container.SequentialContainer, Strategy: SequentialStrategy, Items[CREATED]: 1
2026-09-02T02:49:36.4515|INFO|SequenceItem.cs|Run|208|Starting Category: Guida, Item: StartGuiding
2026-09-02T02:49:36.4841|INFO|PHD2Guider.cs|StartGuidingPrivate|504|Phd2 - App is already guiding. Skipping start guiding
2026-09-02T02:49:36.4843|INFO|SequenceItem.cs|Run|254|Finishing Category: Guida, Item: StartGuiding
2026-09-02T02:49:36.4844|INFO|SequenceItem.cs|Run|254|Finishing Category: * Set di Istruzioni *, Container: NINA.Sequencer.Container.SequentialContainer, Strategy: SequentialStrategy, Items[FINISHED]: 1
2026-09-02T02:49:36.5032|INFO|SequenceItem.cs|Run|208|Starting Category: Fotocamera, Item: TakeExposure, ExposureTime 600, Gain 15, Offset 132, ImageType LIGHT, Binning 1x1
2026-09-02T02:49:36.5037|INFO|CameraVM.cs|Capture|742|Starting Exposure - Exposure Time: 600s; Filter: ; Gain: 15; Offset 132; Binning: 1x1;
2026-09-02T02:59:42.6661|WARNING|DeviceUpdateTimer.cs|Run|115|Camera value update cycle took longer than the device poll interval (Total: 11.36s > 2s; Poll: 00:00:11.3639790; Update: 00:00:00.0001302)
2026-09-02T02:59:42.6993|INFO|SequenceItem.cs|Run|254|Finishing Category: Fotocamera, Item: TakeExposure, ExposureTime 600, Gain 15, Offset 132, ImageType LIGHT, Binning 1x1
2026-09-02T02:59:42.6995|INFO|LoopCondition.cs|Check|75|LoopCondition finished. Iterations: 5 / 5
2026-09-02T02:59:42.6996|INFO|SequenceItem.cs|Run|254|Finishing Category: Fotocamera, Container: NINA.Sequencer.SequenceItem.Imaging.SmartExposure, Strategy: SequentialStrategy, Items[FINISHED]: 2, Conditions: Condition: LoopCondition, Iterations: 5/5, , Triggers: Trigger: DitherAfterExposures, After Exposures: 1
2026-09-02T02:59:42.7002|INFO|MeridianFlipTrigger.cs|ShouldTrigger|211|Meridian Flip - Flip for the current target already happened at 09/01/2026 22:20:04. Skip flip evaluation
2026-09-02T02:59:42.7003|INFO|SequenceItem.cs|Run|208|Starting Category: Fotocamera, Container: NINA.Sequencer.SequenceItem.Imaging.SmartExposure, Strategy: SequentialStrategy, Items[CREATED]: 2, Conditions: Condition: LoopCondition, Iterations: 0/5, , Triggers: Trigger: DitherAfterExposures, After Exposures: 1
2026-09-02T02:59:42.7010|INFO|MeridianFlipTrigger.cs|ShouldTrigger|211|Meridian Flip - Flip for the current target already happened at 09/01/2026 22:20:04. Skip flip evaluation
2026-09-02T02:59:42.7010|INFO|SequenceItem.cs|Run|208|Starting Category: Ruota porta filtri, Item: SwitchFilter, Filter: Green
2026-09-02T02:59:42.8534|INFO|FilterWheelVM.cs|ChangeFilter|112|Moving to Filter Green at Position 3
2026-09-02T02:59:45.2114|INFO|HocusFocusStarDetection.cs|Detect|413|Average HFR: 3.2833610288752135, HFR MAD: 0.36622295454204457, Detected Stars 346, Region: 0
2026-09-02T02:59:45.6394|INFO|BaseImageData.cs|SaveToDisk|346|Saved image to D:\Images NINA\Target\LIGHT_1x1_600.00s_15_132_M 27_Celestron C8__-9.96C_Red_0037_2026-09-02_02-49-36_FWHM_5.42_Fok_39323.xisf
2026-09-02T02:59:45.6395|INFO|ImageSaveController.cs|DoWork|97|Successfully saved file at D:\Images NINA\Target\LIGHT_1x1_600.00s_15_132_M 27_Celestron C8__-9.96C_Red_0037_2026-09-02_02-49-36_FWHM_5.42_Fok_39323.xisf. Duration Total: 00:00:02.7047579; BeforeSave: 00:00:00.0000827; BeforeFinalizeImageSaved: 00:00:02.6841623; FinalizeSaveTime: 00:00:00.0205123
2026-09-02T02:59:46.8517|INFO|SequenceItem.cs|Run|254|Finishing Category: Ruota porta filtri, Item: SwitchFilter, Filter: Green
2026-09-02T02:59:46.8533|INFO|SequenceTrigger.cs|Run|114|Starting Trigger: DitherAfterExposures, After Exposures: 1
2026-09-02T02:59:46.8534|INFO|SequenceItem.cs|Run|208|Starting Category: * Set di Istruzioni *, Container: NINA.Sequencer.Container.SequentialContainer, Strategy: SequentialStrategy, Items[CREATED]: 1
2026-09-02T02:59:46.8535|INFO|SequenceItem.cs|Run|208|Starting Category: Guida, Item: Dither
2026-09-02T03:00:11.1143|INFO|SequenceItem.cs|Run|254|Finishing Category: Guida, Item: Dither
2026-09-02T03:00:11.1145|INFO|SequenceItem.cs|Run|254|Finishing Category: * Set di Istruzioni *, Container: NINA.Sequencer.Container.SequentialContainer, Strategy: SequentialStrategy, Items[FINISHED]: 1
2026-09-02T03:00:11.1151|INFO|MeridianFlipTrigger.cs|ShouldTrigger|211|Meridian Flip - Flip for the current target already happened at 09/01/2026 22:20:04. Skip flip evaluation
2026-09-02T03:00:11.1151|INFO|SequenceTrigger.cs|Run|114|Starting Trigger: RestoreGuiding
2026-09-02T03:00:11.1152|INFO|SequenceItem.cs|Run|208|Starting Category: * Set di Istruzioni *, Container: NINA.Sequencer.Container.SequentialContainer, Strategy: SequentialStrategy, Items[CREATED]: 1
2026-09-02T03:00:11.1152|INFO|SequenceItem.cs|Run|208|Starting Category: Guida, Item: StartGuiding
2026-09-02T03:00:11.1460|INFO|PHD2Guider.cs|StartGuidingPrivate|504|Phd2 - App is already guiding. Skipping start guiding
2026-09-02T03:00:11.1462|INFO|SequenceItem.cs|Run|254|Finishing Category: Guida, Item: StartGuiding
2026-09-02T03:00:11.1463|INFO|SequenceItem.cs|Run|254|Finishing Category: * Set di Istruzioni *, Container: NINA.Sequencer.Container.SequentialContainer, Strategy: SequentialStrategy, Items[FINISHED]: 1
2026-09-02T03:00:11.1643|INFO|SequenceTrigger.cs|Run|114|Starting Trigger: AutofocusAfterFilterChange
2026-09-02T03:00:11.1645|INFO|SequenceItem.cs|Run|208|Starting Category: * Set di Istruzioni *, Container: NINA.Sequencer.Container.SequentialContainer, Strategy: SequentialStrategy, Items[CREATED]: 1
2026-09-02T03:00:11.1645|INFO|SequenceItem.cs|Run|208|Starting Category: Focheggiatore, Item: RunAutofocus
2026-09-02T03:00:11.4260|INFO|FocuserMediator.cs|BroadcastAutoFocusRunStarting|92|Autofocus starting notification received
2026-09-02T03:00:12.6269|INFO|AutoFocusEngine.cs|RunAutoFocus|929|Starting AutoFocus with initial position 39323
2026-09-02T03:00:12.7482|INFO|CameraVM.cs|Capture|742|Starting Exposure - Exposure Time: 10s; Filter: Green; Gain: 15; Offset 132; Binning: 2x2;
2026-09-02T03:00:24.0627|INFO|AutoFocusEngine.cs|StartBlindFocusPoints|769|Waiting on initial HFR analysis
2026-09-02T03:00:24.0631|INFO|FocuserVM.cs|MoveFocuserInternal|216|Moving Focuser to position 40123
2026-09-02T03:00:25.7000|INFO|HocusFocusStarDetection.cs|Detect|413|Average HFR: 2.358010123442468, HFR MAD: 0.28980968194771517, Detected Stars 130, Region: 0
2026-09-02T03:00:32.3271|INFO|CameraVM.cs|Capture|742|Starting Exposure - Exposure Time: 10s; Filter: Green; Gain: 15; Offset 132; Binning: 2x2;
2026-09-02T03:00:43.6469|INFO|FocuserVM.cs|MoveFocuserInternal|216|Moving Focuser to position 39923
2026-09-02T03:00:45.2806|INFO|HocusFocusStarDetection.cs|Detect|413|Average HFR: 2.1160326274277765, HFR MAD: 0.21541098547352, Detected Stars 125, Region: 0
2026-09-02T03:00:49.6066|INFO|CameraVM.cs|Capture|742|Starting Exposure - Exposure Time: 10s; Filter: Green; Gain: 15; Offset 132; Binning: 2x2;
2026-09-02T03:01:00.9172|INFO|FocuserVM.cs|MoveFocuserInternal|216|Moving Focuser to position 39723
2026-09-02T03:01:01.5825|INFO|HocusFocusStarDetection.cs|Detect|413|Average HFR: 2.077431801810319, HFR MAD: 0.19407973136460765, Detected Stars 133, Region: 0
2026-09-02T03:01:07.5323|INFO|CameraVM.cs|Capture|742|Starting Exposure - Exposure Time: 10s; Filter: Green; Gain: 15; Offset 132; Binning: 2x2;
2026-09-02T03:01:18.8411|INFO|FocuserVM.cs|MoveFocuserInternal|216|Moving Focuser to position 39523
2026-09-02T03:01:19.5518|INFO|HocusFocusStarDetection.cs|Detect|413|Average HFR: 2.127415733007204, HFR MAD: 0.19904960770163393, Detected Stars 137, Region: 0
2026-09-02T03:01:24.0921|INFO|CameraVM.cs|Capture|742|Starting Exposure - Exposure Time: 10s; Filter: Green; Gain: 15; Offset 132; Binning: 2x2;
2026-09-02T03:01:35.4097|INFO|AutoFocusEngine.cs|StartBlindFocusPoints|797|Waiting on initial focuser move analyses
2026-09-02T03:01:36.1265|INFO|HocusFocusStarDetection.cs|Detect|413|Average HFR: 1.9800517086020204, HFR MAD: 0.19663947541766902, Detected Stars 140, Region: 0
2026-09-02T03:01:36.1884|INFO|FocuserVM.cs|MoveFocuserInternal|216|Moving Focuser to position 39323
2026-09-02T03:01:41.5208|INFO|CameraVM.cs|Capture|742|Starting Exposure - Exposure Time: 10s; Filter: Green; Gain: 15; Offset 132; Binning: 2x2;
2026-09-02T03:01:52.8250|INFO|AutoFocusEngine.cs|StartBlindFocusPoints|870|Waiting on next left movement analysis
2026-09-02T03:01:53.5549|INFO|HocusFocusStarDetection.cs|Detect|413|Average HFR: 1.8455614504248297, HFR MAD: 0.13864861276974727, Detected Stars 122, Region: 0
2026-09-02T03:01:53.5820|INFO|FocuserVM.cs|MoveFocuserInternal|216|Moving Focuser to position 39123
2026-09-02T03:01:59.5198|INFO|CameraVM.cs|Capture|742|Starting Exposure - Exposure Time: 10s; Filter: Green; Gain: 15; Offset 132; Binning: 2x2;
2026-09-02T03:02:10.8262|INFO|AutoFocusEngine.cs|StartBlindFocusPoints|870|Waiting on next left movement analysis
2026-09-02T03:02:11.5528|INFO|HocusFocusStarDetection.cs|Detect|413|Average HFR: 1.8936727634943227, HFR MAD: 0.1661336397779951, Detected Stars 131, Region: 0
2026-09-02T03:02:11.6069|INFO|FocuserVM.cs|MoveFocuserInternal|216|Moving Focuser to position 38923
2026-09-02T03:02:17.5069|INFO|CameraVM.cs|Capture|742|Starting Exposure - Exposure Time: 10s; Filter: Green; Gain: 15; Offset 132; Binning: 2x2;
2026-09-02T03:02:28.8181|INFO|AutoFocusEngine.cs|StartBlindFocusPoints|870|Waiting on next left movement analysis
2026-09-02T03:02:29.6278|INFO|HocusFocusStarDetection.cs|Detect|413|Average HFR: 2.0407452839681177, HFR MAD: 0.2031469159532744, Detected Stars 125, Region: 0
2026-09-02T03:02:29.7788|INFO|FocuserVM.cs|MoveFocuserInternal|216|Moving Focuser to position 38723
2026-09-02T03:02:35.5244|INFO|CameraVM.cs|Capture|742|Starting Exposure - Exposure Time: 10s; Filter: Green; Gain: 15; Offset 132; Binning: 2x2;
2026-09-02T03:02:46.8317|INFO|AutoFocusEngine.cs|StartBlindFocusPoints|870|Waiting on next left movement analysis
2026-09-02T03:02:47.4888|INFO|HocusFocusStarDetection.cs|Detect|413|Average HFR: 2.572426669739572, HFR MAD: 0.3321554258436925, Detected Stars 103, Region: 0
2026-09-02T03:02:47.6937|INFO|FocuserVM.cs|MoveFocuserInternal|216|Moving Focuser to position 38523
2026-09-02T03:02:53.5968|INFO|CameraVM.cs|Capture|742|Starting Exposure - Exposure Time: 10s; Filter: Green; Gain: 15; Offset 132; Binning: 2x2;
2026-09-02T03:03:04.9051|INFO|AutoFocusEngine.cs|StartBlindFocusPoints|870|Waiting on next left movement analysis
2026-09-02T03:03:05.6441|INFO|HocusFocusStarDetection.cs|Detect|413|Average HFR: 2.472172104988448, HFR MAD: 0.28335095484155515, Detected Stars 119, Region: 0
2026-09-02T03:03:05.7715|INFO|AutoFocusEngine.cs|StartBlindFocusPoints|841|Enough right trend points (4) with an established minimum (39323) to queue remaining left focus points down to 38523
2026-09-02T03:03:05.7716|INFO|AutoFocusEngine.cs|StartBlindFocusPoints|896|Waiting on remaining AutoFocus analysis tasks
2026-09-02T03:03:05.7721|INFO|FocuserVM.cs|MoveFocuserInternal|216|Moving Focuser to position 39196
2026-09-02T03:03:13.9106|INFO|AutoFocusEngine.cs|ValidateCalculatedFocusPosition|1141|Validating HFR at final focus position 39196
2026-09-02T03:03:14.0392|INFO|CameraVM.cs|Capture|742|Starting Exposure - Exposure Time: 10s; Filter: Green; Gain: 15; Offset 132; Binning: 2x2;
2026-09-02T03:03:26.0734|INFO|HocusFocusStarDetection.cs|Detect|413|Average HFR: 2.3833057702503218, HFR MAD: 0.29334348553964507, Detected Stars 122, Region: 0
2026-09-02T03:03:26.0739|INFO|HocusFocusVM.cs|AutoFocusEngine_Completed|473|AutoFocus completed with focuser starting at 39323 and ending at 39196
2026-09-02T03:03:26.0756|INFO|FocuserMediator.cs|BroadcastSuccessfulAutoFocusRun|46|Autofocus notification received - Temperature 21.5
2026-09-02T03:03:26.2359|INFO|AutoFocusEngine.cs|PerformPostAutoFocusActions|1022|Re-enabling temperature compensation after AutoFocus
2026-09-02T03:03:26.3321|INFO|PHD2Guider.cs|TryStartGuideCommand|641|Phd2 - Requesting to start guiding. Recalibrate: False
2026-09-02T03:03:49.9412|INFO|SequenceItem.cs|Run|254|Finishing Category: Focheggiatore, Item: RunAutofocus
2026-09-02T03:03:49.9414|INFO|SequenceItem.cs|Run|254|Finishing Category: * Set di Istruzioni *, Container: NINA.Sequencer.Container.SequentialContainer, Strategy: SequentialStrategy, Items[FINISHED]: 1
2026-09-02T03:03:49.9415|INFO|SequenceItem.cs|Run|208|Starting Category: Fotocamera, Item: TakeExposure, ExposureTime 600, Gain 15, Offset 132, ImageType LIGHT, Binning 1x1
2026-09-02T03:03:49.9421|INFO|CameraVM.cs|Capture|742|Starting Exposure - Exposure Time: 600s; Filter: ; Gain: 15; Offset 132; Binning: 1x1;
2026-09-02T03:13:48.7390|WARNING|DeviceUpdateTimer.cs|Run|115|Dome value update cycle took longer than the device poll interval (Total: 2.15s > 2s; Poll: 00:00:00.0032526; Update: 00:00:02.1443186)
2026-09-02T03:13:56.1467|WARNING|DeviceUpdateTimer.cs|Run|115|Camera value update cycle took longer than the device poll interval (Total: 8.50s > 2s; Poll: 00:00:08.5019375; Update: 00:00:00.0001671)
2026-09-02T03:13:56.1478|INFO|SequenceItem.cs|Run|254|Finishing Category: Fotocamera, Item: TakeExposure, ExposureTime 600, Gain 15, Offset 132, ImageType LIGHT, Binning 1x1
2026-09-02T03:13:56.1485|INFO|MeridianFlipTrigger.cs|ShouldTrigger|211|Meridian Flip - Flip for the current target already happened at 09/01/2026 22:20:04. Skip flip evaluation
2026-09-02T03:13:56.1485|INFO|SequenceItem.cs|Run|208|Starting Category: Ruota porta filtri, Item: SwitchFilter, Filter: Green
2026-09-02T03:13:56.2754|INFO|SequenceItem.cs|Run|254|Finishing Category: Ruota porta filtri, Item: SwitchFilter, Filter: Green
2026-09-02T03:13:56.2764|INFO|SequenceTrigger.cs|Run|114|Starting Trigger: DitherAfterExposures, After Exposures: 1
2026-09-02T03:13:56.2765|INFO|SequenceItem.cs|Run|208|Starting Category: * Set di Istruzioni *, Container: NINA.Sequencer.Container.SequentialContainer, Strategy: SequentialStrategy, Items[CREATED]: 1
2026-09-02T03:13:56.2765|INFO|SequenceItem.cs|Run|208|Starting Category: Guida, Item: Dither
2026-09-02T03:13:58.2549|INFO|HocusFocusStarDetection.cs|Detect|413|Average HFR: 4.111514663264969, HFR MAD: 0.4423618870542052, Detected Stars 143, Region: 0
2026-09-02T03:13:58.7084|INFO|BaseImageData.cs|SaveToDisk|346|Saved image to D:\Images NINA\Target\LIGHT_1x1_600.00s_15_132_M 27_Celestron C8__-9.96C_Green_0027_2026-09-02_03-03-50_FWHM_7.17_Fok_39196.xisf
2026-09-02T03:13:58.7085|INFO|ImageSaveController.cs|DoWork|97|Successfully saved file at D:\Images NINA\Target\LIGHT_1x1_600.00s_15_132_M 27_Celestron C8__-9.96C_Green_0027_2026-09-02_03-03-50_FWHM_7.17_Fok_39196.xisf. Duration Total: 00:00:02.3349565; BeforeSave: 00:00:00.0000836; BeforeFinalizeImageSaved: 00:00:02.3145831; FinalizeSaveTime: 00:00:00.0202894
2026-09-02T03:14:27.4697|INFO|SequenceItem.cs|Run|254|Finishing Category: Guida, Item: Dither
2026-09-02T03:14:27.4699|INFO|SequenceItem.cs|Run|254|Finishing Category: * Set di Istruzioni *, Container: NINA.Sequencer.Container.SequentialContainer, Strategy: SequentialStrategy, Items[FINISHED]: 1
2026-09-02T03:14:27.4708|INFO|MeridianFlipTrigger.cs|ShouldTrigger|211|Meridian Flip - Flip for the current target already happened at 09/01/2026 22:20:04. Skip flip evaluation
2026-09-02T03:14:27.4709|INFO|SequenceTrigger.cs|Run|114|Starting Trigger: RestoreGuiding
2026-09-02T03:14:27.4709|INFO|SequenceItem.cs|Run|208|Starting Category: * Set di Istruzioni *, Container: NINA.Sequencer.Container.SequentialContainer, Strategy: SequentialStrategy, Items[CREATED]: 1
2026-09-02T03:14:27.4710|INFO|SequenceItem.cs|Run|208|Starting Category: Guida, Item: StartGuiding
2026-09-02T03:14:27.5208|INFO|PHD2Guider.cs|StartGuidingPrivate|504|Phd2 - App is already guiding. Skipping start guiding
2026-09-02T03:14:27.5210|INFO|SequenceItem.cs|Run|254|Finishing Category: Guida, Item: StartGuiding
2026-09-02T03:14:27.5211|INFO|SequenceItem.cs|Run|254|Finishing Category: * Set di Istruzioni *, Container: NINA.Sequencer.Container.SequentialContainer, Strategy: SequentialStrategy, Items[FINISHED]: 1
2026-09-02T03:14:27.5636|INFO|SequenceItem.cs|Run|208|Starting Category: Fotocamera, Item: TakeExposure, ExposureTime 600, Gain 15, Offset 132, ImageType LIGHT, Binning 1x1
2026-09-02T03:14:27.5644|INFO|CameraVM.cs|Capture|742|Starting Exposure - Exposure Time: 600s; Filter: ; Gain: 15; Offset 132; Binning: 1x1;
2026-09-02T03:24:33.7675|INFO|SequenceItem.cs|Run|254|Finishing Category: Fotocamera, Item: TakeExposure, ExposureTime 600, Gain 15, Offset 132, ImageType LIGHT, Binning 1x1
2026-09-02T03:24:33.7682|INFO|MeridianFlipTrigger.cs|ShouldTrigger|211|Meridian Flip - Flip for the current target already happened at 09/01/2026 22:20:04. Skip flip evaluation
2026-09-02T03:24:33.7683|INFO|SequenceItem.cs|Run|208|Starting Category: Ruota porta filtri, Item: SwitchFilter, Filter: Green
2026-09-02T03:24:33.7701|WARNING|DeviceUpdateTimer.cs|Run|115|Camera value update cycle took longer than the device poll interval (Total: 10.46s > 2s; Poll: 00:00:10.4425561; Update: 00:00:00.0144262)
2026-09-02T03:24:33.9682|INFO|SequenceItem.cs|Run|254|Finishing Category: Ruota porta filtri, Item: SwitchFilter, Filter: Green
2026-09-02T03:24:33.9685|INFO|SequenceTrigger.cs|Run|114|Starting Trigger: DitherAfterExposures, After Exposures: 1
2026-09-02T03:24:33.9686|INFO|SequenceItem.cs|Run|208|Starting Category: * Set di Istruzioni *, Container: NINA.Sequencer.Container.SequentialContainer, Strategy: SequentialStrategy, Items[CREATED]: 1
2026-09-02T03:24:33.9686|INFO|SequenceItem.cs|Run|208|Starting Category: Guida, Item: Dither
2026-09-02T03:24:35.7911|INFO|HocusFocusStarDetection.cs|Detect|413|Average HFR: 3.4257845894349113, HFR MAD: 0.4676968639693322, Detected Stars 130, Region: 0
2026-09-02T03:24:36.2201|INFO|BaseImageData.cs|SaveToDisk|346|Saved image to D:\Images NINA\Target\LIGHT_1x1_600.00s_15_132_M 27_Celestron C8__-9.96C_Green_0028_2026-09-02_03-14-27_FWHM_5.80_Fok_39196.xisf
2026-09-02T03:24:36.2206|INFO|ImageSaveController.cs|DoWork|97|Successfully saved file at D:\Images NINA\Target\LIGHT_1x1_600.00s_15_132_M 27_Celestron C8__-9.96C_Green_0028_2026-09-02_03-14-27_FWHM_5.80_Fok_39196.xisf. Duration Total: 00:00:02.0971337; BeforeSave: 00:00:00.0000918; BeforeFinalizeImageSaved: 00:00:02.0780587; FinalizeSaveTime: 00:00:00.0189825
2026-09-02T03:24:53.3995|INFO|SequenceItem.cs|Run|254|Finishing Category: Guida, Item: Dither
2026-09-02T03:24:53.3997|INFO|SequenceItem.cs|Run|254|Finishing Category: * Set di Istruzioni *, Container: NINA.Sequencer.Container.SequentialContainer, Strategy: SequentialStrategy, Items[FINISHED]: 1
2026-09-02T03:24:53.4003|INFO|MeridianFlipTrigger.cs|ShouldTrigger|211|Meridian Flip - Flip for the current target already happened at 09/01/2026 22:20:04. Skip flip evaluation
2026-09-02T03:24:53.4003|INFO|SequenceTrigger.cs|Run|114|Starting Trigger: RestoreGuiding
2026-09-02T03:24:53.4004|INFO|SequenceItem.cs|Run|208|Starting Category: * Set di Istruzioni *, Container: NINA.Sequencer.Container.SequentialContainer, Strategy: SequentialStrategy, Items[CREATED]: 1
2026-09-02T03:24:53.4004|INFO|SequenceItem.cs|Run|208|Starting Category: Guida, Item: StartGuiding
2026-09-02T03:24:53.4546|INFO|PHD2Guider.cs|StartGuidingPrivate|504|Phd2 - App is already guiding. Skipping start guiding
2026-09-02T03:24:53.4548|INFO|SequenceItem.cs|Run|254|Finishing Category: Guida, Item: StartGuiding
2026-09-02T03:24:53.4550|INFO|SequenceItem.cs|Run|254|Finishing Category: * Set di Istruzioni *, Container: NINA.Sequencer.Container.SequentialContainer, Strategy: SequentialStrategy, Items[FINISHED]: 1
2026-09-02T03:24:53.4656|INFO|SequenceItem.cs|Run|208|Starting Category: Fotocamera, Item: TakeExposure, ExposureTime 600, Gain 15, Offset 132, ImageType LIGHT, Binning 1x1
2026-09-02T03:24:53.4725|INFO|CameraVM.cs|Capture|742|Starting Exposure - Exposure Time: 600s; Filter: ; Gain: 15; Offset 132; Binning: 1x1;
2026-09-02T03:34:59.6689|WARNING|DeviceUpdateTimer.cs|Run|115|Camera value update cycle took longer than the device poll interval (Total: 10.37s > 2s; Poll: 00:00:10.3676080; Update: 00:00:00.0001844)
2026-09-02T03:34:59.6698|INFO|SequenceItem.cs|Run|254|Finishing Category: Fotocamera, Item: TakeExposure, ExposureTime 600, Gain 15, Offset 132, ImageType LIGHT, Binning 1x1
2026-09-02T03:34:59.6714|INFO|MeridianFlipTrigger.cs|ShouldTrigger|211|Meridian Flip - Flip for the current target already happened at 09/01/2026 22:20:04. Skip flip evaluation
2026-09-02T03:34:59.6715|INFO|SequenceItem.cs|Run|208|Starting Category: Ruota porta filtri, Item: SwitchFilter, Filter: Green
2026-09-02T03:34:59.8251|INFO|SequenceItem.cs|Run|254|Finishing Category: Ruota porta filtri, Item: SwitchFilter, Filter: Green
2026-09-02T03:34:59.8254|INFO|SequenceTrigger.cs|Run|114|Starting Trigger: DitherAfterExposures, After Exposures: 1
2026-09-02T03:34:59.8255|INFO|SequenceItem.cs|Run|208|Starting Category: * Set di Istruzioni *, Container: NINA.Sequencer.Container.SequentialContainer, Strategy: SequentialStrategy, Items[CREATED]: 1
2026-09-02T03:34:59.8256|INFO|SequenceItem.cs|Run|208|Starting Category: Guida, Item: Dither
2026-09-02T03:35:01.9786|INFO|HocusFocusStarDetection.cs|Detect|413|Average HFR: 3.1851144582905153, HFR MAD: 0.3992555297571281, Detected Stars 219, Region: 0
2026-09-02T03:35:02.4152|INFO|BaseImageData.cs|SaveToDisk|346|Saved image to D:\Images NINA\Target\LIGHT_1x1_600.00s_15_132_M 27_Celestron C8__-9.96C_Green_0029_2026-09-02_03-24-53_FWHM_5.18_Fok_39196.xisf
2026-09-02T03:35:02.4154|INFO|ImageSaveController.cs|DoWork|97|Successfully saved file at D:\Images NINA\Target\LIGHT_1x1_600.00s_15_132_M 27_Celestron C8__-9.96C_Green_0029_2026-09-02_03-24-53_FWHM_5.18_Fok_39196.xisf. Duration Total: 00:00:02.3842743; BeforeSave: 00:00:00.0000939; BeforeFinalizeImageSaved: 00:00:02.3530696; FinalizeSaveTime: 00:00:00.0311100
2026-09-02T03:35:32.9728|INFO|SequenceItem.cs|Run|254|Finishing Category: Guida, Item: Dither
2026-09-02T03:35:32.9730|INFO|SequenceItem.cs|Run|254|Finishing Category: * Set di Istruzioni *, Container: NINA.Sequencer.Container.SequentialContainer, Strategy: SequentialStrategy, Items[FINISHED]: 1
2026-09-02T03:35:32.9736|INFO|MeridianFlipTrigger.cs|ShouldTrigger|211|Meridian Flip - Flip for the current target already happened at 09/01/2026 22:20:04. Skip flip evaluation
2026-09-02T03:35:32.9737|INFO|SequenceTrigger.cs|Run|114|Starting Trigger: RestoreGuiding
2026-09-02T03:35:32.9737|INFO|SequenceItem.cs|Run|208|Starting Category: * Set di Istruzioni *, Container: NINA.Sequencer.Container.SequentialContainer, Strategy: SequentialStrategy, Items[CREATED]: 1
2026-09-02T03:35:32.9738|INFO|SequenceItem.cs|Run|208|Starting Category: Guida, Item: StartGuiding
2026-09-02T03:35:33.0102|INFO|PHD2Guider.cs|StartGuidingPrivate|504|Phd2 - App is already guiding. Skipping start guiding
2026-09-02T03:35:33.0104|INFO|SequenceItem.cs|Run|254|Finishing Category: Guida, Item: StartGuiding
2026-09-02T03:35:33.0105|INFO|SequenceItem.cs|Run|254|Finishing Category: * Set di Istruzioni *, Container: NINA.Sequencer.Container.SequentialContainer, Strategy: SequentialStrategy, Items[FINISHED]: 1
2026-09-02T03:35:33.0174|INFO|SequenceItem.cs|Run|208|Starting Category: Fotocamera, Item: TakeExposure, ExposureTime 600, Gain 15, Offset 132, ImageType LIGHT, Binning 1x1
2026-09-02T03:35:33.0179|INFO|CameraVM.cs|Capture|742|Starting Exposure - Exposure Time: 600s; Filter: ; Gain: 15; Offset 132; Binning: 1x1;
2026-09-02T03:45:32.8294|WARNING|DeviceUpdateTimer.cs|Run|115|Dome value update cycle took longer than the device poll interval (Total: 2.84s > 2s; Poll: 00:00:00.0108463; Update: 00:00:02.8304250)
2026-09-02T03:45:39.2530|WARNING|DeviceUpdateTimer.cs|Run|115|Camera value update cycle took longer than the device poll interval (Total: 11.87s > 2s; Poll: 00:00:11.8517114; Update: 00:00:00.0221511)
2026-09-02T03:45:39.2645|INFO|SequenceItem.cs|Run|254|Finishing Category: Fotocamera, Item: TakeExposure, ExposureTime 600, Gain 15, Offset 132, ImageType LIGHT, Binning 1x1
2026-09-02T03:45:39.2653|INFO|MeridianFlipTrigger.cs|ShouldTrigger|211|Meridian Flip - Flip for the current target already happened at 09/01/2026 22:20:04. Skip flip evaluation
2026-09-02T03:45:39.2653|INFO|SequenceItem.cs|Run|208|Starting Category: Ruota porta filtri, Item: SwitchFilter, Filter: Green
2026-09-02T03:45:39.4753|INFO|SequenceItem.cs|Run|254|Finishing Category: Ruota porta filtri, Item: SwitchFilter, Filter: Green
2026-09-02T03:45:39.4757|INFO|SequenceTrigger.cs|Run|114|Starting Trigger: DitherAfterExposures, After Exposures: 1
2026-09-02T03:45:39.4758|INFO|SequenceItem.cs|Run|208|Starting Category: * Set di Istruzioni *, Container: NINA.Sequencer.Container.SequentialContainer, Strategy: SequentialStrategy, Items[CREATED]: 1
2026-09-02T03:45:39.4759|INFO|SequenceItem.cs|Run|208|Starting Category: Guida, Item: Dither
2026-09-02T03:45:39.6541|INFO|ImageSolver.cs|Solve|41|Platesolving with parameters: FocalLength: 1260 PixelSize: 4.54 SearchRadius: 30 BlindFailoverEnabled: True Regions: 5000 DownSampleFactor: 2 MaxObjects: 500 Reference Coordinates RA: 19:59:43 Dec: 22° 47' 26" Epoch: J2000
2026-09-02T03:45:40.0817|INFO|BaseImageData.cs|SaveToDisk|346|Saved image to C:\Users\PrimaLuceLab\AppData\Local\NINA\PlateSolver\yqtsslpm.yz3.fits
2026-09-02T03:45:42.0627|INFO|HocusFocusStarDetection.cs|Detect|413|Average HFR: 3.2249711567934582, HFR MAD: 0.40650009294241407, Detected Stars 192, Region: 0
2026-09-02T03:45:42.5675|INFO|BaseImageData.cs|SaveToDisk|346|Saved image to D:\Images NINA\Target\LIGHT_1x1_600.00s_15_132_M 27_Celestron C8__-9.96C_Green_0030_2026-09-02_03-35-33_FWHM_5.33_Fok_39196.xisf
2026-09-02T03:45:42.5676|INFO|ImageSaveController.cs|DoWork|97|Successfully saved file at D:\Images NINA\Target\LIGHT_1x1_600.00s_15_132_M 27_Celestron C8__-9.96C_Green_0030_2026-09-02_03-35-33_FWHM_5.33_Fok_39196.xisf. Duration Total: 00:00:02.9136573; BeforeSave: 00:00:00.0001021; BeforeFinalizeImageSaved: 00:00:02.8458417; FinalizeSaveTime: 00:00:00.0677127
2026-09-02T03:45:43.1120|INFO|ImageSolver.cs|Solve|54|Platesolve successful: Coordinates: RA: 19:59:37; Dec: 22° 43' 06"; Epoch: J2000 - Position Angle: 89.41285611841641
2026-09-02T03:45:43.1600|INFO|CenterAfterDriftTrigger.cs|PlatesolvingImageFollower_PropertyChanged|189|Drift: 0.186630871240806 / 3 arc minutes
2026-09-02T03:45:56.1360|INFO|SequenceItem.cs|Run|254|Finishing Category: Guida, Item: Dither
2026-09-02T03:45:56.1363|INFO|SequenceItem.cs|Run|254|Finishing Category: * Set di Istruzioni *, Container: NINA.Sequencer.Container.SequentialContainer, Strategy: SequentialStrategy, Items[FINISHED]: 1
2026-09-02T03:45:56.1373|INFO|MeridianFlipTrigger.cs|ShouldTrigger|211|Meridian Flip - Flip for the current target already happened at 09/01/2026 22:20:04. Skip flip evaluation
2026-09-02T03:45:56.1375|INFO|SequenceTrigger.cs|Run|114|Starting Trigger: RestoreGuiding
2026-09-02T03:45:56.1376|INFO|SequenceItem.cs|Run|208|Starting Category: * Set di Istruzioni *, Container: NINA.Sequencer.Container.SequentialContainer, Strategy: SequentialStrategy, Items[CREATED]: 1
2026-09-02T03:45:56.1377|INFO|SequenceItem.cs|Run|208|Starting Category: Guida, Item: StartGuiding
2026-09-02T03:45:56.1611|INFO|PHD2Guider.cs|StartGuidingPrivate|504|Phd2 - App is already guiding. Skipping start guiding
2026-09-02T03:45:56.1649|INFO|SequenceItem.cs|Run|254|Finishing Category: Guida, Item: StartGuiding
2026-09-02T03:45:56.1659|INFO|SequenceItem.cs|Run|254|Finishing Category: * Set di Istruzioni *, Container: NINA.Sequencer.Container.SequentialContainer, Strategy: SequentialStrategy, Items[FINISHED]: 1
2026-09-02T03:45:56.1662|INFO|SequenceItem.cs|Run|208|Starting Category: Fotocamera, Item: TakeExposure, ExposureTime 600, Gain 15, Offset 132, ImageType LIGHT, Binning 1x1
2026-09-02T03:45:56.1932|INFO|CameraVM.cs|Capture|742|Starting Exposure - Exposure Time: 600s; Filter: ; Gain: 15; Offset 132; Binning: 1x1;
2026-09-02T03:56:00.6446|WARNING|DeviceUpdateTimer.cs|Run|115|Dome value update cycle took longer than the device poll interval (Total: 4.71s > 2s; Poll: 00:00:00.0114652; Update: 00:00:04.6943314)
2026-09-02T03:56:02.3773|WARNING|DeviceUpdateTimer.cs|Run|115|Camera value update cycle took longer than the device poll interval (Total: 11.07s > 2s; Poll: 00:00:11.0695053; Update: 00:00:00.0001251)
2026-09-02T03:56:02.3779|INFO|SequenceItem.cs|Run|254|Finishing Category: Fotocamera, Item: TakeExposure, ExposureTime 600, Gain 15, Offset 132, ImageType LIGHT, Binning 1x1
2026-09-02T03:56:02.3781|INFO|LoopCondition.cs|Check|75|LoopCondition finished. Iterations: 5 / 5
2026-09-02T03:56:02.3781|INFO|SequenceItem.cs|Run|254|Finishing Category: Fotocamera, Container: NINA.Sequencer.SequenceItem.Imaging.SmartExposure, Strategy: SequentialStrategy, Items[FINISHED]: 2, Conditions: Condition: LoopCondition, Iterations: 5/5, , Triggers: Trigger: DitherAfterExposures, After Exposures: 1
2026-09-02T03:56:02.3786|INFO|SequenceItem.cs|Run|254|Finishing Category: * Set di Istruzioni *, Container: NINA.Sequencer.Container.DeepSkyObjectContainer, Strategy: SequentialStrategy, Items[FINISHED]: 6, Triggers: Trigger: CenterAfterDriftTrigger, DistanceArcMinutes: 3, Target: M 27 RA: 19:59:36; Dec: 22° 43' 16"; Epoch: J2000 0
2026-09-02T03:56:02.3795|INFO|MeridianFlipTrigger.cs|ShouldTrigger|211|Meridian Flip - Flip for the current target already happened at 09/01/2026 22:20:04. Skip flip evaluation
2026-09-02T03:56:02.3796|INFO|SequenceItem.cs|Run|208|Starting Category: Utilità, Item: Annotation, Text: PLACE YOUR ...FIRST... TARGET SEQUENCE OF THE NIGHT ...BELOW... THIS LINE
2026-09-02T03:56:02.3796|INFO|SequenceItem.cs|Run|254|Finishing Category: Utilità, Item: Annotation, Text: PLACE YOUR ...FIRST... TARGET SEQUENCE OF THE NIGHT ...BELOW... THIS LINE
2026-09-02T03:56:02.3801|INFO|MeridianFlipTrigger.cs|ShouldTrigger|211|Meridian Flip - Flip for the current target already happened at 09/01/2026 22:20:04. Skip flip evaluation
2026-09-02T03:56:02.3801|INFO|SequenceItem.cs|Run|208|Starting Category: Utilità, Item: Annotation, Text: PLACE YOUR ...FIRST... TARGET SEQUENCE OF THE NIGHT ...ABOVE... THIS LINE
2026-09-02T03:56:02.3801|INFO|SequenceItem.cs|Run|254|Finishing Category: Utilità, Item: Annotation, Text: PLACE YOUR ...FIRST... TARGET SEQUENCE OF THE NIGHT ...ABOVE... THIS LINE
2026-09-02T03:56:02.3806|INFO|MeridianFlipTrigger.cs|ShouldTrigger|211|Meridian Flip - Flip for the current target already happened at 09/01/2026 22:20:04. Skip flip evaluation
2026-09-02T03:56:02.3807|INFO|SequenceItem.cs|Run|208|Starting Category: * Set di Istruzioni *, Container: NINA.Sequencer.Container.DeepSkyObjectContainer, Strategy: SequentialStrategy, Items[CREATED]: 6, Triggers: Trigger: CenterAfterDriftTrigger, DistanceArcMinutes: 3, Target: M 27 RA: 19:59:36; Dec: 22° 43' 16"; Epoch: J2000 0
2026-09-02T03:56:02.3812|INFO|MeridianFlipTrigger.cs|ShouldTrigger|211|Meridian Flip - Flip for the current target already happened at 09/01/2026 22:20:04. Skip flip evaluation
2026-09-02T03:56:02.3813|INFO|SequenceItem.cs|Run|208|Starting Category: Telescopio, Item: Center, Coordinates RA: 19:59:36; Dec: 22° 43' 16"; Epoch: J2000
2026-09-02T03:56:04.4174|INFO|TelescopeVM.cs|SlewAsyncInternal|910|Slewing from RA: 20:00:54; Dec: 22° 52' 05"; Epoch: JNOW to RA: 20:00:47; Dec: 22° 47' 50"; Epoch: JNOW - Alt: 21° 08' 33"; Az: 282° 04' 27"
2026-09-02T03:56:04.7848|INFO|HocusFocusStarDetection.cs|Detect|413|Average HFR: 3.32312004323405, HFR MAD: 0.397577817065216, Detected Stars 173, Region: 0
2026-09-02T03:56:05.2166|INFO|BaseImageData.cs|SaveToDisk|346|Saved image to D:\Images NINA\Target\LIGHT_1x1_600.00s_15_132_M 27_Celestron C8__-9.96C_Green_0031_2026-09-02_03-45-56_FWHM_5.28_Fok_39196.xisf
2026-09-02T03:56:05.2168|INFO|ImageSaveController.cs|DoWork|97|Successfully saved file at D:\Images NINA\Target\LIGHT_1x1_600.00s_15_132_M 27_Celestron C8__-9.96C_Green_0031_2026-09-02_03-45-56_FWHM_5.28_Fok_39196.xisf. Duration Total: 00:00:02.6121611; BeforeSave: 00:00:00.0000717; BeforeFinalizeImageSaved: 00:00:02.5911467; FinalizeSaveTime: 00:00:00.0209421
2026-09-02T03:56:18.1463|INFO|FilterWheelVM.cs|ChangeFilter|112|Moving to Filter L-Pro at Position 0
2026-09-02T03:56:33.2703|INFO|CameraVM.cs|Capture|742|Starting Exposure - Exposure Time: 15s; Filter: L-Pro; Gain: 15; Offset 132; Binning: 1x1;
2026-09-02T03:56:53.5406|INFO|ImageSolver.cs|Solve|41|Platesolving with parameters: FocalLength: 1260 PixelSize: 4.54 SearchRadius: 30 BlindFailoverEnabled: True Regions: 5000 DownSampleFactor: 2 MaxObjects: 500 Reference Coordinates RA: 19:59:36 Dec: 22° 43' 16" Epoch: J2000
2026-09-02T03:56:53.8735|INFO|BaseImageData.cs|SaveToDisk|346|Saved image to C:\Users\PrimaLuceLab\AppData\Local\NINA\PlateSolver\vxil11wl.o4m.fits
2026-09-02T03:56:54.8749|INFO|ImageSolver.cs|Solve|54|Platesolve successful: Coordinates: RA: 19:59:28; Dec: 22° 39' 08"; Epoch: J2000 - Position Angle: 89.44259600512959
2026-09-02T03:56:54.8775|INFO|CenteringSolver.cs|Center|99|Centering Solver - Scope Position: RA: 20:00:47; Dec: 22° 47' 51"; Epoch: JNOW; Offset: RA: 00:00:00; Dec: 00° 00' 00"; Distance: 00° 00' 00"; Bearing: 00° 00' 00"; Centering Coordinates: RA: 20:00:47; Dec: 22° 47' 50"; Epoch: JNOW; Solved: RA: 20:00:39; Dec: 22° 43' 42"; Epoch: JNOW; Separation RA: 00:00:08; Dec: 00° 04' 09"; Distance: 00° 04' 31"; Bearing: 156° 21' 51"; Threshold: 1
2026-09-02T03:56:54.9970|INFO|TelescopeVM.cs|Sync|777|Syncing scope from RA: 20:00:47; Dec: 22° 47' 51"; Epoch: JNOW to RA: 20:00:39; Dec: 22° 43' 42"; Epoch: JNOW
2026-09-02T03:56:59.9976|INFO|CenteringSolver.cs|Center|132|Slewing to target after sync. Current Position: RA: 20:00:39; Dec: 22° 43' 42"; Epoch: JNOW; Target coordinates: RA: 20:00:47; Dec: 22° 47' 50"; Epoch: JNOW; Offset RA: 00:00:00; Dec: 00° 00' 00"; Distance: 00° 00' 00"; Bearing: 00° 00' 00"
2026-09-02T03:57:00.0195|INFO|TelescopeVM.cs|SlewAsyncInternal|910|Slewing from RA: 20:00:39; Dec: 22° 43' 42"; Epoch: JNOW to RA: 20:00:47; Dec: 22° 47' 50"; Epoch: JNOW - Alt: 20° 58' 28"; Az: 282° 13' 04"
2026-09-02T03:57:14.5206|INFO|CameraVM.cs|Capture|742|Starting Exposure - Exposure Time: 15s; Filter: L-Pro; Gain: 15; Offset 132; Binning: 1x1;
2026-09-02T03:57:34.8197|INFO|ImageSolver.cs|Solve|41|Platesolving with parameters: FocalLength: 1260 PixelSize: 4.54 SearchRadius: 30 BlindFailoverEnabled: True Regions: 5000 DownSampleFactor: 2 MaxObjects: 500 Reference Coordinates RA: 19:59:36 Dec: 22° 43' 16" Epoch: J2000
2026-09-02T03:57:35.0617|INFO|BaseImageData.cs|SaveToDisk|346|Saved image to C:\Users\PrimaLuceLab\AppData\Local\NINA\PlateSolver\hk43lzn4.ig3.fits
2026-09-02T03:57:36.0246|INFO|ImageSolver.cs|Solve|54|Platesolve successful: Coordinates: RA: 19:59:36; Dec: 22° 43' 17"; Epoch: J2000 - Position Angle: 89.43673399822421
2026-09-02T03:57:36.0267|INFO|CenteringSolver.cs|Center|99|Centering Solver - Scope Position: RA: 20:00:47; Dec: 22° 47' 51"; Epoch: JNOW; Offset: RA: 00:00:00; Dec: 00° 00' 00"; Distance: 00° 00' 00"; Bearing: 00° 00' 00"; Centering Coordinates: RA: 20:00:47; Dec: 22° 47' 50"; Epoch: JNOW; Solved: RA: 20:00:46; Dec: 22° 47' 50"; Epoch: JNOW; Separation RA: 00:00:01; Dec: -00° 00' 00"; Distance: 00° 00' 09"; Bearing: 87° 26' 46"; Threshold: 1
2026-09-02T03:57:36.0268|INFO|CenteringSolver.cs|Center|165|Restoring filter to Green after centering
2026-09-02T03:57:36.1467|INFO|FilterWheelVM.cs|ChangeFilter|112|Moving to Filter Green at Position 3
2026-09-02T03:57:45.0321|INFO|PHD2Guider.cs|TryStartGuideCommand|641|Phd2 - Requesting to start guiding. Recalibrate: False
2026-09-02T03:58:09.0566|INFO|SequenceItem.cs|Run|254|Finishing Category: Telescopio, Item: Center, Coordinates RA: 19:59:36; Dec: 22° 43' 16"; Epoch: J2000
2026-09-02T03:58:09.0573|INFO|MeridianFlipTrigger.cs|ShouldTrigger|211|Meridian Flip - Flip for the current target already happened at 09/01/2026 22:20:04. Skip flip evaluation
2026-09-02T03:58:09.0574|INFO|SequenceItem.cs|Run|208|Starting Category: Guida, Item: StartGuiding
2026-09-02T03:58:09.0958|INFO|PHD2Guider.cs|StartGuidingPrivate|504|Phd2 - App is already guiding. Skipping start guiding
2026-09-02T03:58:09.1001|INFO|SequenceItem.cs|Run|254|Finishing Category: Guida, Item: StartGuiding
2026-09-02T03:58:09.1520|INFO|MeridianFlipTrigger.cs|ShouldTrigger|211|Meridian Flip - Flip for the current target already happened at 09/01/2026 22:20:04. Skip flip evaluation
2026-09-02T03:58:09.1522|INFO|SequenceItem.cs|Run|208|Starting Category: Utilità, Item: WaitForTimeSpan, Time: 300s
2026-09-02T04:03:10.3119|INFO|SequenceItem.cs|Run|254|Finishing Category: Utilità, Item: WaitForTimeSpan, Time: 300s
2026-09-02T04:03:10.3477|INFO|MeridianFlipTrigger.cs|ShouldTrigger|211|Meridian Flip - Flip for the current target already happened at 09/01/2026 22:20:04. Skip flip evaluation
2026-09-02T04:03:10.3479|INFO|SequenceItem.cs|Run|208|Starting Category: Fotocamera, Container: NINA.Sequencer.SequenceItem.Imaging.SmartExposure, Strategy: SequentialStrategy, Items[CREATED]: 2, Conditions: Condition: LoopCondition, Iterations: 0/5, , Triggers: Trigger: DitherAfterExposures, After Exposures: 1
2026-09-02T04:03:10.3485|INFO|MeridianFlipTrigger.cs|ShouldTrigger|211|Meridian Flip - Flip for the current target already happened at 09/01/2026 22:20:04. Skip flip evaluation
2026-09-02T04:03:10.3486|INFO|SequenceItem.cs|Run|208|Starting Category: Ruota porta filtri, Item: SwitchFilter, Filter: Blu
2026-09-02T04:03:10.4638|INFO|FilterWheelVM.cs|ChangeFilter|112|Moving to Filter Blu at Position 4
2026-09-02T04:03:13.8144|INFO|SequenceItem.cs|Run|254|Finishing Category: Ruota porta filtri, Item: SwitchFilter, Filter: Blu
2026-09-02T04:03:13.8150|INFO|SequenceTrigger.cs|Run|114|Starting Trigger: DitherAfterExposures, After Exposures: 1
2026-09-02T04:03:13.8151|INFO|SequenceItem.cs|Run|208|Starting Category: * Set di Istruzioni *, Container: NINA.Sequencer.Container.SequentialContainer, Strategy: SequentialStrategy, Items[CREATED]: 1
2026-09-02T04:03:13.8152|INFO|SequenceItem.cs|Run|208|Starting Category: Guida, Item: Dither
2026-09-02T04:03:39.1249|INFO|SequenceItem.cs|Run|254|Finishing Category: Guida, Item: Dither
2026-09-02T04:03:39.1252|INFO|SequenceItem.cs|Run|254|Finishing Category: * Set di Istruzioni *, Container: NINA.Sequencer.Container.SequentialContainer, Strategy: SequentialStrategy, Items[FINISHED]: 1
2026-09-02T04:03:39.1258|INFO|MeridianFlipTrigger.cs|ShouldTrigger|211|Meridian Flip - Flip for the current target already happened at 09/01/2026 22:20:04. Skip flip evaluation
2026-09-02T04:03:39.1258|INFO|SequenceTrigger.cs|Run|114|Starting Trigger: RestoreGuiding
2026-09-02T04:03:39.1259|INFO|SequenceItem.cs|Run|208|Starting Category: * Set di Istruzioni *, Container: NINA.Sequencer.Container.SequentialContainer, Strategy: SequentialStrategy, Items[CREATED]: 1
2026-09-02T04:03:39.1259|INFO|SequenceItem.cs|Run|208|Starting Category: Guida, Item: StartGuiding
2026-09-02T04:03:39.1693|INFO|PHD2Guider.cs|StartGuidingPrivate|504|Phd2 - App is already guiding. Skipping start guiding
2026-09-02T04:03:39.1694|INFO|SequenceItem.cs|Run|254|Finishing Category: Guida, Item: StartGuiding
2026-09-02T04:03:39.1695|INFO|SequenceItem.cs|Run|254|Finishing Category: * Set di Istruzioni *, Container: NINA.Sequencer.Container.SequentialContainer, Strategy: SequentialStrategy, Items[FINISHED]: 1
2026-09-02T04:03:39.1749|INFO|SequenceTrigger.cs|Run|114|Starting Trigger: AutofocusAfterFilterChange
2026-09-02T04:03:39.1750|INFO|SequenceItem.cs|Run|208|Starting Category: * Set di Istruzioni *, Container: NINA.Sequencer.Container.SequentialContainer, Strategy: SequentialStrategy, Items[CREATED]: 1
2026-09-02T04:03:39.1751|INFO|SequenceItem.cs|Run|208|Starting Category: Focheggiatore, Item: RunAutofocus
2026-09-02T04:03:39.2941|INFO|FocuserMediator.cs|BroadcastAutoFocusRunStarting|92|Autofocus starting notification received
2026-09-02T04:03:41.4505|INFO|AutoFocusEngine.cs|RunAutoFocus|929|Starting AutoFocus with initial position 39196
2026-09-02T04:03:41.5752|INFO|CameraVM.cs|Capture|742|Starting Exposure - Exposure Time: 10s; Filter: Blu; Gain: 15; Offset 132; Binning: 2x2;
2026-09-02T04:03:52.8808|INFO|AutoFocusEngine.cs|StartBlindFocusPoints|769|Waiting on initial HFR analysis
2026-09-02T04:03:52.8811|INFO|FocuserVM.cs|MoveFocuserInternal|216|Moving Focuser to position 39996
2026-09-02T04:03:53.6495|INFO|HocusFocusStarDetection.cs|Detect|413|Average HFR: 2.2036970613506366, HFR MAD: 0.19774566142608485, Detected Stars 65, Region: 0
2026-09-02T04:04:01.6895|INFO|CameraVM.cs|Capture|742|Starting Exposure - Exposure Time: 10s; Filter: Blu; Gain: 15; Offset 132; Binning: 2x2;
2026-09-02T04:04:12.9969|INFO|FocuserVM.cs|MoveFocuserInternal|216|Moving Focuser to position 39796
2026-09-02T04:04:13.7927|INFO|HocusFocusStarDetection.cs|Detect|413|Average HFR: 1.8215998202082382, HFR MAD: 0.145216561713158, Detected Stars 67, Region: 0
2026-09-02T04:04:18.3237|INFO|CameraVM.cs|Capture|742|Starting Exposure - Exposure Time: 10s; Filter: Blu; Gain: 15; Offset 132; Binning: 2x2;
2026-09-02T04:04:29.6624|INFO|FocuserVM.cs|MoveFocuserInternal|216|Moving Focuser to position 39596
2026-09-02T04:04:30.3112|INFO|HocusFocusStarDetection.cs|Detect|413|Average HFR: 1.8227366441108688, HFR MAD: 0.1482632513029849, Detected Stars 60, Region: 0
2026-09-02T04:04:35.5497|INFO|CameraVM.cs|Capture|742|Starting Exposure - Exposure Time: 10s; Filter: Blu; Gain: 15; Offset 132; Binning: 2x2;
2026-09-02T04:04:46.8544|INFO|FocuserVM.cs|MoveFocuserInternal|216|Moving Focuser to position 39396
2026-09-02T04:04:47.6369|INFO|HocusFocusStarDetection.cs|Detect|413|Average HFR: 1.8119754997877986, HFR MAD: 0.119330720935368, Detected Stars 56, Region: 0
2026-09-02T04:04:52.2197|INFO|CameraVM.cs|Capture|742|Starting Exposure - Exposure Time: 10s; Filter: Blu; Gain: 15; Offset 132; Binning: 2x2;
2026-09-02T04:05:03.5410|INFO|AutoFocusEngine.cs|StartBlindFocusPoints|797|Waiting on initial focuser move analyses
2026-09-02T04:05:04.3697|INFO|HocusFocusStarDetection.cs|Detect|413|Average HFR: 1.8687769914477106, HFR MAD: 0.11558757656879948, Detected Stars 62, Region: 0
2026-09-02T04:05:04.4837|INFO|FocuserVM.cs|MoveFocuserInternal|216|Moving Focuser to position 39196
2026-09-02T04:05:09.7937|INFO|CameraVM.cs|Capture|742|Starting Exposure - Exposure Time: 10s; Filter: Blu; Gain: 15; Offset 132; Binning: 2x2;
2026-09-02T04:05:21.0992|INFO|AutoFocusEngine.cs|StartBlindFocusPoints|870|Waiting on next left movement analysis
2026-09-02T04:05:21.9371|INFO|HocusFocusStarDetection.cs|Detect|413|Average HFR: 1.9348930366954826, HFR MAD: 0.16330711156364086, Detected Stars 63, Region: 0
2026-09-02T04:05:22.0794|INFO|FocuserVM.cs|MoveFocuserInternal|216|Moving Focuser to position 38996
2026-09-02T04:05:27.4874|INFO|CameraVM.cs|Capture|742|Starting Exposure - Exposure Time: 10s; Filter: Blu; Gain: 15; Offset 132; Binning: 2x2;
2026-09-02T04:05:38.7915|INFO|AutoFocusEngine.cs|StartBlindFocusPoints|870|Waiting on next left movement analysis
2026-09-02T04:05:39.4988|INFO|HocusFocusStarDetection.cs|Detect|413|Average HFR: 2.168788872963339, HFR MAD: 0.18972853135854195, Detected Stars 64, Region: 0
2026-09-02T04:05:39.6280|INFO|FocuserVM.cs|MoveFocuserInternal|216|Moving Focuser to position 38796
2026-09-02T04:05:45.5431|INFO|CameraVM.cs|Capture|742|Starting Exposure - Exposure Time: 10s; Filter: Blu; Gain: 15; Offset 132; Binning: 2x2;
2026-09-02T04:05:56.8502|INFO|AutoFocusEngine.cs|StartBlindFocusPoints|870|Waiting on next left movement analysis
2026-09-02T04:05:57.6232|INFO|HocusFocusStarDetection.cs|Detect|413|Average HFR: 2.2186734772170036, HFR MAD: 0.16856050069763606, Detected Stars 67, Region: 0
2026-09-02T04:05:57.7178|INFO|FocuserVM.cs|MoveFocuserInternal|216|Moving Focuser to position 38596
2026-09-02T04:06:03.5601|INFO|CameraVM.cs|Capture|742|Starting Exposure - Exposure Time: 10s; Filter: Blu; Gain: 15; Offset 132; Binning: 2x2;
2026-09-02T04:06:14.8663|INFO|AutoFocusEngine.cs|StartBlindFocusPoints|870|Waiting on next left movement analysis
2026-09-02T04:06:15.5725|INFO|HocusFocusStarDetection.cs|Detect|413|Average HFR: 2.4701003232173786, HFR MAD: 0.23333139374154843, Detected Stars 57, Region: 0
2026-09-02T04:06:15.6632|INFO|FocuserVM.cs|MoveFocuserInternal|216|Moving Focuser to position 40196
2026-09-02T04:06:27.8907|INFO|CameraVM.cs|Capture|742|Starting Exposure - Exposure Time: 10s; Filter: Blu; Gain: 15; Offset 132; Binning: 2x2;
2026-09-02T04:06:39.2004|INFO|AutoFocusEngine.cs|StartBlindFocusPoints|884|Waiting on next right movement analysis
2026-09-02T04:06:39.9045|INFO|HocusFocusStarDetection.cs|Detect|413|Average HFR: 1.859627300691793, HFR MAD: 0.1527978652092541, Detected Stars 66, Region: 0
2026-09-02T04:06:40.0426|INFO|FocuserVM.cs|MoveFocuserInternal|216|Moving Focuser to position 38396
2026-09-02T04:06:53.5028|INFO|CameraVM.cs|Capture|742|Starting Exposure - Exposure Time: 10s; Filter: Blu; Gain: 15; Offset 132; Binning: 2x2;
2026-09-02T04:07:04.8103|INFO|AutoFocusEngine.cs|StartBlindFocusPoints|870|Waiting on next left movement analysis
2026-09-02T04:07:05.4579|INFO|HocusFocusStarDetection.cs|Detect|413|Average HFR: 2.637419526615053, HFR MAD: 0.2890416867744543, Detected Stars 49, Region: 0
2026-09-02T04:07:05.5775|INFO|FocuserVM.cs|MoveFocuserInternal|216|Moving Focuser to position 40396
2026-09-02T04:07:19.8288|INFO|CameraVM.cs|Capture|742|Starting Exposure - Exposure Time: 10s; Filter: Blu; Gain: 15; Offset 132; Binning: 2x2;
2026-09-02T04:07:31.1356|INFO|AutoFocusEngine.cs|StartBlindFocusPoints|884|Waiting on next right movement analysis
2026-09-02T04:07:32.0508|INFO|HocusFocusStarDetection.cs|Detect|413|Average HFR: 2.3092455307958923, HFR MAD: 0.2071657931373938, Detected Stars 63, Region: 0
2026-09-02T04:07:32.1907|INFO|AutoFocusEngine.cs|StartBlindFocusPoints|823|Enough left trend points (5) with an established minimum (39596) to queue remaining right focus points up to 40396
2026-09-02T04:07:32.1908|INFO|AutoFocusEngine.cs|StartBlindFocusPoints|896|Waiting on remaining AutoFocus analysis tasks
2026-09-02T04:07:32.1911|INFO|FocuserVM.cs|MoveFocuserInternal|216|Moving Focuser to position 39975
2026-09-02T04:07:38.3283|INFO|AutoFocusEngine.cs|ValidateCalculatedFocusPosition|1141|Validating HFR at final focus position 39975
2026-09-02T04:07:38.4422|INFO|CameraVM.cs|Capture|742|Starting Exposure - Exposure Time: 10s; Filter: Blu; Gain: 15; Offset 132; Binning: 2x2;
2026-09-02T04:07:50.4441|INFO|HocusFocusStarDetection.cs|Detect|413|Average HFR: 1.9239839183899419, HFR MAD: 0.14442674386189291, Detected Stars 64, Region: 0
2026-09-02T04:07:50.4445|INFO|HocusFocusVM.cs|AutoFocusEngine_Completed|473|AutoFocus completed with focuser starting at 39196 and ending at 39975
2026-09-02T04:07:50.4540|INFO|FocuserMediator.cs|BroadcastSuccessfulAutoFocusRun|46|Autofocus notification received - Temperature 21.25
2026-09-02T04:07:50.6232|INFO|AutoFocusEngine.cs|PerformPostAutoFocusActions|1022|Re-enabling temperature compensation after AutoFocus
2026-09-02T04:07:50.6613|INFO|PHD2Guider.cs|TryStartGuideCommand|641|Phd2 - Requesting to start guiding. Recalibrate: False
2026-09-02T04:08:14.6072|INFO|SequenceItem.cs|Run|254|Finishing Category: Focheggiatore, Item: RunAutofocus
2026-09-02T04:08:14.6074|INFO|SequenceItem.cs|Run|254|Finishing Category: * Set di Istruzioni *, Container: NINA.Sequencer.Container.SequentialContainer, Strategy: SequentialStrategy, Items[FINISHED]: 1
2026-09-02T04:08:14.6076|INFO|SequenceItem.cs|Run|208|Starting Category: Fotocamera, Item: TakeExposure, ExposureTime 600, Gain 15, Offset 132, ImageType LIGHT, Binning 1x1
2026-09-02T04:08:14.6081|INFO|CameraVM.cs|Capture|742|Starting Exposure - Exposure Time: 600s; Filter: ; Gain: 15; Offset 132; Binning: 1x1;
2026-09-02T04:08:56.5881|WARNING|DeviceUpdateTimer.cs|Run|115|Dome value update cycle took longer than the device poll interval (Total: 3.25s > 2s; Poll: 00:00:00.0316871; Update: 00:00:03.2151584)
2026-09-02T04:18:20.8154|WARNING|DeviceUpdateTimer.cs|Run|115|Camera value update cycle took longer than the device poll interval (Total: 11.44s > 2s; Poll: 00:00:11.4294776; Update: 00:00:00.0129039)
2026-09-02T04:18:20.8252|INFO|SequenceItem.cs|Run|254|Finishing Category: Fotocamera, Item: TakeExposure, ExposureTime 600, Gain 15, Offset 132, ImageType LIGHT, Binning 1x1
2026-09-02T04:18:20.8259|INFO|MeridianFlipTrigger.cs|ShouldTrigger|211|Meridian Flip - Flip for the current target already happened at 09/01/2026 22:20:04. Skip flip evaluation
2026-09-02T04:18:20.8260|INFO|SequenceItem.cs|Run|208|Starting Category: Ruota porta filtri, Item: SwitchFilter, Filter: Blu
2026-09-02T04:18:20.9378|INFO|SequenceItem.cs|Run|254|Finishing Category: Ruota porta filtri, Item: SwitchFilter, Filter: Blu
2026-09-02T04:18:20.9381|INFO|SequenceTrigger.cs|Run|114|Starting Trigger: DitherAfterExposures, After Exposures: 1
2026-09-02T04:18:20.9382|INFO|SequenceItem.cs|Run|208|Starting Category: * Set di Istruzioni *, Container: NINA.Sequencer.Container.SequentialContainer, Strategy: SequentialStrategy, Items[CREATED]: 1
2026-09-02T04:18:20.9383|INFO|SequenceItem.cs|Run|208|Starting Category: Guida, Item: Dither
2026-09-02T04:18:22.7083|INFO|HocusFocusStarDetection.cs|Detect|413|Average HFR: 3.551973737893453, HFR MAD: 0.388857549441195, Detected Stars 85, Region: 0
2026-09-02T04:18:23.4384|INFO|BaseImageData.cs|SaveToDisk|346|Saved image to D:\Images NINA\Target\LIGHT_1x1_600.00s_15_132_M 27_Celestron C8__-9.96C_Blu_0024_2026-09-02_04-08-14_FWHM_5.89_Fok_39975.xisf
2026-09-02T04:18:23.4385|INFO|ImageSaveController.cs|DoWork|97|Successfully saved file at D:\Images NINA\Target\LIGHT_1x1_600.00s_15_132_M 27_Celestron C8__-9.96C_Blu_0024_2026-09-02_04-08-14_FWHM_5.89_Fok_39975.xisf. Duration Total: 00:00:02.3378069; BeforeSave: 00:00:00.0001106; BeforeFinalizeImageSaved: 00:00:02.3069781; FinalizeSaveTime: 00:00:00.0307176
2026-09-02T04:18:39.5563|INFO|SequenceItem.cs|Run|254|Finishing Category: Guida, Item: Dither
2026-09-02T04:18:39.5565|INFO|SequenceItem.cs|Run|254|Finishing Category: * Set di Istruzioni *, Container: NINA.Sequencer.Container.SequentialContainer, Strategy: SequentialStrategy, Items[FINISHED]: 1
2026-09-02T04:18:39.5572|INFO|MeridianFlipTrigger.cs|ShouldTrigger|211|Meridian Flip - Flip for the current target already happened at 09/01/2026 22:20:04. Skip flip evaluation
2026-09-02T04:18:39.5573|INFO|SequenceTrigger.cs|Run|114|Starting Trigger: RestoreGuiding
2026-09-02T04:18:39.5573|INFO|SequenceItem.cs|Run|208|Starting Category: * Set di Istruzioni *, Container: NINA.Sequencer.Container.SequentialContainer, Strategy: SequentialStrategy, Items[CREATED]: 1
2026-09-02T04:18:39.5574|INFO|SequenceItem.cs|Run|208|Starting Category: Guida, Item: StartGuiding
2026-09-02T04:18:39.5874|INFO|PHD2Guider.cs|StartGuidingPrivate|504|Phd2 - App is already guiding. Skipping start guiding
2026-09-02T04:18:39.5933|INFO|SequenceItem.cs|Run|254|Finishing Category: Guida, Item: StartGuiding
2026-09-02T04:18:39.5940|INFO|SequenceItem.cs|Run|254|Finishing Category: * Set di Istruzioni *, Container: NINA.Sequencer.Container.SequentialContainer, Strategy: SequentialStrategy, Items[FINISHED]: 1
2026-09-02T04:18:39.6205|INFO|SequenceItem.cs|Run|208|Starting Category: Fotocamera, Item: TakeExposure, ExposureTime 600, Gain 15, Offset 132, ImageType LIGHT, Binning 1x1
2026-09-02T04:18:39.6212|INFO|CameraVM.cs|Capture|742|Starting Exposure - Exposure Time: 600s; Filter: ; Gain: 15; Offset 132; Binning: 1x1;
2026-09-02T04:28:37.9421|WARNING|DeviceUpdateTimer.cs|Run|115|Dome value update cycle took longer than the device poll interval (Total: 2.54s > 2s; Poll: 00:00:00.0080718; Update: 00:00:02.5329539)
2026-09-02T04:28:45.7841|WARNING|DeviceUpdateTimer.cs|Run|115|Camera value update cycle took longer than the device poll interval (Total: 10.47s > 2s; Poll: 00:00:10.4670703; Update: 00:00:00.0002025)
2026-09-02T04:28:45.8490|INFO|SequenceItem.cs|Run|254|Finishing Category: Fotocamera, Item: TakeExposure, ExposureTime 600, Gain 15, Offset 132, ImageType LIGHT, Binning 1x1
2026-09-02T04:28:45.8499|INFO|MeridianFlipTrigger.cs|ShouldTrigger|211|Meridian Flip - Flip for the current target already happened at 09/01/2026 22:20:04. Skip flip evaluation
2026-09-02T04:28:45.8499|INFO|SequenceItem.cs|Run|208|Starting Category: Ruota porta filtri, Item: SwitchFilter, Filter: Blu
2026-09-02T04:28:45.9616|INFO|SequenceItem.cs|Run|254|Finishing Category: Ruota porta filtri, Item: SwitchFilter, Filter: Blu
2026-09-02T04:28:45.9619|INFO|SequenceTrigger.cs|Run|114|Starting Trigger: DitherAfterExposures, After Exposures: 1
2026-09-02T04:28:45.9620|INFO|SequenceItem.cs|Run|208|Starting Category: * Set di Istruzioni *, Container: NINA.Sequencer.Container.SequentialContainer, Strategy: SequentialStrategy, Items[CREATED]: 1
2026-09-02T04:28:45.9621|INFO|SequenceItem.cs|Run|208|Starting Category: Guida, Item: Dither
2026-09-02T04:28:48.0276|INFO|HocusFocusStarDetection.cs|Detect|413|Average HFR: 3.835653765798566, HFR MAD: 0.4492740369537036, Detected Stars 72, Region: 0
2026-09-02T04:28:48.5279|INFO|BaseImageData.cs|SaveToDisk|346|Saved image to D:\Images NINA\Target\LIGHT_1x1_600.00s_15_132_M 27_Celestron C8__-9.96C_Blu_0025_2026-09-02_04-18-39_FWHM_5.96_Fok_39975.xisf
2026-09-02T04:28:48.5280|INFO|ImageSaveController.cs|DoWork|97|Successfully saved file at D:\Images NINA\Target\LIGHT_1x1_600.00s_15_132_M 27_Celestron C8__-9.96C_Blu_0025_2026-09-02_04-18-39_FWHM_5.96_Fok_39975.xisf. Duration Total: 00:00:02.3255674; BeforeSave: 00:00:00.0000934; BeforeFinalizeImageSaved: 00:00:02.2997981; FinalizeSaveTime: 00:00:00.0256752
2026-09-02T04:29:04.0411|INFO|SequenceItem.cs|Run|254|Finishing Category: Guida, Item: Dither
2026-09-02T04:29:04.0421|INFO|SequenceItem.cs|Run|254|Finishing Category: * Set di Istruzioni *, Container: NINA.Sequencer.Container.SequentialContainer, Strategy: SequentialStrategy, Items[FINISHED]: 1
2026-09-02T04:29:04.0432|INFO|MeridianFlipTrigger.cs|ShouldTrigger|211|Meridian Flip - Flip for the current target already happened at 09/01/2026 22:20:04. Skip flip evaluation
2026-09-02T04:29:04.0433|INFO|SequenceTrigger.cs|Run|114|Starting Trigger: RestoreGuiding
2026-09-02T04:29:04.0434|INFO|SequenceItem.cs|Run|208|Starting Category: * Set di Istruzioni *, Container: NINA.Sequencer.Container.SequentialContainer, Strategy: SequentialStrategy, Items[CREATED]: 1
2026-09-02T04:29:04.0434|INFO|SequenceItem.cs|Run|208|Starting Category: Guida, Item: StartGuiding
2026-09-02T04:29:04.0809|INFO|PHD2Guider.cs|StartGuidingPrivate|504|Phd2 - App is already guiding. Skipping start guiding
2026-09-02T04:29:04.0811|INFO|SequenceItem.cs|Run|254|Finishing Category: Guida, Item: StartGuiding
2026-09-02T04:29:04.0812|INFO|SequenceItem.cs|Run|254|Finishing Category: * Set di Istruzioni *, Container: NINA.Sequencer.Container.SequentialContainer, Strategy: SequentialStrategy, Items[FINISHED]: 1
2026-09-02T04:29:04.0999|INFO|SequenceItem.cs|Run|208|Starting Category: Fotocamera, Item: TakeExposure, ExposureTime 600, Gain 15, Offset 132, ImageType LIGHT, Binning 1x1
2026-09-02T04:29:04.1007|INFO|CameraVM.cs|Capture|742|Starting Exposure - Exposure Time: 600s; Filter: ; Gain: 15; Offset 132; Binning: 1x1;
2026-09-02T04:39:10.2849|INFO|SequenceItem.cs|Run|254|Finishing Category: Fotocamera, Item: TakeExposure, ExposureTime 600, Gain 15, Offset 132, ImageType LIGHT, Binning 1x1
2026-09-02T04:39:10.2858|INFO|MeridianFlipTrigger.cs|ShouldTrigger|211|Meridian Flip - Flip for the current target already happened at 09/01/2026 22:20:04. Skip flip evaluation
2026-09-02T04:39:10.2859|INFO|SequenceItem.cs|Run|208|Starting Category: Ruota porta filtri, Item: SwitchFilter, Filter: Blu
2026-09-02T04:39:10.2862|WARNING|DeviceUpdateTimer.cs|Run|115|Camera value update cycle took longer than the device poll interval (Total: 10.96s > 2s; Poll: 00:00:10.9560687; Update: 00:00:00.0000538)
2026-09-02T04:39:10.4084|INFO|SequenceItem.cs|Run|254|Finishing Category: Ruota porta filtri, Item: SwitchFilter, Filter: Blu
2026-09-02T04:39:10.4087|INFO|SequenceTrigger.cs|Run|114|Starting Trigger: DitherAfterExposures, After Exposures: 1
2026-09-02T04:39:10.4088|INFO|SequenceItem.cs|Run|208|Starting Category: * Set di Istruzioni *, Container: NINA.Sequencer.Container.SequentialContainer, Strategy: SequentialStrategy, Items[CREATED]: 1
2026-09-02T04:39:10.4089|INFO|SequenceItem.cs|Run|208|Starting Category: Guida, Item: Dither
2026-09-02T04:39:12.7555|INFO|HocusFocusStarDetection.cs|Detect|413|Average HFR: 3.7542464417345416, HFR MAD: 0.42509270902660257, Detected Stars 69, Region: 0
2026-09-02T04:39:13.1616|INFO|BaseImageData.cs|SaveToDisk|346|Saved image to D:\Images NINA\Target\LIGHT_1x1_600.00s_15_132_M 27_Celestron C8__-9.96C_Blu_0026_2026-09-02_04-29-04_FWHM_6.45_Fok_39975.xisf
2026-09-02T04:39:13.1618|INFO|ImageSaveController.cs|DoWork|97|Successfully saved file at D:\Images NINA\Target\LIGHT_1x1_600.00s_15_132_M 27_Celestron C8__-9.96C_Blu_0026_2026-09-02_04-29-04_FWHM_6.45_Fok_39975.xisf. Duration Total: 00:00:02.5851551; BeforeSave: 00:00:00.0493990; BeforeFinalizeImageSaved: 00:00:02.5165331; FinalizeSaveTime: 00:00:00.0192222
2026-09-02T04:39:27.4950|INFO|SequenceItem.cs|Run|254|Finishing Category: Guida, Item: Dither
2026-09-02T04:39:27.4970|INFO|SequenceItem.cs|Run|254|Finishing Category: * Set di Istruzioni *, Container: NINA.Sequencer.Container.SequentialContainer, Strategy: SequentialStrategy, Items[FINISHED]: 1
2026-09-02T04:39:27.5001|INFO|MeridianFlipTrigger.cs|ShouldTrigger|211|Meridian Flip - Flip for the current target already happened at 09/01/2026 22:20:04. Skip flip evaluation
2026-09-02T04:39:27.5002|INFO|SequenceTrigger.cs|Run|114|Starting Trigger: RestoreGuiding
2026-09-02T04:39:27.5003|INFO|SequenceItem.cs|Run|208|Starting Category: * Set di Istruzioni *, Container: NINA.Sequencer.Container.SequentialContainer, Strategy: SequentialStrategy, Items[CREATED]: 1
2026-09-02T04:39:27.5004|INFO|SequenceItem.cs|Run|208|Starting Category: Guida, Item: StartGuiding
2026-09-02T04:39:27.5467|INFO|PHD2Guider.cs|StartGuidingPrivate|504|Phd2 - App is already guiding. Skipping start guiding
2026-09-02T04:39:27.5469|INFO|SequenceItem.cs|Run|254|Finishing Category: Guida, Item: StartGuiding
2026-09-02T04:39:27.5470|INFO|SequenceItem.cs|Run|254|Finishing Category: * Set di Istruzioni *, Container: NINA.Sequencer.Container.SequentialContainer, Strategy: SequentialStrategy, Items[FINISHED]: 1
2026-09-02T04:39:27.5605|INFO|AutofocusAfterHFRIncreaseTrigger.cs|ShouldTrigger|221|Autofocus after HFR change should be triggered, as current HFR trend is 7.41% higher compared to threshold of 5%
2026-09-02T04:39:27.5607|INFO|SequenceTrigger.cs|Run|114|Starting Trigger: AutofocusAfterHFRIncreaseTrigger, Amount: 5
2026-09-02T04:39:27.5608|INFO|SequenceItem.cs|Run|208|Starting Category: * Set di Istruzioni *, Container: NINA.Sequencer.Container.SequentialContainer, Strategy: SequentialStrategy, Items[CREATED]: 1
2026-09-02T04:39:27.5609|INFO|SequenceItem.cs|Run|208|Starting Category: Focheggiatore, Item: RunAutofocus
2026-09-02T04:39:27.7385|INFO|FocuserMediator.cs|BroadcastAutoFocusRunStarting|92|Autofocus starting notification received
2026-09-02T04:39:28.9109|INFO|AutoFocusEngine.cs|RunAutoFocus|929|Starting AutoFocus with initial position 39975
2026-09-02T04:39:29.0235|INFO|CameraVM.cs|Capture|742|Starting Exposure - Exposure Time: 10s; Filter: Blu; Gain: 15; Offset 132; Binning: 2x2;
2026-09-02T04:39:40.3336|INFO|AutoFocusEngine.cs|StartBlindFocusPoints|769|Waiting on initial HFR analysis
2026-09-02T04:39:40.3372|INFO|FocuserVM.cs|MoveFocuserInternal|216|Moving Focuser to position 40775
2026-09-02T04:39:41.2006|INFO|HocusFocusStarDetection.cs|Detect|413|Average HFR: 1.9346604652725885, HFR MAD: 0.16068937459495958, Detected Stars 47, Region: 0
2026-09-02T04:39:49.5567|INFO|CameraVM.cs|Capture|742|Starting Exposure - Exposure Time: 10s; Filter: Blu; Gain: 15; Offset 132; Binning: 2x2;
2026-09-02T04:40:00.8649|INFO|FocuserVM.cs|MoveFocuserInternal|216|Moving Focuser to position 40575
2026-09-02T04:40:01.6465|INFO|HocusFocusStarDetection.cs|Detect|413|Average HFR: 2.2045435680675345, HFR MAD: 0.19338790122761962, Detected Stars 47, Region: 0
2026-09-02T04:40:06.1332|INFO|CameraVM.cs|Capture|742|Starting Exposure - Exposure Time: 10s; Filter: Blu; Gain: 15; Offset 132; Binning: 2x2;
2026-09-02T04:40:17.4889|INFO|FocuserVM.cs|MoveFocuserInternal|216|Moving Focuser to position 40375
2026-09-02T04:40:18.2723|INFO|HocusFocusStarDetection.cs|Detect|413|Average HFR: 2.123821976609716, HFR MAD: 0.18959816167864485, Detected Stars 45, Region: 0
2026-09-02T04:40:23.4955|INFO|CameraVM.cs|Capture|742|Starting Exposure - Exposure Time: 10s; Filter: Blu; Gain: 15; Offset 132; Binning: 2x2;
2026-09-02T04:40:34.8059|INFO|FocuserVM.cs|MoveFocuserInternal|216|Moving Focuser to position 40175
2026-09-02T04:40:35.4986|INFO|HocusFocusStarDetection.cs|Detect|413|Average HFR: 2.1630025139506057, HFR MAD: 0.20701444016564374, Detected Stars 48, Region: 0
2026-09-02T04:40:40.0840|INFO|CameraVM.cs|Capture|742|Starting Exposure - Exposure Time: 10s; Filter: Blu; Gain: 15; Offset 132; Binning: 2x2;
2026-09-02T04:40:51.3908|INFO|AutoFocusEngine.cs|StartBlindFocusPoints|797|Waiting on initial focuser move analyses
2026-09-02T04:40:52.0991|INFO|HocusFocusStarDetection.cs|Detect|413|Average HFR: 2.0981177333600978, HFR MAD: 0.20482068680939758, Detected Stars 50, Region: 0
2026-09-02T04:40:52.1222|INFO|FocuserVM.cs|MoveFocuserInternal|216|Moving Focuser to position 39975
2026-09-02T04:40:57.4997|INFO|CameraVM.cs|Capture|742|Starting Exposure - Exposure Time: 10s; Filter: Blu; Gain: 15; Offset 132; Binning: 2x2;
2026-09-02T04:41:08.8041|INFO|AutoFocusEngine.cs|StartBlindFocusPoints|870|Waiting on next left movement analysis
2026-09-02T04:41:09.5477|INFO|HocusFocusStarDetection.cs|Detect|413|Average HFR: 1.9197384200928507, HFR MAD: 0.158782500161456, Detected Stars 46, Region: 0
2026-09-02T04:41:09.6617|INFO|FocuserVM.cs|MoveFocuserInternal|216|Moving Focuser to position 39775
2026-09-02T04:41:11.9059|WARNING|DeviceUpdateTimer.cs|Run|115|Dome value update cycle took longer than the device poll interval (Total: 2.59s > 2s; Poll: 00:00:00.0024768; Update: 00:00:02.5861009)
2026-09-02T04:41:15.5219|INFO|CameraVM.cs|Capture|742|Starting Exposure - Exposure Time: 10s; Filter: Blu; Gain: 15; Offset 132; Binning: 2x2;
2026-09-02T04:41:26.8271|INFO|AutoFocusEngine.cs|StartBlindFocusPoints|870|Waiting on next left movement analysis
2026-09-02T04:41:27.5146|INFO|HocusFocusStarDetection.cs|Detect|413|Average HFR: 1.8245328390318452, HFR MAD: 0.10911298010318382, Detected Stars 42, Region: 0
2026-09-02T04:41:27.5611|INFO|FocuserVM.cs|MoveFocuserInternal|216|Moving Focuser to position 39575
2026-09-02T04:41:33.4829|INFO|CameraVM.cs|Capture|742|Starting Exposure - Exposure Time: 10s; Filter: Blu; Gain: 15; Offset 132; Binning: 2x2;
2026-09-02T04:41:44.7939|INFO|AutoFocusEngine.cs|StartBlindFocusPoints|870|Waiting on next left movement analysis
2026-09-02T04:41:45.5350|INFO|HocusFocusStarDetection.cs|Detect|413|Average HFR: 1.9301248834789992, HFR MAD: 0.10565872944692667, Detected Stars 41, Region: 0
2026-09-02T04:41:45.5658|INFO|AutoFocusEngine.cs|StartBlindFocusPoints|841|Enough right trend points (4) with an established minimum (39775) to queue remaining left focus points down to 38975
2026-09-02T04:41:45.5661|INFO|FocuserVM.cs|MoveFocuserInternal|216|Moving Focuser to position 39375
2026-09-02T04:41:51.5432|INFO|CameraVM.cs|Capture|742|Starting Exposure - Exposure Time: 10s; Filter: Blu; Gain: 15; Offset 132; Binning: 2x2;
2026-09-02T04:42:02.8470|INFO|FocuserVM.cs|MoveFocuserInternal|216|Moving Focuser to position 39175
2026-09-02T04:42:03.5897|INFO|HocusFocusStarDetection.cs|Detect|413|Average HFR: 1.9403093365192554, HFR MAD: 0.1746113458956713, Detected Stars 43, Region: 0
2026-09-02T04:42:08.1695|INFO|CameraVM.cs|Capture|742|Starting Exposure - Exposure Time: 10s; Filter: Blu; Gain: 15; Offset 132; Binning: 2x2;
2026-09-02T04:42:19.4905|INFO|FocuserVM.cs|MoveFocuserInternal|216|Moving Focuser to position 38975
2026-09-02T04:42:20.2077|INFO|HocusFocusStarDetection.cs|Detect|413|Average HFR: 2.016421912644121, HFR MAD: 0.22373782863940006, Detected Stars 46, Region: 0
2026-09-02T04:42:25.5348|INFO|CameraVM.cs|Capture|742|Starting Exposure - Exposure Time: 10s; Filter: Blu; Gain: 15; Offset 132; Binning: 2x2;
2026-09-02T04:42:36.8509|INFO|AutoFocusEngine.cs|StartBlindFocusPoints|896|Waiting on remaining AutoFocus analysis tasks
2026-09-02T04:42:37.6158|INFO|HocusFocusStarDetection.cs|Detect|413|Average HFR: 2.211490037006362, HFR MAD: 0.32369297655705775, Detected Stars 44, Region: 0
2026-09-02T04:42:37.6632|INFO|FocuserVM.cs|MoveFocuserInternal|216|Moving Focuser to position 39756
2026-09-02T04:42:45.9947|INFO|AutoFocusEngine.cs|ValidateCalculatedFocusPosition|1141|Validating HFR at final focus position 39756
2026-09-02T04:42:46.1077|INFO|CameraVM.cs|Capture|742|Starting Exposure - Exposure Time: 10s; Filter: Blu; Gain: 15; Offset 132; Binning: 2x2;
2026-09-02T04:42:58.1479|INFO|HocusFocusStarDetection.cs|Detect|413|Average HFR: 1.9998683876055905, HFR MAD: 0.1806330434928527, Detected Stars 40, Region: 0
2026-09-02T04:42:58.1743|INFO|HocusFocusVM.cs|AutoFocusEngine_Completed|473|AutoFocus completed with focuser starting at 39975 and ending at 39756
2026-09-02T04:42:58.1762|INFO|FocuserMediator.cs|BroadcastSuccessfulAutoFocusRun|46|Autofocus notification received - Temperature 21
2026-09-02T04:42:58.3573|INFO|AutoFocusEngine.cs|PerformPostAutoFocusActions|1022|Re-enabling temperature compensation after AutoFocus
2026-09-02T04:42:58.3996|INFO|PHD2Guider.cs|TryStartGuideCommand|641|Phd2 - Requesting to start guiding. Recalibrate: False
2026-09-02T04:43:22.5158|INFO|SequenceItem.cs|Run|254|Finishing Category: Focheggiatore, Item: RunAutofocus
2026-09-02T04:43:22.5160|INFO|SequenceItem.cs|Run|254|Finishing Category: * Set di Istruzioni *, Container: NINA.Sequencer.Container.SequentialContainer, Strategy: SequentialStrategy, Items[FINISHED]: 1
2026-09-02T04:43:22.5161|INFO|SequenceItem.cs|Run|208|Starting Category: Fotocamera, Item: TakeExposure, ExposureTime 600, Gain 15, Offset 132, ImageType LIGHT, Binning 1x1
2026-09-02T04:43:22.5166|INFO|CameraVM.cs|Capture|742|Starting Exposure - Exposure Time: 600s; Filter: ; Gain: 15; Offset 132; Binning: 1x1;
2026-09-02T04:51:35.9063|WARNING|DeviceUpdateTimer.cs|Run|115|Dome value update cycle took longer than the device poll interval (Total: 2.24s > 2s; Poll: 00:00:00.0158625; Update: 00:00:02.2210377)
2026-09-02T04:53:28.7114|WARNING|DeviceUpdateTimer.cs|Run|115|Camera value update cycle took longer than the device poll interval (Total: 11.26s > 2s; Poll: 00:00:11.2631980; Update: 00:00:00.0001281)
2026-09-02T04:53:28.7120|INFO|SequenceItem.cs|Run|254|Finishing Category: Fotocamera, Item: TakeExposure, ExposureTime 600, Gain 15, Offset 132, ImageType LIGHT, Binning 1x1
2026-09-02T04:53:28.7128|INFO|MeridianFlipTrigger.cs|ShouldTrigger|211|Meridian Flip - Flip for the current target already happened at 09/01/2026 22:20:04. Skip flip evaluation
2026-09-02T04:53:28.7128|INFO|SequenceItem.cs|Run|208|Starting Category: Ruota porta filtri, Item: SwitchFilter, Filter: Blu
2026-09-02T04:53:28.8356|INFO|SequenceItem.cs|Run|254|Finishing Category: Ruota porta filtri, Item: SwitchFilter, Filter: Blu
2026-09-02T04:53:28.8359|INFO|SequenceTrigger.cs|Run|114|Starting Trigger: DitherAfterExposures, After Exposures: 1
2026-09-02T04:53:28.8359|INFO|SequenceItem.cs|Run|208|Starting Category: * Set di Istruzioni *, Container: NINA.Sequencer.Container.SequentialContainer, Strategy: SequentialStrategy, Items[CREATED]: 1
2026-09-02T04:53:28.8360|INFO|SequenceItem.cs|Run|208|Starting Category: Guida, Item: Dither
2026-09-02T04:53:29.0269|INFO|ImageSolver.cs|Solve|41|Platesolving with parameters: FocalLength: 1260 PixelSize: 4.54 SearchRadius: 30 BlindFailoverEnabled: True Regions: 5000 DownSampleFactor: 2 MaxObjects: 500 Reference Coordinates RA: 19:59:38 Dec: 22° 46' 10" Epoch: J2000
2026-09-02T04:53:29.4888|INFO|BaseImageData.cs|SaveToDisk|346|Saved image to C:\Users\PrimaLuceLab\AppData\Local\NINA\PlateSolver\dodmnnoz.xwr.fits
2026-09-02T04:53:30.6589|INFO|HocusFocusStarDetection.cs|Detect|413|Average HFR: 5.063355623109853, HFR MAD: 0.32095944632572326, Detected Stars 7, Region: 0
2026-09-02T04:53:31.2794|INFO|ImageSolver.cs|Solve|54|Platesolve successful: Coordinates: RA: 19:59:31; Dec: 22° 44' 00"; Epoch: J2000 - Position Angle: 89.53924232621961
2026-09-02T04:53:31.2796|INFO|CenterAfterDriftTrigger.cs|PlatesolvingImageFollower_PropertyChanged|189|Drift: 1.3658666065618645 / 3 arc minutes
2026-09-02T04:53:31.3089|INFO|BaseImageData.cs|SaveToDisk|346|Saved image to D:\Images NINA\Target\LIGHT_1x1_600.00s_15_132_M 27_Celestron C8__-9.96C_Blu_0027_2026-09-02_04-43-22_FWHM_6.92_Fok_39756.xisf
2026-09-02T04:53:31.3090|INFO|ImageSaveController.cs|DoWork|97|Successfully saved file at D:\Images NINA\Target\LIGHT_1x1_600.00s_15_132_M 27_Celestron C8__-9.96C_Blu_0027_2026-09-02_04-43-22_FWHM_6.92_Fok_39756.xisf. Duration Total: 00:00:02.2822806; BeforeSave: 00:00:00.0000720; BeforeFinalizeImageSaved: 00:00:02.2451617; FinalizeSaveTime: 00:00:00.0370460
2026-09-02T04:53:52.3023|INFO|SequenceItem.cs|Run|254|Finishing Category: Guida, Item: Dither
2026-09-02T04:53:52.3026|INFO|SequenceItem.cs|Run|254|Finishing Category: * Set di Istruzioni *, Container: NINA.Sequencer.Container.SequentialContainer, Strategy: SequentialStrategy, Items[FINISHED]: 1
2026-09-02T04:53:52.3031|INFO|MeridianFlipTrigger.cs|ShouldTrigger|211|Meridian Flip - Flip for the current target already happened at 09/01/2026 22:20:04. Skip flip evaluation
2026-09-02T04:53:52.3032|INFO|SequenceTrigger.cs|Run|114|Starting Trigger: RestoreGuiding
2026-09-02T04:53:52.3034|INFO|SequenceItem.cs|Run|208|Starting Category: * Set di Istruzioni *, Container: NINA.Sequencer.Container.SequentialContainer, Strategy: SequentialStrategy, Items[CREATED]: 1
2026-09-02T04:53:52.3035|INFO|SequenceItem.cs|Run|208|Starting Category: Guida, Item: StartGuiding
2026-09-02T04:53:52.3481|INFO|PHD2Guider.cs|StartGuidingPrivate|504|Phd2 - App is already guiding. Skipping start guiding
2026-09-02T04:53:52.3483|INFO|SequenceItem.cs|Run|254|Finishing Category: Guida, Item: StartGuiding
2026-09-02T04:53:52.3484|INFO|SequenceItem.cs|Run|254|Finishing Category: * Set di Istruzioni *, Container: NINA.Sequencer.Container.SequentialContainer, Strategy: SequentialStrategy, Items[FINISHED]: 1
2026-09-02T04:53:52.3486|INFO|SequenceItem.cs|Run|208|Starting Category: Fotocamera, Item: TakeExposure, ExposureTime 600, Gain 15, Offset 132, ImageType LIGHT, Binning 1x1
2026-09-02T04:53:52.3489|INFO|CameraVM.cs|Capture|742|Starting Exposure - Exposure Time: 600s; Filter: ; Gain: 15; Offset 132; Binning: 1x1;
2026-09-02T05:03:58.5218|WARNING|DeviceUpdateTimer.cs|Run|115|Camera value update cycle took longer than the device poll interval (Total: 11.21s > 2s; Poll: 00:00:11.2081041; Update: 00:00:00.0001854)
2026-09-02T05:03:58.5228|INFO|SequenceItem.cs|Run|254|Finishing Category: Fotocamera, Item: TakeExposure, ExposureTime 600, Gain 15, Offset 132, ImageType LIGHT, Binning 1x1
2026-09-02T05:03:58.5229|INFO|LoopCondition.cs|Check|75|LoopCondition finished. Iterations: 5 / 5
2026-09-02T05:03:58.5230|INFO|SequenceItem.cs|Run|254|Finishing Category: Fotocamera, Container: NINA.Sequencer.SequenceItem.Imaging.SmartExposure, Strategy: SequentialStrategy, Items[FINISHED]: 2, Conditions: Condition: LoopCondition, Iterations: 5/5, , Triggers: Trigger: DitherAfterExposures, After Exposures: 1
2026-09-02T05:03:58.5236|INFO|MeridianFlipTrigger.cs|ShouldTrigger|211|Meridian Flip - Flip for the current target already happened at 09/01/2026 22:20:04. Skip flip evaluation
2026-09-02T05:03:58.5237|INFO|SequenceItem.cs|Run|208|Starting Category: Fotocamera, Container: NINA.Sequencer.SequenceItem.Imaging.SmartExposure, Strategy: SequentialStrategy, Items[CREATED]: 2, Conditions: Condition: LoopCondition, Iterations: 0/5, , Triggers: Trigger: DitherAfterExposures, After Exposures: 1
2026-09-02T05:03:58.5243|INFO|MeridianFlipTrigger.cs|ShouldTrigger|211|Meridian Flip - Flip for the current target already happened at 09/01/2026 22:20:04. Skip flip evaluation
2026-09-02T05:03:58.5243|INFO|SequenceItem.cs|Run|208|Starting Category: Ruota porta filtri, Item: SwitchFilter, Filter: Red
2026-09-02T05:03:58.7893|INFO|FilterWheelVM.cs|ChangeFilter|112|Moving to Filter Red at Position 2
2026-09-02T05:04:00.2255|INFO|HocusFocusStarDetection.cs|Detect|413|Average HFR: 5.036907520405301, HFR MAD: 0.6351689374302651, Detected Stars 26, Region: 0
2026-09-02T05:04:00.7569|INFO|BaseImageData.cs|SaveToDisk|346|Saved image to D:\Images NINA\Target\LIGHT_1x1_600.00s_15_132_M 27_Celestron C8__-9.96C_Blu_0028_2026-09-02_04-53-52_FWHM_NaN_Fok_39756.xisf
2026-09-02T05:04:00.7570|INFO|ImageSaveController.cs|DoWork|97|Successfully saved file at D:\Images NINA\Target\LIGHT_1x1_600.00s_15_132_M 27_Celestron C8__-9.96C_Blu_0028_2026-09-02_04-53-52_FWHM_NaN_Fok_39756.xisf. Duration Total: 00:00:01.8533734; BeforeSave: 00:00:00.0390641; BeforeFinalizeImageSaved: 00:00:01.7886362; FinalizeSaveTime: 00:00:00.0256724
2026-09-02T05:04:16.5798|INFO|SequenceItem.cs|Run|254|Finishing Category: Ruota porta filtri, Item: SwitchFilter, Filter: Red
2026-09-02T05:04:16.5802|INFO|SequenceTrigger.cs|Run|114|Starting Trigger: DitherAfterExposures, After Exposures: 1
2026-09-02T05:04:16.5803|INFO|SequenceItem.cs|Run|208|Starting Category: * Set di Istruzioni *, Container: NINA.Sequencer.Container.SequentialContainer, Strategy: SequentialStrategy, Items[CREATED]: 1
2026-09-02T05:04:16.5803|INFO|SequenceItem.cs|Run|208|Starting Category: Guida, Item: Dither
2026-09-02T05:04:33.2283|INFO|SequenceItem.cs|Run|254|Finishing Category: Guida, Item: Dither
2026-09-02T05:04:33.2285|INFO|SequenceItem.cs|Run|254|Finishing Category: * Set di Istruzioni *, Container: NINA.Sequencer.Container.SequentialContainer, Strategy: SequentialStrategy, Items[FINISHED]: 1
2026-09-02T05:04:33.2290|INFO|MeridianFlipTrigger.cs|ShouldTrigger|211|Meridian Flip - Flip for the current target already happened at 09/01/2026 22:20:04. Skip flip evaluation
2026-09-02T05:04:33.2291|INFO|SequenceTrigger.cs|Run|114|Starting Trigger: RestoreGuiding
2026-09-02T05:04:33.2291|INFO|SequenceItem.cs|Run|208|Starting Category: * Set di Istruzioni *, Container: NINA.Sequencer.Container.SequentialContainer, Strategy: SequentialStrategy, Items[CREATED]: 1
2026-09-02T05:04:33.2292|INFO|SequenceItem.cs|Run|208|Starting Category: Guida, Item: StartGuiding
2026-09-02T05:04:33.2853|INFO|PHD2Guider.cs|StartGuidingPrivate|504|Phd2 - App is already guiding. Skipping start guiding
2026-09-02T05:04:33.2855|INFO|SequenceItem.cs|Run|254|Finishing Category: Guida, Item: StartGuiding
2026-09-02T05:04:33.2856|INFO|SequenceItem.cs|Run|254|Finishing Category: * Set di Istruzioni *, Container: NINA.Sequencer.Container.SequentialContainer, Strategy: SequentialStrategy, Items[FINISHED]: 1
2026-09-02T05:04:33.2918|INFO|SequenceTrigger.cs|Run|114|Starting Trigger: AutofocusAfterFilterChange
2026-09-02T05:04:33.2920|INFO|SequenceItem.cs|Run|208|Starting Category: * Set di Istruzioni *, Container: NINA.Sequencer.Container.SequentialContainer, Strategy: SequentialStrategy, Items[CREATED]: 1
2026-09-02T05:04:33.2920|INFO|SequenceItem.cs|Run|208|Starting Category: Focheggiatore, Item: RunAutofocus
2026-09-02T05:04:33.5472|INFO|FocuserMediator.cs|BroadcastAutoFocusRunStarting|92|Autofocus starting notification received
2026-09-02T05:04:35.7249|INFO|AutoFocusEngine.cs|RunAutoFocus|929|Starting AutoFocus with initial position 39756
2026-09-02T05:04:35.8466|INFO|CameraVM.cs|Capture|742|Starting Exposure - Exposure Time: 10s; Filter: Red; Gain: 15; Offset 132; Binning: 2x2;
2026-09-02T05:04:47.1540|INFO|AutoFocusEngine.cs|StartBlindFocusPoints|769|Waiting on initial HFR analysis
2026-09-02T05:04:47.1963|INFO|FocuserVM.cs|MoveFocuserInternal|216|Moving Focuser to position 40556
2026-09-02T05:04:47.9490|INFO|HocusFocusStarDetection.cs|Detect|413|Average HFR: 1.887717841108707, HFR MAD: 0.1418658946257223, Detected Stars 56, Region: 0
2026-09-02T05:04:55.8329|INFO|CameraVM.cs|Capture|742|Starting Exposure - Exposure Time: 10s; Filter: Red; Gain: 15; Offset 132; Binning: 2x2;
2026-09-02T05:05:07.1397|INFO|FocuserVM.cs|MoveFocuserInternal|216|Moving Focuser to position 40356
2026-09-02T05:05:07.8640|INFO|HocusFocusStarDetection.cs|Detect|413|Average HFR: 2.2813462166119396, HFR MAD: 0.21047601238396085, Detected Stars 43, Region: 0
2026-09-02T05:05:12.4176|INFO|CameraVM.cs|Capture|742|Starting Exposure - Exposure Time: 10s; Filter: Red; Gain: 15; Offset 132; Binning: 2x2;
2026-09-02T05:05:23.7343|INFO|FocuserVM.cs|MoveFocuserInternal|216|Moving Focuser to position 40156
2026-09-02T05:05:24.8353|INFO|HocusFocusStarDetection.cs|Detect|413|Average HFR: 2.224584172863514, HFR MAD: 0.18505090286532955, Detected Stars 46, Region: 0
2026-09-02T05:05:29.7847|INFO|CameraVM.cs|Capture|742|Starting Exposure - Exposure Time: 10s; Filter: Red; Gain: 15; Offset 132; Binning: 2x2;
2026-09-02T05:05:41.1093|INFO|FocuserVM.cs|MoveFocuserInternal|216|Moving Focuser to position 39956
2026-09-02T05:05:41.7842|INFO|HocusFocusStarDetection.cs|Detect|413|Average HFR: 2.1321486462355477, HFR MAD: 0.16675682645648737, Detected Stars 53, Region: 0
2026-09-02T05:05:46.3453|INFO|CameraVM.cs|Capture|742|Starting Exposure - Exposure Time: 10s; Filter: Red; Gain: 15; Offset 132; Binning: 2x2;
2026-09-02T05:05:57.6644|INFO|AutoFocusEngine.cs|StartBlindFocusPoints|797|Waiting on initial focuser move analyses
2026-09-02T05:05:58.3305|INFO|HocusFocusStarDetection.cs|Detect|413|Average HFR: 1.975902976940695, HFR MAD: 0.14170098060651237, Detected Stars 61, Region: 0
2026-09-02T05:05:58.4695|INFO|FocuserVM.cs|MoveFocuserInternal|216|Moving Focuser to position 39756
2026-09-02T05:06:03.7684|INFO|CameraVM.cs|Capture|742|Starting Exposure - Exposure Time: 10s; Filter: Red; Gain: 15; Offset 132; Binning: 2x2;
2026-09-02T05:06:15.0733|INFO|AutoFocusEngine.cs|StartBlindFocusPoints|870|Waiting on next left movement analysis
2026-09-02T05:06:15.7308|INFO|HocusFocusStarDetection.cs|Detect|413|Average HFR: 1.9595218778866454, HFR MAD: 0.1660361256114522, Detected Stars 69, Region: 0
2026-09-02T05:06:15.8750|INFO|FocuserVM.cs|MoveFocuserInternal|216|Moving Focuser to position 39556
2026-09-02T05:06:21.5268|INFO|CameraVM.cs|Capture|742|Starting Exposure - Exposure Time: 10s; Filter: Red; Gain: 15; Offset 132; Binning: 2x2;
2026-09-02T05:06:32.8321|INFO|AutoFocusEngine.cs|StartBlindFocusPoints|870|Waiting on next left movement analysis
2026-09-02T05:06:33.5659|INFO|HocusFocusStarDetection.cs|Detect|413|Average HFR: 2.0343504224251334, HFR MAD: 0.14766847676645556, Detected Stars 79, Region: 0
2026-09-02T05:06:33.8587|INFO|FocuserVM.cs|MoveFocuserInternal|216|Moving Focuser to position 39356
2026-09-02T05:06:39.5428|INFO|CameraVM.cs|Capture|742|Starting Exposure - Exposure Time: 10s; Filter: Red; Gain: 15; Offset 132; Binning: 2x2;
2026-09-02T05:06:50.8532|INFO|AutoFocusEngine.cs|StartBlindFocusPoints|870|Waiting on next left movement analysis
2026-09-02T05:06:51.5969|INFO|HocusFocusStarDetection.cs|Detect|413|Average HFR: 2.080917232388351, HFR MAD: 0.14703266164456452, Detected Stars 78, Region: 0
2026-09-02T05:06:51.6967|INFO|FocuserVM.cs|MoveFocuserInternal|216|Moving Focuser to position 39156
2026-09-02T05:06:57.5594|INFO|CameraVM.cs|Capture|742|Starting Exposure - Exposure Time: 10s; Filter: Red; Gain: 15; Offset 132; Binning: 2x2;
2026-09-02T05:07:08.8703|INFO|AutoFocusEngine.cs|StartBlindFocusPoints|870|Waiting on next left movement analysis
2026-09-02T05:07:09.5250|INFO|HocusFocusStarDetection.cs|Detect|413|Average HFR: 2.237489770189347, HFR MAD: 0.20539264217643005, Detected Stars 74, Region: 0
2026-09-02T05:07:09.6899|INFO|FocuserVM.cs|MoveFocuserInternal|216|Moving Focuser to position 38956
2026-09-02T05:07:15.4780|INFO|CameraVM.cs|Capture|742|Starting Exposure - Exposure Time: 10s; Filter: Red; Gain: 15; Offset 132; Binning: 2x2;
2026-09-02T05:07:26.7836|INFO|AutoFocusEngine.cs|StartBlindFocusPoints|870|Waiting on next left movement analysis
2026-09-02T05:07:27.4454|INFO|HocusFocusStarDetection.cs|Detect|413|Average HFR: 2.272328258146852, HFR MAD: 0.23883304285513152, Detected Stars 75, Region: 0
2026-09-02T05:07:27.5811|INFO|FocuserVM.cs|MoveFocuserInternal|216|Moving Focuser to position 38756
2026-09-02T05:07:33.5148|INFO|CameraVM.cs|Capture|742|Starting Exposure - Exposure Time: 10s; Filter: Red; Gain: 15; Offset 132; Binning: 2x2;
2026-09-02T05:07:44.8284|INFO|AutoFocusEngine.cs|StartBlindFocusPoints|870|Waiting on next left movement analysis
2026-09-02T05:07:45.5189|INFO|HocusFocusStarDetection.cs|Detect|413|Average HFR: 2.522916917728875, HFR MAD: 0.3129428087817048, Detected Stars 71, Region: 0
2026-09-02T05:07:45.6393|INFO|AutoFocusEngine.cs|StartBlindFocusPoints|823|Enough left trend points (4) with an established minimum (39956) to queue remaining right focus points up to 40756
2026-09-02T05:07:45.6397|INFO|FocuserVM.cs|MoveFocuserInternal|216|Moving Focuser to position 40756
2026-09-02T05:07:59.9277|INFO|CameraVM.cs|Capture|742|Starting Exposure - Exposure Time: 10s; Filter: Red; Gain: 15; Offset 132; Binning: 2x2;
2026-09-02T05:08:11.2446|INFO|AutoFocusEngine.cs|StartBlindFocusPoints|896|Waiting on remaining AutoFocus analysis tasks
2026-09-02T05:08:11.9805|INFO|HocusFocusStarDetection.cs|Detect|413|Average HFR: 2.4283712460083944, HFR MAD: 0.28210221722381545, Detected Stars 66, Region: 0
2026-09-02T05:08:12.0289|INFO|FocuserVM.cs|MoveFocuserInternal|216|Moving Focuser to position 39762
2026-09-02T05:08:21.4514|INFO|AutoFocusEngine.cs|ValidateCalculatedFocusPosition|1141|Validating HFR at final focus position 39762
2026-09-02T05:08:21.5717|INFO|CameraVM.cs|Capture|742|Starting Exposure - Exposure Time: 10s; Filter: Red; Gain: 15; Offset 132; Binning: 2x2;
2026-09-02T05:08:33.5316|INFO|HocusFocusStarDetection.cs|Detect|413|Average HFR: 2.3153098128356024, HFR MAD: 0.25236984524085004, Detected Stars 66, Region: 0
2026-09-02T05:08:33.5318|WARNING|AutoFocusEngine.cs|ValidateCalculatedFocusPosition|1166|New focus point HFR 2.3153098128356024 is significantly worse than original HFR 1.887717841108707
2026-09-02T05:08:33.5341|WARNING|AutoFocusEngine.cs|RunAutoFocus|965|Potentially bad auto-focus. Setting focuser back to 39756 and re-attempting.
2026-09-02T05:08:33.5344|INFO|FocuserVM.cs|MoveFocuserInternal|216|Moving Focuser to position 39756
2026-09-02T05:08:37.7925|INFO|AutoFocusEngine.cs|StartBlindFocusPoints|769|Waiting on initial HFR analysis
2026-09-02T05:08:37.7929|INFO|FocuserVM.cs|MoveFocuserInternal|216|Moving Focuser to position 40556
2026-09-02T05:08:46.0441|INFO|CameraVM.cs|Capture|742|Starting Exposure - Exposure Time: 10s; Filter: Red; Gain: 15; Offset 132; Binning: 2x2;
2026-09-02T05:08:57.3819|INFO|FocuserVM.cs|MoveFocuserInternal|216|Moving Focuser to position 40356
2026-09-02T05:08:58.0505|INFO|HocusFocusStarDetection.cs|Detect|413|Average HFR: 2.256553493307893, HFR MAD: 0.2310504578964765, Detected Stars 67, Region: 0
2026-09-02T05:09:03.4763|INFO|CameraVM.cs|Capture|742|Starting Exposure - Exposure Time: 10s; Filter: Red; Gain: 15; Offset 132; Binning: 2x2;
2026-09-02T05:09:14.7811|INFO|FocuserVM.cs|MoveFocuserInternal|216|Moving Focuser to position 40156
2026-09-02T05:09:15.4758|INFO|HocusFocusStarDetection.cs|Detect|413|Average HFR: 2.1456225195695247, HFR MAD: 0.21032362187283926, Detected Stars 68, Region: 0
2026-09-02T05:09:20.0449|INFO|CameraVM.cs|Capture|742|Starting Exposure - Exposure Time: 10s; Filter: Red; Gain: 15; Offset 132; Binning: 2x2;
2026-09-02T05:09:31.3505|INFO|FocuserVM.cs|MoveFocuserInternal|216|Moving Focuser to position 39956
2026-09-02T05:09:32.1583|INFO|HocusFocusStarDetection.cs|Detect|413|Average HFR: 2.089723904013411, HFR MAD: 0.15284792891997556, Detected Stars 64, Region: 0
2026-09-02T05:09:37.5270|INFO|CameraVM.cs|Capture|742|Starting Exposure - Exposure Time: 10s; Filter: Red; Gain: 15; Offset 132; Binning: 2x2;
2026-09-02T05:09:48.8383|INFO|AutoFocusEngine.cs|StartBlindFocusPoints|797|Waiting on initial focuser move analyses
2026-09-02T05:09:49.4963|INFO|HocusFocusStarDetection.cs|Detect|413|Average HFR: 1.9804666846393366, HFR MAD: 0.19268174580718522, Detected Stars 72, Region: 0
2026-09-02T05:09:49.5378|INFO|FocuserVM.cs|MoveFocuserInternal|216|Moving Focuser to position 39756
2026-09-02T05:09:55.4832|INFO|CameraVM.cs|Capture|742|Starting Exposure - Exposure Time: 10s; Filter: Red; Gain: 15; Offset 132; Binning: 2x2;
2026-09-02T05:10:06.7939|INFO|AutoFocusEngine.cs|StartBlindFocusPoints|870|Waiting on next left movement analysis
2026-09-02T05:10:07.5470|INFO|HocusFocusStarDetection.cs|Detect|413|Average HFR: 2.3498976070497717, HFR MAD: 0.22118803746076487, Detected Stars 67, Region: 0
2026-09-02T05:10:07.7635|INFO|FocuserVM.cs|MoveFocuserInternal|216|Moving Focuser to position 39556
2026-09-02T05:10:13.5547|INFO|CameraVM.cs|Capture|742|Starting Exposure - Exposure Time: 10s; Filter: Red; Gain: 15; Offset 132; Binning: 2x2;
2026-09-02T05:10:24.8794|INFO|AutoFocusEngine.cs|StartBlindFocusPoints|870|Waiting on next left movement analysis
2026-09-02T05:10:25.5325|INFO|HocusFocusStarDetection.cs|Detect|413|Average HFR: 2.103918117816132, HFR MAD: 0.2131734949865769, Detected Stars 69, Region: 0
2026-09-02T05:10:25.9262|INFO|FocuserVM.cs|MoveFocuserInternal|216|Moving Focuser to position 39356
2026-09-02T05:10:31.5400|INFO|CameraVM.cs|Capture|742|Starting Exposure - Exposure Time: 10s; Filter: Red; Gain: 15; Offset 132; Binning: 2x2;
2026-09-02T05:10:42.8476|INFO|AutoFocusEngine.cs|StartBlindFocusPoints|870|Waiting on next left movement analysis
2026-09-02T05:10:43.4975|INFO|HocusFocusStarDetection.cs|Detect|413|Average HFR: 2.359463328049187, HFR MAD: 0.2498770572845581, Detected Stars 64, Region: 0
2026-09-02T05:10:44.5164|INFO|FocuserVM.cs|MoveFocuserInternal|216|Moving Focuser to position 39156
2026-09-02T05:10:46.3705|WARNING|DeviceUpdateTimer.cs|Run|115|Dome value update cycle took longer than the device poll interval (Total: 2.85s > 2s; Poll: 00:00:00.0030519; Update: 00:00:02.8434379)
2026-09-02T05:10:49.8472|INFO|CameraVM.cs|Capture|742|Starting Exposure - Exposure Time: 10s; Filter: Red; Gain: 15; Offset 132; Binning: 2x2;
2026-09-02T05:11:01.1555|INFO|AutoFocusEngine.cs|StartBlindFocusPoints|870|Waiting on next left movement analysis
2026-09-02T05:11:01.8934|INFO|HocusFocusStarDetection.cs|Detect|413|Average HFR: 2.279695550768852, HFR MAD: 0.2220207918002597, Detected Stars 64, Region: 0
2026-09-02T05:11:01.9980|INFO|AutoFocusEngine.cs|StartBlindFocusPoints|823|Enough left trend points (4) with an established minimum (39956) to queue remaining right focus points up to 40756
2026-09-02T05:11:01.9984|INFO|FocuserVM.cs|MoveFocuserInternal|216|Moving Focuser to position 40756
2026-09-02T05:11:14.2810|INFO|CameraVM.cs|Capture|742|Starting Exposure - Exposure Time: 10s; Filter: Red; Gain: 15; Offset 132; Binning: 2x2;
2026-09-02T05:11:25.6544|INFO|AutoFocusEngine.cs|StartBlindFocusPoints|896|Waiting on remaining AutoFocus analysis tasks
2026-09-02T05:11:26.2968|INFO|HocusFocusStarDetection.cs|Detect|413|Average HFR: 2.6991130930176324, HFR MAD: 0.32608251430487245, Detected Stars 53, Region: 0
2026-09-02T05:11:26.3399|ERROR|AutoFocusEngine.cs|ValidateCalculatedFocusPosition|1088|Auto Focus Failed! R² (Coefficient of determination) for Hyperbolic Fitting is below threshold. 0.72 / 0.85; Region: 
2026-09-02T05:11:26.3437|WARNING|AutoFocusEngine.cs|PerformPostAutoFocusActions|1002|AutoFocus did not complete successfully, so restoring the focuser position to 39756
2026-09-02T05:11:26.3454|INFO|FocuserVM.cs|MoveFocuserInternal|216|Moving Focuser to position 39756
2026-09-02T05:11:35.6847|INFO|AutoFocusEngine.cs|PerformPostAutoFocusActions|1022|Re-enabling temperature compensation after AutoFocus
2026-09-02T05:11:35.7365|INFO|PHD2Guider.cs|TryStartGuideCommand|641|Phd2 - Requesting to start guiding. Recalibrate: False
2026-09-02T05:11:59.6482|ERROR|SequenceItem.cs|Run|263|Category: Focheggiatore, Item: RunAutofocus - 
NINA.Core.Model.SequenceEntityFailedException: Autofocus failed to run
   at NINA.Sequencer.SequenceItem.Autofocus.RunAutofocus.Execute(IProgress`1 progress, CancellationToken token) in /_/NINA.Sequencer/SequenceItem/Autofocus/RunAutofocus.cs:line 94
   at NINA.Sequencer.SequenceItem.SequenceItem.Run(IProgress`1 progress, CancellationToken token) in /_/NINA.Sequencer/SequenceItem/SequenceItem.cs:line 249
2026-09-02T05:11:59.6803|ERROR|SequenceItem.cs|RunErrorBehavior|195|Instruction Esegui Autofocus failed after 1 attempt. Error behavior is set to ContinueOnError. Continuing.
2026-09-02T05:11:59.6805|INFO|SequenceItem.cs|Run|254|Finishing Category: * Set di Istruzioni *, Container: NINA.Sequencer.Container.SequentialContainer, Strategy: SequentialStrategy, Items[FAILED]: 1
2026-09-02T05:11:59.6812|ERROR|SequenceTrigger.cs|Run|132|Failed: Trigger: AutofocusAfterFilterChange - Category: Focheggiatore, Item: RunAutofocus failed to exectue
2026-09-02T05:11:59.7160|INFO|SequenceItem.cs|Run|208|Starting Category: Fotocamera, Item: TakeExposure, ExposureTime 600, Gain 15, Offset 132, ImageType LIGHT, Binning 1x1
2026-09-02T05:11:59.7166|INFO|CameraVM.cs|Capture|742|Starting Exposure - Exposure Time: 600s; Filter: ; Gain: 15; Offset 132; Binning: 1x1;
2026-09-02T05:22:05.8646|WARNING|DeviceUpdateTimer.cs|Run|115|Camera value update cycle took longer than the device poll interval (Total: 10.56s > 2s; Poll: 00:00:10.5604203; Update: 00:00:00.0001205)
2026-09-02T05:22:05.8978|INFO|SequenceItem.cs|Run|254|Finishing Category: Fotocamera, Item: TakeExposure, ExposureTime 600, Gain 15, Offset 132, ImageType LIGHT, Binning 1x1
2026-09-02T05:22:05.8986|INFO|MeridianFlipTrigger.cs|ShouldTrigger|211|Meridian Flip - Flip for the current target already happened at 09/01/2026 22:20:04. Skip flip evaluation
2026-09-02T05:22:05.8987|INFO|SequenceItem.cs|Run|208|Starting Category: Ruota porta filtri, Item: SwitchFilter, Filter: Red
2026-09-02T05:22:06.0521|INFO|SequenceItem.cs|Run|254|Finishing Category: Ruota porta filtri, Item: SwitchFilter, Filter: Red
2026-09-02T05:22:06.0524|INFO|SequenceTrigger.cs|Run|114|Starting Trigger: DitherAfterExposures, After Exposures: 1
2026-09-02T05:22:06.0525|INFO|SequenceItem.cs|Run|208|Starting Category: * Set di Istruzioni *, Container: NINA.Sequencer.Container.SequentialContainer, Strategy: SequentialStrategy, Items[CREATED]: 1
2026-09-02T05:22:06.0525|INFO|SequenceItem.cs|Run|208|Starting Category: Guida, Item: Dither
2026-09-02T05:22:07.5225|INFO|HocusFocusStarDetection.cs|Detect|413|Average HFR: 4.804553240853917, HFR MAD: 0.7161706774200711, Detected Stars 32, Region: 0
2026-09-02T05:22:08.0289|INFO|BaseImageData.cs|SaveToDisk|346|Saved image to D:\Images NINA\Target\LIGHT_1x1_600.00s_15_132_M 27_Celestron C8__-9.91C_Red_0038_2026-09-02_05-11-59_FWHM_NaN_Fok_39756.xisf
2026-09-02T05:22:08.0291|INFO|ImageSaveController.cs|DoWork|97|Successfully saved file at D:\Images NINA\Target\LIGHT_1x1_600.00s_15_132_M 27_Celestron C8__-9.91C_Red_0038_2026-09-02_05-11-59_FWHM_NaN_Fok_39756.xisf. Duration Total: 00:00:01.8790518; BeforeSave: 00:00:00.0000791; BeforeFinalizeImageSaved: 00:00:01.8532709; FinalizeSaveTime: 00:00:00.0257013
2026-09-02T05:22:22.5356|INFO|SequenceItem.cs|Run|254|Finishing Category: Guida, Item: Dither
2026-09-02T05:22:22.5358|INFO|SequenceItem.cs|Run|254|Finishing Category: * Set di Istruzioni *, Container: NINA.Sequencer.Container.SequentialContainer, Strategy: SequentialStrategy, Items[FINISHED]: 1
2026-09-02T05:22:22.5370|INFO|MeridianFlipTrigger.cs|ShouldTrigger|211|Meridian Flip - Flip for the current target already happened at 09/01/2026 22:20:04. Skip flip evaluation
2026-09-02T05:22:22.5370|INFO|SequenceTrigger.cs|Run|114|Starting Trigger: RestoreGuiding
2026-09-02T05:22:22.5371|INFO|SequenceItem.cs|Run|208|Starting Category: * Set di Istruzioni *, Container: NINA.Sequencer.Container.SequentialContainer, Strategy: SequentialStrategy, Items[CREATED]: 1
2026-09-02T05:22:22.5372|INFO|SequenceItem.cs|Run|208|Starting Category: Guida, Item: StartGuiding
2026-09-02T05:22:22.5681|INFO|PHD2Guider.cs|StartGuidingPrivate|504|Phd2 - App is already guiding. Skipping start guiding
2026-09-02T05:22:22.5683|INFO|SequenceItem.cs|Run|254|Finishing Category: Guida, Item: StartGuiding
2026-09-02T05:22:22.5684|INFO|SequenceItem.cs|Run|254|Finishing Category: * Set di Istruzioni *, Container: NINA.Sequencer.Container.SequentialContainer, Strategy: SequentialStrategy, Items[FINISHED]: 1
2026-09-02T05:22:22.5895|INFO|SequenceTrigger.cs|Run|114|Starting Trigger: AutofocusAfterFilterChange
2026-09-02T05:22:22.5896|INFO|SequenceItem.cs|Run|208|Starting Category: * Set di Istruzioni *, Container: NINA.Sequencer.Container.SequentialContainer, Strategy: SequentialStrategy, Items[CREATED]: 1
2026-09-02T05:22:22.5897|INFO|SequenceItem.cs|Run|208|Starting Category: Focheggiatore, Item: RunAutofocus
2026-09-02T05:22:22.8732|INFO|FocuserMediator.cs|BroadcastAutoFocusRunStarting|92|Autofocus starting notification received
2026-09-02T05:22:24.0241|INFO|AutoFocusEngine.cs|RunAutoFocus|929|Starting AutoFocus with initial position 39756
2026-09-02T05:22:24.1396|INFO|CameraVM.cs|Capture|742|Starting Exposure - Exposure Time: 10s; Filter: Red; Gain: 15; Offset 132; Binning: 2x2;
2026-09-02T05:22:35.4948|INFO|AutoFocusEngine.cs|StartBlindFocusPoints|769|Waiting on initial HFR analysis
2026-09-02T05:22:35.4952|INFO|FocuserVM.cs|MoveFocuserInternal|216|Moving Focuser to position 40556
2026-09-02T05:22:36.4976|INFO|HocusFocusStarDetection.cs|Detect|413|Average HFR: 2.2013693155495844, HFR MAD: 0.20866082411735754, Detected Stars 56, Region: 0
2026-09-02T05:22:44.5354|INFO|CameraVM.cs|Capture|742|Starting Exposure - Exposure Time: 10s; Filter: Red; Gain: 15; Offset 132; Binning: 2x2;
2026-09-02T05:22:55.8505|INFO|FocuserVM.cs|MoveFocuserInternal|216|Moving Focuser to position 40356
2026-09-02T05:22:56.7007|INFO|HocusFocusStarDetection.cs|Detect|413|Average HFR: 2.293566360925898, HFR MAD: 0.21369610441999143, Detected Stars 51, Region: 0
2026-09-02T05:23:01.5078|INFO|CameraVM.cs|Capture|742|Starting Exposure - Exposure Time: 10s; Filter: Red; Gain: 15; Offset 132; Binning: 2x2;
2026-09-02T05:23:12.8141|INFO|FocuserVM.cs|MoveFocuserInternal|216|Moving Focuser to position 40156
2026-09-02T05:23:13.4650|INFO|HocusFocusStarDetection.cs|Detect|413|Average HFR: 2.345005421710393, HFR MAD: 0.2119714167070037, Detected Stars 46, Region: 0
2026-09-02T05:23:18.1332|INFO|CameraVM.cs|Capture|742|Starting Exposure - Exposure Time: 10s; Filter: Red; Gain: 15; Offset 132; Binning: 2x2;
2026-09-02T05:23:29.4524|INFO|FocuserVM.cs|MoveFocuserInternal|216|Moving Focuser to position 39956
2026-09-02T05:23:31.0535|INFO|HocusFocusStarDetection.cs|Detect|413|Average HFR: 2.367249816851913, HFR MAD: 0.23304794465078071, Detected Stars 46, Region: 0
2026-09-02T05:23:35.4930|INFO|CameraVM.cs|Capture|742|Starting Exposure - Exposure Time: 10s; Filter: Red; Gain: 15; Offset 132; Binning: 2x2;
2026-09-02T05:23:46.8048|INFO|AutoFocusEngine.cs|StartBlindFocusPoints|797|Waiting on initial focuser move analyses
2026-09-02T05:23:47.5039|INFO|HocusFocusStarDetection.cs|Detect|413|Average HFR: 2.3080160103203404, HFR MAD: 0.1956941420806957, Detected Stars 48, Region: 0
2026-09-02T05:23:47.5872|INFO|FocuserVM.cs|MoveFocuserInternal|216|Moving Focuser to position 39756
2026-09-02T05:23:53.5269|INFO|CameraVM.cs|Capture|742|Starting Exposure - Exposure Time: 10s; Filter: Red; Gain: 15; Offset 132; Binning: 2x2;
2026-09-02T05:24:04.8315|INFO|AutoFocusEngine.cs|StartBlindFocusPoints|870|Waiting on next left movement analysis
2026-09-02T05:24:05.5526|INFO|HocusFocusStarDetection.cs|Detect|413|Average HFR: 2.4479844698332283, HFR MAD: 0.24082985611190555, Detected Stars 48, Region: 0
2026-09-02T05:24:05.5836|INFO|FocuserVM.cs|MoveFocuserInternal|216|Moving Focuser to position 39556
2026-09-02T05:24:11.4962|INFO|CameraVM.cs|Capture|742|Starting Exposure - Exposure Time: 10s; Filter: Red; Gain: 15; Offset 132; Binning: 2x2;
2026-09-02T05:24:22.8045|INFO|AutoFocusEngine.cs|StartBlindFocusPoints|870|Waiting on next left movement analysis
2026-09-02T05:24:23.4978|INFO|HocusFocusStarDetection.cs|Detect|413|Average HFR: 2.08243906869017, HFR MAD: 0.1275427978638244, Detected Stars 50, Region: 0
2026-09-02T05:24:23.7470|INFO|FocuserVM.cs|MoveFocuserInternal|216|Moving Focuser to position 39356
2026-09-02T05:24:29.5325|INFO|CameraVM.cs|Capture|742|Starting Exposure - Exposure Time: 10s; Filter: Red; Gain: 15; Offset 132; Binning: 2x2;
2026-09-02T05:24:40.8435|INFO|AutoFocusEngine.cs|StartBlindFocusPoints|870|Waiting on next left movement analysis
2026-09-02T05:24:41.8686|INFO|HocusFocusStarDetection.cs|Detect|413|Average HFR: 2.0905794469086336, HFR MAD: 0.18720428434665948, Detected Stars 50, Region: 0
2026-09-02T05:24:41.9277|INFO|FocuserVM.cs|MoveFocuserInternal|216|Moving Focuser to position 39156
2026-09-02T05:24:47.5149|INFO|CameraVM.cs|Capture|742|Starting Exposure - Exposure Time: 10s; Filter: Red; Gain: 15; Offset 132; Binning: 2x2;
2026-09-02T05:24:58.8212|INFO|AutoFocusEngine.cs|StartBlindFocusPoints|870|Waiting on next left movement analysis
2026-09-02T05:24:59.5069|INFO|HocusFocusStarDetection.cs|Detect|413|Average HFR: 2.165707281481887, HFR MAD: 0.2127505879409144, Detected Stars 42, Region: 0
2026-09-02T05:24:59.6565|INFO|FocuserVM.cs|MoveFocuserInternal|216|Moving Focuser to position 38956
2026-09-02T05:25:05.5144|INFO|CameraVM.cs|Capture|742|Starting Exposure - Exposure Time: 10s; Filter: Red; Gain: 15; Offset 132; Binning: 2x2;
2026-09-02T05:25:16.8279|INFO|AutoFocusEngine.cs|StartBlindFocusPoints|870|Waiting on next left movement analysis
2026-09-02T05:25:17.5179|INFO|HocusFocusStarDetection.cs|Detect|413|Average HFR: 2.3930890036294863, HFR MAD: 0.1593743294817611, Detected Stars 35, Region: 0
2026-09-02T05:25:17.6835|INFO|AutoFocusEngine.cs|StartBlindFocusPoints|841|Enough right trend points (4) with an established minimum (39556) to queue remaining left focus points down to 38756
2026-09-02T05:25:17.6839|INFO|FocuserVM.cs|MoveFocuserInternal|216|Moving Focuser to position 38756
2026-09-02T05:25:23.5642|INFO|CameraVM.cs|Capture|742|Starting Exposure - Exposure Time: 10s; Filter: Red; Gain: 15; Offset 132; Binning: 2x2;
2026-09-02T05:25:34.8688|INFO|AutoFocusEngine.cs|StartBlindFocusPoints|896|Waiting on remaining AutoFocus analysis tasks
2026-09-02T05:25:35.5345|INFO|HocusFocusStarDetection.cs|Detect|413|Average HFR: 2.5299667738426432, HFR MAD: 0.252953240885033, Detected Stars 30, Region: 0
2026-09-02T05:25:35.5969|INFO|FocuserVM.cs|MoveFocuserInternal|216|Moving Focuser to position 39311
2026-09-02T05:25:43.4395|INFO|AutoFocusEngine.cs|ValidateCalculatedFocusPosition|1141|Validating HFR at final focus position 39311
2026-09-02T05:25:43.5602|INFO|CameraVM.cs|Capture|742|Starting Exposure - Exposure Time: 10s; Filter: Red; Gain: 15; Offset 132; Binning: 2x2;
2026-09-02T05:25:55.5864|INFO|HocusFocusStarDetection.cs|Detect|413|Average HFR: 2.377808919113296, HFR MAD: 0.2589648484933167, Detected Stars 23, Region: 0
2026-09-02T05:25:55.6188|INFO|HocusFocusVM.cs|AutoFocusEngine_Completed|473|AutoFocus completed with focuser starting at 39756 and ending at 39311
2026-09-02T05:25:55.6208|INFO|FocuserMediator.cs|BroadcastSuccessfulAutoFocusRun|46|Autofocus notification received - Temperature 21
2026-09-02T05:25:55.7710|INFO|AutoFocusEngine.cs|PerformPostAutoFocusActions|1022|Re-enabling temperature compensation after AutoFocus
2026-09-02T05:25:55.8626|INFO|PHD2Guider.cs|TryStartGuideCommand|641|Phd2 - Requesting to start guiding. Recalibrate: False
2026-09-02T05:26:17.8958|INFO|SequenceItem.cs|Run|254|Finishing Category: Focheggiatore, Item: RunAutofocus
2026-09-02T05:26:17.8960|INFO|SequenceItem.cs|Run|254|Finishing Category: * Set di Istruzioni *, Container: NINA.Sequencer.Container.SequentialContainer, Strategy: SequentialStrategy, Items[FINISHED]: 1
2026-09-02T05:26:17.8962|INFO|SequenceItem.cs|Run|208|Starting Category: Fotocamera, Item: TakeExposure, ExposureTime 600, Gain 15, Offset 132, ImageType LIGHT, Binning 1x1
2026-09-02T05:26:17.8966|INFO|CameraVM.cs|Capture|742|Starting Exposure - Exposure Time: 600s; Filter: ; Gain: 15; Offset 132; Binning: 1x1;
2026-09-02T05:36:23.8503|INFO|TimeCondition.cs|Check|254|TimeCondition finished.
2026-09-02T05:36:23.8505|INFO|TimeCondition.cs|InterruptWhenTimeIsUp|63|Time limit exceeded - Interrupting current Instruction Set
2026-09-02T05:36:23.8528|INFO|TimeCondition.cs|Check|254|TimeCondition finished.
2026-09-02T05:36:23.8529|INFO|TimeCondition.cs|InterruptWhenTimeIsUp|63|Time limit exceeded - Interrupting current Instruction Set
2026-09-02T05:36:24.0798|WARNING|DeviceUpdateTimer.cs|Run|115|Camera value update cycle took longer than the device poll interval (Total: 10.25s > 2s; Poll: 00:00:10.2478417; Update: 00:00:00.0001613)
2026-09-02T05:36:24.2236|INFO|SequenceItem.cs|Run|254|Finishing Category: * Set di Istruzioni *, Container: NINA.Sequencer.Container.SequentialContainer, Strategy: SequentialStrategy, Items[CREATED]: 2, Conditions: Condition: TimeCondition, Time: 5:36:23h, 
2026-09-02T05:36:24.2238|INFO|SequenceItem.cs|Run|254|Finishing Category: * Set di Istruzioni *, Container: NINA.Sequencer.Container.TargetAreaContainer, Strategy: SequentialStrategy, Items[FINISHED]: 2
2026-09-02T05:36:24.2671|INFO|MeridianFlipTrigger.cs|ShouldTrigger|211|Meridian Flip - Flip for the current target already happened at 09/01/2026 22:20:04. Skip flip evaluation
2026-09-02T05:36:24.2677|INFO|SequenceItem.cs|Run|208|Starting Category: * Set di Istruzioni *, Container: NINA.Sequencer.Container.EndAreaContainer, Strategy: SequentialStrategy, Items[CREATED]: 1
2026-09-02T05:36:24.2686|INFO|MeridianFlipTrigger.cs|ShouldTrigger|211|Meridian Flip - Flip for the current target already happened at 09/01/2026 22:20:04. Skip flip evaluation
2026-09-02T05:36:24.2687|INFO|SequenceItem.cs|Run|208|Starting Category: * Set di Istruzioni *, Container: NINA.Sequencer.Container.SequentialContainer, Strategy: SequentialStrategy, Items[CREATED]: 17
2026-09-02T05:36:24.2692|INFO|MeridianFlipTrigger.cs|ShouldTrigger|211|Meridian Flip - Flip for the current target already happened at 09/01/2026 22:20:04. Skip flip evaluation
2026-09-02T05:36:24.2693|INFO|SequenceItem.cs|Run|208|Starting Category: Utilità, Item: Annotation, Text: VERSION: 1
2026-09-02T05:36:24.2693|INFO|SequenceItem.cs|Run|254|Finishing Category: Utilità, Item: Annotation, Text: VERSION: 1
2026-09-02T05:36:24.2699|INFO|MeridianFlipTrigger.cs|ShouldTrigger|211|Meridian Flip - Flip for the current target already happened at 09/01/2026 22:20:04. Skip flip evaluation
2026-09-02T05:36:24.2699|INFO|SequenceItem.cs|Run|208|Starting Category: * Set di Istruzioni *, Container: NINA.Sequencer.Container.SequentialContainer, Strategy: SequentialStrategy, Items[CREATED]: 3
2026-09-02T05:36:24.2704|INFO|MeridianFlipTrigger.cs|ShouldTrigger|211|Meridian Flip - Flip for the current target already happened at 09/01/2026 22:20:04. Skip flip evaluation
2026-09-02T05:36:24.2704|INFO|SequenceItem.cs|Run|208|Starting Category: Utilità, Item: Annotation, Text: This End Sequence ensures an ASCOM Safety Monitor will function in a sequence as expected.
2026-09-02T05:36:24.2705|INFO|SequenceItem.cs|Run|254|Finishing Category: Utilità, Item: Annotation, Text: This End Sequence ensures an ASCOM Safety Monitor will function in a sequence as expected.
2026-09-02T05:36:24.2709|INFO|MeridianFlipTrigger.cs|ShouldTrigger|211|Meridian Flip - Flip for the current target already happened at 09/01/2026 22:20:04. Skip flip evaluation
2026-09-02T05:36:24.2709|INFO|SequenceItem.cs|Run|208|Starting Category: Utilità, Item: Annotation, Text: The CONNECTOR Plugin is used in this Sequence.
2026-09-02T05:36:24.2710|INFO|SequenceItem.cs|Run|254|Finishing Category: Utilità, Item: Annotation, Text: The CONNECTOR Plugin is used in this Sequence.
2026-09-02T05:36:24.2714|INFO|MeridianFlipTrigger.cs|ShouldTrigger|211|Meridian Flip - Flip for the current target already happened at 09/01/2026 22:20:04. Skip flip evaluation
2026-09-02T05:36:24.2714|INFO|SequenceItem.cs|Run|208|Starting Category: Utilità, Item: Annotation, Text: A Switch is also used within this End Sequence.
2026-09-02T05:36:24.2715|INFO|SequenceItem.cs|Run|254|Finishing Category: Utilità, Item: Annotation, Text: A Switch is also used within this End Sequence.
2026-09-02T05:36:24.2715|INFO|SequenceItem.cs|Run|254|Finishing Category: * Set di Istruzioni *, Container: NINA.Sequencer.Container.SequentialContainer, Strategy: SequentialStrategy, Items[FINISHED]: 3
2026-09-02T05:36:24.2720|INFO|MeridianFlipTrigger.cs|ShouldTrigger|211|Meridian Flip - Flip for the current target already happened at 09/01/2026 22:20:04. Skip flip evaluation
2026-09-02T05:36:24.2726|INFO|SequenceItem.cs|Run|208|Starting Category: Guida, Item: StopGuiding
2026-09-02T05:36:26.7696|INFO|SequenceItem.cs|Run|254|Finishing Category: Guida, Item: StopGuiding
2026-09-02T05:36:26.7785|INFO|MeridianFlipTrigger.cs|ShouldTrigger|211|Meridian Flip - Flip for the current target already happened at 09/01/2026 22:20:04. Skip flip evaluation
2026-09-02T05:36:26.7786|INFO|SequenceItem.cs|Run|208|Starting Category: Telescopio, Item: SetTracking, TrackingMode: Stopped
2026-09-02T05:36:26.7838|INFO|SequenceItem.cs|Run|254|Finishing Category: Telescopio, Item: SetTracking, TrackingMode: Stopped
2026-09-02T05:36:26.7848|INFO|MeridianFlipTrigger.cs|ShouldTrigger|211|Meridian Flip - Flip for the current target already happened at 09/01/2026 22:20:04. Skip flip evaluation
2026-09-02T05:36:26.7862|INFO|SequenceItem.cs|Run|208|Starting Category: Telescopio, Item: FindHome
2026-09-02T05:36:26.8280|INFO|PHD2Guider.cs|StopGuiding|704|Phd2 - Stop Guiding skipped, as the app is already in state Stopped
2026-09-02T05:36:26.8301|INFO|TelescopeVM.cs|FindHome|292|Mount ordered to locate home position
2026-09-02T05:36:59.3301|INFO|TelescopeVM.cs|FindHome|348|Mount has located its home position
2026-09-02T05:36:59.3302|INFO|SequenceItem.cs|Run|254|Finishing Category: Telescopio, Item: FindHome
2026-09-02T05:36:59.3303|INFO|MeridianFlipTrigger.cs|ShouldTrigger|197|Meridian Flip - Telescope is at home position. Skip flip evaluation
2026-09-02T05:36:59.3308|INFO|SequenceItem.cs|Run|208|Starting Category: Apparato per i Flat, Item: CloseCover
2026-09-02T05:36:59.3379|INFO|FlatDeviceVM.cs|CloseCover|341|Closing Flat Device Cover
2026-09-02T05:37:25.3219|INFO|SequenceItem.cs|Run|254|Finishing Category: Apparato per i Flat, Item: CloseCover
2026-09-02T05:37:25.3221|INFO|MeridianFlipTrigger.cs|ShouldTrigger|197|Meridian Flip - Telescope is at home position. Skip flip evaluation
2026-09-02T05:37:25.3228|INFO|SequenceItem.cs|Run|208|Starting Category: Osservatorio, Item: CloseDomeShutter
2026-09-02T05:37:25.3280|INFO|DomeVM.cs|CloseShutter|544|Closing dome shutter. Shutter state before closing ShutterOpen
2026-09-02T05:37:25.3298|INFO|AscomDome.cs|CloseShutter|245|Sending a CloseShutter request, since it is currently ShutterOpen
2026-09-02T05:38:13.5589|INFO|DomeVM.cs|CloseShutter|550|Closed dome shutter. Shutter state after closing ShutterClosed
2026-09-02T05:38:13.5595|INFO|SequenceItem.cs|Run|254|Finishing Category: Osservatorio, Item: CloseDomeShutter
2026-09-02T05:38:13.5596|INFO|MeridianFlipTrigger.cs|ShouldTrigger|197|Meridian Flip - Telescope is at home position. Skip flip evaluation
2026-09-02T05:38:13.5602|INFO|SequenceItem.cs|Run|208|Starting Category: Fotocamera, Item: WarmCamera, Duration: 5
2026-09-02T05:38:13.5628|INFO|CameraVM.cs|WarmCamera|161|Warming Camera. Duration: 00:05:00
2026-09-02T05:45:16.6666|INFO|CameraVM.cs|WarmCamera|179|Could not reach warming temperature. Most likley due to ambient temperature being lower. Continuing...
2026-09-02T05:45:36.7780|INFO|CameraVM.cs|WarmCamera|186|Turning cooler off
2026-09-02T05:45:36.7784|INFO|SequenceItem.cs|Run|254|Finishing Category: Fotocamera, Item: WarmCamera, Duration: 5
2026-09-02T05:45:36.7785|INFO|MeridianFlipTrigger.cs|ShouldTrigger|197|Meridian Flip - Telescope is at home position. Skip flip evaluation
2026-09-02T05:45:36.7793|INFO|SequenceItem.cs|Run|208|Starting Category: Connetti, Item: DisconnectEquipment, Selected device: Camera
2026-09-02T05:45:36.8465|INFO|QHYCamera.cs|Disconnect|1057|QHYCCD: Closing camera 695A-M-0037ec709603ca4e3
2026-09-02T05:45:36.8610|INFO|CameraVM.cs|Disconnect|650|Disconnected Camera
2026-09-02T05:45:36.8612|INFO|SequenceItem.cs|Run|254|Finishing Category: Connetti, Item: DisconnectEquipment, Selected device: Camera
2026-09-02T05:45:36.8614|INFO|MeridianFlipTrigger.cs|ShouldTrigger|197|Meridian Flip - Telescope is at home position. Skip flip evaluation
2026-09-02T05:45:36.8614|INFO|SequenceItem.cs|Run|208|Starting Category: Connetti, Item: DisconnectEquipment, Selected device: Filter Wheel
2026-09-02T05:45:37.0150|INFO|FilterWheelVM.cs|Disconnect|333|Disconnected Filter Wheel
2026-09-02T05:45:37.0152|INFO|SequenceItem.cs|Run|254|Finishing Category: Connetti, Item: DisconnectEquipment, Selected device: Filter Wheel
2026-09-02T05:45:37.0154|INFO|MeridianFlipTrigger.cs|ShouldTrigger|197|Meridian Flip - Telescope is at home position. Skip flip evaluation
2026-09-02T05:45:37.0155|INFO|SequenceItem.cs|Run|208|Starting Category: Connetti, Item: DisconnectEquipment, Selected device: Focuser
2026-09-02T05:45:37.0208|INFO|AscomDevice.cs|Disconnect|378|Disconnecting from ASCOM.PegasusAstro.Focuser Pegasus Astro Focus Controller
2026-09-02T05:45:37.1846|INFO|FocuserVM.cs|Disconnect|441|Disconnected Focuser
2026-09-02T05:45:37.1850|INFO|SequenceItem.cs|Run|254|Finishing Category: Connetti, Item: DisconnectEquipment, Selected device: Focuser
2026-09-02T05:45:37.1852|INFO|MeridianFlipTrigger.cs|ShouldTrigger|197|Meridian Flip - Telescope is at home position. Skip flip evaluation
2026-09-02T05:45:37.1852|INFO|SequenceItem.cs|Run|208|Starting Category: Connetti, Item: DisconnectEquipment, Selected device: Mount
2026-09-02T05:45:37.1884|INFO|AscomDevice.cs|Disconnect|378|Disconnecting from ASCOM.Optec ASCOM.Telescope CPWI_ASCOM_Telescope
2026-09-02T05:45:37.2574|INFO|TelescopeVM.cs|Disconnect|740|Disconnected mount
2026-09-02T05:45:37.2576|INFO|SequenceItem.cs|Run|254|Finishing Category: Connetti, Item: DisconnectEquipment, Selected device: Mount
2026-09-02T05:45:37.2579|ERROR|MeridianFlipTrigger.cs|ShouldTrigger|183|Meridian Flip - Telescope is not connected to evaluate if a flip should happen!
2026-09-02T05:45:37.2579|INFO|SequenceItem.cs|Run|208|Starting Category: Connetti, Item: DisconnectEquipment, Selected device: Guider
2026-09-02T05:45:37.2640|INFO|SequenceItem.cs|Run|254|Finishing Category: Connetti, Item: DisconnectEquipment, Selected device: Guider
2026-09-02T05:45:37.2642|ERROR|MeridianFlipTrigger.cs|ShouldTrigger|183|Meridian Flip - Telescope is not connected to evaluate if a flip should happen!
2026-09-02T05:45:37.2643|INFO|SequenceItem.cs|Run|208|Starting Category: Connetti, Item: DisconnectEquipment, Selected device: Flat Panel
2026-09-02T05:45:37.2669|INFO|AscomDevice.cs|Disconnect|378|Disconnecting from ASCOM.WandererCover1.CoverCalibrator WandererEmpire Cover 1
2026-09-02T05:45:37.3022|INFO|FlatDeviceVM.cs|Disconnect|289|Disconnected Flat Device
2026-09-02T05:45:37.3025|INFO|SequenceItem.cs|Run|254|Finishing Category: Connetti, Item: DisconnectEquipment, Selected device: Flat Panel
2026-09-02T05:45:37.3027|ERROR|MeridianFlipTrigger.cs|ShouldTrigger|183|Meridian Flip - Telescope is not connected to evaluate if a flip should happen!
2026-09-02T05:45:37.3027|INFO|SequenceItem.cs|Run|208|Starting Category: Connetti, Item: DisconnectEquipment, Selected device: Weather
2026-09-02T05:45:37.3565|INFO|AscomDevice.cs|Disconnect|378|Disconnecting from ASCOM.CloudWatcher.ObservingConditions CloudWatcher ObsCond
2026-09-02T05:45:37.3816|INFO|WeatherDataVM.cs|Disconnect|305|Disconnected Weather Device
2026-09-02T05:45:37.3817|INFO|SequenceItem.cs|Run|254|Finishing Category: Connetti, Item: DisconnectEquipment, Selected device: Weather
2026-09-02T05:45:37.4727|ERROR|MeridianFlipTrigger.cs|ShouldTrigger|183|Meridian Flip - Telescope is not connected to evaluate if a flip should happen!
2026-09-02T05:45:37.4731|INFO|SequenceItem.cs|Run|208|Starting Category: Connetti, Item: DisconnectEquipment, Selected device: Dome
2026-09-02T05:45:37.6015|WARNING|QhyccdSdk.cs|SetControlValue|285|QHYCCD: Failed to Set Control CONTROL_MANULPWM with value 0
2026-09-02T05:45:37.8032|INFO|AscomDevice.cs|Disconnect|378|Disconnecting from ASCOM.TS_Shelter.Dome Shelter Dome
2026-09-02T05:45:38.2051|INFO|DomeVM.cs|Disconnect|355|Disconnected Dome Device
2026-09-02T05:45:38.2055|INFO|SequenceItem.cs|Run|254|Finishing Category: Connetti, Item: DisconnectEquipment, Selected device: Dome
2026-09-02T05:45:38.2056|ERROR|MeridianFlipTrigger.cs|ShouldTrigger|183|Meridian Flip - Telescope is not connected to evaluate if a flip should happen!
2026-09-02T05:45:38.2057|INFO|SequenceItem.cs|Run|208|Starting Category: Connetti, Item: DisconnectEquipment, Selected device: Safety Monitor
2026-09-02T05:45:38.2088|INFO|SafetyMonitorVM.cs|UpdateMonitorValues|95|SafetyMonitorInfo state changed to Unsafe
2026-09-02T05:45:38.2090|INFO|AscomDevice.cs|Disconnect|378|Disconnecting from ASCOM.Hub.SafetyMonitor Short driver name - please customise
2026-09-02T05:45:38.7209|INFO|SafetyMonitorVM.cs|Disconnect|221|Disconnected Safety Monitor
2026-09-02T05:45:38.7210|INFO|SequenceItem.cs|Run|254|Finishing Category: Connetti, Item: DisconnectEquipment, Selected device: Safety Monitor
2026-09-02T05:45:38.7214|INFO|SequenceItem.cs|Run|254|Finishing Category: * Set di Istruzioni *, Container: NINA.Sequencer.Container.SequentialContainer, Strategy: SequentialStrategy, Items[FINISHED]: 17
2026-09-02T05:45:38.7214|INFO|SequenceItem.cs|Run|254|Finishing Category: * Set di Istruzioni *, Container: NINA.Sequencer.Container.EndAreaContainer, Strategy: SequentialStrategy, Items[FINISHED]: 1
2026-09-02T05:45:38.7217|INFO|SequenceItem.cs|Run|254|Finishing Category: * Set di Istruzioni *, Container: NINA.Sequencer.Container.SequenceRootContainer, Strategy: SequentialStrategy, Items[FINISHED]: 3, Triggers: Trigger: MeridianFlipTriggerTrigger: RestoreGuidingTrigger: AutofocusAfterHFRIncreaseTrigger, Amount: 5Trigger: AutofocusAfterFilterChange
2026-09-02T05:45:38.7245|INFO|Sequence2VM.cs|StartSequence|548|Advanced Sequence finished
2026-09-02T08:00:10.4317|INFO|Thumbnail.cs|LoadOriginalImage|40|Reloading image from D:\Images NINA\Target\LIGHT_1x1_600.00s_15_132_M 27_Celestron C8__-9.96C_Blu_0027_2026-09-02_04-43-22_FWHM_6.92_Fok_39756.xisf
2026-09-02T08:00:13.7937|INFO|Thumbnail.cs|LoadOriginalImage|40|Reloading image from D:\Images NINA\Target\LIGHT_1x1_600.00s_15_132_M 27_Celestron C8__-9.96C_Blu_0025_2026-09-02_04-18-39_FWHM_5.96_Fok_39975.xisf
2026-09-02T08:00:19.8121|INFO|Thumbnail.cs|LoadOriginalImage|40|Reloading image from D:\Images NINA\Target\LIGHT_1x1_600.00s_15_132_M 27_Celestron C8__-9.96C_Green_0027_2026-09-02_03-03-50_FWHM_7.17_Fok_39196.xisf
2026-09-02T08:00:25.0083|INFO|Thumbnail.cs|LoadOriginalImage|40|Reloading image from D:\Images NINA\Target\LIGHT_1x1_600.00s_15_132_M 27_Celestron C8__-9.96C_Red_0036_2026-09-02_02-39-12_FWHM_4.97_Fok_39323.xisf
2026-09-02T08:01:10.5495|INFO|ApplicationDeviceConnectionVM.cs|UsbDeviceWatcher_DeviceRemoved|237|USB Device disconnected DeviceId: USB\VID_0424&PID_2807\5&144E4AB&0&4, PnpDeviceId: USB\VID_0424&PID_2807\5&144E4AB&0&4, Description: Hub USB generico, Name: Hub USB generico, Manufacturer: (HUB USB standard), Service: USBHUB3, Status: OK
2026-09-02T08:01:10.5497|INFO|ApplicationDeviceConnectionVM.cs|UsbDeviceWatcher_DeviceRemoved|237|USB Device disconnected DeviceId: USB\VID_0547&PID_1433\6&1727222E&0&3, PnpDeviceId: USB\VID_0547&PID_1433\6&1727222E&0&3, Description: Dispositivo WinUSB, Name: USB3.0 Camera, Manufacturer: Dispositivo WinUSB, Service: WINUSB, Status: OK
2026-09-02T08:01:10.5501|INFO|ApplicationDeviceConnectionVM.cs|UsbDeviceWatcher_DeviceRemoved|237|USB Device disconnected DeviceId: USB\VID_0403&PID_6015\PA47RVMY, PnpDeviceId: USB\VID_0403&PID_6015\PA47RVMY, Description: USB Serial Converter, Name: USB Serial Converter, Manufacturer: FTDI, Service: FTDIBUS, Status: OK
2026-09-02T08:01:10.5501|INFO|ApplicationDeviceConnectionVM.cs|UsbDeviceWatcher_DeviceRemoved|237|USB Device disconnected DeviceId: USB\VID_0403&PID_6015\PPBA671NR5, PnpDeviceId: USB\VID_0403&PID_6015\PPBA671NR5, Description: USB Serial Converter, Name: USB Serial Converter, Manufacturer: FTDI, Service: FTDIBUS, Status: OK
2026-09-02T08:01:10.5504|INFO|ApplicationDeviceConnectionVM.cs|UsbDeviceWatcher_DeviceRemoved|237|USB Device disconnected DeviceId: USB\VID_0403&PID_6015\UCH4OV5CO, PnpDeviceId: USB\VID_0403&PID_6015\UCH4OV5CO, Description: USB Serial Converter, Name: USB Serial Converter, Manufacturer: FTDI, Service: FTDIBUS, Status: OK
2026-09-02T08:01:10.5506|INFO|ApplicationDeviceConnectionVM.cs|UsbDeviceWatcher_DeviceRemoved|237|USB Device disconnected DeviceId: USB\VID_1A40&PID_0201\6&2CA8C582&0&2, PnpDeviceId: USB\VID_1A40&PID_0201\6&2CA8C582&0&2, Description: Hub USB generico, Name: Hub USB generico, Manufacturer: (HUB USB standard), Service: USBHUB3, Status: OK
2026-09-02T08:01:10.5508|INFO|ApplicationDeviceConnectionVM.cs|UsbDeviceWatcher_DeviceRemoved|237|USB Device disconnected DeviceId: USB\VID_1A86&PID_7523\6&2CA8C582&0&4, PnpDeviceId: USB\VID_1A86&PID_7523\6&2CA8C582&0&4, Description: USB-SERIAL CH340, Name: USB-SERIAL CH340 (COM34), Manufacturer: wch.cn, Service: CH341SER_A64, Status: OK
2026-09-02T08:01:10.5511|INFO|ApplicationDeviceConnectionVM.cs|UsbDeviceWatcher_DeviceRemoved|237|USB Device disconnected DeviceId: USB\VID_0403&PID_6010\7&7EA6B39&0&3, PnpDeviceId: USB\VID_0403&PID_6010\7&7EA6B39&0&3, Description: Dispositivo USB composito, Name: Dispositivo USB composito, Manufacturer: (Controller host USB standard), Service: usbccgp, Status: OK
2026-09-02T08:01:10.5513|INFO|ApplicationDeviceConnectionVM.cs|UsbDeviceWatcher_DeviceRemoved|237|USB Device disconnected DeviceId: USB\VID_0403&PID_6010&MI_01\8&367DB49&0&0001, PnpDeviceId: USB\VID_0403&PID_6010&MI_01\8&367DB49&0&0001, Description: USB Serial Converter B, Name: USB Serial Converter B, Manufacturer: FTDI, Service: FTDIBUS, Status: OK
2026-09-02T08:01:10.5514|INFO|ApplicationDeviceConnectionVM.cs|UsbDeviceWatcher_DeviceRemoved|237|USB Device disconnected DeviceId: USB\VID_1618&PID_0921\7&7EA6B39&0&1, PnpDeviceId: USB\VID_1618&PID_0921\7&7EA6B39&0&1, Description: QHY5II, Name: QHY5II, Manufacturer: QHY CCD, Service: QHY5II_IO, Status: OK
2026-09-02T08:01:10.5516|INFO|ApplicationDeviceConnectionVM.cs|UsbDeviceWatcher_DeviceRemoved|237|USB Device disconnected DeviceId: USB\VID_0403&PID_6010&MI_00\8&367DB49&0&0000, PnpDeviceId: USB\VID_0403&PID_6010&MI_00\8&367DB49&0&0000, Description: USB Serial Converter A, Name: USB Serial Converter A, Manufacturer: FTDI, Service: FTDIBUS, Status: OK
2026-09-02T08:01:10.5518|INFO|ApplicationDeviceConnectionVM.cs|UsbDeviceWatcher_DeviceRemoved|237|USB Device disconnected DeviceId: USB\VID_1618&PID_6953\7&7EA6B39&0&4, PnpDeviceId: USB\VID_1618&PID_6953\7&7EA6B39&0&4, Description: QHY695A, Name: QHY695A, Manufacturer: QHY CCD, Service: QHY695A_IO, Status: OK
2026-09-02T08:01:11.0740|INFO|ApplicationDeviceConnectionVM.cs|UsbDeviceWatcher_DeviceRemoved|237|USB Device disconnected DeviceId: USB\VID_03C3&PID_120C\6&2EF655E5&0&4, PnpDeviceId: USB\VID_03C3&PID_120C\6&2EF655E5&0&4, Description: ZWO ASI120MM Mini Camera, Name: ZWO ASI120MM Mini Camera, Manufacturer: ZWO, Service: ASICAMUSB3, Status: Unknown
2026-09-02T08:01:11.5167|INFO|ApplicationDeviceConnectionVM.cs|UsbDeviceWatcher_DeviceRemoved|237|USB Device disconnected DeviceId: USB\VID_1A40&PID_0101\6&2EF655E5&0&3, PnpDeviceId: USB\VID_1A40&PID_0101\6&2EF655E5&0&3, Description: Hub USB generico, Name: Hub USB generico, Manufacturer: (HUB USB standard), Service: USBHUB3, Status: OK
2026-09-02T08:01:11.5168|INFO|ApplicationDeviceConnectionVM.cs|UsbDeviceWatcher_DeviceRemoved|237|USB Device disconnected DeviceId: USB\VID_0547&PID_BF10\7&7EF1AA&0&3, PnpDeviceId: USB\VID_0547&PID_BF10\7&7EF1AA&0&3, Description: Dispositivo WinUSB, Name: FILTERWHEEL  , Manufacturer: Dispositivo WinUSB, Service: WINUSB, Status: OK
2026-09-02T08:01:11.5169|INFO|ApplicationDeviceConnectionVM.cs|UsbDeviceWatcher_DeviceRemoved|237|USB Device disconnected DeviceId: USB\VID_0424&PID_2412\6&2EF655E5&0&2, PnpDeviceId: USB\VID_0424&PID_2412\6&2EF655E5&0&2, Description: Hub USB generico, Name: Hub USB generico, Manufacturer: (HUB USB standard), Service: USBHUB3, Status: OK
2026-09-02T08:01:11.5169|INFO|ApplicationDeviceConnectionVM.cs|UsbDeviceWatcher_DeviceRemoved|237|USB Device disconnected DeviceId: USB\VID_1A86&PID_7523\7&38C2A16F&0&2, PnpDeviceId: USB\VID_1A86&PID_7523\7&38C2A16F&0&2, Description: USB-SERIAL CH340, Name: USB-SERIAL CH340 (COM44), Manufacturer: wch.cn, Service: CH341SER_A64, Status: OK
2026-09-02T08:01:11.5169|INFO|ApplicationDeviceConnectionVM.cs|UsbDeviceWatcher_DeviceRemoved|237|USB Device disconnected DeviceId: USB\VID_10C4&PID_EA60\28EAB5B658A6E9118D4DD6A44458CD37, PnpDeviceId: USB\VID_10C4&PID_EA60\28EAB5B658A6E9118D4DD6A44458CD37, Description: Silicon Labs CP210x USB to UART Bridge, Name: Silicon Labs CP210x USB to UART Bridge (COM16), Manufacturer: Silicon Labs, Service: silabser, Status: OK
2026-09-02T08:01:12.0195|INFO|ApplicationDeviceConnectionVM.cs|UsbDeviceWatcher_DeviceRemoved|237|USB Device disconnected DeviceId: USB\VID_2109&PID_0813\5&144E4AB&0&12, PnpDeviceId: USB\VID_2109&PID_0813\5&144E4AB&0&12, Description: Hub USB SuperSpeed generico, Name: Hub USB SuperSpeed generico, Manufacturer: (HUB USB standard), Service: USBHUB3, Status: OK
2026-09-02T08:01:12.0196|INFO|ApplicationDeviceConnectionVM.cs|UsbDeviceWatcher_DeviceRemoved|237|USB Device disconnected DeviceId: USB\VID_2109&PID_2813\5&144E4AB&0&3, PnpDeviceId: USB\VID_2109&PID_2813\5&144E4AB&0&3, Description: Hub USB generico, Name: Hub USB generico, Manufacturer: (HUB USB standard), Service: USBHUB3, Status: Unknown
2026-09-02T08:01:12.0196|INFO|ApplicationDeviceConnectionVM.cs|UsbDeviceWatcher_DeviceRemoved|237|USB Device disconnected DeviceId: USB\VID_0424&PID_5807\5&144E4AB&0&13, PnpDeviceId: USB\VID_0424&PID_5807\5&144E4AB&0&13, Description: Hub USB SuperSpeed generico, Name: Hub USB SuperSpeed generico, Manufacturer: (HUB USB standard), Service: USBHUB3, Status: Unknown
2026-09-02T08:01:17.4340|INFO|SafetyMonitorVM.cs|Disconnect|221|Disconnected Safety Monitor
2026-09-02T08:01:22.5530|INFO|SafetyMonitorVM.cs|Connect|175|Successfully connected Safety Monitor. Id: ASCOM.Hub.SafetyMonitor Name: Short driver name - please customise DisplayName: Short driver name - please customise (ASCOM) Driver Version: 6.4
2026-09-02T08:01:25.6742|INFO|DomeVM.cs|Disconnect|355|Disconnected Dome Device
2026-09-02T08:01:25.8548|INFO|AscomDevice.cs|GetProperty|527|Property Dome.AtPark GET is not implemented in this driver (Shelter Dome)
2026-09-02T08:01:25.8648|INFO|AscomDevice.cs|GetProperty|527|Property Dome.AtHome GET is not implemented in this driver (Shelter Dome)
2026-09-02T08:01:25.8988|INFO|AscomDevice.cs|GetProperty|527|Property Dome.Azimuth GET is not implemented in this driver (Shelter Dome)
2026-09-02T08:01:26.1752|INFO|DomeVM.cs|ChooseDome|198|Successfully connected Dome. Id: ASCOM.TS_Shelter.Dome Name: Shelter Dome DisplayName: Shelter Dome (ASCOM) Driver Version: 6.6
2026-09-02T08:01:28.1938|INFO|AscomDevice.cs|GetProperty|527|Property Dome.Altitude GET is not implemented in this driver (Shelter Dome)
2026-09-02T08:01:28.3504|INFO|WeatherDataVM.cs|Disconnect|305|Disconnected Weather Device
2026-09-02T08:01:28.4903|INFO|AscomDevice.cs|GetProperty|527|Property ObservingConditions.SkyBrightness GET is not implemented in this driver (CloudWatcher ObsCond)
2026-09-02T08:01:28.5129|INFO|AscomDevice.cs|GetProperty|527|Property ObservingConditions.SkyQuality GET is not implemented in this driver (CloudWatcher ObsCond)
2026-09-02T08:01:28.5439|INFO|AscomDevice.cs|GetProperty|527|Property ObservingConditions.StarFWHM GET is not implemented in this driver (CloudWatcher ObsCond)
2026-09-02T08:01:28.5587|INFO|AscomDevice.cs|GetProperty|527|Property ObservingConditions.WindDirection GET is not implemented in this driver (CloudWatcher ObsCond)
2026-09-02T08:01:28.5652|INFO|WeatherDataVM.cs|ChooseWeatherData|150|Successfully connected Weather Device. Id: ASCOM.CloudWatcher.ObservingConditions Name: CloudWatcher ObsCond DisplayName: CloudWatcher ObsCond (ASCOM) Driver Version: 1.1
2026-09-02T08:02:11.0866|INFO|ApplicationDeviceConnectionVM.cs|UsbDeviceWatcher_DeviceRemoved|237|USB Device disconnected DeviceId: USB\VID_15A2&PID_A50F\_CGX_V1, PnpDeviceId: USB\VID_15A2&PID_A50F\_CGX_V1, Description: Dispositivo seriale USB, Name: USB Serial Device (COM15), Manufacturer: Microsoft, Service: usbser, Status: OK
2026-09-02T09:48:27.2886|WARNING|DeviceUpdateTimer.cs|Run|115|Dome value update cycle took longer than the device poll interval (Total: 3.11s > 2s; Poll: 00:00:00.0027667; Update: 00:00:03.1079984)
2026-09-02T10:15:39.3213|WARNING|DeviceUpdateTimer.cs|Run|115|Dome value update cycle took longer than the device poll interval (Total: 3.14s > 2s; Poll: 00:00:00.0027568; Update: 00:00:03.1394419)
2026-09-02T11:37:01.3284|WARNING|DeviceUpdateTimer.cs|Run|115|Dome value update cycle took longer than the device poll interval (Total: 3.15s > 2s; Poll: 00:00:00.0027941; Update: 00:00:03.1457948)
2026-09-02T12:00:11.4543|WARNING|DeviceUpdateTimer.cs|Run|115|Dome value update cycle took longer than the device poll interval (Total: 5.04s > 2s; Poll: 00:00:00.0033049; Update: 00:00:05.0340796)
2026-09-02T15:55:29.2954|WARNING|DeviceUpdateTimer.cs|Run|115|Dome value update cycle took longer than the device poll interval (Total: 3.12s > 2s; Poll: 00:00:00.0026757; Update: 00:00:03.1130266)
2026-09-02T17:31:27.3076|WARNING|DeviceUpdateTimer.cs|Run|115|Dome value update cycle took longer than the device poll interval (Total: 3.13s > 2s; Poll: 00:00:00.0027764; Update: 00:00:03.1271250)
2026-09-02T18:49:46.0351|WARNING|DeviceUpdateTimer.cs|Run|115|Dome value update cycle took longer than the device poll interval (Total: 3.21s > 2s; Poll: 00:00:01.5787222; Update: 00:00:01.6277313)
2026-09-02T18:56:03.3028|WARNING|DeviceUpdateTimer.cs|Run|115|Dome value update cycle took longer than the device poll interval (Total: 3.12s > 2s; Poll: 00:00:00.0027509; Update: 00:00:03.1216027)
2026-09-02T19:45:18.1330|INFO|ApplicationDeviceConnectionVM.cs|UsbDeviceWatcher_DeviceInserted|232|New USB device detected DeviceId: USB\VID_0424&PID_5807\5&144E4AB&0&13, PnpDeviceId: USB\VID_0424&PID_5807\5&144E4AB&0&13, Description: Hub USB SuperSpeed generico, Name: Hub USB SuperSpeed generico, Manufacturer: (HUB USB standard), Service: USBHUB3, Status: OK
2026-09-02T19:45:18.5277|INFO|ApplicationDeviceConnectionVM.cs|UsbDeviceWatcher_DeviceInserted|232|New USB device detected DeviceId: USB\VID_0424&PID_2807\5&144E4AB&0&4, PnpDeviceId: USB\VID_0424&PID_2807\5&144E4AB&0&4, Description: Hub USB generico, Name: Hub USB generico, Manufacturer: (HUB USB standard), Service: USBHUB3, Status: OK
2026-09-02T19:45:18.9235|INFO|ApplicationDeviceConnectionVM.cs|UsbDeviceWatcher_DeviceInserted|232|New USB device detected DeviceId: USB\VID_0403&PID_6015\UCH4OV5CO, PnpDeviceId: USB\VID_0403&PID_6015\UCH4OV5CO, Description: USB Serial Converter, Name: USB Serial Converter, Manufacturer: FTDI, Service: FTDIBUS, Status: OK
2026-09-02T19:45:19.2877|INFO|ApplicationDeviceConnectionVM.cs|UsbDeviceWatcher_DeviceInserted|232|New USB device detected DeviceId: USB\VID_2109&PID_0813\5&144E4AB&0&12, PnpDeviceId: USB\VID_2109&PID_0813\5&144E4AB&0&12, Description: Hub USB SuperSpeed generico, Name: Hub USB SuperSpeed generico, Manufacturer: (HUB USB standard), Service: USBHUB3, Status: OK
2026-09-02T19:45:20.0926|INFO|ApplicationDeviceConnectionVM.cs|UsbDeviceWatcher_DeviceInserted|232|New USB device detected DeviceId: USB\VID_2109&PID_2813\5&144E4AB&0&3, PnpDeviceId: USB\VID_2109&PID_2813\5&144E4AB&0&3, Description: Hub USB generico, Name: Hub USB generico, Manufacturer: (HUB USB standard), Service: USBHUB3, Status: OK
2026-09-02T19:45:21.0910|INFO|ApplicationDeviceConnectionVM.cs|UsbDeviceWatcher_DeviceInserted|232|New USB device detected DeviceId: USB\VID_0403&PID_6015\PPBA671NR5, PnpDeviceId: USB\VID_0403&PID_6015\PPBA671NR5, Description: USB Serial Converter, Name: USB Serial Converter, Manufacturer: FTDI, Service: FTDIBUS, Status: OK
2026-09-02T19:45:21.0911|INFO|ApplicationDeviceConnectionVM.cs|UsbDeviceWatcher_DeviceInserted|232|New USB device detected DeviceId: USB\VID_03C3&PID_120C\6&2EF655E5&0&4, PnpDeviceId: USB\VID_03C3&PID_120C\6&2EF655E5&0&4, Description: ZWO ASI120MM Mini Camera, Name: ZWO ASI120MM Mini Camera, Manufacturer: ZWO, Service: ASICAMUSB3, Status: OK
2026-09-02T19:45:23.7156|INFO|ApplicationDeviceConnectionVM.cs|UsbDeviceWatcher_DeviceInserted|232|New USB device detected DeviceId: USB\VID_1A86&PID_7523\6&2CA8C582&0&4, PnpDeviceId: USB\VID_1A86&PID_7523\6&2CA8C582&0&4, Description: USB-SERIAL CH340, Name: USB-SERIAL CH340 (COM34), Manufacturer: wch.cn, Service: CH341SER_A64, Status: OK
2026-09-02T19:45:24.5153|INFO|ApplicationDeviceConnectionVM.cs|UsbDeviceWatcher_DeviceInserted|232|New USB device detected DeviceId: USB\VID_0403&PID_6015\PA47RVMY, PnpDeviceId: USB\VID_0403&PID_6015\PA47RVMY, Description: USB Serial Converter, Name: USB Serial Converter, Manufacturer: FTDI, Service: FTDIBUS, Status: OK
2026-09-02T19:45:24.5154|INFO|ApplicationDeviceConnectionVM.cs|UsbDeviceWatcher_DeviceInserted|232|New USB device detected DeviceId: USB\VID_0424&PID_2412\6&2EF655E5&0&2, PnpDeviceId: USB\VID_0424&PID_2412\6&2EF655E5&0&2, Description: Hub USB generico, Name: Hub USB generico, Manufacturer: (HUB USB standard), Service: USBHUB3, Status: OK
2026-09-02T19:45:24.9269|INFO|ApplicationDeviceConnectionVM.cs|UsbDeviceWatcher_DeviceInserted|232|New USB device detected DeviceId: USB\VID_1A40&PID_0101\6&2EF655E5&0&3, PnpDeviceId: USB\VID_1A40&PID_0101\6&2EF655E5&0&3, Description: Hub USB generico, Name: Hub USB generico, Manufacturer: (HUB USB standard), Service: USBHUB3, Status: OK
2026-09-02T19:45:24.9270|INFO|ApplicationDeviceConnectionVM.cs|UsbDeviceWatcher_DeviceInserted|232|New USB device detected DeviceId: USB\VID_0547&PID_1433\6&1727222E&0&3, PnpDeviceId: USB\VID_0547&PID_1433\6&1727222E&0&3, Description: Dispositivo WinUSB, Name: USB3.0 Camera, Manufacturer: Dispositivo WinUSB, Service: WINUSB, Status: OK
2026-09-02T19:45:24.9271|INFO|ApplicationDeviceConnectionVM.cs|UsbDeviceWatcher_DeviceInserted|232|New USB device detected DeviceId: USB\VID_1A40&PID_0201\6&2CA8C582&0&2, PnpDeviceId: USB\VID_1A40&PID_0201\6&2CA8C582&0&2, Description: Hub USB generico, Name: Hub USB generico, Manufacturer: (HUB USB standard), Service: USBHUB3, Status: OK
2026-09-02T19:45:26.0451|INFO|ApplicationDeviceConnectionVM.cs|UsbDeviceWatcher_DeviceInserted|232|New USB device detected DeviceId: USB\VID_0547&PID_BF10\7&7EF1AA&0&3, PnpDeviceId: USB\VID_0547&PID_BF10\7&7EF1AA&0&3, Description: Dispositivo WinUSB, Name: FILTERWHEEL  , Manufacturer: Dispositivo WinUSB, Service: WINUSB, Status: OK
2026-09-02T19:45:26.0452|INFO|ApplicationDeviceConnectionVM.cs|UsbDeviceWatcher_DeviceInserted|232|New USB device detected DeviceId: USB\VID_1A86&PID_7523\7&38C2A16F&0&2, PnpDeviceId: USB\VID_1A86&PID_7523\7&38C2A16F&0&2, Description: USB-SERIAL CH340, Name: USB-SERIAL CH340 (COM44), Manufacturer: wch.cn, Service: CH341SER_A64, Status: OK
2026-09-02T19:45:26.0452|INFO|ApplicationDeviceConnectionVM.cs|UsbDeviceWatcher_DeviceInserted|232|New USB device detected DeviceId: USB\VID_1618&PID_6952\7&7EA6B39&0&4, PnpDeviceId: USB\VID_1618&PID_6952\7&7EA6B39&0&4, Description: QHY695A, Name: QHY695A, Manufacturer: QHY CCD, Service: QHY695A_FW, Status: OK
2026-09-02T19:45:26.0453|INFO|ApplicationDeviceConnectionVM.cs|UsbDeviceWatcher_DeviceInserted|232|New USB device detected DeviceId: USB\VID_0403&PID_6010\7&7EA6B39&0&3, PnpDeviceId: USB\VID_0403&PID_6010\7&7EA6B39&0&3, Description: Dispositivo USB composito, Name: Dispositivo USB composito, Manufacturer: (Controller host USB standard), Service: usbccgp, Status: OK
2026-09-02T19:45:26.0453|INFO|ApplicationDeviceConnectionVM.cs|UsbDeviceWatcher_DeviceInserted|232|New USB device detected DeviceId: USB\VID_0403&PID_6010&MI_01\8&367DB49&0&0001, PnpDeviceId: USB\VID_0403&PID_6010&MI_01\8&367DB49&0&0001, Description: USB Serial Converter B, Name: USB Serial Converter B, Manufacturer: FTDI, Service: FTDIBUS, Status: OK
2026-09-02T19:45:26.0453|INFO|ApplicationDeviceConnectionVM.cs|UsbDeviceWatcher_DeviceInserted|232|New USB device detected DeviceId: USB\VID_0403&PID_6010&MI_00\8&367DB49&0&0000, PnpDeviceId: USB\VID_0403&PID_6010&MI_00\8&367DB49&0&0000, Description: USB Serial Converter A, Name: USB Serial Converter A, Manufacturer: FTDI, Service: FTDIBUS, Status: OK
2026-09-02T19:45:26.0453|INFO|ApplicationDeviceConnectionVM.cs|UsbDeviceWatcher_DeviceInserted|232|New USB device detected DeviceId: USB\VID_10C4&PID_EA60\28EAB5B658A6E9118D4DD6A44458CD37, PnpDeviceId: USB\VID_10C4&PID_EA60\28EAB5B658A6E9118D4DD6A44458CD37, Description: Silicon Labs CP210x USB to UART Bridge, Name: Silicon Labs CP210x USB to UART Bridge (COM16), Manufacturer: Silicon Labs, Service: silabser, Status: OK
2026-09-02T19:45:26.5996|INFO|ApplicationDeviceConnectionVM.cs|UsbDeviceWatcher_DeviceRemoved|237|USB Device disconnected DeviceId: USB\VID_1618&PID_6952\7&7EA6B39&0&4, PnpDeviceId: USB\VID_1618&PID_6952\7&7EA6B39&0&4, Description: QHY695A, Name: QHY695A, Manufacturer: QHY CCD, Service: QHY695A_FW, Status: Unknown
2026-09-02T19:45:27.4698|INFO|ApplicationDeviceConnectionVM.cs|UsbDeviceWatcher_DeviceInserted|232|New USB device detected DeviceId: USB\VID_1618&PID_0921\7&7EA6B39&0&1, PnpDeviceId: USB\VID_1618&PID_0921\7&7EA6B39&0&1, Description: QHY5II, Name: QHY5II, Manufacturer: QHY CCD, Service: QHY5II_IO, Status: OK
2026-09-02T19:45:28.2450|INFO|ApplicationDeviceConnectionVM.cs|UsbDeviceWatcher_DeviceInserted|232|New USB device detected DeviceId: USB\VID_1618&PID_6953\7&7EA6B39&0&4, PnpDeviceId: USB\VID_1618&PID_6953\7&7EA6B39&0&4, Description: QHY695A, Name: QHY695A, Manufacturer: QHY CCD, Service: QHY695A_IO, Status: OK
2026-09-02T19:45:35.8063|INFO|AscomDevice.cs|Disconnect|378|Disconnecting from ASCOM.Hub.SafetyMonitor Short driver name - please customise
2026-09-02T19:45:36.2766|INFO|SafetyMonitorVM.cs|Disconnect|221|Disconnected Safety Monitor
2026-09-02T19:45:40.0247|INFO|AscomDevice.cs|Disconnect|378|Disconnecting from ASCOM.TS_Shelter.Dome Shelter Dome
2026-09-02T19:45:40.5054|INFO|DomeVM.cs|Disconnect|355|Disconnected Dome Device
2026-09-02T19:45:44.0518|INFO|AscomDevice.cs|Disconnect|378|Disconnecting from ASCOM.CloudWatcher.ObservingConditions CloudWatcher ObsCond
2026-09-02T19:45:44.0663|INFO|WeatherDataVM.cs|Disconnect|305|Disconnected Weather Device
2026-09-02T19:45:53.6318|INFO|Sequence2VM.cs|UnlockSequence|144|Sequencer locked
2026-09-02T19:48:38.8940|INFO|ApplicationVM.cs|Exit|244|Shutting down application - requested by user
2026-09-02T19:48:39.0522|INFO|ApplicationVM.cs|Closing|289|Application shutting down
2026-09-02T19:48:39.2412|INFO|DomeVM.cs|Disconnect|355|Disconnected Dome Device
2026-09-02T19:48:39.2442|INFO|FlatDeviceVM.cs|Disconnect|289|Disconnected Flat Device
2026-09-02T19:48:39.2553|INFO|CameraVM.cs|Disconnect|650|Disconnected Camera
2026-09-02T19:48:39.2560|INFO|TelescopeVM.cs|Disconnect|740|Disconnected mount
2026-09-02T19:48:39.2575|INFO|FilterWheelVM.cs|Disconnect|333|Disconnected Filter Wheel
2026-09-02T19:48:39.2582|INFO|FocuserVM.cs|Disconnect|441|Disconnected Focuser
2026-09-02T19:48:39.2635|INFO|RotatorVM.cs|Disconnect|447|Disconnected Rotator
2026-09-02T19:48:39.2673|INFO|SwitchVM.cs|Disconnect|309|Disconnected Switch
2026-09-02T19:48:39.2678|INFO|WeatherDataVM.cs|Disconnect|305|Disconnected Weather Device
2026-09-02T19:48:39.2680|INFO|SafetyMonitorVM.cs|Disconnect|221|Disconnected Safety Monitor
