PHD2 version 2.6.14dev1 [Windows], Log version 2.5. Log enabled at 2026-09-12 17:54:12
INFO: Guiding parameter change, MultiStar = true

Log Summary: calcnt:0 gcnt:0 gdur:0 gacnt:0
Log closed at 2026-09-12 17:56:58
PHD2 version 2.6.14dev1 [Windows], Log version 2.5. Log enabled at 2026-09-12 17:54:12
INFO: Guiding parameter change, MultiStar = true

Guiding Begins at 2026-09-12 21:09:01
Equipment Profile = SW4P_EVO
Dither = both axes, Dither scale = 1.000, Image noise reduction = 2x2 mean, Guide-frame time lapse = 0, Server enabled
Pixel scale = 2.91 arc-sec/px, Binning = 1, Focal length = 266 mm
Search region = 15 px, Star mass tolerance = 50.0%, Multi-star mode, list size = 12
 Camera = ZWO ASI120MM Mini (ASCOM), full size = 1280 x 960, have dark, dark dur = 2000, no defect map, pixel size = 3.8 um
Exposure = 2000 ms
Mount = GPUSB, connected, guiding enabled, AuxMount=CPWI_ASCOM_Telescope, xAngle = 154.5, xRate = 5.106, yAngle = -115.5, yRate = 4.901, parity = +/+
Norm rates RA = 16.1"/s @ dec 0, Dec = 14.3"/s; ortho.err. = 0.0 deg
X guide algorithm = Hysteresis, Hysteresis = 0.100, Aggression = 0.700, Minimum move = 0.228
Y guide algorithm = Resist Switch, Minimum move = 0.350 Aggression = 100% FastSwitch = enabled
Backlash comp = enabled, pulse = 2220 ms
Max RA duration = 2500, Max DEC duration = 2500, DEC guide mode = Auto
RA Guide Speed = 14.9 a-s/s, Dec Guide Speed = 14.9 a-s/s, Cal Dec = -0.0, Last Cal Issue = None, Timestamp = 06/09/2026 20:50:26
RA = 20.01 hr, Dec = 22.8 deg, Hour angle = -0.64 hr, Pier side = West, Rotator pos = N/A, Alt = 68.8 deg, Az = 155.0 deg
Lock position = 960.649, 448.120, Star position = 960.649, 448.120, HFD = 3.30 px
Frame,Time,mount,dx,dy,RARawDistance,DECRawDistance,RAGuideDistance,DECGuideDistance,RADuration,RADirection,DECDuration,DECDirection,XStep,YStep,StarMass,SNR,ErrorCode
INFO: SETTLING STATE CHANGE, Settling started
1,2.663,"Mount",-0.353,-0.006,0.316,0.157,0.199,0.000,39,W,0,,,,595261,365.10,0
2,4.849,"Mount",0.027,-0.313,-0.159,0.271,0.000,0.000,0,,0,,,,637878,396.16,0
3,7.519,"Mount",-0.390,-1.149,-0.143,1.204,0.000,1.204,0,,246,S,,,585014,414.15,0
4,10.063,"Mount",-0.207,-1.182,-0.322,1.156,-0.203,1.156,40,E,236,S,,,607956,436.53,0
5,12.631,"Mount",-0.418,-0.872,0.002,0.967,0.000,0.967,0,,197,S,,,628683,359.96,0
INFO: SETTLING STATE CHANGE, Settling complete
6,15.159,"Mount",-0.735,-0.790,0.323,1.029,0.203,1.029,40,W,210,S,,,601294,348.87,0
7,17.727,"Mount",-0.332,-0.764,-0.029,0.832,0.000,0.832,0,,170,S,,,644227,413.84,0
8,20.231,"Mount",-0.029,-1.105,-0.450,1.010,-0.283,1.010,56,E,206,S,,,602971,404.14,0
9,22.895,"Mount",-0.783,-0.864,0.335,1.117,0.191,1.117,37,W,228,S,,,580099,362.28,0
10,25.463,"Mount",-0.834,-1.169,0.249,1.414,0.170,1.414,33,W,289,S,,,575455,361.30,0
11,28.495,"Mount",-1.271,-2.786,-0.052,3.062,0.000,3.062,0,,625,S,,,575761,365.05,0
12,31.295,"Mount",-1.225,-2.683,-0.049,2.948,0.000,2.948,0,,602,S,,,589849,381.01,0
13,34.247,"Mount",-0.932,-1.353,0.259,1.623,0.163,1.623,32,W,331,S,,,629344,433.85,0
14,36.543,"Mount",0.669,0.195,-0.520,-0.464,-0.316,0.000,62,E,0,,,,633082,442.42,0
15,38.975,"Mount",0.579,0.513,-0.301,-0.712,-0.212,0.000,42,E,0,,,,612875,399.39,0
16,41.161,"Mount",0.397,0.486,-0.149,-0.610,0.000,0.000,0,,0,,,,598623,381.53,0
17,43.496,"Mount",0.130,0.673,0.172,-0.664,0.000,0.000,0,,0,,,,576726,361.91,0
18,45.936,"Mount",-0.575,-0.491,0.308,0.691,0.194,0.691,38,W,141,S,,,587366,353.83,0
19,48.431,"Mount",-0.288,-0.349,0.110,0.439,0.000,0.439,0,,90,S,,,603991,383.92,0
20,50.815,"Mount",-0.673,-0.089,0.569,0.370,0.358,0.370,70,W,75,S,,,591017,390.60,0
21,53.287,"Mount",-0.542,0.287,0.613,-0.026,0.411,0.000,81,W,0,,,,588838,388.75,0
22,55.599,"Mount",-0.500,0.477,0.657,-0.215,0.443,0.000,87,W,0,,,,618360,431.66,0
23,57.956,"Mount",0.067,-0.084,-0.097,0.047,0.000,0.000,0,,0,,,,601340,386.94,0
24,60.169,"Mount",-0.202,0.096,0.224,0.001,0.000,0.000,0,,0,,,,579479,364.79,0
25,62.583,"Mount",-0.125,0.299,0.241,-0.216,0.152,0.000,30,W,0,,,,593660,376.06,0
26,64.855,"Mount",-0.183,0.296,0.293,-0.189,0.195,0.000,38,W,0,,,,584557,373.39,0
27,67.312,"Mount",-0.131,0.343,0.266,-0.253,0.181,0.000,35,W,0,,,,580558,380.19,0
28,69.615,"Mount",-0.162,0.470,0.349,-0.355,0.232,0.000,46,W,0,,,,611556,370.60,0
29,71.968,"Mount",0.223,0.138,-0.142,-0.220,0.000,0.000,0,,0,,,,598367,394.83,0
30,74.296,"Mount",-0.225,0.561,0.445,-0.410,0.280,0.000,55,W,0,,,,587874,372.97,0
31,79.135,"Mount",-0.194,0.583,0.426,-0.443,0.288,-0.443,56,W,2310,N,,,593869,400.72,0
32,81.583,"Mount",-0.175,0.273,0.275,-0.171,0.193,0.000,38,W,0,,,,592820,378.45,0
33,83.829,"Mount",0.136,0.220,-0.028,-0.257,0.000,0.000,0,,0,,,,603103,434.69,0
34,86.188,"Mount",0.196,0.293,-0.050,-0.349,0.000,0.000,0,,0,,,,604663,363.64,0
35,88.495,"Mount",0.171,0.405,0.020,-0.439,0.000,-0.439,0,,90,N,,,599601,392.68,0
36,90.859,"Mount",0.225,0.194,-0.119,-0.271,0.000,0.000,0,,0,,,,580806,363.62,0
37,93.127,"Mount",-0.120,0.421,0.289,-0.329,0.182,0.000,36,W,0,,,,608415,385.24,0
38,95.453,"Mount",-0.065,0.236,0.160,-0.185,0.000,0.000,0,,0,,,,591456,396.14,0
39,97.720,"Mount",-0.224,0.374,0.363,-0.241,0.229,0.000,45,W,0,,,,578710,371.67,0
40,100.065,"Mount",0.025,0.241,0.081,-0.228,0.000,0.000,0,,0,,,,602732,379.52,0
41,102.261,"Mount",0.170,0.183,-0.075,-0.238,0.000,0.000,0,,0,,,,582614,385.46,0
42,104.609,"Mount",0.348,0.210,-0.223,-0.340,0.000,0.000,0,,0,,,,588120,351.45,0
43,106.887,"Mount",0.628,-0.020,-0.575,-0.252,-0.362,0.000,71,E,0,,,,594956,390.42,0
44,109.410,"Mount",0.366,0.204,-0.243,-0.342,-0.178,0.000,35,E,0,,,,575815,367.06,0
45,111.610,"Mount",-0.287,-0.588,0.006,0.654,0.000,0.000,0,,0,,,,610806,427.47,0
46,114.223,"Mount",-0.268,0.833,0.601,-0.636,0.378,-0.636,74,W,130,N,,,620429,372.46,0
47,116.402,"Mount",0.073,0.320,0.072,-0.320,0.000,0.000,0,,0,,,,618596,424.62,0
48,118.975,"Mount",-0.382,0.640,0.620,-0.413,0.391,-0.413,77,W,84,N,,,627879,419.75,0
49,121.230,"Mount",-0.133,0.154,0.186,-0.082,0.000,0.000,0,,0,,,,617358,396.65,0
50,123.586,"Mount",0.169,0.031,-0.139,-0.101,0.000,0.000,0,,0,,,,579457,368.82,0
51,125.911,"Mount",0.652,-0.001,-0.589,-0.279,-0.371,0.000,73,E,0,,,,620699,362.87,0
52,128.367,"Mount",0.289,0.067,-0.232,-0.184,-0.172,0.000,34,E,0,,,,604849,388.58,0
53,130.639,"Mount",0.273,-0.020,-0.255,-0.100,-0.173,0.000,34,E,0,,,,589604,402.59,0
54,133.119,"Mount",0.331,-0.028,-0.311,-0.117,-0.208,0.000,41,E,0,,,,614138,454.16,0
55,135.301,"Mount",0.212,0.103,-0.147,-0.184,0.000,0.000,0,,0,,,,597689,355.57,0
56,137.682,"Mount",-0.088,0.200,0.165,-0.143,0.000,0.000,0,,0,,,,591070,356.11,0
57,139.958,"Mount",0.171,0.158,-0.086,-0.216,0.000,0.000,0,,0,,,,622775,370.59,0
58,142.431,"Mount",0.188,0.366,-0.012,-0.412,0.000,-0.412,0,,84,N,,,599810,372.66,0
59,144.720,"Mount",0.627,-0.134,-0.623,-0.149,-0.393,0.000,77,E,0,,,,612947,409.85,0
60,147.159,"Mount",-0.215,0.303,0.324,-0.181,0.177,0.000,35,W,0,,,,588471,404.55,0
61,149.356,"Mount",0.221,0.105,-0.155,-0.190,0.000,0.000,0,,0,,,,631385,386.90,0
62,151.707,"Mount",0.256,0.044,-0.212,-0.150,0.000,0.000,0,,0,,,,593910,376.24,0
63,154.162,"Mount",0.187,0.071,-0.138,-0.145,0.000,0.000,0,,0,,,,596968,376.54,0
64,156.615,"Mount",0.538,-0.176,-0.561,-0.073,-0.354,0.000,69,E,0,,,,624204,392.40,0
65,158.935,"Mount",0.722,-0.211,-0.742,-0.120,-0.493,0.000,96,E,0,,,,580637,336.72,0
66,161.421,"Mount",0.116,0.005,-0.102,-0.055,0.000,0.000,0,,0,,,,577047,383.65,0
67,163.631,"Mount",0.058,0.100,-0.010,-0.115,0.000,0.000,0,,0,,,,602704,390.38,0
68,166.069,"Mount",0.365,0.096,-0.289,-0.244,-0.182,0.000,36,E,0,,,,590332,357.94,0
69,168.367,"Mount",0.456,-0.139,-0.471,-0.071,-0.310,0.000,61,E,0,,,,591408,368.89,0
70,170.764,"Mount",0.215,0.200,-0.108,-0.273,0.000,0.000,0,,0,,,,598725,343.74,0
71,173.031,"Mount",0.411,-0.081,-0.405,-0.104,-0.255,0.000,50,E,0,,,,598479,351.30,0
72,175.463,"Mount",0.415,0.010,-0.370,-0.188,-0.251,0.000,49,E,0,,,,622691,386.55,0
73,177.637,"Mount",-0.022,0.231,0.119,-0.199,0.000,0.000,0,,0,,,,613343,393.72,0
74,180.028,"Mount",0.039,0.117,0.015,-0.123,0.000,0.000,0,,0,,,,556925,336.00,0
75,182.311,"Mount",-0.217,0.303,0.326,-0.180,0.205,0.000,40,W,0,,,,594752,420.94,0
76,184.654,"Mount",0.297,0.194,-0.184,-0.302,0.000,0.000,0,,0,,,,643097,415.66,0
77,187.075,"Mount",0.786,0.017,-0.702,-0.353,-0.442,-0.353,87,E,72,N,,,643668,404.21,0
78,189.679,"Mount",0.609,0.128,-0.494,-0.378,-0.342,-0.378,67,E,77,N,,,642176,398.69,0
79,191.895,"Mount",0.187,-0.007,-0.171,-0.074,0.000,0.000,0,,0,,,,620260,407.09,0
80,194.242,"Mount",-0.065,0.067,0.088,-0.033,0.000,0.000,0,,0,,,,579770,358.95,0
81,196.436,"Mount",-0.063,0.103,0.102,-0.066,0.000,0.000,0,,0,,,,594094,353.69,0
82,198.785,"Mount",-0.087,0.182,0.157,-0.127,0.000,0.000,0,,0,,,,609283,396.46,0
83,201.120,"Mount",-0.386,0.217,0.441,-0.029,0.278,0.000,54,W,0,,,,581726,373.37,0
84,203.679,"Mount",-0.940,0.343,0.996,0.095,0.647,0.000,127,W,0,,,,588668,386.91,0
85,205.991,"Mount",-0.612,0.325,0.692,-0.030,0.482,0.000,94,W,0,,,,587549,376.43,0
86,208.373,"Mount",-0.113,0.234,0.202,-0.162,0.000,0.000,0,,0,,,,606980,376.64,0
87,210.663,"Mount",-0.294,0.207,0.354,-0.061,0.223,0.000,44,W,0,,,,596247,378.11,0
88,213.044,"Mount",0.049,0.099,-0.002,-0.110,0.000,0.000,0,,0,,,,568999,377.24,0
89,215.247,"Mount",0.146,0.011,-0.127,-0.073,0.000,0.000,0,,0,,,,583227,350.46,0
90,217.588,"Mount",0.122,-0.022,-0.120,-0.033,0.000,0.000,0,,0,,,,577421,365.31,0
91,219.820,"Mount",0.093,0.064,-0.056,-0.098,0.000,0.000,0,,0,,,,601954,393.22,0
92,222.163,"Mount",0.149,0.001,-0.134,-0.065,0.000,0.000,0,,0,,,,589907,387.90,0
93,224.382,"Mount",-0.008,0.098,0.049,-0.085,0.000,0.000,0,,0,,,,595234,401.45,0
94,226.879,"Mount",-0.525,0.385,0.640,-0.121,0.403,0.000,79,W,0,,,,590575,377.89,0
95,229.129,"Mount",0.050,0.204,0.042,-0.206,0.000,0.000,0,,0,,,,633792,405.98,0
96,231.489,"Mount",0.148,0.057,-0.109,-0.115,0.000,0.000,0,,0,,,,605626,407.13,0
97,233.871,"Mount",0.460,-0.113,-0.463,-0.096,-0.292,0.000,57,E,0,,,,624112,439.08,0
98,236.217,"Mount",-0.065,0.233,0.159,-0.183,0.000,0.000,0,,0,,,,583253,342.09,0
99,238.485,"Mount",0.066,0.140,0.001,-0.155,0.000,0.000,0,,0,,,,598795,386.22,0
100,240.850,"Mount",0.179,0.028,-0.149,-0.103,0.000,0.000,0,,0,,,,599214,372.15,0
101,243.208,"Mount",0.397,-0.005,-0.360,-0.166,-0.227,0.000,44,E,0,,,,614916,415.76,0
102,245.655,"Mount",-0.289,0.408,0.437,-0.244,0.259,0.000,51,W,0,,,,598018,369.36,0
103,247.854,"Mount",-0.156,0.199,0.226,-0.112,0.000,0.000,0,,0,,,,588682,334.80,0
104,250.351,"Mount",-0.000,0.403,0.173,-0.363,0.000,-0.363,0,,74,N,,,582649,382.11,0
105,252.534,"Mount",0.049,-0.025,-0.055,0.001,0.000,0.000,0,,0,,,,606515,412.52,0
106,254.902,"Mount",0.062,-0.188,-0.137,0.143,0.000,0.000,0,,0,,,,601771,400.79,0
107,257.263,"Mount",0.501,-0.455,-0.648,0.195,-0.408,0.000,80,E,0,,,,593272,411.67,0
108,259.712,"Mount",0.230,-0.350,-0.358,0.217,-0.254,0.000,50,E,0,,,,592365,393.61,0
109,262.065,"Mount",0.290,-0.127,-0.317,-0.010,-0.217,0.000,43,E,0,,,,593918,371.91,0
110,264.535,"Mount",-0.139,0.446,0.317,-0.343,0.185,0.000,36,W,0,,,,601506,356.37,0
111,266.751,"Mount",-0.010,0.121,0.061,-0.105,0.000,0.000,0,,0,,,,606589,377.72,0
112,269.264,"Mount",-0.424,0.237,0.485,-0.032,0.305,0.000,60,W,0,,,,592360,370.87,0
113,271.567,"Mount",-0.286,0.404,0.432,-0.241,0.294,0.000,58,W,0,,,,599076,388.96,0
114,273.957,"Mount",0.130,-0.059,-0.142,-0.003,0.000,0.000,0,,0,,,,603758,376.00,0
115,276.252,"Mount",0.127,0.232,-0.015,-0.264,0.000,0.000,0,,0,,,,602764,380.37,0
116,278.687,"Mount",0.477,-0.159,-0.499,-0.062,-0.315,0.000,62,E,0,,,,586531,368.11,0
117,280.983,"Mount",0.457,-0.116,-0.462,-0.092,-0.313,0.000,61,E,0,,,,615407,376.90,0
118,283.364,"Mount",-0.003,0.126,0.057,-0.112,0.000,0.000,0,,0,,,,594757,391.44,0
119,285.807,"Mount",0.719,0.060,-0.623,-0.364,-0.393,-0.364,77,E,74,N,,,657745,333.69,0
120,288.415,"Mount",-0.065,0.506,0.277,-0.429,0.147,-0.429,29,W,88,N,,,648772,365.11,0
121,290.759,"Mount",0.780,-0.044,-0.723,-0.296,-0.445,0.000,87,E,0,,,,666258,393.42,0
122,293.447,"Mount",0.603,0.393,-0.375,-0.615,-0.268,-0.615,52,E,125,N,,,649141,414.92,0
123,295.825,"Mount",0.144,0.039,-0.114,-0.097,0.000,0.000,0,,0,,,,651735,442.16,0
124,298.407,"Mount",-0.104,0.372,0.254,-0.291,0.160,0.000,31,W,0,,,,639040,385.96,0
125,300.720,"Mount",-0.295,0.039,0.283,0.092,0.189,0.000,37,W,0,,,,610563,399.44,0
126,303.169,"Mount",0.440,-0.064,-0.424,-0.131,-0.254,0.000,50,E,0,,,,635428,442.77,0
127,305.512,"Mount",0.613,-0.128,-0.609,-0.148,-0.401,0.000,79,E,0,,,,622650,388.71,0
128,307.873,"Mount",0.047,0.043,-0.024,-0.059,0.000,0.000,0,,0,,,,595622,361.38,0
129,310.335,"Mount",-0.555,0.221,0.596,0.039,0.375,0.000,73,W,0,,,,624844,436.25,0
130,312.672,"Mount",0.035,0.078,0.001,-0.085,0.000,0.000,0,,0,,,,637094,429.09,0
131,314.920,"Mount",-0.013,0.246,0.118,-0.216,0.000,0.000,0,,0,,,,622775,395.27,0
132,317.359,"Mount",0.400,-0.096,-0.403,-0.085,-0.254,0.000,50,E,0,,,,604030,391.46,0
133,319.596,"Mount",0.146,-0.071,-0.163,0.001,0.000,0.000,0,,0,,,,588374,352.79,0
134,321.983,"Mount",0.238,0.064,-0.187,-0.160,0.000,0.000,0,,0,,,,621160,402.46,0
135,324.287,"Mount",0.433,-0.059,-0.416,-0.133,-0.262,0.000,51,E,0,,,,610934,355.12,0
136,326.919,"Mount",0.105,0.415,0.084,-0.420,0.000,-0.420,0,,86,N,,,628177,381.25,0
137,329.217,"Mount",-0.354,-0.068,0.290,0.213,0.183,0.000,36,W,0,,,,622593,406.80,0
138,331.647,"Mount",-0.304,0.053,0.298,0.083,0.200,0.000,39,W,0,,,,616975,362.08,0
139,334.005,"Mount",-0.012,-0.181,-0.067,0.169,0.000,0.000,0,,0,,,,597955,415.73,0
140,336.423,"Mount",0.360,-0.186,-0.405,0.013,-0.255,0.000,50,E,0,,,,616091,409.66,0
141,338.791,"Mount",0.563,-0.626,-0.778,0.323,-0.508,0.000,99,E,0,,,,626428,371.08,0
142,341.335,"Mount",0.473,-1.042,-0.875,0.737,-0.587,0.000,115,E,0,,,,659977,404.77,0
143,343.711,"Mount",0.579,-0.207,-0.612,-0.063,-0.427,0.000,84,E,0,,,,642800,440.00,0
144,346.152,"Mount",-0.373,0.057,0.362,0.109,0.198,0.000,39,W,0,,,,601611,402.65,0
145,348.424,"Mount",0.135,-0.077,-0.155,0.011,0.000,0.000,0,,0,,,,626830,385.87,0
146,350.831,"Mount",-0.241,0.040,0.235,0.067,0.148,0.000,29,W,0,,,,618126,388.28,0
147,353.248,"Mount",-1.123,0.118,1.065,0.377,0.681,0.000,133,W,0,,,,613246,422.04,0
148,355.759,"Mount",-0.623,0.420,0.743,-0.111,0.516,0.000,101,W,0,,,,625712,448.80,0
149,358.295,"Mount",0.288,-0.095,-0.301,-0.038,-0.153,0.000,30,E,0,,,,639006,406.93,0
150,360.668,"Mount",-0.097,0.265,0.201,-0.198,0.000,0.000,0,,0,,,,618990,371.88,0
151,362.991,"Mount",-0.641,0.335,0.723,-0.027,0.455,0.000,89,W,0,,,,613315,394.85,0
152,365.432,"Mount",-0.279,0.162,0.321,-0.026,0.234,0.000,46,W,0,,,,599199,384.82,0
153,367.656,"Mount",-0.169,0.081,0.187,0.000,0.000,0.000,0,,0,,,,598852,350.83,0
154,370.081,"Mount",-0.132,-0.074,0.087,0.123,0.000,0.000,0,,0,,,,584496,379.59,0
155,372.407,"Mount",-0.672,0.268,0.721,0.048,0.454,0.000,89,W,0,,,,612584,405.75,0
156,374.895,"Mount",-0.686,0.191,0.702,0.123,0.474,0.000,93,W,0,,,,595504,375.74,0
157,377.303,"Mount",-0.779,0.337,0.848,0.031,0.567,0.000,111,W,0,,,,573867,388.98,0
158,379.775,"Mount",0.485,-0.195,-0.522,-0.033,-0.289,0.000,57,E,0,,,,654257,419.29,0
159,382.162,"Mount",-0.016,-0.000,0.014,0.007,0.000,0.000,0,,0,,,,590288,404.04,0
160,384.586,"Mount",0.223,0.125,-0.148,-0.208,0.000,0.000,0,,0,,,,620858,406.77,0
161,386.864,"Mount",0.203,0.096,-0.142,-0.174,0.000,0.000,0,,0,,,,608796,387.76,0
162,389.236,"Mount",0.158,0.028,-0.130,-0.094,0.000,0.000,0,,0,,,,625534,410.74,0
163,391.551,"Mount",-0.178,0.402,0.334,-0.287,0.210,0.000,41,W,0,,,,636321,373.86,0
164,394.153,"Mount",-0.350,0.273,0.434,-0.096,0.288,0.000,56,W,0,,,,614214,415.44,0
165,396.495,"Mount",-0.478,0.246,0.538,-0.017,0.359,0.000,70,W,0,,,,601974,360.10,0
166,398.845,"Mount",0.118,0.017,-0.100,-0.066,0.000,0.000,0,,0,,,,607740,388.02,0
167,401.053,"Mount",0.203,-0.030,-0.196,-0.060,0.000,0.000,0,,0,,,,623581,351.72,0
168,403.527,"Mount",0.459,0.013,-0.409,-0.209,-0.258,0.000,50,E,0,,,,620766,379.39,0
169,405.855,"Mount",0.639,0.013,-0.571,-0.287,-0.378,0.000,74,E,0,,,,610632,409.82,0
170,408.351,"Mount",0.286,0.348,-0.108,-0.437,0.000,-0.437,0,,89,N,,,613979,410.32,0
171,410.537,"Mount",0.089,-0.070,-0.111,0.025,0.000,0.000,0,,0,,,,592635,391.53,0
172,412.943,"Mount",-0.291,0.044,0.281,0.085,0.177,0.000,35,W,0,,,,601901,358.88,0
173,415.215,"Mount",-0.295,0.170,0.339,-0.027,0.226,0.000,44,W,0,,,,604180,408.34,0
174,417.751,"Mount",-0.707,0.354,0.791,-0.015,0.514,0.000,101,W,0,,,,647900,404.29,0
175,420.035,"Mount",-0.080,-0.107,0.026,0.131,0.000,0.000,0,,0,,,,633102,390.60,0
176,422.495,"Mount",0.132,-0.396,-0.289,0.301,-0.182,0.000,36,E,0,,,,599325,373.48,0
177,424.824,"Mount",0.352,-0.379,-0.480,0.190,-0.315,0.000,62,E,0,,,,621354,378.32,0
178,429.951,"Mount",0.198,-1.772,-0.941,1.514,-0.615,1.514,120,E,2500,S,,,673880,460.41,0
179,432.471,"Mount",-0.142,-0.636,-0.146,0.635,0.000,0.635,0,,130,S,,,653716,442.54,0
180,434.903,"Mount",0.154,-0.651,-0.419,0.522,-0.264,0.522,52,E,106,S,,,666762,408.51,0
181,437.349,"Mount",0.423,0.247,-0.276,-0.405,-0.192,0.000,38,E,0,,,,663031,426.43,0
182,439.714,"Mount",0.043,-0.032,-0.053,0.010,0.000,0.000,0,,0,,,,625099,383.45,0
183,442.191,"Mount",0.556,-0.250,-0.609,-0.014,-0.384,0.000,75,E,0,,,,662578,439.40,0
184,444.535,"Mount",0.956,-0.175,-0.938,-0.254,-0.618,0.000,121,E,0,,,,666812,438.48,0
185,446.983,"Mount",0.522,0.019,-0.463,-0.242,-0.335,0.000,66,E,0,,,,646325,401.17,0
186,449.197,"Mount",0.097,0.059,-0.062,-0.095,0.000,0.000,0,,0,,,,637948,406.90,0
187,451.639,"Mount",-0.236,0.389,0.381,-0.250,0.240,0.000,47,W,0,,,,608712,372.59,0
188,454.012,"Mount",-0.031,0.050,0.050,-0.032,0.000,0.000,0,,0,,,,594725,357.04,0
189,456.386,"Mount",0.019,0.001,-0.016,-0.009,0.000,0.000,0,,0,,,,605442,343.07,0
190,458.591,"Mount",0.080,-0.036,-0.087,-0.002,0.000,0.000,0,,0,,,,613527,397.86,0
191,461.015,"Mount",-0.053,0.154,0.114,-0.116,0.000,0.000,0,,0,,,,616703,381.07,0
192,463.360,"Mount",-0.118,-0.258,-0.005,0.284,0.000,0.000,0,,0,,,,620812,383.85,0
193,465.775,"Mount",0.266,-0.146,-0.302,0.017,-0.191,0.000,37,E,0,,,,635253,394.87,0
194,468.127,"Mount",0.669,-0.379,-0.767,0.055,-0.497,0.000,97,E,0,,,,605356,377.78,0
195,470.573,"Mount",0.349,-0.009,-0.319,-0.142,-0.235,0.000,46,E,0,,,,637299,419.19,0
196,472.774,"Mount",0.208,-0.015,-0.195,-0.076,0.000,0.000,0,,0,,,,618386,432.05,0
197,475.125,"Mount",0.011,0.092,0.030,-0.087,0.000,0.000,0,,0,,,,628276,441.91,0
198,477.345,"Mount",-0.138,0.105,0.169,-0.036,0.000,0.000,0,,0,,,,581150,393.71,0
199,479.759,"Mount",-0.284,0.234,0.357,-0.089,0.225,0.000,44,W,0,,,,587698,418.79,0
200,482.247,"Mount",-0.252,0.147,0.290,-0.024,0.199,0.000,39,W,0,,,,585142,384.28,0
201,484.711,"Mount",0.508,-0.202,-0.545,-0.036,-0.330,0.000,65,E,0,,,,615446,402.30,0
202,487.007,"Mount",0.358,-0.013,-0.329,-0.142,-0.230,0.000,45,E,0,,,,608370,404.44,0
203,489.608,"Mount",1.510,-0.214,-1.455,-0.457,-0.933,0.000,183,E,0,,,,659977,402.34,0
204,491.992,"Mount",0.790,-0.085,-0.750,-0.264,-0.537,0.000,105,E,0,,,,632863,409.84,0
205,494.346,"Mount",0.163,0.111,-0.099,-0.170,0.000,0.000,0,,0,,,,625183,410.90,0
206,496.588,"Mount",0.078,0.140,-0.010,-0.160,0.000,0.000,0,,0,,,,592772,389.29,0
207,499.227,"Mount",-0.204,0.398,0.355,-0.272,0.224,0.000,44,W,0,,,,600232,377.03,0
208,501.630,"Mount",-0.228,0.377,0.368,-0.242,0.247,0.000,48,W,0,,,,620243,373.64,0
209,504.119,"Mount",-0.476,0.421,0.611,-0.175,0.402,0.000,79,W,0,,,,628688,389.67,0
210,506.374,"Mount",-0.054,0.406,0.224,-0.343,0.000,0.000,0,,0,,,,633902,419.36,0
211,508.719,"Mount",-0.024,0.108,0.068,-0.088,0.000,0.000,0,,0,,,,624503,413.61,0
212,510.963,"Mount",0.219,0.103,-0.153,-0.187,0.000,0.000,0,,0,,,,578147,364.67,0
213,513.670,"Mount",0.331,0.083,-0.263,-0.217,-0.166,0.000,32,E,0,,,,599481,380.30,0
214,515.935,"Mount",0.351,0.108,-0.270,-0.248,-0.182,0.000,36,E,0,,,,607599,392.58,0
215,518.368,"Mount",0.221,0.211,-0.109,-0.285,0.000,0.000,0,,0,,,,616671,384.75,0
216,520.655,"Mount",0.354,0.127,-0.265,-0.267,-0.167,0.000,33,E,0,,,,616314,407.07,0
217,523.135,"Mount",-0.287,0.328,0.400,-0.173,0.240,0.000,47,W,0,,,,626421,434.26,0
218,525.439,"Mount",-0.262,0.332,0.380,-0.187,0.256,0.000,50,W,0,,,,619210,424.97,0
219,527.798,"Mount",0.097,0.313,0.047,-0.324,0.000,0.000,0,,0,,,,623961,374.49,0
220,530.098,"Mount",0.301,0.090,-0.233,-0.210,-0.147,0.000,29,E,0,,,,596207,377.94,0
221,532.482,"Mount",0.354,0.219,-0.225,-0.350,0.000,0.000,0,,0,,,,601115,402.96,0
222,534.759,"Mount",0.446,0.158,-0.335,-0.335,-0.211,0.000,41,E,0,,,,593358,402.33,0
223,537.093,"Mount",-0.054,0.156,0.116,-0.117,0.000,0.000,0,,0,,,,616787,405.80,0
224,539.318,"Mount",0.055,0.225,0.047,-0.227,0.000,0.000,0,,0,,,,627320,407.04,0
225,541.711,"Mount",0.119,0.220,-0.013,-0.250,0.000,0.000,0,,0,,,,600914,372.73,0
226,543.903,"Mount",0.087,0.335,0.066,-0.339,0.000,0.000,0,,0,,,,611023,389.88,0
227,546.367,"Mount",-0.085,0.417,0.256,-0.340,0.161,0.000,32,W,0,,,,630766,420.17,0
228,548.647,"Mount",0.028,0.308,0.107,-0.291,0.000,0.000,0,,0,,,,633362,376.98,0
229,551.038,"Mount",0.354,0.515,-0.098,-0.618,0.000,0.000,0,,0,,,,629235,413.46,0
230,555.863,"Mount",0.503,0.265,-0.340,-0.456,-0.214,-0.456,42,E,2395,N,,,620944,410.28,0
231,558.335,"Mount",0.083,-0.888,-0.457,0.766,-0.303,0.000,59,E,0,,,,644644,386.48,0
232,560.799,"Mount",0.131,-0.580,-0.367,0.467,-0.253,0.000,49,E,0,,,,646865,367.21,0
233,563.147,"Mount",-0.267,-0.076,0.208,0.183,0.000,0.000,0,,0,,,,642681,407.07,0
234,565.535,"Mount",-0.927,-0.018,0.829,0.415,0.522,0.000,102,W,0,,,,620171,368.60,0
235,568.007,"Mount",-0.365,-0.215,0.237,0.351,0.186,0.000,36,W,0,,,,633034,419.26,0
236,570.283,"Mount",-0.271,-0.312,0.110,0.398,0.000,0.000,0,,0,,,,652018,448.01,0
237,572.654,"Mount",-0.322,-0.307,0.159,0.416,0.000,0.000,0,,0,,,,614516,391.71,0
238,577.279,"Mount",-0.118,-0.437,-0.082,0.446,0.000,0.446,0,,2393,S,,,583270,396.54,0
239,579.783,"Mount",0.917,-0.341,-0.975,-0.087,-0.614,0.000,120,E,0,,,,632794,411.25,0
240,582.159,"Mount",0.989,-0.183,-0.971,-0.260,-0.655,0.000,128,E,0,,,,646302,413.68,0
241,584.514,"Mount",0.065,0.204,0.029,-0.212,0.000,0.000,0,,0,,,,583011,398.24,0
242,586.823,"Mount",-0.327,0.329,0.437,-0.156,0.275,0.000,54,W,0,,,,592612,386.39,0
243,589.287,"Mount",0.273,-0.000,-0.247,-0.117,-0.136,0.000,27,E,0,,,,594551,399.08,0
244,591.501,"Mount",-0.021,0.311,0.152,-0.271,0.000,0.000,0,,0,,,,632893,415.07,0
245,593.869,"Mount",-0.005,0.287,0.128,-0.257,0.000,0.000,0,,0,,,,601452,349.89,0
246,596.078,"Mount",0.038,0.112,0.014,-0.118,0.000,0.000,0,,0,,,,593380,360.86,0
247,598.484,"Mount",0.120,-0.009,-0.112,-0.044,0.000,0.000,0,,0,,,,617075,364.25,0
248,600.692,"Mount",0.072,0.091,-0.026,-0.113,0.000,0.000,0,,0,,,,604884,391.00,0
249,603.077,"Mount",0.204,0.080,-0.150,-0.160,0.000,0.000,0,,0,,,,634157,381.94,0
250,605.347,"Mount",0.311,-0.019,-0.289,-0.116,-0.182,0.000,36,E,0,,,,611427,400.96,0
251,607.744,"Mount",0.074,0.226,0.030,-0.236,0.000,0.000,0,,0,,,,597658,360.14,0
252,610.138,"Mount",-0.203,0.178,0.260,-0.074,0.164,0.000,32,W,0,,,,589339,402.88,0
253,612.589,"Mount",0.460,0.122,-0.363,-0.308,-0.217,0.000,43,E,0,,,,617358,387.60,0
254,614.800,"Mount",0.253,0.108,-0.182,-0.206,0.000,0.000,0,,0,,,,631306,380.86,0
255,617.264,"Mount",0.660,0.002,-0.595,-0.286,-0.375,0.000,73,E,0,,,,663457,416.17,0
256,619.492,"Mount",0.061,0.099,-0.013,-0.116,0.000,0.000,0,,0,,,,628703,397.21,0
257,621.851,"Mount",0.062,0.334,0.088,-0.328,0.000,0.000,0,,0,,,,611731,418.09,0
258,624.090,"Mount",0.152,0.271,-0.021,-0.310,0.000,0.000,0,,0,,,,629361,425.77,0
259,626.454,"Mount",0.110,0.342,0.048,-0.356,0.000,0.000,0,,0,,,,666342,424.98,0
260,628.809,"Mount",-0.631,0.558,0.810,-0.233,0.510,0.000,100,W,0,,,,637140,414.44,0
261,631.271,"Mount",-0.192,0.331,0.315,-0.216,0.234,0.000,46,W,0,,,,621555,383.84,0
262,633.613,"Mount",0.477,0.425,-0.248,-0.588,-0.140,0.000,27,E,0,,,,650359,396.50,0
263,638.471,"Mount",0.158,0.482,0.065,-0.503,0.000,-0.503,0,,2405,N,,,633283,380.03,0
264,640.927,"Mount",0.449,0.148,-0.341,-0.327,-0.215,0.000,42,E,0,,,,646496,413.45,0
265,643.391,"Mount",0.095,0.633,0.186,-0.612,0.000,-0.612,0,,125,N,,,662076,418.87,0
266,645.831,"Mount",-0.460,0.122,0.468,0.088,0.295,0.000,58,W,0,,,,635033,408.76,0
267,648.135,"Mount",-0.460,0.018,0.423,0.182,0.287,0.000,56,W,0,,,,609310,396.28,0
268,650.655,"Mount",-0.493,0.325,0.585,-0.081,0.388,0.000,76,W,0,,,,627926,448.54,0
269,653.001,"Mount",-0.872,0.506,1.005,-0.082,0.660,0.000,129,W,0,,,,607815,384.40,0
270,655.455,"Mount",-0.297,0.217,0.361,-0.068,0.274,0.000,54,W,0,,,,628120,431.91,0
271,657.793,"Mount",-0.075,-0.012,0.063,0.043,0.000,0.000,0,,0,,,,637552,389.30,0
272,660.184,"Mount",-0.126,-0.032,0.100,0.083,0.000,0.000,0,,0,,,,621406,392.50,0
273,662.471,"Mount",-0.390,-0.032,0.338,0.197,0.213,0.000,42,W,0,,,,583301,402.38,0
274,664.919,"Mount",-0.547,0.013,0.499,0.224,0.329,0.000,64,W,0,,,,631128,388.40,0
275,667.279,"Mount",-0.445,0.025,0.413,0.169,0.283,0.000,55,W,0,,,,624277,392.20,0
276,669.767,"Mount",-0.411,0.195,0.455,0.001,0.307,0.000,60,W,0,,,,605577,362.72,0
277,672.167,"Mount",-0.854,0.569,1.016,-0.146,0.661,0.000,130,W,0,,,,613463,407.50,0
278,674.631,"Mount",-0.560,0.215,0.598,0.047,0.423,0.000,83,W,0,,,,607665,422.38,0
279,676.978,"Mount",-0.504,0.111,0.503,0.117,0.347,0.000,68,W,0,,,,613005,396.77,0
280,679.540,"Mount",0.112,0.243,0.004,-0.267,0.000,0.000,0,,0,,,,690730,428.06,0
281,681.808,"Mount",0.254,-0.174,-0.304,0.048,-0.191,0.000,38,E,0,,,,638802,381.00,0
282,684.351,"Mount",-0.561,0.224,0.603,0.039,0.366,0.000,72,W,0,,,,628445,404.19,0
283,686.703,"Mount",-0.424,0.444,0.574,-0.218,0.387,0.000,76,W,0,,,,627375,426.03,0
284,689.174,"Mount",0.221,0.222,-0.104,-0.296,0.000,0.000,0,,0,,,,646802,411.32,0
285,691.561,"Mount",-0.381,0.481,0.551,-0.270,0.347,0.000,68,W,0,,,,612254,398.34,0
286,694.159,"Mount",-0.538,0.545,0.720,-0.260,0.478,0.000,94,W,0,,,,642473,415.68,0
287,696.487,"Mount",-0.312,0.296,0.409,-0.133,0.291,0.000,57,W,0,,,,653254,388.50,0
288,698.840,"Mount",0.178,-0.040,-0.178,-0.041,0.000,0.000,0,,0,,,,642662,390.50,0
289,701.111,"Mount",0.296,-0.157,-0.334,0.014,-0.211,0.000,41,E,0,,,,627587,425.61,0
290,703.488,"Mount",0.081,0.332,0.069,-0.334,0.000,0.000,0,,0,,,,613706,390.17,0
291,705.775,"Mount",0.513,-0.240,-0.567,-0.004,-0.357,0.000,70,E,0,,,,618888,405.16,0
292,708.123,"Mount",0.166,0.101,-0.106,-0.163,0.000,0.000,0,,0,,,,600963,415.09,0
293,710.431,"Mount",0.287,-0.099,-0.302,-0.034,-0.190,0.000,37,E,0,,,,623555,391.87,0
294,712.872,"Mount",-0.444,0.203,0.488,0.008,0.294,0.000,58,W,0,,,,613636,437.17,0
295,715.152,"Mount",-0.267,0.099,0.284,0.025,0.199,0.000,39,W,0,,,,590948,379.31,0
296,717.615,"Mount",-0.400,0.265,0.475,-0.067,0.313,0.000,61,W,0,,,,591126,406.46,0
297,719.814,"Mount",0.041,0.188,0.044,-0.187,0.000,0.000,0,,0,,,,637972,417.63,0
298,722.205,"Mount",0.215,0.012,-0.189,-0.103,0.000,0.000,0,,0,,,,624666,378.23,0
299,724.527,"Mount",0.670,-0.159,-0.673,-0.145,-0.424,0.000,83,E,0,,,,633070,429.38,0
300,727.079,"Mount",0.680,-0.249,-0.721,-0.068,-0.484,0.000,95,E,0,,,,637260,447.91,0
301,729.312,"Mount",0.159,0.241,-0.040,-0.286,0.000,0.000,0,,0,,,,638193,412.10,0
302,731.695,"Mount",0.105,0.058,-0.070,-0.097,0.000,0.000,0,,0,,,,616443,420.63,0
303,733.895,"Mount",0.220,-0.038,-0.215,-0.060,0.000,0.000,0,,0,,,,610295,400.50,0
304,736.447,"Mount",0.455,-0.153,-0.477,-0.057,-0.300,0.000,59,E,0,,,,643979,404.04,0
305,738.799,"Mount",0.383,0.015,-0.339,-0.178,-0.235,0.000,46,E,0,,,,615318,417.36,0
306,741.359,"Mount",0.182,0.130,-0.109,-0.195,0.000,0.000,0,,0,,,,619130,361.77,0
307,743.831,"Mount",0.459,0.009,-0.411,-0.206,-0.259,0.000,51,E,0,,,,614705,392.04,0
308,746.188,"Mount",0.306,0.232,-0.177,-0.341,0.000,0.000,0,,0,,,,619316,413.97,0
309,748.479,"Mount",0.429,0.006,-0.385,-0.190,-0.242,0.000,47,E,0,,,,636727,445.33,0
310,750.836,"Mount",0.083,0.199,0.011,-0.216,0.000,0.000,0,,0,,,,596109,386.19,0
311,753.127,"Mount",0.400,0.087,-0.324,-0.251,-0.204,0.000,40,E,0,,,,600115,389.11,0
312,755.573,"Mount",0.357,0.051,-0.300,-0.200,-0.203,0.000,40,E,0,,,,595560,375.58,0
313,757.801,"Mount",0.155,0.063,-0.112,-0.123,0.000,0.000,0,,0,,,,614434,412.20,0
314,760.252,"Mount",-0.026,0.102,0.067,-0.081,0.000,0.000,0,,0,,,,621009,380.34,0
315,762.452,"Mount",-0.028,0.267,0.140,-0.229,0.000,0.000,0,,0,,,,640652,394.36,0
316,764.911,"Mount",0.451,-0.004,-0.409,-0.191,-0.257,0.000,50,E,0,,,,617303,395.79,0
317,767.240,"Mount",0.184,0.307,-0.034,-0.356,0.000,-0.356,0,,73,N,,,628620,425.25,0
318,769.663,"Mount",0.529,0.030,-0.465,-0.255,-0.293,0.000,57,E,0,,,,623055,433.51,0
319,771.997,"Mount",0.280,0.119,-0.201,-0.228,0.000,0.000,0,,0,,,,586389,375.01,0
320,774.341,"Mount",0.107,0.148,-0.033,-0.180,0.000,0.000,0,,0,,,,612247,408.49,0
321,776.624,"Mount",-0.146,0.268,0.248,-0.179,0.156,0.000,31,W,0,,,,610481,410.66,0
322,778.984,"Mount",0.019,0.048,0.003,-0.052,0.000,0.000,0,,0,,,,596193,370.38,0
323,781.295,"Mount",0.016,0.169,0.058,-0.159,0.000,0.000,0,,0,,,,635628,417.46,0
324,783.815,"Mount",0.459,-0.073,-0.446,-0.131,-0.281,0.000,55,E,0,,,,621338,377.35,0
325,786.146,"Mount",0.351,-0.070,-0.347,-0.088,-0.238,0.000,47,E,0,,,,625871,406.66,0
326,788.656,"Mount",0.550,-0.208,-0.586,-0.049,-0.386,0.000,76,E,0,,,,646282,375.24,0
327,790.943,"Mount",-0.110,0.424,0.281,-0.336,0.150,0.000,29,W,0,,,,613937,400.69,0
328,793.531,"Mount",0.445,0.045,-0.382,-0.232,-0.230,0.000,45,E,0,,,,627662,385.31,0
329,795.887,"Mount",0.177,0.338,-0.014,-0.381,0.000,-0.381,0,,78,N,,,639939,393.68,0
330,798.296,"Mount",0.040,0.141,0.025,-0.144,0.000,0.000,0,,0,,,,638920,414.55,0
331,800.679,"Mount",-0.188,0.246,0.275,-0.141,0.173,0.000,34,W,0,,,,629893,416.30,0
332,803.143,"Mount",-0.194,0.221,0.270,-0.116,0.182,0.000,36,W,0,,,,632913,425.35,0
333,805.369,"Mount",-0.053,0.221,0.142,-0.176,0.000,0.000,0,,0,,,,615183,419.10,0
334,807.799,"Mount",-0.425,0.364,0.541,-0.145,0.341,0.000,67,W,0,,,,610726,427.00,0
335,809.999,"Mount",0.046,-0.038,-0.057,0.014,0.000,0.000,0,,0,,,,621614,400.85,0
336,812.382,"Mount",0.082,-0.041,-0.091,0.002,0.000,0.000,0,,0,,,,608744,388.01,0
337,814.565,"Mount",0.108,0.081,-0.063,-0.120,0.000,0.000,0,,0,,,,641797,400.95,0
338,816.962,"Mount",0.023,0.048,-0.000,-0.053,0.000,0.000,0,,0,,,,622485,363.24,0
339,819.239,"Mount",0.200,-0.243,-0.285,0.133,-0.180,0.000,35,E,0,,,,610549,389.00,0
340,821.688,"Mount",-0.244,0.327,0.361,-0.190,0.215,0.000,42,W,0,,,,617556,427.15,0
341,823.986,"Mount",0.145,0.137,-0.072,-0.186,0.000,0.000,0,,0,,,,621683,392.62,0
342,826.399,"Mount",-0.103,0.109,0.140,-0.054,0.000,0.000,0,,0,,,,603653,393.67,0
343,828.606,"Mount",0.156,-0.029,-0.153,-0.041,0.000,0.000,0,,0,,,,620781,388.73,0
344,831.063,"Mount",0.725,-0.120,-0.706,-0.204,-0.445,0.000,87,E,0,,,,657279,402.91,0
345,833.336,"Mount",0.099,0.015,-0.083,-0.056,0.000,0.000,0,,0,,,,621721,403.61,0
346,835.752,"Mount",-0.181,0.384,0.328,-0.269,0.207,0.000,41,W,0,,,,642488,410.41,0
347,837.955,"Mount",0.266,0.173,-0.165,-0.270,0.000,0.000,0,,0,,,,649955,375.70,0
348,840.310,"Mount",-0.090,0.250,0.189,-0.187,0.000,0.000,0,,0,,,,610860,390.27,0
349,842.751,"Mount",-0.137,0.469,0.325,-0.365,0.205,-0.365,40,W,74,N,,,659685,420.29,0
350,845.203,"Mount",-0.439,0.004,0.398,0.185,0.265,0.000,52,W,0,,,,632188,413.62,0
351,847.503,"Mount",-0.296,0.041,0.285,0.090,0.198,0.000,39,W,0,,,,613706,395.84,0
352,849.975,"Mount",0.504,-0.167,-0.526,-0.066,-0.318,0.000,62,E,0,,,,659293,397.12,0
353,852.303,"Mount",0.575,-0.167,-0.591,-0.097,-0.394,0.000,77,E,0,,,,665168,415.89,0
354,854.802,"Mount",0.029,0.072,0.005,-0.077,0.000,0.000,0,,0,,,,652306,375.63,0
355,857.095,"Mount",0.243,-0.035,-0.235,-0.073,-0.148,0.000,29,E,0,,,,643011,400.99,0
356,859.544,"Mount",0.294,-0.134,-0.323,-0.005,-0.214,0.000,42,E,0,,,,637740,421.02,0
357,861.822,"Mount",-0.038,0.192,0.117,-0.157,0.000,0.000,0,,0,,,,607434,370.64,0
358,864.264,"Mount",-0.379,0.169,0.414,0.011,0.261,0.000,51,W,0,,,,604669,380.45,0
359,866.615,"Mount",-0.264,0.260,0.350,-0.121,0.239,0.000,47,W,0,,,,621568,384.58,0
360,869.039,"Mount",-0.294,-0.070,0.235,0.190,0.165,0.000,32,W,0,,,,632402,413.67,0
361,871.369,"Mount",-0.287,-0.022,0.250,0.144,0.169,0.000,33,W,0,,,,595622,356.74,0
362,873.967,"Mount",0.426,-0.295,-0.512,0.083,-0.311,0.000,61,E,0,,,,620799,403.20,0
363,876.200,"Mount",0.164,-0.058,-0.173,-0.018,0.000,0.000,0,,0,,,,625367,368.20,0
364,878.674,"Mount",0.486,-0.221,-0.534,-0.009,-0.336,0.000,66,E,0,,,,651690,388.06,0
365,881.007,"Mount",0.470,-0.264,-0.538,0.036,-0.363,0.000,71,E,0,,,,649906,394.79,0
366,883.527,"Mount",0.325,-0.023,-0.304,-0.119,-0.217,0.000,42,E,0,,,,612940,393.73,0
367,885.860,"Mount",-0.155,0.049,0.161,0.022,0.000,0.000,0,,0,,,,603446,401.81,0
368,888.198,"Mount",-0.156,0.081,0.176,-0.005,0.000,0.000,0,,0,,,,627971,377.21,0
369,890.519,"Mount",-0.397,0.241,0.463,-0.047,0.291,0.000,57,W,0,,,,609135,403.87,0
370,892.952,"Mount",0.358,0.063,-0.296,-0.211,-0.166,0.000,33,E,0,,,,604210,376.11,0
371,895.148,"Mount",-0.004,0.049,0.024,-0.043,0.000,0.000,0,,0,,,,598417,372.19,0
372,897.583,"Mount",0.311,-0.074,-0.312,-0.067,-0.197,0.000,39,E,0,,,,614015,421.93,0
373,899.770,"Mount",0.200,-0.036,-0.196,-0.053,0.000,0.000,0,,0,,,,599157,411.77,0
374,902.311,"Mount",0.261,-0.005,-0.237,-0.108,-0.149,0.000,29,E,0,,,,611412,410.53,0
375,904.511,"Mount",0.255,0.122,-0.178,-0.220,0.000,0.000,0,,0,,,,625227,396.73,0
376,907.119,"Mount",0.409,0.084,-0.332,-0.252,-0.209,0.000,41,E,0,,,,631576,387.31,0
377,909.559,"Mount",-0.095,0.349,0.237,-0.274,0.134,0.000,26,W,0,,,,634526,333.47,0
378,911.904,"Mount",-0.178,0.132,0.218,-0.042,0.000,0.000,0,,0,,,,647600,387.09,0
379,914.328,"Mount",-0.138,0.564,0.367,-0.450,0.231,-0.450,45,W,92,N,,,649965,429.06,0
380,916.783,"Mount",-0.308,0.218,0.372,-0.065,0.250,0.000,49,W,0,,,,639527,404.70,0
381,919.180,"Mount",-0.131,-0.055,0.095,0.106,0.000,0.000,0,,0,,,,609353,402.37,0
382,921.558,"Mount",-0.119,-0.080,0.073,0.123,0.000,0.000,0,,0,,,,618986,398.85,0
INFO: SET LOCK POSITION, new lock pos = 960.649, 448.120
INFO: DITHER by -4.987, 0.636, new lock pos = 964.878, 445.400
INFO: SETTLING STATE CHANGE, Settling started
383,925.330,"Mount",-4.228,2.721,4.987,-0.636,4.987,-0.636,977,W,130,N,,,656279,403.68,0
384,927.979,"Mount",-1.743,0.831,1.931,-0.000,1.216,0.000,238,W,0,,,,647946,399.51,0
385,930.432,"Mount",-1.536,0.834,1.745,-0.092,1.185,0.000,232,W,0,,,,660477,401.97,0
386,932.831,"Mount",0.127,-0.280,-0.235,0.198,-0.065,0.000,13,E,0,,,,636750,432.78,0
387,935.007,"Mount",-0.129,0.187,0.197,-0.113,0.000,0.000,0,,0,,,,644531,409.44,0
388,937.373,"Mount",0.090,-0.187,-0.161,0.130,0.000,0.000,0,,0,,,,634647,432.90,0
389,939.550,"Mount",-0.037,-0.252,-0.075,0.243,0.000,0.000,0,,0,,,,619334,428.87,0
390,941.975,"Mount",0.230,-0.522,-0.432,0.372,-0.272,0.000,53,E,0,,,,632635,414.68,0
INFO: SETTLING STATE CHANGE, Settling complete
391,944.156,"Mount",-0.089,-0.380,-0.083,0.381,0.000,0.000,0,,0,,,,628550,397.83,0
392,946.575,"Mount",-0.042,0.149,0.102,-0.117,0.000,0.000,0,,0,,,,636636,421.54,0
393,948.919,"Mount",-0.673,0.020,0.616,0.272,0.388,0.000,76,W,0,,,,650779,432.52,0
394,951.359,"Mount",0.628,-0.046,-0.587,-0.229,-0.342,0.000,67,E,0,,,,669227,452.76,0
395,953.703,"Mount",-0.650,0.465,0.787,-0.140,0.472,0.000,92,W,0,,,,647483,410.69,0
396,956.256,"Mount",-0.844,0.353,0.914,0.044,0.609,0.000,119,W,0,,,,644487,452.96,0
397,958.816,"Mount",-0.269,0.044,0.262,0.076,0.208,0.000,41,W,0,,,,632774,377.62,0
398,961.247,"Mount",-0.175,-0.060,0.133,0.130,0.000,0.000,0,,0,,,,800138,352.93,0
399,963.551,"Mount",0.232,-0.121,-0.262,0.009,-0.165,0.000,32,E,0,,,,654818,422.68,0
400,965.909,"Mount",-0.104,-0.074,0.062,0.111,0.000,0.000,0,,0,,,,651424,400.60,0
401,968.191,"Mount",0.370,0.083,-0.299,-0.234,-0.188,0.000,37,E,0,,,,702447,455.42,0
402,970.687,"Mount",-0.658,0.366,0.752,-0.047,0.460,0.000,90,W,0,,,,647798,417.94,0
403,973.126,"Mount",-0.788,0.442,0.901,-0.060,0.600,0.000,118,W,0,,,,641168,443.22,0
404,975.559,"Mount",-0.380,-0.009,0.339,0.172,0.256,0.000,50,W,0,,,,622549,363.02,0
405,977.895,"Mount",-0.418,-0.067,0.349,0.241,0.238,0.000,47,W,0,,,,629214,406.25,0
406,980.528,"Mount",-0.165,0.097,0.191,-0.017,0.000,0.000,0,,0,,,,657937,407.71,0
407,982.883,"Mount",-0.291,0.042,0.281,0.087,0.177,0.000,35,W,0,,,,628101,377.54,0
408,985.307,"Mount",-0.051,0.015,0.052,0.008,0.000,0.000,0,,0,,,,653397,418.13,0
409,987.516,"Mount",-0.035,0.138,0.091,-0.109,0.000,0.000,0,,0,,,,666852,428.90,0
410,990.015,"Mount",0.410,-0.020,-0.379,-0.158,-0.239,0.000,47,E,0,,,,667736,404.73,0
411,992.316,"Mount",-0.394,0.401,0.528,-0.193,0.316,0.000,62,W,0,,,,669350,437.97,0
412,994.849,"Mount",-0.608,0.122,0.601,0.152,0.401,0.000,78,W,0,,,,677876,413.13,0
413,997.139,"Mount",-0.140,-0.017,0.119,0.075,0.000,0.000,0,,0,,,,665086,451.80,0
414,999.561,"Mount",0.342,-0.108,-0.355,-0.050,-0.224,0.000,44,E,0,,,,692648,431.80,0
415,1001.873,"Mount",-0.285,-0.002,0.257,0.125,0.146,0.000,29,W,0,,,,641469,418.06,0
416,1004.311,"Mount",0.253,-0.443,-0.419,0.291,-0.254,0.000,50,E,0,,,,627745,412.93,0
417,1006.500,"Mount",0.055,-0.049,-0.070,0.021,0.000,0.000,0,,0,,,,631940,387.04,0
418,1009.095,"Mount",0.569,-0.121,-0.566,-0.136,-0.356,0.000,70,E,0,,,,674793,452.53,0
419,1011.407,"Mount",-0.450,0.253,0.516,-0.035,0.300,0.000,59,W,0,,,,661477,435.01,0
420,1013.787,"Mount",0.011,0.267,0.105,-0.246,0.000,0.000,0,,0,,,,668241,436.91,0
421,1016.047,"Mount",-0.302,0.103,0.317,0.037,0.200,0.000,39,W,0,,,,649600,446.06,0
422,1018.458,"Mount",0.027,0.006,-0.021,-0.017,0.000,0.000,0,,0,,,,613407,393.05,0
423,1020.671,"Mount",0.187,-0.030,-0.182,-0.054,0.000,0.000,0,,0,,,,647990,424.06,0
424,1023.176,"Mount",0.581,-0.079,-0.559,-0.179,-0.352,0.000,69,E,0,,,,634663,411.19,0
425,1025.464,"Mount",0.384,0.013,-0.341,-0.177,-0.239,0.000,47,E,0,,,,601348,403.74,0
426,1028.031,"Mount",1.268,0.002,-1.143,-0.548,-0.737,0.000,144,E,0,,,,658210,409.63,0
427,1030.463,"Mount",1.085,0.366,-0.822,-0.798,-0.569,0.000,112,E,0,,,,687339,449.88,0
428,1033.056,"Mount",0.053,0.649,0.232,-0.608,0.106,-0.608,21,W,124,N,,,642574,406.65,0
429,1035.269,"Mount",0.129,0.177,-0.040,-0.215,0.000,0.000,0,,0,,,,644070,411.39,0
430,1037.752,"Mount",0.669,-0.043,-0.622,-0.249,-0.392,0.000,77,E,0,,,,661233,434.96,0
431,1040.143,"Mount",0.328,-0.133,-0.353,-0.021,-0.250,0.000,49,E,0,,,,654091,416.34,0
432,1042.601,"Mount",0.215,-0.093,-0.234,-0.008,-0.165,0.000,32,E,0,,,,646746,442.74,0
433,1044.927,"Mount",0.327,-0.459,-0.493,0.273,-0.322,0.000,63,E,0,,,,649429,411.83,0
434,1047.439,"Mount",0.706,-0.396,-0.807,0.054,-0.531,0.000,104,E,0,,,,673411,437.69,0
435,1049.662,"Mount",0.002,-0.036,-0.017,0.032,0.000,0.000,0,,0,,,,660660,406.85,0
436,1052.207,"Mount",0.316,-0.181,-0.363,0.027,-0.229,0.000,45,E,0,,,,646752,417.76,0
437,1054.437,"Mount",-0.042,0.004,0.040,0.014,0.000,0.000,0,,0,,,,653428,425.68,0
438,1056.813,"Mount",-0.065,-0.025,0.048,0.051,0.000,0.000,0,,0,,,,657946,422.53,0
439,1059.119,"Mount",0.187,-0.212,-0.260,0.111,-0.164,0.000,32,E,0,,,,642226,376.64,0
440,1061.544,"Mount",-0.314,-0.095,0.242,0.221,0.141,0.000,28,W,0,,,,615220,413.40,0
441,1063.967,"Mount",0.545,-0.491,-0.704,0.209,-0.433,0.000,85,E,0,,,,635117,441.43,0
442,1066.503,"Mount",0.554,-0.753,-0.824,0.441,-0.550,0.000,108,E,0,,,,639955,415.22,0
443,1068.838,"Mount",0.392,-0.237,-0.456,0.045,-0.325,0.000,64,E,0,,,,637774,433.98,0
444,1071.229,"Mount",-0.186,-0.163,0.098,0.227,0.000,0.000,0,,0,,,,587858,365.43,0
445,1073.482,"Mount",0.022,-0.198,-0.105,0.170,0.000,0.000,0,,0,,,,648257,410.37,0
446,1075.911,"Mount",-0.296,-0.062,0.240,0.183,0.151,0.000,30,W,0,,,,631003,358.35,0
447,1078.327,"Mount",-0.009,0.472,0.211,-0.422,0.000,-0.422,0,,86,N,,,666029,428.75,0
448,1080.879,"Mount",-0.553,0.227,0.597,0.033,0.376,0.000,74,W,0,,,,679223,434.74,0
449,1083.373,"Mount",0.405,-0.152,-0.431,-0.037,-0.245,0.000,48,E,0,,,,646410,423.65,0
450,1085.855,"Mount",0.337,-0.495,-0.517,0.302,-0.343,0.000,67,E,0,,,,645247,414.02,0
451,1088.239,"Mount",0.815,-0.467,-0.937,0.071,-0.614,0.000,120,E,0,,,,648927,386.77,0
452,1090.719,"Mount",0.422,-0.187,-0.461,-0.013,-0.333,0.000,65,E,0,,,,671087,430.88,0
453,1092.955,"Mount",0.062,-0.028,-0.068,-0.001,0.000,0.000,0,,0,,,,695746,428.87,0
454,1095.304,"Mount",-0.100,0.206,0.179,-0.143,0.000,0.000,0,,0,,,,648519,382.94,0
455,1097.526,"Mount",0.345,0.207,-0.223,-0.335,0.000,0.000,0,,0,,,,646332,407.22,0
456,1100.047,"Mount",-0.686,0.262,0.732,0.059,0.461,0.000,90,W,0,,,,689563,442.03,0
457,1102.408,"Mount",-0.685,0.067,0.647,0.234,0.440,0.000,86,W,0,,,,656016,404.62,0
458,1104.922,"Mount",-0.390,0.103,0.396,0.075,0.280,0.000,55,W,0,,,,702928,460.52,0
459,1107.215,"Mount",-0.306,-0.118,0.225,0.238,0.000,0.000,0,,0,,,,624272,420.09,0
460,1109.687,"Mount",0.395,-0.354,-0.509,0.150,-0.321,0.000,63,E,0,,,,682596,420.87,0
461,1111.947,"Mount",0.038,-0.006,-0.037,-0.011,0.000,0.000,0,,0,,,,681212,423.48,0
462,1114.397,"Mount",-0.244,-0.049,0.199,0.149,0.000,0.000,0,,0,,,,644968,394.71,0
463,1116.613,"Mount",-0.340,-0.303,0.176,0.420,0.000,0.000,0,,0,,,,629005,382.88,0
464,1119.023,"Mount",-0.343,-0.099,0.267,0.237,0.168,0.000,33,W,0,,,,619225,406.99,0
465,1121.359,"Mount",-0.545,0.022,0.502,0.215,0.328,0.000,64,W,0,,,,657144,455.51,0
466,1123.805,"Mount",-0.114,-0.278,-0.017,0.300,0.000,0.000,0,,0,,,,648435,436.62,0
467,1126.119,"Mount",0.568,-0.432,-0.699,0.146,-0.440,0.000,86,E,0,,,,672024,401.49,0
468,1128.480,"Mount",-0.353,-0.228,0.220,0.358,0.000,0.000,0,,0,,,,644118,428.89,0
469,1130.655,"Mount",-0.121,-0.298,-0.019,0.321,0.000,0.000,0,,0,,,,634792,403.43,0
470,1133.046,"Mount",0.183,-0.049,-0.186,-0.035,0.000,0.000,0,,0,,,,640815,423.77,0
471,1135.615,"Mount",0.124,-0.271,-0.229,0.191,-0.144,0.000,28,E,0,,,,667916,450.32,0
472,1138.079,"Mount",-0.555,0.107,0.547,0.143,0.334,0.000,65,W,0,,,,652382,402.52,0
473,1140.447,"Mount",-0.617,-0.072,0.526,0.331,0.355,0.000,69,W,0,,,,622469,383.88,0
474,1143.031,"Mount",-0.527,0.105,0.521,0.132,0.353,0.000,69,W,0,,,,633731,409.54,0
475,1145.231,"Mount",-0.297,-0.113,0.219,0.230,0.000,0.000,0,,0,,,,646059,436.83,0
476,1147.601,"Mount",-0.101,-0.259,-0.020,0.277,0.000,0.000,0,,0,,,,628915,419.62,0
477,1149.940,"Mount",0.223,-0.318,-0.338,0.191,-0.213,0.000,42,E,0,,,,626479,369.28,0
478,1152.407,"Mount",0.468,-0.535,-0.653,0.282,-0.426,0.000,83,E,0,,,,645191,434.41,0
479,1154.748,"Mount",0.615,-0.285,-0.678,-0.007,-0.457,0.000,89,E,0,,,,672195,437.75,0
480,1157.172,"Mount",-0.136,0.195,0.206,-0.118,0.000,0.000,0,,0,,,,664723,425.87,0
481,1159.551,"Mount",0.517,0.013,-0.461,-0.234,-0.291,0.000,57,E,0,,,,640797,383.10,0
482,1162.065,"Mount",-0.775,0.288,0.823,0.074,0.498,0.000,98,W,0,,,,616845,412.92,0
483,1164.560,"Mount",-0.666,0.416,0.780,-0.089,0.526,0.000,103,W,0,,,,633438,363.67,0
484,1167.039,"Mount",0.536,0.034,-0.469,-0.262,-0.259,0.000,51,E,0,,,,668065,438.11,0
485,1169.319,"Mount",0.310,-0.067,-0.309,-0.073,-0.213,0.000,42,E,0,,,,657314,416.81,0
486,1171.662,"Mount",0.138,-0.102,-0.168,0.033,0.000,0.000,0,,0,,,,648049,384.36,0
487,1174.135,"Mount",0.374,-0.257,-0.448,0.071,-0.283,0.000,55,E,0,,,,643786,391.68,0
488,1176.526,"Mount",-0.073,0.193,0.149,-0.143,0.000,0.000,0,,0,,,,622687,399.04,0
489,1178.731,"Mount",0.136,0.011,-0.118,-0.069,0.000,0.000,0,,0,,,,629889,438.29,0
490,1181.206,"Mount",0.537,-0.295,-0.611,0.035,-0.385,0.000,75,E,0,,,,615282,386.22,0
491,1183.551,"Mount",0.294,-0.036,-0.281,-0.094,-0.204,0.000,40,E,0,,,,662833,438.06,0
492,1185.907,"Mount",-0.178,0.108,0.208,-0.021,0.000,0.000,0,,0,,,,648023,385.42,0
493,1188.212,"Mount",-0.088,0.066,0.107,-0.022,0.000,0.000,0,,0,,,,659504,407.71,0
494,1190.582,"Mount",0.027,0.015,-0.018,-0.026,0.000,0.000,0,,0,,,,641927,386.50,0
495,1192.820,"Mount",0.140,0.035,-0.111,-0.092,0.000,0.000,0,,0,,,,617990,408.09,0
496,1195.335,"Mount",0.401,-0.047,-0.382,-0.130,-0.241,0.000,47,E,0,,,,634124,424.01,0
497,1197.704,"Mount",0.300,0.021,-0.262,-0.148,-0.182,0.000,36,E,0,,,,670199,421.71,0
498,1200.046,"Mount",0.142,0.032,-0.115,-0.090,0.000,0.000,0,,0,,,,631958,382.22,0
499,1202.253,"Mount",0.182,0.012,-0.159,-0.089,0.000,0.000,0,,0,,,,637484,387.52,0
500,1204.752,"Mount",0.802,-0.236,-0.826,-0.132,-0.520,0.000,102,E,0,,,,673990,419.57,0
501,1206.993,"Mount",-0.130,0.194,0.201,-0.120,0.000,0.000,0,,0,,,,664372,399.38,0
502,1209.471,"Mount",-0.580,0.315,0.659,-0.034,0.415,0.000,81,W,0,,,,653557,443.91,0
503,1211.767,"Mount",-0.305,0.241,0.379,-0.087,0.268,0.000,52,W,0,,,,654686,416.92,0
504,1214.215,"Mount",0.385,-0.038,-0.364,-0.132,-0.211,0.000,41,E,0,,,,617522,396.07,0
505,1216.408,"Mount",0.156,0.055,-0.117,-0.117,0.000,0.000,0,,0,,,,613064,407.20,0
506,1218.893,"Mount",0.658,-0.126,-0.648,-0.170,-0.408,0.000,80,E,0,,,,615724,394.27,0
507,1221.088,"Mount",0.164,0.026,-0.136,-0.094,0.000,0.000,0,,0,,,,608002,395.83,0
508,1223.623,"Mount",-0.288,0.498,0.474,-0.326,0.299,0.000,58,W,0,,,,622210,375.04,0
509,1225.800,"Mount",0.009,0.046,0.011,-0.046,0.000,0.000,0,,0,,,,613386,423.54,0
510,1228.424,"Mount",-0.146,0.377,0.294,-0.278,0.185,0.000,36,W,0,,,,654477,419.82,0
511,1230.879,"Mount",-0.347,0.555,0.552,-0.351,0.361,-0.351,71,W,72,N,,,629773,416.06,0
512,1233.329,"Mount",-0.127,0.251,0.222,-0.172,0.000,0.000,0,,0,,,,632824,409.11,0
513,1235.518,"Mount",0.206,0.062,-0.159,-0.144,0.000,0.000,0,,0,,,,630455,386.88,0
514,1237.995,"Mount",0.437,-0.085,-0.431,-0.111,-0.271,0.000,53,E,0,,,,654397,439.82,0
515,1240.221,"Mount",0.120,0.102,-0.065,-0.143,0.000,0.000,0,,0,,,,657895,399.41,0
516,1242.659,"Mount",0.544,0.094,-0.450,-0.318,-0.284,0.000,56,E,0,,,,664018,437.95,0
517,1244.946,"Mount",0.002,0.318,0.135,-0.288,0.000,0.000,0,,0,,,,654089,421.38,0
518,1247.456,"Mount",-0.696,0.439,0.817,-0.096,0.515,0.000,101,W,0,,,,651485,431.97,0
519,1249.860,"Mount",-0.640,0.307,0.709,-0.002,0.483,0.000,95,W,0,,,,655574,402.46,0
520,1252.376,"Mount",-0.827,0.381,0.911,0.013,0.608,0.000,119,W,0,,,,636229,414.08,0
521,1254.640,"Mount",-0.310,0.063,0.307,0.076,0.236,0.000,46,W,0,,,,667398,405.35,0
522,1257.143,"Mount",0.175,0.380,0.006,-0.418,0.000,-0.418,0,,85,N,,,660654,439.76,0
523,1259.485,"Mount",-0.356,0.058,0.346,0.100,0.218,0.000,43,W,0,,,,655373,435.30,0
524,1261.952,"Mount",-0.595,0.012,0.542,0.245,0.357,0.000,70,W,0,,,,640016,416.43,0
525,1264.255,"Mount",-0.393,-0.173,0.280,0.325,0.202,0.000,39,W,0,,,,629322,416.31,0
526,1266.699,"Mount",-0.021,0.020,0.027,-0.009,0.000,0.000,0,,0,,,,653723,400.93,0
527,1269.035,"Mount",0.361,-0.141,-0.387,-0.028,-0.244,0.000,48,E,0,,,,652271,405.56,0
528,1271.623,"Mount",-1.153,0.432,1.227,0.106,0.756,0.000,148,W,0,,,,660643,423.74,0
529,1273.954,"Mount",-0.272,0.103,0.290,0.024,0.235,0.000,46,W,0,,,,674016,447.40,0
530,1276.352,"Mount",-0.024,0.322,0.160,-0.280,0.000,0.000,0,,0,,,,666699,432.43,0
531,1278.567,"Mount",-0.209,0.086,0.226,0.013,0.000,0.000,0,,0,,,,655912,440.48,0
532,1281.187,"Mount",-0.181,0.096,0.205,-0.009,0.000,0.000,0,,0,,,,645493,434.23,0
533,1283.448,"Mount",0.105,0.132,-0.038,-0.164,0.000,0.000,0,,0,,,,660784,397.22,0
534,1285.843,"Mount",-0.272,-0.069,0.215,0.179,0.000,0.000,0,,0,,,,661631,435.18,0
535,1288.217,"Mount",0.477,-0.113,-0.479,-0.103,-0.302,0.000,59,E,0,,,,662601,414.67,0
536,1290.817,"Mount",-0.616,0.667,0.843,-0.337,0.510,0.000,100,W,0,,,,665528,404.33,0
537,1293.167,"Mount",-0.655,0.400,0.763,-0.079,0.517,0.000,101,W,0,,,,671463,460.91,0
538,1295.872,"Mount",0.032,1.086,0.438,-0.994,0.312,-0.994,61,W,203,N,,,646748,393.70,0
539,1298.086,"Mount",-0.178,-0.049,0.140,0.121,0.000,0.000,0,,0,,,,663949,431.20,0
540,1300.486,"Mount",-0.226,-0.242,0.100,0.315,0.000,0.000,0,,0,,,,641779,374.16,0
541,1302.736,"Mount",-0.032,-0.610,-0.234,0.564,-0.147,0.000,29,E,0,,,,639988,401.97,0
542,1305.104,"Mount",-0.047,-0.471,-0.160,0.446,0.000,0.000,0,,0,,,,628155,385.60,0
543,1307.439,"Mount",0.343,-0.731,-0.624,0.512,-0.393,0.000,77,E,0,,,,657720,414.19,0
544,1312.455,"Mount",-0.522,-0.163,0.401,0.372,0.225,0.372,44,W,2389,S,,,647672,390.51,0
545,1315.175,"Mount",-0.569,-0.357,0.360,0.568,0.243,0.568,48,W,116,S,,,656523,406.51,0
546,1317.575,"Mount",-0.195,-0.553,-0.062,0.583,0.000,0.583,0,,119,S,,,670093,434.79,0
547,1320.057,"Mount",0.632,-0.465,-0.771,0.148,-0.486,0.000,95,E,0,,,,663125,427.27,0
548,1322.351,"Mount",0.382,-0.339,-0.491,0.142,-0.343,0.000,67,E,0,,,,637764,417.67,0
549,1324.896,"Mount",-0.057,-0.488,-0.158,0.466,0.000,0.466,0,,95,S,,,629413,433.33,0
550,1327.204,"Mount",-0.138,-0.191,0.042,0.232,0.000,0.000,0,,0,,,,636042,412.37,0
551,1329.623,"Mount",0.302,-0.361,-0.428,0.195,-0.270,0.000,53,E,0,,,,639052,416.52,0
552,1331.952,"Mount",0.338,-0.272,-0.422,0.100,-0.285,0.000,56,E,0,,,,630721,382.65,0
553,1334.300,"Mount",0.051,-0.144,-0.108,0.108,0.000,0.000,0,,0,,,,634908,396.28,0
554,1336.538,"Mount",0.137,-0.197,-0.209,0.119,0.000,0.000,0,,0,,,,619906,396.83,0
555,1338.983,"Mount",0.491,-0.184,-0.523,-0.046,-0.329,0.000,65,E,0,,,,626229,409.98,0
556,1341.351,"Mount",0.449,-0.201,-0.492,-0.012,-0.333,0.000,65,E,0,,,,615495,394.74,0
557,1343.774,"Mount",0.099,-0.212,-0.181,0.149,0.000,0.000,0,,0,,,,612667,416.96,0
558,1346.096,"Mount",0.497,-0.377,-0.611,0.126,-0.385,0.000,75,E,0,,,,627758,398.65,0
559,1348.456,"Mount",0.097,-0.091,-0.126,0.040,0.000,0.000,0,,0,,,,627662,422.37,0
560,1350.737,"Mount",0.509,-0.269,-0.575,0.023,-0.362,0.000,71,E,0,,,,645856,398.40,0
561,1353.240,"Mount",0.271,0.020,-0.236,-0.135,-0.174,0.000,34,E,0,,,,647447,405.68,0
562,1355.428,"Mount",0.037,-0.037,-0.050,0.017,0.000,0.000,0,,0,,,,626016,422.51,0
563,1357.879,"Mount",0.332,0.034,-0.285,-0.174,-0.179,0.000,35,E,0,,,,678674,423.95,0
564,1360.116,"Mount",0.113,-0.009,-0.106,-0.041,0.000,0.000,0,,0,,,,662018,477.54,0
565,1362.552,"Mount",0.234,-0.049,-0.232,-0.057,-0.146,0.000,29,E,0,,,,650129,459.48,0
566,1364.807,"Mount",0.208,-0.081,-0.222,-0.016,0.000,0.000,0,,0,,,,628147,413.72,0
567,1367.263,"Mount",0.719,0.329,-0.508,-0.607,-0.320,0.000,63,E,0,,,,669870,409.01,0
568,1369.632,"Mount",0.798,0.008,-0.717,-0.350,-0.474,0.000,93,E,0,,,,660504,410.11,0
569,1371.957,"Mount",-0.176,0.108,0.205,-0.022,0.000,0.000,0,,0,,,,646808,452.26,0
570,1374.351,"Mount",-0.920,0.462,1.029,-0.021,0.649,0.000,127,W,0,,,,623638,395.30,0
571,1376.887,"Mount",-0.717,0.350,0.798,-0.007,0.548,0.000,107,W,0,,,,620407,416.84,0
572,1379.239,"Mount",-0.408,0.321,0.506,-0.114,0.357,0.000,70,W,0,,,,651342,386.62,0
573,1381.671,"Mount",0.451,-0.109,-0.454,-0.095,-0.261,0.000,51,E,0,,,,651082,433.22,0
574,1384.055,"Mount",0.028,0.178,0.052,-0.173,0.000,0.000,0,,0,,,,623649,380.74,0
575,1386.432,"Mount",0.160,0.070,-0.115,-0.132,0.000,0.000,0,,0,,,,640933,394.87,0
576,1388.616,"Mount",0.038,0.037,-0.019,-0.049,0.000,0.000,0,,0,,,,642439,418.37,0
577,1391.153,"Mount",0.905,-0.135,-0.875,-0.268,-0.551,0.000,108,E,0,,,,675715,419.49,0
578,1393.447,"Mount",-0.129,0.318,0.253,-0.231,0.121,0.000,24,W,0,,,,642527,441.91,0
579,1398.471,"Mount",-0.197,1.466,0.809,-1.239,0.518,-1.239,101,W,2500,N,,,659332,443.20,0
580,1401.231,"Mount",-2.136,0.388,2.095,0.569,1.356,0.000,266,W,0,,,,638396,431.77,0
581,1403.656,"Mount",-1.083,-0.026,0.967,0.489,0.704,0.000,138,W,0,,,,640939,398.19,0
582,1406.143,"Mount",0.314,-0.489,-0.494,0.306,-0.262,0.000,51,E,0,,,,651158,407.55,0
583,1408.504,"Mount",0.087,-0.428,-0.263,0.349,-0.184,0.000,36,E,0,,,,635844,374.27,0
584,1410.911,"Mount",0.139,0.018,-0.117,-0.076,0.000,0.000,0,,0,,,,651687,409.30,0
585,1413.239,"Mount",0.242,-0.123,-0.271,0.007,-0.171,0.000,33,E,0,,,,685286,415.64,0
586,1415.579,"Mount",-0.148,0.014,0.139,0.051,0.000,0.000,0,,0,,,,683132,401.46,0
587,1417.783,"Mount",0.056,-0.328,-0.192,0.272,0.000,0.000,0,,0,,,,671279,421.85,0
588,1420.145,"Mount",0.130,0.105,-0.073,-0.151,0.000,0.000,0,,0,,,,679553,406.15,0
589,1422.336,"Mount",0.077,0.023,-0.059,-0.054,0.000,0.000,0,,0,,,,675288,430.27,0
590,1424.817,"Mount",-0.480,0.076,0.466,0.138,0.293,0.000,57,W,0,,,,680728,446.87,0
591,1427.175,"Mount",0.249,-0.166,-0.296,0.043,-0.166,0.000,33,E,0,,,,657569,416.59,0
592,1429.672,"Mount",0.490,-0.521,-0.667,0.260,-0.432,0.000,85,E,0,,,,655366,400.35,0
593,1431.936,"Mount",-0.392,-0.096,0.312,0.255,0.167,0.000,33,W,0,,,,648480,419.12,0
594,1434.408,"Mount",-0.692,-0.016,0.618,0.312,0.401,0.000,79,W,0,,,,625773,408.88,0
595,1436.734,"Mount",-0.447,0.011,0.408,0.183,0.285,0.000,56,W,0,,,,650762,425.78,0
596,1439.169,"Mount",0.124,-0.342,-0.260,0.256,-0.144,0.000,28,E,0,,,,673204,407.00,0
597,1441.527,"Mount",-0.551,0.158,0.566,0.094,0.346,0.000,68,W,0,,,,638451,389.67,0
598,1443.923,"Mount",-0.232,-0.070,0.179,0.163,0.000,0.000,0,,0,,,,643956,370.57,0
599,1446.304,"Mount",0.336,-0.456,-0.500,0.267,-0.315,0.000,62,E,0,,,,647422,438.27,0
600,1448.736,"Mount",-0.288,-0.120,0.208,0.232,0.000,0.000,0,,0,,,,637667,401.28,0
601,1450.992,"Mount",-0.290,-0.146,0.199,0.257,0.000,0.000,0,,0,,,,625719,395.71,0
602,1453.487,"Mount",0.425,-0.309,-0.516,0.096,-0.325,0.000,64,E,0,,,,655608,408.76,0
603,1455.736,"Mount",0.194,-0.207,-0.265,0.104,-0.190,0.000,37,E,0,,,,634123,408.52,0
604,1458.106,"Mount",-0.191,-0.033,0.159,0.112,0.000,0.000,0,,0,,,,653656,419.80,0
605,1460.593,"Mount",-0.354,-0.067,0.291,0.213,0.183,0.000,36,W,0,,,,666694,458.25,0
606,1463.096,"Mount",-0.583,-0.093,0.487,0.335,0.319,0.000,63,W,0,,,,646155,400.90,0
607,1465.463,"Mount",-0.541,0.137,0.548,0.109,0.367,0.000,72,W,0,,,,641971,424.27,0
608,1467.843,"Mount",0.186,-0.070,-0.197,-0.017,0.000,0.000,0,,0,,,,641875,443.76,0
609,1470.127,"Mount",0.371,-0.387,-0.501,0.189,-0.316,0.000,62,E,0,,,,664527,441.74,0
610,1472.497,"Mount",0.028,-0.299,-0.154,0.258,0.000,0.000,0,,0,,,,606498,404.39,0
611,1474.800,"Mount",0.469,-0.451,-0.618,0.205,-0.389,0.000,76,E,0,,,,670002,392.62,0
612,1477.247,"Mount",0.086,-0.294,-0.204,0.228,0.000,0.000,0,,0,,,,630483,368.90,0
613,1479.713,"Mount",1.418,-0.410,-1.456,-0.241,-0.918,0.000,180,E,0,,,,654647,452.75,0
614,1482.052,"Mount",-0.189,-0.051,0.149,0.128,0.000,0.000,0,,0,,,,673540,400.92,0
615,1484.343,"Mount",-0.564,0.017,0.516,0.227,0.325,0.000,64,W,0,,,,632028,396.83,0
616,1486.767,"Mount",0.187,-0.415,-0.348,0.294,-0.196,0.000,38,E,0,,,,687685,448.45,0
617,1489.135,"Mount",0.361,-0.529,-0.553,0.322,-0.362,0.000,71,E,0,,,,652267,425.11,0
618,1491.483,"Mount",-0.042,-0.389,-0.129,0.369,0.000,0.000,0,,0,,,,637228,405.97,0
619,1493.863,"Mount",0.189,-0.314,-0.306,0.202,-0.193,0.000,38,E,0,,,,621777,390.95,0
620,1496.288,"Mount",0.366,-0.291,-0.455,0.105,-0.300,0.000,59,E,0,,,,658733,459.67,0
621,1498.481,"Mount",-0.309,-0.264,0.165,0.371,0.000,0.000,0,,0,,,,636534,423.49,0
622,1500.944,"Mount",-0.373,-0.186,0.257,0.328,0.162,0.000,32,W,0,,,,624492,392.39,0
623,1503.266,"Mount",0.129,-0.443,-0.307,0.345,-0.182,0.000,36,E,0,,,,618266,384.25,0
624,1508.176,"Mount",-0.494,-0.236,0.344,0.426,0.204,0.426,40,W,2428,S,,,628037,383.02,0
625,1510.543,"Mount",0.096,-0.274,-0.205,0.206,0.000,0.000,0,,0,,,,612535,395.72,0
626,1512.895,"Mount",0.390,-0.290,-0.477,0.093,-0.301,0.000,59,E,0,,,,612888,397.10,0
627,1515.263,"Mount",-0.145,0.045,0.150,0.022,0.000,0.000,0,,0,,,,630029,394.20,0
628,1517.721,"Mount",0.122,-0.113,-0.159,0.050,0.000,0.000,0,,0,,,,638010,408.43,0
629,1520.115,"Mount",0.024,-0.084,-0.058,0.065,0.000,0.000,0,,0,,,,673209,425.44,0
630,1522.424,"Mount",-0.371,-0.071,0.305,0.224,0.192,0.000,38,W,0,,,,635767,441.63,0
631,1524.794,"Mount",-0.304,-0.149,0.211,0.265,0.000,0.000,0,,0,,,,656270,383.45,0
632,1526.988,"Mount",-0.087,0.041,0.096,0.000,0.000,0.000,0,,0,,,,649965,400.49,0
633,1529.396,"Mount",0.194,-0.015,-0.181,-0.070,0.000,0.000,0,,0,,,,661963,399.49,0
634,1531.712,"Mount",0.654,0.431,-0.405,-0.670,-0.255,0.000,50,E,0,,,,633545,345.51,0
635,1534.100,"Mount",0.050,0.604,0.215,-0.567,0.000,0.000,0,,0,,,,704923,410.50,0
636,1538.952,"Mount",0.923,0.583,-0.582,-0.923,-0.367,-0.923,72,E,2500,N,,,671702,429.98,0
637,1541.598,"Mount",-1.271,0.040,1.164,0.511,0.708,0.000,139,W,0,,,,651864,395.61,0
638,1543.904,"Mount",-0.599,-0.366,0.383,0.589,0.291,0.000,57,W,0,,,,673651,454.65,0
639,1546.487,"Mount",-1.188,-0.161,1.003,0.657,0.652,0.000,128,W,0,,,,656609,409.37,0
640,1548.896,"Mount",-1.247,0.024,1.136,0.515,0.761,0.000,149,W,0,,,,649712,427.96,0
Guiding Ends at 2026-09-12 21:34:53

Guiding Begins at 2026-09-12 21:56:33
Equipment Profile = SW4P_EVO
Dither = both axes, Dither scale = 1.000, Image noise reduction = 2x2 mean, Guide-frame time lapse = 0, Server enabled
Pixel scale = 2.91 arc-sec/px, Binning = 1, Focal length = 266 mm
Search region = 15 px, Star mass tolerance = 50.0%, Multi-star mode, list size = 12
 Camera = ZWO ASI120MM Mini (ASCOM), full size = 1280 x 960, have dark, dark dur = 2000, no defect map, pixel size = 3.8 um
Exposure = 2000 ms
Mount = GPUSB, connected, guiding enabled, AuxMount=CPWI_ASCOM_Telescope, xAngle = -25.5, xRate = 5.105, yAngle = -115.5, yRate = 4.901, parity = +/-
Norm rates RA = 16.1"/s @ dec 0, Dec = 14.3"/s; ortho.err. = 0.0 deg
X guide algorithm = Hysteresis, Hysteresis = 0.100, Aggression = 0.700, Minimum move = 0.228
Y guide algorithm = Resist Switch, Minimum move = 0.350 Aggression = 100% FastSwitch = enabled
Backlash comp = enabled, pulse = 2341 ms
Max RA duration = 2500, Max DEC duration = 2500, DEC guide mode = Auto
RA Guide Speed = 14.9 a-s/s, Dec Guide Speed = 14.9 a-s/s, Cal Dec = -0.0, Last Cal Issue = None, Timestamp = 06/09/2026 20:50:26
RA = 20.01 hr, Dec = 22.8 deg, Hour angle = 0.16 hr, Pier side = East, Rotator pos = N/A, Alt = 70.2 deg, Az = 186.4 deg
Lock position = 49.457, 785.842, Star position = 49.457, 785.842, HFD = 3.79 px
Frame,Time,mount,dx,dy,RARawDistance,DECRawDistance,RAGuideDistance,DECGuideDistance,RADuration,RADirection,DECDuration,DECDirection,XStep,YStep,StarMass,SNR,ErrorCode
INFO: SETTLING STATE CHANGE, Settling started
1,2.662,"Mount",0.608,0.047,0.529,-0.304,0.333,0.000,65,W,0,,,,813569,516.74,0
2,5.022,"Mount",0.609,-0.096,0.592,-0.175,0.396,0.000,78,W,0,,,,814596,498.39,0
3,7.518,"Mount",0.710,-0.164,0.712,-0.158,0.476,0.000,93,W,0,,,,803987,480.87,0
4,9.822,"Mount",-0.433,0.351,-0.542,-0.131,-0.308,0.000,60,E,0,,,,845540,510.64,0
5,12.287,"Mount",-0.586,0.516,-0.751,-0.213,-0.495,0.000,97,E,0,,,,834300,472.93,0
INFO: SETTLING STATE CHANGE, Settling complete
6,14.584,"Mount",-0.406,0.676,-0.658,-0.435,-0.449,0.000,88,E,0,,,,834788,490.87,0
7,17.244,"Mount",0.482,0.287,0.312,-0.467,0.165,0.000,32,W,0,,,,810776,500.78,0
8,19.468,"Mount",0.235,0.062,0.185,-0.157,0.000,0.000,0,,0,,,,835901,495.89,0
9,21.839,"Mount",0.066,0.161,-0.010,-0.174,0.000,0.000,0,,0,,,,834742,511.90,0
10,24.086,"Mount",0.331,-0.236,0.400,0.070,0.252,0.000,49,W,0,,,,806475,475.69,0
11,26.455,"Mount",0.112,0.131,0.045,-0.166,0.000,0.000,0,,0,,,,843446,468.04,0
12,28.822,"Mount",-1.275,0.253,-1.260,0.321,-0.794,0.000,155,E,0,,,,820029,533.95,0
13,31.702,"Mount",-0.003,-1.419,0.608,1.282,0.328,1.282,64,W,262,S,,,816485,489.28,0
14,34.278,"Mount",0.165,-1.274,0.697,1.079,0.462,1.079,91,W,220,S,,,846671,541.84,0
15,36.910,"Mount",-0.205,-0.592,0.070,0.623,0.000,0.623,0,,127,S,,,845834,546.65,0
16,39.143,"Mount",-0.078,-0.262,0.042,0.270,0.000,0.000,0,,0,,,,852151,512.63,0
17,41.513,"Mount",0.005,-0.190,0.087,0.170,0.000,0.000,0,,0,,,,824076,498.36,0
18,43.779,"Mount",-0.111,-0.187,-0.019,0.217,0.000,0.000,0,,0,,,,832789,531.24,0
19,46.334,"Mount",-0.927,0.156,-0.904,0.258,-0.570,0.000,112,E,0,,,,825841,517.58,0
20,48.664,"Mount",0.253,-0.166,0.300,0.041,0.149,0.000,29,W,0,,,,803958,515.07,0
21,51.081,"Mount",-0.095,-0.159,-0.017,0.184,0.000,0.000,0,,0,,,,786034,528.55,0
22,53.310,"Mount",0.148,-0.133,0.190,0.057,0.000,0.000,0,,0,,,,805348,505.28,0
23,55.650,"Mount",0.103,-0.134,0.151,0.076,0.000,0.000,0,,0,,,,804803,459.86,0
24,58.006,"Mount",0.519,-0.262,0.581,0.013,0.366,0.000,72,W,0,,,,767708,464.66,0
25,60.502,"Mount",-0.234,-0.306,-0.080,0.377,0.000,0.377,0,,77,S,,,815663,473.87,0
26,62.822,"Mount",-0.651,0.048,-0.608,0.237,-0.383,0.000,75,E,0,,,,821276,546.79,0
27,65.390,"Mount",0.349,-0.364,0.471,0.178,0.270,0.000,53,W,0,,,,787034,455.73,0
28,67.726,"Mount",-0.881,0.075,-0.828,0.311,-0.503,0.000,98,E,0,,,,769653,424.68,0
29,70.106,"Mount",0.074,-0.235,0.168,0.180,0.000,0.000,0,,0,,,,849121,490.79,0
30,72.312,"Mount",0.031,-0.147,0.092,0.119,0.000,0.000,0,,0,,,,800518,471.20,0
31,74.814,"Mount",0.635,-0.381,0.737,0.070,0.465,0.000,91,W,0,,,,801585,478.05,0
32,77.246,"Mount",-0.441,-0.345,-0.250,0.501,-0.125,0.501,24,E,102,S,,,816123,516.09,0
33,79.621,"Mount",-0.060,-0.326,0.086,0.320,0.000,0.000,0,,0,,,,847978,495.27,0
34,81.990,"Mount",0.543,-0.484,0.699,0.203,0.440,0.000,86,W,0,,,,760270,482.69,0
35,84.438,"Mount",-0.018,-0.412,0.161,0.379,0.000,0.379,0,,77,S,,,778190,471.01,0
36,86.702,"Mount",0.107,-0.427,0.280,0.339,0.177,0.000,35,W,0,,,,788790,524.58,0
37,89.056,"Mount",0.096,-0.205,0.175,0.144,0.000,0.000,0,,0,,,,759878,493.52,0
38,91.294,"Mount",-0.194,-0.253,-0.066,0.311,0.000,0.000,0,,0,,,,783771,489.41,0
39,93.862,"Mount",-0.543,-0.242,-0.386,0.452,-0.243,0.452,48,E,92,S,,,813447,508.66,0
40,96.142,"Mount",-0.376,-0.146,-0.276,0.294,-0.191,0.000,37,E,0,,,,815685,477.37,0
41,98.590,"Mount",0.294,-0.336,0.410,0.176,0.245,0.000,48,W,0,,,,793069,516.41,0
42,100.784,"Mount",-0.107,-0.036,-0.081,0.078,0.000,0.000,0,,0,,,,769925,503.46,0
43,103.294,"Mount",-0.318,-0.279,-0.167,0.388,0.000,0.388,0,,79,S,,,802207,458.18,0
44,105.606,"Mount",-0.386,-0.044,-0.330,0.206,-0.208,0.000,41,E,0,,,,806585,500.47,0
45,108.135,"Mount",0.350,-0.153,0.382,-0.012,0.226,0.000,44,W,0,,,,759225,449.46,0
46,110.521,"Mount",0.439,-0.261,0.509,0.047,0.337,0.000,66,W,0,,,,769907,449.95,0
47,113.038,"Mount",0.437,-0.282,0.516,0.067,0.349,0.000,68,W,0,,,,761874,461.88,0
48,115.343,"Mount",0.346,-0.280,0.433,0.104,0.297,0.000,58,W,0,,,,755359,443.88,0
49,117.702,"Mount",-0.104,0.136,-0.153,-0.077,0.000,0.000,0,,0,,,,768477,469.55,0
50,119.911,"Mount",0.078,0.032,0.057,-0.062,0.000,0.000,0,,0,,,,761371,491.84,0
51,122.310,"Mount",-0.238,-0.030,-0.201,0.129,0.000,0.000,0,,0,,,,771582,487.15,0
52,124.519,"Mount",-0.115,-0.019,-0.096,0.067,0.000,0.000,0,,0,,,,780875,478.10,0
53,126.998,"Mount",-0.497,0.094,-0.489,0.129,-0.308,0.000,60,E,0,,,,769629,486.28,0
54,129.252,"Mount",-0.203,-0.215,-0.090,0.281,0.000,0.000,0,,0,,,,782432,481.73,0
55,131.718,"Mount",0.190,-0.259,0.283,0.152,0.178,0.000,35,W,0,,,,793144,464.42,0
56,134.014,"Mount",0.181,-0.463,0.363,0.340,0.241,0.000,47,W,0,,,,792113,527.78,0
57,136.574,"Mount",-0.531,-0.168,-0.407,0.380,-0.240,0.380,47,E,78,S,,,749339,492.58,0
58,138.804,"Mount",-0.099,-0.069,-0.060,0.104,0.000,0.000,0,,0,,,,756765,489.94,0
59,141.303,"Mount",-0.203,-0.034,-0.168,0.118,0.000,0.000,0,,0,,,,767307,474.73,0
60,143.582,"Mount",-0.493,0.174,-0.520,0.056,-0.328,0.000,64,E,0,,,,764613,475.94,0
61,146.072,"Mount",-0.347,0.066,-0.342,0.090,-0.238,0.000,47,E,0,,,,778333,448.80,0
62,148.280,"Mount",-0.257,-0.072,-0.201,0.176,0.000,0.000,0,,0,,,,826208,524.35,0
63,150.616,"Mount",0.002,-0.295,0.129,0.265,0.000,0.000,0,,0,,,,789781,488.68,0
64,153.062,"Mount",0.084,-0.495,0.289,0.410,0.182,0.410,36,W,84,S,,,774540,498.70,0
65,155.550,"Mount",-0.416,0.111,-0.423,0.079,-0.254,0.000,50,E,0,,,,792339,466.55,0
66,157.878,"Mount",-0.677,-0.057,-0.586,0.343,-0.387,0.000,76,E,0,,,,836668,503.51,0
67,160.249,"Mount",-0.069,0.089,-0.100,-0.051,0.000,0.000,0,,0,,,,798413,479.40,0
68,162.654,"Mount",-0.396,-0.224,-0.261,0.373,-0.165,0.373,32,E,76,S,,,817601,501.21,0
69,165.061,"Mount",-0.170,-0.062,-0.127,0.129,0.000,0.000,0,,0,,,,808745,514.37,0
70,167.638,"Mount",-1.340,-0.202,-1.122,0.759,-0.707,0.759,139,E,155,S,,,806858,479.50,0
71,170.029,"Mount",-0.101,-0.101,-0.047,0.135,0.000,0.000,0,,0,,,,848810,507.55,0
72,172.510,"Mount",0.790,-0.231,0.813,-0.132,0.512,0.000,100,W,0,,,,776259,455.00,0
73,175.070,"Mount",0.857,-0.372,0.934,-0.033,0.624,0.000,122,W,0,,,,768629,497.07,0
74,177.358,"Mount",0.301,-0.144,0.334,0.000,0.254,0.000,50,W,0,,,,798185,491.90,0
75,179.716,"Mount",0.043,-0.170,0.112,0.135,0.000,0.000,0,,0,,,,791582,459.83,0
76,182.030,"Mount",0.062,0.069,0.026,-0.089,0.000,0.000,0,,0,,,,788740,477.70,0
77,184.686,"Mount",-1.113,-0.216,-0.912,0.674,-0.575,0.674,113,E,138,S,,,836490,499.13,0
78,187.030,"Mount",-0.283,0.383,-0.420,-0.224,-0.305,0.000,60,E,0,,,,814077,475.46,0
79,189.510,"Mount",-0.230,0.363,-0.364,-0.229,-0.251,0.000,49,E,0,,,,812348,515.42,0
80,191.942,"Mount",0.601,0.127,0.487,-0.373,0.290,0.000,57,W,0,,,,823699,508.34,0
81,195.579,"Mount",0.532,0.050,0.459,-0.274,0.309,0.000,61,W,0,,,,779992,515.50,0
82,199.037,"Mount",-0.641,0.446,-0.771,-0.127,-0.464,0.000,91,E,0,,,,827743,523.21,0
83,205.297,"Mount",-1.678,1.041,-1.963,-0.217,-1.269,0.000,249,E,0,,,,824670,534.02,0
84,209.345,"Mount",5.341,-2.649,5.961,0.093,3.666,0.000,718,W,0,,,,832915,508.46,0
85,212.196,"Mount",1.165,-0.289,1.176,-0.240,0.998,0.000,195,W,0,,,,765353,473.98,0
86,214.560,"Mount",0.093,0.088,0.046,-0.120,0.000,0.000,0,,0,,,,835255,473.87,0
87,221.453,"Mount",-0.283,0.017,-0.263,0.107,-0.166,0.000,32,E,0,,,,838502,492.15,0
88,224.452,"Mount",1.622,-0.859,1.834,0.077,1.144,0.000,224,W,0,,,,755023,474.63,0
89,228.123,"Mount",1.017,-0.389,1.085,-0.087,0.763,0.000,150,W,0,,,,827404,506.75,0
90,230.912,"Mount",-0.443,0.301,-0.530,-0.081,-0.280,0.000,55,E,0,,,,797166,491.17,0
91,234.069,"Mount",-0.724,0.307,-0.786,0.034,-0.515,0.000,101,E,0,,,,807975,470.10,0
92,237.225,"Mount",0.458,-0.452,0.608,0.211,0.347,0.000,68,W,0,,,,812735,492.36,0
93,239.478,"Mount",0.099,-0.234,0.190,0.169,0.000,0.000,0,,0,,,,785746,488.57,0
94,241.966,"Mount",0.474,-0.366,0.585,0.126,0.368,0.000,72,W,0,,,,775345,482.29,0
95,245.503,"Mount",-0.637,0.045,-0.595,0.233,-0.349,0.000,68,E,0,,,,803977,471.11,0
96,247.924,"Mount",0.027,-0.230,0.123,0.196,0.000,0.000,0,,0,,,,787822,475.32,0
97,250.177,"Mount",-0.090,-0.095,-0.040,0.125,0.000,0.000,0,,0,,,,778919,479.30,0
98,253.374,"Mount",-0.114,0.015,-0.109,0.036,0.000,0.000,0,,0,,,,798923,481.93,0
99,255.562,"Mount",-0.267,-0.065,-0.213,0.173,0.000,0.000,0,,0,,,,781813,505.70,0
100,257.918,"Mount",-0.221,-0.156,-0.132,0.236,0.000,0.000,0,,0,,,,780374,469.30,0
101,260.098,"Mount",0.143,-0.105,0.174,0.033,0.000,0.000,0,,0,,,,775129,454.17,0
102,262.606,"Mount",1.027,-0.142,0.988,-0.314,0.623,0.000,122,W,0,,,,768568,459.40,0
103,264.958,"Mount",0.982,-0.109,0.933,-0.324,0.632,0.000,124,W,0,,,,776911,456.36,0
104,267.440,"Mount",-0.032,-0.280,0.092,0.266,0.000,0.000,0,,0,,,,794216,486.10,0
105,269.734,"Mount",0.444,-0.320,0.538,0.097,0.339,0.000,66,W,0,,,,744173,437.92,0
106,272.142,"Mount",-0.158,-0.135,-0.084,0.190,0.000,0.000,0,,0,,,,804438,483.31,0
107,274.464,"Mount",-0.105,-0.168,-0.022,0.197,0.000,0.000,0,,0,,,,739481,450.95,0
108,276.877,"Mount",0.260,0.184,0.155,-0.277,0.000,0.000,0,,0,,,,755412,454.60,0
109,279.065,"Mount",0.235,0.148,0.148,-0.235,0.000,0.000,0,,0,,,,765902,495.06,0
110,281.502,"Mount",0.254,-0.349,0.380,0.206,0.239,0.000,47,W,0,,,,774045,463.43,0
111,283.798,"Mount",0.385,-0.410,0.524,0.205,0.347,0.000,68,W,0,,,,796250,473.78,0
112,286.254,"Mount",-0.326,0.091,-0.333,0.058,-0.186,0.000,36,E,0,,,,844495,518.61,0
113,288.510,"Mount",0.350,0.122,0.264,-0.260,0.153,0.000,30,W,0,,,,790663,471.68,0
114,290.899,"Mount",0.097,0.021,0.079,-0.061,0.000,0.000,0,,0,,,,785862,497.27,0
115,293.198,"Mount",-0.310,0.282,-0.401,-0.121,-0.253,0.000,50,E,0,,,,808111,465.09,0
116,295.758,"Mount",0.865,-0.077,0.813,-0.303,0.495,0.000,97,W,0,,,,748012,477.38,0
117,298.078,"Mount",-0.766,0.035,-0.706,0.299,-0.410,0.000,80,E,0,,,,798897,499.43,0
118,300.545,"Mount",0.673,-0.085,0.644,-0.213,0.377,0.000,74,W,0,,,,831324,493.47,0
119,302.763,"Mount",-0.110,-0.003,-0.098,0.050,0.000,0.000,0,,0,,,,822691,521.97,0
120,305.254,"Mount",0.423,-0.191,0.464,-0.010,0.293,0.000,57,W,0,,,,774595,477.63,0
121,307.476,"Mount",0.158,0.006,0.140,-0.073,0.000,0.000,0,,0,,,,768711,515.48,0
122,309.966,"Mount",-0.627,0.371,-0.725,-0.065,-0.457,0.000,89,E,0,,,,858996,548.85,0
123,312.288,"Mount",-0.590,0.117,-0.583,0.148,-0.399,0.000,78,E,0,,,,831919,475.43,0
124,314.686,"Mount",-0.144,0.184,-0.209,-0.104,0.000,0.000,0,,0,,,,808798,485.58,0
125,317.474,"Mount",-0.522,0.270,-0.587,-0.019,-0.370,0.000,72,E,0,,,,791331,507.85,0
126,320.039,"Mount",-1.037,0.379,-1.099,0.104,-0.718,0.000,141,E,0,,,,842044,531.62,0
INFO: SET LOCK POSITION, new lock pos = 49.457, 785.842
INFO: DITHER by -3.067, 3.087, new lock pos = 45.360, 784.375
INFO: SETTLING STATE CHANGE, Settling started
127,325.894,"Mount",4.097,1.467,3.067,-3.087,3.067,-3.087,601,W,2971,N,,,806528,490.47,0
128,330.934,"Mount",-1.374,-4.491,0.693,4.645,0.436,4.645,85,W,2500,S,,,828686,468.16,0
129,333.703,"Mount",0.331,-1.239,0.832,0.976,0.554,0.976,109,W,199,S,,,810441,467.22,0
130,335.910,"Mount",-0.059,-0.336,0.091,0.329,0.000,0.000,0,,0,,,,823101,553.42,0
131,338.400,"Mount",-0.487,0.080,-0.474,0.137,-0.299,0.000,59,E,0,,,,801151,480.79,0
132,340.586,"Mount",-0.059,-0.071,-0.022,0.089,0.000,0.000,0,,0,,,,823673,470.84,0
133,343.030,"Mount",-0.316,0.028,-0.297,0.111,-0.187,0.000,37,E,0,,,,819243,513.35,0
134,345.234,"Mount",0.186,-0.129,0.223,0.037,0.000,0.000,0,,0,,,,800273,488.18,0
135,347.734,"Mount",-0.426,0.055,-0.409,0.134,-0.257,0.000,50,E,0,,,,840824,509.74,0
136,349.958,"Mount",0.133,-0.260,0.232,0.178,0.128,0.000,25,W,0,,,,778839,478.63,0
INFO: SETTLING STATE CHANGE, Settling complete
137,352.375,"Mount",-0.623,-0.008,-0.558,0.275,-0.343,0.000,67,E,0,,,,814428,522.72,0
138,354.659,"Mount",-0.254,-0.009,-0.225,0.117,0.000,0.000,0,,0,,,,784547,529.13,0
139,357.038,"Mount",-0.025,-0.089,0.016,0.091,0.000,0.000,0,,0,,,,772681,485.83,0
140,359.265,"Mount",-0.020,-0.256,0.092,0.239,0.000,0.000,0,,0,,,,797199,497.42,0
141,361.676,"Mount",-0.045,-0.079,-0.006,0.090,0.000,0.000,0,,0,,,,808921,512.40,0
142,363.958,"Mount",-0.681,0.050,-0.637,0.248,-0.401,0.000,79,E,0,,,,835772,520.52,0
143,366.329,"Mount",-0.126,-0.008,-0.110,0.062,0.000,0.000,0,,0,,,,839599,508.49,0
144,368.678,"Mount",0.760,-0.428,0.870,0.059,0.548,0.000,107,W,0,,,,786985,486.84,0
145,371.168,"Mount",-0.342,-0.163,-0.238,0.295,-0.112,0.000,22,E,0,,,,814604,461.29,0
146,373.582,"Mount",0.224,-0.549,0.439,0.399,0.269,0.399,53,W,81,S,,,784231,493.37,0
147,376.017,"Mount",-0.277,0.041,-0.267,0.082,-0.149,0.000,29,E,0,,,,822450,470.02,0
148,378.226,"Mount",-0.168,0.118,-0.202,-0.034,0.000,0.000,0,,0,,,,816117,472.16,0
149,380.572,"Mount",-0.132,0.021,-0.128,0.038,0.000,0.000,0,,0,,,,808796,479.73,0
150,382.870,"Mount",-0.505,0.256,-0.566,-0.014,-0.357,0.000,70,E,0,,,,811284,505.07,0
151,385.446,"Mount",0.088,-0.466,0.280,0.383,0.151,0.383,30,W,78,S,,,815605,495.52,0
152,387.775,"Mount",0.500,-0.200,0.538,-0.035,0.349,0.000,68,W,0,,,,786772,471.49,0
153,390.223,"Mount",0.443,-0.094,0.441,-0.106,0.302,0.000,59,W,0,,,,800371,501.80,0
154,392.478,"Mount",0.235,-0.041,0.230,-0.065,0.166,0.000,33,W,0,,,,779609,473.95,0
155,395.006,"Mount",-0.611,0.374,-0.713,-0.075,-0.438,0.000,86,E,0,,,,818475,466.72,0
156,397.217,"Mount",0.032,0.041,0.011,-0.051,0.000,0.000,0,,0,,,,770849,481.03,0
157,399.684,"Mount",0.055,0.247,-0.057,-0.247,0.000,0.000,0,,0,,,,816301,504.70,0
158,401.865,"Mount",-0.025,0.242,-0.127,-0.208,0.000,0.000,0,,0,,,,803935,508.16,0
159,404.242,"Mount",-0.114,0.218,-0.197,-0.147,0.000,0.000,0,,0,,,,818211,537.37,0
160,406.438,"Mount",-0.035,0.119,-0.083,-0.092,0.000,0.000,0,,0,,,,792055,494.08,0
161,408.976,"Mount",0.578,-0.242,0.626,-0.030,0.394,0.000,77,W,0,,,,800414,475.13,0
162,411.314,"Mount",0.553,-0.388,0.666,0.113,0.447,0.000,88,W,0,,,,795410,439.70,0
163,414.715,"Mount",0.264,-0.195,0.322,0.062,0.234,0.000,46,W,0,,,,763947,443.88,0
164,417.096,"Mount",0.064,0.235,-0.044,-0.240,0.000,0.000,0,,0,,,,789369,463.27,0
165,420.289,"Mount",-0.385,0.484,-0.556,-0.271,-0.350,0.000,69,E,0,,,,761607,449.93,0
166,423.380,"Mount",-0.268,0.253,-0.351,-0.113,-0.245,0.000,48,E,0,,,,788893,458.48,0
167,425.775,"Mount",0.050,-0.334,0.189,0.280,0.000,0.000,0,,0,,,,818690,473.10,0
168,428.198,"Mount",0.266,-0.142,0.301,0.014,0.190,0.000,37,W,0,,,,832709,497.94,0
169,430.662,"Mount",0.219,-0.350,0.348,0.221,0.233,0.000,46,W,0,,,,807563,489.26,0
170,433.451,"Mount",0.130,-0.179,0.194,0.106,0.000,0.000,0,,0,,,,800276,524.12,0
171,436.073,"Mount",0.448,-0.328,0.546,0.103,0.344,0.000,67,W,0,,,,800704,522.36,0
172,438.366,"Mount",-0.137,-0.222,-0.028,0.259,0.000,0.000,0,,0,,,,771049,448.65,0
173,440.915,"Mount",-0.018,0.010,-0.021,-0.001,0.000,0.000,0,,0,,,,785974,509.44,0
174,443.498,"Mount",0.090,0.002,0.080,-0.040,0.000,0.000,0,,0,,,,765313,479.25,0
175,445.848,"Mount",0.079,-0.217,0.165,0.162,0.000,0.000,0,,0,,,,756079,473.50,0
176,448.023,"Mount",0.010,-0.271,0.126,0.240,0.000,0.000,0,,0,,,,813470,544.98,0
177,450.423,"Mount",0.224,-0.211,0.293,0.094,0.185,0.000,36,W,0,,,,776728,461.65,0
178,452.782,"Mount",-0.081,-0.407,0.102,0.402,0.000,0.402,0,,82,S,,,808357,499.88,0
179,455.262,"Mount",0.453,-0.292,0.535,0.068,0.337,0.000,66,W,0,,,,769581,458.41,0
180,457.462,"Mount",0.133,-0.080,0.154,0.015,0.000,0.000,0,,0,,,,796988,503.60,0
181,459.808,"Mount",-0.090,0.201,-0.168,-0.143,0.000,0.000,0,,0,,,,798735,498.23,0
182,461.995,"Mount",-0.089,0.194,-0.164,-0.137,0.000,0.000,0,,0,,,,792921,481.99,0
183,464.344,"Mount",-0.074,0.163,-0.137,-0.116,0.000,0.000,0,,0,,,,765746,469.70,0
184,466.520,"Mount",0.037,0.204,-0.054,-0.200,0.000,0.000,0,,0,,,,760654,456.07,0
185,468.958,"Mount",-0.240,0.383,-0.381,-0.243,-0.240,0.000,47,E,0,,,,828989,540.28,0
186,471.161,"Mount",-0.032,-0.258,0.082,0.247,0.000,0.000,0,,0,,,,804727,508.44,0
187,473.718,"Mount",1.093,-0.412,1.164,-0.099,0.733,0.000,144,W,0,,,,811824,463.45,0
188,475.974,"Mount",0.297,-0.126,0.322,-0.014,0.254,0.000,50,W,0,,,,783705,517.33,0
189,478.382,"Mount",0.201,-0.174,0.257,0.070,0.180,0.000,35,W,0,,,,793740,488.86,0
190,480.563,"Mount",0.021,0.031,0.006,-0.037,0.000,0.000,0,,0,,,,782184,498.37,0
191,482.966,"Mount",-0.221,0.082,-0.235,0.021,-0.148,0.000,29,E,0,,,,822554,503.84,0
192,485.159,"Mount",0.072,-0.125,0.119,0.082,0.000,0.000,0,,0,,,,784805,497.57,0
193,487.511,"Mount",0.017,0.024,0.005,-0.029,0.000,0.000,0,,0,,,,771708,492.28,0
194,489.679,"Mount",-0.067,-0.261,0.052,0.265,0.000,0.000,0,,0,,,,805393,536.21,0
195,492.011,"Mount",-0.145,0.093,-0.170,-0.022,0.000,0.000,0,,0,,,,802967,514.28,0
196,494.268,"Mount",-0.092,-0.024,-0.072,0.061,0.000,0.000,0,,0,,,,783690,471.02,0
197,496.655,"Mount",-0.130,-0.048,-0.097,0.099,0.000,0.000,0,,0,,,,785846,486.08,0
198,498.842,"Mount",0.051,-0.208,0.136,0.166,0.000,0.000,0,,0,,,,738041,481.33,0
199,501.270,"Mount",0.183,-0.203,0.253,0.104,0.159,0.000,31,W,0,,,,757532,436.30,0
200,503.458,"Mount",-0.069,-0.197,0.023,0.207,0.000,0.000,0,,0,,,,777422,442.78,0
201,505.878,"Mount",-0.333,0.173,-0.375,-0.012,-0.236,0.000,46,E,0,,,,784350,473.19,0
202,508.052,"Mount",0.050,-0.209,0.135,0.167,0.000,0.000,0,,0,,,,767650,479.96,0
203,510.393,"Mount",0.103,-0.202,0.180,0.138,0.000,0.000,0,,0,,,,766547,449.61,0
204,512.568,"Mount",-0.053,-0.282,0.073,0.277,0.000,0.000,0,,0,,,,773631,457.17,0
205,515.006,"Mount",-0.297,0.068,-0.297,0.066,-0.187,0.000,37,E,0,,,,828385,470.18,0
206,517.195,"Mount",0.013,-0.282,0.133,0.249,0.000,0.000,0,,0,,,,775865,453.81,0
207,519.547,"Mount",0.107,-0.169,0.169,0.106,0.000,0.000,0,,0,,,,750181,472.63,0
208,521.814,"Mount",-0.263,0.060,-0.264,0.059,-0.166,0.000,33,E,0,,,,807596,490.72,0
209,524.318,"Mount",-0.330,0.240,-0.401,-0.075,-0.264,0.000,52,E,0,,,,793707,462.68,0
210,526.641,"Mount",-0.754,0.067,-0.709,0.264,-0.465,0.000,91,E,0,,,,855468,512.99,0
211,529.001,"Mount",0.104,-0.022,0.103,-0.025,0.000,0.000,0,,0,,,,792686,497.09,0
212,531.186,"Mount",0.155,-0.203,0.227,0.117,0.000,0.000,0,,0,,,,849120,525.47,0
213,533.790,"Mount",0.232,-0.766,0.539,0.592,0.339,0.592,66,W,121,S,,,817740,464.47,0
214,536.062,"Mount",0.120,-0.352,0.259,0.266,0.187,0.000,37,W,0,,,,803827,509.40,0
215,538.486,"Mount",0.138,-0.245,0.230,0.162,0.158,0.000,31,W,0,,,,797509,496.48,0
216,540.670,"Mount",-0.093,-0.211,0.007,0.230,0.000,0.000,0,,0,,,,795424,524.55,0
217,543.009,"Mount",0.044,0.043,0.021,-0.058,0.000,0.000,0,,0,,,,803884,558.61,0
218,545.220,"Mount",0.031,0.087,-0.010,-0.092,0.000,0.000,0,,0,,,,777234,470.78,0
219,547.571,"Mount",-0.110,0.151,-0.164,-0.088,0.000,0.000,0,,0,,,,788361,500.08,0
220,549.747,"Mount",-0.007,0.109,-0.053,-0.095,0.000,0.000,0,,0,,,,800578,512.89,0
221,552.158,"Mount",-0.188,0.200,-0.256,-0.100,-0.161,0.000,32,E,0,,,,814765,521.58,0
222,554.345,"Mount",0.241,0.031,0.204,-0.131,0.000,0.000,0,,0,,,,773176,494.57,0
223,556.808,"Mount",0.512,-0.311,0.596,0.060,0.376,0.000,74,W,0,,,,799246,461.60,0
224,559.000,"Mount",0.162,-0.169,0.219,0.083,0.000,0.000,0,,0,,,,818566,504.07,0
225,561.534,"Mount",0.727,-0.480,0.863,0.120,0.544,0.000,106,W,0,,,,821724,506.11,0
226,563.830,"Mount",0.598,-0.220,0.634,-0.058,0.438,0.000,86,W,0,,,,777496,490.42,0
227,566.218,"Mount",-0.019,0.089,-0.056,-0.072,0.000,0.000,0,,0,,,,751255,475.11,0
228,568.375,"Mount",0.029,0.110,-0.021,-0.112,0.000,0.000,0,,0,,,,781811,501.56,0
229,570.747,"Mount",0.043,0.092,-0.001,-0.101,0.000,0.000,0,,0,,,,819225,479.01,0
230,572.925,"Mount",-0.013,-0.011,-0.007,0.015,0.000,0.000,0,,0,,,,791607,499.72,0
231,575.313,"Mount",0.117,-0.162,0.175,0.096,0.000,0.000,0,,0,,,,746716,469.05,0
232,577.496,"Mount",0.067,-0.025,0.071,-0.006,0.000,0.000,0,,0,,,,806023,510.18,0
233,579.958,"Mount",0.418,-0.421,0.559,0.200,0.352,0.000,69,W,0,,,,764442,489.27,0
234,582.238,"Mount",0.399,-0.304,0.490,0.103,0.334,0.000,65,W,0,,,,793527,505.78,0
235,584.599,"Mount",0.106,-0.040,0.113,-0.010,0.000,0.000,0,,0,,,,766358,457.61,0
236,586.775,"Mount",-0.148,-0.091,-0.094,0.146,0.000,0.000,0,,0,,,,772038,473.61,0
237,589.122,"Mount",-0.099,-0.240,0.014,0.259,0.000,0.000,0,,0,,,,768657,519.84,0
238,591.414,"Mount",-0.444,0.164,-0.471,0.043,-0.297,0.000,58,E,0,,,,815587,506.23,0
239,593.870,"Mount",-0.002,-0.428,0.183,0.387,0.000,0.387,0,,79,S,,,823883,475.14,0
240,596.150,"Mount",0.420,-0.136,0.438,-0.058,0.276,0.000,54,W,0,,,,782392,497.76,0
241,598.590,"Mount",0.334,-0.025,0.313,-0.121,0.216,0.000,42,W,0,,,,778134,473.43,0
242,600.776,"Mount",0.207,0.157,0.119,-0.230,0.000,0.000,0,,0,,,,799836,510.64,0
243,603.113,"Mount",0.242,0.279,0.098,-0.356,0.000,0.000,0,,0,,,,797483,440.19,0
244,605.320,"Mount",0.196,0.089,0.139,-0.165,0.000,0.000,0,,0,,,,796257,480.88,0
245,607.663,"Mount",0.027,0.064,-0.003,-0.070,0.000,0.000,0,,0,,,,776863,468.55,0
246,610.022,"Mount",-0.961,0.630,-1.138,-0.155,-0.717,0.000,140,E,0,,,,793725,465.85,0
247,612.362,"Mount",-0.123,0.167,-0.183,-0.098,0.000,0.000,0,,0,,,,858203,522.34,0
248,614.536,"Mount",0.179,0.163,0.092,-0.224,0.000,0.000,0,,0,,,,781872,472.80,0
249,616.966,"Mount",0.393,-0.149,0.419,-0.035,0.264,0.000,52,W,0,,,,778691,462.50,0
250,619.143,"Mount",0.050,0.081,0.010,-0.095,0.000,0.000,0,,0,,,,809155,493.62,0
251,621.481,"Mount",0.093,0.170,0.011,-0.193,0.000,0.000,0,,0,,,,802944,496.30,0
252,623.677,"Mount",0.103,-0.022,0.102,-0.025,0.000,0.000,0,,0,,,,804948,527.25,0
253,626.026,"Mount",0.087,-0.062,0.105,0.018,0.000,0.000,0,,0,,,,797909,463.90,0
254,628.279,"Mount",0.294,-0.137,0.325,-0.003,0.205,0.000,40,W,0,,,,818018,503.39,0
255,630.655,"Mount",-0.077,0.099,-0.112,-0.056,0.000,0.000,0,,0,,,,814337,509.73,0
256,632.910,"Mount",-0.243,0.074,-0.251,0.038,-0.158,0.000,31,E,0,,,,814396,502.05,0
257,635.298,"Mount",0.046,0.067,0.012,-0.080,0.000,0.000,0,,0,,,,771658,475.66,0
258,637.473,"Mount",0.043,0.092,-0.000,-0.101,0.000,0.000,0,,0,,,,785139,475.62,0
259,639.895,"Mount",-0.188,0.205,-0.258,-0.104,-0.162,0.000,32,E,0,,,,838747,532.62,0
260,642.150,"Mount",-0.236,0.322,-0.352,-0.189,-0.233,0.000,46,E,0,,,,816420,498.21,0
261,644.527,"Mount",0.128,-0.091,0.155,0.027,0.000,0.000,0,,0,,,,784239,485.53,0
262,646.725,"Mount",0.058,-0.119,0.104,0.082,0.000,0.000,0,,0,,,,777136,478.07,0
263,649.151,"Mount",0.144,-0.427,0.313,0.323,0.197,0.000,39,W,0,,,,799020,499.38,0
264,651.338,"Mount",0.073,0.065,0.038,-0.090,0.000,0.000,0,,0,,,,801096,485.77,0
265,653.684,"Mount",0.029,0.046,0.007,-0.054,0.000,0.000,0,,0,,,,782998,477.00,0
266,655.878,"Mount",-0.131,-0.040,-0.101,0.093,0.000,0.000,0,,0,,,,766451,477.28,0
267,658.224,"Mount",-0.164,-0.061,-0.121,0.126,0.000,0.000,0,,0,,,,815332,487.51,0
268,660.392,"Mount",-0.206,-0.063,-0.159,0.146,0.000,0.000,0,,0,,,,789575,481.97,0
269,662.745,"Mount",-0.066,-0.034,-0.045,0.059,0.000,0.000,0,,0,,,,819897,500.78,0
270,664.925,"Mount",0.090,-0.027,0.093,-0.015,0.000,0.000,0,,0,,,,795852,518.72,0
271,667.399,"Mount",-0.683,0.063,-0.644,0.237,-0.406,0.000,79,E,0,,,,808407,480.09,0
272,669.591,"Mount",-0.136,-0.004,-0.121,0.062,0.000,0.000,0,,0,,,,842026,495.52,0
273,671.998,"Mount",0.311,-0.188,0.361,0.036,0.228,0.000,45,W,0,,,,775124,464.57,0
274,674.303,"Mount",-0.714,0.129,-0.700,0.191,-0.425,0.000,83,E,0,,,,828402,469.63,0
275,676.710,"Mount",-0.249,0.007,-0.228,0.101,-0.173,0.000,34,E,0,,,,825886,472.66,0
276,678.904,"Mount",-0.062,-0.078,-0.022,0.097,0.000,0.000,0,,0,,,,807211,460.65,0
277,681.283,"Mount",-0.074,-0.261,0.045,0.268,0.000,0.000,0,,0,,,,824407,476.57,0
278,683.447,"Mount",-0.062,-0.264,0.057,0.265,0.000,0.000,0,,0,,,,805403,450.52,0
279,685.781,"Mount",0.141,-0.101,0.171,0.031,0.000,0.000,0,,0,,,,812762,498.96,0
280,687.965,"Mount",0.104,-0.194,0.177,0.130,0.000,0.000,0,,0,,,,814809,497.58,0
281,690.455,"Mount",0.697,-0.567,0.873,0.212,0.550,0.000,108,W,0,,,,755478,490.03,0
282,692.628,"Mount",-0.052,-0.175,0.028,0.181,0.000,0.000,0,,0,,,,784021,540.50,0
283,694.990,"Mount",-0.065,-0.139,0.001,0.154,0.000,0.000,0,,0,,,,750358,450.76,0
284,697.239,"Mount",-0.231,0.082,-0.244,0.026,-0.154,0.000,30,E,0,,,,795079,480.24,0
285,699.598,"Mount",0.127,-0.222,0.210,0.146,0.000,0.000,0,,0,,,,772926,504.84,0
286,701.799,"Mount",-0.227,-0.089,-0.167,0.178,0.000,0.000,0,,0,,,,810422,456.31,0
287,704.160,"Mount",-0.019,-0.228,0.081,0.214,0.000,0.000,0,,0,,,,789976,459.86,0
288,706.656,"Mount",0.154,-0.498,0.353,0.383,0.222,0.383,44,W,78,S,,,818547,507.27,0
289,709.118,"Mount",0.398,-0.348,0.509,0.143,0.336,0.000,66,W,0,,,,780727,497.44,0
290,711.439,"Mount",0.543,-0.482,0.697,0.202,0.463,0.000,91,W,0,,,,792765,471.62,0
291,713.777,"Mount",-0.117,0.060,-0.131,-0.004,0.000,0.000,0,,0,,,,755836,455.32,0
292,716.030,"Mount",0.210,-0.095,0.230,-0.004,0.145,0.000,28,W,0,,,,769732,463.46,0
293,718.381,"Mount",-0.100,0.149,-0.154,-0.092,0.000,0.000,0,,0,,,,807730,470.17,0
294,720.553,"Mount",0.149,0.020,0.126,-0.082,0.000,0.000,0,,0,,,,743416,477.60,0
295,722.885,"Mount",-0.112,0.056,-0.125,-0.003,0.000,0.000,0,,0,,,,803337,511.26,0
296,725.166,"Mount",-0.510,0.047,-0.481,0.177,-0.303,0.000,59,E,0,,,,803839,489.17,0
297,727.522,"Mount",-0.034,-0.029,-0.018,0.040,0.000,0.000,0,,0,,,,787664,495.36,0
298,729.698,"Mount",0.119,-0.072,0.139,0.014,0.000,0.000,0,,0,,,,772362,474.10,0
299,732.019,"Mount",0.079,-0.166,0.143,0.116,0.000,0.000,0,,0,,,,785507,447.50,0
300,734.231,"Mount",0.016,-0.039,0.032,0.028,0.000,0.000,0,,0,,,,787197,478.46,0
301,736.570,"Mount",0.043,-0.019,0.047,-0.001,0.000,0.000,0,,0,,,,780673,500.08,0
302,738.854,"Mount",0.246,-0.334,0.366,0.195,0.230,0.000,45,W,0,,,,789254,495.94,0
303,741.211,"Mount",0.061,0.002,0.054,-0.028,0.000,0.000,0,,0,,,,773046,458.87,0
304,743.384,"Mount",0.097,-0.287,0.211,0.217,0.000,0.000,0,,0,,,,763640,474.90,0
305,745.719,"Mount",-0.236,-0.091,-0.174,0.184,0.000,0.000,0,,0,,,,827952,499.88,0
306,747.959,"Mount",-0.350,-0.041,-0.298,0.187,-0.188,0.000,37,E,0,,,,794554,467.50,0
307,750.390,"Mount",-0.347,0.144,-0.375,0.019,-0.249,0.000,49,E,0,,,,841894,482.40,0
308,752.566,"Mount",0.041,-0.013,0.042,-0.006,0.000,0.000,0,,0,,,,809313,534.95,0
309,754.918,"Mount",0.168,-0.086,0.189,0.005,0.000,0.000,0,,0,,,,800965,482.46,0
310,757.302,"Mount",-0.421,-0.304,-0.250,0.455,-0.157,0.455,31,E,93,S,,,785325,480.76,0
311,759.660,"Mount",-0.031,-0.050,-0.006,0.058,0.000,0.000,0,,0,,,,773813,467.27,0
312,761.807,"Mount",0.052,0.025,0.037,-0.045,0.000,0.000,0,,0,,,,776748,493.70,0
313,764.297,"Mount",-0.083,-0.015,-0.068,0.050,0.000,0.000,0,,0,,,,798847,470.30,0
314,766.477,"Mount",-0.062,-0.055,-0.032,0.076,0.000,0.000,0,,0,,,,738569,496.39,0
315,768.839,"Mount",-0.129,0.091,-0.156,-0.026,0.000,0.000,0,,0,,,,767913,495.65,0
316,771.025,"Mount",0.058,-0.053,0.075,0.022,0.000,0.000,0,,0,,,,803836,483.91,0
317,773.470,"Mount",0.389,-0.373,0.512,0.169,0.322,0.000,63,W,0,,,,761370,429.69,0
318,775.726,"Mount",0.234,-0.167,0.283,0.050,0.201,0.000,39,W,0,,,,808236,499.35,0
319,778.071,"Mount",0.089,-0.196,0.165,0.139,0.000,0.000,0,,0,,,,745259,505.47,0
320,780.232,"Mount",0.144,0.013,0.125,-0.073,0.000,0.000,0,,0,,,,815715,512.91,0
321,782.573,"Mount",-0.262,-0.077,-0.203,0.182,0.000,0.000,0,,0,,,,806693,491.22,0
322,784.830,"Mount",0.306,-0.170,0.350,0.021,0.220,0.000,43,W,0,,,,775855,457.59,0
323,787.182,"Mount",-0.094,-0.082,-0.050,0.115,0.000,0.000,0,,0,,,,784131,451.78,0
324,789.423,"Mount",-0.184,0.165,-0.237,-0.070,-0.149,0.000,29,E,0,,,,775484,499.58,0
325,791.764,"Mount",0.074,0.217,-0.027,-0.228,0.000,0.000,0,,0,,,,769202,441.53,0
326,794.006,"Mount",-0.300,0.216,-0.363,-0.066,-0.229,0.000,45,E,0,,,,805428,476.45,0
327,796.438,"Mount",-0.424,0.177,-0.459,0.023,-0.305,0.000,60,E,0,,,,806628,474.39,0
328,798.686,"Mount",0.179,-0.178,0.238,0.083,0.129,0.000,25,W,0,,,,759496,455.09,0
329,801.150,"Mount",-0.506,0.164,-0.528,0.070,-0.323,0.000,63,E,0,,,,839886,518.03,0
330,803.351,"Mount",0.120,-0.018,0.116,-0.035,0.000,0.000,0,,0,,,,789095,516.44,0
331,805.686,"Mount",-0.027,-0.019,-0.016,0.029,0.000,0.000,0,,0,,,,754506,480.49,0
332,807.858,"Mount",-0.123,0.110,-0.158,-0.046,0.000,0.000,0,,0,,,,809785,464.17,0
333,810.366,"Mount",-1.077,0.185,-1.052,0.297,-0.663,0.000,130,E,0,,,,845278,503.19,0
334,812.646,"Mount",-0.492,0.314,-0.579,-0.072,-0.411,0.000,81,E,0,,,,834747,492.77,0
335,815.026,"Mount",0.065,-0.114,0.107,0.075,0.000,0.000,0,,0,,,,821828,484.21,0
336,817.211,"Mount",-0.069,0.031,-0.076,0.002,0.000,0.000,0,,0,,,,789552,467.91,0
337,819.630,"Mount",-0.327,-0.129,-0.240,0.258,-0.151,0.000,30,E,0,,,,825705,518.60,0
338,821.805,"Mount",-0.111,-0.270,0.016,0.291,0.000,0.000,0,,0,,,,843258,504.24,0
339,824.235,"Mount",-0.061,-0.036,-0.040,0.059,0.000,0.000,0,,0,,,,831075,531.80,0
340,826.413,"Mount",-0.064,-0.158,0.010,0.170,0.000,0.000,0,,0,,,,772940,469.09,0
341,828.781,"Mount",-0.266,-0.089,-0.201,0.195,0.000,0.000,0,,0,,,,821116,449.56,0
342,831.030,"Mount",0.185,-0.200,0.253,0.101,0.159,0.000,31,W,0,,,,783640,472.77,0
343,833.371,"Mount",0.004,-0.176,0.079,0.157,0.000,0.000,0,,0,,,,752604,488.18,0
344,835.614,"Mount",0.107,-0.306,0.228,0.230,0.144,0.000,28,W,0,,,,761087,470.14,0
345,838.039,"Mount",0.218,-0.132,0.253,0.026,0.170,0.000,33,W,0,,,,786704,493.85,0
346,840.287,"Mount",-0.360,0.106,-0.371,0.059,-0.222,0.000,43,E,0,,,,796226,447.89,0
347,842.766,"Mount",-0.737,0.228,-0.763,0.112,-0.497,0.000,97,E,0,,,,825737,511.78,0
348,844.946,"Mount",0.168,-0.018,0.159,-0.056,0.000,0.000,0,,0,,,,766097,445.89,0
349,847.366,"Mount",-0.217,0.234,-0.296,-0.118,-0.187,0.000,37,E,0,,,,794244,489.80,0
350,849.654,"Mount",-0.486,0.081,-0.474,0.136,-0.312,0.000,61,E,0,,,,806928,489.65,0
351,851.992,"Mount",-0.196,-0.135,-0.119,0.207,0.000,0.000,0,,0,,,,807986,500.04,0
352,854.375,"Mount",-0.498,-0.280,-0.329,0.467,-0.207,0.467,41,E,95,S,,,814339,506.08,0
353,856.782,"Mount",0.291,-0.234,0.363,0.086,0.214,0.000,42,W,0,,,,790964,491.36,0
354,859.054,"Mount",0.278,-0.297,0.379,0.148,0.254,0.000,50,W,0,,,,793940,514.07,0
355,861.446,"Mount",-0.006,-0.177,0.071,0.163,0.000,0.000,0,,0,,,,801890,486.38,0
356,863.612,"Mount",0.162,-0.055,0.170,-0.020,0.000,0.000,0,,0,,,,810817,486.72,0
357,865.945,"Mount",-0.017,-0.054,0.008,0.056,0.000,0.000,0,,0,,,,817243,492.52,0
358,868.198,"Mount",0.197,-0.196,0.263,0.092,0.165,0.000,32,W,0,,,,774692,521.81,0
359,870.545,"Mount",0.049,0.064,0.017,-0.079,0.000,0.000,0,,0,,,,808122,469.96,0
360,872.790,"Mount",0.180,-0.205,0.251,0.108,0.158,0.000,31,W,0,,,,759285,465.80,0
361,875.177,"Mount",0.158,-0.001,0.143,-0.067,0.000,0.000,0,,0,,,,761025,474.21,0
362,877.384,"Mount",0.179,0.092,0.122,-0.160,0.000,0.000,0,,0,,,,774046,475.90,0
363,879.741,"Mount",0.152,-0.109,0.184,0.033,0.000,0.000,0,,0,,,,757928,458.96,0
364,881.982,"Mount",0.225,-0.197,0.288,0.081,0.181,0.000,35,W,0,,,,779678,476.73,0
365,884.393,"Mount",0.159,-0.118,0.195,0.038,0.000,0.000,0,,0,,,,762763,467.21,0
366,886.564,"Mount",0.112,-0.002,0.102,-0.047,0.000,0.000,0,,0,,,,789573,467.94,0
367,888.915,"Mount",-0.161,0.173,-0.220,-0.087,0.000,0.000,0,,0,,,,815767,503.36,0
368,891.096,"Mount",-0.116,-0.100,-0.062,0.140,0.000,0.000,0,,0,,,,758629,462.42,0
369,893.440,"Mount",0.013,0.005,0.010,-0.010,0.000,0.000,0,,0,,,,762038,465.67,0
370,895.625,"Mount",0.027,-0.160,0.093,0.133,0.000,0.000,0,,0,,,,787421,518.10,0
371,898.102,"Mount",0.016,-0.441,0.204,0.391,0.000,0.391,0,,80,S,,,800036,522.82,0
372,900.269,"Mount",0.031,-0.071,0.058,0.051,0.000,0.000,0,,0,,,,795172,465.16,0
373,902.610,"Mount",-0.086,0.219,-0.172,-0.161,0.000,0.000,0,,0,,,,822032,534.36,0
374,904.871,"Mount",0.427,0.007,0.383,-0.190,0.241,0.000,47,W,0,,,,789166,498.60,0
375,907.225,"Mount",0.069,0.110,0.015,-0.129,0.000,0.000,0,,0,,,,786724,456.94,0
376,909.503,"Mount",-0.267,0.533,-0.471,-0.366,-0.297,0.000,58,E,0,,,,805485,490.47,0
377,911.843,"Mount",-0.106,0.256,-0.206,-0.185,0.000,0.000,0,,0,,,,779351,498.59,0
378,914.001,"Mount",-0.154,0.134,-0.197,-0.055,0.000,0.000,0,,0,,,,774883,480.74,0
379,916.335,"Mount",-0.035,0.176,-0.107,-0.143,0.000,0.000,0,,0,,,,800520,498.60,0
380,918.658,"Mount",-0.260,0.457,-0.432,-0.301,-0.272,0.000,53,E,0,,,,841068,497.20,0
381,921.005,"Mount",-0.031,0.259,-0.139,-0.220,0.000,0.000,0,,0,,,,798162,477.52,0
382,923.184,"Mount",-0.135,-0.027,-0.110,0.082,0.000,0.000,0,,0,,,,819088,489.19,0
383,925.606,"Mount",0.311,0.021,0.271,-0.153,0.171,0.000,33,W,0,,,,795477,480.21,0
384,927.848,"Mount",-0.189,0.175,-0.246,-0.077,-0.143,0.000,28,E,0,,,,817826,527.86,0
385,930.213,"Mount",-0.103,0.069,-0.123,-0.018,0.000,0.000,0,,0,,,,787145,492.49,0
386,932.382,"Mount",0.061,0.007,0.052,-0.033,0.000,0.000,0,,0,,,,832124,499.05,0
387,934.736,"Mount",0.027,-0.067,0.053,0.049,0.000,0.000,0,,0,,,,788533,467.07,0
388,937.014,"Mount",-0.501,0.242,-0.556,-0.003,-0.350,0.000,69,E,0,,,,824603,467.49,0
389,939.494,"Mount",-0.561,0.415,-0.685,-0.133,-0.456,0.000,89,E,0,,,,831811,531.20,0
390,941.709,"Mount",-0.023,0.035,-0.036,-0.022,0.000,0.000,0,,0,,,,823634,463.72,0
391,944.072,"Mount",0.046,-0.116,0.092,0.084,0.000,0.000,0,,0,,,,842951,517.62,0
392,946.259,"Mount",0.146,-0.121,0.184,0.046,0.000,0.000,0,,0,,,,844104,515.24,0
393,948.744,"Mount",0.614,-0.283,0.676,-0.009,0.426,0.000,83,W,0,,,,767367,472.33,0
394,951.014,"Mount",-0.233,0.252,-0.319,-0.127,-0.171,0.000,33,E,0,,,,809001,489.07,0
395,953.365,"Mount",0.039,0.127,-0.020,-0.132,0.000,0.000,0,,0,,,,785723,491.92,0
396,955.562,"Mount",0.038,0.254,-0.075,-0.246,0.000,0.000,0,,0,,,,798735,516.66,0
397,958.006,"Mount",-0.355,0.456,-0.517,-0.259,-0.325,0.000,64,E,0,,,,809607,520.20,0
INFO: SET LOCK POSITION, new lock pos = 45.360, 784.375
INFO: DITHER by 0.850, -0.201, new lock pos = 46.214, 784.191
INFO: SETTLING STATE CHANGE, Settling started
398,960.879,"Mount",-0.854,0.184,-0.850,0.201,-0.850,0.201,167,E,41,S,,,793355,513.12,0
399,963.275,"Mount",0.161,0.102,0.101,-0.162,0.000,0.000,0,,0,,,,771883,464.79,0
400,965.463,"Mount",0.227,0.228,0.107,-0.304,0.000,0.000,0,,0,,,,784966,484.89,0
401,967.799,"Mount",-0.008,0.187,-0.088,-0.165,0.000,0.000,0,,0,,,,788880,499.24,0
402,970.128,"Mount",-0.857,0.329,-0.915,0.072,-0.576,0.000,113,E,0,,,,813752,518.54,0
INFO: SETTLING STATE CHANGE, Settling complete
403,972.542,"Mount",0.497,0.061,0.422,-0.269,0.226,0.000,44,W,0,,,,771588,470.49,0
404,974.832,"Mount",0.097,0.200,0.002,-0.222,0.000,0.000,0,,0,,,,782435,510.99,0
405,977.262,"Mount",-0.143,0.237,-0.231,-0.152,-0.146,0.000,29,E,0,,,,792024,469.62,0
406,979.446,"Mount",-0.016,0.160,-0.084,-0.138,0.000,0.000,0,,0,,,,791371,489.74,0
407,981.777,"Mount",-0.143,0.078,-0.163,-0.009,0.000,0.000,0,,0,,,,789503,469.92,0
408,983.941,"Mount",0.047,0.033,0.029,-0.050,0.000,0.000,0,,0,,,,801158,489.87,0
409,986.382,"Mount",0.180,-0.227,0.260,0.128,0.164,0.000,32,W,0,,,,794737,527.73,0
410,988.686,"Mount",0.566,-0.227,0.609,-0.038,0.395,0.000,77,W,0,,,,811970,452.93,0
411,991.057,"Mount",0.126,-0.044,0.133,-0.015,0.000,0.000,0,,0,,,,797827,452.52,0
412,993.318,"Mount",-0.265,0.132,-0.296,-0.005,-0.187,0.000,37,E,0,,,,805293,469.87,0
413,995.759,"Mount",-0.344,0.103,-0.354,0.055,-0.236,0.000,46,E,0,,,,802986,507.49,0
414,997.933,"Mount",0.104,0.047,0.074,-0.088,0.000,0.000,0,,0,,,,791729,491.05,0
415,1000.273,"Mount",0.131,-0.049,0.140,-0.012,0.000,0.000,0,,0,,,,801560,490.88,0
416,1002.441,"Mount",-0.157,-0.056,-0.117,0.118,0.000,0.000,0,,0,,,,839712,526.08,0
417,1004.934,"Mount",0.238,-0.072,0.246,-0.038,0.155,0.000,30,W,0,,,,764899,439.35,0
418,1007.239,"Mount",-0.636,0.139,-0.634,0.148,-0.388,0.000,76,E,0,,,,824782,510.97,0
419,1009.648,"Mount",0.123,-0.339,0.257,0.253,0.135,0.000,26,W,0,,,,814726,493.19,0
420,1011.935,"Mount",0.534,-0.353,0.634,0.089,0.409,0.000,80,W,0,,,,817307,514.93,0
421,1014.281,"Mount",-0.033,-0.091,0.009,0.096,0.000,0.000,0,,0,,,,849521,503.31,0
422,1016.566,"Mount",0.492,-0.260,0.556,0.023,0.350,0.000,69,W,0,,,,801441,487.65,0
423,1019.014,"Mount",-0.416,0.119,-0.427,0.071,-0.244,0.000,48,E,0,,,,783726,476.59,0
424,1021.210,"Mount",0.090,-0.181,0.160,0.125,0.000,0.000,0,,0,,,,797327,467.39,0
425,1023.646,"Mount",0.276,-0.324,0.388,0.174,0.245,0.000,48,W,0,,,,793680,469.89,0
426,1025.910,"Mount",0.267,-0.373,0.401,0.222,0.270,0.000,53,W,0,,,,768681,465.98,0
427,1028.342,"Mount",-0.262,0.052,-0.259,0.066,-0.144,0.000,28,E,0,,,,830769,531.37,0
428,1030.625,"Mount",0.440,-0.470,0.600,0.234,0.368,0.000,72,W,0,,,,820652,506.19,0
429,1033.062,"Mount",-0.459,0.247,-0.521,-0.025,-0.302,0.000,59,E,0,,,,820746,476.53,0
430,1035.342,"Mount",-0.497,-0.099,-0.406,0.303,-0.277,0.000,54,E,0,,,,796230,443.84,0
431,1037.782,"Mount",-0.587,-0.265,-0.416,0.492,-0.281,0.000,55,E,0,,,,849238,517.09,0
432,1039.959,"Mount",0.187,-0.069,0.198,-0.018,0.000,0.000,0,,0,,,,798444,463.18,0
433,1042.297,"Mount",-0.127,-0.072,-0.084,0.120,0.000,0.000,0,,0,,,,827572,461.24,0
434,1044.558,"Mount",0.245,-0.388,0.389,0.245,0.245,0.000,48,W,0,,,,816941,512.87,0
435,1046.901,"Mount",0.000,-0.103,0.045,0.093,0.000,0.000,0,,0,,,,810993,483.08,0
436,1049.166,"Mount",-0.435,0.144,-0.455,0.058,-0.286,0.000,56,E,0,,,,812732,488.08,0
437,1051.671,"Mount",-0.702,-0.092,-0.594,0.386,-0.394,0.000,77,E,0,,,,831348,538.42,0
438,1053.950,"Mount",-0.508,-0.091,-0.420,0.301,-0.292,0.000,57,E,0,,,,817403,460.51,0
439,1056.352,"Mount",0.149,-0.398,0.306,0.296,0.172,0.000,34,W,0,,,,829959,532.29,0
440,1058.662,"Mount",0.376,-0.241,0.443,0.056,0.291,0.000,57,W,0,,,,819578,475.13,0
441,1061.166,"Mount",-1.090,0.070,-1.014,0.406,-0.619,0.000,121,E,0,,,,818077,511.79,0
442,1063.503,"Mount",-0.012,0.109,-0.057,-0.093,0.000,0.000,0,,0,,,,804166,489.24,0
443,1065.990,"Mount",-0.759,0.283,-0.807,0.072,-0.508,0.000,100,E,0,,,,842450,563.04,0
444,1068.287,"Mount",0.567,-0.332,0.655,0.056,0.377,0.000,74,W,0,,,,845554,482.84,0
445,1070.710,"Mount",0.235,-0.523,0.438,0.371,0.302,0.000,59,W,0,,,,819197,504.99,0
446,1072.982,"Mount",0.377,-0.395,0.510,0.195,0.343,0.000,67,W,0,,,,831831,512.35,0
447,1075.455,"Mount",0.460,-0.401,0.588,0.164,0.395,0.000,77,W,0,,,,852858,534.76,0
448,1077.702,"Mount",0.118,-0.317,0.243,0.235,0.181,0.000,35,W,0,,,,816122,510.21,0
449,1080.134,"Mount",0.307,-0.350,0.428,0.184,0.282,0.000,55,W,0,,,,791786,534.57,0
450,1082.390,"Mount",-0.346,-0.022,-0.303,0.169,-0.171,0.000,34,E,0,,,,804259,470.19,0
451,1084.854,"Mount",-0.643,-0.006,-0.578,0.282,-0.376,0.000,74,E,0,,,,782077,449.71,0
452,1087.036,"Mount",-0.262,-0.109,-0.189,0.211,0.000,0.000,0,,0,,,,798848,486.16,0
453,1089.391,"Mount",-0.244,-0.097,-0.178,0.193,0.000,0.000,0,,0,,,,798239,509.78,0
454,1091.671,"Mount",-0.402,0.067,-0.392,0.113,-0.247,0.000,48,E,0,,,,794666,485.86,0
455,1094.095,"Mount",0.211,-0.220,0.285,0.108,0.162,0.000,32,W,0,,,,786475,466.60,0
456,1096.294,"Mount",0.014,0.025,0.002,-0.029,0.000,0.000,0,,0,,,,750845,435.90,0
457,1098.618,"Mount",0.148,-0.071,0.165,0.001,0.000,0.000,0,,0,,,,761325,472.48,0
458,1100.942,"Mount",-0.734,0.014,-0.669,0.303,-0.421,0.000,83,E,0,,,,797446,456.08,0
459,1103.393,"Mount",-0.472,-0.184,-0.346,0.369,-0.248,0.000,49,E,0,,,,822942,485.27,0
460,1105.758,"Mount",-1.294,0.029,-1.180,0.531,-0.761,0.000,149,E,0,,,,833014,474.76,0
461,1108.295,"Mount",0.183,-0.562,0.407,0.428,0.203,0.428,40,W,87,S,,,822983,486.18,0
462,1110.544,"Mount",-0.455,-0.126,-0.356,0.309,-0.210,0.000,41,E,0,,,,824827,499.91,0
463,1112.974,"Mount",0.318,-0.171,0.361,0.017,0.213,0.000,42,W,0,,,,818172,496.03,0
464,1115.310,"Mount",0.475,-0.116,0.479,-0.100,0.316,0.000,62,W,0,,,,780423,498.45,0
465,1117.669,"Mount",-0.097,-0.036,-0.072,0.074,0.000,0.000,0,,0,,,,785805,494.48,0
466,1119.840,"Mount",-0.274,-0.051,-0.225,0.163,0.000,0.000,0,,0,,,,813740,510.27,0
467,1122.215,"Mount",-0.204,-0.243,-0.079,0.307,0.000,0.000,0,,0,,,,815968,510.96,0
468,1124.558,"Mount",-0.712,0.347,-0.792,-0.007,-0.499,0.000,98,E,0,,,,829567,479.94,0
469,1126.920,"Mount",0.163,-0.147,0.211,0.063,0.000,0.000,0,,0,,,,787014,490.92,0
470,1129.199,"Mount",0.454,-0.348,0.559,0.118,0.352,0.000,69,W,0,,,,793664,475.37,0
471,1131.678,"Mount",0.263,-0.441,0.427,0.285,0.294,0.000,58,W,0,,,,835247,484.22,0
472,1133.911,"Mount",0.129,-0.330,0.258,0.242,0.183,0.000,36,W,0,,,,809234,467.45,0
473,1136.432,"Mount",-0.920,0.185,-0.910,0.229,-0.560,0.000,110,E,0,,,,813346,478.29,0
474,1138.606,"Mount",0.119,-0.145,0.170,0.079,0.000,0.000,0,,0,,,,805791,448.08,0
475,1141.222,"Mount",-0.715,-0.428,-0.461,0.694,-0.291,0.694,57,E,142,S,,,845379,540.14,0
476,1143.471,"Mount",0.318,-0.027,0.299,-0.112,0.168,0.000,33,W,0,,,,831299,464.72,0
477,1145.894,"Mount",0.462,0.225,0.320,-0.401,0.213,0.000,42,W,0,,,,793435,518.21,0
478,1148.167,"Mount",-0.345,0.378,-0.474,-0.193,-0.284,0.000,56,E,0,,,,826400,519.80,0
479,1150.591,"Mount",-0.281,0.280,-0.374,-0.132,-0.256,0.000,50,E,0,,,,817066,482.22,0
480,1152.775,"Mount",-0.028,-0.001,-0.025,0.013,0.000,0.000,0,,0,,,,808023,540.78,0
481,1155.255,"Mount",0.862,-0.102,0.822,-0.279,0.518,0.000,101,W,0,,,,804657,495.23,0
482,1157.623,"Mount",1.271,0.111,1.099,-0.647,0.729,0.000,143,W,0,,,,809992,487.49,0
483,1160.022,"Mount",-0.317,0.024,-0.297,0.115,-0.136,0.000,27,E,0,,,,823884,507.35,0
484,1162.359,"Mount",0.608,-0.274,0.667,-0.014,0.411,0.000,80,W,0,,,,837518,484.87,0
485,1164.814,"Mount",0.610,0.067,0.521,-0.323,0.357,0.000,70,W,0,,,,802356,491.98,0
486,1167.166,"Mount",0.958,-0.360,1.020,-0.088,0.668,0.000,131,W,0,,,,802665,474.29,0
487,1169.583,"Mount",-0.126,0.350,-0.264,-0.262,-0.120,0.000,23,E,0,,,,815392,462.87,0
488,1171.777,"Mount",0.219,-0.019,0.206,-0.077,0.000,0.000,0,,0,,,,819460,481.49,0
489,1174.191,"Mount",0.288,-0.158,0.328,0.018,0.207,0.000,40,W,0,,,,834873,491.36,0
490,1176.380,"Mount",-0.087,-0.055,-0.055,0.088,0.000,0.000,0,,0,,,,806562,510.75,0
491,1178.854,"Mount",0.665,-0.266,0.715,-0.046,0.450,0.000,88,W,0,,,,819331,504.13,0
492,1181.199,"Mount",0.952,-0.192,0.942,-0.236,0.625,0.000,122,W,0,,,,791160,516.79,0
493,1183.718,"Mount",0.640,-0.053,0.601,-0.228,0.422,0.000,83,W,0,,,,805028,493.82,0
494,1185.896,"Mount",-0.159,0.142,-0.205,-0.059,0.000,0.000,0,,0,,,,810570,454.98,0
495,1188.391,"Mount",-0.901,0.262,-0.926,0.151,-0.583,0.000,114,E,0,,,,805780,491.16,0
496,1190.625,"Mount",0.286,-0.099,0.301,-0.033,0.149,0.000,29,W,0,,,,816188,462.57,0
497,1193.135,"Mount",0.882,-0.366,0.953,-0.049,0.611,0.000,120,W,0,,,,794953,461.25,0
498,1195.422,"Mount",0.453,-0.237,0.511,0.019,0.364,0.000,71,W,0,,,,792890,456.42,0
499,1197.910,"Mount",0.304,-0.056,0.299,-0.080,0.214,0.000,42,W,0,,,,772003,479.84,0
500,1200.199,"Mount",0.629,-0.091,0.607,-0.188,0.398,0.000,78,W,0,,,,771471,496.94,0
501,1202.540,"Mount",0.217,0.034,0.182,-0.124,0.000,0.000,0,,0,,,,772942,470.64,0
502,1204.831,"Mount",-0.417,0.425,-0.559,-0.204,-0.352,0.000,69,E,0,,,,807318,484.66,0
503,1207.180,"Mount",0.086,-0.004,0.079,-0.034,0.000,0.000,0,,0,,,,798022,516.00,0
504,1209.365,"Mount",-0.063,-0.027,-0.045,0.052,0.000,0.000,0,,0,,,,788638,523.42,0
505,1211.847,"Mount",-0.563,0.272,-0.626,-0.003,-0.394,0.000,77,E,0,,,,787140,465.38,0
506,1214.070,"Mount",0.331,0.127,0.244,-0.257,0.126,0.000,25,W,0,,,,799842,503.37,0
507,1216.518,"Mount",0.521,-0.053,0.493,-0.176,0.320,0.000,63,W,0,,,,778974,487.85,0
508,1218.706,"Mount",0.162,-0.041,0.164,-0.033,0.000,0.000,0,,0,,,,775947,452.09,0
509,1221.059,"Mount",0.064,-0.226,0.155,0.176,0.000,0.000,0,,0,,,,822565,425.08,0
510,1223.244,"Mount",0.038,-0.051,0.056,0.029,0.000,0.000,0,,0,,,,792103,491.26,0
511,1225.646,"Mount",0.276,-0.071,0.280,-0.055,0.176,0.000,35,W,0,,,,780371,483.44,0
512,1227.902,"Mount",0.397,-0.066,0.387,-0.111,0.256,0.000,50,W,0,,,,778168,487.78,0
513,1230.377,"Mount",-0.647,0.433,-0.771,-0.113,-0.468,0.000,92,E,0,,,,811004,496.85,0
514,1232.555,"Mount",0.007,0.113,-0.042,-0.105,0.000,0.000,0,,0,,,,770915,472.76,0
515,1235.182,"Mount",-1.037,0.065,-0.964,0.388,-0.608,0.388,119,E,79,S,,,814440,517.32,0
516,1237.455,"Mount",-0.292,0.120,-0.315,0.018,-0.241,0.000,47,E,0,,,,811256,482.81,0
517,1239.934,"Mount",0.799,-0.024,0.731,-0.322,0.444,0.000,87,W,0,,,,780123,466.95,0
518,1242.191,"Mount",-0.367,0.186,-0.411,-0.010,-0.228,0.000,45,E,0,,,,841028,506.12,0
519,1244.654,"Mount",-0.181,0.306,-0.295,-0.199,-0.202,0.000,39,E,0,,,,795164,501.88,0
520,1246.927,"Mount",-0.343,0.177,-0.386,-0.012,-0.257,0.000,50,E,0,,,,836251,467.84,0
521,1249.294,"Mount",0.210,0.081,0.155,-0.163,0.000,0.000,0,,0,,,,830073,507.80,0
522,1251.593,"Mount",0.349,-0.021,0.324,-0.132,0.204,0.000,40,W,0,,,,791649,451.71,0
523,1254.014,"Mount",0.235,-0.039,0.228,-0.066,0.158,0.000,31,W,0,,,,798078,455.27,0
524,1256.212,"Mount",0.099,-0.094,0.130,0.042,0.000,0.000,0,,0,,,,787864,515.12,0
525,1258.581,"Mount",0.322,0.164,0.220,-0.286,0.000,0.000,0,,0,,,,804363,528.48,0
526,1260.838,"Mount",0.331,0.084,0.263,-0.219,0.166,0.000,32,W,0,,,,804681,517.95,0
527,1263.173,"Mount",-0.058,0.243,-0.157,-0.195,0.000,0.000,0,,0,,,,800753,476.78,0
528,1265.446,"Mount",-0.339,0.174,-0.381,-0.011,-0.240,0.000,47,E,0,,,,816103,500.87,0
529,1267.784,"Mount",-0.121,0.162,-0.179,-0.094,0.000,0.000,0,,0,,,,797231,512.39,0
530,1269.963,"Mount",0.195,0.068,0.147,-0.145,0.000,0.000,0,,0,,,,785464,481.39,0
531,1272.415,"Mount",-0.574,0.364,-0.675,-0.081,-0.425,0.000,83,E,0,,,,851266,545.18,0
532,1274.595,"Mount",0.104,0.008,0.090,-0.052,0.000,0.000,0,,0,,,,787618,486.25,0
533,1277.015,"Mount",0.485,0.124,0.385,-0.321,0.242,0.000,47,W,0,,,,795540,464.73,0
534,1279.201,"Mount",-0.014,0.031,-0.026,-0.022,0.000,0.000,0,,0,,,,777238,489.24,0
535,1281.630,"Mount",0.232,-0.146,0.272,0.032,0.171,0.000,34,W,0,,,,784712,510.79,0
536,1283.805,"Mount",0.072,0.047,0.045,-0.074,0.000,0.000,0,,0,,,,781259,503.06,0
537,1286.311,"Mount",0.457,-0.289,0.537,0.064,0.339,0.000,66,W,0,,,,790833,488.42,0
538,1288.584,"Mount",0.267,-0.169,0.314,0.038,0.221,0.000,43,W,0,,,,774655,469.64,0
539,1291.126,"Mount",-0.736,0.332,-0.807,0.017,-0.493,0.000,97,E,0,,,,800254,469.78,0
540,1293.299,"Mount",-0.113,0.190,-0.184,-0.123,0.000,0.000,0,,0,,,,799448,497.18,0
541,1295.734,"Mount",-0.373,0.326,-0.478,-0.134,-0.301,0.000,59,E,0,,,,795760,486.41,0
542,1297.914,"Mount",0.068,0.079,0.028,-0.101,0.000,0.000,0,,0,,,,765651,471.40,0
543,1300.351,"Mount",-0.329,0.285,-0.420,-0.116,-0.265,0.000,52,E,0,,,,823204,494.72,0
544,1302.663,"Mount",-0.720,0.349,-0.800,-0.005,-0.522,0.000,102,E,0,,,,822349,483.63,0
545,1305.102,"Mount",-0.366,0.036,-0.346,0.125,-0.255,0.000,50,E,0,,,,828226,518.39,0
546,1307.495,"Mount",1.164,-0.384,1.216,-0.154,0.748,0.000,147,W,0,,,,802252,490.05,0
547,1309.934,"Mount",0.279,-0.214,0.344,0.073,0.269,0.000,53,W,0,,,,851078,455.85,0
548,1312.199,"Mount",0.372,-0.196,0.420,0.017,0.283,0.000,55,W,0,,,,792146,464.18,0
549,1314.662,"Mount",-0.600,0.376,-0.704,-0.082,-0.423,0.000,83,E,0,,,,807842,473.54,0
550,1316.848,"Mount",0.130,-0.111,0.165,0.045,0.000,0.000,0,,0,,,,812528,483.72,0
551,1319.367,"Mount",0.736,-0.390,0.832,0.035,0.524,0.000,103,W,0,,,,785624,525.04,0
552,1321.798,"Mount",0.319,-0.322,0.427,0.154,0.306,0.000,60,W,0,,,,831965,491.18,0
553,1324.255,"Mount",-0.537,0.418,-0.664,-0.146,-0.397,0.000,78,E,0,,,,822175,515.46,0
554,1326.437,"Mount",-0.158,0.082,-0.177,-0.006,0.000,0.000,0,,0,,,,840246,518.80,0
555,1328.855,"Mount",0.264,-0.128,0.294,0.001,0.185,0.000,36,W,0,,,,783272,482.05,0
556,1331.121,"Mount",0.349,-0.043,0.334,-0.111,0.223,0.000,44,W,0,,,,790413,455.74,0
557,1333.458,"Mount",-0.033,-0.013,-0.024,0.026,0.000,0.000,0,,0,,,,799576,494.29,0
558,1335.639,"Mount",0.088,0.032,0.065,-0.067,0.000,0.000,0,,0,,,,783906,484.82,0
559,1337.981,"Mount",-0.202,0.081,-0.217,0.014,0.000,0.000,0,,0,,,,778439,466.01,0
560,1340.239,"Mount",-0.279,0.322,-0.391,-0.171,-0.246,0.000,48,E,0,,,,786100,461.75,0
561,1342.644,"Mount",-0.026,-0.037,-0.008,0.044,0.000,0.000,0,,0,,,,803221,488.50,0
562,1344.839,"Mount",0.068,-0.077,0.095,0.040,0.000,0.000,0,,0,,,,776042,501.88,0
563,1347.190,"Mount",0.010,-0.068,0.039,0.057,0.000,0.000,0,,0,,,,801792,525.21,0
564,1349.390,"Mount",0.055,-0.023,0.060,-0.003,0.000,0.000,0,,0,,,,774271,496.10,0
565,1351.766,"Mount",-0.032,-0.118,0.021,0.120,0.000,0.000,0,,0,,,,795702,492.60,0
566,1354.007,"Mount",0.254,-0.246,0.335,0.113,0.211,0.000,41,W,0,,,,806143,514.89,0
567,1356.371,"Mount",0.057,-0.092,0.091,0.059,0.000,0.000,0,,0,,,,810646,487.69,0
568,1358.546,"Mount",-0.060,-0.084,-0.018,0.101,0.000,0.000,0,,0,,,,768146,488.36,0
569,1361.006,"Mount",-0.627,0.223,-0.662,0.068,-0.417,0.000,82,E,0,,,,850429,497.59,0
570,1363.335,"Mount",-0.332,0.185,-0.379,-0.024,-0.268,0.000,52,E,0,,,,801462,460.52,0
571,1365.998,"Mount",-1.333,0.200,-1.289,0.393,-0.831,0.393,163,E,80,S,,,795736,456.07,0
572,1368.196,"Mount",0.097,0.089,0.049,-0.122,0.000,0.000,0,,0,,,,824269,487.12,0
573,1370.774,"Mount",1.542,-0.265,1.506,-0.425,0.949,0.000,186,W,0,,,,774073,485.80,0
574,1373.119,"Mount",0.850,-0.294,0.894,-0.100,0.630,0.000,123,W,0,,,,803746,476.58,0
575,1375.575,"Mount",0.584,0.083,0.491,-0.326,0.354,0.000,69,W,0,,,,798894,484.78,0
576,1377.760,"Mount",-0.014,0.073,-0.044,-0.060,0.000,0.000,0,,0,,,,813074,514.79,0
577,1380.101,"Mount",0.149,0.229,0.036,-0.271,0.000,0.000,0,,0,,,,783019,493.04,0
578,1382.407,"Mount",-0.629,0.369,-0.727,-0.063,-0.458,0.000,90,E,0,,,,824392,485.74,0
579,1384.847,"Mount",-0.034,0.469,-0.232,-0.409,-0.178,0.000,35,E,0,,,,820712,491.02,0
580,1387.311,"Mount",-1.905,0.755,-2.044,0.138,-1.300,0.000,255,E,0,,,,783045,425.83,0
581,1392.326,"Mount",1.419,0.752,0.957,-1.290,0.512,-1.290,100,W,2500,N,,,819086,455.18,0
582,1397.214,"Mount",-1.666,-3.546,0.022,3.918,0.000,3.918,0,,2500,S,,,807148,476.95,0
583,1399.687,"Mount",0.380,-0.520,0.567,0.306,0.357,0.000,70,W,0,,,,813258,469.77,0
584,1401.859,"Mount",0.088,-0.248,0.186,0.186,0.000,0.000,0,,0,,,,790569,532.91,0
585,1404.192,"Mount",-0.059,-0.341,0.094,0.333,0.000,0.000,0,,0,,,,804581,520.84,0
586,1406.670,"Mount",-1.017,-0.253,-0.809,0.666,-0.510,0.666,100,E,136,S,,,804611,482.44,0
587,1409.135,"Mount",-0.405,0.166,-0.437,0.024,-0.311,0.000,61,E,0,,,,822910,456.56,0
588,1411.330,"Mount",0.019,-0.003,0.018,-0.006,0.000,0.000,0,,0,,,,824751,547.15,0
589,1413.670,"Mount",-0.073,-0.080,-0.032,0.104,0.000,0.000,0,,0,,,,822637,452.57,0
590,1415.927,"Mount",0.300,-0.136,0.330,-0.007,0.208,0.000,41,W,0,,,,813768,467.90,0
591,1418.400,"Mount",0.299,-0.186,0.350,0.039,0.235,0.000,46,W,0,,,,808475,504.88,0
592,1420.647,"Mount",0.261,-0.172,0.310,0.043,0.212,0.000,41,W,0,,,,778912,480.95,0
593,1423.230,"Mount",-0.632,-0.160,-0.501,0.416,-0.301,0.416,59,E,85,S,,,810541,468.33,0
594,1425.500,"Mount",-0.184,-0.077,-0.133,0.149,0.000,0.000,0,,0,,,,811294,481.53,0
595,1427.852,"Mount",0.098,0.339,-0.057,-0.348,0.000,0.000,0,,0,,,,787909,508.70,0
596,1430.022,"Mount",0.279,0.105,0.207,-0.215,0.000,0.000,0,,0,,,,785431,426.35,0
597,1432.355,"Mount",0.199,0.056,0.155,-0.136,0.000,0.000,0,,0,,,,804581,496.72,0
598,1434.607,"Mount",-0.202,0.319,-0.320,-0.201,-0.202,0.000,39,E,0,,,,795933,488.86,0
599,1436.960,"Mount",-0.037,-0.023,-0.023,0.037,0.000,0.000,0,,0,,,,791674,545.01,0
600,1439.145,"Mount",-0.081,0.089,-0.111,-0.046,0.000,0.000,0,,0,,,,863265,508.68,0
601,1441.523,"Mount",0.254,0.075,0.197,-0.177,0.000,0.000,0,,0,,,,791955,472.84,0
602,1443.775,"Mount",0.457,0.015,0.406,-0.210,0.256,0.000,50,W,0,,,,785247,502.20,0
603,1446.263,"Mount",-0.188,0.143,-0.231,-0.048,-0.128,0.000,25,E,0,,,,807655,490.01,0
604,1448.519,"Mount",-0.261,0.175,-0.311,-0.046,-0.205,0.000,40,E,0,,,,821846,504.42,0
605,1450.951,"Mount",0.489,0.086,0.404,-0.288,0.240,0.000,47,W,0,,,,816345,501.67,0
606,1453.366,"Mount",-0.717,-0.231,-0.548,0.518,-0.328,0.518,64,E,106,S,,,831601,493.96,0
607,1455.800,"Mount",0.614,0.109,0.507,-0.363,0.297,0.000,58,W,0,,,,843595,568.31,0
608,1458.151,"Mount",1.116,-0.073,1.039,-0.414,0.675,0.000,132,W,0,,,,818933,503.90,0
609,1460.599,"Mount",0.490,-0.094,0.482,-0.126,0.351,0.000,69,W,0,,,,800773,490.31,0
610,1462.781,"Mount",0.008,0.344,-0.141,-0.314,0.000,0.000,0,,0,,,,820843,504.64,0
611,1465.212,"Mount",0.411,0.001,0.370,-0.178,0.233,0.000,46,W,0,,,,798231,479.77,0
612,1467.412,"Mount",0.004,0.210,-0.086,-0.191,0.000,0.000,0,,0,,,,796723,485.60,0
613,1469.756,"Mount",-0.068,0.341,-0.208,-0.279,0.000,0.000,0,,0,,,,806768,503.12,0
614,1472.007,"Mount",-0.254,0.293,-0.355,-0.155,-0.224,0.000,44,E,0,,,,818775,511.49,0
615,1474.415,"Mount",0.384,0.276,0.228,-0.414,0.128,0.000,25,W,0,,,,831497,490.08,0
616,1476.695,"Mount",0.522,0.074,0.440,-0.291,0.286,0.000,56,W,0,,,,803050,476.41,0
617,1481.606,"Mount",0.999,-0.051,0.924,-0.384,0.602,-0.384,118,W,2355,N,,,785907,482.67,0
618,1486.495,"Mount",-1.118,-2.653,0.133,2.876,0.000,2.876,0,,2500,S,,,785839,479.08,0
619,1488.935,"Mount",0.434,0.121,0.339,-0.296,0.214,0.000,42,W,0,,,,814113,476.60,0
620,1491.239,"Mount",0.591,-0.006,0.536,-0.249,0.353,0.000,69,W,0,,,,805039,529.55,0
621,1493.671,"Mount",0.464,0.061,0.392,-0.255,0.272,0.000,53,W,0,,,,814586,513.27,0
622,1495.851,"Mount",-0.008,0.167,-0.079,-0.147,0.000,0.000,0,,0,,,,827864,505.42,0
623,1498.197,"Mount",0.010,0.170,-0.064,-0.157,0.000,0.000,0,,0,,,,840532,537.80,0
624,1500.439,"Mount",-0.300,0.304,-0.402,-0.146,-0.253,0.000,50,E,0,,,,831298,511.72,0
625,1502.911,"Mount",0.597,-0.293,0.665,0.008,0.401,0.000,79,W,0,,,,812121,510.96,0
626,1505.175,"Mount",0.314,-0.201,0.370,0.047,0.261,0.000,51,W,0,,,,817045,469.89,0
627,1507.528,"Mount",-0.075,0.255,-0.178,-0.198,0.000,0.000,0,,0,,,,784415,482.02,0
628,1509.696,"Mount",-0.093,0.066,-0.112,-0.020,0.000,0.000,0,,0,,,,771328,455.88,0
629,1512.159,"Mount",-0.567,0.405,-0.686,-0.122,-0.432,0.000,85,E,0,,,,808476,498.57,0
630,1514.431,"Mount",-0.179,0.226,-0.259,-0.127,-0.193,0.000,38,E,0,,,,821479,510.47,0
631,1516.919,"Mount",-0.761,0.122,-0.739,0.218,-0.479,0.000,94,E,0,,,,817472,505.61,0
632,1519.199,"Mount",0.497,-0.317,0.585,0.072,0.335,0.000,66,W,0,,,,829713,494.01,0
633,1521.575,"Mount",0.160,-0.102,0.189,0.023,0.000,0.000,0,,0,,,,823015,521.48,0
634,1523.742,"Mount",0.057,-0.148,0.115,0.109,0.000,0.000,0,,0,,,,812613,480.45,0
635,1526.167,"Mount",-0.322,0.113,-0.339,0.037,-0.214,0.000,42,E,0,,,,816871,464.96,0
636,1528.348,"Mount",0.005,-0.161,0.074,0.143,0.000,0.000,0,,0,,,,813302,445.39,0
637,1530.815,"Mount",-0.784,0.082,-0.742,0.264,-0.468,0.000,92,E,0,,,,800575,498.79,0
638,1533.135,"Mount",-0.866,0.129,-0.837,0.256,-0.560,0.000,110,E,0,,,,830986,497.50,0
639,1535.583,"Mount",-0.482,0.044,-0.454,0.168,-0.325,0.000,64,E,0,,,,838371,484.49,0
640,1537.855,"Mount",0.461,-0.243,0.521,0.021,0.305,0.000,60,W,0,,,,804973,489.78,0
641,1540.200,"Mount",-0.097,-0.127,-0.033,0.157,0.000,0.000,0,,0,,,,790725,512.80,0
642,1542.374,"Mount",0.048,-0.332,0.186,0.278,0.000,0.000,0,,0,,,,812146,506.86,0
643,1544.763,"Mount",-0.162,-0.053,-0.123,0.118,0.000,0.000,0,,0,,,,784345,455.58,0
644,1546.945,"Mount",0.034,0.019,0.023,-0.031,0.000,0.000,0,,0,,,,778484,494.98,0
645,1549.383,"Mount",-0.310,0.110,-0.327,0.034,-0.206,0.000,40,E,0,,,,785081,441.15,0
646,1551.606,"Mount",-0.072,0.097,-0.107,-0.057,0.000,0.000,0,,0,,,,792618,492.56,0
647,1554.031,"Mount",-0.438,0.050,-0.417,0.143,-0.262,0.000,51,E,0,,,,777602,500.35,0
648,1556.343,"Mount",-0.472,0.141,-0.487,0.076,-0.325,0.000,64,E,0,,,,824870,496.19,0
649,1558.743,"Mount",0.208,-0.380,0.352,0.254,0.199,0.000,39,W,0,,,,797156,491.57,0
650,1561.015,"Mount",-0.347,0.130,-0.369,0.032,-0.219,0.000,43,E,0,,,,821582,494.37,0
651,1563.353,"Mount",-0.014,0.095,-0.054,-0.080,0.000,0.000,0,,0,,,,802064,484.81,0
652,1565.536,"Mount",0.048,-0.175,0.119,0.137,0.000,0.000,0,,0,,,,789740,494.76,0
653,1567.901,"Mount",0.047,-0.002,0.043,-0.019,0.000,0.000,0,,0,,,,782463,505.21,0
654,1570.155,"Mount",-0.036,-0.020,-0.024,0.034,0.000,0.000,0,,0,,,,800582,533.38,0
655,1572.687,"Mount",-1.297,0.253,-1.280,0.330,-0.806,0.000,158,E,0,,,,788484,503.40,0
656,1575.000,"Mount",-0.490,0.012,-0.448,0.200,-0.338,0.000,66,E,0,,,,791907,518.47,0
657,1577.368,"Mount",-0.183,-0.137,-0.106,0.202,0.000,0.000,0,,0,,,,815727,494.14,0
INFO: SET LOCK POSITION, new lock pos = 46.214, 784.191
INFO: DITHER by -1.497, 3.960, new lock pos = 43.158, 781.261
INFO: SETTLING STATE CHANGE, Settling started
658,1583.296,"Mount",3.056,2.930,1.497,-3.960,1.497,-3.960,293,W,2972,N,,,778898,477.20,0
659,1588.176,"Mount",-1.295,-2.260,-0.196,2.597,0.000,2.597,0,,2500,S,,,809359,494.98,0
660,1592.942,"Mount",0.023,1.393,-0.579,-1.268,-0.365,-1.268,71,E,2273,N,,,847526,482.95,0
661,1597.622,"Mount",-1.102,-1.465,-0.365,1.796,-0.255,1.796,50,E,2183,S,,,789452,482.48,0
662,1599.970,"Mount",0.260,0.039,0.218,-0.147,0.000,0.000,0,,0,,,,782961,505.44,0
663,1602.303,"Mount",1.082,0.006,0.974,-0.472,0.614,0.000,120,W,0,,,,802035,493.23,0
664,1604.743,"Mount",0.346,-0.086,0.349,-0.071,0.263,0.000,52,W,0,,,,800403,458.50,0
665,1607.015,"Mount",0.518,0.156,0.401,-0.364,0.271,0.000,53,W,0,,,,798347,504.79,0
666,1609.439,"Mount",-0.257,0.187,-0.313,-0.058,-0.178,0.000,35,E,0,,,,847697,495.74,0
667,1611.863,"Mount",0.645,-0.034,0.597,-0.247,0.364,0.000,71,W,0,,,,792310,486.85,0
INFO: SETTLING STATE CHANGE, Settling complete
668,1614.212,"Mount",0.033,0.131,-0.026,-0.132,0.000,0.000,0,,0,,,,791950,470.15,0
669,1616.484,"Mount",0.104,0.271,-0.023,-0.289,0.000,0.000,0,,0,,,,787363,472.96,0
670,1618.832,"Mount",0.195,0.079,0.142,-0.156,0.000,0.000,0,,0,,,,788964,516.24,0
671,1621.119,"Mount",-0.668,0.081,-0.638,0.214,-0.402,0.000,79,E,0,,,,838168,487.11,0
672,1623.567,"Mount",0.548,-0.261,0.607,-0.000,0.354,0.000,69,W,0,,,,812139,491.28,0
673,1625.743,"Mount",-0.011,-0.034,0.005,0.036,0.000,0.000,0,,0,,,,805999,453.51,0
674,1628.092,"Mount",0.228,-0.026,0.217,-0.075,0.000,0.000,0,,0,,,,806334,469.86,0
675,1630.283,"Mount",0.126,-0.148,0.178,0.079,0.000,0.000,0,,0,,,,819031,483.90,0
676,1632.743,"Mount",0.669,-0.221,0.699,-0.089,0.440,0.000,86,W,0,,,,798117,468.87,0
677,1634.999,"Mount",-0.445,-0.009,-0.397,0.200,-0.220,0.000,43,E,0,,,,811805,498.50,0
678,1637.365,"Mount",-0.156,-0.025,-0.130,0.090,0.000,0.000,0,,0,,,,805980,516.63,0
679,1639.887,"Mount",-1.332,0.057,-1.227,0.522,-0.773,0.522,151,E,106,S,,,817731,522.36,0
680,1642.287,"Mount",0.362,-0.021,0.335,-0.136,0.157,0.000,31,W,0,,,,820668,501.86,0
681,1644.600,"Mount",0.677,-0.289,0.736,-0.030,0.475,0.000,93,W,0,,,,819509,454.04,0
682,1647.055,"Mount",-0.549,0.288,-0.619,-0.024,-0.357,0.000,70,E,0,,,,840646,448.52,0
683,1649.335,"Mount",0.250,-0.172,0.300,0.047,0.164,0.000,32,W,0,,,,837718,482.55,0
684,1651.847,"Mount",0.699,-0.042,0.649,-0.263,0.420,0.000,82,W,0,,,,797706,475.72,0
685,1654.103,"Mount",0.308,-0.137,0.337,-0.009,0.241,0.000,47,W,0,,,,787489,475.74,0
686,1656.655,"Mount",-1.243,0.514,-1.343,0.071,-0.829,0.000,162,E,0,,,,827874,471.22,0
687,1658.943,"Mount",-0.582,0.039,-0.542,0.216,-0.400,0.000,78,E,0,,,,829570,477.88,0
688,1661.335,"Mount",-0.117,-0.029,-0.093,0.077,0.000,0.000,0,,0,,,,804816,488.11,0
689,1663.703,"Mount",0.490,0.110,0.395,-0.310,0.249,0.000,49,W,0,,,,793372,527.42,0
690,1666.060,"Mount",-0.129,0.144,-0.178,-0.074,0.000,0.000,0,,0,,,,776022,473.74,0
691,1668.335,"Mount",-0.385,0.146,-0.410,0.034,-0.258,0.000,51,E,0,,,,782042,489.21,0
692,1670.807,"Mount",0.703,-0.273,0.752,-0.056,0.456,0.000,89,W,0,,,,792995,452.37,0
693,1673.095,"Mount",0.703,-0.180,0.712,-0.140,0.480,0.000,94,W,0,,,,802745,430.17,0
694,1675.444,"Mount",-0.051,-0.045,-0.026,0.062,0.000,0.000,0,,0,,,,796946,460.33,0
695,1677.695,"Mount",0.255,-0.066,0.258,-0.051,0.163,0.000,32,W,0,,,,795158,476.76,0
696,1680.103,"Mount",-0.247,0.048,-0.244,0.063,-0.142,0.000,28,E,0,,,,797207,454.04,0
697,1682.431,"Mount",-0.930,0.159,-0.908,0.257,-0.582,0.000,114,E,0,,,,821458,468.05,0
698,1684.911,"Mount",-0.487,0.171,-0.513,0.055,-0.364,0.000,71,E,0,,,,837584,464.80,0
699,1687.423,"Mount",-1.439,0.077,-1.332,0.550,-0.865,0.550,169,E,112,S,,,801224,491.56,0
700,1689.774,"Mount",-0.050,-0.053,-0.023,0.069,0.000,0.000,0,,0,,,,795727,475.19,0
701,1692.049,"Mount",0.670,-0.069,0.634,-0.226,0.400,0.000,78,W,0,,,,834200,477.58,0
702,1694.511,"Mount",-0.299,0.098,-0.312,0.041,-0.169,0.000,33,E,0,,,,801588,516.34,0
703,1696.791,"Mount",0.846,0.013,0.758,-0.376,0.466,0.000,91,W,0,,,,764553,442.77,0
704,1699.136,"Mount",0.014,0.352,-0.139,-0.324,0.000,0.000,0,,0,,,,818294,502.22,0
705,1701.619,"Mount",-1.508,0.985,-1.785,-0.240,-1.124,0.000,220,E,0,,,,817173,484.64,0
706,1703.957,"Mount",0.163,0.288,0.024,-0.330,0.000,0.000,0,,0,,,,814437,485.32,0
707,1706.335,"Mount",-0.941,0.573,-1.095,-0.112,-0.690,0.000,135,E,0,,,,812626,523.32,0
708,1708.784,"Mount",0.600,-0.083,0.577,-0.184,0.315,0.000,62,W,0,,,,828937,454.06,0
709,1711.095,"Mount",0.698,0.074,0.598,-0.367,0.399,0.000,78,W,0,,,,802513,444.30,0
710,1713.449,"Mount",-0.031,0.032,-0.042,-0.016,0.000,0.000,0,,0,,,,800036,505.52,0
711,1715.611,"Mount",-0.054,0.208,-0.139,-0.165,0.000,0.000,0,,0,,,,803993,492.76,0
712,1718.080,"Mount",-0.517,0.072,-0.498,0.158,-0.314,0.000,61,E,0,,,,841450,502.55,0
713,1720.359,"Mount",-0.433,0.294,-0.517,-0.080,-0.348,0.000,68,E,0,,,,823756,476.89,0
714,1722.847,"Mount",-0.765,0.280,-0.811,0.076,-0.535,0.000,105,E,0,,,,844699,468.91,0
715,1725.087,"Mount",0.210,-0.138,0.249,0.034,0.119,0.000,23,W,0,,,,791552,489.52,0
716,1727.455,"Mount",0.171,-0.046,0.174,-0.032,0.000,0.000,0,,0,,,,808090,462.93,0
717,1729.743,"Mount",0.678,-0.136,0.670,-0.169,0.422,0.000,83,W,0,,,,791657,469.18,0
718,1732.079,"Mount",-0.252,-0.061,-0.201,0.163,0.000,0.000,0,,0,,,,819879,481.67,0
719,1734.327,"Mount",0.253,-0.058,0.253,-0.056,0.160,0.000,31,W,0,,,,819210,498.31,0
720,1736.783,"Mount",0.548,-0.012,0.500,-0.225,0.326,0.000,64,W,0,,,,833786,496.93,0
721,1739.031,"Mount",-0.279,0.181,-0.330,-0.044,-0.185,0.000,36,E,0,,,,811430,472.32,0
722,1741.531,"Mount",-0.513,0.171,-0.536,0.066,-0.351,0.000,69,E,0,,,,842672,502.28,0
723,1743.791,"Mount",-0.248,0.218,-0.318,-0.090,-0.225,0.000,44,E,0,,,,777850,483.66,0
724,1746.231,"Mount",0.158,-0.045,0.162,-0.028,0.000,0.000,0,,0,,,,827416,520.18,0
725,1748.479,"Mount",0.278,-0.046,0.270,-0.078,0.170,0.000,33,W,0,,,,797555,468.05,0
726,1750.820,"Mount",0.048,0.104,-0.001,-0.114,0.000,0.000,0,,0,,,,796066,490.21,0
727,1752.983,"Mount",-0.083,0.029,-0.088,0.009,0.000,0.000,0,,0,,,,808371,502.11,0
728,1755.407,"Mount",0.300,-0.166,0.342,0.021,0.215,0.000,42,W,0,,,,824466,496.58,0
729,1757.597,"Mount",0.135,-0.228,0.220,0.148,0.000,0.000,0,,0,,,,847586,504.15,0
730,1760.159,"Mount",1.411,-0.441,1.464,-0.209,0.922,0.000,181,W,0,,,,778013,434.19,0
731,1762.455,"Mount",0.610,-0.201,0.637,-0.081,0.466,0.000,91,W,0,,,,808417,469.26,0
732,1764.927,"Mount",-0.542,0.127,-0.544,0.119,-0.310,0.000,61,E,0,,,,771389,431.65,0
733,1767.108,"Mount",0.177,-0.067,0.188,-0.016,0.000,0.000,0,,0,,,,785584,481.56,0
734,1769.454,"Mount",0.244,0.053,0.198,-0.153,0.000,0.000,0,,0,,,,793560,508.79,0
735,1771.743,"Mount",-0.327,0.031,-0.309,0.113,-0.194,0.000,38,E,0,,,,792818,467.82,0
736,1774.175,"Mount",0.478,-0.034,0.446,-0.175,0.267,0.000,52,W,0,,,,815358,477.15,0
737,1776.366,"Mount",-0.109,-0.079,-0.064,0.118,0.000,0.000,0,,0,,,,816124,484.61,0
738,1778.720,"Mount",-0.193,0.044,-0.194,0.043,0.000,0.000,0,,0,,,,820828,474.52,0
739,1780.999,"Mount",0.495,-0.210,0.538,-0.023,0.339,0.000,66,W,0,,,,792837,521.09,0
740,1783.350,"Mount",0.159,-0.168,0.215,0.084,0.000,0.000,0,,0,,,,811504,443.68,0
741,1785.526,"Mount",0.059,0.057,0.029,-0.077,0.000,0.000,0,,0,,,,820862,497.25,0
742,1787.877,"Mount",-0.082,0.064,-0.101,-0.023,0.000,0.000,0,,0,,,,808614,495.37,0
743,1790.143,"Mount",0.542,-0.047,0.510,-0.191,0.321,0.000,63,W,0,,,,783855,502.67,0
744,1792.567,"Mount",0.315,-0.078,0.318,-0.065,0.223,0.000,44,W,0,,,,797885,451.12,0
745,1794.864,"Mount",0.501,-0.042,0.470,-0.178,0.312,0.000,61,W,0,,,,774470,441.75,0
746,1797.217,"Mount",0.128,0.002,0.115,-0.057,0.000,0.000,0,,0,,,,818788,452.83,0
747,1799.511,"Mount",0.526,-0.171,0.548,-0.072,0.345,0.000,68,W,0,,,,798313,501.74,0
748,1801.888,"Mount",-0.161,0.180,-0.223,-0.093,0.000,0.000,0,,0,,,,762064,478.08,0
749,1804.033,"Mount",0.223,0.073,0.170,-0.162,0.000,0.000,0,,0,,,,809606,492.15,0
750,1806.495,"Mount",-0.469,0.070,-0.453,0.139,-0.286,0.000,56,E,0,,,,774472,472.85,0
751,1808.770,"Mount",-0.445,0.147,-0.464,0.059,-0.313,0.000,61,E,0,,,,831275,481.93,0
752,1811.374,"Mount",-0.582,-0.184,-0.446,0.417,-0.303,0.417,59,E,85,S,,,828896,459.09,0
753,1813.557,"Mount",0.052,0.252,-0.062,-0.250,0.000,0.000,0,,0,,,,824473,467.00,0
754,1816.009,"Mount",-0.574,0.359,-0.673,-0.077,-0.424,0.000,83,E,0,,,,826579,463.70,0
755,1818.297,"Mount",0.527,-0.078,0.509,-0.157,0.291,0.000,57,W,0,,,,823033,482.09,0
756,1820.640,"Mount",-0.187,0.119,-0.220,-0.027,0.000,0.000,0,,0,,,,815246,485.10,0
757,1822.919,"Mount",0.425,-0.087,0.421,-0.105,0.265,0.000,52,W,0,,,,802679,492.90,0
758,1825.399,"Mount",-0.674,0.385,-0.775,-0.058,-0.470,0.000,92,E,0,,,,853927,512.27,0
759,1827.799,"Mount",-1.279,0.530,-1.382,0.072,-0.904,0.000,177,E,0,,,,827848,437.43,0
760,1830.147,"Mount",-0.037,0.073,-0.065,-0.050,0.000,0.000,0,,0,,,,836010,485.86,0
761,1832.331,"Mount",0.004,0.086,-0.034,-0.080,0.000,0.000,0,,0,,,,816477,471.53,0
762,1834.815,"Mount",-0.828,0.205,-0.835,0.171,-0.526,0.000,103,E,0,,,,794143,451.36,0
763,1837.000,"Mount",0.010,0.215,-0.084,-0.198,0.000,0.000,0,,0,,,,821756,457.30,0
764,1839.351,"Mount",-0.105,0.066,-0.123,-0.014,0.000,0.000,0,,0,,,,793578,476.33,0
765,1841.679,"Mount",-0.902,0.060,-0.840,0.334,-0.529,0.000,104,E,0,,,,819876,467.42,0
766,1844.055,"Mount",-0.041,0.063,-0.064,-0.039,0.000,0.000,0,,0,,,,811280,478.31,0
767,1846.255,"Mount",0.093,0.027,0.073,-0.064,0.000,0.000,0,,0,,,,814505,488.79,0
768,1848.967,"Mount",-1.475,-0.037,-1.315,0.668,-0.828,0.668,162,E,136,S,,,804813,446.32,0
769,1851.166,"Mount",-0.239,-0.064,-0.188,0.161,0.000,0.000,0,,0,,,,810037,454.29,0
770,1853.584,"Mount",0.370,-0.010,0.338,-0.150,0.213,0.000,42,W,0,,,,813464,505.97,0
771,1855.759,"Mount",0.009,0.244,-0.096,-0.224,0.000,0.000,0,,0,,,,836418,473.72,0
772,1858.207,"Mount",0.592,-0.026,0.545,-0.231,0.344,0.000,67,W,0,,,,808197,490.14,0
773,1860.503,"Mount",0.662,-0.152,0.663,-0.148,0.442,0.000,86,W,0,,,,830610,472.05,0
774,1862.967,"Mount",0.637,-0.050,0.596,-0.229,0.407,0.000,80,W,0,,,,797889,453.34,0
775,1865.168,"Mount",0.174,0.042,0.139,-0.112,0.000,0.000,0,,0,,,,863502,537.37,0
776,1867.591,"Mount",-0.174,0.180,-0.234,-0.088,-0.148,0.000,29,E,0,,,,798293,486.03,0
777,1869.769,"Mount",0.266,0.125,0.186,-0.227,0.000,0.000,0,,0,,,,832335,488.94,0
778,1872.239,"Mount",-0.903,0.259,-0.926,0.155,-0.584,0.000,114,E,0,,,,829548,472.63,0
779,1874.559,"Mount",-0.742,0.411,-0.847,-0.052,-0.574,0.000,113,E,0,,,,822632,514.46,0
780,1877.071,"Mount",0.974,-0.243,0.984,-0.200,0.579,0.000,114,W,0,,,,787756,500.44,0
781,1879.351,"Mount",0.423,-0.050,0.403,-0.137,0.295,0.000,58,W,0,,,,797503,470.10,0
782,1881.774,"Mount",0.098,-0.138,0.147,0.082,0.000,0.000,0,,0,,,,829786,475.09,0
783,1884.063,"Mount",0.659,-0.142,0.656,-0.155,0.413,0.000,81,W,0,,,,835792,507.39,0
784,1886.503,"Mount",0.270,-0.177,0.320,0.044,0.230,0.000,45,W,0,,,,806445,531.31,0
785,1888.672,"Mount",0.030,0.113,-0.022,-0.115,0.000,0.000,0,,0,,,,810329,497.99,0
786,1891.143,"Mount",0.380,0.011,0.338,-0.174,0.213,0.000,42,W,0,,,,846096,481.96,0
787,1893.329,"Mount",0.055,0.195,-0.035,-0.200,0.000,0.000,0,,0,,,,785330,466.47,0
788,1895.775,"Mount",-0.484,0.221,-0.532,0.009,-0.335,0.000,66,E,0,,,,835451,459.98,0
789,1898.071,"Mount",-0.442,0.266,-0.513,-0.050,-0.347,0.000,68,E,0,,,,819866,494.12,0
790,1900.583,"Mount",1.169,-0.166,1.126,-0.353,0.685,0.000,134,W,0,,,,823865,454.60,0
791,1902.855,"Mount",0.306,-0.060,0.301,-0.078,0.238,0.000,47,W,0,,,,835185,491.25,0
792,1905.367,"Mount",0.622,-0.392,0.731,0.086,0.477,0.000,93,W,0,,,,851430,497.29,0
793,1907.663,"Mount",0.506,-0.218,0.551,-0.021,0.380,0.000,75,W,0,,,,832359,465.14,0
794,1910.008,"Mount",0.253,0.068,0.199,-0.170,0.000,0.000,0,,0,,,,812038,465.28,0
795,1912.239,"Mount",-0.133,0.250,-0.228,-0.169,-0.144,0.000,28,E,0,,,,825089,457.02,0
796,1914.680,"Mount",0.589,-0.104,0.577,-0.160,0.353,0.000,69,W,0,,,,810822,459.93,0
797,1916.967,"Mount",0.475,-0.117,0.479,-0.099,0.326,0.000,64,W,0,,,,799641,460.54,0
798,1919.447,"Mount",0.716,0.099,0.604,-0.398,0.403,0.000,79,W,0,,,,799453,474.51,0
799,1921.803,"Mount",0.388,0.164,0.280,-0.316,0.205,0.000,40,W,0,,,,816814,488.83,0
800,1924.135,"Mount",0.113,-0.021,0.111,-0.030,0.000,0.000,0,,0,,,,776209,457.74,0
801,1926.313,"Mount",-0.140,-0.048,-0.105,0.103,0.000,0.000,0,,0,,,,824499,510.62,0
802,1928.743,"Mount",0.526,-0.184,0.554,-0.061,0.349,0.000,68,W,0,,,,774463,491.03,0
803,1930.918,"Mount",-0.175,0.007,-0.161,0.069,0.000,0.000,0,,0,,,,788129,497.91,0
804,1933.335,"Mount",-0.296,0.134,-0.325,0.007,-0.204,0.000,40,E,0,,,,815910,447.52,0
805,1935.623,"Mount",-0.543,0.054,-0.514,0.185,-0.338,0.000,66,E,0,,,,833137,497.41,0
806,1938.071,"Mount",-0.488,0.028,-0.452,0.185,-0.308,0.000,60,E,0,,,,797450,414.41,0
807,1940.399,"Mount",0.874,-0.238,0.892,-0.161,0.540,0.000,106,W,0,,,,808903,485.15,0
808,1942.818,"Mount",0.284,0.077,0.223,-0.192,0.000,0.000,0,,0,,,,797144,499.54,0
809,1945.079,"Mount",0.353,-0.099,0.361,-0.063,0.228,0.000,45,W,0,,,,782496,516.08,0
810,1947.575,"Mount",-0.818,0.264,-0.852,0.114,-0.521,0.000,102,E,0,,,,840089,465.71,0
811,1949.863,"Mount",-0.557,0.078,-0.537,0.169,-0.374,0.000,73,E,0,,,,814370,468.56,0
812,1952.225,"Mount",-0.076,0.045,-0.088,-0.007,0.000,0.000,0,,0,,,,819322,476.50,0
813,1954.511,"Mount",0.454,-0.238,0.513,0.020,0.323,0.000,63,W,0,,,,836578,448.26,0
814,1956.879,"Mount",0.135,-0.134,0.180,0.063,0.000,0.000,0,,0,,,,791466,479.02,0
815,1959.167,"Mount",-0.738,0.172,-0.740,0.163,-0.466,0.000,91,E,0,,,,816850,471.17,0
816,1961.591,"Mount",0.236,-0.143,0.275,0.027,0.140,0.000,27,W,0,,,,804341,477.79,0
817,1963.765,"Mount",-0.229,0.023,-0.217,0.077,0.000,0.000,0,,0,,,,833320,460.38,0
818,1966.223,"Mount",0.520,-0.072,0.500,-0.159,0.315,0.000,62,W,0,,,,821453,497.20,0
819,1968.511,"Mount",0.493,-0.135,0.503,-0.090,0.339,0.000,66,W,0,,,,804297,517.47,0
820,1970.872,"Mount",-0.038,-0.075,-0.002,0.085,0.000,0.000,0,,0,,,,792349,456.64,0
821,1973.144,"Mount",0.358,-0.054,0.346,-0.105,0.218,0.000,43,W,0,,,,767092,477.76,0
822,1975.486,"Mount",0.023,-0.049,0.042,0.034,0.000,0.000,0,,0,,,,788289,457.93,0
823,1977.664,"Mount",0.178,-0.083,0.196,-0.001,0.000,0.000,0,,0,,,,789037,483.51,0
824,1980.063,"Mount",-0.224,0.067,-0.231,0.035,-0.146,0.000,29,E,0,,,,778154,487.42,0
825,1982.383,"Mount",-0.704,0.242,-0.740,0.084,-0.476,0.000,93,E,0,,,,815521,469.27,0
826,1984.799,"Mount",-0.311,0.032,-0.295,0.105,-0.219,0.000,43,E,0,,,,824228,477.86,0
827,1987.079,"Mount",-0.563,0.054,-0.532,0.193,-0.350,0.000,69,E,0,,,,834147,519.33,0
828,1989.527,"Mount",-0.452,0.061,-0.434,0.139,-0.298,0.000,58,E,0,,,,814600,460.69,0
829,1991.815,"Mount",0.353,0.003,0.318,-0.154,0.179,0.000,35,W,0,,,,781409,479.52,0
830,1994.287,"Mount",0.297,-0.097,0.310,-0.040,0.208,0.000,41,W,0,,,,774123,459.57,0
831,1996.494,"Mount",-0.109,0.110,-0.146,-0.052,0.000,0.000,0,,0,,,,786619,503.80,0
832,1998.959,"Mount",-0.478,0.241,-0.536,-0.012,-0.337,0.000,66,E,0,,,,821865,490.17,0
833,2001.407,"Mount",-0.904,0.020,-0.825,0.371,-0.543,0.371,106,E,76,S,,,808201,471.40,0
834,2003.743,"Mount",-0.187,0.099,-0.211,-0.009,0.000,0.000,0,,0,,,,837749,481.92,0
835,2006.041,"Mount",-0.656,0.179,-0.669,0.121,-0.422,0.000,83,E,0,,,,820573,498.59,0
836,2008.472,"Mount",0.426,-0.034,0.399,-0.153,0.222,0.000,43,W,0,,,,817551,476.93,0
837,2010.656,"Mount",-0.087,0.084,-0.115,-0.038,0.000,0.000,0,,0,,,,805747,496.46,0
838,2013.063,"Mount",0.297,-0.036,0.283,-0.095,0.178,0.000,35,W,0,,,,783149,503.15,0
839,2015.471,"Mount",-1.317,0.529,-1.417,0.090,-0.880,0.000,172,E,0,,,,804808,472.13,0
840,2017.817,"Mount",-0.116,-0.031,-0.091,0.078,0.000,0.000,0,,0,,,,800054,477.95,0
841,2020.063,"Mount",-0.262,0.067,-0.266,0.052,-0.167,0.000,33,E,0,,,,839228,477.21,0
842,2022.552,"Mount",-0.637,0.055,-0.598,0.225,-0.389,0.000,76,E,0,,,,828690,453.19,0
843,2024.986,"Mount",-1.607,0.398,-1.622,0.333,-1.049,0.000,205,E,0,,,,790374,438.34,0
844,2027.511,"Mount",0.873,-0.391,0.956,-0.023,0.529,0.000,104,W,0,,,,849647,506.53,0
845,2029.903,"Mount",1.278,-0.435,1.341,-0.157,0.882,0.000,173,W,0,,,,836508,463.89,0
846,2032.367,"Mount",0.602,-0.060,0.569,-0.205,0.420,0.000,82,W,0,,,,793121,481.10,0
847,2034.542,"Mount",0.114,-0.011,0.108,-0.039,0.000,0.000,0,,0,,,,823778,506.02,0
848,2036.885,"Mount",0.263,0.071,0.207,-0.177,0.000,0.000,0,,0,,,,815106,456.25,0
849,2039.066,"Mount",0.221,0.039,0.183,-0.130,0.000,0.000,0,,0,,,,805368,531.53,0
850,2041.522,"Mount",-0.414,0.139,-0.434,0.053,-0.273,0.000,54,E,0,,,,853812,531.87,0
851,2043.815,"Mount",-0.536,0.215,-0.577,0.036,-0.382,0.000,75,E,0,,,,799791,439.00,0
852,2046.279,"Mount",0.442,-0.137,0.458,-0.066,0.262,0.000,51,W,0,,,,780313,483.69,0
853,2048.450,"Mount",-0.042,0.150,-0.103,-0.117,0.000,0.000,0,,0,,,,837268,536.54,0
854,2050.895,"Mount",0.544,-0.090,0.530,-0.153,0.334,0.000,65,W,0,,,,807617,464.63,0
855,2053.066,"Mount",-0.030,0.075,-0.059,-0.055,0.000,0.000,0,,0,,,,828211,480.89,0
856,2055.519,"Mount",0.487,-0.312,0.574,0.072,0.362,0.000,71,W,0,,,,796498,509.68,0
857,2057.919,"Mount",0.326,-0.565,0.537,0.370,0.364,0.370,71,W,75,S,,,824723,503.96,0
858,2060.293,"Mount",-0.064,0.039,-0.074,-0.008,0.000,0.000,0,,0,,,,835614,493.83,0
859,2062.623,"Mount",1.024,-0.087,0.962,-0.362,0.606,0.000,119,W,0,,,,824216,513.67,0
860,2064.958,"Mount",0.150,-0.081,0.171,0.009,0.000,0.000,0,,0,,,,819145,489.40,0
861,2067.132,"Mount",0.036,0.045,0.013,-0.056,0.000,0.000,0,,0,,,,811704,492.14,0
862,2069.470,"Mount",0.128,0.037,0.099,-0.089,0.000,0.000,0,,0,,,,831149,491.98,0
863,2071.670,"Mount",0.131,-0.214,0.210,0.137,0.000,0.000,0,,0,,,,806508,467.19,0
864,2074.119,"Mount",0.576,0.074,0.487,-0.315,0.307,0.000,60,W,0,,,,813219,480.56,0
865,2076.407,"Mount",0.629,0.077,0.534,-0.340,0.358,0.000,70,W,0,,,,806884,505.08,0
866,2078.839,"Mount",0.317,0.133,0.229,-0.257,0.169,0.000,33,W,0,,,,809078,487.27,0
867,2081.103,"Mount",0.433,-0.117,0.442,-0.081,0.290,0.000,57,W,0,,,,809939,479.53,0
868,2083.575,"Mount",-0.748,0.086,-0.713,0.244,-0.429,0.000,84,E,0,,,,805156,494.68,0
869,2085.839,"Mount",-0.100,0.414,-0.268,-0.331,-0.199,0.000,39,E,0,,,,839272,496.04,0
870,2088.200,"Mount",-0.037,-0.068,-0.004,0.078,0.000,0.000,0,,0,,,,826643,465.85,0
871,2090.471,"Mount",0.550,-0.129,0.551,-0.120,0.347,0.000,68,W,0,,,,824830,476.39,0
872,2092.823,"Mount",-0.034,-0.054,-0.007,0.063,0.000,0.000,0,,0,,,,825221,485.44,0
873,2095.079,"Mount",0.356,-0.091,0.361,-0.071,0.227,0.000,45,W,0,,,,790742,446.01,0
874,2097.535,"Mount",-0.439,0.330,-0.539,-0.109,-0.323,0.000,63,E,0,,,,829654,535.09,0
875,2099.832,"Mount",0.766,-0.233,0.792,-0.119,0.476,0.000,93,W,0,,,,798021,481.93,0
876,2102.287,"Mount",0.316,-0.193,0.368,0.039,0.265,0.000,52,W,0,,,,794541,463.04,0
877,2104.543,"Mount",0.354,-0.042,0.338,-0.114,0.231,0.000,45,W,0,,,,818778,470.98,0
878,2106.984,"Mount",-0.367,0.258,-0.442,-0.075,-0.262,0.000,51,E,0,,,,793739,483.89,0
879,2109.240,"Mount",-0.159,0.295,-0.270,-0.198,-0.189,0.000,37,E,0,,,,778141,463.33,0
880,2111.783,"Mount",-0.920,0.145,-0.893,0.265,-0.576,0.000,113,E,0,,,,816755,477.22,0
881,2114.071,"Mount",-0.544,0.187,-0.572,0.066,-0.400,0.000,78,E,0,,,,802274,478.55,0
882,2116.511,"Mount",0.658,-0.060,0.620,-0.229,0.362,0.000,71,W,0,,,,778040,495.27,0
883,2118.807,"Mount",0.544,-0.230,0.590,-0.026,0.397,0.000,78,W,0,,,,801533,430.51,0
884,2121.191,"Mount",0.275,0.116,0.199,-0.223,0.000,0.000,0,,0,,,,792976,482.81,0
885,2123.363,"Mount",-0.024,0.074,-0.054,-0.057,0.000,0.000,0,,0,,,,795350,491.80,0
886,2125.775,"Mount",0.251,-0.068,0.256,-0.047,0.162,0.000,32,W,0,,,,771796,474.24,0
887,2127.948,"Mount",-0.059,0.209,-0.144,-0.164,0.000,0.000,0,,0,,,,799931,536.26,0
888,2130.297,"Mount",-0.072,0.189,-0.147,-0.140,0.000,0.000,0,,0,,,,768037,456.71,0
889,2132.536,"Mount",-0.259,0.142,-0.295,-0.016,-0.186,0.000,36,E,0,,,,789830,446.20,0
890,2134.991,"Mount",-0.485,0.065,-0.466,0.150,-0.307,0.000,60,E,0,,,,809567,445.04,0
891,2137.271,"Mount",-0.228,0.243,-0.311,-0.121,-0.217,0.000,43,E,0,,,,797116,495.78,0
892,2139.743,"Mount",-0.601,0.208,-0.632,0.071,-0.413,0.000,81,E,0,,,,851981,481.52,0
893,2141.918,"Mount",-0.032,0.347,-0.178,-0.299,0.000,0.000,0,,0,,,,823993,474.50,0
894,2144.332,"Mount",0.146,-0.022,0.141,-0.043,0.000,0.000,0,,0,,,,825074,486.50,0
895,2146.591,"Mount",-0.287,0.054,-0.282,0.074,-0.178,0.000,35,E,0,,,,818606,484.86,0
896,2149.431,"Mount",-2.258,0.541,-2.271,0.484,-1.443,0.484,283,E,99,S,,,793662,390.17,0
897,2151.775,"Mount",-0.493,-0.098,-0.403,0.300,-0.355,0.000,69,E,0,,,,783624,452.05,0
898,2154.376,"Mount",1.951,-0.357,1.915,-0.518,1.182,0.000,231,W,0,,,,846091,503.67,0
899,2156.775,"Mount",1.437,-0.169,1.370,-0.466,0.946,0.000,185,W,0,,,,809041,492.87,0
900,2159.239,"Mount",-0.665,0.384,-0.766,-0.061,-0.416,0.000,82,E,0,,,,812349,479.36,0
901,2161.514,"Mount",-0.099,0.332,-0.233,-0.257,-0.176,0.000,34,E,0,,,,841354,516.56,0
902,2163.866,"Mount",-0.017,0.346,-0.164,-0.305,0.000,0.000,0,,0,,,,796761,486.79,0
903,2166.052,"Mount",0.070,-0.056,0.088,0.021,0.000,0.000,0,,0,,,,817020,470.82,0
904,2168.519,"Mount",-0.640,0.275,-0.696,0.027,-0.438,0.000,86,E,0,,,,843034,498.69,0
905,2170.767,"Mount",0.458,0.085,0.377,-0.274,0.207,0.000,41,W,0,,,,810992,476.39,0
906,2173.114,"Mount",0.048,0.253,-0.066,-0.249,0.000,0.000,0,,0,,,,821547,460.47,0
907,2175.293,"Mount",0.294,0.360,0.110,-0.452,0.000,0.000,0,,0,,,,811966,491.53,0
908,2177.719,"Mount",-0.296,0.275,-0.385,-0.121,-0.243,0.000,48,E,0,,,,801858,428.10,0
909,2179.967,"Mount",0.210,-0.308,0.322,0.187,0.186,0.000,36,W,0,,,,851984,459.69,0
910,2182.399,"Mount",0.314,-0.073,0.315,-0.069,0.211,0.000,41,W,0,,,,817416,478.90,0
911,2184.679,"Mount",0.314,-0.141,0.344,-0.008,0.232,0.000,45,W,0,,,,820732,481.43,0
912,2187.119,"Mount",0.507,-0.036,0.473,-0.186,0.314,0.000,62,W,0,,,,799883,540.05,0
913,2189.328,"Mount",0.120,-0.003,0.109,-0.049,0.000,0.000,0,,0,,,,815031,471.84,0
914,2191.708,"Mount",-0.001,0.120,-0.052,-0.108,0.000,0.000,0,,0,,,,818859,531.89,0
915,2193.943,"Mount",-0.219,0.129,-0.253,-0.022,-0.159,0.000,31,E,0,,,,816634,473.06,0
916,2196.302,"Mount",0.095,0.132,0.029,-0.161,0.000,0.000,0,,0,,,,786733,466.39,0
917,2198.575,"Mount",0.514,0.064,0.436,-0.279,0.275,0.000,54,W,0,,,,786717,451.07,0
918,2201.004,"Mount",0.124,0.180,0.035,-0.216,0.000,0.000,0,,0,,,,810609,477.69,0
919,2203.179,"Mount",-0.077,0.272,-0.186,-0.213,0.000,0.000,0,,0,,,,791393,508.04,0
920,2205.535,"Mount",-0.107,-0.046,-0.077,0.088,0.000,0.000,0,,0,,,,783194,489.24,0
921,2207.807,"Mount",0.564,0.050,0.488,-0.288,0.307,0.000,60,W,0,,,,799822,445.46,0
922,2210.207,"Mount",0.088,0.135,0.022,-0.160,0.000,0.000,0,,0,,,,831225,511.21,0
923,2212.401,"Mount",0.263,0.089,0.199,-0.193,0.000,0.000,0,,0,,,,841137,523.95,0
924,2214.904,"Mount",-0.586,0.178,-0.606,0.092,-0.382,0.000,75,E,0,,,,828315,471.86,0
925,2217.223,"Mount",0.728,-0.341,0.804,-0.005,0.480,0.000,94,W,0,,,,809510,485.85,0
926,2219.671,"Mount",-0.352,0.164,-0.388,0.004,-0.211,0.000,41,E,0,,,,816058,473.72,0
INFO: SET LOCK POSITION, new lock pos = 43.158, 781.261
INFO: DITHER by 3.228, 2.466, new lock pos = 45.011, 777.646
INFO: SETTLING STATE CHANGE, Settling started
927,2225.311,"Mount",-1.853,3.615,-3.228,-2.466,-3.228,-2.466,632,E,2120,N,,,752199,441.56,0
928,2227.903,"Mount",-1.635,0.668,-1.763,0.100,-1.111,0.000,218,E,0,,,,783301,454.65,0
929,2230.073,"Mount",-0.042,0.157,-0.105,-0.123,0.000,0.000,0,,0,,,,844507,495.35,0
930,2232.503,"Mount",0.445,-0.007,0.405,-0.186,0.255,0.000,50,W,0,,,,824638,485.34,0
931,2234.735,"Mount",0.499,0.224,0.354,-0.417,0.241,0.000,47,W,0,,,,794892,461.96,0
932,2237.143,"Mount",-0.302,0.376,-0.434,-0.209,-0.257,0.000,50,E,0,,,,814931,504.20,0
933,2239.399,"Mount",-0.253,0.128,-0.283,-0.007,-0.196,0.000,38,E,0,,,,803493,452.83,0
INFO: SETTLING STATE CHANGE, Settling complete
934,2241.823,"Mount",0.384,0.075,0.314,-0.233,0.184,0.000,36,W,0,,,,816065,432.46,0
935,2244.167,"Mount",-0.455,0.196,-0.495,0.019,-0.299,0.000,59,E,0,,,,823402,511.41,0
936,2246.528,"Mount",0.115,0.033,0.090,-0.079,0.000,0.000,0,,0,,,,802952,451.58,0
937,2248.783,"Mount",-0.196,0.118,-0.228,-0.022,-0.144,0.000,28,E,0,,,,845836,478.54,0
938,2251.223,"Mount",0.377,0.051,0.318,-0.208,0.190,0.000,37,W,0,,,,838699,507.20,0
939,2253.405,"Mount",0.233,0.201,0.124,-0.282,0.000,0.000,0,,0,,,,820913,498.82,0
940,2255.747,"Mount",0.070,0.099,0.021,-0.120,0.000,0.000,0,,0,,,,795910,469.32,0
941,2257.920,"Mount",-0.213,-0.004,-0.191,0.096,0.000,0.000,0,,0,,,,803533,470.20,0
942,2260.415,"Mount",-0.851,0.381,-0.932,0.022,-0.587,0.000,115,E,0,,,,803739,443.27,0
943,2262.847,"Mount",-1.513,0.374,-1.526,0.314,-1.003,0.000,196,E,0,,,,756266,445.32,0
944,2265.303,"Mount",0.653,-0.403,0.763,0.082,0.410,0.000,80,W,0,,,,791688,472.83,0
945,2267.623,"Mount",0.697,-0.255,0.739,-0.069,0.494,0.000,97,W,0,,,,792321,437.62,0
946,2270.047,"Mount",0.294,-0.022,0.275,-0.107,0.208,0.000,41,W,0,,,,817546,466.89,0
947,2272.216,"Mount",-0.248,-0.051,-0.202,0.153,0.000,0.000,0,,0,,,,812562,519.17,0
948,2274.558,"Mount",-0.015,0.094,-0.054,-0.078,0.000,0.000,0,,0,,,,798031,496.92,0
949,2276.729,"Mount",0.148,-0.154,0.200,0.075,0.000,0.000,0,,0,,,,840233,494.97,0
950,2279.074,"Mount",0.139,-0.011,0.130,-0.050,0.000,0.000,0,,0,,,,822418,488.64,0
951,2281.259,"Mount",-0.033,0.214,-0.121,-0.179,0.000,0.000,0,,0,,,,787088,443.15,0
952,2283.695,"Mount",-0.286,0.263,-0.372,-0.114,-0.234,0.000,46,E,0,,,,777155,492.04,0
953,2285.870,"Mount",-0.103,0.102,-0.137,-0.048,0.000,0.000,0,,0,,,,798187,490.91,0
954,2288.319,"Mount",-0.581,0.206,-0.613,0.064,-0.386,0.000,76,E,0,,,,812516,496.66,0
955,2290.484,"Mount",0.102,0.113,0.044,-0.146,0.000,0.000,0,,0,,,,802791,469.64,0
956,2292.837,"Mount",0.086,0.135,0.020,-0.159,0.000,0.000,0,,0,,,,793781,506.87,0
957,2295.010,"Mount",0.231,0.090,0.169,-0.181,0.000,0.000,0,,0,,,,805745,453.52,0
958,2297.360,"Mount",-0.178,0.047,-0.181,0.034,0.000,0.000,0,,0,,,,779051,489.31,0
959,2299.607,"Mount",-0.246,0.147,-0.285,-0.027,-0.180,0.000,35,E,0,,,,797230,494.30,0
960,2302.071,"Mount",-0.564,0.233,-0.609,0.032,-0.396,0.000,78,E,0,,,,820160,501.01,0
961,2304.248,"Mount",0.169,-0.072,0.183,-0.008,0.000,0.000,0,,0,,,,820089,473.27,0
962,2306.582,"Mount",0.077,0.021,0.061,-0.052,0.000,0.000,0,,0,,,,800258,499.85,0
963,2308.757,"Mount",0.139,0.056,0.101,-0.111,0.000,0.000,0,,0,,,,824517,490.46,0
964,2311.191,"Mount",-0.281,0.013,-0.260,0.109,-0.164,0.000,32,E,0,,,,826485,499.50,0
965,2313.439,"Mount",0.248,-0.106,0.270,-0.011,0.159,0.000,31,W,0,,,,816692,500.11,0
966,2315.863,"Mount",-0.373,0.067,-0.366,0.100,-0.219,0.000,43,E,0,,,,778636,467.63,0
967,2318.049,"Mount",-0.081,-0.035,-0.058,0.067,0.000,0.000,0,,0,,,,826434,499.04,0
968,2320.393,"Mount",-0.119,0.148,-0.171,-0.083,0.000,0.000,0,,0,,,,806793,491.55,0
969,2322.727,"Mount",-1.062,0.215,-1.051,0.263,-0.662,0.000,130,E,0,,,,801663,441.80,0
970,2325.135,"Mount",0.216,0.020,0.186,-0.110,0.000,0.000,0,,0,,,,814823,488.01,0
971,2327.399,"Mount",0.280,-0.042,0.271,-0.083,0.171,0.000,33,W,0,,,,819444,474.27,0
972,2329.738,"Mount",0.114,-0.099,0.145,0.040,0.000,0.000,0,,0,,,,831067,454.33,0
973,2331.909,"Mount",-0.203,-0.416,-0.004,0.463,0.000,0.000,0,,0,,,,819247,452.88,0
974,2334.335,"Mount",0.331,-0.330,0.441,0.155,0.278,0.000,54,W,0,,,,787454,464.45,0
975,2336.521,"Mount",-0.109,-0.163,-0.028,0.194,0.000,0.000,0,,0,,,,811977,498.21,0
976,2338.870,"Mount",-0.303,-0.169,-0.201,0.283,0.000,0.000,0,,0,,,,798900,522.75,0
977,2341.050,"Mount",0.008,-0.025,0.018,0.019,0.000,0.000,0,,0,,,,818354,490.87,0
978,2343.471,"Mount",-0.452,-0.019,-0.399,0.212,-0.252,0.000,49,E,0,,,,821565,504.23,0
979,2345.645,"Mount",0.069,-0.108,0.108,0.067,0.000,0.000,0,,0,,,,807160,475.67,0
980,2347.987,"Mount",-0.005,-0.102,0.039,0.094,0.000,0.000,0,,0,,,,779393,457.98,0
981,2350.161,"Mount",0.098,-0.201,0.175,0.139,0.000,0.000,0,,0,,,,797613,446.83,0
982,2352.575,"Mount",0.258,-0.174,0.308,0.047,0.194,0.000,38,W,0,,,,791605,492.04,0
983,2354.897,"Mount",0.696,-0.410,0.805,0.071,0.521,0.000,102,W,0,,,,822411,481.71,0
984,2357.431,"Mount",0.843,-0.425,0.944,0.021,0.631,0.000,124,W,0,,,,772509,436.08,0
985,2359.719,"Mount",0.517,-0.355,0.620,0.097,0.435,0.000,85,W,0,,,,785426,461.60,0
986,2362.056,"Mount",-0.149,-0.326,0.006,0.358,0.000,0.000,0,,0,,,,806850,507.63,0
987,2364.216,"Mount",-0.180,-0.096,-0.121,0.165,0.000,0.000,0,,0,,,,780904,438.64,0
988,2366.607,"Mount",0.030,-0.220,0.122,0.186,0.000,0.000,0,,0,,,,806748,481.73,0
989,2368.795,"Mount",-0.222,0.024,-0.210,0.074,0.000,0.000,0,,0,,,,790274,472.98,0
990,2371.160,"Mount",-0.096,-0.113,-0.038,0.144,0.000,0.000,0,,0,,,,808218,484.91,0
991,2373.339,"Mount",-0.079,-0.247,0.035,0.257,0.000,0.000,0,,0,,,,839365,503.08,0
992,2375.799,"Mount",0.473,-0.474,0.631,0.224,0.397,0.000,78,W,0,,,,800741,502.29,0
993,2377.979,"Mount",-0.240,-0.223,-0.120,0.304,0.000,0.000,0,,0,,,,804579,495.08,0
994,2380.319,"Mount",0.118,-0.280,0.227,0.202,0.000,0.000,0,,0,,,,807640,501.34,0
995,2382.559,"Mount",-0.469,-0.186,-0.344,0.369,-0.216,0.000,42,E,0,,,,818994,485.75,0
996,2384.979,"Mount",-0.287,-0.302,-0.129,0.396,0.000,0.000,0,,0,,,,820230,532.47,0
997,2387.223,"Mount",0.103,-0.215,0.186,0.150,0.000,0.000,0,,0,,,,811438,471.08,0
998,2391.319,"Mount",-0.084,-0.455,0.120,0.447,0.000,0.447,0,,1708,S,,,811891,497.53,0
999,2395.383,"Mount",0.477,1.282,-0.121,-1.362,0.000,-1.362,0,,1688,N,,,827356,522.66,0
1000,2397.887,"Mount",0.441,0.034,0.383,-0.220,0.241,0.000,47,W,0,,,,828628,526.78,0
1001,2400.127,"Mount",-0.123,0.309,-0.244,-0.226,-0.137,0.000,27,E,0,,,,814494,476.09,0
1002,2402.476,"Mount",-0.064,0.152,-0.123,-0.110,0.000,0.000,0,,0,,,,801012,496.16,0
1003,2404.663,"Mount",-0.147,0.107,-0.179,-0.033,0.000,0.000,0,,0,,,,808461,474.89,0
1004,2407.176,"Mount",-1.044,0.218,-1.036,0.253,-0.653,0.000,128,E,0,,,,827158,462.16,0
1005,2409.365,"Mount",0.201,0.114,0.133,-0.190,0.000,0.000,0,,0,,,,837537,449.76,0
1006,2411.863,"Mount",-0.729,0.048,-0.679,0.270,-0.428,0.000,84,E,0,,,,820769,514.30,0
1007,2414.030,"Mount",-0.009,-0.068,0.021,0.066,0.000,0.000,0,,0,,,,826372,456.05,0
1008,2416.495,"Mount",-0.721,-0.132,-0.594,0.429,-0.374,0.000,73,E,0,,,,860762,532.97,0
1009,2418.767,"Mount",0.360,-0.378,0.487,0.186,0.281,0.000,55,W,0,,,,816666,490.54,0
1010,2421.247,"Mount",0.541,-0.464,0.688,0.186,0.453,0.000,89,W,0,,,,810832,509.31,0
1011,2423.535,"Mount",0.551,-0.291,0.623,0.026,0.424,0.000,83,W,0,,,,797642,468.27,0
1012,2425.959,"Mount",-0.431,-0.358,-0.234,0.509,-0.118,0.000,23,E,0,,,,819540,446.08,0
1013,2428.139,"Mount",0.109,-0.290,0.223,0.214,0.000,0.000,0,,0,,,,819607,494.82,0
1014,2430.480,"Mount",-0.219,-0.164,-0.127,0.242,0.000,0.000,0,,0,,,,796355,426.14,0
1015,2432.655,"Mount",-0.156,0.042,-0.158,0.029,0.000,0.000,0,,0,,,,835665,461.20,0
1016,2435.017,"Mount",-0.172,-0.007,-0.153,0.080,0.000,0.000,0,,0,,,,806170,460.02,0
1017,2437.287,"Mount",-0.334,0.055,-0.326,0.094,-0.205,0.000,40,E,0,,,,799075,530.44,0
1018,2439.632,"Mount",0.121,-0.174,0.185,0.105,0.000,0.000,0,,0,,,,813411,447.79,0
1019,2441.879,"Mount",-0.421,-0.222,-0.285,0.382,-0.179,0.000,35,E,0,,,,822802,484.49,0
1020,2444.318,"Mount",-0.051,-0.299,0.082,0.292,0.000,0.000,0,,0,,,,819677,476.76,0
1021,2446.498,"Mount",-0.083,-0.244,0.030,0.256,0.000,0.000,0,,0,,,,801793,488.04,0
1022,2448.846,"Mount",-0.021,-0.143,0.042,0.139,0.000,0.000,0,,0,,,,812672,453.96,0
1023,2451.127,"Mount",-0.545,0.028,-0.504,0.209,-0.318,0.000,62,E,0,,,,801638,514.18,0
1024,2453.459,"Mount",-0.159,-0.056,-0.119,0.119,0.000,0.000,0,,0,,,,833297,464.34,0
1025,2455.631,"Mount",0.091,-0.229,0.180,0.168,0.000,0.000,0,,0,,,,785756,476.99,0
1026,2457.980,"Mount",-0.087,-0.189,0.003,0.208,0.000,0.000,0,,0,,,,808245,512.02,0
1027,2460.143,"Mount",-0.220,-0.157,-0.131,0.236,0.000,0.000,0,,0,,,,801232,500.22,0
1028,2462.484,"Mount",-0.073,-0.313,0.068,0.314,0.000,0.000,0,,0,,,,832941,507.61,0
1029,2464.683,"Mount",-0.286,-0.123,-0.205,0.234,0.000,0.000,0,,0,,,,811267,497.16,0
1030,2467.019,"Mount",-0.037,-0.370,0.126,0.350,0.000,0.000,0,,0,,,,837720,501.22,0
1031,2469.303,"Mount",-0.490,0.158,-0.510,0.068,-0.321,0.000,63,E,0,,,,797538,471.55,0
1032,2471.735,"Mount",-0.319,-0.044,-0.269,0.177,-0.192,0.000,38,E,0,,,,809135,482.76,0
1033,2474.007,"Mount",-0.687,-0.134,-0.563,0.417,-0.368,0.000,72,E,0,,,,805550,429.72,0
1034,2476.439,"Mount",-0.479,-0.126,-0.378,0.320,-0.264,0.000,52,E,0,,,,805963,451.32,0
1035,2478.620,"Mount",-0.099,-0.154,-0.024,0.181,0.000,0.000,0,,0,,,,799788,483.68,0
1036,2482.527,"Mount",-0.323,-0.379,-0.129,0.481,0.000,0.481,0,,1508,S,,,813927,497.52,0
1037,2484.731,"Mount",0.074,-0.175,0.142,0.127,0.000,0.000,0,,0,,,,832335,504.19,0
1038,2487.151,"Mount",0.702,0.756,0.308,-0.985,0.194,0.000,38,W,0,,,,818348,507.28,0
1039,2489.353,"Mount",0.400,0.566,0.117,-0.683,0.000,0.000,0,,0,,,,781694,483.42,0
1040,2491.728,"Mount",0.375,0.612,0.075,-0.714,0.000,0.000,0,,0,,,,815837,470.08,0
1041,2493.896,"Mount",0.250,0.749,-0.097,-0.784,0.000,0.000,0,,0,,,,787766,480.41,0
1042,2497.831,"Mount",0.136,0.637,-0.151,-0.633,0.000,-0.633,0,,1539,N,,,814516,488.13,0
1043,2500.255,"Mount",-0.377,0.719,-0.650,-0.487,-0.410,-0.487,80,E,99,N,,,842606,472.70,0
1044,2502.696,"Mount",0.375,-0.457,0.535,0.251,0.308,0.000,60,W,0,,,,770005,434.79,0
1045,2504.967,"Mount",0.084,-0.650,0.356,0.550,0.246,0.000,48,W,0,,,,833236,517.01,0
1046,2507.495,"Mount",-0.322,-0.108,-0.244,0.236,-0.136,0.000,27,E,0,,,,796617,457.62,0
1047,2509.667,"Mount",-0.504,-0.618,-0.189,0.775,0.000,0.000,0,,0,,,,816432,481.34,0
1048,2512.191,"Mount",0.812,-0.952,1.143,0.510,0.720,0.000,141,W,0,,,,827982,476.90,0
1049,2514.479,"Mount",0.354,-0.639,0.594,0.424,0.425,0.000,83,W,0,,,,817796,506.67,0
1050,2516.897,"Mount",0.065,-0.707,0.363,0.610,0.258,0.000,51,W,0,,,,821580,495.24,0
1051,2520.895,"Mount",-1.650,-0.093,-1.450,0.794,-0.895,0.794,175,E,1572,S,,,815977,447.33,0
1052,2523.343,"Mount",-0.331,0.113,-0.347,0.040,-0.281,0.000,55,E,0,,,,769890,479.11,0
1053,2525.695,"Mount",0.802,-0.058,0.749,-0.293,0.452,0.000,89,W,0,,,,779570,464.20,0
1054,2528.207,"Mount",1.169,-0.062,1.082,-0.447,0.713,0.000,140,W,0,,,,799813,510.24,0
1055,2530.376,"Mount",-0.110,-0.127,-0.045,0.162,0.000,0.000,0,,0,,,,813891,467.88,0
1056,2532.739,"Mount",0.059,0.265,-0.061,-0.264,0.000,0.000,0,,0,,,,842577,506.62,0
1057,2534.915,"Mount",-0.062,0.334,-0.200,-0.274,0.000,0.000,0,,0,,,,841238,522.41,0
1058,2537.279,"Mount",0.116,0.455,-0.091,-0.460,0.000,0.000,0,,0,,,,809519,470.76,0
1059,2539.451,"Mount",0.232,0.330,0.067,-0.398,0.000,0.000,0,,0,,,,818186,517.34,0
1060,2541.801,"Mount",0.016,0.359,-0.140,-0.331,0.000,0.000,0,,0,,,,825691,532.20,0
1061,2544.047,"Mount",0.453,0.158,0.341,-0.337,0.215,0.000,42,W,0,,,,829343,493.97,0
1062,2546.399,"Mount",0.125,0.307,-0.020,-0.331,0.000,0.000,0,,0,,,,861205,499.84,0
1063,2548.687,"Mount",0.787,-0.041,0.728,-0.302,0.458,0.000,90,W,0,,,,806695,482.44,0
1064,2551.044,"Mount",-0.108,0.235,-0.199,-0.165,0.000,0.000,0,,0,,,,818401,446.44,0
1065,2553.303,"Mount",-0.046,0.471,-0.244,-0.405,-0.154,0.000,30,E,0,,,,790034,517.71,0
1066,2555.651,"Mount",0.017,0.518,-0.208,-0.474,0.000,0.000,0,,0,,,,812136,479.15,0
1067,2557.823,"Mount",0.272,0.202,0.159,-0.300,0.000,0.000,0,,0,,,,800717,485.60,0
1068,2561.615,"Mount",-0.098,0.495,-0.302,-0.404,-0.190,-0.404,37,E,1353,N,,,774420,438.41,0
1069,2564.055,"Mount",-1.623,0.422,-1.646,0.317,-1.051,0.000,206,E,0,,,,838736,493.21,0
1070,2566.559,"Mount",0.792,-0.624,0.983,0.223,0.546,0.000,107,W,0,,,,831363,477.43,0
1071,2568.855,"Mount",0.470,-0.583,0.675,0.324,0.464,0.000,91,W,0,,,,842374,458.50,0
1072,2571.288,"Mount",0.146,-0.237,0.234,0.152,0.180,0.000,35,W,0,,,,826891,478.82,0
1073,2573.591,"Mount",-0.445,-0.231,-0.302,0.400,-0.178,0.000,35,E,0,,,,811385,492.97,0
1074,2576.039,"Mount",0.408,-0.232,0.468,0.034,0.282,0.000,55,W,0,,,,795216,490.59,0
1075,2578.320,"Mount",-0.537,0.030,-0.498,0.204,-0.294,0.000,58,E,0,,,,810826,545.99,0
1076,2580.665,"Mount",-0.116,-0.082,-0.070,0.124,0.000,0.000,0,,0,,,,840306,496.49,0
1077,2582.840,"Mount",-0.344,-0.381,-0.147,0.492,0.000,0.000,0,,0,,,,833393,506.19,0
1078,2586.855,"Mount",-1.696,0.313,-1.665,0.447,-1.049,0.447,205,E,1361,S,,,782623,481.44,0
1079,2589.439,"Mount",1.499,0.103,1.309,-0.738,0.751,0.000,147,W,0,,,,806161,500.87,0
1080,2591.663,"Mount",0.241,0.338,0.072,-0.409,0.000,0.000,0,,0,,,,821998,504.16,0
1081,2594.143,"Mount",0.723,0.284,0.531,-0.568,0.334,0.000,66,W,0,,,,800556,469.83,0
1082,2596.313,"Mount",0.161,0.442,-0.045,-0.468,0.000,0.000,0,,0,,,,812274,490.32,0
1083,2598.775,"Mount",-0.429,0.545,-0.622,-0.307,-0.392,0.000,77,E,0,,,,797662,431.65,0
1084,2602.247,"Mount",0.029,0.468,-0.175,-0.435,0.000,-0.435,0,,1262,N,,,807546,491.34,0
1085,2604.743,"Mount",-0.526,0.109,-0.522,0.128,-0.329,0.000,64,E,0,,,,850030,500.44,0
1086,2606.921,"Mount",-0.054,0.003,-0.050,0.021,0.000,0.000,0,,0,,,,832879,502.78,0
1087,2609.310,"Mount",-0.321,-0.234,-0.189,0.350,0.000,0.000,0,,0,,,,821641,438.15,0
1088,2611.503,"Mount",-0.122,0.109,-0.157,-0.046,0.000,0.000,0,,0,,,,849776,548.91,0
1089,2613.903,"Mount",0.137,-0.321,0.262,0.231,0.165,0.000,32,W,0,,,,776030,497.07,0
1090,2616.092,"Mount",-0.016,-0.294,0.112,0.273,0.000,0.000,0,,0,,,,805705,448.52,0
1091,2618.535,"Mount",-0.574,-0.340,-0.372,0.554,-0.234,0.000,46,E,0,,,,831076,477.49,0
1092,2620.776,"Mount",0.207,-0.302,0.317,0.184,0.183,0.000,36,W,0,,,,827393,513.17,0
1093,2623.215,"Mount",0.339,-0.310,0.440,0.134,0.290,0.000,57,W,0,,,,818123,494.96,0
1094,2625.450,"Mount",-0.096,-0.035,-0.071,0.073,0.000,0.000,0,,0,,,,805799,472.13,0
1095,2627.804,"Mount",0.064,-0.339,0.204,0.279,0.000,0.000,0,,0,,,,831858,534.97,0
1096,2630.071,"Mount",0.458,-0.298,0.542,0.072,0.342,0.000,67,W,0,,,,779344,497.15,0
1097,2632.487,"Mount",0.134,-0.464,0.320,0.362,0.226,0.000,44,W,0,,,,770144,439.73,0
1098,2634.669,"Mount",-0.246,-0.172,-0.148,0.261,0.000,0.000,0,,0,,,,826852,499.79,0
1099,2637.009,"Mount",0.087,-0.072,0.110,0.027,0.000,0.000,0,,0,,,,844708,508.21,0
1100,2639.230,"Mount",0.075,-0.205,0.156,0.153,0.000,0.000,0,,0,,,,823331,458.15,0
1101,2641.759,"Mount",-0.743,0.040,-0.688,0.284,-0.434,0.000,85,E,0,,,,813472,500.30,0
1102,2643.924,"Mount",-0.112,0.026,-0.112,0.025,0.000,0.000,0,,0,,,,838078,471.99,0
1103,2646.277,"Mount",-0.010,-0.267,0.106,0.245,0.000,0.000,0,,0,,,,829769,499.09,0
1104,2648.458,"Mount",-0.249,-0.222,-0.129,0.308,0.000,0.000,0,,0,,,,806346,522.70,0
1105,2650.803,"Mount",-0.104,-0.335,0.050,0.347,0.000,0.000,0,,0,,,,796385,461.53,0
1106,2653.111,"Mount",0.887,-0.318,0.937,-0.095,0.591,0.000,116,W,0,,,,805190,509.18,0
1107,2655.607,"Mount",0.575,-0.742,0.838,0.423,0.570,0.000,112,W,0,,,,784747,472.83,0
1108,2657.773,"Mount",-0.272,-0.833,0.113,0.868,0.000,0.000,0,,0,,,,797322,501.88,0
1109,2660.191,"Mount",0.330,-0.384,0.463,0.204,0.292,0.000,57,W,0,,,,811624,524.86,0
1110,2663.663,"Mount",-0.286,-0.386,-0.092,0.471,0.000,0.471,0,,1269,S,,,838350,466.66,0
1111,2666.011,"Mount",0.203,-0.040,0.200,-0.051,0.000,0.000,0,,0,,,,831680,465.20,0
1112,2668.263,"Mount",0.416,0.058,0.351,-0.231,0.221,0.000,43,W,0,,,,830508,499.34,0
1113,2670.720,"Mount",0.638,-0.041,0.593,-0.237,0.389,0.000,76,W,0,,,,821079,479.72,0
1114,2672.906,"Mount",0.250,0.189,0.144,-0.278,0.000,0.000,0,,0,,,,824843,446.42,0
1115,2675.278,"Mount",0.290,0.258,0.151,-0.358,0.000,0.000,0,,0,,,,825568,493.71,0
1116,2677.464,"Mount",-0.074,-0.031,-0.053,0.059,0.000,0.000,0,,0,,,,801375,434.01,0
1117,2679.928,"Mount",0.750,0.015,0.670,-0.336,0.422,0.000,83,W,0,,,,801561,479.45,0
1118,2682.098,"Mount",0.158,0.342,-0.004,-0.376,0.000,0.000,0,,0,,,,829334,468.34,0
1119,2684.462,"Mount",0.128,0.533,-0.114,-0.536,0.000,0.000,0,,0,,,,834701,510.69,0
1120,2687.903,"Mount",0.099,0.353,-0.063,-0.361,0.000,-0.361,0,,1247,N,,,832167,536.03,0
1121,2690.351,"Mount",0.417,-0.094,0.417,-0.095,0.263,0.000,51,W,0,,,,828852,487.22,0
1122,2692.634,"Mount",-0.693,-0.233,-0.526,0.508,-0.313,0.000,61,E,0,,,,850461,486.18,0
1123,2694.971,"Mount",-0.109,-0.171,-0.025,0.201,0.000,0.000,0,,0,,,,807936,455.40,0
1124,2697.173,"Mount",-0.003,-0.318,0.134,0.289,0.000,0.000,0,,0,,,,823902,490.37,0
1125,2699.524,"Mount",0.072,-0.310,0.198,0.248,0.000,0.000,0,,0,,,,785578,513.45,0
1126,2701.720,"Mount",0.083,-0.051,0.097,0.010,0.000,0.000,0,,0,,,,826502,460.93,0
1127,2704.055,"Mount",-0.246,-0.003,-0.221,0.108,0.000,0.000,0,,0,,,,824242,470.72,0
1128,2706.231,"Mount",0.058,-0.278,0.172,0.226,0.000,0.000,0,,0,,,,827081,471.13,0
1129,2708.671,"Mount",-0.585,0.019,-0.536,0.235,-0.338,0.000,66,E,0,,,,801844,449.29,0
1130,2710.935,"Mount",-0.457,-0.090,-0.373,0.278,-0.259,0.000,51,E,0,,,,828032,459.77,0
1131,2713.343,"Mount",-0.311,-0.124,-0.228,0.246,-0.161,0.000,32,E,0,,,,826007,455.70,0
1132,2715.523,"Mount",0.112,-0.227,0.199,0.157,0.000,0.000,0,,0,,,,800879,532.58,0
1133,2717.858,"Mount",-0.159,-0.333,-0.000,0.369,0.000,0.000,0,,0,,,,786845,429.71,0
1134,2720.145,"Mount",0.396,-0.706,0.661,0.467,0.417,0.000,82,W,0,,,,834791,518.46,0
1135,2723.727,"Mount",0.099,-0.548,0.325,0.452,0.234,0.452,46,W,1113,S,,,814620,453.92,0
1136,2726.015,"Mount",-0.191,-0.327,-0.032,0.377,0.000,0.377,0,,77,S,,,782159,461.59,0
1137,2728.404,"Mount",0.050,0.093,0.005,-0.106,0.000,0.000,0,,0,,,,817661,497.69,0
1138,2730.593,"Mount",0.087,-0.029,0.091,-0.011,0.000,0.000,0,,0,,,,808158,470.94,0
1139,2732.946,"Mount",-0.152,0.056,-0.162,0.015,0.000,0.000,0,,0,,,,791047,444.65,0
1140,2735.139,"Mount",-0.015,-0.069,0.017,0.069,0.000,0.000,0,,0,,,,823542,505.60,0
1141,2737.490,"Mount",0.103,0.027,0.081,-0.068,0.000,0.000,0,,0,,,,829003,452.86,0
1142,2739.662,"Mount",-0.004,0.088,-0.042,-0.078,0.000,0.000,0,,0,,,,791661,489.99,0
1143,2742.016,"Mount",-0.032,0.143,-0.091,-0.115,0.000,0.000,0,,0,,,,773991,430.64,0
1144,2744.249,"Mount",-0.078,0.127,-0.125,-0.081,0.000,0.000,0,,0,,,,803673,463.49,0
1145,2746.744,"Mount",-0.732,0.472,-0.864,-0.111,-0.544,0.000,107,E,0,,,,786457,443.48,0
1146,2749.064,"Mount",-0.581,0.070,-0.555,0.187,-0.388,0.000,76,E,0,,,,809048,516.24,0
1147,2751.543,"Mount",-0.267,0.170,-0.314,-0.038,-0.225,0.000,44,E,0,,,,866447,539.31,0
1148,2753.721,"Mount",-0.229,-0.151,-0.142,0.235,0.000,0.000,0,,0,,,,839624,516.37,0
1149,2756.085,"Mount",0.046,-0.165,0.112,0.129,0.000,0.000,0,,0,,,,799335,470.99,0
1150,2758.360,"Mount",0.384,-0.430,0.531,0.223,0.335,0.000,66,W,0,,,,795693,501.89,0
1151,2760.711,"Mount",-0.123,-0.112,-0.062,0.154,0.000,0.000,0,,0,,,,803407,480.28,0
1152,2762.882,"Mount",-0.035,-0.264,0.082,0.253,0.000,0.000,0,,0,,,,835751,474.77,0
1153,2765.335,"Mount",0.246,-0.208,0.312,0.082,0.196,0.000,38,W,0,,,,754589,468.73,0
1154,2767.727,"Mount",-0.565,-0.190,-0.429,0.415,-0.256,0.415,50,E,85,S,,,781660,436.27,0
1155,2770.583,"Mount",-2.151,-0.168,-1.869,1.078,-1.196,1.078,234,E,220,S,,,741941,415.17,0
1156,2772.775,"Mount",0.331,0.207,0.210,-0.330,0.000,0.000,0,,0,,,,829498,504.32,0
1157,2775.113,"Mount",-0.069,0.183,-0.141,-0.136,0.000,0.000,0,,0,,,,801777,490.80,0
1158,2777.311,"Mount",0.276,0.253,0.140,-0.348,0.000,0.000,0,,0,,,,826240,487.08,0
1159,2779.767,"Mount",0.606,-0.276,0.666,-0.011,0.419,0.000,82,W,0,,,,843213,531.69,0
1160,2782.015,"Mount",0.350,0.005,0.314,-0.155,0.227,0.000,44,W,0,,,,833526,472.92,0
1161,2784.456,"Mount",0.619,0.192,0.476,-0.440,0.316,0.000,62,W,0,,,,794979,485.11,0
1162,2786.623,"Mount",0.223,0.485,-0.007,-0.534,0.000,0.000,0,,0,,,,829477,419.71,0
1163,2789.375,"Mount",-1.927,0.413,-1.917,0.457,-1.208,0.457,237,E,93,S,,,783203,501.29,0
1164,2791.679,"Mount",-0.215,0.091,-0.234,0.010,-0.232,0.000,45,E,0,,,,818358,466.47,0
1165,2794.022,"Mount",0.067,0.040,0.043,-0.065,0.000,0.000,0,,0,,,,810150,473.25,0
1166,2796.201,"Mount",0.296,0.172,0.194,-0.283,0.000,0.000,0,,0,,,,795369,442.33,0
1167,2798.671,"Mount",0.671,-0.089,0.644,-0.209,0.406,0.000,79,W,0,,,,859245,518.92,0
1168,2801.055,"Mount",0.760,0.052,0.664,-0.374,0.447,0.000,87,W,0,,,,826290,486.08,0
1169,2804.743,"Mount",0.997,0.309,0.767,-0.708,0.514,-0.708,101,W,1165,N,,,802030,454.38,0
1170,2807.177,"Mount",0.792,0.128,0.660,-0.457,0.452,-0.457,88,W,93,N,,,851846,538.39,0
1171,2809.529,"Mount",0.144,0.099,0.087,-0.152,0.000,0.000,0,,0,,,,804282,509.80,0
1172,2811.855,"Mount",0.629,-0.023,0.578,-0.250,0.364,0.000,71,W,0,,,,794054,498.79,0
1173,2814.199,"Mount",0.263,0.126,0.183,-0.227,0.000,0.000,0,,0,,,,822785,508.07,0
1174,2816.373,"Mount",0.095,0.201,-0.001,-0.222,0.000,0.000,0,,0,,,,813339,479.35,0
1175,2818.704,"Mount",0.091,0.146,0.019,-0.171,0.000,0.000,0,,0,,,,786571,465.69,0
1176,2820.951,"Mount",-0.251,0.233,-0.326,-0.102,-0.206,0.000,40,E,0,,,,844898,506.28,0
1177,2823.293,"Mount",-0.129,0.092,-0.156,-0.027,0.000,0.000,0,,0,,,,827044,501.77,0
1178,2825.469,"Mount",-0.185,0.029,-0.180,0.054,0.000,0.000,0,,0,,,,838639,503.45,0
1179,2827.896,"Mount",0.509,0.049,0.439,-0.263,0.276,0.000,54,W,0,,,,846955,503.81,0
1180,2830.143,"Mount",0.378,0.050,0.320,-0.208,0.221,0.000,43,W,0,,,,842935,499.79,0
1181,2832.543,"Mount",-0.273,0.057,-0.271,0.067,-0.155,0.000,30,E,0,,,,830229,511.52,0
1182,2834.735,"Mount",0.188,0.265,0.056,-0.320,0.000,0.000,0,,0,,,,840742,505.70,0
1183,2837.084,"Mount",0.235,0.167,0.140,-0.252,0.000,0.000,0,,0,,,,784703,487.14,0
1184,2839.463,"Mount",0.417,-0.101,0.420,-0.088,0.265,0.000,52,W,0,,,,805072,476.87,0
1185,2841.815,"Mount",0.245,0.028,0.209,-0.131,0.000,0.000,0,,0,,,,807954,474.79,0
1186,2844.004,"Mount",-0.001,0.159,-0.069,-0.143,0.000,0.000,0,,0,,,,761149,493.85,0
1187,2846.374,"Mount",0.150,0.099,0.093,-0.154,0.000,0.000,0,,0,,,,805931,528.57,0
1188,2848.567,"Mount",0.091,-0.304,0.213,0.236,0.000,0.000,0,,0,,,,801003,498.34,0
INFO: SET LOCK POSITION, new lock pos = 45.011, 777.646
INFO: DITHER by -3.259, 3.589, new lock pos = 40.525, 775.808
INFO: SETTLING STATE CHANGE, Settling started
1189,2852.575,"Mount",4.486,1.837,3.259,-3.589,3.259,-3.589,638,W,732,N,,,827583,484.36,0
1190,2855.703,"Mount",2.918,2.074,1.741,-3.128,1.097,-3.128,215,W,638,N,,,835723,473.65,0
1191,2859.615,"Mount",-2.040,-0.544,-1.607,1.369,-0.936,1.369,183,E,1300,S,,,809010,485.62,0
1192,2861.975,"Mount",-0.195,-0.712,0.130,0.727,0.000,0.727,0,,148,S,,,800601,508.29,0
1193,2864.457,"Mount",-0.507,0.347,-0.607,-0.095,-0.382,0.000,75,E,0,,,,825865,502.26,0
1194,2866.760,"Mount",0.823,-0.040,0.760,-0.318,0.452,0.000,89,W,0,,,,835912,454.55,0
1195,2869.287,"Mount",1.228,-0.074,1.140,-0.462,0.750,0.000,147,W,0,,,,819239,453.02,0
1196,2871.469,"Mount",0.046,0.078,0.008,-0.090,0.000,0.000,0,,0,,,,803814,468.46,0
1197,2873.797,"Mount",0.054,0.181,-0.029,-0.186,0.000,0.000,0,,0,,,,802851,468.84,0
1198,2876.120,"Mount",-0.830,0.543,-0.983,-0.133,-0.619,0.000,121,E,0,,,,818068,443.27,0
1199,2878.469,"Mount",0.166,0.495,-0.063,-0.518,0.000,0.000,0,,0,,,,822415,500.94,0
INFO: SETTLING STATE CHANGE, Settling complete
1200,2880.839,"Mount",-0.969,0.703,-1.177,-0.217,-0.741,0.000,145,E,0,,,,830734,521.80,0
1201,2883.367,"Mount",0.280,-0.066,0.281,-0.061,0.125,0.000,25,W,0,,,,839019,483.12,0
1202,2885.647,"Mount",0.564,-0.035,0.524,-0.211,0.339,0.000,66,W,0,,,,807562,420.32,0
1203,2888.092,"Mount",0.731,0.228,0.561,-0.520,0.377,0.000,74,W,0,,,,782235,427.98,0
1204,2890.375,"Mount",-0.468,0.471,-0.625,-0.224,-0.367,0.000,72,E,0,,,,809303,474.07,0
1205,2892.807,"Mount",-0.370,0.181,-0.412,-0.004,-0.286,0.000,56,E,0,,,,827795,452.42,0
1206,2895.048,"Mount",-0.212,0.116,-0.241,-0.013,-0.172,0.000,34,E,0,,,,817477,491.41,0
1207,2897.383,"Mount",-0.114,0.039,-0.120,0.014,0.000,0.000,0,,0,,,,834459,454.87,0
1208,2899.655,"Mount",-0.052,0.552,-0.285,-0.476,-0.179,0.000,35,E,0,,,,866043,484.67,0
1209,2902.071,"Mount",-0.102,0.361,-0.247,-0.282,-0.168,0.000,33,E,0,,,,836482,458.61,0
1210,2904.284,"Mount",-0.026,0.277,-0.143,-0.239,0.000,0.000,0,,0,,,,832627,481.81,0
1211,2906.624,"Mount",0.072,0.212,-0.026,-0.222,0.000,0.000,0,,0,,,,824337,442.42,0
1212,2908.810,"Mount",0.175,0.004,0.157,-0.079,0.000,0.000,0,,0,,,,809589,422.83,0
1213,2911.187,"Mount",0.241,0.113,0.169,-0.206,0.000,0.000,0,,0,,,,802474,486.22,0
1214,2913.463,"Mount",0.619,0.050,0.537,-0.312,0.338,0.000,66,W,0,,,,803801,479.18,0
1215,2915.825,"Mount",0.064,0.415,-0.120,-0.402,0.000,0.000,0,,0,,,,807109,457.49,0
1216,2919.215,"Mount",-0.061,0.469,-0.257,-0.397,-0.162,-0.397,32,E,1102,N,,,791340,491.43,0
1217,2921.605,"Mount",-0.094,0.236,-0.187,-0.172,0.000,0.000,0,,0,,,,778985,450.36,0
1218,2923.804,"Mount",0.052,0.204,-0.041,-0.207,0.000,0.000,0,,0,,,,788669,457.83,0
1219,2926.172,"Mount",0.020,-0.005,0.020,-0.005,0.000,0.000,0,,0,,,,817470,494.83,0
1220,2928.360,"Mount",0.241,0.016,0.210,-0.118,0.000,0.000,0,,0,,,,807432,489.26,0
1221,2930.700,"Mount",0.009,0.065,-0.020,-0.063,0.000,0.000,0,,0,,,,788780,444.60,0
1222,2932.895,"Mount",0.116,0.068,0.076,-0.111,0.000,0.000,0,,0,,,,803637,444.51,0
1223,2935.343,"Mount",-0.228,0.232,-0.306,-0.111,-0.193,0.000,38,E,0,,,,820525,463.76,0
1224,2937.615,"Mount",-0.271,0.129,-0.300,0.000,-0.202,0.000,40,E,0,,,,808799,469.84,0
1225,2939.967,"Mount",0.087,0.169,0.005,-0.190,0.000,0.000,0,,0,,,,822818,471.32,0
1226,2942.215,"Mount",-0.153,0.285,-0.261,-0.192,-0.164,0.000,32,E,0,,,,794352,507.07,0
1227,2944.687,"Mount",-0.569,0.413,-0.691,-0.128,-0.447,0.000,88,E,0,,,,804478,493.17,0
1228,2946.870,"Mount",-0.028,0.099,-0.068,-0.077,0.000,0.000,0,,0,,,,821564,493.00,0
1229,2949.311,"Mount",0.532,-0.165,0.551,-0.080,0.347,0.000,68,W,0,,,,816335,454.25,0
1230,2951.501,"Mount",0.218,0.109,0.149,-0.192,0.000,0.000,0,,0,,,,792700,470.18,0
1231,2953.943,"Mount",0.596,-0.166,0.609,-0.107,0.384,0.000,75,W,0,,,,792586,422.28,0
1232,2956.263,"Mount",0.644,-0.170,0.654,-0.124,0.439,0.000,86,W,0,,,,783782,431.99,0
1233,2958.679,"Mount",-0.395,0.058,-0.382,0.118,-0.210,0.000,41,E,0,,,,832894,508.70,0
1234,2960.951,"Mount",-0.546,-0.124,-0.439,0.347,-0.291,0.000,57,E,0,,,,827815,500.98,0
1235,2963.383,"Mount",-0.350,-0.049,-0.295,0.195,-0.206,0.000,40,E,0,,,,833259,497.98,0
1236,2965.655,"Mount",-0.263,0.137,-0.297,-0.010,-0.201,0.000,39,E,0,,,,811367,478.40,0
1237,2968.143,"Mount",0.741,-0.395,0.839,0.038,0.514,0.000,101,W,0,,,,825740,459.61,0
1238,2970.322,"Mount",0.137,-0.061,0.150,-0.004,0.000,0.000,0,,0,,,,824063,476.11,0
1239,2972.751,"Mount",0.390,-0.076,0.385,-0.099,0.242,0.000,47,W,0,,,,804275,465.12,0
1240,2974.938,"Mount",0.006,0.092,-0.034,-0.085,0.000,0.000,0,,0,,,,819177,493.33,0
1241,2977.302,"Mount",-0.095,-0.079,-0.051,0.112,0.000,0.000,0,,0,,,,830381,496.13,0
1242,2979.551,"Mount",0.235,-0.108,0.258,-0.004,0.163,0.000,32,W,0,,,,816738,468.93,0
1243,2981.890,"Mount",0.235,0.005,0.210,-0.106,0.000,0.000,0,,0,,,,770382,475.14,0
1244,2984.072,"Mount",-0.095,-0.220,0.009,0.239,0.000,0.000,0,,0,,,,818852,455.26,0
1245,2986.495,"Mount",0.250,-0.111,0.274,-0.007,0.172,0.000,34,W,0,,,,803705,456.96,0
1246,2988.686,"Mount",0.050,0.121,-0.006,-0.131,0.000,0.000,0,,0,,,,816796,499.36,0
1247,2991.007,"Mount",-0.217,-0.023,-0.185,0.114,0.000,0.000,0,,0,,,,799786,477.01,0
1248,2993.368,"Mount",0.765,-0.334,0.834,-0.028,0.525,0.000,103,W,0,,,,796302,418.78,0
1249,2995.791,"Mount",-0.409,0.096,-0.411,0.089,-0.222,0.000,43,E,0,,,,817946,478.81,0
1250,2998.063,"Mount",-0.400,0.156,-0.428,0.032,-0.285,0.000,56,E,0,,,,825857,493.82,0
1251,3000.401,"Mount",-0.026,0.119,-0.075,-0.096,0.000,0.000,0,,0,,,,815539,477.90,0
1252,3002.671,"Mount",-0.682,-0.013,-0.610,0.305,-0.384,0.000,75,E,0,,,,854567,497.24,0
1253,3005.135,"Mount",-0.440,0.186,-0.478,0.021,-0.328,0.000,64,E,0,,,,804907,461.09,0
1254,3007.392,"Mount",0.299,-0.161,0.339,0.017,0.191,0.000,37,W,0,,,,821586,500.73,0
1255,3009.733,"Mount",0.051,-0.130,0.102,0.095,0.000,0.000,0,,0,,,,805043,457.32,0
1256,3011.904,"Mount",-0.078,0.077,-0.103,-0.036,0.000,0.000,0,,0,,,,802905,469.51,0
1257,3014.262,"Mount",0.068,-0.164,0.132,0.119,0.000,0.000,0,,0,,,,799488,496.58,0
1258,3016.445,"Mount",0.013,-0.381,0.176,0.338,0.000,0.000,0,,0,,,,822218,495.54,0
1259,3018.785,"Mount",-0.274,-0.261,-0.135,0.354,0.000,0.000,0,,0,,,,831624,475.14,0
1260,3021.048,"Mount",0.321,-0.100,0.333,-0.048,0.210,0.000,41,W,0,,,,817128,459.40,0
1261,3023.387,"Mount",-0.114,-0.016,-0.096,0.063,0.000,0.000,0,,0,,,,791428,472.53,0
1262,3025.687,"Mount",-0.756,0.105,-0.728,0.230,-0.458,0.000,90,E,0,,,,822688,488.35,0
1263,3028.119,"Mount",-0.419,-0.161,-0.309,0.326,-0.227,0.000,44,E,0,,,,808355,505.86,0
1264,3030.295,"Mount",0.037,-0.088,0.071,0.063,0.000,0.000,0,,0,,,,793480,447.68,0
1265,3032.639,"Mount",0.023,-0.067,0.049,0.051,0.000,0.000,0,,0,,,,809341,459.55,0
1266,3034.919,"Mount",-0.406,0.002,-0.367,0.173,-0.231,0.000,45,E,0,,,,821733,414.74,0
1267,3037.351,"Mount",0.227,-0.203,0.292,0.086,0.168,0.000,33,W,0,,,,783342,417.01,0
1268,3039.535,"Mount",0.050,0.008,0.042,-0.029,0.000,0.000,0,,0,,,,805754,509.11,0
1269,3041.874,"Mount",0.008,-0.106,0.053,0.092,0.000,0.000,0,,0,,,,800018,493.97,0
1270,3044.075,"Mount",-0.199,0.072,-0.210,0.021,0.000,0.000,0,,0,,,,769587,427.87,0
1271,3046.527,"Mount",-0.396,0.052,-0.380,0.124,-0.239,0.000,47,E,0,,,,822390,517.87,0
1272,3048.685,"Mount",-0.256,-0.021,-0.222,0.129,0.000,0.000,0,,0,,,,817276,529.01,0
1273,3051.143,"Mount",-0.296,0.018,-0.275,0.111,-0.173,0.000,34,E,0,,,,780576,483.31,0
1274,3053.423,"Mount",-0.307,-0.047,-0.257,0.174,-0.174,0.000,34,E,0,,,,798802,512.29,0
1275,3055.774,"Mount",-0.249,-0.109,-0.178,0.206,0.000,0.000,0,,0,,,,803591,458.05,0
1276,3057.944,"Mount",-0.167,-0.202,-0.064,0.255,0.000,0.000,0,,0,,,,826980,510.42,0
1277,3060.287,"Mount",0.034,-0.092,0.071,0.069,0.000,0.000,0,,0,,,,804013,456.48,0
1278,3062.527,"Mount",-0.342,-0.178,-0.232,0.308,-0.146,0.000,29,E,0,,,,801064,463.24,0
1279,3064.897,"Mount",-0.097,-0.253,0.021,0.270,0.000,0.000,0,,0,,,,796768,491.15,0
1280,3067.066,"Mount",-0.009,-0.146,0.054,0.136,0.000,0.000,0,,0,,,,793214,482.48,0
1281,3069.427,"Mount",-0.152,-0.119,-0.086,0.173,0.000,0.000,0,,0,,,,823802,462.43,0
1282,3071.638,"Mount",0.052,-0.001,0.048,-0.021,0.000,0.000,0,,0,,,,813511,479.07,0
1283,3073.965,"Mount",-0.280,-0.194,-0.170,0.296,0.000,0.000,0,,0,,,,818679,463.62,0
1284,3076.295,"Mount",-0.998,-0.100,-0.857,0.520,-0.540,0.000,106,E,0,,,,830584,407.45,0
1285,3078.660,"Mount",-0.060,-0.366,0.104,0.356,0.000,0.000,0,,0,,,,809064,476.36,0
1286,3080.992,"Mount",0.430,-0.518,0.611,0.283,0.385,0.000,75,W,0,,,,817754,499.95,0
1287,3083.431,"Mount",0.405,-0.428,0.549,0.212,0.373,0.000,73,W,0,,,,786023,465.17,0
1288,3086.832,"Mount",-0.406,-0.299,-0.237,0.445,-0.123,0.445,24,E,1112,S,,,814330,460.68,0
1289,3089.222,"Mount",-0.045,-0.134,0.017,0.141,0.000,0.000,0,,0,,,,792731,454.03,0
1290,3091.432,"Mount",-0.163,-0.233,-0.047,0.281,0.000,0.000,0,,0,,,,800397,504.43,0
1291,3093.787,"Mount",0.074,-0.194,0.150,0.144,0.000,0.000,0,,0,,,,798697,490.62,0
1292,3095.967,"Mount",0.010,-0.297,0.137,0.264,0.000,0.000,0,,0,,,,792022,465.70,0
1293,3098.348,"Mount",0.011,-0.264,0.124,0.233,0.000,0.000,0,,0,,,,794149,478.47,0
1294,3100.663,"Mount",0.023,-0.410,0.197,0.360,0.000,0.360,0,,73,S,,,785194,413.60,0
1295,3103.143,"Mount",0.667,-0.524,0.828,0.185,0.521,0.000,102,W,0,,,,763858,433.40,0
1296,3105.349,"Mount",0.048,-0.245,0.149,0.200,0.000,0.000,0,,0,,,,833832,487.05,0
1297,3107.815,"Mount",-0.057,-0.438,0.137,0.420,0.000,0.420,0,,86,S,,,809802,426.11,0
1298,3110.004,"Mount",0.018,-0.289,0.141,0.253,0.000,0.000,0,,0,,,,841359,474.42,0
1299,3112.332,"Mount",-0.005,-0.089,0.033,0.082,0.000,0.000,0,,0,,,,837725,456.21,0
1300,3114.592,"Mount",0.245,-0.095,0.262,-0.019,0.165,0.000,32,W,0,,,,805333,473.48,0
1301,3116.935,"Mount",-0.293,-0.103,-0.220,0.220,0.000,0.000,0,,0,,,,816462,412.35,0
1302,3119.335,"Mount",-0.604,-0.148,-0.481,0.394,-0.303,0.394,59,E,80,S,,,818992,466.14,0
1303,3121.722,"Mount",0.241,0.098,0.176,-0.192,0.000,0.000,0,,0,,,,793853,474.99,0
1304,3124.007,"Mount",0.602,0.110,0.496,-0.359,0.313,0.000,61,W,0,,,,788520,460.92,0
1305,3126.357,"Mount",0.101,0.151,0.026,-0.180,0.000,0.000,0,,0,,,,816536,510.59,0
1306,3128.529,"Mount",0.227,0.268,0.089,-0.340,0.000,0.000,0,,0,,,,794590,465.50,0
1307,3130.878,"Mount",0.111,0.196,0.016,-0.225,0.000,0.000,0,,0,,,,801307,468.77,0
1308,3133.053,"Mount",0.032,0.332,-0.114,-0.313,0.000,0.000,0,,0,,,,809937,467.86,0
1309,3135.402,"Mount",-0.004,0.286,-0.127,-0.256,0.000,0.000,0,,0,,,,815652,436.14,0
1310,3137.671,"Mount",-0.305,0.545,-0.510,-0.361,-0.321,0.000,63,E,0,,,,846351,472.69,0
1311,3140.080,"Mount",-0.012,0.510,-0.231,-0.455,-0.168,0.000,33,E,0,,,,809753,419.26,0
1312,3142.245,"Mount",0.102,0.129,0.036,-0.160,0.000,0.000,0,,0,,,,786357,479.84,0
1313,3144.582,"Mount",-0.031,0.315,-0.164,-0.271,0.000,0.000,0,,0,,,,848431,487.88,0
1314,3146.855,"Mount",-0.399,0.268,-0.476,-0.070,-0.300,0.000,59,E,0,,,,841626,463.32,0
1315,3149.232,"Mount",0.087,0.084,0.043,-0.113,0.000,0.000,0,,0,,,,870670,491.86,0
1316,3151.559,"Mount",0.528,0.000,0.477,-0.228,0.300,0.000,59,W,0,,,,825325,504.29,0
1317,3153.907,"Mount",-0.207,0.023,-0.197,0.068,0.000,0.000,0,,0,,,,819833,481.57,0
1318,3156.231,"Mount",-0.892,0.435,-0.993,-0.009,-0.625,0.000,122,E,0,,,,806110,476.78,0
1319,3158.671,"Mount",-0.188,0.257,-0.281,-0.151,-0.221,0.000,43,E,0,,,,800502,450.22,0
1320,3160.951,"Mount",-0.423,0.298,-0.510,-0.087,-0.337,0.000,66,E,0,,,,845712,483.26,0
1321,3163.302,"Mount",0.125,0.091,0.074,-0.135,0.000,0.000,0,,0,,,,807575,473.69,0
1322,3165.623,"Mount",0.966,-0.220,0.966,-0.217,0.609,0.000,119,W,0,,,,769918,480.26,0
1323,3168.080,"Mount",0.532,0.005,0.478,-0.234,0.344,0.000,67,W,0,,,,816497,455.79,0
1324,3170.368,"Mount",0.523,-0.040,0.489,-0.189,0.332,0.000,65,W,0,,,,828003,455.75,0
1325,3172.712,"Mount",-0.051,0.013,-0.051,0.010,0.000,0.000,0,,0,,,,822531,478.40,0
1326,3174.908,"Mount",-0.105,0.015,-0.101,0.031,0.000,0.000,0,,0,,,,836435,452.88,0
1327,3177.385,"Mount",-0.705,0.200,-0.723,0.123,-0.455,0.000,89,E,0,,,,794325,451.75,0
1328,3179.770,"Mount",-1.279,0.238,-1.257,0.336,-0.824,0.000,161,E,0,,,,831086,466.47,0
1329,3182.431,"Mount",-1.378,0.263,-1.357,0.355,-0.913,0.355,179,E,73,S,,,797212,499.77,0
1330,3184.727,"Mount",-0.468,0.219,-0.516,0.004,-0.389,0.000,76,E,0,,,,807346,460.28,0
1331,3187.167,"Mount",0.422,-0.233,0.481,0.028,0.276,0.000,54,W,0,,,,823996,473.81,0
1332,3189.615,"Mount",-0.742,-0.281,-0.549,0.573,-0.326,0.573,64,E,117,S,,,820293,442.59,0
1333,3192.049,"Mount",0.682,0.203,0.528,-0.477,0.310,0.000,61,W,0,,,,840666,469.30,0
1334,3194.239,"Mount",0.438,0.453,0.201,-0.597,0.000,0.000,0,,0,,,,836467,467.08,0
1335,3196.587,"Mount",0.292,0.701,-0.038,-0.758,0.000,0.000,0,,0,,,,819728,432.98,0
1336,3198.871,"Mount",-0.379,0.736,-0.659,-0.501,-0.415,0.000,81,E,0,,,,791621,450.15,0
1337,3202.368,"Mount",0.254,0.311,0.096,-0.390,0.000,-0.390,0,,1101,N,,,820747,463.28,0
1338,3204.807,"Mount",0.641,0.440,0.389,-0.673,0.245,-0.673,48,W,137,N,,,793729,448.15,0
1339,3207.161,"Mount",0.300,0.184,0.191,-0.295,0.000,0.000,0,,0,,,,787802,443.46,0
1340,3209.372,"Mount",0.056,0.278,-0.069,-0.276,0.000,0.000,0,,0,,,,813486,488.58,0
1341,3211.720,"Mount",-0.064,-0.113,-0.010,0.129,0.000,0.000,0,,0,,,,833516,483.18,0
1342,3213.968,"Mount",0.277,-0.177,0.326,0.040,0.205,0.000,40,W,0,,,,789005,477.57,0
1343,3216.392,"Mount",-0.349,0.143,-0.376,0.021,-0.223,0.000,44,E,0,,,,818181,455.72,0
1344,3218.574,"Mount",0.186,0.143,0.107,-0.209,0.000,0.000,0,,0,,,,840006,500.10,0
1345,3221.007,"Mount",0.338,0.154,0.239,-0.284,0.150,0.000,29,W,0,,,,796104,457.68,0
1346,3223.186,"Mount",0.242,0.205,0.130,-0.290,0.000,0.000,0,,0,,,,772336,459.01,0
1347,3225.549,"Mount",-0.063,0.063,-0.084,-0.030,0.000,0.000,0,,0,,,,809952,468.81,0
1348,3227.791,"Mount",-0.326,0.099,-0.337,0.051,-0.212,0.000,42,E,0,,,,810695,448.44,0
1349,3230.256,"Mount",0.625,-0.077,0.598,-0.200,0.362,0.000,71,W,0,,,,835022,466.76,0
1350,3232.420,"Mount",0.230,-0.030,0.220,-0.072,0.000,0.000,0,,0,,,,810217,488.99,0
1351,3234.795,"Mount",-0.096,0.149,-0.151,-0.093,0.000,0.000,0,,0,,,,822281,458.13,0
1352,3236.997,"Mount",0.266,0.087,0.202,-0.193,0.000,0.000,0,,0,,,,822734,426.99,0
1353,3239.426,"Mount",-0.249,0.180,-0.302,-0.055,-0.190,0.000,37,E,0,,,,826465,473.67,0
1354,3241.751,"Mount",0.407,0.082,0.332,-0.249,0.196,0.000,38,W,0,,,,816132,488.00,0
1355,3244.106,"Mount",-0.040,0.107,-0.082,-0.080,0.000,0.000,0,,0,,,,810686,476.19,0
1356,3246.279,"Mount",0.114,-0.072,0.134,0.016,0.000,0.000,0,,0,,,,849163,488.17,0
1357,3248.687,"Mount",-0.330,-0.144,-0.236,0.272,-0.149,0.000,29,E,0,,,,833271,476.87,0
1358,3250.871,"Mount",-0.107,0.088,-0.135,-0.033,0.000,0.000,0,,0,,,,816888,465.16,0
1359,3253.289,"Mount",0.223,-0.169,0.274,0.057,0.172,0.000,34,W,0,,,,844776,473.45,0
1360,3255.607,"Mount",0.776,-0.253,0.809,-0.106,0.522,0.000,102,W,0,,,,823879,507.40,0
1361,3257.950,"Mount",0.216,-0.067,0.223,-0.033,0.000,0.000,0,,0,,,,822768,430.64,0
1362,3260.136,"Mount",0.116,-0.210,0.195,0.139,0.000,0.000,0,,0,,,,835498,490.63,0
1363,3262.468,"Mount",0.046,-0.164,0.112,0.128,0.000,0.000,0,,0,,,,808112,428.11,0
1364,3264.655,"Mount",-0.143,-0.149,-0.065,0.196,0.000,0.000,0,,0,,,,834834,438.99,0
1365,3266.993,"Mount",-0.170,-0.181,-0.075,0.236,0.000,0.000,0,,0,,,,810222,472.49,0
1366,3269.255,"Mount",0.170,-0.189,0.235,0.098,0.148,0.000,29,W,0,,,,823499,489.90,0
1367,3271.637,"Mount",0.061,-0.382,0.220,0.318,0.000,0.000,0,,0,,,,801392,442.44,0
1368,3273.927,"Mount",0.511,-0.249,0.569,0.005,0.358,0.000,70,W,0,,,,840389,454.55,0
1369,3276.417,"Mount",0.598,-0.401,0.712,0.105,0.474,0.000,93,W,0,,,,813811,485.61,0
1370,3278.744,"Mount",0.687,-0.531,0.849,0.183,0.568,0.000,111,W,0,,,,785929,454.57,0
1371,3281.087,"Mount",0.085,-0.124,0.130,0.075,0.000,0.000,0,,0,,,,823229,447.67,0
1372,3283.298,"Mount",0.025,-0.118,0.073,0.095,0.000,0.000,0,,0,,,,781437,444.64,0
1373,3285.743,"Mount",0.389,-0.222,0.447,0.033,0.281,0.000,55,W,0,,,,817796,464.70,0
1374,3288.023,"Mount",0.360,-0.253,0.434,0.073,0.293,0.000,57,W,0,,,,832973,549.41,0
1375,3290.471,"Mount",0.365,-0.362,0.485,0.170,0.326,0.000,64,W,0,,,,805031,457.30,0
1376,3292.807,"Mount",-1.260,-0.245,-1.032,0.763,-0.628,0.000,123,E,0,,,,798377,502.67,0
1377,3295.247,"Mount",0.316,-0.388,0.452,0.214,0.241,0.000,47,W,0,,,,824361,511.17,0
1378,3297.551,"Mount",0.346,-0.419,0.493,0.230,0.327,0.000,64,W,0,,,,788815,455.85,0
1379,3300.047,"Mount",-1.186,-0.248,-0.964,0.734,-0.585,0.000,115,E,0,,,,850612,478.44,0
1380,3303.384,"Mount",-0.022,-0.464,0.180,0.428,0.000,0.428,0,,1108,S,,,790233,466.53,0
1381,3305.799,"Mount",0.289,-0.079,0.295,-0.053,0.186,0.000,36,W,0,,,,815335,455.04,0
1382,3308.080,"Mount",0.566,0.078,0.477,-0.314,0.314,0.000,61,W,0,,,,809242,450.94,0
1383,3310.420,"Mount",0.230,0.235,0.107,-0.312,0.000,0.000,0,,0,,,,827970,479.60,0
1384,3312.588,"Mount",-0.080,0.018,-0.080,0.019,0.000,0.000,0,,0,,,,816831,410.55,0
1385,3315.056,"Mount",0.665,-0.240,0.704,-0.070,0.444,0.000,87,W,0,,,,829118,474.39,0
1386,3317.264,"Mount",0.104,-0.222,0.190,0.156,0.000,0.000,0,,0,,,,832043,487.19,0
1387,3319.759,"Mount",0.899,-0.222,0.907,-0.187,0.571,0.000,112,W,0,,,,821753,475.80,0
1388,3321.924,"Mount",-0.065,0.124,-0.112,-0.084,0.000,0.000,0,,0,,,,799061,498.00,0
1389,3324.335,"Mount",-0.280,0.232,-0.352,-0.089,-0.222,0.000,43,E,0,,,,858422,455.68,0
1390,3326.623,"Mount",-0.508,0.263,-0.572,-0.019,-0.376,0.000,74,E,0,,,,811773,508.25,0
1391,3328.976,"Mount",0.100,0.184,0.011,-0.209,0.000,0.000,0,,0,,,,833189,470.42,0
1392,3331.164,"Mount",0.020,-0.016,0.025,0.005,0.000,0.000,0,,0,,,,841855,475.87,0
1393,3333.575,"Mount",0.364,0.162,0.259,-0.302,0.163,0.000,32,W,0,,,,799448,464.99,0
1394,3335.943,"Mount",-1.185,0.503,-1.286,0.056,-0.799,0.000,157,E,0,,,,828612,481.41,0
1395,3338.393,"Mount",0.269,-0.175,0.318,0.042,0.144,0.000,28,W,0,,,,819622,475.47,0
1396,3340.566,"Mount",0.186,-0.047,0.188,-0.038,0.000,0.000,0,,0,,,,808420,470.97,0
1397,3342.999,"Mount",-0.400,0.137,-0.420,0.048,-0.265,0.000,52,E,0,,,,839386,513.90,0
1398,3345.240,"Mount",0.314,0.120,0.232,-0.244,0.128,0.000,25,W,0,,,,822381,478.87,0
1399,3347.600,"Mount",0.067,0.095,0.020,-0.114,0.000,0.000,0,,0,,,,851812,489.44,0
1400,3349.762,"Mount",0.270,0.168,0.171,-0.268,0.000,0.000,0,,0,,,,806190,436.44,0
1401,3352.199,"Mount",0.505,-0.020,0.465,-0.200,0.293,0.000,57,W,0,,,,842472,486.24,0
1402,3354.471,"Mount",0.464,0.009,0.415,-0.207,0.282,0.000,55,W,0,,,,795866,432.39,0
1403,3357.313,"Mount",-2.300,0.280,-2.197,0.737,-1.364,0.737,267,E,150,S,,,827477,526.97,0
1404,3359.655,"Mount",-0.575,0.575,-0.766,-0.271,-0.578,0.000,113,E,0,,,,746994,452.18,0
1405,3362.104,"Mount",-0.299,0.350,-0.420,-0.187,-0.305,0.000,60,E,0,,,,855946,490.94,0
1406,3364.359,"Mount",-0.144,0.282,-0.252,-0.193,-0.180,0.000,35,E,0,,,,831332,444.63,0
1407,3366.823,"Mount",0.763,0.083,0.653,-0.404,0.399,0.000,78,W,0,,,,848363,426.21,0
1408,3369.001,"Mount",0.148,0.306,0.002,-0.340,0.000,0.000,0,,0,,,,841975,469.71,0
1409,3371.367,"Mount",-0.042,0.095,-0.078,-0.068,0.000,0.000,0,,0,,,,801802,486.08,0
1410,3373.623,"Mount",0.429,-0.093,0.428,-0.101,0.269,0.000,53,W,0,,,,855299,502.19,0
1411,3376.103,"Mount",0.970,-0.020,0.885,-0.399,0.576,0.000,113,W,0,,,,822106,444.41,0
1412,3378.376,"Mount",0.551,0.103,0.453,-0.330,0.326,0.000,64,W,0,,,,825647,452.92,0
1413,3381.855,"Mount",0.223,0.312,0.066,-0.378,0.000,-0.378,0,,1098,N,,,794065,464.54,0
1414,3384.015,"Mount",0.089,0.235,-0.021,-0.250,0.000,0.000,0,,0,,,,782270,495.09,0
1415,3386.463,"Mount",-0.412,0.344,-0.520,-0.133,-0.328,0.000,64,E,0,,,,844594,521.25,0
1416,3388.643,"Mount",0.190,0.234,0.071,-0.293,0.000,0.000,0,,0,,,,799200,459.17,0
1417,3391.002,"Mount",-0.011,0.358,-0.164,-0.319,0.000,0.000,0,,0,,,,763459,457.61,0
1418,3393.223,"Mount",-0.155,0.363,-0.296,-0.262,-0.186,0.000,37,E,0,,,,776395,491.23,0
1419,3395.584,"Mount",-0.178,0.151,-0.226,-0.059,0.000,0.000,0,,0,,,,816990,462.67,0
1420,3397.748,"Mount",0.270,0.109,0.197,-0.215,0.000,0.000,0,,0,,,,803800,451.13,0
1421,3400.175,"Mount",-0.466,-0.033,-0.406,0.230,-0.256,0.000,50,E,0,,,,798929,461.43,0
1422,3402.349,"Mount",0.200,-0.081,0.215,-0.013,0.000,0.000,0,,0,,,,843820,498.97,0
1423,3404.728,"Mount",-0.087,0.113,-0.127,-0.065,0.000,0.000,0,,0,,,,829326,479.53,0
1424,3406.907,"Mount",0.033,-0.146,0.092,0.117,0.000,0.000,0,,0,,,,851563,470.76,0
1425,3409.416,"Mount",0.999,-0.296,1.029,-0.163,0.649,0.000,127,W,0,,,,811600,483.89,0
1426,3411.719,"Mount",0.704,-0.054,0.659,-0.254,0.460,0.000,90,W,0,,,,821102,503.35,0
1427,3414.060,"Mount",0.041,0.112,-0.011,-0.119,0.000,0.000,0,,0,,,,802429,510.73,0
1428,3416.259,"Mount",0.046,0.145,-0.021,-0.151,0.000,0.000,0,,0,,,,801304,499.17,0
1429,3418.595,"Mount",0.157,0.217,0.049,-0.263,0.000,0.000,0,,0,,,,814367,462.66,0
1430,3420.770,"Mount",-0.024,0.199,-0.107,-0.169,0.000,0.000,0,,0,,,,828703,456.67,0
1431,3423.113,"Mount",-0.082,0.034,-0.089,0.005,0.000,0.000,0,,0,,,,837957,495.45,0
1432,3425.471,"Mount",-1.139,0.096,-1.069,0.404,-0.674,0.000,132,E,0,,,,838912,483.84,0
1433,3427.968,"Mount",-0.900,0.028,-0.824,0.362,-0.566,0.000,111,E,0,,,,797914,453.82,0
1434,3430.208,"Mount",0.387,-0.009,0.353,-0.158,0.183,0.000,36,W,0,,,,855143,505.50,0
1435,3432.663,"Mount",0.728,-0.125,0.711,-0.200,0.461,0.000,90,W,0,,,,823872,489.06,0
1436,3434.944,"Mount",0.552,-0.002,0.499,-0.236,0.347,0.000,68,W,0,,,,811329,459.96,0
1437,3437.323,"Mount",-0.066,0.000,-0.060,0.028,0.000,0.000,0,,0,,,,859928,498.33,0
1438,3439.656,"Mount",-1.024,0.286,-1.047,0.182,-0.660,0.000,129,E,0,,,,737157,441.10,0
1439,3443.303,"Mount",-1.057,0.044,-0.973,0.415,-0.659,0.415,129,E,1106,S,,,784624,465.99,0
1440,3445.567,"Mount",0.340,-0.196,0.391,0.030,0.200,0.000,39,W,0,,,,856989,484.58,0
1441,3448.152,"Mount",1.618,-0.310,1.594,-0.416,1.018,0.000,199,W,0,,,,790992,469.16,0
1442,3450.431,"Mount",0.614,0.192,0.472,-0.438,0.369,0.000,72,W,0,,,,806770,439.69,0
1443,3452.777,"Mount",0.194,0.369,0.017,-0.416,0.000,0.000,0,,0,,,,775371,454.41,0
1444,3456.096,"Mount",-0.104,0.458,-0.291,-0.368,-0.183,-0.368,36,E,1002,N,,,800311,497.90,0
1445,3458.536,"Mount",-0.197,0.470,-0.380,-0.340,-0.252,0.000,49,E,0,,,,787098,441.25,0
1446,3460.791,"Mount",-0.237,0.464,-0.414,-0.317,-0.279,0.000,55,E,0,,,,825929,502.05,0
1447,3463.255,"Mount",0.777,0.002,0.700,-0.336,0.422,0.000,83,W,0,,,,793987,469.17,0
1448,3465.511,"Mount",0.290,0.056,0.237,-0.175,0.179,0.000,35,W,0,,,,792659,437.36,0
1449,3467.959,"Mount",0.517,-0.031,0.480,-0.195,0.315,0.000,62,W,0,,,,813351,486.95,0
1450,3470.138,"Mount",0.173,0.194,0.073,-0.249,0.000,0.000,0,,0,,,,797798,471.96,0
1451,3472.648,"Mount",0.419,0.197,0.294,-0.358,0.185,-0.358,36,W,73,N,,,776085,477.77,0
1452,3474.850,"Mount",0.060,0.134,-0.003,-0.147,0.000,0.000,0,,0,,,,825500,455.17,0
1453,3477.221,"Mount",-0.048,0.182,-0.122,-0.143,0.000,0.000,0,,0,,,,814055,477.73,0
1454,3479.428,"Mount",0.171,0.243,0.050,-0.293,0.000,0.000,0,,0,,,,772522,454.59,0
1455,3481.886,"Mount",-0.106,0.096,-0.137,-0.041,0.000,0.000,0,,0,,,,798883,461.69,0
1456,3484.143,"Mount",-0.244,0.385,-0.386,-0.243,-0.243,0.000,48,E,0,,,,808189,501.13,0
1457,3486.522,"Mount",0.061,0.201,-0.031,-0.208,0.000,0.000,0,,0,,,,817369,447.38,0
INFO: SET LOCK POSITION, new lock pos = 40.525, 775.808
INFO: DITHER by 2.105, 0.135, new lock pos = 42.367, 774.780
INFO: SETTLING STATE CHANGE, Settling started
1458,3489.875,"Mount",-1.842,1.028,-2.105,-0.135,-2.105,-0.135,412,E,28,N,,,829113,499.94,0
1459,3492.846,"Mount",-0.330,0.289,-0.422,-0.119,-0.266,0.000,52,E,0,,,,829119,487.97,0
1460,3495.135,"Mount",0.496,0.122,0.396,-0.323,0.231,0.000,45,W,0,,,,819021,487.24,0
1461,3497.510,"Mount",0.269,0.109,0.196,-0.215,0.000,0.000,0,,0,,,,799092,482.13,0
1462,3499.759,"Mount",0.369,0.212,0.242,-0.350,0.152,0.000,30,W,0,,,,791718,446.01,0
1463,3502.106,"Mount",0.191,0.221,0.077,-0.281,0.000,0.000,0,,0,,,,783561,447.42,0
INFO: SETTLING STATE CHANGE, Settling complete
1464,3504.382,"Mount",0.092,0.248,-0.024,-0.263,0.000,0.000,0,,0,,,,773917,467.20,0
1465,3506.892,"Mount",-0.665,0.592,-0.855,-0.248,-0.539,0.000,106,E,0,,,,818714,454.98,0
1466,3509.320,"Mount",-1.239,0.288,-1.243,0.273,-0.820,0.000,161,E,0,,,,803029,474.66,0
1467,3511.919,"Mount",-1.077,0.587,-1.225,-0.067,-0.829,0.000,162,E,0,,,,825695,516.84,0
1468,3514.464,"Mount",-0.663,0.055,-0.622,0.236,-0.450,0.000,88,E,0,,,,871404,469.39,0
1469,3516.903,"Mount",0.159,0.421,-0.038,-0.448,0.000,0.000,0,,0,,,,845073,514.98,0
1470,3519.361,"Mount",-2.112,0.293,-2.032,0.645,-1.280,0.000,251,E,0,,,,743187,363.52,0
1471,3521.784,"Mount",-0.133,-0.527,0.107,0.533,0.000,0.000,0,,0,,,,779366,398.58,0
1472,3524.129,"Mount",-0.802,-0.411,-0.547,0.716,-0.345,0.000,68,E,0,,,,767224,437.06,0
1473,3526.559,"Mount",0.191,-0.150,0.236,0.053,0.125,0.000,24,W,0,,,,810475,455.98,0
1474,3529.000,"Mount",1.471,-0.475,1.533,-0.204,0.974,0.000,191,W,0,,,,834779,486.88,0
1475,3531.568,"Mount",0.830,-0.050,0.771,-0.312,0.554,0.000,109,W,0,,,,829776,445.74,0
1476,3533.754,"Mount",0.113,-0.145,0.164,0.083,0.000,0.000,0,,0,,,,805530,458.91,0
1477,3536.241,"Mount",-0.353,0.117,-0.369,0.047,-0.232,0.000,46,E,0,,,,802908,459.97,0
1478,3538.435,"Mount",0.011,0.054,-0.013,-0.053,0.000,0.000,0,,0,,,,789968,467.15,0
1479,3540.842,"Mount",-0.109,0.102,-0.142,-0.045,0.000,0.000,0,,0,,,,805137,467.54,0
1480,3543.039,"Mount",-0.225,-0.056,-0.179,0.147,0.000,0.000,0,,0,,,,822298,466.90,0
1481,3545.433,"Mount",-0.260,-0.248,-0.128,0.336,0.000,0.000,0,,0,,,,794022,463.97,0
1482,3547.727,"Mount",0.660,-0.008,0.600,-0.277,0.378,0.000,74,W,0,,,,809608,508.82,0
1483,3550.159,"Mount",0.143,-0.350,0.280,0.254,0.203,0.000,40,W,0,,,,780748,456.16,0
1484,3552.457,"Mount",0.427,-0.175,0.460,-0.026,0.304,0.000,60,W,0,,,,805026,473.48,0
1485,3554.943,"Mount",0.281,-0.287,0.377,0.138,0.259,0.000,51,W,0,,,,848610,484.22,0
1486,3557.246,"Mount",-0.283,0.041,-0.274,0.085,-0.154,0.000,30,E,0,,,,852762,458.61,0
1487,3559.696,"Mount",0.477,-0.134,0.489,-0.084,0.297,0.000,58,W,0,,,,823357,442.16,0
1488,3561.901,"Mount",0.211,0.076,0.158,-0.159,0.000,0.000,0,,0,,,,837077,464.98,0
1489,3564.256,"Mount",-0.127,-0.365,0.042,0.384,0.000,0.000,0,,0,,,,845774,466.74,0
1490,3566.720,"Mount",0.475,-0.251,0.537,0.022,0.338,0.000,66,W,0,,,,841709,463.17,0
1491,3569.247,"Mount",0.427,-0.055,0.409,-0.134,0.281,0.000,55,W,0,,,,832923,477.00,0
1492,3571.569,"Mount",-0.114,-0.123,-0.050,0.159,0.000,0.000,0,,0,,,,781663,444.91,0
1493,3574.080,"Mount",0.763,-0.277,0.808,-0.079,0.509,0.000,100,W,0,,,,783337,472.65,0
1494,3576.550,"Mount",0.348,-0.207,0.403,0.037,0.289,0.000,57,W,0,,,,836617,474.87,0
1495,3578.951,"Mount",-0.152,-0.009,-0.133,0.073,0.000,0.000,0,,0,,,,810731,500.10,0
1496,3581.225,"Mount",-0.231,0.006,-0.211,0.094,0.000,0.000,0,,0,,,,839363,493.37,0
1497,3583.663,"Mount",-0.273,0.153,-0.312,-0.020,-0.197,0.000,39,E,0,,,,820396,462.95,0
1498,3585.929,"Mount",0.437,-0.189,0.476,-0.018,0.286,0.000,56,W,0,,,,814805,425.83,0
1499,3588.308,"Mount",0.156,0.054,0.118,-0.116,0.000,0.000,0,,0,,,,816790,474.68,0
1500,3590.504,"Mount",0.104,0.023,0.084,-0.066,0.000,0.000,0,,0,,,,799442,454.99,0
1501,3592.916,"Mount",-0.124,-0.226,-0.015,0.257,0.000,0.000,0,,0,,,,822315,444.46,0
1502,3595.255,"Mount",0.288,-0.248,0.367,0.100,0.231,0.000,45,W,0,,,,814810,446.94,0
1503,3597.629,"Mount",-0.120,0.181,-0.186,-0.112,0.000,0.000,0,,0,,,,760380,435.99,0
1504,3599.795,"Mount",0.002,0.110,-0.045,-0.100,0.000,0.000,0,,0,,,,841596,495.55,0
1505,3602.207,"Mount",-0.360,-0.040,-0.308,0.191,-0.194,0.000,38,E,0,,,,833817,486.89,0
1506,3604.388,"Mount",-0.033,-0.140,0.030,0.141,0.000,0.000,0,,0,,,,820770,419.69,0
1507,3606.863,"Mount",-0.344,0.042,-0.328,0.110,-0.207,0.000,41,E,0,,,,853562,447.29,0
1508,3609.041,"Mount",-0.187,0.095,-0.209,-0.006,0.000,0.000,0,,0,,,,804308,447.99,0
1509,3611.561,"Mount",-0.663,0.127,-0.653,0.171,-0.411,0.000,81,E,0,,,,823713,454.64,0
1510,3613.919,"Mount",-1.237,-0.033,-1.103,0.562,-0.723,0.000,142,E,0,,,,826462,483.95,0
1511,3616.335,"Mount",0.171,-0.271,0.271,0.171,0.120,0.000,24,W,0,,,,801927,456.99,0
1512,3618.856,"Mount",0.713,-0.349,0.794,0.009,0.508,0.000,100,W,0,,,,792513,454.55,0
1513,3621.321,"Mount",0.183,-0.196,0.250,0.098,0.193,0.000,38,W,0,,,,819667,432.86,0
1514,3623.517,"Mount",0.064,-0.176,0.134,0.131,0.000,0.000,0,,0,,,,822563,481.03,0
1515,3626.049,"Mount",-1.162,0.139,-1.109,0.375,-0.699,0.000,137,E,0,,,,744665,449.74,0
1516,3628.431,"Mount",-0.974,0.513,-1.099,-0.044,-0.742,0.000,145,E,0,,,,758408,432.11,0
1517,3630.871,"Mount",0.335,-0.418,0.482,0.233,0.252,0.000,49,W,0,,,,829151,442.75,0
1518,3633.058,"Mount",0.170,-0.083,0.189,0.002,0.000,0.000,0,,0,,,,780007,423.51,0
1519,3635.439,"Mount",-0.014,-0.123,0.040,0.117,0.000,0.000,0,,0,,,,823876,477.80,0
1520,3637.623,"Mount",0.054,-0.213,0.141,0.169,0.000,0.000,0,,0,,,,816199,486.35,0
1521,3639.952,"Mount",-0.222,-0.087,-0.163,0.174,0.000,0.000,0,,0,,,,820573,479.54,0
1522,3642.248,"Mount",-0.304,0.174,-0.349,-0.026,-0.220,0.000,43,E,0,,,,847275,500.15,0
1523,3644.712,"Mount",-0.458,0.030,-0.426,0.170,-0.284,0.000,56,E,0,,,,803690,453.26,0
1524,3646.948,"Mount",-0.134,0.032,-0.135,0.029,0.000,0.000,0,,0,,,,848473,464.11,0
1525,3649.504,"Mount",-0.389,0.191,-0.434,-0.005,-0.273,0.000,54,E,0,,,,811941,434.17,0
1526,3651.863,"Mount",-0.500,0.096,-0.493,0.129,-0.330,0.000,65,E,0,,,,791909,439.84,0
1527,3654.232,"Mount",0.105,-0.075,0.127,0.023,0.000,0.000,0,,0,,,,817262,459.18,0
1528,3656.567,"Mount",-0.809,0.080,-0.764,0.276,-0.481,0.000,94,E,0,,,,807181,473.75,0
1529,3659.055,"Mount",0.439,-0.220,0.491,0.010,0.276,0.000,54,W,0,,,,808884,514.94,0
1530,3661.303,"Mount",-0.150,-0.045,-0.116,0.105,0.000,0.000,0,,0,,,,806964,460.68,0
1531,3663.712,"Mount",0.014,-0.044,0.032,0.034,0.000,0.000,0,,0,,,,779189,436.72,0
1532,3666.023,"Mount",-0.828,0.045,-0.766,0.315,-0.483,0.000,95,E,0,,,,800561,471.53,0
1533,3668.522,"Mount",-0.675,0.182,-0.687,0.126,-0.467,0.000,91,E,0,,,,826910,469.76,0
1534,3670.706,"Mount",0.013,0.157,-0.056,-0.148,0.000,0.000,0,,0,,,,839542,479.64,0
1535,3673.061,"Mount",0.052,-0.117,0.097,0.083,0.000,0.000,0,,0,,,,820504,445.91,0
1536,3675.256,"Mount",0.047,-0.106,0.088,0.075,0.000,0.000,0,,0,,,,791289,464.75,0
1537,3677.610,"Mount",-0.103,-0.120,-0.041,0.153,0.000,0.000,0,,0,,,,817337,455.07,0
1538,3679.811,"Mount",-0.131,-0.183,-0.039,0.222,0.000,0.000,0,,0,,,,824432,478.94,0
1539,3682.170,"Mount",0.095,0.032,0.072,-0.070,0.000,0.000,0,,0,,,,845835,462.81,0
1540,3684.496,"Mount",-0.950,0.072,-0.888,0.344,-0.560,0.000,110,E,0,,,,825557,459.26,0
1541,3687.247,"Mount",-2.369,0.419,-2.318,0.641,-1.500,0.000,294,E,0,,,,772697,436.03,0
1542,3689.663,"Mount",-1.381,-0.085,-1.210,0.671,-0.867,0.000,170,E,0,,,,703095,308.37,0
1543,3692.269,"Mount",1.139,-0.828,1.384,0.257,0.811,0.000,159,W,0,,,,819350,444.93,0
1544,3694.691,"Mount",1.011,-0.798,1.255,0.285,0.848,0.000,166,W,0,,,,827411,480.07,0
1545,3697.247,"Mount",0.850,-0.496,0.981,0.082,0.677,0.000,133,W,0,,,,796243,475.80,0
1546,3700.480,"Mount",-0.069,-0.425,0.120,0.413,0.000,0.413,0,,1011,S,,,826358,481.43,0
1547,3703.041,"Mount",0.764,-0.477,0.895,0.102,0.564,0.000,110,W,0,,,,840646,471.39,0
1548,3705.359,"Mount",0.531,-0.424,0.662,0.155,0.456,0.000,89,W,0,,,,817773,443.28,0
1549,3707.740,"Mount",-0.021,-0.127,0.036,0.124,0.000,0.000,0,,0,,,,784835,443.86,0
1550,3710.143,"Mount",-0.423,-0.287,-0.259,0.441,-0.163,0.441,32,E,90,S,,,818808,418.24,0
1551,3712.550,"Mount",0.126,-0.001,0.114,-0.053,0.000,0.000,0,,0,,,,837325,477.75,0
1552,3714.897,"Mount",0.184,0.213,0.074,-0.271,0.000,0.000,0,,0,,,,827117,456.98,0
1553,3717.335,"Mount",0.353,0.008,0.315,-0.159,0.198,0.000,39,W,0,,,,818909,435.53,0
1554,3719.535,"Mount",0.124,0.091,0.073,-0.135,0.000,0.000,0,,0,,,,820227,475.30,0
1555,3722.056,"Mount",0.209,-0.344,0.337,0.221,0.212,0.000,42,W,0,,,,829552,473.35,0
1556,3724.383,"Mount",0.757,-0.451,0.877,0.081,0.568,0.000,111,W,0,,,,808993,487.99,0
1557,3726.770,"Mount",-0.175,0.077,-0.191,0.006,0.000,0.000,0,,0,,,,807873,518.40,0
1558,3729.160,"Mount",-0.333,0.204,-0.389,-0.041,-0.245,0.000,48,E,0,,,,825571,492.38,0
1559,3731.610,"Mount",-0.275,0.012,-0.254,0.107,-0.177,0.000,35,E,0,,,,766825,438.31,0
1560,3733.983,"Mount",-1.318,0.358,-1.344,0.244,-0.859,0.000,168,E,0,,,,811857,476.54,0
1561,3736.348,"Mount",0.095,-0.263,0.199,0.197,0.000,0.000,0,,0,,,,825752,470.47,0
1562,3738.643,"Mount",0.282,-0.194,0.338,0.054,0.213,0.000,42,W,0,,,,827782,494.12,0
1563,3741.029,"Mount",0.022,0.061,-0.006,-0.065,0.000,0.000,0,,0,,,,797320,460.65,0
1564,3743.251,"Mount",0.142,-0.196,0.212,0.116,0.000,0.000,0,,0,,,,792696,466.77,0
1565,3745.727,"Mount",-0.011,-0.417,0.169,0.381,0.000,0.381,0,,78,S,,,795776,437.31,0
1566,3748.016,"Mount",0.670,-0.114,0.653,-0.185,0.412,0.000,81,W,0,,,,799875,484.45,0
1567,3750.431,"Mount",-0.274,0.222,-0.343,-0.082,-0.187,0.000,37,E,0,,,,837481,461.27,0
1568,3752.619,"Mount",-0.075,0.340,-0.213,-0.274,0.000,0.000,0,,0,,,,790183,460.68,0
1569,3755.005,"Mount",0.232,0.239,0.107,-0.316,0.000,0.000,0,,0,,,,752454,434.41,0
1570,3757.198,"Mount",-0.044,0.322,-0.179,-0.271,0.000,0.000,0,,0,,,,828733,433.79,0
1571,3759.720,"Mount",-0.555,0.143,-0.562,0.110,-0.354,0.000,69,E,0,,,,824726,471.04,0
1572,3761.924,"Mount",0.081,0.137,0.015,-0.158,0.000,0.000,0,,0,,,,845630,486.19,0
1573,3764.567,"Mount",0.823,-0.090,0.782,-0.273,0.493,0.000,97,W,0,,,,795283,477.97,0
1574,3766.846,"Mount",-0.152,0.370,-0.297,-0.269,-0.152,0.000,30,E,0,,,,815719,447.52,0
1575,3769.247,"Mount",-0.123,0.058,-0.136,0.001,0.000,0.000,0,,0,,,,788553,387.58,0
1576,3771.474,"Mount",-0.235,-0.015,-0.205,0.115,0.000,0.000,0,,0,,,,799550,405.76,0
1577,3773.843,"Mount",0.143,0.099,0.086,-0.151,0.000,0.000,0,,0,,,,858409,463.86,0
1578,3776.239,"Mount",-1.232,0.602,-1.371,-0.013,-0.864,0.000,169,E,0,,,,823629,450.42,0
1579,3778.680,"Mount",0.422,-0.031,0.394,-0.154,0.188,0.000,37,W,0,,,,839266,452.81,0
1580,3781.073,"Mount",0.751,0.019,0.670,-0.340,0.435,0.000,85,W,0,,,,824064,467.10,0
1581,3783.528,"Mount",-0.385,0.310,-0.481,-0.113,-0.273,0.000,53,E,0,,,,807896,456.02,0
1582,3785.807,"Mount",-0.303,0.334,-0.417,-0.171,-0.282,0.000,55,E,0,,,,817975,461.04,0
1583,3788.212,"Mount",0.043,0.200,-0.048,-0.199,0.000,0.000,0,,0,,,,800461,453.99,0
1584,3790.544,"Mount",1.053,-0.165,1.021,-0.304,0.643,0.000,126,W,0,,,,788594,500.04,0
1585,3793.086,"Mount",-0.048,0.225,-0.140,-0.183,0.000,0.000,0,,0,,,,804044,455.30,0
1586,3795.537,"Mount",-0.358,0.412,-0.500,-0.218,-0.315,0.000,62,E,0,,,,784670,418.91,0
1587,3797.896,"Mount",-0.009,0.166,-0.079,-0.146,0.000,0.000,0,,0,,,,780135,393.84,0
1588,3800.069,"Mount",0.026,-0.123,0.076,0.100,0.000,0.000,0,,0,,,,828758,479.84,0
1589,3802.399,"Mount",-0.071,-0.014,-0.059,0.043,0.000,0.000,0,,0,,,,828123,490.43,0
1590,3804.576,"Mount",-0.089,0.113,-0.129,-0.064,0.000,0.000,0,,0,,,,837990,455.75,0
1591,3806.950,"Mount",0.150,0.162,0.065,-0.211,0.000,0.000,0,,0,,,,804322,446.19,0
1592,3809.271,"Mount",-0.350,0.404,-0.490,-0.214,-0.309,0.000,60,E,0,,,,807257,481.26,0
1593,3811.669,"Mount",0.045,0.102,-0.003,-0.111,0.000,0.000,0,,0,,,,799224,462.99,0
1594,3813.904,"Mount",-0.142,0.326,-0.268,-0.234,-0.169,0.000,33,E,0,,,,835699,476.54,0
1595,3816.264,"Mount",0.064,0.133,0.001,-0.147,0.000,0.000,0,,0,,,,783297,460.49,0
1596,3818.527,"Mount",-0.355,0.157,-0.388,0.011,-0.244,0.000,48,E,0,,,,797734,482.64,0
1597,3820.927,"Mount",0.217,0.069,0.166,-0.156,0.000,0.000,0,,0,,,,787823,468.07,0
1598,3823.118,"Mount",0.263,0.141,0.176,-0.240,0.000,0.000,0,,0,,,,778954,506.38,0
1599,3825.481,"Mount",-0.018,-0.001,-0.016,0.009,0.000,0.000,0,,0,,,,793030,456.51,0
1600,3827.727,"Mount",-0.203,0.215,-0.275,-0.107,-0.173,0.000,34,E,0,,,,775360,439.10,0
1601,3830.074,"Mount",0.208,0.276,0.069,-0.338,0.000,0.000,0,,0,,,,843340,483.06,0
1602,3832.391,"Mount",-0.795,0.258,-0.829,0.109,-0.522,0.000,102,E,0,,,,815368,473.57,0
1603,3834.945,"Mount",-0.769,0.148,-0.757,0.197,-0.514,0.000,101,E,0,,,,847788,492.43,0
1604,3837.153,"Mount",-0.167,-0.042,-0.133,0.110,0.000,0.000,0,,0,,,,843723,469.56,0
1605,3839.493,"Mount",-0.227,-0.131,-0.148,0.216,0.000,0.000,0,,0,,,,841716,455.60,0
1606,3841.830,"Mount",-0.216,-0.018,-0.187,0.109,0.000,0.000,0,,0,,,,807964,492.47,0
1607,3844.303,"Mount",0.751,-0.144,0.739,-0.193,0.466,0.000,91,W,0,,,,813235,485.14,0
1608,3846.568,"Mount",0.208,-0.272,0.304,0.156,0.224,0.000,44,W,0,,,,839213,439.99,0
1609,3848.948,"Mount",-0.145,-0.298,-0.003,0.331,0.000,0.000,0,,0,,,,839582,494.19,0
1610,3851.393,"Mount",0.582,-0.202,0.612,-0.068,0.386,0.000,76,W,0,,,,792138,424.18,0
1611,3854.063,"Mount",-0.737,-0.584,-0.414,0.844,-0.234,0.844,46,E,172,S,,,806443,414.03,0
1612,3856.261,"Mount",-0.083,-0.076,-0.042,0.104,0.000,0.000,0,,0,,,,789037,490.40,0
1613,3858.626,"Mount",0.136,-0.164,0.194,0.090,0.000,0.000,0,,0,,,,812678,481.45,0
1614,3860.827,"Mount",-0.052,0.041,-0.064,-0.015,0.000,0.000,0,,0,,,,823168,480.18,0
1615,3863.366,"Mount",0.909,-0.125,0.874,-0.279,0.551,0.000,108,W,0,,,,848810,526.43,0
1616,3865.544,"Mount",0.037,-0.001,0.034,-0.015,0.000,0.000,0,,0,,,,841186,472.85,0
1617,3867.914,"Mount",0.181,0.155,0.097,-0.218,0.000,0.000,0,,0,,,,809029,471.62,0
1618,3870.160,"Mount",0.443,0.005,0.398,-0.195,0.251,0.000,49,W,0,,,,817325,458.85,0
1619,3872.684,"Mount",1.011,-0.100,0.956,-0.345,0.620,0.000,121,W,0,,,,785796,466.21,0
1620,3875.024,"Mount",0.419,0.118,0.328,-0.287,0.250,0.000,49,W,0,,,,808304,515.33,0
1621,3877.448,"Mount",0.032,0.286,-0.094,-0.272,0.000,0.000,0,,0,,,,820121,488.31,0
1622,3879.639,"Mount",-0.080,0.291,-0.197,-0.228,0.000,0.000,0,,0,,,,811310,493.95,0
1623,3881.970,"Mount",0.004,0.266,-0.111,-0.241,0.000,0.000,0,,0,,,,801698,514.50,0
1624,3884.256,"Mount",0.408,0.107,0.322,-0.272,0.203,0.000,40,W,0,,,,801503,461.18,0
1625,3886.599,"Mount",0.077,0.464,-0.130,-0.452,0.000,0.000,0,,0,,,,775696,446.89,0
1626,3888.930,"Mount",0.500,0.191,0.369,-0.387,0.232,0.000,46,W,0,,,,827198,490.94,0
1627,3891.305,"Mount",-0.056,0.121,-0.102,-0.085,0.000,0.000,0,,0,,,,798604,483.55,0
1628,3893.518,"Mount",0.316,0.160,0.217,-0.280,0.000,0.000,0,,0,,,,781314,501.76,0
1629,3895.864,"Mount",0.244,0.226,0.123,-0.310,0.000,0.000,0,,0,,,,796013,421.07,0
1630,3899.117,"Mount",0.103,0.418,-0.087,-0.421,0.000,-0.421,0,,1013,N,,,785952,450.77,0
1631,3901.723,"Mount",0.160,0.409,-0.032,-0.438,0.000,-0.438,0,,89,N,,,787982,457.45,0
1632,3903.984,"Mount",-0.268,0.479,-0.449,-0.317,-0.283,0.000,55,E,0,,,,806686,480.70,0
1633,3906.713,"Mount",-2.464,0.985,-2.648,0.172,-1.688,0.000,331,E,0,,,,838029,496.99,0
1634,3909.111,"Mount",-1.072,0.137,-1.027,0.338,-0.765,0.000,150,E,0,,,,826424,458.28,0
1635,3911.515,"Mount",-0.152,0.088,-0.175,-0.014,0.000,0.000,0,,0,,,,830168,469.84,0
1636,3913.992,"Mount",1.539,-0.505,1.607,-0.207,1.012,0.000,198,W,0,,,,817439,449.99,0
1637,3916.528,"Mount",1.108,-0.261,1.113,-0.241,0.772,0.000,151,W,0,,,,825554,449.95,0
1638,3918.866,"Mount",0.584,-0.186,0.607,-0.083,0.437,0.000,86,W,0,,,,828991,477.85,0
1639,3921.376,"Mount",-0.060,0.159,-0.123,-0.118,0.000,0.000,0,,0,,,,821112,464.90,0
1640,3923.616,"Mount",-0.220,0.142,-0.259,-0.033,-0.163,0.000,32,E,0,,,,847130,484.18,0
1641,3925.971,"Mount",-0.191,0.104,-0.217,-0.012,0.000,0.000,0,,0,,,,815543,442.81,0
1642,3928.264,"Mount",-0.309,0.247,-0.385,-0.090,-0.243,0.000,48,E,0,,,,789282,475.36,0
1643,3930.730,"Mount",-0.454,-0.283,-0.288,0.451,-0.199,0.000,39,E,0,,,,812205,392.87,0
1644,3932.951,"Mount",0.187,0.202,0.081,-0.263,0.000,0.000,0,,0,,,,815845,460.30,0
1645,3935.365,"Mount",-0.163,0.063,-0.174,0.013,0.000,0.000,0,,0,,,,839382,493.56,0
1646,3937.575,"Mount",-0.147,0.130,-0.188,-0.055,0.000,0.000,0,,0,,,,819809,482.41,0
1647,3940.080,"Mount",-0.998,-0.099,-0.858,0.519,-0.541,0.000,106,E,0,,,,792460,419.13,0
1648,3942.472,"Mount",-0.912,0.061,-0.850,0.337,-0.573,0.000,112,E,0,,,,819697,464.28,0
1649,3944.944,"Mount",0.165,-0.188,0.230,0.099,0.105,0.000,20,W,0,,,,813997,450.68,0
1650,3947.152,"Mount",0.033,-0.154,0.096,0.125,0.000,0.000,0,,0,,,,827156,472.99,0
1651,3949.515,"Mount",-0.038,-0.116,0.015,0.121,0.000,0.000,0,,0,,,,817529,475.70,0
1652,3951.788,"Mount",-0.065,-0.106,-0.013,0.124,0.000,0.000,0,,0,,,,843192,501.26,0
1653,3954.139,"Mount",-0.062,0.022,-0.066,0.007,0.000,0.000,0,,0,,,,801636,488.29,0
1654,3956.528,"Mount",0.604,-0.072,0.576,-0.195,0.363,0.000,71,W,0,,,,791007,488.27,0
1655,3959.089,"Mount",0.696,-0.082,0.663,-0.225,0.443,0.000,87,W,0,,,,799293,488.59,0
1656,3961.372,"Mount",-0.024,0.200,-0.108,-0.170,0.000,0.000,0,,0,,,,796565,461.29,0
1657,3963.848,"Mount",-0.196,0.256,-0.287,-0.147,-0.181,0.000,35,E,0,,,,815387,506.08,0
1658,3966.195,"Mount",-0.625,0.349,-0.714,-0.046,-0.462,0.000,91,E,0,,,,796189,461.11,0
1659,3968.674,"Mount",-0.446,0.176,-0.479,0.033,-0.334,0.000,65,E,0,,,,824408,423.23,0
1660,3970.908,"Mount",0.055,-0.196,0.135,0.154,0.000,0.000,0,,0,,,,826426,459.85,0
1661,3973.387,"Mount",-0.033,-0.115,0.020,0.118,0.000,0.000,0,,0,,,,796635,446.46,0
1662,3975.664,"Mount",0.238,-0.290,0.340,0.159,0.214,0.000,42,W,0,,,,844847,488.03,0
1663,3978.104,"Mount",0.242,-0.457,0.415,0.308,0.277,0.000,54,W,0,,,,811378,443.40,0
1664,3980.335,"Mount",-0.174,-0.289,-0.033,0.336,0.000,0.000,0,,0,,,,828586,494.56,0
1665,3982.960,"Mount",-1.862,0.361,-1.836,0.476,-1.157,0.000,227,E,0,,,,802089,428.06,0
1666,3985.297,"Mount",-0.818,-0.057,-0.714,0.403,-0.531,0.000,104,E,0,,,,758286,463.88,0
1667,3988.759,"Mount",-0.026,-0.406,0.151,0.377,0.000,0.377,0,,1004,S,,,792753,487.49,0
1668,3991.003,"Mount",0.104,-0.181,0.172,0.119,0.000,0.000,0,,0,,,,828221,460.55,0
1669,3993.346,"Mount",0.098,-0.058,0.113,0.010,0.000,0.000,0,,0,,,,829327,450.03,0
1670,3995.743,"Mount",1.058,-0.581,1.205,0.069,0.759,0.000,149,W,0,,,,818257,457.42,0
1671,3998.320,"Mount",0.951,-0.496,1.072,0.038,0.728,0.000,143,W,0,,,,811499,471.60,0
1672,4000.750,"Mount",0.191,-0.300,0.301,0.189,0.241,0.000,47,W,0,,,,828849,433.96,0
1673,4003.239,"Mount",-0.215,-0.367,-0.036,0.424,0.000,0.424,0,,87,S,,,792254,465.70,0
1674,4005.544,"Mount",0.519,-0.243,0.573,-0.004,0.361,0.000,71,W,0,,,,828299,471.21,0
1675,4008.040,"Mount",0.851,-0.332,0.911,-0.067,0.599,0.000,117,W,0,,,,826501,541.38,0
1676,4010.228,"Mount",0.112,-0.040,0.118,-0.012,0.000,0.000,0,,0,,,,791012,425.49,0
1677,4012.564,"Mount",-0.003,-0.100,0.040,0.091,0.000,0.000,0,,0,,,,790783,460.78,0
1678,4014.866,"Mount",0.092,-0.222,0.178,0.161,0.000,0.000,0,,0,,,,830506,484.95,0
1679,4017.344,"Mount",0.551,-0.263,0.610,0.000,0.385,0.000,75,W,0,,,,809133,484.75,0
1680,4019.608,"Mount",-0.418,0.003,-0.378,0.177,-0.211,0.000,41,E,0,,,,826636,481.87,0
1681,4022.008,"Mount",0.246,-0.154,0.288,0.033,0.167,0.000,33,W,0,,,,821460,484.73,0
1682,4024.187,"Mount",-0.040,-0.113,0.013,0.119,0.000,0.000,0,,0,,,,801651,409.99,0
1683,4026.536,"Mount",0.100,-0.263,0.204,0.195,0.000,0.000,0,,0,,,,841433,445.20,0
1684,4028.718,"Mount",0.142,-0.101,0.172,0.030,0.000,0.000,0,,0,,,,845764,517.56,0
1685,4031.079,"Mount",-0.065,-0.234,0.042,0.240,0.000,0.000,0,,0,,,,775218,432.49,0
1686,4033.368,"Mount",-0.257,-0.274,-0.114,0.358,0.000,0.358,0,,73,S,,,763566,405.19,0
1687,4035.872,"Mount",0.954,-0.225,0.958,-0.208,0.604,0.000,118,W,0,,,,816625,483.51,0
1688,4038.152,"Mount",0.445,-0.400,0.574,0.170,0.404,0.000,79,W,0,,,,825730,483.11,0
1689,4040.494,"Mount",-0.067,0.107,-0.107,-0.068,0.000,0.000,0,,0,,,,808400,466.95,0
1690,4042.792,"Mount",0.843,-0.037,0.777,-0.330,0.490,0.000,96,W,0,,,,797033,502.29,0
1691,4045.200,"Mount",-0.028,0.492,-0.237,-0.432,-0.115,0.000,23,E,0,,,,825761,463.77,0
1692,4047.394,"Mount",0.136,0.112,0.075,-0.160,0.000,0.000,0,,0,,,,815408,496.94,0
1693,4049.748,"Mount",-0.056,0.248,-0.157,-0.200,0.000,0.000,0,,0,,,,791468,487.72,0
1694,4052.000,"Mount",-0.172,0.416,-0.334,-0.301,-0.211,0.000,41,E,0,,,,810420,457.18,0
1695,4054.424,"Mount",-0.170,0.206,-0.242,-0.112,-0.167,0.000,33,E,0,,,,784800,479.41,0
1696,4056.604,"Mount",-0.153,0.125,-0.192,-0.047,0.000,0.000,0,,0,,,,863435,475.49,0
1697,4059.080,"Mount",-0.568,0.462,-0.711,-0.173,-0.448,0.000,88,E,0,,,,848074,490.34,0
1698,4061.408,"Mount",0.291,-0.099,0.305,-0.036,0.161,0.000,31,W,0,,,,813326,519.00,0
1699,4063.763,"Mount",0.039,0.084,-0.001,-0.092,0.000,0.000,0,,0,,,,805607,439.11,0
1700,4066.103,"Mount",0.848,0.002,0.765,-0.367,0.482,0.000,94,W,0,,,,808615,459.44,0
1701,4068.466,"Mount",0.085,0.416,-0.102,-0.412,0.000,0.000,0,,0,,,,813419,493.05,0
1702,4070.729,"Mount",-0.422,0.187,-0.461,0.013,-0.291,0.000,57,E,0,,,,824731,440.21,0
1703,4073.070,"Mount",0.136,-0.144,0.185,0.071,0.000,0.000,0,,0,,,,802450,448.25,0
1704,4075.400,"Mount",0.870,-0.188,0.866,-0.205,0.545,0.000,107,W,0,,,,798755,452.00,0
1705,4077.746,"Mount",0.039,0.137,-0.023,-0.141,0.000,0.000,0,,0,,,,794331,474.13,0
1706,4079.928,"Mount",-0.236,0.014,-0.219,0.089,0.000,0.000,0,,0,,,,796535,463.25,0
1707,4082.368,"Mount",-0.298,0.486,-0.478,-0.310,-0.301,0.000,59,E,0,,,,815622,425.10,0
1708,4084.656,"Mount",-0.584,0.022,-0.537,0.231,-0.359,0.000,70,E,0,,,,814380,428.12,0
1709,4087.098,"Mount",-0.399,0.049,-0.381,0.128,-0.265,0.000,52,E,0,,,,839159,447.00,0
1710,4089.279,"Mount",0.091,0.061,0.056,-0.094,0.000,0.000,0,,0,,,,801426,462.13,0
1711,4091.744,"Mount",-0.186,0.216,-0.261,-0.115,-0.164,0.000,32,E,0,,,,839378,467.57,0
1712,4093.906,"Mount",-0.105,-0.065,-0.067,0.104,0.000,0.000,0,,0,,,,781299,475.75,0
1713,4096.251,"Mount",-0.097,0.027,-0.099,0.017,0.000,0.000,0,,0,,,,851111,479.92,0
1714,4098.434,"Mount",0.032,0.163,-0.042,-0.161,0.000,0.000,0,,0,,,,789791,415.19,0
1715,4100.804,"Mount",0.109,-0.019,0.106,-0.029,0.000,0.000,0,,0,,,,809037,475.02,0
1716,4102.993,"Mount",0.018,0.028,0.004,-0.033,0.000,0.000,0,,0,,,,807835,453.82,0
1717,4105.744,"Mount",-1.874,0.365,-1.848,0.477,-1.165,0.477,228,E,97,S,,,838024,471.28,0
1718,4107.981,"Mount",0.104,-0.073,0.125,0.021,0.000,0.000,0,,0,,,,805342,508.87,0
1719,4110.456,"Mount",0.785,0.113,0.660,-0.440,0.416,0.000,81,W,0,,,,818424,476.60,0
INFO: SET LOCK POSITION, new lock pos = 42.367, 774.780
INFO: DITHER by -1.960, -4.850, new lock pos = 42.685, 780.002
INFO: SETTLING STATE CHANGE, Settling started
1720,4114.368,"Mount",-0.318,-5.222,1.960,4.850,1.960,4.850,384,W,990,S,,,827880,441.35,0
1721,4116.848,"Mount",-1.171,-0.428,-0.873,0.890,-0.550,0.000,108,E,0,,,,813956,450.46,0
1722,4119.144,"Mount",-0.733,-0.263,-0.549,0.553,-0.384,0.000,75,E,0,,,,825078,491.71,0
1723,4121.576,"Mount",-0.401,-0.186,-0.281,0.340,-0.204,0.000,40,E,0,,,,838381,458.11,0
1724,4123.967,"Mount",-0.507,-0.313,-0.323,0.501,-0.218,0.501,43,E,102,S,,,816752,499.76,0
1725,4126.409,"Mount",-0.087,0.619,-0.345,-0.521,-0.233,0.000,46,E,0,,,,835116,477.45,0
INFO: SETTLING STATE CHANGE, Settling complete
1726,4128.800,"Mount",1.114,0.154,0.939,-0.618,0.576,0.000,113,W,0,,,,824466,487.64,0
1727,4131.272,"Mount",0.786,0.253,0.601,-0.566,0.419,0.000,82,W,0,,,,804506,475.99,0
1728,4133.632,"Mount",0.624,0.447,0.371,-0.673,0.263,0.000,52,W,0,,,,767081,496.99,0
1729,4136.224,"Mount",-1.411,1.068,-1.733,-0.357,-1.074,0.000,210,E,0,,,,737715,460.48,0
1730,4138.512,"Mount",-0.363,0.237,-0.430,-0.058,-0.346,0.000,68,E,0,,,,823105,460.87,0
1731,4140.992,"Mount",0.770,-0.106,0.741,-0.236,0.443,0.000,87,W,0,,,,798291,464.87,0
1732,4143.296,"Mount",0.726,-0.175,0.731,-0.154,0.491,0.000,96,W,0,,,,784499,474.12,0
1733,4145.728,"Mount",-0.288,0.343,-0.408,-0.186,-0.223,0.000,44,E,0,,,,819671,449.82,0
1734,4147.984,"Mount",-0.293,0.192,-0.347,-0.047,-0.234,0.000,46,E,0,,,,798298,458.22,0
1735,4150.416,"Mount",0.560,-0.028,0.517,-0.216,0.309,0.000,61,W,0,,,,857438,500.64,0
1736,4152.720,"Mount",0.540,-0.313,0.623,0.050,0.414,0.000,81,W,0,,,,842265,480.17,0
1737,4155.079,"Mount",-0.063,-0.360,0.099,0.352,0.000,0.000,0,,0,,,,830668,497.41,0
1738,4157.360,"Mount",0.242,-0.242,0.323,0.115,0.203,0.000,40,W,0,,,,832018,490.10,0
1739,4159.772,"Mount",0.114,0.009,0.099,-0.058,0.000,0.000,0,,0,,,,819247,436.69,0
1740,4162.000,"Mount",0.244,-0.044,0.240,-0.065,0.151,0.000,30,W,0,,,,786217,465.00,0
1741,4164.349,"Mount",-0.232,-0.115,-0.160,0.203,0.000,0.000,0,,0,,,,773378,446.30,0
1742,4166.608,"Mount",0.346,-0.115,0.362,-0.045,0.228,0.000,45,W,0,,,,832843,453.70,0
1743,4168.960,"Mount",-0.155,0.119,-0.191,-0.040,0.000,0.000,0,,0,,,,799875,423.32,0
1744,4171.256,"Mount",0.439,-0.176,0.472,-0.030,0.297,0.000,58,W,0,,,,787496,495.18,0
1745,4173.720,"Mount",0.527,-0.151,0.541,-0.091,0.362,0.000,71,W,0,,,,767791,421.49,0
1746,4175.976,"Mount",0.266,-0.068,0.269,-0.053,0.195,0.000,38,W,0,,,,827741,478.21,0
1747,4178.496,"Mount",0.884,-0.116,0.848,-0.276,0.548,0.000,107,W,0,,,,782236,432.31,0
1748,4180.661,"Mount",0.163,0.116,0.098,-0.175,0.000,0.000,0,,0,,,,803920,477.40,0
1749,4183.012,"Mount",-0.020,0.006,-0.020,0.003,0.000,0.000,0,,0,,,,800810,483.92,0
1750,4185.280,"Mount",-0.060,0.524,-0.279,-0.447,-0.176,0.000,34,E,0,,,,822600,483.27,0
1751,4187.634,"Mount",0.188,0.019,0.161,-0.098,0.000,0.000,0,,0,,,,800367,475.49,0
1752,4189.896,"Mount",0.470,-0.140,0.484,-0.075,0.305,0.000,60,W,0,,,,786050,477.91,0
1753,4192.344,"Mount",0.596,-0.041,0.556,-0.220,0.372,0.000,73,W,0,,,,837564,505.19,0
1754,4194.516,"Mount",0.155,0.039,0.123,-0.102,0.000,0.000,0,,0,,,,828240,469.59,0
1755,4196.944,"Mount",0.265,-0.002,0.240,-0.112,0.151,0.000,30,W,0,,,,778220,426.84,0
1756,4199.216,"Mount",-0.153,0.276,-0.257,-0.184,-0.151,0.000,30,E,0,,,,814181,475.04,0
1757,4201.597,"Mount",0.024,0.180,-0.056,-0.173,0.000,0.000,0,,0,,,,817497,486.88,0
1758,4203.904,"Mount",-0.511,0.470,-0.664,-0.204,-0.418,0.000,82,E,0,,,,794701,454.91,0
1759,4206.260,"Mount",0.124,0.064,0.085,-0.111,0.000,0.000,0,,0,,,,793868,464.52,0
1760,4208.736,"Mount",-1.980,0.915,-2.181,0.026,-1.374,0.000,269,E,0,,,,804220,483.29,0
1761,4211.360,"Mount",1.903,-0.136,1.776,-0.696,1.023,0.000,200,W,0,,,,813126,479.03,0
1762,4213.640,"Mount",0.756,0.477,0.477,-0.756,0.372,0.000,73,W,0,,,,790796,470.48,0
1763,4215.988,"Mount",-0.154,-0.017,-0.131,0.082,0.000,0.000,0,,0,,,,872187,523.08,0
1764,4218.256,"Mount",-0.195,0.397,-0.347,-0.275,-0.219,0.000,43,E,0,,,,823387,466.71,0
1765,4220.736,"Mount",-0.876,0.372,-0.951,0.041,-0.614,0.000,120,E,0,,,,757263,456.66,0
1766,4223.000,"Mount",-0.253,0.039,-0.246,0.074,-0.198,0.000,39,E,0,,,,854615,487.25,0
1767,4225.448,"Mount",0.559,-0.159,0.573,-0.097,0.347,0.000,68,W,0,,,,824145,491.92,0
1768,4227.696,"Mount",0.215,-0.115,0.244,0.011,0.178,0.000,35,W,0,,,,832796,457.32,0
1769,4230.045,"Mount",-0.021,0.377,-0.181,-0.332,0.000,0.000,0,,0,,,,794243,472.52,0
1770,4232.360,"Mount",-0.386,0.282,-0.469,-0.088,-0.296,0.000,58,E,0,,,,854348,477.10,0
1771,4234.920,"Mount",-1.075,0.564,-1.213,-0.047,-0.785,0.000,154,E,0,,,,814003,487.81,0
1772,4237.232,"Mount",-0.351,0.544,-0.551,-0.340,-0.402,0.000,79,E,0,,,,834108,497.51,0
1773,4239.602,"Mount",0.065,-0.136,0.117,0.095,0.000,0.000,0,,0,,,,822926,498.93,0
1774,4241.944,"Mount",0.660,-0.270,0.712,-0.040,0.448,0.000,88,W,0,,,,805523,463.41,0
1775,4244.465,"Mount",0.378,-0.150,0.406,-0.027,0.287,0.000,56,W,0,,,,779659,470.66,0
1776,4246.745,"Mount",0.295,0.067,0.237,-0.188,0.170,0.000,33,W,0,,,,812405,481.03,0
1777,4249.192,"Mount",-0.338,0.424,-0.488,-0.238,-0.295,0.000,58,E,0,,,,819630,446.88,0
1778,4251.480,"Mount",-0.443,0.193,-0.483,0.017,-0.325,0.000,64,E,0,,,,816735,451.72,0
1779,4253.896,"Mount",-0.276,0.006,-0.252,0.114,-0.181,0.000,36,E,0,,,,821419,483.74,0
1780,4256.192,"Mount",0.433,-0.241,0.495,0.031,0.299,0.000,59,W,0,,,,824077,478.64,0
1781,4258.640,"Mount",-0.272,0.537,-0.476,-0.367,-0.279,0.000,55,E,0,,,,804847,448.92,0
1782,4260.840,"Mount",-0.079,0.243,-0.176,-0.186,0.000,0.000,0,,0,,,,817342,488.30,0
1783,4263.328,"Mount",-0.612,0.188,-0.633,0.094,-0.399,0.000,78,E,0,,,,835209,486.00,0
1784,4265.608,"Mount",-0.375,0.131,-0.395,0.043,-0.276,0.000,54,E,0,,,,805526,449.76,0
1785,4268.056,"Mount",0.486,-0.534,0.668,0.273,0.402,0.000,79,W,0,,,,796829,416.58,0
1786,4270.296,"Mount",-0.339,-0.057,-0.281,0.198,-0.149,0.000,29,E,0,,,,815482,483.19,0
1787,4272.770,"Mount",0.594,-0.393,0.705,0.099,0.434,0.000,85,W,0,,,,815918,454.86,0
1788,4275.016,"Mount",-0.298,0.023,-0.279,0.107,-0.145,0.000,28,E,0,,,,813509,505.46,0
1789,4277.520,"Mount",0.870,-0.155,0.852,-0.235,0.527,0.000,103,W,0,,,,788428,461.68,0
1790,4279.693,"Mount",0.109,-0.194,0.182,0.128,0.000,0.000,0,,0,,,,794988,462.14,0
1791,4282.152,"Mount",-0.646,0.567,-0.827,-0.234,-0.521,0.000,102,E,0,,,,750287,460.52,0
1792,4284.536,"Mount",-1.066,0.776,-1.296,-0.242,-0.853,0.000,167,E,0,,,,851104,484.41,0
1793,4286.952,"Mount",0.141,-0.375,0.289,0.278,0.122,0.000,24,W,0,,,,830833,476.13,0
1794,4289.272,"Mount",-0.366,0.269,-0.446,-0.085,-0.273,0.000,53,E,0,,,,818119,496.69,0
1795,4291.816,"Mount",0.777,-0.344,0.849,-0.024,0.516,0.000,101,W,0,,,,804486,485.57,0
1796,4294.128,"Mount",0.450,-0.413,0.584,0.179,0.404,0.000,79,W,0,,,,813904,453.86,0
1797,4296.481,"Mount",-0.142,0.084,-0.164,-0.015,0.000,0.000,0,,0,,,,800049,469.41,0
1798,4298.656,"Mount",0.128,-0.095,0.156,0.030,0.000,0.000,0,,0,,,,801518,457.29,0
1799,4301.080,"Mount",0.309,-0.306,0.411,0.143,0.259,0.000,51,W,0,,,,837216,501.53,0
1800,4303.368,"Mount",0.328,-0.270,0.412,0.103,0.278,0.000,54,W,0,,,,837450,456.78,0
1801,4305.848,"Mount",-0.438,0.610,-0.658,-0.361,-0.395,0.000,77,E,0,,,,794790,478.14,0
1802,4308.120,"Mount",-0.272,0.437,-0.434,-0.277,-0.301,0.000,59,E,0,,,,828320,457.67,0
1803,4310.617,"Mount",0.905,-0.276,0.936,-0.141,0.568,0.000,111,W,0,,,,803788,509.27,0
1804,4313.015,"Mount",0.208,-0.524,0.413,0.383,0.300,0.383,59,W,78,S,,,820071,459.20,0
1805,4315.367,"Mount",-0.064,0.027,-0.069,0.004,0.000,0.000,0,,0,,,,795842,479.39,0
1806,4317.664,"Mount",-0.492,0.391,-0.613,-0.141,-0.386,0.000,76,E,0,,,,826446,465.28,0
1807,4319.995,"Mount",0.240,0.059,0.191,-0.156,0.000,0.000,0,,0,,,,812269,470.95,0
1808,4322.192,"Mount",-0.078,0.157,-0.138,-0.108,0.000,0.000,0,,0,,,,791380,458.21,0
1809,4324.608,"Mount",-0.138,0.387,-0.291,-0.289,-0.184,0.000,36,E,0,,,,792535,468.52,0
1810,4326.804,"Mount",0.021,-0.001,0.019,-0.009,0.000,0.000,0,,0,,,,788831,450.28,0
1811,4329.232,"Mount",-0.256,0.212,-0.323,-0.081,-0.203,0.000,40,E,0,,,,809695,495.83,0
1812,4331.544,"Mount",0.534,0.223,0.386,-0.431,0.229,0.000,45,W,0,,,,791258,490.18,0
1813,4333.976,"Mount",0.505,0.129,0.401,-0.334,0.268,0.000,53,W,0,,,,789196,472.11,0
1814,4336.171,"Mount",0.377,0.474,0.136,-0.590,0.000,0.000,0,,0,,,,805230,498.17,0
1815,4339.696,"Mount",0.731,0.264,0.546,-0.553,0.344,-0.553,67,W,1040,N,,,805199,456.57,0
1816,4341.952,"Mount",-0.264,0.439,-0.427,-0.283,-0.245,0.000,48,E,0,,,,801756,524.25,0
1817,4344.408,"Mount",-0.500,0.345,-0.600,-0.096,-0.395,0.000,77,E,0,,,,809163,465.41,0
1818,4346.587,"Mount",0.230,0.264,0.094,-0.337,0.000,0.000,0,,0,,,,826685,474.82,0
1819,4349.032,"Mount",-0.402,0.354,-0.515,-0.147,-0.325,0.000,64,E,0,,,,876249,519.30,0
1820,4351.560,"Mount",-0.937,0.980,-1.268,-0.482,-0.821,-0.482,161,E,98,N,,,796617,494.81,0
1821,4354.017,"Mount",-0.324,0.473,-0.496,-0.288,-0.370,0.000,72,E,0,,,,787636,407.63,0
1822,4356.608,"Mount",-2.098,0.418,-2.073,0.526,-1.332,0.000,261,E,0,,,,844443,465.59,0
1823,4359.176,"Mount",1.578,-0.373,1.585,-0.342,0.906,0.000,177,W,0,,,,836442,475.47,0
1824,4361.791,"Mount",1.972,-0.469,1.982,-0.425,1.312,-0.425,257,W,87,N,,,804854,455.63,0
1825,4364.312,"Mount",0.122,-0.544,0.344,0.438,0.309,0.000,60,W,0,,,,767642,410.95,0
1826,4366.627,"Mount",0.147,-0.440,0.322,0.334,0.224,0.000,44,W,0,,,,802697,496.39,0
1827,4368.985,"Mount",0.105,-0.294,0.221,0.221,0.000,0.000,0,,0,,,,762330,405.14,0
1828,4371.170,"Mount",0.023,0.046,0.001,-0.052,0.000,0.000,0,,0,,,,799602,427.62,0
1829,4373.530,"Mount",-0.096,0.022,-0.096,0.022,0.000,0.000,0,,0,,,,812908,457.06,0
1830,4375.784,"Mount",-0.234,0.396,-0.382,-0.256,-0.240,0.000,47,E,0,,,,778897,465.59,0
1831,4378.143,"Mount",0.236,0.084,0.177,-0.178,0.000,0.000,0,,0,,,,783437,428.18,0
1832,4380.294,"Mount",-0.149,0.019,-0.143,0.047,0.000,0.000,0,,0,,,,825052,472.13,0
1833,4382.728,"Mount",-0.326,0.017,-0.301,0.125,-0.190,0.000,37,E,0,,,,808443,499.23,0
1834,4384.911,"Mount",0.177,-0.089,0.198,0.004,0.000,0.000,0,,0,,,,819545,494.59,0
1835,4387.504,"Mount",-0.145,0.464,-0.330,-0.357,-0.208,-0.357,41,E,73,N,,,811469,509.04,0
1836,4389.784,"Mount",-0.360,0.418,-0.505,-0.222,-0.333,0.000,65,E,0,,,,837887,493.63,0
1837,4392.336,"Mount",-1.523,0.206,-1.463,0.469,-0.945,0.000,185,E,0,,,,825983,479.94,0
1838,4394.672,"Mount",-0.947,-0.001,-0.854,0.409,-0.604,0.000,118,E,0,,,,810994,477.77,0
1839,4397.144,"Mount",0.642,-0.317,0.716,0.010,0.409,0.000,80,W,0,,,,790752,482.27,0
1840,4399.327,"Mount",-0.033,-0.045,-0.011,0.055,0.000,0.000,0,,0,,,,816855,475.55,0
1841,4401.792,"Mount",-0.374,-0.088,-0.300,0.240,-0.189,0.000,37,E,0,,,,803952,437.56,0
1842,4404.048,"Mount",-0.418,0.174,-0.452,0.023,-0.298,0.000,58,E,0,,,,846232,495.07,0
1843,4406.504,"Mount",0.473,-0.418,0.607,0.174,0.361,0.000,71,W,0,,,,798313,462.68,0
1844,4408.680,"Mount",-0.321,-0.298,-0.162,0.407,0.000,0.000,0,,0,,,,830785,470.38,0
1845,4411.017,"Mount",0.059,-0.063,0.081,0.031,0.000,0.000,0,,0,,,,788572,475.99,0
1846,4413.376,"Mount",-1.159,0.410,-1.223,0.129,-0.770,0.000,151,E,0,,,,815848,487.47,0
1847,4415.824,"Mount",-0.426,-0.054,-0.362,0.232,-0.282,0.000,55,E,0,,,,825226,492.10,0
1848,4418.144,"Mount",-0.441,-0.179,-0.321,0.352,-0.222,0.000,43,E,0,,,,824322,516.64,0
1849,4421.528,"Mount",-0.187,-0.365,-0.012,0.410,0.000,0.410,0,,1011,S,,,819004,464.74,0
1850,4423.824,"Mount",0.543,-0.586,0.743,0.295,0.468,0.000,92,W,0,,,,816053,455.17,0
1851,4426.288,"Mount",0.212,-0.156,0.258,0.049,0.196,0.000,38,W,0,,,,855469,511.65,0
1852,4428.784,"Mount",0.540,-0.709,0.793,0.407,0.513,0.407,101,W,83,S,,,819497,482.38,0
1853,4431.392,"Mount",-1.468,0.626,-1.594,0.066,-0.968,0.000,190,E,0,,,,821896,484.32,0
1854,4433.769,"Mount",-0.923,0.751,-1.156,-0.281,-0.796,0.000,156,E,0,,,,822586,439.86,0
1855,4436.216,"Mount",-0.196,0.127,-0.232,-0.031,-0.202,0.000,40,E,0,,,,812934,478.90,0
1856,4438.552,"Mount",0.863,-0.310,0.912,-0.092,0.560,0.000,110,W,0,,,,835330,452.80,0
1857,4441.016,"Mount",-0.424,0.478,-0.588,-0.249,-0.331,0.000,65,E,0,,,,783034,444.99,0
1858,4443.320,"Mount",0.736,-0.246,0.771,-0.095,0.462,0.000,91,W,0,,,,822445,452.12,0
1859,4445.760,"Mount",0.478,-0.241,0.535,0.012,0.370,0.000,72,W,0,,,,841170,480.13,0
1860,4448.072,"Mount",0.669,-0.402,0.777,0.075,0.515,0.000,101,W,0,,,,829353,463.56,0
1861,4450.537,"Mount",0.471,-0.413,0.603,0.170,0.416,0.000,81,W,0,,,,824302,494.16,0
1862,4452.832,"Mount",0.488,-0.469,0.643,0.213,0.434,0.000,85,W,0,,,,794537,446.02,0
1863,4455.280,"Mount",-0.627,0.094,-0.607,0.185,-0.352,0.000,69,E,0,,,,830164,502.91,0
1864,4457.460,"Mount",-0.050,0.224,-0.141,-0.181,0.000,0.000,0,,0,,,,796527,438.09,0
1865,4459.803,"Mount",0.232,0.103,0.165,-0.192,0.000,0.000,0,,0,,,,816262,519.19,0
1866,4462.032,"Mount",-0.135,0.316,-0.258,-0.227,-0.163,0.000,32,E,0,,,,817430,452.93,0
1867,4464.512,"Mount",-0.698,0.312,-0.764,0.018,-0.493,0.000,97,E,0,,,,792883,446.71,0
1868,4466.692,"Mount",-0.191,0.038,-0.189,0.048,0.000,0.000,0,,0,,,,808108,428.03,0
1869,4469.264,"Mount",1.490,-0.334,1.488,-0.340,0.938,0.000,184,W,0,,,,809942,465.55,0
1870,4471.616,"Mount",0.441,-0.525,0.624,0.284,0.459,0.000,90,W,0,,,,823278,427.89,0
1871,4474.088,"Mount",-0.767,0.336,-0.837,0.027,-0.495,0.000,97,E,0,,,,791596,481.15,0
1872,4476.352,"Mount",0.294,-0.168,0.338,0.025,0.178,0.000,35,W,0,,,,825644,509.52,0
1873,4478.700,"Mount",0.221,-0.048,0.220,-0.052,0.000,0.000,0,,0,,,,799021,469.78,0
1874,4480.876,"Mount",-0.111,-0.241,0.003,0.265,0.000,0.000,0,,0,,,,800951,457.12,0
1875,4483.360,"Mount",0.624,-0.575,0.810,0.250,0.511,0.000,100,W,0,,,,831108,455.26,0
1876,4485.688,"Mount",0.550,-0.528,0.724,0.240,0.492,0.000,96,W,0,,,,808637,431.89,0
1877,4488.129,"Mount",0.095,-0.365,0.243,0.288,0.187,0.000,37,W,0,,,,820110,484.58,0
1878,4490.363,"Mount",-0.039,-0.111,0.013,0.117,0.000,0.000,0,,0,,,,801096,492.19,0
1879,4492.832,"Mount",0.609,-0.329,0.691,0.035,0.435,0.000,85,W,0,,,,796520,469.43,0
1880,4495.016,"Mount",-0.077,-0.125,-0.016,0.146,0.000,0.000,0,,0,,,,746392,424.39,0
1881,4497.366,"Mount",-0.001,0.246,-0.107,-0.222,0.000,0.000,0,,0,,,,800284,469.83,0
1882,4499.640,"Mount",-0.259,0.425,-0.416,-0.272,-0.262,0.000,51,E,0,,,,783039,461.45,0
1883,4502.064,"Mount",-0.332,0.495,-0.513,-0.304,-0.342,0.000,67,E,0,,,,824411,463.56,0
1884,4504.231,"Mount",-0.070,0.241,-0.167,-0.187,0.000,0.000,0,,0,,,,779240,410.46,0
1885,4506.648,"Mount",-0.338,-0.023,-0.295,0.167,-0.186,0.000,36,E,0,,,,789739,477.32,0
1886,4508.834,"Mount",0.029,0.190,-0.055,-0.184,0.000,0.000,0,,0,,,,807594,504.84,0
1887,4511.325,"Mount",0.062,-0.321,0.194,0.263,0.000,0.000,0,,0,,,,789936,451.29,0
1888,4513.584,"Mount",0.260,-0.468,0.436,0.310,0.275,0.000,54,W,0,,,,784481,497.63,0
1889,4516.017,"Mount",0.241,-0.331,0.360,0.195,0.246,0.000,48,W,0,,,,816960,504.85,0
1890,4518.280,"Mount",0.130,-0.414,0.295,0.318,0.203,0.000,40,W,0,,,,809612,493.29,0
1891,4520.616,"Mount",0.015,0.022,0.004,-0.026,0.000,0.000,0,,0,,,,795378,462.22,0
1892,4522.797,"Mount",-0.254,-0.008,-0.225,0.117,0.000,0.000,0,,0,,,,764761,431.50,0
1893,4525.272,"Mount",-0.628,0.480,-0.773,-0.163,-0.487,0.000,95,E,0,,,,791780,451.26,0
1894,4527.455,"Mount",0.022,0.088,-0.018,-0.089,0.000,0.000,0,,0,,,,815855,498.71,0
1895,4529.789,"Mount",0.079,0.231,-0.028,-0.242,0.000,0.000,0,,0,,,,788804,489.59,0
1896,4532.064,"Mount",-0.202,0.161,-0.251,-0.058,-0.158,0.000,31,E,0,,,,787724,451.49,0
1897,4534.412,"Mount",-0.042,-0.008,-0.035,0.026,0.000,0.000,0,,0,,,,799711,456.66,0
1898,4536.596,"Mount",-0.021,0.272,-0.136,-0.236,0.000,0.000,0,,0,,,,819763,428.37,0
1899,4539.112,"Mount",-0.968,0.496,-1.087,-0.032,-0.685,0.000,134,E,0,,,,807539,459.81,0
1900,4541.816,"Mount",-2.055,0.289,-1.979,0.623,-1.295,0.623,254,E,127,S,,,790744,416.58,0
1901,4544.320,"Mount",0.820,0.064,0.713,-0.411,0.358,0.000,70,W,0,,,,838093,418.27,0
1902,4546.592,"Mount",-0.366,0.284,-0.453,-0.099,-0.260,0.000,51,E,0,,,,835098,503.82,0
1903,4548.939,"Mount",0.036,0.020,0.024,-0.034,0.000,0.000,0,,0,,,,830612,447.36,0
1904,4551.240,"Mount",-0.488,0.378,-0.603,-0.131,-0.380,0.000,74,E,0,,,,819904,529.42,0
1905,4553.664,"Mount",-0.094,0.403,-0.258,-0.323,-0.189,0.000,37,E,0,,,,800466,508.49,0
1906,4555.845,"Mount",0.069,-0.294,0.189,0.236,0.000,0.000,0,,0,,,,800475,458.44,0
1907,4558.332,"Mount",0.807,-0.196,0.813,-0.170,0.512,0.000,100,W,0,,,,810822,505.29,0
1908,4560.632,"Mount",0.706,-0.317,0.773,-0.018,0.523,0.000,102,W,0,,,,818544,487.35,0
1909,4563.080,"Mount",-0.649,0.567,-0.830,-0.232,-0.486,0.000,95,E,0,,,,821210,504.40,0
1910,4565.528,"Mount",-1.494,0.694,-1.647,0.017,-1.072,0.000,210,E,0,,,,831374,492.44,0
1911,4567.984,"Mount",-0.266,0.568,-0.485,-0.398,-0.380,0.000,75,E,0,,,,830809,434.37,0
1912,4570.288,"Mount",0.678,-0.289,0.736,-0.031,0.437,0.000,86,W,0,,,,812914,467.96,0
1913,4572.729,"Mount",0.476,-0.005,0.432,-0.201,0.303,0.000,59,W,0,,,,773596,450.48,0
1914,4574.925,"Mount",0.070,0.151,-0.002,-0.166,0.000,0.000,0,,0,,,,815306,513.17,0
1915,4577.400,"Mount",0.474,-0.311,0.562,0.077,0.354,0.000,69,W,0,,,,819934,471.04,0
1916,4579.597,"Mount",-0.089,0.284,-0.202,-0.218,0.000,0.000,0,,0,,,,817800,448.44,0
1917,4582.024,"Mount",-0.429,0.180,-0.464,0.022,-0.292,0.000,57,E,0,,,,840913,461.21,0
1918,4584.296,"Mount",0.695,0.120,0.576,-0.408,0.342,0.000,67,W,0,,,,806186,452.69,0
1919,4586.752,"Mount",-0.664,0.517,-0.821,-0.181,-0.494,0.000,97,E,0,,,,811667,475.57,0
1920,4589.132,"Mount",-0.959,0.816,-1.217,-0.324,-0.801,0.000,157,E,0,,,,838022,491.51,0
1921,4591.592,"Mount",0.581,-0.041,0.542,-0.213,0.286,0.000,56,W,0,,,,806675,446.67,0
1922,4593.888,"Mount",0.331,-0.051,0.321,-0.097,0.222,0.000,43,W,0,,,,807555,462.51,0
1923,4596.472,"Mount",1.757,0.174,1.511,-0.913,0.967,0.000,189,W,0,,,,788173,449.20,0
1924,4599.920,"Mount",0.999,0.106,0.857,-0.526,0.607,-0.526,119,W,1084,N,,,828202,503.32,0
1925,4602.432,"Mount",0.778,-0.206,0.791,-0.149,0.541,0.000,106,W,0,,,,806421,468.66,0
1926,4604.769,"Mount",0.466,-0.249,0.528,0.024,0.370,0.000,73,W,0,,,,836489,525.75,0
1927,4607.224,"Mount",-0.452,0.361,-0.563,-0.132,-0.329,0.000,64,E,0,,,,835241,463.11,0
1928,4609.488,"Mount",-0.238,0.236,-0.317,-0.111,-0.223,0.000,44,E,0,,,,829084,481.46,0
1929,4611.828,"Mount",-0.081,0.095,-0.114,-0.051,0.000,0.000,0,,0,,,,799262,425.46,0
1930,4613.985,"Mount",-0.101,-0.315,0.044,0.328,0.000,0.000,0,,0,,,,803454,494.58,0
1931,4616.456,"Mount",0.330,-0.328,0.439,0.154,0.277,0.000,54,W,0,,,,810236,517.21,0
1932,4618.634,"Mount",0.163,-0.099,0.190,0.020,0.000,0.000,0,,0,,,,790000,417.76,0
1933,4621.072,"Mount",-0.370,0.053,-0.357,0.112,-0.225,0.000,44,E,0,,,,826554,475.37,0
1934,4623.352,"Mount",0.512,-0.316,0.598,0.065,0.361,0.000,71,W,0,,,,799260,435.44,0
1935,4625.896,"Mount",-1.184,0.860,-1.439,-0.266,-0.881,0.000,173,E,0,,,,803433,417.52,0
1936,4628.256,"Mount",-0.991,0.534,-1.124,-0.056,-0.770,0.000,151,E,0,,,,815640,482.97,0
1937,4630.720,"Mount",0.732,-0.370,0.820,0.019,0.463,0.000,91,W,0,,,,844744,454.73,0
1938,4633.024,"Mount",0.737,-0.260,0.777,-0.083,0.522,0.000,102,W,0,,,,800932,443.84,0
1939,4635.544,"Mount",0.681,-0.204,0.703,-0.109,0.479,0.000,94,W,0,,,,787525,470.48,0
1940,4637.801,"Mount",0.114,-0.314,0.239,0.234,0.184,0.000,36,W,0,,,,820726,511.66,0
1941,4640.376,"Mount",-1.562,0.590,-1.663,0.140,-1.035,0.000,203,E,0,,,,749291,330.63,0
1942,4642.649,"Mount",0.671,-0.260,0.717,-0.054,0.379,0.000,74,W,0,,,,811043,500.06,0
1943,4645.147,"Mount",0.717,-0.462,0.846,0.108,0.559,0.000,110,W,0,,,,808471,467.04,0
1944,4647.335,"Mount",-0.094,-0.012,-0.080,0.051,0.000,0.000,0,,0,,,,782746,450.08,0
1945,4649.864,"Mount",-0.075,0.483,-0.275,-0.404,-0.173,-0.404,34,E,82,N,,,844469,493.88,0
1946,4652.248,"Mount",-0.245,0.535,-0.451,-0.378,-0.296,-0.378,58,E,77,N,,,814856,445.48,0
1947,4654.698,"Mount",-0.395,0.302,-0.486,-0.102,-0.327,0.000,64,E,0,,,,818921,493.51,0
1948,4656.968,"Mount",-0.192,0.193,-0.256,-0.092,-0.184,0.000,36,E,0,,,,816092,493.47,0
1949,4659.432,"Mount",0.233,-0.703,0.513,0.534,0.310,0.000,61,W,0,,,,820967,496.60,0
1950,4661.784,"Mount",0.579,-0.743,0.842,0.421,0.552,0.000,108,W,0,,,,813459,465.51,0
1951,4664.189,"Mount",-0.036,-0.361,0.123,0.341,0.000,0.000,0,,0,,,,846081,486.51,0
1952,4666.464,"Mount",0.332,-0.324,0.439,0.149,0.277,0.000,54,W,0,,,,818548,438.28,0
1953,4668.888,"Mount",-0.350,-0.178,-0.240,0.312,-0.132,0.000,26,E,0,,,,815869,466.41,0
1954,4671.176,"Mount",0.461,-0.256,0.527,0.033,0.323,0.000,63,W,0,,,,822194,460.76,0
1955,4673.592,"Mount",0.245,-0.155,0.288,0.034,0.204,0.000,40,W,0,,,,803441,489.92,0
1956,4675.762,"Mount",-0.151,-0.117,-0.086,0.170,0.000,0.000,0,,0,,,,805732,410.54,0
1957,4678.256,"Mount",-0.957,0.234,-0.965,0.200,-0.608,0.000,119,E,0,,,,827778,468.85,0
1958,4680.416,"Mount",0.151,-0.074,0.168,0.002,0.000,0.000,0,,0,,,,828266,472.28,0
1959,4682.789,"Mount",-0.020,-0.353,0.134,0.327,0.000,0.000,0,,0,,,,804044,463.18,0
1960,4684.969,"Mount",-0.164,-0.177,-0.072,0.231,0.000,0.000,0,,0,,,,829590,468.66,0
1961,4687.424,"Mount",0.493,-0.294,0.572,0.053,0.360,0.000,71,W,0,,,,801996,429.40,0
1962,4689.736,"Mount",-0.880,0.093,-0.834,0.295,-0.500,0.000,98,E,0,,,,812537,482.36,0
1963,4692.160,"Mount",-0.319,-0.093,-0.248,0.221,-0.191,0.000,37,E,0,,,,827221,484.60,0
1964,4694.408,"Mount",-0.288,-0.037,-0.244,0.158,-0.167,0.000,33,E,0,,,,845442,523.45,0
1965,4696.763,"Mount",-0.300,-0.256,-0.160,0.360,0.000,0.000,0,,0,,,,834510,523.13,0
1966,4699.088,"Mount",-1.008,0.118,-0.961,0.327,-0.605,0.000,119,E,0,,,,780068,493.30,0
1967,4701.632,"Mount",-0.986,0.209,-0.980,0.235,-0.660,0.000,129,E,0,,,,852560,466.05,0
1968,4703.810,"Mount",-0.051,-0.398,0.125,0.381,0.000,0.000,0,,0,,,,810898,477.79,0
1969,4707.448,"Mount",0.182,-0.849,0.530,0.688,0.334,0.688,65,W,1117,S,,,811970,457.23,0
1970,4709.937,"Mount",0.547,-0.702,0.796,0.398,0.525,0.398,103,W,81,S,,,819363,460.31,0
1971,4712.408,"Mount",0.662,0.225,0.501,-0.488,0.352,0.000,69,W,0,,,,808037,470.81,0
1972,4714.680,"Mount",-0.184,0.420,-0.347,-0.300,-0.194,0.000,38,E,0,,,,826478,493.14,0
1973,4717.024,"Mount",0.001,0.499,-0.214,-0.451,0.000,0.000,0,,0,,,,804668,466.09,0
1974,4719.328,"Mount",-0.299,1.124,-0.753,-0.886,-0.475,0.000,93,E,0,,,,802664,499.30,0
1975,4721.800,"Mount",0.649,0.073,0.554,-0.345,0.316,0.000,62,W,0,,,,803500,451.94,0
1976,4724.136,"Mount",1.013,0.143,0.853,-0.565,0.559,0.000,110,W,0,,,,818755,487.03,0
1977,4726.633,"Mount",-0.492,0.213,-0.535,0.020,-0.298,0.000,58,E,0,,,,826270,468.55,0
1978,4729.952,"Mount",0.486,0.200,0.352,-0.389,0.201,-0.389,39,W,964,N,,,834218,518.30,0
1979,4732.300,"Mount",-0.003,0.313,-0.137,-0.281,0.000,0.000,0,,0,,,,817396,445.12,0
1980,4734.738,"Mount",-0.194,0.255,-0.284,-0.146,-0.179,0.000,35,E,0,,,,822938,468.91,0
INFO: SET LOCK POSITION, new lock pos = 42.685, 780.002
INFO: DITHER by -4.086, -1.355, new lock pos = 39.580, 782.984
INFO: SETTLING STATE CHANGE, Settling started
1981,4739.616,"Mount",3.105,-2.982,4.086,1.355,4.086,1.355,800,W,1162,S,,,790736,438.71,0
1982,4742.176,"Mount",1.730,-0.084,1.598,-0.669,1.007,0.000,197,W,0,,,,830302,446.55,0
1983,4744.504,"Mount",0.919,0.365,0.672,-0.725,0.494,0.000,97,W,0,,,,823718,509.61,0
1984,4748.144,"Mount",1.482,0.220,1.243,-0.836,0.817,-0.836,160,W,1056,N,,,796142,425.06,0
1985,4750.632,"Mount",0.983,0.221,0.792,-0.622,0.556,-0.622,109,W,127,N,,,746850,459.57,0
1986,4753.088,"Mount",-0.728,-0.007,-0.654,0.320,-0.373,0.000,73,E,0,,,,772529,418.46,0
1987,4755.273,"Mount",0.033,-0.227,0.127,0.191,0.000,0.000,0,,0,,,,805254,435.91,0
1988,4757.672,"Mount",-0.446,-0.329,-0.261,0.489,-0.164,0.000,32,E,0,,,,863790,509.02,0
1989,4759.904,"Mount",0.159,-0.242,0.248,0.150,0.145,0.000,28,W,0,,,,820286,485.47,0
INFO: SETTLING STATE CHANGE, Settling complete
1990,4762.261,"Mount",-0.012,-0.172,0.063,0.161,0.000,0.000,0,,0,,,,814336,456.82,0
1991,4764.541,"Mount",-0.171,-0.295,-0.028,0.340,0.000,0.000,0,,0,,,,792806,471.30,0
1992,4767.019,"Mount",0.583,-0.432,0.712,0.139,0.449,0.000,88,W,0,,,,807324,496.61,0
1993,4769.235,"Mount",-0.040,0.001,-0.037,0.016,0.000,0.000,0,,0,,,,799318,458.44,0
1994,4771.688,"Mount",-0.285,0.035,-0.273,0.092,-0.172,0.000,34,E,0,,,,818503,433.29,0
1995,4774.000,"Mount",-0.834,0.168,-0.826,0.207,-0.532,0.000,104,E,0,,,,832793,498.53,0
1996,4776.408,"Mount",0.206,-0.128,0.241,0.026,0.115,0.000,22,W,0,,,,831629,471.05,0
1997,4778.591,"Mount",0.036,0.032,0.018,-0.044,0.000,0.000,0,,0,,,,816561,433.96,0
1998,4781.136,"Mount",1.034,-0.666,1.220,0.156,0.769,0.000,151,W,0,,,,807746,458.48,0
1999,4783.392,"Mount",0.274,-0.150,0.312,0.017,0.250,0.000,49,W,0,,,,809947,465.45,0
2000,4785.801,"Mount",-0.001,-0.089,0.038,0.081,0.000,0.000,0,,0,,,,785410,457.67,0
2001,4788.072,"Mount",0.355,-0.278,0.440,0.099,0.277,0.000,54,W,0,,,,790884,474.29,0
2002,4790.416,"Mount",-0.122,0.108,-0.156,-0.045,0.000,0.000,0,,0,,,,797708,430.23,0
2003,4792.582,"Mount",-0.145,0.122,-0.184,-0.048,0.000,0.000,0,,0,,,,827147,495.78,0
2004,4794.947,"Mount",-0.094,0.172,-0.158,-0.115,0.000,0.000,0,,0,,,,787726,462.98,0
2005,4797.122,"Mount",-0.025,-0.139,0.037,0.136,0.000,0.000,0,,0,,,,795610,454.19,0
2006,4799.584,"Mount",-0.513,0.467,-0.664,-0.200,-0.418,0.000,82,E,0,,,,802214,481.44,0
2007,4801.993,"Mount",-0.942,0.254,-0.959,0.176,-0.634,0.000,124,E,0,,,,818313,442.21,0
2008,4804.340,"Mount",-0.161,-0.136,-0.087,0.192,0.000,0.000,0,,0,,,,813922,458.77,0
2009,4806.517,"Mount",-0.127,0.099,-0.157,-0.034,0.000,0.000,0,,0,,,,809880,502.77,0
2010,4809.008,"Mount",0.743,-0.564,0.913,0.190,0.575,0.000,113,W,0,,,,805912,450.62,0
2011,4811.237,"Mount",-0.014,0.149,-0.077,-0.129,0.000,0.000,0,,0,,,,778879,435.97,0
2012,4813.680,"Mount",0.517,-0.347,0.616,0.091,0.388,0.000,76,W,0,,,,814878,488.70,0
2013,4815.858,"Mount",-0.116,-0.031,-0.092,0.078,0.000,0.000,0,,0,,,,834321,456.61,0
2014,4818.297,"Mount",-0.454,0.211,-0.501,0.005,-0.315,0.000,62,E,0,,,,789137,459.32,0
2015,4820.486,"Mount",0.100,0.066,0.062,-0.103,0.000,0.000,0,,0,,,,809852,441.18,0
2016,4822.912,"Mount",-0.643,0.266,-0.695,0.037,-0.438,0.000,86,E,0,,,,822850,494.46,0
2017,4825.102,"Mount",0.125,-0.061,0.139,0.002,0.000,0.000,0,,0,,,,805904,430.92,0
2018,4827.448,"Mount",0.191,0.056,0.148,-0.133,0.000,0.000,0,,0,,,,810475,477.35,0
2019,4829.688,"Mount",-0.426,-0.136,-0.326,0.305,-0.205,0.000,40,E,0,,,,824623,477.78,0
2020,4832.137,"Mount",0.320,-0.373,0.449,0.199,0.269,0.000,53,W,0,,,,790112,421.20,0
2021,4834.335,"Mount",-0.090,-0.085,-0.045,0.115,0.000,0.000,0,,0,,,,783070,448.27,0
2022,4836.674,"Mount",-0.055,-0.318,0.087,0.311,0.000,0.000,0,,0,,,,813542,504.61,0
2023,4838.850,"Mount",-0.210,-0.055,-0.166,0.140,0.000,0.000,0,,0,,,,788098,441.26,0
2024,4841.360,"Mount",-0.895,-0.034,-0.794,0.416,-0.500,0.000,98,E,0,,,,832152,472.52,0
2025,4843.640,"Mount",-0.487,-0.168,-0.367,0.361,-0.266,0.000,52,E,0,,,,821752,469.86,0
2026,4846.064,"Mount",0.255,-0.150,0.295,0.026,0.167,0.000,33,W,0,,,,815877,449.68,0
2027,4848.254,"Mount",-0.175,-0.087,-0.121,0.154,0.000,0.000,0,,0,,,,780866,417.83,0
2028,4850.672,"Mount",-0.446,0.054,-0.426,0.143,-0.269,0.000,53,E,0,,,,803520,459.86,0
2029,4852.847,"Mount",-0.114,0.041,-0.121,0.012,0.000,0.000,0,,0,,,,840366,451.93,0
2030,4855.207,"Mount",-0.284,-0.105,-0.211,0.217,0.000,0.000,0,,0,,,,831542,482.54,0
2031,4857.528,"Mount",-0.768,0.271,-0.810,0.086,-0.510,0.000,100,E,0,,,,799815,439.32,0
2032,4859.877,"Mount",0.103,-0.030,0.106,-0.017,0.000,0.000,0,,0,,,,798667,423.85,0
2033,4862.045,"Mount",-0.006,-0.037,0.010,0.036,0.000,0.000,0,,0,,,,820457,455.22,0
2034,4864.528,"Mount",-0.687,0.041,-0.638,0.258,-0.402,0.000,79,E,0,,,,816101,490.73,0
2035,4866.704,"Mount",-0.064,-0.122,-0.006,0.138,0.000,0.000,0,,0,,,,822696,486.77,0
2036,4869.152,"Mount",0.383,-0.223,0.441,0.036,0.278,0.000,54,W,0,,,,805892,481.35,0
2037,4871.416,"Mount",0.221,-0.163,0.269,0.052,0.189,0.000,37,W,0,,,,810667,454.59,0
2038,4873.752,"Mount",0.149,-0.130,0.191,0.054,0.000,0.000,0,,0,,,,807343,439.07,0
2039,4875.926,"Mount",0.011,-0.228,0.108,0.201,0.000,0.000,0,,0,,,,823098,501.34,0
2040,4878.283,"Mount",-0.128,-0.274,0.003,0.303,0.000,0.000,0,,0,,,,818265,472.31,0
2041,4880.592,"Mount",-0.803,-0.021,-0.716,0.365,-0.451,0.000,88,E,0,,,,798612,451.97,0
2042,4883.184,"Mount",0.408,-0.319,0.505,0.112,0.287,0.000,56,W,0,,,,802708,475.17,0
2043,4885.424,"Mount",0.235,-0.090,0.251,-0.020,0.178,0.000,35,W,0,,,,839018,484.77,0
2044,4887.769,"Mount",-0.192,-0.076,-0.141,0.151,0.000,0.000,0,,0,,,,769970,432.71,0
2045,4889.949,"Mount",-0.144,-0.004,-0.128,0.065,0.000,0.000,0,,0,,,,823587,486.90,0
2046,4892.333,"Mount",0.018,0.020,0.008,-0.026,0.000,0.000,0,,0,,,,829161,472.82,0
2047,4894.616,"Mount",0.365,-0.283,0.451,0.098,0.284,0.000,56,W,0,,,,813666,517.33,0
2048,4897.048,"Mount",0.198,-0.119,0.230,0.022,0.165,0.000,32,W,0,,,,808859,465.39,0
2049,4899.329,"Mount",0.380,-0.377,0.505,0.177,0.330,0.000,65,W,0,,,,769130,489.19,0
2050,4901.712,"Mount",-0.139,-0.171,-0.052,0.214,0.000,0.000,0,,0,,,,830926,477.83,0
2051,4903.907,"Mount",-0.030,-0.253,0.082,0.242,0.000,0.000,0,,0,,,,779162,475.17,0
2052,4906.265,"Mount",-0.176,-0.087,-0.121,0.154,0.000,0.000,0,,0,,,,824086,484.35,0
2053,4908.568,"Mount",0.505,-0.228,0.554,-0.011,0.349,0.000,68,W,0,,,,827130,478.12,0
2054,4910.925,"Mount",0.152,-0.170,0.211,0.088,0.000,0.000,0,,0,,,,824687,491.15,0
2055,4913.144,"Mount",0.212,-0.141,0.252,0.036,0.159,0.000,31,W,0,,,,810137,421.97,0
2056,4915.553,"Mount",-0.360,-0.109,-0.277,0.254,-0.164,0.000,32,E,0,,,,794428,434.62,0
2057,4917.730,"Mount",0.053,-0.164,0.119,0.125,0.000,0.000,0,,0,,,,801750,475.45,0
2058,4920.136,"Mount",-0.395,-0.181,-0.279,0.334,-0.176,0.000,34,E,0,,,,783037,458.63,0
2059,4922.400,"Mount",0.259,-0.237,0.336,0.103,0.200,0.000,39,W,0,,,,825698,456.51,0
2060,4924.752,"Mount",-0.107,-0.125,-0.043,0.159,0.000,0.000,0,,0,,,,819140,480.18,0
2061,4926.955,"Mount",-0.185,-0.139,-0.107,0.205,0.000,0.000,0,,0,,,,794445,440.43,0
2062,4929.304,"Mount",-0.035,-0.104,0.013,0.109,0.000,0.000,0,,0,,,,824753,471.58,0
2063,4931.485,"Mount",0.068,-0.198,0.147,0.149,0.000,0.000,0,,0,,,,828891,476.21,0
2064,4933.984,"Mount",-1.118,-0.086,-0.972,0.559,-0.612,0.000,120,E,0,,,,801626,476.55,0
2065,4936.169,"Mount",-0.213,-0.301,-0.063,0.364,0.000,0.000,0,,0,,,,787556,467.22,0
2066,4938.519,"Mount",0.055,-0.256,0.160,0.207,0.000,0.000,0,,0,,,,806724,449.19,0
2067,4940.840,"Mount",0.504,-0.388,0.622,0.133,0.392,0.000,77,W,0,,,,775685,467.34,0
2068,4943.201,"Mount",-0.041,-0.088,0.000,0.097,0.000,0.000,0,,0,,,,837935,475.16,0
2069,4945.376,"Mount",-0.105,-0.140,-0.035,0.172,0.000,0.000,0,,0,,,,795023,403.87,0
2070,4947.864,"Mount",-0.930,0.061,-0.866,0.345,-0.546,0.000,107,E,0,,,,824717,513.83,0
2071,4950.144,"Mount",-0.416,0.042,-0.394,0.141,-0.286,0.000,56,E,0,,,,823922,471.49,0
2072,4952.600,"Mount",-0.613,-0.181,-0.475,0.427,-0.319,0.000,63,E,0,,,,834190,446.51,0
2073,4956.008,"Mount",-1.019,-0.377,-0.757,0.779,-0.499,0.779,98,E,1044,S,,,832871,493.60,0
2074,4958.520,"Mount",0.926,-0.677,1.127,0.213,0.675,0.000,132,W,0,,,,791012,502.47,0
2075,4960.808,"Mount",0.446,-0.392,0.571,0.162,0.407,0.000,80,W,0,,,,784755,447.70,0
2076,4963.289,"Mount",0.700,-0.302,0.762,-0.028,0.508,0.000,100,W,0,,,,835385,447.79,0
2077,4965.506,"Mount",-0.271,-0.106,-0.199,0.212,0.000,0.000,0,,0,,,,804109,486.56,0
2078,4967.928,"Mount",0.154,-0.244,0.244,0.154,0.153,0.000,30,W,0,,,,847161,493.45,0
2079,4970.087,"Mount",-0.003,0.095,-0.044,-0.084,0.000,0.000,0,,0,,,,793871,478.10,0
2080,4972.461,"Mount",-0.152,0.029,-0.150,0.039,0.000,0.000,0,,0,,,,811513,490.10,0
2081,4974.712,"Mount",-0.251,0.134,-0.284,-0.013,-0.179,0.000,35,E,0,,,,792753,434.32,0
2082,4977.068,"Mount",-0.109,-0.053,-0.076,0.095,0.000,0.000,0,,0,,,,817757,488.66,0
2083,4979.360,"Mount",-0.555,0.071,-0.531,0.175,-0.335,0.000,66,E,0,,,,807971,463.01,0
2084,4981.790,"Mount",0.053,-0.164,0.119,0.125,0.000,0.000,0,,0,,,,816161,485.93,0
2085,4983.968,"Mount",0.110,0.060,0.074,-0.101,0.000,0.000,0,,0,,,,812372,457.54,0
2086,4986.323,"Mount",0.027,-0.184,0.104,0.155,0.000,0.000,0,,0,,,,807663,450.39,0
2087,4988.515,"Mount",0.001,-0.070,0.031,0.063,0.000,0.000,0,,0,,,,791139,415.00,0
2088,4990.920,"Mount",0.227,-0.157,0.272,0.044,0.171,0.000,34,W,0,,,,801231,426.01,0
2089,4993.224,"Mount",-0.831,0.020,-0.758,0.340,-0.466,0.000,91,E,0,,,,813038,480.16,0
2090,4995.640,"Mount",0.274,-0.176,0.323,0.041,0.171,0.000,33,W,0,,,,806288,450.17,0
2091,4997.810,"Mount",-0.040,-0.160,0.032,0.161,0.000,0.000,0,,0,,,,825838,438.40,0
2092,5000.151,"Mount",-0.240,-0.017,-0.210,0.118,0.000,0.000,0,,0,,,,859508,484.12,0
2093,5002.416,"Mount",-0.516,0.050,-0.488,0.177,-0.307,0.000,60,E,0,,,,765674,464.46,0
2094,5004.772,"Mount",-0.129,0.041,-0.134,0.018,0.000,0.000,0,,0,,,,801624,480.36,0
2095,5006.949,"Mount",-0.150,-0.043,-0.117,0.103,0.000,0.000,0,,0,,,,816740,469.66,0
2096,5009.426,"Mount",0.322,-0.165,0.362,0.010,0.228,0.000,45,W,0,,,,857267,502.07,0
2097,5011.696,"Mount",-0.201,0.125,-0.235,-0.026,-0.132,0.000,26,E,0,,,,832096,431.64,0
2098,5014.120,"Mount",-0.276,0.112,-0.298,0.018,-0.197,0.000,39,E,0,,,,789595,469.11,0
2099,5016.315,"Mount",-0.016,0.048,-0.035,-0.036,0.000,0.000,0,,0,,,,788647,471.01,0
2100,5018.760,"Mount",-0.595,0.185,-0.617,0.089,-0.389,0.000,76,E,0,,,,796917,440.45,0
2101,5020.941,"Mount",0.025,-0.097,0.065,0.077,0.000,0.000,0,,0,,,,822166,508.41,0
2102,5023.360,"Mount",0.215,-0.301,0.324,0.179,0.204,0.000,40,W,0,,,,787099,415.09,0
2103,5025.542,"Mount",-0.224,-0.041,-0.184,0.133,0.000,0.000,0,,0,,,,822983,461.94,0
2104,5028.024,"Mount",-0.352,0.021,-0.327,0.133,-0.206,0.000,40,E,0,,,,844970,489.74,0
2105,5030.320,"Mount",-0.624,0.186,-0.643,0.101,-0.419,0.000,82,E,0,,,,779345,427.67,0
2106,5032.816,"Mount",-0.898,0.138,-0.870,0.261,-0.577,0.000,113,E,0,,,,810117,461.71,0
2107,5035.016,"Mount",0.159,-0.075,0.175,-0.001,0.000,0.000,0,,0,,,,801839,473.46,0
2108,5037.352,"Mount",-0.070,0.022,-0.073,0.010,0.000,0.000,0,,0,,,,807533,468.58,0
2109,5039.616,"Mount",0.221,-0.380,0.363,0.248,0.229,0.000,45,W,0,,,,799249,512.95,0
2110,5042.040,"Mount",0.220,-0.253,0.308,0.134,0.210,0.000,41,W,0,,,,785548,425.36,0
2111,5044.308,"Mount",0.281,-0.444,0.445,0.279,0.295,0.000,58,W,0,,,,827893,475.40,0
2112,5046.773,"Mount",0.377,-0.480,0.547,0.271,0.365,0.000,72,W,0,,,,838139,467.42,0
2113,5048.962,"Mount",0.057,-0.289,0.176,0.236,0.000,0.000,0,,0,,,,822902,480.76,0
2114,5051.400,"Mount",0.136,-0.254,0.232,0.170,0.146,0.000,29,W,0,,,,847754,505.46,0
2115,5053.555,"Mount",-0.124,-0.043,-0.093,0.092,0.000,0.000,0,,0,,,,839727,475.44,0
2116,5055.992,"Mount",-0.312,0.001,-0.282,0.134,-0.177,0.000,35,E,0,,,,824117,513.04,0
2117,5058.168,"Mount",-0.013,-0.223,0.084,0.207,0.000,0.000,0,,0,,,,798278,422.76,0
2118,5060.592,"Mount",-0.450,0.015,-0.413,0.180,-0.260,0.000,51,E,0,,,,840279,527.73,0
2119,5062.856,"Mount",0.332,-0.293,0.426,0.122,0.250,0.000,49,W,0,,,,795604,387.92,0
2120,5065.496,"Mount",-1.029,-0.163,-0.858,0.590,-0.523,0.590,103,E,120,S,,,846166,449.93,0
2121,5067.681,"Mount",-0.059,0.008,-0.057,0.018,0.000,0.000,0,,0,,,,796435,487.71,0
2122,5070.184,"Mount",0.903,-0.558,1.055,0.115,0.665,0.000,130,W,0,,,,793618,487.81,0
2123,5072.456,"Mount",-0.538,0.050,-0.507,0.187,-0.273,0.000,53,E,0,,,,838816,483.49,0
2124,5074.816,"Mount",-0.017,-0.024,-0.005,0.029,0.000,0.000,0,,0,,,,789105,445.97,0
2125,5077.144,"Mount",-0.688,0.279,-0.741,0.044,-0.467,0.000,91,E,0,,,,827435,477.23,0
2126,5079.618,"Mount",0.304,-0.280,0.395,0.122,0.216,0.000,42,W,0,,,,805476,445.21,0
2127,5081.904,"Mount",0.434,-0.067,0.421,-0.126,0.280,0.000,55,W,0,,,,836641,427.43,0
2128,5084.411,"Mount",0.711,-0.050,0.664,-0.261,0.438,0.000,86,W,0,,,,775714,450.57,0
2129,5086.588,"Mount",0.035,-0.064,0.059,0.043,0.000,0.000,0,,0,,,,790667,418.90,0
2130,5088.958,"Mount",0.141,-0.068,0.156,0.001,0.000,0.000,0,,0,,,,809514,495.48,0
2131,5091.232,"Mount",0.268,-0.178,0.319,0.045,0.201,0.000,39,W,0,,,,812681,463.58,0
2132,5093.680,"Mount",-0.577,0.416,-0.700,-0.127,-0.427,0.000,84,E,0,,,,868862,508.24,0
2133,5095.960,"Mount",-0.467,0.162,-0.491,0.054,-0.340,0.000,67,E,0,,,,799672,520.43,0
2134,5098.448,"Mount",-0.668,0.323,-0.742,-0.004,-0.491,0.000,96,E,0,,,,794997,449.42,0
2135,5100.769,"Mount",-0.749,0.446,-0.868,-0.081,-0.581,0.000,114,E,0,,,,796211,449.90,0
2136,5103.200,"Mount",-0.226,0.192,-0.287,-0.076,-0.221,0.000,43,E,0,,,,797359,448.28,0
2137,5105.382,"Mount",-0.084,0.046,-0.095,-0.005,0.000,0.000,0,,0,,,,836124,446.33,0
2138,5107.784,"Mount",0.238,-0.046,0.235,-0.061,0.148,0.000,29,W,0,,,,781245,467.08,0
2139,5110.064,"Mount",0.592,-0.066,0.562,-0.195,0.365,0.000,71,W,0,,,,775077,461.18,0
2140,5112.512,"Mount",0.295,-0.314,0.402,0.156,0.279,0.000,55,W,0,,,,818230,443.06,0
2141,5114.760,"Mount",0.308,-0.032,0.291,-0.104,0.203,0.000,40,W,0,,,,799994,451.24,0
2142,5117.216,"Mount",-0.242,0.240,-0.322,-0.113,-0.189,0.000,37,E,0,,,,813491,437.48,0
2143,5119.528,"Mount",-0.650,0.489,-0.798,-0.162,-0.516,0.000,101,E,0,,,,799516,464.30,0
2144,5121.952,"Mount",-0.228,0.235,-0.307,-0.114,-0.229,0.000,45,E,0,,,,797921,444.74,0
2145,5124.264,"Mount",-0.709,0.424,-0.822,-0.078,-0.534,0.000,105,E,0,,,,809845,468.71,0
2146,5126.617,"Mount",-0.128,0.198,-0.201,-0.124,0.000,0.000,0,,0,,,,839404,510.97,0
2147,5128.928,"Mount",-0.891,0.159,-0.873,0.240,-0.550,0.000,108,E,0,,,,808438,464.13,0
2148,5131.440,"Mount",0.198,-0.302,0.309,0.187,0.156,0.000,31,W,0,,,,761418,446.13,0
2149,5133.680,"Mount",0.205,-0.192,0.268,0.085,0.179,0.000,35,W,0,,,,807294,501.40,0
2150,5136.104,"Mount",0.140,-0.337,0.272,0.244,0.184,0.000,36,W,0,,,,839586,464.25,0
2151,5138.392,"Mount",-0.288,0.017,-0.268,0.109,-0.156,0.000,31,E,0,,,,806069,452.75,0
2152,5140.808,"Mount",-0.187,0.223,-0.264,-0.121,-0.177,0.000,35,E,0,,,,818185,485.46,0
2153,5143.120,"Mount",-0.658,0.193,-0.677,0.109,-0.439,0.000,86,E,0,,,,814074,459.98,0
2154,5145.648,"Mount",0.770,-0.232,0.795,-0.122,0.470,0.000,92,W,0,,,,800879,494.10,0
2155,5147.825,"Mount",0.084,0.021,0.067,-0.056,0.000,0.000,0,,0,,,,809215,468.63,0
2156,5150.232,"Mount",0.275,-0.237,0.350,0.095,0.221,0.000,43,W,0,,,,787945,442.06,0
2157,5152.488,"Mount",0.324,-0.194,0.376,0.036,0.253,0.000,49,W,0,,,,815345,432.59,0
2158,5154.928,"Mount",0.271,-0.096,0.286,-0.030,0.198,0.000,39,W,0,,,,804783,460.60,0
2159,5157.107,"Mount",-0.047,-0.084,-0.007,0.096,0.000,0.000,0,,0,,,,766488,445.84,0
2160,5159.452,"Mount",-0.031,-0.056,-0.004,0.064,0.000,0.000,0,,0,,,,804430,464.26,0
2161,5161.665,"Mount",-0.221,-0.070,-0.170,0.158,0.000,0.000,0,,0,,,,800203,434.50,0
2162,5164.120,"Mount",-0.490,0.606,-0.703,-0.336,-0.443,0.000,87,E,0,,,,788798,440.20,0
2163,5166.384,"Mount",-0.267,0.058,-0.266,0.063,-0.199,0.000,39,E,0,,,,782151,436.95,0
2164,5168.725,"Mount",0.041,-0.201,0.124,0.164,0.000,0.000,0,,0,,,,838853,471.62,0
2165,5170.899,"Mount",0.122,-0.193,0.193,0.122,0.000,0.000,0,,0,,,,824445,463.78,0
2166,5173.328,"Mount",0.434,-0.179,0.469,-0.025,0.295,0.000,58,W,0,,,,779882,434.35,0
2167,5175.595,"Mount",0.294,-0.020,0.274,-0.109,0.193,0.000,38,W,0,,,,780612,425.94,0
2168,5177.935,"Mount",-0.057,-0.030,-0.039,0.052,0.000,0.000,0,,0,,,,812045,444.62,0
2169,5180.184,"Mount",-0.312,0.066,-0.310,0.075,-0.195,0.000,38,E,0,,,,790327,481.95,0
2170,5182.632,"Mount",-0.509,0.051,-0.481,0.173,-0.317,0.000,62,E,0,,,,796130,511.59,0
2171,5184.936,"Mount",-0.609,0.202,-0.637,0.080,-0.423,0.000,83,E,0,,,,825293,451.53,0
2172,5187.283,"Mount",0.185,0.047,0.146,-0.122,0.000,0.000,0,,0,,,,799979,440.33,0
2173,5189.474,"Mount",-0.160,-0.009,-0.141,0.077,0.000,0.000,0,,0,,,,810834,504.33,0
2174,5191.920,"Mount",-0.292,0.149,-0.327,-0.009,-0.206,0.000,40,E,0,,,,815626,441.40,0
2175,5194.092,"Mount",0.078,-0.168,0.143,0.118,0.000,0.000,0,,0,,,,795912,465.46,0
2176,5196.544,"Mount",0.377,-0.364,0.497,0.166,0.313,0.000,61,W,0,,,,818312,474.22,0
2177,5198.840,"Mount",0.740,-0.171,0.741,-0.164,0.489,0.000,96,W,0,,,,837431,472.25,0
2178,5201.328,"Mount",0.332,-0.176,0.376,0.016,0.271,0.000,53,W,0,,,,808060,458.12,0
2179,5203.664,"Mount",0.479,-0.127,0.487,-0.092,0.326,0.000,64,W,0,,,,791504,453.13,0
2180,5206.104,"Mount",-0.315,0.151,-0.350,-0.000,-0.197,0.000,39,E,0,,,,803866,417.41,0
2181,5208.368,"Mount",0.465,-0.066,0.448,-0.141,0.268,0.000,53,W,0,,,,805980,479.88,0
2182,5210.710,"Mount",0.059,-0.004,0.055,-0.021,0.000,0.000,0,,0,,,,822969,495.39,0
2183,5212.960,"Mount",0.410,-0.114,0.419,-0.073,0.264,0.000,52,W,0,,,,832437,435.44,0
2184,5215.840,"Mount",-2.464,0.200,-2.310,0.880,-1.437,0.880,281,E,179,S,,,769402,422.86,0
2185,5218.376,"Mount",-1.025,-0.317,-0.789,0.727,-0.598,0.727,117,E,148,S,,,822937,473.37,0
2186,5220.920,"Mount",1.693,0.331,1.386,-1.027,0.831,0.000,163,W,0,,,,808079,487.16,0
2187,5223.272,"Mount",-1.201,0.656,-1.367,-0.075,-0.803,0.000,157,E,0,,,,792809,436.23,0
2188,5225.777,"Mount",-0.687,0.837,-0.980,-0.460,-0.674,0.000,132,E,0,,,,784339,389.90,0
2189,5228.016,"Mount",0.889,0.703,0.499,-1.017,0.268,0.000,52,W,0,,,,805604,477.63,0
2190,5231.792,"Mount",2.239,0.182,1.942,-1.128,1.242,-1.128,243,W,1115,N,,,831165,466.02,0
2191,5234.408,"Mount",1.359,0.695,0.928,-1.212,0.671,-1.212,132,W,247,N,,,796490,457.15,0
2192,5236.840,"Mount",-0.370,0.273,-0.451,-0.087,-0.237,0.000,46,E,0,,,,801070,463.14,0
2193,5239.216,"Mount",0.966,-0.714,1.179,0.229,0.726,0.000,142,W,0,,,,846888,503.82,0
2194,5241.598,"Mount",-0.198,-0.034,-0.164,0.116,0.000,0.000,0,,0,,,,787754,476.57,0
2195,5243.840,"Mount",-0.246,0.328,-0.363,-0.190,-0.229,0.000,45,E,0,,,,819266,474.10,0
2196,5246.320,"Mount",-0.368,0.277,-0.451,-0.092,-0.300,0.000,59,E,0,,,,802114,469.38,0
2197,5248.712,"Mount",-1.255,0.376,-1.295,0.201,-0.837,0.000,164,E,0,,,,828843,460.46,0
2198,5251.192,"Mount",-0.443,0.368,-0.558,-0.142,-0.410,0.000,80,E,0,,,,824587,470.24,0
2199,5253.366,"Mount",-0.139,0.038,-0.142,0.026,0.000,0.000,0,,0,,,,810860,430.19,0
2200,5255.713,"Mount",0.113,-0.216,0.195,0.147,0.000,0.000,0,,0,,,,848026,481.74,0
2201,5257.976,"Mount",0.322,-0.303,0.421,0.134,0.265,0.000,52,W,0,,,,797384,457.09,0
2202,5260.408,"Mount",0.284,-0.139,0.316,0.003,0.217,0.000,43,W,0,,,,802108,464.57,0
2203,5262.696,"Mount",0.652,-0.010,0.593,-0.272,0.389,0.000,76,W,0,,,,791458,435.61,0
2204,5265.184,"Mount",0.238,-0.092,0.255,-0.019,0.188,0.000,37,W,0,,,,836922,483.98,0
2205,5267.372,"Mount",0.134,-0.108,0.167,0.040,0.000,0.000,0,,0,,,,817734,448.93,0
2206,5269.784,"Mount",-0.438,0.002,-0.396,0.187,-0.250,0.000,49,E,0,,,,772372,474.68,0
2207,5272.049,"Mount",-0.270,0.251,-0.352,-0.110,-0.239,0.000,47,E,0,,,,790591,441.26,0
2208,5274.416,"Mount",-0.075,-0.034,-0.053,0.063,0.000,0.000,0,,0,,,,752195,433.00,0
2209,5276.673,"Mount",-0.442,0.199,-0.485,0.011,-0.305,0.000,60,E,0,,,,769123,427.07,0
2210,5279.023,"Mount",-0.172,0.028,-0.167,0.049,0.000,0.000,0,,0,,,,773638,415.42,0
2211,5281.219,"Mount",0.190,-0.069,0.201,-0.020,0.000,0.000,0,,0,,,,802267,476.11,0
2212,5283.557,"Mount",-0.118,0.049,-0.127,0.007,0.000,0.000,0,,0,,,,811557,480.68,0
2213,5285.792,"Mount",0.268,-0.106,0.288,-0.020,0.181,0.000,36,W,0,,,,790191,444.91,0
2214,5288.274,"Mount",-0.860,0.331,-0.919,0.072,-0.566,0.000,111,E,0,,,,793837,469.29,0
2215,5290.592,"Mount",-0.650,0.426,-0.770,-0.105,-0.525,0.000,103,E,0,,,,807132,500.56,0
2216,5293.049,"Mount",-0.398,0.216,-0.453,-0.024,-0.322,0.000,63,E,0,,,,782027,432.61,0
2217,5295.225,"Mount",-0.033,0.114,-0.079,-0.089,0.000,0.000,0,,0,,,,784336,435.83,0
2218,5297.664,"Mount",-0.542,0.190,-0.571,0.062,-0.360,0.000,70,E,0,,,,814654,484.74,0
2219,5299.904,"Mount",0.308,-0.044,0.297,-0.093,0.162,0.000,32,W,0,,,,835408,452.02,0
2220,5302.376,"Mount",0.608,-0.350,0.699,0.054,0.452,0.000,89,W,0,,,,784690,405.43,0
2221,5304.656,"Mount",0.525,-0.081,0.509,-0.153,0.352,0.000,69,W,0,,,,779352,453.57,0
2222,5307.192,"Mount",-0.780,0.029,-0.717,0.310,-0.427,0.000,84,E,0,,,,844953,488.68,0
2223,5309.488,"Mount",-0.628,0.066,-0.595,0.211,-0.405,0.000,79,E,0,,,,775881,409.55,0
2224,5311.832,"Mount",-0.114,-0.099,-0.060,0.138,0.000,0.000,0,,0,,,,800085,488.10,0
2225,5314.088,"Mount",0.321,-0.352,0.441,0.180,0.278,0.000,54,W,0,,,,785482,410.76,0
2226,5316.451,"Mount",-0.075,0.062,-0.094,-0.024,0.000,0.000,0,,0,,,,793767,434.71,0
2227,5318.625,"Mount",-0.037,0.041,-0.051,-0.021,0.000,0.000,0,,0,,,,815920,449.20,0
2228,5320.990,"Mount",-0.206,-0.034,-0.171,0.119,0.000,0.000,0,,0,,,,802509,457.65,0
2229,5323.248,"Mount",0.517,0.027,0.455,-0.247,0.287,0.000,56,W,0,,,,778251,446.39,0
2230,5325.696,"Mount",0.439,-0.198,0.482,-0.010,0.323,0.000,63,W,0,,,,797760,470.94,0
2231,5328.008,"Mount",-0.396,0.368,-0.516,-0.162,-0.302,0.000,59,E,0,,,,795292,451.91,0
2232,5330.472,"Mount",-0.442,0.192,-0.482,0.017,-0.325,0.000,64,E,0,,,,797388,453.33,0
2233,5332.736,"Mount",-0.313,0.211,-0.373,-0.056,-0.258,0.000,50,E,0,,,,813208,447.62,0
2234,5335.184,"Mount",0.479,0.061,0.406,-0.261,0.238,0.000,47,W,0,,,,804738,515.94,0
2235,5337.365,"Mount",0.104,-0.117,0.145,0.061,0.000,0.000,0,,0,,,,823105,490.91,0
2236,5339.784,"Mount",-0.433,0.011,-0.396,0.176,-0.249,0.000,49,E,0,,,,841518,528.27,0
2237,5342.040,"Mount",0.285,0.023,0.248,-0.144,0.139,0.000,27,W,0,,,,796376,450.10,0
2238,5344.569,"Mount",0.872,-0.375,0.949,-0.037,0.607,0.000,119,W,0,,,,829363,492.80,0
2239,5346.872,"Mount",0.587,-0.319,0.667,0.035,0.463,0.000,91,W,0,,,,794762,425.81,0
2240,5349.228,"Mount",0.198,-0.040,0.196,-0.049,0.000,0.000,0,,0,,,,834156,455.91,0
2241,5351.520,"Mount",0.591,-0.279,0.653,-0.002,0.412,0.000,81,W,0,,,,788086,460.44,0
2242,5353.865,"Mount",-0.058,0.119,-0.103,-0.082,0.000,0.000,0,,0,,,,829519,447.99,0
2243,5356.043,"Mount",-0.217,-0.201,-0.109,0.275,0.000,0.000,0,,0,,,,808772,448.99,0
2244,5358.488,"Mount",-0.351,0.019,-0.325,0.134,-0.205,0.000,40,E,0,,,,828916,465.33,0
2245,5360.744,"Mount",0.217,-0.124,0.249,0.018,0.143,0.000,28,W,0,,,,795541,465.16,0
2246,5363.208,"Mount",0.349,-0.189,0.396,0.021,0.259,0.000,51,W,0,,,,841097,464.72,0
2247,5365.512,"Mount",0.448,-0.237,0.506,0.022,0.337,0.000,66,W,0,,,,784088,434.22,0
2248,5367.858,"Mount",0.220,0.032,0.185,-0.124,0.000,0.000,0,,0,,,,809823,449.44,0
INFO: SET LOCK POSITION, new lock pos = 39.580, 782.984
INFO: DITHER by -3.527, -3.341, new lock pos = 37.834, 787.518
INFO: SETTLING STATE CHANGE, Settling started
2249,5372.760,"Mount",1.746,-4.534,3.527,3.341,3.527,3.341,691,W,1567,S,,,818984,459.43,0
2250,5375.608,"Mount",-1.107,-1.313,-0.434,1.662,-0.274,1.662,54,E,339,S,,,838807,478.84,0
2251,5378.089,"Mount",0.346,-0.917,0.707,0.679,0.426,0.679,83,W,139,S,,,821176,500.71,0
2252,5380.446,"Mount",0.310,0.435,0.092,-0.526,0.000,0.000,0,,0,,,,797394,493.15,0
2253,5382.696,"Mount",0.645,0.445,0.390,-0.679,0.246,0.000,48,W,0,,,,781297,445.37,0
2254,5385.232,"Mount",1.126,0.249,0.910,-0.710,0.590,0.000,116,W,0,,,,787937,481.28,0
2255,5387.512,"Mount",0.640,0.500,0.362,-0.727,0.269,0.000,53,W,0,,,,805054,513.33,0
INFO: SETTLING STATE CHANGE, Settling complete
2256,5389.896,"Mount",0.011,0.567,-0.235,-0.517,-0.129,0.000,25,E,0,,,,813579,501.49,0
2257,5392.144,"Mount",0.030,0.789,-0.313,-0.725,-0.206,0.000,40,E,0,,,,823496,459.61,0
2258,5394.640,"Mount",-0.413,0.869,-0.747,-0.606,-0.485,0.000,95,E,0,,,,833468,499.47,0
2259,5397.904,"Mount",0.248,0.433,0.038,-0.498,0.000,-0.498,0,,987,N,,,805746,475.32,0
2260,5400.632,"Mount",-1.281,1.037,-1.603,-0.385,-1.010,-0.385,198,E,79,N,,,818407,496.57,0
2261,5402.968,"Mount",-0.833,0.306,-0.883,0.083,-0.627,0.000,123,E,0,,,,837532,534.48,0
2262,5405.432,"Mount",-0.408,0.100,-0.412,0.085,-0.303,0.000,59,E,0,,,,821025,442.76,0
2263,5407.752,"Mount",0.762,-0.421,0.869,0.052,0.526,0.000,103,W,0,,,,814437,436.80,0
2264,5410.528,"Mount",1.846,-0.174,1.741,-0.637,1.134,-0.637,222,W,130,N,,,781849,460.15,0
2265,5413.008,"Mount",1.117,-0.106,1.054,-0.385,0.743,-0.385,146,W,79,N,,,790745,512.05,0
2266,5415.353,"Mount",0.018,-0.279,0.136,0.244,0.000,0.000,0,,0,,,,781694,407.97,0
2267,5417.529,"Mount",-0.055,0.014,-0.056,0.011,0.000,0.000,0,,0,,,,816797,493.28,0
2268,5420.096,"Mount",-1.774,0.021,-1.611,0.744,-1.015,0.000,199,E,0,,,,788168,395.91,0
2269,5422.488,"Mount",-1.533,-0.089,-1.345,0.740,-0.918,0.000,180,E,0,,,,773689,449.47,0
2270,5425.041,"Mount",0.953,-0.904,1.249,0.405,0.722,0.000,142,W,0,,,,826772,494.87,0
2271,5427.378,"Mount",0.595,-0.580,0.786,0.267,0.546,0.000,107,W,0,,,,798138,476.21,0
2272,5429.801,"Mount",0.006,-0.570,0.251,0.512,0.196,0.000,38,W,0,,,,798970,513.32,0
2273,5432.064,"Mount",0.266,-0.496,0.454,0.333,0.300,0.000,59,W,0,,,,804888,461.48,0
2274,5434.440,"Mount",-0.011,-0.322,0.128,0.296,0.000,0.000,0,,0,,,,787434,419.37,0
2275,5437.744,"Mount",-0.599,-0.271,-0.424,0.502,-0.267,0.502,52,E,987,S,,,785943,437.07,0
2276,5440.176,"Mount",0.299,-0.261,0.382,0.107,0.222,0.000,44,W,0,,,,827056,493.93,0
2277,5442.464,"Mount",-0.503,0.175,-0.529,0.058,-0.318,0.000,62,E,0,,,,855525,496.45,0
2278,5444.896,"Mount",-0.278,0.066,-0.279,0.060,-0.198,0.000,39,E,0,,,,845876,480.86,0
2279,5447.152,"Mount",0.415,-0.004,0.377,-0.175,0.223,0.000,44,W,0,,,,810249,465.00,0
2280,5449.576,"Mount",0.332,0.055,0.276,-0.193,0.189,0.000,37,W,0,,,,812670,454.72,0
2281,5451.841,"Mount",-0.559,0.031,-0.518,0.213,-0.313,0.000,61,E,0,,,,832364,453.16,0
2282,5454.195,"Mount",-0.087,-0.037,-0.063,0.071,0.000,0.000,0,,0,,,,773975,425.51,0
2283,5456.480,"Mount",0.324,-0.135,0.351,-0.017,0.221,0.000,43,W,0,,,,810456,496.50,0
2284,5458.823,"Mount",0.062,0.148,-0.008,-0.161,0.000,0.000,0,,0,,,,794950,479.51,0
2285,5461.007,"Mount",0.057,0.148,-0.012,-0.159,0.000,0.000,0,,0,,,,788492,480.43,0
2286,5463.346,"Mount",0.152,0.157,0.069,-0.207,0.000,0.000,0,,0,,,,807040,492.26,0
2287,5465.525,"Mount",-0.075,0.218,-0.162,-0.165,0.000,0.000,0,,0,,,,836622,536.97,0
2288,5467.869,"Mount",0.218,0.038,0.181,-0.128,0.000,0.000,0,,0,,,,765770,479.89,0
2289,5470.044,"Mount",-0.030,0.043,-0.045,-0.026,0.000,0.000,0,,0,,,,819806,468.35,0
2290,5472.492,"Mount",0.405,-0.080,0.400,-0.102,0.252,0.000,49,W,0,,,,830589,464.68,0
2291,5474.816,"Mount",0.694,-0.299,0.755,-0.029,0.493,0.000,97,W,0,,,,788588,500.13,0
2292,5477.288,"Mount",-0.465,0.034,-0.434,0.170,-0.239,0.000,47,E,0,,,,820668,508.59,0
2293,5479.536,"Mount",-0.260,0.034,-0.249,0.081,-0.174,0.000,34,E,0,,,,805825,448.73,0
2294,5482.017,"Mount",-0.650,0.276,-0.706,0.031,-0.457,0.000,89,E,0,,,,791499,459.47,0
2295,5484.205,"Mount",0.179,0.047,0.141,-0.119,0.000,0.000,0,,0,,,,793175,490.10,0
2296,5486.640,"Mount",-0.500,0.031,-0.465,0.187,-0.293,0.000,57,E,0,,,,815637,475.04,0
2297,5488.824,"Mount",0.176,-0.082,0.194,-0.001,0.000,0.000,0,,0,,,,828289,517.77,0
2298,5491.296,"Mount",0.630,-0.030,0.582,-0.244,0.367,0.000,72,W,0,,,,789557,455.76,0
2299,5493.832,"Mount",0.181,-0.692,0.461,0.547,0.316,0.547,62,W,112,S,,,775652,461.53,0
2300,5496.297,"Mount",0.696,-0.131,0.685,-0.182,0.453,0.000,89,W,0,,,,809123,457.68,0
2301,5498.491,"Mount",-0.290,-0.118,-0.211,0.231,0.000,0.000,0,,0,,,,795907,450.50,0
2302,5500.836,"Mount",-0.064,-0.015,-0.051,0.041,0.000,0.000,0,,0,,,,836524,519.73,0
2303,5503.104,"Mount",-0.274,0.318,-0.384,-0.169,-0.242,0.000,47,E,0,,,,809325,477.56,0
2304,5505.528,"Mount",0.380,0.042,0.325,-0.202,0.188,0.000,37,W,0,,,,782652,479.62,0
2305,5507.808,"Mount",-0.581,0.014,-0.531,0.237,-0.321,0.000,63,E,0,,,,810740,508.62,0
2306,5510.268,"Mount",0.316,-0.186,0.365,0.031,0.208,0.000,41,W,0,,,,837688,521.89,0
2307,5512.451,"Mount",-0.023,0.077,-0.054,-0.059,0.000,0.000,0,,0,,,,828041,522.33,0
2308,5514.929,"Mount",-0.674,0.304,-0.739,0.016,-0.466,0.000,91,E,0,,,,792583,420.56,0
2309,5517.115,"Mount",0.210,0.029,0.177,-0.117,0.000,0.000,0,,0,,,,813377,465.57,0
2310,5519.560,"Mount",0.534,0.086,0.445,-0.307,0.280,0.000,55,W,0,,,,791529,460.13,0
2311,5521.848,"Mount",0.173,-0.258,0.268,0.158,0.188,0.000,37,W,0,,,,783145,499.69,0
2312,5524.319,"Mount",-0.601,0.189,-0.623,0.088,-0.380,0.000,74,E,0,,,,838365,498.67,0
2313,5526.778,"Mount",-1.018,0.081,-0.953,0.365,-0.627,0.365,123,E,74,S,,,871924,464.10,0
2314,5529.135,"Mount",0.222,0.142,0.139,-0.224,0.000,0.000,0,,0,,,,778813,452.82,0
2315,5531.457,"Mount",-0.420,0.205,-0.468,-0.004,-0.295,0.000,58,E,0,,,,789613,448.06,0
2316,5533.864,"Mount",-0.294,0.222,-0.361,-0.074,-0.248,0.000,49,E,0,,,,782134,458.88,0
2317,5536.144,"Mount",-0.421,-0.159,-0.311,0.325,-0.213,0.000,42,E,0,,,,804542,444.27,0
2318,5538.600,"Mount",0.317,-0.285,0.409,0.121,0.243,0.000,48,W,0,,,,806227,485.66,0
2319,5540.874,"Mount",-0.611,0.108,-0.598,0.165,-0.360,0.000,71,E,0,,,,831425,438.33,0
2320,5543.505,"Mount",-1.673,0.923,-1.907,-0.113,-1.227,0.000,240,E,0,,,,767644,436.23,0
2321,5545.809,"Mount",1.296,0.458,0.973,-0.971,0.527,0.000,103,W,0,,,,842895,488.02,0
2322,5548.360,"Mount",1.486,0.153,1.276,-0.778,0.841,0.000,165,W,0,,,,814001,484.75,0
2323,5550.530,"Mount",0.162,0.128,0.092,-0.185,0.000,0.000,0,,0,,,,803891,481.09,0
2324,5552.986,"Mount",-0.602,0.150,-0.608,0.124,-0.383,0.000,75,E,0,,,,843665,470.90,0
2325,5555.264,"Mount",0.235,-0.211,0.303,0.089,0.164,0.000,32,W,0,,,,781037,511.43,0
2326,5557.760,"Mount",0.856,-0.248,0.879,-0.145,0.565,0.000,111,W,0,,,,807380,460.80,0
2327,5560.032,"Mount",0.460,-0.043,0.434,-0.159,0.313,0.000,61,W,0,,,,822673,471.03,0
2328,5562.456,"Mount",-0.063,0.573,-0.304,-0.490,-0.169,0.000,33,E,0,,,,807943,464.26,0
2329,5564.816,"Mount",-0.812,0.653,-1.014,-0.240,-0.650,0.000,127,E,0,,,,786999,473.65,0
2330,5567.201,"Mount",0.271,0.201,0.158,-0.298,0.000,0.000,0,,0,,,,766490,429.07,0
2331,5569.373,"Mount",0.198,0.002,0.178,-0.087,0.000,0.000,0,,0,,,,815570,482.82,0
2332,5571.707,"Mount",0.116,0.168,0.033,-0.201,0.000,0.000,0,,0,,,,801866,460.74,0
2333,5573.878,"Mount",0.289,0.168,0.188,-0.276,0.000,0.000,0,,0,,,,807191,484.65,0
2334,5576.355,"Mount",0.076,0.372,-0.092,-0.369,0.000,0.000,0,,0,,,,797123,451.29,0
2335,5579.641,"Mount",0.515,0.239,0.362,-0.438,0.228,-0.438,45,W,974,N,,,803141,498.27,0
2336,5582.153,"Mount",-0.948,0.657,-1.139,-0.185,-0.701,0.000,137,E,0,,,,781637,441.56,0
2337,5584.432,"Mount",0.477,-0.036,0.446,-0.173,0.232,0.000,45,W,0,,,,830527,430.20,0
2338,5586.984,"Mount",0.452,0.191,0.325,-0.367,0.221,-0.367,43,W,75,N,,,769844,416.22,0
2339,5589.256,"Mount",-0.269,0.295,-0.370,-0.151,-0.218,0.000,43,E,0,,,,782519,479.89,0
2340,5591.637,"Mount",0.071,0.107,0.018,-0.127,0.000,0.000,0,,0,,,,806394,468.58,0
2341,5593.815,"Mount",0.304,0.234,0.174,-0.342,0.000,0.000,0,,0,,,,762500,441.32,0
2342,5596.169,"Mount",0.019,-0.041,0.035,0.029,0.000,0.000,0,,0,,,,792393,445.14,0
2343,5598.464,"Mount",-0.463,0.056,-0.441,0.149,-0.278,0.000,54,E,0,,,,813528,458.18,0
2344,5600.791,"Mount",0.040,0.119,-0.015,-0.125,0.000,0.000,0,,0,,,,822977,473.95,0
2345,5602.983,"Mount",0.092,-0.008,0.087,-0.033,0.000,0.000,0,,0,,,,791814,488.46,0
2346,5605.440,"Mount",0.694,-0.114,0.676,-0.196,0.426,0.000,83,W,0,,,,816408,474.71,0
2347,5607.623,"Mount",-0.070,0.036,-0.079,-0.002,0.000,0.000,0,,0,,,,804494,455.53,0
2348,5610.064,"Mount",-0.423,0.192,-0.465,0.009,-0.293,0.000,57,E,0,,,,830792,448.96,0
2349,5612.360,"Mount",-0.413,0.244,-0.478,-0.043,-0.321,0.000,63,E,0,,,,777312,501.76,0
2350,5614.712,"Mount",0.167,0.018,0.143,-0.088,0.000,0.000,0,,0,,,,829361,493.13,0
2351,5616.900,"Mount",0.073,-0.012,0.071,-0.021,0.000,0.000,0,,0,,,,784849,488.61,0
2352,5619.378,"Mount",0.805,-0.232,0.826,-0.137,0.521,0.000,102,W,0,,,,819005,509.33,0
2353,5621.673,"Mount",0.490,-0.056,0.467,-0.160,0.331,0.000,65,W,0,,,,789051,482.73,0
2354,5624.118,"Mount",0.220,0.055,0.175,-0.144,0.000,0.000,0,,0,,,,760875,462.02,0
2355,5626.457,"Mount",-0.802,0.402,-0.897,-0.017,-0.565,0.000,111,E,0,,,,829017,451.89,0
2356,5628.889,"Mount",-0.216,0.183,-0.274,-0.072,-0.212,0.000,42,E,0,,,,807064,475.38,0
2357,5631.176,"Mount",0.577,0.052,0.499,-0.295,0.299,0.000,59,W,0,,,,830411,487.81,0
2358,5633.608,"Mount",-0.395,0.221,-0.451,-0.029,-0.263,0.000,52,E,0,,,,791027,463.61,0
2359,5635.769,"Mount",-0.067,0.067,-0.089,-0.032,0.000,0.000,0,,0,,,,757688,476.50,0
2360,5638.234,"Mount",0.515,0.053,0.442,-0.270,0.278,0.000,55,W,0,,,,802345,514.30,0
2361,5640.412,"Mount",0.245,0.064,0.193,-0.163,0.000,0.000,0,,0,,,,802419,498.91,0
2362,5642.848,"Mount",0.504,-0.001,0.455,-0.216,0.287,0.000,56,W,0,,,,801817,443.05,0
2363,5645.160,"Mount",0.648,-0.094,0.625,-0.194,0.414,0.000,81,W,0,,,,789850,488.10,0
2364,5647.521,"Mount",-0.122,0.159,-0.179,-0.091,0.000,0.000,0,,0,,,,822721,470.55,0
2365,5649.700,"Mount",-0.101,0.008,-0.095,0.036,0.000,0.000,0,,0,,,,829983,487.03,0
2366,5652.113,"Mount",0.408,0.055,0.344,-0.225,0.217,0.000,42,W,0,,,,808018,473.62,0
2367,5654.334,"Mount",-0.094,-0.006,-0.082,0.046,0.000,0.000,0,,0,,,,809275,449.42,0
2368,5656.752,"Mount",0.469,0.096,0.382,-0.288,0.241,0.000,47,W,0,,,,855778,500.85,0
2369,5659.009,"Mount",0.026,0.210,-0.067,-0.201,0.000,0.000,0,,0,,,,783473,477.88,0
2370,5661.424,"Mount",0.393,0.130,0.299,-0.286,0.188,0.000,37,W,0,,,,820847,466.51,0
2371,5663.674,"Mount",-0.232,0.340,-0.356,-0.208,-0.211,0.000,41,E,0,,,,830316,455.52,0
2372,5666.128,"Mount",0.514,-0.017,0.471,-0.206,0.282,0.000,55,W,0,,,,825058,471.19,0
2373,5668.440,"Mount",0.647,-0.072,0.615,-0.213,0.407,0.000,80,W,0,,,,810465,483.25,0
2374,5670.872,"Mount",-0.265,0.176,-0.315,-0.045,-0.170,0.000,33,E,0,,,,832156,479.62,0
2375,5673.144,"Mount",-0.365,0.220,-0.424,-0.042,-0.279,0.000,55,E,0,,,,799032,480.07,0
2376,5675.584,"Mount",0.274,-0.132,0.304,0.002,0.172,0.000,34,W,0,,,,770730,443.79,0
2377,5677.888,"Mount",0.767,-0.219,0.787,-0.132,0.508,0.000,99,W,0,,,,786947,460.81,0
2378,5680.315,"Mount",0.375,0.144,0.277,-0.291,0.210,0.000,41,W,0,,,,783222,458.76,0
2379,5682.500,"Mount",0.333,0.228,0.203,-0.349,0.000,0.000,0,,0,,,,829604,469.69,0
2380,5685.017,"Mount",-0.575,0.215,-0.611,0.053,-0.385,0.000,75,E,0,,,,823139,471.78,0
2381,5687.225,"Mount",-0.155,0.106,-0.186,-0.029,0.000,0.000,0,,0,,,,810309,468.88,0
2382,5689.706,"Mount",-0.841,0.256,-0.869,0.131,-0.548,0.000,107,E,0,,,,825899,448.17,0
2383,5691.953,"Mount",-0.282,0.005,-0.257,0.117,-0.200,0.000,39,E,0,,,,802203,473.59,0
2384,5694.456,"Mount",0.850,-0.105,0.812,-0.270,0.498,0.000,97,W,0,,,,805758,458.51,0
2385,5696.696,"Mount",-0.228,0.069,-0.236,0.035,-0.114,0.000,22,E,0,,,,822541,505.47,0
2386,5699.124,"Mount",-0.125,0.292,-0.238,-0.210,-0.158,0.000,31,E,0,,,,782367,448.94,0
2387,5701.384,"Mount",0.449,0.069,0.375,-0.255,0.225,0.000,44,W,0,,,,786925,489.68,0
2388,5703.840,"Mount",-0.685,0.208,-0.708,0.107,-0.430,0.000,84,E,0,,,,797566,450.31,0
2389,5706.024,"Mount",0.144,-0.109,0.177,0.036,0.000,0.000,0,,0,,,,819871,487.62,0
2390,5708.380,"Mount",0.234,0.061,0.185,-0.156,0.000,0.000,0,,0,,,,789328,467.32,0
2391,5710.770,"Mount",0.979,-0.145,0.946,-0.291,0.596,0.000,117,W,0,,,,825862,463.33,0
2392,5713.184,"Mount",0.310,0.053,0.257,-0.181,0.204,0.000,40,W,0,,,,793154,492.38,0
2393,5715.365,"Mount",0.238,0.136,0.156,-0.225,0.000,0.000,0,,0,,,,792755,443.38,0
2394,5717.700,"Mount",0.283,0.076,0.223,-0.190,0.000,0.000,0,,0,,,,786188,448.21,0
2395,5719.936,"Mount",0.302,0.097,0.231,-0.218,0.145,0.000,28,W,0,,,,853597,502.47,0
2396,5722.361,"Mount",-0.251,0.274,-0.344,-0.139,-0.207,0.000,41,E,0,,,,814075,472.32,0
2397,5724.624,"Mount",-0.344,0.306,-0.443,-0.128,-0.293,0.000,57,E,0,,,,801992,471.60,0
2398,5727.040,"Mount",-0.145,0.277,-0.250,-0.188,-0.178,0.000,35,E,0,,,,787285,453.00,0
2399,5729.320,"Mount",-0.244,0.245,-0.326,-0.116,-0.218,0.000,43,E,0,,,,796467,433.63,0
2400,5731.710,"Mount",0.000,0.231,-0.099,-0.209,0.000,0.000,0,,0,,,,774650,435.54,0
2401,5733.880,"Mount",0.047,0.074,0.010,-0.087,0.000,0.000,0,,0,,,,755875,492.73,0
2402,5736.221,"Mount",-0.119,0.266,-0.222,-0.189,0.000,0.000,0,,0,,,,797215,478.77,0
2403,5738.537,"Mount",-0.473,0.101,-0.470,0.112,-0.296,0.000,58,E,0,,,,848408,447.84,0
2404,5741.072,"Mount",-0.984,0.582,-1.139,-0.102,-0.738,0.000,145,E,0,,,,809710,448.04,0
2405,5743.245,"Mount",0.078,0.149,0.006,-0.168,0.000,0.000,0,,0,,,,806150,452.38,0
2406,5745.736,"Mount",-0.742,0.200,-0.756,0.139,-0.476,0.000,93,E,0,,,,800696,455.85,0
2407,5747.920,"Mount",-0.032,-0.119,0.022,0.121,0.000,0.000,0,,0,,,,834627,491.70,0
2408,5750.286,"Mount",0.069,-0.041,0.080,0.007,0.000,0.000,0,,0,,,,838970,487.07,0
2409,5752.537,"Mount",-0.393,0.032,-0.369,0.141,-0.232,0.000,45,E,0,,,,807707,461.79,0
2410,5755.017,"Mount",0.534,-0.168,0.554,-0.078,0.333,0.000,65,W,0,,,,799201,511.76,0
2411,5757.207,"Mount",0.007,0.198,-0.079,-0.182,0.000,0.000,0,,0,,,,834573,426.12,0
2412,5759.632,"Mount",-0.339,-0.032,-0.292,0.175,-0.184,0.000,36,E,0,,,,804819,451.23,0
2413,5761.928,"Mount",-0.200,0.177,-0.256,-0.074,-0.174,0.000,34,E,0,,,,801310,420.78,0
2414,5764.368,"Mount",-0.251,0.202,-0.313,-0.074,-0.209,0.000,41,E,0,,,,791732,428.57,0
2415,5766.545,"Mount",0.131,0.037,0.102,-0.090,0.000,0.000,0,,0,,,,813183,454.39,0
2416,5768.992,"Mount",0.480,-0.031,0.447,-0.179,0.281,0.000,55,W,0,,,,826146,434.64,0
2417,5771.199,"Mount",0.101,0.073,0.060,-0.110,0.000,0.000,0,,0,,,,806526,513.65,0
2418,5773.600,"Mount",0.300,-0.089,0.309,-0.049,0.195,0.000,38,W,0,,,,805108,487.57,0
2419,5775.840,"Mount",-0.233,0.127,-0.265,-0.014,-0.154,0.000,30,E,0,,,,796620,483.04,0
2420,5778.328,"Mount",-0.736,0.370,-0.824,-0.017,-0.530,0.000,104,E,0,,,,793575,474.79,0
2421,5780.681,"Mount",-1.022,0.436,-1.111,0.046,-0.737,0.000,144,E,0,,,,825913,424.32,0
2422,5783.176,"Mount",0.410,-0.124,0.424,-0.065,0.215,0.000,42,W,0,,,,774859,487.24,0
2423,5785.417,"Mount",-0.246,0.265,-0.336,-0.133,-0.197,0.000,39,E,0,,,,820533,491.46,0
2424,5787.762,"Mount",0.166,-0.117,0.200,0.034,0.000,0.000,0,,0,,,,807501,487.32,0
2425,5789.936,"Mount",0.190,-0.058,0.196,-0.029,0.000,0.000,0,,0,,,,804120,462.63,0
2426,5792.392,"Mount",0.402,-0.311,0.497,0.108,0.313,0.000,61,W,0,,,,824163,491.34,0
2427,5794.664,"Mount",0.334,-0.292,0.427,0.120,0.291,0.000,57,W,0,,,,781771,463.45,0
2428,5797.120,"Mount",0.425,0.014,0.378,-0.195,0.258,0.000,51,W,0,,,,808876,458.87,0
2429,5799.305,"Mount",0.016,-0.127,0.069,0.108,0.000,0.000,0,,0,,,,781384,466.63,0
2430,5801.690,"Mount",-0.159,0.065,-0.171,0.010,0.000,0.000,0,,0,,,,820310,517.69,0
2431,5803.961,"Mount",-0.164,0.217,-0.242,-0.125,-0.152,0.000,30,E,0,,,,767574,474.97,0
2432,5806.448,"Mount",-0.676,0.163,-0.680,0.143,-0.439,0.000,86,E,0,,,,809618,500.24,0
2433,5808.622,"Mount",-0.251,-0.006,-0.224,0.114,0.000,0.000,0,,0,,,,812190,446.72,0
2434,5811.052,"Mount",-0.232,0.127,-0.264,-0.014,-0.167,0.000,33,E,0,,,,806228,477.65,0
2435,5813.376,"Mount",-0.813,0.077,-0.767,0.280,-0.495,0.000,97,E,0,,,,777653,476.64,0
2436,5815.848,"Mount",0.715,-0.404,0.819,0.057,0.482,0.000,94,W,0,,,,834239,471.09,0
2437,5818.152,"Mount",0.631,-0.101,0.613,-0.180,0.420,0.000,82,W,0,,,,802979,453.57,0
2438,5820.577,"Mount",-0.292,0.211,-0.355,-0.065,-0.194,0.000,38,E,0,,,,813796,520.27,0
2439,5822.840,"Mount",-0.343,0.299,-0.438,-0.123,-0.290,0.000,57,E,0,,,,785757,447.06,0
2440,5825.212,"Mount",-0.086,0.079,-0.112,-0.034,0.000,0.000,0,,0,,,,768717,442.42,0
2441,5827.472,"Mount",-0.385,0.082,-0.383,0.092,-0.241,0.000,47,E,0,,,,809074,500.50,0
2442,5829.888,"Mount",-0.291,-0.042,-0.245,0.163,-0.171,0.000,34,E,0,,,,814191,498.51,0
2443,5832.177,"Mount",0.654,-0.098,0.632,-0.193,0.386,0.000,76,W,0,,,,792640,448.54,0
2444,5834.598,"Mount",0.146,-0.091,0.171,0.019,0.000,0.000,0,,0,,,,801325,485.52,0
2445,5836.992,"Mount",-1.477,0.580,-1.583,0.112,-0.997,0.000,195,E,0,,,,814781,446.00,0
2446,5839.457,"Mount",0.782,-0.061,0.732,-0.281,0.392,0.000,77,W,0,,,,809088,486.99,0
2447,5841.674,"Mount",-0.059,-0.122,-0.001,0.135,0.000,0.000,0,,0,,,,781391,503.17,0
2448,5844.097,"Mount",0.367,-0.202,0.418,0.024,0.263,0.000,52,W,0,,,,823096,475.78,0
2449,5846.409,"Mount",0.430,-0.063,0.415,-0.128,0.280,0.000,55,W,0,,,,781345,450.54,0
2450,5848.758,"Mount",-0.133,0.119,-0.171,-0.050,0.000,0.000,0,,0,,,,813807,425.22,0
2451,5851.200,"Mount",-1.750,0.676,-1.871,0.143,-1.178,0.000,231,E,0,,,,766426,427.32,0
2452,5853.816,"Mount",-1.870,0.373,-1.848,0.468,-1.247,0.000,244,E,0,,,,791531,425.77,0
2453,5856.130,"Mount",0.614,-0.162,0.623,-0.118,0.305,0.000,60,W,0,,,,801142,441.03,0
2454,5858.712,"Mount",1.247,-0.640,1.401,0.041,0.904,0.000,177,W,0,,,,809824,510.69,0
2455,5861.176,"Mount",1.812,-0.580,1.885,-0.257,1.251,0.000,245,W,0,,,,807505,461.18,0
2456,5863.553,"Mount",0.003,0.082,-0.033,-0.075,0.000,0.000,0,,0,,,,830054,466.43,0
2457,5865.776,"Mount",-0.159,-0.065,-0.116,0.127,0.000,0.000,0,,0,,,,808131,437.22,0
2458,5868.241,"Mount",-0.560,0.162,-0.575,0.095,-0.362,0.000,71,E,0,,,,848132,505.27,0
2459,5870.528,"Mount",-0.570,-0.019,-0.506,0.262,-0.344,0.000,67,E,0,,,,808902,478.41,0
2460,5872.953,"Mount",-0.338,0.151,-0.370,0.010,-0.257,0.000,50,E,0,,,,795435,485.66,0
2461,5875.232,"Mount",-0.538,-0.030,-0.473,0.259,-0.316,0.000,62,E,0,,,,820964,474.37,0
2462,5877.585,"Mount",0.278,0.126,0.197,-0.233,0.000,0.000,0,,0,,,,834468,476.55,0
2463,5879.824,"Mount",0.341,0.049,0.287,-0.191,0.181,0.000,35,W,0,,,,841130,527.88,0
2464,5882.232,"Mount",0.292,0.006,0.261,-0.131,0.177,0.000,35,W,0,,,,828193,505.06,0
2465,5884.528,"Mount",-0.544,0.200,-0.577,0.054,-0.351,0.000,69,E,0,,,,816831,512.29,0
2466,5886.984,"Mount",-0.652,0.076,-0.621,0.212,-0.416,0.000,81,E,0,,,,810399,459.16,0
2467,5889.361,"Mount",-1.209,0.343,-1.239,0.211,-0.810,0.000,159,E,0,,,,767055,442.44,0
2468,5891.725,"Mount",-0.038,0.110,-0.082,-0.083,0.000,0.000,0,,0,,,,843115,462.85,0
2469,5894.001,"Mount",-0.674,0.184,-0.687,0.123,-0.433,0.000,85,E,0,,,,763115,435.88,0
2470,5896.448,"Mount",0.413,-0.076,0.405,-0.109,0.225,0.000,44,W,0,,,,775333,443.93,0
2471,5898.729,"Mount",0.405,-0.241,0.470,0.043,0.312,0.000,61,W,0,,,,829497,506.14,0
2472,5901.192,"Mount",-0.589,0.310,-0.665,-0.027,-0.397,0.000,78,E,0,,,,810776,472.44,0
2473,5903.432,"Mount",0.293,0.020,0.256,-0.144,0.134,0.000,26,W,0,,,,806988,479.74,0
2474,5905.772,"Mount",0.151,-0.007,0.140,-0.059,0.000,0.000,0,,0,,,,834131,505.27,0
2475,5907.945,"Mount",0.181,0.037,0.147,-0.111,0.000,0.000,0,,0,,,,802898,468.98,0
2476,5910.368,"Mount",-0.362,-0.138,-0.267,0.281,-0.168,0.000,33,E,0,,,,809331,428.72,0
2477,5912.537,"Mount",-0.189,-0.196,-0.086,0.258,0.000,0.000,0,,0,,,,826883,477.71,0
2478,5914.992,"Mount",0.359,-0.019,0.332,-0.137,0.209,0.000,41,W,0,,,,792498,457.74,0
2479,5917.242,"Mount",-0.402,0.136,-0.422,0.051,-0.251,0.000,49,E,0,,,,848055,471.04,0
2480,5919.603,"Mount",-0.079,-0.012,-0.066,0.044,0.000,0.000,0,,0,,,,826037,515.88,0
2481,5921.842,"Mount",-0.095,0.010,-0.090,0.032,0.000,0.000,0,,0,,,,792131,460.02,0
2482,5924.296,"Mount",0.488,-0.046,0.460,-0.169,0.290,0.000,57,W,0,,,,778285,434.80,0
2483,5926.722,"Mount",-1.489,0.530,-1.572,0.162,-0.970,0.000,190,E,0,,,,790043,472.16,0
2484,5929.079,"Mount",-0.132,0.164,-0.190,-0.092,0.000,0.000,0,,0,,,,791987,459.39,0
2485,5931.312,"Mount",0.344,0.053,0.288,-0.196,0.181,0.000,36,W,0,,,,810135,468.37,0
2486,5933.793,"Mount",0.788,-0.207,0.800,-0.152,0.517,0.000,101,W,0,,,,838119,477.74,0
2487,5936.072,"Mount",0.372,0.051,0.313,-0.206,0.234,0.000,46,W,0,,,,788178,434.09,0
2488,5938.428,"Mount",0.088,-0.180,0.157,0.125,0.000,0.000,0,,0,,,,827829,465.66,0
2489,5940.766,"Mount",-0.829,0.223,-0.845,0.155,-0.532,0.000,104,E,0,,,,787912,485.98,0
2490,5943.266,"Mount",1.096,-0.322,1.128,-0.181,0.673,0.000,132,W,0,,,,829526,488.47,0
2491,5945.680,"Mount",1.420,-0.632,1.554,-0.041,1.026,0.000,201,W,0,,,,820573,506.97,0
2492,5948.031,"Mount",-0.001,-0.023,0.010,0.021,0.000,0.000,0,,0,,,,844744,465.78,0
2493,5950.281,"Mount",0.290,-0.312,0.396,0.157,0.249,0.000,49,W,0,,,,835611,551.82,0
2494,5952.761,"Mount",-0.913,-0.051,-0.802,0.439,-0.488,0.000,96,E,0,,,,796292,436.90,0
2495,5955.056,"Mount",-0.298,0.209,-0.359,-0.060,-0.260,0.000,51,E,0,,,,829696,472.02,0
2496,5957.529,"Mount",-0.583,0.064,-0.553,0.193,-0.367,0.000,72,E,0,,,,782676,445.26,0
2497,5959.801,"Mount",0.471,-0.542,0.658,0.286,0.389,0.000,76,W,0,,,,772579,464.48,0
2498,5962.320,"Mount",1.067,-0.282,1.084,-0.205,0.710,0.000,139,W,0,,,,784431,474.31,0
2499,5964.593,"Mount",0.421,-0.025,0.391,-0.159,0.296,0.000,58,W,0,,,,832887,509.26,0
2500,5967.192,"Mount",-1.634,0.347,-1.624,0.390,-1.003,0.000,196,E,0,,,,718423,417.54,0
2501,5969.488,"Mount",0.410,0.013,0.364,-0.188,0.159,0.000,31,W,0,,,,808128,467.74,0
2502,5971.904,"Mount",0.258,-0.202,0.320,0.071,0.213,0.000,42,W,0,,,,798687,465.62,0
2503,5974.169,"Mount",0.333,-0.271,0.417,0.101,0.278,0.000,54,W,0,,,,796756,452.75,0
2504,5976.524,"Mount",0.219,0.153,0.132,-0.233,0.000,0.000,0,,0,,,,791143,461.94,0
2505,5978.801,"Mount",-0.654,0.075,-0.623,0.214,-0.392,0.000,77,E,0,,,,830378,505.25,0
2506,5981.296,"Mount",0.558,-0.091,0.543,-0.158,0.315,0.000,62,W,0,,,,812887,458.88,0
2507,5983.576,"Mount",0.604,0.018,0.537,-0.276,0.360,0.000,71,W,0,,,,812962,471.14,0
2508,5986.002,"Mount",0.384,0.136,0.288,-0.288,0.207,0.000,41,W,0,,,,808810,460.05,0
2509,5988.195,"Mount",-0.208,0.031,-0.202,0.061,0.000,0.000,0,,0,,,,830686,465.60,0
2510,5990.625,"Mount",-0.195,0.193,-0.259,-0.090,-0.163,0.000,32,E,0,,,,775470,414.72,0
2511,5992.811,"Mount",0.052,-0.134,0.104,0.099,0.000,0.000,0,,0,,,,799207,454.45,0
2512,5995.288,"Mount",-0.826,0.074,-0.778,0.289,-0.490,0.000,96,E,0,,,,809374,435.28,0
INFO: SET LOCK POSITION, new lock pos = 37.834, 787.518
INFO: DITHER by 4.885, -0.543, new lock pos = 42.478, 785.905
INFO: SETTLING STATE CHANGE, Settling started
2513,5999.833,"Mount",-4.643,1.612,-4.885,0.543,-4.885,0.543,957,E,1074,S,,,823362,437.71,0
2514,6002.361,"Mount",-1.172,-0.064,-1.030,0.562,-0.649,0.000,127,E,0,,,,816605,489.93,0
2515,6004.542,"Mount",-0.275,-0.271,-0.131,0.363,0.000,0.000,0,,0,,,,813876,516.95,0
2516,6007.040,"Mount",0.623,-0.600,0.821,0.274,0.517,0.000,101,W,0,,,,789047,457.52,0
2517,6009.329,"Mount",0.354,-0.514,0.541,0.312,0.377,0.000,74,W,0,,,,772509,415.04,0
2518,6011.920,"Mount",0.211,-0.578,0.439,0.431,0.303,0.431,59,W,88,S,,,832419,506.82,0
INFO: SETTLING STATE CHANGE, Settling complete
2519,6014.122,"Mount",0.001,-0.157,0.069,0.142,0.000,0.000,0,,0,,,,794422,492.30,0
2520,6016.561,"Mount",-0.189,-0.072,-0.140,0.146,0.000,0.000,0,,0,,,,805849,521.18,0
2521,6018.856,"Mount",-0.677,0.210,-0.702,0.102,-0.442,0.000,87,E,0,,,,805022,436.34,0
2522,6021.195,"Mount",0.001,-0.105,0.046,0.095,0.000,0.000,0,,0,,,,789721,479.94,0
2523,6023.465,"Mount",-0.542,0.227,-0.587,0.028,-0.370,0.000,72,E,0,,,,793245,417.68,0
2524,6025.800,"Mount",0.020,-0.016,0.025,0.006,0.000,0.000,0,,0,,,,777509,497.43,0
2525,6027.970,"Mount",-0.220,0.025,-0.210,0.072,0.000,0.000,0,,0,,,,793072,473.38,0
2526,6030.400,"Mount",0.342,-0.162,0.378,-0.001,0.238,0.000,47,W,0,,,,772138,448.62,0
2527,6032.656,"Mount",-0.474,0.129,-0.484,0.087,-0.288,0.000,56,E,0,,,,820261,490.65,0
2528,6035.248,"Mount",-1.220,0.332,-1.244,0.226,-0.804,0.000,158,E,0,,,,820108,500.86,0
2529,6037.489,"Mount",0.300,-0.097,0.312,-0.042,0.140,0.000,28,W,0,,,,848881,466.18,0
2530,6040.112,"Mount",-1.045,0.065,-0.971,0.391,-0.602,0.391,118,E,80,S,,,802784,469.85,0
2531,6042.657,"Mount",-1.389,0.232,-1.354,0.389,-0.895,0.389,175,E,79,S,,,760280,439.82,0
2532,6045.184,"Mount",1.099,-0.187,1.072,-0.304,0.613,0.000,120,W,0,,,,804465,475.66,0
2533,6047.373,"Mount",0.201,-0.038,0.198,-0.053,0.000,0.000,0,,0,,,,802150,475.30,0
2534,6049.841,"Mount",0.840,-0.120,0.810,-0.253,0.510,0.000,100,W,0,,,,782031,501.42,0
2535,6052.136,"Mount",0.458,0.070,0.383,-0.260,0.277,0.000,54,W,0,,,,799295,504.57,0
2536,6054.632,"Mount",-0.623,0.561,-0.804,-0.238,-0.487,0.000,95,E,0,,,,820528,448.46,0
2537,6056.803,"Mount",0.236,0.148,0.149,-0.235,0.000,0.000,0,,0,,,,818065,462.83,0
2538,6059.320,"Mount",-0.790,0.621,-0.981,-0.221,-0.618,0.000,121,E,0,,,,803236,454.60,0
2539,6061.514,"Mount",0.010,0.192,-0.073,-0.177,0.000,0.000,0,,0,,,,813315,492.89,0
2540,6063.937,"Mount",0.309,-0.093,0.319,-0.049,0.201,0.000,39,W,0,,,,833003,455.25,0
2541,6066.123,"Mount",0.054,-0.006,0.051,-0.018,0.000,0.000,0,,0,,,,810820,497.66,0
2542,6068.593,"Mount",0.759,0.057,0.661,-0.379,0.416,0.000,82,W,0,,,,777630,475.99,0
2543,6070.914,"Mount",1.022,-0.123,0.976,-0.329,0.644,0.000,126,W,0,,,,803049,469.90,0
2544,6073.425,"Mount",1.047,-0.135,1.003,-0.329,0.677,0.000,133,W,0,,,,793185,477.06,0
2545,6075.610,"Mount",0.039,0.430,-0.150,-0.405,0.000,0.000,0,,0,,,,819134,493.15,0
2546,6078.176,"Mount",-1.259,0.842,-1.499,-0.218,-0.945,0.000,185,E,0,,,,794480,535.89,0
2547,6080.489,"Mount",-0.346,0.523,-0.538,-0.324,-0.405,0.000,79,E,0,,,,814721,494.23,0
2548,6082.993,"Mount",-0.597,0.194,-0.622,0.082,-0.420,0.000,82,E,0,,,,753487,457.61,0
2549,6085.289,"Mount",-0.603,0.028,-0.556,0.234,-0.380,0.000,74,E,0,,,,799067,445.82,0
2550,6087.817,"Mount",1.203,-0.192,1.169,-0.345,0.710,0.000,139,W,0,,,,817966,479.53,0
2551,6090.104,"Mount",0.387,-0.331,0.491,0.133,0.359,0.000,70,W,0,,,,791811,465.95,0
2552,6092.576,"Mount",0.641,-0.091,0.618,-0.194,0.414,0.000,81,W,0,,,,802569,461.95,0
2553,6094.881,"Mount",0.601,-0.074,0.574,-0.192,0.391,0.000,77,W,0,,,,785075,519.74,0
2554,6097.329,"Mount",0.407,-0.175,0.443,-0.017,0.307,0.000,60,W,0,,,,800847,448.66,0
2555,6099.656,"Mount",0.876,-0.142,0.852,-0.249,0.558,0.000,109,W,0,,,,805640,508.43,0
2556,6101.998,"Mount",0.072,0.119,0.014,-0.138,0.000,0.000,0,,0,,,,831900,489.32,0
2557,6104.329,"Mount",-0.580,0.329,-0.665,-0.048,-0.419,0.000,82,E,0,,,,806630,471.83,0
2558,6106.833,"Mount",0.935,-0.274,0.962,-0.155,0.576,0.000,113,W,0,,,,801926,457.40,0
2559,6109.021,"Mount",0.068,0.023,0.052,-0.050,0.000,0.000,0,,0,,,,830218,493.38,0
2560,6111.488,"Mount",-0.277,0.428,-0.434,-0.267,-0.274,0.000,54,E,0,,,,852013,519.28,0
2561,6113.738,"Mount",0.408,0.213,0.277,-0.368,0.155,0.000,30,W,0,,,,798199,450.26,0
2562,6116.208,"Mount",0.621,-0.134,0.619,-0.146,0.401,0.000,78,W,0,,,,787793,468.23,0
2563,6118.529,"Mount",0.624,-0.086,0.600,-0.191,0.406,0.000,80,W,0,,,,783132,460.17,0
2564,6120.885,"Mount",0.147,0.288,0.008,-0.323,0.000,0.000,0,,0,,,,826450,498.53,0
2565,6123.053,"Mount",0.282,0.367,0.097,-0.453,0.000,0.000,0,,0,,,,803132,456.70,0
2566,6125.568,"Mount",-0.997,0.500,-1.115,-0.022,-0.703,0.000,138,E,0,,,,780272,429.20,0
2567,6127.808,"Mount",-0.197,0.177,-0.254,-0.075,-0.209,0.000,41,E,0,,,,787671,492.51,0
2568,6130.147,"Mount",-0.093,0.210,-0.175,-0.149,0.000,0.000,0,,0,,,,791581,480.80,0
2569,6133.560,"Mount",0.840,0.321,0.620,-0.651,0.391,-0.651,77,W,1096,N,,,767015,474.36,0
2570,6135.902,"Mount",-0.281,-0.452,-0.059,0.529,0.000,0.000,0,,0,,,,813332,443.47,0
2571,6138.208,"Mount",0.477,-0.795,0.772,0.512,0.487,0.000,95,W,0,,,,750981,440.42,0
2572,6140.657,"Mount",0.440,-0.240,0.500,0.028,0.349,0.000,68,W,0,,,,791418,471.06,0
2573,6142.837,"Mount",-0.019,-0.044,0.002,0.048,0.000,0.000,0,,0,,,,814893,458.86,0
2574,6145.173,"Mount",-0.070,-0.247,0.044,0.253,0.000,0.000,0,,0,,,,825317,458.88,0
2575,6147.425,"Mount",-0.317,0.082,-0.321,0.063,-0.202,0.000,40,E,0,,,,801727,480.56,0
2576,6149.872,"Mount",-0.474,0.142,-0.489,0.076,-0.322,0.000,63,E,0,,,,817101,474.04,0
2577,6152.037,"Mount",-0.351,-0.227,-0.219,0.356,0.000,0.000,0,,0,,,,794623,437.61,0
2578,6154.410,"Mount",0.028,-0.080,0.059,0.060,0.000,0.000,0,,0,,,,804991,483.06,0
2579,6156.680,"Mount",0.300,-0.384,0.436,0.218,0.275,0.000,54,W,0,,,,793818,440.23,0
2580,6159.184,"Mount",0.687,-0.270,0.736,-0.052,0.483,0.000,95,W,0,,,,812030,479.64,0
2581,6161.522,"Mount",0.621,-0.330,0.703,0.031,0.477,0.000,93,W,0,,,,792506,475.07,0
2582,6163.992,"Mount",-0.362,0.034,-0.341,0.125,-0.181,0.000,36,E,0,,,,787188,483.26,0
2583,6166.186,"Mount",0.084,-0.102,0.120,0.056,0.000,0.000,0,,0,,,,783778,480.61,0
2584,6168.534,"Mount",-0.198,0.076,-0.212,0.017,0.000,0.000,0,,0,,,,762812,465.80,0
2585,6170.777,"Mount",-0.345,0.016,-0.318,0.134,-0.201,0.000,39,E,0,,,,787039,447.74,0
2586,6173.136,"Mount",-0.092,-0.020,-0.075,0.058,0.000,0.000,0,,0,,,,834488,522.94,0
2587,6175.385,"Mount",-0.361,0.060,-0.351,0.101,-0.221,0.000,43,E,0,,,,791767,468.51,0
2588,6177.730,"Mount",0.021,0.046,-0.001,-0.050,0.000,0.000,0,,0,,,,780052,438.01,0
2589,6179.968,"Mount",-0.206,0.107,-0.232,-0.008,-0.146,0.000,29,E,0,,,,787414,481.71,0
2590,6182.488,"Mount",-0.985,0.149,-0.954,0.290,-0.611,0.000,120,E,0,,,,801399,435.76,0
2591,6184.665,"Mount",0.042,-0.122,0.090,0.092,0.000,0.000,0,,0,,,,806628,471.70,0
2592,6187.145,"Mount",0.561,-0.464,0.706,0.177,0.445,0.000,87,W,0,,,,794614,493.82,0
2593,6189.326,"Mount",0.019,-0.118,0.068,0.098,0.000,0.000,0,,0,,,,821590,469.39,0
2594,6191.692,"Mount",-0.080,0.002,-0.073,0.032,0.000,0.000,0,,0,,,,799167,463.16,0
2595,6193.856,"Mount",0.093,-0.158,0.152,0.103,0.000,0.000,0,,0,,,,784211,479.46,0
2596,6196.210,"Mount",0.039,-0.004,0.037,-0.013,0.000,0.000,0,,0,,,,811748,508.22,0
2597,6198.505,"Mount",-0.715,0.005,-0.648,0.304,-0.408,0.000,80,E,0,,,,779607,448.68,0
2598,6200.912,"Mount",-0.541,-0.344,-0.341,0.543,-0.243,0.000,48,E,0,,,,817761,447.68,0
2599,6203.152,"Mount",0.192,-0.262,0.286,0.154,0.163,0.000,32,W,0,,,,805708,502.27,0
2600,6205.585,"Mount",0.218,-0.338,0.342,0.212,0.227,0.000,45,W,0,,,,800320,498.63,0
2601,6207.764,"Mount",0.077,0.010,0.065,-0.042,0.000,0.000,0,,0,,,,811495,472.09,0
2602,6210.242,"Mount",-0.669,0.308,-0.736,0.010,-0.464,0.000,91,E,0,,,,781202,464.48,0
2603,6212.439,"Mount",0.002,0.013,-0.004,-0.013,0.000,0.000,0,,0,,,,770532,497.42,0
2604,6214.790,"Mount",-0.107,0.062,-0.123,-0.010,0.000,0.000,0,,0,,,,793346,472.65,0
2605,6216.981,"Mount",-0.043,0.004,-0.040,0.015,0.000,0.000,0,,0,,,,804220,483.23,0
2606,6219.326,"Mount",-0.276,-0.233,-0.149,0.329,0.000,0.000,0,,0,,,,807953,521.40,0
2607,6221.529,"Mount",-0.008,-0.246,0.099,0.225,0.000,0.000,0,,0,,,,789043,430.72,0
2608,6223.985,"Mount",0.240,-0.228,0.315,0.103,0.198,0.000,39,W,0,,,,803296,457.95,0
2609,6226.328,"Mount",-0.967,-0.062,-0.846,0.472,-0.519,0.000,102,E,0,,,,808805,487.12,0
2610,6228.818,"Mount",-0.903,-0.050,-0.794,0.434,-0.536,0.000,105,E,0,,,,820986,454.23,0
2611,6232.329,"Mount",-1.214,0.052,-1.118,0.476,-0.742,0.476,145,E,1060,S,,,800654,486.52,0
2612,6234.806,"Mount",0.568,-0.256,0.623,-0.014,0.340,0.000,67,W,0,,,,765513,464.26,0
2613,6237.003,"Mount",0.116,0.008,0.102,-0.057,0.000,0.000,0,,0,,,,802059,433.52,0
2614,6239.497,"Mount",0.881,-0.088,0.833,-0.299,0.525,0.000,103,W,0,,,,818649,471.68,0
2615,6241.732,"Mount",-0.070,0.170,-0.137,-0.123,0.000,0.000,0,,0,,,,801431,526.16,0
2616,6244.184,"Mount",0.791,-0.130,0.770,-0.223,0.485,0.000,95,W,0,,,,809044,476.07,0
2617,6246.497,"Mount",0.700,-0.161,0.701,-0.156,0.475,0.000,93,W,0,,,,777104,470.30,0
2618,6248.912,"Mount",-0.229,0.142,-0.268,-0.030,-0.136,0.000,27,E,0,,,,789699,479.07,0
2619,6251.091,"Mount",0.341,0.206,0.219,-0.333,0.000,0.000,0,,0,,,,797784,442.47,0
2620,6253.552,"Mount",-0.333,0.093,-0.341,0.059,-0.215,0.000,42,E,0,,,,800759,465.54,0
2621,6255.732,"Mount",0.047,-0.128,0.098,0.095,0.000,0.000,0,,0,,,,805031,478.35,0
2622,6258.177,"Mount",-0.566,0.209,-0.601,0.055,-0.378,0.000,74,E,0,,,,806591,488.96,0
2623,6260.369,"Mount",0.153,-0.106,0.183,0.030,0.000,0.000,0,,0,,,,833524,466.74,0
2624,6262.801,"Mount",-0.383,0.227,-0.443,-0.040,-0.279,0.000,55,E,0,,,,798166,496.01,0
2625,6265.121,"Mount",0.607,-0.551,0.785,0.237,0.475,0.000,93,W,0,,,,772626,460.00,0
2626,6267.561,"Mount",0.215,-0.364,0.351,0.236,0.254,0.000,50,W,0,,,,808694,496.29,0
2627,6269.824,"Mount",-0.384,0.301,-0.476,-0.106,-0.282,0.000,55,E,0,,,,709496,413.86,0
2628,6272.353,"Mount",1.078,-0.249,1.080,-0.240,0.661,0.000,129,W,0,,,,831320,521.39,0
2629,6274.536,"Mount",0.030,0.201,-0.060,-0.194,0.000,0.000,0,,0,,,,806434,485.18,0
2630,6276.952,"Mount",0.160,-0.280,0.265,0.184,0.167,0.000,33,W,0,,,,787782,468.91,0
2631,6279.265,"Mount",0.750,0.008,0.674,-0.330,0.436,0.000,85,W,0,,,,787366,459.06,0
2632,6281.635,"Mount",0.319,0.217,0.194,-0.333,0.000,0.000,0,,0,,,,811763,481.57,0
2633,6283.821,"Mount",0.268,0.185,0.162,-0.282,0.000,0.000,0,,0,,,,787433,465.50,0
2634,6286.192,"Mount",-0.089,0.266,-0.195,-0.202,0.000,0.000,0,,0,,,,807661,491.40,0
2635,6288.520,"Mount",0.821,0.005,0.739,-0.358,0.465,0.000,91,W,0,,,,771346,490.92,0
2636,6290.945,"Mount",0.465,0.204,0.332,-0.384,0.242,0.000,47,W,0,,,,767550,464.76,0
2637,6293.140,"Mount",0.098,0.298,-0.040,-0.311,0.000,0.000,0,,0,,,,793963,487.95,0
2638,6295.641,"Mount",-0.700,0.522,-0.857,-0.170,-0.540,0.000,106,E,0,,,,828080,482.92,0
2639,6297.961,"Mount",-0.571,0.592,-0.770,-0.288,-0.523,0.000,102,E,0,,,,798872,519.02,0
2640,6300.307,"Mount",-0.080,0.333,-0.216,-0.266,0.000,0.000,0,,0,,,,804583,507.29,0
2641,6302.487,"Mount",0.170,0.020,0.145,-0.091,0.000,0.000,0,,0,,,,805408,473.79,0
2642,6304.947,"Mount",0.690,0.104,0.578,-0.390,0.364,0.000,71,W,0,,,,782195,509.20,0
2643,6307.137,"Mount",0.241,-0.009,0.221,-0.095,0.000,0.000,0,,0,,,,802950,483.44,0
2644,6309.609,"Mount",0.872,0.007,0.784,-0.381,0.494,0.000,97,W,0,,,,789418,500.74,0
2645,6311.857,"Mount",0.311,0.051,0.258,-0.180,0.197,0.000,39,W,0,,,,798437,504.40,0
2646,6314.336,"Mount",-0.574,0.277,-0.637,-0.003,-0.388,0.000,76,E,0,,,,782906,466.84,0
2647,6316.519,"Mount",0.179,0.265,0.048,-0.316,0.000,0.000,0,,0,,,,778967,460.06,0
2648,6318.961,"Mount",-0.335,0.467,-0.503,-0.277,-0.317,0.000,62,E,0,,,,784827,471.34,0
2649,6321.401,"Mount",-1.456,0.634,-1.587,0.055,-1.022,0.000,200,E,0,,,,786982,449.30,0
2650,6323.738,"Mount",0.010,0.131,-0.047,-0.123,0.000,0.000,0,,0,,,,804815,511.24,0
2651,6326.049,"Mount",-0.523,0.732,-0.787,-0.435,-0.496,0.000,97,E,0,,,,795398,486.23,0
2652,6328.433,"Mount",-0.186,-0.181,-0.090,0.243,0.000,0.000,0,,0,,,,720510,394.89,0
2653,6330.603,"Mount",-0.172,0.086,-0.193,-0.004,0.000,0.000,0,,0,,,,752999,427.55,0
2654,6332.954,"Mount",0.149,0.147,0.071,-0.197,0.000,0.000,0,,0,,,,806841,468.78,0
2655,6335.158,"Mount",0.226,-0.033,0.218,-0.068,0.000,0.000,0,,0,,,,811530,526.34,0
2656,6337.514,"Mount",-0.128,0.052,-0.137,0.008,0.000,0.000,0,,0,,,,795154,431.71,0
2657,6339.687,"Mount",0.079,0.479,-0.135,-0.466,0.000,0.000,0,,0,,,,792545,504.59,0
2658,6342.032,"Mount",0.187,-0.102,0.212,0.012,0.000,0.000,0,,0,,,,822677,484.51,0
2659,6344.239,"Mount",0.307,0.227,0.179,-0.337,0.000,0.000,0,,0,,,,747397,488.43,0
2660,6346.673,"Mount",0.382,0.118,0.294,-0.271,0.185,0.000,36,W,0,,,,796165,462.41,0
2661,6348.847,"Mount",0.147,0.448,-0.061,-0.468,0.000,0.000,0,,0,,,,798570,502.42,0
2662,6351.208,"Mount",-0.132,0.215,-0.212,-0.137,0.000,0.000,0,,0,,,,779970,494.42,0
2663,6353.399,"Mount",0.233,0.254,0.101,-0.329,0.000,0.000,0,,0,,,,774329,453.00,0
2664,6355.733,"Mount",0.002,0.140,-0.058,-0.128,0.000,0.000,0,,0,,,,780532,442.35,0
2665,6357.993,"Mount",-0.263,0.395,-0.407,-0.244,-0.257,0.000,50,E,0,,,,786663,439.84,0
2666,6361.504,"Mount",-0.105,0.516,-0.317,-0.421,-0.218,-0.421,43,E,1049,N,,,821076,496.90,0
2667,6363.680,"Mount",-0.101,0.128,-0.146,-0.073,0.000,0.000,0,,0,,,,804707,485.05,0
2668,6366.031,"Mount",0.006,-0.041,0.023,0.034,0.000,0.000,0,,0,,,,812503,506.94,0
2669,6368.304,"Mount",-0.321,0.120,-0.341,0.030,-0.215,0.000,42,E,0,,,,819713,481.17,0
2670,6370.737,"Mount",0.343,-0.288,0.433,0.113,0.258,0.000,51,W,0,,,,783693,474.34,0
2671,6373.009,"Mount",0.287,-0.500,0.474,0.327,0.317,0.000,62,W,0,,,,790802,461.43,0
2672,6375.350,"Mount",-0.051,-0.055,-0.023,0.071,0.000,0.000,0,,0,,,,833097,484.57,0
2673,6377.601,"Mount",-0.342,-0.068,-0.280,0.209,-0.176,0.000,35,E,0,,,,809847,468.35,0
2674,6379.944,"Mount",-0.099,-0.136,-0.031,0.165,0.000,0.000,0,,0,,,,785207,483.59,0
2675,6382.237,"Mount",-0.694,0.140,-0.687,0.172,-0.433,0.000,85,E,0,,,,804736,483.27,0
2676,6384.737,"Mount",-0.826,0.064,-0.773,0.297,-0.517,0.000,101,E,0,,,,842846,511.43,0
2677,6387.049,"Mount",-0.607,-0.012,-0.543,0.272,-0.378,0.000,74,E,0,,,,802397,465.19,0
2678,6389.553,"Mount",0.849,-0.307,0.899,-0.088,0.540,0.000,106,W,0,,,,797070,489.77,0
2679,6391.758,"Mount",0.018,-0.390,0.184,0.344,0.000,0.000,0,,0,,,,797596,444.25,0
2680,6394.274,"Mount",0.968,-0.588,1.126,0.114,0.710,0.000,139,W,0,,,,782796,457.61,0
2681,6396.593,"Mount",0.255,-0.609,0.492,0.440,0.360,0.000,70,W,0,,,,783210,474.26,0
2682,6399.049,"Mount",-0.533,-0.074,-0.449,0.297,-0.258,0.000,51,E,0,,,,809959,500.95,0
2683,6401.353,"Mount",0.088,-0.700,0.381,0.594,0.222,0.000,43,W,0,,,,799129,474.90,0
2684,6403.754,"Mount",-0.012,-0.361,0.144,0.331,0.000,0.000,0,,0,,,,811761,436.70,0
2685,6405.923,"Mount",0.008,-0.210,0.098,0.186,0.000,0.000,0,,0,,,,786999,488.17,0
2686,6409.448,"Mount",-0.504,-0.295,-0.328,0.484,-0.207,0.484,41,E,1062,S,,,791168,446.18,0
2687,6411.888,"Mount",0.376,-0.597,0.597,0.377,0.361,0.377,71,W,77,S,,,795609,478.28,0
2688,6414.305,"Mount",-0.150,0.241,-0.239,-0.153,-0.125,0.000,25,E,0,,,,805054,443.72,0
2689,6416.585,"Mount",0.590,-0.035,0.548,-0.223,0.336,0.000,66,W,0,,,,792019,474.34,0
2690,6419.115,"Mount",1.120,-0.084,1.047,-0.406,0.683,0.000,134,W,0,,,,796869,472.53,0
2691,6421.304,"Mount",0.032,0.253,-0.080,-0.242,0.000,0.000,0,,0,,,,766473,477.05,0
2692,6423.644,"Mount",0.114,0.155,0.036,-0.189,0.000,0.000,0,,0,,,,812608,529.86,0
2693,6425.814,"Mount",0.280,0.273,0.135,-0.367,0.000,0.000,0,,0,,,,785991,464.34,0
2694,6428.185,"Mount",0.020,0.059,-0.008,-0.062,0.000,0.000,0,,0,,,,786920,513.77,0
2695,6430.489,"Mount",-0.553,0.538,-0.730,-0.247,-0.460,0.000,90,E,0,,,,810225,501.63,0
2696,6432.921,"Mount",-0.171,0.478,-0.360,-0.358,-0.259,0.000,51,E,0,,,,800503,409.02,0
2697,6435.101,"Mount",0.229,0.048,0.186,-0.142,0.000,0.000,0,,0,,,,828589,480.48,0
2698,6437.446,"Mount",0.027,-0.180,0.102,0.150,0.000,0.000,0,,0,,,,797717,492.38,0
2699,6439.689,"Mount",0.271,-0.105,0.290,-0.022,0.182,0.000,36,W,0,,,,798902,428.75,0
2700,6442.029,"Mount",0.238,0.110,0.167,-0.202,0.000,0.000,0,,0,,,,821424,458.40,0
2701,6444.289,"Mount",0.537,0.093,0.445,-0.315,0.280,0.000,55,W,0,,,,766668,445.70,0
2702,6446.681,"Mount",-0.136,0.377,-0.285,-0.282,-0.160,0.000,31,E,0,,,,809130,488.17,0
2703,6448.937,"Mount",0.428,0.278,0.266,-0.435,0.157,0.000,31,W,0,,,,794846,503.94,0
2704,6451.300,"Mount",0.068,0.237,-0.041,-0.243,0.000,0.000,0,,0,,,,768297,516.36,0
2705,6453.537,"Mount",0.211,-0.157,0.258,0.050,0.162,0.000,32,W,0,,,,777535,407.22,0
2706,6455.884,"Mount",0.158,0.309,0.010,-0.347,0.000,0.000,0,,0,,,,789160,493.91,0
2707,6458.153,"Mount",-0.208,0.427,-0.371,-0.296,-0.234,0.000,46,E,0,,,,802661,513.78,0
2708,6460.494,"Mount",-0.065,0.052,-0.081,-0.019,0.000,0.000,0,,0,,,,804134,467.18,0
2709,6462.779,"Mount",-0.425,0.392,-0.552,-0.172,-0.348,0.000,68,E,0,,,,776158,440.88,0
2710,6465.217,"Mount",-0.176,0.490,-0.370,-0.367,-0.257,0.000,50,E,0,,,,815128,511.40,0
2711,6467.402,"Mount",0.356,0.260,0.209,-0.388,0.000,0.000,0,,0,,,,789932,487.34,0
2712,6469.809,"Mount",-0.226,0.352,-0.356,-0.220,-0.224,0.000,44,E,0,,,,784658,471.51,0
2713,6473.064,"Mount",0.023,0.423,-0.162,-0.391,0.000,-0.391,0,,1043,N,,,806210,537.41,0
2714,6475.513,"Mount",-0.382,0.271,-0.461,-0.080,-0.291,0.000,57,E,0,,,,780482,520.63,0
2715,6477.785,"Mount",-0.336,0.271,-0.420,-0.100,-0.285,0.000,56,E,0,,,,797248,466.00,0
2716,6480.297,"Mount",-1.012,0.357,-1.068,0.113,-0.693,0.000,136,E,0,,,,764920,498.32,0
2717,6482.479,"Mount",0.030,-0.070,0.058,0.050,0.000,0.000,0,,0,,,,797571,507.86,0
2718,6484.818,"Mount",0.028,-0.272,0.143,0.234,0.000,0.000,0,,0,,,,795786,459.38,0
2719,6487.105,"Mount",-0.450,0.096,-0.447,0.107,-0.282,0.000,55,E,0,,,,808555,492.85,0
2720,6489.697,"Mount",-1.670,0.196,-1.592,0.541,-1.023,0.000,200,E,0,,,,790514,464.41,0
2721,6492.001,"Mount",-0.688,-0.086,-0.584,0.374,-0.440,0.000,86,E,0,,,,813949,455.25,0
2722,6494.481,"Mount",-0.795,-0.187,-0.637,0.511,-0.432,0.000,85,E,0,,,,838192,512.03,0
2723,6496.819,"Mount",0.702,-0.460,0.831,0.113,0.494,0.000,97,W,0,,,,785363,472.86,0
2724,6499.321,"Mount",0.609,-0.487,0.759,0.178,0.513,0.000,100,W,0,,,,775859,450.66,0
2725,6501.509,"Mount",0.078,-0.085,0.107,0.043,0.000,0.000,0,,0,,,,815963,471.69,0
2726,6503.845,"Mount",0.038,-0.178,0.111,0.145,0.000,0.000,0,,0,,,,802647,454.58,0
2727,6506.027,"Mount",0.120,-0.241,0.212,0.166,0.000,0.000,0,,0,,,,792513,453.59,0
2728,6508.490,"Mount",-0.462,0.114,-0.466,0.096,-0.293,0.000,57,E,0,,,,802938,423.40,0
2729,6510.668,"Mount",0.018,-0.188,0.097,0.162,0.000,0.000,0,,0,,,,807764,496.08,0
2730,6513.137,"Mount",-0.665,0.094,-0.641,0.202,-0.404,0.000,79,E,0,,,,805534,473.78,0
2731,6515.336,"Mount",-0.024,-0.269,0.094,0.253,0.000,0.000,0,,0,,,,797002,501.64,0
2732,6517.793,"Mount",0.176,-0.342,0.306,0.233,0.193,0.000,38,W,0,,,,811212,466.12,0
2733,6520.057,"Mount",0.200,-0.390,0.348,0.266,0.233,0.000,46,W,0,,,,787158,519.38,0
2734,6522.481,"Mount",0.124,-0.273,0.230,0.193,0.161,0.000,32,W,0,,,,784008,446.23,0
2735,6524.793,"Mount",-0.816,0.086,-0.774,0.273,-0.476,0.000,93,E,0,,,,825548,496.13,0
2736,6527.273,"Mount",-0.640,-0.005,-0.576,0.281,-0.396,0.000,78,E,0,,,,789208,492.03,0
2737,6529.545,"Mount",-0.481,-0.057,-0.409,0.259,-0.286,0.000,56,E,0,,,,809348,503.91,0
2738,6531.871,"Mount",-0.067,0.017,-0.068,0.013,0.000,0.000,0,,0,,,,776777,501.86,0
2739,6534.036,"Mount",-0.114,0.019,-0.110,0.032,0.000,0.000,0,,0,,,,783485,424.71,0
2740,6536.404,"Mount",-0.156,0.005,-0.143,0.062,0.000,0.000,0,,0,,,,790950,499.47,0
2741,6538.562,"Mount",0.066,-0.261,0.172,0.207,0.000,0.000,0,,0,,,,793934,460.84,0
2742,6540.935,"Mount",0.036,-0.434,0.220,0.376,0.000,0.000,0,,0,,,,819612,491.38,0
2743,6543.233,"Mount",0.587,-0.423,0.712,0.129,0.449,0.000,88,W,0,,,,805216,485.88,0
2744,6545.777,"Mount",0.972,-0.913,1.270,0.406,0.832,0.000,163,W,0,,,,757299,416.50,0
2745,6549.145,"Mount",0.306,-0.546,0.511,0.361,0.380,0.361,74,W,1037,S,,,777410,494.40,0
2746,6551.504,"Mount",0.127,0.180,0.037,-0.217,0.000,0.000,0,,0,,,,764563,494.58,0
2747,6553.669,"Mount",0.040,-0.013,0.042,-0.006,0.000,0.000,0,,0,,,,815119,510.23,0
2748,6555.996,"Mount",0.195,0.086,0.139,-0.161,0.000,0.000,0,,0,,,,779007,456.98,0
2749,6558.353,"Mount",-0.695,0.657,-0.910,-0.294,-0.573,0.000,112,E,0,,,,796474,489.47,0
2750,6560.801,"Mount",0.571,-0.196,0.600,-0.069,0.338,0.000,66,W,0,,,,811153,503.17,0
2751,6562.984,"Mount",-0.138,0.117,-0.175,-0.046,0.000,0.000,0,,0,,,,764071,465.71,0
2752,6565.433,"Mount",-0.443,0.326,-0.540,-0.104,-0.340,0.000,67,E,0,,,,786634,455.67,0
2753,6567.706,"Mount",0.572,-0.238,0.618,-0.032,0.366,0.000,72,W,0,,,,818232,505.49,0
2754,6570.113,"Mount",0.193,-0.202,0.261,0.100,0.190,0.000,37,W,0,,,,820524,459.25,0
2755,6572.377,"Mount",0.272,-0.189,0.327,0.054,0.220,0.000,43,W,0,,,,792543,472.08,0
2756,6574.849,"Mount",0.634,-0.175,0.648,-0.115,0.424,0.000,83,W,0,,,,775718,476.79,0
2757,6577.113,"Mount",0.244,-0.019,0.228,-0.088,0.173,0.000,34,W,0,,,,786423,430.24,0
2758,6579.601,"Mount",0.372,-0.022,0.345,-0.140,0.230,0.000,45,W,0,,,,788814,479.25,0
2759,6581.801,"Mount",0.039,0.055,0.011,-0.067,0.000,0.000,0,,0,,,,754371,440.38,0
2760,6584.213,"Mount",0.159,-0.049,0.164,-0.024,0.000,0.000,0,,0,,,,779637,483.38,0
2761,6586.423,"Mount",0.202,-0.034,0.198,-0.056,0.000,0.000,0,,0,,,,794274,486.21,0
2762,6588.773,"Mount",0.134,-0.049,0.142,-0.013,0.000,0.000,0,,0,,,,790665,448.48,0
2763,6591.113,"Mount",-0.855,0.308,-0.905,0.091,-0.570,0.000,112,E,0,,,,800795,462.17,0
2764,6593.553,"Mount",-0.341,0.265,-0.422,-0.093,-0.306,0.000,60,E,0,,,,766716,476.95,0
2765,6595.809,"Mount",0.546,-0.022,0.502,-0.216,0.295,0.000,58,W,0,,,,813488,512.04,0
2766,6598.140,"Mount",0.105,0.331,-0.048,-0.344,0.000,0.000,0,,0,,,,799087,533.84,0
2767,6600.481,"Mount",-0.706,0.478,-0.843,-0.128,-0.531,0.000,104,E,0,,,,782709,449.87,0
2768,6602.823,"Mount",0.170,0.004,0.151,-0.077,0.000,0.000,0,,0,,,,814681,517.26,0
2769,6605.082,"Mount",0.215,-0.253,0.303,0.136,0.191,0.000,37,W,0,,,,797222,495.64,0
2770,6607.521,"Mount",-0.312,0.336,-0.426,-0.169,-0.255,0.000,50,E,0,,,,795894,438.88,0
2771,6610.081,"Mount",-1.513,0.049,-1.387,0.607,-0.892,0.607,175,E,124,S,,,775856,445.62,0
2772,6612.521,"Mount",0.657,-0.056,0.618,-0.232,0.327,0.000,64,W,0,,,,789181,489.92,0
2773,6614.938,"Mount",1.342,-0.159,1.279,-0.434,0.829,0.000,162,W,0,,,,774061,506.17,0
2774,6617.323,"Mount",0.064,0.617,-0.208,-0.584,0.000,0.000,0,,0,,,,793083,464.14,0
2775,6619.611,"Mount",-0.166,0.587,-0.402,-0.459,-0.253,0.000,50,E,0,,,,820503,490.21,0
INFO: SET LOCK POSITION, new lock pos = 42.478, 785.905
INFO: DITHER by -3.809, -4.953, new lock pos = 41.171, 792.016
INFO: SETTLING STATE CHANGE, Settling started
2776,6624.570,"Mount",1.306,-6.110,3.809,4.953,3.809,4.953,746,W,1011,S,,,795092,525.59,0
2777,6626.921,"Mount",0.346,0.616,0.047,-0.705,0.000,0.000,0,,0,,,,773033,486.75,0
2778,6629.148,"Mount",0.456,0.720,0.102,-0.846,0.000,0.000,0,,0,,,,783528,482.36,0
2779,6632.809,"Mount",-0.222,0.970,-0.618,-0.780,-0.390,-0.780,76,E,1122,N,,,795199,505.69,0
2780,6635.376,"Mount",-0.192,0.895,-0.559,-0.725,-0.379,-0.725,74,E,148,N,,,768141,478.81,0
INFO: SETTLING STATE CHANGE, Settling complete
2781,6637.732,"Mount",0.040,-0.062,0.063,0.039,0.000,0.000,0,,0,,,,765447,426.48,0
2782,6640.065,"Mount",-0.153,0.243,-0.242,-0.153,-0.153,0.000,30,E,0,,,,766902,485.31,0
2783,6642.461,"Mount",-0.073,-0.064,-0.039,0.089,0.000,0.000,0,,0,,,,774065,469.28,0
2784,6644.781,"Mount",-0.743,-0.256,-0.561,0.550,-0.353,0.000,69,E,0,,,,786657,481.72,0
2785,6647.197,"Mount",0.121,-0.263,0.223,0.185,0.000,0.000,0,,0,,,,804812,473.20,0
2786,6649.396,"Mount",-0.081,-0.139,-0.013,0.160,0.000,0.000,0,,0,,,,777063,444.06,0
2787,6651.834,"Mount",-0.401,-0.603,-0.103,0.717,0.000,0.000,0,,0,,,,785859,486.94,0
2788,6654.009,"Mount",-0.285,-0.328,-0.116,0.419,0.000,0.000,0,,0,,,,816617,497.61,0
2789,6656.497,"Mount",-0.395,-0.118,-0.306,0.277,-0.193,0.000,38,E,0,,,,836382,462.49,0
2790,6660.008,"Mount",-1.271,0.119,-1.198,0.439,-0.768,0.439,151,E,1053,S,,,780511,445.38,0
2791,6662.745,"Mount",-0.724,0.376,-0.815,-0.028,-0.567,0.000,111,E,0,,,,792964,467.33,0
2792,6665.126,"Mount",0.247,0.162,0.153,-0.253,0.000,0.000,0,,0,,,,808209,444.96,0
2793,6667.569,"Mount",0.406,0.206,0.278,-0.360,0.175,0.000,34,W,0,,,,811598,470.15,0
2794,6669.990,"Mount",0.426,0.221,0.289,-0.383,0.194,0.000,38,W,0,,,,796326,436.77,0
2795,6672.409,"Mount",-0.109,0.065,-0.127,-0.012,0.000,0.000,0,,0,,,,751776,461.37,0
2796,6674.681,"Mount",0.385,0.023,0.338,-0.186,0.213,0.000,42,W,0,,,,794519,425.52,0
2797,6677.148,"Mount",0.193,0.159,0.106,-0.227,0.000,0.000,0,,0,,,,814202,454.55,0
2798,6679.401,"Mount",-0.186,0.294,-0.295,-0.185,-0.186,0.000,36,E,0,,,,776971,401.32,0
2799,6681.945,"Mount",-0.461,0.346,-0.565,-0.114,-0.369,0.000,72,E,0,,,,789381,492.33,0
2800,6684.139,"Mount",-0.065,0.190,-0.140,-0.144,0.000,0.000,0,,0,,,,790172,444.14,0
2801,6686.601,"Mount",0.553,-0.013,0.505,-0.226,0.318,0.000,62,W,0,,,,803860,493.28,0
2802,6688.906,"Mount",0.511,0.088,0.423,-0.299,0.289,0.000,57,W,0,,,,787930,465.15,0
2803,6691.418,"Mount",0.847,0.043,0.746,-0.403,0.490,0.000,96,W,0,,,,741978,431.94,0
2804,6693.825,"Mount",0.544,0.001,0.490,-0.235,0.343,0.000,67,W,0,,,,762602,450.56,0
2805,6696.235,"Mount",0.101,0.117,0.041,-0.149,0.000,0.000,0,,0,,,,787671,486.61,0
2806,6698.459,"Mount",0.097,0.023,0.078,-0.062,0.000,0.000,0,,0,,,,790313,450.18,0
2807,6700.914,"Mount",-0.508,0.217,-0.552,0.023,-0.348,0.000,68,E,0,,,,812814,467.84,0
2808,6703.121,"Mount",-0.133,0.218,-0.214,-0.139,0.000,0.000,0,,0,,,,805340,475.46,0
2809,6705.482,"Mount",0.203,0.177,0.107,-0.247,0.000,0.000,0,,0,,,,803934,487.61,0
2810,6707.665,"Mount",0.370,0.294,0.208,-0.424,0.000,0.000,0,,0,,,,803229,476.03,0
2811,6711.114,"Mount",0.379,0.364,0.185,-0.491,0.000,-0.491,0,,1063,N,,,829830,475.76,0
2812,6713.513,"Mount",0.191,-0.090,0.211,-0.001,0.000,0.000,0,,0,,,,815845,452.62,0
2813,6715.868,"Mount",-0.202,-0.152,-0.117,0.224,0.000,0.000,0,,0,,,,802448,448.99,0
2814,6718.145,"Mount",0.429,-0.212,0.479,0.007,0.302,0.000,59,W,0,,,,785401,471.07,0
2815,6720.537,"Mount",-0.363,-0.247,-0.221,0.379,0.000,0.000,0,,0,,,,804908,464.36,0
2816,6722.906,"Mount",-0.560,-0.205,-0.418,0.426,-0.263,0.000,52,E,0,,,,776615,501.73,0
2817,6725.625,"Mount",-1.209,0.046,-1.111,0.479,-0.719,0.000,141,E,0,,,,823554,508.51,0
2818,6727.969,"Mount",1.065,-0.589,1.214,0.073,0.715,0.000,140,W,0,,,,819276,509.93,0
2819,6730.449,"Mount",-0.758,0.120,-0.736,0.218,-0.414,0.000,81,E,0,,,,812361,486.58,0
2820,6732.737,"Mount",0.302,-0.339,0.418,0.176,0.235,0.000,46,W,0,,,,807575,480.15,0
2821,6735.201,"Mount",0.178,-0.346,0.310,0.236,0.212,0.000,41,W,0,,,,799295,513.99,0
2822,6737.423,"Mount",-0.141,-0.233,-0.027,0.271,0.000,0.000,0,,0,,,,804328,514.69,0
2823,6739.897,"Mount",0.542,-0.536,0.720,0.251,0.453,0.000,89,W,0,,,,827261,484.73,0
2824,6742.177,"Mount",0.270,-0.498,0.458,0.333,0.320,0.000,63,W,0,,,,781498,475.81,0
2825,6745.817,"Mount",-0.721,-0.188,-0.570,0.480,-0.337,0.480,66,E,1061,S,,,792808,454.77,0
2826,6748.082,"Mount",-0.368,0.001,-0.333,0.157,-0.233,0.000,46,E,0,,,,803635,437.00,0
2827,6750.657,"Mount",-0.906,0.463,-1.017,-0.028,-0.657,0.000,129,E,0,,,,798593,470.73,0
2828,6752.833,"Mount",-0.055,0.139,-0.110,-0.102,0.000,0.000,0,,0,,,,784997,507.15,0
2829,6755.396,"Mount",0.861,-0.076,0.809,-0.302,0.510,0.000,100,W,0,,,,771836,489.48,0
2830,6757.689,"Mount",0.363,-0.201,0.414,0.026,0.297,0.000,58,W,0,,,,814496,481.37,0
2831,6760.201,"Mount",0.930,-0.103,0.884,-0.308,0.578,0.000,113,W,0,,,,804076,458.50,0
2832,6762.416,"Mount",0.290,0.332,0.119,-0.424,0.000,0.000,0,,0,,,,783310,445.44,0
2833,6764.753,"Mount",0.343,0.366,0.152,-0.478,0.000,0.000,0,,0,,,,771084,436.06,0
2834,6766.999,"Mount",0.183,0.207,0.077,-0.266,0.000,0.000,0,,0,,,,812276,501.86,0
2835,6770.448,"Mount",0.203,0.357,0.029,-0.410,0.000,-0.410,0,,1047,N,,,771681,484.00,0
2836,6772.729,"Mount",-0.370,0.378,-0.497,-0.182,-0.313,0.000,61,E,0,,,,797308,502.47,0
2837,6775.289,"Mount",-0.452,0.462,-0.607,-0.223,-0.405,0.000,79,E,0,,,,824107,483.05,0
2838,6777.658,"Mount",-0.845,0.579,-1.011,-0.159,-0.665,0.000,130,E,0,,,,818803,457.92,0
2839,6780.248,"Mount",0.791,0.038,0.698,-0.375,0.393,-0.375,77,W,77,N,,,783623,462.64,0
2840,6782.799,"Mount",0.920,-0.037,0.846,-0.363,0.561,-0.363,110,W,74,N,,,796131,458.72,0
2841,6785.417,"Mount",-1.161,0.392,-1.217,0.146,-0.727,0.000,142,E,0,,,,788884,446.71,0
2842,6787.761,"Mount",-0.506,0.074,-0.489,0.151,-0.359,0.000,70,E,0,,,,766370,381.63,0
2843,6790.285,"Mount",-0.815,-0.041,-0.718,0.388,-0.478,0.000,94,E,0,,,,810617,439.48,0
2844,6792.516,"Mount",-0.364,-0.263,-0.215,0.394,0.000,0.000,0,,0,,,,810162,472.63,0
2845,6794.906,"Mount",-0.083,-0.178,0.002,0.196,0.000,0.000,0,,0,,,,789966,458.41,0
2846,6797.149,"Mount",0.061,-0.133,0.113,0.094,0.000,0.000,0,,0,,,,811066,473.22,0
2847,6799.642,"Mount",0.466,-0.744,0.741,0.471,0.467,0.000,92,W,0,,,,776212,434.01,0
2848,6801.997,"Mount",0.507,-0.559,0.698,0.286,0.472,0.000,93,W,0,,,,808891,469.57,0
2849,6804.369,"Mount",-0.233,-0.208,-0.121,0.288,0.000,0.000,0,,0,,,,767074,455.17,0
2850,6807.786,"Mount",-0.769,-0.150,-0.630,0.466,-0.397,0.466,78,E,1058,S,,,798303,462.79,0
2851,6810.273,"Mount",-0.406,-0.054,-0.343,0.224,-0.244,0.000,48,E,0,,,,794892,473.74,0
2852,6812.585,"Mount",-0.538,0.081,-0.520,0.159,-0.345,0.000,68,E,0,,,,815291,476.48,0
2853,6814.982,"Mount",-0.050,-0.120,0.007,0.130,0.000,0.000,0,,0,,,,787465,473.90,0
2854,6817.470,"Mount",-0.653,-0.268,-0.474,0.522,-0.299,0.522,59,E,107,S,,,761776,400.24,0
2855,6820.050,"Mount",1.090,0.077,0.951,-0.539,0.578,0.000,113,W,0,,,,814817,446.90,0
2856,6822.388,"Mount",0.250,-0.030,0.239,-0.081,0.191,0.000,37,W,0,,,,781255,449.17,0
2857,6824.938,"Mount",-0.557,0.160,-0.572,0.096,-0.347,0.000,68,E,0,,,,815097,508.64,0
2858,6827.513,"Mount",-0.990,0.125,-0.948,0.313,-0.621,0.000,122,E,0,,,,767897,444.02,0
2859,6830.025,"Mount",1.071,-0.108,1.014,-0.364,0.595,0.000,117,W,0,,,,790077,458.69,0
2860,6832.331,"Mount",0.631,-0.110,0.617,-0.173,0.430,0.000,84,W,0,,,,810481,450.61,0
2861,6834.833,"Mount",0.653,0.189,0.508,-0.451,0.350,0.000,69,W,0,,,,760202,455.84,0
2862,6838.322,"Mount",0.692,0.183,0.546,-0.462,0.368,-0.462,72,W,1057,N,,,792392,481.07,0
2863,6840.781,"Mount",0.563,-0.072,0.540,-0.177,0.366,0.000,72,W,0,,,,766081,458.90,0
2864,6842.989,"Mount",0.089,0.070,0.050,-0.101,0.000,0.000,0,,0,,,,805463,458.87,0
2865,6845.457,"Mount",0.423,-0.178,0.459,-0.021,0.289,0.000,57,W,0,,,,775270,421.58,0
2866,6847.761,"Mount",0.817,-0.057,0.762,-0.300,0.501,0.000,98,W,0,,,,783490,470.61,0
2867,6850.157,"Mount",-0.230,-0.418,-0.028,0.476,0.000,0.000,0,,0,,,,810484,482.17,0
2868,6852.457,"Mount",0.337,-0.270,0.420,0.099,0.265,0.000,52,W,0,,,,808092,472.25,0
2869,6854.804,"Mount",0.071,-0.089,0.103,0.049,0.000,0.000,0,,0,,,,758040,456.55,0
2870,6857.016,"Mount",0.019,-0.181,0.094,0.155,0.000,0.000,0,,0,,,,825109,495.57,0
2871,6859.505,"Mount",0.758,-0.299,0.813,-0.056,0.512,0.000,100,W,0,,,,816843,467.76,0
2872,6861.865,"Mount",0.525,-0.204,0.561,-0.042,0.390,0.000,76,W,0,,,,766817,488.70,0
2873,6864.223,"Mount",0.264,0.036,0.223,-0.146,0.000,0.000,0,,0,,,,774727,439.33,0
2874,6866.562,"Mount",0.574,-0.247,0.624,-0.024,0.393,0.000,77,W,0,,,,774523,450.14,0
2875,6868.930,"Mount",0.033,-0.043,0.048,0.025,0.000,0.000,0,,0,,,,772308,486.88,0
2876,6871.320,"Mount",-0.530,-0.416,-0.299,0.604,-0.189,0.000,37,E,0,,,,778015,451.27,0
2877,6873.745,"Mount",-0.360,-0.031,-0.311,0.183,-0.209,0.000,41,E,0,,,,823070,433.01,0
2878,6876.073,"Mount",0.970,-0.313,1.010,-0.135,0.622,0.000,122,W,0,,,,820326,489.01,0
2879,6878.561,"Mount",0.238,-0.431,0.400,0.287,0.296,0.000,58,W,0,,,,808186,470.03,0
2880,6880.860,"Mount",0.402,-0.155,0.430,-0.033,0.291,0.000,57,W,0,,,,802580,491.36,0
2881,6883.266,"Mount",-0.164,0.248,-0.255,-0.153,-0.140,0.000,28,E,0,,,,780033,489.36,0
2882,6885.455,"Mount",-0.114,0.041,-0.121,0.013,0.000,0.000,0,,0,,,,772803,488.28,0
2883,6887.801,"Mount",-0.025,-0.037,-0.006,0.045,0.000,0.000,0,,0,,,,811426,495.46,0
2884,6890.137,"Mount",-0.416,0.267,-0.491,-0.061,-0.309,0.000,61,E,0,,,,808815,453.44,0
2885,6892.593,"Mount",-0.333,-0.062,-0.274,0.199,-0.194,0.000,38,E,0,,,,818032,459.30,0
2886,6894.925,"Mount",-0.265,0.254,-0.348,-0.115,-0.233,0.000,46,E,0,,,,800292,458.65,0
2887,6897.294,"Mount",-0.039,-0.057,-0.010,0.068,0.000,0.000,0,,0,,,,797624,446.91,0
2888,6899.483,"Mount",-0.077,0.089,-0.107,-0.047,0.000,0.000,0,,0,,,,783353,487.87,0
2889,6902.173,"Mount",-0.831,-0.078,-0.716,0.428,-0.451,0.000,88,E,0,,,,785314,412.19,0
2890,6904.505,"Mount",0.348,-0.245,0.419,0.071,0.233,0.000,46,W,0,,,,804761,443.53,0
2891,6906.977,"Mount",-0.439,-0.296,-0.269,0.456,-0.153,0.000,30,E,0,,,,835080,445.67,0
2892,6909.353,"Mount",0.736,-0.487,0.874,0.123,0.540,0.000,106,W,0,,,,801192,444.22,0
2893,6911.825,"Mount",0.359,-0.211,0.415,0.035,0.299,0.000,59,W,0,,,,778474,528.53,0
2894,6914.028,"Mount",0.178,-0.087,0.198,0.002,0.000,0.000,0,,0,,,,760956,452.09,0
2895,6916.489,"Mount",-0.360,-0.147,-0.262,0.288,-0.165,0.000,32,E,0,,,,784104,431.43,0
2896,6918.679,"Mount",-0.029,-0.084,0.010,0.088,0.000,0.000,0,,0,,,,778910,486.67,0
2897,6921.111,"Mount",-0.147,-0.153,-0.067,0.202,0.000,0.000,0,,0,,,,776430,452.37,0
2898,6923.508,"Mount",-0.335,0.212,-0.393,-0.047,-0.248,0.000,49,E,0,,,,804138,463.17,0
2899,6925.877,"Mount",-0.091,-0.047,-0.062,0.082,0.000,0.000,0,,0,,,,776316,443.16,0
2900,6928.193,"Mount",-0.744,0.047,-0.692,0.278,-0.436,0.000,85,E,0,,,,782976,463.09,0
2901,6930.698,"Mount",-0.086,-0.040,-0.061,0.073,0.000,0.000,0,,0,,,,805119,496.83,0
2902,6932.977,"Mount",-0.372,0.221,-0.430,-0.039,-0.271,0.000,53,E,0,,,,778322,453.30,0
2903,6935.481,"Mount",-0.354,0.132,-0.376,0.033,-0.256,0.000,50,E,0,,,,769375,446.13,0
2904,6937.761,"Mount",-0.414,0.166,-0.445,0.028,-0.298,0.000,58,E,0,,,,797091,451.84,0
2905,6940.209,"Mount",-0.530,-0.229,-0.379,0.435,-0.260,0.000,51,E,0,,,,807950,475.82,0
2906,6942.641,"Mount",-1.462,0.040,-1.337,0.593,-0.861,0.000,169,E,0,,,,774080,430.91,0
2907,6945.153,"Mount",0.520,-0.305,0.600,0.052,0.318,0.000,62,W,0,,,,811863,437.31,0
2908,6947.373,"Mount",-0.137,-0.224,-0.027,0.262,0.000,0.000,0,,0,,,,797027,464.11,0
2909,6949.849,"Mount",0.647,-0.489,0.794,0.163,0.501,0.000,98,W,0,,,,800143,456.41,0
2910,6952.027,"Mount",-0.105,-0.118,-0.044,0.152,0.000,0.000,0,,0,,,,792624,449.34,0
2911,6954.524,"Mount",-0.317,0.042,-0.304,0.098,-0.191,0.000,37,E,0,,,,791875,413.20,0
2912,6957.009,"Mount",-0.400,-0.073,-0.330,0.238,-0.221,0.000,43,E,0,,,,799515,453.84,0
2913,6959.380,"Mount",-0.161,-0.272,-0.029,0.315,0.000,0.000,0,,0,,,,835371,445.81,0
2914,6961.825,"Mount",0.218,-0.177,0.273,0.066,0.172,0.000,34,W,0,,,,782695,418.97,0
2915,6964.202,"Mount",-0.112,-0.069,-0.071,0.111,0.000,0.000,0,,0,,,,788039,439.43,0
2916,6966.465,"Mount",0.239,-0.229,0.314,0.104,0.198,0.000,39,W,0,,,,843802,446.74,0
2917,6968.823,"Mount",-0.064,-0.160,0.011,0.172,0.000,0.000,0,,0,,,,803829,524.56,0
2918,6971.030,"Mount",-0.193,-0.202,-0.087,0.265,0.000,0.000,0,,0,,,,801199,465.82,0
2919,6973.521,"Mount",-0.759,-0.127,-0.630,0.442,-0.397,0.000,78,E,0,,,,796175,454.55,0
2920,6975.707,"Mount",-0.112,-0.076,-0.069,0.116,0.000,0.000,0,,0,,,,823303,484.99,0
2921,6978.055,"Mount",-0.109,-0.240,0.005,0.263,0.000,0.000,0,,0,,,,807888,453.58,0
2922,6980.361,"Mount",-0.785,-0.065,-0.681,0.397,-0.429,0.000,84,E,0,,,,794455,465.61,0
2923,6982.761,"Mount",0.320,-0.258,0.400,0.095,0.222,0.000,43,W,0,,,,823945,483.49,0
2924,6985.065,"Mount",0.379,-0.135,0.400,-0.041,0.268,0.000,52,W,0,,,,770796,478.68,0
2925,6987.416,"Mount",-0.150,-0.232,-0.035,0.274,0.000,0.000,0,,0,,,,802194,431.31,0
2926,6989.713,"Mount",-0.560,-0.107,-0.460,0.338,-0.290,0.000,57,E,0,,,,684497,396.31,0
2927,6992.064,"Mount",0.023,0.108,-0.026,-0.108,0.000,0.000,0,,0,,,,781744,495.18,0
2928,6994.442,"Mount",0.923,-0.852,1.200,0.371,0.756,0.000,148,W,0,,,,797722,488.02,0
2929,6996.806,"Mount",-0.006,-0.124,0.048,0.115,0.000,0.000,0,,0,,,,795225,460.07,0
2930,6999.161,"Mount",0.912,-0.463,1.022,0.025,0.644,0.000,126,W,0,,,,801247,506.33,0
2931,7002.697,"Mount",0.227,-0.577,0.453,0.424,0.330,0.424,65,W,1049,S,,,778455,475.39,0
2932,7005.033,"Mount",-0.290,-0.497,-0.048,0.573,0.000,0.573,0,,117,S,,,793407,448.47,0
2933,7007.401,"Mount",0.227,0.680,-0.088,-0.712,0.000,0.000,0,,0,,,,800239,439.86,0
2934,7009.581,"Mount",0.332,0.611,0.036,-0.694,0.000,0.000,0,,0,,,,818757,520.42,0
2935,7011.899,"Mount",0.420,0.691,0.082,-0.805,0.000,0.000,0,,0,,,,797073,442.94,0
2936,7014.082,"Mount",0.458,0.717,0.105,-0.844,0.000,0.000,0,,0,,,,788866,493.58,0
2937,7016.553,"Mount",0.586,0.610,0.267,-0.803,0.168,0.000,33,W,0,,,,796476,465.59,0
2938,7019.969,"Mount",0.590,0.651,0.252,-0.842,0.171,-0.842,33,W,1135,N,,,789068,451.47,0
2939,7022.481,"Mount",-1.043,-0.196,-0.857,0.626,-0.528,0.000,103,E,0,,,,741155,467.00,0
2940,7024.761,"Mount",-0.475,-0.059,-0.403,0.257,-0.291,0.000,57,E,0,,,,790602,448.96,0
2941,7027.118,"Mount",0.026,-0.263,0.137,0.227,0.000,0.000,0,,0,,,,788178,479.05,0
2942,7029.282,"Mount",-0.278,-0.432,-0.065,0.510,0.000,0.000,0,,0,,,,752553,442.42,0
2943,7031.664,"Mount",-0.018,-0.145,0.046,0.138,0.000,0.000,0,,0,,,,784183,451.98,0
2944,7033.929,"Mount",-0.624,-0.145,-0.500,0.399,-0.315,0.000,62,E,0,,,,805629,463.90,0
2945,7036.441,"Mount",0.887,-0.545,1.035,0.110,0.630,0.000,123,W,0,,,,817248,497.39,0
2946,7038.729,"Mount",-0.800,-0.251,-0.614,0.571,-0.343,0.000,67,E,0,,,,834625,460.68,0
2947,7041.111,"Mount",-0.141,-0.102,-0.083,0.153,0.000,0.000,0,,0,,,,767921,459.91,0
2948,7043.288,"Mount",0.095,-0.199,0.171,0.139,0.000,0.000,0,,0,,,,791629,460.81,0
2949,7045.631,"Mount",-0.041,-0.410,0.140,0.387,0.000,0.000,0,,0,,,,812460,499.08,0
2950,7049.025,"Mount",-0.814,-0.143,-0.673,0.479,-0.424,0.479,83,E,1061,S,,,797744,453.36,0
2951,7051.370,"Mount",0.272,0.156,0.178,-0.258,0.000,0.000,0,,0,,,,774380,477.84,0
2952,7053.609,"Mount",-0.243,0.156,-0.286,-0.036,-0.180,0.000,35,E,0,,,,841162,508.97,0
2953,7055.963,"Mount",0.068,0.053,0.039,-0.077,0.000,0.000,0,,0,,,,815633,455.83,0
2954,7058.297,"Mount",1.049,0.094,0.907,-0.536,0.571,0.000,112,W,0,,,,797377,420.74,0
2955,7060.809,"Mount",0.889,-0.223,0.898,-0.181,0.606,0.000,119,W,0,,,,789405,460.12,0
2956,7063.137,"Mount",0.916,-0.033,0.841,-0.364,0.572,0.000,112,W,0,,,,801178,452.81,0
2957,7065.497,"Mount",0.018,0.001,0.016,-0.009,0.000,0.000,0,,0,,,,791221,469.94,0
2958,7067.763,"Mount",-0.259,0.285,-0.356,-0.145,-0.225,0.000,44,E,0,,,,810497,478.91,0
2959,7070.177,"Mount",-0.125,0.389,-0.280,-0.297,-0.192,0.000,38,E,0,,,,832608,467.66,0
2960,7073.601,"Mount",0.965,0.157,0.803,-0.557,0.493,-0.557,97,W,1077,N,,,773616,459.05,0
2961,7076.049,"Mount",-0.433,0.458,-0.588,-0.227,-0.336,0.000,66,E,0,,,,799920,440.53,0
2962,7078.449,"Mount",-0.524,0.483,-0.681,-0.211,-0.453,0.000,89,E,0,,,,831662,508.24,0
2963,7081.001,"Mount",0.545,0.136,0.434,-0.358,0.242,-0.358,47,W,73,N,,,772133,485.43,0
2964,7083.184,"Mount",0.211,0.190,0.109,-0.262,0.000,0.000,0,,0,,,,758923,424.26,0
2965,7085.721,"Mount",-1.092,0.575,-1.234,-0.049,-0.777,0.000,152,E,0,,,,801924,495.65,0
2966,7087.985,"Mount",-0.297,0.227,-0.365,-0.077,-0.285,0.000,56,E,0,,,,776257,482.87,0
2967,7090.449,"Mount",-0.598,0.211,-0.631,0.067,-0.417,0.000,82,E,0,,,,803438,469.03,0
2968,7092.622,"Mount",0.249,0.149,0.160,-0.241,0.000,0.000,0,,0,,,,818625,462.72,0
2969,7094.981,"Mount",-0.209,0.048,-0.209,0.047,0.000,0.000,0,,0,,,,806516,437.65,0
2970,7097.281,"Mount",-0.432,0.187,-0.470,0.017,-0.296,0.000,58,E,0,,,,788258,460.50,0
2971,7099.697,"Mount",0.377,-0.068,0.370,-0.101,0.212,0.000,42,W,0,,,,797761,447.32,0
2972,7101.865,"Mount",0.110,0.027,0.087,-0.072,0.000,0.000,0,,0,,,,789714,422.72,0
2973,7104.201,"Mount",0.181,0.051,0.141,-0.124,0.000,0.000,0,,0,,,,798987,482.19,0
2974,7106.490,"Mount",-0.499,0.161,-0.520,0.069,-0.328,0.000,64,E,0,,,,774533,455.98,0
2975,7108.850,"Mount",0.267,0.217,0.147,-0.310,0.000,0.000,0,,0,,,,778295,467.52,0
2976,7111.137,"Mount",-0.350,0.353,-0.468,-0.168,-0.295,0.000,58,E,0,,,,783440,453.85,0
2977,7113.561,"Mount",-0.137,0.373,-0.284,-0.277,-0.200,0.000,39,E,0,,,,794779,518.84,0
2978,7115.825,"Mount",0.470,-0.018,0.432,-0.186,0.258,0.000,51,W,0,,,,812274,474.03,0
2979,7118.273,"Mount",0.232,-0.044,0.228,-0.060,0.162,0.000,32,W,0,,,,786356,484.43,0
2980,7120.462,"Mount",0.014,0.026,0.001,-0.030,0.000,0.000,0,,0,,,,787420,460.39,0
2981,7122.811,"Mount",0.139,0.121,0.074,-0.170,0.000,0.000,0,,0,,,,782911,472.11,0
2982,7125.083,"Mount",-0.027,0.002,-0.025,0.010,0.000,0.000,0,,0,,,,780991,459.55,0
2983,7127.505,"Mount",0.380,-0.172,0.417,-0.008,0.263,0.000,51,W,0,,,,799313,478.18,0
2984,7129.753,"Mount",-0.416,-0.036,-0.360,0.212,-0.208,0.000,41,E,0,,,,799127,472.55,0
2985,7132.185,"Mount",0.413,-0.097,0.414,-0.090,0.246,0.000,48,W,0,,,,799529,507.13,0
2986,7134.370,"Mount",-0.062,0.070,-0.086,-0.036,0.000,0.000,0,,0,,,,764505,468.24,0
2987,7136.713,"Mount",0.068,0.081,0.026,-0.102,0.000,0.000,0,,0,,,,802984,504.92,0
2988,7138.969,"Mount",0.464,0.044,0.399,-0.239,0.252,0.000,49,W,0,,,,762121,519.55,0
2989,7141.329,"Mount",0.023,-0.059,0.046,0.043,0.000,0.000,0,,0,,,,815542,479.72,0
2990,7143.583,"Mount",0.389,-0.083,0.386,-0.093,0.243,0.000,48,W,0,,,,809628,492.57,0
2991,7146.017,"Mount",0.314,-0.192,0.366,0.038,0.248,0.000,49,W,0,,,,806193,454.80,0
2992,7148.281,"Mount",0.218,-0.137,0.256,0.029,0.179,0.000,35,W,0,,,,794826,448.72,0
2993,7150.668,"Mount",-0.138,0.107,-0.170,-0.037,0.000,0.000,0,,0,,,,830016,426.69,0
2994,7152.838,"Mount",0.062,-0.031,0.069,0.001,0.000,0.000,0,,0,,,,796123,464.65,0
2995,7155.190,"Mount",0.182,0.161,0.095,-0.223,0.000,0.000,0,,0,,,,767256,456.04,0
2996,7157.473,"Mount",-0.648,0.016,-0.592,0.265,-0.373,0.000,73,E,0,,,,785154,459.10,0
2997,7159.865,"Mount",0.196,-0.155,0.244,0.056,0.127,0.000,25,W,0,,,,798205,510.89,0
2998,7162.121,"Mount",0.367,0.028,0.319,-0.183,0.210,0.000,41,W,0,,,,790967,468.10,0
2999,7164.481,"Mount",-0.015,0.012,-0.019,-0.005,0.000,0.000,0,,0,,,,776370,442.79,0
3000,7166.721,"Mount",0.240,-0.186,0.296,0.064,0.187,0.000,37,W,0,,,,770273,448.18,0
3001,7169.076,"Mount",0.196,0.059,0.152,-0.137,0.000,0.000,0,,0,,,,778998,442.36,0
3002,7171.362,"Mount",-0.055,-0.005,-0.047,0.028,0.000,0.000,0,,0,,,,773176,429.06,0
3003,7173.777,"Mount",-0.389,-0.131,-0.295,0.285,-0.186,0.000,36,E,0,,,,822776,490.31,0
3004,7176.049,"Mount",0.407,-0.133,0.424,-0.055,0.254,0.000,50,W,0,,,,799953,438.00,0
3005,7178.426,"Mount",0.244,0.165,0.149,-0.254,0.000,0.000,0,,0,,,,772514,482.87,0
3006,7180.681,"Mount",-0.370,0.155,-0.401,0.019,-0.253,0.000,49,E,0,,,,783209,448.77,0
3007,7183.121,"Mount",-0.345,0.088,-0.349,0.069,-0.238,0.000,47,E,0,,,,792295,435.14,0
3008,7185.325,"Mount",-0.264,-0.304,-0.108,0.388,0.000,0.000,0,,0,,,,809710,454.65,0
3009,7187.661,"Mount",-0.061,-0.155,0.012,0.167,0.000,0.000,0,,0,,,,791365,446.38,0
3010,7189.834,"Mount",0.032,0.084,-0.008,-0.089,0.000,0.000,0,,0,,,,806373,498.20,0
3011,7192.425,"Mount",-1.783,0.354,-1.762,0.448,-1.110,0.000,217,E,0,,,,773468,456.93,0
3012,7195.857,"Mount",-0.822,-0.107,-0.696,0.450,-0.516,0.450,101,E,1067,S,,,817862,480.66,0
3013,7198.273,"Mount",0.563,0.263,0.395,-0.480,0.212,0.000,42,W,0,,,,806166,505.95,0
3014,7200.513,"Mount",0.504,0.452,0.260,-0.625,0.179,0.000,35,W,0,,,,782888,444.99,0
3015,7202.945,"Mount",0.598,0.178,0.463,-0.418,0.304,0.000,60,W,0,,,,794173,436.16,0
3016,7205.139,"Mount",-0.065,-0.115,-0.009,0.132,0.000,0.000,0,,0,,,,721701,419.76,0
3017,7207.657,"Mount",-0.603,0.947,-0.952,-0.596,-0.600,0.000,117,E,0,,,,785974,409.53,0
3018,7210.993,"Mount",0.220,0.684,-0.096,-0.712,0.000,-0.712,0,,1120,N,,,758780,430.26,0
3019,7213.505,"Mount",-0.961,0.370,-1.026,0.080,-0.647,0.000,127,E,0,,,,776968,443.02,0
3020,7215.684,"Mount",0.025,-0.317,0.159,0.275,0.000,0.000,0,,0,,,,801827,439.31,0
3021,7218.234,"Mount",-1.488,0.075,-1.375,0.573,-0.866,0.000,170,E,0,,,,703654,436.47,0
3022,7220.553,"Mount",0.821,-0.229,0.840,-0.147,0.468,0.000,92,W,0,,,,806231,447.42,0
3023,7223.273,"Mount",-2.345,0.592,-2.372,0.475,-1.462,0.000,286,E,0,,,,704190,402.33,0
3024,7225.706,"Mount",1.693,-1.029,1.971,0.200,1.139,0.000,223,W,0,,,,687352,382.99,0
3025,7228.153,"Mount",0.282,-0.351,0.406,0.196,0.335,0.000,66,W,0,,,,795900,401.94,0
3026,7230.425,"Mount",0.299,-0.252,0.378,0.099,0.262,0.000,51,W,0,,,,824772,462.95,0
3027,7232.786,"Mount",0.074,0.121,0.014,-0.141,0.000,0.000,0,,0,,,,782884,483.67,0
3028,7234.977,"Mount",-0.114,0.129,-0.159,-0.068,0.000,0.000,0,,0,,,,797313,430.09,0
3029,7237.465,"Mount",-0.515,0.406,-0.640,-0.145,-0.403,0.000,79,E,0,,,,792437,458.67,0
3030,7239.650,"Mount",0.030,0.338,-0.118,-0.318,0.000,0.000,0,,0,,,,769093,464.81,0
3031,7241.985,"Mount",-0.110,0.143,-0.161,-0.081,0.000,0.000,0,,0,,,,788548,456.02,0
3032,7244.197,"Mount",-0.154,-0.230,-0.040,0.274,0.000,0.000,0,,0,,,,772495,392.66,0
INFO: SET LOCK POSITION, new lock pos = 41.171, 792.016
INFO: DITHER by -4.911, -1.221, new lock pos = 37.264, 795.232
INFO: SETTLING STATE CHANGE, Settling started
3033,7249.066,"Mount",3.907,-3.216,4.911,1.221,4.911,1.221,962,W,1224,S,,,769731,434.21,0
3034,7251.721,"Mount",0.893,-0.140,0.866,-0.258,0.546,0.000,107,W,0,,,,792134,455.98,0
3035,7253.926,"Mount",0.231,0.219,0.114,-0.297,0.000,0.000,0,,0,,,,797490,482.04,0
3036,7256.441,"Mount",-0.850,0.508,-0.986,-0.092,-0.621,0.000,122,E,0,,,,809359,427.56,0
3037,7258.777,"Mount",-0.851,0.523,-0.993,-0.106,-0.669,0.000,131,E,0,,,,793397,420.22,0
3038,7261.249,"Mount",-0.375,0.251,-0.447,-0.065,-0.328,0.000,64,E,0,,,,806986,433.86,0
INFO: SETTLING STATE CHANGE, Settling complete
3039,7263.433,"Mount",0.149,0.070,0.104,-0.127,0.000,0.000,0,,0,,,,823263,469.53,0
3040,7265.993,"Mount",0.558,-0.278,0.623,0.011,0.393,0.000,77,W,0,,,,805966,468.85,0
3041,7268.205,"Mount",-0.188,-0.164,-0.099,0.229,0.000,0.000,0,,0,,,,799054,433.05,0
3042,7270.593,"Mount",0.301,0.078,0.239,-0.200,0.150,0.000,29,W,0,,,,832658,427.85,0
3043,7272.765,"Mount",0.253,0.195,0.145,-0.285,0.000,0.000,0,,0,,,,757471,438.72,0
3044,7275.265,"Mount",-0.534,0.221,-0.577,0.031,-0.364,0.000,71,E,0,,,,807706,429.35,0
3045,7277.468,"Mount",0.120,0.073,0.077,-0.118,0.000,0.000,0,,0,,,,799523,484.18,0
3046,7279.820,"Mount",-0.133,-0.088,-0.082,0.137,0.000,0.000,0,,0,,,,780850,419.53,0
3047,7282.073,"Mount",-0.382,-0.014,-0.338,0.177,-0.213,0.000,42,E,0,,,,777882,411.62,0
3048,7284.433,"Mount",0.214,-0.014,0.199,-0.079,0.000,0.000,0,,0,,,,805487,478.58,0
3049,7286.602,"Mount",0.297,0.115,0.219,-0.232,0.000,0.000,0,,0,,,,767562,437.66,0
3050,7289.057,"Mount",0.492,-0.166,0.516,-0.062,0.325,0.000,64,W,0,,,,783638,432.76,0
3051,7291.291,"Mount",0.086,0.171,0.004,-0.191,0.000,0.000,0,,0,,,,815540,459.97,0
3052,7293.753,"Mount",0.690,-0.118,0.674,-0.191,0.425,0.000,83,W,0,,,,815436,486.14,0
3053,7296.009,"Mount",0.288,-0.005,0.262,-0.119,0.195,0.000,38,W,0,,,,772227,466.44,0
3054,7298.497,"Mount",-0.717,0.331,-0.789,0.010,-0.484,0.000,95,E,0,,,,761627,424.76,0
3055,7300.729,"Mount",0.525,0.505,0.257,-0.682,0.128,0.000,25,W,0,,,,821199,489.17,0
3056,7303.249,"Mount",1.158,-0.035,1.060,-0.467,0.677,0.000,133,W,0,,,,823057,493.46,0
3057,7306.753,"Mount",0.360,0.306,0.194,-0.431,0.000,-0.431,0,,1063,N,,,775571,441.49,0
3058,7309.111,"Mount",-0.010,0.262,-0.121,-0.232,0.000,0.000,0,,0,,,,770246,454.00,0
3059,7311.417,"Mount",0.498,-0.071,0.480,-0.151,0.303,0.000,59,W,0,,,,785756,469.77,0
3060,7313.751,"Mount",0.144,0.152,0.065,-0.199,0.000,0.000,0,,0,,,,808455,469.35,0
3061,7316.049,"Mount",0.216,-0.161,0.264,0.052,0.167,0.000,33,W,0,,,,811156,424.26,0
3062,7318.400,"Mount",-0.029,-0.037,-0.010,0.046,0.000,0.000,0,,0,,,,818950,475.59,0
3063,7320.566,"Mount",-0.242,-0.837,0.142,0.859,0.000,0.000,0,,0,,,,755553,443.00,0
3064,7322.904,"Mount",-0.278,-0.285,-0.129,0.377,0.000,0.000,0,,0,,,,798871,462.68,0
3065,7325.070,"Mount",-0.389,-0.531,-0.122,0.647,0.000,0.000,0,,0,,,,758623,438.06,0
3066,7328.953,"Mount",-2.191,0.019,-1.986,0.925,-1.251,0.925,245,E,1164,S,,,721195,368.10,0
3067,7331.473,"Mount",-0.708,-0.259,-0.528,0.539,-0.420,0.539,82,E,110,S,,,800665,408.94,0
3068,7335.105,"Mount",1.852,0.637,1.397,-1.372,0.851,-1.372,167,W,1060,N,,,806608,466.82,0
3069,7337.681,"Mount",1.025,0.530,0.697,-0.920,0.498,-0.920,98,W,188,N,,,783276,448.04,0
3070,7340.193,"Mount",0.252,0.540,-0.005,-0.596,0.000,-0.596,0,,122,N,,,802302,497.52,0
3071,7342.553,"Mount",0.398,0.621,0.091,-0.732,0.000,-0.732,0,,149,N,,,791743,473.75,0
3072,7344.969,"Mount",-0.184,0.454,-0.361,-0.331,-0.228,0.000,45,E,0,,,,809947,457.77,0
3073,7347.385,"Mount",-1.223,0.354,-1.256,0.206,-0.807,0.000,158,E,0,,,,771161,444.11,0
3074,7349.721,"Mount",-0.085,0.147,-0.140,-0.096,0.000,0.000,0,,0,,,,783426,425.05,0
3075,7351.893,"Mount",-0.011,0.059,-0.035,-0.049,0.000,0.000,0,,0,,,,771909,454.99,0
3076,7354.329,"Mount",0.439,0.008,0.393,-0.197,0.247,0.000,48,W,0,,,,784977,443.03,0
3077,7356.511,"Mount",0.145,-0.087,0.168,0.016,0.000,0.000,0,,0,,,,798171,471.08,0
3078,7358.864,"Mount",0.021,0.002,0.018,-0.011,0.000,0.000,0,,0,,,,832539,511.43,0
3079,7361.192,"Mount",0.563,-0.072,0.539,-0.177,0.339,0.000,66,W,0,,,,786562,464.39,0
3080,7363.569,"Mount",-0.211,-0.005,-0.188,0.096,0.000,0.000,0,,0,,,,807284,465.18,0
3081,7365.789,"Mount",-0.083,0.137,-0.133,-0.088,0.000,0.000,0,,0,,,,782757,416.59,0
3082,7368.201,"Mount",0.261,-0.054,0.259,-0.063,0.163,0.000,32,W,0,,,,777793,493.61,0
3083,7370.457,"Mount",-0.443,0.033,-0.414,0.161,-0.249,0.000,49,E,0,,,,826020,458.78,0
3084,7372.792,"Mount",0.154,0.220,0.044,-0.265,0.000,0.000,0,,0,,,,795389,476.89,0
3085,7374.968,"Mount",0.111,0.254,-0.009,-0.278,0.000,0.000,0,,0,,,,765424,422.47,0
3086,7377.417,"Mount",-0.144,0.383,-0.294,-0.284,-0.185,0.000,36,E,0,,,,812123,484.63,0
3087,7379.665,"Mount",-0.305,0.002,-0.276,0.130,-0.187,0.000,37,E,0,,,,793469,429.53,0
3088,7382.005,"Mount",0.151,0.090,0.097,-0.147,0.000,0.000,0,,0,,,,778510,486.02,0
3089,7384.175,"Mount",0.133,0.168,0.047,-0.209,0.000,0.000,0,,0,,,,789715,528.83,0
3090,7386.617,"Mount",-0.453,0.162,-0.479,0.049,-0.301,0.000,59,E,0,,,,780556,437.28,0
3091,7389.057,"Mount",-1.846,0.344,-1.814,0.484,-1.164,0.000,228,E,0,,,,732028,391.37,0
3092,7392.505,"Mount",-0.579,-1.009,-0.088,1.160,0.000,1.160,0,,1017,S,,,797579,439.15,0
3093,7394.993,"Mount",-0.723,-0.581,-0.402,0.836,-0.253,0.836,50,E,171,S,,,802621,457.45,0
3094,7397.641,"Mount",1.675,-0.159,1.580,-0.577,0.978,0.000,192,W,0,,,,791902,478.03,0
3095,7399.810,"Mount",0.218,0.600,-0.062,-0.635,0.000,0.000,0,,0,,,,795828,489.37,0
3096,7402.158,"Mount",0.423,0.577,0.133,-0.703,0.000,0.000,0,,0,,,,766882,482.44,0
3097,7404.409,"Mount",-0.132,0.451,-0.313,-0.350,-0.197,0.000,39,E,0,,,,790985,481.15,0
3098,7406.890,"Mount",-0.606,0.633,-0.820,-0.310,-0.530,0.000,104,E,0,,,,783808,490.46,0
3099,7409.262,"Mount",-0.090,0.434,-0.268,-0.353,-0.206,0.000,40,E,0,,,,765654,436.25,0
3100,7411.737,"Mount",-0.388,0.390,-0.518,-0.185,-0.341,0.000,67,E,0,,,,816583,511.69,0
3101,7413.914,"Mount",0.114,0.616,-0.162,-0.605,0.000,0.000,0,,0,,,,820100,470.79,0
3102,7417.114,"Mount",0.410,0.301,0.241,-0.448,0.152,-0.448,30,W,715,N,,,808253,485.43,0
3103,7419.329,"Mount",0.128,0.227,0.018,-0.260,0.000,0.000,0,,0,,,,804019,463.90,0
3104,7421.961,"Mount",0.670,0.357,0.452,-0.610,0.285,-0.610,56,W,125,N,,,791951,451.79,0
3105,7424.345,"Mount",-0.098,0.531,-0.317,-0.437,-0.180,-0.437,35,E,89,N,,,793831,440.56,0
3106,7426.825,"Mount",0.086,0.500,-0.137,-0.488,0.000,-0.488,0,,100,N,,,792451,446.41,0
3107,7429.007,"Mount",0.060,0.116,0.004,-0.131,0.000,0.000,0,,0,,,,814647,445.66,0
3108,7431.406,"Mount",-0.084,-0.137,-0.017,0.160,0.000,0.000,0,,0,,,,820759,437.16,0
3109,7433.641,"Mount",-0.262,0.062,-0.263,0.057,-0.166,0.000,32,E,0,,,,782519,491.88,0
3110,7435.999,"Mount",-0.200,0.004,-0.183,0.082,0.000,0.000,0,,0,,,,794361,418.50,0
3111,7438.257,"Mount",-0.177,0.253,-0.269,-0.152,-0.170,0.000,33,E,0,,,,797269,480.33,0
3112,7440.825,"Mount",-1.581,0.044,-1.446,0.641,-0.923,0.000,181,E,0,,,,746974,411.32,0
3113,7443.174,"Mount",0.886,-0.380,0.963,-0.039,0.542,0.000,106,W,0,,,,812467,498.03,0
3114,7445.633,"Mount",0.283,-0.632,0.527,0.449,0.370,0.000,73,W,0,,,,830468,489.10,0
3115,7448.135,"Mount",1.916,-1.196,2.245,0.255,1.440,0.000,282,W,0,,,,799692,469.34,0
3116,7451.265,"Mount",-0.229,-0.291,-0.082,0.361,0.000,0.361,0,,698,S,,,804759,443.87,0
3117,7453.450,"Mount",-0.087,-0.198,0.007,0.216,0.000,0.000,0,,0,,,,808364,466.77,0
3118,7455.913,"Mount",0.538,-0.297,0.614,0.037,0.387,0.000,76,W,0,,,,797320,472.02,0
3119,7458.177,"Mount",0.202,-0.233,0.283,0.123,0.205,0.000,40,W,0,,,,777366,403.25,0
3120,7460.509,"Mount",-0.189,-0.152,-0.105,0.219,0.000,0.000,0,,0,,,,805728,446.10,0
3121,7462.793,"Mount",0.331,-0.213,0.391,0.050,0.246,0.000,48,W,0,,,,800023,468.65,0
3122,7465.267,"Mount",-0.135,-0.436,0.065,0.452,0.000,0.452,0,,92,S,,,808779,452.47,0
3123,7467.475,"Mount",0.112,-0.168,0.173,0.103,0.000,0.000,0,,0,,,,802862,484.78,0
3124,7469.821,"Mount",-0.002,-0.098,0.041,0.089,0.000,0.000,0,,0,,,,808286,476.31,0
3125,7472.041,"Mount",-0.317,-0.131,-0.230,0.255,-0.145,0.000,28,E,0,,,,793667,472.71,0
3126,7474.513,"Mount",0.622,-0.319,0.699,0.020,0.430,0.000,84,W,0,,,,771722,474.09,0
3127,7476.809,"Mount",0.483,-0.195,0.520,-0.032,0.358,0.000,70,W,0,,,,782046,478.36,0
3128,7479.179,"Mount",0.137,-0.208,0.213,0.129,0.000,0.000,0,,0,,,,790838,471.27,0
3129,7481.450,"Mount",0.057,-0.183,0.130,0.141,0.000,0.000,0,,0,,,,794570,483.14,0
3130,7483.791,"Mount",-0.233,-0.162,-0.140,0.247,0.000,0.000,0,,0,,,,790917,428.07,0
3131,7486.042,"Mount",-0.251,-0.157,-0.159,0.250,0.000,0.000,0,,0,,,,810201,512.54,0
3132,7488.383,"Mount",-0.179,-0.206,-0.073,0.263,0.000,0.000,0,,0,,,,799273,438.50,0
3133,7490.633,"Mount",-0.521,-0.011,-0.466,0.234,-0.293,0.000,57,E,0,,,,831010,501.59,0
3134,7492.957,"Mount",-0.200,-0.215,-0.088,0.280,0.000,0.000,0,,0,,,,792901,490.95,0
3135,7495.257,"Mount",-0.668,0.073,-0.634,0.222,-0.399,0.000,78,E,0,,,,782540,447.40,0
3136,7497.609,"Mount",-0.259,-0.022,-0.224,0.131,0.000,0.000,0,,0,,,,777895,431.54,0
3137,7499.784,"Mount",0.065,-0.234,0.159,0.183,0.000,0.000,0,,0,,,,777636,456.87,0
3138,7502.265,"Mount",-0.282,0.053,-0.278,0.073,-0.175,0.000,34,E,0,,,,792833,449.78,0
3139,7504.529,"Mount",0.151,-0.291,0.261,0.197,0.152,0.000,30,W,0,,,,804331,455.95,0
3140,7507.150,"Mount",0.527,-0.749,0.798,0.450,0.513,0.450,101,W,92,S,,,772834,407.97,0
3141,7509.609,"Mount",-0.640,-0.200,-0.492,0.456,-0.274,0.456,54,E,93,S,,,815883,492.31,0
3142,7511.956,"Mount",-0.138,-0.096,-0.083,0.147,0.000,0.000,0,,0,,,,790297,424.43,0
3143,7514.141,"Mount",-0.164,0.100,-0.191,-0.020,0.000,0.000,0,,0,,,,799510,467.35,0
3144,7516.488,"Mount",-0.042,-0.047,-0.018,0.060,0.000,0.000,0,,0,,,,779994,449.44,0
3145,7518.729,"Mount",0.307,-0.021,0.286,-0.113,0.180,0.000,35,W,0,,,,812232,503.97,0
3146,7521.096,"Mount",0.055,-0.274,0.168,0.223,0.000,0.000,0,,0,,,,788343,469.16,0
3147,7523.401,"Mount",0.195,-0.301,0.306,0.188,0.193,0.000,38,W,0,,,,806885,482.83,0
3148,7525.873,"Mount",-0.384,-0.349,-0.196,0.480,0.000,0.480,0,,98,S,,,833509,471.23,0
3149,7528.051,"Mount",-0.288,-0.142,-0.199,0.252,0.000,0.000,0,,0,,,,780552,416.71,0
3150,7530.387,"Mount",0.047,0.052,0.021,-0.067,0.000,0.000,0,,0,,,,797802,503.42,0
3151,7532.540,"Mount",0.129,0.268,0.001,-0.297,0.000,0.000,0,,0,,,,821573,503.69,0
3152,7534.912,"Mount",0.066,0.072,0.029,-0.094,0.000,0.000,0,,0,,,,805462,481.14,0
3153,7537.194,"Mount",-0.528,0.144,-0.538,0.097,-0.339,0.000,66,E,0,,,,754956,412.31,0
3154,7539.537,"Mount",0.108,0.178,0.021,-0.208,0.000,0.000,0,,0,,,,805305,433.18,0
3155,7541.735,"Mount",0.277,0.272,0.133,-0.365,0.000,0.000,0,,0,,,,806064,493.07,0
3156,7544.241,"Mount",0.835,0.087,0.716,-0.438,0.451,0.000,88,W,0,,,,807936,463.17,0
3157,7546.553,"Mount",0.615,-0.295,0.682,0.001,0.461,0.000,90,W,0,,,,796751,481.90,0
3158,7549.617,"Mount",0.049,0.383,-0.121,-0.366,0.000,-0.366,0,,699,N,,,812909,527.89,0
3159,7551.823,"Mount",0.252,0.053,0.205,-0.157,0.000,0.000,0,,0,,,,794249,419.30,0
3160,7554.305,"Mount",-0.769,0.455,-0.890,-0.080,-0.561,0.000,110,E,0,,,,803436,440.24,0
3161,7556.485,"Mount",-0.063,0.280,-0.177,-0.226,0.000,0.000,0,,0,,,,789818,450.22,0
3162,7558.827,"Mount",0.135,0.200,0.036,-0.238,0.000,0.000,0,,0,,,,781718,489.64,0
3163,7561.073,"Mount",0.436,-0.084,0.430,-0.112,0.271,0.000,53,W,0,,,,761456,445.63,0
3164,7563.441,"Mount",-0.164,0.164,-0.218,-0.077,0.000,0.000,0,,0,,,,791898,427.12,0
3165,7565.610,"Mount",0.160,0.069,0.114,-0.131,0.000,0.000,0,,0,,,,810745,473.39,0
3166,7568.117,"Mount",0.835,-0.698,1.054,0.271,0.664,0.000,130,W,0,,,,795694,495.09,0
3167,7570.377,"Mount",-0.481,0.006,-0.436,0.202,-0.228,0.000,45,E,0,,,,804589,411.14,0
3168,7572.726,"Mount",0.226,0.259,0.093,-0.331,0.000,0.000,0,,0,,,,804910,426.76,0
3169,7575.033,"Mount",0.326,0.434,0.108,-0.532,0.000,-0.532,0,,109,N,,,794599,446.91,0
3170,7577.585,"Mount",-0.828,0.711,-1.054,-0.285,-0.664,0.000,130,E,0,,,,806311,394.99,0
3171,7579.897,"Mount",0.005,0.515,-0.217,-0.467,0.000,-0.467,0,,95,N,,,820661,456.61,0
3172,7582.417,"Mount",-1.168,0.446,-1.246,0.100,-0.785,0.000,154,E,0,,,,740776,431.29,0
3173,7584.596,"Mount",0.077,0.331,-0.073,-0.332,0.000,0.000,0,,0,,,,755452,453.93,0
3174,7587.281,"Mount",2.397,-0.779,2.499,-0.328,1.575,0.000,308,W,0,,,,804638,487.35,0
3175,7589.484,"Mount",0.157,0.044,0.123,-0.107,0.000,0.000,0,,0,,,,804447,494.38,0
3176,7592.057,"Mount",0.652,0.249,0.481,-0.505,0.303,-0.505,59,W,103,N,,,800322,490.37,0
3177,7594.433,"Mount",0.443,0.373,0.240,-0.528,0.172,-0.528,34,W,108,N,,,768252,431.13,0
3178,7596.865,"Mount",0.229,-0.160,0.276,0.046,0.186,0.000,36,W,0,,,,819241,503.90,0
3179,7599.113,"Mount",-0.170,0.232,-0.253,-0.136,-0.146,0.000,29,E,0,,,,766483,432.85,0
3180,7601.559,"Mount",-0.208,0.106,-0.234,-0.006,-0.157,0.000,31,E,0,,,,798758,474.41,0
3181,7603.809,"Mount",-0.133,0.284,-0.242,-0.199,-0.163,0.000,32,E,0,,,,796416,453.94,0
3182,7606.168,"Mount",0.107,-0.119,0.148,0.061,0.000,0.000,0,,0,,,,814103,517.56,0
3183,7608.344,"Mount",0.225,0.103,0.159,-0.190,0.000,0.000,0,,0,,,,783868,462.88,0
3184,7610.674,"Mount",0.017,-0.294,0.142,0.258,0.000,0.000,0,,0,,,,814528,474.74,0
3185,7612.842,"Mount",0.139,-0.091,0.165,0.022,0.000,0.000,0,,0,,,,795386,463.77,0
3186,7615.321,"Mount",0.652,-0.208,0.678,-0.093,0.427,0.000,84,W,0,,,,807694,475.60,0
3187,7617.569,"Mount",0.219,-0.121,0.250,0.014,0.187,0.000,37,W,0,,,,813738,488.46,0
3188,7619.907,"Mount",0.082,-0.217,0.167,0.161,0.000,0.000,0,,0,,,,810044,457.70,0
3189,7622.146,"Mount",-0.217,0.133,-0.252,-0.026,-0.159,0.000,31,E,0,,,,787903,477.02,0
3190,7624.484,"Mount",-0.123,0.093,-0.151,-0.031,0.000,0.000,0,,0,,,,791408,405.10,0
3191,7626.753,"Mount",0.205,-0.128,0.240,0.027,0.151,0.000,30,W,0,,,,799369,496.62,0
3192,7629.106,"Mount",0.008,0.015,0.001,-0.017,0.000,0.000,0,,0,,,,774550,482.69,0
3193,7631.386,"Mount",0.074,-0.029,0.079,-0.006,0.000,0.000,0,,0,,,,795252,457.86,0
3194,7633.809,"Mount",-0.312,-0.067,-0.253,0.194,-0.159,0.000,31,E,0,,,,802454,473.90,0
3195,7636.073,"Mount",-0.423,0.060,-0.408,0.128,-0.268,0.000,52,E,0,,,,800486,454.57,0
3196,7638.569,"Mount",-0.943,0.200,-0.938,0.225,-0.609,0.000,119,E,0,,,,790838,475.96,0
3197,7640.833,"Mount",-0.508,-0.353,-0.307,0.537,-0.236,0.000,46,E,0,,,,804875,402.80,0
3198,7643.196,"Mount",0.064,-0.165,0.129,0.122,0.000,0.000,0,,0,,,,821800,473.09,0
3199,7645.490,"Mount",-0.264,0.007,-0.241,0.107,-0.152,0.000,30,E,0,,,,783699,459.47,0
3200,7647.833,"Mount",-0.047,-0.054,-0.019,0.069,0.000,0.000,0,,0,,,,785440,477.36,0
3201,7650.073,"Mount",-0.263,0.055,-0.261,0.063,-0.165,0.000,32,E,0,,,,781648,460.84,0
3202,7652.538,"Mount",0.582,-0.291,0.651,0.012,0.398,0.000,78,W,0,,,,791973,459.75,0
3203,7654.752,"Mount",0.089,-0.209,0.171,0.150,0.000,0.000,0,,0,,,,793138,463.96,0
3204,7657.103,"Mount",0.041,-0.432,0.223,0.372,0.000,0.000,0,,0,,,,764854,405.56,0
3205,7660.050,"Mount",-0.339,-0.256,-0.196,0.377,0.000,0.377,0,,701,S,,,746443,437.08,0
3206,7662.473,"Mount",0.301,-0.186,0.352,0.039,0.222,0.000,43,W,0,,,,843705,504.60,0
3207,7664.777,"Mount",0.151,-0.381,0.300,0.279,0.204,0.000,40,W,0,,,,763782,511.90,0
3208,7667.369,"Mount",-0.541,-0.821,-0.135,0.974,0.000,0.974,0,,199,S,,,748956,447.54,0
3209,7670.001,"Mount",-1.574,-0.485,-1.212,1.115,-0.764,1.115,150,E,228,S,,,780304,445.49,0
3210,7672.333,"Mount",0.243,0.219,0.125,-0.302,0.000,0.000,0,,0,,,,810151,492.53,0
3211,7674.510,"Mount",0.057,0.071,0.021,-0.089,0.000,0.000,0,,0,,,,795440,433.20,0
3212,7676.970,"Mount",0.804,0.270,0.610,-0.589,0.384,0.000,75,W,0,,,,758304,478.30,0
3213,7679.281,"Mount",0.660,0.174,0.521,-0.441,0.355,0.000,70,W,0,,,,782666,441.02,0
3214,7681.698,"Mount",0.192,0.581,-0.077,-0.607,0.000,0.000,0,,0,,,,773319,469.21,0
3215,7683.961,"Mount",-0.445,0.446,-0.594,-0.211,-0.374,0.000,73,E,0,,,,802440,496.54,0
3216,7686.393,"Mount",-0.181,0.638,-0.438,-0.498,-0.302,0.000,59,E,0,,,,816857,456.00,0
3217,7688.721,"Mount",-0.207,0.524,-0.413,-0.384,-0.281,0.000,55,E,0,,,,809711,431.56,0
3218,7691.873,"Mount",-0.007,0.459,-0.204,-0.411,0.000,-0.411,0,,755,N,,,768406,465.37,0
3219,7694.201,"Mount",-0.951,0.515,-1.080,-0.056,-0.680,0.000,133,E,0,,,,806450,397.19,0
3220,7696.554,"Mount",0.203,0.201,0.097,-0.269,0.000,0.000,0,,0,,,,771142,412.03,0
3221,7698.881,"Mount",-0.715,0.189,-0.727,0.137,-0.458,0.000,90,E,0,,,,756113,462.00,0
3222,7701.514,"Mount",0.752,0.283,0.557,-0.579,0.319,-0.579,63,W,118,N,,,815522,411.73,0
3223,7703.841,"Mount",0.257,0.447,0.039,-0.514,0.000,-0.514,0,,105,N,,,744460,439.09,0
3224,7706.247,"Mount",0.088,0.152,0.014,-0.175,0.000,0.000,0,,0,,,,783023,492.77,0
3225,7708.553,"Mount",0.117,0.366,-0.052,-0.381,0.000,-0.381,0,,78,N,,,779876,404.54,0
3226,7711.025,"Mount",-0.591,0.224,-0.630,0.052,-0.397,0.000,78,E,0,,,,830269,462.99,0
3227,7713.208,"Mount",0.160,0.041,0.127,-0.106,0.000,0.000,0,,0,,,,798513,510.70,0
3228,7715.625,"Mount",-0.411,-0.114,-0.322,0.280,-0.203,0.000,40,E,0,,,,685106,401.18,0
3229,7717.796,"Mount",0.195,0.096,0.135,-0.170,0.000,0.000,0,,0,,,,801052,422.49,0
3230,7720.281,"Mount",-0.995,0.087,-0.935,0.349,-0.589,0.000,115,E,0,,,,822008,504.04,0
3231,7722.577,"Mount",0.098,0.379,-0.074,-0.385,0.000,-0.385,0,,78,N,,,781219,442.77,0
3232,7725.185,"Mount",1.043,-0.161,1.011,-0.304,0.637,0.000,125,W,0,,,,777950,431.90,0
3233,7727.505,"Mount",0.376,-0.042,0.357,-0.124,0.270,0.000,53,W,0,,,,805281,484.57,0
3234,7729.902,"Mount",-0.137,0.217,-0.217,-0.137,0.000,0.000,0,,0,,,,809226,457.30,0
3235,7732.185,"Mount",-0.384,0.188,-0.428,-0.004,-0.270,0.000,53,E,0,,,,781146,436.59,0
3236,7734.609,"Mount",0.282,-0.042,0.273,-0.083,0.153,0.000,30,W,0,,,,768802,439.40,0
3237,7736.857,"Mount",-0.401,0.121,-0.414,0.064,-0.250,0.000,49,E,0,,,,817304,466.98,0
3238,7739.238,"Mount",-0.035,0.339,-0.178,-0.291,0.000,0.000,0,,0,,,,787542,524.05,0
3239,7741.589,"Mount",0.695,-0.037,0.644,-0.266,0.405,0.000,79,W,0,,,,780859,467.65,0
3240,7743.924,"Mount",0.255,0.048,0.210,-0.153,0.000,0.000,0,,0,,,,814786,482.54,0
3241,7746.185,"Mount",-0.418,-0.120,-0.325,0.288,-0.205,0.000,40,E,0,,,,814736,459.84,0
3242,7748.530,"Mount",0.086,0.162,0.008,-0.183,0.000,0.000,0,,0,,,,796949,486.76,0
3243,7750.841,"Mount",0.622,-0.200,0.647,-0.087,0.408,0.000,80,W,0,,,,779322,497.15,0
3244,7753.184,"Mount",0.160,-0.141,0.206,0.059,0.000,0.000,0,,0,,,,815533,441.16,0
3245,7755.405,"Mount",0.239,0.170,0.142,-0.256,0.000,0.000,0,,0,,,,766891,435.46,0
3246,7757.745,"Mount",-0.245,-0.042,-0.203,0.144,0.000,0.000,0,,0,,,,796574,485.17,0
3247,7759.913,"Mount",0.165,0.046,0.129,-0.113,0.000,0.000,0,,0,,,,791796,456.33,0
3248,7762.247,"Mount",0.163,0.055,0.123,-0.120,0.000,0.000,0,,0,,,,773710,460.10,0
3249,7764.578,"Mount",0.888,-0.186,0.882,-0.215,0.556,0.000,109,W,0,,,,811496,451.53,0
3250,7766.924,"Mount",-0.173,-0.043,-0.138,0.114,0.000,0.000,0,,0,,,,773003,433.92,0
3251,7769.123,"Mount",-0.050,-0.215,0.047,0.215,0.000,0.000,0,,0,,,,781889,425.83,0
3252,7771.697,"Mount",-1.234,0.113,-1.162,0.429,-0.732,0.000,143,E,0,,,,779684,411.75,0
3253,7773.953,"Mount",0.364,-0.359,0.483,0.168,0.253,0.000,50,W,0,,,,787750,479.63,0
3254,7776.323,"Mount",0.026,-0.099,0.066,0.079,0.000,0.000,0,,0,,,,813846,492.22,0
3255,7778.665,"Mount",0.956,-0.375,1.025,-0.073,0.645,0.000,126,W,0,,,,787733,460.40,0
3256,7781.032,"Mount",0.239,0.050,0.194,-0.148,0.000,0.000,0,,0,,,,789565,448.13,0
3257,7783.308,"Mount",0.314,-0.161,0.352,0.010,0.222,0.000,43,W,0,,,,796903,436.56,0
3258,7785.809,"Mount",-0.908,0.092,-0.859,0.308,-0.526,0.000,103,E,0,,,,744493,429.80,0
3259,7787.998,"Mount",0.215,0.114,0.145,-0.196,0.000,0.000,0,,0,,,,763284,502.53,0
3260,7790.449,"Mount",0.416,-0.284,0.498,0.077,0.314,0.000,61,W,0,,,,783195,459.74,0
3261,7792.761,"Mount",-0.976,0.021,-0.890,0.401,-0.539,0.000,106,E,0,,,,773361,399.10,0
3262,7795.273,"Mount",-0.974,0.351,-1.030,0.102,-0.687,0.000,135,E,0,,,,771314,403.11,0
3263,7797.472,"Mount",-0.183,-0.196,-0.081,0.256,0.000,0.000,0,,0,,,,794253,432.90,0
3264,7799.881,"Mount",-0.368,-0.059,-0.307,0.211,-0.193,0.000,38,E,0,,,,794214,431.50,0
3265,7802.063,"Mount",-0.243,-0.080,-0.185,0.176,0.000,0.000,0,,0,,,,783416,428.73,0
3266,7804.553,"Mount",0.746,-0.409,0.849,0.048,0.535,0.000,105,W,0,,,,761513,462.41,0
3267,7806.849,"Mount",0.485,-0.464,0.638,0.210,0.439,0.000,86,W,0,,,,802356,441.85,0
3268,7809.369,"Mount",0.681,-0.495,0.828,0.154,0.552,0.000,108,W,0,,,,788422,447.66,0
3269,7811.657,"Mount",0.405,-0.228,0.463,0.032,0.331,0.000,65,W,0,,,,786464,482.15,0
3270,7814.001,"Mount",-0.119,0.107,-0.154,-0.045,0.000,0.000,0,,0,,,,774528,448.70,0
3271,7816.249,"Mount",0.292,-0.016,0.271,-0.111,0.171,0.000,33,W,0,,,,786947,469.34,0
3272,7818.600,"Mount",0.019,0.169,-0.056,-0.160,0.000,0.000,0,,0,,,,803499,469.38,0
3273,7820.905,"Mount",-0.846,0.408,-0.940,-0.005,-0.592,0.000,116,E,0,,,,779807,396.14,0
3274,7823.333,"Mount",-0.191,0.060,-0.198,0.029,0.000,0.000,0,,0,,,,778212,489.19,0
3275,7825.713,"Mount",-1.445,0.234,-1.405,0.411,-0.885,0.000,173,E,0,,,,794978,390.92,0
3276,7828.145,"Mount",0.423,-0.084,0.418,-0.106,0.201,0.000,39,W,0,,,,806482,478.58,0
3277,7830.318,"Mount",0.116,-0.057,0.129,0.001,0.000,0.000,0,,0,,,,771790,511.88,0
3278,7832.729,"Mount",-0.224,0.114,-0.251,-0.007,-0.158,0.000,31,E,0,,,,782278,493.41,0
3279,7834.907,"Mount",-0.131,-0.188,-0.037,0.226,0.000,0.000,0,,0,,,,770774,478.86,0
3280,7837.292,"Mount",-0.059,-0.128,0.002,0.141,0.000,0.000,0,,0,,,,806021,452.43,0
3281,7839.478,"Mount",0.127,0.147,0.051,-0.187,0.000,0.000,0,,0,,,,775332,427.65,0
3282,7841.822,"Mount",-0.130,0.116,-0.167,-0.049,0.000,0.000,0,,0,,,,766731,466.34,0
3283,7844.017,"Mount",-0.156,0.182,-0.220,-0.097,0.000,0.000,0,,0,,,,812995,485.23,0
3284,7846.358,"Mount",0.012,0.058,-0.014,-0.058,0.000,0.000,0,,0,,,,798250,414.35,0
3285,7848.649,"Mount",0.212,-0.204,0.279,0.093,0.176,0.000,34,W,0,,,,771036,456.39,0
3286,7850.984,"Mount",0.038,0.237,-0.068,-0.231,0.000,0.000,0,,0,,,,789582,479.12,0
3287,7853.193,"Mount",0.112,0.087,0.064,-0.127,0.000,0.000,0,,0,,,,754532,450.36,0
3288,7855.657,"Mount",-0.661,0.158,-0.665,0.142,-0.419,0.000,82,E,0,,,,809991,447.59,0
3289,7857.993,"Mount",-0.909,0.217,-0.914,0.195,-0.605,0.000,119,E,0,,,,803418,474.88,0
3290,7860.348,"Mount",0.089,-0.074,0.112,0.028,0.000,0.000,0,,0,,,,785666,475.03,0
3291,7862.543,"Mount",-0.192,-0.062,-0.146,0.139,0.000,0.000,0,,0,,,,817151,468.86,0
3292,7865.025,"Mount",-0.858,-0.213,-0.683,0.561,-0.430,0.000,84,E,0,,,,776211,432.77,0
3293,7867.230,"Mount",-0.131,-0.056,-0.094,0.107,0.000,0.000,0,,0,,,,810603,476.93,0
3294,7869.721,"Mount",0.696,-0.296,0.755,-0.032,0.476,0.000,93,W,0,,,,776227,476.38,0
INFO: SET LOCK POSITION, new lock pos = 37.264, 795.232
INFO: DITHER by 0.317, 0.712, new lock pos = 37.244, 794.453
INFO: SETTLING STATE CHANGE, Settling started
3295,7872.457,"Mount",0.021,0.779,-0.317,-0.712,-0.317,-0.712,62,E,145,N,,,773175,477.71,0
3296,7874.837,"Mount",0.387,0.288,0.225,-0.426,0.000,0.000,0,,0,,,,821031,525.64,0
3297,7877.003,"Mount",0.412,0.358,0.217,-0.501,0.000,0.000,0,,0,,,,811930,487.82,0
3298,7879.506,"Mount",0.520,0.099,0.427,-0.313,0.269,0.000,53,W,0,,,,809039,444.01,0
3299,7881.865,"Mount",0.214,0.441,0.003,-0.490,0.000,-0.490,0,,100,N,,,794105,496.72,0
INFO: SETTLING STATE CHANGE, Settling complete
3300,7884.330,"Mount",-0.472,0.297,-0.553,-0.065,-0.349,0.000,68,E,0,,,,789581,428.72,0
3301,7886.595,"Mount",0.275,0.058,0.223,-0.171,0.000,0.000,0,,0,,,,807383,473.00,0
3302,7888.943,"Mount",0.046,0.029,0.029,-0.047,0.000,0.000,0,,0,,,,797003,490.68,0
3303,7891.243,"Mount",0.592,-0.092,0.574,-0.172,0.361,0.000,71,W,0,,,,776413,469.85,0
3304,7893.575,"Mount",0.067,0.047,0.040,-0.072,0.000,0.000,0,,0,,,,821365,524.67,0
3305,7895.746,"Mount",0.107,-0.032,0.110,-0.017,0.000,0.000,0,,0,,,,780586,496.34,0
3306,7898.084,"Mount",0.075,0.139,0.008,-0.158,0.000,0.000,0,,0,,,,765969,427.10,0
3307,7900.385,"Mount",-0.154,0.366,-0.297,-0.264,-0.187,0.000,37,E,0,,,,814621,481.33,0
3308,7902.857,"Mount",-0.525,0.371,-0.633,-0.109,-0.412,0.000,81,E,0,,,,761518,428.40,0
3309,7905.078,"Mount",-0.013,0.070,-0.041,-0.058,0.000,0.000,0,,0,,,,795628,405.65,0
3310,7907.641,"Mount",-1.146,0.500,-1.250,0.042,-0.787,0.000,154,E,0,,,,793488,451.84,0
3311,7909.921,"Mount",-0.384,0.176,-0.422,0.006,-0.321,0.000,63,E,0,,,,830667,438.96,0
3312,7912.361,"Mount",0.485,-0.095,0.479,-0.123,0.279,0.000,55,W,0,,,,774237,466.04,0
3313,7914.689,"Mount",0.856,-0.257,0.884,-0.136,0.576,0.000,113,W,0,,,,776714,447.91,0
3314,7917.041,"Mount",0.031,0.194,-0.056,-0.188,0.000,0.000,0,,0,,,,796538,462.91,0
3315,7919.337,"Mount",-0.161,0.253,-0.254,-0.159,-0.160,0.000,31,E,0,,,,770327,439.60,0
3316,7921.842,"Mount",-0.442,0.168,-0.471,0.038,-0.308,0.000,60,E,0,,,,809137,477.20,0
3317,7924.081,"Mount",-0.309,0.093,-0.319,0.049,-0.223,0.000,44,E,0,,,,795357,454.74,0
3318,7926.593,"Mount",-0.517,0.223,-0.562,0.021,-0.370,0.000,72,E,0,,,,809188,429.50,0
3319,7928.825,"Mount",0.349,-0.011,0.319,-0.140,0.175,0.000,34,W,0,,,,793285,480.57,0
3320,7931.203,"Mount",-0.151,-0.108,-0.090,0.162,0.000,0.000,0,,0,,,,794790,423.61,0
3321,7933.497,"Mount",0.418,-0.297,0.505,0.088,0.318,0.000,62,W,0,,,,797283,456.64,0
3322,7936.001,"Mount",-0.981,0.286,-1.008,0.163,-0.613,0.000,120,E,0,,,,818255,462.89,0
3323,7938.169,"Mount",0.020,0.083,-0.018,-0.083,0.000,0.000,0,,0,,,,850902,519.30,0
3324,7940.514,"Mount",-0.039,-0.042,-0.018,0.055,0.000,0.000,0,,0,,,,788000,507.40,0
3325,7942.679,"Mount",0.246,0.071,0.191,-0.170,0.000,0.000,0,,0,,,,788414,466.68,0
3326,7944.998,"Mount",0.059,0.092,0.014,-0.109,0.000,0.000,0,,0,,,,795657,452.31,0
3327,7947.223,"Mount",-0.014,0.083,-0.048,-0.069,0.000,0.000,0,,0,,,,824811,489.46,0
3328,7949.559,"Mount",0.169,0.083,0.116,-0.148,0.000,0.000,0,,0,,,,815422,492.22,0
3329,7951.818,"Mount",0.174,-0.243,0.262,0.144,0.165,0.000,32,W,0,,,,796695,468.50,0
3330,7954.273,"Mount",0.571,-0.167,0.588,-0.095,0.382,0.000,75,W,0,,,,761391,479.59,0
3331,7956.601,"Mount",0.810,-0.265,0.846,-0.110,0.559,0.000,110,W,0,,,,774056,487.76,0
3332,7958.947,"Mount",0.075,0.184,-0.012,-0.198,0.000,0.000,0,,0,,,,806703,498.45,0
3333,7961.158,"Mount",-0.189,0.119,-0.222,-0.026,0.000,0.000,0,,0,,,,777792,464.92,0
3334,7963.601,"Mount",-0.505,0.448,-0.648,-0.187,-0.408,0.000,80,E,0,,,,760559,445.64,0
3335,7965.930,"Mount",-0.774,0.395,-0.869,-0.023,-0.576,0.000,113,E,0,,,,811566,443.49,0
3336,7968.286,"Mount",0.249,0.013,0.219,-0.119,0.000,0.000,0,,0,,,,797496,448.21,0
3337,7970.455,"Mount",0.073,0.001,0.065,-0.033,0.000,0.000,0,,0,,,,778410,430.34,0
3338,7972.792,"Mount",-0.129,0.174,-0.191,-0.102,0.000,0.000,0,,0,,,,817314,504.69,0
3339,7974.976,"Mount",0.244,0.116,0.171,-0.210,0.000,0.000,0,,0,,,,795630,454.31,0
3340,7977.382,"Mount",0.054,-0.061,0.075,0.032,0.000,0.000,0,,0,,,,800238,404.77,0
3341,7979.552,"Mount",0.184,-0.051,0.188,-0.033,0.000,0.000,0,,0,,,,805645,439.61,0
3342,7981.911,"Mount",-0.033,0.213,-0.121,-0.178,0.000,0.000,0,,0,,,,796225,458.45,0
3343,7984.153,"Mount",-0.369,0.246,-0.439,-0.063,-0.277,0.000,54,E,0,,,,801666,460.48,0
3344,7986.633,"Mount",-0.562,0.401,-0.680,-0.120,-0.448,0.000,88,E,0,,,,816902,457.73,0
3345,7988.804,"Mount",-0.060,0.291,-0.180,-0.237,0.000,0.000,0,,0,,,,821222,451.40,0
3346,7991.176,"Mount",-0.104,0.119,-0.145,-0.062,0.000,0.000,0,,0,,,,818435,471.95,0
3347,7993.481,"Mount",-0.400,0.426,-0.545,-0.212,-0.343,0.000,67,E,0,,,,791816,460.56,0
3348,7995.825,"Mount",0.160,0.152,0.079,-0.206,0.000,0.000,0,,0,,,,822004,475.61,0
3349,7997.996,"Mount",-0.022,0.033,-0.034,-0.020,0.000,0.000,0,,0,,,,806326,470.42,0
3350,8000.330,"Mount",0.196,0.137,0.118,-0.208,0.000,0.000,0,,0,,,,801662,455.53,0
3351,8002.518,"Mount",0.033,0.215,-0.063,-0.208,0.000,0.000,0,,0,,,,775874,420.10,0
3352,8005.034,"Mount",-0.954,0.549,-1.097,-0.085,-0.691,0.000,135,E,0,,,,818984,469.79,0
3353,8007.234,"Mount",-0.050,0.263,-0.158,-0.216,0.000,0.000,0,,0,,,,779669,444.46,0
3354,8009.681,"Mount",-0.274,0.251,-0.355,-0.108,-0.224,0.000,44,E,0,,,,788339,460.02,0
3355,8011.985,"Mount",0.769,-0.246,0.800,-0.109,0.488,0.000,96,W,0,,,,761688,442.16,0
3356,8014.457,"Mount",0.643,-0.157,0.648,-0.135,0.443,0.000,87,W,0,,,,769563,463.44,0
3357,8016.729,"Mount",0.340,-0.121,0.359,-0.037,0.257,0.000,50,W,0,,,,837292,447.20,0
3358,8019.084,"Mount",-0.073,0.176,-0.141,-0.127,0.000,0.000,0,,0,,,,764187,416.14,0
3359,8021.409,"Mount",-0.485,0.085,-0.474,0.132,-0.299,0.000,59,E,0,,,,835162,480.49,0
3360,8023.954,"Mount",-0.962,0.285,-0.991,0.157,-0.645,0.000,126,E,0,,,,798831,434.96,0
3361,8026.140,"Mount",-0.106,0.003,-0.097,0.043,0.000,0.000,0,,0,,,,807775,460.88,0
3362,8028.569,"Mount",-0.319,0.168,-0.360,-0.014,-0.227,0.000,44,E,0,,,,803392,443.48,0
3363,8030.833,"Mount",-0.412,0.172,-0.446,0.022,-0.297,0.000,58,E,0,,,,798795,447.99,0
3364,8033.204,"Mount",0.037,-0.014,0.040,-0.003,0.000,0.000,0,,0,,,,781070,435.80,0
3365,8035.513,"Mount",0.520,-0.052,0.491,-0.176,0.310,0.000,61,W,0,,,,795324,464.29,0
3366,8037.857,"Mount",-0.031,-0.053,-0.005,0.061,0.000,0.000,0,,0,,,,817434,477.51,0
3367,8040.162,"Mount",0.252,-0.151,0.293,0.028,0.184,0.000,36,W,0,,,,804592,494.41,0
3368,8042.609,"Mount",-0.670,0.200,-0.691,0.108,-0.422,0.000,83,E,0,,,,804554,447.08,0
3369,8044.804,"Mount",0.146,-0.126,0.186,0.051,0.000,0.000,0,,0,,,,769381,470.16,0
3370,8047.249,"Mount",0.481,-0.392,0.603,0.147,0.380,0.000,74,W,0,,,,765617,441.15,0
3371,8049.546,"Mount",0.272,-0.000,0.246,-0.117,0.182,0.000,36,W,0,,,,803141,463.83,0
3372,8052.057,"Mount",1.046,-0.525,1.170,0.024,0.750,0.000,147,W,0,,,,802451,471.11,0
3373,8054.246,"Mount",-0.063,-0.020,-0.048,0.046,0.000,0.000,0,,0,,,,814113,470.61,0
3374,8056.588,"Mount",-0.029,0.056,-0.050,-0.038,0.000,0.000,0,,0,,,,782551,418.78,0
3375,8058.758,"Mount",-0.153,0.129,-0.194,-0.050,0.000,0.000,0,,0,,,,804807,472.99,0
3376,8061.185,"Mount",-0.306,-0.078,-0.243,0.202,-0.153,0.000,30,E,0,,,,713637,365.03,0
3377,8063.665,"Mount",-1.776,0.510,-1.823,0.304,-1.159,0.000,227,E,0,,,,733914,338.97,0
3378,8066.185,"Mount",0.893,-1.027,1.248,0.543,0.705,0.000,138,W,0,,,,771511,481.81,0
3379,8068.481,"Mount",0.144,-0.902,0.518,0.752,0.376,0.000,74,W,0,,,,776923,388.46,0
3380,8072.033,"Mount",-2.184,-0.017,-1.964,0.955,-1.211,0.955,237,E,866,S,,,753254,407.44,0
3381,8074.337,"Mount",0.661,-0.503,0.813,0.169,0.427,0.000,84,W,0,,,,737674,478.09,0
3382,8076.881,"Mount",1.174,-0.513,1.280,-0.042,0.836,0.000,164,W,0,,,,790572,475.20,0
3383,8079.433,"Mount",2.324,-1.161,2.597,0.048,1.695,0.000,332,W,0,,,,797220,451.02,0
3384,8081.889,"Mount",0.175,-0.261,0.270,0.161,0.289,0.000,57,W,0,,,,826926,521.14,0
3385,8084.098,"Mount",-0.239,-0.094,-0.175,0.187,0.000,0.000,0,,0,,,,773182,491.51,0
3386,8086.809,"Mount",-0.954,-0.652,-0.581,0.999,-0.366,0.999,72,E,204,S,,,803739,450.62,0
3387,8088.986,"Mount",-0.029,0.030,-0.039,-0.015,0.000,0.000,0,,0,,,,794413,435.94,0
3388,8091.713,"Mount",-1.035,0.090,-0.973,0.364,-0.613,0.364,120,E,74,S,,,716297,407.72,0
3389,8094.146,"Mount",-1.559,0.767,-1.737,-0.021,-1.137,0.000,223,E,0,,,,775108,407.33,0
3390,8096.593,"Mount",0.002,0.709,-0.303,-0.641,-0.271,0.000,53,E,0,,,,803220,469.60,0
3391,8098.833,"Mount",0.700,0.775,0.298,-1.001,0.169,0.000,33,W,0,,,,761661,459.52,0
3392,8101.313,"Mount",0.893,0.389,0.639,-0.736,0.414,0.000,81,W,0,,,,812644,452.30,0
3393,8103.617,"Mount",0.853,0.573,0.524,-0.884,0.359,0.000,70,W,0,,,,790637,435.20,0
3394,8107.065,"Mount",1.506,0.503,1.143,-1.102,0.745,-1.102,146,W,896,N,,,771264,430.67,0
3395,8109.465,"Mount",0.289,0.787,-0.078,-0.835,0.000,-0.835,0,,170,N,,,772384,419.12,0
3396,8111.986,"Mount",-0.730,0.700,-0.960,-0.318,-0.605,0.000,119,E,0,,,,784455,455.31,0
3397,8114.305,"Mount",-0.699,0.500,-0.846,-0.151,-0.575,0.000,113,E,0,,,,823912,451.10,0
3398,8116.770,"Mount",-0.496,0.425,-0.630,-0.170,-0.437,0.000,86,E,0,,,,792557,413.59,0
3399,8119.122,"Mount",1.239,-0.227,1.217,-0.328,0.736,0.000,144,W,0,,,,800930,451.52,0
3400,8121.561,"Mount",-0.868,-0.645,-0.506,0.956,-0.267,0.000,52,E,0,,,,706598,404.03,0
3401,8123.735,"Mount",0.005,-0.148,0.069,0.132,0.000,0.000,0,,0,,,,787972,444.95,0
3402,8126.225,"Mount",-0.910,-0.005,-0.819,0.396,-0.516,0.000,101,E,0,,,,806319,480.61,0
3403,8128.473,"Mount",0.113,-0.545,0.337,0.444,0.176,0.000,35,W,0,,,,784447,428.95,0
3404,8130.913,"Mount",-0.536,-0.027,-0.472,0.255,-0.285,0.000,56,E,0,,,,782544,425.36,0
3405,8133.241,"Mount",-0.565,-0.024,-0.499,0.265,-0.335,0.000,66,E,0,,,,795154,466.42,0
3406,8135.689,"Mount",-0.598,-0.010,-0.535,0.266,-0.361,0.000,71,E,0,,,,779571,461.61,0
3407,8138.706,"Mount",-0.084,-0.653,0.205,0.626,0.000,0.626,0,,799,S,,,794700,476.93,0
3408,8141.151,"Mount",0.121,-0.301,0.238,0.219,0.150,0.000,29,W,0,,,,790529,437.22,0
3409,8143.625,"Mount",0.048,-0.449,0.236,0.385,0.159,0.385,31,W,78,S,,,789385,432.29,0
3410,8145.983,"Mount",0.196,-0.053,0.199,-0.037,0.000,0.000,0,,0,,,,818310,479.40,0
3411,8148.473,"Mount",-1.274,0.072,-1.181,0.484,-0.744,0.484,146,E,99,S,,,766493,427.49,0
3412,8150.812,"Mount",0.145,0.210,0.040,-0.252,0.000,0.000,0,,0,,,,819907,420.63,0
3413,8152.978,"Mount",-0.065,0.282,-0.180,-0.227,0.000,0.000,0,,0,,,,767351,406.97,0
3414,8155.425,"Mount",0.465,0.040,0.403,-0.236,0.254,0.000,50,W,0,,,,766165,481.90,0
3415,8157.713,"Mount",0.465,0.168,0.347,-0.352,0.237,0.000,46,W,0,,,,792762,479.85,0
3416,8160.202,"Mount",0.938,0.049,0.826,-0.449,0.537,0.000,105,W,0,,,,795983,486.29,0
3417,8162.490,"Mount",0.659,0.394,0.426,-0.640,0.306,0.000,60,W,0,,,,771783,476.67,0
3418,8164.829,"Mount",-0.057,0.359,-0.206,-0.300,0.000,0.000,0,,0,,,,789707,478.00,0
3419,8167.866,"Mount",-0.006,0.477,-0.211,-0.428,0.000,-0.428,0,,825,N,,,792348,446.61,0
3420,8170.433,"Mount",0.651,0.228,0.490,-0.486,0.309,-0.486,60,W,99,N,,,790285,418.07,0
3421,8172.753,"Mount",0.091,0.571,-0.164,-0.554,0.000,-0.554,0,,113,N,,,806433,451.38,0
3422,8175.273,"Mount",-0.798,0.719,-1.030,-0.306,-0.649,0.000,127,E,0,,,,758427,419.74,0
3423,8177.681,"Mount",-0.017,0.525,-0.241,-0.467,-0.197,-0.467,39,E,95,N,,,773976,450.44,0
3424,8180.022,"Mount",-0.121,0.122,-0.161,-0.058,0.000,0.000,0,,0,,,,812212,457.53,0
3425,8182.299,"Mount",-0.794,-0.051,-0.695,0.387,-0.438,0.000,86,E,0,,,,767360,447.01,0
3426,8184.786,"Mount",0.267,-0.391,0.409,0.238,0.227,0.000,44,W,0,,,,771214,427.10,0
3427,8186.961,"Mount",0.075,-0.284,0.190,0.224,0.000,0.000,0,,0,,,,780344,487.15,0
3428,8189.513,"Mount",0.522,-0.516,0.693,0.241,0.437,0.000,86,W,0,,,,777820,470.87,0
3429,8191.801,"Mount",0.170,-0.251,0.261,0.153,0.195,0.000,38,W,0,,,,796160,421.87,0
3430,8194.217,"Mount",-0.776,-0.635,-0.427,0.907,-0.255,0.000,50,E,0,,,,751976,424.73,0
3431,8196.569,"Mount",0.833,-0.808,1.100,0.371,0.675,0.000,132,W,0,,,,816499,509.66,0
3432,8199.881,"Mount",-0.337,-0.471,-0.102,0.570,0.000,0.570,0,,920,S,,,792421,468.26,0
3433,8202.321,"Mount",0.166,-0.645,0.427,0.511,0.269,0.511,53,W,104,S,,,804063,484.78,0
3434,8204.669,"Mount",0.035,0.399,-0.140,-0.375,0.000,0.000,0,,0,,,,798177,436.29,0
3435,8206.913,"Mount",-0.004,0.580,-0.253,-0.522,-0.159,0.000,31,E,0,,,,794659,459.95,0
3436,8209.259,"Mount",0.072,0.497,-0.149,-0.480,0.000,0.000,0,,0,,,,775070,450.72,0
3437,8211.492,"Mount",-0.020,0.391,-0.186,-0.345,0.000,0.000,0,,0,,,,834819,450.66,0
3438,8213.897,"Mount",0.401,0.254,0.253,-0.402,0.160,0.000,31,W,0,,,,791361,435.28,0
3439,8216.209,"Mount",-0.173,0.490,-0.366,-0.368,-0.220,0.000,43,E,0,,,,796528,449.51,0
3440,8218.633,"Mount",0.499,0.252,0.342,-0.442,0.200,0.000,39,W,0,,,,786122,428.14,0
3441,8221.729,"Mount",0.013,0.450,-0.182,-0.412,0.000,-0.412,0,,888,N,,,799052,408.60,0
3442,8224.337,"Mount",0.880,0.074,0.762,-0.445,0.480,-0.445,94,W,91,N,,,797522,410.01,0
3443,8226.625,"Mount",0.360,0.242,0.221,-0.374,0.000,-0.374,0,,76,N,,,806043,473.78,0
3444,8228.978,"Mount",0.181,0.005,0.161,-0.082,0.000,0.000,0,,0,,,,804173,465.17,0
3445,8231.321,"Mount",-0.591,0.166,-0.605,0.104,-0.381,0.000,75,E,0,,,,825237,438.36,0
3446,8233.825,"Mount",0.997,-0.363,1.057,-0.101,0.639,0.000,125,W,0,,,,776981,487.37,0
3447,8236.129,"Mount",0.358,-0.173,0.398,0.002,0.296,0.000,58,W,0,,,,803321,517.07,0
3448,8238.753,"Mount",-1.891,0.569,-1.952,0.300,-1.209,0.000,237,E,0,,,,782124,425.28,0
3449,8241.017,"Mount",-0.156,0.320,-0.279,-0.222,-0.260,0.000,51,E,0,,,,779667,446.39,0
3450,8243.482,"Mount",0.409,-0.220,0.464,0.023,0.274,0.000,54,W,0,,,,771923,452.79,0
3451,8245.650,"Mount",-0.023,-0.023,-0.011,0.031,0.000,0.000,0,,0,,,,791152,397.97,0
3452,8248.081,"Mount",-0.427,-0.113,-0.337,0.286,-0.213,0.000,42,E,0,,,,773029,439.86,0
3453,8250.481,"Mount",1.239,-1.010,1.554,0.378,0.964,0.000,189,W,0,,,,783960,434.07,0
3454,8252.993,"Mount",0.804,-0.493,0.938,0.099,0.658,0.000,129,W,0,,,,808423,481.17,0
3455,8255.337,"Mount",0.512,-0.329,0.604,0.077,0.426,0.000,84,W,0,,,,787021,485.80,0
3456,8257.793,"Mount",-0.709,-0.060,-0.614,0.360,-0.357,0.000,70,E,0,,,,838414,470.47,0
3457,8260.033,"Mount",0.192,-0.377,0.335,0.258,0.186,0.000,36,W,0,,,,817890,442.96,0
3458,8262.522,"Mount",-0.850,0.133,-0.825,0.246,-0.507,0.000,99,E,0,,,,788819,465.95,0
3459,8265.913,"Mount",-1.216,0.099,-1.140,0.434,-0.754,0.434,148,E,956,S,,,794154,428.18,0
3460,8268.401,"Mount",0.629,-0.593,0.823,0.264,0.466,0.000,91,W,0,,,,784928,406.49,0
3461,8270.566,"Mount",0.057,-0.117,0.102,0.081,0.000,0.000,0,,0,,,,798588,453.13,0
3462,8273.041,"Mount",0.644,-0.567,0.826,0.235,0.520,0.000,102,W,0,,,,803179,465.00,0
3463,8275.377,"Mount",-0.047,-0.455,0.153,0.431,0.000,0.431,0,,88,S,,,757524,432.88,0
3464,8277.729,"Mount",-0.013,0.082,-0.047,-0.068,0.000,0.000,0,,0,,,,791230,419.86,0
3465,8280.178,"Mount",-1.023,0.037,-0.939,0.407,-0.592,0.407,116,E,83,S,,,657607,373.74,0
3466,8282.609,"Mount",-0.226,0.213,-0.296,-0.095,-0.228,0.000,45,E,0,,,,746890,391.84,0
3467,8284.896,"Mount",-0.408,0.262,-0.481,-0.061,-0.319,0.000,62,E,0,,,,797169,425.19,0
3468,8287.417,"Mount",-0.673,0.333,-0.750,-0.011,-0.495,0.000,97,E,0,,,,790919,409.33,0
3469,8289.689,"Mount",-0.204,0.343,-0.331,-0.222,-0.243,0.000,48,E,0,,,,792070,419.76,0
3470,8292.153,"Mount",0.887,0.072,0.770,-0.446,0.468,0.000,92,W,0,,,,791150,481.79,0
3471,8294.433,"Mount",0.552,0.421,0.317,-0.617,0.233,0.000,46,W,0,,,,784676,500.60,0
3472,8296.897,"Mount",-0.696,0.338,-0.774,-0.005,-0.471,0.000,92,E,0,,,,798674,469.68,0
3473,8299.079,"Mount",-0.007,0.307,-0.139,-0.275,0.000,0.000,0,,0,,,,805662,461.15,0
3474,8301.553,"Mount",0.363,0.114,0.279,-0.259,0.176,0.000,34,W,0,,,,825130,502.90,0
3475,8303.898,"Mount",-1.019,0.559,-1.160,-0.066,-0.719,0.000,141,E,0,,,,771571,455.07,0
3476,8306.286,"Mount",-0.110,0.202,-0.186,-0.135,0.000,0.000,0,,0,,,,782191,404.54,0
3477,8308.644,"Mount",-1.088,0.185,-1.062,0.301,-0.669,0.000,131,E,0,,,,659571,387.07,0
3478,8311.081,"Mount",0.652,-0.015,0.595,-0.268,0.328,0.000,64,W,0,,,,794857,497.13,0
3479,8313.433,"Mount",0.926,0.081,0.801,-0.472,0.528,0.000,103,W,0,,,,792081,444.76,0
3480,8315.889,"Mount",0.495,-0.049,0.468,-0.169,0.332,0.000,65,W,0,,,,787612,437.10,0
3481,8318.161,"Mount",0.525,0.110,0.426,-0.325,0.292,0.000,57,W,0,,,,795241,455.96,0
3482,8320.585,"Mount",-0.171,0.524,-0.380,-0.399,-0.219,0.000,43,E,0,,,,753934,449.01,0
3483,8322.937,"Mount",-0.788,0.401,-0.883,-0.023,-0.572,0.000,112,E,0,,,,784402,480.30,0
3484,8325.314,"Mount",0.156,0.268,0.025,-0.309,0.000,0.000,0,,0,,,,785405,446.60,0
3485,8327.498,"Mount",-0.146,0.029,-0.144,0.036,0.000,0.000,0,,0,,,,653941,353.03,0
3486,8329.930,"Mount",-0.362,0.276,-0.446,-0.094,-0.281,0.000,55,E,0,,,,809711,402.41,0
3487,8332.111,"Mount",0.139,-0.118,0.176,0.047,0.000,0.000,0,,0,,,,630083,303.78,0
3488,8334.513,"Mount",-0.229,0.088,-0.244,0.019,-0.154,0.000,30,E,0,,,,771880,449.12,0
3489,8336.914,"Mount",1.436,-0.551,1.533,-0.120,0.955,0.000,187,W,0,,,,783506,475.18,0
3490,8339.449,"Mount",0.682,-0.133,0.673,-0.174,0.491,0.000,96,W,0,,,,817836,521.37,0
3491,8341.751,"Mount",0.557,0.095,0.462,-0.326,0.326,0.000,64,W,0,,,,791606,445.29,0
3492,8344.177,"Mount",0.288,-0.234,0.361,0.087,0.250,0.000,49,W,0,,,,826010,489.75,0
3493,8346.356,"Mount",0.095,0.428,-0.099,-0.427,0.000,0.000,0,,0,,,,800557,501.66,0
3494,8348.692,"Mount",-0.017,0.335,-0.160,-0.295,0.000,0.000,0,,0,,,,771804,412.33,0
3495,8350.856,"Mount",0.058,0.436,-0.135,-0.419,0.000,0.000,0,,0,,,,805361,458.74,0
3496,8353.338,"Mount",-0.746,0.480,-0.880,-0.112,-0.555,0.000,109,E,0,,,,816490,460.25,0
3497,8355.521,"Mount",-0.094,0.321,-0.223,-0.250,0.000,0.000,0,,0,,,,793600,459.17,0
3498,8357.852,"Mount",0.146,0.238,0.029,-0.277,0.000,0.000,0,,0,,,,804919,449.37,0
3499,8361.177,"Mount",0.800,0.122,0.670,-0.454,0.422,-0.454,83,W,960,N,,,807085,494.05,0
3500,8363.524,"Mount",0.112,-0.216,0.194,0.147,0.000,0.000,0,,0,,,,776593,428.55,0
3501,8365.777,"Mount",0.227,-0.169,0.278,0.054,0.175,0.000,34,W,0,,,,815845,482.40,0
3502,8368.135,"Mount",-0.115,0.248,-0.210,-0.174,0.000,0.000,0,,0,,,,767582,426.28,0
3503,8370.300,"Mount",-0.135,0.241,-0.225,-0.160,0.000,0.000,0,,0,,,,782822,407.96,0
3504,8372.646,"Mount",0.061,0.306,-0.077,-0.302,0.000,0.000,0,,0,,,,791839,427.28,0
3505,8374.818,"Mount",0.302,0.158,0.204,-0.273,0.000,0.000,0,,0,,,,783567,453.85,0
3506,8377.249,"Mount",0.453,0.118,0.358,-0.301,0.225,0.000,44,W,0,,,,809892,483.97,0
3507,8379.459,"Mount",0.108,0.264,-0.016,-0.285,0.000,0.000,0,,0,,,,827006,503.38,0
3508,8381.824,"Mount",0.048,0.357,-0.110,-0.343,0.000,0.000,0,,0,,,,779687,444.14,0
3509,8384.217,"Mount",-0.152,0.549,-0.373,-0.430,-0.235,-0.430,46,E,88,N,,,802130,477.45,0
3510,8386.576,"Mount",0.133,0.254,0.011,-0.287,0.000,0.000,0,,0,,,,768371,419.06,0
3511,8388.818,"Mount",-0.255,0.152,-0.295,-0.027,-0.186,0.000,36,E,0,,,,789307,402.52,0
3512,8391.317,"Mount",-0.562,0.209,-0.597,0.054,-0.389,0.000,76,E,0,,,,781739,430.68,0
3513,8393.485,"Mount",-0.104,0.189,-0.175,-0.126,0.000,0.000,0,,0,,,,808184,479.69,0
3514,8395.945,"Mount",-0.598,0.221,-0.635,0.058,-0.400,0.000,78,E,0,,,,767783,411.60,0
3515,8398.130,"Mount",0.070,0.115,0.013,-0.134,0.000,0.000,0,,0,,,,815381,505.04,0
3516,8400.469,"Mount",0.191,0.213,0.081,-0.274,0.000,0.000,0,,0,,,,759298,445.71,0
3517,8402.737,"Mount",-0.548,0.211,-0.585,0.046,-0.369,0.000,72,E,0,,,,801455,451.54,0
3518,8405.298,"Mount",1.414,-0.520,1.501,-0.139,0.920,0.000,180,W,0,,,,813066,481.18,0
3519,8407.617,"Mount",0.492,-0.483,0.652,0.225,0.475,0.000,93,W,0,,,,772737,427.75,0
3520,8410.041,"Mount",-0.529,-0.044,-0.458,0.267,-0.255,0.000,50,E,0,,,,843327,488.69,0
3521,8412.251,"Mount",-0.241,0.017,-0.225,0.088,0.000,0.000,0,,0,,,,831974,482.53,0
3522,8414.738,"Mount",-0.836,0.216,-0.848,0.165,-0.534,0.000,105,E,0,,,,829026,437.79,0
3523,8417.074,"Mount",-1.063,0.097,-1.001,0.370,-0.668,0.000,131,E,0,,,,798406,433.85,0
3524,8419.562,"Mount",0.567,-0.312,0.646,0.038,0.360,0.000,71,W,0,,,,767078,448.45,0
3525,8421.770,"Mount",0.073,-0.190,0.147,0.140,0.000,0.000,0,,0,,,,809981,467.57,0
3526,8424.201,"Mount",0.361,-0.247,0.432,0.068,0.272,0.000,53,W,0,,,,802608,462.44,0
3527,8426.376,"Mount",-0.103,0.065,-0.121,-0.014,0.000,0.000,0,,0,,,,813857,465.42,0
3528,8428.793,"Mount",0.291,-0.089,0.302,-0.045,0.190,0.000,37,W,0,,,,764625,424.04,0
3529,8431.050,"Mount",0.257,-0.101,0.275,-0.019,0.187,0.000,37,W,0,,,,767775,443.62,0
3530,8433.419,"Mount",0.137,-0.067,0.152,0.002,0.000,0.000,0,,0,,,,840703,507.21,0
3531,8435.649,"Mount",-0.189,0.197,-0.255,-0.096,-0.161,0.000,32,E,0,,,,790961,444.28,0
3532,8438.005,"Mount",-0.139,0.004,-0.127,0.056,0.000,0.000,0,,0,,,,773717,448.38,0
3533,8440.265,"Mount",-0.509,0.056,-0.484,0.169,-0.305,0.000,60,E,0,,,,814134,500.76,0
3534,8442.729,"Mount",-0.719,-0.349,-0.499,0.624,-0.336,0.000,66,E,0,,,,770719,406.95,0
3535,8445.050,"Mount",-0.398,-0.020,-0.351,0.189,-0.245,0.000,48,E,0,,,,768752,411.88,0
3536,8447.521,"Mount",0.432,-0.187,0.470,-0.017,0.279,0.000,55,W,0,,,,781566,449.76,0
3537,8449.810,"Mount",0.471,-0.454,0.621,0.207,0.411,0.000,80,W,0,,,,848125,441.64,0
3538,8452.242,"Mount",-0.383,0.351,-0.497,-0.152,-0.284,0.000,56,E,0,,,,788522,428.64,0
3539,8454.427,"Mount",0.131,-0.124,0.171,0.055,0.000,0.000,0,,0,,,,797359,504.78,0
3540,8456.834,"Mount",-0.254,0.130,-0.285,-0.008,-0.179,0.000,35,E,0,,,,784186,444.15,0
3541,8459.185,"Mount",-0.950,0.525,-1.084,-0.065,-0.695,0.000,136,E,0,,,,781639,429.72,0
3542,8461.629,"Mount",0.298,-0.271,0.386,0.116,0.195,0.000,38,W,0,,,,800920,464.12,0
3543,8463.929,"Mount",0.345,-0.192,0.394,0.025,0.262,0.000,51,W,0,,,,722324,464.61,0
3544,8466.369,"Mount",0.254,-0.266,0.344,0.131,0.235,0.000,46,W,0,,,,772157,480.83,0
3545,8468.633,"Mount",-0.573,-0.286,-0.395,0.505,-0.232,0.000,45,E,0,,,,784146,500.36,0
3546,8471.147,"Mount",-0.972,0.289,-1.001,0.158,-0.647,0.000,127,E,0,,,,778135,492.25,0
3547,8473.441,"Mount",-0.699,-0.149,-0.567,0.436,-0.402,0.000,79,E,0,,,,820675,441.36,0
3548,8475.786,"Mount",0.005,-0.238,0.107,0.213,0.000,0.000,0,,0,,,,790133,486.23,0
3549,8478.050,"Mount",0.344,-0.230,0.409,0.060,0.258,0.000,51,W,0,,,,779135,451.21,0
3550,8480.392,"Mount",0.110,-0.277,0.218,0.203,0.000,0.000,0,,0,,,,807764,475.87,0
3551,8482.583,"Mount",-0.051,-0.018,-0.038,0.038,0.000,0.000,0,,0,,,,802769,470.83,0
3552,8485.414,"Mount",0.613,-0.497,0.767,0.185,0.483,0.000,95,W,0,,,,783216,459.41,0
3553,8487.770,"Mount",0.798,-0.299,0.849,-0.074,0.569,0.000,111,W,0,,,,764835,500.52,0
3554,8490.306,"Mount",0.964,-0.437,1.058,-0.020,0.707,0.000,138,W,0,,,,802735,502.42,0
INFO: SET LOCK POSITION, new lock pos = 37.244, 794.453
INFO: DITHER by 1.018, 1.072, new lock pos = 37.701, 793.047
INFO: SETTLING STATE CHANGE, Settling started
3555,8493.376,"Mount",-0.457,1.405,-1.018,-1.072,-1.018,-1.072,199,E,219,N,,,789184,426.18,0
3556,8496.074,"Mount",0.084,0.925,-0.323,-0.871,-0.203,0.000,40,E,0,,,,780721,465.27,0
3557,8498.345,"Mount",0.067,0.690,-0.236,-0.651,-0.163,0.000,32,E,0,,,,760426,469.11,0
3558,8501.001,"Mount",0.723,0.682,0.359,-0.927,0.215,-0.927,42,W,189,N,,,815536,498.91,0
3559,8503.449,"Mount",0.717,0.281,0.526,-0.562,0.346,-0.562,68,W,115,N,,,788112,480.84,0
3560,8506.017,"Mount",-1.146,0.153,-1.100,0.355,-0.669,0.000,131,E,0,,,,773046,476.41,0
INFO: SETTLING STATE CHANGE, Settling complete
3561,8508.410,"Mount",-1.313,0.020,-1.194,0.547,-0.799,0.000,156,E,0,,,,782865,433.34,0
3562,8510.905,"Mount",0.771,-0.355,0.849,-0.011,0.479,0.000,94,W,0,,,,770161,488.51,0
3563,8513.310,"Mount",0.413,-0.426,0.556,0.207,0.384,0.000,75,W,0,,,,786555,458.41,0
3564,8515.739,"Mount",-0.273,0.254,-0.356,-0.112,-0.197,0.000,39,E,0,,,,792950,496.78,0
3565,8517.914,"Mount",-0.092,0.114,-0.132,-0.063,0.000,0.000,0,,0,,,,783134,468.07,0
3566,8520.474,"Mount",-1.657,0.257,-1.606,0.481,-1.012,0.000,198,E,0,,,,806648,472.52,0
3567,8522.646,"Mount",0.130,-0.237,0.219,0.158,0.000,0.000,0,,0,,,,810708,469.02,0
3568,8525.138,"Mount",-0.815,0.142,-0.796,0.223,-0.502,0.000,98,E,0,,,,788488,454.08,0
3569,8527.434,"Mount",0.546,-0.273,0.611,0.012,0.350,0.000,68,W,0,,,,790704,461.19,0
3570,8529.865,"Mount",-0.407,-0.104,-0.322,0.269,-0.178,0.000,35,E,0,,,,791161,479.96,0
3571,8532.030,"Mount",-0.157,-0.003,-0.140,0.070,0.000,0.000,0,,0,,,,812616,459.41,0
3572,8534.466,"Mount",0.459,-0.103,0.459,-0.104,0.289,0.000,57,W,0,,,,803771,461.05,0
3573,8536.644,"Mount",0.085,-0.042,0.095,0.002,0.000,0.000,0,,0,,,,804774,469.85,0
3574,8538.991,"Mount",0.051,-0.304,0.177,0.253,0.000,0.000,0,,0,,,,757807,455.37,0
3575,8541.183,"Mount",0.124,-0.138,0.171,0.071,0.000,0.000,0,,0,,,,818083,479.42,0
3576,8543.586,"Mount",-0.372,0.027,-0.348,0.136,-0.219,0.000,43,E,0,,,,786242,525.26,0
3577,8545.826,"Mount",0.313,0.053,0.260,-0.183,0.148,0.000,29,W,0,,,,823188,473.98,0
3578,8548.249,"Mount",0.257,-0.161,0.301,0.035,0.200,0.000,39,W,0,,,,760840,475.89,0
3579,8550.657,"Mount",0.663,0.239,0.495,-0.501,0.326,-0.501,64,W,102,N,,,827785,465.40,0
3580,8553.003,"Mount",-0.360,-0.487,-0.115,0.594,0.000,0.000,0,,0,,,,767043,459.22,0
3581,8555.192,"Mount",-0.067,-0.157,0.007,0.170,0.000,0.000,0,,0,,,,787424,450.58,0
3582,8557.674,"Mount",0.405,-0.145,0.428,-0.043,0.270,0.000,53,W,0,,,,799545,464.30,0
3583,8559.970,"Mount",0.523,-0.256,0.582,0.006,0.386,0.000,76,W,0,,,,807532,504.14,0
3584,8562.426,"Mount",-0.818,-0.119,-0.687,0.460,-0.406,0.000,79,E,0,,,,782292,444.61,0
3585,8564.656,"Mount",-0.216,-0.219,-0.101,0.291,0.000,0.000,0,,0,,,,789693,439.23,0
3586,8567.091,"Mount",-0.708,-0.434,-0.452,0.697,-0.285,0.000,56,E,0,,,,775494,484.73,0
3587,8570.473,"Mount",-1.008,-0.343,-0.763,0.744,-0.500,0.744,98,E,1019,S,,,806575,464.45,0
3588,8573.041,"Mount",-0.638,-0.116,-0.527,0.379,-0.367,0.379,72,E,77,S,,,713825,422.18,0
3589,8575.346,"Mount",-0.615,0.079,-0.589,0.193,-0.397,0.000,78,E,0,,,,719704,417.49,0
3590,8577.843,"Mount",1.057,0.125,0.900,-0.568,0.540,0.000,106,W,0,,,,815567,498.44,0
3591,8580.114,"Mount",0.575,0.228,0.421,-0.454,0.303,0.000,59,W,0,,,,787614,453.82,0
3592,8582.457,"Mount",0.021,0.034,0.004,-0.039,0.000,0.000,0,,0,,,,765081,459.34,0
3593,8584.639,"Mount",0.029,0.404,-0.148,-0.377,0.000,0.000,0,,0,,,,800079,516.28,0
3594,8586.981,"Mount",-0.024,0.269,-0.137,-0.232,0.000,0.000,0,,0,,,,770092,426.63,0
3595,8589.251,"Mount",-0.218,0.586,-0.449,-0.435,-0.283,0.000,55,E,0,,,,796551,486.75,0
3596,8591.745,"Mount",-0.623,0.635,-0.836,-0.305,-0.546,0.000,107,E,0,,,,793518,451.75,0
3597,8594.057,"Mount",-0.648,0.523,-0.810,-0.193,-0.549,0.000,107,E,0,,,,802989,507.54,0
3598,8597.418,"Mount",0.336,0.452,0.109,-0.553,0.000,-0.553,0,,980,N,,,815500,529.03,0
3599,8599.714,"Mount",-0.607,0.163,-0.618,0.114,-0.389,0.000,76,E,0,,,,781513,433.38,0
3600,8602.130,"Mount",-0.245,0.033,-0.235,0.075,-0.176,0.000,34,E,0,,,,780145,417.93,0
3601,8604.310,"Mount",-0.020,0.154,-0.085,-0.130,0.000,0.000,0,,0,,,,802071,465.34,0
3602,8606.849,"Mount",0.443,0.299,0.271,-0.460,0.171,-0.460,33,W,94,N,,,787400,473.93,0
3603,8609.050,"Mount",0.131,0.162,0.049,-0.203,0.000,0.000,0,,0,,,,771973,437.74,0
3604,8611.437,"Mount",-0.112,-0.058,-0.076,0.101,0.000,0.000,0,,0,,,,806236,462.45,0
3605,8613.608,"Mount",-0.159,0.096,-0.184,-0.018,0.000,0.000,0,,0,,,,790094,480.80,0
3606,8616.041,"Mount",-0.310,0.265,-0.394,-0.106,-0.248,0.000,49,E,0,,,,787745,487.27,0
3607,8618.244,"Mount",-0.081,0.035,-0.088,0.003,0.000,0.000,0,,0,,,,829939,538.63,0
3608,8620.689,"Mount",-0.447,0.245,-0.509,-0.029,-0.321,0.000,63,E,0,,,,796102,506.37,0
3609,8622.961,"Mount",-0.613,0.004,-0.555,0.260,-0.372,0.000,73,E,0,,,,819403,478.18,0
3610,8625.457,"Mount",-0.711,0.254,-0.751,0.076,-0.499,0.000,98,E,0,,,,741090,424.64,0
3611,8627.668,"Mount",-0.152,0.019,-0.145,0.049,0.000,0.000,0,,0,,,,804707,481.45,0
3612,8630.169,"Mount",0.158,0.344,-0.005,-0.379,0.000,-0.379,0,,77,N,,,805081,497.32,0
3613,8632.401,"Mount",0.341,0.154,0.241,-0.286,0.152,0.000,30,W,0,,,,767539,448.52,0
3614,8634.731,"Mount",-0.180,-0.136,-0.104,0.200,0.000,0.000,0,,0,,,,809739,487.94,0
3615,8636.920,"Mount",-0.007,-0.082,0.029,0.077,0.000,0.000,0,,0,,,,827310,461.44,0
3616,8639.323,"Mount",0.226,0.266,0.089,-0.337,0.000,0.000,0,,0,,,,807909,450.78,0
3617,8641.507,"Mount",-0.049,-0.048,-0.023,0.065,0.000,0.000,0,,0,,,,789623,488.19,0
3618,8643.855,"Mount",-0.038,-0.385,0.132,0.364,0.000,0.000,0,,0,,,,801092,495.60,0
3619,8646.097,"Mount",0.452,0.093,0.367,-0.278,0.232,0.000,45,W,0,,,,814379,448.85,0
3620,8648.578,"Mount",-0.827,0.189,-0.827,0.186,-0.505,0.000,99,E,0,,,,752095,509.62,0
3621,8650.882,"Mount",-0.702,0.026,-0.645,0.279,-0.442,0.000,87,E,0,,,,788608,462.77,0
3622,8653.474,"Mount",1.590,-0.570,1.681,-0.170,1.028,0.000,201,W,0,,,,813523,442.07,0
3623,8655.664,"Mount",0.055,0.044,0.031,-0.064,0.000,0.000,0,,0,,,,745656,490.56,0
3624,8658.082,"Mount",-0.518,-0.233,-0.367,0.433,-0.231,0.000,45,E,0,,,,682008,391.69,0
3625,8660.418,"Mount",0.782,-0.538,0.938,0.149,0.575,0.000,113,W,0,,,,824712,404.69,0
3626,8662.890,"Mount",0.648,-0.363,0.742,0.049,0.507,0.000,99,W,0,,,,766573,501.89,0
3627,8665.064,"Mount",0.094,-0.117,0.135,0.066,0.000,0.000,0,,0,,,,783539,467.22,0
3628,8667.562,"Mount",0.425,-0.457,0.580,0.230,0.365,0.000,72,W,0,,,,800517,464.17,0
3629,8669.735,"Mount",-0.062,-0.183,0.023,0.192,0.000,0.000,0,,0,,,,770346,455.05,0
3630,8672.074,"Mount",0.137,0.011,0.119,-0.069,0.000,0.000,0,,0,,,,769371,448.69,0
3631,8674.245,"Mount",-0.238,-0.213,-0.123,0.295,0.000,0.000,0,,0,,,,819010,487.25,0
3632,8676.602,"Mount",0.032,0.063,0.002,-0.071,0.000,0.000,0,,0,,,,760177,480.69,0
3633,8678.777,"Mount",-0.051,-0.039,-0.029,0.057,0.000,0.000,0,,0,,,,843743,467.12,0
3634,8681.257,"Mount",0.496,-0.447,0.640,0.190,0.403,0.000,79,W,0,,,,800791,458.59,0
3635,8683.444,"Mount",-0.137,-0.318,0.013,0.346,0.000,0.000,0,,0,,,,791573,433.01,0
3636,8685.791,"Mount",-0.275,-0.268,-0.133,0.360,0.000,0.000,0,,0,,,,820034,454.86,0
3637,8688.050,"Mount",-0.393,0.055,-0.379,0.119,-0.239,0.000,47,E,0,,,,796076,401.33,0
3638,8690.490,"Mount",-0.512,-0.011,-0.458,0.231,-0.305,0.000,60,E,0,,,,756996,445.69,0
3639,8692.770,"Mount",-0.631,-0.047,-0.549,0.314,-0.367,0.000,72,E,0,,,,796851,502.91,0
3640,8695.116,"Mount",0.060,-0.146,0.117,0.106,0.000,0.000,0,,0,,,,798102,452.72,0
3641,8697.341,"Mount",-0.082,-0.181,0.004,0.199,0.000,0.000,0,,0,,,,828754,455.86,0
3642,8699.684,"Mount",-0.283,-0.294,-0.129,0.388,0.000,0.000,0,,0,,,,797648,515.82,0
3643,8701.927,"Mount",-0.142,-0.029,-0.115,0.087,0.000,0.000,0,,0,,,,800502,479.22,0
3644,8704.330,"Mount",0.320,-0.020,0.297,-0.120,0.187,0.000,37,W,0,,,,824598,491.09,0
3645,8706.507,"Mount",0.015,0.065,-0.014,-0.065,0.000,0.000,0,,0,,,,803720,432.12,0
3646,8708.851,"Mount",0.111,-0.191,0.183,0.125,0.000,0.000,0,,0,,,,784381,480.29,0
3647,8711.017,"Mount",-0.077,-0.093,-0.029,0.117,0.000,0.000,0,,0,,,,789318,471.40,0
3648,8713.395,"Mount",-0.099,-0.197,-0.005,0.220,0.000,0.000,0,,0,,,,792104,489.40,0
3649,8715.634,"Mount",-0.355,-0.154,-0.254,0.292,-0.160,0.000,31,E,0,,,,783635,443.64,0
3650,8717.981,"Mount",-0.208,-0.111,-0.140,0.190,0.000,0.000,0,,0,,,,757932,486.76,0
3651,8720.161,"Mount",-0.265,-0.150,-0.175,0.249,0.000,0.000,0,,0,,,,798885,473.22,0
3652,8722.497,"Mount",0.040,-0.173,0.111,0.139,0.000,0.000,0,,0,,,,802275,428.22,0
3653,8724.682,"Mount",-0.200,-0.159,-0.112,0.230,0.000,0.000,0,,0,,,,800044,507.95,0
3654,8727.122,"Mount",-0.606,-0.095,-0.506,0.347,-0.319,0.000,62,E,0,,,,768025,442.25,0
3655,8729.481,"Mount",-0.608,0.006,-0.552,0.256,-0.370,0.000,72,E,0,,,,800278,437.22,0
3656,8731.860,"Mount",-0.022,0.214,-0.113,-0.184,0.000,0.000,0,,0,,,,772839,404.03,0
3657,8734.030,"Mount",-0.065,0.139,-0.118,-0.097,0.000,0.000,0,,0,,,,786116,456.02,0
3658,8736.441,"Mount",-0.435,-0.104,-0.348,0.281,-0.219,0.000,43,E,0,,,,806347,472.14,0
3659,8738.689,"Mount",-0.305,0.037,-0.291,0.098,-0.199,0.000,39,E,0,,,,780467,443.58,0
3660,8741.051,"Mount",-0.267,-0.318,-0.104,0.402,0.000,0.000,0,,0,,,,816250,510.65,0
3661,8743.231,"Mount",-0.188,0.065,-0.198,0.023,0.000,0.000,0,,0,,,,764281,445.40,0
3662,8745.643,"Mount",0.280,-0.230,0.352,0.087,0.221,0.000,43,W,0,,,,825788,461.33,0
3663,8747.818,"Mount",-0.179,-0.080,-0.127,0.149,0.000,0.000,0,,0,,,,821093,488.63,0
3664,8750.169,"Mount",-0.096,0.128,-0.142,-0.075,0.000,0.000,0,,0,,,,784815,483.66,0
3665,8752.514,"Mount",-1.490,-0.353,-1.193,0.959,-0.751,0.000,147,E,0,,,,748367,426.89,0
3666,8755.857,"Mount",-0.265,-0.407,-0.064,0.481,0.000,0.481,0,,965,S,,,765490,420.81,0
3667,8758.036,"Mount",-0.161,0.122,-0.198,-0.041,0.000,0.000,0,,0,,,,764505,482.59,0
3668,8760.374,"Mount",-0.009,-0.265,0.106,0.243,0.000,0.000,0,,0,,,,767865,490.45,0
3669,8762.537,"Mount",-0.324,-0.198,-0.207,0.318,0.000,0.000,0,,0,,,,800997,465.29,0
3670,8764.873,"Mount",-0.014,-0.030,0.000,0.033,0.000,0.000,0,,0,,,,798233,472.95,0
3671,8767.106,"Mount",-0.248,0.028,-0.236,0.082,-0.148,0.000,29,E,0,,,,789313,504.36,0
3672,8769.555,"Mount",0.359,-0.372,0.484,0.181,0.295,0.000,58,W,0,,,,800204,469.33,0
3673,8771.771,"Mount",-0.112,0.127,-0.156,-0.066,0.000,0.000,0,,0,,,,783319,452.87,0
3674,8774.353,"Mount",-0.621,-0.226,-0.463,0.471,-0.292,0.471,57,E,96,S,,,806149,488.96,0
3675,8776.531,"Mount",0.041,-0.155,0.104,0.122,0.000,0.000,0,,0,,,,789663,448.00,0
3676,8778.865,"Mount",-0.089,-0.034,-0.066,0.069,0.000,0.000,0,,0,,,,824425,493.69,0
3677,8781.042,"Mount",-0.074,0.042,-0.085,-0.006,0.000,0.000,0,,0,,,,836951,548.34,0
3678,8783.417,"Mount",-0.104,0.170,-0.167,-0.109,0.000,0.000,0,,0,,,,806299,436.73,0
3679,8785.666,"Mount",-0.372,-0.084,-0.299,0.235,-0.189,0.000,37,E,0,,,,806925,440.14,0
3680,8788.162,"Mount",0.932,-0.177,0.918,-0.241,0.565,0.000,111,W,0,,,,777523,469.35,0
3681,8790.602,"Mount",1.604,-0.975,1.867,0.190,1.216,0.000,238,W,0,,,,807976,441.24,0
3682,8793.170,"Mount",0.199,-0.550,0.416,0.411,0.347,0.411,68,W,84,S,,,757524,391.47,0
3683,8795.641,"Mount",-0.548,0.504,-0.712,-0.219,-0.424,0.000,83,E,0,,,,735377,450.39,0
3684,8798.117,"Mount",-0.105,-0.361,0.060,0.371,0.000,0.371,0,,76,S,,,764645,423.71,0
3685,8800.361,"Mount",-0.070,0.398,-0.234,-0.329,-0.148,0.000,29,E,0,,,,755936,453.27,0
3686,8802.913,"Mount",-0.597,-0.107,-0.493,0.353,-0.321,0.353,63,E,72,S,,,769585,422.75,0
3687,8805.099,"Mount",-0.013,0.173,-0.086,-0.150,0.000,0.000,0,,0,,,,792007,446.23,0
3688,8807.649,"Mount",1.210,-0.233,1.192,-0.310,0.751,0.000,147,W,0,,,,819166,448.16,0
3689,8809.817,"Mount",0.372,0.612,0.072,-0.712,0.000,0.000,0,,0,,,,795162,475.43,0
3690,8812.218,"Mount",-0.098,0.389,-0.256,-0.309,-0.161,0.000,32,E,0,,,,796951,424.94,0
3691,8814.392,"Mount",0.183,0.251,0.057,-0.306,0.000,0.000,0,,0,,,,779505,492.28,0
3692,8816.827,"Mount",0.677,0.240,0.508,-0.508,0.320,0.000,63,W,0,,,,791584,426.84,0
3693,8819.090,"Mount",-0.373,0.369,-0.495,-0.173,-0.290,0.000,57,E,0,,,,703239,431.69,0
3694,8821.570,"Mount",-0.201,0.929,-0.581,-0.752,-0.386,0.000,76,E,0,,,,751879,419.39,0
3695,8824.818,"Mount",0.312,0.792,-0.059,-0.849,0.000,-0.849,0,,1040,N,,,794042,472.67,0
3696,8827.393,"Mount",0.493,0.781,0.109,-0.918,0.000,-0.918,0,,187,N,,,790880,440.78,0
3697,8829.602,"Mount",-0.014,0.300,-0.142,-0.265,0.000,0.000,0,,0,,,,808473,455.41,0
3698,8832.049,"Mount",0.165,0.359,-0.006,-0.395,0.000,-0.395,0,,81,N,,,782030,461.50,0
3699,8834.306,"Mount",-0.203,0.250,-0.291,-0.138,-0.183,0.000,36,E,0,,,,787087,448.46,0
3700,8836.693,"Mount",0.221,0.126,0.145,-0.209,0.000,0.000,0,,0,,,,787186,456.53,0
3701,8838.994,"Mount",-0.782,0.285,-0.829,0.079,-0.522,0.000,102,E,0,,,,813755,423.54,0
3702,8841.490,"Mount",0.411,0.006,0.369,-0.182,0.196,0.000,38,W,0,,,,775612,450.06,0
3703,8843.762,"Mount",-0.437,0.554,-0.633,-0.312,-0.385,0.000,75,E,0,,,,761652,481.96,0
3704,8846.139,"Mount",0.018,0.082,-0.019,-0.082,0.000,0.000,0,,0,,,,820706,486.10,0
3705,8848.418,"Mount",-0.611,0.081,-0.586,0.189,-0.369,0.000,72,E,0,,,,776774,477.65,0
3706,8850.874,"Mount",0.542,-0.049,0.510,-0.189,0.296,0.000,58,W,0,,,,782553,480.43,0
3707,8853.162,"Mount",0.517,-0.148,0.530,-0.089,0.355,0.000,69,W,0,,,,806729,452.86,0
3708,8855.737,"Mount",0.498,0.216,0.357,-0.409,0.250,-0.409,49,W,83,N,,,827212,485.43,0
3709,8857.914,"Mount",-0.061,-0.069,-0.025,0.089,0.000,0.000,0,,0,,,,793952,513.23,0
3710,8860.362,"Mount",-0.634,-0.272,-0.455,0.519,-0.287,0.000,56,E,0,,,,784079,471.93,0
3711,8862.642,"Mount",-0.664,-0.301,-0.470,0.557,-0.316,0.000,62,E,0,,,,821225,514.28,0
3712,8865.106,"Mount",-0.744,-0.309,-0.539,0.599,-0.362,0.000,71,E,0,,,,804753,429.76,0
3713,8868.401,"Mount",-0.274,-0.453,-0.053,0.527,0.000,0.527,0,,1033,S,,,806819,447.03,0
3714,8870.740,"Mount",0.140,-0.174,0.201,0.097,0.000,0.000,0,,0,,,,793079,453.83,0
3715,8872.978,"Mount",0.327,-0.181,0.373,0.023,0.235,0.000,46,W,0,,,,819150,482.57,0
3716,8875.913,"Mount",-2.572,0.337,-2.467,0.803,-1.538,0.803,301,E,164,S,,,738497,395.22,0
3717,8878.226,"Mount",-0.406,0.074,-0.398,0.108,-0.358,0.000,70,E,0,,,,776442,445.01,0
3718,8880.826,"Mount",1.712,-0.681,1.839,-0.122,1.133,0.000,222,W,0,,,,787176,494.12,0
3719,8882.997,"Mount",-0.237,-0.130,-0.158,0.220,0.000,0.000,0,,0,,,,806318,462.68,0
3720,8885.585,"Mount",-0.359,-0.221,-0.229,0.354,-0.144,0.354,28,E,72,S,,,760063,448.07,0
3721,8887.914,"Mount",-0.969,0.423,-1.057,0.035,-0.676,0.000,132,E,0,,,,792862,450.22,0
3722,8890.284,"Mount",0.174,-0.009,0.161,-0.067,0.000,0.000,0,,0,,,,763948,440.98,0
3723,8892.546,"Mount",0.690,0.393,0.454,-0.651,0.286,0.000,56,W,0,,,,756264,472.57,0
3724,8894.895,"Mount",0.126,0.272,-0.003,-0.300,0.000,0.000,0,,0,,,,803191,478.47,0
3725,8897.071,"Mount",0.397,0.391,0.190,-0.524,0.000,0.000,0,,0,,,,766373,476.16,0
3726,8899.465,"Mount",0.201,0.443,-0.009,-0.486,0.000,0.000,0,,0,,,,814489,439.84,0
3727,8902.794,"Mount",0.139,0.445,-0.066,-0.462,0.000,-0.462,0,,1077,N,,,810863,501.20,0
3728,8905.314,"Mount",-0.847,0.701,-1.066,-0.268,-0.672,0.000,132,E,0,,,,775701,427.07,0
3729,8907.682,"Mount",-1.069,0.372,-1.125,0.124,-0.756,0.000,148,E,0,,,,789997,476.96,0
3730,8910.027,"Mount",0.124,-0.233,0.212,0.157,0.000,0.000,0,,0,,,,774369,480.05,0
3731,8912.561,"Mount",1.651,-0.381,1.654,-0.367,1.042,-0.367,204,W,75,N,,,753908,430.52,0
3732,8915.002,"Mount",0.346,-0.030,0.326,-0.122,0.278,0.000,54,W,0,,,,784476,416.79,0
3733,8917.175,"Mount",0.017,0.148,-0.049,-0.141,0.000,0.000,0,,0,,,,778834,467.83,0
3734,8919.539,"Mount",-0.150,0.174,-0.211,-0.092,0.000,0.000,0,,0,,,,766625,447.58,0
3735,8921.770,"Mount",-0.222,-0.006,-0.198,0.101,0.000,0.000,0,,0,,,,808828,505.86,0
3736,8924.322,"Mount",-0.745,0.248,-0.779,0.097,-0.491,0.000,96,E,0,,,,768281,441.36,0
3737,8926.771,"Mount",-1.831,0.357,-1.807,0.466,-1.172,0.000,230,E,0,,,,747089,431.77,0
3738,8929.117,"Mount",-0.018,-0.289,0.108,0.269,0.000,0.000,0,,0,,,,803175,501.13,0
3739,8931.341,"Mount",0.154,-0.204,0.227,0.118,0.000,0.000,0,,0,,,,759020,436.45,0
3740,8933.842,"Mount",0.947,-0.289,0.979,-0.147,0.617,0.000,121,W,0,,,,797989,494.25,0
3741,8936.162,"Mount",0.696,-0.299,0.757,-0.030,0.520,0.000,102,W,0,,,,795986,450.01,0
3742,8938.826,"Mount",2.014,-0.916,2.212,-0.040,1.430,0.000,280,W,0,,,,785753,455.32,0
3743,8941.206,"Mount",0.959,-0.611,1.128,0.139,0.811,0.000,159,W,0,,,,785492,448.01,0
3744,8943.541,"Mount",0.150,0.117,0.085,-0.170,0.000,0.000,0,,0,,,,753891,472.35,0
3745,8945.721,"Mount",-0.093,-0.293,0.042,0.305,0.000,0.000,0,,0,,,,789972,422.23,0
3746,8948.060,"Mount",-0.017,-0.261,0.096,0.243,0.000,0.000,0,,0,,,,804653,494.18,0
3747,8950.386,"Mount",0.559,0.046,0.484,-0.282,0.305,0.000,60,W,0,,,,802031,470.99,0
3748,8952.818,"Mount",0.374,-0.005,0.339,-0.156,0.235,0.000,46,W,0,,,,800088,474.42,0
3749,8955.241,"Mount",0.591,0.179,0.456,-0.415,0.304,-0.415,60,W,85,N,,,793719,440.63,0
3750,8957.714,"Mount",0.646,-0.243,0.687,-0.059,0.454,0.000,89,W,0,,,,773100,440.98,0
3751,8960.042,"Mount",0.756,-0.230,0.782,-0.118,0.524,0.000,103,W,0,,,,757895,448.06,0
3752,8962.379,"Mount",0.016,0.163,-0.056,-0.154,0.000,0.000,0,,0,,,,775030,418.07,0
3753,8964.567,"Mount",0.022,0.159,-0.049,-0.153,0.000,0.000,0,,0,,,,795354,491.03,0
3754,8966.902,"Mount",-0.095,-0.284,0.037,0.298,0.000,0.000,0,,0,,,,810436,509.32,0
3755,8969.071,"Mount",-0.001,-0.201,0.085,0.182,0.000,0.000,0,,0,,,,770801,456.70,0
3756,8971.562,"Mount",-0.715,-0.280,-0.525,0.561,-0.331,0.000,65,E,0,,,,754981,435.91,0
3757,8973.727,"Mount",-0.352,-0.444,-0.127,0.552,0.000,0.000,0,,0,,,,811130,505.20,0
3758,8976.242,"Mount",0.751,-0.528,0.905,0.154,0.570,0.000,112,W,0,,,,815132,501.90,0
3759,8979.601,"Mount",-0.495,-0.211,-0.356,0.404,-0.184,0.404,36,E,1065,S,,,753525,374.39,0
3760,8982.097,"Mount",-0.192,-0.504,0.044,0.538,0.000,0.538,0,,110,S,,,752729,468.44,0
3761,8984.458,"Mount",0.559,-0.125,0.558,-0.127,0.352,0.000,69,W,0,,,,797506,426.85,0
3762,8986.946,"Mount",-0.836,0.447,-0.947,-0.044,-0.572,0.000,112,E,0,,,,806526,436.76,0
3763,8989.212,"Mount",0.429,0.141,0.326,-0.312,0.166,0.000,32,W,0,,,,765589,466.31,0
3764,8991.810,"Mount",-0.623,0.061,-0.589,0.213,-0.359,0.000,70,E,0,,,,759932,462.93,0
3765,8993.975,"Mount",0.043,0.312,-0.095,-0.301,0.000,0.000,0,,0,,,,764796,483.49,0
3766,8996.349,"Mount",0.244,0.388,0.053,-0.455,0.000,0.000,0,,0,,,,781401,475.87,0
3767,8998.634,"Mount",0.350,0.012,0.311,-0.162,0.196,0.000,38,W,0,,,,804745,487.59,0
3768,9000.980,"Mount",0.350,0.297,0.188,-0.419,0.000,0.000,0,,0,,,,809524,521.66,0
3769,9003.172,"Mount",0.139,0.300,-0.003,-0.331,0.000,0.000,0,,0,,,,786708,444.93,0
3770,9005.511,"Mount",-0.014,-0.031,0.000,0.034,0.000,0.000,0,,0,,,,830349,442.87,0
3771,9008.890,"Mount",0.635,0.249,0.466,-0.498,0.294,-0.498,57,W,1085,N,,,815958,456.79,0
3772,9011.370,"Mount",0.310,-0.085,0.317,-0.057,0.220,0.000,43,W,0,,,,783344,475.64,0
3773,9013.542,"Mount",-0.212,0.056,-0.216,0.041,0.000,0.000,0,,0,,,,798754,407.35,0
3774,9016.060,"Mount",-1.146,0.067,-1.063,0.433,-0.670,0.000,131,E,0,,,,775813,408.74,0
3775,9018.458,"Mount",-1.447,0.305,-1.437,0.347,-0.952,0.000,187,E,0,,,,771111,412.45,0
3776,9020.799,"Mount",-0.114,0.025,-0.114,0.026,0.000,0.000,0,,0,,,,768300,468.33,0
3777,9023.042,"Mount",-0.518,-0.367,-0.310,0.554,-0.195,0.000,38,E,0,,,,777222,461.47,0
3778,9025.443,"Mount",-0.130,-0.199,-0.032,0.236,0.000,0.000,0,,0,,,,798851,447.00,0
3779,9027.714,"Mount",0.318,-0.381,0.451,0.207,0.284,0.000,56,W,0,,,,781039,435.99,0
3780,9030.138,"Mount",-0.483,-0.056,-0.411,0.258,-0.239,0.000,47,E,0,,,,784129,450.90,0
3781,9032.402,"Mount",-0.437,-0.139,-0.335,0.314,-0.228,0.000,45,E,0,,,,795791,424.24,0
3782,9034.754,"Mount",0.062,-0.191,0.138,0.146,0.000,0.000,0,,0,,,,803502,467.93,0
3783,9037.027,"Mount",0.512,-0.163,0.532,-0.074,0.335,0.000,66,W,0,,,,796741,505.94,0
3784,9039.430,"Mount",-0.167,-0.297,-0.023,0.340,0.000,0.000,0,,0,,,,794458,494.19,0
3785,9041.730,"Mount",-0.808,-0.175,-0.654,0.506,-0.412,0.000,81,E,0,,,,772459,442.00,0
3786,9044.178,"Mount",-0.230,0.084,-0.244,0.023,-0.182,0.000,36,E,0,,,,780001,462.97,0
3787,9046.458,"Mount",-0.364,0.039,-0.346,0.121,-0.230,0.000,45,E,0,,,,800387,467.11,0
3788,9048.882,"Mount",0.392,-0.102,0.398,-0.076,0.234,0.000,46,W,0,,,,801936,471.53,0
3789,9051.065,"Mount",0.245,0.076,0.189,-0.174,0.000,0.000,0,,0,,,,764058,461.99,0
3790,9053.540,"Mount",0.448,-0.058,0.429,-0.140,0.270,0.000,53,W,0,,,,808094,464.92,0
3791,9055.778,"Mount",-0.274,-0.039,-0.230,0.153,-0.126,0.000,25,E,0,,,,808971,461.92,0
3792,9058.138,"Mount",0.115,-0.063,0.131,0.007,0.000,0.000,0,,0,,,,784953,515.03,0
3793,9060.386,"Mount",0.351,0.009,0.313,-0.159,0.197,0.000,39,W,0,,,,777525,457.99,0
3794,9062.732,"Mount",-0.233,0.038,-0.227,0.067,0.000,0.000,0,,0,,,,801774,432.76,0
3795,9064.904,"Mount",-0.052,-0.213,0.045,0.215,0.000,0.000,0,,0,,,,800419,501.92,0
3796,9067.338,"Mount",0.321,-0.086,0.327,-0.060,0.206,0.000,40,W,0,,,,812986,453.61,0
3797,9069.519,"Mount",0.041,-0.156,0.104,0.123,0.000,0.000,0,,0,,,,787944,505.70,0
3798,9071.922,"Mount",-0.207,0.141,-0.248,-0.039,-0.156,0.000,31,E,0,,,,772761,454.68,0
3799,9074.090,"Mount",-0.231,0.042,-0.227,0.062,0.000,0.000,0,,0,,,,780329,425.82,0
3800,9076.470,"Mount",-0.012,-0.228,0.088,0.210,0.000,0.000,0,,0,,,,798162,443.49,0
3801,9078.649,"Mount",-0.302,-0.239,-0.170,0.346,0.000,0.000,0,,0,,,,776213,454.08,0
3802,9081.076,"Mount",-0.487,-0.324,-0.300,0.502,-0.189,0.000,37,E,0,,,,804344,454.73,0
3803,9083.402,"Mount",-0.526,-0.147,-0.412,0.359,-0.273,0.000,53,E,0,,,,791979,478.50,0
3804,9085.818,"Mount",-0.319,0.006,-0.291,0.132,-0.202,0.000,40,E,0,,,,776386,437.18,0
3805,9088.138,"Mount",0.875,-0.084,0.826,-0.301,0.506,0.000,99,W,0,,,,773483,458.86,0
3806,9091.673,"Mount",-0.499,-0.185,-0.370,0.382,-0.198,0.382,39,E,1061,S,,,778678,463.47,0
3807,9094.018,"Mount",0.897,-0.487,1.019,0.054,0.628,0.000,123,W,0,,,,792916,459.28,0
3808,9096.426,"Mount",-0.283,0.063,-0.282,0.065,-0.134,0.000,26,E,0,,,,780585,485.88,0
3809,9098.690,"Mount",0.435,-0.001,0.393,-0.187,0.238,0.000,47,W,0,,,,806650,477.59,0
3810,9101.037,"Mount",0.442,0.496,0.186,-0.638,0.000,0.000,0,,0,,,,793566,428.96,0
3811,9103.222,"Mount",0.364,0.330,0.186,-0.455,0.000,0.000,0,,0,,,,793276,461.44,0
3812,9105.714,"Mount",0.471,0.228,0.327,-0.408,0.206,0.000,40,W,0,,,,767118,442.90,0
3813,9109.042,"Mount",0.177,0.382,-0.005,-0.421,0.000,-0.421,0,,1069,N,,,773573,415.81,0
3814,9111.653,"Mount",-0.551,-0.034,-0.483,0.268,-0.304,0.000,60,E,0,,,,771704,467.71,0
3815,9113.834,"Mount",-0.236,-0.464,-0.013,0.521,0.000,0.000,0,,0,,,,763882,435.51,0
INFO: SET LOCK POSITION, new lock pos = 37.701, 793.047
INFO: DITHER by -3.338, 1.630, new lock pos = 33.986, 793.012
INFO: SETTLING STATE CHANGE, Settling started
3816,9117.713,"Mount",3.714,0.035,3.338,-1.630,3.338,-1.630,654,W,333,N,,,800818,423.53,0
3817,9120.449,"Mount",2.183,0.390,1.802,-1.291,1.135,-1.291,222,W,264,N,,,772893,437.32,0
3818,9122.922,"Mount",-1.116,0.161,-1.076,0.335,-0.598,0.000,117,E,0,,,,766761,426.36,0
3819,9125.085,"Mount",-0.267,-0.340,-0.095,0.422,0.000,0.000,0,,0,,,,805675,422.13,0
3820,9127.586,"Mount",0.303,-0.225,0.370,0.072,0.233,0.000,46,W,0,,,,799691,468.69,0
3821,9129.761,"Mount",-0.216,-0.130,-0.139,0.210,0.000,0.000,0,,0,,,,790386,494.24,0
3822,9132.234,"Mount",0.547,-0.672,0.783,0.371,0.493,0.000,97,W,0,,,,795661,445.69,0
3823,9134.458,"Mount",-0.361,-0.182,-0.248,0.320,-0.122,0.000,24,E,0,,,,821541,463.75,0
INFO: SETTLING STATE CHANGE, Settling complete
3824,9138.249,"Mount",-1.414,-0.553,-1.038,1.108,-0.663,1.108,130,E,1209,S,,,765176,410.97,0
3825,9140.793,"Mount",-0.859,-1.381,-0.181,1.616,0.000,1.616,0,,330,S,,,776171,442.88,0
3826,9143.316,"Mount",0.594,0.127,0.482,-0.370,0.304,0.000,59,W,0,,,,771043,403.33,0
3827,9145.525,"Mount",0.069,0.285,-0.060,-0.287,0.000,0.000,0,,0,,,,788263,449.90,0
3828,9147.868,"Mount",-0.063,0.281,-0.178,-0.227,0.000,0.000,0,,0,,,,789147,451.13,0
3829,9150.122,"Mount",-0.189,0.430,-0.355,-0.307,-0.224,0.000,44,E,0,,,,825874,464.98,0
3830,9152.473,"Mount",0.023,-0.212,0.112,0.181,0.000,0.000,0,,0,,,,836909,465.35,0
3831,9154.657,"Mount",0.054,0.427,-0.135,-0.409,0.000,0.000,0,,0,,,,791934,470.04,0
3832,9157.039,"Mount",0.064,0.352,-0.094,-0.345,0.000,0.000,0,,0,,,,795727,449.42,0
3833,9159.362,"Mount",-0.732,0.673,-0.950,-0.292,-0.599,0.000,117,E,0,,,,795172,466.68,0
3834,9162.089,"Mount",-1.462,0.146,-1.383,0.498,-0.913,0.498,179,E,102,S,,,584858,345.41,0
3835,9164.474,"Mount",-0.847,1.077,-1.228,-0.607,-0.837,0.000,164,E,0,,,,659249,387.71,0
3836,9168.385,"Mount",2.601,-0.037,2.364,-1.086,1.430,-1.086,280,W,1205,N,,,822396,469.21,0
3837,9170.754,"Mount",0.517,0.673,0.177,-0.830,0.000,-0.830,0,,169,N,,,802377,427.96,0
3838,9173.274,"Mount",-1.404,-0.108,-1.221,0.702,-0.769,0.000,151,E,0,,,,777580,482.85,0
3839,9175.626,"Mount",-0.589,-0.247,-0.425,0.476,-0.322,0.000,63,E,0,,,,784567,412.86,0
3840,9178.000,"Mount",-0.224,-0.474,0.002,0.525,0.000,0.000,0,,0,,,,803511,451.52,0
3841,9180.250,"Mount",0.249,-0.457,0.421,0.305,0.265,0.000,52,W,0,,,,782771,452.42,0
3842,9182.595,"Mount",-0.367,-0.261,-0.218,0.394,0.000,0.000,0,,0,,,,767348,402.25,0
3843,9184.767,"Mount",-0.041,-0.383,0.128,0.363,0.000,0.000,0,,0,,,,808671,430.87,0
3844,9187.178,"Mount",0.217,-0.290,0.320,0.168,0.202,0.000,40,W,0,,,,811698,453.74,0
3845,9189.375,"Mount",0.108,-0.146,0.160,0.085,0.000,0.000,0,,0,,,,775603,433.30,0
3846,9191.850,"Mount",-0.449,0.165,-0.476,0.044,-0.300,0.000,59,E,0,,,,791206,453.14,0
3847,9194.019,"Mount",-0.237,-0.441,-0.024,0.500,0.000,0.000,0,,0,,,,801482,442.01,0
3848,9196.458,"Mount",-0.454,-0.048,-0.389,0.239,-0.245,0.000,48,E,0,,,,805056,462.07,0
3849,9198.746,"Mount",0.221,-0.250,0.307,0.130,0.176,0.000,34,W,0,,,,773635,419.44,0
3850,9201.186,"Mount",-0.445,0.013,-0.407,0.180,-0.244,0.000,48,E,0,,,,805177,449.05,0
3851,9203.482,"Mount",-0.335,0.017,-0.310,0.129,-0.212,0.000,42,E,0,,,,790476,447.62,0
3852,9205.828,"Mount",-0.114,-0.201,-0.016,0.230,0.000,0.000,0,,0,,,,787839,444.98,0
3853,9208.082,"Mount",0.294,-0.133,0.322,-0.006,0.203,0.000,40,W,0,,,,807531,487.40,0
3854,9210.424,"Mount",-0.285,-0.210,-0.167,0.312,0.000,0.000,0,,0,,,,779080,462.02,0
3855,9212.675,"Mount",0.099,-0.458,0.287,0.371,0.181,0.000,35,W,0,,,,803484,449.10,0
3856,9215.027,"Mount",-0.109,0.058,-0.124,-0.005,0.000,0.000,0,,0,,,,772933,455.97,0
3857,9217.300,"Mount",-0.561,-0.138,-0.447,0.366,-0.282,0.000,55,E,0,,,,772505,449.37,0
3858,9219.746,"Mount",-0.321,-0.023,-0.280,0.159,-0.196,0.000,38,E,0,,,,780915,453.32,0
3859,9221.918,"Mount",0.242,-0.005,0.220,-0.100,0.000,0.000,0,,0,,,,803815,431.99,0
3860,9225.314,"Mount",-0.252,-0.293,-0.101,0.373,0.000,0.373,0,,950,S,,,820560,512.43,0
3861,9227.543,"Mount",0.095,-0.201,0.172,0.141,0.000,0.000,0,,0,,,,789750,438.04,0
3862,9229.962,"Mount",-0.512,0.039,-0.479,0.185,-0.302,0.000,59,E,0,,,,781308,496.35,0
3863,9232.402,"Mount",-0.895,-0.044,-0.789,0.425,-0.518,0.425,102,E,87,S,,,783161,397.56,0
3864,9234.745,"Mount",-0.072,-0.131,-0.008,0.150,0.000,0.000,0,,0,,,,794833,481.20,0
3865,9237.036,"Mount",0.499,-0.536,0.681,0.269,0.429,0.000,84,W,0,,,,784923,438.50,0
3866,9239.690,"Mount",1.507,-0.532,1.590,-0.169,1.031,0.000,202,W,0,,,,763355,459.97,0
3867,9242.018,"Mount",0.240,-0.087,0.254,-0.025,0.232,0.000,46,W,0,,,,813245,471.63,0
3868,9244.351,"Mount",-0.072,-0.007,-0.062,0.038,0.000,0.000,0,,0,,,,782215,448.14,0
3869,9246.528,"Mount",0.077,-0.214,0.162,0.160,0.000,0.000,0,,0,,,,783422,451.15,0
3870,9248.871,"Mount",0.176,-0.053,0.182,-0.028,0.000,0.000,0,,0,,,,787309,439.72,0
3871,9251.154,"Mount",0.489,-0.150,0.506,-0.075,0.319,0.000,62,W,0,,,,764639,449.14,0
3872,9253.520,"Mount",-0.007,0.054,-0.030,-0.045,0.000,0.000,0,,0,,,,757823,430.35,0
3873,9255.701,"Mount",-0.072,0.222,-0.161,-0.169,0.000,0.000,0,,0,,,,771323,460.69,0
3874,9258.037,"Mount",-0.059,-0.133,0.004,0.146,0.000,0.000,0,,0,,,,786555,428.29,0
3875,9260.218,"Mount",0.224,0.119,0.151,-0.204,0.000,0.000,0,,0,,,,799613,490.87,0
3876,9262.650,"Mount",0.449,-0.372,0.565,0.143,0.356,0.000,70,W,0,,,,822877,447.71,0
3877,9264.914,"Mount",0.329,-0.048,0.318,-0.098,0.225,0.000,44,W,0,,,,819700,474.62,0
3878,9267.345,"Mount",0.127,-0.148,0.179,0.078,0.000,0.000,0,,0,,,,797348,438.47,0
3879,9269.556,"Mount",0.126,-0.093,0.154,0.029,0.000,0.000,0,,0,,,,795140,458.35,0
3880,9271.962,"Mount",0.255,-0.262,0.343,0.127,0.216,0.000,42,W,0,,,,810715,457.58,0
3881,9274.135,"Mount",0.189,-0.025,0.181,-0.059,0.000,0.000,0,,0,,,,791681,497.72,0
3882,9276.481,"Mount",-0.104,-0.011,-0.089,0.055,0.000,0.000,0,,0,,,,781857,433.78,0
3883,9278.649,"Mount",0.016,-0.054,0.037,0.042,0.000,0.000,0,,0,,,,806980,471.60,0
3884,9281.077,"Mount",0.187,0.146,0.106,-0.212,0.000,0.000,0,,0,,,,794681,476.29,0
3885,9283.368,"Mount",0.179,-0.361,0.317,0.248,0.200,0.000,39,W,0,,,,792265,449.65,0
3886,9285.802,"Mount",-0.320,0.169,-0.362,-0.014,-0.214,0.000,42,E,0,,,,787080,465.82,0
3887,9288.122,"Mount",-0.861,0.094,-0.818,0.285,-0.530,0.000,104,E,0,,,,773039,449.49,0
3888,9290.634,"Mount",-1.182,0.194,-1.151,0.334,-0.762,0.000,149,E,0,,,,693055,345.12,0
3889,9292.809,"Mount",0.145,-0.058,0.156,-0.010,0.000,0.000,0,,0,,,,802313,466.72,0
3890,9295.330,"Mount",-1.183,0.404,-1.242,0.144,-0.783,0.000,153,E,0,,,,774752,475.72,0
3891,9297.641,"Mount",-0.186,-0.363,-0.012,0.408,0.000,0.408,0,,83,S,,,765632,411.29,0
3892,9300.138,"Mount",-0.299,-0.457,-0.073,0.541,0.000,0.541,0,,110,S,,,782662,413.61,0
3893,9302.490,"Mount",1.058,-0.288,1.079,-0.195,0.680,0.000,133,W,0,,,,730337,405.72,0
3894,9304.898,"Mount",-0.205,0.270,-0.301,-0.155,-0.142,0.000,28,E,0,,,,764672,446.81,0
3895,9307.293,"Mount",-1.168,0.631,-1.326,-0.067,-0.845,0.000,166,E,0,,,,759912,421.17,0
3896,9309.754,"Mount",0.715,-0.201,0.732,-0.126,0.402,0.000,79,W,0,,,,777955,440.17,0
3897,9311.927,"Mount",0.085,0.564,-0.166,-0.546,0.000,0.000,0,,0,,,,795150,425.51,0
3898,9314.277,"Mount",0.220,0.397,0.027,-0.453,0.000,0.000,0,,0,,,,770059,378.70,0
3899,9316.570,"Mount",-0.453,0.461,-0.607,-0.221,-0.383,0.000,75,E,0,,,,736397,407.73,0
3900,9318.914,"Mount",0.072,0.407,-0.110,-0.399,0.000,0.000,0,,0,,,,779548,432.90,0
3901,9322.282,"Mount",0.053,0.730,-0.267,-0.682,-0.168,-0.682,33,E,1065,N,,,783375,457.26,0
3902,9324.930,"Mount",-2.041,0.776,-2.176,0.178,-1.383,0.000,271,E,0,,,,745269,440.25,0
3903,9327.244,"Mount",-0.376,0.423,-0.522,-0.220,-0.426,0.000,83,E,0,,,,793134,426.39,0
3904,9329.714,"Mount",-0.773,0.042,-0.716,0.295,-0.481,0.000,94,E,0,,,,684130,397.48,0
3905,9333.202,"Mount",-0.857,-1.090,-0.304,1.353,-0.225,1.353,44,E,1202,S,,,784898,395.22,0
3906,9335.722,"Mount",-0.933,0.469,-1.044,-0.022,-0.674,0.000,132,E,0,,,,790311,427.22,0
3907,9337.895,"Mount",-0.002,0.347,-0.151,-0.313,0.000,0.000,0,,0,,,,797247,439.78,0
3908,9340.245,"Mount",0.146,0.297,0.004,-0.331,0.000,0.000,0,,0,,,,731547,405.47,0
3909,9342.522,"Mount",-0.259,0.788,-0.572,-0.600,-0.361,0.000,71,E,0,,,,771279,425.95,0
3910,9344.962,"Mount",0.697,0.230,0.530,-0.507,0.309,0.000,60,W,0,,,,776127,454.71,0
3911,9347.458,"Mount",2.302,-0.042,2.096,-0.953,1.342,0.000,263,W,0,,,,783396,429.23,0
3912,9349.874,"Mount",0.630,0.774,0.236,-0.970,0.242,0.000,48,W,0,,,,787634,477.01,0
3913,9353.240,"Mount",0.635,0.954,0.162,-1.134,0.000,-1.134,0,,1157,N,,,796460,468.61,0
3914,9355.658,"Mount",-0.100,0.381,-0.254,-0.301,-0.160,0.000,31,E,0,,,,787571,442.36,0
3915,9357.906,"Mount",0.212,-0.098,0.233,-0.002,0.136,0.000,27,W,0,,,,796799,442.92,0
3916,9360.434,"Mount",-0.106,0.471,-0.299,-0.379,-0.179,-0.379,35,E,77,N,,,787982,471.70,0
3917,9362.674,"Mount",0.344,-0.197,0.396,0.030,0.237,0.000,46,W,0,,,,794597,435.56,0
3918,9365.091,"Mount",0.159,-0.223,0.239,0.133,0.167,0.000,33,W,0,,,,826285,449.66,0
3919,9367.275,"Mount",-0.197,0.023,-0.188,0.063,0.000,0.000,0,,0,,,,811952,479.88,0
3920,9369.612,"Mount",0.173,0.089,0.118,-0.155,0.000,0.000,0,,0,,,,801607,454.40,0
3921,9371.906,"Mount",-0.668,0.377,-0.766,-0.053,-0.482,0.000,94,E,0,,,,770253,473.56,0
3922,9374.411,"Mount",-0.896,0.338,-0.954,0.081,-0.635,0.000,124,E,0,,,,817581,465.80,0
3923,9376.594,"Mount",0.113,0.093,0.062,-0.133,0.000,0.000,0,,0,,,,788154,427.98,0
3924,9378.937,"Mount",0.181,0.022,0.153,-0.098,0.000,0.000,0,,0,,,,794335,482.55,0
3925,9381.230,"Mount",-0.398,0.095,-0.401,0.085,-0.252,0.000,49,E,0,,,,796758,466.61,0
3926,9383.690,"Mount",0.633,-0.191,0.653,-0.100,0.394,0.000,77,W,0,,,,825437,443.35,0
3927,9385.930,"Mount",0.198,-0.117,0.229,0.020,0.172,0.000,34,W,0,,,,797594,417.73,0
3928,9388.273,"Mount",0.294,0.227,0.168,-0.331,0.000,0.000,0,,0,,,,800795,463.41,0
3929,9390.439,"Mount",0.035,-0.167,0.103,0.135,0.000,0.000,0,,0,,,,817534,478.77,0
3930,9392.850,"Mount",0.338,-0.085,0.341,-0.068,0.215,0.000,42,W,0,,,,758211,410.80,0
3931,9395.162,"Mount",0.279,-0.121,0.304,-0.011,0.207,0.000,41,W,0,,,,814410,446.19,0
3932,9397.618,"Mount",0.205,-0.121,0.237,0.021,0.164,0.000,32,W,0,,,,791667,464.39,0
3933,9399.898,"Mount",0.410,-0.183,0.448,-0.011,0.294,0.000,58,W,0,,,,783414,462.27,0
3934,9402.274,"Mount",-0.063,0.098,-0.099,-0.062,0.000,0.000,0,,0,,,,769481,444.12,0
3935,9404.455,"Mount",0.113,0.249,-0.006,-0.273,0.000,0.000,0,,0,,,,785527,439.97,0
3936,9406.882,"Mount",0.400,-0.128,0.416,-0.056,0.262,0.000,51,W,0,,,,788812,442.64,0
3937,9409.162,"Mount",0.301,-0.050,0.293,-0.084,0.203,0.000,40,W,0,,,,785548,410.85,0
3938,9411.535,"Mount",0.098,0.062,0.062,-0.098,0.000,0.000,0,,0,,,,770047,445.02,0
3939,9413.778,"Mount",-0.282,0.214,-0.347,-0.071,-0.218,0.000,43,E,0,,,,748236,456.99,0
3940,9416.163,"Mount",0.030,0.328,-0.114,-0.309,0.000,0.000,0,,0,,,,807055,459.66,0
3941,9418.327,"Mount",0.196,0.216,0.084,-0.279,0.000,0.000,0,,0,,,,745838,442.43,0
3942,9420.658,"Mount",-0.107,0.038,-0.113,0.011,0.000,0.000,0,,0,,,,782663,473.35,0
3943,9422.826,"Mount",-0.028,0.127,-0.080,-0.103,0.000,0.000,0,,0,,,,798453,437.03,0
3944,9425.386,"Mount",-1.162,0.597,-1.306,-0.039,-0.823,0.000,161,E,0,,,,770344,453.61,0
3945,9427.583,"Mount",0.225,-0.046,0.223,-0.055,0.000,0.000,0,,0,,,,821891,465.27,0
3946,9430.050,"Mount",0.548,-0.179,0.572,-0.074,0.360,0.000,71,W,0,,,,778548,390.28,0
3947,9432.221,"Mount",0.039,-0.036,0.051,0.016,0.000,0.000,0,,0,,,,794009,490.21,0
3948,9434.674,"Mount",0.545,-0.195,0.576,-0.058,0.363,0.000,71,W,0,,,,796345,480.89,0
3949,9436.970,"Mount",-0.766,0.372,-0.851,-0.006,-0.511,0.000,100,E,0,,,,757076,419.23,0
3950,9439.331,"Mount",-0.197,0.021,-0.187,0.066,0.000,0.000,0,,0,,,,806655,485.15,0
3951,9441.666,"Mount",0.143,0.359,-0.025,-0.386,0.000,-0.386,0,,79,N,,,772989,485.12,0
3952,9444.178,"Mount",-1.031,0.515,-1.152,-0.022,-0.726,0.000,142,E,0,,,,799994,440.68,0
3953,9446.369,"Mount",-0.089,0.138,-0.139,-0.086,0.000,0.000,0,,0,,,,775390,443.51,0
3954,9448.707,"Mount",-0.168,-0.692,0.146,0.696,0.000,0.000,0,,0,,,,610017,278.50,0
3955,9452.194,"Mount",-0.858,-0.824,-0.420,1.113,-0.265,1.113,52,E,1188,S,,,600899,332.20,0
3956,9454.786,"Mount",0.580,-0.679,0.816,0.364,0.495,0.364,97,W,74,S,,,790622,425.08,0
3957,9457.170,"Mount",1.014,-0.188,0.996,-0.267,0.662,0.000,130,W,0,,,,779774,476.11,0
3958,9459.543,"Mount",0.192,0.115,0.124,-0.187,0.000,0.000,0,,0,,,,804309,494.86,0
3959,9461.742,"Mount",0.278,0.316,0.115,-0.405,0.000,0.000,0,,0,,,,794508,451.66,0
3960,9464.210,"Mount",-0.493,0.582,-0.695,-0.313,-0.438,0.000,86,E,0,,,,785641,451.05,0
3961,9466.498,"Mount",-0.384,0.561,-0.588,-0.341,-0.401,0.000,79,E,0,,,,812031,472.78,0
3962,9468.978,"Mount",-0.565,0.625,-0.779,-0.321,-0.519,0.000,102,E,0,,,,767122,420.61,0
3963,9471.184,"Mount",0.207,0.624,-0.082,-0.653,0.000,0.000,0,,0,,,,768795,409.19,0
3964,9473.666,"Mount",-0.454,1.225,-0.937,-0.910,-0.590,0.000,116,E,0,,,,757052,434.91,0
3965,9477.122,"Mount",-0.127,0.963,-0.529,-0.815,-0.375,-0.815,73,E,1127,N,,,772200,443.22,0
3966,9479.762,"Mount",-0.142,0.739,-0.446,-0.606,-0.307,-0.606,60,E,124,N,,,790501,467.45,0
3967,9482.058,"Mount",-0.489,0.207,-0.531,0.024,-0.356,0.000,70,E,0,,,,749500,391.02,0
3968,9484.416,"Mount",-0.108,0.275,-0.216,-0.202,0.000,0.000,0,,0,,,,776058,415.35,0
3969,9486.674,"Mount",-0.221,0.457,-0.396,-0.317,-0.250,0.000,49,E,0,,,,774023,434.92,0
3970,9489.020,"Mount",0.264,0.088,0.201,-0.193,0.000,0.000,0,,0,,,,793640,424.00,0
3971,9491.230,"Mount",0.076,-0.168,0.141,0.119,0.000,0.000,0,,0,,,,781436,472.24,0
3972,9493.555,"Mount",0.005,0.081,-0.030,-0.075,0.000,0.000,0,,0,,,,793488,431.64,0
3973,9495.786,"Mount",0.300,0.078,0.237,-0.200,0.149,0.000,29,W,0,,,,818984,481.11,0
3974,9498.194,"Mount",0.253,-0.021,0.237,-0.090,0.160,0.000,31,W,0,,,,777937,464.52,0
3975,9500.434,"Mount",-0.203,0.208,-0.273,-0.100,-0.161,0.000,31,E,0,,,,799619,460.91,0
3976,9502.775,"Mount",-0.140,0.125,-0.180,-0.053,0.000,0.000,0,,0,,,,756455,465.25,0
3977,9505.058,"Mount",0.253,0.311,0.094,-0.389,0.000,-0.389,0,,79,N,,,794858,497.69,0
3978,9507.514,"Mount",-0.190,0.302,-0.302,-0.191,-0.190,0.000,37,E,0,,,,778291,468.63,0
3979,9509.762,"Mount",0.208,-0.213,0.279,0.103,0.163,0.000,32,W,0,,,,787030,467.59,0
3980,9512.186,"Mount",0.103,-0.536,0.324,0.439,0.215,0.000,42,W,0,,,,722900,411.06,0
3981,9514.359,"Mount",-0.242,-0.335,-0.074,0.407,0.000,0.000,0,,0,,,,778221,465.36,0
3982,9516.715,"Mount",0.043,-0.212,0.130,0.173,0.000,0.000,0,,0,,,,769026,443.19,0
3983,9518.880,"Mount",-0.103,-0.384,0.073,0.391,0.000,0.000,0,,0,,,,788703,451.79,0
3984,9522.386,"Mount",-0.090,-0.638,0.193,0.614,0.000,0.614,0,,1086,S,,,748358,438.61,0
3985,9524.602,"Mount",0.049,0.270,-0.073,-0.265,0.000,0.000,0,,0,,,,811380,447.22,0
3986,9527.019,"Mount",-0.185,0.251,-0.275,-0.146,-0.173,0.000,34,E,0,,,,791851,445.15,0
3987,9529.202,"Mount",0.226,0.378,0.041,-0.438,0.000,0.000,0,,0,,,,785800,428.71,0
3988,9531.533,"Mount",-0.151,0.156,-0.204,-0.076,0.000,0.000,0,,0,,,,780107,478.24,0
3989,9533.751,"Mount",-0.024,-0.067,0.007,0.071,0.000,0.000,0,,0,,,,825993,489.30,0
3990,9536.178,"Mount",0.339,0.021,0.297,-0.165,0.187,0.000,37,W,0,,,,806131,521.68,0
3991,9538.426,"Mount",0.185,-0.170,0.240,0.074,0.164,0.000,32,W,0,,,,826785,508.51,0
3992,9540.874,"Mount",0.436,-0.173,0.468,-0.032,0.306,0.000,60,W,0,,,,804150,453.98,0
3993,9543.123,"Mount",-0.162,0.248,-0.253,-0.154,-0.138,0.000,27,E,0,,,,761222,417.86,0
3994,9545.498,"Mount",0.269,0.054,0.220,-0.165,0.000,0.000,0,,0,,,,791917,470.07,0
3995,9547.747,"Mount",0.268,-0.027,0.253,-0.091,0.160,0.000,31,W,0,,,,809735,443.11,0
3996,9550.274,"Mount",-0.914,0.559,-1.066,-0.111,-0.660,0.000,129,E,0,,,,744699,457.04,0
3997,9552.436,"Mount",-0.027,-0.235,0.077,0.224,0.000,0.000,0,,0,,,,766836,499.08,0
3998,9554.890,"Mount",0.466,-0.213,0.512,-0.008,0.323,0.000,63,W,0,,,,843396,488.88,0
3999,9557.178,"Mount",0.391,-0.314,0.488,0.115,0.330,0.000,65,W,0,,,,779855,454.53,0
4000,9559.626,"Mount",-0.383,0.343,-0.493,-0.145,-0.288,0.000,56,E,0,,,,728982,402.10,0
4001,9561.828,"Mount",0.154,0.068,0.110,-0.127,0.000,0.000,0,,0,,,,748489,422.12,0
4002,9564.160,"Mount",0.236,-0.003,0.214,-0.099,0.000,0.000,0,,0,,,,766911,445.48,0
4003,9566.531,"Mount",1.315,-0.070,1.217,-0.503,0.767,0.000,150,W,0,,,,809984,463.34,0
4004,9568.994,"Mount",-0.543,0.565,-0.733,-0.276,-0.408,0.000,80,E,0,,,,800607,446.27,0
4005,9571.314,"Mount",0.823,-0.050,0.764,-0.309,0.453,0.000,89,W,0,,,,825164,478.74,0
4006,9573.786,"Mount",0.650,0.048,0.566,-0.323,0.388,0.000,76,W,0,,,,772804,466.42,0
4007,9575.943,"Mount",0.093,0.471,-0.118,-0.465,0.000,0.000,0,,0,,,,796718,490.79,0
4008,9579.410,"Mount",0.234,0.288,0.087,-0.360,0.000,-0.360,0,,1035,N,,,759713,420.50,0
4009,9581.866,"Mount",0.895,-0.025,0.819,-0.363,0.516,-0.363,101,W,74,N,,,795330,433.22,0
4010,9584.346,"Mount",-0.236,0.209,-0.303,-0.087,-0.155,0.000,30,E,0,,,,827295,460.90,0
4011,9586.610,"Mount",-0.413,0.120,-0.425,0.069,-0.278,0.000,55,E,0,,,,773890,432.42,0
4012,9589.106,"Mount",-0.822,0.530,-0.970,-0.125,-0.630,0.000,123,E,0,,,,775587,448.90,0
4013,9591.311,"Mount",-0.273,-0.241,-0.143,0.335,0.000,0.000,0,,0,,,,814168,401.72,0
4014,9593.641,"Mount",-0.089,-0.174,-0.006,0.196,0.000,0.000,0,,0,,,,817677,498.07,0
4015,9595.804,"Mount",-0.027,0.066,-0.053,-0.048,0.000,0.000,0,,0,,,,812220,462.99,0
4016,9598.306,"Mount",0.712,-0.638,0.917,0.270,0.578,0.000,113,W,0,,,,775284,458.34,0
4017,9600.554,"Mount",0.254,-0.095,0.270,-0.023,0.211,0.000,41,W,0,,,,795485,489.90,0
4018,9602.886,"Mount",-0.073,-0.240,0.037,0.248,0.000,0.000,0,,0,,,,793295,487.96,0
4019,9605.170,"Mount",-0.720,-0.001,-0.649,0.311,-0.409,0.000,80,E,0,,,,787176,417.18,0
4020,9607.521,"Mount",-0.176,-0.398,0.012,0.435,0.000,0.000,0,,0,,,,756651,434.66,0
4021,9609.702,"Mount",-0.071,0.182,-0.143,-0.134,0.000,0.000,0,,0,,,,777068,493.36,0
4022,9612.044,"Mount",-0.180,-0.258,-0.052,0.310,0.000,0.000,0,,0,,,,773109,449.05,0
4023,9614.227,"Mount",-0.244,-0.262,-0.107,0.342,0.000,0.000,0,,0,,,,833480,479.51,0
4024,9616.642,"Mount",-0.377,0.131,-0.397,0.044,-0.250,0.000,49,E,0,,,,782872,504.97,0
4025,9618.820,"Mount",-0.165,-0.040,-0.132,0.107,0.000,0.000,0,,0,,,,760652,457.59,0
4026,9621.174,"Mount",-0.233,-0.047,-0.191,0.143,0.000,0.000,0,,0,,,,806349,473.54,0
4027,9623.382,"Mount",0.003,-0.156,0.069,0.139,0.000,0.000,0,,0,,,,798931,488.22,0
4028,9625.906,"Mount",0.858,-0.698,1.075,0.261,0.677,0.000,133,W,0,,,,753628,418.20,0
4029,9628.089,"Mount",-0.271,-0.205,-0.156,0.302,0.000,0.000,0,,0,,,,758157,473.46,0
4030,9630.530,"Mount",-0.320,0.527,-0.515,-0.338,-0.325,0.000,64,E,0,,,,832408,493.52,0
4031,9632.868,"Mount",-1.002,0.183,-0.983,0.266,-0.642,0.000,126,E,0,,,,761716,389.91,0
4032,9635.306,"Mount",0.252,-0.014,0.234,-0.096,0.102,0.000,20,W,0,,,,775005,441.62,0
4033,9637.525,"Mount",-0.228,0.015,-0.212,0.085,0.000,0.000,0,,0,,,,765137,472.74,0
4034,9639.858,"Mount",-0.282,-0.115,-0.205,0.225,0.000,0.000,0,,0,,,,783531,420.89,0
4035,9642.044,"Mount",0.048,-0.342,0.190,0.288,0.000,0.000,0,,0,,,,773367,446.58,0
4036,9644.408,"Mount",0.192,-0.102,0.217,0.010,0.000,0.000,0,,0,,,,808751,454.96,0
4037,9646.666,"Mount",0.220,-0.215,0.292,0.100,0.184,0.000,36,W,0,,,,819103,424.36,0
4038,9649.074,"Mount",-0.310,-0.063,-0.253,0.190,-0.146,0.000,29,E,0,,,,813702,416.07,0
4039,9651.275,"Mount",0.086,0.052,0.055,-0.084,0.000,0.000,0,,0,,,,759810,442.26,0
4040,9653.657,"Mount",-0.039,0.257,-0.146,-0.215,0.000,0.000,0,,0,,,,798839,430.04,0
4041,9655.829,"Mount",0.218,0.224,0.100,-0.296,0.000,0.000,0,,0,,,,771465,461.28,0
4042,9658.274,"Mount",0.390,-0.184,0.431,-0.001,0.272,0.000,53,W,0,,,,762565,441.05,0
4043,9660.449,"Mount",0.166,-0.099,0.192,0.018,0.000,0.000,0,,0,,,,791527,445.71,0
4044,9662.788,"Mount",0.079,-0.191,0.153,0.138,0.000,0.000,0,,0,,,,823308,455.83,0
4045,9665.050,"Mount",0.254,-0.495,0.442,0.337,0.278,0.000,55,W,0,,,,823310,436.89,0
4046,9667.554,"Mount",0.233,-0.552,0.448,0.398,0.302,0.000,59,W,0,,,,810636,458.58,0
4047,9669.731,"Mount",0.018,-0.223,0.112,0.193,0.000,0.000,0,,0,,,,806784,475.01,0
4048,9672.065,"Mount",-0.131,-0.192,-0.036,0.229,0.000,0.000,0,,0,,,,789385,424.95,0
4049,9674.341,"Mount",-0.059,0.081,-0.088,-0.047,0.000,0.000,0,,0,,,,805350,469.05,0
4050,9676.678,"Mount",-0.219,-0.418,-0.018,0.472,0.000,0.000,0,,0,,,,765430,459.50,0
4051,9678.844,"Mount",0.047,-0.087,0.080,0.059,0.000,0.000,0,,0,,,,728197,445.40,0
4052,9681.223,"Mount",-0.240,-0.072,-0.186,0.169,0.000,0.000,0,,0,,,,776362,405.60,0
4053,9683.506,"Mount",0.099,-0.387,0.256,0.307,0.162,0.000,32,W,0,,,,740857,405.62,0
4054,9685.922,"Mount",0.126,-0.370,0.273,0.280,0.183,0.000,36,W,0,,,,771377,460.37,0
4055,9688.099,"Mount",0.170,-0.084,0.189,0.003,0.000,0.000,0,,0,,,,757346,421.70,0
4056,9690.562,"Mount",0.599,-0.394,0.710,0.098,0.447,0.000,88,W,0,,,,792513,460.82,0
4057,9692.742,"Mount",-0.187,0.119,-0.220,-0.027,0.000,0.000,0,,0,,,,855313,469.51,0
4058,9695.171,"Mount",-0.067,-0.054,-0.037,0.077,0.000,0.000,0,,0,,,,790406,441.07,0
4059,9697.377,"Mount",0.047,-0.155,0.109,0.119,0.000,0.000,0,,0,,,,797065,469.22,0
4060,9699.729,"Mount",-0.275,-0.148,-0.185,0.252,0.000,0.000,0,,0,,,,752127,468.23,0
4061,9701.913,"Mount",-0.124,-0.040,-0.094,0.089,0.000,0.000,0,,0,,,,775697,454.32,0
4062,9704.276,"Mount",0.012,0.089,-0.028,-0.086,0.000,0.000,0,,0,,,,822100,517.39,0
4063,9706.540,"Mount",0.220,-0.147,0.262,0.038,0.165,0.000,32,W,0,,,,802620,449.42,0
4064,9708.900,"Mount",0.093,-0.126,0.139,0.074,0.000,0.000,0,,0,,,,788768,443.89,0
4065,9711.077,"Mount",0.156,-0.030,0.154,-0.040,0.000,0.000,0,,0,,,,773609,492.49,0
4066,9713.490,"Mount",0.222,-0.220,0.295,0.103,0.186,0.000,36,W,0,,,,806545,455.08,0
4067,9715.722,"Mount",-0.155,-0.222,-0.045,0.267,0.000,0.000,0,,0,,,,808042,486.71,0
4068,9718.053,"Mount",0.092,-0.251,0.191,0.187,0.000,0.000,0,,0,,,,796855,424.26,0
4069,9720.306,"Mount",0.223,-0.544,0.435,0.396,0.274,0.000,54,W,0,,,,763276,453.80,0
4070,9722.714,"Mount",0.172,-0.223,0.251,0.127,0.177,0.000,35,W,0,,,,734611,402.93,0
4071,9724.994,"Mount",-0.551,0.146,-0.560,0.105,-0.340,0.000,67,E,0,,,,769853,380.21,0
4072,9727.539,"Mount",-1.036,0.123,-0.988,0.334,-0.646,0.000,127,E,0,,,,693433,372.50,0
4073,9729.712,"Mount",0.100,-0.194,0.174,0.132,0.000,0.000,0,,0,,,,767970,447.25,0
4074,9732.170,"Mount",-0.484,0.276,-0.555,-0.041,-0.350,0.000,69,E,0,,,,779941,453.76,0
4075,9734.506,"Mount",0.635,-0.472,0.776,0.153,0.465,0.000,91,W,0,,,,771181,432.54,0
4076,9736.871,"Mount",0.014,-0.296,0.140,0.261,0.000,0.000,0,,0,,,,789054,394.68,0
4077,9739.070,"Mount",-0.130,-0.012,-0.112,0.066,0.000,0.000,0,,0,,,,813452,438.09,0
4078,9741.460,"Mount",0.171,0.270,0.038,-0.317,0.000,0.000,0,,0,,,,827522,469.24,0
4079,9743.647,"Mount",0.011,-0.104,0.055,0.089,0.000,0.000,0,,0,,,,770282,416.46,0
INFO: SET LOCK POSITION, new lock pos = 33.986, 793.012
INFO: DITHER by -0.492, -1.479, new lock pos = 34.179, 794.559
INFO: SETTLING STATE CHANGE, Settling started
4080,9748.134,"Mount",-0.192,-1.547,0.492,1.479,0.492,1.479,96,W,1263,S,,,788633,403.26,0
4081,9750.733,"Mount",-0.275,0.157,-0.316,-0.024,-0.199,0.000,39,E,0,,,,805937,420.74,0
4082,9753.042,"Mount",-0.766,0.048,-0.712,0.286,-0.462,0.000,91,E,0,,,,796283,431.64,0
4083,9755.676,"Mount",1.157,-0.465,1.245,-0.078,0.752,0.000,147,W,0,,,,795365,400.73,0
4084,9758.002,"Mount",0.576,-0.114,0.569,-0.145,0.411,0.000,80,W,0,,,,808950,476.40,0
4085,9760.362,"Mount",0.279,0.177,0.175,-0.280,0.000,0.000,0,,0,,,,762604,423.13,0
INFO: SETTLING STATE CHANGE, Settling complete
4086,9762.634,"Mount",-0.287,0.139,-0.319,-0.002,-0.201,0.000,39,E,0,,,,763944,419.21,0
4087,9765.162,"Mount",-0.164,0.369,-0.306,-0.262,-0.207,0.000,41,E,0,,,,786040,419.67,0
4088,9767.658,"Mount",-0.207,-0.171,-0.113,0.244,0.000,0.000,0,,0,,,,778861,452.94,0
4089,9770.017,"Mount",-0.173,0.007,-0.160,0.068,0.000,0.000,0,,0,,,,806746,441.31,0
4090,9772.386,"Mount",-0.786,0.142,-0.770,0.210,-0.485,0.000,95,E,0,,,,787538,428.04,0
4091,9774.994,"Mount",-1.313,0.577,-1.433,0.044,-0.937,0.000,184,E,0,,,,757508,441.18,0
4092,9777.186,"Mount",0.078,-0.009,0.074,-0.026,0.000,0.000,0,,0,,,,798053,439.27,0
4093,9779.598,"Mount",0.207,-0.042,0.205,-0.051,0.000,0.000,0,,0,,,,817222,457.19,0
4094,9781.936,"Mount",0.145,0.156,0.063,-0.203,0.000,0.000,0,,0,,,,810850,450.56,0
4095,9784.316,"Mount",-0.079,-0.064,-0.044,0.092,0.000,0.000,0,,0,,,,788989,491.19,0
4096,9786.509,"Mount",0.063,0.120,0.005,-0.135,0.000,0.000,0,,0,,,,793332,441.78,0
4097,9788.858,"Mount",-0.067,0.169,-0.134,-0.123,0.000,0.000,0,,0,,,,830438,486.56,0
4098,9791.163,"Mount",-0.204,0.228,-0.282,-0.118,-0.178,0.000,35,E,0,,,,770561,422.11,0
4099,9793.580,"Mount",0.309,0.213,0.188,-0.325,0.000,0.000,0,,0,,,,768377,468.47,0
4100,9795.914,"Mount",-0.495,-0.121,-0.395,0.323,-0.249,0.000,49,E,0,,,,773644,434.22,0
4101,9798.465,"Mount",-0.360,-0.488,-0.115,0.595,0.000,0.000,0,,0,,,,793394,474.02,0
4102,9800.746,"Mount",-0.286,-0.070,-0.228,0.186,-0.143,0.000,28,E,0,,,,798401,460.06,0
4103,9803.145,"Mount",-0.542,-0.622,-0.222,0.795,0.000,0.000,0,,0,,,,757747,425.50,0
4104,9805.642,"Mount",-1.688,0.521,-1.747,0.256,-1.101,0.000,216,E,0,,,,794249,432.21,0
4105,9808.145,"Mount",0.492,-0.113,0.493,-0.110,0.234,0.000,46,W,0,,,,809931,456.34,0
4106,9810.383,"Mount",0.193,0.022,0.165,-0.102,0.000,0.000,0,,0,,,,802226,442.41,0
4107,9812.834,"Mount",0.444,-0.104,0.446,-0.097,0.281,0.000,55,W,0,,,,845046,504.98,0
4108,9815.041,"Mount",0.139,-0.125,0.179,0.053,0.000,0.000,0,,0,,,,778689,443.57,0
4109,9817.475,"Mount",-0.240,-0.025,-0.206,0.126,0.000,0.000,0,,0,,,,796990,493.34,0
4110,9819.907,"Mount",-0.626,0.103,-0.609,0.176,-0.384,0.000,75,E,0,,,,759966,449.26,0
4111,9822.250,"Mount",-0.090,0.164,-0.152,-0.110,0.000,0.000,0,,0,,,,759645,489.49,0
4112,9824.438,"Mount",0.012,-0.170,0.084,0.148,0.000,0.000,0,,0,,,,805193,475.09,0
4113,9826.817,"Mount",0.002,0.059,-0.023,-0.054,0.000,0.000,0,,0,,,,783823,449.87,0
4114,9829.066,"Mount",-0.317,-0.083,-0.250,0.211,-0.157,0.000,31,E,0,,,,780122,436.50,0
4115,9831.542,"Mount",0.132,0.113,0.070,-0.159,0.000,0.000,0,,0,,,,781430,465.65,0
4116,9833.962,"Mount",0.893,-0.134,0.864,-0.264,0.544,0.000,107,W,0,,,,786441,421.03,0
4117,9836.482,"Mount",0.567,-0.196,0.596,-0.068,0.414,0.000,81,W,0,,,,760079,441.57,0
4118,9838.818,"Mount",0.571,-0.098,0.558,-0.157,0.380,0.000,75,W,0,,,,804759,459.42,0
4119,9841.217,"Mount",0.244,0.044,0.202,-0.145,0.000,0.000,0,,0,,,,799556,408.75,0
4120,9843.468,"Mount",0.268,0.191,0.159,-0.288,0.000,0.000,0,,0,,,,795429,457.37,0
4121,9845.825,"Mount",0.273,0.096,0.205,-0.204,0.000,0.000,0,,0,,,,776146,493.65,0
4122,9848.242,"Mount",0.661,-0.114,0.646,-0.181,0.407,0.000,80,W,0,,,,819914,490.11,0
4123,9850.576,"Mount",0.216,0.061,0.169,-0.148,0.000,0.000,0,,0,,,,776632,439.78,0
4124,9852.867,"Mount",0.300,-0.048,0.291,-0.085,0.183,0.000,36,W,0,,,,774424,472.22,0
4125,9855.341,"Mount",0.455,-0.053,0.433,-0.148,0.286,0.000,56,W,0,,,,788741,486.05,0
4126,9857.597,"Mount",-0.072,0.168,-0.137,-0.121,0.000,0.000,0,,0,,,,806338,404.32,0
4127,9860.042,"Mount",0.451,-0.061,0.434,-0.139,0.273,0.000,54,W,0,,,,766288,426.05,0
4128,9862.301,"Mount",0.065,-0.124,0.112,0.083,0.000,0.000,0,,0,,,,799518,459.47,0
4129,9864.663,"Mount",-0.025,-0.012,-0.018,0.021,0.000,0.000,0,,0,,,,816918,441.42,0
4130,9866.836,"Mount",-0.015,-0.253,0.096,0.235,0.000,0.000,0,,0,,,,778983,423.94,0
4131,9869.382,"Mount",0.746,-0.029,0.686,-0.295,0.432,0.000,85,W,0,,,,810540,496.59,0
4132,9871.678,"Mount",-0.129,0.062,-0.143,-0.000,0.000,0.000,0,,0,,,,809962,445.40,0
4133,9874.098,"Mount",-0.349,0.265,-0.429,-0.089,-0.270,0.000,53,E,0,,,,777842,457.15,0
4134,9876.458,"Mount",-0.261,0.057,-0.260,0.061,-0.183,0.000,36,E,0,,,,776345,450.75,0
4135,9878.882,"Mount",0.381,0.156,0.277,-0.305,0.161,0.000,32,W,0,,,,778704,481.45,0
4136,9881.100,"Mount",-0.191,-0.224,-0.076,0.285,0.000,0.000,0,,0,,,,796924,423.09,0
4137,9883.586,"Mount",-0.182,-0.090,-0.126,0.160,0.000,0.000,0,,0,,,,795241,467.04,0
4138,9885.829,"Mount",-0.175,-0.043,-0.140,0.115,0.000,0.000,0,,0,,,,811530,470.31,0
4139,9888.187,"Mount",-0.114,0.212,-0.194,-0.142,0.000,0.000,0,,0,,,,763578,424.10,0
4140,9890.506,"Mount",-0.729,0.026,-0.669,0.291,-0.422,0.000,83,E,0,,,,784029,472.70,0
4141,9892.962,"Mount",-0.212,0.158,-0.259,-0.051,-0.193,0.000,38,E,0,,,,791315,491.84,0
4142,9895.338,"Mount",-0.972,0.014,-0.883,0.406,-0.570,0.000,112,E,0,,,,729993,372.18,0
4143,9897.715,"Mount",0.170,0.390,-0.015,-0.425,0.000,0.000,0,,0,,,,771767,444.72,0
4144,9900.050,"Mount",1.056,0.242,0.849,-0.673,0.535,0.000,105,W,0,,,,778814,394.98,0
4145,9902.530,"Mount",0.976,0.038,0.865,-0.454,0.582,0.000,114,W,0,,,,775378,463.86,0
4146,9905.834,"Mount",0.396,0.446,0.166,-0.573,0.000,-0.573,0,,1078,N,,,795112,452.10,0
4147,9908.362,"Mount",-0.622,0.085,-0.598,0.191,-0.377,0.000,74,E,0,,,,779049,457.54,0
4148,9910.666,"Mount",-0.456,0.285,-0.534,-0.061,-0.363,0.000,71,E,0,,,,808886,423.10,0
4149,9913.311,"Mount",-1.074,-0.398,-0.798,0.821,-0.528,0.000,104,E,0,,,,797791,481.28,0
4150,9915.616,"Mount",-0.069,-0.421,0.119,0.410,0.000,0.000,0,,0,,,,793606,481.81,0
4151,9918.058,"Mount",0.123,-0.463,0.310,0.365,0.195,0.000,38,W,0,,,,798368,429.87,0
4152,9920.628,"Mount",-2.690,0.313,-2.563,0.875,-1.601,0.000,314,E,0,,,,675541,386.95,0
4153,9923.162,"Mount",1.110,-0.870,1.376,0.307,0.755,0.000,148,W,0,,,,832608,462.09,0
4154,9926.730,"Mount",0.516,-0.928,0.865,0.616,0.598,0.616,117,W,1087,S,,,770508,448.14,0
4155,9929.394,"Mount",-0.122,-0.891,0.274,0.857,0.214,0.857,42,W,175,S,,,777111,432.16,0
4156,9931.850,"Mount",-1.054,0.626,-1.220,-0.111,-0.754,0.000,148,E,0,,,,791152,452.90,0
4157,9934.457,"Mount",-0.156,0.343,-0.288,-0.242,-0.234,0.000,46,E,0,,,,790325,498.08,0
4158,9936.730,"Mount",0.540,0.294,0.361,-0.497,0.211,0.000,41,W,0,,,,782196,457.30,0
4159,9939.089,"Mount",0.066,0.328,-0.081,-0.325,0.000,0.000,0,,0,,,,791505,427.28,0
4160,9941.415,"Mount",0.181,0.009,0.160,-0.086,0.000,0.000,0,,0,,,,789805,467.07,0
4161,9944.269,"Mount",-2.381,1.077,-2.612,0.053,-1.646,0.000,322,E,0,,,,622960,292.10,0
4162,9946.682,"Mount",-0.611,0.644,-0.829,-0.318,-0.637,0.000,125,E,0,,,,743321,352.13,0
4163,9949.379,"Mount",2.677,-0.125,2.470,-1.039,1.512,0.000,296,W,0,,,,783944,459.56,0
4164,9951.914,"Mount",1.658,0.078,1.463,-0.784,1.027,0.000,201,W,0,,,,803997,466.45,0
4165,9954.396,"Mount",0.567,0.029,0.499,-0.270,0.387,0.000,76,W,0,,,,780776,415.68,0
4166,9957.730,"Mount",0.124,0.722,-0.198,-0.705,0.000,-0.705,0,,1105,N,,,800300,466.40,0
4167,9960.105,"Mount",0.286,0.142,0.197,-0.251,0.000,0.000,0,,0,,,,773452,452.74,0
4168,9962.490,"Mount",-0.047,0.439,-0.231,-0.376,-0.146,-0.376,29,E,77,N,,,780444,442.79,0
4169,9964.849,"Mount",0.156,-0.042,0.159,-0.029,0.000,0.000,0,,0,,,,749021,395.56,0
4170,9967.122,"Mount",-0.340,0.452,-0.501,-0.261,-0.316,0.000,62,E,0,,,,823000,426.63,0
4171,9969.698,"Mount",-0.665,0.306,-0.732,0.010,-0.483,0.000,95,E,0,,,,762480,389.20,0
4172,9971.898,"Mount",-0.260,-0.096,-0.193,0.198,0.000,0.000,0,,0,,,,747760,445.23,0
4173,9974.293,"Mount",0.146,-0.156,0.199,0.078,0.000,0.000,0,,0,,,,766558,432.75,0
4174,9976.562,"Mount",0.451,-0.013,0.413,-0.182,0.260,0.000,51,W,0,,,,813735,432.63,0
4175,9978.902,"Mount",0.097,-0.087,0.125,0.037,0.000,0.000,0,,0,,,,794393,460.39,0
4176,9981.131,"Mount",-0.070,0.275,-0.181,-0.218,0.000,0.000,0,,0,,,,812702,443.54,0
4177,9983.642,"Mount",0.386,-0.082,0.384,-0.092,0.242,0.000,47,W,0,,,,795952,469.55,0
4178,9985.815,"Mount",-0.203,-0.310,-0.050,0.367,0.000,0.000,0,,0,,,,778790,469.90,0
4179,9988.274,"Mount",-0.654,0.011,-0.596,0.271,-0.375,0.000,74,E,0,,,,798457,483.55,0
4180,9990.448,"Mount",-0.190,0.000,-0.171,0.081,0.000,0.000,0,,0,,,,801201,446.76,0
4181,9992.793,"Mount",0.084,-0.129,0.132,0.081,0.000,0.000,0,,0,,,,821765,460.65,0
4182,9995.128,"Mount",-0.553,-0.063,-0.472,0.295,-0.298,0.000,58,E,0,,,,752346,445.52,0
4183,9997.626,"Mount",0.393,-0.007,0.357,-0.163,0.204,0.000,40,W,0,,,,791719,419.38,0
4184,9999.832,"Mount",0.148,-0.039,0.150,-0.028,0.000,0.000,0,,0,,,,766351,467.19,0
4185,10002.172,"Mount",0.110,0.173,0.025,-0.204,0.000,0.000,0,,0,,,,783758,486.21,0
4186,10004.366,"Mount",0.314,0.160,0.214,-0.279,0.000,0.000,0,,0,,,,782250,419.62,0
4187,10006.912,"Mount",0.907,-0.079,0.852,-0.319,0.537,0.000,105,W,0,,,,786307,444.04,0
4188,10009.220,"Mount",0.544,0.004,0.490,-0.238,0.346,0.000,68,W,0,,,,788386,406.85,0
4189,10011.695,"Mount",-0.141,-0.006,-0.125,0.066,0.000,0.000,0,,0,,,,777650,488.55,0
4190,10013.873,"Mount",-0.016,0.289,-0.138,-0.254,0.000,0.000,0,,0,,,,770701,451.78,0
4191,10016.410,"Mount",-0.375,0.201,-0.425,-0.020,-0.268,0.000,52,E,0,,,,768943,484.95,0
4192,10018.637,"Mount",-0.049,0.010,-0.049,0.012,0.000,0.000,0,,0,,,,814311,416.73,0
4193,10021.082,"Mount",-0.302,0.206,-0.361,-0.056,-0.227,0.000,45,E,0,,,,784564,432.62,0
4194,10023.311,"Mount",-0.076,-0.217,0.025,0.228,0.000,0.000,0,,0,,,,801400,443.04,0
4195,10025.826,"Mount",-0.815,0.226,-0.833,0.147,-0.525,0.000,103,E,0,,,,768999,468.05,0
4196,10028.362,"Mount",-0.807,-0.154,-0.662,0.486,-0.454,0.000,89,E,0,,,,792653,429.32,0
4197,10030.726,"Mount",-0.119,0.174,-0.182,-0.106,0.000,0.000,0,,0,,,,758650,421.31,0
4198,10033.026,"Mount",0.565,-0.252,0.619,-0.016,0.390,0.000,76,W,0,,,,777663,430.99,0
4199,10035.627,"Mount",-0.798,0.325,-0.860,0.050,-0.515,0.000,101,E,0,,,,774626,461.12,0
4200,10037.805,"Mount",-0.108,0.078,-0.131,-0.024,0.000,0.000,0,,0,,,,776120,464.90,0
4201,10040.363,"Mount",-1.136,0.408,-1.201,0.121,-0.756,0.000,148,E,0,,,,794620,446.90,0
4202,10042.540,"Mount",0.122,0.124,0.057,-0.164,0.000,0.000,0,,0,,,,797408,483.11,0
4203,10044.895,"Mount",-0.115,-0.028,-0.092,0.075,0.000,0.000,0,,0,,,,845981,481.53,0
4204,10047.283,"Mount",-0.782,-0.026,-0.695,0.360,-0.438,0.000,86,E,0,,,,774548,417.77,0
4205,10049.975,"Mount",0.343,0.027,0.298,-0.172,0.157,0.000,31,W,0,,,,785367,482.76,0
4206,10052.516,"Mount",1.177,0.135,1.004,-0.629,0.644,-0.629,126,W,128,N,,,834819,494.83,0
4207,10055.035,"Mount",0.807,-0.484,0.937,0.090,0.635,0.000,124,W,0,,,,789478,454.04,0
4208,10057.240,"Mount",0.086,-0.231,0.177,0.172,0.000,0.000,0,,0,,,,777255,480.47,0
4209,10059.707,"Mount",-0.382,0.075,-0.377,0.097,-0.237,0.000,46,E,0,,,,776201,430.57,0
4210,10062.011,"Mount",-0.515,0.107,-0.511,0.125,-0.339,0.000,66,E,0,,,,781882,467.36,0
4211,10064.388,"Mount",0.011,-0.122,0.062,0.106,0.000,0.000,0,,0,,,,776074,458.09,0
4212,10066.667,"Mount",-0.453,0.052,-0.431,0.148,-0.272,0.000,53,E,0,,,,809250,479.89,0
4213,10069.018,"Mount",0.052,0.029,0.034,-0.049,0.000,0.000,0,,0,,,,792103,447.02,0
4214,10071.495,"Mount",-1.159,0.435,-1.234,0.106,-0.777,0.000,152,E,0,,,,784308,428.31,0
4215,10073.820,"Mount",-0.142,0.042,-0.147,0.023,0.000,0.000,0,,0,,,,780692,501.56,0
4216,10076.117,"Mount",-0.355,-0.107,-0.274,0.250,-0.173,0.000,34,E,0,,,,786763,431.51,0
4217,10078.484,"Mount",-0.145,-0.106,-0.085,0.158,0.000,0.000,0,,0,,,,777174,447.56,0
4218,10080.754,"Mount",-0.587,0.143,-0.591,0.124,-0.372,0.000,73,E,0,,,,802525,430.12,0
4219,10083.226,"Mount",-0.716,-0.083,-0.611,0.383,-0.411,0.000,80,E,0,,,,781967,432.52,0
4220,10085.618,"Mount",0.381,-0.372,0.504,0.172,0.289,0.000,57,W,0,,,,754547,464.28,0
4221,10088.088,"Mount",0.534,-0.421,0.663,0.150,0.438,0.000,86,W,0,,,,790887,463.77,0
4222,10090.412,"Mount",-0.664,-0.013,-0.594,0.298,-0.344,0.000,67,E,0,,,,783067,405.08,0
4223,10092.784,"Mount",-0.216,-0.095,-0.154,0.179,0.000,0.000,0,,0,,,,762890,479.75,0
4224,10094.976,"Mount",-0.450,-0.848,-0.041,0.959,0.000,0.000,0,,0,,,,761959,390.36,0
4225,10098.658,"Mount",-0.667,-0.337,-0.457,0.591,-0.288,0.591,56,E,1124,S,,,759350,482.95,0
4226,10101.613,"Mount",-0.933,-0.154,-0.776,0.541,-0.509,0.541,100,E,110,S,,,792098,486.83,0
4227,10104.058,"Mount",-0.171,0.582,-0.405,-0.452,-0.290,0.000,57,E,0,,,,766659,418.39,0
4228,10106.320,"Mount",0.210,0.303,0.059,-0.364,0.000,0.000,0,,0,,,,789307,449.24,0
4229,10108.643,"Mount",0.057,0.524,-0.174,-0.498,0.000,0.000,0,,0,,,,782958,399.82,0
4230,10110.947,"Mount",0.597,0.327,0.398,-0.552,0.251,0.000,49,W,0,,,,800621,433.07,0
4231,10113.427,"Mount",0.742,0.362,0.514,-0.646,0.341,0.000,67,W,0,,,,752673,415.44,0
4232,10116.810,"Mount",0.133,0.536,-0.110,-0.541,0.000,-0.541,0,,1113,N,,,792906,437.69,0
4233,10119.412,"Mount",-1.147,0.804,-1.382,-0.232,-0.870,0.000,171,E,0,,,,757363,451.47,0
4234,10121.882,"Mount",-0.659,-0.014,-0.589,0.296,-0.432,0.000,85,E,0,,,,775243,441.93,0
4235,10124.474,"Mount",-1.602,-0.339,-1.300,0.996,-0.849,0.000,166,E,0,,,,768086,438.37,0
4236,10126.662,"Mount",-0.259,-0.316,-0.098,0.396,0.000,0.000,0,,0,,,,792852,473.41,0
4237,10129.162,"Mount",0.624,-0.823,0.917,0.474,0.578,0.000,113,W,0,,,,810780,473.58,0
4238,10131.367,"Mount",-0.510,-0.574,-0.213,0.738,0.000,0.000,0,,0,,,,755538,442.14,0
4239,10133.818,"Mount",0.043,-0.490,0.249,0.424,0.157,0.000,31,W,0,,,,802343,484.53,0
4240,10137.208,"Mount",-0.494,-0.522,-0.221,0.684,0.000,0.684,0,,1143,S,,,822937,454.85,0
4241,10139.898,"Mount",1.285,-0.253,1.269,-0.325,0.799,0.000,157,W,0,,,,805533,462.56,0
4242,10142.306,"Mount",0.961,-0.270,0.983,-0.170,0.675,0.000,132,W,0,,,,778881,461.07,0
4243,10144.914,"Mount",-0.652,-0.329,-0.447,0.577,-0.234,0.577,46,E,118,S,,,655677,377.65,0
4244,10147.234,"Mount",0.545,-0.219,0.586,-0.037,0.353,0.000,69,W,0,,,,794669,426.83,0
4245,10149.779,"Mount",0.891,-0.257,0.915,-0.151,0.601,0.000,118,W,0,,,,767162,413.43,0
4246,10152.122,"Mount",-0.389,-0.355,-0.199,0.488,0.000,0.488,0,,100,S,,,686667,357.75,0
4247,10154.642,"Mount",1.172,0.055,1.034,-0.554,0.652,0.000,128,W,0,,,,787040,448.89,0
4248,10156.921,"Mount",0.591,0.543,0.299,-0.744,0.234,0.000,46,W,0,,,,780568,480.48,0
4249,10159.293,"Mount",0.348,0.365,0.157,-0.479,0.000,0.000,0,,0,,,,762056,479.72,0
4250,10161.714,"Mount",-0.078,0.495,-0.284,-0.413,-0.179,0.000,35,E,0,,,,691075,382.86,0
4251,10165.722,"Mount",-0.638,1.384,-1.171,-0.975,-0.750,-0.975,147,E,1251,N,,,787047,472.45,0
4252,10168.134,"Mount",0.181,0.095,0.122,-0.164,0.000,0.000,0,,0,,,,784119,424.76,0
4253,10170.472,"Mount",0.843,-0.189,0.842,-0.193,0.531,0.000,104,W,0,,,,829794,489.04,0
4254,10172.816,"Mount",-0.036,0.198,-0.117,-0.163,0.000,0.000,0,,0,,,,829803,517.14,0
4255,10175.014,"Mount",0.048,-0.082,0.078,0.053,0.000,0.000,0,,0,,,,772917,426.38,0
4256,10177.428,"Mount",-0.189,0.065,-0.198,0.023,0.000,0.000,0,,0,,,,783164,444.97,0
4257,10179.665,"Mount",-0.100,-0.005,-0.088,0.047,0.000,0.000,0,,0,,,,828367,503.13,0
4258,10182.000,"Mount",0.327,0.160,0.226,-0.285,0.000,0.000,0,,0,,,,814232,436.77,0
4259,10184.342,"Mount",-0.184,0.091,-0.205,-0.003,0.000,0.000,0,,0,,,,781833,415.72,0
4260,10186.683,"Mount",-0.228,-0.388,-0.039,0.448,0.000,0.000,0,,0,,,,707065,415.13,0
4261,10189.122,"Mount",-1.565,0.768,-1.743,-0.020,-1.098,0.000,215,E,0,,,,757144,403.52,0
4262,10191.754,"Mount",-0.551,0.342,-0.645,-0.071,-0.483,0.000,95,E,0,,,,788795,488.12,0
4263,10193.930,"Mount",-0.200,-0.017,-0.174,0.101,0.000,0.000,0,,0,,,,789207,461.66,0
4264,10196.334,"Mount",-0.256,-0.366,-0.074,0.440,0.000,0.000,0,,0,,,,764287,411.98,0
4265,10198.557,"Mount",-0.202,0.024,-0.192,0.066,0.000,0.000,0,,0,,,,789071,452.28,0
4266,10200.906,"Mount",0.163,0.014,0.141,-0.083,0.000,0.000,0,,0,,,,789303,469.28,0
4267,10203.148,"Mount",0.338,-0.014,0.311,-0.133,0.196,0.000,38,W,0,,,,779861,445.53,0
4268,10205.851,"Mount",-2.036,0.959,-2.251,0.011,-1.404,0.000,275,E,0,,,,724580,371.20,0
4269,10208.027,"Mount",-0.056,-0.023,-0.040,0.045,0.000,0.000,0,,0,,,,773292,457.03,0
4270,10210.538,"Mount",0.372,0.213,0.244,-0.353,0.154,-0.353,30,W,72,N,,,770410,472.54,0
4271,10212.714,"Mount",0.249,0.112,0.176,-0.208,0.000,0.000,0,,0,,,,835015,526.39,0
4272,10215.057,"Mount",0.010,-0.162,0.079,0.142,0.000,0.000,0,,0,,,,798431,445.21,0
4273,10217.403,"Mount",-0.979,0.118,-0.934,0.315,-0.589,0.000,115,E,0,,,,820215,456.16,0
4274,10219.745,"Mount",0.166,-0.145,0.212,0.059,0.000,0.000,0,,0,,,,799216,478.56,0
4275,10222.042,"Mount",0.875,-0.181,0.868,-0.214,0.547,0.000,107,W,0,,,,802533,473.90,0
4276,10224.466,"Mount",0.391,-0.031,0.366,-0.140,0.269,0.000,53,W,0,,,,798713,464.04,0
4277,10226.652,"Mount",-0.091,0.127,-0.137,-0.076,0.000,0.000,0,,0,,,,795896,446.50,0
4278,10228.996,"Mount",-0.077,0.179,-0.147,-0.128,0.000,0.000,0,,0,,,,777798,432.78,0
4279,10231.170,"Mount",0.004,-0.104,0.049,0.092,0.000,0.000,0,,0,,,,768223,454.46,0
4280,10233.542,"Mount",-0.014,-0.066,0.016,0.065,0.000,0.000,0,,0,,,,806817,434.36,0
4281,10235.710,"Mount",-0.119,0.089,-0.146,-0.029,0.000,0.000,0,,0,,,,778666,451.08,0
4282,10238.138,"Mount",-0.257,0.219,-0.326,-0.087,-0.205,0.000,40,E,0,,,,779698,462.02,0
4283,10240.588,"Mount",-1.813,0.741,-1.956,0.112,-1.246,0.000,244,E,0,,,,787236,440.13,0
4284,10242.994,"Mount",0.303,-0.173,0.348,0.026,0.132,0.000,26,W,0,,,,778389,407.61,0
4285,10245.384,"Mount",0.812,-0.355,0.886,-0.029,0.567,0.000,111,W,0,,,,787697,485.78,0
4286,10247.751,"Mount",-0.042,-0.027,-0.026,0.043,0.000,0.000,0,,0,,,,774326,446.55,0
4287,10249.931,"Mount",0.046,0.067,0.013,-0.080,0.000,0.000,0,,0,,,,776796,446.22,0
4288,10252.508,"Mount",-1.576,0.673,-1.712,0.071,-1.078,0.000,211,E,0,,,,799647,487.43,0
4289,10254.699,"Mount",-0.180,0.099,-0.205,-0.012,0.000,0.000,0,,0,,,,784762,428.24,0
4290,10257.062,"Mount",0.092,-0.059,0.109,0.013,0.000,0.000,0,,0,,,,808309,436.62,0
4291,10259.269,"Mount",0.185,0.088,0.129,-0.159,0.000,0.000,0,,0,,,,794031,490.74,0
4292,10261.622,"Mount",0.045,-0.097,0.083,0.068,0.000,0.000,0,,0,,,,767158,423.93,0
4293,10263.898,"Mount",0.476,0.035,0.415,-0.237,0.261,0.000,51,W,0,,,,756085,449.74,0
4294,10266.418,"Mount",1.058,-0.187,1.036,-0.286,0.671,0.000,131,W,0,,,,769666,436.82,0
4295,10268.602,"Mount",0.032,-0.075,0.061,0.054,0.000,0.000,0,,0,,,,774527,434.76,0
4296,10270.941,"Mount",0.023,0.188,-0.060,-0.180,0.000,0.000,0,,0,,,,785480,468.18,0
4297,10273.170,"Mount",-0.137,0.267,-0.239,-0.182,-0.150,0.000,29,E,0,,,,764737,460.53,0
4298,10275.650,"Mount",-0.500,0.356,-0.605,-0.106,-0.392,0.000,77,E,0,,,,766096,446.86,0
4299,10277.901,"Mount",-0.026,-0.077,0.009,0.081,0.000,0.000,0,,0,,,,795961,469.71,0
4300,10280.264,"Mount",0.070,0.058,0.038,-0.083,0.000,0.000,0,,0,,,,763953,452.43,0
4301,10282.435,"Mount",0.111,0.306,-0.031,-0.324,0.000,0.000,0,,0,,,,796386,509.77,0
4302,10284.858,"Mount",0.300,0.010,0.267,-0.138,0.168,0.000,33,W,0,,,,776460,454.81,0
4303,10287.146,"Mount",0.601,-0.143,0.604,-0.129,0.392,0.000,77,W,0,,,,784641,465.20,0
4304,10289.534,"Mount",0.316,0.218,0.191,-0.333,0.000,0.000,0,,0,,,,779547,428.82,0
4305,10291.826,"Mount",0.547,0.072,0.463,-0.301,0.292,0.000,57,W,0,,,,796018,448.07,0
4306,10294.171,"Mount",0.222,0.176,0.125,-0.255,0.000,0.000,0,,0,,,,755622,382.51,0
4307,10296.346,"Mount",0.269,0.143,0.181,-0.245,0.000,0.000,0,,0,,,,776557,421.70,0
4308,10298.794,"Mount",0.559,-0.092,0.544,-0.157,0.343,0.000,67,W,0,,,,809855,472.89,0
4309,10300.985,"Mount",0.128,0.144,0.054,-0.186,0.000,0.000,0,,0,,,,769434,429.73,0
4310,10303.482,"Mount",-0.786,0.219,-0.803,0.140,-0.506,0.000,99,E,0,,,,765257,410.96,0
4311,10305.834,"Mount",0.400,0.267,0.246,-0.413,0.120,-0.413,23,W,84,N,,,815374,471.34,0
4312,10308.298,"Mount",0.446,-0.396,0.573,0.166,0.369,0.000,72,W,0,,,,823348,456.49,0
4313,10310.578,"Mount",0.580,-0.574,0.771,0.269,0.511,0.000,100,W,0,,,,806578,478.95,0
4314,10312.986,"Mount",-0.370,0.009,-0.338,0.151,-0.177,0.000,35,E,0,,,,757330,446.86,0
4315,10315.159,"Mount",-0.044,-0.165,0.031,0.168,0.000,0.000,0,,0,,,,797593,438.04,0
4316,10317.520,"Mount",-0.116,0.029,-0.117,0.024,0.000,0.000,0,,0,,,,792280,502.32,0
4317,10319.818,"Mount",-0.884,-0.012,-0.793,0.392,-0.500,0.000,98,E,0,,,,788205,465.18,0
4318,10322.159,"Mount",-0.343,-0.284,-0.187,0.404,0.000,0.000,0,,0,,,,736379,411.41,0
4319,10324.659,"Mount",-2.564,0.291,-2.440,0.841,-1.537,0.000,301,E,0,,,,757946,344.16,0
4320,10328.266,"Mount",0.496,-0.645,0.726,0.369,0.350,0.369,68,W,1127,S,,,796460,450.07,0
4321,10330.690,"Mount",1.700,-0.601,1.793,-0.189,1.154,0.000,226,W,0,,,,771983,459.98,0
4322,10333.170,"Mount",1.035,0.161,0.865,-0.590,0.626,0.000,123,W,0,,,,802045,485.35,0
4323,10335.387,"Mount",0.232,0.033,0.195,-0.130,0.000,0.000,0,,0,,,,803959,456.34,0
4324,10337.859,"Mount",-0.699,0.281,-0.752,0.047,-0.474,0.000,93,E,0,,,,794443,452.44,0
4325,10340.138,"Mount",-0.462,0.343,-0.565,-0.111,-0.389,0.000,76,E,0,,,,787403,478.76,0
4326,10342.471,"Mount",0.151,0.317,-0.000,-0.351,0.000,0.000,0,,0,,,,761569,438.93,0
4327,10344.665,"Mount",-0.074,0.296,-0.194,-0.235,0.000,0.000,0,,0,,,,770953,426.86,0
4328,10347.154,"Mount",1.059,0.047,0.936,-0.498,0.590,0.000,116,W,0,,,,775629,442.25,0
4329,10349.554,"Mount",0.527,-0.099,0.518,-0.137,0.368,0.000,72,W,0,,,,777031,445.35,0
4330,10351.970,"Mount",0.370,0.049,0.313,-0.204,0.223,0.000,44,W,0,,,,749595,420.11,0
4331,10355.418,"Mount",0.585,0.240,0.425,-0.468,0.283,-0.468,56,W,1148,N,,,781318,392.18,0
4332,10357.908,"Mount",0.276,0.283,0.128,-0.374,0.000,-0.374,0,,76,N,,,787897,432.44,0
4333,10360.077,"Mount",0.174,-0.104,0.202,0.019,0.000,0.000,0,,0,,,,781492,420.08,0
4334,10362.441,"Mount",0.022,-0.256,0.130,0.222,0.000,0.000,0,,0,,,,808472,451.97,0
4335,10364.665,"Mount",-0.107,-0.197,-0.012,0.224,0.000,0.000,0,,0,,,,746983,447.34,0
4336,10367.047,"Mount",-0.103,-0.003,-0.092,0.047,0.000,0.000,0,,0,,,,845105,484.12,0
4337,10369.366,"Mount",-0.178,-0.214,-0.068,0.270,0.000,0.000,0,,0,,,,776589,463.12,0
INFO: SET LOCK POSITION, new lock pos = 34.179, 794.559
INFO: DITHER by -4.430, 1.077, new lock pos = 29.717, 795.493
INFO: SETTLING STATE CHANGE, Settling started
4338,10372.970,"Mount",4.462,-0.934,4.430,-1.077,4.430,-1.077,868,W,220,N,,,788697,428.51,0
4339,10375.554,"Mount",3.036,-0.466,2.941,-0.886,1.853,0.000,363,W,0,,,,766985,468.58,0
4340,10378.138,"Mount",-1.555,1.107,-1.880,-0.330,-1.055,0.000,207,E,0,,,,777332,459.43,0
4341,10380.522,"Mount",-1.007,0.900,-1.297,-0.379,-0.891,0.000,174,E,0,,,,801571,458.16,0
4342,10382.853,"Mount",-0.021,0.100,-0.062,-0.081,0.000,0.000,0,,0,,,,780543,449.04,0
4343,10385.246,"Mount",0.521,0.259,0.359,-0.458,0.226,-0.458,44,W,93,N,,,813848,445.95,0
4344,10387.586,"Mount",-0.066,-0.090,-0.021,0.109,0.000,0.000,0,,0,,,,762619,444.97,0
4345,10389.752,"Mount",0.063,-0.229,0.156,0.180,0.000,0.000,0,,0,,,,812316,472.56,0
4346,10392.170,"Mount",0.415,-0.056,0.399,-0.128,0.251,0.000,49,W,0,,,,780268,444.85,0
4347,10394.458,"Mount",0.629,0.051,0.546,-0.316,0.361,0.000,71,W,0,,,,777876,451.09,0
INFO: SETTLING STATE CHANGE, Settling complete
4348,10396.866,"Mount",-0.210,0.401,-0.363,-0.272,-0.203,0.000,40,E,0,,,,762208,441.31,0
4349,10399.236,"Mount",-0.301,0.410,-0.448,-0.241,-0.296,0.000,58,E,0,,,,846056,518.45,0
4350,10401.650,"Mount",0.174,-0.176,0.232,0.084,0.126,0.000,25,W,0,,,,760755,412.76,0
4351,10403.824,"Mount",-0.206,-0.036,-0.170,0.121,0.000,0.000,0,,0,,,,789714,460.98,0
4352,10406.207,"Mount",0.062,0.222,-0.039,-0.227,0.000,0.000,0,,0,,,,786922,490.76,0
4353,10408.482,"Mount",0.401,-0.310,0.496,0.107,0.312,0.000,61,W,0,,,,777636,430.48,0
4354,10410.834,"Mount",-0.017,0.052,-0.037,-0.040,0.000,0.000,0,,0,,,,796376,450.54,0
4355,10413.074,"Mount",0.242,-0.126,0.273,0.010,0.172,0.000,34,W,0,,,,757407,424.88,0
4356,10415.586,"Mount",-0.695,-0.012,-0.622,0.310,-0.380,0.000,74,E,0,,,,808349,485.88,0
4357,10417.922,"Mount",-0.942,0.114,-0.900,0.302,-0.594,0.000,116,E,0,,,,741205,433.99,0
4358,10420.395,"Mount",-0.699,0.224,-0.728,0.099,-0.500,0.000,98,E,0,,,,795018,465.94,0
4359,10422.772,"Mount",-0.930,-0.046,-0.819,0.442,-0.551,0.000,108,E,0,,,,810804,436.62,0
4360,10425.265,"Mount",0.361,-0.114,0.375,-0.052,0.198,0.000,39,W,0,,,,760446,463.40,0
4361,10427.478,"Mount",0.014,0.164,-0.058,-0.154,0.000,0.000,0,,0,,,,777212,434.67,0
4362,10429.813,"Mount",0.131,-0.196,0.202,0.121,0.000,0.000,0,,0,,,,786591,471.61,0
4363,10432.058,"Mount",0.144,-0.285,0.252,0.196,0.159,0.000,31,W,0,,,,788552,464.15,0
4364,10434.482,"Mount",0.239,-0.507,0.434,0.355,0.284,0.000,56,W,0,,,,760629,434.48,0
4365,10436.654,"Mount",-0.037,-0.083,0.002,0.091,0.000,0.000,0,,0,,,,779791,472.41,0
4366,10439.004,"Mount",-0.069,-0.050,-0.040,0.075,0.000,0.000,0,,0,,,,768298,439.22,0
4367,10441.196,"Mount",-0.052,-0.094,-0.006,0.107,0.000,0.000,0,,0,,,,820882,461.66,0
4368,10443.543,"Mount",-0.002,-0.006,0.001,0.006,0.000,0.000,0,,0,,,,817005,494.77,0
4369,10445.850,"Mount",0.861,-0.315,0.913,-0.086,0.575,0.000,113,W,0,,,,777347,471.29,0
4370,10448.221,"Mount",-0.149,-0.268,-0.019,0.306,0.000,0.000,0,,0,,,,823075,476.63,0
4371,10450.385,"Mount",-0.125,0.123,-0.166,-0.057,0.000,0.000,0,,0,,,,784303,440.98,0
4372,10452.727,"Mount",-0.106,0.054,-0.119,-0.003,0.000,0.000,0,,0,,,,776122,448.77,0
4373,10455.146,"Mount",-1.769,0.364,-1.754,0.433,-1.105,0.000,216,E,0,,,,643564,331.51,0
4374,10457.634,"Mount",-0.732,-0.372,-0.501,0.651,-0.393,0.000,77,E,0,,,,739226,405.49,0
4375,10461.114,"Mount",-0.552,-0.461,-0.300,0.654,-0.216,0.654,42,E,1185,S,,,701709,389.86,0
4376,10463.611,"Mount",0.704,0.049,0.614,-0.347,0.372,0.000,73,W,0,,,,788487,494.78,0
4377,10465.938,"Mount",0.932,-0.103,0.886,-0.308,0.584,0.000,114,W,0,,,,815051,433.95,0
4378,10468.442,"Mount",1.017,-0.068,0.947,-0.376,0.638,0.000,125,W,0,,,,809386,426.74,0
4379,10470.706,"Mount",0.276,0.040,0.232,-0.155,0.191,0.000,37,W,0,,,,777339,451.70,0
4380,10473.146,"Mount",0.548,0.191,0.413,-0.408,0.273,0.000,54,W,0,,,,768456,459.35,0
4381,10475.386,"Mount",-0.121,0.056,-0.133,0.002,0.000,0.000,0,,0,,,,786095,452.02,0
4382,10477.794,"Mount",-0.223,0.269,-0.317,-0.147,-0.200,0.000,39,E,0,,,,773021,457.99,0
4383,10480.067,"Mount",-0.319,0.360,-0.443,-0.188,-0.293,0.000,57,E,0,,,,809397,456.55,0
4384,10482.416,"Mount",0.028,0.321,-0.113,-0.301,0.000,0.000,0,,0,,,,776944,427.59,0
4385,10484.639,"Mount",0.368,0.330,0.190,-0.456,0.000,0.000,0,,0,,,,794473,460.22,0
4386,10487.150,"Mount",-0.701,0.275,-0.751,0.054,-0.473,0.000,93,E,0,,,,795071,439.29,0
4387,10489.361,"Mount",0.117,0.230,0.007,-0.258,0.000,0.000,0,,0,,,,757558,401.01,0
4388,10491.740,"Mount",-0.049,0.211,-0.135,-0.169,0.000,0.000,0,,0,,,,809741,431.63,0
4389,10495.187,"Mount",0.583,0.287,0.403,-0.510,0.254,-0.510,50,W,1156,N,,,793120,496.95,0
4390,10497.618,"Mount",-0.363,-0.160,-0.259,0.301,-0.145,0.000,28,E,0,,,,779414,487.31,0
4391,10499.789,"Mount",-0.329,-0.355,-0.144,0.462,0.000,0.000,0,,0,,,,762610,408.94,0
4392,10502.234,"Mount",0.473,-0.308,0.560,0.074,0.353,0.000,69,W,0,,,,767829,443.50,0
4393,10505.882,"Mount",-1.363,-0.577,-0.982,1.108,-0.594,1.108,116,E,1278,S,,,764819,415.37,0
4394,10508.259,"Mount",0.321,0.454,0.094,-0.548,0.000,0.000,0,,0,,,,774930,507.39,0
4395,10510.444,"Mount",0.073,0.335,-0.078,-0.333,0.000,0.000,0,,0,,,,752049,451.73,0
4396,10512.783,"Mount",0.440,0.426,0.214,-0.574,0.000,0.000,0,,0,,,,771215,467.18,0
4397,10514.954,"Mount",0.065,0.341,-0.088,-0.336,0.000,0.000,0,,0,,,,817700,493.80,0
4398,10517.418,"Mount",-0.273,0.271,-0.363,-0.127,-0.229,0.000,45,E,0,,,,789302,463.29,0
4399,10519.606,"Mount",0.272,0.051,0.224,-0.163,0.000,0.000,0,,0,,,,796794,484.51,0
4400,10521.949,"Mount",-0.125,0.184,-0.192,-0.112,0.000,0.000,0,,0,,,,787891,475.74,0
4401,10524.210,"Mount",0.543,0.147,0.427,-0.366,0.269,0.000,53,W,0,,,,782837,486.09,0
4402,10526.635,"Mount",-0.163,0.412,-0.324,-0.302,-0.185,0.000,36,E,0,,,,794120,501.96,0
4403,10528.866,"Mount",0.425,0.193,0.301,-0.357,0.176,0.000,35,W,0,,,,783041,446.52,0
4404,10531.316,"Mount",0.509,0.215,0.367,-0.413,0.243,0.000,48,W,0,,,,746594,471.81,0
4405,10534.690,"Mount",0.337,0.344,0.156,-0.456,0.000,-0.456,0,,1145,N,,,765213,516.49,0
4406,10537.101,"Mount",-0.441,-0.252,-0.289,0.417,-0.182,0.000,36,E,0,,,,757450,451.44,0
4407,10539.610,"Mount",-2.161,0.763,-2.278,0.242,-1.448,0.000,284,E,0,,,,786797,479.30,0
4408,10542.154,"Mount",1.279,-0.799,1.498,0.171,0.842,0.000,165,W,0,,,,776310,439.16,0
4409,10544.610,"Mount",1.037,-1.329,1.508,0.754,1.009,0.000,198,W,0,,,,758432,431.23,0
4410,10547.154,"Mount",-1.516,0.201,-1.455,0.471,-0.846,0.000,166,E,0,,,,799480,522.85,0
4411,10549.474,"Mount",-0.815,-0.042,-0.717,0.389,-0.511,0.000,100,E,0,,,,778773,433.60,0
4412,10551.938,"Mount",0.333,-0.305,0.432,0.132,0.236,0.000,46,W,0,,,,745880,466.18,0
4413,10555.300,"Mount",-0.233,-0.422,-0.028,0.481,0.000,0.481,0,,1150,S,,,728439,446.99,0
4414,10557.770,"Mount",-0.344,0.011,-0.315,0.139,-0.199,0.000,39,E,0,,,,786149,472.23,0
4415,10559.949,"Mount",0.131,0.286,-0.005,-0.315,0.000,0.000,0,,0,,,,795814,440.12,0
4416,10562.299,"Mount",0.178,0.080,0.127,-0.149,0.000,0.000,0,,0,,,,781162,446.63,0
4417,10564.476,"Mount",0.288,0.372,0.100,-0.460,0.000,0.000,0,,0,,,,791180,447.72,0
4418,10566.874,"Mount",0.403,0.295,0.237,-0.440,0.149,0.000,29,W,0,,,,791925,450.99,0
4419,10569.146,"Mount",0.614,0.394,0.385,-0.620,0.253,0.000,50,W,0,,,,784413,463.29,0
4420,10571.543,"Mount",0.169,-0.022,0.162,-0.053,0.000,0.000,0,,0,,,,803565,467.45,0
4421,10574.898,"Mount",0.123,0.475,-0.093,-0.482,0.000,-0.482,0,,1150,N,,,728407,440.68,0
4422,10577.268,"Mount",-0.109,-0.110,-0.051,0.146,0.000,0.000,0,,0,,,,768499,442.36,0
4423,10579.579,"Mount",-0.422,0.117,-0.432,0.076,-0.272,0.000,53,E,0,,,,772196,503.37,0
4424,10581.994,"Mount",0.530,0.016,0.471,-0.243,0.278,0.000,54,W,0,,,,770822,429.59,0
4425,10584.250,"Mount",0.519,-0.029,0.481,-0.197,0.322,0.000,63,W,0,,,,772183,442.00,0
4426,10586.602,"Mount",0.038,-0.168,0.106,0.135,0.000,0.000,0,,0,,,,783819,497.01,0
4427,10588.866,"Mount",0.426,0.004,0.383,-0.186,0.241,0.000,47,W,0,,,,785590,467.45,0
4428,10591.322,"Mount",0.401,-0.079,0.395,-0.102,0.266,0.000,52,W,0,,,,776205,475.05,0
4429,10593.618,"Mount",-0.396,0.168,-0.430,0.019,-0.252,0.000,49,E,0,,,,773906,474.39,0
4430,10596.146,"Mount",-0.947,0.176,-0.930,0.249,-0.604,0.000,118,E,0,,,,786415,489.54,0
4431,10598.482,"Mount",-0.180,0.161,-0.232,-0.068,-0.188,0.000,37,E,0,,,,773520,456.71,0
4432,10600.938,"Mount",0.526,-0.414,0.653,0.147,0.398,0.000,78,W,0,,,,768902,450.09,0
4433,10603.115,"Mount",-0.211,-0.207,-0.102,0.277,0.000,0.000,0,,0,,,,789658,435.09,0
4434,10605.592,"Mount",0.465,0.055,0.396,-0.250,0.250,0.000,49,W,0,,,,765678,453.25,0
4435,10607.771,"Mount",0.139,0.079,0.092,-0.131,0.000,0.000,0,,0,,,,775440,439.28,0
4436,10610.186,"Mount",0.362,0.063,0.299,-0.212,0.189,0.000,37,W,0,,,,768518,420.13,0
4437,10612.483,"Mount",-0.615,0.360,-0.710,-0.060,-0.434,0.000,85,E,0,,,,780826,478.13,0
4438,10614.835,"Mount",0.228,0.044,0.187,-0.138,0.000,0.000,0,,0,,,,815384,440.83,0
4439,10617.106,"Mount",0.593,0.015,0.529,-0.268,0.333,0.000,65,W,0,,,,811875,466.88,0
4440,10619.722,"Mount",0.470,0.384,0.259,-0.549,0.186,-0.549,36,W,112,N,,,768133,477.49,0
4441,10621.940,"Mount",0.058,0.284,-0.070,-0.282,0.000,0.000,0,,0,,,,789617,431.88,0
4442,10624.386,"Mount",-0.697,-0.052,-0.607,0.347,-0.382,0.000,75,E,0,,,,805354,440.09,0
4443,10626.590,"Mount",-0.155,-0.262,-0.027,0.303,0.000,0.000,0,,0,,,,802362,462.02,0
4444,10629.116,"Mount",1.167,-0.459,1.251,-0.088,0.788,0.000,154,W,0,,,,770821,455.73,0
4445,10631.442,"Mount",0.404,0.057,0.340,-0.225,0.269,0.000,53,W,0,,,,771413,476.86,0
4446,10633.774,"Mount",-0.105,-0.187,-0.014,0.214,0.000,0.000,0,,0,,,,772280,463.85,0
4447,10635.976,"Mount",0.119,-0.161,0.176,0.094,0.000,0.000,0,,0,,,,814522,471.10,0
4448,10638.458,"Mount",-0.822,0.130,-0.798,0.236,-0.503,0.000,98,E,0,,,,794710,452.56,0
4449,10640.738,"Mount",-0.627,-0.088,-0.528,0.349,-0.368,0.000,72,E,0,,,,812474,477.74,0
4450,10643.074,"Mount",-0.150,-0.622,0.132,0.626,0.000,0.000,0,,0,,,,771206,450.50,0
4451,10645.362,"Mount",0.495,-0.373,0.608,0.124,0.383,0.000,75,W,0,,,,800391,488.28,0
4452,10647.786,"Mount",-0.346,-0.160,-0.244,0.293,-0.127,0.000,25,E,0,,,,792959,468.79,0
4453,10650.012,"Mount",-0.145,-0.341,0.016,0.370,0.000,0.000,0,,0,,,,765930,435.34,0
4454,10653.634,"Mount",-0.520,-0.294,-0.343,0.489,-0.216,0.489,42,E,1152,S,,,768690,457.84,0
4455,10655.875,"Mount",0.129,-0.283,0.238,0.200,0.135,0.000,26,W,0,,,,797099,488.49,0
4456,10658.254,"Mount",0.109,-0.178,0.175,0.114,0.000,0.000,0,,0,,,,756401,427.98,0
4457,10660.634,"Mount",-0.538,-0.233,-0.386,0.442,-0.243,0.442,48,E,90,S,,,747592,427.37,0
4458,10662.984,"Mount",-0.052,0.069,-0.076,-0.040,0.000,0.000,0,,0,,,,777651,441.72,0
4459,10665.168,"Mount",-0.024,0.052,-0.044,-0.036,0.000,0.000,0,,0,,,,820577,478.39,0
4460,10667.528,"Mount",0.142,-0.002,0.129,-0.059,0.000,0.000,0,,0,,,,809800,459.61,0
4461,10669.762,"Mount",-0.199,0.193,-0.262,-0.089,-0.165,0.000,32,E,0,,,,792704,456.49,0
4462,10672.203,"Mount",0.591,0.131,0.478,-0.373,0.289,0.000,57,W,0,,,,758712,437.51,0
4463,10674.376,"Mount",-0.070,0.062,-0.090,-0.026,0.000,0.000,0,,0,,,,778982,482.44,0
4464,10676.810,"Mount",-0.443,0.247,-0.506,-0.032,-0.319,0.000,62,E,0,,,,798805,489.87,0
4465,10679.219,"Mount",-1.474,0.403,-1.504,0.270,-0.970,0.000,190,E,0,,,,807318,450.94,0
4466,10681.714,"Mount",-0.333,0.189,-0.382,-0.027,-0.309,0.000,60,E,0,,,,774286,456.61,0
4467,10683.885,"Mount",0.011,0.210,-0.081,-0.194,0.000,0.000,0,,0,,,,829512,488.45,0
4468,10686.306,"Mount",0.333,-0.055,0.324,-0.094,0.204,0.000,40,W,0,,,,788515,433.90,0
4469,10688.554,"Mount",0.348,0.124,0.261,-0.262,0.179,0.000,35,W,0,,,,778517,452.98,0
4470,10691.059,"Mount",-0.689,0.411,-0.799,-0.074,-0.491,0.000,96,E,0,,,,797282,454.40,0
4471,10693.322,"Mount",-0.240,0.198,-0.302,-0.075,-0.225,0.000,44,E,0,,,,768545,425.71,0
4472,10695.714,"Mount",0.252,-0.003,0.229,-0.106,0.129,0.000,25,W,0,,,,791917,446.17,0
4473,10697.888,"Mount",0.009,0.260,-0.103,-0.239,0.000,0.000,0,,0,,,,821216,456.35,0
4474,10700.234,"Mount",-0.227,0.046,-0.225,0.056,0.000,0.000,0,,0,,,,825478,491.39,0
4475,10702.498,"Mount",-0.457,0.086,-0.450,0.119,-0.283,0.000,55,E,0,,,,776386,515.55,0
4476,10704.846,"Mount",0.168,-0.020,0.160,-0.054,0.000,0.000,0,,0,,,,781360,403.04,0
4477,10707.015,"Mount",0.012,0.202,-0.077,-0.187,0.000,0.000,0,,0,,,,784958,506.57,0
4478,10709.475,"Mount",-0.221,0.327,-0.340,-0.200,-0.214,0.000,42,E,0,,,,762288,440.47,0
4479,10711.770,"Mount",0.377,0.123,0.287,-0.273,0.166,0.000,33,W,0,,,,801158,520.43,0
4480,10714.123,"Mount",-0.136,0.064,-0.150,0.000,0.000,0.000,0,,0,,,,781566,458.24,0
4481,10716.435,"Mount",-0.681,0.476,-0.820,-0.137,-0.516,0.000,101,E,0,,,,727279,421.27,0
4482,10718.882,"Mount",-0.456,0.126,-0.466,0.083,-0.330,0.000,65,E,0,,,,805119,424.28,0
4483,10721.070,"Mount",-0.034,0.178,-0.107,-0.146,0.000,0.000,0,,0,,,,784041,438.84,0
4484,10723.498,"Mount",0.230,-0.065,0.236,-0.040,0.149,0.000,29,W,0,,,,786199,455.41,0
4485,10725.818,"Mount",-0.541,0.433,-0.675,-0.157,-0.415,0.000,81,E,0,,,,767178,461.32,0
4486,10728.250,"Mount",0.436,0.212,0.302,-0.379,0.162,0.000,32,W,0,,,,767768,485.50,0
4487,10730.417,"Mount",0.122,0.042,0.092,-0.091,0.000,0.000,0,,0,,,,772943,485.36,0
4488,10732.785,"Mount",0.310,0.179,0.203,-0.295,0.000,0.000,0,,0,,,,745321,447.63,0
4489,10734.941,"Mount",-0.296,-0.149,-0.203,0.262,0.000,0.000,0,,0,,,,777909,433.44,0
4490,10737.309,"Mount",0.348,0.333,0.171,-0.450,0.000,0.000,0,,0,,,,768839,468.52,0
4491,10739.509,"Mount",0.053,0.296,-0.079,-0.290,0.000,0.000,0,,0,,,,810431,486.76,0
4492,10741.902,"Mount",-0.073,0.165,-0.137,-0.117,0.000,0.000,0,,0,,,,816678,452.08,0
4493,10745.258,"Mount",0.068,0.404,-0.112,-0.394,0.000,-0.394,0,,1132,N,,,798938,475.00,0
4494,10747.707,"Mount",-0.735,-0.457,-0.467,0.729,-0.294,0.000,58,E,0,,,,762906,408.84,0
4495,10749.883,"Mount",-0.267,-0.458,-0.044,0.529,0.000,0.000,0,,0,,,,776977,465.03,0
4496,10752.214,"Mount",-0.333,-0.522,-0.076,0.614,0.000,0.000,0,,0,,,,768474,416.51,0
4497,10754.469,"Mount",0.127,-0.680,0.408,0.559,0.257,0.000,50,W,0,,,,790348,461.91,0
4498,10758.098,"Mount",0.878,-0.810,1.142,0.353,0.737,0.353,144,W,1084,S,,,796264,417.62,0
4499,10760.594,"Mount",0.682,-0.856,0.984,0.479,0.671,0.479,131,W,98,S,,,780747,447.36,0
4500,10763.319,"Mount",-2.145,1.382,-2.531,-0.324,-1.547,0.000,303,E,0,,,,777442,411.70,0
4501,10765.842,"Mount",-1.822,1.154,-2.141,-0.258,-1.457,0.000,285,E,0,,,,761596,377.45,0
4502,10768.482,"Mount",0.627,-0.989,0.992,0.623,0.523,0.623,102,W,127,S,,,695613,353.00,0
4503,10770.988,"Mount",-2.231,0.983,-2.437,0.073,-1.499,0.000,294,E,0,,,,697222,354.73,0
4504,10773.530,"Mount",1.373,-0.344,1.387,-0.281,0.769,0.000,151,W,0,,,,743126,406.58,0
4505,10775.818,"Mount",0.620,0.138,0.500,-0.391,0.369,0.000,72,W,0,,,,759495,433.01,0
4506,10778.402,"Mount",1.347,-0.074,1.247,-0.513,0.812,0.000,159,W,0,,,,783439,399.37,0
4507,10780.698,"Mount",0.713,0.011,0.639,-0.317,0.459,0.000,90,W,0,,,,763522,454.06,0
4508,10783.046,"Mount",0.161,0.151,0.080,-0.205,0.000,0.000,0,,0,,,,819352,443.83,0
4509,10785.282,"Mount",0.215,0.237,0.092,-0.306,0.000,0.000,0,,0,,,,825996,503.68,0
4510,10787.630,"Mount",0.378,0.420,0.161,-0.542,0.000,0.000,0,,0,,,,771872,431.60,0
4511,10791.058,"Mount",0.666,0.343,0.453,-0.596,0.285,-0.596,56,W,1134,N,,,774222,457.02,0
4512,10793.618,"Mount",0.368,0.220,0.237,-0.357,0.169,-0.357,33,W,73,N,,,786062,433.59,0
4513,10795.946,"Mount",0.439,0.400,0.224,-0.550,0.000,-0.550,0,,112,N,,,779935,454.45,0
4514,10798.296,"Mount",-0.142,-0.048,-0.107,0.104,0.000,0.000,0,,0,,,,787246,442.87,0
4515,10800.465,"Mount",-0.146,-0.085,-0.095,0.139,0.000,0.000,0,,0,,,,778428,482.12,0
4516,10802.798,"Mount",-0.178,-0.029,-0.148,0.103,0.000,0.000,0,,0,,,,771721,444.58,0
4517,10805.116,"Mount",-0.412,-0.266,-0.257,0.417,-0.162,0.000,32,E,0,,,,753095,447.20,0
4518,10807.578,"Mount",-0.386,-0.085,-0.312,0.243,-0.208,0.000,41,E,0,,,,779922,437.21,0
4519,10809.851,"Mount",-0.415,-0.017,-0.367,0.194,-0.246,0.000,48,E,0,,,,750836,461.07,0
4520,10812.195,"Mount",-0.063,0.027,-0.069,0.003,0.000,0.000,0,,0,,,,767536,478.93,0
4521,10814.580,"Mount",-1.481,0.456,-1.533,0.226,-0.966,0.000,189,E,0,,,,778877,436.42,0
4522,10816.926,"Mount",0.101,0.067,0.062,-0.104,0.000,0.000,0,,0,,,,784344,481.81,0
4523,10819.099,"Mount",0.102,-0.152,0.158,0.094,0.000,0.000,0,,0,,,,777499,486.98,0
4524,10821.506,"Mount",-0.088,-0.003,-0.078,0.041,0.000,0.000,0,,0,,,,770979,442.07,0
4525,10823.672,"Mount",0.086,0.010,0.074,-0.046,0.000,0.000,0,,0,,,,812697,463.35,0
4526,10826.005,"Mount",-0.104,0.157,-0.161,-0.097,0.000,0.000,0,,0,,,,785802,456.96,0
4527,10828.258,"Mount",0.390,-0.065,0.380,-0.110,0.239,0.000,47,W,0,,,,771163,482.50,0
4528,10830.609,"Mount",-0.039,-0.014,-0.029,0.030,0.000,0.000,0,,0,,,,814486,462.43,0
4529,10832.874,"Mount",-0.477,0.046,-0.450,0.163,-0.284,0.000,56,E,0,,,,755881,450.96,0
4530,10835.322,"Mount",-0.221,0.162,-0.269,-0.051,-0.190,0.000,37,E,0,,,,804828,485.21,0
4531,10837.529,"Mount",-0.203,0.005,-0.185,0.083,0.000,0.000,0,,0,,,,796972,505.48,0
4532,10839.872,"Mount",0.136,-0.040,0.140,-0.022,0.000,0.000,0,,0,,,,844806,523.58,0
4533,10842.051,"Mount",-0.081,0.218,-0.167,-0.162,0.000,0.000,0,,0,,,,801936,438.21,0
4534,10844.424,"Mount",-0.049,0.191,-0.126,-0.152,0.000,0.000,0,,0,,,,805030,463.75,0
4535,10846.707,"Mount",-0.443,0.258,-0.511,-0.043,-0.322,0.000,63,E,0,,,,782475,514.28,0
4536,10849.154,"Mount",-0.321,0.273,-0.407,-0.108,-0.279,0.000,55,E,0,,,,751878,469.74,0
4537,10851.444,"Mount",-0.301,0.210,-0.362,-0.059,-0.248,0.000,49,E,0,,,,791708,459.56,0
4538,10853.793,"Mount",0.080,0.147,0.009,-0.167,0.000,0.000,0,,0,,,,793400,462.40,0
4539,10855.971,"Mount",0.067,-0.060,0.086,0.025,0.000,0.000,0,,0,,,,800406,462.84,0
4540,10858.320,"Mount",-0.140,0.153,-0.193,-0.078,0.000,0.000,0,,0,,,,811910,472.37,0
4541,10860.602,"Mount",0.600,-0.161,0.611,-0.113,0.385,0.000,75,W,0,,,,822404,485.30,0
4542,10863.074,"Mount",0.792,-0.048,0.736,-0.298,0.491,0.000,96,W,0,,,,759210,446.01,0
4543,10865.289,"Mount",-0.041,-0.056,-0.013,0.068,0.000,0.000,0,,0,,,,772538,407.47,0
4544,10867.707,"Mount",-0.725,-0.607,-0.393,0.860,-0.248,0.000,48,E,0,,,,788306,450.19,0
4545,10869.986,"Mount",-0.775,-0.394,-0.530,0.689,-0.351,0.000,69,E,0,,,,823066,466.17,0
4546,10873.595,"Mount",-0.568,-0.425,-0.330,0.628,-0.233,0.628,46,E,1140,S,,,777467,473.98,0
4547,10875.842,"Mount",-0.283,0.020,-0.264,0.104,-0.182,0.000,36,E,0,,,,802704,454.24,0
4548,10878.266,"Mount",0.352,0.099,0.275,-0.241,0.160,0.000,31,W,0,,,,809052,473.12,0
4549,10880.523,"Mount",0.305,-0.168,0.347,0.021,0.230,0.000,45,W,0,,,,768240,451.20,0
4550,10882.946,"Mount",0.427,0.204,0.298,-0.368,0.204,0.000,40,W,0,,,,794598,465.28,0
4551,10885.249,"Mount",0.726,0.228,0.558,-0.518,0.366,0.000,72,W,0,,,,792733,519.43,0
4552,10887.661,"Mount",0.161,0.469,-0.057,-0.493,0.000,0.000,0,,0,,,,822761,489.73,0
4553,10889.843,"Mount",0.326,0.191,0.212,-0.313,0.000,0.000,0,,0,,,,773437,458.09,0
4554,10892.267,"Mount",0.353,0.208,0.229,-0.339,0.144,0.000,28,W,0,,,,779622,444.00,0
4555,10895.586,"Mount",0.229,0.299,0.079,-0.368,0.000,-0.368,0,,1087,N,,,788436,482.43,0
4556,10898.024,"Mount",0.241,0.230,0.119,-0.311,0.000,0.000,0,,0,,,,813599,457.93,0
4557,10900.266,"Mount",0.346,0.113,0.264,-0.251,0.166,0.000,33,W,0,,,,794333,438.49,0
4558,10902.746,"Mount",-0.656,0.642,-0.868,-0.297,-0.535,0.000,105,E,0,,,,765883,489.14,0
4559,10904.916,"Mount",-0.050,0.157,-0.113,-0.120,0.000,0.000,0,,0,,,,786924,451.23,0
4560,10907.402,"Mount",0.297,0.035,0.253,-0.159,0.159,0.000,31,W,0,,,,789387,459.55,0
4561,10909.590,"Mount",-0.033,-0.187,0.051,0.183,0.000,0.000,0,,0,,,,774745,456.02,0
4562,10911.919,"Mount",-0.233,-0.153,-0.144,0.238,0.000,0.000,0,,0,,,,756214,456.49,0
4563,10914.226,"Mount",-0.774,0.301,-0.828,0.062,-0.522,0.000,102,E,0,,,,758811,442.60,0
4564,10916.707,"Mount",-0.773,-0.019,-0.690,0.350,-0.471,0.000,92,E,0,,,,811873,433.65,0
4565,10919.114,"Mount",0.581,0.186,0.444,-0.418,0.247,-0.418,48,W,85,N,,,796052,476.93,0
4566,10921.504,"Mount",0.183,-0.060,0.191,-0.025,0.000,0.000,0,,0,,,,776841,462.90,0
4567,10923.696,"Mount",-0.048,-0.093,-0.003,0.105,0.000,0.000,0,,0,,,,795392,445.35,0
4568,10926.048,"Mount",0.066,-0.022,0.069,-0.008,0.000,0.000,0,,0,,,,790353,468.53,0
4569,10928.371,"Mount",0.719,-0.217,0.743,-0.113,0.468,0.000,92,W,0,,,,789430,465.33,0
4570,10930.810,"Mount",-0.556,0.043,-0.521,0.200,-0.295,0.000,58,E,0,,,,604609,317.26,0
4571,10933.058,"Mount",-0.466,0.037,-0.437,0.167,-0.296,0.000,58,E,0,,,,695072,341.25,0
4572,10935.514,"Mount",-0.241,0.093,-0.258,0.019,-0.183,0.000,36,E,0,,,,763363,455.49,0
4573,10937.850,"Mount",-0.821,0.398,-0.912,-0.005,-0.588,0.000,115,E,0,,,,723445,381.70,0
4574,10940.282,"Mount",-0.295,-0.029,-0.254,0.154,-0.201,0.000,39,E,0,,,,799563,473.91,0
4575,10942.456,"Mount",-0.010,0.180,-0.086,-0.158,0.000,0.000,0,,0,,,,795066,482.83,0
4576,10944.811,"Mount",0.258,0.060,0.207,-0.165,0.000,0.000,0,,0,,,,794334,464.16,0
4577,10947.098,"Mount",0.677,-0.134,0.669,-0.170,0.421,0.000,83,W,0,,,,784474,498.61,0
4578,10949.691,"Mount",1.240,-0.232,1.219,-0.324,0.798,0.000,156,W,0,,,,756539,479.53,0
4579,10951.979,"Mount",0.572,0.017,0.509,-0.262,0.376,0.000,74,W,0,,,,797683,488.63,0
4580,10954.479,"Mount",0.737,-0.141,0.725,-0.190,0.483,0.000,95,W,0,,,,759722,458.21,0
4581,10956.673,"Mount",-0.011,0.147,-0.073,-0.128,0.000,0.000,0,,0,,,,814645,433.04,0
4582,10959.034,"Mount",-0.115,-0.238,-0.001,0.265,0.000,0.000,0,,0,,,,779697,468.42,0
4583,10961.275,"Mount",-0.053,0.054,-0.071,-0.026,0.000,0.000,0,,0,,,,805739,423.90,0
4584,10963.675,"Mount",-0.182,0.180,-0.242,-0.084,-0.152,0.000,30,E,0,,,,788175,473.73,0
4585,10965.862,"Mount",-0.004,0.140,-0.063,-0.125,0.000,0.000,0,,0,,,,786652,445.30,0
4586,10968.221,"Mount",-0.104,0.239,-0.197,-0.171,0.000,0.000,0,,0,,,,787119,462.82,0
4587,10970.523,"Mount",-0.255,0.297,-0.358,-0.158,-0.226,0.000,44,E,0,,,,766001,433.08,0
4588,10972.857,"Mount",0.176,0.178,0.082,-0.237,0.000,0.000,0,,0,,,,777714,483.01,0
4589,10975.098,"Mount",-0.271,0.211,-0.335,-0.074,-0.211,0.000,41,E,0,,,,774610,488.87,0
4590,10977.597,"Mount",-0.528,0.314,-0.612,-0.057,-0.400,0.000,78,E,0,,,,782706,461.16,0
4591,10979.772,"Mount",-0.119,0.248,-0.214,-0.172,0.000,0.000,0,,0,,,,799388,467.52,0
4592,10982.131,"Mount",-0.004,0.160,-0.072,-0.143,0.000,0.000,0,,0,,,,826655,487.01,0
4593,10984.293,"Mount",-0.092,0.229,-0.182,-0.167,0.000,0.000,0,,0,,,,776928,474.80,0
4594,10986.747,"Mount",-0.281,0.386,-0.420,-0.227,-0.265,0.000,52,E,0,,,,794909,469.00,0
4595,10988.994,"Mount",-0.127,0.362,-0.271,-0.272,-0.189,0.000,37,E,0,,,,757855,430.66,0
4596,10991.508,"Mount",-0.331,0.116,-0.348,0.038,-0.233,0.000,46,E,0,,,,786409,464.36,0
4597,10993.779,"Mount",-0.324,-0.074,-0.260,0.206,-0.180,0.000,35,E,0,,,,797057,484.05,0
4598,10996.226,"Mount",-0.048,0.246,-0.149,-0.202,0.000,0.000,0,,0,,,,781508,526.81,0
4599,10998.514,"Mount",-0.380,0.441,-0.533,-0.235,-0.336,0.000,66,E,0,,,,759915,463.72,0
4600,11000.874,"Mount",-0.221,0.014,-0.205,0.083,0.000,0.000,0,,0,,,,797231,455.08,0
4601,11003.139,"Mount",0.371,0.172,0.261,-0.314,0.164,0.000,32,W,0,,,,810368,431.48,0
INFO: SET LOCK POSITION, new lock pos = 29.717, 795.493
INFO: DITHER by 2.833, 3.026, new lock pos = 30.972, 791.542
INFO: SETTLING STATE CHANGE, Settling started
4602,11007.068,"Mount",-1.255,3.951,-2.833,-3.026,-2.833,-3.026,555,E,617,N,,,773831,451.02,0
4603,11010.242,"Mount",-0.133,3.541,-1.644,-3.139,-1.036,-3.139,203,E,640,N,,,777088,449.96,0
4604,11014.036,"Mount",-0.211,-1.634,0.513,1.566,0.250,1.566,49,W,1332,S,,,790609,439.19,0
4605,11016.506,"Mount",-0.580,-1.009,-0.090,1.161,0.000,1.161,0,,237,S,,,788401,417.28,0
4606,11018.963,"Mount",-0.271,0.704,-0.547,-0.519,-0.345,0.000,68,E,0,,,,766992,436.41,0
4607,11021.341,"Mount",0.428,0.281,0.266,-0.438,0.143,0.000,28,W,0,,,,810374,466.79,0
4608,11023.684,"Mount",0.434,0.601,0.133,-0.729,0.000,0.000,0,,0,,,,780503,455.73,0
4609,11025.851,"Mount",0.081,0.693,-0.225,-0.661,0.000,0.000,0,,0,,,,763221,483.08,0
4610,11028.300,"Mount",-0.330,0.490,-0.508,-0.300,-0.320,0.000,63,E,0,,,,773306,433.87,0
4611,11030.466,"Mount",0.176,0.291,0.034,-0.339,0.000,0.000,0,,0,,,,752788,457.41,0
4612,11032.939,"Mount",1.017,-0.006,0.920,-0.433,0.580,0.000,114,W,0,,,,784877,431.17,0
INFO: SETTLING STATE CHANGE, Settling complete
4613,11035.322,"Mount",1.457,-0.054,1.338,-0.579,0.884,0.000,173,W,0,,,,810204,470.46,0
4614,11039.011,"Mount",1.162,0.147,0.986,-0.633,0.683,-0.633,134,W,1141,N,,,784844,473.74,0
4615,11041.410,"Mount",-0.178,0.350,-0.311,-0.240,-0.148,0.000,29,E,0,,,,830171,501.46,0
4616,11043.757,"Mount",0.230,0.067,0.179,-0.160,0.000,0.000,0,,0,,,,757634,451.77,0
4617,11046.074,"Mount",0.700,-0.490,0.842,0.141,0.531,0.000,104,W,0,,,,828713,437.43,0
4618,11048.492,"Mount",-0.455,-0.045,-0.392,0.236,-0.210,0.000,41,E,0,,,,803367,471.45,0
4619,11050.670,"Mount",-0.127,0.077,-0.148,-0.014,0.000,0.000,0,,0,,,,797564,400.95,0
4620,11053.058,"Mount",-0.237,-0.376,-0.052,0.441,0.000,0.000,0,,0,,,,699553,344.23,0
4621,11055.306,"Mount",0.042,-0.615,0.302,0.537,0.190,0.000,37,W,0,,,,747619,419.54,0
4622,11057.644,"Mount",-0.151,-0.200,-0.050,0.246,0.000,0.000,0,,0,,,,804258,443.54,0
4623,11059.883,"Mount",0.196,-0.561,0.418,0.422,0.264,0.000,52,W,0,,,,794770,442.85,0
4624,11062.459,"Mount",1.312,-0.969,1.602,0.310,1.027,0.000,201,W,0,,,,756151,374.75,0
4625,11064.746,"Mount",0.380,-0.037,0.359,-0.130,0.298,0.000,58,W,0,,,,827104,457.60,0
4626,11067.194,"Mount",0.449,-0.257,0.516,0.039,0.346,0.000,68,W,0,,,,754208,411.31,0
4627,11069.482,"Mount",-0.268,0.203,-0.329,-0.068,-0.183,0.000,36,E,0,,,,803916,463.30,0
4628,11071.890,"Mount",-0.360,-0.085,-0.289,0.232,-0.195,0.000,38,E,0,,,,752805,439.32,0
4629,11074.056,"Mount",0.020,-0.010,0.022,0.001,0.000,0.000,0,,0,,,,789348,404.47,0
4630,11076.590,"Mount",1.120,-0.249,1.118,-0.257,0.705,0.000,138,W,0,,,,728407,451.33,0
4631,11078.874,"Mount",0.521,0.060,0.444,-0.279,0.329,0.000,64,W,0,,,,800543,447.67,0
4632,11081.395,"Mount",-0.815,0.060,-0.761,0.296,-0.457,0.000,89,E,0,,,,791060,452.44,0
4633,11083.814,"Mount",-1.331,0.686,-1.496,-0.046,-0.975,0.000,191,E,0,,,,788792,449.33,0
4634,11086.355,"Mount",0.335,0.112,0.254,-0.246,0.092,0.000,18,W,0,,,,810561,486.95,0
4635,11088.634,"Mount",0.615,-0.016,0.562,-0.250,0.360,0.000,71,W,0,,,,802676,468.13,0
4636,11090.984,"Mount",-0.169,0.062,-0.179,0.016,0.000,0.000,0,,0,,,,822535,427.06,0
4637,11093.274,"Mount",0.435,-0.218,0.486,0.010,0.306,0.000,60,W,0,,,,774564,431.73,0
4638,11095.731,"Mount",0.568,-0.126,0.567,-0.131,0.378,0.000,74,W,0,,,,782105,446.31,0
4639,11098.051,"Mount",0.783,-0.304,0.837,-0.063,0.554,0.000,109,W,0,,,,804856,496.40,0
4640,11100.394,"Mount",-0.169,0.026,-0.164,0.050,0.000,0.000,0,,0,,,,786762,465.07,0
4641,11102.634,"Mount",-0.283,-0.027,-0.244,0.146,-0.154,0.000,30,E,0,,,,848045,468.16,0
4642,11104.992,"Mount",0.055,-0.069,0.079,0.038,0.000,0.000,0,,0,,,,774273,450.46,0
4643,11107.267,"Mount",-0.441,-0.052,-0.375,0.236,-0.237,0.000,46,E,0,,,,790492,473.52,0
4644,11109.608,"Mount",0.144,-0.055,0.154,-0.013,0.000,0.000,0,,0,,,,777222,449.45,0
4645,11111.776,"Mount",0.256,0.191,0.149,-0.282,0.000,0.000,0,,0,,,,777610,426.94,0
4646,11114.195,"Mount",-0.419,-0.114,-0.329,0.284,-0.207,0.000,41,E,0,,,,765857,443.63,0
4647,11116.466,"Mount",0.472,-0.278,0.545,0.047,0.329,0.000,64,W,0,,,,801175,484.87,0
4648,11119.139,"Mount",-2.220,1.167,-2.507,-0.098,-1.556,0.000,305,E,0,,,,772512,434.68,0
4649,11121.459,"Mount",-0.333,0.193,-0.383,-0.031,-0.350,0.000,69,E,0,,,,812823,484.52,0
4650,11123.907,"Mount",0.559,-0.108,0.551,-0.143,0.323,0.000,63,W,0,,,,798381,476.96,0
4651,11126.210,"Mount",0.513,0.002,0.462,-0.223,0.314,0.000,61,W,0,,,,773682,437.45,0
4652,11128.626,"Mount",-0.230,0.170,-0.281,-0.054,-0.155,0.000,30,E,0,,,,758956,433.59,0
4653,11130.882,"Mount",-0.174,0.408,-0.333,-0.293,-0.220,0.000,43,E,0,,,,816004,474.17,0
4654,11133.346,"Mount",-0.467,0.414,-0.600,-0.173,-0.393,0.000,77,E,0,,,,736832,477.28,0
4655,11135.810,"Mount",0.600,0.108,0.495,-0.356,0.285,-0.356,56,W,73,N,,,794329,445.16,0
4656,11138.259,"Mount",-0.297,0.111,-0.316,0.027,-0.179,0.000,35,E,0,,,,799928,434.55,0
4657,11140.434,"Mount",-0.108,0.169,-0.170,-0.106,0.000,0.000,0,,0,,,,800292,473.29,0
4658,11143.010,"Mount",-0.993,0.513,-1.117,-0.035,-0.704,0.000,138,E,0,,,,761907,443.33,0
4659,11145.302,"Mount",0.452,-0.231,0.507,0.014,0.270,0.000,53,W,0,,,,770094,405.78,0
4660,11147.754,"Mount",-0.596,0.262,-0.651,0.020,-0.391,0.000,77,E,0,,,,815764,440.11,0
4661,11149.935,"Mount",0.091,0.091,0.043,-0.121,0.000,0.000,0,,0,,,,778064,452.95,0
4662,11152.331,"Mount",-0.244,0.156,-0.287,-0.036,-0.181,0.000,35,E,0,,,,768471,494.11,0
4663,11154.583,"Mount",-0.417,0.065,-0.404,0.121,-0.267,0.000,52,E,0,,,,800346,416.00,0
4664,11156.994,"Mount",0.262,-0.043,0.255,-0.074,0.142,0.000,28,W,0,,,,787648,505.21,0
4665,11159.211,"Mount",0.037,0.042,0.016,-0.054,0.000,0.000,0,,0,,,,805106,442.49,0
4666,11161.684,"Mount",0.266,-0.113,0.289,-0.013,0.182,0.000,36,W,0,,,,758278,445.92,0
4667,11164.003,"Mount",0.887,-0.256,0.911,-0.150,0.586,0.000,115,W,0,,,,815491,449.70,0
4668,11166.474,"Mount",-0.650,0.471,-0.789,-0.145,-0.456,0.000,89,E,0,,,,784986,432.34,0
4669,11168.731,"Mount",-0.134,0.345,-0.270,-0.254,-0.202,0.000,40,E,0,,,,823987,446.99,0
4670,11171.087,"Mount",0.078,0.170,-0.003,-0.187,0.000,0.000,0,,0,,,,791895,423.55,0
4671,11173.339,"Mount",0.242,-0.055,0.242,-0.054,0.153,0.000,30,W,0,,,,797561,442.33,0
4672,11175.779,"Mount",-0.433,0.472,-0.593,-0.240,-0.363,0.000,71,E,0,,,,744264,437.76,0
4673,11177.957,"Mount",0.268,0.186,0.162,-0.283,0.000,0.000,0,,0,,,,825100,494.04,0
4674,11180.387,"Mount",0.456,0.004,0.410,-0.200,0.258,0.000,51,W,0,,,,805557,486.37,0
4675,11182.699,"Mount",0.805,-0.047,0.746,-0.304,0.488,0.000,96,W,0,,,,756781,419.58,0
4676,11185.132,"Mount",0.319,0.042,0.270,-0.175,0.204,0.000,40,W,0,,,,799184,480.70,0
4677,11187.506,"Mount",0.405,0.097,0.324,-0.262,0.218,0.000,43,W,0,,,,793438,477.72,0
4678,11189.853,"Mount",0.270,0.112,0.196,-0.217,0.000,0.000,0,,0,,,,758919,459.88,0
4679,11192.017,"Mount",0.095,0.216,-0.007,-0.235,0.000,0.000,0,,0,,,,759349,463.36,0
4680,11194.360,"Mount",0.139,0.127,0.071,-0.174,0.000,0.000,0,,0,,,,796153,460.17,0
4681,11196.550,"Mount",-0.062,-0.032,-0.042,0.055,0.000,0.000,0,,0,,,,813173,438.39,0
4682,11199.037,"Mount",-0.632,0.651,-0.850,-0.315,-0.536,0.000,105,E,0,,,,819546,455.20,0
4683,11201.261,"Mount",-0.026,0.202,-0.110,-0.171,0.000,0.000,0,,0,,,,749960,417.42,0
4684,11203.755,"Mount",0.561,-0.017,0.514,-0.226,0.324,0.000,63,W,0,,,,839075,490.47,0
4685,11206.026,"Mount",0.562,-0.010,0.512,-0.233,0.345,0.000,68,W,0,,,,775003,469.13,0
4686,11208.376,"Mount",0.073,0.289,-0.058,-0.293,0.000,0.000,0,,0,,,,765929,503.62,0
4687,11210.683,"Mount",-0.730,0.397,-0.829,-0.044,-0.523,0.000,102,E,0,,,,849920,510.77,0
4688,11213.131,"Mount",-0.523,0.056,-0.496,0.175,-0.349,0.000,68,E,0,,,,799368,479.90,0
4689,11215.410,"Mount",0.509,-0.108,0.506,-0.121,0.294,0.000,58,W,0,,,,803799,447.19,0
4690,11217.763,"Mount",0.089,0.200,-0.006,-0.219,0.000,0.000,0,,0,,,,807265,416.17,0
4691,11220.075,"Mount",-0.754,0.360,-0.835,-0.001,-0.526,0.000,103,E,0,,,,800349,477.26,0
4692,11222.523,"Mount",0.286,0.259,0.147,-0.357,0.000,-0.357,0,,73,N,,,764203,473.45,0
4693,11224.702,"Mount",0.299,0.103,0.225,-0.221,0.000,0.000,0,,0,,,,775000,446.80,0
4694,11227.050,"Mount",0.004,-0.084,0.040,0.074,0.000,0.000,0,,0,,,,776249,489.74,0
4695,11229.316,"Mount",0.326,-0.082,0.329,-0.066,0.207,0.000,41,W,0,,,,803664,472.29,0
4696,11231.702,"Mount",-0.159,-0.050,-0.122,0.114,0.000,0.000,0,,0,,,,817841,487.66,0
4697,11234.139,"Mount",-1.776,0.499,-1.818,0.314,-1.145,0.000,224,E,0,,,,801132,459.14,0
4698,11236.538,"Mount",0.020,-0.494,0.231,0.438,0.065,0.000,13,W,0,,,,784976,410.89,0
4699,11238.795,"Mount",-0.270,-0.037,-0.228,0.149,-0.139,0.000,27,E,0,,,,767344,379.78,0
4700,11241.230,"Mount",-0.498,-0.343,-0.302,0.524,-0.200,0.000,39,E,0,,,,797008,459.68,0
4701,11243.523,"Mount",0.157,-0.467,0.342,0.354,0.202,0.000,40,W,0,,,,818234,454.83,0
4702,11245.979,"Mount",0.480,-0.371,0.593,0.129,0.388,0.000,76,W,0,,,,764880,496.02,0
4703,11249.387,"Mount",-0.611,-0.130,-0.495,0.380,-0.285,0.380,56,E,1090,S,,,730058,395.31,0
4704,11251.915,"Mount",1.061,0.181,0.880,-0.620,0.534,0.000,105,W,0,,,,764097,426.71,0
4705,11254.235,"Mount",0.885,-0.060,0.824,-0.327,0.557,0.000,109,W,0,,,,805687,514.58,0
4706,11256.690,"Mount",0.467,0.071,0.391,-0.265,0.285,0.000,56,W,0,,,,792748,441.50,0
4707,11258.872,"Mount",0.258,0.562,-0.009,-0.618,0.000,0.000,0,,0,,,,814313,454.41,0
4708,11261.275,"Mount",0.161,0.267,0.030,-0.310,0.000,0.000,0,,0,,,,777718,453.91,0
4709,11263.482,"Mount",0.134,0.384,-0.044,-0.404,0.000,0.000,0,,0,,,,808157,488.13,0
4710,11265.994,"Mount",-0.555,0.726,-0.814,-0.416,-0.513,0.000,100,E,0,,,,791268,487.92,0
4711,11269.323,"Mount",0.342,0.316,0.173,-0.433,0.000,-0.433,0,,1100,N,,,799856,515.81,0
4712,11271.708,"Mount",0.114,0.111,0.055,-0.149,0.000,0.000,0,,0,,,,730083,459.25,0
4713,11273.872,"Mount",0.230,0.013,0.202,-0.110,0.000,0.000,0,,0,,,,767626,488.55,0
4714,11276.419,"Mount",-0.902,0.646,-1.092,-0.195,-0.688,0.000,135,E,0,,,,781260,483.82,0
4715,11278.699,"Mount",-0.122,0.279,-0.230,-0.199,-0.193,0.000,38,E,0,,,,819787,481.85,0
4716,11281.054,"Mount",0.211,0.185,0.111,-0.258,0.000,0.000,0,,0,,,,788584,481.01,0
4717,11283.323,"Mount",0.581,0.001,0.524,-0.251,0.330,0.000,65,W,0,,,,807561,438.72,0
4718,11285.803,"Mount",-0.595,0.447,-0.730,-0.147,-0.437,0.000,86,E,0,,,,775521,398.44,0
4719,11288.131,"Mount",-0.583,0.450,-0.720,-0.155,-0.484,0.000,95,E,0,,,,765906,487.80,0
4720,11290.611,"Mount",-0.375,-0.050,-0.317,0.207,-0.234,0.000,46,E,0,,,,804329,439.39,0
4721,11292.867,"Mount",0.244,-0.068,0.249,-0.044,0.141,0.000,28,W,0,,,,758494,425.74,0
4722,11295.216,"Mount",0.185,0.009,0.163,-0.088,0.000,0.000,0,,0,,,,805009,433.67,0
4723,11297.422,"Mount",0.173,0.176,0.081,-0.233,0.000,0.000,0,,0,,,,761179,475.37,0
4724,11299.859,"Mount",-0.346,0.257,-0.423,-0.083,-0.266,0.000,52,E,0,,,,778990,420.79,0
4725,11302.123,"Mount",-0.197,0.256,-0.289,-0.146,-0.200,0.000,39,E,0,,,,836162,448.24,0
4726,11304.467,"Mount",-0.003,0.056,-0.027,-0.049,0.000,0.000,0,,0,,,,777929,463.91,0
4727,11306.638,"Mount",-0.027,-0.075,0.008,0.079,0.000,0.000,0,,0,,,,721793,446.31,0
4728,11309.091,"Mount",-0.577,0.174,-0.596,0.091,-0.375,0.000,74,E,0,,,,767450,427.21,0
4729,11311.483,"Mount",-0.239,0.212,-0.307,-0.088,-0.220,0.000,43,E,0,,,,820937,428.20,0
4730,11313.947,"Mount",-0.568,0.213,-0.605,0.052,-0.396,0.000,78,E,0,,,,782732,402.95,0
4731,11316.235,"Mount",0.494,0.041,0.428,-0.250,0.242,0.000,47,W,0,,,,785748,462.30,0
4732,11318.739,"Mount",-0.910,0.207,-0.910,0.205,-0.557,0.000,109,E,0,,,,620197,287.00,0
4733,11321.324,"Mount",-2.693,0.533,-2.660,0.678,-1.715,0.000,336,E,0,,,,591640,265.27,0
4734,11323.780,"Mount",0.564,-0.315,0.644,0.042,0.286,0.000,56,W,0,,,,781884,419.62,0
4735,11326.092,"Mount",0.387,-0.365,0.506,0.162,0.339,0.000,66,W,0,,,,794446,386.57,0
4736,11328.515,"Mount",-0.022,-0.636,0.254,0.584,0.184,0.000,36,W,0,,,,766301,371.55,0
4737,11330.678,"Mount",-0.137,-0.153,-0.058,0.197,0.000,0.000,0,,0,,,,792549,399.36,0
4738,11334.354,"Mount",1.035,-1.026,1.376,0.481,0.867,0.481,170,W,1110,S,,,811264,402.29,0
4739,11336.731,"Mount",1.103,-0.474,1.199,-0.046,0.816,0.000,160,W,0,,,,809239,416.92,0
4740,11339.077,"Mount",0.287,0.160,0.190,-0.268,0.000,0.000,0,,0,,,,771566,478.50,0
4741,11341.379,"Mount",-0.553,0.421,-0.681,-0.142,-0.429,0.000,84,E,0,,,,756786,417.94,0
4742,11343.939,"Mount",1.547,-0.049,1.417,-0.622,0.863,0.000,169,W,0,,,,806678,483.69,0
4743,11346.134,"Mount",0.115,0.180,0.026,-0.212,0.000,0.000,0,,0,,,,745025,484.49,0
4744,11348.571,"Mount",0.552,0.196,0.414,-0.414,0.261,0.000,51,W,0,,,,814018,534.05,0
4745,11350.737,"Mount",0.385,0.342,0.200,-0.474,0.000,0.000,0,,0,,,,845430,463.17,0
4746,11354.283,"Mount",0.492,0.157,0.376,-0.353,0.237,-0.353,46,W,1084,N,,,836936,437.87,0
4747,11356.571,"Mount",0.637,0.076,0.542,-0.342,0.358,0.000,70,W,0,,,,818467,472.66,0
4748,11358.987,"Mount",0.182,-0.162,0.234,0.068,0.172,0.000,34,W,0,,,,767051,437.14,0
4749,11361.175,"Mount",0.165,0.093,0.109,-0.155,0.000,0.000,0,,0,,,,776792,467.76,0
4750,11363.507,"Mount",-0.138,-0.092,-0.085,0.143,0.000,0.000,0,,0,,,,801620,430.01,0
4751,11365.763,"Mount",-0.359,0.185,-0.403,-0.012,-0.254,0.000,50,E,0,,,,816377,480.52,0
4752,11368.219,"Mount",0.645,0.030,0.569,-0.305,0.341,0.000,67,W,0,,,,823060,480.23,0
4753,11370.388,"Mount",0.307,0.186,0.197,-0.300,0.000,0.000,0,,0,,,,800017,437.41,0
4754,11372.811,"Mount",0.446,0.091,0.363,-0.274,0.229,0.000,45,W,0,,,,778308,422.61,0
4755,11374.990,"Mount",0.029,0.224,-0.071,-0.215,0.000,0.000,0,,0,,,,773260,455.09,0
4756,11377.397,"Mount",0.189,0.288,0.046,-0.341,0.000,0.000,0,,0,,,,790500,437.11,0
4757,11379.591,"Mount",0.115,0.162,0.034,-0.195,0.000,0.000,0,,0,,,,804506,474.40,0
4758,11381.929,"Mount",0.107,0.115,0.048,-0.150,0.000,0.000,0,,0,,,,770478,446.25,0
4759,11384.235,"Mount",-0.683,0.539,-0.848,-0.192,-0.535,0.000,105,E,0,,,,754047,443.01,0
4760,11386.707,"Mount",-0.449,-0.009,-0.402,0.201,-0.290,0.000,57,E,0,,,,793622,414.85,0
4761,11388.955,"Mount",-0.195,0.158,-0.244,-0.059,-0.174,0.000,34,E,0,,,,789065,421.29,0
4762,11391.419,"Mount",-0.154,0.317,-0.276,-0.220,-0.186,0.000,36,E,0,,,,780194,445.69,0
4763,11393.676,"Mount",-0.232,0.332,-0.352,-0.200,-0.235,0.000,46,E,0,,,,784473,478.21,0
4764,11396.139,"Mount",0.638,-0.012,0.581,-0.264,0.349,0.000,68,W,0,,,,821357,500.47,0
4765,11398.316,"Mount",0.149,0.114,0.086,-0.167,0.000,0.000,0,,0,,,,796811,472.54,0
4766,11400.647,"Mount",0.320,0.226,0.192,-0.341,0.000,0.000,0,,0,,,,750238,437.23,0
4767,11402.806,"Mount",-0.140,-0.062,-0.100,0.116,0.000,0.000,0,,0,,,,816255,488.56,0
4768,11405.143,"Mount",-0.037,0.072,-0.064,-0.049,0.000,0.000,0,,0,,,,779932,463.84,0
4769,11407.523,"Mount",-0.788,0.243,-0.816,0.119,-0.514,0.000,101,E,0,,,,744154,425.36,0
4770,11409.963,"Mount",-0.318,0.317,-0.423,-0.149,-0.303,0.000,59,E,0,,,,818890,468.37,0
4771,11412.136,"Mount",0.147,-0.166,0.204,0.087,0.000,0.000,0,,0,,,,771005,412.89,0
4772,11414.667,"Mount",-0.561,0.413,-0.684,-0.131,-0.431,0.000,84,E,0,,,,774971,499.51,0
4773,11416.899,"Mount",0.260,-0.059,0.261,-0.059,0.134,0.000,26,W,0,,,,776753,477.46,0
4774,11419.363,"Mount",0.601,-0.117,0.593,-0.153,0.383,0.000,75,W,0,,,,816679,440.13,0
4775,11421.707,"Mount",-0.613,0.233,-0.653,0.054,-0.385,0.000,75,E,0,,,,801841,421.61,0
4776,11424.139,"Mount",0.600,-0.008,0.545,-0.251,0.317,0.000,62,W,0,,,,760479,463.99,0
4777,11426.475,"Mount",-0.878,0.225,-0.889,0.175,-0.538,0.000,105,E,0,,,,766232,444.44,0
4778,11428.955,"Mount",-0.523,0.509,-0.691,-0.234,-0.473,0.000,93,E,0,,,,787114,447.50,0
4779,11431.158,"Mount",0.252,0.049,0.206,-0.153,0.000,0.000,0,,0,,,,800859,426.62,0
4780,11433.580,"Mount",0.358,0.033,0.309,-0.184,0.195,0.000,38,W,0,,,,788489,427.05,0
4781,11435.759,"Mount",0.088,0.325,-0.061,-0.331,0.000,0.000,0,,0,,,,790406,478.59,0
4782,11438.187,"Mount",0.256,0.003,0.230,-0.113,0.145,0.000,28,W,0,,,,783422,466.47,0
4783,11440.435,"Mount",0.303,-0.197,0.359,0.048,0.236,0.000,46,W,0,,,,783716,470.96,0
4784,11443.058,"Mount",-0.592,0.766,-0.864,-0.436,-0.528,-0.436,103,E,89,N,,,818533,463.27,0
4785,11445.418,"Mount",-0.294,0.378,-0.428,-0.215,-0.307,0.000,60,E,0,,,,814663,441.00,0
4786,11447.859,"Mount",-0.328,0.156,-0.363,0.001,-0.250,0.000,49,E,0,,,,804638,423.48,0
4787,11450.122,"Mount",-0.372,0.315,-0.472,-0.124,-0.315,0.000,62,E,0,,,,777027,471.57,0
4788,11452.539,"Mount",-0.233,0.167,-0.282,-0.051,-0.200,0.000,39,E,0,,,,775368,405.25,0
4789,11454.915,"Mount",-1.097,0.536,-1.221,-0.012,-0.783,0.000,153,E,0,,,,750227,368.10,0
4790,11457.334,"Mount",0.340,-0.045,0.326,-0.105,0.151,0.000,30,W,0,,,,815423,493.67,0
4791,11459.635,"Mount",0.379,-0.095,0.383,-0.077,0.252,0.000,49,W,0,,,,787210,452.11,0
4792,11462.059,"Mount",-0.406,-0.018,-0.359,0.191,-0.208,0.000,41,E,0,,,,790400,450.11,0
4793,11464.243,"Mount",0.210,0.011,0.185,-0.101,0.000,0.000,0,,0,,,,745947,415.95,0
4794,11466.590,"Mount",0.215,0.136,0.136,-0.216,0.000,0.000,0,,0,,,,763658,397.68,0
4795,11468.759,"Mount",-0.039,-0.193,0.047,0.191,0.000,0.000,0,,0,,,,769060,429.26,0
4796,11471.284,"Mount",-0.735,0.573,-0.910,-0.201,-0.574,0.000,112,E,0,,,,758222,468.79,0
4797,11473.486,"Mount",-0.195,-0.066,-0.148,0.144,0.000,0.000,0,,0,,,,805496,483.29,0
4798,11475.833,"Mount",0.021,-0.171,0.093,0.146,0.000,0.000,0,,0,,,,778595,396.29,0
4799,11478.003,"Mount",0.125,0.073,0.081,-0.120,0.000,0.000,0,,0,,,,733140,379.58,0
4800,11480.348,"Mount",-0.056,0.023,-0.060,0.004,0.000,0.000,0,,0,,,,773513,416.90,0
4801,11482.635,"Mount",0.636,-0.190,0.655,-0.102,0.413,0.000,81,W,0,,,,783933,406.88,0
4802,11485.155,"Mount",0.907,-0.442,1.009,0.009,0.664,0.000,130,W,0,,,,749535,424.65,0
4803,11487.376,"Mount",-0.011,0.037,-0.026,-0.029,0.000,0.000,0,,0,,,,822227,456.57,0
4804,11489.795,"Mount",-0.238,0.147,-0.278,-0.030,-0.175,0.000,34,E,0,,,,789944,480.32,0
4805,11492.052,"Mount",-0.354,-0.025,-0.309,0.175,-0.207,0.000,41,E,0,,,,795239,465.86,0
4806,11494.547,"Mount",-0.845,0.237,-0.864,0.150,-0.559,0.000,110,E,0,,,,793303,448.35,0
4807,11496.729,"Mount",-0.186,-0.124,-0.115,0.192,0.000,0.000,0,,0,,,,801884,475.68,0
4808,11499.075,"Mount",-0.108,-0.062,-0.071,0.103,0.000,0.000,0,,0,,,,777880,437.81,0
4809,11501.412,"Mount",0.538,-0.222,0.581,-0.031,0.366,0.000,72,W,0,,,,787702,447.28,0
4810,11503.843,"Mount",0.467,0.110,0.374,-0.300,0.261,0.000,51,W,0,,,,827467,478.96,0
4811,11506.143,"Mount",0.362,0.084,0.290,-0.232,0.201,0.000,39,W,0,,,,820214,493.66,0
4812,11508.496,"Mount",0.160,0.134,0.087,-0.189,0.000,0.000,0,,0,,,,760035,464.97,0
4813,11510.747,"Mount",-0.436,0.069,-0.423,0.125,-0.266,0.000,52,E,0,,,,746273,427.68,0
4814,11513.323,"Mount",-1.851,0.000,-1.671,0.797,-1.072,0.000,210,E,0,,,,698888,328.75,0
4815,11515.643,"Mount",0.613,-0.528,0.781,0.212,0.417,0.000,82,W,0,,,,715654,331.78,0
4816,11518.021,"Mount",0.038,-0.125,0.088,0.096,0.000,0.000,0,,0,,,,823813,462.27,0
4817,11520.189,"Mount",0.039,-0.115,0.085,0.087,0.000,0.000,0,,0,,,,749942,430.54,0
4818,11522.644,"Mount",0.572,-0.289,0.641,0.014,0.404,0.000,79,W,0,,,,734339,410.17,0
4819,11524.979,"Mount",0.549,-1.123,0.979,0.778,0.645,0.000,126,W,0,,,,732038,455.62,0
4820,11527.364,"Mount",-0.021,-0.136,0.039,0.132,0.000,0.000,0,,0,,,,761025,373.26,0
4821,11529.558,"Mount",0.168,0.028,0.140,-0.097,0.000,0.000,0,,0,,,,775612,456.44,0
4822,11532.003,"Mount",-0.535,0.043,-0.502,0.191,-0.316,0.000,62,E,0,,,,825949,444.56,0
4823,11534.197,"Mount",-0.150,0.077,-0.169,-0.004,0.000,0.000,0,,0,,,,778293,473.36,0
4824,11536.536,"Mount",-0.072,0.018,-0.073,0.015,0.000,0.000,0,,0,,,,774785,430.86,0
4825,11538.803,"Mount",-0.364,0.177,-0.405,-0.003,-0.255,0.000,50,E,0,,,,769173,414.90,0
4826,11541.263,"Mount",-0.482,-0.092,-0.396,0.291,-0.267,0.000,52,E,0,,,,805662,441.29,0
4827,11543.571,"Mount",-0.442,0.094,-0.440,0.105,-0.296,0.000,58,E,0,,,,790591,431.37,0
4828,11546.011,"Mount",0.472,-0.172,0.500,-0.048,0.294,0.000,58,W,0,,,,797916,470.20,0
4829,11548.259,"Mount",0.317,0.083,0.250,-0.211,0.178,0.000,35,W,0,,,,788374,471.49,0
4830,11550.707,"Mount",0.450,-0.169,0.479,-0.041,0.314,0.000,62,W,0,,,,766187,457.28,0
4831,11552.963,"Mount",0.286,-0.273,0.376,0.123,0.259,0.000,51,W,0,,,,741381,381.91,0
4832,11555.507,"Mount",-0.765,0.298,-0.819,0.060,-0.498,0.000,97,E,0,,,,819457,534.53,0
4833,11557.811,"Mount",-0.609,0.301,-0.679,-0.010,-0.463,0.000,91,E,0,,,,760397,446.37,0
4834,11560.283,"Mount",0.591,-0.771,0.865,0.441,0.513,0.000,100,W,0,,,,753060,325.59,0
4835,11562.456,"Mount",-0.028,0.116,-0.075,-0.093,0.000,0.000,0,,0,,,,802647,493.20,0
4836,11564.996,"Mount",-1.005,0.481,-1.114,-0.002,-0.702,0.000,138,E,0,,,,838688,477.46,0
4837,11567.307,"Mount",-0.211,0.207,-0.280,-0.096,-0.225,0.000,44,E,0,,,,782126,450.34,0
4838,11569.693,"Mount",0.223,0.147,0.138,-0.229,0.000,0.000,0,,0,,,,798634,472.67,0
4839,11571.979,"Mount",0.187,-0.833,0.528,0.672,0.332,0.000,65,W,0,,,,783065,417.59,0
4840,11574.321,"Mount",0.114,0.007,0.100,-0.055,0.000,0.000,0,,0,,,,793139,455.42,0
4841,11576.571,"Mount",0.360,0.060,0.299,-0.209,0.188,0.000,37,W,0,,,,778753,424.31,0
4842,11578.923,"Mount",-0.075,-0.003,-0.066,0.035,0.000,0.000,0,,0,,,,806601,401.03,0
4843,11581.195,"Mount",-0.400,0.071,-0.392,0.108,-0.247,0.000,48,E,0,,,,780227,503.25,0
4844,11583.643,"Mount",-0.435,0.285,-0.515,-0.070,-0.342,0.000,67,E,0,,,,794351,431.32,0
4845,11585.818,"Mount",-0.174,0.038,-0.174,0.041,0.000,0.000,0,,0,,,,783790,482.52,0
4846,11588.175,"Mount",-0.165,0.020,-0.158,0.053,0.000,0.000,0,,0,,,,788464,428.71,0
4847,11590.458,"Mount",-0.213,-0.160,-0.123,0.237,0.000,0.000,0,,0,,,,780256,426.42,0
4848,11592.807,"Mount",-0.066,0.109,-0.106,-0.070,0.000,0.000,0,,0,,,,795697,438.93,0
4849,11595.099,"Mount",-0.605,0.248,-0.653,0.037,-0.411,0.000,81,E,0,,,,748816,439.31,0
4850,11597.635,"Mount",-0.710,0.250,-0.749,0.080,-0.501,0.000,98,E,0,,,,776259,437.93,0
4851,11599.955,"Mount",-0.875,0.060,-0.816,0.323,-0.549,0.000,108,E,0,,,,797304,467.87,0
4852,11602.297,"Mount",0.007,-0.050,0.028,0.042,0.000,0.000,0,,0,,,,801033,442.23,0
4853,11604.594,"Mount",-0.540,0.281,-0.608,-0.021,-0.383,0.000,75,E,0,,,,815019,445.18,0
4854,11607.035,"Mount",0.374,-0.299,0.466,0.109,0.267,0.000,52,W,0,,,,760302,415.03,0
4855,11609.307,"Mount",0.226,-0.104,0.249,-0.004,0.175,0.000,34,W,0,,,,792152,448.44,0
4856,11611.787,"Mount",0.572,-0.148,0.580,-0.113,0.378,0.000,74,W,0,,,,792427,446.74,0
4857,11613.957,"Mount",0.225,-0.027,0.215,-0.073,0.000,0.000,0,,0,,,,809600,480.92,0
4858,11616.379,"Mount",-0.274,0.047,-0.267,0.075,-0.168,0.000,33,E,0,,,,772403,450.20,0
4859,11618.763,"Mount",-1.444,0.131,-1.360,0.503,-0.869,0.000,170,E,0,,,,726595,416.47,0
4860,11621.355,"Mount",-0.439,0.070,-0.426,0.126,-0.329,0.000,64,E,0,,,,809425,495.74,0
4861,11623.635,"Mount",-0.533,-0.121,-0.429,0.339,-0.293,0.000,57,E,0,,,,806449,433.70,0
4862,11625.983,"Mount",-0.107,0.065,-0.125,-0.013,0.000,0.000,0,,0,,,,807515,436.62,0
4863,11628.259,"Mount",0.399,-0.016,0.367,-0.158,0.231,0.000,45,W,0,,,,802392,465.89,0
4864,11630.723,"Mount",0.561,-0.107,0.553,-0.145,0.364,0.000,71,W,0,,,,784505,394.78,0
4865,11632.995,"Mount",0.400,0.004,0.360,-0.176,0.252,0.000,49,W,0,,,,781482,420.21,0
4866,11635.483,"Mount",0.336,-0.561,0.545,0.362,0.361,0.000,71,W,0,,,,808464,461.78,0
4867,11637.747,"Mount",0.040,-0.526,0.263,0.457,0.191,0.000,37,W,0,,,,751810,451.42,0
4868,11640.211,"Mount",-0.516,0.382,-0.630,-0.123,-0.384,0.000,75,E,0,,,,825019,488.64,0
INFO: SET LOCK POSITION, new lock pos = 30.972, 791.542
INFO: DITHER by 0.199, -1.980, new lock pos = 32.004, 793.245
INFO: SETTLING STATE CHANGE, Settling started
4869,11644.242,"Mount",-1.032,-1.702,-0.199,1.980,-0.199,1.980,39,E,1416,S,,,798096,413.79,0
4870,11646.659,"Mount",0.324,-0.187,0.373,0.029,0.235,0.000,46,W,0,,,,748567,465.31,0
4871,11648.915,"Mount",0.365,-0.273,0.447,0.089,0.298,0.000,58,W,0,,,,771761,425.91,0
4872,11651.320,"Mount",0.058,-0.252,0.161,0.203,0.000,0.000,0,,0,,,,765040,427.60,0
4873,11653.571,"Mount",-0.461,-0.378,-0.253,0.540,-0.159,0.000,31,E,0,,,,813599,463.29,0
4874,11656.051,"Mount",0.651,-0.706,0.892,0.357,0.551,0.000,108,W,0,,,,758278,449.40,0
INFO: SETTLING STATE CHANGE, Settling complete
4875,11658.355,"Mount",0.567,-0.579,0.761,0.278,0.518,0.000,101,W,0,,,,736404,439.97,0
4876,11660.915,"Mount",0.522,-0.580,0.721,0.298,0.490,0.000,96,W,0,,,,821704,510.94,0
4877,11663.227,"Mount",-0.426,0.024,-0.395,0.162,-0.215,0.000,42,E,0,,,,742695,451.56,0
4878,11665.643,"Mount",0.133,-0.252,0.228,0.171,0.129,0.000,25,W,0,,,,810873,541.93,0
4879,11668.067,"Mount",-0.665,-0.337,-0.456,0.590,-0.278,0.590,54,E,120,S,,,755516,448.44,0
4880,11670.507,"Mount",-0.318,0.452,-0.482,-0.271,-0.323,0.000,63,E,0,,,,739110,414.01,0
4881,11672.763,"Mount",-0.290,0.485,-0.470,-0.313,-0.319,0.000,62,E,0,,,,726325,371.31,0
4882,11675.243,"Mount",-0.108,1.024,-0.538,-0.878,-0.362,0.000,71,E,0,,,,738393,419.81,0
4883,11677.580,"Mount",0.941,0.323,0.710,-0.697,0.422,0.000,83,W,0,,,,758887,431.04,0
4884,11680.171,"Mount",1.724,-0.034,1.571,-0.711,1.019,0.000,200,W,0,,,,805199,497.80,0
4885,11683.648,"Mount",0.590,0.615,0.268,-0.809,0.240,-0.809,47,W,1177,N,,,785818,425.70,0
4886,11686.099,"Mount",-0.449,0.384,-0.570,-0.153,-0.342,0.000,67,E,0,,,,789670,478.56,0
4887,11688.459,"Mount",-0.938,0.676,-1.138,-0.207,-0.741,0.000,145,E,0,,,,789790,441.57,0
4888,11690.792,"Mount",-0.130,0.069,-0.147,-0.007,0.000,0.000,0,,0,,,,792085,467.00,0
4889,11693.075,"Mount",-0.418,0.397,-0.548,-0.179,-0.345,0.000,68,E,0,,,,744311,402.63,0
4890,11695.539,"Mount",0.280,-0.013,0.259,-0.109,0.139,0.000,27,W,0,,,,789324,478.79,0
4891,11697.708,"Mount",-0.076,0.077,-0.101,-0.037,0.000,0.000,0,,0,,,,782412,445.54,0
4892,11700.115,"Mount",-0.273,0.035,-0.261,0.086,-0.165,0.000,32,E,0,,,,753731,447.46,0
4893,11702.363,"Mount",0.335,0.079,0.268,-0.215,0.158,0.000,31,W,0,,,,782353,475.17,0
4894,11704.711,"Mount",0.098,0.186,0.009,-0.210,0.000,0.000,0,,0,,,,812356,464.21,0
4895,11707.035,"Mount",-0.982,0.443,-1.078,0.023,-0.679,0.000,133,E,0,,,,760410,486.84,0
4896,11709.532,"Mount",-0.321,0.135,-0.347,0.016,-0.266,0.000,52,E,0,,,,809682,455.26,0
4897,11711.720,"Mount",-0.200,0.055,-0.204,0.037,0.000,0.000,0,,0,,,,797059,464.34,0
4898,11714.186,"Mount",0.198,0.410,0.002,-0.455,0.000,-0.455,0,,93,N,,,790663,466.77,0
4899,11716.451,"Mount",0.345,0.047,0.291,-0.191,0.183,0.000,36,W,0,,,,765936,462.53,0
4900,11718.907,"Mount",0.128,0.357,-0.038,-0.378,0.000,-0.378,0,,77,N,,,779189,471.19,0
4901,11721.095,"Mount",0.141,0.210,0.037,-0.250,0.000,0.000,0,,0,,,,813352,435.25,0
4902,11723.563,"Mount",-0.479,0.147,-0.495,0.073,-0.312,0.000,61,E,0,,,,809945,480.50,0
4903,11725.739,"Mount",-0.069,-0.060,-0.036,0.084,0.000,0.000,0,,0,,,,766192,449.57,0
4904,11728.155,"Mount",-0.321,0.050,-0.312,0.093,-0.196,0.000,38,E,0,,,,809573,478.28,0
4905,11730.371,"Mount",0.128,-0.290,0.240,0.207,0.138,0.000,27,W,0,,,,778712,448.99,0
4906,11732.835,"Mount",0.361,-0.754,0.651,0.525,0.420,0.000,82,W,0,,,,750950,357.78,0
4907,11735.022,"Mount",-0.395,-0.328,-0.216,0.466,0.000,0.000,0,,0,,,,775288,448.69,0
4908,11737.595,"Mount",-1.129,0.138,-1.078,0.362,-0.679,0.000,133,E,0,,,,799007,445.47,0
4909,11739.835,"Mount",0.225,-0.088,0.241,-0.017,0.104,0.000,20,W,0,,,,814892,462.42,0
4910,11742.259,"Mount",0.080,-0.367,0.231,0.297,0.153,0.000,30,W,0,,,,820716,498.34,0
4911,11744.459,"Mount",0.089,-0.324,0.219,0.254,0.000,0.000,0,,0,,,,808006,424.32,0
4912,11748.100,"Mount",-0.607,-0.317,-0.411,0.548,-0.259,0.548,51,E,1124,S,,,752447,425.33,0
4913,11750.403,"Mount",-0.182,-0.302,-0.034,0.350,0.000,0.350,0,,71,S,,,754231,458.76,0
4914,11752.811,"Mount",0.409,0.154,0.303,-0.315,0.191,0.000,37,W,0,,,,789033,457.19,0
4915,11755.067,"Mount",0.423,0.317,0.245,-0.468,0.168,0.000,33,W,0,,,,761188,466.18,0
4916,11757.692,"Mount",1.611,-0.418,1.634,-0.316,1.041,0.000,204,W,0,,,,766364,444.49,0
4917,11759.864,"Mount",0.385,0.576,0.100,-0.685,0.000,0.000,0,,0,,,,761327,431.74,0
4918,11762.208,"Mount",0.109,-0.015,0.105,-0.033,0.000,0.000,0,,0,,,,751797,447.18,0
4919,11764.475,"Mount",-0.320,0.229,-0.387,-0.069,-0.244,0.000,48,E,0,,,,792145,494.38,0
4920,11766.947,"Mount",-0.457,0.385,-0.578,-0.151,-0.381,0.000,75,E,0,,,,805590,485.03,0
4921,11769.126,"Mount",0.358,0.408,0.148,-0.523,0.000,0.000,0,,0,,,,754606,435.10,0
4922,11772.723,"Mount",0.379,0.229,0.244,-0.370,0.154,-0.370,30,W,1087,N,,,777406,475.54,0
4923,11775.131,"Mount",-0.047,0.646,-0.321,-0.563,-0.191,-0.563,37,E,115,N,,,756452,431.33,0
4924,11777.518,"Mount",-0.168,0.170,-0.225,-0.081,0.000,0.000,0,,0,,,,765875,510.33,0
4925,11779.684,"Mount",0.108,0.043,0.079,-0.086,0.000,0.000,0,,0,,,,774369,437.95,0
4926,11782.147,"Mount",0.191,0.415,-0.006,-0.457,0.000,-0.457,0,,93,N,,,800867,489.54,0
4927,11784.611,"Mount",0.859,0.232,0.676,-0.579,0.426,-0.579,83,W,118,N,,,794842,451.53,0
4928,11786.960,"Mount",-0.118,-0.364,0.050,0.379,0.000,0.000,0,,0,,,,778353,450.95,0
4929,11789.247,"Mount",-0.622,-0.071,-0.531,0.331,-0.335,0.000,66,E,0,,,,778065,467.50,0
4930,11791.622,"Mount",-0.032,-0.232,0.071,0.224,0.000,0.000,0,,0,,,,776450,478.53,0
4931,11793.939,"Mount",0.710,-0.463,0.841,0.112,0.530,0.000,104,W,0,,,,794349,437.26,0
4932,11796.395,"Mount",-0.960,-0.293,-0.740,0.678,-0.429,0.000,84,E,0,,,,756745,467.51,0
4933,11798.575,"Mount",-0.321,-0.651,-0.010,0.726,0.000,0.000,0,,0,,,,789745,405.26,0
4934,11800.918,"Mount",-0.192,-0.719,0.137,0.731,0.000,0.000,0,,0,,,,774754,452.17,0
4935,11804.339,"Mount",0.431,-0.677,0.680,0.426,0.428,0.426,84,W,1099,S,,,782540,455.34,0
4936,11806.688,"Mount",0.122,-0.258,0.221,0.180,0.000,0.000,0,,0,,,,757191,474.73,0
4937,11808.947,"Mount",0.492,-0.140,0.505,-0.085,0.318,0.000,62,W,0,,,,805231,482.30,0
4938,11811.459,"Mount",0.517,-0.410,0.643,0.148,0.427,0.000,84,W,0,,,,778263,483.87,0
4939,11813.731,"Mount",0.527,-0.250,0.583,-0.001,0.397,0.000,78,W,0,,,,762355,453.36,0
4940,11816.163,"Mount",0.149,-0.295,0.262,0.202,0.193,0.000,38,W,0,,,,767526,446.24,0
4941,11818.443,"Mount",-0.183,0.197,-0.250,-0.099,-0.144,0.000,28,E,0,,,,799268,498.10,0
4942,11820.801,"Mount",0.036,-0.030,0.045,0.012,0.000,0.000,0,,0,,,,773430,491.00,0
4943,11822.966,"Mount",0.081,-0.285,0.196,0.222,0.000,0.000,0,,0,,,,772159,470.28,0
4944,11825.376,"Mount",0.030,-0.023,0.037,0.008,0.000,0.000,0,,0,,,,783842,466.95,0
4945,11827.561,"Mount",0.067,-0.249,0.168,0.196,0.000,0.000,0,,0,,,,781322,492.29,0
4946,11829.922,"Mount",-0.094,0.035,-0.100,0.009,0.000,0.000,0,,0,,,,795654,481.53,0
4947,11832.155,"Mount",-0.272,0.025,-0.256,0.094,-0.161,0.000,32,E,0,,,,800501,491.83,0
4948,11834.675,"Mount",0.115,-0.448,0.296,0.355,0.175,0.355,34,W,72,S,,,763142,427.54,0
4949,11836.858,"Mount",-0.217,-0.253,-0.087,0.322,0.000,0.000,0,,0,,,,775733,461.36,0
4950,11839.209,"Mount",-0.254,-0.066,-0.201,0.169,0.000,0.000,0,,0,,,,776627,458.57,0
4951,11841.433,"Mount",0.132,0.090,0.081,-0.138,0.000,0.000,0,,0,,,,782184,436.81,0
4952,11843.835,"Mount",-0.271,0.136,-0.303,-0.007,-0.191,0.000,37,E,0,,,,797621,433.66,0
4953,11846.022,"Mount",0.230,-0.026,0.218,-0.076,0.000,0.000,0,,0,,,,766108,452.17,0
4954,11848.451,"Mount",-0.440,0.008,-0.400,0.182,-0.252,0.000,49,E,0,,,,775843,463.11,0
4955,11850.625,"Mount",-0.162,0.121,-0.198,-0.039,0.000,0.000,0,,0,,,,789165,434.87,0
4956,11852.973,"Mount",0.118,0.171,0.033,-0.205,0.000,0.000,0,,0,,,,778174,475.72,0
4957,11855.180,"Mount",0.106,0.417,-0.084,-0.422,0.000,0.000,0,,0,,,,774770,452.45,0
4958,11857.603,"Mount",0.233,-0.079,0.244,-0.029,0.154,0.000,30,W,0,,,,779083,434.08,0
4959,11859.803,"Mount",-0.107,0.089,-0.135,-0.034,0.000,0.000,0,,0,,,,815079,516.42,0
4960,11862.138,"Mount",-0.009,0.087,-0.045,-0.075,0.000,0.000,0,,0,,,,739806,426.62,0
4961,11864.482,"Mount",-0.508,0.781,-0.795,-0.487,-0.501,0.000,98,E,0,,,,823241,415.55,0
4962,11866.915,"Mount",-0.204,0.198,-0.269,-0.091,-0.205,0.000,40,E,0,,,,747082,425.65,0
4963,11869.307,"Mount",-1.384,0.309,-1.382,0.317,-0.885,0.000,173,E,0,,,,749487,433.96,0
4964,11871.707,"Mount",-0.124,-0.038,-0.095,0.087,0.000,0.000,0,,0,,,,775473,502.06,0
4965,11873.871,"Mount",0.152,0.213,0.046,-0.257,0.000,0.000,0,,0,,,,815900,487.99,0
4966,11876.323,"Mount",-0.430,-0.208,-0.299,0.372,-0.188,0.000,37,E,0,,,,679110,436.60,0
4967,11878.500,"Mount",-0.080,-0.136,-0.013,0.157,0.000,0.000,0,,0,,,,797929,457.20,0
4968,11880.833,"Mount",0.016,0.145,-0.048,-0.137,0.000,0.000,0,,0,,,,803720,481.54,0
4969,11883.003,"Mount",0.002,-0.119,0.053,0.106,0.000,0.000,0,,0,,,,811445,456.41,0
4970,11885.483,"Mount",-0.404,0.145,-0.427,0.043,-0.269,0.000,53,E,0,,,,830379,463.81,0
4971,11887.755,"Mount",-0.501,0.250,-0.559,-0.010,-0.371,0.000,73,E,0,,,,791802,436.92,0
4972,11890.163,"Mount",0.392,0.161,0.284,-0.314,0.153,0.000,30,W,0,,,,785129,503.86,0
4973,11892.330,"Mount",-0.048,0.341,-0.190,-0.287,0.000,0.000,0,,0,,,,806268,516.28,0
4974,11894.691,"Mount",0.099,0.395,-0.081,-0.399,0.000,0.000,0,,0,,,,796364,456.94,0
4975,11896.857,"Mount",-0.087,0.105,-0.124,-0.057,0.000,0.000,0,,0,,,,783460,437.96,0
4976,11899.204,"Mount",-0.035,-0.019,-0.024,0.032,0.000,0.000,0,,0,,,,761938,482.40,0
4977,11901.507,"Mount",-0.521,-0.070,-0.441,0.287,-0.278,0.000,54,E,0,,,,768042,447.64,0
4978,11903.851,"Mount",-0.070,0.192,-0.145,-0.143,0.000,0.000,0,,0,,,,772777,450.82,0
4979,11906.029,"Mount",-0.011,-0.142,0.052,0.133,0.000,0.000,0,,0,,,,761360,439.64,0
4980,11908.359,"Mount",0.016,0.351,-0.137,-0.323,0.000,0.000,0,,0,,,,800700,493.80,0
4981,11910.683,"Mount",-0.639,0.505,-0.795,-0.181,-0.501,0.000,98,E,0,,,,776594,441.73,0
4982,11913.023,"Mount",0.367,0.321,0.193,-0.448,0.000,0.000,0,,0,,,,812455,432.77,0
4983,11915.355,"Mount",-1.038,-0.362,-0.781,0.774,-0.492,0.000,96,E,0,,,,792033,460.34,0
4984,11917.795,"Mount",-0.251,0.032,-0.240,0.079,-0.186,0.000,36,E,0,,,,698601,399.00,0
4985,11920.315,"Mount",-1.325,-0.085,-1.159,0.647,-0.743,0.647,146,E,132,S,,,551217,294.36,0
4986,11922.693,"Mount",0.406,0.383,0.201,-0.521,0.000,0.000,0,,0,,,,778772,469.45,0
4987,11925.214,"Mount",2.165,-0.564,2.197,-0.423,1.384,0.000,271,W,0,,,,827816,491.70,0
4988,11927.676,"Mount",0.566,0.194,0.428,-0.418,0.366,0.000,72,W,0,,,,790646,436.60,0
4989,11931.027,"Mount",0.271,0.549,0.008,-0.612,0.000,-0.612,0,,1137,N,,,724530,437.87,0
4990,11933.377,"Mount",-0.110,0.282,-0.221,-0.207,0.000,0.000,0,,0,,,,768823,463.63,0
4991,11935.561,"Mount",0.111,0.179,0.023,-0.209,0.000,0.000,0,,0,,,,775375,441.10,0
4992,11937.979,"Mount",-0.550,-0.389,-0.329,0.588,-0.207,0.000,41,E,0,,,,733811,391.36,0
4993,11940.203,"Mount",0.221,-0.104,0.245,-0.001,0.140,0.000,27,W,0,,,,753449,444.64,0
4994,11942.619,"Mount",0.304,-0.007,0.277,-0.125,0.184,0.000,36,W,0,,,,771005,456.13,0
4995,11944.810,"Mount",0.097,0.150,0.023,-0.177,0.000,0.000,0,,0,,,,779191,476.26,0
4996,11947.154,"Mount",0.106,0.110,0.049,-0.145,0.000,0.000,0,,0,,,,812402,477.95,0
4997,11949.336,"Mount",0.274,0.101,0.204,-0.209,0.000,0.000,0,,0,,,,769329,502.72,0
4998,11951.779,"Mount",0.431,-0.005,0.391,-0.181,0.246,0.000,48,W,0,,,,772920,499.55,0
4999,11954.019,"Mount",0.305,0.064,0.247,-0.189,0.173,0.000,34,W,0,,,,764908,444.37,0
5000,11956.563,"Mount",0.451,0.205,0.319,-0.379,0.213,-0.379,42,W,77,N,,,783778,418.06,0
5001,11958.795,"Mount",-0.137,0.251,-0.232,-0.168,-0.131,0.000,26,E,0,,,,759233,501.83,0
5002,11961.173,"Mount",-0.179,-0.148,-0.097,0.210,0.000,0.000,0,,0,,,,780022,492.37,0
5003,11963.515,"Mount",-0.895,0.183,-0.887,0.220,-0.559,0.000,109,E,0,,,,694832,409.12,0
5004,11966.099,"Mount",1.551,-0.533,1.630,-0.187,0.988,0.000,193,W,0,,,,781817,433.34,0
5005,11968.277,"Mount",0.055,-0.044,0.069,0.016,0.000,0.000,0,,0,,,,801719,468.73,0
5006,11970.699,"Mount",0.396,0.089,0.319,-0.251,0.201,0.000,39,W,0,,,,763573,447.22,0
5007,11972.878,"Mount",0.000,0.227,-0.098,-0.205,0.000,0.000,0,,0,,,,804432,491.20,0
5008,11975.419,"Mount",0.386,0.512,0.128,-0.628,0.000,-0.628,0,,128,N,,,793913,489.00,0
5009,11977.613,"Mount",-0.035,0.280,-0.152,-0.238,0.000,0.000,0,,0,,,,784130,464.39,0
5010,11979.953,"Mount",-0.157,-0.129,-0.087,0.184,0.000,0.000,0,,0,,,,815205,480.71,0
5011,11982.125,"Mount",-0.128,0.184,-0.194,-0.111,0.000,0.000,0,,0,,,,774238,486.84,0
5012,11984.510,"Mount",0.151,-0.090,0.175,0.016,0.000,0.000,0,,0,,,,774800,474.15,0
5013,11986.739,"Mount",-0.373,-0.252,-0.229,0.388,-0.144,0.000,28,E,0,,,,780971,506.70,0
5014,11989.155,"Mount",-0.265,0.032,-0.253,0.085,-0.169,0.000,33,E,0,,,,797580,443.60,0
5015,11991.344,"Mount",-0.241,-0.249,-0.111,0.329,0.000,0.000,0,,0,,,,797748,480.54,0
5016,11993.747,"Mount",0.390,0.042,0.334,-0.205,0.210,0.000,41,W,0,,,,795413,417.17,0
5017,11996.003,"Mount",-0.772,-0.698,-0.397,0.962,-0.235,0.000,46,E,0,,,,754726,452.81,0
5018,11998.427,"Mount",0.137,-0.401,0.297,0.303,0.170,0.000,33,W,0,,,,801945,473.90,0
5019,12000.723,"Mount",0.567,-0.454,0.707,0.166,0.457,0.000,90,W,0,,,,765364,464.18,0
5020,12003.147,"Mount",0.219,-0.406,0.373,0.272,0.267,0.000,52,W,0,,,,801276,497.45,0
5021,12006.795,"Mount",-1.098,-0.674,-0.701,1.081,-0.423,1.081,83,E,1232,S,,,784357,412.86,0
5022,12009.140,"Mount",0.106,0.546,-0.140,-0.538,0.000,0.000,0,,0,,,,782646,468.02,0
5023,12011.444,"Mount",-0.177,0.524,-0.385,-0.397,-0.243,0.000,48,E,0,,,,781836,434.14,0
5024,12013.785,"Mount",0.126,0.404,-0.060,-0.419,0.000,0.000,0,,0,,,,784899,499.91,0
5025,12016.115,"Mount",-0.891,0.437,-0.993,-0.011,-0.625,0.000,123,E,0,,,,769627,459.89,0
5026,12018.603,"Mount",-0.644,0.485,-0.790,-0.160,-0.542,0.000,106,E,0,,,,774880,496.34,0
5027,12020.851,"Mount",0.710,0.427,0.457,-0.692,0.250,0.000,49,W,0,,,,793161,453.85,0
5028,12023.283,"Mount",0.393,0.161,0.285,-0.314,0.197,0.000,39,W,0,,,,743568,488.12,0
5029,12025.587,"Mount",-0.342,0.454,-0.505,-0.263,-0.304,0.000,60,E,0,,,,794222,493.02,0
5030,12027.930,"Mount",0.127,0.041,0.098,-0.092,0.000,0.000,0,,0,,,,829311,437.19,0
5031,12030.100,"Mount",0.224,0.285,0.079,-0.354,0.000,0.000,0,,0,,,,799515,461.95,0
5032,12033.603,"Mount",0.350,0.404,0.142,-0.516,0.000,-0.516,0,,1117,N,,,777196,457.61,0
5033,12035.995,"Mount",0.606,0.124,0.494,-0.372,0.311,-0.372,61,W,76,N,,,756124,436.44,0
5034,12038.517,"Mount",-1.280,0.011,-1.160,0.541,-0.709,0.000,139,E,0,,,,801967,470.86,0
5035,12040.689,"Mount",-0.195,0.110,-0.223,-0.015,0.000,0.000,0,,0,,,,764356,462.30,0
5036,12043.016,"Mount",0.104,-0.092,0.134,0.038,0.000,0.000,0,,0,,,,814181,492.75,0
5037,12045.276,"Mount",0.175,-0.226,0.256,0.129,0.161,0.000,32,W,0,,,,797712,466.43,0
5038,12047.699,"Mount",0.102,-0.324,0.232,0.248,0.157,0.000,31,W,0,,,,756556,484.11,0
5039,12049.872,"Mount",-0.179,-0.310,-0.028,0.357,0.000,0.000,0,,0,,,,782476,502.42,0
5040,12053.643,"Mount",-1.273,-0.742,-0.830,1.218,-0.523,1.218,102,E,1260,S,,,748725,377.04,0
5041,12056.387,"Mount",-1.519,-0.163,-1.301,0.801,-0.856,0.801,168,E,163,S,,,770568,431.25,0
5042,12059.020,"Mount",2.157,-0.501,2.163,-0.476,1.303,0.000,255,W,0,,,,783941,399.14,0
5043,12061.395,"Mount",1.389,0.195,1.170,-0.773,0.828,0.000,162,W,0,,,,823811,467.78,0
5044,12063.740,"Mount",0.342,0.611,0.046,-0.699,0.000,0.000,0,,0,,,,787036,432.11,0
5045,12065.979,"Mount",0.238,1.039,-0.232,-1.040,-0.146,0.000,29,E,0,,,,741219,441.42,0
5046,12068.475,"Mount",-0.476,0.931,-0.830,-0.636,-0.533,0.000,104,E,0,,,,772972,443.54,0
5047,12070.723,"Mount",0.112,0.788,-0.238,-0.760,-0.187,0.000,37,E,0,,,,783657,410.45,0
5048,12073.061,"Mount",0.183,0.705,-0.138,-0.715,0.000,0.000,0,,0,,,,793733,448.77,0
5049,12076.411,"Mount",0.665,0.871,0.226,-1.073,0.000,-1.073,0,,1128,N,,,754732,428.98,0
5050,12078.883,"Mount",-0.342,0.464,-0.508,-0.272,-0.320,0.000,63,E,0,,,,748169,463.43,0
5051,12081.155,"Mount",-0.247,0.343,-0.370,-0.203,-0.256,0.000,50,E,0,,,,775602,490.31,0
5052,12083.731,"Mount",0.511,0.304,0.330,-0.495,0.190,-0.495,37,W,101,N,,,745655,456.12,0
5053,12085.919,"Mount",0.084,0.327,-0.065,-0.331,0.000,0.000,0,,0,,,,788731,466.14,0
5054,12088.331,"Mount",-0.086,0.349,-0.228,-0.278,-0.144,0.000,28,E,0,,,,766490,480.94,0
5055,12090.612,"Mount",0.582,0.047,0.505,-0.293,0.308,0.000,60,W,0,,,,739917,467.12,0
5056,12093.019,"Mount",0.334,0.119,0.250,-0.251,0.179,0.000,35,W,0,,,,780955,444.23,0
5057,12095.347,"Mount",-0.485,0.589,-0.691,-0.323,-0.423,0.000,83,E,0,,,,795719,468.77,0
5058,12097.771,"Mount",-0.323,0.225,-0.389,-0.064,-0.275,0.000,54,E,0,,,,720729,371.47,0
5059,12100.051,"Mount",-0.371,0.407,-0.510,-0.208,-0.340,0.000,67,E,0,,,,840600,461.26,0
5060,12102.394,"Mount",0.114,0.257,-0.007,-0.281,0.000,0.000,0,,0,,,,776868,466.84,0
5061,12104.699,"Mount",0.338,0.349,0.155,-0.461,0.000,-0.461,0,,94,N,,,811799,470.19,0
5062,12107.060,"Mount",-0.162,0.162,-0.216,-0.077,0.000,0.000,0,,0,,,,772872,460.98,0
5063,12109.333,"Mount",-0.493,0.057,-0.469,0.161,-0.296,0.000,58,E,0,,,,793103,512.54,0
5064,12111.787,"Mount",-0.205,0.246,-0.291,-0.134,-0.204,0.000,40,E,0,,,,818048,451.91,0
5065,12114.043,"Mount",-0.274,0.109,-0.295,0.020,-0.200,0.000,39,E,0,,,,784966,499.10,0
5066,12116.399,"Mount",0.173,0.151,0.091,-0.211,0.000,0.000,0,,0,,,,787110,466.90,0
5067,12118.578,"Mount",0.031,0.042,0.010,-0.052,0.000,0.000,0,,0,,,,803659,490.54,0
5068,12120.909,"Mount",0.013,-0.101,0.056,0.086,0.000,0.000,0,,0,,,,704082,415.34,0
5069,12123.147,"Mount",-0.178,0.194,-0.244,-0.098,-0.154,0.000,30,E,0,,,,817731,477.43,0
5070,12125.643,"Mount",0.837,-0.110,0.803,-0.261,0.495,0.000,97,W,0,,,,810300,476.58,0
5071,12127.931,"Mount",0.622,-0.017,0.569,-0.252,0.393,0.000,77,W,0,,,,768708,452.31,0
5072,12130.279,"Mount",-0.028,0.073,-0.057,-0.054,0.000,0.000,0,,0,,,,787302,472.64,0
5073,12132.539,"Mount",-0.331,0.439,-0.487,-0.254,-0.307,0.000,60,E,0,,,,794703,471.55,0
5074,12134.947,"Mount",-0.223,0.091,-0.241,0.014,-0.173,0.000,34,E,0,,,,819084,497.73,0
5075,12137.239,"Mount",-0.399,0.341,-0.507,-0.137,-0.331,0.000,65,E,0,,,,790082,470.00,0
5076,12139.588,"Mount",0.021,0.297,-0.109,-0.278,0.000,0.000,0,,0,,,,774051,473.31,0
5077,12141.867,"Mount",0.351,0.065,0.289,-0.210,0.182,0.000,36,W,0,,,,762648,423.30,0
5078,12144.387,"Mount",0.400,0.229,0.263,-0.378,0.178,-0.378,35,W,77,N,,,786154,421.09,0
5079,12146.683,"Mount",0.183,0.344,0.017,-0.389,0.000,-0.389,0,,79,N,,,774020,433.75,0
5080,12149.085,"Mount",0.018,-0.330,0.158,0.290,0.000,0.000,0,,0,,,,829161,455.86,0
5081,12151.379,"Mount",-0.388,-0.230,-0.251,0.375,-0.158,0.000,31,E,0,,,,753794,471.30,0
5082,12153.736,"Mount",-0.235,-0.168,-0.140,0.252,0.000,0.000,0,,0,,,,787280,460.27,0
5083,12155.995,"Mount",-0.401,-0.085,-0.326,0.249,-0.205,0.000,40,E,0,,,,806778,481.99,0
5084,12158.451,"Mount",-0.569,-0.067,-0.484,0.305,-0.320,0.000,63,E,0,,,,800625,448.11,0
5085,12160.691,"Mount",-0.364,-0.227,-0.231,0.362,-0.168,0.000,33,E,0,,,,805036,471.17,0
5086,12163.139,"Mount",-0.539,-0.080,-0.452,0.304,-0.296,0.000,58,E,0,,,,770994,481.76,0
5087,12165.451,"Mount",-0.525,-0.062,-0.447,0.282,-0.303,0.000,59,E,0,,,,800239,466.07,0
5088,12167.859,"Mount",0.350,0.103,0.271,-0.244,0.150,0.000,29,W,0,,,,769019,448.74,0
5089,12170.038,"Mount",0.154,0.190,0.057,-0.238,0.000,0.000,0,,0,,,,768155,471.24,0
5090,12172.376,"Mount",-0.216,0.034,-0.210,0.062,0.000,0.000,0,,0,,,,802583,513.52,0
5091,12174.683,"Mount",-0.879,0.103,-0.837,0.286,-0.527,0.000,103,E,0,,,,772823,432.03,0
5092,12177.131,"Mount",-0.603,-0.031,-0.531,0.288,-0.372,0.000,73,E,0,,,,786984,466.42,0
5093,12179.675,"Mount",-2.272,0.241,-2.154,0.760,-1.383,0.000,271,E,0,,,,744905,436.77,0
5094,12183.303,"Mount",-0.764,-0.533,-0.460,0.810,-0.387,0.810,76,E,1120,S,,,690746,404.97,0
5095,12185.915,"Mount",-1.557,-0.163,-1.335,0.817,-0.868,0.817,170,E,167,S,,,695855,385.08,0
5096,12189.603,"Mount",2.122,0.298,1.787,-1.183,1.065,-1.183,209,W,1027,N,,,739008,414.51,0
5097,12192.411,"Mount",2.239,0.618,1.756,-1.521,1.181,-1.521,231,W,310,N,,,799663,442.82,0
5098,12194.867,"Mount",-0.748,0.373,-0.836,-0.015,-0.444,0.000,87,E,0,,,,746453,475.94,0
5099,12197.179,"Mount",-0.833,0.124,-0.805,0.247,-0.538,0.000,105,E,0,,,,777199,503.42,0
5100,12199.533,"Mount",0.027,-0.427,0.208,0.373,0.000,0.000,0,,0,,,,714605,394.39,0
5101,12201.819,"Mount",-0.323,0.048,-0.312,0.096,-0.196,0.000,38,E,0,,,,767501,469.79,0
5102,12204.160,"Mount",-0.037,0.200,-0.119,-0.165,0.000,0.000,0,,0,,,,744801,471.10,0
5103,12206.351,"Mount",-0.282,-0.232,-0.155,0.330,0.000,0.000,0,,0,,,,806318,485.21,0
5104,12208.669,"Mount",-0.160,-0.041,-0.127,0.106,0.000,0.000,0,,0,,,,767246,466.19,0
5105,12210.897,"Mount",0.169,0.102,0.109,-0.165,0.000,0.000,0,,0,,,,810383,500.49,0
5106,12213.355,"Mount",0.613,-0.118,0.604,-0.157,0.381,0.000,75,W,0,,,,837939,453.25,0
5107,12215.563,"Mount",0.233,0.155,0.144,-0.240,0.000,0.000,0,,0,,,,751779,463.68,0
5108,12217.910,"Mount",0.037,0.223,-0.063,-0.217,0.000,0.000,0,,0,,,,756655,466.94,0
5109,12220.204,"Mount",-0.732,0.028,-0.673,0.290,-0.424,0.000,83,E,0,,,,777821,452.98,0
5110,12222.544,"Mount",-0.079,0.015,-0.078,0.020,0.000,0.000,0,,0,,,,757075,449.50,0
5111,12224.835,"Mount",-0.245,0.095,-0.262,0.019,-0.165,0.000,32,E,0,,,,768512,440.32,0
5112,12227.315,"Mount",0.337,0.036,0.289,-0.177,0.170,0.000,33,W,0,,,,781597,437.99,0
5113,12229.587,"Mount",0.334,0.109,0.255,-0.242,0.173,0.000,34,W,0,,,,793603,464.48,0
5114,12231.924,"Mount",-0.083,0.043,-0.093,-0.003,0.000,0.000,0,,0,,,,806737,497.54,0
5115,12234.163,"Mount",0.431,0.145,0.327,-0.316,0.206,0.000,40,W,0,,,,774724,429.72,0
5116,12236.587,"Mount",0.345,0.139,0.252,-0.274,0.173,0.000,34,W,0,,,,777333,500.91,0
5117,12238.947,"Mount",0.433,0.233,0.290,-0.397,0.195,-0.397,38,W,81,N,,,794342,480.16,0
5118,12241.428,"Mount",0.414,-0.162,0.444,-0.032,0.293,0.000,57,W,0,,,,796630,455.85,0
5119,12243.604,"Mount",0.043,0.210,-0.051,-0.208,0.000,0.000,0,,0,,,,806172,501.18,0
5120,12245.941,"Mount",0.093,-0.052,0.106,0.007,0.000,0.000,0,,0,,,,767957,489.30,0
5121,12248.133,"Mount",-0.191,0.082,-0.208,0.008,0.000,0.000,0,,0,,,,804574,480.06,0
5122,12250.465,"Mount",-0.088,-0.288,0.044,0.298,0.000,0.000,0,,0,,,,774621,454.80,0
5123,12252.692,"Mount",-0.224,0.103,-0.247,0.004,-0.155,0.000,30,E,0,,,,799633,487.10,0
5124,12255.133,"Mount",0.380,0.066,0.314,-0.223,0.187,0.000,37,W,0,,,,790302,483.25,0
5125,12257.459,"Mount",0.439,-0.252,0.505,0.038,0.331,0.000,65,W,0,,,,800183,487.32,0
5126,12259.875,"Mount",-0.396,-0.084,-0.321,0.247,-0.179,0.000,35,E,0,,,,728000,447.03,0
5127,12262.039,"Mount",0.077,-0.192,0.152,0.140,0.000,0.000,0,,0,,,,826788,457.29,0
5128,12264.427,"Mount",-0.174,0.029,-0.169,0.049,0.000,0.000,0,,0,,,,768673,493.09,0
INFO: SET LOCK POSITION, new lock pos = 32.004, 793.245
INFO: DITHER by 3.760, 2.267, new lock pos = 34.422, 789.580
INFO: SETTLING STATE CHANGE, Settling started
5129,12268.452,"Mount",-2.418,3.664,-3.760,-2.267,-3.760,-2.267,737,E,463,N,,,818008,487.75,0
5130,12270.923,"Mount",0.808,0.174,0.654,-0.505,0.412,0.000,81,W,0,,,,834952,478.98,0
5131,12273.078,"Mount",0.226,0.429,0.020,-0.484,0.000,0.000,0,,0,,,,839208,500.52,0
5132,12275.795,"Mount",-0.474,0.930,-0.828,-0.635,-0.521,-0.635,102,E,130,N,,,783751,387.59,0
5133,12277.978,"Mount",0.342,0.217,0.216,-0.343,0.000,0.000,0,,0,,,,800826,457.62,0
5134,12280.403,"Mount",0.361,-0.023,0.336,-0.134,0.211,0.000,41,W,0,,,,784127,409.98,0
INFO: SETTLING STATE CHANGE, Settling complete
5135,12282.755,"Mount",-0.940,0.372,-1.009,0.069,-0.621,0.000,122,E,0,,,,746093,374.48,0
5136,12285.291,"Mount",-1.288,0.224,-1.259,0.352,-0.836,0.000,164,E,0,,,,706497,360.75,0
5137,12287.707,"Mount",-0.479,0.005,-0.434,0.201,-0.332,0.000,65,E,0,,,,788043,443.40,0
5138,12290.252,"Mount",1.099,-1.043,1.441,0.468,0.885,0.000,173,W,0,,,,792559,458.09,0
5139,12292.580,"Mount",0.656,-0.824,0.947,0.461,0.658,0.000,129,W,0,,,,772983,427.45,0
5140,12294.925,"Mount",-0.009,-0.101,0.035,0.095,0.000,0.000,0,,0,,,,768625,426.63,0
5141,12297.096,"Mount",-0.011,-0.218,0.084,0.202,0.000,0.000,0,,0,,,,809170,481.01,0
5142,12299.490,"Mount",0.089,-0.259,0.191,0.195,0.000,0.000,0,,0,,,,806245,462.14,0
5143,12301.843,"Mount",-0.457,0.171,-0.486,0.042,-0.306,0.000,60,E,0,,,,774646,433.20,0
5144,12304.184,"Mount",0.215,-0.021,0.203,-0.074,0.000,0.000,0,,0,,,,757838,413.95,0
5145,12306.368,"Mount",0.106,-0.020,0.104,-0.028,0.000,0.000,0,,0,,,,799103,469.00,0
5146,12308.701,"Mount",-0.181,0.029,-0.176,0.052,0.000,0.000,0,,0,,,,740595,412.06,0
5147,12310.979,"Mount",-0.594,0.139,-0.596,0.130,-0.376,0.000,74,E,0,,,,806235,431.52,0
5148,12313.419,"Mount",-0.008,-0.628,0.263,0.570,0.140,0.000,27,W,0,,,,744772,392.41,0
5149,12315.691,"Mount",-0.559,-0.082,-0.470,0.315,-0.286,0.000,56,E,0,,,,788811,376.77,0
5150,12318.115,"Mount",0.217,-0.353,0.347,0.225,0.199,0.000,39,W,0,,,,794535,437.35,0
5151,12320.294,"Mount",0.134,-0.127,0.175,0.058,0.000,0.000,0,,0,,,,784312,415.50,0
5152,12322.755,"Mount",-0.518,0.419,-0.648,-0.155,-0.408,0.000,80,E,0,,,,792784,409.65,0
5153,12325.035,"Mount",-0.452,0.167,-0.480,0.043,-0.331,0.000,65,E,0,,,,774054,452.72,0
5154,12327.392,"Mount",-0.201,-0.516,0.041,0.552,0.000,0.000,0,,0,,,,785579,423.96,0
5155,12329.772,"Mount",-0.600,0.136,-0.600,0.136,-0.378,0.000,74,E,0,,,,807786,438.56,0
5156,12332.132,"Mount",-0.094,-0.013,-0.079,0.052,0.000,0.000,0,,0,,,,808294,477.94,0
5157,12334.312,"Mount",-0.091,0.049,-0.104,-0.005,0.000,0.000,0,,0,,,,798446,454.01,0
5158,12336.747,"Mount",-0.399,0.056,-0.384,0.121,-0.242,0.000,47,E,0,,,,787710,388.10,0
5159,12339.067,"Mount",-0.901,-0.084,-0.777,0.464,-0.507,0.000,99,E,0,,,,789418,431.35,0
5160,12341.478,"Mount",-0.230,0.036,-0.223,0.067,0.000,0.000,0,,0,,,,843504,511.89,0
5161,12343.747,"Mount",0.285,-0.301,0.387,0.149,0.244,0.000,48,W,0,,,,827495,464.96,0
5162,12346.105,"Mount",0.058,-0.091,0.092,0.057,0.000,0.000,0,,0,,,,790839,438.58,0
5163,12348.283,"Mount",-0.182,0.032,-0.178,0.050,0.000,0.000,0,,0,,,,799536,433.34,0
5164,12350.723,"Mount",-0.569,0.091,-0.553,0.163,-0.348,0.000,68,E,0,,,,796447,449.46,0
5165,12352.987,"Mount",-0.356,0.182,-0.399,-0.011,-0.276,0.000,54,E,0,,,,767976,399.69,0
5166,12355.475,"Mount",0.356,-0.427,0.505,0.232,0.299,0.000,59,W,0,,,,798038,477.98,0
5167,12357.747,"Mount",-0.363,0.011,-0.332,0.147,-0.188,0.000,37,E,0,,,,758810,397.18,0
5168,12360.187,"Mount",0.280,-0.527,0.480,0.355,0.289,0.000,57,W,0,,,,787666,386.91,0
5169,12362.467,"Mount",0.264,-0.780,0.574,0.590,0.382,0.000,75,W,0,,,,809091,462.01,0
5170,12364.809,"Mount",0.089,-0.093,0.120,0.046,0.000,0.000,0,,0,,,,757652,462.04,0
5171,12366.985,"Mount",-0.109,-0.192,-0.015,0.221,0.000,0.000,0,,0,,,,797345,426.55,0
5172,12369.467,"Mount",-0.573,0.207,-0.606,0.060,-0.382,0.000,75,E,0,,,,821172,460.11,0
5173,12371.671,"Mount",0.004,-0.056,0.028,0.049,0.000,0.000,0,,0,,,,775137,450.58,0
5174,12374.003,"Mount",-0.152,0.114,-0.187,-0.037,0.000,0.000,0,,0,,,,807523,455.35,0
5175,12376.210,"Mount",-0.021,0.174,-0.094,-0.148,0.000,0.000,0,,0,,,,766115,461.13,0
5176,12378.565,"Mount",-0.079,-0.099,-0.028,0.124,0.000,0.000,0,,0,,,,775512,447.06,0
5177,12380.819,"Mount",0.311,-0.189,0.362,0.037,0.228,0.000,45,W,0,,,,756663,450.54,0
5178,12383.307,"Mount",0.422,-0.561,0.622,0.324,0.408,0.000,80,W,0,,,,767775,444.46,0
5179,12385.723,"Mount",0.972,-1.051,1.330,0.530,0.867,0.000,170,W,0,,,,808986,441.39,0
5180,12388.203,"Mount",-0.956,0.049,-0.884,0.367,-0.496,0.000,97,E,0,,,,776785,380.25,0
5181,12390.380,"Mount",-0.035,0.113,-0.080,-0.087,0.000,0.000,0,,0,,,,758424,457.65,0
5182,12392.723,"Mount",0.066,-0.199,0.146,0.151,0.000,0.000,0,,0,,,,805610,452.87,0
5183,12394.904,"Mount",0.129,-0.171,0.190,0.098,0.000,0.000,0,,0,,,,791944,469.40,0
5184,12397.331,"Mount",-0.304,0.179,-0.351,-0.031,-0.221,0.000,43,E,0,,,,823751,451.06,0
5185,12399.544,"Mount",-0.003,0.097,-0.044,-0.086,0.000,0.000,0,,0,,,,802614,424.08,0
5186,12401.971,"Mount",-0.367,0.190,-0.413,-0.014,-0.260,0.000,51,E,0,,,,822472,456.17,0
5187,12404.199,"Mount",0.154,-0.155,0.205,0.074,0.000,0.000,0,,0,,,,774339,410.93,0
5188,12406.561,"Mount",0.118,-0.017,0.114,-0.035,0.000,0.000,0,,0,,,,762023,367.15,0
5189,12408.752,"Mount",0.105,-0.237,0.197,0.169,0.000,0.000,0,,0,,,,793262,443.79,0
5190,12411.104,"Mount",-0.114,0.029,-0.115,0.023,0.000,0.000,0,,0,,,,820272,416.66,0
5191,12413.310,"Mount",0.041,0.038,0.021,-0.052,0.000,0.000,0,,0,,,,767275,460.08,0
5192,12415.755,"Mount",-0.539,0.367,-0.645,-0.099,-0.406,0.000,80,E,0,,,,793988,421.70,0
5193,12418.019,"Mount",-0.602,-0.335,-0.399,0.561,-0.280,0.000,55,E,0,,,,767295,431.06,0
5194,12420.351,"Mount",-0.008,-0.155,0.059,0.144,0.000,0.000,0,,0,,,,798356,435.19,0
5195,12422.595,"Mount",0.209,-0.364,0.345,0.238,0.218,0.000,43,W,0,,,,847469,441.95,0
5196,12424.942,"Mount",0.050,-0.030,0.058,0.006,0.000,0.000,0,,0,,,,790276,438.37,0
5197,12427.112,"Mount",-0.022,-0.101,0.024,0.101,0.000,0.000,0,,0,,,,772673,428.89,0
5198,12429.508,"Mount",-0.098,-0.011,-0.083,0.052,0.000,0.000,0,,0,,,,760988,435.64,0
5199,12431.711,"Mount",0.174,-0.085,0.194,0.002,0.000,0.000,0,,0,,,,742381,409.31,0
5200,12434.155,"Mount",-0.649,0.247,-0.692,0.057,-0.436,0.000,85,E,0,,,,815698,458.83,0
5201,12436.333,"Mount",-0.079,0.152,-0.137,-0.103,0.000,0.000,0,,0,,,,787020,456.45,0
5202,12438.755,"Mount",-0.200,0.339,-0.326,-0.220,-0.206,0.000,40,E,0,,,,766404,458.22,0
5203,12440.928,"Mount",-0.162,0.168,-0.219,-0.082,0.000,0.000,0,,0,,,,822251,486.47,0
5204,12443.287,"Mount",0.128,0.203,0.029,-0.238,0.000,0.000,0,,0,,,,791646,449.81,0
5205,12445.651,"Mount",0.870,-0.149,0.850,-0.240,0.535,0.000,105,W,0,,,,783201,443.57,0
5206,12448.100,"Mount",0.394,-0.103,0.400,-0.076,0.289,0.000,57,W,0,,,,754572,443.94,0
5207,12450.411,"Mount",0.838,-0.157,0.824,-0.218,0.539,0.000,106,W,0,,,,788505,519.06,0
5208,12452.757,"Mount",-0.177,0.103,-0.204,-0.017,0.000,0.000,0,,0,,,,813634,449.83,0
5209,12454.933,"Mount",-0.105,0.107,-0.140,-0.051,0.000,0.000,0,,0,,,,797249,442.62,0
5210,12457.292,"Mount",-0.129,0.197,-0.201,-0.122,0.000,0.000,0,,0,,,,777274,428.58,0
5211,12459.510,"Mount",0.118,0.007,0.103,-0.057,0.000,0.000,0,,0,,,,812026,434.18,0
5212,12461.907,"Mount",-0.083,0.380,-0.239,-0.308,-0.151,0.000,29,E,0,,,,737282,398.31,0
5213,12464.179,"Mount",-0.328,0.367,-0.454,-0.190,-0.297,0.000,58,E,0,,,,749631,413.27,0
5214,12466.535,"Mount",-0.130,0.012,-0.123,0.045,0.000,0.000,0,,0,,,,743840,447.75,0
5215,12468.708,"Mount",0.033,0.173,-0.045,-0.171,0.000,0.000,0,,0,,,,801845,425.68,0
5216,12471.163,"Mount",0.510,-0.406,0.635,0.147,0.400,0.000,78,W,0,,,,768341,438.85,0
5217,12473.459,"Mount",0.194,-0.268,0.290,0.159,0.211,0.000,41,W,0,,,,807551,458.25,0
5218,12475.947,"Mount",-0.713,0.423,-0.826,-0.074,-0.505,0.000,99,E,0,,,,728705,335.13,0
5219,12479.380,"Mount",-0.095,-1.654,0.626,1.534,0.359,1.534,70,W,1099,S,,,721915,369.22,0
5220,12482.124,"Mount",-1.029,-0.010,-0.925,0.452,-0.557,0.452,109,E,92,S,,,754495,405.80,0
5221,12484.302,"Mount",-0.162,-0.091,-0.107,0.152,0.000,0.000,0,,0,,,,752639,453.97,0
5222,12486.723,"Mount",-0.386,0.008,-0.352,0.159,-0.222,0.000,43,E,0,,,,776728,469.04,0
5223,12488.899,"Mount",0.079,-0.165,0.142,0.115,0.000,0.000,0,,0,,,,802018,463.86,0
5224,12491.517,"Mount",-0.531,-0.266,-0.365,0.469,-0.230,0.469,45,E,96,S,,,741281,380.24,0
5225,12493.835,"Mount",0.631,-0.678,0.861,0.341,0.527,0.000,103,W,0,,,,820794,446.37,0
5226,12496.196,"Mount",0.068,0.044,0.042,-0.069,0.000,0.000,0,,0,,,,794785,446.65,0
5227,12498.508,"Mount",-0.644,0.412,-0.759,-0.095,-0.478,0.000,94,E,0,,,,802624,426.40,0
5228,12500.850,"Mount",-0.088,-0.058,-0.054,0.090,0.000,0.000,0,,0,,,,821909,437.22,0
5229,12503.139,"Mount",-0.676,0.273,-0.728,0.044,-0.459,0.000,90,E,0,,,,789874,331.88,0
5230,12505.659,"Mount",0.906,-0.229,0.916,-0.183,0.545,0.000,107,W,0,,,,817787,492.39,0
5231,12507.979,"Mount",0.826,-0.096,0.787,-0.268,0.534,0.000,105,W,0,,,,803085,450.19,0
5232,12510.520,"Mount",0.868,-0.127,0.838,-0.259,0.565,0.000,111,W,0,,,,826397,449.95,0
5233,12512.695,"Mount",0.007,0.092,-0.033,-0.086,0.000,0.000,0,,0,,,,796338,461.87,0
5234,12515.163,"Mount",-0.483,0.318,-0.573,-0.079,-0.361,0.000,71,E,0,,,,804799,436.68,0
5235,12517.467,"Mount",-0.235,0.337,-0.357,-0.203,-0.250,0.000,49,E,0,,,,740665,412.00,0
5236,12519.915,"Mount",-0.403,0.347,-0.513,-0.140,-0.341,0.000,67,E,0,,,,761542,423.09,0
5237,12522.082,"Mount",0.291,0.341,0.116,-0.433,0.000,0.000,0,,0,,,,840052,494.25,0
5238,12524.539,"Mount",0.599,0.051,0.519,-0.303,0.327,0.000,64,W,0,,,,802855,455.62,0
5239,12526.714,"Mount",-0.020,0.086,-0.055,-0.069,0.000,0.000,0,,0,,,,826330,481.18,0
5240,12529.203,"Mount",0.884,-0.268,0.913,-0.139,0.575,0.000,113,W,0,,,,816648,422.26,0
5241,12531.619,"Mount",1.197,-0.354,1.233,-0.195,0.817,0.000,160,W,0,,,,788686,437.65,0
5242,12533.949,"Mount",0.122,0.047,0.090,-0.095,0.000,0.000,0,,0,,,,762494,385.35,0
5243,12536.251,"Mount",-0.368,0.238,-0.434,-0.057,-0.274,0.000,54,E,0,,,,763978,458.39,0
5244,12538.707,"Mount",-0.334,0.605,-0.561,-0.402,-0.373,0.000,73,E,0,,,,740133,433.28,0
5245,12541.963,"Mount",-0.213,0.905,-0.581,-0.726,-0.392,-0.726,77,E,934,N,,,628454,278.28,0
5246,12544.515,"Mount",-1.176,0.828,-1.418,-0.242,-0.921,0.000,180,E,0,,,,756633,389.45,0
5247,12546.692,"Mount",0.118,0.309,-0.027,-0.330,0.000,0.000,0,,0,,,,738420,396.28,0
5248,12549.275,"Mount",0.354,0.768,-0.010,-0.845,0.000,-0.845,0,,173,N,,,799196,426.54,0
5249,12551.883,"Mount",1.177,0.357,0.909,-0.828,0.572,-0.828,112,W,169,N,,,796026,442.76,0
5250,12554.363,"Mount",0.749,-0.072,0.707,-0.258,0.486,0.000,95,W,0,,,,754377,439.27,0
5251,12556.699,"Mount",0.228,0.525,-0.020,-0.572,0.000,-0.572,0,,117,N,,,797917,470.66,0
5252,12559.115,"Mount",0.321,-0.104,0.335,-0.045,0.211,0.000,41,W,0,,,,779781,467.86,0
5253,12561.379,"Mount",-0.190,0.138,-0.231,-0.043,-0.131,0.000,26,E,0,,,,795014,431.14,0
5254,12563.795,"Mount",0.381,0.193,0.260,-0.338,0.155,0.000,30,W,0,,,,791244,426.75,0
5255,12565.977,"Mount",0.143,0.006,0.126,-0.067,0.000,0.000,0,,0,,,,748622,462.50,0
5256,12568.321,"Mount",0.159,0.030,0.131,-0.095,0.000,0.000,0,,0,,,,790210,465.92,0
5257,12570.603,"Mount",-0.712,-0.095,-0.602,0.392,-0.379,0.000,74,E,0,,,,695664,341.69,0
5258,12574.427,"Mount",-2.276,-0.284,-1.932,1.236,-1.243,1.236,244,E,1117,S,,,694211,362.94,0
5259,12577.091,"Mount",1.428,-1.668,2.007,0.891,1.177,0.891,231,W,182,S,,,746700,481.12,0
5260,12579.635,"Mount",0.953,-0.153,0.926,-0.272,0.666,0.000,130,W,0,,,,777303,407.70,0
5261,12582.004,"Mount",0.833,-0.522,0.977,0.112,0.662,0.000,130,W,0,,,,753865,468.46,0
5262,12584.499,"Mount",-0.338,0.445,-0.497,-0.256,-0.267,0.000,52,E,0,,,,757034,438.67,0
5263,12586.763,"Mount",-0.346,0.257,-0.423,-0.083,-0.285,0.000,56,E,0,,,,758490,431.10,0
5264,12589.112,"Mount",0.059,0.046,0.033,-0.067,0.000,0.000,0,,0,,,,793256,447.62,0
5265,12591.379,"Mount",-0.221,0.353,-0.352,-0.224,-0.222,0.000,43,E,0,,,,791067,401.24,0
5266,12593.723,"Mount",0.147,0.151,0.068,-0.199,0.000,0.000,0,,0,,,,777023,412.88,0
5267,12595.971,"Mount",0.293,0.027,0.253,-0.151,0.160,0.000,31,W,0,,,,783452,464.26,0
5268,12598.318,"Mount",-0.007,0.096,-0.047,-0.084,0.000,0.000,0,,0,,,,809886,445.44,0
5269,12600.555,"Mount",0.351,0.000,0.317,-0.151,0.200,0.000,39,W,0,,,,814046,465.58,0
5270,12602.891,"Mount",0.092,0.341,-0.064,-0.348,0.000,0.000,0,,0,,,,805163,507.54,0
5271,12605.067,"Mount",0.075,0.236,-0.034,-0.245,0.000,0.000,0,,0,,,,778885,415.59,0
5272,12607.532,"Mount",-0.393,0.220,-0.449,-0.030,-0.283,0.000,55,E,0,,,,823288,488.19,0
5273,12609.795,"Mount",-0.318,0.335,-0.431,-0.166,-0.291,0.000,57,E,0,,,,767656,421.52,0
5274,12612.131,"Mount",0.223,0.136,0.143,-0.218,0.000,0.000,0,,0,,,,773715,401.34,0
5275,12614.310,"Mount",0.218,-0.052,0.219,-0.047,0.000,0.000,0,,0,,,,787961,432.76,0
5276,12616.659,"Mount",0.220,-0.041,0.216,-0.058,0.000,0.000,0,,0,,,,778523,427.90,0
5277,12618.818,"Mount",0.225,0.123,0.150,-0.208,0.000,0.000,0,,0,,,,798784,456.85,0
5278,12621.283,"Mount",-0.206,0.406,-0.361,-0.278,-0.227,0.000,44,E,0,,,,804865,471.58,0
5279,12623.571,"Mount",-0.060,0.602,-0.313,-0.518,-0.213,0.000,42,E,0,,,,753356,436.30,0
5280,12625.900,"Mount",0.300,0.113,0.222,-0.231,0.000,0.000,0,,0,,,,810849,435.55,0
5281,12628.163,"Mount",-0.237,0.185,-0.293,-0.065,-0.185,0.000,36,E,0,,,,805458,440.99,0
5282,12630.619,"Mount",-0.499,0.382,-0.615,-0.130,-0.401,0.000,78,E,0,,,,753030,428.78,0
5283,12632.963,"Mount",-0.892,0.590,-1.059,-0.149,-0.695,0.000,136,E,0,,,,781108,459.22,0
5284,12635.467,"Mount",0.816,-0.030,0.749,-0.324,0.423,0.000,83,W,0,,,,815392,490.00,0
5285,12637.755,"Mount",0.587,-0.138,0.589,-0.128,0.401,0.000,79,W,0,,,,771196,449.46,0
5286,12640.179,"Mount",0.572,0.471,0.314,-0.671,0.226,0.000,44,W,0,,,,705828,460.68,0
5287,12643.459,"Mount",-0.166,0.663,-0.435,-0.527,-0.258,-0.527,51,E,973,N,,,771224,427.48,0
5288,12645.875,"Mount",-0.262,0.270,-0.353,-0.131,-0.240,0.000,47,E,0,,,,803733,446.36,0
5289,12648.056,"Mount",-0.123,0.215,-0.203,-0.141,0.000,0.000,0,,0,,,,786332,462.95,0
5290,12650.394,"Mount",0.064,0.212,-0.034,-0.219,0.000,0.000,0,,0,,,,818155,472.08,0
5291,12652.557,"Mount",0.019,0.344,-0.131,-0.319,0.000,0.000,0,,0,,,,787706,422.49,0
5292,12655.021,"Mount",-0.468,0.295,-0.549,-0.065,-0.346,0.000,68,E,0,,,,753859,399.93,0
5293,12657.436,"Mount",-1.161,0.885,-1.429,-0.299,-0.924,0.000,181,E,0,,,,711540,410.41,0
5294,12660.099,"Mount",1.083,0.335,0.833,-0.768,0.460,-0.768,90,W,157,N,,,827963,484.59,0
5295,12662.667,"Mount",1.535,-0.076,1.418,-0.592,0.926,-0.592,181,W,121,N,,,748106,398.45,0
5296,12665.410,"Mount",-1.295,1.046,-1.619,-0.387,-0.955,-0.387,187,E,79,N,,,765586,429.64,0
5297,12667.591,"Mount",-0.089,0.089,-0.118,-0.042,0.000,0.000,0,,0,,,,739497,405.33,0
5298,12670.019,"Mount",0.452,-0.019,0.416,-0.177,0.262,0.000,51,W,0,,,,819856,402.30,0
5299,12672.340,"Mount",0.815,-0.302,0.866,-0.078,0.564,0.000,110,W,0,,,,764816,418.96,0
5300,12674.747,"Mount",-0.106,0.384,-0.261,-0.301,-0.125,0.000,24,E,0,,,,786352,441.46,0
5301,12676.931,"Mount",0.031,0.083,-0.008,-0.088,0.000,0.000,0,,0,,,,809786,470.08,0
5302,12679.411,"Mount",-0.490,0.351,-0.594,-0.106,-0.374,0.000,73,E,0,,,,803245,464.88,0
5303,12681.819,"Mount",0.506,0.170,0.383,-0.371,0.215,-0.371,42,W,76,N,,,794639,450.64,0
5304,12684.291,"Mount",0.593,-0.332,0.679,0.044,0.443,0.000,87,W,0,,,,745928,386.78,0
5305,12686.620,"Mount",0.187,-0.733,0.484,0.581,0.336,0.000,66,W,0,,,,831157,445.25,0
5306,12688.980,"Mount",0.008,-0.258,0.119,0.230,0.000,0.000,0,,0,,,,782835,423.15,0
5307,12691.277,"Mount",0.146,-0.296,0.259,0.205,0.163,0.000,32,W,0,,,,799801,471.12,0
5308,12693.771,"Mount",-1.107,-0.219,-0.905,0.674,-0.559,0.000,109,E,0,,,,751431,449.51,0
5309,12696.036,"Mount",-0.393,-0.197,-0.270,0.347,-0.209,0.000,41,E,0,,,,825539,471.44,0
5310,12698.379,"Mount",-0.071,-0.112,-0.016,0.132,0.000,0.000,0,,0,,,,824924,421.68,0
5311,12700.545,"Mount",-0.052,-0.258,0.064,0.255,0.000,0.000,0,,0,,,,800661,407.26,0
5312,12702.880,"Mount",-0.175,-0.162,-0.088,0.221,0.000,0.000,0,,0,,,,793982,433.50,0
5313,12705.060,"Mount",-0.154,-0.287,-0.016,0.325,0.000,0.000,0,,0,,,,767897,429.73,0
5314,12707.448,"Mount",0.082,-0.327,0.215,0.259,0.000,0.000,0,,0,,,,788376,456.70,0
5315,12709.707,"Mount",0.274,-0.216,0.340,0.077,0.214,0.000,42,W,0,,,,764081,436.47,0
5316,12712.040,"Mount",-0.190,0.101,-0.215,-0.010,0.000,0.000,0,,0,,,,784915,444.33,0
5317,12714.204,"Mount",0.022,0.067,-0.009,-0.070,0.000,0.000,0,,0,,,,759096,414.47,0
5318,12716.619,"Mount",0.216,-0.357,0.349,0.229,0.220,0.000,43,W,0,,,,769146,454.06,0
5319,12718.793,"Mount",-0.219,-0.073,-0.166,0.161,0.000,0.000,0,,0,,,,820979,445.22,0
5320,12721.219,"Mount",-0.456,-0.004,-0.410,0.200,-0.259,0.000,51,E,0,,,,789395,418.20,0
5321,12723.429,"Mount",-0.183,-0.071,-0.135,0.143,0.000,0.000,0,,0,,,,772560,436.82,0
5322,12725.764,"Mount",-0.060,-0.249,0.053,0.251,0.000,0.000,0,,0,,,,778614,441.39,0
5323,12728.051,"Mount",0.365,-0.599,0.587,0.383,0.370,0.000,72,W,0,,,,777703,473.71,0
5324,12730.508,"Mount",0.333,-0.552,0.538,0.355,0.365,0.000,72,W,0,,,,787574,457.87,0
5325,12732.827,"Mount",-0.935,0.091,-0.883,0.320,-0.531,0.000,104,E,0,,,,766710,404.34,0
5326,12735.274,"Mount",-0.396,-0.176,-0.282,0.330,-0.215,0.000,42,E,0,,,,728578,419.28,0
5327,12737.627,"Mount",-0.619,0.201,-0.645,0.085,-0.421,0.000,83,E,0,,,,794044,494.53,0
5328,12739.975,"Mount",0.043,-0.211,0.129,0.172,0.000,0.000,0,,0,,,,778818,425.91,0
5329,12742.211,"Mount",-0.297,0.075,-0.300,0.061,-0.189,0.000,37,E,0,,,,757202,450.79,0
5330,12744.667,"Mount",0.411,-0.453,0.566,0.232,0.343,0.000,67,W,0,,,,768911,441.04,0
5331,12746.971,"Mount",-1.012,-0.121,-0.861,0.545,-0.519,0.000,102,E,0,,,,774780,433.82,0
5332,12749.491,"Mount",0.603,-0.363,0.700,0.068,0.405,0.000,79,W,0,,,,783300,436.45,0
5333,12751.702,"Mount",0.088,-0.343,0.227,0.271,0.000,0.000,0,,0,,,,817692,492.11,0
5334,12754.050,"Mount",0.124,-0.103,0.156,0.040,0.000,0.000,0,,0,,,,745105,426.91,0
5335,12756.299,"Mount",0.158,-0.238,0.245,0.147,0.154,0.000,30,W,0,,,,769075,456.64,0
5336,12758.763,"Mount",0.210,-0.115,0.239,0.013,0.161,0.000,32,W,0,,,,791630,422.58,0
5337,12761.043,"Mount",-0.694,0.246,-0.732,0.077,-0.450,0.000,88,E,0,,,,786241,370.21,0
5338,12763.507,"Mount",-0.576,0.100,-0.563,0.158,-0.386,0.000,76,E,0,,,,761396,366.59,0
5339,12765.709,"Mount",-0.229,0.021,-0.216,0.079,0.000,0.000,0,,0,,,,737008,458.56,0
5340,12768.069,"Mount",-0.204,-0.211,-0.093,0.278,0.000,0.000,0,,0,,,,785920,470.95,0
5341,12770.253,"Mount",-0.075,-0.362,0.089,0.359,0.000,0.000,0,,0,,,,752797,400.31,0
5342,12772.683,"Mount",-0.445,0.110,-0.449,0.092,-0.283,0.000,55,E,0,,,,802344,450.01,0
5343,12775.003,"Mount",-0.823,0.240,-0.846,0.137,-0.553,0.000,108,E,0,,,,787099,419.80,0
5344,12777.377,"Mount",0.124,-0.080,0.146,0.019,0.000,0.000,0,,0,,,,754660,415.94,0
5345,12779.699,"Mount",-0.482,0.171,-0.509,0.053,-0.320,0.000,63,E,0,,,,766305,409.40,0
5346,12782.123,"Mount",0.371,-0.225,0.432,0.044,0.250,0.000,49,W,0,,,,805129,431.35,0
5347,12784.294,"Mount",0.001,0.047,-0.020,-0.042,0.000,0.000,0,,0,,,,772960,453.22,0
5348,12786.755,"Mount",-0.605,0.169,-0.619,0.107,-0.390,0.000,76,E,0,,,,770588,406.45,0
5349,12788.924,"Mount",-0.109,-0.147,-0.035,0.179,0.000,0.000,0,,0,,,,781151,460.45,0
5350,12791.322,"Mount",-0.092,-0.011,-0.078,0.049,0.000,0.000,0,,0,,,,773664,441.43,0
5351,12793.503,"Mount",-0.182,0.103,-0.209,-0.014,0.000,0.000,0,,0,,,,744446,434.23,0
5352,12795.923,"Mount",-0.219,0.270,-0.313,-0.149,-0.197,0.000,39,E,0,,,,760672,480.24,0
5353,12798.203,"Mount",-0.477,0.189,-0.512,0.035,-0.337,0.000,66,E,0,,,,760102,448.23,0
5354,12800.549,"Mount",0.141,-0.087,0.165,0.018,0.000,0.000,0,,0,,,,809725,450.53,0
5355,12802.811,"Mount",0.381,-0.223,0.440,0.037,0.277,0.000,54,W,0,,,,762635,436.95,0
5356,12805.276,"Mount",-0.676,0.151,-0.675,0.155,-0.406,0.000,80,E,0,,,,793960,426.10,0
5357,12807.504,"Mount",0.121,-0.216,0.202,0.143,0.000,0.000,0,,0,,,,795251,464.37,0
5358,12809.924,"Mount",0.088,-0.486,0.288,0.401,0.182,0.000,36,W,0,,,,743990,413.56,0
5359,12812.187,"Mount",0.076,-0.650,0.348,0.554,0.232,0.000,45,W,0,,,,770400,412.12,0
5360,12814.644,"Mount",-0.444,0.317,-0.537,-0.096,-0.322,0.000,63,E,0,,,,785428,427.80,0
5361,12816.931,"Mount",-0.408,0.158,-0.436,0.033,-0.297,0.000,58,E,0,,,,835071,458.11,0
5362,12819.437,"Mount",-0.694,0.384,-0.791,-0.048,-0.519,0.000,102,E,0,,,,700642,351.20,0
5363,12821.763,"Mount",-0.560,0.111,-0.553,0.140,-0.385,0.000,75,E,0,,,,767402,464.06,0
5364,12824.095,"Mount",0.113,-0.288,0.226,0.212,0.000,0.000,0,,0,,,,748572,431.95,0
5365,12826.315,"Mount",0.070,-0.063,0.091,0.026,0.000,0.000,0,,0,,,,762697,403.63,0
5366,12828.763,"Mount",0.428,-0.138,0.445,-0.060,0.281,0.000,55,W,0,,,,769261,458.55,0
5367,12830.991,"Mount",-0.108,0.005,-0.100,0.043,0.000,0.000,0,,0,,,,750283,442.37,0
5368,12833.467,"Mount",-0.250,0.262,-0.339,-0.129,-0.213,0.000,42,E,0,,,,769809,381.40,0
5369,12835.747,"Mount",0.435,-0.340,0.539,0.120,0.325,0.000,64,W,0,,,,728532,423.68,0
5370,12838.227,"Mount",0.629,-0.402,0.741,0.092,0.490,0.000,96,W,0,,,,802060,493.27,0
5371,12840.402,"Mount",-0.143,-0.203,-0.042,0.245,0.000,0.000,0,,0,,,,766633,420.79,0
5372,12842.819,"Mount",-0.439,-0.085,-0.360,0.266,-0.227,0.000,44,E,0,,,,765651,418.07,0
5373,12845.163,"Mount",-0.966,0.250,-0.979,0.190,-0.633,0.000,124,E,0,,,,772249,391.11,0
5374,12847.539,"Mount",0.066,0.077,0.026,-0.098,0.000,0.000,0,,0,,,,773561,468.33,0
5375,12849.712,"Mount",0.121,-0.097,0.151,0.035,0.000,0.000,0,,0,,,,776279,425.98,0
5376,12852.046,"Mount",0.127,-0.112,0.163,0.046,0.000,0.000,0,,0,,,,752895,433.07,0
5377,12854.315,"Mount",0.306,-0.236,0.378,0.081,0.238,0.000,47,W,0,,,,811639,437.13,0
5378,12856.724,"Mount",-0.270,0.192,-0.326,-0.057,-0.189,0.000,37,E,0,,,,805496,461.59,0
5379,12859.019,"Mount",-0.584,0.207,-0.617,0.064,-0.402,0.000,79,E,0,,,,695194,345.41,0
5380,12861.524,"Mount",-0.350,0.208,-0.405,-0.037,-0.283,0.000,55,E,0,,,,728041,397.77,0
5381,12863.819,"Mount",-0.803,-0.085,-0.688,0.423,-0.453,0.000,89,E,0,,,,784977,377.91,0
5382,12866.427,"Mount",1.329,-0.832,1.558,0.179,0.950,0.000,186,W,0,,,,755285,461.16,0
5383,12868.779,"Mount",0.979,-0.333,1.027,-0.121,0.713,0.000,140,W,0,,,,796282,499.79,0
5384,12871.299,"Mount",0.235,-0.542,0.446,0.388,0.331,0.000,65,W,0,,,,773366,436.67,0
5385,12873.571,"Mount",0.217,-0.245,0.301,0.127,0.213,0.000,42,W,0,,,,799087,466.20,0
5386,12875.917,"Mount",0.102,0.000,0.092,-0.044,0.000,0.000,0,,0,,,,855751,502.88,0
5387,12878.093,"Mount",0.182,-0.120,0.215,0.030,0.000,0.000,0,,0,,,,800788,427.82,0
5388,12880.481,"Mount",0.027,-0.061,0.051,0.043,0.000,0.000,0,,0,,,,809665,465.05,0
5389,12882.819,"Mount",-0.430,0.196,-0.473,0.008,-0.298,0.000,58,E,0,,,,804787,430.53,0
5390,12885.339,"Mount",-1.032,0.520,-1.156,-0.026,-0.749,0.000,147,E,0,,,,784802,353.84,0
5391,12887.724,"Mount",-0.614,0.592,-0.809,-0.270,-0.562,0.000,110,E,0,,,,802509,491.94,0
INFO: SET LOCK POSITION, new lock pos = 34.422, 789.580
INFO: DITHER by 4.559, 4.257, new lock pos = 36.705, 783.775
INFO: SETTLING STATE CHANGE, Settling started
5392,12892.642,"Mount",-2.283,5.805,-4.559,-4.257,-4.559,-4.257,893,E,869,N,,,823852,429.91,0
5393,12895.279,"Mount",1.043,-0.135,1.000,-0.327,0.630,0.000,123,W,0,,,,740050,342.29,0
5394,12897.860,"Mount",0.379,-0.697,0.642,0.466,0.449,0.000,88,W,0,,,,726418,410.00,0
5395,12901.521,"Mount",-0.047,-1.344,0.536,1.233,0.369,1.233,72,W,1117,S,,,700459,326.15,0
5396,12903.819,"Mount",0.282,-0.435,0.442,0.272,0.304,0.000,60,W,0,,,,754423,393.16,0
INFO: SETTLING STATE CHANGE, Settling complete
5397,12906.403,"Mount",-1.194,0.188,-1.158,0.344,-0.708,0.000,139,E,0,,,,746941,433.91,0
5398,12908.817,"Mount",-1.263,0.636,-1.413,-0.031,-0.940,0.000,184,E,0,,,,787563,496.20,0
5399,12911.565,"Mount",0.551,-0.423,0.679,0.145,0.362,0.000,71,W,0,,,,778264,470.72,0
5400,12913.881,"Mount",0.005,-0.321,0.142,0.288,0.000,0.000,0,,0,,,,773591,447.57,0
5401,12916.533,"Mount",-1.768,0.714,-1.903,0.116,-1.199,0.000,235,E,0,,,,770395,402.22,0
5402,12918.862,"Mount",-0.020,0.471,-0.220,-0.417,0.000,0.000,0,,0,,,,798448,440.54,0
5403,12921.226,"Mount",0.138,0.403,-0.048,-0.423,0.000,0.000,0,,0,,,,770153,432.57,0
5404,12923.439,"Mount",0.234,0.457,0.015,-0.513,0.000,0.000,0,,0,,,,765861,459.24,0
5405,12926.155,"Mount",-2.231,0.706,-2.318,0.323,-1.460,0.000,286,E,0,,,,747306,382.85,0
5406,12928.587,"Mount",-0.155,0.288,-0.264,-0.193,-0.269,0.000,53,E,0,,,,715616,361.26,0
5407,12931.017,"Mount",0.442,-0.024,0.409,-0.169,0.239,0.000,47,W,0,,,,737986,376.53,0
5408,12933.196,"Mount",0.185,0.065,0.139,-0.138,0.000,0.000,0,,0,,,,796829,436.62,0
5409,12935.747,"Mount",0.956,-0.178,0.939,-0.251,0.592,0.000,116,W,0,,,,774223,466.32,0
5410,12939.003,"Mount",0.426,0.330,0.243,-0.481,0.194,-0.481,38,W,963,N,,,808496,460.79,0
5411,12941.623,"Mount",-0.109,0.366,-0.256,-0.283,-0.148,0.000,29,E,0,,,,816990,473.00,0
5412,12943.939,"Mount",0.214,0.451,-0.001,-0.499,0.000,-0.499,0,,102,N,,,810647,483.76,0
5413,12946.305,"Mount",0.200,0.279,0.060,-0.337,0.000,0.000,0,,0,,,,729937,448.67,0
5414,12948.497,"Mount",-0.115,0.283,-0.226,-0.206,0.000,0.000,0,,0,,,,759611,422.86,0
5415,12950.853,"Mount",-0.030,0.370,-0.186,-0.321,0.000,0.000,0,,0,,,,788444,437.18,0
5416,12953.195,"Mount",-0.514,0.611,-0.726,-0.330,-0.458,0.000,90,E,0,,,,804352,463.96,0
5417,12955.684,"Mount",0.368,0.173,0.258,-0.314,0.130,0.000,26,W,0,,,,789649,463.44,0
5418,12958.011,"Mount",-0.686,0.204,-0.707,0.111,-0.436,0.000,85,E,0,,,,760265,390.71,0
5419,12960.612,"Mount",0.584,0.336,0.382,-0.554,0.210,-0.554,41,W,113,N,,,772799,449.20,0
5420,12962.923,"Mount",0.094,0.427,-0.099,-0.426,0.000,-0.426,0,,87,N,,,784409,442.29,0
5421,12965.324,"Mount",-0.122,-0.475,0.095,0.481,0.000,0.000,0,,0,,,,759815,435.95,0
5422,12967.613,"Mount",-0.031,-0.077,0.005,0.083,0.000,0.000,0,,0,,,,770005,468.24,0
5423,12969.955,"Mount",0.139,-0.014,0.132,-0.047,0.000,0.000,0,,0,,,,787128,462.93,0
5424,12972.205,"Mount",0.082,-0.394,0.244,0.320,0.154,0.000,30,W,0,,,,740065,442.55,0
5425,12974.676,"Mount",-0.514,-0.312,-0.329,0.503,-0.197,0.000,39,E,0,,,,741108,442.43,0
5426,12977.000,"Mount",-0.742,0.205,-0.758,0.134,-0.491,0.000,96,E,0,,,,751018,448.78,0
5427,12979.401,"Mount",0.106,-0.012,0.100,-0.035,0.000,0.000,0,,0,,,,766211,505.80,0
5428,12981.685,"Mount",0.180,0.085,0.126,-0.154,0.000,0.000,0,,0,,,,786933,462.87,0
5429,12984.115,"Mount",0.310,-0.102,0.324,-0.042,0.204,0.000,40,W,0,,,,764715,463.33,0
5430,12986.535,"Mount",0.544,0.025,0.481,-0.257,0.317,0.000,62,W,0,,,,766604,447.01,0
5431,12988.876,"Mount",-0.059,-0.264,0.061,0.263,0.000,0.000,0,,0,,,,780880,465.78,0
5432,12991.179,"Mount",-0.359,-0.045,-0.305,0.195,-0.192,0.000,38,E,0,,,,732036,431.20,0
5433,12993.565,"Mount",-0.130,0.170,-0.191,-0.098,0.000,0.000,0,,0,,,,759106,424.92,0
5434,12995.750,"Mount",-0.030,0.075,-0.059,-0.055,0.000,0.000,0,,0,,,,775916,428.54,0
5435,12998.300,"Mount",0.063,-0.156,0.124,0.114,0.000,0.000,0,,0,,,,789397,417.62,0
5436,13000.637,"Mount",-0.992,0.188,-0.976,0.257,-0.615,0.000,121,E,0,,,,750367,439.45,0
5437,13003.091,"Mount",-0.344,-0.021,-0.301,0.167,-0.233,0.000,46,E,0,,,,815854,477.19,0
5438,13005.394,"Mount",-0.209,0.172,-0.263,-0.065,-0.182,0.000,36,E,0,,,,737996,429.04,0
5439,13007.923,"Mount",0.575,-0.028,0.531,-0.223,0.322,0.000,63,W,0,,,,757286,407.99,0
5440,13010.259,"Mount",0.693,-0.303,0.756,-0.025,0.499,0.000,98,W,0,,,,693595,385.71,0
5441,13012.708,"Mount",0.442,-0.183,0.477,-0.025,0.336,0.000,66,W,0,,,,774626,448.29,0
5442,13014.929,"Mount",0.056,-0.128,0.106,0.092,0.000,0.000,0,,0,,,,765131,451.98,0
5443,13017.402,"Mount",-0.332,0.046,-0.319,0.101,-0.201,0.000,39,E,0,,,,798992,467.12,0
5444,13019.656,"Mount",-0.153,-0.009,-0.134,0.074,0.000,0.000,0,,0,,,,711762,384.20,0
5445,13022.195,"Mount",-1.035,0.068,-0.963,0.384,-0.607,0.000,119,E,0,,,,776327,423.68,0
5446,13024.377,"Mount",0.070,0.017,0.056,-0.045,0.000,0.000,0,,0,,,,784386,463.78,0
5447,13026.836,"Mount",-0.585,-0.221,-0.433,0.451,-0.273,0.000,53,E,0,,,,747787,455.15,0
5448,13029.139,"Mount",0.332,-0.367,0.458,0.188,0.269,0.000,53,W,0,,,,789599,426.69,0
5449,13031.700,"Mount",0.316,-0.381,0.449,0.208,0.302,0.000,59,W,0,,,,787012,472.68,0
5450,13033.888,"Mount",0.217,-0.046,0.215,-0.052,0.000,0.000,0,,0,,,,781322,416.16,0
5451,13036.323,"Mount",-0.290,-0.023,-0.251,0.146,-0.158,0.000,31,E,0,,,,779462,448.30,0
5452,13038.520,"Mount",-0.181,-0.125,-0.110,0.191,0.000,0.000,0,,0,,,,773090,380.30,0
5453,13040.854,"Mount",-0.063,-0.197,0.028,0.205,0.000,0.000,0,,0,,,,752048,374.03,0
5454,13043.140,"Mount",-0.416,-0.208,-0.286,0.367,-0.180,0.000,35,E,0,,,,750304,415.25,0
5455,13045.602,"Mount",-0.101,-0.307,0.041,0.320,0.000,0.000,0,,0,,,,810508,452.46,0
5456,13047.795,"Mount",-0.147,-0.178,-0.056,0.223,0.000,0.000,0,,0,,,,778261,443.79,0
5457,13050.141,"Mount",-0.201,-0.197,-0.097,0.264,0.000,0.000,0,,0,,,,779037,435.24,0
5458,13052.507,"Mount",0.789,-0.287,0.836,-0.080,0.526,0.000,103,W,0,,,,758796,470.87,0
5459,13054.888,"Mount",0.095,-0.268,0.201,0.201,0.000,0.000,0,,0,,,,802037,448.56,0
5460,13057.171,"Mount",-0.544,-0.138,-0.431,0.359,-0.272,0.000,53,E,0,,,,739463,442.96,0
5461,13059.663,"Mount",-0.202,-0.069,-0.152,0.149,0.000,0.000,0,,0,,,,743026,408.90,0
5462,13061.939,"Mount",-0.351,-0.171,-0.243,0.305,-0.153,0.000,30,E,0,,,,749067,418.83,0
5463,13064.443,"Mount",0.375,-0.290,0.463,0.100,0.281,0.000,55,W,0,,,,783815,479.38,0
5464,13066.691,"Mount",0.180,-0.259,0.274,0.156,0.192,0.000,38,W,0,,,,846531,496.79,0
5465,13069.060,"Mount",-0.051,0.249,-0.153,-0.203,0.000,0.000,0,,0,,,,767445,406.50,0
5466,13071.344,"Mount",0.030,-0.088,0.065,0.066,0.000,0.000,0,,0,,,,755545,442.13,0
5467,13073.695,"Mount",-0.182,0.120,-0.216,-0.030,0.000,0.000,0,,0,,,,795006,442.77,0
5468,13075.874,"Mount",-0.233,-0.650,0.069,0.688,0.000,0.000,0,,0,,,,731599,385.48,0
5469,13078.236,"Mount",0.087,0.262,-0.034,-0.273,0.000,0.000,0,,0,,,,780420,463.74,0
5470,13080.738,"Mount",-1.345,0.164,-1.285,0.431,-0.809,0.000,159,E,0,,,,783914,427.17,0
5471,13083.205,"Mount",-0.432,0.188,-0.471,0.016,-0.353,0.000,69,E,0,,,,768352,442.20,0
5472,13085.472,"Mount",-0.213,-0.031,-0.179,0.120,0.000,0.000,0,,0,,,,737084,459.69,0
5473,13087.824,"Mount",-0.121,-0.172,-0.036,0.207,0.000,0.000,0,,0,,,,788276,508.28,0
5474,13090.091,"Mount",0.194,-0.144,0.237,0.047,0.150,0.000,29,W,0,,,,809339,430.59,0
5475,13092.571,"Mount",-0.864,0.162,-0.850,0.226,-0.525,0.000,103,E,0,,,,742695,400.77,0
5476,13094.812,"Mount",-0.005,0.165,-0.075,-0.147,0.000,0.000,0,,0,,,,762284,405.55,0
5477,13097.208,"Mount",-0.052,0.341,-0.193,-0.285,0.000,0.000,0,,0,,,,771161,476.31,0
5478,13099.508,"Mount",-0.327,-0.036,-0.280,0.173,-0.176,0.000,35,E,0,,,,735478,455.18,0
5479,13102.107,"Mount",-0.884,0.541,-1.031,-0.108,-0.662,0.000,130,E,0,,,,792985,400.65,0
5480,13104.363,"Mount",0.392,0.002,0.353,-0.170,0.176,0.000,35,W,0,,,,756969,463.00,0
5481,13106.843,"Mount",0.005,0.393,-0.165,-0.357,0.000,-0.357,0,,73,N,,,817479,446.62,0
5482,13109.056,"Mount",0.114,0.166,0.031,-0.199,0.000,0.000,0,,0,,,,800248,445.59,0
5483,13111.597,"Mount",-0.245,0.160,-0.290,-0.039,-0.183,0.000,36,E,0,,,,745907,419.15,0
5484,13113.859,"Mount",0.245,-0.065,0.250,-0.046,0.144,0.000,28,W,0,,,,749943,406.55,0
5485,13116.252,"Mount",0.113,-0.174,0.177,0.108,0.000,0.000,0,,0,,,,792312,462.54,0
5486,13118.440,"Mount",0.184,-0.074,0.197,-0.012,0.000,0.000,0,,0,,,,796074,459.06,0
5487,13120.859,"Mount",-0.176,0.349,-0.309,-0.239,-0.195,0.000,38,E,0,,,,780226,431.94,0
5488,13123.163,"Mount",-0.598,0.093,-0.580,0.173,-0.379,0.000,74,E,0,,,,747240,438.39,0
5489,13125.756,"Mount",-0.440,0.087,-0.435,0.111,-0.301,0.000,59,E,0,,,,755049,401.28,0
5490,13127.951,"Mount",-0.007,-0.205,0.082,0.188,0.000,0.000,0,,0,,,,770700,436.53,0
5491,13130.476,"Mount",0.497,-0.427,0.632,0.171,0.398,0.000,78,W,0,,,,785945,429.33,0
5492,13132.919,"Mount",0.588,-0.328,0.671,0.043,0.451,0.000,88,W,0,,,,781371,456.06,0
5493,13135.448,"Mount",0.759,-0.187,0.766,-0.158,0.514,0.000,101,W,0,,,,737176,419.29,0
5494,13137.803,"Mount",0.545,-0.133,0.549,-0.114,0.382,0.000,75,W,0,,,,795513,454.30,0
5495,13140.168,"Mount",0.031,0.209,-0.062,-0.202,0.000,0.000,0,,0,,,,826145,479.29,0
5496,13142.443,"Mount",-0.155,0.140,-0.201,-0.060,0.000,0.000,0,,0,,,,748694,458.79,0
5497,13144.867,"Mount",-0.288,0.076,-0.293,0.055,-0.184,0.000,36,E,0,,,,786948,445.70,0
5498,13147.062,"Mount",-0.124,0.071,-0.142,-0.010,0.000,0.000,0,,0,,,,778985,425.45,0
5499,13149.635,"Mount",-0.105,0.356,-0.248,-0.276,-0.156,0.000,31,E,0,,,,768118,430.95,0
5500,13151.915,"Mount",0.365,0.194,0.246,-0.332,0.144,0.000,28,W,0,,,,736341,407.18,0
5501,13154.483,"Mount",1.137,-0.238,1.129,-0.274,0.721,0.000,141,W,0,,,,782419,441.90,0
5502,13156.823,"Mount",0.723,-0.365,0.810,0.018,0.561,0.000,110,W,0,,,,781666,476.59,0
5503,13159.189,"Mount",0.065,0.103,0.014,-0.121,0.000,0.000,0,,0,,,,793836,428.60,0
5504,13161.517,"Mount",0.355,-0.261,0.433,0.083,0.272,0.000,53,W,0,,,,791231,463.89,0
5505,13164.107,"Mount",-0.667,0.028,-0.614,0.261,-0.368,0.000,72,E,0,,,,768437,421.46,0
5506,13166.419,"Mount",-0.298,0.106,-0.315,0.033,-0.224,0.000,44,E,0,,,,786621,440.04,0
5507,13168.876,"Mount",0.570,-0.389,0.682,0.106,0.414,0.000,81,W,0,,,,756993,460.63,0
5508,13171.080,"Mount",0.140,-0.197,0.211,0.117,0.000,0.000,0,,0,,,,732651,454.94,0
5509,13173.436,"Mount",-0.270,-0.056,-0.220,0.167,0.000,0.000,0,,0,,,,779697,437.03,0
5510,13175.803,"Mount",0.200,-0.194,0.265,0.089,0.167,0.000,33,W,0,,,,763862,429.66,0
5511,13178.169,"Mount",0.056,-0.196,0.135,0.153,0.000,0.000,0,,0,,,,774099,427.95,0
5512,13180.419,"Mount",0.365,-0.014,0.336,-0.145,0.211,0.000,41,W,0,,,,777498,451.15,0
5513,13182.923,"Mount",0.712,-0.134,0.700,-0.186,0.456,0.000,89,W,0,,,,781311,476.13,0
5514,13185.293,"Mount",0.495,0.015,0.440,-0.226,0.309,0.000,61,W,0,,,,832582,426.71,0
5515,13187.664,"Mount",0.127,-0.074,0.147,0.012,0.000,0.000,0,,0,,,,782841,422.26,0
5516,13189.843,"Mount",-0.090,-0.415,0.098,0.413,0.000,0.000,0,,0,,,,776695,473.31,0
5517,13192.267,"Mount",-0.640,-0.379,-0.415,0.618,-0.261,0.000,51,E,0,,,,776197,424.39,0
5518,13194.486,"Mount",0.074,-0.347,0.216,0.282,0.000,0.000,0,,0,,,,756718,458.73,0
5519,13196.833,"Mount",0.011,0.082,-0.025,-0.079,0.000,0.000,0,,0,,,,731896,376.01,0
5520,13200.611,"Mount",0.402,-2.309,1.357,1.911,0.855,1.911,167,W,1342,S,,,749971,373.18,0
5521,13203.139,"Mount",-0.081,0.396,-0.244,-0.323,-0.094,0.000,18,E,0,,,,753964,440.05,0
5522,13205.867,"Mount",0.375,-0.772,0.671,0.535,0.416,0.535,82,W,109,S,,,669152,326.34,0
5523,13208.366,"Mount",-0.396,0.588,-0.611,-0.360,-0.356,0.000,70,E,0,,,,752618,443.46,0
5524,13210.540,"Mount",0.001,0.366,-0.157,-0.331,0.000,0.000,0,,0,,,,758707,446.17,0
5525,13213.075,"Mount",-1.061,0.948,-1.366,-0.399,-0.860,0.000,169,E,0,,,,762759,392.00,0
5526,13215.356,"Mount",0.125,0.820,-0.240,-0.794,-0.211,0.000,41,E,0,,,,731502,419.18,0
5527,13217.706,"Mount",0.072,0.531,-0.163,-0.511,0.000,0.000,0,,0,,,,780580,462.98,0
5528,13219.903,"Mount",0.444,0.448,0.208,-0.596,0.000,0.000,0,,0,,,,781425,439.79,0
5529,13222.254,"Mount",-0.026,0.398,-0.195,-0.348,0.000,0.000,0,,0,,,,774031,458.75,0
5530,13225.787,"Mount",0.509,0.455,0.263,-0.630,0.166,-0.630,32,W,1173,N,,,760860,449.11,0
5531,13228.347,"Mount",0.135,0.515,-0.100,-0.523,0.000,-0.523,0,,107,N,,,768240,503.08,0
5532,13230.675,"Mount",0.069,0.425,-0.121,-0.413,0.000,-0.413,0,,84,N,,,781345,457.77,0
5533,13233.123,"Mount",-0.345,0.095,-0.353,0.063,-0.222,0.000,44,E,0,,,,790181,422.18,0
5534,13235.420,"Mount",0.056,0.041,0.033,-0.061,0.000,0.000,0,,0,,,,771041,517.84,0
5535,13237.955,"Mount",-1.305,-0.033,-1.163,0.591,-0.733,0.000,144,E,0,,,,766987,384.91,0
5536,13240.275,"Mount",-0.838,0.238,-0.859,0.146,-0.593,0.000,116,E,0,,,,777307,433.55,0
5537,13242.699,"Mount",0.591,0.102,0.490,-0.346,0.267,0.000,52,W,0,,,,764317,498.11,0
5538,13244.886,"Mount",-0.060,0.204,-0.142,-0.159,0.000,0.000,0,,0,,,,762443,408.56,0
5539,13247.475,"Mount",-0.273,0.268,-0.362,-0.124,-0.228,0.000,45,E,0,,,,792127,414.15,0
5540,13249.669,"Mount",0.131,0.210,0.028,-0.246,0.000,0.000,0,,0,,,,778287,420.20,0
5541,13252.008,"Mount",0.122,-0.037,0.126,-0.019,0.000,0.000,0,,0,,,,762396,441.15,0
5542,13254.179,"Mount",0.079,-0.193,0.154,0.141,0.000,0.000,0,,0,,,,774007,385.17,0
5543,13256.659,"Mount",0.298,0.419,0.089,-0.506,0.000,-0.506,0,,103,N,,,800100,440.15,0
5544,13258.829,"Mount",0.084,0.233,-0.024,-0.246,0.000,0.000,0,,0,,,,764476,434.71,0
5545,13261.347,"Mount",0.926,-0.077,0.869,-0.329,0.548,0.000,107,W,0,,,,780544,438.84,0
5546,13263.723,"Mount",-0.104,0.450,-0.288,-0.361,-0.143,-0.361,28,E,74,N,,,785866,426.27,0
5547,13266.094,"Mount",-0.056,0.210,-0.141,-0.166,0.000,0.000,0,,0,,,,791600,475.25,0
5548,13268.335,"Mount",0.007,-0.295,0.133,0.263,0.000,0.000,0,,0,,,,795139,438.05,0
5549,13270.748,"Mount",-0.381,-0.015,-0.338,0.178,-0.213,0.000,42,E,0,,,,746867,417.99,0
5550,13272.995,"Mount",-0.437,-0.149,-0.330,0.322,-0.223,0.000,44,E,0,,,,744120,438.60,0
5551,13275.475,"Mount",-0.389,0.068,-0.380,0.106,-0.255,0.000,50,E,0,,,,756849,492.38,0
5552,13277.659,"Mount",-0.125,-0.139,-0.053,0.179,0.000,0.000,0,,0,,,,740516,407.66,0
5553,13280.014,"Mount",-0.459,-0.539,-0.182,0.684,0.000,0.000,0,,0,,,,794157,433.89,0
5554,13282.267,"Mount",-0.405,-0.088,-0.327,0.254,-0.206,0.000,40,E,0,,,,833399,445.46,0
5555,13284.843,"Mount",1.277,-0.653,1.434,0.040,0.889,0.000,174,W,0,,,,765178,455.49,0
5556,13287.027,"Mount",0.060,0.026,0.043,-0.049,0.000,0.000,0,,0,,,,730633,411.16,0
5557,13289.419,"Mount",0.040,-0.070,0.066,0.046,0.000,0.000,0,,0,,,,786601,485.86,0
5558,13293.115,"Mount",-0.583,-1.444,0.095,1.554,0.000,1.554,0,,1459,S,,,582003,245.47,0
5559,13296.163,"Mount",0.972,-2.082,1.773,1.461,1.117,1.461,219,W,298,S,,,767161,416.42,0
5560,13298.707,"Mount",0.465,-1.105,0.895,0.798,0.642,0.798,126,W,163,S,,,708487,407.18,0
5561,13301.187,"Mount",-0.527,0.741,-0.795,-0.442,-0.456,0.000,89,E,0,,,,742246,391.43,0
5562,13305.003,"Mount",0.153,1.175,-0.367,-1.127,-0.263,-1.127,52,E,1483,N,,,774910,422.54,0
5563,13307.563,"Mount",-0.757,-0.011,-0.679,0.336,-0.446,0.000,87,E,0,,,,735123,407.85,0
5564,13309.735,"Mount",-0.120,0.136,-0.167,-0.071,0.000,0.000,0,,0,,,,807848,472.23,0
5565,13312.062,"Mount",0.214,0.108,0.146,-0.190,0.000,0.000,0,,0,,,,760541,399.18,0
5566,13314.299,"Mount",0.273,-0.201,0.333,0.064,0.210,0.000,41,W,0,,,,757175,431.95,0
5567,13316.639,"Mount",-0.160,0.191,-0.227,-0.104,0.000,0.000,0,,0,,,,790528,471.36,0
5568,13318.801,"Mount",-0.164,0.048,-0.168,0.027,0.000,0.000,0,,0,,,,811050,437.33,0
5569,13321.483,"Mount",-1.038,0.921,-1.333,-0.384,-0.840,-0.384,165,E,78,N,,,750810,428.92,0
5570,13323.899,"Mount",0.642,0.323,0.441,-0.568,0.219,-0.568,43,W,116,N,,,779813,458.70,0
5571,13326.315,"Mount",0.162,-0.210,0.237,0.120,0.164,0.000,32,W,0,,,,799242,449.14,0
5572,13328.612,"Mount",-0.632,0.215,-0.663,0.078,-0.406,0.000,80,E,0,,,,772587,400.53,0
5573,13330.959,"Mount",-0.156,0.041,-0.159,0.030,0.000,0.000,0,,0,,,,754625,476.68,0
5574,13333.131,"Mount",0.181,-0.034,0.178,-0.047,0.000,0.000,0,,0,,,,738929,499.22,0
5575,13335.581,"Mount",-0.397,0.018,-0.366,0.154,-0.231,0.000,45,E,0,,,,792161,447.65,0
5576,13337.755,"Mount",0.065,0.180,-0.019,-0.190,0.000,0.000,0,,0,,,,812482,481.17,0
5577,13340.083,"Mount",-0.109,0.120,-0.150,-0.062,0.000,0.000,0,,0,,,,771297,463.41,0
5578,13342.247,"Mount",-0.007,0.132,-0.063,-0.117,0.000,0.000,0,,0,,,,792136,446.12,0
5579,13344.667,"Mount",0.318,0.055,0.263,-0.187,0.166,0.000,33,W,0,,,,741546,449.63,0
5580,13346.918,"Mount",-0.275,0.137,-0.307,-0.005,-0.182,0.000,36,E,0,,,,775305,453.70,0
5581,13349.381,"Mount",0.302,0.042,0.255,-0.168,0.148,0.000,29,W,0,,,,788567,479.65,0
5582,13351.577,"Mount",0.055,0.277,-0.070,-0.274,0.000,0.000,0,,0,,,,775542,412.46,0
5583,13354.003,"Mount",0.408,0.193,0.285,-0.349,0.180,0.000,35,W,0,,,,759581,429.03,0
5584,13356.395,"Mount",-0.088,0.554,-0.318,-0.462,-0.188,-0.462,37,E,94,N,,,753201,408.32,0
5585,13358.811,"Mount",-0.314,-0.005,-0.281,0.140,-0.190,0.000,37,E,0,,,,744617,403.07,0
5586,13361.223,"Mount",-0.748,0.137,-0.734,0.198,-0.476,0.000,93,E,0,,,,734927,442.04,0
5587,13363.635,"Mount",0.344,-0.120,0.362,-0.040,0.195,0.000,38,W,0,,,,764481,453.02,0
5588,13365.842,"Mount",0.225,-0.034,0.218,-0.066,0.000,0.000,0,,0,,,,742540,415.09,0
5589,13368.195,"Mount",-0.144,0.072,-0.161,-0.003,0.000,0.000,0,,0,,,,780593,446.96,0
5590,13370.451,"Mount",-0.268,-0.026,-0.231,0.138,-0.145,0.000,28,E,0,,,,793252,510.18,0
5591,13372.798,"Mount",-0.087,-0.181,-0.000,0.201,0.000,0.000,0,,0,,,,754443,454.22,0
5592,13374.974,"Mount",-0.366,-0.801,0.014,0.881,0.000,0.000,0,,0,,,,768077,387.92,0
5593,13377.403,"Mount",-0.834,-0.639,-0.478,0.936,-0.301,0.000,59,E,0,,,,760182,429.82,0
5594,13381.075,"Mount",-0.520,-0.527,-0.242,0.699,-0.174,0.699,34,E,1396,S,,,813164,457.44,0
5595,13383.452,"Mount",0.213,0.022,0.183,-0.112,0.000,0.000,0,,0,,,,721468,391.72,0
5596,13385.621,"Mount",-0.105,0.219,-0.189,-0.153,0.000,0.000,0,,0,,,,741645,406.12,0
5597,13387.967,"Mount",0.132,0.392,-0.049,-0.411,0.000,0.000,0,,0,,,,798928,423.92,0
5598,13390.136,"Mount",-0.084,0.079,-0.110,-0.035,0.000,0.000,0,,0,,,,731855,382.48,0
5599,13392.490,"Mount",0.124,0.380,-0.051,-0.396,0.000,0.000,0,,0,,,,771237,438.93,0
5600,13394.742,"Mount",-0.094,0.419,-0.265,-0.338,-0.167,0.000,33,E,0,,,,781220,458.63,0
5601,13397.403,"Mount",-1.794,1.674,-2.340,-0.739,-1.486,0.000,291,E,0,,,,654409,249.15,0
5602,13399.585,"Mount",0.329,0.435,0.110,-0.534,0.000,0.000,0,,0,,,,722727,354.54,0
5603,13403.411,"Mount",0.755,0.086,0.644,-0.402,0.406,-0.402,80,W,1335,N,,,726211,411.86,0
5604,13405.756,"Mount",0.081,0.649,-0.206,-0.621,0.000,-0.621,0,,127,N,,,785005,427.57,0
5605,13408.110,"Mount",-0.122,-0.427,0.074,0.438,0.000,0.000,0,,0,,,,788855,466.64,0
5606,13410.278,"Mount",-0.251,-0.475,-0.022,0.537,0.000,0.000,0,,0,,,,781818,456.95,0
5607,13412.621,"Mount",-0.492,-0.650,-0.164,0.798,0.000,0.000,0,,0,,,,785415,420.49,0
5608,13414.801,"Mount",-0.300,-0.803,0.075,0.854,0.000,0.000,0,,0,,,,768733,429.39,0
5609,13417.220,"Mount",-0.659,-0.834,-0.236,1.036,-0.149,0.000,29,E,0,,,,784548,460.65,0
5610,13419.434,"Mount",-0.412,-0.429,-0.188,0.565,0.000,0.000,0,,0,,,,787590,435.12,0
5611,13423.230,"Mount",-0.365,-0.545,-0.095,0.649,0.000,0.649,0,,1385,S,,,790093,472.98,0
5612,13425.465,"Mount",-0.044,-0.274,0.078,0.266,0.000,0.000,0,,0,,,,747952,436.92,0
5613,13427.883,"Mount",0.228,-0.100,0.249,-0.008,0.157,0.000,31,W,0,,,,762347,416.27,0
5614,13430.131,"Mount",-0.207,0.223,-0.283,-0.112,-0.167,0.000,33,E,0,,,,806946,483.80,0
5615,13432.532,"Mount",0.415,0.149,0.310,-0.313,0.184,0.000,36,W,0,,,,741057,385.43,0
5616,13434.860,"Mount",0.797,-0.241,0.823,-0.125,0.532,0.000,104,W,0,,,,791626,458.24,0
5617,13437.214,"Mount",0.129,0.273,-0.001,-0.302,0.000,0.000,0,,0,,,,736142,410.16,0
5618,13439.422,"Mount",0.275,0.255,0.138,-0.349,0.000,0.000,0,,0,,,,764223,413.01,0
5619,13441.843,"Mount",0.382,0.282,0.224,-0.419,0.000,0.000,0,,0,,,,798140,451.22,0
5620,13444.107,"Mount",0.406,0.166,0.295,-0.325,0.186,0.000,36,W,0,,,,757395,389.88,0
5621,13446.539,"Mount",0.482,0.191,0.352,-0.380,0.235,0.000,46,W,0,,,,790422,413.81,0
5622,13448.779,"Mount",-0.419,-0.193,-0.295,0.355,-0.169,0.000,33,E,0,,,,774919,423.44,0
5623,13451.212,"Mount",0.255,-0.136,0.289,0.013,0.170,0.000,33,W,0,,,,761078,394.25,0
5624,13453.400,"Mount",0.004,-0.161,0.073,0.143,0.000,0.000,0,,0,,,,758650,468.05,0
5625,13455.803,"Mount",0.395,0.259,0.245,-0.404,0.155,0.000,30,W,0,,,,811393,487.82,0
5626,13458.091,"Mount",0.590,-0.042,0.550,-0.216,0.358,0.000,70,W,0,,,,790811,407.64,0
5627,13460.435,"Mount",-0.268,-0.271,-0.125,0.360,0.000,0.000,0,,0,,,,734717,436.72,0
5628,13462.715,"Mount",0.695,-0.064,0.654,-0.242,0.412,0.000,81,W,0,,,,691125,343.04,0
5629,13465.132,"Mount",-0.238,0.241,-0.318,-0.116,-0.172,0.000,34,E,0,,,,733693,443.98,0
5630,13467.403,"Mount",0.434,0.137,0.333,-0.310,0.198,0.000,39,W,0,,,,785475,422.86,0
5631,13469.759,"Mount",0.059,-0.009,0.058,-0.017,0.000,0.000,0,,0,,,,773426,470.99,0
5632,13471.926,"Mount",0.086,0.168,0.005,-0.189,0.000,0.000,0,,0,,,,758383,426.75,0
5633,13474.278,"Mount",0.230,0.534,-0.022,-0.581,0.000,0.000,0,,0,,,,773432,431.67,0
5634,13476.466,"Mount",0.241,0.104,0.173,-0.197,0.000,0.000,0,,0,,,,808424,459.20,0
5635,13478.907,"Mount",-0.523,0.309,-0.605,-0.054,-0.381,0.000,75,E,0,,,,699646,370.88,0
5636,13481.099,"Mount",0.061,0.452,-0.139,-0.434,0.000,0.000,0,,0,,,,736990,416.56,0
5637,13483.595,"Mount",-0.500,0.277,-0.570,-0.035,-0.359,0.000,70,E,0,,,,689476,383.54,0
5638,13487.397,"Mount",-0.396,0.882,-0.737,-0.626,-0.489,-0.626,96,E,1381,N,,,750495,443.66,0
5639,13489.915,"Mount",-1.159,0.063,-1.073,0.442,-0.710,0.000,139,E,0,,,,751260,420.24,0
5640,13492.147,"Mount",0.250,-0.154,0.292,0.032,0.134,0.000,26,W,0,,,,771777,478.30,0
5641,13494.612,"Mount",0.441,-0.506,0.616,0.267,0.397,0.000,78,W,0,,,,730323,414.75,0
5642,13496.957,"Mount",0.791,-0.803,1.060,0.384,0.696,0.000,136,W,0,,,,773903,444.17,0
5643,13499.395,"Mount",-0.399,-0.308,-0.228,0.450,-0.095,0.000,19,E,0,,,,771777,477.73,0
5644,13501.731,"Mount",0.215,-0.257,0.305,0.139,0.185,0.000,36,W,0,,,,769124,491.62,0
5645,13504.147,"Mount",-0.312,-0.105,-0.236,0.229,-0.136,0.000,27,E,0,,,,781744,479.28,0
5646,13506.412,"Mount",-0.384,-0.140,-0.286,0.291,-0.190,0.000,37,E,0,,,,780934,498.56,0
5647,13510.259,"Mount",-0.474,-0.457,-0.232,0.616,-0.159,0.616,31,E,1379,S,,,753076,435.67,0
5648,13512.675,"Mount",-0.492,-0.414,-0.266,0.585,-0.179,0.585,35,E,119,S,,,757926,398.11,0
INFO: SET LOCK POSITION, new lock pos = 36.705, 783.775
INFO: DITHER by 0.394, -3.577, new lock pos = 38.599, 786.835
INFO: SETTLING STATE CHANGE, Settling started
5649,13516.083,"Mount",-1.895,-3.059,-0.394,3.577,-0.394,3.577,77,E,730,S,,,724088,462.06,0
5650,13518.827,"Mount",-1.289,-2.239,-0.200,2.576,0.000,2.576,0,,526,S,,,726358,445.66,0
5651,13522.932,"Mount",-0.821,1.781,-1.508,-1.254,-0.950,-1.254,186,E,1509,N,,,759381,420.55,0
5652,13525.579,"Mount",-0.144,0.933,-0.531,-0.780,-0.401,-0.780,79,E,159,N,,,775962,428.15,0
5653,13528.084,"Mount",1.012,0.375,0.752,-0.774,0.446,-0.774,87,W,158,N,,,769206,505.31,0
5654,13530.555,"Mount",-0.765,0.313,-0.825,0.046,-0.489,0.000,96,E,0,,,,754788,383.89,0
5655,13532.803,"Mount",-0.679,-0.766,-0.284,0.984,-0.213,0.000,42,E,0,,,,696572,377.52,0
5656,13536.923,"Mount",-0.136,-1.291,0.433,1.223,0.258,1.223,50,W,1564,S,,,772640,443.57,0
5657,13541.091,"Mount",0.054,1.685,-0.676,-1.544,-0.408,-1.544,80,E,1629,N,,,752007,389.09,0
INFO: SETTLING STATE CHANGE, Settling complete
5658,13543.611,"Mount",0.079,0.477,-0.134,-0.464,0.000,-0.464,0,,95,N,,,762500,431.97,0
5659,13545.939,"Mount",0.872,-0.449,0.981,0.030,0.618,0.000,121,W,0,,,,745750,391.17,0
5660,13548.404,"Mount",-0.792,0.547,-0.950,-0.153,-0.555,0.000,109,E,0,,,,778845,431.96,0
5661,13550.884,"Mount",-2.105,0.711,-2.206,0.264,-1.429,0.000,280,E,0,,,,743390,436.64,0
5662,13553.404,"Mount",0.299,-0.247,0.376,0.094,0.137,0.000,27,W,0,,,,792951,399.09,0
5663,13555.584,"Mount",-0.157,-0.301,-0.012,0.339,0.000,0.000,0,,0,,,,764133,432.33,0
5664,13557.960,"Mount",-0.143,-0.153,-0.063,0.200,0.000,0.000,0,,0,,,,786174,489.82,0
5665,13560.220,"Mount",0.271,-0.316,0.380,0.168,0.240,0.000,47,W,0,,,,754809,487.53,0
5666,13562.651,"Mount",0.349,-0.295,0.441,0.116,0.295,0.000,58,W,0,,,,811469,482.24,0
5667,13564.939,"Mount",0.408,-0.417,0.548,0.201,0.366,0.000,72,W,0,,,,746649,391.59,0
5668,13567.428,"Mount",-0.991,-0.062,-0.867,0.483,-0.521,0.000,102,E,0,,,,766109,400.48,0
5669,13569.773,"Mount",-1.177,-0.232,-0.962,0.716,-0.643,0.000,126,E,0,,,,781879,401.21,0
5670,13573.684,"Mount",-0.700,-0.243,-0.527,0.521,-0.377,0.521,74,E,1420,S,,,771267,412.07,0
5671,13575.856,"Mount",-0.197,-0.229,-0.079,0.292,0.000,0.000,0,,0,,,,801290,458.20,0
5672,13578.200,"Mount",0.090,-0.049,0.103,0.005,0.000,0.000,0,,0,,,,792324,439.36,0
5673,13580.564,"Mount",-1.005,0.983,-1.330,-0.455,-0.838,0.000,164,E,0,,,,688334,394.53,0
5674,13582.901,"Mount",0.238,0.382,0.051,-0.447,0.000,0.000,0,,0,,,,747982,415.72,0
5675,13585.179,"Mount",0.765,0.401,0.518,-0.691,0.327,0.000,64,W,0,,,,832117,499.08,0
5676,13587.546,"Mount",0.236,0.647,-0.065,-0.686,0.000,0.000,0,,0,,,,836107,420.54,0
5677,13589.729,"Mount",0.309,0.505,0.062,-0.588,0.000,0.000,0,,0,,,,821538,482.23,0
5678,13593.636,"Mount",0.718,0.344,0.500,-0.620,0.315,-0.620,62,W,1440,N,,,732517,431.26,0
5679,13595.883,"Mount",-0.126,0.399,-0.286,-0.306,-0.158,0.000,31,E,0,,,,774555,430.40,0
5680,13598.348,"Mount",-0.535,-0.157,-0.415,0.372,-0.273,0.000,53,E,0,,,,792179,450.82,0
5681,13600.517,"Mount",-0.140,-0.140,-0.066,0.187,0.000,0.000,0,,0,,,,760116,488.00,0
5682,13602.859,"Mount",-0.075,-0.604,0.192,0.578,0.000,0.000,0,,0,,,,719092,382.76,0
5683,13605.088,"Mount",-0.113,-0.306,0.030,0.325,0.000,0.000,0,,0,,,,752217,370.41,0
5684,13607.731,"Mount",1.312,-1.646,1.893,0.921,1.193,0.000,234,W,0,,,,760251,469.80,0
5685,13609.913,"Mount",-0.203,-0.648,0.095,0.672,0.000,0.000,0,,0,,,,735755,410.06,0
5686,13613.892,"Mount",-1.467,-0.217,-1.231,0.827,-0.776,0.827,152,E,1401,S,,,778547,455.14,0
5687,13616.404,"Mount",-0.918,-0.356,-0.676,0.716,-0.480,0.716,94,E,146,S,,,774681,440.82,0
5688,13618.916,"Mount",1.496,0.424,1.168,-1.027,0.702,0.000,138,W,0,,,,782465,507.01,0
5689,13621.212,"Mount",0.667,0.341,0.456,-0.595,0.336,0.000,66,W,0,,,,749726,403.39,0
5690,13623.651,"Mount",-0.071,0.961,-0.478,-0.837,-0.278,0.000,54,E,0,,,,759239,431.83,0
5691,13625.884,"Mount",0.583,0.604,0.266,-0.796,0.148,0.000,29,W,0,,,,786915,456.50,0
5692,13628.331,"Mount",0.646,0.490,0.373,-0.720,0.245,0.000,48,W,0,,,,766180,398.65,0
5693,13630.505,"Mount",0.270,0.721,-0.067,-0.767,0.000,0.000,0,,0,,,,785191,457.47,0
5694,13634.211,"Mount",-0.079,0.845,-0.435,-0.729,-0.274,-0.729,54,E,1239,N,,,765529,401.57,0
5695,13636.588,"Mount",0.112,0.764,-0.227,-0.738,0.000,-0.738,0,,151,N,,,804599,445.13,0
5696,13639.027,"Mount",-0.401,0.138,-0.421,0.048,-0.265,0.000,52,E,0,,,,757830,468.28,0
5697,13641.308,"Mount",-0.357,0.211,-0.413,-0.037,-0.279,0.000,55,E,0,,,,763677,418.83,0
5698,13643.764,"Mount",-0.576,0.114,-0.569,0.145,-0.378,0.000,74,E,0,,,,760050,478.98,0
5699,13646.084,"Mount",0.560,-0.913,0.899,0.583,0.540,0.000,106,W,0,,,,790482,436.03,0
5700,13648.426,"Mount",-0.262,-0.492,-0.025,0.557,0.000,0.000,0,,0,,,,770062,441.76,0
5701,13650.764,"Mount",0.497,-0.861,0.819,0.563,0.516,0.000,101,W,0,,,,812427,462.18,0
5702,13653.119,"Mount",-0.284,-0.389,-0.089,0.473,0.000,0.000,0,,0,,,,769326,455.25,0
5703,13656.635,"Mount",-0.482,-0.353,-0.283,0.526,-0.178,0.526,35,E,1197,S,,,775593,463.74,0
5704,13658.999,"Mount",0.117,0.030,0.093,-0.078,0.000,0.000,0,,0,,,,785424,433.52,0
5705,13661.531,"Mount",-0.844,-0.160,-0.693,0.508,-0.437,0.508,86,E,104,S,,,760219,405.88,0
5706,13663.882,"Mount",0.065,0.205,-0.030,-0.213,0.000,0.000,0,,0,,,,755828,471.52,0
5707,13666.156,"Mount",-0.222,0.404,-0.374,-0.269,-0.236,0.000,46,E,0,,,,794008,487.34,0
5708,13668.514,"Mount",-0.109,0.016,-0.105,0.032,0.000,0.000,0,,0,,,,769419,438.83,0
5709,13670.764,"Mount",-0.283,0.340,-0.401,-0.185,-0.253,0.000,50,E,0,,,,748522,401.01,0
5710,13673.144,"Mount",0.142,0.357,-0.025,-0.384,0.000,0.000,0,,0,,,,764050,438.65,0
5711,13675.372,"Mount",-0.047,0.472,-0.246,-0.405,-0.155,0.000,30,E,0,,,,780115,460.14,0
5712,13677.731,"Mount",0.256,0.185,0.152,-0.277,0.000,0.000,0,,0,,,,745091,415.32,0
5713,13679.989,"Mount",-0.180,0.540,-0.395,-0.410,-0.249,0.000,49,E,0,,,,787925,439.85,0
5714,13683.636,"Mount",-0.088,0.516,-0.302,-0.428,-0.207,-0.428,41,E,1177,N,,,774624,445.51,0
5715,13685.995,"Mount",-0.137,0.453,-0.318,-0.350,-0.215,-0.350,42,E,72,N,,,802572,458.22,0
5716,13688.484,"Mount",-0.628,0.251,-0.675,0.044,-0.440,0.000,86,E,0,,,,796918,478.27,0
5717,13690.772,"Mount",-0.686,0.268,-0.734,0.054,-0.493,0.000,97,E,0,,,,757862,425.66,0
5718,13693.236,"Mount",0.671,-0.383,0.771,0.057,0.451,0.000,88,W,0,,,,811280,484.86,0
5719,13695.564,"Mount",0.593,-0.084,0.571,-0.180,0.392,0.000,77,W,0,,,,789936,504.16,0
5720,13697.908,"Mount",-0.058,0.068,-0.081,-0.036,0.000,0.000,0,,0,,,,792607,434.02,0
5721,13700.172,"Mount",-0.439,0.163,-0.466,0.042,-0.294,0.000,58,E,0,,,,721375,434.54,0
5722,13702.724,"Mount",-1.086,0.278,-1.100,0.217,-0.714,0.000,140,E,0,,,,785672,449.84,0
5723,13704.996,"Mount",-0.422,0.009,-0.385,0.174,-0.292,0.000,57,E,0,,,,779584,425.09,0
5724,13707.382,"Mount",0.043,-0.079,0.073,0.053,0.000,0.000,0,,0,,,,824291,492.35,0
5725,13709.566,"Mount",0.081,-0.139,0.133,0.091,0.000,0.000,0,,0,,,,751619,446.74,0
5726,13711.996,"Mount",0.411,-0.394,0.540,0.179,0.340,0.000,67,W,0,,,,754079,407.82,0
5727,13714.301,"Mount",0.678,-0.298,0.740,-0.023,0.490,0.000,96,W,0,,,,765021,439.02,0
5728,13716.732,"Mount",-0.429,-0.236,-0.286,0.398,-0.146,0.000,29,E,0,,,,768297,463.47,0
5729,13718.911,"Mount",-0.061,0.336,-0.200,-0.277,0.000,0.000,0,,0,,,,750621,475.22,0
5730,13721.380,"Mount",-0.384,0.086,-0.383,0.088,-0.241,0.000,47,E,0,,,,757974,453.39,0
5731,13723.636,"Mount",-0.306,0.258,-0.387,-0.101,-0.261,0.000,51,E,0,,,,766213,445.03,0
5732,13726.100,"Mount",-0.510,0.014,-0.466,0.207,-0.312,0.000,61,E,0,,,,781306,425.26,0
5733,13728.396,"Mount",-0.548,0.267,-0.610,-0.005,-0.406,0.000,80,E,0,,,,767400,419.23,0
5734,13730.812,"Mount",-0.356,-0.160,-0.253,0.298,-0.188,0.000,37,E,0,,,,759976,426.79,0
5735,13732.993,"Mount",0.131,-0.150,0.183,0.079,0.000,0.000,0,,0,,,,734126,435.85,0
5736,13735.500,"Mount",0.849,-0.184,0.846,-0.200,0.533,0.000,104,W,0,,,,780008,458.57,0
5737,13737.671,"Mount",0.035,0.186,-0.048,-0.183,0.000,0.000,0,,0,,,,741361,425.90,0
5738,13740.011,"Mount",0.161,0.163,0.075,-0.216,0.000,0.000,0,,0,,,,762310,410.44,0
5739,13742.268,"Mount",-0.364,0.030,-0.342,0.130,-0.215,0.000,42,E,0,,,,744580,409.92,0
5740,13744.725,"Mount",0.613,-0.045,0.573,-0.223,0.346,0.000,68,W,0,,,,766051,471.97,0
5741,13747.028,"Mount",0.672,-0.299,0.735,-0.019,0.487,0.000,95,W,0,,,,752673,442.59,0
5742,13749.483,"Mount",-0.350,0.046,-0.335,0.109,-0.177,0.000,35,E,0,,,,745554,415.72,0
5743,13751.700,"Mount",0.068,0.162,-0.009,-0.176,0.000,0.000,0,,0,,,,803250,435.48,0
5744,13754.082,"Mount",0.172,0.087,0.118,-0.153,0.000,0.000,0,,0,,,,759072,413.56,0
5745,13756.372,"Mount",0.332,0.231,0.200,-0.351,0.000,-0.351,0,,72,N,,,778982,444.69,0
5746,13758.819,"Mount",0.439,-0.283,0.518,0.067,0.326,0.000,64,W,0,,,,746030,392.20,0
5747,13761.084,"Mount",-0.210,0.214,-0.282,-0.103,-0.155,0.000,30,E,0,,,,742712,421.96,0
5748,13763.636,"Mount",-1.215,0.052,-1.119,0.476,-0.716,0.000,140,E,0,,,,629821,339.80,0
5749,13765.956,"Mount",-0.905,0.154,-0.883,0.250,-0.606,0.000,119,E,0,,,,767867,449.81,0
5750,13768.572,"Mount",1.662,-1.165,2.002,0.336,1.219,0.000,239,W,0,,,,789704,467.55,0
5751,13770.836,"Mount",0.179,-0.213,0.253,0.115,0.245,0.000,48,W,0,,,,765928,427.38,0
5752,13773.183,"Mount",-0.096,-0.042,-0.069,0.079,0.000,0.000,0,,0,,,,765029,455.12,0
5753,13775.491,"Mount",0.337,-0.223,0.400,0.056,0.252,0.000,49,W,0,,,,755744,477.94,0
5754,13778.059,"Mount",1.062,-1.144,1.451,0.576,0.932,0.000,183,W,0,,,,777251,415.83,0
5755,13781.571,"Mount",-0.843,-0.089,-0.723,0.443,-0.390,0.443,76,E,1180,S,,,758261,436.84,0
5756,13783.915,"Mount",-0.005,0.039,-0.021,-0.034,0.000,0.000,0,,0,,,,743800,447.56,0
5757,13786.235,"Mount",-0.343,-0.372,-0.150,0.484,0.000,0.484,0,,99,S,,,746197,401.19,0
5758,13788.806,"Mount",-0.469,-0.305,-0.292,0.478,-0.184,0.478,36,E,97,S,,,743780,408.70,0
5759,13790.986,"Mount",-0.257,-0.034,-0.217,0.141,0.000,0.000,0,,0,,,,714499,452.27,0
5760,13793.452,"Mount",0.348,-0.192,0.397,0.023,0.250,0.000,49,W,0,,,,786958,435.16,0
5761,13795.804,"Mount",-0.598,0.290,-0.664,-0.004,-0.401,0.000,79,E,0,,,,738047,421.16,0
5762,13798.158,"Mount",0.097,-0.059,0.114,0.012,0.000,0.000,0,,0,,,,787743,453.47,0
5763,13800.428,"Mount",0.606,-0.020,0.556,-0.242,0.350,0.000,69,W,0,,,,806421,473.55,0
5764,13802.773,"Mount",0.237,0.280,0.093,-0.354,0.000,0.000,0,,0,,,,764705,420.18,0
5765,13804.947,"Mount",0.215,0.189,0.112,-0.263,0.000,0.000,0,,0,,,,797407,436.09,0
5766,13807.444,"Mount",-0.477,0.450,-0.624,-0.201,-0.393,0.000,77,E,0,,,,821685,476.46,0
5767,13809.622,"Mount",-0.028,0.202,-0.113,-0.170,0.000,0.000,0,,0,,,,747890,424.48,0
5768,13812.044,"Mount",-0.138,0.551,-0.362,-0.438,-0.228,0.000,45,E,0,,,,770979,453.82,0
5769,13814.292,"Mount",-0.478,-0.414,-0.253,0.580,-0.175,0.000,34,E,0,,,,793451,455.21,0
5770,13816.820,"Mount",-0.897,0.906,-1.200,-0.432,-0.768,0.000,151,E,0,,,,804591,458.76,0
5771,13819.092,"Mount",0.733,0.069,0.632,-0.378,0.344,0.000,67,W,0,,,,709701,423.20,0
5772,13821.636,"Mount",-0.908,-0.409,-0.644,0.760,-0.381,0.000,75,E,0,,,,635681,294.72,0
5773,13823.932,"Mount",-0.571,0.265,-0.629,0.007,-0.423,0.000,83,E,0,,,,730897,419.96,0
5774,13826.313,"Mount",0.229,0.045,0.187,-0.139,0.000,0.000,0,,0,,,,793400,442.06,0
5775,13828.603,"Mount",-0.374,-0.319,-0.200,0.449,0.000,0.449,0,,92,S,,,654472,248.11,0
5776,13831.092,"Mount",-0.176,-0.449,0.034,0.481,0.000,0.481,0,,98,S,,,720530,445.68,0
5777,13833.270,"Mount",0.236,0.312,0.078,-0.383,0.000,0.000,0,,0,,,,746378,383.42,0
5778,13835.844,"Mount",1.666,0.138,1.444,-0.841,0.910,0.000,178,W,0,,,,747643,366.54,0
5779,13838.108,"Mount",0.199,0.961,-0.234,-0.953,-0.084,0.000,16,E,0,,,,775921,488.17,0
5780,13840.588,"Mount",-0.336,1.131,-0.790,-0.876,-0.504,0.000,99,E,0,,,,709365,405.58,0
5781,13842.868,"Mount",-0.162,0.837,-0.506,-0.686,-0.354,0.000,69,E,0,,,,766352,405.73,0
5782,13846.667,"Mount",0.544,0.446,0.299,-0.637,0.164,-0.637,32,W,1266,N,,,775629,465.31,0
5783,13849.116,"Mount",-0.096,0.919,-0.482,-0.788,-0.292,-0.788,57,E,161,N,,,786028,447.82,0
5784,13851.564,"Mount",-0.475,-0.393,-0.259,0.559,-0.184,0.000,36,E,0,,,,746079,395.45,0
5785,13853.829,"Mount",-0.448,-0.170,-0.331,0.346,-0.221,0.000,43,E,0,,,,783072,482.04,0
5786,13856.372,"Mount",-0.984,0.228,-0.986,0.217,-0.637,0.000,125,E,0,,,,776483,434.72,0
5787,13858.587,"Mount",0.103,0.041,0.075,-0.081,0.000,0.000,0,,0,,,,739765,480.06,0
5788,13861.084,"Mount",0.658,-0.655,0.876,0.308,0.552,0.000,108,W,0,,,,797300,511.99,0
5789,13863.348,"Mount",0.257,-0.192,0.314,0.062,0.237,0.000,46,W,0,,,,796504,464.98,0
5790,13865.679,"Mount",-0.204,-0.416,-0.005,0.464,0.000,0.000,0,,0,,,,782528,420.57,0
5791,13868.236,"Mount",-2.833,0.762,-2.885,0.532,-1.818,0.000,356,E,0,,,,689556,250.40,0
5792,13870.692,"Mount",-0.513,-0.080,-0.429,0.293,-0.397,0.000,78,E,0,,,,738522,422.82,0
5793,13874.323,"Mount",1.293,-1.594,1.853,0.883,1.140,0.883,223,W,1155,S,,,760169,475.31,0
5794,13876.764,"Mount",0.457,-0.028,0.424,-0.171,0.347,0.000,68,W,0,,,,728694,466.78,0
5795,13879.020,"Mount",0.004,1.065,-0.454,-0.963,-0.262,0.000,51,E,0,,,,582993,210.25,0
5796,13881.620,"Mount",1.474,-0.265,1.445,-0.395,0.892,0.000,175,W,0,,,,704168,383.80,0
5797,13885.179,"Mount",1.195,0.595,0.822,-1.051,0.580,-1.051,114,W,1190,N,,,755186,426.91,0
5798,13887.788,"Mount",0.612,0.358,0.399,-0.586,0.292,-0.586,57,W,120,N,,,782951,399.42,0
5799,13890.235,"Mount",0.636,0.402,0.401,-0.636,0.273,-0.636,54,W,130,N,,,770125,477.59,0
5800,13892.676,"Mount",0.519,0.106,0.423,-0.319,0.285,0.000,56,W,0,,,,765797,421.51,0
5801,13895.067,"Mount",0.482,0.345,0.287,-0.518,0.201,-0.518,39,W,106,N,,,759550,449.35,0
5802,13897.524,"Mount",-0.421,-0.153,-0.314,0.319,-0.184,0.000,36,E,0,,,,771061,462.12,0
5803,13899.796,"Mount",0.382,-0.356,0.498,0.157,0.301,0.000,59,W,0,,,,809043,454.74,0
5804,13902.236,"Mount",0.387,-0.117,0.399,-0.060,0.273,0.000,53,W,0,,,,781858,466.03,0
5805,13904.524,"Mount",0.176,-0.771,0.491,0.620,0.329,0.000,64,W,0,,,,772803,471.95,0
5806,13906.910,"Mount",-0.068,-0.609,0.201,0.579,0.000,0.000,0,,0,,,,744248,370.38,0
5807,13909.172,"Mount",0.147,-0.605,0.393,0.483,0.248,0.000,49,W,0,,,,749151,439.36,0
5808,13911.620,"Mount",0.020,-0.747,0.340,0.666,0.231,0.000,45,W,0,,,,775750,416.76,0
5809,13915.003,"Mount",-0.482,-0.235,-0.334,0.420,-0.194,0.420,38,E,1089,S,,,773636,440.24,0
5810,13917.460,"Mount",-0.357,-0.207,-0.233,0.341,-0.160,0.000,31,E,0,,,,785682,487.57,0
5811,13919.642,"Mount",-0.077,-0.212,0.022,0.225,0.000,0.000,0,,0,,,,734107,436.97,0
5812,13921.978,"Mount",0.079,-0.179,0.148,0.127,0.000,0.000,0,,0,,,,752446,465.80,0
5813,13924.154,"Mount",-0.091,-0.253,0.026,0.268,0.000,0.000,0,,0,,,,763132,425.81,0
5814,13926.836,"Mount",-1.137,-0.184,-0.947,0.655,-0.597,0.655,117,E,134,S,,,729709,392.44,0
5815,13929.100,"Mount",0.302,-0.202,0.360,0.052,0.185,0.000,36,W,0,,,,719400,423.76,0
5816,13931.628,"Mount",0.580,-0.385,0.689,0.098,0.447,0.000,88,W,0,,,,753824,458.85,0
5817,13933.795,"Mount",0.082,-0.127,0.129,0.079,0.000,0.000,0,,0,,,,774151,431.60,0
5818,13936.291,"Mount",-0.362,-0.404,-0.153,0.521,0.000,0.521,0,,106,S,,,735357,429.64,0
5819,13938.471,"Mount",-0.275,-0.202,-0.161,0.300,0.000,0.000,0,,0,,,,781395,472.23,0
5820,13940.813,"Mount",-0.186,0.091,-0.207,-0.003,0.000,0.000,0,,0,,,,795203,459.99,0
5821,13943.108,"Mount",-0.569,0.451,-0.708,-0.162,-0.446,0.000,87,E,0,,,,759190,477.30,0
5822,13945.504,"Mount",-0.062,-0.078,-0.022,0.097,0.000,0.000,0,,0,,,,775930,457.36,0
5823,13947.748,"Mount",-0.221,0.094,-0.240,0.010,-0.151,0.000,30,E,0,,,,776423,456.79,0
5824,13950.220,"Mount",0.611,-0.226,0.649,-0.059,0.398,0.000,78,W,0,,,,772970,455.43,0
5825,13952.460,"Mount",0.338,-0.068,0.335,-0.084,0.239,0.000,47,W,0,,,,763825,426.29,0
5826,13954.813,"Mount",-0.050,-0.022,-0.035,0.041,0.000,0.000,0,,0,,,,781361,435.63,0
5827,13956.997,"Mount",-0.053,0.025,-0.058,-0.000,0.000,0.000,0,,0,,,,796719,460.35,0
5828,13959.385,"Mount",-0.009,-0.005,-0.006,0.009,0.000,0.000,0,,0,,,,818049,498.88,0
5829,13961.578,"Mount",-0.094,0.001,-0.085,0.040,0.000,0.000,0,,0,,,,753255,426.64,0
5830,13964.052,"Mount",-0.773,0.139,-0.758,0.207,-0.477,0.000,94,E,0,,,,773690,397.15,0
5831,13966.683,"Mount",-1.564,-0.331,-1.270,0.972,-0.833,0.972,163,E,198,S,,,704737,407.21,0
5832,13969.156,"Mount",-0.627,0.182,-0.645,0.105,-0.464,0.000,91,E,0,,,,696097,402.38,0
5833,13971.628,"Mount",-0.279,-0.666,0.035,0.721,0.000,0.721,0,,147,S,,,628627,278.54,0
5834,13974.092,"Mount",0.681,-0.195,0.699,-0.117,0.440,0.000,86,W,0,,,,755734,473.57,0
5835,13976.564,"Mount",-0.860,-0.101,-0.733,0.462,-0.431,0.462,84,E,94,S,,,662713,342.77,0
5836,13978.916,"Mount",0.368,0.373,0.172,-0.495,0.000,0.000,0,,0,,,,791110,405.67,0
5837,13981.206,"Mount",-0.295,0.714,-0.574,-0.517,-0.361,0.000,71,E,0,,,,751293,413.90,0
5838,13983.539,"Mount",0.082,0.098,0.032,-0.124,0.000,0.000,0,,0,,,,725483,362.66,0
5839,13985.852,"Mount",-0.854,0.390,-0.939,0.015,-0.591,0.000,116,E,0,,,,740492,434.02,0
5840,13988.223,"Mount",0.183,0.027,0.154,-0.104,0.000,0.000,0,,0,,,,713501,356.49,0
5841,13990.444,"Mount",0.366,0.084,0.295,-0.233,0.186,0.000,36,W,0,,,,787945,479.20,0
5842,13992.860,"Mount",0.388,0.206,0.261,-0.353,0.178,0.000,35,W,0,,,,773840,458.71,0
5843,13995.043,"Mount",0.182,0.008,0.161,-0.085,0.000,0.000,0,,0,,,,784077,444.82,0
5844,13997.492,"Mount",0.239,-0.090,0.254,-0.021,0.160,0.000,31,W,0,,,,775959,442.85,0
5845,13999.732,"Mount",0.412,0.322,0.234,-0.469,0.158,0.000,31,W,0,,,,739974,432.00,0
5846,14002.180,"Mount",-0.367,0.550,-0.568,-0.339,-0.347,0.000,68,E,0,,,,763620,445.75,0
5847,14005.660,"Mount",-0.834,0.863,-1.125,-0.420,-0.733,-0.420,144,E,1089,N,,,791755,423.68,0
5848,14008.156,"Mount",0.354,0.414,0.142,-0.526,0.000,-0.526,0,,107,N,,,788061,451.88,0
5849,14010.332,"Mount",0.111,0.198,0.015,-0.227,0.000,0.000,0,,0,,,,810661,479.66,0
5850,14012.787,"Mount",0.043,0.413,-0.139,-0.391,0.000,-0.391,0,,80,N,,,767912,459.27,0
5851,14014.977,"Mount",-0.070,0.323,-0.202,-0.261,0.000,0.000,0,,0,,,,782543,464.42,0
5852,14017.347,"Mount",-0.015,0.136,-0.072,-0.116,0.000,0.000,0,,0,,,,778563,460.41,0
5853,14019.668,"Mount",-0.510,0.174,-0.535,0.063,-0.337,0.000,66,E,0,,,,775885,462.74,0
5854,14021.993,"Mount",-0.074,-0.623,0.201,0.594,0.000,0.000,0,,0,,,,720551,409.90,0
5855,14024.199,"Mount",-0.128,-0.218,-0.022,0.252,0.000,0.000,0,,0,,,,772673,457.47,0
5856,14026.700,"Mount",-1.082,0.070,-1.007,0.402,-0.634,0.000,124,E,0,,,,732319,373.04,0
5857,14028.883,"Mount",0.044,0.069,0.010,-0.081,0.000,0.000,0,,0,,,,779523,508.19,0
5858,14031.228,"Mount",-0.126,-0.001,-0.114,0.055,0.000,0.000,0,,0,,,,808874,421.65,0
5859,14033.524,"Mount",0.364,0.031,0.316,-0.184,0.199,0.000,39,W,0,,,,722783,390.17,0
5860,14035.967,"Mount",0.318,-0.271,0.404,0.108,0.268,0.000,53,W,0,,,,739745,435.45,0
5861,14038.145,"Mount",0.195,-0.029,0.189,-0.058,0.000,0.000,0,,0,,,,777476,462.95,0
5862,14040.596,"Mount",0.613,-0.124,0.607,-0.152,0.382,0.000,75,W,0,,,,750997,405.19,0
5863,14042.762,"Mount",-0.029,-0.320,0.111,0.301,0.000,0.000,0,,0,,,,795656,424.29,0
5864,14045.141,"Mount",-0.247,-0.051,-0.201,0.152,0.000,0.000,0,,0,,,,760742,413.15,0
5865,14047.326,"Mount",-0.265,-0.079,-0.205,0.185,0.000,0.000,0,,0,,,,746725,424.81,0
5866,14049.662,"Mount",-0.235,-0.043,-0.194,0.140,0.000,0.000,0,,0,,,,789346,445.54,0
5867,14051.892,"Mount",-0.287,0.019,-0.267,0.106,-0.168,0.000,33,E,0,,,,734065,421.52,0
5868,14054.524,"Mount",1.323,-0.518,1.417,-0.102,0.881,0.000,173,W,0,,,,790690,498.83,0
5869,14056.796,"Mount",0.416,0.052,0.353,-0.226,0.284,0.000,56,W,0,,,,739824,440.65,0
5870,14059.238,"Mount",0.460,-0.056,0.440,-0.148,0.297,0.000,58,W,0,,,,750746,451.02,0
5871,14061.597,"Mount",0.819,-0.095,0.780,-0.267,0.512,0.000,100,W,0,,,,728207,420.79,0
5872,14063.940,"Mount",0.098,0.061,0.062,-0.097,0.000,0.000,0,,0,,,,808718,447.94,0
5873,14066.135,"Mount",0.023,0.150,-0.044,-0.145,0.000,0.000,0,,0,,,,771923,419.53,0
5874,14068.490,"Mount",0.159,-0.034,0.159,-0.038,0.000,0.000,0,,0,,,,779644,503.21,0
5875,14070.732,"Mount",0.380,0.169,0.270,-0.317,0.170,0.000,33,W,0,,,,772140,442.36,0
5876,14073.077,"Mount",0.056,-0.002,0.051,-0.022,0.000,0.000,0,,0,,,,798761,463.66,0
5877,14075.356,"Mount",-0.297,0.187,-0.349,-0.041,-0.220,0.000,43,E,0,,,,768382,429.67,0
5878,14077.698,"Mount",0.279,0.233,0.151,-0.330,0.000,0.000,0,,0,,,,766049,452.71,0
5879,14080.012,"Mount",0.845,-0.150,0.827,-0.228,0.521,0.000,102,W,0,,,,760148,468.56,0
5880,14082.428,"Mount",-0.198,0.162,-0.248,-0.060,-0.120,0.000,24,E,0,,,,762150,396.04,0
5881,14084.716,"Mount",-0.334,0.202,-0.388,-0.039,-0.253,0.000,50,E,0,,,,761718,462.29,0
5882,14087.188,"Mount",0.203,0.347,0.034,-0.401,0.000,-0.401,0,,82,N,,,779936,385.12,0
5883,14089.402,"Mount",-0.058,0.197,-0.137,-0.153,0.000,0.000,0,,0,,,,767834,483.61,0
5884,14091.736,"Mount",-0.077,0.182,-0.148,-0.131,0.000,0.000,0,,0,,,,749185,426.69,0
5885,14094.068,"Mount",-1.046,0.425,-1.127,0.066,-0.710,0.000,139,E,0,,,,811815,451.66,0
5886,14096.572,"Mount",0.949,-0.322,0.996,-0.118,0.578,0.000,113,W,0,,,,763585,424.34,0
5887,14098.844,"Mount",0.554,-0.030,0.513,-0.211,0.364,0.000,71,W,0,,,,806799,494.81,0
5888,14101.327,"Mount",0.170,-0.362,0.310,0.253,0.221,0.000,43,W,0,,,,772210,422.87,0
5889,14103.530,"Mount",0.005,0.212,-0.086,-0.194,0.000,0.000,0,,0,,,,757721,439.80,0
5890,14105.990,"Mount",-0.048,0.413,-0.221,-0.352,0.000,-0.352,0,,72,N,,,736698,430.52,0
5891,14108.284,"Mount",-0.306,0.244,-0.382,-0.088,-0.240,0.000,47,E,0,,,,781074,431.77,0
5892,14110.756,"Mount",0.091,0.485,-0.127,-0.476,0.000,-0.476,0,,97,N,,,788302,413.67,0
5893,14113.084,"Mount",-0.925,0.413,-1.013,0.026,-0.638,0.000,125,E,0,,,,779913,426.06,0
5894,14115.564,"Mount",-0.391,0.021,-0.362,0.149,-0.273,0.000,53,E,0,,,,766926,397.09,0
5895,14117.836,"Mount",-0.516,0.007,-0.469,0.216,-0.315,0.000,62,E,0,,,,781753,412.92,0
5896,14120.192,"Mount",-0.255,-0.113,-0.181,0.211,0.000,0.000,0,,0,,,,740412,418.58,0
5897,14122.359,"Mount",0.109,0.194,0.015,-0.222,0.000,0.000,0,,0,,,,791425,422.02,0
5898,14124.714,"Mount",0.256,0.104,0.186,-0.204,0.000,0.000,0,,0,,,,765265,421.93,0
5899,14126.904,"Mount",-0.192,-0.010,-0.170,0.091,0.000,0.000,0,,0,,,,791288,419.95,0
5900,14129.452,"Mount",-1.117,0.136,-1.066,0.358,-0.672,0.000,132,E,0,,,,744690,401.09,0
5901,14131.673,"Mount",-0.085,-0.124,-0.023,0.149,0.000,0.000,0,,0,,,,777335,498.27,0
5902,14134.116,"Mount",0.390,-0.583,0.603,0.358,0.380,0.000,74,W,0,,,,675919,345.31,0
5903,14137.643,"Mount",-1.213,0.160,-1.164,0.378,-0.707,0.378,138,E,1148,S,,,756844,402.27,0
5904,14140.395,"Mount",-1.504,-0.118,-1.307,0.754,-0.873,0.754,171,E,154,S,,,555820,164.63,0
5905,14142.896,"Mount",0.374,-0.865,0.710,0.619,0.386,0.619,76,W,126,S,,,625651,312.19,0
5906,14145.723,"Mount",0.705,-0.274,0.754,-0.056,0.502,0.000,98,W,0,,,,710692,327.93,0
5907,14147.959,"Mount",0.275,0.375,0.087,-0.457,0.000,0.000,0,,0,,,,650403,324.60,0
5908,14150.436,"Mount",-0.414,0.607,-0.635,-0.370,-0.400,0.000,78,E,0,,,,762767,441.06,0
INFO: SET LOCK POSITION, new lock pos = 38.599, 786.835
INFO: DITHER by -0.379, -2.647, new lock pos = 39.396, 789.387
INFO: SETTLING STATE CHANGE, Settling started
5909,14153.528,"Mount",-0.797,-2.552,0.379,2.647,0.379,2.647,74,W,540,S,,,732648,403.90,0
5910,14156.036,"Mount",-1.157,-0.191,-0.962,0.670,-0.606,0.000,119,E,0,,,,734241,414.63,0
5911,14158.428,"Mount",-1.181,0.805,-1.412,-0.218,-0.932,0.000,183,E,0,,,,729799,346.80,0
5912,14160.770,"Mount",0.178,0.574,-0.086,-0.595,0.000,0.000,0,,0,,,,792486,441.25,0
5913,14162.935,"Mount",0.485,0.552,0.201,-0.707,0.000,0.000,0,,0,,,,760879,461.80,0
5914,14165.484,"Mount",1.272,0.032,1.135,-0.577,0.715,0.000,140,W,0,,,,777817,483.15,0
INFO: SETTLING STATE CHANGE, Settling complete
5915,14169.076,"Mount",0.712,0.362,0.487,-0.633,0.357,-0.633,70,W,1277,N,,,798774,470.02,0
5916,14171.644,"Mount",-0.388,0.170,-0.424,0.013,-0.242,0.000,47,E,0,,,,760585,472.41,0
5917,14173.892,"Mount",-0.282,0.215,-0.347,-0.073,-0.236,0.000,46,E,0,,,,804975,465.57,0
5918,14176.348,"Mount",-0.675,-0.028,-0.597,0.316,-0.393,0.000,77,E,0,,,,776229,452.56,0
5919,14178.558,"Mount",-0.162,-0.209,-0.056,0.259,0.000,0.000,0,,0,,,,741660,407.82,0
5920,14180.964,"Mount",0.125,-0.403,0.286,0.310,0.180,0.000,35,W,0,,,,750607,405.89,0
5921,14183.220,"Mount",0.080,-0.456,0.268,0.377,0.182,0.000,36,W,0,,,,760279,404.56,0
5922,14185.676,"Mount",0.384,-0.425,0.530,0.218,0.346,0.000,68,W,0,,,,745726,457.30,0
5923,14188.004,"Mount",0.639,-0.741,0.895,0.394,0.588,0.000,115,W,0,,,,762198,457.21,0
5924,14190.604,"Mount",-1.772,0.548,-1.836,0.268,-1.115,0.000,218,E,0,,,,771399,415.24,0
5925,14192.844,"Mount",0.316,-0.262,0.397,0.100,0.172,0.000,34,W,0,,,,695529,390.97,0
5926,14195.381,"Mount",0.922,-0.394,1.002,-0.041,0.643,0.000,126,W,0,,,,762196,460.36,0
5927,14197.576,"Mount",0.014,0.153,-0.053,-0.144,0.000,0.000,0,,0,,,,792919,438.01,0
5928,14200.004,"Mount",-0.174,0.484,-0.365,-0.362,-0.230,0.000,45,E,0,,,,768362,449.03,0
5929,14202.451,"Mount",-0.518,0.779,-0.803,-0.480,-0.522,-0.480,102,E,98,N,,,793799,484.31,0
5930,14204.820,"Mount",-0.154,-0.040,-0.122,0.102,0.000,0.000,0,,0,,,,735660,387.17,0
5931,14206.996,"Mount",0.025,-0.075,0.055,0.057,0.000,0.000,0,,0,,,,746019,458.63,0
5932,14209.397,"Mount",0.099,-0.082,0.125,0.031,0.000,0.000,0,,0,,,,744307,473.69,0
5933,14211.609,"Mount",-0.074,-0.110,-0.019,0.131,0.000,0.000,0,,0,,,,768797,440.65,0
5934,14214.068,"Mount",-0.631,0.344,-0.718,-0.039,-0.452,0.000,89,E,0,,,,734047,437.97,0
5935,14216.267,"Mount",0.007,0.134,-0.052,-0.124,0.000,0.000,0,,0,,,,819954,526.44,0
5936,14218.756,"Mount",0.972,-0.262,0.990,-0.182,0.624,0.000,122,W,0,,,,787592,455.95,0
5937,14220.933,"Mount",0.048,0.156,-0.024,-0.161,0.000,0.000,0,,0,,,,779464,447.52,0
5938,14223.284,"Mount",-0.177,0.141,-0.220,-0.051,0.000,0.000,0,,0,,,,746429,432.26,0
5939,14225.512,"Mount",-0.129,0.203,-0.204,-0.128,0.000,0.000,0,,0,,,,793486,429.96,0
5940,14227.851,"Mount",0.097,0.241,-0.017,-0.259,0.000,0.000,0,,0,,,,750628,392.54,0
5941,14230.156,"Mount",-0.486,0.099,-0.482,0.120,-0.304,0.000,59,E,0,,,,779530,429.78,0
5942,14232.564,"Mount",-0.240,0.119,-0.268,-0.004,-0.190,0.000,37,E,0,,,,792855,440.86,0
5943,14234.820,"Mount",-0.429,-0.115,-0.338,0.288,-0.226,0.000,44,E,0,,,,734039,419.80,0
5944,14237.183,"Mount",-0.155,0.055,-0.163,0.017,0.000,0.000,0,,0,,,,747643,417.42,0
5945,14239.508,"Mount",-0.617,0.306,-0.689,-0.010,-0.434,0.000,85,E,0,,,,739598,443.82,0
5946,14241.845,"Mount",0.039,0.029,0.023,-0.042,0.000,0.000,0,,0,,,,750671,438.28,0
5947,14244.092,"Mount",-0.392,0.108,-0.401,0.072,-0.252,0.000,49,E,0,,,,805069,409.08,0
5948,14246.517,"Mount",0.257,-0.128,0.287,0.005,0.163,0.000,32,W,0,,,,761313,450.30,0
5949,14248.764,"Mount",0.349,-0.011,0.320,-0.140,0.213,0.000,42,W,0,,,,742431,438.94,0
5950,14251.220,"Mount",0.343,-0.430,0.494,0.240,0.326,0.000,64,W,0,,,,798623,457.44,0
5951,14254.883,"Mount",-0.486,-1.347,0.141,1.425,0.000,1.425,0,,1439,S,,,670061,386.23,0
5952,14257.396,"Mount",-0.876,0.507,-1.009,-0.080,-0.636,0.000,125,E,0,,,,785491,427.52,0
5953,14259.574,"Mount",-0.019,0.140,-0.078,-0.118,0.000,0.000,0,,0,,,,801175,477.77,0
5954,14261.980,"Mount",-0.093,0.370,-0.244,-0.294,-0.154,0.000,30,E,0,,,,730080,422.50,0
5955,14264.244,"Mount",-0.219,0.510,-0.417,-0.366,-0.273,0.000,54,E,0,,,,794823,432.18,0
5956,14266.599,"Mount",0.211,0.215,0.098,-0.285,0.000,0.000,0,,0,,,,782484,483.51,0
5957,14268.884,"Mount",-0.205,-0.308,-0.053,0.366,0.000,0.366,0,,75,S,,,708760,314.88,0
5958,14271.500,"Mount",-0.488,0.397,-0.611,-0.149,-0.385,0.000,75,E,0,,,,816592,454.82,0
5959,14273.796,"Mount",-0.508,0.307,-0.591,-0.059,-0.399,0.000,78,E,0,,,,775934,425.95,0
5960,14276.333,"Mount",-0.763,0.687,-0.985,-0.292,-0.648,0.000,127,E,0,,,,803576,418.44,0
5961,14278.604,"Mount",-0.222,0.467,-0.401,-0.326,-0.298,0.000,58,E,0,,,,746962,438.88,0
5962,14280.946,"Mount",0.094,0.535,-0.145,-0.524,0.000,0.000,0,,0,,,,796164,434.72,0
5963,14283.220,"Mount",-0.411,0.579,-0.620,-0.346,-0.391,0.000,77,E,0,,,,807849,418.96,0
5964,14285.563,"Mount",-0.013,0.361,-0.167,-0.320,0.000,0.000,0,,0,,,,763738,474.17,0
5965,14287.732,"Mount",0.174,0.624,-0.111,-0.638,0.000,0.000,0,,0,,,,774061,482.40,0
5966,14290.066,"Mount",0.547,0.833,0.135,-0.987,0.000,0.000,0,,0,,,,742720,469.40,0
5967,14293.700,"Mount",0.667,0.658,0.319,-0.881,0.201,-0.881,39,W,1328,N,,,775557,479.35,0
5968,14296.058,"Mount",-0.219,0.008,-0.202,0.087,0.000,0.000,0,,0,,,,798991,447.67,0
5969,14298.372,"Mount",-0.685,0.531,-0.846,-0.184,-0.533,0.000,104,E,0,,,,790939,403.36,0
5970,14301.051,"Mount",-0.785,0.981,-1.131,-0.548,-0.750,-0.548,147,E,112,N,,,768596,439.80,0
5971,14303.356,"Mount",-0.255,0.493,-0.442,-0.335,-0.331,0.000,65,E,0,,,,737330,443.31,0
5972,14305.683,"Mount",0.208,0.135,0.129,-0.211,0.000,0.000,0,,0,,,,774727,381.38,0
5973,14307.859,"Mount",0.280,0.228,0.154,-0.327,0.000,0.000,0,,0,,,,809237,471.09,0
5974,14310.324,"Mount",0.597,-0.382,0.704,0.088,0.443,0.000,87,W,0,,,,768193,442.58,0
5975,14312.764,"Mount",1.074,-0.101,1.013,-0.371,0.669,-0.371,131,W,76,N,,,741478,431.54,0
5976,14315.144,"Mount",-0.129,-0.039,-0.099,0.091,0.000,0.000,0,,0,,,,782066,449.00,0
5977,14317.396,"Mount",-0.128,0.387,-0.282,-0.294,-0.178,0.000,35,E,0,,,,753104,428.11,0
5978,14319.747,"Mount",0.041,0.241,-0.067,-0.235,0.000,0.000,0,,0,,,,748079,485.21,0
5979,14323.492,"Mount",-0.836,-1.052,-0.302,1.309,-0.190,1.309,37,E,1468,S,,,683103,332.06,0
5980,14325.959,"Mount",-0.176,0.883,-0.539,-0.721,-0.353,0.000,69,E,0,,,,762389,439.96,0
5981,14328.139,"Mount",0.120,0.770,-0.223,-0.746,0.000,0.000,0,,0,,,,748757,441.10,0
5982,14330.479,"Mount",0.244,0.617,-0.045,-0.662,0.000,0.000,0,,0,,,,760047,386.54,0
5983,14332.796,"Mount",1.217,0.387,0.932,-0.873,0.587,0.000,115,W,0,,,,763957,439.75,0
5984,14335.285,"Mount",0.863,0.262,0.666,-0.608,0.461,0.000,90,W,0,,,,748939,463.93,0
5985,14337.556,"Mount",0.153,0.866,-0.235,-0.848,-0.116,0.000,23,E,0,,,,787246,493.29,0
5986,14341.908,"Mount",-2.119,2.814,-3.124,-1.628,-1.976,-1.628,387,E,1533,N,,,716613,386.42,0
5987,14344.404,"Mount",0.998,-0.580,1.151,0.094,0.587,0.000,115,W,0,,,,821471,469.26,0
5988,14346.732,"Mount",0.723,-0.327,0.793,-0.016,0.541,0.000,106,W,0,,,,758762,439.42,0
5989,14349.204,"Mount",-0.566,0.386,-0.677,-0.105,-0.389,0.000,76,E,0,,,,757926,413.71,0
5990,14351.414,"Mount",0.181,-0.113,0.212,0.024,0.000,0.000,0,,0,,,,692150,345.85,0
5991,14353.876,"Mount",0.672,-0.265,0.720,-0.049,0.454,0.000,89,W,0,,,,740961,426.68,0
5992,14356.172,"Mount",0.421,-0.148,0.444,-0.048,0.311,0.000,61,W,0,,,,793808,449.91,0
5993,14358.684,"Mount",0.880,-0.462,0.994,0.038,0.648,0.000,127,W,0,,,,762964,461.86,0
5994,14360.862,"Mount",-0.004,0.254,-0.113,-0.228,0.000,0.000,0,,0,,,,759882,509.27,0
5995,14363.364,"Mount",-0.777,0.425,-0.884,-0.049,-0.557,0.000,109,E,0,,,,752759,404.16,0
5996,14365.556,"Mount",-0.073,0.040,-0.083,-0.004,0.000,0.000,0,,0,,,,762079,377.51,0
5997,14367.988,"Mount",0.437,-0.181,0.472,-0.025,0.297,0.000,58,W,0,,,,727891,435.02,0
5998,14370.170,"Mount",0.108,-0.055,0.121,0.003,0.000,0.000,0,,0,,,,778305,428.58,0
5999,14372.510,"Mount",-0.132,0.081,-0.154,-0.016,0.000,0.000,0,,0,,,,824005,462.76,0
6000,14374.812,"Mount",0.228,-0.056,0.230,-0.048,0.145,0.000,28,W,0,,,,706444,417.23,0
6001,14377.162,"Mount",-0.034,0.154,-0.097,-0.125,0.000,0.000,0,,0,,,,710073,456.38,0
6002,14379.446,"Mount",0.118,-0.407,0.282,0.316,0.178,0.000,35,W,0,,,,730788,407.27,0
6003,14381.916,"Mount",-0.723,0.197,-0.737,0.133,-0.452,0.000,89,E,0,,,,753291,456.60,0
6004,14384.308,"Mount",-1.288,0.597,-1.419,0.016,-0.926,0.000,181,E,0,,,,775543,436.21,0
6005,14386.764,"Mount",-0.496,0.069,-0.477,0.151,-0.365,0.000,72,E,0,,,,790263,438.74,0
6006,14389.028,"Mount",0.498,-0.139,0.510,-0.089,0.296,0.000,58,W,0,,,,721214,413.76,0
6007,14391.500,"Mount",0.458,-0.148,0.477,-0.064,0.321,0.000,63,W,0,,,,768399,466.82,0
6008,14393.676,"Mount",-0.071,-0.193,0.019,0.205,0.000,0.000,0,,0,,,,776760,473.89,0
6009,14396.149,"Mount",-0.500,0.354,-0.604,-0.105,-0.380,0.000,75,E,0,,,,738843,384.64,0
6010,14398.332,"Mount",0.278,0.116,0.201,-0.224,0.000,0.000,0,,0,,,,794087,449.80,0
6011,14400.892,"Mount",1.352,-0.647,1.499,0.002,0.944,0.000,185,W,0,,,,766946,441.56,0
6012,14403.212,"Mount",0.333,-0.994,0.728,0.754,0.525,0.000,103,W,0,,,,744479,454.68,0
6013,14405.567,"Mount",-0.010,0.059,-0.035,-0.048,0.000,0.000,0,,0,,,,762493,452.17,0
6014,14407.804,"Mount",-0.227,0.201,-0.292,-0.084,-0.184,0.000,36,E,0,,,,765623,477.71,0
6015,14410.137,"Mount",0.145,0.267,0.016,-0.304,0.000,0.000,0,,0,,,,772876,474.55,0
6016,14412.460,"Mount",-0.901,0.305,-0.945,0.113,-0.595,0.000,117,E,0,,,,802798,425.53,0
6017,14414.916,"Mount",0.034,0.384,-0.135,-0.361,0.000,-0.361,0,,74,N,,,765889,402.34,0
6018,14417.254,"Mount",-1.011,0.374,-1.073,0.098,-0.676,0.000,132,E,0,,,,740900,437.82,0
6019,14419.660,"Mount",0.270,0.019,0.235,-0.133,0.101,0.000,20,W,0,,,,769865,436.51,0
6020,14421.908,"Mount",0.377,0.067,0.311,-0.222,0.203,0.000,40,W,0,,,,760840,449.64,0
6021,14424.248,"Mount",0.018,0.298,-0.112,-0.277,0.000,0.000,0,,0,,,,731982,435.87,0
6022,14426.604,"Mount",-0.825,0.332,-0.888,0.055,-0.559,0.000,110,E,0,,,,785140,411.72,0
6023,14429.060,"Mount",-0.462,0.259,-0.529,-0.035,-0.372,0.000,73,E,0,,,,778640,418.46,0
6024,14431.332,"Mount",-0.279,0.256,-0.362,-0.111,-0.254,0.000,50,E,0,,,,768731,409.06,0
6025,14433.788,"Mount",-0.364,0.306,-0.461,-0.119,-0.308,0.000,60,E,0,,,,765615,426.45,0
6026,14435.967,"Mount",0.117,0.202,0.019,-0.232,0.000,0.000,0,,0,,,,797762,474.23,0
6027,14438.339,"Mount",-0.219,0.041,-0.216,0.057,0.000,0.000,0,,0,,,,758067,417.23,0
6028,14440.572,"Mount",-0.251,0.128,-0.282,-0.008,-0.178,0.000,35,E,0,,,,773742,445.58,0
6029,14442.938,"Mount",-0.002,-0.049,0.019,0.045,0.000,0.000,0,,0,,,,796178,464.28,0
6030,14445.116,"Mount",0.193,0.059,0.149,-0.137,0.000,0.000,0,,0,,,,797684,466.60,0
6031,14447.501,"Mount",0.038,0.106,-0.012,-0.112,0.000,0.000,0,,0,,,,749698,470.91,0
6032,14449.756,"Mount",-0.400,0.319,-0.498,-0.116,-0.314,0.000,61,E,0,,,,731502,404.14,0
6033,14452.094,"Mount",0.003,0.115,-0.047,-0.105,0.000,0.000,0,,0,,,,786925,475.66,0
6034,14454.340,"Mount",-0.147,0.309,-0.265,-0.215,-0.167,0.000,33,E,0,,,,757799,426.84,0
6035,14456.687,"Mount",-0.120,0.140,-0.168,-0.075,0.000,0.000,0,,0,,,,738006,416.61,0
6036,14458.858,"Mount",-0.025,0.057,-0.047,-0.041,0.000,0.000,0,,0,,,,808536,513.96,0
6037,14461.222,"Mount",0.001,0.110,-0.046,-0.100,0.000,0.000,0,,0,,,,773048,413.61,0
6038,14463.516,"Mount",0.643,0.015,0.574,-0.290,0.362,0.000,71,W,0,,,,751025,418.82,0
6039,14465.868,"Mount",-0.093,0.309,-0.217,-0.239,0.000,0.000,0,,0,,,,756465,459.78,0
6040,14468.054,"Mount",-0.018,0.236,-0.118,-0.205,0.000,0.000,0,,0,,,,730845,477.43,0
6041,14470.572,"Mount",-0.914,0.747,-1.147,-0.281,-0.723,0.000,142,E,0,,,,725903,427.97,0
6042,14472.844,"Mount",-0.433,0.486,-0.600,-0.253,-0.429,0.000,84,E,0,,,,751611,453.29,0
6043,14475.308,"Mount",-0.683,-0.054,-0.593,0.343,-0.403,0.000,79,E,0,,,,724229,365.64,0
6044,14477.620,"Mount",-0.606,-0.237,-0.445,0.474,-0.309,0.000,60,E,0,,,,770431,413.24,0
6045,14479.979,"Mount",-0.100,-0.386,0.076,0.392,0.000,0.000,0,,0,,,,712681,427.20,0
6046,14482.396,"Mount",1.508,-0.712,1.668,-0.007,1.051,0.000,206,W,0,,,,725204,357.34,0
6047,14486.300,"Mount",0.264,-1.058,0.693,0.842,0.510,0.842,100,W,1373,S,,,688233,331.21,0
6048,14488.764,"Mount",0.318,-0.558,0.528,0.367,0.368,0.367,72,W,75,S,,,791965,508.70,0
6049,14491.136,"Mount",0.217,0.368,0.037,-0.426,0.000,0.000,0,,0,,,,785932,468.99,0
6050,14493.330,"Mount",0.038,0.357,-0.119,-0.338,0.000,0.000,0,,0,,,,766621,454.28,0
6051,14495.796,"Mount",-0.160,-0.397,0.026,0.428,0.000,0.428,0,,87,S,,,767433,438.62,0
6052,14498.292,"Mount",-1.882,1.249,-2.236,-0.317,-1.409,0.000,276,E,0,,,,695225,365.52,0
6053,14500.748,"Mount",0.951,0.071,0.828,-0.474,0.423,0.000,83,W,0,,,,743899,438.53,0
6054,14503.004,"Mount",-0.207,0.488,-0.397,-0.352,-0.220,0.000,43,E,0,,,,760358,457.90,0
6055,14505.572,"Mount",1.125,-0.059,1.041,-0.431,0.640,0.000,125,W,0,,,,750942,442.17,0
6056,14507.754,"Mount",0.115,0.318,-0.033,-0.336,0.000,0.000,0,,0,,,,690642,417.07,0
6057,14511.492,"Mount",0.073,0.639,-0.209,-0.608,0.000,-0.608,0,,1325,N,,,772111,428.27,0
6058,14513.748,"Mount",-0.139,0.439,-0.315,-0.336,-0.198,0.000,39,E,0,,,,745693,420.38,0
6059,14516.308,"Mount",-0.952,0.425,-1.043,0.026,-0.671,0.000,131,E,0,,,,753137,449.02,0
6060,14518.580,"Mount",-0.337,0.144,-0.366,0.015,-0.278,0.000,54,E,0,,,,783706,418.69,0
6061,14520.932,"Mount",-0.050,-0.124,0.008,0.133,0.000,0.000,0,,0,,,,729237,426.81,0
6062,14523.292,"Mount",0.962,-0.589,1.122,0.117,0.707,0.000,138,W,0,,,,774338,462.28,0
6063,14525.633,"Mount",-0.095,0.084,-0.122,-0.035,0.000,0.000,0,,0,,,,748655,411.89,0
6064,14527.808,"Mount",0.225,0.023,0.193,-0.118,0.000,0.000,0,,0,,,,763367,387.46,0
6065,14530.196,"Mount",0.231,-0.154,0.275,0.039,0.173,0.000,34,W,0,,,,735402,404.51,0
6066,14532.356,"Mount",0.063,0.072,0.026,-0.092,0.000,0.000,0,,0,,,,748031,456.10,0
6067,14534.772,"Mount",0.104,-0.393,0.263,0.310,0.166,0.000,32,W,0,,,,745554,438.26,0
6068,14536.951,"Mount",-0.094,0.130,-0.141,-0.077,0.000,0.000,0,,0,,,,748464,452.26,0
6069,14539.444,"Mount",-0.640,0.290,-0.702,0.014,-0.443,0.000,87,E,0,,,,775954,408.53,0
6070,14541.670,"Mount",-0.026,0.113,-0.072,-0.090,0.000,0.000,0,,0,,,,748469,433.76,0
6071,14544.018,"Mount",0.063,0.022,0.048,-0.047,0.000,0.000,0,,0,,,,798739,454.78,0
6072,14546.236,"Mount",0.157,0.064,0.114,-0.125,0.000,0.000,0,,0,,,,740218,451.87,0
6073,14548.585,"Mount",0.018,0.129,-0.040,-0.124,0.000,0.000,0,,0,,,,722430,419.83,0
6074,14550.762,"Mount",-0.162,-0.030,-0.133,0.096,0.000,0.000,0,,0,,,,732428,392.80,0
6075,14553.204,"Mount",0.435,-0.138,0.452,-0.063,0.285,0.000,56,W,0,,,,764739,470.15,0
6076,14555.453,"Mount",0.226,0.078,0.170,-0.168,0.000,0.000,0,,0,,,,746945,419.15,0
6077,14557.916,"Mount",-0.629,0.104,-0.612,0.177,-0.386,0.000,76,E,0,,,,737617,439.33,0
6078,14560.220,"Mount",-0.468,0.397,-0.593,-0.157,-0.401,0.000,79,E,0,,,,765104,429.18,0
6079,14562.708,"Mount",0.207,0.467,-0.014,-0.511,0.000,-0.511,0,,104,N,,,625546,376.79,0
6080,14564.980,"Mount",0.280,-0.093,0.293,-0.036,0.185,0.000,36,W,0,,,,795315,404.06,0
6081,14567.367,"Mount",-0.103,0.084,-0.129,-0.032,0.000,0.000,0,,0,,,,761209,460.42,0
6082,14569.559,"Mount",0.020,0.101,-0.026,-0.100,0.000,0.000,0,,0,,,,757256,365.64,0
6083,14571.888,"Mount",0.153,-0.087,0.176,0.013,0.000,0.000,0,,0,,,,763354,424.67,0
6084,14574.058,"Mount",0.036,0.077,-0.000,-0.085,0.000,0.000,0,,0,,,,736938,433.55,0
6085,14576.468,"Mount",-0.251,0.125,-0.280,-0.004,-0.177,0.000,35,E,0,,,,742119,419.75,0
6086,14578.740,"Mount",-0.400,0.234,-0.461,-0.039,-0.303,0.000,59,E,0,,,,742696,342.74,0
6087,14581.090,"Mount",-0.082,0.276,-0.193,-0.214,0.000,0.000,0,,0,,,,761831,426.18,0
6088,14583.332,"Mount",0.056,-0.505,0.267,0.432,0.169,0.000,33,W,0,,,,744073,426.04,0
6089,14585.658,"Mount",-0.205,0.010,-0.189,0.079,0.000,0.000,0,,0,,,,765421,423.25,0
6090,14587.826,"Mount",-0.117,0.171,-0.179,-0.104,0.000,0.000,0,,0,,,,727090,436.01,0
6091,14590.159,"Mount",-0.151,0.212,-0.227,-0.126,0.000,0.000,0,,0,,,,815111,444.70,0
6092,14592.351,"Mount",0.188,-0.096,0.212,0.006,0.000,0.000,0,,0,,,,753462,384.86,0
6093,14594.780,"Mount",0.226,-0.448,0.397,0.307,0.250,0.000,49,W,0,,,,758707,436.62,0
6094,14596.952,"Mount",-0.056,-0.113,-0.002,0.126,0.000,0.000,0,,0,,,,790147,445.04,0
6095,14599.379,"Mount",-0.409,-0.146,-0.306,0.308,-0.193,0.000,38,E,0,,,,742460,453.68,0
6096,14601.590,"Mount",0.183,-0.021,0.174,-0.060,0.000,0.000,0,,0,,,,775220,479.76,0
6097,14604.100,"Mount",0.800,-0.934,1.124,0.499,0.708,0.000,139,W,0,,,,734783,428.57,0
6098,14606.548,"Mount",-1.663,0.419,-1.682,0.337,-1.010,0.000,198,E,0,,,,786640,428.27,0
6099,14608.956,"Mount",0.196,-0.139,0.237,0.042,0.078,0.000,15,W,0,,,,724937,355.32,0
6100,14611.252,"Mount",0.504,-0.153,0.521,-0.079,0.334,0.000,65,W,0,,,,765334,466.22,0
6101,14613.593,"Mount",0.091,-0.046,0.102,0.002,0.000,0.000,0,,0,,,,760739,405.41,0
6102,14615.792,"Mount",-0.394,-0.422,-0.174,0.550,0.000,0.000,0,,0,,,,697584,403.86,0
6103,14618.149,"Mount",-0.272,-0.103,-0.201,0.210,0.000,0.000,0,,0,,,,766142,406.61,0
6104,14620.313,"Mount",-0.192,-0.263,-0.060,0.320,0.000,0.000,0,,0,,,,777308,420.75,0
6105,14622.656,"Mount",-0.025,-0.195,0.061,0.186,0.000,0.000,0,,0,,,,759035,431.29,0
6106,14624.876,"Mount",-0.220,-0.179,-0.121,0.256,0.000,0.000,0,,0,,,,750639,435.34,0
6107,14627.364,"Mount",0.304,-0.441,0.464,0.267,0.292,0.000,57,W,0,,,,804656,470.26,0
6108,14629.556,"Mount",-0.051,-0.611,0.217,0.574,0.000,0.000,0,,0,,,,769241,473.43,0
6109,14631.956,"Mount",0.166,-0.223,0.246,0.130,0.155,0.000,30,W,0,,,,741643,415.87,0
6110,14634.212,"Mount",0.256,-0.379,0.394,0.232,0.259,0.000,51,W,0,,,,770681,457.95,0
6111,14636.612,"Mount",0.058,-0.423,0.235,0.357,0.166,0.000,33,W,0,,,,820128,481.04,0
6112,14640.116,"Mount",-0.153,-0.421,0.044,0.446,0.000,0.446,0,,1292,S,,,795712,453.98,0
6113,14642.573,"Mount",0.852,0.476,0.564,-0.797,0.355,0.000,70,W,0,,,,753654,449.25,0
6114,14644.860,"Mount",0.843,0.507,0.542,-0.820,0.367,0.000,72,W,0,,,,748596,447.87,0
6115,14647.224,"Mount",0.447,0.494,0.191,-0.638,0.000,0.000,0,,0,,,,755567,455.43,0
6116,14649.422,"Mount",0.415,0.500,0.160,-0.630,0.000,0.000,0,,0,,,,767830,411.78,0
6117,14651.787,"Mount",0.337,0.783,-0.033,-0.852,0.000,0.000,0,,0,,,,764406,405.08,0
6118,14655.420,"Mount",0.622,0.462,0.362,-0.685,0.228,-0.685,45,W,1341,N,,,765015,462.69,0
6119,14657.771,"Mount",-0.011,0.053,-0.033,-0.043,0.000,0.000,0,,0,,,,791087,449.89,0
6120,14659.944,"Mount",-0.143,-0.010,-0.125,0.070,0.000,0.000,0,,0,,,,781286,474.71,0
6121,14662.278,"Mount",-0.067,0.100,-0.104,-0.062,0.000,0.000,0,,0,,,,784363,487.44,0
6122,14664.504,"Mount",-0.091,0.070,-0.112,-0.024,0.000,0.000,0,,0,,,,772899,401.44,0
6123,14667.004,"Mount",0.820,-0.525,0.966,0.121,0.608,0.000,119,W,0,,,,751621,446.28,0
6124,14669.301,"Mount",0.284,0.024,0.245,-0.144,0.197,0.000,39,W,0,,,,781871,464.39,0
6125,14671.698,"Mount",0.228,0.056,0.182,-0.149,0.000,0.000,0,,0,,,,809329,480.12,0
6126,14673.868,"Mount",-0.042,0.187,-0.118,-0.151,0.000,0.000,0,,0,,,,756949,421.50,0
6127,14676.225,"Mount",0.133,-0.025,0.131,-0.034,0.000,0.000,0,,0,,,,777593,475.12,0
6128,14678.411,"Mount",-0.113,0.199,-0.187,-0.132,0.000,0.000,0,,0,,,,813670,480.58,0
6129,14680.747,"Mount",0.173,0.101,0.113,-0.165,0.000,0.000,0,,0,,,,756577,412.75,0
6130,14682.996,"Mount",-0.230,0.284,-0.330,-0.158,-0.208,0.000,41,E,0,,,,791632,471.16,0
6131,14685.532,"Mount",-0.559,0.451,-0.698,-0.167,-0.455,0.000,89,E,0,,,,788231,434.42,0
6132,14687.836,"Mount",-0.612,0.377,-0.715,-0.076,-0.482,0.000,94,E,0,,,,848486,482.71,0
6133,14690.260,"Mount",0.308,-0.066,0.306,-0.073,0.159,0.000,31,W,0,,,,786405,453.92,0
6134,14692.500,"Mount",0.297,0.008,0.264,-0.135,0.178,0.000,35,W,0,,,,750053,466.14,0
6135,14694.924,"Mount",0.453,-0.115,0.458,-0.091,0.301,0.000,59,W,0,,,,762187,453.35,0
6136,14697.196,"Mount",0.435,-0.098,0.435,-0.099,0.295,0.000,58,W,0,,,,759386,440.82,0
6137,14699.561,"Mount",-0.009,0.152,-0.073,-0.133,0.000,0.000,0,,0,,,,776603,450.62,0
6138,14701.808,"Mount",-0.213,-0.962,0.222,0.960,0.000,0.000,0,,0,,,,667774,339.91,0
6139,14704.268,"Mount",-0.737,0.177,-0.741,0.157,-0.467,0.000,91,E,0,,,,756404,401.90,0
6140,14706.524,"Mount",0.126,-0.560,0.355,0.451,0.191,0.000,37,W,0,,,,754518,410.81,0
6141,14708.964,"Mount",-0.401,0.301,-0.492,-0.099,-0.296,0.000,58,E,0,,,,783997,430.86,0
6142,14711.500,"Mount",-2.088,0.863,-2.256,0.120,-1.442,0.000,283,E,0,,,,749786,420.01,0
6143,14714.036,"Mount",-1.103,0.414,-1.173,0.101,-0.840,0.000,165,E,0,,,,731875,356.99,0
6144,14716.310,"Mount",0.027,0.129,-0.031,-0.128,0.000,0.000,0,,0,,,,769501,438.40,0
6145,14718.813,"Mount",0.937,-0.149,0.910,-0.269,0.573,0.000,112,W,0,,,,721471,440.71,0
6146,14721.044,"Mount",0.273,0.016,0.240,-0.132,0.191,0.000,37,W,0,,,,736196,457.94,0
6147,14723.440,"Mount",-0.064,0.315,-0.194,-0.257,0.000,0.000,0,,0,,,,786974,417.30,0
6148,14725.635,"Mount",0.050,0.206,-0.043,-0.207,0.000,0.000,0,,0,,,,787112,497.83,0
6149,14728.052,"Mount",0.288,0.038,0.244,-0.158,0.153,0.000,30,W,0,,,,749393,421.45,0
6150,14730.228,"Mount",0.124,0.003,0.110,-0.056,0.000,0.000,0,,0,,,,763185,459.12,0
6151,14732.668,"Mount",-0.309,0.497,-0.493,-0.315,-0.311,0.000,61,E,0,,,,749966,463.44,0
6152,14734.852,"Mount",0.172,-0.033,0.170,-0.045,0.000,0.000,0,,0,,,,742126,454.01,0
6153,14737.201,"Mount",0.024,0.189,-0.059,-0.181,0.000,0.000,0,,0,,,,759096,444.52,0
6154,14739.595,"Mount",0.322,0.532,0.062,-0.619,0.000,-0.619,0,,126,N,,,780919,443.13,0
6155,14741.942,"Mount",-0.147,0.100,-0.176,-0.027,0.000,0.000,0,,0,,,,776961,493.44,0
6156,14744.112,"Mount",-0.049,0.133,-0.101,-0.098,0.000,0.000,0,,0,,,,762395,446.56,0
6157,14746.588,"Mount",-0.725,-0.240,-0.552,0.529,-0.348,0.000,68,E,0,,,,805679,455.02,0
6158,14749.052,"Mount",-1.842,0.660,-1.946,0.197,-1.251,0.000,245,E,0,,,,798427,417.11,0
6159,14751.604,"Mount",-1.016,0.145,-0.980,0.306,-0.705,0.000,138,E,0,,,,761859,388.92,0
6160,14753.766,"Mount",0.009,0.135,-0.050,-0.126,0.000,0.000,0,,0,,,,773586,439.49,0
6161,14756.324,"Mount",1.155,-0.641,1.319,0.081,0.831,0.000,163,W,0,,,,711623,410.30,0
6162,14758.756,"Mount",1.405,-0.807,1.615,0.124,1.076,0.000,211,W,0,,,,771424,411.95,0
6163,14761.124,"Mount",0.206,-0.020,0.195,-0.071,0.000,0.000,0,,0,,,,767240,435.37,0
6164,14763.300,"Mount",-0.082,0.028,-0.086,0.010,0.000,0.000,0,,0,,,,750761,437.23,0
6165,14765.650,"Mount",-0.007,0.136,-0.065,-0.120,0.000,0.000,0,,0,,,,759768,423.50,0
6166,14767.973,"Mount",0.147,0.066,0.104,-0.122,0.000,0.000,0,,0,,,,735286,429.28,0
6167,14770.336,"Mount",-0.061,0.103,-0.100,-0.067,0.000,0.000,0,,0,,,,706761,404.57,0
6168,14772.613,"Mount",0.214,-0.791,0.534,0.622,0.336,0.000,66,W,0,,,,717748,417.98,0
INFO: SET LOCK POSITION, new lock pos = 39.396, 789.387
INFO: DITHER by 3.622, -2.904, new lock pos = 43.916, 790.449
INFO: SETTLING STATE CHANGE, Settling started
6169,14777.678,"Mount",-4.520,-1.062,-3.622,2.904,-3.622,2.904,710,E,1794,S,,,794200,403.91,0
6170,14780.404,"Mount",-1.147,-0.641,-0.760,1.072,-0.479,1.072,94,E,219,S,,,766717,475.36,0
6171,14782.652,"Mount",-0.351,-0.146,-0.254,0.282,-0.194,0.000,38,E,0,,,,768491,438.34,0
6172,14785.100,"Mount",-0.620,0.065,-0.588,0.208,-0.384,0.000,75,E,0,,,,758743,469.18,0
6173,14787.278,"Mount",0.182,0.335,0.020,-0.381,0.000,0.000,0,,0,,,,717473,420.66,0
6174,14789.788,"Mount",1.232,0.186,1.032,-0.698,0.650,0.000,127,W,0,,,,756432,415.05,0
INFO: SETTLING STATE CHANGE, Settling complete
6175,14792.132,"Mount",1.150,0.192,0.955,-0.668,0.647,0.000,127,W,0,,,,757709,440.93,0
6176,14794.571,"Mount",0.258,0.683,-0.061,-0.728,0.000,0.000,0,,0,,,,768171,436.59,0
6177,14796.821,"Mount",-0.198,0.412,-0.356,-0.287,-0.224,0.000,44,E,0,,,,768217,428.03,0
6178,14799.302,"Mount",-0.342,0.409,-0.485,-0.222,-0.321,0.000,63,E,0,,,,752864,445.95,0
6179,14801.780,"Mount",-0.417,0.309,-0.509,-0.100,-0.343,0.000,67,E,0,,,,792501,459.01,0
6180,14804.139,"Mount",0.237,0.130,0.158,-0.220,0.000,0.000,0,,0,,,,761438,415.83,0
6181,14807.900,"Mount",1.494,0.183,1.270,-0.808,0.800,-0.808,157,W,1366,N,,,767002,414.21,0
6182,14810.492,"Mount",-1.680,0.517,-1.739,0.256,-1.040,0.000,204,E,0,,,,734612,423.58,0
6183,14812.756,"Mount",0.390,-0.456,0.549,0.244,0.273,0.000,53,W,0,,,,719336,454.88,0
6184,14815.188,"Mount",0.383,-0.055,0.370,-0.115,0.252,0.000,49,W,0,,,,761747,442.12,0
6185,14817.468,"Mount",-0.246,0.138,-0.281,-0.018,-0.159,0.000,31,E,0,,,,766352,377.16,0
6186,14819.837,"Mount",-0.101,0.001,-0.091,0.043,0.000,0.000,0,,0,,,,694730,369.35,0
6187,14823.572,"Mount",-0.919,-0.768,-0.499,1.088,-0.314,1.088,62,E,1423,S,,,695939,393.98,0
6188,14825.988,"Mount",0.234,-0.318,0.348,0.187,0.197,0.000,39,W,0,,,,749888,458.82,0
6189,14828.348,"Mount",0.896,-0.470,1.011,0.039,0.651,0.000,127,W,0,,,,718662,457.08,0
6190,14830.780,"Mount",0.307,-0.428,0.462,0.254,0.336,0.000,66,W,0,,,,766352,417.38,0
6191,14833.028,"Mount",-0.283,0.401,-0.428,-0.240,-0.246,0.000,48,E,0,,,,774997,403.61,0
6192,14835.732,"Mount",-1.361,0.245,-1.334,0.365,-0.858,0.365,168,E,74,S,,,764653,427.52,0
6193,14837.913,"Mount",-0.071,0.201,-0.151,-0.151,0.000,0.000,0,,0,,,,808303,458.74,0
6194,14840.420,"Mount",-0.256,0.427,-0.415,-0.276,-0.261,0.000,51,E,0,,,,727349,414.21,0
6195,14842.594,"Mount",0.087,-0.068,0.108,0.024,0.000,0.000,0,,0,,,,792719,468.37,0
6196,14844.996,"Mount",0.159,-0.291,0.269,0.194,0.169,0.000,33,W,0,,,,760537,430.29,0
6197,14847.178,"Mount",0.148,-0.004,0.135,-0.061,0.000,0.000,0,,0,,,,783271,462.41,0
6198,14849.628,"Mount",0.402,-0.084,0.399,-0.097,0.251,0.000,49,W,0,,,,784139,456.22,0
6199,14851.957,"Mount",0.790,0.103,0.668,-0.433,0.439,0.000,86,W,0,,,,791715,397.20,0
6200,14854.412,"Mount",0.754,0.160,0.612,-0.469,0.416,0.000,81,W,0,,,,781673,440.37,0
6201,14856.676,"Mount",0.597,0.380,0.376,-0.600,0.266,0.000,52,W,0,,,,791137,478.00,0
6202,14860.460,"Mount",-0.210,0.606,-0.450,-0.456,-0.265,-0.456,52,E,1294,N,,,744947,470.80,0
6203,14862.844,"Mount",-0.148,0.528,-0.361,-0.413,-0.246,-0.413,48,E,84,N,,,798139,442.54,0
6204,14865.364,"Mount",-0.681,0.172,-0.689,0.138,-0.451,0.000,88,E,0,,,,781517,441.79,0
6205,14867.940,"Mount",-1.303,1.058,-1.631,-0.394,-1.059,-0.394,208,E,80,N,,,734662,436.30,0
6206,14870.412,"Mount",-0.573,0.178,-0.593,0.086,-0.448,0.000,88,E,0,,,,802212,484.32,0
6207,14872.660,"Mount",0.447,0.100,0.360,-0.283,0.196,0.000,38,W,0,,,,747639,450.57,0
6208,14875.084,"Mount",-0.256,0.268,-0.346,-0.131,-0.204,0.000,40,E,0,,,,787827,481.13,0
6209,14877.283,"Mount",0.063,0.109,0.010,-0.126,0.000,0.000,0,,0,,,,749003,444.11,0
6210,14879.615,"Mount",-0.057,-0.007,-0.048,0.031,0.000,0.000,0,,0,,,,802287,470.34,0
6211,14881.911,"Mount",-0.232,-0.074,-0.178,0.167,0.000,0.000,0,,0,,,,771373,456.59,0
6212,14884.252,"Mount",-0.143,0.122,-0.182,-0.048,0.000,0.000,0,,0,,,,758572,437.96,0
6213,14886.430,"Mount",-0.143,-0.064,-0.102,0.120,0.000,0.000,0,,0,,,,786036,475.38,0
6214,14889.076,"Mount",-2.141,0.956,-2.344,0.059,-1.477,0.000,289,E,0,,,,769133,405.77,0
6215,14891.507,"Mount",-0.884,0.278,-0.918,0.130,-0.681,0.000,133,E,0,,,,706819,443.68,0
6216,14893.940,"Mount",0.503,-0.135,0.512,-0.095,0.275,0.000,54,W,0,,,,777588,477.46,0
6217,14896.268,"Mount",0.750,-0.450,0.871,0.084,0.568,0.000,111,W,0,,,,782242,483.33,0
6218,14898.724,"Mount",0.466,-0.162,0.490,-0.055,0.349,0.000,68,W,0,,,,800547,515.44,0
6219,14900.989,"Mount",0.313,-0.363,0.439,0.193,0.301,0.000,59,W,0,,,,739456,433.48,0
6220,14903.384,"Mount",-0.182,-0.066,-0.136,0.138,0.000,0.000,0,,0,,,,802084,471.69,0
6221,14905.565,"Mount",-0.060,-0.054,-0.031,0.075,0.000,0.000,0,,0,,,,797806,484.04,0
6222,14907.913,"Mount",-0.232,-0.011,-0.205,0.110,0.000,0.000,0,,0,,,,769001,468.71,0
6223,14910.156,"Mount",0.314,-0.072,0.315,-0.070,0.198,0.000,39,W,0,,,,777882,455.09,0
6224,14912.580,"Mount",-0.315,0.108,-0.331,0.038,-0.195,0.000,38,E,0,,,,793091,467.54,0
6225,14914.836,"Mount",0.256,-0.071,0.262,-0.046,0.151,0.000,30,W,0,,,,775197,480.96,0
6226,14917.194,"Mount",-0.106,0.190,-0.178,-0.126,0.000,0.000,0,,0,,,,784071,438.52,0
6227,14919.517,"Mount",0.233,-0.061,0.237,-0.045,0.149,0.000,29,W,0,,,,705658,447.01,0
6228,14921.956,"Mount",-0.446,0.250,-0.511,-0.034,-0.311,0.000,61,E,0,,,,753728,443.38,0
6229,14924.343,"Mount",-0.719,0.271,-0.766,0.065,-0.504,0.000,99,E,0,,,,726778,358.67,0
6230,14926.690,"Mount",-0.378,-0.691,-0.044,0.786,0.000,0.000,0,,0,,,,760027,472.03,0
6231,14928.980,"Mount",-0.663,0.106,-0.644,0.189,-0.406,0.000,79,E,0,,,,781108,480.51,0
6232,14931.360,"Mount",-0.184,-0.181,-0.088,0.243,0.000,0.000,0,,0,,,,756741,475.92,0
6233,14933.692,"Mount",0.146,-0.369,0.290,0.270,0.183,0.000,36,W,0,,,,819822,457.18,0
6234,14936.148,"Mount",0.247,-0.437,0.411,0.288,0.272,0.000,53,W,0,,,,784632,452.70,0
6235,14938.397,"Mount",-0.369,-0.135,-0.275,0.281,-0.154,0.000,30,E,0,,,,711974,388.12,0
6236,14940.741,"Mount",-0.299,-0.607,-0.008,0.677,0.000,0.000,0,,0,,,,789779,471.09,0
6237,14942.910,"Mount",-0.305,-0.144,-0.213,0.261,0.000,0.000,0,,0,,,,762772,467.94,0
6238,14945.292,"Mount",-0.228,-0.187,-0.125,0.268,0.000,0.000,0,,0,,,,756826,443.43,0
6239,14947.596,"Mount",0.230,-0.623,0.476,0.463,0.300,0.000,59,W,0,,,,742502,436.94,0
6240,14951.270,"Mount",-0.231,-0.370,-0.049,0.433,0.000,0.433,0,,1289,S,,,770836,434.65,0
6241,14953.797,"Mount",-1.387,0.211,-1.343,0.407,-0.846,0.407,166,E,83,S,,,726120,417.11,0
6242,14956.252,"Mount",0.539,-0.232,0.586,-0.023,0.310,0.000,61,W,0,,,,764837,429.39,0
6243,14958.549,"Mount",0.561,-0.209,0.596,-0.053,0.397,0.000,78,W,0,,,,782830,456.67,0
6244,14960.980,"Mount",-0.415,0.385,-0.540,-0.169,-0.312,0.000,61,E,0,,,,719060,462.19,0
6245,14963.267,"Mount",-0.201,0.266,-0.296,-0.154,-0.208,0.000,41,E,0,,,,716608,407.24,0
6246,14965.610,"Mount",-0.133,0.058,-0.145,0.005,0.000,0.000,0,,0,,,,810688,470.80,0
6247,14967.844,"Mount",0.398,0.173,0.284,-0.327,0.179,0.000,35,W,0,,,,761112,420.00,0
6248,14970.268,"Mount",-0.201,0.476,-0.386,-0.343,-0.231,0.000,45,E,0,,,,767377,463.24,0
6249,14972.446,"Mount",0.071,0.041,0.046,-0.067,0.000,0.000,0,,0,,,,798799,481.82,0
6250,14975.004,"Mount",0.919,-0.164,0.900,-0.248,0.567,0.000,111,W,0,,,,758534,476.05,0
6251,14977.308,"Mount",0.440,-0.024,0.407,-0.167,0.296,0.000,58,W,0,,,,760778,491.70,0
6252,14979.732,"Mount",-0.204,0.461,-0.383,-0.329,-0.220,0.000,43,E,0,,,,754584,471.16,0
6253,14981.996,"Mount",-0.180,0.367,-0.320,-0.254,-0.217,0.000,43,E,0,,,,764846,455.01,0
6254,14984.377,"Mount",0.033,-0.006,0.032,-0.009,0.000,0.000,0,,0,,,,729076,439.25,0
6255,14986.717,"Mount",-0.696,0.902,-1.016,-0.515,-0.640,0.000,125,E,0,,,,758236,395.25,0
6256,14989.172,"Mount",-0.274,0.631,-0.519,-0.451,-0.372,0.000,73,E,0,,,,772287,424.75,0
6257,14992.708,"Mount",0.090,0.445,-0.110,-0.441,0.000,-0.441,0,,1291,N,,,789369,445.31,0
6258,14995.149,"Mount",-0.526,-0.223,-0.379,0.428,-0.239,0.000,47,E,0,,,,768213,517.83,0
6259,14997.337,"Mount",-0.141,-0.622,0.140,0.622,0.000,0.000,0,,0,,,,789551,419.91,0
6260,14999.780,"Mount",0.510,-0.612,0.724,0.332,0.456,0.000,89,W,0,,,,751939,409.69,0
6261,15002.093,"Mount",0.649,-0.491,0.797,0.164,0.534,0.000,105,W,0,,,,737457,431.98,0
6262,15004.500,"Mount",-0.385,-0.203,-0.260,0.349,-0.126,0.000,25,E,0,,,,748638,454.45,0
6263,15006.772,"Mount",-0.515,0.095,-0.506,0.135,-0.327,0.000,64,E,0,,,,747956,457.91,0
6264,15009.259,"Mount",-0.712,-0.142,-0.582,0.435,-0.389,0.000,76,E,0,,,,719972,458.29,0
6265,15011.636,"Mount",-0.870,0.041,-0.803,0.337,-0.533,0.000,104,E,0,,,,693582,448.40,0
6266,15014.053,"Mount",-0.342,-0.047,-0.288,0.189,-0.219,0.000,43,E,0,,,,752183,430.91,0
6267,15016.421,"Mount",-0.596,0.265,-0.652,0.017,-0.426,0.000,83,E,0,,,,746396,434.59,0
6268,15018.916,"Mount",0.902,-0.245,0.919,-0.167,0.549,0.000,108,W,0,,,,791171,455.39,0
6269,15021.220,"Mount",0.554,-0.042,0.518,-0.201,0.365,0.000,72,W,0,,,,795889,451.86,0
6270,15023.554,"Mount",0.091,-0.026,0.093,-0.016,0.000,0.000,0,,0,,,,721597,419.71,0
6271,15025.727,"Mount",-0.172,0.047,-0.176,0.032,0.000,0.000,0,,0,,,,765110,460.20,0
6272,15028.140,"Mount",-0.317,0.060,-0.312,0.083,-0.196,0.000,38,E,0,,,,770663,480.54,0
6273,15030.314,"Mount",-0.217,-0.288,-0.072,0.354,0.000,0.000,0,,0,,,,797236,449.71,0
6274,15032.741,"Mount",-0.328,0.234,-0.397,-0.070,-0.250,0.000,49,E,0,,,,779924,470.30,0
6275,15035.020,"Mount",-0.507,0.072,-0.488,0.154,-0.325,0.000,64,E,0,,,,786835,478.72,0
6276,15037.492,"Mount",-0.330,-0.013,-0.293,0.154,-0.207,0.000,41,E,0,,,,773663,477.98,0
6277,15039.788,"Mount",-0.807,-0.010,-0.724,0.357,-0.471,0.000,92,E,0,,,,742600,429.42,0
6278,15042.284,"Mount",0.751,-0.704,0.981,0.313,0.585,0.000,115,W,0,,,,747957,439.69,0
6279,15044.590,"Mount",-0.457,-0.105,-0.367,0.291,-0.191,0.000,37,E,0,,,,759995,466.28,0
6280,15047.157,"Mount",-0.457,0.160,-0.481,0.053,-0.317,0.000,62,E,0,,,,809064,458.08,0
6281,15049.428,"Mount",-0.389,0.051,-0.373,0.121,-0.257,0.000,50,E,0,,,,781072,425.65,0
6282,15052.084,"Mount",-1.933,0.596,-2.002,0.294,-1.279,0.000,251,E,0,,,,772539,434.47,0
6283,15054.265,"Mount",0.029,0.252,-0.083,-0.240,0.000,0.000,0,,0,,,,739800,434.55,0
6284,15056.610,"Mount",0.176,-0.076,0.192,-0.007,0.000,0.000,0,,0,,,,712404,441.30,0
6285,15058.876,"Mount",-0.388,0.232,-0.450,-0.043,-0.284,0.000,56,E,0,,,,740127,424.17,0
6286,15061.444,"Mount",1.276,-0.348,1.301,-0.235,0.800,0.000,157,W,0,,,,701619,435.65,0
6287,15063.804,"Mount",0.918,-0.550,1.066,0.101,0.727,0.000,142,W,0,,,,740561,446.28,0
6288,15066.188,"Mount",-0.062,0.129,-0.112,-0.090,0.000,0.000,0,,0,,,,766071,443.91,0
6289,15068.452,"Mount",-0.274,0.307,-0.379,-0.159,-0.239,0.000,47,E,0,,,,693560,399.38,0
6290,15070.876,"Mount",-0.298,0.186,-0.349,-0.040,-0.236,0.000,46,E,0,,,,753636,421.07,0
6291,15073.164,"Mount",-0.480,0.248,-0.540,-0.017,-0.357,0.000,70,E,0,,,,786593,451.02,0
6292,15075.620,"Mount",-0.141,0.288,-0.251,-0.199,-0.183,0.000,36,E,0,,,,769779,443.85,0
6293,15077.787,"Mount",0.233,0.095,0.169,-0.186,0.000,0.000,0,,0,,,,798427,483.01,0
6294,15080.228,"Mount",-0.456,0.014,-0.418,0.184,-0.263,0.000,52,E,0,,,,746999,441.49,0
6295,15082.399,"Mount",0.255,0.108,0.183,-0.207,0.000,0.000,0,,0,,,,766310,480.13,0
6296,15084.884,"Mount",0.739,-0.229,0.766,-0.112,0.482,0.000,95,W,0,,,,774927,470.74,0
6297,15087.196,"Mount",0.627,-0.156,0.632,-0.129,0.432,0.000,85,W,0,,,,772106,437.50,0
6298,15089.660,"Mount",-0.541,0.107,-0.535,0.136,-0.307,0.000,60,E,0,,,,727683,440.80,0
6299,15091.847,"Mount",-0.046,-0.013,-0.035,0.032,0.000,0.000,0,,0,,,,767827,458.77,0
6300,15094.268,"Mount",-0.178,0.259,-0.272,-0.157,-0.171,0.000,34,E,0,,,,769497,475.09,0
6301,15096.556,"Mount",0.565,-0.188,0.591,-0.073,0.360,0.000,71,W,0,,,,781718,494.49,0
6302,15099.036,"Mount",-0.308,0.257,-0.389,-0.100,-0.220,0.000,43,E,0,,,,790758,431.08,0
6303,15101.277,"Mount",-0.020,0.220,-0.113,-0.190,0.000,0.000,0,,0,,,,789037,452.27,0
6304,15103.692,"Mount",-0.373,-0.191,-0.255,0.333,-0.161,0.000,31,E,0,,,,736300,430.86,0
6305,15105.934,"Mount",-0.170,0.070,-0.184,0.010,0.000,0.000,0,,0,,,,746007,485.54,0
6306,15108.380,"Mount",0.250,-0.481,0.433,0.326,0.273,0.000,53,W,0,,,,702837,405.27,0
6307,15110.551,"Mount",0.092,-0.155,0.150,0.100,0.000,0.000,0,,0,,,,789345,426.30,0
6308,15112.996,"Mount",-0.548,-0.001,-0.494,0.237,-0.311,0.000,61,E,0,,,,772447,476.35,0
6309,15115.318,"Mount",-0.689,0.278,-0.742,0.046,-0.489,0.000,96,E,0,,,,755999,432.29,0
6310,15117.756,"Mount",0.495,-0.355,0.600,0.107,0.344,0.000,67,W,0,,,,755397,431.04,0
6311,15119.933,"Mount",-0.283,-0.244,-0.151,0.343,0.000,0.000,0,,0,,,,740106,454.80,0
6312,15122.508,"Mount",-1.424,0.355,-1.439,0.292,-0.906,0.000,178,E,0,,,,692590,412.38,0
6313,15124.788,"Mount",-0.411,0.158,-0.439,0.035,-0.340,0.000,67,E,0,,,,761290,385.22,0
6314,15127.140,"Mount",-0.161,0.129,-0.201,-0.047,0.000,0.000,0,,0,,,,760337,418.64,0
6315,15129.559,"Mount",1.458,-0.616,1.582,-0.072,0.996,0.000,195,W,0,,,,746348,452.00,0
6316,15132.060,"Mount",0.873,-0.313,0.923,-0.093,0.651,0.000,128,W,0,,,,791114,482.36,0
6317,15134.356,"Mount",-0.716,-0.089,-0.608,0.388,-0.337,0.000,66,E,0,,,,705742,418.96,0
6318,15136.690,"Mount",-0.141,-0.087,-0.089,0.139,0.000,0.000,0,,0,,,,743690,441.94,0
6319,15138.932,"Mount",-0.262,0.196,-0.321,-0.064,-0.202,0.000,40,E,0,,,,762942,438.42,0
6320,15141.293,"Mount",-0.213,0.005,-0.194,0.087,0.000,0.000,0,,0,,,,824851,478.91,0
6321,15143.507,"Mount",-0.062,0.283,-0.178,-0.229,0.000,0.000,0,,0,,,,738768,458.72,0
6322,15145.855,"Mount",0.025,-0.370,0.182,0.323,0.000,0.000,0,,0,,,,755640,486.24,0
6323,15148.143,"Mount",-0.687,0.008,-0.623,0.289,-0.393,0.000,77,E,0,,,,739004,444.83,0
6324,15150.652,"Mount",0.716,-0.277,0.765,-0.058,0.455,0.000,89,W,0,,,,737438,423.74,0
6325,15152.932,"Mount",0.474,-0.194,0.511,-0.029,0.354,0.000,69,W,0,,,,776932,504.79,0
6326,15155.336,"Mount",-0.124,-0.077,-0.079,0.123,0.000,0.000,0,,0,,,,754661,453.87,0
6327,15157.604,"Mount",-0.232,0.108,-0.256,0.002,-0.162,0.000,32,E,0,,,,808405,484.24,0
6328,15160.037,"Mount",-0.279,0.127,-0.307,0.005,-0.204,0.000,40,E,0,,,,767860,456.90,0
6329,15162.220,"Mount",-0.192,0.055,-0.197,0.033,0.000,0.000,0,,0,,,,786179,463.98,0
6330,15164.684,"Mount",-0.310,0.084,-0.316,0.057,-0.199,0.000,39,E,0,,,,740617,402.19,0
6331,15166.972,"Mount",-0.518,0.233,-0.568,0.012,-0.372,0.000,73,E,0,,,,753418,431.50,0
6332,15169.331,"Mount",-0.248,-0.047,-0.203,0.149,0.000,0.000,0,,0,,,,768414,424.92,0
6333,15171.692,"Mount",-0.529,0.619,-0.744,-0.331,-0.469,0.000,92,E,0,,,,702263,399.37,0
6334,15174.196,"Mount",0.441,0.552,0.161,-0.688,0.000,-0.688,0,,140,N,,,764802,469.18,0
6335,15176.380,"Mount",0.205,0.288,0.061,-0.349,0.000,0.000,0,,0,,,,733490,434.66,0
6336,15178.712,"Mount",-0.016,0.360,-0.169,-0.318,0.000,0.000,0,,0,,,,724943,412.80,0
6337,15181.004,"Mount",-0.485,0.259,-0.549,-0.025,-0.346,0.000,68,E,0,,,,763451,435.17,0
6338,15183.700,"Mount",-0.900,0.964,-1.227,-0.483,-0.797,-0.483,156,E,98,N,,,744883,410.74,0
6339,15185.956,"Mount",-0.124,0.289,-0.236,-0.208,-0.205,0.000,40,E,0,,,,744260,420.74,0
6340,15188.334,"Mount",0.047,0.199,-0.043,-0.200,0.000,0.000,0,,0,,,,712375,415.42,0
6341,15190.613,"Mount",-0.644,-0.059,-0.555,0.331,-0.350,0.000,69,E,0,,,,711475,361.54,0
6342,15193.068,"Mount",0.660,-0.245,0.702,-0.063,0.418,0.000,82,W,0,,,,729446,451.73,0
6343,15195.437,"Mount",0.714,-1.206,1.164,0.781,0.762,0.000,149,W,0,,,,672104,316.96,0
6344,15197.785,"Mount",-0.240,-0.443,-0.026,0.503,0.000,0.000,0,,0,,,,723498,415.86,0
6345,15200.085,"Mount",-0.954,-0.197,-0.777,0.589,-0.489,0.000,96,E,0,,,,786004,407.01,0
6346,15202.516,"Mount",0.230,-0.387,0.375,0.251,0.202,0.000,40,W,0,,,,768154,502.58,0
6347,15204.788,"Mount",0.446,-0.061,0.429,-0.137,0.284,0.000,56,W,0,,,,764991,440.71,0
6348,15207.204,"Mount",-0.298,0.043,-0.288,0.090,-0.161,0.000,32,E,0,,,,750623,475.51,0
6349,15209.419,"Mount",-0.191,-0.001,-0.172,0.083,0.000,0.000,0,,0,,,,742457,405.45,0
6350,15211.763,"Mount",0.184,-0.033,0.180,-0.049,0.000,0.000,0,,0,,,,761895,440.13,0
6351,15214.004,"Mount",0.277,0.011,0.245,-0.130,0.154,0.000,30,W,0,,,,744196,470.43,0
6352,15216.444,"Mount",-0.479,-0.049,-0.411,0.251,-0.248,0.000,49,E,0,,,,751467,408.69,0
6353,15218.700,"Mount",0.206,-0.386,0.352,0.260,0.204,0.000,40,W,0,,,,759509,475.08,0
6354,15221.173,"Mount",-0.881,-0.220,-0.701,0.577,-0.427,0.000,84,E,0,,,,752325,490.35,0
6355,15223.692,"Mount",-1.676,0.214,-1.605,0.528,-1.041,0.000,204,E,0,,,,751237,432.57,0
6356,15226.196,"Mount",0.783,-0.599,0.964,0.203,0.535,0.000,105,W,0,,,,731598,446.96,0
6357,15228.548,"Mount",0.813,-0.735,1.050,0.313,0.699,0.000,137,W,0,,,,753967,400.02,0
6358,15231.020,"Mount",0.517,-0.506,0.684,0.234,0.480,0.000,94,W,0,,,,764115,481.83,0
6359,15233.285,"Mount",-0.067,-0.139,-0.001,0.154,0.000,0.000,0,,0,,,,765852,436.95,0
6360,15235.748,"Mount",0.559,-0.367,0.662,0.090,0.417,0.000,82,W,0,,,,787333,456.16,0
6361,15238.012,"Mount",0.253,-0.263,0.342,0.129,0.245,0.000,48,W,0,,,,749243,467.46,0
6362,15240.351,"Mount",0.182,-0.129,0.220,0.038,0.000,0.000,0,,0,,,,762358,442.14,0
6363,15242.522,"Mount",0.134,-0.088,0.159,0.022,0.000,0.000,0,,0,,,,769665,450.82,0
6364,15245.004,"Mount",0.517,-0.790,0.807,0.491,0.508,0.000,100,W,0,,,,730007,393.60,0
6365,15247.238,"Mount",-0.194,0.289,-0.299,-0.177,-0.153,0.000,30,E,0,,,,640417,297.92,0
6366,15249.660,"Mount",-0.124,0.294,-0.239,-0.212,-0.161,0.000,32,E,0,,,,750533,434.54,0
6367,15251.831,"Mount",0.042,-0.105,0.084,0.077,0.000,0.000,0,,0,,,,767344,434.77,0
6368,15254.284,"Mount",-0.479,0.182,-0.511,0.042,-0.322,0.000,63,E,0,,,,779013,451.17,0
6369,15256.549,"Mount",-0.522,-0.154,-0.405,0.363,-0.277,0.000,54,E,0,,,,741812,415.48,0
6370,15258.964,"Mount",0.325,-0.428,0.477,0.247,0.281,0.000,55,W,0,,,,762180,467.32,0
6371,15261.164,"Mount",0.249,0.120,0.173,-0.215,0.000,0.000,0,,0,,,,739337,437.80,0
6372,15263.605,"Mount",0.394,-0.569,0.600,0.344,0.378,0.000,74,W,0,,,,780982,432.46,0
6373,15265.778,"Mount",-0.282,-0.143,-0.193,0.251,0.000,0.000,0,,0,,,,732711,412.01,0
6374,15268.189,"Mount",-0.212,0.209,-0.281,-0.097,-0.177,0.000,35,E,0,,,,794377,435.59,0
6375,15270.460,"Mount",-0.429,0.072,-0.418,0.120,-0.276,0.000,54,E,0,,,,753503,415.38,0
6376,15272.908,"Mount",-0.418,0.174,-0.453,0.023,-0.304,0.000,60,E,0,,,,750401,435.44,0
6377,15275.303,"Mount",1.160,-0.395,1.217,-0.143,0.745,0.000,146,W,0,,,,757122,400.15,0
6378,15277.828,"Mount",0.889,-0.536,1.033,0.101,0.703,0.000,138,W,0,,,,767460,476.35,0
6379,15280.007,"Mount",-0.221,-0.187,-0.119,0.264,0.000,0.000,0,,0,,,,750163,438.49,0
6380,15282.452,"Mount",-0.478,0.178,-0.508,0.045,-0.320,0.000,63,E,0,,,,747430,450.27,0
6381,15284.663,"Mount",-0.045,-0.456,0.156,0.431,0.000,0.000,0,,0,,,,778374,444.66,0
6382,15287.018,"Mount",-0.302,-0.325,-0.133,0.423,0.000,0.000,0,,0,,,,720964,430.82,0
6383,15289.340,"Mount",-0.834,0.031,-0.766,0.331,-0.482,0.000,95,E,0,,,,736621,452.76,0
6384,15291.736,"Mount",-0.060,-0.121,-0.002,0.135,0.000,0.000,0,,0,,,,758990,465.32,0
6385,15293.996,"Mount",-0.447,0.139,-0.464,0.067,-0.292,0.000,57,E,0,,,,739531,433.13,0
6386,15296.444,"Mount",0.440,-0.182,0.476,-0.025,0.279,0.000,55,W,0,,,,681100,328.35,0
6387,15298.773,"Mount",0.798,-0.417,0.900,0.033,0.587,0.000,115,W,0,,,,735174,431.76,0
6388,15301.308,"Mount",0.752,-0.491,0.890,0.119,0.601,0.000,118,W,0,,,,717181,418.31,0
6389,15303.604,"Mount",-0.647,-0.128,-0.529,0.394,-0.291,0.000,57,E,0,,,,752863,456.50,0
6390,15305.955,"Mount",-0.101,0.275,-0.210,-0.205,0.000,0.000,0,,0,,,,710763,452.66,0
6391,15308.228,"Mount",0.371,-0.142,0.396,-0.032,0.249,0.000,49,W,0,,,,758487,449.23,0
6392,15310.644,"Mount",-0.339,0.124,-0.359,0.034,-0.209,0.000,41,E,0,,,,743047,356.26,0
6393,15312.821,"Mount",-0.167,-0.155,-0.085,0.212,0.000,0.000,0,,0,,,,743978,435.98,0
6394,15315.165,"Mount",0.032,-0.177,0.105,0.146,0.000,0.000,0,,0,,,,777797,466.52,0
6395,15317.500,"Mount",0.458,-0.508,0.632,0.262,0.398,0.000,78,W,0,,,,732921,437.89,0
6396,15319.846,"Mount",-0.289,-0.111,-0.213,0.224,0.000,0.000,0,,0,,,,757825,453.50,0
6397,15322.076,"Mount",0.135,-0.325,0.262,0.236,0.165,0.000,32,W,0,,,,800414,435.96,0
6398,15324.417,"Mount",-0.063,0.074,-0.089,-0.040,0.000,0.000,0,,0,,,,735541,473.94,0
6399,15326.700,"Mount",-0.608,0.128,-0.604,0.146,-0.380,0.000,75,E,0,,,,757256,433.14,0
6400,15329.054,"Mount",-0.067,-0.002,-0.060,0.030,0.000,0.000,0,,0,,,,756575,437.91,0
6401,15331.246,"Mount",-0.205,-0.126,-0.131,0.202,0.000,0.000,0,,0,,,,749686,421.00,0
6402,15333.644,"Mount",-0.400,-0.125,-0.308,0.285,-0.194,0.000,38,E,0,,,,765510,479.61,0
6403,15336.173,"Mount",-1.239,1.041,-1.567,-0.407,-1.001,-0.407,196,E,83,N,,,718781,425.37,0
6404,15338.660,"Mount",-0.627,0.173,-0.641,0.114,-0.474,0.000,93,E,0,,,,774706,431.45,0
6405,15340.840,"Mount",0.277,0.077,0.217,-0.189,0.000,0.000,0,,0,,,,720767,409.34,0
6406,15343.349,"Mount",0.571,0.034,0.501,-0.276,0.316,0.000,62,W,0,,,,760697,431.12,0
6407,15345.660,"Mount",0.570,-0.161,0.584,-0.100,0.390,0.000,76,W,0,,,,760439,470.81,0
6408,15348.149,"Mount",-0.865,0.202,-0.868,0.190,-0.520,0.000,102,E,0,,,,744171,449.95,0
6409,15350.428,"Mount",-0.213,0.301,-0.322,-0.180,-0.239,0.000,47,E,0,,,,816410,489.02,0
6410,15352.771,"Mount",-0.277,-0.070,-0.219,0.183,0.000,0.000,0,,0,,,,789819,472.13,0
6411,15355.092,"Mount",-0.770,0.310,-0.828,0.052,-0.522,0.000,102,E,0,,,,752994,442.22,0
6412,15357.676,"Mount",0.850,-0.419,0.948,0.013,0.561,0.000,110,W,0,,,,724962,432.09,0
6413,15360.053,"Mount",1.171,-0.503,1.273,-0.050,0.841,0.000,165,W,0,,,,791596,459.21,0
6414,15362.387,"Mount",0.015,-0.235,0.115,0.206,0.000,0.000,0,,0,,,,747386,458.95,0
6415,15364.565,"Mount",0.004,-0.332,0.146,0.298,0.000,0.000,0,,0,,,,741877,466.19,0
6416,15366.988,"Mount",-0.492,-0.083,-0.409,0.286,-0.257,0.000,50,E,0,,,,793772,496.24,0
6417,15369.170,"Mount",0.004,0.167,-0.069,-0.152,0.000,0.000,0,,0,,,,768537,464.01,0
6418,15371.636,"Mount",-0.553,-0.041,-0.481,0.275,-0.303,0.000,59,E,0,,,,743640,451.65,0
6419,15373.893,"Mount",-0.219,0.155,-0.265,-0.045,-0.188,0.000,37,E,0,,,,755876,464.39,0
6420,15376.380,"Mount",-0.742,0.423,-0.852,-0.062,-0.550,0.000,108,E,0,,,,740716,426.64,0
6421,15378.693,"Mount",-0.665,0.188,-0.681,0.117,-0.468,0.000,92,E,0,,,,762245,461.12,0
6422,15381.207,"Mount",0.591,-0.941,0.939,0.595,0.559,0.000,109,W,0,,,,739725,437.61,0
6423,15383.484,"Mount",0.303,0.044,0.255,-0.171,0.200,0.000,39,W,0,,,,717068,463.06,0
6424,15385.990,"Mount",0.855,-0.656,1.054,0.224,0.678,0.000,133,W,0,,,,758737,455.65,0
6425,15388.373,"Mount",0.548,-0.421,0.676,0.144,0.473,0.000,93,W,0,,,,773194,466.85,0
6426,15390.742,"Mount",0.227,-0.018,0.212,-0.081,0.000,0.000,0,,0,,,,796759,503.04,0
6427,15393.077,"Mount",0.724,-0.803,0.999,0.413,0.629,0.000,123,W,0,,,,771036,440.56,0
6428,15395.798,"Mount",-1.731,0.452,-1.757,0.337,-1.063,0.000,208,E,0,,,,730165,426.86,0
6429,15398.261,"Mount",-1.105,1.107,-1.474,-0.523,-1.003,0.000,196,E,0,,,,720173,401.59,0
INFO: SET LOCK POSITION, new lock pos = 43.916, 790.449
INFO: DITHER by 2.797, 3.437, new lock pos = 44.961, 786.143
INFO: SETTLING STATE CHANGE, Settling started
6430,15402.237,"Mount",-1.045,4.306,-2.797,-3.437,-2.797,-3.437,548,E,701,N,,,730550,436.96,0
6431,15405.308,"Mount",0.462,3.395,-1.044,-3.263,-0.657,-3.263,129,E,666,N,,,730483,440.97,0
6432,15407.732,"Mount",-0.143,-0.893,0.255,0.868,0.115,0.000,22,W,0,,,,729533,468.29,0
6433,15411.516,"Mount",-1.354,-0.572,-0.976,1.099,-0.607,1.099,119,E,1425,S,,,746697,407.71,0
6434,15413.948,"Mount",0.674,0.077,0.576,-0.359,0.320,0.000,63,W,0,,,,776705,474.24,0
6435,15416.205,"Mount",0.460,0.186,0.335,-0.366,0.233,0.000,46,W,0,,,,760597,421.87,0
6436,15418.546,"Mount",0.186,0.310,0.034,-0.359,0.000,0.000,0,,0,,,,745348,459.88,0
6437,15420.772,"Mount",-0.166,0.630,-0.421,-0.497,-0.265,0.000,52,E,0,,,,749934,450.78,0
6438,15423.115,"Mount",0.217,0.533,-0.033,-0.574,0.000,0.000,0,,0,,,,717944,465.78,0
6439,15425.460,"Mount",-0.202,0.731,-0.497,-0.573,-0.313,0.000,61,E,0,,,,735316,417.77,0
INFO: SETTLING STATE CHANGE, Settling complete
6440,15427.932,"Mount",0.932,0.176,0.766,-0.560,0.461,0.000,90,W,0,,,,763708,464.40,0
6441,15431.572,"Mount",0.691,0.462,0.425,-0.714,0.300,-0.714,59,W,1347,N,,,726726,384.72,0
6442,15434.068,"Mount",-0.261,0.082,-0.271,0.038,-0.150,0.000,29,E,0,,,,764990,435.99,0
6443,15436.259,"Mount",-0.188,0.096,-0.211,-0.005,0.000,0.000,0,,0,,,,760683,505.92,0
6444,15438.716,"Mount",-0.556,0.022,-0.512,0.220,-0.322,0.000,63,E,0,,,,711522,420.27,0
6445,15440.957,"Mount",-0.417,-0.262,-0.264,0.416,-0.189,0.000,37,E,0,,,,764497,498.99,0
6446,15443.363,"Mount",-0.267,-0.096,-0.199,0.202,0.000,0.000,0,,0,,,,697708,436.82,0
6447,15445.547,"Mount",0.048,-0.261,0.155,0.215,0.000,0.000,0,,0,,,,745015,430.11,0
6448,15447.957,"Mount",0.138,-0.484,0.333,0.378,0.210,0.000,41,W,0,,,,762392,415.66,0
6449,15450.238,"Mount",0.207,-0.215,0.279,0.105,0.191,0.000,37,W,0,,,,773312,460.17,0
6450,15452.692,"Mount",0.415,-0.405,0.548,0.187,0.359,0.000,70,W,0,,,,737818,375.52,0
6451,15454.973,"Mount",-0.507,0.163,-0.527,0.071,-0.307,0.000,60,E,0,,,,799252,505.69,0
6452,15457.452,"Mount",-0.514,0.007,-0.467,0.215,-0.316,0.000,62,E,0,,,,779472,450.63,0
6453,15459.634,"Mount",0.008,-0.190,0.089,0.168,0.000,0.000,0,,0,,,,734375,440.90,0
6454,15462.077,"Mount",-0.599,0.069,-0.571,0.196,-0.360,0.000,70,E,0,,,,690009,435.84,0
6455,15464.500,"Mount",-1.253,0.058,-1.156,0.487,-0.753,0.000,148,E,0,,,,709429,424.06,0
6456,15468.460,"Mount",-0.906,-1.121,-0.335,1.402,-0.264,1.402,52,E,1487,S,,,695012,447.73,0
6457,15471.076,"Mount",0.184,-1.244,0.701,1.044,0.423,1.044,83,W,213,S,,,745503,440.45,0
6458,15473.580,"Mount",1.028,-0.139,0.988,-0.317,0.652,0.000,128,W,0,,,,720440,423.73,0
6459,15475.845,"Mount",0.486,0.327,0.298,-0.504,0.234,0.000,46,W,0,,,,731835,433.43,0
6460,15478.187,"Mount",0.210,0.390,0.022,-0.442,0.000,0.000,0,,0,,,,770242,447.29,0
6461,15480.485,"Mount",-0.453,0.869,-0.783,-0.589,-0.493,0.000,97,E,0,,,,738020,478.17,0
6462,15482.908,"Mount",-0.097,0.668,-0.375,-0.561,-0.271,0.000,53,E,0,,,,755335,459.53,0
6463,15485.236,"Mount",-0.630,0.742,-0.888,-0.399,-0.578,0.000,113,E,0,,,,713080,430.58,0
6464,15487.644,"Mount",0.561,0.376,0.345,-0.581,0.177,0.000,35,W,0,,,,744677,482.69,0
6465,15489.900,"Mount",-0.154,0.534,-0.369,-0.416,-0.220,0.000,43,E,0,,,,773853,420.27,0
6466,15493.564,"Mount",0.130,0.387,-0.049,-0.405,0.000,-0.405,0,,1284,N,,,749462,480.56,0
6467,15496.028,"Mount",-0.445,0.770,-0.733,-0.504,-0.462,-0.504,90,E,103,N,,,706090,359.60,0
6468,15498.368,"Mount",-0.224,-0.663,0.083,0.695,0.000,0.000,0,,0,,,,715172,465.29,0
6469,15500.540,"Mount",0.060,-0.338,0.200,0.279,0.000,0.000,0,,0,,,,803035,459.38,0
6470,15502.948,"Mount",0.134,-0.388,0.288,0.292,0.181,0.000,36,W,0,,,,739035,450.54,0
6471,15505.124,"Mount",-0.028,-0.053,-0.002,0.060,0.000,0.000,0,,0,,,,729855,389.13,0
6472,15507.467,"Mount",-0.146,-0.041,-0.114,0.100,0.000,0.000,0,,0,,,,779949,473.42,0
6473,15509.636,"Mount",0.098,-0.077,0.121,0.027,0.000,0.000,0,,0,,,,744649,451.37,0
6474,15511.969,"Mount",0.166,0.121,0.098,-0.181,0.000,0.000,0,,0,,,,743332,431.89,0
6475,15514.132,"Mount",-0.057,-0.220,0.044,0.223,0.000,0.000,0,,0,,,,773133,411.66,0
6476,15516.485,"Mount",-0.126,0.201,-0.201,-0.127,0.000,0.000,0,,0,,,,739108,448.70,0
6477,15518.659,"Mount",0.146,-0.181,0.209,0.100,0.000,0.000,0,,0,,,,748149,427.15,0
6478,15521.015,"Mount",-0.043,0.162,-0.109,-0.127,0.000,0.000,0,,0,,,,734237,455.36,0
6479,15523.193,"Mount",-0.078,-0.118,-0.020,0.140,0.000,0.000,0,,0,,,,774453,430.18,0
6480,15525.551,"Mount",-0.115,-0.376,0.058,0.389,0.000,0.000,0,,0,,,,795418,494.59,0
6481,15527.726,"Mount",-0.276,-0.333,-0.106,0.420,0.000,0.000,0,,0,,,,702706,401.37,0
6482,15531.388,"Mount",-0.089,-0.379,0.082,0.380,0.000,0.380,0,,1279,S,,,748012,403.93,0
6483,15533.628,"Mount",-0.291,0.067,-0.292,0.065,-0.184,0.000,36,E,0,,,,751346,464.67,0
6484,15536.069,"Mount",-0.289,0.410,-0.437,-0.245,-0.288,0.000,57,E,0,,,,745999,407.88,0
6485,15538.405,"Mount",0.865,-0.537,1.012,0.112,0.617,0.000,121,W,0,,,,749936,432.65,0
6486,15541.084,"Mount",0.587,-1.006,0.963,0.655,0.650,0.655,127,W,134,S,,,645535,380.58,0
6487,15543.423,"Mount",0.126,-0.313,0.248,0.228,0.202,0.000,40,W,0,,,,730886,420.96,0
6488,15545.757,"Mount",0.406,0.345,0.218,-0.486,0.000,0.000,0,,0,,,,708634,401.59,0
6489,15547.996,"Mount",0.055,0.645,-0.228,-0.606,-0.143,0.000,28,E,0,,,,730070,443.81,0
6490,15550.331,"Mount",0.121,0.716,-0.199,-0.698,0.000,0.000,0,,0,,,,688618,440.29,0
6491,15552.772,"Mount",-1.518,1.379,-1.964,-0.591,-1.237,0.000,242,E,0,,,,736135,447.39,0
6492,15556.596,"Mount",0.865,0.201,0.694,-0.554,0.351,-0.554,69,W,1314,N,,,717640,404.11,0
6493,15558.972,"Mount",0.457,0.597,0.156,-0.736,0.000,-0.736,0,,150,N,,,754482,429.63,0
6494,15561.468,"Mount",0.296,-0.642,0.544,0.452,0.342,0.000,67,W,0,,,,737103,412.26,0
6495,15563.740,"Mount",0.318,-0.685,0.582,0.481,0.390,0.000,76,W,0,,,,718530,452.68,0
6496,15566.085,"Mount",-0.097,-0.411,0.089,0.413,0.000,0.000,0,,0,,,,778810,437.86,0
6497,15568.428,"Mount",0.419,-0.620,0.645,0.380,0.406,0.000,80,W,0,,,,734958,469.01,0
6498,15570.777,"Mount",-0.056,-0.455,0.145,0.434,0.000,0.000,0,,0,,,,735248,416.44,0
6499,15573.100,"Mount",-0.928,0.253,-0.946,0.171,-0.596,0.000,117,E,0,,,,750763,446.62,0
6500,15575.556,"Mount",0.239,-0.575,0.463,0.416,0.250,0.000,49,W,0,,,,719605,391.35,0
6501,15579.028,"Mount",-0.314,-0.800,0.061,0.857,0.000,0.857,0,,1260,S,,,740016,392.86,0
6502,15581.460,"Mount",-0.235,-0.060,-0.187,0.155,0.000,0.000,0,,0,,,,688456,444.32,0
6503,15583.828,"Mount",-0.754,0.363,-0.837,-0.003,-0.527,0.000,103,E,0,,,,721052,388.69,0
6504,15586.198,"Mount",0.156,-0.090,0.179,0.014,0.000,0.000,0,,0,,,,715746,435.40,0
6505,15588.501,"Mount",-0.433,0.843,-0.753,-0.575,-0.475,0.000,93,E,0,,,,755464,446.37,0
6506,15590.830,"Mount",0.297,0.343,0.121,-0.437,0.000,0.000,0,,0,,,,713776,412.87,0
6507,15593.005,"Mount",-0.084,0.107,-0.122,-0.061,0.000,0.000,0,,0,,,,745822,441.73,0
6508,15595.408,"Mount",-0.024,0.362,-0.178,-0.316,0.000,0.000,0,,0,,,,753204,475.73,0
6509,15597.684,"Mount",0.611,0.012,0.547,-0.274,0.344,0.000,67,W,0,,,,710480,423.78,0
6510,15600.025,"Mount",0.085,0.174,0.002,-0.194,0.000,0.000,0,,0,,,,745102,477.52,0
6511,15603.508,"Mount",0.611,0.204,0.463,-0.448,0.292,-0.448,57,W,1176,N,,,682123,411.69,0
6512,15605.859,"Mount",-0.085,0.188,-0.158,-0.133,0.000,0.000,0,,0,,,,774965,480.70,0
6513,15608.033,"Mount",-0.040,0.124,-0.090,-0.095,0.000,0.000,0,,0,,,,804896,438.32,0
6514,15610.370,"Mount",0.210,0.237,0.087,-0.305,0.000,0.000,0,,0,,,,768063,474.38,0
6515,15612.604,"Mount",0.357,0.061,0.296,-0.209,0.187,0.000,37,W,0,,,,734517,444.66,0
6516,15615.020,"Mount",-0.130,0.367,-0.275,-0.275,-0.160,0.000,31,E,0,,,,711599,408.94,0
6517,15617.316,"Mount",-0.176,0.378,-0.322,-0.266,-0.214,0.000,42,E,0,,,,756402,435.35,0
6518,15619.681,"Mount",-0.041,0.221,-0.132,-0.182,0.000,0.000,0,,0,,,,770604,466.19,0
6519,15621.873,"Mount",0.069,0.180,-0.015,-0.192,0.000,0.000,0,,0,,,,781420,443.99,0
6520,15624.192,"Mount",0.025,0.227,-0.075,-0.216,0.000,0.000,0,,0,,,,729105,453.72,0
6521,15626.501,"Mount",-0.747,0.154,-0.741,0.182,-0.467,0.000,91,E,0,,,,745941,446.64,0
6522,15628.854,"Mount",-0.123,0.075,-0.144,-0.014,0.000,0.000,0,,0,,,,753827,484.66,0
6523,15631.149,"Mount",0.033,0.377,-0.132,-0.354,0.000,-0.354,0,,72,N,,,751506,462.72,0
6524,15633.556,"Mount",-0.249,0.160,-0.294,-0.037,-0.185,0.000,36,E,0,,,,754346,442.91,0
6525,15635.868,"Mount",-0.683,0.299,-0.745,0.024,-0.482,0.000,94,E,0,,,,771966,440.70,0
6526,15638.420,"Mount",-1.066,0.275,-1.081,0.211,-0.715,0.000,140,E,0,,,,718282,444.45,0
6527,15640.748,"Mount",-0.778,0.481,-0.909,-0.099,-0.623,0.000,122,E,0,,,,756771,414.92,0
6528,15643.093,"Mount",-0.014,-0.015,-0.006,0.020,0.000,0.000,0,,0,,,,780177,447.01,0
6529,15645.389,"Mount",0.158,-0.229,0.241,0.139,0.152,0.000,30,W,0,,,,762703,435.55,0
6530,15647.812,"Mount",-0.330,0.141,-0.358,0.015,-0.215,0.000,42,E,0,,,,744775,425.59,0
6531,15649.985,"Mount",-0.131,0.168,-0.191,-0.095,0.000,0.000,0,,0,,,,748281,438.42,0
6532,15652.412,"Mount",0.429,-0.274,0.505,0.063,0.318,0.000,62,W,0,,,,744618,444.36,0
6533,15654.692,"Mount",-0.411,0.320,-0.509,-0.112,-0.298,0.000,58,E,0,,,,779703,458.48,0
6534,15657.316,"Mount",-1.096,0.196,-1.074,0.295,-0.697,0.000,137,E,0,,,,751974,452.33,0
6535,15659.582,"Mount",-0.210,0.230,-0.289,-0.117,-0.231,0.000,45,E,0,,,,764380,448.83,0
6536,15662.028,"Mount",0.153,-0.464,0.338,0.353,0.197,0.000,39,W,0,,,,779905,457.91,0
6537,15664.292,"Mount",0.214,-0.353,0.345,0.226,0.231,0.000,45,W,0,,,,746529,410.45,0
6538,15666.716,"Mount",0.206,-0.299,0.314,0.181,0.214,0.000,42,W,0,,,,745704,442.01,0
6539,15668.889,"Mount",0.135,-0.067,0.151,0.003,0.000,0.000,0,,0,,,,717072,449.08,0
6540,15671.445,"Mount",-0.816,-0.119,-0.686,0.459,-0.432,0.000,85,E,0,,,,687927,354.27,0
6541,15674.828,"Mount",-0.393,-0.323,-0.215,0.461,0.000,0.461,0,,1179,S,,,734603,443.88,0
6542,15677.348,"Mount",-0.610,0.240,-0.654,0.046,-0.412,0.000,81,E,0,,,,805714,480.04,0
6543,15679.764,"Mount",-0.679,-0.125,-0.559,0.405,-0.381,0.405,75,E,83,S,,,697336,448.46,0
6544,15682.196,"Mount",0.521,0.033,0.456,-0.254,0.261,0.000,51,W,0,,,,767105,468.76,0
6545,15684.524,"Mount",1.036,0.066,0.907,-0.506,0.590,0.000,116,W,0,,,,688228,430.67,0
6546,15686.956,"Mount",0.495,0.390,0.278,-0.565,0.217,0.000,42,W,0,,,,723040,430.19,0
6547,15689.155,"Mount",0.286,0.535,0.028,-0.606,0.000,0.000,0,,0,,,,753491,433.47,0
6548,15691.604,"Mount",-0.088,0.349,-0.230,-0.277,-0.145,0.000,28,E,0,,,,775631,438.51,0
6549,15693.786,"Mount",-0.019,0.367,-0.175,-0.323,0.000,0.000,0,,0,,,,701944,437.96,0
6550,15696.229,"Mount",-0.323,0.107,-0.338,0.043,-0.213,0.000,42,E,0,,,,715495,368.15,0
6551,15698.716,"Mount",-1.657,0.478,-1.701,0.281,-1.087,0.000,213,E,0,,,,735442,400.45,0
6552,15701.079,"Mount",-0.111,0.246,-0.206,-0.174,0.000,0.000,0,,0,,,,708352,439.22,0
6553,15703.356,"Mount",-0.293,0.601,-0.523,-0.417,-0.329,0.000,65,E,0,,,,777853,460.67,0
6554,15705.884,"Mount",1.115,-0.510,1.226,-0.019,0.750,0.000,147,W,0,,,,726470,458.15,0
6555,15708.228,"Mount",0.878,-0.279,0.912,-0.126,0.627,0.000,123,W,0,,,,766603,422.38,0
6556,15710.660,"Mount",0.520,0.313,0.335,-0.506,0.255,0.000,50,W,0,,,,745938,480.67,0
6557,15714.148,"Mount",-0.139,0.637,-0.400,-0.515,-0.234,-0.515,46,E,1190,N,,,775327,467.14,0
6558,15716.661,"Mount",-0.781,0.721,-1.015,-0.315,-0.656,0.000,129,E,0,,,,728047,436.09,0
6559,15718.834,"Mount",0.068,0.267,-0.053,-0.271,0.000,0.000,0,,0,,,,744693,442.80,0
6560,15721.277,"Mount",-0.141,0.408,-0.303,-0.308,-0.191,0.000,37,E,0,,,,760562,428.96,0
6561,15723.465,"Mount",0.045,0.200,-0.045,-0.200,0.000,0.000,0,,0,,,,746380,450.77,0
6562,15725.791,"Mount",0.006,0.017,-0.002,-0.019,0.000,0.000,0,,0,,,,732684,458.45,0
6563,15728.036,"Mount",0.313,-0.092,0.322,-0.051,0.203,0.000,40,W,0,,,,753530,454.02,0
6564,15730.380,"Mount",0.058,0.343,-0.095,-0.334,0.000,0.000,0,,0,,,,789380,452.42,0
6565,15732.668,"Mount",0.050,0.461,-0.154,-0.437,0.000,-0.437,0,,89,N,,,738068,428.30,0
6566,15735.076,"Mount",-0.189,0.142,-0.232,-0.047,-0.146,0.000,29,E,0,,,,732743,418.20,0
6567,15737.428,"Mount",-0.560,0.231,-0.605,0.032,-0.391,0.000,77,E,0,,,,763300,465.81,0
6568,15739.972,"Mount",-0.879,0.446,-0.985,-0.025,-0.648,0.000,127,E,0,,,,720946,420.17,0
6569,15742.137,"Mount",0.044,-0.008,0.043,-0.012,0.000,0.000,0,,0,,,,757427,481.45,0
6570,15744.484,"Mount",0.058,0.093,0.012,-0.109,0.000,0.000,0,,0,,,,769547,466.51,0
6571,15746.654,"Mount",0.171,-0.068,0.183,-0.012,0.000,0.000,0,,0,,,,773400,487.17,0
6572,15749.102,"Mount",0.295,-0.472,0.470,0.299,0.296,0.000,58,W,0,,,,746330,410.86,0
6573,15751.454,"Mount",0.207,-0.623,0.455,0.473,0.308,0.000,60,W,0,,,,760326,486.62,0
6574,15753.964,"Mount",-1.102,-0.020,-0.987,0.492,-0.600,0.000,118,E,0,,,,647752,362.12,0
6575,15756.162,"Mount",-0.151,0.132,-0.193,-0.054,0.000,0.000,0,,0,,,,699658,388.77,0
6576,15759.732,"Mount",-0.267,-0.345,-0.093,0.426,0.000,0.426,0,,1172,S,,,774054,428.97,0
6577,15761.906,"Mount",-0.160,-0.019,-0.137,0.086,0.000,0.000,0,,0,,,,725623,388.36,0
6578,15764.331,"Mount",0.130,0.315,-0.018,-0.341,0.000,0.000,0,,0,,,,696053,403.83,0
6579,15766.515,"Mount",0.283,0.323,0.117,-0.413,0.000,0.000,0,,0,,,,753393,431.36,0
6580,15768.989,"Mount",0.779,-0.148,0.767,-0.202,0.483,0.000,95,W,0,,,,752402,435.61,0
6581,15771.186,"Mount",0.108,-0.263,0.211,0.191,0.000,0.000,0,,0,,,,722588,424.26,0
6582,15773.596,"Mount",0.458,0.246,0.308,-0.419,0.194,0.000,38,W,0,,,,719017,448.83,0
6583,15775.766,"Mount",0.204,0.344,0.036,-0.399,0.000,0.000,0,,0,,,,767399,458.09,0
6584,15779.460,"Mount",-0.477,0.773,-0.763,-0.493,-0.481,-0.493,94,E,1186,N,,,767317,508.84,0
6585,15782.044,"Mount",-2.522,0.713,-2.584,0.442,-1.661,0.000,325,E,0,,,,554750,322.21,0
6586,15786.028,"Mount",-1.865,-0.704,-1.381,1.438,-0.986,1.438,193,E,1378,S,,,590957,336.09,0
6587,15788.444,"Mount",-0.511,-0.644,-0.185,0.801,0.000,0.801,0,,163,S,,,655257,398.48,0
6588,15790.988,"Mount",1.462,-0.142,1.380,-0.501,0.870,0.000,170,W,0,,,,731790,438.38,0
6589,15793.381,"Mount",1.499,-0.124,1.407,-0.533,0.947,0.000,186,W,0,,,,746683,377.36,0
6590,15795.829,"Mount",0.483,0.375,0.274,-0.546,0.239,0.000,47,W,0,,,,780441,447.36,0
6591,15798.084,"Mount",-0.093,0.739,-0.402,-0.628,-0.237,0.000,46,E,0,,,,745926,427.47,0
6592,15800.524,"Mount",-0.287,0.820,-0.612,-0.616,-0.402,0.000,79,E,0,,,,736445,435.02,0
6593,15802.868,"Mount",-0.103,0.895,-0.478,-0.764,-0.329,0.000,65,E,0,,,,754796,496.68,0
6594,15805.306,"Mount",0.049,0.750,-0.278,-0.698,-0.198,0.000,39,E,0,,,,771479,477.12,0
6595,15808.756,"Mount",-0.149,0.782,-0.471,-0.642,-0.310,-0.642,61,E,1119,N,,,710531,381.61,0
6596,15811.404,"Mount",0.088,0.777,-0.255,-0.739,-0.182,-0.739,36,E,151,N,,,770221,479.14,0
6597,15813.724,"Mount",0.253,0.432,0.042,-0.499,0.000,-0.499,0,,102,N,,,804152,457.04,0
6598,15816.090,"Mount",-0.018,-0.191,0.066,0.180,0.000,0.000,0,,0,,,,756990,395.95,0
6599,15818.294,"Mount",-0.110,-0.278,0.020,0.299,0.000,0.000,0,,0,,,,753002,435.21,0
6600,15820.634,"Mount",-0.060,0.096,-0.096,-0.061,0.000,0.000,0,,0,,,,763300,425.20,0
6601,15822.829,"Mount",-0.190,-0.196,-0.087,0.259,0.000,0.000,0,,0,,,,757339,425.51,0
6602,15825.192,"Mount",-0.006,0.047,-0.026,-0.040,0.000,0.000,0,,0,,,,764253,485.57,0
6603,15827.684,"Mount",-1.703,0.447,-1.729,0.330,-1.089,0.000,213,E,0,,,,719841,425.45,0
6604,15830.132,"Mount",0.599,-0.211,0.631,-0.067,0.321,0.000,63,W,0,,,,774494,459.84,0
6605,15832.295,"Mount",0.141,-0.120,0.179,0.047,0.000,0.000,0,,0,,,,723626,412.17,0
6606,15834.845,"Mount",1.264,-0.780,1.476,0.160,0.930,0.000,182,W,0,,,,731009,460.41,0
6607,15837.268,"Mount",1.489,-0.676,1.635,-0.030,1.095,0.000,215,W,0,,,,762378,463.86,0
6608,15839.693,"Mount",-0.271,0.386,-0.410,-0.232,-0.182,0.000,36,E,0,,,,789149,458.89,0
6609,15842.037,"Mount",0.495,-0.439,0.635,0.183,0.388,0.000,76,W,0,,,,779395,465.54,0
6610,15844.532,"Mount",-0.799,0.469,-0.923,-0.079,-0.555,0.000,109,E,0,,,,770440,417.83,0
6611,15846.710,"Mount",-0.247,-0.002,-0.222,0.109,0.000,0.000,0,,0,,,,732384,440.00,0
6612,15849.205,"Mount",-0.757,0.153,-0.749,0.187,-0.472,0.000,92,E,0,,,,715574,423.69,0
6613,15851.652,"Mount",1.317,-0.970,1.606,0.309,0.979,0.000,192,W,0,,,,702546,366.75,0
6614,15853.997,"Mount",0.079,-0.292,0.197,0.230,0.000,0.000,0,,0,,,,692939,417.56,0
6615,15856.182,"Mount",-0.017,0.252,-0.124,-0.220,0.000,0.000,0,,0,,,,722463,391.29,0
6616,15858.628,"Mount",0.492,-0.234,0.545,-0.001,0.343,0.000,67,W,0,,,,750644,426.67,0
6617,15860.884,"Mount",0.270,-0.303,0.375,0.158,0.260,0.000,51,W,0,,,,720200,416.64,0
6618,15863.348,"Mount",-0.499,0.277,-0.570,-0.035,-0.341,0.000,67,E,0,,,,758378,451.97,0
6619,15865.612,"Mount",-0.235,0.368,-0.371,-0.231,-0.257,0.000,50,E,0,,,,733003,414.99,0
6620,15868.045,"Mount",-0.251,0.428,-0.411,-0.279,-0.277,0.000,54,E,0,,,,783701,503.32,0
6621,15870.223,"Mount",0.248,0.117,0.173,-0.212,0.000,0.000,0,,0,,,,737087,446.07,0
6622,15872.562,"Mount",0.175,0.173,0.084,-0.232,0.000,0.000,0,,0,,,,742636,397.48,0
6623,15874.956,"Mount",-0.092,0.548,-0.319,-0.455,-0.201,-0.455,39,E,93,N,,,728129,390.86,0
6624,15877.508,"Mount",0.788,-0.352,0.863,-0.021,0.530,0.000,104,W,0,,,,743108,440.74,0
6625,15879.924,"Mount",1.379,-0.706,1.548,0.044,1.012,0.000,198,W,0,,,,759501,440.92,0
6626,15882.420,"Mount",-0.856,0.624,-1.041,-0.195,-0.585,0.000,115,E,0,,,,753552,447.88,0
6627,15884.820,"Mount",-0.753,0.190,-0.761,0.153,-0.520,0.000,102,E,0,,,,781362,474.85,0
6628,15887.301,"Mount",-0.312,0.272,-0.399,-0.111,-0.288,0.000,56,E,0,,,,742625,476.86,0
6629,15889.620,"Mount",-0.613,0.361,-0.709,-0.062,-0.467,0.000,91,E,0,,,,761896,449.17,0
6630,15891.959,"Mount",0.131,0.029,0.106,-0.083,0.000,0.000,0,,0,,,,745346,450.63,0
6631,15894.270,"Mount",-0.853,0.364,-0.926,0.039,-0.584,0.000,114,E,0,,,,741083,417.77,0
6632,15896.692,"Mount",0.389,-0.163,0.421,-0.021,0.224,0.000,44,W,0,,,,784115,458.45,0
6633,15898.866,"Mount",0.216,0.235,0.094,-0.305,0.000,0.000,0,,0,,,,747635,436.95,0
6634,15901.439,"Mount",1.328,-0.527,1.425,-0.096,0.898,0.000,176,W,0,,,,733681,395.81,0
6635,15903.805,"Mount",1.141,-0.271,1.147,-0.246,0.785,0.000,154,W,0,,,,717717,460.84,0
6636,15906.154,"Mount",-0.291,-0.129,-0.207,0.242,0.000,0.000,0,,0,,,,711848,367.09,0
6637,15908.533,"Mount",-1.010,0.594,-1.168,-0.101,-0.736,0.000,144,E,0,,,,716055,414.39,0
6638,15910.862,"Mount",-0.090,0.188,-0.162,-0.131,0.000,0.000,0,,0,,,,693413,344.18,0
6639,15913.116,"Mount",-0.517,0.369,-0.625,-0.111,-0.394,0.000,77,E,0,,,,760845,471.68,0
6640,15915.591,"Mount",-0.409,0.549,-0.605,-0.320,-0.409,0.000,80,E,0,,,,741812,462.58,0
6641,15917.876,"Mount",-0.317,0.468,-0.488,-0.286,-0.336,0.000,66,E,0,,,,783468,472.17,0
6642,15920.310,"Mount",0.359,-0.103,0.368,-0.062,0.208,0.000,41,W,0,,,,727471,446.37,0
6643,15922.676,"Mount",-0.147,0.504,-0.350,-0.392,-0.206,-0.392,40,E,80,N,,,733531,431.08,0
6644,15925.036,"Mount",-0.103,0.060,-0.119,-0.010,0.000,0.000,0,,0,,,,735011,435.50,0
6645,15927.250,"Mount",0.090,-0.090,0.121,0.043,0.000,0.000,0,,0,,,,754990,419.69,0
6646,15929.726,"Mount",-0.840,0.121,-0.810,0.252,-0.510,0.000,100,E,0,,,,759231,425.62,0
6647,15932.060,"Mount",-0.903,0.377,-0.978,0.049,-0.652,0.000,128,E,0,,,,724135,394.33,0
6648,15934.551,"Mount",0.539,-0.636,0.760,0.342,0.433,0.000,85,W,0,,,,739364,416.75,0
6649,15936.737,"Mount",0.023,-0.057,0.045,0.041,0.000,0.000,0,,0,,,,701532,412.49,0
6650,15939.157,"Mount",-0.230,0.141,-0.268,-0.029,-0.169,0.000,33,E,0,,,,732289,418.22,0
6651,15941.516,"Mount",0.572,-0.184,0.595,-0.080,0.363,0.000,71,W,0,,,,734530,434.28,0
6652,15943.972,"Mount",0.546,-0.220,0.587,-0.037,0.396,0.000,77,W,0,,,,750100,447.89,0
6653,15946.163,"Mount",0.242,0.000,0.218,-0.104,0.000,0.000,0,,0,,,,729430,413.03,0
6654,15948.510,"Mount",-0.232,-0.733,0.106,0.761,0.000,0.000,0,,0,,,,775377,420.01,0
6655,15950.844,"Mount",-0.796,0.619,-0.985,-0.216,-0.621,0.000,122,E,0,,,,718593,404.60,0
6656,15953.333,"Mount",-0.425,0.282,-0.505,-0.071,-0.362,0.000,71,E,0,,,,738903,463.77,0
6657,15955.508,"Mount",0.166,0.014,0.144,-0.084,0.000,0.000,0,,0,,,,723328,432.95,0
6658,15957.838,"Mount",-0.053,-0.289,0.077,0.284,0.000,0.000,0,,0,,,,728991,429.15,0
6659,15960.011,"Mount",-0.019,-0.126,0.037,0.122,0.000,0.000,0,,0,,,,724388,457.20,0
6660,15962.436,"Mount",0.140,-0.606,0.387,0.487,0.244,0.000,48,W,0,,,,709827,425.70,0
6661,15965.844,"Mount",-0.472,-0.510,-0.207,0.663,0.000,0.663,0,,1183,S,,,716405,447.63,0
6662,15968.284,"Mount",0.043,0.741,-0.280,-0.688,-0.177,0.000,35,E,0,,,,722287,425.83,0
6663,15970.548,"Mount",-0.218,0.579,-0.446,-0.429,-0.293,0.000,57,E,0,,,,763971,473.29,0
6664,15972.973,"Mount",-0.179,0.422,-0.344,-0.304,-0.237,0.000,46,E,0,,,,726812,401.00,0
6665,15975.151,"Mount",0.256,0.369,0.073,-0.444,0.000,0.000,0,,0,,,,772434,472.80,0
6666,15977.503,"Mount",0.125,0.484,-0.096,-0.491,0.000,0.000,0,,0,,,,789342,478.72,0
6667,15980.917,"Mount",-0.009,0.540,-0.241,-0.483,-0.152,-0.483,30,E,1147,N,,,712330,445.21,0
6668,15983.453,"Mount",0.882,-0.259,0.908,-0.146,0.561,0.000,110,W,0,,,,747517,451.09,0
6669,15985.725,"Mount",0.444,-0.131,0.457,-0.073,0.327,0.000,64,W,0,,,,767315,456.34,0
6670,15988.276,"Mount",0.376,0.448,0.147,-0.567,0.000,-0.567,0,,116,N,,,740105,454.39,0
6671,15990.444,"Mount",-0.134,-0.219,-0.027,0.256,0.000,0.000,0,,0,,,,694317,394.68,0
6672,15992.792,"Mount",-0.063,-0.556,0.183,0.528,0.000,0.000,0,,0,,,,763340,392.03,0
6673,15994.978,"Mount",-0.028,-0.141,0.035,0.140,0.000,0.000,0,,0,,,,690891,394.34,0
6674,15997.460,"Mount",0.494,-0.386,0.612,0.136,0.386,0.000,76,W,0,,,,730208,430.30,0
6675,15999.635,"Mount",-0.053,-0.001,-0.047,0.023,0.000,0.000,0,,0,,,,748473,426.33,0
6676,16002.165,"Mount",-1.095,0.457,-1.185,0.059,-0.747,0.000,146,E,0,,,,695228,413.28,0
6677,16004.476,"Mount",0.483,-0.076,0.469,-0.139,0.243,0.000,48,W,0,,,,735865,420.18,0
6678,16006.940,"Mount",0.417,-0.385,0.542,0.168,0.358,0.000,70,W,0,,,,745519,431.44,0
6679,16009.284,"Mount",0.755,-0.588,0.934,0.206,0.614,0.000,120,W,0,,,,753456,478.46,0
6680,16011.764,"Mount",0.255,-0.455,0.426,0.301,0.312,0.000,61,W,0,,,,721050,392.50,0
6681,16013.940,"Mount",0.069,-0.146,0.125,0.102,0.000,0.000,0,,0,,,,756716,441.26,0
6682,16016.437,"Mount",-0.703,0.156,-0.702,0.162,-0.442,0.000,87,E,0,,,,734923,436.07,0
6683,16018.668,"Mount",0.181,-0.161,0.233,0.067,0.116,0.000,23,W,0,,,,704833,408.45,0
6684,16021.092,"Mount",0.064,-0.538,0.289,0.458,0.190,0.000,37,W,0,,,,700486,423.42,0
6685,16023.381,"Mount",0.296,-0.606,0.528,0.420,0.346,0.000,68,W,0,,,,700084,432.31,0
6686,16027.004,"Mount",-0.638,-0.152,-0.510,0.412,-0.297,0.412,58,E,1132,S,,,722000,422.71,0
6687,16029.385,"Mount",-0.188,0.256,-0.280,-0.150,-0.197,0.000,39,E,0,,,,723964,447.05,0
6688,16031.878,"Mount",0.904,-0.317,0.953,-0.103,0.586,0.000,115,W,0,,,,810123,497.51,0
6689,16034.237,"Mount",0.970,0.060,0.850,-0.472,0.577,0.000,113,W,0,,,,766704,426.37,0
INFO: SET LOCK POSITION, new lock pos = 44.961, 786.143
INFO: DITHER by 4.968, 4.997, new lock pos = 47.295, 779.495
INFO: SETTLING STATE CHANGE, Settling started
6690,16040.396,"Mount",-2.334,6.649,-4.968,-4.997,-4.968,-4.997,973,E,2068,N,,,728854,470.87,0
6691,16043.266,"Mount",-0.047,1.752,-0.796,-1.561,-0.502,-1.561,98,E,319,N,,,715808,470.62,0
6692,16045.724,"Mount",-0.621,0.660,-0.845,-0.328,-0.567,0.000,111,E,0,,,,737967,429.85,0
6693,16048.222,"Mount",0.833,-0.526,0.978,0.116,0.577,0.000,113,W,0,,,,730926,462.11,0
6694,16050.517,"Mount",0.476,-0.314,0.565,0.079,0.396,0.000,78,W,0,,,,742822,474.22,0
6695,16052.872,"Mount",0.001,-0.217,0.094,0.195,0.000,0.000,0,,0,,,,752981,460.92,0
6696,16055.063,"Mount",-0.294,-0.334,-0.121,0.428,0.000,0.000,0,,0,,,,751687,419.85,0
INFO: SETTLING STATE CHANGE, Settling complete
6697,16057.530,"Mount",-0.133,-0.215,-0.027,0.252,0.000,0.000,0,,0,,,,750274,501.02,0
Guiding Ends at 2026-09-13 02:24:13

Guiding Begins at 2026-09-13 02:27:40
Equipment Profile = SW4P_EVO
Dither = both axes, Dither scale = 1.000, Image noise reduction = 2x2 mean, Guide-frame time lapse = 0, Server enabled
Pixel scale = 2.91 arc-sec/px, Binning = 1, Focal length = 266 mm
Search region = 15 px, Star mass tolerance = 50.0%, Multi-star mode, list size = 12
 Camera = ZWO ASI120MM Mini (ASCOM), full size = 1280 x 960, have dark, dark dur = 2000, no defect map, pixel size = 3.8 um
Exposure = 2000 ms
Mount = GPUSB, connected, guiding enabled, AuxMount=CPWI_ASCOM_Telescope, xAngle = -25.5, xRate = 5.020, yAngle = -115.5, yRate = 4.901, parity = +/-
Norm rates RA = 16.1"/s @ dec 0, Dec = 14.3"/s; ortho.err. = 0.0 deg
X guide algorithm = Hysteresis, Hysteresis = 0.100, Aggression = 0.700, Minimum move = 0.228
Y guide algorithm = Resist Switch, Minimum move = 0.350 Aggression = 100% FastSwitch = enabled
Backlash comp = enabled, pulse = 1048 ms
Max RA duration = 2500, Max DEC duration = 2500, DEC guide mode = Auto
RA Guide Speed = 14.9 a-s/s, Dec Guide Speed = 14.9 a-s/s, Cal Dec = -0.0, Last Cal Issue = None, Timestamp = 06/09/2026 20:50:26
RA = 20.01 hr, Dec = 25.0 deg, Hour angle = 4.69 hr, Pier side = East, Rotator pos = N/A, Alt = 30.7 deg, Az = 277.0 deg
Lock position = 789.028, 783.728, Star position = 789.028, 783.728, HFD = 6.62 px
Frame,Time,mount,dx,dy,RARawDistance,DECRawDistance,RAGuideDistance,DECGuideDistance,RADuration,RADirection,DECDuration,DECDirection,XStep,YStep,StarMass,SNR,ErrorCode
INFO: SETTLING STATE CHANGE, Settling started
1,3.144,"Mount",1.290,-0.943,1.570,0.295,0.989,0.000,197,W,0,,,,1383958,502.52,0
2,5.456,"Mount",0.611,-0.004,0.553,-0.259,0.418,0.000,83,W,0,,,,1326954,478.32,0
3,7.859,"Mount",0.122,0.279,-0.010,-0.304,0.000,0.000,0,,0,,,,1391907,590.80,0
4,10.038,"Mount",-0.084,0.119,-0.127,-0.071,0.000,0.000,0,,0,,,,1332878,503.20,0
5,12.536,"Mount",1.015,-0.228,1.014,-0.231,0.639,0.000,127,W,0,,,,1249299,580.55,0
INFO: SETTLING STATE CHANGE, Settling complete
6,14.864,"Mount",-0.299,0.200,-0.356,-0.052,-0.180,0.000,36,E,0,,,,1361958,600.82,0
7,17.344,"Mount",0.754,-0.337,0.825,-0.020,0.507,0.000,101,W,0,,,,1363094,581.40,0
8,19.880,"Mount",0.872,-0.677,1.079,0.236,0.715,0.000,142,W,0,,,,1377392,563.05,0
9,22.376,"Mount",-0.801,0.358,-0.877,0.022,-0.503,0.000,100,E,0,,,,1349749,469.83,0
10,24.704,"Mount",0.625,-0.104,0.609,-0.175,0.349,0.000,69,W,0,,,,1359194,498.32,0
11,27.145,"Mount",-0.266,0.692,-0.538,-0.510,-0.315,0.000,63,E,0,,,,1352532,496.05,0
12,29.594,"Mount",-0.314,0.279,-0.404,-0.117,-0.276,0.000,55,E,0,,,,1287582,559.62,0
13,32.152,"Mount",0.789,-0.120,0.764,-0.231,0.462,0.000,92,W,0,,,,1234082,488.66,0
14,34.522,"Mount",0.533,-0.086,0.518,-0.151,0.359,0.000,71,W,0,,,,1333530,568.79,0
15,36.876,"Mount",0.050,0.164,-0.026,-0.169,0.000,0.000,0,,0,,,,1280253,592.35,0
16,39.072,"Mount",0.059,0.227,-0.044,-0.230,0.000,0.000,0,,0,,,,1366756,523.23,0
17,41.537,"Mount",0.609,0.522,0.325,-0.733,0.205,0.000,41,W,0,,,,1370998,593.83,0
18,43.883,"Mount",0.240,0.340,0.070,-0.410,0.000,-0.410,0,,84,N,,,1307684,516.47,0
19,46.336,"Mount",-0.182,0.184,-0.243,-0.088,-0.153,0.000,31,E,0,,,,1273124,530.79,0
20,48.532,"Mount",0.012,0.142,-0.051,-0.134,0.000,0.000,0,,0,,,,1297172,550.12,0
21,51.160,"Mount",-1.715,0.769,-1.879,0.044,-1.184,0.000,236,E,0,,,,1346653,468.50,0
22,53.329,"Mount",-0.066,0.025,-0.071,0.006,0.000,0.000,0,,0,,,,1385691,544.01,0
23,55.760,"Mount",0.226,-0.099,0.246,-0.008,0.155,0.000,31,W,0,,,,1273947,497.81,0
24,58.016,"Mount",-0.254,0.242,-0.334,-0.109,-0.199,0.000,40,E,0,,,,1307909,582.10,0
25,60.448,"Mount",-0.313,-0.005,-0.281,0.140,-0.191,0.000,38,E,0,,,,1318919,568.60,0
26,62.754,"Mount",0.624,-0.194,0.647,-0.094,0.394,0.000,79,W,0,,,,1336599,540.16,0
27,65.208,"Mount",0.303,0.063,0.247,-0.187,0.183,0.000,36,W,0,,,,1311994,578.72,0
28,67.385,"Mount",-0.081,0.262,-0.186,-0.201,0.000,0.000,0,,0,,,,1292005,549.74,0
29,69.804,"Mount",0.021,0.233,-0.082,-0.219,0.000,0.000,0,,0,,,,1263707,551.63,0
30,72.007,"Mount",-0.130,0.059,-0.143,0.003,0.000,0.000,0,,0,,,,1300746,580.32,0
31,74.496,"Mount",-0.531,0.521,-0.704,-0.242,-0.443,0.000,88,E,0,,,,1294947,525.31,0
32,76.736,"Mount",-0.116,0.338,-0.251,-0.255,-0.189,0.000,38,E,0,,,,1253229,554.09,0
33,79.087,"Mount",-0.040,0.183,-0.115,-0.148,0.000,0.000,0,,0,,,,1345879,526.97,0
34,81.265,"Mount",-0.018,-0.298,0.112,0.277,0.000,0.000,0,,0,,,,1448573,512.07,0
35,83.705,"Mount",-0.037,-0.064,-0.006,0.074,0.000,0.000,0,,0,,,,1389260,587.94,0
36,86.111,"Mount",0.474,0.280,0.307,-0.457,0.193,-0.457,39,W,93,N,,,1298208,575.93,0
37,88.600,"Mount",-1.029,-0.598,-0.672,0.983,-0.410,0.000,82,E,0,,,,1309067,422.41,0
38,92.135,"Mount",-0.370,-1.006,0.099,1.067,0.000,1.067,0,,1266,S,,,1407779,578.65,0
39,94.911,"Mount",-1.369,-0.155,-1.169,0.729,-0.737,0.729,147,E,149,S,,,1315808,566.64,0
40,97.086,"Mount",-0.216,-0.043,-0.177,0.132,0.000,0.000,0,,0,,,,1308404,611.89,0
41,99.445,"Mount",-0.013,0.335,-0.156,-0.296,0.000,0.000,0,,0,,,,1264185,480.52,0
42,101.657,"Mount",0.120,0.207,0.019,-0.238,0.000,0.000,0,,0,,,,1273851,532.03,0
43,104.167,"Mount",-0.263,-0.566,0.006,0.624,0.000,0.624,0,,127,S,,,1063509,339.59,0
44,106.440,"Mount",-0.256,0.289,-0.356,-0.151,-0.224,0.000,45,E,0,,,,1326584,523.22,0
45,108.856,"Mount",-0.108,0.545,-0.332,-0.446,-0.225,0.000,45,E,0,,,,1309964,508.52,0
46,111.136,"Mount",-0.111,0.771,-0.432,-0.648,-0.288,0.000,57,E,0,,,,1337868,569.52,0
47,113.576,"Mount",-0.081,0.980,-0.495,-0.849,-0.332,0.000,66,E,0,,,,1343799,547.58,0
48,117.255,"Mount",-0.557,1.434,-1.120,-1.055,-0.729,-1.055,145,E,1263,N,,,1400284,556.07,0
49,119.617,"Mount",0.154,0.284,0.017,-0.322,0.000,0.000,0,,0,,,,1259417,508.99,0
50,121.794,"Mount",0.106,-0.055,0.119,0.004,0.000,0.000,0,,0,,,,1315830,551.41,0
51,124.125,"Mount",0.292,0.141,0.203,-0.253,0.000,0.000,0,,0,,,,1313570,622.04,0
52,126.300,"Mount",0.131,0.027,0.106,-0.081,0.000,0.000,0,,0,,,,1344334,585.04,0
53,128.655,"Mount",0.080,0.104,0.028,-0.128,0.000,0.000,0,,0,,,,1241433,504.66,0
54,130.904,"Mount",-0.206,0.174,-0.261,-0.068,-0.164,0.000,33,E,0,,,,1275170,491.11,0
55,133.245,"Mount",-0.207,-0.017,-0.179,0.104,0.000,0.000,0,,0,,,,1260518,535.70,0
56,135.473,"Mount",0.170,-0.001,0.154,-0.072,0.000,0.000,0,,0,,,,1207645,510.40,0
57,137.833,"Mount",0.085,0.057,0.052,-0.088,0.000,0.000,0,,0,,,,1255804,544.11,0
58,140.008,"Mount",0.191,0.213,0.081,-0.275,0.000,0.000,0,,0,,,,1257780,503.40,0
59,142.363,"Mount",0.258,0.212,0.142,-0.302,0.000,0.000,0,,0,,,,1276325,534.62,0
60,144.546,"Mount",0.056,0.278,-0.069,-0.275,0.000,0.000,0,,0,,,,1269469,593.00,0
61,147.103,"Mount",0.424,0.311,0.249,-0.464,0.157,-0.464,31,W,95,N,,,1274122,575.77,0
62,149.368,"Mount",0.282,-0.066,0.282,-0.062,0.189,0.000,38,W,0,,,,1317992,554.91,0
63,151.896,"Mount",-0.695,0.242,-0.731,0.081,-0.447,0.000,89,E,0,,,,1299177,521.30,0
64,154.184,"Mount",-0.534,0.306,-0.613,-0.046,-0.418,0.000,83,E,0,,,,1229409,569.49,0
65,156.832,"Mount",-1.709,0.986,-1.967,-0.155,-1.268,0.000,253,E,0,,,,1359765,515.51,0
66,159.020,"Mount",-0.132,0.137,-0.178,-0.067,0.000,0.000,0,,0,,,,1365129,526.29,0
67,161.374,"Mount",0.101,0.146,0.028,-0.175,0.000,0.000,0,,0,,,,1276518,560.66,0
68,163.680,"Mount",0.558,-0.135,0.561,-0.118,0.354,0.000,70,W,0,,,,1224927,482.91,0
69,166.096,"Mount",0.321,0.139,0.230,-0.264,0.170,0.000,34,W,0,,,,1286796,546.86,0
70,168.400,"Mount",0.728,-0.127,0.712,-0.198,0.460,0.000,92,W,0,,,,1357199,548.20,0
71,170.750,"Mount",0.071,0.149,0.000,-0.165,0.000,0.000,0,,0,,,,1323079,511.46,0
72,172.916,"Mount",-0.146,0.128,-0.187,-0.052,0.000,0.000,0,,0,,,,1326625,497.84,0
73,175.352,"Mount",-0.347,0.229,-0.412,-0.058,-0.260,0.000,52,E,0,,,,1337941,596.32,0
74,177.544,"Mount",0.221,0.055,0.176,-0.145,0.000,0.000,0,,0,,,,1289662,517.58,0
75,180.016,"Mount",0.761,-0.168,0.760,-0.176,0.479,0.000,95,W,0,,,,1290591,570.28,0
76,182.193,"Mount",-0.045,0.279,-0.161,-0.233,0.000,0.000,0,,0,,,,1240634,546.89,0
77,184.672,"Mount",0.465,0.040,0.402,-0.236,0.254,0.000,51,W,0,,,,1268815,542.45,0
78,186.953,"Mount",0.521,-0.187,0.551,-0.055,0.365,0.000,73,W,0,,,,1228837,545.56,0
79,189.416,"Mount",0.504,0.083,0.419,-0.292,0.290,0.000,58,W,0,,,,1291870,511.06,0
80,191.631,"Mount",0.262,0.139,0.177,-0.238,0.000,0.000,0,,0,,,,1291451,542.97,0
81,194.112,"Mount",-0.455,0.587,-0.663,-0.334,-0.418,0.000,83,E,0,,,,1296688,553.77,0
82,196.615,"Mount",1.326,0.035,1.182,-0.602,0.715,-0.602,142,W,123,N,,,1311322,562.00,0
83,198.969,"Mount",0.144,-0.025,0.141,-0.040,0.000,0.000,0,,0,,,,1308529,528.39,0
84,201.216,"Mount",0.316,-0.209,0.375,0.052,0.236,0.000,47,W,0,,,,1267673,522.57,0
85,203.760,"Mount",-1.086,0.378,-1.143,0.126,-0.703,0.000,140,E,0,,,,1385851,556.48,0
86,206.336,"Mount",-2.612,0.876,-2.735,0.333,-1.772,0.000,353,E,0,,,,1303528,400.92,0
87,208.896,"Mount",1.206,-1.339,1.665,0.690,0.925,0.000,184,W,0,,,,1322164,588.61,0
88,211.208,"Mount",0.589,-0.439,0.720,0.143,0.518,0.000,103,W,0,,,,1325157,543.61,0
89,213.672,"Mount",0.426,-0.351,0.536,0.133,0.374,0.000,75,W,0,,,,1255329,534.48,0
90,215.976,"Mount",0.353,-0.329,0.460,0.145,0.316,0.000,63,W,0,,,,1271306,524.46,0
91,218.362,"Mount",0.066,-0.305,0.191,0.247,0.000,0.000,0,,0,,,,1228242,569.27,0
92,220.625,"Mount",-0.379,-0.210,-0.252,0.353,-0.159,0.000,32,E,0,,,,1312781,527.05,0
93,223.024,"Mount",-0.362,-0.123,-0.274,0.267,-0.184,0.000,37,E,0,,,,1285150,561.16,0
94,225.188,"Mount",-0.062,-0.145,0.006,0.158,0.000,0.000,0,,0,,,,1170419,514.65,0
95,227.680,"Mount",-0.815,-0.110,-0.688,0.450,-0.434,0.000,86,E,0,,,,1265917,511.36,0
96,229.858,"Mount",-0.064,-0.326,0.082,0.322,0.000,0.000,0,,0,,,,1270453,561.42,0
97,232.192,"Mount",-0.036,-0.220,0.062,0.215,0.000,0.000,0,,0,,,,1233629,554.91,0
98,235.575,"Mount",-0.330,-0.453,-0.103,0.551,0.000,0.551,0,,1160,S,,,1377404,571.08,0
99,237.916,"Mount",0.251,0.397,0.056,-0.467,0.000,0.000,0,,0,,,,1334301,475.10,0
100,240.084,"Mount",0.283,0.284,0.133,-0.378,0.000,0.000,0,,0,,,,1386387,546.23,0
101,242.424,"Mount",-0.085,0.080,-0.111,-0.036,0.000,0.000,0,,0,,,,1340508,550.44,0
102,244.712,"Mount",0.436,0.024,0.383,-0.209,0.241,0.000,48,W,0,,,,1301011,506.25,0
103,247.136,"Mount",-0.494,0.199,-0.532,0.034,-0.318,0.000,63,E,0,,,,1286625,505.43,0
104,249.353,"Mount",0.258,0.417,0.054,-0.488,0.000,0.000,0,,0,,,,1375844,489.50,0
105,251.840,"Mount",-0.192,0.757,-0.499,-0.601,-0.314,0.000,63,E,0,,,,1334694,458.76,0
106,254.015,"Mount",0.056,0.180,-0.027,-0.187,0.000,0.000,0,,0,,,,1304231,511.37,0
107,256.428,"Mount",-0.198,0.244,-0.283,-0.136,-0.179,0.000,36,E,0,,,,1355732,555.54,0
108,258.607,"Mount",-0.153,0.152,-0.204,-0.072,0.000,0.000,0,,0,,,,1345480,502.35,0
109,262.239,"Mount",-0.278,0.651,-0.531,-0.467,-0.335,-0.467,67,E,1143,N,,,1314567,531.43,0
110,264.425,"Mount",0.016,-0.139,0.074,0.119,0.000,0.000,0,,0,,,,1357678,473.33,0
111,266.766,"Mount",-0.261,-0.302,-0.105,0.385,0.000,0.000,0,,0,,,,1247523,559.91,0
112,268.937,"Mount",-0.362,-0.325,-0.187,0.450,0.000,0.000,0,,0,,,,1243415,523.49,0
113,271.392,"Mount",-0.542,0.043,-0.508,0.195,-0.320,0.000,64,E,0,,,,1219756,523.11,0
114,273.720,"Mount",-0.672,-0.102,-0.563,0.382,-0.377,0.000,75,E,0,,,,1413352,469.18,0
115,276.078,"Mount",-0.078,0.149,-0.134,-0.101,0.000,0.000,0,,0,,,,1253332,577.66,0
116,278.328,"Mount",0.328,0.148,0.233,-0.275,0.147,0.000,29,W,0,,,,1271175,524.76,0
117,280.675,"Mount",-0.038,-0.341,0.112,0.324,0.000,0.000,0,,0,,,,1323683,525.53,0
118,282.928,"Mount",-0.334,-0.034,-0.287,0.174,-0.181,0.000,36,E,0,,,,1359454,554.81,0
119,285.368,"Mount",-0.476,0.066,-0.458,0.145,-0.301,0.000,60,E,0,,,,1288430,460.02,0
120,287.696,"Mount",-0.793,0.170,-0.790,0.188,-0.518,0.000,103,E,0,,,,1307427,536.30,0
121,290.049,"Mount",0.071,0.018,0.056,-0.047,0.000,0.000,0,,0,,,,1259447,549.26,0
122,292.252,"Mount",-0.025,0.104,-0.067,-0.083,0.000,0.000,0,,0,,,,1250186,559.37,0
123,294.606,"Mount",0.027,-0.176,0.100,0.147,0.000,0.000,0,,0,,,,1260625,458.28,0
124,296.891,"Mount",0.366,-0.217,0.424,0.038,0.267,0.000,53,W,0,,,,1379634,554.88,0
125,299.328,"Mount",-0.442,0.079,-0.433,0.119,-0.254,0.000,51,E,0,,,,1282476,480.89,0
126,301.540,"Mount",-0.033,0.342,-0.177,-0.295,0.000,0.000,0,,0,,,,1370581,540.61,0
127,303.874,"Mount",-0.277,-0.053,-0.227,0.167,0.000,0.000,0,,0,,,,1313089,589.05,0
128,306.053,"Mount",-0.212,-0.070,-0.162,0.154,0.000,0.000,0,,0,,,,1281952,481.66,0
129,308.488,"Mount",-0.432,0.119,-0.441,0.078,-0.278,0.000,55,E,0,,,,1287205,509.83,0
130,310.784,"Mount",-0.494,0.071,-0.476,0.148,-0.319,0.000,64,E,0,,,,1240926,584.49,0
131,313.192,"Mount",-0.294,-0.053,-0.242,0.174,-0.175,0.000,35,E,0,,,,1200580,512.07,0
132,315.358,"Mount",0.203,-0.066,0.211,-0.028,0.000,0.000,0,,0,,,,1220496,555.97,0
133,317.730,"Mount",0.272,0.058,0.220,-0.169,0.000,0.000,0,,0,,,,1346884,560.18,0
134,319.984,"Mount",0.456,0.048,0.391,-0.240,0.247,0.000,49,W,0,,,,1239712,587.27,0
135,322.417,"Mount",0.417,0.057,0.352,-0.231,0.239,0.000,48,W,0,,,,1292550,459.46,0
136,324.607,"Mount",-0.018,0.296,-0.143,-0.260,0.000,0.000,0,,0,,,,1185728,519.10,0
137,326.947,"Mount",0.239,0.030,0.203,-0.130,0.000,0.000,0,,0,,,,1293475,499.44,0
138,329.208,"Mount",-0.480,0.076,-0.466,0.138,-0.294,0.000,59,E,0,,,,1299704,546.32,0
139,331.592,"Mount",-0.081,0.178,-0.149,-0.126,0.000,0.000,0,,0,,,,1312836,518.99,0
140,333.767,"Mount",0.229,0.086,0.170,-0.176,0.000,0.000,0,,0,,,,1227703,512.77,0
141,336.116,"Mount",0.210,0.006,0.187,-0.096,0.000,0.000,0,,0,,,,1273884,509.70,0
142,338.384,"Mount",0.341,-0.016,0.314,-0.133,0.198,0.000,39,W,0,,,,1364830,517.99,0
143,340.747,"Mount",0.208,-0.038,0.204,-0.055,0.000,0.000,0,,0,,,,1207116,492.01,0
144,342.984,"Mount",-0.275,0.025,-0.259,0.095,-0.163,0.000,32,E,0,,,,1243964,516.51,0
145,345.400,"Mount",0.329,-0.007,0.300,-0.135,0.177,0.000,35,W,0,,,,1329037,538.07,0
146,347.602,"Mount",0.283,0.092,0.216,-0.205,0.000,0.000,0,,0,,,,1261232,558.82,0
147,349.950,"Mount",-0.042,0.127,-0.092,-0.097,0.000,0.000,0,,0,,,,1372797,579.82,0
148,352.116,"Mount",0.153,-0.123,0.191,0.045,0.000,0.000,0,,0,,,,1429983,538.26,0
149,354.476,"Mount",0.110,-0.140,0.160,0.079,0.000,0.000,0,,0,,,,1398666,567.06,0
150,356.646,"Mount",0.148,0.206,0.045,-0.250,0.000,0.000,0,,0,,,,1318558,555.88,0
151,359.160,"Mount",-0.878,0.644,-1.070,-0.203,-0.674,0.000,134,E,0,,,,1348525,512.23,0
152,361.503,"Mount",-0.829,0.097,-0.790,0.269,-0.545,0.000,109,E,0,,,,1293905,497.64,0
153,364.136,"Mount",1.277,-0.210,1.243,-0.360,0.745,-0.360,148,W,73,N,,,1266015,531.12,0
154,366.456,"Mount",0.779,-0.325,0.843,-0.042,0.583,0.000,116,W,0,,,,1361057,589.48,0
155,368.802,"Mount",0.182,0.149,0.100,-0.213,0.000,0.000,0,,0,,,,1281660,556.26,0
156,371.048,"Mount",-0.204,0.343,-0.331,-0.222,-0.209,0.000,42,E,0,,,,1264305,560.66,0
157,373.554,"Mount",-0.201,0.370,-0.341,-0.247,-0.229,0.000,46,E,0,,,,1190624,516.80,0
158,375.753,"Mount",-0.043,0.146,-0.101,-0.113,0.000,0.000,0,,0,,,,1381836,542.35,0
159,378.192,"Mount",0.272,-0.199,0.331,0.063,0.208,0.000,42,W,0,,,,1308319,549.49,0
160,380.432,"Mount",-0.321,-0.118,-0.239,0.244,-0.136,0.000,27,E,0,,,,1351886,544.26,0
161,382.790,"Mount",0.151,-0.013,0.142,-0.053,0.000,0.000,0,,0,,,,1321492,521.69,0
162,384.995,"Mount",0.140,-0.117,0.177,0.045,0.000,0.000,0,,0,,,,1321093,528.45,0
163,387.330,"Mount",-0.068,0.085,-0.098,-0.048,0.000,0.000,0,,0,,,,1289680,522.19,0
164,389.592,"Mount",0.211,-0.090,0.229,-0.010,0.144,0.000,29,W,0,,,,1272868,516.07,0
165,392.016,"Mount",-0.249,0.256,-0.335,-0.123,-0.201,0.000,40,E,0,,,,1337114,609.15,0
166,394.189,"Mount",0.153,0.014,0.132,-0.078,0.000,0.000,0,,0,,,,1302667,518.93,0
167,396.648,"Mount",-0.506,0.481,-0.664,-0.216,-0.418,0.000,83,E,0,,,,1274266,574.03,0
168,398.826,"Mount",-0.174,0.024,-0.168,0.053,0.000,0.000,0,,0,,,,1308929,517.00,0
169,401.170,"Mount",0.028,0.102,-0.019,-0.104,0.000,0.000,0,,0,,,,1201533,483.04,0
170,403.337,"Mount",0.049,0.254,-0.065,-0.250,0.000,0.000,0,,0,,,,1254018,649.82,0
171,405.888,"Mount",-1.181,0.249,-1.173,0.284,-0.739,0.000,147,E,0,,,,1246056,492.28,0
172,408.208,"Mount",0.245,0.401,0.048,-0.467,0.000,-0.467,0,,95,N,,,1381114,568.54,0
173,410.624,"Mount",0.221,-0.192,0.282,0.078,0.178,0.000,35,W,0,,,,1247239,539.78,0
174,412.807,"Mount",-0.258,-0.118,-0.182,0.218,0.000,0.000,0,,0,,,,1327792,569.12,0
175,415.151,"Mount",-0.112,0.030,-0.114,0.021,0.000,0.000,0,,0,,,,1307450,551.72,0
176,417.408,"Mount",-0.267,0.141,-0.302,-0.012,-0.190,0.000,38,E,0,,,,1271388,504.44,0
177,419.864,"Mount",0.305,-0.064,0.303,-0.073,0.178,0.000,35,W,0,,,,1239402,517.15,0
178,422.030,"Mount",-0.173,-0.299,-0.028,0.344,0.000,0.000,0,,0,,,,1291312,530.52,0
179,424.569,"Mount",0.772,-1.281,1.249,0.824,0.787,0.000,157,W,0,,,,1314506,510.69,0
180,426.741,"Mount",-0.256,-0.288,-0.107,0.370,0.000,0.000,0,,0,,,,1345345,522.78,0
181,429.160,"Mount",-0.518,-0.224,-0.371,0.425,-0.234,0.000,47,E,0,,,,1249156,509.90,0
182,431.555,"Mount",-1.266,0.451,-1.337,0.138,-0.859,0.000,171,E,0,,,,1366183,512.51,0
183,433.905,"Mount",-0.301,-0.157,-0.204,0.271,0.000,0.000,0,,0,,,,1335571,534.79,0
184,436.200,"Mount",-0.537,0.322,-0.623,-0.059,-0.393,0.000,78,E,0,,,,1335231,571.25,0
185,438.542,"Mount",0.160,0.269,0.028,-0.312,0.000,0.000,0,,0,,,,1334302,575.25,0
186,440.897,"Mount",1.020,-0.359,1.075,-0.115,0.677,0.000,135,W,0,,,,1271935,519.25,0
187,443.376,"Mount",0.685,-0.148,0.682,-0.161,0.477,0.000,95,W,0,,,,1297277,489.09,0
188,445.784,"Mount",0.338,-0.258,0.416,0.087,0.296,0.000,59,W,0,,,,1275551,535.84,0
189,448.134,"Mount",0.150,0.340,-0.011,-0.371,0.000,0.000,0,,0,,,,1246492,517.93,0
190,450.312,"Mount",0.025,0.088,-0.016,-0.090,0.000,0.000,0,,0,,,,1338432,575.00,0
191,452.720,"Mount",0.295,0.053,0.243,-0.174,0.153,0.000,31,W,0,,,,1350640,553.17,0
192,455.064,"Mount",-0.849,0.386,-0.932,0.017,-0.576,0.000,115,E,0,,,,1351787,438.38,0
193,457.705,"Mount",-1.097,0.136,-1.049,0.349,-0.701,0.000,140,E,0,,,,1426676,537.78,0
194,459.984,"Mount",0.515,-0.233,0.565,-0.012,0.307,0.000,61,W,0,,,,1324177,502.84,0
195,462.464,"Mount",0.690,-0.054,0.646,-0.249,0.428,0.000,85,W,0,,,,1288602,525.35,0
196,464.794,"Mount",0.763,-0.203,0.776,-0.145,0.519,0.000,103,W,0,,,,1346541,578.50,0
197,467.240,"Mount",0.488,-0.372,0.600,0.126,0.415,0.000,83,W,0,,,,1288574,551.98,0
198,469.592,"Mount",0.740,-0.181,0.746,-0.155,0.499,0.000,99,W,0,,,,1239437,516.68,0
199,471.927,"Mount",0.116,-0.225,0.201,0.153,0.000,0.000,0,,0,,,,1317128,548.83,0
200,474.113,"Mount",-0.019,0.124,-0.071,-0.103,0.000,0.000,0,,0,,,,1323850,516.98,0
201,476.542,"Mount",0.038,-0.092,0.074,0.067,0.000,0.000,0,,0,,,,1253911,530.70,0
202,478.726,"Mount",0.018,0.126,-0.038,-0.121,0.000,0.000,0,,0,,,,1368892,588.42,0
203,481.062,"Mount",-0.063,-0.085,-0.020,0.104,0.000,0.000,0,,0,,,,1288684,539.75,0
204,483.400,"Mount",0.396,0.217,0.264,-0.366,0.166,-0.366,33,W,75,N,,,1187861,475.77,0
205,485.779,"Mount",-0.068,-0.225,0.036,0.232,0.000,0.000,0,,0,,,,1358376,561.73,0
206,488.056,"Mount",0.332,-0.486,0.509,0.295,0.321,0.000,64,W,0,,,,1220235,561.79,0
207,490.528,"Mount",0.627,-0.219,0.660,-0.072,0.438,0.000,87,W,0,,,,1329295,579.99,0
208,492.808,"Mount",0.319,-0.231,0.387,0.071,0.274,0.000,55,W,0,,,,1231951,557.34,0
209,495.266,"Mount",-0.569,0.244,-0.618,0.025,-0.370,0.000,74,E,0,,,,1279526,543.85,0
210,497.411,"Mount",0.155,0.010,0.136,-0.076,0.000,0.000,0,,0,,,,1312159,580.20,0
211,499.872,"Mount",-0.497,-0.145,-0.386,0.344,-0.243,0.000,48,E,0,,,,1347798,516.20,0
212,502.136,"Mount",-0.416,0.138,-0.435,0.054,-0.291,0.000,58,E,0,,,,1335083,543.91,0
213,504.584,"Mount",0.451,-0.097,0.449,-0.106,0.262,0.000,52,W,0,,,,1178791,424.55,0
214,506.984,"Mount",0.622,0.195,0.478,-0.444,0.319,-0.444,64,W,91,N,,,1218625,547.14,0
215,509.358,"Mount",0.133,0.184,0.041,-0.223,0.000,0.000,0,,0,,,,1297093,543.68,0
216,511.608,"Mount",-0.166,-0.092,-0.110,0.154,0.000,0.000,0,,0,,,,1319257,513.51,0
217,514.144,"Mount",1.068,-1.043,1.413,0.482,0.890,0.000,177,W,0,,,,1369143,500.77,0
218,517.685,"Mount",-0.464,-0.968,-0.002,1.073,0.000,1.073,0,,1267,S,,,1390401,571.58,0
219,520.256,"Mount",-0.492,-0.334,-0.301,0.513,-0.189,0.513,38,E,105,S,,,1315336,536.83,0
220,522.712,"Mount",-0.582,-0.671,-0.237,0.857,-0.162,0.857,32,E,175,S,,,1357591,512.90,0
221,525.384,"Mount",-1.639,1.263,-2.023,-0.435,-1.286,0.000,256,E,0,,,,1350412,544.10,0
222,527.571,"Mount",0.442,0.674,0.109,-0.799,0.000,0.000,0,,0,,,,1294785,487.08,0
223,530.072,"Mount",0.977,0.071,0.851,-0.485,0.536,0.000,107,W,0,,,,1319562,583.05,0
224,532.251,"Mount",0.332,0.350,0.149,-0.459,0.000,0.000,0,,0,,,,1298355,499.70,0
225,534.744,"Mount",1.075,0.079,0.936,-0.534,0.590,0.000,117,W,0,,,,1297489,592.34,0
226,536.925,"Mount",0.415,0.363,0.218,-0.506,0.000,0.000,0,,0,,,,1330622,491.54,0
227,539.269,"Mount",0.403,0.522,0.139,-0.645,0.000,0.000,0,,0,,,,1208457,511.12,0
228,542.640,"Mount",0.156,0.453,-0.054,-0.476,0.000,-0.476,0,,1145,N,,,1337322,567.32,0
229,545.080,"Mount",-0.204,0.151,-0.249,-0.048,-0.157,0.000,31,E,0,,,,1246146,538.63,0
230,547.250,"Mount",-0.091,0.122,-0.135,-0.071,0.000,0.000,0,,0,,,,1290582,542.52,0
231,549.618,"Mount",0.122,0.086,0.073,-0.130,0.000,0.000,0,,0,,,,1291921,518.96,0
232,551.817,"Mount",0.015,0.273,-0.104,-0.253,0.000,0.000,0,,0,,,,1346002,564.00,0
233,554.256,"Mount",-0.385,0.348,-0.497,-0.149,-0.313,0.000,62,E,0,,,,1306406,550.43,0
234,556.568,"Mount",-0.017,0.471,-0.218,-0.418,0.000,-0.418,0,,85,N,,,1298414,568.70,0
235,559.016,"Mount",-0.447,0.422,-0.585,-0.189,-0.369,0.000,73,E,0,,,,1236653,545.53,0
236,561.320,"Mount",-0.574,0.354,-0.671,-0.073,-0.448,0.000,89,E,0,,,,1375242,537.56,0
237,563.692,"Mount",0.153,0.073,0.107,-0.132,0.000,0.000,0,,0,,,,1312428,508.95,0
238,565.858,"Mount",-0.092,0.227,-0.181,-0.165,0.000,0.000,0,,0,,,,1257446,562.77,0
239,568.288,"Mount",-0.222,0.245,-0.306,-0.126,-0.193,0.000,38,E,0,,,,1301493,514.01,0
240,570.792,"Mount",-1.905,0.978,-2.141,-0.063,-1.362,0.000,271,E,0,,,,1259520,447.58,0
241,573.208,"Mount",0.353,-0.064,0.346,-0.094,0.123,0.000,24,W,0,,,,1322451,495.43,0
242,575.528,"Mount",0.103,0.432,-0.093,-0.434,0.000,-0.434,0,,89,N,,,1325150,552.12,0
243,577.878,"Mount",0.169,0.058,0.127,-0.125,0.000,0.000,0,,0,,,,1324999,485.28,0
244,580.109,"Mount",-0.363,-0.272,-0.210,0.402,0.000,0.000,0,,0,,,,1319186,449.28,0
245,582.452,"Mount",-0.188,-0.005,-0.168,0.085,0.000,0.000,0,,0,,,,1360581,526.13,0
246,584.633,"Mount",0.158,0.064,0.115,-0.126,0.000,0.000,0,,0,,,,1262676,536.95,0
247,587.080,"Mount",-0.480,0.148,-0.496,0.073,-0.313,0.000,62,E,0,,,,1380507,583.41,0
248,589.352,"Mount",0.417,-0.321,0.514,0.110,0.302,0.000,60,W,0,,,,1421615,615.84,0
249,591.824,"Mount",-0.365,-0.066,-0.302,0.216,-0.169,0.000,34,E,0,,,,1290523,476.55,0
250,594.005,"Mount",-0.025,-0.121,0.030,0.120,0.000,0.000,0,,0,,,,1218345,594.03,0
251,596.416,"Mount",0.207,-0.125,0.241,0.024,0.152,0.000,30,W,0,,,,1230805,497.66,0
252,598.688,"Mount",0.228,-0.060,0.232,-0.044,0.157,0.000,31,W,0,,,,1182866,501.69,0
253,601.035,"Mount",-0.067,-0.384,0.105,0.376,0.000,0.000,0,,0,,,,1193271,544.28,0
254,603.201,"Mount",0.050,-0.010,0.050,-0.013,0.000,0.000,0,,0,,,,1233728,596.03,0
255,605.656,"Mount",-0.623,0.067,-0.591,0.208,-0.372,0.000,74,E,0,,,,1363633,544.57,0
256,608.008,"Mount",-1.000,0.136,-0.961,0.308,-0.632,0.000,126,E,0,,,,1312943,444.88,0
257,610.464,"Mount",-0.509,0.021,-0.468,0.200,-0.339,0.000,68,E,0,,,,1269866,569.06,0
258,612.666,"Mount",0.206,0.023,0.176,-0.110,0.000,0.000,0,,0,,,,1286596,570.36,0
259,615.141,"Mount",0.186,0.043,0.149,-0.119,0.000,0.000,0,,0,,,,1409961,542.23,0
260,617.471,"Mount",0.207,-0.112,0.235,0.012,0.148,0.000,29,W,0,,,,1264709,563.62,0
261,619.837,"Mount",-0.105,-0.132,-0.038,0.165,0.000,0.000,0,,0,,,,1322245,485.00,0
262,622.216,"Mount",1.175,-0.577,1.308,0.015,0.824,0.000,164,W,0,,,,1277335,563.17,0
Guiding Ends at 2026-09-13 02:38:04

Log Summary: calcnt:0 gcnt:3 gdur:18235 gacnt:0
Log closed at 2026-09-13 03:22:03
