----------------------------------------------------------------------
--------------N.I.N.A. - Nighttime Imaging 'N' Astronomy--------------
--------------------------Version 3.2.0.9001--------------------------
-------------------------2026-08-15T20:40:29--------------------------
----------------------------------------------------------------------
---------------------Microsoft Windows 10.0.17763---------------------
-------------------------OS Architecture X64--------------------------
-----------------------Process Architecture X64-----------------------
-----------------------------.NET 8.0.21------------------------------
----------------------------------------------------------------------
--------------------------Processor Count 2---------------------------
--------------------Total Physical Memory 11.68 GB--------------------
----------------------------------------------------------------------
DATE|LEVEL|SOURCE|MEMBER|LINE|MESSAGE
2026-08-15T20:40:29.7413|INFO|CameraChooserVM.cs|GetEquipment|69|Found 1 ASI Cameras
2026-08-15T20:40:30.5803|INFO|CameraChooserVM.cs|GetEquipment|84|Found 1 Altair Cameras
2026-08-15T20:40:30.9684|INFO|CameraChooserVM.cs|GetEquipment|96|Found 0 Atik Cameras
2026-08-15T20:40:31.0642|INFO|CameraChooserVM.cs|GetEquipment|110|Found 0 FLI Cameras
2026-08-15T20:40:32.5627|INFO|CameraChooserVM.cs|GetEquipment|130|Found 2 QHYCCD Cameras
2026-08-15T20:40:35.0157|INFO|CameraChooserVM.cs|GetEquipment|158|Found 2 ToupTek Cameras
2026-08-15T20:40:35.8694|INFO|CameraChooserVM.cs|GetEquipment|173|Found 1 Ogma Cameras
2026-08-15T20:40:36.8907|INFO|CameraChooserVM.cs|GetEquipment|188|Found 2 Omegon Cameras
2026-08-15T20:40:37.7135|INFO|CameraChooserVM.cs|GetEquipment|203|Found 2 RisingCam Cameras
2026-08-15T20:40:38.2124|INFO|CameraChooserVM.cs|GetEquipment|218|Found 1 MallinCam Cameras
2026-08-15T20:40:38.4478|INFO|CameraChooserVM.cs|GetEquipment|243|Found 1 SVBony Cameras
2026-08-15T20:40:38.4622|INFO|CameraChooserVM.cs|GetEquipment|259|Found 0 SBIG Cameras
2026-08-15T20:40:39.4279|INFO|PluginLoader.cs|LoadPlugin|402|Successfully loaded plugin Connector version 2.1.0.2 by Stefan Berg @isbeorn
2026-08-15T20:40:49.6025|INFO|PluginLoader.cs|LoadPlugin|402|Successfully loaded plugin Hocus Focus version 3.0.0.25 by George Hilios (jokogeo)
2026-08-15T20:40:51.1265|INFO|PluginLoader.cs|LoadPlugin|402|Successfully loaded plugin Remote Copy version 3.0.1.0 by Tom Palmer @tcpalmer
2026-08-15T20:41:29.5441|INFO|PluginLoader.cs|LoadPlugin|402|Successfully loaded plugin RTSP Client version 3.1.0.6 by Stefan Berg @isbeorn
2026-08-15T20:41:29.9256|INFO|PluginLoader.cs|LoadPlugin|402|Successfully loaded plugin Three Point Polar Alignment version 2.2.4.3 by Stefan Berg @isbeorn
2026-08-15T20:41:30.2126|INFO|PluginLoader.cs|LoadPlugin|402|Successfully loaded plugin WandererAstro Tools version 3.0.0.0 by WandererAstro
2026-08-15T20:41:35.1756|INFO|ApplicationVM.cs|CheckASCOMPlatformVersion|81|ASCOM Platform 7.1.3.4851 installed
2026-08-15T20:41:35.8558|INFO|SafetyMonitorChooserVM.cs|GetEquipment|71|Found 0 Alpaca Safety Monitors
2026-08-15T20:41:36.2875|INFO|CameraChooserVM.cs|GetEquipment|279|Found 0 SVBony Cameras
2026-08-15T20:41:36.4075|INFO|CameraChooserVM.cs|GetEquipment|279|Found 0 PlayerOne Cameras
2026-08-15T20:41:36.4716|INFO|CameraChooserVM.cs|GetEquipment|279|Found 0 ASTPAN Cameras
2026-08-15T20:41:36.4742|INFO|CameraChooserVM.cs|GetEquipment|293|Found 13 ASCOM Cameras
2026-08-15T20:41:36.8264|INFO|PluginFetcher.cs|RequestAll|43|Fetching plugin manifests from https://nighttime-imaging.eu/wp-json/nina/v1/plugins/manifests
2026-08-15T20:41:37.0914|INFO|ApplicationVM.cs|CheckDiskInfo|100|Available Space on Drive C:\: 8.89 GB
2026-08-15T20:41:37.0917|INFO|ApplicationVM.cs|CheckDiskInfo|100|Available Space on Drive D:\: 332.78 GB
2026-08-15T20:41:37.1931|INFO|WeatherDataChooserVM.cs|GetEquipment|69|Found 0 Alpaca Observing Conditions
2026-08-15T20:41:37.4312|INFO|SwitchChooserVM.cs|GetEquipment|71|Found 0 Alpaca Switch Hubs
2026-08-15T20:41:38.0002|INFO|RotatorChooserVM.cs|GetEquipment|68|Found 0 Alpaca Rotators
2026-08-15T20:41:38.0658|INFO|FlatDeviceChooserVM.cs|GetEquipment|67|Found 0 Alpaca Cover Calibrators
2026-08-15T20:41:38.0911|INFO|FocuserChooserVM.cs|GetEquipment|84|Found 0 Alpaca Focusers
2026-08-15T20:41:38.0971|INFO|FilterWheelChooserVM.cs|GetEquipment|193|Found 0 Alpaca Filter Wheels
2026-08-15T20:41:38.2735|INFO|DomeChooserVM.cs|GetEquipment|67|Found 0 Alpaca Domes
2026-08-15T20:41:38.2747|INFO|TelescopeChooserVM.cs|GetEquipment|69|Found 0 Alpaca Telescopes
2026-08-15T20:41:38.4779|INFO|CameraChooserVM.cs|GetEquipment|305|Found 0 Alpaca Cameras
2026-08-15T20:41:38.5847|INFO|CameraChooserVM.cs|GetEquipment|318|Found 0 Canon Cameras
2026-08-15T20:41:40.6973|INFO|PluginFetcher.cs|RequestAll|57|Found 92 valid plugins at https://nighttime-imaging.eu/wp-json/nina/v1/plugins/manifests
2026-08-15T20:41:41.0366|INFO|CameraVM.cs|Disconnect|650|Disconnected Camera
2026-08-15T20:41:41.0424|INFO|QHYCamera.cs|ConnectSync|766|QHYCCD: Connecting to 695A-M-0037ec709603ca4e3
2026-08-15T20:41:44.5272|INFO|FilterWheelVM.cs|Disconnect|333|Disconnected Filter Wheel
2026-08-15T20:41:44.8426|INFO|FilterWheelVM.cs|ChooseFW|279|Successfully connected Filter Wheel. Id: 695A-M-0037ec709603ca4e3 Name: 695A-M 8-Slot Filter Wheel DisplayName: 695A-M 8-Slot Filter Wheel Driver Version: 1.0
2026-08-15T20:41:47.4359|INFO|FocuserVM.cs|Disconnect|441|Disconnected Focuser
2026-08-15T20:41:50.1222|ERROR|AscomDevice.cs|Connected|147|Pegasus Astro Focus Controller should be connected but reports to be disconnected. Trying to reconnect...
2026-08-15T20:41:50.5711|INFO|TelescopeVM.cs|Disconnect|740|Disconnected mount
2026-08-15T20:41:51.2294|INFO|AscomTelescope.cs|CheckMountTime|845|Mount UTC Time: 2026-08-15 18:41:51Z / System UTC Time: 2026-08-15 18:41:51Z; Difference: 0.004 seconds
2026-08-15T20:41:51.2828|INFO|AscomTelescope.cs|CheckMountTime|865|Mount driver does not allow the mount's time to be set.
2026-08-15T20:41:51.3741|INFO|AscomDevice.cs|GetProperty|527|Property Telescope.SiteElevation GET is not implemented in this driver (CPWI_ASCOM_Telescope)
2026-08-15T20:41:52.2899|ERROR|AscomDevice.cs|Connected|151|Reconnection failed. The device might be disconnected! - 
System.UnauthorizedAccessException: Accesso alla porta 'COM18' negato.
2026-08-15T20:41:52.2914|INFO|AscomDevice.cs|Disconnect|378|Disconnecting from ASCOM.PegasusAstro.Focuser Pegasus Astro Focus Controller
2026-08-15T20:41:53.0763|INFO|TelescopeVM.cs|ChooseTelescope|535|Successfully connected mount. Id: ASCOM.Optec ASCOM.Telescope Name: CPWI_ASCOM_Telescope DisplayName: CPWI_ASCOM_Telescope (ASCOM) Driver Version: 2.5.8.99  with DLL Assembly Date: July_1_2020
2026-08-15T20:41:53.2639|INFO|PHD2Guider.cs|Connect|205|Connecting to PHD2 server at 127.0.0.1:4400
2026-08-15T20:41:55.8318|INFO|FlatDeviceVM.cs|Disconnect|289|Disconnected Flat Device
2026-08-15T20:41:59.9152|INFO|WeatherDataVM.cs|Disconnect|305|Disconnected Weather Device
2026-08-15T20:42:02.5821|INFO|AscomDevice.cs|GetProperty|527|Property ObservingConditions.SkyBrightness GET is not implemented in this driver (CloudWatcher ObsCond)
2026-08-15T20:42:02.5917|INFO|AscomDevice.cs|GetProperty|527|Property ObservingConditions.SkyQuality GET is not implemented in this driver (CloudWatcher ObsCond)
2026-08-15T20:42:02.6064|INFO|AscomDevice.cs|GetProperty|527|Property ObservingConditions.StarFWHM GET is not implemented in this driver (CloudWatcher ObsCond)
2026-08-15T20:42:02.6208|INFO|AscomDevice.cs|GetProperty|527|Property ObservingConditions.WindDirection GET is not implemented in this driver (CloudWatcher ObsCond)
2026-08-15T20:42:02.6342|INFO|WeatherDataVM.cs|ChooseWeatherData|150|Successfully connected Weather Device. Id: ASCOM.CloudWatcher.ObservingConditions Name: CloudWatcher ObsCond DisplayName: CloudWatcher ObsCond (ASCOM) Driver Version: 1.1
2026-08-15T20:42:02.7163|INFO|DomeVM.cs|Disconnect|355|Disconnected Dome Device
2026-08-15T20:42:04.4684|INFO|FlatDeviceVM.cs|Connect|241|Successfully connected flat device. Id: ASCOM.WandererCover1.CoverCalibrator Name: WandererEmpire Cover 1 DisplayName: WandererEmpire Cover 1 (ASCOM) Driver Version: 2.0
2026-08-15T20:42:04.4741|INFO|AscomDevice.cs|GetProperty|527|Property Dome.AtPark GET is not implemented in this driver (Shelter Dome)
2026-08-15T20:42:04.5014|INFO|AscomDevice.cs|GetProperty|527|Property Dome.AtHome GET is not implemented in this driver (Shelter Dome)
2026-08-15T20:42:04.5363|INFO|AscomDevice.cs|GetProperty|527|Property Dome.Azimuth GET is not implemented in this driver (Shelter Dome)
2026-08-15T20:42:04.6038|INFO|DomeVM.cs|ChooseDome|198|Successfully connected Dome. Id: ASCOM.TS_Shelter.Dome Name: Shelter Dome DisplayName: Shelter Dome (ASCOM) Driver Version: 6.6
2026-08-15T20:42:06.6156|INFO|AscomDevice.cs|GetProperty|527|Property Dome.Altitude GET is not implemented in this driver (Shelter Dome)
2026-08-15T20:42:52.8776|INFO|DomeVM.cs|OpenShutter|448|Opening dome shutter. Shutter state before opening ShutterClosed
2026-08-15T20:42:52.8806|INFO|AscomDome.cs|OpenShutter|206|Sending an OpenShutter request, since it is currently ShutterClosed
2026-08-15T20:42:58.7187|INFO|QHYCamera.cs|ConnectSync|1020|QHYCCD: SDK version: 25-4-23-15
2026-08-15T20:42:58.7189|INFO|QHYCamera.cs|ConnectSync|1021|QHYCCD: USB driver version: 
2026-08-15T20:42:58.7190|INFO|QHYCamera.cs|ConnectSync|1022|QHYCCD: Camera firmware version: 18-10-24
2026-08-15T20:42:58.7191|INFO|QHYCamera.cs|ConnectSync|1023|QHYCCD: Camera FPGA versions: N/A
2026-08-15T20:42:58.7478|INFO|CameraVM.cs|ChooseCamera|455|Successfully connected Camera. Id: 695A-M-0037ec709603ca4e3 Name: 695A-M DisplayName: 695A-M (603ca4e3)Driver Version: 
2026-08-15T20:43:06.3260|INFO|FocuserVM.cs|Disconnect|441|Disconnected Focuser
2026-08-15T20:43:07.5120|ERROR|AscomDevice.cs|Connect|308
ASCOM.DriverException: Accesso alla porta 'COM10' negato.
 ---> System.UnauthorizedAccessException: Accesso alla porta 'COM10' negato.
   --- End of inner exception stack trace ---
   at ASCOM.Com.DriverAccess.DynamicAccess.CheckDotNetExceptions(String memberName, Exception e) in J:\ASCOMLibrary\ASCOM.Com\ASCOM.Com.DriverAccess\BaseClass\DynamicAccess.cs:line 278
   at ASCOM.Com.DriverAccess.DynamicAccess.TrySetMember(SetMemberBinder binder, Object value) in J:\ASCOMLibrary\ASCOM.Com\ASCOM.Com.DriverAccess\BaseClass\DynamicAccess.cs:line 105
   at CallSite.Target(Closure, CallSite, Object, Boolean)
   at ASCOM.Com.DriverAccess.ASCOMDevice.set_Connected(Boolean value) in J:\ASCOMLibrary\ASCOM.Com\ASCOM.Com.DriverAccess\BaseClass\ASCOMDevice.cs:line 47
   at ASCOM.Com.DriverAccess.Focuser.set_Connected(Boolean value) in J:\ASCOMLibrary\ASCOM.Com\ASCOM.Com.DriverAccess\Focuser.cs:line 86
   at NINA.Equipment.Equipment.AscomDevice`1.set_Connected(Boolean value) in /_/NINA.Equipment/Equipment/AscomDevice.cs:line 178
   at NINA.Equipment.Equipment.AscomDevice`1.<Connect>b__58_0() in /_/NINA.Equipment/Equipment/AscomDevice.cs:line 275
2026-08-15T20:43:07.5578|INFO|AscomDevice.cs|Disconnect|378|Disconnecting from ASCOM.PegasusAstro.Focuser Pegasus Astro Focus Controller
2026-08-15T20:43:29.3127|INFO|FocuserVM.cs|Disconnect|441|Disconnected Focuser
2026-08-15T20:43:29.7006|INFO|FocuserVM.cs|ChooseFocuser|333|Successfully connected Focuser. Id: ASCOM.PegasusAstro.Focuser Name: Pegasus Astro Focus Controller DisplayName: Pegasus Astro Focus Controller (ASCOM) Driver Version: 2.20
2026-08-15T20:43:38.6157|INFO|DomeVM.cs|OpenShutter|454|Opened dome shutter. Shutter state after opening ShutterOpen
2026-08-15T20:48:34.5487|INFO|Sequence2VM.cs|LockSequence|139|Sequencer unlocked
2026-08-15T20:48:36.5430|INFO|DockManagerVM.cs|InitializeAvalonDockLayout|366|Initializing imaging tab layout from C:\Users\PrimaLuceLab\AppData\Local\NINA\Profiles\21c45d14-58c2-4ca1-9053-4e23fb6d7dc4.dock.config
2026-08-15T20:52:53.6420|INFO|FlatDeviceVM.cs|OpenCover|312|Opening Flat Device Cover
2026-08-15T20:53:50.9709|INFO|Sequence2VM.cs|StartSequence|543|Advanced Sequence starting
2026-08-15T20:54:00.6979|INFO|Sequence2VM.cs|StartSequence|548|Advanced Sequence finished
2026-08-15T21:02:00.0137|INFO|SafetyMonitorVM.cs|Disconnect|221|Disconnected Safety Monitor
2026-08-15T21:02:01.0710|INFO|SafetyMonitorVM.cs|Connect|175|Successfully connected Safety Monitor. Id: ASCOM.Hub.SafetyMonitor Name: Short driver name - please customise DisplayName: Short driver name - please customise (ASCOM) Driver Version: 6.4
2026-08-15T21:02:06.0468|INFO|Sequence2VM.cs|StartSequence|543|Advanced Sequence starting
2026-08-15T21:02:06.0713|INFO|SequenceItem.cs|Run|208|Starting Category: * Set di Istruzioni *, Container: NINA.Sequencer.Container.SequenceRootContainer, Strategy: SequentialStrategy, Items[CREATED]: 3, Triggers: Trigger: MeridianFlipTriggerTrigger: RestoreGuidingTrigger: AutofocusAfterHFRIncreaseTrigger, Amount: 5Trigger: AutofocusAfterFilterChange
2026-08-15T21:02:06.0864|INFO|MeridianFlipTrigger.cs|ShouldTrigger|204|Meridian Flip - Telescope is not tracking. Skip flip evaluation
2026-08-15T21:02:06.3623|INFO|SequenceItem.cs|Run|208|Starting Category: * Set di Istruzioni *, Container: NINA.Sequencer.Container.StartAreaContainer, Strategy: SequentialStrategy, Items[CREATED]: 2
2026-08-15T21:02:06.3631|INFO|MeridianFlipTrigger.cs|ShouldTrigger|204|Meridian Flip - Telescope is not tracking. Skip flip evaluation
2026-08-15T21:02:06.3635|INFO|SequenceItem.cs|Run|208|Starting Category: Utilità, Item: Annotation, Text: VERSION: 1
2026-08-15T21:02:06.3639|INFO|SequenceItem.cs|Run|254|Finishing Category: Utilità, Item: Annotation, Text: VERSION: 1
2026-08-15T21:02:06.3668|INFO|MeridianFlipTrigger.cs|ShouldTrigger|204|Meridian Flip - Telescope is not tracking. Skip flip evaluation
2026-08-15T21:02:06.3671|INFO|SequenceItem.cs|Run|208|Starting Category: * Set di Istruzioni *, Container: NINA.Sequencer.Container.SequentialContainer, Strategy: SequentialStrategy, Items[CREATED]: 4
2026-08-15T21:02:06.3673|INFO|MeridianFlipTrigger.cs|ShouldTrigger|204|Meridian Flip - Telescope is not tracking. Skip flip evaluation
2026-08-15T21:02:06.3673|INFO|SequenceItem.cs|Run|208|Starting Category: Utilità, Item: Annotation, Text: VERSION: 1
2026-08-15T21:02:06.3674|INFO|SequenceItem.cs|Run|254|Finishing Category: Utilità, Item: Annotation, Text: VERSION: 1
2026-08-15T21:02:06.3677|INFO|MeridianFlipTrigger.cs|ShouldTrigger|204|Meridian Flip - Telescope is not tracking. Skip flip evaluation
2026-08-15T21:02:06.3678|INFO|SequenceItem.cs|Run|208|Starting Category: * Set di Istruzioni *, Container: NINA.Sequencer.Container.SequentialContainer, Strategy: SequentialStrategy, Items[CREATED]: 4
2026-08-15T21:02:06.3679|INFO|MeridianFlipTrigger.cs|ShouldTrigger|204|Meridian Flip - Telescope is not tracking. Skip flip evaluation
2026-08-15T21:02:06.3679|INFO|SequenceItem.cs|Run|208|Starting Category: Utilità, Item: Annotation, Text: This Startup Sequence ensures an ASCOM Safety Monitor will function in a sequence as expected.
2026-08-15T21:02:06.3679|INFO|SequenceItem.cs|Run|254|Finishing Category: Utilità, Item: Annotation, Text: This Startup Sequence ensures an ASCOM Safety Monitor will function in a sequence as expected.
2026-08-15T21:02:06.3680|INFO|MeridianFlipTrigger.cs|ShouldTrigger|204|Meridian Flip - Telescope is not tracking. Skip flip evaluation
2026-08-15T21:02:06.3680|INFO|SequenceItem.cs|Run|208|Starting Category: Utilità, Item: Annotation, Text: The CONNECTOR Plugin is used in this Sequence.
2026-08-15T21:02:06.3681|INFO|SequenceItem.cs|Run|254|Finishing Category: Utilità, Item: Annotation, Text: The CONNECTOR Plugin is used in this Sequence.
2026-08-15T21:02:06.3681|INFO|MeridianFlipTrigger.cs|ShouldTrigger|204|Meridian Flip - Telescope is not tracking. Skip flip evaluation
2026-08-15T21:02:06.3681|INFO|SequenceItem.cs|Run|208|Starting Category: Utilità, Item: Annotation, Text: A Switch is also used within this Startup Sequence.
2026-08-15T21:02:06.3682|INFO|SequenceItem.cs|Run|254|Finishing Category: Utilità, Item: Annotation, Text: A Switch is also used within this Startup Sequence.
2026-08-15T21:02:06.3682|INFO|MeridianFlipTrigger.cs|ShouldTrigger|204|Meridian Flip - Telescope is not tracking. Skip flip evaluation
2026-08-15T21:02:06.3684|INFO|SequenceItem.cs|Run|208|Starting Category: Utilità, Item: Annotation, Text: The sequence uses Nautical Dusk and Nautical Dawn along with a number of time offsets. Adjust this as desired.
2026-08-15T21:02:06.3684|INFO|SequenceItem.cs|Run|254|Finishing Category: Utilità, Item: Annotation, Text: The sequence uses Nautical Dusk and Nautical Dawn along with a number of time offsets. Adjust this as desired.
2026-08-15T21:02:06.3709|INFO|SequenceItem.cs|Run|254|Finishing Category: * Set di Istruzioni *, Container: NINA.Sequencer.Container.SequentialContainer, Strategy: SequentialStrategy, Items[FINISHED]: 4
2026-08-15T21:02:06.3711|INFO|MeridianFlipTrigger.cs|ShouldTrigger|204|Meridian Flip - Telescope is not tracking. Skip flip evaluation
2026-08-15T21:02:06.3712|INFO|SequenceItem.cs|Run|208|Starting Category: * Set di Istruzioni *, Container: NINA.Sequencer.Container.SequentialContainer, Strategy: SequentialStrategy, Items[CREATED]: 11
2026-08-15T21:02:06.3714|INFO|MeridianFlipTrigger.cs|ShouldTrigger|204|Meridian Flip - Telescope is not tracking. Skip flip evaluation
2026-08-15T21:02:06.3744|INFO|SequenceItem.cs|Run|208|Starting Category: Utilità, Item: WaitForTime, Time: 21:32:27h, Offset: -30
2026-08-15T21:32:33.0187|INFO|SequenceItem.cs|Run|254|Finishing Category: Utilità, Item: WaitForTime, Time: 21:32:27h, Offset: -30
2026-08-15T21:32:33.0196|INFO|MeridianFlipTrigger.cs|ShouldTrigger|204|Meridian Flip - Telescope is not tracking. Skip flip evaluation
2026-08-15T21:32:33.0203|INFO|SequenceItem.cs|Run|208|Starting Category: Connetti, Item: ConnectEquipment, Selected device: Weather, Selected device id: ASCOM.CloudWatcher.ObservingConditions
2026-08-15T21:32:33.0229|INFO|ConnectEquipment.cs|Execute|186|Weather is already connected
2026-08-15T21:32:33.0230|INFO|SequenceItem.cs|Run|254|Finishing Category: Connetti, Item: ConnectEquipment, Selected device: Weather, Selected device id: ASCOM.CloudWatcher.ObservingConditions
2026-08-15T21:32:33.0234|INFO|MeridianFlipTrigger.cs|ShouldTrigger|204|Meridian Flip - Telescope is not tracking. Skip flip evaluation
2026-08-15T21:32:33.0236|INFO|SequenceItem.cs|Run|208|Starting Category: Connetti, Item: ConnectEquipment, Selected device: Safety Monitor, Selected device id: ASCOM.Hub.SafetyMonitor
2026-08-15T21:32:33.0237|INFO|ConnectEquipment.cs|Execute|186|Safety Monitor is already connected
2026-08-15T21:32:33.0238|INFO|SequenceItem.cs|Run|254|Finishing Category: Connetti, Item: ConnectEquipment, Selected device: Safety Monitor, Selected device id: ASCOM.Hub.SafetyMonitor
2026-08-15T21:32:33.0239|INFO|MeridianFlipTrigger.cs|ShouldTrigger|204|Meridian Flip - Telescope is not tracking. Skip flip evaluation
2026-08-15T21:32:33.0243|INFO|SequenceItem.cs|Run|208|Starting Category: Monitor Di Sicurezza, Item: WaitUntilSafe
2026-08-15T21:32:33.0255|INFO|SequenceItem.cs|Run|254|Finishing Category: Monitor Di Sicurezza, Item: WaitUntilSafe
2026-08-15T21:32:33.0256|INFO|MeridianFlipTrigger.cs|ShouldTrigger|204|Meridian Flip - Telescope is not tracking. Skip flip evaluation
2026-08-15T21:32:33.0257|INFO|SequenceItem.cs|Run|208|Starting Category: Connetti, Item: ConnectEquipment, Selected device: Camera, Selected device id: 695A-M-0037ec709603ca4e3
2026-08-15T21:32:33.0258|INFO|ConnectEquipment.cs|Execute|186|Camera is already connected
2026-08-15T21:32:33.0258|INFO|SequenceItem.cs|Run|254|Finishing Category: Connetti, Item: ConnectEquipment, Selected device: Camera, Selected device id: 695A-M-0037ec709603ca4e3
2026-08-15T21:32:33.0259|INFO|MeridianFlipTrigger.cs|ShouldTrigger|204|Meridian Flip - Telescope is not tracking. Skip flip evaluation
2026-08-15T21:32:33.0264|INFO|SequenceItem.cs|Run|208|Starting Category: Connetti, Item: ConnectEquipment, Selected device: Focuser, Selected device id: ASCOM.PegasusAstro.Focuser
2026-08-15T21:32:33.0266|INFO|ConnectEquipment.cs|Execute|186|Focuser is already connected
2026-08-15T21:32:33.0266|INFO|SequenceItem.cs|Run|254|Finishing Category: Connetti, Item: ConnectEquipment, Selected device: Focuser, Selected device id: ASCOM.PegasusAstro.Focuser
2026-08-15T21:32:33.0267|INFO|MeridianFlipTrigger.cs|ShouldTrigger|204|Meridian Flip - Telescope is not tracking. Skip flip evaluation
2026-08-15T21:32:33.0268|INFO|SequenceItem.cs|Run|208|Starting Category: Connetti, Item: ConnectEquipment, Selected device: Filter Wheel, Selected device id: 695A-M-0037ec709603ca4e3
2026-08-15T21:32:33.0268|INFO|ConnectEquipment.cs|Execute|186|Filter Wheel is already connected
2026-08-15T21:32:33.0269|INFO|SequenceItem.cs|Run|254|Finishing Category: Connetti, Item: ConnectEquipment, Selected device: Filter Wheel, Selected device id: 695A-M-0037ec709603ca4e3
2026-08-15T21:32:33.0269|INFO|MeridianFlipTrigger.cs|ShouldTrigger|204|Meridian Flip - Telescope is not tracking. Skip flip evaluation
2026-08-15T21:32:33.0270|INFO|SequenceItem.cs|Run|208|Starting Category: Connetti, Item: ConnectEquipment, Selected device: Mount, Selected device id: ASCOM.Optec ASCOM.Telescope
2026-08-15T21:32:33.0271|INFO|ConnectEquipment.cs|Execute|186|Mount is already connected
2026-08-15T21:32:33.0271|INFO|SequenceItem.cs|Run|254|Finishing Category: Connetti, Item: ConnectEquipment, Selected device: Mount, Selected device id: ASCOM.Optec ASCOM.Telescope
2026-08-15T21:32:33.0271|INFO|MeridianFlipTrigger.cs|ShouldTrigger|204|Meridian Flip - Telescope is not tracking. Skip flip evaluation
2026-08-15T21:32:33.0272|INFO|SequenceItem.cs|Run|208|Starting Category: Connetti, Item: ConnectEquipment, Selected device: Dome, Selected device id: ASCOM.TS_Shelter.Dome
2026-08-15T21:32:33.0273|INFO|ConnectEquipment.cs|Execute|186|Dome is already connected
2026-08-15T21:32:33.0273|INFO|SequenceItem.cs|Run|254|Finishing Category: Connetti, Item: ConnectEquipment, Selected device: Dome, Selected device id: ASCOM.TS_Shelter.Dome
2026-08-15T21:32:33.0273|INFO|MeridianFlipTrigger.cs|ShouldTrigger|204|Meridian Flip - Telescope is not tracking. Skip flip evaluation
2026-08-15T21:32:33.0274|INFO|SequenceItem.cs|Run|208|Starting Category: Connetti, Item: ConnectEquipment, Selected device: Guider, Selected device id: PHD2_Single
2026-08-15T21:32:33.0275|INFO|ConnectEquipment.cs|Execute|186|Guider is already connected
2026-08-15T21:32:33.0275|INFO|SequenceItem.cs|Run|254|Finishing Category: Connetti, Item: ConnectEquipment, Selected device: Guider, Selected device id: PHD2_Single
2026-08-15T21:32:33.0276|INFO|MeridianFlipTrigger.cs|ShouldTrigger|204|Meridian Flip - Telescope is not tracking. Skip flip evaluation
2026-08-15T21:32:33.0276|INFO|SequenceItem.cs|Run|208|Starting Category: Connetti, Item: ConnectEquipment, Selected device: Flat Panel, Selected device id: ASCOM.WandererCover1.CoverCalibrator
2026-08-15T21:32:33.0277|INFO|ConnectEquipment.cs|Execute|186|Flat Panel is already connected
2026-08-15T21:32:33.0277|INFO|SequenceItem.cs|Run|254|Finishing Category: Connetti, Item: ConnectEquipment, Selected device: Flat Panel, Selected device id: ASCOM.WandererCover1.CoverCalibrator
2026-08-15T21:32:33.0281|INFO|SequenceItem.cs|Run|254|Finishing Category: * Set di Istruzioni *, Container: NINA.Sequencer.Container.SequentialContainer, Strategy: SequentialStrategy, Items[FINISHED]: 11
2026-08-15T21:32:33.0282|INFO|MeridianFlipTrigger.cs|ShouldTrigger|204|Meridian Flip - Telescope is not tracking. Skip flip evaluation
2026-08-15T21:32:33.0282|INFO|SequenceItem.cs|Run|208|Starting Category: * Set di Istruzioni *, Container: NINA.Sequencer.Container.SequentialContainer, Strategy: SequentialStrategy, Items[CREATED]: 12
2026-08-15T21:32:33.0285|INFO|MeridianFlipTrigger.cs|ShouldTrigger|204|Meridian Flip - Telescope is not tracking. Skip flip evaluation
2026-08-15T21:32:33.0291|INFO|SequenceItem.cs|Run|208|Starting Category: Fotocamera, Item: CoolCamera, Temperature: -10, Duration: 5
2026-08-15T21:32:33.0328|INFO|CameraVM.cs|CoolCamera|138|Cooling Camera. Target: -10 Duration: 00:05:00
2026-08-15T21:37:34.4364|INFO|SequenceItem.cs|Run|254|Finishing Category: Fotocamera, Item: CoolCamera, Temperature: -10, Duration: 5
2026-08-15T21:37:34.4367|INFO|MeridianFlipTrigger.cs|ShouldTrigger|204|Meridian Flip - Telescope is not tracking. Skip flip evaluation
2026-08-15T21:37:34.4368|INFO|SequenceItem.cs|Run|208|Starting Category: Utilità, Item: WaitForTime, Time: 21:52:27h, Offset: -10
2026-08-15T21:52:28.9837|INFO|SequenceItem.cs|Run|254|Finishing Category: Utilità, Item: WaitForTime, Time: 21:52:27h, Offset: -10
2026-08-15T21:52:28.9841|INFO|MeridianFlipTrigger.cs|ShouldTrigger|204|Meridian Flip - Telescope is not tracking. Skip flip evaluation
2026-08-15T21:52:28.9841|INFO|SequenceItem.cs|Run|208|Starting Category: Monitor Di Sicurezza, Item: WaitUntilSafe
2026-08-15T21:52:28.9844|INFO|SequenceItem.cs|Run|254|Finishing Category: Monitor Di Sicurezza, Item: WaitUntilSafe
2026-08-15T21:52:28.9846|INFO|MeridianFlipTrigger.cs|ShouldTrigger|204|Meridian Flip - Telescope is not tracking. Skip flip evaluation
2026-08-15T21:52:28.9851|INFO|SequenceItem.cs|Run|208|Starting Category: Osservatorio, Item: OpenDomeShutter
2026-08-15T21:52:28.9878|INFO|SequenceItem.cs|Run|254|Finishing Category: Osservatorio, Item: OpenDomeShutter
2026-08-15T21:52:28.9881|INFO|MeridianFlipTrigger.cs|ShouldTrigger|204|Meridian Flip - Telescope is not tracking. Skip flip evaluation
2026-08-15T21:52:28.9885|INFO|SequenceItem.cs|Run|208|Starting Category: Telescopio, Item: UnparkScope
2026-08-15T21:52:28.9926|INFO|TelescopeVM.cs|UnparkTelescope|232|Mount ordered to unpark
2026-08-15T21:52:29.0190|INFO|TelescopeVM.cs|UnparkTelescope|277|Mount is already unparked
2026-08-15T21:52:29.0194|INFO|TelescopeVM.cs|UnparkTelescope|282|Mount has unparked
2026-08-15T21:52:29.0196|INFO|SequenceItem.cs|Run|254|Finishing Category: Telescopio, Item: UnparkScope
2026-08-15T21:52:29.0197|INFO|MeridianFlipTrigger.cs|ShouldTrigger|204|Meridian Flip - Telescope is not tracking. Skip flip evaluation
2026-08-15T21:52:29.0218|INFO|SequenceItem.cs|Run|208|Starting Category: Apparato per i Flat, Item: OpenCover
2026-08-15T21:52:29.0274|INFO|SequenceItem.cs|Run|254|Finishing Category: Apparato per i Flat, Item: OpenCover
2026-08-15T21:52:29.0276|INFO|MeridianFlipTrigger.cs|ShouldTrigger|204|Meridian Flip - Telescope is not tracking. Skip flip evaluation
2026-08-15T21:52:29.0301|INFO|SequenceItem.cs|Run|208|Starting Category: Telescopio, Item: SetTracking, TrackingMode: Sidereal
2026-08-15T21:52:29.0680|INFO|SequenceItem.cs|Run|254|Finishing Category: Telescopio, Item: SetTracking, TrackingMode: Sidereal
2026-08-15T21:52:29.0682|INFO|MeridianFlipTrigger.cs|ShouldTrigger|204|Meridian Flip - Telescope is not tracking. Skip flip evaluation
2026-08-15T21:52:29.0688|INFO|SequenceItem.cs|Run|208|Starting Category: Ruota porta filtri, Item: SwitchFilter, Filter: Red
2026-08-15T21:52:29.1870|INFO|FilterWheelVM.cs|ChangeFilter|112|Moving to Filter Red at Position 2
2026-08-15T21:52:35.5348|INFO|SequenceItem.cs|Run|254|Finishing Category: Ruota porta filtri, Item: SwitchFilter, Filter: Red
2026-08-15T21:52:35.5382|INFO|MeridianFlipTrigger.cs|ShouldTrigger|296|Meridian Flip - (Side of Pier usage is disabled) There is still time remaining. Max remaining time 02:20:58.3784132, next instruction time 0, next instruction Category: Telescopio, Item: SlewScopeToAltAz, Coordinates: NINA.Astrometry.InputTopocentricCoordinates
2026-08-15T21:52:35.5385|INFO|SequenceItem.cs|Run|208|Starting Category: Telescopio, Item: SlewScopeToAltAz, Coordinates: NINA.Astrometry.InputTopocentricCoordinates
2026-08-15T21:52:35.5645|INFO|PHD2Guider.cs|StopGuiding|704|Phd2 - Stop Guiding skipped, as the app is already in state Stopped
2026-08-15T21:52:35.6049|INFO|TelescopeVM.cs|SlewAsyncInternal|910|Slewing from RA: 20:38:45; Dec: 89° 03' 00"; Epoch: JNOW to RA: 20:00:51; Dec: 39° 23' 27"; Epoch: JNOW - Alt: 70° 00' 00"; Az: 90° 00' 00"
2026-08-15T21:53:08.9002|INFO|SequenceItem.cs|Run|254|Finishing Category: Telescopio, Item: SlewScopeToAltAz, Coordinates: NINA.Astrometry.InputTopocentricCoordinates
2026-08-15T21:53:08.9010|INFO|MeridianFlipTrigger.cs|ShouldTrigger|296|Meridian Flip - (Side of Pier usage is disabled) There is still time remaining. Max remaining time 01:42:34.1220730, next instruction time 60, next instruction Category: Utilità, Item: WaitForTimeSpan, Time: 60s
2026-08-15T21:53:08.9013|INFO|SequenceItem.cs|Run|208|Starting Category: Utilità, Item: WaitForTimeSpan, Time: 60s
2026-08-15T21:54:09.1172|INFO|SequenceItem.cs|Run|254|Finishing Category: Utilità, Item: WaitForTimeSpan, Time: 60s
2026-08-15T21:54:09.1192|INFO|MeridianFlipTrigger.cs|ShouldTrigger|296|Meridian Flip - (Side of Pier usage is disabled) There is still time remaining. Max remaining time 01:41:31.8767493, next instruction time 300, next instruction Category: Focheggiatore, Item: RunAutofocus
2026-08-15T21:54:09.1195|INFO|SequenceItem.cs|Run|208|Starting Category: Focheggiatore, Item: RunAutofocus
2026-08-15T21:54:09.3038|INFO|FocuserMediator.cs|BroadcastAutoFocusRunStarting|92|Autofocus starting notification received
2026-08-15T21:54:09.4080|INFO|PHD2Guider.cs|StopGuiding|704|Phd2 - Stop Guiding skipped, as the app is already in state Stopped
2026-08-15T21:54:09.4296|INFO|AutoFocusEngine.cs|RunAutoFocus|929|Starting AutoFocus with initial position 39364
2026-08-15T21:54:09.5986|INFO|CameraVM.cs|Capture|742|Starting Exposure - Exposure Time: 10s; Filter: Red; Gain: 15; Offset 132; Binning: 2x2;
2026-08-15T21:54:20.9655|INFO|AutoFocusEngine.cs|StartBlindFocusPoints|769|Waiting on initial HFR analysis
2026-08-15T21:54:21.0713|INFO|FocuserVM.cs|MoveFocuserInternal|216|Moving Focuser to position 40164
2026-08-15T21:54:22.7648|INFO|HocusFocusStarDetection.cs|Detect|413|Average HFR: 1.5788768321825382, HFR MAD: 0.04657717816596674, Detected Stars 57, Region: 0
2026-08-15T21:54:29.8699|INFO|CameraVM.cs|Capture|742|Starting Exposure - Exposure Time: 10s; Filter: Red; Gain: 15; Offset 132; Binning: 2x2;
2026-08-15T21:54:41.1870|INFO|FocuserVM.cs|MoveFocuserInternal|216|Moving Focuser to position 39964
2026-08-15T21:54:42.0220|INFO|HocusFocusStarDetection.cs|Detect|413|Average HFR: 2.0349102416890545, HFR MAD: 0.1579827488724126, Detected Stars 262, Region: 0
2026-08-15T21:54:47.8932|INFO|CameraVM.cs|Capture|742|Starting Exposure - Exposure Time: 10s; Filter: Red; Gain: 15; Offset 132; Binning: 2x2;
2026-08-15T21:54:59.2096|INFO|FocuserVM.cs|MoveFocuserInternal|216|Moving Focuser to position 39764
2026-08-15T21:55:00.0421|INFO|HocusFocusStarDetection.cs|Detect|413|Average HFR: 1.9959316803423468, HFR MAD: 0.18296323348564725, Detected Stars 257, Region: 0
2026-08-15T21:55:05.9096|INFO|CameraVM.cs|Capture|742|Starting Exposure - Exposure Time: 10s; Filter: Red; Gain: 15; Offset 132; Binning: 2x2;
2026-08-15T21:55:17.2263|INFO|FocuserVM.cs|MoveFocuserInternal|216|Moving Focuser to position 39564
2026-08-15T21:55:18.0711|INFO|HocusFocusStarDetection.cs|Detect|413|Average HFR: 2.001220735269751, HFR MAD: 0.16760795046552834, Detected Stars 277, Region: 0
2026-08-15T21:55:23.8898|INFO|CameraVM.cs|Capture|742|Starting Exposure - Exposure Time: 10s; Filter: Red; Gain: 15; Offset 132; Binning: 2x2;
2026-08-15T21:55:35.2090|INFO|AutoFocusEngine.cs|StartBlindFocusPoints|797|Waiting on initial focuser move analyses
2026-08-15T21:55:35.9788|INFO|HocusFocusStarDetection.cs|Detect|413|Average HFR: 1.7983180802359549, HFR MAD: 0.11777773188851892, Detected Stars 225, Region: 0
2026-08-15T21:55:36.0843|INFO|FocuserVM.cs|MoveFocuserInternal|216|Moving Focuser to position 39364
2026-08-15T21:55:41.8874|INFO|CameraVM.cs|Capture|742|Starting Exposure - Exposure Time: 10s; Filter: Red; Gain: 15; Offset 132; Binning: 2x2;
2026-08-15T21:55:53.2029|INFO|AutoFocusEngine.cs|StartBlindFocusPoints|870|Waiting on next left movement analysis
2026-08-15T21:55:54.0577|INFO|HocusFocusStarDetection.cs|Detect|413|Average HFR: 1.688300684291269, HFR MAD: 0.09485039935705686, Detected Stars 169, Region: 0
2026-08-15T21:55:54.1376|INFO|FocuserVM.cs|MoveFocuserInternal|216|Moving Focuser to position 39164
2026-08-15T21:55:59.9558|INFO|CameraVM.cs|Capture|742|Starting Exposure - Exposure Time: 10s; Filter: Red; Gain: 15; Offset 132; Binning: 2x2;
2026-08-15T21:56:11.2745|INFO|AutoFocusEngine.cs|StartBlindFocusPoints|870|Waiting on next left movement analysis
2026-08-15T21:56:12.0920|INFO|HocusFocusStarDetection.cs|Detect|413|Average HFR: 1.6470731353203378, HFR MAD: 0.08339921285055896, Detected Stars 164, Region: 0
2026-08-15T21:56:12.1295|INFO|FocuserVM.cs|MoveFocuserInternal|216|Moving Focuser to position 38964
2026-08-15T21:56:17.8651|INFO|CameraVM.cs|Capture|742|Starting Exposure - Exposure Time: 10s; Filter: Red; Gain: 15; Offset 132; Binning: 2x2;
2026-08-15T21:56:29.1785|INFO|AutoFocusEngine.cs|StartBlindFocusPoints|870|Waiting on next left movement analysis
2026-08-15T21:56:30.0554|INFO|HocusFocusStarDetection.cs|Detect|413|Average HFR: 1.6055987256904334, HFR MAD: 0.07272505476933411, Detected Stars 106, Region: 0
2026-08-15T21:56:30.3240|INFO|FocuserVM.cs|MoveFocuserInternal|216|Moving Focuser to position 38764
2026-08-15T21:56:35.9163|INFO|CameraVM.cs|Capture|742|Starting Exposure - Exposure Time: 10s; Filter: Red; Gain: 15; Offset 132; Binning: 2x2;
2026-08-15T21:56:47.2331|INFO|AutoFocusEngine.cs|StartBlindFocusPoints|870|Waiting on next left movement analysis
2026-08-15T21:56:48.0708|INFO|HocusFocusStarDetection.cs|Detect|413|Average HFR: 1.5781559258119804, HFR MAD: 0.05935244522494898, Detected Stars 91, Region: 0
2026-08-15T21:56:48.3003|INFO|FocuserVM.cs|MoveFocuserInternal|216|Moving Focuser to position 38564
2026-08-15T21:56:53.8744|INFO|CameraVM.cs|Capture|742|Starting Exposure - Exposure Time: 10s; Filter: Red; Gain: 15; Offset 132; Binning: 2x2;
2026-08-15T21:57:05.1786|INFO|AutoFocusEngine.cs|StartBlindFocusPoints|870|Waiting on next left movement analysis
2026-08-15T21:57:05.9539|INFO|HocusFocusStarDetection.cs|Detect|413|Average HFR: 1.568419507723954, HFR MAD: 0.04828240044104404, Detected Stars 81, Region: 0
2026-08-15T21:57:06.1972|INFO|FocuserVM.cs|MoveFocuserInternal|216|Moving Focuser to position 38364
2026-08-15T21:57:11.8973|INFO|CameraVM.cs|Capture|742|Starting Exposure - Exposure Time: 10s; Filter: Red; Gain: 15; Offset 132; Binning: 2x2;
2026-08-15T21:57:23.2430|INFO|AutoFocusEngine.cs|StartBlindFocusPoints|870|Waiting on next left movement analysis
2026-08-15T21:57:24.0280|INFO|HocusFocusStarDetection.cs|Detect|413|Average HFR: 1.650428466493173, HFR MAD: 0.06779678268377798, Detected Stars 205, Region: 0
2026-08-15T21:57:24.1449|INFO|FocuserVM.cs|MoveFocuserInternal|216|Moving Focuser to position 38164
2026-08-15T21:57:29.9258|INFO|CameraVM.cs|Capture|742|Starting Exposure - Exposure Time: 10s; Filter: Red; Gain: 15; Offset 132; Binning: 2x2;
2026-08-15T21:57:41.2421|INFO|AutoFocusEngine.cs|StartBlindFocusPoints|870|Waiting on next left movement analysis
2026-08-15T21:57:41.9854|INFO|HocusFocusStarDetection.cs|Detect|413|Average HFR: 1.840924321258552, HFR MAD: 0.09850378097793211, Detected Stars 254, Region: 0
2026-08-15T21:57:42.1157|INFO|AutoFocusEngine.cs|StartBlindFocusPoints|841|Enough right trend points (4) with an established minimum (38564) to queue remaining left focus points down to 37764
2026-08-15T21:57:42.1160|INFO|FocuserVM.cs|MoveFocuserInternal|216|Moving Focuser to position 37964
2026-08-15T21:57:47.8828|INFO|CameraVM.cs|Capture|742|Starting Exposure - Exposure Time: 10s; Filter: Red; Gain: 15; Offset 132; Binning: 2x2;
2026-08-15T21:57:59.1991|INFO|FocuserVM.cs|MoveFocuserInternal|216|Moving Focuser to position 37764
2026-08-15T21:58:00.1214|INFO|HocusFocusStarDetection.cs|Detect|413|Average HFR: 2.0434175110554627, HFR MAD: 0.1542604477863052, Detected Stars 256, Region: 0
2026-08-15T21:58:05.8687|INFO|CameraVM.cs|Capture|742|Starting Exposure - Exposure Time: 10s; Filter: Red; Gain: 15; Offset 132; Binning: 2x2;
2026-08-15T21:58:17.1851|INFO|AutoFocusEngine.cs|StartBlindFocusPoints|896|Waiting on remaining AutoFocus analysis tasks
2026-08-15T21:58:17.9793|INFO|HocusFocusStarDetection.cs|Detect|413|Average HFR: 2.2491100614438624, HFR MAD: 0.17546917871108514, Detected Stars 256, Region: 0
2026-08-15T21:58:18.0711|INFO|FocuserVM.cs|MoveFocuserInternal|216|Moving Focuser to position 38612
2026-08-15T21:58:27.7893|INFO|AutoFocusEngine.cs|ValidateCalculatedFocusPosition|1141|Validating HFR at final focus position 38612
2026-08-15T21:58:27.9079|INFO|CameraVM.cs|Capture|742|Starting Exposure - Exposure Time: 10s; Filter: Red; Gain: 15; Offset 132; Binning: 2x2;
2026-08-15T21:58:40.0755|INFO|HocusFocusStarDetection.cs|Detect|413|Average HFR: 2.059031268212294, HFR MAD: 0.13034652477350828, Detected Stars 270, Region: 0
2026-08-15T21:58:40.0934|WARNING|AutoFocusEngine.cs|ValidateCalculatedFocusPosition|1166|New focus point HFR 2.059031268212294 is significantly worse than original HFR 1.5788768321825382
2026-08-15T21:58:40.0938|WARNING|AutoFocusEngine.cs|RunAutoFocus|965|Potentially bad auto-focus. Setting focuser back to 39364 and re-attempting.
2026-08-15T21:58:40.0945|INFO|FocuserVM.cs|MoveFocuserInternal|216|Moving Focuser to position 39364
2026-08-15T21:58:48.2930|INFO|AutoFocusEngine.cs|StartBlindFocusPoints|769|Waiting on initial HFR analysis
2026-08-15T21:58:48.2934|INFO|FocuserVM.cs|MoveFocuserInternal|216|Moving Focuser to position 40164
2026-08-15T21:58:56.5298|INFO|CameraVM.cs|Capture|742|Starting Exposure - Exposure Time: 10s; Filter: Red; Gain: 15; Offset 132; Binning: 2x2;
2026-08-15T21:59:07.8595|INFO|FocuserVM.cs|MoveFocuserInternal|216|Moving Focuser to position 39964
2026-08-15T21:59:08.7754|INFO|HocusFocusStarDetection.cs|Detect|413|Average HFR: 2.156079330032811, HFR MAD: 0.17534093955813024, Detected Stars 239, Region: 0
2026-08-15T21:59:13.8799|INFO|CameraVM.cs|Capture|742|Starting Exposure - Exposure Time: 10s; Filter: Red; Gain: 15; Offset 132; Binning: 2x2;
2026-08-15T21:59:25.2059|INFO|FocuserVM.cs|MoveFocuserInternal|216|Moving Focuser to position 39764
2026-08-15T21:59:26.1751|INFO|HocusFocusStarDetection.cs|Detect|413|Average HFR: 2.151457290293528, HFR MAD: 0.17782310695970205, Detected Stars 215, Region: 0
2026-08-15T21:59:31.8765|INFO|CameraVM.cs|Capture|742|Starting Exposure - Exposure Time: 10s; Filter: Red; Gain: 15; Offset 132; Binning: 2x2;
2026-08-15T21:59:43.2065|INFO|FocuserVM.cs|MoveFocuserInternal|216|Moving Focuser to position 39564
2026-08-15T21:59:44.2386|INFO|HocusFocusStarDetection.cs|Detect|413|Average HFR: 2.1204843362229187, HFR MAD: 0.1747416639752135, Detected Stars 249, Region: 0
2026-08-15T21:59:49.9197|INFO|CameraVM.cs|Capture|742|Starting Exposure - Exposure Time: 10s; Filter: Red; Gain: 15; Offset 132; Binning: 2x2;
2026-08-15T22:00:01.2256|INFO|AutoFocusEngine.cs|StartBlindFocusPoints|797|Waiting on initial focuser move analyses
2026-08-15T22:00:02.0142|INFO|HocusFocusStarDetection.cs|Detect|413|Average HFR: 1.9444064028814196, HFR MAD: 0.15677439272629035, Detected Stars 239, Region: 0
2026-08-15T22:00:02.1510|INFO|FocuserVM.cs|MoveFocuserInternal|216|Moving Focuser to position 39364
2026-08-15T22:00:07.8801|INFO|CameraVM.cs|Capture|742|Starting Exposure - Exposure Time: 10s; Filter: Red; Gain: 15; Offset 132; Binning: 2x2;
2026-08-15T22:00:19.1956|INFO|AutoFocusEngine.cs|StartBlindFocusPoints|870|Waiting on next left movement analysis
2026-08-15T22:00:19.9963|INFO|HocusFocusStarDetection.cs|Detect|413|Average HFR: 1.8426219101496968, HFR MAD: 0.1386480034506805, Detected Stars 231, Region: 0
2026-08-15T22:00:20.0208|INFO|FocuserVM.cs|MoveFocuserInternal|216|Moving Focuser to position 39164
2026-08-15T22:00:25.8657|INFO|CameraVM.cs|Capture|742|Starting Exposure - Exposure Time: 10s; Filter: Red; Gain: 15; Offset 132; Binning: 2x2;
2026-08-15T22:00:37.1809|INFO|AutoFocusEngine.cs|StartBlindFocusPoints|870|Waiting on next left movement analysis
2026-08-15T22:00:38.1140|INFO|HocusFocusStarDetection.cs|Detect|413|Average HFR: 1.6654087577692898, HFR MAD: 0.08132956914210565, Detected Stars 181, Region: 0
2026-08-15T22:00:38.1551|INFO|FocuserVM.cs|MoveFocuserInternal|216|Moving Focuser to position 38964
2026-08-15T22:00:43.9007|INFO|CameraVM.cs|Capture|742|Starting Exposure - Exposure Time: 10s; Filter: Red; Gain: 15; Offset 132; Binning: 2x2;
2026-08-15T22:00:55.2184|INFO|AutoFocusEngine.cs|StartBlindFocusPoints|870|Waiting on next left movement analysis
2026-08-15T22:00:56.0392|INFO|HocusFocusStarDetection.cs|Detect|413|Average HFR: 1.6170667984508613, HFR MAD: 0.07158587915836123, Detected Stars 103, Region: 0
2026-08-15T22:00:56.1661|INFO|FocuserVM.cs|MoveFocuserInternal|216|Moving Focuser to position 38764
2026-08-15T22:01:01.8897|INFO|CameraVM.cs|Capture|742|Starting Exposure - Exposure Time: 10s; Filter: Red; Gain: 15; Offset 132; Binning: 2x2;
2026-08-15T22:01:13.2361|INFO|AutoFocusEngine.cs|StartBlindFocusPoints|870|Waiting on next left movement analysis
2026-08-15T22:01:14.0376|INFO|HocusFocusStarDetection.cs|Detect|413|Average HFR: 1.581518523974923, HFR MAD: 0.06281114324269965, Detected Stars 79, Region: 0
2026-08-15T22:01:14.3074|INFO|FocuserVM.cs|MoveFocuserInternal|216|Moving Focuser to position 38564
2026-08-15T22:01:19.9331|INFO|CameraVM.cs|Capture|742|Starting Exposure - Exposure Time: 10s; Filter: Red; Gain: 15; Offset 132; Binning: 2x2;
2026-08-15T22:01:31.2478|INFO|AutoFocusEngine.cs|StartBlindFocusPoints|870|Waiting on next left movement analysis
2026-08-15T22:01:32.0755|INFO|HocusFocusStarDetection.cs|Detect|413|Average HFR: 1.5794150801830418, HFR MAD: 0.04626968674076681, Detected Stars 110, Region: 0
2026-08-15T22:01:32.1500|INFO|FocuserVM.cs|MoveFocuserInternal|216|Moving Focuser to position 38364
2026-08-15T22:01:37.8844|INFO|CameraVM.cs|Capture|742|Starting Exposure - Exposure Time: 10s; Filter: Red; Gain: 15; Offset 132; Binning: 2x2;
2026-08-15T22:01:49.2169|INFO|AutoFocusEngine.cs|StartBlindFocusPoints|870|Waiting on next left movement analysis
2026-08-15T22:01:50.0914|INFO|HocusFocusStarDetection.cs|Detect|413|Average HFR: 1.618406677286015, HFR MAD: 0.05887939356540062, Detected Stars 202, Region: 0
2026-08-15T22:01:50.2085|INFO|FocuserVM.cs|MoveFocuserInternal|216|Moving Focuser to position 38164
2026-08-15T22:01:55.8901|INFO|CameraVM.cs|Capture|742|Starting Exposure - Exposure Time: 10s; Filter: Red; Gain: 15; Offset 132; Binning: 2x2;
2026-08-15T22:02:07.2080|INFO|AutoFocusEngine.cs|StartBlindFocusPoints|870|Waiting on next left movement analysis
2026-08-15T22:02:08.1051|INFO|HocusFocusStarDetection.cs|Detect|413|Average HFR: 1.808426295510459, HFR MAD: 0.11243076479586134, Detected Stars 262, Region: 0
2026-08-15T22:02:08.2243|INFO|AutoFocusEngine.cs|StartBlindFocusPoints|841|Enough right trend points (5) with an established minimum (38564) to queue remaining left focus points down to 37764
2026-08-15T22:02:08.2247|INFO|FocuserVM.cs|MoveFocuserInternal|216|Moving Focuser to position 37964
2026-08-15T22:02:13.8681|INFO|CameraVM.cs|Capture|742|Starting Exposure - Exposure Time: 10s; Filter: Red; Gain: 15; Offset 132; Binning: 2x2;
2026-08-15T22:02:25.1841|INFO|FocuserVM.cs|MoveFocuserInternal|216|Moving Focuser to position 37764
2026-08-15T22:02:25.9350|INFO|HocusFocusStarDetection.cs|Detect|413|Average HFR: 1.9868898935157435, HFR MAD: 0.13489444436693554, Detected Stars 265, Region: 0
2026-08-15T22:02:31.8994|INFO|CameraVM.cs|Capture|742|Starting Exposure - Exposure Time: 10s; Filter: Red; Gain: 15; Offset 132; Binning: 2x2;
2026-08-15T22:02:43.2199|INFO|AutoFocusEngine.cs|StartBlindFocusPoints|896|Waiting on remaining AutoFocus analysis tasks
2026-08-15T22:02:44.0378|INFO|HocusFocusStarDetection.cs|Detect|413|Average HFR: 2.232258000374495, HFR MAD: 0.1694583346623677, Detected Stars 253, Region: 0
2026-08-15T22:02:44.0732|INFO|FocuserVM.cs|MoveFocuserInternal|216|Moving Focuser to position 38559
2026-08-15T22:02:52.2961|INFO|AutoFocusEngine.cs|ValidateCalculatedFocusPosition|1141|Validating HFR at final focus position 38559
2026-08-15T22:02:52.4139|INFO|CameraVM.cs|Capture|742|Starting Exposure - Exposure Time: 10s; Filter: Red; Gain: 15; Offset 132; Binning: 2x2;
2026-08-15T22:03:04.6635|INFO|HocusFocusStarDetection.cs|Detect|413|Average HFR: 1.9685848992187471, HFR MAD: 0.13546309062399509, Detected Stars 259, Region: 0
2026-08-15T22:03:04.6637|WARNING|AutoFocusEngine.cs|ValidateCalculatedFocusPosition|1166|New focus point HFR 1.9685848992187471 is significantly worse than original HFR 1.5788768321825382
2026-08-15T22:03:04.8550|WARNING|AutoFocusEngine.cs|PerformPostAutoFocusActions|1002|AutoFocus did not complete successfully, so restoring the focuser position to 39364
2026-08-15T22:03:04.8568|INFO|FocuserVM.cs|MoveFocuserInternal|216|Moving Focuser to position 39364
2026-08-15T22:03:13.8883|INFO|AutoFocusEngine.cs|PerformPostAutoFocusActions|1022|Re-enabling temperature compensation after AutoFocus
2026-08-15T22:03:13.8936|ERROR|SequenceItem.cs|Run|263|Category: Focheggiatore, Item: RunAutofocus - 
NINA.Core.Model.SequenceEntityFailedException: Autofocus failed to run
   at NINA.Sequencer.SequenceItem.Autofocus.RunAutofocus.Execute(IProgress`1 progress, CancellationToken token) in /_/NINA.Sequencer/SequenceItem/Autofocus/RunAutofocus.cs:line 94
   at NINA.Sequencer.SequenceItem.SequenceItem.Run(IProgress`1 progress, CancellationToken token) in /_/NINA.Sequencer/SequenceItem/SequenceItem.cs:line 249
2026-08-15T22:03:13.9196|ERROR|SequenceItem.cs|RunErrorBehavior|195|Instruction Esegui Autofocus failed after 1 attempt. Error behavior is set to ContinueOnError. Continuing.
2026-08-15T22:03:13.9200|INFO|MeridianFlipTrigger.cs|ShouldTrigger|296|Meridian Flip - (Side of Pier usage is disabled) There is still time remaining. Max remaining time 01:32:25.6373008, next instruction time 0, next instruction Category: Telescopio, Item: SolveAndSync
2026-08-15T22:03:13.9203|INFO|SequenceItem.cs|Run|208|Starting Category: Telescopio, Item: SolveAndSync
2026-08-15T22:03:14.1818|INFO|FilterWheelVM.cs|ChangeFilter|112|Moving to Filter L-Pro at Position 0
2026-08-15T22:03:31.6142|INFO|CameraVM.cs|Capture|742|Starting Exposure - Exposure Time: 15s; Filter: L-Pro; Gain: 15; Offset 132; Binning: 1x1;
2026-08-15T22:03:50.8559|WARNING|DeviceUpdateTimer.cs|Run|115|Camera value update cycle took longer than the device poll interval (Total: 4.11s > 2s; Poll: 00:00:04.1114487; Update: 00:00:00.0001256)
2026-08-15T22:03:51.6903|INFO|FilterWheelVM.cs|ChangeFilter|112|Moving to Filter Red at Position 2
2026-08-15T22:03:51.9101|INFO|ImageSolver.cs|Solve|41|Platesolving with parameters: FocalLength: 1260 PixelSize: 4.54 SearchRadius: 30 BlindFailoverEnabled: True Regions: 5000 DownSampleFactor: 2 MaxObjects: 500 Reference Coordinates RA: 19:59:53 Dec: 39° 18' 53" Epoch: J2000
2026-08-15T22:03:52.6210|INFO|BaseImageData.cs|SaveToDisk|346|Saved image to C:\Users\PrimaLuceLab\AppData\Local\NINA\PlateSolver\00mcvnyw.cgh.fits
2026-08-15T22:03:54.2882|INFO|ImageSolver.cs|Solve|54|Platesolve successful: Coordinates: RA: 20:03:16; Dec: 39° 15' 01"; Epoch: J2000 - Position Angle: 268.8038389621239
2026-08-15T22:03:58.2858|INFO|TelescopeVM.cs|Sync|777|Syncing scope from RA: 20:00:52; Dec: 39° 23' 25"; Epoch: JNOW to RA: 20:04:15; Dec: 39° 19' 40"; Epoch: JNOW
2026-08-15T22:04:03.2875|INFO|SequenceItem.cs|Run|254|Finishing Category: Telescopio, Item: SolveAndSync
2026-08-15T22:04:03.2880|INFO|SequenceItem.cs|Run|254|Finishing Category: * Set di Istruzioni *, Container: NINA.Sequencer.Container.SequentialContainer, Strategy: SequentialStrategy, Items[FINISHED]: 11, Items[FAILED]: 1
2026-08-15T22:04:03.2881|INFO|SequenceItem.cs|Run|254|Finishing Category: * Set di Istruzioni *, Container: NINA.Sequencer.Container.SequentialContainer, Strategy: SequentialStrategy, Items[FINISHED]: 4
2026-08-15T22:04:03.2882|INFO|SequenceItem.cs|Run|254|Finishing Category: * Set di Istruzioni *, Container: NINA.Sequencer.Container.StartAreaContainer, Strategy: SequentialStrategy, Items[FINISHED]: 2
2026-08-15T22:04:03.2883|INFO|MeridianFlipTrigger.cs|ShouldTrigger|296|Meridian Flip - (Side of Pier usage is disabled) There is still time remaining. Max remaining time 01:34:59.0651931, next instruction time 0, next instruction Category: * Set di Istruzioni *, Container: NINA.Sequencer.Container.TargetAreaContainer, Strategy: SequentialStrategy, Items[CREATED]: 2
2026-08-15T22:04:03.2886|INFO|SequenceItem.cs|Run|208|Starting Category: * Set di Istruzioni *, Container: NINA.Sequencer.Container.TargetAreaContainer, Strategy: SequentialStrategy, Items[CREATED]: 2
2026-08-15T22:04:03.2890|INFO|MeridianFlipTrigger.cs|ShouldTrigger|296|Meridian Flip - (Side of Pier usage is disabled) There is still time remaining. Max remaining time 01:34:59.0651931, next instruction time 0, next instruction Category: * Set di Istruzioni *, Container: NINA.Sequencer.Container.SequentialContainer, Strategy: SequentialStrategy, Items[CREATED]: 10
2026-08-15T22:04:03.2891|INFO|SequenceItem.cs|Run|208|Starting Category: * Set di Istruzioni *, Container: NINA.Sequencer.Container.SequentialContainer, Strategy: SequentialStrategy, Items[CREATED]: 10
2026-08-15T22:04:03.2892|INFO|MeridianFlipTrigger.cs|ShouldTrigger|296|Meridian Flip - (Side of Pier usage is disabled) There is still time remaining. Max remaining time 01:34:59.0651931, next instruction time 0, next instruction Category: Utilità, Item: Annotation, Text: This is a Startup Sequence which can be pre-loaded at NINA Start-up.
2026-08-15T22:04:03.2892|INFO|SequenceItem.cs|Run|208|Starting Category: Utilità, Item: Annotation, Text: This is a Startup Sequence which can be pre-loaded at NINA Start-up.
2026-08-15T22:04:03.2893|INFO|SequenceItem.cs|Run|254|Finishing Category: Utilità, Item: Annotation, Text: This is a Startup Sequence which can be pre-loaded at NINA Start-up.
2026-08-15T22:04:03.2894|INFO|MeridianFlipTrigger.cs|ShouldTrigger|296|Meridian Flip - (Side of Pier usage is disabled) There is still time remaining. Max remaining time 01:34:59.0651931, next instruction time 0, next instruction Category: Utilità, Item: Annotation, Text: If you edit this Startup Sequence, you need to save the Entire Sequence using the Save Complete Sequence button at the bottom of the Advanced Sequencer page below.
2026-08-15T22:04:03.2895|INFO|SequenceItem.cs|Run|208|Starting Category: Utilità, Item: Annotation, Text: If you edit this Startup Sequence, you need to save the Entire Sequence using the Save Complete Sequence button at the bottom of the Advanced Sequencer page below.
2026-08-15T22:04:03.2895|INFO|SequenceItem.cs|Run|254|Finishing Category: Utilità, Item: Annotation, Text: If you edit this Startup Sequence, you need to save the Entire Sequence using the Save Complete Sequence button at the bottom of the Advanced Sequencer page below.
2026-08-15T22:04:03.2896|INFO|MeridianFlipTrigger.cs|ShouldTrigger|296|Meridian Flip - (Side of Pier usage is disabled) There is still time remaining. Max remaining time 01:34:59.0651931, next instruction time 0, next instruction Category: Utilità, Item: Annotation, Text: Go to: OPTIONS > IMAGING > SEQUENCE and select this DOME_SAFETY_STARTUP_PA.json file as the STARTUP SEQUENCE TEMPLATE
2026-08-15T22:04:03.2896|INFO|SequenceItem.cs|Run|208|Starting Category: Utilità, Item: Annotation, Text: Go to: OPTIONS > IMAGING > SEQUENCE and select this DOME_SAFETY_STARTUP_PA.json file as the STARTUP SEQUENCE TEMPLATE
2026-08-15T22:04:03.2897|INFO|SequenceItem.cs|Run|254|Finishing Category: Utilità, Item: Annotation, Text: Go to: OPTIONS > IMAGING > SEQUENCE and select this DOME_SAFETY_STARTUP_PA.json file as the STARTUP SEQUENCE TEMPLATE
2026-08-15T22:04:03.2897|INFO|MeridianFlipTrigger.cs|ShouldTrigger|296|Meridian Flip - (Side of Pier usage is disabled) There is still time remaining. Max remaining time 01:34:59.0651931, next instruction time 0, next instruction Category: Utilità, Item: Annotation, Text:      I also find setting COLLAPSE SEQUENCE TEMPLATES BY DEFAULT to ON is quite helpful.  (On the same options page)
2026-08-15T22:04:03.2898|INFO|SequenceItem.cs|Run|208|Starting Category: Utilità, Item: Annotation, Text:      I also find setting COLLAPSE SEQUENCE TEMPLATES BY DEFAULT to ON is quite helpful.  (On the same options page)
2026-08-15T22:04:03.2898|INFO|SequenceItem.cs|Run|254|Finishing Category: Utilità, Item: Annotation, Text:      I also find setting COLLAPSE SEQUENCE TEMPLATES BY DEFAULT to ON is quite helpful.  (On the same options page)
2026-08-15T22:04:03.2900|INFO|MeridianFlipTrigger.cs|ShouldTrigger|296|Meridian Flip - (Side of Pier usage is disabled) There is still time remaining. Max remaining time 01:34:59.0651931, next instruction time 0, next instruction Category: Utilità, Item: Annotation, Text: Any modification of this sequence as a Foundational Startup Template will need to be saved using the buttons at the bottom of this Advanced Sequencer Page below.
2026-08-15T22:04:03.2900|INFO|SequenceItem.cs|Run|208|Starting Category: Utilità, Item: Annotation, Text: Any modification of this sequence as a Foundational Startup Template will need to be saved using the buttons at the bottom of this Advanced Sequencer Page below.
2026-08-15T22:04:03.2901|INFO|SequenceItem.cs|Run|254|Finishing Category: Utilità, Item: Annotation, Text: Any modification of this sequence as a Foundational Startup Template will need to be saved using the buttons at the bottom of this Advanced Sequencer Page below.
2026-08-15T22:04:03.2901|INFO|MeridianFlipTrigger.cs|ShouldTrigger|296|Meridian Flip - (Side of Pier usage is disabled) There is still time remaining. Max remaining time 01:34:59.0651931, next instruction time 0, next instruction Category: Utilità, Item: Annotation, Text: The LOOP_ALL_NIGHT Sequence is a simple Loop until Nautical Dawn. Adjust as desired. This is an outer loop.
2026-08-15T22:04:03.2902|INFO|SequenceItem.cs|Run|208|Starting Category: Utilità, Item: Annotation, Text: The LOOP_ALL_NIGHT Sequence is a simple Loop until Nautical Dawn. Adjust as desired. This is an outer loop.
2026-08-15T22:04:03.2902|INFO|SequenceItem.cs|Run|254|Finishing Category: Utilità, Item: Annotation, Text: The LOOP_ALL_NIGHT Sequence is a simple Loop until Nautical Dawn. Adjust as desired. This is an outer loop.
2026-08-15T22:04:03.2904|INFO|MeridianFlipTrigger.cs|ShouldTrigger|296|Meridian Flip - (Side of Pier usage is disabled) There is still time remaining. Max remaining time 01:34:59.0651931, next instruction time 0, next instruction Category: Utilità, Item: Annotation, Text: The SAFE_LOOP Sequence runs while the System is Safe.
2026-08-15T22:04:03.2904|INFO|SequenceItem.cs|Run|208|Starting Category: Utilità, Item: Annotation, Text: The SAFE_LOOP Sequence runs while the System is Safe.
2026-08-15T22:04:03.2905|INFO|SequenceItem.cs|Run|254|Finishing Category: Utilità, Item: Annotation, Text: The SAFE_LOOP Sequence runs while the System is Safe.
2026-08-15T22:04:03.2905|INFO|MeridianFlipTrigger.cs|ShouldTrigger|296|Meridian Flip - (Side of Pier usage is disabled) There is still time remaining. Max remaining time 01:34:59.0651931, next instruction time 0, next instruction Category: Utilità, Item: Annotation, Text: The UNSAFE Sequence runs when the System is Unsafe and only proceeds back to SAFE_LOOP when it is once again deemed Safe.
2026-08-15T22:04:03.2906|INFO|SequenceItem.cs|Run|208|Starting Category: Utilità, Item: Annotation, Text: The UNSAFE Sequence runs when the System is Unsafe and only proceeds back to SAFE_LOOP when it is once again deemed Safe.
2026-08-15T22:04:03.2906|INFO|SequenceItem.cs|Run|254|Finishing Category: Utilità, Item: Annotation, Text: The UNSAFE Sequence runs when the System is Unsafe and only proceeds back to SAFE_LOOP when it is once again deemed Safe.
2026-08-15T22:04:03.2907|INFO|MeridianFlipTrigger.cs|ShouldTrigger|296|Meridian Flip - (Side of Pier usage is disabled) There is still time remaining. Max remaining time 01:34:59.0651931, next instruction time 0, next instruction Category: Utilità, Item: Annotation, Text: ..... ALL TARGETS should be placed within individual LOOP_ALL_NIGHT > SAFE_LOOP > TARGETS_CONTAINER > TARGET # containers below.....
2026-08-15T22:04:03.2907|INFO|SequenceItem.cs|Run|208|Starting Category: Utilità, Item: Annotation, Text: ..... ALL TARGETS should be placed within individual LOOP_ALL_NIGHT > SAFE_LOOP > TARGETS_CONTAINER > TARGET # containers below.....
2026-08-15T22:04:03.2907|INFO|SequenceItem.cs|Run|254|Finishing Category: Utilità, Item: Annotation, Text: ..... ALL TARGETS should be placed within individual LOOP_ALL_NIGHT > SAFE_LOOP > TARGETS_CONTAINER > TARGET # containers below.....
2026-08-15T22:04:03.2908|INFO|MeridianFlipTrigger.cs|ShouldTrigger|296|Meridian Flip - (Side of Pier usage is disabled) There is still time remaining. Max remaining time 01:34:59.0651931, next instruction time 0, next instruction Category: Utilità, Item: Annotation, Text: Each TARGET # Container should have a looping condition that is identical to the included target sequence.
2026-08-15T22:04:03.2909|INFO|SequenceItem.cs|Run|208|Starting Category: Utilità, Item: Annotation, Text: Each TARGET # Container should have a looping condition that is identical to the included target sequence.
2026-08-15T22:04:03.2910|INFO|SequenceItem.cs|Run|254|Finishing Category: Utilità, Item: Annotation, Text: Each TARGET # Container should have a looping condition that is identical to the included target sequence.
2026-08-15T22:04:03.2910|INFO|SequenceItem.cs|Run|254|Finishing Category: * Set di Istruzioni *, Container: NINA.Sequencer.Container.SequentialContainer, Strategy: SequentialStrategy, Items[FINISHED]: 10
2026-08-15T22:04:03.2916|INFO|MeridianFlipTrigger.cs|ShouldTrigger|296|Meridian Flip - (Side of Pier usage is disabled) There is still time remaining. Max remaining time 01:34:59.0651931, next instruction time 0, next instruction Category: * Set di Istruzioni *, Container: NINA.Sequencer.Container.SequentialContainer, Strategy: SequentialStrategy, Items[CREATED]: 2, Conditions: Condition: TimeCondition, Time: 5:14:27h, 
2026-08-15T22:04:03.2917|INFO|SequenceItem.cs|Run|208|Starting Category: * Set di Istruzioni *, Container: NINA.Sequencer.Container.SequentialContainer, Strategy: SequentialStrategy, Items[CREATED]: 2, Conditions: Condition: TimeCondition, Time: 5:14:27h, 
2026-08-15T22:04:03.2953|INFO|MeridianFlipTrigger.cs|ShouldTrigger|296|Meridian Flip - (Side of Pier usage is disabled) There is still time remaining. Max remaining time 01:34:59.0651931, next instruction time 0, next instruction Category: * Set di Istruzioni *, Container: NINA.Sequencer.Container.SequentialContainer, Strategy: SequentialStrategy, Items[CREATED]: 5, Conditions: Condition: SafetyMonitorCondition, 
2026-08-15T22:04:03.2956|INFO|SequenceItem.cs|Run|208|Starting Category: * Set di Istruzioni *, Container: NINA.Sequencer.Container.SequentialContainer, Strategy: SequentialStrategy, Items[CREATED]: 5, Conditions: Condition: SafetyMonitorCondition, 
2026-08-15T22:04:03.2964|INFO|MeridianFlipTrigger.cs|ShouldTrigger|296|Meridian Flip - (Side of Pier usage is disabled) There is still time remaining. Max remaining time 01:34:59.0651931, next instruction time 0, next instruction Category: * Set di Istruzioni *, Container: NINA.Sequencer.Container.SequentialContainer, Strategy: SequentialStrategy, Items[CREATED]: 7
2026-08-15T22:04:03.2965|INFO|SequenceItem.cs|Run|208|Starting Category: * Set di Istruzioni *, Container: NINA.Sequencer.Container.SequentialContainer, Strategy: SequentialStrategy, Items[CREATED]: 7
2026-08-15T22:04:03.2967|INFO|MeridianFlipTrigger.cs|ShouldTrigger|296|Meridian Flip - (Side of Pier usage is disabled) There is still time remaining. Max remaining time 01:34:59.0651931, next instruction time 0, next instruction Category: Utilità, Item: Annotation, Text: This brief sequence of instructions is required after returning to a Safe condifition from an Unsafe one. It will not negatively affect anything on its initial execution.
2026-08-15T22:04:03.2967|INFO|SequenceItem.cs|Run|208|Starting Category: Utilità, Item: Annotation, Text: This brief sequence of instructions is required after returning to a Safe condifition from an Unsafe one. It will not negatively affect anything on its initial execution.
2026-08-15T22:04:03.2967|INFO|SequenceItem.cs|Run|254|Finishing Category: Utilità, Item: Annotation, Text: This brief sequence of instructions is required after returning to a Safe condifition from an Unsafe one. It will not negatively affect anything on its initial execution.
2026-08-15T22:04:03.2968|INFO|MeridianFlipTrigger.cs|ShouldTrigger|296|Meridian Flip - (Side of Pier usage is disabled) There is still time remaining. Max remaining time 01:34:59.0651931, next instruction time 0, next instruction Category: Utilità, Item: Annotation, Text: The 5 minute wait here can be adjusted as desired. It is here to show 5 minutes of Safety prior to resetting the equipment.
2026-08-15T22:04:03.2969|INFO|SequenceItem.cs|Run|208|Starting Category: Utilità, Item: Annotation, Text: The 5 minute wait here can be adjusted as desired. It is here to show 5 minutes of Safety prior to resetting the equipment.
2026-08-15T22:04:03.2969|INFO|SequenceItem.cs|Run|254|Finishing Category: Utilità, Item: Annotation, Text: The 5 minute wait here can be adjusted as desired. It is here to show 5 minutes of Safety prior to resetting the equipment.
2026-08-15T22:04:03.2971|INFO|MeridianFlipTrigger.cs|ShouldTrigger|296|Meridian Flip - (Side of Pier usage is disabled) There is still time remaining. Max remaining time 01:34:59.0651931, next instruction time 300, next instruction Category: Utilità, Item: WaitForTimeSpan, Time: 300s
2026-08-15T22:04:03.2971|INFO|SequenceItem.cs|Run|208|Starting Category: Utilità, Item: WaitForTimeSpan, Time: 300s
2026-08-15T22:09:04.2087|INFO|SequenceItem.cs|Run|254|Finishing Category: Utilità, Item: WaitForTimeSpan, Time: 300s
2026-08-15T22:09:04.2093|INFO|MeridianFlipTrigger.cs|ShouldTrigger|296|Meridian Flip - (Side of Pier usage is disabled) There is still time remaining. Max remaining time 01:29:57.8598815, next instruction time 0, next instruction Category: Osservatorio, Item: OpenDomeShutter
2026-08-15T22:09:04.2094|INFO|SequenceItem.cs|Run|208|Starting Category: Osservatorio, Item: OpenDomeShutter
2026-08-15T22:09:04.2096|INFO|SequenceItem.cs|Run|254|Finishing Category: Osservatorio, Item: OpenDomeShutter
2026-08-15T22:09:04.2097|INFO|MeridianFlipTrigger.cs|ShouldTrigger|296|Meridian Flip - (Side of Pier usage is disabled) There is still time remaining. Max remaining time 01:29:57.8598815, next instruction time 0, next instruction Category: Telescopio, Item: UnparkScope
2026-08-15T22:09:04.2098|INFO|SequenceItem.cs|Run|208|Starting Category: Telescopio, Item: UnparkScope
2026-08-15T22:09:04.2099|INFO|TelescopeVM.cs|UnparkTelescope|232|Mount ordered to unpark
2026-08-15T22:09:04.2159|INFO|TelescopeVM.cs|UnparkTelescope|277|Mount is already unparked
2026-08-15T22:09:04.2160|INFO|TelescopeVM.cs|UnparkTelescope|282|Mount has unparked
2026-08-15T22:09:04.2160|INFO|SequenceItem.cs|Run|254|Finishing Category: Telescopio, Item: UnparkScope
2026-08-15T22:09:04.2164|INFO|MeridianFlipTrigger.cs|ShouldTrigger|296|Meridian Flip - (Side of Pier usage is disabled) There is still time remaining. Max remaining time 01:29:57.8598815, next instruction time 0, next instruction Category: Apparato per i Flat, Item: OpenCover
2026-08-15T22:09:04.2165|INFO|SequenceItem.cs|Run|208|Starting Category: Apparato per i Flat, Item: OpenCover
2026-08-15T22:09:04.2208|INFO|SequenceItem.cs|Run|254|Finishing Category: Apparato per i Flat, Item: OpenCover
2026-08-15T22:09:04.2211|INFO|MeridianFlipTrigger.cs|ShouldTrigger|296|Meridian Flip - (Side of Pier usage is disabled) There is still time remaining. Max remaining time 01:29:57.8598815, next instruction time 0, next instruction Category: Telescopio, Item: SetTracking, TrackingMode: Sidereal
2026-08-15T22:09:04.2212|INFO|SequenceItem.cs|Run|208|Starting Category: Telescopio, Item: SetTracking, TrackingMode: Sidereal
2026-08-15T22:09:04.2438|INFO|SequenceItem.cs|Run|254|Finishing Category: Telescopio, Item: SetTracking, TrackingMode: Sidereal
2026-08-15T22:09:04.2443|INFO|SequenceItem.cs|Run|254|Finishing Category: * Set di Istruzioni *, Container: NINA.Sequencer.Container.SequentialContainer, Strategy: SequentialStrategy, Items[FINISHED]: 7
2026-08-15T22:09:04.2446|INFO|MeridianFlipTrigger.cs|ShouldTrigger|296|Meridian Flip - (Side of Pier usage is disabled) There is still time remaining. Max remaining time 01:29:57.8598815, next instruction time 0, next instruction Category: * Set di Istruzioni *, Container: NINA.Sequencer.Container.SequentialContainer, Strategy: SequentialStrategy, Items[CREATED]: 2
2026-08-15T22:09:04.2447|INFO|SequenceItem.cs|Run|208|Starting Category: * Set di Istruzioni *, Container: NINA.Sequencer.Container.SequentialContainer, Strategy: SequentialStrategy, Items[CREATED]: 2
2026-08-15T22:09:04.2450|INFO|MeridianFlipTrigger.cs|ShouldTrigger|296|Meridian Flip - (Side of Pier usage is disabled) There is still time remaining. Max remaining time 01:29:57.8598815, next instruction time 0, next instruction Category: Utilità, Item: Annotation, Text: BE SURE TO MATCH EACH TARGET CONTAINER LOOP CONDITION TO THE NESTED TARGET SEQUENCE LOOP CONDITION
2026-08-15T22:09:04.2450|INFO|SequenceItem.cs|Run|208|Starting Category: Utilità, Item: Annotation, Text: BE SURE TO MATCH EACH TARGET CONTAINER LOOP CONDITION TO THE NESTED TARGET SEQUENCE LOOP CONDITION
2026-08-15T22:09:04.2451|INFO|SequenceItem.cs|Run|254|Finishing Category: Utilità, Item: Annotation, Text: BE SURE TO MATCH EACH TARGET CONTAINER LOOP CONDITION TO THE NESTED TARGET SEQUENCE LOOP CONDITION
2026-08-15T22:09:04.2452|INFO|MeridianFlipTrigger.cs|ShouldTrigger|296|Meridian Flip - (Side of Pier usage is disabled) There is still time remaining. Max remaining time 01:29:57.8598815, next instruction time 0, next instruction Category: * Set di Istruzioni *, Container: NINA.Sequencer.Container.SequentialContainer, Strategy: SequentialStrategy, Items[CREATED]: 3, Conditions: Condition: TimeCondition, Time: 5:14:27h, 
2026-08-15T22:09:04.2453|INFO|SequenceItem.cs|Run|208|Starting Category: * Set di Istruzioni *, Container: NINA.Sequencer.Container.SequentialContainer, Strategy: SequentialStrategy, Items[CREATED]: 3, Conditions: Condition: TimeCondition, Time: 5:14:27h, 
2026-08-15T22:09:04.2456|INFO|MeridianFlipTrigger.cs|ShouldTrigger|296|Meridian Flip - (Side of Pier usage is disabled) There is still time remaining. Max remaining time 01:29:57.8598815, next instruction time 0, next instruction Category: Utilità, Item: Annotation, Text: PLACE YOUR ...FIRST... TARGET SEQUENCE OF THE NIGHT ...BELOW... THIS LINE
2026-08-15T22:09:04.2456|INFO|SequenceItem.cs|Run|208|Starting Category: Utilità, Item: Annotation, Text: PLACE YOUR ...FIRST... TARGET SEQUENCE OF THE NIGHT ...BELOW... THIS LINE
2026-08-15T22:09:04.2457|INFO|SequenceItem.cs|Run|254|Finishing Category: Utilità, Item: Annotation, Text: PLACE YOUR ...FIRST... TARGET SEQUENCE OF THE NIGHT ...BELOW... THIS LINE
2026-08-15T22:09:04.2458|INFO|MeridianFlipTrigger.cs|ShouldTrigger|296|Meridian Flip - (Side of Pier usage is disabled) There is still time remaining. Max remaining time 01:29:57.8598815, next instruction time 0, next instruction Category: Utilità, Item: Annotation, Text: PLACE YOUR ...FIRST... TARGET SEQUENCE OF THE NIGHT ...ABOVE... THIS LINE
2026-08-15T22:09:04.2458|INFO|SequenceItem.cs|Run|208|Starting Category: Utilità, Item: Annotation, Text: PLACE YOUR ...FIRST... TARGET SEQUENCE OF THE NIGHT ...ABOVE... THIS LINE
2026-08-15T22:09:04.2458|INFO|SequenceItem.cs|Run|254|Finishing Category: Utilità, Item: Annotation, Text: PLACE YOUR ...FIRST... TARGET SEQUENCE OF THE NIGHT ...ABOVE... THIS LINE
2026-08-15T22:09:04.2468|INFO|MeridianFlipTrigger.cs|ShouldTrigger|296|Meridian Flip - (Side of Pier usage is disabled) There is still time remaining. Max remaining time 01:29:57.8598815, next instruction time 0, next instruction Category: * Set di Istruzioni *, Container: NINA.Sequencer.Container.DeepSkyObjectContainer, Strategy: SequentialStrategy, Items[CREATED]: 6, Triggers: Trigger: CenterAfterDriftTrigger, DistanceArcMinutes: 3, Target: M 27 RA: 19:59:36; Dec: 22° 43' 16"; Epoch: J2000 0
2026-08-15T22:09:04.2472|INFO|SequenceItem.cs|Run|208|Starting Category: * Set di Istruzioni *, Container: NINA.Sequencer.Container.DeepSkyObjectContainer, Strategy: SequentialStrategy, Items[CREATED]: 6, Triggers: Trigger: CenterAfterDriftTrigger, DistanceArcMinutes: 3, Target: M 27 RA: 19:59:36; Dec: 22° 43' 16"; Epoch: J2000 0
2026-08-15T22:09:04.2563|INFO|MeridianFlipTrigger.cs|ShouldTrigger|296|Meridian Flip - (Side of Pier usage is disabled) There is still time remaining. Max remaining time 01:29:57.8598815, next instruction time 0, next instruction Category: Telescopio, Item: Center, Coordinates RA: 19:59:36; Dec: 22° 43' 16"; Epoch: J2000
2026-08-15T22:09:04.2566|INFO|SequenceItem.cs|Run|208|Starting Category: Telescopio, Item: Center, Coordinates RA: 19:59:36; Dec: 22° 43' 16"; Epoch: J2000
2026-08-15T22:09:04.5484|INFO|PHD2Guider.cs|StopGuiding|704|Phd2 - Stop Guiding skipped, as the app is already in state Stopped
2026-08-15T22:09:04.7259|INFO|TelescopeVM.cs|SlewAsyncInternal|910|Slewing from RA: 20:04:15; Dec: 39° 19' 39"; Epoch: JNOW to RA: 20:00:47; Dec: 22° 47' 47"; Epoch: JNOW - Alt: 63° 04' 03"; Az: 129° 58' 45"
2026-08-15T22:09:24.0850|INFO|FilterWheelVM.cs|ChangeFilter|112|Moving to Filter L-Pro at Position 0
2026-08-15T22:09:41.5841|INFO|CameraVM.cs|Capture|742|Starting Exposure - Exposure Time: 15s; Filter: L-Pro; Gain: 15; Offset 132; Binning: 1x1;
2026-08-15T22:10:00.8337|WARNING|DeviceUpdateTimer.cs|Run|115|Camera value update cycle took longer than the device poll interval (Total: 4.09s > 2s; Poll: 00:00:04.0894932; Update: 00:00:00.0001343)
2026-08-15T22:10:01.9163|INFO|ImageSolver.cs|Solve|41|Platesolving with parameters: FocalLength: 1260 PixelSize: 4.54 SearchRadius: 30 BlindFailoverEnabled: True Regions: 5000 DownSampleFactor: 2 MaxObjects: 500 Reference Coordinates RA: 19:59:36 Dec: 22° 43' 16" Epoch: J2000
2026-08-15T22:10:02.2085|INFO|BaseImageData.cs|SaveToDisk|346|Saved image to C:\Users\PrimaLuceLab\AppData\Local\NINA\PlateSolver\ljt5yoxo.0zp.fits
2026-08-15T22:10:03.8002|INFO|ImageSolver.cs|Solve|54|Platesolve successful: Coordinates: RA: 20:02:31; Dec: 22° 40' 31"; Epoch: J2000 - Position Angle: 268.85163384484076
2026-08-15T22:10:03.8167|INFO|CenteringSolver.cs|Center|99|Centering Solver - Scope Position: RA: 20:00:47; Dec: 22° 47' 47"; Epoch: JNOW; Offset: RA: 00:00:00; Dec: 00° 00' 00"; Distance: 00° 00' 00"; Bearing: 00° 00' 00"; Centering Coordinates: RA: 20:00:47; Dec: 22° 47' 47"; Epoch: JNOW; Solved: RA: 20:03:41; Dec: 22° 45' 07"; Epoch: JNOW; Separation RA: -00:02:54; Dec: 00° 02' 40"; Distance: 00° 40' 17"; Bearing: -93° 39' 13"; Threshold: 1
2026-08-15T22:10:04.0866|INFO|TelescopeVM.cs|Sync|777|Syncing scope from RA: 20:00:47; Dec: 22° 47' 47"; Epoch: JNOW to RA: 20:03:41; Dec: 22° 45' 07"; Epoch: JNOW
2026-08-15T22:10:09.0880|INFO|CenteringSolver.cs|Center|132|Slewing to target after sync. Current Position: RA: 20:03:41; Dec: 22° 45' 07"; Epoch: JNOW; Target coordinates: RA: 20:00:47; Dec: 22° 47' 47"; Epoch: JNOW; Offset RA: 00:00:00; Dec: 00° 00' 00"; Distance: 00° 00' 00"; Bearing: 00° 00' 00"
2026-08-15T22:10:09.0894|INFO|TelescopeVM.cs|SlewAsyncInternal|910|Slewing from RA: 20:03:41; Dec: 22° 45' 07"; Epoch: JNOW to RA: 20:00:47; Dec: 22° 47' 47"; Epoch: JNOW - Alt: 63° 13' 09"; Az: 130° 24' 53"
2026-08-15T22:10:23.4000|INFO|CameraVM.cs|Capture|742|Starting Exposure - Exposure Time: 15s; Filter: L-Pro; Gain: 15; Offset 132; Binning: 1x1;
2026-08-15T22:10:43.7685|INFO|ImageSolver.cs|Solve|41|Platesolving with parameters: FocalLength: 1260 PixelSize: 4.54 SearchRadius: 30 BlindFailoverEnabled: True Regions: 5000 DownSampleFactor: 2 MaxObjects: 500 Reference Coordinates RA: 19:59:36 Dec: 22° 43' 16" Epoch: J2000
2026-08-15T22:10:44.0539|INFO|BaseImageData.cs|SaveToDisk|346|Saved image to C:\Users\PrimaLuceLab\AppData\Local\NINA\PlateSolver\qmemvpwl.gax.fits
2026-08-15T22:10:45.6096|INFO|ImageSolver.cs|Solve|54|Platesolve successful: Coordinates: RA: 19:59:36; Dec: 22° 43' 22"; Epoch: J2000 - Position Angle: 268.85526626869046
2026-08-15T22:10:45.6129|INFO|CenteringSolver.cs|Center|99|Centering Solver - Scope Position: RA: 20:00:47; Dec: 22° 47' 47"; Epoch: JNOW; Offset: RA: 00:00:00; Dec: 00° 00' 00"; Distance: 00° 00' 00"; Bearing: 00° 00' 00"; Centering Coordinates: RA: 20:00:47; Dec: 22° 47' 47"; Epoch: JNOW; Solved: RA: 20:00:47; Dec: 22° 47' 52"; Epoch: JNOW; Separation RA: 00:00:00; Dec: -00° 00' 06"; Distance: 00° 00' 06"; Bearing: 18° 39' 15"; Threshold: 1
2026-08-15T22:10:45.6137|INFO|CenteringSolver.cs|Center|165|Restoring filter to Red after centering
2026-08-15T22:10:45.7245|INFO|FilterWheelVM.cs|ChangeFilter|112|Moving to Filter Red at Position 2
2026-08-15T22:10:52.1121|INFO|SequenceItem.cs|Run|254|Finishing Category: Telescopio, Item: Center, Coordinates RA: 19:59:36; Dec: 22° 43' 16"; Epoch: J2000
2026-08-15T22:10:52.1131|INFO|MeridianFlipTrigger.cs|ShouldTrigger|296|Meridian Flip - (Side of Pier usage is disabled) There is still time remaining. Max remaining time 01:24:41.9745919, next instruction time 0, next instruction Category: Guida, Item: StartGuiding
2026-08-15T22:10:52.1134|INFO|SequenceItem.cs|Run|208|Starting Category: Guida, Item: StartGuiding
2026-08-15T22:10:52.2038|INFO|PHD2Guider.cs|TryStartGuideCommand|641|Phd2 - Requesting to start guiding. Recalibrate: False
2026-08-15T22:11:52.5565|INFO|SequenceItem.cs|Run|254|Finishing Category: Guida, Item: StartGuiding
2026-08-15T22:11:52.5691|INFO|MeridianFlipTrigger.cs|ShouldTrigger|296|Meridian Flip - (Side of Pier usage is disabled) There is still time remaining. Max remaining time 01:23:41.1486777, next instruction time 300, next instruction Category: Utilità, Item: WaitForTimeSpan, Time: 300s
2026-08-15T22:11:52.5692|INFO|SequenceItem.cs|Run|208|Starting Category: Utilità, Item: WaitForTimeSpan, Time: 300s
2026-08-15T22:16:55.9889|INFO|SequenceItem.cs|Run|254|Finishing Category: Utilità, Item: WaitForTimeSpan, Time: 300s
2026-08-15T22:16:55.9908|INFO|MeridianFlipTrigger.cs|ShouldTrigger|296|Meridian Flip - (Side of Pier usage is disabled) There is still time remaining. Max remaining time 01:18:37.2657917, next instruction time 600, next instruction Category: Fotocamera, Container: NINA.Sequencer.SequenceItem.Imaging.SmartExposure, Strategy: SequentialStrategy, Items[CREATED]: 2, Conditions: Condition: LoopCondition, Iterations: 0/12, , Triggers: Trigger: DitherAfterExposures, After Exposures: 1
2026-08-15T22:16:55.9912|INFO|SequenceItem.cs|Run|208|Starting Category: Fotocamera, Container: NINA.Sequencer.SequenceItem.Imaging.SmartExposure, Strategy: SequentialStrategy, Items[CREATED]: 2, Conditions: Condition: LoopCondition, Iterations: 0/12, , Triggers: Trigger: DitherAfterExposures, After Exposures: 1
2026-08-15T22:16:55.9932|INFO|MeridianFlipTrigger.cs|ShouldTrigger|296|Meridian Flip - (Side of Pier usage is disabled) There is still time remaining. Max remaining time 01:18:37.2657917, next instruction time 0, next instruction Category: Ruota porta filtri, Item: SwitchFilter, Filter: Red
2026-08-15T22:16:55.9933|INFO|SequenceItem.cs|Run|208|Starting Category: Ruota porta filtri, Item: SwitchFilter, Filter: Red
2026-08-15T22:16:56.2115|INFO|SequenceItem.cs|Run|254|Finishing Category: Ruota porta filtri, Item: SwitchFilter, Filter: Red
2026-08-15T22:16:56.2749|INFO|MeridianFlipTrigger.cs|ShouldTrigger|296|Meridian Flip - (Side of Pier usage is disabled) There is still time remaining. Max remaining time 01:18:37.2657917, next instruction time 600, next instruction Category: Fotocamera, Item: TakeExposure, ExposureTime 600, Gain 15, Offset 132, ImageType LIGHT, Binning 1x1
2026-08-15T22:16:56.2781|INFO|SequenceTrigger.cs|Run|114|Starting Trigger: RestoreGuiding
2026-08-15T22:16:56.2808|INFO|SequenceItem.cs|Run|208|Starting Category: * Set di Istruzioni *, Container: NINA.Sequencer.Container.SequentialContainer, Strategy: SequentialStrategy, Items[CREATED]: 1
2026-08-15T22:16:56.2812|INFO|SequenceItem.cs|Run|208|Starting Category: Guida, Item: StartGuiding
2026-08-15T22:16:56.3116|INFO|PHD2Guider.cs|StartGuidingPrivate|504|Phd2 - App is already guiding. Skipping start guiding
2026-08-15T22:16:56.3117|INFO|SequenceItem.cs|Run|254|Finishing Category: Guida, Item: StartGuiding
2026-08-15T22:16:56.3119|INFO|SequenceItem.cs|Run|254|Finishing Category: * Set di Istruzioni *, Container: NINA.Sequencer.Container.SequentialContainer, Strategy: SequentialStrategy, Items[FINISHED]: 1
2026-08-15T22:16:56.3617|INFO|SequenceTrigger.cs|Run|114|Starting Trigger: AutofocusAfterFilterChange
2026-08-15T22:16:56.3626|INFO|SequenceItem.cs|Run|208|Starting Category: * Set di Istruzioni *, Container: NINA.Sequencer.Container.SequentialContainer, Strategy: SequentialStrategy, Items[CREATED]: 1
2026-08-15T22:16:56.3628|INFO|SequenceItem.cs|Run|208|Starting Category: Focheggiatore, Item: RunAutofocus
2026-08-15T22:16:56.5767|INFO|FocuserMediator.cs|BroadcastAutoFocusRunStarting|92|Autofocus starting notification received
2026-08-15T22:16:57.7508|INFO|AutoFocusEngine.cs|RunAutoFocus|929|Starting AutoFocus with initial position 39364
2026-08-15T22:16:57.8741|INFO|CameraVM.cs|Capture|742|Starting Exposure - Exposure Time: 10s; Filter: Red; Gain: 15; Offset 132; Binning: 2x2;
2026-08-15T22:17:09.2066|INFO|AutoFocusEngine.cs|StartBlindFocusPoints|769|Waiting on initial HFR analysis
2026-08-15T22:17:09.2071|INFO|FocuserVM.cs|MoveFocuserInternal|216|Moving Focuser to position 40164
2026-08-15T22:17:11.0530|INFO|HocusFocusStarDetection.cs|Detect|413|Average HFR: 1.7185937957393846, HFR MAD: 0.14117009557482052, Detected Stars 152, Region: 0
2026-08-15T22:17:17.9091|INFO|CameraVM.cs|Capture|742|Starting Exposure - Exposure Time: 10s; Filter: Red; Gain: 15; Offset 132; Binning: 2x2;
2026-08-15T22:17:29.2330|INFO|FocuserVM.cs|MoveFocuserInternal|216|Moving Focuser to position 39964
2026-08-15T22:17:30.1906|INFO|HocusFocusStarDetection.cs|Detect|413|Average HFR: 2.7107634671349086, HFR MAD: 0.20111497302784187, Detected Stars 157, Region: 0
2026-08-15T22:17:34.5370|INFO|CameraVM.cs|Capture|742|Starting Exposure - Exposure Time: 10s; Filter: Red; Gain: 15; Offset 132; Binning: 2x2;
2026-08-15T22:17:45.8541|INFO|FocuserVM.cs|MoveFocuserInternal|216|Moving Focuser to position 39764
2026-08-15T22:17:46.7530|INFO|HocusFocusStarDetection.cs|Detect|413|Average HFR: 2.686308887996555, HFR MAD: 0.2253940901237086, Detected Stars 153, Region: 0
2026-08-15T22:17:51.8817|INFO|CameraVM.cs|Capture|742|Starting Exposure - Exposure Time: 10s; Filter: Red; Gain: 15; Offset 132; Binning: 2x2;
2026-08-15T22:18:03.2098|INFO|FocuserVM.cs|MoveFocuserInternal|216|Moving Focuser to position 39564
2026-08-15T22:18:03.9766|INFO|HocusFocusStarDetection.cs|Detect|413|Average HFR: 2.7011815201473466, HFR MAD: 0.23138725414764805, Detected Stars 151, Region: 0
2026-08-15T22:18:08.5220|INFO|CameraVM.cs|Capture|742|Starting Exposure - Exposure Time: 10s; Filter: Red; Gain: 15; Offset 132; Binning: 2x2;
2026-08-15T22:18:19.8381|INFO|AutoFocusEngine.cs|StartBlindFocusPoints|797|Waiting on initial focuser move analyses
2026-08-15T22:18:20.6500|INFO|HocusFocusStarDetection.cs|Detect|413|Average HFR: 2.4727149711467007, HFR MAD: 0.22833264815090581, Detected Stars 170, Region: 0
2026-08-15T22:18:20.7096|INFO|FocuserVM.cs|MoveFocuserInternal|216|Moving Focuser to position 39364
2026-08-15T22:18:25.9856|INFO|CameraVM.cs|Capture|742|Starting Exposure - Exposure Time: 10s; Filter: Red; Gain: 15; Offset 132; Binning: 2x2;
2026-08-15T22:18:37.3011|INFO|AutoFocusEngine.cs|StartBlindFocusPoints|870|Waiting on next left movement analysis
2026-08-15T22:18:38.1130|INFO|HocusFocusStarDetection.cs|Detect|413|Average HFR: 2.070688985303031, HFR MAD: 0.18950082663618728, Detected Stars 186, Region: 0
2026-08-15T22:18:38.1479|INFO|FocuserVM.cs|MoveFocuserInternal|216|Moving Focuser to position 39164
2026-08-15T22:18:43.8921|INFO|CameraVM.cs|Capture|742|Starting Exposure - Exposure Time: 10s; Filter: Red; Gain: 15; Offset 132; Binning: 2x2;
2026-08-15T22:18:55.2103|INFO|AutoFocusEngine.cs|StartBlindFocusPoints|870|Waiting on next left movement analysis
2026-08-15T22:18:56.0509|INFO|HocusFocusStarDetection.cs|Detect|413|Average HFR: 1.8455328091223029, HFR MAD: 0.1749137079758316, Detected Stars 191, Region: 0
2026-08-15T22:18:56.0995|INFO|FocuserVM.cs|MoveFocuserInternal|216|Moving Focuser to position 38964
2026-08-15T22:19:01.9210|INFO|CameraVM.cs|Capture|742|Starting Exposure - Exposure Time: 10s; Filter: Red; Gain: 15; Offset 132; Binning: 2x2;
2026-08-15T22:19:13.2393|INFO|AutoFocusEngine.cs|StartBlindFocusPoints|870|Waiting on next left movement analysis
2026-08-15T22:19:14.0659|INFO|HocusFocusStarDetection.cs|Detect|413|Average HFR: 1.7312741964792924, HFR MAD: 0.11277197994624477, Detected Stars 143, Region: 0
2026-08-15T22:19:14.1368|INFO|FocuserVM.cs|MoveFocuserInternal|216|Moving Focuser to position 38764
2026-08-15T22:19:19.9210|INFO|CameraVM.cs|Capture|742|Starting Exposure - Exposure Time: 10s; Filter: Red; Gain: 15; Offset 132; Binning: 2x2;
2026-08-15T22:19:31.2378|INFO|AutoFocusEngine.cs|StartBlindFocusPoints|870|Waiting on next left movement analysis
2026-08-15T22:19:32.0172|INFO|HocusFocusStarDetection.cs|Detect|413|Average HFR: 1.6282890098212692, HFR MAD: 0.08133781695530828, Detected Stars 97, Region: 0
2026-08-15T22:19:32.0467|INFO|FocuserVM.cs|MoveFocuserInternal|216|Moving Focuser to position 38564
2026-08-15T22:19:37.8685|INFO|CameraVM.cs|Capture|742|Starting Exposure - Exposure Time: 10s; Filter: Red; Gain: 15; Offset 132; Binning: 2x2;
2026-08-15T22:19:49.1848|INFO|AutoFocusEngine.cs|StartBlindFocusPoints|870|Waiting on next left movement analysis
2026-08-15T22:19:50.0814|INFO|HocusFocusStarDetection.cs|Detect|413|Average HFR: 1.6066872221704502, HFR MAD: 0.07326667120673469, Detected Stars 74, Region: 0
2026-08-15T22:19:50.3312|INFO|FocuserVM.cs|MoveFocuserInternal|216|Moving Focuser to position 38364
2026-08-15T22:19:55.8938|INFO|CameraVM.cs|Capture|742|Starting Exposure - Exposure Time: 10s; Filter: Red; Gain: 15; Offset 132; Binning: 2x2;
2026-08-15T22:20:07.2171|INFO|AutoFocusEngine.cs|StartBlindFocusPoints|870|Waiting on next left movement analysis
2026-08-15T22:20:08.0564|INFO|HocusFocusStarDetection.cs|Detect|413|Average HFR: 1.6010678860515593, HFR MAD: 0.04890536180393035, Detected Stars 59, Region: 0
2026-08-15T22:20:08.0883|INFO|FocuserVM.cs|MoveFocuserInternal|216|Moving Focuser to position 38164
2026-08-15T22:20:13.8744|INFO|CameraVM.cs|Capture|742|Starting Exposure - Exposure Time: 10s; Filter: Red; Gain: 15; Offset 132; Binning: 2x2;
2026-08-15T22:20:25.2550|INFO|AutoFocusEngine.cs|StartBlindFocusPoints|870|Waiting on next left movement analysis
2026-08-15T22:20:26.0557|INFO|HocusFocusStarDetection.cs|Detect|413|Average HFR: 1.6126595406953848, HFR MAD: 0.06848628569439574, Detected Stars 84, Region: 0
2026-08-15T22:20:26.1214|INFO|FocuserVM.cs|MoveFocuserInternal|216|Moving Focuser to position 37964
2026-08-15T22:20:31.8635|INFO|CameraVM.cs|Capture|742|Starting Exposure - Exposure Time: 10s; Filter: Red; Gain: 15; Offset 132; Binning: 2x2;
2026-08-15T22:20:43.1800|INFO|AutoFocusEngine.cs|StartBlindFocusPoints|870|Waiting on next left movement analysis
2026-08-15T22:20:44.0515|INFO|HocusFocusStarDetection.cs|Detect|413|Average HFR: 1.6569240610026004, HFR MAD: 0.07430227723797156, Detected Stars 148, Region: 0
2026-08-15T22:20:44.1218|INFO|FocuserVM.cs|MoveFocuserInternal|216|Moving Focuser to position 37764
2026-08-15T22:20:49.9345|INFO|CameraVM.cs|Capture|742|Starting Exposure - Exposure Time: 10s; Filter: Red; Gain: 15; Offset 132; Binning: 2x2;
2026-08-15T22:21:01.2535|INFO|AutoFocusEngine.cs|StartBlindFocusPoints|870|Waiting on next left movement analysis
2026-08-15T22:21:01.9995|INFO|HocusFocusStarDetection.cs|Detect|413|Average HFR: 1.9032038032388037, HFR MAD: 0.11850632665938643, Detected Stars 188, Region: 0
2026-08-15T22:21:02.0878|INFO|AutoFocusEngine.cs|StartBlindFocusPoints|841|Enough right trend points (7) with an established minimum (38364) to queue remaining left focus points down to 37564
2026-08-15T22:21:02.0882|INFO|FocuserVM.cs|MoveFocuserInternal|216|Moving Focuser to position 37564
2026-08-15T22:21:07.8957|INFO|CameraVM.cs|Capture|742|Starting Exposure - Exposure Time: 10s; Filter: Red; Gain: 15; Offset 132; Binning: 2x2;
2026-08-15T22:21:19.2135|INFO|AutoFocusEngine.cs|StartBlindFocusPoints|896|Waiting on remaining AutoFocus analysis tasks
2026-08-15T22:21:20.0236|INFO|HocusFocusStarDetection.cs|Detect|413|Average HFR: 2.0127852821853995, HFR MAD: 0.17279508563099188, Detected Stars 205, Region: 0
2026-08-15T22:21:20.0822|INFO|FocuserVM.cs|MoveFocuserInternal|216|Moving Focuser to position 38415
2026-08-15T22:21:29.7643|INFO|AutoFocusEngine.cs|ValidateCalculatedFocusPosition|1141|Validating HFR at final focus position 38415
2026-08-15T22:21:29.8844|INFO|CameraVM.cs|Capture|742|Starting Exposure - Exposure Time: 10s; Filter: Red; Gain: 15; Offset 132; Binning: 2x2;
2026-08-15T22:21:41.9605|INFO|HocusFocusStarDetection.cs|Detect|413|Average HFR: 1.9258094539686836, HFR MAD: 0.1362394132074276, Detected Stars 192, Region: 0
2026-08-15T22:21:41.9831|INFO|HocusFocusVM.cs|AutoFocusEngine_Completed|473|AutoFocus completed with focuser starting at 39364 and ending at 38415
2026-08-15T22:21:41.9874|INFO|FocuserMediator.cs|BroadcastSuccessfulAutoFocusRun|46|Autofocus notification received - Temperature 26.25
2026-08-15T22:21:42.1479|INFO|AutoFocusEngine.cs|PerformPostAutoFocusActions|1022|Re-enabling temperature compensation after AutoFocus
2026-08-15T22:21:42.2173|INFO|PHD2Guider.cs|TryStartGuideCommand|641|Phd2 - Requesting to start guiding. Recalibrate: False
2026-08-15T22:22:19.1300|INFO|SequenceItem.cs|Run|254|Finishing Category: Focheggiatore, Item: RunAutofocus
2026-08-15T22:22:19.1303|INFO|SequenceItem.cs|Run|254|Finishing Category: * Set di Istruzioni *, Container: NINA.Sequencer.Container.SequentialContainer, Strategy: SequentialStrategy, Items[FINISHED]: 1
2026-08-15T22:22:19.1643|INFO|SequenceItem.cs|Run|208|Starting Category: Fotocamera, Item: TakeExposure, ExposureTime 600, Gain 15, Offset 132, ImageType LIGHT, Binning 1x1
2026-08-15T22:22:19.2521|INFO|CameraVM.cs|Capture|742|Starting Exposure - Exposure Time: 600s; Filter: ; Gain: 15; Offset 132; Binning: 1x1;
2026-08-15T22:32:25.4597|WARNING|DeviceUpdateTimer.cs|Run|115|Camera value update cycle took longer than the device poll interval (Total: 10.69s > 2s; Poll: 00:00:10.6927474; Update: 00:00:00.0001994)
2026-08-15T22:32:25.4892|INFO|SequenceItem.cs|Run|254|Finishing Category: Fotocamera, Item: TakeExposure, ExposureTime 600, Gain 15, Offset 132, ImageType LIGHT, Binning 1x1
2026-08-15T22:32:25.6223|INFO|MeridianFlipTrigger.cs|ShouldTrigger|296|Meridian Flip - (Side of Pier usage is disabled) There is still time remaining. Max remaining time 01:03:05.2895847, next instruction time 0, next instruction Category: Ruota porta filtri, Item: SwitchFilter, Filter: Red
2026-08-15T22:32:25.6224|INFO|SequenceItem.cs|Run|208|Starting Category: Ruota porta filtri, Item: SwitchFilter, Filter: Red
2026-08-15T22:32:25.8051|INFO|SequenceItem.cs|Run|254|Finishing Category: Ruota porta filtri, Item: SwitchFilter, Filter: Red
2026-08-15T22:32:25.8061|INFO|SequenceTrigger.cs|Run|114|Starting Trigger: DitherAfterExposures, After Exposures: 1
2026-08-15T22:32:25.8071|INFO|SequenceItem.cs|Run|208|Starting Category: * Set di Istruzioni *, Container: NINA.Sequencer.Container.SequentialContainer, Strategy: SequentialStrategy, Items[CREATED]: 1
2026-08-15T22:32:25.8078|INFO|SequenceItem.cs|Run|208|Starting Category: Guida, Item: Dither
2026-08-15T22:32:28.4272|INFO|BaseImageData.cs|SaveToDisk|346|Saved image to D:\Images NINA\Target\LIGHT_1x1_600.00s_15_132_M 27_Celestron C8__-9.96C_Red_0000_2026-08-15_22-22-19_FWHM_NaN_Fok_38415.xisf
2026-08-15T22:32:28.4276|INFO|ImageSaveController.cs|DoWork|97|Successfully saved file at D:\Images NINA\Target\LIGHT_1x1_600.00s_15_132_M 27_Celestron C8__-9.96C_Red_0000_2026-08-15_22-22-19_FWHM_NaN_Fok_38415.xisf. Duration Total: 00:00:02.6303463; BeforeSave: 00:00:00.0044675; BeforeFinalizeImageSaved: 00:00:01.7251312; FinalizeSaveTime: 00:00:00.9007407
2026-08-15T22:32:30.7962|WARNING|DeviceUpdateTimer.cs|Run|115|Mount value update cycle took longer than the device poll interval (Total: 3.28s > 2s; Poll: 00:00:03.2751110; Update: 00:00:00.0001750)
2026-08-15T22:32:46.9485|INFO|SequenceItem.cs|Run|254|Finishing Category: Guida, Item: Dither
2026-08-15T22:32:46.9489|INFO|SequenceItem.cs|Run|254|Finishing Category: * Set di Istruzioni *, Container: NINA.Sequencer.Container.SequentialContainer, Strategy: SequentialStrategy, Items[FINISHED]: 1
2026-08-15T22:32:46.9492|INFO|MeridianFlipTrigger.cs|ShouldTrigger|296|Meridian Flip - (Side of Pier usage is disabled) There is still time remaining. Max remaining time 01:02:44.9873425, next instruction time 600, next instruction Category: Fotocamera, Item: TakeExposure, ExposureTime 600, Gain 15, Offset 132, ImageType LIGHT, Binning 1x1
2026-08-15T22:32:46.9494|INFO|SequenceTrigger.cs|Run|114|Starting Trigger: RestoreGuiding
2026-08-15T22:32:46.9494|INFO|SequenceItem.cs|Run|208|Starting Category: * Set di Istruzioni *, Container: NINA.Sequencer.Container.SequentialContainer, Strategy: SequentialStrategy, Items[CREATED]: 1
2026-08-15T22:32:46.9495|INFO|SequenceItem.cs|Run|208|Starting Category: Guida, Item: StartGuiding
2026-08-15T22:32:46.9963|INFO|PHD2Guider.cs|StartGuidingPrivate|504|Phd2 - App is already guiding. Skipping start guiding
2026-08-15T22:32:46.9974|INFO|SequenceItem.cs|Run|254|Finishing Category: Guida, Item: StartGuiding
2026-08-15T22:32:46.9982|INFO|SequenceItem.cs|Run|254|Finishing Category: * Set di Istruzioni *, Container: NINA.Sequencer.Container.SequentialContainer, Strategy: SequentialStrategy, Items[FINISHED]: 1
2026-08-15T22:32:47.0012|INFO|SequenceItem.cs|Run|208|Starting Category: Fotocamera, Item: TakeExposure, ExposureTime 600, Gain 15, Offset 132, ImageType LIGHT, Binning 1x1
2026-08-15T22:32:47.0017|INFO|CameraVM.cs|Capture|742|Starting Exposure - Exposure Time: 600s; Filter: ; Gain: 15; Offset 132; Binning: 1x1;
2026-08-15T22:42:53.1603|WARNING|DeviceUpdateTimer.cs|Run|115|Camera value update cycle took longer than the device poll interval (Total: 9.83s > 2s; Poll: 00:00:09.8268564; Update: 00:00:00.0001749)
2026-08-15T22:42:53.2253|INFO|SequenceItem.cs|Run|254|Finishing Category: Fotocamera, Item: TakeExposure, ExposureTime 600, Gain 15, Offset 132, ImageType LIGHT, Binning 1x1
2026-08-15T22:42:53.2258|INFO|MeridianFlipTrigger.cs|ShouldTrigger|296|Meridian Flip - (Side of Pier usage is disabled) There is still time remaining. Max remaining time 00:52:35.8852986, next instruction time 0, next instruction Category: Ruota porta filtri, Item: SwitchFilter, Filter: Red
2026-08-15T22:42:53.2258|INFO|SequenceItem.cs|Run|208|Starting Category: Ruota porta filtri, Item: SwitchFilter, Filter: Red
2026-08-15T22:42:53.5297|INFO|SequenceItem.cs|Run|254|Finishing Category: Ruota porta filtri, Item: SwitchFilter, Filter: Red
2026-08-15T22:42:53.5301|INFO|SequenceTrigger.cs|Run|114|Starting Trigger: DitherAfterExposures, After Exposures: 1
2026-08-15T22:42:53.5302|INFO|SequenceItem.cs|Run|208|Starting Category: * Set di Istruzioni *, Container: NINA.Sequencer.Container.SequentialContainer, Strategy: SequentialStrategy, Items[CREATED]: 1
2026-08-15T22:42:53.5303|INFO|SequenceItem.cs|Run|208|Starting Category: Guida, Item: Dither
2026-08-15T22:42:54.7464|INFO|HocusFocusStarDetection.cs|Detect|413|Average HFR: 2.5236451291803617, HFR MAD: 0.11716619172110487, Detected Stars 2, Region: 0
2026-08-15T22:42:55.2067|INFO|BaseImageData.cs|SaveToDisk|346|Saved image to D:\Images NINA\Target\LIGHT_1x1_600.00s_15_132_M 27_Celestron C8__-9.96C_Red_0001_2026-08-15_22-32-47_FWHM_NaN_Fok_38415.xisf
2026-08-15T22:42:55.2068|INFO|ImageSaveController.cs|DoWork|97|Successfully saved file at D:\Images NINA\Target\LIGHT_1x1_600.00s_15_132_M 27_Celestron C8__-9.96C_Red_0001_2026-08-15_22-32-47_FWHM_NaN_Fok_38415.xisf. Duration Total: 00:00:01.7349560; BeforeSave: 00:00:00.1069779; BeforeFinalizeImageSaved: 00:00:01.6062832; FinalizeSaveTime: 00:00:00.0216939
2026-08-15T22:43:41.3753|ERROR|PHD2Guider.cs|ProcessEvent|937|PHD2 error:timed-out waiting for guider to settle
2026-08-15T22:43:41.8703|INFO|SequenceItem.cs|Run|254|Finishing Category: Guida, Item: Dither
2026-08-15T22:43:41.8706|INFO|SequenceItem.cs|Run|254|Finishing Category: * Set di Istruzioni *, Container: NINA.Sequencer.Container.SequentialContainer, Strategy: SequentialStrategy, Items[FINISHED]: 1
2026-08-15T22:43:41.8707|INFO|MeridianFlipTrigger.cs|ShouldTrigger|296|Meridian Flip - (Side of Pier usage is disabled) There is still time remaining. Max remaining time 00:51:47.4897493, next instruction time 600, next instruction Category: Fotocamera, Item: TakeExposure, ExposureTime 600, Gain 15, Offset 132, ImageType LIGHT, Binning 1x1
2026-08-15T22:43:41.8708|INFO|SequenceTrigger.cs|Run|114|Starting Trigger: RestoreGuiding
2026-08-15T22:43:41.8708|INFO|SequenceItem.cs|Run|208|Starting Category: * Set di Istruzioni *, Container: NINA.Sequencer.Container.SequentialContainer, Strategy: SequentialStrategy, Items[CREATED]: 1
2026-08-15T22:43:41.8709|INFO|SequenceItem.cs|Run|208|Starting Category: Guida, Item: StartGuiding
2026-08-15T22:43:41.9091|INFO|PHD2Guider.cs|StartGuidingPrivate|504|Phd2 - App is already guiding. Skipping start guiding
2026-08-15T22:43:41.9093|INFO|SequenceItem.cs|Run|254|Finishing Category: Guida, Item: StartGuiding
2026-08-15T22:43:41.9094|INFO|SequenceItem.cs|Run|254|Finishing Category: * Set di Istruzioni *, Container: NINA.Sequencer.Container.SequentialContainer, Strategy: SequentialStrategy, Items[FINISHED]: 1
2026-08-15T22:43:41.9107|INFO|SequenceItem.cs|Run|208|Starting Category: Fotocamera, Item: TakeExposure, ExposureTime 600, Gain 15, Offset 132, ImageType LIGHT, Binning 1x1
2026-08-15T22:43:41.9111|INFO|CameraVM.cs|Capture|742|Starting Exposure - Exposure Time: 600s; Filter: ; Gain: 15; Offset 132; Binning: 1x1;
2026-08-15T22:53:48.0867|INFO|SequenceItem.cs|Run|254|Finishing Category: Fotocamera, Item: TakeExposure, ExposureTime 600, Gain 15, Offset 132, ImageType LIGHT, Binning 1x1
2026-08-15T22:53:48.0871|INFO|MeridianFlipTrigger.cs|ShouldTrigger|296|Meridian Flip - (Side of Pier usage is disabled) There is still time remaining. Max remaining time 00:41:40.7908733, next instruction time 0, next instruction Category: Ruota porta filtri, Item: SwitchFilter, Filter: Red
2026-08-15T22:53:48.0871|INFO|SequenceItem.cs|Run|208|Starting Category: Ruota porta filtri, Item: SwitchFilter, Filter: Red
2026-08-15T22:53:48.0875|WARNING|DeviceUpdateTimer.cs|Run|115|Camera value update cycle took longer than the device poll interval (Total: 11.31s > 2s; Poll: 00:00:11.3036138; Update: 00:00:00.0016136)
2026-08-15T22:53:48.1982|INFO|SequenceItem.cs|Run|254|Finishing Category: Ruota porta filtri, Item: SwitchFilter, Filter: Red
2026-08-15T22:53:48.1986|INFO|SequenceTrigger.cs|Run|114|Starting Trigger: DitherAfterExposures, After Exposures: 1
2026-08-15T22:53:48.1986|INFO|SequenceItem.cs|Run|208|Starting Category: * Set di Istruzioni *, Container: NINA.Sequencer.Container.SequentialContainer, Strategy: SequentialStrategy, Items[CREATED]: 1
2026-08-15T22:53:48.1987|INFO|SequenceItem.cs|Run|208|Starting Category: Guida, Item: Dither
2026-08-15T22:53:49.6889|INFO|HocusFocusStarDetection.cs|Detect|413|Average HFR: 2.928210940152122, HFR MAD: 0.6080603872636976, Detected Stars 11, Region: 0
2026-08-15T22:53:50.2485|INFO|BaseImageData.cs|SaveToDisk|346|Saved image to D:\Images NINA\Target\LIGHT_1x1_600.00s_15_132_M 27_Celestron C8__-9.96C_Red_0002_2026-08-15_22-43-42_FWHM_NaN_Fok_38415.xisf
2026-08-15T22:53:50.2487|INFO|ImageSaveController.cs|DoWork|97|Successfully saved file at D:\Images NINA\Target\LIGHT_1x1_600.00s_15_132_M 27_Celestron C8__-9.96C_Red_0002_2026-08-15_22-43-42_FWHM_NaN_Fok_38415.xisf. Duration Total: 00:00:01.8955817; BeforeSave: 00:00:00.0001396; BeforeFinalizeImageSaved: 00:00:01.8750011; FinalizeSaveTime: 00:00:00.0204402
2026-08-15T22:53:51.4949|WARNING|DeviceUpdateTimer.cs|Run|115|Mount value update cycle took longer than the device poll interval (Total: 2.20s > 2s; Poll: 00:00:02.2018426; Update: 00:00:00.0001207)
2026-08-15T22:54:06.5432|INFO|SequenceItem.cs|Run|254|Finishing Category: Guida, Item: Dither
2026-08-15T22:54:06.5435|INFO|SequenceItem.cs|Run|254|Finishing Category: * Set di Istruzioni *, Container: NINA.Sequencer.Container.SequentialContainer, Strategy: SequentialStrategy, Items[FINISHED]: 1
2026-08-15T22:54:06.5437|INFO|MeridianFlipTrigger.cs|ShouldTrigger|296|Meridian Flip - (Side of Pier usage is disabled) There is still time remaining. Max remaining time 00:41:23.1277975, next instruction time 600, next instruction Category: Fotocamera, Item: TakeExposure, ExposureTime 600, Gain 15, Offset 132, ImageType LIGHT, Binning 1x1
2026-08-15T22:54:06.5438|INFO|SequenceTrigger.cs|Run|114|Starting Trigger: RestoreGuiding
2026-08-15T22:54:06.5438|INFO|SequenceItem.cs|Run|208|Starting Category: * Set di Istruzioni *, Container: NINA.Sequencer.Container.SequentialContainer, Strategy: SequentialStrategy, Items[CREATED]: 1
2026-08-15T22:54:06.5439|INFO|SequenceItem.cs|Run|208|Starting Category: Guida, Item: StartGuiding
2026-08-15T22:54:06.5990|INFO|PHD2Guider.cs|StartGuidingPrivate|504|Phd2 - App is already guiding. Skipping start guiding
2026-08-15T22:54:06.5992|INFO|SequenceItem.cs|Run|254|Finishing Category: Guida, Item: StartGuiding
2026-08-15T22:54:06.5993|INFO|SequenceItem.cs|Run|254|Finishing Category: * Set di Istruzioni *, Container: NINA.Sequencer.Container.SequentialContainer, Strategy: SequentialStrategy, Items[FINISHED]: 1
2026-08-15T22:54:06.5997|INFO|SequenceItem.cs|Run|208|Starting Category: Fotocamera, Item: TakeExposure, ExposureTime 600, Gain 15, Offset 132, ImageType LIGHT, Binning 1x1
2026-08-15T22:54:06.6001|INFO|CameraVM.cs|Capture|742|Starting Exposure - Exposure Time: 600s; Filter: ; Gain: 15; Offset 132; Binning: 1x1;
2026-08-15T23:04:12.7644|WARNING|DeviceUpdateTimer.cs|Run|115|Camera value update cycle took longer than the device poll interval (Total: 12.02s > 2s; Poll: 00:00:12.0193080; Update: 00:00:00.0001603)
2026-08-15T23:04:12.8208|INFO|SequenceItem.cs|Run|254|Finishing Category: Fotocamera, Item: TakeExposure, ExposureTime 600, Gain 15, Offset 132, ImageType LIGHT, Binning 1x1
2026-08-15T23:04:12.8246|INFO|MeridianFlipTrigger.cs|ShouldTrigger|296|Meridian Flip - (Side of Pier usage is disabled) There is still time remaining. Max remaining time 00:31:15.3673428, next instruction time 0, next instruction Category: Ruota porta filtri, Item: SwitchFilter, Filter: Red
2026-08-15T23:04:12.8251|INFO|SequenceItem.cs|Run|208|Starting Category: Ruota porta filtri, Item: SwitchFilter, Filter: Red
2026-08-15T23:04:12.9539|INFO|SequenceItem.cs|Run|254|Finishing Category: Ruota porta filtri, Item: SwitchFilter, Filter: Red
2026-08-15T23:04:12.9543|INFO|SequenceTrigger.cs|Run|114|Starting Trigger: DitherAfterExposures, After Exposures: 1
2026-08-15T23:04:12.9544|INFO|SequenceItem.cs|Run|208|Starting Category: * Set di Istruzioni *, Container: NINA.Sequencer.Container.SequentialContainer, Strategy: SequentialStrategy, Items[CREATED]: 1
2026-08-15T23:04:12.9544|INFO|SequenceItem.cs|Run|208|Starting Category: Guida, Item: Dither
2026-08-15T23:04:15.3876|INFO|BaseImageData.cs|SaveToDisk|346|Saved image to D:\Images NINA\Target\LIGHT_1x1_600.00s_15_132_M 27_Celestron C8__-9.96C_Red_0003_2026-08-15_22-54-06_FWHM_NaN_Fok_38415.xisf
2026-08-15T23:04:15.3877|INFO|ImageSaveController.cs|DoWork|97|Successfully saved file at D:\Images NINA\Target\LIGHT_1x1_600.00s_15_132_M 27_Celestron C8__-9.96C_Red_0003_2026-08-15_22-54-06_FWHM_NaN_Fok_38415.xisf. Duration Total: 00:00:02.3167129; BeforeSave: 00:00:00.1564037; BeforeFinalizeImageSaved: 00:00:02.1385337; FinalizeSaveTime: 00:00:00.0217744
2026-08-15T23:04:16.0697|WARNING|DeviceUpdateTimer.cs|Run|115|Mount value update cycle took longer than the device poll interval (Total: 2.49s > 2s; Poll: 00:00:02.4677427; Update: 00:00:00.0236845)
2026-08-15T23:04:50.6070|INFO|SequenceItem.cs|Run|254|Finishing Category: Guida, Item: Dither
2026-08-15T23:04:50.6073|INFO|SequenceItem.cs|Run|254|Finishing Category: * Set di Istruzioni *, Container: NINA.Sequencer.Container.SequentialContainer, Strategy: SequentialStrategy, Items[FINISHED]: 1
2026-08-15T23:04:50.6074|INFO|MeridianFlipTrigger.cs|ShouldTrigger|296|Meridian Flip - (Side of Pier usage is disabled) There is still time remaining. Max remaining time 00:30:37.1644999, next instruction time 600, next instruction Category: Fotocamera, Item: TakeExposure, ExposureTime 600, Gain 15, Offset 132, ImageType LIGHT, Binning 1x1
2026-08-15T23:04:50.6075|INFO|SequenceTrigger.cs|Run|114|Starting Trigger: RestoreGuiding
2026-08-15T23:04:50.6076|INFO|SequenceItem.cs|Run|208|Starting Category: * Set di Istruzioni *, Container: NINA.Sequencer.Container.SequentialContainer, Strategy: SequentialStrategy, Items[CREATED]: 1
2026-08-15T23:04:50.6076|INFO|SequenceItem.cs|Run|208|Starting Category: Guida, Item: StartGuiding
2026-08-15T23:04:50.6443|INFO|PHD2Guider.cs|StartGuidingPrivate|504|Phd2 - App is already guiding. Skipping start guiding
2026-08-15T23:04:50.6444|INFO|SequenceItem.cs|Run|254|Finishing Category: Guida, Item: StartGuiding
2026-08-15T23:04:50.6445|INFO|SequenceItem.cs|Run|254|Finishing Category: * Set di Istruzioni *, Container: NINA.Sequencer.Container.SequentialContainer, Strategy: SequentialStrategy, Items[FINISHED]: 1
2026-08-15T23:04:50.6448|INFO|SequenceItem.cs|Run|208|Starting Category: Fotocamera, Item: TakeExposure, ExposureTime 600, Gain 15, Offset 132, ImageType LIGHT, Binning 1x1
2026-08-15T23:04:50.6452|INFO|CameraVM.cs|Capture|742|Starting Exposure - Exposure Time: 600s; Filter: ; Gain: 15; Offset 132; Binning: 1x1;
2026-08-15T23:14:56.8286|WARNING|DeviceUpdateTimer.cs|Run|115|Camera value update cycle took longer than the device poll interval (Total: 9.73s > 2s; Poll: 00:00:09.7215533; Update: 00:00:00.0122820)
2026-08-15T23:14:56.8390|INFO|SequenceItem.cs|Run|254|Finishing Category: Fotocamera, Item: TakeExposure, ExposureTime 600, Gain 15, Offset 132, ImageType LIGHT, Binning 1x1
2026-08-15T23:14:56.8394|INFO|MeridianFlipTrigger.cs|ShouldTrigger|296|Meridian Flip - (Side of Pier usage is disabled) There is still time remaining. Max remaining time 00:20:29.5978778, next instruction time 0, next instruction Category: Ruota porta filtri, Item: SwitchFilter, Filter: Red
2026-08-15T23:14:56.8394|INFO|SequenceItem.cs|Run|208|Starting Category: Ruota porta filtri, Item: SwitchFilter, Filter: Red
2026-08-15T23:14:56.9522|INFO|SequenceItem.cs|Run|254|Finishing Category: Ruota porta filtri, Item: SwitchFilter, Filter: Red
2026-08-15T23:14:56.9526|INFO|SequenceTrigger.cs|Run|114|Starting Trigger: DitherAfterExposures, After Exposures: 1
2026-08-15T23:14:56.9527|INFO|SequenceItem.cs|Run|208|Starting Category: * Set di Istruzioni *, Container: NINA.Sequencer.Container.SequentialContainer, Strategy: SequentialStrategy, Items[CREATED]: 1
2026-08-15T23:14:56.9528|INFO|SequenceItem.cs|Run|208|Starting Category: Guida, Item: Dither
2026-08-15T23:14:57.6627|INFO|ImageSolver.cs|Solve|41|Platesolving with parameters: FocalLength: 1260 PixelSize: 4.54 SearchRadius: 30 BlindFailoverEnabled: True Regions: 5000 DownSampleFactor: 2 MaxObjects: 500 Reference Coordinates RA: 19:59:39 Dec: 22° 41' 16" Epoch: J2000
2026-08-15T23:14:58.0518|INFO|BaseImageData.cs|SaveToDisk|346|Saved image to C:\Users\PrimaLuceLab\AppData\Local\NINA\PlateSolver\x0uudm3m.moz.fits
2026-08-15T23:14:59.5000|INFO|BaseImageData.cs|SaveToDisk|346|Saved image to D:\Images NINA\Target\LIGHT_1x1_600.00s_15_132_M 27_Celestron C8__-9.96C_Red_0004_2026-08-15_23-04-50_FWHM_NaN_Fok_38415.xisf
2026-08-15T23:14:59.5001|INFO|ImageSaveController.cs|DoWork|97|Successfully saved file at D:\Images NINA\Target\LIGHT_1x1_600.00s_15_132_M 27_Celestron C8__-9.96C_Red_0004_2026-08-15_23-04-50_FWHM_NaN_Fok_38415.xisf. Duration Total: 00:00:02.3974799; BeforeSave: 00:00:00.4071302; BeforeFinalizeImageSaved: 00:00:01.9492536; FinalizeSaveTime: 00:00:00.0410949
2026-08-15T23:15:00.9169|WARNING|DeviceUpdateTimer.cs|Run|115|Mount value update cycle took longer than the device poll interval (Total: 3.31s > 2s; Poll: 00:00:03.3070497; Update: 00:00:00.0001155)
2026-08-15T23:15:38.8956|ERROR|PHD2Guider.cs|ProcessEvent|937|PHD2 error:timed-out waiting for guider to settle
2026-08-15T23:15:39.3968|INFO|SequenceItem.cs|Run|254|Finishing Category: Guida, Item: Dither
2026-08-15T23:15:39.3974|INFO|SequenceItem.cs|Run|254|Finishing Category: * Set di Istruzioni *, Container: NINA.Sequencer.Container.SequentialContainer, Strategy: SequentialStrategy, Items[FINISHED]: 1
2026-08-15T23:15:39.3985|INFO|MeridianFlipTrigger.cs|ShouldTrigger|296|Meridian Flip - (Side of Pier usage is disabled) There is still time remaining. Max remaining time 00:19:47.7874535, next instruction time 600, next instruction Category: Fotocamera, Item: TakeExposure, ExposureTime 600, Gain 15, Offset 132, ImageType LIGHT, Binning 1x1
2026-08-15T23:15:39.4002|INFO|SequenceTrigger.cs|Run|114|Starting Trigger: RestoreGuiding
2026-08-15T23:15:39.4004|INFO|SequenceItem.cs|Run|208|Starting Category: * Set di Istruzioni *, Container: NINA.Sequencer.Container.SequentialContainer, Strategy: SequentialStrategy, Items[CREATED]: 1
2026-08-15T23:15:39.4005|INFO|SequenceItem.cs|Run|208|Starting Category: Guida, Item: StartGuiding
2026-08-15T23:15:39.5027|INFO|PHD2Guider.cs|StartGuidingPrivate|504|Phd2 - App is already guiding. Skipping start guiding
2026-08-15T23:15:39.5033|INFO|SequenceItem.cs|Run|254|Finishing Category: Guida, Item: StartGuiding
2026-08-15T23:15:39.5035|INFO|SequenceItem.cs|Run|254|Finishing Category: * Set di Istruzioni *, Container: NINA.Sequencer.Container.SequentialContainer, Strategy: SequentialStrategy, Items[FINISHED]: 1
2026-08-15T23:15:39.5036|INFO|SequenceItem.cs|Run|208|Starting Category: Fotocamera, Item: TakeExposure, ExposureTime 600, Gain 15, Offset 132, ImageType LIGHT, Binning 1x1
2026-08-15T23:15:39.5041|INFO|CameraVM.cs|Capture|742|Starting Exposure - Exposure Time: 600s; Filter: ; Gain: 15; Offset 132; Binning: 1x1;
2026-08-15T23:22:38.9809|ERROR|ASTAPSolver.cs|ReadResult|62|ASTAP - Plate solve failed.
 Star database limit was reached!

2026-08-15T23:22:38.9849|INFO|ImageSolver.cs|Solve|41|Platesolving with parameters: FocalLength: 1260 PixelSize: 4.54 SearchRadius: 30 BlindFailoverEnabled: True Regions: 5000 DownSampleFactor: 2 MaxObjects: 500 
2026-08-15T23:22:52.9790|INFO|BaseImageData.cs|SaveToDisk|346|Saved image to C:\Users\PrimaLuceLab\AppData\Local\NINA\PlateSolver\or3xjt2z.hji.fits
2026-08-15T23:23:40.8355|INFO|AstrometryPlateSolver.cs|SubmitImageJob|166|Plate Solving: Astrometry.net: Submission 15852010 created for solving.
2026-08-15T23:25:20.2458|INFO|AstrometryPlateSolver.cs|GetJobResult|191|Plate Solving: Astrometry.net: Job 16687931 completed successfully.
2026-08-15T23:25:20.8233|INFO|AstrometryPlateSolver.cs|GetJobResult|201|Plate Solving: Astrometry.net: Job 16687931 successfully retrieved.
2026-08-15T23:25:20.8268|INFO|ImageSolver.cs|Solve|54|Platesolve successful: Coordinates: RA: 19:59:43; Dec: 22° 43' 24"; Epoch: J2000 - Position Angle: 268.8846539382445
2026-08-15T23:25:20.8269|INFO|ImageSolver.cs|Solve|54|Platesolve successful: Coordinates: RA: 19:59:43; Dec: 22° 43' 24"; Epoch: J2000 - Position Angle: 268.8846539382445
2026-08-15T23:25:20.8275|INFO|CenterAfterDriftTrigger.cs|PlatesolvingImageFollower_PropertyChanged|189|Drift: 1.508559514450236 / 3 arc minutes
2026-08-15T23:25:45.7922|INFO|SequenceItem.cs|Run|254|Finishing Category: Fotocamera, Item: TakeExposure, ExposureTime 600, Gain 15, Offset 132, ImageType LIGHT, Binning 1x1
2026-08-15T23:25:45.7926|INFO|MeridianFlipTrigger.cs|ShouldTrigger|296|Meridian Flip - (Side of Pier usage is disabled) There is still time remaining. Max remaining time 00:09:38.5899502, next instruction time 0, next instruction Category: Ruota porta filtri, Item: SwitchFilter, Filter: Red
2026-08-15T23:25:45.7926|INFO|SequenceItem.cs|Run|208|Starting Category: Ruota porta filtri, Item: SwitchFilter, Filter: Red
2026-08-15T23:25:45.7932|WARNING|DeviceUpdateTimer.cs|Run|115|Camera value update cycle took longer than the device poll interval (Total: 9.64s > 2s; Poll: 00:00:09.6360771; Update: 00:00:00.0000603)
2026-08-15T23:25:46.1021|INFO|SequenceItem.cs|Run|254|Finishing Category: Ruota porta filtri, Item: SwitchFilter, Filter: Red
2026-08-15T23:25:46.1024|WARNING|DitherAfterExposures.cs|ShouldTrigger|118|Dither should be triggered, however the meridian flip is too close to be executed
2026-08-15T23:25:46.1025|INFO|MeridianFlipTrigger.cs|ShouldTrigger|290|Meridian Flip - (Side of Pier usage is disabled) No more remaining time available before flip. Max remaining time 00:09:38.5899502, next instruction time 600, next instruction Category: Fotocamera, Item: TakeExposure, ExposureTime 600, Gain 15, Offset 132, ImageType LIGHT, Binning 1x1. Flip should happen now
2026-08-15T23:25:46.1026|INFO|SequenceTrigger.cs|Run|114|Starting Trigger: MeridianFlipTrigger
2026-08-15T23:25:46.1946|INFO|MeridianFlipVM.cs|DoMeridianFlip|160|Meridian Flip - Initializing Meridian Flip. 
Current target coordinates RA: 19:59:36 Dec: 22° 43' 16" Epoch: J2000
Remaining wait time: 00:16:38.5899502
Pause Time Before Meridian: 2
Minutes After Meridian: 5
Max Minutes After Meridian: 6
AutoFocus After Flip: True
Recenter: True
Use SideOfPier: False
Settle Time: 30
2026-08-15T23:25:46.4210|INFO|MeridianFlipVM.cs|StopAutoguider|348|Meridian Flip - Stopping Autoguider
2026-08-15T23:25:48.1869|INFO|BaseImageData.cs|SaveToDisk|346|Saved image to D:\Images NINA\Target\LIGHT_1x1_600.00s_15_132_M 27_Celestron C8__-9.96C_Red_0005_2026-08-15_23-15-39_FWHM_NaN_Fok_38415.xisf
2026-08-15T23:25:48.1870|INFO|ImageSaveController.cs|DoWork|97|Successfully saved file at D:\Images NINA\Target\LIGHT_1x1_600.00s_15_132_M 27_Celestron C8__-9.96C_Red_0005_2026-08-15_23-15-39_FWHM_NaN_Fok_38415.xisf. Duration Total: 00:00:02.0999197; BeforeSave: 00:00:00.0000964; BeforeFinalizeImageSaved: 00:00:02.0794482; FinalizeSaveTime: 00:00:00.0203746
2026-08-15T23:25:48.7789|INFO|MeridianFlipVM.cs|PassMeridian|257|Meridian Flip - Stopping tracking to pass meridian
2026-08-15T23:26:48.1665|WARNING|DeviceUpdateTimer.cs|Run|115|Mount value update cycle took longer than the device poll interval (Total: 2.55s > 2s; Poll: 00:00:02.5508666; Update: 00:00:00.0000930)
2026-08-15T23:27:38.1345|INFO|MeridianFlipVM.cs|DoMeridianFlip|202|Meridian Flip - Cancelled by user
2026-08-15T23:27:38.1347|INFO|MeridianFlipVM.cs|DoMeridianFlip|221|Meridian Flip - Exiting meridian flip
2026-08-15T23:27:38.1708|INFO|SequenceTrigger.cs|Run|114|Starting Trigger: RestoreGuiding
2026-08-15T23:27:38.1710|INFO|SequenceItem.cs|Run|208|Starting Category: * Set di Istruzioni *, Container: NINA.Sequencer.Container.SequentialContainer, Strategy: SequentialStrategy, Items[CREATED]: 1
2026-08-15T23:27:38.1711|INFO|SequenceItem.cs|Run|208|Starting Category: Guida, Item: StartGuiding
2026-08-15T23:27:38.3184|INFO|PHD2Guider.cs|TryStartGuideCommand|641|Phd2 - Requesting to start guiding. Recalibrate: False
2026-08-15T23:27:42.8259|INFO|SequenceItem.cs|Run|208|Starting Category: Fotocamera, Item: TakeExposure, ExposureTime 600, Gain 15, Offset 132, ImageType LIGHT, Binning 1x1
2026-08-15T23:27:42.8927|INFO|Sequencer.cs|Start|85|Sequence run was cancelled
2026-08-15T23:27:42.8949|INFO|Sequence2VM.cs|StartSequence|548|Advanced Sequence finished
2026-08-15T23:28:09.0883|ERROR|PHD2Guider.cs|ProcessEvent|937|PHD2 error:Guiding stopped
2026-08-15T23:28:25.1487|WARNING|PHD2Guider.cs|CheckPhdError|390|PHDError: cannot disconnect equipment when Connect Equipment dialog is open CODE: 1
2026-08-15T23:28:25.1490|ERROR|PHD2Guider.cs|DisconnectPHD2Equipment|1063|Failed to disconnect PHD2equipment: NINA.Equipment.Equipment.MyGuider.PHD2.PhdError
2026-08-15T23:28:25.1819|WARNING|PHD2Guider.cs|CheckPhdError|390|PHDError: cannot set profile when Connect Equipment dialog is open CODE: 1
2026-08-15T23:28:25.1822|ERROR|PHD2Guider.cs|ChangeProfile|287|Failed SetProfile(2): NINA.Equipment.Equipment.MyGuider.PHD2.PhdError
2026-08-15T23:29:34.9662|INFO|PHD2Guider.cs|Connect|205|Connecting to PHD2 server at 127.0.0.1:4400
2026-08-15T23:29:49.3659|INFO|Sequence2VM.cs|StartSequence|543|Advanced Sequence starting
2026-08-15T23:29:49.3745|INFO|SequenceItem.cs|Run|208|Starting Category: * Set di Istruzioni *, Container: NINA.Sequencer.Container.SequenceRootContainer, Strategy: SequentialStrategy, Items[CREATED]: 3, Triggers: Trigger: MeridianFlipTriggerTrigger: RestoreGuidingTrigger: AutofocusAfterHFRIncreaseTrigger, Amount: 5Trigger: AutofocusAfterFilterChange
2026-08-15T23:29:49.3749|INFO|MeridianFlipTrigger.cs|ShouldTrigger|204|Meridian Flip - Telescope is not tracking. Skip flip evaluation
2026-08-15T23:29:49.3750|INFO|SequenceItem.cs|Run|208|Starting Category: * Set di Istruzioni *, Container: NINA.Sequencer.Container.StartAreaContainer, Strategy: SequentialStrategy, Items[FINISHED]: 2
2026-08-15T23:29:49.3752|INFO|SequenceItem.cs|Run|254|Finishing Category: * Set di Istruzioni *, Container: NINA.Sequencer.Container.StartAreaContainer, Strategy: SequentialStrategy, Items[FINISHED]: 2
2026-08-15T23:29:49.3758|INFO|MeridianFlipTrigger.cs|ShouldTrigger|204|Meridian Flip - Telescope is not tracking. Skip flip evaluation
2026-08-15T23:29:49.3759|INFO|SequenceItem.cs|Run|208|Starting Category: * Set di Istruzioni *, Container: NINA.Sequencer.Container.TargetAreaContainer, Strategy: SequentialStrategy, Items[FINISHED]: 1, Items[CREATED]: 1
2026-08-15T23:29:49.3763|INFO|MeridianFlipTrigger.cs|ShouldTrigger|204|Meridian Flip - Telescope is not tracking. Skip flip evaluation
2026-08-15T23:29:49.3763|INFO|SequenceItem.cs|Run|208|Starting Category: * Set di Istruzioni *, Container: NINA.Sequencer.Container.SequentialContainer, Strategy: SequentialStrategy, Items[CREATED]: 2, Conditions: Condition: TimeCondition, Time: 5:14:27h, 
2026-08-15T23:29:49.3766|INFO|MeridianFlipTrigger.cs|ShouldTrigger|204|Meridian Flip - Telescope is not tracking. Skip flip evaluation
2026-08-15T23:29:49.3767|INFO|SequenceItem.cs|Run|208|Starting Category: * Set di Istruzioni *, Container: NINA.Sequencer.Container.SequentialContainer, Strategy: SequentialStrategy, Items[FINISHED]: 1, Items[CREATED]: 4, Conditions: Condition: SafetyMonitorCondition, 
2026-08-15T23:29:49.3768|INFO|MeridianFlipTrigger.cs|ShouldTrigger|204|Meridian Flip - Telescope is not tracking. Skip flip evaluation
2026-08-15T23:29:49.3769|INFO|SequenceItem.cs|Run|208|Starting Category: * Set di Istruzioni *, Container: NINA.Sequencer.Container.SequentialContainer, Strategy: SequentialStrategy, Items[FINISHED]: 1, Items[CREATED]: 1
2026-08-15T23:29:49.3769|INFO|MeridianFlipTrigger.cs|ShouldTrigger|204|Meridian Flip - Telescope is not tracking. Skip flip evaluation
2026-08-15T23:29:49.3770|INFO|SequenceItem.cs|Run|208|Starting Category: * Set di Istruzioni *, Container: NINA.Sequencer.Container.SequentialContainer, Strategy: SequentialStrategy, Items[FINISHED]: 2, Items[CREATED]: 1, Conditions: Condition: TimeCondition, Time: 5:14:27h, 
2026-08-15T23:29:49.3771|INFO|MeridianFlipTrigger.cs|ShouldTrigger|204|Meridian Flip - Telescope is not tracking. Skip flip evaluation
2026-08-15T23:29:49.3772|INFO|SequenceItem.cs|Run|208|Starting Category: * Set di Istruzioni *, Container: NINA.Sequencer.Container.DeepSkyObjectContainer, Strategy: SequentialStrategy, Items[FINISHED]: 3, Items[CREATED]: 3, Triggers: Trigger: CenterAfterDriftTrigger, DistanceArcMinutes: 3, Target: M 27 RA: 19:59:36; Dec: 22° 43' 16"; Epoch: J2000 0
2026-08-15T23:29:49.3774|INFO|MeridianFlipTrigger.cs|ShouldTrigger|204|Meridian Flip - Telescope is not tracking. Skip flip evaluation
2026-08-15T23:29:49.3774|INFO|SequenceItem.cs|Run|208|Starting Category: Fotocamera, Container: NINA.Sequencer.SequenceItem.Imaging.SmartExposure, Strategy: SequentialStrategy, Items[FINISHED]: 1, Items[CREATED]: 1, Conditions: Condition: LoopCondition, Iterations: 6/12, , Triggers: Trigger: DitherAfterExposures, After Exposures: 1
2026-08-15T23:29:49.3778|INFO|MeridianFlipTrigger.cs|ShouldTrigger|204|Meridian Flip - Telescope is not tracking. Skip flip evaluation
2026-08-15T23:29:49.3778|INFO|SequenceItem.cs|Run|208|Starting Category: Ruota porta filtri, Item: SwitchFilter, Filter: Red
2026-08-15T23:29:49.4897|INFO|SequenceItem.cs|Run|254|Finishing Category: Ruota porta filtri, Item: SwitchFilter, Filter: Red
2026-08-15T23:29:49.4900|INFO|SequenceTrigger.cs|Run|114|Starting Trigger: DitherAfterExposures, After Exposures: 1
2026-08-15T23:29:49.4901|INFO|SequenceItem.cs|Run|208|Starting Category: * Set di Istruzioni *, Container: NINA.Sequencer.Container.SequentialContainer, Strategy: SequentialStrategy, Items[CREATED]: 1
2026-08-15T23:29:49.4903|INFO|SequenceItem.cs|Run|208|Starting Category: Guida, Item: Dither
2026-08-15T23:29:49.5479|INFO|SequenceItem.cs|Run|254|Finishing Category: Guida, Item: Dither
2026-08-15T23:29:49.5481|INFO|SequenceItem.cs|Run|254|Finishing Category: * Set di Istruzioni *, Container: NINA.Sequencer.Container.SequentialContainer, Strategy: SequentialStrategy, Items[FINISHED]: 1
2026-08-15T23:29:49.5483|INFO|MeridianFlipTrigger.cs|ShouldTrigger|204|Meridian Flip - Telescope is not tracking. Skip flip evaluation
2026-08-15T23:29:49.5484|INFO|SequenceTrigger.cs|Run|114|Starting Trigger: RestoreGuiding
2026-08-15T23:29:49.5484|INFO|SequenceItem.cs|Run|208|Starting Category: * Set di Istruzioni *, Container: NINA.Sequencer.Container.SequentialContainer, Strategy: SequentialStrategy, Items[CREATED]: 1
2026-08-15T23:29:49.5485|INFO|SequenceItem.cs|Run|208|Starting Category: Guida, Item: StartGuiding
2026-08-15T23:29:49.6861|INFO|PHD2Guider.cs|TryStartGuideCommand|641|Phd2 - Requesting to start guiding. Recalibrate: False
2026-08-15T23:29:59.4976|INFO|SequenceItem.cs|Run|208|Starting Category: Fotocamera, Item: TakeExposure, ExposureTime 600, Gain 15, Offset 132, ImageType LIGHT, Binning 1x1
2026-08-15T23:29:59.5654|INFO|Sequencer.cs|Start|85|Sequence run was cancelled
2026-08-15T23:29:59.5707|INFO|Sequence2VM.cs|StartSequence|548|Advanced Sequence finished
2026-08-15T23:30:15.8209|INFO|Sequence2VM.cs|UnlockSequence|144|Sequencer locked
2026-08-15T23:30:33.0488|ERROR|PHD2Guider.cs|ProcessEvent|937|PHD2 error:Guiding stopped
2026-08-15T23:31:11.9787|INFO|Sequence2VM.cs|LockSequence|139|Sequencer unlocked
2026-08-15T23:35:33.6670|INFO|PHD2Guider.cs|Connect|205|Connecting to PHD2 server at 127.0.0.1:4400
2026-08-15T23:35:53.7147|INFO|Sequence2VM.cs|StartSequence|543|Advanced Sequence starting
2026-08-15T23:35:53.7165|INFO|SequenceItem.cs|Run|208|Starting Category: * Set di Istruzioni *, Container: NINA.Sequencer.Container.SequenceRootContainer, Strategy: SequentialStrategy, Items[CREATED]: 3, Triggers: Trigger: MeridianFlipTriggerTrigger: RestoreGuidingTrigger: AutofocusAfterHFRIncreaseTrigger, Amount: 5Trigger: AutofocusAfterFilterChange
2026-08-15T23:35:53.7172|INFO|MeridianFlipTrigger.cs|ShouldTrigger|296|Meridian Flip - (Side of Pier usage is disabled) There is still time remaining. Max remaining time 02:04:35.4672879, next instruction time 0, next instruction Category: * Set di Istruzioni *, Container: NINA.Sequencer.Container.StartAreaContainer, Strategy: SequentialStrategy, Items[CREATED]: 2
2026-08-15T23:35:53.7173|INFO|SequenceItem.cs|Run|208|Starting Category: * Set di Istruzioni *, Container: NINA.Sequencer.Container.StartAreaContainer, Strategy: SequentialStrategy, Items[CREATED]: 2
2026-08-15T23:35:53.7178|INFO|MeridianFlipTrigger.cs|ShouldTrigger|296|Meridian Flip - (Side of Pier usage is disabled) There is still time remaining. Max remaining time 02:04:35.4672879, next instruction time 0, next instruction Category: Utilità, Item: Annotation, Text: VERSION: 1
2026-08-15T23:35:53.7179|INFO|SequenceItem.cs|Run|208|Starting Category: Utilità, Item: Annotation, Text: VERSION: 1
2026-08-15T23:35:53.7179|INFO|SequenceItem.cs|Run|254|Finishing Category: Utilità, Item: Annotation, Text: VERSION: 1
2026-08-15T23:35:53.7217|INFO|MeridianFlipTrigger.cs|ShouldTrigger|296|Meridian Flip - (Side of Pier usage is disabled) There is still time remaining. Max remaining time 02:04:35.4672879, next instruction time 0, next instruction Category: * Set di Istruzioni *, Container: NINA.Sequencer.Container.SequentialContainer, Strategy: SequentialStrategy, Items[CREATED]: 4
2026-08-15T23:35:53.7220|INFO|SequenceItem.cs|Run|208|Starting Category: * Set di Istruzioni *, Container: NINA.Sequencer.Container.SequentialContainer, Strategy: SequentialStrategy, Items[CREATED]: 4
2026-08-15T23:35:53.7227|INFO|MeridianFlipTrigger.cs|ShouldTrigger|296|Meridian Flip - (Side of Pier usage is disabled) There is still time remaining. Max remaining time 02:04:35.4672879, next instruction time 0, next instruction Category: Utilità, Item: Annotation, Text: VERSION: 1
2026-08-15T23:35:53.7228|INFO|SequenceItem.cs|Run|208|Starting Category: Utilità, Item: Annotation, Text: VERSION: 1
2026-08-15T23:35:53.7229|INFO|SequenceItem.cs|Run|254|Finishing Category: Utilità, Item: Annotation, Text: VERSION: 1
2026-08-15T23:35:53.7240|INFO|MeridianFlipTrigger.cs|ShouldTrigger|296|Meridian Flip - (Side of Pier usage is disabled) There is still time remaining. Max remaining time 02:04:35.4672879, next instruction time 0, next instruction Category: * Set di Istruzioni *, Container: NINA.Sequencer.Container.SequentialContainer, Strategy: SequentialStrategy, Items[CREATED]: 4
2026-08-15T23:35:53.7241|INFO|SequenceItem.cs|Run|208|Starting Category: * Set di Istruzioni *, Container: NINA.Sequencer.Container.SequentialContainer, Strategy: SequentialStrategy, Items[CREATED]: 4
2026-08-15T23:35:53.7246|INFO|MeridianFlipTrigger.cs|ShouldTrigger|296|Meridian Flip - (Side of Pier usage is disabled) There is still time remaining. Max remaining time 02:04:35.4672879, next instruction time 0, next instruction Category: Utilità, Item: Annotation, Text: This Startup Sequence ensures an ASCOM Safety Monitor will function in a sequence as expected.
2026-08-15T23:35:53.7246|INFO|SequenceItem.cs|Run|208|Starting Category: Utilità, Item: Annotation, Text: This Startup Sequence ensures an ASCOM Safety Monitor will function in a sequence as expected.
2026-08-15T23:35:53.7246|INFO|SequenceItem.cs|Run|254|Finishing Category: Utilità, Item: Annotation, Text: This Startup Sequence ensures an ASCOM Safety Monitor will function in a sequence as expected.
2026-08-15T23:35:53.7251|INFO|MeridianFlipTrigger.cs|ShouldTrigger|296|Meridian Flip - (Side of Pier usage is disabled) There is still time remaining. Max remaining time 02:04:35.4672879, next instruction time 0, next instruction Category: Utilità, Item: Annotation, Text: The CONNECTOR Plugin is used in this Sequence.
2026-08-15T23:35:53.7252|INFO|SequenceItem.cs|Run|208|Starting Category: Utilità, Item: Annotation, Text: The CONNECTOR Plugin is used in this Sequence.
2026-08-15T23:35:53.7252|INFO|SequenceItem.cs|Run|254|Finishing Category: Utilità, Item: Annotation, Text: The CONNECTOR Plugin is used in this Sequence.
2026-08-15T23:35:53.7256|INFO|MeridianFlipTrigger.cs|ShouldTrigger|296|Meridian Flip - (Side of Pier usage is disabled) There is still time remaining. Max remaining time 02:04:35.4672879, next instruction time 0, next instruction Category: Utilità, Item: Annotation, Text: A Switch is also used within this Startup Sequence.
2026-08-15T23:35:53.7257|INFO|SequenceItem.cs|Run|208|Starting Category: Utilità, Item: Annotation, Text: A Switch is also used within this Startup Sequence.
2026-08-15T23:35:53.7257|INFO|SequenceItem.cs|Run|254|Finishing Category: Utilità, Item: Annotation, Text: A Switch is also used within this Startup Sequence.
2026-08-15T23:35:53.7261|INFO|MeridianFlipTrigger.cs|ShouldTrigger|296|Meridian Flip - (Side of Pier usage is disabled) There is still time remaining. Max remaining time 02:04:35.4672879, next instruction time 0, next instruction Category: Utilità, Item: Annotation, Text: The sequence uses Nautical Dusk and Nautical Dawn along with a number of time offsets. Adjust this as desired.
2026-08-15T23:35:53.7262|INFO|SequenceItem.cs|Run|208|Starting Category: Utilità, Item: Annotation, Text: The sequence uses Nautical Dusk and Nautical Dawn along with a number of time offsets. Adjust this as desired.
2026-08-15T23:35:53.7262|INFO|SequenceItem.cs|Run|254|Finishing Category: Utilità, Item: Annotation, Text: The sequence uses Nautical Dusk and Nautical Dawn along with a number of time offsets. Adjust this as desired.
2026-08-15T23:35:53.7263|INFO|SequenceItem.cs|Run|254|Finishing Category: * Set di Istruzioni *, Container: NINA.Sequencer.Container.SequentialContainer, Strategy: SequentialStrategy, Items[FINISHED]: 4
2026-08-15T23:35:53.7273|INFO|MeridianFlipTrigger.cs|ShouldTrigger|296|Meridian Flip - (Side of Pier usage is disabled) There is still time remaining. Max remaining time 02:04:35.4672879, next instruction time 0, next instruction Category: * Set di Istruzioni *, Container: NINA.Sequencer.Container.SequentialContainer, Strategy: SequentialStrategy, Items[CREATED]: 11
2026-08-15T23:35:53.7274|INFO|SequenceItem.cs|Run|208|Starting Category: * Set di Istruzioni *, Container: NINA.Sequencer.Container.SequentialContainer, Strategy: SequentialStrategy, Items[CREATED]: 11
2026-08-15T23:35:53.7286|INFO|MeridianFlipTrigger.cs|ShouldTrigger|296|Meridian Flip - (Side of Pier usage is disabled) There is still time remaining. Max remaining time 02:04:35.4672879, next instruction time 0, next instruction Category: Utilità, Item: WaitForTime, Time: 21:32:27h, Offset: -30
2026-08-15T23:35:53.7287|INFO|SequenceItem.cs|Run|208|Starting Category: Utilità, Item: WaitForTime, Time: 21:32:27h, Offset: -30
2026-08-15T23:35:53.7294|INFO|SequenceItem.cs|Run|254|Finishing Category: Utilità, Item: WaitForTime, Time: 21:32:27h, Offset: -30
2026-08-15T23:35:53.7300|INFO|MeridianFlipTrigger.cs|ShouldTrigger|296|Meridian Flip - (Side of Pier usage is disabled) There is still time remaining. Max remaining time 02:04:35.4672879, next instruction time 0, next instruction Category: Connetti, Item: ConnectEquipment, Selected device: Weather, Selected device id: ASCOM.CloudWatcher.ObservingConditions
2026-08-15T23:35:53.7301|INFO|SequenceItem.cs|Run|208|Starting Category: Connetti, Item: ConnectEquipment, Selected device: Weather, Selected device id: ASCOM.CloudWatcher.ObservingConditions
2026-08-15T23:35:53.7303|INFO|ConnectEquipment.cs|Execute|186|Weather is already connected
2026-08-15T23:35:53.7304|INFO|SequenceItem.cs|Run|254|Finishing Category: Connetti, Item: ConnectEquipment, Selected device: Weather, Selected device id: ASCOM.CloudWatcher.ObservingConditions
2026-08-15T23:35:53.7311|INFO|MeridianFlipTrigger.cs|ShouldTrigger|296|Meridian Flip - (Side of Pier usage is disabled) There is still time remaining. Max remaining time 02:04:35.4672879, next instruction time 0, next instruction Category: Connetti, Item: ConnectEquipment, Selected device: Safety Monitor, Selected device id: ASCOM.Hub.SafetyMonitor
2026-08-15T23:35:53.7312|INFO|SequenceItem.cs|Run|208|Starting Category: Connetti, Item: ConnectEquipment, Selected device: Safety Monitor, Selected device id: ASCOM.Hub.SafetyMonitor
2026-08-15T23:35:53.7312|INFO|ConnectEquipment.cs|Execute|186|Safety Monitor is already connected
2026-08-15T23:35:53.7312|INFO|SequenceItem.cs|Run|254|Finishing Category: Connetti, Item: ConnectEquipment, Selected device: Safety Monitor, Selected device id: ASCOM.Hub.SafetyMonitor
2026-08-15T23:35:53.7318|INFO|MeridianFlipTrigger.cs|ShouldTrigger|296|Meridian Flip - (Side of Pier usage is disabled) There is still time remaining. Max remaining time 02:04:35.4672879, next instruction time 0, next instruction Category: Monitor Di Sicurezza, Item: WaitUntilSafe
2026-08-15T23:35:53.7319|INFO|SequenceItem.cs|Run|208|Starting Category: Monitor Di Sicurezza, Item: WaitUntilSafe
2026-08-15T23:35:53.7319|INFO|SequenceItem.cs|Run|254|Finishing Category: Monitor Di Sicurezza, Item: WaitUntilSafe
2026-08-15T23:35:53.7338|INFO|MeridianFlipTrigger.cs|ShouldTrigger|296|Meridian Flip - (Side of Pier usage is disabled) There is still time remaining. Max remaining time 02:04:35.4672879, next instruction time 0, next instruction Category: Connetti, Item: ConnectEquipment, Selected device: Camera, Selected device id: 695A-M-0037ec709603ca4e3
2026-08-15T23:35:53.7339|INFO|SequenceItem.cs|Run|208|Starting Category: Connetti, Item: ConnectEquipment, Selected device: Camera, Selected device id: 695A-M-0037ec709603ca4e3
2026-08-15T23:35:53.7340|INFO|ConnectEquipment.cs|Execute|186|Camera is already connected
2026-08-15T23:35:53.7340|INFO|SequenceItem.cs|Run|254|Finishing Category: Connetti, Item: ConnectEquipment, Selected device: Camera, Selected device id: 695A-M-0037ec709603ca4e3
2026-08-15T23:35:53.7345|INFO|MeridianFlipTrigger.cs|ShouldTrigger|296|Meridian Flip - (Side of Pier usage is disabled) There is still time remaining. Max remaining time 02:04:35.4672879, next instruction time 0, next instruction Category: Connetti, Item: ConnectEquipment, Selected device: Focuser, Selected device id: ASCOM.PegasusAstro.Focuser
2026-08-15T23:35:53.7346|INFO|SequenceItem.cs|Run|208|Starting Category: Connetti, Item: ConnectEquipment, Selected device: Focuser, Selected device id: ASCOM.PegasusAstro.Focuser
2026-08-15T23:35:53.7347|INFO|ConnectEquipment.cs|Execute|186|Focuser is already connected
2026-08-15T23:35:53.7348|INFO|SequenceItem.cs|Run|254|Finishing Category: Connetti, Item: ConnectEquipment, Selected device: Focuser, Selected device id: ASCOM.PegasusAstro.Focuser
2026-08-15T23:35:53.7353|INFO|MeridianFlipTrigger.cs|ShouldTrigger|296|Meridian Flip - (Side of Pier usage is disabled) There is still time remaining. Max remaining time 02:04:35.4672879, next instruction time 0, next instruction Category: Connetti, Item: ConnectEquipment, Selected device: Filter Wheel, Selected device id: 695A-M-0037ec709603ca4e3
2026-08-15T23:35:53.7354|INFO|SequenceItem.cs|Run|208|Starting Category: Connetti, Item: ConnectEquipment, Selected device: Filter Wheel, Selected device id: 695A-M-0037ec709603ca4e3
2026-08-15T23:35:53.7354|INFO|ConnectEquipment.cs|Execute|186|Filter Wheel is already connected
2026-08-15T23:35:53.7354|INFO|SequenceItem.cs|Run|254|Finishing Category: Connetti, Item: ConnectEquipment, Selected device: Filter Wheel, Selected device id: 695A-M-0037ec709603ca4e3
2026-08-15T23:35:53.7360|INFO|MeridianFlipTrigger.cs|ShouldTrigger|296|Meridian Flip - (Side of Pier usage is disabled) There is still time remaining. Max remaining time 02:04:35.4672879, next instruction time 0, next instruction Category: Connetti, Item: ConnectEquipment, Selected device: Mount, Selected device id: ASCOM.Optec ASCOM.Telescope
2026-08-15T23:35:53.7360|INFO|SequenceItem.cs|Run|208|Starting Category: Connetti, Item: ConnectEquipment, Selected device: Mount, Selected device id: ASCOM.Optec ASCOM.Telescope
2026-08-15T23:35:53.7361|INFO|ConnectEquipment.cs|Execute|186|Mount is already connected
2026-08-15T23:35:53.7361|INFO|SequenceItem.cs|Run|254|Finishing Category: Connetti, Item: ConnectEquipment, Selected device: Mount, Selected device id: ASCOM.Optec ASCOM.Telescope
2026-08-15T23:35:53.7365|INFO|MeridianFlipTrigger.cs|ShouldTrigger|296|Meridian Flip - (Side of Pier usage is disabled) There is still time remaining. Max remaining time 02:04:35.4672879, next instruction time 0, next instruction Category: Connetti, Item: ConnectEquipment, Selected device: Dome, Selected device id: ASCOM.TS_Shelter.Dome
2026-08-15T23:35:53.7366|INFO|SequenceItem.cs|Run|208|Starting Category: Connetti, Item: ConnectEquipment, Selected device: Dome, Selected device id: ASCOM.TS_Shelter.Dome
2026-08-15T23:35:53.7367|INFO|ConnectEquipment.cs|Execute|186|Dome is already connected
2026-08-15T23:35:53.7367|INFO|SequenceItem.cs|Run|254|Finishing Category: Connetti, Item: ConnectEquipment, Selected device: Dome, Selected device id: ASCOM.TS_Shelter.Dome
2026-08-15T23:35:53.7372|INFO|MeridianFlipTrigger.cs|ShouldTrigger|296|Meridian Flip - (Side of Pier usage is disabled) There is still time remaining. Max remaining time 02:04:35.4672879, next instruction time 0, next instruction Category: Connetti, Item: ConnectEquipment, Selected device: Guider, Selected device id: PHD2_Single
2026-08-15T23:35:53.7372|INFO|SequenceItem.cs|Run|208|Starting Category: Connetti, Item: ConnectEquipment, Selected device: Guider, Selected device id: PHD2_Single
2026-08-15T23:35:53.7373|INFO|ConnectEquipment.cs|Execute|186|Guider is already connected
2026-08-15T23:35:53.7373|INFO|SequenceItem.cs|Run|254|Finishing Category: Connetti, Item: ConnectEquipment, Selected device: Guider, Selected device id: PHD2_Single
2026-08-15T23:35:53.7378|INFO|MeridianFlipTrigger.cs|ShouldTrigger|296|Meridian Flip - (Side of Pier usage is disabled) There is still time remaining. Max remaining time 02:04:35.4672879, next instruction time 0, next instruction Category: Connetti, Item: ConnectEquipment, Selected device: Flat Panel, Selected device id: ASCOM.WandererCover1.CoverCalibrator
2026-08-15T23:35:53.7378|INFO|SequenceItem.cs|Run|208|Starting Category: Connetti, Item: ConnectEquipment, Selected device: Flat Panel, Selected device id: ASCOM.WandererCover1.CoverCalibrator
2026-08-15T23:35:53.7379|INFO|ConnectEquipment.cs|Execute|186|Flat Panel is already connected
2026-08-15T23:35:53.7379|INFO|SequenceItem.cs|Run|254|Finishing Category: Connetti, Item: ConnectEquipment, Selected device: Flat Panel, Selected device id: ASCOM.WandererCover1.CoverCalibrator
2026-08-15T23:35:53.7380|INFO|SequenceItem.cs|Run|254|Finishing Category: * Set di Istruzioni *, Container: NINA.Sequencer.Container.SequentialContainer, Strategy: SequentialStrategy, Items[FINISHED]: 11
2026-08-15T23:35:53.7385|INFO|MeridianFlipTrigger.cs|ShouldTrigger|296|Meridian Flip - (Side of Pier usage is disabled) There is still time remaining. Max remaining time 02:04:35.4672879, next instruction time 0, next instruction Category: * Set di Istruzioni *, Container: NINA.Sequencer.Container.SequentialContainer, Strategy: SequentialStrategy, Items[CREATED]: 12
2026-08-15T23:35:53.7386|INFO|SequenceItem.cs|Run|208|Starting Category: * Set di Istruzioni *, Container: NINA.Sequencer.Container.SequentialContainer, Strategy: SequentialStrategy, Items[CREATED]: 12
2026-08-15T23:35:53.7395|INFO|MeridianFlipTrigger.cs|ShouldTrigger|296|Meridian Flip - (Side of Pier usage is disabled) There is still time remaining. Max remaining time 02:04:35.4672879, next instruction time 300, next instruction Category: Fotocamera, Item: CoolCamera, Temperature: -10, Duration: 5
2026-08-15T23:35:53.7395|INFO|SequenceItem.cs|Run|208|Starting Category: Fotocamera, Item: CoolCamera, Temperature: -10, Duration: 5
2026-08-15T23:35:53.7397|INFO|CameraVM.cs|CoolCamera|138|Cooling Camera. Target: -10 Duration: 00:05:00
2026-08-15T23:35:53.7546|INFO|SequenceItem.cs|Run|254|Finishing Category: Fotocamera, Item: CoolCamera, Temperature: -10, Duration: 5
2026-08-15T23:35:53.7557|INFO|MeridianFlipTrigger.cs|ShouldTrigger|296|Meridian Flip - (Side of Pier usage is disabled) There is still time remaining. Max remaining time 02:04:35.4672879, next instruction time 0, next instruction Category: Utilità, Item: WaitForTime, Time: 21:52:27h, Offset: -10
2026-08-15T23:35:53.7557|INFO|SequenceItem.cs|Run|208|Starting Category: Utilità, Item: WaitForTime, Time: 21:52:27h, Offset: -10
2026-08-15T23:35:53.7558|INFO|SequenceItem.cs|Run|254|Finishing Category: Utilità, Item: WaitForTime, Time: 21:52:27h, Offset: -10
2026-08-15T23:35:53.7564|INFO|MeridianFlipTrigger.cs|ShouldTrigger|296|Meridian Flip - (Side of Pier usage is disabled) There is still time remaining. Max remaining time 02:04:35.4672879, next instruction time 0, next instruction Category: Monitor Di Sicurezza, Item: WaitUntilSafe
2026-08-15T23:35:53.7565|INFO|SequenceItem.cs|Run|208|Starting Category: Monitor Di Sicurezza, Item: WaitUntilSafe
2026-08-15T23:35:53.7565|INFO|SequenceItem.cs|Run|254|Finishing Category: Monitor Di Sicurezza, Item: WaitUntilSafe
2026-08-15T23:35:53.7570|INFO|MeridianFlipTrigger.cs|ShouldTrigger|296|Meridian Flip - (Side of Pier usage is disabled) There is still time remaining. Max remaining time 02:04:35.4672879, next instruction time 0, next instruction Category: Osservatorio, Item: OpenDomeShutter
2026-08-15T23:35:53.7571|INFO|SequenceItem.cs|Run|208|Starting Category: Osservatorio, Item: OpenDomeShutter
2026-08-15T23:35:53.7571|INFO|SequenceItem.cs|Run|254|Finishing Category: Osservatorio, Item: OpenDomeShutter
2026-08-15T23:35:53.7576|INFO|MeridianFlipTrigger.cs|ShouldTrigger|296|Meridian Flip - (Side of Pier usage is disabled) There is still time remaining. Max remaining time 02:04:35.4672879, next instruction time 0, next instruction Category: Telescopio, Item: UnparkScope
2026-08-15T23:35:53.7576|INFO|SequenceItem.cs|Run|208|Starting Category: Telescopio, Item: UnparkScope
2026-08-15T23:35:53.7577|INFO|TelescopeVM.cs|UnparkTelescope|232|Mount ordered to unpark
2026-08-15T23:35:53.9254|INFO|TelescopeVM.cs|UnparkTelescope|277|Mount is already unparked
2026-08-15T23:35:53.9254|INFO|TelescopeVM.cs|UnparkTelescope|282|Mount has unparked
2026-08-15T23:35:53.9255|INFO|SequenceItem.cs|Run|254|Finishing Category: Telescopio, Item: UnparkScope
2026-08-15T23:35:53.9261|INFO|MeridianFlipTrigger.cs|ShouldTrigger|296|Meridian Flip - (Side of Pier usage is disabled) There is still time remaining. Max remaining time 02:04:35.4672879, next instruction time 0, next instruction Category: Apparato per i Flat, Item: OpenCover
2026-08-15T23:35:53.9262|INFO|SequenceItem.cs|Run|208|Starting Category: Apparato per i Flat, Item: OpenCover
2026-08-15T23:35:53.9303|INFO|SequenceItem.cs|Run|254|Finishing Category: Apparato per i Flat, Item: OpenCover
2026-08-15T23:35:53.9310|INFO|MeridianFlipTrigger.cs|ShouldTrigger|296|Meridian Flip - (Side of Pier usage is disabled) There is still time remaining. Max remaining time 02:04:35.4672879, next instruction time 0, next instruction Category: Telescopio, Item: SetTracking, TrackingMode: Sidereal
2026-08-15T23:35:53.9311|INFO|SequenceItem.cs|Run|208|Starting Category: Telescopio, Item: SetTracking, TrackingMode: Sidereal
2026-08-15T23:35:53.9644|INFO|SequenceItem.cs|Run|254|Finishing Category: Telescopio, Item: SetTracking, TrackingMode: Sidereal
2026-08-15T23:35:53.9651|INFO|MeridianFlipTrigger.cs|ShouldTrigger|296|Meridian Flip - (Side of Pier usage is disabled) There is still time remaining. Max remaining time 02:04:35.4672879, next instruction time 0, next instruction Category: Ruota porta filtri, Item: SwitchFilter, Filter: Red
2026-08-15T23:35:53.9652|INFO|SequenceItem.cs|Run|208|Starting Category: Ruota porta filtri, Item: SwitchFilter, Filter: Red
2026-08-15T23:35:54.0764|INFO|SequenceItem.cs|Run|254|Finishing Category: Ruota porta filtri, Item: SwitchFilter, Filter: Red
2026-08-15T23:35:54.0772|INFO|MeridianFlipTrigger.cs|ShouldTrigger|296|Meridian Flip - (Side of Pier usage is disabled) There is still time remaining. Max remaining time 02:04:35.4672879, next instruction time 0, next instruction Category: Telescopio, Item: SlewScopeToAltAz, Coordinates: NINA.Astrometry.InputTopocentricCoordinates
2026-08-15T23:35:54.0773|INFO|SequenceItem.cs|Run|208|Starting Category: Telescopio, Item: SlewScopeToAltAz, Coordinates: NINA.Astrometry.InputTopocentricCoordinates
2026-08-15T23:35:54.1114|INFO|PHD2Guider.cs|StopGuiding|704|Phd2 - Stop Guiding skipped, as the app is already in state Stopped
2026-08-15T23:35:54.1237|INFO|TelescopeVM.cs|SlewAsyncInternal|910|Slewing from RA: 22:05:57; Dec: 89° 05' 34"; Epoch: JNOW to RA: 21:44:27; Dec: 39° 23' 27"; Epoch: JNOW - Alt: 70° 00' 00"; Az: 90° 00' 00"
2026-08-15T23:36:31.3857|INFO|SequenceItem.cs|Run|254|Finishing Category: Telescopio, Item: SlewScopeToAltAz, Coordinates: NINA.Astrometry.InputTopocentricCoordinates
2026-08-15T23:36:31.3864|INFO|MeridianFlipTrigger.cs|ShouldTrigger|296|Meridian Flip - (Side of Pier usage is disabled) There is still time remaining. Max remaining time 01:42:29.2975649, next instruction time 60, next instruction Category: Utilità, Item: WaitForTimeSpan, Time: 60s
2026-08-15T23:36:31.3865|INFO|SequenceItem.cs|Run|208|Starting Category: Utilità, Item: WaitForTimeSpan, Time: 60s
2026-08-15T23:36:44.3410|INFO|MeridianFlipTrigger.cs|ShouldTrigger|296|Meridian Flip - (Side of Pier usage is disabled) There is still time remaining. Max remaining time 01:42:15.2420905, next instruction time 300, next instruction Category: Focheggiatore, Item: RunAutofocus
2026-08-15T23:36:44.3412|INFO|SequenceItem.cs|Run|208|Starting Category: Focheggiatore, Item: RunAutofocus
2026-08-15T23:36:44.5262|INFO|FocuserMediator.cs|BroadcastAutoFocusRunStarting|92|Autofocus starting notification received
2026-08-15T23:36:44.5851|INFO|PHD2Guider.cs|StopGuiding|704|Phd2 - Stop Guiding skipped, as the app is already in state Stopped
2026-08-15T23:36:44.5853|INFO|AutoFocusEngine.cs|RunAutoFocus|929|Starting AutoFocus with initial position 38415
2026-08-15T23:36:44.7004|INFO|CameraVM.cs|Capture|742|Starting Exposure - Exposure Time: 10s; Filter: Red; Gain: 15; Offset 132; Binning: 2x2;
2026-08-15T23:36:56.0432|INFO|AutoFocusEngine.cs|StartBlindFocusPoints|769|Waiting on initial HFR analysis
2026-08-15T23:36:56.0435|INFO|FocuserVM.cs|MoveFocuserInternal|216|Moving Focuser to position 39215
2026-08-15T23:36:56.8939|INFO|HocusFocusStarDetection.cs|Detect|413|Average HFR: 1.9910496113333296, HFR MAD: 0.10648970038397532, Detected Stars 80, Region: 0
2026-08-15T23:37:05.9099|INFO|CameraVM.cs|Capture|742|Starting Exposure - Exposure Time: 10s; Filter: Red; Gain: 15; Offset 132; Binning: 2x2;
2026-08-15T23:37:17.2151|INFO|FocuserVM.cs|MoveFocuserInternal|216|Moving Focuser to position 39015
2026-08-15T23:37:17.8989|INFO|HocusFocusStarDetection.cs|Detect|413|Average HFR: 1.5896281086164565, HFR MAD: 0.05305129693033206, Detected Stars 32, Region: 0
2026-08-15T23:37:23.8753|INFO|CameraVM.cs|Capture|742|Starting Exposure - Exposure Time: 10s; Filter: Red; Gain: 15; Offset 132; Binning: 2x2;
2026-08-15T23:37:35.1794|INFO|FocuserVM.cs|MoveFocuserInternal|216|Moving Focuser to position 38815
2026-08-15T23:37:36.0766|INFO|HocusFocusStarDetection.cs|Detect|413|Average HFR: 1.6137786798155669, HFR MAD: 0.07681260741040896, Detected Stars 27, Region: 0
2026-08-15T23:37:40.5582|INFO|CameraVM.cs|Capture|742|Starting Exposure - Exposure Time: 10s; Filter: Red; Gain: 15; Offset 132; Binning: 2x2;
2026-08-15T23:37:51.8864|INFO|FocuserVM.cs|MoveFocuserInternal|216|Moving Focuser to position 38615
2026-08-15T23:37:52.7368|INFO|HocusFocusStarDetection.cs|Detect|413|Average HFR: 1.5825894718058864, HFR MAD: 0.06823934346598715, Detected Stars 34, Region: 0
2026-08-15T23:37:57.9238|INFO|CameraVM.cs|Capture|742|Starting Exposure - Exposure Time: 10s; Filter: Red; Gain: 15; Offset 132; Binning: 2x2;
2026-08-15T23:38:09.2410|INFO|AutoFocusEngine.cs|StartBlindFocusPoints|797|Waiting on initial focuser move analyses
2026-08-15T23:38:10.4088|INFO|HocusFocusStarDetection.cs|Detect|413|Average HFR: 1.581785914521911, HFR MAD: 0.07564866067172082, Detected Stars 18, Region: 0
2026-08-15T23:38:10.5827|INFO|FocuserVM.cs|MoveFocuserInternal|216|Moving Focuser to position 38415
2026-08-15T23:38:15.8716|INFO|CameraVM.cs|Capture|742|Starting Exposure - Exposure Time: 10s; Filter: Red; Gain: 15; Offset 132; Binning: 2x2;
2026-08-15T23:38:27.1833|INFO|AutoFocusEngine.cs|StartBlindFocusPoints|870|Waiting on next left movement analysis
2026-08-15T23:38:28.0339|INFO|HocusFocusStarDetection.cs|Detect|413|Average HFR: 1.5851086463282158, HFR MAD: 0.0576963362045837, Detected Stars 42, Region: 0
2026-08-15T23:38:28.1842|INFO|FocuserVM.cs|MoveFocuserInternal|216|Moving Focuser to position 38215
2026-08-15T23:38:33.8955|INFO|CameraVM.cs|Capture|742|Starting Exposure - Exposure Time: 10s; Filter: Red; Gain: 15; Offset 132; Binning: 2x2;
2026-08-15T23:38:45.2049|INFO|AutoFocusEngine.cs|StartBlindFocusPoints|870|Waiting on next left movement analysis
2026-08-15T23:38:46.1954|INFO|HocusFocusStarDetection.cs|Detect|413|Average HFR: 1.6500265221607242, HFR MAD: 0.06718287216565089, Detected Stars 79, Region: 0
2026-08-15T23:38:46.6623|INFO|FocuserVM.cs|MoveFocuserInternal|216|Moving Focuser to position 38015
2026-08-15T23:38:51.9409|INFO|CameraVM.cs|Capture|742|Starting Exposure - Exposure Time: 10s; Filter: Red; Gain: 15; Offset 132; Binning: 2x2;
2026-08-15T23:39:03.2503|INFO|AutoFocusEngine.cs|StartBlindFocusPoints|870|Waiting on next left movement analysis
2026-08-15T23:39:04.2771|INFO|HocusFocusStarDetection.cs|Detect|413|Average HFR: 1.8148852402938807, HFR MAD: 0.130994855454851, Detected Stars 95, Region: 0
2026-08-15T23:39:04.5222|INFO|FocuserVM.cs|MoveFocuserInternal|216|Moving Focuser to position 37815
2026-08-15T23:39:09.9148|INFO|CameraVM.cs|Capture|742|Starting Exposure - Exposure Time: 10s; Filter: Red; Gain: 15; Offset 132; Binning: 2x2;
2026-08-15T23:39:21.2378|INFO|AutoFocusEngine.cs|StartBlindFocusPoints|870|Waiting on next left movement analysis
2026-08-15T23:39:22.1422|INFO|HocusFocusStarDetection.cs|Detect|413|Average HFR: 2.0077747952403326, HFR MAD: 0.12747313997373233, Detected Stars 98, Region: 0
2026-08-15T23:39:22.2655|INFO|FocuserVM.cs|MoveFocuserInternal|216|Moving Focuser to position 37615
2026-08-15T23:39:27.9145|INFO|CameraVM.cs|Capture|742|Starting Exposure - Exposure Time: 10s; Filter: Red; Gain: 15; Offset 132; Binning: 2x2;
2026-08-15T23:39:39.2317|INFO|AutoFocusEngine.cs|StartBlindFocusPoints|870|Waiting on next left movement analysis
2026-08-15T23:39:40.3212|INFO|HocusFocusStarDetection.cs|Detect|413|Average HFR: 2.1981860596361904, HFR MAD: 0.1531965475643613, Detected Stars 105, Region: 0
2026-08-15T23:39:40.4854|INFO|FocuserVM.cs|MoveFocuserInternal|216|Moving Focuser to position 37415
2026-08-15T23:39:46.0245|INFO|CameraVM.cs|Capture|742|Starting Exposure - Exposure Time: 10s; Filter: Red; Gain: 15; Offset 132; Binning: 2x2;
2026-08-15T23:39:57.3470|INFO|AutoFocusEngine.cs|StartBlindFocusPoints|870|Waiting on next left movement analysis
2026-08-15T23:39:58.4944|INFO|HocusFocusStarDetection.cs|Detect|413|Average HFR: 2.496813721186478, HFR MAD: 0.20517208536164988, Detected Stars 101, Region: 0
2026-08-15T23:39:58.6016|INFO|FocuserVM.cs|MoveFocuserInternal|216|Moving Focuser to position 39415
2026-08-15T23:40:12.8904|INFO|CameraVM.cs|Capture|742|Starting Exposure - Exposure Time: 10s; Filter: Red; Gain: 15; Offset 132; Binning: 2x2;
2026-08-15T23:40:24.2097|INFO|AutoFocusEngine.cs|StartBlindFocusPoints|884|Waiting on next right movement analysis
2026-08-15T23:40:25.1220|INFO|HocusFocusStarDetection.cs|Detect|413|Average HFR: 1.6835021026479713, HFR MAD: 0.09755291058559967, Detected Stars 48, Region: 0
2026-08-15T23:40:25.2010|INFO|FocuserVM.cs|MoveFocuserInternal|216|Moving Focuser to position 39615
2026-08-15T23:40:30.4468|INFO|CameraVM.cs|Capture|742|Starting Exposure - Exposure Time: 10s; Filter: Red; Gain: 15; Offset 132; Binning: 2x2;
2026-08-15T23:40:41.7759|INFO|AutoFocusEngine.cs|StartBlindFocusPoints|884|Waiting on next right movement analysis
2026-08-15T23:40:42.7110|INFO|HocusFocusStarDetection.cs|Detect|413|Average HFR: 1.7900281429009004, HFR MAD: 0.133931392649681, Detected Stars 88, Region: 0
2026-08-15T23:40:42.7533|INFO|FocuserVM.cs|MoveFocuserInternal|216|Moving Focuser to position 39815
2026-08-15T23:40:48.1041|INFO|CameraVM.cs|Capture|742|Starting Exposure - Exposure Time: 10s; Filter: Red; Gain: 15; Offset 132; Binning: 2x2;
2026-08-15T23:40:59.4308|INFO|AutoFocusEngine.cs|StartBlindFocusPoints|884|Waiting on next right movement analysis
2026-08-15T23:41:00.5715|INFO|HocusFocusStarDetection.cs|Detect|413|Average HFR: 2.0329389130180413, HFR MAD: 0.16097652926741768, Detected Stars 101, Region: 0
2026-08-15T23:41:00.6167|INFO|AutoFocusEngine.cs|StartBlindFocusPoints|823|Enough left trend points (4) with an established minimum (39215) to queue remaining right focus points up to 40015
2026-08-15T23:41:00.6171|INFO|FocuserVM.cs|MoveFocuserInternal|216|Moving Focuser to position 40015
2026-08-15T23:41:05.8958|INFO|CameraVM.cs|Capture|742|Starting Exposure - Exposure Time: 10s; Filter: Red; Gain: 15; Offset 132; Binning: 2x2;
2026-08-15T23:41:17.2058|INFO|AutoFocusEngine.cs|StartBlindFocusPoints|896|Waiting on remaining AutoFocus analysis tasks
2026-08-15T23:41:18.2302|INFO|HocusFocusStarDetection.cs|Detect|413|Average HFR: 2.4068148342505484, HFR MAD: 0.18570043657106838, Detected Stars 94, Region: 0
2026-08-15T23:41:18.3220|INFO|FocuserVM.cs|MoveFocuserInternal|216|Moving Focuser to position 38657
2026-08-15T23:41:29.7691|INFO|AutoFocusEngine.cs|ValidateCalculatedFocusPosition|1141|Validating HFR at final focus position 38657
2026-08-15T23:41:29.9491|INFO|CameraVM.cs|Capture|742|Starting Exposure - Exposure Time: 10s; Filter: Red; Gain: 15; Offset 132; Binning: 2x2;
2026-08-15T23:41:42.2737|INFO|HocusFocusStarDetection.cs|Detect|413|Average HFR: 1.5871681691376558, HFR MAD: 0.07055742697182898, Detected Stars 19, Region: 0
2026-08-15T23:41:42.2856|INFO|HocusFocusVM.cs|AutoFocusEngine_Completed|473|AutoFocus completed with focuser starting at 38415 and ending at 38657
2026-08-15T23:41:42.2892|INFO|FocuserMediator.cs|BroadcastSuccessfulAutoFocusRun|46|Autofocus notification received - Temperature 25
2026-08-15T23:41:42.5901|INFO|AutoFocusEngine.cs|PerformPostAutoFocusActions|1022|Re-enabling temperature compensation after AutoFocus
2026-08-15T23:41:42.6122|INFO|SequenceItem.cs|Run|254|Finishing Category: Focheggiatore, Item: RunAutofocus
2026-08-15T23:41:42.6137|INFO|MeridianFlipTrigger.cs|ShouldTrigger|296|Meridian Flip - (Side of Pier usage is disabled) There is still time remaining. Max remaining time 01:37:15.2600171, next instruction time 0, next instruction Category: Telescopio, Item: SolveAndSync
2026-08-15T23:41:42.6138|INFO|SequenceItem.cs|Run|208|Starting Category: Telescopio, Item: SolveAndSync
2026-08-15T23:41:42.9573|INFO|FilterWheelVM.cs|ChangeFilter|112|Moving to Filter L-Pro at Position 0
2026-08-15T23:42:00.5518|INFO|CameraVM.cs|Capture|742|Starting Exposure - Exposure Time: 15s; Filter: L-Pro; Gain: 15; Offset 132; Binning: 1x1;
2026-08-15T23:42:19.7734|WARNING|DeviceUpdateTimer.cs|Run|115|Camera value update cycle took longer than the device poll interval (Total: 2.04s > 2s; Poll: 00:00:02.0375083; Update: 00:00:00.0001750)
2026-08-15T23:42:20.7178|INFO|FilterWheelVM.cs|ChangeFilter|112|Moving to Filter Red at Position 2
2026-08-15T23:42:20.9520|INFO|ImageSolver.cs|Solve|41|Platesolving with parameters: FocalLength: 1260 PixelSize: 4.54 SearchRadius: 30 BlindFailoverEnabled: True Regions: 5000 DownSampleFactor: 2 MaxObjects: 500 Reference Coordinates RA: 21:43:19 Dec: 39° 16' 01" Epoch: J2000
2026-08-15T23:42:21.3020|INFO|BaseImageData.cs|SaveToDisk|346|Saved image to C:\Users\PrimaLuceLab\AppData\Local\NINA\PlateSolver\egnkytjp.w1d.fits
2026-08-15T23:42:36.8666|INFO|ImageSolver.cs|Solve|54|Platesolve successful: Coordinates: RA: 21:46:52; Dec: 22° 09' 37"; Epoch: J2000 - Position Angle: 268.79696354275666
2026-08-15T23:42:37.0923|INFO|TelescopeVM.cs|Sync|777|Syncing scope from RA: 21:44:27; Dec: 39° 23' 26"; Epoch: JNOW to RA: 21:48:08; Dec: 22° 17' 07"; Epoch: JNOW
2026-08-15T23:42:42.0918|INFO|SequenceItem.cs|Run|254|Finishing Category: Telescopio, Item: SolveAndSync
2026-08-15T23:42:42.0922|INFO|SequenceItem.cs|Run|254|Finishing Category: * Set di Istruzioni *, Container: NINA.Sequencer.Container.SequentialContainer, Strategy: SequentialStrategy, Items[FINISHED]: 11, Items[SKIPPED]: 1
2026-08-15T23:42:42.0923|INFO|SequenceItem.cs|Run|254|Finishing Category: * Set di Istruzioni *, Container: NINA.Sequencer.Container.SequentialContainer, Strategy: SequentialStrategy, Items[FINISHED]: 4
2026-08-15T23:42:42.0924|INFO|SequenceItem.cs|Run|254|Finishing Category: * Set di Istruzioni *, Container: NINA.Sequencer.Container.StartAreaContainer, Strategy: SequentialStrategy, Items[FINISHED]: 2
2026-08-15T23:42:42.0941|INFO|MeridianFlipTrigger.cs|ShouldTrigger|296|Meridian Flip - (Side of Pier usage is disabled) There is still time remaining. Max remaining time 01:39:57.1552678, next instruction time 0, next instruction Category: * Set di Istruzioni *, Container: NINA.Sequencer.Container.TargetAreaContainer, Strategy: SequentialStrategy, Items[CREATED]: 2
2026-08-15T23:42:42.0942|INFO|SequenceItem.cs|Run|208|Starting Category: * Set di Istruzioni *, Container: NINA.Sequencer.Container.TargetAreaContainer, Strategy: SequentialStrategy, Items[CREATED]: 2
2026-08-15T23:42:42.0953|INFO|MeridianFlipTrigger.cs|ShouldTrigger|296|Meridian Flip - (Side of Pier usage is disabled) There is still time remaining. Max remaining time 01:39:57.1552678, next instruction time 0, next instruction Category: * Set di Istruzioni *, Container: NINA.Sequencer.Container.SequentialContainer, Strategy: SequentialStrategy, Items[CREATED]: 10
2026-08-15T23:42:42.0954|INFO|SequenceItem.cs|Run|208|Starting Category: * Set di Istruzioni *, Container: NINA.Sequencer.Container.SequentialContainer, Strategy: SequentialStrategy, Items[CREATED]: 10
2026-08-15T23:42:42.0964|INFO|MeridianFlipTrigger.cs|ShouldTrigger|296|Meridian Flip - (Side of Pier usage is disabled) There is still time remaining. Max remaining time 01:39:57.1552678, next instruction time 0, next instruction Category: Utilità, Item: Annotation, Text: This is a Startup Sequence which can be pre-loaded at NINA Start-up.
2026-08-15T23:42:42.0966|INFO|SequenceItem.cs|Run|208|Starting Category: Utilità, Item: Annotation, Text: This is a Startup Sequence which can be pre-loaded at NINA Start-up.
2026-08-15T23:42:42.0966|INFO|SequenceItem.cs|Run|254|Finishing Category: Utilità, Item: Annotation, Text: This is a Startup Sequence which can be pre-loaded at NINA Start-up.
2026-08-15T23:42:42.0971|INFO|MeridianFlipTrigger.cs|ShouldTrigger|296|Meridian Flip - (Side of Pier usage is disabled) There is still time remaining. Max remaining time 01:39:57.1552678, next instruction time 0, next instruction Category: Utilità, Item: Annotation, Text: If you edit this Startup Sequence, you need to save the Entire Sequence using the Save Complete Sequence button at the bottom of the Advanced Sequencer page below.
2026-08-15T23:42:42.0972|INFO|SequenceItem.cs|Run|208|Starting Category: Utilità, Item: Annotation, Text: If you edit this Startup Sequence, you need to save the Entire Sequence using the Save Complete Sequence button at the bottom of the Advanced Sequencer page below.
2026-08-15T23:42:42.0973|INFO|SequenceItem.cs|Run|254|Finishing Category: Utilità, Item: Annotation, Text: If you edit this Startup Sequence, you need to save the Entire Sequence using the Save Complete Sequence button at the bottom of the Advanced Sequencer page below.
2026-08-15T23:42:42.0977|INFO|MeridianFlipTrigger.cs|ShouldTrigger|296|Meridian Flip - (Side of Pier usage is disabled) There is still time remaining. Max remaining time 01:39:57.1552678, next instruction time 0, next instruction Category: Utilità, Item: Annotation, Text: Go to: OPTIONS > IMAGING > SEQUENCE and select this DOME_SAFETY_STARTUP_PA.json file as the STARTUP SEQUENCE TEMPLATE
2026-08-15T23:42:42.0978|INFO|SequenceItem.cs|Run|208|Starting Category: Utilità, Item: Annotation, Text: Go to: OPTIONS > IMAGING > SEQUENCE and select this DOME_SAFETY_STARTUP_PA.json file as the STARTUP SEQUENCE TEMPLATE
2026-08-15T23:42:42.0978|INFO|SequenceItem.cs|Run|254|Finishing Category: Utilità, Item: Annotation, Text: Go to: OPTIONS > IMAGING > SEQUENCE and select this DOME_SAFETY_STARTUP_PA.json file as the STARTUP SEQUENCE TEMPLATE
2026-08-15T23:42:42.0983|INFO|MeridianFlipTrigger.cs|ShouldTrigger|296|Meridian Flip - (Side of Pier usage is disabled) There is still time remaining. Max remaining time 01:39:57.1552678, next instruction time 0, next instruction Category: Utilità, Item: Annotation, Text:      I also find setting COLLAPSE SEQUENCE TEMPLATES BY DEFAULT to ON is quite helpful.  (On the same options page)
2026-08-15T23:42:42.0984|INFO|SequenceItem.cs|Run|208|Starting Category: Utilità, Item: Annotation, Text:      I also find setting COLLAPSE SEQUENCE TEMPLATES BY DEFAULT to ON is quite helpful.  (On the same options page)
2026-08-15T23:42:42.0984|INFO|SequenceItem.cs|Run|254|Finishing Category: Utilità, Item: Annotation, Text:      I also find setting COLLAPSE SEQUENCE TEMPLATES BY DEFAULT to ON is quite helpful.  (On the same options page)
2026-08-15T23:42:42.0988|INFO|MeridianFlipTrigger.cs|ShouldTrigger|296|Meridian Flip - (Side of Pier usage is disabled) There is still time remaining. Max remaining time 01:39:57.1552678, next instruction time 0, next instruction Category: Utilità, Item: Annotation, Text: Any modification of this sequence as a Foundational Startup Template will need to be saved using the buttons at the bottom of this Advanced Sequencer Page below.
2026-08-15T23:42:42.0989|INFO|SequenceItem.cs|Run|208|Starting Category: Utilità, Item: Annotation, Text: Any modification of this sequence as a Foundational Startup Template will need to be saved using the buttons at the bottom of this Advanced Sequencer Page below.
2026-08-15T23:42:42.0989|INFO|SequenceItem.cs|Run|254|Finishing Category: Utilità, Item: Annotation, Text: Any modification of this sequence as a Foundational Startup Template will need to be saved using the buttons at the bottom of this Advanced Sequencer Page below.
2026-08-15T23:42:42.0994|INFO|MeridianFlipTrigger.cs|ShouldTrigger|296|Meridian Flip - (Side of Pier usage is disabled) There is still time remaining. Max remaining time 01:39:57.1552678, next instruction time 0, next instruction Category: Utilità, Item: Annotation, Text: The LOOP_ALL_NIGHT Sequence is a simple Loop until Nautical Dawn. Adjust as desired. This is an outer loop.
2026-08-15T23:42:42.0994|INFO|SequenceItem.cs|Run|208|Starting Category: Utilità, Item: Annotation, Text: The LOOP_ALL_NIGHT Sequence is a simple Loop until Nautical Dawn. Adjust as desired. This is an outer loop.
2026-08-15T23:42:42.0995|INFO|SequenceItem.cs|Run|254|Finishing Category: Utilità, Item: Annotation, Text: The LOOP_ALL_NIGHT Sequence is a simple Loop until Nautical Dawn. Adjust as desired. This is an outer loop.
2026-08-15T23:42:42.0999|INFO|MeridianFlipTrigger.cs|ShouldTrigger|296|Meridian Flip - (Side of Pier usage is disabled) There is still time remaining. Max remaining time 01:39:57.1552678, next instruction time 0, next instruction Category: Utilità, Item: Annotation, Text: The SAFE_LOOP Sequence runs while the System is Safe.
2026-08-15T23:42:42.1000|INFO|SequenceItem.cs|Run|208|Starting Category: Utilità, Item: Annotation, Text: The SAFE_LOOP Sequence runs while the System is Safe.
2026-08-15T23:42:42.1000|INFO|SequenceItem.cs|Run|254|Finishing Category: Utilità, Item: Annotation, Text: The SAFE_LOOP Sequence runs while the System is Safe.
2026-08-15T23:42:42.1005|INFO|MeridianFlipTrigger.cs|ShouldTrigger|296|Meridian Flip - (Side of Pier usage is disabled) There is still time remaining. Max remaining time 01:39:57.1552678, next instruction time 0, next instruction Category: Utilità, Item: Annotation, Text: The UNSAFE Sequence runs when the System is Unsafe and only proceeds back to SAFE_LOOP when it is once again deemed Safe.
2026-08-15T23:42:42.1005|INFO|SequenceItem.cs|Run|208|Starting Category: Utilità, Item: Annotation, Text: The UNSAFE Sequence runs when the System is Unsafe and only proceeds back to SAFE_LOOP when it is once again deemed Safe.
2026-08-15T23:42:42.1006|INFO|SequenceItem.cs|Run|254|Finishing Category: Utilità, Item: Annotation, Text: The UNSAFE Sequence runs when the System is Unsafe and only proceeds back to SAFE_LOOP when it is once again deemed Safe.
2026-08-15T23:42:42.1010|INFO|MeridianFlipTrigger.cs|ShouldTrigger|296|Meridian Flip - (Side of Pier usage is disabled) There is still time remaining. Max remaining time 01:39:57.1552678, next instruction time 0, next instruction Category: Utilità, Item: Annotation, Text: ..... ALL TARGETS should be placed within individual LOOP_ALL_NIGHT > SAFE_LOOP > TARGETS_CONTAINER > TARGET # containers below.....
2026-08-15T23:42:42.1011|INFO|SequenceItem.cs|Run|208|Starting Category: Utilità, Item: Annotation, Text: ..... ALL TARGETS should be placed within individual LOOP_ALL_NIGHT > SAFE_LOOP > TARGETS_CONTAINER > TARGET # containers below.....
2026-08-15T23:42:42.1011|INFO|SequenceItem.cs|Run|254|Finishing Category: Utilità, Item: Annotation, Text: ..... ALL TARGETS should be placed within individual LOOP_ALL_NIGHT > SAFE_LOOP > TARGETS_CONTAINER > TARGET # containers below.....
2026-08-15T23:42:42.1053|INFO|MeridianFlipTrigger.cs|ShouldTrigger|296|Meridian Flip - (Side of Pier usage is disabled) There is still time remaining. Max remaining time 01:39:57.1552678, next instruction time 0, next instruction Category: Utilità, Item: Annotation, Text: Each TARGET # Container should have a looping condition that is identical to the included target sequence.
2026-08-15T23:42:42.1055|INFO|SequenceItem.cs|Run|208|Starting Category: Utilità, Item: Annotation, Text: Each TARGET # Container should have a looping condition that is identical to the included target sequence.
2026-08-15T23:42:42.1056|INFO|SequenceItem.cs|Run|254|Finishing Category: Utilità, Item: Annotation, Text: Each TARGET # Container should have a looping condition that is identical to the included target sequence.
2026-08-15T23:42:42.1057|INFO|SequenceItem.cs|Run|254|Finishing Category: * Set di Istruzioni *, Container: NINA.Sequencer.Container.SequentialContainer, Strategy: SequentialStrategy, Items[FINISHED]: 10
2026-08-15T23:42:42.1062|INFO|MeridianFlipTrigger.cs|ShouldTrigger|296|Meridian Flip - (Side of Pier usage is disabled) There is still time remaining. Max remaining time 01:39:57.1552678, next instruction time 0, next instruction Category: * Set di Istruzioni *, Container: NINA.Sequencer.Container.SequentialContainer, Strategy: SequentialStrategy, Items[CREATED]: 2, Conditions: Condition: TimeCondition, Time: 5:14:27h, 
2026-08-15T23:42:42.1063|INFO|SequenceItem.cs|Run|208|Starting Category: * Set di Istruzioni *, Container: NINA.Sequencer.Container.SequentialContainer, Strategy: SequentialStrategy, Items[CREATED]: 2, Conditions: Condition: TimeCondition, Time: 5:14:27h, 
2026-08-15T23:42:42.1069|INFO|MeridianFlipTrigger.cs|ShouldTrigger|296|Meridian Flip - (Side of Pier usage is disabled) There is still time remaining. Max remaining time 01:39:57.1552678, next instruction time 0, next instruction Category: * Set di Istruzioni *, Container: NINA.Sequencer.Container.SequentialContainer, Strategy: SequentialStrategy, Items[CREATED]: 5, Conditions: Condition: SafetyMonitorCondition, 
2026-08-15T23:42:42.1069|INFO|SequenceItem.cs|Run|208|Starting Category: * Set di Istruzioni *, Container: NINA.Sequencer.Container.SequentialContainer, Strategy: SequentialStrategy, Items[CREATED]: 5, Conditions: Condition: SafetyMonitorCondition, 
2026-08-15T23:42:42.1075|INFO|MeridianFlipTrigger.cs|ShouldTrigger|296|Meridian Flip - (Side of Pier usage is disabled) There is still time remaining. Max remaining time 01:39:57.1552678, next instruction time 0, next instruction Category: * Set di Istruzioni *, Container: NINA.Sequencer.Container.SequentialContainer, Strategy: SequentialStrategy, Items[CREATED]: 7
2026-08-15T23:42:42.1075|INFO|SequenceItem.cs|Run|208|Starting Category: * Set di Istruzioni *, Container: NINA.Sequencer.Container.SequentialContainer, Strategy: SequentialStrategy, Items[CREATED]: 7
2026-08-15T23:42:42.1084|INFO|MeridianFlipTrigger.cs|ShouldTrigger|296|Meridian Flip - (Side of Pier usage is disabled) There is still time remaining. Max remaining time 01:39:57.1552678, next instruction time 0, next instruction Category: Utilità, Item: Annotation, Text: This brief sequence of instructions is required after returning to a Safe condifition from an Unsafe one. It will not negatively affect anything on its initial execution.
2026-08-15T23:42:42.1085|INFO|SequenceItem.cs|Run|208|Starting Category: Utilità, Item: Annotation, Text: This brief sequence of instructions is required after returning to a Safe condifition from an Unsafe one. It will not negatively affect anything on its initial execution.
2026-08-15T23:42:42.1085|INFO|SequenceItem.cs|Run|254|Finishing Category: Utilità, Item: Annotation, Text: This brief sequence of instructions is required after returning to a Safe condifition from an Unsafe one. It will not negatively affect anything on its initial execution.
2026-08-15T23:42:42.1090|INFO|MeridianFlipTrigger.cs|ShouldTrigger|296|Meridian Flip - (Side of Pier usage is disabled) There is still time remaining. Max remaining time 01:39:57.1552678, next instruction time 0, next instruction Category: Utilità, Item: Annotation, Text: The 5 minute wait here can be adjusted as desired. It is here to show 5 minutes of Safety prior to resetting the equipment.
2026-08-15T23:42:42.1091|INFO|SequenceItem.cs|Run|208|Starting Category: Utilità, Item: Annotation, Text: The 5 minute wait here can be adjusted as desired. It is here to show 5 minutes of Safety prior to resetting the equipment.
2026-08-15T23:42:42.1091|INFO|SequenceItem.cs|Run|254|Finishing Category: Utilità, Item: Annotation, Text: The 5 minute wait here can be adjusted as desired. It is here to show 5 minutes of Safety prior to resetting the equipment.
2026-08-15T23:42:42.1096|INFO|MeridianFlipTrigger.cs|ShouldTrigger|296|Meridian Flip - (Side of Pier usage is disabled) There is still time remaining. Max remaining time 01:39:57.1552678, next instruction time 300, next instruction Category: Utilità, Item: WaitForTimeSpan, Time: 300s
2026-08-15T23:42:42.1096|INFO|SequenceItem.cs|Run|208|Starting Category: Utilità, Item: WaitForTimeSpan, Time: 300s
2026-08-15T23:47:43.2734|INFO|SequenceItem.cs|Run|254|Finishing Category: Utilità, Item: WaitForTimeSpan, Time: 300s
2026-08-15T23:47:43.2742|INFO|MeridianFlipTrigger.cs|ShouldTrigger|296|Meridian Flip - (Side of Pier usage is disabled) There is still time remaining. Max remaining time 01:34:55.9238467, next instruction time 0, next instruction Category: Osservatorio, Item: OpenDomeShutter
2026-08-15T23:47:43.2742|INFO|SequenceItem.cs|Run|208|Starting Category: Osservatorio, Item: OpenDomeShutter
2026-08-15T23:47:43.2743|INFO|SequenceItem.cs|Run|254|Finishing Category: Osservatorio, Item: OpenDomeShutter
2026-08-15T23:47:43.2748|INFO|MeridianFlipTrigger.cs|ShouldTrigger|296|Meridian Flip - (Side of Pier usage is disabled) There is still time remaining. Max remaining time 01:34:55.9238467, next instruction time 0, next instruction Category: Telescopio, Item: UnparkScope
2026-08-15T23:47:43.2749|INFO|SequenceItem.cs|Run|208|Starting Category: Telescopio, Item: UnparkScope
2026-08-15T23:47:43.2749|INFO|TelescopeVM.cs|UnparkTelescope|232|Mount ordered to unpark
2026-08-15T23:47:43.2781|INFO|TelescopeVM.cs|UnparkTelescope|277|Mount is already unparked
2026-08-15T23:47:43.2782|INFO|TelescopeVM.cs|UnparkTelescope|282|Mount has unparked
2026-08-15T23:47:43.2783|INFO|SequenceItem.cs|Run|254|Finishing Category: Telescopio, Item: UnparkScope
2026-08-15T23:47:43.2790|INFO|MeridianFlipTrigger.cs|ShouldTrigger|296|Meridian Flip - (Side of Pier usage is disabled) There is still time remaining. Max remaining time 01:34:55.9238467, next instruction time 0, next instruction Category: Apparato per i Flat, Item: OpenCover
2026-08-15T23:47:43.2791|INFO|SequenceItem.cs|Run|208|Starting Category: Apparato per i Flat, Item: OpenCover
2026-08-15T23:47:43.2894|INFO|SequenceItem.cs|Run|254|Finishing Category: Apparato per i Flat, Item: OpenCover
2026-08-15T23:47:43.2903|INFO|MeridianFlipTrigger.cs|ShouldTrigger|296|Meridian Flip - (Side of Pier usage is disabled) There is still time remaining. Max remaining time 01:34:55.9238467, next instruction time 0, next instruction Category: Telescopio, Item: SetTracking, TrackingMode: Sidereal
2026-08-15T23:47:43.2904|INFO|SequenceItem.cs|Run|208|Starting Category: Telescopio, Item: SetTracking, TrackingMode: Sidereal
2026-08-15T23:47:43.5005|INFO|SequenceItem.cs|Run|254|Finishing Category: Telescopio, Item: SetTracking, TrackingMode: Sidereal
2026-08-15T23:47:43.5008|INFO|SequenceItem.cs|Run|254|Finishing Category: * Set di Istruzioni *, Container: NINA.Sequencer.Container.SequentialContainer, Strategy: SequentialStrategy, Items[FINISHED]: 7
2026-08-15T23:47:43.5018|INFO|MeridianFlipTrigger.cs|ShouldTrigger|296|Meridian Flip - (Side of Pier usage is disabled) There is still time remaining. Max remaining time 01:34:55.9238467, next instruction time 0, next instruction Category: * Set di Istruzioni *, Container: NINA.Sequencer.Container.SequentialContainer, Strategy: SequentialStrategy, Items[CREATED]: 2
2026-08-15T23:47:43.5019|INFO|SequenceItem.cs|Run|208|Starting Category: * Set di Istruzioni *, Container: NINA.Sequencer.Container.SequentialContainer, Strategy: SequentialStrategy, Items[CREATED]: 2
2026-08-15T23:47:43.5025|INFO|MeridianFlipTrigger.cs|ShouldTrigger|296|Meridian Flip - (Side of Pier usage is disabled) There is still time remaining. Max remaining time 01:34:55.9238467, next instruction time 0, next instruction Category: Utilità, Item: Annotation, Text: BE SURE TO MATCH EACH TARGET CONTAINER LOOP CONDITION TO THE NESTED TARGET SEQUENCE LOOP CONDITION
2026-08-15T23:47:43.5026|INFO|SequenceItem.cs|Run|208|Starting Category: Utilità, Item: Annotation, Text: BE SURE TO MATCH EACH TARGET CONTAINER LOOP CONDITION TO THE NESTED TARGET SEQUENCE LOOP CONDITION
2026-08-15T23:47:43.5026|INFO|SequenceItem.cs|Run|254|Finishing Category: Utilità, Item: Annotation, Text: BE SURE TO MATCH EACH TARGET CONTAINER LOOP CONDITION TO THE NESTED TARGET SEQUENCE LOOP CONDITION
2026-08-15T23:47:43.5031|INFO|MeridianFlipTrigger.cs|ShouldTrigger|296|Meridian Flip - (Side of Pier usage is disabled) There is still time remaining. Max remaining time 01:34:55.9238467, next instruction time 0, next instruction Category: * Set di Istruzioni *, Container: NINA.Sequencer.Container.SequentialContainer, Strategy: SequentialStrategy, Items[CREATED]: 3, Conditions: Condition: TimeCondition, Time: 5:14:27h, 
2026-08-15T23:47:43.5032|INFO|SequenceItem.cs|Run|208|Starting Category: * Set di Istruzioni *, Container: NINA.Sequencer.Container.SequentialContainer, Strategy: SequentialStrategy, Items[CREATED]: 3, Conditions: Condition: TimeCondition, Time: 5:14:27h, 
2026-08-15T23:47:43.5037|INFO|MeridianFlipTrigger.cs|ShouldTrigger|296|Meridian Flip - (Side of Pier usage is disabled) There is still time remaining. Max remaining time 01:34:55.9238467, next instruction time 0, next instruction Category: Utilità, Item: Annotation, Text: PLACE YOUR ...FIRST... TARGET SEQUENCE OF THE NIGHT ...BELOW... THIS LINE
2026-08-15T23:47:43.5038|INFO|SequenceItem.cs|Run|208|Starting Category: Utilità, Item: Annotation, Text: PLACE YOUR ...FIRST... TARGET SEQUENCE OF THE NIGHT ...BELOW... THIS LINE
2026-08-15T23:47:43.5038|INFO|SequenceItem.cs|Run|254|Finishing Category: Utilità, Item: Annotation, Text: PLACE YOUR ...FIRST... TARGET SEQUENCE OF THE NIGHT ...BELOW... THIS LINE
2026-08-15T23:47:43.5043|INFO|MeridianFlipTrigger.cs|ShouldTrigger|296|Meridian Flip - (Side of Pier usage is disabled) There is still time remaining. Max remaining time 01:34:55.9238467, next instruction time 0, next instruction Category: Utilità, Item: Annotation, Text: PLACE YOUR ...FIRST... TARGET SEQUENCE OF THE NIGHT ...ABOVE... THIS LINE
2026-08-15T23:47:43.5044|INFO|SequenceItem.cs|Run|208|Starting Category: Utilità, Item: Annotation, Text: PLACE YOUR ...FIRST... TARGET SEQUENCE OF THE NIGHT ...ABOVE... THIS LINE
2026-08-15T23:47:43.5044|INFO|SequenceItem.cs|Run|254|Finishing Category: Utilità, Item: Annotation, Text: PLACE YOUR ...FIRST... TARGET SEQUENCE OF THE NIGHT ...ABOVE... THIS LINE
2026-08-15T23:47:43.5050|INFO|MeridianFlipTrigger.cs|ShouldTrigger|296|Meridian Flip - (Side of Pier usage is disabled) There is still time remaining. Max remaining time 01:34:55.9238467, next instruction time 0, next instruction Category: * Set di Istruzioni *, Container: NINA.Sequencer.Container.DeepSkyObjectContainer, Strategy: SequentialStrategy, Items[CREATED]: 6, Triggers: Trigger: CenterAfterDriftTrigger, DistanceArcMinutes: 3, Target: M 27 RA: 19:59:36; Dec: 22° 43' 16"; Epoch: J2000 0
2026-08-15T23:47:43.5051|INFO|SequenceItem.cs|Run|208|Starting Category: * Set di Istruzioni *, Container: NINA.Sequencer.Container.DeepSkyObjectContainer, Strategy: SequentialStrategy, Items[CREATED]: 6, Triggers: Trigger: CenterAfterDriftTrigger, DistanceArcMinutes: 3, Target: M 27 RA: 19:59:36; Dec: 22° 43' 16"; Epoch: J2000 0
2026-08-15T23:47:43.5056|INFO|MeridianFlipTrigger.cs|ShouldTrigger|296|Meridian Flip - (Side of Pier usage is disabled) There is still time remaining. Max remaining time 01:34:55.9238467, next instruction time 0, next instruction Category: Telescopio, Item: Center, Coordinates RA: 19:59:36; Dec: 22° 43' 16"; Epoch: J2000
2026-08-15T23:47:43.5057|INFO|SequenceItem.cs|Run|208|Starting Category: Telescopio, Item: Center, Coordinates RA: 19:59:36; Dec: 22° 43' 16"; Epoch: J2000
2026-08-15T23:47:43.7768|INFO|PHD2Guider.cs|StopGuiding|704|Phd2 - Stop Guiding skipped, as the app is already in state Stopped
2026-08-15T23:47:44.0464|INFO|TelescopeVM.cs|SlewAsyncInternal|910|Slewing from RA: 21:48:08; Dec: 22° 17' 05"; Epoch: JNOW to RA: 20:00:47; Dec: 22° 47' 47"; Epoch: JNOW - Alt: 70° 11' 46"; Az: 187° 07' 50"
2026-08-15T23:48:49.5005|INFO|FilterWheelVM.cs|ChangeFilter|112|Moving to Filter L-Pro at Position 0
2026-08-15T23:49:07.0594|INFO|CameraVM.cs|Capture|742|Starting Exposure - Exposure Time: 15s; Filter: L-Pro; Gain: 15; Offset 132; Binning: 1x1;
2026-08-15T23:49:26.2558|WARNING|DeviceUpdateTimer.cs|Run|115|Camera value update cycle took longer than the device poll interval (Total: 2.78s > 2s; Poll: 00:00:02.7815045; Update: 00:00:00.0001959)
2026-08-15T23:49:27.3203|INFO|ImageSolver.cs|Solve|41|Platesolving with parameters: FocalLength: 1260 PixelSize: 4.54 SearchRadius: 30 BlindFailoverEnabled: True Regions: 5000 DownSampleFactor: 2 MaxObjects: 500 Reference Coordinates RA: 19:59:36 Dec: 22° 43' 16" Epoch: J2000
2026-08-15T23:49:27.6123|INFO|BaseImageData.cs|SaveToDisk|346|Saved image to C:\Users\PrimaLuceLab\AppData\Local\NINA\PlateSolver\igfkys4r.vf4.fits
2026-08-15T23:50:25.8175|INFO|ImageSolver.cs|Solve|54|Platesolve successful: Coordinates: RA: 20:00:07; Dec: 40° 03' 09"; Epoch: J2000 - Position Angle: 89.62398076436875
2026-08-15T23:50:25.8184|INFO|CenteringSolver.cs|Center|99|Centering Solver - Scope Position: RA: 20:00:47; Dec: 22° 47' 45"; Epoch: JNOW; Offset: RA: 00:00:00; Dec: 00° 00' 00"; Distance: 00° 00' 00"; Bearing: 00° 00' 00"; Centering Coordinates: RA: 20:00:47; Dec: 22° 47' 47"; Epoch: JNOW; Solved: RA: 20:01:04; Dec: 40° 07' 41"; Epoch: JNOW; Separation RA: -00:00:17; Dec: -17° 19' 54"; Distance: 17° 19' 54"; Bearing: -00° 11' 11"; Threshold: 1
2026-08-15T23:50:26.0414|INFO|TelescopeVM.cs|Sync|777|Syncing scope from RA: 20:00:47; Dec: 22° 47' 45"; Epoch: JNOW to RA: 20:01:04; Dec: 40° 07' 41"; Epoch: JNOW
2026-08-15T23:50:31.0467|INFO|CenteringSolver.cs|Center|132|Slewing to target after sync. Current Position: RA: 20:01:05; Dec: 40° 07' 41"; Epoch: JNOW; Target coordinates: RA: 20:00:47; Dec: 22° 47' 47"; Epoch: JNOW; Offset RA: 00:00:00; Dec: 00° 00' 00"; Distance: 00° 00' 00"; Bearing: 00° 00' 00"
2026-08-15T23:50:31.0546|INFO|TelescopeVM.cs|SlewAsyncInternal|910|Slewing from RA: 20:01:05; Dec: 40° 07' 41"; Epoch: JNOW to RA: 20:00:47; Dec: 22° 47' 47"; Epoch: JNOW - Alt: 70° 07' 26"; Az: 189° 01' 01"
2026-08-15T23:50:49.4306|INFO|CameraVM.cs|Capture|742|Starting Exposure - Exposure Time: 15s; Filter: L-Pro; Gain: 15; Offset 132; Binning: 1x1;
2026-08-15T23:51:09.7269|INFO|ImageSolver.cs|Solve|41|Platesolving with parameters: FocalLength: 1260 PixelSize: 4.54 SearchRadius: 30 BlindFailoverEnabled: True Regions: 5000 DownSampleFactor: 2 MaxObjects: 500 Reference Coordinates RA: 19:59:36 Dec: 22° 43' 16" Epoch: J2000
2026-08-15T23:51:10.0245|INFO|BaseImageData.cs|SaveToDisk|346|Saved image to C:\Users\PrimaLuceLab\AppData\Local\NINA\PlateSolver\dsem1vhr.quy.fits
2026-08-15T23:51:11.8904|INFO|ImageSolver.cs|Solve|54|Platesolve successful: Coordinates: RA: 19:59:47; Dec: 22° 43' 30"; Epoch: J2000 - Position Angle: 89.5033373906681
2026-08-15T23:51:11.8940|INFO|CenteringSolver.cs|Center|99|Centering Solver - Scope Position: RA: 20:00:53; Dec: 05° 28' 25"; Epoch: JNOW; Offset: RA: 00:00:00; Dec: 00° 00' 00"; Distance: 00° 00' 00"; Bearing: 00° 00' 00"; Centering Coordinates: RA: 20:00:47; Dec: 22° 47' 47"; Epoch: JNOW; Solved: RA: 20:00:57; Dec: 22° 48' 01"; Epoch: JNOW; Separation RA: -00:00:10; Dec: -00° 00' 14"; Distance: 00° 02' 23"; Bearing: -84° 25' 30"; Threshold: 1
2026-08-15T23:51:12.2582|INFO|TelescopeVM.cs|Sync|777|Syncing scope from RA: 20:00:53; Dec: 05° 28' 25"; Epoch: JNOW to RA: 20:00:57; Dec: 22° 48' 01"; Epoch: JNOW
2026-08-15T23:51:17.2591|INFO|CenteringSolver.cs|Center|132|Slewing to target after sync. Current Position: RA: 20:00:58; Dec: 22° 48' 01"; Epoch: JNOW; Target coordinates: RA: 20:00:47; Dec: 22° 47' 47"; Epoch: JNOW; Offset RA: 00:00:00; Dec: 00° 00' 00"; Distance: 00° 00' 00"; Bearing: 00° 00' 00"
2026-08-15T23:51:17.2725|INFO|TelescopeVM.cs|SlewAsyncInternal|910|Slewing from RA: 20:00:58; Dec: 22° 48' 01"; Epoch: JNOW to RA: 20:00:47; Dec: 22° 47' 47"; Epoch: JNOW - Alt: 70° 06' 03"; Az: 189° 32' 09"
2026-08-15T23:51:36.5529|INFO|CameraVM.cs|Capture|742|Starting Exposure - Exposure Time: 15s; Filter: L-Pro; Gain: 15; Offset 132; Binning: 1x1;
2026-08-15T23:51:56.7548|INFO|ImageSolver.cs|Solve|41|Platesolving with parameters: FocalLength: 1260 PixelSize: 4.54 SearchRadius: 30 BlindFailoverEnabled: True Regions: 5000 DownSampleFactor: 2 MaxObjects: 500 Reference Coordinates RA: 19:59:36 Dec: 22° 43' 16" Epoch: J2000
2026-08-15T23:51:57.0855|INFO|BaseImageData.cs|SaveToDisk|346|Saved image to C:\Users\PrimaLuceLab\AppData\Local\NINA\PlateSolver\3qvnrutn.l2s.fits
2026-08-15T23:53:04.2597|INFO|ImageSolver.cs|Solve|54|Platesolve successful: Coordinates: RA: 20:00:08; Dec: 40° 03' 01"; Epoch: J2000 - Position Angle: 89.62907645000132
2026-08-15T23:53:04.2617|INFO|CenteringSolver.cs|Center|99|Centering Solver - Scope Position: RA: 20:00:47; Dec: 22° 47' 45"; Epoch: JNOW; Offset: RA: 00:00:00; Dec: 00° 00' 00"; Distance: 00° 00' 00"; Bearing: 00° 00' 00"; Centering Coordinates: RA: 20:00:47; Dec: 22° 47' 47"; Epoch: JNOW; Solved: RA: 20:01:05; Dec: 40° 07' 33"; Epoch: JNOW; Separation RA: -00:00:18; Dec: -17° 19' 46"; Distance: 17° 19' 46"; Bearing: -00° 11' 44"; Threshold: 1
2026-08-15T23:53:04.4728|INFO|TelescopeVM.cs|Sync|777|Syncing scope from RA: 20:00:47; Dec: 22° 47' 45"; Epoch: JNOW to RA: 20:01:05; Dec: 40° 07' 33"; Epoch: JNOW
2026-08-15T23:53:09.4756|INFO|CenteringSolver.cs|Center|132|Slewing to target after sync. Current Position: RA: 20:01:05; Dec: 40° 07' 33"; Epoch: JNOW; Target coordinates: RA: 20:00:47; Dec: 22° 47' 47"; Epoch: JNOW; Offset RA: 00:00:00; Dec: 00° 00' 00"; Distance: 00° 00' 00"; Bearing: 00° 00' 00"
2026-08-15T23:53:09.4952|INFO|TelescopeVM.cs|SlewAsyncInternal|910|Slewing from RA: 20:01:05; Dec: 40° 07' 33"; Epoch: JNOW to RA: 20:00:47; Dec: 22° 47' 47"; Epoch: JNOW - Alt: 70° 02' 24"; Az: 190° 47' 28"
2026-08-15T23:53:27.0035|INFO|CameraVM.cs|Capture|742|Starting Exposure - Exposure Time: 15s; Filter: L-Pro; Gain: 15; Offset 132; Binning: 1x1;
2026-08-15T23:53:47.3283|INFO|ImageSolver.cs|Solve|41|Platesolving with parameters: FocalLength: 1260 PixelSize: 4.54 SearchRadius: 30 BlindFailoverEnabled: True Regions: 5000 DownSampleFactor: 2 MaxObjects: 500 Reference Coordinates RA: 19:59:36 Dec: 22° 43' 16" Epoch: J2000
2026-08-15T23:53:47.7550|INFO|BaseImageData.cs|SaveToDisk|346|Saved image to C:\Users\PrimaLuceLab\AppData\Local\NINA\PlateSolver\wxtipas2.0tl.fits
2026-08-15T23:53:49.0214|INFO|ImageSolver.cs|Solve|54|Platesolve successful: Coordinates: RA: 19:59:47; Dec: 22° 43' 41"; Epoch: J2000 - Position Angle: 89.49893768624139
2026-08-15T23:53:49.0238|INFO|CenteringSolver.cs|Center|99|Centering Solver - Scope Position: RA: 20:00:52; Dec: 05° 28' 33"; Epoch: JNOW; Offset: RA: 00:00:00; Dec: 00° 00' 00"; Distance: 00° 00' 00"; Bearing: 00° 00' 00"; Centering Coordinates: RA: 20:00:47; Dec: 22° 47' 47"; Epoch: JNOW; Solved: RA: 20:00:58; Dec: 22° 48' 12"; Epoch: JNOW; Separation RA: -00:00:11; Dec: -00° 00' 25"; Distance: 00° 02' 30"; Bearing: -80° 20' 07"; Threshold: 1
2026-08-15T23:53:49.1288|INFO|TelescopeVM.cs|Sync|777|Syncing scope from RA: 20:00:52; Dec: 05° 28' 33"; Epoch: JNOW to RA: 20:00:58; Dec: 22° 48' 12"; Epoch: JNOW
2026-08-15T23:53:54.1307|INFO|CenteringSolver.cs|Center|132|Slewing to target after sync. Current Position: RA: 20:00:58; Dec: 22° 48' 12"; Epoch: JNOW; Target coordinates: RA: 20:00:47; Dec: 22° 47' 47"; Epoch: JNOW; Offset RA: 00:00:00; Dec: 00° 00' 00"; Distance: 00° 00' 00"; Bearing: 00° 00' 00"
2026-08-15T23:53:54.1384|INFO|TelescopeVM.cs|SlewAsyncInternal|910|Slewing from RA: 20:00:58; Dec: 22° 48' 12"; Epoch: JNOW to RA: 20:00:47; Dec: 22° 47' 47"; Epoch: JNOW - Alt: 70° 00' 49"; Az: 191° 17' 19"
2026-08-15T23:54:13.4168|INFO|CameraVM.cs|Capture|742|Starting Exposure - Exposure Time: 15s; Filter: L-Pro; Gain: 15; Offset 132; Binning: 1x1;
2026-08-15T23:54:32.6311|WARNING|DeviceUpdateTimer.cs|Run|115|Camera value update cycle took longer than the device poll interval (Total: 2.80s > 2s; Poll: 00:00:02.7986139; Update: 00:00:00.0001665)
2026-08-15T23:54:33.7536|INFO|ImageSolver.cs|Solve|41|Platesolving with parameters: FocalLength: 1260 PixelSize: 4.54 SearchRadius: 30 BlindFailoverEnabled: True Regions: 5000 DownSampleFactor: 2 MaxObjects: 500 Reference Coordinates RA: 19:59:36 Dec: 22° 43' 16" Epoch: J2000
2026-08-15T23:54:34.0989|INFO|BaseImageData.cs|SaveToDisk|346|Saved image to C:\Users\PrimaLuceLab\AppData\Local\NINA\PlateSolver\wicosszq.nza.fits
2026-08-15T23:55:39.9841|INFO|ImageSolver.cs|Solve|54|Platesolve successful: Coordinates: RA: 20:00:09; Dec: 40° 03' 03"; Epoch: J2000 - Position Angle: 89.62821474698768
2026-08-15T23:55:39.9861|INFO|CenteringSolver.cs|Center|99|Centering Solver - Scope Position: RA: 20:00:47; Dec: 22° 47' 45"; Epoch: JNOW; Offset: RA: 00:00:00; Dec: 00° 00' 00"; Distance: 00° 00' 00"; Bearing: 00° 00' 00"; Centering Coordinates: RA: 20:00:47; Dec: 22° 47' 47"; Epoch: JNOW; Solved: RA: 20:01:06; Dec: 40° 07' 35"; Epoch: JNOW; Separation RA: -00:00:19; Dec: -17° 19' 48"; Distance: 17° 19' 49"; Bearing: -00° 12' 25"; Threshold: 1
2026-08-15T23:55:40.2133|INFO|TelescopeVM.cs|Sync|777|Syncing scope from RA: 20:00:47; Dec: 22° 47' 45"; Epoch: JNOW to RA: 20:01:06; Dec: 40° 07' 35"; Epoch: JNOW
2026-08-15T23:55:45.2159|INFO|CenteringSolver.cs|Center|132|Slewing to target after sync. Current Position: RA: 20:01:07; Dec: 40° 07' 35"; Epoch: JNOW; Target coordinates: RA: 20:00:47; Dec: 22° 47' 47"; Epoch: JNOW; Offset RA: 00:00:00; Dec: 00° 00' 00"; Distance: 00° 00' 00"; Bearing: 00° 00' 00"
2026-08-15T23:55:45.2236|INFO|TelescopeVM.cs|SlewAsyncInternal|910|Slewing from RA: 20:01:07; Dec: 40° 07' 35"; Epoch: JNOW to RA: 20:00:47; Dec: 22° 47' 47"; Epoch: JNOW - Alt: 69° 56' 34"; Az: 192° 31' 17"
2026-08-15T23:56:02.7653|INFO|CameraVM.cs|Capture|742|Starting Exposure - Exposure Time: 15s; Filter: L-Pro; Gain: 15; Offset 132; Binning: 1x1;
2026-08-15T23:56:23.0261|INFO|ImageSolver.cs|Solve|41|Platesolving with parameters: FocalLength: 1260 PixelSize: 4.54 SearchRadius: 30 BlindFailoverEnabled: True Regions: 5000 DownSampleFactor: 2 MaxObjects: 500 Reference Coordinates RA: 19:59:36 Dec: 22° 43' 16" Epoch: J2000
2026-08-15T23:56:23.3082|INFO|BaseImageData.cs|SaveToDisk|346|Saved image to C:\Users\PrimaLuceLab\AppData\Local\NINA\PlateSolver\iwj5lxb5.qie.fits
2026-08-15T23:56:24.6339|INFO|ImageSolver.cs|Solve|54|Platesolve successful: Coordinates: RA: 19:59:46; Dec: 22° 43' 43"; Epoch: J2000 - Position Angle: 89.49748566161577
2026-08-15T23:56:24.6885|INFO|CenteringSolver.cs|Center|99|Centering Solver - Scope Position: RA: 20:00:51; Dec: 05° 28' 31"; Epoch: JNOW; Offset: RA: 00:00:00; Dec: 00° 00' 00"; Distance: 00° 00' 00"; Bearing: 00° 00' 00"; Centering Coordinates: RA: 20:00:47; Dec: 22° 47' 47"; Epoch: JNOW; Solved: RA: 20:00:57; Dec: 22° 48' 14"; Epoch: JNOW; Separation RA: -00:00:10; Dec: -00° 00' 27"; Distance: 00° 02' 20"; Bearing: -78° 43' 43"; Threshold: 1
2026-08-15T23:56:24.8267|INFO|TelescopeVM.cs|Sync|777|Syncing scope from RA: 20:00:51; Dec: 05° 28' 31"; Epoch: JNOW to RA: 20:00:57; Dec: 22° 48' 14"; Epoch: JNOW
2026-08-15T23:56:29.8304|INFO|CenteringSolver.cs|Center|132|Slewing to target after sync. Current Position: RA: 20:00:57; Dec: 22° 48' 14"; Epoch: JNOW; Target coordinates: RA: 20:00:47; Dec: 22° 47' 47"; Epoch: JNOW; Offset RA: 00:00:00; Dec: 00° 00' 00"; Distance: 00° 00' 00"; Bearing: 00° 00' 00"
2026-08-15T23:56:29.8369|INFO|TelescopeVM.cs|SlewAsyncInternal|910|Slewing from RA: 20:00:57; Dec: 22° 48' 14"; Epoch: JNOW to RA: 20:00:47; Dec: 22° 47' 47"; Epoch: JNOW - Alt: 69° 54' 45"; Az: 193° 00' 51"
2026-08-15T23:56:49.2120|INFO|CameraVM.cs|Capture|742|Starting Exposure - Exposure Time: 15s; Filter: L-Pro; Gain: 15; Offset 132; Binning: 1x1;
2026-08-15T23:57:09.4867|INFO|ImageSolver.cs|Solve|41|Platesolving with parameters: FocalLength: 1260 PixelSize: 4.54 SearchRadius: 30 BlindFailoverEnabled: True Regions: 5000 DownSampleFactor: 2 MaxObjects: 500 Reference Coordinates RA: 19:59:36 Dec: 22° 43' 16" Epoch: J2000
2026-08-15T23:57:09.8095|INFO|BaseImageData.cs|SaveToDisk|346|Saved image to C:\Users\PrimaLuceLab\AppData\Local\NINA\PlateSolver\z4jb4335.n41.fits
2026-08-15T23:58:11.9547|INFO|ImageSolver.cs|Solve|54|Platesolve successful: Coordinates: RA: 20:00:09; Dec: 40° 03' 08"; Epoch: J2000 - Position Angle: 89.6248171510959
2026-08-15T23:58:11.9568|INFO|CenteringSolver.cs|Center|99|Centering Solver - Scope Position: RA: 20:00:47; Dec: 22° 47' 45"; Epoch: JNOW; Offset: RA: 00:00:00; Dec: 00° 00' 00"; Distance: 00° 00' 00"; Bearing: 00° 00' 00"; Centering Coordinates: RA: 20:00:47; Dec: 22° 47' 47"; Epoch: JNOW; Solved: RA: 20:01:07; Dec: 40° 07' 40"; Epoch: JNOW; Separation RA: -00:00:20; Dec: -17° 19' 53"; Distance: 17° 19' 54"; Bearing: -00° 12' 39"; Threshold: 1
2026-08-15T23:58:12.0900|INFO|TelescopeVM.cs|Sync|777|Syncing scope from RA: 20:00:47; Dec: 22° 47' 45"; Epoch: JNOW to RA: 20:01:07; Dec: 40° 07' 40"; Epoch: JNOW
2026-08-15T23:58:17.0915|INFO|CenteringSolver.cs|Center|132|Slewing to target after sync. Current Position: RA: 20:01:07; Dec: 40° 07' 40"; Epoch: JNOW; Target coordinates: RA: 20:00:47; Dec: 22° 47' 47"; Epoch: JNOW; Offset RA: 00:00:00; Dec: 00° 00' 00"; Distance: 00° 00' 00"; Bearing: 00° 00' 00"
2026-08-15T23:58:17.1037|INFO|TelescopeVM.cs|SlewAsyncInternal|910|Slewing from RA: 20:01:07; Dec: 40° 07' 40"; Epoch: JNOW to RA: 20:00:47; Dec: 22° 47' 47"; Epoch: JNOW - Alt: 69° 50' 05"; Az: 194° 11' 36"
2026-08-15T23:58:34.5527|INFO|CameraVM.cs|Capture|742|Starting Exposure - Exposure Time: 15s; Filter: L-Pro; Gain: 15; Offset 132; Binning: 1x1;
2026-08-15T23:58:54.8508|INFO|ImageSolver.cs|Solve|41|Platesolving with parameters: FocalLength: 1260 PixelSize: 4.54 SearchRadius: 30 BlindFailoverEnabled: True Regions: 5000 DownSampleFactor: 2 MaxObjects: 500 Reference Coordinates RA: 19:59:36 Dec: 22° 43' 16" Epoch: J2000
2026-08-15T23:58:55.1310|INFO|BaseImageData.cs|SaveToDisk|346|Saved image to C:\Users\PrimaLuceLab\AppData\Local\NINA\PlateSolver\zi4ajgni.tsb.fits
2026-08-15T23:58:56.4609|INFO|ImageSolver.cs|Solve|54|Platesolve successful: Coordinates: RA: 19:59:46; Dec: 22° 43' 43"; Epoch: J2000 - Position Angle: 89.49346536434393
2026-08-15T23:58:56.4708|INFO|CenteringSolver.cs|Center|99|Centering Solver - Scope Position: RA: 20:00:51; Dec: 05° 28' 26"; Epoch: JNOW; Offset: RA: 00:00:00; Dec: 00° 00' 00"; Distance: 00° 00' 00"; Bearing: 00° 00' 00"; Centering Coordinates: RA: 20:00:47; Dec: 22° 47' 47"; Epoch: JNOW; Solved: RA: 20:00:57; Dec: 22° 48' 14"; Epoch: JNOW; Separation RA: -00:00:10; Dec: -00° 00' 27"; Distance: 00° 02' 15"; Bearing: -78° 18' 41"; Threshold: 1
2026-08-15T23:58:56.7333|INFO|TelescopeVM.cs|Sync|777|Syncing scope from RA: 20:00:51; Dec: 05° 28' 26"; Epoch: JNOW to RA: 20:00:57; Dec: 22° 48' 14"; Epoch: JNOW
2026-08-15T23:59:01.7348|INFO|CenteringSolver.cs|Center|132|Slewing to target after sync. Current Position: RA: 20:00:57; Dec: 22° 48' 14"; Epoch: JNOW; Target coordinates: RA: 20:00:47; Dec: 22° 47' 47"; Epoch: JNOW; Offset RA: 00:00:00; Dec: 00° 00' 00"; Distance: 00° 00' 00"; Bearing: 00° 00' 00"
2026-08-15T23:59:01.7429|INFO|TelescopeVM.cs|SlewAsyncInternal|910|Slewing from RA: 20:00:57; Dec: 22° 48' 14"; Epoch: JNOW to RA: 20:00:47; Dec: 22° 47' 47"; Epoch: JNOW - Alt: 69° 48' 02"; Az: 194° 40' 54"
2026-08-15T23:59:21.2309|INFO|CameraVM.cs|Capture|742|Starting Exposure - Exposure Time: 15s; Filter: L-Pro; Gain: 15; Offset 132; Binning: 1x1;
2026-08-15T23:59:40.4321|WARNING|DeviceUpdateTimer.cs|Run|115|Camera value update cycle took longer than the device poll interval (Total: 2.66s > 2s; Poll: 00:00:02.6634691; Update: 00:00:00.0003285)
2026-08-15T23:59:41.5127|INFO|ImageSolver.cs|Solve|41|Platesolving with parameters: FocalLength: 1260 PixelSize: 4.54 SearchRadius: 30 BlindFailoverEnabled: True Regions: 5000 DownSampleFactor: 2 MaxObjects: 500 Reference Coordinates RA: 19:59:36 Dec: 22° 43' 16" Epoch: J2000
2026-08-15T23:59:41.8272|INFO|BaseImageData.cs|SaveToDisk|346|Saved image to C:\Users\PrimaLuceLab\AppData\Local\NINA\PlateSolver\j5jdj4av.kyi.fits
2026-08-16T00:00:49.1365|INFO|ImageSolver.cs|Solve|54|Platesolve successful: Coordinates: RA: 20:00:09; Dec: 40° 03' 12"; Epoch: J2000 - Position Angle: 89.62575669924115
2026-08-16T00:00:49.1398|INFO|CenteringSolver.cs|Center|99|Centering Solver - Scope Position: RA: 20:00:47; Dec: 22° 47' 45"; Epoch: JNOW; Offset: RA: 00:00:00; Dec: 00° 00' 00"; Distance: 00° 00' 00"; Bearing: 00° 00' 00"; Centering Coordinates: RA: 20:00:47; Dec: 22° 47' 47"; Epoch: JNOW; Solved: RA: 20:01:07; Dec: 40° 07' 44"; Epoch: JNOW; Separation RA: -00:00:20; Dec: -17° 19' 57"; Distance: 17° 19' 57"; Bearing: -00° 12' 36"; Threshold: 1
2026-08-16T00:00:49.2825|INFO|TelescopeVM.cs|Sync|777|Syncing scope from RA: 20:00:47; Dec: 22° 47' 45"; Epoch: JNOW to RA: 20:01:07; Dec: 40° 07' 44"; Epoch: JNOW
2026-08-16T00:00:54.2878|INFO|CenteringSolver.cs|Center|132|Slewing to target after sync. Current Position: RA: 20:01:07; Dec: 40° 07' 44"; Epoch: JNOW; Target coordinates: RA: 20:00:47; Dec: 22° 47' 47"; Epoch: JNOW; Offset RA: 00:00:00; Dec: 00° 00' 00"; Distance: 00° 00' 00"; Bearing: 00° 00' 00"
2026-08-16T00:00:54.2965|INFO|TelescopeVM.cs|SlewAsyncInternal|910|Slewing from RA: 20:01:07; Dec: 40° 07' 44"; Epoch: JNOW to RA: 20:00:47; Dec: 22° 47' 47"; Epoch: JNOW - Alt: 69° 42' 32"; Az: 195° 54' 23"
2026-08-16T00:01:12.5219|INFO|CameraVM.cs|Capture|742|Starting Exposure - Exposure Time: 15s; Filter: L-Pro; Gain: 15; Offset 132; Binning: 1x1;
2026-08-16T00:01:32.7662|INFO|ImageSolver.cs|Solve|41|Platesolving with parameters: FocalLength: 1260 PixelSize: 4.54 SearchRadius: 30 BlindFailoverEnabled: True Regions: 5000 DownSampleFactor: 2 MaxObjects: 500 Reference Coordinates RA: 19:59:36 Dec: 22° 43' 16" Epoch: J2000
2026-08-16T00:01:33.1125|INFO|BaseImageData.cs|SaveToDisk|346|Saved image to C:\Users\PrimaLuceLab\AppData\Local\NINA\PlateSolver\dqdjcl1u.k3k.fits
2026-08-16T00:01:34.4641|INFO|ImageSolver.cs|Solve|54|Platesolve successful: Coordinates: RA: 19:59:46; Dec: 22° 43' 44"; Epoch: J2000 - Position Angle: 89.49714945025642
2026-08-16T00:01:34.4663|INFO|CenteringSolver.cs|Center|99|Centering Solver - Scope Position: RA: 20:00:51; Dec: 05° 28' 22"; Epoch: JNOW; Offset: RA: 00:00:00; Dec: 00° 00' 00"; Distance: 00° 00' 00"; Bearing: 00° 00' 00"; Centering Coordinates: RA: 20:00:47; Dec: 22° 47' 47"; Epoch: JNOW; Solved: RA: 20:00:57; Dec: 22° 48' 15"; Epoch: JNOW; Separation RA: -00:00:10; Dec: -00° 00' 28"; Distance: 00° 02' 18"; Bearing: -78° 16' 04"; Threshold: 1
2026-08-16T00:01:34.5598|INFO|TelescopeVM.cs|Sync|777|Syncing scope from RA: 20:00:51; Dec: 05° 28' 22"; Epoch: JNOW to RA: 20:00:57; Dec: 22° 48' 15"; Epoch: JNOW
2026-08-16T00:01:39.5625|INFO|CenteringSolver.cs|Center|132|Slewing to target after sync. Current Position: RA: 20:00:57; Dec: 22° 48' 15"; Epoch: JNOW; Target coordinates: RA: 20:00:47; Dec: 22° 47' 47"; Epoch: JNOW; Offset RA: 00:00:00; Dec: 00° 00' 00"; Distance: 00° 00' 00"; Bearing: 00° 00' 00"
2026-08-16T00:01:39.5827|INFO|TelescopeVM.cs|SlewAsyncInternal|910|Slewing from RA: 20:00:57; Dec: 22° 48' 15"; Epoch: JNOW to RA: 20:00:47; Dec: 22° 47' 47"; Epoch: JNOW - Alt: 69° 40' 13"; Az: 196° 23' 46"
2026-08-16T00:01:58.8071|ERROR|CenteringSolver.cs|Center|160|Cancelling centering after 10 unsuccessful slew attempts
2026-08-16T00:01:58.8072|INFO|CenteringSolver.cs|Center|165|Restoring filter to Red after centering
2026-08-16T00:01:58.9185|INFO|FilterWheelVM.cs|ChangeFilter|112|Moving to Filter Red at Position 2
2026-08-16T00:02:05.2738|ERROR|SequenceItem.cs|Run|263|Category: Telescopio, Item: Center, Coordinates RA: 19:59:36; Dec: 22° 43' 16"; Epoch: J2000 - 
NINA.Core.Model.SequenceEntityFailedException: Platesolve fallito
   at NINA.Sequencer.SequenceItem.Platesolving.Center.Execute(IProgress`1 progress, CancellationToken token) in /_/NINA.Sequencer/SequenceItem/Platesolving/Center.cs:line 196
   at NINA.Sequencer.SequenceItem.SequenceItem.Run(IProgress`1 progress, CancellationToken token) in /_/NINA.Sequencer/SequenceItem/SequenceItem.cs:line 249
2026-08-16T00:02:05.7934|INFO|PHD2Guider.cs|StopGuiding|704|Phd2 - Stop Guiding skipped, as the app is already in state Stopped
2026-08-16T00:02:05.9299|INFO|TelescopeVM.cs|SlewAsyncInternal|910|Slewing from RA: 20:00:47; Dec: 22° 47' 47"; Epoch: JNOW to RA: 20:00:47; Dec: 22° 47' 47"; Epoch: JNOW - Alt: 69° 38' 50"; Az: 196° 40' 45"
2026-08-16T00:02:20.2887|INFO|FilterWheelVM.cs|ChangeFilter|112|Moving to Filter L-Pro at Position 0
2026-08-16T00:02:37.8238|INFO|CameraVM.cs|Capture|742|Starting Exposure - Exposure Time: 15s; Filter: L-Pro; Gain: 15; Offset 132; Binning: 1x1;
2026-08-16T00:02:58.0995|INFO|ImageSolver.cs|Solve|41|Platesolving with parameters: FocalLength: 1260 PixelSize: 4.54 SearchRadius: 30 BlindFailoverEnabled: True Regions: 5000 DownSampleFactor: 2 MaxObjects: 500 Reference Coordinates RA: 19:59:36 Dec: 22° 43' 16" Epoch: J2000
2026-08-16T00:02:58.4467|INFO|BaseImageData.cs|SaveToDisk|346|Saved image to C:\Users\PrimaLuceLab\AppData\Local\NINA\PlateSolver\giocisli.hqo.fits
2026-08-16T00:03:52.1163|INFO|ImageSolver.cs|Solve|54|Platesolve successful: Coordinates: RA: 20:00:10; Dec: 40° 03' 18"; Epoch: J2000 - Position Angle: 89.62675327745967
2026-08-16T00:03:52.1182|INFO|CenteringSolver.cs|Center|99|Centering Solver - Scope Position: RA: 20:00:47; Dec: 22° 47' 45"; Epoch: JNOW; Offset: RA: 00:00:00; Dec: 00° 00' 00"; Distance: 00° 00' 00"; Bearing: 00° 00' 00"; Centering Coordinates: RA: 20:00:47; Dec: 22° 47' 47"; Epoch: JNOW; Solved: RA: 20:01:07; Dec: 40° 07' 50"; Epoch: JNOW; Separation RA: -00:00:20; Dec: -17° 20' 03"; Distance: 17° 20' 04"; Bearing: -00° 13' 08"; Threshold: 1
2026-08-16T00:03:52.2697|INFO|TelescopeVM.cs|Sync|777|Syncing scope from RA: 20:00:47; Dec: 22° 47' 45"; Epoch: JNOW to RA: 20:01:07; Dec: 40° 07' 50"; Epoch: JNOW
2026-08-16T00:03:57.2711|INFO|CenteringSolver.cs|Center|132|Slewing to target after sync. Current Position: RA: 20:01:08; Dec: 40° 07' 50"; Epoch: JNOW; Target coordinates: RA: 20:00:47; Dec: 22° 47' 47"; Epoch: JNOW; Offset RA: 00:00:00; Dec: 00° 00' 00"; Distance: 00° 00' 00"; Bearing: 00° 00' 00"
2026-08-16T00:03:57.2880|INFO|TelescopeVM.cs|SlewAsyncInternal|910|Slewing from RA: 20:01:08; Dec: 40° 07' 50"; Epoch: JNOW to RA: 20:00:47; Dec: 22° 47' 47"; Epoch: JNOW - Alt: 69° 32' 43"; Az: 197° 52' 32"
2026-08-16T00:04:14.7796|INFO|CameraVM.cs|Capture|742|Starting Exposure - Exposure Time: 15s; Filter: L-Pro; Gain: 15; Offset 132; Binning: 1x1;
2026-08-16T00:04:35.0732|INFO|ImageSolver.cs|Solve|41|Platesolving with parameters: FocalLength: 1260 PixelSize: 4.54 SearchRadius: 30 BlindFailoverEnabled: True Regions: 5000 DownSampleFactor: 2 MaxObjects: 500 Reference Coordinates RA: 19:59:36 Dec: 22° 43' 16" Epoch: J2000
2026-08-16T00:04:35.3527|INFO|BaseImageData.cs|SaveToDisk|346|Saved image to C:\Users\PrimaLuceLab\AppData\Local\NINA\PlateSolver\mfvofprd.shp.fits
2026-08-16T00:04:36.6752|INFO|ImageSolver.cs|Solve|54|Platesolve successful: Coordinates: RA: 19:59:46; Dec: 22° 43' 43"; Epoch: J2000 - Position Angle: 89.49522964761854
2026-08-16T00:04:36.6773|INFO|CenteringSolver.cs|Center|99|Centering Solver - Scope Position: RA: 20:00:50; Dec: 05° 28' 16"; Epoch: JNOW; Offset: RA: 00:00:00; Dec: 00° 00' 00"; Distance: 00° 00' 00"; Bearing: 00° 00' 00"; Centering Coordinates: RA: 20:00:47; Dec: 22° 47' 47"; Epoch: JNOW; Solved: RA: 20:00:56; Dec: 22° 48' 14"; Epoch: JNOW; Separation RA: -00:00:09; Dec: -00° 00' 27"; Distance: 00° 02' 10"; Bearing: -77° 52' 06"; Threshold: 1
2026-08-16T00:04:36.8009|INFO|TelescopeVM.cs|Sync|777|Syncing scope from RA: 20:00:50; Dec: 05° 28' 16"; Epoch: JNOW to RA: 20:00:56; Dec: 22° 48' 14"; Epoch: JNOW
2026-08-16T00:04:41.8027|INFO|CenteringSolver.cs|Center|132|Slewing to target after sync. Current Position: RA: 20:00:57; Dec: 22° 48' 14"; Epoch: JNOW; Target coordinates: RA: 20:00:47; Dec: 22° 47' 47"; Epoch: JNOW; Offset RA: 00:00:00; Dec: 00° 00' 00"; Distance: 00° 00' 00"; Bearing: 00° 00' 00"
2026-08-16T00:04:41.8097|INFO|TelescopeVM.cs|SlewAsyncInternal|910|Slewing from RA: 20:00:57; Dec: 22° 48' 14"; Epoch: JNOW to RA: 20:00:47; Dec: 22° 47' 47"; Epoch: JNOW - Alt: 69° 30' 09"; Az: 198° 21' 01"
2026-08-16T00:05:01.1245|INFO|CameraVM.cs|Capture|742|Starting Exposure - Exposure Time: 15s; Filter: L-Pro; Gain: 15; Offset 132; Binning: 1x1;
2026-08-16T00:05:20.3068|WARNING|DeviceUpdateTimer.cs|Run|115|Camera value update cycle took longer than the device poll interval (Total: 2.37s > 2s; Poll: 00:00:02.3691509; Update: 00:00:00.0001728)
2026-08-16T00:05:21.3449|INFO|ImageSolver.cs|Solve|41|Platesolving with parameters: FocalLength: 1260 PixelSize: 4.54 SearchRadius: 30 BlindFailoverEnabled: True Regions: 5000 DownSampleFactor: 2 MaxObjects: 500 Reference Coordinates RA: 19:59:36 Dec: 22° 43' 16" Epoch: J2000
2026-08-16T00:05:21.6864|INFO|BaseImageData.cs|SaveToDisk|346|Saved image to C:\Users\PrimaLuceLab\AppData\Local\NINA\PlateSolver\hyvahbdk.p00.fits
2026-08-16T00:06:14.3811|INFO|ImageSolver.cs|Solve|54|Platesolve successful: Coordinates: RA: 20:00:10; Dec: 40° 03' 22"; Epoch: J2000 - Position Angle: 89.62234431495665
2026-08-16T00:06:14.3862|INFO|CenteringSolver.cs|Center|99|Centering Solver - Scope Position: RA: 20:00:47; Dec: 22° 47' 45"; Epoch: JNOW; Offset: RA: 00:00:00; Dec: 00° 00' 00"; Distance: 00° 00' 00"; Bearing: 00° 00' 00"; Centering Coordinates: RA: 20:00:47; Dec: 22° 47' 47"; Epoch: JNOW; Solved: RA: 20:01:08; Dec: 40° 07' 54"; Epoch: JNOW; Separation RA: -00:00:21; Dec: -17° 20' 07"; Distance: 17° 20' 07"; Bearing: -00° 13' 29"; Threshold: 1
2026-08-16T00:06:14.5674|INFO|TelescopeVM.cs|Sync|777|Syncing scope from RA: 20:00:47; Dec: 22° 47' 45"; Epoch: JNOW to RA: 20:01:08; Dec: 40° 07' 54"; Epoch: JNOW
2026-08-16T00:06:19.5684|INFO|CenteringSolver.cs|Center|132|Slewing to target after sync. Current Position: RA: 20:01:08; Dec: 40° 07' 54"; Epoch: JNOW; Target coordinates: RA: 20:00:47; Dec: 22° 47' 47"; Epoch: JNOW; Offset RA: 00:00:00; Dec: 00° 00' 00"; Distance: 00° 00' 00"; Bearing: 00° 00' 00"
2026-08-16T00:06:19.5707|INFO|TelescopeVM.cs|SlewAsyncInternal|910|Slewing from RA: 20:01:08; Dec: 40° 07' 54"; Epoch: JNOW to RA: 20:00:47; Dec: 22° 47' 47"; Epoch: JNOW - Alt: 69° 24' 18"; Az: 199° 23' 13"
2026-08-16T00:06:36.9703|INFO|CameraVM.cs|Capture|742|Starting Exposure - Exposure Time: 15s; Filter: L-Pro; Gain: 15; Offset 132; Binning: 1x1;
2026-08-16T00:06:57.1762|INFO|ImageSolver.cs|Solve|41|Platesolving with parameters: FocalLength: 1260 PixelSize: 4.54 SearchRadius: 30 BlindFailoverEnabled: True Regions: 5000 DownSampleFactor: 2 MaxObjects: 500 Reference Coordinates RA: 19:59:36 Dec: 22° 43' 16" Epoch: J2000
2026-08-16T00:06:57.5252|INFO|BaseImageData.cs|SaveToDisk|346|Saved image to C:\Users\PrimaLuceLab\AppData\Local\NINA\PlateSolver\y41esbwm.r3h.fits
2026-08-16T00:06:59.0994|INFO|ImageSolver.cs|Solve|54|Platesolve successful: Coordinates: RA: 19:59:46; Dec: 22° 43' 43"; Epoch: J2000 - Position Angle: 89.4930848215277
2026-08-16T00:06:59.1018|INFO|CenteringSolver.cs|Center|99|Centering Solver - Scope Position: RA: 20:00:50; Dec: 05° 28' 13"; Epoch: JNOW; Offset: RA: 00:00:00; Dec: 00° 00' 00"; Distance: 00° 00' 00"; Bearing: 00° 00' 00"; Centering Coordinates: RA: 20:00:47; Dec: 22° 47' 47"; Epoch: JNOW; Solved: RA: 20:00:57; Dec: 22° 48' 14"; Epoch: JNOW; Separation RA: -00:00:10; Dec: -00° 00' 27"; Distance: 00° 02' 16"; Bearing: -78° 39' 52"; Threshold: 1
2026-08-16T00:06:59.4533|INFO|TelescopeVM.cs|Sync|777|Syncing scope from RA: 20:00:50; Dec: 05° 28' 13"; Epoch: JNOW to RA: 20:00:57; Dec: 22° 48' 14"; Epoch: JNOW
2026-08-16T00:07:04.4576|INFO|CenteringSolver.cs|Center|132|Slewing to target after sync. Current Position: RA: 20:00:57; Dec: 22° 48' 14"; Epoch: JNOW; Target coordinates: RA: 20:00:47; Dec: 22° 47' 47"; Epoch: JNOW; Offset RA: 00:00:00; Dec: 00° 00' 00"; Distance: 00° 00' 00"; Bearing: 00° 00' 00"
2026-08-16T00:07:04.4652|INFO|TelescopeVM.cs|SlewAsyncInternal|910|Slewing from RA: 20:00:57; Dec: 22° 48' 14"; Epoch: JNOW to RA: 20:00:47; Dec: 22° 47' 47"; Epoch: JNOW - Alt: 69° 21' 31"; Az: 199° 51' 35"
2026-08-16T00:07:23.8523|INFO|CameraVM.cs|Capture|742|Starting Exposure - Exposure Time: 15s; Filter: L-Pro; Gain: 15; Offset 132; Binning: 1x1;
2026-08-16T00:07:44.1087|INFO|ImageSolver.cs|Solve|41|Platesolving with parameters: FocalLength: 1260 PixelSize: 4.54 SearchRadius: 30 BlindFailoverEnabled: True Regions: 5000 DownSampleFactor: 2 MaxObjects: 500 Reference Coordinates RA: 19:59:36 Dec: 22° 43' 16" Epoch: J2000
2026-08-16T00:07:44.4578|INFO|BaseImageData.cs|SaveToDisk|346|Saved image to C:\Users\PrimaLuceLab\AppData\Local\NINA\PlateSolver\dnjuy4oq.now.fits
2026-08-16T00:07:45.8280|INFO|ImageSolver.cs|Solve|41|Platesolving with parameters: FocalLength: 1260 PixelSize: 4.54 SearchRadius: 30 BlindFailoverEnabled: True Regions: 5000 DownSampleFactor: 2 MaxObjects: 500 
2026-08-16T00:07:45.8351|INFO|ImageSolver.cs|Solve|56|Platesolve failed
2026-08-16T00:07:45.8352|INFO|ImageSolver.cs|Solve|56|Platesolve failed
2026-08-16T00:07:45.8353|INFO|CenteringSolver.cs|Center|165|Restoring filter to Red after centering
2026-08-16T00:07:45.9459|INFO|FilterWheelVM.cs|ChangeFilter|112|Moving to Filter Red at Position 2
2026-08-16T00:07:52.4739|ERROR|SequenceItem.cs|Run|263|Category: Telescopio, Item: Center, Coordinates RA: 19:59:36; Dec: 22° 43' 16"; Epoch: J2000 - 
NINA.Core.Model.SequenceEntityFailedException: Platesolve fallito
   at NINA.Sequencer.SequenceItem.Platesolving.Center.Execute(IProgress`1 progress, CancellationToken token) in /_/NINA.Sequencer/SequenceItem/Platesolving/Center.cs:line 196
   at NINA.Sequencer.SequenceItem.SequenceItem.Run(IProgress`1 progress, CancellationToken token) in /_/NINA.Sequencer/SequenceItem/SequenceItem.cs:line 249
2026-08-16T00:07:53.1100|INFO|PHD2Guider.cs|StopGuiding|704|Phd2 - Stop Guiding skipped, as the app is already in state Stopped
2026-08-16T00:07:53.4281|INFO|TelescopeVM.cs|SlewAsyncInternal|910|Slewing from RA: 20:00:47; Dec: 22° 47' 46"; Epoch: JNOW to RA: 20:00:47; Dec: 22° 47' 47"; Epoch: JNOW - Alt: 69° 18' 25"; Az: 200° 22' 13"
2026-08-16T00:07:53.6237|INFO|Sequencer.cs|Start|85|Sequence run was cancelled
2026-08-16T00:07:53.6240|INFO|Sequence2VM.cs|StartSequence|548|Advanced Sequence finished
2026-08-16T00:08:14.3311|INFO|Sequence2VM.cs|UnlockSequence|144|Sequencer locked
2026-08-16T00:08:44.1008|INFO|Sequence2VM.cs|LockSequence|139|Sequencer unlocked
2026-08-16T00:10:12.8849|INFO|AscomDevice.cs|Disconnect|378|Disconnecting from ASCOM.Optec ASCOM.Telescope CPWI_ASCOM_Telescope
2026-08-16T00:10:12.9482|INFO|TelescopeVM.cs|Disconnect|740|Disconnected mount
2026-08-16T00:16:56.9895|INFO|ApplicationDeviceConnectionVM.cs|UsbDeviceWatcher_DeviceRemoved|237|USB Device disconnected DeviceId: USB\VID_15A2&PID_A50F\_CGX_V1, PnpDeviceId: USB\VID_15A2&PID_A50F\_CGX_V1, Description: Dispositivo seriale USB, Name: USB Serial Device (COM15), Manufacturer: Microsoft, Service: usbser, Status: OK
2026-08-16T00:17:12.7911|INFO|ApplicationDeviceConnectionVM.cs|UsbDeviceWatcher_DeviceInserted|232|New USB device detected DeviceId: USB\VID_15A2&PID_A50F\_CGX_V1, PnpDeviceId: USB\VID_15A2&PID_A50F\_CGX_V1, Description: Dispositivo seriale USB, Name: USB Serial Device (COM15), Manufacturer: Microsoft, Service: usbser, Status: OK
2026-08-16T00:25:26.1920|INFO|TelescopeVM.cs|Disconnect|740|Disconnected mount
2026-08-16T00:25:27.6257|INFO|AscomTelescope.cs|CheckMountTime|845|Mount UTC Time: 2026-08-15 22:25:27Z / System UTC Time: 2026-08-15 22:25:27Z; Difference: 0.002 seconds
2026-08-16T00:25:27.6617|INFO|AscomTelescope.cs|CheckMountTime|865|Mount driver does not allow the mount's time to be set.
2026-08-16T00:25:27.6825|INFO|AscomDevice.cs|GetProperty|527|Property Telescope.SiteElevation GET is not implemented in this driver (CPWI_ASCOM_Telescope)
2026-08-16T00:25:28.0346|INFO|TelescopeVM.cs|ChooseTelescope|535|Successfully connected mount. Id: ASCOM.Optec ASCOM.Telescope Name: CPWI_ASCOM_Telescope DisplayName: CPWI_ASCOM_Telescope (ASCOM) Driver Version: 2.5.8.99  with DLL Assembly Date: July_1_2020
2026-08-16T00:25:32.0439|INFO|PHD2Guider.cs|Connect|205|Connecting to PHD2 server at 127.0.0.1:4400
2026-08-16T00:25:32.4540|ERROR|PHD2Guider.cs|ProfileSelectionChanged|259|No profile selected
2026-08-16T00:25:49.9261|INFO|Sequence2VM.cs|StartSequence|543|Advanced Sequence starting
2026-08-16T00:25:54.5868|INFO|Sequence2VM.cs|StartSequence|548|Advanced Sequence finished
2026-08-16T00:26:21.2750|INFO|Sequence2VM.cs|UnlockSequence|144|Sequencer locked
2026-08-16T00:26:26.4090|INFO|Sequence2VM.cs|StartSequence|543|Advanced Sequence starting
2026-08-16T00:26:26.4155|INFO|SequenceItem.cs|Run|208|Starting Category: * Set di Istruzioni *, Container: NINA.Sequencer.Container.SequenceRootContainer, Strategy: SequentialStrategy, Items[CREATED]: 3, Triggers: Trigger: MeridianFlipTriggerTrigger: RestoreGuidingTrigger: AutofocusAfterHFRIncreaseTrigger, Amount: 5Trigger: AutofocusAfterFilterChange
2026-08-16T00:26:26.4157|INFO|MeridianFlipTrigger.cs|ShouldTrigger|204|Meridian Flip - Telescope is not tracking. Skip flip evaluation
2026-08-16T00:26:26.4158|INFO|SequenceItem.cs|Run|208|Starting Category: * Set di Istruzioni *, Container: NINA.Sequencer.Container.StartAreaContainer, Strategy: SequentialStrategy, Items[CREATED]: 2
2026-08-16T00:26:26.4159|INFO|MeridianFlipTrigger.cs|ShouldTrigger|204|Meridian Flip - Telescope is not tracking. Skip flip evaluation
2026-08-16T00:26:26.4159|INFO|SequenceItem.cs|Run|208|Starting Category: Utilità, Item: Annotation, Text: VERSION: 1
2026-08-16T00:26:26.4160|INFO|SequenceItem.cs|Run|254|Finishing Category: Utilità, Item: Annotation, Text: VERSION: 1
2026-08-16T00:26:26.4162|INFO|MeridianFlipTrigger.cs|ShouldTrigger|204|Meridian Flip - Telescope is not tracking. Skip flip evaluation
2026-08-16T00:26:26.4165|INFO|SequenceItem.cs|Run|208|Starting Category: * Set di Istruzioni *, Container: NINA.Sequencer.Container.SequentialContainer, Strategy: SequentialStrategy, Items[CREATED]: 4
2026-08-16T00:26:26.4168|INFO|MeridianFlipTrigger.cs|ShouldTrigger|204|Meridian Flip - Telescope is not tracking. Skip flip evaluation
2026-08-16T00:26:26.4168|INFO|SequenceItem.cs|Run|208|Starting Category: Utilità, Item: Annotation, Text: VERSION: 1
2026-08-16T00:26:26.4168|INFO|SequenceItem.cs|Run|254|Finishing Category: Utilità, Item: Annotation, Text: VERSION: 1
2026-08-16T00:26:26.4169|INFO|MeridianFlipTrigger.cs|ShouldTrigger|204|Meridian Flip - Telescope is not tracking. Skip flip evaluation
2026-08-16T00:26:26.4170|INFO|SequenceItem.cs|Run|208|Starting Category: * Set di Istruzioni *, Container: NINA.Sequencer.Container.SequentialContainer, Strategy: SequentialStrategy, Items[CREATED]: 4
2026-08-16T00:26:26.4171|INFO|MeridianFlipTrigger.cs|ShouldTrigger|204|Meridian Flip - Telescope is not tracking. Skip flip evaluation
2026-08-16T00:26:26.4171|INFO|SequenceItem.cs|Run|208|Starting Category: Utilità, Item: Annotation, Text: This Startup Sequence ensures an ASCOM Safety Monitor will function in a sequence as expected.
2026-08-16T00:26:26.4172|INFO|SequenceItem.cs|Run|254|Finishing Category: Utilità, Item: Annotation, Text: This Startup Sequence ensures an ASCOM Safety Monitor will function in a sequence as expected.
2026-08-16T00:26:26.4172|INFO|MeridianFlipTrigger.cs|ShouldTrigger|204|Meridian Flip - Telescope is not tracking. Skip flip evaluation
2026-08-16T00:26:26.4173|INFO|SequenceItem.cs|Run|208|Starting Category: Utilità, Item: Annotation, Text: The CONNECTOR Plugin is used in this Sequence.
2026-08-16T00:26:26.4173|INFO|SequenceItem.cs|Run|254|Finishing Category: Utilità, Item: Annotation, Text: The CONNECTOR Plugin is used in this Sequence.
2026-08-16T00:26:26.4173|INFO|MeridianFlipTrigger.cs|ShouldTrigger|204|Meridian Flip - Telescope is not tracking. Skip flip evaluation
2026-08-16T00:26:26.4188|INFO|SequenceItem.cs|Run|208|Starting Category: Utilità, Item: Annotation, Text: A Switch is also used within this Startup Sequence.
2026-08-16T00:26:26.4188|INFO|SequenceItem.cs|Run|254|Finishing Category: Utilità, Item: Annotation, Text: A Switch is also used within this Startup Sequence.
2026-08-16T00:26:26.4189|INFO|MeridianFlipTrigger.cs|ShouldTrigger|204|Meridian Flip - Telescope is not tracking. Skip flip evaluation
2026-08-16T00:26:26.4190|INFO|SequenceItem.cs|Run|208|Starting Category: Utilità, Item: Annotation, Text: The sequence uses Nautical Dusk and Nautical Dawn along with a number of time offsets. Adjust this as desired.
2026-08-16T00:26:26.4190|INFO|SequenceItem.cs|Run|254|Finishing Category: Utilità, Item: Annotation, Text: The sequence uses Nautical Dusk and Nautical Dawn along with a number of time offsets. Adjust this as desired.
2026-08-16T00:26:26.4191|INFO|SequenceItem.cs|Run|254|Finishing Category: * Set di Istruzioni *, Container: NINA.Sequencer.Container.SequentialContainer, Strategy: SequentialStrategy, Items[FINISHED]: 4
2026-08-16T00:26:26.4191|INFO|MeridianFlipTrigger.cs|ShouldTrigger|204|Meridian Flip - Telescope is not tracking. Skip flip evaluation
2026-08-16T00:26:26.4192|INFO|SequenceItem.cs|Run|208|Starting Category: * Set di Istruzioni *, Container: NINA.Sequencer.Container.SequentialContainer, Strategy: SequentialStrategy, Items[CREATED]: 11
2026-08-16T00:26:26.4193|INFO|MeridianFlipTrigger.cs|ShouldTrigger|204|Meridian Flip - Telescope is not tracking. Skip flip evaluation
2026-08-16T00:26:26.4194|INFO|SequenceItem.cs|Run|208|Starting Category: Utilità, Item: WaitForTime, Time: 21:32:27h, Offset: -30
2026-08-16T00:26:26.4195|INFO|SequenceItem.cs|Run|254|Finishing Category: Utilità, Item: WaitForTime, Time: 21:32:27h, Offset: -30
2026-08-16T00:26:26.4195|INFO|MeridianFlipTrigger.cs|ShouldTrigger|204|Meridian Flip - Telescope is not tracking. Skip flip evaluation
2026-08-16T00:26:26.4196|INFO|SequenceItem.cs|Run|208|Starting Category: Connetti, Item: ConnectEquipment, Selected device: Weather, Selected device id: ASCOM.CloudWatcher.ObservingConditions
2026-08-16T00:26:26.4197|INFO|ConnectEquipment.cs|Execute|186|Weather is already connected
2026-08-16T00:26:26.4197|INFO|SequenceItem.cs|Run|254|Finishing Category: Connetti, Item: ConnectEquipment, Selected device: Weather, Selected device id: ASCOM.CloudWatcher.ObservingConditions
2026-08-16T00:26:26.4197|INFO|MeridianFlipTrigger.cs|ShouldTrigger|204|Meridian Flip - Telescope is not tracking. Skip flip evaluation
2026-08-16T00:26:26.4198|INFO|SequenceItem.cs|Run|208|Starting Category: Connetti, Item: ConnectEquipment, Selected device: Safety Monitor, Selected device id: ASCOM.Hub.SafetyMonitor
2026-08-16T00:26:26.4198|INFO|ConnectEquipment.cs|Execute|186|Safety Monitor is already connected
2026-08-16T00:26:26.4199|INFO|SequenceItem.cs|Run|254|Finishing Category: Connetti, Item: ConnectEquipment, Selected device: Safety Monitor, Selected device id: ASCOM.Hub.SafetyMonitor
2026-08-16T00:26:26.4199|INFO|MeridianFlipTrigger.cs|ShouldTrigger|204|Meridian Flip - Telescope is not tracking. Skip flip evaluation
2026-08-16T00:26:26.4358|INFO|SequenceItem.cs|Run|208|Starting Category: Monitor Di Sicurezza, Item: WaitUntilSafe
2026-08-16T00:26:26.4359|INFO|SequenceItem.cs|Run|254|Finishing Category: Monitor Di Sicurezza, Item: WaitUntilSafe
2026-08-16T00:26:26.4360|INFO|MeridianFlipTrigger.cs|ShouldTrigger|204|Meridian Flip - Telescope is not tracking. Skip flip evaluation
2026-08-16T00:26:26.4361|INFO|SequenceItem.cs|Run|208|Starting Category: Connetti, Item: ConnectEquipment, Selected device: Camera, Selected device id: 695A-M-0037ec709603ca4e3
2026-08-16T00:26:26.4362|INFO|ConnectEquipment.cs|Execute|186|Camera is already connected
2026-08-16T00:26:26.4362|INFO|SequenceItem.cs|Run|254|Finishing Category: Connetti, Item: ConnectEquipment, Selected device: Camera, Selected device id: 695A-M-0037ec709603ca4e3
2026-08-16T00:26:26.4363|INFO|MeridianFlipTrigger.cs|ShouldTrigger|204|Meridian Flip - Telescope is not tracking. Skip flip evaluation
2026-08-16T00:26:26.4363|INFO|SequenceItem.cs|Run|208|Starting Category: Connetti, Item: ConnectEquipment, Selected device: Focuser, Selected device id: ASCOM.PegasusAstro.Focuser
2026-08-16T00:26:26.4364|INFO|ConnectEquipment.cs|Execute|186|Focuser is already connected
2026-08-16T00:26:26.4364|INFO|SequenceItem.cs|Run|254|Finishing Category: Connetti, Item: ConnectEquipment, Selected device: Focuser, Selected device id: ASCOM.PegasusAstro.Focuser
2026-08-16T00:26:26.4365|INFO|MeridianFlipTrigger.cs|ShouldTrigger|204|Meridian Flip - Telescope is not tracking. Skip flip evaluation
2026-08-16T00:26:26.4366|INFO|SequenceItem.cs|Run|208|Starting Category: Connetti, Item: ConnectEquipment, Selected device: Filter Wheel, Selected device id: 695A-M-0037ec709603ca4e3
2026-08-16T00:26:26.4366|INFO|ConnectEquipment.cs|Execute|186|Filter Wheel is already connected
2026-08-16T00:26:26.4367|INFO|SequenceItem.cs|Run|254|Finishing Category: Connetti, Item: ConnectEquipment, Selected device: Filter Wheel, Selected device id: 695A-M-0037ec709603ca4e3
2026-08-16T00:26:26.4367|INFO|MeridianFlipTrigger.cs|ShouldTrigger|204|Meridian Flip - Telescope is not tracking. Skip flip evaluation
2026-08-16T00:26:26.4368|INFO|SequenceItem.cs|Run|208|Starting Category: Connetti, Item: ConnectEquipment, Selected device: Mount, Selected device id: ASCOM.Optec ASCOM.Telescope
2026-08-16T00:26:26.4369|INFO|ConnectEquipment.cs|Execute|186|Mount is already connected
2026-08-16T00:26:26.4369|INFO|SequenceItem.cs|Run|254|Finishing Category: Connetti, Item: ConnectEquipment, Selected device: Mount, Selected device id: ASCOM.Optec ASCOM.Telescope
2026-08-16T00:26:26.4369|INFO|MeridianFlipTrigger.cs|ShouldTrigger|204|Meridian Flip - Telescope is not tracking. Skip flip evaluation
2026-08-16T00:26:26.4370|INFO|SequenceItem.cs|Run|208|Starting Category: Connetti, Item: ConnectEquipment, Selected device: Dome, Selected device id: ASCOM.TS_Shelter.Dome
2026-08-16T00:26:26.4371|INFO|ConnectEquipment.cs|Execute|186|Dome is already connected
2026-08-16T00:26:26.4371|INFO|SequenceItem.cs|Run|254|Finishing Category: Connetti, Item: ConnectEquipment, Selected device: Dome, Selected device id: ASCOM.TS_Shelter.Dome
2026-08-16T00:26:26.4371|INFO|MeridianFlipTrigger.cs|ShouldTrigger|204|Meridian Flip - Telescope is not tracking. Skip flip evaluation
2026-08-16T00:26:26.4372|INFO|SequenceItem.cs|Run|208|Starting Category: Connetti, Item: ConnectEquipment, Selected device: Guider, Selected device id: PHD2_Single
2026-08-16T00:26:26.4373|INFO|ConnectEquipment.cs|Execute|186|Guider is already connected
2026-08-16T00:26:26.4373|INFO|SequenceItem.cs|Run|254|Finishing Category: Connetti, Item: ConnectEquipment, Selected device: Guider, Selected device id: PHD2_Single
2026-08-16T00:26:26.4375|INFO|MeridianFlipTrigger.cs|ShouldTrigger|204|Meridian Flip - Telescope is not tracking. Skip flip evaluation
2026-08-16T00:26:26.4375|INFO|SequenceItem.cs|Run|208|Starting Category: Connetti, Item: ConnectEquipment, Selected device: Flat Panel, Selected device id: ASCOM.WandererCover1.CoverCalibrator
2026-08-16T00:26:26.4376|INFO|ConnectEquipment.cs|Execute|186|Flat Panel is already connected
2026-08-16T00:26:26.4376|INFO|SequenceItem.cs|Run|254|Finishing Category: Connetti, Item: ConnectEquipment, Selected device: Flat Panel, Selected device id: ASCOM.WandererCover1.CoverCalibrator
2026-08-16T00:26:26.4377|INFO|SequenceItem.cs|Run|254|Finishing Category: * Set di Istruzioni *, Container: NINA.Sequencer.Container.SequentialContainer, Strategy: SequentialStrategy, Items[FINISHED]: 11
2026-08-16T00:26:26.4378|INFO|MeridianFlipTrigger.cs|ShouldTrigger|204|Meridian Flip - Telescope is not tracking. Skip flip evaluation
2026-08-16T00:26:26.4379|INFO|SequenceItem.cs|Run|208|Starting Category: * Set di Istruzioni *, Container: NINA.Sequencer.Container.SequentialContainer, Strategy: SequentialStrategy, Items[CREATED]: 12
2026-08-16T00:26:26.4380|INFO|MeridianFlipTrigger.cs|ShouldTrigger|204|Meridian Flip - Telescope is not tracking. Skip flip evaluation
2026-08-16T00:26:26.4380|INFO|SequenceItem.cs|Run|208|Starting Category: Fotocamera, Item: CoolCamera, Temperature: -10, Duration: 5
2026-08-16T00:26:26.4381|INFO|CameraVM.cs|CoolCamera|138|Cooling Camera. Target: -10 Duration: 00:05:00
2026-08-16T00:26:26.4542|INFO|SequenceItem.cs|Run|254|Finishing Category: Fotocamera, Item: CoolCamera, Temperature: -10, Duration: 5
2026-08-16T00:26:26.4546|INFO|MeridianFlipTrigger.cs|ShouldTrigger|204|Meridian Flip - Telescope is not tracking. Skip flip evaluation
2026-08-16T00:26:26.4546|INFO|SequenceItem.cs|Run|208|Starting Category: Utilità, Item: WaitForTime, Time: 21:52:27h, Offset: -10
2026-08-16T00:26:26.4547|INFO|SequenceItem.cs|Run|254|Finishing Category: Utilità, Item: WaitForTime, Time: 21:52:27h, Offset: -10
2026-08-16T00:26:26.4548|INFO|MeridianFlipTrigger.cs|ShouldTrigger|204|Meridian Flip - Telescope is not tracking. Skip flip evaluation
2026-08-16T00:26:26.4548|INFO|SequenceItem.cs|Run|208|Starting Category: Monitor Di Sicurezza, Item: WaitUntilSafe
2026-08-16T00:26:26.4549|INFO|SequenceItem.cs|Run|254|Finishing Category: Monitor Di Sicurezza, Item: WaitUntilSafe
2026-08-16T00:26:26.4551|INFO|MeridianFlipTrigger.cs|ShouldTrigger|204|Meridian Flip - Telescope is not tracking. Skip flip evaluation
2026-08-16T00:26:26.4552|INFO|SequenceItem.cs|Run|208|Starting Category: Osservatorio, Item: OpenDomeShutter
2026-08-16T00:26:26.4552|INFO|SequenceItem.cs|Run|254|Finishing Category: Osservatorio, Item: OpenDomeShutter
2026-08-16T00:26:26.4553|INFO|MeridianFlipTrigger.cs|ShouldTrigger|204|Meridian Flip - Telescope is not tracking. Skip flip evaluation
2026-08-16T00:26:26.4553|INFO|SequenceItem.cs|Run|208|Starting Category: Telescopio, Item: UnparkScope
2026-08-16T00:26:26.4555|INFO|TelescopeVM.cs|UnparkTelescope|232|Mount ordered to unpark
2026-08-16T00:26:26.4678|INFO|TelescopeVM.cs|UnparkTelescope|277|Mount is already unparked
2026-08-16T00:26:26.4679|INFO|TelescopeVM.cs|UnparkTelescope|282|Mount has unparked
2026-08-16T00:26:26.4680|INFO|SequenceItem.cs|Run|254|Finishing Category: Telescopio, Item: UnparkScope
2026-08-16T00:26:26.5065|INFO|MeridianFlipTrigger.cs|ShouldTrigger|204|Meridian Flip - Telescope is not tracking. Skip flip evaluation
2026-08-16T00:26:26.5068|INFO|SequenceItem.cs|Run|208|Starting Category: Apparato per i Flat, Item: OpenCover
2026-08-16T00:26:26.5135|INFO|SequenceItem.cs|Run|254|Finishing Category: Apparato per i Flat, Item: OpenCover
2026-08-16T00:26:26.5137|INFO|MeridianFlipTrigger.cs|ShouldTrigger|204|Meridian Flip - Telescope is not tracking. Skip flip evaluation
2026-08-16T00:26:26.5137|INFO|SequenceItem.cs|Run|208|Starting Category: Telescopio, Item: SetTracking, TrackingMode: Sidereal
2026-08-16T00:26:26.6042|INFO|SequenceItem.cs|Run|254|Finishing Category: Telescopio, Item: SetTracking, TrackingMode: Sidereal
2026-08-16T00:26:26.6046|INFO|MeridianFlipTrigger.cs|ShouldTrigger|204|Meridian Flip - Telescope is not tracking. Skip flip evaluation
2026-08-16T00:26:26.6047|INFO|SequenceItem.cs|Run|208|Starting Category: Ruota porta filtri, Item: SwitchFilter, Filter: Red
2026-08-16T00:26:26.7177|INFO|SequenceItem.cs|Run|254|Finishing Category: Ruota porta filtri, Item: SwitchFilter, Filter: Red
2026-08-16T00:26:26.7179|INFO|MeridianFlipTrigger.cs|ShouldTrigger|204|Meridian Flip - Telescope is not tracking. Skip flip evaluation
2026-08-16T00:26:26.7180|INFO|SequenceItem.cs|Run|208|Starting Category: Telescopio, Item: SlewScopeToAltAz, Coordinates: NINA.Astrometry.InputTopocentricCoordinates
2026-08-16T00:26:26.7698|INFO|PHD2Guider.cs|StopGuiding|704|Phd2 - Stop Guiding skipped, as the app is already in state Stopped
2026-08-16T00:26:26.7991|INFO|TelescopeVM.cs|SlewAsyncInternal|910|Slewing from RA: 22:59:31; Dec: 88° 56' 00"; Epoch: JNOW to RA: 22:35:08; Dec: 39° 23' 27"; Epoch: JNOW - Alt: 70° 00' 00"; Az: 90° 00' 00"
2026-08-16T00:27:00.7060|INFO|SequenceItem.cs|Run|254|Finishing Category: Telescopio, Item: SlewScopeToAltAz, Coordinates: NINA.Astrometry.InputTopocentricCoordinates
2026-08-16T00:27:00.7067|INFO|MeridianFlipTrigger.cs|ShouldTrigger|296|Meridian Flip - (Side of Pier usage is disabled) There is still time remaining. Max remaining time 01:42:32.3516023, next instruction time 60, next instruction Category: Utilità, Item: WaitForTimeSpan, Time: 60s
2026-08-16T00:27:00.7073|INFO|SequenceItem.cs|Run|208|Starting Category: Utilità, Item: WaitForTimeSpan, Time: 60s
2026-08-16T00:28:01.0515|INFO|SequenceItem.cs|Run|254|Finishing Category: Utilità, Item: WaitForTimeSpan, Time: 60s
2026-08-16T00:28:01.0522|INFO|MeridianFlipTrigger.cs|ShouldTrigger|296|Meridian Flip - (Side of Pier usage is disabled) There is still time remaining. Max remaining time 01:41:32.2457947, next instruction time 300, next instruction Category: Focheggiatore, Item: RunAutofocus
2026-08-16T00:28:01.0523|INFO|SequenceItem.cs|Run|208|Starting Category: Focheggiatore, Item: RunAutofocus
2026-08-16T00:28:01.2457|INFO|FocuserMediator.cs|BroadcastAutoFocusRunStarting|92|Autofocus starting notification received
2026-08-16T00:28:01.2673|INFO|PHD2Guider.cs|StopGuiding|704|Phd2 - Stop Guiding skipped, as the app is already in state Stopped
2026-08-16T00:28:01.2674|INFO|AutoFocusEngine.cs|RunAutoFocus|929|Starting AutoFocus with initial position 38657
2026-08-16T00:28:01.3888|INFO|CameraVM.cs|Capture|742|Starting Exposure - Exposure Time: 10s; Filter: Red; Gain: 15; Offset 132; Binning: 2x2;
2026-08-16T00:28:12.7712|INFO|AutoFocusEngine.cs|StartBlindFocusPoints|769|Waiting on initial HFR analysis
2026-08-16T00:28:12.7731|INFO|FocuserVM.cs|MoveFocuserInternal|216|Moving Focuser to position 39457
2026-08-16T00:28:13.8843|INFO|HocusFocusStarDetection.cs|Detect|413|Average HFR: 1.5580068131484084, HFR MAD: 0.025275764147180357, Detected Stars 33, Region: 0
2026-08-16T00:28:21.8964|INFO|CameraVM.cs|Capture|742|Starting Exposure - Exposure Time: 10s; Filter: Red; Gain: 15; Offset 132; Binning: 2x2;
2026-08-16T00:28:33.2107|INFO|FocuserVM.cs|MoveFocuserInternal|216|Moving Focuser to position 39257
2026-08-16T00:28:34.3029|INFO|HocusFocusStarDetection.cs|Detect|413|Average HFR: 1.6661450397821265, HFR MAD: 0.08273032014907322, Detected Stars 65, Region: 0
2026-08-16T00:28:39.8733|INFO|CameraVM.cs|Capture|742|Starting Exposure - Exposure Time: 10s; Filter: Red; Gain: 15; Offset 132; Binning: 2x2;
2026-08-16T00:28:51.2453|INFO|FocuserVM.cs|MoveFocuserInternal|216|Moving Focuser to position 39057
2026-08-16T00:28:52.1857|INFO|HocusFocusStarDetection.cs|Detect|413|Average HFR: 1.65802173901248, HFR MAD: 0.07521138718341391, Detected Stars 66, Region: 0
2026-08-16T00:28:56.5428|INFO|CameraVM.cs|Capture|742|Starting Exposure - Exposure Time: 10s; Filter: Red; Gain: 15; Offset 132; Binning: 2x2;
2026-08-16T00:29:07.8701|INFO|FocuserVM.cs|MoveFocuserInternal|216|Moving Focuser to position 38857
2026-08-16T00:29:08.8751|INFO|HocusFocusStarDetection.cs|Detect|413|Average HFR: 1.602965153696859, HFR MAD: 0.0731746335577963, Detected Stars 58, Region: 0
2026-08-16T00:29:13.9130|INFO|CameraVM.cs|Capture|742|Starting Exposure - Exposure Time: 10s; Filter: Red; Gain: 15; Offset 132; Binning: 2x2;
2026-08-16T00:29:25.2376|INFO|AutoFocusEngine.cs|StartBlindFocusPoints|797|Waiting on initial focuser move analyses
2026-08-16T00:29:26.2305|INFO|HocusFocusStarDetection.cs|Detect|413|Average HFR: 1.6044276243058069, HFR MAD: 0.06683792653490284, Detected Stars 45, Region: 0
2026-08-16T00:29:26.3222|INFO|FocuserVM.cs|MoveFocuserInternal|216|Moving Focuser to position 38657
2026-08-16T00:29:31.9139|INFO|CameraVM.cs|Capture|742|Starting Exposure - Exposure Time: 10s; Filter: Red; Gain: 15; Offset 132; Binning: 2x2;
2026-08-16T00:29:43.2299|INFO|AutoFocusEngine.cs|StartBlindFocusPoints|870|Waiting on next left movement analysis
2026-08-16T00:29:44.2473|INFO|HocusFocusStarDetection.cs|Detect|413|Average HFR: 1.5580664179075476, HFR MAD: 0.02209985654578528, Detected Stars 40, Region: 0
2026-08-16T00:29:44.3167|INFO|FocuserVM.cs|MoveFocuserInternal|216|Moving Focuser to position 38457
2026-08-16T00:29:49.9030|INFO|CameraVM.cs|Capture|742|Starting Exposure - Exposure Time: 10s; Filter: Red; Gain: 15; Offset 132; Binning: 2x2;
2026-08-16T00:30:01.2149|INFO|AutoFocusEngine.cs|StartBlindFocusPoints|870|Waiting on next left movement analysis
2026-08-16T00:30:02.1039|INFO|HocusFocusStarDetection.cs|Detect|413|Average HFR: 1.5835547819938052, HFR MAD: 0.04422701278688135, Detected Stars 73, Region: 0
2026-08-16T00:30:02.1905|INFO|FocuserVM.cs|MoveFocuserInternal|216|Moving Focuser to position 38257
2026-08-16T00:30:07.9663|INFO|CameraVM.cs|Capture|742|Starting Exposure - Exposure Time: 10s; Filter: Red; Gain: 15; Offset 132; Binning: 2x2;
2026-08-16T00:30:19.2718|INFO|AutoFocusEngine.cs|StartBlindFocusPoints|870|Waiting on next left movement analysis
2026-08-16T00:30:20.0815|INFO|HocusFocusStarDetection.cs|Detect|413|Average HFR: 1.645317091993363, HFR MAD: 0.07028702775954043, Detected Stars 99, Region: 0
2026-08-16T00:30:20.1818|INFO|FocuserVM.cs|MoveFocuserInternal|216|Moving Focuser to position 38057
2026-08-16T00:30:25.9182|INFO|CameraVM.cs|Capture|742|Starting Exposure - Exposure Time: 10s; Filter: Red; Gain: 15; Offset 132; Binning: 2x2;
2026-08-16T00:30:37.3185|INFO|AutoFocusEngine.cs|StartBlindFocusPoints|870|Waiting on next left movement analysis
2026-08-16T00:30:38.6660|INFO|HocusFocusStarDetection.cs|Detect|413|Average HFR: 1.7919532495008639, HFR MAD: 0.08770392276863914, Detected Stars 106, Region: 0
2026-08-16T00:30:42.9708|INFO|FocuserVM.cs|MoveFocuserInternal|216|Moving Focuser to position 37857
2026-08-16T00:30:48.4144|INFO|CameraVM.cs|Capture|742|Starting Exposure - Exposure Time: 10s; Filter: Red; Gain: 15; Offset 132; Binning: 2x2;
2026-08-16T00:30:59.8758|INFO|AutoFocusEngine.cs|StartBlindFocusPoints|870|Waiting on next left movement analysis
2026-08-16T00:31:00.9901|INFO|HocusFocusStarDetection.cs|Detect|413|Average HFR: 1.9934379357827736, HFR MAD: 0.13849064960201884, Detected Stars 111, Region: 0
2026-08-16T00:31:01.0472|INFO|FocuserVM.cs|MoveFocuserInternal|216|Moving Focuser to position 37657
2026-08-16T00:31:06.3901|INFO|CameraVM.cs|Capture|742|Starting Exposure - Exposure Time: 10s; Filter: Red; Gain: 15; Offset 132; Binning: 2x2;
2026-08-16T00:31:17.7085|INFO|AutoFocusEngine.cs|StartBlindFocusPoints|870|Waiting on next left movement analysis
2026-08-16T00:31:18.5178|INFO|HocusFocusStarDetection.cs|Detect|413|Average HFR: 2.2560411756398264, HFR MAD: 0.19236722700108944, Detected Stars 108, Region: 0
2026-08-16T00:31:18.5533|INFO|FocuserVM.cs|MoveFocuserInternal|216|Moving Focuser to position 37457
2026-08-16T00:31:24.0522|INFO|CameraVM.cs|Capture|742|Starting Exposure - Exposure Time: 10s; Filter: Red; Gain: 15; Offset 132; Binning: 2x2;
2026-08-16T00:31:35.3573|INFO|AutoFocusEngine.cs|StartBlindFocusPoints|870|Waiting on next left movement analysis
2026-08-16T00:31:36.2495|INFO|HocusFocusStarDetection.cs|Detect|413|Average HFR: 2.5305944332981767, HFR MAD: 0.1762827832338001, Detected Stars 98, Region: 0
2026-08-16T00:31:36.3121|INFO|AutoFocusEngine.cs|StartBlindFocusPoints|823|Enough left trend points (4) with an established minimum (38657) to queue remaining right focus points up to 39457
2026-08-16T00:31:36.3122|INFO|AutoFocusEngine.cs|StartBlindFocusPoints|896|Waiting on remaining AutoFocus analysis tasks
2026-08-16T00:31:36.3128|INFO|FocuserVM.cs|MoveFocuserInternal|216|Moving Focuser to position 38578
2026-08-16T00:31:46.5910|INFO|AutoFocusEngine.cs|ValidateCalculatedFocusPosition|1141|Validating HFR at final focus position 38578
2026-08-16T00:31:46.7066|INFO|CameraVM.cs|Capture|742|Starting Exposure - Exposure Time: 10s; Filter: Red; Gain: 15; Offset 132; Binning: 2x2;
2026-08-16T00:31:58.8516|INFO|HocusFocusStarDetection.cs|Detect|413|Average HFR: 1.76292261993044, HFR MAD: 0.08751109728082751, Detected Stars 100, Region: 0
2026-08-16T00:31:58.8529|INFO|HocusFocusVM.cs|AutoFocusEngine_Completed|473|AutoFocus completed with focuser starting at 38657 and ending at 38578
2026-08-16T00:31:58.8664|INFO|FocuserMediator.cs|BroadcastSuccessfulAutoFocusRun|46|Autofocus notification received - Temperature 24.5
2026-08-16T00:31:59.0859|INFO|AutoFocusEngine.cs|PerformPostAutoFocusActions|1022|Re-enabling temperature compensation after AutoFocus
2026-08-16T00:31:59.1221|INFO|SequenceItem.cs|Run|254|Finishing Category: Focheggiatore, Item: RunAutofocus
2026-08-16T00:31:59.1228|INFO|MeridianFlipTrigger.cs|ShouldTrigger|296|Meridian Flip - (Side of Pier usage is disabled) There is still time remaining. Max remaining time 01:37:33.9573810, next instruction time 0, next instruction Category: Telescopio, Item: SolveAndSync
2026-08-16T00:31:59.1229|INFO|SequenceItem.cs|Run|208|Starting Category: Telescopio, Item: SolveAndSync
2026-08-16T00:31:59.5008|INFO|FilterWheelVM.cs|ChangeFilter|112|Moving to Filter L-Pro at Position 0
2026-08-16T00:32:16.9566|INFO|CameraVM.cs|Capture|742|Starting Exposure - Exposure Time: 15s; Filter: L-Pro; Gain: 15; Offset 132; Binning: 1x1;
2026-08-16T00:32:36.1579|WARNING|DeviceUpdateTimer.cs|Run|115|Camera value update cycle took longer than the device poll interval (Total: 2.69s > 2s; Poll: 00:00:02.6934264; Update: 00:00:00.0000700)
2026-08-16T00:32:37.0432|INFO|FilterWheelVM.cs|ChangeFilter|112|Moving to Filter Red at Position 2
2026-08-16T00:32:37.2780|INFO|ImageSolver.cs|Solve|41|Platesolving with parameters: FocalLength: 1260 PixelSize: 4.54 SearchRadius: 30 BlindFailoverEnabled: True Regions: 5000 DownSampleFactor: 2 MaxObjects: 500 Reference Coordinates RA: 22:33:57 Dec: 39° 15' 11" Epoch: J2000
2026-08-16T00:32:37.6417|INFO|BaseImageData.cs|SaveToDisk|346|Saved image to C:\Users\PrimaLuceLab\AppData\Local\NINA\PlateSolver\031lt1i5.vda.fits
2026-08-16T00:32:39.4759|INFO|ImageSolver.cs|Solve|54|Platesolve successful: Coordinates: RA: 22:36:14; Dec: 39° 03' 02"; Epoch: J2000 - Position Angle: 268.69664602255165
2026-08-16T00:32:43.6488|INFO|TelescopeVM.cs|Sync|777|Syncing scope from RA: 22:35:09; Dec: 39° 23' 30"; Epoch: JNOW to RA: 22:37:27; Dec: 39° 11' 22"; Epoch: JNOW
2026-08-16T00:32:48.6490|INFO|SequenceItem.cs|Run|254|Finishing Category: Telescopio, Item: SolveAndSync
2026-08-16T00:32:48.6493|INFO|SequenceItem.cs|Run|254|Finishing Category: * Set di Istruzioni *, Container: NINA.Sequencer.Container.SequentialContainer, Strategy: SequentialStrategy, Items[FINISHED]: 12
2026-08-16T00:32:48.6494|INFO|SequenceItem.cs|Run|254|Finishing Category: * Set di Istruzioni *, Container: NINA.Sequencer.Container.SequentialContainer, Strategy: SequentialStrategy, Items[FINISHED]: 4
2026-08-16T00:32:48.6495|INFO|SequenceItem.cs|Run|254|Finishing Category: * Set di Istruzioni *, Container: NINA.Sequencer.Container.StartAreaContainer, Strategy: SequentialStrategy, Items[FINISHED]: 2
2026-08-16T00:32:48.6692|INFO|MeridianFlipTrigger.cs|ShouldTrigger|296|Meridian Flip - (Side of Pier usage is disabled) There is still time remaining. Max remaining time 01:39:02.0822735, next instruction time 0, next instruction Category: * Set di Istruzioni *, Container: NINA.Sequencer.Container.TargetAreaContainer, Strategy: SequentialStrategy, Items[CREATED]: 2
2026-08-16T00:32:48.6694|INFO|SequenceItem.cs|Run|208|Starting Category: * Set di Istruzioni *, Container: NINA.Sequencer.Container.TargetAreaContainer, Strategy: SequentialStrategy, Items[CREATED]: 2
2026-08-16T00:32:48.6701|INFO|MeridianFlipTrigger.cs|ShouldTrigger|296|Meridian Flip - (Side of Pier usage is disabled) There is still time remaining. Max remaining time 01:39:02.0822735, next instruction time 0, next instruction Category: * Set di Istruzioni *, Container: NINA.Sequencer.Container.SequentialContainer, Strategy: SequentialStrategy, Items[CREATED]: 10
2026-08-16T00:32:48.6701|INFO|SequenceItem.cs|Run|208|Starting Category: * Set di Istruzioni *, Container: NINA.Sequencer.Container.SequentialContainer, Strategy: SequentialStrategy, Items[CREATED]: 10
2026-08-16T00:32:48.6706|INFO|MeridianFlipTrigger.cs|ShouldTrigger|296|Meridian Flip - (Side of Pier usage is disabled) There is still time remaining. Max remaining time 01:39:02.0822735, next instruction time 0, next instruction Category: Utilità, Item: Annotation, Text: This is a Startup Sequence which can be pre-loaded at NINA Start-up.
2026-08-16T00:32:48.6707|INFO|SequenceItem.cs|Run|208|Starting Category: Utilità, Item: Annotation, Text: This is a Startup Sequence which can be pre-loaded at NINA Start-up.
2026-08-16T00:32:48.6707|INFO|SequenceItem.cs|Run|254|Finishing Category: Utilità, Item: Annotation, Text: This is a Startup Sequence which can be pre-loaded at NINA Start-up.
2026-08-16T00:32:48.6713|INFO|MeridianFlipTrigger.cs|ShouldTrigger|296|Meridian Flip - (Side of Pier usage is disabled) There is still time remaining. Max remaining time 01:39:02.0822735, next instruction time 0, next instruction Category: Utilità, Item: Annotation, Text: If you edit this Startup Sequence, you need to save the Entire Sequence using the Save Complete Sequence button at the bottom of the Advanced Sequencer page below.
2026-08-16T00:32:48.6713|INFO|SequenceItem.cs|Run|208|Starting Category: Utilità, Item: Annotation, Text: If you edit this Startup Sequence, you need to save the Entire Sequence using the Save Complete Sequence button at the bottom of the Advanced Sequencer page below.
2026-08-16T00:32:48.6714|INFO|SequenceItem.cs|Run|254|Finishing Category: Utilità, Item: Annotation, Text: If you edit this Startup Sequence, you need to save the Entire Sequence using the Save Complete Sequence button at the bottom of the Advanced Sequencer page below.
2026-08-16T00:32:48.6742|INFO|MeridianFlipTrigger.cs|ShouldTrigger|296|Meridian Flip - (Side of Pier usage is disabled) There is still time remaining. Max remaining time 01:39:02.0822735, next instruction time 0, next instruction Category: Utilità, Item: Annotation, Text: Go to: OPTIONS > IMAGING > SEQUENCE and select this DOME_SAFETY_STARTUP_PA.json file as the STARTUP SEQUENCE TEMPLATE
2026-08-16T00:32:48.6743|INFO|SequenceItem.cs|Run|208|Starting Category: Utilità, Item: Annotation, Text: Go to: OPTIONS > IMAGING > SEQUENCE and select this DOME_SAFETY_STARTUP_PA.json file as the STARTUP SEQUENCE TEMPLATE
2026-08-16T00:32:48.6744|INFO|SequenceItem.cs|Run|254|Finishing Category: Utilità, Item: Annotation, Text: Go to: OPTIONS > IMAGING > SEQUENCE and select this DOME_SAFETY_STARTUP_PA.json file as the STARTUP SEQUENCE TEMPLATE
2026-08-16T00:32:48.6750|INFO|MeridianFlipTrigger.cs|ShouldTrigger|296|Meridian Flip - (Side of Pier usage is disabled) There is still time remaining. Max remaining time 01:39:02.0822735, next instruction time 0, next instruction Category: Utilità, Item: Annotation, Text:      I also find setting COLLAPSE SEQUENCE TEMPLATES BY DEFAULT to ON is quite helpful.  (On the same options page)
2026-08-16T00:32:48.6750|INFO|SequenceItem.cs|Run|208|Starting Category: Utilità, Item: Annotation, Text:      I also find setting COLLAPSE SEQUENCE TEMPLATES BY DEFAULT to ON is quite helpful.  (On the same options page)
2026-08-16T00:32:48.6751|INFO|SequenceItem.cs|Run|254|Finishing Category: Utilità, Item: Annotation, Text:      I also find setting COLLAPSE SEQUENCE TEMPLATES BY DEFAULT to ON is quite helpful.  (On the same options page)
2026-08-16T00:32:48.6755|INFO|MeridianFlipTrigger.cs|ShouldTrigger|296|Meridian Flip - (Side of Pier usage is disabled) There is still time remaining. Max remaining time 01:39:02.0822735, next instruction time 0, next instruction Category: Utilità, Item: Annotation, Text: Any modification of this sequence as a Foundational Startup Template will need to be saved using the buttons at the bottom of this Advanced Sequencer Page below.
2026-08-16T00:32:48.6756|INFO|SequenceItem.cs|Run|208|Starting Category: Utilità, Item: Annotation, Text: Any modification of this sequence as a Foundational Startup Template will need to be saved using the buttons at the bottom of this Advanced Sequencer Page below.
2026-08-16T00:32:48.6756|INFO|SequenceItem.cs|Run|254|Finishing Category: Utilità, Item: Annotation, Text: Any modification of this sequence as a Foundational Startup Template will need to be saved using the buttons at the bottom of this Advanced Sequencer Page below.
2026-08-16T00:32:48.6761|INFO|MeridianFlipTrigger.cs|ShouldTrigger|296|Meridian Flip - (Side of Pier usage is disabled) There is still time remaining. Max remaining time 01:39:02.0822735, next instruction time 0, next instruction Category: Utilità, Item: Annotation, Text: The LOOP_ALL_NIGHT Sequence is a simple Loop until Nautical Dawn. Adjust as desired. This is an outer loop.
2026-08-16T00:32:48.6761|INFO|SequenceItem.cs|Run|208|Starting Category: Utilità, Item: Annotation, Text: The LOOP_ALL_NIGHT Sequence is a simple Loop until Nautical Dawn. Adjust as desired. This is an outer loop.
2026-08-16T00:32:48.6761|INFO|SequenceItem.cs|Run|254|Finishing Category: Utilità, Item: Annotation, Text: The LOOP_ALL_NIGHT Sequence is a simple Loop until Nautical Dawn. Adjust as desired. This is an outer loop.
2026-08-16T00:32:48.6766|INFO|MeridianFlipTrigger.cs|ShouldTrigger|296|Meridian Flip - (Side of Pier usage is disabled) There is still time remaining. Max remaining time 01:39:02.0822735, next instruction time 0, next instruction Category: Utilità, Item: Annotation, Text: The SAFE_LOOP Sequence runs while the System is Safe.
2026-08-16T00:32:48.6766|INFO|SequenceItem.cs|Run|208|Starting Category: Utilità, Item: Annotation, Text: The SAFE_LOOP Sequence runs while the System is Safe.
2026-08-16T00:32:48.6767|INFO|SequenceItem.cs|Run|254|Finishing Category: Utilità, Item: Annotation, Text: The SAFE_LOOP Sequence runs while the System is Safe.
2026-08-16T00:32:48.6771|INFO|MeridianFlipTrigger.cs|ShouldTrigger|296|Meridian Flip - (Side of Pier usage is disabled) There is still time remaining. Max remaining time 01:39:02.0822735, next instruction time 0, next instruction Category: Utilità, Item: Annotation, Text: The UNSAFE Sequence runs when the System is Unsafe and only proceeds back to SAFE_LOOP when it is once again deemed Safe.
2026-08-16T00:32:48.6772|INFO|SequenceItem.cs|Run|208|Starting Category: Utilità, Item: Annotation, Text: The UNSAFE Sequence runs when the System is Unsafe and only proceeds back to SAFE_LOOP when it is once again deemed Safe.
2026-08-16T00:32:48.6772|INFO|SequenceItem.cs|Run|254|Finishing Category: Utilità, Item: Annotation, Text: The UNSAFE Sequence runs when the System is Unsafe and only proceeds back to SAFE_LOOP when it is once again deemed Safe.
2026-08-16T00:32:48.6776|INFO|MeridianFlipTrigger.cs|ShouldTrigger|296|Meridian Flip - (Side of Pier usage is disabled) There is still time remaining. Max remaining time 01:39:02.0822735, next instruction time 0, next instruction Category: Utilità, Item: Annotation, Text: ..... ALL TARGETS should be placed within individual LOOP_ALL_NIGHT > SAFE_LOOP > TARGETS_CONTAINER > TARGET # containers below.....
2026-08-16T00:32:48.6783|INFO|SequenceItem.cs|Run|208|Starting Category: Utilità, Item: Annotation, Text: ..... ALL TARGETS should be placed within individual LOOP_ALL_NIGHT > SAFE_LOOP > TARGETS_CONTAINER > TARGET # containers below.....
2026-08-16T00:32:48.6785|INFO|SequenceItem.cs|Run|254|Finishing Category: Utilità, Item: Annotation, Text: ..... ALL TARGETS should be placed within individual LOOP_ALL_NIGHT > SAFE_LOOP > TARGETS_CONTAINER > TARGET # containers below.....
2026-08-16T00:32:48.6790|INFO|MeridianFlipTrigger.cs|ShouldTrigger|296|Meridian Flip - (Side of Pier usage is disabled) There is still time remaining. Max remaining time 01:39:02.0822735, next instruction time 0, next instruction Category: Utilità, Item: Annotation, Text: Each TARGET # Container should have a looping condition that is identical to the included target sequence.
2026-08-16T00:32:48.6791|INFO|SequenceItem.cs|Run|208|Starting Category: Utilità, Item: Annotation, Text: Each TARGET # Container should have a looping condition that is identical to the included target sequence.
2026-08-16T00:32:48.6791|INFO|SequenceItem.cs|Run|254|Finishing Category: Utilità, Item: Annotation, Text: Each TARGET # Container should have a looping condition that is identical to the included target sequence.
2026-08-16T00:32:48.6792|INFO|SequenceItem.cs|Run|254|Finishing Category: * Set di Istruzioni *, Container: NINA.Sequencer.Container.SequentialContainer, Strategy: SequentialStrategy, Items[FINISHED]: 10
2026-08-16T00:32:48.6796|INFO|MeridianFlipTrigger.cs|ShouldTrigger|296|Meridian Flip - (Side of Pier usage is disabled) There is still time remaining. Max remaining time 01:39:02.0822735, next instruction time 0, next instruction Category: * Set di Istruzioni *, Container: NINA.Sequencer.Container.SequentialContainer, Strategy: SequentialStrategy, Items[CREATED]: 2, Conditions: Condition: TimeCondition, Time: 5:14:27h, 
2026-08-16T00:32:48.6797|INFO|SequenceItem.cs|Run|208|Starting Category: * Set di Istruzioni *, Container: NINA.Sequencer.Container.SequentialContainer, Strategy: SequentialStrategy, Items[CREATED]: 2, Conditions: Condition: TimeCondition, Time: 5:14:27h, 
2026-08-16T00:32:48.6802|INFO|MeridianFlipTrigger.cs|ShouldTrigger|296|Meridian Flip - (Side of Pier usage is disabled) There is still time remaining. Max remaining time 01:39:02.0822735, next instruction time 0, next instruction Category: * Set di Istruzioni *, Container: NINA.Sequencer.Container.SequentialContainer, Strategy: SequentialStrategy, Items[CREATED]: 5, Conditions: Condition: SafetyMonitorCondition, 
2026-08-16T00:32:48.6803|INFO|SequenceItem.cs|Run|208|Starting Category: * Set di Istruzioni *, Container: NINA.Sequencer.Container.SequentialContainer, Strategy: SequentialStrategy, Items[CREATED]: 5, Conditions: Condition: SafetyMonitorCondition, 
2026-08-16T00:32:48.6809|INFO|MeridianFlipTrigger.cs|ShouldTrigger|296|Meridian Flip - (Side of Pier usage is disabled) There is still time remaining. Max remaining time 01:39:02.0822735, next instruction time 0, next instruction Category: * Set di Istruzioni *, Container: NINA.Sequencer.Container.SequentialContainer, Strategy: SequentialStrategy, Items[CREATED]: 7
2026-08-16T00:32:48.6810|INFO|SequenceItem.cs|Run|208|Starting Category: * Set di Istruzioni *, Container: NINA.Sequencer.Container.SequentialContainer, Strategy: SequentialStrategy, Items[CREATED]: 7
2026-08-16T00:32:48.6815|INFO|MeridianFlipTrigger.cs|ShouldTrigger|296|Meridian Flip - (Side of Pier usage is disabled) There is still time remaining. Max remaining time 01:39:02.0822735, next instruction time 0, next instruction Category: Utilità, Item: Annotation, Text: This brief sequence of instructions is required after returning to a Safe condifition from an Unsafe one. It will not negatively affect anything on its initial execution.
2026-08-16T00:32:48.6815|INFO|SequenceItem.cs|Run|208|Starting Category: Utilità, Item: Annotation, Text: This brief sequence of instructions is required after returning to a Safe condifition from an Unsafe one. It will not negatively affect anything on its initial execution.
2026-08-16T00:32:48.6816|INFO|SequenceItem.cs|Run|254|Finishing Category: Utilità, Item: Annotation, Text: This brief sequence of instructions is required after returning to a Safe condifition from an Unsafe one. It will not negatively affect anything on its initial execution.
2026-08-16T00:32:48.6820|INFO|MeridianFlipTrigger.cs|ShouldTrigger|296|Meridian Flip - (Side of Pier usage is disabled) There is still time remaining. Max remaining time 01:39:02.0822735, next instruction time 0, next instruction Category: Utilità, Item: Annotation, Text: The 5 minute wait here can be adjusted as desired. It is here to show 5 minutes of Safety prior to resetting the equipment.
2026-08-16T00:32:48.6821|INFO|SequenceItem.cs|Run|208|Starting Category: Utilità, Item: Annotation, Text: The 5 minute wait here can be adjusted as desired. It is here to show 5 minutes of Safety prior to resetting the equipment.
2026-08-16T00:32:48.6821|INFO|SequenceItem.cs|Run|254|Finishing Category: Utilità, Item: Annotation, Text: The 5 minute wait here can be adjusted as desired. It is here to show 5 minutes of Safety prior to resetting the equipment.
2026-08-16T00:32:48.6826|INFO|MeridianFlipTrigger.cs|ShouldTrigger|296|Meridian Flip - (Side of Pier usage is disabled) There is still time remaining. Max remaining time 01:39:02.0822735, next instruction time 300, next instruction Category: Utilità, Item: WaitForTimeSpan, Time: 300s
2026-08-16T00:32:48.6826|INFO|SequenceItem.cs|Run|208|Starting Category: Utilità, Item: WaitForTimeSpan, Time: 300s
2026-08-16T00:33:13.7392|INFO|MeridianFlipTrigger.cs|ShouldTrigger|296|Meridian Flip - (Side of Pier usage is disabled) There is still time remaining. Max remaining time 01:38:38.0538916, next instruction time 0, next instruction Category: Osservatorio, Item: OpenDomeShutter
2026-08-16T00:33:13.7393|INFO|SequenceItem.cs|Run|208|Starting Category: Osservatorio, Item: OpenDomeShutter
2026-08-16T00:33:13.7394|INFO|SequenceItem.cs|Run|254|Finishing Category: Osservatorio, Item: OpenDomeShutter
2026-08-16T00:33:13.7438|INFO|MeridianFlipTrigger.cs|ShouldTrigger|296|Meridian Flip - (Side of Pier usage is disabled) There is still time remaining. Max remaining time 01:38:38.0538916, next instruction time 0, next instruction Category: Telescopio, Item: UnparkScope
2026-08-16T00:33:13.7440|INFO|SequenceItem.cs|Run|208|Starting Category: Telescopio, Item: UnparkScope
2026-08-16T00:33:13.7440|INFO|TelescopeVM.cs|UnparkTelescope|232|Mount ordered to unpark
2026-08-16T00:33:13.7569|INFO|TelescopeVM.cs|UnparkTelescope|277|Mount is already unparked
2026-08-16T00:33:13.7570|INFO|TelescopeVM.cs|UnparkTelescope|282|Mount has unparked
2026-08-16T00:33:13.7571|INFO|SequenceItem.cs|Run|254|Finishing Category: Telescopio, Item: UnparkScope
2026-08-16T00:33:13.7592|INFO|MeridianFlipTrigger.cs|ShouldTrigger|296|Meridian Flip - (Side of Pier usage is disabled) There is still time remaining. Max remaining time 01:38:38.0538916, next instruction time 0, next instruction Category: Apparato per i Flat, Item: OpenCover
2026-08-16T00:33:13.7593|INFO|SequenceItem.cs|Run|208|Starting Category: Apparato per i Flat, Item: OpenCover
2026-08-16T00:33:13.7676|INFO|SequenceItem.cs|Run|254|Finishing Category: Apparato per i Flat, Item: OpenCover
2026-08-16T00:33:13.8520|INFO|MeridianFlipTrigger.cs|ShouldTrigger|296|Meridian Flip - (Side of Pier usage is disabled) There is still time remaining. Max remaining time 01:38:38.0538916, next instruction time 0, next instruction Category: Telescopio, Item: SetTracking, TrackingMode: Sidereal
2026-08-16T00:33:13.8522|INFO|SequenceItem.cs|Run|208|Starting Category: Telescopio, Item: SetTracking, TrackingMode: Sidereal
2026-08-16T00:33:13.8950|INFO|SequenceItem.cs|Run|254|Finishing Category: Telescopio, Item: SetTracking, TrackingMode: Sidereal
2026-08-16T00:33:13.8953|INFO|SequenceItem.cs|Run|254|Finishing Category: * Set di Istruzioni *, Container: NINA.Sequencer.Container.SequentialContainer, Strategy: SequentialStrategy, Items[FINISHED]: 6, Items[SKIPPED]: 1
2026-08-16T00:33:13.8959|INFO|MeridianFlipTrigger.cs|ShouldTrigger|296|Meridian Flip - (Side of Pier usage is disabled) There is still time remaining. Max remaining time 01:38:38.0538916, next instruction time 0, next instruction Category: * Set di Istruzioni *, Container: NINA.Sequencer.Container.SequentialContainer, Strategy: SequentialStrategy, Items[CREATED]: 2
2026-08-16T00:33:13.8960|INFO|SequenceItem.cs|Run|208|Starting Category: * Set di Istruzioni *, Container: NINA.Sequencer.Container.SequentialContainer, Strategy: SequentialStrategy, Items[CREATED]: 2
2026-08-16T00:33:13.8965|INFO|MeridianFlipTrigger.cs|ShouldTrigger|296|Meridian Flip - (Side of Pier usage is disabled) There is still time remaining. Max remaining time 01:38:38.0538916, next instruction time 0, next instruction Category: Utilità, Item: Annotation, Text: BE SURE TO MATCH EACH TARGET CONTAINER LOOP CONDITION TO THE NESTED TARGET SEQUENCE LOOP CONDITION
2026-08-16T00:33:13.8965|INFO|SequenceItem.cs|Run|208|Starting Category: Utilità, Item: Annotation, Text: BE SURE TO MATCH EACH TARGET CONTAINER LOOP CONDITION TO THE NESTED TARGET SEQUENCE LOOP CONDITION
2026-08-16T00:33:13.8966|INFO|SequenceItem.cs|Run|254|Finishing Category: Utilità, Item: Annotation, Text: BE SURE TO MATCH EACH TARGET CONTAINER LOOP CONDITION TO THE NESTED TARGET SEQUENCE LOOP CONDITION
2026-08-16T00:33:13.8971|INFO|MeridianFlipTrigger.cs|ShouldTrigger|296|Meridian Flip - (Side of Pier usage is disabled) There is still time remaining. Max remaining time 01:38:38.0538916, next instruction time 0, next instruction Category: * Set di Istruzioni *, Container: NINA.Sequencer.Container.SequentialContainer, Strategy: SequentialStrategy, Items[CREATED]: 3, Conditions: Condition: TimeCondition, Time: 5:14:27h, 
2026-08-16T00:33:13.8971|INFO|SequenceItem.cs|Run|208|Starting Category: * Set di Istruzioni *, Container: NINA.Sequencer.Container.SequentialContainer, Strategy: SequentialStrategy, Items[CREATED]: 3, Conditions: Condition: TimeCondition, Time: 5:14:27h, 
2026-08-16T00:33:13.9024|INFO|MeridianFlipTrigger.cs|ShouldTrigger|296|Meridian Flip - (Side of Pier usage is disabled) There is still time remaining. Max remaining time 01:38:38.0538916, next instruction time 0, next instruction Category: Utilità, Item: Annotation, Text: PLACE YOUR ...FIRST... TARGET SEQUENCE OF THE NIGHT ...BELOW... THIS LINE
2026-08-16T00:33:13.9161|INFO|SequenceItem.cs|Run|208|Starting Category: Utilità, Item: Annotation, Text: PLACE YOUR ...FIRST... TARGET SEQUENCE OF THE NIGHT ...BELOW... THIS LINE
2026-08-16T00:33:13.9162|INFO|SequenceItem.cs|Run|254|Finishing Category: Utilità, Item: Annotation, Text: PLACE YOUR ...FIRST... TARGET SEQUENCE OF THE NIGHT ...BELOW... THIS LINE
2026-08-16T00:33:13.9169|INFO|MeridianFlipTrigger.cs|ShouldTrigger|296|Meridian Flip - (Side of Pier usage is disabled) There is still time remaining. Max remaining time 01:38:38.0538916, next instruction time 0, next instruction Category: Utilità, Item: Annotation, Text: PLACE YOUR ...FIRST... TARGET SEQUENCE OF THE NIGHT ...ABOVE... THIS LINE
2026-08-16T00:33:13.9170|INFO|SequenceItem.cs|Run|208|Starting Category: Utilità, Item: Annotation, Text: PLACE YOUR ...FIRST... TARGET SEQUENCE OF THE NIGHT ...ABOVE... THIS LINE
2026-08-16T00:33:13.9170|INFO|SequenceItem.cs|Run|254|Finishing Category: Utilità, Item: Annotation, Text: PLACE YOUR ...FIRST... TARGET SEQUENCE OF THE NIGHT ...ABOVE... THIS LINE
2026-08-16T00:33:13.9232|INFO|MeridianFlipTrigger.cs|ShouldTrigger|296|Meridian Flip - (Side of Pier usage is disabled) There is still time remaining. Max remaining time 01:38:38.0538916, next instruction time 0, next instruction Category: * Set di Istruzioni *, Container: NINA.Sequencer.Container.DeepSkyObjectContainer, Strategy: SequentialStrategy, Items[CREATED]: 6, Triggers: Trigger: CenterAfterDriftTrigger, DistanceArcMinutes: 3, Target: M 27 RA: 19:59:36; Dec: 22° 43' 16"; Epoch: J2000 0
2026-08-16T00:33:13.9234|INFO|SequenceItem.cs|Run|208|Starting Category: * Set di Istruzioni *, Container: NINA.Sequencer.Container.DeepSkyObjectContainer, Strategy: SequentialStrategy, Items[CREATED]: 6, Triggers: Trigger: CenterAfterDriftTrigger, DistanceArcMinutes: 3, Target: M 27 RA: 19:59:36; Dec: 22° 43' 16"; Epoch: J2000 0
2026-08-16T00:33:13.9240|INFO|MeridianFlipTrigger.cs|ShouldTrigger|296|Meridian Flip - (Side of Pier usage is disabled) There is still time remaining. Max remaining time 01:38:38.0538916, next instruction time 0, next instruction Category: Telescopio, Item: Center, Coordinates RA: 19:59:36; Dec: 22° 43' 16"; Epoch: J2000
2026-08-16T00:33:13.9241|INFO|SequenceItem.cs|Run|208|Starting Category: Telescopio, Item: Center, Coordinates RA: 19:59:36; Dec: 22° 43' 16"; Epoch: J2000
2026-08-16T00:33:14.6654|INFO|PHD2Guider.cs|StopGuiding|704|Phd2 - Stop Guiding skipped, as the app is already in state Stopped
2026-08-16T00:33:15.0082|INFO|TelescopeVM.cs|SlewAsyncInternal|910|Slewing from RA: 22:37:28; Dec: 39° 11' 23"; Epoch: JNOW to RA: 20:00:47; Dec: 22° 47' 47"; Epoch: JNOW - Alt: 67° 07' 01"; Az: 215° 04' 00"
2026-08-16T00:34:16.4685|INFO|FilterWheelVM.cs|ChangeFilter|112|Moving to Filter L-Pro at Position 0
2026-08-16T00:34:34.2734|INFO|CameraVM.cs|Capture|742|Starting Exposure - Exposure Time: 15s; Filter: L-Pro; Gain: 15; Offset 132; Binning: 1x1;
2026-08-16T00:34:54.7872|INFO|ImageSolver.cs|Solve|41|Platesolving with parameters: FocalLength: 1260 PixelSize: 4.54 SearchRadius: 30 BlindFailoverEnabled: True Regions: 5000 DownSampleFactor: 2 MaxObjects: 500 Reference Coordinates RA: 19:59:36 Dec: 22° 43' 16" Epoch: J2000
2026-08-16T00:34:55.0878|INFO|BaseImageData.cs|SaveToDisk|346|Saved image to C:\Users\PrimaLuceLab\AppData\Local\NINA\PlateSolver\w4wqvzpv.p0g.fits
2026-08-16T00:34:57.1085|INFO|ImageSolver.cs|Solve|54|Platesolve successful: Coordinates: RA: 19:57:32; Dec: 22° 56' 21"; Epoch: J2000 - Position Angle: 89.45371699164139
2026-08-16T00:34:57.1224|INFO|CenteringSolver.cs|Center|99|Centering Solver - Scope Position: RA: 20:00:47; Dec: 22° 47' 48"; Epoch: JNOW; Offset: RA: 00:00:00; Dec: 00° 00' 00"; Distance: 00° 00' 00"; Bearing: 00° 00' 00"; Centering Coordinates: RA: 20:00:47; Dec: 22° 47' 47"; Epoch: JNOW; Solved: RA: 19:58:43; Dec: 23° 00' 47"; Epoch: JNOW; Separation RA: 00:02:04; Dec: -00° 13' 00"; Distance: 00° 31' 26"; Bearing: 65° 27' 03"; Threshold: 1
2026-08-16T00:34:57.4205|INFO|TelescopeVM.cs|Sync|777|Syncing scope from RA: 20:00:47; Dec: 22° 47' 48"; Epoch: JNOW to RA: 19:58:43; Dec: 23° 00' 47"; Epoch: JNOW
2026-08-16T00:35:02.4319|INFO|CenteringSolver.cs|Center|132|Slewing to target after sync. Current Position: RA: 19:58:43; Dec: 23° 00' 47"; Epoch: JNOW; Target coordinates: RA: 20:00:47; Dec: 22° 47' 47"; Epoch: JNOW; Offset RA: 00:00:00; Dec: 00° 00' 00"; Distance: 00° 00' 00"; Bearing: 00° 00' 00"
2026-08-16T00:35:02.4562|INFO|TelescopeVM.cs|SlewAsyncInternal|910|Slewing from RA: 19:58:43; Dec: 23° 00' 47"; Epoch: JNOW to RA: 20:00:47; Dec: 22° 47' 47"; Epoch: JNOW - Alt: 66° 55' 26"; Az: 216° 00' 29"
2026-08-16T00:35:16.8686|INFO|CameraVM.cs|Capture|742|Starting Exposure - Exposure Time: 15s; Filter: L-Pro; Gain: 15; Offset 132; Binning: 1x1;
2026-08-16T00:35:37.2416|INFO|ImageSolver.cs|Solve|41|Platesolving with parameters: FocalLength: 1260 PixelSize: 4.54 SearchRadius: 30 BlindFailoverEnabled: True Regions: 5000 DownSampleFactor: 2 MaxObjects: 500 Reference Coordinates RA: 19:59:36 Dec: 22° 43' 16" Epoch: J2000
2026-08-16T00:35:37.5633|INFO|BaseImageData.cs|SaveToDisk|346|Saved image to C:\Users\PrimaLuceLab\AppData\Local\NINA\PlateSolver\em4un1oz.wbe.fits
2026-08-16T00:35:39.6845|INFO|ImageSolver.cs|Solve|54|Platesolve successful: Coordinates: RA: 19:59:37; Dec: 22° 43' 10"; Epoch: J2000 - Position Angle: 89.46770339327236
2026-08-16T00:35:39.6865|INFO|CenteringSolver.cs|Center|99|Centering Solver - Scope Position: RA: 20:00:47; Dec: 22° 47' 47"; Epoch: JNOW; Offset: RA: 00:00:00; Dec: 00° 00' 00"; Distance: 00° 00' 00"; Bearing: 00° 00' 00"; Centering Coordinates: RA: 20:00:47; Dec: 22° 47' 47"; Epoch: JNOW; Solved: RA: 20:00:48; Dec: 22° 47' 41"; Epoch: JNOW; Separation RA: -00:00:01; Dec: 00° 00' 06"; Distance: 00° 00' 11"; Bearing: -123° 58' 00"; Threshold: 1
2026-08-16T00:35:39.6866|INFO|CenteringSolver.cs|Center|165|Restoring filter to Red after centering
2026-08-16T00:35:39.8408|INFO|FilterWheelVM.cs|ChangeFilter|112|Moving to Filter Red at Position 2
2026-08-16T00:35:46.1793|INFO|SequenceItem.cs|Run|254|Finishing Category: Telescopio, Item: Center, Coordinates RA: 19:59:36; Dec: 22° 43' 16"; Epoch: J2000
2026-08-16T00:35:46.1813|INFO|MeridianFlipTrigger.cs|ShouldTrigger|211|Meridian Flip - Flip for the current target already happened at 08/15/2026 23:25:46. Skip flip evaluation
2026-08-16T00:35:46.1815|INFO|SequenceItem.cs|Run|208|Starting Category: Guida, Item: StartGuiding
2026-08-16T00:35:46.2417|INFO|PHD2Guider.cs|TryStartGuideCommand|641|Phd2 - Requesting to start guiding. Recalibrate: False
2026-08-16T00:36:11.4300|INFO|SequenceItem.cs|Run|254|Finishing Category: Guida, Item: StartGuiding
2026-08-16T00:36:11.4308|INFO|MeridianFlipTrigger.cs|ShouldTrigger|211|Meridian Flip - Flip for the current target already happened at 08/15/2026 23:25:46. Skip flip evaluation
2026-08-16T00:36:11.4309|INFO|SequenceItem.cs|Run|208|Starting Category: Utilità, Item: WaitForTimeSpan, Time: 300s
2026-08-16T00:41:14.9137|INFO|SequenceItem.cs|Run|254|Finishing Category: Utilità, Item: WaitForTimeSpan, Time: 300s
2026-08-16T00:41:14.9495|INFO|MeridianFlipTrigger.cs|ShouldTrigger|211|Meridian Flip - Flip for the current target already happened at 08/15/2026 23:25:46. Skip flip evaluation
2026-08-16T00:41:14.9496|INFO|SequenceItem.cs|Run|208|Starting Category: Fotocamera, Container: NINA.Sequencer.SequenceItem.Imaging.SmartExposure, Strategy: SequentialStrategy, Items[CREATED]: 2, Conditions: Condition: LoopCondition, Iterations: 0/12, , Triggers: Trigger: DitherAfterExposures, After Exposures: 1
2026-08-16T00:41:14.9502|INFO|MeridianFlipTrigger.cs|ShouldTrigger|211|Meridian Flip - Flip for the current target already happened at 08/15/2026 23:25:46. Skip flip evaluation
2026-08-16T00:41:14.9504|INFO|SequenceItem.cs|Run|208|Starting Category: Ruota porta filtri, Item: SwitchFilter, Filter: Red
2026-08-16T00:41:15.0860|INFO|SequenceItem.cs|Run|254|Finishing Category: Ruota porta filtri, Item: SwitchFilter, Filter: Red
2026-08-16T00:41:15.0868|INFO|MeridianFlipTrigger.cs|ShouldTrigger|211|Meridian Flip - Flip for the current target already happened at 08/15/2026 23:25:46. Skip flip evaluation
2026-08-16T00:41:15.0869|INFO|SequenceTrigger.cs|Run|114|Starting Trigger: RestoreGuiding
2026-08-16T00:41:15.0869|INFO|SequenceItem.cs|Run|208|Starting Category: * Set di Istruzioni *, Container: NINA.Sequencer.Container.SequentialContainer, Strategy: SequentialStrategy, Items[CREATED]: 1
2026-08-16T00:41:15.0870|INFO|SequenceItem.cs|Run|208|Starting Category: Guida, Item: StartGuiding
2026-08-16T00:41:15.1131|INFO|PHD2Guider.cs|StartGuidingPrivate|504|Phd2 - App is already guiding. Skipping start guiding
2026-08-16T00:41:15.1132|INFO|SequenceItem.cs|Run|254|Finishing Category: Guida, Item: StartGuiding
2026-08-16T00:41:15.1133|INFO|SequenceItem.cs|Run|254|Finishing Category: * Set di Istruzioni *, Container: NINA.Sequencer.Container.SequentialContainer, Strategy: SequentialStrategy, Items[FINISHED]: 1
2026-08-16T00:41:15.1136|INFO|SequenceItem.cs|Run|208|Starting Category: Fotocamera, Item: TakeExposure, ExposureTime 600, Gain 15, Offset 132, ImageType LIGHT, Binning 1x1
2026-08-16T00:41:15.1140|INFO|CameraVM.cs|Capture|742|Starting Exposure - Exposure Time: 600s; Filter: ; Gain: 15; Offset 132; Binning: 1x1;
2026-08-16T00:51:21.2928|WARNING|DeviceUpdateTimer.cs|Run|115|Camera value update cycle took longer than the device poll interval (Total: 11.65s > 2s; Poll: 00:00:11.6473412; Update: 00:00:00.0001628)
2026-08-16T00:51:21.2936|INFO|SequenceItem.cs|Run|254|Finishing Category: Fotocamera, Item: TakeExposure, ExposureTime 600, Gain 15, Offset 132, ImageType LIGHT, Binning 1x1
2026-08-16T00:51:21.2944|INFO|MeridianFlipTrigger.cs|ShouldTrigger|211|Meridian Flip - Flip for the current target already happened at 08/15/2026 23:25:46. Skip flip evaluation
2026-08-16T00:51:21.2944|INFO|SequenceItem.cs|Run|208|Starting Category: Ruota porta filtri, Item: SwitchFilter, Filter: Red
2026-08-16T00:51:21.4552|INFO|SequenceItem.cs|Run|254|Finishing Category: Ruota porta filtri, Item: SwitchFilter, Filter: Red
2026-08-16T00:51:21.4556|INFO|SequenceTrigger.cs|Run|114|Starting Trigger: DitherAfterExposures, After Exposures: 1
2026-08-16T00:51:21.4557|INFO|SequenceItem.cs|Run|208|Starting Category: * Set di Istruzioni *, Container: NINA.Sequencer.Container.SequentialContainer, Strategy: SequentialStrategy, Items[CREATED]: 1
2026-08-16T00:51:21.4557|INFO|SequenceItem.cs|Run|208|Starting Category: Guida, Item: Dither
2026-08-16T00:51:24.4704|INFO|BaseImageData.cs|SaveToDisk|346|Saved image to D:\Images NINA\Target\LIGHT_1x1_600.00s_15_132_M 27_Celestron C8__-9.96C_Red_0006_2026-08-16_00-41-15_FWHM_NaN_Fok_38578.xisf
2026-08-16T00:51:24.4705|INFO|ImageSaveController.cs|DoWork|97|Successfully saved file at D:\Images NINA\Target\LIGHT_1x1_600.00s_15_132_M 27_Celestron C8__-9.96C_Red_0006_2026-08-16_00-41-15_FWHM_NaN_Fok_38578.xisf. Duration Total: 00:00:02.6648937; BeforeSave: 00:00:00.3042455; BeforeFinalizeImageSaved: 00:00:02.3346015; FinalizeSaveTime: 00:00:00.0260451
2026-08-16T00:51:25.7816|WARNING|DeviceUpdateTimer.cs|Run|115|FlatDevice value update cycle took longer than the device poll interval (Total: 2.09s > 2s; Poll: 00:00:02.0869732; Update: 00:00:00.0000715)
2026-08-16T00:51:28.2309|WARNING|DeviceUpdateTimer.cs|Run|115|Mount value update cycle took longer than the device poll interval (Total: 2.34s > 2s; Poll: 00:00:02.3412535; Update: 00:00:00.0001649)
2026-08-16T00:51:44.0330|INFO|SequenceItem.cs|Run|254|Finishing Category: Guida, Item: Dither
2026-08-16T00:51:44.0332|INFO|SequenceItem.cs|Run|254|Finishing Category: * Set di Istruzioni *, Container: NINA.Sequencer.Container.SequentialContainer, Strategy: SequentialStrategy, Items[FINISHED]: 1
2026-08-16T00:51:44.0337|INFO|MeridianFlipTrigger.cs|ShouldTrigger|211|Meridian Flip - Flip for the current target already happened at 08/15/2026 23:25:46. Skip flip evaluation
2026-08-16T00:51:44.0338|INFO|SequenceTrigger.cs|Run|114|Starting Trigger: RestoreGuiding
2026-08-16T00:51:44.0339|INFO|SequenceItem.cs|Run|208|Starting Category: * Set di Istruzioni *, Container: NINA.Sequencer.Container.SequentialContainer, Strategy: SequentialStrategy, Items[CREATED]: 1
2026-08-16T00:51:44.0339|INFO|SequenceItem.cs|Run|208|Starting Category: Guida, Item: StartGuiding
2026-08-16T00:51:44.1067|INFO|PHD2Guider.cs|StartGuidingPrivate|504|Phd2 - App is already guiding. Skipping start guiding
2026-08-16T00:51:44.1094|INFO|SequenceItem.cs|Run|254|Finishing Category: Guida, Item: StartGuiding
2026-08-16T00:51:44.1104|INFO|SequenceItem.cs|Run|254|Finishing Category: * Set di Istruzioni *, Container: NINA.Sequencer.Container.SequentialContainer, Strategy: SequentialStrategy, Items[FINISHED]: 1
2026-08-16T00:51:44.1106|INFO|SequenceItem.cs|Run|208|Starting Category: Fotocamera, Item: TakeExposure, ExposureTime 600, Gain 15, Offset 132, ImageType LIGHT, Binning 1x1
2026-08-16T00:51:44.1548|INFO|CameraVM.cs|Capture|742|Starting Exposure - Exposure Time: 600s; Filter: ; Gain: 15; Offset 132; Binning: 1x1;
2026-08-16T01:01:50.4751|WARNING|DeviceUpdateTimer.cs|Run|115|Camera value update cycle took longer than the device poll interval (Total: 10.64s > 2s; Poll: 00:00:10.5914733; Update: 00:00:00.0449776)
2026-08-16T01:01:50.4812|INFO|SequenceItem.cs|Run|254|Finishing Category: Fotocamera, Item: TakeExposure, ExposureTime 600, Gain 15, Offset 132, ImageType LIGHT, Binning 1x1
2026-08-16T01:01:50.4821|INFO|MeridianFlipTrigger.cs|ShouldTrigger|211|Meridian Flip - Flip for the current target already happened at 08/15/2026 23:25:46. Skip flip evaluation
2026-08-16T01:01:50.4822|INFO|SequenceItem.cs|Run|208|Starting Category: Ruota porta filtri, Item: SwitchFilter, Filter: Red
2026-08-16T01:01:50.6478|INFO|SequenceItem.cs|Run|254|Finishing Category: Ruota porta filtri, Item: SwitchFilter, Filter: Red
2026-08-16T01:01:50.6482|INFO|SequenceTrigger.cs|Run|114|Starting Trigger: DitherAfterExposures, After Exposures: 1
2026-08-16T01:01:50.6483|INFO|SequenceItem.cs|Run|208|Starting Category: * Set di Istruzioni *, Container: NINA.Sequencer.Container.SequentialContainer, Strategy: SequentialStrategy, Items[CREATED]: 1
2026-08-16T01:01:50.6484|INFO|SequenceItem.cs|Run|208|Starting Category: Guida, Item: Dither
2026-08-16T01:01:52.6321|INFO|HocusFocusStarDetection.cs|Detect|413|Average HFR: 4.554738017937021, HFR MAD: 0.5392159554455098, Detected Stars 8, Region: 0
2026-08-16T01:01:53.4265|INFO|BaseImageData.cs|SaveToDisk|346|Saved image to D:\Images NINA\Target\LIGHT_1x1_600.00s_15_132_M 27_Celestron C8__-9.96C_Red_0007_2026-08-16_00-51-44_FWHM_NaN_Fok_38578.xisf
2026-08-16T01:01:53.4266|INFO|ImageSaveController.cs|DoWork|97|Successfully saved file at D:\Images NINA\Target\LIGHT_1x1_600.00s_15_132_M 27_Celestron C8__-9.96C_Red_0007_2026-08-16_00-51-44_FWHM_NaN_Fok_38578.xisf. Duration Total: 00:00:02.5631734; BeforeSave: 00:00:00.0001111; BeforeFinalizeImageSaved: 00:00:02.5305243; FinalizeSaveTime: 00:00:00.0325375
2026-08-16T01:02:06.4331|INFO|SequenceItem.cs|Run|254|Finishing Category: Guida, Item: Dither
2026-08-16T01:02:06.4333|INFO|SequenceItem.cs|Run|254|Finishing Category: * Set di Istruzioni *, Container: NINA.Sequencer.Container.SequentialContainer, Strategy: SequentialStrategy, Items[FINISHED]: 1
2026-08-16T01:02:06.4339|INFO|MeridianFlipTrigger.cs|ShouldTrigger|211|Meridian Flip - Flip for the current target already happened at 08/15/2026 23:25:46. Skip flip evaluation
2026-08-16T01:02:06.4340|INFO|SequenceTrigger.cs|Run|114|Starting Trigger: RestoreGuiding
2026-08-16T01:02:06.4340|INFO|SequenceItem.cs|Run|208|Starting Category: * Set di Istruzioni *, Container: NINA.Sequencer.Container.SequentialContainer, Strategy: SequentialStrategy, Items[CREATED]: 1
2026-08-16T01:02:06.4342|INFO|SequenceItem.cs|Run|208|Starting Category: Guida, Item: StartGuiding
2026-08-16T01:02:06.4664|INFO|PHD2Guider.cs|StartGuidingPrivate|504|Phd2 - App is already guiding. Skipping start guiding
2026-08-16T01:02:06.4711|INFO|SequenceItem.cs|Run|254|Finishing Category: Guida, Item: StartGuiding
2026-08-16T01:02:06.4720|INFO|SequenceItem.cs|Run|254|Finishing Category: * Set di Istruzioni *, Container: NINA.Sequencer.Container.SequentialContainer, Strategy: SequentialStrategy, Items[FINISHED]: 1
2026-08-16T01:02:06.5026|INFO|SequenceItem.cs|Run|208|Starting Category: Fotocamera, Item: TakeExposure, ExposureTime 600, Gain 15, Offset 132, ImageType LIGHT, Binning 1x1
2026-08-16T01:02:06.5116|INFO|CameraVM.cs|Capture|742|Starting Exposure - Exposure Time: 600s; Filter: ; Gain: 15; Offset 132; Binning: 1x1;
2026-08-16T01:12:12.8002|INFO|SequenceItem.cs|Run|254|Finishing Category: Fotocamera, Item: TakeExposure, ExposureTime 600, Gain 15, Offset 132, ImageType LIGHT, Binning 1x1
2026-08-16T01:12:12.8016|INFO|MeridianFlipTrigger.cs|ShouldTrigger|211|Meridian Flip - Flip for the current target already happened at 08/15/2026 23:25:46. Skip flip evaluation
2026-08-16T01:12:12.8017|INFO|SequenceItem.cs|Run|208|Starting Category: Ruota porta filtri, Item: SwitchFilter, Filter: Red
2026-08-16T01:12:12.8388|WARNING|DeviceUpdateTimer.cs|Run|115|Camera value update cycle took longer than the device poll interval (Total: 11.50s > 2s; Poll: 00:00:11.4504792; Update: 00:00:00.0488810)
2026-08-16T01:12:13.1173|INFO|SequenceItem.cs|Run|254|Finishing Category: Ruota porta filtri, Item: SwitchFilter, Filter: Red
2026-08-16T01:12:13.1177|INFO|SequenceTrigger.cs|Run|114|Starting Trigger: DitherAfterExposures, After Exposures: 1
2026-08-16T01:12:13.1190|INFO|SequenceItem.cs|Run|208|Starting Category: * Set di Istruzioni *, Container: NINA.Sequencer.Container.SequentialContainer, Strategy: SequentialStrategy, Items[CREATED]: 1
2026-08-16T01:12:13.1194|INFO|SequenceItem.cs|Run|208|Starting Category: Guida, Item: Dither
2026-08-16T01:12:15.3192|INFO|HocusFocusStarDetection.cs|Detect|413|Average HFR: 4.651069110393485, HFR MAD: 0.16303026793427566, Detected Stars 5, Region: 0
2026-08-16T01:12:16.3062|INFO|BaseImageData.cs|SaveToDisk|346|Saved image to D:\Images NINA\Target\LIGHT_1x1_600.00s_15_132_M 27_Celestron C8__-9.91C_Red_0008_2026-08-16_01-02-06_FWHM_NaN_Fok_38578.xisf
2026-08-16T01:12:16.3063|INFO|ImageSaveController.cs|DoWork|97|Successfully saved file at D:\Images NINA\Target\LIGHT_1x1_600.00s_15_132_M 27_Celestron C8__-9.91C_Red_0008_2026-08-16_01-02-06_FWHM_NaN_Fok_38578.xisf. Duration Total: 00:00:02.8436579; BeforeSave: 00:00:00.1055356; BeforeFinalizeImageSaved: 00:00:02.7051952; FinalizeSaveTime: 00:00:00.0329259
2026-08-16T01:12:26.3257|INFO|SequenceItem.cs|Run|254|Finishing Category: Guida, Item: Dither
2026-08-16T01:12:26.3264|INFO|SequenceItem.cs|Run|254|Finishing Category: * Set di Istruzioni *, Container: NINA.Sequencer.Container.SequentialContainer, Strategy: SequentialStrategy, Items[FINISHED]: 1
2026-08-16T01:12:26.3269|INFO|MeridianFlipTrigger.cs|ShouldTrigger|211|Meridian Flip - Flip for the current target already happened at 08/15/2026 23:25:46. Skip flip evaluation
2026-08-16T01:12:26.3270|INFO|SequenceTrigger.cs|Run|114|Starting Trigger: RestoreGuiding
2026-08-16T01:12:26.3270|INFO|SequenceItem.cs|Run|208|Starting Category: * Set di Istruzioni *, Container: NINA.Sequencer.Container.SequentialContainer, Strategy: SequentialStrategy, Items[CREATED]: 1
2026-08-16T01:12:26.3271|INFO|SequenceItem.cs|Run|208|Starting Category: Guida, Item: StartGuiding
2026-08-16T01:12:26.3606|INFO|PHD2Guider.cs|StartGuidingPrivate|504|Phd2 - App is already guiding. Skipping start guiding
2026-08-16T01:12:26.3631|INFO|SequenceItem.cs|Run|254|Finishing Category: Guida, Item: StartGuiding
2026-08-16T01:12:26.3634|INFO|SequenceItem.cs|Run|254|Finishing Category: * Set di Istruzioni *, Container: NINA.Sequencer.Container.SequentialContainer, Strategy: SequentialStrategy, Items[FINISHED]: 1
2026-08-16T01:12:26.3636|INFO|SequenceItem.cs|Run|208|Starting Category: Fotocamera, Item: TakeExposure, ExposureTime 600, Gain 15, Offset 132, ImageType LIGHT, Binning 1x1
2026-08-16T01:12:26.4213|INFO|CameraVM.cs|Capture|742|Starting Exposure - Exposure Time: 600s; Filter: ; Gain: 15; Offset 132; Binning: 1x1;
2026-08-16T01:22:32.6149|WARNING|DeviceUpdateTimer.cs|Run|115|Camera value update cycle took longer than the device poll interval (Total: 9.91s > 2s; Poll: 00:00:09.9059166; Update: 00:00:00.0001737)
2026-08-16T01:22:32.7990|INFO|SequenceItem.cs|Run|254|Finishing Category: Fotocamera, Item: TakeExposure, ExposureTime 600, Gain 15, Offset 132, ImageType LIGHT, Binning 1x1
2026-08-16T01:22:32.7997|INFO|MeridianFlipTrigger.cs|ShouldTrigger|211|Meridian Flip - Flip for the current target already happened at 08/15/2026 23:25:46. Skip flip evaluation
2026-08-16T01:22:32.7998|INFO|SequenceItem.cs|Run|208|Starting Category: Ruota porta filtri, Item: SwitchFilter, Filter: Red
2026-08-16T01:22:33.0225|INFO|SequenceItem.cs|Run|254|Finishing Category: Ruota porta filtri, Item: SwitchFilter, Filter: Red
2026-08-16T01:22:33.0234|INFO|SequenceTrigger.cs|Run|114|Starting Trigger: DitherAfterExposures, After Exposures: 1
2026-08-16T01:22:33.0235|INFO|SequenceItem.cs|Run|208|Starting Category: * Set di Istruzioni *, Container: NINA.Sequencer.Container.SequentialContainer, Strategy: SequentialStrategy, Items[CREATED]: 1
2026-08-16T01:22:33.0236|INFO|SequenceItem.cs|Run|208|Starting Category: Guida, Item: Dither
2026-08-16T01:22:35.7834|INFO|HocusFocusStarDetection.cs|Detect|413|Average HFR: 4.0418701103792705, HFR MAD: 0.32080790086563926, Detected Stars 55, Region: 0
2026-08-16T01:22:36.4840|INFO|BaseImageData.cs|SaveToDisk|346|Saved image to D:\Images NINA\Target\LIGHT_1x1_600.00s_15_132_M 27_Celestron C8__-9.96C_Red_0009_2026-08-16_01-12-26_FWHM_5.19_Fok_38578.xisf
2026-08-16T01:22:36.4842|INFO|ImageSaveController.cs|DoWork|97|Successfully saved file at D:\Images NINA\Target\LIGHT_1x1_600.00s_15_132_M 27_Celestron C8__-9.96C_Red_0009_2026-08-16_01-12-26_FWHM_5.19_Fok_38578.xisf. Duration Total: 00:00:03.1762702; BeforeSave: 00:00:00.0000858; BeforeFinalizeImageSaved: 00:00:03.1305113; FinalizeSaveTime: 00:00:00.0456726
2026-08-16T01:22:50.7485|INFO|SequenceItem.cs|Run|254|Finishing Category: Guida, Item: Dither
2026-08-16T01:22:50.7527|INFO|SequenceItem.cs|Run|254|Finishing Category: * Set di Istruzioni *, Container: NINA.Sequencer.Container.SequentialContainer, Strategy: SequentialStrategy, Items[FINISHED]: 1
2026-08-16T01:22:50.7564|INFO|MeridianFlipTrigger.cs|ShouldTrigger|211|Meridian Flip - Flip for the current target already happened at 08/15/2026 23:25:46. Skip flip evaluation
2026-08-16T01:22:50.7568|INFO|SequenceTrigger.cs|Run|114|Starting Trigger: RestoreGuiding
2026-08-16T01:22:50.7568|INFO|SequenceItem.cs|Run|208|Starting Category: * Set di Istruzioni *, Container: NINA.Sequencer.Container.SequentialContainer, Strategy: SequentialStrategy, Items[CREATED]: 1
2026-08-16T01:22:50.7569|INFO|SequenceItem.cs|Run|208|Starting Category: Guida, Item: StartGuiding
2026-08-16T01:22:50.8091|INFO|PHD2Guider.cs|StartGuidingPrivate|504|Phd2 - App is already guiding. Skipping start guiding
2026-08-16T01:22:50.8093|INFO|SequenceItem.cs|Run|254|Finishing Category: Guida, Item: StartGuiding
2026-08-16T01:22:50.8094|INFO|SequenceItem.cs|Run|254|Finishing Category: * Set di Istruzioni *, Container: NINA.Sequencer.Container.SequentialContainer, Strategy: SequentialStrategy, Items[FINISHED]: 1
2026-08-16T01:22:50.8271|INFO|SequenceItem.cs|Run|208|Starting Category: Fotocamera, Item: TakeExposure, ExposureTime 600, Gain 15, Offset 132, ImageType LIGHT, Binning 1x1
2026-08-16T01:22:50.8277|INFO|CameraVM.cs|Capture|742|Starting Exposure - Exposure Time: 600s; Filter: ; Gain: 15; Offset 132; Binning: 1x1;
2026-08-16T01:32:57.0422|WARNING|DeviceUpdateTimer.cs|Run|115|Camera value update cycle took longer than the device poll interval (Total: 11.52s > 2s; Poll: 00:00:11.5220754; Update: 00:00:00.0003105)
2026-08-16T01:32:57.1024|INFO|SequenceItem.cs|Run|254|Finishing Category: Fotocamera, Item: TakeExposure, ExposureTime 600, Gain 15, Offset 132, ImageType LIGHT, Binning 1x1
2026-08-16T01:32:57.1033|INFO|MeridianFlipTrigger.cs|ShouldTrigger|211|Meridian Flip - Flip for the current target already happened at 08/15/2026 23:25:46. Skip flip evaluation
2026-08-16T01:32:57.1033|INFO|SequenceItem.cs|Run|208|Starting Category: Ruota porta filtri, Item: SwitchFilter, Filter: Red
2026-08-16T01:32:57.4616|INFO|ImageSolver.cs|Solve|41|Platesolving with parameters: FocalLength: 1260 PixelSize: 4.54 SearchRadius: 30 BlindFailoverEnabled: True Regions: 5000 DownSampleFactor: 2 MaxObjects: 500 Reference Coordinates RA: 19:59:41 Dec: 22° 44' 04" Epoch: J2000
2026-08-16T01:32:57.4658|INFO|SequenceItem.cs|Run|254|Finishing Category: Ruota porta filtri, Item: SwitchFilter, Filter: Red
2026-08-16T01:32:57.4660|INFO|SequenceTrigger.cs|Run|114|Starting Trigger: DitherAfterExposures, After Exposures: 1
2026-08-16T01:32:57.4661|INFO|SequenceItem.cs|Run|208|Starting Category: * Set di Istruzioni *, Container: NINA.Sequencer.Container.SequentialContainer, Strategy: SequentialStrategy, Items[CREATED]: 1
2026-08-16T01:32:57.4662|INFO|SequenceItem.cs|Run|208|Starting Category: Guida, Item: Dither
2026-08-16T01:32:58.2292|INFO|BaseImageData.cs|SaveToDisk|346|Saved image to C:\Users\PrimaLuceLab\AppData\Local\NINA\PlateSolver\fdhojj2c.d2w.fits
2026-08-16T01:33:00.8099|INFO|HocusFocusStarDetection.cs|Detect|413|Average HFR: 3.9169256465331337, HFR MAD: 0.36680151483747103, Detected Stars 50, Region: 0
2026-08-16T01:33:02.3582|INFO|BaseImageData.cs|SaveToDisk|346|Saved image to D:\Images NINA\Target\LIGHT_1x1_600.00s_15_132_M 27_Celestron C8__-10.00C_Red_0010_2026-08-16_01-22-50_FWHM_4.98_Fok_38578.xisf
2026-08-16T01:33:02.3583|INFO|ImageSaveController.cs|DoWork|97|Successfully saved file at D:\Images NINA\Target\LIGHT_1x1_600.00s_15_132_M 27_Celestron C8__-10.00C_Red_0010_2026-08-16_01-22-50_FWHM_4.98_Fok_38578.xisf. Duration Total: 00:00:04.9361716; BeforeSave: 00:00:00.0392935; BeforeFinalizeImageSaved: 00:00:04.8067398; FinalizeSaveTime: 00:00:00.0901375
2026-08-16T01:33:02.7090|WARNING|DeviceUpdateTimer.cs|Run|115|Mount value update cycle took longer than the device poll interval (Total: 3.05s > 2s; Poll: 00:00:03.0531813; Update: 00:00:00.0001020)
2026-08-16T01:33:15.3350|INFO|SequenceItem.cs|Run|254|Finishing Category: Guida, Item: Dither
2026-08-16T01:33:15.3352|INFO|SequenceItem.cs|Run|254|Finishing Category: * Set di Istruzioni *, Container: NINA.Sequencer.Container.SequentialContainer, Strategy: SequentialStrategy, Items[FINISHED]: 1
2026-08-16T01:33:15.3361|INFO|MeridianFlipTrigger.cs|ShouldTrigger|211|Meridian Flip - Flip for the current target already happened at 08/15/2026 23:25:46. Skip flip evaluation
2026-08-16T01:33:15.3364|INFO|SequenceTrigger.cs|Run|114|Starting Trigger: RestoreGuiding
2026-08-16T01:33:15.3365|INFO|SequenceItem.cs|Run|208|Starting Category: * Set di Istruzioni *, Container: NINA.Sequencer.Container.SequentialContainer, Strategy: SequentialStrategy, Items[CREATED]: 1
2026-08-16T01:33:15.3366|INFO|SequenceItem.cs|Run|208|Starting Category: Guida, Item: StartGuiding
2026-08-16T01:33:15.4117|INFO|PHD2Guider.cs|StartGuidingPrivate|504|Phd2 - App is already guiding. Skipping start guiding
2026-08-16T01:33:15.4174|INFO|SequenceItem.cs|Run|254|Finishing Category: Guida, Item: StartGuiding
2026-08-16T01:33:15.4177|INFO|SequenceItem.cs|Run|254|Finishing Category: * Set di Istruzioni *, Container: NINA.Sequencer.Container.SequentialContainer, Strategy: SequentialStrategy, Items[FINISHED]: 1
2026-08-16T01:33:15.4181|INFO|SequenceItem.cs|Run|208|Starting Category: Fotocamera, Item: TakeExposure, ExposureTime 600, Gain 15, Offset 132, ImageType LIGHT, Binning 1x1
2026-08-16T01:33:15.4186|INFO|CameraVM.cs|Capture|742|Starting Exposure - Exposure Time: 600s; Filter: ; Gain: 15; Offset 132; Binning: 1x1;
2026-08-16T01:41:09.0310|ERROR|ASTAPSolver.cs|ReadResult|62|ASTAP - Plate solve failed.
 Star database limit was reached!

2026-08-16T01:41:09.0365|INFO|ImageSolver.cs|Solve|41|Platesolving with parameters: FocalLength: 1260 PixelSize: 4.54 SearchRadius: 30 BlindFailoverEnabled: True Regions: 5000 DownSampleFactor: 2 MaxObjects: 500 
2026-08-16T01:41:10.6957|INFO|BaseImageData.cs|SaveToDisk|346|Saved image to C:\Users\PrimaLuceLab\AppData\Local\NINA\PlateSolver\wuxyfkf1.fs5.fits
2026-08-16T01:41:35.0799|INFO|AstrometryPlateSolver.cs|SubmitImageJob|166|Plate Solving: Astrometry.net: Submission 15852791 created for solving.
2026-08-16T01:41:55.4540|INFO|AstrometryPlateSolver.cs|GetJobResult|191|Plate Solving: Astrometry.net: Job 16688744 completed successfully.
2026-08-16T01:41:56.2208|INFO|AstrometryPlateSolver.cs|GetJobResult|201|Plate Solving: Astrometry.net: Job 16688744 successfully retrieved.
2026-08-16T01:41:56.2210|INFO|ImageSolver.cs|Solve|54|Platesolve successful: Coordinates: RA: 19:59:40; Dec: 22° 42' 41"; Epoch: J2000 - Position Angle: 89.4322493069235
2026-08-16T01:41:56.2210|INFO|ImageSolver.cs|Solve|54|Platesolve successful: Coordinates: RA: 19:59:40; Dec: 22° 42' 41"; Epoch: J2000 - Position Angle: 89.4322493069235
2026-08-16T01:41:56.2213|INFO|CenterAfterDriftTrigger.cs|PlatesolvingImageFollower_PropertyChanged|189|Drift: 1.0044932744716393 / 3 arc minutes
2026-08-16T01:43:21.7941|WARNING|DeviceUpdateTimer.cs|Run|115|Camera value update cycle took longer than the device poll interval (Total: 10.26s > 2s; Poll: 00:00:10.2576070; Update: 00:00:00.0001232)
2026-08-16T01:43:21.8165|INFO|SequenceItem.cs|Run|254|Finishing Category: Fotocamera, Item: TakeExposure, ExposureTime 600, Gain 15, Offset 132, ImageType LIGHT, Binning 1x1
2026-08-16T01:43:21.8179|INFO|MeridianFlipTrigger.cs|ShouldTrigger|211|Meridian Flip - Flip for the current target already happened at 08/15/2026 23:25:46. Skip flip evaluation
2026-08-16T01:43:21.8180|INFO|SequenceItem.cs|Run|208|Starting Category: Ruota porta filtri, Item: SwitchFilter, Filter: Red
2026-08-16T01:43:22.0587|INFO|SequenceItem.cs|Run|254|Finishing Category: Ruota porta filtri, Item: SwitchFilter, Filter: Red
2026-08-16T01:43:22.0590|INFO|SequenceTrigger.cs|Run|114|Starting Trigger: DitherAfterExposures, After Exposures: 1
2026-08-16T01:43:22.0591|INFO|SequenceItem.cs|Run|208|Starting Category: * Set di Istruzioni *, Container: NINA.Sequencer.Container.SequentialContainer, Strategy: SequentialStrategy, Items[CREATED]: 1
2026-08-16T01:43:22.0592|INFO|SequenceItem.cs|Run|208|Starting Category: Guida, Item: Dither
2026-08-16T01:43:24.2858|INFO|HocusFocusStarDetection.cs|Detect|413|Average HFR: 4.398999299244172, HFR MAD: 0.47549128606330227, Detected Stars 20, Region: 0
2026-08-16T01:43:25.1353|INFO|BaseImageData.cs|SaveToDisk|346|Saved image to D:\Images NINA\Target\LIGHT_1x1_600.00s_15_132_M 27_Celestron C8__-9.96C_Red_0011_2026-08-16_01-33-15_FWHM_NaN_Fok_38578.xisf
2026-08-16T01:43:25.1354|INFO|ImageSaveController.cs|DoWork|97|Successfully saved file at D:\Images NINA\Target\LIGHT_1x1_600.00s_15_132_M 27_Celestron C8__-9.96C_Red_0011_2026-08-16_01-33-15_FWHM_NaN_Fok_38578.xisf. Duration Total: 00:00:02.8172746; BeforeSave: 00:00:00.0270846; BeforeFinalizeImageSaved: 00:00:02.6900459; FinalizeSaveTime: 00:00:00.1001436
2026-08-16T01:43:39.1932|INFO|SequenceItem.cs|Run|254|Finishing Category: Guida, Item: Dither
2026-08-16T01:43:39.1935|INFO|SequenceItem.cs|Run|254|Finishing Category: * Set di Istruzioni *, Container: NINA.Sequencer.Container.SequentialContainer, Strategy: SequentialStrategy, Items[FINISHED]: 1
2026-08-16T01:43:39.1940|INFO|MeridianFlipTrigger.cs|ShouldTrigger|211|Meridian Flip - Flip for the current target already happened at 08/15/2026 23:25:46. Skip flip evaluation
2026-08-16T01:43:39.1941|INFO|SequenceTrigger.cs|Run|114|Starting Trigger: RestoreGuiding
2026-08-16T01:43:39.1941|INFO|SequenceItem.cs|Run|208|Starting Category: * Set di Istruzioni *, Container: NINA.Sequencer.Container.SequentialContainer, Strategy: SequentialStrategy, Items[CREATED]: 1
2026-08-16T01:43:39.1942|INFO|SequenceItem.cs|Run|208|Starting Category: Guida, Item: StartGuiding
2026-08-16T01:43:39.2439|INFO|PHD2Guider.cs|StartGuidingPrivate|504|Phd2 - App is already guiding. Skipping start guiding
2026-08-16T01:43:39.2440|INFO|SequenceItem.cs|Run|254|Finishing Category: Guida, Item: StartGuiding
2026-08-16T01:43:39.2442|INFO|SequenceItem.cs|Run|254|Finishing Category: * Set di Istruzioni *, Container: NINA.Sequencer.Container.SequentialContainer, Strategy: SequentialStrategy, Items[FINISHED]: 1
2026-08-16T01:43:39.2702|INFO|SequenceItem.cs|Run|208|Starting Category: Fotocamera, Item: TakeExposure, ExposureTime 600, Gain 15, Offset 132, ImageType LIGHT, Binning 1x1
2026-08-16T01:43:39.2817|INFO|CameraVM.cs|Capture|742|Starting Exposure - Exposure Time: 600s; Filter: ; Gain: 15; Offset 132; Binning: 1x1;
2026-08-16T01:53:45.4999|INFO|SequenceItem.cs|Run|254|Finishing Category: Fotocamera, Item: TakeExposure, ExposureTime 600, Gain 15, Offset 132, ImageType LIGHT, Binning 1x1
2026-08-16T01:53:45.5008|INFO|MeridianFlipTrigger.cs|ShouldTrigger|211|Meridian Flip - Flip for the current target already happened at 08/15/2026 23:25:46. Skip flip evaluation
2026-08-16T01:53:45.5009|INFO|SequenceItem.cs|Run|208|Starting Category: Ruota porta filtri, Item: SwitchFilter, Filter: Red
2026-08-16T01:53:45.5134|WARNING|DeviceUpdateTimer.cs|Run|115|Camera value update cycle took longer than the device poll interval (Total: 11.99s > 2s; Poll: 00:00:11.9571889; Update: 00:00:00.0361550)
2026-08-16T01:53:45.7098|INFO|SequenceItem.cs|Run|254|Finishing Category: Ruota porta filtri, Item: SwitchFilter, Filter: Red
2026-08-16T01:53:45.7101|INFO|SequenceTrigger.cs|Run|114|Starting Trigger: DitherAfterExposures, After Exposures: 1
2026-08-16T01:53:45.7102|INFO|SequenceItem.cs|Run|208|Starting Category: * Set di Istruzioni *, Container: NINA.Sequencer.Container.SequentialContainer, Strategy: SequentialStrategy, Items[CREATED]: 1
2026-08-16T01:53:45.7103|INFO|SequenceItem.cs|Run|208|Starting Category: Guida, Item: Dither
2026-08-16T01:53:49.2315|INFO|HocusFocusStarDetection.cs|Detect|413|Average HFR: 3.806259051346587, HFR MAD: 0.2820722220135692, Detected Stars 145, Region: 0
2026-08-16T01:53:49.9178|INFO|BaseImageData.cs|SaveToDisk|346|Saved image to D:\Images NINA\Target\LIGHT_1x1_600.00s_15_132_M 27_Celestron C8__-9.96C_Red_0012_2026-08-16_01-43-39_FWHM_5.08_Fok_38578.xisf
2026-08-16T01:53:49.9179|INFO|ImageSaveController.cs|DoWork|97|Successfully saved file at D:\Images NINA\Target\LIGHT_1x1_600.00s_15_132_M 27_Celestron C8__-9.96C_Red_0012_2026-08-16_01-43-39_FWHM_5.08_Fok_38578.xisf. Duration Total: 00:00:03.9186716; BeforeSave: 00:00:00.0001689; BeforeFinalizeImageSaved: 00:00:03.8855534; FinalizeSaveTime: 00:00:00.0329487
2026-08-16T01:54:03.2376|INFO|SequenceItem.cs|Run|254|Finishing Category: Guida, Item: Dither
2026-08-16T01:54:03.2378|INFO|SequenceItem.cs|Run|254|Finishing Category: * Set di Istruzioni *, Container: NINA.Sequencer.Container.SequentialContainer, Strategy: SequentialStrategy, Items[FINISHED]: 1
2026-08-16T01:54:03.2384|INFO|MeridianFlipTrigger.cs|ShouldTrigger|211|Meridian Flip - Flip for the current target already happened at 08/15/2026 23:25:46. Skip flip evaluation
2026-08-16T01:54:03.2385|INFO|SequenceTrigger.cs|Run|114|Starting Trigger: RestoreGuiding
2026-08-16T01:54:03.2386|INFO|SequenceItem.cs|Run|208|Starting Category: * Set di Istruzioni *, Container: NINA.Sequencer.Container.SequentialContainer, Strategy: SequentialStrategy, Items[CREATED]: 1
2026-08-16T01:54:03.2386|INFO|SequenceItem.cs|Run|208|Starting Category: Guida, Item: StartGuiding
2026-08-16T01:54:03.2900|INFO|PHD2Guider.cs|StartGuidingPrivate|504|Phd2 - App is already guiding. Skipping start guiding
2026-08-16T01:54:03.2901|INFO|SequenceItem.cs|Run|254|Finishing Category: Guida, Item: StartGuiding
2026-08-16T01:54:03.2905|INFO|SequenceItem.cs|Run|254|Finishing Category: * Set di Istruzioni *, Container: NINA.Sequencer.Container.SequentialContainer, Strategy: SequentialStrategy, Items[FINISHED]: 1
2026-08-16T01:54:03.3193|INFO|SequenceItem.cs|Run|208|Starting Category: Fotocamera, Item: TakeExposure, ExposureTime 600, Gain 15, Offset 132, ImageType LIGHT, Binning 1x1
2026-08-16T01:54:03.3306|INFO|CameraVM.cs|Capture|742|Starting Exposure - Exposure Time: 600s; Filter: ; Gain: 15; Offset 132; Binning: 1x1;
2026-08-16T01:55:12.3246|WARNING|DeviceUpdateTimer.cs|Run|115|Mount value update cycle took longer than the device poll interval (Total: 4.00s > 2s; Poll: 00:00:03.9998382; Update: 00:00:00.0000993)
2026-08-16T01:55:50.7523|INFO|Thumbnail.cs|LoadOriginalImage|40|Reloading image from D:\Images NINA\Target\LIGHT_1x1_600.00s_15_132_M 27_Celestron C8__-9.96C_Red_0007_2026-08-16_00-51-44_FWHM_NaN_Fok_38578.xisf
2026-08-16T01:56:00.1472|INFO|Thumbnail.cs|LoadOriginalImage|40|Reloading image from D:\Images NINA\Target\LIGHT_1x1_600.00s_15_132_M 27_Celestron C8__-9.96C_Red_0012_2026-08-16_01-43-39_FWHM_5.08_Fok_38578.xisf
2026-08-16T02:04:09.5816|INFO|SequenceItem.cs|Run|254|Finishing Category: Fotocamera, Item: TakeExposure, ExposureTime 600, Gain 15, Offset 132, ImageType LIGHT, Binning 1x1
2026-08-16T02:04:09.5824|INFO|MeridianFlipTrigger.cs|ShouldTrigger|211|Meridian Flip - Flip for the current target already happened at 08/15/2026 23:25:46. Skip flip evaluation
2026-08-16T02:04:09.5825|INFO|SequenceItem.cs|Run|208|Starting Category: Ruota porta filtri, Item: SwitchFilter, Filter: Red
2026-08-16T02:04:09.5831|WARNING|DeviceUpdateTimer.cs|Run|115|Camera value update cycle took longer than the device poll interval (Total: 11.69s > 2s; Poll: 00:00:11.6941760; Update: 00:00:00.0001078)
2026-08-16T02:04:09.7295|INFO|SequenceItem.cs|Run|254|Finishing Category: Ruota porta filtri, Item: SwitchFilter, Filter: Red
2026-08-16T02:04:09.7297|WARNING|DitherAfterExposures.cs|ShouldTrigger|118|Dither should be triggered, however the meridian flip is too close to be executed
2026-08-16T02:04:09.7302|INFO|MeridianFlipTrigger.cs|ShouldTrigger|211|Meridian Flip - Flip for the current target already happened at 08/15/2026 23:25:46. Skip flip evaluation
2026-08-16T02:04:09.7303|INFO|SequenceTrigger.cs|Run|114|Starting Trigger: RestoreGuiding
2026-08-16T02:04:09.7303|INFO|SequenceItem.cs|Run|208|Starting Category: * Set di Istruzioni *, Container: NINA.Sequencer.Container.SequentialContainer, Strategy: SequentialStrategy, Items[CREATED]: 1
2026-08-16T02:04:09.7304|INFO|SequenceItem.cs|Run|208|Starting Category: Guida, Item: StartGuiding
2026-08-16T02:04:10.0070|INFO|PHD2Guider.cs|StartGuidingPrivate|504|Phd2 - App is already guiding. Skipping start guiding
2026-08-16T02:04:10.0075|INFO|SequenceItem.cs|Run|254|Finishing Category: Guida, Item: StartGuiding
2026-08-16T02:04:10.0090|INFO|SequenceItem.cs|Run|254|Finishing Category: * Set di Istruzioni *, Container: NINA.Sequencer.Container.SequentialContainer, Strategy: SequentialStrategy, Items[FINISHED]: 1
2026-08-16T02:04:10.0111|INFO|SequenceItem.cs|Run|208|Starting Category: Fotocamera, Item: TakeExposure, ExposureTime 600, Gain 15, Offset 132, ImageType LIGHT, Binning 1x1
2026-08-16T02:04:10.0146|INFO|CameraVM.cs|Capture|742|Starting Exposure - Exposure Time: 600s; Filter: ; Gain: 15; Offset 132; Binning: 1x1;
2026-08-16T02:04:14.4705|INFO|HocusFocusStarDetection.cs|Detect|413|Average HFR: 3.140264214352764, HFR MAD: 0.30977191939500637, Detected Stars 546, Region: 0
2026-08-16T02:04:15.2011|INFO|BaseImageData.cs|SaveToDisk|346|Saved image to D:\Images NINA\Target\LIGHT_1x1_600.00s_15_132_M 27_Celestron C8__-9.96C_Red_0013_2026-08-16_01-54-03_FWHM_4.60_Fok_38578.xisf
2026-08-16T02:04:15.2012|INFO|ImageSaveController.cs|DoWork|97|Successfully saved file at D:\Images NINA\Target\LIGHT_1x1_600.00s_15_132_M 27_Celestron C8__-9.96C_Red_0013_2026-08-16_01-54-03_FWHM_4.60_Fok_38578.xisf. Duration Total: 00:00:05.0743615; BeforeSave: 00:00:00.0006301; BeforeFinalizeImageSaved: 00:00:04.9845988; FinalizeSaveTime: 00:00:00.0891320
2026-08-16T02:14:16.6193|WARNING|DeviceUpdateTimer.cs|Run|115|Camera value update cycle took longer than the device poll interval (Total: 11.05s > 2s; Poll: 00:00:11.0460798; Update: 00:00:00.0081234)
2026-08-16T02:14:16.6506|INFO|SequenceItem.cs|Run|254|Finishing Category: Fotocamera, Item: TakeExposure, ExposureTime 600, Gain 15, Offset 132, ImageType LIGHT, Binning 1x1
2026-08-16T02:14:16.6517|INFO|MeridianFlipTrigger.cs|ShouldTrigger|211|Meridian Flip - Flip for the current target already happened at 08/15/2026 23:25:46. Skip flip evaluation
2026-08-16T02:14:16.6518|INFO|SequenceItem.cs|Run|208|Starting Category: Ruota porta filtri, Item: SwitchFilter, Filter: Red
2026-08-16T02:14:16.7919|INFO|SequenceItem.cs|Run|254|Finishing Category: Ruota porta filtri, Item: SwitchFilter, Filter: Red
2026-08-16T02:14:16.7922|INFO|SequenceTrigger.cs|Run|114|Starting Trigger: DitherAfterExposures, After Exposures: 1
2026-08-16T02:14:16.7923|INFO|SequenceItem.cs|Run|208|Starting Category: * Set di Istruzioni *, Container: NINA.Sequencer.Container.SequentialContainer, Strategy: SequentialStrategy, Items[CREATED]: 1
2026-08-16T02:14:16.7923|INFO|SequenceItem.cs|Run|208|Starting Category: Guida, Item: Dither
2026-08-16T02:14:21.6064|INFO|HocusFocusStarDetection.cs|Detect|413|Average HFR: 3.131510509427037, HFR MAD: 0.3168775968463855, Detected Stars 526, Region: 0
2026-08-16T02:14:22.4682|INFO|BaseImageData.cs|SaveToDisk|346|Saved image to D:\Images NINA\Target\LIGHT_1x1_600.00s_15_132_M 27_Celestron C8__-9.96C_Red_0014_2026-08-16_02-04-10_FWHM_4.45_Fok_38578.xisf
2026-08-16T02:14:22.4683|INFO|ImageSaveController.cs|DoWork|97|Successfully saved file at D:\Images NINA\Target\LIGHT_1x1_600.00s_15_132_M 27_Celestron C8__-9.96C_Red_0014_2026-08-16_02-04-10_FWHM_4.45_Fok_38578.xisf. Duration Total: 00:00:05.3500221; BeforeSave: 00:00:00.0007938; BeforeFinalizeImageSaved: 00:00:05.2210234; FinalizeSaveTime: 00:00:00.1282042
2026-08-16T02:14:44.6408|INFO|SequenceItem.cs|Run|254|Finishing Category: Guida, Item: Dither
2026-08-16T02:14:44.6410|INFO|SequenceItem.cs|Run|254|Finishing Category: * Set di Istruzioni *, Container: NINA.Sequencer.Container.SequentialContainer, Strategy: SequentialStrategy, Items[FINISHED]: 1
2026-08-16T02:14:44.6415|INFO|MeridianFlipTrigger.cs|ShouldTrigger|211|Meridian Flip - Flip for the current target already happened at 08/15/2026 23:25:46. Skip flip evaluation
2026-08-16T02:14:44.6415|INFO|SequenceTrigger.cs|Run|114|Starting Trigger: RestoreGuiding
2026-08-16T02:14:44.6416|INFO|SequenceItem.cs|Run|208|Starting Category: * Set di Istruzioni *, Container: NINA.Sequencer.Container.SequentialContainer, Strategy: SequentialStrategy, Items[CREATED]: 1
2026-08-16T02:14:44.6416|INFO|SequenceItem.cs|Run|208|Starting Category: Guida, Item: StartGuiding
2026-08-16T02:14:44.6821|INFO|PHD2Guider.cs|StartGuidingPrivate|504|Phd2 - App is already guiding. Skipping start guiding
2026-08-16T02:14:44.6843|INFO|SequenceItem.cs|Run|254|Finishing Category: Guida, Item: StartGuiding
2026-08-16T02:14:44.6847|INFO|SequenceItem.cs|Run|254|Finishing Category: * Set di Istruzioni *, Container: NINA.Sequencer.Container.SequentialContainer, Strategy: SequentialStrategy, Items[FINISHED]: 1
2026-08-16T02:14:44.6852|INFO|SequenceItem.cs|Run|208|Starting Category: Fotocamera, Item: TakeExposure, ExposureTime 600, Gain 15, Offset 132, ImageType LIGHT, Binning 1x1
2026-08-16T02:14:44.6857|INFO|CameraVM.cs|Capture|742|Starting Exposure - Exposure Time: 600s; Filter: ; Gain: 15; Offset 132; Binning: 1x1;
2026-08-16T02:24:50.9027|WARNING|DeviceUpdateTimer.cs|Run|115|Camera value update cycle took longer than the device poll interval (Total: 8.00s > 2s; Poll: 00:00:07.9953467; Update: 00:00:00.0001252)
2026-08-16T02:24:50.9034|INFO|SequenceItem.cs|Run|254|Finishing Category: Fotocamera, Item: TakeExposure, ExposureTime 600, Gain 15, Offset 132, ImageType LIGHT, Binning 1x1
2026-08-16T02:24:50.9041|INFO|MeridianFlipTrigger.cs|ShouldTrigger|211|Meridian Flip - Flip for the current target already happened at 08/15/2026 23:25:46. Skip flip evaluation
2026-08-16T02:24:50.9041|INFO|SequenceItem.cs|Run|208|Starting Category: Ruota porta filtri, Item: SwitchFilter, Filter: Red
2026-08-16T02:24:51.1283|INFO|SequenceItem.cs|Run|254|Finishing Category: Ruota porta filtri, Item: SwitchFilter, Filter: Red
2026-08-16T02:24:51.1286|INFO|SequenceTrigger.cs|Run|114|Starting Trigger: DitherAfterExposures, After Exposures: 1
2026-08-16T02:24:51.1287|INFO|SequenceItem.cs|Run|208|Starting Category: * Set di Istruzioni *, Container: NINA.Sequencer.Container.SequentialContainer, Strategy: SequentialStrategy, Items[CREATED]: 1
2026-08-16T02:24:51.1288|INFO|SequenceItem.cs|Run|208|Starting Category: Guida, Item: Dither
2026-08-16T02:24:51.3247|INFO|ImageSolver.cs|Solve|41|Platesolving with parameters: FocalLength: 1260 PixelSize: 4.54 SearchRadius: 30 BlindFailoverEnabled: True Regions: 5000 DownSampleFactor: 2 MaxObjects: 500 Reference Coordinates RA: 19:59:48 Dec: 22° 45' 52" Epoch: J2000
2026-08-16T02:24:52.4917|INFO|BaseImageData.cs|SaveToDisk|346|Saved image to C:\Users\PrimaLuceLab\AppData\Local\NINA\PlateSolver\mjbqvbcw.s3m.fits
2026-08-16T02:24:54.1459|WARNING|DeviceUpdateTimer.cs|Run|115|Mount value update cycle took longer than the device poll interval (Total: 2.02s > 2s; Poll: 00:00:02.0231069; Update: 00:00:00.0000815)
2026-08-16T02:24:58.0564|INFO|ImageSolver.cs|Solve|54|Platesolve successful: Coordinates: RA: 19:59:43; Dec: 22° 42' 35"; Epoch: J2000 - Position Angle: 89.39081651897538
2026-08-16T02:24:58.0565|INFO|CenterAfterDriftTrigger.cs|PlatesolvingImageFollower_PropertyChanged|189|Drift: 1.5919721907409032 / 3 arc minutes
2026-08-16T02:24:58.0621|INFO|HocusFocusStarDetection.cs|Detect|413|Average HFR: 2.9343151791152704, HFR MAD: 0.33066030669587976, Detected Stars 647, Region: 0
2026-08-16T02:24:58.8854|INFO|BaseImageData.cs|SaveToDisk|346|Saved image to D:\Images NINA\Target\LIGHT_1x1_600.00s_15_132_M 27_Celestron C8__-9.96C_Red_0015_2026-08-16_02-14-44_FWHM_4.33_Fok_38578.xisf
2026-08-16T02:24:58.8855|INFO|ImageSaveController.cs|DoWork|97|Successfully saved file at D:\Images NINA\Target\LIGHT_1x1_600.00s_15_132_M 27_Celestron C8__-9.96C_Red_0015_2026-08-16_02-14-44_FWHM_4.33_Fok_38578.xisf. Duration Total: 00:00:07.5609760; BeforeSave: 00:00:00.0000809; BeforeFinalizeImageSaved: 00:00:07.3951823; FinalizeSaveTime: 00:00:00.1657121
2026-08-16T02:25:08.4183|INFO|SequenceItem.cs|Run|254|Finishing Category: Guida, Item: Dither
2026-08-16T02:25:08.4206|INFO|SequenceItem.cs|Run|254|Finishing Category: * Set di Istruzioni *, Container: NINA.Sequencer.Container.SequentialContainer, Strategy: SequentialStrategy, Items[FINISHED]: 1
2026-08-16T02:25:08.4213|INFO|MeridianFlipTrigger.cs|ShouldTrigger|211|Meridian Flip - Flip for the current target already happened at 08/15/2026 23:25:46. Skip flip evaluation
2026-08-16T02:25:08.4213|INFO|SequenceTrigger.cs|Run|114|Starting Trigger: RestoreGuiding
2026-08-16T02:25:08.4214|INFO|SequenceItem.cs|Run|208|Starting Category: * Set di Istruzioni *, Container: NINA.Sequencer.Container.SequentialContainer, Strategy: SequentialStrategy, Items[CREATED]: 1
2026-08-16T02:25:08.4215|INFO|SequenceItem.cs|Run|208|Starting Category: Guida, Item: StartGuiding
2026-08-16T02:25:08.4610|INFO|PHD2Guider.cs|StartGuidingPrivate|504|Phd2 - App is already guiding. Skipping start guiding
2026-08-16T02:25:08.4634|INFO|SequenceItem.cs|Run|254|Finishing Category: Guida, Item: StartGuiding
2026-08-16T02:25:08.4637|INFO|SequenceItem.cs|Run|254|Finishing Category: * Set di Istruzioni *, Container: NINA.Sequencer.Container.SequentialContainer, Strategy: SequentialStrategy, Items[FINISHED]: 1
2026-08-16T02:25:08.4641|INFO|SequenceItem.cs|Run|208|Starting Category: Fotocamera, Item: TakeExposure, ExposureTime 600, Gain 15, Offset 132, ImageType LIGHT, Binning 1x1
2026-08-16T02:25:08.4646|INFO|CameraVM.cs|Capture|742|Starting Exposure - Exposure Time: 600s; Filter: ; Gain: 15; Offset 132; Binning: 1x1;
2026-08-16T02:35:14.6652|WARNING|DeviceUpdateTimer.cs|Run|115|Camera value update cycle took longer than the device poll interval (Total: 10.48s > 2s; Poll: 00:00:10.4751492; Update: 00:00:00.0030412)
2026-08-16T02:35:14.6960|INFO|SequenceItem.cs|Run|254|Finishing Category: Fotocamera, Item: TakeExposure, ExposureTime 600, Gain 15, Offset 132, ImageType LIGHT, Binning 1x1
2026-08-16T02:35:14.6967|INFO|MeridianFlipTrigger.cs|ShouldTrigger|211|Meridian Flip - Flip for the current target already happened at 08/15/2026 23:25:46. Skip flip evaluation
2026-08-16T02:35:14.6968|INFO|SequenceItem.cs|Run|208|Starting Category: Ruota porta filtri, Item: SwitchFilter, Filter: Red
2026-08-16T02:35:14.8929|INFO|SequenceItem.cs|Run|254|Finishing Category: Ruota porta filtri, Item: SwitchFilter, Filter: Red
2026-08-16T02:35:14.8932|INFO|SequenceTrigger.cs|Run|114|Starting Trigger: DitherAfterExposures, After Exposures: 1
2026-08-16T02:35:14.8933|INFO|SequenceItem.cs|Run|208|Starting Category: * Set di Istruzioni *, Container: NINA.Sequencer.Container.SequentialContainer, Strategy: SequentialStrategy, Items[CREATED]: 1
2026-08-16T02:35:14.8934|INFO|SequenceItem.cs|Run|208|Starting Category: Guida, Item: Dither
2026-08-16T02:35:19.9714|INFO|HocusFocusStarDetection.cs|Detect|413|Average HFR: 2.8766773518903435, HFR MAD: 0.3195715940050601, Detected Stars 666, Region: 0
2026-08-16T02:35:20.5535|INFO|BaseImageData.cs|SaveToDisk|346|Saved image to D:\Images NINA\Target\LIGHT_1x1_600.00s_15_132_M 27_Celestron C8__-9.96C_Red_0016_2026-08-16_02-25-08_FWHM_4.37_Fok_38578.xisf
2026-08-16T02:35:20.5536|INFO|ImageSaveController.cs|DoWork|97|Successfully saved file at D:\Images NINA\Target\LIGHT_1x1_600.00s_15_132_M 27_Celestron C8__-9.96C_Red_0016_2026-08-16_02-25-08_FWHM_4.37_Fok_38578.xisf. Duration Total: 00:00:05.3563492; BeforeSave: 00:00:00.0001344; BeforeFinalizeImageSaved: 00:00:05.2212986; FinalizeSaveTime: 00:00:00.1349157
2026-08-16T02:35:35.1528|INFO|SequenceItem.cs|Run|254|Finishing Category: Guida, Item: Dither
2026-08-16T02:35:35.1562|INFO|SequenceItem.cs|Run|254|Finishing Category: * Set di Istruzioni *, Container: NINA.Sequencer.Container.SequentialContainer, Strategy: SequentialStrategy, Items[FINISHED]: 1
2026-08-16T02:35:35.1595|INFO|MeridianFlipTrigger.cs|ShouldTrigger|211|Meridian Flip - Flip for the current target already happened at 08/15/2026 23:25:46. Skip flip evaluation
2026-08-16T02:35:35.1596|INFO|SequenceTrigger.cs|Run|114|Starting Trigger: RestoreGuiding
2026-08-16T02:35:35.1597|INFO|SequenceItem.cs|Run|208|Starting Category: * Set di Istruzioni *, Container: NINA.Sequencer.Container.SequentialContainer, Strategy: SequentialStrategy, Items[CREATED]: 1
2026-08-16T02:35:35.1598|INFO|SequenceItem.cs|Run|208|Starting Category: Guida, Item: StartGuiding
2026-08-16T02:35:35.1873|INFO|PHD2Guider.cs|StartGuidingPrivate|504|Phd2 - App is already guiding. Skipping start guiding
2026-08-16T02:35:35.1907|INFO|SequenceItem.cs|Run|254|Finishing Category: Guida, Item: StartGuiding
2026-08-16T02:35:35.1925|INFO|SequenceItem.cs|Run|254|Finishing Category: * Set di Istruzioni *, Container: NINA.Sequencer.Container.SequentialContainer, Strategy: SequentialStrategy, Items[FINISHED]: 1
2026-08-16T02:35:35.1928|INFO|SequenceItem.cs|Run|208|Starting Category: Fotocamera, Item: TakeExposure, ExposureTime 600, Gain 15, Offset 132, ImageType LIGHT, Binning 1x1
2026-08-16T02:35:35.2091|INFO|CameraVM.cs|Capture|742|Starting Exposure - Exposure Time: 600s; Filter: ; Gain: 15; Offset 132; Binning: 1x1;
2026-08-16T02:45:41.4013|WARNING|DeviceUpdateTimer.cs|Run|115|Camera value update cycle took longer than the device poll interval (Total: 11.52s > 2s; Poll: 00:00:11.5102836; Update: 00:00:00.0136472)
2026-08-16T02:45:41.4114|INFO|SequenceItem.cs|Run|254|Finishing Category: Fotocamera, Item: TakeExposure, ExposureTime 600, Gain 15, Offset 132, ImageType LIGHT, Binning 1x1
2026-08-16T02:45:41.4116|INFO|LoopCondition.cs|Check|75|LoopCondition finished. Iterations: 12 / 12
2026-08-16T02:45:41.4118|INFO|SequenceItem.cs|Run|254|Finishing Category: Fotocamera, Container: NINA.Sequencer.SequenceItem.Imaging.SmartExposure, Strategy: SequentialStrategy, Items[FINISHED]: 2, Conditions: Condition: LoopCondition, Iterations: 12/12, , Triggers: Trigger: DitherAfterExposures, After Exposures: 1
2026-08-16T02:45:41.4124|INFO|MeridianFlipTrigger.cs|ShouldTrigger|211|Meridian Flip - Flip for the current target already happened at 08/15/2026 23:25:46. Skip flip evaluation
2026-08-16T02:45:41.4124|INFO|SequenceItem.cs|Run|208|Starting Category: Fotocamera, Container: NINA.Sequencer.SequenceItem.Imaging.SmartExposure, Strategy: SequentialStrategy, Items[CREATED]: 2, Conditions: Condition: LoopCondition, Iterations: 0/12, , Triggers: Trigger: DitherAfterExposures, After Exposures: 1
2026-08-16T02:45:41.4130|INFO|MeridianFlipTrigger.cs|ShouldTrigger|211|Meridian Flip - Flip for the current target already happened at 08/15/2026 23:25:46. Skip flip evaluation
2026-08-16T02:45:41.4130|INFO|SequenceItem.cs|Run|208|Starting Category: Ruota porta filtri, Item: SwitchFilter, Filter: Green
2026-08-16T02:45:41.5482|INFO|FilterWheelVM.cs|ChangeFilter|112|Moving to Filter Green at Position 3
2026-08-16T02:45:45.0381|INFO|SequenceItem.cs|Run|254|Finishing Category: Ruota porta filtri, Item: SwitchFilter, Filter: Green
2026-08-16T02:45:45.0384|INFO|SequenceTrigger.cs|Run|114|Starting Trigger: DitherAfterExposures, After Exposures: 1
2026-08-16T02:45:45.0385|INFO|SequenceItem.cs|Run|208|Starting Category: * Set di Istruzioni *, Container: NINA.Sequencer.Container.SequentialContainer, Strategy: SequentialStrategy, Items[CREATED]: 1
2026-08-16T02:45:45.0386|INFO|SequenceItem.cs|Run|208|Starting Category: Guida, Item: Dither
2026-08-16T02:45:47.3510|INFO|HocusFocusStarDetection.cs|Detect|413|Average HFR: 2.7520813949617415, HFR MAD: 0.3146198345432203, Detected Stars 720, Region: 0
2026-08-16T02:45:48.1056|INFO|BaseImageData.cs|SaveToDisk|346|Saved image to D:\Images NINA\Target\LIGHT_1x1_600.00s_15_132_M 27_Celestron C8__-9.96C_Red_0017_2026-08-16_02-35-35_FWHM_4.04_Fok_38578.xisf
2026-08-16T02:45:48.1057|INFO|ImageSaveController.cs|DoWork|97|Successfully saved file at D:\Images NINA\Target\LIGHT_1x1_600.00s_15_132_M 27_Celestron C8__-9.96C_Red_0017_2026-08-16_02-35-35_FWHM_4.04_Fok_38578.xisf. Duration Total: 00:00:06.3287538; BeforeSave: 00:00:00.0001354; BeforeFinalizeImageSaved: 00:00:06.2604001; FinalizeSaveTime: 00:00:00.0682176
2026-08-16T02:46:02.8675|INFO|SequenceItem.cs|Run|254|Finishing Category: Guida, Item: Dither
2026-08-16T02:46:02.8702|INFO|SequenceItem.cs|Run|254|Finishing Category: * Set di Istruzioni *, Container: NINA.Sequencer.Container.SequentialContainer, Strategy: SequentialStrategy, Items[FINISHED]: 1
2026-08-16T02:46:02.8720|INFO|MeridianFlipTrigger.cs|ShouldTrigger|211|Meridian Flip - Flip for the current target already happened at 08/15/2026 23:25:46. Skip flip evaluation
2026-08-16T02:46:02.8721|INFO|SequenceTrigger.cs|Run|114|Starting Trigger: RestoreGuiding
2026-08-16T02:46:02.8722|INFO|SequenceItem.cs|Run|208|Starting Category: * Set di Istruzioni *, Container: NINA.Sequencer.Container.SequentialContainer, Strategy: SequentialStrategy, Items[CREATED]: 1
2026-08-16T02:46:02.8723|INFO|SequenceItem.cs|Run|208|Starting Category: Guida, Item: StartGuiding
2026-08-16T02:46:02.9551|INFO|PHD2Guider.cs|StartGuidingPrivate|504|Phd2 - App is already guiding. Skipping start guiding
2026-08-16T02:46:02.9552|INFO|SequenceItem.cs|Run|254|Finishing Category: Guida, Item: StartGuiding
2026-08-16T02:46:02.9554|INFO|SequenceItem.cs|Run|254|Finishing Category: * Set di Istruzioni *, Container: NINA.Sequencer.Container.SequentialContainer, Strategy: SequentialStrategy, Items[FINISHED]: 1
2026-08-16T02:46:02.9556|INFO|SequenceItem.cs|Run|208|Starting Category: Fotocamera, Item: TakeExposure, ExposureTime 600, Gain 15, Offset 132, ImageType LIGHT, Binning 1x1
2026-08-16T02:46:02.9668|INFO|CameraVM.cs|Capture|742|Starting Exposure - Exposure Time: 600s; Filter: ; Gain: 15; Offset 132; Binning: 1x1;
2026-08-16T02:56:09.1866|WARNING|DeviceUpdateTimer.cs|Run|115|Camera value update cycle took longer than the device poll interval (Total: 11.38s > 2s; Poll: 00:00:11.3609178; Update: 00:00:00.0156012)
2026-08-16T02:56:09.1882|INFO|SequenceItem.cs|Run|254|Finishing Category: Fotocamera, Item: TakeExposure, ExposureTime 600, Gain 15, Offset 132, ImageType LIGHT, Binning 1x1
2026-08-16T02:56:09.1889|INFO|MeridianFlipTrigger.cs|ShouldTrigger|211|Meridian Flip - Flip for the current target already happened at 08/15/2026 23:25:46. Skip flip evaluation
2026-08-16T02:56:09.1890|INFO|SequenceItem.cs|Run|208|Starting Category: Ruota porta filtri, Item: SwitchFilter, Filter: Green
2026-08-16T02:56:09.3607|INFO|SequenceItem.cs|Run|254|Finishing Category: Ruota porta filtri, Item: SwitchFilter, Filter: Green
2026-08-16T02:56:09.3620|INFO|SequenceTrigger.cs|Run|114|Starting Trigger: DitherAfterExposures, After Exposures: 1
2026-08-16T02:56:09.3625|INFO|SequenceItem.cs|Run|208|Starting Category: * Set di Istruzioni *, Container: NINA.Sequencer.Container.SequentialContainer, Strategy: SequentialStrategy, Items[CREATED]: 1
2026-08-16T02:56:09.3626|INFO|SequenceItem.cs|Run|208|Starting Category: Guida, Item: Dither
2026-08-16T02:56:14.1238|INFO|HocusFocusStarDetection.cs|Detect|413|Average HFR: 2.4808111265258286, HFR MAD: 0.3052156549911551, Detected Stars 652, Region: 0
2026-08-16T02:56:14.8704|INFO|BaseImageData.cs|SaveToDisk|346|Saved image to D:\Images NINA\Target\LIGHT_1x1_600.00s_15_132_M 27_Celestron C8__-9.96C_Green_0000_2026-08-16_02-46-03_FWHM_3.62_Fok_38578.xisf
2026-08-16T02:56:14.8705|INFO|ImageSaveController.cs|DoWork|97|Successfully saved file at D:\Images NINA\Target\LIGHT_1x1_600.00s_15_132_M 27_Celestron C8__-9.96C_Green_0000_2026-08-16_02-46-03_FWHM_3.62_Fok_38578.xisf. Duration Total: 00:00:05.2650873; BeforeSave: 00:00:00.0001054; BeforeFinalizeImageSaved: 00:00:05.2093563; FinalizeSaveTime: 00:00:00.0556251
2026-08-16T02:56:30.6877|INFO|SequenceItem.cs|Run|254|Finishing Category: Guida, Item: Dither
2026-08-16T02:56:30.6905|INFO|SequenceItem.cs|Run|254|Finishing Category: * Set di Istruzioni *, Container: NINA.Sequencer.Container.SequentialContainer, Strategy: SequentialStrategy, Items[FINISHED]: 1
2026-08-16T02:56:30.6936|INFO|MeridianFlipTrigger.cs|ShouldTrigger|211|Meridian Flip - Flip for the current target already happened at 08/15/2026 23:25:46. Skip flip evaluation
2026-08-16T02:56:30.6939|INFO|SequenceTrigger.cs|Run|114|Starting Trigger: RestoreGuiding
2026-08-16T02:56:30.6944|INFO|SequenceItem.cs|Run|208|Starting Category: * Set di Istruzioni *, Container: NINA.Sequencer.Container.SequentialContainer, Strategy: SequentialStrategy, Items[CREATED]: 1
2026-08-16T02:56:30.6948|INFO|SequenceItem.cs|Run|208|Starting Category: Guida, Item: StartGuiding
2026-08-16T02:56:30.7579|INFO|PHD2Guider.cs|StartGuidingPrivate|504|Phd2 - App is already guiding. Skipping start guiding
2026-08-16T02:56:30.7612|INFO|SequenceItem.cs|Run|254|Finishing Category: Guida, Item: StartGuiding
2026-08-16T02:56:30.7708|INFO|SequenceItem.cs|Run|254|Finishing Category: * Set di Istruzioni *, Container: NINA.Sequencer.Container.SequentialContainer, Strategy: SequentialStrategy, Items[FINISHED]: 1
2026-08-16T02:56:30.7717|INFO|SequenceItem.cs|Run|208|Starting Category: Fotocamera, Item: TakeExposure, ExposureTime 600, Gain 15, Offset 132, ImageType LIGHT, Binning 1x1
2026-08-16T02:56:30.7722|INFO|CameraVM.cs|Capture|742|Starting Exposure - Exposure Time: 600s; Filter: ; Gain: 15; Offset 132; Binning: 1x1;
2026-08-16T03:06:36.9720|WARNING|DeviceUpdateTimer.cs|Run|115|Camera value update cycle took longer than the device poll interval (Total: 11.12s > 2s; Poll: 00:00:11.1163517; Update: 00:00:00.0002710)
2026-08-16T03:06:37.0205|INFO|SequenceItem.cs|Run|254|Finishing Category: Fotocamera, Item: TakeExposure, ExposureTime 600, Gain 15, Offset 132, ImageType LIGHT, Binning 1x1
2026-08-16T03:06:37.0213|INFO|MeridianFlipTrigger.cs|ShouldTrigger|211|Meridian Flip - Flip for the current target already happened at 08/15/2026 23:25:46. Skip flip evaluation
2026-08-16T03:06:37.0213|INFO|SequenceItem.cs|Run|208|Starting Category: Ruota porta filtri, Item: SwitchFilter, Filter: Green
2026-08-16T03:06:37.1601|INFO|SequenceItem.cs|Run|254|Finishing Category: Ruota porta filtri, Item: SwitchFilter, Filter: Green
2026-08-16T03:06:37.1604|INFO|SequenceTrigger.cs|Run|114|Starting Trigger: DitherAfterExposures, After Exposures: 1
2026-08-16T03:06:37.1604|INFO|SequenceItem.cs|Run|208|Starting Category: * Set di Istruzioni *, Container: NINA.Sequencer.Container.SequentialContainer, Strategy: SequentialStrategy, Items[CREATED]: 1
2026-08-16T03:06:37.1605|INFO|SequenceItem.cs|Run|208|Starting Category: Guida, Item: Dither
2026-08-16T03:06:41.4735|INFO|HocusFocusStarDetection.cs|Detect|413|Average HFR: 2.488353065006884, HFR MAD: 0.2937312505273506, Detected Stars 651, Region: 0
2026-08-16T03:06:42.0746|INFO|BaseImageData.cs|SaveToDisk|346|Saved image to D:\Images NINA\Target\LIGHT_1x1_600.00s_15_132_M 27_Celestron C8__-9.96C_Green_0001_2026-08-16_02-56-30_FWHM_3.67_Fok_38578.xisf
2026-08-16T03:06:42.0747|INFO|ImageSaveController.cs|DoWork|97|Successfully saved file at D:\Images NINA\Target\LIGHT_1x1_600.00s_15_132_M 27_Celestron C8__-9.96C_Green_0001_2026-08-16_02-56-30_FWHM_3.67_Fok_38578.xisf. Duration Total: 00:00:04.5239089; BeforeSave: 00:00:00.0000764; BeforeFinalizeImageSaved: 00:00:04.4855188; FinalizeSaveTime: 00:00:00.0383132
2026-08-16T03:06:57.3222|INFO|SequenceItem.cs|Run|254|Finishing Category: Guida, Item: Dither
2026-08-16T03:06:57.3225|INFO|SequenceItem.cs|Run|254|Finishing Category: * Set di Istruzioni *, Container: NINA.Sequencer.Container.SequentialContainer, Strategy: SequentialStrategy, Items[FINISHED]: 1
2026-08-16T03:06:57.3231|INFO|MeridianFlipTrigger.cs|ShouldTrigger|211|Meridian Flip - Flip for the current target already happened at 08/15/2026 23:25:46. Skip flip evaluation
2026-08-16T03:06:57.3231|INFO|SequenceTrigger.cs|Run|114|Starting Trigger: RestoreGuiding
2026-08-16T03:06:57.3232|INFO|SequenceItem.cs|Run|208|Starting Category: * Set di Istruzioni *, Container: NINA.Sequencer.Container.SequentialContainer, Strategy: SequentialStrategy, Items[CREATED]: 1
2026-08-16T03:06:57.3233|INFO|SequenceItem.cs|Run|208|Starting Category: Guida, Item: StartGuiding
2026-08-16T03:06:57.3704|INFO|PHD2Guider.cs|StartGuidingPrivate|504|Phd2 - App is already guiding. Skipping start guiding
2026-08-16T03:06:57.3712|INFO|SequenceItem.cs|Run|254|Finishing Category: Guida, Item: StartGuiding
2026-08-16T03:06:57.3716|INFO|SequenceItem.cs|Run|254|Finishing Category: * Set di Istruzioni *, Container: NINA.Sequencer.Container.SequentialContainer, Strategy: SequentialStrategy, Items[FINISHED]: 1
2026-08-16T03:06:57.3718|INFO|SequenceItem.cs|Run|208|Starting Category: Fotocamera, Item: TakeExposure, ExposureTime 600, Gain 15, Offset 132, ImageType LIGHT, Binning 1x1
2026-08-16T03:06:57.3841|INFO|CameraVM.cs|Capture|742|Starting Exposure - Exposure Time: 600s; Filter: ; Gain: 15; Offset 132; Binning: 1x1;
2026-08-16T03:17:03.7679|WARNING|DeviceUpdateTimer.cs|Run|115|Camera value update cycle took longer than the device poll interval (Total: 11.98s > 2s; Poll: 00:00:11.9677453; Update: 00:00:00.0166540)
2026-08-16T03:17:03.8483|INFO|SequenceItem.cs|Run|254|Finishing Category: Fotocamera, Item: TakeExposure, ExposureTime 600, Gain 15, Offset 132, ImageType LIGHT, Binning 1x1
2026-08-16T03:17:03.8494|INFO|MeridianFlipTrigger.cs|ShouldTrigger|211|Meridian Flip - Flip for the current target already happened at 08/15/2026 23:25:46. Skip flip evaluation
2026-08-16T03:17:03.8495|INFO|SequenceItem.cs|Run|208|Starting Category: Ruota porta filtri, Item: SwitchFilter, Filter: Green
2026-08-16T03:17:04.0731|INFO|SequenceItem.cs|Run|254|Finishing Category: Ruota porta filtri, Item: SwitchFilter, Filter: Green
2026-08-16T03:17:04.0734|INFO|SequenceTrigger.cs|Run|114|Starting Trigger: DitherAfterExposures, After Exposures: 1
2026-08-16T03:17:04.0735|INFO|SequenceItem.cs|Run|208|Starting Category: * Set di Istruzioni *, Container: NINA.Sequencer.Container.SequentialContainer, Strategy: SequentialStrategy, Items[CREATED]: 1
2026-08-16T03:17:04.0736|INFO|SequenceItem.cs|Run|208|Starting Category: Guida, Item: Dither
2026-08-16T03:17:04.3404|INFO|ImageSolver.cs|Solve|41|Platesolving with parameters: FocalLength: 1260 PixelSize: 4.54 SearchRadius: 30 BlindFailoverEnabled: True Regions: 5000 DownSampleFactor: 2 MaxObjects: 500 Reference Coordinates RA: 19:59:54 Dec: 22° 48' 19" Epoch: J2000
2026-08-16T03:17:05.2200|INFO|BaseImageData.cs|SaveToDisk|346|Saved image to C:\Users\PrimaLuceLab\AppData\Local\NINA\PlateSolver\4mqjzh3y.ssx.fits
2026-08-16T03:17:09.5418|INFO|HocusFocusStarDetection.cs|Detect|413|Average HFR: 2.5123375920714324, HFR MAD: 0.295740407656059, Detected Stars 638, Region: 0
2026-08-16T03:17:10.8377|INFO|ImageSolver.cs|Solve|54|Platesolve successful: Coordinates: RA: 19:59:42; Dec: 22° 43' 06"; Epoch: J2000 - Position Angle: 89.36478964614571
2026-08-16T03:17:10.8379|INFO|CenterAfterDriftTrigger.cs|PlatesolvingImageFollower_PropertyChanged|189|Drift: 1.2463434097849264 / 3 arc minutes
2026-08-16T03:17:10.8718|INFO|BaseImageData.cs|SaveToDisk|346|Saved image to D:\Images NINA\Target\LIGHT_1x1_600.00s_15_132_M 27_Celestron C8__-9.96C_Green_0002_2026-08-16_03-06-57_FWHM_3.87_Fok_38578.xisf
2026-08-16T03:17:10.8719|INFO|ImageSaveController.cs|DoWork|97|Successfully saved file at D:\Images NINA\Target\LIGHT_1x1_600.00s_15_132_M 27_Celestron C8__-9.96C_Green_0002_2026-08-16_03-06-57_FWHM_3.87_Fok_38578.xisf. Duration Total: 00:00:06.5316734; BeforeSave: 00:00:00.0000882; BeforeFinalizeImageSaved: 00:00:06.4531168; FinalizeSaveTime: 00:00:00.0784669
2026-08-16T03:17:10.8809|WARNING|DeviceUpdateTimer.cs|Run|115|Mount value update cycle took longer than the device poll interval (Total: 4.76s > 2s; Poll: 00:00:04.7554313; Update: 00:00:00.0001133)
2026-08-16T03:17:26.4144|INFO|SequenceItem.cs|Run|254|Finishing Category: Guida, Item: Dither
2026-08-16T03:17:26.4149|INFO|SequenceItem.cs|Run|254|Finishing Category: * Set di Istruzioni *, Container: NINA.Sequencer.Container.SequentialContainer, Strategy: SequentialStrategy, Items[FINISHED]: 1
2026-08-16T03:17:26.4155|INFO|MeridianFlipTrigger.cs|ShouldTrigger|211|Meridian Flip - Flip for the current target already happened at 08/15/2026 23:25:46. Skip flip evaluation
2026-08-16T03:17:26.4155|INFO|SequenceTrigger.cs|Run|114|Starting Trigger: RestoreGuiding
2026-08-16T03:17:26.4157|INFO|SequenceItem.cs|Run|208|Starting Category: * Set di Istruzioni *, Container: NINA.Sequencer.Container.SequentialContainer, Strategy: SequentialStrategy, Items[CREATED]: 1
2026-08-16T03:17:26.4159|INFO|SequenceItem.cs|Run|208|Starting Category: Guida, Item: StartGuiding
2026-08-16T03:17:26.4571|INFO|PHD2Guider.cs|StartGuidingPrivate|504|Phd2 - App is already guiding. Skipping start guiding
2026-08-16T03:17:26.4601|INFO|SequenceItem.cs|Run|254|Finishing Category: Guida, Item: StartGuiding
2026-08-16T03:17:26.4605|INFO|SequenceItem.cs|Run|254|Finishing Category: * Set di Istruzioni *, Container: NINA.Sequencer.Container.SequentialContainer, Strategy: SequentialStrategy, Items[FINISHED]: 1
2026-08-16T03:17:26.4608|INFO|SequenceItem.cs|Run|208|Starting Category: Fotocamera, Item: TakeExposure, ExposureTime 600, Gain 15, Offset 132, ImageType LIGHT, Binning 1x1
2026-08-16T03:17:26.4613|INFO|CameraVM.cs|Capture|742|Starting Exposure - Exposure Time: 600s; Filter: ; Gain: 15; Offset 132; Binning: 1x1;
2026-08-16T03:27:32.7004|WARNING|DeviceUpdateTimer.cs|Run|115|Camera value update cycle took longer than the device poll interval (Total: 6.95s > 2s; Poll: 00:00:06.9199927; Update: 00:00:00.0301594)
2026-08-16T03:27:32.7010|INFO|SequenceItem.cs|Run|254|Finishing Category: Fotocamera, Item: TakeExposure, ExposureTime 600, Gain 15, Offset 132, ImageType LIGHT, Binning 1x1
2026-08-16T03:27:32.7019|INFO|MeridianFlipTrigger.cs|ShouldTrigger|211|Meridian Flip - Flip for the current target already happened at 08/15/2026 23:25:46. Skip flip evaluation
2026-08-16T03:27:32.7020|INFO|SequenceItem.cs|Run|208|Starting Category: Ruota porta filtri, Item: SwitchFilter, Filter: Green
2026-08-16T03:27:32.8380|INFO|SequenceItem.cs|Run|254|Finishing Category: Ruota porta filtri, Item: SwitchFilter, Filter: Green
2026-08-16T03:27:32.8386|INFO|SequenceTrigger.cs|Run|114|Starting Trigger: DitherAfterExposures, After Exposures: 1
2026-08-16T03:27:32.8387|INFO|SequenceItem.cs|Run|208|Starting Category: * Set di Istruzioni *, Container: NINA.Sequencer.Container.SequentialContainer, Strategy: SequentialStrategy, Items[CREATED]: 1
2026-08-16T03:27:32.8387|INFO|SequenceItem.cs|Run|208|Starting Category: Guida, Item: Dither
2026-08-16T03:27:38.2467|INFO|HocusFocusStarDetection.cs|Detect|413|Average HFR: 2.5459991212576316, HFR MAD: 0.3130260332484922, Detected Stars 638, Region: 0
2026-08-16T03:27:38.8048|INFO|BaseImageData.cs|SaveToDisk|346|Saved image to D:\Images NINA\Target\LIGHT_1x1_600.00s_15_132_M 27_Celestron C8__-9.96C_Green_0003_2026-08-16_03-17-26_FWHM_3.93_Fok_38578.xisf
2026-08-16T03:27:38.8050|INFO|ImageSaveController.cs|DoWork|97|Successfully saved file at D:\Images NINA\Target\LIGHT_1x1_600.00s_15_132_M 27_Celestron C8__-9.96C_Green_0003_2026-08-16_03-17-26_FWHM_3.93_Fok_38578.xisf. Duration Total: 00:00:05.6643497; BeforeSave: 00:00:00.0003323; BeforeFinalizeImageSaved: 00:00:05.5495219; FinalizeSaveTime: 00:00:00.1144945
2026-08-16T03:27:48.9625|INFO|SequenceItem.cs|Run|254|Finishing Category: Guida, Item: Dither
2026-08-16T03:27:48.9627|INFO|SequenceItem.cs|Run|254|Finishing Category: * Set di Istruzioni *, Container: NINA.Sequencer.Container.SequentialContainer, Strategy: SequentialStrategy, Items[FINISHED]: 1
2026-08-16T03:27:48.9633|INFO|MeridianFlipTrigger.cs|ShouldTrigger|211|Meridian Flip - Flip for the current target already happened at 08/15/2026 23:25:46. Skip flip evaluation
2026-08-16T03:27:48.9634|INFO|SequenceTrigger.cs|Run|114|Starting Trigger: RestoreGuiding
2026-08-16T03:27:48.9634|INFO|SequenceItem.cs|Run|208|Starting Category: * Set di Istruzioni *, Container: NINA.Sequencer.Container.SequentialContainer, Strategy: SequentialStrategy, Items[CREATED]: 1
2026-08-16T03:27:48.9635|INFO|SequenceItem.cs|Run|208|Starting Category: Guida, Item: StartGuiding
2026-08-16T03:27:48.9942|INFO|PHD2Guider.cs|StartGuidingPrivate|504|Phd2 - App is already guiding. Skipping start guiding
2026-08-16T03:27:48.9995|INFO|SequenceItem.cs|Run|254|Finishing Category: Guida, Item: StartGuiding
2026-08-16T03:27:49.0182|INFO|SequenceItem.cs|Run|254|Finishing Category: * Set di Istruzioni *, Container: NINA.Sequencer.Container.SequentialContainer, Strategy: SequentialStrategy, Items[FINISHED]: 1
2026-08-16T03:27:49.0185|INFO|SequenceItem.cs|Run|208|Starting Category: Fotocamera, Item: TakeExposure, ExposureTime 600, Gain 15, Offset 132, ImageType LIGHT, Binning 1x1
2026-08-16T03:27:49.0374|INFO|CameraVM.cs|Capture|742|Starting Exposure - Exposure Time: 600s; Filter: ; Gain: 15; Offset 132; Binning: 1x1;
2026-08-16T03:37:55.2266|WARNING|DeviceUpdateTimer.cs|Run|115|Camera value update cycle took longer than the device poll interval (Total: 10.43s > 2s; Poll: 00:00:10.4251181; Update: 00:00:00.0002895)
2026-08-16T03:37:55.3004|INFO|SequenceItem.cs|Run|254|Finishing Category: Fotocamera, Item: TakeExposure, ExposureTime 600, Gain 15, Offset 132, ImageType LIGHT, Binning 1x1
2026-08-16T03:37:55.3011|INFO|MeridianFlipTrigger.cs|ShouldTrigger|211|Meridian Flip - Flip for the current target already happened at 08/15/2026 23:25:46. Skip flip evaluation
2026-08-16T03:37:55.3012|INFO|SequenceItem.cs|Run|208|Starting Category: Ruota porta filtri, Item: SwitchFilter, Filter: Green
2026-08-16T03:37:55.6062|INFO|SequenceItem.cs|Run|254|Finishing Category: Ruota porta filtri, Item: SwitchFilter, Filter: Green
2026-08-16T03:37:55.6065|INFO|SequenceTrigger.cs|Run|114|Starting Trigger: DitherAfterExposures, After Exposures: 1
2026-08-16T03:37:55.6066|INFO|SequenceItem.cs|Run|208|Starting Category: * Set di Istruzioni *, Container: NINA.Sequencer.Container.SequentialContainer, Strategy: SequentialStrategy, Items[CREATED]: 1
2026-08-16T03:37:55.6067|INFO|SequenceItem.cs|Run|208|Starting Category: Guida, Item: Dither
2026-08-16T03:38:00.2576|INFO|HocusFocusStarDetection.cs|Detect|413|Average HFR: 2.48444783614517, HFR MAD: 0.3120445297564909, Detected Stars 650, Region: 0
2026-08-16T03:38:00.9016|INFO|BaseImageData.cs|SaveToDisk|346|Saved image to D:\Images NINA\Target\LIGHT_1x1_600.00s_15_132_M 27_Celestron C8__-9.96C_Green_0004_2026-08-16_03-27-49_FWHM_3.80_Fok_38578.xisf
2026-08-16T03:38:00.9018|INFO|ImageSaveController.cs|DoWork|97|Successfully saved file at D:\Images NINA\Target\LIGHT_1x1_600.00s_15_132_M 27_Celestron C8__-9.96C_Green_0004_2026-08-16_03-27-49_FWHM_3.80_Fok_38578.xisf. Duration Total: 00:00:05.0211953; BeforeSave: 00:00:00.0002873; BeforeFinalizeImageSaved: 00:00:04.9761912; FinalizeSaveTime: 00:00:00.0447160
2026-08-16T03:38:15.0935|INFO|SequenceItem.cs|Run|254|Finishing Category: Guida, Item: Dither
2026-08-16T03:38:15.0937|INFO|SequenceItem.cs|Run|254|Finishing Category: * Set di Istruzioni *, Container: NINA.Sequencer.Container.SequentialContainer, Strategy: SequentialStrategy, Items[FINISHED]: 1
2026-08-16T03:38:15.0943|INFO|MeridianFlipTrigger.cs|ShouldTrigger|211|Meridian Flip - Flip for the current target already happened at 08/15/2026 23:25:46. Skip flip evaluation
2026-08-16T03:38:15.0943|INFO|SequenceTrigger.cs|Run|114|Starting Trigger: RestoreGuiding
2026-08-16T03:38:15.0944|INFO|SequenceItem.cs|Run|208|Starting Category: * Set di Istruzioni *, Container: NINA.Sequencer.Container.SequentialContainer, Strategy: SequentialStrategy, Items[CREATED]: 1
2026-08-16T03:38:15.0945|INFO|SequenceItem.cs|Run|208|Starting Category: Guida, Item: StartGuiding
2026-08-16T03:38:15.1255|INFO|PHD2Guider.cs|StartGuidingPrivate|504|Phd2 - App is already guiding. Skipping start guiding
2026-08-16T03:38:15.1469|INFO|SequenceItem.cs|Run|254|Finishing Category: Guida, Item: StartGuiding
2026-08-16T03:38:15.1471|INFO|SequenceItem.cs|Run|254|Finishing Category: * Set di Istruzioni *, Container: NINA.Sequencer.Container.SequentialContainer, Strategy: SequentialStrategy, Items[FINISHED]: 1
2026-08-16T03:38:15.1473|INFO|SequenceItem.cs|Run|208|Starting Category: Fotocamera, Item: TakeExposure, ExposureTime 600, Gain 15, Offset 132, ImageType LIGHT, Binning 1x1
2026-08-16T03:38:15.1566|INFO|CameraVM.cs|Capture|742|Starting Exposure - Exposure Time: 600s; Filter: ; Gain: 15; Offset 132; Binning: 1x1;
2026-08-16T03:48:21.4172|WARNING|DeviceUpdateTimer.cs|Run|115|Camera value update cycle took longer than the device poll interval (Total: 9.17s > 2s; Poll: 00:00:09.1629387; Update: 00:00:00.0082655)
2026-08-16T03:48:21.4323|INFO|SequenceItem.cs|Run|254|Finishing Category: Fotocamera, Item: TakeExposure, ExposureTime 600, Gain 15, Offset 132, ImageType LIGHT, Binning 1x1
2026-08-16T03:48:21.4333|INFO|MeridianFlipTrigger.cs|ShouldTrigger|211|Meridian Flip - Flip for the current target already happened at 08/15/2026 23:25:46. Skip flip evaluation
2026-08-16T03:48:21.4334|INFO|SequenceItem.cs|Run|208|Starting Category: Ruota porta filtri, Item: SwitchFilter, Filter: Green
2026-08-16T03:48:21.5817|INFO|SequenceItem.cs|Run|254|Finishing Category: Ruota porta filtri, Item: SwitchFilter, Filter: Green
2026-08-16T03:48:21.5825|INFO|SequenceTrigger.cs|Run|114|Starting Trigger: DitherAfterExposures, After Exposures: 1
2026-08-16T03:48:21.5826|INFO|SequenceItem.cs|Run|208|Starting Category: * Set di Istruzioni *, Container: NINA.Sequencer.Container.SequentialContainer, Strategy: SequentialStrategy, Items[CREATED]: 1
2026-08-16T03:48:21.5827|INFO|SequenceItem.cs|Run|208|Starting Category: Guida, Item: Dither
2026-08-16T03:48:26.4591|INFO|HocusFocusStarDetection.cs|Detect|413|Average HFR: 2.4810099111520585, HFR MAD: 0.3081391074388944, Detected Stars 643, Region: 0
2026-08-16T03:48:27.2472|INFO|BaseImageData.cs|SaveToDisk|346|Saved image to D:\Images NINA\Target\LIGHT_1x1_600.00s_15_132_M 27_Celestron C8__-10.00C_Green_0005_2026-08-16_03-38-15_FWHM_3.79_Fok_38578.xisf
2026-08-16T03:48:27.2473|INFO|ImageSaveController.cs|DoWork|97|Successfully saved file at D:\Images NINA\Target\LIGHT_1x1_600.00s_15_132_M 27_Celestron C8__-10.00C_Green_0005_2026-08-16_03-38-15_FWHM_3.79_Fok_38578.xisf. Duration Total: 00:00:05.3241984; BeforeSave: 00:00:00.0000771; BeforeFinalizeImageSaved: 00:00:05.2319692; FinalizeSaveTime: 00:00:00.0921512
2026-08-16T03:48:39.6464|INFO|SequenceItem.cs|Run|254|Finishing Category: Guida, Item: Dither
2026-08-16T03:48:39.6483|INFO|SequenceItem.cs|Run|254|Finishing Category: * Set di Istruzioni *, Container: NINA.Sequencer.Container.SequentialContainer, Strategy: SequentialStrategy, Items[FINISHED]: 1
2026-08-16T03:48:39.6527|INFO|MeridianFlipTrigger.cs|ShouldTrigger|211|Meridian Flip - Flip for the current target already happened at 08/15/2026 23:25:46. Skip flip evaluation
2026-08-16T03:48:39.6528|INFO|SequenceTrigger.cs|Run|114|Starting Trigger: RestoreGuiding
2026-08-16T03:48:39.6529|INFO|SequenceItem.cs|Run|208|Starting Category: * Set di Istruzioni *, Container: NINA.Sequencer.Container.SequentialContainer, Strategy: SequentialStrategy, Items[CREATED]: 1
2026-08-16T03:48:39.6530|INFO|SequenceItem.cs|Run|208|Starting Category: Guida, Item: StartGuiding
2026-08-16T03:48:39.6993|INFO|PHD2Guider.cs|StartGuidingPrivate|504|Phd2 - App is already guiding. Skipping start guiding
2026-08-16T03:48:39.7016|INFO|SequenceItem.cs|Run|254|Finishing Category: Guida, Item: StartGuiding
2026-08-16T03:48:39.7036|INFO|SequenceItem.cs|Run|254|Finishing Category: * Set di Istruzioni *, Container: NINA.Sequencer.Container.SequentialContainer, Strategy: SequentialStrategy, Items[FINISHED]: 1
2026-08-16T03:48:39.7046|INFO|SequenceItem.cs|Run|208|Starting Category: Fotocamera, Item: TakeExposure, ExposureTime 600, Gain 15, Offset 132, ImageType LIGHT, Binning 1x1
2026-08-16T03:48:39.7098|INFO|CameraVM.cs|Capture|742|Starting Exposure - Exposure Time: 600s; Filter: ; Gain: 15; Offset 132; Binning: 1x1;
2026-08-16T03:58:45.9661|WARNING|DeviceUpdateTimer.cs|Run|115|Camera value update cycle took longer than the device poll interval (Total: 11.12s > 2s; Poll: 00:00:11.1171131; Update: 00:00:00.0001366)
2026-08-16T03:58:46.0699|INFO|SequenceItem.cs|Run|254|Finishing Category: Fotocamera, Item: TakeExposure, ExposureTime 600, Gain 15, Offset 132, ImageType LIGHT, Binning 1x1
2026-08-16T03:58:46.0708|INFO|MeridianFlipTrigger.cs|ShouldTrigger|211|Meridian Flip - Flip for the current target already happened at 08/15/2026 23:25:46. Skip flip evaluation
2026-08-16T03:58:46.0709|INFO|SequenceItem.cs|Run|208|Starting Category: Ruota porta filtri, Item: SwitchFilter, Filter: Green
2026-08-16T03:58:46.2123|INFO|SequenceItem.cs|Run|254|Finishing Category: Ruota porta filtri, Item: SwitchFilter, Filter: Green
2026-08-16T03:58:46.2126|INFO|SequenceTrigger.cs|Run|114|Starting Trigger: DitherAfterExposures, After Exposures: 1
2026-08-16T03:58:46.2127|INFO|SequenceItem.cs|Run|208|Starting Category: * Set di Istruzioni *, Container: NINA.Sequencer.Container.SequentialContainer, Strategy: SequentialStrategy, Items[CREATED]: 1
2026-08-16T03:58:46.2128|INFO|SequenceItem.cs|Run|208|Starting Category: Guida, Item: Dither
2026-08-16T03:58:50.7531|INFO|HocusFocusStarDetection.cs|Detect|413|Average HFR: 2.479121838330653, HFR MAD: 0.3128352798800278, Detected Stars 649, Region: 0
2026-08-16T03:58:51.4602|INFO|BaseImageData.cs|SaveToDisk|346|Saved image to D:\Images NINA\Target\LIGHT_1x1_600.00s_15_132_M 27_Celestron C8__-9.96C_Green_0006_2026-08-16_03-48-39_FWHM_3.75_Fok_38578.xisf
2026-08-16T03:58:51.4603|INFO|ImageSaveController.cs|DoWork|97|Successfully saved file at D:\Images NINA\Target\LIGHT_1x1_600.00s_15_132_M 27_Celestron C8__-9.96C_Green_0006_2026-08-16_03-48-39_FWHM_3.75_Fok_38578.xisf. Duration Total: 00:00:04.7899051; BeforeSave: 00:00:00.0000990; BeforeFinalizeImageSaved: 00:00:04.7291348; FinalizeSaveTime: 00:00:00.0606706
2026-08-16T03:59:06.9364|INFO|SequenceItem.cs|Run|254|Finishing Category: Guida, Item: Dither
2026-08-16T03:59:06.9366|INFO|SequenceItem.cs|Run|254|Finishing Category: * Set di Istruzioni *, Container: NINA.Sequencer.Container.SequentialContainer, Strategy: SequentialStrategy, Items[FINISHED]: 1
2026-08-16T03:59:06.9384|INFO|MeridianFlipTrigger.cs|ShouldTrigger|211|Meridian Flip - Flip for the current target already happened at 08/15/2026 23:25:46. Skip flip evaluation
2026-08-16T03:59:06.9389|INFO|SequenceTrigger.cs|Run|114|Starting Trigger: RestoreGuiding
2026-08-16T03:59:06.9389|INFO|SequenceItem.cs|Run|208|Starting Category: * Set di Istruzioni *, Container: NINA.Sequencer.Container.SequentialContainer, Strategy: SequentialStrategy, Items[CREATED]: 1
2026-08-16T03:59:06.9390|INFO|SequenceItem.cs|Run|208|Starting Category: Guida, Item: StartGuiding
2026-08-16T03:59:06.9939|INFO|PHD2Guider.cs|StartGuidingPrivate|504|Phd2 - App is already guiding. Skipping start guiding
2026-08-16T03:59:06.9943|INFO|SequenceItem.cs|Run|254|Finishing Category: Guida, Item: StartGuiding
2026-08-16T03:59:06.9945|INFO|SequenceItem.cs|Run|254|Finishing Category: * Set di Istruzioni *, Container: NINA.Sequencer.Container.SequentialContainer, Strategy: SequentialStrategy, Items[FINISHED]: 1
2026-08-16T03:59:06.9947|INFO|SequenceItem.cs|Run|208|Starting Category: Fotocamera, Item: TakeExposure, ExposureTime 600, Gain 15, Offset 132, ImageType LIGHT, Binning 1x1
2026-08-16T03:59:06.9955|INFO|CameraVM.cs|Capture|742|Starting Exposure - Exposure Time: 600s; Filter: ; Gain: 15; Offset 132; Binning: 1x1;
2026-08-16T04:09:13.2478|WARNING|DeviceUpdateTimer.cs|Run|115|Camera value update cycle took longer than the device poll interval (Total: 10.43s > 2s; Poll: 00:00:10.4291717; Update: 00:00:00.0001738)
2026-08-16T04:09:13.2489|INFO|SequenceItem.cs|Run|254|Finishing Category: Fotocamera, Item: TakeExposure, ExposureTime 600, Gain 15, Offset 132, ImageType LIGHT, Binning 1x1
2026-08-16T04:09:13.2496|INFO|MeridianFlipTrigger.cs|ShouldTrigger|211|Meridian Flip - Flip for the current target already happened at 08/15/2026 23:25:46. Skip flip evaluation
2026-08-16T04:09:13.2496|INFO|SequenceItem.cs|Run|208|Starting Category: Ruota porta filtri, Item: SwitchFilter, Filter: Green
2026-08-16T04:09:13.4522|INFO|SequenceItem.cs|Run|254|Finishing Category: Ruota porta filtri, Item: SwitchFilter, Filter: Green
2026-08-16T04:09:13.4529|INFO|SequenceTrigger.cs|Run|114|Starting Trigger: DitherAfterExposures, After Exposures: 1
2026-08-16T04:09:13.4530|INFO|SequenceItem.cs|Run|208|Starting Category: * Set di Istruzioni *, Container: NINA.Sequencer.Container.SequentialContainer, Strategy: SequentialStrategy, Items[CREATED]: 1
2026-08-16T04:09:13.4531|INFO|SequenceItem.cs|Run|208|Starting Category: Guida, Item: Dither
2026-08-16T04:09:13.7302|INFO|ImageSolver.cs|Solve|41|Platesolving with parameters: FocalLength: 1260 PixelSize: 4.54 SearchRadius: 30 BlindFailoverEnabled: True Regions: 5000 DownSampleFactor: 2 MaxObjects: 500 Reference Coordinates RA: 20:00:02 Dec: 22° 50' 01" Epoch: J2000
2026-08-16T04:09:14.5961|INFO|BaseImageData.cs|SaveToDisk|346|Saved image to C:\Users\PrimaLuceLab\AppData\Local\NINA\PlateSolver\sc05nbrg.vhk.fits
2026-08-16T04:09:19.0843|WARNING|DeviceUpdateTimer.cs|Run|115|Mount value update cycle took longer than the device poll interval (Total: 3.16s > 2s; Poll: 00:00:03.1597568; Update: 00:00:00.0002645)
2026-08-16T04:09:19.3124|INFO|HocusFocusStarDetection.cs|Detect|413|Average HFR: 2.4996120272460582, HFR MAD: 0.314693340263267, Detected Stars 627, Region: 0
2026-08-16T04:09:20.1746|INFO|ImageSolver.cs|Solve|54|Platesolve successful: Coordinates: RA: 19:59:41; Dec: 22° 42' 54"; Epoch: J2000 - Position Angle: 89.33356025774015
2026-08-16T04:09:20.1747|INFO|CenterAfterDriftTrigger.cs|PlatesolvingImageFollower_PropertyChanged|189|Drift: 1.0565991676516133 / 3 arc minutes
2026-08-16T04:09:20.2785|INFO|BaseImageData.cs|SaveToDisk|346|Saved image to D:\Images NINA\Target\LIGHT_1x1_600.00s_15_132_M 27_Celestron C8__-9.96C_Green_0007_2026-08-16_03-59-07_FWHM_3.81_Fok_38578.xisf
2026-08-16T04:09:20.2786|INFO|ImageSaveController.cs|DoWork|97|Successfully saved file at D:\Images NINA\Target\LIGHT_1x1_600.00s_15_132_M 27_Celestron C8__-9.96C_Green_0007_2026-08-16_03-59-07_FWHM_3.81_Fok_38578.xisf. Duration Total: 00:00:06.5485960; BeforeSave: 00:00:00.0000831; BeforeFinalizeImageSaved: 00:00:06.4475302; FinalizeSaveTime: 00:00:00.1009819
2026-08-16T04:09:40.5573|INFO|SequenceItem.cs|Run|254|Finishing Category: Guida, Item: Dither
2026-08-16T04:09:40.5596|INFO|SequenceItem.cs|Run|254|Finishing Category: * Set di Istruzioni *, Container: NINA.Sequencer.Container.SequentialContainer, Strategy: SequentialStrategy, Items[FINISHED]: 1
2026-08-16T04:09:40.5603|INFO|MeridianFlipTrigger.cs|ShouldTrigger|211|Meridian Flip - Flip for the current target already happened at 08/15/2026 23:25:46. Skip flip evaluation
2026-08-16T04:09:40.5604|INFO|SequenceTrigger.cs|Run|114|Starting Trigger: RestoreGuiding
2026-08-16T04:09:40.5604|INFO|SequenceItem.cs|Run|208|Starting Category: * Set di Istruzioni *, Container: NINA.Sequencer.Container.SequentialContainer, Strategy: SequentialStrategy, Items[CREATED]: 1
2026-08-16T04:09:40.5605|INFO|SequenceItem.cs|Run|208|Starting Category: Guida, Item: StartGuiding
2026-08-16T04:09:40.6177|INFO|PHD2Guider.cs|StartGuidingPrivate|504|Phd2 - App is already guiding. Skipping start guiding
2026-08-16T04:09:40.6178|INFO|SequenceItem.cs|Run|254|Finishing Category: Guida, Item: StartGuiding
2026-08-16T04:09:40.6180|INFO|SequenceItem.cs|Run|254|Finishing Category: * Set di Istruzioni *, Container: NINA.Sequencer.Container.SequentialContainer, Strategy: SequentialStrategy, Items[FINISHED]: 1
2026-08-16T04:09:40.6182|INFO|SequenceItem.cs|Run|208|Starting Category: Fotocamera, Item: TakeExposure, ExposureTime 600, Gain 15, Offset 132, ImageType LIGHT, Binning 1x1
2026-08-16T04:09:40.6186|INFO|CameraVM.cs|Capture|742|Starting Exposure - Exposure Time: 600s; Filter: ; Gain: 15; Offset 132; Binning: 1x1;
2026-08-16T04:19:46.8151|WARNING|DeviceUpdateTimer.cs|Run|115|Camera value update cycle took longer than the device poll interval (Total: 11.96s > 2s; Poll: 00:00:11.9379054; Update: 00:00:00.0209086)
2026-08-16T04:19:46.8276|INFO|SequenceItem.cs|Run|254|Finishing Category: Fotocamera, Item: TakeExposure, ExposureTime 600, Gain 15, Offset 132, ImageType LIGHT, Binning 1x1
2026-08-16T04:19:46.8284|INFO|MeridianFlipTrigger.cs|ShouldTrigger|211|Meridian Flip - Flip for the current target already happened at 08/15/2026 23:25:46. Skip flip evaluation
2026-08-16T04:19:46.8284|INFO|SequenceItem.cs|Run|208|Starting Category: Ruota porta filtri, Item: SwitchFilter, Filter: Green
2026-08-16T04:19:47.0492|INFO|SequenceItem.cs|Run|254|Finishing Category: Ruota porta filtri, Item: SwitchFilter, Filter: Green
2026-08-16T04:19:47.0496|INFO|SequenceTrigger.cs|Run|114|Starting Trigger: DitherAfterExposures, After Exposures: 1
2026-08-16T04:19:47.0497|INFO|SequenceItem.cs|Run|208|Starting Category: * Set di Istruzioni *, Container: NINA.Sequencer.Container.SequentialContainer, Strategy: SequentialStrategy, Items[CREATED]: 1
2026-08-16T04:19:47.0498|INFO|SequenceItem.cs|Run|208|Starting Category: Guida, Item: Dither
2026-08-16T04:19:51.2753|INFO|HocusFocusStarDetection.cs|Detect|413|Average HFR: 2.628602712469927, HFR MAD: 0.34182443705382104, Detected Stars 573, Region: 0
2026-08-16T04:19:51.9677|INFO|BaseImageData.cs|SaveToDisk|346|Saved image to D:\Images NINA\Target\LIGHT_1x1_600.00s_15_132_M 27_Celestron C8__-10.00C_Green_0008_2026-08-16_04-09-40_FWHM_4.12_Fok_38578.xisf
2026-08-16T04:19:51.9678|INFO|ImageSaveController.cs|DoWork|97|Successfully saved file at D:\Images NINA\Target\LIGHT_1x1_600.00s_15_132_M 27_Celestron C8__-10.00C_Green_0008_2026-08-16_04-09-40_FWHM_4.12_Fok_38578.xisf. Duration Total: 00:00:04.7372090; BeforeSave: 00:00:00.0000901; BeforeFinalizeImageSaved: 00:00:04.6420960; FinalizeSaveTime: 00:00:00.0950220
2026-08-16T04:20:14.7290|INFO|SequenceItem.cs|Run|254|Finishing Category: Guida, Item: Dither
2026-08-16T04:20:14.7343|INFO|SequenceItem.cs|Run|254|Finishing Category: * Set di Istruzioni *, Container: NINA.Sequencer.Container.SequentialContainer, Strategy: SequentialStrategy, Items[FINISHED]: 1
2026-08-16T04:20:14.7361|INFO|MeridianFlipTrigger.cs|ShouldTrigger|211|Meridian Flip - Flip for the current target already happened at 08/15/2026 23:25:46. Skip flip evaluation
2026-08-16T04:20:14.7362|INFO|SequenceTrigger.cs|Run|114|Starting Trigger: RestoreGuiding
2026-08-16T04:20:14.7363|INFO|SequenceItem.cs|Run|208|Starting Category: * Set di Istruzioni *, Container: NINA.Sequencer.Container.SequentialContainer, Strategy: SequentialStrategy, Items[CREATED]: 1
2026-08-16T04:20:14.7363|INFO|SequenceItem.cs|Run|208|Starting Category: Guida, Item: StartGuiding
2026-08-16T04:20:14.7942|INFO|PHD2Guider.cs|StartGuidingPrivate|504|Phd2 - App is already guiding. Skipping start guiding
2026-08-16T04:20:14.7982|INFO|SequenceItem.cs|Run|254|Finishing Category: Guida, Item: StartGuiding
2026-08-16T04:20:14.8022|INFO|SequenceItem.cs|Run|254|Finishing Category: * Set di Istruzioni *, Container: NINA.Sequencer.Container.SequentialContainer, Strategy: SequentialStrategy, Items[FINISHED]: 1
2026-08-16T04:20:14.8025|INFO|SequenceItem.cs|Run|208|Starting Category: Fotocamera, Item: TakeExposure, ExposureTime 600, Gain 15, Offset 132, ImageType LIGHT, Binning 1x1
2026-08-16T04:20:14.8030|INFO|CameraVM.cs|Capture|742|Starting Exposure - Exposure Time: 600s; Filter: ; Gain: 15; Offset 132; Binning: 1x1;
2026-08-16T04:30:21.0001|WARNING|DeviceUpdateTimer.cs|Run|115|Camera value update cycle took longer than the device poll interval (Total: 10.18s > 2s; Poll: 00:00:10.1685641; Update: 00:00:00.0072770)
2026-08-16T04:30:21.0579|INFO|SequenceItem.cs|Run|254|Finishing Category: Fotocamera, Item: TakeExposure, ExposureTime 600, Gain 15, Offset 132, ImageType LIGHT, Binning 1x1
2026-08-16T04:30:21.0587|INFO|MeridianFlipTrigger.cs|ShouldTrigger|211|Meridian Flip - Flip for the current target already happened at 08/15/2026 23:25:46. Skip flip evaluation
2026-08-16T04:30:21.0587|INFO|SequenceItem.cs|Run|208|Starting Category: Ruota porta filtri, Item: SwitchFilter, Filter: Green
2026-08-16T04:30:21.2550|INFO|SequenceItem.cs|Run|254|Finishing Category: Ruota porta filtri, Item: SwitchFilter, Filter: Green
2026-08-16T04:30:21.2554|INFO|SequenceTrigger.cs|Run|114|Starting Trigger: DitherAfterExposures, After Exposures: 1
2026-08-16T04:30:21.2554|INFO|SequenceItem.cs|Run|208|Starting Category: * Set di Istruzioni *, Container: NINA.Sequencer.Container.SequentialContainer, Strategy: SequentialStrategy, Items[CREATED]: 1
2026-08-16T04:30:21.2555|INFO|SequenceItem.cs|Run|208|Starting Category: Guida, Item: Dither
2026-08-16T04:30:25.4603|INFO|HocusFocusStarDetection.cs|Detect|413|Average HFR: 2.571423553532221, HFR MAD: 0.31679457265280586, Detected Stars 581, Region: 0
2026-08-16T04:30:26.1499|INFO|BaseImageData.cs|SaveToDisk|346|Saved image to D:\Images NINA\Target\LIGHT_1x1_600.00s_15_132_M 27_Celestron C8__-9.91C_Green_0009_2026-08-16_04-20-14_FWHM_4.02_Fok_38578.xisf
2026-08-16T04:30:26.1500|INFO|ImageSaveController.cs|DoWork|97|Successfully saved file at D:\Images NINA\Target\LIGHT_1x1_600.00s_15_132_M 27_Celestron C8__-9.91C_Green_0009_2026-08-16_04-20-14_FWHM_4.02_Fok_38578.xisf. Duration Total: 00:00:04.4555632; BeforeSave: 00:00:00.0001370; BeforeFinalizeImageSaved: 00:00:04.3975062; FinalizeSaveTime: 00:00:00.0579192
2026-08-16T04:30:47.4568|INFO|SequenceItem.cs|Run|254|Finishing Category: Guida, Item: Dither
2026-08-16T04:30:47.4570|INFO|SequenceItem.cs|Run|254|Finishing Category: * Set di Istruzioni *, Container: NINA.Sequencer.Container.SequentialContainer, Strategy: SequentialStrategy, Items[FINISHED]: 1
2026-08-16T04:30:47.4575|INFO|MeridianFlipTrigger.cs|ShouldTrigger|211|Meridian Flip - Flip for the current target already happened at 08/15/2026 23:25:46. Skip flip evaluation
2026-08-16T04:30:47.4575|INFO|SequenceTrigger.cs|Run|114|Starting Trigger: RestoreGuiding
2026-08-16T04:30:47.4576|INFO|SequenceItem.cs|Run|208|Starting Category: * Set di Istruzioni *, Container: NINA.Sequencer.Container.SequentialContainer, Strategy: SequentialStrategy, Items[CREATED]: 1
2026-08-16T04:30:47.4576|INFO|SequenceItem.cs|Run|208|Starting Category: Guida, Item: StartGuiding
2026-08-16T04:30:47.4963|INFO|PHD2Guider.cs|StartGuidingPrivate|504|Phd2 - App is already guiding. Skipping start guiding
2026-08-16T04:30:47.4992|INFO|SequenceItem.cs|Run|254|Finishing Category: Guida, Item: StartGuiding
2026-08-16T04:30:47.5116|INFO|SequenceItem.cs|Run|254|Finishing Category: * Set di Istruzioni *, Container: NINA.Sequencer.Container.SequentialContainer, Strategy: SequentialStrategy, Items[FINISHED]: 1
2026-08-16T04:30:47.5118|INFO|SequenceItem.cs|Run|208|Starting Category: Fotocamera, Item: TakeExposure, ExposureTime 600, Gain 15, Offset 132, ImageType LIGHT, Binning 1x1
2026-08-16T04:30:47.5174|INFO|CameraVM.cs|Capture|742|Starting Exposure - Exposure Time: 600s; Filter: ; Gain: 15; Offset 132; Binning: 1x1;
2026-08-16T04:40:53.7598|INFO|SequenceItem.cs|Run|254|Finishing Category: Fotocamera, Item: TakeExposure, ExposureTime 600, Gain 15, Offset 132, ImageType LIGHT, Binning 1x1
2026-08-16T04:40:53.7606|INFO|MeridianFlipTrigger.cs|ShouldTrigger|211|Meridian Flip - Flip for the current target already happened at 08/15/2026 23:25:46. Skip flip evaluation
2026-08-16T04:40:53.7607|INFO|SequenceItem.cs|Run|208|Starting Category: Ruota porta filtri, Item: SwitchFilter, Filter: Green
2026-08-16T04:40:53.7610|WARNING|DeviceUpdateTimer.cs|Run|115|Camera value update cycle took longer than the device poll interval (Total: 10.91s > 2s; Poll: 00:00:10.9075081; Update: 00:00:00.0000702)
2026-08-16T04:40:53.9015|INFO|SequenceItem.cs|Run|254|Finishing Category: Ruota porta filtri, Item: SwitchFilter, Filter: Green
2026-08-16T04:40:53.9017|INFO|SequenceTrigger.cs|Run|114|Starting Trigger: DitherAfterExposures, After Exposures: 1
2026-08-16T04:40:53.9018|INFO|SequenceItem.cs|Run|208|Starting Category: * Set di Istruzioni *, Container: NINA.Sequencer.Container.SequentialContainer, Strategy: SequentialStrategy, Items[CREATED]: 1
2026-08-16T04:40:53.9025|INFO|SequenceItem.cs|Run|208|Starting Category: Guida, Item: Dither
2026-08-16T04:40:57.8438|INFO|HocusFocusStarDetection.cs|Detect|413|Average HFR: 2.6545394669714413, HFR MAD: 0.3221812140658855, Detected Stars 541, Region: 0
2026-08-16T04:40:58.4845|INFO|BaseImageData.cs|SaveToDisk|346|Saved image to D:\Images NINA\Target\LIGHT_1x1_600.00s_15_132_M 27_Celestron C8__-9.96C_Green_0010_2026-08-16_04-30-47_FWHM_4.22_Fok_38578.xisf
2026-08-16T04:40:58.4846|INFO|ImageSaveController.cs|DoWork|97|Successfully saved file at D:\Images NINA\Target\LIGHT_1x1_600.00s_15_132_M 27_Celestron C8__-9.96C_Green_0010_2026-08-16_04-30-47_FWHM_4.22_Fok_38578.xisf. Duration Total: 00:00:04.3124747; BeforeSave: 00:00:00.0000809; BeforeFinalizeImageSaved: 00:00:04.2580206; FinalizeSaveTime: 00:00:00.0543727
2026-08-16T04:41:22.1912|INFO|SequenceItem.cs|Run|254|Finishing Category: Guida, Item: Dither
2026-08-16T04:41:22.1914|INFO|SequenceItem.cs|Run|254|Finishing Category: * Set di Istruzioni *, Container: NINA.Sequencer.Container.SequentialContainer, Strategy: SequentialStrategy, Items[FINISHED]: 1
2026-08-16T04:41:22.1981|INFO|MeridianFlipTrigger.cs|ShouldTrigger|211|Meridian Flip - Flip for the current target already happened at 08/15/2026 23:25:46. Skip flip evaluation
2026-08-16T04:41:22.1985|INFO|SequenceTrigger.cs|Run|114|Starting Trigger: RestoreGuiding
2026-08-16T04:41:22.1986|INFO|SequenceItem.cs|Run|208|Starting Category: * Set di Istruzioni *, Container: NINA.Sequencer.Container.SequentialContainer, Strategy: SequentialStrategy, Items[CREATED]: 1
2026-08-16T04:41:22.1986|INFO|SequenceItem.cs|Run|208|Starting Category: Guida, Item: StartGuiding
2026-08-16T04:41:22.2495|INFO|PHD2Guider.cs|StartGuidingPrivate|504|Phd2 - App is already guiding. Skipping start guiding
2026-08-16T04:41:22.2525|INFO|SequenceItem.cs|Run|254|Finishing Category: Guida, Item: StartGuiding
2026-08-16T04:41:22.2530|INFO|SequenceItem.cs|Run|254|Finishing Category: * Set di Istruzioni *, Container: NINA.Sequencer.Container.SequentialContainer, Strategy: SequentialStrategy, Items[FINISHED]: 1
2026-08-16T04:41:22.2533|INFO|SequenceItem.cs|Run|208|Starting Category: Fotocamera, Item: TakeExposure, ExposureTime 600, Gain 15, Offset 132, ImageType LIGHT, Binning 1x1
2026-08-16T04:41:22.2544|INFO|CameraVM.cs|Capture|742|Starting Exposure - Exposure Time: 600s; Filter: ; Gain: 15; Offset 132; Binning: 1x1;
2026-08-16T04:51:28.7336|WARNING|DeviceUpdateTimer.cs|Run|115|Camera value update cycle took longer than the device poll interval (Total: 11.92s > 2s; Poll: 00:00:11.8761177; Update: 00:00:00.0485488)
2026-08-16T04:51:28.7574|INFO|SequenceItem.cs|Run|254|Finishing Category: Fotocamera, Item: TakeExposure, ExposureTime 600, Gain 15, Offset 132, ImageType LIGHT, Binning 1x1
2026-08-16T04:51:28.7583|INFO|LoopCondition.cs|Check|75|LoopCondition finished. Iterations: 12 / 12
2026-08-16T04:51:28.7594|INFO|SequenceItem.cs|Run|254|Finishing Category: Fotocamera, Container: NINA.Sequencer.SequenceItem.Imaging.SmartExposure, Strategy: SequentialStrategy, Items[FINISHED]: 2, Conditions: Condition: LoopCondition, Iterations: 12/12, , Triggers: Trigger: DitherAfterExposures, After Exposures: 1
2026-08-16T04:51:28.7618|INFO|MeridianFlipTrigger.cs|ShouldTrigger|211|Meridian Flip - Flip for the current target already happened at 08/15/2026 23:25:46. Skip flip evaluation
2026-08-16T04:51:28.7619|INFO|SequenceItem.cs|Run|208|Starting Category: Fotocamera, Container: NINA.Sequencer.SequenceItem.Imaging.SmartExposure, Strategy: SequentialStrategy, Items[CREATED]: 2, Conditions: Condition: LoopCondition, Iterations: 0/12, , Triggers: Trigger: DitherAfterExposures, After Exposures: 1
2026-08-16T04:51:28.7624|INFO|MeridianFlipTrigger.cs|ShouldTrigger|211|Meridian Flip - Flip for the current target already happened at 08/15/2026 23:25:46. Skip flip evaluation
2026-08-16T04:51:28.7625|INFO|SequenceItem.cs|Run|208|Starting Category: Ruota porta filtri, Item: SwitchFilter, Filter: Blu
2026-08-16T04:51:28.9540|INFO|FilterWheelVM.cs|ChangeFilter|112|Moving to Filter Blu at Position 4
2026-08-16T04:51:33.0982|INFO|SequenceItem.cs|Run|254|Finishing Category: Ruota porta filtri, Item: SwitchFilter, Filter: Blu
2026-08-16T04:51:33.0990|INFO|SequenceTrigger.cs|Run|114|Starting Trigger: DitherAfterExposures, After Exposures: 1
2026-08-16T04:51:33.0993|INFO|SequenceItem.cs|Run|208|Starting Category: * Set di Istruzioni *, Container: NINA.Sequencer.Container.SequentialContainer, Strategy: SequentialStrategy, Items[CREATED]: 1
2026-08-16T04:51:33.0996|INFO|SequenceItem.cs|Run|208|Starting Category: Guida, Item: Dither
2026-08-16T04:51:33.6180|INFO|HocusFocusStarDetection.cs|Detect|413|Average HFR: 2.7172667339124033, HFR MAD: 0.33684051452161823, Detected Stars 532, Region: 0
2026-08-16T04:51:34.2473|INFO|BaseImageData.cs|SaveToDisk|346|Saved image to D:\Images NINA\Target\LIGHT_1x1_600.00s_15_132_M 27_Celestron C8__-9.96C_Green_0011_2026-08-16_04-41-22_FWHM_4.28_Fok_38578.xisf
2026-08-16T04:51:34.2474|INFO|ImageSaveController.cs|DoWork|97|Successfully saved file at D:\Images NINA\Target\LIGHT_1x1_600.00s_15_132_M 27_Celestron C8__-9.96C_Green_0011_2026-08-16_04-41-22_FWHM_4.28_Fok_38578.xisf. Duration Total: 00:00:04.9583489; BeforeSave: 00:00:00.0000826; BeforeFinalizeImageSaved: 00:00:04.9107235; FinalizeSaveTime: 00:00:00.0475423
2026-08-16T04:51:52.2426|INFO|SequenceItem.cs|Run|254|Finishing Category: Guida, Item: Dither
2026-08-16T04:51:52.2428|INFO|SequenceItem.cs|Run|254|Finishing Category: * Set di Istruzioni *, Container: NINA.Sequencer.Container.SequentialContainer, Strategy: SequentialStrategy, Items[FINISHED]: 1
2026-08-16T04:51:52.2434|INFO|MeridianFlipTrigger.cs|ShouldTrigger|211|Meridian Flip - Flip for the current target already happened at 08/15/2026 23:25:46. Skip flip evaluation
2026-08-16T04:51:52.2434|INFO|SequenceTrigger.cs|Run|114|Starting Trigger: RestoreGuiding
2026-08-16T04:51:52.2435|INFO|SequenceItem.cs|Run|208|Starting Category: * Set di Istruzioni *, Container: NINA.Sequencer.Container.SequentialContainer, Strategy: SequentialStrategy, Items[CREATED]: 1
2026-08-16T04:51:52.2435|INFO|SequenceItem.cs|Run|208|Starting Category: Guida, Item: StartGuiding
2026-08-16T04:51:52.2801|INFO|PHD2Guider.cs|StartGuidingPrivate|504|Phd2 - App is already guiding. Skipping start guiding
2026-08-16T04:51:52.2803|INFO|SequenceItem.cs|Run|254|Finishing Category: Guida, Item: StartGuiding
2026-08-16T04:51:52.2804|INFO|SequenceItem.cs|Run|254|Finishing Category: * Set di Istruzioni *, Container: NINA.Sequencer.Container.SequentialContainer, Strategy: SequentialStrategy, Items[FINISHED]: 1
2026-08-16T04:51:52.2805|INFO|SequenceItem.cs|Run|208|Starting Category: Fotocamera, Item: TakeExposure, ExposureTime 600, Gain 15, Offset 132, ImageType LIGHT, Binning 1x1
2026-08-16T04:51:52.3024|INFO|CameraVM.cs|Capture|742|Starting Exposure - Exposure Time: 600s; Filter: ; Gain: 15; Offset 132; Binning: 1x1;
2026-08-16T05:01:58.5893|WARNING|DeviceUpdateTimer.cs|Run|115|Camera value update cycle took longer than the device poll interval (Total: 11.74s > 2s; Poll: 00:00:11.7124675; Update: 00:00:00.0255436)
2026-08-16T05:01:58.6050|INFO|SequenceItem.cs|Run|254|Finishing Category: Fotocamera, Item: TakeExposure, ExposureTime 600, Gain 15, Offset 132, ImageType LIGHT, Binning 1x1
2026-08-16T05:01:58.6059|INFO|MeridianFlipTrigger.cs|ShouldTrigger|211|Meridian Flip - Flip for the current target already happened at 08/15/2026 23:25:46. Skip flip evaluation
2026-08-16T05:01:58.6059|INFO|SequenceItem.cs|Run|208|Starting Category: Ruota porta filtri, Item: SwitchFilter, Filter: Blu
2026-08-16T05:01:58.8338|INFO|SequenceItem.cs|Run|254|Finishing Category: Ruota porta filtri, Item: SwitchFilter, Filter: Blu
2026-08-16T05:01:58.8358|INFO|SequenceTrigger.cs|Run|114|Starting Trigger: DitherAfterExposures, After Exposures: 1
2026-08-16T05:01:58.8360|INFO|SequenceItem.cs|Run|208|Starting Category: * Set di Istruzioni *, Container: NINA.Sequencer.Container.SequentialContainer, Strategy: SequentialStrategy, Items[CREATED]: 1
2026-08-16T05:01:58.8360|INFO|SequenceItem.cs|Run|208|Starting Category: Guida, Item: Dither
2026-08-16T05:01:59.0218|INFO|ImageSolver.cs|Solve|41|Platesolving with parameters: FocalLength: 1260 PixelSize: 4.54 SearchRadius: 30 BlindFailoverEnabled: True Regions: 5000 DownSampleFactor: 2 MaxObjects: 500 Reference Coordinates RA: 20:00:14 Dec: 22° 51' 46" Epoch: J2000
2026-08-16T05:01:59.8191|INFO|BaseImageData.cs|SaveToDisk|346|Saved image to C:\Users\PrimaLuceLab\AppData\Local\NINA\PlateSolver\2wkt0csn.ejd.fits
2026-08-16T05:02:02.0909|WARNING|DeviceUpdateTimer.cs|Run|115|Mount value update cycle took longer than the device poll interval (Total: 2.31s > 2s; Poll: 00:00:02.1067349; Update: 00:00:00.2075481)
2026-08-16T05:02:03.2352|INFO|HocusFocusStarDetection.cs|Detect|413|Average HFR: 3.277270654712426, HFR MAD: 0.5089061287109802, Detected Stars 230, Region: 0
2026-08-16T05:02:04.2238|INFO|BaseImageData.cs|SaveToDisk|346|Saved image to D:\Images NINA\Target\LIGHT_1x1_600.00s_15_132_M 27_Celestron C8__-9.96C_Blu_0000_2026-08-16_04-51-52_FWHM_5.14_Fok_38578.xisf
2026-08-16T05:02:04.2239|INFO|ImageSaveController.cs|DoWork|97|Successfully saved file at D:\Images NINA\Target\LIGHT_1x1_600.00s_15_132_M 27_Celestron C8__-9.96C_Blu_0000_2026-08-16_04-51-52_FWHM_5.14_Fok_38578.xisf. Duration Total: 00:00:05.2022792; BeforeSave: 00:00:00.0000753; BeforeFinalizeImageSaved: 00:00:05.1132394; FinalizeSaveTime: 00:00:00.0889636
2026-08-16T05:02:06.6666|INFO|ImageSolver.cs|Solve|54|Platesolve successful: Coordinates: RA: 19:59:42; Dec: 22° 42' 43"; Epoch: J2000 - Position Angle: 89.3310692814506
2026-08-16T05:02:06.6667|INFO|CenterAfterDriftTrigger.cs|PlatesolvingImageFollower_PropertyChanged|189|Drift: 1.48119966927388 / 3 arc minutes
2026-08-16T05:02:19.0923|INFO|SequenceItem.cs|Run|254|Finishing Category: Guida, Item: Dither
2026-08-16T05:02:19.0925|INFO|SequenceItem.cs|Run|254|Finishing Category: * Set di Istruzioni *, Container: NINA.Sequencer.Container.SequentialContainer, Strategy: SequentialStrategy, Items[FINISHED]: 1
2026-08-16T05:02:19.0930|INFO|MeridianFlipTrigger.cs|ShouldTrigger|211|Meridian Flip - Flip for the current target already happened at 08/15/2026 23:25:46. Skip flip evaluation
2026-08-16T05:02:19.0930|INFO|SequenceTrigger.cs|Run|114|Starting Trigger: RestoreGuiding
2026-08-16T05:02:19.0937|INFO|SequenceItem.cs|Run|208|Starting Category: * Set di Istruzioni *, Container: NINA.Sequencer.Container.SequentialContainer, Strategy: SequentialStrategy, Items[CREATED]: 1
2026-08-16T05:02:19.0937|INFO|SequenceItem.cs|Run|208|Starting Category: Guida, Item: StartGuiding
2026-08-16T05:02:19.1367|INFO|PHD2Guider.cs|StartGuidingPrivate|504|Phd2 - App is already guiding. Skipping start guiding
2026-08-16T05:02:19.1369|INFO|SequenceItem.cs|Run|254|Finishing Category: Guida, Item: StartGuiding
2026-08-16T05:02:19.1370|INFO|SequenceItem.cs|Run|254|Finishing Category: * Set di Istruzioni *, Container: NINA.Sequencer.Container.SequentialContainer, Strategy: SequentialStrategy, Items[FINISHED]: 1
2026-08-16T05:02:19.1371|INFO|SequenceItem.cs|Run|208|Starting Category: Fotocamera, Item: TakeExposure, ExposureTime 600, Gain 15, Offset 132, ImageType LIGHT, Binning 1x1
2026-08-16T05:02:19.1512|INFO|CameraVM.cs|Capture|742|Starting Exposure - Exposure Time: 600s; Filter: ; Gain: 15; Offset 132; Binning: 1x1;
2026-08-16T05:12:25.3327|WARNING|DeviceUpdateTimer.cs|Run|115|Camera value update cycle took longer than the device poll interval (Total: 10.50s > 2s; Poll: 00:00:10.4881004; Update: 00:00:00.0152555)
2026-08-16T05:12:25.4276|INFO|SequenceItem.cs|Run|254|Finishing Category: Fotocamera, Item: TakeExposure, ExposureTime 600, Gain 15, Offset 132, ImageType LIGHT, Binning 1x1
2026-08-16T05:12:25.4302|INFO|MeridianFlipTrigger.cs|ShouldTrigger|211|Meridian Flip - Flip for the current target already happened at 08/15/2026 23:25:46. Skip flip evaluation
2026-08-16T05:12:25.4303|INFO|SequenceItem.cs|Run|208|Starting Category: Ruota porta filtri, Item: SwitchFilter, Filter: Blu
2026-08-16T05:12:25.5896|INFO|SequenceItem.cs|Run|254|Finishing Category: Ruota porta filtri, Item: SwitchFilter, Filter: Blu
2026-08-16T05:12:25.5962|INFO|TimeCondition.cs|Check|248|No more time remaining. Remaining: 00:02:01.4077002, Next Item Scatta esposizione, Next Item Estimated Duration 00:10:00, Next Item Attempts: 1
2026-08-16T05:12:25.5964|INFO|TimeCondition.cs|Check|254|TimeCondition finished.
2026-08-16T05:12:25.5967|INFO|TimeCondition.cs|Check|248|No more time remaining. Remaining: 00:02:01.4032802, Next Item Scatta esposizione, Next Item Estimated Duration 00:10:00, Next Item Attempts: 1
2026-08-16T05:12:25.5967|INFO|TimeCondition.cs|Check|254|TimeCondition finished.
2026-08-16T05:12:25.5968|INFO|TimeCondition.cs|Check|248|No more time remaining. Remaining: 00:02:01.4031297, Next Item Scatta esposizione, Next Item Estimated Duration 00:10:00, Next Item Attempts: 1
2026-08-16T05:12:25.5969|INFO|TimeCondition.cs|Check|254|TimeCondition finished.
2026-08-16T05:12:25.5993|INFO|SequenceItem.cs|Run|254|Finishing Category: Fotocamera, Container: NINA.Sequencer.SequenceItem.Imaging.SmartExposure, Strategy: SequentialStrategy, Items[FINISHED]: 1, Items[SKIPPED]: 1, Conditions: Condition: LoopCondition, Iterations: 3/12, , Triggers: Trigger: DitherAfterExposures, After Exposures: 1
2026-08-16T05:12:25.6002|INFO|SequenceItem.cs|Run|254|Finishing Category: * Set di Istruzioni *, Container: NINA.Sequencer.Container.DeepSkyObjectContainer, Strategy: SequentialStrategy, Items[FINISHED]: 6, Triggers: Trigger: CenterAfterDriftTrigger, DistanceArcMinutes: 3, Target: M 27 RA: 19:59:36; Dec: 22° 43' 16"; Epoch: J2000 0
2026-08-16T05:12:25.6010|INFO|TimeCondition.cs|Check|254|TimeCondition finished.
2026-08-16T05:12:25.6012|INFO|SequenceItem.cs|Run|254|Finishing Category: * Set di Istruzioni *, Container: NINA.Sequencer.Container.SequentialContainer, Strategy: SequentialStrategy, Items[FINISHED]: 3, Conditions: Condition: TimeCondition, Time: 5:14:27h, 
2026-08-16T05:12:25.6013|INFO|SequenceItem.cs|Run|254|Finishing Category: * Set di Istruzioni *, Container: NINA.Sequencer.Container.SequentialContainer, Strategy: SequentialStrategy, Items[FINISHED]: 2
2026-08-16T05:12:25.6025|INFO|MeridianFlipTrigger.cs|ShouldTrigger|211|Meridian Flip - Flip for the current target already happened at 08/15/2026 23:25:46. Skip flip evaluation
2026-08-16T05:12:25.6025|INFO|SequenceItem.cs|Run|208|Starting Category: Utilità, Item: Annotation, Text: Note: This BLANK Script Instruction is here such that it will FAIL ON PURPOSE after the final Target is completed. This forces UNSAFE to be skipped so we can proceed to the END.
2026-08-16T05:12:25.6026|INFO|SequenceItem.cs|Run|254|Finishing Category: Utilità, Item: Annotation, Text: Note: This BLANK Script Instruction is here such that it will FAIL ON PURPOSE after the final Target is completed. This forces UNSAFE to be skipped so we can proceed to the END.
2026-08-16T05:12:25.6032|INFO|MeridianFlipTrigger.cs|ShouldTrigger|211|Meridian Flip - Flip for the current target already happened at 08/15/2026 23:25:46. Skip flip evaluation
2026-08-16T05:12:25.6033|INFO|SequenceItem.cs|Run|208|Starting Category: Utilità, Item: Annotation, Text: DO NOT PLACE ANY TEXT IN THE EXTERNAL SCRIPT FIELD BELOW.
2026-08-16T05:12:25.6033|INFO|SequenceItem.cs|Run|254|Finishing Category: Utilità, Item: Annotation, Text: DO NOT PLACE ANY TEXT IN THE EXTERNAL SCRIPT FIELD BELOW.
2026-08-16T05:12:25.6040|INFO|MeridianFlipTrigger.cs|ShouldTrigger|211|Meridian Flip - Flip for the current target already happened at 08/15/2026 23:25:46. Skip flip evaluation
2026-08-16T05:12:25.6047|INFO|SequenceItem.cs|Run|208|Starting Category: Utilità, Item: ExternalScript, Script: 
2026-08-16T05:12:25.6102|ERROR|ExternalCommandExecutor.cs|RunSequenceCompleteCommandTask|35|Command not found: 
2026-08-16T05:12:25.6114|ERROR|SequenceItem.cs|Run|263|Category: Utilità, Item: ExternalScript, Script:  - 
NINA.Core.Model.SequenceEntityFailedException: Comando esterno non è stato eseguito con successo
   at NINA.Sequencer.SequenceItem.Utility.ExternalScript.Execute(IProgress`1 progress, CancellationToken token) in /_/NINA.Sequencer/SequenceItem/Utility/ExternalScript.cs:line 92
   at NINA.Sequencer.SequenceItem.SequenceItem.Run(IProgress`1 progress, CancellationToken token) in /_/NINA.Sequencer/SequenceItem/SequenceItem.cs:line 249
2026-08-16T05:12:25.6120|ERROR|SequenceItem.cs|RunErrorBehavior|190|Instruction Script Esterno failed after 1 attempt. Error behavior is set to SkipToSequenceEndInstructions. Skipping to end of sequence instructions.
2026-08-16T05:12:25.6673|INFO|SequenceItem.cs|Run|254|Finishing Category: * Set di Istruzioni *, Container: NINA.Sequencer.Container.TargetAreaContainer, Strategy: SequentialStrategy, Items[FINISHED]: 1, Items[CREATED]: 1
2026-08-16T05:12:25.6679|INFO|MeridianFlipTrigger.cs|ShouldTrigger|211|Meridian Flip - Flip for the current target already happened at 08/15/2026 23:25:46. Skip flip evaluation
2026-08-16T05:12:25.6682|INFO|SequenceItem.cs|Run|208|Starting Category: * Set di Istruzioni *, Container: NINA.Sequencer.Container.EndAreaContainer, Strategy: SequentialStrategy, Items[CREATED]: 1
2026-08-16T05:12:25.6688|INFO|MeridianFlipTrigger.cs|ShouldTrigger|211|Meridian Flip - Flip for the current target already happened at 08/15/2026 23:25:46. Skip flip evaluation
2026-08-16T05:12:25.6688|INFO|SequenceItem.cs|Run|208|Starting Category: * Set di Istruzioni *, Container: NINA.Sequencer.Container.SequentialContainer, Strategy: SequentialStrategy, Items[CREATED]: 17
2026-08-16T05:12:25.6695|INFO|MeridianFlipTrigger.cs|ShouldTrigger|211|Meridian Flip - Flip for the current target already happened at 08/15/2026 23:25:46. Skip flip evaluation
2026-08-16T05:12:25.6695|INFO|SequenceItem.cs|Run|208|Starting Category: Utilità, Item: Annotation, Text: VERSION: 1
2026-08-16T05:12:25.6695|INFO|SequenceItem.cs|Run|254|Finishing Category: Utilità, Item: Annotation, Text: VERSION: 1
2026-08-16T05:12:25.6700|INFO|MeridianFlipTrigger.cs|ShouldTrigger|211|Meridian Flip - Flip for the current target already happened at 08/15/2026 23:25:46. Skip flip evaluation
2026-08-16T05:12:25.6700|INFO|SequenceItem.cs|Run|208|Starting Category: * Set di Istruzioni *, Container: NINA.Sequencer.Container.SequentialContainer, Strategy: SequentialStrategy, Items[CREATED]: 3
2026-08-16T05:12:25.6741|INFO|MeridianFlipTrigger.cs|ShouldTrigger|211|Meridian Flip - Flip for the current target already happened at 08/15/2026 23:25:46. Skip flip evaluation
2026-08-16T05:12:25.6742|INFO|SequenceItem.cs|Run|208|Starting Category: Utilità, Item: Annotation, Text: This End Sequence ensures an ASCOM Safety Monitor will function in a sequence as expected.
2026-08-16T05:12:25.6745|INFO|SequenceItem.cs|Run|254|Finishing Category: Utilità, Item: Annotation, Text: This End Sequence ensures an ASCOM Safety Monitor will function in a sequence as expected.
2026-08-16T05:12:25.6763|INFO|MeridianFlipTrigger.cs|ShouldTrigger|211|Meridian Flip - Flip for the current target already happened at 08/15/2026 23:25:46. Skip flip evaluation
2026-08-16T05:12:25.6763|INFO|SequenceItem.cs|Run|208|Starting Category: Utilità, Item: Annotation, Text: The CONNECTOR Plugin is used in this Sequence.
2026-08-16T05:12:25.6763|INFO|SequenceItem.cs|Run|254|Finishing Category: Utilità, Item: Annotation, Text: The CONNECTOR Plugin is used in this Sequence.
2026-08-16T05:12:25.6768|INFO|MeridianFlipTrigger.cs|ShouldTrigger|211|Meridian Flip - Flip for the current target already happened at 08/15/2026 23:25:46. Skip flip evaluation
2026-08-16T05:12:25.6768|INFO|SequenceItem.cs|Run|208|Starting Category: Utilità, Item: Annotation, Text: A Switch is also used within this End Sequence.
2026-08-16T05:12:25.6768|INFO|SequenceItem.cs|Run|254|Finishing Category: Utilità, Item: Annotation, Text: A Switch is also used within this End Sequence.
2026-08-16T05:12:25.6769|INFO|SequenceItem.cs|Run|254|Finishing Category: * Set di Istruzioni *, Container: NINA.Sequencer.Container.SequentialContainer, Strategy: SequentialStrategy, Items[FINISHED]: 3
2026-08-16T05:12:25.6774|INFO|MeridianFlipTrigger.cs|ShouldTrigger|211|Meridian Flip - Flip for the current target already happened at 08/15/2026 23:25:46. Skip flip evaluation
2026-08-16T05:12:25.6779|INFO|SequenceItem.cs|Run|208|Starting Category: Guida, Item: StopGuiding
2026-08-16T05:12:27.1518|INFO|SequenceItem.cs|Run|254|Finishing Category: Guida, Item: StopGuiding
2026-08-16T05:12:27.1525|INFO|MeridianFlipTrigger.cs|ShouldTrigger|211|Meridian Flip - Flip for the current target already happened at 08/15/2026 23:25:46. Skip flip evaluation
2026-08-16T05:12:27.1526|INFO|SequenceItem.cs|Run|208|Starting Category: Telescopio, Item: SetTracking, TrackingMode: Stopped
2026-08-16T05:12:27.3671|INFO|SequenceItem.cs|Run|254|Finishing Category: Telescopio, Item: SetTracking, TrackingMode: Stopped
2026-08-16T05:12:27.3677|INFO|MeridianFlipTrigger.cs|ShouldTrigger|211|Meridian Flip - Flip for the current target already happened at 08/15/2026 23:25:46. Skip flip evaluation
2026-08-16T05:12:27.3684|INFO|SequenceItem.cs|Run|208|Starting Category: Telescopio, Item: FindHome
2026-08-16T05:12:27.3918|INFO|PHD2Guider.cs|StopGuiding|704|Phd2 - Stop Guiding skipped, as the app is already in state Stopped
2026-08-16T05:12:27.3937|INFO|TelescopeVM.cs|FindHome|292|Mount ordered to locate home position
2026-08-16T05:12:28.7025|INFO|HocusFocusStarDetection.cs|Detect|413|Average HFR: 3.4241070666845213, HFR MAD: 0.38921128971687224, Detected Stars 119, Region: 0
2026-08-16T05:12:29.3608|INFO|BaseImageData.cs|SaveToDisk|346|Saved image to D:\Images NINA\Target\LIGHT_1x1_600.00s_15_132_M 27_Celestron C8__-9.91C_Blu_0001_2026-08-16_05-02-19_FWHM_5.23_Fok_38578.xisf
2026-08-16T05:12:29.3609|INFO|ImageSaveController.cs|DoWork|97|Successfully saved file at D:\Images NINA\Target\LIGHT_1x1_600.00s_15_132_M 27_Celestron C8__-9.91C_Blu_0001_2026-08-16_05-02-19_FWHM_5.23_Fok_38578.xisf. Duration Total: 00:00:03.5510498; BeforeSave: 00:00:00.0450002; BeforeFinalizeImageSaved: 00:00:03.3935655; FinalizeSaveTime: 00:00:00.1124833
2026-08-16T05:13:07.7764|INFO|TelescopeVM.cs|FindHome|348|Mount has located its home position
2026-08-16T05:13:07.7765|INFO|SequenceItem.cs|Run|254|Finishing Category: Telescopio, Item: FindHome
2026-08-16T05:13:07.7766|INFO|MeridianFlipTrigger.cs|ShouldTrigger|197|Meridian Flip - Telescope is at home position. Skip flip evaluation
2026-08-16T05:13:07.7770|INFO|SequenceItem.cs|Run|208|Starting Category: Apparato per i Flat, Item: CloseCover
2026-08-16T05:13:07.8048|INFO|FlatDeviceVM.cs|CloseCover|341|Closing Flat Device Cover
2026-08-16T05:13:32.8674|INFO|SequenceItem.cs|Run|254|Finishing Category: Apparato per i Flat, Item: CloseCover
2026-08-16T05:13:32.8676|INFO|MeridianFlipTrigger.cs|ShouldTrigger|197|Meridian Flip - Telescope is at home position. Skip flip evaluation
2026-08-16T05:13:32.8681|INFO|SequenceItem.cs|Run|208|Starting Category: Osservatorio, Item: CloseDomeShutter
2026-08-16T05:13:32.8728|INFO|DomeVM.cs|CloseShutter|544|Closing dome shutter. Shutter state before closing ShutterOpen
2026-08-16T05:13:32.8754|INFO|AscomDome.cs|CloseShutter|245|Sending a CloseShutter request, since it is currently ShutterOpen
2026-08-16T05:14:21.7773|INFO|DomeVM.cs|CloseShutter|550|Closed dome shutter. Shutter state after closing ShutterClosed
2026-08-16T05:14:21.7778|INFO|SequenceItem.cs|Run|254|Finishing Category: Osservatorio, Item: CloseDomeShutter
2026-08-16T05:14:21.7779|INFO|MeridianFlipTrigger.cs|ShouldTrigger|197|Meridian Flip - Telescope is at home position. Skip flip evaluation
2026-08-16T05:14:21.7785|INFO|SequenceItem.cs|Run|208|Starting Category: Fotocamera, Item: WarmCamera, Duration: 5
2026-08-16T05:14:21.7815|INFO|CameraVM.cs|WarmCamera|161|Warming Camera. Duration: 00:05:00
2026-08-16T05:21:24.8615|INFO|CameraVM.cs|WarmCamera|179|Could not reach warming temperature. Most likley due to ambient temperature being lower. Continuing...
2026-08-16T05:21:44.9721|INFO|CameraVM.cs|WarmCamera|186|Turning cooler off
2026-08-16T05:21:44.9747|INFO|SequenceItem.cs|Run|254|Finishing Category: Fotocamera, Item: WarmCamera, Duration: 5
2026-08-16T05:21:44.9764|INFO|MeridianFlipTrigger.cs|ShouldTrigger|197|Meridian Flip - Telescope is at home position. Skip flip evaluation
2026-08-16T05:21:44.9772|INFO|SequenceItem.cs|Run|208|Starting Category: Connetti, Item: DisconnectEquipment, Selected device: Camera
2026-08-16T05:21:44.9845|INFO|QHYCamera.cs|Disconnect|1057|QHYCCD: Closing camera 695A-M-0037ec709603ca4e3
2026-08-16T05:21:45.0096|INFO|CameraVM.cs|Disconnect|650|Disconnected Camera
2026-08-16T05:21:45.0099|INFO|SequenceItem.cs|Run|254|Finishing Category: Connetti, Item: DisconnectEquipment, Selected device: Camera
2026-08-16T05:21:45.0100|INFO|MeridianFlipTrigger.cs|ShouldTrigger|197|Meridian Flip - Telescope is at home position. Skip flip evaluation
2026-08-16T05:21:45.0100|INFO|SequenceItem.cs|Run|208|Starting Category: Connetti, Item: DisconnectEquipment, Selected device: Filter Wheel
2026-08-16T05:21:45.1691|INFO|FilterWheelVM.cs|Disconnect|333|Disconnected Filter Wheel
2026-08-16T05:21:45.1693|INFO|SequenceItem.cs|Run|254|Finishing Category: Connetti, Item: DisconnectEquipment, Selected device: Filter Wheel
2026-08-16T05:21:45.1695|INFO|MeridianFlipTrigger.cs|ShouldTrigger|197|Meridian Flip - Telescope is at home position. Skip flip evaluation
2026-08-16T05:21:45.1695|INFO|SequenceItem.cs|Run|208|Starting Category: Connetti, Item: DisconnectEquipment, Selected device: Focuser
2026-08-16T05:21:45.1727|INFO|AscomDevice.cs|Disconnect|378|Disconnecting from ASCOM.PegasusAstro.Focuser Pegasus Astro Focus Controller
2026-08-16T05:21:45.3135|INFO|FocuserVM.cs|Disconnect|441|Disconnected Focuser
2026-08-16T05:21:45.3139|INFO|SequenceItem.cs|Run|254|Finishing Category: Connetti, Item: DisconnectEquipment, Selected device: Focuser
2026-08-16T05:21:45.3140|INFO|MeridianFlipTrigger.cs|ShouldTrigger|197|Meridian Flip - Telescope is at home position. Skip flip evaluation
2026-08-16T05:21:45.3141|INFO|SequenceItem.cs|Run|208|Starting Category: Connetti, Item: DisconnectEquipment, Selected device: Mount
2026-08-16T05:21:45.3695|INFO|AscomDevice.cs|Disconnect|378|Disconnecting from ASCOM.Optec ASCOM.Telescope CPWI_ASCOM_Telescope
2026-08-16T05:21:45.4100|INFO|TelescopeVM.cs|Disconnect|740|Disconnected mount
2026-08-16T05:21:45.4106|INFO|SequenceItem.cs|Run|254|Finishing Category: Connetti, Item: DisconnectEquipment, Selected device: Mount
2026-08-16T05:21:45.4108|ERROR|MeridianFlipTrigger.cs|ShouldTrigger|183|Meridian Flip - Telescope is not connected to evaluate if a flip should happen!
2026-08-16T05:21:45.4108|INFO|SequenceItem.cs|Run|208|Starting Category: Connetti, Item: DisconnectEquipment, Selected device: Guider
2026-08-16T05:21:45.4117|INFO|SequenceItem.cs|Run|254|Finishing Category: Connetti, Item: DisconnectEquipment, Selected device: Guider
2026-08-16T05:21:45.4120|ERROR|MeridianFlipTrigger.cs|ShouldTrigger|183|Meridian Flip - Telescope is not connected to evaluate if a flip should happen!
2026-08-16T05:21:45.4121|INFO|SequenceItem.cs|Run|208|Starting Category: Connetti, Item: DisconnectEquipment, Selected device: Flat Panel
2026-08-16T05:21:45.4157|INFO|AscomDevice.cs|Disconnect|378|Disconnecting from ASCOM.WandererCover1.CoverCalibrator WandererEmpire Cover 1
2026-08-16T05:21:45.4622|INFO|FlatDeviceVM.cs|Disconnect|289|Disconnected Flat Device
2026-08-16T05:21:45.4624|INFO|SequenceItem.cs|Run|254|Finishing Category: Connetti, Item: DisconnectEquipment, Selected device: Flat Panel
2026-08-16T05:21:45.4626|ERROR|MeridianFlipTrigger.cs|ShouldTrigger|183|Meridian Flip - Telescope is not connected to evaluate if a flip should happen!
2026-08-16T05:21:45.4626|INFO|SequenceItem.cs|Run|208|Starting Category: Connetti, Item: DisconnectEquipment, Selected device: Weather
2026-08-16T05:21:45.4654|INFO|AscomDevice.cs|Disconnect|378|Disconnecting from ASCOM.CloudWatcher.ObservingConditions CloudWatcher ObsCond
2026-08-16T05:21:45.4870|INFO|WeatherDataVM.cs|Disconnect|305|Disconnected Weather Device
2026-08-16T05:21:45.4872|INFO|SequenceItem.cs|Run|254|Finishing Category: Connetti, Item: DisconnectEquipment, Selected device: Weather
2026-08-16T05:21:45.4873|ERROR|MeridianFlipTrigger.cs|ShouldTrigger|183|Meridian Flip - Telescope is not connected to evaluate if a flip should happen!
2026-08-16T05:21:45.4874|INFO|SequenceItem.cs|Run|208|Starting Category: Connetti, Item: DisconnectEquipment, Selected device: Dome
2026-08-16T05:21:45.4914|INFO|AscomDevice.cs|Disconnect|378|Disconnecting from ASCOM.TS_Shelter.Dome Shelter Dome
2026-08-16T05:21:45.6062|WARNING|QhyccdSdk.cs|SetControlValue|285|QHYCCD: Failed to Set Control CONTROL_MANULPWM with value 0
2026-08-16T05:21:45.7701|INFO|DomeVM.cs|Disconnect|355|Disconnected Dome Device
2026-08-16T05:21:45.7703|INFO|SequenceItem.cs|Run|254|Finishing Category: Connetti, Item: DisconnectEquipment, Selected device: Dome
2026-08-16T05:21:45.7705|ERROR|MeridianFlipTrigger.cs|ShouldTrigger|183|Meridian Flip - Telescope is not connected to evaluate if a flip should happen!
2026-08-16T05:21:45.7705|INFO|SequenceItem.cs|Run|208|Starting Category: Connetti, Item: DisconnectEquipment, Selected device: Safety Monitor
2026-08-16T05:21:45.7733|INFO|SafetyMonitorVM.cs|UpdateMonitorValues|95|SafetyMonitorInfo state changed to Unsafe
2026-08-16T05:21:45.7734|INFO|AscomDevice.cs|Disconnect|378|Disconnecting from ASCOM.Hub.SafetyMonitor Short driver name - please customise
2026-08-16T05:21:46.0146|INFO|SafetyMonitorVM.cs|Disconnect|221|Disconnected Safety Monitor
2026-08-16T05:21:46.0149|INFO|SequenceItem.cs|Run|254|Finishing Category: Connetti, Item: DisconnectEquipment, Selected device: Safety Monitor
2026-08-16T05:21:46.0157|INFO|SequenceItem.cs|Run|254|Finishing Category: * Set di Istruzioni *, Container: NINA.Sequencer.Container.SequentialContainer, Strategy: SequentialStrategy, Items[FINISHED]: 17
2026-08-16T05:21:46.0157|INFO|SequenceItem.cs|Run|254|Finishing Category: * Set di Istruzioni *, Container: NINA.Sequencer.Container.EndAreaContainer, Strategy: SequentialStrategy, Items[FINISHED]: 1
2026-08-16T05:21:46.0159|INFO|SequenceItem.cs|Run|254|Finishing Category: * Set di Istruzioni *, Container: NINA.Sequencer.Container.SequenceRootContainer, Strategy: SequentialStrategy, Items[FINISHED]: 3, Triggers: Trigger: MeridianFlipTriggerTrigger: RestoreGuidingTrigger: AutofocusAfterHFRIncreaseTrigger, Amount: 5Trigger: AutofocusAfterFilterChange
2026-08-16T05:21:46.0162|INFO|Sequence2VM.cs|StartSequence|548|Advanced Sequence finished
