----------------------------------------------------------------------
--------------N.I.N.A. - Nighttime Imaging 'N' Astronomy--------------
--------------------------Version 3.2.0.9001--------------------------
-------------------------2026-08-14T20:18:02--------------------------
----------------------------------------------------------------------
---------------------Microsoft Windows 10.0.17763---------------------
-------------------------OS Architecture X64--------------------------
-----------------------Process Architecture X64-----------------------
-----------------------------.NET 8.0.21------------------------------
----------------------------------------------------------------------
--------------------------Processor Count 2---------------------------
--------------------Total Physical Memory 11.68 GB--------------------
----------------------------------------------------------------------
DATE|LEVEL|SOURCE|MEMBER|LINE|MESSAGE
2026-08-14T20:18:02.5328|INFO|CameraChooserVM.cs|GetEquipment|69|Found 1 ASI Cameras
2026-08-14T20:18:03.0917|INFO|CameraChooserVM.cs|GetEquipment|84|Found 1 Altair Cameras
2026-08-14T20:18:03.5635|INFO|CameraChooserVM.cs|GetEquipment|96|Found 0 Atik Cameras
2026-08-14T20:18:03.6617|INFO|CameraChooserVM.cs|GetEquipment|110|Found 0 FLI Cameras
2026-08-14T20:18:05.0443|INFO|CameraChooserVM.cs|GetEquipment|130|Found 2 QHYCCD Cameras
2026-08-14T20:18:07.4752|INFO|CameraChooserVM.cs|GetEquipment|158|Found 2 ToupTek Cameras
2026-08-14T20:18:07.7337|INFO|CameraChooserVM.cs|GetEquipment|173|Found 1 Ogma Cameras
2026-08-14T20:18:08.1367|INFO|CameraChooserVM.cs|GetEquipment|188|Found 2 Omegon Cameras
2026-08-14T20:18:09.3194|INFO|CameraChooserVM.cs|GetEquipment|203|Found 2 RisingCam Cameras
2026-08-14T20:18:09.7287|INFO|CameraChooserVM.cs|GetEquipment|218|Found 1 MallinCam Cameras
2026-08-14T20:18:09.9473|INFO|CameraChooserVM.cs|GetEquipment|243|Found 1 SVBony Cameras
2026-08-14T20:18:09.9508|INFO|CameraChooserVM.cs|GetEquipment|259|Found 0 SBIG Cameras
2026-08-14T20:18:10.7241|INFO|PluginLoader.cs|LoadPlugin|402|Successfully loaded plugin Connector version 2.1.0.2 by Stefan Berg @isbeorn
2026-08-14T20:18:20.8636|INFO|PluginLoader.cs|LoadPlugin|402|Successfully loaded plugin Hocus Focus version 3.0.0.25 by George Hilios (jokogeo)
2026-08-14T20:18:22.3446|INFO|PluginLoader.cs|LoadPlugin|402|Successfully loaded plugin Remote Copy version 3.0.1.0 by Tom Palmer @tcpalmer
2026-08-14T20:18:59.5021|INFO|PluginLoader.cs|LoadPlugin|402|Successfully loaded plugin RTSP Client version 3.1.0.6 by Stefan Berg @isbeorn
2026-08-14T20:18:59.8848|INFO|PluginLoader.cs|LoadPlugin|402|Successfully loaded plugin Three Point Polar Alignment version 2.2.4.3 by Stefan Berg @isbeorn
2026-08-14T20:19:00.1616|INFO|PluginLoader.cs|LoadPlugin|402|Successfully loaded plugin WandererAstro Tools version 3.0.0.0 by WandererAstro
2026-08-14T20:19:05.2780|INFO|PluginFetcher.cs|RequestAll|43|Fetching plugin manifests from https://nighttime-imaging.eu/wp-json/nina/v1/plugins/manifests
2026-08-14T20:19:05.9321|INFO|ApplicationVM.cs|CheckASCOMPlatformVersion|81|ASCOM Platform 7.1.3.4851 installed
2026-08-14T20:19:06.5511|INFO|CameraChooserVM.cs|GetEquipment|279|Found 0 SVBony Cameras
2026-08-14T20:19:06.6665|INFO|CameraChooserVM.cs|GetEquipment|279|Found 0 PlayerOne Cameras
2026-08-14T20:19:06.7408|INFO|CameraChooserVM.cs|GetEquipment|279|Found 0 ASTPAN Cameras
2026-08-14T20:19:06.7436|INFO|CameraChooserVM.cs|GetEquipment|293|Found 13 ASCOM Cameras
2026-08-14T20:19:06.8568|INFO|DomeChooserVM.cs|GetEquipment|67|Found 0 Alpaca Domes
2026-08-14T20:19:07.2308|INFO|ApplicationVM.cs|CheckDiskInfo|100|Available Space on Drive C:\: 10.56 GB
2026-08-14T20:19:07.2311|INFO|ApplicationVM.cs|CheckDiskInfo|100|Available Space on Drive D:\: 333.19 GB
2026-08-14T20:19:07.5206|INFO|FlatDeviceChooserVM.cs|GetEquipment|67|Found 0 Alpaca Cover Calibrators
2026-08-14T20:19:07.5277|INFO|SwitchChooserVM.cs|GetEquipment|71|Found 0 Alpaca Switch Hubs
2026-08-14T20:19:07.6220|INFO|FilterWheelChooserVM.cs|GetEquipment|193|Found 0 Alpaca Filter Wheels
2026-08-14T20:19:08.8777|INFO|TelescopeChooserVM.cs|GetEquipment|69|Found 0 Alpaca Telescopes
2026-08-14T20:19:09.9574|INFO|PluginFetcher.cs|RequestAll|57|Found 92 valid plugins at https://nighttime-imaging.eu/wp-json/nina/v1/plugins/manifests
2026-08-14T20:19:09.9844|INFO|SafetyMonitorChooserVM.cs|GetEquipment|71|Found 0 Alpaca Safety Monitors
2026-08-14T20:19:09.9954|INFO|FocuserChooserVM.cs|GetEquipment|84|Found 0 Alpaca Focusers
2026-08-14T20:19:10.0359|INFO|WeatherDataChooserVM.cs|GetEquipment|69|Found 0 Alpaca Observing Conditions
2026-08-14T20:19:10.0412|INFO|CameraChooserVM.cs|GetEquipment|305|Found 0 Alpaca Cameras
2026-08-14T20:19:10.0449|INFO|CameraChooserVM.cs|GetEquipment|318|Found 0 Canon Cameras
2026-08-14T20:19:10.0730|INFO|RotatorChooserVM.cs|GetEquipment|68|Found 0 Alpaca Rotators
2026-08-14T20:19:22.3457|INFO|CameraVM.cs|Disconnect|650|Disconnected Camera
2026-08-14T20:19:22.3542|INFO|QHYCamera.cs|ConnectSync|766|QHYCCD: Connecting to 695A-M-0037ec709603ca4e3
2026-08-14T20:19:25.2456|INFO|FilterWheelVM.cs|Disconnect|333|Disconnected Filter Wheel
2026-08-14T20:19:25.5486|INFO|FilterWheelVM.cs|ChooseFW|279|Successfully connected Filter Wheel. Id: 695A-M-0037ec709603ca4e3 Name: 695A-M 8-Slot Filter Wheel DisplayName: 695A-M 8-Slot Filter Wheel Driver Version: 1.0
2026-08-14T20:19:29.0563|INFO|FocuserVM.cs|Disconnect|441|Disconnected Focuser
2026-08-14T20:19:31.6330|INFO|FocuserVM.cs|ChooseFocuser|333|Successfully connected Focuser. Id: ASCOM.PegasusAstro.Focuser Name: Pegasus Astro Focus Controller DisplayName: Pegasus Astro Focus Controller (ASCOM) Driver Version: 2.20
2026-08-14T20:19:34.9201|INFO|TelescopeVM.cs|Disconnect|740|Disconnected mount
2026-08-14T20:19:35.1202|INFO|AscomTelescope.cs|CheckMountTime|845|Mount UTC Time: 2026-08-14 18:19:35Z / System UTC Time: 2026-08-14 18:19:35Z; Difference: 0.005 seconds
2026-08-14T20:19:35.2138|INFO|AscomTelescope.cs|CheckMountTime|865|Mount driver does not allow the mount's time to be set.
2026-08-14T20:19:35.2409|INFO|AscomDevice.cs|GetProperty|527|Property Telescope.SiteElevation GET is not implemented in this driver (CPWI_ASCOM_Telescope)
2026-08-14T20:19:36.1018|INFO|TelescopeVM.cs|ChooseTelescope|535|Successfully connected mount. Id: ASCOM.Optec ASCOM.Telescope Name: CPWI_ASCOM_Telescope DisplayName: CPWI_ASCOM_Telescope (ASCOM) Driver Version: 2.5.8.99  with DLL Assembly Date: July_1_2020
2026-08-14T20:19:37.8840|INFO|PHD2Guider.cs|Connect|205|Connecting to PHD2 server at 127.0.0.1:4400
2026-08-14T20:19:40.2884|INFO|FlatDeviceVM.cs|Disconnect|289|Disconnected Flat Device
2026-08-14T20:19:43.2130|INFO|WeatherDataVM.cs|Disconnect|305|Disconnected Weather Device
2026-08-14T20:19:46.3036|INFO|AscomDevice.cs|GetProperty|527|Property ObservingConditions.SkyBrightness GET is not implemented in this driver (CloudWatcher ObsCond)
2026-08-14T20:19:46.3134|INFO|AscomDevice.cs|GetProperty|527|Property ObservingConditions.SkyQuality GET is not implemented in this driver (CloudWatcher ObsCond)
2026-08-14T20:19:46.3395|INFO|AscomDevice.cs|GetProperty|527|Property ObservingConditions.StarFWHM GET is not implemented in this driver (CloudWatcher ObsCond)
2026-08-14T20:19:46.3732|INFO|AscomDevice.cs|GetProperty|527|Property ObservingConditions.WindDirection GET is not implemented in this driver (CloudWatcher ObsCond)
2026-08-14T20:19:46.4551|INFO|WeatherDataVM.cs|ChooseWeatherData|150|Successfully connected Weather Device. Id: ASCOM.CloudWatcher.ObservingConditions Name: CloudWatcher ObsCond DisplayName: CloudWatcher ObsCond (ASCOM) Driver Version: 1.1
2026-08-14T20:19:46.4755|INFO|DomeVM.cs|Disconnect|355|Disconnected Dome Device
2026-08-14T20:19:46.7558|INFO|AscomDevice.cs|GetProperty|527|Property Dome.AtPark GET is not implemented in this driver (Shelter Dome)
2026-08-14T20:19:46.7661|INFO|AscomDevice.cs|GetProperty|527|Property Dome.AtHome GET is not implemented in this driver (Shelter Dome)
2026-08-14T20:19:46.8087|INFO|AscomDevice.cs|GetProperty|527|Property Dome.Azimuth GET is not implemented in this driver (Shelter Dome)
2026-08-14T20:19:46.8884|INFO|DomeVM.cs|ChooseDome|198|Successfully connected Dome. Id: ASCOM.TS_Shelter.Dome Name: Shelter Dome DisplayName: Shelter Dome (ASCOM) Driver Version: 6.6
2026-08-14T20:19:48.9056|INFO|AscomDevice.cs|GetProperty|527|Property Dome.Altitude GET is not implemented in this driver (Shelter Dome)
2026-08-14T20:19:49.4178|INFO|FlatDeviceVM.cs|Connect|241|Successfully connected flat device. Id: ASCOM.WandererCover1.CoverCalibrator Name: WandererEmpire Cover 1 DisplayName: WandererEmpire Cover 1 (ASCOM) Driver Version: 2.0
2026-08-14T20:19:51.9803|INFO|SafetyMonitorVM.cs|Disconnect|221|Disconnected Safety Monitor
2026-08-14T20:19:53.1318|INFO|SafetyMonitorVM.cs|Connect|175|Successfully connected Safety Monitor. Id: ASCOM.Hub.SafetyMonitor Name: Short driver name - please customise DisplayName: Short driver name - please customise (ASCOM) Driver Version: 6.4
2026-08-14T20:20:51.0931|INFO|QHYCamera.cs|ConnectSync|1020|QHYCCD: SDK version: 25-4-23-15
2026-08-14T20:20:51.0934|INFO|QHYCamera.cs|ConnectSync|1021|QHYCCD: USB driver version: 
2026-08-14T20:20:51.0935|INFO|QHYCamera.cs|ConnectSync|1022|QHYCCD: Camera firmware version: 18-10-24
2026-08-14T20:20:51.0936|INFO|QHYCamera.cs|ConnectSync|1023|QHYCCD: Camera FPGA versions: N/A
2026-08-14T20:20:51.7359|INFO|CameraVM.cs|ChooseCamera|455|Successfully connected Camera. Id: 695A-M-0037ec709603ca4e3 Name: 695A-M DisplayName: 695A-M (603ca4e3)Driver Version: 
2026-08-14T20:21:02.1358|INFO|AscomDevice.cs|Disconnect|378|Disconnecting from ASCOM.PegasusAstro.Focuser Pegasus Astro Focus Controller
2026-08-14T20:21:02.2696|INFO|FocuserVM.cs|Disconnect|441|Disconnected Focuser
2026-08-14T20:21:03.9792|INFO|FocuserVM.cs|Disconnect|441|Disconnected Focuser
2026-08-14T20:21:05.1740|INFO|FocuserVM.cs|ChooseFocuser|333|Successfully connected Focuser. Id: ASCOM.PegasusAstro.Focuser Name: Pegasus Astro Focus Controller DisplayName: Pegasus Astro Focus Controller (ASCOM) Driver Version: 2.20
2026-08-14T20:22:35.9505|INFO|Sequence2VM.cs|LockSequence|139|Sequencer unlocked
2026-08-14T20:22:40.7019|INFO|DockManagerVM.cs|InitializeAvalonDockLayout|366|Initializing imaging tab layout from C:\Users\PrimaLuceLab\AppData\Local\NINA\Profiles\21c45d14-58c2-4ca1-9053-4e23fb6d7dc4.dock.config
2026-08-14T20:23:17.4612|INFO|Sequence2VM.cs|StartSequence|543|Advanced Sequence starting
2026-08-14T20:23:17.5274|INFO|SequenceItem.cs|Run|208|Starting Category: * Set di Istruzioni *, Container: NINA.Sequencer.Container.SequenceRootContainer, Strategy: SequentialStrategy, Items[CREATED]: 3, Triggers: Trigger: MeridianFlipTriggerTrigger: RestoreGuidingTrigger: AutofocusAfterHFRIncreaseTrigger, Amount: 5Trigger: AutofocusAfterFilterChange
2026-08-14T20:23:17.5546|INFO|MeridianFlipTrigger.cs|ShouldTrigger|204|Meridian Flip - Telescope is not tracking. Skip flip evaluation
2026-08-14T20:23:17.8110|INFO|SequenceItem.cs|Run|208|Starting Category: * Set di Istruzioni *, Container: NINA.Sequencer.Container.StartAreaContainer, Strategy: SequentialStrategy, Items[CREATED]: 2
2026-08-14T20:23:17.8119|INFO|MeridianFlipTrigger.cs|ShouldTrigger|204|Meridian Flip - Telescope is not tracking. Skip flip evaluation
2026-08-14T20:23:17.8124|INFO|SequenceItem.cs|Run|208|Starting Category: Utilità, Item: Annotation, Text: VERSION: 1
2026-08-14T20:23:17.8129|INFO|SequenceItem.cs|Run|254|Finishing Category: Utilità, Item: Annotation, Text: VERSION: 1
2026-08-14T20:23:17.8169|INFO|MeridianFlipTrigger.cs|ShouldTrigger|204|Meridian Flip - Telescope is not tracking. Skip flip evaluation
2026-08-14T20:23:17.8172|INFO|SequenceItem.cs|Run|208|Starting Category: * Set di Istruzioni *, Container: NINA.Sequencer.Container.SequentialContainer, Strategy: SequentialStrategy, Items[CREATED]: 4
2026-08-14T20:23:17.8174|INFO|MeridianFlipTrigger.cs|ShouldTrigger|204|Meridian Flip - Telescope is not tracking. Skip flip evaluation
2026-08-14T20:23:17.8174|INFO|SequenceItem.cs|Run|208|Starting Category: Utilità, Item: Annotation, Text: VERSION: 1
2026-08-14T20:23:17.8176|INFO|SequenceItem.cs|Run|254|Finishing Category: Utilità, Item: Annotation, Text: VERSION: 1
2026-08-14T20:23:17.8179|INFO|MeridianFlipTrigger.cs|ShouldTrigger|204|Meridian Flip - Telescope is not tracking. Skip flip evaluation
2026-08-14T20:23:17.8180|INFO|SequenceItem.cs|Run|208|Starting Category: * Set di Istruzioni *, Container: NINA.Sequencer.Container.SequentialContainer, Strategy: SequentialStrategy, Items[CREATED]: 4
2026-08-14T20:23:17.8181|INFO|MeridianFlipTrigger.cs|ShouldTrigger|204|Meridian Flip - Telescope is not tracking. Skip flip evaluation
2026-08-14T20:23:17.8181|INFO|SequenceItem.cs|Run|208|Starting Category: Utilità, Item: Annotation, Text: This Startup Sequence ensures an ASCOM Safety Monitor will function in a sequence as expected.
2026-08-14T20:23:17.8182|INFO|SequenceItem.cs|Run|254|Finishing Category: Utilità, Item: Annotation, Text: This Startup Sequence ensures an ASCOM Safety Monitor will function in a sequence as expected.
2026-08-14T20:23:17.8183|INFO|MeridianFlipTrigger.cs|ShouldTrigger|204|Meridian Flip - Telescope is not tracking. Skip flip evaluation
2026-08-14T20:23:17.8183|INFO|SequenceItem.cs|Run|208|Starting Category: Utilità, Item: Annotation, Text: The CONNECTOR Plugin is used in this Sequence.
2026-08-14T20:23:17.8184|INFO|SequenceItem.cs|Run|254|Finishing Category: Utilità, Item: Annotation, Text: The CONNECTOR Plugin is used in this Sequence.
2026-08-14T20:23:17.8184|INFO|MeridianFlipTrigger.cs|ShouldTrigger|204|Meridian Flip - Telescope is not tracking. Skip flip evaluation
2026-08-14T20:23:17.8185|INFO|SequenceItem.cs|Run|208|Starting Category: Utilità, Item: Annotation, Text: A Switch is also used within this Startup Sequence.
2026-08-14T20:23:17.8185|INFO|SequenceItem.cs|Run|254|Finishing Category: Utilità, Item: Annotation, Text: A Switch is also used within this Startup Sequence.
2026-08-14T20:23:17.8185|INFO|MeridianFlipTrigger.cs|ShouldTrigger|204|Meridian Flip - Telescope is not tracking. Skip flip evaluation
2026-08-14T20:23:17.8186|INFO|SequenceItem.cs|Run|208|Starting Category: Utilità, Item: Annotation, Text: The sequence uses Nautical Dusk and Nautical Dawn along with a number of time offsets. Adjust this as desired.
2026-08-14T20:23:17.8186|INFO|SequenceItem.cs|Run|254|Finishing Category: Utilità, Item: Annotation, Text: The sequence uses Nautical Dusk and Nautical Dawn along with a number of time offsets. Adjust this as desired.
2026-08-14T20:23:17.8208|INFO|SequenceItem.cs|Run|254|Finishing Category: * Set di Istruzioni *, Container: NINA.Sequencer.Container.SequentialContainer, Strategy: SequentialStrategy, Items[FINISHED]: 4
2026-08-14T20:23:17.8210|INFO|MeridianFlipTrigger.cs|ShouldTrigger|204|Meridian Flip - Telescope is not tracking. Skip flip evaluation
2026-08-14T20:23:17.8211|INFO|SequenceItem.cs|Run|208|Starting Category: * Set di Istruzioni *, Container: NINA.Sequencer.Container.SequentialContainer, Strategy: SequentialStrategy, Items[CREATED]: 11
2026-08-14T20:23:17.8245|INFO|MeridianFlipTrigger.cs|ShouldTrigger|204|Meridian Flip - Telescope is not tracking. Skip flip evaluation
2026-08-14T20:23:17.8252|INFO|SequenceItem.cs|Run|208|Starting Category: Utilità, Item: WaitForTime, Time: 21:34:24h, Offset: -30
2026-08-14T20:58:55.1344|INFO|SafetyMonitorVM.cs|UpdateMonitorValues|95|SafetyMonitorInfo state changed to Safe
2026-08-14T21:09:24.9768|INFO|DomeVM.cs|OpenShutter|448|Opening dome shutter. Shutter state before opening ShutterClosed
2026-08-14T21:09:24.9792|INFO|AscomDome.cs|OpenShutter|206|Sending an OpenShutter request, since it is currently ShutterClosed
2026-08-14T21:10:10.9153|INFO|DomeVM.cs|OpenShutter|454|Opened dome shutter. Shutter state after opening ShutterOpen
2026-08-14T21:34:33.4046|INFO|SequenceItem.cs|Run|254|Finishing Category: Utilità, Item: WaitForTime, Time: 21:34:24h, Offset: -30
2026-08-14T21:34:33.4049|INFO|MeridianFlipTrigger.cs|ShouldTrigger|204|Meridian Flip - Telescope is not tracking. Skip flip evaluation
2026-08-14T21:34:33.4056|INFO|SequenceItem.cs|Run|208|Starting Category: Connetti, Item: ConnectEquipment, Selected device: Weather, Selected device id: ASCOM.CloudWatcher.ObservingConditions
2026-08-14T21:34:33.4077|INFO|ConnectEquipment.cs|Execute|186|Weather is already connected
2026-08-14T21:34:33.4078|INFO|SequenceItem.cs|Run|254|Finishing Category: Connetti, Item: ConnectEquipment, Selected device: Weather, Selected device id: ASCOM.CloudWatcher.ObservingConditions
2026-08-14T21:34:33.4080|INFO|MeridianFlipTrigger.cs|ShouldTrigger|204|Meridian Flip - Telescope is not tracking. Skip flip evaluation
2026-08-14T21:34:33.4081|INFO|SequenceItem.cs|Run|208|Starting Category: Connetti, Item: ConnectEquipment, Selected device: Safety Monitor, Selected device id: ASCOM.Hub.SafetyMonitor
2026-08-14T21:34:33.4083|INFO|ConnectEquipment.cs|Execute|186|Safety Monitor is already connected
2026-08-14T21:34:33.4083|INFO|SequenceItem.cs|Run|254|Finishing Category: Connetti, Item: ConnectEquipment, Selected device: Safety Monitor, Selected device id: ASCOM.Hub.SafetyMonitor
2026-08-14T21:34:33.4084|INFO|MeridianFlipTrigger.cs|ShouldTrigger|204|Meridian Flip - Telescope is not tracking. Skip flip evaluation
2026-08-14T21:34:33.4087|INFO|SequenceItem.cs|Run|208|Starting Category: Monitor Di Sicurezza, Item: WaitUntilSafe
2026-08-14T21:34:33.4111|INFO|SequenceItem.cs|Run|254|Finishing Category: Monitor Di Sicurezza, Item: WaitUntilSafe
2026-08-14T21:34:33.4112|INFO|MeridianFlipTrigger.cs|ShouldTrigger|204|Meridian Flip - Telescope is not tracking. Skip flip evaluation
2026-08-14T21:34:33.4113|INFO|SequenceItem.cs|Run|208|Starting Category: Connetti, Item: ConnectEquipment, Selected device: Camera, Selected device id: 695A-M-0037ec709603ca4e3
2026-08-14T21:34:33.4114|INFO|ConnectEquipment.cs|Execute|186|Camera is already connected
2026-08-14T21:34:33.4114|INFO|SequenceItem.cs|Run|254|Finishing Category: Connetti, Item: ConnectEquipment, Selected device: Camera, Selected device id: 695A-M-0037ec709603ca4e3
2026-08-14T21:34:33.4115|INFO|MeridianFlipTrigger.cs|ShouldTrigger|204|Meridian Flip - Telescope is not tracking. Skip flip evaluation
2026-08-14T21:34:33.4115|INFO|SequenceItem.cs|Run|208|Starting Category: Connetti, Item: ConnectEquipment, Selected device: Focuser, Selected device id: ASCOM.PegasusAstro.Focuser
2026-08-14T21:34:33.4116|INFO|ConnectEquipment.cs|Execute|186|Focuser is already connected
2026-08-14T21:34:33.4116|INFO|SequenceItem.cs|Run|254|Finishing Category: Connetti, Item: ConnectEquipment, Selected device: Focuser, Selected device id: ASCOM.PegasusAstro.Focuser
2026-08-14T21:34:33.4118|INFO|MeridianFlipTrigger.cs|ShouldTrigger|204|Meridian Flip - Telescope is not tracking. Skip flip evaluation
2026-08-14T21:34:33.4118|INFO|SequenceItem.cs|Run|208|Starting Category: Connetti, Item: ConnectEquipment, Selected device: Filter Wheel, Selected device id: 695A-M-0037ec709603ca4e3
2026-08-14T21:34:33.4119|INFO|ConnectEquipment.cs|Execute|186|Filter Wheel is already connected
2026-08-14T21:34:33.4119|INFO|SequenceItem.cs|Run|254|Finishing Category: Connetti, Item: ConnectEquipment, Selected device: Filter Wheel, Selected device id: 695A-M-0037ec709603ca4e3
2026-08-14T21:34:33.4119|INFO|MeridianFlipTrigger.cs|ShouldTrigger|204|Meridian Flip - Telescope is not tracking. Skip flip evaluation
2026-08-14T21:34:33.4120|INFO|SequenceItem.cs|Run|208|Starting Category: Connetti, Item: ConnectEquipment, Selected device: Mount, Selected device id: ASCOM.Optec ASCOM.Telescope
2026-08-14T21:34:33.4121|INFO|ConnectEquipment.cs|Execute|186|Mount is already connected
2026-08-14T21:34:33.4121|INFO|SequenceItem.cs|Run|254|Finishing Category: Connetti, Item: ConnectEquipment, Selected device: Mount, Selected device id: ASCOM.Optec ASCOM.Telescope
2026-08-14T21:34:33.4121|INFO|MeridianFlipTrigger.cs|ShouldTrigger|204|Meridian Flip - Telescope is not tracking. Skip flip evaluation
2026-08-14T21:34:33.4122|INFO|SequenceItem.cs|Run|208|Starting Category: Connetti, Item: ConnectEquipment, Selected device: Dome, Selected device id: ASCOM.TS_Shelter.Dome
2026-08-14T21:34:33.4122|INFO|ConnectEquipment.cs|Execute|186|Dome is already connected
2026-08-14T21:34:33.4123|INFO|SequenceItem.cs|Run|254|Finishing Category: Connetti, Item: ConnectEquipment, Selected device: Dome, Selected device id: ASCOM.TS_Shelter.Dome
2026-08-14T21:34:33.4124|INFO|MeridianFlipTrigger.cs|ShouldTrigger|204|Meridian Flip - Telescope is not tracking. Skip flip evaluation
2026-08-14T21:34:33.4124|INFO|SequenceItem.cs|Run|208|Starting Category: Connetti, Item: ConnectEquipment, Selected device: Guider, Selected device id: PHD2_Single
2026-08-14T21:34:33.4125|INFO|ConnectEquipment.cs|Execute|186|Guider is already connected
2026-08-14T21:34:33.4125|INFO|SequenceItem.cs|Run|254|Finishing Category: Connetti, Item: ConnectEquipment, Selected device: Guider, Selected device id: PHD2_Single
2026-08-14T21:34:33.4125|INFO|MeridianFlipTrigger.cs|ShouldTrigger|204|Meridian Flip - Telescope is not tracking. Skip flip evaluation
2026-08-14T21:34:33.4126|INFO|SequenceItem.cs|Run|208|Starting Category: Connetti, Item: ConnectEquipment, Selected device: Flat Panel, Selected device id: ASCOM.WandererCover1.CoverCalibrator
2026-08-14T21:34:33.4126|INFO|ConnectEquipment.cs|Execute|186|Flat Panel is already connected
2026-08-14T21:34:33.4127|INFO|SequenceItem.cs|Run|254|Finishing Category: Connetti, Item: ConnectEquipment, Selected device: Flat Panel, Selected device id: ASCOM.WandererCover1.CoverCalibrator
2026-08-14T21:34:33.4131|INFO|SequenceItem.cs|Run|254|Finishing Category: * Set di Istruzioni *, Container: NINA.Sequencer.Container.SequentialContainer, Strategy: SequentialStrategy, Items[FINISHED]: 11
2026-08-14T21:34:33.4131|INFO|MeridianFlipTrigger.cs|ShouldTrigger|204|Meridian Flip - Telescope is not tracking. Skip flip evaluation
2026-08-14T21:34:33.4132|INFO|SequenceItem.cs|Run|208|Starting Category: * Set di Istruzioni *, Container: NINA.Sequencer.Container.SequentialContainer, Strategy: SequentialStrategy, Items[CREATED]: 12
2026-08-14T21:34:33.4135|INFO|MeridianFlipTrigger.cs|ShouldTrigger|204|Meridian Flip - Telescope is not tracking. Skip flip evaluation
2026-08-14T21:34:33.4140|INFO|SequenceItem.cs|Run|208|Starting Category: Fotocamera, Item: CoolCamera, Temperature: -10, Duration: 5
2026-08-14T21:34:33.4174|INFO|CameraVM.cs|CoolCamera|138|Cooling Camera. Target: -10 Duration: 00:05:00
2026-08-14T21:39:34.7658|INFO|SequenceItem.cs|Run|254|Finishing Category: Fotocamera, Item: CoolCamera, Temperature: -10, Duration: 5
2026-08-14T21:39:34.7661|INFO|MeridianFlipTrigger.cs|ShouldTrigger|204|Meridian Flip - Telescope is not tracking. Skip flip evaluation
2026-08-14T21:39:34.7662|INFO|SequenceItem.cs|Run|208|Starting Category: Utilità, Item: WaitForTime, Time: 21:54:24h, Offset: -10
2026-08-14T21:54:26.0494|INFO|SequenceItem.cs|Run|254|Finishing Category: Utilità, Item: WaitForTime, Time: 21:54:24h, Offset: -10
2026-08-14T21:54:26.0499|INFO|MeridianFlipTrigger.cs|ShouldTrigger|204|Meridian Flip - Telescope is not tracking. Skip flip evaluation
2026-08-14T21:54:26.0500|INFO|SequenceItem.cs|Run|208|Starting Category: Monitor Di Sicurezza, Item: WaitUntilSafe
2026-08-14T21:54:26.0502|INFO|SequenceItem.cs|Run|254|Finishing Category: Monitor Di Sicurezza, Item: WaitUntilSafe
2026-08-14T21:54:26.0502|INFO|MeridianFlipTrigger.cs|ShouldTrigger|204|Meridian Flip - Telescope is not tracking. Skip flip evaluation
2026-08-14T21:54:26.0508|INFO|SequenceItem.cs|Run|208|Starting Category: Osservatorio, Item: OpenDomeShutter
2026-08-14T21:54:26.0521|INFO|SequenceItem.cs|Run|254|Finishing Category: Osservatorio, Item: OpenDomeShutter
2026-08-14T21:54:26.0523|INFO|MeridianFlipTrigger.cs|ShouldTrigger|204|Meridian Flip - Telescope is not tracking. Skip flip evaluation
2026-08-14T21:54:26.0527|INFO|SequenceItem.cs|Run|208|Starting Category: Telescopio, Item: UnparkScope
2026-08-14T21:54:26.0552|INFO|TelescopeVM.cs|UnparkTelescope|232|Mount ordered to unpark
2026-08-14T21:54:26.0759|INFO|TelescopeVM.cs|UnparkTelescope|277|Mount is already unparked
2026-08-14T21:54:26.0765|INFO|TelescopeVM.cs|UnparkTelescope|282|Mount has unparked
2026-08-14T21:54:26.0767|INFO|SequenceItem.cs|Run|254|Finishing Category: Telescopio, Item: UnparkScope
2026-08-14T21:54:26.0769|INFO|MeridianFlipTrigger.cs|ShouldTrigger|204|Meridian Flip - Telescope is not tracking. Skip flip evaluation
2026-08-14T21:54:26.0774|INFO|SequenceItem.cs|Run|208|Starting Category: Apparato per i Flat, Item: OpenCover
2026-08-14T21:54:26.0904|INFO|FlatDeviceVM.cs|OpenCover|312|Opening Flat Device Cover
2026-08-14T21:54:51.4091|INFO|SequenceItem.cs|Run|254|Finishing Category: Apparato per i Flat, Item: OpenCover
2026-08-14T21:54:51.4094|INFO|MeridianFlipTrigger.cs|ShouldTrigger|204|Meridian Flip - Telescope is not tracking. Skip flip evaluation
2026-08-14T21:54:51.4121|INFO|SequenceItem.cs|Run|208|Starting Category: Telescopio, Item: SetTracking, TrackingMode: Sidereal
2026-08-14T21:54:51.4400|INFO|SequenceItem.cs|Run|254|Finishing Category: Telescopio, Item: SetTracking, TrackingMode: Sidereal
2026-08-14T21:54:51.4403|INFO|MeridianFlipTrigger.cs|ShouldTrigger|204|Meridian Flip - Telescope is not tracking. Skip flip evaluation
2026-08-14T21:54:51.4409|INFO|SequenceItem.cs|Run|208|Starting Category: Ruota porta filtri, Item: SwitchFilter, Filter: L-Pro
2026-08-14T21:54:51.5623|INFO|SequenceItem.cs|Run|254|Finishing Category: Ruota porta filtri, Item: SwitchFilter, Filter: L-Pro
2026-08-14T21:54:51.5625|INFO|MeridianFlipTrigger.cs|ShouldTrigger|204|Meridian Flip - Telescope is not tracking. Skip flip evaluation
2026-08-14T21:54:51.5632|INFO|SequenceItem.cs|Run|208|Starting Category: Telescopio, Item: SlewScopeToAltAz, Coordinates: NINA.Astrometry.InputTopocentricCoordinates
2026-08-14T21:54:51.5948|INFO|PHD2Guider.cs|StopGuiding|704|Phd2 - Stop Guiding skipped, as the app is already in state Stopped
2026-08-14T21:54:51.6660|INFO|TelescopeVM.cs|SlewAsyncInternal|910|Slewing from RA: 20:37:16; Dec: 89° 02' 59"; Epoch: JNOW to RA: 19:59:11; Dec: 39° 23' 27"; Epoch: JNOW - Alt: 70° 00' 00"; Az: 90° 00' 00"
2026-08-14T21:55:24.9985|INFO|SequenceItem.cs|Run|254|Finishing Category: Telescopio, Item: SlewScopeToAltAz, Coordinates: NINA.Astrometry.InputTopocentricCoordinates
2026-08-14T21:55:25.0028|INFO|MeridianFlipTrigger.cs|ShouldTrigger|296|Meridian Flip - (Side of Pier usage is disabled) There is still time remaining. Max remaining time 01:42:32.7728565, next instruction time 60, next instruction Category: Utilità, Item: WaitForTimeSpan, Time: 60s
2026-08-14T21:55:25.0030|INFO|SequenceItem.cs|Run|208|Starting Category: Utilità, Item: WaitForTimeSpan, Time: 60s
2026-08-14T21:56:25.1854|INFO|SequenceItem.cs|Run|254|Finishing Category: Utilità, Item: WaitForTimeSpan, Time: 60s
2026-08-14T21:56:25.1871|INFO|MeridianFlipTrigger.cs|ShouldTrigger|296|Meridian Flip - (Side of Pier usage is disabled) There is still time remaining. Max remaining time 01:41:32.5299603, next instruction time 220, next instruction Category: Focheggiatore, Item: RunAutofocus
2026-08-14T21:56:25.1873|INFO|SequenceItem.cs|Run|208|Starting Category: Focheggiatore, Item: RunAutofocus
2026-08-14T21:56:25.4055|INFO|FocuserMediator.cs|BroadcastAutoFocusRunStarting|92|Autofocus starting notification received
2026-08-14T21:56:25.4698|INFO|PHD2Guider.cs|StopGuiding|704|Phd2 - Stop Guiding skipped, as the app is already in state Stopped
2026-08-14T21:56:25.4855|INFO|AutoFocusEngine.cs|RunAutoFocus|929|Starting AutoFocus with initial position 39269
2026-08-14T21:56:25.6399|INFO|CameraVM.cs|Capture|742|Starting Exposure - Exposure Time: 6s; Filter: L-Pro; Gain: 15; Offset 132; Binning: 2x2;
2026-08-14T21:56:33.1560|INFO|AutoFocusEngine.cs|StartBlindFocusPoints|769|Waiting on initial HFR analysis
2026-08-14T21:56:33.1654|INFO|FocuserVM.cs|MoveFocuserInternal|216|Moving Focuser to position 40069
2026-08-14T21:56:34.9283|INFO|HocusFocusStarDetection.cs|Detect|413|Average HFR: 1.7734294944762408, HFR MAD: 0.10589289950683978, Detected Stars 257, Region: 0
2026-08-14T21:56:41.7485|INFO|CameraVM.cs|Capture|742|Starting Exposure - Exposure Time: 6s; Filter: L-Pro; Gain: 15; Offset 132; Binning: 2x2;
2026-08-14T21:56:49.0617|INFO|FocuserVM.cs|MoveFocuserInternal|216|Moving Focuser to position 39869
2026-08-14T21:56:50.0006|INFO|HocusFocusStarDetection.cs|Detect|413|Average HFR: 1.6465307143834813, HFR MAD: 0.0927755132070962, Detected Stars 165, Region: 0
2026-08-14T21:56:55.3639|INFO|CameraVM.cs|Capture|742|Starting Exposure - Exposure Time: 6s; Filter: L-Pro; Gain: 15; Offset 132; Binning: 2x2;
2026-08-14T21:57:02.6759|INFO|FocuserVM.cs|MoveFocuserInternal|216|Moving Focuser to position 39669
2026-08-14T21:57:03.6429|INFO|HocusFocusStarDetection.cs|Detect|413|Average HFR: 1.6333569285514413, HFR MAD: 0.0757813216867993, Detected Stars 156, Region: 0
2026-08-14T21:57:09.4052|INFO|CameraVM.cs|Capture|742|Starting Exposure - Exposure Time: 6s; Filter: L-Pro; Gain: 15; Offset 132; Binning: 2x2;
2026-08-14T21:57:16.7177|INFO|FocuserVM.cs|MoveFocuserInternal|216|Moving Focuser to position 39469
2026-08-14T21:57:17.5725|INFO|HocusFocusStarDetection.cs|Detect|413|Average HFR: 1.6274231695978818, HFR MAD: 0.07563994889221437, Detected Stars 116, Region: 0
2026-08-14T21:57:22.0450|INFO|CameraVM.cs|Capture|742|Starting Exposure - Exposure Time: 6s; Filter: L-Pro; Gain: 15; Offset 132; Binning: 2x2;
2026-08-14T21:57:29.3498|INFO|AutoFocusEngine.cs|StartBlindFocusPoints|797|Waiting on initial focuser move analyses
2026-08-14T21:57:30.1840|INFO|HocusFocusStarDetection.cs|Detect|413|Average HFR: 1.6174262420549224, HFR MAD: 0.07578133736455506, Detected Stars 119, Region: 0
2026-08-14T21:57:30.2390|INFO|FocuserVM.cs|MoveFocuserInternal|216|Moving Focuser to position 39269
2026-08-14T21:57:35.4613|INFO|CameraVM.cs|Capture|742|Starting Exposure - Exposure Time: 6s; Filter: L-Pro; Gain: 15; Offset 132; Binning: 2x2;
2026-08-14T21:57:42.7761|INFO|AutoFocusEngine.cs|StartBlindFocusPoints|870|Waiting on next left movement analysis
2026-08-14T21:57:43.5843|INFO|HocusFocusStarDetection.cs|Detect|413|Average HFR: 1.6298401646686, HFR MAD: 0.07731556084418956, Detected Stars 140, Region: 0
2026-08-14T21:57:43.7039|INFO|FocuserVM.cs|MoveFocuserInternal|216|Moving Focuser to position 39069
2026-08-14T21:57:49.3672|INFO|CameraVM.cs|Capture|742|Starting Exposure - Exposure Time: 6s; Filter: L-Pro; Gain: 15; Offset 132; Binning: 2x2;
2026-08-14T21:57:56.6890|INFO|AutoFocusEngine.cs|StartBlindFocusPoints|870|Waiting on next left movement analysis
2026-08-14T21:57:57.4465|INFO|HocusFocusStarDetection.cs|Detect|413|Average HFR: 1.6639387374934829, HFR MAD: 0.07542854486374262, Detected Stars 235, Region: 0
2026-08-14T21:57:57.4757|INFO|FocuserVM.cs|MoveFocuserInternal|216|Moving Focuser to position 38869
2026-08-14T21:58:03.3831|INFO|CameraVM.cs|Capture|742|Starting Exposure - Exposure Time: 6s; Filter: L-Pro; Gain: 15; Offset 132; Binning: 2x2;
2026-08-14T21:58:10.6941|INFO|AutoFocusEngine.cs|StartBlindFocusPoints|870|Waiting on next left movement analysis
2026-08-14T21:58:11.4019|INFO|HocusFocusStarDetection.cs|Detect|413|Average HFR: 1.794614367899767, HFR MAD: 0.13162766313552998, Detected Stars 305, Region: 0
2026-08-14T21:58:11.5482|INFO|FocuserVM.cs|MoveFocuserInternal|216|Moving Focuser to position 38669
2026-08-14T21:58:17.3723|INFO|CameraVM.cs|Capture|742|Starting Exposure - Exposure Time: 6s; Filter: L-Pro; Gain: 15; Offset 132; Binning: 2x2;
2026-08-14T21:58:24.6843|INFO|AutoFocusEngine.cs|StartBlindFocusPoints|870|Waiting on next left movement analysis
2026-08-14T21:58:25.5019|INFO|HocusFocusStarDetection.cs|Detect|413|Average HFR: 1.9983812791800202, HFR MAD: 0.15905705011565963, Detected Stars 327, Region: 0
2026-08-14T21:58:25.5511|INFO|FocuserVM.cs|MoveFocuserInternal|216|Moving Focuser to position 38469
2026-08-14T21:58:31.3527|INFO|CameraVM.cs|Capture|742|Starting Exposure - Exposure Time: 6s; Filter: L-Pro; Gain: 15; Offset 132; Binning: 2x2;
2026-08-14T21:58:38.6644|INFO|AutoFocusEngine.cs|StartBlindFocusPoints|870|Waiting on next left movement analysis
2026-08-14T21:58:39.3973|INFO|HocusFocusStarDetection.cs|Detect|413|Average HFR: 2.26294250341616, HFR MAD: 0.20388835688828255, Detected Stars 306, Region: 0
2026-08-14T21:58:39.5309|INFO|FocuserVM.cs|MoveFocuserInternal|216|Moving Focuser to position 38269
2026-08-14T21:58:45.3641|INFO|CameraVM.cs|Capture|742|Starting Exposure - Exposure Time: 6s; Filter: L-Pro; Gain: 15; Offset 132; Binning: 2x2;
2026-08-14T21:58:52.6767|INFO|AutoFocusEngine.cs|StartBlindFocusPoints|870|Waiting on next left movement analysis
2026-08-14T21:58:53.3983|INFO|HocusFocusStarDetection.cs|Detect|413|Average HFR: 2.5133697157056014, HFR MAD: 0.24257762381107506, Detected Stars 294, Region: 0
2026-08-14T21:58:53.5074|INFO|FocuserVM.cs|MoveFocuserInternal|216|Moving Focuser to position 40269
2026-08-14T21:59:07.8089|INFO|CameraVM.cs|Capture|742|Starting Exposure - Exposure Time: 6s; Filter: L-Pro; Gain: 15; Offset 132; Binning: 2x2;
2026-08-14T21:59:15.1203|INFO|AutoFocusEngine.cs|StartBlindFocusPoints|884|Waiting on next right movement analysis
2026-08-14T21:59:15.9328|INFO|HocusFocusStarDetection.cs|Detect|413|Average HFR: 1.6599730786148719, HFR MAD: 0.0963009972556732, Detected Stars 193, Region: 0
2026-08-14T21:59:15.9764|INFO|FocuserVM.cs|MoveFocuserInternal|216|Moving Focuser to position 38069
2026-08-14T21:59:31.4130|INFO|CameraVM.cs|Capture|742|Starting Exposure - Exposure Time: 6s; Filter: L-Pro; Gain: 15; Offset 132; Binning: 2x2;
2026-08-14T21:59:38.7258|INFO|AutoFocusEngine.cs|StartBlindFocusPoints|870|Waiting on next left movement analysis
2026-08-14T21:59:39.4186|INFO|HocusFocusStarDetection.cs|Detect|413|Average HFR: 2.90727110053935, HFR MAD: 0.30842243528624813, Detected Stars 234, Region: 0
2026-08-14T21:59:39.6038|INFO|FocuserVM.cs|MoveFocuserInternal|216|Moving Focuser to position 40469
2026-08-14T21:59:57.3703|INFO|CameraVM.cs|Capture|742|Starting Exposure - Exposure Time: 6s; Filter: L-Pro; Gain: 15; Offset 132; Binning: 2x2;
2026-08-14T22:00:04.6926|INFO|AutoFocusEngine.cs|StartBlindFocusPoints|884|Waiting on next right movement analysis
2026-08-14T22:00:05.4284|INFO|HocusFocusStarDetection.cs|Detect|413|Average HFR: 1.7439109363372842, HFR MAD: 0.13691319346577702, Detected Stars 286, Region: 0
2026-08-14T22:00:05.5301|INFO|AutoFocusEngine.cs|StartBlindFocusPoints|823|Enough left trend points (5) with an established minimum (39469) to queue remaining right focus points up to 40269
2026-08-14T22:00:05.5302|INFO|AutoFocusEngine.cs|StartBlindFocusPoints|896|Waiting on remaining AutoFocus analysis tasks
2026-08-14T22:00:05.5437|INFO|FocuserVM.cs|MoveFocuserInternal|216|Moving Focuser to position 39296
2026-08-14T22:00:15.6578|INFO|AutoFocusEngine.cs|ValidateCalculatedFocusPosition|1141|Validating HFR at final focus position 39296
2026-08-14T22:00:15.7750|INFO|CameraVM.cs|Capture|742|Starting Exposure - Exposure Time: 6s; Filter: L-Pro; Gain: 15; Offset 132; Binning: 2x2;
2026-08-14T22:00:23.9294|INFO|HocusFocusStarDetection.cs|Detect|413|Average HFR: 1.6079292399496463, HFR MAD: 0.07001286548124108, Detected Stars 172, Region: 0
2026-08-14T22:00:23.9443|INFO|HocusFocusVM.cs|AutoFocusEngine_Completed|473|AutoFocus completed with focuser starting at 39269 and ending at 39296
2026-08-14T22:00:24.0474|INFO|FocuserMediator.cs|BroadcastSuccessfulAutoFocusRun|46|Autofocus notification received - Temperature 28
2026-08-14T22:00:24.2231|INFO|AutoFocusEngine.cs|PerformPostAutoFocusActions|1022|Re-enabling temperature compensation after AutoFocus
2026-08-14T22:00:24.2783|INFO|SequenceItem.cs|Run|254|Finishing Category: Focheggiatore, Item: RunAutofocus
2026-08-14T22:00:24.2788|INFO|MeridianFlipTrigger.cs|ShouldTrigger|296|Meridian Flip - (Side of Pier usage is disabled) There is still time remaining. Max remaining time 01:37:33.5344471, next instruction time 0, next instruction Category: Telescopio, Item: SolveAndSync
2026-08-14T22:00:24.2791|INFO|SequenceItem.cs|Run|208|Starting Category: Telescopio, Item: SolveAndSync
2026-08-14T22:00:24.6364|INFO|CameraVM.cs|Capture|742|Starting Exposure - Exposure Time: 15s; Filter: L-Pro; Gain: 15; Offset 132; Binning: 1x1;
2026-08-14T22:00:43.8392|WARNING|DeviceUpdateTimer.cs|Run|115|Camera value update cycle took longer than the device poll interval (Total: 4.10s > 2s; Poll: 00:00:04.1004959; Update: 00:00:00.0001880)
2026-08-14T22:00:45.0164|INFO|ImageSolver.cs|Solve|41|Platesolving with parameters: FocalLength: 1260 PixelSize: 4.54 SearchRadius: 30 BlindFailoverEnabled: True Regions: 5000 DownSampleFactor: 2 MaxObjects: 500 Reference Coordinates RA: 19:58:14 Dec: 39° 18' 58" Epoch: J2000
2026-08-14T22:00:45.5562|INFO|BaseImageData.cs|SaveToDisk|346|Saved image to C:\Users\PrimaLuceLab\AppData\Local\NINA\PlateSolver\leq10bkj.blc.fits
2026-08-14T22:00:47.5704|INFO|ImageSolver.cs|Solve|54|Platesolve successful: Coordinates: RA: 20:01:40; Dec: 39° 16' 22"; Epoch: J2000 - Position Angle: 268.7974674864521
2026-08-14T22:00:47.7247|INFO|TelescopeVM.cs|Sync|777|Syncing scope from RA: 19:59:12; Dec: 39° 23' 26"; Epoch: JNOW to RA: 20:02:39; Dec: 39° 20' 57"; Epoch: JNOW
2026-08-14T22:00:52.7268|INFO|SequenceItem.cs|Run|254|Finishing Category: Telescopio, Item: SolveAndSync
2026-08-14T22:00:52.7272|INFO|SequenceItem.cs|Run|254|Finishing Category: * Set di Istruzioni *, Container: NINA.Sequencer.Container.SequentialContainer, Strategy: SequentialStrategy, Items[FINISHED]: 12
2026-08-14T22:00:52.7273|INFO|SequenceItem.cs|Run|254|Finishing Category: * Set di Istruzioni *, Container: NINA.Sequencer.Container.SequentialContainer, Strategy: SequentialStrategy, Items[FINISHED]: 4
2026-08-14T22:00:52.7274|INFO|SequenceItem.cs|Run|254|Finishing Category: * Set di Istruzioni *, Container: NINA.Sequencer.Container.StartAreaContainer, Strategy: SequentialStrategy, Items[FINISHED]: 2
2026-08-14T22:00:52.7276|INFO|MeridianFlipTrigger.cs|ShouldTrigger|296|Meridian Flip - (Side of Pier usage is disabled) There is still time remaining. Max remaining time 01:40:30.5751031, next instruction time 0, next instruction Category: * Set di Istruzioni *, Container: NINA.Sequencer.Container.TargetAreaContainer, Strategy: SequentialStrategy, Items[CREATED]: 2
2026-08-14T22:00:52.7278|INFO|SequenceItem.cs|Run|208|Starting Category: * Set di Istruzioni *, Container: NINA.Sequencer.Container.TargetAreaContainer, Strategy: SequentialStrategy, Items[CREATED]: 2
2026-08-14T22:00:52.7280|INFO|MeridianFlipTrigger.cs|ShouldTrigger|296|Meridian Flip - (Side of Pier usage is disabled) There is still time remaining. Max remaining time 01:40:30.5751031, next instruction time 0, next instruction Category: * Set di Istruzioni *, Container: NINA.Sequencer.Container.SequentialContainer, Strategy: SequentialStrategy, Items[CREATED]: 10
2026-08-14T22:00:52.7281|INFO|SequenceItem.cs|Run|208|Starting Category: * Set di Istruzioni *, Container: NINA.Sequencer.Container.SequentialContainer, Strategy: SequentialStrategy, Items[CREATED]: 10
2026-08-14T22:00:52.7281|INFO|MeridianFlipTrigger.cs|ShouldTrigger|296|Meridian Flip - (Side of Pier usage is disabled) There is still time remaining. Max remaining time 01:40:30.5751031, next instruction time 0, next instruction Category: Utilità, Item: Annotation, Text: This is a Startup Sequence which can be pre-loaded at NINA Start-up.
2026-08-14T22:00:52.7282|INFO|SequenceItem.cs|Run|208|Starting Category: Utilità, Item: Annotation, Text: This is a Startup Sequence which can be pre-loaded at NINA Start-up.
2026-08-14T22:00:52.7282|INFO|SequenceItem.cs|Run|254|Finishing Category: Utilità, Item: Annotation, Text: This is a Startup Sequence which can be pre-loaded at NINA Start-up.
2026-08-14T22:00:52.7283|INFO|MeridianFlipTrigger.cs|ShouldTrigger|296|Meridian Flip - (Side of Pier usage is disabled) There is still time remaining. Max remaining time 01:40:30.5751031, next instruction time 0, next instruction Category: Utilità, Item: Annotation, Text: If you edit this Startup Sequence, you need to save the Entire Sequence using the Save Complete Sequence button at the bottom of the Advanced Sequencer page below.
2026-08-14T22:00:52.7284|INFO|SequenceItem.cs|Run|208|Starting Category: Utilità, Item: Annotation, Text: If you edit this Startup Sequence, you need to save the Entire Sequence using the Save Complete Sequence button at the bottom of the Advanced Sequencer page below.
2026-08-14T22:00:52.7284|INFO|SequenceItem.cs|Run|254|Finishing Category: Utilità, Item: Annotation, Text: If you edit this Startup Sequence, you need to save the Entire Sequence using the Save Complete Sequence button at the bottom of the Advanced Sequencer page below.
2026-08-14T22:00:52.7285|INFO|MeridianFlipTrigger.cs|ShouldTrigger|296|Meridian Flip - (Side of Pier usage is disabled) There is still time remaining. Max remaining time 01:40:30.5751031, next instruction time 0, next instruction Category: Utilità, Item: Annotation, Text: Go to: OPTIONS > IMAGING > SEQUENCE and select this DOME_SAFETY_STARTUP_PA.json file as the STARTUP SEQUENCE TEMPLATE
2026-08-14T22:00:52.7286|INFO|SequenceItem.cs|Run|208|Starting Category: Utilità, Item: Annotation, Text: Go to: OPTIONS > IMAGING > SEQUENCE and select this DOME_SAFETY_STARTUP_PA.json file as the STARTUP SEQUENCE TEMPLATE
2026-08-14T22:00:52.7286|INFO|SequenceItem.cs|Run|254|Finishing Category: Utilità, Item: Annotation, Text: Go to: OPTIONS > IMAGING > SEQUENCE and select this DOME_SAFETY_STARTUP_PA.json file as the STARTUP SEQUENCE TEMPLATE
2026-08-14T22:00:52.7287|INFO|MeridianFlipTrigger.cs|ShouldTrigger|296|Meridian Flip - (Side of Pier usage is disabled) There is still time remaining. Max remaining time 01:40:30.5751031, next instruction time 0, next instruction Category: Utilità, Item: Annotation, Text:      I also find setting COLLAPSE SEQUENCE TEMPLATES BY DEFAULT to ON is quite helpful.  (On the same options page)
2026-08-14T22:00:52.7309|INFO|SequenceItem.cs|Run|208|Starting Category: Utilità, Item: Annotation, Text:      I also find setting COLLAPSE SEQUENCE TEMPLATES BY DEFAULT to ON is quite helpful.  (On the same options page)
2026-08-14T22:00:52.7311|INFO|SequenceItem.cs|Run|254|Finishing Category: Utilità, Item: Annotation, Text:      I also find setting COLLAPSE SEQUENCE TEMPLATES BY DEFAULT to ON is quite helpful.  (On the same options page)
2026-08-14T22:00:52.7314|INFO|MeridianFlipTrigger.cs|ShouldTrigger|296|Meridian Flip - (Side of Pier usage is disabled) There is still time remaining. Max remaining time 01:40:30.5751031, next instruction time 0, next instruction Category: Utilità, Item: Annotation, Text: Any modification of this sequence as a Foundational Startup Template will need to be saved using the buttons at the bottom of this Advanced Sequencer Page below.
2026-08-14T22:00:52.7314|INFO|SequenceItem.cs|Run|208|Starting Category: Utilità, Item: Annotation, Text: Any modification of this sequence as a Foundational Startup Template will need to be saved using the buttons at the bottom of this Advanced Sequencer Page below.
2026-08-14T22:00:52.7315|INFO|SequenceItem.cs|Run|254|Finishing Category: Utilità, Item: Annotation, Text: Any modification of this sequence as a Foundational Startup Template will need to be saved using the buttons at the bottom of this Advanced Sequencer Page below.
2026-08-14T22:00:52.7315|INFO|MeridianFlipTrigger.cs|ShouldTrigger|296|Meridian Flip - (Side of Pier usage is disabled) There is still time remaining. Max remaining time 01:40:30.5751031, next instruction time 0, next instruction Category: Utilità, Item: Annotation, Text: The LOOP_ALL_NIGHT Sequence is a simple Loop until Nautical Dawn. Adjust as desired. This is an outer loop.
2026-08-14T22:00:52.7316|INFO|SequenceItem.cs|Run|208|Starting Category: Utilità, Item: Annotation, Text: The LOOP_ALL_NIGHT Sequence is a simple Loop until Nautical Dawn. Adjust as desired. This is an outer loop.
2026-08-14T22:00:52.7316|INFO|SequenceItem.cs|Run|254|Finishing Category: Utilità, Item: Annotation, Text: The LOOP_ALL_NIGHT Sequence is a simple Loop until Nautical Dawn. Adjust as desired. This is an outer loop.
2026-08-14T22:00:52.7319|INFO|MeridianFlipTrigger.cs|ShouldTrigger|296|Meridian Flip - (Side of Pier usage is disabled) There is still time remaining. Max remaining time 01:40:30.5751031, next instruction time 0, next instruction Category: Utilità, Item: Annotation, Text: The SAFE_LOOP Sequence runs while the System is Safe.
2026-08-14T22:00:52.7319|INFO|SequenceItem.cs|Run|208|Starting Category: Utilità, Item: Annotation, Text: The SAFE_LOOP Sequence runs while the System is Safe.
2026-08-14T22:00:52.7320|INFO|SequenceItem.cs|Run|254|Finishing Category: Utilità, Item: Annotation, Text: The SAFE_LOOP Sequence runs while the System is Safe.
2026-08-14T22:00:52.7321|INFO|MeridianFlipTrigger.cs|ShouldTrigger|296|Meridian Flip - (Side of Pier usage is disabled) There is still time remaining. Max remaining time 01:40:30.5751031, next instruction time 0, next instruction Category: Utilità, Item: Annotation, Text: The UNSAFE Sequence runs when the System is Unsafe and only proceeds back to SAFE_LOOP when it is once again deemed Safe.
2026-08-14T22:00:52.7321|INFO|SequenceItem.cs|Run|208|Starting Category: Utilità, Item: Annotation, Text: The UNSAFE Sequence runs when the System is Unsafe and only proceeds back to SAFE_LOOP when it is once again deemed Safe.
2026-08-14T22:00:52.7322|INFO|SequenceItem.cs|Run|254|Finishing Category: Utilità, Item: Annotation, Text: The UNSAFE Sequence runs when the System is Unsafe and only proceeds back to SAFE_LOOP when it is once again deemed Safe.
2026-08-14T22:00:52.7322|INFO|MeridianFlipTrigger.cs|ShouldTrigger|296|Meridian Flip - (Side of Pier usage is disabled) There is still time remaining. Max remaining time 01:40:30.5751031, next instruction time 0, next instruction Category: Utilità, Item: Annotation, Text: ..... ALL TARGETS should be placed within individual LOOP_ALL_NIGHT > SAFE_LOOP > TARGETS_CONTAINER > TARGET # containers below.....
2026-08-14T22:00:52.7323|INFO|SequenceItem.cs|Run|208|Starting Category: Utilità, Item: Annotation, Text: ..... ALL TARGETS should be placed within individual LOOP_ALL_NIGHT > SAFE_LOOP > TARGETS_CONTAINER > TARGET # containers below.....
2026-08-14T22:00:52.7323|INFO|SequenceItem.cs|Run|254|Finishing Category: Utilità, Item: Annotation, Text: ..... ALL TARGETS should be placed within individual LOOP_ALL_NIGHT > SAFE_LOOP > TARGETS_CONTAINER > TARGET # containers below.....
2026-08-14T22:00:52.7324|INFO|MeridianFlipTrigger.cs|ShouldTrigger|296|Meridian Flip - (Side of Pier usage is disabled) There is still time remaining. Max remaining time 01:40:30.5751031, next instruction time 0, next instruction Category: Utilità, Item: Annotation, Text: Each TARGET # Container should have a looping condition that is identical to the included target sequence.
2026-08-14T22:00:52.7324|INFO|SequenceItem.cs|Run|208|Starting Category: Utilità, Item: Annotation, Text: Each TARGET # Container should have a looping condition that is identical to the included target sequence.
2026-08-14T22:00:52.7325|INFO|SequenceItem.cs|Run|254|Finishing Category: Utilità, Item: Annotation, Text: Each TARGET # Container should have a looping condition that is identical to the included target sequence.
2026-08-14T22:00:52.7325|INFO|SequenceItem.cs|Run|254|Finishing Category: * Set di Istruzioni *, Container: NINA.Sequencer.Container.SequentialContainer, Strategy: SequentialStrategy, Items[FINISHED]: 10
2026-08-14T22:00:52.7336|INFO|MeridianFlipTrigger.cs|ShouldTrigger|296|Meridian Flip - (Side of Pier usage is disabled) There is still time remaining. Max remaining time 01:40:30.5751031, next instruction time 0, next instruction Category: * Set di Istruzioni *, Container: NINA.Sequencer.Container.SequentialContainer, Strategy: SequentialStrategy, Items[CREATED]: 2, Conditions: Condition: TimeCondition, Time: 5:13:7h, 
2026-08-14T22:00:52.7337|INFO|SequenceItem.cs|Run|208|Starting Category: * Set di Istruzioni *, Container: NINA.Sequencer.Container.SequentialContainer, Strategy: SequentialStrategy, Items[CREATED]: 2, Conditions: Condition: TimeCondition, Time: 5:13:7h, 
2026-08-14T22:00:52.7363|INFO|MeridianFlipTrigger.cs|ShouldTrigger|296|Meridian Flip - (Side of Pier usage is disabled) There is still time remaining. Max remaining time 01:40:30.5751031, next instruction time 0, next instruction Category: * Set di Istruzioni *, Container: NINA.Sequencer.Container.SequentialContainer, Strategy: SequentialStrategy, Items[CREATED]: 5, Conditions: Condition: SafetyMonitorCondition, 
2026-08-14T22:00:52.7365|INFO|SequenceItem.cs|Run|208|Starting Category: * Set di Istruzioni *, Container: NINA.Sequencer.Container.SequentialContainer, Strategy: SequentialStrategy, Items[CREATED]: 5, Conditions: Condition: SafetyMonitorCondition, 
2026-08-14T22:00:52.7371|INFO|MeridianFlipTrigger.cs|ShouldTrigger|296|Meridian Flip - (Side of Pier usage is disabled) There is still time remaining. Max remaining time 01:40:30.5751031, next instruction time 0, next instruction Category: * Set di Istruzioni *, Container: NINA.Sequencer.Container.SequentialContainer, Strategy: SequentialStrategy, Items[CREATED]: 7
2026-08-14T22:00:52.7372|INFO|SequenceItem.cs|Run|208|Starting Category: * Set di Istruzioni *, Container: NINA.Sequencer.Container.SequentialContainer, Strategy: SequentialStrategy, Items[CREATED]: 7
2026-08-14T22:00:52.7374|INFO|MeridianFlipTrigger.cs|ShouldTrigger|296|Meridian Flip - (Side of Pier usage is disabled) There is still time remaining. Max remaining time 01:40:30.5751031, next instruction time 0, next instruction Category: Utilità, Item: Annotation, Text: This brief sequence of instructions is required after returning to a Safe condifition from an Unsafe one. It will not negatively affect anything on its initial execution.
2026-08-14T22:00:52.7374|INFO|SequenceItem.cs|Run|208|Starting Category: Utilità, Item: Annotation, Text: This brief sequence of instructions is required after returning to a Safe condifition from an Unsafe one. It will not negatively affect anything on its initial execution.
2026-08-14T22:00:52.7375|INFO|SequenceItem.cs|Run|254|Finishing Category: Utilità, Item: Annotation, Text: This brief sequence of instructions is required after returning to a Safe condifition from an Unsafe one. It will not negatively affect anything on its initial execution.
2026-08-14T22:00:52.7376|INFO|MeridianFlipTrigger.cs|ShouldTrigger|296|Meridian Flip - (Side of Pier usage is disabled) There is still time remaining. Max remaining time 01:40:30.5751031, next instruction time 0, next instruction Category: Utilità, Item: Annotation, Text: The 5 minute wait here can be adjusted as desired. It is here to show 5 minutes of Safety prior to resetting the equipment.
2026-08-14T22:00:52.7376|INFO|SequenceItem.cs|Run|208|Starting Category: Utilità, Item: Annotation, Text: The 5 minute wait here can be adjusted as desired. It is here to show 5 minutes of Safety prior to resetting the equipment.
2026-08-14T22:00:52.7376|INFO|SequenceItem.cs|Run|254|Finishing Category: Utilità, Item: Annotation, Text: The 5 minute wait here can be adjusted as desired. It is here to show 5 minutes of Safety prior to resetting the equipment.
2026-08-14T22:00:52.7378|INFO|MeridianFlipTrigger.cs|ShouldTrigger|296|Meridian Flip - (Side of Pier usage is disabled) There is still time remaining. Max remaining time 01:40:30.5751031, next instruction time 300, next instruction Category: Utilità, Item: WaitForTimeSpan, Time: 300s
2026-08-14T22:00:52.7378|INFO|SequenceItem.cs|Run|208|Starting Category: Utilità, Item: WaitForTimeSpan, Time: 300s
2026-08-14T22:01:09.0019|INFO|MeridianFlipTrigger.cs|ShouldTrigger|296|Meridian Flip - (Side of Pier usage is disabled) There is still time remaining. Max remaining time 01:40:14.5124273, next instruction time 0, next instruction Category: Osservatorio, Item: OpenDomeShutter
2026-08-14T22:01:09.0020|INFO|SequenceItem.cs|Run|208|Starting Category: Osservatorio, Item: OpenDomeShutter
2026-08-14T22:01:09.0023|INFO|SequenceItem.cs|Run|254|Finishing Category: Osservatorio, Item: OpenDomeShutter
2026-08-14T22:01:09.0024|INFO|MeridianFlipTrigger.cs|ShouldTrigger|296|Meridian Flip - (Side of Pier usage is disabled) There is still time remaining. Max remaining time 01:40:14.5124273, next instruction time 0, next instruction Category: Telescopio, Item: UnparkScope
2026-08-14T22:01:09.0025|INFO|SequenceItem.cs|Run|208|Starting Category: Telescopio, Item: UnparkScope
2026-08-14T22:01:09.0025|INFO|TelescopeVM.cs|UnparkTelescope|232|Mount ordered to unpark
2026-08-14T22:01:09.0182|INFO|TelescopeVM.cs|UnparkTelescope|277|Mount is already unparked
2026-08-14T22:01:09.0183|INFO|TelescopeVM.cs|UnparkTelescope|282|Mount has unparked
2026-08-14T22:01:09.0183|INFO|SequenceItem.cs|Run|254|Finishing Category: Telescopio, Item: UnparkScope
2026-08-14T22:01:09.0587|INFO|MeridianFlipTrigger.cs|ShouldTrigger|296|Meridian Flip - (Side of Pier usage is disabled) There is still time remaining. Max remaining time 01:40:14.5124273, next instruction time 0, next instruction Category: Apparato per i Flat, Item: OpenCover
2026-08-14T22:01:09.0588|INFO|SequenceItem.cs|Run|208|Starting Category: Apparato per i Flat, Item: OpenCover
2026-08-14T22:01:09.0655|INFO|SequenceItem.cs|Run|254|Finishing Category: Apparato per i Flat, Item: OpenCover
2026-08-14T22:01:09.0659|INFO|MeridianFlipTrigger.cs|ShouldTrigger|296|Meridian Flip - (Side of Pier usage is disabled) There is still time remaining. Max remaining time 01:40:14.5124273, next instruction time 0, next instruction Category: Telescopio, Item: SetTracking, TrackingMode: Sidereal
2026-08-14T22:01:09.0660|INFO|SequenceItem.cs|Run|208|Starting Category: Telescopio, Item: SetTracking, TrackingMode: Sidereal
2026-08-14T22:01:09.0800|INFO|SequenceItem.cs|Run|254|Finishing Category: Telescopio, Item: SetTracking, TrackingMode: Sidereal
2026-08-14T22:01:09.0803|INFO|SequenceItem.cs|Run|254|Finishing Category: * Set di Istruzioni *, Container: NINA.Sequencer.Container.SequentialContainer, Strategy: SequentialStrategy, Items[FINISHED]: 6, Items[SKIPPED]: 1
2026-08-14T22:01:09.0805|INFO|MeridianFlipTrigger.cs|ShouldTrigger|296|Meridian Flip - (Side of Pier usage is disabled) There is still time remaining. Max remaining time 01:40:14.5124273, next instruction time 0, next instruction Category: * Set di Istruzioni *, Container: NINA.Sequencer.Container.SequentialContainer, Strategy: SequentialStrategy, Items[CREATED]: 2
2026-08-14T22:01:09.0806|INFO|SequenceItem.cs|Run|208|Starting Category: * Set di Istruzioni *, Container: NINA.Sequencer.Container.SequentialContainer, Strategy: SequentialStrategy, Items[CREATED]: 2
2026-08-14T22:01:09.0807|INFO|MeridianFlipTrigger.cs|ShouldTrigger|296|Meridian Flip - (Side of Pier usage is disabled) There is still time remaining. Max remaining time 01:40:14.5124273, next instruction time 0, next instruction Category: Utilità, Item: Annotation, Text: BE SURE TO MATCH EACH TARGET CONTAINER LOOP CONDITION TO THE NESTED TARGET SEQUENCE LOOP CONDITION
2026-08-14T22:01:09.0808|INFO|SequenceItem.cs|Run|208|Starting Category: Utilità, Item: Annotation, Text: BE SURE TO MATCH EACH TARGET CONTAINER LOOP CONDITION TO THE NESTED TARGET SEQUENCE LOOP CONDITION
2026-08-14T22:01:09.0808|INFO|SequenceItem.cs|Run|254|Finishing Category: Utilità, Item: Annotation, Text: BE SURE TO MATCH EACH TARGET CONTAINER LOOP CONDITION TO THE NESTED TARGET SEQUENCE LOOP CONDITION
2026-08-14T22:01:09.0809|INFO|MeridianFlipTrigger.cs|ShouldTrigger|296|Meridian Flip - (Side of Pier usage is disabled) There is still time remaining. Max remaining time 01:40:14.5124273, next instruction time 0, next instruction Category: * Set di Istruzioni *, Container: NINA.Sequencer.Container.SequentialContainer, Strategy: SequentialStrategy, Items[CREATED]: 3, Conditions: Condition: TimeCondition, Time: 5:13:7h, 
2026-08-14T22:01:09.0810|INFO|SequenceItem.cs|Run|208|Starting Category: * Set di Istruzioni *, Container: NINA.Sequencer.Container.SequentialContainer, Strategy: SequentialStrategy, Items[CREATED]: 3, Conditions: Condition: TimeCondition, Time: 5:13:7h, 
2026-08-14T22:01:09.0812|INFO|MeridianFlipTrigger.cs|ShouldTrigger|296|Meridian Flip - (Side of Pier usage is disabled) There is still time remaining. Max remaining time 01:40:14.5124273, next instruction time 0, next instruction Category: Utilità, Item: Annotation, Text: PLACE YOUR ...FIRST... TARGET SEQUENCE OF THE NIGHT ...BELOW... THIS LINE
2026-08-14T22:01:09.0813|INFO|SequenceItem.cs|Run|208|Starting Category: Utilità, Item: Annotation, Text: PLACE YOUR ...FIRST... TARGET SEQUENCE OF THE NIGHT ...BELOW... THIS LINE
2026-08-14T22:01:09.0813|INFO|SequenceItem.cs|Run|254|Finishing Category: Utilità, Item: Annotation, Text: PLACE YOUR ...FIRST... TARGET SEQUENCE OF THE NIGHT ...BELOW... THIS LINE
2026-08-14T22:01:09.0814|INFO|MeridianFlipTrigger.cs|ShouldTrigger|296|Meridian Flip - (Side of Pier usage is disabled) There is still time remaining. Max remaining time 01:40:14.5124273, next instruction time 0, next instruction Category: Utilità, Item: Annotation, Text: PLACE YOUR ...FIRST... TARGET SEQUENCE OF THE NIGHT ...ABOVE... THIS LINE
2026-08-14T22:01:09.0815|INFO|SequenceItem.cs|Run|208|Starting Category: Utilità, Item: Annotation, Text: PLACE YOUR ...FIRST... TARGET SEQUENCE OF THE NIGHT ...ABOVE... THIS LINE
2026-08-14T22:01:09.0815|INFO|SequenceItem.cs|Run|254|Finishing Category: Utilità, Item: Annotation, Text: PLACE YOUR ...FIRST... TARGET SEQUENCE OF THE NIGHT ...ABOVE... THIS LINE
2026-08-14T22:01:09.0832|INFO|MeridianFlipTrigger.cs|ShouldTrigger|296|Meridian Flip - (Side of Pier usage is disabled) There is still time remaining. Max remaining time 01:40:14.5124273, next instruction time 0, next instruction Category: * Set di Istruzioni *, Container: NINA.Sequencer.Container.DeepSkyObjectContainer, Strategy: SequentialStrategy, Items[CREATED]: 4, Triggers: Trigger: CenterAfterDriftTrigger, DistanceArcMinutes: 3, Target: M 27 RA: 19:59:36; Dec: 22° 43' 16"; Epoch: J2000 0
2026-08-14T22:01:09.0836|INFO|SequenceItem.cs|Run|208|Starting Category: * Set di Istruzioni *, Container: NINA.Sequencer.Container.DeepSkyObjectContainer, Strategy: SequentialStrategy, Items[CREATED]: 4, Triggers: Trigger: CenterAfterDriftTrigger, DistanceArcMinutes: 3, Target: M 27 RA: 19:59:36; Dec: 22° 43' 16"; Epoch: J2000 0
2026-08-14T22:01:09.0892|INFO|MeridianFlipTrigger.cs|ShouldTrigger|296|Meridian Flip - (Side of Pier usage is disabled) There is still time remaining. Max remaining time 01:40:14.5124273, next instruction time 0, next instruction Category: Telescopio, Item: Center, Coordinates RA: 19:59:36; Dec: 22° 43' 16"; Epoch: J2000
2026-08-14T22:01:09.0895|INFO|SequenceItem.cs|Run|208|Starting Category: Telescopio, Item: Center, Coordinates RA: 19:59:36; Dec: 22° 43' 16"; Epoch: J2000
2026-08-14T22:01:09.2954|INFO|PHD2Guider.cs|StopGuiding|704|Phd2 - Stop Guiding skipped, as the app is already in state Stopped
2026-08-14T22:01:09.4043|INFO|TelescopeVM.cs|SlewAsyncInternal|910|Slewing from RA: 20:02:39; Dec: 39° 20' 57"; Epoch: JNOW to RA: 20:00:47; Dec: 22° 47' 47"; Epoch: JNOW - Alt: 61° 19' 59"; Az: 125° 25' 48"
2026-08-14T22:01:28.9280|INFO|CameraVM.cs|Capture|742|Starting Exposure - Exposure Time: 15s; Filter: L-Pro; Gain: 15; Offset 132; Binning: 1x1;
2026-08-14T22:01:49.1877|INFO|ImageSolver.cs|Solve|41|Platesolving with parameters: FocalLength: 1260 PixelSize: 4.54 SearchRadius: 30 BlindFailoverEnabled: True Regions: 5000 DownSampleFactor: 2 MaxObjects: 500 Reference Coordinates RA: 19:59:36 Dec: 22° 43' 16" Epoch: J2000
2026-08-14T22:01:49.4777|INFO|BaseImageData.cs|SaveToDisk|346|Saved image to C:\Users\PrimaLuceLab\AppData\Local\NINA\PlateSolver\4nzzvfdg.32g.fits
2026-08-14T22:01:51.0454|INFO|ImageSolver.cs|Solve|54|Platesolve successful: Coordinates: RA: 20:02:33; Dec: 22° 43' 48"; Epoch: J2000 - Position Angle: 268.84589982183445
2026-08-14T22:01:51.0507|INFO|CenteringSolver.cs|Center|99|Centering Solver - Scope Position: RA: 20:00:47; Dec: 22° 47' 47"; Epoch: JNOW; Offset: RA: 00:00:00; Dec: 00° 00' 00"; Distance: 00° 00' 00"; Bearing: 00° 00' 00"; Centering Coordinates: RA: 20:00:47; Dec: 22° 47' 47"; Epoch: JNOW; Solved: RA: 20:03:44; Dec: 22° 48' 24"; Epoch: JNOW; Separation RA: -00:02:57; Dec: -00° 00' 38"; Distance: 00° 40' 49"; Bearing: -88° 58' 42"; Threshold: 1
2026-08-14T22:01:51.2462|INFO|TelescopeVM.cs|Sync|777|Syncing scope from RA: 20:00:47; Dec: 22° 47' 47"; Epoch: JNOW to RA: 20:03:44; Dec: 22° 48' 24"; Epoch: JNOW
2026-08-14T22:01:56.2470|INFO|CenteringSolver.cs|Center|132|Slewing to target after sync. Current Position: RA: 20:03:45; Dec: 22° 48' 24"; Epoch: JNOW; Target coordinates: RA: 20:00:47; Dec: 22° 47' 47"; Epoch: JNOW; Offset RA: 00:00:00; Dec: 00° 00' 00"; Distance: 00° 00' 00"; Bearing: 00° 00' 00"
2026-08-14T22:01:56.2547|INFO|TelescopeVM.cs|SlewAsyncInternal|910|Slewing from RA: 20:03:45; Dec: 22° 48' 24"; Epoch: JNOW to RA: 20:00:47; Dec: 22° 47' 47"; Epoch: JNOW - Alt: 61° 27' 03"; Az: 125° 43' 00"
2026-08-14T22:02:10.6095|INFO|CameraVM.cs|Capture|742|Starting Exposure - Exposure Time: 15s; Filter: L-Pro; Gain: 15; Offset 132; Binning: 1x1;
2026-08-14T22:02:30.8590|INFO|ImageSolver.cs|Solve|41|Platesolving with parameters: FocalLength: 1260 PixelSize: 4.54 SearchRadius: 30 BlindFailoverEnabled: True Regions: 5000 DownSampleFactor: 2 MaxObjects: 500 Reference Coordinates RA: 19:59:36 Dec: 22° 43' 16" Epoch: J2000
2026-08-14T22:02:31.1185|INFO|BaseImageData.cs|SaveToDisk|346|Saved image to C:\Users\PrimaLuceLab\AppData\Local\NINA\PlateSolver\mpwdbmbp.2x4.fits
2026-08-14T22:02:32.5912|INFO|ImageSolver.cs|Solve|54|Platesolve successful: Coordinates: RA: 19:59:37; Dec: 22° 43' 29"; Epoch: J2000 - Position Angle: 268.848861415384
2026-08-14T22:02:32.6159|INFO|CenteringSolver.cs|Center|99|Centering Solver - Scope Position: RA: 20:00:47; Dec: 22° 47' 46"; Epoch: JNOW; Offset: RA: 00:00:00; Dec: 00° 00' 00"; Distance: 00° 00' 00"; Bearing: 00° 00' 00"; Centering Coordinates: RA: 20:00:47; Dec: 22° 47' 47"; Epoch: JNOW; Solved: RA: 20:00:47; Dec: 22° 48' 00"; Epoch: JNOW; Separation RA: -00:00:00; Dec: -00° 00' 13"; Distance: 00° 00' 14"; Bearing: -19° 23' 21"; Threshold: 1
2026-08-14T22:02:32.6167|INFO|CenteringSolver.cs|Center|165|Restoring filter to L-Pro after centering
2026-08-14T22:02:32.7521|INFO|SequenceItem.cs|Run|254|Finishing Category: Telescopio, Item: Center, Coordinates RA: 19:59:36; Dec: 22° 43' 16"; Epoch: J2000
2026-08-14T22:02:32.7532|INFO|MeridianFlipTrigger.cs|ShouldTrigger|296|Meridian Flip - (Side of Pier usage is disabled) There is still time remaining. Max remaining time 01:36:58.2104383, next instruction time 0, next instruction Category: Guida, Item: StartGuiding
2026-08-14T22:02:32.7535|INFO|SequenceItem.cs|Run|208|Starting Category: Guida, Item: StartGuiding
2026-08-14T22:02:32.8928|INFO|PHD2Guider.cs|TryStartGuideCommand|641|Phd2 - Requesting to start guiding. Recalibrate: False
2026-08-14T22:02:57.7955|INFO|SequenceItem.cs|Run|254|Finishing Category: Guida, Item: StartGuiding
2026-08-14T22:02:57.8046|INFO|MeridianFlipTrigger.cs|ShouldTrigger|296|Meridian Flip - (Side of Pier usage is disabled) There is still time remaining. Max remaining time 01:36:34.1664681, next instruction time 300, next instruction Category: Utilità, Item: WaitForTimeSpan, Time: 300s
2026-08-14T22:02:57.8047|INFO|SequenceItem.cs|Run|208|Starting Category: Utilità, Item: WaitForTimeSpan, Time: 300s
2026-08-14T22:07:59.1382|INFO|SequenceItem.cs|Run|254|Finishing Category: Utilità, Item: WaitForTimeSpan, Time: 300s
2026-08-14T22:07:59.1397|INFO|MeridianFlipTrigger.cs|ShouldTrigger|296|Meridian Flip - (Side of Pier usage is disabled) There is still time remaining. Max remaining time 01:31:31.5263704, next instruction time 600, next instruction Category: Fotocamera, Container: NINA.Sequencer.SequenceItem.Imaging.SmartExposure, Strategy: SequentialStrategy, Items[CREATED]: 2, Conditions: Condition: LoopCondition, Iterations: 0/45, , Triggers: Trigger: DitherAfterExposures, After Exposures: 1
2026-08-14T22:07:59.1400|INFO|SequenceItem.cs|Run|208|Starting Category: Fotocamera, Container: NINA.Sequencer.SequenceItem.Imaging.SmartExposure, Strategy: SequentialStrategy, Items[CREATED]: 2, Conditions: Condition: LoopCondition, Iterations: 0/45, , Triggers: Trigger: DitherAfterExposures, After Exposures: 1
2026-08-14T22:07:59.1419|INFO|MeridianFlipTrigger.cs|ShouldTrigger|296|Meridian Flip - (Side of Pier usage is disabled) There is still time remaining. Max remaining time 01:31:31.5263704, next instruction time 0, next instruction Category: Ruota porta filtri, Item: SwitchFilter, Filter: L-Pro
2026-08-14T22:07:59.1421|INFO|SequenceItem.cs|Run|208|Starting Category: Ruota porta filtri, Item: SwitchFilter, Filter: L-Pro
2026-08-14T22:07:59.2535|INFO|SequenceItem.cs|Run|254|Finishing Category: Ruota porta filtri, Item: SwitchFilter, Filter: L-Pro
2026-08-14T22:07:59.2549|INFO|MeridianFlipTrigger.cs|ShouldTrigger|296|Meridian Flip - (Side of Pier usage is disabled) There is still time remaining. Max remaining time 01:31:31.5263704, next instruction time 600, next instruction Category: Fotocamera, Item: TakeExposure, ExposureTime 600, Gain 15, Offset 132, ImageType LIGHT, Binning 1x1
2026-08-14T22:07:59.2570|INFO|SequenceTrigger.cs|Run|114|Starting Trigger: RestoreGuiding
2026-08-14T22:07:59.2636|INFO|SequenceItem.cs|Run|208|Starting Category: * Set di Istruzioni *, Container: NINA.Sequencer.Container.SequentialContainer, Strategy: SequentialStrategy, Items[CREATED]: 1
2026-08-14T22:07:59.2640|INFO|SequenceItem.cs|Run|208|Starting Category: Guida, Item: StartGuiding
2026-08-14T22:07:59.3510|INFO|PHD2Guider.cs|StartGuidingPrivate|504|Phd2 - App is already guiding. Skipping start guiding
2026-08-14T22:07:59.3511|INFO|SequenceItem.cs|Run|254|Finishing Category: Guida, Item: StartGuiding
2026-08-14T22:07:59.3513|INFO|SequenceItem.cs|Run|254|Finishing Category: * Set di Istruzioni *, Container: NINA.Sequencer.Container.SequentialContainer, Strategy: SequentialStrategy, Items[FINISHED]: 1
2026-08-14T22:07:59.3550|INFO|SequenceItem.cs|Run|208|Starting Category: Fotocamera, Item: TakeExposure, ExposureTime 600, Gain 15, Offset 132, ImageType LIGHT, Binning 1x1
2026-08-14T22:07:59.3601|INFO|CameraVM.cs|Capture|742|Starting Exposure - Exposure Time: 600s; Filter: ; Gain: 15; Offset 132; Binning: 1x1;
2026-08-14T22:18:05.5551|WARNING|DeviceUpdateTimer.cs|Run|115|Camera value update cycle took longer than the device poll interval (Total: 10.10s > 2s; Poll: 00:00:10.0981996; Update: 00:00:00.0000769)
2026-08-14T22:18:05.5589|INFO|SequenceItem.cs|Run|254|Finishing Category: Fotocamera, Item: TakeExposure, ExposureTime 600, Gain 15, Offset 132, ImageType LIGHT, Binning 1x1
2026-08-14T22:18:05.5599|INFO|MeridianFlipTrigger.cs|ShouldTrigger|296|Meridian Flip - (Side of Pier usage is disabled) There is still time remaining. Max remaining time 01:21:24.1680293, next instruction time 0, next instruction Category: Ruota porta filtri, Item: SwitchFilter, Filter: L-Pro
2026-08-14T22:18:05.5600|INFO|SequenceItem.cs|Run|208|Starting Category: Ruota porta filtri, Item: SwitchFilter, Filter: L-Pro
2026-08-14T22:18:05.8934|INFO|SequenceItem.cs|Run|254|Finishing Category: Ruota porta filtri, Item: SwitchFilter, Filter: L-Pro
2026-08-14T22:18:05.8958|INFO|SequenceTrigger.cs|Run|114|Starting Trigger: DitherAfterExposures, After Exposures: 1
2026-08-14T22:18:05.8967|INFO|SequenceItem.cs|Run|208|Starting Category: * Set di Istruzioni *, Container: NINA.Sequencer.Container.SequentialContainer, Strategy: SequentialStrategy, Items[CREATED]: 1
2026-08-14T22:18:05.8972|INFO|SequenceItem.cs|Run|208|Starting Category: Guida, Item: Dither
2026-08-14T22:18:08.1193|INFO|BaseImageData.cs|SaveToDisk|346|Saved image to D:\Images NINA\Target\LIGHT_1x1_600.00s_15_132_M 27_Celestron C8__-9.96C_L-Pro_0034_2026-08-14_22-07-59_FWHM_NaN_Fok_39296.xisf
2026-08-14T22:18:08.1199|INFO|ImageSaveController.cs|DoWork|97|Successfully saved file at D:\Images NINA\Target\LIGHT_1x1_600.00s_15_132_M 27_Celestron C8__-9.96C_L-Pro_0034_2026-08-14_22-07-59_FWHM_NaN_Fok_39296.xisf. Duration Total: 00:00:02.2667886; BeforeSave: 00:00:00.0037855; BeforeFinalizeImageSaved: 00:00:01.5720626; FinalizeSaveTime: 00:00:00.6909398
2026-08-14T22:18:09.8359|WARNING|DeviceUpdateTimer.cs|Run|115|Focuser value update cycle took longer than the device poll interval (Total: 2.38s > 2s; Poll: 00:00:02.3103078; Update: 00:00:00.0662384)
2026-08-14T22:18:09.9370|WARNING|DeviceUpdateTimer.cs|Run|115|Mount value update cycle took longer than the device poll interval (Total: 3.12s > 2s; Poll: 00:00:03.1208717; Update: 00:00:00.0001067)
2026-08-14T22:18:24.9066|INFO|SequenceItem.cs|Run|254|Finishing Category: Guida, Item: Dither
2026-08-14T22:18:24.9070|INFO|SequenceItem.cs|Run|254|Finishing Category: * Set di Istruzioni *, Container: NINA.Sequencer.Container.SequentialContainer, Strategy: SequentialStrategy, Items[FINISHED]: 1
2026-08-14T22:18:24.9075|INFO|MeridianFlipTrigger.cs|ShouldTrigger|296|Meridian Flip - (Side of Pier usage is disabled) There is still time remaining. Max remaining time 01:21:03.0431384, next instruction time 600, next instruction Category: Fotocamera, Item: TakeExposure, ExposureTime 600, Gain 15, Offset 132, ImageType LIGHT, Binning 1x1
2026-08-14T22:18:24.9078|INFO|SequenceTrigger.cs|Run|114|Starting Trigger: RestoreGuiding
2026-08-14T22:18:24.9079|INFO|SequenceItem.cs|Run|208|Starting Category: * Set di Istruzioni *, Container: NINA.Sequencer.Container.SequentialContainer, Strategy: SequentialStrategy, Items[CREATED]: 1
2026-08-14T22:18:24.9080|INFO|SequenceItem.cs|Run|208|Starting Category: Guida, Item: StartGuiding
2026-08-14T22:18:24.9544|INFO|PHD2Guider.cs|StartGuidingPrivate|504|Phd2 - App is already guiding. Skipping start guiding
2026-08-14T22:18:24.9546|INFO|SequenceItem.cs|Run|254|Finishing Category: Guida, Item: StartGuiding
2026-08-14T22:18:24.9548|INFO|SequenceItem.cs|Run|254|Finishing Category: * Set di Istruzioni *, Container: NINA.Sequencer.Container.SequentialContainer, Strategy: SequentialStrategy, Items[FINISHED]: 1
2026-08-14T22:18:24.9687|INFO|SequenceItem.cs|Run|208|Starting Category: Fotocamera, Item: TakeExposure, ExposureTime 600, Gain 15, Offset 132, ImageType LIGHT, Binning 1x1
2026-08-14T22:18:24.9692|INFO|CameraVM.cs|Capture|742|Starting Exposure - Exposure Time: 600s; Filter: ; Gain: 15; Offset 132; Binning: 1x1;
2026-08-14T22:28:31.1468|WARNING|DeviceUpdateTimer.cs|Run|115|Camera value update cycle took longer than the device poll interval (Total: 11.41s > 2s; Poll: 00:00:11.4061688; Update: 00:00:00.0001227)
2026-08-14T22:28:31.2126|INFO|SequenceItem.cs|Run|254|Finishing Category: Fotocamera, Item: TakeExposure, ExposureTime 600, Gain 15, Offset 132, ImageType LIGHT, Binning 1x1
2026-08-14T22:28:31.2130|INFO|MeridianFlipTrigger.cs|ShouldTrigger|296|Meridian Flip - (Side of Pier usage is disabled) There is still time remaining. Max remaining time 01:10:55.7677123, next instruction time 0, next instruction Category: Ruota porta filtri, Item: SwitchFilter, Filter: L-Pro
2026-08-14T22:28:31.2131|INFO|SequenceItem.cs|Run|208|Starting Category: Ruota porta filtri, Item: SwitchFilter, Filter: L-Pro
2026-08-14T22:28:31.5164|INFO|SequenceItem.cs|Run|254|Finishing Category: Ruota porta filtri, Item: SwitchFilter, Filter: L-Pro
2026-08-14T22:28:31.5171|INFO|SequenceTrigger.cs|Run|114|Starting Trigger: DitherAfterExposures, After Exposures: 1
2026-08-14T22:28:31.5172|INFO|SequenceItem.cs|Run|208|Starting Category: * Set di Istruzioni *, Container: NINA.Sequencer.Container.SequentialContainer, Strategy: SequentialStrategy, Items[CREATED]: 1
2026-08-14T22:28:31.5173|INFO|SequenceItem.cs|Run|208|Starting Category: Guida, Item: Dither
2026-08-14T22:28:33.8691|INFO|BaseImageData.cs|SaveToDisk|346|Saved image to D:\Images NINA\Target\LIGHT_1x1_600.00s_15_132_M 27_Celestron C8__-9.96C_L-Pro_0035_2026-08-14_22-18-25_FWHM_NaN_Fok_39296.xisf
2026-08-14T22:28:33.8692|INFO|ImageSaveController.cs|DoWork|97|Successfully saved file at D:\Images NINA\Target\LIGHT_1x1_600.00s_15_132_M 27_Celestron C8__-9.96C_L-Pro_0035_2026-08-14_22-18-25_FWHM_NaN_Fok_39296.xisf. Duration Total: 00:00:01.8464110; BeforeSave: 00:00:00.0001435; BeforeFinalizeImageSaved: 00:00:01.7704205; FinalizeSaveTime: 00:00:00.0758464
2026-08-14T22:28:52.7600|INFO|SequenceItem.cs|Run|254|Finishing Category: Guida, Item: Dither
2026-08-14T22:28:52.7606|INFO|SequenceItem.cs|Run|254|Finishing Category: * Set di Istruzioni *, Container: NINA.Sequencer.Container.SequentialContainer, Strategy: SequentialStrategy, Items[FINISHED]: 1
2026-08-14T22:28:52.7607|INFO|MeridianFlipTrigger.cs|ShouldTrigger|296|Meridian Flip - (Side of Pier usage is disabled) There is still time remaining. Max remaining time 01:10:33.0113579, next instruction time 600, next instruction Category: Fotocamera, Item: TakeExposure, ExposureTime 600, Gain 15, Offset 132, ImageType LIGHT, Binning 1x1
2026-08-14T22:28:52.7608|INFO|SequenceTrigger.cs|Run|114|Starting Trigger: RestoreGuiding
2026-08-14T22:28:52.7609|INFO|SequenceItem.cs|Run|208|Starting Category: * Set di Istruzioni *, Container: NINA.Sequencer.Container.SequentialContainer, Strategy: SequentialStrategy, Items[CREATED]: 1
2026-08-14T22:28:52.7609|INFO|SequenceItem.cs|Run|208|Starting Category: Guida, Item: StartGuiding
2026-08-14T22:28:52.8405|INFO|PHD2Guider.cs|StartGuidingPrivate|504|Phd2 - App is already guiding. Skipping start guiding
2026-08-14T22:28:52.8467|INFO|SequenceItem.cs|Run|254|Finishing Category: Guida, Item: StartGuiding
2026-08-14T22:28:52.8488|INFO|SequenceItem.cs|Run|254|Finishing Category: * Set di Istruzioni *, Container: NINA.Sequencer.Container.SequentialContainer, Strategy: SequentialStrategy, Items[FINISHED]: 1
2026-08-14T22:28:52.8492|INFO|SequenceItem.cs|Run|208|Starting Category: Fotocamera, Item: TakeExposure, ExposureTime 600, Gain 15, Offset 132, ImageType LIGHT, Binning 1x1
2026-08-14T22:28:52.8496|INFO|CameraVM.cs|Capture|742|Starting Exposure - Exposure Time: 600s; Filter: ; Gain: 15; Offset 132; Binning: 1x1;
2026-08-14T22:38:59.0345|WARNING|DeviceUpdateTimer.cs|Run|115|Camera value update cycle took longer than the device poll interval (Total: 11.20s > 2s; Poll: 00:00:11.2017723; Update: 00:00:00.0001226)
2026-08-14T22:38:59.0355|INFO|SequenceItem.cs|Run|254|Finishing Category: Fotocamera, Item: TakeExposure, ExposureTime 600, Gain 15, Offset 132, ImageType LIGHT, Binning 1x1
2026-08-14T22:38:59.0359|INFO|MeridianFlipTrigger.cs|ShouldTrigger|296|Meridian Flip - (Side of Pier usage is disabled) There is still time remaining. Max remaining time 01:00:27.5931478, next instruction time 0, next instruction Category: Ruota porta filtri, Item: SwitchFilter, Filter: L-Pro
2026-08-14T22:38:59.0360|INFO|SequenceItem.cs|Run|208|Starting Category: Ruota porta filtri, Item: SwitchFilter, Filter: L-Pro
2026-08-14T22:38:59.2151|INFO|SequenceItem.cs|Run|254|Finishing Category: Ruota porta filtri, Item: SwitchFilter, Filter: L-Pro
2026-08-14T22:38:59.2155|INFO|SequenceTrigger.cs|Run|114|Starting Trigger: DitherAfterExposures, After Exposures: 1
2026-08-14T22:38:59.2156|INFO|SequenceItem.cs|Run|208|Starting Category: * Set di Istruzioni *, Container: NINA.Sequencer.Container.SequentialContainer, Strategy: SequentialStrategy, Items[CREATED]: 1
2026-08-14T22:38:59.2156|INFO|SequenceItem.cs|Run|208|Starting Category: Guida, Item: Dither
2026-08-14T22:39:01.7014|INFO|BaseImageData.cs|SaveToDisk|346|Saved image to D:\Images NINA\Target\LIGHT_1x1_600.00s_15_132_M 27_Celestron C8__-9.96C_L-Pro_0036_2026-08-14_22-28-52_FWHM_NaN_Fok_39296.xisf
2026-08-14T22:39:01.7015|INFO|ImageSaveController.cs|DoWork|97|Successfully saved file at D:\Images NINA\Target\LIGHT_1x1_600.00s_15_132_M 27_Celestron C8__-9.96C_L-Pro_0036_2026-08-14_22-28-52_FWHM_NaN_Fok_39296.xisf. Duration Total: 00:00:02.3823656; BeforeSave: 00:00:00.0001537; BeforeFinalizeImageSaved: 00:00:02.3477231; FinalizeSaveTime: 00:00:00.0344882
2026-08-14T22:39:03.1176|WARNING|DeviceUpdateTimer.cs|Run|115|Mount value update cycle took longer than the device poll interval (Total: 4.09s > 2s; Poll: 00:00:04.0893148; Update: 00:00:00.0001819)
2026-08-14T22:39:15.6251|INFO|SequenceItem.cs|Run|254|Finishing Category: Guida, Item: Dither
2026-08-14T22:39:15.6253|INFO|SequenceItem.cs|Run|254|Finishing Category: * Set di Istruzioni *, Container: NINA.Sequencer.Container.SequentialContainer, Strategy: SequentialStrategy, Items[FINISHED]: 1
2026-08-14T22:39:15.6255|INFO|MeridianFlipTrigger.cs|ShouldTrigger|296|Meridian Flip - (Side of Pier usage is disabled) There is still time remaining. Max remaining time 01:00:10.1642608, next instruction time 600, next instruction Category: Fotocamera, Item: TakeExposure, ExposureTime 600, Gain 15, Offset 132, ImageType LIGHT, Binning 1x1
2026-08-14T22:39:15.6255|INFO|SequenceTrigger.cs|Run|114|Starting Trigger: RestoreGuiding
2026-08-14T22:39:15.6256|INFO|SequenceItem.cs|Run|208|Starting Category: * Set di Istruzioni *, Container: NINA.Sequencer.Container.SequentialContainer, Strategy: SequentialStrategy, Items[CREATED]: 1
2026-08-14T22:39:15.6257|INFO|SequenceItem.cs|Run|208|Starting Category: Guida, Item: StartGuiding
2026-08-14T22:39:15.6628|INFO|PHD2Guider.cs|StartGuidingPrivate|504|Phd2 - App is already guiding. Skipping start guiding
2026-08-14T22:39:15.6630|INFO|SequenceItem.cs|Run|254|Finishing Category: Guida, Item: StartGuiding
2026-08-14T22:39:15.6663|INFO|SequenceItem.cs|Run|254|Finishing Category: * Set di Istruzioni *, Container: NINA.Sequencer.Container.SequentialContainer, Strategy: SequentialStrategy, Items[FINISHED]: 1
2026-08-14T22:39:15.6665|INFO|SequenceItem.cs|Run|208|Starting Category: Fotocamera, Item: TakeExposure, ExposureTime 600, Gain 15, Offset 132, ImageType LIGHT, Binning 1x1
2026-08-14T22:39:15.6669|INFO|CameraVM.cs|Capture|742|Starting Exposure - Exposure Time: 600s; Filter: ; Gain: 15; Offset 132; Binning: 1x1;
2026-08-14T22:49:21.8688|WARNING|DeviceUpdateTimer.cs|Run|115|Camera value update cycle took longer than the device poll interval (Total: 9.62s > 2s; Poll: 00:00:09.6214490; Update: 00:00:00.0002174)
2026-08-14T22:49:21.8905|INFO|SequenceItem.cs|Run|254|Finishing Category: Fotocamera, Item: TakeExposure, ExposureTime 600, Gain 15, Offset 132, ImageType LIGHT, Binning 1x1
2026-08-14T22:49:21.8909|INFO|MeridianFlipTrigger.cs|ShouldTrigger|296|Meridian Flip - (Side of Pier usage is disabled) There is still time remaining. Max remaining time 00:50:02.0520220, next instruction time 0, next instruction Category: Ruota porta filtri, Item: SwitchFilter, Filter: L-Pro
2026-08-14T22:49:21.8910|INFO|SequenceItem.cs|Run|208|Starting Category: Ruota porta filtri, Item: SwitchFilter, Filter: L-Pro
2026-08-14T22:49:22.0129|INFO|SequenceItem.cs|Run|254|Finishing Category: Ruota porta filtri, Item: SwitchFilter, Filter: L-Pro
2026-08-14T22:49:22.0140|INFO|SequenceTrigger.cs|Run|114|Starting Trigger: DitherAfterExposures, After Exposures: 1
2026-08-14T22:49:22.1259|INFO|SequenceItem.cs|Run|208|Starting Category: * Set di Istruzioni *, Container: NINA.Sequencer.Container.SequentialContainer, Strategy: SequentialStrategy, Items[CREATED]: 1
2026-08-14T22:49:22.1265|INFO|SequenceItem.cs|Run|208|Starting Category: Guida, Item: Dither
2026-08-14T22:49:23.7466|INFO|BaseImageData.cs|SaveToDisk|346|Saved image to D:\Images NINA\Target\LIGHT_1x1_600.00s_15_132_M 27_Celestron C8__-9.96C_L-Pro_0037_2026-08-14_22-39-15_FWHM_NaN_Fok_39296.xisf
2026-08-14T22:49:23.7467|INFO|ImageSaveController.cs|DoWork|97|Successfully saved file at D:\Images NINA\Target\LIGHT_1x1_600.00s_15_132_M 27_Celestron C8__-9.96C_L-Pro_0037_2026-08-14_22-39-15_FWHM_NaN_Fok_39296.xisf. Duration Total: 00:00:01.6176684; BeforeSave: 00:00:00.0001244; BeforeFinalizeImageSaved: 00:00:01.5575741; FinalizeSaveTime: 00:00:00.0599690
2026-08-14T22:49:25.8831|WARNING|DeviceUpdateTimer.cs|Run|115|Mount value update cycle took longer than the device poll interval (Total: 2.20s > 2s; Poll: 00:00:02.0456841; Update: 00:00:00.1574175)
2026-08-14T22:49:44.1965|INFO|SequenceItem.cs|Run|254|Finishing Category: Guida, Item: Dither
2026-08-14T22:49:44.1967|INFO|SequenceItem.cs|Run|254|Finishing Category: * Set di Istruzioni *, Container: NINA.Sequencer.Container.SequentialContainer, Strategy: SequentialStrategy, Items[FINISHED]: 1
2026-08-14T22:49:44.1969|INFO|MeridianFlipTrigger.cs|ShouldTrigger|296|Meridian Flip - (Side of Pier usage is disabled) There is still time remaining. Max remaining time 00:49:39.4482814, next instruction time 600, next instruction Category: Fotocamera, Item: TakeExposure, ExposureTime 600, Gain 15, Offset 132, ImageType LIGHT, Binning 1x1
2026-08-14T22:49:44.1969|INFO|SequenceTrigger.cs|Run|114|Starting Trigger: RestoreGuiding
2026-08-14T22:49:44.1970|INFO|SequenceItem.cs|Run|208|Starting Category: * Set di Istruzioni *, Container: NINA.Sequencer.Container.SequentialContainer, Strategy: SequentialStrategy, Items[CREATED]: 1
2026-08-14T22:49:44.1971|INFO|SequenceItem.cs|Run|208|Starting Category: Guida, Item: StartGuiding
2026-08-14T22:49:44.2306|INFO|PHD2Guider.cs|StartGuidingPrivate|504|Phd2 - App is already guiding. Skipping start guiding
2026-08-14T22:49:44.2308|INFO|SequenceItem.cs|Run|254|Finishing Category: Guida, Item: StartGuiding
2026-08-14T22:49:44.2309|INFO|SequenceItem.cs|Run|254|Finishing Category: * Set di Istruzioni *, Container: NINA.Sequencer.Container.SequentialContainer, Strategy: SequentialStrategy, Items[FINISHED]: 1
2026-08-14T22:49:44.2311|INFO|SequenceItem.cs|Run|208|Starting Category: Fotocamera, Item: TakeExposure, ExposureTime 600, Gain 15, Offset 132, ImageType LIGHT, Binning 1x1
2026-08-14T22:49:44.2315|INFO|CameraVM.cs|Capture|742|Starting Exposure - Exposure Time: 600s; Filter: ; Gain: 15; Offset 132; Binning: 1x1;
2026-08-14T22:59:50.4063|WARNING|DeviceUpdateTimer.cs|Run|115|Camera value update cycle took longer than the device poll interval (Total: 10.67s > 2s; Poll: 00:00:10.6606317; Update: 00:00:00.0072121)
2026-08-14T22:59:50.4071|INFO|SequenceItem.cs|Run|254|Finishing Category: Fotocamera, Item: TakeExposure, ExposureTime 600, Gain 15, Offset 132, ImageType LIGHT, Binning 1x1
2026-08-14T22:59:50.4075|INFO|MeridianFlipTrigger.cs|ShouldTrigger|296|Meridian Flip - (Side of Pier usage is disabled) There is still time remaining. Max remaining time 00:39:32.5748007, next instruction time 0, next instruction Category: Ruota porta filtri, Item: SwitchFilter, Filter: L-Pro
2026-08-14T22:59:50.4076|INFO|SequenceItem.cs|Run|208|Starting Category: Ruota porta filtri, Item: SwitchFilter, Filter: L-Pro
2026-08-14T22:59:50.5543|INFO|SequenceItem.cs|Run|254|Finishing Category: Ruota porta filtri, Item: SwitchFilter, Filter: L-Pro
2026-08-14T22:59:50.5549|INFO|SequenceTrigger.cs|Run|114|Starting Trigger: DitherAfterExposures, After Exposures: 1
2026-08-14T22:59:50.5550|INFO|SequenceItem.cs|Run|208|Starting Category: * Set di Istruzioni *, Container: NINA.Sequencer.Container.SequentialContainer, Strategy: SequentialStrategy, Items[CREATED]: 1
2026-08-14T22:59:50.5553|INFO|SequenceItem.cs|Run|208|Starting Category: Guida, Item: Dither
2026-08-14T22:59:50.7872|INFO|ImageSolver.cs|Solve|41|Platesolving with parameters: FocalLength: 1260 PixelSize: 4.54 SearchRadius: 30 BlindFailoverEnabled: True Regions: 5000 DownSampleFactor: 2 MaxObjects: 500 Reference Coordinates RA: 19:59:37 Dec: 22° 40' 44" Epoch: J2000
2026-08-14T22:59:51.0921|INFO|BaseImageData.cs|SaveToDisk|346|Saved image to C:\Users\PrimaLuceLab\AppData\Local\NINA\PlateSolver\swphjiqp.h4z.fits
2026-08-14T22:59:52.9539|INFO|BaseImageData.cs|SaveToDisk|346|Saved image to D:\Images NINA\Target\LIGHT_1x1_600.00s_15_132_M 27_Celestron C8__-9.96C_L-Pro_0038_2026-08-14_22-49-44_FWHM_NaN_Fok_39296.xisf
2026-08-14T22:59:52.9540|INFO|ImageSaveController.cs|DoWork|97|Successfully saved file at D:\Images NINA\Target\LIGHT_1x1_600.00s_15_132_M 27_Celestron C8__-9.96C_L-Pro_0038_2026-08-14_22-49-44_FWHM_NaN_Fok_39296.xisf. Duration Total: 00:00:02.2620356; BeforeSave: 00:00:00.0901267; BeforeFinalizeImageSaved: 00:00:02.0492646; FinalizeSaveTime: 00:00:00.1226427
2026-08-14T23:00:14.0423|INFO|SequenceItem.cs|Run|254|Finishing Category: Guida, Item: Dither
2026-08-14T23:00:14.0425|INFO|SequenceItem.cs|Run|254|Finishing Category: * Set di Istruzioni *, Container: NINA.Sequencer.Container.SequentialContainer, Strategy: SequentialStrategy, Items[FINISHED]: 1
2026-08-14T23:00:14.0426|INFO|MeridianFlipTrigger.cs|ShouldTrigger|296|Meridian Flip - (Side of Pier usage is disabled) There is still time remaining. Max remaining time 00:39:09.0851380, next instruction time 600, next instruction Category: Fotocamera, Item: TakeExposure, ExposureTime 600, Gain 15, Offset 132, ImageType LIGHT, Binning 1x1
2026-08-14T23:00:14.0427|INFO|SequenceTrigger.cs|Run|114|Starting Trigger: RestoreGuiding
2026-08-14T23:00:14.0428|INFO|SequenceItem.cs|Run|208|Starting Category: * Set di Istruzioni *, Container: NINA.Sequencer.Container.SequentialContainer, Strategy: SequentialStrategy, Items[CREATED]: 1
2026-08-14T23:00:14.0428|INFO|SequenceItem.cs|Run|208|Starting Category: Guida, Item: StartGuiding
2026-08-14T23:00:14.0921|INFO|PHD2Guider.cs|StartGuidingPrivate|504|Phd2 - App is already guiding. Skipping start guiding
2026-08-14T23:00:14.0922|INFO|SequenceItem.cs|Run|254|Finishing Category: Guida, Item: StartGuiding
2026-08-14T23:00:14.0923|INFO|SequenceItem.cs|Run|254|Finishing Category: * Set di Istruzioni *, Container: NINA.Sequencer.Container.SequentialContainer, Strategy: SequentialStrategy, Items[FINISHED]: 1
2026-08-14T23:00:14.1006|INFO|SequenceItem.cs|Run|208|Starting Category: Fotocamera, Item: TakeExposure, ExposureTime 600, Gain 15, Offset 132, ImageType LIGHT, Binning 1x1
2026-08-14T23:00:14.1016|INFO|CameraVM.cs|Capture|742|Starting Exposure - Exposure Time: 600s; Filter: ; Gain: 15; Offset 132; Binning: 1x1;
2026-08-14T23:07:44.9489|ERROR|ASTAPSolver.cs|ReadResult|62|ASTAP - Plate solve failed.
 Star database limit was reached!

2026-08-14T23:07:44.9522|INFO|ImageSolver.cs|Solve|41|Platesolving with parameters: FocalLength: 1260 PixelSize: 4.54 SearchRadius: 30 BlindFailoverEnabled: True Regions: 5000 DownSampleFactor: 2 MaxObjects: 500 
2026-08-14T23:07:49.0325|INFO|BaseImageData.cs|SaveToDisk|346|Saved image to C:\Users\PrimaLuceLab\AppData\Local\NINA\PlateSolver\3pmb2vlc.x20.fits
2026-08-14T23:08:14.9773|INFO|AstrometryPlateSolver.cs|SubmitImageJob|166|Plate Solving: Astrometry.net: Submission 15845262 created for solving.
2026-08-14T23:10:20.2853|WARNING|DeviceUpdateTimer.cs|Run|115|Camera value update cycle took longer than the device poll interval (Total: 10.55s > 2s; Poll: 00:00:10.5471197; Update: 00:00:00.0002232)
2026-08-14T23:10:20.3082|INFO|SequenceItem.cs|Run|254|Finishing Category: Fotocamera, Item: TakeExposure, ExposureTime 600, Gain 15, Offset 132, ImageType LIGHT, Binning 1x1
2026-08-14T23:10:20.3087|INFO|MeridianFlipTrigger.cs|ShouldTrigger|296|Meridian Flip - (Side of Pier usage is disabled) There is still time remaining. Max remaining time 00:29:01.7321003, next instruction time 0, next instruction Category: Ruota porta filtri, Item: SwitchFilter, Filter: L-Pro
2026-08-14T23:10:20.3087|INFO|SequenceItem.cs|Run|208|Starting Category: Ruota porta filtri, Item: SwitchFilter, Filter: L-Pro
2026-08-14T23:10:20.4801|INFO|SequenceItem.cs|Run|254|Finishing Category: Ruota porta filtri, Item: SwitchFilter, Filter: L-Pro
2026-08-14T23:10:20.4805|INFO|SequenceTrigger.cs|Run|114|Starting Trigger: DitherAfterExposures, After Exposures: 1
2026-08-14T23:10:20.4806|INFO|SequenceItem.cs|Run|208|Starting Category: * Set di Istruzioni *, Container: NINA.Sequencer.Container.SequentialContainer, Strategy: SequentialStrategy, Items[CREATED]: 1
2026-08-14T23:10:20.4806|INFO|SequenceItem.cs|Run|208|Starting Category: Guida, Item: Dither
2026-08-14T23:10:20.5873|INFO|PlatesolvingImageFollower.cs|ImageSaveMediator_BeforeImageSaved|74|Won't platesolve image because another operation is already in progress
2026-08-14T23:10:22.3649|INFO|BaseImageData.cs|SaveToDisk|346|Saved image to D:\Images NINA\Target\LIGHT_1x1_600.00s_15_132_M 27_Celestron C8__-9.96C_L-Pro_0039_2026-08-14_23-00-14_FWHM_NaN_Fok_39296.xisf
2026-08-14T23:10:22.3650|INFO|ImageSaveController.cs|DoWork|97|Successfully saved file at D:\Images NINA\Target\LIGHT_1x1_600.00s_15_132_M 27_Celestron C8__-9.96C_L-Pro_0039_2026-08-14_23-00-14_FWHM_NaN_Fok_39296.xisf. Duration Total: 00:00:01.7779286; BeforeSave: 00:00:00.0003591; BeforeFinalizeImageSaved: 00:00:01.7544301; FinalizeSaveTime: 00:00:00.0231386
2026-08-14T23:10:49.2469|INFO|SequenceItem.cs|Run|254|Finishing Category: Guida, Item: Dither
2026-08-14T23:10:49.2472|INFO|SequenceItem.cs|Run|254|Finishing Category: * Set di Istruzioni *, Container: NINA.Sequencer.Container.SequentialContainer, Strategy: SequentialStrategy, Items[FINISHED]: 1
2026-08-14T23:10:49.2474|INFO|MeridianFlipTrigger.cs|ShouldTrigger|296|Meridian Flip - (Side of Pier usage is disabled) There is still time remaining. Max remaining time 00:28:32.7226825, next instruction time 600, next instruction Category: Fotocamera, Item: TakeExposure, ExposureTime 600, Gain 15, Offset 132, ImageType LIGHT, Binning 1x1
2026-08-14T23:10:49.2475|INFO|SequenceTrigger.cs|Run|114|Starting Trigger: RestoreGuiding
2026-08-14T23:10:49.2476|INFO|SequenceItem.cs|Run|208|Starting Category: * Set di Istruzioni *, Container: NINA.Sequencer.Container.SequentialContainer, Strategy: SequentialStrategy, Items[CREATED]: 1
2026-08-14T23:10:49.2476|INFO|SequenceItem.cs|Run|208|Starting Category: Guida, Item: StartGuiding
2026-08-14T23:10:49.2910|INFO|PHD2Guider.cs|StartGuidingPrivate|504|Phd2 - App is already guiding. Skipping start guiding
2026-08-14T23:10:49.2911|INFO|SequenceItem.cs|Run|254|Finishing Category: Guida, Item: StartGuiding
2026-08-14T23:10:49.2912|INFO|SequenceItem.cs|Run|254|Finishing Category: * Set di Istruzioni *, Container: NINA.Sequencer.Container.SequentialContainer, Strategy: SequentialStrategy, Items[FINISHED]: 1
2026-08-14T23:10:49.3047|INFO|SequenceItem.cs|Run|208|Starting Category: Fotocamera, Item: TakeExposure, ExposureTime 600, Gain 15, Offset 132, ImageType LIGHT, Binning 1x1
2026-08-14T23:10:49.3052|INFO|CameraVM.cs|Capture|742|Starting Exposure - Exposure Time: 600s; Filter: ; Gain: 15; Offset 132; Binning: 1x1;
2026-08-14T23:12:43.3362|INFO|AstrometryPlateSolver.cs|GetJobResult|191|Plate Solving: Astrometry.net: Job 16680343 completed successfully.
2026-08-14T23:12:43.7545|INFO|AstrometryPlateSolver.cs|GetJobResult|201|Plate Solving: Astrometry.net: Job 16680343 successfully retrieved.
2026-08-14T23:12:43.7577|INFO|ImageSolver.cs|Solve|54|Platesolve successful: Coordinates: RA: 19:59:40; Dec: 22° 43' 46"; Epoch: J2000 - Position Angle: 268.87758451590537
2026-08-14T23:12:43.7578|INFO|ImageSolver.cs|Solve|54|Platesolve successful: Coordinates: RA: 19:59:40; Dec: 22° 43' 46"; Epoch: J2000 - Position Angle: 268.87758451590537
2026-08-14T23:12:43.7585|INFO|CenterAfterDriftTrigger.cs|PlatesolvingImageFollower_PropertyChanged|189|Drift: 1.0570919720991336 / 3 arc minutes
2026-08-14T23:20:55.5271|WARNING|DeviceUpdateTimer.cs|Run|115|Camera value update cycle took longer than the device poll interval (Total: 11.44s > 2s; Poll: 00:00:11.4103625; Update: 00:00:00.0272232)
2026-08-14T23:20:55.5275|INFO|SequenceItem.cs|Run|254|Finishing Category: Fotocamera, Item: TakeExposure, ExposureTime 600, Gain 15, Offset 132, ImageType LIGHT, Binning 1x1
2026-08-14T23:20:55.5281|INFO|MeridianFlipTrigger.cs|ShouldTrigger|296|Meridian Flip - (Side of Pier usage is disabled) There is still time remaining. Max remaining time 00:18:23.3173635, next instruction time 0, next instruction Category: Ruota porta filtri, Item: SwitchFilter, Filter: L-Pro
2026-08-14T23:20:55.5281|INFO|SequenceItem.cs|Run|208|Starting Category: Ruota porta filtri, Item: SwitchFilter, Filter: L-Pro
2026-08-14T23:20:55.6669|INFO|SequenceItem.cs|Run|254|Finishing Category: Ruota porta filtri, Item: SwitchFilter, Filter: L-Pro
2026-08-14T23:20:55.7910|INFO|SequenceTrigger.cs|Run|114|Starting Trigger: DitherAfterExposures, After Exposures: 1
2026-08-14T23:20:55.7912|INFO|SequenceItem.cs|Run|208|Starting Category: * Set di Istruzioni *, Container: NINA.Sequencer.Container.SequentialContainer, Strategy: SequentialStrategy, Items[CREATED]: 1
2026-08-14T23:20:55.7912|INFO|SequenceItem.cs|Run|208|Starting Category: Guida, Item: Dither
2026-08-14T23:20:57.4987|INFO|BaseImageData.cs|SaveToDisk|346|Saved image to D:\Images NINA\Target\LIGHT_1x1_600.00s_15_132_M 27_Celestron C8__-9.96C_L-Pro_0040_2026-08-14_23-10-49_FWHM_NaN_Fok_39296.xisf
2026-08-14T23:20:57.4988|INFO|ImageSaveController.cs|DoWork|97|Successfully saved file at D:\Images NINA\Target\LIGHT_1x1_600.00s_15_132_M 27_Celestron C8__-9.96C_L-Pro_0040_2026-08-14_23-10-49_FWHM_NaN_Fok_39296.xisf. Duration Total: 00:00:01.7218295; BeforeSave: 00:00:00.0137283; BeforeFinalizeImageSaved: 00:00:01.6548440; FinalizeSaveTime: 00:00:00.0532565
2026-08-14T23:21:13.0873|INFO|SequenceItem.cs|Run|254|Finishing Category: Guida, Item: Dither
2026-08-14T23:21:13.0876|INFO|SequenceItem.cs|Run|254|Finishing Category: * Set di Istruzioni *, Container: NINA.Sequencer.Container.SequentialContainer, Strategy: SequentialStrategy, Items[FINISHED]: 1
2026-08-14T23:21:13.0877|INFO|MeridianFlipTrigger.cs|ShouldTrigger|296|Meridian Flip - (Side of Pier usage is disabled) There is still time remaining. Max remaining time 00:18:07.8443882, next instruction time 600, next instruction Category: Fotocamera, Item: TakeExposure, ExposureTime 600, Gain 15, Offset 132, ImageType LIGHT, Binning 1x1
2026-08-14T23:21:13.0878|INFO|SequenceTrigger.cs|Run|114|Starting Trigger: RestoreGuiding
2026-08-14T23:21:13.0881|INFO|SequenceItem.cs|Run|208|Starting Category: * Set di Istruzioni *, Container: NINA.Sequencer.Container.SequentialContainer, Strategy: SequentialStrategy, Items[CREATED]: 1
2026-08-14T23:21:13.0882|INFO|SequenceItem.cs|Run|208|Starting Category: Guida, Item: StartGuiding
2026-08-14T23:21:13.1316|INFO|PHD2Guider.cs|StartGuidingPrivate|504|Phd2 - App is already guiding. Skipping start guiding
2026-08-14T23:21:13.1319|INFO|SequenceItem.cs|Run|254|Finishing Category: Guida, Item: StartGuiding
2026-08-14T23:21:13.1320|INFO|SequenceItem.cs|Run|254|Finishing Category: * Set di Istruzioni *, Container: NINA.Sequencer.Container.SequentialContainer, Strategy: SequentialStrategy, Items[FINISHED]: 1
2026-08-14T23:21:13.1892|INFO|SequenceItem.cs|Run|208|Starting Category: Fotocamera, Item: TakeExposure, ExposureTime 600, Gain 15, Offset 132, ImageType LIGHT, Binning 1x1
2026-08-14T23:21:13.1989|INFO|CameraVM.cs|Capture|742|Starting Exposure - Exposure Time: 600s; Filter: ; Gain: 15; Offset 132; Binning: 1x1;
2026-08-14T23:31:19.4641|WARNING|DeviceUpdateTimer.cs|Run|115|Camera value update cycle took longer than the device poll interval (Total: 11.71s > 2s; Poll: 00:00:11.6448697; Update: 00:00:00.0680843)
2026-08-14T23:31:19.4648|INFO|SequenceItem.cs|Run|254|Finishing Category: Fotocamera, Item: TakeExposure, ExposureTime 600, Gain 15, Offset 132, ImageType LIGHT, Binning 1x1
2026-08-14T23:31:19.4652|INFO|MeridianFlipTrigger.cs|ShouldTrigger|296|Meridian Flip - (Side of Pier usage is disabled) There is still time remaining. Max remaining time 00:07:58.7078745, next instruction time 0, next instruction Category: Ruota porta filtri, Item: SwitchFilter, Filter: L-Pro
2026-08-14T23:31:19.4652|INFO|SequenceItem.cs|Run|208|Starting Category: Ruota porta filtri, Item: SwitchFilter, Filter: L-Pro
2026-08-14T23:31:19.6443|INFO|SequenceItem.cs|Run|254|Finishing Category: Ruota porta filtri, Item: SwitchFilter, Filter: L-Pro
2026-08-14T23:31:19.6446|WARNING|DitherAfterExposures.cs|ShouldTrigger|118|Dither should be triggered, however the meridian flip is too close to be executed
2026-08-14T23:31:19.6447|INFO|MeridianFlipTrigger.cs|ShouldTrigger|290|Meridian Flip - (Side of Pier usage is disabled) No more remaining time available before flip. Max remaining time 00:07:58.7078745, next instruction time 600, next instruction Category: Fotocamera, Item: TakeExposure, ExposureTime 600, Gain 15, Offset 132, ImageType LIGHT, Binning 1x1. Flip should happen now
2026-08-14T23:31:19.6448|INFO|SequenceTrigger.cs|Run|114|Starting Trigger: MeridianFlipTrigger
2026-08-14T23:31:19.6757|INFO|MeridianFlipVM.cs|DoMeridianFlip|160|Meridian Flip - Initializing Meridian Flip. 
Current target coordinates RA: 19:59:36 Dec: 22° 43' 16" Epoch: J2000
Remaining wait time: 00:14:58.7078745
Pause Time Before Meridian: 2
Minutes After Meridian: 5
Max Minutes After Meridian: 6
AutoFocus After Flip: True
Recenter: True
Use SideOfPier: False
Settle Time: 30
2026-08-14T23:31:19.7049|INFO|MeridianFlipVM.cs|StopAutoguider|348|Meridian Flip - Stopping Autoguider
2026-08-14T23:31:21.4039|INFO|MeridianFlipVM.cs|PassMeridian|257|Meridian Flip - Stopping tracking to pass meridian
2026-08-14T23:31:21.4524|INFO|BaseImageData.cs|SaveToDisk|346|Saved image to D:\Images NINA\Target\LIGHT_1x1_600.00s_15_132_M 27_Celestron C8__-10.00C_L-Pro_0041_2026-08-14_23-21-13_FWHM_NaN_Fok_39296.xisf
2026-08-14T23:31:21.4526|INFO|ImageSaveController.cs|DoWork|97|Successfully saved file at D:\Images NINA\Target\LIGHT_1x1_600.00s_15_132_M 27_Celestron C8__-10.00C_L-Pro_0041_2026-08-14_23-21-13_FWHM_NaN_Fok_39296.xisf. Duration Total: 00:00:01.7836544; BeforeSave: 00:00:00.0000896; BeforeFinalizeImageSaved: 00:00:01.7220991; FinalizeSaveTime: 00:00:00.0614651
2026-08-14T23:46:19.5156|INFO|MeridianFlipVM.cs|PassMeridian|269|Meridian Flip - Resuming tracking after passing meridian
2026-08-14T23:46:19.5268|INFO|MeridianFlipVM.cs|DoFlip|124|Meridian Flip - Scope will flip to coordinates RA: 19:59:36 Dec: 22° 43' 16" Epoch: J2000
2026-08-14T23:46:19.5767|INFO|AscomTelescope.cs|MeridianFlip|351|Current side of pier is pierWest, which should be a counter weight down position already. Setting side of pier will be done after the first slew attempt if the mount did not flip the pier side by then.
2026-08-14T23:46:19.5768|INFO|AscomTelescope.cs|MeridianFlip|365|Slewing to coordinates RA: 20:00:47; Dec: 22° 47' 47"; Epoch: JNOW. Attempt 1 / 20
2026-08-14T23:47:26.6807|INFO|AscomTelescope.cs|MeridianFlip|380|Finished slewing to coordinates. Slew was successful. Setting pier side was successful
2026-08-14T23:47:29.2945|INFO|MeridianFlipVM.cs|Settle|335|Meridian Flip - Settling scope for 30
2026-08-14T23:47:58.3130|INFO|MeridianFlipVM.cs|AutoFocus|231|Meridian Flip - Running Autofocus
2026-08-14T23:47:58.5011|INFO|FocuserMediator.cs|BroadcastAutoFocusRunStarting|92|Autofocus starting notification received
2026-08-14T23:47:58.5161|INFO|PHD2Guider.cs|StopGuiding|704|Phd2 - Stop Guiding skipped, as the app is already in state Stopped
2026-08-14T23:47:58.5163|INFO|AutoFocusEngine.cs|RunAutoFocus|929|Starting AutoFocus with initial position 39296
2026-08-14T23:47:58.6375|INFO|CameraVM.cs|Capture|742|Starting Exposure - Exposure Time: 6s; Filter: L-Pro; Gain: 15; Offset 132; Binning: 2x2;
2026-08-14T23:48:05.9502|INFO|AutoFocusEngine.cs|StartBlindFocusPoints|769|Waiting on initial HFR analysis
2026-08-14T23:48:05.9506|INFO|FocuserVM.cs|MoveFocuserInternal|216|Moving Focuser to position 40096
2026-08-14T23:48:06.7695|INFO|HocusFocusStarDetection.cs|Detect|413|Average HFR: 1.7430517582800058, HFR MAD: 0.10508816798366527, Detected Stars 176, Region: 0
2026-08-14T23:48:15.5357|INFO|CameraVM.cs|Capture|742|Starting Exposure - Exposure Time: 6s; Filter: L-Pro; Gain: 15; Offset 132; Binning: 2x2;
2026-08-14T23:48:22.9209|INFO|FocuserVM.cs|MoveFocuserInternal|216|Moving Focuser to position 39896
2026-08-14T23:48:23.7436|INFO|HocusFocusStarDetection.cs|Detect|413|Average HFR: 1.8640696103561016, HFR MAD: 0.1501063691883988, Detected Stars 231, Region: 0
2026-08-14T23:48:28.1980|INFO|CameraVM.cs|Capture|742|Starting Exposure - Exposure Time: 6s; Filter: L-Pro; Gain: 15; Offset 132; Binning: 2x2;
2026-08-14T23:48:35.4990|INFO|FocuserVM.cs|MoveFocuserInternal|216|Moving Focuser to position 39696
2026-08-14T23:48:36.3267|INFO|HocusFocusStarDetection.cs|Detect|413|Average HFR: 1.9922521951538323, HFR MAD: 0.18890944192575976, Detected Stars 211, Region: 0
2026-08-14T23:48:41.4968|INFO|CameraVM.cs|Capture|742|Starting Exposure - Exposure Time: 6s; Filter: L-Pro; Gain: 15; Offset 132; Binning: 2x2;
2026-08-14T23:48:48.8201|INFO|FocuserVM.cs|MoveFocuserInternal|216|Moving Focuser to position 39496
2026-08-14T23:48:49.7544|INFO|HocusFocusStarDetection.cs|Detect|413|Average HFR: 1.8348448798814074, HFR MAD: 0.1250921997768868, Detected Stars 201, Region: 0
2026-08-14T23:48:54.1486|INFO|CameraVM.cs|Capture|742|Starting Exposure - Exposure Time: 6s; Filter: L-Pro; Gain: 15; Offset 132; Binning: 2x2;
2026-08-14T23:49:01.4493|INFO|AutoFocusEngine.cs|StartBlindFocusPoints|797|Waiting on initial focuser move analyses
2026-08-14T23:49:02.1950|INFO|HocusFocusStarDetection.cs|Detect|413|Average HFR: 1.8032497344070881, HFR MAD: 0.13463447016421615, Detected Stars 208, Region: 0
2026-08-14T23:49:02.3468|INFO|FocuserVM.cs|MoveFocuserInternal|216|Moving Focuser to position 39296
2026-08-14T23:49:07.5721|INFO|CameraVM.cs|Capture|742|Starting Exposure - Exposure Time: 6s; Filter: L-Pro; Gain: 15; Offset 132; Binning: 2x2;
2026-08-14T23:49:14.8845|INFO|AutoFocusEngine.cs|StartBlindFocusPoints|870|Waiting on next left movement analysis
2026-08-14T23:49:15.6837|INFO|HocusFocusStarDetection.cs|Detect|413|Average HFR: 1.6610530146283433, HFR MAD: 0.08665071713604511, Detected Stars 158, Region: 0
2026-08-14T23:49:15.8355|INFO|FocuserVM.cs|MoveFocuserInternal|216|Moving Focuser to position 39096
2026-08-14T23:49:21.4736|INFO|CameraVM.cs|Capture|742|Starting Exposure - Exposure Time: 6s; Filter: L-Pro; Gain: 15; Offset 132; Binning: 2x2;
2026-08-14T23:49:28.7902|INFO|AutoFocusEngine.cs|StartBlindFocusPoints|870|Waiting on next left movement analysis
2026-08-14T23:49:29.6770|INFO|HocusFocusStarDetection.cs|Detect|413|Average HFR: 1.6839125694723853, HFR MAD: 0.08944742752405, Detected Stars 155, Region: 0
2026-08-14T23:49:29.8553|INFO|FocuserVM.cs|MoveFocuserInternal|216|Moving Focuser to position 38896
2026-08-14T23:49:35.5190|INFO|CameraVM.cs|Capture|742|Starting Exposure - Exposure Time: 6s; Filter: L-Pro; Gain: 15; Offset 132; Binning: 2x2;
2026-08-14T23:49:42.8526|INFO|AutoFocusEngine.cs|StartBlindFocusPoints|870|Waiting on next left movement analysis
2026-08-14T23:49:43.7641|INFO|HocusFocusStarDetection.cs|Detect|413|Average HFR: 1.77946241678967, HFR MAD: 0.12768355401351017, Detected Stars 205, Region: 0
2026-08-14T23:49:43.9282|INFO|AutoFocusEngine.cs|StartBlindFocusPoints|841|Enough right trend points (4) with an established minimum (39296) to queue remaining left focus points down to 38496
2026-08-14T23:49:43.9286|INFO|FocuserVM.cs|MoveFocuserInternal|216|Moving Focuser to position 38696
2026-08-14T23:49:49.4781|INFO|CameraVM.cs|Capture|742|Starting Exposure - Exposure Time: 6s; Filter: L-Pro; Gain: 15; Offset 132; Binning: 2x2;
2026-08-14T23:49:56.8083|INFO|FocuserVM.cs|MoveFocuserInternal|216|Moving Focuser to position 38496
2026-08-14T23:49:58.7015|INFO|HocusFocusStarDetection.cs|Detect|413|Average HFR: 1.9237151196461664, HFR MAD: 0.17486562742581002, Detected Stars 219, Region: 0
2026-08-14T23:50:03.5042|INFO|CameraVM.cs|Capture|742|Starting Exposure - Exposure Time: 6s; Filter: L-Pro; Gain: 15; Offset 132; Binning: 2x2;
2026-08-14T23:50:10.8730|INFO|AutoFocusEngine.cs|StartBlindFocusPoints|896|Waiting on remaining AutoFocus analysis tasks
2026-08-14T23:50:11.7237|INFO|HocusFocusStarDetection.cs|Detect|413|Average HFR: 2.1638587662194717, HFR MAD: 0.21854882181698532, Detected Stars 214, Region: 0
2026-08-14T23:50:11.7983|ERROR|AutoFocusEngine.cs|ValidateCalculatedFocusPosition|1088|Auto Focus Failed! R² (Coefficient of determination) for Hyperbolic Fitting is below threshold. 0.84 / 0.85; Region: 
2026-08-14T23:50:11.7993|WARNING|AutoFocusEngine.cs|RunAutoFocus|965|Potentially bad auto-focus. Setting focuser back to 39296 and re-attempting.
2026-08-14T23:50:11.7999|INFO|FocuserVM.cs|MoveFocuserInternal|216|Moving Focuser to position 39296
2026-08-14T23:50:20.0537|INFO|AutoFocusEngine.cs|StartBlindFocusPoints|769|Waiting on initial HFR analysis
2026-08-14T23:50:20.0541|INFO|FocuserVM.cs|MoveFocuserInternal|216|Moving Focuser to position 40096
2026-08-14T23:50:28.3096|INFO|CameraVM.cs|Capture|742|Starting Exposure - Exposure Time: 6s; Filter: L-Pro; Gain: 15; Offset 132; Binning: 2x2;
2026-08-14T23:50:35.6122|INFO|FocuserVM.cs|MoveFocuserInternal|216|Moving Focuser to position 39896
2026-08-14T23:50:36.4006|INFO|HocusFocusStarDetection.cs|Detect|413|Average HFR: 1.8948679898791552, HFR MAD: 0.1508720206151022, Detected Stars 203, Region: 0
2026-08-14T23:50:41.5128|INFO|CameraVM.cs|Capture|742|Starting Exposure - Exposure Time: 6s; Filter: L-Pro; Gain: 15; Offset 132; Binning: 2x2;
2026-08-14T23:50:48.8297|INFO|FocuserVM.cs|MoveFocuserInternal|216|Moving Focuser to position 39696
2026-08-14T23:50:49.6038|INFO|HocusFocusStarDetection.cs|Detect|413|Average HFR: 1.809068791787908, HFR MAD: 0.14293156717365996, Detected Stars 206, Region: 0
2026-08-14T23:50:54.2459|INFO|CameraVM.cs|Capture|742|Starting Exposure - Exposure Time: 6s; Filter: L-Pro; Gain: 15; Offset 132; Binning: 2x2;
2026-08-14T23:51:01.5533|INFO|FocuserVM.cs|MoveFocuserInternal|216|Moving Focuser to position 39496
2026-08-14T23:51:02.3658|INFO|HocusFocusStarDetection.cs|Detect|413|Average HFR: 1.7987268473822862, HFR MAD: 0.137366107537652, Detected Stars 215, Region: 0
2026-08-14T23:51:07.5071|INFO|CameraVM.cs|Capture|742|Starting Exposure - Exposure Time: 6s; Filter: L-Pro; Gain: 15; Offset 132; Binning: 2x2;
2026-08-14T23:51:14.8678|INFO|AutoFocusEngine.cs|StartBlindFocusPoints|797|Waiting on initial focuser move analyses
2026-08-14T23:51:15.6967|INFO|HocusFocusStarDetection.cs|Detect|413|Average HFR: 1.748054784343477, HFR MAD: 0.11823092631656373, Detected Stars 190, Region: 0
2026-08-14T23:51:15.8478|INFO|FocuserVM.cs|MoveFocuserInternal|216|Moving Focuser to position 39296
2026-08-14T23:51:21.5175|INFO|CameraVM.cs|Capture|742|Starting Exposure - Exposure Time: 6s; Filter: L-Pro; Gain: 15; Offset 132; Binning: 2x2;
2026-08-14T23:51:28.8304|INFO|AutoFocusEngine.cs|StartBlindFocusPoints|870|Waiting on next left movement analysis
2026-08-14T23:51:29.6475|INFO|HocusFocusStarDetection.cs|Detect|413|Average HFR: 1.6734679254414302, HFR MAD: 0.08837121119371583, Detected Stars 147, Region: 0
2026-08-14T23:51:29.7095|INFO|FocuserVM.cs|MoveFocuserInternal|216|Moving Focuser to position 39096
2026-08-14T23:51:35.5419|INFO|CameraVM.cs|Capture|742|Starting Exposure - Exposure Time: 6s; Filter: L-Pro; Gain: 15; Offset 132; Binning: 2x2;
2026-08-14T23:51:42.8559|INFO|AutoFocusEngine.cs|StartBlindFocusPoints|870|Waiting on next left movement analysis
2026-08-14T23:51:43.8053|INFO|HocusFocusStarDetection.cs|Detect|413|Average HFR: 1.7108634084940348, HFR MAD: 0.10390818690501757, Detected Stars 176, Region: 0
2026-08-14T23:51:43.9268|INFO|FocuserVM.cs|MoveFocuserInternal|216|Moving Focuser to position 38896
2026-08-14T23:51:49.4765|INFO|CameraVM.cs|Capture|742|Starting Exposure - Exposure Time: 6s; Filter: L-Pro; Gain: 15; Offset 132; Binning: 2x2;
2026-08-14T23:51:56.7922|INFO|AutoFocusEngine.cs|StartBlindFocusPoints|870|Waiting on next left movement analysis
2026-08-14T23:51:57.6143|INFO|HocusFocusStarDetection.cs|Detect|413|Average HFR: 1.7874313545084486, HFR MAD: 0.12161971670792937, Detected Stars 204, Region: 0
2026-08-14T23:51:57.7368|INFO|FocuserVM.cs|MoveFocuserInternal|216|Moving Focuser to position 38696
2026-08-14T23:52:03.5236|INFO|CameraVM.cs|Capture|742|Starting Exposure - Exposure Time: 6s; Filter: L-Pro; Gain: 15; Offset 132; Binning: 2x2;
2026-08-14T23:52:10.8255|INFO|AutoFocusEngine.cs|StartBlindFocusPoints|870|Waiting on next left movement analysis
2026-08-14T23:52:11.7723|INFO|HocusFocusStarDetection.cs|Detect|413|Average HFR: 1.8948919018583643, HFR MAD: 0.17911243964693435, Detected Stars 233, Region: 0
2026-08-14T23:52:11.8742|INFO|FocuserVM.cs|MoveFocuserInternal|216|Moving Focuser to position 38496
2026-08-14T23:52:17.5030|INFO|CameraVM.cs|Capture|742|Starting Exposure - Exposure Time: 6s; Filter: L-Pro; Gain: 15; Offset 132; Binning: 2x2;
2026-08-14T23:52:24.8186|INFO|AutoFocusEngine.cs|StartBlindFocusPoints|870|Waiting on next left movement analysis
2026-08-14T23:52:25.5373|INFO|HocusFocusStarDetection.cs|Detect|413|Average HFR: 2.110930794235408, HFR MAD: 0.20601237150428897, Detected Stars 220, Region: 0
2026-08-14T23:52:25.6515|INFO|FocuserVM.cs|MoveFocuserInternal|216|Moving Focuser to position 38296
2026-08-14T23:52:31.4782|INFO|CameraVM.cs|Capture|742|Starting Exposure - Exposure Time: 6s; Filter: L-Pro; Gain: 15; Offset 132; Binning: 2x2;
2026-08-14T23:52:38.8011|INFO|AutoFocusEngine.cs|StartBlindFocusPoints|870|Waiting on next left movement analysis
2026-08-14T23:52:39.6574|INFO|HocusFocusStarDetection.cs|Detect|413|Average HFR: 2.375002514994473, HFR MAD: 0.27938926421175925, Detected Stars 196, Region: 0
2026-08-14T23:52:39.8090|INFO|AutoFocusEngine.cs|StartBlindFocusPoints|823|Enough left trend points (4) with an established minimum (39296) to queue remaining right focus points up to 40096
2026-08-14T23:52:39.8091|INFO|AutoFocusEngine.cs|StartBlindFocusPoints|896|Waiting on remaining AutoFocus analysis tasks
2026-08-14T23:52:39.8097|INFO|FocuserVM.cs|MoveFocuserInternal|216|Moving Focuser to position 39184
2026-08-14T23:52:49.3556|INFO|AutoFocusEngine.cs|ValidateCalculatedFocusPosition|1141|Validating HFR at final focus position 39184
2026-08-14T23:52:49.4750|INFO|CameraVM.cs|Capture|742|Starting Exposure - Exposure Time: 6s; Filter: L-Pro; Gain: 15; Offset 132; Binning: 2x2;
2026-08-14T23:52:57.5730|INFO|HocusFocusStarDetection.cs|Detect|413|Average HFR: 1.9413069749989693, HFR MAD: 0.1780712705575045, Detected Stars 217, Region: 0
2026-08-14T23:52:57.5734|INFO|HocusFocusVM.cs|AutoFocusEngine_Completed|473|AutoFocus completed with focuser starting at 39296 and ending at 39184
2026-08-14T23:52:57.5773|INFO|FocuserMediator.cs|BroadcastSuccessfulAutoFocusRun|46|Autofocus notification received - Temperature 27
2026-08-14T23:52:57.7213|INFO|AutoFocusEngine.cs|PerformPostAutoFocusActions|1022|Re-enabling temperature compensation after AutoFocus
2026-08-14T23:52:57.8305|INFO|MeridianFlipVM.cs|Recenter|278|Meridian Flip - Recenter after meridian flip
2026-08-14T23:52:58.0979|INFO|CameraVM.cs|Capture|742|Starting Exposure - Exposure Time: 15s; Filter: L-Pro; Gain: 15; Offset 132; Binning: 1x1;
2026-08-14T23:53:17.3374|WARNING|DeviceUpdateTimer.cs|Run|115|Camera value update cycle took longer than the device poll interval (Total: 3.60s > 2s; Poll: 00:00:03.6004609; Update: 00:00:00.0001813)
2026-08-14T23:53:18.3039|INFO|ImageSolver.cs|Solve|41|Platesolving with parameters: FocalLength: 1260 PixelSize: 4.54 SearchRadius: 30 BlindFailoverEnabled: True Regions: 5000 DownSampleFactor: 2 MaxObjects: 500 Reference Coordinates RA: 19:59:36 Dec: 22° 43' 16" Epoch: J2000
2026-08-14T23:53:18.5756|INFO|BaseImageData.cs|SaveToDisk|346|Saved image to C:\Users\PrimaLuceLab\AppData\Local\NINA\PlateSolver\xntql3qd.40e.fits
2026-08-14T23:53:19.6681|INFO|ImageSolver.cs|Solve|54|Platesolve successful: Coordinates: RA: 19:56:30; Dec: 22° 59' 16"; Epoch: J2000 - Position Angle: 89.5014947171777
2026-08-14T23:53:19.6700|INFO|CenteringSolver.cs|Center|99|Centering Solver - Scope Position: RA: 20:00:48; Dec: 22° 47' 39"; Epoch: JNOW; Offset: RA: 00:00:00; Dec: 00° 00' 00"; Distance: 00° 00' 00"; Bearing: 00° 00' 00"; Centering Coordinates: RA: 20:00:47; Dec: 22° 47' 47"; Epoch: JNOW; Solved: RA: 19:57:40; Dec: 23° 03' 40"; Epoch: JNOW; Separation RA: 00:03:07; Dec: -00° 15' 53"; Distance: 00° 45' 48"; Bearing: 69° 33' 36"; Threshold: 1
2026-08-14T23:53:19.7663|INFO|TelescopeVM.cs|Sync|777|Syncing scope from RA: 20:00:48; Dec: 22° 47' 39"; Epoch: JNOW to RA: 19:57:40; Dec: 23° 03' 40"; Epoch: JNOW
2026-08-14T23:53:24.7682|INFO|CenteringSolver.cs|Center|132|Slewing to target after sync. Current Position: RA: 19:57:41; Dec: 23° 03' 40"; Epoch: JNOW; Target coordinates: RA: 20:00:47; Dec: 22° 47' 47"; Epoch: JNOW; Offset RA: 00:00:00; Dec: 00° 00' 00"; Distance: 00° 00' 00"; Bearing: 00° 00' 00"
2026-08-14T23:53:24.7750|INFO|TelescopeVM.cs|SlewAsyncInternal|910|Slewing from RA: 19:57:41; Dec: 23° 03' 40"; Epoch: JNOW to RA: 20:00:47; Dec: 22° 47' 47"; Epoch: JNOW - Alt: 70° 09' 10"; Az: 188° 19' 01"
2026-08-14T23:53:39.0127|INFO|CameraVM.cs|Capture|742|Starting Exposure - Exposure Time: 15s; Filter: L-Pro; Gain: 15; Offset 132; Binning: 1x1;
2026-08-14T23:53:59.3126|INFO|ImageSolver.cs|Solve|41|Platesolving with parameters: FocalLength: 1260 PixelSize: 4.54 SearchRadius: 30 BlindFailoverEnabled: True Regions: 5000 DownSampleFactor: 2 MaxObjects: 500 Reference Coordinates RA: 19:59:36 Dec: 22° 43' 16" Epoch: J2000
2026-08-14T23:53:59.5813|INFO|BaseImageData.cs|SaveToDisk|346|Saved image to C:\Users\PrimaLuceLab\AppData\Local\NINA\PlateSolver\tzoneuxu.0al.fits
2026-08-14T23:54:00.7905|INFO|ImageSolver.cs|Solve|54|Platesolve successful: Coordinates: RA: 19:59:36; Dec: 22° 43' 08"; Epoch: J2000 - Position Angle: 89.50420714510847
2026-08-14T23:54:00.7926|INFO|CenteringSolver.cs|Center|99|Centering Solver - Scope Position: RA: 20:00:47; Dec: 22° 47' 46"; Epoch: JNOW; Offset: RA: 00:00:00; Dec: 00° 00' 00"; Distance: 00° 00' 00"; Bearing: 00° 00' 00"; Centering Coordinates: RA: 20:00:47; Dec: 22° 47' 47"; Epoch: JNOW; Solved: RA: 20:00:46; Dec: 22° 47' 39"; Epoch: JNOW; Separation RA: 00:00:00; Dec: 00° 00' 08"; Distance: 00° 00' 11"; Bearing: 139° 59' 54"; Threshold: 1
2026-08-14T23:54:00.7926|INFO|CenteringSolver.cs|Center|165|Restoring filter to L-Pro after centering
2026-08-14T23:54:00.9094|INFO|MeridianFlipVM.cs|SelectNewGuideStar|329|Meridian Flip - Selecting new guide star
2026-08-14T23:54:15.8399|INFO|MeridianFlipVM.cs|ResumeAutoguider|321|Meridian Flip - Resuming Autoguider
2026-08-14T23:54:15.9030|INFO|PHD2Guider.cs|TryStartGuideCommand|641|Phd2 - Requesting to start guiding. Recalibrate: False
2026-08-14T23:54:32.6069|INFO|MeridianFlipVM.cs|Settle|335|Meridian Flip - Settling scope for 30
2026-08-14T23:55:02.0281|INFO|MeridianFlipVM.cs|DoMeridianFlip|221|Meridian Flip - Exiting meridian flip
2026-08-14T23:55:02.2769|INFO|SequenceTrigger.cs|Run|114|Starting Trigger: RestoreGuiding
2026-08-14T23:55:02.2770|INFO|SequenceItem.cs|Run|208|Starting Category: * Set di Istruzioni *, Container: NINA.Sequencer.Container.SequentialContainer, Strategy: SequentialStrategy, Items[CREATED]: 1
2026-08-14T23:55:02.2771|INFO|SequenceItem.cs|Run|208|Starting Category: Guida, Item: StartGuiding
2026-08-14T23:55:02.3383|INFO|PHD2Guider.cs|StartGuidingPrivate|504|Phd2 - App is already guiding. Skipping start guiding
2026-08-14T23:55:02.3384|INFO|SequenceItem.cs|Run|254|Finishing Category: Guida, Item: StartGuiding
2026-08-14T23:55:02.3392|INFO|SequenceItem.cs|Run|254|Finishing Category: * Set di Istruzioni *, Container: NINA.Sequencer.Container.SequentialContainer, Strategy: SequentialStrategy, Items[FINISHED]: 1
2026-08-14T23:55:02.3394|INFO|SequenceItem.cs|Run|208|Starting Category: Fotocamera, Item: TakeExposure, ExposureTime 600, Gain 15, Offset 132, ImageType LIGHT, Binning 1x1
2026-08-14T23:55:02.3398|INFO|CameraVM.cs|Capture|742|Starting Exposure - Exposure Time: 600s; Filter: ; Gain: 15; Offset 132; Binning: 1x1;
2026-08-15T00:05:08.6445|WARNING|DeviceUpdateTimer.cs|Run|115|Camera value update cycle took longer than the device poll interval (Total: 10.90s > 2s; Poll: 00:00:10.9046652; Update: 00:00:00.0001407)
2026-08-15T00:05:08.7297|INFO|SequenceItem.cs|Run|254|Finishing Category: Fotocamera, Item: TakeExposure, ExposureTime 600, Gain 15, Offset 132, ImageType LIGHT, Binning 1x1
2026-08-15T00:05:08.7309|INFO|MeridianFlipTrigger.cs|ShouldTrigger|211|Meridian Flip - Flip for the current target already happened at 08/14/2026 23:31:19. Skip flip evaluation
2026-08-15T00:05:08.7310|INFO|SequenceItem.cs|Run|208|Starting Category: Ruota porta filtri, Item: SwitchFilter, Filter: L-Pro
2026-08-15T00:05:08.9820|INFO|SequenceItem.cs|Run|254|Finishing Category: Ruota porta filtri, Item: SwitchFilter, Filter: L-Pro
2026-08-15T00:05:08.9831|INFO|SequenceTrigger.cs|Run|114|Starting Trigger: DitherAfterExposures, After Exposures: 1
2026-08-15T00:05:08.9833|INFO|SequenceItem.cs|Run|208|Starting Category: * Set di Istruzioni *, Container: NINA.Sequencer.Container.SequentialContainer, Strategy: SequentialStrategy, Items[CREATED]: 1
2026-08-15T00:05:08.9835|INFO|SequenceItem.cs|Run|208|Starting Category: Guida, Item: Dither
2026-08-15T00:05:10.6047|INFO|BaseImageData.cs|SaveToDisk|346|Saved image to D:\Images NINA\Target\LIGHT_1x1_600.00s_15_132_M 27_Celestron C8__-9.96C_L-Pro_0042_2026-08-14_23-55-02_FWHM_NaN_Fok_39184.xisf
2026-08-15T00:05:10.6048|INFO|ImageSaveController.cs|DoWork|97|Successfully saved file at D:\Images NINA\Target\LIGHT_1x1_600.00s_15_132_M 27_Celestron C8__-9.96C_L-Pro_0042_2026-08-14_23-55-02_FWHM_NaN_Fok_39184.xisf. Duration Total: 00:00:01.4535039; BeforeSave: 00:00:00.0000877; BeforeFinalizeImageSaved: 00:00:01.4102081; FinalizeSaveTime: 00:00:00.0432074
2026-08-15T00:05:41.2584|INFO|SequenceItem.cs|Run|254|Finishing Category: Guida, Item: Dither
2026-08-15T00:05:41.2586|INFO|SequenceItem.cs|Run|254|Finishing Category: * Set di Istruzioni *, Container: NINA.Sequencer.Container.SequentialContainer, Strategy: SequentialStrategy, Items[FINISHED]: 1
2026-08-15T00:05:41.2591|INFO|MeridianFlipTrigger.cs|ShouldTrigger|211|Meridian Flip - Flip for the current target already happened at 08/14/2026 23:31:19. Skip flip evaluation
2026-08-15T00:05:41.2592|INFO|SequenceTrigger.cs|Run|114|Starting Trigger: RestoreGuiding
2026-08-15T00:05:41.2593|INFO|SequenceItem.cs|Run|208|Starting Category: * Set di Istruzioni *, Container: NINA.Sequencer.Container.SequentialContainer, Strategy: SequentialStrategy, Items[CREATED]: 1
2026-08-15T00:05:41.2593|INFO|SequenceItem.cs|Run|208|Starting Category: Guida, Item: StartGuiding
2026-08-15T00:05:41.2923|INFO|PHD2Guider.cs|StartGuidingPrivate|504|Phd2 - App is already guiding. Skipping start guiding
2026-08-15T00:05:41.2925|INFO|SequenceItem.cs|Run|254|Finishing Category: Guida, Item: StartGuiding
2026-08-15T00:05:41.2926|INFO|SequenceItem.cs|Run|254|Finishing Category: * Set di Istruzioni *, Container: NINA.Sequencer.Container.SequentialContainer, Strategy: SequentialStrategy, Items[FINISHED]: 1
2026-08-15T00:05:41.3299|INFO|SequenceItem.cs|Run|208|Starting Category: Fotocamera, Item: TakeExposure, ExposureTime 600, Gain 15, Offset 132, ImageType LIGHT, Binning 1x1
2026-08-15T00:05:41.3313|INFO|CameraVM.cs|Capture|742|Starting Exposure - Exposure Time: 600s; Filter: ; Gain: 15; Offset 132; Binning: 1x1;
2026-08-15T00:15:47.5017|WARNING|DeviceUpdateTimer.cs|Run|115|Camera value update cycle took longer than the device poll interval (Total: 11.76s > 2s; Poll: 00:00:11.7647290; Update: 00:00:00.0001878)
2026-08-15T00:15:47.5047|INFO|SequenceItem.cs|Run|254|Finishing Category: Fotocamera, Item: TakeExposure, ExposureTime 600, Gain 15, Offset 132, ImageType LIGHT, Binning 1x1
2026-08-15T00:15:47.5056|INFO|MeridianFlipTrigger.cs|ShouldTrigger|211|Meridian Flip - Flip for the current target already happened at 08/14/2026 23:31:19. Skip flip evaluation
2026-08-15T00:15:47.5056|INFO|SequenceItem.cs|Run|208|Starting Category: Ruota porta filtri, Item: SwitchFilter, Filter: L-Pro
2026-08-15T00:15:47.6669|INFO|SequenceItem.cs|Run|254|Finishing Category: Ruota porta filtri, Item: SwitchFilter, Filter: L-Pro
2026-08-15T00:15:47.6672|INFO|SequenceTrigger.cs|Run|114|Starting Trigger: DitherAfterExposures, After Exposures: 1
2026-08-15T00:15:47.6673|INFO|SequenceItem.cs|Run|208|Starting Category: * Set di Istruzioni *, Container: NINA.Sequencer.Container.SequentialContainer, Strategy: SequentialStrategy, Items[CREATED]: 1
2026-08-15T00:15:47.6674|INFO|SequenceItem.cs|Run|208|Starting Category: Guida, Item: Dither
2026-08-15T00:15:49.1565|INFO|BaseImageData.cs|SaveToDisk|346|Saved image to D:\Images NINA\Target\LIGHT_1x1_600.00s_15_132_M 27_Celestron C8__-9.96C_L-Pro_0043_2026-08-15_00-05-41_FWHM_NaN_Fok_39184.xisf
2026-08-15T00:15:49.1566|INFO|ImageSaveController.cs|DoWork|97|Successfully saved file at D:\Images NINA\Target\LIGHT_1x1_600.00s_15_132_M 27_Celestron C8__-9.96C_L-Pro_0043_2026-08-15_00-05-41_FWHM_NaN_Fok_39184.xisf. Duration Total: 00:00:01.3301788; BeforeSave: 00:00:00.0000810; BeforeFinalizeImageSaved: 00:00:01.3099629; FinalizeSaveTime: 00:00:00.0201343
2026-08-15T00:16:05.6228|INFO|SequenceItem.cs|Run|254|Finishing Category: Guida, Item: Dither
2026-08-15T00:16:05.6230|INFO|SequenceItem.cs|Run|254|Finishing Category: * Set di Istruzioni *, Container: NINA.Sequencer.Container.SequentialContainer, Strategy: SequentialStrategy, Items[FINISHED]: 1
2026-08-15T00:16:05.6235|INFO|MeridianFlipTrigger.cs|ShouldTrigger|211|Meridian Flip - Flip for the current target already happened at 08/14/2026 23:31:19. Skip flip evaluation
2026-08-15T00:16:05.6239|INFO|SequenceTrigger.cs|Run|114|Starting Trigger: RestoreGuiding
2026-08-15T00:16:05.6241|INFO|SequenceItem.cs|Run|208|Starting Category: * Set di Istruzioni *, Container: NINA.Sequencer.Container.SequentialContainer, Strategy: SequentialStrategy, Items[CREATED]: 1
2026-08-15T00:16:05.6241|INFO|SequenceItem.cs|Run|208|Starting Category: Guida, Item: StartGuiding
2026-08-15T00:16:05.6765|INFO|PHD2Guider.cs|StartGuidingPrivate|504|Phd2 - App is already guiding. Skipping start guiding
2026-08-15T00:16:05.6767|INFO|SequenceItem.cs|Run|254|Finishing Category: Guida, Item: StartGuiding
2026-08-15T00:16:05.6768|INFO|SequenceItem.cs|Run|254|Finishing Category: * Set di Istruzioni *, Container: NINA.Sequencer.Container.SequentialContainer, Strategy: SequentialStrategy, Items[FINISHED]: 1
2026-08-15T00:16:05.6824|INFO|SequenceItem.cs|Run|208|Starting Category: Fotocamera, Item: TakeExposure, ExposureTime 600, Gain 15, Offset 132, ImageType LIGHT, Binning 1x1
2026-08-15T00:16:05.6831|INFO|CameraVM.cs|Capture|742|Starting Exposure - Exposure Time: 600s; Filter: ; Gain: 15; Offset 132; Binning: 1x1;
2026-08-15T00:26:11.8862|INFO|SequenceItem.cs|Run|254|Finishing Category: Fotocamera, Item: TakeExposure, ExposureTime 600, Gain 15, Offset 132, ImageType LIGHT, Binning 1x1
2026-08-15T00:26:11.8872|INFO|MeridianFlipTrigger.cs|ShouldTrigger|211|Meridian Flip - Flip for the current target already happened at 08/14/2026 23:31:19. Skip flip evaluation
2026-08-15T00:26:11.8873|INFO|SequenceItem.cs|Run|208|Starting Category: Ruota porta filtri, Item: SwitchFilter, Filter: L-Pro
2026-08-15T00:26:11.8875|WARNING|DeviceUpdateTimer.cs|Run|115|Camera value update cycle took longer than the device poll interval (Total: 10.15s > 2s; Poll: 00:00:10.1192509; Update: 00:00:00.0321032)
2026-08-15T00:26:12.1150|INFO|SequenceItem.cs|Run|254|Finishing Category: Ruota porta filtri, Item: SwitchFilter, Filter: L-Pro
2026-08-15T00:26:12.1154|INFO|ImageSolver.cs|Solve|41|Platesolving with parameters: FocalLength: 1260 PixelSize: 4.54 SearchRadius: 30 BlindFailoverEnabled: True Regions: 5000 DownSampleFactor: 2 MaxObjects: 500 Reference Coordinates RA: 19:59:36 Dec: 22° 42' 37" Epoch: J2000
2026-08-15T00:26:12.1154|INFO|SequenceTrigger.cs|Run|114|Starting Trigger: DitherAfterExposures, After Exposures: 1
2026-08-15T00:26:12.1155|INFO|SequenceItem.cs|Run|208|Starting Category: * Set di Istruzioni *, Container: NINA.Sequencer.Container.SequentialContainer, Strategy: SequentialStrategy, Items[CREATED]: 1
2026-08-15T00:26:12.1156|INFO|SequenceItem.cs|Run|208|Starting Category: Guida, Item: Dither
2026-08-15T00:26:12.5454|INFO|BaseImageData.cs|SaveToDisk|346|Saved image to C:\Users\PrimaLuceLab\AppData\Local\NINA\PlateSolver\msxuylhu.sam.fits
2026-08-15T00:26:14.4113|INFO|BaseImageData.cs|SaveToDisk|346|Saved image to D:\Images NINA\Target\LIGHT_1x1_600.00s_15_132_M 27_Celestron C8__-9.96C_L-Pro_0044_2026-08-15_00-16-05_FWHM_NaN_Fok_39184.xisf
2026-08-15T00:26:14.4114|INFO|ImageSaveController.cs|DoWork|97|Successfully saved file at D:\Images NINA\Target\LIGHT_1x1_600.00s_15_132_M 27_Celestron C8__-9.96C_L-Pro_0044_2026-08-15_00-16-05_FWHM_NaN_Fok_39184.xisf. Duration Total: 00:00:02.2961708; BeforeSave: 00:00:00.0000711; BeforeFinalizeImageSaved: 00:00:02.2746149; FinalizeSaveTime: 00:00:00.0214843
2026-08-15T00:26:42.0623|INFO|SequenceItem.cs|Run|254|Finishing Category: Guida, Item: Dither
2026-08-15T00:26:42.0627|INFO|SequenceItem.cs|Run|254|Finishing Category: * Set di Istruzioni *, Container: NINA.Sequencer.Container.SequentialContainer, Strategy: SequentialStrategy, Items[FINISHED]: 1
2026-08-15T00:26:42.0633|INFO|MeridianFlipTrigger.cs|ShouldTrigger|211|Meridian Flip - Flip for the current target already happened at 08/14/2026 23:31:19. Skip flip evaluation
2026-08-15T00:26:42.0638|INFO|SequenceTrigger.cs|Run|114|Starting Trigger: RestoreGuiding
2026-08-15T00:26:42.0639|INFO|SequenceItem.cs|Run|208|Starting Category: * Set di Istruzioni *, Container: NINA.Sequencer.Container.SequentialContainer, Strategy: SequentialStrategy, Items[CREATED]: 1
2026-08-15T00:26:42.0640|INFO|SequenceItem.cs|Run|208|Starting Category: Guida, Item: StartGuiding
2026-08-15T00:26:42.1216|INFO|PHD2Guider.cs|StartGuidingPrivate|504|Phd2 - App is already guiding. Skipping start guiding
2026-08-15T00:26:42.1243|INFO|SequenceItem.cs|Run|254|Finishing Category: Guida, Item: StartGuiding
2026-08-15T00:26:42.1247|INFO|SequenceItem.cs|Run|254|Finishing Category: * Set di Istruzioni *, Container: NINA.Sequencer.Container.SequentialContainer, Strategy: SequentialStrategy, Items[FINISHED]: 1
2026-08-15T00:26:42.1255|INFO|SequenceItem.cs|Run|208|Starting Category: Fotocamera, Item: TakeExposure, ExposureTime 600, Gain 15, Offset 132, ImageType LIGHT, Binning 1x1
2026-08-15T00:26:42.1263|INFO|CameraVM.cs|Capture|742|Starting Exposure - Exposure Time: 600s; Filter: ; Gain: 15; Offset 132; Binning: 1x1;
2026-08-15T00:29:58.3326|WARNING|DeviceUpdateTimer.cs|Run|115|Mount value update cycle took longer than the device poll interval (Total: 3.04s > 2s; Poll: 00:00:03.0448510; Update: 00:00:00.0000957)
2026-08-15T00:33:29.8329|ERROR|ASTAPSolver.cs|ReadResult|62|ASTAP - Plate solve failed.
 Star database limit was reached!

2026-08-15T00:33:29.8379|INFO|ImageSolver.cs|Solve|41|Platesolving with parameters: FocalLength: 1260 PixelSize: 4.54 SearchRadius: 30 BlindFailoverEnabled: True Regions: 5000 DownSampleFactor: 2 MaxObjects: 500 
2026-08-15T00:33:30.6924|INFO|BaseImageData.cs|SaveToDisk|346|Saved image to C:\Users\PrimaLuceLab\AppData\Local\NINA\PlateSolver\enbh1uhm.yqy.fits
2026-08-15T00:33:56.1969|INFO|AstrometryPlateSolver.cs|SubmitImageJob|166|Plate Solving: Astrometry.net: Submission 15845673 created for solving.
2026-08-15T00:34:21.7542|INFO|AstrometryPlateSolver.cs|GetJobResult|191|Plate Solving: Astrometry.net: Job 16680757 completed successfully.
2026-08-15T00:34:22.3071|INFO|AstrometryPlateSolver.cs|GetJobResult|201|Plate Solving: Astrometry.net: Job 16680757 successfully retrieved.
2026-08-15T00:34:22.3073|INFO|ImageSolver.cs|Solve|54|Platesolve successful: Coordinates: RA: 19:59:38; Dec: 22° 43' 27"; Epoch: J2000 - Position Angle: 89.48733455215142
2026-08-15T00:34:22.3074|INFO|ImageSolver.cs|Solve|54|Platesolve successful: Coordinates: RA: 19:59:38; Dec: 22° 43' 27"; Epoch: J2000 - Position Angle: 89.48733455215142
2026-08-15T00:34:22.3075|INFO|CenterAfterDriftTrigger.cs|PlatesolvingImageFollower_PropertyChanged|189|Drift: 0.4072423744614568 / 3 arc minutes
2026-08-15T00:36:48.3095|INFO|SequenceItem.cs|Run|254|Finishing Category: Fotocamera, Item: TakeExposure, ExposureTime 600, Gain 15, Offset 132, ImageType LIGHT, Binning 1x1
2026-08-15T00:36:48.3107|INFO|MeridianFlipTrigger.cs|ShouldTrigger|211|Meridian Flip - Flip for the current target already happened at 08/14/2026 23:31:19. Skip flip evaluation
2026-08-15T00:36:48.3108|INFO|SequenceItem.cs|Run|208|Starting Category: Ruota porta filtri, Item: SwitchFilter, Filter: L-Pro
2026-08-15T00:36:48.3111|WARNING|DeviceUpdateTimer.cs|Run|115|Camera value update cycle took longer than the device poll interval (Total: 10.57s > 2s; Poll: 00:00:10.5728875; Update: 00:00:00.0001032)
2026-08-15T00:36:48.4455|INFO|SequenceItem.cs|Run|254|Finishing Category: Ruota porta filtri, Item: SwitchFilter, Filter: L-Pro
2026-08-15T00:36:48.4459|INFO|SequenceTrigger.cs|Run|114|Starting Trigger: DitherAfterExposures, After Exposures: 1
2026-08-15T00:36:48.4459|INFO|SequenceItem.cs|Run|208|Starting Category: * Set di Istruzioni *, Container: NINA.Sequencer.Container.SequentialContainer, Strategy: SequentialStrategy, Items[CREATED]: 1
2026-08-15T00:36:48.4460|INFO|SequenceItem.cs|Run|208|Starting Category: Guida, Item: Dither
2026-08-15T00:36:50.1865|INFO|BaseImageData.cs|SaveToDisk|346|Saved image to D:\Images NINA\Target\LIGHT_1x1_600.00s_15_132_M 27_Celestron C8__-10.00C_L-Pro_0045_2026-08-15_00-26-42_FWHM_NaN_Fok_39184.xisf
2026-08-15T00:36:50.1867|INFO|ImageSaveController.cs|DoWork|97|Successfully saved file at D:\Images NINA\Target\LIGHT_1x1_600.00s_15_132_M 27_Celestron C8__-10.00C_L-Pro_0045_2026-08-15_00-26-42_FWHM_NaN_Fok_39184.xisf. Duration Total: 00:00:01.5223094; BeforeSave: 00:00:00.0000963; BeforeFinalizeImageSaved: 00:00:01.4752953; FinalizeSaveTime: 00:00:00.0469168
2026-08-15T00:37:07.7904|INFO|SequenceItem.cs|Run|254|Finishing Category: Guida, Item: Dither
2026-08-15T00:37:07.7906|INFO|SequenceItem.cs|Run|254|Finishing Category: * Set di Istruzioni *, Container: NINA.Sequencer.Container.SequentialContainer, Strategy: SequentialStrategy, Items[FINISHED]: 1
2026-08-15T00:37:07.7987|INFO|MeridianFlipTrigger.cs|ShouldTrigger|211|Meridian Flip - Flip for the current target already happened at 08/14/2026 23:31:19. Skip flip evaluation
2026-08-15T00:37:07.7988|INFO|SequenceTrigger.cs|Run|114|Starting Trigger: RestoreGuiding
2026-08-15T00:37:07.7989|INFO|SequenceItem.cs|Run|208|Starting Category: * Set di Istruzioni *, Container: NINA.Sequencer.Container.SequentialContainer, Strategy: SequentialStrategy, Items[CREATED]: 1
2026-08-15T00:37:07.7990|INFO|SequenceItem.cs|Run|208|Starting Category: Guida, Item: StartGuiding
2026-08-15T00:37:07.8275|INFO|PHD2Guider.cs|StartGuidingPrivate|504|Phd2 - App is already guiding. Skipping start guiding
2026-08-15T00:37:07.8329|INFO|SequenceItem.cs|Run|254|Finishing Category: Guida, Item: StartGuiding
2026-08-15T00:37:07.8351|INFO|SequenceItem.cs|Run|254|Finishing Category: * Set di Istruzioni *, Container: NINA.Sequencer.Container.SequentialContainer, Strategy: SequentialStrategy, Items[FINISHED]: 1
2026-08-15T00:37:07.8356|INFO|SequenceItem.cs|Run|208|Starting Category: Fotocamera, Item: TakeExposure, ExposureTime 600, Gain 15, Offset 132, ImageType LIGHT, Binning 1x1
2026-08-15T00:37:07.8364|INFO|CameraVM.cs|Capture|742|Starting Exposure - Exposure Time: 600s; Filter: ; Gain: 15; Offset 132; Binning: 1x1;
2026-08-15T00:47:14.0392|WARNING|DeviceUpdateTimer.cs|Run|115|Camera value update cycle took longer than the device poll interval (Total: 9.35s > 2s; Poll: 00:00:09.3481270; Update: 00:00:00.0001414)
2026-08-15T00:47:14.0990|INFO|SequenceItem.cs|Run|254|Finishing Category: Fotocamera, Item: TakeExposure, ExposureTime 600, Gain 15, Offset 132, ImageType LIGHT, Binning 1x1
2026-08-15T00:47:14.0999|INFO|MeridianFlipTrigger.cs|ShouldTrigger|211|Meridian Flip - Flip for the current target already happened at 08/14/2026 23:31:19. Skip flip evaluation
2026-08-15T00:47:14.0999|INFO|SequenceItem.cs|Run|208|Starting Category: Ruota porta filtri, Item: SwitchFilter, Filter: L-Pro
2026-08-15T00:47:14.2114|INFO|SequenceItem.cs|Run|254|Finishing Category: Ruota porta filtri, Item: SwitchFilter, Filter: L-Pro
2026-08-15T00:47:14.2128|INFO|SequenceTrigger.cs|Run|114|Starting Trigger: DitherAfterExposures, After Exposures: 1
2026-08-15T00:47:14.2129|INFO|SequenceItem.cs|Run|208|Starting Category: * Set di Istruzioni *, Container: NINA.Sequencer.Container.SequentialContainer, Strategy: SequentialStrategy, Items[CREATED]: 1
2026-08-15T00:47:14.2130|INFO|SequenceItem.cs|Run|208|Starting Category: Guida, Item: Dither
2026-08-15T00:47:15.5846|INFO|BaseImageData.cs|SaveToDisk|346|Saved image to D:\Images NINA\Target\LIGHT_1x1_600.00s_15_132_M 27_Celestron C8__-9.96C_L-Pro_0046_2026-08-15_00-37-07_FWHM_NaN_Fok_39184.xisf
2026-08-15T00:47:15.5848|INFO|ImageSaveController.cs|DoWork|97|Successfully saved file at D:\Images NINA\Target\LIGHT_1x1_600.00s_15_132_M 27_Celestron C8__-9.96C_L-Pro_0046_2026-08-15_00-37-07_FWHM_NaN_Fok_39184.xisf. Duration Total: 00:00:01.2188282; BeforeSave: 00:00:00.0000707; BeforeFinalizeImageSaved: 00:00:01.1655106; FinalizeSaveTime: 00:00:00.0532463
2026-08-15T00:47:44.2086|INFO|SequenceItem.cs|Run|254|Finishing Category: Guida, Item: Dither
2026-08-15T00:47:44.2088|INFO|SequenceItem.cs|Run|254|Finishing Category: * Set di Istruzioni *, Container: NINA.Sequencer.Container.SequentialContainer, Strategy: SequentialStrategy, Items[FINISHED]: 1
2026-08-15T00:47:44.2094|INFO|MeridianFlipTrigger.cs|ShouldTrigger|211|Meridian Flip - Flip for the current target already happened at 08/14/2026 23:31:19. Skip flip evaluation
2026-08-15T00:47:44.2094|INFO|SequenceTrigger.cs|Run|114|Starting Trigger: RestoreGuiding
2026-08-15T00:47:44.2095|INFO|SequenceItem.cs|Run|208|Starting Category: * Set di Istruzioni *, Container: NINA.Sequencer.Container.SequentialContainer, Strategy: SequentialStrategy, Items[CREATED]: 1
2026-08-15T00:47:44.2096|INFO|SequenceItem.cs|Run|208|Starting Category: Guida, Item: StartGuiding
2026-08-15T00:47:44.2359|INFO|PHD2Guider.cs|StartGuidingPrivate|504|Phd2 - App is already guiding. Skipping start guiding
2026-08-15T00:47:44.2397|INFO|SequenceItem.cs|Run|254|Finishing Category: Guida, Item: StartGuiding
2026-08-15T00:47:44.2404|INFO|SequenceItem.cs|Run|254|Finishing Category: * Set di Istruzioni *, Container: NINA.Sequencer.Container.SequentialContainer, Strategy: SequentialStrategy, Items[FINISHED]: 1
2026-08-15T00:47:44.2406|INFO|SequenceItem.cs|Run|208|Starting Category: Fotocamera, Item: TakeExposure, ExposureTime 600, Gain 15, Offset 132, ImageType LIGHT, Binning 1x1
2026-08-15T00:47:44.2562|INFO|CameraVM.cs|Capture|742|Starting Exposure - Exposure Time: 600s; Filter: ; Gain: 15; Offset 132; Binning: 1x1;
2026-08-15T00:57:50.4746|INFO|SequenceItem.cs|Run|254|Finishing Category: Fotocamera, Item: TakeExposure, ExposureTime 600, Gain 15, Offset 132, ImageType LIGHT, Binning 1x1
2026-08-15T00:57:50.4755|INFO|MeridianFlipTrigger.cs|ShouldTrigger|211|Meridian Flip - Flip for the current target already happened at 08/14/2026 23:31:19. Skip flip evaluation
2026-08-15T00:57:50.4755|INFO|SequenceItem.cs|Run|208|Starting Category: Ruota porta filtri, Item: SwitchFilter, Filter: L-Pro
2026-08-15T00:57:50.5025|WARNING|DeviceUpdateTimer.cs|Run|115|Camera value update cycle took longer than the device poll interval (Total: 10.73s > 2s; Poll: 00:00:10.7332777; Update: 00:00:00.0001135)
2026-08-15T00:57:50.6296|INFO|SequenceItem.cs|Run|254|Finishing Category: Ruota porta filtri, Item: SwitchFilter, Filter: L-Pro
2026-08-15T00:57:50.6958|INFO|SequenceTrigger.cs|Run|114|Starting Trigger: DitherAfterExposures, After Exposures: 1
2026-08-15T00:57:50.6960|INFO|SequenceItem.cs|Run|208|Starting Category: * Set di Istruzioni *, Container: NINA.Sequencer.Container.SequentialContainer, Strategy: SequentialStrategy, Items[CREATED]: 1
2026-08-15T00:57:50.6961|INFO|SequenceItem.cs|Run|208|Starting Category: Guida, Item: Dither
2026-08-15T00:57:52.1402|INFO|BaseImageData.cs|SaveToDisk|346|Saved image to D:\Images NINA\Target\LIGHT_1x1_600.00s_15_132_M 27_Celestron C8__-9.96C_L-Pro_0047_2026-08-15_00-47-44_FWHM_NaN_Fok_39184.xisf
2026-08-15T00:57:52.1403|INFO|ImageSaveController.cs|DoWork|97|Successfully saved file at D:\Images NINA\Target\LIGHT_1x1_600.00s_15_132_M 27_Celestron C8__-9.96C_L-Pro_0047_2026-08-15_00-47-44_FWHM_NaN_Fok_39184.xisf. Duration Total: 00:00:01.4120001; BeforeSave: 00:00:00.0000733; BeforeFinalizeImageSaved: 00:00:01.3809759; FinalizeSaveTime: 00:00:00.0309503
2026-08-15T00:58:09.3407|INFO|SequenceItem.cs|Run|254|Finishing Category: Guida, Item: Dither
2026-08-15T00:58:09.3409|INFO|SequenceItem.cs|Run|254|Finishing Category: * Set di Istruzioni *, Container: NINA.Sequencer.Container.SequentialContainer, Strategy: SequentialStrategy, Items[FINISHED]: 1
2026-08-15T00:58:09.3431|INFO|MeridianFlipTrigger.cs|ShouldTrigger|211|Meridian Flip - Flip for the current target already happened at 08/14/2026 23:31:19. Skip flip evaluation
2026-08-15T00:58:09.3447|INFO|SequenceTrigger.cs|Run|114|Starting Trigger: RestoreGuiding
2026-08-15T00:58:09.3453|INFO|SequenceItem.cs|Run|208|Starting Category: * Set di Istruzioni *, Container: NINA.Sequencer.Container.SequentialContainer, Strategy: SequentialStrategy, Items[CREATED]: 1
2026-08-15T00:58:09.3454|INFO|SequenceItem.cs|Run|208|Starting Category: Guida, Item: StartGuiding
2026-08-15T00:58:09.3914|INFO|PHD2Guider.cs|StartGuidingPrivate|504|Phd2 - App is already guiding. Skipping start guiding
2026-08-15T00:58:09.3915|INFO|SequenceItem.cs|Run|254|Finishing Category: Guida, Item: StartGuiding
2026-08-15T00:58:09.3943|INFO|SequenceItem.cs|Run|254|Finishing Category: * Set di Istruzioni *, Container: NINA.Sequencer.Container.SequentialContainer, Strategy: SequentialStrategy, Items[FINISHED]: 1
2026-08-15T00:58:09.3948|INFO|SequenceItem.cs|Run|208|Starting Category: Fotocamera, Item: TakeExposure, ExposureTime 600, Gain 15, Offset 132, ImageType LIGHT, Binning 1x1
2026-08-15T00:58:09.3966|INFO|CameraVM.cs|Capture|742|Starting Exposure - Exposure Time: 600s; Filter: ; Gain: 15; Offset 132; Binning: 1x1;
2026-08-15T01:08:15.5803|INFO|SequenceItem.cs|Run|254|Finishing Category: Fotocamera, Item: TakeExposure, ExposureTime 600, Gain 15, Offset 132, ImageType LIGHT, Binning 1x1
2026-08-15T01:08:15.5811|INFO|MeridianFlipTrigger.cs|ShouldTrigger|211|Meridian Flip - Flip for the current target already happened at 08/14/2026 23:31:19. Skip flip evaluation
2026-08-15T01:08:15.5811|INFO|SequenceItem.cs|Run|208|Starting Category: Ruota porta filtri, Item: SwitchFilter, Filter: L-Pro
2026-08-15T01:08:15.5814|WARNING|DeviceUpdateTimer.cs|Run|115|Camera value update cycle took longer than the device poll interval (Total: 11.84s > 2s; Poll: 00:00:11.8440995; Update: 00:00:00.0000619)
2026-08-15T01:08:15.7732|INFO|SequenceItem.cs|Run|254|Finishing Category: Ruota porta filtri, Item: SwitchFilter, Filter: L-Pro
2026-08-15T01:08:15.7737|INFO|SequenceTrigger.cs|Run|114|Starting Trigger: DitherAfterExposures, After Exposures: 1
2026-08-15T01:08:15.7738|INFO|SequenceItem.cs|Run|208|Starting Category: * Set di Istruzioni *, Container: NINA.Sequencer.Container.SequentialContainer, Strategy: SequentialStrategy, Items[CREATED]: 1
2026-08-15T01:08:15.7739|INFO|SequenceItem.cs|Run|208|Starting Category: Guida, Item: Dither
2026-08-15T01:08:17.3700|INFO|HocusFocusStarDetection.cs|Detect|413|Average HFR: 3.758746949834233, HFR MAD: 1.0166968482659668, Detected Stars 3, Region: 0
2026-08-15T01:08:17.8566|INFO|BaseImageData.cs|SaveToDisk|346|Saved image to D:\Images NINA\Target\LIGHT_1x1_600.00s_15_132_M 27_Celestron C8__-9.96C_L-Pro_0048_2026-08-15_00-58-09_FWHM_NaN_Fok_39184.xisf
2026-08-15T01:08:17.8570|INFO|ImageSaveController.cs|DoWork|97|Successfully saved file at D:\Images NINA\Target\LIGHT_1x1_600.00s_15_132_M 27_Celestron C8__-9.96C_L-Pro_0048_2026-08-15_00-58-09_FWHM_NaN_Fok_39184.xisf. Duration Total: 00:00:01.9565834; BeforeSave: 00:00:00.0000847; BeforeFinalizeImageSaved: 00:00:01.9165150; FinalizeSaveTime: 00:00:00.0399831
2026-08-15T01:08:30.4912|INFO|SequenceItem.cs|Run|254|Finishing Category: Guida, Item: Dither
2026-08-15T01:08:30.4914|INFO|SequenceItem.cs|Run|254|Finishing Category: * Set di Istruzioni *, Container: NINA.Sequencer.Container.SequentialContainer, Strategy: SequentialStrategy, Items[FINISHED]: 1
2026-08-15T01:08:30.4920|INFO|MeridianFlipTrigger.cs|ShouldTrigger|211|Meridian Flip - Flip for the current target already happened at 08/14/2026 23:31:19. Skip flip evaluation
2026-08-15T01:08:30.4920|INFO|SequenceTrigger.cs|Run|114|Starting Trigger: RestoreGuiding
2026-08-15T01:08:30.4920|INFO|SequenceItem.cs|Run|208|Starting Category: * Set di Istruzioni *, Container: NINA.Sequencer.Container.SequentialContainer, Strategy: SequentialStrategy, Items[CREATED]: 1
2026-08-15T01:08:30.4921|INFO|SequenceItem.cs|Run|208|Starting Category: Guida, Item: StartGuiding
2026-08-15T01:08:30.5320|INFO|PHD2Guider.cs|StartGuidingPrivate|504|Phd2 - App is already guiding. Skipping start guiding
2026-08-15T01:08:30.5363|INFO|SequenceItem.cs|Run|254|Finishing Category: Guida, Item: StartGuiding
2026-08-15T01:08:30.5369|INFO|SequenceItem.cs|Run|254|Finishing Category: * Set di Istruzioni *, Container: NINA.Sequencer.Container.SequentialContainer, Strategy: SequentialStrategy, Items[FINISHED]: 1
2026-08-15T01:08:30.5385|INFO|SequenceItem.cs|Run|208|Starting Category: Fotocamera, Item: TakeExposure, ExposureTime 600, Gain 15, Offset 132, ImageType LIGHT, Binning 1x1
2026-08-15T01:08:30.5389|INFO|CameraVM.cs|Capture|742|Starting Exposure - Exposure Time: 600s; Filter: ; Gain: 15; Offset 132; Binning: 1x1;
2026-08-15T01:18:36.7573|WARNING|DeviceUpdateTimer.cs|Run|115|Camera value update cycle took longer than the device poll interval (Total: 11.02s > 2s; Poll: 00:00:11.0187148; Update: 00:00:00.0001244)
2026-08-15T01:18:36.7581|INFO|SequenceItem.cs|Run|254|Finishing Category: Fotocamera, Item: TakeExposure, ExposureTime 600, Gain 15, Offset 132, ImageType LIGHT, Binning 1x1
2026-08-15T01:18:36.7588|INFO|MeridianFlipTrigger.cs|ShouldTrigger|211|Meridian Flip - Flip for the current target already happened at 08/14/2026 23:31:19. Skip flip evaluation
2026-08-15T01:18:36.7589|INFO|SequenceItem.cs|Run|208|Starting Category: Ruota porta filtri, Item: SwitchFilter, Filter: L-Pro
2026-08-15T01:18:36.8993|INFO|SequenceItem.cs|Run|254|Finishing Category: Ruota porta filtri, Item: SwitchFilter, Filter: L-Pro
2026-08-15T01:18:36.8997|INFO|SequenceTrigger.cs|Run|114|Starting Trigger: DitherAfterExposures, After Exposures: 1
2026-08-15T01:18:36.8997|INFO|SequenceItem.cs|Run|208|Starting Category: * Set di Istruzioni *, Container: NINA.Sequencer.Container.SequentialContainer, Strategy: SequentialStrategy, Items[CREATED]: 1
2026-08-15T01:18:36.8998|INFO|SequenceItem.cs|Run|208|Starting Category: Guida, Item: Dither
2026-08-15T01:18:37.0494|INFO|ImageSolver.cs|Solve|41|Platesolving with parameters: FocalLength: 1260 PixelSize: 4.54 SearchRadius: 30 BlindFailoverEnabled: True Regions: 5000 DownSampleFactor: 2 MaxObjects: 500 Reference Coordinates RA: 19:59:36 Dec: 22° 42' 12" Epoch: J2000
2026-08-15T01:18:37.5771|INFO|BaseImageData.cs|SaveToDisk|346|Saved image to C:\Users\PrimaLuceLab\AppData\Local\NINA\PlateSolver\hamg1dca.n4v.fits
2026-08-15T01:18:38.7477|INFO|HocusFocusStarDetection.cs|Detect|413|Average HFR: 4.273580917483427, HFR MAD: 0.47538790105720574, Detected Stars 8, Region: 0
2026-08-15T01:18:39.2990|INFO|BaseImageData.cs|SaveToDisk|346|Saved image to D:\Images NINA\Target\LIGHT_1x1_600.00s_15_132_M 27_Celestron C8__-9.96C_L-Pro_0049_2026-08-15_01-08-30_FWHM_NaN_Fok_39184.xisf
2026-08-15T01:18:39.2992|INFO|ImageSaveController.cs|DoWork|97|Successfully saved file at D:\Images NINA\Target\LIGHT_1x1_600.00s_15_132_M 27_Celestron C8__-9.96C_L-Pro_0049_2026-08-15_01-08-30_FWHM_NaN_Fok_39184.xisf. Duration Total: 00:00:02.2499112; BeforeSave: 00:00:00.0000904; BeforeFinalizeImageSaved: 00:00:02.2069469; FinalizeSaveTime: 00:00:00.0428732
2026-08-15T01:18:54.6830|INFO|SequenceItem.cs|Run|254|Finishing Category: Guida, Item: Dither
2026-08-15T01:18:54.6832|INFO|SequenceItem.cs|Run|254|Finishing Category: * Set di Istruzioni *, Container: NINA.Sequencer.Container.SequentialContainer, Strategy: SequentialStrategy, Items[FINISHED]: 1
2026-08-15T01:18:54.6838|INFO|MeridianFlipTrigger.cs|ShouldTrigger|211|Meridian Flip - Flip for the current target already happened at 08/14/2026 23:31:19. Skip flip evaluation
2026-08-15T01:18:54.6838|INFO|SequenceTrigger.cs|Run|114|Starting Trigger: RestoreGuiding
2026-08-15T01:18:54.6839|INFO|SequenceItem.cs|Run|208|Starting Category: * Set di Istruzioni *, Container: NINA.Sequencer.Container.SequentialContainer, Strategy: SequentialStrategy, Items[CREATED]: 1
2026-08-15T01:18:54.6839|INFO|SequenceItem.cs|Run|208|Starting Category: Guida, Item: StartGuiding
2026-08-15T01:18:54.7184|INFO|PHD2Guider.cs|StartGuidingPrivate|504|Phd2 - App is already guiding. Skipping start guiding
2026-08-15T01:18:54.7186|INFO|SequenceItem.cs|Run|254|Finishing Category: Guida, Item: StartGuiding
2026-08-15T01:18:54.7187|INFO|SequenceItem.cs|Run|254|Finishing Category: * Set di Istruzioni *, Container: NINA.Sequencer.Container.SequentialContainer, Strategy: SequentialStrategy, Items[FINISHED]: 1
2026-08-15T01:18:54.7249|INFO|SequenceItem.cs|Run|208|Starting Category: Fotocamera, Item: TakeExposure, ExposureTime 600, Gain 15, Offset 132, ImageType LIGHT, Binning 1x1
2026-08-15T01:18:54.7256|INFO|CameraVM.cs|Capture|742|Starting Exposure - Exposure Time: 600s; Filter: ; Gain: 15; Offset 132; Binning: 1x1;
2026-08-15T01:22:13.2276|ERROR|ASTAPSolver.cs|ReadResult|62|ASTAP - Plate solve failed.
 Star database limit was reached!

2026-08-15T01:22:13.2737|INFO|ImageSolver.cs|Solve|41|Platesolving with parameters: FocalLength: 1260 PixelSize: 4.54 SearchRadius: 30 BlindFailoverEnabled: True Regions: 5000 DownSampleFactor: 2 MaxObjects: 500 
2026-08-15T01:22:14.3675|INFO|BaseImageData.cs|SaveToDisk|346|Saved image to C:\Users\PrimaLuceLab\AppData\Local\NINA\PlateSolver\1mgcn3dr.5e2.fits
2026-08-15T01:22:48.6568|INFO|AstrometryPlateSolver.cs|SubmitImageJob|166|Plate Solving: Astrometry.net: Submission 15845868 created for solving.
2026-08-15T01:25:14.7605|INFO|AstrometryPlateSolver.cs|GetJobResult|191|Plate Solving: Astrometry.net: Job 16680977 completed successfully.
2026-08-15T01:25:15.1681|INFO|AstrometryPlateSolver.cs|GetJobResult|201|Plate Solving: Astrometry.net: Job 16680977 successfully retrieved.
2026-08-15T01:25:15.1683|INFO|ImageSolver.cs|Solve|54|Platesolve successful: Coordinates: RA: 19:59:41; Dec: 22° 43' 53"; Epoch: J2000 - Position Angle: 89.43510867658438
2026-08-15T01:25:15.1683|INFO|ImageSolver.cs|Solve|54|Platesolve successful: Coordinates: RA: 19:59:41; Dec: 22° 43' 53"; Epoch: J2000 - Position Angle: 89.43510867658438
2026-08-15T01:25:15.1684|INFO|CenterAfterDriftTrigger.cs|PlatesolvingImageFollower_PropertyChanged|189|Drift: 1.2619784728029542 / 3 arc minutes
2026-08-15T01:29:00.9239|WARNING|DeviceUpdateTimer.cs|Run|115|Camera value update cycle took longer than the device poll interval (Total: 10.36s > 2s; Poll: 00:00:10.3428252; Update: 00:00:00.0126892)
2026-08-15T01:29:00.9266|INFO|SequenceItem.cs|Run|254|Finishing Category: Fotocamera, Item: TakeExposure, ExposureTime 600, Gain 15, Offset 132, ImageType LIGHT, Binning 1x1
2026-08-15T01:29:00.9274|INFO|MeridianFlipTrigger.cs|ShouldTrigger|211|Meridian Flip - Flip for the current target already happened at 08/14/2026 23:31:19. Skip flip evaluation
2026-08-15T01:29:00.9274|INFO|SequenceItem.cs|Run|208|Starting Category: Ruota porta filtri, Item: SwitchFilter, Filter: L-Pro
2026-08-15T01:29:01.1014|INFO|SequenceItem.cs|Run|254|Finishing Category: Ruota porta filtri, Item: SwitchFilter, Filter: L-Pro
2026-08-15T01:29:01.1019|INFO|SequenceTrigger.cs|Run|114|Starting Trigger: DitherAfterExposures, After Exposures: 1
2026-08-15T01:29:01.1020|INFO|SequenceItem.cs|Run|208|Starting Category: * Set di Istruzioni *, Container: NINA.Sequencer.Container.SequentialContainer, Strategy: SequentialStrategy, Items[CREATED]: 1
2026-08-15T01:29:01.1020|INFO|SequenceItem.cs|Run|208|Starting Category: Guida, Item: Dither
2026-08-15T01:29:02.3477|INFO|HocusFocusStarDetection.cs|Detect|413|Average HFR: 3.8437232890506947, HFR MAD: 0.12553674985127738, Detected Stars 6, Region: 0
2026-08-15T01:29:02.8986|INFO|BaseImageData.cs|SaveToDisk|346|Saved image to D:\Images NINA\Target\LIGHT_1x1_600.00s_15_132_M 27_Celestron C8__-9.96C_L-Pro_0050_2026-08-15_01-18-54_FWHM_NaN_Fok_39184.xisf
2026-08-15T01:29:02.8987|INFO|ImageSaveController.cs|DoWork|97|Successfully saved file at D:\Images NINA\Target\LIGHT_1x1_600.00s_15_132_M 27_Celestron C8__-9.96C_L-Pro_0050_2026-08-15_01-18-54_FWHM_NaN_Fok_39184.xisf. Duration Total: 00:00:01.6932521; BeforeSave: 00:00:00.0000874; BeforeFinalizeImageSaved: 00:00:01.5596283; FinalizeSaveTime: 00:00:00.1335358
2026-08-15T01:29:18.5107|INFO|SequenceItem.cs|Run|254|Finishing Category: Guida, Item: Dither
2026-08-15T01:29:18.5109|INFO|SequenceItem.cs|Run|254|Finishing Category: * Set di Istruzioni *, Container: NINA.Sequencer.Container.SequentialContainer, Strategy: SequentialStrategy, Items[FINISHED]: 1
2026-08-15T01:29:18.5115|INFO|MeridianFlipTrigger.cs|ShouldTrigger|211|Meridian Flip - Flip for the current target already happened at 08/14/2026 23:31:19. Skip flip evaluation
2026-08-15T01:29:18.5115|INFO|SequenceTrigger.cs|Run|114|Starting Trigger: RestoreGuiding
2026-08-15T01:29:18.5116|INFO|SequenceItem.cs|Run|208|Starting Category: * Set di Istruzioni *, Container: NINA.Sequencer.Container.SequentialContainer, Strategy: SequentialStrategy, Items[CREATED]: 1
2026-08-15T01:29:18.5116|INFO|SequenceItem.cs|Run|208|Starting Category: Guida, Item: StartGuiding
2026-08-15T01:29:18.5486|INFO|PHD2Guider.cs|StartGuidingPrivate|504|Phd2 - App is already guiding. Skipping start guiding
2026-08-15T01:29:18.5489|INFO|SequenceItem.cs|Run|254|Finishing Category: Guida, Item: StartGuiding
2026-08-15T01:29:18.5490|INFO|SequenceItem.cs|Run|254|Finishing Category: * Set di Istruzioni *, Container: NINA.Sequencer.Container.SequentialContainer, Strategy: SequentialStrategy, Items[FINISHED]: 1
2026-08-15T01:29:18.5566|INFO|AutofocusAfterHFRIncreaseTrigger.cs|ShouldTrigger|221|Autofocus after HFR change should be triggered, as current HFR trend is 6.45% higher compared to threshold of 5%
2026-08-15T01:29:18.5568|INFO|SequenceTrigger.cs|Run|114|Starting Trigger: AutofocusAfterHFRIncreaseTrigger, Amount: 5
2026-08-15T01:29:18.5578|INFO|SequenceItem.cs|Run|208|Starting Category: * Set di Istruzioni *, Container: NINA.Sequencer.Container.SequentialContainer, Strategy: SequentialStrategy, Items[CREATED]: 1
2026-08-15T01:29:18.5579|INFO|SequenceItem.cs|Run|208|Starting Category: Focheggiatore, Item: RunAutofocus
2026-08-15T01:29:18.7797|INFO|FocuserMediator.cs|BroadcastAutoFocusRunStarting|92|Autofocus starting notification received
2026-08-15T01:29:20.0585|INFO|AutoFocusEngine.cs|RunAutoFocus|929|Starting AutoFocus with initial position 39184
2026-08-15T01:29:20.1842|INFO|CameraVM.cs|Capture|742|Starting Exposure - Exposure Time: 6s; Filter: L-Pro; Gain: 15; Offset 132; Binning: 2x2;
2026-08-15T01:29:27.4860|INFO|AutoFocusEngine.cs|StartBlindFocusPoints|769|Waiting on initial HFR analysis
2026-08-15T01:29:27.4864|INFO|FocuserVM.cs|MoveFocuserInternal|216|Moving Focuser to position 39984
2026-08-15T01:29:28.0990|INFO|HocusFocusStarDetection.cs|Detect|413|Average HFR: 1.6064161024086905, HFR MAD: 0.05904767749608664, Detected Stars 75, Region: 0
2026-08-15T01:29:35.8053|INFO|CameraVM.cs|Capture|742|Starting Exposure - Exposure Time: 6s; Filter: L-Pro; Gain: 15; Offset 132; Binning: 2x2;
2026-08-15T01:29:43.1172|INFO|FocuserVM.cs|MoveFocuserInternal|216|Moving Focuser to position 39784
2026-08-15T01:29:43.7083|INFO|HocusFocusStarDetection.cs|Detect|413|Average HFR: 1.975254726591637, HFR MAD: 0.16689024618055393, Detected Stars 199, Region: 0
2026-08-15T01:29:48.3747|INFO|CameraVM.cs|Capture|742|Starting Exposure - Exposure Time: 6s; Filter: L-Pro; Gain: 15; Offset 132; Binning: 2x2;
2026-08-15T01:29:55.6776|INFO|FocuserVM.cs|MoveFocuserInternal|216|Moving Focuser to position 39584
2026-08-15T01:29:56.2493|INFO|HocusFocusStarDetection.cs|Detect|413|Average HFR: 2.02534535357336, HFR MAD: 0.18634759936601775, Detected Stars 194, Region: 0
2026-08-15T01:30:01.5221|INFO|CameraVM.cs|Capture|742|Starting Exposure - Exposure Time: 6s; Filter: L-Pro; Gain: 15; Offset 132; Binning: 2x2;
2026-08-15T01:30:08.8617|INFO|FocuserVM.cs|MoveFocuserInternal|216|Moving Focuser to position 39384
2026-08-15T01:30:09.4305|INFO|HocusFocusStarDetection.cs|Detect|413|Average HFR: 1.8129106178964383, HFR MAD: 0.15580289166695516, Detected Stars 193, Region: 0
2026-08-15T01:30:14.4224|INFO|CameraVM.cs|Capture|742|Starting Exposure - Exposure Time: 6s; Filter: L-Pro; Gain: 15; Offset 132; Binning: 2x2;
2026-08-15T01:30:21.7264|INFO|AutoFocusEngine.cs|StartBlindFocusPoints|797|Waiting on initial focuser move analyses
2026-08-15T01:30:22.2209|INFO|HocusFocusStarDetection.cs|Detect|413|Average HFR: 1.6920214968849137, HFR MAD: 0.12522432100878755, Detected Stars 159, Region: 0
2026-08-15T01:30:22.2701|INFO|FocuserVM.cs|MoveFocuserInternal|216|Moving Focuser to position 39184
2026-08-15T01:30:27.5995|INFO|CameraVM.cs|Capture|742|Starting Exposure - Exposure Time: 6s; Filter: L-Pro; Gain: 15; Offset 132; Binning: 2x2;
2026-08-15T01:30:34.9317|INFO|AutoFocusEngine.cs|StartBlindFocusPoints|870|Waiting on next left movement analysis
2026-08-15T01:30:35.4593|INFO|HocusFocusStarDetection.cs|Detect|413|Average HFR: 1.6483141597571926, HFR MAD: 0.09784876133753273, Detected Stars 101, Region: 0
2026-08-15T01:30:35.4928|INFO|FocuserVM.cs|MoveFocuserInternal|216|Moving Focuser to position 38984
2026-08-15T01:30:41.5212|INFO|CameraVM.cs|Capture|742|Starting Exposure - Exposure Time: 6s; Filter: L-Pro; Gain: 15; Offset 132; Binning: 2x2;
2026-08-15T01:30:48.8356|INFO|AutoFocusEngine.cs|StartBlindFocusPoints|870|Waiting on next left movement analysis
2026-08-15T01:30:49.4168|INFO|HocusFocusStarDetection.cs|Detect|413|Average HFR: 1.6070023746326683, HFR MAD: 0.061872928620416046, Detected Stars 77, Region: 0
2026-08-15T01:30:49.6174|INFO|FocuserVM.cs|MoveFocuserInternal|216|Moving Focuser to position 38784
2026-08-15T01:30:55.5235|INFO|CameraVM.cs|Capture|742|Starting Exposure - Exposure Time: 6s; Filter: L-Pro; Gain: 15; Offset 132; Binning: 2x2;
2026-08-15T01:31:02.8418|INFO|AutoFocusEngine.cs|StartBlindFocusPoints|870|Waiting on next left movement analysis
2026-08-15T01:31:03.4356|INFO|HocusFocusStarDetection.cs|Detect|413|Average HFR: 1.6092247075617547, HFR MAD: 0.067957315594666, Detected Stars 126, Region: 0
2026-08-15T01:31:03.9150|INFO|FocuserVM.cs|MoveFocuserInternal|216|Moving Focuser to position 38584
2026-08-15T01:31:09.4723|INFO|CameraVM.cs|Capture|742|Starting Exposure - Exposure Time: 6s; Filter: L-Pro; Gain: 15; Offset 132; Binning: 2x2;
2026-08-15T01:31:16.7869|INFO|AutoFocusEngine.cs|StartBlindFocusPoints|870|Waiting on next left movement analysis
2026-08-15T01:31:17.4031|INFO|HocusFocusStarDetection.cs|Detect|413|Average HFR: 1.6531770918885653, HFR MAD: 0.08456448004818373, Detected Stars 139, Region: 0
2026-08-15T01:31:17.4680|INFO|FocuserVM.cs|MoveFocuserInternal|216|Moving Focuser to position 38384
2026-08-15T01:31:23.4949|INFO|CameraVM.cs|Capture|742|Starting Exposure - Exposure Time: 6s; Filter: L-Pro; Gain: 15; Offset 132; Binning: 2x2;
2026-08-15T01:31:30.8109|INFO|AutoFocusEngine.cs|StartBlindFocusPoints|870|Waiting on next left movement analysis
2026-08-15T01:31:31.3491|INFO|HocusFocusStarDetection.cs|Detect|413|Average HFR: 1.725457549229209, HFR MAD: 0.1097775035313917, Detected Stars 176, Region: 0
2026-08-15T01:31:31.3895|INFO|FocuserVM.cs|MoveFocuserInternal|216|Moving Focuser to position 38184
2026-08-15T01:31:37.4738|INFO|CameraVM.cs|Capture|742|Starting Exposure - Exposure Time: 6s; Filter: L-Pro; Gain: 15; Offset 132; Binning: 2x2;
2026-08-15T01:31:44.7996|INFO|AutoFocusEngine.cs|StartBlindFocusPoints|870|Waiting on next left movement analysis
2026-08-15T01:31:45.3896|INFO|HocusFocusStarDetection.cs|Detect|413|Average HFR: 1.9000296140727253, HFR MAD: 0.11642937258854169, Detected Stars 182, Region: 0
2026-08-15T01:31:45.4314|INFO|FocuserVM.cs|MoveFocuserInternal|216|Moving Focuser to position 37984
2026-08-15T01:31:51.4671|INFO|CameraVM.cs|Capture|742|Starting Exposure - Exposure Time: 6s; Filter: L-Pro; Gain: 15; Offset 132; Binning: 2x2;
2026-08-15T01:31:58.7839|INFO|AutoFocusEngine.cs|StartBlindFocusPoints|870|Waiting on next left movement analysis
2026-08-15T01:31:59.3680|INFO|HocusFocusStarDetection.cs|Detect|413|Average HFR: 2.1627012280679994, HFR MAD: 0.19691616547008683, Detected Stars 203, Region: 0
2026-08-15T01:31:59.4864|INFO|FocuserVM.cs|MoveFocuserInternal|216|Moving Focuser to position 37784
2026-08-15T01:32:05.5344|INFO|CameraVM.cs|Capture|742|Starting Exposure - Exposure Time: 6s; Filter: L-Pro; Gain: 15; Offset 132; Binning: 2x2;
2026-08-15T01:32:12.8615|INFO|AutoFocusEngine.cs|StartBlindFocusPoints|870|Waiting on next left movement analysis
2026-08-15T01:32:13.4774|INFO|HocusFocusStarDetection.cs|Detect|413|Average HFR: 2.4124015937513215, HFR MAD: 0.23913679500791618, Detected Stars 194, Region: 0
2026-08-15T01:32:13.5136|INFO|AutoFocusEngine.cs|StartBlindFocusPoints|823|Enough left trend points (4) with an established minimum (38984) to queue remaining right focus points up to 39784
2026-08-15T01:32:13.5137|INFO|AutoFocusEngine.cs|StartBlindFocusPoints|896|Waiting on remaining AutoFocus analysis tasks
2026-08-15T01:32:13.5141|INFO|FocuserVM.cs|MoveFocuserInternal|216|Moving Focuser to position 38784
2026-08-15T01:32:23.4392|INFO|AutoFocusEngine.cs|ValidateCalculatedFocusPosition|1141|Validating HFR at final focus position 38784
2026-08-15T01:32:23.5510|INFO|CameraVM.cs|Capture|742|Starting Exposure - Exposure Time: 6s; Filter: L-Pro; Gain: 15; Offset 132; Binning: 2x2;
2026-08-15T01:32:31.4157|INFO|HocusFocusStarDetection.cs|Detect|413|Average HFR: 1.8503759579946542, HFR MAD: 0.13969887591738517, Detected Stars 198, Region: 0
2026-08-15T01:32:31.4159|WARNING|AutoFocusEngine.cs|ValidateCalculatedFocusPosition|1166|New focus point HFR 1.8503759579946542 is significantly worse than original HFR 1.6064161024086905
2026-08-15T01:32:31.4160|WARNING|AutoFocusEngine.cs|RunAutoFocus|965|Potentially bad auto-focus. Setting focuser back to 39184 and re-attempting.
2026-08-15T01:32:31.4164|INFO|FocuserVM.cs|MoveFocuserInternal|216|Moving Focuser to position 39184
2026-08-15T01:32:37.5766|INFO|AutoFocusEngine.cs|StartBlindFocusPoints|769|Waiting on initial HFR analysis
2026-08-15T01:32:37.5770|INFO|FocuserVM.cs|MoveFocuserInternal|216|Moving Focuser to position 39984
2026-08-15T01:32:45.8110|INFO|CameraVM.cs|Capture|742|Starting Exposure - Exposure Time: 6s; Filter: L-Pro; Gain: 15; Offset 132; Binning: 2x2;
2026-08-15T01:32:53.1131|INFO|FocuserVM.cs|MoveFocuserInternal|216|Moving Focuser to position 39784
2026-08-15T01:32:53.7153|INFO|HocusFocusStarDetection.cs|Detect|413|Average HFR: 1.974204827359392, HFR MAD: 0.18128386591516898, Detected Stars 211, Region: 0
2026-08-15T01:32:59.5036|INFO|CameraVM.cs|Capture|742|Starting Exposure - Exposure Time: 6s; Filter: L-Pro; Gain: 15; Offset 132; Binning: 2x2;
2026-08-15T01:33:06.8206|INFO|FocuserVM.cs|MoveFocuserInternal|216|Moving Focuser to position 39584
2026-08-15T01:33:07.6087|INFO|HocusFocusStarDetection.cs|Detect|413|Average HFR: 1.991234611460752, HFR MAD: 0.17690202340115868, Detected Stars 205, Region: 0
2026-08-15T01:33:12.1231|INFO|CameraVM.cs|Capture|742|Starting Exposure - Exposure Time: 6s; Filter: L-Pro; Gain: 15; Offset 132; Binning: 2x2;
2026-08-15T01:33:19.4251|INFO|FocuserVM.cs|MoveFocuserInternal|216|Moving Focuser to position 39384
2026-08-15T01:33:20.0153|INFO|HocusFocusStarDetection.cs|Detect|413|Average HFR: 1.8667575403305947, HFR MAD: 0.15405303474971266, Detected Stars 200, Region: 0
2026-08-15T01:33:25.4991|INFO|CameraVM.cs|Capture|742|Starting Exposure - Exposure Time: 6s; Filter: L-Pro; Gain: 15; Offset 132; Binning: 2x2;
2026-08-15T01:33:32.8336|INFO|AutoFocusEngine.cs|StartBlindFocusPoints|797|Waiting on initial focuser move analyses
2026-08-15T01:33:33.4490|INFO|HocusFocusStarDetection.cs|Detect|413|Average HFR: 1.6949983074438877, HFR MAD: 0.11671689171128197, Detected Stars 146, Region: 0
2026-08-15T01:33:33.5078|INFO|FocuserVM.cs|MoveFocuserInternal|216|Moving Focuser to position 39184
2026-08-15T01:33:39.4974|INFO|CameraVM.cs|Capture|742|Starting Exposure - Exposure Time: 6s; Filter: L-Pro; Gain: 15; Offset 132; Binning: 2x2;
2026-08-15T01:33:46.8102|INFO|AutoFocusEngine.cs|StartBlindFocusPoints|870|Waiting on next left movement analysis
2026-08-15T01:33:47.3775|INFO|HocusFocusStarDetection.cs|Detect|413|Average HFR: 1.6520818971589941, HFR MAD: 0.08676078228274942, Detected Stars 96, Region: 0
2026-08-15T01:33:47.4428|INFO|FocuserVM.cs|MoveFocuserInternal|216|Moving Focuser to position 38984
2026-08-15T01:33:53.5395|INFO|CameraVM.cs|Capture|742|Starting Exposure - Exposure Time: 6s; Filter: L-Pro; Gain: 15; Offset 132; Binning: 2x2;
2026-08-15T01:34:00.8526|INFO|AutoFocusEngine.cs|StartBlindFocusPoints|870|Waiting on next left movement analysis
2026-08-15T01:34:01.3643|INFO|HocusFocusStarDetection.cs|Detect|413|Average HFR: 1.6214627669379054, HFR MAD: 0.07854014150949151, Detected Stars 76, Region: 0
2026-08-15T01:34:01.5780|INFO|FocuserVM.cs|MoveFocuserInternal|216|Moving Focuser to position 38784
2026-08-15T01:34:07.5012|INFO|CameraVM.cs|Capture|742|Starting Exposure - Exposure Time: 6s; Filter: L-Pro; Gain: 15; Offset 132; Binning: 2x2;
2026-08-15T01:34:14.8117|INFO|AutoFocusEngine.cs|StartBlindFocusPoints|870|Waiting on next left movement analysis
2026-08-15T01:34:15.3275|INFO|HocusFocusStarDetection.cs|Detect|413|Average HFR: 1.6103279050989918, HFR MAD: 0.07611391079465002, Detected Stars 102, Region: 0
2026-08-15T01:34:15.5247|INFO|FocuserVM.cs|MoveFocuserInternal|216|Moving Focuser to position 38584
2026-08-15T01:34:21.5158|INFO|CameraVM.cs|Capture|742|Starting Exposure - Exposure Time: 6s; Filter: L-Pro; Gain: 15; Offset 132; Binning: 2x2;
2026-08-15T01:34:28.8286|INFO|AutoFocusEngine.cs|StartBlindFocusPoints|870|Waiting on next left movement analysis
2026-08-15T01:34:29.4033|INFO|HocusFocusStarDetection.cs|Detect|413|Average HFR: 1.681431332014561, HFR MAD: 0.10139160995458973, Detected Stars 164, Region: 0
2026-08-15T01:34:29.4856|INFO|FocuserVM.cs|MoveFocuserInternal|216|Moving Focuser to position 38384
2026-08-15T01:34:35.4944|INFO|CameraVM.cs|Capture|742|Starting Exposure - Exposure Time: 6s; Filter: L-Pro; Gain: 15; Offset 132; Binning: 2x2;
2026-08-15T01:34:42.8084|INFO|AutoFocusEngine.cs|StartBlindFocusPoints|870|Waiting on next left movement analysis
2026-08-15T01:34:43.4136|INFO|HocusFocusStarDetection.cs|Detect|413|Average HFR: 1.8467774494183822, HFR MAD: 0.13171126018922186, Detected Stars 183, Region: 0
2026-08-15T01:34:43.5191|INFO|FocuserVM.cs|MoveFocuserInternal|216|Moving Focuser to position 38184
2026-08-15T01:34:49.5044|INFO|CameraVM.cs|Capture|742|Starting Exposure - Exposure Time: 6s; Filter: L-Pro; Gain: 15; Offset 132; Binning: 2x2;
2026-08-15T01:34:56.8196|INFO|AutoFocusEngine.cs|StartBlindFocusPoints|870|Waiting on next left movement analysis
2026-08-15T01:34:57.3587|INFO|HocusFocusStarDetection.cs|Detect|413|Average HFR: 2.056098254303593, HFR MAD: 0.17184618359623816, Detected Stars 202, Region: 0
2026-08-15T01:34:57.3931|INFO|FocuserVM.cs|MoveFocuserInternal|216|Moving Focuser to position 37984
2026-08-15T01:35:03.6314|INFO|CameraVM.cs|Capture|742|Starting Exposure - Exposure Time: 6s; Filter: L-Pro; Gain: 15; Offset 132; Binning: 2x2;
2026-08-15T01:35:10.9450|INFO|AutoFocusEngine.cs|StartBlindFocusPoints|870|Waiting on next left movement analysis
2026-08-15T01:35:11.5658|INFO|HocusFocusStarDetection.cs|Detect|413|Average HFR: 2.256073670297048, HFR MAD: 0.20622925958775662, Detected Stars 200, Region: 0
2026-08-15T01:35:11.5957|INFO|FocuserVM.cs|MoveFocuserInternal|216|Moving Focuser to position 37784
2026-08-15T01:35:17.5233|INFO|CameraVM.cs|Capture|742|Starting Exposure - Exposure Time: 6s; Filter: L-Pro; Gain: 15; Offset 132; Binning: 2x2;
2026-08-15T01:35:24.8391|INFO|AutoFocusEngine.cs|StartBlindFocusPoints|870|Waiting on next left movement analysis
2026-08-15T01:35:25.3402|INFO|HocusFocusStarDetection.cs|Detect|413|Average HFR: 2.4907647231175902, HFR MAD: 0.25055656406009374, Detected Stars 183, Region: 0
2026-08-15T01:35:25.3697|INFO|AutoFocusEngine.cs|StartBlindFocusPoints|823|Enough left trend points (4) with an established minimum (38784) to queue remaining right focus points up to 39584
2026-08-15T01:35:25.3698|INFO|AutoFocusEngine.cs|StartBlindFocusPoints|896|Waiting on remaining AutoFocus analysis tasks
2026-08-15T01:35:25.3702|INFO|FocuserVM.cs|MoveFocuserInternal|216|Moving Focuser to position 38823
2026-08-15T01:35:35.4831|INFO|AutoFocusEngine.cs|ValidateCalculatedFocusPosition|1141|Validating HFR at final focus position 38823
2026-08-15T01:35:35.5966|INFO|CameraVM.cs|Capture|742|Starting Exposure - Exposure Time: 6s; Filter: L-Pro; Gain: 15; Offset 132; Binning: 2x2;
2026-08-15T01:35:43.5063|INFO|HocusFocusStarDetection.cs|Detect|413|Average HFR: 1.7637648608984517, HFR MAD: 0.12535733407544414, Detected Stars 172, Region: 0
2026-08-15T01:35:43.5067|INFO|HocusFocusVM.cs|AutoFocusEngine_Completed|473|AutoFocus completed with focuser starting at 39184 and ending at 38823
2026-08-15T01:35:43.5083|INFO|FocuserMediator.cs|BroadcastSuccessfulAutoFocusRun|46|Autofocus notification received - Temperature 29
2026-08-15T01:35:43.6499|INFO|AutoFocusEngine.cs|PerformPostAutoFocusActions|1022|Re-enabling temperature compensation after AutoFocus
2026-08-15T01:35:43.6957|INFO|PHD2Guider.cs|TryStartGuideCommand|641|Phd2 - Requesting to start guiding. Recalibrate: False
2026-08-15T01:36:07.4040|INFO|SequenceItem.cs|Run|254|Finishing Category: Focheggiatore, Item: RunAutofocus
2026-08-15T01:36:07.4042|INFO|SequenceItem.cs|Run|254|Finishing Category: * Set di Istruzioni *, Container: NINA.Sequencer.Container.SequentialContainer, Strategy: SequentialStrategy, Items[FINISHED]: 1
2026-08-15T01:36:07.4051|INFO|SequenceItem.cs|Run|208|Starting Category: Fotocamera, Item: TakeExposure, ExposureTime 600, Gain 15, Offset 132, ImageType LIGHT, Binning 1x1
2026-08-15T01:36:07.4059|INFO|CameraVM.cs|Capture|742|Starting Exposure - Exposure Time: 600s; Filter: ; Gain: 15; Offset 132; Binning: 1x1;
2026-08-15T01:46:13.6063|INFO|SequenceItem.cs|Run|254|Finishing Category: Fotocamera, Item: TakeExposure, ExposureTime 600, Gain 15, Offset 132, ImageType LIGHT, Binning 1x1
2026-08-15T01:46:13.6071|INFO|MeridianFlipTrigger.cs|ShouldTrigger|211|Meridian Flip - Flip for the current target already happened at 08/14/2026 23:31:19. Skip flip evaluation
2026-08-15T01:46:13.6072|INFO|SequenceItem.cs|Run|208|Starting Category: Ruota porta filtri, Item: SwitchFilter, Filter: L-Pro
2026-08-15T01:46:13.6076|WARNING|DeviceUpdateTimer.cs|Run|115|Camera value update cycle took longer than the device poll interval (Total: 10.75s > 2s; Poll: 00:00:10.7484390; Update: 00:00:00.0000623)
2026-08-15T01:46:13.7573|INFO|SequenceItem.cs|Run|254|Finishing Category: Ruota porta filtri, Item: SwitchFilter, Filter: L-Pro
2026-08-15T01:46:13.7577|INFO|SequenceTrigger.cs|Run|114|Starting Trigger: DitherAfterExposures, After Exposures: 1
2026-08-15T01:46:13.7578|INFO|SequenceItem.cs|Run|208|Starting Category: * Set di Istruzioni *, Container: NINA.Sequencer.Container.SequentialContainer, Strategy: SequentialStrategy, Items[CREATED]: 1
2026-08-15T01:46:13.7578|INFO|SequenceItem.cs|Run|208|Starting Category: Guida, Item: Dither
2026-08-15T01:46:16.0294|INFO|HocusFocusStarDetection.cs|Detect|413|Average HFR: 3.7924205108944893, HFR MAD: 0.42617178624301033, Detected Stars 215, Region: 0
2026-08-15T01:46:16.4839|INFO|BaseImageData.cs|SaveToDisk|346|Saved image to D:\Images NINA\Target\LIGHT_1x1_600.00s_15_132_M 27_Celestron C8__-9.96C_L-Pro_0051_2026-08-15_01-36-07_FWHM_5.68_Fok_38823.xisf
2026-08-15T01:46:16.4840|INFO|ImageSaveController.cs|DoWork|97|Successfully saved file at D:\Images NINA\Target\LIGHT_1x1_600.00s_15_132_M 27_Celestron C8__-9.96C_L-Pro_0051_2026-08-15_01-36-07_FWHM_5.68_Fok_38823.xisf. Duration Total: 00:00:02.5256575; BeforeSave: 00:00:00.0161658; BeforeFinalizeImageSaved: 00:00:02.4629809; FinalizeSaveTime: 00:00:00.0465099
2026-08-15T01:46:29.0575|INFO|SequenceItem.cs|Run|254|Finishing Category: Guida, Item: Dither
2026-08-15T01:46:29.0577|INFO|SequenceItem.cs|Run|254|Finishing Category: * Set di Istruzioni *, Container: NINA.Sequencer.Container.SequentialContainer, Strategy: SequentialStrategy, Items[FINISHED]: 1
2026-08-15T01:46:29.0587|INFO|MeridianFlipTrigger.cs|ShouldTrigger|211|Meridian Flip - Flip for the current target already happened at 08/14/2026 23:31:19. Skip flip evaluation
2026-08-15T01:46:29.0588|INFO|SequenceTrigger.cs|Run|114|Starting Trigger: RestoreGuiding
2026-08-15T01:46:29.0588|INFO|SequenceItem.cs|Run|208|Starting Category: * Set di Istruzioni *, Container: NINA.Sequencer.Container.SequentialContainer, Strategy: SequentialStrategy, Items[CREATED]: 1
2026-08-15T01:46:29.0589|INFO|SequenceItem.cs|Run|208|Starting Category: Guida, Item: StartGuiding
2026-08-15T01:46:29.1027|INFO|PHD2Guider.cs|StartGuidingPrivate|504|Phd2 - App is already guiding. Skipping start guiding
2026-08-15T01:46:29.1029|INFO|SequenceItem.cs|Run|254|Finishing Category: Guida, Item: StartGuiding
2026-08-15T01:46:29.1030|INFO|SequenceItem.cs|Run|254|Finishing Category: * Set di Istruzioni *, Container: NINA.Sequencer.Container.SequentialContainer, Strategy: SequentialStrategy, Items[FINISHED]: 1
2026-08-15T01:46:29.1117|INFO|SequenceItem.cs|Run|208|Starting Category: Fotocamera, Item: TakeExposure, ExposureTime 600, Gain 15, Offset 132, ImageType LIGHT, Binning 1x1
2026-08-15T01:46:29.1159|INFO|CameraVM.cs|Capture|742|Starting Exposure - Exposure Time: 600s; Filter: ; Gain: 15; Offset 132; Binning: 1x1;
2026-08-15T01:56:35.3133|WARNING|DeviceUpdateTimer.cs|Run|115|Camera value update cycle took longer than the device poll interval (Total: 11.58s > 2s; Poll: 00:00:11.5754977; Update: 00:00:00.0001331)
2026-08-15T01:56:35.3466|INFO|SequenceItem.cs|Run|254|Finishing Category: Fotocamera, Item: TakeExposure, ExposureTime 600, Gain 15, Offset 132, ImageType LIGHT, Binning 1x1
2026-08-15T01:56:35.3475|INFO|MeridianFlipTrigger.cs|ShouldTrigger|211|Meridian Flip - Flip for the current target already happened at 08/14/2026 23:31:19. Skip flip evaluation
2026-08-15T01:56:35.3475|INFO|SequenceItem.cs|Run|208|Starting Category: Ruota porta filtri, Item: SwitchFilter, Filter: L-Pro
2026-08-15T01:56:35.5082|INFO|SequenceItem.cs|Run|254|Finishing Category: Ruota porta filtri, Item: SwitchFilter, Filter: L-Pro
2026-08-15T01:56:35.5104|INFO|SequenceTrigger.cs|Run|114|Starting Trigger: DitherAfterExposures, After Exposures: 1
2026-08-15T01:56:35.5105|INFO|SequenceItem.cs|Run|208|Starting Category: * Set di Istruzioni *, Container: NINA.Sequencer.Container.SequentialContainer, Strategy: SequentialStrategy, Items[CREATED]: 1
2026-08-15T01:56:35.5105|INFO|SequenceItem.cs|Run|208|Starting Category: Guida, Item: Dither
2026-08-15T01:56:37.5827|INFO|HocusFocusStarDetection.cs|Detect|413|Average HFR: 3.7418216588735973, HFR MAD: 0.35004150498436726, Detected Stars 213, Region: 0
2026-08-15T01:56:38.1212|INFO|BaseImageData.cs|SaveToDisk|346|Saved image to D:\Images NINA\Target\LIGHT_1x1_600.00s_15_132_M 27_Celestron C8__-9.96C_L-Pro_0052_2026-08-15_01-46-29_FWHM_5.24_Fok_38823.xisf
2026-08-15T01:56:38.1213|INFO|ImageSaveController.cs|DoWork|97|Successfully saved file at D:\Images NINA\Target\LIGHT_1x1_600.00s_15_132_M 27_Celestron C8__-9.96C_L-Pro_0052_2026-08-15_01-46-29_FWHM_5.24_Fok_38823.xisf. Duration Total: 00:00:02.4610083; BeforeSave: 00:00:00.0000852; BeforeFinalizeImageSaved: 00:00:02.3712372; FinalizeSaveTime: 00:00:00.0896852
2026-08-15T01:57:03.5827|INFO|SequenceItem.cs|Run|254|Finishing Category: Guida, Item: Dither
2026-08-15T01:57:03.5829|INFO|SequenceItem.cs|Run|254|Finishing Category: * Set di Istruzioni *, Container: NINA.Sequencer.Container.SequentialContainer, Strategy: SequentialStrategy, Items[FINISHED]: 1
2026-08-15T01:57:03.5834|INFO|MeridianFlipTrigger.cs|ShouldTrigger|211|Meridian Flip - Flip for the current target already happened at 08/14/2026 23:31:19. Skip flip evaluation
2026-08-15T01:57:03.5834|INFO|SequenceTrigger.cs|Run|114|Starting Trigger: RestoreGuiding
2026-08-15T01:57:03.5835|INFO|SequenceItem.cs|Run|208|Starting Category: * Set di Istruzioni *, Container: NINA.Sequencer.Container.SequentialContainer, Strategy: SequentialStrategy, Items[CREATED]: 1
2026-08-15T01:57:03.5836|INFO|SequenceItem.cs|Run|208|Starting Category: Guida, Item: StartGuiding
2026-08-15T01:57:03.6240|INFO|PHD2Guider.cs|StartGuidingPrivate|504|Phd2 - App is already guiding. Skipping start guiding
2026-08-15T01:57:03.6262|INFO|SequenceItem.cs|Run|254|Finishing Category: Guida, Item: StartGuiding
2026-08-15T01:57:03.6266|INFO|SequenceItem.cs|Run|254|Finishing Category: * Set di Istruzioni *, Container: NINA.Sequencer.Container.SequentialContainer, Strategy: SequentialStrategy, Items[FINISHED]: 1
2026-08-15T01:57:03.6269|INFO|SequenceItem.cs|Run|208|Starting Category: Fotocamera, Item: TakeExposure, ExposureTime 600, Gain 15, Offset 132, ImageType LIGHT, Binning 1x1
2026-08-15T01:57:03.6284|INFO|CameraVM.cs|Capture|742|Starting Exposure - Exposure Time: 600s; Filter: ; Gain: 15; Offset 132; Binning: 1x1;
2026-08-15T02:07:09.8122|WARNING|DeviceUpdateTimer.cs|Run|115|Camera value update cycle took longer than the device poll interval (Total: 10.07s > 2s; Poll: 00:00:10.0724496; Update: 00:00:00.0006549)
2026-08-15T02:07:09.8140|INFO|SequenceItem.cs|Run|254|Finishing Category: Fotocamera, Item: TakeExposure, ExposureTime 600, Gain 15, Offset 132, ImageType LIGHT, Binning 1x1
2026-08-15T02:07:09.8148|INFO|MeridianFlipTrigger.cs|ShouldTrigger|211|Meridian Flip - Flip for the current target already happened at 08/14/2026 23:31:19. Skip flip evaluation
2026-08-15T02:07:09.8149|INFO|SequenceItem.cs|Run|208|Starting Category: Ruota porta filtri, Item: SwitchFilter, Filter: L-Pro
2026-08-15T02:07:10.1649|INFO|SequenceItem.cs|Run|254|Finishing Category: Ruota porta filtri, Item: SwitchFilter, Filter: L-Pro
2026-08-15T02:07:10.1653|INFO|SequenceTrigger.cs|Run|114|Starting Trigger: DitherAfterExposures, After Exposures: 1
2026-08-15T02:07:10.1654|INFO|SequenceItem.cs|Run|208|Starting Category: * Set di Istruzioni *, Container: NINA.Sequencer.Container.SequentialContainer, Strategy: SequentialStrategy, Items[CREATED]: 1
2026-08-15T02:07:10.1654|INFO|SequenceItem.cs|Run|208|Starting Category: Guida, Item: Dither
2026-08-15T02:07:12.0836|INFO|HocusFocusStarDetection.cs|Detect|413|Average HFR: 3.738640006559861, HFR MAD: 0.4685223140827284, Detected Stars 113, Region: 0
2026-08-15T02:07:12.4638|INFO|BaseImageData.cs|SaveToDisk|346|Saved image to D:\Images NINA\Target\LIGHT_1x1_600.00s_15_132_M 27_Celestron C8__-9.91C_L-Pro_0053_2026-08-15_01-57-03_FWHM_5.33_Fok_38823.xisf
2026-08-15T02:07:12.4639|INFO|ImageSaveController.cs|DoWork|97|Successfully saved file at D:\Images NINA\Target\LIGHT_1x1_600.00s_15_132_M 27_Celestron C8__-9.91C_L-Pro_0053_2026-08-15_01-57-03_FWHM_5.33_Fok_38823.xisf. Duration Total: 00:00:02.3956205; BeforeSave: 00:00:00.0435190; BeforeFinalizeImageSaved: 00:00:02.3242053; FinalizeSaveTime: 00:00:00.0278956
2026-08-15T02:07:38.5807|INFO|SequenceItem.cs|Run|254|Finishing Category: Guida, Item: Dither
2026-08-15T02:07:38.5810|INFO|SequenceItem.cs|Run|254|Finishing Category: * Set di Istruzioni *, Container: NINA.Sequencer.Container.SequentialContainer, Strategy: SequentialStrategy, Items[FINISHED]: 1
2026-08-15T02:07:38.5817|INFO|MeridianFlipTrigger.cs|ShouldTrigger|211|Meridian Flip - Flip for the current target already happened at 08/14/2026 23:31:19. Skip flip evaluation
2026-08-15T02:07:38.5817|INFO|SequenceTrigger.cs|Run|114|Starting Trigger: RestoreGuiding
2026-08-15T02:07:38.5817|INFO|SequenceItem.cs|Run|208|Starting Category: * Set di Istruzioni *, Container: NINA.Sequencer.Container.SequentialContainer, Strategy: SequentialStrategy, Items[CREATED]: 1
2026-08-15T02:07:38.5818|INFO|SequenceItem.cs|Run|208|Starting Category: Guida, Item: StartGuiding
2026-08-15T02:07:38.6077|INFO|PHD2Guider.cs|StartGuidingPrivate|504|Phd2 - App is already guiding. Skipping start guiding
2026-08-15T02:07:38.6100|INFO|SequenceItem.cs|Run|254|Finishing Category: Guida, Item: StartGuiding
2026-08-15T02:07:38.6120|INFO|SequenceItem.cs|Run|254|Finishing Category: * Set di Istruzioni *, Container: NINA.Sequencer.Container.SequentialContainer, Strategy: SequentialStrategy, Items[FINISHED]: 1
2026-08-15T02:07:38.6258|INFO|SequenceItem.cs|Run|208|Starting Category: Fotocamera, Item: TakeExposure, ExposureTime 600, Gain 15, Offset 132, ImageType LIGHT, Binning 1x1
2026-08-15T02:07:38.6272|INFO|CameraVM.cs|Capture|742|Starting Exposure - Exposure Time: 600s; Filter: ; Gain: 15; Offset 132; Binning: 1x1;
2026-08-15T02:17:44.8172|WARNING|DeviceUpdateTimer.cs|Run|115|Camera value update cycle took longer than the device poll interval (Total: 11.08s > 2s; Poll: 00:00:11.0794340; Update: 00:00:00.0001384)
2026-08-15T02:17:44.8287|INFO|SequenceItem.cs|Run|254|Finishing Category: Fotocamera, Item: TakeExposure, ExposureTime 600, Gain 15, Offset 132, ImageType LIGHT, Binning 1x1
2026-08-15T02:17:44.8295|INFO|MeridianFlipTrigger.cs|ShouldTrigger|211|Meridian Flip - Flip for the current target already happened at 08/14/2026 23:31:19. Skip flip evaluation
2026-08-15T02:17:44.8295|INFO|SequenceItem.cs|Run|208|Starting Category: Ruota porta filtri, Item: SwitchFilter, Filter: L-Pro
2026-08-15T02:17:44.9679|INFO|SequenceItem.cs|Run|254|Finishing Category: Ruota porta filtri, Item: SwitchFilter, Filter: L-Pro
2026-08-15T02:17:44.9682|INFO|SequenceTrigger.cs|Run|114|Starting Trigger: DitherAfterExposures, After Exposures: 1
2026-08-15T02:17:44.9683|INFO|SequenceItem.cs|Run|208|Starting Category: * Set di Istruzioni *, Container: NINA.Sequencer.Container.SequentialContainer, Strategy: SequentialStrategy, Items[CREATED]: 1
2026-08-15T02:17:44.9684|INFO|SequenceItem.cs|Run|208|Starting Category: Guida, Item: Dither
2026-08-15T02:17:45.0535|INFO|ImageSolver.cs|Solve|41|Platesolving with parameters: FocalLength: 1260 PixelSize: 4.54 SearchRadius: 30 BlindFailoverEnabled: True Regions: 5000 DownSampleFactor: 2 MaxObjects: 500 Reference Coordinates RA: 19:59:37 Dec: 22° 42' 17" Epoch: J2000
2026-08-15T02:17:45.5840|INFO|BaseImageData.cs|SaveToDisk|346|Saved image to C:\Users\PrimaLuceLab\AppData\Local\NINA\PlateSolver\2kvviqum.uh4.fits
2026-08-15T02:17:48.1970|INFO|HocusFocusStarDetection.cs|Detect|413|Average HFR: 3.4586622033725885, HFR MAD: 0.34965110325877813, Detected Stars 324, Region: 0
2026-08-15T02:17:48.6104|INFO|BaseImageData.cs|SaveToDisk|346|Saved image to D:\Images NINA\Target\LIGHT_1x1_600.00s_15_132_M 27_Celestron C8__-9.96C_L-Pro_0054_2026-08-15_02-07-38_FWHM_4.85_Fok_38823.xisf
2026-08-15T02:17:48.6109|INFO|ImageSaveController.cs|DoWork|97|Successfully saved file at D:\Images NINA\Target\LIGHT_1x1_600.00s_15_132_M 27_Celestron C8__-9.96C_L-Pro_0054_2026-08-15_02-07-38_FWHM_4.85_Fok_38823.xisf. Duration Total: 00:00:03.5575195; BeforeSave: 00:00:00.0000955; BeforeFinalizeImageSaved: 00:00:03.4657319; FinalizeSaveTime: 00:00:00.0916916
2026-08-15T02:18:05.6288|INFO|SequenceItem.cs|Run|254|Finishing Category: Guida, Item: Dither
2026-08-15T02:18:05.6291|INFO|SequenceItem.cs|Run|254|Finishing Category: * Set di Istruzioni *, Container: NINA.Sequencer.Container.SequentialContainer, Strategy: SequentialStrategy, Items[FINISHED]: 1
2026-08-15T02:18:05.6296|INFO|MeridianFlipTrigger.cs|ShouldTrigger|211|Meridian Flip - Flip for the current target already happened at 08/14/2026 23:31:19. Skip flip evaluation
2026-08-15T02:18:05.6296|INFO|SequenceTrigger.cs|Run|114|Starting Trigger: RestoreGuiding
2026-08-15T02:18:05.6297|INFO|SequenceItem.cs|Run|208|Starting Category: * Set di Istruzioni *, Container: NINA.Sequencer.Container.SequentialContainer, Strategy: SequentialStrategy, Items[CREATED]: 1
2026-08-15T02:18:05.6297|INFO|SequenceItem.cs|Run|208|Starting Category: Guida, Item: StartGuiding
2026-08-15T02:18:05.6581|INFO|PHD2Guider.cs|StartGuidingPrivate|504|Phd2 - App is already guiding. Skipping start guiding
2026-08-15T02:18:05.6601|INFO|SequenceItem.cs|Run|254|Finishing Category: Guida, Item: StartGuiding
2026-08-15T02:18:05.6624|INFO|SequenceItem.cs|Run|254|Finishing Category: * Set di Istruzioni *, Container: NINA.Sequencer.Container.SequentialContainer, Strategy: SequentialStrategy, Items[FINISHED]: 1
2026-08-15T02:18:05.6970|INFO|SequenceItem.cs|Run|208|Starting Category: Fotocamera, Item: TakeExposure, ExposureTime 600, Gain 15, Offset 132, ImageType LIGHT, Binning 1x1
2026-08-15T02:18:05.6979|INFO|CameraVM.cs|Capture|742|Starting Exposure - Exposure Time: 600s; Filter: ; Gain: 15; Offset 132; Binning: 1x1;
2026-08-15T02:20:31.3856|ERROR|ASTAPSolver.cs|ReadResult|62|ASTAP - Plate solve failed.
 Star database limit was reached!

2026-08-15T02:20:31.3904|INFO|ImageSolver.cs|Solve|41|Platesolving with parameters: FocalLength: 1260 PixelSize: 4.54 SearchRadius: 30 BlindFailoverEnabled: True Regions: 5000 DownSampleFactor: 2 MaxObjects: 500 
2026-08-15T02:20:32.3823|INFO|BaseImageData.cs|SaveToDisk|346|Saved image to C:\Users\PrimaLuceLab\AppData\Local\NINA\PlateSolver\eujejgm3.41b.fits
2026-08-15T02:21:02.6967|INFO|AstrometryPlateSolver.cs|SubmitImageJob|166|Plate Solving: Astrometry.net: Submission 15846158 created for solving.
2026-08-15T02:22:23.9208|INFO|AstrometryPlateSolver.cs|GetJobResult|191|Plate Solving: Astrometry.net: Job 16681297 completed successfully.
2026-08-15T02:22:24.4365|INFO|AstrometryPlateSolver.cs|GetJobResult|201|Plate Solving: Astrometry.net: Job 16681297 successfully retrieved.
2026-08-15T02:22:24.4367|INFO|ImageSolver.cs|Solve|54|Platesolve successful: Coordinates: RA: 19:59:43; Dec: 22° 43' 39"; Epoch: J2000 - Position Angle: 89.38930637887961
2026-08-15T02:22:24.4367|INFO|ImageSolver.cs|Solve|54|Platesolve successful: Coordinates: RA: 19:59:43; Dec: 22° 43' 39"; Epoch: J2000 - Position Angle: 89.38930637887961
2026-08-15T02:22:24.4369|INFO|CenterAfterDriftTrigger.cs|PlatesolvingImageFollower_PropertyChanged|189|Drift: 1.5032999768103124 / 3 arc minutes
2026-08-15T02:28:11.8942|WARNING|DeviceUpdateTimer.cs|Run|115|Camera value update cycle took longer than the device poll interval (Total: 10.16s > 2s; Poll: 00:00:10.1567002; Update: 00:00:00.0001683)
2026-08-15T02:28:11.8951|INFO|SequenceItem.cs|Run|254|Finishing Category: Fotocamera, Item: TakeExposure, ExposureTime 600, Gain 15, Offset 132, ImageType LIGHT, Binning 1x1
2026-08-15T02:28:11.8960|INFO|MeridianFlipTrigger.cs|ShouldTrigger|211|Meridian Flip - Flip for the current target already happened at 08/14/2026 23:31:19. Skip flip evaluation
2026-08-15T02:28:11.8960|INFO|SequenceItem.cs|Run|208|Starting Category: Ruota porta filtri, Item: SwitchFilter, Filter: L-Pro
2026-08-15T02:28:12.0621|INFO|SequenceItem.cs|Run|254|Finishing Category: Ruota porta filtri, Item: SwitchFilter, Filter: L-Pro
2026-08-15T02:28:12.0624|INFO|SequenceTrigger.cs|Run|114|Starting Trigger: DitherAfterExposures, After Exposures: 1
2026-08-15T02:28:12.0625|INFO|SequenceItem.cs|Run|208|Starting Category: * Set di Istruzioni *, Container: NINA.Sequencer.Container.SequentialContainer, Strategy: SequentialStrategy, Items[CREATED]: 1
2026-08-15T02:28:12.0626|INFO|SequenceItem.cs|Run|208|Starting Category: Guida, Item: Dither
2026-08-15T02:28:14.8855|INFO|HocusFocusStarDetection.cs|Detect|413|Average HFR: 3.2519473465229423, HFR MAD: 0.3386498427872535, Detected Stars 438, Region: 0
2026-08-15T02:28:15.3063|INFO|BaseImageData.cs|SaveToDisk|346|Saved image to D:\Images NINA\Target\LIGHT_1x1_600.00s_15_132_M 27_Celestron C8__-9.96C_L-Pro_0055_2026-08-15_02-18-05_FWHM_4.71_Fok_38823.xisf
2026-08-15T02:28:15.3064|INFO|ImageSaveController.cs|DoWork|97|Successfully saved file at D:\Images NINA\Target\LIGHT_1x1_600.00s_15_132_M 27_Celestron C8__-9.96C_L-Pro_0055_2026-08-15_02-18-05_FWHM_4.71_Fok_38823.xisf. Duration Total: 00:00:03.1380088; BeforeSave: 00:00:00.0000781; BeforeFinalizeImageSaved: 00:00:03.1070221; FinalizeSaveTime: 00:00:00.0309078
2026-08-15T02:28:40.9299|INFO|SequenceItem.cs|Run|254|Finishing Category: Guida, Item: Dither
2026-08-15T02:28:40.9301|INFO|SequenceItem.cs|Run|254|Finishing Category: * Set di Istruzioni *, Container: NINA.Sequencer.Container.SequentialContainer, Strategy: SequentialStrategy, Items[FINISHED]: 1
2026-08-15T02:28:40.9306|INFO|MeridianFlipTrigger.cs|ShouldTrigger|211|Meridian Flip - Flip for the current target already happened at 08/14/2026 23:31:19. Skip flip evaluation
2026-08-15T02:28:40.9306|INFO|SequenceTrigger.cs|Run|114|Starting Trigger: RestoreGuiding
2026-08-15T02:28:40.9307|INFO|SequenceItem.cs|Run|208|Starting Category: * Set di Istruzioni *, Container: NINA.Sequencer.Container.SequentialContainer, Strategy: SequentialStrategy, Items[CREATED]: 1
2026-08-15T02:28:40.9308|INFO|SequenceItem.cs|Run|208|Starting Category: Guida, Item: StartGuiding
2026-08-15T02:28:40.9551|INFO|PHD2Guider.cs|StartGuidingPrivate|504|Phd2 - App is already guiding. Skipping start guiding
2026-08-15T02:28:40.9574|INFO|SequenceItem.cs|Run|254|Finishing Category: Guida, Item: StartGuiding
2026-08-15T02:28:40.9596|INFO|SequenceItem.cs|Run|254|Finishing Category: * Set di Istruzioni *, Container: NINA.Sequencer.Container.SequentialContainer, Strategy: SequentialStrategy, Items[FINISHED]: 1
2026-08-15T02:28:40.9725|INFO|SequenceItem.cs|Run|208|Starting Category: Fotocamera, Item: TakeExposure, ExposureTime 600, Gain 15, Offset 132, ImageType LIGHT, Binning 1x1
2026-08-15T02:28:40.9864|INFO|CameraVM.cs|Capture|742|Starting Exposure - Exposure Time: 600s; Filter: ; Gain: 15; Offset 132; Binning: 1x1;
2026-08-15T02:38:47.1695|WARNING|DeviceUpdateTimer.cs|Run|115|Camera value update cycle took longer than the device poll interval (Total: 11.05s > 2s; Poll: 00:00:11.0463541; Update: 00:00:00.0001708)
2026-08-15T02:38:47.1704|INFO|SequenceItem.cs|Run|254|Finishing Category: Fotocamera, Item: TakeExposure, ExposureTime 600, Gain 15, Offset 132, ImageType LIGHT, Binning 1x1
2026-08-15T02:38:47.1711|INFO|MeridianFlipTrigger.cs|ShouldTrigger|211|Meridian Flip - Flip for the current target already happened at 08/14/2026 23:31:19. Skip flip evaluation
2026-08-15T02:38:47.1711|INFO|SequenceItem.cs|Run|208|Starting Category: Ruota porta filtri, Item: SwitchFilter, Filter: L-Pro
2026-08-15T02:38:47.3178|INFO|SequenceItem.cs|Run|254|Finishing Category: Ruota porta filtri, Item: SwitchFilter, Filter: L-Pro
2026-08-15T02:38:47.3182|INFO|SequenceTrigger.cs|Run|114|Starting Trigger: DitherAfterExposures, After Exposures: 1
2026-08-15T02:38:47.3182|INFO|SequenceItem.cs|Run|208|Starting Category: * Set di Istruzioni *, Container: NINA.Sequencer.Container.SequentialContainer, Strategy: SequentialStrategy, Items[CREATED]: 1
2026-08-15T02:38:47.3183|INFO|SequenceItem.cs|Run|208|Starting Category: Guida, Item: Dither
2026-08-15T02:38:50.1969|INFO|HocusFocusStarDetection.cs|Detect|413|Average HFR: 3.157133593142464, HFR MAD: 0.36692138475205915, Detected Stars 482, Region: 0
2026-08-15T02:38:50.6499|INFO|BaseImageData.cs|SaveToDisk|346|Saved image to D:\Images NINA\Target\LIGHT_1x1_600.00s_15_132_M 27_Celestron C8__-9.96C_L-Pro_0056_2026-08-15_02-28-41_FWHM_4.67_Fok_38823.xisf
2026-08-15T02:38:50.6500|INFO|ImageSaveController.cs|DoWork|97|Successfully saved file at D:\Images NINA\Target\LIGHT_1x1_600.00s_15_132_M 27_Celestron C8__-9.96C_L-Pro_0056_2026-08-15_02-28-41_FWHM_4.67_Fok_38823.xisf. Duration Total: 00:00:03.1743510; BeforeSave: 00:00:00.0000836; BeforeFinalizeImageSaved: 00:00:03.1261982; FinalizeSaveTime: 00:00:00.0480686
2026-08-15T02:39:17.6393|INFO|SequenceItem.cs|Run|254|Finishing Category: Guida, Item: Dither
2026-08-15T02:39:17.6395|INFO|SequenceItem.cs|Run|254|Finishing Category: * Set di Istruzioni *, Container: NINA.Sequencer.Container.SequentialContainer, Strategy: SequentialStrategy, Items[FINISHED]: 1
2026-08-15T02:39:17.6401|INFO|MeridianFlipTrigger.cs|ShouldTrigger|211|Meridian Flip - Flip for the current target already happened at 08/14/2026 23:31:19. Skip flip evaluation
2026-08-15T02:39:17.6401|INFO|SequenceTrigger.cs|Run|114|Starting Trigger: RestoreGuiding
2026-08-15T02:39:17.6401|INFO|SequenceItem.cs|Run|208|Starting Category: * Set di Istruzioni *, Container: NINA.Sequencer.Container.SequentialContainer, Strategy: SequentialStrategy, Items[CREATED]: 1
2026-08-15T02:39:17.6402|INFO|SequenceItem.cs|Run|208|Starting Category: Guida, Item: StartGuiding
2026-08-15T02:39:17.6931|INFO|PHD2Guider.cs|StartGuidingPrivate|504|Phd2 - App is already guiding. Skipping start guiding
2026-08-15T02:39:17.6954|INFO|SequenceItem.cs|Run|254|Finishing Category: Guida, Item: StartGuiding
2026-08-15T02:39:17.6976|INFO|SequenceItem.cs|Run|254|Finishing Category: * Set di Istruzioni *, Container: NINA.Sequencer.Container.SequentialContainer, Strategy: SequentialStrategy, Items[FINISHED]: 1
2026-08-15T02:39:17.7112|INFO|SequenceItem.cs|Run|208|Starting Category: Fotocamera, Item: TakeExposure, ExposureTime 600, Gain 15, Offset 132, ImageType LIGHT, Binning 1x1
2026-08-15T02:39:17.7118|INFO|CameraVM.cs|Capture|742|Starting Exposure - Exposure Time: 600s; Filter: ; Gain: 15; Offset 132; Binning: 1x1;
2026-08-15T02:49:23.8965|WARNING|DeviceUpdateTimer.cs|Run|115|Camera value update cycle took longer than the device poll interval (Total: 10.16s > 2s; Poll: 00:00:10.1561906; Update: 00:00:00.0001391)
2026-08-15T02:49:23.9982|INFO|SequenceItem.cs|Run|254|Finishing Category: Fotocamera, Item: TakeExposure, ExposureTime 600, Gain 15, Offset 132, ImageType LIGHT, Binning 1x1
2026-08-15T02:49:23.9989|INFO|MeridianFlipTrigger.cs|ShouldTrigger|211|Meridian Flip - Flip for the current target already happened at 08/14/2026 23:31:19. Skip flip evaluation
2026-08-15T02:49:23.9990|INFO|SequenceItem.cs|Run|208|Starting Category: Ruota porta filtri, Item: SwitchFilter, Filter: L-Pro
2026-08-15T02:49:24.2322|INFO|SequenceItem.cs|Run|254|Finishing Category: Ruota porta filtri, Item: SwitchFilter, Filter: L-Pro
2026-08-15T02:49:24.2325|INFO|SequenceTrigger.cs|Run|114|Starting Trigger: DitherAfterExposures, After Exposures: 1
2026-08-15T02:49:24.2326|INFO|SequenceItem.cs|Run|208|Starting Category: * Set di Istruzioni *, Container: NINA.Sequencer.Container.SequentialContainer, Strategy: SequentialStrategy, Items[CREATED]: 1
2026-08-15T02:49:24.2326|INFO|SequenceItem.cs|Run|208|Starting Category: Guida, Item: Dither
2026-08-15T02:49:27.0685|INFO|HocusFocusStarDetection.cs|Detect|413|Average HFR: 3.0829025808626778, HFR MAD: 0.34803032035438, Detected Stars 497, Region: 0
2026-08-15T02:49:27.5227|INFO|BaseImageData.cs|SaveToDisk|346|Saved image to D:\Images NINA\Target\LIGHT_1x1_600.00s_15_132_M 27_Celestron C8__-9.96C_L-Pro_0057_2026-08-15_02-39-17_FWHM_4.64_Fok_38823.xisf
2026-08-15T02:49:27.5229|INFO|ImageSaveController.cs|DoWork|97|Successfully saved file at D:\Images NINA\Target\LIGHT_1x1_600.00s_15_132_M 27_Celestron C8__-9.96C_L-Pro_0057_2026-08-15_02-39-17_FWHM_4.64_Fok_38823.xisf. Duration Total: 00:00:03.2330695; BeforeSave: 00:00:00.0743746; BeforeFinalizeImageSaved: 00:00:03.1256193; FinalizeSaveTime: 00:00:00.0330748
2026-08-15T02:49:50.1202|INFO|SequenceItem.cs|Run|254|Finishing Category: Guida, Item: Dither
2026-08-15T02:49:50.1204|INFO|SequenceItem.cs|Run|254|Finishing Category: * Set di Istruzioni *, Container: NINA.Sequencer.Container.SequentialContainer, Strategy: SequentialStrategy, Items[FINISHED]: 1
2026-08-15T02:49:50.1209|INFO|MeridianFlipTrigger.cs|ShouldTrigger|211|Meridian Flip - Flip for the current target already happened at 08/14/2026 23:31:19. Skip flip evaluation
2026-08-15T02:49:50.1210|INFO|SequenceTrigger.cs|Run|114|Starting Trigger: RestoreGuiding
2026-08-15T02:49:50.1210|INFO|SequenceItem.cs|Run|208|Starting Category: * Set di Istruzioni *, Container: NINA.Sequencer.Container.SequentialContainer, Strategy: SequentialStrategy, Items[CREATED]: 1
2026-08-15T02:49:50.1211|INFO|SequenceItem.cs|Run|208|Starting Category: Guida, Item: StartGuiding
2026-08-15T02:49:50.1635|INFO|PHD2Guider.cs|StartGuidingPrivate|504|Phd2 - App is already guiding. Skipping start guiding
2026-08-15T02:49:50.1636|INFO|SequenceItem.cs|Run|254|Finishing Category: Guida, Item: StartGuiding
2026-08-15T02:49:50.1638|INFO|SequenceItem.cs|Run|254|Finishing Category: * Set di Istruzioni *, Container: NINA.Sequencer.Container.SequentialContainer, Strategy: SequentialStrategy, Items[FINISHED]: 1
2026-08-15T02:49:50.1639|INFO|SequenceItem.cs|Run|208|Starting Category: Fotocamera, Item: TakeExposure, ExposureTime 600, Gain 15, Offset 132, ImageType LIGHT, Binning 1x1
2026-08-15T02:49:50.1688|INFO|CameraVM.cs|Capture|742|Starting Exposure - Exposure Time: 600s; Filter: ; Gain: 15; Offset 132; Binning: 1x1;
2026-08-15T02:59:56.3951|WARNING|DeviceUpdateTimer.cs|Run|115|Camera value update cycle took longer than the device poll interval (Total: 10.66s > 2s; Poll: 00:00:10.6576909; Update: 00:00:00.0001967)
2026-08-15T02:59:56.3973|INFO|SequenceItem.cs|Run|254|Finishing Category: Fotocamera, Item: TakeExposure, ExposureTime 600, Gain 15, Offset 132, ImageType LIGHT, Binning 1x1
2026-08-15T02:59:56.3982|INFO|MeridianFlipTrigger.cs|ShouldTrigger|211|Meridian Flip - Flip for the current target already happened at 08/14/2026 23:31:19. Skip flip evaluation
2026-08-15T02:59:56.3982|INFO|SequenceItem.cs|Run|208|Starting Category: Ruota porta filtri, Item: SwitchFilter, Filter: L-Pro
2026-08-15T02:59:56.5212|INFO|SequenceItem.cs|Run|254|Finishing Category: Ruota porta filtri, Item: SwitchFilter, Filter: L-Pro
2026-08-15T02:59:56.5216|INFO|SequenceTrigger.cs|Run|114|Starting Trigger: DitherAfterExposures, After Exposures: 1
2026-08-15T02:59:56.5216|INFO|SequenceItem.cs|Run|208|Starting Category: * Set di Istruzioni *, Container: NINA.Sequencer.Container.SequentialContainer, Strategy: SequentialStrategy, Items[CREATED]: 1
2026-08-15T02:59:56.5217|INFO|SequenceItem.cs|Run|208|Starting Category: Guida, Item: Dither
2026-08-15T02:59:59.4858|INFO|HocusFocusStarDetection.cs|Detect|413|Average HFR: 3.0730579421446116, HFR MAD: 0.35645912439250527, Detected Stars 500, Region: 0
2026-08-15T02:59:59.8018|INFO|BaseImageData.cs|SaveToDisk|346|Saved image to D:\Images NINA\Target\LIGHT_1x1_600.00s_15_132_M 27_Celestron C8__-9.96C_L-Pro_0058_2026-08-15_02-49-50_FWHM_4.69_Fok_38823.xisf
2026-08-15T02:59:59.8020|INFO|ImageSaveController.cs|DoWork|97|Successfully saved file at D:\Images NINA\Target\LIGHT_1x1_600.00s_15_132_M 27_Celestron C8__-9.96C_L-Pro_0058_2026-08-15_02-49-50_FWHM_4.69_Fok_38823.xisf. Duration Total: 00:00:03.1014202; BeforeSave: 00:00:00.0000753; BeforeFinalizeImageSaved: 00:00:03.0641248; FinalizeSaveTime: 00:00:00.0372192
2026-08-15T03:00:24.9416|INFO|SequenceItem.cs|Run|254|Finishing Category: Guida, Item: Dither
2026-08-15T03:00:24.9418|INFO|SequenceItem.cs|Run|254|Finishing Category: * Set di Istruzioni *, Container: NINA.Sequencer.Container.SequentialContainer, Strategy: SequentialStrategy, Items[FINISHED]: 1
2026-08-15T03:00:24.9424|INFO|MeridianFlipTrigger.cs|ShouldTrigger|211|Meridian Flip - Flip for the current target already happened at 08/14/2026 23:31:19. Skip flip evaluation
2026-08-15T03:00:24.9424|INFO|SequenceTrigger.cs|Run|114|Starting Trigger: RestoreGuiding
2026-08-15T03:00:24.9425|INFO|SequenceItem.cs|Run|208|Starting Category: * Set di Istruzioni *, Container: NINA.Sequencer.Container.SequentialContainer, Strategy: SequentialStrategy, Items[CREATED]: 1
2026-08-15T03:00:24.9425|INFO|SequenceItem.cs|Run|208|Starting Category: Guida, Item: StartGuiding
2026-08-15T03:00:24.9835|INFO|PHD2Guider.cs|StartGuidingPrivate|504|Phd2 - App is already guiding. Skipping start guiding
2026-08-15T03:00:24.9861|INFO|SequenceItem.cs|Run|254|Finishing Category: Guida, Item: StartGuiding
2026-08-15T03:00:24.9876|INFO|SequenceItem.cs|Run|254|Finishing Category: * Set di Istruzioni *, Container: NINA.Sequencer.Container.SequentialContainer, Strategy: SequentialStrategy, Items[FINISHED]: 1
2026-08-15T03:00:25.0075|INFO|SequenceItem.cs|Run|208|Starting Category: Fotocamera, Item: TakeExposure, ExposureTime 600, Gain 15, Offset 132, ImageType LIGHT, Binning 1x1
2026-08-15T03:00:25.0080|INFO|CameraVM.cs|Capture|742|Starting Exposure - Exposure Time: 600s; Filter: ; Gain: 15; Offset 132; Binning: 1x1;
2026-08-15T03:10:31.1841|WARNING|DeviceUpdateTimer.cs|Run|115|Camera value update cycle took longer than the device poll interval (Total: 11.45s > 2s; Poll: 00:00:11.4471869; Update: 00:00:00.0001994)
2026-08-15T03:10:31.1849|INFO|SequenceItem.cs|Run|254|Finishing Category: Fotocamera, Item: TakeExposure, ExposureTime 600, Gain 15, Offset 132, ImageType LIGHT, Binning 1x1
2026-08-15T03:10:31.1856|INFO|MeridianFlipTrigger.cs|ShouldTrigger|211|Meridian Flip - Flip for the current target already happened at 08/14/2026 23:31:19. Skip flip evaluation
2026-08-15T03:10:31.1857|INFO|SequenceItem.cs|Run|208|Starting Category: Ruota porta filtri, Item: SwitchFilter, Filter: L-Pro
2026-08-15T03:10:31.3401|INFO|SequenceItem.cs|Run|254|Finishing Category: Ruota porta filtri, Item: SwitchFilter, Filter: L-Pro
2026-08-15T03:10:31.3405|INFO|SequenceTrigger.cs|Run|114|Starting Trigger: DitherAfterExposures, After Exposures: 1
2026-08-15T03:10:31.3406|INFO|SequenceItem.cs|Run|208|Starting Category: * Set di Istruzioni *, Container: NINA.Sequencer.Container.SequentialContainer, Strategy: SequentialStrategy, Items[CREATED]: 1
2026-08-15T03:10:31.3406|INFO|SequenceItem.cs|Run|208|Starting Category: Guida, Item: Dither
2026-08-15T03:10:31.6980|INFO|ImageSolver.cs|Solve|41|Platesolving with parameters: FocalLength: 1260 PixelSize: 4.54 SearchRadius: 30 BlindFailoverEnabled: True Regions: 5000 DownSampleFactor: 2 MaxObjects: 500 Reference Coordinates RA: 19:59:42 Dec: 22° 43' 12" Epoch: J2000
2026-08-15T03:10:32.2301|INFO|BaseImageData.cs|SaveToDisk|346|Saved image to C:\Users\PrimaLuceLab\AppData\Local\NINA\PlateSolver\cbeprghf.4li.fits
2026-08-15T03:10:35.1607|INFO|HocusFocusStarDetection.cs|Detect|413|Average HFR: 3.1543136405945162, HFR MAD: 0.37844558292271024, Detected Stars 482, Region: 0
2026-08-15T03:10:35.6770|INFO|ImageSolver.cs|Solve|54|Platesolve successful: Coordinates: RA: 19:59:46; Dec: 22° 43' 41"; Epoch: J2000 - Position Angle: 89.36615076548856
2026-08-15T03:10:35.6771|INFO|CenterAfterDriftTrigger.cs|PlatesolvingImageFollower_PropertyChanged|189|Drift: 2.2980519127744126 / 3 arc minutes
2026-08-15T03:10:35.7290|INFO|BaseImageData.cs|SaveToDisk|346|Saved image to D:\Images NINA\Target\LIGHT_1x1_600.00s_15_132_M 27_Celestron C8__-9.96C_L-Pro_0059_2026-08-15_03-00-25_FWHM_4.86_Fok_38823.xisf
2026-08-15T03:10:35.7291|INFO|ImageSaveController.cs|DoWork|97|Successfully saved file at D:\Images NINA\Target\LIGHT_1x1_600.00s_15_132_M 27_Celestron C8__-9.96C_L-Pro_0059_2026-08-15_03-00-25_FWHM_4.86_Fok_38823.xisf. Duration Total: 00:00:04.1500360; BeforeSave: 00:00:00.1187437; BeforeFinalizeImageSaved: 00:00:04.0039663; FinalizeSaveTime: 00:00:00.0273253
2026-08-15T03:10:48.3414|INFO|SequenceItem.cs|Run|254|Finishing Category: Guida, Item: Dither
2026-08-15T03:10:48.3416|INFO|SequenceItem.cs|Run|254|Finishing Category: * Set di Istruzioni *, Container: NINA.Sequencer.Container.SequentialContainer, Strategy: SequentialStrategy, Items[FINISHED]: 1
2026-08-15T03:10:48.3589|INFO|MeridianFlipTrigger.cs|ShouldTrigger|211|Meridian Flip - Flip for the current target already happened at 08/14/2026 23:31:19. Skip flip evaluation
2026-08-15T03:10:48.3590|INFO|SequenceTrigger.cs|Run|114|Starting Trigger: RestoreGuiding
2026-08-15T03:10:48.3591|INFO|SequenceItem.cs|Run|208|Starting Category: * Set di Istruzioni *, Container: NINA.Sequencer.Container.SequentialContainer, Strategy: SequentialStrategy, Items[CREATED]: 1
2026-08-15T03:10:48.3592|INFO|SequenceItem.cs|Run|208|Starting Category: Guida, Item: StartGuiding
2026-08-15T03:10:48.3919|INFO|PHD2Guider.cs|StartGuidingPrivate|504|Phd2 - App is already guiding. Skipping start guiding
2026-08-15T03:10:48.4013|INFO|SequenceItem.cs|Run|254|Finishing Category: Guida, Item: StartGuiding
2026-08-15T03:10:48.4015|INFO|SequenceItem.cs|Run|254|Finishing Category: * Set di Istruzioni *, Container: NINA.Sequencer.Container.SequentialContainer, Strategy: SequentialStrategy, Items[FINISHED]: 1
2026-08-15T03:10:48.4108|INFO|SequenceItem.cs|Run|208|Starting Category: Fotocamera, Item: TakeExposure, ExposureTime 600, Gain 15, Offset 132, ImageType LIGHT, Binning 1x1
2026-08-15T03:10:48.4118|INFO|CameraVM.cs|Capture|742|Starting Exposure - Exposure Time: 600s; Filter: ; Gain: 15; Offset 132; Binning: 1x1;
2026-08-15T03:20:54.5896|WARNING|DeviceUpdateTimer.cs|Run|115|Camera value update cycle took longer than the device poll interval (Total: 10.85s > 2s; Poll: 00:00:10.8526465; Update: 00:00:00.0001702)
2026-08-15T03:20:54.5904|INFO|SequenceItem.cs|Run|254|Finishing Category: Fotocamera, Item: TakeExposure, ExposureTime 600, Gain 15, Offset 132, ImageType LIGHT, Binning 1x1
2026-08-15T03:20:54.5911|INFO|MeridianFlipTrigger.cs|ShouldTrigger|211|Meridian Flip - Flip for the current target already happened at 08/14/2026 23:31:19. Skip flip evaluation
2026-08-15T03:20:54.5911|INFO|SequenceItem.cs|Run|208|Starting Category: Ruota porta filtri, Item: SwitchFilter, Filter: L-Pro
2026-08-15T03:20:54.7208|INFO|SequenceItem.cs|Run|254|Finishing Category: Ruota porta filtri, Item: SwitchFilter, Filter: L-Pro
2026-08-15T03:20:54.7212|INFO|SequenceTrigger.cs|Run|114|Starting Trigger: DitherAfterExposures, After Exposures: 1
2026-08-15T03:20:54.7213|INFO|SequenceItem.cs|Run|208|Starting Category: * Set di Istruzioni *, Container: NINA.Sequencer.Container.SequentialContainer, Strategy: SequentialStrategy, Items[CREATED]: 1
2026-08-15T03:20:54.7213|INFO|SequenceItem.cs|Run|208|Starting Category: Guida, Item: Dither
2026-08-15T03:20:57.5428|INFO|HocusFocusStarDetection.cs|Detect|413|Average HFR: 3.144243490952988, HFR MAD: 0.3701646779958043, Detected Stars 473, Region: 0
2026-08-15T03:20:58.0024|INFO|BaseImageData.cs|SaveToDisk|346|Saved image to D:\Images NINA\Target\LIGHT_1x1_600.00s_15_132_M 27_Celestron C8__-9.96C_L-Pro_0060_2026-08-15_03-10-48_FWHM_4.88_Fok_38823.xisf
2026-08-15T03:20:58.0025|INFO|ImageSaveController.cs|DoWork|97|Successfully saved file at D:\Images NINA\Target\LIGHT_1x1_600.00s_15_132_M 27_Celestron C8__-9.96C_L-Pro_0060_2026-08-15_03-10-48_FWHM_4.88_Fok_38823.xisf. Duration Total: 00:00:03.0932726; BeforeSave: 00:00:00.0000768; BeforeFinalizeImageSaved: 00:00:03.0552819; FinalizeSaveTime: 00:00:00.0379133
2026-08-15T03:21:20.5116|INFO|SequenceItem.cs|Run|254|Finishing Category: Guida, Item: Dither
2026-08-15T03:21:20.5118|INFO|SequenceItem.cs|Run|254|Finishing Category: * Set di Istruzioni *, Container: NINA.Sequencer.Container.SequentialContainer, Strategy: SequentialStrategy, Items[FINISHED]: 1
2026-08-15T03:21:20.5124|INFO|MeridianFlipTrigger.cs|ShouldTrigger|211|Meridian Flip - Flip for the current target already happened at 08/14/2026 23:31:19. Skip flip evaluation
2026-08-15T03:21:20.5124|INFO|SequenceTrigger.cs|Run|114|Starting Trigger: RestoreGuiding
2026-08-15T03:21:20.5125|INFO|SequenceItem.cs|Run|208|Starting Category: * Set di Istruzioni *, Container: NINA.Sequencer.Container.SequentialContainer, Strategy: SequentialStrategy, Items[CREATED]: 1
2026-08-15T03:21:20.5125|INFO|SequenceItem.cs|Run|208|Starting Category: Guida, Item: StartGuiding
2026-08-15T03:21:20.5553|INFO|PHD2Guider.cs|StartGuidingPrivate|504|Phd2 - App is already guiding. Skipping start guiding
2026-08-15T03:21:20.5574|INFO|SequenceItem.cs|Run|254|Finishing Category: Guida, Item: StartGuiding
2026-08-15T03:21:20.5575|INFO|SequenceItem.cs|Run|254|Finishing Category: * Set di Istruzioni *, Container: NINA.Sequencer.Container.SequentialContainer, Strategy: SequentialStrategy, Items[FINISHED]: 1
2026-08-15T03:21:20.5578|INFO|SequenceItem.cs|Run|208|Starting Category: Fotocamera, Item: TakeExposure, ExposureTime 600, Gain 15, Offset 132, ImageType LIGHT, Binning 1x1
2026-08-15T03:21:20.5606|INFO|CameraVM.cs|Capture|742|Starting Exposure - Exposure Time: 600s; Filter: ; Gain: 15; Offset 132; Binning: 1x1;
2026-08-15T03:31:26.7274|WARNING|DeviceUpdateTimer.cs|Run|115|Camera value update cycle took longer than the device poll interval (Total: 9.74s > 2s; Poll: 00:00:09.7420602; Update: 00:00:00.0001298)
2026-08-15T03:31:26.7602|INFO|SequenceItem.cs|Run|254|Finishing Category: Fotocamera, Item: TakeExposure, ExposureTime 600, Gain 15, Offset 132, ImageType LIGHT, Binning 1x1
2026-08-15T03:31:26.7614|INFO|MeridianFlipTrigger.cs|ShouldTrigger|211|Meridian Flip - Flip for the current target already happened at 08/14/2026 23:31:19. Skip flip evaluation
2026-08-15T03:31:26.7615|INFO|SequenceItem.cs|Run|208|Starting Category: Ruota porta filtri, Item: SwitchFilter, Filter: L-Pro
2026-08-15T03:31:26.8799|INFO|SequenceItem.cs|Run|254|Finishing Category: Ruota porta filtri, Item: SwitchFilter, Filter: L-Pro
2026-08-15T03:31:26.8801|INFO|SequenceTrigger.cs|Run|114|Starting Trigger: DitherAfterExposures, After Exposures: 1
2026-08-15T03:31:26.8802|INFO|SequenceItem.cs|Run|208|Starting Category: * Set di Istruzioni *, Container: NINA.Sequencer.Container.SequentialContainer, Strategy: SequentialStrategy, Items[CREATED]: 1
2026-08-15T03:31:26.8803|INFO|SequenceItem.cs|Run|208|Starting Category: Guida, Item: Dither
2026-08-15T03:31:29.9558|INFO|HocusFocusStarDetection.cs|Detect|413|Average HFR: 3.0903843203864665, HFR MAD: 0.3726364194651022, Detected Stars 487, Region: 0
2026-08-15T03:31:30.4060|INFO|BaseImageData.cs|SaveToDisk|346|Saved image to D:\Images NINA\Target\LIGHT_1x1_600.00s_15_132_M 27_Celestron C8__-9.96C_L-Pro_0061_2026-08-15_03-21-20_FWHM_4.81_Fok_38823.xisf
2026-08-15T03:31:30.4656|INFO|ImageSaveController.cs|DoWork|97|Successfully saved file at D:\Images NINA\Target\LIGHT_1x1_600.00s_15_132_M 27_Celestron C8__-9.96C_L-Pro_0061_2026-08-15_03-21-20_FWHM_4.81_Fok_38823.xisf. Duration Total: 00:00:03.4135418; BeforeSave: 00:00:00.0001289; BeforeFinalizeImageSaved: 00:00:03.3278324; FinalizeSaveTime: 00:00:00.0855802
2026-08-15T03:31:55.5028|INFO|SequenceItem.cs|Run|254|Finishing Category: Guida, Item: Dither
2026-08-15T03:31:55.5030|INFO|SequenceItem.cs|Run|254|Finishing Category: * Set di Istruzioni *, Container: NINA.Sequencer.Container.SequentialContainer, Strategy: SequentialStrategy, Items[FINISHED]: 1
2026-08-15T03:31:55.5035|INFO|MeridianFlipTrigger.cs|ShouldTrigger|211|Meridian Flip - Flip for the current target already happened at 08/14/2026 23:31:19. Skip flip evaluation
2026-08-15T03:31:55.5035|INFO|SequenceTrigger.cs|Run|114|Starting Trigger: RestoreGuiding
2026-08-15T03:31:55.5036|INFO|SequenceItem.cs|Run|208|Starting Category: * Set di Istruzioni *, Container: NINA.Sequencer.Container.SequentialContainer, Strategy: SequentialStrategy, Items[CREATED]: 1
2026-08-15T03:31:55.5037|INFO|SequenceItem.cs|Run|208|Starting Category: Guida, Item: StartGuiding
2026-08-15T03:31:55.5310|INFO|PHD2Guider.cs|StartGuidingPrivate|504|Phd2 - App is already guiding. Skipping start guiding
2026-08-15T03:31:55.5336|INFO|SequenceItem.cs|Run|254|Finishing Category: Guida, Item: StartGuiding
2026-08-15T03:31:55.5340|INFO|SequenceItem.cs|Run|254|Finishing Category: * Set di Istruzioni *, Container: NINA.Sequencer.Container.SequentialContainer, Strategy: SequentialStrategy, Items[FINISHED]: 1
2026-08-15T03:31:55.5345|INFO|SequenceItem.cs|Run|208|Starting Category: Fotocamera, Item: TakeExposure, ExposureTime 600, Gain 15, Offset 132, ImageType LIGHT, Binning 1x1
2026-08-15T03:31:55.5349|INFO|CameraVM.cs|Capture|742|Starting Exposure - Exposure Time: 600s; Filter: ; Gain: 15; Offset 132; Binning: 1x1;
2026-08-15T03:42:01.7185|INFO|SequenceItem.cs|Run|254|Finishing Category: Fotocamera, Item: TakeExposure, ExposureTime 600, Gain 15, Offset 132, ImageType LIGHT, Binning 1x1
2026-08-15T03:42:01.7193|INFO|MeridianFlipTrigger.cs|ShouldTrigger|211|Meridian Flip - Flip for the current target already happened at 08/14/2026 23:31:19. Skip flip evaluation
2026-08-15T03:42:01.7194|INFO|SequenceItem.cs|Run|208|Starting Category: Ruota porta filtri, Item: SwitchFilter, Filter: L-Pro
2026-08-15T03:42:01.7207|WARNING|DeviceUpdateTimer.cs|Run|115|Camera value update cycle took longer than the device poll interval (Total: 11.98s > 2s; Poll: 00:00:11.9802633; Update: 00:00:00.0000957)
2026-08-15T03:42:01.8349|INFO|SequenceItem.cs|Run|254|Finishing Category: Ruota porta filtri, Item: SwitchFilter, Filter: L-Pro
2026-08-15T03:42:01.8363|INFO|SequenceTrigger.cs|Run|114|Starting Trigger: DitherAfterExposures, After Exposures: 1
2026-08-15T03:42:01.8364|INFO|SequenceItem.cs|Run|208|Starting Category: * Set di Istruzioni *, Container: NINA.Sequencer.Container.SequentialContainer, Strategy: SequentialStrategy, Items[CREATED]: 1
2026-08-15T03:42:01.8365|INFO|SequenceItem.cs|Run|208|Starting Category: Guida, Item: Dither
2026-08-15T03:42:04.7451|INFO|HocusFocusStarDetection.cs|Detect|413|Average HFR: 3.3219827853653165, HFR MAD: 0.4071778754535629, Detected Stars 414, Region: 0
2026-08-15T03:42:05.2040|INFO|BaseImageData.cs|SaveToDisk|346|Saved image to D:\Images NINA\Target\LIGHT_1x1_600.00s_15_132_M 27_Celestron C8__-9.96C_L-Pro_0062_2026-08-15_03-31-55_FWHM_5.26_Fok_38823.xisf
2026-08-15T03:42:05.2041|INFO|ImageSaveController.cs|DoWork|97|Successfully saved file at D:\Images NINA\Target\LIGHT_1x1_600.00s_15_132_M 27_Celestron C8__-9.96C_L-Pro_0062_2026-08-15_03-31-55_FWHM_5.26_Fok_38823.xisf. Duration Total: 00:00:03.1066984; BeforeSave: 00:00:00.0623404; BeforeFinalizeImageSaved: 00:00:03.0064520; FinalizeSaveTime: 00:00:00.0379050
2026-08-15T03:42:18.2315|INFO|SequenceItem.cs|Run|254|Finishing Category: Guida, Item: Dither
2026-08-15T03:42:18.2317|INFO|SequenceItem.cs|Run|254|Finishing Category: * Set di Istruzioni *, Container: NINA.Sequencer.Container.SequentialContainer, Strategy: SequentialStrategy, Items[FINISHED]: 1
2026-08-15T03:42:18.2322|INFO|MeridianFlipTrigger.cs|ShouldTrigger|211|Meridian Flip - Flip for the current target already happened at 08/14/2026 23:31:19. Skip flip evaluation
2026-08-15T03:42:18.2323|INFO|SequenceTrigger.cs|Run|114|Starting Trigger: RestoreGuiding
2026-08-15T03:42:18.2323|INFO|SequenceItem.cs|Run|208|Starting Category: * Set di Istruzioni *, Container: NINA.Sequencer.Container.SequentialContainer, Strategy: SequentialStrategy, Items[CREATED]: 1
2026-08-15T03:42:18.2324|INFO|SequenceItem.cs|Run|208|Starting Category: Guida, Item: StartGuiding
2026-08-15T03:42:18.2673|INFO|PHD2Guider.cs|StartGuidingPrivate|504|Phd2 - App is already guiding. Skipping start guiding
2026-08-15T03:42:18.2674|INFO|SequenceItem.cs|Run|254|Finishing Category: Guida, Item: StartGuiding
2026-08-15T03:42:18.2676|INFO|SequenceItem.cs|Run|254|Finishing Category: * Set di Istruzioni *, Container: NINA.Sequencer.Container.SequentialContainer, Strategy: SequentialStrategy, Items[FINISHED]: 1
2026-08-15T03:42:18.2753|INFO|SequenceItem.cs|Run|208|Starting Category: Fotocamera, Item: TakeExposure, ExposureTime 600, Gain 15, Offset 132, ImageType LIGHT, Binning 1x1
2026-08-15T03:42:18.2759|INFO|CameraVM.cs|Capture|742|Starting Exposure - Exposure Time: 600s; Filter: ; Gain: 15; Offset 132; Binning: 1x1;
2026-08-15T03:52:24.4579|WARNING|DeviceUpdateTimer.cs|Run|115|Camera value update cycle took longer than the device poll interval (Total: 10.70s > 2s; Poll: 00:00:10.6983428; Update: 00:00:00.0002425)
2026-08-15T03:52:24.4587|INFO|SequenceItem.cs|Run|254|Finishing Category: Fotocamera, Item: TakeExposure, ExposureTime 600, Gain 15, Offset 132, ImageType LIGHT, Binning 1x1
2026-08-15T03:52:24.4594|INFO|MeridianFlipTrigger.cs|ShouldTrigger|211|Meridian Flip - Flip for the current target already happened at 08/14/2026 23:31:19. Skip flip evaluation
2026-08-15T03:52:24.4595|INFO|SequenceItem.cs|Run|208|Starting Category: Ruota porta filtri, Item: SwitchFilter, Filter: L-Pro
2026-08-15T03:52:24.5917|INFO|SequenceItem.cs|Run|254|Finishing Category: Ruota porta filtri, Item: SwitchFilter, Filter: L-Pro
2026-08-15T03:52:24.5921|INFO|SequenceTrigger.cs|Run|114|Starting Trigger: DitherAfterExposures, After Exposures: 1
2026-08-15T03:52:24.5922|INFO|SequenceItem.cs|Run|208|Starting Category: * Set di Istruzioni *, Container: NINA.Sequencer.Container.SequentialContainer, Strategy: SequentialStrategy, Items[CREATED]: 1
2026-08-15T03:52:24.5922|INFO|SequenceItem.cs|Run|208|Starting Category: Guida, Item: Dither
2026-08-15T03:52:26.6371|INFO|HocusFocusStarDetection.cs|Detect|413|Average HFR: 3.9218120273366526, HFR MAD: 0.5123717803380181, Detected Stars 283, Region: 0
2026-08-15T03:52:27.1504|INFO|BaseImageData.cs|SaveToDisk|346|Saved image to D:\Images NINA\Target\LIGHT_1x1_600.00s_15_132_M 27_Celestron C8__-9.96C_L-Pro_0063_2026-08-15_03-42-18_FWHM_6.46_Fok_38823.xisf
2026-08-15T03:52:27.1505|INFO|ImageSaveController.cs|DoWork|97|Successfully saved file at D:\Images NINA\Target\LIGHT_1x1_600.00s_15_132_M 27_Celestron C8__-9.96C_L-Pro_0063_2026-08-15_03-42-18_FWHM_6.46_Fok_38823.xisf. Duration Total: 00:00:02.4118231; BeforeSave: 00:00:00.0000789; BeforeFinalizeImageSaved: 00:00:02.3856603; FinalizeSaveTime: 00:00:00.0260831
2026-08-15T03:52:51.7102|INFO|SequenceItem.cs|Run|254|Finishing Category: Guida, Item: Dither
2026-08-15T03:52:51.7104|INFO|SequenceItem.cs|Run|254|Finishing Category: * Set di Istruzioni *, Container: NINA.Sequencer.Container.SequentialContainer, Strategy: SequentialStrategy, Items[FINISHED]: 1
2026-08-15T03:52:51.7113|INFO|MeridianFlipTrigger.cs|ShouldTrigger|211|Meridian Flip - Flip for the current target already happened at 08/14/2026 23:31:19. Skip flip evaluation
2026-08-15T03:52:51.7114|INFO|SequenceTrigger.cs|Run|114|Starting Trigger: RestoreGuiding
2026-08-15T03:52:51.7114|INFO|SequenceItem.cs|Run|208|Starting Category: * Set di Istruzioni *, Container: NINA.Sequencer.Container.SequentialContainer, Strategy: SequentialStrategy, Items[CREATED]: 1
2026-08-15T03:52:51.7115|INFO|SequenceItem.cs|Run|208|Starting Category: Guida, Item: StartGuiding
2026-08-15T03:52:51.7355|INFO|PHD2Guider.cs|StartGuidingPrivate|504|Phd2 - App is already guiding. Skipping start guiding
2026-08-15T03:52:51.7387|INFO|SequenceItem.cs|Run|254|Finishing Category: Guida, Item: StartGuiding
2026-08-15T03:52:51.7399|INFO|SequenceItem.cs|Run|254|Finishing Category: * Set di Istruzioni *, Container: NINA.Sequencer.Container.SequentialContainer, Strategy: SequentialStrategy, Items[FINISHED]: 1
2026-08-15T03:52:51.7539|INFO|SequenceItem.cs|Run|208|Starting Category: Fotocamera, Item: TakeExposure, ExposureTime 600, Gain 15, Offset 132, ImageType LIGHT, Binning 1x1
2026-08-15T03:52:51.7545|INFO|CameraVM.cs|Capture|742|Starting Exposure - Exposure Time: 600s; Filter: ; Gain: 15; Offset 132; Binning: 1x1;
2026-08-15T04:02:57.9385|INFO|SequenceItem.cs|Run|254|Finishing Category: Fotocamera, Item: TakeExposure, ExposureTime 600, Gain 15, Offset 132, ImageType LIGHT, Binning 1x1
2026-08-15T04:02:57.9401|INFO|MeridianFlipTrigger.cs|ShouldTrigger|211|Meridian Flip - Flip for the current target already happened at 08/14/2026 23:31:19. Skip flip evaluation
2026-08-15T04:02:57.9401|INFO|SequenceItem.cs|Run|208|Starting Category: Ruota porta filtri, Item: SwitchFilter, Filter: L-Pro
2026-08-15T04:02:57.9405|WARNING|DeviceUpdateTimer.cs|Run|115|Camera value update cycle took longer than the device poll interval (Total: 10.20s > 2s; Poll: 00:00:10.2013770; Update: 00:00:00.0001007)
2026-08-15T04:02:58.0695|INFO|SequenceItem.cs|Run|254|Finishing Category: Ruota porta filtri, Item: SwitchFilter, Filter: L-Pro
2026-08-15T04:02:58.0697|INFO|SequenceTrigger.cs|Run|114|Starting Trigger: DitherAfterExposures, After Exposures: 1
2026-08-15T04:02:58.0698|INFO|SequenceItem.cs|Run|208|Starting Category: * Set di Istruzioni *, Container: NINA.Sequencer.Container.SequentialContainer, Strategy: SequentialStrategy, Items[CREATED]: 1
2026-08-15T04:02:58.0699|INFO|SequenceItem.cs|Run|208|Starting Category: Guida, Item: Dither
2026-08-15T04:02:58.2468|INFO|ImageSolver.cs|Solve|41|Platesolving with parameters: FocalLength: 1260 PixelSize: 4.54 SearchRadius: 30 BlindFailoverEnabled: True Regions: 5000 DownSampleFactor: 2 MaxObjects: 500 Reference Coordinates RA: 19:59:50 Dec: 22° 45' 01" Epoch: J2000
2026-08-15T04:02:58.6151|INFO|BaseImageData.cs|SaveToDisk|346|Saved image to C:\Users\PrimaLuceLab\AppData\Local\NINA\PlateSolver\miuntaih.idk.fits
2026-08-15T04:03:00.9271|INFO|HocusFocusStarDetection.cs|Detect|413|Average HFR: 4.379123000783988, HFR MAD: 0.505841956739542, Detected Stars 197, Region: 0
2026-08-15T04:03:01.4559|INFO|BaseImageData.cs|SaveToDisk|346|Saved image to D:\Images NINA\Target\LIGHT_1x1_600.00s_15_132_M 27_Celestron C8__-9.96C_L-Pro_0064_2026-08-15_03-52-51_FWHM_7.35_Fok_38823.xisf
2026-08-15T04:03:01.4560|INFO|ImageSaveController.cs|DoWork|97|Successfully saved file at D:\Images NINA\Target\LIGHT_1x1_600.00s_15_132_M 27_Celestron C8__-9.96C_L-Pro_0064_2026-08-15_03-52-51_FWHM_7.35_Fok_38823.xisf. Duration Total: 00:00:03.2093864; BeforeSave: 00:00:00.0000859; BeforeFinalizeImageSaved: 00:00:03.1552368; FinalizeSaveTime: 00:00:00.0540633
2026-08-15T04:03:03.7702|INFO|ImageSolver.cs|Solve|54|Platesolve successful: Coordinates: RA: 19:59:48; Dec: 22° 43' 28"; Epoch: J2000 - Position Angle: 89.35623572741662
2026-08-15T04:03:03.7703|INFO|CenterAfterDriftTrigger.cs|PlatesolvingImageFollower_PropertyChanged|189|Drift: 2.779760278178035 / 3 arc minutes
2026-08-15T04:03:15.6243|INFO|SequenceItem.cs|Run|254|Finishing Category: Guida, Item: Dither
2026-08-15T04:03:15.6247|INFO|SequenceItem.cs|Run|254|Finishing Category: * Set di Istruzioni *, Container: NINA.Sequencer.Container.SequentialContainer, Strategy: SequentialStrategy, Items[FINISHED]: 1
2026-08-15T04:03:15.6252|INFO|MeridianFlipTrigger.cs|ShouldTrigger|211|Meridian Flip - Flip for the current target already happened at 08/14/2026 23:31:19. Skip flip evaluation
2026-08-15T04:03:15.6252|INFO|SequenceTrigger.cs|Run|114|Starting Trigger: RestoreGuiding
2026-08-15T04:03:15.6253|INFO|SequenceItem.cs|Run|208|Starting Category: * Set di Istruzioni *, Container: NINA.Sequencer.Container.SequentialContainer, Strategy: SequentialStrategy, Items[CREATED]: 1
2026-08-15T04:03:15.6254|INFO|SequenceItem.cs|Run|208|Starting Category: Guida, Item: StartGuiding
2026-08-15T04:03:15.6720|INFO|PHD2Guider.cs|StartGuidingPrivate|504|Phd2 - App is already guiding. Skipping start guiding
2026-08-15T04:03:15.6764|INFO|SequenceItem.cs|Run|254|Finishing Category: Guida, Item: StartGuiding
2026-08-15T04:03:15.6783|INFO|SequenceItem.cs|Run|254|Finishing Category: * Set di Istruzioni *, Container: NINA.Sequencer.Container.SequentialContainer, Strategy: SequentialStrategy, Items[FINISHED]: 1
2026-08-15T04:03:15.6785|INFO|AutofocusAfterHFRIncreaseTrigger.cs|ShouldTrigger|221|Autofocus after HFR change should be triggered, as current HFR trend is 13.55% higher compared to threshold of 5%
2026-08-15T04:03:15.6786|INFO|SequenceTrigger.cs|Run|114|Starting Trigger: AutofocusAfterHFRIncreaseTrigger, Amount: 5
2026-08-15T04:03:15.6787|INFO|SequenceItem.cs|Run|208|Starting Category: * Set di Istruzioni *, Container: NINA.Sequencer.Container.SequentialContainer, Strategy: SequentialStrategy, Items[CREATED]: 1
2026-08-15T04:03:15.6787|INFO|SequenceItem.cs|Run|208|Starting Category: Focheggiatore, Item: RunAutofocus
2026-08-15T04:03:15.9001|INFO|FocuserMediator.cs|BroadcastAutoFocusRunStarting|92|Autofocus starting notification received
2026-08-15T04:03:17.0417|INFO|AutoFocusEngine.cs|RunAutoFocus|929|Starting AutoFocus with initial position 38823
2026-08-15T04:03:17.1611|INFO|CameraVM.cs|Capture|742|Starting Exposure - Exposure Time: 6s; Filter: L-Pro; Gain: 15; Offset 132; Binning: 2x2;
2026-08-15T04:03:24.4729|INFO|AutoFocusEngine.cs|StartBlindFocusPoints|769|Waiting on initial HFR analysis
2026-08-15T04:03:24.4733|INFO|FocuserVM.cs|MoveFocuserInternal|216|Moving Focuser to position 39623
2026-08-15T04:03:25.0635|INFO|HocusFocusStarDetection.cs|Detect|413|Average HFR: 2.4088109928964085, HFR MAD: 0.2686967029661256, Detected Stars 163, Region: 0
2026-08-15T04:03:33.5522|INFO|CameraVM.cs|Capture|742|Starting Exposure - Exposure Time: 6s; Filter: L-Pro; Gain: 15; Offset 132; Binning: 2x2;
2026-08-15T04:03:40.8834|INFO|FocuserVM.cs|MoveFocuserInternal|216|Moving Focuser to position 39423
2026-08-15T04:03:41.4609|INFO|HocusFocusStarDetection.cs|Detect|413|Average HFR: 2.0353520282591164, HFR MAD: 0.190844227785401, Detected Stars 176, Region: 0
2026-08-15T04:03:46.1961|INFO|CameraVM.cs|Capture|742|Starting Exposure - Exposure Time: 6s; Filter: L-Pro; Gain: 15; Offset 132; Binning: 2x2;
2026-08-15T04:03:53.5104|INFO|FocuserVM.cs|MoveFocuserInternal|216|Moving Focuser to position 39223
2026-08-15T04:03:54.0518|INFO|HocusFocusStarDetection.cs|Detect|413|Average HFR: 1.805315588392011, HFR MAD: 0.12500471337430352, Detected Stars 174, Region: 0
2026-08-15T04:03:59.5171|INFO|CameraVM.cs|Capture|742|Starting Exposure - Exposure Time: 6s; Filter: L-Pro; Gain: 15; Offset 132; Binning: 2x2;
2026-08-15T04:04:06.8313|INFO|FocuserVM.cs|MoveFocuserInternal|216|Moving Focuser to position 39023
2026-08-15T04:04:07.4311|INFO|HocusFocusStarDetection.cs|Detect|413|Average HFR: 1.9232597342901192, HFR MAD: 0.16928780390311493, Detected Stars 180, Region: 0
2026-08-15T04:04:12.1382|INFO|CameraVM.cs|Capture|742|Starting Exposure - Exposure Time: 6s; Filter: L-Pro; Gain: 15; Offset 132; Binning: 2x2;
2026-08-15T04:04:19.4395|INFO|AutoFocusEngine.cs|StartBlindFocusPoints|797|Waiting on initial focuser move analyses
2026-08-15T04:04:20.0288|INFO|HocusFocusStarDetection.cs|Detect|413|Average HFR: 2.0607784114433856, HFR MAD: 0.20784941615165176, Detected Stars 190, Region: 0
2026-08-15T04:04:20.0934|INFO|FocuserVM.cs|MoveFocuserInternal|216|Moving Focuser to position 38823
2026-08-15T04:04:25.4808|INFO|CameraVM.cs|Capture|742|Starting Exposure - Exposure Time: 6s; Filter: L-Pro; Gain: 15; Offset 132; Binning: 2x2;
2026-08-15T04:04:32.8071|INFO|AutoFocusEngine.cs|StartBlindFocusPoints|870|Waiting on next left movement analysis
2026-08-15T04:04:33.4309|INFO|HocusFocusStarDetection.cs|Detect|413|Average HFR: 2.240944149215363, HFR MAD: 0.22651662118827298, Detected Stars 177, Region: 0
2026-08-15T04:04:33.5296|INFO|FocuserVM.cs|MoveFocuserInternal|216|Moving Focuser to position 38623
2026-08-15T04:04:39.5313|INFO|CameraVM.cs|Capture|742|Starting Exposure - Exposure Time: 6s; Filter: L-Pro; Gain: 15; Offset 132; Binning: 2x2;
2026-08-15T04:04:46.8758|INFO|AutoFocusEngine.cs|StartBlindFocusPoints|870|Waiting on next left movement analysis
2026-08-15T04:04:47.4746|INFO|HocusFocusStarDetection.cs|Detect|413|Average HFR: 2.560620879554687, HFR MAD: 0.31428677086035073, Detected Stars 162, Region: 0
2026-08-15T04:04:47.5801|INFO|AutoFocusEngine.cs|StartBlindFocusPoints|823|Enough left trend points (4) with an established minimum (39423) to queue remaining right focus points up to 40223
2026-08-15T04:04:47.5808|INFO|FocuserVM.cs|MoveFocuserInternal|216|Moving Focuser to position 39823
2026-08-15T04:04:57.8600|INFO|CameraVM.cs|Capture|742|Starting Exposure - Exposure Time: 6s; Filter: L-Pro; Gain: 15; Offset 132; Binning: 2x2;
2026-08-15T04:05:05.1631|INFO|FocuserVM.cs|MoveFocuserInternal|216|Moving Focuser to position 40023
2026-08-15T04:05:05.7408|INFO|HocusFocusStarDetection.cs|Detect|413|Average HFR: 1.8830520870673757, HFR MAD: 0.17391439730149472, Detected Stars 186, Region: 0
2026-08-15T04:05:10.4271|INFO|CameraVM.cs|Capture|742|Starting Exposure - Exposure Time: 6s; Filter: L-Pro; Gain: 15; Offset 132; Binning: 2x2;
2026-08-15T04:05:17.7311|INFO|FocuserVM.cs|MoveFocuserInternal|216|Moving Focuser to position 40223
2026-08-15T04:05:18.4014|INFO|HocusFocusStarDetection.cs|Detect|413|Average HFR: 2.1731024814044266, HFR MAD: 0.22127481400153792, Detected Stars 176, Region: 0
2026-08-15T04:05:23.4972|INFO|CameraVM.cs|Capture|742|Starting Exposure - Exposure Time: 6s; Filter: L-Pro; Gain: 15; Offset 132; Binning: 2x2;
2026-08-15T04:05:30.8109|INFO|AutoFocusEngine.cs|StartBlindFocusPoints|896|Waiting on remaining AutoFocus analysis tasks
2026-08-15T04:05:31.3656|INFO|HocusFocusStarDetection.cs|Detect|413|Average HFR: 1.9201612738819627, HFR MAD: 0.15441417028195814, Detected Stars 178, Region: 0
2026-08-15T04:05:31.4965|INFO|FocuserVM.cs|MoveFocuserInternal|216|Moving Focuser to position 39420
2026-08-15T04:05:39.6165|INFO|AutoFocusEngine.cs|ValidateCalculatedFocusPosition|1141|Validating HFR at final focus position 39420
2026-08-15T04:05:39.7304|INFO|CameraVM.cs|Capture|742|Starting Exposure - Exposure Time: 6s; Filter: L-Pro; Gain: 15; Offset 132; Binning: 2x2;
2026-08-15T04:05:47.5859|INFO|HocusFocusStarDetection.cs|Detect|413|Average HFR: 1.8560949227926298, HFR MAD: 0.1571061340162927, Detected Stars 167, Region: 0
2026-08-15T04:05:47.5867|INFO|HocusFocusVM.cs|AutoFocusEngine_Completed|473|AutoFocus completed with focuser starting at 38823 and ending at 39420
2026-08-15T04:05:47.5884|INFO|FocuserMediator.cs|BroadcastSuccessfulAutoFocusRun|46|Autofocus notification received - Temperature 26.5
2026-08-15T04:05:47.8075|INFO|AutoFocusEngine.cs|PerformPostAutoFocusActions|1022|Re-enabling temperature compensation after AutoFocus
2026-08-15T04:05:47.8627|INFO|PHD2Guider.cs|TryStartGuideCommand|641|Phd2 - Requesting to start guiding. Recalibrate: False
2026-08-15T04:06:11.4794|INFO|SequenceItem.cs|Run|254|Finishing Category: Focheggiatore, Item: RunAutofocus
2026-08-15T04:06:11.4796|INFO|SequenceItem.cs|Run|254|Finishing Category: * Set di Istruzioni *, Container: NINA.Sequencer.Container.SequentialContainer, Strategy: SequentialStrategy, Items[FINISHED]: 1
2026-08-15T04:06:11.4797|INFO|SequenceItem.cs|Run|208|Starting Category: Fotocamera, Item: TakeExposure, ExposureTime 600, Gain 15, Offset 132, ImageType LIGHT, Binning 1x1
2026-08-15T04:06:11.4802|INFO|CameraVM.cs|Capture|742|Starting Exposure - Exposure Time: 600s; Filter: ; Gain: 15; Offset 132; Binning: 1x1;
2026-08-15T04:16:17.6628|WARNING|DeviceUpdateTimer.cs|Run|115|Camera value update cycle took longer than the device poll interval (Total: 11.92s > 2s; Poll: 00:00:11.9222975; Update: 00:00:00.0001106)
2026-08-15T04:16:17.6634|INFO|SequenceItem.cs|Run|254|Finishing Category: Fotocamera, Item: TakeExposure, ExposureTime 600, Gain 15, Offset 132, ImageType LIGHT, Binning 1x1
2026-08-15T04:16:17.6644|INFO|MeridianFlipTrigger.cs|ShouldTrigger|211|Meridian Flip - Flip for the current target already happened at 08/14/2026 23:31:19. Skip flip evaluation
2026-08-15T04:16:17.6644|INFO|SequenceItem.cs|Run|208|Starting Category: Ruota porta filtri, Item: SwitchFilter, Filter: L-Pro
2026-08-15T04:16:17.7947|INFO|SequenceItem.cs|Run|254|Finishing Category: Ruota porta filtri, Item: SwitchFilter, Filter: L-Pro
2026-08-15T04:16:17.7950|INFO|SequenceTrigger.cs|Run|114|Starting Trigger: DitherAfterExposures, After Exposures: 1
2026-08-15T04:16:17.7951|INFO|SequenceItem.cs|Run|208|Starting Category: * Set di Istruzioni *, Container: NINA.Sequencer.Container.SequentialContainer, Strategy: SequentialStrategy, Items[CREATED]: 1
2026-08-15T04:16:17.7952|INFO|SequenceItem.cs|Run|208|Starting Category: Guida, Item: Dither
2026-08-15T04:16:20.6605|INFO|HocusFocusStarDetection.cs|Detect|413|Average HFR: 2.977556084236375, HFR MAD: 0.3571946217014461, Detected Stars 470, Region: 0
2026-08-15T04:16:21.1155|INFO|BaseImageData.cs|SaveToDisk|346|Saved image to D:\Images NINA\Target\LIGHT_1x1_600.00s_15_132_M 27_Celestron C8__-9.96C_L-Pro_0065_2026-08-15_04-06-11_FWHM_4.86_Fok_39420.xisf
2026-08-15T04:16:21.1156|INFO|ImageSaveController.cs|DoWork|97|Successfully saved file at D:\Images NINA\Target\LIGHT_1x1_600.00s_15_132_M 27_Celestron C8__-9.96C_L-Pro_0065_2026-08-15_04-06-11_FWHM_4.86_Fok_39420.xisf. Duration Total: 00:00:03.2023900; BeforeSave: 00:00:00.0000877; BeforeFinalizeImageSaved: 00:00:03.1577571; FinalizeSaveTime: 00:00:00.0445444
2026-08-15T04:16:50.1573|INFO|SequenceItem.cs|Run|254|Finishing Category: Guida, Item: Dither
2026-08-15T04:16:50.1579|INFO|SequenceItem.cs|Run|254|Finishing Category: * Set di Istruzioni *, Container: NINA.Sequencer.Container.SequentialContainer, Strategy: SequentialStrategy, Items[FINISHED]: 1
2026-08-15T04:16:50.1587|INFO|MeridianFlipTrigger.cs|ShouldTrigger|211|Meridian Flip - Flip for the current target already happened at 08/14/2026 23:31:19. Skip flip evaluation
2026-08-15T04:16:50.1588|INFO|SequenceTrigger.cs|Run|114|Starting Trigger: RestoreGuiding
2026-08-15T04:16:50.1588|INFO|SequenceItem.cs|Run|208|Starting Category: * Set di Istruzioni *, Container: NINA.Sequencer.Container.SequentialContainer, Strategy: SequentialStrategy, Items[CREATED]: 1
2026-08-15T04:16:50.1589|INFO|SequenceItem.cs|Run|208|Starting Category: Guida, Item: StartGuiding
2026-08-15T04:16:50.1988|INFO|PHD2Guider.cs|StartGuidingPrivate|504|Phd2 - App is already guiding. Skipping start guiding
2026-08-15T04:16:50.1989|INFO|SequenceItem.cs|Run|254|Finishing Category: Guida, Item: StartGuiding
2026-08-15T04:16:50.1990|INFO|SequenceItem.cs|Run|254|Finishing Category: * Set di Istruzioni *, Container: NINA.Sequencer.Container.SequentialContainer, Strategy: SequentialStrategy, Items[FINISHED]: 1
2026-08-15T04:16:50.2061|INFO|SequenceItem.cs|Run|208|Starting Category: Fotocamera, Item: TakeExposure, ExposureTime 600, Gain 15, Offset 132, ImageType LIGHT, Binning 1x1
2026-08-15T04:16:50.2091|INFO|CameraVM.cs|Capture|742|Starting Exposure - Exposure Time: 600s; Filter: ; Gain: 15; Offset 132; Binning: 1x1;
2026-08-15T04:26:56.3823|WARNING|DeviceUpdateTimer.cs|Run|115|Camera value update cycle took longer than the device poll interval (Total: 10.65s > 2s; Poll: 00:00:10.6450523; Update: 00:00:00.0001651)
2026-08-15T04:26:56.3832|INFO|SequenceItem.cs|Run|254|Finishing Category: Fotocamera, Item: TakeExposure, ExposureTime 600, Gain 15, Offset 132, ImageType LIGHT, Binning 1x1
2026-08-15T04:26:56.3840|INFO|MeridianFlipTrigger.cs|ShouldTrigger|211|Meridian Flip - Flip for the current target already happened at 08/14/2026 23:31:19. Skip flip evaluation
2026-08-15T04:26:56.3840|INFO|SequenceItem.cs|Run|208|Starting Category: Ruota porta filtri, Item: SwitchFilter, Filter: L-Pro
2026-08-15T04:26:56.5425|INFO|SequenceItem.cs|Run|254|Finishing Category: Ruota porta filtri, Item: SwitchFilter, Filter: L-Pro
2026-08-15T04:26:56.5429|INFO|SequenceTrigger.cs|Run|114|Starting Trigger: DitherAfterExposures, After Exposures: 1
2026-08-15T04:26:56.5430|INFO|SequenceItem.cs|Run|208|Starting Category: * Set di Istruzioni *, Container: NINA.Sequencer.Container.SequentialContainer, Strategy: SequentialStrategy, Items[CREATED]: 1
2026-08-15T04:26:56.5431|INFO|SequenceItem.cs|Run|208|Starting Category: Guida, Item: Dither
2026-08-15T04:26:59.3265|INFO|HocusFocusStarDetection.cs|Detect|413|Average HFR: 3.099917504893588, HFR MAD: 0.3410843130964727, Detected Stars 446, Region: 0
2026-08-15T04:26:59.8500|INFO|BaseImageData.cs|SaveToDisk|346|Saved image to D:\Images NINA\Target\LIGHT_1x1_600.00s_15_132_M 27_Celestron C8__-9.96C_L-Pro_0066_2026-08-15_04-16-50_FWHM_5.13_Fok_39420.xisf
2026-08-15T04:26:59.8501|INFO|ImageSaveController.cs|DoWork|97|Successfully saved file at D:\Images NINA\Target\LIGHT_1x1_600.00s_15_132_M 27_Celestron C8__-9.96C_L-Pro_0066_2026-08-15_04-16-50_FWHM_5.13_Fok_39420.xisf. Duration Total: 00:00:03.0227451; BeforeSave: 00:00:00.0003788; BeforeFinalizeImageSaved: 00:00:02.9812114; FinalizeSaveTime: 00:00:00.0411542
2026-08-15T04:27:14.3214|INFO|SequenceItem.cs|Run|254|Finishing Category: Guida, Item: Dither
2026-08-15T04:27:14.3216|INFO|SequenceItem.cs|Run|254|Finishing Category: * Set di Istruzioni *, Container: NINA.Sequencer.Container.SequentialContainer, Strategy: SequentialStrategy, Items[FINISHED]: 1
2026-08-15T04:27:14.3221|INFO|MeridianFlipTrigger.cs|ShouldTrigger|211|Meridian Flip - Flip for the current target already happened at 08/14/2026 23:31:19. Skip flip evaluation
2026-08-15T04:27:14.3222|INFO|SequenceTrigger.cs|Run|114|Starting Trigger: RestoreGuiding
2026-08-15T04:27:14.3222|INFO|SequenceItem.cs|Run|208|Starting Category: * Set di Istruzioni *, Container: NINA.Sequencer.Container.SequentialContainer, Strategy: SequentialStrategy, Items[CREATED]: 1
2026-08-15T04:27:14.3223|INFO|SequenceItem.cs|Run|208|Starting Category: Guida, Item: StartGuiding
2026-08-15T04:27:14.3560|INFO|PHD2Guider.cs|StartGuidingPrivate|504|Phd2 - App is already guiding. Skipping start guiding
2026-08-15T04:27:14.3582|INFO|SequenceItem.cs|Run|254|Finishing Category: Guida, Item: StartGuiding
2026-08-15T04:27:14.3605|INFO|SequenceItem.cs|Run|254|Finishing Category: * Set di Istruzioni *, Container: NINA.Sequencer.Container.SequentialContainer, Strategy: SequentialStrategy, Items[FINISHED]: 1
2026-08-15T04:27:14.3731|INFO|SequenceItem.cs|Run|208|Starting Category: Fotocamera, Item: TakeExposure, ExposureTime 600, Gain 15, Offset 132, ImageType LIGHT, Binning 1x1
2026-08-15T04:27:14.3737|INFO|CameraVM.cs|Capture|742|Starting Exposure - Exposure Time: 600s; Filter: ; Gain: 15; Offset 132; Binning: 1x1;
2026-08-15T04:37:20.5494|WARNING|DeviceUpdateTimer.cs|Run|115|Camera value update cycle took longer than the device poll interval (Total: 10.81s > 2s; Poll: 00:00:10.8124429; Update: 00:00:00.0001245)
2026-08-15T04:37:20.5857|INFO|SequenceItem.cs|Run|254|Finishing Category: Fotocamera, Item: TakeExposure, ExposureTime 600, Gain 15, Offset 132, ImageType LIGHT, Binning 1x1
2026-08-15T04:37:20.5868|INFO|MeridianFlipTrigger.cs|ShouldTrigger|211|Meridian Flip - Flip for the current target already happened at 08/14/2026 23:31:19. Skip flip evaluation
2026-08-15T04:37:20.5869|INFO|SequenceItem.cs|Run|208|Starting Category: Ruota porta filtri, Item: SwitchFilter, Filter: L-Pro
2026-08-15T04:37:20.7086|INFO|SequenceItem.cs|Run|254|Finishing Category: Ruota porta filtri, Item: SwitchFilter, Filter: L-Pro
2026-08-15T04:37:20.7089|INFO|SequenceTrigger.cs|Run|114|Starting Trigger: DitherAfterExposures, After Exposures: 1
2026-08-15T04:37:20.7089|INFO|SequenceItem.cs|Run|208|Starting Category: * Set di Istruzioni *, Container: NINA.Sequencer.Container.SequentialContainer, Strategy: SequentialStrategy, Items[CREATED]: 1
2026-08-15T04:37:20.7090|INFO|SequenceItem.cs|Run|208|Starting Category: Guida, Item: Dither
2026-08-15T04:37:23.3157|INFO|HocusFocusStarDetection.cs|Detect|413|Average HFR: 3.471589266564791, HFR MAD: 0.38234325806875, Detected Stars 345, Region: 0
2026-08-15T04:37:23.7922|INFO|BaseImageData.cs|SaveToDisk|346|Saved image to D:\Images NINA\Target\LIGHT_1x1_600.00s_15_132_M 27_Celestron C8__-9.96C_L-Pro_0067_2026-08-15_04-27-14_FWHM_5.78_Fok_39420.xisf
2026-08-15T04:37:23.7923|INFO|ImageSaveController.cs|DoWork|97|Successfully saved file at D:\Images NINA\Target\LIGHT_1x1_600.00s_15_132_M 27_Celestron C8__-9.96C_L-Pro_0067_2026-08-15_04-27-14_FWHM_5.78_Fok_39420.xisf. Duration Total: 00:00:02.8925932; BeforeSave: 00:00:00.0002857; BeforeFinalizeImageSaved: 00:00:02.8581009; FinalizeSaveTime: 00:00:00.0342056
2026-08-15T04:37:50.4163|INFO|SequenceItem.cs|Run|254|Finishing Category: Guida, Item: Dither
2026-08-15T04:37:50.4166|INFO|SequenceItem.cs|Run|254|Finishing Category: * Set di Istruzioni *, Container: NINA.Sequencer.Container.SequentialContainer, Strategy: SequentialStrategy, Items[FINISHED]: 1
2026-08-15T04:37:50.4172|INFO|MeridianFlipTrigger.cs|ShouldTrigger|211|Meridian Flip - Flip for the current target already happened at 08/14/2026 23:31:19. Skip flip evaluation
2026-08-15T04:37:50.4172|INFO|SequenceTrigger.cs|Run|114|Starting Trigger: RestoreGuiding
2026-08-15T04:37:50.4173|INFO|SequenceItem.cs|Run|208|Starting Category: * Set di Istruzioni *, Container: NINA.Sequencer.Container.SequentialContainer, Strategy: SequentialStrategy, Items[CREATED]: 1
2026-08-15T04:37:50.4173|INFO|SequenceItem.cs|Run|208|Starting Category: Guida, Item: StartGuiding
2026-08-15T04:37:50.4492|INFO|PHD2Guider.cs|StartGuidingPrivate|504|Phd2 - App is already guiding. Skipping start guiding
2026-08-15T04:37:50.4494|INFO|SequenceItem.cs|Run|254|Finishing Category: Guida, Item: StartGuiding
2026-08-15T04:37:50.4495|INFO|SequenceItem.cs|Run|254|Finishing Category: * Set di Istruzioni *, Container: NINA.Sequencer.Container.SequentialContainer, Strategy: SequentialStrategy, Items[FINISHED]: 1
2026-08-15T04:37:50.4496|INFO|AutofocusAfterHFRIncreaseTrigger.cs|ShouldTrigger|221|Autofocus after HFR change should be triggered, as current HFR trend is 15.2% higher compared to threshold of 5%
2026-08-15T04:37:50.4497|INFO|SequenceTrigger.cs|Run|114|Starting Trigger: AutofocusAfterHFRIncreaseTrigger, Amount: 5
2026-08-15T04:37:50.4497|INFO|SequenceItem.cs|Run|208|Starting Category: * Set di Istruzioni *, Container: NINA.Sequencer.Container.SequentialContainer, Strategy: SequentialStrategy, Items[CREATED]: 1
2026-08-15T04:37:50.4498|INFO|SequenceItem.cs|Run|208|Starting Category: Focheggiatore, Item: RunAutofocus
2026-08-15T04:37:50.6377|INFO|FocuserMediator.cs|BroadcastAutoFocusRunStarting|92|Autofocus starting notification received
2026-08-15T04:37:51.8528|INFO|AutoFocusEngine.cs|RunAutoFocus|929|Starting AutoFocus with initial position 39420
2026-08-15T04:37:51.9652|INFO|CameraVM.cs|Capture|742|Starting Exposure - Exposure Time: 6s; Filter: L-Pro; Gain: 15; Offset 132; Binning: 2x2;
2026-08-15T04:37:59.2666|INFO|AutoFocusEngine.cs|StartBlindFocusPoints|769|Waiting on initial HFR analysis
2026-08-15T04:37:59.2670|INFO|FocuserVM.cs|MoveFocuserInternal|216|Moving Focuser to position 40220
2026-08-15T04:37:59.8361|INFO|HocusFocusStarDetection.cs|Detect|413|Average HFR: 2.2334496087306226, HFR MAD: 0.26655100861363534, Detected Stars 160, Region: 0
2026-08-15T04:38:07.8937|INFO|CameraVM.cs|Capture|742|Starting Exposure - Exposure Time: 6s; Filter: L-Pro; Gain: 15; Offset 132; Binning: 2x2;
2026-08-15T04:38:15.1967|INFO|FocuserVM.cs|MoveFocuserInternal|216|Moving Focuser to position 40020
2026-08-15T04:38:15.7477|INFO|HocusFocusStarDetection.cs|Detect|413|Average HFR: 2.3440427101767005, HFR MAD: 0.2654419221831872, Detected Stars 141, Region: 0
2026-08-15T04:38:20.4121|INFO|CameraVM.cs|Capture|742|Starting Exposure - Exposure Time: 6s; Filter: L-Pro; Gain: 15; Offset 132; Binning: 2x2;
2026-08-15T04:38:27.7151|INFO|FocuserVM.cs|MoveFocuserInternal|216|Moving Focuser to position 39820
2026-08-15T04:38:28.2866|INFO|HocusFocusStarDetection.cs|Detect|413|Average HFR: 2.533094361662024, HFR MAD: 0.3334078065641446, Detected Stars 134, Region: 0
2026-08-15T04:38:33.4779|INFO|CameraVM.cs|Capture|742|Starting Exposure - Exposure Time: 6s; Filter: L-Pro; Gain: 15; Offset 132; Binning: 2x2;
2026-08-15T04:38:40.7923|INFO|FocuserVM.cs|MoveFocuserInternal|216|Moving Focuser to position 39620
2026-08-15T04:38:41.3661|INFO|HocusFocusStarDetection.cs|Detect|413|Average HFR: 2.1659904247601296, HFR MAD: 0.2336357477443427, Detected Stars 158, Region: 0
2026-08-15T04:38:46.0541|INFO|CameraVM.cs|Capture|742|Starting Exposure - Exposure Time: 6s; Filter: L-Pro; Gain: 15; Offset 132; Binning: 2x2;
2026-08-15T04:38:53.3552|INFO|AutoFocusEngine.cs|StartBlindFocusPoints|797|Waiting on initial focuser move analyses
2026-08-15T04:38:53.9000|INFO|HocusFocusStarDetection.cs|Detect|413|Average HFR: 2.1436694988124296, HFR MAD: 0.23207049032063876, Detected Stars 156, Region: 0
2026-08-15T04:38:53.9842|INFO|FocuserVM.cs|MoveFocuserInternal|216|Moving Focuser to position 39420
2026-08-15T04:38:59.5183|INFO|CameraVM.cs|Capture|742|Starting Exposure - Exposure Time: 6s; Filter: L-Pro; Gain: 15; Offset 132; Binning: 2x2;
2026-08-15T04:39:06.8310|INFO|AutoFocusEngine.cs|StartBlindFocusPoints|870|Waiting on next left movement analysis
2026-08-15T04:39:07.3768|INFO|HocusFocusStarDetection.cs|Detect|413|Average HFR: 1.9775666240034495, HFR MAD: 0.18768677536657563, Detected Stars 165, Region: 0
2026-08-15T04:39:07.4200|INFO|FocuserVM.cs|MoveFocuserInternal|216|Moving Focuser to position 39220
2026-08-15T04:39:13.5000|INFO|CameraVM.cs|Capture|742|Starting Exposure - Exposure Time: 6s; Filter: L-Pro; Gain: 15; Offset 132; Binning: 2x2;
2026-08-15T04:39:20.8119|INFO|AutoFocusEngine.cs|StartBlindFocusPoints|870|Waiting on next left movement analysis
2026-08-15T04:39:21.3570|INFO|HocusFocusStarDetection.cs|Detect|413|Average HFR: 2.120833589121623, HFR MAD: 0.21800154180381748, Detected Stars 172, Region: 0
2026-08-15T04:39:21.5050|INFO|FocuserVM.cs|MoveFocuserInternal|216|Moving Focuser to position 39020
2026-08-15T04:39:27.4745|INFO|CameraVM.cs|Capture|742|Starting Exposure - Exposure Time: 6s; Filter: L-Pro; Gain: 15; Offset 132; Binning: 2x2;
2026-08-15T04:39:34.7943|INFO|AutoFocusEngine.cs|StartBlindFocusPoints|870|Waiting on next left movement analysis
2026-08-15T04:39:35.3497|INFO|HocusFocusStarDetection.cs|Detect|413|Average HFR: 2.318893253554718, HFR MAD: 0.2741062425488905, Detected Stars 153, Region: 0
2026-08-15T04:39:35.3874|INFO|FocuserVM.cs|MoveFocuserInternal|216|Moving Focuser to position 38820
2026-08-15T04:39:41.5215|INFO|CameraVM.cs|Capture|742|Starting Exposure - Exposure Time: 6s; Filter: L-Pro; Gain: 15; Offset 132; Binning: 2x2;
2026-08-15T04:39:48.8483|INFO|AutoFocusEngine.cs|StartBlindFocusPoints|870|Waiting on next left movement analysis
2026-08-15T04:39:49.3795|INFO|HocusFocusStarDetection.cs|Detect|413|Average HFR: 2.5025186466818035, HFR MAD: 0.30272313781540117, Detected Stars 136, Region: 0
2026-08-15T04:39:49.4197|INFO|FocuserVM.cs|MoveFocuserInternal|216|Moving Focuser to position 38620
2026-08-15T04:39:55.4812|INFO|CameraVM.cs|Capture|742|Starting Exposure - Exposure Time: 6s; Filter: L-Pro; Gain: 15; Offset 132; Binning: 2x2;
2026-08-15T04:40:02.7976|INFO|AutoFocusEngine.cs|StartBlindFocusPoints|870|Waiting on next left movement analysis
2026-08-15T04:40:03.3328|INFO|HocusFocusStarDetection.cs|Detect|413|Average HFR: 2.8770913299997103, HFR MAD: 0.40128017117054116, Detected Stars 112, Region: 0
2026-08-15T04:40:03.3723|INFO|AutoFocusEngine.cs|StartBlindFocusPoints|823|Enough left trend points (4) with an established minimum (39420) to queue remaining right focus points up to 40220
2026-08-15T04:40:03.3724|INFO|AutoFocusEngine.cs|StartBlindFocusPoints|896|Waiting on remaining AutoFocus analysis tasks
2026-08-15T04:40:03.3728|INFO|FocuserVM.cs|MoveFocuserInternal|216|Moving Focuser to position 39364
2026-08-15T04:40:11.6909|INFO|AutoFocusEngine.cs|ValidateCalculatedFocusPosition|1141|Validating HFR at final focus position 39364
2026-08-15T04:40:11.8166|INFO|CameraVM.cs|Capture|742|Starting Exposure - Exposure Time: 6s; Filter: L-Pro; Gain: 15; Offset 132; Binning: 2x2;
2026-08-15T04:40:19.6626|INFO|HocusFocusStarDetection.cs|Detect|413|Average HFR: 2.324033534441679, HFR MAD: 0.26118705692455046, Detected Stars 156, Region: 0
2026-08-15T04:40:19.6630|INFO|HocusFocusVM.cs|AutoFocusEngine_Completed|473|AutoFocus completed with focuser starting at 39420 and ending at 39364
2026-08-15T04:40:19.6693|INFO|FocuserMediator.cs|BroadcastSuccessfulAutoFocusRun|46|Autofocus notification received - Temperature 26.25
2026-08-15T04:40:19.8526|INFO|AutoFocusEngine.cs|PerformPostAutoFocusActions|1022|Re-enabling temperature compensation after AutoFocus
2026-08-15T04:40:19.8936|INFO|PHD2Guider.cs|TryStartGuideCommand|641|Phd2 - Requesting to start guiding. Recalibrate: False
2026-08-15T04:40:43.9593|INFO|SequenceItem.cs|Run|254|Finishing Category: Focheggiatore, Item: RunAutofocus
2026-08-15T04:40:43.9595|INFO|SequenceItem.cs|Run|254|Finishing Category: * Set di Istruzioni *, Container: NINA.Sequencer.Container.SequentialContainer, Strategy: SequentialStrategy, Items[FINISHED]: 1
2026-08-15T04:40:43.9596|INFO|SequenceItem.cs|Run|208|Starting Category: Fotocamera, Item: TakeExposure, ExposureTime 600, Gain 15, Offset 132, ImageType LIGHT, Binning 1x1
2026-08-15T04:40:43.9601|INFO|CameraVM.cs|Capture|742|Starting Exposure - Exposure Time: 600s; Filter: ; Gain: 15; Offset 132; Binning: 1x1;
2026-08-15T04:50:50.2127|INFO|SequenceItem.cs|Run|254|Finishing Category: Fotocamera, Item: TakeExposure, ExposureTime 600, Gain 15, Offset 132, ImageType LIGHT, Binning 1x1
2026-08-15T04:50:50.2136|INFO|MeridianFlipTrigger.cs|ShouldTrigger|211|Meridian Flip - Flip for the current target already happened at 08/14/2026 23:31:19. Skip flip evaluation
2026-08-15T04:50:50.2137|INFO|SequenceItem.cs|Run|208|Starting Category: Ruota porta filtri, Item: SwitchFilter, Filter: L-Pro
2026-08-15T04:50:50.2140|WARNING|DeviceUpdateTimer.cs|Run|115|Camera value update cycle took longer than the device poll interval (Total: 10.47s > 2s; Poll: 00:00:10.4200365; Update: 00:00:00.0528128)
2026-08-15T04:50:50.3383|INFO|SequenceItem.cs|Run|254|Finishing Category: Ruota porta filtri, Item: SwitchFilter, Filter: L-Pro
2026-08-15T04:50:50.3386|INFO|SequenceTrigger.cs|Run|114|Starting Trigger: DitherAfterExposures, After Exposures: 1
2026-08-15T04:50:50.3387|INFO|SequenceItem.cs|Run|208|Starting Category: * Set di Istruzioni *, Container: NINA.Sequencer.Container.SequentialContainer, Strategy: SequentialStrategy, Items[CREATED]: 1
2026-08-15T04:50:50.3387|INFO|SequenceItem.cs|Run|208|Starting Category: Guida, Item: Dither
2026-08-15T04:50:52.3583|INFO|HocusFocusStarDetection.cs|Detect|413|Average HFR: 4.226456850393226, HFR MAD: 0.46253016228957033, Detected Stars 182, Region: 0
2026-08-15T04:50:52.8097|INFO|BaseImageData.cs|SaveToDisk|346|Saved image to D:\Images NINA\Target\LIGHT_1x1_600.00s_15_132_M 27_Celestron C8__-9.91C_L-Pro_0068_2026-08-15_04-40-44_FWHM_6.77_Fok_39364.xisf
2026-08-15T04:50:52.8098|INFO|ImageSaveController.cs|DoWork|97|Successfully saved file at D:\Images NINA\Target\LIGHT_1x1_600.00s_15_132_M 27_Celestron C8__-9.91C_L-Pro_0068_2026-08-15_04-40-44_FWHM_6.77_Fok_39364.xisf. Duration Total: 00:00:02.3189766; BeforeSave: 00:00:00.0001048; BeforeFinalizeImageSaved: 00:00:02.2815075; FinalizeSaveTime: 00:00:00.0373632
2026-08-15T04:51:07.6220|INFO|SequenceItem.cs|Run|254|Finishing Category: Guida, Item: Dither
2026-08-15T04:51:07.6223|INFO|SequenceItem.cs|Run|254|Finishing Category: * Set di Istruzioni *, Container: NINA.Sequencer.Container.SequentialContainer, Strategy: SequentialStrategy, Items[FINISHED]: 1
2026-08-15T04:51:07.6228|INFO|MeridianFlipTrigger.cs|ShouldTrigger|211|Meridian Flip - Flip for the current target already happened at 08/14/2026 23:31:19. Skip flip evaluation
2026-08-15T04:51:07.6228|INFO|SequenceTrigger.cs|Run|114|Starting Trigger: RestoreGuiding
2026-08-15T04:51:07.6229|INFO|SequenceItem.cs|Run|208|Starting Category: * Set di Istruzioni *, Container: NINA.Sequencer.Container.SequentialContainer, Strategy: SequentialStrategy, Items[CREATED]: 1
2026-08-15T04:51:07.6229|INFO|SequenceItem.cs|Run|208|Starting Category: Guida, Item: StartGuiding
2026-08-15T04:51:07.6663|INFO|PHD2Guider.cs|StartGuidingPrivate|504|Phd2 - App is already guiding. Skipping start guiding
2026-08-15T04:51:07.6665|INFO|SequenceItem.cs|Run|254|Finishing Category: Guida, Item: StartGuiding
2026-08-15T04:51:07.6667|INFO|SequenceItem.cs|Run|254|Finishing Category: * Set di Istruzioni *, Container: NINA.Sequencer.Container.SequentialContainer, Strategy: SequentialStrategy, Items[FINISHED]: 1
2026-08-15T04:51:07.6668|INFO|SequenceItem.cs|Run|208|Starting Category: Fotocamera, Item: TakeExposure, ExposureTime 600, Gain 15, Offset 132, ImageType LIGHT, Binning 1x1
2026-08-15T04:51:07.6672|INFO|CameraVM.cs|Capture|742|Starting Exposure - Exposure Time: 600s; Filter: ; Gain: 15; Offset 132; Binning: 1x1;
2026-08-15T05:01:13.8631|WARNING|DeviceUpdateTimer.cs|Run|115|Camera value update cycle took longer than the device poll interval (Total: 9.44s > 2s; Poll: 00:00:09.4372581; Update: 00:00:00.0069403)
2026-08-15T05:01:13.8637|INFO|SequenceItem.cs|Run|254|Finishing Category: Fotocamera, Item: TakeExposure, ExposureTime 600, Gain 15, Offset 132, ImageType LIGHT, Binning 1x1
2026-08-15T05:01:13.8675|INFO|MeridianFlipTrigger.cs|ShouldTrigger|211|Meridian Flip - Flip for the current target already happened at 08/14/2026 23:31:19. Skip flip evaluation
2026-08-15T05:01:13.8676|INFO|SequenceItem.cs|Run|208|Starting Category: Ruota porta filtri, Item: SwitchFilter, Filter: L-Pro
2026-08-15T05:01:14.0132|INFO|SequenceItem.cs|Run|254|Finishing Category: Ruota porta filtri, Item: SwitchFilter, Filter: L-Pro
2026-08-15T05:01:14.0135|INFO|SequenceTrigger.cs|Run|114|Starting Trigger: DitherAfterExposures, After Exposures: 1
2026-08-15T05:01:14.0136|INFO|SequenceItem.cs|Run|208|Starting Category: * Set di Istruzioni *, Container: NINA.Sequencer.Container.SequentialContainer, Strategy: SequentialStrategy, Items[CREATED]: 1
2026-08-15T05:01:14.0137|INFO|SequenceItem.cs|Run|208|Starting Category: Guida, Item: Dither
2026-08-15T05:01:14.2219|INFO|ImageSolver.cs|Solve|41|Platesolving with parameters: FocalLength: 1260 PixelSize: 4.54 SearchRadius: 30 BlindFailoverEnabled: True Regions: 5000 DownSampleFactor: 2 MaxObjects: 500 Reference Coordinates RA: 19:59:54 Dec: 22° 47' 43" Epoch: J2000
2026-08-15T05:01:14.6082|INFO|BaseImageData.cs|SaveToDisk|346|Saved image to C:\Users\PrimaLuceLab\AppData\Local\NINA\PlateSolver\mnxk3eoa.xgw.fits
2026-08-15T05:01:16.4663|INFO|HocusFocusStarDetection.cs|Detect|413|Average HFR: 4.434270381884169, HFR MAD: 0.4826363147557595, Detected Stars 139, Region: 0
2026-08-15T05:01:17.2827|INFO|BaseImageData.cs|SaveToDisk|346|Saved image to D:\Images NINA\Target\LIGHT_1x1_600.00s_15_132_M 27_Celestron C8__-9.96C_L-Pro_0069_2026-08-15_04-51-07_FWHM_6.88_Fok_39364.xisf
2026-08-15T05:01:17.2828|INFO|ImageSaveController.cs|DoWork|97|Successfully saved file at D:\Images NINA\Target\LIGHT_1x1_600.00s_15_132_M 27_Celestron C8__-9.96C_L-Pro_0069_2026-08-15_04-51-07_FWHM_6.88_Fok_39364.xisf. Duration Total: 00:00:03.0619313; BeforeSave: 00:00:00.0005033; BeforeFinalizeImageSaved: 00:00:02.9420680; FinalizeSaveTime: 00:00:00.1193590
2026-08-15T05:01:19.0349|INFO|ImageSolver.cs|Solve|54|Platesolve successful: Coordinates: RA: 19:59:45; Dec: 22° 44' 16"; Epoch: J2000 - Position Angle: 89.3282408840704
2026-08-15T05:01:19.0352|INFO|CenterAfterDriftTrigger.cs|PlatesolvingImageFollower_PropertyChanged|189|Drift: 2.2862659601931856 / 3 arc minutes
2026-08-15T05:01:37.9554|INFO|SequenceItem.cs|Run|254|Finishing Category: Guida, Item: Dither
2026-08-15T05:01:37.9556|INFO|SequenceItem.cs|Run|254|Finishing Category: * Set di Istruzioni *, Container: NINA.Sequencer.Container.SequentialContainer, Strategy: SequentialStrategy, Items[FINISHED]: 1
2026-08-15T05:01:37.9563|INFO|MeridianFlipTrigger.cs|ShouldTrigger|211|Meridian Flip - Flip for the current target already happened at 08/14/2026 23:31:19. Skip flip evaluation
2026-08-15T05:01:37.9563|INFO|SequenceTrigger.cs|Run|114|Starting Trigger: RestoreGuiding
2026-08-15T05:01:37.9564|INFO|SequenceItem.cs|Run|208|Starting Category: * Set di Istruzioni *, Container: NINA.Sequencer.Container.SequentialContainer, Strategy: SequentialStrategy, Items[CREATED]: 1
2026-08-15T05:01:37.9565|INFO|SequenceItem.cs|Run|208|Starting Category: Guida, Item: StartGuiding
2026-08-15T05:01:37.9860|INFO|PHD2Guider.cs|StartGuidingPrivate|504|Phd2 - App is already guiding. Skipping start guiding
2026-08-15T05:01:37.9885|INFO|SequenceItem.cs|Run|254|Finishing Category: Guida, Item: StartGuiding
2026-08-15T05:01:37.9905|INFO|SequenceItem.cs|Run|254|Finishing Category: * Set di Istruzioni *, Container: NINA.Sequencer.Container.SequentialContainer, Strategy: SequentialStrategy, Items[FINISHED]: 1
2026-08-15T05:01:38.0046|INFO|SequenceItem.cs|Run|208|Starting Category: Fotocamera, Item: TakeExposure, ExposureTime 600, Gain 15, Offset 132, ImageType LIGHT, Binning 1x1
2026-08-15T05:01:38.0051|INFO|CameraVM.cs|Capture|742|Starting Exposure - Exposure Time: 600s; Filter: ; Gain: 15; Offset 132; Binning: 1x1;
2026-08-15T05:11:44.1735|WARNING|DeviceUpdateTimer.cs|Run|115|Camera value update cycle took longer than the device poll interval (Total: 10.43s > 2s; Poll: 00:00:10.4310975; Update: 00:00:00.0001351)
2026-08-15T05:11:44.2127|INFO|SequenceItem.cs|Run|254|Finishing Category: Fotocamera, Item: TakeExposure, ExposureTime 600, Gain 15, Offset 132, ImageType LIGHT, Binning 1x1
2026-08-15T05:11:44.2135|INFO|MeridianFlipTrigger.cs|ShouldTrigger|211|Meridian Flip - Flip for the current target already happened at 08/14/2026 23:31:19. Skip flip evaluation
2026-08-15T05:11:44.2136|INFO|SequenceItem.cs|Run|208|Starting Category: Ruota porta filtri, Item: SwitchFilter, Filter: L-Pro
2026-08-15T05:11:44.3704|INFO|SequenceItem.cs|Run|254|Finishing Category: Ruota porta filtri, Item: SwitchFilter, Filter: L-Pro
2026-08-15T05:11:44.3711|INFO|TimeCondition.cs|Check|248|No more time remaining. Remaining: 00:01:22.6293057, Next Item Scatta esposizione, Next Item Estimated Duration 00:10:00, Next Item Attempts: 1
2026-08-15T05:11:44.3711|INFO|TimeCondition.cs|Check|254|TimeCondition finished.
2026-08-15T05:11:44.3717|INFO|TimeCondition.cs|Check|248|No more time remaining. Remaining: 00:01:22.6282932, Next Item Scatta esposizione, Next Item Estimated Duration 00:10:00, Next Item Attempts: 1
2026-08-15T05:11:44.3717|INFO|TimeCondition.cs|Check|254|TimeCondition finished.
2026-08-15T05:11:44.3718|INFO|TimeCondition.cs|Check|248|No more time remaining. Remaining: 00:01:22.6281298, Next Item Scatta esposizione, Next Item Estimated Duration 00:10:00, Next Item Attempts: 1
2026-08-15T05:11:44.3719|INFO|TimeCondition.cs|Check|254|TimeCondition finished.
2026-08-15T05:11:44.3759|INFO|SequenceItem.cs|Run|254|Finishing Category: Fotocamera, Container: NINA.Sequencer.SequenceItem.Imaging.SmartExposure, Strategy: SequentialStrategy, Items[FINISHED]: 1, Items[SKIPPED]: 1, Conditions: Condition: LoopCondition, Iterations: 38/45, , Triggers: Trigger: DitherAfterExposures, After Exposures: 1
2026-08-15T05:11:44.3772|INFO|SequenceItem.cs|Run|254|Finishing Category: * Set di Istruzioni *, Container: NINA.Sequencer.Container.DeepSkyObjectContainer, Strategy: SequentialStrategy, Items[FINISHED]: 4, Triggers: Trigger: CenterAfterDriftTrigger, DistanceArcMinutes: 3, Target: M 27 RA: 19:59:36; Dec: 22° 43' 16"; Epoch: J2000 0
2026-08-15T05:11:44.3774|INFO|TimeCondition.cs|Check|254|TimeCondition finished.
2026-08-15T05:11:44.3775|INFO|SequenceItem.cs|Run|254|Finishing Category: * Set di Istruzioni *, Container: NINA.Sequencer.Container.SequentialContainer, Strategy: SequentialStrategy, Items[FINISHED]: 3, Conditions: Condition: TimeCondition, Time: 5:13:7h, 
2026-08-15T05:11:44.3776|INFO|SequenceItem.cs|Run|254|Finishing Category: * Set di Istruzioni *, Container: NINA.Sequencer.Container.SequentialContainer, Strategy: SequentialStrategy, Items[FINISHED]: 2
2026-08-15T05:11:44.3782|INFO|MeridianFlipTrigger.cs|ShouldTrigger|211|Meridian Flip - Flip for the current target already happened at 08/14/2026 23:31:19. Skip flip evaluation
2026-08-15T05:11:44.3782|INFO|SequenceItem.cs|Run|208|Starting Category: Utilità, Item: Annotation, Text: Note: This BLANK Script Instruction is here such that it will FAIL ON PURPOSE after the final Target is completed. This forces UNSAFE to be skipped so we can proceed to the END.
2026-08-15T05:11:44.3782|INFO|SequenceItem.cs|Run|254|Finishing Category: Utilità, Item: Annotation, Text: Note: This BLANK Script Instruction is here such that it will FAIL ON PURPOSE after the final Target is completed. This forces UNSAFE to be skipped so we can proceed to the END.
2026-08-15T05:11:44.3787|INFO|MeridianFlipTrigger.cs|ShouldTrigger|211|Meridian Flip - Flip for the current target already happened at 08/14/2026 23:31:19. Skip flip evaluation
2026-08-15T05:11:44.3787|INFO|SequenceItem.cs|Run|208|Starting Category: Utilità, Item: Annotation, Text: DO NOT PLACE ANY TEXT IN THE EXTERNAL SCRIPT FIELD BELOW.
2026-08-15T05:11:44.3788|INFO|SequenceItem.cs|Run|254|Finishing Category: Utilità, Item: Annotation, Text: DO NOT PLACE ANY TEXT IN THE EXTERNAL SCRIPT FIELD BELOW.
2026-08-15T05:11:44.3793|INFO|MeridianFlipTrigger.cs|ShouldTrigger|211|Meridian Flip - Flip for the current target already happened at 08/14/2026 23:31:19. Skip flip evaluation
2026-08-15T05:11:44.3797|INFO|SequenceItem.cs|Run|208|Starting Category: Utilità, Item: ExternalScript, Script: 
2026-08-15T05:11:44.3857|ERROR|ExternalCommandExecutor.cs|RunSequenceCompleteCommandTask|35|Command not found: 
2026-08-15T05:11:44.3872|ERROR|SequenceItem.cs|Run|263|Category: Utilità, Item: ExternalScript, Script:  - 
NINA.Core.Model.SequenceEntityFailedException: Comando esterno non è stato eseguito con successo
   at NINA.Sequencer.SequenceItem.Utility.ExternalScript.Execute(IProgress`1 progress, CancellationToken token) in /_/NINA.Sequencer/SequenceItem/Utility/ExternalScript.cs:line 92
   at NINA.Sequencer.SequenceItem.SequenceItem.Run(IProgress`1 progress, CancellationToken token) in /_/NINA.Sequencer/SequenceItem/SequenceItem.cs:line 249
2026-08-15T05:11:44.6493|ERROR|SequenceItem.cs|RunErrorBehavior|190|Instruction Script Esterno failed after 1 attempt. Error behavior is set to SkipToSequenceEndInstructions. Skipping to end of sequence instructions.
2026-08-15T05:11:44.6640|INFO|SequenceItem.cs|Run|254|Finishing Category: * Set di Istruzioni *, Container: NINA.Sequencer.Container.TargetAreaContainer, Strategy: SequentialStrategy, Items[FINISHED]: 1, Items[CREATED]: 1
2026-08-15T05:11:44.6645|INFO|MeridianFlipTrigger.cs|ShouldTrigger|211|Meridian Flip - Flip for the current target already happened at 08/14/2026 23:31:19. Skip flip evaluation
2026-08-15T05:11:44.6648|INFO|SequenceItem.cs|Run|208|Starting Category: * Set di Istruzioni *, Container: NINA.Sequencer.Container.EndAreaContainer, Strategy: SequentialStrategy, Items[CREATED]: 1
2026-08-15T05:11:44.6654|INFO|MeridianFlipTrigger.cs|ShouldTrigger|211|Meridian Flip - Flip for the current target already happened at 08/14/2026 23:31:19. Skip flip evaluation
2026-08-15T05:11:44.6655|INFO|SequenceItem.cs|Run|208|Starting Category: * Set di Istruzioni *, Container: NINA.Sequencer.Container.SequentialContainer, Strategy: SequentialStrategy, Items[CREATED]: 17
2026-08-15T05:11:44.6661|INFO|MeridianFlipTrigger.cs|ShouldTrigger|211|Meridian Flip - Flip for the current target already happened at 08/14/2026 23:31:19. Skip flip evaluation
2026-08-15T05:11:44.6661|INFO|SequenceItem.cs|Run|208|Starting Category: Utilità, Item: Annotation, Text: VERSION: 1
2026-08-15T05:11:44.6661|INFO|SequenceItem.cs|Run|254|Finishing Category: Utilità, Item: Annotation, Text: VERSION: 1
2026-08-15T05:11:44.6666|INFO|MeridianFlipTrigger.cs|ShouldTrigger|211|Meridian Flip - Flip for the current target already happened at 08/14/2026 23:31:19. Skip flip evaluation
2026-08-15T05:11:44.6667|INFO|SequenceItem.cs|Run|208|Starting Category: * Set di Istruzioni *, Container: NINA.Sequencer.Container.SequentialContainer, Strategy: SequentialStrategy, Items[CREATED]: 3
2026-08-15T05:11:44.6671|INFO|MeridianFlipTrigger.cs|ShouldTrigger|211|Meridian Flip - Flip for the current target already happened at 08/14/2026 23:31:19. Skip flip evaluation
2026-08-15T05:11:44.6671|INFO|SequenceItem.cs|Run|208|Starting Category: Utilità, Item: Annotation, Text: This End Sequence ensures an ASCOM Safety Monitor will function in a sequence as expected.
2026-08-15T05:11:44.6672|INFO|SequenceItem.cs|Run|254|Finishing Category: Utilità, Item: Annotation, Text: This End Sequence ensures an ASCOM Safety Monitor will function in a sequence as expected.
2026-08-15T05:11:44.6676|INFO|MeridianFlipTrigger.cs|ShouldTrigger|211|Meridian Flip - Flip for the current target already happened at 08/14/2026 23:31:19. Skip flip evaluation
2026-08-15T05:11:44.6678|INFO|SequenceItem.cs|Run|208|Starting Category: Utilità, Item: Annotation, Text: The CONNECTOR Plugin is used in this Sequence.
2026-08-15T05:11:44.6678|INFO|SequenceItem.cs|Run|254|Finishing Category: Utilità, Item: Annotation, Text: The CONNECTOR Plugin is used in this Sequence.
2026-08-15T05:11:44.6682|INFO|MeridianFlipTrigger.cs|ShouldTrigger|211|Meridian Flip - Flip for the current target already happened at 08/14/2026 23:31:19. Skip flip evaluation
2026-08-15T05:11:44.6684|INFO|SequenceItem.cs|Run|208|Starting Category: Utilità, Item: Annotation, Text: A Switch is also used within this End Sequence.
2026-08-15T05:11:44.6684|INFO|SequenceItem.cs|Run|254|Finishing Category: Utilità, Item: Annotation, Text: A Switch is also used within this End Sequence.
2026-08-15T05:11:44.6684|INFO|SequenceItem.cs|Run|254|Finishing Category: * Set di Istruzioni *, Container: NINA.Sequencer.Container.SequentialContainer, Strategy: SequentialStrategy, Items[FINISHED]: 3
2026-08-15T05:11:44.6693|INFO|MeridianFlipTrigger.cs|ShouldTrigger|211|Meridian Flip - Flip for the current target already happened at 08/14/2026 23:31:19. Skip flip evaluation
2026-08-15T05:11:44.6698|INFO|SequenceItem.cs|Run|208|Starting Category: Guida, Item: StopGuiding
2026-08-15T05:11:45.2355|INFO|SequenceItem.cs|Run|254|Finishing Category: Guida, Item: StopGuiding
2026-08-15T05:11:45.2365|INFO|MeridianFlipTrigger.cs|ShouldTrigger|211|Meridian Flip - Flip for the current target already happened at 08/14/2026 23:31:19. Skip flip evaluation
2026-08-15T05:11:45.2367|INFO|SequenceItem.cs|Run|208|Starting Category: Telescopio, Item: SetTracking, TrackingMode: Stopped
2026-08-15T05:11:45.3074|INFO|SequenceItem.cs|Run|254|Finishing Category: Telescopio, Item: SetTracking, TrackingMode: Stopped
2026-08-15T05:11:45.3081|INFO|MeridianFlipTrigger.cs|ShouldTrigger|211|Meridian Flip - Flip for the current target already happened at 08/14/2026 23:31:19. Skip flip evaluation
2026-08-15T05:11:45.3086|INFO|SequenceItem.cs|Run|208|Starting Category: Telescopio, Item: FindHome
2026-08-15T05:11:45.3907|INFO|PHD2Guider.cs|StopGuiding|704|Phd2 - Stop Guiding skipped, as the app is already in state Stopped
2026-08-15T05:11:45.3926|INFO|TelescopeVM.cs|FindHome|292|Mount ordered to locate home position
2026-08-15T05:11:46.3890|INFO|HocusFocusStarDetection.cs|Detect|413|Average HFR: 4.245211011905774, HFR MAD: 0.5101940662781939, Detected Stars 115, Region: 0
2026-08-15T05:11:46.8823|INFO|BaseImageData.cs|SaveToDisk|346|Saved image to D:\Images NINA\Target\LIGHT_1x1_600.00s_15_132_M 27_Celestron C8__-9.96C_L-Pro_0070_2026-08-15_05-01-38_FWHM_6.69_Fok_39364.xisf
2026-08-15T05:11:46.8824|INFO|ImageSaveController.cs|DoWork|97|Successfully saved file at D:\Images NINA\Target\LIGHT_1x1_600.00s_15_132_M 27_Celestron C8__-9.96C_L-Pro_0070_2026-08-15_05-01-38_FWHM_6.69_Fok_39364.xisf. Duration Total: 00:00:02.1217964; BeforeSave: 00:00:00.0000484; BeforeFinalizeImageSaved: 00:00:02.0651345; FinalizeSaveTime: 00:00:00.0566128
2026-08-15T05:12:17.2883|INFO|TelescopeVM.cs|FindHome|348|Mount has located its home position
2026-08-15T05:12:17.2884|INFO|SequenceItem.cs|Run|254|Finishing Category: Telescopio, Item: FindHome
2026-08-15T05:12:17.2886|INFO|MeridianFlipTrigger.cs|ShouldTrigger|197|Meridian Flip - Telescope is at home position. Skip flip evaluation
2026-08-15T05:12:17.2890|INFO|SequenceItem.cs|Run|208|Starting Category: Apparato per i Flat, Item: CloseCover
2026-08-15T05:12:17.2961|INFO|FlatDeviceVM.cs|CloseCover|341|Closing Flat Device Cover
2026-08-15T05:12:41.4136|INFO|SequenceItem.cs|Run|254|Finishing Category: Apparato per i Flat, Item: CloseCover
2026-08-15T05:12:41.4139|INFO|MeridianFlipTrigger.cs|ShouldTrigger|197|Meridian Flip - Telescope is at home position. Skip flip evaluation
2026-08-15T05:12:41.4143|INFO|SequenceItem.cs|Run|208|Starting Category: Osservatorio, Item: CloseDomeShutter
2026-08-15T05:12:41.4186|INFO|DomeVM.cs|CloseShutter|544|Closing dome shutter. Shutter state before closing ShutterOpen
2026-08-15T05:12:41.4216|INFO|AscomDome.cs|CloseShutter|245|Sending a CloseShutter request, since it is currently ShutterOpen
2026-08-15T05:13:29.3058|INFO|DomeVM.cs|CloseShutter|550|Closed dome shutter. Shutter state after closing ShutterClosed
2026-08-15T05:13:29.3064|INFO|SequenceItem.cs|Run|254|Finishing Category: Osservatorio, Item: CloseDomeShutter
2026-08-15T05:13:29.3065|INFO|MeridianFlipTrigger.cs|ShouldTrigger|197|Meridian Flip - Telescope is at home position. Skip flip evaluation
2026-08-15T05:13:29.3071|INFO|SequenceItem.cs|Run|208|Starting Category: Fotocamera, Item: WarmCamera, Duration: 5
2026-08-15T05:13:29.3104|INFO|CameraVM.cs|WarmCamera|161|Warming Camera. Duration: 00:05:00
2026-08-15T05:20:31.8969|INFO|CameraVM.cs|WarmCamera|179|Could not reach warming temperature. Most likley due to ambient temperature being lower. Continuing...
2026-08-15T05:20:51.9735|INFO|CameraVM.cs|WarmCamera|186|Turning cooler off
2026-08-15T05:20:51.9738|INFO|SequenceItem.cs|Run|254|Finishing Category: Fotocamera, Item: WarmCamera, Duration: 5
2026-08-15T05:20:51.9739|INFO|MeridianFlipTrigger.cs|ShouldTrigger|197|Meridian Flip - Telescope is at home position. Skip flip evaluation
2026-08-15T05:20:51.9745|INFO|SequenceItem.cs|Run|208|Starting Category: Connetti, Item: DisconnectEquipment, Selected device: Camera
2026-08-15T05:20:51.9816|INFO|QHYCamera.cs|Disconnect|1057|QHYCCD: Closing camera 695A-M-0037ec709603ca4e3
2026-08-15T05:20:51.9962|INFO|CameraVM.cs|Disconnect|650|Disconnected Camera
2026-08-15T05:20:51.9964|INFO|SequenceItem.cs|Run|254|Finishing Category: Connetti, Item: DisconnectEquipment, Selected device: Camera
2026-08-15T05:20:51.9965|INFO|MeridianFlipTrigger.cs|ShouldTrigger|197|Meridian Flip - Telescope is at home position. Skip flip evaluation
2026-08-15T05:20:51.9966|INFO|SequenceItem.cs|Run|208|Starting Category: Connetti, Item: DisconnectEquipment, Selected device: Filter Wheel
2026-08-15T05:20:52.1246|INFO|FilterWheelVM.cs|Disconnect|333|Disconnected Filter Wheel
2026-08-15T05:20:52.1248|INFO|SequenceItem.cs|Run|254|Finishing Category: Connetti, Item: DisconnectEquipment, Selected device: Filter Wheel
2026-08-15T05:20:52.1250|INFO|MeridianFlipTrigger.cs|ShouldTrigger|197|Meridian Flip - Telescope is at home position. Skip flip evaluation
2026-08-15T05:20:52.1250|INFO|SequenceItem.cs|Run|208|Starting Category: Connetti, Item: DisconnectEquipment, Selected device: Focuser
2026-08-15T05:20:52.1390|INFO|AscomDevice.cs|Disconnect|378|Disconnecting from ASCOM.PegasusAstro.Focuser Pegasus Astro Focus Controller
2026-08-15T05:20:52.3051|INFO|FocuserVM.cs|Disconnect|441|Disconnected Focuser
2026-08-15T05:20:52.3068|INFO|SequenceItem.cs|Run|254|Finishing Category: Connetti, Item: DisconnectEquipment, Selected device: Focuser
2026-08-15T05:20:52.3070|INFO|MeridianFlipTrigger.cs|ShouldTrigger|197|Meridian Flip - Telescope is at home position. Skip flip evaluation
2026-08-15T05:20:52.3070|INFO|SequenceItem.cs|Run|208|Starting Category: Connetti, Item: DisconnectEquipment, Selected device: Mount
2026-08-15T05:20:52.3103|INFO|AscomDevice.cs|Disconnect|378|Disconnecting from ASCOM.Optec ASCOM.Telescope CPWI_ASCOM_Telescope
2026-08-15T05:20:52.3667|INFO|TelescopeVM.cs|Disconnect|740|Disconnected mount
2026-08-15T05:20:52.3670|INFO|SequenceItem.cs|Run|254|Finishing Category: Connetti, Item: DisconnectEquipment, Selected device: Mount
2026-08-15T05:20:52.3671|ERROR|MeridianFlipTrigger.cs|ShouldTrigger|183|Meridian Flip - Telescope is not connected to evaluate if a flip should happen!
2026-08-15T05:20:52.3672|INFO|SequenceItem.cs|Run|208|Starting Category: Connetti, Item: DisconnectEquipment, Selected device: Guider
2026-08-15T05:20:52.3721|INFO|SequenceItem.cs|Run|254|Finishing Category: Connetti, Item: DisconnectEquipment, Selected device: Guider
2026-08-15T05:20:52.3723|ERROR|MeridianFlipTrigger.cs|ShouldTrigger|183|Meridian Flip - Telescope is not connected to evaluate if a flip should happen!
2026-08-15T05:20:52.3724|INFO|SequenceItem.cs|Run|208|Starting Category: Connetti, Item: DisconnectEquipment, Selected device: Flat Panel
2026-08-15T05:20:52.3761|INFO|AscomDevice.cs|Disconnect|378|Disconnecting from ASCOM.WandererCover1.CoverCalibrator WandererEmpire Cover 1
2026-08-15T05:20:52.4212|INFO|FlatDeviceVM.cs|Disconnect|289|Disconnected Flat Device
2026-08-15T05:20:52.4214|INFO|SequenceItem.cs|Run|254|Finishing Category: Connetti, Item: DisconnectEquipment, Selected device: Flat Panel
2026-08-15T05:20:52.4215|ERROR|MeridianFlipTrigger.cs|ShouldTrigger|183|Meridian Flip - Telescope is not connected to evaluate if a flip should happen!
2026-08-15T05:20:52.4216|INFO|SequenceItem.cs|Run|208|Starting Category: Connetti, Item: DisconnectEquipment, Selected device: Weather
2026-08-15T05:20:52.4241|INFO|AscomDevice.cs|Disconnect|378|Disconnecting from ASCOM.CloudWatcher.ObservingConditions CloudWatcher ObsCond
2026-08-15T05:20:52.4578|INFO|WeatherDataVM.cs|Disconnect|305|Disconnected Weather Device
2026-08-15T05:20:52.4580|INFO|SequenceItem.cs|Run|254|Finishing Category: Connetti, Item: DisconnectEquipment, Selected device: Weather
2026-08-15T05:20:52.4583|ERROR|MeridianFlipTrigger.cs|ShouldTrigger|183|Meridian Flip - Telescope is not connected to evaluate if a flip should happen!
2026-08-15T05:20:52.4583|INFO|SequenceItem.cs|Run|208|Starting Category: Connetti, Item: DisconnectEquipment, Selected device: Dome
2026-08-15T05:20:52.4614|INFO|AscomDevice.cs|Disconnect|378|Disconnecting from ASCOM.TS_Shelter.Dome Shelter Dome
2026-08-15T05:20:52.7206|INFO|DomeVM.cs|Disconnect|355|Disconnected Dome Device
2026-08-15T05:20:52.7208|INFO|SequenceItem.cs|Run|254|Finishing Category: Connetti, Item: DisconnectEquipment, Selected device: Dome
2026-08-15T05:20:52.7210|ERROR|MeridianFlipTrigger.cs|ShouldTrigger|183|Meridian Flip - Telescope is not connected to evaluate if a flip should happen!
2026-08-15T05:20:52.7210|INFO|SequenceItem.cs|Run|208|Starting Category: Connetti, Item: DisconnectEquipment, Selected device: Safety Monitor
2026-08-15T05:20:52.7233|INFO|SafetyMonitorVM.cs|UpdateMonitorValues|95|SafetyMonitorInfo state changed to Unsafe
2026-08-15T05:20:52.7234|INFO|AscomDevice.cs|Disconnect|378|Disconnecting from ASCOM.Hub.SafetyMonitor Short driver name - please customise
2026-08-15T05:20:52.8222|WARNING|QhyccdSdk.cs|SetControlValue|285|QHYCCD: Failed to Set Control CONTROL_MANULPWM with value 0
2026-08-15T05:20:53.4377|INFO|SafetyMonitorVM.cs|Disconnect|221|Disconnected Safety Monitor
2026-08-15T05:20:53.4379|INFO|SequenceItem.cs|Run|254|Finishing Category: Connetti, Item: DisconnectEquipment, Selected device: Safety Monitor
2026-08-15T05:20:53.4382|INFO|SequenceItem.cs|Run|254|Finishing Category: * Set di Istruzioni *, Container: NINA.Sequencer.Container.SequentialContainer, Strategy: SequentialStrategy, Items[FINISHED]: 17
2026-08-15T05:20:53.4383|INFO|SequenceItem.cs|Run|254|Finishing Category: * Set di Istruzioni *, Container: NINA.Sequencer.Container.EndAreaContainer, Strategy: SequentialStrategy, Items[FINISHED]: 1
2026-08-15T05:20:53.4385|INFO|SequenceItem.cs|Run|254|Finishing Category: * Set di Istruzioni *, Container: NINA.Sequencer.Container.SequenceRootContainer, Strategy: SequentialStrategy, Items[FINISHED]: 3, Triggers: Trigger: MeridianFlipTriggerTrigger: RestoreGuidingTrigger: AutofocusAfterHFRIncreaseTrigger, Amount: 5Trigger: AutofocusAfterFilterChange
2026-08-15T05:20:53.4429|INFO|Sequence2VM.cs|StartSequence|548|Advanced Sequence finished
2026-08-15T08:12:42.0988|INFO|Thumbnail.cs|LoadOriginalImage|40|Reloading image from D:\Images NINA\Target\LIGHT_1x1_600.00s_15_132_M 27_Celestron C8__-9.96C_L-Pro_0069_2026-08-15_04-51-07_FWHM_6.88_Fok_39364.xisf
2026-08-15T08:12:51.8421|INFO|Thumbnail.cs|LoadOriginalImage|40|Reloading image from D:\Images NINA\Target\LIGHT_1x1_600.00s_15_132_M 27_Celestron C8__-9.96C_L-Pro_0070_2026-08-15_05-01-38_FWHM_6.69_Fok_39364.xisf
2026-08-15T08:13:24.9123|INFO|Thumbnail.cs|LoadOriginalImage|40|Reloading image from D:\Images NINA\Target\LIGHT_1x1_600.00s_15_132_M 27_Celestron C8__-9.96C_L-Pro_0065_2026-08-15_04-06-11_FWHM_4.86_Fok_39420.xisf
2026-08-15T08:13:47.8943|INFO|Thumbnail.cs|LoadOriginalImage|40|Reloading image from D:\Images NINA\Target\LIGHT_1x1_600.00s_15_132_M 27_Celestron C8__-9.96C_L-Pro_0062_2026-08-15_03-31-55_FWHM_5.26_Fok_38823.xisf
2026-08-15T08:14:06.1092|INFO|Thumbnail.cs|LoadOriginalImage|40|Reloading image from D:\Images NINA\Target\LIGHT_1x1_600.00s_15_132_M 27_Celestron C8__-9.96C_L-Pro_0059_2026-08-15_03-00-25_FWHM_4.86_Fok_38823.xisf
2026-08-15T08:14:11.2493|INFO|Thumbnail.cs|LoadOriginalImage|40|Reloading image from D:\Images NINA\Target\LIGHT_1x1_600.00s_15_132_M 27_Celestron C8__-9.96C_L-Pro_0057_2026-08-15_02-39-17_FWHM_4.64_Fok_38823.xisf
2026-08-15T08:14:15.8511|INFO|Thumbnail.cs|LoadOriginalImage|40|Reloading image from D:\Images NINA\Target\LIGHT_1x1_600.00s_15_132_M 27_Celestron C8__-9.96C_L-Pro_0054_2026-08-15_02-07-38_FWHM_4.85_Fok_38823.xisf
2026-08-15T08:14:18.1660|INFO|Thumbnail.cs|LoadOriginalImage|40|Reloading image from D:\Images NINA\Target\LIGHT_1x1_600.00s_15_132_M 27_Celestron C8__-9.96C_L-Pro_0055_2026-08-15_02-18-05_FWHM_4.71_Fok_38823.xisf
2026-08-15T08:14:29.4483|INFO|Thumbnail.cs|LoadOriginalImage|40|Reloading image from D:\Images NINA\Target\LIGHT_1x1_600.00s_15_132_M 27_Celestron C8__-9.96C_L-Pro_0047_2026-08-15_00-47-44_FWHM_NaN_Fok_39184.xisf
2026-08-15T08:14:32.0476|INFO|Thumbnail.cs|LoadOriginalImage|40|Reloading image from D:\Images NINA\Target\LIGHT_1x1_600.00s_15_132_M 27_Celestron C8__-9.96C_L-Pro_0048_2026-08-15_00-58-09_FWHM_NaN_Fok_39184.xisf
2026-08-15T08:14:36.4637|INFO|Thumbnail.cs|LoadOriginalImage|40|Reloading image from D:\Images NINA\Target\LIGHT_1x1_600.00s_15_132_M 27_Celestron C8__-9.96C_L-Pro_0049_2026-08-15_01-08-30_FWHM_NaN_Fok_39184.xisf
2026-08-15T08:14:40.3402|INFO|Thumbnail.cs|LoadOriginalImage|40|Reloading image from D:\Images NINA\Target\LIGHT_1x1_600.00s_15_132_M 27_Celestron C8__-9.96C_L-Pro_0050_2026-08-15_01-18-54_FWHM_NaN_Fok_39184.xisf
2026-08-15T08:14:42.5082|INFO|Thumbnail.cs|LoadOriginalImage|40|Reloading image from D:\Images NINA\Target\LIGHT_1x1_600.00s_15_132_M 27_Celestron C8__-9.96C_L-Pro_0051_2026-08-15_01-36-07_FWHM_5.68_Fok_38823.xisf
2026-08-15T08:14:45.3152|INFO|Thumbnail.cs|LoadOriginalImage|40|Reloading image from D:\Images NINA\Target\LIGHT_1x1_600.00s_15_132_M 27_Celestron C8__-9.96C_L-Pro_0052_2026-08-15_01-46-29_FWHM_5.24_Fok_38823.xisf
2026-08-15T08:14:47.2169|INFO|Thumbnail.cs|LoadOriginalImage|40|Reloading image from D:\Images NINA\Target\LIGHT_1x1_600.00s_15_132_M 27_Celestron C8__-9.91C_L-Pro_0053_2026-08-15_01-57-03_FWHM_5.33_Fok_38823.xisf
2026-08-15T08:14:50.8938|INFO|Thumbnail.cs|LoadOriginalImage|40|Reloading image from D:\Images NINA\Target\LIGHT_1x1_600.00s_15_132_M 27_Celestron C8__-9.96C_L-Pro_0054_2026-08-15_02-07-38_FWHM_4.85_Fok_38823.xisf
2026-08-15T08:14:52.8609|INFO|Thumbnail.cs|LoadOriginalImage|40|Reloading image from D:\Images NINA\Target\LIGHT_1x1_600.00s_15_132_M 27_Celestron C8__-9.96C_L-Pro_0055_2026-08-15_02-18-05_FWHM_4.71_Fok_38823.xisf
2026-08-15T08:17:00.9787|INFO|ApplicationDeviceConnectionVM.cs|UsbDeviceWatcher_DeviceRemoved|237|USB Device disconnected DeviceId: USB\VID_0424&PID_2807\5&144E4AB&0&4, PnpDeviceId: USB\VID_0424&PID_2807\5&144E4AB&0&4, Description: Hub USB generico, Name: Hub USB generico, Manufacturer: (HUB USB standard), Service: USBHUB3, Status: OK
2026-08-15T08:17:00.9790|INFO|ApplicationDeviceConnectionVM.cs|UsbDeviceWatcher_DeviceRemoved|237|USB Device disconnected DeviceId: USB\VID_0547&PID_1433\6&1727222E&0&3, PnpDeviceId: USB\VID_0547&PID_1433\6&1727222E&0&3, Description: Dispositivo WinUSB, Name: USB3.0 Camera, Manufacturer: Dispositivo WinUSB, Service: WINUSB, Status: OK
2026-08-15T08:17:00.9791|INFO|ApplicationDeviceConnectionVM.cs|UsbDeviceWatcher_DeviceRemoved|237|USB Device disconnected DeviceId: USB\VID_0403&PID_6015\PA47RVMY, PnpDeviceId: USB\VID_0403&PID_6015\PA47RVMY, Description: USB Serial Converter, Name: USB Serial Converter, Manufacturer: FTDI, Service: FTDIBUS, Status: OK
2026-08-15T08:17:00.9791|INFO|ApplicationDeviceConnectionVM.cs|UsbDeviceWatcher_DeviceRemoved|237|USB Device disconnected DeviceId: USB\VID_0403&PID_6015\PPBA671NR5, PnpDeviceId: USB\VID_0403&PID_6015\PPBA671NR5, Description: USB Serial Converter, Name: USB Serial Converter, Manufacturer: FTDI, Service: FTDIBUS, Status: OK
2026-08-15T08:17:00.9791|INFO|ApplicationDeviceConnectionVM.cs|UsbDeviceWatcher_DeviceRemoved|237|USB Device disconnected DeviceId: USB\VID_0403&PID_6015\UCH4OV5CO, PnpDeviceId: USB\VID_0403&PID_6015\UCH4OV5CO, Description: USB Serial Converter, Name: USB Serial Converter, Manufacturer: FTDI, Service: FTDIBUS, Status: OK
2026-08-15T08:17:00.9792|INFO|ApplicationDeviceConnectionVM.cs|UsbDeviceWatcher_DeviceRemoved|237|USB Device disconnected DeviceId: USB\VID_1A40&PID_0201\6&2CA8C582&0&2, PnpDeviceId: USB\VID_1A40&PID_0201\6&2CA8C582&0&2, Description: Hub USB generico, Name: Hub USB generico, Manufacturer: (HUB USB standard), Service: USBHUB3, Status: OK
2026-08-15T08:17:00.9792|INFO|ApplicationDeviceConnectionVM.cs|UsbDeviceWatcher_DeviceRemoved|237|USB Device disconnected DeviceId: USB\VID_1A86&PID_7523\6&2CA8C582&0&4, PnpDeviceId: USB\VID_1A86&PID_7523\6&2CA8C582&0&4, Description: USB-SERIAL CH340, Name: USB-SERIAL CH340 (COM34), Manufacturer: wch.cn, Service: CH341SER_A64, Status: OK
2026-08-15T08:17:00.9792|INFO|ApplicationDeviceConnectionVM.cs|UsbDeviceWatcher_DeviceRemoved|237|USB Device disconnected DeviceId: USB\VID_0403&PID_6010\7&7EA6B39&0&3, PnpDeviceId: USB\VID_0403&PID_6010\7&7EA6B39&0&3, Description: Dispositivo USB composito, Name: Dispositivo USB composito, Manufacturer: (Controller host USB standard), Service: usbccgp, Status: OK
2026-08-15T08:17:00.9793|INFO|ApplicationDeviceConnectionVM.cs|UsbDeviceWatcher_DeviceRemoved|237|USB Device disconnected DeviceId: USB\VID_0403&PID_6010&MI_01\8&367DB49&0&0001, PnpDeviceId: USB\VID_0403&PID_6010&MI_01\8&367DB49&0&0001, Description: USB Serial Converter B, Name: USB Serial Converter B, Manufacturer: FTDI, Service: FTDIBUS, Status: OK
2026-08-15T08:17:00.9794|INFO|ApplicationDeviceConnectionVM.cs|UsbDeviceWatcher_DeviceRemoved|237|USB Device disconnected DeviceId: USB\VID_1618&PID_0921\7&7EA6B39&0&1, PnpDeviceId: USB\VID_1618&PID_0921\7&7EA6B39&0&1, Description: QHY5II, Name: QHY5II, Manufacturer: QHY CCD, Service: QHY5II_IO, Status: OK
2026-08-15T08:17:00.9794|INFO|ApplicationDeviceConnectionVM.cs|UsbDeviceWatcher_DeviceRemoved|237|USB Device disconnected DeviceId: USB\VID_0403&PID_6010&MI_00\8&367DB49&0&0000, PnpDeviceId: USB\VID_0403&PID_6010&MI_00\8&367DB49&0&0000, Description: USB Serial Converter A, Name: USB Serial Converter A, Manufacturer: FTDI, Service: FTDIBUS, Status: OK
2026-08-15T08:17:00.9794|INFO|ApplicationDeviceConnectionVM.cs|UsbDeviceWatcher_DeviceRemoved|237|USB Device disconnected DeviceId: USB\VID_1618&PID_6953\7&7EA6B39&0&4, PnpDeviceId: USB\VID_1618&PID_6953\7&7EA6B39&0&4, Description: QHY695A, Name: QHY695A, Manufacturer: QHY CCD, Service: QHY695A_IO, Status: OK
2026-08-15T08:17:03.0270|INFO|ApplicationDeviceConnectionVM.cs|UsbDeviceWatcher_DeviceRemoved|237|USB Device disconnected DeviceId: USB\VID_2109&PID_0813\5&144E4AB&0&12, PnpDeviceId: USB\VID_2109&PID_0813\5&144E4AB&0&12, Description: Hub USB SuperSpeed generico, Name: Hub USB SuperSpeed generico, Manufacturer: (HUB USB standard), Service: USBHUB3, Status: OK
2026-08-15T08:17:03.0271|INFO|ApplicationDeviceConnectionVM.cs|UsbDeviceWatcher_DeviceRemoved|237|USB Device disconnected DeviceId: USB\VID_1A40&PID_0101\6&2EF655E5&0&3, PnpDeviceId: USB\VID_1A40&PID_0101\6&2EF655E5&0&3, Description: Hub USB generico, Name: Hub USB generico, Manufacturer: (HUB USB standard), Service: USBHUB3, Status: OK
2026-08-15T08:17:03.0271|INFO|ApplicationDeviceConnectionVM.cs|UsbDeviceWatcher_DeviceRemoved|237|USB Device disconnected DeviceId: USB\VID_2109&PID_2813\5&144E4AB&0&3, PnpDeviceId: USB\VID_2109&PID_2813\5&144E4AB&0&3, Description: Hub USB generico, Name: Hub USB generico, Manufacturer: (HUB USB standard), Service: USBHUB3, Status: OK
2026-08-15T08:17:03.0272|INFO|ApplicationDeviceConnectionVM.cs|UsbDeviceWatcher_DeviceRemoved|237|USB Device disconnected DeviceId: USB\VID_0547&PID_BF10\7&7EF1AA&0&3, PnpDeviceId: USB\VID_0547&PID_BF10\7&7EF1AA&0&3, Description: Dispositivo WinUSB, Name: FILTERWHEEL  , Manufacturer: Dispositivo WinUSB, Service: WINUSB, Status: OK
2026-08-15T08:17:03.0272|INFO|ApplicationDeviceConnectionVM.cs|UsbDeviceWatcher_DeviceRemoved|237|USB Device disconnected DeviceId: USB\VID_0424&PID_2412\6&2EF655E5&0&2, PnpDeviceId: USB\VID_0424&PID_2412\6&2EF655E5&0&2, Description: Hub USB generico, Name: Hub USB generico, Manufacturer: (HUB USB standard), Service: USBHUB3, Status: OK
2026-08-15T08:17:03.0272|INFO|ApplicationDeviceConnectionVM.cs|UsbDeviceWatcher_DeviceRemoved|237|USB Device disconnected DeviceId: USB\VID_1A86&PID_7523\7&38C2A16F&0&2, PnpDeviceId: USB\VID_1A86&PID_7523\7&38C2A16F&0&2, Description: USB-SERIAL CH340, Name: USB-SERIAL CH340 (COM44), Manufacturer: wch.cn, Service: CH341SER_A64, Status: Unknown
2026-08-15T08:17:03.0273|INFO|ApplicationDeviceConnectionVM.cs|UsbDeviceWatcher_DeviceRemoved|237|USB Device disconnected DeviceId: USB\VID_03C3&PID_120C\6&2EF655E5&0&4, PnpDeviceId: USB\VID_03C3&PID_120C\6&2EF655E5&0&4, Description: ZWO ASI120MM Mini Camera, Name: ZWO ASI120MM Mini Camera, Manufacturer: ZWO, Service: ASICAMUSB3, Status: Unknown
2026-08-15T08:17:03.0273|INFO|ApplicationDeviceConnectionVM.cs|UsbDeviceWatcher_DeviceRemoved|237|USB Device disconnected DeviceId: USB\VID_10C4&PID_EA60\28EAB5B658A6E9118D4DD6A44458CD37, PnpDeviceId: USB\VID_10C4&PID_EA60\28EAB5B658A6E9118D4DD6A44458CD37, Description: Silicon Labs CP210x USB to UART Bridge, Name: Silicon Labs CP210x USB to UART Bridge (COM16), Manufacturer: Silicon Labs, Service: silabser, Status: Unknown
2026-08-15T08:17:03.0273|INFO|ApplicationDeviceConnectionVM.cs|UsbDeviceWatcher_DeviceRemoved|237|USB Device disconnected DeviceId: USB\VID_0424&PID_5807\5&144E4AB&0&13, PnpDeviceId: USB\VID_0424&PID_5807\5&144E4AB&0&13, Description: Hub USB SuperSpeed generico, Name: Hub USB SuperSpeed generico, Manufacturer: (HUB USB standard), Service: USBHUB3, Status: Unknown
2026-08-15T08:17:49.1809|INFO|ApplicationDeviceConnectionVM.cs|UsbDeviceWatcher_DeviceRemoved|237|USB Device disconnected DeviceId: USB\VID_15A2&PID_A50F\_CGX_V1, PnpDeviceId: USB\VID_15A2&PID_A50F\_CGX_V1, Description: Dispositivo seriale USB, Name: USB Serial Device (COM15), Manufacturer: Microsoft, Service: usbser, Status: Unknown
2026-08-15T08:18:11.3246|INFO|Sequence2VM.cs|UnlockSequence|144|Sequencer locked
2026-08-15T08:18:17.3212|INFO|ApplicationVM.cs|Exit|244|Shutting down application - requested by user
2026-08-15T08:18:17.4610|INFO|ApplicationVM.cs|Closing|289|Application shutting down
2026-08-15T08:18:17.5141|INFO|DomeVM.cs|Disconnect|355|Disconnected Dome Device
2026-08-15T08:18:17.5169|INFO|FlatDeviceVM.cs|Disconnect|289|Disconnected Flat Device
2026-08-15T08:18:17.5281|INFO|CameraVM.cs|Disconnect|650|Disconnected Camera
2026-08-15T08:18:17.5288|INFO|TelescopeVM.cs|Disconnect|740|Disconnected mount
2026-08-15T08:18:17.5305|INFO|FilterWheelVM.cs|Disconnect|333|Disconnected Filter Wheel
2026-08-15T08:18:17.5311|INFO|FocuserVM.cs|Disconnect|441|Disconnected Focuser
2026-08-15T08:18:17.5355|INFO|RotatorVM.cs|Disconnect|447|Disconnected Rotator
2026-08-15T08:18:17.5388|INFO|SwitchVM.cs|Disconnect|309|Disconnected Switch
2026-08-15T08:18:17.5427|INFO|WeatherDataVM.cs|Disconnect|305|Disconnected Weather Device
2026-08-15T08:18:17.5440|INFO|SafetyMonitorVM.cs|Disconnect|221|Disconnected Safety Monitor
