----------------------------------------------------------------------
--------------N.I.N.A. - Nighttime Imaging 'N' Astronomy--------------
--------------------------Version 3.2.0.9001--------------------------
-------------------------2026-07-15T15:41:05--------------------------
----------------------------------------------------------------------
---------------------Microsoft Windows 10.0.17763---------------------
-------------------------OS Architecture X64--------------------------
-----------------------Process Architecture X64-----------------------
-----------------------------.NET 8.0.21------------------------------
----------------------------------------------------------------------
--------------------------Processor Count 2---------------------------
--------------------Total Physical Memory 11.68 GB--------------------
----------------------------------------------------------------------
DATE|LEVEL|SOURCE|MEMBER|LINE|MESSAGE
2026-07-15T15:41:05.2992|INFO|CameraChooserVM.cs|GetEquipment|69|Found 1 ASI Cameras
2026-07-15T15:41:06.5652|INFO|CameraChooserVM.cs|GetEquipment|84|Found 1 Altair Cameras
2026-07-15T15:41:07.0127|INFO|CameraChooserVM.cs|GetEquipment|96|Found 0 Atik Cameras
2026-07-15T15:41:07.1522|INFO|CameraChooserVM.cs|GetEquipment|110|Found 0 FLI Cameras
2026-07-15T15:41:08.5765|INFO|CameraChooserVM.cs|GetEquipment|130|Found 2 QHYCCD Cameras
2026-07-15T15:41:10.5711|INFO|CameraChooserVM.cs|GetEquipment|158|Found 2 ToupTek Cameras
2026-07-15T15:41:10.8117|INFO|CameraChooserVM.cs|GetEquipment|173|Found 1 Ogma Cameras
2026-07-15T15:41:11.1646|INFO|CameraChooserVM.cs|GetEquipment|188|Found 2 Omegon Cameras
2026-07-15T15:41:11.6878|INFO|CameraChooserVM.cs|GetEquipment|203|Found 2 RisingCam Cameras
2026-07-15T15:41:12.0459|INFO|CameraChooserVM.cs|GetEquipment|218|Found 1 MallinCam Cameras
2026-07-15T15:41:12.0510|INFO|PluginLoader.cs|LoadPlugin|402|Successfully loaded plugin Connector version 2.1.0.2 by Stefan Berg @isbeorn
2026-07-15T15:41:12.2540|INFO|CameraChooserVM.cs|GetEquipment|243|Found 1 SVBony Cameras
2026-07-15T15:41:12.2621|INFO|CameraChooserVM.cs|GetEquipment|259|Found 0 SBIG Cameras
2026-07-15T15:41:21.8991|INFO|PluginLoader.cs|LoadPlugin|402|Successfully loaded plugin Hocus Focus version 3.0.0.25 by George Hilios (jokogeo)
2026-07-15T15:41:23.3680|INFO|PluginLoader.cs|LoadPlugin|402|Successfully loaded plugin Remote Copy version 3.0.1.0 by Tom Palmer @tcpalmer
2026-07-15T15:42:00.7843|INFO|PluginLoader.cs|LoadPlugin|402|Successfully loaded plugin RTSP Client version 3.1.0.6 by Stefan Berg @isbeorn
2026-07-15T15:42:01.1824|INFO|PluginLoader.cs|LoadPlugin|402|Successfully loaded plugin Three Point Polar Alignment version 2.2.4.3 by Stefan Berg @isbeorn
2026-07-15T15:42:01.4802|INFO|PluginLoader.cs|LoadPlugin|402|Successfully loaded plugin WandererAstro Tools version 3.0.0.0 by WandererAstro
2026-07-15T15:42:03.7398|INFO|PluginFetcher.cs|RequestAll|43|Fetching plugin manifests from https://nighttime-imaging.eu/wp-json/nina/v1/plugins/manifests
2026-07-15T15:42:05.7045|INFO|CameraChooserVM.cs|GetEquipment|279|Found 0 SVBony Cameras
2026-07-15T15:42:05.8273|INFO|CameraChooserVM.cs|GetEquipment|279|Found 0 PlayerOne Cameras
2026-07-15T15:42:05.8952|INFO|CameraChooserVM.cs|GetEquipment|279|Found 0 ASTPAN Cameras
2026-07-15T15:42:05.8989|INFO|CameraChooserVM.cs|GetEquipment|293|Found 13 ASCOM Cameras
2026-07-15T15:42:07.2908|INFO|ApplicationVM.cs|CheckASCOMPlatformVersion|81|ASCOM Platform 7.1.3.4851 installed
2026-07-15T15:42:08.2681|INFO|FilterWheelChooserVM.cs|GetEquipment|193|Found 0 Alpaca Filter Wheels
2026-07-15T15:42:08.4151|INFO|ApplicationVM.cs|CheckDiskInfo|100|Available Space on Drive C:\: 32.05 GB
2026-07-15T15:42:08.4153|INFO|ApplicationVM.cs|CheckDiskInfo|100|Available Space on Drive D:\: 335 GB
2026-07-15T15:42:08.5187|INFO|FocuserChooserVM.cs|GetEquipment|84|Found 0 Alpaca Focusers
2026-07-15T15:42:09.6379|INFO|EarthRotationParameterUpdater.cs|Update|125|Updating EarthRotationParameters due to being outdated. Last available parameter date 2026-07-05
2026-07-15T15:42:09.7368|INFO|TelescopeChooserVM.cs|GetEquipment|69|Found 0 Alpaca Telescopes
2026-07-15T15:42:09.7625|INFO|RotatorChooserVM.cs|GetEquipment|68|Found 0 Alpaca Rotators
2026-07-15T15:42:09.7530|INFO|FlatDeviceChooserVM.cs|GetEquipment|67|Found 0 Alpaca Cover Calibrators
2026-07-15T15:42:09.7701|INFO|CameraChooserVM.cs|GetEquipment|305|Found 0 Alpaca Cameras
2026-07-15T15:42:09.7803|INFO|CameraChooserVM.cs|GetEquipment|318|Found 0 Canon Cameras
2026-07-15T15:42:09.7922|INFO|SwitchChooserVM.cs|GetEquipment|71|Found 0 Alpaca Switch Hubs
2026-07-15T15:42:09.7987|INFO|DomeChooserVM.cs|GetEquipment|67|Found 0 Alpaca Domes
2026-07-15T15:42:10.4342|INFO|PluginFetcher.cs|RequestAll|57|Found 91 valid plugins at https://nighttime-imaging.eu/wp-json/nina/v1/plugins/manifests
2026-07-15T15:42:10.4483|INFO|SafetyMonitorChooserVM.cs|GetEquipment|71|Found 0 Alpaca Safety Monitors
2026-07-15T15:42:10.4633|INFO|WeatherDataChooserVM.cs|GetEquipment|69|Found 0 Alpaca Observing Conditions
2026-07-15T15:42:10.7763|INFO|EarthRotationParameterUpdater.cs|Update|127|Updated EarthRotationParameters. New last available parameter date 2026-10-13
2026-07-15T15:42:21.4152|INFO|CameraVM.cs|Disconnect|650|Disconnected Camera
2026-07-15T15:42:21.6061|ERROR|ToupTekAlikeCamera.cs|TemperatureSetPoint|104|ToupTek - Could not set TemperatureSetPoint to 1000
2026-07-15T15:42:22.1001|ERROR|ToupTekAlikeCamera.cs|LEDLights|806|ToupTek - Could not set LED Lights option to True
2026-07-15T15:42:22.1802|INFO|CameraVM.cs|ChooseCamera|455|Successfully connected Camera. Id: ToupTek_\\?\usb#vid_0547&pid_1433#6&1727222e&0&3 Name: ATR294C DisplayName: ATR294C (222e&0&3)Driver Version: 60.31631.20260606
2026-07-15T15:42:35.7754|INFO|CameraVM.cs|CoolCamera|138|Cooling Camera. Target: 5 Duration: 00:20:00
2026-07-15T17:05:29.7999|INFO|CameraVM.cs|CoolCamera|138|Cooling Camera. Target: 0 Duration: 00:20:00
2026-07-15T17:20:10.9945|WARNING|DeviceUpdateTimer.cs|Run|115|Camera value update cycle took longer than the device poll interval (Total: 2.54s > 2s; Poll: 00:00:02.2723549; Update: 00:00:00.2681167)
2026-07-15T18:05:56.2468|INFO|Sequence2VM.cs|LockSequence|139|Sequencer unlocked
2026-07-15T18:48:29.4760|INFO|ApplicationDeviceConnectionVM.cs|UsbDeviceWatcher_DeviceInserted|232|New USB device detected DeviceId: USB\VID_15A2&PID_A50F\_CGX_V1, PnpDeviceId: USB\VID_15A2&PID_A50F\_CGX_V1, Description: Dispositivo seriale USB, Name: USB Serial Device (COM15), Manufacturer: Microsoft, Service: usbser, Status: OK
2026-07-15T18:51:25.3517|INFO|FilterWheelVM.cs|Disconnect|333|Disconnected Filter Wheel
2026-07-15T18:51:28.1081|INFO|FilterWheelVM.cs|ChooseFW|279|Successfully connected Filter Wheel. Id: ASCOM.ToupTek.FilterWheel Name: ASCOM.ToupTek.FilterWheel DisplayName: ASCOM.ToupTek.FilterWheel (ASCOM) Driver Version: 6.5
2026-07-15T18:51:28.2741|INFO|FocuserVM.cs|Disconnect|441|Disconnected Focuser
2026-07-15T18:51:31.0646|INFO|TelescopeVM.cs|Disconnect|740|Disconnected mount
2026-07-15T18:51:31.4151|INFO|AscomTelescope.cs|CheckMountTime|845|Mount UTC Time: 2026-07-15 16:51:31Z / System UTC Time: 2026-07-15 16:51:31Z; Difference: 0.007 seconds
2026-07-15T18:51:31.5052|INFO|AscomTelescope.cs|CheckMountTime|865|Mount driver does not allow the mount's time to be set.
2026-07-15T18:51:31.6223|INFO|AscomDevice.cs|GetProperty|527|Property Telescope.SiteElevation GET is not implemented in this driver (CPWI_ASCOM_Telescope)
2026-07-15T18:51:33.1962|INFO|TelescopeVM.cs|ChooseTelescope|535|Successfully connected mount. Id: ASCOM.Optec ASCOM.Telescope Name: CPWI_ASCOM_Telescope DisplayName: CPWI_ASCOM_Telescope (ASCOM) Driver Version: 2.5.6.99  with DLL Assembly Date: July_1_2020
2026-07-15T18:51:37.5573|INFO|FocuserVM.cs|ChooseFocuser|333|Successfully connected Focuser. Id: ASCOM.ArcoEsatto.Focuser Name: PLL Focuser v3.7 DisplayName: PLL Focuser v3.7 (ASCOM) Driver Version: 3.7
2026-07-15T18:51:39.3434|INFO|FlatDeviceVM.cs|Disconnect|289|Disconnected Flat Device
2026-07-15T18:51:47.6251|INFO|FlatDeviceVM.cs|Connect|241|Successfully connected flat device. Id: ASCOM.WandererCover2.CoverCalibrator Name: WandererEmpire Cover 2 DisplayName: WandererEmpire Cover 2 (ASCOM) Driver Version: 2.0
2026-07-15T18:51:56.4890|INFO|WeatherDataVM.cs|Disconnect|305|Disconnected Weather Device
2026-07-15T18:51:59.0272|INFO|AscomDevice.cs|GetProperty|527|Property ObservingConditions.SkyBrightness GET is not implemented in this driver (CloudWatcher ObsCond)
2026-07-15T18:51:59.0368|INFO|AscomDevice.cs|GetProperty|527|Property ObservingConditions.SkyQuality GET is not implemented in this driver (CloudWatcher ObsCond)
2026-07-15T18:51:59.0511|INFO|AscomDevice.cs|GetProperty|527|Property ObservingConditions.StarFWHM GET is not implemented in this driver (CloudWatcher ObsCond)
2026-07-15T18:51:59.0660|INFO|AscomDevice.cs|GetProperty|527|Property ObservingConditions.WindDirection GET is not implemented in this driver (CloudWatcher ObsCond)
2026-07-15T18:51:59.0950|INFO|WeatherDataVM.cs|ChooseWeatherData|150|Successfully connected Weather Device. Id: ASCOM.CloudWatcher.ObservingConditions Name: CloudWatcher ObsCond DisplayName: CloudWatcher ObsCond (ASCOM) Driver Version: 1.1
2026-07-15T18:52:02.6113|INFO|DomeVM.cs|Disconnect|355|Disconnected Dome Device
2026-07-15T18:52:04.2199|INFO|AscomDevice.cs|GetProperty|527|Property Dome.AtPark GET is not implemented in this driver (Shelter Dome)
2026-07-15T18:52:04.2282|INFO|AscomDevice.cs|GetProperty|527|Property Dome.AtHome GET is not implemented in this driver (Shelter Dome)
2026-07-15T18:52:04.2452|INFO|AscomDevice.cs|GetProperty|527|Property Dome.Azimuth GET is not implemented in this driver (Shelter Dome)
2026-07-15T18:52:04.2576|INFO|DomeVM.cs|ChooseDome|198|Successfully connected Dome. Id: ASCOM.TS_Shelter.Dome Name: Shelter Dome DisplayName: Shelter Dome (ASCOM) Driver Version: 6.6
2026-07-15T18:52:06.2827|INFO|AscomDevice.cs|GetProperty|527|Property Dome.Altitude GET is not implemented in this driver (Shelter Dome)
2026-07-15T18:52:11.3668|INFO|DockManagerVM.cs|InitializeAvalonDockLayout|366|Initializing imaging tab layout from C:\Users\PrimaLuceLab\AppData\Local\NINA\Profiles\34340171-83bd-4865-9381-6b1dd342fa62.dock.config
2026-07-15T18:52:39.8356|INFO|FlatDeviceVM.cs|SetBrightness|153|Setting brightness to 1
2026-07-15T18:52:48.8488|INFO|CameraVM.cs|Capture|742|Starting Exposure - Exposure Time: 1s; Filter: ; Gain: 910; Offset 99; Binning: 1x1;
2026-07-15T18:53:11.0892|INFO|FlatDeviceVM.cs|SetBrightness|153|Setting brightness to 0
2026-07-15T18:55:09.0826|INFO|AscomDevice.cs|Disconnect|378|Disconnecting from ASCOM.CloudWatcher.ObservingConditions CloudWatcher ObsCond
2026-07-15T18:55:09.1217|INFO|WeatherDataVM.cs|Disconnect|305|Disconnected Weather Device
2026-07-15T18:55:26.6870|INFO|WeatherDataVM.cs|Disconnect|305|Disconnected Weather Device
2026-07-15T18:55:27.8625|INFO|AscomDevice.cs|GetProperty|527|Property ObservingConditions.SkyBrightness GET is not implemented in this driver (CloudWatcher ObsCond)
2026-07-15T18:55:27.8740|INFO|AscomDevice.cs|GetProperty|527|Property ObservingConditions.SkyQuality GET is not implemented in this driver (CloudWatcher ObsCond)
2026-07-15T18:55:27.8836|INFO|AscomDevice.cs|GetProperty|527|Property ObservingConditions.StarFWHM GET is not implemented in this driver (CloudWatcher ObsCond)
2026-07-15T18:55:27.8911|INFO|AscomDevice.cs|GetProperty|527|Property ObservingConditions.WindDirection GET is not implemented in this driver (CloudWatcher ObsCond)
2026-07-15T18:55:27.8945|INFO|WeatherDataVM.cs|ChooseWeatherData|150|Successfully connected Weather Device. Id: ASCOM.CloudWatcher.ObservingConditions Name: CloudWatcher ObsCond DisplayName: CloudWatcher ObsCond (ASCOM) Driver Version: 1.1
2026-07-15T19:31:01.9239|WARNING|DeviceUpdateTimer.cs|Run|115|Mount value update cycle took longer than the device poll interval (Total: 2.44s > 2s; Poll: 00:00:02.4357447; Update: 00:00:00.0000938)
2026-07-15T19:31:21.0999|INFO|FlatDeviceVM.cs|SetBrightness|153|Setting brightness to 1
2026-07-15T19:31:32.7896|INFO|CameraVM.cs|Capture|742|Starting Exposure - Exposure Time: 1s; Filter: ; Gain: 910; Offset 99; Binning: 1x1;
2026-07-15T19:32:03.7309|INFO|FlatDeviceVM.cs|SetBrightness|153|Setting brightness to 0
2026-07-15T20:00:07.3012|WARNING|DeviceUpdateTimer.cs|Run|115|Mount value update cycle took longer than the device poll interval (Total: 3.51s > 2s; Poll: 00:00:03.5077803; Update: 00:00:00.0000963)
2026-07-15T20:00:29.2655|INFO|Sequence2VM.cs|UnlockSequence|144|Sequencer locked
2026-07-15T20:01:28.6077|INFO|Sequence2VM.cs|LockSequence|139|Sequencer unlocked
2026-07-15T20:01:52.2573|INFO|FlatDeviceVM.cs|SetBrightness|153|Setting brightness to 1
2026-07-15T20:01:58.3369|INFO|CameraVM.cs|Capture|742|Starting Exposure - Exposure Time: 1s; Filter: LPRO; Gain: 910; Offset 99; Binning: 1x1;
2026-07-15T20:02:11.3647|INFO|FlatDeviceVM.cs|SetBrightness|153|Setting brightness to 0
2026-07-15T20:02:24.4786|INFO|CameraVM.cs|CoolCamera|138|Cooling Camera. Target: -2 Duration: 00:20:00
2026-07-15T20:03:51.8105|INFO|Sequence2VM.cs|UnlockSequence|144|Sequencer locked
2026-07-15T20:04:10.2059|INFO|Sequence2VM.cs|LockSequence|139|Sequencer unlocked
2026-07-15T22:11:43.1286|WARNING|DeviceUpdateTimer.cs|Run|115|Mount value update cycle took longer than the device poll interval (Total: 2.04s > 2s; Poll: 00:00:02.0387848; Update: 00:00:00.0000931)
2026-07-15T22:12:05.4951|INFO|FlatDeviceVM.cs|SetBrightness|153|Setting brightness to 1
2026-07-15T22:12:11.5044|INFO|CameraVM.cs|Capture|742|Starting Exposure - Exposure Time: 1s; Filter: LPRO; Gain: 910; Offset 99; Binning: 1x1;
2026-07-15T22:12:24.4473|INFO|FlatDeviceVM.cs|SetBrightness|153|Setting brightness to 0
2026-07-15T22:12:49.9643|INFO|CameraVM.cs|CoolCamera|138|Cooling Camera. Target: -10 Duration: 00:15:00
2026-07-15T22:13:25.4192|INFO|DomeVM.cs|OpenShutter|448|Opening dome shutter. Shutter state before opening ShutterClosed
2026-07-15T22:13:25.4244|INFO|AscomDome.cs|OpenShutter|206|Sending an OpenShutter request, since it is currently ShutterClosed
2026-07-15T22:14:10.2694|INFO|DomeVM.cs|OpenShutter|454|Opened dome shutter. Shutter state after opening ShutterOpen
2026-07-15T22:14:21.9845|INFO|FlatDeviceVM.cs|OpenCover|312|Opening Flat Device Cover
2026-07-15T22:30:51.1423|INFO|SafetyMonitorVM.cs|Disconnect|221|Disconnected Safety Monitor
2026-07-15T22:30:52.5804|INFO|SafetyMonitorVM.cs|Connect|175|Successfully connected Safety Monitor. Id: ASCOM.Hub.SafetyMonitor Name: Short driver name - please customise DisplayName: Short driver name - please customise (ASCOM) Driver Version: 6.4
2026-07-15T22:33:28.6712|INFO|PHD2Guider.cs|Connect|205|Connecting to PHD2 server at 127.0.0.1:4400
2026-07-15T22:34:45.7823|INFO|Sequence2VM.cs|StartSequence|543|Advanced Sequence starting
2026-07-15T22:34:45.8079|INFO|SequenceItem.cs|Run|208|Starting Category: * Set di Istruzioni *, Container: NINA.Sequencer.Container.SequenceRootContainer, Strategy: SequentialStrategy, Items[CREATED]: 3, Triggers: Trigger: MeridianFlipTriggerTrigger: RestoreGuidingTrigger: AutofocusAfterHFRIncreaseTrigger, Amount: 10Trigger: AutofocusAfterFilterChange
2026-07-15T22:34:45.8201|INFO|MeridianFlipTrigger.cs|ShouldTrigger|204|Meridian Flip - Telescope is not tracking. Skip flip evaluation
2026-07-15T22:34:45.8279|INFO|SequenceItem.cs|Run|208|Starting Category: * Set di Istruzioni *, Container: NINA.Sequencer.Container.StartAreaContainer, Strategy: SequentialStrategy, Items[CREATED]: 2
2026-07-15T22:34:45.8285|INFO|MeridianFlipTrigger.cs|ShouldTrigger|204|Meridian Flip - Telescope is not tracking. Skip flip evaluation
2026-07-15T22:34:45.8289|INFO|SequenceItem.cs|Run|208|Starting Category: Utilità, Item: Annotation, Text: VERSION: 1
2026-07-15T22:34:45.8295|INFO|SequenceItem.cs|Run|254|Finishing Category: Utilità, Item: Annotation, Text: VERSION: 1
2026-07-15T22:34:45.8478|INFO|MeridianFlipTrigger.cs|ShouldTrigger|204|Meridian Flip - Telescope is not tracking. Skip flip evaluation
2026-07-15T22:34:45.8482|INFO|SequenceItem.cs|Run|208|Starting Category: * Set di Istruzioni *, Container: NINA.Sequencer.Container.SequentialContainer, Strategy: SequentialStrategy, Items[CREATED]: 4
2026-07-15T22:34:45.8486|INFO|MeridianFlipTrigger.cs|ShouldTrigger|204|Meridian Flip - Telescope is not tracking. Skip flip evaluation
2026-07-15T22:34:45.8487|INFO|SequenceItem.cs|Run|208|Starting Category: Utilità, Item: Annotation, Text: VERSION: 1
2026-07-15T22:34:45.8489|INFO|SequenceItem.cs|Run|254|Finishing Category: Utilità, Item: Annotation, Text: VERSION: 1
2026-07-15T22:34:45.8492|INFO|MeridianFlipTrigger.cs|ShouldTrigger|204|Meridian Flip - Telescope is not tracking. Skip flip evaluation
2026-07-15T22:34:45.8492|INFO|SequenceItem.cs|Run|208|Starting Category: * Set di Istruzioni *, Container: NINA.Sequencer.Container.SequentialContainer, Strategy: SequentialStrategy, Items[CREATED]: 4
2026-07-15T22:34:45.8494|INFO|MeridianFlipTrigger.cs|ShouldTrigger|204|Meridian Flip - Telescope is not tracking. Skip flip evaluation
2026-07-15T22:34:45.8496|INFO|SequenceItem.cs|Run|208|Starting Category: Utilità, Item: Annotation, Text: This Startup Sequence ensures an ASCOM Safety Monitor will function in a sequence as expected.
2026-07-15T22:34:45.8496|INFO|SequenceItem.cs|Run|254|Finishing Category: Utilità, Item: Annotation, Text: This Startup Sequence ensures an ASCOM Safety Monitor will function in a sequence as expected.
2026-07-15T22:34:45.8496|INFO|MeridianFlipTrigger.cs|ShouldTrigger|204|Meridian Flip - Telescope is not tracking. Skip flip evaluation
2026-07-15T22:34:45.8497|INFO|SequenceItem.cs|Run|208|Starting Category: Utilità, Item: Annotation, Text: The CONNECTOR Plugin is used in this Sequence.
2026-07-15T22:34:45.8497|INFO|SequenceItem.cs|Run|254|Finishing Category: Utilità, Item: Annotation, Text: The CONNECTOR Plugin is used in this Sequence.
2026-07-15T22:34:45.8498|INFO|MeridianFlipTrigger.cs|ShouldTrigger|204|Meridian Flip - Telescope is not tracking. Skip flip evaluation
2026-07-15T22:34:45.8498|INFO|SequenceItem.cs|Run|208|Starting Category: Utilità, Item: Annotation, Text: A Switch is also used within this Startup Sequence.
2026-07-15T22:34:45.8498|INFO|SequenceItem.cs|Run|254|Finishing Category: Utilità, Item: Annotation, Text: A Switch is also used within this Startup Sequence.
2026-07-15T22:34:45.8499|INFO|MeridianFlipTrigger.cs|ShouldTrigger|204|Meridian Flip - Telescope is not tracking. Skip flip evaluation
2026-07-15T22:34:45.8499|INFO|SequenceItem.cs|Run|208|Starting Category: Utilità, Item: Annotation, Text: The sequence uses Nautical Dusk and Nautical Dawn along with a number of time offsets. Adjust this as desired.
2026-07-15T22:34:45.8499|INFO|SequenceItem.cs|Run|254|Finishing Category: Utilità, Item: Annotation, Text: The sequence uses Nautical Dusk and Nautical Dawn along with a number of time offsets. Adjust this as desired.
2026-07-15T22:34:45.8526|INFO|SequenceItem.cs|Run|254|Finishing Category: * Set di Istruzioni *, Container: NINA.Sequencer.Container.SequentialContainer, Strategy: SequentialStrategy, Items[FINISHED]: 4
2026-07-15T22:34:45.8528|INFO|MeridianFlipTrigger.cs|ShouldTrigger|204|Meridian Flip - Telescope is not tracking. Skip flip evaluation
2026-07-15T22:34:45.8529|INFO|SequenceItem.cs|Run|208|Starting Category: * Set di Istruzioni *, Container: NINA.Sequencer.Container.SequentialContainer, Strategy: SequentialStrategy, Items[CREATED]: 11
2026-07-15T22:34:45.8530|INFO|MeridianFlipTrigger.cs|ShouldTrigger|204|Meridian Flip - Telescope is not tracking. Skip flip evaluation
2026-07-15T22:34:45.8535|INFO|SequenceItem.cs|Run|208|Starting Category: Utilità, Item: WaitForTime, Time: 21:35:28h, Offset: -30
2026-07-15T22:34:45.8552|INFO|SequenceItem.cs|Run|254|Finishing Category: Utilità, Item: WaitForTime, Time: 21:35:28h, Offset: -30
2026-07-15T22:34:45.8554|INFO|MeridianFlipTrigger.cs|ShouldTrigger|204|Meridian Flip - Telescope is not tracking. Skip flip evaluation
2026-07-15T22:34:45.8560|INFO|SequenceItem.cs|Run|208|Starting Category: Connetti, Item: ConnectEquipment, Selected device: Weather, Selected device id: ASCOM.CloudWatcher.ObservingConditions
2026-07-15T22:34:45.8589|INFO|ConnectEquipment.cs|Execute|186|Weather is already connected
2026-07-15T22:34:45.8591|INFO|SequenceItem.cs|Run|254|Finishing Category: Connetti, Item: ConnectEquipment, Selected device: Weather, Selected device id: ASCOM.CloudWatcher.ObservingConditions
2026-07-15T22:34:45.8599|INFO|MeridianFlipTrigger.cs|ShouldTrigger|204|Meridian Flip - Telescope is not tracking. Skip flip evaluation
2026-07-15T22:34:45.8601|INFO|SequenceItem.cs|Run|208|Starting Category: Connetti, Item: ConnectEquipment, Selected device: Safety Monitor, Selected device id: ASCOM.Hub.SafetyMonitor
2026-07-15T22:34:45.8604|INFO|ConnectEquipment.cs|Execute|186|Safety Monitor is already connected
2026-07-15T22:34:45.8605|INFO|SequenceItem.cs|Run|254|Finishing Category: Connetti, Item: ConnectEquipment, Selected device: Safety Monitor, Selected device id: ASCOM.Hub.SafetyMonitor
2026-07-15T22:34:45.8606|INFO|MeridianFlipTrigger.cs|ShouldTrigger|204|Meridian Flip - Telescope is not tracking. Skip flip evaluation
2026-07-15T22:34:45.8611|INFO|SequenceItem.cs|Run|208|Starting Category: Monitor Di Sicurezza, Item: WaitUntilSafe
2026-07-15T22:34:45.8625|INFO|SequenceItem.cs|Run|254|Finishing Category: Monitor Di Sicurezza, Item: WaitUntilSafe
2026-07-15T22:34:45.8626|INFO|MeridianFlipTrigger.cs|ShouldTrigger|204|Meridian Flip - Telescope is not tracking. Skip flip evaluation
2026-07-15T22:34:45.8627|INFO|SequenceItem.cs|Run|208|Starting Category: Connetti, Item: ConnectEquipment, Selected device: Camera, Selected device id: ToupTek_\\?\usb#vid_0547&pid_1433#6&1727222e&0&3
2026-07-15T22:34:45.8627|INFO|ConnectEquipment.cs|Execute|186|Camera is already connected
2026-07-15T22:34:45.8628|INFO|SequenceItem.cs|Run|254|Finishing Category: Connetti, Item: ConnectEquipment, Selected device: Camera, Selected device id: ToupTek_\\?\usb#vid_0547&pid_1433#6&1727222e&0&3
2026-07-15T22:34:45.8629|INFO|MeridianFlipTrigger.cs|ShouldTrigger|204|Meridian Flip - Telescope is not tracking. Skip flip evaluation
2026-07-15T22:34:45.8630|INFO|SequenceItem.cs|Run|208|Starting Category: Connetti, Item: ConnectEquipment, Selected device: Focuser, Selected device id: ASCOM.ArcoEsatto.Focuser
2026-07-15T22:34:45.8630|INFO|ConnectEquipment.cs|Execute|186|Focuser is already connected
2026-07-15T22:34:45.8630|INFO|SequenceItem.cs|Run|254|Finishing Category: Connetti, Item: ConnectEquipment, Selected device: Focuser, Selected device id: ASCOM.ArcoEsatto.Focuser
2026-07-15T22:34:45.8631|INFO|MeridianFlipTrigger.cs|ShouldTrigger|204|Meridian Flip - Telescope is not tracking. Skip flip evaluation
2026-07-15T22:34:45.8631|INFO|SequenceItem.cs|Run|208|Starting Category: Connetti, Item: ConnectEquipment, Selected device: Filter Wheel, Selected device id: ASCOM.ToupTek.FilterWheel
2026-07-15T22:34:45.8632|INFO|ConnectEquipment.cs|Execute|186|Filter Wheel is already connected
2026-07-15T22:34:45.8632|INFO|SequenceItem.cs|Run|254|Finishing Category: Connetti, Item: ConnectEquipment, Selected device: Filter Wheel, Selected device id: ASCOM.ToupTek.FilterWheel
2026-07-15T22:34:45.8633|INFO|MeridianFlipTrigger.cs|ShouldTrigger|204|Meridian Flip - Telescope is not tracking. Skip flip evaluation
2026-07-15T22:34:45.8633|INFO|SequenceItem.cs|Run|208|Starting Category: Connetti, Item: ConnectEquipment, Selected device: Mount, Selected device id: ASCOM.Optec ASCOM.Telescope
2026-07-15T22:34:45.8634|INFO|ConnectEquipment.cs|Execute|186|Mount is already connected
2026-07-15T22:34:45.8634|INFO|SequenceItem.cs|Run|254|Finishing Category: Connetti, Item: ConnectEquipment, Selected device: Mount, Selected device id: ASCOM.Optec ASCOM.Telescope
2026-07-15T22:34:45.8634|INFO|MeridianFlipTrigger.cs|ShouldTrigger|204|Meridian Flip - Telescope is not tracking. Skip flip evaluation
2026-07-15T22:34:45.8635|INFO|SequenceItem.cs|Run|208|Starting Category: Connetti, Item: ConnectEquipment, Selected device: Dome, Selected device id: ASCOM.TS_Shelter.Dome
2026-07-15T22:34:45.8635|INFO|ConnectEquipment.cs|Execute|186|Dome is already connected
2026-07-15T22:34:45.8636|INFO|SequenceItem.cs|Run|254|Finishing Category: Connetti, Item: ConnectEquipment, Selected device: Dome, Selected device id: ASCOM.TS_Shelter.Dome
2026-07-15T22:34:45.8636|INFO|MeridianFlipTrigger.cs|ShouldTrigger|204|Meridian Flip - Telescope is not tracking. Skip flip evaluation
2026-07-15T22:34:45.8637|INFO|SequenceItem.cs|Run|208|Starting Category: Connetti, Item: ConnectEquipment, Selected device: Guider, Selected device id: PHD2_Single
2026-07-15T22:34:45.8637|INFO|ConnectEquipment.cs|Execute|186|Guider is already connected
2026-07-15T22:34:45.8638|INFO|SequenceItem.cs|Run|254|Finishing Category: Connetti, Item: ConnectEquipment, Selected device: Guider, Selected device id: PHD2_Single
2026-07-15T22:34:45.8638|INFO|MeridianFlipTrigger.cs|ShouldTrigger|204|Meridian Flip - Telescope is not tracking. Skip flip evaluation
2026-07-15T22:34:45.8639|INFO|SequenceItem.cs|Run|208|Starting Category: Connetti, Item: ConnectEquipment, Selected device: Flat Panel, Selected device id: ASCOM.WandererCover2.CoverCalibrator
2026-07-15T22:34:45.8639|INFO|ConnectEquipment.cs|Execute|186|Flat Panel is already connected
2026-07-15T22:34:45.8639|INFO|SequenceItem.cs|Run|254|Finishing Category: Connetti, Item: ConnectEquipment, Selected device: Flat Panel, Selected device id: ASCOM.WandererCover2.CoverCalibrator
2026-07-15T22:34:45.8641|INFO|SequenceItem.cs|Run|254|Finishing Category: * Set di Istruzioni *, Container: NINA.Sequencer.Container.SequentialContainer, Strategy: SequentialStrategy, Items[FINISHED]: 11
2026-07-15T22:34:45.8642|INFO|MeridianFlipTrigger.cs|ShouldTrigger|204|Meridian Flip - Telescope is not tracking. Skip flip evaluation
2026-07-15T22:34:45.8642|INFO|SequenceItem.cs|Run|208|Starting Category: * Set di Istruzioni *, Container: NINA.Sequencer.Container.SequentialContainer, Strategy: SequentialStrategy, Items[CREATED]: 12
2026-07-15T22:34:45.8645|INFO|MeridianFlipTrigger.cs|ShouldTrigger|204|Meridian Flip - Telescope is not tracking. Skip flip evaluation
2026-07-15T22:34:45.8650|INFO|SequenceItem.cs|Run|208|Starting Category: Fotocamera, Item: CoolCamera, Temperature: -10, Duration: 5
2026-07-15T22:34:45.8665|INFO|CameraVM.cs|CoolCamera|138|Cooling Camera. Target: -10 Duration: 00:05:00
2026-07-15T22:34:45.9575|INFO|SequenceItem.cs|Run|254|Finishing Category: Fotocamera, Item: CoolCamera, Temperature: -10, Duration: 5
2026-07-15T22:34:45.9579|INFO|MeridianFlipTrigger.cs|ShouldTrigger|204|Meridian Flip - Telescope is not tracking. Skip flip evaluation
2026-07-15T22:34:45.9580|INFO|SequenceItem.cs|Run|208|Starting Category: Utilità, Item: WaitForTime, Time: 21:55:28h, Offset: -10
2026-07-15T22:34:45.9581|INFO|SequenceItem.cs|Run|254|Finishing Category: Utilità, Item: WaitForTime, Time: 21:55:28h, Offset: -10
2026-07-15T22:34:45.9581|INFO|MeridianFlipTrigger.cs|ShouldTrigger|204|Meridian Flip - Telescope is not tracking. Skip flip evaluation
2026-07-15T22:34:45.9582|INFO|SequenceItem.cs|Run|208|Starting Category: Monitor Di Sicurezza, Item: WaitUntilSafe
2026-07-15T22:34:45.9584|INFO|SequenceItem.cs|Run|254|Finishing Category: Monitor Di Sicurezza, Item: WaitUntilSafe
2026-07-15T22:34:45.9584|INFO|MeridianFlipTrigger.cs|ShouldTrigger|204|Meridian Flip - Telescope is not tracking. Skip flip evaluation
2026-07-15T22:34:45.9592|INFO|SequenceItem.cs|Run|208|Starting Category: Osservatorio, Item: OpenDomeShutter
2026-07-15T22:34:45.9606|INFO|SequenceItem.cs|Run|254|Finishing Category: Osservatorio, Item: OpenDomeShutter
2026-07-15T22:34:45.9607|INFO|MeridianFlipTrigger.cs|ShouldTrigger|204|Meridian Flip - Telescope is not tracking. Skip flip evaluation
2026-07-15T22:34:45.9610|INFO|SequenceItem.cs|Run|208|Starting Category: Telescopio, Item: UnparkScope
2026-07-15T22:34:45.9635|INFO|TelescopeVM.cs|UnparkTelescope|232|Mount ordered to unpark
2026-07-15T22:34:46.0344|INFO|TelescopeVM.cs|UnparkTelescope|277|Mount is already unparked
2026-07-15T22:34:46.0348|INFO|TelescopeVM.cs|UnparkTelescope|282|Mount has unparked
2026-07-15T22:34:46.0351|INFO|SequenceItem.cs|Run|254|Finishing Category: Telescopio, Item: UnparkScope
2026-07-15T22:34:46.0352|INFO|MeridianFlipTrigger.cs|ShouldTrigger|204|Meridian Flip - Telescope is not tracking. Skip flip evaluation
2026-07-15T22:34:46.0362|INFO|SequenceItem.cs|Run|208|Starting Category: Apparato per i Flat, Item: OpenCover
2026-07-15T22:34:46.0446|INFO|SequenceItem.cs|Run|254|Finishing Category: Apparato per i Flat, Item: OpenCover
2026-07-15T22:34:46.0449|INFO|MeridianFlipTrigger.cs|ShouldTrigger|204|Meridian Flip - Telescope is not tracking. Skip flip evaluation
2026-07-15T22:34:46.0468|INFO|SequenceItem.cs|Run|208|Starting Category: Telescopio, Item: SetTracking, TrackingMode: Sidereal
2026-07-15T22:34:46.2750|INFO|SequenceItem.cs|Run|254|Finishing Category: Telescopio, Item: SetTracking, TrackingMode: Sidereal
2026-07-15T22:34:46.2753|INFO|MeridianFlipTrigger.cs|ShouldTrigger|204|Meridian Flip - Telescope is not tracking. Skip flip evaluation
2026-07-15T22:34:46.2759|INFO|SequenceItem.cs|Run|208|Starting Category: Ruota porta filtri, Item: SwitchFilter, Filter: LPRO
2026-07-15T22:34:46.4033|INFO|SequenceItem.cs|Run|254|Finishing Category: Ruota porta filtri, Item: SwitchFilter, Filter: LPRO
2026-07-15T22:34:46.4035|INFO|MeridianFlipTrigger.cs|ShouldTrigger|204|Meridian Flip - Telescope is not tracking. Skip flip evaluation
2026-07-15T22:34:46.4042|INFO|SequenceItem.cs|Run|208|Starting Category: Telescopio, Item: SlewScopeToAltAz, Coordinates: NINA.Astrometry.InputTopocentricCoordinates
2026-07-15T22:34:46.4631|INFO|PHD2Guider.cs|StopGuiding|704|Phd2 - Stop Guiding skipped, as the app is already in state Stopped
2026-07-15T22:34:46.4978|INFO|TelescopeVM.cs|SlewAsyncInternal|910|Slewing from RA: 19:17:08; Dec: 89° 03' 21"; Epoch: JNOW to RA: 18:40:56; Dec: 39° 23' 27"; Epoch: JNOW - Alt: 70° 00' 00"; Az: 90° 00' 00"
2026-07-15T22:35:17.7531|INFO|SequenceItem.cs|Run|254|Finishing Category: Telescopio, Item: SlewScopeToAltAz, Coordinates: NINA.Astrometry.InputTopocentricCoordinates
2026-07-15T22:35:17.7554|INFO|MeridianFlipTrigger.cs|ShouldTrigger|296|Meridian Flip - (Side of Pier usage is disabled) There is still time remaining. Max remaining time 01:42:35.0111468, next instruction time 60, next instruction Category: Utilità, Item: WaitForTimeSpan, Time: 60s
2026-07-15T22:35:17.7557|INFO|SequenceItem.cs|Run|208|Starting Category: Utilità, Item: WaitForTimeSpan, Time: 60s
2026-07-15T22:35:33.9855|INFO|MeridianFlipTrigger.cs|ShouldTrigger|296|Meridian Flip - (Side of Pier usage is disabled) There is still time remaining. Max remaining time 01:42:18.9450451, next instruction time 160, next instruction Category: Focheggiatore, Item: RunAutofocus
2026-07-15T22:35:33.9857|INFO|SequenceItem.cs|Run|208|Starting Category: Focheggiatore, Item: RunAutofocus
2026-07-15T22:35:34.1704|INFO|FocuserMediator.cs|BroadcastAutoFocusRunStarting|92|Autofocus starting notification received
2026-07-15T22:35:34.2824|INFO|PHD2Guider.cs|StopGuiding|704|Phd2 - Stop Guiding skipped, as the app is already in state Stopped
2026-07-15T22:35:34.3196|INFO|AutoFocusEngine.cs|RunAutoFocus|929|Starting AutoFocus with initial position 115807
2026-07-15T22:35:34.4782|INFO|CameraVM.cs|Capture|742|Starting Exposure - Exposure Time: 5s; Filter: LPRO; Gain: 910; Offset 99; Binning: 1x1;
2026-07-15T22:35:39.7210|INFO|AutoFocusEngine.cs|StartBlindFocusPoints|769|Waiting on initial HFR analysis
2026-07-15T22:35:39.7823|INFO|FocuserVM.cs|MoveFocuserInternal|216|Moving Focuser to position 130807
2026-07-15T22:35:45.7034|INFO|CameraVM.cs|Capture|742|Starting Exposure - Exposure Time: 5s; Filter: LPRO; Gain: 910; Offset 99; Binning: 1x1;
2026-07-15T22:35:51.5465|INFO|FocuserVM.cs|MoveFocuserInternal|216|Moving Focuser to position 125807
2026-07-15T22:35:52.0675|INFO|HocusFocusStarDetection.cs|Detect|413|Average HFR: 2.073337501438797, HFR MAD: 0.18529631815698244, Detected Stars 299, Region: 0
2026-07-15T22:35:56.9950|INFO|CameraVM.cs|Capture|742|Starting Exposure - Exposure Time: 5s; Filter: LPRO; Gain: 910; Offset 99; Binning: 1x1;
2026-07-15T22:36:02.6480|INFO|HocusFocusStarDetection.cs|Detect|413|Average HFR: 9.109979684227929, HFR MAD: 0.38370888917086354, Detected Stars 26, Region: 0
2026-07-15T22:36:02.9460|INFO|FocuserVM.cs|MoveFocuserInternal|216|Moving Focuser to position 120807
2026-07-15T22:36:08.3301|INFO|CameraVM.cs|Capture|742|Starting Exposure - Exposure Time: 5s; Filter: LPRO; Gain: 910; Offset 99; Binning: 1x1;
2026-07-15T22:36:13.5979|INFO|AutoFocusEngine.cs|StartBlindFocusPoints|797|Waiting on initial focuser move analyses
2026-07-15T22:36:13.6911|INFO|HocusFocusStarDetection.cs|Detect|413|Average HFR: 6.088734424277501, HFR MAD: 0.4148443737096006, Detected Stars 87, Region: 0
2026-07-15T22:36:24.3690|INFO|HocusFocusStarDetection.cs|Detect|413|Average HFR: 3.530161053841973, HFR MAD: 0.3004557872599727, Detected Stars 240, Region: 0
2026-07-15T22:36:24.8548|INFO|FocuserVM.cs|MoveFocuserInternal|216|Moving Focuser to position 115807
2026-07-15T22:36:30.1758|INFO|CameraVM.cs|Capture|742|Starting Exposure - Exposure Time: 5s; Filter: LPRO; Gain: 910; Offset 99; Binning: 1x1;
2026-07-15T22:36:35.3992|INFO|AutoFocusEngine.cs|StartBlindFocusPoints|870|Waiting on next left movement analysis
2026-07-15T22:36:47.7907|INFO|HocusFocusStarDetection.cs|Detect|413|Average HFR: 2.105852143931676, HFR MAD: 0.18047219593295516, Detected Stars 324, Region: 0
2026-07-15T22:36:48.0258|INFO|FocuserVM.cs|MoveFocuserInternal|216|Moving Focuser to position 110807
2026-07-15T22:36:53.7017|INFO|CameraVM.cs|Capture|742|Starting Exposure - Exposure Time: 5s; Filter: LPRO; Gain: 910; Offset 99; Binning: 1x1;
2026-07-15T22:36:59.1385|INFO|AutoFocusEngine.cs|StartBlindFocusPoints|870|Waiting on next left movement analysis
2026-07-15T22:37:11.8360|INFO|HocusFocusStarDetection.cs|Detect|413|Average HFR: 2.766218636746445, HFR MAD: 0.22564648689599354, Detected Stars 314, Region: 0
2026-07-15T22:37:11.9694|INFO|FocuserVM.cs|MoveFocuserInternal|216|Moving Focuser to position 105807
2026-07-15T22:37:17.7212|INFO|CameraVM.cs|Capture|742|Starting Exposure - Exposure Time: 5s; Filter: LPRO; Gain: 910; Offset 99; Binning: 1x1;
2026-07-15T22:37:22.9545|INFO|AutoFocusEngine.cs|StartBlindFocusPoints|870|Waiting on next left movement analysis
2026-07-15T22:37:35.4697|INFO|HocusFocusStarDetection.cs|Detect|413|Average HFR: 4.874603420518493, HFR MAD: 0.3345518757433972, Detected Stars 132, Region: 0
2026-07-15T22:37:35.4998|INFO|AutoFocusEngine.cs|StartBlindFocusPoints|841|Enough right trend points (3) with an established minimum (115807) to queue remaining left focus points down to 100807
2026-07-15T22:37:35.5539|INFO|FocuserVM.cs|MoveFocuserInternal|216|Moving Focuser to position 100807
2026-07-15T22:37:41.7100|INFO|CameraVM.cs|Capture|742|Starting Exposure - Exposure Time: 5s; Filter: LPRO; Gain: 910; Offset 99; Binning: 1x1;
2026-07-15T22:37:46.9602|INFO|AutoFocusEngine.cs|StartBlindFocusPoints|896|Waiting on remaining AutoFocus analysis tasks
2026-07-15T22:37:58.6657|INFO|HocusFocusStarDetection.cs|Detect|413|Average HFR: 8.472204146416592, HFR MAD: 0.4028214257840972, Detected Stars 30, Region: 0
2026-07-15T22:37:58.7617|INFO|FocuserVM.cs|MoveFocuserInternal|216|Moving Focuser to position 114532
2026-07-15T22:38:04.0337|INFO|AutoFocusEngine.cs|ValidateCalculatedFocusPosition|1141|Validating HFR at final focus position 114532
2026-07-15T22:38:04.0350|INFO|CameraVM.cs|Capture|742|Starting Exposure - Exposure Time: 5s; Filter: LPRO; Gain: 910; Offset 99; Binning: 1x1;
2026-07-15T22:38:19.9071|INFO|HocusFocusStarDetection.cs|Detect|413|Average HFR: 2.079197632770588, HFR MAD: 0.16419874006862223, Detected Stars 325, Region: 0
2026-07-15T22:38:19.9155|INFO|HocusFocusVM.cs|AutoFocusEngine_Completed|473|AutoFocus completed with focuser starting at 115807 and ending at 114532
2026-07-15T22:38:20.0016|INFO|FocuserMediator.cs|BroadcastSuccessfulAutoFocusRun|46|Autofocus notification received - Temperature 26.31
2026-07-15T22:38:20.0422|INFO|SequenceItem.cs|Run|254|Finishing Category: Focheggiatore, Item: RunAutofocus
2026-07-15T22:38:20.0427|INFO|MeridianFlipTrigger.cs|ShouldTrigger|296|Meridian Flip - (Side of Pier usage is disabled) There is still time remaining. Max remaining time 01:39:34.2690052, next instruction time 0, next instruction Category: Telescopio, Item: SolveAndSync
2026-07-15T22:38:20.0430|INFO|SequenceItem.cs|Run|208|Starting Category: Telescopio, Item: SolveAndSync
2026-07-15T22:38:20.3732|INFO|CameraVM.cs|Capture|742|Starting Exposure - Exposure Time: 10s; Filter: ; Gain: 910; Offset 99; Binning: 1x1;
2026-07-15T22:38:36.1152|INFO|ImageSolver.cs|Solve|41|Platesolving with parameters: FocalLength: 760 PixelSize: 4.63 SearchRadius: 30 BlindFailoverEnabled: True Regions: 5000 DownSampleFactor: 2 MaxObjects: 500 Reference Coordinates RA: 18:40:02 Dec: 39° 21' 55" Epoch: J2000
2026-07-15T22:38:37.0803|INFO|BaseImageData.cs|SaveToDisk|346|Saved image to C:\Users\PrimaLuceLab\AppData\Local\NINA\PlateSolver\m2s3vrgu.b41.fits
2026-07-15T22:38:39.4644|INFO|ImageSolver.cs|Solve|54|Platesolve successful: Coordinates: RA: 18:45:19; Dec: 39° 27' 24"; Epoch: J2000 - Position Angle: 275.9663683208149
2026-07-15T22:38:39.7299|INFO|TelescopeVM.cs|Sync|777|Syncing scope from RA: 18:40:57; Dec: 39° 23' 26"; Epoch: JNOW to RA: 18:46:14; Dec: 39° 29' 08"; Epoch: JNOW
2026-07-15T22:38:44.7317|INFO|SequenceItem.cs|Run|254|Finishing Category: Telescopio, Item: SolveAndSync
2026-07-15T22:38:44.7323|INFO|SequenceItem.cs|Run|254|Finishing Category: * Set di Istruzioni *, Container: NINA.Sequencer.Container.SequentialContainer, Strategy: SequentialStrategy, Items[FINISHED]: 11, Items[SKIPPED]: 1
2026-07-15T22:38:44.7325|INFO|SequenceItem.cs|Run|254|Finishing Category: * Set di Istruzioni *, Container: NINA.Sequencer.Container.SequentialContainer, Strategy: SequentialStrategy, Items[FINISHED]: 4
2026-07-15T22:38:44.7326|INFO|SequenceItem.cs|Run|254|Finishing Category: * Set di Istruzioni *, Container: NINA.Sequencer.Container.StartAreaContainer, Strategy: SequentialStrategy, Items[FINISHED]: 2
2026-07-15T22:38:44.7327|INFO|MeridianFlipTrigger.cs|ShouldTrigger|296|Meridian Flip - (Side of Pier usage is disabled) There is still time remaining. Max remaining time 01:44:25.7990540, next instruction time 0, next instruction Category: * Set di Istruzioni *, Container: NINA.Sequencer.Container.TargetAreaContainer, Strategy: SequentialStrategy, Items[CREATED]: 2
2026-07-15T22:38:44.7329|INFO|SequenceItem.cs|Run|208|Starting Category: * Set di Istruzioni *, Container: NINA.Sequencer.Container.TargetAreaContainer, Strategy: SequentialStrategy, Items[CREATED]: 2
2026-07-15T22:38:44.7332|INFO|MeridianFlipTrigger.cs|ShouldTrigger|296|Meridian Flip - (Side of Pier usage is disabled) There is still time remaining. Max remaining time 01:44:25.7990540, next instruction time 0, next instruction Category: * Set di Istruzioni *, Container: NINA.Sequencer.Container.SequentialContainer, Strategy: SequentialStrategy, Items[CREATED]: 10
2026-07-15T22:38:44.7333|INFO|SequenceItem.cs|Run|208|Starting Category: * Set di Istruzioni *, Container: NINA.Sequencer.Container.SequentialContainer, Strategy: SequentialStrategy, Items[CREATED]: 10
2026-07-15T22:38:44.7333|INFO|MeridianFlipTrigger.cs|ShouldTrigger|296|Meridian Flip - (Side of Pier usage is disabled) There is still time remaining. Max remaining time 01:44:25.7990540, next instruction time 0, next instruction Category: Utilità, Item: Annotation, Text: This is a Startup Sequence which can be pre-loaded at NINA Start-up.
2026-07-15T22:38:44.7334|INFO|SequenceItem.cs|Run|208|Starting Category: Utilità, Item: Annotation, Text: This is a Startup Sequence which can be pre-loaded at NINA Start-up.
2026-07-15T22:38:44.7334|INFO|SequenceItem.cs|Run|254|Finishing Category: Utilità, Item: Annotation, Text: This is a Startup Sequence which can be pre-loaded at NINA Start-up.
2026-07-15T22:38:44.7335|INFO|MeridianFlipTrigger.cs|ShouldTrigger|296|Meridian Flip - (Side of Pier usage is disabled) There is still time remaining. Max remaining time 01:44:25.7990540, next instruction time 0, next instruction Category: Utilità, Item: Annotation, Text: If you edit this Startup Sequence, you need to save the Entire Sequence using the Save Complete Sequence button at the bottom of the Advanced Sequencer page below.
2026-07-15T22:38:44.7336|INFO|SequenceItem.cs|Run|208|Starting Category: Utilità, Item: Annotation, Text: If you edit this Startup Sequence, you need to save the Entire Sequence using the Save Complete Sequence button at the bottom of the Advanced Sequencer page below.
2026-07-15T22:38:44.7336|INFO|SequenceItem.cs|Run|254|Finishing Category: Utilità, Item: Annotation, Text: If you edit this Startup Sequence, you need to save the Entire Sequence using the Save Complete Sequence button at the bottom of the Advanced Sequencer page below.
2026-07-15T22:38:44.7337|INFO|MeridianFlipTrigger.cs|ShouldTrigger|296|Meridian Flip - (Side of Pier usage is disabled) There is still time remaining. Max remaining time 01:44:25.7990540, next instruction time 0, next instruction Category: Utilità, Item: Annotation, Text: Go to: OPTIONS > IMAGING > SEQUENCE and select this DOME_SAFETY_STARTUP_PA.json file as the STARTUP SEQUENCE TEMPLATE
2026-07-15T22:38:44.7337|INFO|SequenceItem.cs|Run|208|Starting Category: Utilità, Item: Annotation, Text: Go to: OPTIONS > IMAGING > SEQUENCE and select this DOME_SAFETY_STARTUP_PA.json file as the STARTUP SEQUENCE TEMPLATE
2026-07-15T22:38:44.7337|INFO|SequenceItem.cs|Run|254|Finishing Category: Utilità, Item: Annotation, Text: Go to: OPTIONS > IMAGING > SEQUENCE and select this DOME_SAFETY_STARTUP_PA.json file as the STARTUP SEQUENCE TEMPLATE
2026-07-15T22:38:44.7338|INFO|MeridianFlipTrigger.cs|ShouldTrigger|296|Meridian Flip - (Side of Pier usage is disabled) There is still time remaining. Max remaining time 01:44:25.7990540, next instruction time 0, next instruction Category: Utilità, Item: Annotation, Text:      I also find setting COLLAPSE SEQUENCE TEMPLATES BY DEFAULT to ON is quite helpful.  (On the same options page)
2026-07-15T22:38:44.7338|INFO|SequenceItem.cs|Run|208|Starting Category: Utilità, Item: Annotation, Text:      I also find setting COLLAPSE SEQUENCE TEMPLATES BY DEFAULT to ON is quite helpful.  (On the same options page)
2026-07-15T22:38:44.7339|INFO|SequenceItem.cs|Run|254|Finishing Category: Utilità, Item: Annotation, Text:      I also find setting COLLAPSE SEQUENCE TEMPLATES BY DEFAULT to ON is quite helpful.  (On the same options page)
2026-07-15T22:38:44.7340|INFO|MeridianFlipTrigger.cs|ShouldTrigger|296|Meridian Flip - (Side of Pier usage is disabled) There is still time remaining. Max remaining time 01:44:25.7990540, next instruction time 0, next instruction Category: Utilità, Item: Annotation, Text: Any modification of this sequence as a Foundational Startup Template will need to be saved using the buttons at the bottom of this Advanced Sequencer Page below.
2026-07-15T22:38:44.7340|INFO|SequenceItem.cs|Run|208|Starting Category: Utilità, Item: Annotation, Text: Any modification of this sequence as a Foundational Startup Template will need to be saved using the buttons at the bottom of this Advanced Sequencer Page below.
2026-07-15T22:38:44.7341|INFO|SequenceItem.cs|Run|254|Finishing Category: Utilità, Item: Annotation, Text: Any modification of this sequence as a Foundational Startup Template will need to be saved using the buttons at the bottom of this Advanced Sequencer Page below.
2026-07-15T22:38:44.7343|INFO|MeridianFlipTrigger.cs|ShouldTrigger|296|Meridian Flip - (Side of Pier usage is disabled) There is still time remaining. Max remaining time 01:44:25.7990540, next instruction time 0, next instruction Category: Utilità, Item: Annotation, Text: The LOOP_ALL_NIGHT Sequence is a simple Loop until Nautical Dawn. Adjust as desired. This is an outer loop.
2026-07-15T22:38:44.7343|INFO|SequenceItem.cs|Run|208|Starting Category: Utilità, Item: Annotation, Text: The LOOP_ALL_NIGHT Sequence is a simple Loop until Nautical Dawn. Adjust as desired. This is an outer loop.
2026-07-15T22:38:44.7344|INFO|SequenceItem.cs|Run|254|Finishing Category: Utilità, Item: Annotation, Text: The LOOP_ALL_NIGHT Sequence is a simple Loop until Nautical Dawn. Adjust as desired. This is an outer loop.
2026-07-15T22:38:44.7345|INFO|MeridianFlipTrigger.cs|ShouldTrigger|296|Meridian Flip - (Side of Pier usage is disabled) There is still time remaining. Max remaining time 01:44:25.7990540, next instruction time 0, next instruction Category: Utilità, Item: Annotation, Text: The SAFE_LOOP Sequence runs while the System is Safe.
2026-07-15T22:38:44.7345|INFO|SequenceItem.cs|Run|208|Starting Category: Utilità, Item: Annotation, Text: The SAFE_LOOP Sequence runs while the System is Safe.
2026-07-15T22:38:44.7346|INFO|SequenceItem.cs|Run|254|Finishing Category: Utilità, Item: Annotation, Text: The SAFE_LOOP Sequence runs while the System is Safe.
2026-07-15T22:38:44.7346|INFO|MeridianFlipTrigger.cs|ShouldTrigger|296|Meridian Flip - (Side of Pier usage is disabled) There is still time remaining. Max remaining time 01:44:25.7990540, next instruction time 0, next instruction Category: Utilità, Item: Annotation, Text: The UNSAFE Sequence runs when the System is Unsafe and only proceeds back to SAFE_LOOP when it is once again deemed Safe.
2026-07-15T22:38:44.7347|INFO|SequenceItem.cs|Run|208|Starting Category: Utilità, Item: Annotation, Text: The UNSAFE Sequence runs when the System is Unsafe and only proceeds back to SAFE_LOOP when it is once again deemed Safe.
2026-07-15T22:38:44.7347|INFO|SequenceItem.cs|Run|254|Finishing Category: Utilità, Item: Annotation, Text: The UNSAFE Sequence runs when the System is Unsafe and only proceeds back to SAFE_LOOP when it is once again deemed Safe.
2026-07-15T22:38:44.7348|INFO|MeridianFlipTrigger.cs|ShouldTrigger|296|Meridian Flip - (Side of Pier usage is disabled) There is still time remaining. Max remaining time 01:44:25.7990540, next instruction time 0, next instruction Category: Utilità, Item: Annotation, Text: ..... ALL TARGETS should be placed within individual LOOP_ALL_NIGHT > SAFE_LOOP > TARGETS_CONTAINER > TARGET # containers below.....
2026-07-15T22:38:44.7348|INFO|SequenceItem.cs|Run|208|Starting Category: Utilità, Item: Annotation, Text: ..... ALL TARGETS should be placed within individual LOOP_ALL_NIGHT > SAFE_LOOP > TARGETS_CONTAINER > TARGET # containers below.....
2026-07-15T22:38:44.7349|INFO|SequenceItem.cs|Run|254|Finishing Category: Utilità, Item: Annotation, Text: ..... ALL TARGETS should be placed within individual LOOP_ALL_NIGHT > SAFE_LOOP > TARGETS_CONTAINER > TARGET # containers below.....
2026-07-15T22:38:44.7349|INFO|MeridianFlipTrigger.cs|ShouldTrigger|296|Meridian Flip - (Side of Pier usage is disabled) There is still time remaining. Max remaining time 01:44:25.7990540, next instruction time 0, next instruction Category: Utilità, Item: Annotation, Text: Each TARGET # Container should have a looping condition that is identical to the included target sequence.
2026-07-15T22:38:44.7350|INFO|SequenceItem.cs|Run|208|Starting Category: Utilità, Item: Annotation, Text: Each TARGET # Container should have a looping condition that is identical to the included target sequence.
2026-07-15T22:38:44.7350|INFO|SequenceItem.cs|Run|254|Finishing Category: Utilità, Item: Annotation, Text: Each TARGET # Container should have a looping condition that is identical to the included target sequence.
2026-07-15T22:38:44.7351|INFO|SequenceItem.cs|Run|254|Finishing Category: * Set di Istruzioni *, Container: NINA.Sequencer.Container.SequentialContainer, Strategy: SequentialStrategy, Items[FINISHED]: 10
2026-07-15T22:38:44.7357|INFO|MeridianFlipTrigger.cs|ShouldTrigger|296|Meridian Flip - (Side of Pier usage is disabled) There is still time remaining. Max remaining time 01:44:25.7990540, next instruction time 0, next instruction Category: * Set di Istruzioni *, Container: NINA.Sequencer.Container.SequentialContainer, Strategy: SequentialStrategy, Items[CREATED]: 2, Conditions: Condition: TimeCondition, Time: 4:34:4h, 
2026-07-15T22:38:44.7359|INFO|SequenceItem.cs|Run|208|Starting Category: * Set di Istruzioni *, Container: NINA.Sequencer.Container.SequentialContainer, Strategy: SequentialStrategy, Items[CREATED]: 2, Conditions: Condition: TimeCondition, Time: 4:34:4h, 
2026-07-15T22:38:44.7390|INFO|MeridianFlipTrigger.cs|ShouldTrigger|296|Meridian Flip - (Side of Pier usage is disabled) There is still time remaining. Max remaining time 01:44:25.7990540, next instruction time 0, next instruction Category: * Set di Istruzioni *, Container: NINA.Sequencer.Container.SequentialContainer, Strategy: SequentialStrategy, Items[CREATED]: 5, Conditions: Condition: SafetyMonitorCondition, 
2026-07-15T22:38:44.7392|INFO|SequenceItem.cs|Run|208|Starting Category: * Set di Istruzioni *, Container: NINA.Sequencer.Container.SequentialContainer, Strategy: SequentialStrategy, Items[CREATED]: 5, Conditions: Condition: SafetyMonitorCondition, 
2026-07-15T22:38:44.7400|INFO|MeridianFlipTrigger.cs|ShouldTrigger|296|Meridian Flip - (Side of Pier usage is disabled) There is still time remaining. Max remaining time 01:44:25.7990540, next instruction time 0, next instruction Category: * Set di Istruzioni *, Container: NINA.Sequencer.Container.SequentialContainer, Strategy: SequentialStrategy, Items[CREATED]: 7
2026-07-15T22:38:44.7400|INFO|SequenceItem.cs|Run|208|Starting Category: * Set di Istruzioni *, Container: NINA.Sequencer.Container.SequentialContainer, Strategy: SequentialStrategy, Items[CREATED]: 7
2026-07-15T22:38:44.7402|INFO|MeridianFlipTrigger.cs|ShouldTrigger|296|Meridian Flip - (Side of Pier usage is disabled) There is still time remaining. Max remaining time 01:44:25.7990540, next instruction time 0, next instruction Category: Utilità, Item: Annotation, Text: This brief sequence of instructions is required after returning to a Safe condifition from an Unsafe one. It will not negatively affect anything on its initial execution.
2026-07-15T22:38:44.7403|INFO|SequenceItem.cs|Run|208|Starting Category: Utilità, Item: Annotation, Text: This brief sequence of instructions is required after returning to a Safe condifition from an Unsafe one. It will not negatively affect anything on its initial execution.
2026-07-15T22:38:44.7403|INFO|SequenceItem.cs|Run|254|Finishing Category: Utilità, Item: Annotation, Text: This brief sequence of instructions is required after returning to a Safe condifition from an Unsafe one. It will not negatively affect anything on its initial execution.
2026-07-15T22:38:44.7405|INFO|MeridianFlipTrigger.cs|ShouldTrigger|296|Meridian Flip - (Side of Pier usage is disabled) There is still time remaining. Max remaining time 01:44:25.7990540, next instruction time 0, next instruction Category: Utilità, Item: Annotation, Text: The 5 minute wait here can be adjusted as desired. It is here to show 5 minutes of Safety prior to resetting the equipment.
2026-07-15T22:38:44.7405|INFO|SequenceItem.cs|Run|208|Starting Category: Utilità, Item: Annotation, Text: The 5 minute wait here can be adjusted as desired. It is here to show 5 minutes of Safety prior to resetting the equipment.
2026-07-15T22:38:44.7405|INFO|SequenceItem.cs|Run|254|Finishing Category: Utilità, Item: Annotation, Text: The 5 minute wait here can be adjusted as desired. It is here to show 5 minutes of Safety prior to resetting the equipment.
2026-07-15T22:38:44.7407|INFO|MeridianFlipTrigger.cs|ShouldTrigger|296|Meridian Flip - (Side of Pier usage is disabled) There is still time remaining. Max remaining time 01:44:25.7990540, next instruction time 300, next instruction Category: Utilità, Item: WaitForTimeSpan, Time: 300s
2026-07-15T22:38:44.7407|INFO|SequenceItem.cs|Run|208|Starting Category: Utilità, Item: WaitForTimeSpan, Time: 300s
2026-07-15T22:38:57.7189|INFO|MeridianFlipTrigger.cs|ShouldTrigger|296|Meridian Flip - (Side of Pier usage is disabled) There is still time remaining. Max remaining time 01:44:11.7309042, next instruction time 0, next instruction Category: Osservatorio, Item: OpenDomeShutter
2026-07-15T22:38:57.7190|INFO|SequenceItem.cs|Run|208|Starting Category: Osservatorio, Item: OpenDomeShutter
2026-07-15T22:38:57.7193|INFO|SequenceItem.cs|Run|254|Finishing Category: Osservatorio, Item: OpenDomeShutter
2026-07-15T22:38:57.7195|INFO|MeridianFlipTrigger.cs|ShouldTrigger|296|Meridian Flip - (Side of Pier usage is disabled) There is still time remaining. Max remaining time 01:44:11.7309042, next instruction time 0, next instruction Category: Telescopio, Item: UnparkScope
2026-07-15T22:38:57.7196|INFO|SequenceItem.cs|Run|208|Starting Category: Telescopio, Item: UnparkScope
2026-07-15T22:38:57.7196|INFO|TelescopeVM.cs|UnparkTelescope|232|Mount ordered to unpark
2026-07-15T22:38:57.7316|INFO|TelescopeVM.cs|UnparkTelescope|277|Mount is already unparked
2026-07-15T22:38:57.7317|INFO|TelescopeVM.cs|UnparkTelescope|282|Mount has unparked
2026-07-15T22:38:57.7318|INFO|SequenceItem.cs|Run|254|Finishing Category: Telescopio, Item: UnparkScope
2026-07-15T22:38:57.7321|INFO|MeridianFlipTrigger.cs|ShouldTrigger|296|Meridian Flip - (Side of Pier usage is disabled) There is still time remaining. Max remaining time 01:44:11.7309042, next instruction time 0, next instruction Category: Apparato per i Flat, Item: OpenCover
2026-07-15T22:38:57.7322|INFO|SequenceItem.cs|Run|208|Starting Category: Apparato per i Flat, Item: OpenCover
2026-07-15T22:38:57.7366|INFO|SequenceItem.cs|Run|254|Finishing Category: Apparato per i Flat, Item: OpenCover
2026-07-15T22:38:57.7370|INFO|MeridianFlipTrigger.cs|ShouldTrigger|296|Meridian Flip - (Side of Pier usage is disabled) There is still time remaining. Max remaining time 01:44:11.7309042, next instruction time 0, next instruction Category: Telescopio, Item: SetTracking, TrackingMode: Sidereal
2026-07-15T22:38:57.7371|INFO|SequenceItem.cs|Run|208|Starting Category: Telescopio, Item: SetTracking, TrackingMode: Sidereal
2026-07-15T22:38:57.7673|INFO|SequenceItem.cs|Run|254|Finishing Category: Telescopio, Item: SetTracking, TrackingMode: Sidereal
2026-07-15T22:38:57.7681|INFO|SequenceItem.cs|Run|254|Finishing Category: * Set di Istruzioni *, Container: NINA.Sequencer.Container.SequentialContainer, Strategy: SequentialStrategy, Items[FINISHED]: 6, Items[SKIPPED]: 1
2026-07-15T22:38:57.7684|INFO|MeridianFlipTrigger.cs|ShouldTrigger|296|Meridian Flip - (Side of Pier usage is disabled) There is still time remaining. Max remaining time 01:44:11.7309042, next instruction time 0, next instruction Category: * Set di Istruzioni *, Container: NINA.Sequencer.Container.SequentialContainer, Strategy: SequentialStrategy, Items[CREATED]: 2
2026-07-15T22:38:57.7685|INFO|SequenceItem.cs|Run|208|Starting Category: * Set di Istruzioni *, Container: NINA.Sequencer.Container.SequentialContainer, Strategy: SequentialStrategy, Items[CREATED]: 2
2026-07-15T22:38:57.7686|INFO|MeridianFlipTrigger.cs|ShouldTrigger|296|Meridian Flip - (Side of Pier usage is disabled) There is still time remaining. Max remaining time 01:44:11.7309042, next instruction time 0, next instruction Category: Utilità, Item: Annotation, Text: BE SURE TO MATCH EACH TARGET CONTAINER LOOP CONDITION TO THE NESTED TARGET SEQUENCE LOOP CONDITION
2026-07-15T22:38:57.7687|INFO|SequenceItem.cs|Run|208|Starting Category: Utilità, Item: Annotation, Text: BE SURE TO MATCH EACH TARGET CONTAINER LOOP CONDITION TO THE NESTED TARGET SEQUENCE LOOP CONDITION
2026-07-15T22:38:57.7687|INFO|SequenceItem.cs|Run|254|Finishing Category: Utilità, Item: Annotation, Text: BE SURE TO MATCH EACH TARGET CONTAINER LOOP CONDITION TO THE NESTED TARGET SEQUENCE LOOP CONDITION
2026-07-15T22:38:57.7688|INFO|MeridianFlipTrigger.cs|ShouldTrigger|296|Meridian Flip - (Side of Pier usage is disabled) There is still time remaining. Max remaining time 01:44:11.7309042, next instruction time 0, next instruction Category: * Set di Istruzioni *, Container: NINA.Sequencer.Container.SequentialContainer, Strategy: SequentialStrategy, Items[CREATED]: 3, Conditions: Condition: TimeCondition, Time: 4:34:4h, 
2026-07-15T22:38:57.7689|INFO|SequenceItem.cs|Run|208|Starting Category: * Set di Istruzioni *, Container: NINA.Sequencer.Container.SequentialContainer, Strategy: SequentialStrategy, Items[CREATED]: 3, Conditions: Condition: TimeCondition, Time: 4:34:4h, 
2026-07-15T22:38:57.7691|INFO|MeridianFlipTrigger.cs|ShouldTrigger|296|Meridian Flip - (Side of Pier usage is disabled) There is still time remaining. Max remaining time 01:44:11.7309042, next instruction time 0, next instruction Category: Utilità, Item: Annotation, Text: PLACE YOUR ...FIRST... TARGET SEQUENCE OF THE NIGHT ...BELOW... THIS LINE
2026-07-15T22:38:57.7691|INFO|SequenceItem.cs|Run|208|Starting Category: Utilità, Item: Annotation, Text: PLACE YOUR ...FIRST... TARGET SEQUENCE OF THE NIGHT ...BELOW... THIS LINE
2026-07-15T22:38:57.7692|INFO|SequenceItem.cs|Run|254|Finishing Category: Utilità, Item: Annotation, Text: PLACE YOUR ...FIRST... TARGET SEQUENCE OF THE NIGHT ...BELOW... THIS LINE
2026-07-15T22:38:57.7693|INFO|MeridianFlipTrigger.cs|ShouldTrigger|296|Meridian Flip - (Side of Pier usage is disabled) There is still time remaining. Max remaining time 01:44:11.7309042, next instruction time 0, next instruction Category: Utilità, Item: Annotation, Text: PLACE YOUR ...FIRST... TARGET SEQUENCE OF THE NIGHT ...ABOVE... THIS LINE
2026-07-15T22:38:57.7693|INFO|SequenceItem.cs|Run|208|Starting Category: Utilità, Item: Annotation, Text: PLACE YOUR ...FIRST... TARGET SEQUENCE OF THE NIGHT ...ABOVE... THIS LINE
2026-07-15T22:38:57.7694|INFO|SequenceItem.cs|Run|254|Finishing Category: Utilità, Item: Annotation, Text: PLACE YOUR ...FIRST... TARGET SEQUENCE OF THE NIGHT ...ABOVE... THIS LINE
2026-07-15T22:38:57.7719|INFO|MeridianFlipTrigger.cs|ShouldTrigger|296|Meridian Flip - (Side of Pier usage is disabled) There is still time remaining. Max remaining time 01:44:11.7309042, next instruction time 0, next instruction Category: * Set di Istruzioni *, Container: NINA.Sequencer.Container.DeepSkyObjectContainer, Strategy: SequentialStrategy, Items[CREATED]: 4, Triggers: Trigger: CenterAfterDriftTrigger, DistanceArcMinutes: 3, Target: LDN 1320 RA: 04:15:12; Dec: 85° 37' 59"; Epoch: J2000 276.95
2026-07-15T22:38:57.7723|INFO|SequenceItem.cs|Run|208|Starting Category: * Set di Istruzioni *, Container: NINA.Sequencer.Container.DeepSkyObjectContainer, Strategy: SequentialStrategy, Items[CREATED]: 4, Triggers: Trigger: CenterAfterDriftTrigger, DistanceArcMinutes: 3, Target: LDN 1320 RA: 04:15:12; Dec: 85° 37' 59"; Epoch: J2000 276.95
2026-07-15T22:38:57.7748|INFO|MeridianFlipTrigger.cs|ShouldTrigger|296|Meridian Flip - (Side of Pier usage is disabled) There is still time remaining. Max remaining time 01:44:11.7309042, next instruction time 0, next instruction Category: Telescopio, Item: Center, Coordinates RA: 04:15:12; Dec: 85° 37' 59"; Epoch: J2000
2026-07-15T22:38:57.7751|INFO|SequenceItem.cs|Run|208|Starting Category: Telescopio, Item: Center, Coordinates RA: 04:15:12; Dec: 85° 37' 59"; Epoch: J2000
2026-07-15T22:38:58.3257|INFO|PHD2Guider.cs|StopGuiding|704|Phd2 - Stop Guiding skipped, as the app is already in state Stopped
2026-07-15T22:38:58.5558|INFO|TelescopeVM.cs|SlewAsyncInternal|910|Slewing from RA: 18:46:15; Dec: 39° 29' 08"; Epoch: JNOW to RA: 04:23:25; Dec: 85° 41' 39"; Epoch: JNOW - Alt: 38° 13' 33"; Az: 00° 52' 20"
2026-07-15T22:40:00.7393|INFO|CameraVM.cs|Capture|742|Starting Exposure - Exposure Time: 10s; Filter: ; Gain: 100; Offset 99; Binning: 1x1;
2026-07-15T22:40:16.6824|INFO|ImageSolver.cs|Solve|41|Platesolving with parameters: FocalLength: 760 PixelSize: 4.63 SearchRadius: 30 BlindFailoverEnabled: True Regions: 5000 DownSampleFactor: 2 MaxObjects: 500 Reference Coordinates RA: 04:15:12 Dec: 85° 37' 59" Epoch: J2000
2026-07-15T22:40:17.2166|INFO|BaseImageData.cs|SaveToDisk|346|Saved image to C:\Users\PrimaLuceLab\AppData\Local\NINA\PlateSolver\a3ghu1ka.br3.fits
2026-07-15T22:40:19.1859|INFO|ImageSolver.cs|Solve|54|Platesolve successful: Coordinates: RA: 04:48:56; Dec: 85° 37' 30"; Epoch: J2000 - Position Angle: 272.3715105123046
2026-07-15T22:40:19.1921|INFO|CenteringSolver.cs|Center|99|Centering Solver - Scope Position: RA: 04:23:26; Dec: 85° 41' 39"; Epoch: JNOW; Offset: RA: 00:00:00; Dec: 00° 00' 00"; Distance: 00° 00' 00"; Bearing: 00° 00' 00"; Centering Coordinates: RA: 04:23:25; Dec: 85° 41' 39"; Epoch: JNOW; Solved: RA: 04:57:32; Dec: 85° 40' 00"; Epoch: JNOW; Separation RA: -00:34:06; Dec: 00° 01' 40"; Distance: 00° 38' 32"; Bearing: -88° 12' 45"; Threshold: 1
2026-07-15T22:40:19.4893|INFO|TelescopeVM.cs|Sync|777|Syncing scope from RA: 04:23:26; Dec: 85° 41' 39"; Epoch: JNOW to RA: 04:57:32; Dec: 85° 40' 00"; Epoch: JNOW
2026-07-15T22:40:24.4913|INFO|CenteringSolver.cs|Center|132|Slewing to target after sync. Current Position: RA: 04:57:32; Dec: 85° 40' 00"; Epoch: JNOW; Target coordinates: RA: 04:23:25; Dec: 85° 41' 39"; Epoch: JNOW; Offset RA: 00:00:00; Dec: 00° 00' 00"; Distance: 00° 00' 00"; Bearing: 00° 00' 00"
2026-07-15T22:40:24.5025|INFO|TelescopeVM.cs|SlewAsyncInternal|910|Slewing from RA: 04:57:32; Dec: 85° 40' 00"; Epoch: JNOW to RA: 04:23:25; Dec: 85° 41' 39"; Epoch: JNOW - Alt: 38° 13' 48"; Az: 00° 54' 22"
2026-07-15T22:40:36.6640|INFO|CameraVM.cs|Capture|742|Starting Exposure - Exposure Time: 10s; Filter: ; Gain: 100; Offset 99; Binning: 1x1;
2026-07-15T22:40:52.7559|INFO|ImageSolver.cs|Solve|41|Platesolving with parameters: FocalLength: 760 PixelSize: 4.63 SearchRadius: 30 BlindFailoverEnabled: True Regions: 5000 DownSampleFactor: 2 MaxObjects: 500 Reference Coordinates RA: 04:15:12 Dec: 85° 37' 59" Epoch: J2000
2026-07-15T22:40:53.3210|INFO|BaseImageData.cs|SaveToDisk|346|Saved image to C:\Users\PrimaLuceLab\AppData\Local\NINA\PlateSolver\2ir0e4lu.f0f.fits
2026-07-15T22:40:55.3036|INFO|ImageSolver.cs|Solve|54|Platesolve successful: Coordinates: RA: 04:16:25; Dec: 85° 37' 17"; Epoch: J2000 - Position Angle: 272.680418782628
2026-07-15T22:40:55.3207|INFO|CenteringSolver.cs|Center|99|Centering Solver - Scope Position: RA: 04:23:26; Dec: 85° 41' 40"; Epoch: JNOW; Offset: RA: 00:00:00; Dec: 00° 00' 00"; Distance: 00° 00' 00"; Bearing: 00° 00' 00"; Centering Coordinates: RA: 04:23:25; Dec: 85° 41' 39"; Epoch: JNOW; Solved: RA: 04:24:39; Dec: 85° 40' 55"; Epoch: JNOW; Separation RA: -00:01:13; Dec: 00° 00' 44"; Distance: 00° 01' 34"; Bearing: -117° 56' 31"; Threshold: 1
2026-07-15T22:40:55.4893|INFO|TelescopeVM.cs|Sync|777|Syncing scope from RA: 04:23:26; Dec: 85° 41' 40"; Epoch: JNOW to RA: 04:24:39; Dec: 85° 40' 55"; Epoch: JNOW
2026-07-15T22:41:00.4931|INFO|CenteringSolver.cs|Center|132|Slewing to target after sync. Current Position: RA: 04:24:39; Dec: 85° 40' 55"; Epoch: JNOW; Target coordinates: RA: 04:23:25; Dec: 85° 41' 39"; Epoch: JNOW; Offset RA: 00:00:00; Dec: 00° 00' 00"; Distance: 00° 00' 00"; Bearing: 00° 00' 00"
2026-07-15T22:41:00.5225|INFO|TelescopeVM.cs|SlewAsyncInternal|910|Slewing from RA: 04:24:39; Dec: 85° 40' 55"; Epoch: JNOW to RA: 04:23:25; Dec: 85° 41' 39"; Epoch: JNOW - Alt: 38° 13' 54"; Az: 00° 55' 13"
2026-07-15T22:41:10.7671|INFO|CameraVM.cs|Capture|742|Starting Exposure - Exposure Time: 10s; Filter: ; Gain: 100; Offset 99; Binning: 1x1;
2026-07-15T22:41:26.8963|INFO|ImageSolver.cs|Solve|41|Platesolving with parameters: FocalLength: 760 PixelSize: 4.63 SearchRadius: 30 BlindFailoverEnabled: True Regions: 5000 DownSampleFactor: 2 MaxObjects: 500 Reference Coordinates RA: 04:15:12 Dec: 85° 37' 59" Epoch: J2000
2026-07-15T22:41:27.4507|INFO|BaseImageData.cs|SaveToDisk|346|Saved image to C:\Users\PrimaLuceLab\AppData\Local\NINA\PlateSolver\y2w0semc.cgf.fits
2026-07-15T22:41:29.3763|INFO|ImageSolver.cs|Solve|54|Platesolve successful: Coordinates: RA: 04:15:21; Dec: 85° 37' 56"; Epoch: J2000 - Position Angle: 272.6973587954001
2026-07-15T22:41:29.3771|INFO|CenteringSolver.cs|Center|99|Centering Solver - Scope Position: RA: 04:23:26; Dec: 85° 41' 39"; Epoch: JNOW; Offset: RA: 00:00:00; Dec: 00° 00' 00"; Distance: 00° 00' 00"; Bearing: 00° 00' 00"; Centering Coordinates: RA: 04:23:25; Dec: 85° 41' 39"; Epoch: JNOW; Solved: RA: 04:23:34; Dec: 85° 41' 36"; Epoch: JNOW; Separation RA: -00:00:09; Dec: 00° 00' 03"; Distance: 00° 00' 11"; Bearing: -106° 38' 16"; Threshold: 1
2026-07-15T22:41:29.3847|INFO|SequenceItem.cs|Run|254|Finishing Category: Telescopio, Item: Center, Coordinates RA: 04:15:12; Dec: 85° 37' 59"; Epoch: J2000
2026-07-15T22:41:29.3857|INFO|MeridianFlipTrigger.cs|ShouldTrigger|296|Meridian Flip - (Side of Pier usage is disabled) There is still time remaining. Max remaining time 11:18:52.5742147, next instruction time 0, next instruction Category: Guida, Item: StartGuiding
2026-07-15T22:41:29.3861|INFO|SequenceItem.cs|Run|208|Starting Category: Guida, Item: StartGuiding
2026-07-15T22:41:29.5407|INFO|PHD2Guider.cs|TryStartGuideCommand|641|Phd2 - Requesting to start guiding. Recalibrate: False
2026-07-15T22:41:52.4101|INFO|SequenceItem.cs|Run|254|Finishing Category: Guida, Item: StartGuiding
2026-07-15T22:41:52.4186|INFO|MeridianFlipTrigger.cs|ShouldTrigger|296|Meridian Flip - (Side of Pier usage is disabled) There is still time remaining. Max remaining time 11:18:27.7149715, next instruction time 300, next instruction Category: Utilità, Item: WaitForTimeSpan, Time: 300s
2026-07-15T22:41:52.4187|INFO|SequenceItem.cs|Run|208|Starting Category: Utilità, Item: WaitForTimeSpan, Time: 300s
2026-07-15T22:46:56.1480|INFO|SequenceItem.cs|Run|254|Finishing Category: Utilità, Item: WaitForTimeSpan, Time: 300s
2026-07-15T22:46:56.1874|INFO|MeridianFlipTrigger.cs|ShouldTrigger|296|Meridian Flip - (Side of Pier usage is disabled) There is still time remaining. Max remaining time 11:13:18.2704246, next instruction time 600, next instruction Category: Fotocamera, Container: NINA.Sequencer.SequenceItem.Imaging.SmartExposure, Strategy: SequentialStrategy, Items[CREATED]: 2, Conditions: Condition: LoopCondition, Iterations: 19/45, , Triggers: Trigger: DitherAfterExposures, After Exposures: 1
2026-07-15T22:46:56.1891|INFO|SequenceItem.cs|Run|208|Starting Category: Fotocamera, Container: NINA.Sequencer.SequenceItem.Imaging.SmartExposure, Strategy: SequentialStrategy, Items[CREATED]: 2, Conditions: Condition: LoopCondition, Iterations: 19/45, , Triggers: Trigger: DitherAfterExposures, After Exposures: 1
2026-07-15T22:46:56.1919|INFO|MeridianFlipTrigger.cs|ShouldTrigger|296|Meridian Flip - (Side of Pier usage is disabled) There is still time remaining. Max remaining time 11:13:18.2704246, next instruction time 0, next instruction Category: Ruota porta filtri, Item: SwitchFilter, Filter: LPRO
2026-07-15T22:46:56.1943|INFO|SequenceItem.cs|Run|208|Starting Category: Ruota porta filtri, Item: SwitchFilter, Filter: LPRO
2026-07-15T22:46:56.1951|INFO|SequenceItem.cs|Run|254|Finishing Category: Ruota porta filtri, Item: SwitchFilter, Filter: LPRO
2026-07-15T22:46:56.1964|INFO|MeridianFlipTrigger.cs|ShouldTrigger|296|Meridian Flip - (Side of Pier usage is disabled) There is still time remaining. Max remaining time 11:13:18.2704246, next instruction time 600, next instruction Category: Fotocamera, Item: TakeExposure, ExposureTime 600, Gain 910, Offset 99, ImageType LIGHT, Binning 1x1
2026-07-15T22:46:56.2008|INFO|SequenceTrigger.cs|Run|114|Starting Trigger: RestoreGuiding
2026-07-15T22:46:56.2285|INFO|SequenceItem.cs|Run|208|Starting Category: * Set di Istruzioni *, Container: NINA.Sequencer.Container.SequentialContainer, Strategy: SequentialStrategy, Items[CREATED]: 1
2026-07-15T22:46:56.2287|INFO|SequenceItem.cs|Run|208|Starting Category: Guida, Item: StartGuiding
2026-07-15T22:46:56.2815|INFO|PHD2Guider.cs|StartGuidingPrivate|504|Phd2 - App is already guiding. Skipping start guiding
2026-07-15T22:46:56.2817|INFO|SequenceItem.cs|Run|254|Finishing Category: Guida, Item: StartGuiding
2026-07-15T22:46:56.2821|INFO|SequenceItem.cs|Run|254|Finishing Category: * Set di Istruzioni *, Container: NINA.Sequencer.Container.SequentialContainer, Strategy: SequentialStrategy, Items[FINISHED]: 1
2026-07-15T22:46:56.2857|INFO|SequenceItem.cs|Run|208|Starting Category: Fotocamera, Item: TakeExposure, ExposureTime 600, Gain 910, Offset 99, ImageType LIGHT, Binning 1x1
2026-07-15T22:46:56.3150|INFO|CameraVM.cs|Capture|742|Starting Exposure - Exposure Time: 600s; Filter: ; Gain: 910; Offset 99; Binning: 1x1;
2026-07-15T22:56:56.5961|INFO|SequenceItem.cs|Run|254|Finishing Category: Fotocamera, Item: TakeExposure, ExposureTime 600, Gain 910, Offset 99, ImageType LIGHT, Binning 1x1
2026-07-15T22:56:56.5973|INFO|MeridianFlipTrigger.cs|ShouldTrigger|296|Meridian Flip - (Side of Pier usage is disabled) There is still time remaining. Max remaining time 11:02:57.3121541, next instruction time 0, next instruction Category: Ruota porta filtri, Item: SwitchFilter, Filter: LPRO
2026-07-15T22:56:56.5974|INFO|SequenceItem.cs|Run|208|Starting Category: Ruota porta filtri, Item: SwitchFilter, Filter: LPRO
2026-07-15T22:56:56.5981|INFO|SequenceItem.cs|Run|254|Finishing Category: Ruota porta filtri, Item: SwitchFilter, Filter: LPRO
2026-07-15T22:56:56.6003|INFO|SequenceTrigger.cs|Run|114|Starting Trigger: DitherAfterExposures, After Exposures: 1
2026-07-15T22:56:56.6030|INFO|SequenceItem.cs|Run|208|Starting Category: * Set di Istruzioni *, Container: NINA.Sequencer.Container.SequentialContainer, Strategy: SequentialStrategy, Items[CREATED]: 1
2026-07-15T22:56:56.6036|INFO|SequenceItem.cs|Run|208|Starting Category: Guida, Item: Dither
2026-07-15T22:57:00.0420|WARNING|DeviceUpdateTimer.cs|Run|115|Mount value update cycle took longer than the device poll interval (Total: 2.71s > 2s; Poll: 00:00:02.7122799; Update: 00:00:00.0001247)
2026-07-15T22:57:09.2629|INFO|HocusFocusStarDetection.cs|Detect|413|Average HFR: 2.247833762987442, HFR MAD: 0.17347443117669803, Detected Stars 612, Region: 0
2026-07-15T22:57:10.5086|INFO|BaseImageData.cs|SaveToDisk|346|Saved image to D:\Images NINA\Target\LIGHT_1x1_600.00s_910_99_LDN 1320_Skywatcher quattro 200p__-10.00C_LPRO_0101_2026-07-15_22-46-56_FWHM_6.21_Fok_114532.xisf
2026-07-15T22:57:10.5090|INFO|ImageSaveController.cs|DoWork|97|Successfully saved file at D:\Images NINA\Target\LIGHT_1x1_600.00s_910_99_LDN 1320_Skywatcher quattro 200p__-10.00C_LPRO_0101_2026-07-15_22-46-56_FWHM_6.21_Fok_114532.xisf. Duration Total: 00:00:12.5481179; BeforeSave: 00:00:00.0055803; BeforeFinalizeImageSaved: 00:00:11.7370140; FinalizeSaveTime: 00:00:00.8055223
2026-07-15T22:57:29.5293|INFO|SequenceItem.cs|Run|254|Finishing Category: Guida, Item: Dither
2026-07-15T22:57:29.5296|INFO|SequenceItem.cs|Run|254|Finishing Category: * Set di Istruzioni *, Container: NINA.Sequencer.Container.SequentialContainer, Strategy: SequentialStrategy, Items[FINISHED]: 1
2026-07-15T22:57:29.5299|INFO|MeridianFlipTrigger.cs|ShouldTrigger|296|Meridian Flip - (Side of Pier usage is disabled) There is still time remaining. Max remaining time 11:02:12.0365279, next instruction time 600, next instruction Category: Fotocamera, Item: TakeExposure, ExposureTime 600, Gain 910, Offset 99, ImageType LIGHT, Binning 1x1
2026-07-15T22:57:29.5300|INFO|SequenceTrigger.cs|Run|114|Starting Trigger: RestoreGuiding
2026-07-15T22:57:29.5300|INFO|SequenceItem.cs|Run|208|Starting Category: * Set di Istruzioni *, Container: NINA.Sequencer.Container.SequentialContainer, Strategy: SequentialStrategy, Items[CREATED]: 1
2026-07-15T22:57:29.5301|INFO|SequenceItem.cs|Run|208|Starting Category: Guida, Item: StartGuiding
2026-07-15T22:57:29.5758|INFO|PHD2Guider.cs|StartGuidingPrivate|504|Phd2 - App is already guiding. Skipping start guiding
2026-07-15T22:57:29.5761|INFO|SequenceItem.cs|Run|254|Finishing Category: Guida, Item: StartGuiding
2026-07-15T22:57:29.5763|INFO|SequenceItem.cs|Run|254|Finishing Category: * Set di Istruzioni *, Container: NINA.Sequencer.Container.SequentialContainer, Strategy: SequentialStrategy, Items[FINISHED]: 1
2026-07-15T22:57:29.5778|INFO|SequenceItem.cs|Run|208|Starting Category: Fotocamera, Item: TakeExposure, ExposureTime 600, Gain 910, Offset 99, ImageType LIGHT, Binning 1x1
2026-07-15T22:57:29.5783|INFO|CameraVM.cs|Capture|742|Starting Exposure - Exposure Time: 600s; Filter: ; Gain: 910; Offset 99; Binning: 1x1;
2026-07-15T23:07:29.9354|INFO|SequenceItem.cs|Run|254|Finishing Category: Fotocamera, Item: TakeExposure, ExposureTime 600, Gain 910, Offset 99, ImageType LIGHT, Binning 1x1
2026-07-15T23:07:29.9359|INFO|MeridianFlipTrigger.cs|ShouldTrigger|296|Meridian Flip - (Side of Pier usage is disabled) There is still time remaining. Max remaining time 10:51:51.9821340, next instruction time 0, next instruction Category: Ruota porta filtri, Item: SwitchFilter, Filter: LPRO
2026-07-15T23:07:29.9360|INFO|SequenceItem.cs|Run|208|Starting Category: Ruota porta filtri, Item: SwitchFilter, Filter: LPRO
2026-07-15T23:07:29.9506|INFO|SequenceItem.cs|Run|254|Finishing Category: Ruota porta filtri, Item: SwitchFilter, Filter: LPRO
2026-07-15T23:07:29.9511|INFO|SequenceTrigger.cs|Run|114|Starting Trigger: DitherAfterExposures, After Exposures: 1
2026-07-15T23:07:29.9512|INFO|SequenceItem.cs|Run|208|Starting Category: * Set di Istruzioni *, Container: NINA.Sequencer.Container.SequentialContainer, Strategy: SequentialStrategy, Items[CREATED]: 1
2026-07-15T23:07:29.9513|INFO|SequenceItem.cs|Run|208|Starting Category: Guida, Item: Dither
2026-07-15T23:07:42.9053|INFO|HocusFocusStarDetection.cs|Detect|413|Average HFR: 2.2379257595054605, HFR MAD: 0.1748200950920369, Detected Stars 574, Region: 0
2026-07-15T23:07:43.7807|INFO|BaseImageData.cs|SaveToDisk|346|Saved image to D:\Images NINA\Target\LIGHT_1x1_600.00s_910_99_LDN 1320_Skywatcher quattro 200p__-10.00C_LPRO_0102_2026-07-15_22-57-29_FWHM_6.24_Fok_114532.xisf
2026-07-15T23:07:43.7809|INFO|ImageSaveController.cs|DoWork|97|Successfully saved file at D:\Images NINA\Target\LIGHT_1x1_600.00s_910_99_LDN 1320_Skywatcher quattro 200p__-10.00C_LPRO_0102_2026-07-15_22-57-29_FWHM_6.24_Fok_114532.xisf. Duration Total: 00:00:13.0724206; BeforeSave: 00:00:00.0001266; BeforeFinalizeImageSaved: 00:00:12.7873368; FinalizeSaveTime: 00:00:00.2849567
2026-07-15T23:07:56.6968|INFO|SequenceItem.cs|Run|254|Finishing Category: Guida, Item: Dither
2026-07-15T23:07:56.6971|INFO|SequenceItem.cs|Run|254|Finishing Category: * Set di Istruzioni *, Container: NINA.Sequencer.Container.SequentialContainer, Strategy: SequentialStrategy, Items[FINISHED]: 1
2026-07-15T23:07:56.6972|INFO|MeridianFlipTrigger.cs|ShouldTrigger|296|Meridian Flip - (Side of Pier usage is disabled) There is still time remaining. Max remaining time 10:51:12.4459816, next instruction time 600, next instruction Category: Fotocamera, Item: TakeExposure, ExposureTime 600, Gain 910, Offset 99, ImageType LIGHT, Binning 1x1
2026-07-15T23:07:56.6973|INFO|SequenceTrigger.cs|Run|114|Starting Trigger: RestoreGuiding
2026-07-15T23:07:56.6976|INFO|SequenceItem.cs|Run|208|Starting Category: * Set di Istruzioni *, Container: NINA.Sequencer.Container.SequentialContainer, Strategy: SequentialStrategy, Items[CREATED]: 1
2026-07-15T23:07:56.6977|INFO|SequenceItem.cs|Run|208|Starting Category: Guida, Item: StartGuiding
2026-07-15T23:07:56.7537|INFO|PHD2Guider.cs|StartGuidingPrivate|504|Phd2 - App is already guiding. Skipping start guiding
2026-07-15T23:07:56.7552|INFO|SequenceItem.cs|Run|254|Finishing Category: Guida, Item: StartGuiding
2026-07-15T23:07:56.7554|INFO|SequenceItem.cs|Run|254|Finishing Category: * Set di Istruzioni *, Container: NINA.Sequencer.Container.SequentialContainer, Strategy: SequentialStrategy, Items[FINISHED]: 1
2026-07-15T23:07:56.7558|INFO|SequenceItem.cs|Run|208|Starting Category: Fotocamera, Item: TakeExposure, ExposureTime 600, Gain 910, Offset 99, ImageType LIGHT, Binning 1x1
2026-07-15T23:07:56.7564|INFO|CameraVM.cs|Capture|742|Starting Exposure - Exposure Time: 600s; Filter: ; Gain: 910; Offset 99; Binning: 1x1;
2026-07-15T23:17:57.0944|INFO|SequenceItem.cs|Run|254|Finishing Category: Fotocamera, Item: TakeExposure, ExposureTime 600, Gain 910, Offset 99, ImageType LIGHT, Binning 1x1
2026-07-15T23:17:57.0948|INFO|MeridianFlipTrigger.cs|ShouldTrigger|296|Meridian Flip - (Side of Pier usage is disabled) There is still time remaining. Max remaining time 10:40:56.4804695, next instruction time 0, next instruction Category: Ruota porta filtri, Item: SwitchFilter, Filter: LPRO
2026-07-15T23:17:57.0949|INFO|SequenceItem.cs|Run|208|Starting Category: Ruota porta filtri, Item: SwitchFilter, Filter: LPRO
2026-07-15T23:17:57.0956|INFO|SequenceItem.cs|Run|254|Finishing Category: Ruota porta filtri, Item: SwitchFilter, Filter: LPRO
2026-07-15T23:17:57.0958|INFO|SequenceTrigger.cs|Run|114|Starting Trigger: DitherAfterExposures, After Exposures: 1
2026-07-15T23:17:57.0959|INFO|SequenceItem.cs|Run|208|Starting Category: * Set di Istruzioni *, Container: NINA.Sequencer.Container.SequentialContainer, Strategy: SequentialStrategy, Items[CREATED]: 1
2026-07-15T23:17:57.0959|INFO|SequenceItem.cs|Run|208|Starting Category: Guida, Item: Dither
2026-07-15T23:17:57.8786|INFO|ImageSolver.cs|Solve|41|Platesolving with parameters: FocalLength: 760 PixelSize: 4.63 SearchRadius: 30 BlindFailoverEnabled: True Regions: 5000 DownSampleFactor: 2 MaxObjects: 500 Reference Coordinates RA: 04:13:52 Dec: 85° 37' 42" Epoch: J2000
2026-07-15T23:17:58.8327|INFO|BaseImageData.cs|SaveToDisk|346|Saved image to C:\Users\PrimaLuceLab\AppData\Local\NINA\PlateSolver\zvubjw4j.cgu.fits
2026-07-15T23:18:02.1804|INFO|ImageSolver.cs|Solve|54|Platesolve successful: Coordinates: RA: 04:15:05; Dec: 85° 37' 41"; Epoch: J2000 - Position Angle: 272.91369466765923
2026-07-15T23:18:02.1813|INFO|CenterAfterDriftTrigger.cs|PlatesolvingImageFollower_PropertyChanged|189|Drift: 0.3217218534504387 / 3 arc minutes
2026-07-15T23:18:11.7416|INFO|HocusFocusStarDetection.cs|Detect|413|Average HFR: 2.3496543789193245, HFR MAD: 0.2184924315536052, Detected Stars 492, Region: 0
2026-07-15T23:18:12.3852|INFO|BaseImageData.cs|SaveToDisk|346|Saved image to D:\Images NINA\Target\LIGHT_1x1_600.00s_910_99_LDN 1320_Skywatcher quattro 200p__-9.90C_LPRO_0103_2026-07-15_23-07-56_FWHM_6.39_Fok_114532.xisf
2026-07-15T23:18:12.3857|INFO|ImageSaveController.cs|DoWork|97|Successfully saved file at D:\Images NINA\Target\LIGHT_1x1_600.00s_910_99_LDN 1320_Skywatcher quattro 200p__-9.90C_LPRO_0103_2026-07-15_23-07-56_FWHM_6.39_Fok_114532.xisf. Duration Total: 00:00:14.5096346; BeforeSave: 00:00:00.0000795; BeforeFinalizeImageSaved: 00:00:14.3540588; FinalizeSaveTime: 00:00:00.1554958
2026-07-15T23:18:12.6832|INFO|SequenceItem.cs|Run|254|Finishing Category: Guida, Item: Dither
2026-07-15T23:18:12.6834|INFO|SequenceItem.cs|Run|254|Finishing Category: * Set di Istruzioni *, Container: NINA.Sequencer.Container.SequentialContainer, Strategy: SequentialStrategy, Items[FINISHED]: 1
2026-07-15T23:18:12.6835|INFO|MeridianFlipTrigger.cs|ShouldTrigger|296|Meridian Flip - (Side of Pier usage is disabled) There is still time remaining. Max remaining time 10:40:39.3363240, next instruction time 600, next instruction Category: Fotocamera, Item: TakeExposure, ExposureTime 600, Gain 910, Offset 99, ImageType LIGHT, Binning 1x1
2026-07-15T23:18:12.6836|INFO|SequenceTrigger.cs|Run|114|Starting Trigger: RestoreGuiding
2026-07-15T23:18:12.6836|INFO|SequenceItem.cs|Run|208|Starting Category: * Set di Istruzioni *, Container: NINA.Sequencer.Container.SequentialContainer, Strategy: SequentialStrategy, Items[CREATED]: 1
2026-07-15T23:18:12.6837|INFO|SequenceItem.cs|Run|208|Starting Category: Guida, Item: StartGuiding
2026-07-15T23:18:12.8519|INFO|PHD2Guider.cs|StartGuidingPrivate|504|Phd2 - App is already guiding. Skipping start guiding
2026-07-15T23:18:12.8520|INFO|SequenceItem.cs|Run|254|Finishing Category: Guida, Item: StartGuiding
2026-07-15T23:18:12.8522|INFO|SequenceItem.cs|Run|254|Finishing Category: * Set di Istruzioni *, Container: NINA.Sequencer.Container.SequentialContainer, Strategy: SequentialStrategy, Items[FINISHED]: 1
2026-07-15T23:18:12.8580|INFO|SequenceItem.cs|Run|208|Starting Category: Fotocamera, Item: TakeExposure, ExposureTime 600, Gain 910, Offset 99, ImageType LIGHT, Binning 1x1
2026-07-15T23:18:12.8586|INFO|CameraVM.cs|Capture|742|Starting Exposure - Exposure Time: 600s; Filter: ; Gain: 910; Offset 99; Binning: 1x1;
2026-07-15T23:28:13.4227|INFO|SequenceItem.cs|Run|254|Finishing Category: Fotocamera, Item: TakeExposure, ExposureTime 600, Gain 910, Offset 99, ImageType LIGHT, Binning 1x1
2026-07-15T23:28:13.4233|INFO|MeridianFlipTrigger.cs|ShouldTrigger|296|Meridian Flip - (Side of Pier usage is disabled) There is still time remaining. Max remaining time 10:30:17.6134903, next instruction time 0, next instruction Category: Ruota porta filtri, Item: SwitchFilter, Filter: LPRO
2026-07-15T23:28:13.4233|INFO|SequenceItem.cs|Run|208|Starting Category: Ruota porta filtri, Item: SwitchFilter, Filter: LPRO
2026-07-15T23:28:13.5268|INFO|SequenceItem.cs|Run|254|Finishing Category: Ruota porta filtri, Item: SwitchFilter, Filter: LPRO
2026-07-15T23:28:13.5271|INFO|SequenceTrigger.cs|Run|114|Starting Trigger: DitherAfterExposures, After Exposures: 1
2026-07-15T23:28:13.5272|INFO|SequenceItem.cs|Run|208|Starting Category: * Set di Istruzioni *, Container: NINA.Sequencer.Container.SequentialContainer, Strategy: SequentialStrategy, Items[CREATED]: 1
2026-07-15T23:28:13.5272|INFO|SequenceItem.cs|Run|208|Starting Category: Guida, Item: Dither
2026-07-15T23:28:27.8114|INFO|HocusFocusStarDetection.cs|Detect|413|Average HFR: 2.4442372193641764, HFR MAD: 0.22731508996733263, Detected Stars 555, Region: 0
2026-07-15T23:28:28.6191|INFO|BaseImageData.cs|SaveToDisk|346|Saved image to D:\Images NINA\Target\LIGHT_1x1_600.00s_910_99_LDN 1320_Skywatcher quattro 200p__-9.90C_LPRO_0104_2026-07-15_23-18-12_FWHM_6.49_Fok_114532.xisf
2026-07-15T23:28:28.6193|INFO|ImageSaveController.cs|DoWork|97|Successfully saved file at D:\Images NINA\Target\LIGHT_1x1_600.00s_910_99_LDN 1320_Skywatcher quattro 200p__-9.90C_LPRO_0104_2026-07-15_23-18-12_FWHM_6.49_Fok_114532.xisf. Duration Total: 00:00:14.3085413; BeforeSave: 00:00:00.0612734; BeforeFinalizeImageSaved: 00:00:14.0425419; FinalizeSaveTime: 00:00:00.2047252
2026-07-15T23:28:37.9908|INFO|SequenceItem.cs|Run|254|Finishing Category: Guida, Item: Dither
2026-07-15T23:28:37.9938|INFO|SequenceItem.cs|Run|254|Finishing Category: * Set di Istruzioni *, Container: NINA.Sequencer.Container.SequentialContainer, Strategy: SequentialStrategy, Items[FINISHED]: 1
2026-07-15T23:28:37.9941|INFO|MeridianFlipTrigger.cs|ShouldTrigger|296|Meridian Flip - (Side of Pier usage is disabled) There is still time remaining. Max remaining time 10:29:46.5130915, next instruction time 600, next instruction Category: Fotocamera, Item: TakeExposure, ExposureTime 600, Gain 910, Offset 99, ImageType LIGHT, Binning 1x1
2026-07-15T23:28:37.9942|INFO|SequenceTrigger.cs|Run|114|Starting Trigger: RestoreGuiding
2026-07-15T23:28:37.9942|INFO|SequenceItem.cs|Run|208|Starting Category: * Set di Istruzioni *, Container: NINA.Sequencer.Container.SequentialContainer, Strategy: SequentialStrategy, Items[CREATED]: 1
2026-07-15T23:28:37.9943|INFO|SequenceItem.cs|Run|208|Starting Category: Guida, Item: StartGuiding
2026-07-15T23:28:38.0454|INFO|PHD2Guider.cs|StartGuidingPrivate|504|Phd2 - App is already guiding. Skipping start guiding
2026-07-15T23:28:38.0472|INFO|SequenceItem.cs|Run|254|Finishing Category: Guida, Item: StartGuiding
2026-07-15T23:28:38.0493|INFO|SequenceItem.cs|Run|254|Finishing Category: * Set di Istruzioni *, Container: NINA.Sequencer.Container.SequentialContainer, Strategy: SequentialStrategy, Items[FINISHED]: 1
2026-07-15T23:28:38.0498|INFO|SequenceItem.cs|Run|208|Starting Category: Fotocamera, Item: TakeExposure, ExposureTime 600, Gain 910, Offset 99, ImageType LIGHT, Binning 1x1
2026-07-15T23:28:38.0503|INFO|CameraVM.cs|Capture|742|Starting Exposure - Exposure Time: 600s; Filter: ; Gain: 910; Offset 99; Binning: 1x1;
2026-07-15T23:38:38.3967|INFO|SequenceItem.cs|Run|254|Finishing Category: Fotocamera, Item: TakeExposure, ExposureTime 600, Gain 910, Offset 99, ImageType LIGHT, Binning 1x1
2026-07-15T23:38:38.3972|INFO|MeridianFlipTrigger.cs|ShouldTrigger|296|Meridian Flip - (Side of Pier usage is disabled) There is still time remaining. Max remaining time 10:19:30.0307647, next instruction time 0, next instruction Category: Ruota porta filtri, Item: SwitchFilter, Filter: LPRO
2026-07-15T23:38:38.4323|INFO|SequenceItem.cs|Run|208|Starting Category: Ruota porta filtri, Item: SwitchFilter, Filter: LPRO
2026-07-15T23:38:38.4683|INFO|SequenceItem.cs|Run|254|Finishing Category: Ruota porta filtri, Item: SwitchFilter, Filter: LPRO
2026-07-15T23:38:38.4686|INFO|SequenceTrigger.cs|Run|114|Starting Trigger: DitherAfterExposures, After Exposures: 1
2026-07-15T23:38:38.4687|INFO|SequenceItem.cs|Run|208|Starting Category: * Set di Istruzioni *, Container: NINA.Sequencer.Container.SequentialContainer, Strategy: SequentialStrategy, Items[CREATED]: 1
2026-07-15T23:38:38.4688|INFO|SequenceItem.cs|Run|208|Starting Category: Guida, Item: Dither
2026-07-15T23:38:51.6911|INFO|HocusFocusStarDetection.cs|Detect|413|Average HFR: 2.4986903050632314, HFR MAD: 0.23333486288488015, Detected Stars 535, Region: 0
2026-07-15T23:38:52.3228|INFO|BaseImageData.cs|SaveToDisk|346|Saved image to D:\Images NINA\Target\LIGHT_1x1_600.00s_910_99_LDN 1320_Skywatcher quattro 200p__-10.00C_LPRO_0105_2026-07-15_23-28-38_FWHM_6.48_Fok_114532.xisf
2026-07-15T23:38:52.3229|INFO|ImageSaveController.cs|DoWork|97|Successfully saved file at D:\Images NINA\Target\LIGHT_1x1_600.00s_910_99_LDN 1320_Skywatcher quattro 200p__-10.00C_LPRO_0105_2026-07-15_23-28-38_FWHM_6.48_Fok_114532.xisf. Duration Total: 00:00:12.5472673; BeforeSave: 00:00:00.0000829; BeforeFinalizeImageSaved: 00:00:12.2916016; FinalizeSaveTime: 00:00:00.2555823
2026-07-15T23:39:11.2088|INFO|SequenceItem.cs|Run|254|Finishing Category: Guida, Item: Dither
2026-07-15T23:39:11.2105|INFO|SequenceItem.cs|Run|254|Finishing Category: * Set di Istruzioni *, Container: NINA.Sequencer.Container.SequentialContainer, Strategy: SequentialStrategy, Items[FINISHED]: 1
2026-07-15T23:39:11.2106|INFO|MeridianFlipTrigger.cs|ShouldTrigger|296|Meridian Flip - (Side of Pier usage is disabled) There is still time remaining. Max remaining time 10:19:00.4494054, next instruction time 600, next instruction Category: Fotocamera, Item: TakeExposure, ExposureTime 600, Gain 910, Offset 99, ImageType LIGHT, Binning 1x1
2026-07-15T23:39:11.2107|INFO|SequenceTrigger.cs|Run|114|Starting Trigger: RestoreGuiding
2026-07-15T23:39:11.2107|INFO|SequenceItem.cs|Run|208|Starting Category: * Set di Istruzioni *, Container: NINA.Sequencer.Container.SequentialContainer, Strategy: SequentialStrategy, Items[CREATED]: 1
2026-07-15T23:39:11.2108|INFO|SequenceItem.cs|Run|208|Starting Category: Guida, Item: StartGuiding
2026-07-15T23:39:11.2485|INFO|PHD2Guider.cs|StartGuidingPrivate|504|Phd2 - App is already guiding. Skipping start guiding
2026-07-15T23:39:11.2514|INFO|SequenceItem.cs|Run|254|Finishing Category: Guida, Item: StartGuiding
2026-07-15T23:39:11.2609|INFO|SequenceItem.cs|Run|254|Finishing Category: * Set di Istruzioni *, Container: NINA.Sequencer.Container.SequentialContainer, Strategy: SequentialStrategy, Items[FINISHED]: 1
2026-07-15T23:39:11.2612|INFO|AutofocusAfterHFRIncreaseTrigger.cs|ShouldTrigger|221|Autofocus after HFR change should be triggered, as current HFR trend is 11.59% higher compared to threshold of 10%
2026-07-15T23:39:11.2614|INFO|SequenceTrigger.cs|Run|114|Starting Trigger: AutofocusAfterHFRIncreaseTrigger, Amount: 10
2026-07-15T23:39:11.2624|INFO|SequenceItem.cs|Run|208|Starting Category: * Set di Istruzioni *, Container: NINA.Sequencer.Container.SequentialContainer, Strategy: SequentialStrategy, Items[CREATED]: 1
2026-07-15T23:39:11.2626|INFO|SequenceItem.cs|Run|208|Starting Category: Focheggiatore, Item: RunAutofocus
2026-07-15T23:39:11.3977|INFO|FocuserMediator.cs|BroadcastAutoFocusRunStarting|92|Autofocus starting notification received
2026-07-15T23:39:12.5745|INFO|AutoFocusEngine.cs|RunAutoFocus|929|Starting AutoFocus with initial position 114532
2026-07-15T23:39:12.6079|INFO|CameraVM.cs|Capture|742|Starting Exposure - Exposure Time: 5s; Filter: LPRO; Gain: 910; Offset 99; Binning: 1x1;
2026-07-15T23:39:17.8801|INFO|AutoFocusEngine.cs|StartBlindFocusPoints|769|Waiting on initial HFR analysis
2026-07-15T23:39:17.9340|INFO|FocuserVM.cs|MoveFocuserInternal|216|Moving Focuser to position 129532
2026-07-15T23:39:23.7923|INFO|CameraVM.cs|Capture|742|Starting Exposure - Exposure Time: 5s; Filter: LPRO; Gain: 910; Offset 99; Binning: 1x1;
2026-07-15T23:39:28.3727|INFO|HocusFocusStarDetection.cs|Detect|413|Average HFR: 2.062531877060258, HFR MAD: 0.1338943879979333, Detected Stars 111, Region: 0
2026-07-15T23:39:29.3194|INFO|FocuserVM.cs|MoveFocuserInternal|216|Moving Focuser to position 124532
2026-07-15T23:39:34.6940|INFO|CameraVM.cs|Capture|742|Starting Exposure - Exposure Time: 5s; Filter: LPRO; Gain: 910; Offset 99; Binning: 1x1;
2026-07-15T23:39:39.9708|INFO|FocuserVM.cs|MoveFocuserInternal|216|Moving Focuser to position 119532
2026-07-15T23:39:40.1377|INFO|HocusFocusStarDetection.cs|Detect|413|Average HFR: 7.933512959814257, HFR MAD: 0.48960254708915585, Detected Stars 17, Region: 0
2026-07-15T23:39:45.7937|INFO|CameraVM.cs|Capture|742|Starting Exposure - Exposure Time: 5s; Filter: LPRO; Gain: 910; Offset 99; Binning: 1x1;
2026-07-15T23:39:50.7748|INFO|HocusFocusStarDetection.cs|Detect|413|Average HFR: 4.8835364221979045, HFR MAD: 0.3336100152465251, Detected Stars 66, Region: 0
2026-07-15T23:39:50.9996|INFO|AutoFocusEngine.cs|StartBlindFocusPoints|797|Waiting on initial focuser move analyses
2026-07-15T23:40:01.4635|INFO|HocusFocusStarDetection.cs|Detect|413|Average HFR: 2.5724104371273833, HFR MAD: 0.21286180863217785, Detected Stars 136, Region: 0
2026-07-15T23:40:01.5741|INFO|FocuserVM.cs|MoveFocuserInternal|216|Moving Focuser to position 114532
2026-07-15T23:40:07.6738|INFO|CameraVM.cs|Capture|742|Starting Exposure - Exposure Time: 5s; Filter: LPRO; Gain: 910; Offset 99; Binning: 1x1;
2026-07-15T23:40:12.8785|INFO|AutoFocusEngine.cs|StartBlindFocusPoints|870|Waiting on next left movement analysis
2026-07-15T23:40:23.6086|INFO|HocusFocusStarDetection.cs|Detect|413|Average HFR: 2.003397713605326, HFR MAD: 0.17894517052399728, Detected Stars 111, Region: 0
2026-07-15T23:40:23.8576|INFO|FocuserVM.cs|MoveFocuserInternal|216|Moving Focuser to position 109532
2026-07-15T23:40:29.6900|INFO|CameraVM.cs|Capture|742|Starting Exposure - Exposure Time: 5s; Filter: LPRO; Gain: 910; Offset 99; Binning: 1x1;
2026-07-15T23:40:34.8934|INFO|AutoFocusEngine.cs|StartBlindFocusPoints|870|Waiting on next left movement analysis
2026-07-15T23:40:45.3760|INFO|HocusFocusStarDetection.cs|Detect|413|Average HFR: 3.6312668425842, HFR MAD: 0.29376637182075127, Detected Stars 87, Region: 0
2026-07-15T23:40:45.4012|INFO|AutoFocusEngine.cs|StartBlindFocusPoints|841|Enough right trend points (3) with an established minimum (114532) to queue remaining left focus points down to 99532
2026-07-15T23:40:45.4569|INFO|FocuserVM.cs|MoveFocuserInternal|216|Moving Focuser to position 104532
2026-07-15T23:40:51.7123|INFO|CameraVM.cs|Capture|742|Starting Exposure - Exposure Time: 5s; Filter: LPRO; Gain: 910; Offset 99; Binning: 1x1;
2026-07-15T23:40:56.9812|INFO|FocuserVM.cs|MoveFocuserInternal|216|Moving Focuser to position 99532
2026-07-15T23:41:02.7213|INFO|CameraVM.cs|Capture|742|Starting Exposure - Exposure Time: 5s; Filter: LPRO; Gain: 910; Offset 99; Binning: 1x1;
2026-07-15T23:41:07.9377|INFO|HocusFocusStarDetection.cs|Detect|413|Average HFR: 6.411572831510211, HFR MAD: 0.24226967795677545, Detected Stars 35, Region: 0
2026-07-15T23:41:08.0640|INFO|AutoFocusEngine.cs|StartBlindFocusPoints|896|Waiting on remaining AutoFocus analysis tasks
2026-07-15T23:41:18.8736|INFO|HocusFocusStarDetection.cs|Detect|413|Average HFR: 9.61154256632394, HFR MAD: 0.14358163179904437, Detected Stars 9, Region: 0
2026-07-15T23:41:19.0403|INFO|FocuserVM.cs|MoveFocuserInternal|216|Moving Focuser to position 115741
2026-07-15T23:41:25.6694|INFO|AutoFocusEngine.cs|ValidateCalculatedFocusPosition|1141|Validating HFR at final focus position 115741
2026-07-15T23:41:25.6706|INFO|CameraVM.cs|Capture|742|Starting Exposure - Exposure Time: 5s; Filter: LPRO; Gain: 910; Offset 99; Binning: 1x1;
2026-07-15T23:41:41.5966|INFO|HocusFocusStarDetection.cs|Detect|413|Average HFR: 1.9969810797080574, HFR MAD: 0.15911462007215427, Detected Stars 120, Region: 0
2026-07-15T23:41:41.5973|INFO|HocusFocusVM.cs|AutoFocusEngine_Completed|473|AutoFocus completed with focuser starting at 114532 and ending at 115741
2026-07-15T23:41:41.5991|INFO|FocuserMediator.cs|BroadcastSuccessfulAutoFocusRun|46|Autofocus notification received - Temperature 24.94
2026-07-15T23:41:41.6919|INFO|PHD2Guider.cs|TryStartGuideCommand|641|Phd2 - Requesting to start guiding. Recalibrate: False
2026-07-15T23:42:02.8382|INFO|SequenceItem.cs|Run|254|Finishing Category: Focheggiatore, Item: RunAutofocus
2026-07-15T23:42:02.8385|INFO|SequenceItem.cs|Run|254|Finishing Category: * Set di Istruzioni *, Container: NINA.Sequencer.Container.SequentialContainer, Strategy: SequentialStrategy, Items[FINISHED]: 1
2026-07-15T23:42:02.8389|INFO|SequenceItem.cs|Run|208|Starting Category: Fotocamera, Item: TakeExposure, ExposureTime 600, Gain 910, Offset 99, ImageType LIGHT, Binning 1x1
2026-07-15T23:42:02.8397|INFO|CameraVM.cs|Capture|742|Starting Exposure - Exposure Time: 600s; Filter: ; Gain: 910; Offset 99; Binning: 1x1;
2026-07-15T23:52:03.0695|INFO|SequenceItem.cs|Run|254|Finishing Category: Fotocamera, Item: TakeExposure, ExposureTime 600, Gain 910, Offset 99, ImageType LIGHT, Binning 1x1
2026-07-15T23:52:03.0699|INFO|MeridianFlipTrigger.cs|ShouldTrigger|296|Meridian Flip - (Side of Pier usage is disabled) There is still time remaining. Max remaining time 10:05:49.9009612, next instruction time 0, next instruction Category: Ruota porta filtri, Item: SwitchFilter, Filter: LPRO
2026-07-15T23:52:03.0700|INFO|SequenceItem.cs|Run|208|Starting Category: Ruota porta filtri, Item: SwitchFilter, Filter: LPRO
2026-07-15T23:52:03.1704|INFO|SequenceItem.cs|Run|254|Finishing Category: Ruota porta filtri, Item: SwitchFilter, Filter: LPRO
2026-07-15T23:52:03.1707|INFO|SequenceTrigger.cs|Run|114|Starting Trigger: DitherAfterExposures, After Exposures: 1
2026-07-15T23:52:03.1708|INFO|SequenceItem.cs|Run|208|Starting Category: * Set di Istruzioni *, Container: NINA.Sequencer.Container.SequentialContainer, Strategy: SequentialStrategy, Items[CREATED]: 1
2026-07-15T23:52:03.1709|INFO|SequenceItem.cs|Run|208|Starting Category: Guida, Item: Dither
2026-07-15T23:52:03.8611|INFO|ImageSolver.cs|Solve|41|Platesolving with parameters: FocalLength: 760 PixelSize: 4.63 SearchRadius: 30 BlindFailoverEnabled: True Regions: 5000 DownSampleFactor: 2 MaxObjects: 500 Reference Coordinates RA: 04:12:57 Dec: 85° 38' 03" Epoch: J2000
2026-07-15T23:52:04.8310|INFO|BaseImageData.cs|SaveToDisk|346|Saved image to C:\Users\PrimaLuceLab\AppData\Local\NINA\PlateSolver\qwd3ieqh.3zr.fits
2026-07-15T23:52:08.1153|INFO|ImageSolver.cs|Solve|54|Platesolve successful: Coordinates: RA: 04:15:26; Dec: 85° 37' 36"; Epoch: J2000 - Position Angle: 273.199770086354
2026-07-15T23:52:08.1155|INFO|CenterAfterDriftTrigger.cs|PlatesolvingImageFollower_PropertyChanged|189|Drift: 0.45553624848320207 / 3 arc minutes
2026-07-15T23:52:17.1400|INFO|HocusFocusStarDetection.cs|Detect|413|Average HFR: 3.0661744315746353, HFR MAD: 0.23753176939742815, Detected Stars 415, Region: 0
2026-07-15T23:52:17.8371|INFO|BaseImageData.cs|SaveToDisk|346|Saved image to D:\Images NINA\Target\LIGHT_1x1_600.00s_910_99_LDN 1320_Skywatcher quattro 200p__-10.00C_LPRO_0106_2026-07-15_23-42-02_FWHM_7.85_Fok_115741.xisf
2026-07-15T23:52:17.8372|INFO|ImageSaveController.cs|DoWork|97|Successfully saved file at D:\Images NINA\Target\LIGHT_1x1_600.00s_910_99_LDN 1320_Skywatcher quattro 200p__-10.00C_LPRO_0106_2026-07-15_23-42-02_FWHM_7.85_Fok_115741.xisf. Duration Total: 00:00:14.0086892; BeforeSave: 00:00:00.0237529; BeforeFinalizeImageSaved: 00:00:13.8367148; FinalizeSaveTime: 00:00:00.1482205
2026-07-15T23:52:28.7966|INFO|SequenceItem.cs|Run|254|Finishing Category: Guida, Item: Dither
2026-07-15T23:52:28.7968|INFO|SequenceItem.cs|Run|254|Finishing Category: * Set di Istruzioni *, Container: NINA.Sequencer.Container.SequentialContainer, Strategy: SequentialStrategy, Items[FINISHED]: 1
2026-07-15T23:52:28.7970|INFO|MeridianFlipTrigger.cs|ShouldTrigger|296|Meridian Flip - (Side of Pier usage is disabled) There is still time remaining. Max remaining time 10:05:10.1494462, next instruction time 600, next instruction Category: Fotocamera, Item: TakeExposure, ExposureTime 600, Gain 910, Offset 99, ImageType LIGHT, Binning 1x1
2026-07-15T23:52:28.7970|INFO|SequenceTrigger.cs|Run|114|Starting Trigger: RestoreGuiding
2026-07-15T23:52:28.7970|INFO|SequenceItem.cs|Run|208|Starting Category: * Set di Istruzioni *, Container: NINA.Sequencer.Container.SequentialContainer, Strategy: SequentialStrategy, Items[CREATED]: 1
2026-07-15T23:52:28.7974|INFO|SequenceItem.cs|Run|208|Starting Category: Guida, Item: StartGuiding
2026-07-15T23:52:28.8411|INFO|PHD2Guider.cs|StartGuidingPrivate|504|Phd2 - App is already guiding. Skipping start guiding
2026-07-15T23:52:28.8413|INFO|SequenceItem.cs|Run|254|Finishing Category: Guida, Item: StartGuiding
2026-07-15T23:52:28.8414|INFO|SequenceItem.cs|Run|254|Finishing Category: * Set di Istruzioni *, Container: NINA.Sequencer.Container.SequentialContainer, Strategy: SequentialStrategy, Items[FINISHED]: 1
2026-07-15T23:52:28.8627|INFO|SequenceItem.cs|Run|208|Starting Category: Fotocamera, Item: TakeExposure, ExposureTime 600, Gain 910, Offset 99, ImageType LIGHT, Binning 1x1
2026-07-15T23:52:28.8633|INFO|CameraVM.cs|Capture|742|Starting Exposure - Exposure Time: 600s; Filter: ; Gain: 910; Offset 99; Binning: 1x1;
2026-07-16T00:02:29.1504|INFO|SequenceItem.cs|Run|254|Finishing Category: Fotocamera, Item: TakeExposure, ExposureTime 600, Gain 910, Offset 99, ImageType LIGHT, Binning 1x1
2026-07-16T00:02:29.1509|INFO|MeridianFlipTrigger.cs|ShouldTrigger|296|Meridian Flip - (Side of Pier usage is disabled) There is still time remaining. Max remaining time 09:54:54.9560468, next instruction time 0, next instruction Category: Ruota porta filtri, Item: SwitchFilter, Filter: LPRO
2026-07-16T00:02:29.1510|INFO|SequenceItem.cs|Run|208|Starting Category: Ruota porta filtri, Item: SwitchFilter, Filter: LPRO
2026-07-16T00:02:29.2090|INFO|SequenceItem.cs|Run|254|Finishing Category: Ruota porta filtri, Item: SwitchFilter, Filter: LPRO
2026-07-16T00:02:29.2095|INFO|SequenceTrigger.cs|Run|114|Starting Trigger: DitherAfterExposures, After Exposures: 1
2026-07-16T00:02:29.2095|INFO|SequenceItem.cs|Run|208|Starting Category: * Set di Istruzioni *, Container: NINA.Sequencer.Container.SequentialContainer, Strategy: SequentialStrategy, Items[CREATED]: 1
2026-07-16T00:02:29.2096|INFO|SequenceItem.cs|Run|208|Starting Category: Guida, Item: Dither
2026-07-16T00:02:42.1429|INFO|HocusFocusStarDetection.cs|Detect|413|Average HFR: 3.0016147171926835, HFR MAD: 0.2627542084956156, Detected Stars 333, Region: 0
2026-07-16T00:02:43.1451|INFO|BaseImageData.cs|SaveToDisk|346|Saved image to D:\Images NINA\Target\LIGHT_1x1_600.00s_910_99_LDN 1320_Skywatcher quattro 200p__-9.90C_LPRO_0107_2026-07-15_23-52-28_FWHM_7.51_Fok_115741.xisf
2026-07-16T00:02:43.1452|INFO|ImageSaveController.cs|DoWork|97|Successfully saved file at D:\Images NINA\Target\LIGHT_1x1_600.00s_910_99_LDN 1320_Skywatcher quattro 200p__-9.90C_LPRO_0107_2026-07-15_23-52-28_FWHM_7.51_Fok_115741.xisf. Duration Total: 00:00:12.8591057; BeforeSave: 00:00:00.0001027; BeforeFinalizeImageSaved: 00:00:12.6225307; FinalizeSaveTime: 00:00:00.2364718
2026-07-16T00:02:51.4300|INFO|SequenceItem.cs|Run|254|Finishing Category: Guida, Item: Dither
2026-07-16T00:02:51.4302|INFO|SequenceItem.cs|Run|254|Finishing Category: * Set di Istruzioni *, Container: NINA.Sequencer.Container.SequentialContainer, Strategy: SequentialStrategy, Items[FINISHED]: 1
2026-07-16T00:02:51.4303|INFO|MeridianFlipTrigger.cs|ShouldTrigger|296|Meridian Flip - (Side of Pier usage is disabled) There is still time remaining. Max remaining time 09:54:31.7357162, next instruction time 600, next instruction Category: Fotocamera, Item: TakeExposure, ExposureTime 600, Gain 910, Offset 99, ImageType LIGHT, Binning 1x1
2026-07-16T00:02:51.4303|INFO|SequenceTrigger.cs|Run|114|Starting Trigger: RestoreGuiding
2026-07-16T00:02:51.4304|INFO|SequenceItem.cs|Run|208|Starting Category: * Set di Istruzioni *, Container: NINA.Sequencer.Container.SequentialContainer, Strategy: SequentialStrategy, Items[CREATED]: 1
2026-07-16T00:02:51.4304|INFO|SequenceItem.cs|Run|208|Starting Category: Guida, Item: StartGuiding
2026-07-16T00:02:51.4588|INFO|PHD2Guider.cs|StartGuidingPrivate|504|Phd2 - App is already guiding. Skipping start guiding
2026-07-16T00:02:51.4620|INFO|SequenceItem.cs|Run|254|Finishing Category: Guida, Item: StartGuiding
2026-07-16T00:02:51.4632|INFO|SequenceItem.cs|Run|254|Finishing Category: * Set di Istruzioni *, Container: NINA.Sequencer.Container.SequentialContainer, Strategy: SequentialStrategy, Items[FINISHED]: 1
2026-07-16T00:02:51.4856|INFO|SequenceItem.cs|Run|208|Starting Category: Fotocamera, Item: TakeExposure, ExposureTime 600, Gain 910, Offset 99, ImageType LIGHT, Binning 1x1
2026-07-16T00:02:51.5007|INFO|CameraVM.cs|Capture|742|Starting Exposure - Exposure Time: 600s; Filter: ; Gain: 910; Offset 99; Binning: 1x1;
2026-07-16T00:12:51.8294|INFO|SequenceItem.cs|Run|254|Finishing Category: Fotocamera, Item: TakeExposure, ExposureTime 600, Gain 910, Offset 99, ImageType LIGHT, Binning 1x1
2026-07-16T00:12:51.8298|INFO|MeridianFlipTrigger.cs|ShouldTrigger|296|Meridian Flip - (Side of Pier usage is disabled) There is still time remaining. Max remaining time 09:44:15.2253928, next instruction time 0, next instruction Category: Ruota porta filtri, Item: SwitchFilter, Filter: LPRO
2026-07-16T00:12:51.8298|INFO|SequenceItem.cs|Run|208|Starting Category: Ruota porta filtri, Item: SwitchFilter, Filter: LPRO
2026-07-16T00:12:51.8306|INFO|SequenceItem.cs|Run|254|Finishing Category: Ruota porta filtri, Item: SwitchFilter, Filter: LPRO
2026-07-16T00:12:51.8310|INFO|SequenceTrigger.cs|Run|114|Starting Trigger: DitherAfterExposures, After Exposures: 1
2026-07-16T00:12:51.8312|INFO|SequenceItem.cs|Run|208|Starting Category: * Set di Istruzioni *, Container: NINA.Sequencer.Container.SequentialContainer, Strategy: SequentialStrategy, Items[CREATED]: 1
2026-07-16T00:12:51.8314|INFO|SequenceItem.cs|Run|208|Starting Category: Guida, Item: Dither
2026-07-16T00:13:05.8973|INFO|HocusFocusStarDetection.cs|Detect|413|Average HFR: 2.735128715243554, HFR MAD: 0.2551312922273463, Detected Stars 431, Region: 0
2026-07-16T00:13:06.5713|INFO|BaseImageData.cs|SaveToDisk|346|Saved image to D:\Images NINA\Target\LIGHT_1x1_600.00s_910_99_LDN 1320_Skywatcher quattro 200p__-9.90C_LPRO_0108_2026-07-16_00-02-51_FWHM_6.73_Fok_115741.xisf
2026-07-16T00:13:06.5716|INFO|ImageSaveController.cs|DoWork|97|Successfully saved file at D:\Images NINA\Target\LIGHT_1x1_600.00s_910_99_LDN 1320_Skywatcher quattro 200p__-9.90C_LPRO_0108_2026-07-16_00-02-51_FWHM_6.73_Fok_115741.xisf. Duration Total: 00:00:13.7197356; BeforeSave: 00:00:00.0000842; BeforeFinalizeImageSaved: 00:00:13.5663424; FinalizeSaveTime: 00:00:00.1533085
2026-07-16T00:13:13.9725|INFO|SequenceItem.cs|Run|254|Finishing Category: Guida, Item: Dither
2026-07-16T00:13:13.9727|INFO|SequenceItem.cs|Run|254|Finishing Category: * Set di Istruzioni *, Container: NINA.Sequencer.Container.SequentialContainer, Strategy: SequentialStrategy, Items[FINISHED]: 1
2026-07-16T00:13:13.9728|INFO|MeridianFlipTrigger.cs|ShouldTrigger|296|Meridian Flip - (Side of Pier usage is disabled) There is still time remaining. Max remaining time 09:43:47.2611092, next instruction time 600, next instruction Category: Fotocamera, Item: TakeExposure, ExposureTime 600, Gain 910, Offset 99, ImageType LIGHT, Binning 1x1
2026-07-16T00:13:13.9728|INFO|SequenceTrigger.cs|Run|114|Starting Trigger: RestoreGuiding
2026-07-16T00:13:13.9729|INFO|SequenceItem.cs|Run|208|Starting Category: * Set di Istruzioni *, Container: NINA.Sequencer.Container.SequentialContainer, Strategy: SequentialStrategy, Items[CREATED]: 1
2026-07-16T00:13:13.9729|INFO|SequenceItem.cs|Run|208|Starting Category: Guida, Item: StartGuiding
2026-07-16T00:13:14.0296|INFO|PHD2Guider.cs|StartGuidingPrivate|504|Phd2 - App is already guiding. Skipping start guiding
2026-07-16T00:13:14.0343|INFO|SequenceItem.cs|Run|254|Finishing Category: Guida, Item: StartGuiding
2026-07-16T00:13:14.0370|INFO|SequenceItem.cs|Run|254|Finishing Category: * Set di Istruzioni *, Container: NINA.Sequencer.Container.SequentialContainer, Strategy: SequentialStrategy, Items[FINISHED]: 1
2026-07-16T00:13:14.0374|INFO|SequenceItem.cs|Run|208|Starting Category: Fotocamera, Item: TakeExposure, ExposureTime 600, Gain 910, Offset 99, ImageType LIGHT, Binning 1x1
2026-07-16T00:13:14.0384|INFO|CameraVM.cs|Capture|742|Starting Exposure - Exposure Time: 600s; Filter: ; Gain: 910; Offset 99; Binning: 1x1;
2026-07-16T00:23:14.3193|INFO|SequenceItem.cs|Run|254|Finishing Category: Fotocamera, Item: TakeExposure, ExposureTime 600, Gain 910, Offset 99, ImageType LIGHT, Binning 1x1
2026-07-16T00:23:14.3200|INFO|MeridianFlipTrigger.cs|ShouldTrigger|296|Meridian Flip - (Side of Pier usage is disabled) There is still time remaining. Max remaining time 09:33:25.7094638, next instruction time 0, next instruction Category: Ruota porta filtri, Item: SwitchFilter, Filter: LPRO
2026-07-16T00:23:14.3200|INFO|SequenceItem.cs|Run|208|Starting Category: Ruota porta filtri, Item: SwitchFilter, Filter: LPRO
2026-07-16T00:23:14.3623|INFO|SequenceItem.cs|Run|254|Finishing Category: Ruota porta filtri, Item: SwitchFilter, Filter: LPRO
2026-07-16T00:23:14.3627|INFO|SequenceTrigger.cs|Run|114|Starting Trigger: DitherAfterExposures, After Exposures: 1
2026-07-16T00:23:14.3628|INFO|SequenceItem.cs|Run|208|Starting Category: * Set di Istruzioni *, Container: NINA.Sequencer.Container.SequentialContainer, Strategy: SequentialStrategy, Items[CREATED]: 1
2026-07-16T00:23:14.3629|INFO|SequenceItem.cs|Run|208|Starting Category: Guida, Item: Dither
2026-07-16T00:23:15.2759|INFO|ImageSolver.cs|Solve|41|Platesolving with parameters: FocalLength: 760 PixelSize: 4.63 SearchRadius: 30 BlindFailoverEnabled: True Regions: 5000 DownSampleFactor: 2 MaxObjects: 500 Reference Coordinates RA: 04:11:51 Dec: 85° 37' 56" Epoch: J2000
2026-07-16T00:23:16.3398|INFO|BaseImageData.cs|SaveToDisk|346|Saved image to C:\Users\PrimaLuceLab\AppData\Local\NINA\PlateSolver\ve4od2hm.occ.fits
2026-07-16T00:23:19.3945|INFO|ImageSolver.cs|Solve|54|Platesolve successful: Coordinates: RA: 04:15:31; Dec: 85° 36' 59"; Epoch: J2000 - Position Angle: 273.4652159232797
2026-07-16T00:23:19.3951|INFO|CenterAfterDriftTrigger.cs|PlatesolvingImageFollower_PropertyChanged|189|Drift: 1.0508946284616913 / 3 arc minutes
2026-07-16T00:23:28.1930|INFO|HocusFocusStarDetection.cs|Detect|413|Average HFR: 2.71597938612362, HFR MAD: 0.2617448294443294, Detected Stars 455, Region: 0
2026-07-16T00:23:28.9434|INFO|BaseImageData.cs|SaveToDisk|346|Saved image to D:\Images NINA\Target\LIGHT_1x1_600.00s_910_99_LDN 1320_Skywatcher quattro 200p__-9.90C_LPRO_0109_2026-07-16_00-13-14_FWHM_6.74_Fok_115741.xisf
2026-07-16T00:23:28.9435|INFO|ImageSaveController.cs|DoWork|97|Successfully saved file at D:\Images NINA\Target\LIGHT_1x1_600.00s_910_99_LDN 1320_Skywatcher quattro 200p__-9.90C_LPRO_0109_2026-07-16_00-13-14_FWHM_6.74_Fok_115741.xisf. Duration Total: 00:00:13.7209330; BeforeSave: 00:00:00.0532328; BeforeFinalizeImageSaved: 00:00:13.4511483; FinalizeSaveTime: 00:00:00.2165510
2026-07-16T00:23:41.9696|INFO|SequenceItem.cs|Run|254|Finishing Category: Guida, Item: Dither
2026-07-16T00:23:41.9701|INFO|SequenceItem.cs|Run|254|Finishing Category: * Set di Istruzioni *, Container: NINA.Sequencer.Container.SequentialContainer, Strategy: SequentialStrategy, Items[FINISHED]: 1
2026-07-16T00:23:41.9702|INFO|MeridianFlipTrigger.cs|ShouldTrigger|296|Meridian Flip - (Side of Pier usage is disabled) There is still time remaining. Max remaining time 09:32:51.9396760, next instruction time 600, next instruction Category: Fotocamera, Item: TakeExposure, ExposureTime 600, Gain 910, Offset 99, ImageType LIGHT, Binning 1x1
2026-07-16T00:23:41.9703|INFO|SequenceTrigger.cs|Run|114|Starting Trigger: RestoreGuiding
2026-07-16T00:23:41.9703|INFO|SequenceItem.cs|Run|208|Starting Category: * Set di Istruzioni *, Container: NINA.Sequencer.Container.SequentialContainer, Strategy: SequentialStrategy, Items[CREATED]: 1
2026-07-16T00:23:41.9704|INFO|SequenceItem.cs|Run|208|Starting Category: Guida, Item: StartGuiding
2026-07-16T00:23:42.0103|INFO|PHD2Guider.cs|StartGuidingPrivate|504|Phd2 - App is already guiding. Skipping start guiding
2026-07-16T00:23:42.0105|INFO|SequenceItem.cs|Run|254|Finishing Category: Guida, Item: StartGuiding
2026-07-16T00:23:42.0106|INFO|SequenceItem.cs|Run|254|Finishing Category: * Set di Istruzioni *, Container: NINA.Sequencer.Container.SequentialContainer, Strategy: SequentialStrategy, Items[FINISHED]: 1
2026-07-16T00:23:42.0156|INFO|SequenceItem.cs|Run|208|Starting Category: Fotocamera, Item: TakeExposure, ExposureTime 600, Gain 910, Offset 99, ImageType LIGHT, Binning 1x1
2026-07-16T00:23:42.0162|INFO|CameraVM.cs|Capture|742|Starting Exposure - Exposure Time: 600s; Filter: ; Gain: 910; Offset 99; Binning: 1x1;
2026-07-16T00:33:42.3938|INFO|SequenceItem.cs|Run|254|Finishing Category: Fotocamera, Item: TakeExposure, ExposureTime 600, Gain 910, Offset 99, ImageType LIGHT, Binning 1x1
2026-07-16T00:33:42.3943|INFO|MeridianFlipTrigger.cs|ShouldTrigger|296|Meridian Flip - (Side of Pier usage is disabled) There is still time remaining. Max remaining time 09:22:30.4437036, next instruction time 0, next instruction Category: Ruota porta filtri, Item: SwitchFilter, Filter: LPRO
2026-07-16T00:33:42.3943|INFO|SequenceItem.cs|Run|208|Starting Category: Ruota porta filtri, Item: SwitchFilter, Filter: LPRO
2026-07-16T00:33:42.3951|INFO|SequenceItem.cs|Run|254|Finishing Category: Ruota porta filtri, Item: SwitchFilter, Filter: LPRO
2026-07-16T00:33:42.3954|INFO|SequenceTrigger.cs|Run|114|Starting Trigger: DitherAfterExposures, After Exposures: 1
2026-07-16T00:33:42.3955|INFO|SequenceItem.cs|Run|208|Starting Category: * Set di Istruzioni *, Container: NINA.Sequencer.Container.SequentialContainer, Strategy: SequentialStrategy, Items[CREATED]: 1
2026-07-16T00:33:42.3956|INFO|SequenceItem.cs|Run|208|Starting Category: Guida, Item: Dither
2026-07-16T00:33:55.6493|INFO|HocusFocusStarDetection.cs|Detect|413|Average HFR: 2.5917631544938375, HFR MAD: 0.23658945256380193, Detected Stars 490, Region: 0
2026-07-16T00:33:56.2016|INFO|BaseImageData.cs|SaveToDisk|346|Saved image to D:\Images NINA\Target\LIGHT_1x1_600.00s_910_99_LDN 1320_Skywatcher quattro 200p__-9.90C_LPRO_0110_2026-07-16_00-23-42_FWHM_6.34_Fok_115741.xisf
2026-07-16T00:33:56.2017|INFO|ImageSaveController.cs|DoWork|97|Successfully saved file at D:\Images NINA\Target\LIGHT_1x1_600.00s_910_99_LDN 1320_Skywatcher quattro 200p__-9.90C_LPRO_0110_2026-07-16_00-23-42_FWHM_6.34_Fok_115741.xisf. Duration Total: 00:00:13.0460629; BeforeSave: 00:00:00.0337410; BeforeFinalizeImageSaved: 00:00:12.8017015; FinalizeSaveTime: 00:00:00.2106195
2026-07-16T00:34:08.1653|INFO|SequenceItem.cs|Run|254|Finishing Category: Guida, Item: Dither
2026-07-16T00:34:08.1655|INFO|SequenceItem.cs|Run|254|Finishing Category: * Set di Istruzioni *, Container: NINA.Sequencer.Container.SequentialContainer, Strategy: SequentialStrategy, Items[FINISHED]: 1
2026-07-16T00:34:08.1656|INFO|MeridianFlipTrigger.cs|ShouldTrigger|296|Meridian Flip - (Side of Pier usage is disabled) There is still time remaining. Max remaining time 09:21:54.0207733, next instruction time 600, next instruction Category: Fotocamera, Item: TakeExposure, ExposureTime 600, Gain 910, Offset 99, ImageType LIGHT, Binning 1x1
2026-07-16T00:34:08.1656|INFO|SequenceTrigger.cs|Run|114|Starting Trigger: RestoreGuiding
2026-07-16T00:34:08.1657|INFO|SequenceItem.cs|Run|208|Starting Category: * Set di Istruzioni *, Container: NINA.Sequencer.Container.SequentialContainer, Strategy: SequentialStrategy, Items[CREATED]: 1
2026-07-16T00:34:08.1657|INFO|SequenceItem.cs|Run|208|Starting Category: Guida, Item: StartGuiding
2026-07-16T00:34:08.2111|INFO|PHD2Guider.cs|StartGuidingPrivate|504|Phd2 - App is already guiding. Skipping start guiding
2026-07-16T00:34:08.2112|INFO|SequenceItem.cs|Run|254|Finishing Category: Guida, Item: StartGuiding
2026-07-16T00:34:08.2114|INFO|SequenceItem.cs|Run|254|Finishing Category: * Set di Istruzioni *, Container: NINA.Sequencer.Container.SequentialContainer, Strategy: SequentialStrategy, Items[FINISHED]: 1
2026-07-16T00:34:08.2175|INFO|SequenceItem.cs|Run|208|Starting Category: Fotocamera, Item: TakeExposure, ExposureTime 600, Gain 910, Offset 99, ImageType LIGHT, Binning 1x1
2026-07-16T00:34:08.2180|INFO|CameraVM.cs|Capture|742|Starting Exposure - Exposure Time: 600s; Filter: ; Gain: 910; Offset 99; Binning: 1x1;
2026-07-16T00:44:08.5555|INFO|SequenceItem.cs|Run|254|Finishing Category: Fotocamera, Item: TakeExposure, ExposureTime 600, Gain 910, Offset 99, ImageType LIGHT, Binning 1x1
2026-07-16T00:44:08.5559|INFO|MeridianFlipTrigger.cs|ShouldTrigger|296|Meridian Flip - (Side of Pier usage is disabled) There is still time remaining. Max remaining time 09:11:37.7023587, next instruction time 0, next instruction Category: Ruota porta filtri, Item: SwitchFilter, Filter: LPRO
2026-07-16T00:44:08.5560|INFO|SequenceItem.cs|Run|208|Starting Category: Ruota porta filtri, Item: SwitchFilter, Filter: LPRO
2026-07-16T00:44:08.5566|INFO|SequenceItem.cs|Run|254|Finishing Category: Ruota porta filtri, Item: SwitchFilter, Filter: LPRO
2026-07-16T00:44:08.5567|INFO|SequenceTrigger.cs|Run|114|Starting Trigger: DitherAfterExposures, After Exposures: 1
2026-07-16T00:44:08.5568|INFO|SequenceItem.cs|Run|208|Starting Category: * Set di Istruzioni *, Container: NINA.Sequencer.Container.SequentialContainer, Strategy: SequentialStrategy, Items[CREATED]: 1
2026-07-16T00:44:08.5568|INFO|SequenceItem.cs|Run|208|Starting Category: Guida, Item: Dither
2026-07-16T00:44:22.4273|INFO|HocusFocusStarDetection.cs|Detect|413|Average HFR: 2.553168607416545, HFR MAD: 0.2507920888784798, Detected Stars 542, Region: 0
2026-07-16T00:44:22.9967|INFO|BaseImageData.cs|SaveToDisk|346|Saved image to D:\Images NINA\Target\LIGHT_1x1_600.00s_910_99_LDN 1320_Skywatcher quattro 200p__-10.00C_LPRO_0111_2026-07-16_00-34-08_FWHM_6.27_Fok_115741.xisf
2026-07-16T00:44:22.9969|INFO|ImageSaveController.cs|DoWork|97|Successfully saved file at D:\Images NINA\Target\LIGHT_1x1_600.00s_910_99_LDN 1320_Skywatcher quattro 200p__-10.00C_LPRO_0111_2026-07-16_00-34-08_FWHM_6.27_Fok_115741.xisf. Duration Total: 00:00:13.6278723; BeforeSave: 00:00:00.0281020; BeforeFinalizeImageSaved: 00:00:13.4591042; FinalizeSaveTime: 00:00:00.1406649
2026-07-16T00:44:44.9796|INFO|SequenceItem.cs|Run|254|Finishing Category: Guida, Item: Dither
2026-07-16T00:44:44.9836|INFO|SequenceItem.cs|Run|254|Finishing Category: * Set di Istruzioni *, Container: NINA.Sequencer.Container.SequentialContainer, Strategy: SequentialStrategy, Items[FINISHED]: 1
2026-07-16T00:44:44.9872|INFO|MeridianFlipTrigger.cs|ShouldTrigger|296|Meridian Flip - (Side of Pier usage is disabled) There is still time remaining. Max remaining time 09:11:08.8649868, next instruction time 600, next instruction Category: Fotocamera, Item: TakeExposure, ExposureTime 600, Gain 910, Offset 99, ImageType LIGHT, Binning 1x1
2026-07-16T00:44:44.9874|INFO|SequenceTrigger.cs|Run|114|Starting Trigger: RestoreGuiding
2026-07-16T00:44:44.9874|INFO|SequenceItem.cs|Run|208|Starting Category: * Set di Istruzioni *, Container: NINA.Sequencer.Container.SequentialContainer, Strategy: SequentialStrategy, Items[CREATED]: 1
2026-07-16T00:44:44.9875|INFO|SequenceItem.cs|Run|208|Starting Category: Guida, Item: StartGuiding
2026-07-16T00:44:45.0547|INFO|PHD2Guider.cs|StartGuidingPrivate|504|Phd2 - App is already guiding. Skipping start guiding
2026-07-16T00:44:45.0548|INFO|SequenceItem.cs|Run|254|Finishing Category: Guida, Item: StartGuiding
2026-07-16T00:44:45.0550|INFO|SequenceItem.cs|Run|254|Finishing Category: * Set di Istruzioni *, Container: NINA.Sequencer.Container.SequentialContainer, Strategy: SequentialStrategy, Items[FINISHED]: 1
2026-07-16T00:44:45.0616|INFO|SequenceItem.cs|Run|208|Starting Category: Fotocamera, Item: TakeExposure, ExposureTime 600, Gain 910, Offset 99, ImageType LIGHT, Binning 1x1
2026-07-16T00:44:45.0621|INFO|CameraVM.cs|Capture|742|Starting Exposure - Exposure Time: 600s; Filter: ; Gain: 910; Offset 99; Binning: 1x1;
2026-07-16T00:54:45.3664|INFO|SequenceItem.cs|Run|254|Finishing Category: Fotocamera, Item: TakeExposure, ExposureTime 600, Gain 910, Offset 99, ImageType LIGHT, Binning 1x1
2026-07-16T00:54:45.3667|INFO|MeridianFlipTrigger.cs|ShouldTrigger|296|Meridian Flip - (Side of Pier usage is disabled) There is still time remaining. Max remaining time 09:00:51.2519315, next instruction time 0, next instruction Category: Ruota porta filtri, Item: SwitchFilter, Filter: LPRO
2026-07-16T00:54:45.3668|INFO|SequenceItem.cs|Run|208|Starting Category: Ruota porta filtri, Item: SwitchFilter, Filter: LPRO
2026-07-16T00:54:45.4058|INFO|SequenceItem.cs|Run|254|Finishing Category: Ruota porta filtri, Item: SwitchFilter, Filter: LPRO
2026-07-16T00:54:45.4060|INFO|SequenceTrigger.cs|Run|114|Starting Trigger: DitherAfterExposures, After Exposures: 1
2026-07-16T00:54:45.4061|INFO|SequenceItem.cs|Run|208|Starting Category: * Set di Istruzioni *, Container: NINA.Sequencer.Container.SequentialContainer, Strategy: SequentialStrategy, Items[CREATED]: 1
2026-07-16T00:54:45.4062|INFO|SequenceItem.cs|Run|208|Starting Category: Guida, Item: Dither
2026-07-16T00:54:46.3035|INFO|ImageSolver.cs|Solve|41|Platesolving with parameters: FocalLength: 760 PixelSize: 4.63 SearchRadius: 30 BlindFailoverEnabled: True Regions: 5000 DownSampleFactor: 2 MaxObjects: 500 Reference Coordinates RA: 04:10:56 Dec: 85° 36' 54" Epoch: J2000
2026-07-16T00:54:47.5503|INFO|BaseImageData.cs|SaveToDisk|346|Saved image to C:\Users\PrimaLuceLab\AppData\Local\NINA\PlateSolver\rt2xgzmm.3bi.fits
2026-07-16T00:54:50.0509|INFO|ImageSolver.cs|Solve|54|Platesolve successful: Coordinates: RA: 04:15:35; Dec: 85° 36' 12"; Epoch: J2000 - Position Angle: 273.7359639970461
2026-07-16T00:54:50.0511|INFO|CenterAfterDriftTrigger.cs|PlatesolvingImageFollower_PropertyChanged|189|Drift: 1.832894994726289 / 3 arc minutes
2026-07-16T00:54:59.2531|INFO|HocusFocusStarDetection.cs|Detect|413|Average HFR: 2.7283842950159216, HFR MAD: 0.24429276821262347, Detected Stars 445, Region: 0
2026-07-16T00:55:00.3022|INFO|BaseImageData.cs|SaveToDisk|346|Saved image to D:\Images NINA\Target\LIGHT_1x1_600.00s_910_99_LDN 1320_Skywatcher quattro 200p__-10.00C_LPRO_0112_2026-07-16_00-44-45_FWHM_6.52_Fok_115741.xisf
2026-07-16T00:55:00.3023|INFO|ImageSaveController.cs|DoWork|97|Successfully saved file at D:\Images NINA\Target\LIGHT_1x1_600.00s_910_99_LDN 1320_Skywatcher quattro 200p__-10.00C_LPRO_0112_2026-07-16_00-44-45_FWHM_6.52_Fok_115741.xisf. Duration Total: 00:00:14.1599422; BeforeSave: 00:00:00.1609826; BeforeFinalizeImageSaved: 00:00:13.6808029; FinalizeSaveTime: 00:00:00.3181553
2026-07-16T00:55:11.7490|INFO|SequenceItem.cs|Run|254|Finishing Category: Guida, Item: Dither
2026-07-16T00:55:11.7494|INFO|SequenceItem.cs|Run|254|Finishing Category: * Set di Istruzioni *, Container: NINA.Sequencer.Container.SequentialContainer, Strategy: SequentialStrategy, Items[FINISHED]: 1
2026-07-16T00:55:11.7495|INFO|MeridianFlipTrigger.cs|ShouldTrigger|296|Meridian Flip - (Side of Pier usage is disabled) There is still time remaining. Max remaining time 09:00:17.1576424, next instruction time 600, next instruction Category: Fotocamera, Item: TakeExposure, ExposureTime 600, Gain 910, Offset 99, ImageType LIGHT, Binning 1x1
2026-07-16T00:55:11.7496|INFO|SequenceTrigger.cs|Run|114|Starting Trigger: RestoreGuiding
2026-07-16T00:55:11.7496|INFO|SequenceItem.cs|Run|208|Starting Category: * Set di Istruzioni *, Container: NINA.Sequencer.Container.SequentialContainer, Strategy: SequentialStrategy, Items[CREATED]: 1
2026-07-16T00:55:11.7497|INFO|SequenceItem.cs|Run|208|Starting Category: Guida, Item: StartGuiding
2026-07-16T00:55:11.8004|INFO|PHD2Guider.cs|StartGuidingPrivate|504|Phd2 - App is already guiding. Skipping start guiding
2026-07-16T00:55:11.8005|INFO|SequenceItem.cs|Run|254|Finishing Category: Guida, Item: StartGuiding
2026-07-16T00:55:11.8007|INFO|SequenceItem.cs|Run|254|Finishing Category: * Set di Istruzioni *, Container: NINA.Sequencer.Container.SequentialContainer, Strategy: SequentialStrategy, Items[FINISHED]: 1
2026-07-16T00:55:11.8145|INFO|SequenceItem.cs|Run|208|Starting Category: Fotocamera, Item: TakeExposure, ExposureTime 600, Gain 910, Offset 99, ImageType LIGHT, Binning 1x1
2026-07-16T00:55:11.8148|INFO|CameraVM.cs|Capture|742|Starting Exposure - Exposure Time: 600s; Filter: ; Gain: 910; Offset 99; Binning: 1x1;
2026-07-16T01:05:12.4138|INFO|SequenceItem.cs|Run|254|Finishing Category: Fotocamera, Item: TakeExposure, ExposureTime 600, Gain 910, Offset 99, ImageType LIGHT, Binning 1x1
2026-07-16T01:05:12.4148|INFO|MeridianFlipTrigger.cs|ShouldTrigger|296|Meridian Flip - (Side of Pier usage is disabled) There is still time remaining. Max remaining time 08:49:58.3477991, next instruction time 0, next instruction Category: Ruota porta filtri, Item: SwitchFilter, Filter: LPRO
2026-07-16T01:05:12.4149|INFO|SequenceItem.cs|Run|208|Starting Category: Ruota porta filtri, Item: SwitchFilter, Filter: LPRO
2026-07-16T01:05:12.4156|INFO|SequenceItem.cs|Run|254|Finishing Category: Ruota porta filtri, Item: SwitchFilter, Filter: LPRO
2026-07-16T01:05:12.4157|INFO|SequenceTrigger.cs|Run|114|Starting Trigger: DitherAfterExposures, After Exposures: 1
2026-07-16T01:05:12.4158|INFO|SequenceItem.cs|Run|208|Starting Category: * Set di Istruzioni *, Container: NINA.Sequencer.Container.SequentialContainer, Strategy: SequentialStrategy, Items[CREATED]: 1
2026-07-16T01:05:12.4159|INFO|SequenceItem.cs|Run|208|Starting Category: Guida, Item: Dither
2026-07-16T01:05:26.0032|INFO|HocusFocusStarDetection.cs|Detect|413|Average HFR: 2.6024197875959514, HFR MAD: 0.24078059097809135, Detected Stars 579, Region: 0
2026-07-16T01:05:26.5395|INFO|BaseImageData.cs|SaveToDisk|346|Saved image to D:\Images NINA\Target\LIGHT_1x1_600.00s_910_99_LDN 1320_Skywatcher quattro 200p__-9.90C_LPRO_0113_2026-07-16_00-55-11_FWHM_6.58_Fok_115741.xisf
2026-07-16T01:05:26.5396|INFO|ImageSaveController.cs|DoWork|97|Successfully saved file at D:\Images NINA\Target\LIGHT_1x1_600.00s_910_99_LDN 1320_Skywatcher quattro 200p__-9.90C_LPRO_0113_2026-07-16_00-55-11_FWHM_6.58_Fok_115741.xisf. Duration Total: 00:00:13.2575283; BeforeSave: 00:00:00.0330965; BeforeFinalizeImageSaved: 00:00:13.0773501; FinalizeSaveTime: 00:00:00.1470805
2026-07-16T01:05:52.9790|INFO|SequenceItem.cs|Run|254|Finishing Category: Guida, Item: Dither
2026-07-16T01:05:52.9792|INFO|SequenceItem.cs|Run|254|Finishing Category: * Set di Istruzioni *, Container: NINA.Sequencer.Container.SequentialContainer, Strategy: SequentialStrategy, Items[FINISHED]: 1
2026-07-16T01:05:52.9793|INFO|MeridianFlipTrigger.cs|ShouldTrigger|296|Meridian Flip - (Side of Pier usage is disabled) There is still time remaining. Max remaining time 08:49:01.8253479, next instruction time 600, next instruction Category: Fotocamera, Item: TakeExposure, ExposureTime 600, Gain 910, Offset 99, ImageType LIGHT, Binning 1x1
2026-07-16T01:05:52.9794|INFO|SequenceTrigger.cs|Run|114|Starting Trigger: RestoreGuiding
2026-07-16T01:05:52.9795|INFO|SequenceItem.cs|Run|208|Starting Category: * Set di Istruzioni *, Container: NINA.Sequencer.Container.SequentialContainer, Strategy: SequentialStrategy, Items[CREATED]: 1
2026-07-16T01:05:52.9795|INFO|SequenceItem.cs|Run|208|Starting Category: Guida, Item: StartGuiding
2026-07-16T01:05:53.0097|INFO|PHD2Guider.cs|StartGuidingPrivate|504|Phd2 - App is already guiding. Skipping start guiding
2026-07-16T01:05:53.0131|INFO|SequenceItem.cs|Run|254|Finishing Category: Guida, Item: StartGuiding
2026-07-16T01:05:53.0148|INFO|SequenceItem.cs|Run|254|Finishing Category: * Set di Istruzioni *, Container: NINA.Sequencer.Container.SequentialContainer, Strategy: SequentialStrategy, Items[FINISHED]: 1
2026-07-16T01:05:53.0389|INFO|SequenceItem.cs|Run|208|Starting Category: Fotocamera, Item: TakeExposure, ExposureTime 600, Gain 910, Offset 99, ImageType LIGHT, Binning 1x1
2026-07-16T01:05:53.0403|INFO|CameraVM.cs|Capture|742|Starting Exposure - Exposure Time: 600s; Filter: ; Gain: 910; Offset 99; Binning: 1x1;
2026-07-16T01:07:18.9645|WARNING|DeviceUpdateTimer.cs|Run|115|Mount value update cycle took longer than the device poll interval (Total: 3.68s > 2s; Poll: 00:00:03.6754378; Update: 00:00:00.0000858)
2026-07-16T01:08:05.9772|INFO|Thumbnail.cs|LoadOriginalImage|40|Reloading image from D:\Images NINA\Target\LIGHT_1x1_600.00s_910_99_LDN 1320_Skywatcher quattro 200p__-10.00C_LPRO_0102_2026-07-15_22-57-29_FWHM_6.24_Fok_114532.xisf
2026-07-16T01:08:11.0931|ERROR|AscomDevice.cs|GetProperty|546|An unexpected exception occurred during GET of Focuser.TempCompAvailable: 
ASCOM.DriverAccessCOMException (0x80131505): Timeout operazione.
 ---> System.Runtime.InteropServices.COMException (0x80131505): Timeout operazione.
   at ASCOM.Com.DriverAccess.DynamicAccess.CheckDotNetExceptions(String memberName, Exception e) in J:\ASCOMLibrary\ASCOM.Com\ASCOM.Com.DriverAccess\BaseClass\DynamicAccess.cs:line 271
   at ASCOM.Com.DriverAccess.DynamicAccess.TryGetMember(GetMemberBinder binder, Object& result) in J:\ASCOMLibrary\ASCOM.Com\ASCOM.Com.DriverAccess\BaseClass\DynamicAccess.cs:line 150
   at CallSite.Target(Closure, CallSite, Object)
   at ASCOM.Com.DriverAccess.Focuser.get_TempCompAvailable() in J:\ASCOMLibrary\ASCOM.Com\ASCOM.Com.DriverAccess\Focuser.cs:line 165
   at InvokeStub_Focuser.get_TempCompAvailable(Object, Object, IntPtr*)
   at System.Reflection.MethodBaseInvoker.InvokeWithNoArgs(Object obj, BindingFlags invokeAttr)
2026-07-16T01:08:11.2971|INFO|AscomDevice.cs|GetProperty|485|Retrying to GET Focuser.TempCompAvailable - Attempt 2 / 3
2026-07-16T01:10:21.2333|INFO|Thumbnail.cs|LoadOriginalImage|40|Reloading image from D:\Images NINA\Target\LIGHT_1x1_600.00s_910_99_LDN 1320_Skywatcher quattro 200p__-9.90C_LPRO_0113_2026-07-16_00-55-11_FWHM_6.58_Fok_115741.xisf
2026-07-16T01:10:24.7917|WARNING|DeviceUpdateTimer.cs|Run|115|Dome value update cycle took longer than the device poll interval (Total: 2.42s > 2s; Poll: 00:00:02.4154196; Update: 00:00:00.0000310)
2026-07-16T01:15:53.2717|INFO|SequenceItem.cs|Run|254|Finishing Category: Fotocamera, Item: TakeExposure, ExposureTime 600, Gain 910, Offset 99, ImageType LIGHT, Binning 1x1
2026-07-16T01:15:53.2721|INFO|MeridianFlipTrigger.cs|ShouldTrigger|296|Meridian Flip - (Side of Pier usage is disabled) There is still time remaining. Max remaining time 08:38:41.5550147, next instruction time 0, next instruction Category: Ruota porta filtri, Item: SwitchFilter, Filter: LPRO
2026-07-16T01:15:53.2721|INFO|SequenceItem.cs|Run|208|Starting Category: Ruota porta filtri, Item: SwitchFilter, Filter: LPRO
2026-07-16T01:15:53.5458|INFO|SequenceItem.cs|Run|254|Finishing Category: Ruota porta filtri, Item: SwitchFilter, Filter: LPRO
2026-07-16T01:15:53.5461|INFO|SequenceTrigger.cs|Run|114|Starting Trigger: DitherAfterExposures, After Exposures: 1
2026-07-16T01:15:53.5462|INFO|SequenceItem.cs|Run|208|Starting Category: * Set di Istruzioni *, Container: NINA.Sequencer.Container.SequentialContainer, Strategy: SequentialStrategy, Items[CREATED]: 1
2026-07-16T01:15:53.5463|INFO|SequenceItem.cs|Run|208|Starting Category: Guida, Item: Dither
2026-07-16T01:16:06.4008|INFO|HocusFocusStarDetection.cs|Detect|413|Average HFR: 2.9781345837823534, HFR MAD: 0.26640064219769055, Detected Stars 528, Region: 0
2026-07-16T01:16:07.0799|INFO|BaseImageData.cs|SaveToDisk|346|Saved image to D:\Images NINA\Target\LIGHT_1x1_600.00s_910_99_LDN 1320_Skywatcher quattro 200p__-9.90C_LPRO_0114_2026-07-16_01-05-53_FWHM_7.82_Fok_115741.xisf
2026-07-16T01:16:07.0800|INFO|ImageSaveController.cs|DoWork|97|Successfully saved file at D:\Images NINA\Target\LIGHT_1x1_600.00s_910_99_LDN 1320_Skywatcher quattro 200p__-9.90C_LPRO_0114_2026-07-16_01-05-53_FWHM_7.82_Fok_115741.xisf. Duration Total: 00:00:13.3585924; BeforeSave: 00:00:00.0001004; BeforeFinalizeImageSaved: 00:00:13.2405011; FinalizeSaveTime: 00:00:00.1179902
2026-07-16T01:16:07.8301|WARNING|DeviceUpdateTimer.cs|Run|115|Mount value update cycle took longer than the device poll interval (Total: 2.58s > 2s; Poll: 00:00:02.5781651; Update: 00:00:00.0000947)
2026-07-16T01:16:23.4181|INFO|SequenceItem.cs|Run|254|Finishing Category: Guida, Item: Dither
2026-07-16T01:16:23.4183|INFO|SequenceItem.cs|Run|254|Finishing Category: * Set di Istruzioni *, Container: NINA.Sequencer.Container.SequentialContainer, Strategy: SequentialStrategy, Items[FINISHED]: 1
2026-07-16T01:16:23.4184|INFO|MeridianFlipTrigger.cs|ShouldTrigger|296|Meridian Flip - (Side of Pier usage is disabled) There is still time remaining. Max remaining time 08:38:14.2452139, next instruction time 600, next instruction Category: Fotocamera, Item: TakeExposure, ExposureTime 600, Gain 910, Offset 99, ImageType LIGHT, Binning 1x1
2026-07-16T01:16:23.4185|INFO|SequenceTrigger.cs|Run|114|Starting Trigger: RestoreGuiding
2026-07-16T01:16:23.4186|INFO|SequenceItem.cs|Run|208|Starting Category: * Set di Istruzioni *, Container: NINA.Sequencer.Container.SequentialContainer, Strategy: SequentialStrategy, Items[CREATED]: 1
2026-07-16T01:16:23.4186|INFO|SequenceItem.cs|Run|208|Starting Category: Guida, Item: StartGuiding
2026-07-16T01:16:23.4679|INFO|PHD2Guider.cs|StartGuidingPrivate|504|Phd2 - App is already guiding. Skipping start guiding
2026-07-16T01:16:23.4680|INFO|SequenceItem.cs|Run|254|Finishing Category: Guida, Item: StartGuiding
2026-07-16T01:16:23.4681|INFO|SequenceItem.cs|Run|254|Finishing Category: * Set di Istruzioni *, Container: NINA.Sequencer.Container.SequentialContainer, Strategy: SequentialStrategy, Items[FINISHED]: 1
2026-07-16T01:16:23.4703|INFO|SequenceItem.cs|Run|208|Starting Category: Fotocamera, Item: TakeExposure, ExposureTime 600, Gain 910, Offset 99, ImageType LIGHT, Binning 1x1
2026-07-16T01:16:23.4738|INFO|CameraVM.cs|Capture|742|Starting Exposure - Exposure Time: 600s; Filter: ; Gain: 910; Offset 99; Binning: 1x1;
2026-07-16T01:26:23.7345|INFO|SequenceItem.cs|Run|254|Finishing Category: Fotocamera, Item: TakeExposure, ExposureTime 600, Gain 910, Offset 99, ImageType LIGHT, Binning 1x1
2026-07-16T01:26:23.7349|INFO|MeridianFlipTrigger.cs|ShouldTrigger|296|Meridian Flip - (Side of Pier usage is disabled) There is still time remaining. Max remaining time 08:27:52.7694064, next instruction time 0, next instruction Category: Ruota porta filtri, Item: SwitchFilter, Filter: LPRO
2026-07-16T01:26:23.7349|INFO|SequenceItem.cs|Run|208|Starting Category: Ruota porta filtri, Item: SwitchFilter, Filter: LPRO
2026-07-16T01:26:23.7887|INFO|SequenceItem.cs|Run|254|Finishing Category: Ruota porta filtri, Item: SwitchFilter, Filter: LPRO
2026-07-16T01:26:23.7890|INFO|SequenceTrigger.cs|Run|114|Starting Trigger: DitherAfterExposures, After Exposures: 1
2026-07-16T01:26:23.7891|INFO|SequenceItem.cs|Run|208|Starting Category: * Set di Istruzioni *, Container: NINA.Sequencer.Container.SequentialContainer, Strategy: SequentialStrategy, Items[CREATED]: 1
2026-07-16T01:26:23.7892|INFO|SequenceItem.cs|Run|208|Starting Category: Guida, Item: Dither
2026-07-16T01:26:24.5711|INFO|ImageSolver.cs|Solve|41|Platesolving with parameters: FocalLength: 760 PixelSize: 4.63 SearchRadius: 30 BlindFailoverEnabled: True Regions: 5000 DownSampleFactor: 2 MaxObjects: 500 Reference Coordinates RA: 04:09:43 Dec: 85° 36' 15" Epoch: J2000
2026-07-16T01:26:25.7453|INFO|BaseImageData.cs|SaveToDisk|346|Saved image to C:\Users\PrimaLuceLab\AppData\Local\NINA\PlateSolver\av333dz0.mmt.fits
2026-07-16T01:26:28.4731|INFO|ImageSolver.cs|Solve|54|Platesolve successful: Coordinates: RA: 04:15:24; Dec: 85° 35' 17"; Epoch: J2000 - Position Angle: 273.99008375480616
2026-07-16T01:26:28.4732|INFO|CenterAfterDriftTrigger.cs|PlatesolvingImageFollower_PropertyChanged|189|Drift: 2.703416814305136 / 3 arc minutes
2026-07-16T01:26:39.5607|INFO|HocusFocusStarDetection.cs|Detect|413|Average HFR: 2.709243082409631, HFR MAD: 0.2541302072286111, Detected Stars 655, Region: 0
2026-07-16T01:26:40.1691|INFO|BaseImageData.cs|SaveToDisk|346|Saved image to D:\Images NINA\Target\LIGHT_1x1_600.00s_910_99_LDN 1320_Skywatcher quattro 200p__-10.00C_LPRO_0115_2026-07-16_01-16-23_FWHM_7.03_Fok_115741.xisf
2026-07-16T01:26:40.1692|INFO|ImageSaveController.cs|DoWork|97|Successfully saved file at D:\Images NINA\Target\LIGHT_1x1_600.00s_910_99_LDN 1320_Skywatcher quattro 200p__-10.00C_LPRO_0115_2026-07-16_01-16-23_FWHM_7.03_Fok_115741.xisf. Duration Total: 00:00:15.5982623; BeforeSave: 00:00:00.0000807; BeforeFinalizeImageSaved: 00:00:15.4012132; FinalizeSaveTime: 00:00:00.1969679
2026-07-16T01:26:42.0162|INFO|SequenceItem.cs|Run|254|Finishing Category: Guida, Item: Dither
2026-07-16T01:26:42.0164|INFO|SequenceItem.cs|Run|254|Finishing Category: * Set di Istruzioni *, Container: NINA.Sequencer.Container.SequentialContainer, Strategy: SequentialStrategy, Items[FINISHED]: 1
2026-07-16T01:26:42.0165|INFO|MeridianFlipTrigger.cs|ShouldTrigger|296|Meridian Flip - (Side of Pier usage is disabled) There is still time remaining. Max remaining time 08:27:37.9645058, next instruction time 600, next instruction Category: Fotocamera, Item: TakeExposure, ExposureTime 600, Gain 910, Offset 99, ImageType LIGHT, Binning 1x1
2026-07-16T01:26:42.0165|INFO|SequenceTrigger.cs|Run|114|Starting Trigger: RestoreGuiding
2026-07-16T01:26:42.0166|INFO|SequenceItem.cs|Run|208|Starting Category: * Set di Istruzioni *, Container: NINA.Sequencer.Container.SequentialContainer, Strategy: SequentialStrategy, Items[CREATED]: 1
2026-07-16T01:26:42.0166|INFO|SequenceItem.cs|Run|208|Starting Category: Guida, Item: StartGuiding
2026-07-16T01:26:42.0514|INFO|PHD2Guider.cs|StartGuidingPrivate|504|Phd2 - App is already guiding. Skipping start guiding
2026-07-16T01:26:42.0515|INFO|SequenceItem.cs|Run|254|Finishing Category: Guida, Item: StartGuiding
2026-07-16T01:26:42.0516|INFO|SequenceItem.cs|Run|254|Finishing Category: * Set di Istruzioni *, Container: NINA.Sequencer.Container.SequentialContainer, Strategy: SequentialStrategy, Items[FINISHED]: 1
2026-07-16T01:26:42.0520|INFO|SequenceItem.cs|Run|208|Starting Category: Fotocamera, Item: TakeExposure, ExposureTime 600, Gain 910, Offset 99, ImageType LIGHT, Binning 1x1
2026-07-16T01:26:42.0605|INFO|CameraVM.cs|Capture|742|Starting Exposure - Exposure Time: 600s; Filter: ; Gain: 910; Offset 99; Binning: 1x1;
2026-07-16T01:36:42.6739|INFO|SequenceItem.cs|Run|254|Finishing Category: Fotocamera, Item: TakeExposure, ExposureTime 600, Gain 910, Offset 99, ImageType LIGHT, Binning 1x1
2026-07-16T01:36:42.6755|INFO|MeridianFlipTrigger.cs|ShouldTrigger|296|Meridian Flip - (Side of Pier usage is disabled) There is still time remaining. Max remaining time 08:17:19.7578030, next instruction time 0, next instruction Category: Ruota porta filtri, Item: SwitchFilter, Filter: LPRO
2026-07-16T01:36:42.6755|INFO|SequenceItem.cs|Run|208|Starting Category: Ruota porta filtri, Item: SwitchFilter, Filter: LPRO
2026-07-16T01:36:42.7269|INFO|SequenceItem.cs|Run|254|Finishing Category: Ruota porta filtri, Item: SwitchFilter, Filter: LPRO
2026-07-16T01:36:42.7272|INFO|SequenceTrigger.cs|Run|114|Starting Trigger: DitherAfterExposures, After Exposures: 1
2026-07-16T01:36:42.7273|INFO|SequenceItem.cs|Run|208|Starting Category: * Set di Istruzioni *, Container: NINA.Sequencer.Container.SequentialContainer, Strategy: SequentialStrategy, Items[CREATED]: 1
2026-07-16T01:36:42.7273|INFO|SequenceItem.cs|Run|208|Starting Category: Guida, Item: Dither
2026-07-16T01:36:56.1924|INFO|HocusFocusStarDetection.cs|Detect|413|Average HFR: 2.7461991510929664, HFR MAD: 0.25485764590435167, Detected Stars 478, Region: 0
2026-07-16T01:36:56.8466|INFO|BaseImageData.cs|SaveToDisk|346|Saved image to D:\Images NINA\Target\LIGHT_1x1_600.00s_910_99_LDN 1320_Skywatcher quattro 200p__-9.90C_LPRO_0116_2026-07-16_01-26-42_FWHM_6.76_Fok_115741.xisf
2026-07-16T01:36:56.8468|INFO|ImageSaveController.cs|DoWork|97|Successfully saved file at D:\Images NINA\Target\LIGHT_1x1_600.00s_910_99_LDN 1320_Skywatcher quattro 200p__-9.90C_LPRO_0116_2026-07-16_01-26-42_FWHM_6.76_Fok_115741.xisf. Duration Total: 00:00:13.4523291; BeforeSave: 00:00:00.0000759; BeforeFinalizeImageSaved: 00:00:13.3509101; FinalizeSaveTime: 00:00:00.1013426
2026-07-16T01:37:10.3410|INFO|SequenceItem.cs|Run|254|Finishing Category: Guida, Item: Dither
2026-07-16T01:37:10.3412|INFO|SequenceItem.cs|Run|254|Finishing Category: * Set di Istruzioni *, Container: NINA.Sequencer.Container.SequentialContainer, Strategy: SequentialStrategy, Items[FINISHED]: 1
2026-07-16T01:37:10.3413|INFO|MeridianFlipTrigger.cs|ShouldTrigger|296|Meridian Flip - (Side of Pier usage is disabled) There is still time remaining. Max remaining time 08:16:42.6545274, next instruction time 600, next instruction Category: Fotocamera, Item: TakeExposure, ExposureTime 600, Gain 910, Offset 99, ImageType LIGHT, Binning 1x1
2026-07-16T01:37:10.3414|INFO|SequenceTrigger.cs|Run|114|Starting Trigger: RestoreGuiding
2026-07-16T01:37:10.3415|INFO|SequenceItem.cs|Run|208|Starting Category: * Set di Istruzioni *, Container: NINA.Sequencer.Container.SequentialContainer, Strategy: SequentialStrategy, Items[CREATED]: 1
2026-07-16T01:37:10.3415|INFO|SequenceItem.cs|Run|208|Starting Category: Guida, Item: StartGuiding
2026-07-16T01:37:10.3825|INFO|PHD2Guider.cs|StartGuidingPrivate|504|Phd2 - App is already guiding. Skipping start guiding
2026-07-16T01:37:10.3827|INFO|SequenceItem.cs|Run|254|Finishing Category: Guida, Item: StartGuiding
2026-07-16T01:37:10.3830|INFO|SequenceItem.cs|Run|254|Finishing Category: * Set di Istruzioni *, Container: NINA.Sequencer.Container.SequentialContainer, Strategy: SequentialStrategy, Items[FINISHED]: 1
2026-07-16T01:37:10.3834|INFO|SequenceItem.cs|Run|208|Starting Category: Fotocamera, Item: TakeExposure, ExposureTime 600, Gain 910, Offset 99, ImageType LIGHT, Binning 1x1
2026-07-16T01:37:10.3873|INFO|CameraVM.cs|Capture|742|Starting Exposure - Exposure Time: 600s; Filter: ; Gain: 910; Offset 99; Binning: 1x1;
2026-07-16T01:47:10.6419|INFO|SequenceItem.cs|Run|254|Finishing Category: Fotocamera, Item: TakeExposure, ExposureTime 600, Gain 910, Offset 99, ImageType LIGHT, Binning 1x1
2026-07-16T01:47:10.6423|INFO|MeridianFlipTrigger.cs|ShouldTrigger|296|Meridian Flip - (Side of Pier usage is disabled) There is still time remaining. Max remaining time 08:06:24.7940247, next instruction time 0, next instruction Category: Ruota porta filtri, Item: SwitchFilter, Filter: LPRO
2026-07-16T01:47:10.6424|INFO|SequenceItem.cs|Run|208|Starting Category: Ruota porta filtri, Item: SwitchFilter, Filter: LPRO
2026-07-16T01:47:10.6430|INFO|SequenceItem.cs|Run|254|Finishing Category: Ruota porta filtri, Item: SwitchFilter, Filter: LPRO
2026-07-16T01:47:10.6431|INFO|SequenceTrigger.cs|Run|114|Starting Trigger: DitherAfterExposures, After Exposures: 1
2026-07-16T01:47:10.6450|INFO|SequenceItem.cs|Run|208|Starting Category: * Set di Istruzioni *, Container: NINA.Sequencer.Container.SequentialContainer, Strategy: SequentialStrategy, Items[CREATED]: 1
2026-07-16T01:47:10.6451|INFO|SequenceItem.cs|Run|208|Starting Category: Guida, Item: Dither
2026-07-16T01:47:25.3646|INFO|HocusFocusStarDetection.cs|Detect|413|Average HFR: 2.4525016328120834, HFR MAD: 0.23829961577511538, Detected Stars 691, Region: 0
2026-07-16T01:47:26.4287|INFO|BaseImageData.cs|SaveToDisk|346|Saved image to D:\Images NINA\Target\LIGHT_1x1_600.00s_910_99_LDN 1320_Skywatcher quattro 200p__-9.90C_LPRO_0117_2026-07-16_01-37-10_FWHM_6.55_Fok_115741.xisf
2026-07-16T01:47:26.4289|INFO|ImageSaveController.cs|DoWork|97|Successfully saved file at D:\Images NINA\Target\LIGHT_1x1_600.00s_910_99_LDN 1320_Skywatcher quattro 200p__-9.90C_LPRO_0117_2026-07-16_01-37-10_FWHM_6.55_Fok_115741.xisf. Duration Total: 00:00:15.0695749; BeforeSave: 00:00:00.0000772; BeforeFinalizeImageSaved: 00:00:14.6168071; FinalizeSaveTime: 00:00:00.4526902
2026-07-16T01:47:28.5810|INFO|SequenceItem.cs|Run|254|Finishing Category: Guida, Item: Dither
2026-07-16T01:47:28.5813|INFO|SequenceItem.cs|Run|254|Finishing Category: * Set di Istruzioni *, Container: NINA.Sequencer.Container.SequentialContainer, Strategy: SequentialStrategy, Items[FINISHED]: 1
2026-07-16T01:47:28.5814|INFO|MeridianFlipTrigger.cs|ShouldTrigger|296|Meridian Flip - (Side of Pier usage is disabled) There is still time remaining. Max remaining time 08:06:04.0675401, next instruction time 600, next instruction Category: Fotocamera, Item: TakeExposure, ExposureTime 600, Gain 910, Offset 99, ImageType LIGHT, Binning 1x1
2026-07-16T01:47:28.5814|INFO|SequenceTrigger.cs|Run|114|Starting Trigger: RestoreGuiding
2026-07-16T01:47:28.5814|INFO|SequenceItem.cs|Run|208|Starting Category: * Set di Istruzioni *, Container: NINA.Sequencer.Container.SequentialContainer, Strategy: SequentialStrategy, Items[CREATED]: 1
2026-07-16T01:47:28.5816|INFO|SequenceItem.cs|Run|208|Starting Category: Guida, Item: StartGuiding
2026-07-16T01:47:28.6318|INFO|PHD2Guider.cs|StartGuidingPrivate|504|Phd2 - App is already guiding. Skipping start guiding
2026-07-16T01:47:28.6319|INFO|SequenceItem.cs|Run|254|Finishing Category: Guida, Item: StartGuiding
2026-07-16T01:47:28.6321|INFO|SequenceItem.cs|Run|254|Finishing Category: * Set di Istruzioni *, Container: NINA.Sequencer.Container.SequentialContainer, Strategy: SequentialStrategy, Items[FINISHED]: 1
2026-07-16T01:47:28.6323|INFO|SequenceItem.cs|Run|208|Starting Category: Fotocamera, Item: TakeExposure, ExposureTime 600, Gain 910, Offset 99, ImageType LIGHT, Binning 1x1
2026-07-16T01:47:28.6331|INFO|CameraVM.cs|Capture|742|Starting Exposure - Exposure Time: 600s; Filter: ; Gain: 910; Offset 99; Binning: 1x1;
2026-07-16T01:57:29.3164|INFO|SequenceItem.cs|Run|254|Finishing Category: Fotocamera, Item: TakeExposure, ExposureTime 600, Gain 910, Offset 99, ImageType LIGHT, Binning 1x1
2026-07-16T01:57:29.3590|INFO|MeridianFlipTrigger.cs|ShouldTrigger|296|Meridian Flip - (Side of Pier usage is disabled) There is still time remaining. Max remaining time 07:55:46.4444688, next instruction time 0, next instruction Category: Ruota porta filtri, Item: SwitchFilter, Filter: LPRO
2026-07-16T01:57:29.3591|INFO|SequenceItem.cs|Run|208|Starting Category: Ruota porta filtri, Item: SwitchFilter, Filter: LPRO
2026-07-16T01:57:29.5310|INFO|SequenceItem.cs|Run|254|Finishing Category: Ruota porta filtri, Item: SwitchFilter, Filter: LPRO
2026-07-16T01:57:29.5313|INFO|SequenceTrigger.cs|Run|114|Starting Trigger: DitherAfterExposures, After Exposures: 1
2026-07-16T01:57:29.5314|INFO|SequenceItem.cs|Run|208|Starting Category: * Set di Istruzioni *, Container: NINA.Sequencer.Container.SequentialContainer, Strategy: SequentialStrategy, Items[CREATED]: 1
2026-07-16T01:57:29.5315|INFO|SequenceItem.cs|Run|208|Starting Category: Guida, Item: Dither
2026-07-16T01:57:30.1827|INFO|ImageSolver.cs|Solve|41|Platesolving with parameters: FocalLength: 760 PixelSize: 4.63 SearchRadius: 30 BlindFailoverEnabled: True Regions: 5000 DownSampleFactor: 2 MaxObjects: 500 Reference Coordinates RA: 04:08:48 Dec: 85° 35' 18" Epoch: J2000
2026-07-16T01:57:31.0119|INFO|BaseImageData.cs|SaveToDisk|346|Saved image to C:\Users\PrimaLuceLab\AppData\Local\NINA\PlateSolver\v5ahz042.lss.fits
2026-07-16T01:57:34.0374|INFO|ImageSolver.cs|Solve|54|Platesolve successful: Coordinates: RA: 04:15:24; Dec: 85° 34' 49"; Epoch: J2000 - Position Angle: 274.2255929656977
2026-07-16T01:57:34.0376|INFO|CenterAfterDriftTrigger.cs|PlatesolvingImageFollower_PropertyChanged|189|Drift: 3.1705617290881367 / 3 arc minutes
2026-07-16T01:57:44.1473|INFO|HocusFocusStarDetection.cs|Detect|413|Average HFR: 2.621415789408081, HFR MAD: 0.2442848331706986, Detected Stars 610, Region: 0
2026-07-16T01:57:44.6110|INFO|BaseImageData.cs|SaveToDisk|346|Saved image to D:\Images NINA\Target\LIGHT_1x1_600.00s_910_99_LDN 1320_Skywatcher quattro 200p__-9.90C_LPRO_0118_2026-07-16_01-47-28_FWHM_6.64_Fok_115741.xisf
2026-07-16T01:57:44.6111|INFO|ImageSaveController.cs|DoWork|97|Successfully saved file at D:\Images NINA\Target\LIGHT_1x1_600.00s_910_99_LDN 1320_Skywatcher quattro 200p__-9.90C_LPRO_0118_2026-07-16_01-47-28_FWHM_6.64_Fok_115741.xisf. Duration Total: 00:00:14.4285778; BeforeSave: 00:00:00.0000772; BeforeFinalizeImageSaved: 00:00:14.2969873; FinalizeSaveTime: 00:00:00.1315129
2026-07-16T01:58:05.6410|INFO|SequenceItem.cs|Run|254|Finishing Category: Guida, Item: Dither
2026-07-16T01:58:05.6416|INFO|SequenceItem.cs|Run|254|Finishing Category: * Set di Istruzioni *, Container: NINA.Sequencer.Container.SequentialContainer, Strategy: SequentialStrategy, Items[FINISHED]: 1
2026-07-16T01:58:05.6420|INFO|CenterAfterDriftTrigger.cs|ShouldTrigger|214|Drift exceeded threshold: 3.1705617290881367 / 3 arc minutes
2026-07-16T01:58:05.6429|INFO|SequenceTrigger.cs|Run|114|Starting Trigger: CenterAfterDriftTrigger, DistanceArcMinutes: 3
2026-07-16T01:58:07.6224|INFO|TelescopeVM.cs|SlewAsyncInternal|910|Slewing from RA: 04:16:36; Dec: 85° 39' 26"; Epoch: JNOW to RA: 04:23:25; Dec: 85° 41' 39"; Epoch: JNOW - Alt: 40° 09' 52"; Az: 04° 50' 07"
2026-07-16T01:58:19.0468|INFO|CameraVM.cs|Capture|742|Starting Exposure - Exposure Time: 10s; Filter: ; Gain: 100; Offset 99; Binning: 1x1;
2026-07-16T01:58:35.0420|INFO|ImageSolver.cs|Solve|41|Platesolving with parameters: FocalLength: 760 PixelSize: 4.63 SearchRadius: 30 BlindFailoverEnabled: True Regions: 5000 DownSampleFactor: 2 MaxObjects: 500 Reference Coordinates RA: 04:15:12 Dec: 85° 37' 59" Epoch: J2000
2026-07-16T01:58:35.6293|INFO|BaseImageData.cs|SaveToDisk|346|Saved image to C:\Users\PrimaLuceLab\AppData\Local\NINA\PlateSolver\kcuww0f5.vn0.fits
2026-07-16T01:58:37.0878|INFO|ImageSolver.cs|Solve|54|Platesolve successful: Coordinates: RA: 04:22:03; Dec: 85° 36' 46"; Epoch: J2000 - Position Angle: 274.198174348075
2026-07-16T01:58:37.0898|INFO|CenteringSolver.cs|Center|99|Centering Solver - Scope Position: RA: 04:23:25; Dec: 85° 41' 39"; Epoch: JNOW; Offset: RA: 00:00:00; Dec: 00° 00' 00"; Distance: 00° 00' 00"; Bearing: 00° 00' 00"; Centering Coordinates: RA: 04:23:25; Dec: 85° 41' 39"; Epoch: JNOW; Solved: RA: 04:30:20; Dec: 85° 40' 13"; Epoch: JNOW; Separation RA: -00:06:54; Dec: 00° 01' 27"; Distance: 00° 07' 56"; Bearing: -99° 38' 12"; Threshold: 1
2026-07-16T01:58:37.2970|INFO|TelescopeVM.cs|Sync|777|Syncing scope from RA: 04:23:25; Dec: 85° 41' 39"; Epoch: JNOW to RA: 04:30:20; Dec: 85° 40' 13"; Epoch: JNOW
2026-07-16T01:58:42.2990|INFO|CenteringSolver.cs|Center|132|Slewing to target after sync. Current Position: RA: 04:30:20; Dec: 85° 40' 13"; Epoch: JNOW; Target coordinates: RA: 04:23:25; Dec: 85° 41' 39"; Epoch: JNOW; Offset RA: 00:00:00; Dec: 00° 00' 00"; Distance: 00° 00' 00"; Bearing: 00° 00' 00"
2026-07-16T01:58:42.3105|INFO|TelescopeVM.cs|SlewAsyncInternal|910|Slewing from RA: 04:30:20; Dec: 85° 40' 13"; Epoch: JNOW to RA: 04:23:25; Dec: 85° 41' 39"; Epoch: JNOW - Alt: 40° 10' 24"; Az: 04° 50' 36"
2026-07-16T01:58:52.6328|INFO|CameraVM.cs|Capture|742|Starting Exposure - Exposure Time: 10s; Filter: ; Gain: 100; Offset 99; Binning: 1x1;
2026-07-16T01:59:08.7061|INFO|ImageSolver.cs|Solve|41|Platesolving with parameters: FocalLength: 760 PixelSize: 4.63 SearchRadius: 30 BlindFailoverEnabled: True Regions: 5000 DownSampleFactor: 2 MaxObjects: 500 Reference Coordinates RA: 04:15:12 Dec: 85° 37' 59" Epoch: J2000
2026-07-16T01:59:09.2112|INFO|BaseImageData.cs|SaveToDisk|346|Saved image to C:\Users\PrimaLuceLab\AppData\Local\NINA\PlateSolver\zhf2ig1k.0lk.fits
2026-07-16T01:59:10.6840|INFO|ImageSolver.cs|Solve|54|Platesolve successful: Coordinates: RA: 04:15:39; Dec: 85° 37' 58"; Epoch: J2000 - Position Angle: 274.2468820674663
2026-07-16T01:59:10.6861|INFO|CenteringSolver.cs|Center|99|Centering Solver - Scope Position: RA: 04:23:25; Dec: 85° 41' 39"; Epoch: JNOW; Offset: RA: 00:00:00; Dec: 00° 00' 00"; Distance: 00° 00' 00"; Bearing: 00° 00' 00"; Centering Coordinates: RA: 04:23:25; Dec: 85° 41' 39"; Epoch: JNOW; Solved: RA: 04:23:53; Dec: 85° 41' 37"; Epoch: JNOW; Separation RA: -00:00:27; Dec: 00° 00' 02"; Distance: 00° 00' 31"; Bearing: -93° 24' 19"; Threshold: 1
2026-07-16T01:59:10.7356|INFO|PHD2Guider.cs|TryStartGuideCommand|641|Phd2 - Requesting to start guiding. Recalibrate: False
2026-07-16T01:59:32.6534|INFO|MeridianFlipTrigger.cs|ShouldTrigger|296|Meridian Flip - (Side of Pier usage is disabled) There is still time remaining. Max remaining time 08:00:16.0657612, next instruction time 600, next instruction Category: Fotocamera, Item: TakeExposure, ExposureTime 600, Gain 910, Offset 99, ImageType LIGHT, Binning 1x1
2026-07-16T01:59:32.6535|INFO|SequenceTrigger.cs|Run|114|Starting Trigger: RestoreGuiding
2026-07-16T01:59:32.6536|INFO|SequenceItem.cs|Run|208|Starting Category: * Set di Istruzioni *, Container: NINA.Sequencer.Container.SequentialContainer, Strategy: SequentialStrategy, Items[CREATED]: 1
2026-07-16T01:59:32.6536|INFO|SequenceItem.cs|Run|208|Starting Category: Guida, Item: StartGuiding
2026-07-16T01:59:32.6807|INFO|PHD2Guider.cs|StartGuidingPrivate|504|Phd2 - App is already guiding. Skipping start guiding
2026-07-16T01:59:32.6829|INFO|SequenceItem.cs|Run|254|Finishing Category: Guida, Item: StartGuiding
2026-07-16T01:59:32.6850|INFO|SequenceItem.cs|Run|254|Finishing Category: * Set di Istruzioni *, Container: NINA.Sequencer.Container.SequentialContainer, Strategy: SequentialStrategy, Items[FINISHED]: 1
2026-07-16T01:59:32.6855|INFO|SequenceItem.cs|Run|208|Starting Category: Fotocamera, Item: TakeExposure, ExposureTime 600, Gain 910, Offset 99, ImageType LIGHT, Binning 1x1
2026-07-16T01:59:32.7135|INFO|CameraVM.cs|Capture|742|Starting Exposure - Exposure Time: 600s; Filter: ; Gain: 910; Offset 99; Binning: 1x1;
2026-07-16T02:09:33.1245|INFO|SequenceItem.cs|Run|254|Finishing Category: Fotocamera, Item: TakeExposure, ExposureTime 600, Gain 910, Offset 99, ImageType LIGHT, Binning 1x1
2026-07-16T02:09:33.1248|INFO|MeridianFlipTrigger.cs|ShouldTrigger|296|Meridian Flip - (Side of Pier usage is disabled) There is still time remaining. Max remaining time 07:50:02.4636172, next instruction time 0, next instruction Category: Ruota porta filtri, Item: SwitchFilter, Filter: LPRO
2026-07-16T02:09:33.1249|INFO|SequenceItem.cs|Run|208|Starting Category: Ruota porta filtri, Item: SwitchFilter, Filter: LPRO
2026-07-16T02:09:33.1254|INFO|SequenceItem.cs|Run|254|Finishing Category: Ruota porta filtri, Item: SwitchFilter, Filter: LPRO
2026-07-16T02:09:33.1255|INFO|SequenceTrigger.cs|Run|114|Starting Trigger: DitherAfterExposures, After Exposures: 1
2026-07-16T02:09:33.1256|INFO|SequenceItem.cs|Run|208|Starting Category: * Set di Istruzioni *, Container: NINA.Sequencer.Container.SequentialContainer, Strategy: SequentialStrategy, Items[CREATED]: 1
2026-07-16T02:09:33.1257|INFO|SequenceItem.cs|Run|208|Starting Category: Guida, Item: Dither
2026-07-16T02:09:46.0523|INFO|HocusFocusStarDetection.cs|Detect|413|Average HFR: 2.9010212879601136, HFR MAD: 0.2527485239172491, Detected Stars 367, Region: 0
2026-07-16T02:09:47.0460|INFO|BaseImageData.cs|SaveToDisk|346|Saved image to D:\Images NINA\Target\LIGHT_1x1_600.00s_910_99_LDN 1320_Skywatcher quattro 200p__-9.90C_LPRO_0119_2026-07-16_01-59-32_FWHM_7.13_Fok_115741.xisf
2026-07-16T02:09:47.0462|INFO|ImageSaveController.cs|DoWork|97|Successfully saved file at D:\Images NINA\Target\LIGHT_1x1_600.00s_910_99_LDN 1320_Skywatcher quattro 200p__-9.90C_LPRO_0119_2026-07-16_01-59-32_FWHM_7.13_Fok_115741.xisf. Duration Total: 00:00:13.0879896; BeforeSave: 00:00:00.0000605; BeforeFinalizeImageSaved: 00:00:12.8217251; FinalizeSaveTime: 00:00:00.2662034
2026-07-16T02:10:00.5445|INFO|SequenceItem.cs|Run|254|Finishing Category: Guida, Item: Dither
2026-07-16T02:10:00.5448|INFO|SequenceItem.cs|Run|254|Finishing Category: * Set di Istruzioni *, Container: NINA.Sequencer.Container.SequentialContainer, Strategy: SequentialStrategy, Items[FINISHED]: 1
2026-07-16T02:10:00.5449|INFO|MeridianFlipTrigger.cs|ShouldTrigger|296|Meridian Flip - (Side of Pier usage is disabled) There is still time remaining. Max remaining time 07:49:35.5298125, next instruction time 600, next instruction Category: Fotocamera, Item: TakeExposure, ExposureTime 600, Gain 910, Offset 99, ImageType LIGHT, Binning 1x1
2026-07-16T02:10:00.5450|INFO|SequenceTrigger.cs|Run|114|Starting Trigger: RestoreGuiding
2026-07-16T02:10:00.5450|INFO|SequenceItem.cs|Run|208|Starting Category: * Set di Istruzioni *, Container: NINA.Sequencer.Container.SequentialContainer, Strategy: SequentialStrategy, Items[CREATED]: 1
2026-07-16T02:10:00.5451|INFO|SequenceItem.cs|Run|208|Starting Category: Guida, Item: StartGuiding
2026-07-16T02:10:00.5772|INFO|PHD2Guider.cs|StartGuidingPrivate|504|Phd2 - App is already guiding. Skipping start guiding
2026-07-16T02:10:00.5774|INFO|SequenceItem.cs|Run|254|Finishing Category: Guida, Item: StartGuiding
2026-07-16T02:10:00.5775|INFO|SequenceItem.cs|Run|254|Finishing Category: * Set di Istruzioni *, Container: NINA.Sequencer.Container.SequentialContainer, Strategy: SequentialStrategy, Items[FINISHED]: 1
2026-07-16T02:10:00.5791|INFO|SequenceItem.cs|Run|208|Starting Category: Fotocamera, Item: TakeExposure, ExposureTime 600, Gain 910, Offset 99, ImageType LIGHT, Binning 1x1
2026-07-16T02:10:00.5979|INFO|CameraVM.cs|Capture|742|Starting Exposure - Exposure Time: 600s; Filter: ; Gain: 910; Offset 99; Binning: 1x1;
2026-07-16T02:20:01.0397|INFO|SequenceItem.cs|Run|254|Finishing Category: Fotocamera, Item: TakeExposure, ExposureTime 600, Gain 910, Offset 99, ImageType LIGHT, Binning 1x1
2026-07-16T02:20:01.0401|INFO|MeridianFlipTrigger.cs|ShouldTrigger|296|Meridian Flip - (Side of Pier usage is disabled) There is still time remaining. Max remaining time 07:39:21.3004750, next instruction time 0, next instruction Category: Ruota porta filtri, Item: SwitchFilter, Filter: LPRO
2026-07-16T02:20:01.0401|INFO|SequenceItem.cs|Run|208|Starting Category: Ruota porta filtri, Item: SwitchFilter, Filter: LPRO
2026-07-16T02:20:01.0408|INFO|SequenceItem.cs|Run|254|Finishing Category: Ruota porta filtri, Item: SwitchFilter, Filter: LPRO
2026-07-16T02:20:01.0409|INFO|SequenceTrigger.cs|Run|114|Starting Trigger: DitherAfterExposures, After Exposures: 1
2026-07-16T02:20:01.0410|INFO|SequenceItem.cs|Run|208|Starting Category: * Set di Istruzioni *, Container: NINA.Sequencer.Container.SequentialContainer, Strategy: SequentialStrategy, Items[CREATED]: 1
2026-07-16T02:20:01.0410|INFO|SequenceItem.cs|Run|208|Starting Category: Guida, Item: Dither
2026-07-16T02:20:14.9256|INFO|HocusFocusStarDetection.cs|Detect|413|Average HFR: 2.889591690541594, HFR MAD: 0.2760624223782573, Detected Stars 312, Region: 0
2026-07-16T02:20:15.5487|INFO|BaseImageData.cs|SaveToDisk|346|Saved image to D:\Images NINA\Target\LIGHT_1x1_600.00s_910_99_LDN 1320_Skywatcher quattro 200p__-10.00C_LPRO_0120_2026-07-16_02-10-00_FWHM_7.00_Fok_115741.xisf
2026-07-16T02:20:15.5488|INFO|ImageSaveController.cs|DoWork|97|Successfully saved file at D:\Images NINA\Target\LIGHT_1x1_600.00s_910_99_LDN 1320_Skywatcher quattro 200p__-10.00C_LPRO_0120_2026-07-16_02-10-00_FWHM_7.00_Fok_115741.xisf. Duration Total: 00:00:13.8323135; BeforeSave: 00:00:00.0000777; BeforeFinalizeImageSaved: 00:00:13.6997431; FinalizeSaveTime: 00:00:00.1324922
2026-07-16T02:20:18.5604|INFO|SequenceItem.cs|Run|254|Finishing Category: Guida, Item: Dither
2026-07-16T02:20:18.5606|INFO|SequenceItem.cs|Run|254|Finishing Category: * Set di Istruzioni *, Container: NINA.Sequencer.Container.SequentialContainer, Strategy: SequentialStrategy, Items[FINISHED]: 1
2026-07-16T02:20:18.5607|INFO|MeridianFlipTrigger.cs|ShouldTrigger|296|Meridian Flip - (Side of Pier usage is disabled) There is still time remaining. Max remaining time 07:39:04.6300946, next instruction time 600, next instruction Category: Fotocamera, Item: TakeExposure, ExposureTime 600, Gain 910, Offset 99, ImageType LIGHT, Binning 1x1
2026-07-16T02:20:18.5608|INFO|SequenceTrigger.cs|Run|114|Starting Trigger: RestoreGuiding
2026-07-16T02:20:18.5608|INFO|SequenceItem.cs|Run|208|Starting Category: * Set di Istruzioni *, Container: NINA.Sequencer.Container.SequentialContainer, Strategy: SequentialStrategy, Items[CREATED]: 1
2026-07-16T02:20:18.5609|INFO|SequenceItem.cs|Run|208|Starting Category: Guida, Item: StartGuiding
2026-07-16T02:20:18.5939|INFO|PHD2Guider.cs|StartGuidingPrivate|504|Phd2 - App is already guiding. Skipping start guiding
2026-07-16T02:20:18.5940|INFO|SequenceItem.cs|Run|254|Finishing Category: Guida, Item: StartGuiding
2026-07-16T02:20:18.5942|INFO|SequenceItem.cs|Run|254|Finishing Category: * Set di Istruzioni *, Container: NINA.Sequencer.Container.SequentialContainer, Strategy: SequentialStrategy, Items[FINISHED]: 1
2026-07-16T02:20:18.5944|INFO|SequenceItem.cs|Run|208|Starting Category: Fotocamera, Item: TakeExposure, ExposureTime 600, Gain 910, Offset 99, ImageType LIGHT, Binning 1x1
2026-07-16T02:20:18.6058|INFO|CameraVM.cs|Capture|742|Starting Exposure - Exposure Time: 600s; Filter: ; Gain: 910; Offset 99; Binning: 1x1;
2026-07-16T02:30:18.8564|INFO|SequenceItem.cs|Run|254|Finishing Category: Fotocamera, Item: TakeExposure, ExposureTime 600, Gain 910, Offset 99, ImageType LIGHT, Binning 1x1
2026-07-16T02:30:18.8567|INFO|MeridianFlipTrigger.cs|ShouldTrigger|296|Meridian Flip - (Side of Pier usage is disabled) There is still time remaining. Max remaining time 07:28:48.4956330, next instruction time 0, next instruction Category: Ruota porta filtri, Item: SwitchFilter, Filter: LPRO
2026-07-16T02:30:18.8568|INFO|SequenceItem.cs|Run|208|Starting Category: Ruota porta filtri, Item: SwitchFilter, Filter: LPRO
2026-07-16T02:30:18.9472|INFO|SequenceItem.cs|Run|254|Finishing Category: Ruota porta filtri, Item: SwitchFilter, Filter: LPRO
2026-07-16T02:30:18.9475|INFO|SequenceTrigger.cs|Run|114|Starting Trigger: DitherAfterExposures, After Exposures: 1
2026-07-16T02:30:18.9476|INFO|SequenceItem.cs|Run|208|Starting Category: * Set di Istruzioni *, Container: NINA.Sequencer.Container.SequentialContainer, Strategy: SequentialStrategy, Items[CREATED]: 1
2026-07-16T02:30:18.9477|INFO|SequenceItem.cs|Run|208|Starting Category: Guida, Item: Dither
2026-07-16T02:30:19.7185|INFO|ImageSolver.cs|Solve|41|Platesolving with parameters: FocalLength: 760 PixelSize: 4.63 SearchRadius: 30 BlindFailoverEnabled: True Regions: 5000 DownSampleFactor: 2 MaxObjects: 500 Reference Coordinates RA: 04:14:38 Dec: 85° 36' 41" Epoch: J2000
2026-07-16T02:30:20.7162|INFO|BaseImageData.cs|SaveToDisk|346|Saved image to C:\Users\PrimaLuceLab\AppData\Local\NINA\PlateSolver\mnrfda40.dzk.fits
2026-07-16T02:30:23.7528|INFO|ImageSolver.cs|Solve|54|Platesolve successful: Coordinates: RA: 04:15:52; Dec: 85° 37' 38"; Epoch: J2000 - Position Angle: 274.42889931194304
2026-07-16T02:30:23.7531|INFO|CenterAfterDriftTrigger.cs|PlatesolvingImageFollower_PropertyChanged|189|Drift: 0.8296268075005372 / 3 arc minutes
2026-07-16T02:30:33.3270|INFO|HocusFocusStarDetection.cs|Detect|413|Average HFR: 2.5701066251550224, HFR MAD: 0.2394459823350017, Detected Stars 555, Region: 0
2026-07-16T02:30:34.1920|INFO|BaseImageData.cs|SaveToDisk|346|Saved image to D:\Images NINA\Target\LIGHT_1x1_600.00s_910_99_LDN 1320_Skywatcher quattro 200p__-9.90C_LPRO_0121_2026-07-16_02-20-18_FWHM_6.49_Fok_115741.xisf
2026-07-16T02:30:34.1921|INFO|ImageSaveController.cs|DoWork|97|Successfully saved file at D:\Images NINA\Target\LIGHT_1x1_600.00s_910_99_LDN 1320_Skywatcher quattro 200p__-9.90C_LPRO_0121_2026-07-16_02-20-18_FWHM_6.49_Fok_115741.xisf. Duration Total: 00:00:14.4737994; BeforeSave: 00:00:00.0000923; BeforeFinalizeImageSaved: 00:00:14.3075461; FinalizeSaveTime: 00:00:00.1661601
2026-07-16T02:30:54.2079|INFO|SequenceItem.cs|Run|254|Finishing Category: Guida, Item: Dither
2026-07-16T02:30:54.2082|INFO|SequenceItem.cs|Run|254|Finishing Category: * Set di Istruzioni *, Container: NINA.Sequencer.Container.SequentialContainer, Strategy: SequentialStrategy, Items[FINISHED]: 1
2026-07-16T02:30:54.2083|INFO|MeridianFlipTrigger.cs|ShouldTrigger|296|Meridian Flip - (Side of Pier usage is disabled) There is still time remaining. Max remaining time 07:28:18.2782743, next instruction time 600, next instruction Category: Fotocamera, Item: TakeExposure, ExposureTime 600, Gain 910, Offset 99, ImageType LIGHT, Binning 1x1
2026-07-16T02:30:54.2083|INFO|SequenceTrigger.cs|Run|114|Starting Trigger: RestoreGuiding
2026-07-16T02:30:54.2084|INFO|SequenceItem.cs|Run|208|Starting Category: * Set di Istruzioni *, Container: NINA.Sequencer.Container.SequentialContainer, Strategy: SequentialStrategy, Items[CREATED]: 1
2026-07-16T02:30:54.2084|INFO|SequenceItem.cs|Run|208|Starting Category: Guida, Item: StartGuiding
2026-07-16T02:30:54.2593|INFO|PHD2Guider.cs|StartGuidingPrivate|504|Phd2 - App is already guiding. Skipping start guiding
2026-07-16T02:30:54.2595|INFO|SequenceItem.cs|Run|254|Finishing Category: Guida, Item: StartGuiding
2026-07-16T02:30:54.2596|INFO|SequenceItem.cs|Run|254|Finishing Category: * Set di Istruzioni *, Container: NINA.Sequencer.Container.SequentialContainer, Strategy: SequentialStrategy, Items[FINISHED]: 1
2026-07-16T02:30:54.2598|INFO|SequenceItem.cs|Run|208|Starting Category: Fotocamera, Item: TakeExposure, ExposureTime 600, Gain 910, Offset 99, ImageType LIGHT, Binning 1x1
2026-07-16T02:30:54.2678|INFO|CameraVM.cs|Capture|742|Starting Exposure - Exposure Time: 600s; Filter: ; Gain: 910; Offset 99; Binning: 1x1;
2026-07-16T02:40:54.5384|INFO|SequenceItem.cs|Run|254|Finishing Category: Fotocamera, Item: TakeExposure, ExposureTime 600, Gain 910, Offset 99, ImageType LIGHT, Binning 1x1
2026-07-16T02:40:54.5387|INFO|MeridianFlipTrigger.cs|ShouldTrigger|296|Meridian Flip - (Side of Pier usage is disabled) There is still time remaining. Max remaining time 07:18:03.5629078, next instruction time 0, next instruction Category: Ruota porta filtri, Item: SwitchFilter, Filter: LPRO
2026-07-16T02:40:54.5388|INFO|SequenceItem.cs|Run|208|Starting Category: Ruota porta filtri, Item: SwitchFilter, Filter: LPRO
2026-07-16T02:40:54.6095|INFO|SequenceItem.cs|Run|254|Finishing Category: Ruota porta filtri, Item: SwitchFilter, Filter: LPRO
2026-07-16T02:40:54.6098|INFO|SequenceTrigger.cs|Run|114|Starting Trigger: DitherAfterExposures, After Exposures: 1
2026-07-16T02:40:54.6099|INFO|SequenceItem.cs|Run|208|Starting Category: * Set di Istruzioni *, Container: NINA.Sequencer.Container.SequentialContainer, Strategy: SequentialStrategy, Items[CREATED]: 1
2026-07-16T02:40:54.6100|INFO|SequenceItem.cs|Run|208|Starting Category: Guida, Item: Dither
2026-07-16T02:41:07.8662|INFO|HocusFocusStarDetection.cs|Detect|413|Average HFR: 2.6301274451051437, HFR MAD: 0.21654311699844753, Detected Stars 489, Region: 0
2026-07-16T02:41:08.5958|INFO|BaseImageData.cs|SaveToDisk|346|Saved image to D:\Images NINA\Target\LIGHT_1x1_600.00s_910_99_LDN 1320_Skywatcher quattro 200p__-9.90C_LPRO_0122_2026-07-16_02-30-54_FWHM_6.71_Fok_115741.xisf
2026-07-16T02:41:08.5959|INFO|ImageSaveController.cs|DoWork|97|Successfully saved file at D:\Images NINA\Target\LIGHT_1x1_600.00s_910_99_LDN 1320_Skywatcher quattro 200p__-9.90C_LPRO_0122_2026-07-16_02-30-54_FWHM_6.71_Fok_115741.xisf. Duration Total: 00:00:13.2201275; BeforeSave: 00:00:00.0000735; BeforeFinalizeImageSaved: 00:00:13.0783763; FinalizeSaveTime: 00:00:00.1416766
2026-07-16T02:41:32.5234|INFO|SequenceItem.cs|Run|254|Finishing Category: Guida, Item: Dither
2026-07-16T02:41:32.5236|INFO|SequenceItem.cs|Run|254|Finishing Category: * Set di Istruzioni *, Container: NINA.Sequencer.Container.SequentialContainer, Strategy: SequentialStrategy, Items[FINISHED]: 1
2026-07-16T02:41:32.5238|INFO|MeridianFlipTrigger.cs|ShouldTrigger|296|Meridian Flip - (Side of Pier usage is disabled) There is still time remaining. Max remaining time 07:17:28.8539552, next instruction time 600, next instruction Category: Fotocamera, Item: TakeExposure, ExposureTime 600, Gain 910, Offset 99, ImageType LIGHT, Binning 1x1
2026-07-16T02:41:32.5238|INFO|SequenceTrigger.cs|Run|114|Starting Trigger: RestoreGuiding
2026-07-16T02:41:32.5238|INFO|SequenceItem.cs|Run|208|Starting Category: * Set di Istruzioni *, Container: NINA.Sequencer.Container.SequentialContainer, Strategy: SequentialStrategy, Items[CREATED]: 1
2026-07-16T02:41:32.5239|INFO|SequenceItem.cs|Run|208|Starting Category: Guida, Item: StartGuiding
2026-07-16T02:41:32.5745|INFO|PHD2Guider.cs|StartGuidingPrivate|504|Phd2 - App is already guiding. Skipping start guiding
2026-07-16T02:41:32.5774|INFO|SequenceItem.cs|Run|254|Finishing Category: Guida, Item: StartGuiding
2026-07-16T02:41:32.5778|INFO|SequenceItem.cs|Run|254|Finishing Category: * Set di Istruzioni *, Container: NINA.Sequencer.Container.SequentialContainer, Strategy: SequentialStrategy, Items[FINISHED]: 1
2026-07-16T02:41:32.5782|INFO|SequenceItem.cs|Run|208|Starting Category: Fotocamera, Item: TakeExposure, ExposureTime 600, Gain 910, Offset 99, ImageType LIGHT, Binning 1x1
2026-07-16T02:41:32.5792|INFO|CameraVM.cs|Capture|742|Starting Exposure - Exposure Time: 600s; Filter: ; Gain: 910; Offset 99; Binning: 1x1;
2026-07-16T02:51:32.9152|INFO|SequenceItem.cs|Run|254|Finishing Category: Fotocamera, Item: TakeExposure, ExposureTime 600, Gain 910, Offset 99, ImageType LIGHT, Binning 1x1
2026-07-16T02:51:32.9156|INFO|MeridianFlipTrigger.cs|ShouldTrigger|296|Meridian Flip - (Side of Pier usage is disabled) There is still time remaining. Max remaining time 07:07:17.3659170, next instruction time 0, next instruction Category: Ruota porta filtri, Item: SwitchFilter, Filter: LPRO
2026-07-16T02:51:32.9156|INFO|SequenceItem.cs|Run|208|Starting Category: Ruota porta filtri, Item: SwitchFilter, Filter: LPRO
2026-07-16T02:51:33.0351|INFO|SequenceItem.cs|Run|254|Finishing Category: Ruota porta filtri, Item: SwitchFilter, Filter: LPRO
2026-07-16T02:51:33.0354|INFO|SequenceTrigger.cs|Run|114|Starting Trigger: DitherAfterExposures, After Exposures: 1
2026-07-16T02:51:33.0355|INFO|SequenceItem.cs|Run|208|Starting Category: * Set di Istruzioni *, Container: NINA.Sequencer.Container.SequentialContainer, Strategy: SequentialStrategy, Items[CREATED]: 1
2026-07-16T02:51:33.0356|INFO|SequenceItem.cs|Run|208|Starting Category: Guida, Item: Dither
2026-07-16T02:51:46.6299|INFO|HocusFocusStarDetection.cs|Detect|413|Average HFR: 2.358884357521035, HFR MAD: 0.24232501204027912, Detected Stars 457, Region: 0
2026-07-16T02:51:47.3061|INFO|BaseImageData.cs|SaveToDisk|346|Saved image to D:\Images NINA\Target\LIGHT_1x1_600.00s_910_99_LDN 1320_Skywatcher quattro 200p__-9.90C_LPRO_0123_2026-07-16_02-41-32_FWHM_6.05_Fok_115741.xisf
2026-07-16T02:51:47.3062|INFO|ImageSaveController.cs|DoWork|97|Successfully saved file at D:\Images NINA\Target\LIGHT_1x1_600.00s_910_99_LDN 1320_Skywatcher quattro 200p__-9.90C_LPRO_0123_2026-07-16_02-41-32_FWHM_6.05_Fok_115741.xisf. Duration Total: 00:00:13.3954853; BeforeSave: 00:00:00.0000694; BeforeFinalizeImageSaved: 00:00:13.1037762; FinalizeSaveTime: 00:00:00.2916388
2026-07-16T02:51:50.6154|INFO|SequenceItem.cs|Run|254|Finishing Category: Guida, Item: Dither
2026-07-16T02:51:50.6156|INFO|SequenceItem.cs|Run|254|Finishing Category: * Set di Istruzioni *, Container: NINA.Sequencer.Container.SequentialContainer, Strategy: SequentialStrategy, Items[FINISHED]: 1
2026-07-16T02:51:50.6159|INFO|MeridianFlipTrigger.cs|ShouldTrigger|296|Meridian Flip - (Side of Pier usage is disabled) There is still time remaining. Max remaining time 07:07:02.2260993, next instruction time 600, next instruction Category: Fotocamera, Item: TakeExposure, ExposureTime 600, Gain 910, Offset 99, ImageType LIGHT, Binning 1x1
2026-07-16T02:51:50.6159|INFO|SequenceTrigger.cs|Run|114|Starting Trigger: RestoreGuiding
2026-07-16T02:51:50.6160|INFO|SequenceItem.cs|Run|208|Starting Category: * Set di Istruzioni *, Container: NINA.Sequencer.Container.SequentialContainer, Strategy: SequentialStrategy, Items[CREATED]: 1
2026-07-16T02:51:50.6160|INFO|SequenceItem.cs|Run|208|Starting Category: Guida, Item: StartGuiding
2026-07-16T02:51:50.6440|INFO|PHD2Guider.cs|StartGuidingPrivate|504|Phd2 - App is already guiding. Skipping start guiding
2026-07-16T02:51:50.6464|INFO|SequenceItem.cs|Run|254|Finishing Category: Guida, Item: StartGuiding
2026-07-16T02:51:50.6482|INFO|SequenceItem.cs|Run|254|Finishing Category: * Set di Istruzioni *, Container: NINA.Sequencer.Container.SequentialContainer, Strategy: SequentialStrategy, Items[FINISHED]: 1
2026-07-16T02:51:50.6485|INFO|SequenceItem.cs|Run|208|Starting Category: Fotocamera, Item: TakeExposure, ExposureTime 600, Gain 910, Offset 99, ImageType LIGHT, Binning 1x1
2026-07-16T02:51:50.6732|INFO|CameraVM.cs|Capture|742|Starting Exposure - Exposure Time: 600s; Filter: ; Gain: 910; Offset 99; Binning: 1x1;
2026-07-16T03:01:51.0470|INFO|SequenceItem.cs|Run|254|Finishing Category: Fotocamera, Item: TakeExposure, ExposureTime 600, Gain 910, Offset 99, ImageType LIGHT, Binning 1x1
2026-07-16T03:01:51.0473|INFO|MeridianFlipTrigger.cs|ShouldTrigger|296|Meridian Flip - (Side of Pier usage is disabled) There is still time remaining. Max remaining time 06:56:47.7630805, next instruction time 0, next instruction Category: Ruota porta filtri, Item: SwitchFilter, Filter: LPRO
2026-07-16T03:01:51.0474|INFO|SequenceItem.cs|Run|208|Starting Category: Ruota porta filtri, Item: SwitchFilter, Filter: LPRO
2026-07-16T03:01:51.1641|INFO|SequenceItem.cs|Run|254|Finishing Category: Ruota porta filtri, Item: SwitchFilter, Filter: LPRO
2026-07-16T03:01:51.1644|INFO|SequenceTrigger.cs|Run|114|Starting Trigger: DitherAfterExposures, After Exposures: 1
2026-07-16T03:01:51.1645|INFO|SequenceItem.cs|Run|208|Starting Category: * Set di Istruzioni *, Container: NINA.Sequencer.Container.SequentialContainer, Strategy: SequentialStrategy, Items[CREATED]: 1
2026-07-16T03:01:51.1645|INFO|SequenceItem.cs|Run|208|Starting Category: Guida, Item: Dither
2026-07-16T03:01:52.0931|INFO|ImageSolver.cs|Solve|41|Platesolving with parameters: FocalLength: 760 PixelSize: 4.63 SearchRadius: 30 BlindFailoverEnabled: True Regions: 5000 DownSampleFactor: 2 MaxObjects: 500 Reference Coordinates RA: 04:14:16 Dec: 85° 35' 57" Epoch: J2000
2026-07-16T03:01:52.9198|INFO|BaseImageData.cs|SaveToDisk|346|Saved image to C:\Users\PrimaLuceLab\AppData\Local\NINA\PlateSolver\hqrnjcrh.pl5.fits
2026-07-16T03:01:55.9158|INFO|ImageSolver.cs|Solve|54|Platesolve successful: Coordinates: RA: 04:16:16; Dec: 85° 37' 29"; Epoch: J2000 - Position Angle: 274.6232442903283
2026-07-16T03:01:55.9160|INFO|CenterAfterDriftTrigger.cs|PlatesolvingImageFollower_PropertyChanged|189|Drift: 1.3116817227454918 / 3 arc minutes
2026-07-16T03:02:05.9083|INFO|HocusFocusStarDetection.cs|Detect|413|Average HFR: 2.422909059042434, HFR MAD: 0.20945886351695675, Detected Stars 476, Region: 0
2026-07-16T03:02:06.5612|INFO|BaseImageData.cs|SaveToDisk|346|Saved image to D:\Images NINA\Target\LIGHT_1x1_600.00s_910_99_LDN 1320_Skywatcher quattro 200p__-9.90C_LPRO_0124_2026-07-16_02-51-50_FWHM_6.18_Fok_115741.xisf
2026-07-16T03:02:06.5613|INFO|ImageSaveController.cs|DoWork|97|Successfully saved file at D:\Images NINA\Target\LIGHT_1x1_600.00s_910_99_LDN 1320_Skywatcher quattro 200p__-9.90C_LPRO_0124_2026-07-16_02-51-50_FWHM_6.18_Fok_115741.xisf. Duration Total: 00:00:14.4683675; BeforeSave: 00:00:00.0000758; BeforeFinalizeImageSaved: 00:00:14.2859785; FinalizeSaveTime: 00:00:00.1823124
2026-07-16T03:02:06.8673|INFO|SequenceItem.cs|Run|254|Finishing Category: Guida, Item: Dither
2026-07-16T03:02:06.8675|INFO|SequenceItem.cs|Run|254|Finishing Category: * Set di Istruzioni *, Container: NINA.Sequencer.Container.SequentialContainer, Strategy: SequentialStrategy, Items[FINISHED]: 1
2026-07-16T03:02:06.8676|INFO|MeridianFlipTrigger.cs|ShouldTrigger|296|Meridian Flip - (Side of Pier usage is disabled) There is still time remaining. Max remaining time 06:56:28.3716531, next instruction time 600, next instruction Category: Fotocamera, Item: TakeExposure, ExposureTime 600, Gain 910, Offset 99, ImageType LIGHT, Binning 1x1
2026-07-16T03:02:06.8677|INFO|SequenceTrigger.cs|Run|114|Starting Trigger: RestoreGuiding
2026-07-16T03:02:06.8677|INFO|SequenceItem.cs|Run|208|Starting Category: * Set di Istruzioni *, Container: NINA.Sequencer.Container.SequentialContainer, Strategy: SequentialStrategy, Items[CREATED]: 1
2026-07-16T03:02:06.8678|INFO|SequenceItem.cs|Run|208|Starting Category: Guida, Item: StartGuiding
2026-07-16T03:02:06.8966|INFO|PHD2Guider.cs|StartGuidingPrivate|504|Phd2 - App is already guiding. Skipping start guiding
2026-07-16T03:02:06.8968|INFO|SequenceItem.cs|Run|254|Finishing Category: Guida, Item: StartGuiding
2026-07-16T03:02:06.8969|INFO|SequenceItem.cs|Run|254|Finishing Category: * Set di Istruzioni *, Container: NINA.Sequencer.Container.SequentialContainer, Strategy: SequentialStrategy, Items[FINISHED]: 1
2026-07-16T03:02:06.8970|INFO|SequenceItem.cs|Run|208|Starting Category: Fotocamera, Item: TakeExposure, ExposureTime 600, Gain 910, Offset 99, ImageType LIGHT, Binning 1x1
2026-07-16T03:02:06.8974|INFO|CameraVM.cs|Capture|742|Starting Exposure - Exposure Time: 600s; Filter: ; Gain: 910; Offset 99; Binning: 1x1;
2026-07-16T03:12:07.3519|INFO|SequenceItem.cs|Run|254|Finishing Category: Fotocamera, Item: TakeExposure, ExposureTime 600, Gain 910, Offset 99, ImageType LIGHT, Binning 1x1
2026-07-16T03:12:07.3523|INFO|MeridianFlipTrigger.cs|ShouldTrigger|296|Meridian Flip - (Side of Pier usage is disabled) There is still time remaining. Max remaining time 06:46:18.0906885, next instruction time 0, next instruction Category: Ruota porta filtri, Item: SwitchFilter, Filter: LPRO
2026-07-16T03:12:07.3524|INFO|SequenceItem.cs|Run|208|Starting Category: Ruota porta filtri, Item: SwitchFilter, Filter: LPRO
2026-07-16T03:12:07.3532|INFO|SequenceItem.cs|Run|254|Finishing Category: Ruota porta filtri, Item: SwitchFilter, Filter: LPRO
2026-07-16T03:12:07.3534|INFO|SequenceTrigger.cs|Run|114|Starting Trigger: DitherAfterExposures, After Exposures: 1
2026-07-16T03:12:07.3535|INFO|SequenceItem.cs|Run|208|Starting Category: * Set di Istruzioni *, Container: NINA.Sequencer.Container.SequentialContainer, Strategy: SequentialStrategy, Items[CREATED]: 1
2026-07-16T03:12:07.3535|INFO|SequenceItem.cs|Run|208|Starting Category: Guida, Item: Dither
2026-07-16T03:12:21.2855|INFO|HocusFocusStarDetection.cs|Detect|413|Average HFR: 2.508677079041694, HFR MAD: 0.20746506418334354, Detected Stars 535, Region: 0
2026-07-16T03:12:22.0754|INFO|BaseImageData.cs|SaveToDisk|346|Saved image to D:\Images NINA\Target\LIGHT_1x1_600.00s_910_99_LDN 1320_Skywatcher quattro 200p__-10.00C_LPRO_0125_2026-07-16_03-02-06_FWHM_6.31_Fok_115741.xisf
2026-07-16T03:12:22.0755|INFO|ImageSaveController.cs|DoWork|97|Successfully saved file at D:\Images NINA\Target\LIGHT_1x1_600.00s_910_99_LDN 1320_Skywatcher quattro 200p__-10.00C_LPRO_0125_2026-07-16_03-02-06_FWHM_6.31_Fok_115741.xisf. Duration Total: 00:00:13.6805521; BeforeSave: 00:00:00.0000765; BeforeFinalizeImageSaved: 00:00:13.4485812; FinalizeSaveTime: 00:00:00.2318938
2026-07-16T03:12:37.3819|INFO|SequenceItem.cs|Run|254|Finishing Category: Guida, Item: Dither
2026-07-16T03:12:37.3821|INFO|SequenceItem.cs|Run|254|Finishing Category: * Set di Istruzioni *, Container: NINA.Sequencer.Container.SequentialContainer, Strategy: SequentialStrategy, Items[FINISHED]: 1
2026-07-16T03:12:37.3822|INFO|MeridianFlipTrigger.cs|ShouldTrigger|296|Meridian Flip - (Side of Pier usage is disabled) There is still time remaining. Max remaining time 06:45:51.7042229, next instruction time 600, next instruction Category: Fotocamera, Item: TakeExposure, ExposureTime 600, Gain 910, Offset 99, ImageType LIGHT, Binning 1x1
2026-07-16T03:12:37.3824|INFO|SequenceTrigger.cs|Run|114|Starting Trigger: RestoreGuiding
2026-07-16T03:12:37.3824|INFO|SequenceItem.cs|Run|208|Starting Category: * Set di Istruzioni *, Container: NINA.Sequencer.Container.SequentialContainer, Strategy: SequentialStrategy, Items[CREATED]: 1
2026-07-16T03:12:37.3825|INFO|SequenceItem.cs|Run|208|Starting Category: Guida, Item: StartGuiding
2026-07-16T03:12:37.4136|INFO|PHD2Guider.cs|StartGuidingPrivate|504|Phd2 - App is already guiding. Skipping start guiding
2026-07-16T03:12:37.4176|INFO|SequenceItem.cs|Run|254|Finishing Category: Guida, Item: StartGuiding
2026-07-16T03:12:37.4180|INFO|SequenceItem.cs|Run|254|Finishing Category: * Set di Istruzioni *, Container: NINA.Sequencer.Container.SequentialContainer, Strategy: SequentialStrategy, Items[FINISHED]: 1
2026-07-16T03:12:37.4183|INFO|SequenceItem.cs|Run|208|Starting Category: Fotocamera, Item: TakeExposure, ExposureTime 600, Gain 910, Offset 99, ImageType LIGHT, Binning 1x1
2026-07-16T03:12:37.4524|INFO|CameraVM.cs|Capture|742|Starting Exposure - Exposure Time: 600s; Filter: ; Gain: 910; Offset 99; Binning: 1x1;
2026-07-16T03:22:37.7761|INFO|SequenceItem.cs|Run|254|Finishing Category: Fotocamera, Item: TakeExposure, ExposureTime 600, Gain 910, Offset 99, ImageType LIGHT, Binning 1x1
2026-07-16T03:22:37.7764|INFO|LoopCondition.cs|Check|75|LoopCondition finished. Iterations: 45 / 45
2026-07-16T03:22:37.7770|INFO|SequenceItem.cs|Run|254|Finishing Category: Fotocamera, Container: NINA.Sequencer.SequenceItem.Imaging.SmartExposure, Strategy: SequentialStrategy, Items[FINISHED]: 2, Conditions: Condition: LoopCondition, Iterations: 45/45, , Triggers: Trigger: DitherAfterExposures, After Exposures: 1
2026-07-16T03:22:37.7785|INFO|SequenceItem.cs|Run|254|Finishing Category: * Set di Istruzioni *, Container: NINA.Sequencer.Container.DeepSkyObjectContainer, Strategy: SequentialStrategy, Items[FINISHED]: 4, Triggers: Trigger: CenterAfterDriftTrigger, DistanceArcMinutes: 3, Target: LDN 1320 RA: 04:15:12; Dec: 85° 37' 59"; Epoch: J2000 276.95
2026-07-16T03:22:37.7794|INFO|MeridianFlipTrigger.cs|ShouldTrigger|296|Meridian Flip - (Side of Pier usage is disabled) There is still time remaining. Max remaining time 06:35:41.9428302, next instruction time 0, next instruction Category: Utilità, Item: Annotation, Text: PLACE YOUR ...FIRST... TARGET SEQUENCE OF THE NIGHT ...BELOW... THIS LINE
2026-07-16T03:22:37.7795|INFO|SequenceItem.cs|Run|208|Starting Category: Utilità, Item: Annotation, Text: PLACE YOUR ...FIRST... TARGET SEQUENCE OF THE NIGHT ...BELOW... THIS LINE
2026-07-16T03:22:37.7796|INFO|SequenceItem.cs|Run|254|Finishing Category: Utilità, Item: Annotation, Text: PLACE YOUR ...FIRST... TARGET SEQUENCE OF THE NIGHT ...BELOW... THIS LINE
2026-07-16T03:22:37.7797|INFO|MeridianFlipTrigger.cs|ShouldTrigger|296|Meridian Flip - (Side of Pier usage is disabled) There is still time remaining. Max remaining time 06:35:41.9428302, next instruction time 0, next instruction Category: Utilità, Item: Annotation, Text: PLACE YOUR ...FIRST... TARGET SEQUENCE OF THE NIGHT ...ABOVE... THIS LINE
2026-07-16T03:22:37.7797|INFO|SequenceItem.cs|Run|208|Starting Category: Utilità, Item: Annotation, Text: PLACE YOUR ...FIRST... TARGET SEQUENCE OF THE NIGHT ...ABOVE... THIS LINE
2026-07-16T03:22:37.7797|INFO|SequenceItem.cs|Run|254|Finishing Category: Utilità, Item: Annotation, Text: PLACE YOUR ...FIRST... TARGET SEQUENCE OF THE NIGHT ...ABOVE... THIS LINE
2026-07-16T03:22:37.7799|INFO|MeridianFlipTrigger.cs|ShouldTrigger|296|Meridian Flip - (Side of Pier usage is disabled) There is still time remaining. Max remaining time 06:35:41.9428302, next instruction time 0, next instruction Category: * Set di Istruzioni *, Container: NINA.Sequencer.Container.DeepSkyObjectContainer, Strategy: SequentialStrategy, Items[CREATED]: 4, Triggers: Trigger: CenterAfterDriftTrigger, DistanceArcMinutes: 3, Target: LDN 1320 RA: 04:15:12; Dec: 85° 37' 59"; Epoch: J2000 276.95
2026-07-16T03:22:37.7800|INFO|SequenceItem.cs|Run|208|Starting Category: * Set di Istruzioni *, Container: NINA.Sequencer.Container.DeepSkyObjectContainer, Strategy: SequentialStrategy, Items[CREATED]: 4, Triggers: Trigger: CenterAfterDriftTrigger, DistanceArcMinutes: 3, Target: LDN 1320 RA: 04:15:12; Dec: 85° 37' 59"; Epoch: J2000 276.95
2026-07-16T03:22:37.7802|INFO|MeridianFlipTrigger.cs|ShouldTrigger|296|Meridian Flip - (Side of Pier usage is disabled) There is still time remaining. Max remaining time 06:35:41.9428302, next instruction time 0, next instruction Category: Telescopio, Item: Center, Coordinates RA: 04:15:12; Dec: 85° 37' 59"; Epoch: J2000
2026-07-16T03:22:37.7802|INFO|SequenceItem.cs|Run|208|Starting Category: Telescopio, Item: Center, Coordinates RA: 04:15:12; Dec: 85° 37' 59"; Epoch: J2000
2026-07-16T03:22:39.8442|INFO|TelescopeVM.cs|SlewAsyncInternal|910|Slewing from RA: 04:22:11; Dec: 85° 38' 42"; Epoch: JNOW to RA: 04:23:25; Dec: 85° 41' 39"; Epoch: JNOW - Alt: 41° 36' 42"; Az: 05° 40' 49"
2026-07-16T03:22:50.2725|INFO|CameraVM.cs|Capture|742|Starting Exposure - Exposure Time: 10s; Filter: ; Gain: 100; Offset 99; Binning: 1x1;
2026-07-16T03:22:50.6534|INFO|HocusFocusStarDetection.cs|Detect|413|Average HFR: 2.6082091009625454, HFR MAD: 0.21533496597466284, Detected Stars 491, Region: 0
2026-07-16T03:22:51.3713|INFO|BaseImageData.cs|SaveToDisk|346|Saved image to D:\Images NINA\Target\LIGHT_1x1_600.00s_910_99_LDN 1320_Skywatcher quattro 200p__-10.00C_LPRO_0126_2026-07-16_03-12-37_FWHM_6.56_Fok_115741.xisf
2026-07-16T03:22:51.3714|INFO|ImageSaveController.cs|DoWork|97|Successfully saved file at D:\Images NINA\Target\LIGHT_1x1_600.00s_910_99_LDN 1320_Skywatcher quattro 200p__-10.00C_LPRO_0126_2026-07-16_03-12-37_FWHM_6.56_Fok_115741.xisf. Duration Total: 00:00:12.7126713; BeforeSave: 00:00:00.0000737; BeforeFinalizeImageSaved: 00:00:12.5373533; FinalizeSaveTime: 00:00:00.1752440
2026-07-16T03:23:05.8388|INFO|ImageSolver.cs|Solve|41|Platesolving with parameters: FocalLength: 760 PixelSize: 4.63 SearchRadius: 30 BlindFailoverEnabled: True Regions: 5000 DownSampleFactor: 2 MaxObjects: 500 Reference Coordinates RA: 04:15:12 Dec: 85° 37' 59" Epoch: J2000
2026-07-16T03:23:06.4603|INFO|BaseImageData.cs|SaveToDisk|346|Saved image to C:\Users\PrimaLuceLab\AppData\Local\NINA\PlateSolver\gtytdwrf.h22.fits
2026-07-16T03:23:07.9960|INFO|ImageSolver.cs|Solve|54|Platesolve successful: Coordinates: RA: 04:18:05; Dec: 85° 39' 04"; Epoch: J2000 - Position Angle: 274.7547182190486
2026-07-16T03:23:08.0252|INFO|CenteringSolver.cs|Center|99|Centering Solver - Scope Position: RA: 04:23:26; Dec: 85° 41' 39"; Epoch: JNOW; Offset: RA: 00:00:00; Dec: 00° 00' 00"; Distance: 00° 00' 00"; Bearing: 00° 00' 00"; Centering Coordinates: RA: 04:23:25; Dec: 85° 41' 39"; Epoch: JNOW; Solved: RA: 04:26:22; Dec: 85° 42' 38"; Epoch: JNOW; Separation RA: -00:02:57; Dec: -00° 00' 59"; Distance: 00° 03' 27"; Bearing: -73° 04' 35"; Threshold: 1
2026-07-16T03:23:08.1047|INFO|TelescopeVM.cs|Sync|777|Syncing scope from RA: 04:23:26; Dec: 85° 41' 39"; Epoch: JNOW to RA: 04:26:22; Dec: 85° 42' 38"; Epoch: JNOW
2026-07-16T03:23:13.1062|INFO|CenteringSolver.cs|Center|132|Slewing to target after sync. Current Position: RA: 04:26:22; Dec: 85° 42' 38"; Epoch: JNOW; Target coordinates: RA: 04:23:25; Dec: 85° 41' 39"; Epoch: JNOW; Offset RA: 00:00:00; Dec: 00° 00' 00"; Distance: 00° 00' 00"; Bearing: 00° 00' 00"
2026-07-16T03:23:13.1071|INFO|TelescopeVM.cs|SlewAsyncInternal|910|Slewing from RA: 04:26:22; Dec: 85° 42' 38"; Epoch: JNOW to RA: 04:23:25; Dec: 85° 41' 39"; Epoch: JNOW - Alt: 41° 37' 19"; Az: 05° 41' 01"
2026-07-16T03:23:23.3318|INFO|CameraVM.cs|Capture|742|Starting Exposure - Exposure Time: 10s; Filter: ; Gain: 100; Offset 99; Binning: 1x1;
2026-07-16T03:23:39.4736|INFO|ImageSolver.cs|Solve|41|Platesolving with parameters: FocalLength: 760 PixelSize: 4.63 SearchRadius: 30 BlindFailoverEnabled: True Regions: 5000 DownSampleFactor: 2 MaxObjects: 500 Reference Coordinates RA: 04:15:12 Dec: 85° 37' 59" Epoch: J2000
2026-07-16T03:23:40.0589|INFO|BaseImageData.cs|SaveToDisk|346|Saved image to C:\Users\PrimaLuceLab\AppData\Local\NINA\PlateSolver\hgvprmj0.hz1.fits
2026-07-16T03:23:41.4023|INFO|ImageSolver.cs|Solve|54|Platesolve successful: Coordinates: RA: 04:15:07; Dec: 85° 38' 04"; Epoch: J2000 - Position Angle: 274.7861826194231
2026-07-16T03:23:41.4047|INFO|CenteringSolver.cs|Center|99|Centering Solver - Scope Position: RA: 04:23:25; Dec: 85° 41' 39"; Epoch: JNOW; Offset: RA: 00:00:00; Dec: 00° 00' 00"; Distance: 00° 00' 00"; Bearing: 00° 00' 00"; Centering Coordinates: RA: 04:23:25; Dec: 85° 41' 39"; Epoch: JNOW; Solved: RA: 04:23:21; Dec: 85° 41' 45"; Epoch: JNOW; Separation RA: 00:00:05; Dec: -00° 00' 06"; Distance: 00° 00' 08"; Bearing: 43° 40' 13"; Threshold: 1
2026-07-16T03:23:41.4599|INFO|PHD2Guider.cs|TryStartGuideCommand|641|Phd2 - Requesting to start guiding. Recalibrate: False
2026-07-16T03:24:03.8738|INFO|SequenceItem.cs|Run|254|Finishing Category: Telescopio, Item: Center, Coordinates RA: 04:15:12; Dec: 85° 37' 59"; Epoch: J2000
2026-07-16T03:24:03.8740|INFO|MeridianFlipTrigger.cs|ShouldTrigger|296|Meridian Flip - (Side of Pier usage is disabled) There is still time remaining. Max remaining time 06:35:30.1792217, next instruction time 0, next instruction Category: Guida, Item: StartGuiding
2026-07-16T03:24:03.8740|INFO|SequenceItem.cs|Run|208|Starting Category: Guida, Item: StartGuiding
2026-07-16T03:24:03.9027|INFO|PHD2Guider.cs|StartGuidingPrivate|504|Phd2 - App is already guiding. Skipping start guiding
2026-07-16T03:24:03.9050|INFO|SequenceItem.cs|Run|254|Finishing Category: Guida, Item: StartGuiding
2026-07-16T03:24:03.9063|INFO|MeridianFlipTrigger.cs|ShouldTrigger|296|Meridian Flip - (Side of Pier usage is disabled) There is still time remaining. Max remaining time 06:35:30.1792217, next instruction time 300, next instruction Category: Utilità, Item: WaitForTimeSpan, Time: 300s
2026-07-16T03:24:03.9064|INFO|SequenceItem.cs|Run|208|Starting Category: Utilità, Item: WaitForTimeSpan, Time: 300s
2026-07-16T03:29:06.0964|INFO|SequenceItem.cs|Run|254|Finishing Category: Utilità, Item: WaitForTimeSpan, Time: 300s
2026-07-16T03:29:06.0968|INFO|MeridianFlipTrigger.cs|ShouldTrigger|296|Meridian Flip - (Side of Pier usage is disabled) There is still time remaining. Max remaining time 06:30:24.9947499, next instruction time 600, next instruction Category: Fotocamera, Container: NINA.Sequencer.SequenceItem.Imaging.SmartExposure, Strategy: SequentialStrategy, Items[CREATED]: 2, Conditions: Condition: LoopCondition, Iterations: 0/45, , Triggers: Trigger: DitherAfterExposures, After Exposures: 1
2026-07-16T03:29:06.0969|INFO|SequenceItem.cs|Run|208|Starting Category: Fotocamera, Container: NINA.Sequencer.SequenceItem.Imaging.SmartExposure, Strategy: SequentialStrategy, Items[CREATED]: 2, Conditions: Condition: LoopCondition, Iterations: 0/45, , Triggers: Trigger: DitherAfterExposures, After Exposures: 1
2026-07-16T03:29:06.0971|INFO|MeridianFlipTrigger.cs|ShouldTrigger|296|Meridian Flip - (Side of Pier usage is disabled) There is still time remaining. Max remaining time 06:30:24.9947499, next instruction time 0, next instruction Category: Ruota porta filtri, Item: SwitchFilter, Filter: LPRO
2026-07-16T03:29:06.0971|INFO|SequenceItem.cs|Run|208|Starting Category: Ruota porta filtri, Item: SwitchFilter, Filter: LPRO
2026-07-16T03:29:06.0984|INFO|SequenceItem.cs|Run|254|Finishing Category: Ruota porta filtri, Item: SwitchFilter, Filter: LPRO
2026-07-16T03:29:06.0990|INFO|SequenceTrigger.cs|Run|114|Starting Trigger: DitherAfterExposures, After Exposures: 1
2026-07-16T03:29:06.0991|INFO|SequenceItem.cs|Run|208|Starting Category: * Set di Istruzioni *, Container: NINA.Sequencer.Container.SequentialContainer, Strategy: SequentialStrategy, Items[CREATED]: 1
2026-07-16T03:29:06.0991|INFO|SequenceItem.cs|Run|208|Starting Category: Guida, Item: Dither
2026-07-16T03:29:35.3808|INFO|SequenceItem.cs|Run|254|Finishing Category: Guida, Item: Dither
2026-07-16T03:29:35.3810|INFO|SequenceItem.cs|Run|254|Finishing Category: * Set di Istruzioni *, Container: NINA.Sequencer.Container.SequentialContainer, Strategy: SequentialStrategy, Items[FINISHED]: 1
2026-07-16T03:29:35.3811|INFO|MeridianFlipTrigger.cs|ShouldTrigger|296|Meridian Flip - (Side of Pier usage is disabled) There is still time remaining. Max remaining time 06:29:54.9678152, next instruction time 600, next instruction Category: Fotocamera, Item: TakeExposure, ExposureTime 600, Gain 910, Offset 99, ImageType LIGHT, Binning 1x1
2026-07-16T03:29:35.3811|INFO|SequenceTrigger.cs|Run|114|Starting Trigger: RestoreGuiding
2026-07-16T03:29:35.3812|INFO|SequenceItem.cs|Run|208|Starting Category: * Set di Istruzioni *, Container: NINA.Sequencer.Container.SequentialContainer, Strategy: SequentialStrategy, Items[CREATED]: 1
2026-07-16T03:29:35.3812|INFO|SequenceItem.cs|Run|208|Starting Category: Guida, Item: StartGuiding
2026-07-16T03:29:35.4077|INFO|PHD2Guider.cs|StartGuidingPrivate|504|Phd2 - App is already guiding. Skipping start guiding
2026-07-16T03:29:35.4107|INFO|SequenceItem.cs|Run|254|Finishing Category: Guida, Item: StartGuiding
2026-07-16T03:29:35.4119|INFO|SequenceItem.cs|Run|254|Finishing Category: * Set di Istruzioni *, Container: NINA.Sequencer.Container.SequentialContainer, Strategy: SequentialStrategy, Items[FINISHED]: 1
2026-07-16T03:29:35.4121|INFO|SequenceItem.cs|Run|208|Starting Category: Fotocamera, Item: TakeExposure, ExposureTime 600, Gain 910, Offset 99, ImageType LIGHT, Binning 1x1
2026-07-16T03:29:35.4358|INFO|CameraVM.cs|Capture|742|Starting Exposure - Exposure Time: 600s; Filter: ; Gain: 910; Offset 99; Binning: 1x1;
2026-07-16T03:39:35.7431|INFO|SequenceItem.cs|Run|254|Finishing Category: Fotocamera, Item: TakeExposure, ExposureTime 600, Gain 910, Offset 99, ImageType LIGHT, Binning 1x1
2026-07-16T03:39:35.7439|INFO|MeridianFlipTrigger.cs|ShouldTrigger|296|Meridian Flip - (Side of Pier usage is disabled) There is still time remaining. Max remaining time 06:19:46.1359173, next instruction time 0, next instruction Category: Ruota porta filtri, Item: SwitchFilter, Filter: LPRO
2026-07-16T03:39:35.7440|INFO|SequenceItem.cs|Run|208|Starting Category: Ruota porta filtri, Item: SwitchFilter, Filter: LPRO
2026-07-16T03:39:35.7450|INFO|SequenceItem.cs|Run|254|Finishing Category: Ruota porta filtri, Item: SwitchFilter, Filter: LPRO
2026-07-16T03:39:35.7451|INFO|SequenceTrigger.cs|Run|114|Starting Trigger: DitherAfterExposures, After Exposures: 1
2026-07-16T03:39:35.7452|INFO|SequenceItem.cs|Run|208|Starting Category: * Set di Istruzioni *, Container: NINA.Sequencer.Container.SequentialContainer, Strategy: SequentialStrategy, Items[CREATED]: 1
2026-07-16T03:39:35.7452|INFO|SequenceItem.cs|Run|208|Starting Category: Guida, Item: Dither
2026-07-16T03:39:48.6663|INFO|HocusFocusStarDetection.cs|Detect|413|Average HFR: 2.372246700633489, HFR MAD: 0.18731934049612553, Detected Stars 593, Region: 0
2026-07-16T03:39:49.5347|INFO|BaseImageData.cs|SaveToDisk|346|Saved image to D:\Images NINA\Target\LIGHT_1x1_600.00s_910_99_LDN 1320_Skywatcher quattro 200p__-10.00C_LPRO_0127_2026-07-16_03-29-35_FWHM_5.97_Fok_115741.xisf
2026-07-16T03:39:49.5348|INFO|ImageSaveController.cs|DoWork|97|Successfully saved file at D:\Images NINA\Target\LIGHT_1x1_600.00s_910_99_LDN 1320_Skywatcher quattro 200p__-10.00C_LPRO_0127_2026-07-16_03-29-35_FWHM_5.97_Fok_115741.xisf. Duration Total: 00:00:12.9938128; BeforeSave: 00:00:00.0000726; BeforeFinalizeImageSaved: 00:00:12.8302980; FinalizeSaveTime: 00:00:00.1634416
2026-07-16T03:40:16.9643|INFO|SequenceItem.cs|Run|254|Finishing Category: Guida, Item: Dither
2026-07-16T03:40:16.9645|INFO|SequenceItem.cs|Run|254|Finishing Category: * Set di Istruzioni *, Container: NINA.Sequencer.Container.SequentialContainer, Strategy: SequentialStrategy, Items[FINISHED]: 1
2026-07-16T03:40:16.9646|INFO|MeridianFlipTrigger.cs|ShouldTrigger|296|Meridian Flip - (Side of Pier usage is disabled) There is still time remaining. Max remaining time 06:19:08.5413409, next instruction time 600, next instruction Category: Fotocamera, Item: TakeExposure, ExposureTime 600, Gain 910, Offset 99, ImageType LIGHT, Binning 1x1
2026-07-16T03:40:16.9647|INFO|SequenceTrigger.cs|Run|114|Starting Trigger: RestoreGuiding
2026-07-16T03:40:16.9647|INFO|SequenceItem.cs|Run|208|Starting Category: * Set di Istruzioni *, Container: NINA.Sequencer.Container.SequentialContainer, Strategy: SequentialStrategy, Items[CREATED]: 1
2026-07-16T03:40:16.9648|INFO|SequenceItem.cs|Run|208|Starting Category: Guida, Item: StartGuiding
2026-07-16T03:40:16.9897|INFO|PHD2Guider.cs|StartGuidingPrivate|504|Phd2 - App is already guiding. Skipping start guiding
2026-07-16T03:40:16.9928|INFO|SequenceItem.cs|Run|254|Finishing Category: Guida, Item: StartGuiding
2026-07-16T03:40:17.0366|INFO|SequenceItem.cs|Run|254|Finishing Category: * Set di Istruzioni *, Container: NINA.Sequencer.Container.SequentialContainer, Strategy: SequentialStrategy, Items[FINISHED]: 1
2026-07-16T03:40:17.0375|INFO|SequenceItem.cs|Run|208|Starting Category: Fotocamera, Item: TakeExposure, ExposureTime 600, Gain 910, Offset 99, ImageType LIGHT, Binning 1x1
2026-07-16T03:40:17.0389|INFO|CameraVM.cs|Capture|742|Starting Exposure - Exposure Time: 600s; Filter: ; Gain: 910; Offset 99; Binning: 1x1;
2026-07-16T03:50:17.4815|INFO|SequenceItem.cs|Run|254|Finishing Category: Fotocamera, Item: TakeExposure, ExposureTime 600, Gain 910, Offset 99, ImageType LIGHT, Binning 1x1
2026-07-16T03:50:17.4820|INFO|MeridianFlipTrigger.cs|ShouldTrigger|296|Meridian Flip - (Side of Pier usage is disabled) There is still time remaining. Max remaining time 06:09:02.4571508, next instruction time 0, next instruction Category: Ruota porta filtri, Item: SwitchFilter, Filter: LPRO
2026-07-16T03:50:17.4821|INFO|SequenceItem.cs|Run|208|Starting Category: Ruota porta filtri, Item: SwitchFilter, Filter: LPRO
2026-07-16T03:50:17.4829|INFO|SequenceItem.cs|Run|254|Finishing Category: Ruota porta filtri, Item: SwitchFilter, Filter: LPRO
2026-07-16T03:50:17.4830|INFO|SequenceTrigger.cs|Run|114|Starting Trigger: DitherAfterExposures, After Exposures: 1
2026-07-16T03:50:17.4832|INFO|SequenceItem.cs|Run|208|Starting Category: * Set di Istruzioni *, Container: NINA.Sequencer.Container.SequentialContainer, Strategy: SequentialStrategy, Items[CREATED]: 1
2026-07-16T03:50:17.4833|INFO|SequenceItem.cs|Run|208|Starting Category: Guida, Item: Dither
2026-07-16T03:50:18.4881|INFO|ImageSolver.cs|Solve|41|Platesolving with parameters: FocalLength: 760 PixelSize: 4.63 SearchRadius: 30 BlindFailoverEnabled: True Regions: 5000 DownSampleFactor: 2 MaxObjects: 500 Reference Coordinates RA: 04:15:03 Dec: 85° 37' 02" Epoch: J2000
2026-07-16T03:50:19.5737|INFO|BaseImageData.cs|SaveToDisk|346|Saved image to C:\Users\PrimaLuceLab\AppData\Local\NINA\PlateSolver\cgklatrr.ok2.fits
2026-07-16T03:50:21.9843|INFO|ImageSolver.cs|Solve|54|Platesolve successful: Coordinates: RA: 04:15:24; Dec: 85° 38' 22"; Epoch: J2000 - Position Angle: 274.87516584157487
2026-07-16T03:50:21.9845|INFO|CenterAfterDriftTrigger.cs|PlatesolvingImageFollower_PropertyChanged|189|Drift: 0.44857437900287633 / 3 arc minutes
2026-07-16T03:50:32.6631|INFO|HocusFocusStarDetection.cs|Detect|413|Average HFR: 2.258090858224076, HFR MAD: 0.1810807041402427, Detected Stars 666, Region: 0
2026-07-16T03:50:33.1806|INFO|BaseImageData.cs|SaveToDisk|346|Saved image to D:\Images NINA\Target\LIGHT_1x1_600.00s_910_99_LDN 1320_Skywatcher quattro 200p__-9.90C_LPRO_0128_2026-07-16_03-40-17_FWHM_5.91_Fok_115741.xisf
2026-07-16T03:50:33.1807|INFO|ImageSaveController.cs|DoWork|97|Successfully saved file at D:\Images NINA\Target\LIGHT_1x1_600.00s_910_99_LDN 1320_Skywatcher quattro 200p__-9.90C_LPRO_0128_2026-07-16_03-40-17_FWHM_5.91_Fok_115741.xisf. Duration Total: 00:00:14.6926908; BeforeSave: 00:00:00.0000714; BeforeFinalizeImageSaved: 00:00:14.5751433; FinalizeSaveTime: 00:00:00.1174756
2026-07-16T03:50:35.2458|INFO|SequenceItem.cs|Run|254|Finishing Category: Guida, Item: Dither
2026-07-16T03:50:35.2461|INFO|SequenceItem.cs|Run|254|Finishing Category: * Set di Istruzioni *, Container: NINA.Sequencer.Container.SequentialContainer, Strategy: SequentialStrategy, Items[FINISHED]: 1
2026-07-16T03:50:35.2462|INFO|MeridianFlipTrigger.cs|ShouldTrigger|296|Meridian Flip - (Side of Pier usage is disabled) There is still time remaining. Max remaining time 06:08:45.3620800, next instruction time 600, next instruction Category: Fotocamera, Item: TakeExposure, ExposureTime 600, Gain 910, Offset 99, ImageType LIGHT, Binning 1x1
2026-07-16T03:50:35.2462|INFO|SequenceTrigger.cs|Run|114|Starting Trigger: RestoreGuiding
2026-07-16T03:50:35.2462|INFO|SequenceItem.cs|Run|208|Starting Category: * Set di Istruzioni *, Container: NINA.Sequencer.Container.SequentialContainer, Strategy: SequentialStrategy, Items[CREATED]: 1
2026-07-16T03:50:35.2463|INFO|SequenceItem.cs|Run|208|Starting Category: Guida, Item: StartGuiding
2026-07-16T03:50:35.2978|INFO|PHD2Guider.cs|StartGuidingPrivate|504|Phd2 - App is already guiding. Skipping start guiding
2026-07-16T03:50:35.2981|INFO|SequenceItem.cs|Run|254|Finishing Category: Guida, Item: StartGuiding
2026-07-16T03:50:35.3001|INFO|SequenceItem.cs|Run|254|Finishing Category: * Set di Istruzioni *, Container: NINA.Sequencer.Container.SequentialContainer, Strategy: SequentialStrategy, Items[FINISHED]: 1
2026-07-16T03:50:35.3008|INFO|SequenceItem.cs|Run|208|Starting Category: Fotocamera, Item: TakeExposure, ExposureTime 600, Gain 910, Offset 99, ImageType LIGHT, Binning 1x1
2026-07-16T03:50:35.3013|INFO|CameraVM.cs|Capture|742|Starting Exposure - Exposure Time: 600s; Filter: ; Gain: 910; Offset 99; Binning: 1x1;
2026-07-16T04:00:35.5653|INFO|SequenceItem.cs|Run|254|Finishing Category: Fotocamera, Item: TakeExposure, ExposureTime 600, Gain 910, Offset 99, ImageType LIGHT, Binning 1x1
2026-07-16T04:00:35.5658|INFO|MeridianFlipTrigger.cs|ShouldTrigger|296|Meridian Flip - (Side of Pier usage is disabled) There is still time remaining. Max remaining time 05:58:35.2251248, next instruction time 0, next instruction Category: Ruota porta filtri, Item: SwitchFilter, Filter: LPRO
2026-07-16T04:00:35.5658|INFO|SequenceItem.cs|Run|208|Starting Category: Ruota porta filtri, Item: SwitchFilter, Filter: LPRO
2026-07-16T04:00:35.5664|INFO|SequenceItem.cs|Run|254|Finishing Category: Ruota porta filtri, Item: SwitchFilter, Filter: LPRO
2026-07-16T04:00:35.5666|INFO|SequenceTrigger.cs|Run|114|Starting Trigger: DitherAfterExposures, After Exposures: 1
2026-07-16T04:00:35.5666|INFO|SequenceItem.cs|Run|208|Starting Category: * Set di Istruzioni *, Container: NINA.Sequencer.Container.SequentialContainer, Strategy: SequentialStrategy, Items[CREATED]: 1
2026-07-16T04:00:35.5667|INFO|SequenceItem.cs|Run|208|Starting Category: Guida, Item: Dither
2026-07-16T04:00:49.2412|INFO|HocusFocusStarDetection.cs|Detect|413|Average HFR: 2.2470985903110168, HFR MAD: 0.1921998211113798, Detected Stars 666, Region: 0
2026-07-16T04:00:49.8828|INFO|BaseImageData.cs|SaveToDisk|346|Saved image to D:\Images NINA\Target\LIGHT_1x1_600.00s_910_99_LDN 1320_Skywatcher quattro 200p__-9.90C_LPRO_0129_2026-07-16_03-50-35_FWHM_5.86_Fok_115741.xisf
2026-07-16T04:00:49.8829|INFO|ImageSaveController.cs|DoWork|97|Successfully saved file at D:\Images NINA\Target\LIGHT_1x1_600.00s_910_99_LDN 1320_Skywatcher quattro 200p__-9.90C_LPRO_0129_2026-07-16_03-50-35_FWHM_5.86_Fok_115741.xisf. Duration Total: 00:00:13.3149659; BeforeSave: 00:00:00.0000988; BeforeFinalizeImageSaved: 00:00:13.1228245; FinalizeSaveTime: 00:00:00.1920419
2026-07-16T04:00:57.4189|INFO|SequenceItem.cs|Run|254|Finishing Category: Guida, Item: Dither
2026-07-16T04:00:57.4196|INFO|SequenceItem.cs|Run|254|Finishing Category: * Set di Istruzioni *, Container: NINA.Sequencer.Container.SequentialContainer, Strategy: SequentialStrategy, Items[FINISHED]: 1
2026-07-16T04:00:57.4212|INFO|MeridianFlipTrigger.cs|ShouldTrigger|296|Meridian Flip - (Side of Pier usage is disabled) There is still time remaining. Max remaining time 05:58:05.6163304, next instruction time 600, next instruction Category: Fotocamera, Item: TakeExposure, ExposureTime 600, Gain 910, Offset 99, ImageType LIGHT, Binning 1x1
2026-07-16T04:00:57.4214|INFO|SequenceTrigger.cs|Run|114|Starting Trigger: RestoreGuiding
2026-07-16T04:00:57.4215|INFO|SequenceItem.cs|Run|208|Starting Category: * Set di Istruzioni *, Container: NINA.Sequencer.Container.SequentialContainer, Strategy: SequentialStrategy, Items[CREATED]: 1
2026-07-16T04:00:57.4215|INFO|SequenceItem.cs|Run|208|Starting Category: Guida, Item: StartGuiding
2026-07-16T04:00:57.4804|INFO|PHD2Guider.cs|StartGuidingPrivate|504|Phd2 - App is already guiding. Skipping start guiding
2026-07-16T04:00:57.4805|INFO|SequenceItem.cs|Run|254|Finishing Category: Guida, Item: StartGuiding
2026-07-16T04:00:57.4806|INFO|SequenceItem.cs|Run|254|Finishing Category: * Set di Istruzioni *, Container: NINA.Sequencer.Container.SequentialContainer, Strategy: SequentialStrategy, Items[FINISHED]: 1
2026-07-16T04:00:57.4808|INFO|SequenceItem.cs|Run|208|Starting Category: Fotocamera, Item: TakeExposure, ExposureTime 600, Gain 910, Offset 99, ImageType LIGHT, Binning 1x1
2026-07-16T04:00:57.4815|INFO|CameraVM.cs|Capture|742|Starting Exposure - Exposure Time: 600s; Filter: ; Gain: 910; Offset 99; Binning: 1x1;
2026-07-16T04:10:57.7716|INFO|SequenceItem.cs|Run|254|Finishing Category: Fotocamera, Item: TakeExposure, ExposureTime 600, Gain 910, Offset 99, ImageType LIGHT, Binning 1x1
2026-07-16T04:10:57.7719|INFO|MeridianFlipTrigger.cs|ShouldTrigger|296|Meridian Flip - (Side of Pier usage is disabled) There is still time remaining. Max remaining time 05:47:59.4117503, next instruction time 0, next instruction Category: Ruota porta filtri, Item: SwitchFilter, Filter: LPRO
2026-07-16T04:10:57.7720|INFO|SequenceItem.cs|Run|208|Starting Category: Ruota porta filtri, Item: SwitchFilter, Filter: LPRO
2026-07-16T04:10:57.8173|INFO|SequenceItem.cs|Run|254|Finishing Category: Ruota porta filtri, Item: SwitchFilter, Filter: LPRO
2026-07-16T04:10:57.8176|INFO|SequenceTrigger.cs|Run|114|Starting Trigger: DitherAfterExposures, After Exposures: 1
2026-07-16T04:10:57.8177|INFO|SequenceItem.cs|Run|208|Starting Category: * Set di Istruzioni *, Container: NINA.Sequencer.Container.SequentialContainer, Strategy: SequentialStrategy, Items[CREATED]: 1
2026-07-16T04:10:57.8177|INFO|SequenceItem.cs|Run|208|Starting Category: Guida, Item: Dither
2026-07-16T04:11:10.8945|INFO|HocusFocusStarDetection.cs|Detect|413|Average HFR: 2.238270907820726, HFR MAD: 0.18459346484885453, Detected Stars 604, Region: 0
2026-07-16T04:11:11.7422|INFO|BaseImageData.cs|SaveToDisk|346|Saved image to D:\Images NINA\Target\LIGHT_1x1_600.00s_910_99_LDN 1320_Skywatcher quattro 200p__-9.90C_LPRO_0130_2026-07-16_04-00-57_FWHM_5.88_Fok_115741.xisf
2026-07-16T04:11:11.7424|INFO|ImageSaveController.cs|DoWork|97|Successfully saved file at D:\Images NINA\Target\LIGHT_1x1_600.00s_910_99_LDN 1320_Skywatcher quattro 200p__-9.90C_LPRO_0130_2026-07-16_04-00-57_FWHM_5.88_Fok_115741.xisf. Duration Total: 00:00:13.1172452; BeforeSave: 00:00:00.0000744; BeforeFinalizeImageSaved: 00:00:12.9200322; FinalizeSaveTime: 00:00:00.1971380
2026-07-16T04:11:23.1913|INFO|SequenceItem.cs|Run|254|Finishing Category: Guida, Item: Dither
2026-07-16T04:11:23.1915|INFO|SequenceItem.cs|Run|254|Finishing Category: * Set di Istruzioni *, Container: NINA.Sequencer.Container.SequentialContainer, Strategy: SequentialStrategy, Items[FINISHED]: 1
2026-07-16T04:11:23.1916|INFO|MeridianFlipTrigger.cs|ShouldTrigger|296|Meridian Flip - (Side of Pier usage is disabled) There is still time remaining. Max remaining time 05:47:40.4758543, next instruction time 600, next instruction Category: Fotocamera, Item: TakeExposure, ExposureTime 600, Gain 910, Offset 99, ImageType LIGHT, Binning 1x1
2026-07-16T04:11:23.1916|INFO|SequenceTrigger.cs|Run|114|Starting Trigger: RestoreGuiding
2026-07-16T04:11:23.1917|INFO|SequenceItem.cs|Run|208|Starting Category: * Set di Istruzioni *, Container: NINA.Sequencer.Container.SequentialContainer, Strategy: SequentialStrategy, Items[CREATED]: 1
2026-07-16T04:11:23.1917|INFO|SequenceItem.cs|Run|208|Starting Category: Guida, Item: StartGuiding
2026-07-16T04:11:23.2205|INFO|PHD2Guider.cs|StartGuidingPrivate|504|Phd2 - App is already guiding. Skipping start guiding
2026-07-16T04:11:23.2230|INFO|SequenceItem.cs|Run|254|Finishing Category: Guida, Item: StartGuiding
2026-07-16T04:11:23.2247|INFO|SequenceItem.cs|Run|254|Finishing Category: * Set di Istruzioni *, Container: NINA.Sequencer.Container.SequentialContainer, Strategy: SequentialStrategy, Items[FINISHED]: 1
2026-07-16T04:11:23.2249|INFO|SequenceItem.cs|Run|208|Starting Category: Fotocamera, Item: TakeExposure, ExposureTime 600, Gain 910, Offset 99, ImageType LIGHT, Binning 1x1
2026-07-16T04:11:23.2485|INFO|CameraVM.cs|Capture|742|Starting Exposure - Exposure Time: 600s; Filter: ; Gain: 910; Offset 99; Binning: 1x1;
2026-07-16T04:21:23.5761|INFO|SequenceItem.cs|Run|254|Finishing Category: Fotocamera, Item: TakeExposure, ExposureTime 600, Gain 910, Offset 99, ImageType LIGHT, Binning 1x1
2026-07-16T04:21:23.5767|INFO|MeridianFlipTrigger.cs|ShouldTrigger|296|Meridian Flip - (Side of Pier usage is disabled) There is still time remaining. Max remaining time 05:37:33.9868712, next instruction time 0, next instruction Category: Ruota porta filtri, Item: SwitchFilter, Filter: LPRO
2026-07-16T04:21:23.5767|INFO|SequenceItem.cs|Run|208|Starting Category: Ruota porta filtri, Item: SwitchFilter, Filter: LPRO
2026-07-16T04:21:23.6163|INFO|SequenceItem.cs|Run|254|Finishing Category: Ruota porta filtri, Item: SwitchFilter, Filter: LPRO
2026-07-16T04:21:23.6175|INFO|SequenceTrigger.cs|Run|114|Starting Trigger: DitherAfterExposures, After Exposures: 1
2026-07-16T04:21:23.6195|INFO|SequenceItem.cs|Run|208|Starting Category: * Set di Istruzioni *, Container: NINA.Sequencer.Container.SequentialContainer, Strategy: SequentialStrategy, Items[CREATED]: 1
2026-07-16T04:21:23.6197|INFO|SequenceItem.cs|Run|208|Starting Category: Guida, Item: Dither
2026-07-16T04:21:24.5012|INFO|ImageSolver.cs|Solve|41|Platesolving with parameters: FocalLength: 760 PixelSize: 4.63 SearchRadius: 30 BlindFailoverEnabled: True Regions: 5000 DownSampleFactor: 2 MaxObjects: 500 Reference Coordinates RA: 04:14:50 Dec: 85° 35' 17" Epoch: J2000
2026-07-16T04:21:25.6714|INFO|BaseImageData.cs|SaveToDisk|346|Saved image to C:\Users\PrimaLuceLab\AppData\Local\NINA\PlateSolver\l1ue1u1f.wxe.fits
2026-07-16T04:21:28.3730|INFO|ImageSolver.cs|Solve|54|Platesolve successful: Coordinates: RA: 04:15:31; Dec: 85° 37' 40"; Epoch: J2000 - Position Angle: 274.9918171169872
2026-07-16T04:21:28.3731|INFO|CenterAfterDriftTrigger.cs|PlatesolvingImageFollower_PropertyChanged|189|Drift: 0.4697895133031309 / 3 arc minutes
2026-07-16T04:21:37.9144|INFO|HocusFocusStarDetection.cs|Detect|413|Average HFR: 2.294731787644468, HFR MAD: 0.1937931937764379, Detected Stars 411, Region: 0
2026-07-16T04:21:39.0558|INFO|BaseImageData.cs|SaveToDisk|346|Saved image to D:\Images NINA\Target\LIGHT_1x1_600.00s_910_99_LDN 1320_Skywatcher quattro 200p__-9.90C_LPRO_0131_2026-07-16_04-11-23_FWHM_6.08_Fok_115741.xisf
2026-07-16T04:21:39.0559|INFO|ImageSaveController.cs|DoWork|97|Successfully saved file at D:\Images NINA\Target\LIGHT_1x1_600.00s_910_99_LDN 1320_Skywatcher quattro 200p__-9.90C_LPRO_0131_2026-07-16_04-11-23_FWHM_6.08_Fok_115741.xisf. Duration Total: 00:00:14.5547827; BeforeSave: 00:00:00.0000816; BeforeFinalizeImageSaved: 00:00:14.1789303; FinalizeSaveTime: 00:00:00.3757701
2026-07-16T04:21:42.4279|INFO|SequenceItem.cs|Run|254|Finishing Category: Guida, Item: Dither
2026-07-16T04:21:42.4319|INFO|SequenceItem.cs|Run|254|Finishing Category: * Set di Istruzioni *, Container: NINA.Sequencer.Container.SequentialContainer, Strategy: SequentialStrategy, Items[FINISHED]: 1
2026-07-16T04:21:42.4322|INFO|MeridianFlipTrigger.cs|ShouldTrigger|296|Meridian Flip - (Side of Pier usage is disabled) There is still time remaining. Max remaining time 05:37:15.5039012, next instruction time 600, next instruction Category: Fotocamera, Item: TakeExposure, ExposureTime 600, Gain 910, Offset 99, ImageType LIGHT, Binning 1x1
2026-07-16T04:21:42.4322|INFO|SequenceTrigger.cs|Run|114|Starting Trigger: RestoreGuiding
2026-07-16T04:21:42.4324|INFO|SequenceItem.cs|Run|208|Starting Category: * Set di Istruzioni *, Container: NINA.Sequencer.Container.SequentialContainer, Strategy: SequentialStrategy, Items[CREATED]: 1
2026-07-16T04:21:42.4324|INFO|SequenceItem.cs|Run|208|Starting Category: Guida, Item: StartGuiding
2026-07-16T04:21:42.4647|INFO|PHD2Guider.cs|StartGuidingPrivate|504|Phd2 - App is already guiding. Skipping start guiding
2026-07-16T04:21:42.4677|INFO|SequenceItem.cs|Run|254|Finishing Category: Guida, Item: StartGuiding
2026-07-16T04:21:42.4696|INFO|SequenceItem.cs|Run|254|Finishing Category: * Set di Istruzioni *, Container: NINA.Sequencer.Container.SequentialContainer, Strategy: SequentialStrategy, Items[FINISHED]: 1
2026-07-16T04:21:42.4699|INFO|SequenceItem.cs|Run|208|Starting Category: Fotocamera, Item: TakeExposure, ExposureTime 600, Gain 910, Offset 99, ImageType LIGHT, Binning 1x1
2026-07-16T04:21:42.4937|INFO|CameraVM.cs|Capture|742|Starting Exposure - Exposure Time: 600s; Filter: ; Gain: 910; Offset 99; Binning: 1x1;
2026-07-16T04:31:42.8687|INFO|SequenceItem.cs|Run|254|Finishing Category: Fotocamera, Item: TakeExposure, ExposureTime 600, Gain 910, Offset 99, ImageType LIGHT, Binning 1x1
2026-07-16T04:31:42.8690|INFO|MeridianFlipTrigger.cs|ShouldTrigger|296|Meridian Flip - (Side of Pier usage is disabled) There is still time remaining. Max remaining time 05:27:07.2875884, next instruction time 0, next instruction Category: Ruota porta filtri, Item: SwitchFilter, Filter: LPRO
2026-07-16T04:31:42.8691|INFO|SequenceItem.cs|Run|208|Starting Category: Ruota porta filtri, Item: SwitchFilter, Filter: LPRO
2026-07-16T04:31:42.9058|INFO|SequenceItem.cs|Run|254|Finishing Category: Ruota porta filtri, Item: SwitchFilter, Filter: LPRO
2026-07-16T04:31:42.9064|INFO|TimeCondition.cs|Check|248|No more time remaining. Remaining: 00:02:21.0938788, Next Item Scatta esposizione, Next Item Estimated Duration 00:10:00, Next Item Attempts: 1
2026-07-16T04:31:42.9064|INFO|TimeCondition.cs|Check|254|TimeCondition finished.
2026-07-16T04:31:42.9065|INFO|TimeCondition.cs|Check|248|No more time remaining. Remaining: 00:02:21.0934544, Next Item Scatta esposizione, Next Item Estimated Duration 00:10:00, Next Item Attempts: 1
2026-07-16T04:31:42.9065|INFO|TimeCondition.cs|Check|254|TimeCondition finished.
2026-07-16T04:31:42.9066|INFO|TimeCondition.cs|Check|248|No more time remaining. Remaining: 00:02:21.0933624, Next Item Scatta esposizione, Next Item Estimated Duration 00:10:00, Next Item Attempts: 1
2026-07-16T04:31:42.9066|INFO|TimeCondition.cs|Check|254|TimeCondition finished.
2026-07-16T04:31:42.9104|INFO|SequenceItem.cs|Run|254|Finishing Category: Fotocamera, Container: NINA.Sequencer.SequenceItem.Imaging.SmartExposure, Strategy: SequentialStrategy, Items[FINISHED]: 1, Items[SKIPPED]: 1, Conditions: Condition: LoopCondition, Iterations: 7/45, , Triggers: Trigger: DitherAfterExposures, After Exposures: 1
2026-07-16T04:31:42.9110|INFO|SequenceItem.cs|Run|254|Finishing Category: * Set di Istruzioni *, Container: NINA.Sequencer.Container.DeepSkyObjectContainer, Strategy: SequentialStrategy, Items[FINISHED]: 4, Triggers: Trigger: CenterAfterDriftTrigger, DistanceArcMinutes: 3, Target: LDN 1320 RA: 04:15:12; Dec: 85° 37' 59"; Epoch: J2000 276.95
2026-07-16T04:31:42.9111|INFO|TimeCondition.cs|Check|254|TimeCondition finished.
2026-07-16T04:31:42.9112|INFO|SequenceItem.cs|Run|254|Finishing Category: * Set di Istruzioni *, Container: NINA.Sequencer.Container.SequentialContainer, Strategy: SequentialStrategy, Items[FINISHED]: 3, Conditions: Condition: TimeCondition, Time: 4:34:4h, 
2026-07-16T04:31:42.9113|INFO|SequenceItem.cs|Run|254|Finishing Category: * Set di Istruzioni *, Container: NINA.Sequencer.Container.SequentialContainer, Strategy: SequentialStrategy, Items[FINISHED]: 2
2026-07-16T04:31:42.9114|INFO|MeridianFlipTrigger.cs|ShouldTrigger|296|Meridian Flip - (Side of Pier usage is disabled) There is still time remaining. Max remaining time 05:27:07.2875884, next instruction time 0, next instruction Category: Utilità, Item: Annotation, Text: Note: This BLANK Script Instruction is here such that it will FAIL ON PURPOSE after the final Target is completed. This forces UNSAFE to be skipped so we can proceed to the END.
2026-07-16T04:31:42.9114|INFO|SequenceItem.cs|Run|208|Starting Category: Utilità, Item: Annotation, Text: Note: This BLANK Script Instruction is here such that it will FAIL ON PURPOSE after the final Target is completed. This forces UNSAFE to be skipped so we can proceed to the END.
2026-07-16T04:31:42.9115|INFO|SequenceItem.cs|Run|254|Finishing Category: Utilità, Item: Annotation, Text: Note: This BLANK Script Instruction is here such that it will FAIL ON PURPOSE after the final Target is completed. This forces UNSAFE to be skipped so we can proceed to the END.
2026-07-16T04:31:42.9115|INFO|MeridianFlipTrigger.cs|ShouldTrigger|296|Meridian Flip - (Side of Pier usage is disabled) There is still time remaining. Max remaining time 05:27:07.2875884, next instruction time 0, next instruction Category: Utilità, Item: Annotation, Text: DO NOT PLACE ANY TEXT IN THE EXTERNAL SCRIPT FIELD BELOW.
2026-07-16T04:31:42.9116|INFO|SequenceItem.cs|Run|208|Starting Category: Utilità, Item: Annotation, Text: DO NOT PLACE ANY TEXT IN THE EXTERNAL SCRIPT FIELD BELOW.
2026-07-16T04:31:42.9116|INFO|SequenceItem.cs|Run|254|Finishing Category: Utilità, Item: Annotation, Text: DO NOT PLACE ANY TEXT IN THE EXTERNAL SCRIPT FIELD BELOW.
2026-07-16T04:31:42.9120|INFO|MeridianFlipTrigger.cs|ShouldTrigger|296|Meridian Flip - (Side of Pier usage is disabled) There is still time remaining. Max remaining time 05:27:07.2875884, next instruction time 0, next instruction Category: Utilità, Item: ExternalScript, Script: 
2026-07-16T04:31:42.9122|INFO|SequenceItem.cs|Run|208|Starting Category: Utilità, Item: ExternalScript, Script: 
2026-07-16T04:31:42.9194|ERROR|ExternalCommandExecutor.cs|RunSequenceCompleteCommandTask|35|Command not found: 
2026-07-16T04:31:42.9210|ERROR|SequenceItem.cs|Run|263|Category: Utilità, Item: ExternalScript, Script:  - 
NINA.Core.Model.SequenceEntityFailedException: Comando esterno non è stato eseguito con successo
   at NINA.Sequencer.SequenceItem.Utility.ExternalScript.Execute(IProgress`1 progress, CancellationToken token) in /_/NINA.Sequencer/SequenceItem/Utility/ExternalScript.cs:line 92
   at NINA.Sequencer.SequenceItem.SequenceItem.Run(IProgress`1 progress, CancellationToken token) in /_/NINA.Sequencer/SequenceItem/SequenceItem.cs:line 249
2026-07-16T04:31:43.1024|ERROR|SequenceItem.cs|RunErrorBehavior|190|Instruction Script Esterno failed after 1 attempt. Error behavior is set to SkipToSequenceEndInstructions. Skipping to end of sequence instructions.
2026-07-16T04:31:43.1155|INFO|SequenceItem.cs|Run|254|Finishing Category: * Set di Istruzioni *, Container: NINA.Sequencer.Container.TargetAreaContainer, Strategy: SequentialStrategy, Items[FINISHED]: 1, Items[CREATED]: 1
2026-07-16T04:31:43.1156|INFO|MeridianFlipTrigger.cs|ShouldTrigger|296|Meridian Flip - (Side of Pier usage is disabled) There is still time remaining. Max remaining time 05:27:07.2875884, next instruction time 0, next instruction Category: * Set di Istruzioni *, Container: NINA.Sequencer.Container.EndAreaContainer, Strategy: SequentialStrategy, Items[CREATED]: 1
2026-07-16T04:31:43.1159|INFO|SequenceItem.cs|Run|208|Starting Category: * Set di Istruzioni *, Container: NINA.Sequencer.Container.EndAreaContainer, Strategy: SequentialStrategy, Items[CREATED]: 1
2026-07-16T04:31:43.1161|INFO|MeridianFlipTrigger.cs|ShouldTrigger|296|Meridian Flip - (Side of Pier usage is disabled) There is still time remaining. Max remaining time 05:27:07.2875884, next instruction time 0, next instruction Category: * Set di Istruzioni *, Container: NINA.Sequencer.Container.SequentialContainer, Strategy: SequentialStrategy, Items[CREATED]: 17
2026-07-16T04:31:43.1162|INFO|SequenceItem.cs|Run|208|Starting Category: * Set di Istruzioni *, Container: NINA.Sequencer.Container.SequentialContainer, Strategy: SequentialStrategy, Items[CREATED]: 17
2026-07-16T04:31:43.1164|INFO|MeridianFlipTrigger.cs|ShouldTrigger|296|Meridian Flip - (Side of Pier usage is disabled) There is still time remaining. Max remaining time 05:27:07.2875884, next instruction time 0, next instruction Category: Utilità, Item: Annotation, Text: VERSION: 1
2026-07-16T04:31:43.1164|INFO|SequenceItem.cs|Run|208|Starting Category: Utilità, Item: Annotation, Text: VERSION: 1
2026-07-16T04:31:43.1165|INFO|SequenceItem.cs|Run|254|Finishing Category: Utilità, Item: Annotation, Text: VERSION: 1
2026-07-16T04:31:43.1166|INFO|MeridianFlipTrigger.cs|ShouldTrigger|296|Meridian Flip - (Side of Pier usage is disabled) There is still time remaining. Max remaining time 05:27:07.2875884, next instruction time 0, next instruction Category: * Set di Istruzioni *, Container: NINA.Sequencer.Container.SequentialContainer, Strategy: SequentialStrategy, Items[CREATED]: 3
2026-07-16T04:31:43.1166|INFO|SequenceItem.cs|Run|208|Starting Category: * Set di Istruzioni *, Container: NINA.Sequencer.Container.SequentialContainer, Strategy: SequentialStrategy, Items[CREATED]: 3
2026-07-16T04:31:43.1166|INFO|MeridianFlipTrigger.cs|ShouldTrigger|296|Meridian Flip - (Side of Pier usage is disabled) There is still time remaining. Max remaining time 05:27:07.2875884, next instruction time 0, next instruction Category: Utilità, Item: Annotation, Text: This End Sequence ensures an ASCOM Safety Monitor will function in a sequence as expected.
2026-07-16T04:31:43.1167|INFO|SequenceItem.cs|Run|208|Starting Category: Utilità, Item: Annotation, Text: This End Sequence ensures an ASCOM Safety Monitor will function in a sequence as expected.
2026-07-16T04:31:43.1167|INFO|SequenceItem.cs|Run|254|Finishing Category: Utilità, Item: Annotation, Text: This End Sequence ensures an ASCOM Safety Monitor will function in a sequence as expected.
2026-07-16T04:31:43.1168|INFO|MeridianFlipTrigger.cs|ShouldTrigger|296|Meridian Flip - (Side of Pier usage is disabled) There is still time remaining. Max remaining time 05:27:07.2875884, next instruction time 0, next instruction Category: Utilità, Item: Annotation, Text: The CONNECTOR Plugin is used in this Sequence.
2026-07-16T04:31:43.1168|INFO|SequenceItem.cs|Run|208|Starting Category: Utilità, Item: Annotation, Text: The CONNECTOR Plugin is used in this Sequence.
2026-07-16T04:31:43.1168|INFO|SequenceItem.cs|Run|254|Finishing Category: Utilità, Item: Annotation, Text: The CONNECTOR Plugin is used in this Sequence.
2026-07-16T04:31:43.1169|INFO|MeridianFlipTrigger.cs|ShouldTrigger|296|Meridian Flip - (Side of Pier usage is disabled) There is still time remaining. Max remaining time 05:27:07.2875884, next instruction time 0, next instruction Category: Utilità, Item: Annotation, Text: A Switch is also used within this End Sequence.
2026-07-16T04:31:43.1169|INFO|SequenceItem.cs|Run|208|Starting Category: Utilità, Item: Annotation, Text: A Switch is also used within this End Sequence.
2026-07-16T04:31:43.1169|INFO|SequenceItem.cs|Run|254|Finishing Category: Utilità, Item: Annotation, Text: A Switch is also used within this End Sequence.
2026-07-16T04:31:43.1170|INFO|SequenceItem.cs|Run|254|Finishing Category: * Set di Istruzioni *, Container: NINA.Sequencer.Container.SequentialContainer, Strategy: SequentialStrategy, Items[FINISHED]: 3
2026-07-16T04:31:43.1173|INFO|MeridianFlipTrigger.cs|ShouldTrigger|296|Meridian Flip - (Side of Pier usage is disabled) There is still time remaining. Max remaining time 05:27:07.2875884, next instruction time 0, next instruction Category: Guida, Item: StopGuiding
2026-07-16T04:31:43.1175|INFO|SequenceItem.cs|Run|208|Starting Category: Guida, Item: StopGuiding
2026-07-16T04:31:45.1065|INFO|SequenceItem.cs|Run|254|Finishing Category: Guida, Item: StopGuiding
2026-07-16T04:31:45.1068|INFO|MeridianFlipTrigger.cs|ShouldTrigger|296|Meridian Flip - (Side of Pier usage is disabled) There is still time remaining. Max remaining time 05:27:04.5157350, next instruction time 0, next instruction Category: Telescopio, Item: SetTracking, TrackingMode: Stopped
2026-07-16T04:31:45.1069|INFO|SequenceItem.cs|Run|208|Starting Category: Telescopio, Item: SetTracking, TrackingMode: Stopped
2026-07-16T04:31:45.1903|INFO|SequenceItem.cs|Run|254|Finishing Category: Telescopio, Item: SetTracking, TrackingMode: Stopped
2026-07-16T04:31:45.1908|INFO|MeridianFlipTrigger.cs|ShouldTrigger|296|Meridian Flip - (Side of Pier usage is disabled) There is still time remaining. Max remaining time 05:27:04.5157350, next instruction time 0, next instruction Category: Telescopio, Item: FindHome
2026-07-16T04:31:45.1911|INFO|SequenceItem.cs|Run|208|Starting Category: Telescopio, Item: FindHome
2026-07-16T04:31:45.2196|INFO|PHD2Guider.cs|StopGuiding|704|Phd2 - Stop Guiding skipped, as the app is already in state Stopped
2026-07-16T04:31:45.2449|INFO|TelescopeVM.cs|FindHome|292|Mount ordered to locate home position
2026-07-16T04:31:55.0919|INFO|HocusFocusStarDetection.cs|Detect|413|Average HFR: 2.120719946393402, HFR MAD: 0.20206167373747275, Detected Stars 219, Region: 0
2026-07-16T04:31:55.7598|INFO|BaseImageData.cs|SaveToDisk|346|Saved image to D:\Images NINA\Target\LIGHT_1x1_600.00s_910_99_LDN 1320_Skywatcher quattro 200p__-10.00C_LPRO_0132_2026-07-16_04-21-42_FWHM_6.02_Fok_115741.xisf
2026-07-16T04:31:55.7599|INFO|ImageSaveController.cs|DoWork|97|Successfully saved file at D:\Images NINA\Target\LIGHT_1x1_600.00s_910_99_LDN 1320_Skywatcher quattro 200p__-10.00C_LPRO_0132_2026-07-16_04-21-42_FWHM_6.02_Fok_115741.xisf. Duration Total: 00:00:11.9360195; BeforeSave: 00:00:00.0000794; BeforeFinalizeImageSaved: 00:00:11.8098171; FinalizeSaveTime: 00:00:00.1261225
2026-07-16T04:31:59.1571|INFO|TelescopeVM.cs|FindHome|348|Mount has located its home position
2026-07-16T04:31:59.1589|INFO|SequenceItem.cs|Run|254|Finishing Category: Telescopio, Item: FindHome
2026-07-16T04:31:59.1590|INFO|MeridianFlipTrigger.cs|ShouldTrigger|197|Meridian Flip - Telescope is at home position. Skip flip evaluation
2026-07-16T04:31:59.1599|INFO|SequenceItem.cs|Run|208|Starting Category: Apparato per i Flat, Item: CloseCover
2026-07-16T04:31:59.1715|INFO|FlatDeviceVM.cs|CloseCover|341|Closing Flat Device Cover
2026-07-16T04:32:23.6633|INFO|SequenceItem.cs|Run|254|Finishing Category: Apparato per i Flat, Item: CloseCover
2026-07-16T04:32:23.6635|INFO|MeridianFlipTrigger.cs|ShouldTrigger|197|Meridian Flip - Telescope is at home position. Skip flip evaluation
2026-07-16T04:32:23.6639|INFO|SequenceItem.cs|Run|208|Starting Category: Osservatorio, Item: CloseDomeShutter
2026-07-16T04:32:23.6704|INFO|DomeVM.cs|CloseShutter|544|Closing dome shutter. Shutter state before closing ShutterOpen
2026-07-16T04:32:23.6751|INFO|AscomDome.cs|CloseShutter|245|Sending a CloseShutter request, since it is currently ShutterOpen
2026-07-16T04:33:12.2956|INFO|DomeVM.cs|CloseShutter|550|Closed dome shutter. Shutter state after closing ShutterClosed
2026-07-16T04:33:12.2982|INFO|SequenceItem.cs|Run|254|Finishing Category: Osservatorio, Item: CloseDomeShutter
2026-07-16T04:33:12.2986|INFO|MeridianFlipTrigger.cs|ShouldTrigger|197|Meridian Flip - Telescope is at home position. Skip flip evaluation
2026-07-16T04:33:12.2992|INFO|SequenceItem.cs|Run|208|Starting Category: Fotocamera, Item: WarmCamera, Duration: 5
2026-07-16T04:33:12.3035|INFO|CameraVM.cs|WarmCamera|161|Warming Camera. Duration: 00:05:00
2026-07-16T04:38:34.0235|INFO|CameraVM.cs|WarmCamera|186|Turning cooler off
2026-07-16T04:38:34.0743|INFO|SequenceItem.cs|Run|254|Finishing Category: Fotocamera, Item: WarmCamera, Duration: 5
2026-07-16T04:38:34.0745|INFO|MeridianFlipTrigger.cs|ShouldTrigger|197|Meridian Flip - Telescope is at home position. Skip flip evaluation
2026-07-16T04:38:34.0752|INFO|SequenceItem.cs|Run|208|Starting Category: Connetti, Item: DisconnectEquipment, Selected device: Camera
2026-07-16T04:38:34.2636|INFO|CameraVM.cs|Disconnect|650|Disconnected Camera
2026-07-16T04:38:34.2638|INFO|SequenceItem.cs|Run|254|Finishing Category: Connetti, Item: DisconnectEquipment, Selected device: Camera
2026-07-16T04:38:34.2640|INFO|MeridianFlipTrigger.cs|ShouldTrigger|197|Meridian Flip - Telescope is at home position. Skip flip evaluation
2026-07-16T04:38:34.2640|INFO|SequenceItem.cs|Run|208|Starting Category: Connetti, Item: DisconnectEquipment, Selected device: Filter Wheel
2026-07-16T04:38:34.2645|INFO|AscomDevice.cs|Disconnect|378|Disconnecting from ASCOM.ToupTek.FilterWheel ASCOM.ToupTek.FilterWheel
2026-07-16T04:38:34.3092|INFO|FilterWheelVM.cs|Disconnect|333|Disconnected Filter Wheel
2026-07-16T04:38:34.3094|INFO|SequenceItem.cs|Run|254|Finishing Category: Connetti, Item: DisconnectEquipment, Selected device: Filter Wheel
2026-07-16T04:38:34.3096|INFO|MeridianFlipTrigger.cs|ShouldTrigger|197|Meridian Flip - Telescope is at home position. Skip flip evaluation
2026-07-16T04:38:34.3096|INFO|SequenceItem.cs|Run|208|Starting Category: Connetti, Item: DisconnectEquipment, Selected device: Focuser
2026-07-16T04:38:34.3129|INFO|AscomDevice.cs|Disconnect|378|Disconnecting from ASCOM.ArcoEsatto.Focuser PLL Focuser v3.7
2026-07-16T04:38:34.3244|INFO|FocuserVM.cs|Disconnect|441|Disconnected Focuser
2026-07-16T04:38:34.3419|INFO|SequenceItem.cs|Run|254|Finishing Category: Connetti, Item: DisconnectEquipment, Selected device: Focuser
2026-07-16T04:38:34.3421|INFO|MeridianFlipTrigger.cs|ShouldTrigger|197|Meridian Flip - Telescope is at home position. Skip flip evaluation
2026-07-16T04:38:34.3421|INFO|SequenceItem.cs|Run|208|Starting Category: Connetti, Item: DisconnectEquipment, Selected device: Mount
2026-07-16T04:38:34.3450|INFO|AscomDevice.cs|Disconnect|378|Disconnecting from ASCOM.Optec ASCOM.Telescope CPWI_ASCOM_Telescope
2026-07-16T04:38:34.4191|INFO|TelescopeVM.cs|Disconnect|740|Disconnected mount
2026-07-16T04:38:34.4194|INFO|SequenceItem.cs|Run|254|Finishing Category: Connetti, Item: DisconnectEquipment, Selected device: Mount
2026-07-16T04:38:34.4196|ERROR|MeridianFlipTrigger.cs|ShouldTrigger|183|Meridian Flip - Telescope is not connected to evaluate if a flip should happen!
2026-07-16T04:38:34.4196|INFO|SequenceItem.cs|Run|208|Starting Category: Connetti, Item: DisconnectEquipment, Selected device: Guider
2026-07-16T04:38:34.5124|INFO|SequenceItem.cs|Run|254|Finishing Category: Connetti, Item: DisconnectEquipment, Selected device: Guider
2026-07-16T04:38:34.5126|ERROR|MeridianFlipTrigger.cs|ShouldTrigger|183|Meridian Flip - Telescope is not connected to evaluate if a flip should happen!
2026-07-16T04:38:34.5127|INFO|SequenceItem.cs|Run|208|Starting Category: Connetti, Item: DisconnectEquipment, Selected device: Flat Panel
2026-07-16T04:38:34.5155|INFO|AscomDevice.cs|Disconnect|378|Disconnecting from ASCOM.WandererCover2.CoverCalibrator WandererEmpire Cover 2
2026-07-16T04:38:34.5299|INFO|FlatDeviceVM.cs|Disconnect|289|Disconnected Flat Device
2026-07-16T04:38:34.5301|INFO|SequenceItem.cs|Run|254|Finishing Category: Connetti, Item: DisconnectEquipment, Selected device: Flat Panel
2026-07-16T04:38:34.5729|ERROR|MeridianFlipTrigger.cs|ShouldTrigger|183|Meridian Flip - Telescope is not connected to evaluate if a flip should happen!
2026-07-16T04:38:34.5730|INFO|SequenceItem.cs|Run|208|Starting Category: Connetti, Item: DisconnectEquipment, Selected device: Weather
2026-07-16T04:38:34.5809|INFO|AscomDevice.cs|Disconnect|378|Disconnecting from ASCOM.CloudWatcher.ObservingConditions CloudWatcher ObsCond
2026-07-16T04:38:34.5930|INFO|WeatherDataVM.cs|Disconnect|305|Disconnected Weather Device
2026-07-16T04:38:34.5935|INFO|SequenceItem.cs|Run|254|Finishing Category: Connetti, Item: DisconnectEquipment, Selected device: Weather
2026-07-16T04:38:34.5936|ERROR|MeridianFlipTrigger.cs|ShouldTrigger|183|Meridian Flip - Telescope is not connected to evaluate if a flip should happen!
2026-07-16T04:38:34.5948|INFO|SequenceItem.cs|Run|208|Starting Category: Connetti, Item: DisconnectEquipment, Selected device: Dome
2026-07-16T04:38:34.5975|INFO|AscomDevice.cs|Disconnect|378|Disconnecting from ASCOM.TS_Shelter.Dome Shelter Dome
2026-07-16T04:38:34.7611|INFO|DomeVM.cs|Disconnect|355|Disconnected Dome Device
2026-07-16T04:38:34.7613|INFO|SequenceItem.cs|Run|254|Finishing Category: Connetti, Item: DisconnectEquipment, Selected device: Dome
2026-07-16T04:38:34.7615|ERROR|MeridianFlipTrigger.cs|ShouldTrigger|183|Meridian Flip - Telescope is not connected to evaluate if a flip should happen!
2026-07-16T04:38:34.7615|INFO|SequenceItem.cs|Run|208|Starting Category: Connetti, Item: DisconnectEquipment, Selected device: Safety Monitor
2026-07-16T04:38:34.7644|INFO|SafetyMonitorVM.cs|UpdateMonitorValues|95|SafetyMonitorInfo state changed to Unsafe
2026-07-16T04:38:34.7650|INFO|AscomDevice.cs|Disconnect|378|Disconnecting from ASCOM.Hub.SafetyMonitor Short driver name - please customise
2026-07-16T04:38:35.3090|INFO|SafetyMonitorVM.cs|Disconnect|221|Disconnected Safety Monitor
2026-07-16T04:38:35.3092|INFO|SequenceItem.cs|Run|254|Finishing Category: Connetti, Item: DisconnectEquipment, Selected device: Safety Monitor
2026-07-16T04:38:35.3095|INFO|SequenceItem.cs|Run|254|Finishing Category: * Set di Istruzioni *, Container: NINA.Sequencer.Container.SequentialContainer, Strategy: SequentialStrategy, Items[FINISHED]: 17
2026-07-16T04:38:35.3095|INFO|SequenceItem.cs|Run|254|Finishing Category: * Set di Istruzioni *, Container: NINA.Sequencer.Container.EndAreaContainer, Strategy: SequentialStrategy, Items[FINISHED]: 1
2026-07-16T04:38:35.3098|INFO|SequenceItem.cs|Run|254|Finishing Category: * Set di Istruzioni *, Container: NINA.Sequencer.Container.SequenceRootContainer, Strategy: SequentialStrategy, Items[FINISHED]: 3, Triggers: Trigger: MeridianFlipTriggerTrigger: RestoreGuidingTrigger: AutofocusAfterHFRIncreaseTrigger, Amount: 10Trigger: AutofocusAfterFilterChange
2026-07-16T04:38:35.3125|INFO|Sequence2VM.cs|StartSequence|548|Advanced Sequence finished
2026-07-16T08:08:58.6689|INFO|Thumbnail.cs|LoadOriginalImage|40|Reloading image from D:\Images NINA\Target\LIGHT_1x1_600.00s_910_99_LDN 1320_Skywatcher quattro 200p__-9.90C_LPRO_0130_2026-07-16_04-00-57_FWHM_5.88_Fok_115741.xisf
2026-07-16T08:09:56.1966|INFO|Sequence2VM.cs|UnlockSequence|144|Sequencer locked
2026-07-16T08:11:13.7414|INFO|ApplicationVM.cs|Exit|244|Shutting down application - requested by user
2026-07-16T08:11:13.8298|INFO|ApplicationVM.cs|Closing|289|Application shutting down
2026-07-16T08:11:13.8794|INFO|DomeVM.cs|Disconnect|355|Disconnected Dome Device
2026-07-16T08:11:13.8820|INFO|FlatDeviceVM.cs|Disconnect|289|Disconnected Flat Device
2026-07-16T08:11:13.8936|INFO|CameraVM.cs|Disconnect|650|Disconnected Camera
2026-07-16T08:11:13.8941|INFO|TelescopeVM.cs|Disconnect|740|Disconnected mount
2026-07-16T08:11:13.8964|INFO|FilterWheelVM.cs|Disconnect|333|Disconnected Filter Wheel
2026-07-16T08:11:13.8972|INFO|FocuserVM.cs|Disconnect|441|Disconnected Focuser
2026-07-16T08:11:13.9037|INFO|RotatorVM.cs|Disconnect|447|Disconnected Rotator
2026-07-16T08:11:13.9072|INFO|SwitchVM.cs|Disconnect|309|Disconnected Switch
2026-07-16T08:11:13.9077|INFO|WeatherDataVM.cs|Disconnect|305|Disconnected Weather Device
2026-07-16T08:11:13.9090|INFO|SafetyMonitorVM.cs|Disconnect|221|Disconnected Safety Monitor
