----------------------------------------------------------------------
--------------N.I.N.A. - Nighttime Imaging 'N' Astronomy--------------
--------------------------Version 3.2.0.9001--------------------------
-------------------------2026-07-13T15:49:53--------------------------
----------------------------------------------------------------------
---------------------Microsoft Windows 10.0.17763---------------------
-------------------------OS Architecture X64--------------------------
-----------------------Process Architecture X64-----------------------
-----------------------------.NET 8.0.21------------------------------
----------------------------------------------------------------------
--------------------------Processor Count 2---------------------------
--------------------Total Physical Memory 11.68 GB--------------------
----------------------------------------------------------------------
DATE|LEVEL|SOURCE|MEMBER|LINE|MESSAGE
2026-07-13T15:49:53.6022|INFO|CameraChooserVM.cs|GetEquipment|69|Found 1 ASI Cameras
2026-07-13T15:49:54.2465|INFO|CameraChooserVM.cs|GetEquipment|84|Found 1 Altair Cameras
2026-07-13T15:49:54.6838|INFO|CameraChooserVM.cs|GetEquipment|96|Found 0 Atik Cameras
2026-07-13T15:49:54.7824|INFO|CameraChooserVM.cs|GetEquipment|110|Found 0 FLI Cameras
2026-07-13T15:49:56.1631|INFO|CameraChooserVM.cs|GetEquipment|130|Found 2 QHYCCD Cameras
2026-07-13T15:49:58.7923|INFO|CameraChooserVM.cs|GetEquipment|158|Found 2 ToupTek Cameras
2026-07-13T15:49:59.0887|INFO|CameraChooserVM.cs|GetEquipment|173|Found 1 Ogma Cameras
2026-07-13T15:49:59.4696|INFO|CameraChooserVM.cs|GetEquipment|188|Found 2 Omegon Cameras
2026-07-13T15:50:00.5608|INFO|CameraChooserVM.cs|GetEquipment|203|Found 2 RisingCam Cameras
2026-07-13T15:50:00.9240|INFO|CameraChooserVM.cs|GetEquipment|218|Found 1 MallinCam Cameras
2026-07-13T15:50:01.1877|INFO|CameraChooserVM.cs|GetEquipment|243|Found 1 SVBony Cameras
2026-07-13T15:50:01.1913|INFO|CameraChooserVM.cs|GetEquipment|259|Found 0 SBIG Cameras
2026-07-13T15:50:01.6058|INFO|PluginLoader.cs|LoadPlugin|402|Successfully loaded plugin Connector version 2.1.0.2 by Stefan Berg @isbeorn
2026-07-13T15:50:11.7072|INFO|PluginLoader.cs|LoadPlugin|402|Successfully loaded plugin Hocus Focus version 3.0.0.25 by George Hilios (jokogeo)
2026-07-13T15:50:13.2068|INFO|PluginLoader.cs|LoadPlugin|402|Successfully loaded plugin Remote Copy version 3.0.1.0 by Tom Palmer @tcpalmer
2026-07-13T15:50:50.5554|INFO|PluginLoader.cs|LoadPlugin|402|Successfully loaded plugin RTSP Client version 3.1.0.6 by Stefan Berg @isbeorn
2026-07-13T15:50:50.9265|INFO|PluginLoader.cs|LoadPlugin|402|Successfully loaded plugin Three Point Polar Alignment version 2.2.4.3 by Stefan Berg @isbeorn
2026-07-13T15:50:51.2046|INFO|PluginLoader.cs|LoadPlugin|402|Successfully loaded plugin WandererAstro Tools version 3.0.0.0 by WandererAstro
2026-07-13T15:50:53.5691|INFO|PluginFetcher.cs|RequestAll|43|Fetching plugin manifests from https://nighttime-imaging.eu/wp-json/nina/v1/plugins/manifests
2026-07-13T15:50:53.8279|INFO|CameraChooserVM.cs|GetEquipment|279|Found 0 SVBony Cameras
2026-07-13T15:50:53.9400|INFO|CameraChooserVM.cs|GetEquipment|279|Found 0 PlayerOne Cameras
2026-07-13T15:50:54.0152|INFO|CameraChooserVM.cs|GetEquipment|279|Found 0 ASTPAN Cameras
2026-07-13T15:50:54.0182|INFO|CameraChooserVM.cs|GetEquipment|293|Found 13 ASCOM Cameras
2026-07-13T15:50:54.8337|INFO|RotatorChooserVM.cs|GetEquipment|68|Found 0 Alpaca Rotators
2026-07-13T15:50:56.9061|INFO|SafetyMonitorChooserVM.cs|GetEquipment|71|Found 0 Alpaca Safety Monitors
2026-07-13T15:50:56.9571|INFO|FocuserChooserVM.cs|GetEquipment|84|Found 0 Alpaca Focusers
2026-07-13T15:50:57.0615|INFO|SwitchChooserVM.cs|GetEquipment|71|Found 0 Alpaca Switch Hubs
2026-07-13T15:50:57.3115|INFO|ApplicationVM.cs|CheckASCOMPlatformVersion|81|ASCOM Platform 7.1.3.4851 installed
2026-07-13T15:50:57.3216|INFO|ApplicationVM.cs|CheckDiskInfo|100|Available Space on Drive C:\: 34.69 GB
2026-07-13T15:50:57.3219|INFO|ApplicationVM.cs|CheckDiskInfo|100|Available Space on Drive D:\: 336.03 GB
2026-07-13T15:50:58.7207|INFO|DomeChooserVM.cs|GetEquipment|67|Found 0 Alpaca Domes
2026-07-13T15:50:58.8931|INFO|TelescopeChooserVM.cs|GetEquipment|69|Found 0 Alpaca Telescopes
2026-07-13T15:51:00.0879|INFO|PluginFetcher.cs|RequestAll|57|Found 91 valid plugins at https://nighttime-imaging.eu/wp-json/nina/v1/plugins/manifests
2026-07-13T15:51:00.0909|INFO|FlatDeviceChooserVM.cs|GetEquipment|67|Found 0 Alpaca Cover Calibrators
2026-07-13T15:51:00.1011|INFO|FilterWheelChooserVM.cs|GetEquipment|193|Found 0 Alpaca Filter Wheels
2026-07-13T15:51:00.1312|INFO|WeatherDataChooserVM.cs|GetEquipment|69|Found 0 Alpaca Observing Conditions
2026-07-13T15:51:00.1550|INFO|CameraChooserVM.cs|GetEquipment|305|Found 0 Alpaca Cameras
2026-07-13T15:51:00.1589|INFO|CameraChooserVM.cs|GetEquipment|318|Found 0 Canon Cameras
2026-07-13T15:51:06.9981|INFO|CameraVM.cs|Disconnect|650|Disconnected Camera
2026-07-13T15:51:07.2224|ERROR|ToupTekAlikeCamera.cs|TemperatureSetPoint|104|ToupTek - Could not set TemperatureSetPoint to 1000
2026-07-13T15:51:07.7213|ERROR|ToupTekAlikeCamera.cs|LEDLights|806|ToupTek - Could not set LED Lights option to True
2026-07-13T15:51:07.8087|INFO|CameraVM.cs|ChooseCamera|455|Successfully connected Camera. Id: ToupTek_\\?\usb#vid_0547&pid_1433#6&1727222e&0&3 Name: ATR294C DisplayName: ATR294C (222e&0&3)Driver Version: 60.31631.20260606
2026-07-13T15:51:24.9178|INFO|CameraVM.cs|CoolCamera|138|Cooling Camera. Target: 2 Duration: 00:05:00
2026-07-13T15:54:46.2300|INFO|FocuserVM.cs|Disconnect|441|Disconnected Focuser
2026-07-13T15:54:54.2065|INFO|FocuserVM.cs|ChooseFocuser|333|Successfully connected Focuser. Id: ASCOM.ArcoEsatto.Focuser Name: PLL Focuser v3.7 DisplayName: PLL Focuser v3.7 (ASCOM) Driver Version: 3.7
2026-07-13T16:56:20.3995|INFO|FlatDeviceVM.cs|Disconnect|289|Disconnected Flat Device
2026-07-13T16:56:29.7943|INFO|FlatDeviceVM.cs|Connect|241|Successfully connected flat device. Id: ASCOM.WandererCover2.CoverCalibrator Name: WandererEmpire Cover 2 DisplayName: WandererEmpire Cover 2 (ASCOM) Driver Version: 2.0
2026-07-13T16:56:39.9732|INFO|FlatDeviceVM.cs|SetBrightness|153|Setting brightness to 1
2026-07-13T16:56:45.9109|INFO|DockManagerVM.cs|InitializeAvalonDockLayout|366|Initializing imaging tab layout from C:\Users\PrimaLuceLab\AppData\Local\NINA\Profiles\34340171-83bd-4865-9381-6b1dd342fa62.dock.config
2026-07-13T16:56:51.5717|INFO|CameraVM.cs|Capture|742|Starting Exposure - Exposure Time: 1s; Filter: ; Gain: 910; Offset 99; Binning: 1x1;
2026-07-13T18:49:00.9035|INFO|CameraVM.cs|Capture|742|Starting Exposure - Exposure Time: 1s; Filter: ; Gain: 910; Offset 99; Binning: 1x1;
2026-07-13T20:18:50.8246|INFO|CameraVM.cs|Capture|742|Starting Exposure - Exposure Time: 1s; Filter: ; Gain: 910; Offset 99; Binning: 1x1;
2026-07-13T20:19:05.0480|INFO|FlatDeviceVM.cs|SetBrightness|153|Setting brightness to 0
2026-07-13T20:19:15.6135|INFO|FilterWheelVM.cs|Disconnect|333|Disconnected Filter Wheel
2026-07-13T20:19:18.1433|INFO|FilterWheelVM.cs|ChooseFW|279|Successfully connected Filter Wheel. Id: ASCOM.ToupTek.FilterWheel Name: ASCOM.ToupTek.FilterWheel DisplayName: ASCOM.ToupTek.FilterWheel (ASCOM) Driver Version: 6.5
2026-07-13T20:20:57.2552|INFO|TelescopeVM.cs|Disconnect|740|Disconnected mount
2026-07-13T20:20:57.4416|INFO|AscomTelescope.cs|CheckMountTime|845|Mount UTC Time: 2026-07-13 18:20:57Z / System UTC Time: 2026-07-13 18:20:57Z; Difference: 0.006 seconds
2026-07-13T20:20:57.5089|INFO|AscomTelescope.cs|CheckMountTime|865|Mount driver does not allow the mount's time to be set.
2026-07-13T20:20:57.5363|INFO|AscomDevice.cs|GetProperty|527|Property Telescope.SiteElevation GET is not implemented in this driver (CPWI_ASCOM_Telescope)
2026-07-13T20:20:58.0378|INFO|TelescopeVM.cs|ChooseTelescope|535|Successfully connected mount. Id: ASCOM.Optec ASCOM.Telescope Name: CPWI_ASCOM_Telescope DisplayName: CPWI_ASCOM_Telescope (ASCOM) Driver Version: 2.5.6.99  with DLL Assembly Date: July_1_2020
2026-07-13T20:21:02.0890|INFO|PHD2Guider.cs|Connect|205|Connecting to PHD2 server at 127.0.0.1:4400
2026-07-13T20:21:08.4356|INFO|WeatherDataVM.cs|Disconnect|305|Disconnected Weather Device
2026-07-13T20:21:10.7426|INFO|AscomDevice.cs|GetProperty|527|Property ObservingConditions.SkyBrightness GET is not implemented in this driver (CloudWatcher ObsCond)
2026-07-13T20:21:10.7547|INFO|AscomDevice.cs|GetProperty|527|Property ObservingConditions.SkyQuality GET is not implemented in this driver (CloudWatcher ObsCond)
2026-07-13T20:21:10.7698|INFO|AscomDevice.cs|GetProperty|527|Property ObservingConditions.StarFWHM GET is not implemented in this driver (CloudWatcher ObsCond)
2026-07-13T20:21:10.7845|INFO|AscomDevice.cs|GetProperty|527|Property ObservingConditions.WindDirection GET is not implemented in this driver (CloudWatcher ObsCond)
2026-07-13T20:21:10.7985|INFO|WeatherDataVM.cs|ChooseWeatherData|150|Successfully connected Weather Device. Id: ASCOM.CloudWatcher.ObservingConditions Name: CloudWatcher ObsCond DisplayName: CloudWatcher ObsCond (ASCOM) Driver Version: 1.1
2026-07-13T20:21:16.6267|INFO|DomeVM.cs|Disconnect|355|Disconnected Dome Device
2026-07-13T20:21:18.2339|INFO|AscomDevice.cs|GetProperty|527|Property Dome.AtPark GET is not implemented in this driver (Shelter Dome)
2026-07-13T20:21:18.2450|INFO|AscomDevice.cs|GetProperty|527|Property Dome.AtHome GET is not implemented in this driver (Shelter Dome)
2026-07-13T20:21:18.2622|INFO|AscomDevice.cs|GetProperty|527|Property Dome.Azimuth GET is not implemented in this driver (Shelter Dome)
2026-07-13T20:21:18.3062|INFO|DomeVM.cs|ChooseDome|198|Successfully connected Dome. Id: ASCOM.TS_Shelter.Dome Name: Shelter Dome DisplayName: Shelter Dome (ASCOM) Driver Version: 6.6
2026-07-13T20:21:20.3255|INFO|AscomDevice.cs|GetProperty|527|Property Dome.Altitude GET is not implemented in this driver (Shelter Dome)
2026-07-13T20:21:23.2517|INFO|SafetyMonitorVM.cs|Disconnect|221|Disconnected Safety Monitor
2026-07-13T20:21:24.5548|INFO|SafetyMonitorVM.cs|Connect|175|Successfully connected Safety Monitor. Id: ASCOM.Hub.SafetyMonitor Name: Short driver name - please customise DisplayName: Short driver name - please customise (ASCOM) Driver Version: 6.4
2026-07-13T20:22:34.5551|INFO|Sequence2VM.cs|LockSequence|139|Sequencer unlocked
2026-07-13T21:04:30.9124|WARNING|DeviceUpdateTimer.cs|Run|115|Mount value update cycle took longer than the device poll interval (Total: 2.41s > 2s; Poll: 00:00:02.4092304; Update: 00:00:00.0000985)
2026-07-13T21:04:56.5147|INFO|AscomDevice.cs|Disconnect|378|Disconnecting from ASCOM.Hub.SafetyMonitor Short driver name - please customise
2026-07-13T21:04:56.7967|INFO|SafetyMonitorVM.cs|Disconnect|221|Disconnected Safety Monitor
2026-07-13T21:05:35.9557|INFO|CameraVM.cs|CoolCamera|138|Cooling Camera. Target: -2 Duration: 00:05:00
2026-07-13T21:08:01.3037|INFO|FlatDeviceVM.cs|SetBrightness|153|Setting brightness to 1
2026-07-13T21:08:08.4622|INFO|CameraVM.cs|Capture|742|Starting Exposure - Exposure Time: 1s; Filter: ; Gain: 910; Offset 99; Binning: 1x1;
2026-07-13T21:08:24.9108|INFO|CameraVM.cs|Capture|742|Starting Exposure - Exposure Time: 1s; Filter: ; Gain: 910; Offset 99; Binning: 1x1;
2026-07-13T21:09:14.3247|INFO|CameraVM.cs|Capture|742|Starting Exposure - Exposure Time: 1s; Filter: ; Gain: 910; Offset 99; Binning: 1x1;
2026-07-13T21:09:53.6647|INFO|CameraVM.cs|Capture|742|Starting Exposure - Exposure Time: 1s; Filter: ; Gain: 910; Offset 99; Binning: 1x1;
2026-07-13T21:10:25.4150|INFO|CameraVM.cs|Capture|742|Starting Exposure - Exposure Time: 1s; Filter: ; Gain: 910; Offset 99; Binning: 1x1;
2026-07-13T21:10:36.3618|INFO|CameraVM.cs|Capture|742|Starting Exposure - Exposure Time: 1s; Filter: ; Gain: 910; Offset 99; Binning: 1x1;
2026-07-13T21:10:47.8289|INFO|CameraVM.cs|Capture|742|Starting Exposure - Exposure Time: 1s; Filter: ; Gain: 910; Offset 99; Binning: 1x1;
2026-07-13T21:11:00.3036|INFO|CameraVM.cs|Capture|742|Starting Exposure - Exposure Time: 1s; Filter: ; Gain: 910; Offset 99; Binning: 1x1;
2026-07-13T22:04:18.7587|WARNING|DeviceUpdateTimer.cs|Run|115|Mount value update cycle took longer than the device poll interval (Total: 2.35s > 2s; Poll: 00:00:02.3513467; Update: 00:00:00.0000972)
2026-07-13T22:04:22.3688|ERROR|AscomDevice.cs|GetProperty|546|An unexpected exception occurred during GET of Telescope.GuideRateRightAscension: 
ASCOM.DriverException: Riferimento a un oggetto non impostato su un'istanza di oggetto.
 ---> System.NullReferenceException: Riferimento a un oggetto non impostato su un'istanza di oggetto.
   --- End of inner exception stack trace ---
   at ASCOM.Com.DriverAccess.DynamicAccess.CheckDotNetExceptions(String memberName, Exception e) in J:\ASCOMLibrary\ASCOM.Com\ASCOM.Com.DriverAccess\BaseClass\DynamicAccess.cs:line 278
   at ASCOM.Com.DriverAccess.DynamicAccess.TryGetMember(GetMemberBinder binder, Object& result) in J:\ASCOMLibrary\ASCOM.Com\ASCOM.Com.DriverAccess\BaseClass\DynamicAccess.cs:line 150
   at CallSite.Target(Closure, CallSite, Object)
   at ASCOM.Com.DriverAccess.Telescope.get_GuideRateRightAscension() in J:\ASCOMLibrary\ASCOM.Com\ASCOM.Com.DriverAccess\Telescope.cs:line 315
   at InvokeStub_Telescope.get_GuideRateRightAscension(Object, Object, IntPtr*)
   at System.Reflection.MethodBaseInvoker.InvokeWithNoArgs(Object obj, BindingFlags invokeAttr)
2026-07-13T22:04:22.5894|INFO|AscomDevice.cs|GetProperty|485|Retrying to GET Telescope.GuideRateRightAscension - Attempt 2 / 3
2026-07-13T22:04:23.0726|WARNING|DeviceUpdateTimer.cs|Run|115|Dome value update cycle took longer than the device poll interval (Total: 2.58s > 2s; Poll: 00:00:02.4778716; Update: 00:00:00.1046891)
2026-07-13T22:04:25.6669|INFO|CameraVM.cs|Capture|742|Starting Exposure - Exposure Time: 1s; Filter: ; Gain: 910; Offset 99; Binning: 1x1;
2026-07-13T22:04:46.3920|INFO|CameraVM.cs|CoolCamera|138|Cooling Camera. Target: -5 Duration: 00:05:00
2026-07-13T22:35:18.5569|WARNING|DeviceUpdateTimer.cs|Run|115|Mount value update cycle took longer than the device poll interval (Total: 2.22s > 2s; Poll: 00:00:02.2182584; Update: 00:00:00.0001009)
2026-07-13T22:35:36.3638|INFO|CameraVM.cs|Capture|742|Starting Exposure - Exposure Time: 1s; Filter: ; Gain: 910; Offset 99; Binning: 1x1;
2026-07-13T22:35:57.2197|INFO|SafetyMonitorVM.cs|Disconnect|221|Disconnected Safety Monitor
2026-07-13T22:35:57.3567|INFO|SafetyMonitorVM.cs|Connect|175|Successfully connected Safety Monitor. Id: ASCOM.Hub.SafetyMonitor Name: Short driver name - please customise DisplayName: Short driver name - please customise (ASCOM) Driver Version: 6.4
2026-07-13T22:36:15.2801|INFO|FlatDeviceVM.cs|SetBrightness|153|Setting brightness to 0
2026-07-13T22:36:43.7194|INFO|DomeVM.cs|OpenShutter|448|Opening dome shutter. Shutter state before opening ShutterClosed
2026-07-13T22:36:43.7223|INFO|AscomDome.cs|OpenShutter|206|Sending an OpenShutter request, since it is currently ShutterClosed
2026-07-13T22:37:28.3250|INFO|DomeVM.cs|OpenShutter|454|Opened dome shutter. Shutter state after opening ShutterOpen
2026-07-13T22:37:41.8558|INFO|FlatDeviceVM.cs|OpenCover|312|Opening Flat Device Cover
2026-07-13T22:38:35.5319|INFO|CameraVM.cs|Capture|742|Starting Exposure - Exposure Time: 10s; Filter: ; Gain: 910; Offset 99; Binning: 1x1;
2026-07-13T22:41:06.9373|INFO|CameraVM.cs|Capture|742|Starting Exposure - Exposure Time: 10s; Filter: ; Gain: 910; Offset 99; Binning: 1x1;
2026-07-13T22:42:33.0530|INFO|CameraVM.cs|CoolCamera|138|Cooling Camera. Target: -7 Duration: 00:05:00
2026-07-13T22:46:53.2426|INFO|CameraVM.cs|Capture|742|Starting Exposure - Exposure Time: 10s; Filter: ; Gain: 910; Offset 99; Binning: 1x1;
2026-07-13T22:49:23.7124|INFO|Sequence2VM.cs|StartSequence|543|Advanced Sequence starting
2026-07-13T22:49:23.7387|INFO|SequenceItem.cs|Run|208|Starting Category: * Set di Istruzioni *, Container: NINA.Sequencer.Container.SequenceRootContainer, Strategy: SequentialStrategy, Items[CREATED]: 3, Triggers: Trigger: MeridianFlipTriggerTrigger: RestoreGuidingTrigger: AutofocusAfterHFRIncreaseTrigger, Amount: 5Trigger: AutofocusAfterFilterChange
2026-07-13T22:49:23.7744|INFO|MeridianFlipTrigger.cs|ShouldTrigger|204|Meridian Flip - Telescope is not tracking. Skip flip evaluation
2026-07-13T22:49:23.7788|INFO|SequenceItem.cs|Run|208|Starting Category: * Set di Istruzioni *, Container: NINA.Sequencer.Container.StartAreaContainer, Strategy: SequentialStrategy, Items[CREATED]: 2
2026-07-13T22:49:23.7793|INFO|MeridianFlipTrigger.cs|ShouldTrigger|204|Meridian Flip - Telescope is not tracking. Skip flip evaluation
2026-07-13T22:49:23.7798|INFO|SequenceItem.cs|Run|208|Starting Category: Utilità, Item: Annotation, Text: VERSION: 1
2026-07-13T22:49:23.7804|INFO|SequenceItem.cs|Run|254|Finishing Category: Utilità, Item: Annotation, Text: VERSION: 1
2026-07-13T22:49:23.7831|INFO|MeridianFlipTrigger.cs|ShouldTrigger|204|Meridian Flip - Telescope is not tracking. Skip flip evaluation
2026-07-13T22:49:23.7834|INFO|SequenceItem.cs|Run|208|Starting Category: * Set di Istruzioni *, Container: NINA.Sequencer.Container.SequentialContainer, Strategy: SequentialStrategy, Items[CREATED]: 4
2026-07-13T22:49:23.7835|INFO|MeridianFlipTrigger.cs|ShouldTrigger|204|Meridian Flip - Telescope is not tracking. Skip flip evaluation
2026-07-13T22:49:23.7836|INFO|SequenceItem.cs|Run|208|Starting Category: Utilità, Item: Annotation, Text: VERSION: 1
2026-07-13T22:49:23.7837|INFO|SequenceItem.cs|Run|254|Finishing Category: Utilità, Item: Annotation, Text: VERSION: 1
2026-07-13T22:49:23.7839|INFO|MeridianFlipTrigger.cs|ShouldTrigger|204|Meridian Flip - Telescope is not tracking. Skip flip evaluation
2026-07-13T22:49:23.7840|INFO|SequenceItem.cs|Run|208|Starting Category: * Set di Istruzioni *, Container: NINA.Sequencer.Container.SequentialContainer, Strategy: SequentialStrategy, Items[CREATED]: 4
2026-07-13T22:49:23.7841|INFO|MeridianFlipTrigger.cs|ShouldTrigger|204|Meridian Flip - Telescope is not tracking. Skip flip evaluation
2026-07-13T22:49:23.7841|INFO|SequenceItem.cs|Run|208|Starting Category: Utilità, Item: Annotation, Text: This Startup Sequence ensures an ASCOM Safety Monitor will function in a sequence as expected.
2026-07-13T22:49:23.7841|INFO|SequenceItem.cs|Run|254|Finishing Category: Utilità, Item: Annotation, Text: This Startup Sequence ensures an ASCOM Safety Monitor will function in a sequence as expected.
2026-07-13T22:49:23.7842|INFO|MeridianFlipTrigger.cs|ShouldTrigger|204|Meridian Flip - Telescope is not tracking. Skip flip evaluation
2026-07-13T22:49:23.7842|INFO|SequenceItem.cs|Run|208|Starting Category: Utilità, Item: Annotation, Text: The CONNECTOR Plugin is used in this Sequence.
2026-07-13T22:49:23.7843|INFO|SequenceItem.cs|Run|254|Finishing Category: Utilità, Item: Annotation, Text: The CONNECTOR Plugin is used in this Sequence.
2026-07-13T22:49:23.7843|INFO|MeridianFlipTrigger.cs|ShouldTrigger|204|Meridian Flip - Telescope is not tracking. Skip flip evaluation
2026-07-13T22:49:23.7844|INFO|SequenceItem.cs|Run|208|Starting Category: Utilità, Item: Annotation, Text: A Switch is also used within this Startup Sequence.
2026-07-13T22:49:23.7844|INFO|SequenceItem.cs|Run|254|Finishing Category: Utilità, Item: Annotation, Text: A Switch is also used within this Startup Sequence.
2026-07-13T22:49:23.7844|INFO|MeridianFlipTrigger.cs|ShouldTrigger|204|Meridian Flip - Telescope is not tracking. Skip flip evaluation
2026-07-13T22:49:23.7845|INFO|SequenceItem.cs|Run|208|Starting Category: Utilità, Item: Annotation, Text: The sequence uses Nautical Dusk and Nautical Dawn along with a number of time offsets. Adjust this as desired.
2026-07-13T22:49:23.7845|INFO|SequenceItem.cs|Run|254|Finishing Category: Utilità, Item: Annotation, Text: The sequence uses Nautical Dusk and Nautical Dawn along with a number of time offsets. Adjust this as desired.
2026-07-13T22:49:23.7868|INFO|SequenceItem.cs|Run|254|Finishing Category: * Set di Istruzioni *, Container: NINA.Sequencer.Container.SequentialContainer, Strategy: SequentialStrategy, Items[FINISHED]: 4
2026-07-13T22:49:23.7870|INFO|MeridianFlipTrigger.cs|ShouldTrigger|204|Meridian Flip - Telescope is not tracking. Skip flip evaluation
2026-07-13T22:49:23.7871|INFO|SequenceItem.cs|Run|208|Starting Category: * Set di Istruzioni *, Container: NINA.Sequencer.Container.SequentialContainer, Strategy: SequentialStrategy, Items[CREATED]: 11
2026-07-13T22:49:23.7872|INFO|MeridianFlipTrigger.cs|ShouldTrigger|204|Meridian Flip - Telescope is not tracking. Skip flip evaluation
2026-07-13T22:49:23.7877|INFO|SequenceItem.cs|Run|208|Starting Category: Utilità, Item: WaitForTime, Time: 21:37:11h, Offset: -30
2026-07-13T22:49:23.7889|INFO|SequenceItem.cs|Run|254|Finishing Category: Utilità, Item: WaitForTime, Time: 21:37:11h, Offset: -30
2026-07-13T22:49:23.7890|INFO|MeridianFlipTrigger.cs|ShouldTrigger|204|Meridian Flip - Telescope is not tracking. Skip flip evaluation
2026-07-13T22:49:23.7894|INFO|SequenceItem.cs|Run|208|Starting Category: Connetti, Item: ConnectEquipment, Selected device: Weather, Selected device id: ASCOM.CloudWatcher.ObservingConditions
2026-07-13T22:49:23.7913|INFO|ConnectEquipment.cs|Execute|186|Weather is already connected
2026-07-13T22:49:23.7913|INFO|SequenceItem.cs|Run|254|Finishing Category: Connetti, Item: ConnectEquipment, Selected device: Weather, Selected device id: ASCOM.CloudWatcher.ObservingConditions
2026-07-13T22:49:23.7914|INFO|MeridianFlipTrigger.cs|ShouldTrigger|204|Meridian Flip - Telescope is not tracking. Skip flip evaluation
2026-07-13T22:49:23.7915|INFO|SequenceItem.cs|Run|208|Starting Category: Connetti, Item: ConnectEquipment, Selected device: Safety Monitor, Selected device id: ASCOM.Hub.SafetyMonitor
2026-07-13T22:49:23.7916|INFO|ConnectEquipment.cs|Execute|186|Safety Monitor is already connected
2026-07-13T22:49:23.7916|INFO|SequenceItem.cs|Run|254|Finishing Category: Connetti, Item: ConnectEquipment, Selected device: Safety Monitor, Selected device id: ASCOM.Hub.SafetyMonitor
2026-07-13T22:49:23.7917|INFO|MeridianFlipTrigger.cs|ShouldTrigger|204|Meridian Flip - Telescope is not tracking. Skip flip evaluation
2026-07-13T22:49:23.7927|INFO|SequenceItem.cs|Run|208|Starting Category: Monitor Di Sicurezza, Item: WaitUntilSafe
2026-07-13T22:49:23.7939|INFO|SequenceItem.cs|Run|254|Finishing Category: Monitor Di Sicurezza, Item: WaitUntilSafe
2026-07-13T22:49:23.7940|INFO|MeridianFlipTrigger.cs|ShouldTrigger|204|Meridian Flip - Telescope is not tracking. Skip flip evaluation
2026-07-13T22:49:23.7940|INFO|SequenceItem.cs|Run|208|Starting Category: Connetti, Item: ConnectEquipment, Selected device: Camera, Selected device id: ToupTek_\\?\usb#vid_0547&pid_1433#6&1727222e&0&3
2026-07-13T22:49:23.7941|INFO|ConnectEquipment.cs|Execute|186|Camera is already connected
2026-07-13T22:49:23.7942|INFO|SequenceItem.cs|Run|254|Finishing Category: Connetti, Item: ConnectEquipment, Selected device: Camera, Selected device id: ToupTek_\\?\usb#vid_0547&pid_1433#6&1727222e&0&3
2026-07-13T22:49:23.7942|INFO|MeridianFlipTrigger.cs|ShouldTrigger|204|Meridian Flip - Telescope is not tracking. Skip flip evaluation
2026-07-13T22:49:23.7943|INFO|SequenceItem.cs|Run|208|Starting Category: Connetti, Item: ConnectEquipment, Selected device: Focuser, Selected device id: ASCOM.ArcoEsatto.Focuser
2026-07-13T22:49:23.7943|INFO|ConnectEquipment.cs|Execute|186|Focuser is already connected
2026-07-13T22:49:23.7943|INFO|SequenceItem.cs|Run|254|Finishing Category: Connetti, Item: ConnectEquipment, Selected device: Focuser, Selected device id: ASCOM.ArcoEsatto.Focuser
2026-07-13T22:49:23.7944|INFO|MeridianFlipTrigger.cs|ShouldTrigger|204|Meridian Flip - Telescope is not tracking. Skip flip evaluation
2026-07-13T22:49:23.7945|INFO|SequenceItem.cs|Run|208|Starting Category: Connetti, Item: ConnectEquipment, Selected device: Filter Wheel, Selected device id: ASCOM.ToupTek.FilterWheel
2026-07-13T22:49:23.7945|INFO|ConnectEquipment.cs|Execute|186|Filter Wheel is already connected
2026-07-13T22:49:23.7945|INFO|SequenceItem.cs|Run|254|Finishing Category: Connetti, Item: ConnectEquipment, Selected device: Filter Wheel, Selected device id: ASCOM.ToupTek.FilterWheel
2026-07-13T22:49:23.7946|INFO|MeridianFlipTrigger.cs|ShouldTrigger|204|Meridian Flip - Telescope is not tracking. Skip flip evaluation
2026-07-13T22:49:23.7946|INFO|SequenceItem.cs|Run|208|Starting Category: Connetti, Item: ConnectEquipment, Selected device: Mount, Selected device id: ASCOM.Optec ASCOM.Telescope
2026-07-13T22:49:23.7947|INFO|ConnectEquipment.cs|Execute|186|Mount is already connected
2026-07-13T22:49:23.7947|INFO|SequenceItem.cs|Run|254|Finishing Category: Connetti, Item: ConnectEquipment, Selected device: Mount, Selected device id: ASCOM.Optec ASCOM.Telescope
2026-07-13T22:49:23.7948|INFO|MeridianFlipTrigger.cs|ShouldTrigger|204|Meridian Flip - Telescope is not tracking. Skip flip evaluation
2026-07-13T22:49:23.7948|INFO|SequenceItem.cs|Run|208|Starting Category: Connetti, Item: ConnectEquipment, Selected device: Dome, Selected device id: ASCOM.TS_Shelter.Dome
2026-07-13T22:49:23.7949|INFO|ConnectEquipment.cs|Execute|186|Dome is already connected
2026-07-13T22:49:23.7950|INFO|SequenceItem.cs|Run|254|Finishing Category: Connetti, Item: ConnectEquipment, Selected device: Dome, Selected device id: ASCOM.TS_Shelter.Dome
2026-07-13T22:49:23.7951|INFO|MeridianFlipTrigger.cs|ShouldTrigger|204|Meridian Flip - Telescope is not tracking. Skip flip evaluation
2026-07-13T22:49:23.7951|INFO|SequenceItem.cs|Run|208|Starting Category: Connetti, Item: ConnectEquipment, Selected device: Guider, Selected device id: PHD2_Single
2026-07-13T22:49:23.7952|INFO|ConnectEquipment.cs|Execute|186|Guider is already connected
2026-07-13T22:49:23.7952|INFO|SequenceItem.cs|Run|254|Finishing Category: Connetti, Item: ConnectEquipment, Selected device: Guider, Selected device id: PHD2_Single
2026-07-13T22:49:23.7953|INFO|MeridianFlipTrigger.cs|ShouldTrigger|204|Meridian Flip - Telescope is not tracking. Skip flip evaluation
2026-07-13T22:49:23.7953|INFO|SequenceItem.cs|Run|208|Starting Category: Connetti, Item: ConnectEquipment, Selected device: Flat Panel, Selected device id: ASCOM.WandererCover2.CoverCalibrator
2026-07-13T22:49:23.7954|INFO|ConnectEquipment.cs|Execute|186|Flat Panel is already connected
2026-07-13T22:49:23.7954|INFO|SequenceItem.cs|Run|254|Finishing Category: Connetti, Item: ConnectEquipment, Selected device: Flat Panel, Selected device id: ASCOM.WandererCover2.CoverCalibrator
2026-07-13T22:49:23.7957|INFO|SequenceItem.cs|Run|254|Finishing Category: * Set di Istruzioni *, Container: NINA.Sequencer.Container.SequentialContainer, Strategy: SequentialStrategy, Items[FINISHED]: 11
2026-07-13T22:49:23.7958|INFO|MeridianFlipTrigger.cs|ShouldTrigger|204|Meridian Flip - Telescope is not tracking. Skip flip evaluation
2026-07-13T22:49:23.7958|INFO|SequenceItem.cs|Run|208|Starting Category: * Set di Istruzioni *, Container: NINA.Sequencer.Container.SequentialContainer, Strategy: SequentialStrategy, Items[CREATED]: 12
2026-07-13T22:49:23.7963|INFO|MeridianFlipTrigger.cs|ShouldTrigger|204|Meridian Flip - Telescope is not tracking. Skip flip evaluation
2026-07-13T22:49:23.7969|INFO|SequenceItem.cs|Run|208|Starting Category: Fotocamera, Item: CoolCamera, Temperature: -10, Duration: 5
2026-07-13T22:49:23.7980|INFO|CameraVM.cs|CoolCamera|138|Cooling Camera. Target: -10 Duration: 00:05:00
2026-07-13T22:54:24.9628|INFO|SequenceItem.cs|Run|254|Finishing Category: Fotocamera, Item: CoolCamera, Temperature: -10, Duration: 5
2026-07-13T22:54:24.9631|INFO|MeridianFlipTrigger.cs|ShouldTrigger|204|Meridian Flip - Telescope is not tracking. Skip flip evaluation
2026-07-13T22:54:24.9631|INFO|SequenceItem.cs|Run|208|Starting Category: Utilità, Item: WaitForTime, Time: 21:57:11h, Offset: -10
2026-07-13T22:54:24.9632|INFO|SequenceItem.cs|Run|254|Finishing Category: Utilità, Item: WaitForTime, Time: 21:57:11h, Offset: -10
2026-07-13T22:54:24.9633|INFO|MeridianFlipTrigger.cs|ShouldTrigger|204|Meridian Flip - Telescope is not tracking. Skip flip evaluation
2026-07-13T22:54:24.9633|INFO|SequenceItem.cs|Run|208|Starting Category: Monitor Di Sicurezza, Item: WaitUntilSafe
2026-07-13T22:54:24.9634|INFO|SequenceItem.cs|Run|254|Finishing Category: Monitor Di Sicurezza, Item: WaitUntilSafe
2026-07-13T22:54:24.9635|INFO|MeridianFlipTrigger.cs|ShouldTrigger|204|Meridian Flip - Telescope is not tracking. Skip flip evaluation
2026-07-13T22:54:24.9640|INFO|SequenceItem.cs|Run|208|Starting Category: Osservatorio, Item: OpenDomeShutter
2026-07-13T22:54:24.9653|INFO|SequenceItem.cs|Run|254|Finishing Category: Osservatorio, Item: OpenDomeShutter
2026-07-13T22:54:24.9655|INFO|MeridianFlipTrigger.cs|ShouldTrigger|204|Meridian Flip - Telescope is not tracking. Skip flip evaluation
2026-07-13T22:54:24.9663|INFO|SequenceItem.cs|Run|208|Starting Category: Telescopio, Item: UnparkScope
2026-07-13T22:54:24.9688|INFO|TelescopeVM.cs|UnparkTelescope|232|Mount ordered to unpark
2026-07-13T22:54:24.9924|INFO|TelescopeVM.cs|UnparkTelescope|277|Mount is already unparked
2026-07-13T22:54:24.9927|INFO|TelescopeVM.cs|UnparkTelescope|282|Mount has unparked
2026-07-13T22:54:24.9929|INFO|SequenceItem.cs|Run|254|Finishing Category: Telescopio, Item: UnparkScope
2026-07-13T22:54:24.9931|INFO|MeridianFlipTrigger.cs|ShouldTrigger|204|Meridian Flip - Telescope is not tracking. Skip flip evaluation
2026-07-13T22:54:24.9935|INFO|SequenceItem.cs|Run|208|Starting Category: Apparato per i Flat, Item: OpenCover
2026-07-13T22:54:25.0089|INFO|SequenceItem.cs|Run|254|Finishing Category: Apparato per i Flat, Item: OpenCover
2026-07-13T22:54:25.0091|INFO|MeridianFlipTrigger.cs|ShouldTrigger|204|Meridian Flip - Telescope is not tracking. Skip flip evaluation
2026-07-13T22:54:25.0111|INFO|SequenceItem.cs|Run|208|Starting Category: Telescopio, Item: SetTracking, TrackingMode: Sidereal
2026-07-13T22:54:25.0433|INFO|SequenceItem.cs|Run|254|Finishing Category: Telescopio, Item: SetTracking, TrackingMode: Sidereal
2026-07-13T22:54:25.0436|INFO|MeridianFlipTrigger.cs|ShouldTrigger|204|Meridian Flip - Telescope is not tracking. Skip flip evaluation
2026-07-13T22:54:25.0442|INFO|SequenceItem.cs|Run|208|Starting Category: Ruota porta filtri, Item: SwitchFilter, Filter: LPRO
2026-07-13T22:54:25.0644|INFO|SequenceItem.cs|Run|254|Finishing Category: Ruota porta filtri, Item: SwitchFilter, Filter: LPRO
2026-07-13T22:54:25.0646|INFO|MeridianFlipTrigger.cs|ShouldTrigger|204|Meridian Flip - Telescope is not tracking. Skip flip evaluation
2026-07-13T22:54:25.0653|INFO|SequenceItem.cs|Run|208|Starting Category: Telescopio, Item: SlewScopeToAltAz, Coordinates: NINA.Astrometry.InputTopocentricCoordinates
2026-07-13T22:54:25.1065|INFO|PHD2Guider.cs|StopGuiding|704|Phd2 - Stop Guiding skipped, as the app is already in state Stopped
2026-07-13T22:54:25.1649|INFO|TelescopeVM.cs|SlewAsyncInternal|910|Slewing from RA: 19:31:06; Dec: 89° 02' 56"; Epoch: JNOW to RA: 18:52:45; Dec: 39° 23' 27"; Epoch: JNOW - Alt: 70° 00' 00"; Az: 90° 00' 00"
2026-07-13T22:54:56.4402|INFO|SequenceItem.cs|Run|254|Finishing Category: Telescopio, Item: SlewScopeToAltAz, Coordinates: NINA.Astrometry.InputTopocentricCoordinates
2026-07-13T22:54:56.4428|INFO|MeridianFlipTrigger.cs|ShouldTrigger|296|Meridian Flip - (Side of Pier usage is disabled) There is still time remaining. Max remaining time 01:42:34.6644770, next instruction time 60, next instruction Category: Utilità, Item: WaitForTimeSpan, Time: 60s
2026-07-13T22:54:56.4432|INFO|SequenceItem.cs|Run|208|Starting Category: Utilità, Item: WaitForTimeSpan, Time: 60s
2026-07-13T22:55:56.6789|INFO|SequenceItem.cs|Run|254|Finishing Category: Utilità, Item: WaitForTimeSpan, Time: 60s
2026-07-13T22:55:56.6810|INFO|MeridianFlipTrigger.cs|ShouldTrigger|296|Meridian Flip - (Side of Pier usage is disabled) There is still time remaining. Max remaining time 01:41:34.4289960, next instruction time 160, next instruction Category: Focheggiatore, Item: RunAutofocus
2026-07-13T22:55:56.6812|INFO|SequenceItem.cs|Run|208|Starting Category: Focheggiatore, Item: RunAutofocus
2026-07-13T22:55:56.9297|INFO|FocuserMediator.cs|BroadcastAutoFocusRunStarting|92|Autofocus starting notification received
2026-07-13T22:55:56.9719|INFO|PHD2Guider.cs|StopGuiding|704|Phd2 - Stop Guiding skipped, as the app is already in state Stopped
2026-07-13T22:55:56.9839|INFO|AutoFocusEngine.cs|RunAutoFocus|929|Starting AutoFocus with initial position 115854
2026-07-13T22:55:57.0150|INFO|CameraVM.cs|Capture|742|Starting Exposure - Exposure Time: 5s; Filter: LPRO; Gain: 910; Offset 99; Binning: 1x1;
2026-07-13T22:56:02.2879|INFO|AutoFocusEngine.cs|StartBlindFocusPoints|769|Waiting on initial HFR analysis
2026-07-13T22:56:02.3626|INFO|FocuserVM.cs|MoveFocuserInternal|216|Moving Focuser to position 130854
2026-07-13T22:56:08.2577|INFO|CameraVM.cs|Capture|742|Starting Exposure - Exposure Time: 5s; Filter: LPRO; Gain: 910; Offset 99; Binning: 1x1;
2026-07-13T22:56:13.4486|INFO|HocusFocusStarDetection.cs|Detect|413|Average HFR: 2.6175417263240583, HFR MAD: 0.35053689768699847, Detected Stars 387, Region: 0
2026-07-13T22:56:13.6625|INFO|FocuserVM.cs|MoveFocuserInternal|216|Moving Focuser to position 125854
2026-07-13T22:56:18.9597|INFO|CameraVM.cs|Capture|742|Starting Exposure - Exposure Time: 5s; Filter: LPRO; Gain: 910; Offset 99; Binning: 1x1;
2026-07-13T22:56:23.8825|INFO|HocusFocusStarDetection.cs|Detect|413|Average HFR: 9.238624281520393, HFR MAD: 0.4833639898156825, Detected Stars 23, Region: 0
2026-07-13T22:56:24.2580|INFO|FocuserVM.cs|MoveFocuserInternal|216|Moving Focuser to position 120854
2026-07-13T22:56:30.3253|INFO|CameraVM.cs|Capture|742|Starting Exposure - Exposure Time: 5s; Filter: LPRO; Gain: 910; Offset 99; Binning: 1x1;
2026-07-13T22:56:34.5741|INFO|HocusFocusStarDetection.cs|Detect|413|Average HFR: 5.923405843248943, HFR MAD: 0.6467245229806924, Detected Stars 101, Region: 0
2026-07-13T22:56:35.5297|INFO|AutoFocusEngine.cs|StartBlindFocusPoints|797|Waiting on initial focuser move analyses
2026-07-13T22:56:45.5311|INFO|HocusFocusStarDetection.cs|Detect|413|Average HFR: 4.020409631233481, HFR MAD: 0.3780643056217814, Detected Stars 210, Region: 0
2026-07-13T22:56:46.0147|INFO|FocuserVM.cs|MoveFocuserInternal|216|Moving Focuser to position 115854
2026-07-13T22:56:52.2083|INFO|CameraVM.cs|Capture|742|Starting Exposure - Exposure Time: 5s; Filter: LPRO; Gain: 910; Offset 99; Binning: 1x1;
2026-07-13T22:56:57.4072|INFO|AutoFocusEngine.cs|StartBlindFocusPoints|870|Waiting on next left movement analysis
2026-07-13T22:57:07.5161|INFO|HocusFocusStarDetection.cs|Detect|413|Average HFR: 2.5404427426828224, HFR MAD: 0.2951900971130881, Detected Stars 396, Region: 0
2026-07-13T22:57:07.6678|INFO|FocuserVM.cs|MoveFocuserInternal|216|Moving Focuser to position 110854
2026-07-13T22:57:12.9012|INFO|CameraVM.cs|Capture|742|Starting Exposure - Exposure Time: 5s; Filter: LPRO; Gain: 910; Offset 99; Binning: 1x1;
2026-07-13T22:57:18.0856|INFO|AutoFocusEngine.cs|StartBlindFocusPoints|870|Waiting on next left movement analysis
2026-07-13T22:57:28.1388|INFO|HocusFocusStarDetection.cs|Detect|413|Average HFR: 3.039059195838943, HFR MAD: 0.32270700086109594, Detected Stars 312, Region: 0
2026-07-13T22:57:28.2230|INFO|FocuserVM.cs|MoveFocuserInternal|216|Moving Focuser to position 105854
2026-07-13T22:57:34.2052|INFO|CameraVM.cs|Capture|742|Starting Exposure - Exposure Time: 5s; Filter: LPRO; Gain: 910; Offset 99; Binning: 1x1;
2026-07-13T22:57:39.4258|INFO|AutoFocusEngine.cs|StartBlindFocusPoints|870|Waiting on next left movement analysis
2026-07-13T22:57:49.4547|INFO|HocusFocusStarDetection.cs|Detect|413|Average HFR: 4.966603416368578, HFR MAD: 0.4643219173708957, Detected Stars 142, Region: 0
2026-07-13T22:57:49.5452|INFO|FocuserVM.cs|MoveFocuserInternal|216|Moving Focuser to position 100854
2026-07-13T22:57:54.8241|INFO|CameraVM.cs|Capture|742|Starting Exposure - Exposure Time: 5s; Filter: LPRO; Gain: 910; Offset 99; Binning: 1x1;
2026-07-13T22:58:00.0088|INFO|AutoFocusEngine.cs|StartBlindFocusPoints|870|Waiting on next left movement analysis
2026-07-13T22:58:10.0170|INFO|HocusFocusStarDetection.cs|Detect|413|Average HFR: 7.333073505621342, HFR MAD: 0.4949023836282125, Detected Stars 49, Region: 0
2026-07-13T22:58:10.0950|INFO|AutoFocusEngine.cs|StartBlindFocusPoints|823|Enough left trend points (3) with an established minimum (115854) to queue remaining right focus points up to 130854
2026-07-13T22:58:10.0951|INFO|AutoFocusEngine.cs|StartBlindFocusPoints|896|Waiting on remaining AutoFocus analysis tasks
2026-07-13T22:58:10.2386|INFO|FocuserVM.cs|MoveFocuserInternal|216|Moving Focuser to position 114652
2026-07-13T22:58:16.4694|INFO|AutoFocusEngine.cs|ValidateCalculatedFocusPosition|1141|Validating HFR at final focus position 114652
2026-07-13T22:58:16.4705|INFO|CameraVM.cs|Capture|742|Starting Exposure - Exposure Time: 5s; Filter: LPRO; Gain: 910; Offset 99; Binning: 1x1;
2026-07-13T22:58:31.8074|INFO|HocusFocusStarDetection.cs|Detect|413|Average HFR: 2.56979137259372, HFR MAD: 0.2989808497594857, Detected Stars 400, Region: 0
2026-07-13T22:58:31.8146|INFO|HocusFocusVM.cs|AutoFocusEngine_Completed|473|AutoFocus completed with focuser starting at 115854 and ending at 114652
2026-07-13T22:58:31.9098|INFO|FocuserMediator.cs|BroadcastSuccessfulAutoFocusRun|46|Autofocus notification received - Temperature 27.04
2026-07-13T22:58:31.9550|INFO|SequenceItem.cs|Run|254|Finishing Category: Focheggiatore, Item: RunAutofocus
2026-07-13T22:58:31.9555|INFO|MeridianFlipTrigger.cs|ShouldTrigger|296|Meridian Flip - (Side of Pier usage is disabled) There is still time remaining. Max remaining time 01:38:59.5580388, next instruction time 0, next instruction Category: Telescopio, Item: SolveAndSync
2026-07-13T22:58:31.9558|INFO|SequenceItem.cs|Run|208|Starting Category: Telescopio, Item: SolveAndSync
2026-07-13T22:58:32.1775|INFO|CameraVM.cs|Capture|742|Starting Exposure - Exposure Time: 10s; Filter: ; Gain: 910; Offset 99; Binning: 1x1;
2026-07-13T22:58:47.5408|INFO|ImageSolver.cs|Solve|41|Platesolving with parameters: FocalLength: 760 PixelSize: 4.63 SearchRadius: 30 BlindFailoverEnabled: True Regions: 5000 DownSampleFactor: 2 MaxObjects: 500 Reference Coordinates RA: 18:51:50 Dec: 39° 21' 29" Epoch: J2000
2026-07-13T22:58:48.3257|INFO|BaseImageData.cs|SaveToDisk|346|Saved image to C:\Users\PrimaLuceLab\AppData\Local\NINA\PlateSolver\0zwdwvox.lpk.fits
2026-07-13T22:58:50.6872|INFO|ImageSolver.cs|Solve|54|Platesolve successful: Coordinates: RA: 18:57:17; Dec: 39° 29' 16"; Epoch: J2000 - Position Angle: 275.9665711296616
2026-07-13T22:58:50.8859|INFO|TelescopeVM.cs|Sync|777|Syncing scope from RA: 18:52:46; Dec: 39° 23' 26"; Epoch: JNOW to RA: 18:58:12; Dec: 39° 31' 26"; Epoch: JNOW
2026-07-13T22:58:55.8901|INFO|SequenceItem.cs|Run|254|Finishing Category: Telescopio, Item: SolveAndSync
2026-07-13T22:58:55.8908|INFO|SequenceItem.cs|Run|254|Finishing Category: * Set di Istruzioni *, Container: NINA.Sequencer.Container.SequentialContainer, Strategy: SequentialStrategy, Items[FINISHED]: 12
2026-07-13T22:58:55.8909|INFO|SequenceItem.cs|Run|254|Finishing Category: * Set di Istruzioni *, Container: NINA.Sequencer.Container.SequentialContainer, Strategy: SequentialStrategy, Items[FINISHED]: 4
2026-07-13T22:58:55.8910|INFO|SequenceItem.cs|Run|254|Finishing Category: * Set di Istruzioni *, Container: NINA.Sequencer.Container.StartAreaContainer, Strategy: SequentialStrategy, Items[FINISHED]: 2
2026-07-13T22:58:55.8911|INFO|MeridianFlipTrigger.cs|ShouldTrigger|296|Meridian Flip - (Side of Pier usage is disabled) There is still time remaining. Max remaining time 01:44:02.4101325, next instruction time 0, next instruction Category: * Set di Istruzioni *, Container: NINA.Sequencer.Container.TargetAreaContainer, Strategy: SequentialStrategy, Items[CREATED]: 2
2026-07-13T22:58:55.8914|INFO|SequenceItem.cs|Run|208|Starting Category: * Set di Istruzioni *, Container: NINA.Sequencer.Container.TargetAreaContainer, Strategy: SequentialStrategy, Items[CREATED]: 2
2026-07-13T22:58:55.8916|INFO|MeridianFlipTrigger.cs|ShouldTrigger|296|Meridian Flip - (Side of Pier usage is disabled) There is still time remaining. Max remaining time 01:44:02.4101325, next instruction time 0, next instruction Category: * Set di Istruzioni *, Container: NINA.Sequencer.Container.SequentialContainer, Strategy: SequentialStrategy, Items[CREATED]: 10
2026-07-13T22:58:55.8917|INFO|SequenceItem.cs|Run|208|Starting Category: * Set di Istruzioni *, Container: NINA.Sequencer.Container.SequentialContainer, Strategy: SequentialStrategy, Items[CREATED]: 10
2026-07-13T22:58:55.8918|INFO|MeridianFlipTrigger.cs|ShouldTrigger|296|Meridian Flip - (Side of Pier usage is disabled) There is still time remaining. Max remaining time 01:44:02.4101325, next instruction time 0, next instruction Category: Utilità, Item: Annotation, Text: This is a Startup Sequence which can be pre-loaded at NINA Start-up.
2026-07-13T22:58:55.8918|INFO|SequenceItem.cs|Run|208|Starting Category: Utilità, Item: Annotation, Text: This is a Startup Sequence which can be pre-loaded at NINA Start-up.
2026-07-13T22:58:55.8919|INFO|SequenceItem.cs|Run|254|Finishing Category: Utilità, Item: Annotation, Text: This is a Startup Sequence which can be pre-loaded at NINA Start-up.
2026-07-13T22:58:55.8921|INFO|MeridianFlipTrigger.cs|ShouldTrigger|296|Meridian Flip - (Side of Pier usage is disabled) There is still time remaining. Max remaining time 01:44:02.4101325, next instruction time 0, next instruction Category: Utilità, Item: Annotation, Text: If you edit this Startup Sequence, you need to save the Entire Sequence using the Save Complete Sequence button at the bottom of the Advanced Sequencer page below.
2026-07-13T22:58:55.8921|INFO|SequenceItem.cs|Run|208|Starting Category: Utilità, Item: Annotation, Text: If you edit this Startup Sequence, you need to save the Entire Sequence using the Save Complete Sequence button at the bottom of the Advanced Sequencer page below.
2026-07-13T22:58:55.8921|INFO|SequenceItem.cs|Run|254|Finishing Category: Utilità, Item: Annotation, Text: If you edit this Startup Sequence, you need to save the Entire Sequence using the Save Complete Sequence button at the bottom of the Advanced Sequencer page below.
2026-07-13T22:58:55.8922|INFO|MeridianFlipTrigger.cs|ShouldTrigger|296|Meridian Flip - (Side of Pier usage is disabled) There is still time remaining. Max remaining time 01:44:02.4101325, next instruction time 0, next instruction Category: Utilità, Item: Annotation, Text: Go to: OPTIONS > IMAGING > SEQUENCE and select this DOME_SAFETY_STARTUP_PA.json file as the STARTUP SEQUENCE TEMPLATE
2026-07-13T22:58:55.8922|INFO|SequenceItem.cs|Run|208|Starting Category: Utilità, Item: Annotation, Text: Go to: OPTIONS > IMAGING > SEQUENCE and select this DOME_SAFETY_STARTUP_PA.json file as the STARTUP SEQUENCE TEMPLATE
2026-07-13T22:58:55.8923|INFO|SequenceItem.cs|Run|254|Finishing Category: Utilità, Item: Annotation, Text: Go to: OPTIONS > IMAGING > SEQUENCE and select this DOME_SAFETY_STARTUP_PA.json file as the STARTUP SEQUENCE TEMPLATE
2026-07-13T22:58:55.8923|INFO|MeridianFlipTrigger.cs|ShouldTrigger|296|Meridian Flip - (Side of Pier usage is disabled) There is still time remaining. Max remaining time 01:44:02.4101325, next instruction time 0, next instruction Category: Utilità, Item: Annotation, Text:      I also find setting COLLAPSE SEQUENCE TEMPLATES BY DEFAULT to ON is quite helpful.  (On the same options page)
2026-07-13T22:58:55.8924|INFO|SequenceItem.cs|Run|208|Starting Category: Utilità, Item: Annotation, Text:      I also find setting COLLAPSE SEQUENCE TEMPLATES BY DEFAULT to ON is quite helpful.  (On the same options page)
2026-07-13T22:58:55.8924|INFO|SequenceItem.cs|Run|254|Finishing Category: Utilità, Item: Annotation, Text:      I also find setting COLLAPSE SEQUENCE TEMPLATES BY DEFAULT to ON is quite helpful.  (On the same options page)
2026-07-13T22:58:55.8925|INFO|MeridianFlipTrigger.cs|ShouldTrigger|296|Meridian Flip - (Side of Pier usage is disabled) There is still time remaining. Max remaining time 01:44:02.4101325, next instruction time 0, next instruction Category: Utilità, Item: Annotation, Text: Any modification of this sequence as a Foundational Startup Template will need to be saved using the buttons at the bottom of this Advanced Sequencer Page below.
2026-07-13T22:58:55.8925|INFO|SequenceItem.cs|Run|208|Starting Category: Utilità, Item: Annotation, Text: Any modification of this sequence as a Foundational Startup Template will need to be saved using the buttons at the bottom of this Advanced Sequencer Page below.
2026-07-13T22:58:55.8925|INFO|SequenceItem.cs|Run|254|Finishing Category: Utilità, Item: Annotation, Text: Any modification of this sequence as a Foundational Startup Template will need to be saved using the buttons at the bottom of this Advanced Sequencer Page below.
2026-07-13T22:58:55.8926|INFO|MeridianFlipTrigger.cs|ShouldTrigger|296|Meridian Flip - (Side of Pier usage is disabled) There is still time remaining. Max remaining time 01:44:02.4101325, next instruction time 0, next instruction Category: Utilità, Item: Annotation, Text: The LOOP_ALL_NIGHT Sequence is a simple Loop until Nautical Dawn. Adjust as desired. This is an outer loop.
2026-07-13T22:58:55.8926|INFO|SequenceItem.cs|Run|208|Starting Category: Utilità, Item: Annotation, Text: The LOOP_ALL_NIGHT Sequence is a simple Loop until Nautical Dawn. Adjust as desired. This is an outer loop.
2026-07-13T22:58:55.8926|INFO|SequenceItem.cs|Run|254|Finishing Category: Utilità, Item: Annotation, Text: The LOOP_ALL_NIGHT Sequence is a simple Loop until Nautical Dawn. Adjust as desired. This is an outer loop.
2026-07-13T22:58:55.8927|INFO|MeridianFlipTrigger.cs|ShouldTrigger|296|Meridian Flip - (Side of Pier usage is disabled) There is still time remaining. Max remaining time 01:44:02.4101325, next instruction time 0, next instruction Category: Utilità, Item: Annotation, Text: The SAFE_LOOP Sequence runs while the System is Safe.
2026-07-13T22:58:55.8928|INFO|SequenceItem.cs|Run|208|Starting Category: Utilità, Item: Annotation, Text: The SAFE_LOOP Sequence runs while the System is Safe.
2026-07-13T22:58:55.8928|INFO|SequenceItem.cs|Run|254|Finishing Category: Utilità, Item: Annotation, Text: The SAFE_LOOP Sequence runs while the System is Safe.
2026-07-13T22:58:55.8928|INFO|MeridianFlipTrigger.cs|ShouldTrigger|296|Meridian Flip - (Side of Pier usage is disabled) There is still time remaining. Max remaining time 01:44:02.4101325, next instruction time 0, next instruction Category: Utilità, Item: Annotation, Text: The UNSAFE Sequence runs when the System is Unsafe and only proceeds back to SAFE_LOOP when it is once again deemed Safe.
2026-07-13T22:58:55.8929|INFO|SequenceItem.cs|Run|208|Starting Category: Utilità, Item: Annotation, Text: The UNSAFE Sequence runs when the System is Unsafe and only proceeds back to SAFE_LOOP when it is once again deemed Safe.
2026-07-13T22:58:55.8929|INFO|SequenceItem.cs|Run|254|Finishing Category: Utilità, Item: Annotation, Text: The UNSAFE Sequence runs when the System is Unsafe and only proceeds back to SAFE_LOOP when it is once again deemed Safe.
2026-07-13T22:58:55.8930|INFO|MeridianFlipTrigger.cs|ShouldTrigger|296|Meridian Flip - (Side of Pier usage is disabled) There is still time remaining. Max remaining time 01:44:02.4101325, next instruction time 0, next instruction Category: Utilità, Item: Annotation, Text: ..... ALL TARGETS should be placed within individual LOOP_ALL_NIGHT > SAFE_LOOP > TARGETS_CONTAINER > TARGET # containers below.....
2026-07-13T22:58:55.8930|INFO|SequenceItem.cs|Run|208|Starting Category: Utilità, Item: Annotation, Text: ..... ALL TARGETS should be placed within individual LOOP_ALL_NIGHT > SAFE_LOOP > TARGETS_CONTAINER > TARGET # containers below.....
2026-07-13T22:58:55.8930|INFO|SequenceItem.cs|Run|254|Finishing Category: Utilità, Item: Annotation, Text: ..... ALL TARGETS should be placed within individual LOOP_ALL_NIGHT > SAFE_LOOP > TARGETS_CONTAINER > TARGET # containers below.....
2026-07-13T22:58:55.8931|INFO|MeridianFlipTrigger.cs|ShouldTrigger|296|Meridian Flip - (Side of Pier usage is disabled) There is still time remaining. Max remaining time 01:44:02.4101325, next instruction time 0, next instruction Category: Utilità, Item: Annotation, Text: Each TARGET # Container should have a looping condition that is identical to the included target sequence.
2026-07-13T22:58:55.8931|INFO|SequenceItem.cs|Run|208|Starting Category: Utilità, Item: Annotation, Text: Each TARGET # Container should have a looping condition that is identical to the included target sequence.
2026-07-13T22:58:55.8932|INFO|SequenceItem.cs|Run|254|Finishing Category: Utilità, Item: Annotation, Text: Each TARGET # Container should have a looping condition that is identical to the included target sequence.
2026-07-13T22:58:55.8932|INFO|SequenceItem.cs|Run|254|Finishing Category: * Set di Istruzioni *, Container: NINA.Sequencer.Container.SequentialContainer, Strategy: SequentialStrategy, Items[FINISHED]: 10
2026-07-13T22:58:55.8937|INFO|MeridianFlipTrigger.cs|ShouldTrigger|296|Meridian Flip - (Side of Pier usage is disabled) There is still time remaining. Max remaining time 01:44:02.4101325, next instruction time 0, next instruction Category: * Set di Istruzioni *, Container: NINA.Sequencer.Container.SequentialContainer, Strategy: SequentialStrategy, Items[CREATED]: 2, Conditions: Condition: TimeCondition, Time: 4:31:52h, 
2026-07-13T22:58:55.8938|INFO|SequenceItem.cs|Run|208|Starting Category: * Set di Istruzioni *, Container: NINA.Sequencer.Container.SequentialContainer, Strategy: SequentialStrategy, Items[CREATED]: 2, Conditions: Condition: TimeCondition, Time: 4:31:52h, 
2026-07-13T22:58:55.8977|INFO|MeridianFlipTrigger.cs|ShouldTrigger|296|Meridian Flip - (Side of Pier usage is disabled) There is still time remaining. Max remaining time 01:44:02.4101325, next instruction time 0, next instruction Category: * Set di Istruzioni *, Container: NINA.Sequencer.Container.SequentialContainer, Strategy: SequentialStrategy, Items[CREATED]: 5, Conditions: Condition: SafetyMonitorCondition, 
2026-07-13T22:58:55.8978|INFO|SequenceItem.cs|Run|208|Starting Category: * Set di Istruzioni *, Container: NINA.Sequencer.Container.SequentialContainer, Strategy: SequentialStrategy, Items[CREATED]: 5, Conditions: Condition: SafetyMonitorCondition, 
2026-07-13T22:58:55.8985|INFO|MeridianFlipTrigger.cs|ShouldTrigger|296|Meridian Flip - (Side of Pier usage is disabled) There is still time remaining. Max remaining time 01:44:02.4101325, next instruction time 0, next instruction Category: * Set di Istruzioni *, Container: NINA.Sequencer.Container.SequentialContainer, Strategy: SequentialStrategy, Items[CREATED]: 7
2026-07-13T22:58:55.8986|INFO|SequenceItem.cs|Run|208|Starting Category: * Set di Istruzioni *, Container: NINA.Sequencer.Container.SequentialContainer, Strategy: SequentialStrategy, Items[CREATED]: 7
2026-07-13T22:58:55.8987|INFO|MeridianFlipTrigger.cs|ShouldTrigger|296|Meridian Flip - (Side of Pier usage is disabled) There is still time remaining. Max remaining time 01:44:02.4101325, next instruction time 0, next instruction Category: Utilità, Item: Annotation, Text: This brief sequence of instructions is required after returning to a Safe condifition from an Unsafe one. It will not negatively affect anything on its initial execution.
2026-07-13T22:58:55.8987|INFO|SequenceItem.cs|Run|208|Starting Category: Utilità, Item: Annotation, Text: This brief sequence of instructions is required after returning to a Safe condifition from an Unsafe one. It will not negatively affect anything on its initial execution.
2026-07-13T22:58:55.8988|INFO|SequenceItem.cs|Run|254|Finishing Category: Utilità, Item: Annotation, Text: This brief sequence of instructions is required after returning to a Safe condifition from an Unsafe one. It will not negatively affect anything on its initial execution.
2026-07-13T22:58:55.8989|INFO|MeridianFlipTrigger.cs|ShouldTrigger|296|Meridian Flip - (Side of Pier usage is disabled) There is still time remaining. Max remaining time 01:44:02.4101325, next instruction time 0, next instruction Category: Utilità, Item: Annotation, Text: The 5 minute wait here can be adjusted as desired. It is here to show 5 minutes of Safety prior to resetting the equipment.
2026-07-13T22:58:55.8990|INFO|SequenceItem.cs|Run|208|Starting Category: Utilità, Item: Annotation, Text: The 5 minute wait here can be adjusted as desired. It is here to show 5 minutes of Safety prior to resetting the equipment.
2026-07-13T22:58:55.8990|INFO|SequenceItem.cs|Run|254|Finishing Category: Utilità, Item: Annotation, Text: The 5 minute wait here can be adjusted as desired. It is here to show 5 minutes of Safety prior to resetting the equipment.
2026-07-13T22:58:55.8992|INFO|MeridianFlipTrigger.cs|ShouldTrigger|296|Meridian Flip - (Side of Pier usage is disabled) There is still time remaining. Max remaining time 01:44:02.4101325, next instruction time 300, next instruction Category: Utilità, Item: WaitForTimeSpan, Time: 300s
2026-07-13T22:58:55.8993|INFO|SequenceItem.cs|Run|208|Starting Category: Utilità, Item: WaitForTimeSpan, Time: 300s
2026-07-13T23:03:56.8157|INFO|SequenceItem.cs|Run|254|Finishing Category: Utilità, Item: WaitForTimeSpan, Time: 300s
2026-07-13T23:03:56.8162|INFO|MeridianFlipTrigger.cs|ShouldTrigger|296|Meridian Flip - (Side of Pier usage is disabled) There is still time remaining. Max remaining time 01:38:59.1754529, next instruction time 0, next instruction Category: Osservatorio, Item: OpenDomeShutter
2026-07-13T23:03:56.8163|INFO|SequenceItem.cs|Run|208|Starting Category: Osservatorio, Item: OpenDomeShutter
2026-07-13T23:03:56.8166|INFO|SequenceItem.cs|Run|254|Finishing Category: Osservatorio, Item: OpenDomeShutter
2026-07-13T23:03:56.8167|INFO|MeridianFlipTrigger.cs|ShouldTrigger|296|Meridian Flip - (Side of Pier usage is disabled) There is still time remaining. Max remaining time 01:38:59.1754529, next instruction time 0, next instruction Category: Telescopio, Item: UnparkScope
2026-07-13T23:03:56.8167|INFO|SequenceItem.cs|Run|208|Starting Category: Telescopio, Item: UnparkScope
2026-07-13T23:03:56.8168|INFO|TelescopeVM.cs|UnparkTelescope|232|Mount ordered to unpark
2026-07-13T23:03:56.8220|INFO|TelescopeVM.cs|UnparkTelescope|277|Mount is already unparked
2026-07-13T23:03:56.8221|INFO|TelescopeVM.cs|UnparkTelescope|282|Mount has unparked
2026-07-13T23:03:56.8222|INFO|SequenceItem.cs|Run|254|Finishing Category: Telescopio, Item: UnparkScope
2026-07-13T23:03:56.8226|INFO|MeridianFlipTrigger.cs|ShouldTrigger|296|Meridian Flip - (Side of Pier usage is disabled) There is still time remaining. Max remaining time 01:38:59.1754529, next instruction time 0, next instruction Category: Apparato per i Flat, Item: OpenCover
2026-07-13T23:03:56.8226|INFO|SequenceItem.cs|Run|208|Starting Category: Apparato per i Flat, Item: OpenCover
2026-07-13T23:03:56.8290|INFO|SequenceItem.cs|Run|254|Finishing Category: Apparato per i Flat, Item: OpenCover
2026-07-13T23:03:56.8294|INFO|MeridianFlipTrigger.cs|ShouldTrigger|296|Meridian Flip - (Side of Pier usage is disabled) There is still time remaining. Max remaining time 01:38:59.1754529, next instruction time 0, next instruction Category: Telescopio, Item: SetTracking, TrackingMode: Sidereal
2026-07-13T23:03:56.8295|INFO|SequenceItem.cs|Run|208|Starting Category: Telescopio, Item: SetTracking, TrackingMode: Sidereal
2026-07-13T23:03:56.8478|INFO|SequenceItem.cs|Run|254|Finishing Category: Telescopio, Item: SetTracking, TrackingMode: Sidereal
2026-07-13T23:03:56.8481|INFO|SequenceItem.cs|Run|254|Finishing Category: * Set di Istruzioni *, Container: NINA.Sequencer.Container.SequentialContainer, Strategy: SequentialStrategy, Items[FINISHED]: 7
2026-07-13T23:03:56.8483|INFO|MeridianFlipTrigger.cs|ShouldTrigger|296|Meridian Flip - (Side of Pier usage is disabled) There is still time remaining. Max remaining time 01:38:59.1754529, next instruction time 0, next instruction Category: * Set di Istruzioni *, Container: NINA.Sequencer.Container.SequentialContainer, Strategy: SequentialStrategy, Items[CREATED]: 2
2026-07-13T23:03:56.8484|INFO|SequenceItem.cs|Run|208|Starting Category: * Set di Istruzioni *, Container: NINA.Sequencer.Container.SequentialContainer, Strategy: SequentialStrategy, Items[CREATED]: 2
2026-07-13T23:03:56.8485|INFO|MeridianFlipTrigger.cs|ShouldTrigger|296|Meridian Flip - (Side of Pier usage is disabled) There is still time remaining. Max remaining time 01:38:59.1754529, next instruction time 0, next instruction Category: Utilità, Item: Annotation, Text: BE SURE TO MATCH EACH TARGET CONTAINER LOOP CONDITION TO THE NESTED TARGET SEQUENCE LOOP CONDITION
2026-07-13T23:03:56.8485|INFO|SequenceItem.cs|Run|208|Starting Category: Utilità, Item: Annotation, Text: BE SURE TO MATCH EACH TARGET CONTAINER LOOP CONDITION TO THE NESTED TARGET SEQUENCE LOOP CONDITION
2026-07-13T23:03:56.8486|INFO|SequenceItem.cs|Run|254|Finishing Category: Utilità, Item: Annotation, Text: BE SURE TO MATCH EACH TARGET CONTAINER LOOP CONDITION TO THE NESTED TARGET SEQUENCE LOOP CONDITION
2026-07-13T23:03:56.8487|INFO|MeridianFlipTrigger.cs|ShouldTrigger|296|Meridian Flip - (Side of Pier usage is disabled) There is still time remaining. Max remaining time 01:38:59.1754529, next instruction time 0, next instruction Category: * Set di Istruzioni *, Container: NINA.Sequencer.Container.SequentialContainer, Strategy: SequentialStrategy, Items[CREATED]: 3, Conditions: Condition: TimeCondition, Time: 4:31:52h, 
2026-07-13T23:03:56.8487|INFO|SequenceItem.cs|Run|208|Starting Category: * Set di Istruzioni *, Container: NINA.Sequencer.Container.SequentialContainer, Strategy: SequentialStrategy, Items[CREATED]: 3, Conditions: Condition: TimeCondition, Time: 4:31:52h, 
2026-07-13T23:03:56.8489|INFO|MeridianFlipTrigger.cs|ShouldTrigger|296|Meridian Flip - (Side of Pier usage is disabled) There is still time remaining. Max remaining time 01:38:59.1754529, next instruction time 0, next instruction Category: Utilità, Item: Annotation, Text: PLACE YOUR ...FIRST... TARGET SEQUENCE OF THE NIGHT ...BELOW... THIS LINE
2026-07-13T23:03:56.8490|INFO|SequenceItem.cs|Run|208|Starting Category: Utilità, Item: Annotation, Text: PLACE YOUR ...FIRST... TARGET SEQUENCE OF THE NIGHT ...BELOW... THIS LINE
2026-07-13T23:03:56.8490|INFO|SequenceItem.cs|Run|254|Finishing Category: Utilità, Item: Annotation, Text: PLACE YOUR ...FIRST... TARGET SEQUENCE OF THE NIGHT ...BELOW... THIS LINE
2026-07-13T23:03:56.8491|INFO|MeridianFlipTrigger.cs|ShouldTrigger|296|Meridian Flip - (Side of Pier usage is disabled) There is still time remaining. Max remaining time 01:38:59.1754529, next instruction time 0, next instruction Category: Utilità, Item: Annotation, Text: PLACE YOUR ...FIRST... TARGET SEQUENCE OF THE NIGHT ...ABOVE... THIS LINE
2026-07-13T23:03:56.8491|INFO|SequenceItem.cs|Run|208|Starting Category: Utilità, Item: Annotation, Text: PLACE YOUR ...FIRST... TARGET SEQUENCE OF THE NIGHT ...ABOVE... THIS LINE
2026-07-13T23:03:56.8492|INFO|SequenceItem.cs|Run|254|Finishing Category: Utilità, Item: Annotation, Text: PLACE YOUR ...FIRST... TARGET SEQUENCE OF THE NIGHT ...ABOVE... THIS LINE
2026-07-13T23:03:56.8510|INFO|MeridianFlipTrigger.cs|ShouldTrigger|296|Meridian Flip - (Side of Pier usage is disabled) There is still time remaining. Max remaining time 01:38:59.1754529, next instruction time 0, next instruction Category: * Set di Istruzioni *, Container: NINA.Sequencer.Container.DeepSkyObjectContainer, Strategy: SequentialStrategy, Items[CREATED]: 4, Triggers: Trigger: CenterAfterDriftTrigger, DistanceArcMinutes: 3, Target: LDN 1320 RA: 04:15:12; Dec: 85° 37' 59"; Epoch: J2000 276.95
2026-07-13T23:03:56.8736|INFO|SequenceItem.cs|Run|208|Starting Category: * Set di Istruzioni *, Container: NINA.Sequencer.Container.DeepSkyObjectContainer, Strategy: SequentialStrategy, Items[CREATED]: 4, Triggers: Trigger: CenterAfterDriftTrigger, DistanceArcMinutes: 3, Target: LDN 1320 RA: 04:15:12; Dec: 85° 37' 59"; Epoch: J2000 276.95
2026-07-13T23:03:56.8763|INFO|MeridianFlipTrigger.cs|ShouldTrigger|296|Meridian Flip - (Side of Pier usage is disabled) There is still time remaining. Max remaining time 01:38:59.1754529, next instruction time 0, next instruction Category: Telescopio, Item: Center, Coordinates RA: 04:15:12; Dec: 85° 37' 59"; Epoch: J2000
2026-07-13T23:03:56.8766|INFO|SequenceItem.cs|Run|208|Starting Category: Telescopio, Item: Center, Coordinates RA: 04:15:12; Dec: 85° 37' 59"; Epoch: J2000
2026-07-13T23:03:57.0560|INFO|PHD2Guider.cs|StopGuiding|704|Phd2 - Stop Guiding skipped, as the app is already in state Stopped
2026-07-13T23:03:57.1555|INFO|TelescopeVM.cs|SlewAsyncInternal|910|Slewing from RA: 18:58:12; Dec: 39° 31' 25"; Epoch: JNOW to RA: 04:23:25; Dec: 85° 41' 39"; Epoch: JNOW - Alt: 38° 17' 07"; Az: 01° 16' 32"
2026-07-13T23:04:58.4560|INFO|CameraVM.cs|Capture|742|Starting Exposure - Exposure Time: 10s; Filter: ; Gain: 100; Offset 99; Binning: 1x1;
2026-07-13T23:05:13.9344|INFO|ImageSolver.cs|Solve|41|Platesolving with parameters: FocalLength: 760 PixelSize: 4.63 SearchRadius: 30 BlindFailoverEnabled: True Regions: 5000 DownSampleFactor: 2 MaxObjects: 500 Reference Coordinates RA: 04:15:12 Dec: 85° 37' 59" Epoch: J2000
2026-07-13T23:05:14.4759|INFO|BaseImageData.cs|SaveToDisk|346|Saved image to C:\Users\PrimaLuceLab\AppData\Local\NINA\PlateSolver\uhqg4k1y.xpn.fits
2026-07-13T23:05:16.2721|INFO|ImageSolver.cs|Solve|54|Platesolve successful: Coordinates: RA: 04:49:48; Dec: 85° 39' 53"; Epoch: J2000 - Position Angle: 272.5587312029175
2026-07-13T23:05:16.2912|INFO|CenteringSolver.cs|Center|99|Centering Solver - Scope Position: RA: 04:23:25; Dec: 85° 41' 40"; Epoch: JNOW; Offset: RA: 00:00:00; Dec: 00° 00' 00"; Distance: 00° 00' 00"; Bearing: 00° 00' 00"; Centering Coordinates: RA: 04:23:25; Dec: 85° 41' 39"; Epoch: JNOW; Solved: RA: 04:58:28; Dec: 85° 42' 21"; Epoch: JNOW; Separation RA: -00:35:03; Dec: -00° 00' 41"; Distance: 00° 39' 23"; Bearing: -84° 38' 07"; Threshold: 1
2026-07-13T23:05:16.5356|INFO|TelescopeVM.cs|Sync|777|Syncing scope from RA: 04:23:25; Dec: 85° 41' 40"; Epoch: JNOW to RA: 04:58:28; Dec: 85° 42' 21"; Epoch: JNOW
2026-07-13T23:05:21.5409|INFO|CenteringSolver.cs|Center|132|Slewing to target after sync. Current Position: RA: 04:58:28; Dec: 85° 42' 21"; Epoch: JNOW; Target coordinates: RA: 04:23:25; Dec: 85° 41' 39"; Epoch: JNOW; Offset RA: 00:00:00; Dec: 00° 00' 00"; Distance: 00° 00' 00"; Bearing: 00° 00' 00"
2026-07-13T23:05:21.5647|INFO|TelescopeVM.cs|SlewAsyncInternal|910|Slewing from RA: 04:58:28; Dec: 85° 42' 21"; Epoch: JNOW to RA: 04:23:25; Dec: 85° 41' 39"; Epoch: JNOW - Alt: 38° 17' 28"; Az: 01° 18' 30"
2026-07-13T23:05:33.6794|INFO|CameraVM.cs|Capture|742|Starting Exposure - Exposure Time: 10s; Filter: ; Gain: 100; Offset 99; Binning: 1x1;
2026-07-13T23:05:49.1041|INFO|ImageSolver.cs|Solve|41|Platesolving with parameters: FocalLength: 760 PixelSize: 4.63 SearchRadius: 30 BlindFailoverEnabled: True Regions: 5000 DownSampleFactor: 2 MaxObjects: 500 Reference Coordinates RA: 04:15:12 Dec: 85° 37' 59" Epoch: J2000
2026-07-13T23:05:49.6425|INFO|BaseImageData.cs|SaveToDisk|346|Saved image to C:\Users\PrimaLuceLab\AppData\Local\NINA\PlateSolver\tqsjh513.eqd.fits
2026-07-13T23:05:51.2620|INFO|ImageSolver.cs|Solve|54|Platesolve successful: Coordinates: RA: 04:16:08; Dec: 85° 38' 45"; Epoch: J2000 - Position Angle: 272.8869654866999
2026-07-13T23:05:51.3035|INFO|CenteringSolver.cs|Center|99|Centering Solver - Scope Position: RA: 04:23:25; Dec: 85° 41' 40"; Epoch: JNOW; Offset: RA: 00:00:00; Dec: 00° 00' 00"; Distance: 00° 00' 00"; Bearing: 00° 00' 00"; Centering Coordinates: RA: 04:23:25; Dec: 85° 41' 39"; Epoch: JNOW; Solved: RA: 04:24:23; Dec: 85° 42' 24"; Epoch: JNOW; Separation RA: -00:00:58; Dec: -00° 00' 44"; Distance: 00° 01' 19"; Bearing: -55° 46' 39"; Threshold: 1
2026-07-13T23:05:51.4960|INFO|TelescopeVM.cs|Sync|777|Syncing scope from RA: 04:23:25; Dec: 85° 41' 40"; Epoch: JNOW to RA: 04:24:23; Dec: 85° 42' 24"; Epoch: JNOW
2026-07-13T23:05:56.4975|INFO|CenteringSolver.cs|Center|132|Slewing to target after sync. Current Position: RA: 04:24:23; Dec: 85° 42' 24"; Epoch: JNOW; Target coordinates: RA: 04:23:25; Dec: 85° 41' 39"; Epoch: JNOW; Offset RA: 00:00:00; Dec: 00° 00' 00"; Distance: 00° 00' 00"; Bearing: 00° 00' 00"
2026-07-13T23:05:56.5107|INFO|TelescopeVM.cs|SlewAsyncInternal|910|Slewing from RA: 04:24:23; Dec: 85° 42' 24"; Epoch: JNOW to RA: 04:23:25; Dec: 85° 41' 39"; Epoch: JNOW - Alt: 38° 17' 37"; Az: 01° 19' 19"
2026-07-13T23:06:06.5844|INFO|CameraVM.cs|Capture|742|Starting Exposure - Exposure Time: 10s; Filter: ; Gain: 100; Offset 99; Binning: 1x1;
2026-07-13T23:06:22.1634|INFO|ImageSolver.cs|Solve|41|Platesolving with parameters: FocalLength: 760 PixelSize: 4.63 SearchRadius: 30 BlindFailoverEnabled: True Regions: 5000 DownSampleFactor: 2 MaxObjects: 500 Reference Coordinates RA: 04:15:12 Dec: 85° 37' 59" Epoch: J2000
2026-07-13T23:06:22.6648|INFO|BaseImageData.cs|SaveToDisk|346|Saved image to C:\Users\PrimaLuceLab\AppData\Local\NINA\PlateSolver\fmv11z1i.hmk.fits
2026-07-13T23:06:24.3422|INFO|ImageSolver.cs|Solve|54|Platesolve successful: Coordinates: RA: 04:15:10; Dec: 85° 37' 57"; Epoch: J2000 - Position Angle: 272.9150217878333
2026-07-13T23:06:24.3899|INFO|CenteringSolver.cs|Center|99|Centering Solver - Scope Position: RA: 04:23:25; Dec: 85° 41' 40"; Epoch: JNOW; Offset: RA: 00:00:00; Dec: 00° 00' 00"; Distance: 00° 00' 00"; Bearing: 00° 00' 00"; Centering Coordinates: RA: 04:23:25; Dec: 85° 41' 39"; Epoch: JNOW; Solved: RA: 04:23:22; Dec: 85° 41' 38"; Epoch: JNOW; Separation RA: 00:00:02; Dec: 00° 00' 01"; Distance: 00° 00' 03"; Bearing: 118° 53' 42"; Threshold: 1
2026-07-13T23:06:24.3909|INFO|SequenceItem.cs|Run|254|Finishing Category: Telescopio, Item: Center, Coordinates RA: 04:15:12; Dec: 85° 37' 59"; Epoch: J2000
2026-07-13T23:06:24.3919|INFO|MeridianFlipTrigger.cs|ShouldTrigger|296|Meridian Flip - (Side of Pier usage is disabled) There is still time remaining. Max remaining time 11:01:44.1282314, next instruction time 0, next instruction Category: Guida, Item: StartGuiding
2026-07-13T23:06:24.3921|INFO|SequenceItem.cs|Run|208|Starting Category: Guida, Item: StartGuiding
2026-07-13T23:06:24.5221|INFO|PHD2Guider.cs|TryStartGuideCommand|641|Phd2 - Requesting to start guiding. Recalibrate: False
2026-07-13T23:06:46.0037|INFO|SequenceItem.cs|Run|254|Finishing Category: Guida, Item: StartGuiding
2026-07-13T23:06:46.0041|INFO|MeridianFlipTrigger.cs|ShouldTrigger|296|Meridian Flip - (Side of Pier usage is disabled) There is still time remaining. Max remaining time 11:01:23.9562270, next instruction time 300, next instruction Category: Utilità, Item: WaitForTimeSpan, Time: 300s
2026-07-13T23:06:46.0041|INFO|SequenceItem.cs|Run|208|Starting Category: Utilità, Item: WaitForTimeSpan, Time: 300s
2026-07-13T23:11:47.5565|INFO|SequenceItem.cs|Run|254|Finishing Category: Utilità, Item: WaitForTimeSpan, Time: 300s
2026-07-13T23:11:47.5579|INFO|MeridianFlipTrigger.cs|ShouldTrigger|296|Meridian Flip - (Side of Pier usage is disabled) There is still time remaining. Max remaining time 10:56:12.4222820, next instruction time 600, next instruction Category: Fotocamera, Container: NINA.Sequencer.SequenceItem.Imaging.SmartExposure, Strategy: SequentialStrategy, Items[CREATED]: 2, Conditions: Condition: LoopCondition, Iterations: 0/45, , Triggers: Trigger: DitherAfterExposures, After Exposures: 1
2026-07-13T23:11:47.5592|INFO|SequenceItem.cs|Run|208|Starting Category: Fotocamera, Container: NINA.Sequencer.SequenceItem.Imaging.SmartExposure, Strategy: SequentialStrategy, Items[CREATED]: 2, Conditions: Condition: LoopCondition, Iterations: 0/45, , Triggers: Trigger: DitherAfterExposures, After Exposures: 1
2026-07-13T23:11:47.5614|INFO|MeridianFlipTrigger.cs|ShouldTrigger|296|Meridian Flip - (Side of Pier usage is disabled) There is still time remaining. Max remaining time 10:56:12.4222820, next instruction time 0, next instruction Category: Ruota porta filtri, Item: SwitchFilter, Filter: LPRO
2026-07-13T23:11:47.5615|INFO|SequenceItem.cs|Run|208|Starting Category: Ruota porta filtri, Item: SwitchFilter, Filter: LPRO
2026-07-13T23:11:47.5622|INFO|SequenceItem.cs|Run|254|Finishing Category: Ruota porta filtri, Item: SwitchFilter, Filter: LPRO
2026-07-13T23:11:47.5633|INFO|MeridianFlipTrigger.cs|ShouldTrigger|296|Meridian Flip - (Side of Pier usage is disabled) There is still time remaining. Max remaining time 10:56:12.4222820, next instruction time 600, next instruction Category: Fotocamera, Item: TakeExposure, ExposureTime 600, Gain 910, Offset 99, ImageType LIGHT, Binning 1x1
2026-07-13T23:11:47.5657|INFO|SequenceTrigger.cs|Run|114|Starting Trigger: RestoreGuiding
2026-07-13T23:11:47.5698|INFO|SequenceItem.cs|Run|208|Starting Category: * Set di Istruzioni *, Container: NINA.Sequencer.Container.SequentialContainer, Strategy: SequentialStrategy, Items[CREATED]: 1
2026-07-13T23:11:47.5701|INFO|SequenceItem.cs|Run|208|Starting Category: Guida, Item: StartGuiding
2026-07-13T23:11:47.6407|INFO|PHD2Guider.cs|StartGuidingPrivate|504|Phd2 - App is already guiding. Skipping start guiding
2026-07-13T23:11:47.6408|INFO|SequenceItem.cs|Run|254|Finishing Category: Guida, Item: StartGuiding
2026-07-13T23:11:47.6414|INFO|SequenceItem.cs|Run|254|Finishing Category: * Set di Istruzioni *, Container: NINA.Sequencer.Container.SequentialContainer, Strategy: SequentialStrategy, Items[FINISHED]: 1
2026-07-13T23:11:47.6436|INFO|SequenceItem.cs|Run|208|Starting Category: Fotocamera, Item: TakeExposure, ExposureTime 600, Gain 910, Offset 99, ImageType LIGHT, Binning 1x1
2026-07-13T23:11:47.6486|INFO|CameraVM.cs|Capture|742|Starting Exposure - Exposure Time: 600s; Filter: ; Gain: 910; Offset 99; Binning: 1x1;
2026-07-13T23:21:47.9606|INFO|SequenceItem.cs|Run|254|Finishing Category: Fotocamera, Item: TakeExposure, ExposureTime 600, Gain 910, Offset 99, ImageType LIGHT, Binning 1x1
2026-07-13T23:21:47.9649|INFO|MeridianFlipTrigger.cs|ShouldTrigger|296|Meridian Flip - (Side of Pier usage is disabled) There is still time remaining. Max remaining time 10:45:56.0269254, next instruction time 0, next instruction Category: Ruota porta filtri, Item: SwitchFilter, Filter: LPRO
2026-07-13T23:21:47.9650|INFO|SequenceItem.cs|Run|208|Starting Category: Ruota porta filtri, Item: SwitchFilter, Filter: LPRO
2026-07-13T23:21:47.9662|INFO|SequenceItem.cs|Run|254|Finishing Category: Ruota porta filtri, Item: SwitchFilter, Filter: LPRO
2026-07-13T23:21:47.9688|INFO|SequenceTrigger.cs|Run|114|Starting Trigger: DitherAfterExposures, After Exposures: 1
2026-07-13T23:21:47.9707|INFO|SequenceItem.cs|Run|208|Starting Category: * Set di Istruzioni *, Container: NINA.Sequencer.Container.SequentialContainer, Strategy: SequentialStrategy, Items[CREATED]: 1
2026-07-13T23:21:47.9713|INFO|SequenceItem.cs|Run|208|Starting Category: Guida, Item: Dither
2026-07-13T23:21:51.1589|WARNING|DeviceUpdateTimer.cs|Run|115|Mount value update cycle took longer than the device poll interval (Total: 3.02s > 2s; Poll: 00:00:03.0172377; Update: 00:00:00.0001296)
2026-07-13T23:21:59.8786|INFO|HocusFocusStarDetection.cs|Detect|413|Average HFR: 2.5964737130376014, HFR MAD: 0.27815775564088696, Detected Stars 530, Region: 0
2026-07-13T23:22:01.1210|INFO|BaseImageData.cs|SaveToDisk|346|Saved image to D:\Images NINA\Target\LIGHT_1x1_600.00s_910_99_LDN 1320_Skywatcher quattro 200p__-10.00C_LPRO_0072_2026-07-13_23-11-47_FWHM_7.31_Fok_114652.xisf
2026-07-13T23:22:01.1213|INFO|ImageSaveController.cs|DoWork|97|Successfully saved file at D:\Images NINA\Target\LIGHT_1x1_600.00s_910_99_LDN 1320_Skywatcher quattro 200p__-10.00C_LPRO_0072_2026-07-13_23-11-47_FWHM_7.31_Fok_114652.xisf. Duration Total: 00:00:12.5411598; BeforeSave: 00:00:00.0046445; BeforeFinalizeImageSaved: 00:00:11.7628891; FinalizeSaveTime: 00:00:00.7736255
2026-07-13T23:22:22.8880|INFO|SequenceItem.cs|Run|254|Finishing Category: Guida, Item: Dither
2026-07-13T23:22:22.8883|INFO|SequenceItem.cs|Run|254|Finishing Category: * Set di Istruzioni *, Container: NINA.Sequencer.Container.SequentialContainer, Strategy: SequentialStrategy, Items[FINISHED]: 1
2026-07-13T23:22:22.8885|INFO|MeridianFlipTrigger.cs|ShouldTrigger|296|Meridian Flip - (Side of Pier usage is disabled) There is still time remaining. Max remaining time 10:45:07.3001761, next instruction time 600, next instruction Category: Fotocamera, Item: TakeExposure, ExposureTime 600, Gain 910, Offset 99, ImageType LIGHT, Binning 1x1
2026-07-13T23:22:22.8886|INFO|SequenceTrigger.cs|Run|114|Starting Trigger: RestoreGuiding
2026-07-13T23:22:22.8886|INFO|SequenceItem.cs|Run|208|Starting Category: * Set di Istruzioni *, Container: NINA.Sequencer.Container.SequentialContainer, Strategy: SequentialStrategy, Items[CREATED]: 1
2026-07-13T23:22:22.8887|INFO|SequenceItem.cs|Run|208|Starting Category: Guida, Item: StartGuiding
2026-07-13T23:22:22.9300|INFO|PHD2Guider.cs|StartGuidingPrivate|504|Phd2 - App is already guiding. Skipping start guiding
2026-07-13T23:22:22.9302|INFO|SequenceItem.cs|Run|254|Finishing Category: Guida, Item: StartGuiding
2026-07-13T23:22:22.9305|INFO|SequenceItem.cs|Run|254|Finishing Category: * Set di Istruzioni *, Container: NINA.Sequencer.Container.SequentialContainer, Strategy: SequentialStrategy, Items[FINISHED]: 1
2026-07-13T23:22:22.9327|INFO|SequenceItem.cs|Run|208|Starting Category: Fotocamera, Item: TakeExposure, ExposureTime 600, Gain 910, Offset 99, ImageType LIGHT, Binning 1x1
2026-07-13T23:22:22.9332|INFO|CameraVM.cs|Capture|742|Starting Exposure - Exposure Time: 600s; Filter: ; Gain: 910; Offset 99; Binning: 1x1;
2026-07-13T23:32:23.1279|INFO|SequenceItem.cs|Run|254|Finishing Category: Fotocamera, Item: TakeExposure, ExposureTime 600, Gain 910, Offset 99, ImageType LIGHT, Binning 1x1
2026-07-13T23:32:23.1285|INFO|MeridianFlipTrigger.cs|ShouldTrigger|296|Meridian Flip - (Side of Pier usage is disabled) There is still time remaining. Max remaining time 10:34:48.4239635, next instruction time 0, next instruction Category: Ruota porta filtri, Item: SwitchFilter, Filter: LPRO
2026-07-13T23:32:23.1286|INFO|SequenceItem.cs|Run|208|Starting Category: Ruota porta filtri, Item: SwitchFilter, Filter: LPRO
2026-07-13T23:32:23.1332|INFO|SequenceItem.cs|Run|254|Finishing Category: Ruota porta filtri, Item: SwitchFilter, Filter: LPRO
2026-07-13T23:32:23.1336|INFO|SequenceTrigger.cs|Run|114|Starting Trigger: DitherAfterExposures, After Exposures: 1
2026-07-13T23:32:23.1337|INFO|SequenceItem.cs|Run|208|Starting Category: * Set di Istruzioni *, Container: NINA.Sequencer.Container.SequentialContainer, Strategy: SequentialStrategy, Items[CREATED]: 1
2026-07-13T23:32:23.1338|INFO|SequenceItem.cs|Run|208|Starting Category: Guida, Item: Dither
2026-07-13T23:32:35.1581|INFO|HocusFocusStarDetection.cs|Detect|413|Average HFR: 2.5287538324949135, HFR MAD: 0.2670152735709026, Detected Stars 580, Region: 0
2026-07-13T23:32:35.7954|INFO|BaseImageData.cs|SaveToDisk|346|Saved image to D:\Images NINA\Target\LIGHT_1x1_600.00s_910_99_LDN 1320_Skywatcher quattro 200p__-10.00C_LPRO_0073_2026-07-13_23-22-22_FWHM_7.19_Fok_114652.xisf
2026-07-13T23:32:35.7955|INFO|ImageSaveController.cs|DoWork|97|Successfully saved file at D:\Images NINA\Target\LIGHT_1x1_600.00s_910_99_LDN 1320_Skywatcher quattro 200p__-10.00C_LPRO_0073_2026-07-13_23-22-22_FWHM_7.19_Fok_114652.xisf. Duration Total: 00:00:11.1226652; BeforeSave: 00:00:00.0001430; BeforeFinalizeImageSaved: 00:00:10.9926246; FinalizeSaveTime: 00:00:00.1298969
2026-07-13T23:32:48.2815|INFO|SequenceItem.cs|Run|254|Finishing Category: Guida, Item: Dither
2026-07-13T23:32:48.2818|INFO|SequenceItem.cs|Run|254|Finishing Category: * Set di Istruzioni *, Container: NINA.Sequencer.Container.SequentialContainer, Strategy: SequentialStrategy, Items[FINISHED]: 1
2026-07-13T23:32:48.2819|INFO|MeridianFlipTrigger.cs|ShouldTrigger|296|Meridian Flip - (Side of Pier usage is disabled) There is still time remaining. Max remaining time 10:34:08.5926613, next instruction time 600, next instruction Category: Fotocamera, Item: TakeExposure, ExposureTime 600, Gain 910, Offset 99, ImageType LIGHT, Binning 1x1
2026-07-13T23:32:48.2819|INFO|SequenceTrigger.cs|Run|114|Starting Trigger: RestoreGuiding
2026-07-13T23:32:48.2820|INFO|SequenceItem.cs|Run|208|Starting Category: * Set di Istruzioni *, Container: NINA.Sequencer.Container.SequentialContainer, Strategy: SequentialStrategy, Items[CREATED]: 1
2026-07-13T23:32:48.2820|INFO|SequenceItem.cs|Run|208|Starting Category: Guida, Item: StartGuiding
2026-07-13T23:32:48.3230|INFO|PHD2Guider.cs|StartGuidingPrivate|504|Phd2 - App is already guiding. Skipping start guiding
2026-07-13T23:32:48.3234|INFO|SequenceItem.cs|Run|254|Finishing Category: Guida, Item: StartGuiding
2026-07-13T23:32:48.3236|INFO|SequenceItem.cs|Run|254|Finishing Category: * Set di Istruzioni *, Container: NINA.Sequencer.Container.SequentialContainer, Strategy: SequentialStrategy, Items[FINISHED]: 1
2026-07-13T23:32:48.3283|INFO|SequenceItem.cs|Run|208|Starting Category: Fotocamera, Item: TakeExposure, ExposureTime 600, Gain 910, Offset 99, ImageType LIGHT, Binning 1x1
2026-07-13T23:32:48.3290|INFO|CameraVM.cs|Capture|742|Starting Exposure - Exposure Time: 600s; Filter: ; Gain: 910; Offset 99; Binning: 1x1;
2026-07-13T23:42:48.6034|INFO|SequenceItem.cs|Run|254|Finishing Category: Fotocamera, Item: TakeExposure, ExposureTime 600, Gain 910, Offset 99, ImageType LIGHT, Binning 1x1
2026-07-13T23:42:48.6422|INFO|MeridianFlipTrigger.cs|ShouldTrigger|296|Meridian Flip - (Side of Pier usage is disabled) There is still time remaining. Max remaining time 10:23:54.6825498, next instruction time 0, next instruction Category: Ruota porta filtri, Item: SwitchFilter, Filter: LPRO
2026-07-13T23:42:48.6423|INFO|SequenceItem.cs|Run|208|Starting Category: Ruota porta filtri, Item: SwitchFilter, Filter: LPRO
2026-07-13T23:42:48.6818|INFO|SequenceItem.cs|Run|254|Finishing Category: Ruota porta filtri, Item: SwitchFilter, Filter: LPRO
2026-07-13T23:42:48.6822|INFO|SequenceTrigger.cs|Run|114|Starting Trigger: DitherAfterExposures, After Exposures: 1
2026-07-13T23:42:48.6822|INFO|SequenceItem.cs|Run|208|Starting Category: * Set di Istruzioni *, Container: NINA.Sequencer.Container.SequentialContainer, Strategy: SequentialStrategy, Items[CREATED]: 1
2026-07-13T23:42:48.6823|INFO|SequenceItem.cs|Run|208|Starting Category: Guida, Item: Dither
2026-07-13T23:42:49.3094|INFO|ImageSolver.cs|Solve|41|Platesolving with parameters: FocalLength: 760 PixelSize: 4.63 SearchRadius: 30 BlindFailoverEnabled: True Regions: 5000 DownSampleFactor: 2 MaxObjects: 500 Reference Coordinates RA: 04:13:55 Dec: 85° 37' 34" Epoch: J2000
2026-07-13T23:42:50.4568|INFO|BaseImageData.cs|SaveToDisk|346|Saved image to C:\Users\PrimaLuceLab\AppData\Local\NINA\PlateSolver\3ic5y4j1.1ns.fits
2026-07-13T23:42:52.8758|INFO|ImageSolver.cs|Solve|54|Platesolve successful: Coordinates: RA: 04:14:55; Dec: 85° 37' 39"; Epoch: J2000 - Position Angle: 273.1550308076121
2026-07-13T23:42:52.8768|INFO|CenterAfterDriftTrigger.cs|PlatesolvingImageFollower_PropertyChanged|189|Drift: 0.4621940137385318 / 3 arc minutes
2026-07-13T23:43:00.4245|INFO|SequenceItem.cs|Run|254|Finishing Category: Guida, Item: Dither
2026-07-13T23:43:00.4248|INFO|SequenceItem.cs|Run|254|Finishing Category: * Set di Istruzioni *, Container: NINA.Sequencer.Container.SequentialContainer, Strategy: SequentialStrategy, Items[FINISHED]: 1
2026-07-13T23:43:00.4249|INFO|MeridianFlipTrigger.cs|ShouldTrigger|296|Meridian Flip - (Side of Pier usage is disabled) There is still time remaining. Max remaining time 10:23:45.9675588, next instruction time 600, next instruction Category: Fotocamera, Item: TakeExposure, ExposureTime 600, Gain 910, Offset 99, ImageType LIGHT, Binning 1x1
2026-07-13T23:43:00.4250|INFO|SequenceTrigger.cs|Run|114|Starting Trigger: RestoreGuiding
2026-07-13T23:43:00.4250|INFO|SequenceItem.cs|Run|208|Starting Category: * Set di Istruzioni *, Container: NINA.Sequencer.Container.SequentialContainer, Strategy: SequentialStrategy, Items[CREATED]: 1
2026-07-13T23:43:00.4251|INFO|SequenceItem.cs|Run|208|Starting Category: Guida, Item: StartGuiding
2026-07-13T23:43:00.4569|INFO|PHD2Guider.cs|StartGuidingPrivate|504|Phd2 - App is already guiding. Skipping start guiding
2026-07-13T23:43:00.4570|INFO|SequenceItem.cs|Run|254|Finishing Category: Guida, Item: StartGuiding
2026-07-13T23:43:00.4572|INFO|SequenceItem.cs|Run|254|Finishing Category: * Set di Istruzioni *, Container: NINA.Sequencer.Container.SequentialContainer, Strategy: SequentialStrategy, Items[FINISHED]: 1
2026-07-13T23:43:00.4573|INFO|SequenceItem.cs|Run|208|Starting Category: Fotocamera, Item: TakeExposure, ExposureTime 600, Gain 910, Offset 99, ImageType LIGHT, Binning 1x1
2026-07-13T23:43:00.4578|INFO|CameraVM.cs|Capture|742|Starting Exposure - Exposure Time: 600s; Filter: ; Gain: 910; Offset 99; Binning: 1x1;
2026-07-13T23:43:02.8676|INFO|HocusFocusStarDetection.cs|Detect|413|Average HFR: 2.5981939676637436, HFR MAD: 0.25361635859105647, Detected Stars 559, Region: 0
2026-07-13T23:43:03.4316|INFO|BaseImageData.cs|SaveToDisk|346|Saved image to D:\Images NINA\Target\LIGHT_1x1_600.00s_910_99_LDN 1320_Skywatcher quattro 200p__-9.90C_LPRO_0074_2026-07-13_23-32-48_FWHM_7.26_Fok_114652.xisf
2026-07-13T23:43:03.4317|INFO|ImageSaveController.cs|DoWork|97|Successfully saved file at D:\Images NINA\Target\LIGHT_1x1_600.00s_910_99_LDN 1320_Skywatcher quattro 200p__-9.90C_LPRO_0074_2026-07-13_23-32-48_FWHM_7.26_Fok_114652.xisf. Duration Total: 00:00:14.1260460; BeforeSave: 00:00:00.0000972; BeforeFinalizeImageSaved: 00:00:13.9151351; FinalizeSaveTime: 00:00:00.2108130
2026-07-13T23:53:01.0678|INFO|SequenceItem.cs|Run|254|Finishing Category: Fotocamera, Item: TakeExposure, ExposureTime 600, Gain 910, Offset 99, ImageType LIGHT, Binning 1x1
2026-07-13T23:53:01.0683|INFO|MeridianFlipTrigger.cs|ShouldTrigger|296|Meridian Flip - (Side of Pier usage is disabled) There is still time remaining. Max remaining time 10:13:25.1629006, next instruction time 0, next instruction Category: Ruota porta filtri, Item: SwitchFilter, Filter: LPRO
2026-07-13T23:53:01.0684|INFO|SequenceItem.cs|Run|208|Starting Category: Ruota porta filtri, Item: SwitchFilter, Filter: LPRO
2026-07-13T23:53:01.1092|INFO|SequenceItem.cs|Run|254|Finishing Category: Ruota porta filtri, Item: SwitchFilter, Filter: LPRO
2026-07-13T23:53:01.1096|INFO|SequenceTrigger.cs|Run|114|Starting Trigger: DitherAfterExposures, After Exposures: 1
2026-07-13T23:53:01.1096|INFO|SequenceItem.cs|Run|208|Starting Category: * Set di Istruzioni *, Container: NINA.Sequencer.Container.SequentialContainer, Strategy: SequentialStrategy, Items[CREATED]: 1
2026-07-13T23:53:01.1097|INFO|SequenceItem.cs|Run|208|Starting Category: Guida, Item: Dither
2026-07-13T23:53:13.7770|INFO|HocusFocusStarDetection.cs|Detect|413|Average HFR: 2.6416891325866163, HFR MAD: 0.2456056771820596, Detected Stars 568, Region: 0
2026-07-13T23:53:14.2424|INFO|BaseImageData.cs|SaveToDisk|346|Saved image to D:\Images NINA\Target\LIGHT_1x1_600.00s_910_99_LDN 1320_Skywatcher quattro 200p__-9.90C_LPRO_0075_2026-07-13_23-43-00_FWHM_7.39_Fok_114652.xisf
2026-07-13T23:53:14.2425|INFO|ImageSaveController.cs|DoWork|97|Successfully saved file at D:\Images NINA\Target\LIGHT_1x1_600.00s_910_99_LDN 1320_Skywatcher quattro 200p__-9.90C_LPRO_0075_2026-07-13_23-43-00_FWHM_7.39_Fok_114652.xisf. Duration Total: 00:00:12.3769614; BeforeSave: 00:00:00.0000874; BeforeFinalizeImageSaved: 00:00:12.2302114; FinalizeSaveTime: 00:00:00.1466618
2026-07-13T23:53:22.6411|INFO|SequenceItem.cs|Run|254|Finishing Category: Guida, Item: Dither
2026-07-13T23:53:22.6419|INFO|SequenceItem.cs|Run|254|Finishing Category: * Set di Istruzioni *, Container: NINA.Sequencer.Container.SequentialContainer, Strategy: SequentialStrategy, Items[FINISHED]: 1
2026-07-13T23:53:22.6421|INFO|MeridianFlipTrigger.cs|ShouldTrigger|296|Meridian Flip - (Side of Pier usage is disabled) There is still time remaining. Max remaining time 10:12:54.8700232, next instruction time 600, next instruction Category: Fotocamera, Item: TakeExposure, ExposureTime 600, Gain 910, Offset 99, ImageType LIGHT, Binning 1x1
2026-07-13T23:53:22.6421|INFO|SequenceTrigger.cs|Run|114|Starting Trigger: RestoreGuiding
2026-07-13T23:53:22.6422|INFO|SequenceItem.cs|Run|208|Starting Category: * Set di Istruzioni *, Container: NINA.Sequencer.Container.SequentialContainer, Strategy: SequentialStrategy, Items[CREATED]: 1
2026-07-13T23:53:22.6422|INFO|SequenceItem.cs|Run|208|Starting Category: Guida, Item: StartGuiding
2026-07-13T23:53:22.6808|INFO|PHD2Guider.cs|StartGuidingPrivate|504|Phd2 - App is already guiding. Skipping start guiding
2026-07-13T23:53:22.6810|INFO|SequenceItem.cs|Run|254|Finishing Category: Guida, Item: StartGuiding
2026-07-13T23:53:22.6811|INFO|SequenceItem.cs|Run|254|Finishing Category: * Set di Istruzioni *, Container: NINA.Sequencer.Container.SequentialContainer, Strategy: SequentialStrategy, Items[FINISHED]: 1
2026-07-13T23:53:22.6869|INFO|SequenceItem.cs|Run|208|Starting Category: Fotocamera, Item: TakeExposure, ExposureTime 600, Gain 910, Offset 99, ImageType LIGHT, Binning 1x1
2026-07-13T23:53:22.6875|INFO|CameraVM.cs|Capture|742|Starting Exposure - Exposure Time: 600s; Filter: ; Gain: 910; Offset 99; Binning: 1x1;
2026-07-14T00:03:23.0267|INFO|SequenceItem.cs|Run|254|Finishing Category: Fotocamera, Item: TakeExposure, ExposureTime 600, Gain 910, Offset 99, ImageType LIGHT, Binning 1x1
2026-07-14T00:03:23.0272|INFO|MeridianFlipTrigger.cs|ShouldTrigger|296|Meridian Flip - (Side of Pier usage is disabled) There is still time remaining. Max remaining time 10:02:37.1570709, next instruction time 0, next instruction Category: Ruota porta filtri, Item: SwitchFilter, Filter: LPRO
2026-07-14T00:03:23.0272|INFO|SequenceItem.cs|Run|208|Starting Category: Ruota porta filtri, Item: SwitchFilter, Filter: LPRO
2026-07-14T00:03:23.0278|INFO|SequenceItem.cs|Run|254|Finishing Category: Ruota porta filtri, Item: SwitchFilter, Filter: LPRO
2026-07-14T00:03:23.0280|INFO|SequenceTrigger.cs|Run|114|Starting Trigger: DitherAfterExposures, After Exposures: 1
2026-07-14T00:03:23.0281|INFO|SequenceItem.cs|Run|208|Starting Category: * Set di Istruzioni *, Container: NINA.Sequencer.Container.SequentialContainer, Strategy: SequentialStrategy, Items[CREATED]: 1
2026-07-14T00:03:23.0281|INFO|SequenceItem.cs|Run|208|Starting Category: Guida, Item: Dither
2026-07-14T00:03:35.2116|INFO|HocusFocusStarDetection.cs|Detect|413|Average HFR: 2.649186652012862, HFR MAD: 0.2559986533964267, Detected Stars 561, Region: 0
2026-07-14T00:03:35.7357|INFO|BaseImageData.cs|SaveToDisk|346|Saved image to D:\Images NINA\Target\LIGHT_1x1_600.00s_910_99_LDN 1320_Skywatcher quattro 200p__-9.90C_LPRO_0076_2026-07-13_23-53-22_FWHM_7.24_Fok_114652.xisf
2026-07-14T00:03:35.7358|INFO|ImageSaveController.cs|DoWork|97|Successfully saved file at D:\Images NINA\Target\LIGHT_1x1_600.00s_910_99_LDN 1320_Skywatcher quattro 200p__-9.90C_LPRO_0076_2026-07-13_23-53-22_FWHM_7.24_Fok_114652.xisf. Duration Total: 00:00:11.9962953; BeforeSave: 00:00:00.0001080; BeforeFinalizeImageSaved: 00:00:11.8721525; FinalizeSaveTime: 00:00:00.1240340
2026-07-14T00:03:57.6815|INFO|SequenceItem.cs|Run|254|Finishing Category: Guida, Item: Dither
2026-07-14T00:03:57.6817|INFO|SequenceItem.cs|Run|254|Finishing Category: * Set di Istruzioni *, Container: NINA.Sequencer.Container.SequentialContainer, Strategy: SequentialStrategy, Items[FINISHED]: 1
2026-07-14T00:03:57.6818|INFO|MeridianFlipTrigger.cs|ShouldTrigger|296|Meridian Flip - (Side of Pier usage is disabled) There is still time remaining. Max remaining time 10:02:03.8381080, next instruction time 600, next instruction Category: Fotocamera, Item: TakeExposure, ExposureTime 600, Gain 910, Offset 99, ImageType LIGHT, Binning 1x1
2026-07-14T00:03:57.6819|INFO|SequenceTrigger.cs|Run|114|Starting Trigger: RestoreGuiding
2026-07-14T00:03:57.6819|INFO|SequenceItem.cs|Run|208|Starting Category: * Set di Istruzioni *, Container: NINA.Sequencer.Container.SequentialContainer, Strategy: SequentialStrategy, Items[CREATED]: 1
2026-07-14T00:03:57.6820|INFO|SequenceItem.cs|Run|208|Starting Category: Guida, Item: StartGuiding
2026-07-14T00:03:57.7072|INFO|PHD2Guider.cs|StartGuidingPrivate|504|Phd2 - App is already guiding. Skipping start guiding
2026-07-14T00:03:57.7121|INFO|SequenceItem.cs|Run|254|Finishing Category: Guida, Item: StartGuiding
2026-07-14T00:03:57.7131|INFO|SequenceItem.cs|Run|254|Finishing Category: * Set di Istruzioni *, Container: NINA.Sequencer.Container.SequentialContainer, Strategy: SequentialStrategy, Items[FINISHED]: 1
2026-07-14T00:03:57.7136|INFO|SequenceItem.cs|Run|208|Starting Category: Fotocamera, Item: TakeExposure, ExposureTime 600, Gain 910, Offset 99, ImageType LIGHT, Binning 1x1
2026-07-14T00:03:57.7140|INFO|CameraVM.cs|Capture|742|Starting Exposure - Exposure Time: 600s; Filter: ; Gain: 910; Offset 99; Binning: 1x1;
2026-07-14T00:13:57.9335|INFO|SequenceItem.cs|Run|254|Finishing Category: Fotocamera, Item: TakeExposure, ExposureTime 600, Gain 910, Offset 99, ImageType LIGHT, Binning 1x1
2026-07-14T00:13:57.9339|INFO|MeridianFlipTrigger.cs|ShouldTrigger|296|Meridian Flip - (Side of Pier usage is disabled) There is still time remaining. Max remaining time 09:51:47.9527418, next instruction time 0, next instruction Category: Ruota porta filtri, Item: SwitchFilter, Filter: LPRO
2026-07-14T00:13:57.9340|INFO|SequenceItem.cs|Run|208|Starting Category: Ruota porta filtri, Item: SwitchFilter, Filter: LPRO
2026-07-14T00:13:57.9382|INFO|SequenceItem.cs|Run|254|Finishing Category: Ruota porta filtri, Item: SwitchFilter, Filter: LPRO
2026-07-14T00:13:57.9385|INFO|SequenceTrigger.cs|Run|114|Starting Trigger: DitherAfterExposures, After Exposures: 1
2026-07-14T00:13:57.9387|INFO|SequenceItem.cs|Run|208|Starting Category: * Set di Istruzioni *, Container: NINA.Sequencer.Container.SequentialContainer, Strategy: SequentialStrategy, Items[CREATED]: 1
2026-07-14T00:13:57.9388|INFO|SequenceItem.cs|Run|208|Starting Category: Guida, Item: Dither
2026-07-14T00:13:58.4798|INFO|ImageSolver.cs|Solve|41|Platesolving with parameters: FocalLength: 760 PixelSize: 4.63 SearchRadius: 30 BlindFailoverEnabled: True Regions: 5000 DownSampleFactor: 2 MaxObjects: 500 Reference Coordinates RA: 04:13:01 Dec: 85° 37' 46" Epoch: J2000
2026-07-14T00:13:59.4594|INFO|BaseImageData.cs|SaveToDisk|346|Saved image to C:\Users\PrimaLuceLab\AppData\Local\NINA\PlateSolver\f4gksean.2y3.fits
2026-07-14T00:14:02.3777|INFO|ImageSolver.cs|Solve|54|Platesolve successful: Coordinates: RA: 04:15:08; Dec: 85° 37' 37"; Epoch: J2000 - Position Angle: 273.3967793544953
2026-07-14T00:14:02.3779|INFO|CenterAfterDriftTrigger.cs|PlatesolvingImageFollower_PropertyChanged|189|Drift: 0.36887490058635525 / 3 arc minutes
2026-07-14T00:14:11.4061|INFO|HocusFocusStarDetection.cs|Detect|413|Average HFR: 2.8126079011647582, HFR MAD: 0.27491049028295045, Detected Stars 535, Region: 0
2026-07-14T00:14:11.9589|INFO|BaseImageData.cs|SaveToDisk|346|Saved image to D:\Images NINA\Target\LIGHT_1x1_600.00s_910_99_LDN 1320_Skywatcher quattro 200p__-9.90C_LPRO_0077_2026-07-14_00-03-57_FWHM_7.34_Fok_114652.xisf
2026-07-14T00:14:11.9590|INFO|ImageSaveController.cs|DoWork|97|Successfully saved file at D:\Images NINA\Target\LIGHT_1x1_600.00s_910_99_LDN 1320_Skywatcher quattro 200p__-9.90C_LPRO_0077_2026-07-14_00-03-57_FWHM_7.34_Fok_114652.xisf. Duration Total: 00:00:13.4795250; BeforeSave: 00:00:00.0001731; BeforeFinalizeImageSaved: 00:00:13.3665512; FinalizeSaveTime: 00:00:00.1128001
2026-07-14T00:14:26.3743|INFO|SequenceItem.cs|Run|254|Finishing Category: Guida, Item: Dither
2026-07-14T00:14:26.3745|INFO|SequenceItem.cs|Run|254|Finishing Category: * Set di Istruzioni *, Container: NINA.Sequencer.Container.SequentialContainer, Strategy: SequentialStrategy, Items[FINISHED]: 1
2026-07-14T00:14:26.3746|INFO|MeridianFlipTrigger.cs|ShouldTrigger|296|Meridian Flip - (Side of Pier usage is disabled) There is still time remaining. Max remaining time 09:51:03.6888601, next instruction time 600, next instruction Category: Fotocamera, Item: TakeExposure, ExposureTime 600, Gain 910, Offset 99, ImageType LIGHT, Binning 1x1
2026-07-14T00:14:26.3746|INFO|SequenceTrigger.cs|Run|114|Starting Trigger: RestoreGuiding
2026-07-14T00:14:26.3747|INFO|SequenceItem.cs|Run|208|Starting Category: * Set di Istruzioni *, Container: NINA.Sequencer.Container.SequentialContainer, Strategy: SequentialStrategy, Items[CREATED]: 1
2026-07-14T00:14:26.3747|INFO|SequenceItem.cs|Run|208|Starting Category: Guida, Item: StartGuiding
2026-07-14T00:14:26.4149|INFO|PHD2Guider.cs|StartGuidingPrivate|504|Phd2 - App is already guiding. Skipping start guiding
2026-07-14T00:14:26.4151|INFO|SequenceItem.cs|Run|254|Finishing Category: Guida, Item: StartGuiding
2026-07-14T00:14:26.4152|INFO|SequenceItem.cs|Run|254|Finishing Category: * Set di Istruzioni *, Container: NINA.Sequencer.Container.SequentialContainer, Strategy: SequentialStrategy, Items[FINISHED]: 1
2026-07-14T00:14:26.4155|INFO|AutofocusAfterHFRIncreaseTrigger.cs|ShouldTrigger|221|Autofocus after HFR change should be triggered, as current HFR trend is 8.51% higher compared to threshold of 5%
2026-07-14T00:14:26.4157|INFO|SequenceTrigger.cs|Run|114|Starting Trigger: AutofocusAfterHFRIncreaseTrigger, Amount: 5
2026-07-14T00:14:26.4167|INFO|SequenceItem.cs|Run|208|Starting Category: * Set di Istruzioni *, Container: NINA.Sequencer.Container.SequentialContainer, Strategy: SequentialStrategy, Items[CREATED]: 1
2026-07-14T00:14:26.4168|INFO|SequenceItem.cs|Run|208|Starting Category: Focheggiatore, Item: RunAutofocus
2026-07-14T00:14:26.6656|INFO|FocuserMediator.cs|BroadcastAutoFocusRunStarting|92|Autofocus starting notification received
2026-07-14T00:14:27.8459|INFO|AutoFocusEngine.cs|RunAutoFocus|929|Starting AutoFocus with initial position 114652
2026-07-14T00:14:27.8516|INFO|CameraVM.cs|Capture|742|Starting Exposure - Exposure Time: 5s; Filter: LPRO; Gain: 910; Offset 99; Binning: 1x1;
2026-07-14T00:14:33.0544|INFO|AutoFocusEngine.cs|StartBlindFocusPoints|769|Waiting on initial HFR analysis
2026-07-14T00:14:33.1095|INFO|FocuserVM.cs|MoveFocuserInternal|216|Moving Focuser to position 129652
2026-07-14T00:14:38.3459|INFO|CameraVM.cs|Capture|742|Starting Exposure - Exposure Time: 5s; Filter: LPRO; Gain: 910; Offset 99; Binning: 1x1;
2026-07-14T00:14:42.8014|INFO|HocusFocusStarDetection.cs|Detect|413|Average HFR: 2.2863889001484927, HFR MAD: 0.2933305110352271, Detected Stars 127, Region: 0
2026-07-14T00:14:43.6021|INFO|FocuserVM.cs|MoveFocuserInternal|216|Moving Focuser to position 124652
2026-07-14T00:14:49.2761|INFO|CameraVM.cs|Capture|742|Starting Exposure - Exposure Time: 5s; Filter: LPRO; Gain: 910; Offset 99; Binning: 1x1;
2026-07-14T00:14:53.7846|INFO|HocusFocusStarDetection.cs|Detect|413|Average HFR: 8.404530273399052, HFR MAD: 0.5783247183163436, Detected Stars 15, Region: 0
2026-07-14T00:14:54.5536|INFO|FocuserVM.cs|MoveFocuserInternal|216|Moving Focuser to position 119652
2026-07-14T00:15:00.2167|INFO|CameraVM.cs|Capture|742|Starting Exposure - Exposure Time: 5s; Filter: LPRO; Gain: 910; Offset 99; Binning: 1x1;
2026-07-14T00:15:04.5079|INFO|HocusFocusStarDetection.cs|Detect|413|Average HFR: 5.053356044324788, HFR MAD: 0.5016247049839748, Detected Stars 54, Region: 0
2026-07-14T00:15:05.4413|INFO|AutoFocusEngine.cs|StartBlindFocusPoints|797|Waiting on initial focuser move analyses
2026-07-14T00:15:15.3732|INFO|HocusFocusStarDetection.cs|Detect|413|Average HFR: 2.83260427476983, HFR MAD: 0.33407985398214723, Detected Stars 104, Region: 0
2026-07-14T00:15:15.4981|INFO|FocuserVM.cs|MoveFocuserInternal|216|Moving Focuser to position 114652
2026-07-14T00:15:20.7518|INFO|CameraVM.cs|Capture|742|Starting Exposure - Exposure Time: 5s; Filter: LPRO; Gain: 910; Offset 99; Binning: 1x1;
2026-07-14T00:15:25.9453|INFO|AutoFocusEngine.cs|StartBlindFocusPoints|870|Waiting on next left movement analysis
2026-07-14T00:15:35.8696|INFO|HocusFocusStarDetection.cs|Detect|413|Average HFR: 2.251617791339682, HFR MAD: 0.24883289480096105, Detected Stars 134, Region: 0
2026-07-14T00:15:35.9759|INFO|FocuserVM.cs|MoveFocuserInternal|216|Moving Focuser to position 109652
2026-07-14T00:15:42.2104|INFO|CameraVM.cs|Capture|742|Starting Exposure - Exposure Time: 5s; Filter: LPRO; Gain: 910; Offset 99; Binning: 1x1;
2026-07-14T00:15:47.4200|INFO|AutoFocusEngine.cs|StartBlindFocusPoints|870|Waiting on next left movement analysis
2026-07-14T00:15:57.4676|INFO|HocusFocusStarDetection.cs|Detect|413|Average HFR: 3.6106355124457723, HFR MAD: 0.34205893025913525, Detected Stars 89, Region: 0
2026-07-14T00:15:57.5471|INFO|AutoFocusEngine.cs|StartBlindFocusPoints|841|Enough right trend points (3) with an established minimum (114652) to queue remaining left focus points down to 99652
2026-07-14T00:15:57.6009|INFO|FocuserVM.cs|MoveFocuserInternal|216|Moving Focuser to position 104652
2026-07-14T00:16:02.8403|INFO|CameraVM.cs|Capture|742|Starting Exposure - Exposure Time: 5s; Filter: LPRO; Gain: 910; Offset 99; Binning: 1x1;
2026-07-14T00:16:08.1058|INFO|FocuserVM.cs|MoveFocuserInternal|216|Moving Focuser to position 99652
2026-07-14T00:16:14.2447|INFO|CameraVM.cs|Capture|742|Starting Exposure - Exposure Time: 5s; Filter: LPRO; Gain: 910; Offset 99; Binning: 1x1;
2026-07-14T00:16:18.0215|INFO|HocusFocusStarDetection.cs|Detect|413|Average HFR: 6.031658023957533, HFR MAD: 0.36260508336527586, Detected Stars 38, Region: 0
2026-07-14T00:16:19.4439|INFO|AutoFocusEngine.cs|StartBlindFocusPoints|896|Waiting on remaining AutoFocus analysis tasks
2026-07-14T00:16:29.4240|INFO|HocusFocusStarDetection.cs|Detect|413|Average HFR: 4.197536957433051, HFR MAD: 2.2005652477438247, Detected Stars 8, Region: 0
2026-07-14T00:16:29.5220|INFO|FocuserVM.cs|MoveFocuserInternal|216|Moving Focuser to position 116134
2026-07-14T00:16:36.2344|INFO|AutoFocusEngine.cs|ValidateCalculatedFocusPosition|1141|Validating HFR at final focus position 116134
2026-07-14T00:16:36.2377|INFO|CameraVM.cs|Capture|742|Starting Exposure - Exposure Time: 5s; Filter: LPRO; Gain: 910; Offset 99; Binning: 1x1;
2026-07-14T00:16:51.2534|INFO|HocusFocusStarDetection.cs|Detect|413|Average HFR: 2.3234469166702203, HFR MAD: 0.29433836747384134, Detected Stars 125, Region: 0
2026-07-14T00:16:51.2540|INFO|HocusFocusVM.cs|AutoFocusEngine_Completed|473|AutoFocus completed with focuser starting at 114652 and ending at 116134
2026-07-14T00:16:51.2558|INFO|FocuserMediator.cs|BroadcastSuccessfulAutoFocusRun|46|Autofocus notification received - Temperature 23.69
2026-07-14T00:16:51.3042|INFO|PHD2Guider.cs|TryStartGuideCommand|641|Phd2 - Requesting to start guiding. Recalibrate: False
2026-07-14T00:17:13.2547|INFO|SequenceItem.cs|Run|254|Finishing Category: Focheggiatore, Item: RunAutofocus
2026-07-14T00:17:13.2550|INFO|SequenceItem.cs|Run|254|Finishing Category: * Set di Istruzioni *, Container: NINA.Sequencer.Container.SequentialContainer, Strategy: SequentialStrategy, Items[FINISHED]: 1
2026-07-14T00:17:13.2554|INFO|SequenceItem.cs|Run|208|Starting Category: Fotocamera, Item: TakeExposure, ExposureTime 600, Gain 910, Offset 99, ImageType LIGHT, Binning 1x1
2026-07-14T00:17:13.2561|INFO|CameraVM.cs|Capture|742|Starting Exposure - Exposure Time: 600s; Filter: ; Gain: 910; Offset 99; Binning: 1x1;
2026-07-14T00:27:13.4869|INFO|SequenceItem.cs|Run|254|Finishing Category: Fotocamera, Item: TakeExposure, ExposureTime 600, Gain 910, Offset 99, ImageType LIGHT, Binning 1x1
2026-07-14T00:27:13.4873|INFO|MeridianFlipTrigger.cs|ShouldTrigger|296|Meridian Flip - (Side of Pier usage is disabled) There is still time remaining. Max remaining time 09:37:59.9744836, next instruction time 0, next instruction Category: Ruota porta filtri, Item: SwitchFilter, Filter: LPRO
2026-07-14T00:27:13.4874|INFO|SequenceItem.cs|Run|208|Starting Category: Ruota porta filtri, Item: SwitchFilter, Filter: LPRO
2026-07-14T00:27:13.4882|INFO|SequenceItem.cs|Run|254|Finishing Category: Ruota porta filtri, Item: SwitchFilter, Filter: LPRO
2026-07-14T00:27:13.4885|INFO|SequenceTrigger.cs|Run|114|Starting Trigger: DitherAfterExposures, After Exposures: 1
2026-07-14T00:27:13.4886|INFO|SequenceItem.cs|Run|208|Starting Category: * Set di Istruzioni *, Container: NINA.Sequencer.Container.SequentialContainer, Strategy: SequentialStrategy, Items[CREATED]: 1
2026-07-14T00:27:13.4887|INFO|SequenceItem.cs|Run|208|Starting Category: Guida, Item: Dither
2026-07-14T00:27:25.8793|INFO|HocusFocusStarDetection.cs|Detect|413|Average HFR: 2.9477188702244934, HFR MAD: 0.3136962400922787, Detected Stars 408, Region: 0
2026-07-14T00:27:26.4878|INFO|BaseImageData.cs|SaveToDisk|346|Saved image to D:\Images NINA\Target\LIGHT_1x1_600.00s_910_99_LDN 1320_Skywatcher quattro 200p__-10.00C_LPRO_0078_2026-07-14_00-17-13_FWHM_7.38_Fok_116134.xisf
2026-07-14T00:27:26.4879|INFO|ImageSaveController.cs|DoWork|97|Successfully saved file at D:\Images NINA\Target\LIGHT_1x1_600.00s_910_99_LDN 1320_Skywatcher quattro 200p__-10.00C_LPRO_0078_2026-07-14_00-17-13_FWHM_7.38_Fok_116134.xisf. Duration Total: 00:00:12.3318614; BeforeSave: 00:00:00.0003270; BeforeFinalizeImageSaved: 00:00:12.2123673; FinalizeSaveTime: 00:00:00.1191663
2026-07-14T00:27:34.9095|INFO|SequenceItem.cs|Run|254|Finishing Category: Guida, Item: Dither
2026-07-14T00:27:34.9097|INFO|SequenceItem.cs|Run|254|Finishing Category: * Set di Istruzioni *, Container: NINA.Sequencer.Container.SequentialContainer, Strategy: SequentialStrategy, Items[FINISHED]: 1
2026-07-14T00:27:34.9098|INFO|MeridianFlipTrigger.cs|ShouldTrigger|296|Meridian Flip - (Side of Pier usage is disabled) There is still time remaining. Max remaining time 09:37:37.4116146, next instruction time 600, next instruction Category: Fotocamera, Item: TakeExposure, ExposureTime 600, Gain 910, Offset 99, ImageType LIGHT, Binning 1x1
2026-07-14T00:27:34.9099|INFO|SequenceTrigger.cs|Run|114|Starting Trigger: RestoreGuiding
2026-07-14T00:27:34.9099|INFO|SequenceItem.cs|Run|208|Starting Category: * Set di Istruzioni *, Container: NINA.Sequencer.Container.SequentialContainer, Strategy: SequentialStrategy, Items[CREATED]: 1
2026-07-14T00:27:34.9100|INFO|SequenceItem.cs|Run|208|Starting Category: Guida, Item: StartGuiding
2026-07-14T00:27:34.9440|INFO|PHD2Guider.cs|StartGuidingPrivate|504|Phd2 - App is already guiding. Skipping start guiding
2026-07-14T00:27:34.9475|INFO|SequenceItem.cs|Run|254|Finishing Category: Guida, Item: StartGuiding
2026-07-14T00:27:34.9486|INFO|SequenceItem.cs|Run|254|Finishing Category: * Set di Istruzioni *, Container: NINA.Sequencer.Container.SequentialContainer, Strategy: SequentialStrategy, Items[FINISHED]: 1
2026-07-14T00:27:34.9487|INFO|SequenceItem.cs|Run|208|Starting Category: Fotocamera, Item: TakeExposure, ExposureTime 600, Gain 910, Offset 99, ImageType LIGHT, Binning 1x1
2026-07-14T00:27:34.9491|INFO|CameraVM.cs|Capture|742|Starting Exposure - Exposure Time: 600s; Filter: ; Gain: 910; Offset 99; Binning: 1x1;
2026-07-14T00:37:35.3162|INFO|SequenceItem.cs|Run|254|Finishing Category: Fotocamera, Item: TakeExposure, ExposureTime 600, Gain 910, Offset 99, ImageType LIGHT, Binning 1x1
2026-07-14T00:37:35.3167|INFO|MeridianFlipTrigger.cs|ShouldTrigger|296|Meridian Flip - (Side of Pier usage is disabled) There is still time remaining. Max remaining time 09:27:23.8967410, next instruction time 0, next instruction Category: Ruota porta filtri, Item: SwitchFilter, Filter: LPRO
2026-07-14T00:37:35.3168|INFO|SequenceItem.cs|Run|208|Starting Category: Ruota porta filtri, Item: SwitchFilter, Filter: LPRO
2026-07-14T00:37:35.3611|INFO|SequenceItem.cs|Run|254|Finishing Category: Ruota porta filtri, Item: SwitchFilter, Filter: LPRO
2026-07-14T00:37:35.3614|INFO|SequenceTrigger.cs|Run|114|Starting Trigger: DitherAfterExposures, After Exposures: 1
2026-07-14T00:37:35.3615|INFO|SequenceItem.cs|Run|208|Starting Category: * Set di Istruzioni *, Container: NINA.Sequencer.Container.SequentialContainer, Strategy: SequentialStrategy, Items[CREATED]: 1
2026-07-14T00:37:35.3616|INFO|SequenceItem.cs|Run|208|Starting Category: Guida, Item: Dither
2026-07-14T00:37:47.4527|INFO|HocusFocusStarDetection.cs|Detect|413|Average HFR: 3.0480375618924276, HFR MAD: 0.3029455986971139, Detected Stars 448, Region: 0
2026-07-14T00:37:48.1195|INFO|BaseImageData.cs|SaveToDisk|346|Saved image to D:\Images NINA\Target\LIGHT_1x1_600.00s_910_99_LDN 1320_Skywatcher quattro 200p__-9.90C_LPRO_0079_2026-07-14_00-27-34_FWHM_8.00_Fok_116134.xisf
2026-07-14T00:37:48.1699|INFO|ImageSaveController.cs|DoWork|97|Successfully saved file at D:\Images NINA\Target\LIGHT_1x1_600.00s_910_99_LDN 1320_Skywatcher quattro 200p__-9.90C_LPRO_0079_2026-07-14_00-27-34_FWHM_8.00_Fok_116134.xisf. Duration Total: 00:00:12.1791772; BeforeSave: 00:00:00.0000848; BeforeFinalizeImageSaved: 00:00:11.9204731; FinalizeSaveTime: 00:00:00.2586185
2026-07-14T00:37:57.5789|INFO|SequenceItem.cs|Run|254|Finishing Category: Guida, Item: Dither
2026-07-14T00:37:57.5794|INFO|SequenceItem.cs|Run|254|Finishing Category: * Set di Istruzioni *, Container: NINA.Sequencer.Container.SequentialContainer, Strategy: SequentialStrategy, Items[FINISHED]: 1
2026-07-14T00:37:57.5795|INFO|MeridianFlipTrigger.cs|ShouldTrigger|296|Meridian Flip - (Side of Pier usage is disabled) There is still time remaining. Max remaining time 09:26:58.6681461, next instruction time 600, next instruction Category: Fotocamera, Item: TakeExposure, ExposureTime 600, Gain 910, Offset 99, ImageType LIGHT, Binning 1x1
2026-07-14T00:37:57.5796|INFO|SequenceTrigger.cs|Run|114|Starting Trigger: RestoreGuiding
2026-07-14T00:37:57.5796|INFO|SequenceItem.cs|Run|208|Starting Category: * Set di Istruzioni *, Container: NINA.Sequencer.Container.SequentialContainer, Strategy: SequentialStrategy, Items[CREATED]: 1
2026-07-14T00:37:57.5797|INFO|SequenceItem.cs|Run|208|Starting Category: Guida, Item: StartGuiding
2026-07-14T00:37:57.6114|INFO|PHD2Guider.cs|StartGuidingPrivate|504|Phd2 - App is already guiding. Skipping start guiding
2026-07-14T00:37:57.6182|INFO|SequenceItem.cs|Run|254|Finishing Category: Guida, Item: StartGuiding
2026-07-14T00:37:57.6192|INFO|SequenceItem.cs|Run|254|Finishing Category: * Set di Istruzioni *, Container: NINA.Sequencer.Container.SequentialContainer, Strategy: SequentialStrategy, Items[FINISHED]: 1
2026-07-14T00:37:57.6373|INFO|SequenceItem.cs|Run|208|Starting Category: Fotocamera, Item: TakeExposure, ExposureTime 600, Gain 910, Offset 99, ImageType LIGHT, Binning 1x1
2026-07-14T00:37:57.6544|INFO|CameraVM.cs|Capture|742|Starting Exposure - Exposure Time: 600s; Filter: ; Gain: 910; Offset 99; Binning: 1x1;
2026-07-14T00:47:57.8942|INFO|SequenceItem.cs|Run|254|Finishing Category: Fotocamera, Item: TakeExposure, ExposureTime 600, Gain 910, Offset 99, ImageType LIGHT, Binning 1x1
2026-07-14T00:47:57.8968|INFO|MeridianFlipTrigger.cs|ShouldTrigger|296|Meridian Flip - (Side of Pier usage is disabled) There is still time remaining. Max remaining time 09:16:38.8007793, next instruction time 0, next instruction Category: Ruota porta filtri, Item: SwitchFilter, Filter: LPRO
2026-07-14T00:47:57.8969|INFO|SequenceItem.cs|Run|208|Starting Category: Ruota porta filtri, Item: SwitchFilter, Filter: LPRO
2026-07-14T00:47:57.9356|INFO|SequenceItem.cs|Run|254|Finishing Category: Ruota porta filtri, Item: SwitchFilter, Filter: LPRO
2026-07-14T00:47:57.9360|INFO|SequenceTrigger.cs|Run|114|Starting Trigger: DitherAfterExposures, After Exposures: 1
2026-07-14T00:47:57.9363|INFO|SequenceItem.cs|Run|208|Starting Category: * Set di Istruzioni *, Container: NINA.Sequencer.Container.SequentialContainer, Strategy: SequentialStrategy, Items[CREATED]: 1
2026-07-14T00:47:57.9363|INFO|SequenceItem.cs|Run|208|Starting Category: Guida, Item: Dither
2026-07-14T00:47:58.6555|INFO|ImageSolver.cs|Solve|41|Platesolving with parameters: FocalLength: 760 PixelSize: 4.63 SearchRadius: 30 BlindFailoverEnabled: True Regions: 5000 DownSampleFactor: 2 MaxObjects: 500 Reference Coordinates RA: 04:12:00 Dec: 85° 37' 12" Epoch: J2000
2026-07-14T00:47:59.7096|INFO|BaseImageData.cs|SaveToDisk|346|Saved image to C:\Users\PrimaLuceLab\AppData\Local\NINA\PlateSolver\pyyk0xtr.j2l.fits
2026-07-14T00:48:02.5092|INFO|ImageSolver.cs|Solve|54|Platesolve successful: Coordinates: RA: 04:15:10; Dec: 85° 36' 58"; Epoch: J2000 - Position Angle: 273.6608443317998
2026-07-14T00:48:02.5094|INFO|CenterAfterDriftTrigger.cs|PlatesolvingImageFollower_PropertyChanged|189|Drift: 1.0149546532647458 / 3 arc minutes
2026-07-14T00:48:10.8621|INFO|HocusFocusStarDetection.cs|Detect|413|Average HFR: 3.030857640778086, HFR MAD: 0.3023225966840948, Detected Stars 436, Region: 0
2026-07-14T00:48:11.4053|INFO|BaseImageData.cs|SaveToDisk|346|Saved image to D:\Images NINA\Target\LIGHT_1x1_600.00s_910_99_LDN 1320_Skywatcher quattro 200p__-9.90C_LPRO_0080_2026-07-14_00-37-57_FWHM_7.59_Fok_116134.xisf
2026-07-14T00:48:11.4054|INFO|ImageSaveController.cs|DoWork|97|Successfully saved file at D:\Images NINA\Target\LIGHT_1x1_600.00s_910_99_LDN 1320_Skywatcher quattro 200p__-9.90C_LPRO_0080_2026-07-14_00-37-57_FWHM_7.59_Fok_116134.xisf. Duration Total: 00:00:12.7500447; BeforeSave: 00:00:00.0000800; BeforeFinalizeImageSaved: 00:00:12.6081238; FinalizeSaveTime: 00:00:00.1418402
2026-07-14T00:48:31.3232|INFO|SequenceItem.cs|Run|254|Finishing Category: Guida, Item: Dither
2026-07-14T00:48:31.3234|INFO|SequenceItem.cs|Run|254|Finishing Category: * Set di Istruzioni *, Container: NINA.Sequencer.Container.SequentialContainer, Strategy: SequentialStrategy, Items[FINISHED]: 1
2026-07-14T00:48:31.3235|INFO|MeridianFlipTrigger.cs|ShouldTrigger|296|Meridian Flip - (Side of Pier usage is disabled) There is still time remaining. Max remaining time 09:15:55.6658063, next instruction time 600, next instruction Category: Fotocamera, Item: TakeExposure, ExposureTime 600, Gain 910, Offset 99, ImageType LIGHT, Binning 1x1
2026-07-14T00:48:31.3236|INFO|SequenceTrigger.cs|Run|114|Starting Trigger: RestoreGuiding
2026-07-14T00:48:31.3236|INFO|SequenceItem.cs|Run|208|Starting Category: * Set di Istruzioni *, Container: NINA.Sequencer.Container.SequentialContainer, Strategy: SequentialStrategy, Items[CREATED]: 1
2026-07-14T00:48:31.3237|INFO|SequenceItem.cs|Run|208|Starting Category: Guida, Item: StartGuiding
2026-07-14T00:48:31.3520|INFO|PHD2Guider.cs|StartGuidingPrivate|504|Phd2 - App is already guiding. Skipping start guiding
2026-07-14T00:48:31.3547|INFO|SequenceItem.cs|Run|254|Finishing Category: Guida, Item: StartGuiding
2026-07-14T00:48:31.3563|INFO|SequenceItem.cs|Run|254|Finishing Category: * Set di Istruzioni *, Container: NINA.Sequencer.Container.SequentialContainer, Strategy: SequentialStrategy, Items[FINISHED]: 1
2026-07-14T00:48:31.3761|INFO|SequenceItem.cs|Run|208|Starting Category: Fotocamera, Item: TakeExposure, ExposureTime 600, Gain 910, Offset 99, ImageType LIGHT, Binning 1x1
2026-07-14T00:48:31.3765|INFO|CameraVM.cs|Capture|742|Starting Exposure - Exposure Time: 600s; Filter: ; Gain: 910; Offset 99; Binning: 1x1;
2026-07-14T00:58:31.5933|INFO|SequenceItem.cs|Run|254|Finishing Category: Fotocamera, Item: TakeExposure, ExposureTime 600, Gain 910, Offset 99, ImageType LIGHT, Binning 1x1
2026-07-14T00:58:31.5937|INFO|MeridianFlipTrigger.cs|ShouldTrigger|296|Meridian Flip - (Side of Pier usage is disabled) There is still time remaining. Max remaining time 09:05:35.6451101, next instruction time 0, next instruction Category: Ruota porta filtri, Item: SwitchFilter, Filter: LPRO
2026-07-14T00:58:31.5938|INFO|SequenceItem.cs|Run|208|Starting Category: Ruota porta filtri, Item: SwitchFilter, Filter: LPRO
2026-07-14T00:58:31.6334|INFO|SequenceItem.cs|Run|254|Finishing Category: Ruota porta filtri, Item: SwitchFilter, Filter: LPRO
2026-07-14T00:58:31.6559|INFO|SequenceTrigger.cs|Run|114|Starting Trigger: DitherAfterExposures, After Exposures: 1
2026-07-14T00:58:31.6561|INFO|SequenceItem.cs|Run|208|Starting Category: * Set di Istruzioni *, Container: NINA.Sequencer.Container.SequentialContainer, Strategy: SequentialStrategy, Items[CREATED]: 1
2026-07-14T00:58:31.6562|INFO|SequenceItem.cs|Run|208|Starting Category: Guida, Item: Dither
2026-07-14T00:58:43.4759|INFO|HocusFocusStarDetection.cs|Detect|413|Average HFR: 2.988081173251354, HFR MAD: 0.313318321156542, Detected Stars 382, Region: 0
2026-07-14T00:58:43.9946|INFO|BaseImageData.cs|SaveToDisk|346|Saved image to D:\Images NINA\Target\LIGHT_1x1_600.00s_910_99_LDN 1320_Skywatcher quattro 200p__-10.00C_LPRO_0081_2026-07-14_00-48-31_FWHM_7.29_Fok_116134.xisf
2026-07-14T00:58:43.9947|INFO|ImageSaveController.cs|DoWork|97|Successfully saved file at D:\Images NINA\Target\LIGHT_1x1_600.00s_910_99_LDN 1320_Skywatcher quattro 200p__-10.00C_LPRO_0081_2026-07-14_00-48-31_FWHM_7.29_Fok_116134.xisf. Duration Total: 00:00:11.7667326; BeforeSave: 00:00:00.0000896; BeforeFinalizeImageSaved: 00:00:11.6486012; FinalizeSaveTime: 00:00:00.1180411
2026-07-14T00:59:06.9948|INFO|SequenceItem.cs|Run|254|Finishing Category: Guida, Item: Dither
2026-07-14T00:59:06.9950|INFO|SequenceItem.cs|Run|254|Finishing Category: * Set di Istruzioni *, Container: NINA.Sequencer.Container.SequentialContainer, Strategy: SequentialStrategy, Items[FINISHED]: 1
2026-07-14T00:59:06.9951|INFO|MeridianFlipTrigger.cs|ShouldTrigger|296|Meridian Flip - (Side of Pier usage is disabled) There is still time remaining. Max remaining time 09:04:47.8311395, next instruction time 600, next instruction Category: Fotocamera, Item: TakeExposure, ExposureTime 600, Gain 910, Offset 99, ImageType LIGHT, Binning 1x1
2026-07-14T00:59:06.9952|INFO|SequenceTrigger.cs|Run|114|Starting Trigger: RestoreGuiding
2026-07-14T00:59:06.9952|INFO|SequenceItem.cs|Run|208|Starting Category: * Set di Istruzioni *, Container: NINA.Sequencer.Container.SequentialContainer, Strategy: SequentialStrategy, Items[CREATED]: 1
2026-07-14T00:59:06.9953|INFO|SequenceItem.cs|Run|208|Starting Category: Guida, Item: StartGuiding
2026-07-14T00:59:07.0377|INFO|PHD2Guider.cs|StartGuidingPrivate|504|Phd2 - App is already guiding. Skipping start guiding
2026-07-14T00:59:07.0403|INFO|SequenceItem.cs|Run|254|Finishing Category: Guida, Item: StartGuiding
2026-07-14T00:59:07.0415|INFO|SequenceItem.cs|Run|254|Finishing Category: * Set di Istruzioni *, Container: NINA.Sequencer.Container.SequentialContainer, Strategy: SequentialStrategy, Items[FINISHED]: 1
2026-07-14T00:59:07.0606|INFO|SequenceItem.cs|Run|208|Starting Category: Fotocamera, Item: TakeExposure, ExposureTime 600, Gain 910, Offset 99, ImageType LIGHT, Binning 1x1
2026-07-14T00:59:07.0612|INFO|CameraVM.cs|Capture|742|Starting Exposure - Exposure Time: 600s; Filter: ; Gain: 910; Offset 99; Binning: 1x1;
2026-07-14T01:09:07.2923|INFO|SequenceItem.cs|Run|254|Finishing Category: Fotocamera, Item: TakeExposure, ExposureTime 600, Gain 910, Offset 99, ImageType LIGHT, Binning 1x1
2026-07-14T01:09:07.2927|INFO|MeridianFlipTrigger.cs|ShouldTrigger|296|Meridian Flip - (Side of Pier usage is disabled) There is still time remaining. Max remaining time 08:54:34.4880342, next instruction time 0, next instruction Category: Ruota porta filtri, Item: SwitchFilter, Filter: LPRO
2026-07-14T01:09:07.2927|INFO|SequenceItem.cs|Run|208|Starting Category: Ruota porta filtri, Item: SwitchFilter, Filter: LPRO
2026-07-14T01:09:07.3361|INFO|SequenceItem.cs|Run|254|Finishing Category: Ruota porta filtri, Item: SwitchFilter, Filter: LPRO
2026-07-14T01:09:07.3366|INFO|SequenceTrigger.cs|Run|114|Starting Trigger: DitherAfterExposures, After Exposures: 1
2026-07-14T01:09:07.3367|INFO|SequenceItem.cs|Run|208|Starting Category: * Set di Istruzioni *, Container: NINA.Sequencer.Container.SequentialContainer, Strategy: SequentialStrategy, Items[CREATED]: 1
2026-07-14T01:09:08.2622|INFO|SequenceItem.cs|Run|208|Starting Category: Guida, Item: Dither
2026-07-14T01:09:19.6642|INFO|HocusFocusStarDetection.cs|Detect|413|Average HFR: 3.1760566897572304, HFR MAD: 0.30663300008798444, Detected Stars 283, Region: 0
2026-07-14T01:09:20.2413|INFO|BaseImageData.cs|SaveToDisk|346|Saved image to D:\Images NINA\Target\LIGHT_1x1_600.00s_910_99_LDN 1320_Skywatcher quattro 200p__-9.90C_LPRO_0082_2026-07-14_00-59-07_FWHM_7.47_Fok_116134.xisf
2026-07-14T01:09:20.2415|INFO|ImageSaveController.cs|DoWork|97|Successfully saved file at D:\Images NINA\Target\LIGHT_1x1_600.00s_910_99_LDN 1320_Skywatcher quattro 200p__-9.90C_LPRO_0082_2026-07-14_00-59-07_FWHM_7.47_Fok_116134.xisf. Duration Total: 00:00:12.0247930; BeforeSave: 00:00:00.0001451; BeforeFinalizeImageSaved: 00:00:11.8946350; FinalizeSaveTime: 00:00:00.1300122
2026-07-14T01:09:48.1496|INFO|SequenceItem.cs|Run|254|Finishing Category: Guida, Item: Dither
2026-07-14T01:09:48.1499|INFO|SequenceItem.cs|Run|254|Finishing Category: * Set di Istruzioni *, Container: NINA.Sequencer.Container.SequentialContainer, Strategy: SequentialStrategy, Items[FINISHED]: 1
2026-07-14T01:09:48.1500|INFO|MeridianFlipTrigger.cs|ShouldTrigger|296|Meridian Flip - (Side of Pier usage is disabled) There is still time remaining. Max remaining time 08:53:58.6103860, next instruction time 600, next instruction Category: Fotocamera, Item: TakeExposure, ExposureTime 600, Gain 910, Offset 99, ImageType LIGHT, Binning 1x1
2026-07-14T01:09:48.1501|INFO|SequenceTrigger.cs|Run|114|Starting Trigger: RestoreGuiding
2026-07-14T01:09:48.1501|INFO|SequenceItem.cs|Run|208|Starting Category: * Set di Istruzioni *, Container: NINA.Sequencer.Container.SequentialContainer, Strategy: SequentialStrategy, Items[CREATED]: 1
2026-07-14T01:09:48.1502|INFO|SequenceItem.cs|Run|208|Starting Category: Guida, Item: StartGuiding
2026-07-14T01:09:48.1761|INFO|PHD2Guider.cs|StartGuidingPrivate|504|Phd2 - App is already guiding. Skipping start guiding
2026-07-14T01:09:48.1803|INFO|SequenceItem.cs|Run|254|Finishing Category: Guida, Item: StartGuiding
2026-07-14T01:09:48.1899|INFO|SequenceItem.cs|Run|254|Finishing Category: * Set di Istruzioni *, Container: NINA.Sequencer.Container.SequentialContainer, Strategy: SequentialStrategy, Items[FINISHED]: 1
2026-07-14T01:09:48.1903|INFO|AutofocusAfterHFRIncreaseTrigger.cs|ShouldTrigger|221|Autofocus after HFR change should be triggered, as current HFR trend is 5.76% higher compared to threshold of 5%
2026-07-14T01:09:48.1905|INFO|SequenceTrigger.cs|Run|114|Starting Trigger: AutofocusAfterHFRIncreaseTrigger, Amount: 5
2026-07-14T01:09:48.1906|INFO|SequenceItem.cs|Run|208|Starting Category: * Set di Istruzioni *, Container: NINA.Sequencer.Container.SequentialContainer, Strategy: SequentialStrategy, Items[CREATED]: 1
2026-07-14T01:09:48.1906|INFO|SequenceItem.cs|Run|208|Starting Category: Focheggiatore, Item: RunAutofocus
2026-07-14T01:09:48.4297|INFO|FocuserMediator.cs|BroadcastAutoFocusRunStarting|92|Autofocus starting notification received
2026-07-14T01:09:49.5530|INFO|AutoFocusEngine.cs|RunAutoFocus|929|Starting AutoFocus with initial position 116134
2026-07-14T01:09:49.5561|INFO|CameraVM.cs|Capture|742|Starting Exposure - Exposure Time: 5s; Filter: LPRO; Gain: 910; Offset 99; Binning: 1x1;
2026-07-14T01:09:54.7472|INFO|AutoFocusEngine.cs|StartBlindFocusPoints|769|Waiting on initial HFR analysis
2026-07-14T01:09:54.8103|INFO|FocuserVM.cs|MoveFocuserInternal|216|Moving Focuser to position 131134
2026-07-14T01:10:00.2321|INFO|CameraVM.cs|Capture|742|Starting Exposure - Exposure Time: 5s; Filter: LPRO; Gain: 910; Offset 99; Binning: 1x1;
2026-07-14T01:10:04.6660|INFO|HocusFocusStarDetection.cs|Detect|413|Average HFR: 2.252686256428116, HFR MAD: 0.28549005563478946, Detected Stars 133, Region: 0
2026-07-14T01:10:05.5152|INFO|FocuserVM.cs|MoveFocuserInternal|216|Moving Focuser to position 126134
2026-07-14T01:10:11.1456|INFO|CameraVM.cs|Capture|742|Starting Exposure - Exposure Time: 5s; Filter: LPRO; Gain: 910; Offset 99; Binning: 1x1;
2026-07-14T01:10:15.5571|INFO|HocusFocusStarDetection.cs|Detect|413|Average HFR: 9.096480462811403, HFR MAD: 0.41043384223648616, Detected Stars 10, Region: 0
2026-07-14T01:10:16.4082|INFO|FocuserVM.cs|MoveFocuserInternal|216|Moving Focuser to position 121134
2026-07-14T01:10:22.2164|INFO|CameraVM.cs|Capture|742|Starting Exposure - Exposure Time: 5s; Filter: LPRO; Gain: 910; Offset 99; Binning: 1x1;
2026-07-14T01:10:26.5347|INFO|HocusFocusStarDetection.cs|Detect|413|Average HFR: 5.727350824124011, HFR MAD: 0.47322600239359414, Detected Stars 46, Region: 0
2026-07-14T01:10:27.4570|INFO|AutoFocusEngine.cs|StartBlindFocusPoints|797|Waiting on initial focuser move analyses
2026-07-14T01:10:37.4944|INFO|HocusFocusStarDetection.cs|Detect|413|Average HFR: 3.3891913687533872, HFR MAD: 0.38453730006440967, Detected Stars 102, Region: 0
2026-07-14T01:10:37.5656|INFO|FocuserVM.cs|MoveFocuserInternal|216|Moving Focuser to position 116134
2026-07-14T01:10:42.8226|INFO|CameraVM.cs|Capture|742|Starting Exposure - Exposure Time: 5s; Filter: LPRO; Gain: 910; Offset 99; Binning: 1x1;
2026-07-14T01:10:48.0119|INFO|AutoFocusEngine.cs|StartBlindFocusPoints|870|Waiting on next left movement analysis
2026-07-14T01:10:58.0139|INFO|HocusFocusStarDetection.cs|Detect|413|Average HFR: 2.2610013866860204, HFR MAD: 0.22720534245600676, Detected Stars 125, Region: 0
2026-07-14T01:10:58.1180|INFO|FocuserVM.cs|MoveFocuserInternal|216|Moving Focuser to position 111134
2026-07-14T01:11:04.2166|INFO|CameraVM.cs|Capture|742|Starting Exposure - Exposure Time: 5s; Filter: LPRO; Gain: 910; Offset 99; Binning: 1x1;
2026-07-14T01:11:09.4111|INFO|AutoFocusEngine.cs|StartBlindFocusPoints|870|Waiting on next left movement analysis
2026-07-14T01:11:19.2618|INFO|HocusFocusStarDetection.cs|Detect|413|Average HFR: 3.0232817124037465, HFR MAD: 0.31077470427055465, Detected Stars 120, Region: 0
2026-07-14T01:11:19.3673|INFO|FocuserVM.cs|MoveFocuserInternal|216|Moving Focuser to position 106134
2026-07-14T01:11:24.6411|INFO|CameraVM.cs|Capture|742|Starting Exposure - Exposure Time: 5s; Filter: LPRO; Gain: 910; Offset 99; Binning: 1x1;
2026-07-14T01:11:29.8587|INFO|AutoFocusEngine.cs|StartBlindFocusPoints|870|Waiting on next left movement analysis
2026-07-14T01:11:39.8672|INFO|HocusFocusStarDetection.cs|Detect|413|Average HFR: 5.622494073218148, HFR MAD: 0.22498073419909126, Detected Stars 40, Region: 0
2026-07-14T01:11:39.8956|INFO|AutoFocusEngine.cs|StartBlindFocusPoints|841|Enough right trend points (3) with an established minimum (116134) to queue remaining left focus points down to 101134
2026-07-14T01:11:39.9498|INFO|FocuserVM.cs|MoveFocuserInternal|216|Moving Focuser to position 101134
2026-07-14T01:11:46.2578|INFO|CameraVM.cs|Capture|742|Starting Exposure - Exposure Time: 5s; Filter: LPRO; Gain: 910; Offset 99; Binning: 1x1;
2026-07-14T01:11:51.4537|INFO|AutoFocusEngine.cs|StartBlindFocusPoints|896|Waiting on remaining AutoFocus analysis tasks
2026-07-14T01:12:01.4115|INFO|HocusFocusStarDetection.cs|Detect|413|Average HFR: 8.731386652070492, HFR MAD: 0.6514460710325771, Detected Stars 8, Region: 0
2026-07-14T01:12:01.5097|INFO|FocuserVM.cs|MoveFocuserInternal|216|Moving Focuser to position 115594
2026-07-14T01:12:08.2043|INFO|AutoFocusEngine.cs|ValidateCalculatedFocusPosition|1141|Validating HFR at final focus position 115594
2026-07-14T01:12:08.2053|INFO|CameraVM.cs|Capture|742|Starting Exposure - Exposure Time: 5s; Filter: LPRO; Gain: 910; Offset 99; Binning: 1x1;
2026-07-14T01:12:23.3581|INFO|HocusFocusStarDetection.cs|Detect|413|Average HFR: 2.229247579895498, HFR MAD: 0.27634643080268306, Detected Stars 132, Region: 0
2026-07-14T01:12:23.3587|INFO|HocusFocusVM.cs|AutoFocusEngine_Completed|473|AutoFocus completed with focuser starting at 116134 and ending at 115594
2026-07-14T01:12:23.3602|INFO|FocuserMediator.cs|BroadcastSuccessfulAutoFocusRun|46|Autofocus notification received - Temperature 23.52
2026-07-14T01:12:23.4122|INFO|PHD2Guider.cs|TryStartGuideCommand|641|Phd2 - Requesting to start guiding. Recalibrate: False
2026-07-14T01:12:44.5511|INFO|SequenceItem.cs|Run|254|Finishing Category: Focheggiatore, Item: RunAutofocus
2026-07-14T01:12:44.5513|INFO|SequenceItem.cs|Run|254|Finishing Category: * Set di Istruzioni *, Container: NINA.Sequencer.Container.SequentialContainer, Strategy: SequentialStrategy, Items[FINISHED]: 1
2026-07-14T01:12:44.5514|INFO|SequenceItem.cs|Run|208|Starting Category: Fotocamera, Item: TakeExposure, ExposureTime 600, Gain 910, Offset 99, ImageType LIGHT, Binning 1x1
2026-07-14T01:12:44.5521|INFO|CameraVM.cs|Capture|742|Starting Exposure - Exposure Time: 600s; Filter: ; Gain: 910; Offset 99; Binning: 1x1;
2026-07-14T01:22:44.8793|INFO|SequenceItem.cs|Run|254|Finishing Category: Fotocamera, Item: TakeExposure, ExposureTime 600, Gain 910, Offset 99, ImageType LIGHT, Binning 1x1
2026-07-14T01:22:44.8796|INFO|MeridianFlipTrigger.cs|ShouldTrigger|296|Meridian Flip - (Side of Pier usage is disabled) There is still time remaining. Max remaining time 08:40:44.4764909, next instruction time 0, next instruction Category: Ruota porta filtri, Item: SwitchFilter, Filter: LPRO
2026-07-14T01:22:44.8797|INFO|SequenceItem.cs|Run|208|Starting Category: Ruota porta filtri, Item: SwitchFilter, Filter: LPRO
2026-07-14T01:22:44.9424|INFO|SequenceItem.cs|Run|254|Finishing Category: Ruota porta filtri, Item: SwitchFilter, Filter: LPRO
2026-07-14T01:22:44.9428|INFO|SequenceTrigger.cs|Run|114|Starting Trigger: DitherAfterExposures, After Exposures: 1
2026-07-14T01:22:44.9428|INFO|SequenceItem.cs|Run|208|Starting Category: * Set di Istruzioni *, Container: NINA.Sequencer.Container.SequentialContainer, Strategy: SequentialStrategy, Items[CREATED]: 1
2026-07-14T01:22:44.9429|INFO|SequenceItem.cs|Run|208|Starting Category: Guida, Item: Dither
2026-07-14T01:22:45.8242|INFO|ImageSolver.cs|Solve|41|Platesolving with parameters: FocalLength: 760 PixelSize: 4.63 SearchRadius: 30 BlindFailoverEnabled: True Regions: 5000 DownSampleFactor: 2 MaxObjects: 500 Reference Coordinates RA: 04:11:01 Dec: 85° 36' 18" Epoch: J2000
2026-07-14T01:22:46.7188|INFO|BaseImageData.cs|SaveToDisk|346|Saved image to C:\Users\PrimaLuceLab\AppData\Local\NINA\PlateSolver\ayzmcdbq.f0f.fits
2026-07-14T01:22:49.2649|INFO|ImageSolver.cs|Solve|54|Platesolve successful: Coordinates: RA: 04:15:18; Dec: 85° 36' 07"; Epoch: J2000 - Position Angle: 273.9287249950242
2026-07-14T01:22:49.2651|INFO|CenterAfterDriftTrigger.cs|PlatesolvingImageFollower_PropertyChanged|189|Drift: 1.8709536524629038 / 3 arc minutes
2026-07-14T01:22:56.6653|INFO|HocusFocusStarDetection.cs|Detect|413|Average HFR: 3.153737177833757, HFR MAD: 0.3433078903424196, Detected Stars 169, Region: 0
2026-07-14T01:22:57.1816|INFO|BaseImageData.cs|SaveToDisk|346|Saved image to D:\Images NINA\Target\LIGHT_1x1_600.00s_910_99_LDN 1320_Skywatcher quattro 200p__-10.00C_LPRO_0083_2026-07-14_01-12-44_FWHM_7.67_Fok_115594.xisf
2026-07-14T01:22:57.1819|INFO|ImageSaveController.cs|DoWork|97|Successfully saved file at D:\Images NINA\Target\LIGHT_1x1_600.00s_910_99_LDN 1320_Skywatcher quattro 200p__-10.00C_LPRO_0083_2026-07-14_01-12-44_FWHM_7.67_Fok_115594.xisf. Duration Total: 00:00:11.3578205; BeforeSave: 00:00:00.0000817; BeforeFinalizeImageSaved: 00:00:11.2442247; FinalizeSaveTime: 00:00:00.1135135
2026-07-14T01:23:11.6261|INFO|SequenceItem.cs|Run|254|Finishing Category: Guida, Item: Dither
2026-07-14T01:23:11.6263|INFO|SequenceItem.cs|Run|254|Finishing Category: * Set di Istruzioni *, Container: NINA.Sequencer.Container.SequentialContainer, Strategy: SequentialStrategy, Items[FINISHED]: 1
2026-07-14T01:23:11.6264|INFO|MeridianFlipTrigger.cs|ShouldTrigger|296|Meridian Flip - (Side of Pier usage is disabled) There is still time remaining. Max remaining time 08:40:10.3505318, next instruction time 600, next instruction Category: Fotocamera, Item: TakeExposure, ExposureTime 600, Gain 910, Offset 99, ImageType LIGHT, Binning 1x1
2026-07-14T01:23:11.6264|INFO|SequenceTrigger.cs|Run|114|Starting Trigger: RestoreGuiding
2026-07-14T01:23:11.6265|INFO|SequenceItem.cs|Run|208|Starting Category: * Set di Istruzioni *, Container: NINA.Sequencer.Container.SequentialContainer, Strategy: SequentialStrategy, Items[CREATED]: 1
2026-07-14T01:23:11.6266|INFO|SequenceItem.cs|Run|208|Starting Category: Guida, Item: StartGuiding
2026-07-14T01:23:11.6737|INFO|PHD2Guider.cs|StartGuidingPrivate|504|Phd2 - App is already guiding. Skipping start guiding
2026-07-14T01:23:11.6763|INFO|SequenceItem.cs|Run|254|Finishing Category: Guida, Item: StartGuiding
2026-07-14T01:23:11.6767|INFO|SequenceItem.cs|Run|254|Finishing Category: * Set di Istruzioni *, Container: NINA.Sequencer.Container.SequentialContainer, Strategy: SequentialStrategy, Items[FINISHED]: 1
2026-07-14T01:23:11.6773|INFO|SequenceItem.cs|Run|208|Starting Category: Fotocamera, Item: TakeExposure, ExposureTime 600, Gain 910, Offset 99, ImageType LIGHT, Binning 1x1
2026-07-14T01:23:11.6910|INFO|CameraVM.cs|Capture|742|Starting Exposure - Exposure Time: 600s; Filter: ; Gain: 910; Offset 99; Binning: 1x1;
2026-07-14T01:33:11.9915|INFO|SequenceItem.cs|Run|254|Finishing Category: Fotocamera, Item: TakeExposure, ExposureTime 600, Gain 910, Offset 99, ImageType LIGHT, Binning 1x1
2026-07-14T01:33:11.9920|INFO|MeridianFlipTrigger.cs|ShouldTrigger|296|Meridian Flip - (Side of Pier usage is disabled) There is still time remaining. Max remaining time 08:29:49.3109923, next instruction time 0, next instruction Category: Ruota porta filtri, Item: SwitchFilter, Filter: LPRO
2026-07-14T01:33:11.9921|INFO|SequenceItem.cs|Run|208|Starting Category: Ruota porta filtri, Item: SwitchFilter, Filter: LPRO
2026-07-14T01:33:12.0999|INFO|SequenceItem.cs|Run|254|Finishing Category: Ruota porta filtri, Item: SwitchFilter, Filter: LPRO
2026-07-14T01:33:12.1003|INFO|SequenceTrigger.cs|Run|114|Starting Trigger: DitherAfterExposures, After Exposures: 1
2026-07-14T01:33:12.1003|INFO|SequenceItem.cs|Run|208|Starting Category: * Set di Istruzioni *, Container: NINA.Sequencer.Container.SequentialContainer, Strategy: SequentialStrategy, Items[CREATED]: 1
2026-07-14T01:33:12.1005|INFO|SequenceItem.cs|Run|208|Starting Category: Guida, Item: Dither
2026-07-14T01:33:24.0133|INFO|HocusFocusStarDetection.cs|Detect|413|Average HFR: 2.747190847403353, HFR MAD: 0.29348699022419256, Detected Stars 475, Region: 0
2026-07-14T01:33:24.6037|INFO|BaseImageData.cs|SaveToDisk|346|Saved image to D:\Images NINA\Target\LIGHT_1x1_600.00s_910_99_LDN 1320_Skywatcher quattro 200p__-10.00C_LPRO_0084_2026-07-14_01-23-11_FWHM_7.06_Fok_115594.xisf
2026-07-14T01:33:24.6038|INFO|ImageSaveController.cs|DoWork|97|Successfully saved file at D:\Images NINA\Target\LIGHT_1x1_600.00s_910_99_LDN 1320_Skywatcher quattro 200p__-10.00C_LPRO_0084_2026-07-14_01-23-11_FWHM_7.06_Fok_115594.xisf. Duration Total: 00:00:11.6727486; BeforeSave: 00:00:00.0000673; BeforeFinalizeImageSaved: 00:00:11.5591893; FinalizeSaveTime: 00:00:00.1134912
2026-07-14T01:33:48.1779|INFO|SequenceItem.cs|Run|254|Finishing Category: Guida, Item: Dither
2026-07-14T01:33:48.1783|INFO|SequenceItem.cs|Run|254|Finishing Category: * Set di Istruzioni *, Container: NINA.Sequencer.Container.SequentialContainer, Strategy: SequentialStrategy, Items[FINISHED]: 1
2026-07-14T01:33:48.1784|INFO|MeridianFlipTrigger.cs|ShouldTrigger|296|Meridian Flip - (Side of Pier usage is disabled) There is still time remaining. Max remaining time 08:28:56.2921145, next instruction time 600, next instruction Category: Fotocamera, Item: TakeExposure, ExposureTime 600, Gain 910, Offset 99, ImageType LIGHT, Binning 1x1
2026-07-14T01:33:48.1785|INFO|SequenceTrigger.cs|Run|114|Starting Trigger: RestoreGuiding
2026-07-14T01:33:48.1785|INFO|SequenceItem.cs|Run|208|Starting Category: * Set di Istruzioni *, Container: NINA.Sequencer.Container.SequentialContainer, Strategy: SequentialStrategy, Items[CREATED]: 1
2026-07-14T01:33:48.1786|INFO|SequenceItem.cs|Run|208|Starting Category: Guida, Item: StartGuiding
2026-07-14T01:33:48.2103|INFO|PHD2Guider.cs|StartGuidingPrivate|504|Phd2 - App is already guiding. Skipping start guiding
2026-07-14T01:33:48.2149|INFO|SequenceItem.cs|Run|254|Finishing Category: Guida, Item: StartGuiding
2026-07-14T01:33:48.2158|INFO|SequenceItem.cs|Run|254|Finishing Category: * Set di Istruzioni *, Container: NINA.Sequencer.Container.SequentialContainer, Strategy: SequentialStrategy, Items[FINISHED]: 1
2026-07-14T01:33:48.2159|INFO|SequenceItem.cs|Run|208|Starting Category: Fotocamera, Item: TakeExposure, ExposureTime 600, Gain 910, Offset 99, ImageType LIGHT, Binning 1x1
2026-07-14T01:33:48.2357|INFO|CameraVM.cs|Capture|742|Starting Exposure - Exposure Time: 600s; Filter: ; Gain: 910; Offset 99; Binning: 1x1;
2026-07-14T01:43:48.4674|INFO|SequenceItem.cs|Run|254|Finishing Category: Fotocamera, Item: TakeExposure, ExposureTime 600, Gain 910, Offset 99, ImageType LIGHT, Binning 1x1
2026-07-14T01:43:48.4678|INFO|MeridianFlipTrigger.cs|ShouldTrigger|296|Meridian Flip - (Side of Pier usage is disabled) There is still time remaining. Max remaining time 08:18:36.6149505, next instruction time 0, next instruction Category: Ruota porta filtri, Item: SwitchFilter, Filter: LPRO
2026-07-14T01:43:48.4679|INFO|SequenceItem.cs|Run|208|Starting Category: Ruota porta filtri, Item: SwitchFilter, Filter: LPRO
2026-07-14T01:43:48.4687|INFO|SequenceItem.cs|Run|254|Finishing Category: Ruota porta filtri, Item: SwitchFilter, Filter: LPRO
2026-07-14T01:43:48.4688|INFO|SequenceTrigger.cs|Run|114|Starting Trigger: DitherAfterExposures, After Exposures: 1
2026-07-14T01:43:48.4690|INFO|SequenceItem.cs|Run|208|Starting Category: * Set di Istruzioni *, Container: NINA.Sequencer.Container.SequentialContainer, Strategy: SequentialStrategy, Items[CREATED]: 1
2026-07-14T01:43:48.4690|INFO|SequenceItem.cs|Run|208|Starting Category: Guida, Item: Dither
2026-07-14T01:44:00.2675|INFO|SequenceItem.cs|Run|254|Finishing Category: Guida, Item: Dither
2026-07-14T01:44:00.2677|INFO|SequenceItem.cs|Run|254|Finishing Category: * Set di Istruzioni *, Container: NINA.Sequencer.Container.SequentialContainer, Strategy: SequentialStrategy, Items[FINISHED]: 1
2026-07-14T01:44:00.2678|INFO|MeridianFlipTrigger.cs|ShouldTrigger|296|Meridian Flip - (Side of Pier usage is disabled) There is still time remaining. Max remaining time 08:18:22.6894382, next instruction time 600, next instruction Category: Fotocamera, Item: TakeExposure, ExposureTime 600, Gain 910, Offset 99, ImageType LIGHT, Binning 1x1
2026-07-14T01:44:00.2678|INFO|SequenceTrigger.cs|Run|114|Starting Trigger: RestoreGuiding
2026-07-14T01:44:00.2679|INFO|SequenceItem.cs|Run|208|Starting Category: * Set di Istruzioni *, Container: NINA.Sequencer.Container.SequentialContainer, Strategy: SequentialStrategy, Items[CREATED]: 1
2026-07-14T01:44:00.2679|INFO|SequenceItem.cs|Run|208|Starting Category: Guida, Item: StartGuiding
2026-07-14T01:44:00.3705|INFO|PHD2Guider.cs|StartGuidingPrivate|504|Phd2 - App is already guiding. Skipping start guiding
2026-07-14T01:44:00.3706|INFO|SequenceItem.cs|Run|254|Finishing Category: Guida, Item: StartGuiding
2026-07-14T01:44:00.3707|INFO|SequenceItem.cs|Run|254|Finishing Category: * Set di Istruzioni *, Container: NINA.Sequencer.Container.SequentialContainer, Strategy: SequentialStrategy, Items[FINISHED]: 1
2026-07-14T01:44:00.3709|INFO|SequenceItem.cs|Run|208|Starting Category: Fotocamera, Item: TakeExposure, ExposureTime 600, Gain 910, Offset 99, ImageType LIGHT, Binning 1x1
2026-07-14T01:44:00.3717|INFO|CameraVM.cs|Capture|742|Starting Exposure - Exposure Time: 600s; Filter: ; Gain: 910; Offset 99; Binning: 1x1;
2026-07-14T01:44:00.9413|INFO|HocusFocusStarDetection.cs|Detect|413|Average HFR: 2.6472400460480134, HFR MAD: 0.2890547121485474, Detected Stars 434, Region: 0
2026-07-14T01:44:01.3709|INFO|BaseImageData.cs|SaveToDisk|346|Saved image to D:\Images NINA\Target\LIGHT_1x1_600.00s_910_99_LDN 1320_Skywatcher quattro 200p__-9.90C_LPRO_0085_2026-07-14_01-33-48_FWHM_6.99_Fok_115594.xisf
2026-07-14T01:44:01.3710|INFO|ImageSaveController.cs|DoWork|97|Successfully saved file at D:\Images NINA\Target\LIGHT_1x1_600.00s_910_99_LDN 1320_Skywatcher quattro 200p__-9.90C_LPRO_0085_2026-07-14_01-33-48_FWHM_6.99_Fok_115594.xisf. Duration Total: 00:00:12.3354843; BeforeSave: 00:00:00.0260474; BeforeFinalizeImageSaved: 00:00:12.1985598; FinalizeSaveTime: 00:00:00.1108764
2026-07-14T01:54:00.8881|INFO|SequenceItem.cs|Run|254|Finishing Category: Fotocamera, Item: TakeExposure, ExposureTime 600, Gain 910, Offset 99, ImageType LIGHT, Binning 1x1
2026-07-14T01:54:00.8884|INFO|MeridianFlipTrigger.cs|ShouldTrigger|296|Meridian Flip - (Side of Pier usage is disabled) There is still time remaining. Max remaining time 08:08:04.6938309, next instruction time 0, next instruction Category: Ruota porta filtri, Item: SwitchFilter, Filter: LPRO
2026-07-14T01:54:00.8885|INFO|SequenceItem.cs|Run|208|Starting Category: Ruota porta filtri, Item: SwitchFilter, Filter: LPRO
2026-07-14T01:54:00.8892|INFO|SequenceItem.cs|Run|254|Finishing Category: Ruota porta filtri, Item: SwitchFilter, Filter: LPRO
2026-07-14T01:54:00.8893|INFO|SequenceTrigger.cs|Run|114|Starting Trigger: DitherAfterExposures, After Exposures: 1
2026-07-14T01:54:00.8894|INFO|SequenceItem.cs|Run|208|Starting Category: * Set di Istruzioni *, Container: NINA.Sequencer.Container.SequentialContainer, Strategy: SequentialStrategy, Items[CREATED]: 1
2026-07-14T01:54:00.8894|INFO|SequenceItem.cs|Run|208|Starting Category: Guida, Item: Dither
2026-07-14T01:54:01.5726|INFO|ImageSolver.cs|Solve|41|Platesolving with parameters: FocalLength: 760 PixelSize: 4.63 SearchRadius: 30 BlindFailoverEnabled: True Regions: 5000 DownSampleFactor: 2 MaxObjects: 500 Reference Coordinates RA: 04:09:45 Dec: 85° 35' 12" Epoch: J2000
2026-07-14T01:54:02.7851|INFO|BaseImageData.cs|SaveToDisk|346|Saved image to C:\Users\PrimaLuceLab\AppData\Local\NINA\PlateSolver\kfvyabei.3jm.fits
2026-07-14T01:54:05.1480|INFO|ImageSolver.cs|Solve|54|Platesolve successful: Coordinates: RA: 04:14:52; Dec: 85° 35' 09"; Epoch: J2000 - Position Angle: 274.1481981426472
2026-07-14T01:54:05.1482|INFO|CenterAfterDriftTrigger.cs|PlatesolvingImageFollower_PropertyChanged|189|Drift: 2.8591837150336556 / 3 arc minutes
2026-07-14T01:54:13.5757|INFO|HocusFocusStarDetection.cs|Detect|413|Average HFR: 2.679867862688181, HFR MAD: 0.28509532132452, Detected Stars 343, Region: 0
2026-07-14T01:54:14.2103|INFO|BaseImageData.cs|SaveToDisk|346|Saved image to D:\Images NINA\Target\LIGHT_1x1_600.00s_910_99_LDN 1320_Skywatcher quattro 200p__-9.90C_LPRO_0086_2026-07-14_01-44-00_FWHM_6.97_Fok_115594.xisf
2026-07-14T01:54:14.2104|INFO|ImageSaveController.cs|DoWork|97|Successfully saved file at D:\Images NINA\Target\LIGHT_1x1_600.00s_910_99_LDN 1320_Skywatcher quattro 200p__-9.90C_LPRO_0086_2026-07-14_01-44-00_FWHM_6.97_Fok_115594.xisf. Duration Total: 00:00:12.6379228; BeforeSave: 00:00:00.0000936; BeforeFinalizeImageSaved: 00:00:12.4607239; FinalizeSaveTime: 00:00:00.1771046
2026-07-14T01:54:14.5127|INFO|SequenceItem.cs|Run|254|Finishing Category: Guida, Item: Dither
2026-07-14T01:54:14.5130|INFO|SequenceItem.cs|Run|254|Finishing Category: * Set di Istruzioni *, Container: NINA.Sequencer.Container.SequentialContainer, Strategy: SequentialStrategy, Items[FINISHED]: 1
2026-07-14T01:54:14.5132|INFO|MeridianFlipTrigger.cs|ShouldTrigger|296|Meridian Flip - (Side of Pier usage is disabled) There is still time remaining. Max remaining time 08:07:48.6481459, next instruction time 600, next instruction Category: Fotocamera, Item: TakeExposure, ExposureTime 600, Gain 910, Offset 99, ImageType LIGHT, Binning 1x1
2026-07-14T01:54:14.5132|INFO|SequenceTrigger.cs|Run|114|Starting Trigger: RestoreGuiding
2026-07-14T01:54:14.5133|INFO|SequenceItem.cs|Run|208|Starting Category: * Set di Istruzioni *, Container: NINA.Sequencer.Container.SequentialContainer, Strategy: SequentialStrategy, Items[CREATED]: 1
2026-07-14T01:54:14.5134|INFO|SequenceItem.cs|Run|208|Starting Category: Guida, Item: StartGuiding
2026-07-14T01:54:14.5371|INFO|PHD2Guider.cs|StartGuidingPrivate|504|Phd2 - App is already guiding. Skipping start guiding
2026-07-14T01:54:14.5377|INFO|SequenceItem.cs|Run|254|Finishing Category: Guida, Item: StartGuiding
2026-07-14T01:54:14.5378|INFO|SequenceItem.cs|Run|254|Finishing Category: * Set di Istruzioni *, Container: NINA.Sequencer.Container.SequentialContainer, Strategy: SequentialStrategy, Items[FINISHED]: 1
2026-07-14T01:54:14.5380|INFO|SequenceItem.cs|Run|208|Starting Category: Fotocamera, Item: TakeExposure, ExposureTime 600, Gain 910, Offset 99, ImageType LIGHT, Binning 1x1
2026-07-14T01:54:14.5385|INFO|CameraVM.cs|Capture|742|Starting Exposure - Exposure Time: 600s; Filter: ; Gain: 910; Offset 99; Binning: 1x1;
2026-07-14T02:04:14.8418|INFO|SequenceItem.cs|Run|254|Finishing Category: Fotocamera, Item: TakeExposure, ExposureTime 600, Gain 910, Offset 99, ImageType LIGHT, Binning 1x1
2026-07-14T02:04:14.8423|INFO|MeridianFlipTrigger.cs|ShouldTrigger|296|Meridian Flip - (Side of Pier usage is disabled) There is still time remaining. Max remaining time 07:57:32.4910959, next instruction time 0, next instruction Category: Ruota porta filtri, Item: SwitchFilter, Filter: LPRO
2026-07-14T02:04:14.8423|INFO|SequenceItem.cs|Run|208|Starting Category: Ruota porta filtri, Item: SwitchFilter, Filter: LPRO
2026-07-14T02:04:14.9670|INFO|SequenceItem.cs|Run|254|Finishing Category: Ruota porta filtri, Item: SwitchFilter, Filter: LPRO
2026-07-14T02:04:14.9674|INFO|SequenceTrigger.cs|Run|114|Starting Trigger: DitherAfterExposures, After Exposures: 1
2026-07-14T02:04:14.9675|INFO|SequenceItem.cs|Run|208|Starting Category: * Set di Istruzioni *, Container: NINA.Sequencer.Container.SequentialContainer, Strategy: SequentialStrategy, Items[CREATED]: 1
2026-07-14T02:04:14.9675|INFO|SequenceItem.cs|Run|208|Starting Category: Guida, Item: Dither
2026-07-14T02:04:26.5996|INFO|HocusFocusStarDetection.cs|Detect|413|Average HFR: 2.7331630301370238, HFR MAD: 0.2960819814771507, Detected Stars 414, Region: 0
2026-07-14T02:04:27.1767|INFO|BaseImageData.cs|SaveToDisk|346|Saved image to D:\Images NINA\Target\LIGHT_1x1_600.00s_910_99_LDN 1320_Skywatcher quattro 200p__-10.00C_LPRO_0087_2026-07-14_01-54-14_FWHM_6.99_Fok_115594.xisf
2026-07-14T02:04:27.1768|INFO|ImageSaveController.cs|DoWork|97|Successfully saved file at D:\Images NINA\Target\LIGHT_1x1_600.00s_910_99_LDN 1320_Skywatcher quattro 200p__-10.00C_LPRO_0087_2026-07-14_01-54-14_FWHM_6.99_Fok_115594.xisf. Duration Total: 00:00:11.1897362; BeforeSave: 00:00:00.0453954; BeforeFinalizeImageSaved: 00:00:11.0276002; FinalizeSaveTime: 00:00:00.1167394
2026-07-14T02:04:43.1080|INFO|SequenceItem.cs|Run|254|Finishing Category: Guida, Item: Dither
2026-07-14T02:04:43.1085|INFO|SequenceItem.cs|Run|254|Finishing Category: * Set di Istruzioni *, Container: NINA.Sequencer.Container.SequentialContainer, Strategy: SequentialStrategy, Items[FINISHED]: 1
2026-07-14T02:04:43.1087|INFO|MeridianFlipTrigger.cs|ShouldTrigger|296|Meridian Flip - (Side of Pier usage is disabled) There is still time remaining. Max remaining time 07:56:52.5968711, next instruction time 600, next instruction Category: Fotocamera, Item: TakeExposure, ExposureTime 600, Gain 910, Offset 99, ImageType LIGHT, Binning 1x1
2026-07-14T02:04:43.1087|INFO|SequenceTrigger.cs|Run|114|Starting Trigger: RestoreGuiding
2026-07-14T02:04:43.1087|INFO|SequenceItem.cs|Run|208|Starting Category: * Set di Istruzioni *, Container: NINA.Sequencer.Container.SequentialContainer, Strategy: SequentialStrategy, Items[CREATED]: 1
2026-07-14T02:04:43.1088|INFO|SequenceItem.cs|Run|208|Starting Category: Guida, Item: StartGuiding
2026-07-14T02:04:43.1438|INFO|PHD2Guider.cs|StartGuidingPrivate|504|Phd2 - App is already guiding. Skipping start guiding
2026-07-14T02:04:43.1439|INFO|SequenceItem.cs|Run|254|Finishing Category: Guida, Item: StartGuiding
2026-07-14T02:04:43.1442|INFO|SequenceItem.cs|Run|254|Finishing Category: * Set di Istruzioni *, Container: NINA.Sequencer.Container.SequentialContainer, Strategy: SequentialStrategy, Items[FINISHED]: 1
2026-07-14T02:04:43.1503|INFO|SequenceItem.cs|Run|208|Starting Category: Fotocamera, Item: TakeExposure, ExposureTime 600, Gain 910, Offset 99, ImageType LIGHT, Binning 1x1
2026-07-14T02:04:43.1507|INFO|CameraVM.cs|Capture|742|Starting Exposure - Exposure Time: 600s; Filter: ; Gain: 910; Offset 99; Binning: 1x1;
2026-07-14T02:14:43.3923|INFO|SequenceItem.cs|Run|254|Finishing Category: Fotocamera, Item: TakeExposure, ExposureTime 600, Gain 910, Offset 99, ImageType LIGHT, Binning 1x1
2026-07-14T02:14:43.3927|INFO|MeridianFlipTrigger.cs|ShouldTrigger|296|Meridian Flip - (Side of Pier usage is disabled) There is still time remaining. Max remaining time 07:46:33.7801840, next instruction time 0, next instruction Category: Ruota porta filtri, Item: SwitchFilter, Filter: LPRO
2026-07-14T02:14:43.3949|INFO|SequenceItem.cs|Run|208|Starting Category: Ruota porta filtri, Item: SwitchFilter, Filter: LPRO
2026-07-14T02:14:43.5633|INFO|SequenceItem.cs|Run|254|Finishing Category: Ruota porta filtri, Item: SwitchFilter, Filter: LPRO
2026-07-14T02:14:43.5637|INFO|SequenceTrigger.cs|Run|114|Starting Trigger: DitherAfterExposures, After Exposures: 1
2026-07-14T02:14:43.5637|INFO|SequenceItem.cs|Run|208|Starting Category: * Set di Istruzioni *, Container: NINA.Sequencer.Container.SequentialContainer, Strategy: SequentialStrategy, Items[CREATED]: 1
2026-07-14T02:14:43.5638|INFO|SequenceItem.cs|Run|208|Starting Category: Guida, Item: Dither
2026-07-14T02:14:55.5031|INFO|HocusFocusStarDetection.cs|Detect|413|Average HFR: 2.8241133880768983, HFR MAD: 0.29841270621598515, Detected Stars 299, Region: 0
2026-07-14T02:14:56.0406|INFO|BaseImageData.cs|SaveToDisk|346|Saved image to D:\Images NINA\Target\LIGHT_1x1_600.00s_910_99_LDN 1320_Skywatcher quattro 200p__-9.90C_LPRO_0088_2026-07-14_02-04-43_FWHM_7.19_Fok_115594.xisf
2026-07-14T02:14:56.0407|INFO|ImageSaveController.cs|DoWork|97|Successfully saved file at D:\Images NINA\Target\LIGHT_1x1_600.00s_910_99_LDN 1320_Skywatcher quattro 200p__-9.90C_LPRO_0088_2026-07-14_02-04-43_FWHM_7.19_Fok_115594.xisf. Duration Total: 00:00:11.7837143; BeforeSave: 00:00:00.0000900; BeforeFinalizeImageSaved: 00:00:11.6414009; FinalizeSaveTime: 00:00:00.1422228
2026-07-14T02:14:59.4786|INFO|SequenceItem.cs|Run|254|Finishing Category: Guida, Item: Dither
2026-07-14T02:14:59.4789|INFO|SequenceItem.cs|Run|254|Finishing Category: * Set di Istruzioni *, Container: NINA.Sequencer.Container.SequentialContainer, Strategy: SequentialStrategy, Items[FINISHED]: 1
2026-07-14T02:14:59.4790|INFO|MeridianFlipTrigger.cs|ShouldTrigger|296|Meridian Flip - (Side of Pier usage is disabled) There is still time remaining. Max remaining time 07:46:15.9569164, next instruction time 600, next instruction Category: Fotocamera, Item: TakeExposure, ExposureTime 600, Gain 910, Offset 99, ImageType LIGHT, Binning 1x1
2026-07-14T02:14:59.4790|INFO|SequenceTrigger.cs|Run|114|Starting Trigger: RestoreGuiding
2026-07-14T02:14:59.4791|INFO|SequenceItem.cs|Run|208|Starting Category: * Set di Istruzioni *, Container: NINA.Sequencer.Container.SequentialContainer, Strategy: SequentialStrategy, Items[CREATED]: 1
2026-07-14T02:14:59.4791|INFO|SequenceItem.cs|Run|208|Starting Category: Guida, Item: StartGuiding
2026-07-14T02:14:59.5162|INFO|PHD2Guider.cs|StartGuidingPrivate|504|Phd2 - App is already guiding. Skipping start guiding
2026-07-14T02:14:59.5164|INFO|SequenceItem.cs|Run|254|Finishing Category: Guida, Item: StartGuiding
2026-07-14T02:14:59.5165|INFO|SequenceItem.cs|Run|254|Finishing Category: * Set di Istruzioni *, Container: NINA.Sequencer.Container.SequentialContainer, Strategy: SequentialStrategy, Items[FINISHED]: 1
2026-07-14T02:14:59.5299|INFO|SequenceItem.cs|Run|208|Starting Category: Fotocamera, Item: TakeExposure, ExposureTime 600, Gain 910, Offset 99, ImageType LIGHT, Binning 1x1
2026-07-14T02:14:59.5423|INFO|CameraVM.cs|Capture|742|Starting Exposure - Exposure Time: 600s; Filter: ; Gain: 910; Offset 99; Binning: 1x1;
2026-07-14T02:25:00.0939|INFO|SequenceItem.cs|Run|254|Finishing Category: Fotocamera, Item: TakeExposure, ExposureTime 600, Gain 910, Offset 99, ImageType LIGHT, Binning 1x1
2026-07-14T02:25:00.0943|INFO|MeridianFlipTrigger.cs|ShouldTrigger|296|Meridian Flip - (Side of Pier usage is disabled) There is still time remaining. Max remaining time 07:35:57.8327440, next instruction time 0, next instruction Category: Ruota porta filtri, Item: SwitchFilter, Filter: LPRO
2026-07-14T02:25:00.0943|INFO|SequenceItem.cs|Run|208|Starting Category: Ruota porta filtri, Item: SwitchFilter, Filter: LPRO
2026-07-14T02:25:00.0949|INFO|SequenceItem.cs|Run|254|Finishing Category: Ruota porta filtri, Item: SwitchFilter, Filter: LPRO
2026-07-14T02:25:00.0950|INFO|SequenceTrigger.cs|Run|114|Starting Trigger: DitherAfterExposures, After Exposures: 1
2026-07-14T02:25:00.0951|INFO|SequenceItem.cs|Run|208|Starting Category: * Set di Istruzioni *, Container: NINA.Sequencer.Container.SequentialContainer, Strategy: SequentialStrategy, Items[CREATED]: 1
2026-07-14T02:25:00.0952|INFO|SequenceItem.cs|Run|208|Starting Category: Guida, Item: Dither
2026-07-14T02:25:00.6334|INFO|ImageSolver.cs|Solve|41|Platesolving with parameters: FocalLength: 760 PixelSize: 4.63 SearchRadius: 30 BlindFailoverEnabled: True Regions: 5000 DownSampleFactor: 2 MaxObjects: 500 Reference Coordinates RA: 04:08:44 Dec: 85° 34' 23" Epoch: J2000
2026-07-14T02:25:01.7231|INFO|BaseImageData.cs|SaveToDisk|346|Saved image to C:\Users\PrimaLuceLab\AppData\Local\NINA\PlateSolver\301bl33t.4yv.fits
2026-07-14T02:25:04.4358|INFO|ImageSolver.cs|Solve|54|Platesolve successful: Coordinates: RA: 04:14:41; Dec: 85° 34' 36"; Epoch: J2000 - Position Angle: 274.36249085168157
2026-07-14T02:25:04.4361|INFO|CenterAfterDriftTrigger.cs|PlatesolvingImageFollower_PropertyChanged|189|Drift: 3.423892586306677 / 3 arc minutes
2026-07-14T02:25:12.2849|INFO|HocusFocusStarDetection.cs|Detect|413|Average HFR: 2.8467061316653464, HFR MAD: 0.29004167768256517, Detected Stars 243, Region: 0
2026-07-14T02:25:12.7156|INFO|BaseImageData.cs|SaveToDisk|346|Saved image to D:\Images NINA\Target\LIGHT_1x1_600.00s_910_99_LDN 1320_Skywatcher quattro 200p__-9.90C_LPRO_0089_2026-07-14_02-14-59_FWHM_7.38_Fok_115594.xisf
2026-07-14T02:25:12.7157|INFO|ImageSaveController.cs|DoWork|97|Successfully saved file at D:\Images NINA\Target\LIGHT_1x1_600.00s_910_99_LDN 1320_Skywatcher quattro 200p__-9.90C_LPRO_0089_2026-07-14_02-14-59_FWHM_7.38_Fok_115594.xisf. Duration Total: 00:00:12.0824086; BeforeSave: 00:00:00.0000845; BeforeFinalizeImageSaved: 00:00:11.9645315; FinalizeSaveTime: 00:00:00.1177921
2026-07-14T02:25:36.6775|INFO|SequenceItem.cs|Run|254|Finishing Category: Guida, Item: Dither
2026-07-14T02:25:36.6784|INFO|SequenceItem.cs|Run|254|Finishing Category: * Set di Istruzioni *, Container: NINA.Sequencer.Container.SequentialContainer, Strategy: SequentialStrategy, Items[FINISHED]: 1
2026-07-14T02:25:36.6785|INFO|CenterAfterDriftTrigger.cs|ShouldTrigger|214|Drift exceeded threshold: 3.423892586306677 / 3 arc minutes
2026-07-14T02:25:36.6793|INFO|SequenceTrigger.cs|Run|114|Starting Trigger: CenterAfterDriftTrigger, DistanceArcMinutes: 3
2026-07-14T02:25:38.0741|INFO|TelescopeVM.cs|SlewAsyncInternal|910|Slewing from RA: 04:16:31; Dec: 85° 38' 12"; Epoch: JNOW to RA: 04:23:25; Dec: 85° 41' 39"; Epoch: JNOW - Alt: 40° 28' 44"; Az: 05° 05' 25"
2026-07-14T02:25:49.3285|INFO|CameraVM.cs|Capture|742|Starting Exposure - Exposure Time: 10s; Filter: ; Gain: 100; Offset 99; Binning: 1x1;
2026-07-14T02:26:04.5066|INFO|ImageSolver.cs|Solve|41|Platesolving with parameters: FocalLength: 760 PixelSize: 4.63 SearchRadius: 30 BlindFailoverEnabled: True Regions: 5000 DownSampleFactor: 2 MaxObjects: 500 Reference Coordinates RA: 04:15:12 Dec: 85° 37' 59" Epoch: J2000
2026-07-14T02:26:05.0581|INFO|BaseImageData.cs|SaveToDisk|346|Saved image to C:\Users\PrimaLuceLab\AppData\Local\NINA\PlateSolver\1npf1ohy.ogy.fits
2026-07-14T02:26:06.5394|INFO|ImageSolver.cs|Solve|54|Platesolve successful: Coordinates: RA: 04:21:30; Dec: 85° 37' 25"; Epoch: J2000 - Position Angle: 274.3303614305785
2026-07-14T02:26:06.5414|INFO|CenteringSolver.cs|Center|99|Centering Solver - Scope Position: RA: 04:23:25; Dec: 85° 41' 40"; Epoch: JNOW; Offset: RA: 00:00:00; Dec: 00° 00' 00"; Distance: 00° 00' 00"; Bearing: 00° 00' 00"; Centering Coordinates: RA: 04:23:25; Dec: 85° 41' 39"; Epoch: JNOW; Solved: RA: 04:29:47; Dec: 85° 40' 53"; Epoch: JNOW; Separation RA: -00:06:23; Dec: 00° 00' 46"; Distance: 00° 07' 14"; Bearing: -95° 20' 11"; Threshold: 1
2026-07-14T02:26:06.6420|INFO|TelescopeVM.cs|Sync|777|Syncing scope from RA: 04:23:25; Dec: 85° 41' 40"; Epoch: JNOW to RA: 04:29:47; Dec: 85° 40' 53"; Epoch: JNOW
2026-07-14T02:26:11.6465|INFO|CenteringSolver.cs|Center|132|Slewing to target after sync. Current Position: RA: 04:29:48; Dec: 85° 40' 53"; Epoch: JNOW; Target coordinates: RA: 04:23:25; Dec: 85° 41' 39"; Epoch: JNOW; Offset RA: 00:00:00; Dec: 00° 00' 00"; Distance: 00° 00' 00"; Bearing: 00° 00' 00"
2026-07-14T02:26:11.6569|INFO|TelescopeVM.cs|SlewAsyncInternal|910|Slewing from RA: 04:29:48; Dec: 85° 40' 53"; Epoch: JNOW to RA: 04:23:25; Dec: 85° 41' 39"; Epoch: JNOW - Alt: 40° 29' 17"; Az: 05° 05' 50"
2026-07-14T02:26:21.8170|INFO|CameraVM.cs|Capture|742|Starting Exposure - Exposure Time: 10s; Filter: ; Gain: 100; Offset 99; Binning: 1x1;
2026-07-14T02:26:37.3419|INFO|ImageSolver.cs|Solve|41|Platesolving with parameters: FocalLength: 760 PixelSize: 4.63 SearchRadius: 30 BlindFailoverEnabled: True Regions: 5000 DownSampleFactor: 2 MaxObjects: 500 Reference Coordinates RA: 04:15:12 Dec: 85° 37' 59" Epoch: J2000
2026-07-14T02:26:37.8449|INFO|BaseImageData.cs|SaveToDisk|346|Saved image to C:\Users\PrimaLuceLab\AppData\Local\NINA\PlateSolver\oror121g.1rd.fits
2026-07-14T02:26:39.1543|INFO|ImageSolver.cs|Solve|54|Platesolve successful: Coordinates: RA: 04:15:32; Dec: 85° 38' 00"; Epoch: J2000 - Position Angle: 274.37767846324624
2026-07-14T02:26:39.1564|INFO|CenteringSolver.cs|Center|99|Centering Solver - Scope Position: RA: 04:23:25; Dec: 85° 41' 40"; Epoch: JNOW; Offset: RA: 00:00:00; Dec: 00° 00' 00"; Distance: 00° 00' 00"; Bearing: 00° 00' 00"; Centering Coordinates: RA: 04:23:25; Dec: 85° 41' 39"; Epoch: JNOW; Solved: RA: 04:23:45; Dec: 85° 41' 40"; Epoch: JNOW; Separation RA: -00:00:21; Dec: -00° 00' 00"; Distance: 00° 00' 23"; Bearing: -89° 36' 14"; Threshold: 1
2026-07-14T02:26:39.1966|INFO|PHD2Guider.cs|TryStartGuideCommand|641|Phd2 - Requesting to start guiding. Recalibrate: False
2026-07-14T02:27:00.3527|INFO|MeridianFlipTrigger.cs|ShouldTrigger|296|Meridian Flip - (Side of Pier usage is disabled) There is still time remaining. Max remaining time 07:40:34.9688427, next instruction time 600, next instruction Category: Fotocamera, Item: TakeExposure, ExposureTime 600, Gain 910, Offset 99, ImageType LIGHT, Binning 1x1
2026-07-14T02:27:00.3528|INFO|SequenceTrigger.cs|Run|114|Starting Trigger: RestoreGuiding
2026-07-14T02:27:00.3529|INFO|SequenceItem.cs|Run|208|Starting Category: * Set di Istruzioni *, Container: NINA.Sequencer.Container.SequentialContainer, Strategy: SequentialStrategy, Items[CREATED]: 1
2026-07-14T02:27:00.3530|INFO|SequenceItem.cs|Run|208|Starting Category: Guida, Item: StartGuiding
2026-07-14T02:27:00.3783|INFO|PHD2Guider.cs|StartGuidingPrivate|504|Phd2 - App is already guiding. Skipping start guiding
2026-07-14T02:27:00.3784|INFO|SequenceItem.cs|Run|254|Finishing Category: Guida, Item: StartGuiding
2026-07-14T02:27:00.3785|INFO|SequenceItem.cs|Run|254|Finishing Category: * Set di Istruzioni *, Container: NINA.Sequencer.Container.SequentialContainer, Strategy: SequentialStrategy, Items[FINISHED]: 1
2026-07-14T02:27:00.3787|INFO|SequenceItem.cs|Run|208|Starting Category: Fotocamera, Item: TakeExposure, ExposureTime 600, Gain 910, Offset 99, ImageType LIGHT, Binning 1x1
2026-07-14T02:27:00.3837|INFO|CameraVM.cs|Capture|742|Starting Exposure - Exposure Time: 600s; Filter: ; Gain: 910; Offset 99; Binning: 1x1;
2026-07-14T02:37:00.5928|INFO|SequenceItem.cs|Run|254|Finishing Category: Fotocamera, Item: TakeExposure, ExposureTime 600, Gain 910, Offset 99, ImageType LIGHT, Binning 1x1
2026-07-14T02:37:00.5934|INFO|MeridianFlipTrigger.cs|ShouldTrigger|296|Meridian Flip - (Side of Pier usage is disabled) There is still time remaining. Max remaining time 07:34:00.3995762, next instruction time 0, next instruction Category: Ruota porta filtri, Item: SwitchFilter, Filter: LPRO
2026-07-14T02:37:00.5934|INFO|SequenceItem.cs|Run|208|Starting Category: Ruota porta filtri, Item: SwitchFilter, Filter: LPRO
2026-07-14T02:37:00.6429|INFO|SequenceItem.cs|Run|254|Finishing Category: Ruota porta filtri, Item: SwitchFilter, Filter: LPRO
2026-07-14T02:37:00.6433|INFO|SequenceTrigger.cs|Run|114|Starting Trigger: DitherAfterExposures, After Exposures: 1
2026-07-14T02:37:00.6434|INFO|SequenceItem.cs|Run|208|Starting Category: * Set di Istruzioni *, Container: NINA.Sequencer.Container.SequentialContainer, Strategy: SequentialStrategy, Items[CREATED]: 1
2026-07-14T02:37:00.6435|INFO|SequenceItem.cs|Run|208|Starting Category: Guida, Item: Dither
2026-07-14T02:37:00.7512|INFO|SequenceItem.cs|Run|254|Finishing Category: Guida, Item: Dither
2026-07-14T02:37:00.7514|INFO|SequenceItem.cs|Run|254|Finishing Category: * Set di Istruzioni *, Container: NINA.Sequencer.Container.SequentialContainer, Strategy: SequentialStrategy, Items[FINISHED]: 1
2026-07-14T02:37:00.7515|INFO|MeridianFlipTrigger.cs|ShouldTrigger|296|Meridian Flip - (Side of Pier usage is disabled) There is still time remaining. Max remaining time 07:34:00.3995762, next instruction time 600, next instruction Category: Fotocamera, Item: TakeExposure, ExposureTime 600, Gain 910, Offset 99, ImageType LIGHT, Binning 1x1
2026-07-14T02:37:00.7516|INFO|SequenceTrigger.cs|Run|114|Starting Trigger: RestoreGuiding
2026-07-14T02:37:00.7516|INFO|SequenceItem.cs|Run|208|Starting Category: * Set di Istruzioni *, Container: NINA.Sequencer.Container.SequentialContainer, Strategy: SequentialStrategy, Items[CREATED]: 1
2026-07-14T02:37:00.7517|INFO|SequenceItem.cs|Run|208|Starting Category: Guida, Item: StartGuiding
2026-07-14T02:37:00.7784|INFO|PHD2Guider.cs|StartGuidingPrivate|509|Phd2 - App has lost guide star and needs to stop before starting guiding again
2026-07-14T02:37:02.1072|INFO|PHD2Guider.cs|TryStartGuideCommand|641|Phd2 - Requesting to start guiding. Recalibrate: False
2026-07-14T02:37:13.3550|INFO|HocusFocusStarDetection.cs|Detect|413|Average HFR: 2.3071136817662263, HFR MAD: 0.2646429593487172, Detected Stars 323, Region: 0
2026-07-14T02:37:13.7876|INFO|BaseImageData.cs|SaveToDisk|346|Saved image to D:\Images NINA\Target\LIGHT_1x1_600.00s_910_99_LDN 1320_Skywatcher quattro 200p__-9.90C_LPRO_0090_2026-07-14_02-27-00_FWHM_6.11_Fok_115594.xisf
2026-07-14T02:37:13.7877|INFO|ImageSaveController.cs|DoWork|97|Successfully saved file at D:\Images NINA\Target\LIGHT_1x1_600.00s_910_99_LDN 1320_Skywatcher quattro 200p__-9.90C_LPRO_0090_2026-07-14_02-27-00_FWHM_6.11_Fok_115594.xisf. Duration Total: 00:00:12.5845094; BeforeSave: 00:00:00.0001330; BeforeFinalizeImageSaved: 00:00:12.4745224; FinalizeSaveTime: 00:00:00.1098534
2026-07-14T02:37:24.8252|INFO|SequenceItem.cs|Run|254|Finishing Category: Guida, Item: StartGuiding
2026-07-14T02:37:24.8254|INFO|SequenceItem.cs|Run|254|Finishing Category: * Set di Istruzioni *, Container: NINA.Sequencer.Container.SequentialContainer, Strategy: SequentialStrategy, Items[FINISHED]: 1
2026-07-14T02:37:24.8260|INFO|AutofocusAfterHFRIncreaseTrigger.cs|ShouldTrigger|221|Autofocus after HFR change should be triggered, as current HFR trend is 10.12% higher compared to threshold of 5%
2026-07-14T02:37:24.8261|INFO|SequenceTrigger.cs|Run|114|Starting Trigger: AutofocusAfterHFRIncreaseTrigger, Amount: 5
2026-07-14T02:37:24.8261|INFO|SequenceItem.cs|Run|208|Starting Category: * Set di Istruzioni *, Container: NINA.Sequencer.Container.SequentialContainer, Strategy: SequentialStrategy, Items[CREATED]: 1
2026-07-14T02:37:24.8262|INFO|SequenceItem.cs|Run|208|Starting Category: Focheggiatore, Item: RunAutofocus
2026-07-14T02:37:25.0029|INFO|FocuserMediator.cs|BroadcastAutoFocusRunStarting|92|Autofocus starting notification received
2026-07-14T02:37:26.1300|INFO|AutoFocusEngine.cs|RunAutoFocus|929|Starting AutoFocus with initial position 115594
2026-07-14T02:37:26.1786|INFO|CameraVM.cs|Capture|742|Starting Exposure - Exposure Time: 5s; Filter: LPRO; Gain: 910; Offset 99; Binning: 1x1;
2026-07-14T02:37:31.3758|INFO|AutoFocusEngine.cs|StartBlindFocusPoints|769|Waiting on initial HFR analysis
2026-07-14T02:37:31.4564|INFO|FocuserVM.cs|MoveFocuserInternal|216|Moving Focuser to position 130594
2026-07-14T02:37:38.2548|INFO|CameraVM.cs|Capture|742|Starting Exposure - Exposure Time: 5s; Filter: LPRO; Gain: 910; Offset 99; Binning: 1x1;
2026-07-14T02:37:41.1535|INFO|HocusFocusStarDetection.cs|Detect|413|Average HFR: 2.231587795077464, HFR MAD: 0.24524792277167906, Detected Stars 151, Region: 0
2026-07-14T02:37:43.5147|INFO|FocuserVM.cs|MoveFocuserInternal|216|Moving Focuser to position 125594
2026-07-14T02:37:48.8646|INFO|CameraVM.cs|Capture|742|Starting Exposure - Exposure Time: 5s; Filter: LPRO; Gain: 910; Offset 99; Binning: 1x1;
2026-07-14T02:37:53.4192|INFO|HocusFocusStarDetection.cs|Detect|413|Average HFR: 8.603754415962486, HFR MAD: 0.2000488760464414, Detected Stars 16, Region: 0
2026-07-14T02:37:54.1890|INFO|FocuserVM.cs|MoveFocuserInternal|216|Moving Focuser to position 120594
2026-07-14T02:38:00.2494|INFO|CameraVM.cs|Capture|742|Starting Exposure - Exposure Time: 5s; Filter: LPRO; Gain: 910; Offset 99; Binning: 1x1;
2026-07-14T02:38:04.1569|INFO|HocusFocusStarDetection.cs|Detect|413|Average HFR: 5.385122756143803, HFR MAD: 0.31667447501587187, Detected Stars 60, Region: 0
2026-07-14T02:38:05.4489|INFO|AutoFocusEngine.cs|StartBlindFocusPoints|797|Waiting on initial focuser move analyses
2026-07-14T02:38:15.4213|INFO|HocusFocusStarDetection.cs|Detect|413|Average HFR: 3.13578709769733, HFR MAD: 0.33323408676092336, Detected Stars 133, Region: 0
2026-07-14T02:38:15.5264|INFO|FocuserVM.cs|MoveFocuserInternal|216|Moving Focuser to position 115594
2026-07-14T02:38:20.7694|INFO|CameraVM.cs|Capture|742|Starting Exposure - Exposure Time: 5s; Filter: LPRO; Gain: 910; Offset 99; Binning: 1x1;
2026-07-14T02:38:25.9682|INFO|AutoFocusEngine.cs|StartBlindFocusPoints|870|Waiting on next left movement analysis
2026-07-14T02:38:36.1128|INFO|HocusFocusStarDetection.cs|Detect|413|Average HFR: 2.2771783488372277, HFR MAD: 0.2567503798194397, Detected Stars 172, Region: 0
2026-07-14T02:38:36.2229|INFO|FocuserVM.cs|MoveFocuserInternal|216|Moving Focuser to position 110594
2026-07-14T02:38:42.1950|INFO|CameraVM.cs|Capture|742|Starting Exposure - Exposure Time: 5s; Filter: LPRO; Gain: 910; Offset 99; Binning: 1x1;
2026-07-14T02:38:47.4077|INFO|AutoFocusEngine.cs|StartBlindFocusPoints|870|Waiting on next left movement analysis
2026-07-14T02:38:57.5485|INFO|HocusFocusStarDetection.cs|Detect|413|Average HFR: 3.237988799631352, HFR MAD: 0.3060612657388422, Detected Stars 108, Region: 0
2026-07-14T02:38:57.5947|INFO|AutoFocusEngine.cs|StartBlindFocusPoints|841|Enough right trend points (3) with an established minimum (115594) to queue remaining left focus points down to 100594
2026-07-14T02:38:57.6482|INFO|FocuserVM.cs|MoveFocuserInternal|216|Moving Focuser to position 105594
2026-07-14T02:39:02.9208|INFO|CameraVM.cs|Capture|742|Starting Exposure - Exposure Time: 5s; Filter: LPRO; Gain: 910; Offset 99; Binning: 1x1;
2026-07-14T02:39:08.2211|INFO|FocuserVM.cs|MoveFocuserInternal|216|Moving Focuser to position 100594
2026-07-14T02:39:14.2551|INFO|CameraVM.cs|Capture|742|Starting Exposure - Exposure Time: 5s; Filter: LPRO; Gain: 910; Offset 99; Binning: 1x1;
2026-07-14T02:39:18.6304|INFO|HocusFocusStarDetection.cs|Detect|413|Average HFR: 5.942055436701627, HFR MAD: 0.36560684250149134, Detected Stars 30, Region: 0
2026-07-14T02:39:19.4584|INFO|AutoFocusEngine.cs|StartBlindFocusPoints|896|Waiting on remaining AutoFocus analysis tasks
2026-07-14T02:39:29.8797|INFO|HocusFocusStarDetection.cs|Detect|413|Average HFR: 3.5403602816002997, HFR MAD: 1.259306153213743, Detected Stars 7, Region: 0
2026-07-14T02:39:29.9672|INFO|FocuserVM.cs|MoveFocuserInternal|216|Moving Focuser to position 116140
2026-07-14T02:39:36.3181|INFO|AutoFocusEngine.cs|ValidateCalculatedFocusPosition|1141|Validating HFR at final focus position 116140
2026-07-14T02:39:36.3194|INFO|CameraVM.cs|Capture|742|Starting Exposure - Exposure Time: 5s; Filter: LPRO; Gain: 910; Offset 99; Binning: 1x1;
2026-07-14T02:39:51.3904|INFO|HocusFocusStarDetection.cs|Detect|413|Average HFR: 2.225821732012681, HFR MAD: 0.2217552365535589, Detected Stars 162, Region: 0
2026-07-14T02:39:51.3909|INFO|HocusFocusVM.cs|AutoFocusEngine_Completed|473|AutoFocus completed with focuser starting at 115594 and ending at 116140
2026-07-14T02:39:51.4052|INFO|FocuserMediator.cs|BroadcastSuccessfulAutoFocusRun|46|Autofocus notification received - Temperature 22.44
2026-07-14T02:39:51.4749|INFO|PHD2Guider.cs|TryStartGuideCommand|641|Phd2 - Requesting to start guiding. Recalibrate: False
2026-07-14T02:40:33.5579|INFO|SequenceItem.cs|Run|254|Finishing Category: Focheggiatore, Item: RunAutofocus
2026-07-14T02:40:33.5583|INFO|SequenceItem.cs|Run|254|Finishing Category: * Set di Istruzioni *, Container: NINA.Sequencer.Container.SequentialContainer, Strategy: SequentialStrategy, Items[FINISHED]: 1
2026-07-14T02:40:33.5584|INFO|SequenceItem.cs|Run|208|Starting Category: Fotocamera, Item: TakeExposure, ExposureTime 600, Gain 910, Offset 99, ImageType LIGHT, Binning 1x1
2026-07-14T02:40:33.5590|INFO|CameraVM.cs|Capture|742|Starting Exposure - Exposure Time: 600s; Filter: ; Gain: 910; Offset 99; Binning: 1x1;
2026-07-14T02:50:33.8736|INFO|SequenceItem.cs|Run|254|Finishing Category: Fotocamera, Item: TakeExposure, ExposureTime 600, Gain 910, Offset 99, ImageType LIGHT, Binning 1x1
2026-07-14T02:50:33.8739|INFO|MeridianFlipTrigger.cs|ShouldTrigger|296|Meridian Flip - (Side of Pier usage is disabled) There is still time remaining. Max remaining time 07:20:11.0436059, next instruction time 0, next instruction Category: Ruota porta filtri, Item: SwitchFilter, Filter: LPRO
2026-07-14T02:50:33.8740|INFO|SequenceItem.cs|Run|208|Starting Category: Ruota porta filtri, Item: SwitchFilter, Filter: LPRO
2026-07-14T02:50:33.9359|INFO|SequenceItem.cs|Run|254|Finishing Category: Ruota porta filtri, Item: SwitchFilter, Filter: LPRO
2026-07-14T02:50:33.9362|INFO|SequenceTrigger.cs|Run|114|Starting Trigger: DitherAfterExposures, After Exposures: 1
2026-07-14T02:50:33.9363|INFO|SequenceItem.cs|Run|208|Starting Category: * Set di Istruzioni *, Container: NINA.Sequencer.Container.SequentialContainer, Strategy: SequentialStrategy, Items[CREATED]: 1
2026-07-14T02:50:33.9365|INFO|SequenceItem.cs|Run|208|Starting Category: Guida, Item: Dither
2026-07-14T02:50:45.3793|INFO|HocusFocusStarDetection.cs|Detect|413|Average HFR: 2.9264800842660614, HFR MAD: 0.33174996146109015, Detected Stars 340, Region: 0
2026-07-14T02:50:45.9332|INFO|BaseImageData.cs|SaveToDisk|346|Saved image to D:\Images NINA\Target\LIGHT_1x1_600.00s_910_99_LDN 1320_Skywatcher quattro 200p__-10.00C_LPRO_0091_2026-07-14_02-40-33_FWHM_7.22_Fok_116140.xisf
2026-07-14T02:50:45.9334|INFO|ImageSaveController.cs|DoWork|97|Successfully saved file at D:\Images NINA\Target\LIGHT_1x1_600.00s_910_99_LDN 1320_Skywatcher quattro 200p__-10.00C_LPRO_0091_2026-07-14_02-40-33_FWHM_7.22_Fok_116140.xisf. Duration Total: 00:00:11.1037391; BeforeSave: 00:00:00.0269329; BeforeFinalizeImageSaved: 00:00:10.9448085; FinalizeSaveTime: 00:00:00.1319968
2026-07-14T02:51:00.8621|INFO|SequenceItem.cs|Run|254|Finishing Category: Guida, Item: Dither
2026-07-14T02:51:00.8623|INFO|SequenceItem.cs|Run|254|Finishing Category: * Set di Istruzioni *, Container: NINA.Sequencer.Container.SequentialContainer, Strategy: SequentialStrategy, Items[FINISHED]: 1
2026-07-14T02:51:00.8624|INFO|MeridianFlipTrigger.cs|ShouldTrigger|296|Meridian Flip - (Side of Pier usage is disabled) There is still time remaining. Max remaining time 07:19:47.4722315, next instruction time 600, next instruction Category: Fotocamera, Item: TakeExposure, ExposureTime 600, Gain 910, Offset 99, ImageType LIGHT, Binning 1x1
2026-07-14T02:51:00.8624|INFO|SequenceTrigger.cs|Run|114|Starting Trigger: RestoreGuiding
2026-07-14T02:51:00.8626|INFO|SequenceItem.cs|Run|208|Starting Category: * Set di Istruzioni *, Container: NINA.Sequencer.Container.SequentialContainer, Strategy: SequentialStrategy, Items[CREATED]: 1
2026-07-14T02:51:00.8627|INFO|SequenceItem.cs|Run|208|Starting Category: Guida, Item: StartGuiding
2026-07-14T02:51:00.9016|INFO|PHD2Guider.cs|StartGuidingPrivate|504|Phd2 - App is already guiding. Skipping start guiding
2026-07-14T02:51:00.9040|INFO|SequenceItem.cs|Run|254|Finishing Category: Guida, Item: StartGuiding
2026-07-14T02:51:00.9044|INFO|SequenceItem.cs|Run|254|Finishing Category: * Set di Istruzioni *, Container: NINA.Sequencer.Container.SequentialContainer, Strategy: SequentialStrategy, Items[FINISHED]: 1
2026-07-14T02:51:00.9045|INFO|SequenceItem.cs|Run|208|Starting Category: Fotocamera, Item: TakeExposure, ExposureTime 600, Gain 910, Offset 99, ImageType LIGHT, Binning 1x1
2026-07-14T02:51:00.9258|INFO|CameraVM.cs|Capture|742|Starting Exposure - Exposure Time: 600s; Filter: ; Gain: 910; Offset 99; Binning: 1x1;
2026-07-14T03:01:01.2112|INFO|SequenceItem.cs|Run|254|Finishing Category: Fotocamera, Item: TakeExposure, ExposureTime 600, Gain 910, Offset 99, ImageType LIGHT, Binning 1x1
2026-07-14T03:01:01.2118|INFO|MeridianFlipTrigger.cs|ShouldTrigger|296|Meridian Flip - (Side of Pier usage is disabled) There is still time remaining. Max remaining time 07:09:32.7308206, next instruction time 0, next instruction Category: Ruota porta filtri, Item: SwitchFilter, Filter: LPRO
2026-07-14T03:01:01.2118|INFO|SequenceItem.cs|Run|208|Starting Category: Ruota porta filtri, Item: SwitchFilter, Filter: LPRO
2026-07-14T03:01:01.2600|INFO|SequenceItem.cs|Run|254|Finishing Category: Ruota porta filtri, Item: SwitchFilter, Filter: LPRO
2026-07-14T03:01:01.2603|INFO|SequenceTrigger.cs|Run|114|Starting Trigger: DitherAfterExposures, After Exposures: 1
2026-07-14T03:01:01.2604|INFO|SequenceItem.cs|Run|208|Starting Category: * Set di Istruzioni *, Container: NINA.Sequencer.Container.SequentialContainer, Strategy: SequentialStrategy, Items[CREATED]: 1
2026-07-14T03:01:01.2605|INFO|SequenceItem.cs|Run|208|Starting Category: Guida, Item: Dither
2026-07-14T03:01:01.8831|INFO|ImageSolver.cs|Solve|41|Platesolving with parameters: FocalLength: 760 PixelSize: 4.63 SearchRadius: 30 BlindFailoverEnabled: True Regions: 5000 DownSampleFactor: 2 MaxObjects: 500 Reference Coordinates RA: 04:18:37 Dec: 85° 21' 59" Epoch: J2000
2026-07-14T03:01:02.7313|INFO|BaseImageData.cs|SaveToDisk|346|Saved image to C:\Users\PrimaLuceLab\AppData\Local\NINA\PlateSolver\0cocbwl3.tle.fits
2026-07-14T03:01:05.1508|INFO|ImageSolver.cs|Solve|54|Platesolve successful: Coordinates: RA: 04:17:26; Dec: 85° 22' 59"; Epoch: J2000 - Position Angle: 274.6052248952532
2026-07-14T03:01:05.1509|INFO|CenterAfterDriftTrigger.cs|PlatesolvingImageFollower_PropertyChanged|189|Drift: 15.222436064958542 / 3 arc minutes
2026-07-14T03:01:14.4275|INFO|HocusFocusStarDetection.cs|Detect|413|Average HFR: 2.670870002115902, HFR MAD: 0.29843187200923005, Detected Stars 565, Region: 0
2026-07-14T03:01:15.0758|INFO|BaseImageData.cs|SaveToDisk|346|Saved image to D:\Images NINA\Target\LIGHT_1x1_600.00s_910_99_LDN 1320_Skywatcher quattro 200p__-9.90C_LPRO_0092_2026-07-14_02-51-00_FWHM_6.83_Fok_116140.xisf
2026-07-14T03:01:15.0759|INFO|ImageSaveController.cs|DoWork|97|Successfully saved file at D:\Images NINA\Target\LIGHT_1x1_600.00s_910_99_LDN 1320_Skywatcher quattro 200p__-9.90C_LPRO_0092_2026-07-14_02-51-00_FWHM_6.83_Fok_116140.xisf. Duration Total: 00:00:13.1929619; BeforeSave: 00:00:00.0001017; BeforeFinalizeImageSaved: 00:00:13.0466713; FinalizeSaveTime: 00:00:00.1461881
2026-07-14T03:01:16.9420|INFO|SequenceItem.cs|Run|254|Finishing Category: Guida, Item: Dither
2026-07-14T03:01:16.9438|INFO|SequenceItem.cs|Run|254|Finishing Category: * Set di Istruzioni *, Container: NINA.Sequencer.Container.SequentialContainer, Strategy: SequentialStrategy, Items[FINISHED]: 1
2026-07-14T03:01:16.9439|INFO|CenterAfterDriftTrigger.cs|ShouldTrigger|214|Drift exceeded threshold: 15.222436064958542 / 3 arc minutes
2026-07-14T03:01:16.9441|INFO|SequenceTrigger.cs|Run|114|Starting Trigger: CenterAfterDriftTrigger, DistanceArcMinutes: 3
2026-07-14T03:01:18.2832|INFO|TelescopeVM.cs|SlewAsyncInternal|910|Slewing from RA: 04:26:29; Dec: 85° 25' 26"; Epoch: JNOW to RA: 04:23:25; Dec: 85° 41' 39"; Epoch: JNOW - Alt: 41° 05' 12"; Az: 05° 27' 54"
2026-07-14T03:01:28.4422|INFO|CameraVM.cs|Capture|742|Starting Exposure - Exposure Time: 10s; Filter: ; Gain: 100; Offset 99; Binning: 1x1;
2026-07-14T03:01:43.9499|INFO|ImageSolver.cs|Solve|41|Platesolving with parameters: FocalLength: 760 PixelSize: 4.63 SearchRadius: 30 BlindFailoverEnabled: True Regions: 5000 DownSampleFactor: 2 MaxObjects: 500 Reference Coordinates RA: 04:15:12 Dec: 85° 37' 59" Epoch: J2000
2026-07-14T03:01:44.4627|INFO|BaseImageData.cs|SaveToDisk|346|Saved image to C:\Users\PrimaLuceLab\AppData\Local\NINA\PlateSolver\h0cxngjs.mef.fits
2026-07-14T03:01:45.8288|INFO|ImageSolver.cs|Solve|54|Platesolve successful: Coordinates: RA: 04:16:31; Dec: 85° 38' 24"; Epoch: J2000 - Position Angle: 274.57102954106745
2026-07-14T03:01:45.8312|INFO|CenteringSolver.cs|Center|99|Centering Solver - Scope Position: RA: 04:23:25; Dec: 85° 41' 39"; Epoch: JNOW; Offset: RA: 00:00:00; Dec: 00° 00' 00"; Distance: 00° 00' 00"; Bearing: 00° 00' 00"; Centering Coordinates: RA: 04:23:25; Dec: 85° 41' 39"; Epoch: JNOW; Solved: RA: 04:24:45; Dec: 85° 42' 02"; Epoch: JNOW; Separation RA: -00:01:20; Dec: -00° 00' 23"; Distance: 00° 01' 33"; Bearing: -75° 44' 49"; Threshold: 1
2026-07-14T03:01:45.9299|INFO|TelescopeVM.cs|Sync|777|Syncing scope from RA: 04:23:25; Dec: 85° 41' 39"; Epoch: JNOW to RA: 04:24:45; Dec: 85° 42' 02"; Epoch: JNOW
2026-07-14T03:01:50.9321|INFO|CenteringSolver.cs|Center|132|Slewing to target after sync. Current Position: RA: 04:24:46; Dec: 85° 42' 02"; Epoch: JNOW; Target coordinates: RA: 04:23:25; Dec: 85° 41' 39"; Epoch: JNOW; Offset RA: 00:00:00; Dec: 00° 00' 00"; Distance: 00° 00' 00"; Bearing: 00° 00' 00"
2026-07-14T03:01:50.9392|INFO|TelescopeVM.cs|SlewAsyncInternal|910|Slewing from RA: 04:24:46; Dec: 85° 42' 02"; Epoch: JNOW to RA: 04:23:25; Dec: 85° 41' 39"; Epoch: JNOW - Alt: 41° 05' 46"; Az: 05° 28' 11"
2026-07-14T03:02:01.2825|INFO|CameraVM.cs|Capture|742|Starting Exposure - Exposure Time: 10s; Filter: ; Gain: 100; Offset 99; Binning: 1x1;
2026-07-14T03:02:16.8084|INFO|ImageSolver.cs|Solve|41|Platesolving with parameters: FocalLength: 760 PixelSize: 4.63 SearchRadius: 30 BlindFailoverEnabled: True Regions: 5000 DownSampleFactor: 2 MaxObjects: 500 Reference Coordinates RA: 04:15:12 Dec: 85° 37' 59" Epoch: J2000
2026-07-14T03:02:17.3459|INFO|BaseImageData.cs|SaveToDisk|346|Saved image to C:\Users\PrimaLuceLab\AppData\Local\NINA\PlateSolver\nfvxvh1j.tmz.fits
2026-07-14T03:02:18.6851|INFO|ImageSolver.cs|Solve|54|Platesolve successful: Coordinates: RA: 04:15:10; Dec: 85° 38' 01"; Epoch: J2000 - Position Angle: 274.5925577589185
2026-07-14T03:02:18.6869|INFO|CenteringSolver.cs|Center|99|Centering Solver - Scope Position: RA: 04:23:25; Dec: 85° 41' 39"; Epoch: JNOW; Offset: RA: 00:00:00; Dec: 00° 00' 00"; Distance: 00° 00' 00"; Bearing: 00° 00' 00"; Centering Coordinates: RA: 04:23:25; Dec: 85° 41' 39"; Epoch: JNOW; Solved: RA: 04:23:23; Dec: 85° 41' 42"; Epoch: JNOW; Separation RA: 00:00:02; Dec: -00° 00' 03"; Distance: 00° 00' 04"; Bearing: 45° 23' 02"; Threshold: 1
2026-07-14T03:02:18.7262|INFO|PHD2Guider.cs|TryStartGuideCommand|641|Phd2 - Requesting to start guiding. Recalibrate: False
2026-07-14T03:02:40.4421|INFO|MeridianFlipTrigger.cs|ShouldTrigger|296|Meridian Flip - (Side of Pier usage is disabled) There is still time remaining. Max remaining time 07:04:49.3077530, next instruction time 600, next instruction Category: Fotocamera, Item: TakeExposure, ExposureTime 600, Gain 910, Offset 99, ImageType LIGHT, Binning 1x1
2026-07-14T03:02:40.4422|INFO|SequenceTrigger.cs|Run|114|Starting Trigger: RestoreGuiding
2026-07-14T03:02:40.4423|INFO|SequenceItem.cs|Run|208|Starting Category: * Set di Istruzioni *, Container: NINA.Sequencer.Container.SequentialContainer, Strategy: SequentialStrategy, Items[CREATED]: 1
2026-07-14T03:02:40.4424|INFO|SequenceItem.cs|Run|208|Starting Category: Guida, Item: StartGuiding
2026-07-14T03:02:40.4697|INFO|PHD2Guider.cs|StartGuidingPrivate|504|Phd2 - App is already guiding. Skipping start guiding
2026-07-14T03:02:40.4793|INFO|SequenceItem.cs|Run|254|Finishing Category: Guida, Item: StartGuiding
2026-07-14T03:02:40.4795|INFO|SequenceItem.cs|Run|254|Finishing Category: * Set di Istruzioni *, Container: NINA.Sequencer.Container.SequentialContainer, Strategy: SequentialStrategy, Items[FINISHED]: 1
2026-07-14T03:02:40.4904|INFO|SequenceItem.cs|Run|208|Starting Category: Fotocamera, Item: TakeExposure, ExposureTime 600, Gain 910, Offset 99, ImageType LIGHT, Binning 1x1
2026-07-14T03:02:40.4940|INFO|CameraVM.cs|Capture|742|Starting Exposure - Exposure Time: 600s; Filter: ; Gain: 910; Offset 99; Binning: 1x1;
2026-07-14T03:12:40.7617|INFO|SequenceItem.cs|Run|254|Finishing Category: Fotocamera, Item: TakeExposure, ExposureTime 600, Gain 910, Offset 99, ImageType LIGHT, Binning 1x1
2026-07-14T03:12:40.7620|INFO|MeridianFlipTrigger.cs|ShouldTrigger|296|Meridian Flip - (Side of Pier usage is disabled) There is still time remaining. Max remaining time 06:54:39.3636182, next instruction time 0, next instruction Category: Ruota porta filtri, Item: SwitchFilter, Filter: LPRO
2026-07-14T03:12:40.7621|INFO|SequenceItem.cs|Run|208|Starting Category: Ruota porta filtri, Item: SwitchFilter, Filter: LPRO
2026-07-14T03:12:40.7627|INFO|SequenceItem.cs|Run|254|Finishing Category: Ruota porta filtri, Item: SwitchFilter, Filter: LPRO
2026-07-14T03:12:40.7628|INFO|SequenceTrigger.cs|Run|114|Starting Trigger: DitherAfterExposures, After Exposures: 1
2026-07-14T03:12:40.7629|INFO|SequenceItem.cs|Run|208|Starting Category: * Set di Istruzioni *, Container: NINA.Sequencer.Container.SequentialContainer, Strategy: SequentialStrategy, Items[CREATED]: 1
2026-07-14T03:12:40.7630|INFO|SequenceItem.cs|Run|208|Starting Category: Guida, Item: Dither
2026-07-14T03:12:53.0449|INFO|HocusFocusStarDetection.cs|Detect|413|Average HFR: 2.5420023963085074, HFR MAD: 0.23962680904189115, Detected Stars 579, Region: 0
2026-07-14T03:12:53.5918|INFO|BaseImageData.cs|SaveToDisk|346|Saved image to D:\Images NINA\Target\LIGHT_1x1_600.00s_910_99_LDN 1320_Skywatcher quattro 200p__-9.90C_LPRO_0093_2026-07-14_03-02-40_FWHM_6.58_Fok_116140.xisf
2026-07-14T03:12:53.5919|INFO|ImageSaveController.cs|DoWork|97|Successfully saved file at D:\Images NINA\Target\LIGHT_1x1_600.00s_910_99_LDN 1320_Skywatcher quattro 200p__-9.90C_LPRO_0093_2026-07-14_03-02-40_FWHM_6.58_Fok_116140.xisf. Duration Total: 00:00:12.1660384; BeforeSave: 00:00:00.0000835; BeforeFinalizeImageSaved: 00:00:12.0478641; FinalizeSaveTime: 00:00:00.1180901
2026-07-14T03:13:15.0188|INFO|SequenceItem.cs|Run|254|Finishing Category: Guida, Item: Dither
2026-07-14T03:13:15.0190|INFO|SequenceItem.cs|Run|254|Finishing Category: * Set di Istruzioni *, Container: NINA.Sequencer.Container.SequentialContainer, Strategy: SequentialStrategy, Items[FINISHED]: 1
2026-07-14T03:13:15.0191|INFO|MeridianFlipTrigger.cs|ShouldTrigger|296|Meridian Flip - (Side of Pier usage is disabled) There is still time remaining. Max remaining time 06:54:08.7344675, next instruction time 600, next instruction Category: Fotocamera, Item: TakeExposure, ExposureTime 600, Gain 910, Offset 99, ImageType LIGHT, Binning 1x1
2026-07-14T03:13:15.0191|INFO|SequenceTrigger.cs|Run|114|Starting Trigger: RestoreGuiding
2026-07-14T03:13:15.0192|INFO|SequenceItem.cs|Run|208|Starting Category: * Set di Istruzioni *, Container: NINA.Sequencer.Container.SequentialContainer, Strategy: SequentialStrategy, Items[CREATED]: 1
2026-07-14T03:13:15.0192|INFO|SequenceItem.cs|Run|208|Starting Category: Guida, Item: StartGuiding
2026-07-14T03:13:15.0617|INFO|PHD2Guider.cs|StartGuidingPrivate|504|Phd2 - App is already guiding. Skipping start guiding
2026-07-14T03:13:15.0619|INFO|SequenceItem.cs|Run|254|Finishing Category: Guida, Item: StartGuiding
2026-07-14T03:13:15.0620|INFO|SequenceItem.cs|Run|254|Finishing Category: * Set di Istruzioni *, Container: NINA.Sequencer.Container.SequentialContainer, Strategy: SequentialStrategy, Items[FINISHED]: 1
2026-07-14T03:13:15.0787|INFO|SequenceItem.cs|Run|208|Starting Category: Fotocamera, Item: TakeExposure, ExposureTime 600, Gain 910, Offset 99, ImageType LIGHT, Binning 1x1
2026-07-14T03:13:15.0792|INFO|CameraVM.cs|Capture|742|Starting Exposure - Exposure Time: 600s; Filter: ; Gain: 910; Offset 99; Binning: 1x1;
2026-07-14T03:23:15.3691|INFO|SequenceItem.cs|Run|254|Finishing Category: Fotocamera, Item: TakeExposure, ExposureTime 600, Gain 910, Offset 99, ImageType LIGHT, Binning 1x1
2026-07-14T03:23:15.3695|INFO|MeridianFlipTrigger.cs|ShouldTrigger|296|Meridian Flip - (Side of Pier usage is disabled) There is still time remaining. Max remaining time 06:43:58.8733743, next instruction time 0, next instruction Category: Ruota porta filtri, Item: SwitchFilter, Filter: LPRO
2026-07-14T03:23:15.3695|INFO|SequenceItem.cs|Run|208|Starting Category: Ruota porta filtri, Item: SwitchFilter, Filter: LPRO
2026-07-14T03:23:15.4239|INFO|SequenceItem.cs|Run|254|Finishing Category: Ruota porta filtri, Item: SwitchFilter, Filter: LPRO
2026-07-14T03:23:15.4246|INFO|SequenceTrigger.cs|Run|114|Starting Trigger: DitherAfterExposures, After Exposures: 1
2026-07-14T03:23:15.4247|INFO|SequenceItem.cs|Run|208|Starting Category: * Set di Istruzioni *, Container: NINA.Sequencer.Container.SequentialContainer, Strategy: SequentialStrategy, Items[CREATED]: 1
2026-07-14T03:23:15.4249|INFO|SequenceItem.cs|Run|208|Starting Category: Guida, Item: Dither
2026-07-14T03:23:27.1411|INFO|HocusFocusStarDetection.cs|Detect|413|Average HFR: 2.5529365877842403, HFR MAD: 0.2655827911940314, Detected Stars 593, Region: 0
2026-07-14T03:23:27.6697|INFO|BaseImageData.cs|SaveToDisk|346|Saved image to D:\Images NINA\Target\LIGHT_1x1_600.00s_910_99_LDN 1320_Skywatcher quattro 200p__-10.00C_LPRO_0094_2026-07-14_03-13-15_FWHM_6.57_Fok_116140.xisf
2026-07-14T03:23:27.6698|INFO|ImageSaveController.cs|DoWork|97|Successfully saved file at D:\Images NINA\Target\LIGHT_1x1_600.00s_910_99_LDN 1320_Skywatcher quattro 200p__-10.00C_LPRO_0094_2026-07-14_03-13-15_FWHM_6.57_Fok_116140.xisf. Duration Total: 00:00:11.3741331; BeforeSave: 00:00:00.0687150; BeforeFinalizeImageSaved: 00:00:11.2005301; FinalizeSaveTime: 00:00:00.1048872
2026-07-14T03:23:55.1613|INFO|SequenceItem.cs|Run|254|Finishing Category: Guida, Item: Dither
2026-07-14T03:23:55.1615|INFO|SequenceItem.cs|Run|254|Finishing Category: * Set di Istruzioni *, Container: NINA.Sequencer.Container.SequentialContainer, Strategy: SequentialStrategy, Items[FINISHED]: 1
2026-07-14T03:23:55.1617|INFO|MeridianFlipTrigger.cs|ShouldTrigger|296|Meridian Flip - (Side of Pier usage is disabled) There is still time remaining. Max remaining time 06:43:22.2667141, next instruction time 600, next instruction Category: Fotocamera, Item: TakeExposure, ExposureTime 600, Gain 910, Offset 99, ImageType LIGHT, Binning 1x1
2026-07-14T03:23:55.1621|INFO|SequenceTrigger.cs|Run|114|Starting Trigger: RestoreGuiding
2026-07-14T03:23:55.1621|INFO|SequenceItem.cs|Run|208|Starting Category: * Set di Istruzioni *, Container: NINA.Sequencer.Container.SequentialContainer, Strategy: SequentialStrategy, Items[CREATED]: 1
2026-07-14T03:23:55.1622|INFO|SequenceItem.cs|Run|208|Starting Category: Guida, Item: StartGuiding
2026-07-14T03:23:55.1914|INFO|PHD2Guider.cs|StartGuidingPrivate|504|Phd2 - App is already guiding. Skipping start guiding
2026-07-14T03:23:55.1945|INFO|SequenceItem.cs|Run|254|Finishing Category: Guida, Item: StartGuiding
2026-07-14T03:23:55.1957|INFO|SequenceItem.cs|Run|254|Finishing Category: * Set di Istruzioni *, Container: NINA.Sequencer.Container.SequentialContainer, Strategy: SequentialStrategy, Items[FINISHED]: 1
2026-07-14T03:23:55.2149|INFO|SequenceItem.cs|Run|208|Starting Category: Fotocamera, Item: TakeExposure, ExposureTime 600, Gain 910, Offset 99, ImageType LIGHT, Binning 1x1
2026-07-14T03:23:55.2154|INFO|CameraVM.cs|Capture|742|Starting Exposure - Exposure Time: 600s; Filter: ; Gain: 910; Offset 99; Binning: 1x1;
2026-07-14T03:33:55.5354|INFO|SequenceItem.cs|Run|254|Finishing Category: Fotocamera, Item: TakeExposure, ExposureTime 600, Gain 910, Offset 99, ImageType LIGHT, Binning 1x1
2026-07-14T03:33:55.5358|INFO|MeridianFlipTrigger.cs|ShouldTrigger|296|Meridian Flip - (Side of Pier usage is disabled) There is still time remaining. Max remaining time 06:33:14.3593537, next instruction time 0, next instruction Category: Ruota porta filtri, Item: SwitchFilter, Filter: LPRO
2026-07-14T03:33:55.5359|INFO|SequenceItem.cs|Run|208|Starting Category: Ruota porta filtri, Item: SwitchFilter, Filter: LPRO
2026-07-14T03:33:55.5727|INFO|SequenceItem.cs|Run|254|Finishing Category: Ruota porta filtri, Item: SwitchFilter, Filter: LPRO
2026-07-14T03:33:55.5732|INFO|SequenceTrigger.cs|Run|114|Starting Trigger: DitherAfterExposures, After Exposures: 1
2026-07-14T03:33:55.5733|INFO|SequenceItem.cs|Run|208|Starting Category: * Set di Istruzioni *, Container: NINA.Sequencer.Container.SequentialContainer, Strategy: SequentialStrategy, Items[CREATED]: 1
2026-07-14T03:33:55.5734|INFO|SequenceItem.cs|Run|208|Starting Category: Guida, Item: Dither
2026-07-14T03:33:56.2373|INFO|ImageSolver.cs|Solve|41|Platesolving with parameters: FocalLength: 760 PixelSize: 4.63 SearchRadius: 30 BlindFailoverEnabled: True Regions: 5000 DownSampleFactor: 2 MaxObjects: 500 Reference Coordinates RA: 04:14:58 Dec: 85° 36' 55" Epoch: J2000
2026-07-14T03:33:57.3132|INFO|BaseImageData.cs|SaveToDisk|346|Saved image to C:\Users\PrimaLuceLab\AppData\Local\NINA\PlateSolver\v4nbafhh.qep.fits
2026-07-14T03:33:59.4217|INFO|ImageSolver.cs|Solve|54|Platesolve successful: Coordinates: RA: 04:15:31; Dec: 85° 38' 11"; Epoch: J2000 - Position Angle: 274.7181113586068
2026-07-14T03:33:59.4218|INFO|CenterAfterDriftTrigger.cs|PlatesolvingImageFollower_PropertyChanged|189|Drift: 0.4183248913219926 / 3 arc minutes
2026-07-14T03:34:09.1849|INFO|HocusFocusStarDetection.cs|Detect|413|Average HFR: 2.41934008709134, HFR MAD: 0.23996327451026866, Detected Stars 642, Region: 0
2026-07-14T03:34:09.6974|INFO|BaseImageData.cs|SaveToDisk|346|Saved image to D:\Images NINA\Target\LIGHT_1x1_600.00s_910_99_LDN 1320_Skywatcher quattro 200p__-9.90C_LPRO_0095_2026-07-14_03-23-55_FWHM_6.44_Fok_116140.xisf
2026-07-14T03:34:09.6975|INFO|ImageSaveController.cs|DoWork|97|Successfully saved file at D:\Images NINA\Target\LIGHT_1x1_600.00s_910_99_LDN 1320_Skywatcher quattro 200p__-9.90C_LPRO_0095_2026-07-14_03-23-55_FWHM_6.44_Fok_116140.xisf. Duration Total: 00:00:13.4602958; BeforeSave: 00:00:00.0000693; BeforeFinalizeImageSaved: 00:00:13.2604591; FinalizeSaveTime: 00:00:00.1997666
2026-07-14T03:34:12.6102|INFO|SequenceItem.cs|Run|254|Finishing Category: Guida, Item: Dither
2026-07-14T03:34:12.6109|INFO|SequenceItem.cs|Run|254|Finishing Category: * Set di Istruzioni *, Container: NINA.Sequencer.Container.SequentialContainer, Strategy: SequentialStrategy, Items[FINISHED]: 1
2026-07-14T03:34:12.6110|INFO|MeridianFlipTrigger.cs|ShouldTrigger|296|Meridian Flip - (Side of Pier usage is disabled) There is still time remaining. Max remaining time 06:32:58.5986046, next instruction time 600, next instruction Category: Fotocamera, Item: TakeExposure, ExposureTime 600, Gain 910, Offset 99, ImageType LIGHT, Binning 1x1
2026-07-14T03:34:12.6110|INFO|SequenceTrigger.cs|Run|114|Starting Trigger: RestoreGuiding
2026-07-14T03:34:12.6111|INFO|SequenceItem.cs|Run|208|Starting Category: * Set di Istruzioni *, Container: NINA.Sequencer.Container.SequentialContainer, Strategy: SequentialStrategy, Items[CREATED]: 1
2026-07-14T03:34:12.6112|INFO|SequenceItem.cs|Run|208|Starting Category: Guida, Item: StartGuiding
2026-07-14T03:34:12.6432|INFO|PHD2Guider.cs|StartGuidingPrivate|504|Phd2 - App is already guiding. Skipping start guiding
2026-07-14T03:34:12.6467|INFO|SequenceItem.cs|Run|254|Finishing Category: Guida, Item: StartGuiding
2026-07-14T03:34:12.6469|INFO|SequenceItem.cs|Run|254|Finishing Category: * Set di Istruzioni *, Container: NINA.Sequencer.Container.SequentialContainer, Strategy: SequentialStrategy, Items[FINISHED]: 1
2026-07-14T03:34:12.6471|INFO|SequenceItem.cs|Run|208|Starting Category: Fotocamera, Item: TakeExposure, ExposureTime 600, Gain 910, Offset 99, ImageType LIGHT, Binning 1x1
2026-07-14T03:34:12.6850|INFO|CameraVM.cs|Capture|742|Starting Exposure - Exposure Time: 600s; Filter: ; Gain: 910; Offset 99; Binning: 1x1;
2026-07-14T03:44:13.0223|INFO|SequenceItem.cs|Run|254|Finishing Category: Fotocamera, Item: TakeExposure, ExposureTime 600, Gain 910, Offset 99, ImageType LIGHT, Binning 1x1
2026-07-14T03:44:13.0227|INFO|MeridianFlipTrigger.cs|ShouldTrigger|296|Meridian Flip - (Side of Pier usage is disabled) There is still time remaining. Max remaining time 06:22:46.0991041, next instruction time 0, next instruction Category: Ruota porta filtri, Item: SwitchFilter, Filter: LPRO
2026-07-14T03:44:13.0228|INFO|SequenceItem.cs|Run|208|Starting Category: Ruota porta filtri, Item: SwitchFilter, Filter: LPRO
2026-07-14T03:44:13.0235|INFO|SequenceItem.cs|Run|254|Finishing Category: Ruota porta filtri, Item: SwitchFilter, Filter: LPRO
2026-07-14T03:44:13.0236|INFO|SequenceTrigger.cs|Run|114|Starting Trigger: DitherAfterExposures, After Exposures: 1
2026-07-14T03:44:13.0237|INFO|SequenceItem.cs|Run|208|Starting Category: * Set di Istruzioni *, Container: NINA.Sequencer.Container.SequentialContainer, Strategy: SequentialStrategy, Items[CREATED]: 1
2026-07-14T03:44:13.0238|INFO|SequenceItem.cs|Run|208|Starting Category: Guida, Item: Dither
2026-07-14T03:44:25.4154|INFO|HocusFocusStarDetection.cs|Detect|413|Average HFR: 2.5059043150529474, HFR MAD: 0.2544082347566379, Detected Stars 637, Region: 0
2026-07-14T03:44:26.1471|INFO|BaseImageData.cs|SaveToDisk|346|Saved image to D:\Images NINA\Target\LIGHT_1x1_600.00s_910_99_LDN 1320_Skywatcher quattro 200p__-9.90C_LPRO_0096_2026-07-14_03-34-12_FWHM_6.69_Fok_116140.xisf
2026-07-14T03:44:26.1472|INFO|ImageSaveController.cs|DoWork|97|Successfully saved file at D:\Images NINA\Target\LIGHT_1x1_600.00s_910_99_LDN 1320_Skywatcher quattro 200p__-9.90C_LPRO_0096_2026-07-14_03-34-12_FWHM_6.69_Fok_116140.xisf. Duration Total: 00:00:12.1804781; BeforeSave: 00:00:00.0004024; BeforeFinalizeImageSaved: 00:00:12.0105770; FinalizeSaveTime: 00:00:00.1694979
2026-07-14T03:44:27.9919|INFO|SequenceItem.cs|Run|254|Finishing Category: Guida, Item: Dither
2026-07-14T03:44:27.9921|INFO|SequenceItem.cs|Run|254|Finishing Category: * Set di Istruzioni *, Container: NINA.Sequencer.Container.SequentialContainer, Strategy: SequentialStrategy, Items[FINISHED]: 1
2026-07-14T03:44:27.9922|INFO|MeridianFlipTrigger.cs|ShouldTrigger|296|Meridian Flip - (Side of Pier usage is disabled) There is still time remaining. Max remaining time 06:22:33.0703522, next instruction time 600, next instruction Category: Fotocamera, Item: TakeExposure, ExposureTime 600, Gain 910, Offset 99, ImageType LIGHT, Binning 1x1
2026-07-14T03:44:27.9922|INFO|SequenceTrigger.cs|Run|114|Starting Trigger: RestoreGuiding
2026-07-14T03:44:27.9923|INFO|SequenceItem.cs|Run|208|Starting Category: * Set di Istruzioni *, Container: NINA.Sequencer.Container.SequentialContainer, Strategy: SequentialStrategy, Items[CREATED]: 1
2026-07-14T03:44:27.9924|INFO|SequenceItem.cs|Run|208|Starting Category: Guida, Item: StartGuiding
2026-07-14T03:44:28.0167|INFO|PHD2Guider.cs|StartGuidingPrivate|504|Phd2 - App is already guiding. Skipping start guiding
2026-07-14T03:44:28.0169|INFO|SequenceItem.cs|Run|254|Finishing Category: Guida, Item: StartGuiding
2026-07-14T03:44:28.0170|INFO|SequenceItem.cs|Run|254|Finishing Category: * Set di Istruzioni *, Container: NINA.Sequencer.Container.SequentialContainer, Strategy: SequentialStrategy, Items[FINISHED]: 1
2026-07-14T03:44:28.0172|INFO|SequenceItem.cs|Run|208|Starting Category: Fotocamera, Item: TakeExposure, ExposureTime 600, Gain 910, Offset 99, ImageType LIGHT, Binning 1x1
2026-07-14T03:44:28.0204|INFO|CameraVM.cs|Capture|742|Starting Exposure - Exposure Time: 600s; Filter: ; Gain: 910; Offset 99; Binning: 1x1;
2026-07-14T03:54:28.2455|INFO|SequenceItem.cs|Run|254|Finishing Category: Fotocamera, Item: TakeExposure, ExposureTime 600, Gain 910, Offset 99, ImageType LIGHT, Binning 1x1
2026-07-14T03:54:28.2459|INFO|MeridianFlipTrigger.cs|ShouldTrigger|296|Meridian Flip - (Side of Pier usage is disabled) There is still time remaining. Max remaining time 06:12:19.5217083, next instruction time 0, next instruction Category: Ruota porta filtri, Item: SwitchFilter, Filter: LPRO
2026-07-14T03:54:28.2459|INFO|SequenceItem.cs|Run|208|Starting Category: Ruota porta filtri, Item: SwitchFilter, Filter: LPRO
2026-07-14T03:54:28.2881|INFO|SequenceItem.cs|Run|254|Finishing Category: Ruota porta filtri, Item: SwitchFilter, Filter: LPRO
2026-07-14T03:54:28.2884|INFO|SequenceTrigger.cs|Run|114|Starting Trigger: DitherAfterExposures, After Exposures: 1
2026-07-14T03:54:28.2884|INFO|SequenceItem.cs|Run|208|Starting Category: * Set di Istruzioni *, Container: NINA.Sequencer.Container.SequentialContainer, Strategy: SequentialStrategy, Items[CREATED]: 1
2026-07-14T03:54:28.2885|INFO|SequenceItem.cs|Run|208|Starting Category: Guida, Item: Dither
2026-07-14T03:54:40.9301|INFO|HocusFocusStarDetection.cs|Detect|413|Average HFR: 2.475140037209193, HFR MAD: 0.25259720562579346, Detected Stars 695, Region: 0
2026-07-14T03:54:41.5425|INFO|BaseImageData.cs|SaveToDisk|346|Saved image to D:\Images NINA\Target\LIGHT_1x1_600.00s_910_99_LDN 1320_Skywatcher quattro 200p__-9.90C_LPRO_0097_2026-07-14_03-44-28_FWHM_6.75_Fok_116140.xisf
2026-07-14T03:54:41.5426|INFO|ImageSaveController.cs|DoWork|97|Successfully saved file at D:\Images NINA\Target\LIGHT_1x1_600.00s_910_99_LDN 1320_Skywatcher quattro 200p__-9.90C_LPRO_0097_2026-07-14_03-44-28_FWHM_6.75_Fok_116140.xisf. Duration Total: 00:00:12.3956708; BeforeSave: 00:00:00.0000849; BeforeFinalizeImageSaved: 00:00:12.2818039; FinalizeSaveTime: 00:00:00.1137811
2026-07-14T03:54:54.4877|INFO|SequenceItem.cs|Run|254|Finishing Category: Guida, Item: Dither
2026-07-14T03:54:54.4879|INFO|SequenceItem.cs|Run|254|Finishing Category: * Set di Istruzioni *, Container: NINA.Sequencer.Container.SequentialContainer, Strategy: SequentialStrategy, Items[FINISHED]: 1
2026-07-14T03:54:54.4882|INFO|MeridianFlipTrigger.cs|ShouldTrigger|296|Meridian Flip - (Side of Pier usage is disabled) There is still time remaining. Max remaining time 06:12:00.6635285, next instruction time 600, next instruction Category: Fotocamera, Item: TakeExposure, ExposureTime 600, Gain 910, Offset 99, ImageType LIGHT, Binning 1x1
2026-07-14T03:54:54.4882|INFO|SequenceTrigger.cs|Run|114|Starting Trigger: RestoreGuiding
2026-07-14T03:54:54.4882|INFO|SequenceItem.cs|Run|208|Starting Category: * Set di Istruzioni *, Container: NINA.Sequencer.Container.SequentialContainer, Strategy: SequentialStrategy, Items[CREATED]: 1
2026-07-14T03:54:54.4883|INFO|SequenceItem.cs|Run|208|Starting Category: Guida, Item: StartGuiding
2026-07-14T03:54:54.5174|INFO|PHD2Guider.cs|StartGuidingPrivate|504|Phd2 - App is already guiding. Skipping start guiding
2026-07-14T03:54:54.5213|INFO|SequenceItem.cs|Run|254|Finishing Category: Guida, Item: StartGuiding
2026-07-14T03:54:54.5223|INFO|SequenceItem.cs|Run|254|Finishing Category: * Set di Istruzioni *, Container: NINA.Sequencer.Container.SequentialContainer, Strategy: SequentialStrategy, Items[FINISHED]: 1
2026-07-14T03:54:54.5235|INFO|SequenceItem.cs|Run|208|Starting Category: Fotocamera, Item: TakeExposure, ExposureTime 600, Gain 910, Offset 99, ImageType LIGHT, Binning 1x1
2026-07-14T03:54:54.5240|INFO|CameraVM.cs|Capture|742|Starting Exposure - Exposure Time: 600s; Filter: ; Gain: 910; Offset 99; Binning: 1x1;
2026-07-14T04:04:54.8867|INFO|SequenceItem.cs|Run|254|Finishing Category: Fotocamera, Item: TakeExposure, ExposureTime 600, Gain 910, Offset 99, ImageType LIGHT, Binning 1x1
2026-07-14T04:04:54.8878|INFO|MeridianFlipTrigger.cs|ShouldTrigger|296|Meridian Flip - (Side of Pier usage is disabled) There is still time remaining. Max remaining time 06:01:53.4828509, next instruction time 0, next instruction Category: Ruota porta filtri, Item: SwitchFilter, Filter: LPRO
2026-07-14T04:04:54.8878|INFO|SequenceItem.cs|Run|208|Starting Category: Ruota porta filtri, Item: SwitchFilter, Filter: LPRO
2026-07-14T04:04:54.8929|INFO|SequenceItem.cs|Run|254|Finishing Category: Ruota porta filtri, Item: SwitchFilter, Filter: LPRO
2026-07-14T04:04:54.8932|INFO|SequenceTrigger.cs|Run|114|Starting Trigger: DitherAfterExposures, After Exposures: 1
2026-07-14T04:04:54.8933|INFO|SequenceItem.cs|Run|208|Starting Category: * Set di Istruzioni *, Container: NINA.Sequencer.Container.SequentialContainer, Strategy: SequentialStrategy, Items[CREATED]: 1
2026-07-14T04:04:54.8934|INFO|SequenceItem.cs|Run|208|Starting Category: Guida, Item: Dither
2026-07-14T04:04:55.4051|INFO|ImageSolver.cs|Solve|41|Platesolving with parameters: FocalLength: 760 PixelSize: 4.63 SearchRadius: 30 BlindFailoverEnabled: True Regions: 5000 DownSampleFactor: 2 MaxObjects: 500 Reference Coordinates RA: 04:14:45 Dec: 85° 35' 20" Epoch: J2000
2026-07-14T04:04:56.5383|INFO|BaseImageData.cs|SaveToDisk|346|Saved image to C:\Users\PrimaLuceLab\AppData\Local\NINA\PlateSolver\eegv0ovu.v5z.fits
2026-07-14T04:04:59.0735|INFO|ImageSolver.cs|Solve|54|Platesolve successful: Coordinates: RA: 04:15:41; Dec: 85° 37' 29"; Epoch: J2000 - Position Angle: 274.8506494530772
2026-07-14T04:04:59.0737|INFO|CenterAfterDriftTrigger.cs|PlatesolvingImageFollower_PropertyChanged|189|Drift: 0.7369388482201177 / 3 arc minutes
2026-07-14T04:05:07.4776|INFO|HocusFocusStarDetection.cs|Detect|413|Average HFR: 2.4627396089780262, HFR MAD: 0.24335737584291062, Detected Stars 526, Region: 0
2026-07-14T04:05:08.0364|INFO|BaseImageData.cs|SaveToDisk|346|Saved image to D:\Images NINA\Target\LIGHT_1x1_600.00s_910_99_LDN 1320_Skywatcher quattro 200p__-9.90C_LPRO_0098_2026-07-14_03-54-54_FWHM_6.62_Fok_116140.xisf
2026-07-14T04:05:08.0366|INFO|ImageSaveController.cs|DoWork|97|Successfully saved file at D:\Images NINA\Target\LIGHT_1x1_600.00s_910_99_LDN 1320_Skywatcher quattro 200p__-9.90C_LPRO_0098_2026-07-14_03-54-54_FWHM_6.62_Fok_116140.xisf. Duration Total: 00:00:12.6317059; BeforeSave: 00:00:00.0000920; BeforeFinalizeImageSaved: 00:00:12.4809890; FinalizeSaveTime: 00:00:00.1506242
2026-07-14T04:05:23.4881|INFO|SequenceItem.cs|Run|254|Finishing Category: Guida, Item: Dither
2026-07-14T04:05:23.4896|INFO|SequenceItem.cs|Run|254|Finishing Category: * Set di Istruzioni *, Container: NINA.Sequencer.Container.SequentialContainer, Strategy: SequentialStrategy, Items[FINISHED]: 1
2026-07-14T04:05:23.4897|INFO|MeridianFlipTrigger.cs|ShouldTrigger|296|Meridian Flip - (Side of Pier usage is disabled) There is still time remaining. Max remaining time 06:01:26.7900733, next instruction time 600, next instruction Category: Fotocamera, Item: TakeExposure, ExposureTime 600, Gain 910, Offset 99, ImageType LIGHT, Binning 1x1
2026-07-14T04:05:23.4898|INFO|SequenceTrigger.cs|Run|114|Starting Trigger: RestoreGuiding
2026-07-14T04:05:23.4898|INFO|SequenceItem.cs|Run|208|Starting Category: * Set di Istruzioni *, Container: NINA.Sequencer.Container.SequentialContainer, Strategy: SequentialStrategy, Items[CREATED]: 1
2026-07-14T04:05:23.4899|INFO|SequenceItem.cs|Run|208|Starting Category: Guida, Item: StartGuiding
2026-07-14T04:05:23.5180|INFO|PHD2Guider.cs|StartGuidingPrivate|504|Phd2 - App is already guiding. Skipping start guiding
2026-07-14T04:05:23.5220|INFO|SequenceItem.cs|Run|254|Finishing Category: Guida, Item: StartGuiding
2026-07-14T04:05:23.5232|INFO|SequenceItem.cs|Run|254|Finishing Category: * Set di Istruzioni *, Container: NINA.Sequencer.Container.SequentialContainer, Strategy: SequentialStrategy, Items[FINISHED]: 1
2026-07-14T04:05:23.5426|INFO|SequenceItem.cs|Run|208|Starting Category: Fotocamera, Item: TakeExposure, ExposureTime 600, Gain 910, Offset 99, ImageType LIGHT, Binning 1x1
2026-07-14T04:05:23.5432|INFO|CameraVM.cs|Capture|742|Starting Exposure - Exposure Time: 600s; Filter: ; Gain: 910; Offset 99; Binning: 1x1;
2026-07-14T04:15:23.8553|INFO|SequenceItem.cs|Run|254|Finishing Category: Fotocamera, Item: TakeExposure, ExposureTime 600, Gain 910, Offset 99, ImageType LIGHT, Binning 1x1
2026-07-14T04:15:23.8559|INFO|MeridianFlipTrigger.cs|ShouldTrigger|296|Meridian Flip - (Side of Pier usage is disabled) There is still time remaining. Max remaining time 05:51:20.9472108, next instruction time 0, next instruction Category: Ruota porta filtri, Item: SwitchFilter, Filter: LPRO
2026-07-14T04:15:23.8559|INFO|SequenceItem.cs|Run|208|Starting Category: Ruota porta filtri, Item: SwitchFilter, Filter: LPRO
2026-07-14T04:15:23.9298|INFO|SequenceItem.cs|Run|254|Finishing Category: Ruota porta filtri, Item: SwitchFilter, Filter: LPRO
2026-07-14T04:15:23.9301|INFO|SequenceTrigger.cs|Run|114|Starting Trigger: DitherAfterExposures, After Exposures: 1
2026-07-14T04:15:23.9302|INFO|SequenceItem.cs|Run|208|Starting Category: * Set di Istruzioni *, Container: NINA.Sequencer.Container.SequentialContainer, Strategy: SequentialStrategy, Items[CREATED]: 1
2026-07-14T04:15:23.9302|INFO|SequenceItem.cs|Run|208|Starting Category: Guida, Item: Dither
2026-07-14T04:15:36.1560|INFO|HocusFocusStarDetection.cs|Detect|413|Average HFR: 2.2312044790152767, HFR MAD: 0.22910789826339162, Detected Stars 495, Region: 0
2026-07-14T04:15:36.7526|INFO|BaseImageData.cs|SaveToDisk|346|Saved image to D:\Images NINA\Target\LIGHT_1x1_600.00s_910_99_LDN 1320_Skywatcher quattro 200p__-9.90C_LPRO_0099_2026-07-14_04-05-23_FWHM_6.08_Fok_116140.xisf
2026-07-14T04:15:36.7527|INFO|ImageSaveController.cs|DoWork|97|Successfully saved file at D:\Images NINA\Target\LIGHT_1x1_600.00s_910_99_LDN 1320_Skywatcher quattro 200p__-9.90C_LPRO_0099_2026-07-14_04-05-23_FWHM_6.08_Fok_116140.xisf. Duration Total: 00:00:12.1009652; BeforeSave: 00:00:00.0000911; BeforeFinalizeImageSaved: 00:00:11.9920518; FinalizeSaveTime: 00:00:00.1088214
2026-07-14T04:16:03.7484|INFO|SequenceItem.cs|Run|254|Finishing Category: Guida, Item: Dither
2026-07-14T04:16:03.7486|INFO|SequenceItem.cs|Run|254|Finishing Category: * Set di Istruzioni *, Container: NINA.Sequencer.Container.SequentialContainer, Strategy: SequentialStrategy, Items[FINISHED]: 1
2026-07-14T04:16:03.7671|INFO|MeridianFlipTrigger.cs|ShouldTrigger|296|Meridian Flip - (Side of Pier usage is disabled) There is still time remaining. Max remaining time 05:50:45.5929476, next instruction time 600, next instruction Category: Fotocamera, Item: TakeExposure, ExposureTime 600, Gain 910, Offset 99, ImageType LIGHT, Binning 1x1
2026-07-14T04:16:03.7673|INFO|SequenceTrigger.cs|Run|114|Starting Trigger: RestoreGuiding
2026-07-14T04:16:03.7673|INFO|SequenceItem.cs|Run|208|Starting Category: * Set di Istruzioni *, Container: NINA.Sequencer.Container.SequentialContainer, Strategy: SequentialStrategy, Items[CREATED]: 1
2026-07-14T04:16:03.7674|INFO|SequenceItem.cs|Run|208|Starting Category: Guida, Item: StartGuiding
2026-07-14T04:16:03.8002|INFO|PHD2Guider.cs|StartGuidingPrivate|504|Phd2 - App is already guiding. Skipping start guiding
2026-07-14T04:16:03.8004|INFO|SequenceItem.cs|Run|254|Finishing Category: Guida, Item: StartGuiding
2026-07-14T04:16:03.8193|INFO|SequenceItem.cs|Run|254|Finishing Category: * Set di Istruzioni *, Container: NINA.Sequencer.Container.SequentialContainer, Strategy: SequentialStrategy, Items[FINISHED]: 1
2026-07-14T04:16:03.8590|INFO|SequenceItem.cs|Run|208|Starting Category: Fotocamera, Item: TakeExposure, ExposureTime 600, Gain 910, Offset 99, ImageType LIGHT, Binning 1x1
2026-07-14T04:16:03.8634|INFO|CameraVM.cs|Capture|742|Starting Exposure - Exposure Time: 600s; Filter: ; Gain: 910; Offset 99; Binning: 1x1;
2026-07-14T04:26:04.3499|INFO|SequenceItem.cs|Run|254|Finishing Category: Fotocamera, Item: TakeExposure, ExposureTime 600, Gain 910, Offset 99, ImageType LIGHT, Binning 1x1
2026-07-14T04:26:04.3502|INFO|MeridianFlipTrigger.cs|ShouldTrigger|296|Meridian Flip - (Side of Pier usage is disabled) There is still time remaining. Max remaining time 05:40:38.4076991, next instruction time 0, next instruction Category: Ruota porta filtri, Item: SwitchFilter, Filter: LPRO
2026-07-14T04:26:04.3503|INFO|SequenceItem.cs|Run|208|Starting Category: Ruota porta filtri, Item: SwitchFilter, Filter: LPRO
2026-07-14T04:26:04.3509|INFO|SequenceItem.cs|Run|254|Finishing Category: Ruota porta filtri, Item: SwitchFilter, Filter: LPRO
2026-07-14T04:26:04.3513|INFO|TimeCondition.cs|Check|248|No more time remaining. Remaining: 00:05:47.6489433, Next Item Scatta esposizione, Next Item Estimated Duration 00:10:00, Next Item Attempts: 1
2026-07-14T04:26:04.3513|INFO|TimeCondition.cs|Check|254|TimeCondition finished.
2026-07-14T04:26:04.3517|INFO|TimeCondition.cs|Check|248|No more time remaining. Remaining: 00:05:47.6482674, Next Item Scatta esposizione, Next Item Estimated Duration 00:10:00, Next Item Attempts: 1
2026-07-14T04:26:04.3517|INFO|TimeCondition.cs|Check|254|TimeCondition finished.
2026-07-14T04:26:04.3518|INFO|TimeCondition.cs|Check|248|No more time remaining. Remaining: 00:05:47.6481346, Next Item Scatta esposizione, Next Item Estimated Duration 00:10:00, Next Item Attempts: 1
2026-07-14T04:26:04.3518|INFO|TimeCondition.cs|Check|254|TimeCondition finished.
2026-07-14T04:26:04.3538|INFO|SequenceItem.cs|Run|254|Finishing Category: Fotocamera, Container: NINA.Sequencer.SequenceItem.Imaging.SmartExposure, Strategy: SequentialStrategy, Items[FINISHED]: 1, Items[SKIPPED]: 1, Conditions: Condition: LoopCondition, Iterations: 30/45, , Triggers: Trigger: DitherAfterExposures, After Exposures: 1
2026-07-14T04:26:04.3550|INFO|SequenceItem.cs|Run|254|Finishing Category: * Set di Istruzioni *, Container: NINA.Sequencer.Container.DeepSkyObjectContainer, Strategy: SequentialStrategy, Items[FINISHED]: 4, Triggers: Trigger: CenterAfterDriftTrigger, DistanceArcMinutes: 3, Target: LDN 1320 RA: 04:15:12; Dec: 85° 37' 59"; Epoch: J2000 276.95
2026-07-14T04:26:04.3553|INFO|TimeCondition.cs|Check|254|TimeCondition finished.
2026-07-14T04:26:04.3553|INFO|SequenceItem.cs|Run|254|Finishing Category: * Set di Istruzioni *, Container: NINA.Sequencer.Container.SequentialContainer, Strategy: SequentialStrategy, Items[FINISHED]: 3, Conditions: Condition: TimeCondition, Time: 4:31:52h, 
2026-07-14T04:26:04.3554|INFO|SequenceItem.cs|Run|254|Finishing Category: * Set di Istruzioni *, Container: NINA.Sequencer.Container.SequentialContainer, Strategy: SequentialStrategy, Items[FINISHED]: 2
2026-07-14T04:26:04.3556|INFO|MeridianFlipTrigger.cs|ShouldTrigger|296|Meridian Flip - (Side of Pier usage is disabled) There is still time remaining. Max remaining time 05:40:38.4076991, next instruction time 0, next instruction Category: Utilità, Item: Annotation, Text: Note: This BLANK Script Instruction is here such that it will FAIL ON PURPOSE after the final Target is completed. This forces UNSAFE to be skipped so we can proceed to the END.
2026-07-14T04:26:04.3556|INFO|SequenceItem.cs|Run|208|Starting Category: Utilità, Item: Annotation, Text: Note: This BLANK Script Instruction is here such that it will FAIL ON PURPOSE after the final Target is completed. This forces UNSAFE to be skipped so we can proceed to the END.
2026-07-14T04:26:04.3557|INFO|SequenceItem.cs|Run|254|Finishing Category: Utilità, Item: Annotation, Text: Note: This BLANK Script Instruction is here such that it will FAIL ON PURPOSE after the final Target is completed. This forces UNSAFE to be skipped so we can proceed to the END.
2026-07-14T04:26:04.3557|INFO|MeridianFlipTrigger.cs|ShouldTrigger|296|Meridian Flip - (Side of Pier usage is disabled) There is still time remaining. Max remaining time 05:40:38.4076991, next instruction time 0, next instruction Category: Utilità, Item: Annotation, Text: DO NOT PLACE ANY TEXT IN THE EXTERNAL SCRIPT FIELD BELOW.
2026-07-14T04:26:04.3558|INFO|SequenceItem.cs|Run|208|Starting Category: Utilità, Item: Annotation, Text: DO NOT PLACE ANY TEXT IN THE EXTERNAL SCRIPT FIELD BELOW.
2026-07-14T04:26:04.3558|INFO|SequenceItem.cs|Run|254|Finishing Category: Utilità, Item: Annotation, Text: DO NOT PLACE ANY TEXT IN THE EXTERNAL SCRIPT FIELD BELOW.
2026-07-14T04:26:04.3562|INFO|MeridianFlipTrigger.cs|ShouldTrigger|296|Meridian Flip - (Side of Pier usage is disabled) There is still time remaining. Max remaining time 05:40:38.4076991, next instruction time 0, next instruction Category: Utilità, Item: ExternalScript, Script: 
2026-07-14T04:26:04.3564|INFO|SequenceItem.cs|Run|208|Starting Category: Utilità, Item: ExternalScript, Script: 
2026-07-14T04:26:04.3607|ERROR|ExternalCommandExecutor.cs|RunSequenceCompleteCommandTask|35|Command not found: 
2026-07-14T04:26:04.3624|ERROR|SequenceItem.cs|Run|263|Category: Utilità, Item: ExternalScript, Script:  - 
NINA.Core.Model.SequenceEntityFailedException: Comando esterno non è stato eseguito con successo
   at NINA.Sequencer.SequenceItem.Utility.ExternalScript.Execute(IProgress`1 progress, CancellationToken token) in /_/NINA.Sequencer/SequenceItem/Utility/ExternalScript.cs:line 92
   at NINA.Sequencer.SequenceItem.SequenceItem.Run(IProgress`1 progress, CancellationToken token) in /_/NINA.Sequencer/SequenceItem/SequenceItem.cs:line 249
2026-07-14T04:26:04.3906|ERROR|SequenceItem.cs|RunErrorBehavior|190|Instruction Script Esterno failed after 1 attempt. Error behavior is set to SkipToSequenceEndInstructions. Skipping to end of sequence instructions.
2026-07-14T04:26:04.4041|INFO|SequenceItem.cs|Run|254|Finishing Category: * Set di Istruzioni *, Container: NINA.Sequencer.Container.TargetAreaContainer, Strategy: SequentialStrategy, Items[FINISHED]: 1, Items[CREATED]: 1
2026-07-14T04:26:04.4044|INFO|MeridianFlipTrigger.cs|ShouldTrigger|296|Meridian Flip - (Side of Pier usage is disabled) There is still time remaining. Max remaining time 05:40:38.4076991, next instruction time 0, next instruction Category: * Set di Istruzioni *, Container: NINA.Sequencer.Container.EndAreaContainer, Strategy: SequentialStrategy, Items[CREATED]: 1
2026-07-14T04:26:04.4048|INFO|SequenceItem.cs|Run|208|Starting Category: * Set di Istruzioni *, Container: NINA.Sequencer.Container.EndAreaContainer, Strategy: SequentialStrategy, Items[CREATED]: 1
2026-07-14T04:26:04.4050|INFO|MeridianFlipTrigger.cs|ShouldTrigger|296|Meridian Flip - (Side of Pier usage is disabled) There is still time remaining. Max remaining time 05:40:38.4076991, next instruction time 0, next instruction Category: * Set di Istruzioni *, Container: NINA.Sequencer.Container.SequentialContainer, Strategy: SequentialStrategy, Items[CREATED]: 17
2026-07-14T04:26:04.4050|INFO|SequenceItem.cs|Run|208|Starting Category: * Set di Istruzioni *, Container: NINA.Sequencer.Container.SequentialContainer, Strategy: SequentialStrategy, Items[CREATED]: 17
2026-07-14T04:26:04.4052|INFO|MeridianFlipTrigger.cs|ShouldTrigger|296|Meridian Flip - (Side of Pier usage is disabled) There is still time remaining. Max remaining time 05:40:38.4076991, next instruction time 0, next instruction Category: Utilità, Item: Annotation, Text: VERSION: 1
2026-07-14T04:26:04.4052|INFO|SequenceItem.cs|Run|208|Starting Category: Utilità, Item: Annotation, Text: VERSION: 1
2026-07-14T04:26:04.4053|INFO|SequenceItem.cs|Run|254|Finishing Category: Utilità, Item: Annotation, Text: VERSION: 1
2026-07-14T04:26:04.4054|INFO|MeridianFlipTrigger.cs|ShouldTrigger|296|Meridian Flip - (Side of Pier usage is disabled) There is still time remaining. Max remaining time 05:40:38.4076991, next instruction time 0, next instruction Category: * Set di Istruzioni *, Container: NINA.Sequencer.Container.SequentialContainer, Strategy: SequentialStrategy, Items[CREATED]: 3
2026-07-14T04:26:04.4055|INFO|SequenceItem.cs|Run|208|Starting Category: * Set di Istruzioni *, Container: NINA.Sequencer.Container.SequentialContainer, Strategy: SequentialStrategy, Items[CREATED]: 3
2026-07-14T04:26:04.4055|INFO|MeridianFlipTrigger.cs|ShouldTrigger|296|Meridian Flip - (Side of Pier usage is disabled) There is still time remaining. Max remaining time 05:40:38.4076991, next instruction time 0, next instruction Category: Utilità, Item: Annotation, Text: This End Sequence ensures an ASCOM Safety Monitor will function in a sequence as expected.
2026-07-14T04:26:04.4056|INFO|SequenceItem.cs|Run|208|Starting Category: Utilità, Item: Annotation, Text: This End Sequence ensures an ASCOM Safety Monitor will function in a sequence as expected.
2026-07-14T04:26:04.4056|INFO|SequenceItem.cs|Run|254|Finishing Category: Utilità, Item: Annotation, Text: This End Sequence ensures an ASCOM Safety Monitor will function in a sequence as expected.
2026-07-14T04:26:04.4057|INFO|MeridianFlipTrigger.cs|ShouldTrigger|296|Meridian Flip - (Side of Pier usage is disabled) There is still time remaining. Max remaining time 05:40:38.4076991, next instruction time 0, next instruction Category: Utilità, Item: Annotation, Text: The CONNECTOR Plugin is used in this Sequence.
2026-07-14T04:26:04.4057|INFO|SequenceItem.cs|Run|208|Starting Category: Utilità, Item: Annotation, Text: The CONNECTOR Plugin is used in this Sequence.
2026-07-14T04:26:04.4057|INFO|SequenceItem.cs|Run|254|Finishing Category: Utilità, Item: Annotation, Text: The CONNECTOR Plugin is used in this Sequence.
2026-07-14T04:26:04.4058|INFO|MeridianFlipTrigger.cs|ShouldTrigger|296|Meridian Flip - (Side of Pier usage is disabled) There is still time remaining. Max remaining time 05:40:38.4076991, next instruction time 0, next instruction Category: Utilità, Item: Annotation, Text: A Switch is also used within this End Sequence.
2026-07-14T04:26:04.4058|INFO|SequenceItem.cs|Run|208|Starting Category: Utilità, Item: Annotation, Text: A Switch is also used within this End Sequence.
2026-07-14T04:26:04.4058|INFO|SequenceItem.cs|Run|254|Finishing Category: Utilità, Item: Annotation, Text: A Switch is also used within this End Sequence.
2026-07-14T04:26:04.4059|INFO|SequenceItem.cs|Run|254|Finishing Category: * Set di Istruzioni *, Container: NINA.Sequencer.Container.SequentialContainer, Strategy: SequentialStrategy, Items[FINISHED]: 3
2026-07-14T04:26:04.4062|INFO|MeridianFlipTrigger.cs|ShouldTrigger|296|Meridian Flip - (Side of Pier usage is disabled) There is still time remaining. Max remaining time 05:40:38.4076991, next instruction time 0, next instruction Category: Guida, Item: StopGuiding
2026-07-14T04:26:04.4391|INFO|SequenceItem.cs|Run|208|Starting Category: Guida, Item: StopGuiding
2026-07-14T04:26:06.0566|INFO|SequenceItem.cs|Run|254|Finishing Category: Guida, Item: StopGuiding
2026-07-14T04:26:06.0569|INFO|MeridianFlipTrigger.cs|ShouldTrigger|296|Meridian Flip - (Side of Pier usage is disabled) There is still time remaining. Max remaining time 05:40:38.4076991, next instruction time 0, next instruction Category: Telescopio, Item: SetTracking, TrackingMode: Stopped
2026-07-14T04:26:06.0573|INFO|SequenceItem.cs|Run|208|Starting Category: Telescopio, Item: SetTracking, TrackingMode: Stopped
2026-07-14T04:26:06.1977|INFO|SequenceItem.cs|Run|254|Finishing Category: Telescopio, Item: SetTracking, TrackingMode: Stopped
2026-07-14T04:26:06.1983|INFO|MeridianFlipTrigger.cs|ShouldTrigger|296|Meridian Flip - (Side of Pier usage is disabled) There is still time remaining. Max remaining time 05:40:38.4076991, next instruction time 0, next instruction Category: Telescopio, Item: FindHome
2026-07-14T04:26:06.1987|INFO|SequenceItem.cs|Run|208|Starting Category: Telescopio, Item: FindHome
2026-07-14T04:26:06.2288|INFO|PHD2Guider.cs|StopGuiding|704|Phd2 - Stop Guiding skipped, as the app is already in state Stopped
2026-07-14T04:26:06.2317|INFO|TelescopeVM.cs|FindHome|292|Mount ordered to locate home position
2026-07-14T04:26:15.5451|INFO|HocusFocusStarDetection.cs|Detect|413|Average HFR: 2.461114703794327, HFR MAD: 0.25716520741720217, Detected Stars 238, Region: 0
2026-07-14T04:26:16.1878|INFO|BaseImageData.cs|SaveToDisk|346|Saved image to D:\Images NINA\Target\LIGHT_1x1_600.00s_910_99_LDN 1320_Skywatcher quattro 200p__-9.90C_LPRO_0100_2026-07-14_04-16-03_FWHM_6.75_Fok_116140.xisf
2026-07-14T04:26:16.1879|INFO|ImageSaveController.cs|DoWork|97|Successfully saved file at D:\Images NINA\Target\LIGHT_1x1_600.00s_910_99_LDN 1320_Skywatcher quattro 200p__-9.90C_LPRO_0100_2026-07-14_04-16-03_FWHM_6.75_Fok_116140.xisf. Duration Total: 00:00:11.1861216; BeforeSave: 00:00:00.0000466; BeforeFinalizeImageSaved: 00:00:11.0723230; FinalizeSaveTime: 00:00:00.1137516
2026-07-14T04:26:20.0789|INFO|TelescopeVM.cs|FindHome|348|Mount has located its home position
2026-07-14T04:26:20.0790|INFO|SequenceItem.cs|Run|254|Finishing Category: Telescopio, Item: FindHome
2026-07-14T04:26:20.0791|INFO|MeridianFlipTrigger.cs|ShouldTrigger|197|Meridian Flip - Telescope is at home position. Skip flip evaluation
2026-07-14T04:26:20.0797|INFO|SequenceItem.cs|Run|208|Starting Category: Apparato per i Flat, Item: CloseCover
2026-07-14T04:26:20.0878|INFO|FlatDeviceVM.cs|CloseCover|341|Closing Flat Device Cover
2026-07-14T04:26:45.6859|INFO|SequenceItem.cs|Run|254|Finishing Category: Apparato per i Flat, Item: CloseCover
2026-07-14T04:26:45.6861|INFO|MeridianFlipTrigger.cs|ShouldTrigger|197|Meridian Flip - Telescope is at home position. Skip flip evaluation
2026-07-14T04:26:45.6867|INFO|SequenceItem.cs|Run|208|Starting Category: Osservatorio, Item: CloseDomeShutter
2026-07-14T04:26:45.7022|INFO|DomeVM.cs|CloseShutter|544|Closing dome shutter. Shutter state before closing ShutterOpen
2026-07-14T04:26:45.7092|INFO|AscomDome.cs|CloseShutter|245|Sending a CloseShutter request, since it is currently ShutterOpen
2026-07-14T04:27:34.3580|INFO|DomeVM.cs|CloseShutter|550|Closed dome shutter. Shutter state after closing ShutterClosed
2026-07-14T04:27:34.3584|INFO|SequenceItem.cs|Run|254|Finishing Category: Osservatorio, Item: CloseDomeShutter
2026-07-14T04:27:34.3586|INFO|MeridianFlipTrigger.cs|ShouldTrigger|197|Meridian Flip - Telescope is at home position. Skip flip evaluation
2026-07-14T04:27:34.3593|INFO|SequenceItem.cs|Run|208|Starting Category: Fotocamera, Item: WarmCamera, Duration: 5
2026-07-14T04:27:34.3621|INFO|CameraVM.cs|WarmCamera|161|Warming Camera. Duration: 00:05:00
2026-07-14T04:32:56.1765|INFO|CameraVM.cs|WarmCamera|186|Turning cooler off
2026-07-14T04:32:56.2263|INFO|SequenceItem.cs|Run|254|Finishing Category: Fotocamera, Item: WarmCamera, Duration: 5
2026-07-14T04:32:56.2265|INFO|MeridianFlipTrigger.cs|ShouldTrigger|197|Meridian Flip - Telescope is at home position. Skip flip evaluation
2026-07-14T04:32:56.2272|INFO|SequenceItem.cs|Run|208|Starting Category: Connetti, Item: DisconnectEquipment, Selected device: Camera
2026-07-14T04:32:56.4025|INFO|CameraVM.cs|Disconnect|650|Disconnected Camera
2026-07-14T04:32:56.4027|INFO|SequenceItem.cs|Run|254|Finishing Category: Connetti, Item: DisconnectEquipment, Selected device: Camera
2026-07-14T04:32:56.4028|INFO|MeridianFlipTrigger.cs|ShouldTrigger|197|Meridian Flip - Telescope is at home position. Skip flip evaluation
2026-07-14T04:32:56.4029|INFO|SequenceItem.cs|Run|208|Starting Category: Connetti, Item: DisconnectEquipment, Selected device: Filter Wheel
2026-07-14T04:32:56.4034|INFO|AscomDevice.cs|Disconnect|378|Disconnecting from ASCOM.ToupTek.FilterWheel ASCOM.ToupTek.FilterWheel
2026-07-14T04:32:56.4245|INFO|FilterWheelVM.cs|Disconnect|333|Disconnected Filter Wheel
2026-07-14T04:32:56.4247|INFO|SequenceItem.cs|Run|254|Finishing Category: Connetti, Item: DisconnectEquipment, Selected device: Filter Wheel
2026-07-14T04:32:56.4249|INFO|MeridianFlipTrigger.cs|ShouldTrigger|197|Meridian Flip - Telescope is at home position. Skip flip evaluation
2026-07-14T04:32:56.4250|INFO|SequenceItem.cs|Run|208|Starting Category: Connetti, Item: DisconnectEquipment, Selected device: Focuser
2026-07-14T04:32:56.4472|INFO|AscomDevice.cs|Disconnect|378|Disconnecting from ASCOM.ArcoEsatto.Focuser PLL Focuser v3.7
2026-07-14T04:32:56.4584|INFO|FocuserVM.cs|Disconnect|441|Disconnected Focuser
2026-07-14T04:32:56.4587|INFO|SequenceItem.cs|Run|254|Finishing Category: Connetti, Item: DisconnectEquipment, Selected device: Focuser
2026-07-14T04:32:56.4589|INFO|MeridianFlipTrigger.cs|ShouldTrigger|197|Meridian Flip - Telescope is at home position. Skip flip evaluation
2026-07-14T04:32:56.4589|INFO|SequenceItem.cs|Run|208|Starting Category: Connetti, Item: DisconnectEquipment, Selected device: Mount
2026-07-14T04:32:56.4618|INFO|AscomDevice.cs|Disconnect|378|Disconnecting from ASCOM.Optec ASCOM.Telescope CPWI_ASCOM_Telescope
2026-07-14T04:32:56.4995|INFO|TelescopeVM.cs|Disconnect|740|Disconnected mount
2026-07-14T04:32:56.4999|INFO|SequenceItem.cs|Run|254|Finishing Category: Connetti, Item: DisconnectEquipment, Selected device: Mount
2026-07-14T04:32:56.5001|ERROR|MeridianFlipTrigger.cs|ShouldTrigger|183|Meridian Flip - Telescope is not connected to evaluate if a flip should happen!
2026-07-14T04:32:56.5001|INFO|SequenceItem.cs|Run|208|Starting Category: Connetti, Item: DisconnectEquipment, Selected device: Guider
2026-07-14T04:32:56.5050|INFO|SequenceItem.cs|Run|254|Finishing Category: Connetti, Item: DisconnectEquipment, Selected device: Guider
2026-07-14T04:32:56.5052|ERROR|MeridianFlipTrigger.cs|ShouldTrigger|183|Meridian Flip - Telescope is not connected to evaluate if a flip should happen!
2026-07-14T04:32:56.5053|INFO|SequenceItem.cs|Run|208|Starting Category: Connetti, Item: DisconnectEquipment, Selected device: Flat Panel
2026-07-14T04:32:56.5090|INFO|AscomDevice.cs|Disconnect|378|Disconnecting from ASCOM.WandererCover2.CoverCalibrator WandererEmpire Cover 2
2026-07-14T04:32:56.5902|INFO|FlatDeviceVM.cs|Disconnect|289|Disconnected Flat Device
2026-07-14T04:32:56.5904|INFO|SequenceItem.cs|Run|254|Finishing Category: Connetti, Item: DisconnectEquipment, Selected device: Flat Panel
2026-07-14T04:32:56.5905|ERROR|MeridianFlipTrigger.cs|ShouldTrigger|183|Meridian Flip - Telescope is not connected to evaluate if a flip should happen!
2026-07-14T04:32:56.5906|INFO|SequenceItem.cs|Run|208|Starting Category: Connetti, Item: DisconnectEquipment, Selected device: Weather
2026-07-14T04:32:56.6006|INFO|AscomDevice.cs|Disconnect|378|Disconnecting from ASCOM.CloudWatcher.ObservingConditions CloudWatcher ObsCond
2026-07-14T04:32:56.6112|INFO|WeatherDataVM.cs|Disconnect|305|Disconnected Weather Device
2026-07-14T04:32:56.6114|INFO|SequenceItem.cs|Run|254|Finishing Category: Connetti, Item: DisconnectEquipment, Selected device: Weather
2026-07-14T04:32:56.6115|ERROR|MeridianFlipTrigger.cs|ShouldTrigger|183|Meridian Flip - Telescope is not connected to evaluate if a flip should happen!
2026-07-14T04:32:56.6116|INFO|SequenceItem.cs|Run|208|Starting Category: Connetti, Item: DisconnectEquipment, Selected device: Dome
2026-07-14T04:32:56.6141|INFO|AscomDevice.cs|Disconnect|378|Disconnecting from ASCOM.TS_Shelter.Dome Shelter Dome
2026-07-14T04:32:56.9035|INFO|DomeVM.cs|Disconnect|355|Disconnected Dome Device
2026-07-14T04:32:56.9039|INFO|SequenceItem.cs|Run|254|Finishing Category: Connetti, Item: DisconnectEquipment, Selected device: Dome
2026-07-14T04:32:56.9077|ERROR|MeridianFlipTrigger.cs|ShouldTrigger|183|Meridian Flip - Telescope is not connected to evaluate if a flip should happen!
2026-07-14T04:32:56.9079|INFO|SequenceItem.cs|Run|208|Starting Category: Connetti, Item: DisconnectEquipment, Selected device: Safety Monitor
2026-07-14T04:32:56.9105|INFO|SafetyMonitorVM.cs|UpdateMonitorValues|95|SafetyMonitorInfo state changed to Unsafe
2026-07-14T04:32:56.9133|INFO|AscomDevice.cs|Disconnect|378|Disconnecting from ASCOM.Hub.SafetyMonitor Short driver name - please customise
2026-07-14T04:32:57.0428|INFO|SafetyMonitorVM.cs|Disconnect|221|Disconnected Safety Monitor
2026-07-14T04:32:57.0432|INFO|SequenceItem.cs|Run|254|Finishing Category: Connetti, Item: DisconnectEquipment, Selected device: Safety Monitor
2026-07-14T04:32:57.0437|INFO|SequenceItem.cs|Run|254|Finishing Category: * Set di Istruzioni *, Container: NINA.Sequencer.Container.SequentialContainer, Strategy: SequentialStrategy, Items[FINISHED]: 17
2026-07-14T04:32:57.0438|INFO|SequenceItem.cs|Run|254|Finishing Category: * Set di Istruzioni *, Container: NINA.Sequencer.Container.EndAreaContainer, Strategy: SequentialStrategy, Items[FINISHED]: 1
2026-07-14T04:32:57.0442|INFO|SequenceItem.cs|Run|254|Finishing Category: * Set di Istruzioni *, Container: NINA.Sequencer.Container.SequenceRootContainer, Strategy: SequentialStrategy, Items[FINISHED]: 3, Triggers: Trigger: MeridianFlipTriggerTrigger: RestoreGuidingTrigger: AutofocusAfterHFRIncreaseTrigger, Amount: 5Trigger: AutofocusAfterFilterChange
2026-07-14T04:32:57.0507|INFO|Sequence2VM.cs|StartSequence|548|Advanced Sequence finished
2026-07-14T19:15:34.6721|INFO|Sequence2VM.cs|UnlockSequence|144|Sequencer locked
2026-07-14T19:16:13.9802|INFO|Sequence2VM.cs|LockSequence|139|Sequencer unlocked
2026-07-14T19:16:18.9394|INFO|CameraVM.cs|Disconnect|650|Disconnected Camera
2026-07-14T19:16:19.1222|ERROR|ToupTekAlikeCamera.cs|TemperatureSetPoint|104|ToupTek - Could not set TemperatureSetPoint to 1000
2026-07-14T19:16:19.6173|ERROR|ToupTekAlikeCamera.cs|LEDLights|806|ToupTek - Could not set LED Lights option to True
2026-07-14T19:16:19.6747|INFO|CameraVM.cs|ChooseCamera|455|Successfully connected Camera. Id: ToupTek_\\?\usb#vid_0547&pid_1433#6&1727222e&0&3 Name: ATR294C DisplayName: ATR294C (222e&0&3)Driver Version: 60.31631.20260606
2026-07-14T19:16:52.7534|INFO|CameraVM.cs|CoolCamera|138|Cooling Camera. Target: 5 Duration: 00:15:00
2026-07-14T19:16:52.7655|ERROR|ToupTekAlikeCamera.cs|TemperatureSetPoint|104|ToupTek - Could not set TemperatureSetPoint to 410
2026-07-14T19:17:07.8680|ERROR|ToupTekAlikeCamera.cs|TemperatureSetPoint|104|ToupTek - Could not set TemperatureSetPoint to 410
2026-07-14T19:34:38.6264|INFO|FlatDeviceVM.cs|Disconnect|289|Disconnected Flat Device
2026-07-14T19:34:41.9301|INFO|FlatDeviceVM.cs|Connect|241|Successfully connected flat device. Id: ASCOM.WandererCover2.CoverCalibrator Name: WandererEmpire Cover 2 DisplayName: WandererEmpire Cover 2 (ASCOM) Driver Version: 2.0
2026-07-14T19:34:45.2664|INFO|FilterWheelVM.cs|Disconnect|333|Disconnected Filter Wheel
2026-07-14T19:34:45.6587|INFO|FilterWheelVM.cs|ChooseFW|279|Successfully connected Filter Wheel. Id: ASCOM.ToupTek.FilterWheel Name: ASCOM.ToupTek.FilterWheel DisplayName: ASCOM.ToupTek.FilterWheel (ASCOM) Driver Version: 6.5
2026-07-14T19:34:47.3984|INFO|FocuserVM.cs|Disconnect|441|Disconnected Focuser
2026-07-14T19:34:49.4609|INFO|TelescopeVM.cs|Disconnect|740|Disconnected mount
2026-07-14T19:34:49.8925|INFO|AscomTelescope.cs|CheckMountTime|845|Mount UTC Time: 2026-07-14 17:34:49Z / System UTC Time: 2026-07-14 17:34:49Z; Difference: 0.001 seconds
2026-07-14T19:34:49.9525|INFO|AscomTelescope.cs|CheckMountTime|865|Mount driver does not allow the mount's time to be set.
2026-07-14T19:34:49.9879|INFO|AscomDevice.cs|GetProperty|527|Property Telescope.SiteElevation GET is not implemented in this driver (CPWI_ASCOM_Telescope)
2026-07-14T19:34:50.5638|INFO|TelescopeVM.cs|ChooseTelescope|535|Successfully connected mount. Id: ASCOM.Optec ASCOM.Telescope Name: CPWI_ASCOM_Telescope DisplayName: CPWI_ASCOM_Telescope (ASCOM) Driver Version: 2.5.6.99  with DLL Assembly Date: July_1_2020
2026-07-14T19:34:51.9742|INFO|PHD2Guider.cs|Connect|205|Connecting to PHD2 server at 127.0.0.1:4400
2026-07-14T19:34:55.0653|INFO|FocuserVM.cs|ChooseFocuser|333|Successfully connected Focuser. Id: ASCOM.ArcoEsatto.Focuser Name: PLL Focuser v3.7 DisplayName: PLL Focuser v3.7 (ASCOM) Driver Version: 3.7
2026-07-14T19:34:55.3010|INFO|WeatherDataVM.cs|Disconnect|305|Disconnected Weather Device
2026-07-14T19:34:57.4631|INFO|AscomDevice.cs|GetProperty|527|Property ObservingConditions.SkyBrightness GET is not implemented in this driver (CloudWatcher ObsCond)
2026-07-14T19:34:57.4691|INFO|AscomDevice.cs|GetProperty|527|Property ObservingConditions.SkyQuality GET is not implemented in this driver (CloudWatcher ObsCond)
2026-07-14T19:34:57.4787|INFO|AscomDevice.cs|GetProperty|527|Property ObservingConditions.StarFWHM GET is not implemented in this driver (CloudWatcher ObsCond)
2026-07-14T19:34:57.4890|INFO|AscomDevice.cs|GetProperty|527|Property ObservingConditions.WindDirection GET is not implemented in this driver (CloudWatcher ObsCond)
2026-07-14T19:34:57.5009|INFO|WeatherDataVM.cs|ChooseWeatherData|150|Successfully connected Weather Device. Id: ASCOM.CloudWatcher.ObservingConditions Name: CloudWatcher ObsCond DisplayName: CloudWatcher ObsCond (ASCOM) Driver Version: 1.1
2026-07-14T19:34:57.6826|INFO|DomeVM.cs|Disconnect|355|Disconnected Dome Device
2026-07-14T19:34:59.2975|INFO|AscomDevice.cs|GetProperty|527|Property Dome.AtPark GET is not implemented in this driver (Shelter Dome)
2026-07-14T19:34:59.3056|INFO|AscomDevice.cs|GetProperty|527|Property Dome.AtHome GET is not implemented in this driver (Shelter Dome)
2026-07-14T19:34:59.3112|INFO|AscomDevice.cs|GetProperty|527|Property Dome.Azimuth GET is not implemented in this driver (Shelter Dome)
2026-07-14T19:34:59.3398|INFO|DomeVM.cs|ChooseDome|198|Successfully connected Dome. Id: ASCOM.TS_Shelter.Dome Name: Shelter Dome DisplayName: Shelter Dome (ASCOM) Driver Version: 6.6
2026-07-14T19:35:01.3533|INFO|AscomDevice.cs|GetProperty|527|Property Dome.Altitude GET is not implemented in this driver (Shelter Dome)
2026-07-14T19:35:01.6136|INFO|SafetyMonitorVM.cs|Disconnect|221|Disconnected Safety Monitor
2026-07-14T19:35:02.2292|INFO|SafetyMonitorVM.cs|Connect|175|Successfully connected Safety Monitor. Id: ASCOM.Hub.SafetyMonitor Name: Short driver name - please customise DisplayName: Short driver name - please customise (ASCOM) Driver Version: 6.4
2026-07-14T19:35:07.4156|INFO|FlatDeviceVM.cs|SetBrightness|153|Setting brightness to 1
2026-07-14T19:35:11.9958|INFO|CameraVM.cs|Capture|742|Starting Exposure - Exposure Time: 10s; Filter: ; Gain: 910; Offset 99; Binning: 1x1;
2026-07-14T19:35:21.5836|INFO|CameraVM.cs|Capture|742|Starting Exposure - Exposure Time: 1s; Filter: ; Gain: 910; Offset 99; Binning: 1x1;
2026-07-14T19:35:35.0856|INFO|Thumbnail.cs|LoadOriginalImage|40|Reloading image from D:\Images NINA\Target\LIGHT_1x1_600.00s_910_99_LDN 1320_Skywatcher quattro 200p__-9.90C_LPRO_0100_2026-07-14_04-16-03_FWHM_6.75_Fok_116140.xisf
2026-07-14T21:37:22.2320|INFO|SafetyMonitorVM.cs|UpdateMonitorValues|95|SafetyMonitorInfo state changed to Safe
2026-07-14T21:37:48.8870|WARNING|DeviceUpdateTimer.cs|Run|115|Mount value update cycle took longer than the device poll interval (Total: 2.17s > 2s; Poll: 00:00:02.1720796; Update: 00:00:00.0000735)
2026-07-14T21:37:53.2987|ERROR|AscomDevice.cs|GetProperty|539|CPWI_ASCOM_Telescope is not connected 
ASCOM.NotConnectedException: Must be connected to telescope to use Altitude
 ---> System.Runtime.InteropServices.COMException (0x80040407): Must be connected to telescope to use Altitude
   --- End of inner exception stack trace ---
   at ASCOM.Com.DriverAccess.DynamicAccess.CheckDotNetExceptions(String memberName, Exception e) in J:\ASCOMLibrary\ASCOM.Com\ASCOM.Com.DriverAccess\BaseClass\DynamicAccess.cs:line 219
   at ASCOM.Com.DriverAccess.DynamicAccess.TryGetMember(GetMemberBinder binder, Object& result) in J:\ASCOMLibrary\ASCOM.Com\ASCOM.Com.DriverAccess\BaseClass\DynamicAccess.cs:line 150
   at CallSite.Target(Closure, CallSite, Object)
   at ASCOM.Com.DriverAccess.Telescope.get_Altitude() in J:\ASCOMLibrary\ASCOM.Com\ASCOM.Com.DriverAccess\Telescope.cs:line 95
   at InvokeStub_Telescope.get_Altitude(Object, Object, IntPtr*)
   at System.Reflection.MethodBaseInvoker.InvokeWithNoArgs(Object obj, BindingFlags invokeAttr)
2026-07-14T21:37:53.2995|ERROR|AscomDevice.cs|GetProperty|546|An unexpected exception occurred during GET of Telescope.Altitude: 
ASCOM.NotConnectedException: Must be connected to telescope to use Altitude
 ---> System.Runtime.InteropServices.COMException (0x80040407): Must be connected to telescope to use Altitude
   --- End of inner exception stack trace ---
   at ASCOM.Com.DriverAccess.DynamicAccess.CheckDotNetExceptions(String memberName, Exception e) in J:\ASCOMLibrary\ASCOM.Com\ASCOM.Com.DriverAccess\BaseClass\DynamicAccess.cs:line 219
   at ASCOM.Com.DriverAccess.DynamicAccess.TryGetMember(GetMemberBinder binder, Object& result) in J:\ASCOMLibrary\ASCOM.Com\ASCOM.Com.DriverAccess\BaseClass\DynamicAccess.cs:line 150
   at CallSite.Target(Closure, CallSite, Object)
   at ASCOM.Com.DriverAccess.Telescope.get_Altitude() in J:\ASCOMLibrary\ASCOM.Com\ASCOM.Com.DriverAccess\Telescope.cs:line 95
   at InvokeStub_Telescope.get_Altitude(Object, Object, IntPtr*)
   at System.Reflection.MethodBaseInvoker.InvokeWithNoArgs(Object obj, BindingFlags invokeAttr)
2026-07-14T21:37:53.5042|INFO|AscomDevice.cs|GetProperty|485|Retrying to GET Telescope.Altitude - Attempt 2 / 3
2026-07-14T21:43:44.3671|INFO|FramingAssistantVM.cs|LoadImage|1088|Loading image from source HIPS2FITS with field of view 3° for coordinates RA: 04:15:12; Dec: 85° 37' 59"; Epoch: J2000
2026-07-14T23:36:47.3702|WARNING|DeviceUpdateTimer.cs|Run|115|Mount value update cycle took longer than the device poll interval (Total: 2.49s > 2s; Poll: 00:00:02.4856010; Update: 00:00:00.0006282)
2026-07-14T23:36:50.2012|WARNING|DeviceUpdateTimer.cs|Run|115|Camera value update cycle took longer than the device poll interval (Total: 2.38s > 2s; Poll: 00:00:02.3823458; Update: 00:00:00.0001310)
2026-07-14T23:37:08.7792|INFO|CameraVM.cs|Capture|742|Starting Exposure - Exposure Time: 1s; Filter: ; Gain: 910; Offset 99; Binning: 1x1;
2026-07-14T23:37:28.0171|INFO|FlatDeviceVM.cs|SetBrightness|153|Setting brightness to 0
2026-07-14T23:38:13.5671|INFO|Sequence2VM.cs|StartSequence|543|Advanced Sequence starting
2026-07-14T23:38:13.5688|INFO|SequenceItem.cs|Run|208|Starting Category: * Set di Istruzioni *, Container: NINA.Sequencer.Container.SequenceRootContainer, Strategy: SequentialStrategy, Items[CREATED]: 3, Triggers: Trigger: MeridianFlipTriggerTrigger: RestoreGuidingTrigger: AutofocusAfterHFRIncreaseTrigger, Amount: 5Trigger: AutofocusAfterFilterChange
2026-07-14T23:38:13.5691|INFO|MeridianFlipTrigger.cs|ShouldTrigger|204|Meridian Flip - Telescope is not tracking. Skip flip evaluation
2026-07-14T23:38:13.5692|INFO|SequenceItem.cs|Run|208|Starting Category: * Set di Istruzioni *, Container: NINA.Sequencer.Container.StartAreaContainer, Strategy: SequentialStrategy, Items[CREATED]: 2
2026-07-14T23:38:13.5692|INFO|MeridianFlipTrigger.cs|ShouldTrigger|204|Meridian Flip - Telescope is not tracking. Skip flip evaluation
2026-07-14T23:38:13.5693|INFO|SequenceItem.cs|Run|208|Starting Category: Utilità, Item: Annotation, Text: VERSION: 1
2026-07-14T23:38:13.5693|INFO|SequenceItem.cs|Run|254|Finishing Category: Utilità, Item: Annotation, Text: VERSION: 1
2026-07-14T23:38:13.5694|INFO|MeridianFlipTrigger.cs|ShouldTrigger|204|Meridian Flip - Telescope is not tracking. Skip flip evaluation
2026-07-14T23:38:13.5694|INFO|SequenceItem.cs|Run|208|Starting Category: * Set di Istruzioni *, Container: NINA.Sequencer.Container.SequentialContainer, Strategy: SequentialStrategy, Items[CREATED]: 4
2026-07-14T23:38:13.5695|INFO|MeridianFlipTrigger.cs|ShouldTrigger|204|Meridian Flip - Telescope is not tracking. Skip flip evaluation
2026-07-14T23:38:13.5695|INFO|SequenceItem.cs|Run|208|Starting Category: Utilità, Item: Annotation, Text: VERSION: 1
2026-07-14T23:38:13.5695|INFO|SequenceItem.cs|Run|254|Finishing Category: Utilità, Item: Annotation, Text: VERSION: 1
2026-07-14T23:38:13.5696|INFO|MeridianFlipTrigger.cs|ShouldTrigger|204|Meridian Flip - Telescope is not tracking. Skip flip evaluation
2026-07-14T23:38:13.5696|INFO|SequenceItem.cs|Run|208|Starting Category: * Set di Istruzioni *, Container: NINA.Sequencer.Container.SequentialContainer, Strategy: SequentialStrategy, Items[CREATED]: 4
2026-07-14T23:38:13.5697|INFO|MeridianFlipTrigger.cs|ShouldTrigger|204|Meridian Flip - Telescope is not tracking. Skip flip evaluation
2026-07-14T23:38:13.5697|INFO|SequenceItem.cs|Run|208|Starting Category: Utilità, Item: Annotation, Text: This Startup Sequence ensures an ASCOM Safety Monitor will function in a sequence as expected.
2026-07-14T23:38:13.5697|INFO|SequenceItem.cs|Run|254|Finishing Category: Utilità, Item: Annotation, Text: This Startup Sequence ensures an ASCOM Safety Monitor will function in a sequence as expected.
2026-07-14T23:38:13.5698|INFO|MeridianFlipTrigger.cs|ShouldTrigger|204|Meridian Flip - Telescope is not tracking. Skip flip evaluation
2026-07-14T23:38:13.5698|INFO|SequenceItem.cs|Run|208|Starting Category: Utilità, Item: Annotation, Text: The CONNECTOR Plugin is used in this Sequence.
2026-07-14T23:38:13.5699|INFO|SequenceItem.cs|Run|254|Finishing Category: Utilità, Item: Annotation, Text: The CONNECTOR Plugin is used in this Sequence.
2026-07-14T23:38:13.5699|INFO|MeridianFlipTrigger.cs|ShouldTrigger|204|Meridian Flip - Telescope is not tracking. Skip flip evaluation
2026-07-14T23:38:13.5699|INFO|SequenceItem.cs|Run|208|Starting Category: Utilità, Item: Annotation, Text: A Switch is also used within this Startup Sequence.
2026-07-14T23:38:13.5700|INFO|SequenceItem.cs|Run|254|Finishing Category: Utilità, Item: Annotation, Text: A Switch is also used within this Startup Sequence.
2026-07-14T23:38:13.5701|INFO|MeridianFlipTrigger.cs|ShouldTrigger|204|Meridian Flip - Telescope is not tracking. Skip flip evaluation
2026-07-14T23:38:13.5702|INFO|SequenceItem.cs|Run|208|Starting Category: Utilità, Item: Annotation, Text: The sequence uses Nautical Dusk and Nautical Dawn along with a number of time offsets. Adjust this as desired.
2026-07-14T23:38:13.5702|INFO|SequenceItem.cs|Run|254|Finishing Category: Utilità, Item: Annotation, Text: The sequence uses Nautical Dusk and Nautical Dawn along with a number of time offsets. Adjust this as desired.
2026-07-14T23:38:13.5703|INFO|SequenceItem.cs|Run|254|Finishing Category: * Set di Istruzioni *, Container: NINA.Sequencer.Container.SequentialContainer, Strategy: SequentialStrategy, Items[FINISHED]: 4
2026-07-14T23:38:13.5703|INFO|MeridianFlipTrigger.cs|ShouldTrigger|204|Meridian Flip - Telescope is not tracking. Skip flip evaluation
2026-07-14T23:38:13.5704|INFO|SequenceItem.cs|Run|208|Starting Category: * Set di Istruzioni *, Container: NINA.Sequencer.Container.SequentialContainer, Strategy: SequentialStrategy, Items[CREATED]: 11
2026-07-14T23:38:13.5705|INFO|MeridianFlipTrigger.cs|ShouldTrigger|204|Meridian Flip - Telescope is not tracking. Skip flip evaluation
2026-07-14T23:38:13.5705|INFO|SequenceItem.cs|Run|208|Starting Category: Utilità, Item: WaitForTime, Time: 21:36:21h, Offset: -30
2026-07-14T23:38:13.5706|INFO|SequenceItem.cs|Run|254|Finishing Category: Utilità, Item: WaitForTime, Time: 21:36:21h, Offset: -30
2026-07-14T23:38:13.5706|INFO|MeridianFlipTrigger.cs|ShouldTrigger|204|Meridian Flip - Telescope is not tracking. Skip flip evaluation
2026-07-14T23:38:13.5707|INFO|SequenceItem.cs|Run|208|Starting Category: Connetti, Item: ConnectEquipment, Selected device: Weather, Selected device id: ASCOM.CloudWatcher.ObservingConditions
2026-07-14T23:38:13.5708|INFO|ConnectEquipment.cs|Execute|186|Weather is already connected
2026-07-14T23:38:13.5708|INFO|SequenceItem.cs|Run|254|Finishing Category: Connetti, Item: ConnectEquipment, Selected device: Weather, Selected device id: ASCOM.CloudWatcher.ObservingConditions
2026-07-14T23:38:13.5709|INFO|MeridianFlipTrigger.cs|ShouldTrigger|204|Meridian Flip - Telescope is not tracking. Skip flip evaluation
2026-07-14T23:38:13.5709|INFO|SequenceItem.cs|Run|208|Starting Category: Connetti, Item: ConnectEquipment, Selected device: Safety Monitor, Selected device id: ASCOM.Hub.SafetyMonitor
2026-07-14T23:38:13.5709|INFO|ConnectEquipment.cs|Execute|186|Safety Monitor is already connected
2026-07-14T23:38:13.5710|INFO|SequenceItem.cs|Run|254|Finishing Category: Connetti, Item: ConnectEquipment, Selected device: Safety Monitor, Selected device id: ASCOM.Hub.SafetyMonitor
2026-07-14T23:38:13.5710|INFO|MeridianFlipTrigger.cs|ShouldTrigger|204|Meridian Flip - Telescope is not tracking. Skip flip evaluation
2026-07-14T23:38:13.5711|INFO|SequenceItem.cs|Run|208|Starting Category: Monitor Di Sicurezza, Item: WaitUntilSafe
2026-07-14T23:38:13.5711|INFO|SequenceItem.cs|Run|254|Finishing Category: Monitor Di Sicurezza, Item: WaitUntilSafe
2026-07-14T23:38:13.5712|INFO|MeridianFlipTrigger.cs|ShouldTrigger|204|Meridian Flip - Telescope is not tracking. Skip flip evaluation
2026-07-14T23:38:13.5712|INFO|SequenceItem.cs|Run|208|Starting Category: Connetti, Item: ConnectEquipment, Selected device: Camera, Selected device id: ToupTek_\\?\usb#vid_0547&pid_1433#6&1727222e&0&3
2026-07-14T23:38:13.5713|INFO|ConnectEquipment.cs|Execute|186|Camera is already connected
2026-07-14T23:38:13.5713|INFO|SequenceItem.cs|Run|254|Finishing Category: Connetti, Item: ConnectEquipment, Selected device: Camera, Selected device id: ToupTek_\\?\usb#vid_0547&pid_1433#6&1727222e&0&3
2026-07-14T23:38:13.5713|INFO|MeridianFlipTrigger.cs|ShouldTrigger|204|Meridian Flip - Telescope is not tracking. Skip flip evaluation
2026-07-14T23:38:13.5714|INFO|SequenceItem.cs|Run|208|Starting Category: Connetti, Item: ConnectEquipment, Selected device: Focuser, Selected device id: ASCOM.ArcoEsatto.Focuser
2026-07-14T23:38:13.5714|INFO|ConnectEquipment.cs|Execute|186|Focuser is already connected
2026-07-14T23:38:13.5715|INFO|SequenceItem.cs|Run|254|Finishing Category: Connetti, Item: ConnectEquipment, Selected device: Focuser, Selected device id: ASCOM.ArcoEsatto.Focuser
2026-07-14T23:38:13.5715|INFO|MeridianFlipTrigger.cs|ShouldTrigger|204|Meridian Flip - Telescope is not tracking. Skip flip evaluation
2026-07-14T23:38:13.5716|INFO|SequenceItem.cs|Run|208|Starting Category: Connetti, Item: ConnectEquipment, Selected device: Filter Wheel, Selected device id: ASCOM.ToupTek.FilterWheel
2026-07-14T23:38:13.5716|INFO|ConnectEquipment.cs|Execute|186|Filter Wheel is already connected
2026-07-14T23:38:13.5716|INFO|SequenceItem.cs|Run|254|Finishing Category: Connetti, Item: ConnectEquipment, Selected device: Filter Wheel, Selected device id: ASCOM.ToupTek.FilterWheel
2026-07-14T23:38:13.5717|INFO|MeridianFlipTrigger.cs|ShouldTrigger|204|Meridian Flip - Telescope is not tracking. Skip flip evaluation
2026-07-14T23:38:13.5718|INFO|SequenceItem.cs|Run|208|Starting Category: Connetti, Item: ConnectEquipment, Selected device: Mount, Selected device id: ASCOM.Optec ASCOM.Telescope
2026-07-14T23:38:13.5718|INFO|ConnectEquipment.cs|Execute|186|Mount is already connected
2026-07-14T23:38:13.5718|INFO|SequenceItem.cs|Run|254|Finishing Category: Connetti, Item: ConnectEquipment, Selected device: Mount, Selected device id: ASCOM.Optec ASCOM.Telescope
2026-07-14T23:38:13.5719|INFO|MeridianFlipTrigger.cs|ShouldTrigger|204|Meridian Flip - Telescope is not tracking. Skip flip evaluation
2026-07-14T23:38:13.5720|INFO|SequenceItem.cs|Run|208|Starting Category: Connetti, Item: ConnectEquipment, Selected device: Dome, Selected device id: ASCOM.TS_Shelter.Dome
2026-07-14T23:38:13.5720|INFO|ConnectEquipment.cs|Execute|186|Dome is already connected
2026-07-14T23:38:13.5721|INFO|SequenceItem.cs|Run|254|Finishing Category: Connetti, Item: ConnectEquipment, Selected device: Dome, Selected device id: ASCOM.TS_Shelter.Dome
2026-07-14T23:38:13.5741|INFO|MeridianFlipTrigger.cs|ShouldTrigger|204|Meridian Flip - Telescope is not tracking. Skip flip evaluation
2026-07-14T23:38:13.5744|INFO|SequenceItem.cs|Run|208|Starting Category: Connetti, Item: ConnectEquipment, Selected device: Guider, Selected device id: PHD2_Single
2026-07-14T23:38:13.5745|INFO|ConnectEquipment.cs|Execute|186|Guider is already connected
2026-07-14T23:38:13.5745|INFO|SequenceItem.cs|Run|254|Finishing Category: Connetti, Item: ConnectEquipment, Selected device: Guider, Selected device id: PHD2_Single
2026-07-14T23:38:13.5746|INFO|MeridianFlipTrigger.cs|ShouldTrigger|204|Meridian Flip - Telescope is not tracking. Skip flip evaluation
2026-07-14T23:38:13.5746|INFO|SequenceItem.cs|Run|208|Starting Category: Connetti, Item: ConnectEquipment, Selected device: Flat Panel, Selected device id: ASCOM.WandererCover2.CoverCalibrator
2026-07-14T23:38:13.5747|INFO|ConnectEquipment.cs|Execute|186|Flat Panel is already connected
2026-07-14T23:38:13.5747|INFO|SequenceItem.cs|Run|254|Finishing Category: Connetti, Item: ConnectEquipment, Selected device: Flat Panel, Selected device id: ASCOM.WandererCover2.CoverCalibrator
2026-07-14T23:38:13.5748|INFO|SequenceItem.cs|Run|254|Finishing Category: * Set di Istruzioni *, Container: NINA.Sequencer.Container.SequentialContainer, Strategy: SequentialStrategy, Items[FINISHED]: 11
2026-07-14T23:38:13.5749|INFO|MeridianFlipTrigger.cs|ShouldTrigger|204|Meridian Flip - Telescope is not tracking. Skip flip evaluation
2026-07-14T23:38:13.5749|INFO|SequenceItem.cs|Run|208|Starting Category: * Set di Istruzioni *, Container: NINA.Sequencer.Container.SequentialContainer, Strategy: SequentialStrategy, Items[CREATED]: 12
2026-07-14T23:38:13.5750|INFO|MeridianFlipTrigger.cs|ShouldTrigger|204|Meridian Flip - Telescope is not tracking. Skip flip evaluation
2026-07-14T23:38:13.5755|INFO|SequenceItem.cs|Run|208|Starting Category: Fotocamera, Item: CoolCamera, Temperature: -10, Duration: 5
2026-07-14T23:38:13.5760|INFO|CameraVM.cs|CoolCamera|138|Cooling Camera. Target: -10 Duration: 00:05:00
2026-07-14T23:38:22.8445|INFO|Thumbnail.cs|LoadOriginalImage|40|Reloading image from D:\Images NINA\Target\LIGHT_1x1_600.00s_910_99_LDN 1320_Skywatcher quattro 200p__-9.90C_LPRO_0100_2026-07-14_04-16-03_FWHM_6.75_Fok_116140.xisf
2026-07-14T23:51:36.0251|INFO|DomeVM.cs|OpenShutter|448|Opening dome shutter. Shutter state before opening ShutterClosed
2026-07-14T23:51:36.0262|INFO|AscomDome.cs|OpenShutter|206|Sending an OpenShutter request, since it is currently ShutterClosed
2026-07-14T23:52:21.3759|INFO|DomeVM.cs|OpenShutter|454|Opened dome shutter. Shutter state after opening ShutterOpen
2026-07-14T23:56:32.6873|INFO|SequenceItem.cs|Run|254|Finishing Category: Fotocamera, Item: CoolCamera, Temperature: -10, Duration: 5
2026-07-14T23:56:32.6876|INFO|MeridianFlipTrigger.cs|ShouldTrigger|204|Meridian Flip - Telescope is not tracking. Skip flip evaluation
2026-07-14T23:56:32.6876|INFO|SequenceItem.cs|Run|208|Starting Category: Utilità, Item: WaitForTime, Time: 21:56:21h, Offset: -10
2026-07-14T23:56:32.6877|INFO|SequenceItem.cs|Run|254|Finishing Category: Utilità, Item: WaitForTime, Time: 21:56:21h, Offset: -10
2026-07-14T23:56:32.6878|INFO|MeridianFlipTrigger.cs|ShouldTrigger|204|Meridian Flip - Telescope is not tracking. Skip flip evaluation
2026-07-14T23:56:32.6878|INFO|SequenceItem.cs|Run|208|Starting Category: Monitor Di Sicurezza, Item: WaitUntilSafe
2026-07-14T23:56:32.6879|INFO|SequenceItem.cs|Run|254|Finishing Category: Monitor Di Sicurezza, Item: WaitUntilSafe
2026-07-14T23:56:32.6879|INFO|MeridianFlipTrigger.cs|ShouldTrigger|204|Meridian Flip - Telescope is not tracking. Skip flip evaluation
2026-07-14T23:56:32.6880|INFO|SequenceItem.cs|Run|208|Starting Category: Osservatorio, Item: OpenDomeShutter
2026-07-14T23:56:32.6880|INFO|SequenceItem.cs|Run|254|Finishing Category: Osservatorio, Item: OpenDomeShutter
2026-07-14T23:56:32.6881|INFO|MeridianFlipTrigger.cs|ShouldTrigger|204|Meridian Flip - Telescope is not tracking. Skip flip evaluation
2026-07-14T23:56:32.6881|INFO|SequenceItem.cs|Run|208|Starting Category: Telescopio, Item: UnparkScope
2026-07-14T23:56:32.6882|INFO|TelescopeVM.cs|UnparkTelescope|232|Mount ordered to unpark
2026-07-14T23:56:32.7007|INFO|TelescopeVM.cs|UnparkTelescope|277|Mount is already unparked
2026-07-14T23:56:32.7008|INFO|TelescopeVM.cs|UnparkTelescope|282|Mount has unparked
2026-07-14T23:56:32.7008|INFO|SequenceItem.cs|Run|254|Finishing Category: Telescopio, Item: UnparkScope
2026-07-14T23:56:32.7010|INFO|MeridianFlipTrigger.cs|ShouldTrigger|204|Meridian Flip - Telescope is not tracking. Skip flip evaluation
2026-07-14T23:56:32.7010|INFO|SequenceItem.cs|Run|208|Starting Category: Apparato per i Flat, Item: OpenCover
2026-07-14T23:56:32.7089|INFO|FlatDeviceVM.cs|OpenCover|312|Opening Flat Device Cover
2026-07-14T23:56:57.9450|INFO|SequenceItem.cs|Run|254|Finishing Category: Apparato per i Flat, Item: OpenCover
2026-07-14T23:56:57.9452|INFO|MeridianFlipTrigger.cs|ShouldTrigger|204|Meridian Flip - Telescope is not tracking. Skip flip evaluation
2026-07-14T23:56:57.9454|INFO|SequenceItem.cs|Run|208|Starting Category: Telescopio, Item: SetTracking, TrackingMode: Sidereal
2026-07-14T23:56:57.9567|INFO|SequenceItem.cs|Run|254|Finishing Category: Telescopio, Item: SetTracking, TrackingMode: Sidereal
2026-07-14T23:56:57.9570|INFO|MeridianFlipTrigger.cs|ShouldTrigger|204|Meridian Flip - Telescope is not tracking. Skip flip evaluation
2026-07-14T23:56:57.9571|INFO|SequenceItem.cs|Run|208|Starting Category: Ruota porta filtri, Item: SwitchFilter, Filter: LPRO
2026-07-14T23:56:57.9579|INFO|SequenceItem.cs|Run|254|Finishing Category: Ruota porta filtri, Item: SwitchFilter, Filter: LPRO
2026-07-14T23:56:57.9580|INFO|MeridianFlipTrigger.cs|ShouldTrigger|204|Meridian Flip - Telescope is not tracking. Skip flip evaluation
2026-07-14T23:56:57.9580|INFO|SequenceItem.cs|Run|208|Starting Category: Telescopio, Item: SlewScopeToAltAz, Coordinates: NINA.Astrometry.InputTopocentricCoordinates
2026-07-14T23:56:57.9770|INFO|PHD2Guider.cs|StopGuiding|704|Phd2 - Stop Guiding skipped, as the app is already in state Stopped
2026-07-14T23:56:57.9944|INFO|TelescopeVM.cs|SlewAsyncInternal|910|Slewing from RA: 20:37:35; Dec: 89° 02' 58"; Epoch: JNOW to RA: 19:59:24; Dec: 39° 23' 27"; Epoch: JNOW - Alt: 70° 00' 00"; Az: 90° 00' 00"
2026-07-14T23:57:29.2595|INFO|SequenceItem.cs|Run|254|Finishing Category: Telescopio, Item: SlewScopeToAltAz, Coordinates: NINA.Astrometry.InputTopocentricCoordinates
2026-07-14T23:57:29.2598|INFO|MeridianFlipTrigger.cs|ShouldTrigger|296|Meridian Flip - (Side of Pier usage is disabled) There is still time remaining. Max remaining time 01:42:35.0363440, next instruction time 60, next instruction Category: Utilità, Item: WaitForTimeSpan, Time: 60s
2026-07-14T23:57:29.2599|INFO|SequenceItem.cs|Run|208|Starting Category: Utilità, Item: WaitForTimeSpan, Time: 60s
2026-07-14T23:58:29.3972|INFO|SequenceItem.cs|Run|254|Finishing Category: Utilità, Item: WaitForTimeSpan, Time: 60s
2026-07-14T23:58:29.3976|INFO|MeridianFlipTrigger.cs|ShouldTrigger|296|Meridian Flip - (Side of Pier usage is disabled) There is still time remaining. Max remaining time 01:41:34.7888190, next instruction time 160, next instruction Category: Focheggiatore, Item: RunAutofocus
2026-07-14T23:58:29.3977|INFO|SequenceItem.cs|Run|208|Starting Category: Focheggiatore, Item: RunAutofocus
2026-07-14T23:58:29.5910|INFO|FocuserMediator.cs|BroadcastAutoFocusRunStarting|92|Autofocus starting notification received
2026-07-14T23:58:29.7235|INFO|PHD2Guider.cs|StopGuiding|704|Phd2 - Stop Guiding skipped, as the app is already in state Stopped
2026-07-14T23:58:29.7238|INFO|AutoFocusEngine.cs|RunAutoFocus|929|Starting AutoFocus with initial position 116140
2026-07-14T23:58:29.8401|INFO|CameraVM.cs|Capture|742|Starting Exposure - Exposure Time: 5s; Filter: ; Gain: 910; Offset 99; Binning: 2x2;
2026-07-14T23:58:34.9735|INFO|AutoFocusEngine.cs|StartBlindFocusPoints|769|Waiting on initial HFR analysis
2026-07-14T23:58:35.0645|INFO|FocuserVM.cs|MoveFocuserInternal|216|Moving Focuser to position 131140
2026-07-14T23:58:38.4940|INFO|HocusFocusStarDetection.cs|Detect|413|Average HFR: 2.0800701938526474, HFR MAD: 0.15573614406416936, Detected Stars 393, Region: 0
2026-07-14T23:58:41.1775|INFO|CameraVM.cs|Capture|742|Starting Exposure - Exposure Time: 5s; Filter: ; Gain: 910; Offset 99; Binning: 2x2;
2026-07-14T23:58:46.4494|INFO|FocuserVM.cs|MoveFocuserInternal|216|Moving Focuser to position 126140
2026-07-14T23:58:49.9222|INFO|HocusFocusStarDetection.cs|Detect|413|Average HFR: 4.586660842788193, HFR MAD: 0.2731659050488897, Detected Stars 180, Region: 0
2026-07-14T23:58:51.4859|INFO|CameraVM.cs|Capture|742|Starting Exposure - Exposure Time: 5s; Filter: ; Gain: 910; Offset 99; Binning: 2x2;
2026-07-14T23:58:56.7058|INFO|FocuserVM.cs|MoveFocuserInternal|216|Moving Focuser to position 121140
2026-07-14T23:59:00.3881|INFO|HocusFocusStarDetection.cs|Detect|413|Average HFR: 3.3337650082300736, HFR MAD: 0.2275507442480138, Detected Stars 313, Region: 0
2026-07-14T23:59:01.8971|INFO|CameraVM.cs|Capture|742|Starting Exposure - Exposure Time: 5s; Filter: ; Gain: 910; Offset 99; Binning: 2x2;
2026-07-14T23:59:07.0237|INFO|AutoFocusEngine.cs|StartBlindFocusPoints|797|Waiting on initial focuser move analyses
2026-07-14T23:59:10.6929|INFO|HocusFocusStarDetection.cs|Detect|413|Average HFR: 2.5871673862963993, HFR MAD: 0.20977414942995454, Detected Stars 454, Region: 0
2026-07-14T23:59:10.7764|INFO|FocuserVM.cs|MoveFocuserInternal|216|Moving Focuser to position 116140
2026-07-14T23:59:16.0518|INFO|CameraVM.cs|Capture|742|Starting Exposure - Exposure Time: 5s; Filter: ; Gain: 910; Offset 99; Binning: 2x2;
2026-07-14T23:59:21.2324|INFO|AutoFocusEngine.cs|StartBlindFocusPoints|870|Waiting on next left movement analysis
2026-07-14T23:59:24.6530|INFO|HocusFocusStarDetection.cs|Detect|413|Average HFR: 1.996961906299862, HFR MAD: 0.16250238892914326, Detected Stars 362, Region: 0
2026-07-14T23:59:24.7347|INFO|FocuserVM.cs|MoveFocuserInternal|216|Moving Focuser to position 111140
2026-07-14T23:59:30.0908|INFO|CameraVM.cs|Capture|742|Starting Exposure - Exposure Time: 5s; Filter: ; Gain: 910; Offset 99; Binning: 2x2;
2026-07-14T23:59:35.2164|INFO|AutoFocusEngine.cs|StartBlindFocusPoints|870|Waiting on next left movement analysis
2026-07-14T23:59:38.6813|INFO|HocusFocusStarDetection.cs|Detect|413|Average HFR: 2.0701158620750526, HFR MAD: 0.1589801064373484, Detected Stars 464, Region: 0
2026-07-14T23:59:38.7649|INFO|FocuserVM.cs|MoveFocuserInternal|216|Moving Focuser to position 106140
2026-07-14T23:59:44.0038|INFO|CameraVM.cs|Capture|742|Starting Exposure - Exposure Time: 5s; Filter: ; Gain: 910; Offset 99; Binning: 2x2;
2026-07-14T23:59:49.1325|INFO|AutoFocusEngine.cs|StartBlindFocusPoints|870|Waiting on next left movement analysis
2026-07-14T23:59:52.7195|INFO|HocusFocusStarDetection.cs|Detect|413|Average HFR: 2.683777099228073, HFR MAD: 0.19415481419421798, Detected Stars 427, Region: 0
2026-07-14T23:59:52.7453|INFO|AutoFocusEngine.cs|StartBlindFocusPoints|841|Enough right trend points (3) with an established minimum (116140) to queue remaining left focus points down to 101140
2026-07-14T23:59:52.8037|INFO|FocuserVM.cs|MoveFocuserInternal|216|Moving Focuser to position 101140
2026-07-14T23:59:58.1235|INFO|CameraVM.cs|Capture|742|Starting Exposure - Exposure Time: 5s; Filter: ; Gain: 910; Offset 99; Binning: 2x2;
2026-07-15T00:00:03.2516|INFO|AutoFocusEngine.cs|StartBlindFocusPoints|896|Waiting on remaining AutoFocus analysis tasks
2026-07-15T00:00:06.7506|INFO|HocusFocusStarDetection.cs|Detect|413|Average HFR: 3.84314385506966, HFR MAD: 0.181343470012302, Detected Stars 262, Region: 0
2026-07-15T00:00:06.8491|INFO|FocuserVM.cs|MoveFocuserInternal|216|Moving Focuser to position 113796
2026-07-15T00:00:12.0886|INFO|AutoFocusEngine.cs|ValidateCalculatedFocusPosition|1141|Validating HFR at final focus position 113796
2026-07-15T00:00:12.0892|INFO|CameraVM.cs|Capture|742|Starting Exposure - Exposure Time: 5s; Filter: ; Gain: 910; Offset 99; Binning: 2x2;
2026-07-15T00:00:20.7470|INFO|HocusFocusStarDetection.cs|Detect|413|Average HFR: 2.024405915288196, HFR MAD: 0.16347379222642067, Detected Stars 404, Region: 0
2026-07-15T00:00:20.7474|INFO|HocusFocusVM.cs|AutoFocusEngine_Completed|473|AutoFocus completed with focuser starting at 116140 and ending at 113796
2026-07-15T00:00:20.7502|INFO|FocuserMediator.cs|BroadcastSuccessfulAutoFocusRun|46|Autofocus notification received - Temperature 27.56
2026-07-15T00:00:20.7822|INFO|SequenceItem.cs|Run|254|Finishing Category: Focheggiatore, Item: RunAutofocus
2026-07-15T00:00:20.7825|INFO|MeridianFlipTrigger.cs|ShouldTrigger|296|Meridian Flip - (Side of Pier usage is disabled) There is still time remaining. Max remaining time 01:39:42.5522456, next instruction time 0, next instruction Category: Telescopio, Item: SolveAndSync
2026-07-15T00:00:20.7826|INFO|SequenceItem.cs|Run|208|Starting Category: Telescopio, Item: SolveAndSync
2026-07-15T00:00:20.9509|INFO|CameraVM.cs|Capture|742|Starting Exposure - Exposure Time: 10s; Filter: ; Gain: 910; Offset 99; Binning: 1x1;
2026-07-15T00:00:37.5374|INFO|ImageSolver.cs|Solve|41|Platesolving with parameters: FocalLength: 760 PixelSize: 4.63 SearchRadius: 30 BlindFailoverEnabled: True Regions: 5000 DownSampleFactor: 2 MaxObjects: 500 Reference Coordinates RA: 19:58:27 Dec: 39° 19' 07" Epoch: J2000
2026-07-15T00:00:38.3036|INFO|BaseImageData.cs|SaveToDisk|346|Saved image to C:\Users\PrimaLuceLab\AppData\Local\NINA\PlateSolver\3tq3riom.yhj.fits
2026-07-15T00:00:40.4603|INFO|ImageSolver.cs|Solve|54|Platesolve successful: Coordinates: RA: 20:03:53; Dec: 39° 26' 38"; Epoch: J2000 - Position Angle: 275.96091903942136
2026-07-15T00:00:40.6431|INFO|TelescopeVM.cs|Sync|777|Syncing scope from RA: 19:59:25; Dec: 39° 23' 26"; Epoch: JNOW to RA: 20:04:51; Dec: 39° 31' 08"; Epoch: JNOW
2026-07-15T00:00:45.6431|INFO|SequenceItem.cs|Run|254|Finishing Category: Telescopio, Item: SolveAndSync
2026-07-15T00:00:45.6435|INFO|SequenceItem.cs|Run|254|Finishing Category: * Set di Istruzioni *, Container: NINA.Sequencer.Container.SequentialContainer, Strategy: SequentialStrategy, Items[FINISHED]: 12
2026-07-15T00:00:45.6436|INFO|SequenceItem.cs|Run|254|Finishing Category: * Set di Istruzioni *, Container: NINA.Sequencer.Container.SequentialContainer, Strategy: SequentialStrategy, Items[FINISHED]: 4
2026-07-15T00:00:45.6436|INFO|SequenceItem.cs|Run|254|Finishing Category: * Set di Istruzioni *, Container: NINA.Sequencer.Container.StartAreaContainer, Strategy: SequentialStrategy, Items[FINISHED]: 2
2026-07-15T00:00:45.6438|INFO|MeridianFlipTrigger.cs|ShouldTrigger|296|Meridian Flip - (Side of Pier usage is disabled) There is still time remaining. Max remaining time 01:44:44.5126342, next instruction time 0, next instruction Category: * Set di Istruzioni *, Container: NINA.Sequencer.Container.TargetAreaContainer, Strategy: SequentialStrategy, Items[CREATED]: 2
2026-07-15T00:00:45.6438|INFO|SequenceItem.cs|Run|208|Starting Category: * Set di Istruzioni *, Container: NINA.Sequencer.Container.TargetAreaContainer, Strategy: SequentialStrategy, Items[CREATED]: 2
2026-07-15T00:00:45.6439|INFO|MeridianFlipTrigger.cs|ShouldTrigger|296|Meridian Flip - (Side of Pier usage is disabled) There is still time remaining. Max remaining time 01:44:44.5126342, next instruction time 0, next instruction Category: * Set di Istruzioni *, Container: NINA.Sequencer.Container.SequentialContainer, Strategy: SequentialStrategy, Items[CREATED]: 10
2026-07-15T00:00:45.6440|INFO|SequenceItem.cs|Run|208|Starting Category: * Set di Istruzioni *, Container: NINA.Sequencer.Container.SequentialContainer, Strategy: SequentialStrategy, Items[CREATED]: 10
2026-07-15T00:00:45.6442|INFO|MeridianFlipTrigger.cs|ShouldTrigger|296|Meridian Flip - (Side of Pier usage is disabled) There is still time remaining. Max remaining time 01:44:44.5126342, next instruction time 0, next instruction Category: Utilità, Item: Annotation, Text: This is a Startup Sequence which can be pre-loaded at NINA Start-up.
2026-07-15T00:00:45.6443|INFO|SequenceItem.cs|Run|208|Starting Category: Utilità, Item: Annotation, Text: This is a Startup Sequence which can be pre-loaded at NINA Start-up.
2026-07-15T00:00:45.6443|INFO|SequenceItem.cs|Run|254|Finishing Category: Utilità, Item: Annotation, Text: This is a Startup Sequence which can be pre-loaded at NINA Start-up.
2026-07-15T00:00:45.6445|INFO|MeridianFlipTrigger.cs|ShouldTrigger|296|Meridian Flip - (Side of Pier usage is disabled) There is still time remaining. Max remaining time 01:44:44.5126342, next instruction time 0, next instruction Category: Utilità, Item: Annotation, Text: If you edit this Startup Sequence, you need to save the Entire Sequence using the Save Complete Sequence button at the bottom of the Advanced Sequencer page below.
2026-07-15T00:00:45.6445|INFO|SequenceItem.cs|Run|208|Starting Category: Utilità, Item: Annotation, Text: If you edit this Startup Sequence, you need to save the Entire Sequence using the Save Complete Sequence button at the bottom of the Advanced Sequencer page below.
2026-07-15T00:00:45.6446|INFO|SequenceItem.cs|Run|254|Finishing Category: Utilità, Item: Annotation, Text: If you edit this Startup Sequence, you need to save the Entire Sequence using the Save Complete Sequence button at the bottom of the Advanced Sequencer page below.
2026-07-15T00:00:45.6446|INFO|MeridianFlipTrigger.cs|ShouldTrigger|296|Meridian Flip - (Side of Pier usage is disabled) There is still time remaining. Max remaining time 01:44:44.5126342, next instruction time 0, next instruction Category: Utilità, Item: Annotation, Text: Go to: OPTIONS > IMAGING > SEQUENCE and select this DOME_SAFETY_STARTUP_PA.json file as the STARTUP SEQUENCE TEMPLATE
2026-07-15T00:00:45.6447|INFO|SequenceItem.cs|Run|208|Starting Category: Utilità, Item: Annotation, Text: Go to: OPTIONS > IMAGING > SEQUENCE and select this DOME_SAFETY_STARTUP_PA.json file as the STARTUP SEQUENCE TEMPLATE
2026-07-15T00:00:45.6447|INFO|SequenceItem.cs|Run|254|Finishing Category: Utilità, Item: Annotation, Text: Go to: OPTIONS > IMAGING > SEQUENCE and select this DOME_SAFETY_STARTUP_PA.json file as the STARTUP SEQUENCE TEMPLATE
2026-07-15T00:00:45.6448|INFO|MeridianFlipTrigger.cs|ShouldTrigger|296|Meridian Flip - (Side of Pier usage is disabled) There is still time remaining. Max remaining time 01:44:44.5126342, next instruction time 0, next instruction Category: Utilità, Item: Annotation, Text:      I also find setting COLLAPSE SEQUENCE TEMPLATES BY DEFAULT to ON is quite helpful.  (On the same options page)
2026-07-15T00:00:45.6448|INFO|SequenceItem.cs|Run|208|Starting Category: Utilità, Item: Annotation, Text:      I also find setting COLLAPSE SEQUENCE TEMPLATES BY DEFAULT to ON is quite helpful.  (On the same options page)
2026-07-15T00:00:45.6448|INFO|SequenceItem.cs|Run|254|Finishing Category: Utilità, Item: Annotation, Text:      I also find setting COLLAPSE SEQUENCE TEMPLATES BY DEFAULT to ON is quite helpful.  (On the same options page)
2026-07-15T00:00:45.6449|INFO|MeridianFlipTrigger.cs|ShouldTrigger|296|Meridian Flip - (Side of Pier usage is disabled) There is still time remaining. Max remaining time 01:44:44.5126342, next instruction time 0, next instruction Category: Utilità, Item: Annotation, Text: Any modification of this sequence as a Foundational Startup Template will need to be saved using the buttons at the bottom of this Advanced Sequencer Page below.
2026-07-15T00:00:45.6449|INFO|SequenceItem.cs|Run|208|Starting Category: Utilità, Item: Annotation, Text: Any modification of this sequence as a Foundational Startup Template will need to be saved using the buttons at the bottom of this Advanced Sequencer Page below.
2026-07-15T00:00:45.6450|INFO|SequenceItem.cs|Run|254|Finishing Category: Utilità, Item: Annotation, Text: Any modification of this sequence as a Foundational Startup Template will need to be saved using the buttons at the bottom of this Advanced Sequencer Page below.
2026-07-15T00:00:45.6450|INFO|MeridianFlipTrigger.cs|ShouldTrigger|296|Meridian Flip - (Side of Pier usage is disabled) There is still time remaining. Max remaining time 01:44:44.5126342, next instruction time 0, next instruction Category: Utilità, Item: Annotation, Text: The LOOP_ALL_NIGHT Sequence is a simple Loop until Nautical Dawn. Adjust as desired. This is an outer loop.
2026-07-15T00:00:45.6451|INFO|SequenceItem.cs|Run|208|Starting Category: Utilità, Item: Annotation, Text: The LOOP_ALL_NIGHT Sequence is a simple Loop until Nautical Dawn. Adjust as desired. This is an outer loop.
2026-07-15T00:00:45.6451|INFO|SequenceItem.cs|Run|254|Finishing Category: Utilità, Item: Annotation, Text: The LOOP_ALL_NIGHT Sequence is a simple Loop until Nautical Dawn. Adjust as desired. This is an outer loop.
2026-07-15T00:00:45.6452|INFO|MeridianFlipTrigger.cs|ShouldTrigger|296|Meridian Flip - (Side of Pier usage is disabled) There is still time remaining. Max remaining time 01:44:44.5126342, next instruction time 0, next instruction Category: Utilità, Item: Annotation, Text: The SAFE_LOOP Sequence runs while the System is Safe.
2026-07-15T00:00:45.6453|INFO|SequenceItem.cs|Run|208|Starting Category: Utilità, Item: Annotation, Text: The SAFE_LOOP Sequence runs while the System is Safe.
2026-07-15T00:00:45.6453|INFO|SequenceItem.cs|Run|254|Finishing Category: Utilità, Item: Annotation, Text: The SAFE_LOOP Sequence runs while the System is Safe.
2026-07-15T00:00:45.6454|INFO|MeridianFlipTrigger.cs|ShouldTrigger|296|Meridian Flip - (Side of Pier usage is disabled) There is still time remaining. Max remaining time 01:44:44.5126342, next instruction time 0, next instruction Category: Utilità, Item: Annotation, Text: The UNSAFE Sequence runs when the System is Unsafe and only proceeds back to SAFE_LOOP when it is once again deemed Safe.
2026-07-15T00:00:45.6454|INFO|SequenceItem.cs|Run|208|Starting Category: Utilità, Item: Annotation, Text: The UNSAFE Sequence runs when the System is Unsafe and only proceeds back to SAFE_LOOP when it is once again deemed Safe.
2026-07-15T00:00:45.6454|INFO|SequenceItem.cs|Run|254|Finishing Category: Utilità, Item: Annotation, Text: The UNSAFE Sequence runs when the System is Unsafe and only proceeds back to SAFE_LOOP when it is once again deemed Safe.
2026-07-15T00:00:45.6455|INFO|MeridianFlipTrigger.cs|ShouldTrigger|296|Meridian Flip - (Side of Pier usage is disabled) There is still time remaining. Max remaining time 01:44:44.5126342, next instruction time 0, next instruction Category: Utilità, Item: Annotation, Text: ..... ALL TARGETS should be placed within individual LOOP_ALL_NIGHT > SAFE_LOOP > TARGETS_CONTAINER > TARGET # containers below.....
2026-07-15T00:00:45.6456|INFO|SequenceItem.cs|Run|208|Starting Category: Utilità, Item: Annotation, Text: ..... ALL TARGETS should be placed within individual LOOP_ALL_NIGHT > SAFE_LOOP > TARGETS_CONTAINER > TARGET # containers below.....
2026-07-15T00:00:45.6456|INFO|SequenceItem.cs|Run|254|Finishing Category: Utilità, Item: Annotation, Text: ..... ALL TARGETS should be placed within individual LOOP_ALL_NIGHT > SAFE_LOOP > TARGETS_CONTAINER > TARGET # containers below.....
2026-07-15T00:00:45.6456|INFO|MeridianFlipTrigger.cs|ShouldTrigger|296|Meridian Flip - (Side of Pier usage is disabled) There is still time remaining. Max remaining time 01:44:44.5126342, next instruction time 0, next instruction Category: Utilità, Item: Annotation, Text: Each TARGET # Container should have a looping condition that is identical to the included target sequence.
2026-07-15T00:00:45.6457|INFO|SequenceItem.cs|Run|208|Starting Category: Utilità, Item: Annotation, Text: Each TARGET # Container should have a looping condition that is identical to the included target sequence.
2026-07-15T00:00:45.6457|INFO|SequenceItem.cs|Run|254|Finishing Category: Utilità, Item: Annotation, Text: Each TARGET # Container should have a looping condition that is identical to the included target sequence.
2026-07-15T00:00:45.6458|INFO|SequenceItem.cs|Run|254|Finishing Category: * Set di Istruzioni *, Container: NINA.Sequencer.Container.SequentialContainer, Strategy: SequentialStrategy, Items[FINISHED]: 10
2026-07-15T00:00:45.6459|INFO|MeridianFlipTrigger.cs|ShouldTrigger|296|Meridian Flip - (Side of Pier usage is disabled) There is still time remaining. Max remaining time 01:44:44.5126342, next instruction time 0, next instruction Category: * Set di Istruzioni *, Container: NINA.Sequencer.Container.SequentialContainer, Strategy: SequentialStrategy, Items[CREATED]: 2, Conditions: Condition: TimeCondition, Time: 4:32:57h, 
2026-07-15T00:00:45.6459|INFO|SequenceItem.cs|Run|208|Starting Category: * Set di Istruzioni *, Container: NINA.Sequencer.Container.SequentialContainer, Strategy: SequentialStrategy, Items[CREATED]: 2, Conditions: Condition: TimeCondition, Time: 4:32:57h, 
2026-07-15T00:00:45.6461|INFO|MeridianFlipTrigger.cs|ShouldTrigger|296|Meridian Flip - (Side of Pier usage is disabled) There is still time remaining. Max remaining time 01:44:44.5126342, next instruction time 0, next instruction Category: * Set di Istruzioni *, Container: NINA.Sequencer.Container.SequentialContainer, Strategy: SequentialStrategy, Items[CREATED]: 5, Conditions: Condition: SafetyMonitorCondition, 
2026-07-15T00:00:45.6462|INFO|SequenceItem.cs|Run|208|Starting Category: * Set di Istruzioni *, Container: NINA.Sequencer.Container.SequentialContainer, Strategy: SequentialStrategy, Items[CREATED]: 5, Conditions: Condition: SafetyMonitorCondition, 
2026-07-15T00:00:45.6558|INFO|MeridianFlipTrigger.cs|ShouldTrigger|296|Meridian Flip - (Side of Pier usage is disabled) There is still time remaining. Max remaining time 01:44:44.5126342, next instruction time 0, next instruction Category: * Set di Istruzioni *, Container: NINA.Sequencer.Container.SequentialContainer, Strategy: SequentialStrategy, Items[CREATED]: 7
2026-07-15T00:00:45.6559|INFO|SequenceItem.cs|Run|208|Starting Category: * Set di Istruzioni *, Container: NINA.Sequencer.Container.SequentialContainer, Strategy: SequentialStrategy, Items[CREATED]: 7
2026-07-15T00:00:45.6561|INFO|MeridianFlipTrigger.cs|ShouldTrigger|296|Meridian Flip - (Side of Pier usage is disabled) There is still time remaining. Max remaining time 01:44:44.5126342, next instruction time 0, next instruction Category: Utilità, Item: Annotation, Text: This brief sequence of instructions is required after returning to a Safe condifition from an Unsafe one. It will not negatively affect anything on its initial execution.
2026-07-15T00:00:45.6561|INFO|SequenceItem.cs|Run|208|Starting Category: Utilità, Item: Annotation, Text: This brief sequence of instructions is required after returning to a Safe condifition from an Unsafe one. It will not negatively affect anything on its initial execution.
2026-07-15T00:00:45.6562|INFO|SequenceItem.cs|Run|254|Finishing Category: Utilità, Item: Annotation, Text: This brief sequence of instructions is required after returning to a Safe condifition from an Unsafe one. It will not negatively affect anything on its initial execution.
2026-07-15T00:00:45.6563|INFO|MeridianFlipTrigger.cs|ShouldTrigger|296|Meridian Flip - (Side of Pier usage is disabled) There is still time remaining. Max remaining time 01:44:44.5126342, next instruction time 0, next instruction Category: Utilità, Item: Annotation, Text: The 5 minute wait here can be adjusted as desired. It is here to show 5 minutes of Safety prior to resetting the equipment.
2026-07-15T00:00:45.6563|INFO|SequenceItem.cs|Run|208|Starting Category: Utilità, Item: Annotation, Text: The 5 minute wait here can be adjusted as desired. It is here to show 5 minutes of Safety prior to resetting the equipment.
2026-07-15T00:00:45.6563|INFO|SequenceItem.cs|Run|254|Finishing Category: Utilità, Item: Annotation, Text: The 5 minute wait here can be adjusted as desired. It is here to show 5 minutes of Safety prior to resetting the equipment.
2026-07-15T00:00:45.6564|INFO|MeridianFlipTrigger.cs|ShouldTrigger|296|Meridian Flip - (Side of Pier usage is disabled) There is still time remaining. Max remaining time 01:44:44.5126342, next instruction time 300, next instruction Category: Utilità, Item: WaitForTimeSpan, Time: 300s
2026-07-15T00:00:45.6565|INFO|SequenceItem.cs|Run|208|Starting Category: Utilità, Item: WaitForTimeSpan, Time: 300s
2026-07-15T00:01:34.2664|INFO|MeridianFlipTrigger.cs|ShouldTrigger|296|Meridian Flip - (Side of Pier usage is disabled) There is still time remaining. Max remaining time 01:43:56.3109059, next instruction time 0, next instruction Category: Osservatorio, Item: OpenDomeShutter
2026-07-15T00:01:34.2666|INFO|SequenceItem.cs|Run|208|Starting Category: Osservatorio, Item: OpenDomeShutter
2026-07-15T00:01:34.2666|INFO|SequenceItem.cs|Run|254|Finishing Category: Osservatorio, Item: OpenDomeShutter
2026-07-15T00:01:34.2668|INFO|MeridianFlipTrigger.cs|ShouldTrigger|296|Meridian Flip - (Side of Pier usage is disabled) There is still time remaining. Max remaining time 01:43:56.3109059, next instruction time 0, next instruction Category: Telescopio, Item: UnparkScope
2026-07-15T00:01:34.2668|INFO|SequenceItem.cs|Run|208|Starting Category: Telescopio, Item: UnparkScope
2026-07-15T00:01:34.2669|INFO|TelescopeVM.cs|UnparkTelescope|232|Mount ordered to unpark
2026-07-15T00:01:34.2792|INFO|TelescopeVM.cs|UnparkTelescope|277|Mount is already unparked
2026-07-15T00:01:34.2794|INFO|TelescopeVM.cs|UnparkTelescope|282|Mount has unparked
2026-07-15T00:01:34.2794|INFO|SequenceItem.cs|Run|254|Finishing Category: Telescopio, Item: UnparkScope
2026-07-15T00:01:34.2797|INFO|MeridianFlipTrigger.cs|ShouldTrigger|296|Meridian Flip - (Side of Pier usage is disabled) There is still time remaining. Max remaining time 01:43:56.3109059, next instruction time 0, next instruction Category: Apparato per i Flat, Item: OpenCover
2026-07-15T00:01:34.2798|INFO|SequenceItem.cs|Run|208|Starting Category: Apparato per i Flat, Item: OpenCover
2026-07-15T00:01:34.2837|INFO|SequenceItem.cs|Run|254|Finishing Category: Apparato per i Flat, Item: OpenCover
2026-07-15T00:01:34.2840|INFO|MeridianFlipTrigger.cs|ShouldTrigger|296|Meridian Flip - (Side of Pier usage is disabled) There is still time remaining. Max remaining time 01:43:56.3109059, next instruction time 0, next instruction Category: Telescopio, Item: SetTracking, TrackingMode: Sidereal
2026-07-15T00:01:34.2841|INFO|SequenceItem.cs|Run|208|Starting Category: Telescopio, Item: SetTracking, TrackingMode: Sidereal
2026-07-15T00:01:34.3543|INFO|SequenceItem.cs|Run|254|Finishing Category: Telescopio, Item: SetTracking, TrackingMode: Sidereal
2026-07-15T00:01:34.3546|INFO|SequenceItem.cs|Run|254|Finishing Category: * Set di Istruzioni *, Container: NINA.Sequencer.Container.SequentialContainer, Strategy: SequentialStrategy, Items[FINISHED]: 6, Items[SKIPPED]: 1
2026-07-15T00:01:34.3548|INFO|MeridianFlipTrigger.cs|ShouldTrigger|296|Meridian Flip - (Side of Pier usage is disabled) There is still time remaining. Max remaining time 01:43:56.3109059, next instruction time 0, next instruction Category: * Set di Istruzioni *, Container: NINA.Sequencer.Container.SequentialContainer, Strategy: SequentialStrategy, Items[CREATED]: 2
2026-07-15T00:01:34.3550|INFO|SequenceItem.cs|Run|208|Starting Category: * Set di Istruzioni *, Container: NINA.Sequencer.Container.SequentialContainer, Strategy: SequentialStrategy, Items[CREATED]: 2
2026-07-15T00:01:34.3551|INFO|MeridianFlipTrigger.cs|ShouldTrigger|296|Meridian Flip - (Side of Pier usage is disabled) There is still time remaining. Max remaining time 01:43:56.3109059, next instruction time 0, next instruction Category: Utilità, Item: Annotation, Text: BE SURE TO MATCH EACH TARGET CONTAINER LOOP CONDITION TO THE NESTED TARGET SEQUENCE LOOP CONDITION
2026-07-15T00:01:34.3551|INFO|SequenceItem.cs|Run|208|Starting Category: Utilità, Item: Annotation, Text: BE SURE TO MATCH EACH TARGET CONTAINER LOOP CONDITION TO THE NESTED TARGET SEQUENCE LOOP CONDITION
2026-07-15T00:01:34.3552|INFO|SequenceItem.cs|Run|254|Finishing Category: Utilità, Item: Annotation, Text: BE SURE TO MATCH EACH TARGET CONTAINER LOOP CONDITION TO THE NESTED TARGET SEQUENCE LOOP CONDITION
2026-07-15T00:01:34.3553|INFO|MeridianFlipTrigger.cs|ShouldTrigger|296|Meridian Flip - (Side of Pier usage is disabled) There is still time remaining. Max remaining time 01:43:56.3109059, next instruction time 0, next instruction Category: * Set di Istruzioni *, Container: NINA.Sequencer.Container.SequentialContainer, Strategy: SequentialStrategy, Items[CREATED]: 3, Conditions: Condition: TimeCondition, Time: 4:32:57h, 
2026-07-15T00:01:34.3554|INFO|SequenceItem.cs|Run|208|Starting Category: * Set di Istruzioni *, Container: NINA.Sequencer.Container.SequentialContainer, Strategy: SequentialStrategy, Items[CREATED]: 3, Conditions: Condition: TimeCondition, Time: 4:32:57h, 
2026-07-15T00:01:34.3555|INFO|MeridianFlipTrigger.cs|ShouldTrigger|296|Meridian Flip - (Side of Pier usage is disabled) There is still time remaining. Max remaining time 01:43:56.3109059, next instruction time 0, next instruction Category: Utilità, Item: Annotation, Text: PLACE YOUR ...FIRST... TARGET SEQUENCE OF THE NIGHT ...BELOW... THIS LINE
2026-07-15T00:01:34.3555|INFO|SequenceItem.cs|Run|208|Starting Category: Utilità, Item: Annotation, Text: PLACE YOUR ...FIRST... TARGET SEQUENCE OF THE NIGHT ...BELOW... THIS LINE
2026-07-15T00:01:34.3556|INFO|SequenceItem.cs|Run|254|Finishing Category: Utilità, Item: Annotation, Text: PLACE YOUR ...FIRST... TARGET SEQUENCE OF THE NIGHT ...BELOW... THIS LINE
2026-07-15T00:01:34.3557|INFO|MeridianFlipTrigger.cs|ShouldTrigger|296|Meridian Flip - (Side of Pier usage is disabled) There is still time remaining. Max remaining time 01:43:56.3109059, next instruction time 0, next instruction Category: Utilità, Item: Annotation, Text: PLACE YOUR ...FIRST... TARGET SEQUENCE OF THE NIGHT ...ABOVE... THIS LINE
2026-07-15T00:01:34.3557|INFO|SequenceItem.cs|Run|208|Starting Category: Utilità, Item: Annotation, Text: PLACE YOUR ...FIRST... TARGET SEQUENCE OF THE NIGHT ...ABOVE... THIS LINE
2026-07-15T00:01:34.3557|INFO|SequenceItem.cs|Run|254|Finishing Category: Utilità, Item: Annotation, Text: PLACE YOUR ...FIRST... TARGET SEQUENCE OF THE NIGHT ...ABOVE... THIS LINE
2026-07-15T00:01:34.3559|INFO|MeridianFlipTrigger.cs|ShouldTrigger|296|Meridian Flip - (Side of Pier usage is disabled) There is still time remaining. Max remaining time 01:43:56.3109059, next instruction time 0, next instruction Category: * Set di Istruzioni *, Container: NINA.Sequencer.Container.DeepSkyObjectContainer, Strategy: SequentialStrategy, Items[CREATED]: 4, Triggers: Trigger: CenterAfterDriftTrigger, DistanceArcMinutes: 3, Target: LDN 1320 RA: 04:15:12; Dec: 85° 37' 59"; Epoch: J2000 276.95
2026-07-15T00:01:34.3560|INFO|SequenceItem.cs|Run|208|Starting Category: * Set di Istruzioni *, Container: NINA.Sequencer.Container.DeepSkyObjectContainer, Strategy: SequentialStrategy, Items[CREATED]: 4, Triggers: Trigger: CenterAfterDriftTrigger, DistanceArcMinutes: 3, Target: LDN 1320 RA: 04:15:12; Dec: 85° 37' 59"; Epoch: J2000 276.95
2026-07-15T00:01:34.3562|INFO|MeridianFlipTrigger.cs|ShouldTrigger|296|Meridian Flip - (Side of Pier usage is disabled) There is still time remaining. Max remaining time 01:43:56.3109059, next instruction time 0, next instruction Category: Telescopio, Item: Center, Coordinates RA: 04:15:12; Dec: 85° 37' 59"; Epoch: J2000
2026-07-15T00:01:34.3563|INFO|SequenceItem.cs|Run|208|Starting Category: Telescopio, Item: Center, Coordinates RA: 04:15:12; Dec: 85° 37' 59"; Epoch: J2000
2026-07-15T00:01:34.6059|INFO|PHD2Guider.cs|StopGuiding|704|Phd2 - Stop Guiding skipped, as the app is already in state Stopped
2026-07-15T00:01:34.7624|INFO|TelescopeVM.cs|SlewAsyncInternal|910|Slewing from RA: 20:04:52; Dec: 39° 31' 08"; Epoch: JNOW to RA: 04:23:25; Dec: 85° 41' 39"; Epoch: JNOW - Alt: 38° 40' 42"; Az: 02° 39' 47"
2026-07-15T00:02:30.3639|INFO|CameraVM.cs|Capture|742|Starting Exposure - Exposure Time: 10s; Filter: ; Gain: 100; Offset 99; Binning: 1x1;
2026-07-15T00:02:47.0639|INFO|ImageSolver.cs|Solve|41|Platesolving with parameters: FocalLength: 760 PixelSize: 4.63 SearchRadius: 30 BlindFailoverEnabled: True Regions: 5000 DownSampleFactor: 2 MaxObjects: 500 Reference Coordinates RA: 04:15:12 Dec: 85° 37' 59" Epoch: J2000
2026-07-15T00:02:47.7326|INFO|BaseImageData.cs|SaveToDisk|346|Saved image to C:\Users\PrimaLuceLab\AppData\Local\NINA\PlateSolver\3qphkwf5.arf.fits
2026-07-15T00:02:49.4022|INFO|ImageSolver.cs|Solve|54|Platesolve successful: Coordinates: RA: 04:51:51; Dec: 85° 38' 13"; Epoch: J2000 - Position Angle: 273.0293537462744
2026-07-15T00:02:49.4286|INFO|CenteringSolver.cs|Center|99|Centering Solver - Scope Position: RA: 04:23:25; Dec: 85° 41' 40"; Epoch: JNOW; Offset: RA: 00:00:00; Dec: 00° 00' 00"; Distance: 00° 00' 00"; Bearing: 00° 00' 00"; Centering Coordinates: RA: 04:23:25; Dec: 85° 41' 39"; Epoch: JNOW; Solved: RA: 05:00:29; Dec: 85° 40' 36"; Epoch: JNOW; Separation RA: -00:37:04; Dec: 00° 01' 03"; Distance: 00° 41' 47"; Bearing: -86° 49' 29"; Threshold: 1
2026-07-15T00:02:49.6552|INFO|TelescopeVM.cs|Sync|777|Syncing scope from RA: 04:23:25; Dec: 85° 41' 40"; Epoch: JNOW to RA: 05:00:29; Dec: 85° 40' 36"; Epoch: JNOW
2026-07-15T00:02:54.6566|INFO|CenteringSolver.cs|Center|132|Slewing to target after sync. Current Position: RA: 05:00:29; Dec: 85° 40' 36"; Epoch: JNOW; Target coordinates: RA: 04:23:25; Dec: 85° 41' 39"; Epoch: JNOW; Offset RA: 00:00:00; Dec: 00° 00' 00"; Distance: 00° 00' 00"; Bearing: 00° 00' 00"
2026-07-15T00:02:54.6574|INFO|TelescopeVM.cs|SlewAsyncInternal|910|Slewing from RA: 05:00:29; Dec: 85° 40' 36"; Epoch: JNOW to RA: 04:23:25; Dec: 85° 41' 39"; Epoch: JNOW - Alt: 38° 41' 23"; Az: 02° 41' 29"
2026-07-15T00:03:07.9942|INFO|CameraVM.cs|Capture|742|Starting Exposure - Exposure Time: 10s; Filter: ; Gain: 100; Offset 99; Binning: 1x1;
2026-07-15T00:03:24.4425|INFO|ImageSolver.cs|Solve|41|Platesolving with parameters: FocalLength: 760 PixelSize: 4.63 SearchRadius: 30 BlindFailoverEnabled: True Regions: 5000 DownSampleFactor: 2 MaxObjects: 500 Reference Coordinates RA: 04:15:12 Dec: 85° 37' 59" Epoch: J2000
2026-07-15T00:03:25.0359|INFO|BaseImageData.cs|SaveToDisk|346|Saved image to C:\Users\PrimaLuceLab\AppData\Local\NINA\PlateSolver\wjlutrjm.rjt.fits
2026-07-15T00:03:26.6733|INFO|ImageSolver.cs|Solve|54|Platesolve successful: Coordinates: RA: 04:16:35; Dec: 85° 37' 34"; Epoch: J2000 - Position Angle: 273.39488565374035
2026-07-15T00:03:26.6806|INFO|CenteringSolver.cs|Center|99|Centering Solver - Scope Position: RA: 04:23:25; Dec: 85° 41' 40"; Epoch: JNOW; Offset: RA: 00:00:00; Dec: 00° 00' 00"; Distance: 00° 00' 00"; Bearing: 00° 00' 00"; Centering Coordinates: RA: 04:23:25; Dec: 85° 41' 39"; Epoch: JNOW; Solved: RA: 04:24:48; Dec: 85° 41' 11"; Epoch: JNOW; Separation RA: -00:01:23; Dec: 00° 00' 28"; Distance: 00° 01' 38"; Bearing: -106° 23' 59"; Threshold: 1
2026-07-15T00:03:26.9352|INFO|TelescopeVM.cs|Sync|777|Syncing scope from RA: 04:23:25; Dec: 85° 41' 40"; Epoch: JNOW to RA: 04:24:48; Dec: 85° 41' 11"; Epoch: JNOW
2026-07-15T00:03:31.9367|INFO|CenteringSolver.cs|Center|132|Slewing to target after sync. Current Position: RA: 04:24:48; Dec: 85° 41' 12"; Epoch: JNOW; Target coordinates: RA: 04:23:25; Dec: 85° 41' 39"; Epoch: JNOW; Offset RA: 00:00:00; Dec: 00° 00' 00"; Distance: 00° 00' 00"; Bearing: 00° 00' 00"
2026-07-15T00:03:31.9487|INFO|TelescopeVM.cs|SlewAsyncInternal|910|Slewing from RA: 04:24:48; Dec: 85° 41' 12"; Epoch: JNOW to RA: 04:23:25; Dec: 85° 41' 39"; Epoch: JNOW - Alt: 38° 41' 42"; Az: 02° 42' 17"
2026-07-15T00:03:42.0411|INFO|CameraVM.cs|Capture|742|Starting Exposure - Exposure Time: 10s; Filter: ; Gain: 100; Offset 99; Binning: 1x1;
2026-07-15T00:03:58.2905|INFO|ImageSolver.cs|Solve|41|Platesolving with parameters: FocalLength: 760 PixelSize: 4.63 SearchRadius: 30 BlindFailoverEnabled: True Regions: 5000 DownSampleFactor: 2 MaxObjects: 500 Reference Coordinates RA: 04:15:12 Dec: 85° 37' 59" Epoch: J2000
2026-07-15T00:03:58.8617|INFO|BaseImageData.cs|SaveToDisk|346|Saved image to C:\Users\PrimaLuceLab\AppData\Local\NINA\PlateSolver\sabn1cnn.c2u.fits
2026-07-15T00:04:00.9243|INFO|ImageSolver.cs|Solve|54|Platesolve successful: Coordinates: RA: 04:15:21; Dec: 85° 37' 58"; Epoch: J2000 - Position Angle: 273.4067934442428
2026-07-15T00:04:00.9273|INFO|CenteringSolver.cs|Center|99|Centering Solver - Scope Position: RA: 04:23:26; Dec: 85° 41' 40"; Epoch: JNOW; Offset: RA: 00:00:00; Dec: 00° 00' 00"; Distance: 00° 00' 00"; Bearing: 00° 00' 00"; Centering Coordinates: RA: 04:23:25; Dec: 85° 41' 39"; Epoch: JNOW; Solved: RA: 04:23:34; Dec: 85° 41' 39"; Epoch: JNOW; Separation RA: -00:00:09; Dec: 00° 00' 01"; Distance: 00° 00' 10"; Bearing: -94° 16' 37"; Threshold: 1
2026-07-15T00:04:00.9274|INFO|SequenceItem.cs|Run|254|Finishing Category: Telescopio, Item: Center, Coordinates RA: 04:15:12; Dec: 85° 37' 59"; Epoch: J2000
2026-07-15T00:04:00.9277|INFO|MeridianFlipTrigger.cs|ShouldTrigger|296|Meridian Flip - (Side of Pier usage is disabled) There is still time remaining. Max remaining time 10:00:01.9975092, next instruction time 0, next instruction Category: Guida, Item: StartGuiding
2026-07-15T00:04:00.9278|INFO|SequenceItem.cs|Run|208|Starting Category: Guida, Item: StartGuiding
2026-07-15T00:04:01.0124|INFO|PHD2Guider.cs|TryStartGuideCommand|641|Phd2 - Requesting to start guiding. Recalibrate: False
2026-07-15T00:04:23.0812|INFO|SequenceItem.cs|Run|254|Finishing Category: Guida, Item: StartGuiding
2026-07-15T00:04:23.0816|INFO|MeridianFlipTrigger.cs|ShouldTrigger|296|Meridian Flip - (Side of Pier usage is disabled) There is still time remaining. Max remaining time 09:59:39.5734049, next instruction time 300, next instruction Category: Utilità, Item: WaitForTimeSpan, Time: 300s
2026-07-15T00:04:23.0817|INFO|SequenceItem.cs|Run|208|Starting Category: Utilità, Item: WaitForTimeSpan, Time: 300s
2026-07-15T00:09:24.8139|INFO|SequenceItem.cs|Run|254|Finishing Category: Utilità, Item: WaitForTimeSpan, Time: 300s
2026-07-15T00:09:24.8143|INFO|MeridianFlipTrigger.cs|ShouldTrigger|296|Meridian Flip - (Side of Pier usage is disabled) There is still time remaining. Max remaining time 09:54:32.0768013, next instruction time 600, next instruction Category: Fotocamera, Container: NINA.Sequencer.SequenceItem.Imaging.SmartExposure, Strategy: SequentialStrategy, Items[CREATED]: 2, Conditions: Condition: LoopCondition, Iterations: 0/45, , Triggers: Trigger: DitherAfterExposures, After Exposures: 1
2026-07-15T00:09:24.8144|INFO|SequenceItem.cs|Run|208|Starting Category: Fotocamera, Container: NINA.Sequencer.SequenceItem.Imaging.SmartExposure, Strategy: SequentialStrategy, Items[CREATED]: 2, Conditions: Condition: LoopCondition, Iterations: 0/45, , Triggers: Trigger: DitherAfterExposures, After Exposures: 1
2026-07-15T00:09:24.8146|INFO|MeridianFlipTrigger.cs|ShouldTrigger|296|Meridian Flip - (Side of Pier usage is disabled) There is still time remaining. Max remaining time 09:54:32.0768013, next instruction time 0, next instruction Category: Ruota porta filtri, Item: SwitchFilter, Filter: LPRO
2026-07-15T00:09:24.8147|INFO|SequenceItem.cs|Run|208|Starting Category: Ruota porta filtri, Item: SwitchFilter, Filter: LPRO
2026-07-15T00:09:24.8198|INFO|SequenceItem.cs|Run|254|Finishing Category: Ruota porta filtri, Item: SwitchFilter, Filter: LPRO
2026-07-15T00:09:24.8201|INFO|SequenceTrigger.cs|Run|114|Starting Trigger: DitherAfterExposures, After Exposures: 1
2026-07-15T00:09:24.8202|INFO|SequenceItem.cs|Run|208|Starting Category: * Set di Istruzioni *, Container: NINA.Sequencer.Container.SequentialContainer, Strategy: SequentialStrategy, Items[CREATED]: 1
2026-07-15T00:09:24.8202|INFO|SequenceItem.cs|Run|208|Starting Category: Guida, Item: Dither
2026-07-15T00:10:07.2148|INFO|SequenceItem.cs|Run|254|Finishing Category: Guida, Item: Dither
2026-07-15T00:10:07.2150|INFO|SequenceItem.cs|Run|254|Finishing Category: * Set di Istruzioni *, Container: NINA.Sequencer.Container.SequentialContainer, Strategy: SequentialStrategy, Items[FINISHED]: 1
2026-07-15T00:10:07.2152|INFO|MeridianFlipTrigger.cs|ShouldTrigger|296|Meridian Flip - (Side of Pier usage is disabled) There is still time remaining. Max remaining time 09:53:33.5436943, next instruction time 600, next instruction Category: Fotocamera, Item: TakeExposure, ExposureTime 600, Gain 910, Offset 99, ImageType LIGHT, Binning 1x1
2026-07-15T00:10:07.2153|INFO|SequenceTrigger.cs|Run|114|Starting Trigger: RestoreGuiding
2026-07-15T00:10:07.2153|INFO|SequenceItem.cs|Run|208|Starting Category: * Set di Istruzioni *, Container: NINA.Sequencer.Container.SequentialContainer, Strategy: SequentialStrategy, Items[CREATED]: 1
2026-07-15T00:10:07.2154|INFO|SequenceItem.cs|Run|208|Starting Category: Guida, Item: StartGuiding
2026-07-15T00:10:07.2497|INFO|PHD2Guider.cs|StartGuidingPrivate|504|Phd2 - App is already guiding. Skipping start guiding
2026-07-15T00:10:07.2499|INFO|SequenceItem.cs|Run|254|Finishing Category: Guida, Item: StartGuiding
2026-07-15T00:10:07.2500|INFO|SequenceItem.cs|Run|254|Finishing Category: * Set di Istruzioni *, Container: NINA.Sequencer.Container.SequentialContainer, Strategy: SequentialStrategy, Items[FINISHED]: 1
2026-07-15T00:10:07.2835|INFO|SequenceTrigger.cs|Run|114|Starting Trigger: AutofocusAfterFilterChange
2026-07-15T00:10:07.2882|INFO|SequenceItem.cs|Run|208|Starting Category: * Set di Istruzioni *, Container: NINA.Sequencer.Container.SequentialContainer, Strategy: SequentialStrategy, Items[CREATED]: 1
2026-07-15T00:10:07.2885|INFO|SequenceItem.cs|Run|208|Starting Category: Focheggiatore, Item: RunAutofocus
2026-07-15T00:10:07.4304|INFO|FocuserMediator.cs|BroadcastAutoFocusRunStarting|92|Autofocus starting notification received
2026-07-15T00:10:08.6166|INFO|AutoFocusEngine.cs|RunAutoFocus|929|Starting AutoFocus with initial position 113796
2026-07-15T00:10:08.6777|INFO|CameraVM.cs|Capture|742|Starting Exposure - Exposure Time: 5s; Filter: ; Gain: 910; Offset 99; Binning: 2x2;
2026-07-15T00:10:13.8133|INFO|AutoFocusEngine.cs|StartBlindFocusPoints|769|Waiting on initial HFR analysis
2026-07-15T00:10:13.8682|INFO|FocuserVM.cs|MoveFocuserInternal|216|Moving Focuser to position 128796
2026-07-15T00:10:17.1649|INFO|HocusFocusStarDetection.cs|Detect|413|Average HFR: 2.0650411595554217, HFR MAD: 0.15948742139370164, Detected Stars 92, Region: 0
2026-07-15T00:10:19.2688|INFO|CameraVM.cs|Capture|742|Starting Exposure - Exposure Time: 5s; Filter: ; Gain: 910; Offset 99; Binning: 2x2;
2026-07-15T00:10:24.5261|INFO|FocuserVM.cs|MoveFocuserInternal|216|Moving Focuser to position 123796
2026-07-15T00:10:27.8692|INFO|HocusFocusStarDetection.cs|Detect|413|Average HFR: 4.167800184474848, HFR MAD: 0.35645704099873265, Detected Stars 54, Region: 0
2026-07-15T00:10:29.5646|INFO|CameraVM.cs|Capture|742|Starting Exposure - Exposure Time: 5s; Filter: ; Gain: 910; Offset 99; Binning: 2x2;
2026-07-15T00:10:34.7639|INFO|FocuserVM.cs|MoveFocuserInternal|216|Moving Focuser to position 118796
2026-07-15T00:10:38.0691|INFO|HocusFocusStarDetection.cs|Detect|413|Average HFR: 3.146289097523687, HFR MAD: 0.21514660753973036, Detected Stars 75, Region: 0
2026-07-15T00:10:39.7361|INFO|CameraVM.cs|Capture|742|Starting Exposure - Exposure Time: 5s; Filter: ; Gain: 910; Offset 99; Binning: 2x2;
2026-07-15T00:10:44.8648|INFO|AutoFocusEngine.cs|StartBlindFocusPoints|797|Waiting on initial focuser move analyses
2026-07-15T00:10:48.1313|INFO|HocusFocusStarDetection.cs|Detect|413|Average HFR: 2.268059822559389, HFR MAD: 0.2320427157279985, Detected Stars 99, Region: 0
2026-07-15T00:10:48.2457|INFO|FocuserVM.cs|MoveFocuserInternal|216|Moving Focuser to position 113796
2026-07-15T00:10:53.5082|INFO|CameraVM.cs|Capture|742|Starting Exposure - Exposure Time: 5s; Filter: ; Gain: 910; Offset 99; Binning: 2x2;
2026-07-15T00:10:58.6377|INFO|AutoFocusEngine.cs|StartBlindFocusPoints|870|Waiting on next left movement analysis
2026-07-15T00:11:02.1560|INFO|HocusFocusStarDetection.cs|Detect|413|Average HFR: 2.1645132526418895, HFR MAD: 0.197113351117705, Detected Stars 89, Region: 0
2026-07-15T00:11:02.2537|INFO|FocuserVM.cs|MoveFocuserInternal|216|Moving Focuser to position 108796
2026-07-15T00:11:07.5041|INFO|CameraVM.cs|Capture|742|Starting Exposure - Exposure Time: 5s; Filter: ; Gain: 910; Offset 99; Binning: 2x2;
2026-07-15T00:11:12.6293|INFO|AutoFocusEngine.cs|StartBlindFocusPoints|870|Waiting on next left movement analysis
2026-07-15T00:11:15.8904|INFO|HocusFocusStarDetection.cs|Detect|413|Average HFR: 2.4407174566435934, HFR MAD: 0.1620398903763247, Detected Stars 94, Region: 0
2026-07-15T00:11:15.9196|INFO|AutoFocusEngine.cs|StartBlindFocusPoints|841|Enough right trend points (3) with an established minimum (113796) to queue remaining left focus points down to 98796
2026-07-15T00:11:15.9766|INFO|FocuserVM.cs|MoveFocuserInternal|216|Moving Focuser to position 103796
2026-07-15T00:11:21.3508|INFO|CameraVM.cs|Capture|742|Starting Exposure - Exposure Time: 5s; Filter: ; Gain: 910; Offset 99; Binning: 2x2;
2026-07-15T00:11:26.5525|INFO|FocuserVM.cs|MoveFocuserInternal|216|Moving Focuser to position 98796
2026-07-15T00:11:29.8692|INFO|HocusFocusStarDetection.cs|Detect|413|Average HFR: 3.2012796153603498, HFR MAD: 0.18227345008406326, Detected Stars 78, Region: 0
2026-07-15T00:11:31.8149|INFO|CameraVM.cs|Capture|742|Starting Exposure - Exposure Time: 5s; Filter: ; Gain: 910; Offset 99; Binning: 2x2;
2026-07-15T00:11:36.9459|INFO|AutoFocusEngine.cs|StartBlindFocusPoints|896|Waiting on remaining AutoFocus analysis tasks
2026-07-15T00:11:40.4723|INFO|HocusFocusStarDetection.cs|Detect|413|Average HFR: 4.718713954430841, HFR MAD: 0.1891401754573172, Detected Stars 53, Region: 0
2026-07-15T00:11:40.5687|INFO|FocuserVM.cs|MoveFocuserInternal|216|Moving Focuser to position 113360
2026-07-15T00:11:47.1840|INFO|AutoFocusEngine.cs|ValidateCalculatedFocusPosition|1141|Validating HFR at final focus position 113360
2026-07-15T00:11:47.1843|INFO|CameraVM.cs|Capture|742|Starting Exposure - Exposure Time: 5s; Filter: ; Gain: 910; Offset 99; Binning: 2x2;
2026-07-15T00:11:55.6184|INFO|HocusFocusStarDetection.cs|Detect|413|Average HFR: 2.0609712030216256, HFR MAD: 0.17368094458311756, Detected Stars 92, Region: 0
2026-07-15T00:11:55.6191|INFO|HocusFocusVM.cs|AutoFocusEngine_Completed|473|AutoFocus completed with focuser starting at 113796 and ending at 113360
2026-07-15T00:11:55.6237|INFO|FocuserMediator.cs|BroadcastSuccessfulAutoFocusRun|46|Autofocus notification received - Temperature 25.75
2026-07-15T00:11:55.8038|INFO|PHD2Guider.cs|TryStartGuideCommand|641|Phd2 - Requesting to start guiding. Recalibrate: False
2026-07-15T00:12:18.7652|INFO|SequenceItem.cs|Run|254|Finishing Category: Focheggiatore, Item: RunAutofocus
2026-07-15T00:12:18.7654|INFO|SequenceItem.cs|Run|254|Finishing Category: * Set di Istruzioni *, Container: NINA.Sequencer.Container.SequentialContainer, Strategy: SequentialStrategy, Items[FINISHED]: 1
2026-07-15T00:12:18.7658|INFO|SequenceItem.cs|Run|208|Starting Category: Fotocamera, Item: TakeExposure, ExposureTime 600, Gain 910, Offset 99, ImageType LIGHT, Binning 1x1
2026-07-15T00:12:18.7948|INFO|CameraVM.cs|Capture|742|Starting Exposure - Exposure Time: 600s; Filter: ; Gain: 910; Offset 99; Binning: 1x1;
2026-07-15T00:22:19.0336|INFO|SequenceItem.cs|Run|254|Finishing Category: Fotocamera, Item: TakeExposure, ExposureTime 600, Gain 910, Offset 99, ImageType LIGHT, Binning 1x1
2026-07-15T00:22:19.0493|INFO|MeridianFlipTrigger.cs|ShouldTrigger|296|Meridian Flip - (Side of Pier usage is disabled) There is still time remaining. Max remaining time 09:41:00.0136550, next instruction time 0, next instruction Category: Ruota porta filtri, Item: SwitchFilter, Filter: LPRO
2026-07-15T00:22:19.0495|INFO|SequenceItem.cs|Run|208|Starting Category: Ruota porta filtri, Item: SwitchFilter, Filter: LPRO
2026-07-15T00:22:19.0502|INFO|SequenceItem.cs|Run|254|Finishing Category: Ruota porta filtri, Item: SwitchFilter, Filter: LPRO
2026-07-15T00:22:19.0503|INFO|SequenceTrigger.cs|Run|114|Starting Trigger: DitherAfterExposures, After Exposures: 1
2026-07-15T00:22:19.0504|INFO|SequenceItem.cs|Run|208|Starting Category: * Set di Istruzioni *, Container: NINA.Sequencer.Container.SequentialContainer, Strategy: SequentialStrategy, Items[CREATED]: 1
2026-07-15T00:22:19.0505|INFO|SequenceItem.cs|Run|208|Starting Category: Guida, Item: Dither
2026-07-15T00:22:32.7591|WARNING|DeviceUpdateTimer.cs|Run|115|Mount value update cycle took longer than the device poll interval (Total: 2.12s > 2s; Poll: 00:00:02.1166818; Update: 00:00:00.0012981)
2026-07-15T00:22:33.2682|INFO|HocusFocusStarDetection.cs|Detect|413|Average HFR: 3.0504901051530724, HFR MAD: 0.2737864959247682, Detected Stars 561, Region: 0
2026-07-15T00:22:34.2449|INFO|BaseImageData.cs|SaveToDisk|346|Saved image to D:\Images NINA\Target\LIGHT_1x1_600.00s_910_99_LDN 1320_Skywatcher quattro 200p__-9.90C__0000_2026-07-15_00-12-18_FWHM_8.45_Fok_113360.xisf
2026-07-15T00:22:34.2451|INFO|ImageSaveController.cs|DoWork|97|Successfully saved file at D:\Images NINA\Target\LIGHT_1x1_600.00s_910_99_LDN 1320_Skywatcher quattro 200p__-9.90C__0000_2026-07-15_00-12-18_FWHM_8.45_Fok_113360.xisf. Duration Total: 00:00:14.6183943; BeforeSave: 00:00:00.0001205; BeforeFinalizeImageSaved: 00:00:14.4941418; FinalizeSaveTime: 00:00:00.1241312
2026-07-15T00:22:47.9125|INFO|SequenceItem.cs|Run|254|Finishing Category: Guida, Item: Dither
2026-07-15T00:22:47.9127|INFO|SequenceItem.cs|Run|254|Finishing Category: * Set di Istruzioni *, Container: NINA.Sequencer.Container.SequentialContainer, Strategy: SequentialStrategy, Items[FINISHED]: 1
2026-07-15T00:22:47.9129|INFO|MeridianFlipTrigger.cs|ShouldTrigger|296|Meridian Flip - (Side of Pier usage is disabled) There is still time remaining. Max remaining time 09:40:19.4141180, next instruction time 600, next instruction Category: Fotocamera, Item: TakeExposure, ExposureTime 600, Gain 910, Offset 99, ImageType LIGHT, Binning 1x1
2026-07-15T00:22:47.9129|INFO|SequenceTrigger.cs|Run|114|Starting Trigger: RestoreGuiding
2026-07-15T00:22:47.9130|INFO|SequenceItem.cs|Run|208|Starting Category: * Set di Istruzioni *, Container: NINA.Sequencer.Container.SequentialContainer, Strategy: SequentialStrategy, Items[CREATED]: 1
2026-07-15T00:22:47.9130|INFO|SequenceItem.cs|Run|208|Starting Category: Guida, Item: StartGuiding
2026-07-15T00:22:47.9442|INFO|PHD2Guider.cs|StartGuidingPrivate|504|Phd2 - App is already guiding. Skipping start guiding
2026-07-15T00:22:47.9444|INFO|SequenceItem.cs|Run|254|Finishing Category: Guida, Item: StartGuiding
2026-07-15T00:22:47.9445|INFO|SequenceItem.cs|Run|254|Finishing Category: * Set di Istruzioni *, Container: NINA.Sequencer.Container.SequentialContainer, Strategy: SequentialStrategy, Items[FINISHED]: 1
2026-07-15T00:22:47.9448|INFO|SequenceTrigger.cs|Run|114|Starting Trigger: AutofocusAfterFilterChange
2026-07-15T00:22:47.9448|INFO|SequenceItem.cs|Run|208|Starting Category: * Set di Istruzioni *, Container: NINA.Sequencer.Container.SequentialContainer, Strategy: SequentialStrategy, Items[CREATED]: 1
2026-07-15T00:22:47.9449|INFO|SequenceItem.cs|Run|208|Starting Category: Focheggiatore, Item: RunAutofocus
2026-07-15T00:22:48.1480|INFO|FocuserMediator.cs|BroadcastAutoFocusRunStarting|92|Autofocus starting notification received
2026-07-15T00:22:49.3798|INFO|AutoFocusEngine.cs|RunAutoFocus|929|Starting AutoFocus with initial position 113360
2026-07-15T00:22:49.3992|INFO|CameraVM.cs|Capture|742|Starting Exposure - Exposure Time: 5s; Filter: ; Gain: 910; Offset 99; Binning: 2x2;
2026-07-15T00:22:54.5439|INFO|AutoFocusEngine.cs|StartBlindFocusPoints|769|Waiting on initial HFR analysis
2026-07-15T00:22:54.6860|INFO|FocuserVM.cs|MoveFocuserInternal|216|Moving Focuser to position 128360
2026-07-15T00:22:57.9393|INFO|HocusFocusStarDetection.cs|Detect|413|Average HFR: 2.0612755510868994, HFR MAD: 0.18444326582820247, Detected Stars 89, Region: 0
2026-07-15T00:23:01.1582|INFO|CameraVM.cs|Capture|742|Starting Exposure - Exposure Time: 5s; Filter: ; Gain: 910; Offset 99; Binning: 2x2;
2026-07-15T00:23:06.3383|INFO|FocuserVM.cs|MoveFocuserInternal|216|Moving Focuser to position 123360
2026-07-15T00:23:10.5146|INFO|HocusFocusStarDetection.cs|Detect|413|Average HFR: 3.829877271141452, HFR MAD: 0.30233476488156175, Detected Stars 59, Region: 0
2026-07-15T00:23:12.2305|INFO|CameraVM.cs|Capture|742|Starting Exposure - Exposure Time: 5s; Filter: ; Gain: 910; Offset 99; Binning: 2x2;
2026-07-15T00:23:17.4634|INFO|FocuserVM.cs|MoveFocuserInternal|216|Moving Focuser to position 118360
2026-07-15T00:23:21.0102|INFO|HocusFocusStarDetection.cs|Detect|413|Average HFR: 2.725134743703226, HFR MAD: 0.16495482846638954, Detected Stars 91, Region: 0
2026-07-15T00:23:23.6727|INFO|CameraVM.cs|Capture|742|Starting Exposure - Exposure Time: 5s; Filter: ; Gain: 910; Offset 99; Binning: 2x2;
2026-07-15T00:23:28.8024|INFO|AutoFocusEngine.cs|StartBlindFocusPoints|797|Waiting on initial focuser move analyses
2026-07-15T00:23:32.2446|INFO|HocusFocusStarDetection.cs|Detect|413|Average HFR: 2.2056203255138556, HFR MAD: 0.20391770895869277, Detected Stars 86, Region: 0
2026-07-15T00:23:32.3942|INFO|FocuserVM.cs|MoveFocuserInternal|216|Moving Focuser to position 113360
2026-07-15T00:23:37.6192|INFO|CameraVM.cs|Capture|742|Starting Exposure - Exposure Time: 5s; Filter: ; Gain: 910; Offset 99; Binning: 2x2;
2026-07-15T00:23:42.7458|INFO|AutoFocusEngine.cs|StartBlindFocusPoints|870|Waiting on next left movement analysis
2026-07-15T00:23:46.1511|INFO|HocusFocusStarDetection.cs|Detect|413|Average HFR: 2.049741461944466, HFR MAD: 0.2223837817334966, Detected Stars 90, Region: 0
2026-07-15T00:23:46.3103|INFO|FocuserVM.cs|MoveFocuserInternal|216|Moving Focuser to position 108360
2026-07-15T00:23:51.5789|INFO|CameraVM.cs|Capture|742|Starting Exposure - Exposure Time: 5s; Filter: ; Gain: 910; Offset 99; Binning: 2x2;
2026-07-15T00:23:56.7076|INFO|AutoFocusEngine.cs|StartBlindFocusPoints|870|Waiting on next left movement analysis
2026-07-15T00:24:00.0424|INFO|HocusFocusStarDetection.cs|Detect|413|Average HFR: 2.5262094251580445, HFR MAD: 0.14524653990298475, Detected Stars 88, Region: 0
2026-07-15T00:24:00.1280|INFO|AutoFocusEngine.cs|StartBlindFocusPoints|841|Enough right trend points (3) with an established minimum (113360) to queue remaining left focus points down to 98360
2026-07-15T00:24:00.1820|INFO|FocuserVM.cs|MoveFocuserInternal|216|Moving Focuser to position 103360
2026-07-15T00:24:05.4331|INFO|CameraVM.cs|Capture|742|Starting Exposure - Exposure Time: 5s; Filter: ; Gain: 910; Offset 99; Binning: 2x2;
2026-07-15T00:24:10.6211|INFO|FocuserVM.cs|MoveFocuserInternal|216|Moving Focuser to position 98360
2026-07-15T00:24:14.0122|INFO|HocusFocusStarDetection.cs|Detect|413|Average HFR: 3.5753575482231295, HFR MAD: 0.17010552304354754, Detected Stars 70, Region: 0
2026-07-15T00:24:15.6368|INFO|CameraVM.cs|Capture|742|Starting Exposure - Exposure Time: 5s; Filter: ; Gain: 910; Offset 99; Binning: 2x2;
2026-07-15T00:24:20.7675|INFO|AutoFocusEngine.cs|StartBlindFocusPoints|896|Waiting on remaining AutoFocus analysis tasks
2026-07-15T00:24:24.1474|INFO|HocusFocusStarDetection.cs|Detect|413|Average HFR: 4.888344150991132, HFR MAD: 0.18997413919294104, Detected Stars 47, Region: 0
2026-07-15T00:24:24.2660|INFO|FocuserVM.cs|MoveFocuserInternal|216|Moving Focuser to position 114623
2026-07-15T00:24:31.1544|INFO|AutoFocusEngine.cs|ValidateCalculatedFocusPosition|1141|Validating HFR at final focus position 114623
2026-07-15T00:24:31.1548|INFO|CameraVM.cs|Capture|742|Starting Exposure - Exposure Time: 5s; Filter: ; Gain: 910; Offset 99; Binning: 2x2;
2026-07-15T00:24:39.6347|INFO|HocusFocusStarDetection.cs|Detect|413|Average HFR: 2.0085076095488867, HFR MAD: 0.163468599915358, Detected Stars 77, Region: 0
2026-07-15T00:24:39.6352|INFO|HocusFocusVM.cs|AutoFocusEngine_Completed|473|AutoFocus completed with focuser starting at 113360 and ending at 114623
2026-07-15T00:24:39.6403|INFO|FocuserMediator.cs|BroadcastSuccessfulAutoFocusRun|46|Autofocus notification received - Temperature 24.93
2026-07-15T00:24:39.8705|INFO|PHD2Guider.cs|TryStartGuideCommand|641|Phd2 - Requesting to start guiding. Recalibrate: False
2026-07-15T00:25:01.7099|INFO|SequenceItem.cs|Run|254|Finishing Category: Focheggiatore, Item: RunAutofocus
2026-07-15T00:25:01.7101|INFO|SequenceItem.cs|Run|254|Finishing Category: * Set di Istruzioni *, Container: NINA.Sequencer.Container.SequentialContainer, Strategy: SequentialStrategy, Items[FINISHED]: 1
2026-07-15T00:25:01.7103|INFO|SequenceItem.cs|Run|208|Starting Category: Fotocamera, Item: TakeExposure, ExposureTime 600, Gain 910, Offset 99, ImageType LIGHT, Binning 1x1
2026-07-15T00:25:01.7370|INFO|CameraVM.cs|Capture|742|Starting Exposure - Exposure Time: 600s; Filter: ; Gain: 910; Offset 99; Binning: 1x1;
2026-07-15T00:26:05.8555|ERROR|HocusFocusVM.cs|LoadSavedAutoFocusRun|626|Failed to load saved auto focus attempt from C:\Users\PrimaLuceLab\Documents\N.I.N.A\Targets\LDN1320_F4
System.Exception: A folder named attemptXX must be selected
   at NINA.Joko.Plugins.HocusFocus.AutoFocus.AutoFocusEngine.LoadSavedAutoFocusAttempt(String path) in C:\Users\ghili\src\joko.nina.plugins_3.0\Joko.NINA.Plugins\Joko.NINA.Plugins.HocusFocus\AutoFocus\AutoFocusEngine.cs:line 1622
   at NINA.Joko.Plugins.HocusFocus.AutoFocus.HocusFocusVM.LoadSavedAutoFocusRun(String selectedPath) in C:\Users\ghili\src\joko.nina.plugins_3.0\Joko.NINA.Plugins\Joko.NINA.Plugins.HocusFocus\AutoFocus\HocusFocusVM.cs:line 622
2026-07-15T00:26:17.1664|ERROR|HocusFocusVM.cs|LoadSavedAutoFocusRun|626|Failed to load saved auto focus attempt from C:\Users\PrimaLuceLab\Documents\N.I.N.A\Targets\LDN1320_F4
System.Exception: A folder named attemptXX must be selected
   at NINA.Joko.Plugins.HocusFocus.AutoFocus.AutoFocusEngine.LoadSavedAutoFocusAttempt(String path) in C:\Users\ghili\src\joko.nina.plugins_3.0\Joko.NINA.Plugins\Joko.NINA.Plugins.HocusFocus\AutoFocus\AutoFocusEngine.cs:line 1622
   at NINA.Joko.Plugins.HocusFocus.AutoFocus.HocusFocusVM.LoadSavedAutoFocusRun(String selectedPath) in C:\Users\ghili\src\joko.nina.plugins_3.0\Joko.NINA.Plugins\Joko.NINA.Plugins.HocusFocus\AutoFocus\HocusFocusVM.cs:line 622
2026-07-15T00:27:02.0572|INFO|ImageHistoryVM.cs|PlotClear|315|Image history has been cleared
2026-07-15T00:27:48.3226|INFO|Thumbnail.cs|LoadOriginalImage|40|Reloading image from D:\Images NINA\Target\LIGHT_1x1_600.00s_910_99_LDN 1320_Skywatcher quattro 200p__-9.90C__0000_2026-07-15_00-12-18_FWHM_8.45_Fok_113360.xisf
2026-07-15T00:27:51.9531|WARNING|DeviceUpdateTimer.cs|Run|115|Mount value update cycle took longer than the device poll interval (Total: 3.31s > 2s; Poll: 00:00:03.3095795; Update: 00:00:00.0019523)
2026-07-15T00:35:02.0502|INFO|SequenceItem.cs|Run|254|Finishing Category: Fotocamera, Item: TakeExposure, ExposureTime 600, Gain 910, Offset 99, ImageType LIGHT, Binning 1x1
2026-07-15T00:35:02.0507|INFO|MeridianFlipTrigger.cs|ShouldTrigger|296|Meridian Flip - (Side of Pier usage is disabled) There is still time remaining. Max remaining time 09:27:47.0100589, next instruction time 0, next instruction Category: Ruota porta filtri, Item: SwitchFilter, Filter: LPRO
2026-07-15T00:35:02.0507|INFO|SequenceItem.cs|Run|208|Starting Category: Ruota porta filtri, Item: SwitchFilter, Filter: LPRO
2026-07-15T00:35:02.0540|INFO|SequenceItem.cs|Run|254|Finishing Category: Ruota porta filtri, Item: SwitchFilter, Filter: LPRO
2026-07-15T00:35:02.0544|INFO|SequenceTrigger.cs|Run|114|Starting Trigger: DitherAfterExposures, After Exposures: 1
2026-07-15T00:35:02.0633|INFO|SequenceItem.cs|Run|208|Starting Category: * Set di Istruzioni *, Container: NINA.Sequencer.Container.SequentialContainer, Strategy: SequentialStrategy, Items[CREATED]: 1
2026-07-15T00:35:02.0635|INFO|SequenceItem.cs|Run|208|Starting Category: Guida, Item: Dither
2026-07-15T00:35:15.4134|INFO|HocusFocusStarDetection.cs|Detect|413|Average HFR: 2.89204315044701, HFR MAD: 0.26974930670774944, Detected Stars 581, Region: 0
2026-07-15T00:35:16.2961|INFO|BaseImageData.cs|SaveToDisk|346|Saved image to D:\Images NINA\Target\LIGHT_1x1_600.00s_910_99_LDN 1320_Skywatcher quattro 200p__-9.90C__0001_2026-07-15_00-25-01_FWHM_7.70_Fok_114623.xisf
2026-07-15T00:35:16.2962|INFO|ImageSaveController.cs|DoWork|97|Successfully saved file at D:\Images NINA\Target\LIGHT_1x1_600.00s_910_99_LDN 1320_Skywatcher quattro 200p__-9.90C__0001_2026-07-15_00-25-01_FWHM_7.70_Fok_114623.xisf. Duration Total: 00:00:13.6506465; BeforeSave: 00:00:00.0000991; BeforeFinalizeImageSaved: 00:00:13.5367223; FinalizeSaveTime: 00:00:00.1138244
2026-07-15T00:35:18.2034|INFO|SequenceItem.cs|Run|254|Finishing Category: Guida, Item: Dither
2026-07-15T00:35:18.2037|INFO|SequenceItem.cs|Run|254|Finishing Category: * Set di Istruzioni *, Container: NINA.Sequencer.Container.SequentialContainer, Strategy: SequentialStrategy, Items[FINISHED]: 1
2026-07-15T00:35:18.2038|INFO|MeridianFlipTrigger.cs|ShouldTrigger|296|Meridian Flip - (Side of Pier usage is disabled) There is still time remaining. Max remaining time 09:27:33.0295610, next instruction time 600, next instruction Category: Fotocamera, Item: TakeExposure, ExposureTime 600, Gain 910, Offset 99, ImageType LIGHT, Binning 1x1
2026-07-15T00:35:18.2038|INFO|SequenceTrigger.cs|Run|114|Starting Trigger: RestoreGuiding
2026-07-15T00:35:18.2039|INFO|SequenceItem.cs|Run|208|Starting Category: * Set di Istruzioni *, Container: NINA.Sequencer.Container.SequentialContainer, Strategy: SequentialStrategy, Items[CREATED]: 1
2026-07-15T00:35:18.2039|INFO|SequenceItem.cs|Run|208|Starting Category: Guida, Item: StartGuiding
2026-07-15T00:35:18.4506|INFO|PHD2Guider.cs|StartGuidingPrivate|504|Phd2 - App is already guiding. Skipping start guiding
2026-07-15T00:35:18.4507|INFO|SequenceItem.cs|Run|254|Finishing Category: Guida, Item: StartGuiding
2026-07-15T00:35:18.4509|INFO|SequenceItem.cs|Run|254|Finishing Category: * Set di Istruzioni *, Container: NINA.Sequencer.Container.SequentialContainer, Strategy: SequentialStrategy, Items[FINISHED]: 1
2026-07-15T00:35:18.4510|INFO|SequenceItem.cs|Run|208|Starting Category: Fotocamera, Item: TakeExposure, ExposureTime 600, Gain 910, Offset 99, ImageType LIGHT, Binning 1x1
2026-07-15T00:35:18.4514|INFO|CameraVM.cs|Capture|742|Starting Exposure - Exposure Time: 600s; Filter: ; Gain: 910; Offset 99; Binning: 1x1;
2026-07-15T00:45:18.8523|INFO|SequenceItem.cs|Run|254|Finishing Category: Fotocamera, Item: TakeExposure, ExposureTime 600, Gain 910, Offset 99, ImageType LIGHT, Binning 1x1
2026-07-15T00:45:18.8527|INFO|MeridianFlipTrigger.cs|ShouldTrigger|296|Meridian Flip - (Side of Pier usage is disabled) There is still time remaining. Max remaining time 09:17:11.5915669, next instruction time 0, next instruction Category: Ruota porta filtri, Item: SwitchFilter, Filter: LPRO
2026-07-15T00:45:18.8527|INFO|SequenceItem.cs|Run|208|Starting Category: Ruota porta filtri, Item: SwitchFilter, Filter: LPRO
2026-07-15T00:45:18.8533|INFO|SequenceItem.cs|Run|254|Finishing Category: Ruota porta filtri, Item: SwitchFilter, Filter: LPRO
2026-07-15T00:45:18.8535|INFO|SequenceTrigger.cs|Run|114|Starting Trigger: DitherAfterExposures, After Exposures: 1
2026-07-15T00:45:18.8536|INFO|SequenceItem.cs|Run|208|Starting Category: * Set di Istruzioni *, Container: NINA.Sequencer.Container.SequentialContainer, Strategy: SequentialStrategy, Items[CREATED]: 1
2026-07-15T00:45:18.8536|INFO|SequenceItem.cs|Run|208|Starting Category: Guida, Item: Dither
2026-07-15T00:45:19.5811|INFO|ImageSolver.cs|Solve|41|Platesolving with parameters: FocalLength: 760 PixelSize: 4.63 SearchRadius: 30 BlindFailoverEnabled: True Regions: 5000 DownSampleFactor: 2 MaxObjects: 500 Reference Coordinates RA: 04:13:50 Dec: 85° 36' 59" Epoch: J2000
2026-07-15T00:45:20.8796|INFO|BaseImageData.cs|SaveToDisk|346|Saved image to C:\Users\PrimaLuceLab\AppData\Local\NINA\PlateSolver\505ityw2.3fk.fits
2026-07-15T00:45:25.1448|INFO|ImageSolver.cs|Solve|54|Platesolve successful: Coordinates: RA: 04:15:06; Dec: 85° 37' 26"; Epoch: J2000 - Position Angle: 273.67101809976697
2026-07-15T00:45:25.1460|INFO|CenterAfterDriftTrigger.cs|PlatesolvingImageFollower_PropertyChanged|189|Drift: 0.5598257989005364 / 3 arc minutes
2026-07-15T00:45:37.3489|INFO|HocusFocusStarDetection.cs|Detect|413|Average HFR: 2.993390414694176, HFR MAD: 0.28524037533972235, Detected Stars 521, Region: 0
2026-07-15T00:45:38.2749|INFO|BaseImageData.cs|SaveToDisk|346|Saved image to D:\Images NINA\Target\LIGHT_1x1_600.00s_910_99_LDN 1320_Skywatcher quattro 200p__-10.00C__0002_2026-07-15_00-35-18_FWHM_7.77_Fok_114623.xisf
2026-07-15T00:45:38.2750|INFO|ImageSaveController.cs|DoWork|97|Successfully saved file at D:\Images NINA\Target\LIGHT_1x1_600.00s_910_99_LDN 1320_Skywatcher quattro 200p__-10.00C__0002_2026-07-15_00-35-18_FWHM_7.77_Fok_114623.xisf. Duration Total: 00:00:18.6941210; BeforeSave: 00:00:00.0001402; BeforeFinalizeImageSaved: 00:00:18.5381165; FinalizeSaveTime: 00:00:00.1558636
2026-07-15T00:45:39.8226|INFO|SequenceItem.cs|Run|254|Finishing Category: Guida, Item: Dither
2026-07-15T00:45:39.8228|INFO|SequenceItem.cs|Run|254|Finishing Category: * Set di Istruzioni *, Container: NINA.Sequencer.Container.SequentialContainer, Strategy: SequentialStrategy, Items[FINISHED]: 1
2026-07-15T00:45:39.8229|INFO|MeridianFlipTrigger.cs|ShouldTrigger|296|Meridian Flip - (Side of Pier usage is disabled) There is still time remaining. Max remaining time 09:16:39.9758489, next instruction time 600, next instruction Category: Fotocamera, Item: TakeExposure, ExposureTime 600, Gain 910, Offset 99, ImageType LIGHT, Binning 1x1
2026-07-15T00:45:39.8230|INFO|SequenceTrigger.cs|Run|114|Starting Trigger: RestoreGuiding
2026-07-15T00:45:39.8230|INFO|SequenceItem.cs|Run|208|Starting Category: * Set di Istruzioni *, Container: NINA.Sequencer.Container.SequentialContainer, Strategy: SequentialStrategy, Items[CREATED]: 1
2026-07-15T00:45:39.8231|INFO|SequenceItem.cs|Run|208|Starting Category: Guida, Item: StartGuiding
2026-07-15T00:45:39.8885|INFO|PHD2Guider.cs|StartGuidingPrivate|504|Phd2 - App is already guiding. Skipping start guiding
2026-07-15T00:45:39.8886|INFO|SequenceItem.cs|Run|254|Finishing Category: Guida, Item: StartGuiding
2026-07-15T00:45:39.8887|INFO|SequenceItem.cs|Run|254|Finishing Category: * Set di Istruzioni *, Container: NINA.Sequencer.Container.SequentialContainer, Strategy: SequentialStrategy, Items[FINISHED]: 1
2026-07-15T00:45:39.8889|INFO|SequenceItem.cs|Run|208|Starting Category: Fotocamera, Item: TakeExposure, ExposureTime 600, Gain 910, Offset 99, ImageType LIGHT, Binning 1x1
2026-07-15T00:45:39.8893|INFO|CameraVM.cs|Capture|742|Starting Exposure - Exposure Time: 600s; Filter: ; Gain: 910; Offset 99; Binning: 1x1;
2026-07-15T00:55:40.1604|INFO|SequenceItem.cs|Run|254|Finishing Category: Fotocamera, Item: TakeExposure, ExposureTime 600, Gain 910, Offset 99, ImageType LIGHT, Binning 1x1
2026-07-15T00:55:40.1608|INFO|MeridianFlipTrigger.cs|ShouldTrigger|296|Meridian Flip - (Side of Pier usage is disabled) There is still time remaining. Max remaining time 09:06:24.4711093, next instruction time 0, next instruction Category: Ruota porta filtri, Item: SwitchFilter, Filter: LPRO
2026-07-15T00:55:40.1608|INFO|SequenceItem.cs|Run|208|Starting Category: Ruota porta filtri, Item: SwitchFilter, Filter: LPRO
2026-07-15T00:55:40.1614|INFO|SequenceItem.cs|Run|254|Finishing Category: Ruota porta filtri, Item: SwitchFilter, Filter: LPRO
2026-07-15T00:55:40.1616|INFO|SequenceTrigger.cs|Run|114|Starting Trigger: DitherAfterExposures, After Exposures: 1
2026-07-15T00:55:40.1617|INFO|SequenceItem.cs|Run|208|Starting Category: * Set di Istruzioni *, Container: NINA.Sequencer.Container.SequentialContainer, Strategy: SequentialStrategy, Items[CREATED]: 1
2026-07-15T00:55:40.1617|INFO|SequenceItem.cs|Run|208|Starting Category: Guida, Item: Dither
2026-07-15T00:55:52.9893|INFO|HocusFocusStarDetection.cs|Detect|413|Average HFR: 3.180739623034561, HFR MAD: 0.2807758204367503, Detected Stars 353, Region: 0
2026-07-15T00:55:54.0532|INFO|BaseImageData.cs|SaveToDisk|346|Saved image to D:\Images NINA\Target\LIGHT_1x1_600.00s_910_99_LDN 1320_Skywatcher quattro 200p__-10.00C__0003_2026-07-15_00-45-39_FWHM_8.21_Fok_114623.xisf
2026-07-15T00:55:54.0532|INFO|ImageSaveController.cs|DoWork|97|Successfully saved file at D:\Images NINA\Target\LIGHT_1x1_600.00s_910_99_LDN 1320_Skywatcher quattro 200p__-10.00C__0003_2026-07-15_00-45-39_FWHM_8.21_Fok_114623.xisf. Duration Total: 00:00:13.1989643; BeforeSave: 00:00:00.0000839; BeforeFinalizeImageSaved: 00:00:13.0105219; FinalizeSaveTime: 00:00:00.1883577
2026-07-15T00:56:15.6209|INFO|SequenceItem.cs|Run|254|Finishing Category: Guida, Item: Dither
2026-07-15T00:56:15.6211|INFO|SequenceItem.cs|Run|254|Finishing Category: * Set di Istruzioni *, Container: NINA.Sequencer.Container.SequentialContainer, Strategy: SequentialStrategy, Items[FINISHED]: 1
2026-07-15T00:56:15.6212|INFO|MeridianFlipTrigger.cs|ShouldTrigger|296|Meridian Flip - (Side of Pier usage is disabled) There is still time remaining. Max remaining time 09:05:48.2980267, next instruction time 600, next instruction Category: Fotocamera, Item: TakeExposure, ExposureTime 600, Gain 910, Offset 99, ImageType LIGHT, Binning 1x1
2026-07-15T00:56:15.6213|INFO|SequenceTrigger.cs|Run|114|Starting Trigger: RestoreGuiding
2026-07-15T00:56:15.6214|INFO|SequenceItem.cs|Run|208|Starting Category: * Set di Istruzioni *, Container: NINA.Sequencer.Container.SequentialContainer, Strategy: SequentialStrategy, Items[CREATED]: 1
2026-07-15T00:56:15.6214|INFO|SequenceItem.cs|Run|208|Starting Category: Guida, Item: StartGuiding
2026-07-15T00:56:15.6625|INFO|PHD2Guider.cs|StartGuidingPrivate|504|Phd2 - App is already guiding. Skipping start guiding
2026-07-15T00:56:15.6627|INFO|SequenceItem.cs|Run|254|Finishing Category: Guida, Item: StartGuiding
2026-07-15T00:56:15.6628|INFO|SequenceItem.cs|Run|254|Finishing Category: * Set di Istruzioni *, Container: NINA.Sequencer.Container.SequentialContainer, Strategy: SequentialStrategy, Items[FINISHED]: 1
2026-07-15T00:56:15.7211|INFO|AutofocusAfterHFRIncreaseTrigger.cs|ShouldTrigger|221|Autofocus after HFR change should be triggered, as current HFR trend is 9.49% higher compared to threshold of 5%
2026-07-15T00:56:15.7213|INFO|SequenceTrigger.cs|Run|114|Starting Trigger: AutofocusAfterHFRIncreaseTrigger, Amount: 5
2026-07-15T00:56:15.7214|INFO|SequenceItem.cs|Run|208|Starting Category: * Set di Istruzioni *, Container: NINA.Sequencer.Container.SequentialContainer, Strategy: SequentialStrategy, Items[CREATED]: 1
2026-07-15T00:56:15.7215|INFO|SequenceItem.cs|Run|208|Starting Category: Focheggiatore, Item: RunAutofocus
2026-07-15T00:56:16.0182|INFO|FocuserMediator.cs|BroadcastAutoFocusRunStarting|92|Autofocus starting notification received
2026-07-15T00:56:17.1407|INFO|AutoFocusEngine.cs|RunAutoFocus|929|Starting AutoFocus with initial position 114623
2026-07-15T00:56:17.1530|INFO|CameraVM.cs|Capture|742|Starting Exposure - Exposure Time: 5s; Filter: ; Gain: 910; Offset 99; Binning: 1x1;
2026-07-15T00:56:22.3627|INFO|AutoFocusEngine.cs|StartBlindFocusPoints|769|Waiting on initial HFR analysis
2026-07-15T00:56:22.4317|INFO|FocuserVM.cs|MoveFocuserInternal|216|Moving Focuser to position 129623
2026-07-15T00:56:27.8248|INFO|CameraVM.cs|Capture|742|Starting Exposure - Exposure Time: 5s; Filter: ; Gain: 910; Offset 99; Binning: 1x1;
2026-07-15T00:56:33.2302|INFO|FocuserVM.cs|MoveFocuserInternal|216|Moving Focuser to position 124623
2026-07-15T00:56:33.3318|INFO|HocusFocusStarDetection.cs|Detect|413|Average HFR: 2.2360193941472204, HFR MAD: 0.2807631716475716, Detected Stars 171, Region: 0
2026-07-15T00:56:39.1859|INFO|CameraVM.cs|Capture|742|Starting Exposure - Exposure Time: 5s; Filter: ; Gain: 910; Offset 99; Binning: 1x1;
2026-07-15T00:56:44.4209|INFO|HocusFocusStarDetection.cs|Detect|413|Average HFR: 8.272039240490471, HFR MAD: 0.40962545885902735, Detected Stars 21, Region: 0
2026-07-15T00:56:44.4882|INFO|FocuserVM.cs|MoveFocuserInternal|216|Moving Focuser to position 119623
2026-07-15T00:56:49.8260|INFO|CameraVM.cs|Capture|742|Starting Exposure - Exposure Time: 5s; Filter: ; Gain: 910; Offset 99; Binning: 1x1;
2026-07-15T00:56:55.1669|INFO|AutoFocusEngine.cs|StartBlindFocusPoints|797|Waiting on initial focuser move analyses
2026-07-15T00:56:56.8747|INFO|HocusFocusStarDetection.cs|Detect|413|Average HFR: 5.309509101986042, HFR MAD: 0.3933684144137697, Detected Stars 65, Region: 0
2026-07-15T00:57:06.8162|INFO|HocusFocusStarDetection.cs|Detect|413|Average HFR: 2.9010648073772107, HFR MAD: 0.3138012134657693, Detected Stars 155, Region: 0
2026-07-15T00:57:06.8901|INFO|FocuserVM.cs|MoveFocuserInternal|216|Moving Focuser to position 114623
2026-07-15T00:57:13.1529|INFO|CameraVM.cs|Capture|742|Starting Exposure - Exposure Time: 5s; Filter: ; Gain: 910; Offset 99; Binning: 1x1;
2026-07-15T00:57:18.3527|INFO|AutoFocusEngine.cs|StartBlindFocusPoints|870|Waiting on next left movement analysis
2026-07-15T00:57:29.4288|INFO|HocusFocusStarDetection.cs|Detect|413|Average HFR: 2.3029624807331315, HFR MAD: 0.2629431425439628, Detected Stars 168, Region: 0
2026-07-15T00:57:29.5170|INFO|FocuserVM.cs|MoveFocuserInternal|216|Moving Focuser to position 109623
2026-07-15T00:57:35.1679|INFO|CameraVM.cs|Capture|742|Starting Exposure - Exposure Time: 5s; Filter: ; Gain: 910; Offset 99; Binning: 1x1;
2026-07-15T00:57:40.3629|INFO|AutoFocusEngine.cs|StartBlindFocusPoints|870|Waiting on next left movement analysis
2026-07-15T00:57:51.3831|INFO|HocusFocusStarDetection.cs|Detect|413|Average HFR: 3.7215374952703772, HFR MAD: 0.25399936506263776, Detected Stars 96, Region: 0
2026-07-15T00:57:51.4288|INFO|AutoFocusEngine.cs|StartBlindFocusPoints|841|Enough right trend points (3) with an established minimum (114623) to queue remaining left focus points down to 99623
2026-07-15T00:57:51.4845|INFO|FocuserVM.cs|MoveFocuserInternal|216|Moving Focuser to position 104623
2026-07-15T00:57:57.1543|INFO|CameraVM.cs|Capture|742|Starting Exposure - Exposure Time: 5s; Filter: ; Gain: 910; Offset 99; Binning: 1x1;
2026-07-15T00:58:02.4330|INFO|FocuserVM.cs|MoveFocuserInternal|216|Moving Focuser to position 99623
2026-07-15T00:58:08.1887|INFO|CameraVM.cs|Capture|742|Starting Exposure - Exposure Time: 5s; Filter: ; Gain: 910; Offset 99; Binning: 1x1;
2026-07-15T00:58:13.4283|INFO|AutoFocusEngine.cs|StartBlindFocusPoints|896|Waiting on remaining AutoFocus analysis tasks
2026-07-15T00:58:13.5485|INFO|HocusFocusStarDetection.cs|Detect|413|Average HFR: 6.410887879236803, HFR MAD: 0.2820013937830348, Detected Stars 31, Region: 0
2026-07-15T00:58:25.2273|INFO|HocusFocusStarDetection.cs|Detect|413|Average HFR: 9.081713543362447, HFR MAD: 0.7852488827355302, Detected Stars 7, Region: 0
2026-07-15T00:58:25.3387|INFO|FocuserVM.cs|MoveFocuserInternal|216|Moving Focuser to position 115716
2026-07-15T00:58:31.6046|INFO|AutoFocusEngine.cs|ValidateCalculatedFocusPosition|1141|Validating HFR at final focus position 115716
2026-07-15T00:58:31.6050|INFO|CameraVM.cs|Capture|742|Starting Exposure - Exposure Time: 5s; Filter: ; Gain: 910; Offset 99; Binning: 1x1;
2026-07-15T00:58:48.0666|INFO|HocusFocusStarDetection.cs|Detect|413|Average HFR: 2.3020161583521253, HFR MAD: 0.25057985719823916, Detected Stars 165, Region: 0
2026-07-15T00:58:48.0680|INFO|HocusFocusVM.cs|AutoFocusEngine_Completed|473|AutoFocus completed with focuser starting at 114623 and ending at 115716
2026-07-15T00:58:48.0701|INFO|FocuserMediator.cs|BroadcastSuccessfulAutoFocusRun|46|Autofocus notification received - Temperature 24.25
2026-07-15T00:58:48.1203|INFO|PHD2Guider.cs|TryStartGuideCommand|641|Phd2 - Requesting to start guiding. Recalibrate: False
2026-07-15T00:59:10.6115|INFO|SequenceItem.cs|Run|254|Finishing Category: Focheggiatore, Item: RunAutofocus
2026-07-15T00:59:10.6117|INFO|SequenceItem.cs|Run|254|Finishing Category: * Set di Istruzioni *, Container: NINA.Sequencer.Container.SequentialContainer, Strategy: SequentialStrategy, Items[FINISHED]: 1
2026-07-15T00:59:10.6118|INFO|SequenceTrigger.cs|Run|114|Starting Trigger: AutofocusAfterFilterChange
2026-07-15T00:59:10.6119|INFO|SequenceItem.cs|Run|208|Starting Category: * Set di Istruzioni *, Container: NINA.Sequencer.Container.SequentialContainer, Strategy: SequentialStrategy, Items[CREATED]: 1
2026-07-15T00:59:10.6120|INFO|SequenceItem.cs|Run|208|Starting Category: Focheggiatore, Item: RunAutofocus
2026-07-15T00:59:10.8831|INFO|FocuserMediator.cs|BroadcastAutoFocusRunStarting|92|Autofocus starting notification received
2026-07-15T00:59:12.0244|INFO|AutoFocusEngine.cs|RunAutoFocus|929|Starting AutoFocus with initial position 115716
2026-07-15T00:59:12.0552|INFO|CameraVM.cs|Capture|742|Starting Exposure - Exposure Time: 5s; Filter: ; Gain: 910; Offset 99; Binning: 1x1;
2026-07-15T00:59:17.2563|INFO|AutoFocusEngine.cs|StartBlindFocusPoints|769|Waiting on initial HFR analysis
2026-07-15T00:59:17.3275|INFO|FocuserVM.cs|MoveFocuserInternal|216|Moving Focuser to position 130716
2026-07-15T00:59:23.3552|INFO|CameraVM.cs|Capture|742|Starting Exposure - Exposure Time: 5s; Filter: ; Gain: 910; Offset 99; Binning: 1x1;
2026-07-15T00:59:27.9484|INFO|HocusFocusStarDetection.cs|Detect|413|Average HFR: 2.3148114326734754, HFR MAD: 0.2700314488244855, Detected Stars 166, Region: 0
2026-07-15T00:59:28.7206|INFO|FocuserVM.cs|MoveFocuserInternal|216|Moving Focuser to position 125716
2026-07-15T00:59:34.0178|INFO|CameraVM.cs|Capture|742|Starting Exposure - Exposure Time: 5s; Filter: ; Gain: 910; Offset 99; Binning: 1x1;
2026-07-15T00:59:39.2648|INFO|FocuserVM.cs|MoveFocuserInternal|216|Moving Focuser to position 120716
2026-07-15T00:59:40.7189|INFO|HocusFocusStarDetection.cs|Detect|413|Average HFR: 8.725514952476694, HFR MAD: 0.5663789573867408, Detected Stars 18, Region: 0
2026-07-15T00:59:45.8048|INFO|CameraVM.cs|Capture|742|Starting Exposure - Exposure Time: 5s; Filter: ; Gain: 910; Offset 99; Binning: 1x1;
2026-07-15T00:59:51.0259|INFO|AutoFocusEngine.cs|StartBlindFocusPoints|797|Waiting on initial focuser move analyses
2026-07-15T00:59:51.1394|INFO|HocusFocusStarDetection.cs|Detect|413|Average HFR: 5.786337977230673, HFR MAD: 0.4921881092326297, Detected Stars 60, Region: 0
2026-07-15T01:00:02.2970|INFO|HocusFocusStarDetection.cs|Detect|413|Average HFR: 3.2430816037121843, HFR MAD: 0.37476108750173154, Detected Stars 118, Region: 0
2026-07-15T01:00:02.3894|INFO|FocuserVM.cs|MoveFocuserInternal|216|Moving Focuser to position 115716
2026-07-15T01:00:07.8180|INFO|CameraVM.cs|Capture|742|Starting Exposure - Exposure Time: 5s; Filter: ; Gain: 910; Offset 99; Binning: 1x1;
2026-07-15T01:00:13.0113|INFO|AutoFocusEngine.cs|StartBlindFocusPoints|870|Waiting on next left movement analysis
2026-07-15T01:00:23.9919|INFO|HocusFocusStarDetection.cs|Detect|413|Average HFR: 2.300612196210902, HFR MAD: 0.26291773904840543, Detected Stars 162, Region: 0
2026-07-15T01:00:24.0833|INFO|FocuserVM.cs|MoveFocuserInternal|216|Moving Focuser to position 110716
2026-07-15T01:00:29.3548|INFO|CameraVM.cs|Capture|742|Starting Exposure - Exposure Time: 5s; Filter: ; Gain: 910; Offset 99; Binning: 1x1;
2026-07-15T01:00:34.5567|INFO|AutoFocusEngine.cs|StartBlindFocusPoints|870|Waiting on next left movement analysis
2026-07-15T01:00:45.4757|INFO|HocusFocusStarDetection.cs|Detect|413|Average HFR: 3.0177908721823354, HFR MAD: 0.3076947205176235, Detected Stars 153, Region: 0
2026-07-15T01:00:45.6174|INFO|FocuserVM.cs|MoveFocuserInternal|216|Moving Focuser to position 105716
2026-07-15T01:00:51.1563|INFO|CameraVM.cs|Capture|742|Starting Exposure - Exposure Time: 5s; Filter: ; Gain: 910; Offset 99; Binning: 1x1;
2026-07-15T01:00:56.3731|INFO|AutoFocusEngine.cs|StartBlindFocusPoints|870|Waiting on next left movement analysis
2026-07-15T01:01:07.9428|INFO|HocusFocusStarDetection.cs|Detect|413|Average HFR: 5.5014879491700945, HFR MAD: 0.24260233922844243, Detected Stars 58, Region: 0
2026-07-15T01:01:07.9646|INFO|AutoFocusEngine.cs|StartBlindFocusPoints|841|Enough right trend points (3) with an established minimum (115716) to queue remaining left focus points down to 100716
2026-07-15T01:01:08.0274|INFO|FocuserVM.cs|MoveFocuserInternal|216|Moving Focuser to position 100716
2026-07-15T01:01:13.2642|INFO|CameraVM.cs|Capture|742|Starting Exposure - Exposure Time: 5s; Filter: ; Gain: 910; Offset 99; Binning: 1x1;
2026-07-15T01:01:18.4583|INFO|AutoFocusEngine.cs|StartBlindFocusPoints|896|Waiting on remaining AutoFocus analysis tasks
2026-07-15T01:01:29.4600|INFO|HocusFocusStarDetection.cs|Detect|413|Average HFR: 4.466869410246025, HFR MAD: 0.8109402156108292, Detected Stars 21, Region: 0
2026-07-15T01:01:29.5527|INFO|FocuserVM.cs|MoveFocuserInternal|216|Moving Focuser to position 115282
2026-07-15T01:01:35.9051|INFO|AutoFocusEngine.cs|ValidateCalculatedFocusPosition|1141|Validating HFR at final focus position 115282
2026-07-15T01:01:35.9055|INFO|CameraVM.cs|Capture|742|Starting Exposure - Exposure Time: 5s; Filter: ; Gain: 910; Offset 99; Binning: 1x1;
2026-07-15T01:01:52.3860|INFO|HocusFocusStarDetection.cs|Detect|413|Average HFR: 2.2751669835980333, HFR MAD: 0.2586401819629942, Detected Stars 169, Region: 0
2026-07-15T01:01:52.3866|INFO|HocusFocusVM.cs|AutoFocusEngine_Completed|473|AutoFocus completed with focuser starting at 115716 and ending at 115282
2026-07-15T01:01:52.3882|INFO|FocuserMediator.cs|BroadcastSuccessfulAutoFocusRun|46|Autofocus notification received - Temperature 24.12
2026-07-15T01:01:52.4614|INFO|PHD2Guider.cs|TryStartGuideCommand|641|Phd2 - Requesting to start guiding. Recalibrate: False
2026-07-15T01:02:14.9506|INFO|SequenceItem.cs|Run|254|Finishing Category: Focheggiatore, Item: RunAutofocus
2026-07-15T01:02:14.9508|INFO|SequenceItem.cs|Run|254|Finishing Category: * Set di Istruzioni *, Container: NINA.Sequencer.Container.SequentialContainer, Strategy: SequentialStrategy, Items[FINISHED]: 1
2026-07-15T01:02:14.9510|INFO|SequenceItem.cs|Run|208|Starting Category: Fotocamera, Item: TakeExposure, ExposureTime 600, Gain 910, Offset 99, ImageType LIGHT, Binning 1x1
2026-07-15T01:02:14.9514|INFO|CameraVM.cs|Capture|742|Starting Exposure - Exposure Time: 600s; Filter: ; Gain: 910; Offset 99; Binning: 1x1;
2026-07-15T01:12:15.4711|INFO|SequenceItem.cs|Run|254|Finishing Category: Fotocamera, Item: TakeExposure, ExposureTime 600, Gain 910, Offset 99, ImageType LIGHT, Binning 1x1
2026-07-15T01:12:15.4716|INFO|MeridianFlipTrigger.cs|ShouldTrigger|296|Meridian Flip - (Side of Pier usage is disabled) There is still time remaining. Max remaining time 08:49:29.1120714, next instruction time 0, next instruction Category: Ruota porta filtri, Item: SwitchFilter, Filter: LPRO
2026-07-15T01:12:15.4716|INFO|SequenceItem.cs|Run|208|Starting Category: Ruota porta filtri, Item: SwitchFilter, Filter: LPRO
2026-07-15T01:12:15.5075|INFO|SequenceItem.cs|Run|254|Finishing Category: Ruota porta filtri, Item: SwitchFilter, Filter: LPRO
2026-07-15T01:12:15.5079|INFO|SequenceTrigger.cs|Run|114|Starting Trigger: DitherAfterExposures, After Exposures: 1
2026-07-15T01:12:15.5080|INFO|SequenceItem.cs|Run|208|Starting Category: * Set di Istruzioni *, Container: NINA.Sequencer.Container.SequentialContainer, Strategy: SequentialStrategy, Items[CREATED]: 1
2026-07-15T01:12:15.9702|INFO|SequenceItem.cs|Run|208|Starting Category: Guida, Item: Dither
2026-07-15T01:12:30.0875|INFO|HocusFocusStarDetection.cs|Detect|413|Average HFR: 2.7228895318194573, HFR MAD: 0.27042957601436557, Detected Stars 656, Region: 0
2026-07-15T01:12:31.2211|INFO|BaseImageData.cs|SaveToDisk|346|Saved image to D:\Images NINA\Target\LIGHT_1x1_600.00s_910_99_LDN 1320_Skywatcher quattro 200p__-10.00C__0004_2026-07-15_01-02-14_FWHM_7.29_Fok_115282.xisf
2026-07-15T01:12:31.2212|INFO|ImageSaveController.cs|DoWork|97|Successfully saved file at D:\Images NINA\Target\LIGHT_1x1_600.00s_910_99_LDN 1320_Skywatcher quattro 200p__-10.00C__0004_2026-07-15_01-02-14_FWHM_7.29_Fok_115282.xisf. Duration Total: 00:00:15.2712946; BeforeSave: 00:00:00.0001159; BeforeFinalizeImageSaved: 00:00:15.1189143; FinalizeSaveTime: 00:00:00.1522639
2026-07-15T01:12:42.6220|INFO|SequenceItem.cs|Run|254|Finishing Category: Guida, Item: Dither
2026-07-15T01:12:42.6225|INFO|SequenceItem.cs|Run|254|Finishing Category: * Set di Istruzioni *, Container: NINA.Sequencer.Container.SequentialContainer, Strategy: SequentialStrategy, Items[FINISHED]: 1
2026-07-15T01:12:42.6226|INFO|MeridianFlipTrigger.cs|ShouldTrigger|296|Meridian Flip - (Side of Pier usage is disabled) There is still time remaining. Max remaining time 08:48:46.0492825, next instruction time 600, next instruction Category: Fotocamera, Item: TakeExposure, ExposureTime 600, Gain 910, Offset 99, ImageType LIGHT, Binning 1x1
2026-07-15T01:12:42.6227|INFO|SequenceTrigger.cs|Run|114|Starting Trigger: RestoreGuiding
2026-07-15T01:12:42.6227|INFO|SequenceItem.cs|Run|208|Starting Category: * Set di Istruzioni *, Container: NINA.Sequencer.Container.SequentialContainer, Strategy: SequentialStrategy, Items[CREATED]: 1
2026-07-15T01:12:42.6228|INFO|SequenceItem.cs|Run|208|Starting Category: Guida, Item: StartGuiding
2026-07-15T01:12:42.6635|INFO|PHD2Guider.cs|StartGuidingPrivate|504|Phd2 - App is already guiding. Skipping start guiding
2026-07-15T01:12:42.6641|INFO|SequenceItem.cs|Run|254|Finishing Category: Guida, Item: StartGuiding
2026-07-15T01:12:42.6642|INFO|SequenceItem.cs|Run|254|Finishing Category: * Set di Istruzioni *, Container: NINA.Sequencer.Container.SequentialContainer, Strategy: SequentialStrategy, Items[FINISHED]: 1
2026-07-15T01:12:42.6945|INFO|SequenceTrigger.cs|Run|114|Starting Trigger: AutofocusAfterFilterChange
2026-07-15T01:12:42.6946|INFO|SequenceItem.cs|Run|208|Starting Category: * Set di Istruzioni *, Container: NINA.Sequencer.Container.SequentialContainer, Strategy: SequentialStrategy, Items[CREATED]: 1
2026-07-15T01:12:42.6947|INFO|SequenceItem.cs|Run|208|Starting Category: Focheggiatore, Item: RunAutofocus
2026-07-15T01:12:42.8807|INFO|FocuserMediator.cs|BroadcastAutoFocusRunStarting|92|Autofocus starting notification received
2026-07-15T01:12:44.0275|INFO|AutoFocusEngine.cs|RunAutoFocus|929|Starting AutoFocus with initial position 115282
2026-07-15T01:12:44.0654|INFO|CameraVM.cs|Capture|742|Starting Exposure - Exposure Time: 5s; Filter: ; Gain: 910; Offset 99; Binning: 1x1;
2026-07-15T01:12:49.2601|INFO|AutoFocusEngine.cs|StartBlindFocusPoints|769|Waiting on initial HFR analysis
2026-07-15T01:12:49.3136|INFO|FocuserVM.cs|MoveFocuserInternal|216|Moving Focuser to position 130282
2026-07-15T01:12:55.2342|INFO|CameraVM.cs|Capture|742|Starting Exposure - Exposure Time: 5s; Filter: ; Gain: 910; Offset 99; Binning: 1x1;
2026-07-15T01:13:00.0776|INFO|HocusFocusStarDetection.cs|Detect|413|Average HFR: 2.2098094592074817, HFR MAD: 0.1991911794336656, Detected Stars 183, Region: 0
2026-07-15T01:13:00.5234|INFO|FocuserVM.cs|MoveFocuserInternal|216|Moving Focuser to position 125282
2026-07-15T01:13:06.1786|INFO|CameraVM.cs|Capture|742|Starting Exposure - Exposure Time: 5s; Filter: ; Gain: 910; Offset 99; Binning: 1x1;
2026-07-15T01:13:11.4804|INFO|FocuserVM.cs|MoveFocuserInternal|216|Moving Focuser to position 120282
2026-07-15T01:13:11.4817|INFO|HocusFocusStarDetection.cs|Detect|413|Average HFR: 8.585894472289322, HFR MAD: 0.6170730057981153, Detected Stars 18, Region: 0
2026-07-15T01:13:17.4007|INFO|CameraVM.cs|Capture|742|Starting Exposure - Exposure Time: 5s; Filter: ; Gain: 910; Offset 99; Binning: 1x1;
2026-07-15T01:13:22.4314|INFO|HocusFocusStarDetection.cs|Detect|413|Average HFR: 5.336651513878593, HFR MAD: 0.3675380971093123, Detected Stars 69, Region: 0
2026-07-15T01:13:22.6092|INFO|AutoFocusEngine.cs|StartBlindFocusPoints|797|Waiting on initial focuser move analyses
2026-07-15T01:13:34.2657|INFO|HocusFocusStarDetection.cs|Detect|413|Average HFR: 3.29967624246056, HFR MAD: 0.39076896431355834, Detected Stars 130, Region: 0
2026-07-15T01:13:34.3463|INFO|FocuserVM.cs|MoveFocuserInternal|216|Moving Focuser to position 115282
2026-07-15T01:13:39.6546|INFO|CameraVM.cs|Capture|742|Starting Exposure - Exposure Time: 5s; Filter: ; Gain: 910; Offset 99; Binning: 1x1;
2026-07-15T01:13:44.8531|INFO|AutoFocusEngine.cs|StartBlindFocusPoints|870|Waiting on next left movement analysis
2026-07-15T01:13:55.8728|INFO|HocusFocusStarDetection.cs|Detect|413|Average HFR: 2.2046794768465015, HFR MAD: 0.21601588008605388, Detected Stars 185, Region: 0
2026-07-15T01:13:55.9692|INFO|FocuserVM.cs|MoveFocuserInternal|216|Moving Focuser to position 110282
2026-07-15T01:14:01.3458|INFO|CameraVM.cs|Capture|742|Starting Exposure - Exposure Time: 5s; Filter: ; Gain: 910; Offset 99; Binning: 1x1;
2026-07-15T01:14:06.5480|INFO|AutoFocusEngine.cs|StartBlindFocusPoints|870|Waiting on next left movement analysis
2026-07-15T01:14:17.8485|INFO|HocusFocusStarDetection.cs|Detect|413|Average HFR: 3.403826472497153, HFR MAD: 0.2718694256528349, Detected Stars 129, Region: 0
2026-07-15T01:14:17.8925|INFO|AutoFocusEngine.cs|StartBlindFocusPoints|841|Enough right trend points (3) with an established minimum (115282) to queue remaining left focus points down to 100282
2026-07-15T01:14:17.9462|INFO|FocuserVM.cs|MoveFocuserInternal|216|Moving Focuser to position 105282
2026-07-15T01:14:23.5069|INFO|CameraVM.cs|Capture|742|Starting Exposure - Exposure Time: 5s; Filter: ; Gain: 910; Offset 99; Binning: 1x1;
2026-07-15T01:14:28.7591|INFO|FocuserVM.cs|MoveFocuserInternal|216|Moving Focuser to position 100282
2026-07-15T01:14:34.7986|INFO|CameraVM.cs|Capture|742|Starting Exposure - Exposure Time: 5s; Filter: ; Gain: 910; Offset 99; Binning: 1x1;
2026-07-15T01:14:40.0780|INFO|AutoFocusEngine.cs|StartBlindFocusPoints|896|Waiting on remaining AutoFocus analysis tasks
2026-07-15T01:14:40.2288|INFO|HocusFocusStarDetection.cs|Detect|413|Average HFR: 5.7812244639530475, HFR MAD: 0.27654314502094124, Detected Stars 55, Region: 0
2026-07-15T01:14:51.3142|INFO|HocusFocusStarDetection.cs|Detect|413|Average HFR: 8.847214498253459, HFR MAD: 0.8867650274413172, Detected Stars 13, Region: 0
2026-07-15T01:14:51.4387|INFO|FocuserVM.cs|MoveFocuserInternal|216|Moving Focuser to position 115565
2026-07-15T01:14:57.6542|INFO|AutoFocusEngine.cs|ValidateCalculatedFocusPosition|1141|Validating HFR at final focus position 115565
2026-07-15T01:14:57.6547|INFO|CameraVM.cs|Capture|742|Starting Exposure - Exposure Time: 5s; Filter: ; Gain: 910; Offset 99; Binning: 1x1;
2026-07-15T01:15:13.9659|INFO|HocusFocusStarDetection.cs|Detect|413|Average HFR: 2.2144407412765337, HFR MAD: 0.2740958496461574, Detected Stars 169, Region: 0
2026-07-15T01:15:13.9663|INFO|HocusFocusVM.cs|AutoFocusEngine_Completed|473|AutoFocus completed with focuser starting at 115282 and ending at 115565
2026-07-15T01:15:13.9677|INFO|FocuserMediator.cs|BroadcastSuccessfulAutoFocusRun|46|Autofocus notification received - Temperature 24.32
2026-07-15T01:15:14.0398|INFO|PHD2Guider.cs|TryStartGuideCommand|641|Phd2 - Requesting to start guiding. Recalibrate: False
2026-07-15T01:15:34.9808|INFO|SequenceItem.cs|Run|254|Finishing Category: Focheggiatore, Item: RunAutofocus
2026-07-15T01:15:34.9810|INFO|SequenceItem.cs|Run|254|Finishing Category: * Set di Istruzioni *, Container: NINA.Sequencer.Container.SequentialContainer, Strategy: SequentialStrategy, Items[FINISHED]: 1
2026-07-15T01:15:34.9811|INFO|SequenceItem.cs|Run|208|Starting Category: Fotocamera, Item: TakeExposure, ExposureTime 600, Gain 910, Offset 99, ImageType LIGHT, Binning 1x1
2026-07-15T01:15:34.9816|INFO|CameraVM.cs|Capture|742|Starting Exposure - Exposure Time: 600s; Filter: ; Gain: 910; Offset 99; Binning: 1x1;
2026-07-15T01:25:35.5414|INFO|SequenceItem.cs|Run|254|Finishing Category: Fotocamera, Item: TakeExposure, ExposureTime 600, Gain 910, Offset 99, ImageType LIGHT, Binning 1x1
2026-07-15T01:25:35.5418|INFO|MeridianFlipTrigger.cs|ShouldTrigger|296|Meridian Flip - (Side of Pier usage is disabled) There is still time remaining. Max remaining time 08:35:36.2325838, next instruction time 0, next instruction Category: Ruota porta filtri, Item: SwitchFilter, Filter: LPRO
2026-07-15T01:25:35.5419|INFO|SequenceItem.cs|Run|208|Starting Category: Ruota porta filtri, Item: SwitchFilter, Filter: LPRO
2026-07-15T01:25:35.5425|INFO|SequenceItem.cs|Run|254|Finishing Category: Ruota porta filtri, Item: SwitchFilter, Filter: LPRO
2026-07-15T01:25:35.5426|INFO|SequenceTrigger.cs|Run|114|Starting Trigger: DitherAfterExposures, After Exposures: 1
2026-07-15T01:25:35.5427|INFO|SequenceItem.cs|Run|208|Starting Category: * Set di Istruzioni *, Container: NINA.Sequencer.Container.SequentialContainer, Strategy: SequentialStrategy, Items[CREATED]: 1
2026-07-15T01:25:35.5428|INFO|SequenceItem.cs|Run|208|Starting Category: Guida, Item: Dither
2026-07-15T01:25:36.4365|INFO|ImageSolver.cs|Solve|41|Platesolving with parameters: FocalLength: 760 PixelSize: 4.63 SearchRadius: 30 BlindFailoverEnabled: True Regions: 5000 DownSampleFactor: 2 MaxObjects: 500 Reference Coordinates RA: 04:12:38 Dec: 85° 37' 01" Epoch: J2000
2026-07-15T01:25:37.3745|INFO|BaseImageData.cs|SaveToDisk|346|Saved image to C:\Users\PrimaLuceLab\AppData\Local\NINA\PlateSolver\sln5cv3z.cin.fits
2026-07-15T01:25:40.7450|INFO|ImageSolver.cs|Solve|54|Platesolve successful: Coordinates: RA: 04:15:18; Dec: 85° 37' 27"; Epoch: J2000 - Position Angle: 273.9704364993939
2026-07-15T01:25:40.7452|INFO|CenterAfterDriftTrigger.cs|PlatesolvingImageFollower_PropertyChanged|189|Drift: 0.5452179993944788 / 3 arc minutes
2026-07-15T01:25:49.6290|INFO|HocusFocusStarDetection.cs|Detect|413|Average HFR: 2.97570954540844, HFR MAD: 0.2930247901144756, Detected Stars 465, Region: 0
2026-07-15T01:25:50.6178|INFO|BaseImageData.cs|SaveToDisk|346|Saved image to D:\Images NINA\Target\LIGHT_1x1_600.00s_910_99_LDN 1320_Skywatcher quattro 200p__-9.90C__0005_2026-07-15_01-15-34_FWHM_7.52_Fok_115565.xisf
2026-07-15T01:25:50.6179|INFO|ImageSaveController.cs|DoWork|97|Successfully saved file at D:\Images NINA\Target\LIGHT_1x1_600.00s_910_99_LDN 1320_Skywatcher quattro 200p__-9.90C__0005_2026-07-15_01-15-34_FWHM_7.52_Fok_115565.xisf. Duration Total: 00:00:14.2527051; BeforeSave: 00:00:00.0710868; BeforeFinalizeImageSaved: 00:00:14.0316110; FinalizeSaveTime: 00:00:00.1500064
2026-07-15T01:25:58.5095|INFO|SequenceItem.cs|Run|254|Finishing Category: Guida, Item: Dither
2026-07-15T01:25:58.5130|INFO|SequenceItem.cs|Run|254|Finishing Category: * Set di Istruzioni *, Container: NINA.Sequencer.Container.SequentialContainer, Strategy: SequentialStrategy, Items[FINISHED]: 1
2026-07-15T01:25:58.5132|INFO|MeridianFlipTrigger.cs|ShouldTrigger|296|Meridian Flip - (Side of Pier usage is disabled) There is still time remaining. Max remaining time 08:35:13.6947803, next instruction time 600, next instruction Category: Fotocamera, Item: TakeExposure, ExposureTime 600, Gain 910, Offset 99, ImageType LIGHT, Binning 1x1
2026-07-15T01:25:58.5132|INFO|SequenceTrigger.cs|Run|114|Starting Trigger: RestoreGuiding
2026-07-15T01:25:58.5133|INFO|SequenceItem.cs|Run|208|Starting Category: * Set di Istruzioni *, Container: NINA.Sequencer.Container.SequentialContainer, Strategy: SequentialStrategy, Items[CREATED]: 1
2026-07-15T01:25:58.5133|INFO|SequenceItem.cs|Run|208|Starting Category: Guida, Item: StartGuiding
2026-07-15T01:25:58.5723|INFO|PHD2Guider.cs|StartGuidingPrivate|504|Phd2 - App is already guiding. Skipping start guiding
2026-07-15T01:25:58.5724|INFO|SequenceItem.cs|Run|254|Finishing Category: Guida, Item: StartGuiding
2026-07-15T01:25:58.5725|INFO|SequenceItem.cs|Run|254|Finishing Category: * Set di Istruzioni *, Container: NINA.Sequencer.Container.SequentialContainer, Strategy: SequentialStrategy, Items[FINISHED]: 1
2026-07-15T01:25:58.5727|INFO|SequenceTrigger.cs|Run|114|Starting Trigger: AutofocusAfterFilterChange
2026-07-15T01:25:58.5728|INFO|SequenceItem.cs|Run|208|Starting Category: * Set di Istruzioni *, Container: NINA.Sequencer.Container.SequentialContainer, Strategy: SequentialStrategy, Items[CREATED]: 1
2026-07-15T01:25:58.5728|INFO|SequenceItem.cs|Run|208|Starting Category: Focheggiatore, Item: RunAutofocus
2026-07-15T01:25:58.9167|INFO|FocuserMediator.cs|BroadcastAutoFocusRunStarting|92|Autofocus starting notification received
2026-07-15T01:26:00.4180|INFO|AutoFocusEngine.cs|RunAutoFocus|929|Starting AutoFocus with initial position 115565
2026-07-15T01:26:00.4629|INFO|CameraVM.cs|Capture|742|Starting Exposure - Exposure Time: 5s; Filter: ; Gain: 910; Offset 99; Binning: 1x1;
2026-07-15T01:26:05.7282|INFO|AutoFocusEngine.cs|StartBlindFocusPoints|769|Waiting on initial HFR analysis
2026-07-15T01:26:05.7955|INFO|FocuserVM.cs|MoveFocuserInternal|216|Moving Focuser to position 130565
2026-07-15T01:26:11.2342|INFO|CameraVM.cs|Capture|742|Starting Exposure - Exposure Time: 5s; Filter: ; Gain: 910; Offset 99; Binning: 1x1;
2026-07-15T01:26:16.2581|INFO|HocusFocusStarDetection.cs|Detect|413|Average HFR: 2.256429916173066, HFR MAD: 0.25961551339818945, Detected Stars 162, Region: 0
2026-07-15T01:26:16.5475|INFO|FocuserVM.cs|MoveFocuserInternal|216|Moving Focuser to position 125565
2026-07-15T01:26:22.4814|INFO|CameraVM.cs|Capture|742|Starting Exposure - Exposure Time: 5s; Filter: ; Gain: 910; Offset 99; Binning: 1x1;
2026-07-15T01:26:27.7310|INFO|HocusFocusStarDetection.cs|Detect|413|Average HFR: 8.590687161273557, HFR MAD: 0.5743346782499987, Detected Stars 20, Region: 0
2026-07-15T01:26:27.8195|INFO|FocuserVM.cs|MoveFocuserInternal|216|Moving Focuser to position 120565
2026-07-15T01:26:33.7991|INFO|CameraVM.cs|Capture|742|Starting Exposure - Exposure Time: 5s; Filter: ; Gain: 910; Offset 99; Binning: 1x1;
2026-07-15T01:26:39.1125|INFO|AutoFocusEngine.cs|StartBlindFocusPoints|797|Waiting on initial focuser move analyses
2026-07-15T01:26:39.3773|INFO|HocusFocusStarDetection.cs|Detect|413|Average HFR: 5.894114150182857, HFR MAD: 0.47941250560915183, Detected Stars 60, Region: 0
2026-07-15T01:26:50.3330|INFO|HocusFocusStarDetection.cs|Detect|413|Average HFR: 3.196983571438488, HFR MAD: 0.3302328701998709, Detected Stars 133, Region: 0
2026-07-15T01:26:50.4803|INFO|FocuserVM.cs|MoveFocuserInternal|216|Moving Focuser to position 115565
2026-07-15T01:26:55.7130|INFO|CameraVM.cs|Capture|742|Starting Exposure - Exposure Time: 5s; Filter: ; Gain: 910; Offset 99; Binning: 1x1;
2026-07-15T01:27:00.9072|INFO|AutoFocusEngine.cs|StartBlindFocusPoints|870|Waiting on next left movement analysis
2026-07-15T01:27:11.9201|INFO|HocusFocusStarDetection.cs|Detect|413|Average HFR: 2.3284316131600282, HFR MAD: 0.22293294768033967, Detected Stars 177, Region: 0
2026-07-15T01:27:12.0402|INFO|FocuserVM.cs|MoveFocuserInternal|216|Moving Focuser to position 110565
2026-07-15T01:27:17.2662|INFO|CameraVM.cs|Capture|742|Starting Exposure - Exposure Time: 5s; Filter: ; Gain: 910; Offset 99; Binning: 1x1;
2026-07-15T01:27:22.4559|INFO|AutoFocusEngine.cs|StartBlindFocusPoints|870|Waiting on next left movement analysis
2026-07-15T01:27:33.9838|INFO|HocusFocusStarDetection.cs|Detect|413|Average HFR: 3.295658877967568, HFR MAD: 0.24395938654026939, Detected Stars 137, Region: 0
2026-07-15T01:27:34.2131|INFO|AutoFocusEngine.cs|StartBlindFocusPoints|841|Enough right trend points (3) with an established minimum (115565) to queue remaining left focus points down to 100565
2026-07-15T01:27:34.3083|INFO|FocuserVM.cs|MoveFocuserInternal|216|Moving Focuser to position 105565
2026-07-15T01:27:39.6172|INFO|CameraVM.cs|Capture|742|Starting Exposure - Exposure Time: 5s; Filter: ; Gain: 910; Offset 99; Binning: 1x1;
2026-07-15T01:27:44.8907|INFO|FocuserVM.cs|MoveFocuserInternal|216|Moving Focuser to position 100565
2026-07-15T01:27:50.6641|INFO|CameraVM.cs|Capture|742|Starting Exposure - Exposure Time: 5s; Filter: ; Gain: 910; Offset 99; Binning: 1x1;
2026-07-15T01:27:55.9408|INFO|AutoFocusEngine.cs|StartBlindFocusPoints|896|Waiting on remaining AutoFocus analysis tasks
2026-07-15T01:27:56.0622|INFO|HocusFocusStarDetection.cs|Detect|413|Average HFR: 5.780237900233811, HFR MAD: 0.29634511062818625, Detected Stars 47, Region: 0
2026-07-15T01:28:07.4175|INFO|HocusFocusStarDetection.cs|Detect|413|Average HFR: 2.5070253104833107, HFR MAD: 0.45416155976433226, Detected Stars 8, Region: 0
2026-07-15T01:28:07.5321|INFO|FocuserVM.cs|MoveFocuserInternal|216|Moving Focuser to position 115627
2026-07-15T01:28:13.8019|INFO|AutoFocusEngine.cs|ValidateCalculatedFocusPosition|1141|Validating HFR at final focus position 115627
2026-07-15T01:28:13.8030|INFO|CameraVM.cs|Capture|742|Starting Exposure - Exposure Time: 5s; Filter: ; Gain: 910; Offset 99; Binning: 1x1;
2026-07-15T01:28:30.9618|INFO|HocusFocusStarDetection.cs|Detect|413|Average HFR: 2.281779674060714, HFR MAD: 0.24432886459478098, Detected Stars 168, Region: 0
2026-07-15T01:28:30.9621|INFO|HocusFocusVM.cs|AutoFocusEngine_Completed|473|AutoFocus completed with focuser starting at 115565 and ending at 115627
2026-07-15T01:28:30.9639|INFO|FocuserMediator.cs|BroadcastSuccessfulAutoFocusRun|46|Autofocus notification received - Temperature 24.06
2026-07-15T01:28:31.0119|INFO|PHD2Guider.cs|TryStartGuideCommand|641|Phd2 - Requesting to start guiding. Recalibrate: False
2026-07-15T01:28:52.4779|INFO|SequenceItem.cs|Run|254|Finishing Category: Focheggiatore, Item: RunAutofocus
2026-07-15T01:28:52.4781|INFO|SequenceItem.cs|Run|254|Finishing Category: * Set di Istruzioni *, Container: NINA.Sequencer.Container.SequentialContainer, Strategy: SequentialStrategy, Items[FINISHED]: 1
2026-07-15T01:28:52.4782|INFO|SequenceItem.cs|Run|208|Starting Category: Fotocamera, Item: TakeExposure, ExposureTime 600, Gain 910, Offset 99, ImageType LIGHT, Binning 1x1
2026-07-15T01:28:52.4787|INFO|CameraVM.cs|Capture|742|Starting Exposure - Exposure Time: 600s; Filter: ; Gain: 910; Offset 99; Binning: 1x1;
2026-07-15T01:38:52.8798|INFO|SequenceItem.cs|Run|254|Finishing Category: Fotocamera, Item: TakeExposure, ExposureTime 600, Gain 910, Offset 99, ImageType LIGHT, Binning 1x1
2026-07-15T01:38:52.8802|INFO|MeridianFlipTrigger.cs|ShouldTrigger|296|Meridian Flip - (Side of Pier usage is disabled) There is still time remaining. Max remaining time 08:22:01.7826829, next instruction time 0, next instruction Category: Ruota porta filtri, Item: SwitchFilter, Filter: LPRO
2026-07-15T01:38:52.8803|INFO|SequenceItem.cs|Run|208|Starting Category: Ruota porta filtri, Item: SwitchFilter, Filter: LPRO
2026-07-15T01:38:52.9456|INFO|SequenceItem.cs|Run|254|Finishing Category: Ruota porta filtri, Item: SwitchFilter, Filter: LPRO
2026-07-15T01:38:52.9461|INFO|SequenceTrigger.cs|Run|114|Starting Trigger: DitherAfterExposures, After Exposures: 1
2026-07-15T01:38:52.9463|INFO|SequenceItem.cs|Run|208|Starting Category: * Set di Istruzioni *, Container: NINA.Sequencer.Container.SequentialContainer, Strategy: SequentialStrategy, Items[CREATED]: 1
2026-07-15T01:38:52.9464|INFO|SequenceItem.cs|Run|208|Starting Category: Guida, Item: Dither
2026-07-15T01:39:06.9493|INFO|HocusFocusStarDetection.cs|Detect|413|Average HFR: 3.116550900046261, HFR MAD: 0.2953629911796929, Detected Stars 390, Region: 0
2026-07-15T01:39:07.9291|INFO|BaseImageData.cs|SaveToDisk|346|Saved image to D:\Images NINA\Target\LIGHT_1x1_600.00s_910_99_LDN 1320_Skywatcher quattro 200p__-10.00C__0006_2026-07-15_01-28-52_FWHM_7.79_Fok_115627.xisf
2026-07-15T01:39:07.9292|INFO|ImageSaveController.cs|DoWork|97|Successfully saved file at D:\Images NINA\Target\LIGHT_1x1_600.00s_910_99_LDN 1320_Skywatcher quattro 200p__-10.00C__0006_2026-07-15_01-28-52_FWHM_7.79_Fok_115627.xisf. Duration Total: 00:00:14.2154885; BeforeSave: 00:00:00.0656952; BeforeFinalizeImageSaved: 00:00:14.0087625; FinalizeSaveTime: 00:00:00.1410303
2026-07-15T01:39:16.4017|INFO|SequenceItem.cs|Run|254|Finishing Category: Guida, Item: Dither
2026-07-15T01:39:16.4019|INFO|SequenceItem.cs|Run|254|Finishing Category: * Set di Istruzioni *, Container: NINA.Sequencer.Container.SequentialContainer, Strategy: SequentialStrategy, Items[FINISHED]: 1
2026-07-15T01:39:16.4021|INFO|MeridianFlipTrigger.cs|ShouldTrigger|296|Meridian Flip - (Side of Pier usage is disabled) There is still time remaining. Max remaining time 08:21:34.6255030, next instruction time 600, next instruction Category: Fotocamera, Item: TakeExposure, ExposureTime 600, Gain 910, Offset 99, ImageType LIGHT, Binning 1x1
2026-07-15T01:39:16.4021|INFO|SequenceTrigger.cs|Run|114|Starting Trigger: RestoreGuiding
2026-07-15T01:39:16.4022|INFO|SequenceItem.cs|Run|208|Starting Category: * Set di Istruzioni *, Container: NINA.Sequencer.Container.SequentialContainer, Strategy: SequentialStrategy, Items[CREATED]: 1
2026-07-15T01:39:16.4022|INFO|SequenceItem.cs|Run|208|Starting Category: Guida, Item: StartGuiding
2026-07-15T01:39:16.4542|INFO|PHD2Guider.cs|StartGuidingPrivate|504|Phd2 - App is already guiding. Skipping start guiding
2026-07-15T01:39:16.4589|INFO|SequenceItem.cs|Run|254|Finishing Category: Guida, Item: StartGuiding
2026-07-15T01:39:16.4608|INFO|SequenceItem.cs|Run|254|Finishing Category: * Set di Istruzioni *, Container: NINA.Sequencer.Container.SequentialContainer, Strategy: SequentialStrategy, Items[FINISHED]: 1
2026-07-15T01:39:16.5106|INFO|SequenceTrigger.cs|Run|114|Starting Trigger: AutofocusAfterFilterChange
2026-07-15T01:39:16.5108|INFO|SequenceItem.cs|Run|208|Starting Category: * Set di Istruzioni *, Container: NINA.Sequencer.Container.SequentialContainer, Strategy: SequentialStrategy, Items[CREATED]: 1
2026-07-15T01:39:16.5109|INFO|SequenceItem.cs|Run|208|Starting Category: Focheggiatore, Item: RunAutofocus
2026-07-15T01:39:16.6865|INFO|FocuserMediator.cs|BroadcastAutoFocusRunStarting|92|Autofocus starting notification received
2026-07-15T01:39:17.9046|INFO|AutoFocusEngine.cs|RunAutoFocus|929|Starting AutoFocus with initial position 115627
2026-07-15T01:39:17.9102|INFO|CameraVM.cs|Capture|742|Starting Exposure - Exposure Time: 5s; Filter: ; Gain: 910; Offset 99; Binning: 1x1;
2026-07-15T01:39:23.1307|INFO|AutoFocusEngine.cs|StartBlindFocusPoints|769|Waiting on initial HFR analysis
2026-07-15T01:39:23.1928|INFO|FocuserVM.cs|MoveFocuserInternal|216|Moving Focuser to position 130627
2026-07-15T01:39:29.1954|INFO|CameraVM.cs|Capture|742|Starting Exposure - Exposure Time: 5s; Filter: ; Gain: 910; Offset 99; Binning: 1x1;
2026-07-15T01:39:33.9841|INFO|HocusFocusStarDetection.cs|Detect|413|Average HFR: 2.2438555149673682, HFR MAD: 0.2468445293538255, Detected Stars 171, Region: 0
2026-07-15T01:39:34.4990|INFO|FocuserVM.cs|MoveFocuserInternal|216|Moving Focuser to position 125627
2026-07-15T01:39:40.5786|INFO|CameraVM.cs|Capture|742|Starting Exposure - Exposure Time: 5s; Filter: ; Gain: 910; Offset 99; Binning: 1x1;
2026-07-15T01:39:45.9513|INFO|HocusFocusStarDetection.cs|Detect|413|Average HFR: 9.191807959014206, HFR MAD: 0.4534095856152298, Detected Stars 14, Region: 0
2026-07-15T01:39:45.9707|INFO|FocuserVM.cs|MoveFocuserInternal|216|Moving Focuser to position 120627
2026-07-15T01:39:51.8466|INFO|CameraVM.cs|Capture|742|Starting Exposure - Exposure Time: 5s; Filter: ; Gain: 910; Offset 99; Binning: 1x1;
2026-07-15T01:39:57.0813|INFO|AutoFocusEngine.cs|StartBlindFocusPoints|797|Waiting on initial focuser move analyses
2026-07-15T01:39:57.2325|INFO|HocusFocusStarDetection.cs|Detect|413|Average HFR: 5.937337798213284, HFR MAD: 0.5035809424472779, Detected Stars 57, Region: 0
2026-07-15T01:40:08.2749|INFO|HocusFocusStarDetection.cs|Detect|413|Average HFR: 3.10507567023143, HFR MAD: 0.3408078972256563, Detected Stars 138, Region: 0
2026-07-15T01:40:08.3462|INFO|FocuserVM.cs|MoveFocuserInternal|216|Moving Focuser to position 115627
2026-07-15T01:40:13.6218|INFO|CameraVM.cs|Capture|742|Starting Exposure - Exposure Time: 5s; Filter: ; Gain: 910; Offset 99; Binning: 1x1;
2026-07-15T01:40:18.8289|INFO|AutoFocusEngine.cs|StartBlindFocusPoints|870|Waiting on next left movement analysis
2026-07-15T01:40:30.5235|INFO|HocusFocusStarDetection.cs|Detect|413|Average HFR: 2.258350059327371, HFR MAD: 0.2624825929617953, Detected Stars 166, Region: 0
2026-07-15T01:40:30.6112|INFO|FocuserVM.cs|MoveFocuserInternal|216|Moving Focuser to position 110627
2026-07-15T01:40:35.8416|INFO|CameraVM.cs|Capture|742|Starting Exposure - Exposure Time: 5s; Filter: ; Gain: 910; Offset 99; Binning: 1x1;
2026-07-15T01:40:41.0376|INFO|AutoFocusEngine.cs|StartBlindFocusPoints|870|Waiting on next left movement analysis
2026-07-15T01:40:52.0488|INFO|HocusFocusStarDetection.cs|Detect|413|Average HFR: 3.399753228636274, HFR MAD: 0.32261507972318926, Detected Stars 101, Region: 0
2026-07-15T01:40:52.1321|INFO|FocuserVM.cs|MoveFocuserInternal|216|Moving Focuser to position 105627
2026-07-15T01:40:57.5049|INFO|CameraVM.cs|Capture|742|Starting Exposure - Exposure Time: 5s; Filter: ; Gain: 910; Offset 99; Binning: 1x1;
2026-07-15T01:41:02.7025|INFO|AutoFocusEngine.cs|StartBlindFocusPoints|870|Waiting on next left movement analysis
2026-07-15T01:41:13.8271|INFO|HocusFocusStarDetection.cs|Detect|413|Average HFR: 5.492737788481643, HFR MAD: 0.29494525893152357, Detected Stars 63, Region: 0
2026-07-15T01:41:13.8703|INFO|AutoFocusEngine.cs|StartBlindFocusPoints|841|Enough right trend points (3) with an established minimum (115627) to queue remaining left focus points down to 100627
2026-07-15T01:41:13.9241|INFO|FocuserVM.cs|MoveFocuserInternal|216|Moving Focuser to position 100627
2026-07-15T01:41:19.4960|INFO|CameraVM.cs|Capture|742|Starting Exposure - Exposure Time: 5s; Filter: ; Gain: 910; Offset 99; Binning: 1x1;
2026-07-15T01:41:24.8900|INFO|AutoFocusEngine.cs|StartBlindFocusPoints|896|Waiting on remaining AutoFocus analysis tasks
2026-07-15T01:41:36.3120|INFO|HocusFocusStarDetection.cs|Detect|413|Average HFR: 3.5619271673328936, HFR MAD: 1.748558129647225, Detected Stars 8, Region: 0
2026-07-15T01:41:36.3969|INFO|FocuserVM.cs|MoveFocuserInternal|216|Moving Focuser to position 116748
2026-07-15T01:41:43.1651|INFO|AutoFocusEngine.cs|ValidateCalculatedFocusPosition|1141|Validating HFR at final focus position 116748
2026-07-15T01:41:43.1657|INFO|CameraVM.cs|Capture|742|Starting Exposure - Exposure Time: 5s; Filter: ; Gain: 910; Offset 99; Binning: 1x1;
2026-07-15T01:41:59.3069|INFO|HocusFocusStarDetection.cs|Detect|413|Average HFR: 2.3056034741166918, HFR MAD: 0.2883584406226558, Detected Stars 158, Region: 0
2026-07-15T01:41:59.3074|INFO|HocusFocusVM.cs|AutoFocusEngine_Completed|473|AutoFocus completed with focuser starting at 115627 and ending at 116748
2026-07-15T01:41:59.3093|INFO|FocuserMediator.cs|BroadcastSuccessfulAutoFocusRun|46|Autofocus notification received - Temperature 23.87
2026-07-15T01:41:59.3652|INFO|PHD2Guider.cs|TryStartGuideCommand|641|Phd2 - Requesting to start guiding. Recalibrate: False
2026-07-15T01:42:20.3236|INFO|SequenceItem.cs|Run|254|Finishing Category: Focheggiatore, Item: RunAutofocus
2026-07-15T01:42:20.3239|INFO|SequenceItem.cs|Run|254|Finishing Category: * Set di Istruzioni *, Container: NINA.Sequencer.Container.SequentialContainer, Strategy: SequentialStrategy, Items[FINISHED]: 1
2026-07-15T01:42:20.3240|INFO|SequenceItem.cs|Run|208|Starting Category: Fotocamera, Item: TakeExposure, ExposureTime 600, Gain 910, Offset 99, ImageType LIGHT, Binning 1x1
2026-07-15T01:42:20.3245|INFO|CameraVM.cs|Capture|742|Starting Exposure - Exposure Time: 600s; Filter: ; Gain: 910; Offset 99; Binning: 1x1;
2026-07-15T01:52:20.5558|INFO|SequenceItem.cs|Run|254|Finishing Category: Fotocamera, Item: TakeExposure, ExposureTime 600, Gain 910, Offset 99, ImageType LIGHT, Binning 1x1
2026-07-15T01:52:20.5562|INFO|MeridianFlipTrigger.cs|ShouldTrigger|296|Meridian Flip - (Side of Pier usage is disabled) There is still time remaining. Max remaining time 08:08:12.4666215, next instruction time 0, next instruction Category: Ruota porta filtri, Item: SwitchFilter, Filter: LPRO
2026-07-15T01:52:20.5563|INFO|SequenceItem.cs|Run|208|Starting Category: Ruota porta filtri, Item: SwitchFilter, Filter: LPRO
2026-07-15T01:52:20.5573|INFO|SequenceItem.cs|Run|254|Finishing Category: Ruota porta filtri, Item: SwitchFilter, Filter: LPRO
2026-07-15T01:52:20.5574|INFO|SequenceTrigger.cs|Run|114|Starting Trigger: DitherAfterExposures, After Exposures: 1
2026-07-15T01:52:20.5575|INFO|SequenceItem.cs|Run|208|Starting Category: * Set di Istruzioni *, Container: NINA.Sequencer.Container.SequentialContainer, Strategy: SequentialStrategy, Items[CREATED]: 1
2026-07-15T01:52:20.5576|INFO|SequenceItem.cs|Run|208|Starting Category: Guida, Item: Dither
2026-07-15T01:52:34.8791|INFO|HocusFocusStarDetection.cs|Detect|413|Average HFR: 3.08315779059125, HFR MAD: 0.30252461139338394, Detected Stars 510, Region: 0
2026-07-15T01:52:35.8442|INFO|BaseImageData.cs|SaveToDisk|346|Saved image to D:\Images NINA\Target\LIGHT_1x1_600.00s_910_99_LDN 1320_Skywatcher quattro 200p__-10.00C__0007_2026-07-15_01-42-20_FWHM_7.85_Fok_116748.xisf
2026-07-15T01:52:35.8443|INFO|ImageSaveController.cs|DoWork|97|Successfully saved file at D:\Images NINA\Target\LIGHT_1x1_600.00s_910_99_LDN 1320_Skywatcher quattro 200p__-10.00C__0007_2026-07-15_01-42-20_FWHM_7.85_Fok_116748.xisf. Duration Total: 00:00:14.4278473; BeforeSave: 00:00:00.0968182; BeforeFinalizeImageSaved: 00:00:14.1560873; FinalizeSaveTime: 00:00:00.1749411
2026-07-15T01:52:57.9664|INFO|SequenceItem.cs|Run|254|Finishing Category: Guida, Item: Dither
2026-07-15T01:52:57.9666|INFO|SequenceItem.cs|Run|254|Finishing Category: * Set di Istruzioni *, Container: NINA.Sequencer.Container.SequentialContainer, Strategy: SequentialStrategy, Items[FINISHED]: 1
2026-07-15T01:52:57.9668|INFO|MeridianFlipTrigger.cs|ShouldTrigger|296|Meridian Flip - (Side of Pier usage is disabled) There is still time remaining. Max remaining time 08:07:20.3216294, next instruction time 600, next instruction Category: Fotocamera, Item: TakeExposure, ExposureTime 600, Gain 910, Offset 99, ImageType LIGHT, Binning 1x1
2026-07-15T01:52:57.9668|INFO|SequenceTrigger.cs|Run|114|Starting Trigger: RestoreGuiding
2026-07-15T01:52:57.9669|INFO|SequenceItem.cs|Run|208|Starting Category: * Set di Istruzioni *, Container: NINA.Sequencer.Container.SequentialContainer, Strategy: SequentialStrategy, Items[CREATED]: 1
2026-07-15T01:52:57.9669|INFO|SequenceItem.cs|Run|208|Starting Category: Guida, Item: StartGuiding
2026-07-15T01:52:58.0025|INFO|PHD2Guider.cs|StartGuidingPrivate|504|Phd2 - App is already guiding. Skipping start guiding
2026-07-15T01:52:58.0026|INFO|SequenceItem.cs|Run|254|Finishing Category: Guida, Item: StartGuiding
2026-07-15T01:52:58.0027|INFO|SequenceItem.cs|Run|254|Finishing Category: * Set di Istruzioni *, Container: NINA.Sequencer.Container.SequentialContainer, Strategy: SequentialStrategy, Items[FINISHED]: 1
2026-07-15T01:52:58.0408|INFO|SequenceTrigger.cs|Run|114|Starting Trigger: AutofocusAfterFilterChange
2026-07-15T01:52:58.0410|INFO|SequenceItem.cs|Run|208|Starting Category: * Set di Istruzioni *, Container: NINA.Sequencer.Container.SequentialContainer, Strategy: SequentialStrategy, Items[CREATED]: 1
2026-07-15T01:52:58.0410|INFO|SequenceItem.cs|Run|208|Starting Category: Focheggiatore, Item: RunAutofocus
2026-07-15T01:52:58.3743|INFO|FocuserMediator.cs|BroadcastAutoFocusRunStarting|92|Autofocus starting notification received
2026-07-15T01:52:59.5032|INFO|AutoFocusEngine.cs|RunAutoFocus|929|Starting AutoFocus with initial position 116748
2026-07-15T01:52:59.5498|INFO|CameraVM.cs|Capture|742|Starting Exposure - Exposure Time: 5s; Filter: ; Gain: 910; Offset 99; Binning: 1x1;
2026-07-15T01:53:04.7871|INFO|AutoFocusEngine.cs|StartBlindFocusPoints|769|Waiting on initial HFR analysis
2026-07-15T01:53:04.8420|INFO|FocuserVM.cs|MoveFocuserInternal|216|Moving Focuser to position 131748
2026-07-15T01:53:10.1730|INFO|CameraVM.cs|Capture|742|Starting Exposure - Exposure Time: 5s; Filter: ; Gain: 910; Offset 99; Binning: 1x1;
2026-07-15T01:53:15.2654|INFO|HocusFocusStarDetection.cs|Detect|413|Average HFR: 2.375036657256905, HFR MAD: 0.2691841190453883, Detected Stars 164, Region: 0
2026-07-15T01:53:15.5146|INFO|FocuserVM.cs|MoveFocuserInternal|216|Moving Focuser to position 126748
2026-07-15T01:53:21.6433|INFO|CameraVM.cs|Capture|742|Starting Exposure - Exposure Time: 5s; Filter: ; Gain: 910; Offset 99; Binning: 1x1;
2026-07-15T01:53:26.7689|INFO|HocusFocusStarDetection.cs|Detect|413|Average HFR: 9.98925360335303, HFR MAD: 0.22790088449664658, Detected Stars 11, Region: 0
2026-07-15T01:53:26.9446|INFO|FocuserVM.cs|MoveFocuserInternal|216|Moving Focuser to position 121748
2026-07-15T01:53:33.1750|INFO|CameraVM.cs|Capture|742|Starting Exposure - Exposure Time: 5s; Filter: ; Gain: 910; Offset 99; Binning: 1x1;
2026-07-15T01:53:38.2482|INFO|HocusFocusStarDetection.cs|Detect|413|Average HFR: 6.7190121753302625, HFR MAD: 0.5333160648564901, Detected Stars 44, Region: 0
2026-07-15T01:53:38.4413|INFO|AutoFocusEngine.cs|StartBlindFocusPoints|797|Waiting on initial focuser move analyses
2026-07-15T01:53:49.9967|INFO|HocusFocusStarDetection.cs|Detect|413|Average HFR: 4.004779003950083, HFR MAD: 0.3774244476453532, Detected Stars 97, Region: 0
2026-07-15T01:53:50.1903|INFO|FocuserVM.cs|MoveFocuserInternal|216|Moving Focuser to position 116748
2026-07-15T01:53:55.4162|INFO|CameraVM.cs|Capture|742|Starting Exposure - Exposure Time: 5s; Filter: ; Gain: 910; Offset 99; Binning: 1x1;
2026-07-15T01:54:00.6225|INFO|AutoFocusEngine.cs|StartBlindFocusPoints|870|Waiting on next left movement analysis
2026-07-15T01:54:12.2017|INFO|HocusFocusStarDetection.cs|Detect|413|Average HFR: 2.32812999445286, HFR MAD: 0.24916030919855991, Detected Stars 174, Region: 0
2026-07-15T01:54:12.3912|INFO|FocuserVM.cs|MoveFocuserInternal|216|Moving Focuser to position 111748
2026-07-15T01:54:17.6663|INFO|CameraVM.cs|Capture|742|Starting Exposure - Exposure Time: 5s; Filter: ; Gain: 910; Offset 99; Binning: 1x1;
2026-07-15T01:54:22.8659|INFO|AutoFocusEngine.cs|StartBlindFocusPoints|870|Waiting on next left movement analysis
2026-07-15T01:54:34.2287|INFO|HocusFocusStarDetection.cs|Detect|413|Average HFR: 2.770203744466199, HFR MAD: 0.27949433913125343, Detected Stars 149, Region: 0
2026-07-15T01:54:34.3169|INFO|FocuserVM.cs|MoveFocuserInternal|216|Moving Focuser to position 106748
2026-07-15T01:54:39.5515|INFO|CameraVM.cs|Capture|742|Starting Exposure - Exposure Time: 5s; Filter: ; Gain: 910; Offset 99; Binning: 1x1;
2026-07-15T01:54:44.7574|INFO|AutoFocusEngine.cs|StartBlindFocusPoints|870|Waiting on next left movement analysis
2026-07-15T01:54:55.9191|INFO|HocusFocusStarDetection.cs|Detect|413|Average HFR: 5.1007134020285605, HFR MAD: 0.2561068948198475, Detected Stars 58, Region: 0
2026-07-15T01:54:56.0088|INFO|FocuserVM.cs|MoveFocuserInternal|216|Moving Focuser to position 101748
2026-07-15T01:55:01.3439|INFO|CameraVM.cs|Capture|742|Starting Exposure - Exposure Time: 5s; Filter: ; Gain: 910; Offset 99; Binning: 1x1;
2026-07-15T01:55:06.5441|INFO|AutoFocusEngine.cs|StartBlindFocusPoints|870|Waiting on next left movement analysis
2026-07-15T01:55:17.4961|INFO|HocusFocusStarDetection.cs|Detect|413|Average HFR: 5.213461861008332, HFR MAD: 2.738685949696997, Detected Stars 12, Region: 0
2026-07-15T01:55:17.5987|INFO|AutoFocusEngine.cs|StartBlindFocusPoints|841|Enough right trend points (3) with an established minimum (116748) to queue remaining left focus points down to 101748
2026-07-15T01:55:17.5988|INFO|AutoFocusEngine.cs|StartBlindFocusPoints|896|Waiting on remaining AutoFocus analysis tasks
2026-07-15T01:55:17.6529|INFO|FocuserVM.cs|MoveFocuserInternal|216|Moving Focuser to position 115259
2026-07-15T01:55:23.1962|INFO|AutoFocusEngine.cs|ValidateCalculatedFocusPosition|1141|Validating HFR at final focus position 115259
2026-07-15T01:55:23.1967|INFO|CameraVM.cs|Capture|742|Starting Exposure - Exposure Time: 5s; Filter: ; Gain: 910; Offset 99; Binning: 1x1;
2026-07-15T01:55:39.8067|INFO|HocusFocusStarDetection.cs|Detect|413|Average HFR: 2.365984446770897, HFR MAD: 0.26205260507813266, Detected Stars 171, Region: 0
2026-07-15T01:55:39.8072|INFO|HocusFocusVM.cs|AutoFocusEngine_Completed|473|AutoFocus completed with focuser starting at 116748 and ending at 115259
2026-07-15T01:55:39.8097|INFO|FocuserMediator.cs|BroadcastSuccessfulAutoFocusRun|46|Autofocus notification received - Temperature 23.48
2026-07-15T01:55:39.9145|INFO|PHD2Guider.cs|TryStartGuideCommand|641|Phd2 - Requesting to start guiding. Recalibrate: False
2026-07-15T01:56:01.4924|INFO|SequenceItem.cs|Run|254|Finishing Category: Focheggiatore, Item: RunAutofocus
2026-07-15T01:56:01.4935|INFO|SequenceItem.cs|Run|254|Finishing Category: * Set di Istruzioni *, Container: NINA.Sequencer.Container.SequentialContainer, Strategy: SequentialStrategy, Items[FINISHED]: 1
2026-07-15T01:56:01.4936|INFO|SequenceItem.cs|Run|208|Starting Category: Fotocamera, Item: TakeExposure, ExposureTime 600, Gain 910, Offset 99, ImageType LIGHT, Binning 1x1
2026-07-15T01:56:01.4941|INFO|CameraVM.cs|Capture|742|Starting Exposure - Exposure Time: 600s; Filter: ; Gain: 910; Offset 99; Binning: 1x1;
2026-07-15T02:06:01.9499|INFO|SequenceItem.cs|Run|254|Finishing Category: Fotocamera, Item: TakeExposure, ExposureTime 600, Gain 910, Offset 99, ImageType LIGHT, Binning 1x1
2026-07-15T02:06:01.9504|INFO|MeridianFlipTrigger.cs|ShouldTrigger|296|Meridian Flip - (Side of Pier usage is disabled) There is still time remaining. Max remaining time 07:54:01.1002847, next instruction time 0, next instruction Category: Ruota porta filtri, Item: SwitchFilter, Filter: LPRO
2026-07-15T02:06:01.9505|INFO|SequenceItem.cs|Run|208|Starting Category: Ruota porta filtri, Item: SwitchFilter, Filter: LPRO
2026-07-15T02:06:02.1489|INFO|SequenceItem.cs|Run|254|Finishing Category: Ruota porta filtri, Item: SwitchFilter, Filter: LPRO
2026-07-15T02:06:02.1493|INFO|SequenceTrigger.cs|Run|114|Starting Trigger: DitherAfterExposures, After Exposures: 1
2026-07-15T02:06:02.1494|INFO|SequenceItem.cs|Run|208|Starting Category: * Set di Istruzioni *, Container: NINA.Sequencer.Container.SequentialContainer, Strategy: SequentialStrategy, Items[CREATED]: 1
2026-07-15T02:06:02.1494|INFO|SequenceItem.cs|Run|208|Starting Category: Guida, Item: Dither
2026-07-15T02:06:02.7990|INFO|ImageSolver.cs|Solve|41|Platesolving with parameters: FocalLength: 760 PixelSize: 4.63 SearchRadius: 30 BlindFailoverEnabled: True Regions: 5000 DownSampleFactor: 2 MaxObjects: 500 Reference Coordinates RA: 04:11:38 Dec: 85° 35' 52" Epoch: J2000
2026-07-15T02:06:03.6415|INFO|BaseImageData.cs|SaveToDisk|346|Saved image to C:\Users\PrimaLuceLab\AppData\Local\NINA\PlateSolver\whibpsne.l3z.fits
2026-07-15T02:06:07.3922|INFO|ImageSolver.cs|Solve|54|Platesolve successful: Coordinates: RA: 04:15:25; Dec: 85° 36' 35"; Epoch: J2000 - Position Angle: 274.26249510234754
2026-07-15T02:06:07.3924|INFO|CenterAfterDriftTrigger.cs|PlatesolvingImageFollower_PropertyChanged|189|Drift: 1.4100599214431404 / 3 arc minutes
2026-07-15T02:06:16.1777|INFO|HocusFocusStarDetection.cs|Detect|413|Average HFR: 3.699270877850335, HFR MAD: 0.26567220670093894, Detected Stars 116, Region: 0
2026-07-15T02:06:17.1216|INFO|BaseImageData.cs|SaveToDisk|346|Saved image to D:\Images NINA\Target\LIGHT_1x1_600.00s_910_99_LDN 1320_Skywatcher quattro 200p__-9.90C__0008_2026-07-15_01-56-01_FWHM_9.05_Fok_115259.xisf
2026-07-15T02:06:17.1217|INFO|ImageSaveController.cs|DoWork|97|Successfully saved file at D:\Images NINA\Target\LIGHT_1x1_600.00s_910_99_LDN 1320_Skywatcher quattro 200p__-9.90C__0008_2026-07-15_01-56-01_FWHM_9.05_Fok_115259.xisf. Duration Total: 00:00:14.3229764; BeforeSave: 00:00:00.0000992; BeforeFinalizeImageSaved: 00:00:14.1527096; FinalizeSaveTime: 00:00:00.1701670
2026-07-15T02:06:44.2472|INFO|SequenceItem.cs|Run|254|Finishing Category: Guida, Item: Dither
2026-07-15T02:06:44.2474|INFO|SequenceItem.cs|Run|254|Finishing Category: * Set di Istruzioni *, Container: NINA.Sequencer.Container.SequentialContainer, Strategy: SequentialStrategy, Items[FINISHED]: 1
2026-07-15T02:06:44.2476|INFO|MeridianFlipTrigger.cs|ShouldTrigger|296|Meridian Flip - (Side of Pier usage is disabled) There is still time remaining. Max remaining time 07:53:09.8562910, next instruction time 600, next instruction Category: Fotocamera, Item: TakeExposure, ExposureTime 600, Gain 910, Offset 99, ImageType LIGHT, Binning 1x1
2026-07-15T02:06:44.2476|INFO|SequenceTrigger.cs|Run|114|Starting Trigger: RestoreGuiding
2026-07-15T02:06:44.2477|INFO|SequenceItem.cs|Run|208|Starting Category: * Set di Istruzioni *, Container: NINA.Sequencer.Container.SequentialContainer, Strategy: SequentialStrategy, Items[CREATED]: 1
2026-07-15T02:06:44.2478|INFO|SequenceItem.cs|Run|208|Starting Category: Guida, Item: StartGuiding
2026-07-15T02:06:44.2861|INFO|PHD2Guider.cs|StartGuidingPrivate|504|Phd2 - App is already guiding. Skipping start guiding
2026-07-15T02:06:44.2862|INFO|SequenceItem.cs|Run|254|Finishing Category: Guida, Item: StartGuiding
2026-07-15T02:06:44.2864|INFO|SequenceItem.cs|Run|254|Finishing Category: * Set di Istruzioni *, Container: NINA.Sequencer.Container.SequentialContainer, Strategy: SequentialStrategy, Items[FINISHED]: 1
2026-07-15T02:06:44.3579|INFO|SequenceTrigger.cs|Run|114|Starting Trigger: AutofocusAfterFilterChange
2026-07-15T02:06:44.3581|INFO|SequenceItem.cs|Run|208|Starting Category: * Set di Istruzioni *, Container: NINA.Sequencer.Container.SequentialContainer, Strategy: SequentialStrategy, Items[CREATED]: 1
2026-07-15T02:06:44.3582|INFO|SequenceItem.cs|Run|208|Starting Category: Focheggiatore, Item: RunAutofocus
2026-07-15T02:06:44.7035|INFO|FocuserMediator.cs|BroadcastAutoFocusRunStarting|92|Autofocus starting notification received
2026-07-15T02:06:45.2285|INFO|AutoFocusEngine.cs|RunAutoFocus|929|Starting AutoFocus with initial position 115259
2026-07-15T02:06:45.2290|INFO|CameraVM.cs|Capture|742|Starting Exposure - Exposure Time: 5s; Filter: ; Gain: 910; Offset 99; Binning: 1x1;
2026-07-15T02:06:50.4369|INFO|AutoFocusEngine.cs|StartBlindFocusPoints|769|Waiting on initial HFR analysis
2026-07-15T02:06:50.5192|INFO|FocuserVM.cs|MoveFocuserInternal|216|Moving Focuser to position 130259
2026-07-15T02:06:55.7857|INFO|CameraVM.cs|Capture|742|Starting Exposure - Exposure Time: 5s; Filter: ; Gain: 910; Offset 99; Binning: 1x1;
2026-07-15T02:07:01.1539|INFO|FocuserVM.cs|MoveFocuserInternal|216|Moving Focuser to position 125259
2026-07-15T02:07:01.2123|INFO|HocusFocusStarDetection.cs|Detect|413|Average HFR: 2.253853202002515, HFR MAD: 0.253710796205489, Detected Stars 171, Region: 0
2026-07-15T02:07:07.1995|INFO|CameraVM.cs|Capture|742|Starting Exposure - Exposure Time: 5s; Filter: ; Gain: 910; Offset 99; Binning: 1x1;
2026-07-15T02:07:12.2518|INFO|HocusFocusStarDetection.cs|Detect|413|Average HFR: 8.531498725670518, HFR MAD: 0.39689559336198066, Detected Stars 23, Region: 0
2026-07-15T02:07:12.5165|INFO|FocuserVM.cs|MoveFocuserInternal|216|Moving Focuser to position 120259
2026-07-15T02:07:18.2812|INFO|CameraVM.cs|Capture|742|Starting Exposure - Exposure Time: 5s; Filter: ; Gain: 910; Offset 99; Binning: 1x1;
2026-07-15T02:07:23.5446|INFO|AutoFocusEngine.cs|StartBlindFocusPoints|797|Waiting on initial focuser move analyses
2026-07-15T02:07:23.6921|INFO|HocusFocusStarDetection.cs|Detect|413|Average HFR: 5.640919165129394, HFR MAD: 0.398957888760477, Detected Stars 63, Region: 0
2026-07-15T02:07:34.9917|INFO|HocusFocusStarDetection.cs|Detect|413|Average HFR: 3.010233808719213, HFR MAD: 0.2877276169711811, Detected Stars 144, Region: 0
2026-07-15T02:07:35.1080|INFO|FocuserVM.cs|MoveFocuserInternal|216|Moving Focuser to position 115259
2026-07-15T02:07:41.1869|INFO|CameraVM.cs|Capture|742|Starting Exposure - Exposure Time: 5s; Filter: ; Gain: 910; Offset 99; Binning: 1x1;
2026-07-15T02:07:46.3844|INFO|AutoFocusEngine.cs|StartBlindFocusPoints|870|Waiting on next left movement analysis
2026-07-15T02:07:57.4759|INFO|HocusFocusStarDetection.cs|Detect|413|Average HFR: 2.2559248369921105, HFR MAD: 0.19619793293926557, Detected Stars 169, Region: 0
2026-07-15T02:07:57.5689|INFO|FocuserVM.cs|MoveFocuserInternal|216|Moving Focuser to position 110259
2026-07-15T02:08:03.1767|INFO|CameraVM.cs|Capture|742|Starting Exposure - Exposure Time: 5s; Filter: ; Gain: 910; Offset 99; Binning: 1x1;
2026-07-15T02:08:08.4019|INFO|AutoFocusEngine.cs|StartBlindFocusPoints|870|Waiting on next left movement analysis
2026-07-15T02:08:19.9105|INFO|HocusFocusStarDetection.cs|Detect|413|Average HFR: 3.469062081562647, HFR MAD: 0.2569484909374875, Detected Stars 98, Region: 0
2026-07-15T02:08:20.0239|INFO|FocuserVM.cs|MoveFocuserInternal|216|Moving Focuser to position 105259
2026-07-15T02:08:25.3163|INFO|CameraVM.cs|Capture|742|Starting Exposure - Exposure Time: 5s; Filter: ; Gain: 910; Offset 99; Binning: 1x1;
2026-07-15T02:08:30.5122|INFO|AutoFocusEngine.cs|StartBlindFocusPoints|870|Waiting on next left movement analysis
2026-07-15T02:08:41.4293|INFO|HocusFocusStarDetection.cs|Detect|413|Average HFR: 6.170465757449024, HFR MAD: 0.3739897950067288, Detected Stars 35, Region: 0
2026-07-15T02:08:41.5109|INFO|AutoFocusEngine.cs|StartBlindFocusPoints|841|Enough right trend points (3) with an established minimum (115259) to queue remaining left focus points down to 100259
2026-07-15T02:08:41.5658|INFO|FocuserVM.cs|MoveFocuserInternal|216|Moving Focuser to position 100259
2026-07-15T02:08:47.1828|INFO|CameraVM.cs|Capture|742|Starting Exposure - Exposure Time: 5s; Filter: ; Gain: 910; Offset 99; Binning: 1x1;
2026-07-15T02:08:52.3758|INFO|AutoFocusEngine.cs|StartBlindFocusPoints|896|Waiting on remaining AutoFocus analysis tasks
2026-07-15T02:09:03.8289|INFO|HocusFocusStarDetection.cs|Detect|413|Average HFR: 2.850752273153761, HFR MAD: 0.2128048819955639, Detected Stars 6, Region: 0
2026-07-15T02:09:03.9218|INFO|FocuserVM.cs|MoveFocuserInternal|216|Moving Focuser to position 116426
2026-07-15T02:09:11.1548|INFO|AutoFocusEngine.cs|ValidateCalculatedFocusPosition|1141|Validating HFR at final focus position 116426
2026-07-15T02:09:11.1552|INFO|CameraVM.cs|Capture|742|Starting Exposure - Exposure Time: 5s; Filter: ; Gain: 910; Offset 99; Binning: 1x1;
2026-07-15T02:09:27.5240|INFO|HocusFocusStarDetection.cs|Detect|413|Average HFR: 2.263861619851954, HFR MAD: 0.23063808775603123, Detected Stars 167, Region: 0
2026-07-15T02:09:27.5243|INFO|HocusFocusVM.cs|AutoFocusEngine_Completed|473|AutoFocus completed with focuser starting at 115259 and ending at 116426
2026-07-15T02:09:27.5266|INFO|FocuserMediator.cs|BroadcastSuccessfulAutoFocusRun|46|Autofocus notification received - Temperature 23.85
2026-07-15T02:09:27.5781|INFO|PHD2Guider.cs|TryStartGuideCommand|641|Phd2 - Requesting to start guiding. Recalibrate: False
2026-07-15T02:09:50.4599|INFO|SequenceItem.cs|Run|254|Finishing Category: Focheggiatore, Item: RunAutofocus
2026-07-15T02:09:50.4600|INFO|SequenceItem.cs|Run|254|Finishing Category: * Set di Istruzioni *, Container: NINA.Sequencer.Container.SequentialContainer, Strategy: SequentialStrategy, Items[FINISHED]: 1
2026-07-15T02:09:50.4602|INFO|SequenceItem.cs|Run|208|Starting Category: Fotocamera, Item: TakeExposure, ExposureTime 600, Gain 910, Offset 99, ImageType LIGHT, Binning 1x1
2026-07-15T02:09:50.4606|INFO|CameraVM.cs|Capture|742|Starting Exposure - Exposure Time: 600s; Filter: ; Gain: 910; Offset 99; Binning: 1x1;
2026-07-15T02:19:51.0796|INFO|SequenceItem.cs|Run|254|Finishing Category: Fotocamera, Item: TakeExposure, ExposureTime 600, Gain 910, Offset 99, ImageType LIGHT, Binning 1x1
2026-07-15T02:19:51.0800|INFO|MeridianFlipTrigger.cs|ShouldTrigger|296|Meridian Flip - (Side of Pier usage is disabled) There is still time remaining. Max remaining time 07:39:42.6725486, next instruction time 0, next instruction Category: Ruota porta filtri, Item: SwitchFilter, Filter: LPRO
2026-07-15T02:19:51.0800|INFO|SequenceItem.cs|Run|208|Starting Category: Ruota porta filtri, Item: SwitchFilter, Filter: LPRO
2026-07-15T02:19:51.0806|INFO|SequenceItem.cs|Run|254|Finishing Category: Ruota porta filtri, Item: SwitchFilter, Filter: LPRO
2026-07-15T02:19:51.0808|INFO|SequenceTrigger.cs|Run|114|Starting Trigger: DitherAfterExposures, After Exposures: 1
2026-07-15T02:19:51.0809|INFO|SequenceItem.cs|Run|208|Starting Category: * Set di Istruzioni *, Container: NINA.Sequencer.Container.SequentialContainer, Strategy: SequentialStrategy, Items[CREATED]: 1
2026-07-15T02:19:51.0809|INFO|SequenceItem.cs|Run|208|Starting Category: Guida, Item: Dither
2026-07-15T02:20:04.1332|INFO|HocusFocusStarDetection.cs|Detect|413|Average HFR: 3.150148245751603, HFR MAD: 0.27878351109524946, Detected Stars 475, Region: 0
2026-07-15T02:20:05.0702|INFO|BaseImageData.cs|SaveToDisk|346|Saved image to D:\Images NINA\Target\LIGHT_1x1_600.00s_910_99_LDN 1320_Skywatcher quattro 200p__-9.90C__0009_2026-07-15_02-09-50_FWHM_8.22_Fok_116426.xisf
2026-07-15T02:20:05.0703|INFO|ImageSaveController.cs|DoWork|97|Successfully saved file at D:\Images NINA\Target\LIGHT_1x1_600.00s_910_99_LDN 1320_Skywatcher quattro 200p__-9.90C__0009_2026-07-15_02-09-50_FWHM_8.22_Fok_116426.xisf. Duration Total: 00:00:13.3017779; BeforeSave: 00:00:00.0001231; BeforeFinalizeImageSaved: 00:00:13.1815546; FinalizeSaveTime: 00:00:00.1200997
2026-07-15T02:20:31.1338|INFO|SequenceItem.cs|Run|254|Finishing Category: Guida, Item: Dither
2026-07-15T02:20:31.1343|INFO|SequenceItem.cs|Run|254|Finishing Category: * Set di Istruzioni *, Container: NINA.Sequencer.Container.SequentialContainer, Strategy: SequentialStrategy, Items[FINISHED]: 1
2026-07-15T02:20:31.1344|INFO|MeridianFlipTrigger.cs|ShouldTrigger|296|Meridian Flip - (Side of Pier usage is disabled) There is still time remaining. Max remaining time 07:39:09.7390018, next instruction time 600, next instruction Category: Fotocamera, Item: TakeExposure, ExposureTime 600, Gain 910, Offset 99, ImageType LIGHT, Binning 1x1
2026-07-15T02:20:31.1345|INFO|SequenceTrigger.cs|Run|114|Starting Trigger: RestoreGuiding
2026-07-15T02:20:31.1346|INFO|SequenceItem.cs|Run|208|Starting Category: * Set di Istruzioni *, Container: NINA.Sequencer.Container.SequentialContainer, Strategy: SequentialStrategy, Items[CREATED]: 1
2026-07-15T02:20:31.1346|INFO|SequenceItem.cs|Run|208|Starting Category: Guida, Item: StartGuiding
2026-07-15T02:20:31.1785|INFO|PHD2Guider.cs|StartGuidingPrivate|504|Phd2 - App is already guiding. Skipping start guiding
2026-07-15T02:20:31.1787|INFO|SequenceItem.cs|Run|254|Finishing Category: Guida, Item: StartGuiding
2026-07-15T02:20:31.1788|INFO|SequenceItem.cs|Run|254|Finishing Category: * Set di Istruzioni *, Container: NINA.Sequencer.Container.SequentialContainer, Strategy: SequentialStrategy, Items[FINISHED]: 1
2026-07-15T02:20:31.2603|INFO|SequenceTrigger.cs|Run|114|Starting Trigger: AutofocusAfterFilterChange
2026-07-15T02:20:31.2604|INFO|SequenceItem.cs|Run|208|Starting Category: * Set di Istruzioni *, Container: NINA.Sequencer.Container.SequentialContainer, Strategy: SequentialStrategy, Items[CREATED]: 1
2026-07-15T02:20:31.2605|INFO|SequenceItem.cs|Run|208|Starting Category: Focheggiatore, Item: RunAutofocus
2026-07-15T02:20:31.4569|INFO|FocuserMediator.cs|BroadcastAutoFocusRunStarting|92|Autofocus starting notification received
2026-07-15T02:20:32.6242|INFO|AutoFocusEngine.cs|RunAutoFocus|929|Starting AutoFocus with initial position 116426
2026-07-15T02:20:32.6325|INFO|CameraVM.cs|Capture|742|Starting Exposure - Exposure Time: 5s; Filter: ; Gain: 910; Offset 99; Binning: 1x1;
2026-07-15T02:20:37.8843|INFO|AutoFocusEngine.cs|StartBlindFocusPoints|769|Waiting on initial HFR analysis
2026-07-15T02:20:37.9542|INFO|FocuserVM.cs|MoveFocuserInternal|216|Moving Focuser to position 131426
2026-07-15T02:20:43.2476|INFO|CameraVM.cs|Capture|742|Starting Exposure - Exposure Time: 5s; Filter: ; Gain: 910; Offset 99; Binning: 1x1;
2026-07-15T02:20:48.3879|INFO|HocusFocusStarDetection.cs|Detect|413|Average HFR: 2.458145526550811, HFR MAD: 0.2662756559664987, Detected Stars 172, Region: 0
2026-07-15T02:20:48.5382|INFO|FocuserVM.cs|MoveFocuserInternal|216|Moving Focuser to position 126426
2026-07-15T02:20:54.7676|INFO|CameraVM.cs|Capture|742|Starting Exposure - Exposure Time: 5s; Filter: ; Gain: 910; Offset 99; Binning: 1x1;
2026-07-15T02:21:00.4409|INFO|FocuserVM.cs|MoveFocuserInternal|216|Moving Focuser to position 121426
2026-07-15T02:21:01.3079|INFO|HocusFocusStarDetection.cs|Detect|413|Average HFR: 9.092857017934664, HFR MAD: 0.41985608430833565, Detected Stars 13, Region: 0
2026-07-15T02:21:05.9853|INFO|CameraVM.cs|Capture|742|Starting Exposure - Exposure Time: 5s; Filter: ; Gain: 910; Offset 99; Binning: 1x1;
2026-07-15T02:21:11.3619|INFO|AutoFocusEngine.cs|StartBlindFocusPoints|797|Waiting on initial focuser move analyses
2026-07-15T02:21:12.7323|INFO|HocusFocusStarDetection.cs|Detect|413|Average HFR: 6.061273423324131, HFR MAD: 0.4439924664007364, Detected Stars 47, Region: 0
2026-07-15T02:21:23.0829|INFO|HocusFocusStarDetection.cs|Detect|413|Average HFR: 3.4249974822637226, HFR MAD: 0.3417990304056011, Detected Stars 122, Region: 0
2026-07-15T02:21:23.2330|INFO|FocuserVM.cs|MoveFocuserInternal|216|Moving Focuser to position 116426
2026-07-15T02:21:29.1970|INFO|CameraVM.cs|Capture|742|Starting Exposure - Exposure Time: 5s; Filter: ; Gain: 910; Offset 99; Binning: 1x1;
2026-07-15T02:21:34.3964|INFO|AutoFocusEngine.cs|StartBlindFocusPoints|870|Waiting on next left movement analysis
2026-07-15T02:21:45.3029|INFO|HocusFocusStarDetection.cs|Detect|413|Average HFR: 2.370026164047096, HFR MAD: 0.2624796789326487, Detected Stars 166, Region: 0
2026-07-15T02:21:45.4169|INFO|FocuserVM.cs|MoveFocuserInternal|216|Moving Focuser to position 111426
2026-07-15T02:21:51.1588|INFO|CameraVM.cs|Capture|742|Starting Exposure - Exposure Time: 5s; Filter: ; Gain: 910; Offset 99; Binning: 1x1;
2026-07-15T02:21:56.3588|INFO|AutoFocusEngine.cs|StartBlindFocusPoints|870|Waiting on next left movement analysis
2026-07-15T02:22:07.5906|INFO|HocusFocusStarDetection.cs|Detect|413|Average HFR: 2.9971808359995804, HFR MAD: 0.26852182831378757, Detected Stars 141, Region: 0
2026-07-15T02:22:07.6960|INFO|FocuserVM.cs|MoveFocuserInternal|216|Moving Focuser to position 106426
2026-07-15T02:22:13.1979|INFO|CameraVM.cs|Capture|742|Starting Exposure - Exposure Time: 5s; Filter: ; Gain: 910; Offset 99; Binning: 1x1;
2026-07-15T02:22:18.3936|INFO|AutoFocusEngine.cs|StartBlindFocusPoints|870|Waiting on next left movement analysis
2026-07-15T02:22:29.2701|INFO|HocusFocusStarDetection.cs|Detect|413|Average HFR: 5.341817455901083, HFR MAD: 0.2991791163747122, Detected Stars 59, Region: 0
2026-07-15T02:22:29.2947|INFO|AutoFocusEngine.cs|StartBlindFocusPoints|841|Enough right trend points (3) with an established minimum (116426) to queue remaining left focus points down to 101426
2026-07-15T02:22:29.3508|INFO|FocuserVM.cs|MoveFocuserInternal|216|Moving Focuser to position 101426
2026-07-15T02:22:35.1856|INFO|CameraVM.cs|Capture|742|Starting Exposure - Exposure Time: 5s; Filter: ; Gain: 910; Offset 99; Binning: 1x1;
2026-07-15T02:22:40.3818|INFO|AutoFocusEngine.cs|StartBlindFocusPoints|896|Waiting on remaining AutoFocus analysis tasks
2026-07-15T02:22:51.2429|INFO|HocusFocusStarDetection.cs|Detect|413|Average HFR: 8.052293818171622, HFR MAD: 0.9577351661155777, Detected Stars 12, Region: 0
2026-07-15T02:22:51.3857|INFO|FocuserVM.cs|MoveFocuserInternal|216|Moving Focuser to position 115892
2026-07-15T02:22:57.6423|INFO|AutoFocusEngine.cs|ValidateCalculatedFocusPosition|1141|Validating HFR at final focus position 115892
2026-07-15T02:22:57.6427|INFO|CameraVM.cs|Capture|742|Starting Exposure - Exposure Time: 5s; Filter: ; Gain: 910; Offset 99; Binning: 1x1;
2026-07-15T02:23:13.8129|INFO|HocusFocusStarDetection.cs|Detect|413|Average HFR: 2.2685085974787937, HFR MAD: 0.2863905163134932, Detected Stars 176, Region: 0
2026-07-15T02:23:13.8134|INFO|HocusFocusVM.cs|AutoFocusEngine_Completed|473|AutoFocus completed with focuser starting at 116426 and ending at 115892
2026-07-15T02:23:13.8148|INFO|FocuserMediator.cs|BroadcastSuccessfulAutoFocusRun|46|Autofocus notification received - Temperature 23.31
2026-07-15T02:23:13.8766|INFO|PHD2Guider.cs|TryStartGuideCommand|641|Phd2 - Requesting to start guiding. Recalibrate: False
2026-07-15T02:23:36.8843|INFO|SequenceItem.cs|Run|254|Finishing Category: Focheggiatore, Item: RunAutofocus
2026-07-15T02:23:36.8845|INFO|SequenceItem.cs|Run|254|Finishing Category: * Set di Istruzioni *, Container: NINA.Sequencer.Container.SequentialContainer, Strategy: SequentialStrategy, Items[FINISHED]: 1
2026-07-15T02:23:36.8846|INFO|SequenceItem.cs|Run|208|Starting Category: Fotocamera, Item: TakeExposure, ExposureTime 600, Gain 910, Offset 99, ImageType LIGHT, Binning 1x1
2026-07-15T02:23:36.8851|INFO|CameraVM.cs|Capture|742|Starting Exposure - Exposure Time: 600s; Filter: ; Gain: 910; Offset 99; Binning: 1x1;
2026-07-15T02:33:37.1197|INFO|SequenceItem.cs|Run|254|Finishing Category: Fotocamera, Item: TakeExposure, ExposureTime 600, Gain 910, Offset 99, ImageType LIGHT, Binning 1x1
2026-07-15T02:33:37.1203|INFO|MeridianFlipTrigger.cs|ShouldTrigger|296|Meridian Flip - (Side of Pier usage is disabled) There is still time remaining. Max remaining time 07:25:47.5793124, next instruction time 0, next instruction Category: Ruota porta filtri, Item: SwitchFilter, Filter: LPRO
2026-07-15T02:33:37.1203|INFO|SequenceItem.cs|Run|208|Starting Category: Ruota porta filtri, Item: SwitchFilter, Filter: LPRO
2026-07-15T02:33:37.1674|INFO|SequenceItem.cs|Run|254|Finishing Category: Ruota porta filtri, Item: SwitchFilter, Filter: LPRO
2026-07-15T02:33:37.1682|INFO|SequenceTrigger.cs|Run|114|Starting Trigger: DitherAfterExposures, After Exposures: 1
2026-07-15T02:33:37.1692|INFO|SequenceItem.cs|Run|208|Starting Category: * Set di Istruzioni *, Container: NINA.Sequencer.Container.SequentialContainer, Strategy: SequentialStrategy, Items[CREATED]: 1
2026-07-15T02:33:37.1693|INFO|SequenceItem.cs|Run|208|Starting Category: Guida, Item: Dither
2026-07-15T02:33:51.0285|INFO|HocusFocusStarDetection.cs|Detect|413|Average HFR: 2.7991932923124763, HFR MAD: 0.2834959619717399, Detected Stars 550, Region: 0
2026-07-15T02:33:52.0101|INFO|BaseImageData.cs|SaveToDisk|346|Saved image to D:\Images NINA\Target\LIGHT_1x1_600.00s_910_99_LDN 1320_Skywatcher quattro 200p__-9.90C__0010_2026-07-15_02-23-36_FWHM_7.24_Fok_115892.xisf
2026-07-15T02:33:52.0102|INFO|ImageSaveController.cs|DoWork|97|Successfully saved file at D:\Images NINA\Target\LIGHT_1x1_600.00s_910_99_LDN 1320_Skywatcher quattro 200p__-9.90C__0010_2026-07-15_02-23-36_FWHM_7.24_Fok_115892.xisf. Duration Total: 00:00:14.0545754; BeforeSave: 00:00:00.0000888; BeforeFinalizeImageSaved: 00:00:13.9191315; FinalizeSaveTime: 00:00:00.1353545
2026-07-15T02:34:08.3480|INFO|SequenceItem.cs|Run|254|Finishing Category: Guida, Item: Dither
2026-07-15T02:34:08.3516|INFO|SequenceItem.cs|Run|254|Finishing Category: * Set di Istruzioni *, Container: NINA.Sequencer.Container.SequentialContainer, Strategy: SequentialStrategy, Items[FINISHED]: 1
2026-07-15T02:34:08.3527|INFO|MeridianFlipTrigger.cs|ShouldTrigger|296|Meridian Flip - (Side of Pier usage is disabled) There is still time remaining. Max remaining time 07:25:09.7147670, next instruction time 600, next instruction Category: Fotocamera, Item: TakeExposure, ExposureTime 600, Gain 910, Offset 99, ImageType LIGHT, Binning 1x1
2026-07-15T02:34:08.3528|INFO|SequenceTrigger.cs|Run|114|Starting Trigger: RestoreGuiding
2026-07-15T02:34:08.3528|INFO|SequenceItem.cs|Run|208|Starting Category: * Set di Istruzioni *, Container: NINA.Sequencer.Container.SequentialContainer, Strategy: SequentialStrategy, Items[CREATED]: 1
2026-07-15T02:34:08.3529|INFO|SequenceItem.cs|Run|208|Starting Category: Guida, Item: StartGuiding
2026-07-15T02:34:08.3885|INFO|PHD2Guider.cs|StartGuidingPrivate|504|Phd2 - App is already guiding. Skipping start guiding
2026-07-15T02:34:08.3887|INFO|SequenceItem.cs|Run|254|Finishing Category: Guida, Item: StartGuiding
2026-07-15T02:34:08.3888|INFO|SequenceItem.cs|Run|254|Finishing Category: * Set di Istruzioni *, Container: NINA.Sequencer.Container.SequentialContainer, Strategy: SequentialStrategy, Items[FINISHED]: 1
2026-07-15T02:34:08.4206|INFO|SequenceTrigger.cs|Run|114|Starting Trigger: AutofocusAfterFilterChange
2026-07-15T02:34:08.4209|INFO|SequenceItem.cs|Run|208|Starting Category: * Set di Istruzioni *, Container: NINA.Sequencer.Container.SequentialContainer, Strategy: SequentialStrategy, Items[CREATED]: 1
2026-07-15T02:34:08.4209|INFO|SequenceItem.cs|Run|208|Starting Category: Focheggiatore, Item: RunAutofocus
2026-07-15T02:34:08.6999|INFO|FocuserMediator.cs|BroadcastAutoFocusRunStarting|92|Autofocus starting notification received
2026-07-15T02:34:09.9075|INFO|AutoFocusEngine.cs|RunAutoFocus|929|Starting AutoFocus with initial position 115892
2026-07-15T02:34:09.9087|INFO|CameraVM.cs|Capture|742|Starting Exposure - Exposure Time: 5s; Filter: ; Gain: 910; Offset 99; Binning: 1x1;
2026-07-15T02:34:15.1772|INFO|AutoFocusEngine.cs|StartBlindFocusPoints|769|Waiting on initial HFR analysis
2026-07-15T02:34:15.1983|INFO|FocuserVM.cs|MoveFocuserInternal|216|Moving Focuser to position 130892
2026-07-15T02:34:21.2138|INFO|CameraVM.cs|Capture|742|Starting Exposure - Exposure Time: 5s; Filter: ; Gain: 910; Offset 99; Binning: 1x1;
2026-07-15T02:34:25.5728|INFO|HocusFocusStarDetection.cs|Detect|413|Average HFR: 2.293254592925113, HFR MAD: 0.24859849681593804, Detected Stars 173, Region: 0
2026-07-15T02:34:26.6151|INFO|FocuserVM.cs|MoveFocuserInternal|216|Moving Focuser to position 125892
2026-07-15T02:34:31.9583|INFO|CameraVM.cs|Capture|742|Starting Exposure - Exposure Time: 5s; Filter: ; Gain: 910; Offset 99; Binning: 1x1;
2026-07-15T02:34:37.2441|INFO|FocuserVM.cs|MoveFocuserInternal|216|Moving Focuser to position 120892
2026-07-15T02:34:38.6233|INFO|HocusFocusStarDetection.cs|Detect|413|Average HFR: 8.949466338108557, HFR MAD: 0.3756323977188174, Detected Stars 14, Region: 0
2026-07-15T02:34:43.8260|INFO|CameraVM.cs|Capture|742|Starting Exposure - Exposure Time: 5s; Filter: ; Gain: 910; Offset 99; Binning: 1x1;
2026-07-15T02:34:48.9559|INFO|HocusFocusStarDetection.cs|Detect|413|Average HFR: 5.885531068531019, HFR MAD: 0.36423229508736377, Detected Stars 59, Region: 0
2026-07-15T02:34:49.0887|INFO|AutoFocusEngine.cs|StartBlindFocusPoints|797|Waiting on initial focuser move analyses
2026-07-15T02:35:00.4322|INFO|HocusFocusStarDetection.cs|Detect|413|Average HFR: 3.2246195057366474, HFR MAD: 0.379631328568216, Detected Stars 139, Region: 0
2026-07-15T02:35:00.5140|INFO|FocuserVM.cs|MoveFocuserInternal|216|Moving Focuser to position 115892
2026-07-15T02:35:05.7628|INFO|CameraVM.cs|Capture|742|Starting Exposure - Exposure Time: 5s; Filter: ; Gain: 910; Offset 99; Binning: 1x1;
2026-07-15T02:35:11.0052|INFO|AutoFocusEngine.cs|StartBlindFocusPoints|870|Waiting on next left movement analysis
2026-07-15T02:35:21.9532|INFO|HocusFocusStarDetection.cs|Detect|413|Average HFR: 2.2004339873226857, HFR MAD: 0.2705781827989666, Detected Stars 173, Region: 0
2026-07-15T02:35:22.0436|INFO|FocuserVM.cs|MoveFocuserInternal|216|Moving Focuser to position 110892
2026-07-15T02:35:27.2622|INFO|CameraVM.cs|Capture|742|Starting Exposure - Exposure Time: 5s; Filter: ; Gain: 910; Offset 99; Binning: 1x1;
2026-07-15T02:35:32.4711|INFO|AutoFocusEngine.cs|StartBlindFocusPoints|870|Waiting on next left movement analysis
2026-07-15T02:35:43.5283|INFO|HocusFocusStarDetection.cs|Detect|413|Average HFR: 3.0560120584132338, HFR MAD: 0.2605270697658191, Detected Stars 134, Region: 0
2026-07-15T02:35:43.6826|INFO|FocuserVM.cs|MoveFocuserInternal|216|Moving Focuser to position 105892
2026-07-15T02:35:49.1674|INFO|CameraVM.cs|Capture|742|Starting Exposure - Exposure Time: 5s; Filter: ; Gain: 910; Offset 99; Binning: 1x1;
2026-07-15T02:35:54.3711|INFO|AutoFocusEngine.cs|StartBlindFocusPoints|870|Waiting on next left movement analysis
2026-07-15T02:36:05.7705|INFO|HocusFocusStarDetection.cs|Detect|413|Average HFR: 5.796946687680015, HFR MAD: 0.23337413914918947, Detected Stars 39, Region: 0
2026-07-15T02:36:05.8969|INFO|AutoFocusEngine.cs|StartBlindFocusPoints|841|Enough right trend points (3) with an established minimum (115892) to queue remaining left focus points down to 100892
2026-07-15T02:36:05.9517|INFO|FocuserVM.cs|MoveFocuserInternal|216|Moving Focuser to position 100892
2026-07-15T02:36:11.2275|INFO|CameraVM.cs|Capture|742|Starting Exposure - Exposure Time: 5s; Filter: ; Gain: 910; Offset 99; Binning: 1x1;
2026-07-15T02:36:16.4395|INFO|AutoFocusEngine.cs|StartBlindFocusPoints|896|Waiting on remaining AutoFocus analysis tasks
2026-07-15T02:36:27.4276|INFO|HocusFocusStarDetection.cs|Detect|413|Average HFR: 8.627648288227897, HFR MAD: 0.30693996500390597, Detected Stars 7, Region: 0
2026-07-15T02:36:27.5065|INFO|FocuserVM.cs|MoveFocuserInternal|216|Moving Focuser to position 115713
2026-07-15T02:36:33.7617|INFO|AutoFocusEngine.cs|ValidateCalculatedFocusPosition|1141|Validating HFR at final focus position 115713
2026-07-15T02:36:33.7620|INFO|CameraVM.cs|Capture|742|Starting Exposure - Exposure Time: 5s; Filter: ; Gain: 910; Offset 99; Binning: 1x1;
2026-07-15T02:36:50.0355|INFO|HocusFocusStarDetection.cs|Detect|413|Average HFR: 2.2610110673679684, HFR MAD: 0.22328410732516213, Detected Stars 182, Region: 0
2026-07-15T02:36:50.0367|INFO|HocusFocusVM.cs|AutoFocusEngine_Completed|473|AutoFocus completed with focuser starting at 115892 and ending at 115713
2026-07-15T02:36:50.0383|INFO|FocuserMediator.cs|BroadcastSuccessfulAutoFocusRun|46|Autofocus notification received - Temperature 23.12
2026-07-15T02:36:50.1093|INFO|PHD2Guider.cs|TryStartGuideCommand|641|Phd2 - Requesting to start guiding. Recalibrate: False
2026-07-15T02:37:10.4153|INFO|SequenceItem.cs|Run|254|Finishing Category: Focheggiatore, Item: RunAutofocus
2026-07-15T02:37:10.4158|INFO|SequenceItem.cs|Run|254|Finishing Category: * Set di Istruzioni *, Container: NINA.Sequencer.Container.SequentialContainer, Strategy: SequentialStrategy, Items[FINISHED]: 1
2026-07-15T02:37:10.4160|INFO|SequenceItem.cs|Run|208|Starting Category: Fotocamera, Item: TakeExposure, ExposureTime 600, Gain 910, Offset 99, ImageType LIGHT, Binning 1x1
2026-07-15T02:37:10.4165|INFO|CameraVM.cs|Capture|742|Starting Exposure - Exposure Time: 600s; Filter: ; Gain: 910; Offset 99; Binning: 1x1;
2026-07-15T02:47:10.8969|INFO|SequenceItem.cs|Run|254|Finishing Category: Fotocamera, Item: TakeExposure, ExposureTime 600, Gain 910, Offset 99, ImageType LIGHT, Binning 1x1
2026-07-15T02:47:10.8973|INFO|MeridianFlipTrigger.cs|ShouldTrigger|296|Meridian Flip - (Side of Pier usage is disabled) There is still time remaining. Max remaining time 07:11:47.2800099, next instruction time 0, next instruction Category: Ruota porta filtri, Item: SwitchFilter, Filter: LPRO
2026-07-15T02:47:10.8974|INFO|SequenceItem.cs|Run|208|Starting Category: Ruota porta filtri, Item: SwitchFilter, Filter: LPRO
2026-07-15T02:47:10.9249|INFO|SequenceItem.cs|Run|254|Finishing Category: Ruota porta filtri, Item: SwitchFilter, Filter: LPRO
2026-07-15T02:47:10.9546|INFO|SequenceTrigger.cs|Run|114|Starting Trigger: DitherAfterExposures, After Exposures: 1
2026-07-15T02:47:10.9548|INFO|SequenceItem.cs|Run|208|Starting Category: * Set di Istruzioni *, Container: NINA.Sequencer.Container.SequentialContainer, Strategy: SequentialStrategy, Items[CREATED]: 1
2026-07-15T02:47:10.9548|INFO|SequenceItem.cs|Run|208|Starting Category: Guida, Item: Dither
2026-07-15T02:47:11.5621|INFO|ImageSolver.cs|Solve|41|Platesolving with parameters: FocalLength: 760 PixelSize: 4.63 SearchRadius: 30 BlindFailoverEnabled: True Regions: 5000 DownSampleFactor: 2 MaxObjects: 500 Reference Coordinates RA: 04:10:44 Dec: 85° 34' 24" Epoch: J2000
2026-07-15T02:47:12.4613|INFO|BaseImageData.cs|SaveToDisk|346|Saved image to C:\Users\PrimaLuceLab\AppData\Local\NINA\PlateSolver\qpbxqjmi.dlu.fits
2026-07-15T02:47:15.2352|INFO|ImageSolver.cs|Solve|54|Platesolve successful: Coordinates: RA: 04:15:29; Dec: 85° 35' 39"; Epoch: J2000 - Position Angle: 274.5068601669105
2026-07-15T02:47:15.2354|INFO|CenterAfterDriftTrigger.cs|PlatesolvingImageFollower_PropertyChanged|189|Drift: 2.3556500019696736 / 3 arc minutes
2026-07-15T02:47:25.8832|INFO|HocusFocusStarDetection.cs|Detect|413|Average HFR: 2.6722634672053944, HFR MAD: 0.24946877731415107, Detected Stars 614, Region: 0
2026-07-15T02:47:26.7738|INFO|BaseImageData.cs|SaveToDisk|346|Saved image to D:\Images NINA\Target\LIGHT_1x1_600.00s_910_99_LDN 1320_Skywatcher quattro 200p__-9.90C__0011_2026-07-15_02-37-10_FWHM_6.96_Fok_115713.xisf
2026-07-15T02:47:26.7739|INFO|ImageSaveController.cs|DoWork|97|Successfully saved file at D:\Images NINA\Target\LIGHT_1x1_600.00s_910_99_LDN 1320_Skywatcher quattro 200p__-9.90C__0011_2026-07-15_02-37-10_FWHM_6.96_Fok_115713.xisf. Duration Total: 00:00:15.2119120; BeforeSave: 00:00:00.0000986; BeforeFinalizeImageSaved: 00:00:15.1085886; FinalizeSaveTime: 00:00:00.1032237
2026-07-15T02:47:48.4065|INFO|SequenceItem.cs|Run|254|Finishing Category: Guida, Item: Dither
2026-07-15T02:47:48.4067|INFO|SequenceItem.cs|Run|254|Finishing Category: * Set di Istruzioni *, Container: NINA.Sequencer.Container.SequentialContainer, Strategy: SequentialStrategy, Items[FINISHED]: 1
2026-07-15T02:47:48.4069|INFO|MeridianFlipTrigger.cs|ShouldTrigger|296|Meridian Flip - (Side of Pier usage is disabled) There is still time remaining. Max remaining time 07:10:56.8646886, next instruction time 600, next instruction Category: Fotocamera, Item: TakeExposure, ExposureTime 600, Gain 910, Offset 99, ImageType LIGHT, Binning 1x1
2026-07-15T02:47:48.4069|INFO|SequenceTrigger.cs|Run|114|Starting Trigger: RestoreGuiding
2026-07-15T02:47:48.4070|INFO|SequenceItem.cs|Run|208|Starting Category: * Set di Istruzioni *, Container: NINA.Sequencer.Container.SequentialContainer, Strategy: SequentialStrategy, Items[CREATED]: 1
2026-07-15T02:47:48.4071|INFO|SequenceItem.cs|Run|208|Starting Category: Guida, Item: StartGuiding
2026-07-15T02:47:48.4516|INFO|PHD2Guider.cs|StartGuidingPrivate|504|Phd2 - App is already guiding. Skipping start guiding
2026-07-15T02:47:48.4518|INFO|SequenceItem.cs|Run|254|Finishing Category: Guida, Item: StartGuiding
2026-07-15T02:47:48.4519|INFO|SequenceItem.cs|Run|254|Finishing Category: * Set di Istruzioni *, Container: NINA.Sequencer.Container.SequentialContainer, Strategy: SequentialStrategy, Items[FINISHED]: 1
2026-07-15T02:47:48.4914|INFO|SequenceTrigger.cs|Run|114|Starting Trigger: AutofocusAfterFilterChange
2026-07-15T02:47:48.4916|INFO|SequenceItem.cs|Run|208|Starting Category: * Set di Istruzioni *, Container: NINA.Sequencer.Container.SequentialContainer, Strategy: SequentialStrategy, Items[CREATED]: 1
2026-07-15T02:47:48.4917|INFO|SequenceItem.cs|Run|208|Starting Category: Focheggiatore, Item: RunAutofocus
2026-07-15T02:47:48.7191|INFO|FocuserMediator.cs|BroadcastAutoFocusRunStarting|92|Autofocus starting notification received
2026-07-15T02:47:50.2668|INFO|AutoFocusEngine.cs|RunAutoFocus|929|Starting AutoFocus with initial position 115713
2026-07-15T02:47:50.3049|INFO|CameraVM.cs|Capture|742|Starting Exposure - Exposure Time: 5s; Filter: ; Gain: 910; Offset 99; Binning: 1x1;
2026-07-15T02:47:55.5014|INFO|AutoFocusEngine.cs|StartBlindFocusPoints|769|Waiting on initial HFR analysis
2026-07-15T02:47:55.5592|INFO|FocuserVM.cs|MoveFocuserInternal|216|Moving Focuser to position 130713
2026-07-15T02:48:01.3079|INFO|CameraVM.cs|Capture|742|Starting Exposure - Exposure Time: 5s; Filter: ; Gain: 910; Offset 99; Binning: 1x1;
2026-07-15T02:48:06.1095|INFO|HocusFocusStarDetection.cs|Detect|413|Average HFR: 2.2506748347823367, HFR MAD: 0.20292067991298346, Detected Stars 175, Region: 0
2026-07-15T02:48:06.5821|INFO|FocuserVM.cs|MoveFocuserInternal|216|Moving Focuser to position 125713
2026-07-15T02:48:12.4239|INFO|CameraVM.cs|Capture|742|Starting Exposure - Exposure Time: 5s; Filter: ; Gain: 910; Offset 99; Binning: 1x1;
2026-07-15T02:48:17.6729|INFO|HocusFocusStarDetection.cs|Detect|413|Average HFR: 8.695130898333051, HFR MAD: 0.44876959217215173, Detected Stars 14, Region: 0
2026-07-15T02:48:17.8858|INFO|FocuserVM.cs|MoveFocuserInternal|216|Moving Focuser to position 120713
2026-07-15T02:48:23.7941|INFO|CameraVM.cs|Capture|742|Starting Exposure - Exposure Time: 5s; Filter: ; Gain: 910; Offset 99; Binning: 1x1;
2026-07-15T02:48:28.8523|INFO|HocusFocusStarDetection.cs|Detect|413|Average HFR: 6.213802338501033, HFR MAD: 0.3569338991730193, Detected Stars 55, Region: 0
2026-07-15T02:48:29.0221|INFO|AutoFocusEngine.cs|StartBlindFocusPoints|797|Waiting on initial focuser move analyses
2026-07-15T02:48:40.5360|INFO|HocusFocusStarDetection.cs|Detect|413|Average HFR: 3.084632046491613, HFR MAD: 0.31536320071795254, Detected Stars 143, Region: 0
2026-07-15T02:48:40.6069|INFO|FocuserVM.cs|MoveFocuserInternal|216|Moving Focuser to position 115713
2026-07-15T02:48:45.8544|INFO|CameraVM.cs|Capture|742|Starting Exposure - Exposure Time: 5s; Filter: ; Gain: 910; Offset 99; Binning: 1x1;
2026-07-15T02:48:51.0420|INFO|AutoFocusEngine.cs|StartBlindFocusPoints|870|Waiting on next left movement analysis
2026-07-15T02:49:02.0339|INFO|HocusFocusStarDetection.cs|Detect|413|Average HFR: 2.1494971717443554, HFR MAD: 0.16771419087635153, Detected Stars 180, Region: 0
2026-07-15T02:49:02.1129|INFO|FocuserVM.cs|MoveFocuserInternal|216|Moving Focuser to position 110713
2026-07-15T02:49:07.3691|INFO|CameraVM.cs|Capture|742|Starting Exposure - Exposure Time: 5s; Filter: ; Gain: 910; Offset 99; Binning: 1x1;
2026-07-15T02:49:12.5732|INFO|AutoFocusEngine.cs|StartBlindFocusPoints|870|Waiting on next left movement analysis
2026-07-15T02:49:23.8640|INFO|HocusFocusStarDetection.cs|Detect|413|Average HFR: 3.1929739054552986, HFR MAD: 0.24352069981765112, Detected Stars 113, Region: 0
2026-07-15T02:49:23.8900|INFO|AutoFocusEngine.cs|StartBlindFocusPoints|841|Enough right trend points (3) with an established minimum (115713) to queue remaining left focus points down to 100713
2026-07-15T02:49:23.9438|INFO|FocuserVM.cs|MoveFocuserInternal|216|Moving Focuser to position 105713
2026-07-15T02:49:29.3681|INFO|CameraVM.cs|Capture|742|Starting Exposure - Exposure Time: 5s; Filter: ; Gain: 910; Offset 99; Binning: 1x1;
2026-07-15T02:49:34.6678|INFO|FocuserVM.cs|MoveFocuserInternal|216|Moving Focuser to position 100713
2026-07-15T02:49:40.5670|INFO|CameraVM.cs|Capture|742|Starting Exposure - Exposure Time: 5s; Filter: ; Gain: 910; Offset 99; Binning: 1x1;
2026-07-15T02:49:46.0265|INFO|AutoFocusEngine.cs|StartBlindFocusPoints|896|Waiting on remaining AutoFocus analysis tasks
2026-07-15T02:49:46.4410|INFO|HocusFocusStarDetection.cs|Detect|413|Average HFR: 6.003102910009082, HFR MAD: 0.3351690527915112, Detected Stars 43, Region: 0
2026-07-15T02:49:57.3257|INFO|HocusFocusStarDetection.cs|Detect|413|Average HFR: 8.483752679486798, HFR MAD: 1.035943050995705, Detected Stars 8, Region: 0
2026-07-15T02:49:57.4455|INFO|FocuserVM.cs|MoveFocuserInternal|216|Moving Focuser to position 115621
2026-07-15T02:50:03.6690|INFO|AutoFocusEngine.cs|ValidateCalculatedFocusPosition|1141|Validating HFR at final focus position 115621
2026-07-15T02:50:03.6694|INFO|CameraVM.cs|Capture|742|Starting Exposure - Exposure Time: 5s; Filter: ; Gain: 910; Offset 99; Binning: 1x1;
2026-07-15T02:50:20.0671|INFO|HocusFocusStarDetection.cs|Detect|413|Average HFR: 2.228604477947278, HFR MAD: 0.2322146240141183, Detected Stars 182, Region: 0
2026-07-15T02:50:20.0680|INFO|HocusFocusVM.cs|AutoFocusEngine_Completed|473|AutoFocus completed with focuser starting at 115713 and ending at 115621
2026-07-15T02:50:20.0695|INFO|FocuserMediator.cs|BroadcastSuccessfulAutoFocusRun|46|Autofocus notification received - Temperature 23.19
2026-07-15T02:50:20.1379|INFO|PHD2Guider.cs|TryStartGuideCommand|641|Phd2 - Requesting to start guiding. Recalibrate: False
2026-07-15T02:50:41.1203|INFO|SequenceItem.cs|Run|254|Finishing Category: Focheggiatore, Item: RunAutofocus
2026-07-15T02:50:41.1205|INFO|SequenceItem.cs|Run|254|Finishing Category: * Set di Istruzioni *, Container: NINA.Sequencer.Container.SequentialContainer, Strategy: SequentialStrategy, Items[FINISHED]: 1
2026-07-15T02:50:41.1206|INFO|SequenceItem.cs|Run|208|Starting Category: Fotocamera, Item: TakeExposure, ExposureTime 600, Gain 910, Offset 99, ImageType LIGHT, Binning 1x1
2026-07-15T02:50:41.1211|INFO|CameraVM.cs|Capture|742|Starting Exposure - Exposure Time: 600s; Filter: ; Gain: 910; Offset 99; Binning: 1x1;
2026-07-15T03:00:41.5697|INFO|SequenceItem.cs|Run|254|Finishing Category: Fotocamera, Item: TakeExposure, ExposureTime 600, Gain 910, Offset 99, ImageType LIGHT, Binning 1x1
2026-07-15T03:00:41.5702|INFO|MeridianFlipTrigger.cs|ShouldTrigger|296|Meridian Flip - (Side of Pier usage is disabled) There is still time remaining. Max remaining time 06:57:46.0234684, next instruction time 0, next instruction Category: Ruota porta filtri, Item: SwitchFilter, Filter: LPRO
2026-07-15T03:00:41.5703|INFO|SequenceItem.cs|Run|208|Starting Category: Ruota porta filtri, Item: SwitchFilter, Filter: LPRO
2026-07-15T03:00:41.6422|INFO|SequenceItem.cs|Run|254|Finishing Category: Ruota porta filtri, Item: SwitchFilter, Filter: LPRO
2026-07-15T03:00:41.6425|INFO|SequenceTrigger.cs|Run|114|Starting Trigger: DitherAfterExposures, After Exposures: 1
2026-07-15T03:00:41.6426|INFO|SequenceItem.cs|Run|208|Starting Category: * Set di Istruzioni *, Container: NINA.Sequencer.Container.SequentialContainer, Strategy: SequentialStrategy, Items[CREATED]: 1
2026-07-15T03:00:41.6428|INFO|SequenceItem.cs|Run|208|Starting Category: Guida, Item: Dither
2026-07-15T03:00:55.8788|INFO|HocusFocusStarDetection.cs|Detect|413|Average HFR: 2.859633993199767, HFR MAD: 0.26552088198985047, Detected Stars 545, Region: 0
2026-07-15T03:00:56.6270|INFO|SequenceItem.cs|Run|254|Finishing Category: Guida, Item: Dither
2026-07-15T03:00:56.6947|INFO|SequenceItem.cs|Run|254|Finishing Category: * Set di Istruzioni *, Container: NINA.Sequencer.Container.SequentialContainer, Strategy: SequentialStrategy, Items[FINISHED]: 1
2026-07-15T03:00:56.6949|INFO|MeridianFlipTrigger.cs|ShouldTrigger|296|Meridian Flip - (Side of Pier usage is disabled) There is still time remaining. Max remaining time 06:57:28.6118160, next instruction time 600, next instruction Category: Fotocamera, Item: TakeExposure, ExposureTime 600, Gain 910, Offset 99, ImageType LIGHT, Binning 1x1
2026-07-15T03:00:56.6950|INFO|SequenceTrigger.cs|Run|114|Starting Trigger: RestoreGuiding
2026-07-15T03:00:56.6951|INFO|SequenceItem.cs|Run|208|Starting Category: * Set di Istruzioni *, Container: NINA.Sequencer.Container.SequentialContainer, Strategy: SequentialStrategy, Items[CREATED]: 1
2026-07-15T03:00:56.6952|INFO|SequenceItem.cs|Run|208|Starting Category: Guida, Item: StartGuiding
2026-07-15T03:00:56.7234|INFO|PHD2Guider.cs|StartGuidingPrivate|504|Phd2 - App is already guiding. Skipping start guiding
2026-07-15T03:00:56.7236|INFO|SequenceItem.cs|Run|254|Finishing Category: Guida, Item: StartGuiding
2026-07-15T03:00:56.7237|INFO|SequenceItem.cs|Run|254|Finishing Category: * Set di Istruzioni *, Container: NINA.Sequencer.Container.SequentialContainer, Strategy: SequentialStrategy, Items[FINISHED]: 1
2026-07-15T03:00:56.7239|INFO|SequenceTrigger.cs|Run|114|Starting Trigger: AutofocusAfterFilterChange
2026-07-15T03:00:56.7243|INFO|SequenceItem.cs|Run|208|Starting Category: * Set di Istruzioni *, Container: NINA.Sequencer.Container.SequentialContainer, Strategy: SequentialStrategy, Items[CREATED]: 1
2026-07-15T03:00:56.7244|INFO|SequenceItem.cs|Run|208|Starting Category: Focheggiatore, Item: RunAutofocus
2026-07-15T03:00:56.8105|INFO|BaseImageData.cs|SaveToDisk|346|Saved image to D:\Images NINA\Target\LIGHT_1x1_600.00s_910_99_LDN 1320_Skywatcher quattro 200p__-9.90C__0012_2026-07-15_02-50-41_FWHM_7.45_Fok_115621.xisf
2026-07-15T03:00:56.8106|INFO|ImageSaveController.cs|DoWork|97|Successfully saved file at D:\Images NINA\Target\LIGHT_1x1_600.00s_910_99_LDN 1320_Skywatcher quattro 200p__-9.90C__0012_2026-07-15_02-50-41_FWHM_7.45_Fok_115621.xisf. Duration Total: 00:00:14.3473513; BeforeSave: 00:00:00.0414667; BeforeFinalizeImageSaved: 00:00:14.1062427; FinalizeSaveTime: 00:00:00.1996412
2026-07-15T03:00:57.7583|INFO|FocuserMediator.cs|BroadcastAutoFocusRunStarting|92|Autofocus starting notification received
2026-07-15T03:01:00.2334|INFO|AutoFocusEngine.cs|RunAutoFocus|929|Starting AutoFocus with initial position 115621
2026-07-15T03:01:00.2351|INFO|CameraVM.cs|Capture|742|Starting Exposure - Exposure Time: 5s; Filter: ; Gain: 910; Offset 99; Binning: 1x1;
2026-07-15T03:01:05.4966|INFO|AutoFocusEngine.cs|StartBlindFocusPoints|769|Waiting on initial HFR analysis
2026-07-15T03:01:05.5876|INFO|FocuserVM.cs|MoveFocuserInternal|216|Moving Focuser to position 130621
2026-07-15T03:01:11.4436|INFO|CameraVM.cs|Capture|742|Starting Exposure - Exposure Time: 5s; Filter: ; Gain: 910; Offset 99; Binning: 1x1;
2026-07-15T03:01:16.2028|INFO|HocusFocusStarDetection.cs|Detect|413|Average HFR: 2.255723730528392, HFR MAD: 0.20651295700403427, Detected Stars 180, Region: 0
2026-07-15T03:01:16.7118|INFO|FocuserVM.cs|MoveFocuserInternal|216|Moving Focuser to position 125621
2026-07-15T03:01:22.6238|INFO|CameraVM.cs|Capture|742|Starting Exposure - Exposure Time: 5s; Filter: ; Gain: 910; Offset 99; Binning: 1x1;
2026-07-15T03:01:27.9448|INFO|HocusFocusStarDetection.cs|Detect|413|Average HFR: 8.789948586910207, HFR MAD: 0.43020067646178717, Detected Stars 15, Region: 0
2026-07-15T03:01:27.9810|INFO|FocuserVM.cs|MoveFocuserInternal|216|Moving Focuser to position 120621
2026-07-15T03:01:33.4970|INFO|CameraVM.cs|Capture|742|Starting Exposure - Exposure Time: 5s; Filter: ; Gain: 910; Offset 99; Binning: 1x1;
2026-07-15T03:01:38.8146|INFO|AutoFocusEngine.cs|StartBlindFocusPoints|797|Waiting on initial focuser move analyses
2026-07-15T03:01:39.7682|INFO|HocusFocusStarDetection.cs|Detect|413|Average HFR: 5.803167299634342, HFR MAD: 0.4007369271133383, Detected Stars 58, Region: 0
2026-07-15T03:01:50.2762|INFO|HocusFocusStarDetection.cs|Detect|413|Average HFR: 3.147310474368362, HFR MAD: 0.386677321608635, Detected Stars 133, Region: 0
2026-07-15T03:01:50.3978|INFO|FocuserVM.cs|MoveFocuserInternal|216|Moving Focuser to position 115621
2026-07-15T03:01:55.6380|INFO|CameraVM.cs|Capture|742|Starting Exposure - Exposure Time: 5s; Filter: ; Gain: 910; Offset 99; Binning: 1x1;
2026-07-15T03:02:00.8344|INFO|AutoFocusEngine.cs|StartBlindFocusPoints|870|Waiting on next left movement analysis
2026-07-15T03:02:11.9108|INFO|HocusFocusStarDetection.cs|Detect|413|Average HFR: 2.268319999800453, HFR MAD: 0.24471961989690572, Detected Stars 182, Region: 0
2026-07-15T03:02:11.9916|INFO|FocuserVM.cs|MoveFocuserInternal|216|Moving Focuser to position 110621
2026-07-15T03:02:17.2745|INFO|CameraVM.cs|Capture|742|Starting Exposure - Exposure Time: 5s; Filter: ; Gain: 910; Offset 99; Binning: 1x1;
2026-07-15T03:02:22.4673|INFO|AutoFocusEngine.cs|StartBlindFocusPoints|870|Waiting on next left movement analysis
2026-07-15T03:02:33.9370|INFO|HocusFocusStarDetection.cs|Detect|413|Average HFR: 3.5349196930525504, HFR MAD: 0.31430306260376506, Detected Stars 95, Region: 0
2026-07-15T03:02:33.9607|INFO|AutoFocusEngine.cs|StartBlindFocusPoints|841|Enough right trend points (3) with an established minimum (115621) to queue remaining left focus points down to 100621
2026-07-15T03:02:34.0952|INFO|FocuserVM.cs|MoveFocuserInternal|216|Moving Focuser to position 105621
2026-07-15T03:02:39.4071|INFO|CameraVM.cs|Capture|742|Starting Exposure - Exposure Time: 5s; Filter: ; Gain: 910; Offset 99; Binning: 1x1;
2026-07-15T03:02:44.8949|INFO|FocuserVM.cs|MoveFocuserInternal|216|Moving Focuser to position 100621
2026-07-15T03:02:51.3373|INFO|CameraVM.cs|Capture|742|Starting Exposure - Exposure Time: 5s; Filter: ; Gain: 910; Offset 99; Binning: 1x1;
2026-07-15T03:02:56.0794|INFO|HocusFocusStarDetection.cs|Detect|413|Average HFR: 5.9284876293806406, HFR MAD: 0.34317889074378627, Detected Stars 33, Region: 0
2026-07-15T03:02:56.6033|INFO|AutoFocusEngine.cs|StartBlindFocusPoints|896|Waiting on remaining AutoFocus analysis tasks
2026-07-15T03:03:07.8923|INFO|HocusFocusStarDetection.cs|Detect|413|Average HFR: 8.409096270678114, HFR MAD: 1.1533435043223843, Detected Stars 11, Region: 0
2026-07-15T03:03:08.0567|INFO|FocuserVM.cs|MoveFocuserInternal|216|Moving Focuser to position 116364
2026-07-15T03:03:15.1752|INFO|AutoFocusEngine.cs|ValidateCalculatedFocusPosition|1141|Validating HFR at final focus position 116364
2026-07-15T03:03:15.1955|INFO|CameraVM.cs|Capture|742|Starting Exposure - Exposure Time: 5s; Filter: ; Gain: 910; Offset 99; Binning: 1x1;
2026-07-15T03:03:31.5755|INFO|HocusFocusStarDetection.cs|Detect|413|Average HFR: 2.3102989498645585, HFR MAD: 0.24020743726410965, Detected Stars 183, Region: 0
2026-07-15T03:03:31.5760|INFO|HocusFocusVM.cs|AutoFocusEngine_Completed|473|AutoFocus completed with focuser starting at 115621 and ending at 116364
2026-07-15T03:03:31.5775|INFO|FocuserMediator.cs|BroadcastSuccessfulAutoFocusRun|46|Autofocus notification received - Temperature 22.46
2026-07-15T03:03:31.6333|INFO|PHD2Guider.cs|TryStartGuideCommand|641|Phd2 - Requesting to start guiding. Recalibrate: False
2026-07-15T03:03:53.7664|INFO|SequenceItem.cs|Run|254|Finishing Category: Focheggiatore, Item: RunAutofocus
2026-07-15T03:03:53.7667|INFO|SequenceItem.cs|Run|254|Finishing Category: * Set di Istruzioni *, Container: NINA.Sequencer.Container.SequentialContainer, Strategy: SequentialStrategy, Items[FINISHED]: 1
2026-07-15T03:03:53.7669|INFO|SequenceItem.cs|Run|208|Starting Category: Fotocamera, Item: TakeExposure, ExposureTime 600, Gain 910, Offset 99, ImageType LIGHT, Binning 1x1
2026-07-15T03:03:53.7674|INFO|CameraVM.cs|Capture|742|Starting Exposure - Exposure Time: 600s; Filter: ; Gain: 910; Offset 99; Binning: 1x1;
2026-07-15T03:13:54.2964|INFO|SequenceItem.cs|Run|254|Finishing Category: Fotocamera, Item: TakeExposure, ExposureTime 600, Gain 910, Offset 99, ImageType LIGHT, Binning 1x1
2026-07-15T03:13:54.2969|INFO|MeridianFlipTrigger.cs|ShouldTrigger|296|Meridian Flip - (Side of Pier usage is disabled) There is still time remaining. Max remaining time 06:44:17.7211132, next instruction time 0, next instruction Category: Ruota porta filtri, Item: SwitchFilter, Filter: LPRO
2026-07-15T03:13:54.2970|INFO|SequenceItem.cs|Run|208|Starting Category: Ruota porta filtri, Item: SwitchFilter, Filter: LPRO
2026-07-15T03:13:54.3664|INFO|SequenceItem.cs|Run|254|Finishing Category: Ruota porta filtri, Item: SwitchFilter, Filter: LPRO
2026-07-15T03:13:54.3667|INFO|SequenceTrigger.cs|Run|114|Starting Trigger: DitherAfterExposures, After Exposures: 1
2026-07-15T03:13:54.3668|INFO|SequenceItem.cs|Run|208|Starting Category: * Set di Istruzioni *, Container: NINA.Sequencer.Container.SequentialContainer, Strategy: SequentialStrategy, Items[CREATED]: 1
2026-07-15T03:13:54.3668|INFO|SequenceItem.cs|Run|208|Starting Category: Guida, Item: Dither
2026-07-15T03:14:07.9347|INFO|HocusFocusStarDetection.cs|Detect|413|Average HFR: 2.872724653410212, HFR MAD: 0.2776836987493967, Detected Stars 591, Region: 0
2026-07-15T03:14:08.8561|INFO|BaseImageData.cs|SaveToDisk|346|Saved image to D:\Images NINA\Target\LIGHT_1x1_600.00s_910_99_LDN 1320_Skywatcher quattro 200p__-9.90C__0013_2026-07-15_03-03-53_FWHM_7.63_Fok_116364.xisf
2026-07-15T03:14:08.8562|INFO|ImageSaveController.cs|DoWork|97|Successfully saved file at D:\Images NINA\Target\LIGHT_1x1_600.00s_910_99_LDN 1320_Skywatcher quattro 200p__-9.90C__0013_2026-07-15_03-03-53_FWHM_7.63_Fok_116364.xisf. Duration Total: 00:00:13.7660665; BeforeSave: 00:00:00.0000947; BeforeFinalizeImageSaved: 00:00:13.6474389; FinalizeSaveTime: 00:00:00.1185320
2026-07-15T03:14:13.9473|INFO|SequenceItem.cs|Run|254|Finishing Category: Guida, Item: Dither
2026-07-15T03:14:13.9475|INFO|SequenceItem.cs|Run|254|Finishing Category: * Set di Istruzioni *, Container: NINA.Sequencer.Container.SequentialContainer, Strategy: SequentialStrategy, Items[FINISHED]: 1
2026-07-15T03:14:13.9476|INFO|MeridianFlipTrigger.cs|ShouldTrigger|296|Meridian Flip - (Side of Pier usage is disabled) There is still time remaining. Max remaining time 06:43:55.1709673, next instruction time 600, next instruction Category: Fotocamera, Item: TakeExposure, ExposureTime 600, Gain 910, Offset 99, ImageType LIGHT, Binning 1x1
2026-07-15T03:14:13.9477|INFO|SequenceTrigger.cs|Run|114|Starting Trigger: RestoreGuiding
2026-07-15T03:14:13.9477|INFO|SequenceItem.cs|Run|208|Starting Category: * Set di Istruzioni *, Container: NINA.Sequencer.Container.SequentialContainer, Strategy: SequentialStrategy, Items[CREATED]: 1
2026-07-15T03:14:13.9478|INFO|SequenceItem.cs|Run|208|Starting Category: Guida, Item: StartGuiding
2026-07-15T03:14:13.9916|INFO|PHD2Guider.cs|StartGuidingPrivate|504|Phd2 - App is already guiding. Skipping start guiding
2026-07-15T03:14:13.9919|INFO|SequenceItem.cs|Run|254|Finishing Category: Guida, Item: StartGuiding
2026-07-15T03:14:13.9920|INFO|SequenceItem.cs|Run|254|Finishing Category: * Set di Istruzioni *, Container: NINA.Sequencer.Container.SequentialContainer, Strategy: SequentialStrategy, Items[FINISHED]: 1
2026-07-15T03:14:14.0215|INFO|SequenceTrigger.cs|Run|114|Starting Trigger: AutofocusAfterFilterChange
2026-07-15T03:14:14.0216|INFO|SequenceItem.cs|Run|208|Starting Category: * Set di Istruzioni *, Container: NINA.Sequencer.Container.SequentialContainer, Strategy: SequentialStrategy, Items[CREATED]: 1
2026-07-15T03:14:14.0217|INFO|SequenceItem.cs|Run|208|Starting Category: Focheggiatore, Item: RunAutofocus
2026-07-15T03:14:14.2846|INFO|FocuserMediator.cs|BroadcastAutoFocusRunStarting|92|Autofocus starting notification received
2026-07-15T03:14:15.7602|INFO|AutoFocusEngine.cs|RunAutoFocus|929|Starting AutoFocus with initial position 116364
2026-07-15T03:14:15.8457|INFO|CameraVM.cs|Capture|742|Starting Exposure - Exposure Time: 5s; Filter: ; Gain: 910; Offset 99; Binning: 1x1;
2026-07-15T03:14:21.1039|INFO|AutoFocusEngine.cs|StartBlindFocusPoints|769|Waiting on initial HFR analysis
2026-07-15T03:14:21.1873|INFO|FocuserVM.cs|MoveFocuserInternal|216|Moving Focuser to position 131364
2026-07-15T03:14:27.2001|INFO|CameraVM.cs|Capture|742|Starting Exposure - Exposure Time: 5s; Filter: ; Gain: 910; Offset 99; Binning: 1x1;
2026-07-15T03:14:31.9710|INFO|HocusFocusStarDetection.cs|Detect|413|Average HFR: 2.2569470950670274, HFR MAD: 0.24135857382730608, Detected Stars 166, Region: 0
2026-07-15T03:14:32.4765|INFO|FocuserVM.cs|MoveFocuserInternal|216|Moving Focuser to position 126364
2026-07-15T03:14:38.2324|INFO|CameraVM.cs|Capture|742|Starting Exposure - Exposure Time: 5s; Filter: ; Gain: 910; Offset 99; Binning: 1x1;
2026-07-15T03:14:43.5295|INFO|HocusFocusStarDetection.cs|Detect|413|Average HFR: 9.150936390322887, HFR MAD: 0.40831699469340244, Detected Stars 15, Region: 0
2026-07-15T03:14:43.5539|INFO|FocuserVM.cs|MoveFocuserInternal|216|Moving Focuser to position 121364
2026-07-15T03:14:49.4767|INFO|CameraVM.cs|Capture|742|Starting Exposure - Exposure Time: 5s; Filter: ; Gain: 910; Offset 99; Binning: 1x1;
2026-07-15T03:14:54.7947|INFO|AutoFocusEngine.cs|StartBlindFocusPoints|797|Waiting on initial focuser move analyses
2026-07-15T03:14:54.7974|INFO|HocusFocusStarDetection.cs|Detect|413|Average HFR: 6.243090314467552, HFR MAD: 0.4577993269685594, Detected Stars 52, Region: 0
2026-07-15T03:15:05.9877|INFO|HocusFocusStarDetection.cs|Detect|413|Average HFR: 3.466063913275323, HFR MAD: 0.38346378633380107, Detected Stars 121, Region: 0
2026-07-15T03:15:06.0579|INFO|FocuserVM.cs|MoveFocuserInternal|216|Moving Focuser to position 116364
2026-07-15T03:15:11.2881|INFO|CameraVM.cs|Capture|742|Starting Exposure - Exposure Time: 5s; Filter: ; Gain: 910; Offset 99; Binning: 1x1;
2026-07-15T03:15:16.4844|INFO|AutoFocusEngine.cs|StartBlindFocusPoints|870|Waiting on next left movement analysis
2026-07-15T03:15:27.6234|INFO|HocusFocusStarDetection.cs|Detect|413|Average HFR: 2.2566622346772065, HFR MAD: 0.2266380872383973, Detected Stars 189, Region: 0
2026-07-15T03:15:27.7104|INFO|FocuserVM.cs|MoveFocuserInternal|216|Moving Focuser to position 111364
2026-07-15T03:15:33.1954|INFO|CameraVM.cs|Capture|742|Starting Exposure - Exposure Time: 5s; Filter: ; Gain: 910; Offset 99; Binning: 1x1;
2026-07-15T03:15:38.3990|INFO|AutoFocusEngine.cs|StartBlindFocusPoints|870|Waiting on next left movement analysis
2026-07-15T03:15:49.4134|INFO|HocusFocusStarDetection.cs|Detect|413|Average HFR: 2.9964971838127403, HFR MAD: 0.33624149180241414, Detected Stars 129, Region: 0
2026-07-15T03:15:49.5756|INFO|FocuserVM.cs|MoveFocuserInternal|216|Moving Focuser to position 106364
2026-07-15T03:15:55.2028|INFO|CameraVM.cs|Capture|742|Starting Exposure - Exposure Time: 5s; Filter: ; Gain: 910; Offset 99; Binning: 1x1;
2026-07-15T03:16:00.3970|INFO|AutoFocusEngine.cs|StartBlindFocusPoints|870|Waiting on next left movement analysis
2026-07-15T03:16:11.6432|INFO|HocusFocusStarDetection.cs|Detect|413|Average HFR: 5.623100552143028, HFR MAD: 0.31097058155916635, Detected Stars 43, Region: 0
2026-07-15T03:16:11.7495|INFO|FocuserVM.cs|MoveFocuserInternal|216|Moving Focuser to position 101364
2026-07-15T03:16:17.1776|INFO|CameraVM.cs|Capture|742|Starting Exposure - Exposure Time: 5s; Filter: ; Gain: 910; Offset 99; Binning: 1x1;
2026-07-15T03:16:22.3706|INFO|AutoFocusEngine.cs|StartBlindFocusPoints|870|Waiting on next left movement analysis
2026-07-15T03:16:33.6223|INFO|HocusFocusStarDetection.cs|Detect|413|Average HFR: 8.494084613652161, HFR MAD: 0.6233018810170705, Detected Stars 7, Region: 0
2026-07-15T03:16:33.6513|INFO|AutoFocusEngine.cs|StartBlindFocusPoints|823|Enough left trend points (3) with an established minimum (116364) to queue remaining right focus points up to 131364
2026-07-15T03:16:33.6514|INFO|AutoFocusEngine.cs|StartBlindFocusPoints|896|Waiting on remaining AutoFocus analysis tasks
2026-07-15T03:16:33.7067|INFO|FocuserVM.cs|MoveFocuserInternal|216|Moving Focuser to position 115676
2026-07-15T03:16:39.9906|INFO|AutoFocusEngine.cs|ValidateCalculatedFocusPosition|1141|Validating HFR at final focus position 115676
2026-07-15T03:16:39.9911|INFO|CameraVM.cs|Capture|742|Starting Exposure - Exposure Time: 5s; Filter: ; Gain: 910; Offset 99; Binning: 1x1;
2026-07-15T03:16:56.5520|INFO|HocusFocusStarDetection.cs|Detect|413|Average HFR: 2.254625070275564, HFR MAD: 0.2612307453318381, Detected Stars 182, Region: 0
2026-07-15T03:16:56.5523|INFO|HocusFocusVM.cs|AutoFocusEngine_Completed|473|AutoFocus completed with focuser starting at 116364 and ending at 115676
2026-07-15T03:16:56.5540|INFO|FocuserMediator.cs|BroadcastSuccessfulAutoFocusRun|46|Autofocus notification received - Temperature 22.44
2026-07-15T03:16:56.6161|INFO|PHD2Guider.cs|TryStartGuideCommand|641|Phd2 - Requesting to start guiding. Recalibrate: False
2026-07-15T03:17:18.3942|INFO|SequenceItem.cs|Run|254|Finishing Category: Focheggiatore, Item: RunAutofocus
2026-07-15T03:17:18.3944|INFO|SequenceItem.cs|Run|254|Finishing Category: * Set di Istruzioni *, Container: NINA.Sequencer.Container.SequentialContainer, Strategy: SequentialStrategy, Items[FINISHED]: 1
2026-07-15T03:17:18.3945|INFO|SequenceItem.cs|Run|208|Starting Category: Fotocamera, Item: TakeExposure, ExposureTime 600, Gain 910, Offset 99, ImageType LIGHT, Binning 1x1
2026-07-15T03:17:18.3951|INFO|CameraVM.cs|Capture|742|Starting Exposure - Exposure Time: 600s; Filter: ; Gain: 910; Offset 99; Binning: 1x1;
2026-07-15T03:27:18.7289|INFO|SequenceItem.cs|Run|254|Finishing Category: Fotocamera, Item: TakeExposure, ExposureTime 600, Gain 910, Offset 99, ImageType LIGHT, Binning 1x1
2026-07-15T03:27:18.7293|INFO|MeridianFlipTrigger.cs|ShouldTrigger|296|Meridian Flip - (Side of Pier usage is disabled) There is still time remaining. Max remaining time 06:30:38.1890224, next instruction time 0, next instruction Category: Ruota porta filtri, Item: SwitchFilter, Filter: LPRO
2026-07-15T03:27:18.7293|INFO|SequenceItem.cs|Run|208|Starting Category: Ruota porta filtri, Item: SwitchFilter, Filter: LPRO
2026-07-15T03:27:18.7636|INFO|SequenceItem.cs|Run|254|Finishing Category: Ruota porta filtri, Item: SwitchFilter, Filter: LPRO
2026-07-15T03:27:18.7639|INFO|SequenceTrigger.cs|Run|114|Starting Trigger: DitherAfterExposures, After Exposures: 1
2026-07-15T03:27:18.7640|INFO|SequenceItem.cs|Run|208|Starting Category: * Set di Istruzioni *, Container: NINA.Sequencer.Container.SequentialContainer, Strategy: SequentialStrategy, Items[CREATED]: 1
2026-07-15T03:27:18.7640|INFO|SequenceItem.cs|Run|208|Starting Category: Guida, Item: Dither
2026-07-15T03:27:19.5452|INFO|ImageSolver.cs|Solve|41|Platesolving with parameters: FocalLength: 760 PixelSize: 4.63 SearchRadius: 30 BlindFailoverEnabled: True Regions: 5000 DownSampleFactor: 2 MaxObjects: 500 Reference Coordinates RA: 04:09:50 Dec: 85° 33' 17" Epoch: J2000
2026-07-15T03:27:20.9818|INFO|BaseImageData.cs|SaveToDisk|346|Saved image to C:\Users\PrimaLuceLab\AppData\Local\NINA\PlateSolver\kjdlw4ap.sjd.fits
2026-07-15T03:27:24.3060|INFO|ImageSolver.cs|Solve|54|Platesolve successful: Coordinates: RA: 04:15:25; Dec: 85° 35' 18"; Epoch: J2000 - Position Angle: 274.7218753249593
2026-07-15T03:27:24.3062|INFO|CenterAfterDriftTrigger.cs|PlatesolvingImageFollower_PropertyChanged|189|Drift: 2.6921051232104247 / 3 arc minutes
2026-07-15T03:27:34.9797|INFO|HocusFocusStarDetection.cs|Detect|413|Average HFR: 2.809237913495343, HFR MAD: 0.2700727284149038, Detected Stars 544, Region: 0
2026-07-15T03:27:35.8695|INFO|BaseImageData.cs|SaveToDisk|346|Saved image to D:\Images NINA\Target\LIGHT_1x1_600.00s_910_99_LDN 1320_Skywatcher quattro 200p__-9.90C__0014_2026-07-15_03-17-18_FWHM_7.21_Fok_115676.xisf
2026-07-15T03:27:35.8696|INFO|ImageSaveController.cs|DoWork|97|Successfully saved file at D:\Images NINA\Target\LIGHT_1x1_600.00s_910_99_LDN 1320_Skywatcher quattro 200p__-9.90C__0014_2026-07-15_03-17-18_FWHM_7.21_Fok_115676.xisf. Duration Total: 00:00:16.3244932; BeforeSave: 00:00:00.0000747; BeforeFinalizeImageSaved: 00:00:16.1757436; FinalizeSaveTime: 00:00:00.1486741
2026-07-15T03:27:49.4185|INFO|SequenceItem.cs|Run|254|Finishing Category: Guida, Item: Dither
2026-07-15T03:27:49.4187|INFO|SequenceItem.cs|Run|254|Finishing Category: * Set di Istruzioni *, Container: NINA.Sequencer.Container.SequentialContainer, Strategy: SequentialStrategy, Items[FINISHED]: 1
2026-07-15T03:27:49.4189|INFO|MeridianFlipTrigger.cs|ShouldTrigger|296|Meridian Flip - (Side of Pier usage is disabled) There is still time remaining. Max remaining time 06:29:57.0333234, next instruction time 600, next instruction Category: Fotocamera, Item: TakeExposure, ExposureTime 600, Gain 910, Offset 99, ImageType LIGHT, Binning 1x1
2026-07-15T03:27:49.4189|INFO|SequenceTrigger.cs|Run|114|Starting Trigger: RestoreGuiding
2026-07-15T03:27:49.4190|INFO|SequenceItem.cs|Run|208|Starting Category: * Set di Istruzioni *, Container: NINA.Sequencer.Container.SequentialContainer, Strategy: SequentialStrategy, Items[CREATED]: 1
2026-07-15T03:27:49.4191|INFO|SequenceItem.cs|Run|208|Starting Category: Guida, Item: StartGuiding
2026-07-15T03:27:49.4634|INFO|PHD2Guider.cs|StartGuidingPrivate|504|Phd2 - App is already guiding. Skipping start guiding
2026-07-15T03:27:49.4635|INFO|SequenceItem.cs|Run|254|Finishing Category: Guida, Item: StartGuiding
2026-07-15T03:27:49.4636|INFO|SequenceItem.cs|Run|254|Finishing Category: * Set di Istruzioni *, Container: NINA.Sequencer.Container.SequentialContainer, Strategy: SequentialStrategy, Items[FINISHED]: 1
2026-07-15T03:27:49.4958|INFO|SequenceTrigger.cs|Run|114|Starting Trigger: AutofocusAfterFilterChange
2026-07-15T03:27:49.4960|INFO|SequenceItem.cs|Run|208|Starting Category: * Set di Istruzioni *, Container: NINA.Sequencer.Container.SequentialContainer, Strategy: SequentialStrategy, Items[CREATED]: 1
2026-07-15T03:27:49.4960|INFO|SequenceItem.cs|Run|208|Starting Category: Focheggiatore, Item: RunAutofocus
2026-07-15T03:27:49.7102|INFO|FocuserMediator.cs|BroadcastAutoFocusRunStarting|92|Autofocus starting notification received
2026-07-15T03:27:50.9610|INFO|AutoFocusEngine.cs|RunAutoFocus|929|Starting AutoFocus with initial position 115676
2026-07-15T03:27:50.9657|INFO|CameraVM.cs|Capture|742|Starting Exposure - Exposure Time: 5s; Filter: ; Gain: 910; Offset 99; Binning: 1x1;
2026-07-15T03:27:56.1673|INFO|AutoFocusEngine.cs|StartBlindFocusPoints|769|Waiting on initial HFR analysis
2026-07-15T03:27:56.2309|INFO|FocuserVM.cs|MoveFocuserInternal|216|Moving Focuser to position 130676
2026-07-15T03:28:01.6734|INFO|CameraVM.cs|Capture|742|Starting Exposure - Exposure Time: 5s; Filter: ; Gain: 910; Offset 99; Binning: 1x1;
2026-07-15T03:28:06.8391|INFO|HocusFocusStarDetection.cs|Detect|413|Average HFR: 2.2165217056218305, HFR MAD: 0.23243022792429446, Detected Stars 167, Region: 0
2026-07-15T03:28:07.1887|INFO|FocuserVM.cs|MoveFocuserInternal|216|Moving Focuser to position 125676
2026-07-15T03:28:13.3077|INFO|CameraVM.cs|Capture|742|Starting Exposure - Exposure Time: 5s; Filter: ; Gain: 910; Offset 99; Binning: 1x1;
2026-07-15T03:28:18.6137|INFO|FocuserVM.cs|MoveFocuserInternal|216|Moving Focuser to position 120676
2026-07-15T03:28:18.8246|INFO|HocusFocusStarDetection.cs|Detect|413|Average HFR: 8.533363544564802, HFR MAD: 0.5574137953629901, Detected Stars 19, Region: 0
2026-07-15T03:28:24.7562|INFO|CameraVM.cs|Capture|742|Starting Exposure - Exposure Time: 5s; Filter: ; Gain: 910; Offset 99; Binning: 1x1;
2026-07-15T03:28:30.1350|INFO|HocusFocusStarDetection.cs|Detect|413|Average HFR: 5.430634780396344, HFR MAD: 0.3627063113247848, Detected Stars 66, Region: 0
2026-07-15T03:28:30.2266|INFO|AutoFocusEngine.cs|StartBlindFocusPoints|797|Waiting on initial focuser move analyses
2026-07-15T03:28:41.3109|INFO|HocusFocusStarDetection.cs|Detect|413|Average HFR: 3.2868541983378785, HFR MAD: 0.385053216503783, Detected Stars 135, Region: 0
2026-07-15T03:28:41.3836|INFO|FocuserVM.cs|MoveFocuserInternal|216|Moving Focuser to position 115676
2026-07-15T03:28:47.1802|INFO|CameraVM.cs|Capture|742|Starting Exposure - Exposure Time: 5s; Filter: ; Gain: 910; Offset 99; Binning: 1x1;
2026-07-15T03:28:52.3728|INFO|AutoFocusEngine.cs|StartBlindFocusPoints|870|Waiting on next left movement analysis
2026-07-15T03:29:03.5884|INFO|HocusFocusStarDetection.cs|Detect|413|Average HFR: 2.2789502383059235, HFR MAD: 0.22306728162430733, Detected Stars 167, Region: 0
2026-07-15T03:29:03.6660|INFO|FocuserVM.cs|MoveFocuserInternal|216|Moving Focuser to position 110676
2026-07-15T03:29:09.1893|INFO|CameraVM.cs|Capture|742|Starting Exposure - Exposure Time: 5s; Filter: ; Gain: 910; Offset 99; Binning: 1x1;
2026-07-15T03:29:14.4230|INFO|AutoFocusEngine.cs|StartBlindFocusPoints|870|Waiting on next left movement analysis
2026-07-15T03:29:25.6120|INFO|HocusFocusStarDetection.cs|Detect|413|Average HFR: 3.2770184600171186, HFR MAD: 0.26893581186854654, Detected Stars 106, Region: 0
2026-07-15T03:29:25.7029|INFO|AutoFocusEngine.cs|StartBlindFocusPoints|841|Enough right trend points (3) with an established minimum (115676) to queue remaining left focus points down to 100676
2026-07-15T03:29:25.7657|INFO|FocuserVM.cs|MoveFocuserInternal|216|Moving Focuser to position 105676
2026-07-15T03:29:31.1610|INFO|CameraVM.cs|Capture|742|Starting Exposure - Exposure Time: 5s; Filter: ; Gain: 910; Offset 99; Binning: 1x1;
2026-07-15T03:29:36.4355|INFO|FocuserVM.cs|MoveFocuserInternal|216|Moving Focuser to position 100676
2026-07-15T03:29:42.1271|INFO|CameraVM.cs|Capture|742|Starting Exposure - Exposure Time: 5s; Filter: ; Gain: 910; Offset 99; Binning: 1x1;
2026-07-15T03:29:47.3546|INFO|AutoFocusEngine.cs|StartBlindFocusPoints|896|Waiting on remaining AutoFocus analysis tasks
2026-07-15T03:29:47.5564|INFO|HocusFocusStarDetection.cs|Detect|413|Average HFR: 5.889113310286422, HFR MAD: 0.2529579737967076, Detected Stars 19, Region: 0
2026-07-15T03:29:58.5962|INFO|HocusFocusStarDetection.cs|Detect|413|Average HFR: 2.7948535441936815, HFR MAD: 0.12321543731645201, Detected Stars 13, Region: 0
2026-07-15T03:29:58.6863|INFO|FocuserVM.cs|MoveFocuserInternal|216|Moving Focuser to position 115278
2026-07-15T03:30:05.1578|INFO|AutoFocusEngine.cs|ValidateCalculatedFocusPosition|1141|Validating HFR at final focus position 115278
2026-07-15T03:30:05.1581|INFO|CameraVM.cs|Capture|742|Starting Exposure - Exposure Time: 5s; Filter: ; Gain: 910; Offset 99; Binning: 1x1;
2026-07-15T03:30:21.3914|INFO|HocusFocusStarDetection.cs|Detect|413|Average HFR: 2.2977288598217336, HFR MAD: 0.22429650103171106, Detected Stars 168, Region: 0
2026-07-15T03:30:21.3920|INFO|HocusFocusVM.cs|AutoFocusEngine_Completed|473|AutoFocus completed with focuser starting at 115676 and ending at 115278
2026-07-15T03:30:21.3937|INFO|FocuserMediator.cs|BroadcastSuccessfulAutoFocusRun|46|Autofocus notification received - Temperature 22.54
2026-07-15T03:30:21.4399|INFO|PHD2Guider.cs|TryStartGuideCommand|641|Phd2 - Requesting to start guiding. Recalibrate: False
2026-07-15T03:30:42.3041|INFO|SequenceItem.cs|Run|254|Finishing Category: Focheggiatore, Item: RunAutofocus
2026-07-15T03:30:42.3043|INFO|SequenceItem.cs|Run|254|Finishing Category: * Set di Istruzioni *, Container: NINA.Sequencer.Container.SequentialContainer, Strategy: SequentialStrategy, Items[FINISHED]: 1
2026-07-15T03:30:42.3044|INFO|SequenceItem.cs|Run|208|Starting Category: Fotocamera, Item: TakeExposure, ExposureTime 600, Gain 910, Offset 99, ImageType LIGHT, Binning 1x1
2026-07-15T03:30:42.3049|INFO|CameraVM.cs|Capture|742|Starting Exposure - Exposure Time: 600s; Filter: ; Gain: 910; Offset 99; Binning: 1x1;
2026-07-15T03:40:42.6835|INFO|SequenceItem.cs|Run|254|Finishing Category: Fotocamera, Item: TakeExposure, ExposureTime 600, Gain 910, Offset 99, ImageType LIGHT, Binning 1x1
2026-07-15T03:40:42.6839|INFO|MeridianFlipTrigger.cs|ShouldTrigger|296|Meridian Flip - (Side of Pier usage is disabled) There is still time remaining. Max remaining time 06:16:45.0022449, next instruction time 0, next instruction Category: Ruota porta filtri, Item: SwitchFilter, Filter: LPRO
2026-07-15T03:40:42.6840|INFO|SequenceItem.cs|Run|208|Starting Category: Ruota porta filtri, Item: SwitchFilter, Filter: LPRO
2026-07-15T03:40:42.6851|INFO|SequenceItem.cs|Run|254|Finishing Category: Ruota porta filtri, Item: SwitchFilter, Filter: LPRO
2026-07-15T03:40:42.6854|INFO|SequenceTrigger.cs|Run|114|Starting Trigger: DitherAfterExposures, After Exposures: 1
2026-07-15T03:40:42.6855|INFO|SequenceItem.cs|Run|208|Starting Category: * Set di Istruzioni *, Container: NINA.Sequencer.Container.SequentialContainer, Strategy: SequentialStrategy, Items[CREATED]: 1
2026-07-15T03:40:42.6855|INFO|SequenceItem.cs|Run|208|Starting Category: Guida, Item: Dither
2026-07-15T03:40:56.3224|INFO|HocusFocusStarDetection.cs|Detect|413|Average HFR: 2.744623819334352, HFR MAD: 0.26462815933509454, Detected Stars 561, Region: 0
2026-07-15T03:40:57.3972|INFO|BaseImageData.cs|SaveToDisk|346|Saved image to D:\Images NINA\Target\LIGHT_1x1_600.00s_910_99_LDN 1320_Skywatcher quattro 200p__-9.90C__0015_2026-07-15_03-30-42_FWHM_7.15_Fok_115278.xisf
2026-07-15T03:40:57.3974|INFO|ImageSaveController.cs|DoWork|97|Successfully saved file at D:\Images NINA\Target\LIGHT_1x1_600.00s_910_99_LDN 1320_Skywatcher quattro 200p__-9.90C__0015_2026-07-15_03-30-42_FWHM_7.15_Fok_115278.xisf. Duration Total: 00:00:14.0821878; BeforeSave: 00:00:00.0000914; BeforeFinalizeImageSaved: 00:00:13.9250892; FinalizeSaveTime: 00:00:00.1570065
2026-07-15T03:41:00.9087|INFO|SequenceItem.cs|Run|254|Finishing Category: Guida, Item: Dither
2026-07-15T03:41:00.9090|INFO|SequenceItem.cs|Run|254|Finishing Category: * Set di Istruzioni *, Container: NINA.Sequencer.Container.SequentialContainer, Strategy: SequentialStrategy, Items[FINISHED]: 1
2026-07-15T03:41:00.9565|INFO|MeridianFlipTrigger.cs|ShouldTrigger|296|Meridian Flip - (Side of Pier usage is disabled) There is still time remaining. Max remaining time 06:16:26.1114147, next instruction time 600, next instruction Category: Fotocamera, Item: TakeExposure, ExposureTime 600, Gain 910, Offset 99, ImageType LIGHT, Binning 1x1
2026-07-15T03:41:00.9566|INFO|SequenceTrigger.cs|Run|114|Starting Trigger: RestoreGuiding
2026-07-15T03:41:00.9567|INFO|SequenceItem.cs|Run|208|Starting Category: * Set di Istruzioni *, Container: NINA.Sequencer.Container.SequentialContainer, Strategy: SequentialStrategy, Items[CREATED]: 1
2026-07-15T03:41:00.9568|INFO|SequenceItem.cs|Run|208|Starting Category: Guida, Item: StartGuiding
2026-07-15T03:41:01.0109|INFO|PHD2Guider.cs|StartGuidingPrivate|504|Phd2 - App is already guiding. Skipping start guiding
2026-07-15T03:41:01.0110|INFO|SequenceItem.cs|Run|254|Finishing Category: Guida, Item: StartGuiding
2026-07-15T03:41:01.0111|INFO|SequenceItem.cs|Run|254|Finishing Category: * Set di Istruzioni *, Container: NINA.Sequencer.Container.SequentialContainer, Strategy: SequentialStrategy, Items[FINISHED]: 1
2026-07-15T03:41:01.0113|INFO|SequenceTrigger.cs|Run|114|Starting Trigger: AutofocusAfterFilterChange
2026-07-15T03:41:01.0114|INFO|SequenceItem.cs|Run|208|Starting Category: * Set di Istruzioni *, Container: NINA.Sequencer.Container.SequentialContainer, Strategy: SequentialStrategy, Items[CREATED]: 1
2026-07-15T03:41:01.0115|INFO|SequenceItem.cs|Run|208|Starting Category: Focheggiatore, Item: RunAutofocus
2026-07-15T03:41:01.3000|INFO|FocuserMediator.cs|BroadcastAutoFocusRunStarting|92|Autofocus starting notification received
2026-07-15T03:41:02.4375|INFO|AutoFocusEngine.cs|RunAutoFocus|929|Starting AutoFocus with initial position 115278
2026-07-15T03:41:02.4440|INFO|CameraVM.cs|Capture|742|Starting Exposure - Exposure Time: 5s; Filter: ; Gain: 910; Offset 99; Binning: 1x1;
2026-07-15T03:41:07.6677|INFO|AutoFocusEngine.cs|StartBlindFocusPoints|769|Waiting on initial HFR analysis
2026-07-15T03:41:07.7253|INFO|FocuserVM.cs|MoveFocuserInternal|216|Moving Focuser to position 130278
2026-07-15T03:41:13.3152|INFO|CameraVM.cs|Capture|742|Starting Exposure - Exposure Time: 5s; Filter: ; Gain: 910; Offset 99; Binning: 1x1;
2026-07-15T03:41:18.4640|INFO|HocusFocusStarDetection.cs|Detect|413|Average HFR: 2.345239736454897, HFR MAD: 0.23115600749675158, Detected Stars 159, Region: 0
2026-07-15T03:41:18.6836|INFO|FocuserVM.cs|MoveFocuserInternal|216|Moving Focuser to position 125278
2026-07-15T03:41:24.9488|INFO|CameraVM.cs|Capture|742|Starting Exposure - Exposure Time: 5s; Filter: ; Gain: 910; Offset 99; Binning: 1x1;
2026-07-15T03:41:30.5218|INFO|HocusFocusStarDetection.cs|Detect|413|Average HFR: 7.904572213408103, HFR MAD: 0.5691063492515882, Detected Stars 22, Region: 0
2026-07-15T03:41:30.5611|INFO|FocuserVM.cs|MoveFocuserInternal|216|Moving Focuser to position 120278
2026-07-15T03:41:37.3160|INFO|CameraVM.cs|Capture|742|Starting Exposure - Exposure Time: 5s; Filter: ; Gain: 910; Offset 99; Binning: 1x1;
2026-07-15T03:41:41.8803|INFO|HocusFocusStarDetection.cs|Detect|413|Average HFR: 5.362512961920872, HFR MAD: 0.4036918344186713, Detected Stars 64, Region: 0
2026-07-15T03:41:42.6148|INFO|AutoFocusEngine.cs|StartBlindFocusPoints|797|Waiting on initial focuser move analyses
2026-07-15T03:41:53.8767|INFO|HocusFocusStarDetection.cs|Detect|413|Average HFR: 3.0198163720566917, HFR MAD: 0.27208579798838883, Detected Stars 148, Region: 0
2026-07-15T03:41:54.0086|INFO|FocuserVM.cs|MoveFocuserInternal|216|Moving Focuser to position 115278
2026-07-15T03:41:59.2736|INFO|CameraVM.cs|Capture|742|Starting Exposure - Exposure Time: 5s; Filter: ; Gain: 910; Offset 99; Binning: 1x1;
2026-07-15T03:42:04.4759|INFO|AutoFocusEngine.cs|StartBlindFocusPoints|870|Waiting on next left movement analysis
2026-07-15T03:42:15.4832|INFO|HocusFocusStarDetection.cs|Detect|413|Average HFR: 2.343008666017683, HFR MAD: 0.2384771805374455, Detected Stars 164, Region: 0
2026-07-15T03:42:15.6054|INFO|FocuserVM.cs|MoveFocuserInternal|216|Moving Focuser to position 110278
2026-07-15T03:42:21.1963|INFO|CameraVM.cs|Capture|742|Starting Exposure - Exposure Time: 5s; Filter: ; Gain: 910; Offset 99; Binning: 1x1;
2026-07-15T03:42:26.3940|INFO|AutoFocusEngine.cs|StartBlindFocusPoints|870|Waiting on next left movement analysis
2026-07-15T03:42:38.0312|INFO|HocusFocusStarDetection.cs|Detect|413|Average HFR: 3.8774073700997986, HFR MAD: 0.3323211187199977, Detected Stars 90, Region: 0
2026-07-15T03:42:38.1280|INFO|AutoFocusEngine.cs|StartBlindFocusPoints|841|Enough right trend points (3) with an established minimum (115278) to queue remaining left focus points down to 100278
2026-07-15T03:42:38.1814|INFO|FocuserVM.cs|MoveFocuserInternal|216|Moving Focuser to position 105278
2026-07-15T03:42:43.5835|INFO|CameraVM.cs|Capture|742|Starting Exposure - Exposure Time: 5s; Filter: ; Gain: 910; Offset 99; Binning: 1x1;
2026-07-15T03:42:48.8344|INFO|FocuserVM.cs|MoveFocuserInternal|216|Moving Focuser to position 100278
2026-07-15T03:42:54.8841|INFO|CameraVM.cs|Capture|742|Starting Exposure - Exposure Time: 5s; Filter: ; Gain: 910; Offset 99; Binning: 1x1;
2026-07-15T03:43:00.2019|INFO|AutoFocusEngine.cs|StartBlindFocusPoints|896|Waiting on remaining AutoFocus analysis tasks
2026-07-15T03:43:00.4375|INFO|HocusFocusStarDetection.cs|Detect|413|Average HFR: 6.360463043311824, HFR MAD: 0.2929759259856093, Detected Stars 37, Region: 0
2026-07-15T03:43:11.8234|INFO|HocusFocusStarDetection.cs|Detect|413|Average HFR: 9.262941168376885, HFR MAD: 0.07394595571883222, Detected Stars 7, Region: 0
2026-07-15T03:43:11.8982|INFO|FocuserVM.cs|MoveFocuserInternal|216|Moving Focuser to position 116231
2026-07-15T03:43:19.1935|INFO|AutoFocusEngine.cs|ValidateCalculatedFocusPosition|1141|Validating HFR at final focus position 116231
2026-07-15T03:43:19.1971|INFO|CameraVM.cs|Capture|742|Starting Exposure - Exposure Time: 5s; Filter: ; Gain: 910; Offset 99; Binning: 1x1;
2026-07-15T03:43:35.7714|INFO|HocusFocusStarDetection.cs|Detect|413|Average HFR: 2.2445386038326554, HFR MAD: 0.2220381825501092, Detected Stars 185, Region: 0
2026-07-15T03:43:35.7720|INFO|HocusFocusVM.cs|AutoFocusEngine_Completed|473|AutoFocus completed with focuser starting at 115278 and ending at 116231
2026-07-15T03:43:35.7864|INFO|FocuserMediator.cs|BroadcastSuccessfulAutoFocusRun|46|Autofocus notification received - Temperature 22.06
2026-07-15T03:43:35.9051|INFO|PHD2Guider.cs|TryStartGuideCommand|641|Phd2 - Requesting to start guiding. Recalibrate: False
2026-07-15T03:43:56.9302|INFO|SequenceItem.cs|Run|254|Finishing Category: Focheggiatore, Item: RunAutofocus
2026-07-15T03:43:56.9304|INFO|SequenceItem.cs|Run|254|Finishing Category: * Set di Istruzioni *, Container: NINA.Sequencer.Container.SequentialContainer, Strategy: SequentialStrategy, Items[FINISHED]: 1
2026-07-15T03:43:56.9306|INFO|SequenceItem.cs|Run|208|Starting Category: Fotocamera, Item: TakeExposure, ExposureTime 600, Gain 910, Offset 99, ImageType LIGHT, Binning 1x1
2026-07-15T03:43:56.9311|INFO|CameraVM.cs|Capture|742|Starting Exposure - Exposure Time: 600s; Filter: ; Gain: 910; Offset 99; Binning: 1x1;
2026-07-15T03:53:57.3278|INFO|SequenceItem.cs|Run|254|Finishing Category: Fotocamera, Item: TakeExposure, ExposureTime 600, Gain 910, Offset 99, ImageType LIGHT, Binning 1x1
2026-07-15T03:53:57.3282|INFO|MeridianFlipTrigger.cs|ShouldTrigger|296|Meridian Flip - (Side of Pier usage is disabled) There is still time remaining. Max remaining time 06:03:16.5549698, next instruction time 0, next instruction Category: Ruota porta filtri, Item: SwitchFilter, Filter: LPRO
2026-07-15T03:53:57.3283|INFO|SequenceItem.cs|Run|208|Starting Category: Ruota porta filtri, Item: SwitchFilter, Filter: LPRO
2026-07-15T03:53:57.3289|INFO|SequenceItem.cs|Run|254|Finishing Category: Ruota porta filtri, Item: SwitchFilter, Filter: LPRO
2026-07-15T03:53:57.3290|INFO|SequenceTrigger.cs|Run|114|Starting Trigger: DitherAfterExposures, After Exposures: 1
2026-07-15T03:53:57.3292|INFO|SequenceItem.cs|Run|208|Starting Category: * Set di Istruzioni *, Container: NINA.Sequencer.Container.SequentialContainer, Strategy: SequentialStrategy, Items[CREATED]: 1
2026-07-15T03:53:57.3293|INFO|SequenceItem.cs|Run|208|Starting Category: Guida, Item: Dither
2026-07-15T03:54:11.6595|INFO|HocusFocusStarDetection.cs|Detect|413|Average HFR: 2.6232935777824906, HFR MAD: 0.2729375423193985, Detected Stars 656, Region: 0
2026-07-15T03:54:12.5788|INFO|BaseImageData.cs|SaveToDisk|346|Saved image to D:\Images NINA\Target\LIGHT_1x1_600.00s_910_99_LDN 1320_Skywatcher quattro 200p__-10.00C__0016_2026-07-15_03-43-56_FWHM_7.04_Fok_116231.xisf
2026-07-15T03:54:12.5789|INFO|ImageSaveController.cs|DoWork|97|Successfully saved file at D:\Images NINA\Target\LIGHT_1x1_600.00s_910_99_LDN 1320_Skywatcher quattro 200p__-10.00C__0016_2026-07-15_03-43-56_FWHM_7.04_Fok_116231.xisf. Duration Total: 00:00:14.3695341; BeforeSave: 00:00:00.0522829; BeforeFinalizeImageSaved: 00:00:14.1334051; FinalizeSaveTime: 00:00:00.1838451
2026-07-15T03:54:26.5947|INFO|SequenceItem.cs|Run|254|Finishing Category: Guida, Item: Dither
2026-07-15T03:54:26.5949|INFO|SequenceItem.cs|Run|254|Finishing Category: * Set di Istruzioni *, Container: NINA.Sequencer.Container.SequentialContainer, Strategy: SequentialStrategy, Items[FINISHED]: 1
2026-07-15T03:54:26.5951|INFO|MeridianFlipTrigger.cs|ShouldTrigger|296|Meridian Flip - (Side of Pier usage is disabled) There is still time remaining. Max remaining time 06:02:35.0833132, next instruction time 600, next instruction Category: Fotocamera, Item: TakeExposure, ExposureTime 600, Gain 910, Offset 99, ImageType LIGHT, Binning 1x1
2026-07-15T03:54:26.5951|INFO|SequenceTrigger.cs|Run|114|Starting Trigger: RestoreGuiding
2026-07-15T03:54:26.5952|INFO|SequenceItem.cs|Run|208|Starting Category: * Set di Istruzioni *, Container: NINA.Sequencer.Container.SequentialContainer, Strategy: SequentialStrategy, Items[CREATED]: 1
2026-07-15T03:54:26.5953|INFO|SequenceItem.cs|Run|208|Starting Category: Guida, Item: StartGuiding
2026-07-15T03:54:26.6407|INFO|PHD2Guider.cs|StartGuidingPrivate|504|Phd2 - App is already guiding. Skipping start guiding
2026-07-15T03:54:26.6409|INFO|SequenceItem.cs|Run|254|Finishing Category: Guida, Item: StartGuiding
2026-07-15T03:54:26.6411|INFO|SequenceItem.cs|Run|254|Finishing Category: * Set di Istruzioni *, Container: NINA.Sequencer.Container.SequentialContainer, Strategy: SequentialStrategy, Items[FINISHED]: 1
2026-07-15T03:54:26.6413|INFO|SequenceTrigger.cs|Run|114|Starting Trigger: AutofocusAfterFilterChange
2026-07-15T03:54:26.6414|INFO|SequenceItem.cs|Run|208|Starting Category: * Set di Istruzioni *, Container: NINA.Sequencer.Container.SequentialContainer, Strategy: SequentialStrategy, Items[CREATED]: 1
2026-07-15T03:54:26.6415|INFO|SequenceItem.cs|Run|208|Starting Category: Focheggiatore, Item: RunAutofocus
2026-07-15T03:54:26.9931|INFO|FocuserMediator.cs|BroadcastAutoFocusRunStarting|92|Autofocus starting notification received
2026-07-15T03:54:28.1229|INFO|AutoFocusEngine.cs|RunAutoFocus|929|Starting AutoFocus with initial position 116231
2026-07-15T03:54:28.1393|INFO|CameraVM.cs|Capture|742|Starting Exposure - Exposure Time: 5s; Filter: ; Gain: 910; Offset 99; Binning: 1x1;
2026-07-15T03:54:33.3647|INFO|AutoFocusEngine.cs|StartBlindFocusPoints|769|Waiting on initial HFR analysis
2026-07-15T03:54:33.4186|INFO|FocuserVM.cs|MoveFocuserInternal|216|Moving Focuser to position 131231
2026-07-15T03:54:39.2593|INFO|CameraVM.cs|Capture|742|Starting Exposure - Exposure Time: 5s; Filter: ; Gain: 910; Offset 99; Binning: 1x1;
2026-07-15T03:54:44.0163|INFO|HocusFocusStarDetection.cs|Detect|413|Average HFR: 2.2182143188742907, HFR MAD: 0.2206266450387835, Detected Stars 173, Region: 0
2026-07-15T03:54:44.5379|INFO|FocuserVM.cs|MoveFocuserInternal|216|Moving Focuser to position 126231
2026-07-15T03:54:50.3522|INFO|CameraVM.cs|Capture|742|Starting Exposure - Exposure Time: 5s; Filter: ; Gain: 910; Offset 99; Binning: 1x1;
2026-07-15T03:54:55.5875|INFO|HocusFocusStarDetection.cs|Detect|413|Average HFR: 9.036114990479698, HFR MAD: 0.20874743938545492, Detected Stars 11, Region: 0
2026-07-15T03:54:55.6557|INFO|FocuserVM.cs|MoveFocuserInternal|216|Moving Focuser to position 121231
2026-07-15T03:55:01.8812|INFO|CameraVM.cs|Capture|742|Starting Exposure - Exposure Time: 5s; Filter: ; Gain: 910; Offset 99; Binning: 1x1;
2026-07-15T03:55:06.9557|INFO|HocusFocusStarDetection.cs|Detect|413|Average HFR: 5.8774751003815915, HFR MAD: 0.2963126120417199, Detected Stars 59, Region: 0
2026-07-15T03:55:07.0963|INFO|AutoFocusEngine.cs|StartBlindFocusPoints|797|Waiting on initial focuser move analyses
2026-07-15T03:55:18.2401|INFO|HocusFocusStarDetection.cs|Detect|413|Average HFR: 3.139084978834744, HFR MAD: 0.3211204243277823, Detected Stars 146, Region: 0
2026-07-15T03:55:18.4069|INFO|FocuserVM.cs|MoveFocuserInternal|216|Moving Focuser to position 116231
2026-07-15T03:55:23.6597|INFO|CameraVM.cs|Capture|742|Starting Exposure - Exposure Time: 5s; Filter: ; Gain: 910; Offset 99; Binning: 1x1;
2026-07-15T03:55:28.8753|INFO|AutoFocusEngine.cs|StartBlindFocusPoints|870|Waiting on next left movement analysis
2026-07-15T03:55:40.2917|INFO|HocusFocusStarDetection.cs|Detect|413|Average HFR: 2.2559978268734935, HFR MAD: 0.207822055042731, Detected Stars 181, Region: 0
2026-07-15T03:55:40.3673|INFO|FocuserVM.cs|MoveFocuserInternal|216|Moving Focuser to position 111231
2026-07-15T03:55:45.6043|INFO|CameraVM.cs|Capture|742|Starting Exposure - Exposure Time: 5s; Filter: ; Gain: 910; Offset 99; Binning: 1x1;
2026-07-15T03:55:50.8662|INFO|AutoFocusEngine.cs|StartBlindFocusPoints|870|Waiting on next left movement analysis
2026-07-15T03:56:02.2533|INFO|HocusFocusStarDetection.cs|Detect|413|Average HFR: 3.3034562746950082, HFR MAD: 0.30611497267002763, Detected Stars 143, Region: 0
2026-07-15T03:56:02.3382|INFO|FocuserVM.cs|MoveFocuserInternal|216|Moving Focuser to position 106231
2026-07-15T03:56:07.6347|INFO|CameraVM.cs|Capture|742|Starting Exposure - Exposure Time: 5s; Filter: ; Gain: 910; Offset 99; Binning: 1x1;
2026-07-15T03:56:12.8328|INFO|AutoFocusEngine.cs|StartBlindFocusPoints|870|Waiting on next left movement analysis
2026-07-15T03:56:23.8223|INFO|HocusFocusStarDetection.cs|Detect|413|Average HFR: 5.774992138118481, HFR MAD: 0.39816504799617825, Detected Stars 29, Region: 0
2026-07-15T03:56:23.8709|INFO|AutoFocusEngine.cs|StartBlindFocusPoints|841|Enough right trend points (3) with an established minimum (116231) to queue remaining left focus points down to 101231
2026-07-15T03:56:23.9250|INFO|FocuserVM.cs|MoveFocuserInternal|216|Moving Focuser to position 101231
2026-07-15T03:56:29.1909|INFO|CameraVM.cs|Capture|742|Starting Exposure - Exposure Time: 5s; Filter: ; Gain: 910; Offset 99; Binning: 1x1;
2026-07-15T03:56:34.3836|INFO|AutoFocusEngine.cs|StartBlindFocusPoints|896|Waiting on remaining AutoFocus analysis tasks
2026-07-15T03:56:45.5353|INFO|HocusFocusStarDetection.cs|Detect|413|Average HFR: 8.153646411332797, HFR MAD: 1.0294176102657904, Detected Stars 10, Region: 0
2026-07-15T03:56:45.6230|INFO|FocuserVM.cs|MoveFocuserInternal|216|Moving Focuser to position 116840
2026-07-15T03:56:52.0081|INFO|AutoFocusEngine.cs|ValidateCalculatedFocusPosition|1141|Validating HFR at final focus position 116840
2026-07-15T03:56:52.0085|INFO|CameraVM.cs|Capture|742|Starting Exposure - Exposure Time: 5s; Filter: ; Gain: 910; Offset 99; Binning: 1x1;
2026-07-15T03:57:08.3917|INFO|HocusFocusStarDetection.cs|Detect|413|Average HFR: 2.2578684103891495, HFR MAD: 0.2317057041423305, Detected Stars 171, Region: 0
2026-07-15T03:57:08.3920|INFO|HocusFocusVM.cs|AutoFocusEngine_Completed|473|AutoFocus completed with focuser starting at 116231 and ending at 116840
2026-07-15T03:57:08.4003|INFO|FocuserMediator.cs|BroadcastSuccessfulAutoFocusRun|46|Autofocus notification received - Temperature 22.69
2026-07-15T03:57:08.4430|INFO|PHD2Guider.cs|TryStartGuideCommand|641|Phd2 - Requesting to start guiding. Recalibrate: False
2026-07-15T03:57:28.5437|INFO|SequenceItem.cs|Run|254|Finishing Category: Focheggiatore, Item: RunAutofocus
2026-07-15T03:57:28.5439|INFO|SequenceItem.cs|Run|254|Finishing Category: * Set di Istruzioni *, Container: NINA.Sequencer.Container.SequentialContainer, Strategy: SequentialStrategy, Items[FINISHED]: 1
2026-07-15T03:57:28.5441|INFO|SequenceItem.cs|Run|208|Starting Category: Fotocamera, Item: TakeExposure, ExposureTime 600, Gain 910, Offset 99, ImageType LIGHT, Binning 1x1
2026-07-15T03:57:28.5445|INFO|CameraVM.cs|Capture|742|Starting Exposure - Exposure Time: 600s; Filter: ; Gain: 910; Offset 99; Binning: 1x1;
2026-07-15T04:07:28.8636|INFO|SequenceItem.cs|Run|254|Finishing Category: Fotocamera, Item: TakeExposure, ExposureTime 600, Gain 910, Offset 99, ImageType LIGHT, Binning 1x1
2026-07-15T04:07:28.8642|INFO|MeridianFlipTrigger.cs|ShouldTrigger|296|Meridian Flip - (Side of Pier usage is disabled) There is still time remaining. Max remaining time 05:49:19.5103382, next instruction time 0, next instruction Category: Ruota porta filtri, Item: SwitchFilter, Filter: LPRO
2026-07-15T04:07:28.8643|INFO|SequenceItem.cs|Run|208|Starting Category: Ruota porta filtri, Item: SwitchFilter, Filter: LPRO
2026-07-15T04:07:28.8650|INFO|SequenceItem.cs|Run|254|Finishing Category: Ruota porta filtri, Item: SwitchFilter, Filter: LPRO
2026-07-15T04:07:28.8651|INFO|SequenceTrigger.cs|Run|114|Starting Trigger: DitherAfterExposures, After Exposures: 1
2026-07-15T04:07:28.8652|INFO|SequenceItem.cs|Run|208|Starting Category: * Set di Istruzioni *, Container: NINA.Sequencer.Container.SequentialContainer, Strategy: SequentialStrategy, Items[CREATED]: 1
2026-07-15T04:07:28.8652|INFO|SequenceItem.cs|Run|208|Starting Category: Guida, Item: Dither
2026-07-15T04:07:29.5581|INFO|ImageSolver.cs|Solve|41|Platesolving with parameters: FocalLength: 760 PixelSize: 4.63 SearchRadius: 30 BlindFailoverEnabled: True Regions: 5000 DownSampleFactor: 2 MaxObjects: 500 Reference Coordinates RA: 04:08:53 Dec: 85° 32' 00" Epoch: J2000
2026-07-15T04:07:30.8673|INFO|BaseImageData.cs|SaveToDisk|346|Saved image to C:\Users\PrimaLuceLab\AppData\Local\NINA\PlateSolver\pyjjgc1u.33x.fits
2026-07-15T04:07:33.6351|INFO|ImageSolver.cs|Solve|54|Platesolve successful: Coordinates: RA: 04:15:07; Dec: 85° 34' 56"; Epoch: J2000 - Position Angle: 274.89987791563925
2026-07-15T04:07:33.6353|INFO|CenterAfterDriftTrigger.cs|PlatesolvingImageFollower_PropertyChanged|189|Drift: 3.040164820046753 / 3 arc minutes
2026-07-15T04:07:43.7767|INFO|HocusFocusStarDetection.cs|Detect|413|Average HFR: 2.495648107395124, HFR MAD: 0.25549096545128025, Detected Stars 646, Region: 0
2026-07-15T04:07:44.8225|INFO|BaseImageData.cs|SaveToDisk|346|Saved image to D:\Images NINA\Target\LIGHT_1x1_600.00s_910_99_LDN 1320_Skywatcher quattro 200p__-9.90C__0017_2026-07-15_03-57-28_FWHM_6.78_Fok_116840.xisf
2026-07-15T04:07:44.9672|INFO|ImageSaveController.cs|DoWork|97|Successfully saved file at D:\Images NINA\Target\LIGHT_1x1_600.00s_910_99_LDN 1320_Skywatcher quattro 200p__-9.90C__0017_2026-07-15_03-57-28_FWHM_6.78_Fok_116840.xisf. Duration Total: 00:00:15.4092575; BeforeSave: 00:00:00.0001011; BeforeFinalizeImageSaved: 00:00:15.0558393; FinalizeSaveTime: 00:00:00.3533162
2026-07-15T04:08:03.6898|INFO|SequenceItem.cs|Run|254|Finishing Category: Guida, Item: Dither
2026-07-15T04:08:03.6900|INFO|SequenceItem.cs|Run|254|Finishing Category: * Set di Istruzioni *, Container: NINA.Sequencer.Container.SequentialContainer, Strategy: SequentialStrategy, Items[FINISHED]: 1
2026-07-15T04:08:03.6901|INFO|CenterAfterDriftTrigger.cs|ShouldTrigger|214|Drift exceeded threshold: 3.040164820046753 / 3 arc minutes
2026-07-15T04:08:03.6902|INFO|SequenceTrigger.cs|Run|114|Starting Trigger: CenterAfterDriftTrigger, DistanceArcMinutes: 3
2026-07-15T04:08:05.1551|INFO|TelescopeVM.cs|SlewAsyncInternal|910|Slewing from RA: 04:16:51; Dec: 85° 36' 30"; Epoch: JNOW to RA: 04:23:25; Dec: 85° 41' 39"; Epoch: JNOW - Alt: 42° 23' 00"; Az: 05° 50' 01"
2026-07-15T04:08:16.4204|INFO|CameraVM.cs|Capture|742|Starting Exposure - Exposure Time: 10s; Filter: ; Gain: 100; Offset 99; Binning: 1x1;
2026-07-15T04:08:32.5854|INFO|ImageSolver.cs|Solve|41|Platesolving with parameters: FocalLength: 760 PixelSize: 4.63 SearchRadius: 30 BlindFailoverEnabled: True Regions: 5000 DownSampleFactor: 2 MaxObjects: 500 Reference Coordinates RA: 04:15:12 Dec: 85° 37' 59" Epoch: J2000
2026-07-15T04:08:33.1600|INFO|BaseImageData.cs|SaveToDisk|346|Saved image to C:\Users\PrimaLuceLab\AppData\Local\NINA\PlateSolver\gpokapzl.ykd.fits
2026-07-15T04:08:34.5400|INFO|ImageSolver.cs|Solve|54|Platesolve successful: Coordinates: RA: 04:22:16; Dec: 85° 39' 43"; Epoch: J2000 - Position Angle: 274.85586313543274
2026-07-15T04:08:34.5420|INFO|CenteringSolver.cs|Center|99|Centering Solver - Scope Position: RA: 04:23:25; Dec: 85° 41' 39"; Epoch: JNOW; Offset: RA: 00:00:00; Dec: 00° 00' 00"; Distance: 00° 00' 00"; Bearing: 00° 00' 00"; Centering Coordinates: RA: 04:23:25; Dec: 85° 41' 39"; Epoch: JNOW; Solved: RA: 04:30:37; Dec: 85° 43' 09"; Epoch: JNOW; Separation RA: -00:07:12; Dec: -00° 01' 30"; Distance: 00° 08' 13"; Bearing: -78° 38' 47"; Threshold: 1
2026-07-15T04:08:34.6394|INFO|TelescopeVM.cs|Sync|777|Syncing scope from RA: 04:23:25; Dec: 85° 41' 39"; Epoch: JNOW to RA: 04:30:37; Dec: 85° 43' 09"; Epoch: JNOW
2026-07-15T04:08:39.6411|INFO|CenteringSolver.cs|Center|132|Slewing to target after sync. Current Position: RA: 04:30:38; Dec: 85° 43' 09"; Epoch: JNOW; Target coordinates: RA: 04:23:25; Dec: 85° 41' 39"; Epoch: JNOW; Offset RA: 00:00:00; Dec: 00° 00' 00"; Distance: 00° 00' 00"; Bearing: 00° 00' 00"
2026-07-15T04:08:39.6980|INFO|TelescopeVM.cs|SlewAsyncInternal|910|Slewing from RA: 04:30:38; Dec: 85° 43' 09"; Epoch: JNOW to RA: 04:23:25; Dec: 85° 41' 39"; Epoch: JNOW - Alt: 42° 23' 39"; Az: 05° 50' 03"
2026-07-15T04:08:49.9078|INFO|CameraVM.cs|Capture|742|Starting Exposure - Exposure Time: 10s; Filter: ; Gain: 100; Offset 99; Binning: 1x1;
2026-07-15T04:09:06.4303|INFO|ImageSolver.cs|Solve|41|Platesolving with parameters: FocalLength: 760 PixelSize: 4.63 SearchRadius: 30 BlindFailoverEnabled: True Regions: 5000 DownSampleFactor: 2 MaxObjects: 500 Reference Coordinates RA: 04:15:12 Dec: 85° 37' 59" Epoch: J2000
2026-07-15T04:09:07.0054|INFO|BaseImageData.cs|SaveToDisk|346|Saved image to C:\Users\PrimaLuceLab\AppData\Local\NINA\PlateSolver\ykyivhd5.lwk.fits
2026-07-15T04:09:08.3402|INFO|ImageSolver.cs|Solve|54|Platesolve successful: Coordinates: RA: 04:15:05; Dec: 85° 38' 13"; Epoch: J2000 - Position Angle: 274.90979897736423
2026-07-15T04:09:08.3422|INFO|CenteringSolver.cs|Center|99|Centering Solver - Scope Position: RA: 04:23:25; Dec: 85° 41' 39"; Epoch: JNOW; Offset: RA: 00:00:00; Dec: 00° 00' 00"; Distance: 00° 00' 00"; Bearing: 00° 00' 00"; Centering Coordinates: RA: 04:23:25; Dec: 85° 41' 39"; Epoch: JNOW; Solved: RA: 04:23:19; Dec: 85° 41' 54"; Epoch: JNOW; Separation RA: 00:00:07; Dec: -00° 00' 14"; Distance: 00° 00' 16"; Bearing: 27° 12' 31"; Threshold: 1
2026-07-15T04:09:08.4056|INFO|PHD2Guider.cs|TryStartGuideCommand|641|Phd2 - Requesting to start guiding. Recalibrate: False
2026-07-15T04:09:29.3518|INFO|MeridianFlipTrigger.cs|ShouldTrigger|296|Meridian Flip - (Side of Pier usage is disabled) There is still time remaining. Max remaining time 05:53:51.4988105, next instruction time 600, next instruction Category: Fotocamera, Item: TakeExposure, ExposureTime 600, Gain 910, Offset 99, ImageType LIGHT, Binning 1x1
2026-07-15T04:09:29.3519|INFO|SequenceTrigger.cs|Run|114|Starting Trigger: RestoreGuiding
2026-07-15T04:09:29.3521|INFO|SequenceItem.cs|Run|208|Starting Category: * Set di Istruzioni *, Container: NINA.Sequencer.Container.SequentialContainer, Strategy: SequentialStrategy, Items[CREATED]: 1
2026-07-15T04:09:29.3522|INFO|SequenceItem.cs|Run|208|Starting Category: Guida, Item: StartGuiding
2026-07-15T04:09:29.3858|INFO|PHD2Guider.cs|StartGuidingPrivate|504|Phd2 - App is already guiding. Skipping start guiding
2026-07-15T04:09:29.3859|INFO|SequenceItem.cs|Run|254|Finishing Category: Guida, Item: StartGuiding
2026-07-15T04:09:29.3860|INFO|SequenceItem.cs|Run|254|Finishing Category: * Set di Istruzioni *, Container: NINA.Sequencer.Container.SequentialContainer, Strategy: SequentialStrategy, Items[FINISHED]: 1
2026-07-15T04:09:29.3862|INFO|SequenceTrigger.cs|Run|114|Starting Trigger: AutofocusAfterFilterChange
2026-07-15T04:09:29.3863|INFO|SequenceItem.cs|Run|208|Starting Category: * Set di Istruzioni *, Container: NINA.Sequencer.Container.SequentialContainer, Strategy: SequentialStrategy, Items[CREATED]: 1
2026-07-15T04:09:29.3864|INFO|SequenceItem.cs|Run|208|Starting Category: Focheggiatore, Item: RunAutofocus
2026-07-15T04:09:29.8104|INFO|FocuserMediator.cs|BroadcastAutoFocusRunStarting|92|Autofocus starting notification received
2026-07-15T04:09:30.9944|INFO|AutoFocusEngine.cs|RunAutoFocus|929|Starting AutoFocus with initial position 116840
2026-07-15T04:09:30.9966|INFO|CameraVM.cs|Capture|742|Starting Exposure - Exposure Time: 5s; Filter: ; Gain: 910; Offset 99; Binning: 1x1;
2026-07-15T04:09:36.1981|INFO|AutoFocusEngine.cs|StartBlindFocusPoints|769|Waiting on initial HFR analysis
2026-07-15T04:09:36.2769|INFO|FocuserVM.cs|MoveFocuserInternal|216|Moving Focuser to position 131840
2026-07-15T04:09:41.7091|INFO|CameraVM.cs|Capture|742|Starting Exposure - Exposure Time: 5s; Filter: ; Gain: 910; Offset 99; Binning: 1x1;
2026-07-15T04:09:46.9915|INFO|FocuserVM.cs|MoveFocuserInternal|216|Moving Focuser to position 126840
2026-07-15T04:09:47.1168|INFO|HocusFocusStarDetection.cs|Detect|413|Average HFR: 2.37680075493594, HFR MAD: 0.2503349937218906, Detected Stars 162, Region: 0
2026-07-15T04:09:53.1725|INFO|CameraVM.cs|Capture|742|Starting Exposure - Exposure Time: 5s; Filter: ; Gain: 910; Offset 99; Binning: 1x1;
2026-07-15T04:09:58.4419|INFO|FocuserVM.cs|MoveFocuserInternal|216|Moving Focuser to position 121840
2026-07-15T04:09:58.6619|INFO|HocusFocusStarDetection.cs|Detect|413|Average HFR: 9.454985510388855, HFR MAD: 0.2595389621164248, Detected Stars 10, Region: 0
2026-07-15T04:10:04.6792|INFO|CameraVM.cs|Capture|742|Starting Exposure - Exposure Time: 5s; Filter: ; Gain: 910; Offset 99; Binning: 1x1;
2026-07-15T04:10:10.0991|INFO|AutoFocusEngine.cs|StartBlindFocusPoints|797|Waiting on initial focuser move analyses
2026-07-15T04:10:10.2109|INFO|HocusFocusStarDetection.cs|Detect|413|Average HFR: 6.083325529219616, HFR MAD: 0.4857316218795713, Detected Stars 50, Region: 0
2026-07-15T04:10:21.4083|INFO|HocusFocusStarDetection.cs|Detect|413|Average HFR: 3.410825298039213, HFR MAD: 0.41171713116754693, Detected Stars 118, Region: 0
2026-07-15T04:10:21.5109|INFO|FocuserVM.cs|MoveFocuserInternal|216|Moving Focuser to position 116840
2026-07-15T04:10:27.1850|INFO|CameraVM.cs|Capture|742|Starting Exposure - Exposure Time: 5s; Filter: ; Gain: 910; Offset 99; Binning: 1x1;
2026-07-15T04:10:32.3829|INFO|AutoFocusEngine.cs|StartBlindFocusPoints|870|Waiting on next left movement analysis
2026-07-15T04:10:43.5731|INFO|HocusFocusStarDetection.cs|Detect|413|Average HFR: 2.3020343350279173, HFR MAD: 0.24787153708353893, Detected Stars 169, Region: 0
2026-07-15T04:10:43.7211|INFO|FocuserVM.cs|MoveFocuserInternal|216|Moving Focuser to position 111840
2026-07-15T04:10:49.1570|INFO|CameraVM.cs|Capture|742|Starting Exposure - Exposure Time: 5s; Filter: ; Gain: 910; Offset 99; Binning: 1x1;
2026-07-15T04:10:54.3677|INFO|AutoFocusEngine.cs|StartBlindFocusPoints|870|Waiting on next left movement analysis
2026-07-15T04:11:05.5150|INFO|HocusFocusStarDetection.cs|Detect|413|Average HFR: 2.9918817818952705, HFR MAD: 0.32772780432875237, Detected Stars 126, Region: 0
2026-07-15T04:11:05.7297|INFO|FocuserVM.cs|MoveFocuserInternal|216|Moving Focuser to position 106840
2026-07-15T04:11:11.1674|INFO|CameraVM.cs|Capture|742|Starting Exposure - Exposure Time: 5s; Filter: ; Gain: 910; Offset 99; Binning: 1x1;
2026-07-15T04:11:16.3858|INFO|AutoFocusEngine.cs|StartBlindFocusPoints|870|Waiting on next left movement analysis
2026-07-15T04:11:27.9344|INFO|HocusFocusStarDetection.cs|Detect|413|Average HFR: 5.392511049532775, HFR MAD: 0.28290425357131, Detected Stars 50, Region: 0
2026-07-15T04:11:28.0673|INFO|AutoFocusEngine.cs|StartBlindFocusPoints|841|Enough right trend points (3) with an established minimum (116840) to queue remaining left focus points down to 101840
2026-07-15T04:11:28.1221|INFO|FocuserVM.cs|MoveFocuserInternal|216|Moving Focuser to position 101840
2026-07-15T04:11:33.3779|INFO|CameraVM.cs|Capture|742|Starting Exposure - Exposure Time: 5s; Filter: ; Gain: 910; Offset 99; Binning: 1x1;
2026-07-15T04:11:38.5677|INFO|AutoFocusEngine.cs|StartBlindFocusPoints|896|Waiting on remaining AutoFocus analysis tasks
2026-07-15T04:11:49.5481|INFO|HocusFocusStarDetection.cs|Detect|413|Average HFR: 8.155885201399176, HFR MAD: 0.5996115176634298, Detected Stars 10, Region: 0
2026-07-15T04:11:49.6646|INFO|FocuserVM.cs|MoveFocuserInternal|216|Moving Focuser to position 116723
2026-07-15T04:11:55.9087|INFO|AutoFocusEngine.cs|ValidateCalculatedFocusPosition|1141|Validating HFR at final focus position 116723
2026-07-15T04:11:55.9091|INFO|CameraVM.cs|Capture|742|Starting Exposure - Exposure Time: 5s; Filter: ; Gain: 910; Offset 99; Binning: 1x1;
2026-07-15T04:12:12.0959|INFO|HocusFocusStarDetection.cs|Detect|413|Average HFR: 2.4128978460539345, HFR MAD: 0.27162108101799065, Detected Stars 171, Region: 0
2026-07-15T04:12:12.0962|INFO|HocusFocusVM.cs|AutoFocusEngine_Completed|473|AutoFocus completed with focuser starting at 116840 and ending at 116723
2026-07-15T04:12:12.0980|INFO|FocuserMediator.cs|BroadcastSuccessfulAutoFocusRun|46|Autofocus notification received - Temperature 21.87
2026-07-15T04:12:12.1363|INFO|PHD2Guider.cs|TryStartGuideCommand|641|Phd2 - Requesting to start guiding. Recalibrate: False
2026-07-15T04:12:33.3507|INFO|SequenceItem.cs|Run|254|Finishing Category: Focheggiatore, Item: RunAutofocus
2026-07-15T04:12:33.3509|INFO|SequenceItem.cs|Run|254|Finishing Category: * Set di Istruzioni *, Container: NINA.Sequencer.Container.SequentialContainer, Strategy: SequentialStrategy, Items[FINISHED]: 1
2026-07-15T04:12:33.3511|INFO|SequenceItem.cs|Run|208|Starting Category: Fotocamera, Item: TakeExposure, ExposureTime 600, Gain 910, Offset 99, ImageType LIGHT, Binning 1x1
2026-07-15T04:12:33.3516|INFO|CameraVM.cs|Capture|742|Starting Exposure - Exposure Time: 600s; Filter: ; Gain: 910; Offset 99; Binning: 1x1;
2026-07-15T04:22:33.9240|INFO|SequenceItem.cs|Run|254|Finishing Category: Fotocamera, Item: TakeExposure, ExposureTime 600, Gain 910, Offset 99, ImageType LIGHT, Binning 1x1
2026-07-15T04:22:33.9245|INFO|MeridianFlipTrigger.cs|ShouldTrigger|296|Meridian Flip - (Side of Pier usage is disabled) There is still time remaining. Max remaining time 05:40:43.1098706, next instruction time 0, next instruction Category: Ruota porta filtri, Item: SwitchFilter, Filter: LPRO
2026-07-15T04:22:33.9246|INFO|SequenceItem.cs|Run|208|Starting Category: Ruota porta filtri, Item: SwitchFilter, Filter: LPRO
2026-07-15T04:22:33.9253|INFO|SequenceItem.cs|Run|254|Finishing Category: Ruota porta filtri, Item: SwitchFilter, Filter: LPRO
2026-07-15T04:22:33.9256|INFO|SequenceTrigger.cs|Run|114|Starting Trigger: DitherAfterExposures, After Exposures: 1
2026-07-15T04:22:33.9257|INFO|SequenceItem.cs|Run|208|Starting Category: * Set di Istruzioni *, Container: NINA.Sequencer.Container.SequentialContainer, Strategy: SequentialStrategy, Items[CREATED]: 1
2026-07-15T04:22:33.9258|INFO|SequenceItem.cs|Run|208|Starting Category: Guida, Item: Dither
2026-07-15T04:22:46.5598|INFO|HocusFocusStarDetection.cs|Detect|413|Average HFR: 2.5565540957806645, HFR MAD: 0.24976652597437532, Detected Stars 386, Region: 0
2026-07-15T04:22:47.6334|INFO|BaseImageData.cs|SaveToDisk|346|Saved image to D:\Images NINA\Target\LIGHT_1x1_600.00s_910_99_LDN 1320_Skywatcher quattro 200p__-9.90C__0018_2026-07-15_04-12-33_FWHM_7.08_Fok_116723.xisf
2026-07-15T04:22:47.6335|INFO|ImageSaveController.cs|DoWork|97|Successfully saved file at D:\Images NINA\Target\LIGHT_1x1_600.00s_910_99_LDN 1320_Skywatcher quattro 200p__-9.90C__0018_2026-07-15_04-12-33_FWHM_7.08_Fok_116723.xisf. Duration Total: 00:00:13.0206022; BeforeSave: 00:00:00.0391539; BeforeFinalizeImageSaved: 00:00:12.7701756; FinalizeSaveTime: 00:00:00.2112719
2026-07-15T04:22:49.0440|INFO|SequenceItem.cs|Run|254|Finishing Category: Guida, Item: Dither
2026-07-15T04:22:49.0442|INFO|SequenceItem.cs|Run|254|Finishing Category: * Set di Istruzioni *, Container: NINA.Sequencer.Container.SequentialContainer, Strategy: SequentialStrategy, Items[FINISHED]: 1
2026-07-15T04:22:49.0444|INFO|MeridianFlipTrigger.cs|ShouldTrigger|296|Meridian Flip - (Side of Pier usage is disabled) There is still time remaining. Max remaining time 05:40:29.2657159, next instruction time 600, next instruction Category: Fotocamera, Item: TakeExposure, ExposureTime 600, Gain 910, Offset 99, ImageType LIGHT, Binning 1x1
2026-07-15T04:22:49.0444|INFO|SequenceTrigger.cs|Run|114|Starting Trigger: RestoreGuiding
2026-07-15T04:22:49.0445|INFO|SequenceItem.cs|Run|208|Starting Category: * Set di Istruzioni *, Container: NINA.Sequencer.Container.SequentialContainer, Strategy: SequentialStrategy, Items[CREATED]: 1
2026-07-15T04:22:49.0445|INFO|SequenceItem.cs|Run|208|Starting Category: Guida, Item: StartGuiding
2026-07-15T04:22:49.0806|INFO|PHD2Guider.cs|StartGuidingPrivate|504|Phd2 - App is already guiding. Skipping start guiding
2026-07-15T04:22:49.0808|INFO|SequenceItem.cs|Run|254|Finishing Category: Guida, Item: StartGuiding
2026-07-15T04:22:49.0809|INFO|SequenceItem.cs|Run|254|Finishing Category: * Set di Istruzioni *, Container: NINA.Sequencer.Container.SequentialContainer, Strategy: SequentialStrategy, Items[FINISHED]: 1
2026-07-15T04:22:49.0829|INFO|SequenceTrigger.cs|Run|114|Starting Trigger: AutofocusAfterFilterChange
2026-07-15T04:22:49.0830|INFO|SequenceItem.cs|Run|208|Starting Category: * Set di Istruzioni *, Container: NINA.Sequencer.Container.SequentialContainer, Strategy: SequentialStrategy, Items[CREATED]: 1
2026-07-15T04:22:49.0831|INFO|SequenceItem.cs|Run|208|Starting Category: Focheggiatore, Item: RunAutofocus
2026-07-15T04:22:50.5874|INFO|FocuserMediator.cs|BroadcastAutoFocusRunStarting|92|Autofocus starting notification received
2026-07-15T04:22:51.8075|INFO|AutoFocusEngine.cs|RunAutoFocus|929|Starting AutoFocus with initial position 116723
2026-07-15T04:22:51.8079|INFO|CameraVM.cs|Capture|742|Starting Exposure - Exposure Time: 5s; Filter: ; Gain: 910; Offset 99; Binning: 1x1;
2026-07-15T04:22:57.0326|INFO|AutoFocusEngine.cs|StartBlindFocusPoints|769|Waiting on initial HFR analysis
2026-07-15T04:22:57.1865|INFO|FocuserVM.cs|MoveFocuserInternal|216|Moving Focuser to position 131723
2026-07-15T04:23:03.1983|INFO|CameraVM.cs|Capture|742|Starting Exposure - Exposure Time: 5s; Filter: ; Gain: 910; Offset 99; Binning: 1x1;
2026-07-15T04:23:07.6115|INFO|HocusFocusStarDetection.cs|Detect|413|Average HFR: 2.3088253070640135, HFR MAD: 0.26234811907279854, Detected Stars 150, Region: 0
2026-07-15T04:23:08.4656|INFO|FocuserVM.cs|MoveFocuserInternal|216|Moving Focuser to position 126723
2026-07-15T04:23:14.0889|INFO|CameraVM.cs|Capture|742|Starting Exposure - Exposure Time: 5s; Filter: ; Gain: 910; Offset 99; Binning: 1x1;
2026-07-15T04:23:19.4206|INFO|FocuserVM.cs|MoveFocuserInternal|216|Moving Focuser to position 121723
2026-07-15T04:23:19.6744|INFO|HocusFocusStarDetection.cs|Detect|413|Average HFR: 9.651584547432375, HFR MAD: 0.19757249974765934, Detected Stars 8, Region: 0
2026-07-15T04:23:25.3803|INFO|CameraVM.cs|Capture|742|Starting Exposure - Exposure Time: 5s; Filter: ; Gain: 910; Offset 99; Binning: 1x1;
2026-07-15T04:23:30.7390|INFO|AutoFocusEngine.cs|StartBlindFocusPoints|797|Waiting on initial focuser move analyses
2026-07-15T04:23:31.1159|INFO|HocusFocusStarDetection.cs|Detect|413|Average HFR: 6.183858757378967, HFR MAD: 0.5705526781088288, Detected Stars 47, Region: 0
2026-07-15T04:23:42.3110|INFO|HocusFocusStarDetection.cs|Detect|413|Average HFR: 3.6049018107044626, HFR MAD: 0.3811594968457608, Detected Stars 94, Region: 0
2026-07-15T04:23:42.4708|INFO|FocuserVM.cs|MoveFocuserInternal|216|Moving Focuser to position 116723
2026-07-15T04:23:47.6896|INFO|CameraVM.cs|Capture|742|Starting Exposure - Exposure Time: 5s; Filter: ; Gain: 910; Offset 99; Binning: 1x1;
2026-07-15T04:23:52.8889|INFO|AutoFocusEngine.cs|StartBlindFocusPoints|870|Waiting on next left movement analysis
2026-07-15T04:24:04.4055|INFO|HocusFocusStarDetection.cs|Detect|413|Average HFR: 2.302318449294993, HFR MAD: 0.2768491497718233, Detected Stars 139, Region: 0
2026-07-15T04:24:04.5776|INFO|FocuserVM.cs|MoveFocuserInternal|216|Moving Focuser to position 111723
2026-07-15T04:24:09.8318|INFO|CameraVM.cs|Capture|742|Starting Exposure - Exposure Time: 5s; Filter: ; Gain: 910; Offset 99; Binning: 1x1;
2026-07-15T04:24:15.0214|INFO|AutoFocusEngine.cs|StartBlindFocusPoints|870|Waiting on next left movement analysis
2026-07-15T04:24:26.2380|INFO|HocusFocusStarDetection.cs|Detect|413|Average HFR: 2.8235414918790163, HFR MAD: 0.32608414777004, Detected Stars 95, Region: 0
2026-07-15T04:24:26.4278|INFO|FocuserVM.cs|MoveFocuserInternal|216|Moving Focuser to position 106723
2026-07-15T04:24:32.0026|INFO|CameraVM.cs|Capture|742|Starting Exposure - Exposure Time: 5s; Filter: ; Gain: 910; Offset 99; Binning: 1x1;
2026-07-15T04:24:37.2018|INFO|AutoFocusEngine.cs|StartBlindFocusPoints|870|Waiting on next left movement analysis
2026-07-15T04:24:48.2933|INFO|HocusFocusStarDetection.cs|Detect|413|Average HFR: 5.24855993022359, HFR MAD: 0.33505682724920494, Detected Stars 33, Region: 0
2026-07-15T04:24:48.5213|INFO|FocuserVM.cs|MoveFocuserInternal|216|Moving Focuser to position 101723
2026-07-15T04:24:53.7919|INFO|CameraVM.cs|Capture|742|Starting Exposure - Exposure Time: 5s; Filter: ; Gain: 910; Offset 99; Binning: 1x1;
2026-07-15T04:24:59.0098|INFO|AutoFocusEngine.cs|StartBlindFocusPoints|870|Waiting on next left movement analysis
2026-07-15T04:25:10.3353|INFO|HocusFocusStarDetection.cs|Detect|413|Average HFR: 8.053652518981558, HFR MAD: 0.5289815419000838, Detected Stars 8, Region: 0
2026-07-15T04:25:10.4918|INFO|AutoFocusEngine.cs|StartBlindFocusPoints|823|Enough left trend points (3) with an established minimum (116723) to queue remaining right focus points up to 131723
2026-07-15T04:25:10.4919|INFO|AutoFocusEngine.cs|StartBlindFocusPoints|896|Waiting on remaining AutoFocus analysis tasks
2026-07-15T04:25:10.5972|INFO|FocuserVM.cs|MoveFocuserInternal|216|Moving Focuser to position 115807
2026-07-15T04:25:17.1643|INFO|AutoFocusEngine.cs|ValidateCalculatedFocusPosition|1141|Validating HFR at final focus position 115807
2026-07-15T04:25:17.1648|INFO|CameraVM.cs|Capture|742|Starting Exposure - Exposure Time: 5s; Filter: ; Gain: 910; Offset 99; Binning: 1x1;
2026-07-15T04:25:33.8363|INFO|HocusFocusStarDetection.cs|Detect|413|Average HFR: 2.2820865910226242, HFR MAD: 0.2758544743133853, Detected Stars 139, Region: 0
2026-07-15T04:25:33.8370|INFO|HocusFocusVM.cs|AutoFocusEngine_Completed|473|AutoFocus completed with focuser starting at 116723 and ending at 115807
2026-07-15T04:25:33.8391|INFO|FocuserMediator.cs|BroadcastSuccessfulAutoFocusRun|46|Autofocus notification received - Temperature 21.61
2026-07-15T04:25:33.9026|INFO|PHD2Guider.cs|TryStartGuideCommand|641|Phd2 - Requesting to start guiding. Recalibrate: False
2026-07-15T04:25:54.1867|INFO|SequenceItem.cs|Run|254|Finishing Category: Focheggiatore, Item: RunAutofocus
2026-07-15T04:25:54.1871|INFO|SequenceItem.cs|Run|254|Finishing Category: * Set di Istruzioni *, Container: NINA.Sequencer.Container.SequentialContainer, Strategy: SequentialStrategy, Items[FINISHED]: 1
2026-07-15T04:25:54.1873|INFO|SequenceItem.cs|Run|208|Starting Category: Fotocamera, Item: TakeExposure, ExposureTime 600, Gain 910, Offset 99, ImageType LIGHT, Binning 1x1
2026-07-15T04:25:54.1877|INFO|CameraVM.cs|Capture|742|Starting Exposure - Exposure Time: 600s; Filter: ; Gain: 910; Offset 99; Binning: 1x1;
2026-07-15T04:32:57.4344|INFO|TimeCondition.cs|Check|254|TimeCondition finished.
2026-07-15T04:32:57.4345|INFO|TimeCondition.cs|InterruptWhenTimeIsUp|63|Time limit exceeded - Interrupting current Instruction Set
2026-07-15T04:32:57.4345|INFO|TimeCondition.cs|Check|254|TimeCondition finished.
2026-07-15T04:32:57.4346|INFO|TimeCondition.cs|InterruptWhenTimeIsUp|63|Time limit exceeded - Interrupting current Instruction Set
2026-07-15T04:32:57.5279|INFO|SequenceItem.cs|Run|254|Finishing Category: * Set di Istruzioni *, Container: NINA.Sequencer.Container.SequentialContainer, Strategy: SequentialStrategy, Items[CREATED]: 2, Conditions: Condition: TimeCondition, Time: 4:32:57h, 
2026-07-15T04:32:57.5281|INFO|SequenceItem.cs|Run|254|Finishing Category: * Set di Istruzioni *, Container: NINA.Sequencer.Container.TargetAreaContainer, Strategy: SequentialStrategy, Items[FINISHED]: 2
2026-07-15T04:32:57.5283|INFO|MeridianFlipTrigger.cs|ShouldTrigger|296|Meridian Flip - (Side of Pier usage is disabled) There is still time remaining. Max remaining time 05:30:14.5183042, next instruction time 0, next instruction Category: * Set di Istruzioni *, Container: NINA.Sequencer.Container.EndAreaContainer, Strategy: SequentialStrategy, Items[CREATED]: 1
2026-07-15T04:32:57.5283|INFO|SequenceItem.cs|Run|208|Starting Category: * Set di Istruzioni *, Container: NINA.Sequencer.Container.EndAreaContainer, Strategy: SequentialStrategy, Items[CREATED]: 1
2026-07-15T04:32:57.5285|INFO|MeridianFlipTrigger.cs|ShouldTrigger|296|Meridian Flip - (Side of Pier usage is disabled) There is still time remaining. Max remaining time 05:30:14.5183042, next instruction time 0, next instruction Category: * Set di Istruzioni *, Container: NINA.Sequencer.Container.SequentialContainer, Strategy: SequentialStrategy, Items[CREATED]: 17
2026-07-15T04:32:57.5286|INFO|SequenceItem.cs|Run|208|Starting Category: * Set di Istruzioni *, Container: NINA.Sequencer.Container.SequentialContainer, Strategy: SequentialStrategy, Items[CREATED]: 17
2026-07-15T04:32:57.5287|INFO|MeridianFlipTrigger.cs|ShouldTrigger|296|Meridian Flip - (Side of Pier usage is disabled) There is still time remaining. Max remaining time 05:30:14.5183042, next instruction time 0, next instruction Category: Utilità, Item: Annotation, Text: VERSION: 1
2026-07-15T04:32:57.5287|INFO|SequenceItem.cs|Run|208|Starting Category: Utilità, Item: Annotation, Text: VERSION: 1
2026-07-15T04:32:57.5288|INFO|SequenceItem.cs|Run|254|Finishing Category: Utilità, Item: Annotation, Text: VERSION: 1
2026-07-15T04:32:57.5288|INFO|MeridianFlipTrigger.cs|ShouldTrigger|296|Meridian Flip - (Side of Pier usage is disabled) There is still time remaining. Max remaining time 05:30:14.5183042, next instruction time 0, next instruction Category: * Set di Istruzioni *, Container: NINA.Sequencer.Container.SequentialContainer, Strategy: SequentialStrategy, Items[CREATED]: 3
2026-07-15T04:32:57.5289|INFO|SequenceItem.cs|Run|208|Starting Category: * Set di Istruzioni *, Container: NINA.Sequencer.Container.SequentialContainer, Strategy: SequentialStrategy, Items[CREATED]: 3
2026-07-15T04:32:57.5290|INFO|MeridianFlipTrigger.cs|ShouldTrigger|296|Meridian Flip - (Side of Pier usage is disabled) There is still time remaining. Max remaining time 05:30:14.5183042, next instruction time 0, next instruction Category: Utilità, Item: Annotation, Text: This End Sequence ensures an ASCOM Safety Monitor will function in a sequence as expected.
2026-07-15T04:32:57.5290|INFO|SequenceItem.cs|Run|208|Starting Category: Utilità, Item: Annotation, Text: This End Sequence ensures an ASCOM Safety Monitor will function in a sequence as expected.
2026-07-15T04:32:57.5290|INFO|SequenceItem.cs|Run|254|Finishing Category: Utilità, Item: Annotation, Text: This End Sequence ensures an ASCOM Safety Monitor will function in a sequence as expected.
2026-07-15T04:32:57.5291|INFO|MeridianFlipTrigger.cs|ShouldTrigger|296|Meridian Flip - (Side of Pier usage is disabled) There is still time remaining. Max remaining time 05:30:14.5183042, next instruction time 0, next instruction Category: Utilità, Item: Annotation, Text: The CONNECTOR Plugin is used in this Sequence.
2026-07-15T04:32:57.5291|INFO|SequenceItem.cs|Run|208|Starting Category: Utilità, Item: Annotation, Text: The CONNECTOR Plugin is used in this Sequence.
2026-07-15T04:32:57.5292|INFO|SequenceItem.cs|Run|254|Finishing Category: Utilità, Item: Annotation, Text: The CONNECTOR Plugin is used in this Sequence.
2026-07-15T04:32:57.5292|INFO|MeridianFlipTrigger.cs|ShouldTrigger|296|Meridian Flip - (Side of Pier usage is disabled) There is still time remaining. Max remaining time 05:30:14.5183042, next instruction time 0, next instruction Category: Utilità, Item: Annotation, Text: A Switch is also used within this End Sequence.
2026-07-15T04:32:57.5293|INFO|SequenceItem.cs|Run|208|Starting Category: Utilità, Item: Annotation, Text: A Switch is also used within this End Sequence.
2026-07-15T04:32:57.5293|INFO|SequenceItem.cs|Run|254|Finishing Category: Utilità, Item: Annotation, Text: A Switch is also used within this End Sequence.
2026-07-15T04:32:57.5293|INFO|SequenceItem.cs|Run|254|Finishing Category: * Set di Istruzioni *, Container: NINA.Sequencer.Container.SequentialContainer, Strategy: SequentialStrategy, Items[FINISHED]: 3
2026-07-15T04:32:57.5294|INFO|MeridianFlipTrigger.cs|ShouldTrigger|296|Meridian Flip - (Side of Pier usage is disabled) There is still time remaining. Max remaining time 05:30:14.5183042, next instruction time 0, next instruction Category: Guida, Item: StopGuiding
2026-07-15T04:32:57.5295|INFO|SequenceItem.cs|Run|208|Starting Category: Guida, Item: StopGuiding
2026-07-15T04:32:58.8241|INFO|SequenceItem.cs|Run|254|Finishing Category: Guida, Item: StopGuiding
2026-07-15T04:32:58.9209|INFO|MeridianFlipTrigger.cs|ShouldTrigger|296|Meridian Flip - (Side of Pier usage is disabled) There is still time remaining. Max remaining time 05:30:12.4895614, next instruction time 0, next instruction Category: Telescopio, Item: SetTracking, TrackingMode: Stopped
2026-07-15T04:32:58.9218|INFO|SequenceItem.cs|Run|208|Starting Category: Telescopio, Item: SetTracking, TrackingMode: Stopped
2026-07-15T04:32:58.9280|INFO|SequenceItem.cs|Run|254|Finishing Category: Telescopio, Item: SetTracking, TrackingMode: Stopped
2026-07-15T04:32:58.9286|INFO|MeridianFlipTrigger.cs|ShouldTrigger|296|Meridian Flip - (Side of Pier usage is disabled) There is still time remaining. Max remaining time 05:30:12.4895614, next instruction time 0, next instruction Category: Telescopio, Item: FindHome
2026-07-15T04:32:58.9287|INFO|SequenceItem.cs|Run|208|Starting Category: Telescopio, Item: FindHome
2026-07-15T04:32:58.9618|INFO|PHD2Guider.cs|StopGuiding|704|Phd2 - Stop Guiding skipped, as the app is already in state Stopped
2026-07-15T04:32:58.9628|INFO|TelescopeVM.cs|FindHome|292|Mount ordered to locate home position
2026-07-15T04:33:12.6076|INFO|TelescopeVM.cs|FindHome|348|Mount has located its home position
2026-07-15T04:33:12.6078|INFO|SequenceItem.cs|Run|254|Finishing Category: Telescopio, Item: FindHome
2026-07-15T04:33:12.6080|INFO|MeridianFlipTrigger.cs|ShouldTrigger|197|Meridian Flip - Telescope is at home position. Skip flip evaluation
2026-07-15T04:33:12.6080|INFO|SequenceItem.cs|Run|208|Starting Category: Apparato per i Flat, Item: CloseCover
2026-07-15T04:33:12.6123|INFO|FlatDeviceVM.cs|CloseCover|341|Closing Flat Device Cover
2026-07-15T04:33:37.9815|INFO|SequenceItem.cs|Run|254|Finishing Category: Apparato per i Flat, Item: CloseCover
2026-07-15T04:33:37.9823|INFO|MeridianFlipTrigger.cs|ShouldTrigger|197|Meridian Flip - Telescope is at home position. Skip flip evaluation
2026-07-15T04:33:37.9824|INFO|SequenceItem.cs|Run|208|Starting Category: Osservatorio, Item: CloseDomeShutter
2026-07-15T04:33:37.9826|INFO|DomeVM.cs|CloseShutter|544|Closing dome shutter. Shutter state before closing ShutterOpen
2026-07-15T04:33:37.9845|INFO|AscomDome.cs|CloseShutter|245|Sending a CloseShutter request, since it is currently ShutterOpen
2026-07-15T04:34:25.3671|INFO|DomeVM.cs|CloseShutter|550|Closed dome shutter. Shutter state after closing ShutterClosed
2026-07-15T04:34:25.3684|INFO|SequenceItem.cs|Run|254|Finishing Category: Osservatorio, Item: CloseDomeShutter
2026-07-15T04:34:25.3692|INFO|MeridianFlipTrigger.cs|ShouldTrigger|197|Meridian Flip - Telescope is at home position. Skip flip evaluation
2026-07-15T04:34:25.3693|INFO|SequenceItem.cs|Run|208|Starting Category: Fotocamera, Item: WarmCamera, Duration: 5
2026-07-15T04:34:25.3695|INFO|CameraVM.cs|WarmCamera|161|Warming Camera. Duration: 00:05:00
2026-07-15T04:39:47.0066|INFO|CameraVM.cs|WarmCamera|186|Turning cooler off
2026-07-15T04:39:47.0779|INFO|SequenceItem.cs|Run|254|Finishing Category: Fotocamera, Item: WarmCamera, Duration: 5
2026-07-15T04:39:47.0782|INFO|MeridianFlipTrigger.cs|ShouldTrigger|197|Meridian Flip - Telescope is at home position. Skip flip evaluation
2026-07-15T04:39:47.0782|INFO|SequenceItem.cs|Run|208|Starting Category: Connetti, Item: DisconnectEquipment, Selected device: Camera
2026-07-15T04:39:47.2234|INFO|CameraVM.cs|Disconnect|650|Disconnected Camera
2026-07-15T04:39:47.2239|INFO|SequenceItem.cs|Run|254|Finishing Category: Connetti, Item: DisconnectEquipment, Selected device: Camera
2026-07-15T04:39:47.2241|INFO|MeridianFlipTrigger.cs|ShouldTrigger|197|Meridian Flip - Telescope is at home position. Skip flip evaluation
2026-07-15T04:39:47.2241|INFO|SequenceItem.cs|Run|208|Starting Category: Connetti, Item: DisconnectEquipment, Selected device: Filter Wheel
2026-07-15T04:39:47.2243|INFO|AscomDevice.cs|Disconnect|378|Disconnecting from ASCOM.ToupTek.FilterWheel ASCOM.ToupTek.FilterWheel
2026-07-15T04:39:47.2325|INFO|FilterWheelVM.cs|Disconnect|333|Disconnected Filter Wheel
2026-07-15T04:39:47.2330|INFO|SequenceItem.cs|Run|254|Finishing Category: Connetti, Item: DisconnectEquipment, Selected device: Filter Wheel
2026-07-15T04:39:47.2331|INFO|MeridianFlipTrigger.cs|ShouldTrigger|197|Meridian Flip - Telescope is at home position. Skip flip evaluation
2026-07-15T04:39:47.2332|INFO|SequenceItem.cs|Run|208|Starting Category: Connetti, Item: DisconnectEquipment, Selected device: Focuser
2026-07-15T04:39:47.2353|INFO|AscomDevice.cs|Disconnect|378|Disconnecting from ASCOM.ArcoEsatto.Focuser PLL Focuser v3.7
2026-07-15T04:39:47.3042|INFO|FocuserVM.cs|Disconnect|441|Disconnected Focuser
2026-07-15T04:39:47.3046|INFO|SequenceItem.cs|Run|254|Finishing Category: Connetti, Item: DisconnectEquipment, Selected device: Focuser
2026-07-15T04:39:47.3048|INFO|MeridianFlipTrigger.cs|ShouldTrigger|197|Meridian Flip - Telescope is at home position. Skip flip evaluation
2026-07-15T04:39:47.3048|INFO|SequenceItem.cs|Run|208|Starting Category: Connetti, Item: DisconnectEquipment, Selected device: Mount
2026-07-15T04:39:47.3104|INFO|AscomDevice.cs|Disconnect|378|Disconnecting from ASCOM.Optec ASCOM.Telescope CPWI_ASCOM_Telescope
2026-07-15T04:39:47.3186|INFO|TelescopeVM.cs|Disconnect|740|Disconnected mount
2026-07-15T04:39:47.3190|INFO|SequenceItem.cs|Run|254|Finishing Category: Connetti, Item: DisconnectEquipment, Selected device: Mount
2026-07-15T04:39:47.3191|ERROR|MeridianFlipTrigger.cs|ShouldTrigger|183|Meridian Flip - Telescope is not connected to evaluate if a flip should happen!
2026-07-15T04:39:47.3192|INFO|SequenceItem.cs|Run|208|Starting Category: Connetti, Item: DisconnectEquipment, Selected device: Guider
2026-07-15T04:39:47.3199|INFO|SequenceItem.cs|Run|254|Finishing Category: Connetti, Item: DisconnectEquipment, Selected device: Guider
2026-07-15T04:39:47.3200|ERROR|MeridianFlipTrigger.cs|ShouldTrigger|183|Meridian Flip - Telescope is not connected to evaluate if a flip should happen!
2026-07-15T04:39:47.3201|INFO|SequenceItem.cs|Run|208|Starting Category: Connetti, Item: DisconnectEquipment, Selected device: Flat Panel
2026-07-15T04:39:47.3259|INFO|AscomDevice.cs|Disconnect|378|Disconnecting from ASCOM.WandererCover2.CoverCalibrator WandererEmpire Cover 2
2026-07-15T04:39:47.3412|INFO|FlatDeviceVM.cs|Disconnect|289|Disconnected Flat Device
2026-07-15T04:39:47.3465|INFO|SequenceItem.cs|Run|254|Finishing Category: Connetti, Item: DisconnectEquipment, Selected device: Flat Panel
2026-07-15T04:39:47.3470|ERROR|MeridianFlipTrigger.cs|ShouldTrigger|183|Meridian Flip - Telescope is not connected to evaluate if a flip should happen!
2026-07-15T04:39:47.3472|INFO|SequenceItem.cs|Run|208|Starting Category: Connetti, Item: DisconnectEquipment, Selected device: Weather
2026-07-15T04:39:47.3997|INFO|AscomDevice.cs|Disconnect|378|Disconnecting from ASCOM.CloudWatcher.ObservingConditions CloudWatcher ObsCond
2026-07-15T04:39:47.4082|INFO|WeatherDataVM.cs|Disconnect|305|Disconnected Weather Device
2026-07-15T04:39:47.4085|INFO|SequenceItem.cs|Run|254|Finishing Category: Connetti, Item: DisconnectEquipment, Selected device: Weather
2026-07-15T04:39:47.4087|ERROR|MeridianFlipTrigger.cs|ShouldTrigger|183|Meridian Flip - Telescope is not connected to evaluate if a flip should happen!
2026-07-15T04:39:47.4088|INFO|SequenceItem.cs|Run|208|Starting Category: Connetti, Item: DisconnectEquipment, Selected device: Dome
2026-07-15T04:39:47.4116|INFO|AscomDevice.cs|Disconnect|378|Disconnecting from ASCOM.TS_Shelter.Dome Shelter Dome
2026-07-15T04:39:47.6805|INFO|DomeVM.cs|Disconnect|355|Disconnected Dome Device
2026-07-15T04:39:47.6809|INFO|SequenceItem.cs|Run|254|Finishing Category: Connetti, Item: DisconnectEquipment, Selected device: Dome
2026-07-15T04:39:47.6811|ERROR|MeridianFlipTrigger.cs|ShouldTrigger|183|Meridian Flip - Telescope is not connected to evaluate if a flip should happen!
2026-07-15T04:39:47.6812|INFO|SequenceItem.cs|Run|208|Starting Category: Connetti, Item: DisconnectEquipment, Selected device: Safety Monitor
2026-07-15T04:39:47.6871|INFO|SafetyMonitorVM.cs|UpdateMonitorValues|95|SafetyMonitorInfo state changed to Unsafe
2026-07-15T04:39:47.6872|INFO|AscomDevice.cs|Disconnect|378|Disconnecting from ASCOM.Hub.SafetyMonitor Short driver name - please customise
2026-07-15T04:39:48.4645|INFO|SafetyMonitorVM.cs|Disconnect|221|Disconnected Safety Monitor
2026-07-15T04:39:48.4649|INFO|SequenceItem.cs|Run|254|Finishing Category: Connetti, Item: DisconnectEquipment, Selected device: Safety Monitor
2026-07-15T04:39:48.4653|INFO|SequenceItem.cs|Run|254|Finishing Category: * Set di Istruzioni *, Container: NINA.Sequencer.Container.SequentialContainer, Strategy: SequentialStrategy, Items[FINISHED]: 17
2026-07-15T04:39:48.4655|INFO|SequenceItem.cs|Run|254|Finishing Category: * Set di Istruzioni *, Container: NINA.Sequencer.Container.EndAreaContainer, Strategy: SequentialStrategy, Items[FINISHED]: 1
2026-07-15T04:39:48.4656|INFO|SequenceItem.cs|Run|254|Finishing Category: * Set di Istruzioni *, Container: NINA.Sequencer.Container.SequenceRootContainer, Strategy: SequentialStrategy, Items[FINISHED]: 3, Triggers: Trigger: MeridianFlipTriggerTrigger: RestoreGuidingTrigger: AutofocusAfterHFRIncreaseTrigger, Amount: 5Trigger: AutofocusAfterFilterChange
2026-07-15T04:39:48.4670|INFO|Sequence2VM.cs|StartSequence|548|Advanced Sequence finished
2026-07-15T08:55:15.3654|INFO|Thumbnail.cs|LoadOriginalImage|40|Reloading image from D:\Images NINA\Target\LIGHT_1x1_600.00s_910_99_LDN 1320_Skywatcher quattro 200p__-9.90C__0018_2026-07-15_04-12-33_FWHM_7.08_Fok_116723.xisf
2026-07-15T08:55:30.9176|INFO|Thumbnail.cs|LoadOriginalImage|40|Reloading image from D:\Images NINA\Target\LIGHT_1x1_600.00s_910_99_LDN 1320_Skywatcher quattro 200p__-9.90C__0017_2026-07-15_03-57-28_FWHM_6.78_Fok_116840.xisf
2026-07-15T08:56:09.2085|INFO|Sequence2VM.cs|UnlockSequence|144|Sequencer locked
2026-07-15T08:58:30.8994|INFO|ApplicationVM.cs|Exit|244|Shutting down application - requested by user
2026-07-15T08:58:31.0061|INFO|ApplicationVM.cs|Closing|289|Application shutting down
2026-07-15T08:58:31.0380|INFO|DomeVM.cs|Disconnect|355|Disconnected Dome Device
2026-07-15T08:58:31.0383|INFO|FlatDeviceVM.cs|Disconnect|289|Disconnected Flat Device
2026-07-15T08:58:31.0647|INFO|CameraVM.cs|Disconnect|650|Disconnected Camera
2026-07-15T08:58:31.0652|INFO|TelescopeVM.cs|Disconnect|740|Disconnected mount
2026-07-15T08:58:31.0655|INFO|FilterWheelVM.cs|Disconnect|333|Disconnected Filter Wheel
2026-07-15T08:58:31.0660|INFO|FocuserVM.cs|Disconnect|441|Disconnected Focuser
2026-07-15T08:58:31.0711|INFO|RotatorVM.cs|Disconnect|447|Disconnected Rotator
2026-07-15T08:58:31.0746|INFO|SwitchVM.cs|Disconnect|309|Disconnected Switch
2026-07-15T08:58:31.0752|INFO|WeatherDataVM.cs|Disconnect|305|Disconnected Weather Device
2026-07-15T08:58:31.0754|INFO|SafetyMonitorVM.cs|Disconnect|221|Disconnected Safety Monitor
