----------------------------------------------------------------------
--------------N.I.N.A. - Nighttime Imaging 'N' Astronomy--------------
--------------------------Version 3.2.0.9001--------------------------
-------------------------2026-09-07T16:46:54--------------------------
----------------------------------------------------------------------
---------------------Microsoft Windows 10.0.17763---------------------
-------------------------OS Architecture X64--------------------------
-----------------------Process Architecture X64-----------------------
-----------------------------.NET 8.0.21------------------------------
----------------------------------------------------------------------
--------------------------Processor Count 2---------------------------
--------------------Total Physical Memory 11.68 GB--------------------
----------------------------------------------------------------------
DATE|LEVEL|SOURCE|MEMBER|LINE|MESSAGE
2026-09-07T16:46:54.6749|INFO|CameraChooserVM.cs|GetEquipment|69|Found 0 ASI Cameras
2026-09-07T16:46:56.2349|INFO|CameraChooserVM.cs|GetEquipment|84|Found 0 Altair Cameras
2026-09-07T16:46:56.5747|INFO|CameraChooserVM.cs|GetEquipment|96|Found 0 Atik Cameras
2026-09-07T16:46:56.6592|INFO|CameraChooserVM.cs|GetEquipment|110|Found 0 FLI Cameras
2026-09-07T16:46:57.9688|INFO|CameraChooserVM.cs|GetEquipment|130|Found 0 QHYCCD Cameras
2026-09-07T16:47:00.2245|INFO|CameraChooserVM.cs|GetEquipment|158|Found 0 ToupTek Cameras
2026-09-07T16:47:00.4543|INFO|CameraChooserVM.cs|GetEquipment|173|Found 0 Ogma Cameras
2026-09-07T16:47:00.7880|INFO|CameraChooserVM.cs|GetEquipment|188|Found 0 Omegon Cameras
2026-09-07T16:47:00.8009|INFO|PluginLoader.cs|LoadPlugin|402|Successfully loaded plugin Connector version 2.1.0.2 by Stefan Berg @isbeorn
2026-09-07T16:47:01.4968|INFO|CameraChooserVM.cs|GetEquipment|203|Found 0 RisingCam Cameras
2026-09-07T16:47:01.8367|INFO|CameraChooserVM.cs|GetEquipment|218|Found 0 MallinCam Cameras
2026-09-07T16:47:02.0340|INFO|CameraChooserVM.cs|GetEquipment|243|Found 0 SVBony Cameras
2026-09-07T16:47:02.0377|INFO|CameraChooserVM.cs|GetEquipment|259|Found 0 SBIG Cameras
2026-09-07T16:47:02.4493|INFO|PluginLoader.cs|LoadPlugin|402|Successfully loaded plugin Digital StarGate Observatory Telemetry Exporter version 0.3.1.0 by Digital StarGate
2026-09-07T16:47:09.9686|INFO|PluginLoader.cs|LoadPlugin|402|Successfully loaded plugin Hocus Focus version 3.0.0.25 by George Hilios (jokogeo)
2026-09-07T16:47:11.1024|INFO|PluginLoader.cs|LoadPlugin|402|Successfully loaded plugin Remote Copy version 3.0.1.0 by Tom Palmer @tcpalmer
2026-09-07T16:47:40.7650|INFO|PluginLoader.cs|LoadPlugin|402|Successfully loaded plugin RTSP Client version 3.1.0.6 by Stefan Berg @isbeorn
2026-09-07T16:47:41.0644|INFO|PluginLoader.cs|LoadPlugin|402|Successfully loaded plugin Three Point Polar Alignment version 2.2.4.3 by Stefan Berg @isbeorn
2026-09-07T16:47:41.2802|INFO|PluginLoader.cs|LoadPlugin|402|Successfully loaded plugin WandererAstro Tools version 3.0.0.0 by WandererAstro
2026-09-07T16:47:43.1966|INFO|PluginFetcher.cs|RequestAll|43|Fetching plugin manifests from https://nighttime-imaging.eu/wp-json/nina/v1/plugins/manifests
2026-09-07T16:47:46.1349|INFO|ApplicationVM.cs|CheckASCOMPlatformVersion|81|ASCOM Platform 7.1.3.4851 installed
2026-09-07T16:47:46.5298|INFO|SwitchChooserVM.cs|GetEquipment|71|Found 0 Alpaca Switch Hubs
2026-09-07T16:47:47.5316|INFO|CameraChooserVM.cs|GetEquipment|279|Found 0 SVBony Cameras
2026-09-07T16:47:47.6377|INFO|CameraChooserVM.cs|GetEquipment|279|Found 0 PlayerOne Cameras
2026-09-07T16:47:47.7048|INFO|CameraChooserVM.cs|GetEquipment|279|Found 0 ASTPAN Cameras
2026-09-07T16:47:47.7081|INFO|CameraChooserVM.cs|GetEquipment|293|Found 13 ASCOM Cameras
2026-09-07T16:47:47.8447|INFO|ApplicationVM.cs|CheckDiskInfo|100|Available Space on Drive C:\: 2.15 GB
2026-09-07T16:47:47.8450|INFO|ApplicationVM.cs|CheckDiskInfo|100|Available Space on Drive D:\: 329.66 GB
2026-09-07T16:47:48.7271|INFO|TelescopeChooserVM.cs|GetEquipment|69|Found 0 Alpaca Telescopes
2026-09-07T16:47:48.7931|INFO|RotatorChooserVM.cs|GetEquipment|68|Found 0 Alpaca Rotators
2026-09-07T16:47:48.9430|INFO|FilterWheelChooserVM.cs|GetEquipment|193|Found 0 Alpaca Filter Wheels
2026-09-07T16:47:48.9506|INFO|FocuserChooserVM.cs|GetEquipment|84|Found 0 Alpaca Focusers
2026-09-07T16:47:50.7067|INFO|PluginFetcher.cs|RequestAll|57|Found 95 valid plugins at https://nighttime-imaging.eu/wp-json/nina/v1/plugins/manifests
2026-09-07T16:47:50.7413|INFO|CameraChooserVM.cs|GetEquipment|305|Found 0 Alpaca Cameras
2026-09-07T16:47:50.7455|INFO|CameraChooserVM.cs|GetEquipment|318|Found 0 Canon Cameras
2026-09-07T16:47:50.8323|INFO|DomeChooserVM.cs|GetEquipment|67|Found 0 Alpaca Domes
2026-09-07T16:47:50.8387|INFO|SafetyMonitorChooserVM.cs|GetEquipment|71|Found 0 Alpaca Safety Monitors
2026-09-07T16:47:50.8679|INFO|WeatherDataChooserVM.cs|GetEquipment|69|Found 0 Alpaca Observing Conditions
2026-09-07T16:47:50.8775|INFO|FlatDeviceChooserVM.cs|GetEquipment|67|Found 0 Alpaca Cover Calibrators
2026-09-07T19:54:53.1237|INFO|ApplicationDeviceConnectionVM.cs|UsbDeviceWatcher_DeviceInserted|232|New USB device detected DeviceId: USB\VID_15A2&PID_A50F\_CGX_V1, PnpDeviceId: USB\VID_15A2&PID_A50F\_CGX_V1, Description: Dispositivo seriale USB, Name: USB Serial Device (COM15), Manufacturer: Microsoft, Service: usbser, Status: OK
2026-09-07T19:58:47.6483|INFO|ApplicationDeviceConnectionVM.cs|UsbDeviceWatcher_DeviceInserted|232|New USB device detected DeviceId: USB\VID_0424&PID_2807\5&144E4AB&0&4, PnpDeviceId: USB\VID_0424&PID_2807\5&144E4AB&0&4, Description: Hub USB generico, Name: Hub USB generico, Manufacturer: (HUB USB standard), Service: USBHUB3, Status: OK
2026-09-07T19:58:47.6485|INFO|ApplicationDeviceConnectionVM.cs|UsbDeviceWatcher_DeviceInserted|232|New USB device detected DeviceId: USB\VID_0424&PID_5807\5&144E4AB&0&13, PnpDeviceId: USB\VID_0424&PID_5807\5&144E4AB&0&13, Description: Hub USB SuperSpeed generico, Name: Hub USB SuperSpeed generico, Manufacturer: (HUB USB standard), Service: USBHUB3, Status: OK
2026-09-07T19:58:49.8559|INFO|ApplicationDeviceConnectionVM.cs|UsbDeviceWatcher_DeviceInserted|232|New USB device detected DeviceId: USB\VID_2109&PID_0813\5&144E4AB&0&12, PnpDeviceId: USB\VID_2109&PID_0813\5&144E4AB&0&12, Description: Hub USB SuperSpeed generico, Name: Hub USB SuperSpeed generico, Manufacturer: (HUB USB standard), Service: USBHUB3, Status: OK
2026-09-07T19:58:49.8561|INFO|ApplicationDeviceConnectionVM.cs|UsbDeviceWatcher_DeviceInserted|232|New USB device detected DeviceId: USB\VID_2109&PID_2813\5&144E4AB&0&3, PnpDeviceId: USB\VID_2109&PID_2813\5&144E4AB&0&3, Description: Hub USB generico, Name: Hub USB generico, Manufacturer: (HUB USB standard), Service: USBHUB3, Status: OK
2026-09-07T19:58:49.8562|INFO|ApplicationDeviceConnectionVM.cs|UsbDeviceWatcher_DeviceInserted|232|New USB device detected DeviceId: USB\VID_0403&PID_6015\PPBA671NR5, PnpDeviceId: USB\VID_0403&PID_6015\PPBA671NR5, Description: USB Serial Converter, Name: USB Serial Converter, Manufacturer: FTDI, Service: FTDIBUS, Status: OK
2026-09-07T19:58:49.8562|INFO|ApplicationDeviceConnectionVM.cs|UsbDeviceWatcher_DeviceInserted|232|New USB device detected DeviceId: USB\VID_0403&PID_6015\UCH4OV5CO, PnpDeviceId: USB\VID_0403&PID_6015\UCH4OV5CO, Description: USB Serial Converter, Name: USB Serial Converter, Manufacturer: FTDI, Service: FTDIBUS, Status: OK
2026-09-07T19:58:49.8562|INFO|ApplicationDeviceConnectionVM.cs|UsbDeviceWatcher_DeviceInserted|232|New USB device detected DeviceId: USB\VID_03C3&PID_120C\6&2EF655E5&0&4, PnpDeviceId: USB\VID_03C3&PID_120C\6&2EF655E5&0&4, Description: ZWO ASI120MM Mini Camera, Name: ZWO ASI120MM Mini Camera, Manufacturer: ZWO, Service: ASICAMUSB3, Status: OK
2026-09-07T19:58:52.2574|INFO|ApplicationDeviceConnectionVM.cs|UsbDeviceWatcher_DeviceInserted|232|New USB device detected DeviceId: USB\VID_1A86&PID_7523\6&2CA8C582&0&4, PnpDeviceId: USB\VID_1A86&PID_7523\6&2CA8C582&0&4, Description: USB-SERIAL CH340, Name: USB-SERIAL CH340 (COM34), Manufacturer: wch.cn, Service: CH341SER_A64, Status: OK
2026-09-07T19:58:55.1141|INFO|CameraChooserVM.cs|GetEquipment|69|Found 1 ASI Cameras
2026-09-07T19:58:55.1435|INFO|ApplicationDeviceConnectionVM.cs|UsbDeviceWatcher_DeviceInserted|232|New USB device detected DeviceId: USB\VID_1A40&PID_0101\6&2EF655E5&0&3, PnpDeviceId: USB\VID_1A40&PID_0101\6&2EF655E5&0&3, Description: Hub USB generico, Name: Hub USB generico, Manufacturer: (HUB USB standard), Service: USBHUB3, Status: OK
2026-09-07T19:58:55.1436|INFO|ApplicationDeviceConnectionVM.cs|UsbDeviceWatcher_DeviceInserted|232|New USB device detected DeviceId: USB\VID_0547&PID_1433\6&1727222E&0&3, PnpDeviceId: USB\VID_0547&PID_1433\6&1727222E&0&3, Description: Dispositivo WinUSB, Name: USB3.0 Camera, Manufacturer: Dispositivo WinUSB, Service: WINUSB, Status: OK
2026-09-07T19:58:55.1437|INFO|ApplicationDeviceConnectionVM.cs|UsbDeviceWatcher_DeviceInserted|232|New USB device detected DeviceId: USB\VID_0403&PID_6015\PA47RVMY, PnpDeviceId: USB\VID_0403&PID_6015\PA47RVMY, Description: USB Serial Converter, Name: USB Serial Converter, Manufacturer: FTDI, Service: FTDIBUS, Status: OK
2026-09-07T19:58:55.1437|INFO|ApplicationDeviceConnectionVM.cs|UsbDeviceWatcher_DeviceInserted|232|New USB device detected DeviceId: USB\VID_1A40&PID_0201\6&2CA8C582&0&2, PnpDeviceId: USB\VID_1A40&PID_0201\6&2CA8C582&0&2, Description: Hub USB generico, Name: Hub USB generico, Manufacturer: (HUB USB standard), Service: USBHUB3, Status: OK
2026-09-07T19:58:55.1437|INFO|ApplicationDeviceConnectionVM.cs|UsbDeviceWatcher_DeviceInserted|232|New USB device detected DeviceId: USB\VID_0424&PID_2412\6&2EF655E5&0&2, PnpDeviceId: USB\VID_0424&PID_2412\6&2EF655E5&0&2, Description: Hub USB generico, Name: Hub USB generico, Manufacturer: (HUB USB standard), Service: USBHUB3, Status: OK
2026-09-07T19:58:55.1438|INFO|ApplicationDeviceConnectionVM.cs|UsbDeviceWatcher_DeviceInserted|232|New USB device detected DeviceId: USB\VID_1618&PID_0920\7&7EA6B39&0&1, PnpDeviceId: USB\VID_1618&PID_0920\7&7EA6B39&0&1, Description: QHY5II, Name: QHY5II, Manufacturer: QHY CCD, Service: QHY5II_FW, Status: Unknown
2026-09-07T19:58:55.1438|INFO|ApplicationDeviceConnectionVM.cs|UsbDeviceWatcher_DeviceInserted|232|New USB device detected DeviceId: USB\VID_1618&PID_6952\7&7EA6B39&0&4, PnpDeviceId: USB\VID_1618&PID_6952\7&7EA6B39&0&4, Description: QHY695A, Name: QHY695A, Manufacturer: QHY CCD, Service: QHY695A_FW, Status: Unknown
2026-09-07T19:58:55.1853|INFO|CameraChooserVM.cs|GetEquipment|84|Found 1 Altair Cameras
2026-09-07T19:58:55.4113|INFO|CameraChooserVM.cs|GetEquipment|96|Found 0 Atik Cameras
2026-09-07T19:58:55.4123|INFO|CameraChooserVM.cs|GetEquipment|110|Found 0 FLI Cameras
2026-09-07T19:58:55.4126|INFO|CameraChooserVM.cs|GetEquipment|130|Found 0 QHYCCD Cameras
2026-09-07T19:58:55.7183|INFO|CameraChooserVM.cs|GetEquipment|158|Found 2 ToupTek Cameras
2026-09-07T19:58:55.7462|INFO|CameraChooserVM.cs|GetEquipment|173|Found 1 Ogma Cameras
2026-09-07T19:58:55.7709|INFO|CameraChooserVM.cs|GetEquipment|188|Found 2 Omegon Cameras
2026-09-07T19:58:56.0959|INFO|CameraChooserVM.cs|GetEquipment|203|Found 2 RisingCam Cameras
2026-09-07T19:58:56.1388|INFO|CameraChooserVM.cs|GetEquipment|218|Found 1 MallinCam Cameras
2026-09-07T19:58:56.1459|INFO|CameraChooserVM.cs|GetEquipment|243|Found 1 SVBony Cameras
2026-09-07T19:58:56.1488|INFO|CameraChooserVM.cs|GetEquipment|259|Found 0 SBIG Cameras
2026-09-07T19:58:56.1493|INFO|CameraChooserVM.cs|GetEquipment|279|Found 0 SVBony Cameras
2026-09-07T19:58:56.1497|INFO|CameraChooserVM.cs|GetEquipment|279|Found 0 PlayerOne Cameras
2026-09-07T19:58:56.1537|INFO|CameraChooserVM.cs|GetEquipment|279|Found 0 ASTPAN Cameras
2026-09-07T19:58:56.1555|INFO|CameraChooserVM.cs|GetEquipment|293|Found 13 ASCOM Cameras
2026-09-07T19:58:56.5154|INFO|ApplicationDeviceConnectionVM.cs|UsbDeviceWatcher_DeviceRemoved|237|USB Device disconnected DeviceId: USB\VID_1618&PID_0920\7&7EA6B39&0&1, PnpDeviceId: USB\VID_1618&PID_0920\7&7EA6B39&0&1, Description: QHY5II, Name: QHY5II, Manufacturer: QHY CCD, Service: QHY5II_FW, Status: Unknown
2026-09-07T19:58:56.5155|INFO|ApplicationDeviceConnectionVM.cs|UsbDeviceWatcher_DeviceRemoved|237|USB Device disconnected DeviceId: USB\VID_1618&PID_6952\7&7EA6B39&0&4, PnpDeviceId: USB\VID_1618&PID_6952\7&7EA6B39&0&4, Description: QHY695A, Name: QHY695A, Manufacturer: QHY CCD, Service: QHY695A_FW, Status: Unknown
2026-09-07T19:58:58.1586|INFO|CameraChooserVM.cs|GetEquipment|305|Found 0 Alpaca Cameras
2026-09-07T19:58:58.1597|INFO|CameraChooserVM.cs|GetEquipment|318|Found 0 Canon Cameras
2026-09-07T19:58:59.1872|INFO|ApplicationDeviceConnectionVM.cs|UsbDeviceWatcher_DeviceInserted|232|New USB device detected DeviceId: USB\VID_1618&PID_0921\7&7EA6B39&0&1, PnpDeviceId: USB\VID_1618&PID_0921\7&7EA6B39&0&1, Description: QHY5II, Name: QHY5II, Manufacturer: QHY CCD, Service: QHY5II_IO, Status: OK
2026-09-07T19:58:59.1873|INFO|ApplicationDeviceConnectionVM.cs|UsbDeviceWatcher_DeviceInserted|232|New USB device detected DeviceId: USB\VID_1618&PID_6953\7&7EA6B39&0&4, PnpDeviceId: USB\VID_1618&PID_6953\7&7EA6B39&0&4, Description: QHY695A, Name: QHY695A, Manufacturer: QHY CCD, Service: QHY695A_IO, Status: OK
2026-09-07T19:59:20.2703|INFO|CameraChooserVM.cs|GetEquipment|69|Found 1 ASI Cameras
2026-09-07T19:59:20.3339|INFO|CameraChooserVM.cs|GetEquipment|84|Found 1 Altair Cameras
2026-09-07T19:59:20.4603|INFO|CameraChooserVM.cs|GetEquipment|96|Found 0 Atik Cameras
2026-09-07T19:59:20.4613|INFO|CameraChooserVM.cs|GetEquipment|110|Found 0 FLI Cameras
2026-09-07T19:59:20.4614|INFO|CameraChooserVM.cs|GetEquipment|130|Found 2 QHYCCD Cameras
2026-09-07T19:59:20.7754|INFO|CameraChooserVM.cs|GetEquipment|158|Found 2 ToupTek Cameras
2026-09-07T19:59:20.7843|INFO|CameraChooserVM.cs|GetEquipment|173|Found 1 Ogma Cameras
2026-09-07T19:59:20.8062|INFO|CameraChooserVM.cs|GetEquipment|188|Found 2 Omegon Cameras
2026-09-07T19:59:21.0926|INFO|CameraChooserVM.cs|GetEquipment|203|Found 2 RisingCam Cameras
2026-09-07T19:59:21.1157|INFO|CameraChooserVM.cs|GetEquipment|218|Found 1 MallinCam Cameras
2026-09-07T19:59:21.1185|INFO|CameraChooserVM.cs|GetEquipment|243|Found 1 SVBony Cameras
2026-09-07T19:59:21.1209|INFO|CameraChooserVM.cs|GetEquipment|259|Found 0 SBIG Cameras
2026-09-07T19:59:21.1210|INFO|CameraChooserVM.cs|GetEquipment|279|Found 0 SVBony Cameras
2026-09-07T19:59:21.1212|INFO|CameraChooserVM.cs|GetEquipment|279|Found 0 PlayerOne Cameras
2026-09-07T19:59:21.1246|INFO|CameraChooserVM.cs|GetEquipment|279|Found 0 ASTPAN Cameras
2026-09-07T19:59:21.1262|INFO|CameraChooserVM.cs|GetEquipment|293|Found 13 ASCOM Cameras
2026-09-07T19:59:23.1267|INFO|CameraChooserVM.cs|GetEquipment|305|Found 0 Alpaca Cameras
2026-09-07T19:59:23.1271|INFO|CameraChooserVM.cs|GetEquipment|318|Found 0 Canon Cameras
2026-09-07T19:59:24.5741|INFO|CameraVM.cs|Disconnect|650|Disconnected Camera
2026-09-07T19:59:24.5808|INFO|QHYCamera.cs|ConnectSync|766|QHYCCD: Connecting to 695A-M-0037ec709603ca4e3
2026-09-07T19:59:28.0312|INFO|FilterWheelVM.cs|Disconnect|333|Disconnected Filter Wheel
2026-09-07T19:59:30.2539|INFO|FocuserVM.cs|Disconnect|441|Disconnected Focuser
2026-09-07T19:59:31.5562|INFO|FilterWheelChooserVM.cs|GetEquipment|193|Found 0 Alpaca Filter Wheels
2026-09-07T19:59:31.7205|INFO|FilterWheelVM.cs|ChooseFW|279|Successfully connected Filter Wheel. Id: 695A-M-0037ec709603ca4e3 Name: 695A-M 8-Slot Filter Wheel DisplayName: 695A-M 8-Slot Filter Wheel Driver Version: 1.0
2026-09-07T19:59:33.1174|INFO|FocuserVM.cs|ChooseFocuser|333|Successfully connected Focuser. Id: ASCOM.PegasusAstro.Focuser Name: Pegasus Astro Focus Controller DisplayName: Pegasus Astro Focus Controller (ASCOM) Driver Version: 2.20
2026-09-07T19:59:49.4892|INFO|FlatDeviceVM.cs|Disconnect|289|Disconnected Flat Device
2026-09-07T20:00:52.9884|INFO|FlatDeviceVM.cs|Connect|241|Successfully connected flat device. Id: ASCOM.WandererCover1.CoverCalibrator Name: WandererEmpire Cover 1 DisplayName: WandererEmpire Cover 1 (ASCOM) Driver Version: 2.0
2026-09-07T20:01:00.7041|INFO|WeatherDataVM.cs|Disconnect|305|Disconnected Weather Device
2026-09-07T20:01:02.9646|INFO|AscomDevice.cs|GetProperty|527|Property ObservingConditions.SkyBrightness GET is not implemented in this driver (CloudWatcher ObsCond)
2026-09-07T20:01:02.9736|INFO|AscomDevice.cs|GetProperty|527|Property ObservingConditions.SkyQuality GET is not implemented in this driver (CloudWatcher ObsCond)
2026-09-07T20:01:02.9882|INFO|AscomDevice.cs|GetProperty|527|Property ObservingConditions.StarFWHM GET is not implemented in this driver (CloudWatcher ObsCond)
2026-09-07T20:01:03.0037|INFO|AscomDevice.cs|GetProperty|527|Property ObservingConditions.WindDirection GET is not implemented in this driver (CloudWatcher ObsCond)
2026-09-07T20:01:03.0275|INFO|WeatherDataVM.cs|ChooseWeatherData|150|Successfully connected Weather Device. Id: ASCOM.CloudWatcher.ObservingConditions Name: CloudWatcher ObsCond DisplayName: CloudWatcher ObsCond (ASCOM) Driver Version: 1.1
2026-09-07T20:01:11.0043|INFO|DomeVM.cs|Disconnect|355|Disconnected Dome Device
2026-09-07T20:01:12.1922|INFO|AscomDevice.cs|GetProperty|527|Property Dome.AtPark GET is not implemented in this driver (Shelter Dome)
2026-09-07T20:01:12.2038|INFO|AscomDevice.cs|GetProperty|527|Property Dome.AtHome GET is not implemented in this driver (Shelter Dome)
2026-09-07T20:01:12.2287|INFO|AscomDevice.cs|GetProperty|527|Property Dome.Azimuth GET is not implemented in this driver (Shelter Dome)
2026-09-07T20:01:15.7096|INFO|DomeVM.cs|ChooseDome|198|Successfully connected Dome. Id: ASCOM.TS_Shelter.Dome Name: Shelter Dome DisplayName: Shelter Dome (ASCOM) Driver Version: 6.6
2026-09-07T20:01:17.7314|INFO|AscomDevice.cs|GetProperty|527|Property Dome.Altitude GET is not implemented in this driver (Shelter Dome)
2026-09-07T20:01:26.8059|INFO|SafetyMonitorVM.cs|Disconnect|221|Disconnected Safety Monitor
2026-09-07T20:01:28.7538|INFO|SafetyMonitorVM.cs|Connect|175|Successfully connected Safety Monitor. Id: ASCOM.Hub.SafetyMonitor Name: Short driver name - please customise DisplayName: Short driver name - please customise (ASCOM) Driver Version: 6.4
2026-09-07T20:01:38.7271|INFO|QHYCamera.cs|ConnectSync|1020|QHYCCD: SDK version: 25-4-23-15
2026-09-07T20:01:38.7273|INFO|QHYCamera.cs|ConnectSync|1021|QHYCCD: USB driver version: 
2026-09-07T20:01:38.7274|INFO|QHYCamera.cs|ConnectSync|1022|QHYCCD: Camera firmware version: 18-10-24
2026-09-07T20:01:38.7275|INFO|QHYCamera.cs|ConnectSync|1023|QHYCCD: Camera FPGA versions: N/A
2026-09-07T20:01:38.7629|INFO|CameraVM.cs|ChooseCamera|455|Successfully connected Camera. Id: 695A-M-0037ec709603ca4e3 Name: 695A-M DisplayName: 695A-M (603ca4e3)Driver Version: 
2026-09-07T20:01:46.4150|INFO|CameraVM.cs|CoolCamera|138|Cooling Camera. Target: -10 Duration: 00:05:00
2026-09-07T20:01:57.7663|INFO|DockManagerVM.cs|InitializeAvalonDockLayout|366|Initializing imaging tab layout from C:\Users\PrimaLuceLab\AppData\Local\NINA\Profiles\21c45d14-58c2-4ca1-9053-4e23fb6d7dc4.dock.config
2026-09-07T20:19:14.7599|INFO|SafetyMonitorVM.cs|UpdateMonitorValues|95|SafetyMonitorInfo state changed to Safe
2026-09-07T20:28:29.6509|INFO|DomeVM.cs|OpenShutter|448|Opening dome shutter. Shutter state before opening ShutterClosed
2026-09-07T20:28:29.6540|INFO|AscomDome.cs|OpenShutter|206|Sending an OpenShutter request, since it is currently ShutterClosed
2026-09-07T20:29:13.8971|INFO|DomeVM.cs|OpenShutter|454|Opened dome shutter. Shutter state after opening ShutterOpen
2026-09-07T20:29:27.2763|INFO|FlatDeviceVM.cs|OpenCover|312|Opening Flat Device Cover
2026-09-07T20:30:04.8600|INFO|CameraVM.cs|Capture|742|Starting Exposure - Exposure Time: 4s; Filter: L-Pro; Gain: 15; Offset 132; Binning: 1x1;
2026-09-07T20:32:08.9017|INFO|CameraVM.cs|Capture|742|Starting Exposure - Exposure Time: 4s; Filter: L-Pro; Gain: 15; Offset 132; Binning: 1x1;
2026-09-07T20:32:17.1075|WARNING|DeviceUpdateTimer.cs|Run|115|Camera value update cycle took longer than the device poll interval (Total: 2.14s > 2s; Poll: 00:00:02.1444328; Update: 00:00:00.0001906)
2026-09-07T20:32:45.2901|INFO|CameraVM.cs|Capture|742|Starting Exposure - Exposure Time: 2s; Filter: L-Pro; Gain: 15; Offset 132; Binning: 1x1;
2026-09-07T20:32:48.4990|WARNING|DeviceUpdateTimer.cs|Run|115|Dome value update cycle took longer than the device poll interval (Total: 2.06s > 2s; Poll: 00:00:00.0032352; Update: 00:00:02.0523725)
2026-09-07T20:32:53.1272|INFO|CameraVM.cs|Capture|742|Starting Exposure - Exposure Time: 2s; Filter: L-Pro; Gain: 15; Offset 132; Binning: 1x1;
2026-09-07T20:32:59.5514|INFO|CameraVM.cs|Capture|742|Starting Exposure - Exposure Time: 2s; Filter: L-Pro; Gain: 15; Offset 132; Binning: 1x1;
2026-09-07T20:33:06.0725|INFO|CameraVM.cs|Capture|742|Starting Exposure - Exposure Time: 2s; Filter: L-Pro; Gain: 15; Offset 132; Binning: 1x1;
2026-09-07T20:33:12.8571|INFO|CameraVM.cs|Capture|742|Starting Exposure - Exposure Time: 2s; Filter: L-Pro; Gain: 15; Offset 132; Binning: 1x1;
2026-09-07T20:33:19.5734|INFO|CameraVM.cs|Capture|742|Starting Exposure - Exposure Time: 2s; Filter: L-Pro; Gain: 15; Offset 132; Binning: 1x1;
2026-09-07T20:33:26.1988|INFO|CameraVM.cs|Capture|742|Starting Exposure - Exposure Time: 2s; Filter: L-Pro; Gain: 15; Offset 132; Binning: 1x1;
2026-09-07T20:33:32.9115|INFO|CameraVM.cs|Capture|742|Starting Exposure - Exposure Time: 2s; Filter: L-Pro; Gain: 15; Offset 132; Binning: 1x1;
2026-09-07T20:33:39.4049|INFO|CameraVM.cs|Capture|742|Starting Exposure - Exposure Time: 2s; Filter: L-Pro; Gain: 15; Offset 132; Binning: 1x1;
2026-09-07T20:33:45.7829|INFO|CameraVM.cs|Capture|742|Starting Exposure - Exposure Time: 2s; Filter: L-Pro; Gain: 15; Offset 132; Binning: 1x1;
2026-09-07T20:33:52.2286|INFO|CameraVM.cs|Capture|742|Starting Exposure - Exposure Time: 2s; Filter: L-Pro; Gain: 15; Offset 132; Binning: 1x1;
2026-09-07T20:33:58.8441|INFO|CameraVM.cs|Capture|742|Starting Exposure - Exposure Time: 2s; Filter: L-Pro; Gain: 15; Offset 132; Binning: 1x1;
2026-09-07T20:34:05.5041|INFO|CameraVM.cs|Capture|742|Starting Exposure - Exposure Time: 2s; Filter: L-Pro; Gain: 15; Offset 132; Binning: 1x1;
2026-09-07T20:34:12.1461|INFO|CameraVM.cs|Capture|742|Starting Exposure - Exposure Time: 2s; Filter: L-Pro; Gain: 15; Offset 132; Binning: 1x1;
2026-09-07T20:34:18.8257|INFO|CameraVM.cs|Capture|742|Starting Exposure - Exposure Time: 2s; Filter: L-Pro; Gain: 15; Offset 132; Binning: 1x1;
2026-09-07T20:34:25.2826|INFO|CameraVM.cs|Capture|742|Starting Exposure - Exposure Time: 2s; Filter: L-Pro; Gain: 15; Offset 132; Binning: 1x1;
2026-09-07T20:34:31.8074|INFO|CameraVM.cs|Capture|742|Starting Exposure - Exposure Time: 2s; Filter: L-Pro; Gain: 15; Offset 132; Binning: 1x1;
2026-09-07T20:34:38.4288|INFO|CameraVM.cs|Capture|742|Starting Exposure - Exposure Time: 2s; Filter: L-Pro; Gain: 15; Offset 132; Binning: 1x1;
2026-09-07T20:34:44.8188|INFO|CameraVM.cs|Capture|742|Starting Exposure - Exposure Time: 2s; Filter: L-Pro; Gain: 15; Offset 132; Binning: 1x1;
2026-09-07T20:34:51.4309|INFO|CameraVM.cs|Capture|742|Starting Exposure - Exposure Time: 2s; Filter: L-Pro; Gain: 15; Offset 132; Binning: 1x1;
2026-09-07T20:34:58.2266|INFO|CameraVM.cs|Capture|742|Starting Exposure - Exposure Time: 2s; Filter: L-Pro; Gain: 15; Offset 132; Binning: 1x1;
2026-09-07T20:35:05.4503|INFO|CameraVM.cs|Capture|742|Starting Exposure - Exposure Time: 2s; Filter: L-Pro; Gain: 15; Offset 132; Binning: 1x1;
2026-09-07T20:35:12.2817|INFO|CameraVM.cs|Capture|742|Starting Exposure - Exposure Time: 2s; Filter: L-Pro; Gain: 15; Offset 132; Binning: 1x1;
2026-09-07T20:35:19.0582|INFO|CameraVM.cs|Capture|742|Starting Exposure - Exposure Time: 2s; Filter: L-Pro; Gain: 15; Offset 132; Binning: 1x1;
2026-09-07T20:35:25.6052|INFO|CameraVM.cs|Capture|742|Starting Exposure - Exposure Time: 2s; Filter: L-Pro; Gain: 15; Offset 132; Binning: 1x1;
2026-09-07T20:35:32.0931|INFO|CameraVM.cs|Capture|742|Starting Exposure - Exposure Time: 2s; Filter: L-Pro; Gain: 15; Offset 132; Binning: 1x1;
2026-09-07T20:35:38.5000|INFO|CameraVM.cs|Capture|742|Starting Exposure - Exposure Time: 2s; Filter: L-Pro; Gain: 15; Offset 132; Binning: 1x1;
2026-09-07T20:35:45.0142|INFO|CameraVM.cs|Capture|742|Starting Exposure - Exposure Time: 2s; Filter: L-Pro; Gain: 15; Offset 132; Binning: 1x1;
2026-09-07T20:35:51.5538|INFO|CameraVM.cs|Capture|742|Starting Exposure - Exposure Time: 2s; Filter: L-Pro; Gain: 15; Offset 132; Binning: 1x1;
2026-09-07T20:35:58.9401|INFO|CameraVM.cs|Capture|742|Starting Exposure - Exposure Time: 2s; Filter: L-Pro; Gain: 15; Offset 132; Binning: 1x1;
2026-09-07T20:36:05.5865|INFO|CameraVM.cs|Capture|742|Starting Exposure - Exposure Time: 2s; Filter: L-Pro; Gain: 15; Offset 132; Binning: 1x1;
2026-09-07T20:36:12.2290|INFO|CameraVM.cs|Capture|742|Starting Exposure - Exposure Time: 2s; Filter: L-Pro; Gain: 15; Offset 132; Binning: 1x1;
2026-09-07T20:36:18.6841|INFO|CameraVM.cs|Capture|742|Starting Exposure - Exposure Time: 2s; Filter: L-Pro; Gain: 15; Offset 132; Binning: 1x1;
2026-09-07T20:36:25.4871|INFO|CameraVM.cs|Capture|742|Starting Exposure - Exposure Time: 2s; Filter: L-Pro; Gain: 15; Offset 132; Binning: 1x1;
2026-09-07T20:36:32.0646|INFO|CameraVM.cs|Capture|742|Starting Exposure - Exposure Time: 2s; Filter: L-Pro; Gain: 15; Offset 132; Binning: 1x1;
2026-09-07T20:36:38.9042|INFO|CameraVM.cs|Capture|742|Starting Exposure - Exposure Time: 2s; Filter: L-Pro; Gain: 15; Offset 132; Binning: 1x1;
2026-09-07T20:36:45.3318|INFO|CameraVM.cs|Capture|742|Starting Exposure - Exposure Time: 2s; Filter: L-Pro; Gain: 15; Offset 132; Binning: 1x1;
2026-09-07T20:36:51.9839|INFO|CameraVM.cs|Capture|742|Starting Exposure - Exposure Time: 2s; Filter: L-Pro; Gain: 15; Offset 132; Binning: 1x1;
2026-09-07T20:36:58.4814|INFO|CameraVM.cs|Capture|742|Starting Exposure - Exposure Time: 2s; Filter: L-Pro; Gain: 15; Offset 132; Binning: 1x1;
2026-09-07T20:38:04.6240|INFO|CameraVM.cs|Capture|742|Starting Exposure - Exposure Time: 2s; Filter: L-Pro; Gain: 15; Offset 132; Binning: 1x1;
2026-09-07T20:38:10.8721|WARNING|DeviceUpdateTimer.cs|Run|115|Camera value update cycle took longer than the device poll interval (Total: 6.10s > 2s; Poll: 00:00:06.0960967; Update: 00:00:00.0001508)
2026-09-07T20:38:12.0065|INFO|CameraVM.cs|Capture|742|Starting Exposure - Exposure Time: 2s; Filter: L-Pro; Gain: 15; Offset 132; Binning: 1x1;
2026-09-07T20:38:18.5216|WARNING|DeviceUpdateTimer.cs|Run|115|Dome value update cycle took longer than the device poll interval (Total: 3.79s > 2s; Poll: 00:00:00.0133653; Update: 00:00:03.7762550)
2026-09-07T20:38:18.5278|INFO|CameraVM.cs|Capture|742|Starting Exposure - Exposure Time: 2s; Filter: L-Pro; Gain: 15; Offset 132; Binning: 1x1;
2026-09-07T20:38:25.5387|INFO|CameraVM.cs|Capture|742|Starting Exposure - Exposure Time: 2s; Filter: L-Pro; Gain: 15; Offset 132; Binning: 1x1;
2026-09-07T20:38:31.9442|INFO|CameraVM.cs|Capture|742|Starting Exposure - Exposure Time: 2s; Filter: L-Pro; Gain: 15; Offset 132; Binning: 1x1;
2026-09-07T20:38:38.3030|INFO|CameraVM.cs|Capture|742|Starting Exposure - Exposure Time: 2s; Filter: L-Pro; Gain: 15; Offset 132; Binning: 1x1;
2026-09-07T20:38:44.7103|INFO|CameraVM.cs|Capture|742|Starting Exposure - Exposure Time: 2s; Filter: L-Pro; Gain: 15; Offset 132; Binning: 1x1;
2026-09-07T20:38:51.2450|INFO|CameraVM.cs|Capture|742|Starting Exposure - Exposure Time: 2s; Filter: L-Pro; Gain: 15; Offset 132; Binning: 1x1;
2026-09-07T20:38:57.5701|INFO|CameraVM.cs|Capture|742|Starting Exposure - Exposure Time: 2s; Filter: L-Pro; Gain: 15; Offset 132; Binning: 1x1;
2026-09-07T20:39:03.8958|INFO|CameraVM.cs|Capture|742|Starting Exposure - Exposure Time: 2s; Filter: L-Pro; Gain: 15; Offset 132; Binning: 1x1;
2026-09-07T20:39:10.4680|INFO|CameraVM.cs|Capture|742|Starting Exposure - Exposure Time: 2s; Filter: L-Pro; Gain: 15; Offset 132; Binning: 1x1;
2026-09-07T20:39:17.1915|INFO|CameraVM.cs|Capture|742|Starting Exposure - Exposure Time: 2s; Filter: L-Pro; Gain: 15; Offset 132; Binning: 1x1;
2026-09-07T20:39:24.1522|INFO|CameraVM.cs|Capture|742|Starting Exposure - Exposure Time: 2s; Filter: L-Pro; Gain: 15; Offset 132; Binning: 1x1;
2026-09-07T20:39:31.0372|INFO|CameraVM.cs|Capture|742|Starting Exposure - Exposure Time: 2s; Filter: L-Pro; Gain: 15; Offset 132; Binning: 1x1;
2026-09-07T20:39:37.7591|INFO|CameraVM.cs|Capture|742|Starting Exposure - Exposure Time: 2s; Filter: L-Pro; Gain: 15; Offset 132; Binning: 1x1;
2026-09-07T20:39:44.1061|INFO|CameraVM.cs|Capture|742|Starting Exposure - Exposure Time: 2s; Filter: L-Pro; Gain: 15; Offset 132; Binning: 1x1;
2026-09-07T20:39:50.5588|INFO|CameraVM.cs|Capture|742|Starting Exposure - Exposure Time: 2s; Filter: L-Pro; Gain: 15; Offset 132; Binning: 1x1;
2026-09-07T20:39:57.3536|INFO|CameraVM.cs|Capture|742|Starting Exposure - Exposure Time: 2s; Filter: L-Pro; Gain: 15; Offset 132; Binning: 1x1;
2026-09-07T20:40:03.9381|INFO|CameraVM.cs|Capture|742|Starting Exposure - Exposure Time: 2s; Filter: L-Pro; Gain: 15; Offset 132; Binning: 1x1;
2026-09-07T20:40:10.3910|INFO|CameraVM.cs|Capture|742|Starting Exposure - Exposure Time: 2s; Filter: L-Pro; Gain: 15; Offset 132; Binning: 1x1;
2026-09-07T20:40:17.0722|INFO|CameraVM.cs|Capture|742|Starting Exposure - Exposure Time: 2s; Filter: L-Pro; Gain: 15; Offset 132; Binning: 1x1;
2026-09-07T20:40:23.7418|INFO|CameraVM.cs|Capture|742|Starting Exposure - Exposure Time: 2s; Filter: L-Pro; Gain: 15; Offset 132; Binning: 1x1;
2026-09-07T20:40:30.3401|INFO|CameraVM.cs|Capture|742|Starting Exposure - Exposure Time: 2s; Filter: L-Pro; Gain: 15; Offset 132; Binning: 1x1;
2026-09-07T20:40:36.9693|INFO|CameraVM.cs|Capture|742|Starting Exposure - Exposure Time: 2s; Filter: L-Pro; Gain: 15; Offset 132; Binning: 1x1;
2026-09-07T20:40:43.6294|INFO|CameraVM.cs|Capture|742|Starting Exposure - Exposure Time: 2s; Filter: L-Pro; Gain: 15; Offset 132; Binning: 1x1;
2026-09-07T20:40:50.6176|INFO|CameraVM.cs|Capture|742|Starting Exposure - Exposure Time: 2s; Filter: L-Pro; Gain: 15; Offset 132; Binning: 1x1;
2026-09-07T20:40:57.2249|INFO|CameraVM.cs|Capture|742|Starting Exposure - Exposure Time: 2s; Filter: L-Pro; Gain: 15; Offset 132; Binning: 1x1;
2026-09-07T20:41:03.7984|INFO|CameraVM.cs|Capture|742|Starting Exposure - Exposure Time: 2s; Filter: L-Pro; Gain: 15; Offset 132; Binning: 1x1;
2026-09-07T20:41:10.3512|INFO|CameraVM.cs|Capture|742|Starting Exposure - Exposure Time: 2s; Filter: L-Pro; Gain: 15; Offset 132; Binning: 1x1;
2026-09-07T20:41:17.0209|INFO|CameraVM.cs|Capture|742|Starting Exposure - Exposure Time: 2s; Filter: L-Pro; Gain: 15; Offset 132; Binning: 1x1;
2026-09-07T20:41:23.9376|INFO|CameraVM.cs|Capture|742|Starting Exposure - Exposure Time: 2s; Filter: L-Pro; Gain: 15; Offset 132; Binning: 1x1;
2026-09-07T20:41:30.1646|INFO|TelescopeVM.cs|Disconnect|740|Disconnected mount
2026-09-07T20:41:30.6307|INFO|CameraVM.cs|Capture|742|Starting Exposure - Exposure Time: 2s; Filter: L-Pro; Gain: 15; Offset 132; Binning: 1x1;
2026-09-07T20:41:35.2586|INFO|AscomTelescope.cs|CheckMountTime|845|Mount UTC Time: 2026-09-07 18:41:35Z / System UTC Time: 2026-09-07 18:41:35Z; Difference: 0.006 seconds
2026-09-07T20:41:35.3348|INFO|AscomTelescope.cs|CheckMountTime|865|Mount driver does not allow the mount's time to be set.
2026-09-07T20:41:35.3745|INFO|AscomDevice.cs|GetProperty|527|Property Telescope.SiteElevation GET is not implemented in this driver (CPWI_ASCOM_Telescope)
2026-09-07T20:41:35.9651|INFO|TelescopeVM.cs|ChooseTelescope|535|Successfully connected mount. Id: ASCOM.Optec ASCOM.Telescope Name: CPWI_ASCOM_Telescope DisplayName: CPWI_ASCOM_Telescope (ASCOM) Driver Version: 2.5.9.99  with DLL Assembly Date: July_1_2020
2026-09-07T20:41:37.4341|INFO|CameraVM.cs|Capture|742|Starting Exposure - Exposure Time: 2s; Filter: L-Pro; Gain: 15; Offset 132; Binning: 1x1;
2026-09-07T20:41:44.3731|INFO|CameraVM.cs|Capture|742|Starting Exposure - Exposure Time: 2s; Filter: L-Pro; Gain: 15; Offset 132; Binning: 1x1;
2026-09-07T20:41:51.2219|INFO|CameraVM.cs|Capture|742|Starting Exposure - Exposure Time: 2s; Filter: L-Pro; Gain: 15; Offset 132; Binning: 1x1;
2026-09-07T20:42:22.1255|INFO|CameraVM.cs|Capture|742|Starting Exposure - Exposure Time: 15s; Filter: L-Pro; Gain: 15; Offset 132; Binning: 1x1;
2026-09-07T20:42:42.2103|INFO|ImageSolver.cs|Solve|41|Platesolving with parameters: FocalLength: 1260 PixelSize: 4.54 SearchRadius: 30 BlindFailoverEnabled: True Regions: 5000 DownSampleFactor: 2 MaxObjects: 500 Reference Coordinates RA: 14:49:51 Dec: 74° 21' 30" Epoch: J2000
2026-09-07T20:42:42.6014|INFO|BaseImageData.cs|SaveToDisk|346|Saved image to C:\Users\PrimaLuceLab\AppData\Local\NINA\PlateSolver\e2c1nmdw.nc0.fits
2026-09-07T20:42:44.2575|INFO|ImageSolver.cs|Solve|54|Platesolve successful: Coordinates: RA: 14:57:03; Dec: 74° 58' 08"; Epoch: J2000 - Position Angle: 74.63297448359197
2026-09-07T20:42:44.2643|INFO|CenteringSolver.cs|Center|99|Centering Solver - Scope Position: RA: 14:49:46; Dec: 74° 15' 05"; Epoch: JNOW; Offset: RA: 00:00:00; Dec: 00° 00' 00"; Distance: 00° 00' 00"; Bearing: 00° 00' 00"; Centering Coordinates: RA: 14:49:46; Dec: 74° 15' 05"; Epoch: JNOW; Solved: RA: 14:56:51; Dec: 74° 51' 54"; Epoch: JNOW; Separation RA: -00:07:05; Dec: -00° 36' 50"; Distance: 00° 46' 26"; Bearing: -36° 40' 42"; Threshold: 1
2026-09-07T20:42:44.5833|INFO|TelescopeVM.cs|Sync|777|Syncing scope from RA: 14:49:46; Dec: 74° 15' 05"; Epoch: JNOW to RA: 14:56:51; Dec: 74° 51' 54"; Epoch: JNOW
2026-09-07T20:42:49.5855|INFO|CenteringSolver.cs|Center|132|Slewing to target after sync. Current Position: RA: 14:56:51; Dec: 74° 51' 54"; Epoch: JNOW; Target coordinates: RA: 14:49:46; Dec: 74° 15' 05"; Epoch: JNOW; Offset RA: 00:00:00; Dec: 00° 00' 00"; Distance: 00° 00' 00"; Bearing: 00° 00' 00"
2026-09-07T20:42:49.6088|INFO|TelescopeVM.cs|SlewAsyncInternal|910|Slewing from RA: 14:56:51; Dec: 74° 51' 54"; Epoch: JNOW to RA: 14:49:46; Dec: 74° 15' 05"; Epoch: JNOW - Alt: 49° 27' 28"; Az: 339° 34' 39"
2026-09-07T20:43:03.0446|INFO|CameraVM.cs|Capture|742|Starting Exposure - Exposure Time: 15s; Filter: L-Pro; Gain: 15; Offset 132; Binning: 1x1;
2026-09-07T20:43:22.2135|WARNING|DeviceUpdateTimer.cs|Run|115|Camera value update cycle took longer than the device poll interval (Total: 4.24s > 2s; Poll: 00:00:04.2415629; Update: 00:00:00.0001489)
2026-09-07T20:43:23.0468|INFO|ImageSolver.cs|Solve|41|Platesolving with parameters: FocalLength: 1260 PixelSize: 4.54 SearchRadius: 30 BlindFailoverEnabled: True Regions: 5000 DownSampleFactor: 2 MaxObjects: 500 Reference Coordinates RA: 14:49:51 Dec: 74° 21' 30" Epoch: J2000
2026-09-07T20:43:23.3867|INFO|BaseImageData.cs|SaveToDisk|346|Saved image to C:\Users\PrimaLuceLab\AppData\Local\NINA\PlateSolver\54yn0voc.w5f.fits
2026-09-07T20:43:24.9011|INFO|ImageSolver.cs|Solve|54|Platesolve successful: Coordinates: RA: 14:49:38; Dec: 74° 25' 10"; Epoch: J2000 - Position Angle: 74.55398022583483
2026-09-07T20:43:24.9040|INFO|CenteringSolver.cs|Center|99|Centering Solver - Scope Position: RA: 14:49:47; Dec: 74° 15' 05"; Epoch: JNOW; Offset: RA: 00:00:00; Dec: 00° 00' 00"; Distance: 00° 00' 00"; Bearing: 00° 00' 00"; Centering Coordinates: RA: 14:49:46; Dec: 74° 15' 05"; Epoch: JNOW; Solved: RA: 14:49:33; Dec: 74° 18' 44"; Epoch: JNOW; Separation RA: 00:00:14; Dec: -00° 03' 39"; Distance: 00° 03' 46"; Bearing: 14° 05' 41"; Threshold: 1
2026-09-07T20:43:25.0103|INFO|TelescopeVM.cs|Sync|777|Syncing scope from RA: 14:49:47; Dec: 74° 15' 05"; Epoch: JNOW to RA: 14:49:33; Dec: 74° 18' 44"; Epoch: JNOW
2026-09-07T20:43:30.0485|INFO|CenteringSolver.cs|Center|132|Slewing to target after sync. Current Position: RA: 14:49:33; Dec: 74° 18' 44"; Epoch: JNOW; Target coordinates: RA: 14:49:46; Dec: 74° 15' 05"; Epoch: JNOW; Offset RA: 00:00:00; Dec: 00° 00' 00"; Distance: 00° 00' 00"; Bearing: 00° 00' 00"
2026-09-07T20:43:30.0566|INFO|TelescopeVM.cs|SlewAsyncInternal|910|Slewing from RA: 14:49:33; Dec: 74° 18' 44"; Epoch: JNOW to RA: 14:49:46; Dec: 74° 15' 05"; Epoch: JNOW - Alt: 49° 24' 52"; Az: 339° 33' 19"
2026-09-07T20:43:44.3153|INFO|CameraVM.cs|Capture|742|Starting Exposure - Exposure Time: 15s; Filter: L-Pro; Gain: 15; Offset 132; Binning: 1x1;
2026-09-07T20:44:03.7064|WARNING|DeviceUpdateTimer.cs|Run|115|Dome value update cycle took longer than the device poll interval (Total: 3.71s > 2s; Poll: 00:00:00.0972586; Update: 00:00:03.6115309)
2026-09-07T20:44:04.3550|INFO|ImageSolver.cs|Solve|41|Platesolving with parameters: FocalLength: 1260 PixelSize: 4.54 SearchRadius: 30 BlindFailoverEnabled: True Regions: 5000 DownSampleFactor: 2 MaxObjects: 500 Reference Coordinates RA: 14:49:51 Dec: 74° 21' 30" Epoch: J2000
2026-09-07T20:44:04.6516|INFO|BaseImageData.cs|SaveToDisk|346|Saved image to C:\Users\PrimaLuceLab\AppData\Local\NINA\PlateSolver\x3tms0kc.ttx.fits
2026-09-07T20:44:07.2093|INFO|ImageSolver.cs|Solve|54|Platesolve successful: Coordinates: RA: 14:49:50; Dec: 74° 21' 23"; Epoch: J2000 - Position Angle: 74.54991320835478
2026-09-07T20:44:07.2127|INFO|CenteringSolver.cs|Center|99|Centering Solver - Scope Position: RA: 14:49:47; Dec: 74° 15' 05"; Epoch: JNOW; Offset: RA: 00:00:00; Dec: 00° 00' 00"; Distance: 00° 00' 00"; Bearing: 00° 00' 00"; Centering Coordinates: RA: 14:49:46; Dec: 74° 15' 05"; Epoch: JNOW; Solved: RA: 14:49:45; Dec: 74° 14' 58"; Epoch: JNOW; Separation RA: 00:00:01; Dec: 00° 00' 07"; Distance: 00° 00' 09"; Bearing: 141° 39' 26"; Threshold: 1
2026-09-07T20:45:14.1748|INFO|TelescopeVM.cs|SlewAsyncInternal|910|Slewing from RA: 03:07:29; Dec: 89° 22' 19"; Epoch: JNOW to RA: 03:07:30; Dec: 89° 22' 19"; Epoch: JNOW - Alt: 42° 05' 56"; Az: 00° 40' 29"
2026-09-07T20:45:33.0521|INFO|CameraVM.cs|Capture|742|Starting Exposure - Exposure Time: 15s; Filter: L-Pro; Gain: 15; Offset 132; Binning: 1x1;
2026-09-07T20:45:53.2865|INFO|ImageSolver.cs|Solve|41|Platesolving with parameters: FocalLength: 1260 PixelSize: 4.54 SearchRadius: 30 BlindFailoverEnabled: True Regions: 5000 DownSampleFactor: 2 MaxObjects: 500 Reference Coordinates RA: 02:31:50 Dec: 89° 15' 51" Epoch: J2000
2026-09-07T20:45:53.5942|INFO|BaseImageData.cs|SaveToDisk|346|Saved image to C:\Users\PrimaLuceLab\AppData\Local\NINA\PlateSolver\21f5exjc.o0u.fits
2026-09-07T20:45:54.8998|INFO|ImageSolver.cs|Solve|54|Platesolve successful: Coordinates: RA: 01:37:19; Dec: 88° 32' 19"; Epoch: J2000 - Position Angle: 231.654308209095
2026-09-07T20:45:54.9032|INFO|CenteringSolver.cs|Center|99|Centering Solver - Scope Position: RA: 03:07:31; Dec: 89° 22' 19"; Epoch: JNOW; Offset: RA: 00:00:00; Dec: 00° 00' 00"; Distance: 00° 00' 00"; Bearing: 00° 00' 00"; Centering Coordinates: RA: 03:07:31; Dec: 89° 22' 19"; Epoch: JNOW; Solved: RA: 01:49:43; Dec: 88° 40' 15"; Epoch: JNOW; Separation RA: 01:17:47; Dec: 00° 42' 04"; Distance: 00° 45' 58"; Bearing: 144° 42' 56"; Threshold: 1
2026-09-07T20:45:55.0218|INFO|TelescopeVM.cs|Sync|777|Syncing scope from RA: 03:07:31; Dec: 89° 22' 19"; Epoch: JNOW to RA: 01:49:43; Dec: 88° 40' 15"; Epoch: JNOW
2026-09-07T20:46:00.1037|INFO|CenteringSolver.cs|Center|132|Slewing to target after sync. Current Position: RA: 01:49:44; Dec: 88° 40' 15"; Epoch: JNOW; Target coordinates: RA: 03:07:31; Dec: 89° 22' 19"; Epoch: JNOW; Offset RA: 00:00:00; Dec: 00° 00' 00"; Distance: 00° 00' 00"; Bearing: 00° 00' 00"
2026-09-07T20:46:00.1309|INFO|TelescopeVM.cs|SlewAsyncInternal|910|Slewing from RA: 01:49:44; Dec: 88° 40' 15"; Epoch: JNOW to RA: 03:07:31; Dec: 89° 22' 19"; Epoch: JNOW - Alt: 42° 06' 02"; Az: 00° 40' 35"
2026-09-07T20:46:20.3943|INFO|CameraVM.cs|Capture|742|Starting Exposure - Exposure Time: 15s; Filter: L-Pro; Gain: 15; Offset 132; Binning: 1x1;
2026-09-07T20:46:40.6294|INFO|ImageSolver.cs|Solve|41|Platesolving with parameters: FocalLength: 1260 PixelSize: 4.54 SearchRadius: 30 BlindFailoverEnabled: True Regions: 5000 DownSampleFactor: 2 MaxObjects: 500 Reference Coordinates RA: 02:31:50 Dec: 89° 15' 51" Epoch: J2000
2026-09-07T20:46:41.0246|INFO|BaseImageData.cs|SaveToDisk|346|Saved image to C:\Users\PrimaLuceLab\AppData\Local\NINA\PlateSolver\avv1dzt5.ahp.fits
2026-09-07T20:46:43.3186|INFO|ImageSolver.cs|Solve|54|Platesolve successful: Coordinates: RA: 01:35:01; Dec: 89° 11' 21"; Epoch: J2000 - Position Angle: 212.20508797860822
2026-09-07T20:46:43.3215|INFO|CenteringSolver.cs|Center|99|Centering Solver - Scope Position: RA: 03:07:32; Dec: 89° 22' 19"; Epoch: JNOW; Offset: RA: 00:00:00; Dec: 00° 00' 00"; Distance: 00° 00' 00"; Bearing: 00° 00' 00"; Centering Coordinates: RA: 03:07:31; Dec: 89° 22' 19"; Epoch: JNOW; Solved: RA: 01:57:33; Dec: 89° 19' 15"; Epoch: JNOW; Separation RA: 01:09:58; Dec: 00° 03' 05"; Distance: 00° 12' 18"; Bearing: 95° 34' 14"; Threshold: 1
2026-09-07T20:46:43.4551|INFO|TelescopeVM.cs|Sync|777|Syncing scope from RA: 03:07:32; Dec: 89° 22' 19"; Epoch: JNOW to RA: 01:57:33; Dec: 89° 19' 15"; Epoch: JNOW
2026-09-07T20:46:48.4561|INFO|CenteringSolver.cs|Center|132|Slewing to target after sync. Current Position: RA: 01:57:33; Dec: 89° 19' 15"; Epoch: JNOW; Target coordinates: RA: 03:07:31; Dec: 89° 22' 19"; Epoch: JNOW; Offset RA: 00:00:00; Dec: 00° 00' 00"; Distance: 00° 00' 00"; Bearing: 00° 00' 00"
2026-09-07T20:46:48.4630|INFO|TelescopeVM.cs|SlewAsyncInternal|910|Slewing from RA: 01:57:33; Dec: 89° 19' 15"; Epoch: JNOW to RA: 03:07:31; Dec: 89° 22' 19"; Epoch: JNOW - Alt: 42° 06' 08"; Az: 00° 40' 42"
2026-09-07T20:47:07.7385|INFO|CameraVM.cs|Capture|742|Starting Exposure - Exposure Time: 15s; Filter: L-Pro; Gain: 15; Offset 132; Binning: 1x1;
2026-09-07T20:47:28.3580|INFO|ImageSolver.cs|Solve|41|Platesolving with parameters: FocalLength: 1260 PixelSize: 4.54 SearchRadius: 30 BlindFailoverEnabled: True Regions: 5000 DownSampleFactor: 2 MaxObjects: 500 Reference Coordinates RA: 02:31:50 Dec: 89° 15' 51" Epoch: J2000
2026-09-07T20:47:28.7258|INFO|BaseImageData.cs|SaveToDisk|346|Saved image to C:\Users\PrimaLuceLab\AppData\Local\NINA\PlateSolver\32cvqwjo.0ff.fits
2026-09-07T20:47:31.2519|INFO|ImageSolver.cs|Solve|54|Platesolve successful: Coordinates: RA: 02:30:24; Dec: 89° 16' 02"; Epoch: J2000 - Position Angle: 208.46253971154044
2026-09-07T20:47:31.2595|INFO|CenteringSolver.cs|Center|99|Centering Solver - Scope Position: RA: 03:07:31; Dec: 89° 22' 19"; Epoch: JNOW; Offset: RA: 00:00:00; Dec: 00° 00' 00"; Distance: 00° 00' 00"; Bearing: 00° 00' 00"; Centering Coordinates: RA: 03:07:31; Dec: 89° 22' 19"; Epoch: JNOW; Solved: RA: 03:06:00; Dec: 89° 22' 32"; Epoch: JNOW; Separation RA: 00:01:30; Dec: -00° 00' 13"; Distance: 00° 00' 20"; Bearing: 48° 20' 08"; Threshold: 1
2026-09-07T20:47:40.3214|INFO|CameraVM.cs|Capture|742|Starting Exposure - Exposure Time: 2s; Filter: L-Pro; Gain: 15; Offset 132; Binning: 1x1;
2026-09-07T20:52:02.0766|ERROR|AscomDevice.cs|GetProperty|539|CPWI_ASCOM_Telescope is not connected 
ASCOM.NotConnectedException: Must be connected to telescope to use Altitude
 ---> System.Runtime.InteropServices.COMException (0x80040407): Must be connected to telescope to use Altitude
   --- End of inner exception stack trace ---
   at ASCOM.Com.DriverAccess.DynamicAccess.CheckDotNetExceptions(String memberName, Exception e) in J:\ASCOMLibrary\ASCOM.Com\ASCOM.Com.DriverAccess\BaseClass\DynamicAccess.cs:line 219
   at ASCOM.Com.DriverAccess.DynamicAccess.TryGetMember(GetMemberBinder binder, Object& result) in J:\ASCOMLibrary\ASCOM.Com\ASCOM.Com.DriverAccess\BaseClass\DynamicAccess.cs:line 150
   at CallSite.Target(Closure, CallSite, Object)
   at ASCOM.Com.DriverAccess.Telescope.get_Altitude() in J:\ASCOMLibrary\ASCOM.Com\ASCOM.Com.DriverAccess\Telescope.cs:line 95
   at InvokeStub_Telescope.get_Altitude(Object, Object, IntPtr*)
   at System.Reflection.MethodBaseInvoker.InvokeWithNoArgs(Object obj, BindingFlags invokeAttr)
2026-09-07T20:52:02.0984|ERROR|AscomDevice.cs|GetProperty|546|An unexpected exception occurred during GET of Telescope.Altitude: 
ASCOM.NotConnectedException: Must be connected to telescope to use Altitude
 ---> System.Runtime.InteropServices.COMException (0x80040407): Must be connected to telescope to use Altitude
   --- End of inner exception stack trace ---
   at ASCOM.Com.DriverAccess.DynamicAccess.CheckDotNetExceptions(String memberName, Exception e) in J:\ASCOMLibrary\ASCOM.Com\ASCOM.Com.DriverAccess\BaseClass\DynamicAccess.cs:line 219
   at ASCOM.Com.DriverAccess.DynamicAccess.TryGetMember(GetMemberBinder binder, Object& result) in J:\ASCOMLibrary\ASCOM.Com\ASCOM.Com.DriverAccess\BaseClass\DynamicAccess.cs:line 150
   at CallSite.Target(Closure, CallSite, Object)
   at ASCOM.Com.DriverAccess.Telescope.get_Altitude() in J:\ASCOMLibrary\ASCOM.Com\ASCOM.Com.DriverAccess\Telescope.cs:line 95
   at InvokeStub_Telescope.get_Altitude(Object, Object, IntPtr*)
   at System.Reflection.MethodBaseInvoker.InvokeWithNoArgs(Object obj, BindingFlags invokeAttr)
2026-09-07T20:52:02.3026|INFO|AscomDevice.cs|GetProperty|485|Retrying to GET Telescope.Altitude - Attempt 2 / 3
2026-09-07T20:52:02.3130|ERROR|AscomDevice.cs|GetProperty|539|CPWI_ASCOM_Telescope is not connected 
ASCOM.NotConnectedException: Must be connected to telescope to use Altitude
 ---> System.Runtime.InteropServices.COMException (0x80040407): Must be connected to telescope to use Altitude
   --- End of inner exception stack trace ---
   at ASCOM.Com.DriverAccess.DynamicAccess.CheckDotNetExceptions(String memberName, Exception e) in J:\ASCOMLibrary\ASCOM.Com\ASCOM.Com.DriverAccess\BaseClass\DynamicAccess.cs:line 219
   at ASCOM.Com.DriverAccess.DynamicAccess.TryGetMember(GetMemberBinder binder, Object& result) in J:\ASCOMLibrary\ASCOM.Com\ASCOM.Com.DriverAccess\BaseClass\DynamicAccess.cs:line 150
   at CallSite.Target(Closure, CallSite, Object)
   at ASCOM.Com.DriverAccess.Telescope.get_Altitude() in J:\ASCOMLibrary\ASCOM.Com\ASCOM.Com.DriverAccess\Telescope.cs:line 95
   at InvokeStub_Telescope.get_Altitude(Object, Object, IntPtr*)
   at System.Reflection.MethodBaseInvoker.InvokeWithNoArgs(Object obj, BindingFlags invokeAttr)
2026-09-07T20:52:02.3134|ERROR|AscomDevice.cs|GetProperty|546|An unexpected exception occurred during GET of Telescope.Altitude: 
ASCOM.NotConnectedException: Must be connected to telescope to use Altitude
 ---> System.Runtime.InteropServices.COMException (0x80040407): Must be connected to telescope to use Altitude
   --- End of inner exception stack trace ---
   at ASCOM.Com.DriverAccess.DynamicAccess.CheckDotNetExceptions(String memberName, Exception e) in J:\ASCOMLibrary\ASCOM.Com\ASCOM.Com.DriverAccess\BaseClass\DynamicAccess.cs:line 219
   at ASCOM.Com.DriverAccess.DynamicAccess.TryGetMember(GetMemberBinder binder, Object& result) in J:\ASCOMLibrary\ASCOM.Com\ASCOM.Com.DriverAccess\BaseClass\DynamicAccess.cs:line 150
   at CallSite.Target(Closure, CallSite, Object)
   at ASCOM.Com.DriverAccess.Telescope.get_Altitude() in J:\ASCOMLibrary\ASCOM.Com\ASCOM.Com.DriverAccess\Telescope.cs:line 95
   at InvokeStub_Telescope.get_Altitude(Object, Object, IntPtr*)
   at System.Reflection.MethodBaseInvoker.InvokeWithNoArgs(Object obj, BindingFlags invokeAttr)
2026-09-07T20:52:02.5150|INFO|AscomDevice.cs|GetProperty|485|Retrying to GET Telescope.Altitude - Attempt 3 / 3
2026-09-07T20:52:02.5281|ERROR|AscomDevice.cs|GetProperty|539|CPWI_ASCOM_Telescope is not connected 
ASCOM.NotConnectedException: Must be connected to telescope to use Altitude
 ---> System.Runtime.InteropServices.COMException (0x80040407): Must be connected to telescope to use Altitude
   --- End of inner exception stack trace ---
   at ASCOM.Com.DriverAccess.DynamicAccess.CheckDotNetExceptions(String memberName, Exception e) in J:\ASCOMLibrary\ASCOM.Com\ASCOM.Com.DriverAccess\BaseClass\DynamicAccess.cs:line 219
   at ASCOM.Com.DriverAccess.DynamicAccess.TryGetMember(GetMemberBinder binder, Object& result) in J:\ASCOMLibrary\ASCOM.Com\ASCOM.Com.DriverAccess\BaseClass\DynamicAccess.cs:line 150
   at CallSite.Target(Closure, CallSite, Object)
   at ASCOM.Com.DriverAccess.Telescope.get_Altitude() in J:\ASCOMLibrary\ASCOM.Com\ASCOM.Com.DriverAccess\Telescope.cs:line 95
   at InvokeStub_Telescope.get_Altitude(Object, Object, IntPtr*)
   at System.Reflection.MethodBaseInvoker.InvokeWithNoArgs(Object obj, BindingFlags invokeAttr)
2026-09-07T20:52:02.5285|ERROR|AscomDevice.cs|GetProperty|546|An unexpected exception occurred during GET of Telescope.Altitude: 
ASCOM.NotConnectedException: Must be connected to telescope to use Altitude
 ---> System.Runtime.InteropServices.COMException (0x80040407): Must be connected to telescope to use Altitude
   --- End of inner exception stack trace ---
   at ASCOM.Com.DriverAccess.DynamicAccess.CheckDotNetExceptions(String memberName, Exception e) in J:\ASCOMLibrary\ASCOM.Com\ASCOM.Com.DriverAccess\BaseClass\DynamicAccess.cs:line 219
   at ASCOM.Com.DriverAccess.DynamicAccess.TryGetMember(GetMemberBinder binder, Object& result) in J:\ASCOMLibrary\ASCOM.Com\ASCOM.Com.DriverAccess\BaseClass\DynamicAccess.cs:line 150
   at CallSite.Target(Closure, CallSite, Object)
   at ASCOM.Com.DriverAccess.Telescope.get_Altitude() in J:\ASCOMLibrary\ASCOM.Com\ASCOM.Com.DriverAccess\Telescope.cs:line 95
   at InvokeStub_Telescope.get_Altitude(Object, Object, IntPtr*)
   at System.Reflection.MethodBaseInvoker.InvokeWithNoArgs(Object obj, BindingFlags invokeAttr)
2026-09-07T20:52:02.5292|INFO|AscomDevice.cs|GetProperty|556|GET Telescope.Altitude failed - Returning last known value 42.9506184787219
2026-09-07T20:52:02.5485|ERROR|AscomDevice.cs|GetProperty|539|CPWI_ASCOM_Telescope is not connected 
ASCOM.NotConnectedException: Must be connected to telescope to use Altitude
 ---> System.Runtime.InteropServices.COMException (0x80040407): Must be connected to telescope to use Altitude
   --- End of inner exception stack trace ---
   at ASCOM.Com.DriverAccess.DynamicAccess.CheckDotNetExceptions(String memberName, Exception e) in J:\ASCOMLibrary\ASCOM.Com\ASCOM.Com.DriverAccess\BaseClass\DynamicAccess.cs:line 219
   at ASCOM.Com.DriverAccess.DynamicAccess.TryGetMember(GetMemberBinder binder, Object& result) in J:\ASCOMLibrary\ASCOM.Com\ASCOM.Com.DriverAccess\BaseClass\DynamicAccess.cs:line 150
   at CallSite.Target(Closure, CallSite, Object)
   at ASCOM.Com.DriverAccess.Telescope.get_Altitude() in J:\ASCOMLibrary\ASCOM.Com\ASCOM.Com.DriverAccess\Telescope.cs:line 95
   at InvokeStub_Telescope.get_Altitude(Object, Object, IntPtr*)
   at System.Reflection.MethodBaseInvoker.InvokeWithNoArgs(Object obj, BindingFlags invokeAttr)
2026-09-07T20:52:02.5489|ERROR|AscomDevice.cs|GetProperty|546|An unexpected exception occurred during GET of Telescope.Altitude: 
ASCOM.NotConnectedException: Must be connected to telescope to use Altitude
 ---> System.Runtime.InteropServices.COMException (0x80040407): Must be connected to telescope to use Altitude
   --- End of inner exception stack trace ---
   at ASCOM.Com.DriverAccess.DynamicAccess.CheckDotNetExceptions(String memberName, Exception e) in J:\ASCOMLibrary\ASCOM.Com\ASCOM.Com.DriverAccess\BaseClass\DynamicAccess.cs:line 219
   at ASCOM.Com.DriverAccess.DynamicAccess.TryGetMember(GetMemberBinder binder, Object& result) in J:\ASCOMLibrary\ASCOM.Com\ASCOM.Com.DriverAccess\BaseClass\DynamicAccess.cs:line 150
   at CallSite.Target(Closure, CallSite, Object)
   at ASCOM.Com.DriverAccess.Telescope.get_Altitude() in J:\ASCOMLibrary\ASCOM.Com\ASCOM.Com.DriverAccess\Telescope.cs:line 95
   at InvokeStub_Telescope.get_Altitude(Object, Object, IntPtr*)
   at System.Reflection.MethodBaseInvoker.InvokeWithNoArgs(Object obj, BindingFlags invokeAttr)
2026-09-07T20:52:02.7724|INFO|AscomDevice.cs|GetProperty|485|Retrying to GET Telescope.Altitude - Attempt 2 / 3
2026-09-07T20:52:02.7834|ERROR|AscomDevice.cs|GetProperty|539|CPWI_ASCOM_Telescope is not connected 
ASCOM.NotConnectedException: Must be connected to telescope to use Altitude
 ---> System.Runtime.InteropServices.COMException (0x80040407): Must be connected to telescope to use Altitude
   --- End of inner exception stack trace ---
   at ASCOM.Com.DriverAccess.DynamicAccess.CheckDotNetExceptions(String memberName, Exception e) in J:\ASCOMLibrary\ASCOM.Com\ASCOM.Com.DriverAccess\BaseClass\DynamicAccess.cs:line 219
   at ASCOM.Com.DriverAccess.DynamicAccess.TryGetMember(GetMemberBinder binder, Object& result) in J:\ASCOMLibrary\ASCOM.Com\ASCOM.Com.DriverAccess\BaseClass\DynamicAccess.cs:line 150
   at CallSite.Target(Closure, CallSite, Object)
   at ASCOM.Com.DriverAccess.Telescope.get_Altitude() in J:\ASCOMLibrary\ASCOM.Com\ASCOM.Com.DriverAccess\Telescope.cs:line 95
   at InvokeStub_Telescope.get_Altitude(Object, Object, IntPtr*)
   at System.Reflection.MethodBaseInvoker.InvokeWithNoArgs(Object obj, BindingFlags invokeAttr)
2026-09-07T20:52:02.7840|ERROR|AscomDevice.cs|GetProperty|546|An unexpected exception occurred during GET of Telescope.Altitude: 
ASCOM.NotConnectedException: Must be connected to telescope to use Altitude
 ---> System.Runtime.InteropServices.COMException (0x80040407): Must be connected to telescope to use Altitude
   --- End of inner exception stack trace ---
   at ASCOM.Com.DriverAccess.DynamicAccess.CheckDotNetExceptions(String memberName, Exception e) in J:\ASCOMLibrary\ASCOM.Com\ASCOM.Com.DriverAccess\BaseClass\DynamicAccess.cs:line 219
   at ASCOM.Com.DriverAccess.DynamicAccess.TryGetMember(GetMemberBinder binder, Object& result) in J:\ASCOMLibrary\ASCOM.Com\ASCOM.Com.DriverAccess\BaseClass\DynamicAccess.cs:line 150
   at CallSite.Target(Closure, CallSite, Object)
   at ASCOM.Com.DriverAccess.Telescope.get_Altitude() in J:\ASCOMLibrary\ASCOM.Com\ASCOM.Com.DriverAccess\Telescope.cs:line 95
   at InvokeStub_Telescope.get_Altitude(Object, Object, IntPtr*)
   at System.Reflection.MethodBaseInvoker.InvokeWithNoArgs(Object obj, BindingFlags invokeAttr)
2026-09-07T20:52:02.9889|INFO|AscomDevice.cs|GetProperty|485|Retrying to GET Telescope.Altitude - Attempt 3 / 3
2026-09-07T20:52:02.9964|ERROR|AscomDevice.cs|GetProperty|539|CPWI_ASCOM_Telescope is not connected 
ASCOM.NotConnectedException: Must be connected to telescope to use Altitude
 ---> System.Runtime.InteropServices.COMException (0x80040407): Must be connected to telescope to use Altitude
   --- End of inner exception stack trace ---
   at ASCOM.Com.DriverAccess.DynamicAccess.CheckDotNetExceptions(String memberName, Exception e) in J:\ASCOMLibrary\ASCOM.Com\ASCOM.Com.DriverAccess\BaseClass\DynamicAccess.cs:line 219
   at ASCOM.Com.DriverAccess.DynamicAccess.TryGetMember(GetMemberBinder binder, Object& result) in J:\ASCOMLibrary\ASCOM.Com\ASCOM.Com.DriverAccess\BaseClass\DynamicAccess.cs:line 150
   at CallSite.Target(Closure, CallSite, Object)
   at ASCOM.Com.DriverAccess.Telescope.get_Altitude() in J:\ASCOMLibrary\ASCOM.Com\ASCOM.Com.DriverAccess\Telescope.cs:line 95
   at InvokeStub_Telescope.get_Altitude(Object, Object, IntPtr*)
   at System.Reflection.MethodBaseInvoker.InvokeWithNoArgs(Object obj, BindingFlags invokeAttr)
2026-09-07T20:52:02.9968|ERROR|AscomDevice.cs|GetProperty|546|An unexpected exception occurred during GET of Telescope.Altitude: 
ASCOM.NotConnectedException: Must be connected to telescope to use Altitude
 ---> System.Runtime.InteropServices.COMException (0x80040407): Must be connected to telescope to use Altitude
   --- End of inner exception stack trace ---
   at ASCOM.Com.DriverAccess.DynamicAccess.CheckDotNetExceptions(String memberName, Exception e) in J:\ASCOMLibrary\ASCOM.Com\ASCOM.Com.DriverAccess\BaseClass\DynamicAccess.cs:line 219
   at ASCOM.Com.DriverAccess.DynamicAccess.TryGetMember(GetMemberBinder binder, Object& result) in J:\ASCOMLibrary\ASCOM.Com\ASCOM.Com.DriverAccess\BaseClass\DynamicAccess.cs:line 150
   at CallSite.Target(Closure, CallSite, Object)
   at ASCOM.Com.DriverAccess.Telescope.get_Altitude() in J:\ASCOMLibrary\ASCOM.Com\ASCOM.Com.DriverAccess\Telescope.cs:line 95
   at InvokeStub_Telescope.get_Altitude(Object, Object, IntPtr*)
   at System.Reflection.MethodBaseInvoker.InvokeWithNoArgs(Object obj, BindingFlags invokeAttr)
2026-09-07T20:52:02.9969|INFO|AscomDevice.cs|GetProperty|556|GET Telescope.Altitude failed - Returning last known value 42.9506184787219
2026-09-07T20:52:03.0131|ERROR|AscomDevice.cs|GetProperty|539|CPWI_ASCOM_Telescope is not connected 
ASCOM.NotConnectedException: Must be connected to telescope to use Altitude
 ---> System.Runtime.InteropServices.COMException (0x80040407): Must be connected to telescope to use Altitude
   --- End of inner exception stack trace ---
   at ASCOM.Com.DriverAccess.DynamicAccess.CheckDotNetExceptions(String memberName, Exception e) in J:\ASCOMLibrary\ASCOM.Com\ASCOM.Com.DriverAccess\BaseClass\DynamicAccess.cs:line 219
   at ASCOM.Com.DriverAccess.DynamicAccess.TryGetMember(GetMemberBinder binder, Object& result) in J:\ASCOMLibrary\ASCOM.Com\ASCOM.Com.DriverAccess\BaseClass\DynamicAccess.cs:line 150
   at CallSite.Target(Closure, CallSite, Object)
   at ASCOM.Com.DriverAccess.Telescope.get_Altitude() in J:\ASCOMLibrary\ASCOM.Com\ASCOM.Com.DriverAccess\Telescope.cs:line 95
   at InvokeStub_Telescope.get_Altitude(Object, Object, IntPtr*)
   at System.Reflection.MethodBaseInvoker.InvokeWithNoArgs(Object obj, BindingFlags invokeAttr)
2026-09-07T20:52:03.0138|ERROR|AscomDevice.cs|GetProperty|546|An unexpected exception occurred during GET of Telescope.Altitude: 
ASCOM.NotConnectedException: Must be connected to telescope to use Altitude
 ---> System.Runtime.InteropServices.COMException (0x80040407): Must be connected to telescope to use Altitude
   --- End of inner exception stack trace ---
   at ASCOM.Com.DriverAccess.DynamicAccess.CheckDotNetExceptions(String memberName, Exception e) in J:\ASCOMLibrary\ASCOM.Com\ASCOM.Com.DriverAccess\BaseClass\DynamicAccess.cs:line 219
   at ASCOM.Com.DriverAccess.DynamicAccess.TryGetMember(GetMemberBinder binder, Object& result) in J:\ASCOMLibrary\ASCOM.Com\ASCOM.Com.DriverAccess\BaseClass\DynamicAccess.cs:line 150
   at CallSite.Target(Closure, CallSite, Object)
   at ASCOM.Com.DriverAccess.Telescope.get_Altitude() in J:\ASCOMLibrary\ASCOM.Com\ASCOM.Com.DriverAccess\Telescope.cs:line 95
   at InvokeStub_Telescope.get_Altitude(Object, Object, IntPtr*)
   at System.Reflection.MethodBaseInvoker.InvokeWithNoArgs(Object obj, BindingFlags invokeAttr)
2026-09-07T20:52:03.2186|INFO|AscomDevice.cs|GetProperty|485|Retrying to GET Telescope.Altitude - Attempt 2 / 3
2026-09-07T20:52:03.2260|ERROR|AscomDevice.cs|GetProperty|539|CPWI_ASCOM_Telescope is not connected 
ASCOM.NotConnectedException: Must be connected to telescope to use Altitude
 ---> System.Runtime.InteropServices.COMException (0x80040407): Must be connected to telescope to use Altitude
   --- End of inner exception stack trace ---
   at ASCOM.Com.DriverAccess.DynamicAccess.CheckDotNetExceptions(String memberName, Exception e) in J:\ASCOMLibrary\ASCOM.Com\ASCOM.Com.DriverAccess\BaseClass\DynamicAccess.cs:line 219
   at ASCOM.Com.DriverAccess.DynamicAccess.TryGetMember(GetMemberBinder binder, Object& result) in J:\ASCOMLibrary\ASCOM.Com\ASCOM.Com.DriverAccess\BaseClass\DynamicAccess.cs:line 150
   at CallSite.Target(Closure, CallSite, Object)
   at ASCOM.Com.DriverAccess.Telescope.get_Altitude() in J:\ASCOMLibrary\ASCOM.Com\ASCOM.Com.DriverAccess\Telescope.cs:line 95
   at InvokeStub_Telescope.get_Altitude(Object, Object, IntPtr*)
   at System.Reflection.MethodBaseInvoker.InvokeWithNoArgs(Object obj, BindingFlags invokeAttr)
2026-09-07T20:52:03.2263|ERROR|AscomDevice.cs|GetProperty|546|An unexpected exception occurred during GET of Telescope.Altitude: 
ASCOM.NotConnectedException: Must be connected to telescope to use Altitude
 ---> System.Runtime.InteropServices.COMException (0x80040407): Must be connected to telescope to use Altitude
   --- End of inner exception stack trace ---
   at ASCOM.Com.DriverAccess.DynamicAccess.CheckDotNetExceptions(String memberName, Exception e) in J:\ASCOMLibrary\ASCOM.Com\ASCOM.Com.DriverAccess\BaseClass\DynamicAccess.cs:line 219
   at ASCOM.Com.DriverAccess.DynamicAccess.TryGetMember(GetMemberBinder binder, Object& result) in J:\ASCOMLibrary\ASCOM.Com\ASCOM.Com.DriverAccess\BaseClass\DynamicAccess.cs:line 150
   at CallSite.Target(Closure, CallSite, Object)
   at ASCOM.Com.DriverAccess.Telescope.get_Altitude() in J:\ASCOMLibrary\ASCOM.Com\ASCOM.Com.DriverAccess\Telescope.cs:line 95
   at InvokeStub_Telescope.get_Altitude(Object, Object, IntPtr*)
   at System.Reflection.MethodBaseInvoker.InvokeWithNoArgs(Object obj, BindingFlags invokeAttr)
2026-09-07T20:52:03.4279|INFO|AscomDevice.cs|GetProperty|485|Retrying to GET Telescope.Altitude - Attempt 3 / 3
2026-09-07T20:52:03.4377|WARNING|AscomDevice.cs|GetProperty|521|GET of Telescope.Altitude encountered 9 consecutive errors. Further logs for this property access are logged on TRACE level until the property access is successful again
2026-09-07T20:52:03.4379|ERROR|AscomDevice.cs|GetProperty|539|CPWI_ASCOM_Telescope is not connected 
ASCOM.NotConnectedException: Must be connected to telescope to use Altitude
 ---> System.Runtime.InteropServices.COMException (0x80040407): Must be connected to telescope to use Altitude
   --- End of inner exception stack trace ---
   at ASCOM.Com.DriverAccess.DynamicAccess.CheckDotNetExceptions(String memberName, Exception e) in J:\ASCOMLibrary\ASCOM.Com\ASCOM.Com.DriverAccess\BaseClass\DynamicAccess.cs:line 219
   at ASCOM.Com.DriverAccess.DynamicAccess.TryGetMember(GetMemberBinder binder, Object& result) in J:\ASCOMLibrary\ASCOM.Com\ASCOM.Com.DriverAccess\BaseClass\DynamicAccess.cs:line 150
   at CallSite.Target(Closure, CallSite, Object)
   at ASCOM.Com.DriverAccess.Telescope.get_Altitude() in J:\ASCOMLibrary\ASCOM.Com\ASCOM.Com.DriverAccess\Telescope.cs:line 95
   at InvokeStub_Telescope.get_Altitude(Object, Object, IntPtr*)
   at System.Reflection.MethodBaseInvoker.InvokeWithNoArgs(Object obj, BindingFlags invokeAttr)
2026-09-07T20:52:03.4381|ERROR|AscomDevice.cs|GetProperty|546|An unexpected exception occurred during GET of Telescope.Altitude: 
ASCOM.NotConnectedException: Must be connected to telescope to use Altitude
 ---> System.Runtime.InteropServices.COMException (0x80040407): Must be connected to telescope to use Altitude
   --- End of inner exception stack trace ---
   at ASCOM.Com.DriverAccess.DynamicAccess.CheckDotNetExceptions(String memberName, Exception e) in J:\ASCOMLibrary\ASCOM.Com\ASCOM.Com.DriverAccess\BaseClass\DynamicAccess.cs:line 219
   at ASCOM.Com.DriverAccess.DynamicAccess.TryGetMember(GetMemberBinder binder, Object& result) in J:\ASCOMLibrary\ASCOM.Com\ASCOM.Com.DriverAccess\BaseClass\DynamicAccess.cs:line 150
   at CallSite.Target(Closure, CallSite, Object)
   at ASCOM.Com.DriverAccess.Telescope.get_Altitude() in J:\ASCOMLibrary\ASCOM.Com\ASCOM.Com.DriverAccess\Telescope.cs:line 95
   at InvokeStub_Telescope.get_Altitude(Object, Object, IntPtr*)
   at System.Reflection.MethodBaseInvoker.InvokeWithNoArgs(Object obj, BindingFlags invokeAttr)
2026-09-07T20:52:03.4382|INFO|AscomDevice.cs|GetProperty|556|GET Telescope.Altitude failed - Returning last known value 42.9506184787219
2026-09-07T20:52:03.4467|ERROR|AscomDevice.cs|GetProperty|539|CPWI_ASCOM_Telescope is not connected 
ASCOM.NotConnectedException: Must be connected to telescope to use Azimuth
 ---> System.Runtime.InteropServices.COMException (0x80040407): Must be connected to telescope to use Azimuth
   --- End of inner exception stack trace ---
   at ASCOM.Com.DriverAccess.DynamicAccess.CheckDotNetExceptions(String memberName, Exception e) in J:\ASCOMLibrary\ASCOM.Com\ASCOM.Com.DriverAccess\BaseClass\DynamicAccess.cs:line 219
   at ASCOM.Com.DriverAccess.DynamicAccess.TryGetMember(GetMemberBinder binder, Object& result) in J:\ASCOMLibrary\ASCOM.Com\ASCOM.Com.DriverAccess\BaseClass\DynamicAccess.cs:line 150
   at CallSite.Target(Closure, CallSite, Object)
   at ASCOM.Com.DriverAccess.Telescope.get_Azimuth() in J:\ASCOMLibrary\ASCOM.Com\ASCOM.Com.DriverAccess\Telescope.cs:line 140
   at InvokeStub_Telescope.get_Azimuth(Object, Object, IntPtr*)
   at System.Reflection.MethodBaseInvoker.InvokeWithNoArgs(Object obj, BindingFlags invokeAttr)
2026-09-07T20:52:03.4471|ERROR|AscomDevice.cs|GetProperty|546|An unexpected exception occurred during GET of Telescope.Azimuth: 
ASCOM.NotConnectedException: Must be connected to telescope to use Azimuth
 ---> System.Runtime.InteropServices.COMException (0x80040407): Must be connected to telescope to use Azimuth
   --- End of inner exception stack trace ---
   at ASCOM.Com.DriverAccess.DynamicAccess.CheckDotNetExceptions(String memberName, Exception e) in J:\ASCOMLibrary\ASCOM.Com\ASCOM.Com.DriverAccess\BaseClass\DynamicAccess.cs:line 219
   at ASCOM.Com.DriverAccess.DynamicAccess.TryGetMember(GetMemberBinder binder, Object& result) in J:\ASCOMLibrary\ASCOM.Com\ASCOM.Com.DriverAccess\BaseClass\DynamicAccess.cs:line 150
   at CallSite.Target(Closure, CallSite, Object)
   at ASCOM.Com.DriverAccess.Telescope.get_Azimuth() in J:\ASCOMLibrary\ASCOM.Com\ASCOM.Com.DriverAccess\Telescope.cs:line 140
   at InvokeStub_Telescope.get_Azimuth(Object, Object, IntPtr*)
   at System.Reflection.MethodBaseInvoker.InvokeWithNoArgs(Object obj, BindingFlags invokeAttr)
2026-09-07T20:52:03.6475|INFO|AscomDevice.cs|GetProperty|485|Retrying to GET Telescope.Azimuth - Attempt 2 / 3
2026-09-07T20:52:03.6579|ERROR|AscomDevice.cs|GetProperty|539|CPWI_ASCOM_Telescope is not connected 
ASCOM.NotConnectedException: Must be connected to telescope to use Azimuth
 ---> System.Runtime.InteropServices.COMException (0x80040407): Must be connected to telescope to use Azimuth
   --- End of inner exception stack trace ---
   at ASCOM.Com.DriverAccess.DynamicAccess.CheckDotNetExceptions(String memberName, Exception e) in J:\ASCOMLibrary\ASCOM.Com\ASCOM.Com.DriverAccess\BaseClass\DynamicAccess.cs:line 219
   at ASCOM.Com.DriverAccess.DynamicAccess.TryGetMember(GetMemberBinder binder, Object& result) in J:\ASCOMLibrary\ASCOM.Com\ASCOM.Com.DriverAccess\BaseClass\DynamicAccess.cs:line 150
   at CallSite.Target(Closure, CallSite, Object)
   at ASCOM.Com.DriverAccess.Telescope.get_Azimuth() in J:\ASCOMLibrary\ASCOM.Com\ASCOM.Com.DriverAccess\Telescope.cs:line 140
   at InvokeStub_Telescope.get_Azimuth(Object, Object, IntPtr*)
   at System.Reflection.MethodBaseInvoker.InvokeWithNoArgs(Object obj, BindingFlags invokeAttr)
2026-09-07T20:52:03.6582|ERROR|AscomDevice.cs|GetProperty|546|An unexpected exception occurred during GET of Telescope.Azimuth: 
ASCOM.NotConnectedException: Must be connected to telescope to use Azimuth
 ---> System.Runtime.InteropServices.COMException (0x80040407): Must be connected to telescope to use Azimuth
   --- End of inner exception stack trace ---
   at ASCOM.Com.DriverAccess.DynamicAccess.CheckDotNetExceptions(String memberName, Exception e) in J:\ASCOMLibrary\ASCOM.Com\ASCOM.Com.DriverAccess\BaseClass\DynamicAccess.cs:line 219
   at ASCOM.Com.DriverAccess.DynamicAccess.TryGetMember(GetMemberBinder binder, Object& result) in J:\ASCOMLibrary\ASCOM.Com\ASCOM.Com.DriverAccess\BaseClass\DynamicAccess.cs:line 150
   at CallSite.Target(Closure, CallSite, Object)
   at ASCOM.Com.DriverAccess.Telescope.get_Azimuth() in J:\ASCOMLibrary\ASCOM.Com\ASCOM.Com.DriverAccess\Telescope.cs:line 140
   at InvokeStub_Telescope.get_Azimuth(Object, Object, IntPtr*)
   at System.Reflection.MethodBaseInvoker.InvokeWithNoArgs(Object obj, BindingFlags invokeAttr)
2026-09-07T20:52:03.8661|INFO|AscomDevice.cs|GetProperty|485|Retrying to GET Telescope.Azimuth - Attempt 3 / 3
2026-09-07T20:52:03.8746|ERROR|AscomDevice.cs|GetProperty|539|CPWI_ASCOM_Telescope is not connected 
ASCOM.NotConnectedException: Must be connected to telescope to use Azimuth
 ---> System.Runtime.InteropServices.COMException (0x80040407): Must be connected to telescope to use Azimuth
   --- End of inner exception stack trace ---
   at ASCOM.Com.DriverAccess.DynamicAccess.CheckDotNetExceptions(String memberName, Exception e) in J:\ASCOMLibrary\ASCOM.Com\ASCOM.Com.DriverAccess\BaseClass\DynamicAccess.cs:line 219
   at ASCOM.Com.DriverAccess.DynamicAccess.TryGetMember(GetMemberBinder binder, Object& result) in J:\ASCOMLibrary\ASCOM.Com\ASCOM.Com.DriverAccess\BaseClass\DynamicAccess.cs:line 150
   at CallSite.Target(Closure, CallSite, Object)
   at ASCOM.Com.DriverAccess.Telescope.get_Azimuth() in J:\ASCOMLibrary\ASCOM.Com\ASCOM.Com.DriverAccess\Telescope.cs:line 140
   at InvokeStub_Telescope.get_Azimuth(Object, Object, IntPtr*)
   at System.Reflection.MethodBaseInvoker.InvokeWithNoArgs(Object obj, BindingFlags invokeAttr)
2026-09-07T20:52:03.8749|ERROR|AscomDevice.cs|GetProperty|546|An unexpected exception occurred during GET of Telescope.Azimuth: 
ASCOM.NotConnectedException: Must be connected to telescope to use Azimuth
 ---> System.Runtime.InteropServices.COMException (0x80040407): Must be connected to telescope to use Azimuth
   --- End of inner exception stack trace ---
   at ASCOM.Com.DriverAccess.DynamicAccess.CheckDotNetExceptions(String memberName, Exception e) in J:\ASCOMLibrary\ASCOM.Com\ASCOM.Com.DriverAccess\BaseClass\DynamicAccess.cs:line 219
   at ASCOM.Com.DriverAccess.DynamicAccess.TryGetMember(GetMemberBinder binder, Object& result) in J:\ASCOMLibrary\ASCOM.Com\ASCOM.Com.DriverAccess\BaseClass\DynamicAccess.cs:line 150
   at CallSite.Target(Closure, CallSite, Object)
   at ASCOM.Com.DriverAccess.Telescope.get_Azimuth() in J:\ASCOMLibrary\ASCOM.Com\ASCOM.Com.DriverAccess\Telescope.cs:line 140
   at InvokeStub_Telescope.get_Azimuth(Object, Object, IntPtr*)
   at System.Reflection.MethodBaseInvoker.InvokeWithNoArgs(Object obj, BindingFlags invokeAttr)
2026-09-07T20:52:03.8751|INFO|AscomDevice.cs|GetProperty|556|GET Telescope.Azimuth failed - Returning last known value 0.87539936876516
2026-09-07T20:52:03.8837|ERROR|AscomDevice.cs|GetProperty|539|CPWI_ASCOM_Telescope is not connected 
ASCOM.NotConnectedException: Must be connected to telescope to use Azimuth
 ---> System.Runtime.InteropServices.COMException (0x80040407): Must be connected to telescope to use Azimuth
   --- End of inner exception stack trace ---
   at ASCOM.Com.DriverAccess.DynamicAccess.CheckDotNetExceptions(String memberName, Exception e) in J:\ASCOMLibrary\ASCOM.Com\ASCOM.Com.DriverAccess\BaseClass\DynamicAccess.cs:line 219
   at ASCOM.Com.DriverAccess.DynamicAccess.TryGetMember(GetMemberBinder binder, Object& result) in J:\ASCOMLibrary\ASCOM.Com\ASCOM.Com.DriverAccess\BaseClass\DynamicAccess.cs:line 150
   at CallSite.Target(Closure, CallSite, Object)
   at ASCOM.Com.DriverAccess.Telescope.get_Azimuth() in J:\ASCOMLibrary\ASCOM.Com\ASCOM.Com.DriverAccess\Telescope.cs:line 140
   at InvokeStub_Telescope.get_Azimuth(Object, Object, IntPtr*)
   at System.Reflection.MethodBaseInvoker.InvokeWithNoArgs(Object obj, BindingFlags invokeAttr)
2026-09-07T20:52:03.8840|ERROR|AscomDevice.cs|GetProperty|546|An unexpected exception occurred during GET of Telescope.Azimuth: 
ASCOM.NotConnectedException: Must be connected to telescope to use Azimuth
 ---> System.Runtime.InteropServices.COMException (0x80040407): Must be connected to telescope to use Azimuth
   --- End of inner exception stack trace ---
   at ASCOM.Com.DriverAccess.DynamicAccess.CheckDotNetExceptions(String memberName, Exception e) in J:\ASCOMLibrary\ASCOM.Com\ASCOM.Com.DriverAccess\BaseClass\DynamicAccess.cs:line 219
   at ASCOM.Com.DriverAccess.DynamicAccess.TryGetMember(GetMemberBinder binder, Object& result) in J:\ASCOMLibrary\ASCOM.Com\ASCOM.Com.DriverAccess\BaseClass\DynamicAccess.cs:line 150
   at CallSite.Target(Closure, CallSite, Object)
   at ASCOM.Com.DriverAccess.Telescope.get_Azimuth() in J:\ASCOMLibrary\ASCOM.Com\ASCOM.Com.DriverAccess\Telescope.cs:line 140
   at InvokeStub_Telescope.get_Azimuth(Object, Object, IntPtr*)
   at System.Reflection.MethodBaseInvoker.InvokeWithNoArgs(Object obj, BindingFlags invokeAttr)
2026-09-07T20:52:04.0871|INFO|AscomDevice.cs|GetProperty|485|Retrying to GET Telescope.Azimuth - Attempt 2 / 3
2026-09-07T20:52:04.0956|ERROR|AscomDevice.cs|GetProperty|539|CPWI_ASCOM_Telescope is not connected 
ASCOM.NotConnectedException: Must be connected to telescope to use Azimuth
 ---> System.Runtime.InteropServices.COMException (0x80040407): Must be connected to telescope to use Azimuth
   --- End of inner exception stack trace ---
   at ASCOM.Com.DriverAccess.DynamicAccess.CheckDotNetExceptions(String memberName, Exception e) in J:\ASCOMLibrary\ASCOM.Com\ASCOM.Com.DriverAccess\BaseClass\DynamicAccess.cs:line 219
   at ASCOM.Com.DriverAccess.DynamicAccess.TryGetMember(GetMemberBinder binder, Object& result) in J:\ASCOMLibrary\ASCOM.Com\ASCOM.Com.DriverAccess\BaseClass\DynamicAccess.cs:line 150
   at CallSite.Target(Closure, CallSite, Object)
   at ASCOM.Com.DriverAccess.Telescope.get_Azimuth() in J:\ASCOMLibrary\ASCOM.Com\ASCOM.Com.DriverAccess\Telescope.cs:line 140
   at InvokeStub_Telescope.get_Azimuth(Object, Object, IntPtr*)
   at System.Reflection.MethodBaseInvoker.InvokeWithNoArgs(Object obj, BindingFlags invokeAttr)
2026-09-07T20:52:04.0959|ERROR|AscomDevice.cs|GetProperty|546|An unexpected exception occurred during GET of Telescope.Azimuth: 
ASCOM.NotConnectedException: Must be connected to telescope to use Azimuth
 ---> System.Runtime.InteropServices.COMException (0x80040407): Must be connected to telescope to use Azimuth
   --- End of inner exception stack trace ---
   at ASCOM.Com.DriverAccess.DynamicAccess.CheckDotNetExceptions(String memberName, Exception e) in J:\ASCOMLibrary\ASCOM.Com\ASCOM.Com.DriverAccess\BaseClass\DynamicAccess.cs:line 219
   at ASCOM.Com.DriverAccess.DynamicAccess.TryGetMember(GetMemberBinder binder, Object& result) in J:\ASCOMLibrary\ASCOM.Com\ASCOM.Com.DriverAccess\BaseClass\DynamicAccess.cs:line 150
   at CallSite.Target(Closure, CallSite, Object)
   at ASCOM.Com.DriverAccess.Telescope.get_Azimuth() in J:\ASCOMLibrary\ASCOM.Com\ASCOM.Com.DriverAccess\Telescope.cs:line 140
   at InvokeStub_Telescope.get_Azimuth(Object, Object, IntPtr*)
   at System.Reflection.MethodBaseInvoker.InvokeWithNoArgs(Object obj, BindingFlags invokeAttr)
2026-09-07T20:52:04.2976|INFO|AscomDevice.cs|GetProperty|485|Retrying to GET Telescope.Azimuth - Attempt 3 / 3
2026-09-07T20:52:04.3260|ERROR|AscomDevice.cs|GetProperty|539|CPWI_ASCOM_Telescope is not connected 
ASCOM.NotConnectedException: Must be connected to telescope to use Azimuth
 ---> System.Runtime.InteropServices.COMException (0x80040407): Must be connected to telescope to use Azimuth
   --- End of inner exception stack trace ---
   at ASCOM.Com.DriverAccess.DynamicAccess.CheckDotNetExceptions(String memberName, Exception e) in J:\ASCOMLibrary\ASCOM.Com\ASCOM.Com.DriverAccess\BaseClass\DynamicAccess.cs:line 219
   at ASCOM.Com.DriverAccess.DynamicAccess.TryGetMember(GetMemberBinder binder, Object& result) in J:\ASCOMLibrary\ASCOM.Com\ASCOM.Com.DriverAccess\BaseClass\DynamicAccess.cs:line 150
   at CallSite.Target(Closure, CallSite, Object)
   at ASCOM.Com.DriverAccess.Telescope.get_Azimuth() in J:\ASCOMLibrary\ASCOM.Com\ASCOM.Com.DriverAccess\Telescope.cs:line 140
   at InvokeStub_Telescope.get_Azimuth(Object, Object, IntPtr*)
   at System.Reflection.MethodBaseInvoker.InvokeWithNoArgs(Object obj, BindingFlags invokeAttr)
2026-09-07T20:52:04.3263|ERROR|AscomDevice.cs|GetProperty|546|An unexpected exception occurred during GET of Telescope.Azimuth: 
ASCOM.NotConnectedException: Must be connected to telescope to use Azimuth
 ---> System.Runtime.InteropServices.COMException (0x80040407): Must be connected to telescope to use Azimuth
   --- End of inner exception stack trace ---
   at ASCOM.Com.DriverAccess.DynamicAccess.CheckDotNetExceptions(String memberName, Exception e) in J:\ASCOMLibrary\ASCOM.Com\ASCOM.Com.DriverAccess\BaseClass\DynamicAccess.cs:line 219
   at ASCOM.Com.DriverAccess.DynamicAccess.TryGetMember(GetMemberBinder binder, Object& result) in J:\ASCOMLibrary\ASCOM.Com\ASCOM.Com.DriverAccess\BaseClass\DynamicAccess.cs:line 150
   at CallSite.Target(Closure, CallSite, Object)
   at ASCOM.Com.DriverAccess.Telescope.get_Azimuth() in J:\ASCOMLibrary\ASCOM.Com\ASCOM.Com.DriverAccess\Telescope.cs:line 140
   at InvokeStub_Telescope.get_Azimuth(Object, Object, IntPtr*)
   at System.Reflection.MethodBaseInvoker.InvokeWithNoArgs(Object obj, BindingFlags invokeAttr)
2026-09-07T20:52:04.3265|INFO|AscomDevice.cs|GetProperty|556|GET Telescope.Azimuth failed - Returning last known value 0.87539936876516
2026-09-07T20:52:04.3388|ERROR|AscomDevice.cs|GetProperty|539|CPWI_ASCOM_Telescope is not connected 
ASCOM.NotConnectedException: Must be connected to telescope to use Azimuth
 ---> System.Runtime.InteropServices.COMException (0x80040407): Must be connected to telescope to use Azimuth
   --- End of inner exception stack trace ---
   at ASCOM.Com.DriverAccess.DynamicAccess.CheckDotNetExceptions(String memberName, Exception e) in J:\ASCOMLibrary\ASCOM.Com\ASCOM.Com.DriverAccess\BaseClass\DynamicAccess.cs:line 219
   at ASCOM.Com.DriverAccess.DynamicAccess.TryGetMember(GetMemberBinder binder, Object& result) in J:\ASCOMLibrary\ASCOM.Com\ASCOM.Com.DriverAccess\BaseClass\DynamicAccess.cs:line 150
   at CallSite.Target(Closure, CallSite, Object)
   at ASCOM.Com.DriverAccess.Telescope.get_Azimuth() in J:\ASCOMLibrary\ASCOM.Com\ASCOM.Com.DriverAccess\Telescope.cs:line 140
   at InvokeStub_Telescope.get_Azimuth(Object, Object, IntPtr*)
   at System.Reflection.MethodBaseInvoker.InvokeWithNoArgs(Object obj, BindingFlags invokeAttr)
2026-09-07T20:52:04.3391|ERROR|AscomDevice.cs|GetProperty|546|An unexpected exception occurred during GET of Telescope.Azimuth: 
ASCOM.NotConnectedException: Must be connected to telescope to use Azimuth
 ---> System.Runtime.InteropServices.COMException (0x80040407): Must be connected to telescope to use Azimuth
   --- End of inner exception stack trace ---
   at ASCOM.Com.DriverAccess.DynamicAccess.CheckDotNetExceptions(String memberName, Exception e) in J:\ASCOMLibrary\ASCOM.Com\ASCOM.Com.DriverAccess\BaseClass\DynamicAccess.cs:line 219
   at ASCOM.Com.DriverAccess.DynamicAccess.TryGetMember(GetMemberBinder binder, Object& result) in J:\ASCOMLibrary\ASCOM.Com\ASCOM.Com.DriverAccess\BaseClass\DynamicAccess.cs:line 150
   at CallSite.Target(Closure, CallSite, Object)
   at ASCOM.Com.DriverAccess.Telescope.get_Azimuth() in J:\ASCOMLibrary\ASCOM.Com\ASCOM.Com.DriverAccess\Telescope.cs:line 140
   at InvokeStub_Telescope.get_Azimuth(Object, Object, IntPtr*)
   at System.Reflection.MethodBaseInvoker.InvokeWithNoArgs(Object obj, BindingFlags invokeAttr)
2026-09-07T20:52:04.5415|INFO|AscomDevice.cs|GetProperty|485|Retrying to GET Telescope.Azimuth - Attempt 2 / 3
2026-09-07T20:52:04.5587|ERROR|AscomDevice.cs|GetProperty|539|CPWI_ASCOM_Telescope is not connected 
ASCOM.NotConnectedException: Must be connected to telescope to use Azimuth
 ---> System.Runtime.InteropServices.COMException (0x80040407): Must be connected to telescope to use Azimuth
   --- End of inner exception stack trace ---
   at ASCOM.Com.DriverAccess.DynamicAccess.CheckDotNetExceptions(String memberName, Exception e) in J:\ASCOMLibrary\ASCOM.Com\ASCOM.Com.DriverAccess\BaseClass\DynamicAccess.cs:line 219
   at ASCOM.Com.DriverAccess.DynamicAccess.TryGetMember(GetMemberBinder binder, Object& result) in J:\ASCOMLibrary\ASCOM.Com\ASCOM.Com.DriverAccess\BaseClass\DynamicAccess.cs:line 150
   at CallSite.Target(Closure, CallSite, Object)
   at ASCOM.Com.DriverAccess.Telescope.get_Azimuth() in J:\ASCOMLibrary\ASCOM.Com\ASCOM.Com.DriverAccess\Telescope.cs:line 140
   at InvokeStub_Telescope.get_Azimuth(Object, Object, IntPtr*)
   at System.Reflection.MethodBaseInvoker.InvokeWithNoArgs(Object obj, BindingFlags invokeAttr)
2026-09-07T20:52:04.5590|ERROR|AscomDevice.cs|GetProperty|546|An unexpected exception occurred during GET of Telescope.Azimuth: 
ASCOM.NotConnectedException: Must be connected to telescope to use Azimuth
 ---> System.Runtime.InteropServices.COMException (0x80040407): Must be connected to telescope to use Azimuth
   --- End of inner exception stack trace ---
   at ASCOM.Com.DriverAccess.DynamicAccess.CheckDotNetExceptions(String memberName, Exception e) in J:\ASCOMLibrary\ASCOM.Com\ASCOM.Com.DriverAccess\BaseClass\DynamicAccess.cs:line 219
   at ASCOM.Com.DriverAccess.DynamicAccess.TryGetMember(GetMemberBinder binder, Object& result) in J:\ASCOMLibrary\ASCOM.Com\ASCOM.Com.DriverAccess\BaseClass\DynamicAccess.cs:line 150
   at CallSite.Target(Closure, CallSite, Object)
   at ASCOM.Com.DriverAccess.Telescope.get_Azimuth() in J:\ASCOMLibrary\ASCOM.Com\ASCOM.Com.DriverAccess\Telescope.cs:line 140
   at InvokeStub_Telescope.get_Azimuth(Object, Object, IntPtr*)
   at System.Reflection.MethodBaseInvoker.InvokeWithNoArgs(Object obj, BindingFlags invokeAttr)
2026-09-07T20:52:04.7612|INFO|AscomDevice.cs|GetProperty|485|Retrying to GET Telescope.Azimuth - Attempt 3 / 3
2026-09-07T20:52:04.7698|WARNING|AscomDevice.cs|GetProperty|521|GET of Telescope.Azimuth encountered 9 consecutive errors. Further logs for this property access are logged on TRACE level until the property access is successful again
2026-09-07T20:52:04.7699|ERROR|AscomDevice.cs|GetProperty|539|CPWI_ASCOM_Telescope is not connected 
ASCOM.NotConnectedException: Must be connected to telescope to use Azimuth
 ---> System.Runtime.InteropServices.COMException (0x80040407): Must be connected to telescope to use Azimuth
   --- End of inner exception stack trace ---
   at ASCOM.Com.DriverAccess.DynamicAccess.CheckDotNetExceptions(String memberName, Exception e) in J:\ASCOMLibrary\ASCOM.Com\ASCOM.Com.DriverAccess\BaseClass\DynamicAccess.cs:line 219
   at ASCOM.Com.DriverAccess.DynamicAccess.TryGetMember(GetMemberBinder binder, Object& result) in J:\ASCOMLibrary\ASCOM.Com\ASCOM.Com.DriverAccess\BaseClass\DynamicAccess.cs:line 150
   at CallSite.Target(Closure, CallSite, Object)
   at ASCOM.Com.DriverAccess.Telescope.get_Azimuth() in J:\ASCOMLibrary\ASCOM.Com\ASCOM.Com.DriverAccess\Telescope.cs:line 140
   at InvokeStub_Telescope.get_Azimuth(Object, Object, IntPtr*)
   at System.Reflection.MethodBaseInvoker.InvokeWithNoArgs(Object obj, BindingFlags invokeAttr)
2026-09-07T20:52:04.7703|ERROR|AscomDevice.cs|GetProperty|546|An unexpected exception occurred during GET of Telescope.Azimuth: 
ASCOM.NotConnectedException: Must be connected to telescope to use Azimuth
 ---> System.Runtime.InteropServices.COMException (0x80040407): Must be connected to telescope to use Azimuth
   --- End of inner exception stack trace ---
   at ASCOM.Com.DriverAccess.DynamicAccess.CheckDotNetExceptions(String memberName, Exception e) in J:\ASCOMLibrary\ASCOM.Com\ASCOM.Com.DriverAccess\BaseClass\DynamicAccess.cs:line 219
   at ASCOM.Com.DriverAccess.DynamicAccess.TryGetMember(GetMemberBinder binder, Object& result) in J:\ASCOMLibrary\ASCOM.Com\ASCOM.Com.DriverAccess\BaseClass\DynamicAccess.cs:line 150
   at CallSite.Target(Closure, CallSite, Object)
   at ASCOM.Com.DriverAccess.Telescope.get_Azimuth() in J:\ASCOMLibrary\ASCOM.Com\ASCOM.Com.DriverAccess\Telescope.cs:line 140
   at InvokeStub_Telescope.get_Azimuth(Object, Object, IntPtr*)
   at System.Reflection.MethodBaseInvoker.InvokeWithNoArgs(Object obj, BindingFlags invokeAttr)
2026-09-07T20:52:04.7705|INFO|AscomDevice.cs|GetProperty|556|GET Telescope.Azimuth failed - Returning last known value 0.87539936876516
2026-09-07T20:52:04.7828|ERROR|AscomDevice.cs|GetProperty|539|CPWI_ASCOM_Telescope is not connected 
ASCOM.NotConnectedException: Must be connected to telescope to use Declination
 ---> System.Runtime.InteropServices.COMException (0x80040407): Must be connected to telescope to use Declination
   --- End of inner exception stack trace ---
   at ASCOM.Com.DriverAccess.DynamicAccess.CheckDotNetExceptions(String memberName, Exception e) in J:\ASCOMLibrary\ASCOM.Com\ASCOM.Com.DriverAccess\BaseClass\DynamicAccess.cs:line 219
   at ASCOM.Com.DriverAccess.DynamicAccess.TryGetMember(GetMemberBinder binder, Object& result) in J:\ASCOMLibrary\ASCOM.Com\ASCOM.Com.DriverAccess\BaseClass\DynamicAccess.cs:line 150
   at CallSite.Target(Closure, CallSite, Object)
   at ASCOM.Com.DriverAccess.Telescope.get_Declination() in J:\ASCOMLibrary\ASCOM.Com\ASCOM.Com.DriverAccess\Telescope.cs:line 251
   at InvokeStub_Telescope.get_Declination(Object, Object, IntPtr*)
   at System.Reflection.MethodBaseInvoker.InvokeWithNoArgs(Object obj, BindingFlags invokeAttr)
2026-09-07T20:52:04.7831|ERROR|AscomDevice.cs|GetProperty|546|An unexpected exception occurred during GET of Telescope.Declination: 
ASCOM.NotConnectedException: Must be connected to telescope to use Declination
 ---> System.Runtime.InteropServices.COMException (0x80040407): Must be connected to telescope to use Declination
   --- End of inner exception stack trace ---
   at ASCOM.Com.DriverAccess.DynamicAccess.CheckDotNetExceptions(String memberName, Exception e) in J:\ASCOMLibrary\ASCOM.Com\ASCOM.Com.DriverAccess\BaseClass\DynamicAccess.cs:line 219
   at ASCOM.Com.DriverAccess.DynamicAccess.TryGetMember(GetMemberBinder binder, Object& result) in J:\ASCOMLibrary\ASCOM.Com\ASCOM.Com.DriverAccess\BaseClass\DynamicAccess.cs:line 150
   at CallSite.Target(Closure, CallSite, Object)
   at ASCOM.Com.DriverAccess.Telescope.get_Declination() in J:\ASCOMLibrary\ASCOM.Com\ASCOM.Com.DriverAccess\Telescope.cs:line 251
   at InvokeStub_Telescope.get_Declination(Object, Object, IntPtr*)
   at System.Reflection.MethodBaseInvoker.InvokeWithNoArgs(Object obj, BindingFlags invokeAttr)
2026-09-07T20:52:04.9884|INFO|AscomDevice.cs|GetProperty|485|Retrying to GET Telescope.Declination - Attempt 2 / 3
2026-09-07T20:52:04.9965|ERROR|AscomDevice.cs|GetProperty|539|CPWI_ASCOM_Telescope is not connected 
ASCOM.NotConnectedException: Must be connected to telescope to use Declination
 ---> System.Runtime.InteropServices.COMException (0x80040407): Must be connected to telescope to use Declination
   --- End of inner exception stack trace ---
   at ASCOM.Com.DriverAccess.DynamicAccess.CheckDotNetExceptions(String memberName, Exception e) in J:\ASCOMLibrary\ASCOM.Com\ASCOM.Com.DriverAccess\BaseClass\DynamicAccess.cs:line 219
   at ASCOM.Com.DriverAccess.DynamicAccess.TryGetMember(GetMemberBinder binder, Object& result) in J:\ASCOMLibrary\ASCOM.Com\ASCOM.Com.DriverAccess\BaseClass\DynamicAccess.cs:line 150
   at CallSite.Target(Closure, CallSite, Object)
   at ASCOM.Com.DriverAccess.Telescope.get_Declination() in J:\ASCOMLibrary\ASCOM.Com\ASCOM.Com.DriverAccess\Telescope.cs:line 251
   at InvokeStub_Telescope.get_Declination(Object, Object, IntPtr*)
   at System.Reflection.MethodBaseInvoker.InvokeWithNoArgs(Object obj, BindingFlags invokeAttr)
2026-09-07T20:52:04.9968|ERROR|AscomDevice.cs|GetProperty|546|An unexpected exception occurred during GET of Telescope.Declination: 
ASCOM.NotConnectedException: Must be connected to telescope to use Declination
 ---> System.Runtime.InteropServices.COMException (0x80040407): Must be connected to telescope to use Declination
   --- End of inner exception stack trace ---
   at ASCOM.Com.DriverAccess.DynamicAccess.CheckDotNetExceptions(String memberName, Exception e) in J:\ASCOMLibrary\ASCOM.Com\ASCOM.Com.DriverAccess\BaseClass\DynamicAccess.cs:line 219
   at ASCOM.Com.DriverAccess.DynamicAccess.TryGetMember(GetMemberBinder binder, Object& result) in J:\ASCOMLibrary\ASCOM.Com\ASCOM.Com.DriverAccess\BaseClass\DynamicAccess.cs:line 150
   at CallSite.Target(Closure, CallSite, Object)
   at ASCOM.Com.DriverAccess.Telescope.get_Declination() in J:\ASCOMLibrary\ASCOM.Com\ASCOM.Com.DriverAccess\Telescope.cs:line 251
   at InvokeStub_Telescope.get_Declination(Object, Object, IntPtr*)
   at System.Reflection.MethodBaseInvoker.InvokeWithNoArgs(Object obj, BindingFlags invokeAttr)
2026-09-07T20:52:05.1978|INFO|AscomDevice.cs|GetProperty|485|Retrying to GET Telescope.Declination - Attempt 3 / 3
2026-09-07T20:52:05.2112|ERROR|AscomDevice.cs|GetProperty|539|CPWI_ASCOM_Telescope is not connected 
ASCOM.NotConnectedException: Must be connected to telescope to use Declination
 ---> System.Runtime.InteropServices.COMException (0x80040407): Must be connected to telescope to use Declination
   --- End of inner exception stack trace ---
   at ASCOM.Com.DriverAccess.DynamicAccess.CheckDotNetExceptions(String memberName, Exception e) in J:\ASCOMLibrary\ASCOM.Com\ASCOM.Com.DriverAccess\BaseClass\DynamicAccess.cs:line 219
   at ASCOM.Com.DriverAccess.DynamicAccess.TryGetMember(GetMemberBinder binder, Object& result) in J:\ASCOMLibrary\ASCOM.Com\ASCOM.Com.DriverAccess\BaseClass\DynamicAccess.cs:line 150
   at CallSite.Target(Closure, CallSite, Object)
   at ASCOM.Com.DriverAccess.Telescope.get_Declination() in J:\ASCOMLibrary\ASCOM.Com\ASCOM.Com.DriverAccess\Telescope.cs:line 251
   at InvokeStub_Telescope.get_Declination(Object, Object, IntPtr*)
   at System.Reflection.MethodBaseInvoker.InvokeWithNoArgs(Object obj, BindingFlags invokeAttr)
2026-09-07T20:52:05.2115|ERROR|AscomDevice.cs|GetProperty|546|An unexpected exception occurred during GET of Telescope.Declination: 
ASCOM.NotConnectedException: Must be connected to telescope to use Declination
 ---> System.Runtime.InteropServices.COMException (0x80040407): Must be connected to telescope to use Declination
   --- End of inner exception stack trace ---
   at ASCOM.Com.DriverAccess.DynamicAccess.CheckDotNetExceptions(String memberName, Exception e) in J:\ASCOMLibrary\ASCOM.Com\ASCOM.Com.DriverAccess\BaseClass\DynamicAccess.cs:line 219
   at ASCOM.Com.DriverAccess.DynamicAccess.TryGetMember(GetMemberBinder binder, Object& result) in J:\ASCOMLibrary\ASCOM.Com\ASCOM.Com.DriverAccess\BaseClass\DynamicAccess.cs:line 150
   at CallSite.Target(Closure, CallSite, Object)
   at ASCOM.Com.DriverAccess.Telescope.get_Declination() in J:\ASCOMLibrary\ASCOM.Com\ASCOM.Com.DriverAccess\Telescope.cs:line 251
   at InvokeStub_Telescope.get_Declination(Object, Object, IntPtr*)
   at System.Reflection.MethodBaseInvoker.InvokeWithNoArgs(Object obj, BindingFlags invokeAttr)
2026-09-07T20:52:05.2117|INFO|AscomDevice.cs|GetProperty|556|GET Telescope.Declination failed - Returning last known value 89.2134749228897
2026-09-07T20:52:05.2206|ERROR|AscomDevice.cs|GetProperty|539|CPWI_ASCOM_Telescope is not connected 
ASCOM.NotConnectedException: Must be connected to telescope to use RightAscension
 ---> System.Runtime.InteropServices.COMException (0x80040407): Must be connected to telescope to use RightAscension
   --- End of inner exception stack trace ---
   at ASCOM.Com.DriverAccess.DynamicAccess.CheckDotNetExceptions(String memberName, Exception e) in J:\ASCOMLibrary\ASCOM.Com\ASCOM.Com.DriverAccess\BaseClass\DynamicAccess.cs:line 219
   at ASCOM.Com.DriverAccess.DynamicAccess.TryGetMember(GetMemberBinder binder, Object& result) in J:\ASCOMLibrary\ASCOM.Com\ASCOM.Com.DriverAccess\BaseClass\DynamicAccess.cs:line 150
   at CallSite.Target(Closure, CallSite, Object)
   at ASCOM.Com.DriverAccess.Telescope.get_RightAscension() in J:\ASCOMLibrary\ASCOM.Com\ASCOM.Com.DriverAccess\Telescope.cs:line 331
   at InvokeStub_Telescope.get_RightAscension(Object, Object, IntPtr*)
   at System.Reflection.MethodBaseInvoker.InvokeWithNoArgs(Object obj, BindingFlags invokeAttr)
2026-09-07T20:52:05.2210|ERROR|AscomDevice.cs|GetProperty|546|An unexpected exception occurred during GET of Telescope.RightAscension: 
ASCOM.NotConnectedException: Must be connected to telescope to use RightAscension
 ---> System.Runtime.InteropServices.COMException (0x80040407): Must be connected to telescope to use RightAscension
   --- End of inner exception stack trace ---
   at ASCOM.Com.DriverAccess.DynamicAccess.CheckDotNetExceptions(String memberName, Exception e) in J:\ASCOMLibrary\ASCOM.Com\ASCOM.Com.DriverAccess\BaseClass\DynamicAccess.cs:line 219
   at ASCOM.Com.DriverAccess.DynamicAccess.TryGetMember(GetMemberBinder binder, Object& result) in J:\ASCOMLibrary\ASCOM.Com\ASCOM.Com.DriverAccess\BaseClass\DynamicAccess.cs:line 150
   at CallSite.Target(Closure, CallSite, Object)
   at ASCOM.Com.DriverAccess.Telescope.get_RightAscension() in J:\ASCOMLibrary\ASCOM.Com\ASCOM.Com.DriverAccess\Telescope.cs:line 331
   at InvokeStub_Telescope.get_RightAscension(Object, Object, IntPtr*)
   at System.Reflection.MethodBaseInvoker.InvokeWithNoArgs(Object obj, BindingFlags invokeAttr)
2026-09-07T20:52:05.4227|INFO|AscomDevice.cs|GetProperty|485|Retrying to GET Telescope.RightAscension - Attempt 2 / 3
2026-09-07T20:52:05.4351|ERROR|AscomDevice.cs|GetProperty|539|CPWI_ASCOM_Telescope is not connected 
ASCOM.NotConnectedException: Must be connected to telescope to use RightAscension
 ---> System.Runtime.InteropServices.COMException (0x80040407): Must be connected to telescope to use RightAscension
   --- End of inner exception stack trace ---
   at ASCOM.Com.DriverAccess.DynamicAccess.CheckDotNetExceptions(String memberName, Exception e) in J:\ASCOMLibrary\ASCOM.Com\ASCOM.Com.DriverAccess\BaseClass\DynamicAccess.cs:line 219
   at ASCOM.Com.DriverAccess.DynamicAccess.TryGetMember(GetMemberBinder binder, Object& result) in J:\ASCOMLibrary\ASCOM.Com\ASCOM.Com.DriverAccess\BaseClass\DynamicAccess.cs:line 150
   at CallSite.Target(Closure, CallSite, Object)
   at ASCOM.Com.DriverAccess.Telescope.get_RightAscension() in J:\ASCOMLibrary\ASCOM.Com\ASCOM.Com.DriverAccess\Telescope.cs:line 331
   at InvokeStub_Telescope.get_RightAscension(Object, Object, IntPtr*)
   at System.Reflection.MethodBaseInvoker.InvokeWithNoArgs(Object obj, BindingFlags invokeAttr)
2026-09-07T20:52:05.4354|ERROR|AscomDevice.cs|GetProperty|546|An unexpected exception occurred during GET of Telescope.RightAscension: 
ASCOM.NotConnectedException: Must be connected to telescope to use RightAscension
 ---> System.Runtime.InteropServices.COMException (0x80040407): Must be connected to telescope to use RightAscension
   --- End of inner exception stack trace ---
   at ASCOM.Com.DriverAccess.DynamicAccess.CheckDotNetExceptions(String memberName, Exception e) in J:\ASCOMLibrary\ASCOM.Com\ASCOM.Com.DriverAccess\BaseClass\DynamicAccess.cs:line 219
   at ASCOM.Com.DriverAccess.DynamicAccess.TryGetMember(GetMemberBinder binder, Object& result) in J:\ASCOMLibrary\ASCOM.Com\ASCOM.Com.DriverAccess\BaseClass\DynamicAccess.cs:line 150
   at CallSite.Target(Closure, CallSite, Object)
   at ASCOM.Com.DriverAccess.Telescope.get_RightAscension() in J:\ASCOMLibrary\ASCOM.Com\ASCOM.Com.DriverAccess\Telescope.cs:line 331
   at InvokeStub_Telescope.get_RightAscension(Object, Object, IntPtr*)
   at System.Reflection.MethodBaseInvoker.InvokeWithNoArgs(Object obj, BindingFlags invokeAttr)
2026-09-07T20:52:05.6369|INFO|AscomDevice.cs|GetProperty|485|Retrying to GET Telescope.RightAscension - Attempt 3 / 3
2026-09-07T20:52:05.6451|ERROR|AscomDevice.cs|GetProperty|539|CPWI_ASCOM_Telescope is not connected 
ASCOM.NotConnectedException: Must be connected to telescope to use RightAscension
 ---> System.Runtime.InteropServices.COMException (0x80040407): Must be connected to telescope to use RightAscension
   --- End of inner exception stack trace ---
   at ASCOM.Com.DriverAccess.DynamicAccess.CheckDotNetExceptions(String memberName, Exception e) in J:\ASCOMLibrary\ASCOM.Com\ASCOM.Com.DriverAccess\BaseClass\DynamicAccess.cs:line 219
   at ASCOM.Com.DriverAccess.DynamicAccess.TryGetMember(GetMemberBinder binder, Object& result) in J:\ASCOMLibrary\ASCOM.Com\ASCOM.Com.DriverAccess\BaseClass\DynamicAccess.cs:line 150
   at CallSite.Target(Closure, CallSite, Object)
   at ASCOM.Com.DriverAccess.Telescope.get_RightAscension() in J:\ASCOMLibrary\ASCOM.Com\ASCOM.Com.DriverAccess\Telescope.cs:line 331
   at InvokeStub_Telescope.get_RightAscension(Object, Object, IntPtr*)
   at System.Reflection.MethodBaseInvoker.InvokeWithNoArgs(Object obj, BindingFlags invokeAttr)
2026-09-07T20:52:05.6453|ERROR|AscomDevice.cs|GetProperty|546|An unexpected exception occurred during GET of Telescope.RightAscension: 
ASCOM.NotConnectedException: Must be connected to telescope to use RightAscension
 ---> System.Runtime.InteropServices.COMException (0x80040407): Must be connected to telescope to use RightAscension
   --- End of inner exception stack trace ---
   at ASCOM.Com.DriverAccess.DynamicAccess.CheckDotNetExceptions(String memberName, Exception e) in J:\ASCOMLibrary\ASCOM.Com\ASCOM.Com.DriverAccess\BaseClass\DynamicAccess.cs:line 219
   at ASCOM.Com.DriverAccess.DynamicAccess.TryGetMember(GetMemberBinder binder, Object& result) in J:\ASCOMLibrary\ASCOM.Com\ASCOM.Com.DriverAccess\BaseClass\DynamicAccess.cs:line 150
   at CallSite.Target(Closure, CallSite, Object)
   at ASCOM.Com.DriverAccess.Telescope.get_RightAscension() in J:\ASCOMLibrary\ASCOM.Com\ASCOM.Com.DriverAccess\Telescope.cs:line 331
   at InvokeStub_Telescope.get_RightAscension(Object, Object, IntPtr*)
   at System.Reflection.MethodBaseInvoker.InvokeWithNoArgs(Object obj, BindingFlags invokeAttr)
2026-09-07T20:52:05.6455|INFO|AscomDevice.cs|GetProperty|556|GET Telescope.RightAscension failed - Returning last known value 22.3998085050157
2026-09-07T20:52:05.6612|ERROR|AscomDevice.cs|GetProperty|539|CPWI_ASCOM_Telescope is not connected 
ASCOM.NotConnectedException: Must be connected to telescope to use RightAscension
 ---> System.Runtime.InteropServices.COMException (0x80040407): Must be connected to telescope to use RightAscension
   --- End of inner exception stack trace ---
   at ASCOM.Com.DriverAccess.DynamicAccess.CheckDotNetExceptions(String memberName, Exception e) in J:\ASCOMLibrary\ASCOM.Com\ASCOM.Com.DriverAccess\BaseClass\DynamicAccess.cs:line 219
   at ASCOM.Com.DriverAccess.DynamicAccess.TryGetMember(GetMemberBinder binder, Object& result) in J:\ASCOMLibrary\ASCOM.Com\ASCOM.Com.DriverAccess\BaseClass\DynamicAccess.cs:line 150
   at CallSite.Target(Closure, CallSite, Object)
   at ASCOM.Com.DriverAccess.Telescope.get_RightAscension() in J:\ASCOMLibrary\ASCOM.Com\ASCOM.Com.DriverAccess\Telescope.cs:line 331
   at InvokeStub_Telescope.get_RightAscension(Object, Object, IntPtr*)
   at System.Reflection.MethodBaseInvoker.InvokeWithNoArgs(Object obj, BindingFlags invokeAttr)
2026-09-07T20:52:05.6615|ERROR|AscomDevice.cs|GetProperty|546|An unexpected exception occurred during GET of Telescope.RightAscension: 
ASCOM.NotConnectedException: Must be connected to telescope to use RightAscension
 ---> System.Runtime.InteropServices.COMException (0x80040407): Must be connected to telescope to use RightAscension
   --- End of inner exception stack trace ---
   at ASCOM.Com.DriverAccess.DynamicAccess.CheckDotNetExceptions(String memberName, Exception e) in J:\ASCOMLibrary\ASCOM.Com\ASCOM.Com.DriverAccess\BaseClass\DynamicAccess.cs:line 219
   at ASCOM.Com.DriverAccess.DynamicAccess.TryGetMember(GetMemberBinder binder, Object& result) in J:\ASCOMLibrary\ASCOM.Com\ASCOM.Com.DriverAccess\BaseClass\DynamicAccess.cs:line 150
   at CallSite.Target(Closure, CallSite, Object)
   at ASCOM.Com.DriverAccess.Telescope.get_RightAscension() in J:\ASCOMLibrary\ASCOM.Com\ASCOM.Com.DriverAccess\Telescope.cs:line 331
   at InvokeStub_Telescope.get_RightAscension(Object, Object, IntPtr*)
   at System.Reflection.MethodBaseInvoker.InvokeWithNoArgs(Object obj, BindingFlags invokeAttr)
2026-09-07T20:52:05.8688|INFO|AscomDevice.cs|GetProperty|485|Retrying to GET Telescope.RightAscension - Attempt 2 / 3
2026-09-07T20:52:05.8763|ERROR|AscomDevice.cs|GetProperty|539|CPWI_ASCOM_Telescope is not connected 
ASCOM.NotConnectedException: Must be connected to telescope to use RightAscension
 ---> System.Runtime.InteropServices.COMException (0x80040407): Must be connected to telescope to use RightAscension
   --- End of inner exception stack trace ---
   at ASCOM.Com.DriverAccess.DynamicAccess.CheckDotNetExceptions(String memberName, Exception e) in J:\ASCOMLibrary\ASCOM.Com\ASCOM.Com.DriverAccess\BaseClass\DynamicAccess.cs:line 219
   at ASCOM.Com.DriverAccess.DynamicAccess.TryGetMember(GetMemberBinder binder, Object& result) in J:\ASCOMLibrary\ASCOM.Com\ASCOM.Com.DriverAccess\BaseClass\DynamicAccess.cs:line 150
   at CallSite.Target(Closure, CallSite, Object)
   at ASCOM.Com.DriverAccess.Telescope.get_RightAscension() in J:\ASCOMLibrary\ASCOM.Com\ASCOM.Com.DriverAccess\Telescope.cs:line 331
   at InvokeStub_Telescope.get_RightAscension(Object, Object, IntPtr*)
   at System.Reflection.MethodBaseInvoker.InvokeWithNoArgs(Object obj, BindingFlags invokeAttr)
2026-09-07T20:52:05.8767|ERROR|AscomDevice.cs|GetProperty|546|An unexpected exception occurred during GET of Telescope.RightAscension: 
ASCOM.NotConnectedException: Must be connected to telescope to use RightAscension
 ---> System.Runtime.InteropServices.COMException (0x80040407): Must be connected to telescope to use RightAscension
   --- End of inner exception stack trace ---
   at ASCOM.Com.DriverAccess.DynamicAccess.CheckDotNetExceptions(String memberName, Exception e) in J:\ASCOMLibrary\ASCOM.Com\ASCOM.Com.DriverAccess\BaseClass\DynamicAccess.cs:line 219
   at ASCOM.Com.DriverAccess.DynamicAccess.TryGetMember(GetMemberBinder binder, Object& result) in J:\ASCOMLibrary\ASCOM.Com\ASCOM.Com.DriverAccess\BaseClass\DynamicAccess.cs:line 150
   at CallSite.Target(Closure, CallSite, Object)
   at ASCOM.Com.DriverAccess.Telescope.get_RightAscension() in J:\ASCOMLibrary\ASCOM.Com\ASCOM.Com.DriverAccess\Telescope.cs:line 331
   at InvokeStub_Telescope.get_RightAscension(Object, Object, IntPtr*)
   at System.Reflection.MethodBaseInvoker.InvokeWithNoArgs(Object obj, BindingFlags invokeAttr)
2026-09-07T20:52:06.0855|INFO|AscomDevice.cs|GetProperty|485|Retrying to GET Telescope.RightAscension - Attempt 3 / 3
2026-09-07T20:52:06.0959|ERROR|AscomDevice.cs|GetProperty|539|CPWI_ASCOM_Telescope is not connected 
ASCOM.NotConnectedException: Must be connected to telescope to use RightAscension
 ---> System.Runtime.InteropServices.COMException (0x80040407): Must be connected to telescope to use RightAscension
   --- End of inner exception stack trace ---
   at ASCOM.Com.DriverAccess.DynamicAccess.CheckDotNetExceptions(String memberName, Exception e) in J:\ASCOMLibrary\ASCOM.Com\ASCOM.Com.DriverAccess\BaseClass\DynamicAccess.cs:line 219
   at ASCOM.Com.DriverAccess.DynamicAccess.TryGetMember(GetMemberBinder binder, Object& result) in J:\ASCOMLibrary\ASCOM.Com\ASCOM.Com.DriverAccess\BaseClass\DynamicAccess.cs:line 150
   at CallSite.Target(Closure, CallSite, Object)
   at ASCOM.Com.DriverAccess.Telescope.get_RightAscension() in J:\ASCOMLibrary\ASCOM.Com\ASCOM.Com.DriverAccess\Telescope.cs:line 331
   at InvokeStub_Telescope.get_RightAscension(Object, Object, IntPtr*)
   at System.Reflection.MethodBaseInvoker.InvokeWithNoArgs(Object obj, BindingFlags invokeAttr)
2026-09-07T20:52:06.0962|ERROR|AscomDevice.cs|GetProperty|546|An unexpected exception occurred during GET of Telescope.RightAscension: 
ASCOM.NotConnectedException: Must be connected to telescope to use RightAscension
 ---> System.Runtime.InteropServices.COMException (0x80040407): Must be connected to telescope to use RightAscension
   --- End of inner exception stack trace ---
   at ASCOM.Com.DriverAccess.DynamicAccess.CheckDotNetExceptions(String memberName, Exception e) in J:\ASCOMLibrary\ASCOM.Com\ASCOM.Com.DriverAccess\BaseClass\DynamicAccess.cs:line 219
   at ASCOM.Com.DriverAccess.DynamicAccess.TryGetMember(GetMemberBinder binder, Object& result) in J:\ASCOMLibrary\ASCOM.Com\ASCOM.Com.DriverAccess\BaseClass\DynamicAccess.cs:line 150
   at CallSite.Target(Closure, CallSite, Object)
   at ASCOM.Com.DriverAccess.Telescope.get_RightAscension() in J:\ASCOMLibrary\ASCOM.Com\ASCOM.Com.DriverAccess\Telescope.cs:line 331
   at InvokeStub_Telescope.get_RightAscension(Object, Object, IntPtr*)
   at System.Reflection.MethodBaseInvoker.InvokeWithNoArgs(Object obj, BindingFlags invokeAttr)
2026-09-07T20:52:06.1016|INFO|AscomDevice.cs|GetProperty|556|GET Telescope.RightAscension failed - Returning last known value 22.3998085050157
2026-09-07T20:52:06.1098|ERROR|AscomDevice.cs|GetProperty|539|CPWI_ASCOM_Telescope is not connected 
ASCOM.NotConnectedException: Must be connected to telescope to use Declination
 ---> System.Runtime.InteropServices.COMException (0x80040407): Must be connected to telescope to use Declination
   --- End of inner exception stack trace ---
   at ASCOM.Com.DriverAccess.DynamicAccess.CheckDotNetExceptions(String memberName, Exception e) in J:\ASCOMLibrary\ASCOM.Com\ASCOM.Com.DriverAccess\BaseClass\DynamicAccess.cs:line 219
   at ASCOM.Com.DriverAccess.DynamicAccess.TryGetMember(GetMemberBinder binder, Object& result) in J:\ASCOMLibrary\ASCOM.Com\ASCOM.Com.DriverAccess\BaseClass\DynamicAccess.cs:line 150
   at CallSite.Target(Closure, CallSite, Object)
   at ASCOM.Com.DriverAccess.Telescope.get_Declination() in J:\ASCOMLibrary\ASCOM.Com\ASCOM.Com.DriverAccess\Telescope.cs:line 251
   at InvokeStub_Telescope.get_Declination(Object, Object, IntPtr*)
   at System.Reflection.MethodBaseInvoker.InvokeWithNoArgs(Object obj, BindingFlags invokeAttr)
2026-09-07T20:52:06.1100|ERROR|AscomDevice.cs|GetProperty|546|An unexpected exception occurred during GET of Telescope.Declination: 
ASCOM.NotConnectedException: Must be connected to telescope to use Declination
 ---> System.Runtime.InteropServices.COMException (0x80040407): Must be connected to telescope to use Declination
   --- End of inner exception stack trace ---
   at ASCOM.Com.DriverAccess.DynamicAccess.CheckDotNetExceptions(String memberName, Exception e) in J:\ASCOMLibrary\ASCOM.Com\ASCOM.Com.DriverAccess\BaseClass\DynamicAccess.cs:line 219
   at ASCOM.Com.DriverAccess.DynamicAccess.TryGetMember(GetMemberBinder binder, Object& result) in J:\ASCOMLibrary\ASCOM.Com\ASCOM.Com.DriverAccess\BaseClass\DynamicAccess.cs:line 150
   at CallSite.Target(Closure, CallSite, Object)
   at ASCOM.Com.DriverAccess.Telescope.get_Declination() in J:\ASCOMLibrary\ASCOM.Com\ASCOM.Com.DriverAccess\Telescope.cs:line 251
   at InvokeStub_Telescope.get_Declination(Object, Object, IntPtr*)
   at System.Reflection.MethodBaseInvoker.InvokeWithNoArgs(Object obj, BindingFlags invokeAttr)
2026-09-07T20:52:06.3116|INFO|AscomDevice.cs|GetProperty|485|Retrying to GET Telescope.Declination - Attempt 2 / 3
2026-09-07T20:52:06.3585|WARNING|DeviceUpdateTimer.cs|Run|115|Mount value update cycle took longer than the device poll interval (Total: 4.39s > 2s; Poll: 00:00:04.3848391; Update: 00:00:00.0036858)
2026-09-07T20:54:49.7654|WARNING|DeviceUpdateTimer.cs|Run|115|Dome value update cycle took longer than the device poll interval (Total: 3.75s > 2s; Poll: 00:00:00.1718932; Update: 00:00:03.5769941)
2026-09-07T21:00:24.9772|WARNING|DeviceUpdateTimer.cs|Run|115|Dome value update cycle took longer than the device poll interval (Total: 2.38s > 2s; Poll: 00:00:00.1348578; Update: 00:00:02.2464499)
2026-09-07T21:10:57.7608|INFO|FlatDeviceVM.cs|CloseCover|341|Closing Flat Device Cover
2026-09-07T21:11:14.9984|WARNING|DeviceUpdateTimer.cs|Run|115|Dome value update cycle took longer than the device poll interval (Total: 3.44s > 2s; Poll: 00:00:00.0028243; Update: 00:00:03.4390667)
2026-09-07T21:11:30.1876|INFO|FlatDeviceVM.cs|OpenCover|312|Opening Flat Device Cover
2026-09-07T21:13:05.3520|INFO|PHD2Guider.cs|Connect|205|Connecting to PHD2 server at 127.0.0.1:4400
2026-09-07T21:13:19.7219|INFO|Sequence2VM.cs|LockSequence|139|Sequencer unlocked
2026-09-07T21:13:29.8828|INFO|Sequence2VM.cs|StartSequence|543|Advanced Sequence starting
2026-09-07T21:13:29.9179|INFO|SequenceItem.cs|Run|208|Starting Category: * Set di Istruzioni *, Container: NINA.Sequencer.Container.SequenceRootContainer, Strategy: SequentialStrategy, Items[CREATED]: 3, Triggers: Trigger: MeridianFlipTriggerTrigger: RestoreGuidingTrigger: AutofocusAfterHFRIncreaseTrigger, Amount: 5Trigger: AutofocusAfterFilterChange
2026-09-07T21:13:29.9295|INFO|MeridianFlipTrigger.cs|ShouldTrigger|204|Meridian Flip - Telescope is not tracking. Skip flip evaluation
2026-09-07T21:13:29.9363|INFO|SequenceItem.cs|Run|208|Starting Category: * Set di Istruzioni *, Container: NINA.Sequencer.Container.StartAreaContainer, Strategy: SequentialStrategy, Items[CREATED]: 2
2026-09-07T21:13:29.9374|INFO|MeridianFlipTrigger.cs|ShouldTrigger|204|Meridian Flip - Telescope is not tracking. Skip flip evaluation
2026-09-07T21:13:29.9382|INFO|SequenceItem.cs|Run|208|Starting Category: Utilità, Item: Annotation, Text: VERSION: 1
2026-09-07T21:13:29.9392|INFO|SequenceItem.cs|Run|254|Finishing Category: Utilità, Item: Annotation, Text: VERSION: 1
2026-09-07T21:13:29.9428|INFO|MeridianFlipTrigger.cs|ShouldTrigger|204|Meridian Flip - Telescope is not tracking. Skip flip evaluation
2026-09-07T21:13:29.9431|INFO|SequenceItem.cs|Run|208|Starting Category: * Set di Istruzioni *, Container: NINA.Sequencer.Container.SequentialContainer, Strategy: SequentialStrategy, Items[CREATED]: 4
2026-09-07T21:13:29.9432|INFO|MeridianFlipTrigger.cs|ShouldTrigger|204|Meridian Flip - Telescope is not tracking. Skip flip evaluation
2026-09-07T21:13:29.9433|INFO|SequenceItem.cs|Run|208|Starting Category: Utilità, Item: Annotation, Text: VERSION: 1
2026-09-07T21:13:29.9434|INFO|SequenceItem.cs|Run|254|Finishing Category: Utilità, Item: Annotation, Text: VERSION: 1
2026-09-07T21:13:29.9441|INFO|MeridianFlipTrigger.cs|ShouldTrigger|204|Meridian Flip - Telescope is not tracking. Skip flip evaluation
2026-09-07T21:13:29.9442|INFO|SequenceItem.cs|Run|208|Starting Category: * Set di Istruzioni *, Container: NINA.Sequencer.Container.SequentialContainer, Strategy: SequentialStrategy, Items[CREATED]: 4
2026-09-07T21:13:29.9443|INFO|MeridianFlipTrigger.cs|ShouldTrigger|204|Meridian Flip - Telescope is not tracking. Skip flip evaluation
2026-09-07T21:13:29.9443|INFO|SequenceItem.cs|Run|208|Starting Category: Utilità, Item: Annotation, Text: This Startup Sequence ensures an ASCOM Safety Monitor will function in a sequence as expected.
2026-09-07T21:13:29.9444|INFO|SequenceItem.cs|Run|254|Finishing Category: Utilità, Item: Annotation, Text: This Startup Sequence ensures an ASCOM Safety Monitor will function in a sequence as expected.
2026-09-07T21:13:29.9444|INFO|MeridianFlipTrigger.cs|ShouldTrigger|204|Meridian Flip - Telescope is not tracking. Skip flip evaluation
2026-09-07T21:13:29.9445|INFO|SequenceItem.cs|Run|208|Starting Category: Utilità, Item: Annotation, Text: The CONNECTOR Plugin is used in this Sequence.
2026-09-07T21:13:29.9445|INFO|SequenceItem.cs|Run|254|Finishing Category: Utilità, Item: Annotation, Text: The CONNECTOR Plugin is used in this Sequence.
2026-09-07T21:13:29.9446|INFO|MeridianFlipTrigger.cs|ShouldTrigger|204|Meridian Flip - Telescope is not tracking. Skip flip evaluation
2026-09-07T21:13:29.9446|INFO|SequenceItem.cs|Run|208|Starting Category: Utilità, Item: Annotation, Text: A Switch is also used within this Startup Sequence.
2026-09-07T21:13:29.9446|INFO|SequenceItem.cs|Run|254|Finishing Category: Utilità, Item: Annotation, Text: A Switch is also used within this Startup Sequence.
2026-09-07T21:13:29.9447|INFO|MeridianFlipTrigger.cs|ShouldTrigger|204|Meridian Flip - Telescope is not tracking. Skip flip evaluation
2026-09-07T21:13:29.9447|INFO|SequenceItem.cs|Run|208|Starting Category: Utilità, Item: Annotation, Text: The sequence uses Nautical Dusk and Nautical Dawn along with a number of time offsets. Adjust this as desired.
2026-09-07T21:13:29.9448|INFO|SequenceItem.cs|Run|254|Finishing Category: Utilità, Item: Annotation, Text: The sequence uses Nautical Dusk and Nautical Dawn along with a number of time offsets. Adjust this as desired.
2026-09-07T21:13:29.9473|INFO|SequenceItem.cs|Run|254|Finishing Category: * Set di Istruzioni *, Container: NINA.Sequencer.Container.SequentialContainer, Strategy: SequentialStrategy, Items[FINISHED]: 4
2026-09-07T21:13:29.9476|INFO|MeridianFlipTrigger.cs|ShouldTrigger|204|Meridian Flip - Telescope is not tracking. Skip flip evaluation
2026-09-07T21:13:29.9477|INFO|SequenceItem.cs|Run|208|Starting Category: * Set di Istruzioni *, Container: NINA.Sequencer.Container.SequentialContainer, Strategy: SequentialStrategy, Items[CREATED]: 11
2026-09-07T21:13:29.9936|INFO|MeridianFlipTrigger.cs|ShouldTrigger|204|Meridian Flip - Telescope is not tracking. Skip flip evaluation
2026-09-07T21:13:29.9946|INFO|SequenceItem.cs|Run|208|Starting Category: Utilità, Item: WaitForTime, Time: 20:45:42h, Offset: -30
2026-09-07T21:13:29.9959|INFO|SequenceItem.cs|Run|254|Finishing Category: Utilità, Item: WaitForTime, Time: 20:45:42h, Offset: -30
2026-09-07T21:13:29.9961|INFO|MeridianFlipTrigger.cs|ShouldTrigger|204|Meridian Flip - Telescope is not tracking. Skip flip evaluation
2026-09-07T21:13:29.9966|INFO|SequenceItem.cs|Run|208|Starting Category: Connetti, Item: ConnectEquipment, Selected device: Weather, Selected device id: ASCOM.CloudWatcher.ObservingConditions
2026-09-07T21:13:29.9986|INFO|ConnectEquipment.cs|Execute|186|Weather is already connected
2026-09-07T21:13:29.9987|INFO|SequenceItem.cs|Run|254|Finishing Category: Connetti, Item: ConnectEquipment, Selected device: Weather, Selected device id: ASCOM.CloudWatcher.ObservingConditions
2026-09-07T21:13:29.9988|INFO|MeridianFlipTrigger.cs|ShouldTrigger|204|Meridian Flip - Telescope is not tracking. Skip flip evaluation
2026-09-07T21:13:29.9989|INFO|SequenceItem.cs|Run|208|Starting Category: Connetti, Item: ConnectEquipment, Selected device: Safety Monitor, Selected device id: ASCOM.Hub.SafetyMonitor
2026-09-07T21:13:29.9990|INFO|ConnectEquipment.cs|Execute|186|Safety Monitor is already connected
2026-09-07T21:13:29.9990|INFO|SequenceItem.cs|Run|254|Finishing Category: Connetti, Item: ConnectEquipment, Selected device: Safety Monitor, Selected device id: ASCOM.Hub.SafetyMonitor
2026-09-07T21:13:29.9991|INFO|MeridianFlipTrigger.cs|ShouldTrigger|204|Meridian Flip - Telescope is not tracking. Skip flip evaluation
2026-09-07T21:13:29.9995|INFO|SequenceItem.cs|Run|208|Starting Category: Monitor Di Sicurezza, Item: WaitUntilSafe
2026-09-07T21:13:30.0006|INFO|SequenceItem.cs|Run|254|Finishing Category: Monitor Di Sicurezza, Item: WaitUntilSafe
2026-09-07T21:13:30.0008|INFO|MeridianFlipTrigger.cs|ShouldTrigger|204|Meridian Flip - Telescope is not tracking. Skip flip evaluation
2026-09-07T21:13:30.0008|INFO|SequenceItem.cs|Run|208|Starting Category: Connetti, Item: ConnectEquipment, Selected device: Camera, Selected device id: 695A-M-0037ec709603ca4e3
2026-09-07T21:13:30.0009|INFO|ConnectEquipment.cs|Execute|186|Camera is already connected
2026-09-07T21:13:30.0009|INFO|SequenceItem.cs|Run|254|Finishing Category: Connetti, Item: ConnectEquipment, Selected device: Camera, Selected device id: 695A-M-0037ec709603ca4e3
2026-09-07T21:13:30.0010|INFO|MeridianFlipTrigger.cs|ShouldTrigger|204|Meridian Flip - Telescope is not tracking. Skip flip evaluation
2026-09-07T21:13:30.0012|INFO|SequenceItem.cs|Run|208|Starting Category: Connetti, Item: ConnectEquipment, Selected device: Focuser, Selected device id: ASCOM.PegasusAstro.Focuser
2026-09-07T21:13:30.0013|INFO|ConnectEquipment.cs|Execute|186|Focuser is already connected
2026-09-07T21:13:30.0013|INFO|SequenceItem.cs|Run|254|Finishing Category: Connetti, Item: ConnectEquipment, Selected device: Focuser, Selected device id: ASCOM.PegasusAstro.Focuser
2026-09-07T21:13:30.0014|INFO|MeridianFlipTrigger.cs|ShouldTrigger|204|Meridian Flip - Telescope is not tracking. Skip flip evaluation
2026-09-07T21:13:30.0014|INFO|SequenceItem.cs|Run|208|Starting Category: Connetti, Item: ConnectEquipment, Selected device: Filter Wheel, Selected device id: 695A-M-0037ec709603ca4e3
2026-09-07T21:13:30.0015|INFO|ConnectEquipment.cs|Execute|186|Filter Wheel is already connected
2026-09-07T21:13:30.0015|INFO|SequenceItem.cs|Run|254|Finishing Category: Connetti, Item: ConnectEquipment, Selected device: Filter Wheel, Selected device id: 695A-M-0037ec709603ca4e3
2026-09-07T21:13:30.0016|INFO|MeridianFlipTrigger.cs|ShouldTrigger|204|Meridian Flip - Telescope is not tracking. Skip flip evaluation
2026-09-07T21:13:30.0016|INFO|SequenceItem.cs|Run|208|Starting Category: Connetti, Item: ConnectEquipment, Selected device: Mount, Selected device id: ASCOM.Optec ASCOM.Telescope
2026-09-07T21:13:30.0017|INFO|ConnectEquipment.cs|Execute|186|Mount is already connected
2026-09-07T21:13:30.0017|INFO|SequenceItem.cs|Run|254|Finishing Category: Connetti, Item: ConnectEquipment, Selected device: Mount, Selected device id: ASCOM.Optec ASCOM.Telescope
2026-09-07T21:13:30.0018|INFO|MeridianFlipTrigger.cs|ShouldTrigger|204|Meridian Flip - Telescope is not tracking. Skip flip evaluation
2026-09-07T21:13:30.0018|INFO|SequenceItem.cs|Run|208|Starting Category: Connetti, Item: ConnectEquipment, Selected device: Dome, Selected device id: ASCOM.TS_Shelter.Dome
2026-09-07T21:13:30.0019|INFO|ConnectEquipment.cs|Execute|186|Dome is already connected
2026-09-07T21:13:30.0019|INFO|SequenceItem.cs|Run|254|Finishing Category: Connetti, Item: ConnectEquipment, Selected device: Dome, Selected device id: ASCOM.TS_Shelter.Dome
2026-09-07T21:13:30.0020|INFO|MeridianFlipTrigger.cs|ShouldTrigger|204|Meridian Flip - Telescope is not tracking. Skip flip evaluation
2026-09-07T21:13:30.0020|INFO|SequenceItem.cs|Run|208|Starting Category: Connetti, Item: ConnectEquipment, Selected device: Guider, Selected device id: PHD2_Single
2026-09-07T21:13:30.0022|INFO|ConnectEquipment.cs|Execute|186|Guider is already connected
2026-09-07T21:13:30.0022|INFO|SequenceItem.cs|Run|254|Finishing Category: Connetti, Item: ConnectEquipment, Selected device: Guider, Selected device id: PHD2_Single
2026-09-07T21:13:30.0023|INFO|MeridianFlipTrigger.cs|ShouldTrigger|204|Meridian Flip - Telescope is not tracking. Skip flip evaluation
2026-09-07T21:13:30.0023|INFO|SequenceItem.cs|Run|208|Starting Category: Connetti, Item: ConnectEquipment, Selected device: Flat Panel, Selected device id: ASCOM.WandererCover1.CoverCalibrator
2026-09-07T21:13:30.0024|INFO|ConnectEquipment.cs|Execute|186|Flat Panel is already connected
2026-09-07T21:13:30.0024|INFO|SequenceItem.cs|Run|254|Finishing Category: Connetti, Item: ConnectEquipment, Selected device: Flat Panel, Selected device id: ASCOM.WandererCover1.CoverCalibrator
2026-09-07T21:13:30.0026|INFO|SequenceItem.cs|Run|254|Finishing Category: * Set di Istruzioni *, Container: NINA.Sequencer.Container.SequentialContainer, Strategy: SequentialStrategy, Items[FINISHED]: 11
2026-09-07T21:13:30.0027|INFO|MeridianFlipTrigger.cs|ShouldTrigger|204|Meridian Flip - Telescope is not tracking. Skip flip evaluation
2026-09-07T21:13:30.0027|INFO|SequenceItem.cs|Run|208|Starting Category: * Set di Istruzioni *, Container: NINA.Sequencer.Container.SequentialContainer, Strategy: SequentialStrategy, Items[CREATED]: 12
2026-09-07T21:13:30.0031|INFO|MeridianFlipTrigger.cs|ShouldTrigger|204|Meridian Flip - Telescope is not tracking. Skip flip evaluation
2026-09-07T21:13:30.0037|INFO|SequenceItem.cs|Run|208|Starting Category: Fotocamera, Item: CoolCamera, Temperature: -10, Duration: 5
2026-09-07T21:13:30.0048|INFO|CameraVM.cs|CoolCamera|138|Cooling Camera. Target: -10 Duration: 00:05:00
2026-09-07T21:13:30.1054|INFO|SequenceItem.cs|Run|254|Finishing Category: Fotocamera, Item: CoolCamera, Temperature: -10, Duration: 5
2026-09-07T21:13:30.1056|INFO|MeridianFlipTrigger.cs|ShouldTrigger|204|Meridian Flip - Telescope is not tracking. Skip flip evaluation
2026-09-07T21:13:30.1057|INFO|SequenceItem.cs|Run|208|Starting Category: Utilità, Item: WaitForTime, Time: 21:5:42h, Offset: -10
2026-09-07T21:13:30.1058|INFO|SequenceItem.cs|Run|254|Finishing Category: Utilità, Item: WaitForTime, Time: 21:5:42h, Offset: -10
2026-09-07T21:13:30.1059|INFO|MeridianFlipTrigger.cs|ShouldTrigger|204|Meridian Flip - Telescope is not tracking. Skip flip evaluation
2026-09-07T21:13:30.1059|INFO|SequenceItem.cs|Run|208|Starting Category: Monitor Di Sicurezza, Item: WaitUntilSafe
2026-09-07T21:13:30.1060|INFO|SequenceItem.cs|Run|254|Finishing Category: Monitor Di Sicurezza, Item: WaitUntilSafe
2026-09-07T21:13:30.1061|INFO|MeridianFlipTrigger.cs|ShouldTrigger|204|Meridian Flip - Telescope is not tracking. Skip flip evaluation
2026-09-07T21:13:30.1065|INFO|SequenceItem.cs|Run|208|Starting Category: Osservatorio, Item: OpenDomeShutter
2026-09-07T21:13:30.1083|INFO|SequenceItem.cs|Run|254|Finishing Category: Osservatorio, Item: OpenDomeShutter
2026-09-07T21:13:30.1087|INFO|MeridianFlipTrigger.cs|ShouldTrigger|204|Meridian Flip - Telescope is not tracking. Skip flip evaluation
2026-09-07T21:13:30.1092|INFO|SequenceItem.cs|Run|208|Starting Category: Telescopio, Item: UnparkScope
2026-09-07T21:13:30.1116|INFO|TelescopeVM.cs|UnparkTelescope|232|Mount ordered to unpark
2026-09-07T21:13:30.4933|INFO|TelescopeVM.cs|UnparkTelescope|277|Mount is already unparked
2026-09-07T21:13:30.4937|INFO|TelescopeVM.cs|UnparkTelescope|282|Mount has unparked
2026-09-07T21:13:30.4939|INFO|SequenceItem.cs|Run|254|Finishing Category: Telescopio, Item: UnparkScope
2026-09-07T21:13:30.4941|INFO|MeridianFlipTrigger.cs|ShouldTrigger|204|Meridian Flip - Telescope is not tracking. Skip flip evaluation
2026-09-07T21:13:30.4944|INFO|SequenceItem.cs|Run|208|Starting Category: Apparato per i Flat, Item: OpenCover
2026-09-07T21:13:30.5288|INFO|SequenceItem.cs|Run|254|Finishing Category: Apparato per i Flat, Item: OpenCover
2026-09-07T21:13:30.5290|INFO|MeridianFlipTrigger.cs|ShouldTrigger|204|Meridian Flip - Telescope is not tracking. Skip flip evaluation
2026-09-07T21:13:30.5312|INFO|SequenceItem.cs|Run|208|Starting Category: Telescopio, Item: SetTracking, TrackingMode: Sidereal
2026-09-07T21:13:30.5856|INFO|SequenceItem.cs|Run|254|Finishing Category: Telescopio, Item: SetTracking, TrackingMode: Sidereal
2026-09-07T21:13:30.5861|INFO|MeridianFlipTrigger.cs|ShouldTrigger|204|Meridian Flip - Telescope is not tracking. Skip flip evaluation
2026-09-07T21:13:30.5869|INFO|SequenceItem.cs|Run|208|Starting Category: Ruota porta filtri, Item: SwitchFilter, Filter: L-Pro
2026-09-07T21:13:30.6985|INFO|SequenceItem.cs|Run|254|Finishing Category: Ruota porta filtri, Item: SwitchFilter, Filter: L-Pro
2026-09-07T21:13:30.6988|INFO|MeridianFlipTrigger.cs|ShouldTrigger|204|Meridian Flip - Telescope is not tracking. Skip flip evaluation
2026-09-07T21:13:30.6995|INFO|SequenceItem.cs|Run|208|Starting Category: Telescopio, Item: SlewScopeToAltAz, Coordinates: NINA.Astrometry.InputTopocentricCoordinates
2026-09-07T21:13:30.7488|INFO|PHD2Guider.cs|StopGuiding|704|Phd2 - Stop Guiding skipped, as the app is already in state Stopped
2026-09-07T21:13:30.8730|INFO|TelescopeVM.cs|SlewAsyncInternal|910|Slewing from RA: 23:54:23; Dec: 88° 39' 53"; Epoch: JNOW to RA: 20:52:21; Dec: 39° 23' 27"; Epoch: JNOW - Alt: 70° 00' 00"; Az: 90° 00' 00"
2026-09-07T21:14:04.4454|INFO|SequenceItem.cs|Run|254|Finishing Category: Telescopio, Item: SlewScopeToAltAz, Coordinates: NINA.Astrometry.InputTopocentricCoordinates
2026-09-07T21:14:04.4483|INFO|MeridianFlipTrigger.cs|ShouldTrigger|296|Meridian Flip - (Side of Pier usage is disabled) There is still time remaining. Max remaining time 01:42:32.6719330, next instruction time 60, next instruction Category: Utilità, Item: WaitForTimeSpan, Time: 60s
2026-09-07T21:14:04.4487|INFO|SequenceItem.cs|Run|208|Starting Category: Utilità, Item: WaitForTimeSpan, Time: 60s
2026-09-07T21:14:08.8247|INFO|MeridianFlipTrigger.cs|ShouldTrigger|296|Meridian Flip - (Side of Pier usage is disabled) There is still time remaining. Max remaining time 01:42:28.6464676, next instruction time 400, next instruction Category: Focheggiatore, Item: RunAutofocus
2026-09-07T21:14:08.8250|INFO|SequenceItem.cs|Run|208|Starting Category: Focheggiatore, Item: RunAutofocus
2026-09-07T21:14:09.1737|INFO|FocuserMediator.cs|BroadcastAutoFocusRunStarting|92|Autofocus starting notification received
2026-09-07T21:14:09.3508|INFO|PHD2Guider.cs|StopGuiding|704|Phd2 - Stop Guiding skipped, as the app is already in state Stopped
2026-09-07T21:14:09.3626|INFO|AutoFocusEngine.cs|RunAutoFocus|929|Starting AutoFocus with initial position 40032
2026-09-07T21:14:09.3795|INFO|CameraVM.cs|Capture|742|Starting Exposure - Exposure Time: 15s; Filter: ; Gain: 15; Offset 132; Binning: 1x1;
2026-09-07T21:14:28.0046|INFO|AutoFocusEngine.cs|StartBlindFocusPoints|769|Waiting on initial HFR analysis
2026-09-07T21:14:28.0272|INFO|FocuserVM.cs|MoveFocuserInternal|216|Moving Focuser to position 40832
2026-09-07T21:14:30.0951|INFO|HocusFocusStarDetection.cs|Detect|413|Average HFR: 2.812054276374573, HFR MAD: 0.35834277021504857, Detected Stars 536, Region: 0
2026-09-07T21:14:36.5461|INFO|CameraVM.cs|Capture|742|Starting Exposure - Exposure Time: 15s; Filter: ; Gain: 15; Offset 132; Binning: 1x1;
2026-09-07T21:14:55.1416|WARNING|DeviceUpdateTimer.cs|Run|115|Camera value update cycle took longer than the device poll interval (Total: 3.02s > 2s; Poll: 00:00:03.0174416; Update: 00:00:00.0004908)
2026-09-07T21:14:55.1754|INFO|FocuserVM.cs|MoveFocuserInternal|216|Moving Focuser to position 40632
2026-09-07T21:14:57.0564|INFO|HocusFocusStarDetection.cs|Detect|413|Average HFR: 2.3165180482520027, HFR MAD: 0.24612687687021007, Detected Stars 650, Region: 0
2026-09-07T21:15:00.7634|INFO|CameraVM.cs|Capture|742|Starting Exposure - Exposure Time: 15s; Filter: ; Gain: 15; Offset 132; Binning: 1x1;
2026-09-07T21:15:19.4553|INFO|FocuserVM.cs|MoveFocuserInternal|216|Moving Focuser to position 40432
2026-09-07T21:15:21.0239|INFO|HocusFocusStarDetection.cs|Detect|413|Average HFR: 2.686928068144324, HFR MAD: 0.21856672087644657, Detected Stars 558, Region: 0
2026-09-07T21:15:26.3789|INFO|CameraVM.cs|Capture|742|Starting Exposure - Exposure Time: 15s; Filter: ; Gain: 15; Offset 132; Binning: 1x1;
2026-09-07T21:15:44.9917|INFO|FocuserVM.cs|MoveFocuserInternal|216|Moving Focuser to position 40232
2026-09-07T21:15:46.9122|INFO|HocusFocusStarDetection.cs|Detect|413|Average HFR: 2.051492788445202, HFR MAD: 0.21873211963402595, Detected Stars 684, Region: 0
2026-09-07T21:15:50.9511|INFO|CameraVM.cs|Capture|742|Starting Exposure - Exposure Time: 15s; Filter: ; Gain: 15; Offset 132; Binning: 1x1;
2026-09-07T21:16:09.6112|INFO|AutoFocusEngine.cs|StartBlindFocusPoints|797|Waiting on initial focuser move analyses
2026-09-07T21:16:11.0051|INFO|HocusFocusStarDetection.cs|Detect|413|Average HFR: 2.1248236226829498, HFR MAD: 0.22136732287649363, Detected Stars 659, Region: 0
2026-09-07T21:16:11.0912|INFO|FocuserVM.cs|MoveFocuserInternal|216|Moving Focuser to position 40032
2026-09-07T21:16:16.3943|INFO|CameraVM.cs|Capture|742|Starting Exposure - Exposure Time: 15s; Filter: ; Gain: 15; Offset 132; Binning: 1x1;
2026-09-07T21:16:34.9907|INFO|AutoFocusEngine.cs|StartBlindFocusPoints|870|Waiting on next left movement analysis
2026-09-07T21:16:36.6519|WARNING|DeviceUpdateTimer.cs|Run|115|Dome value update cycle took longer than the device poll interval (Total: 2.35s > 2s; Poll: 00:00:00.0035821; Update: 00:00:02.3470667)
2026-09-07T21:16:36.8487|INFO|HocusFocusStarDetection.cs|Detect|413|Average HFR: 2.537402669134126, HFR MAD: 0.22674959930014138, Detected Stars 591, Region: 0
2026-09-07T21:16:37.7248|INFO|FocuserVM.cs|MoveFocuserInternal|216|Moving Focuser to position 39832
2026-09-07T21:16:47.3020|INFO|CameraVM.cs|Capture|742|Starting Exposure - Exposure Time: 15s; Filter: ; Gain: 15; Offset 132; Binning: 1x1;
2026-09-07T21:17:05.9549|INFO|AutoFocusEngine.cs|StartBlindFocusPoints|870|Waiting on next left movement analysis
2026-09-07T21:17:07.7695|INFO|HocusFocusStarDetection.cs|Detect|413|Average HFR: 2.3984118536566985, HFR MAD: 0.2642009428357661, Detected Stars 644, Region: 0
2026-09-07T21:17:07.8021|INFO|FocuserVM.cs|MoveFocuserInternal|216|Moving Focuser to position 39632
2026-09-07T21:17:13.2719|INFO|CameraVM.cs|Capture|742|Starting Exposure - Exposure Time: 15s; Filter: ; Gain: 15; Offset 132; Binning: 1x1;
2026-09-07T21:17:32.0182|INFO|AutoFocusEngine.cs|StartBlindFocusPoints|870|Waiting on next left movement analysis
2026-09-07T21:17:34.7502|INFO|HocusFocusStarDetection.cs|Detect|413|Average HFR: 2.8994605538166773, HFR MAD: 0.3443521577787241, Detected Stars 546, Region: 0
2026-09-07T21:17:34.7754|INFO|FocuserVM.cs|MoveFocuserInternal|216|Moving Focuser to position 39432
2026-09-07T21:17:40.0817|INFO|CameraVM.cs|Capture|742|Starting Exposure - Exposure Time: 15s; Filter: ; Gain: 15; Offset 132; Binning: 1x1;
2026-09-07T21:17:58.6985|INFO|AutoFocusEngine.cs|StartBlindFocusPoints|870|Waiting on next left movement analysis
2026-09-07T21:18:00.3285|INFO|HocusFocusStarDetection.cs|Detect|413|Average HFR: 3.3450245903492783, HFR MAD: 0.4204929509898978, Detected Stars 451, Region: 0
2026-09-07T21:18:00.3588|INFO|AutoFocusEngine.cs|StartBlindFocusPoints|823|Enough left trend points (4) with an established minimum (40432) to queue remaining right focus points up to 41232
2026-09-07T21:18:00.3593|INFO|FocuserVM.cs|MoveFocuserInternal|216|Moving Focuser to position 41032
2026-09-07T21:18:13.4402|INFO|CameraVM.cs|Capture|742|Starting Exposure - Exposure Time: 15s; Filter: ; Gain: 15; Offset 132; Binning: 1x1;
2026-09-07T21:18:32.0697|INFO|FocuserVM.cs|MoveFocuserInternal|216|Moving Focuser to position 41232
2026-09-07T21:18:33.7651|INFO|HocusFocusStarDetection.cs|Detect|413|Average HFR: 2.3637816123862443, HFR MAD: 0.2813744702246477, Detected Stars 624, Region: 0
2026-09-07T21:18:38.5350|INFO|CameraVM.cs|Capture|742|Starting Exposure - Exposure Time: 15s; Filter: ; Gain: 15; Offset 132; Binning: 1x1;
2026-09-07T21:18:57.1871|INFO|AutoFocusEngine.cs|StartBlindFocusPoints|896|Waiting on remaining AutoFocus analysis tasks
2026-09-07T21:18:58.6483|INFO|HocusFocusStarDetection.cs|Detect|413|Average HFR: 2.8065488526362232, HFR MAD: 0.3444005148374498, Detected Stars 551, Region: 0
2026-09-07T21:18:58.7196|ERROR|AutoFocusEngine.cs|ValidateCalculatedFocusPosition|1088|Auto Focus Failed! R² (Coefficient of determination) for Hyperbolic Fitting is below threshold. 0.69 / 0.85; Region: 
2026-09-07T21:18:58.7206|WARNING|AutoFocusEngine.cs|RunAutoFocus|965|Potentially bad auto-focus. Setting focuser back to 40032 and re-attempting.
2026-09-07T21:18:58.7220|INFO|FocuserVM.cs|MoveFocuserInternal|216|Moving Focuser to position 40032
2026-09-07T21:18:59.4033|WARNING|DeviceUpdateTimer.cs|Run|115|Mount value update cycle took longer than the device poll interval (Total: 2.24s > 2s; Poll: 00:00:02.2440397; Update: 00:00:00.0001309)
2026-09-07T21:19:09.0759|INFO|AutoFocusEngine.cs|StartBlindFocusPoints|769|Waiting on initial HFR analysis
2026-09-07T21:19:09.0763|INFO|FocuserVM.cs|MoveFocuserInternal|216|Moving Focuser to position 40832
2026-09-07T21:19:17.1914|INFO|CameraVM.cs|Capture|742|Starting Exposure - Exposure Time: 15s; Filter: ; Gain: 15; Offset 132; Binning: 1x1;
2026-09-07T21:19:35.8019|INFO|FocuserVM.cs|MoveFocuserInternal|216|Moving Focuser to position 40632
2026-09-07T21:19:37.5159|INFO|HocusFocusStarDetection.cs|Detect|413|Average HFR: 2.3107690518150203, HFR MAD: 0.2700989018576565, Detected Stars 601, Region: 0
2026-09-07T21:19:42.5242|INFO|CameraVM.cs|Capture|742|Starting Exposure - Exposure Time: 15s; Filter: ; Gain: 15; Offset 132; Binning: 1x1;
2026-09-07T21:20:01.1276|INFO|FocuserVM.cs|MoveFocuserInternal|216|Moving Focuser to position 40432
2026-09-07T21:20:01.1281|WARNING|DeviceUpdateTimer.cs|Run|115|Camera value update cycle took longer than the device poll interval (Total: 2.82s > 2s; Poll: 00:00:02.8166900; Update: 00:00:00.0000959)
2026-09-07T21:20:04.0010|INFO|HocusFocusStarDetection.cs|Detect|413|Average HFR: 2.3291653833385326, HFR MAD: 0.27342984298834905, Detected Stars 629, Region: 0
2026-09-07T21:20:06.7769|INFO|CameraVM.cs|Capture|742|Starting Exposure - Exposure Time: 15s; Filter: ; Gain: 15; Offset 132; Binning: 1x1;
2026-09-07T21:20:25.3893|INFO|FocuserVM.cs|MoveFocuserInternal|216|Moving Focuser to position 40232
2026-09-07T21:20:28.3986|INFO|HocusFocusStarDetection.cs|Detect|413|Average HFR: 2.167825023823123, HFR MAD: 0.245686398525081, Detected Stars 651, Region: 0
2026-09-07T21:20:31.0736|INFO|CameraVM.cs|Capture|742|Starting Exposure - Exposure Time: 15s; Filter: ; Gain: 15; Offset 132; Binning: 1x1;
2026-09-07T21:20:49.6725|INFO|AutoFocusEngine.cs|StartBlindFocusPoints|797|Waiting on initial focuser move analyses
2026-09-07T21:20:51.8154|INFO|HocusFocusStarDetection.cs|Detect|413|Average HFR: 2.027718750451614, HFR MAD: 0.22242997152531774, Detected Stars 647, Region: 0
2026-09-07T21:20:51.8508|INFO|FocuserVM.cs|MoveFocuserInternal|216|Moving Focuser to position 40032
2026-09-07T21:20:58.4600|INFO|CameraVM.cs|Capture|742|Starting Exposure - Exposure Time: 15s; Filter: ; Gain: 15; Offset 132; Binning: 1x1;
2026-09-07T21:21:17.0800|INFO|AutoFocusEngine.cs|StartBlindFocusPoints|870|Waiting on next left movement analysis
2026-09-07T21:21:18.9322|INFO|HocusFocusStarDetection.cs|Detect|413|Average HFR: 2.0918959386322156, HFR MAD: 0.21140657022732445, Detected Stars 640, Region: 0
2026-09-07T21:21:18.9926|INFO|FocuserVM.cs|MoveFocuserInternal|216|Moving Focuser to position 39832
2026-09-07T21:21:24.4149|INFO|CameraVM.cs|Capture|742|Starting Exposure - Exposure Time: 15s; Filter: ; Gain: 15; Offset 132; Binning: 1x1;
2026-09-07T21:21:43.0259|INFO|AutoFocusEngine.cs|StartBlindFocusPoints|870|Waiting on next left movement analysis
2026-09-07T21:21:45.0354|INFO|HocusFocusStarDetection.cs|Detect|413|Average HFR: 2.2786748966651054, HFR MAD: 0.2398964796477272, Detected Stars 625, Region: 0
2026-09-07T21:21:45.0581|INFO|FocuserVM.cs|MoveFocuserInternal|216|Moving Focuser to position 39632
2026-09-07T21:21:47.7697|WARNING|DeviceUpdateTimer.cs|Run|115|Dome value update cycle took longer than the device poll interval (Total: 3.26s > 2s; Poll: 00:00:00.8768463; Update: 00:00:02.3787581)
2026-09-07T21:21:50.8632|INFO|CameraVM.cs|Capture|742|Starting Exposure - Exposure Time: 15s; Filter: ; Gain: 15; Offset 132; Binning: 1x1;
2026-09-07T21:22:09.4799|INFO|AutoFocusEngine.cs|StartBlindFocusPoints|870|Waiting on next left movement analysis
2026-09-07T21:22:11.0888|INFO|HocusFocusStarDetection.cs|Detect|413|Average HFR: 2.6628236713427933, HFR MAD: 0.31460671963976194, Detected Stars 587, Region: 0
2026-09-07T21:22:11.1193|INFO|FocuserVM.cs|MoveFocuserInternal|216|Moving Focuser to position 39432
2026-09-07T21:22:17.1303|INFO|CameraVM.cs|Capture|742|Starting Exposure - Exposure Time: 15s; Filter: ; Gain: 15; Offset 132; Binning: 1x1;
2026-09-07T21:22:35.7304|INFO|AutoFocusEngine.cs|StartBlindFocusPoints|870|Waiting on next left movement analysis
2026-09-07T21:22:37.3325|INFO|HocusFocusStarDetection.cs|Detect|413|Average HFR: 3.1592714387508414, HFR MAD: 0.3768518314732905, Detected Stars 496, Region: 0
2026-09-07T21:22:37.3628|INFO|FocuserVM.cs|MoveFocuserInternal|216|Moving Focuser to position 39232
2026-09-07T21:22:44.5019|INFO|CameraVM.cs|Capture|742|Starting Exposure - Exposure Time: 15s; Filter: ; Gain: 15; Offset 132; Binning: 1x1;
2026-09-07T21:23:03.1062|INFO|AutoFocusEngine.cs|StartBlindFocusPoints|870|Waiting on next left movement analysis
2026-09-07T21:23:04.8599|INFO|HocusFocusStarDetection.cs|Detect|413|Average HFR: 3.7510959843967044, HFR MAD: 0.46287738250011223, Detected Stars 399, Region: 0
2026-09-07T21:23:04.8928|INFO|AutoFocusEngine.cs|StartBlindFocusPoints|823|Enough left trend points (4) with an established minimum (40232) to queue remaining right focus points up to 41032
2026-09-07T21:23:05.2361|INFO|FocuserVM.cs|MoveFocuserInternal|216|Moving Focuser to position 41032
2026-09-07T21:23:18.6477|INFO|CameraVM.cs|Capture|742|Starting Exposure - Exposure Time: 15s; Filter: ; Gain: 15; Offset 132; Binning: 1x1;
2026-09-07T21:23:37.2789|INFO|AutoFocusEngine.cs|StartBlindFocusPoints|896|Waiting on remaining AutoFocus analysis tasks
2026-09-07T21:23:38.9007|INFO|HocusFocusStarDetection.cs|Detect|413|Average HFR: 2.5485077106637704, HFR MAD: 0.32018825515700167, Detected Stars 564, Region: 0
2026-09-07T21:23:38.9740|INFO|FocuserVM.cs|MoveFocuserInternal|216|Moving Focuser to position 40075
2026-09-07T21:23:48.8198|INFO|AutoFocusEngine.cs|ValidateCalculatedFocusPosition|1141|Validating HFR at final focus position 40075
2026-09-07T21:23:48.8205|INFO|CameraVM.cs|Capture|742|Starting Exposure - Exposure Time: 15s; Filter: ; Gain: 15; Offset 132; Binning: 1x1;
2026-09-07T21:24:09.0410|INFO|HocusFocusStarDetection.cs|Detect|413|Average HFR: 2.107335815663012, HFR MAD: 0.2061716486426235, Detected Stars 657, Region: 0
2026-09-07T21:24:09.1060|INFO|HocusFocusVM.cs|AutoFocusEngine_Completed|473|AutoFocus completed with focuser starting at 40032 and ending at 40075
2026-09-07T21:24:09.2493|INFO|FocuserMediator.cs|BroadcastSuccessfulAutoFocusRun|46|Autofocus notification received - Temperature 23.25
2026-09-07T21:24:09.2522|INFO|AutoFocusEngine.cs|PerformPostAutoFocusActions|1022|Re-enabling temperature compensation after AutoFocus
2026-09-07T21:24:09.2590|INFO|SequenceItem.cs|Run|254|Finishing Category: Focheggiatore, Item: RunAutofocus
2026-09-07T21:24:09.2603|INFO|MeridianFlipTrigger.cs|ShouldTrigger|296|Meridian Flip - (Side of Pier usage is disabled) There is still time remaining. Max remaining time 01:32:28.9464136, next instruction time 0, next instruction Category: Telescopio, Item: SolveAndSync
2026-09-07T21:24:09.2606|INFO|SequenceItem.cs|Run|208|Starting Category: Telescopio, Item: SolveAndSync
2026-09-07T21:24:09.7200|INFO|CameraVM.cs|Capture|742|Starting Exposure - Exposure Time: 15s; Filter: L-Pro; Gain: 15; Offset 132; Binning: 1x1;
2026-09-07T21:24:29.7895|INFO|ImageSolver.cs|Solve|41|Platesolving with parameters: FocalLength: 1260 PixelSize: 4.54 SearchRadius: 30 BlindFailoverEnabled: True Regions: 5000 DownSampleFactor: 2 MaxObjects: 500 Reference Coordinates RA: 20:51:21 Dec: 39° 17' 39" Epoch: J2000
2026-09-07T21:24:30.0516|INFO|BaseImageData.cs|SaveToDisk|346|Saved image to C:\Users\PrimaLuceLab\AppData\Local\NINA\PlateSolver\rbhytlfh.brh.fits
2026-09-07T21:24:32.3064|INFO|ImageSolver.cs|Solve|54|Platesolve successful: Coordinates: RA: 20:51:21; Dec: 38° 57' 47"; Epoch: J2000 - Position Angle: 252.45277791919227
2026-09-07T21:24:32.9640|INFO|TelescopeVM.cs|Sync|777|Syncing scope from RA: 20:52:23; Dec: 39° 23' 54"; Epoch: JNOW to RA: 20:52:24; Dec: 39° 04' 00"; Epoch: JNOW
2026-09-07T21:24:37.9728|INFO|SequenceItem.cs|Run|254|Finishing Category: Telescopio, Item: SolveAndSync
2026-09-07T21:24:37.9739|INFO|SequenceItem.cs|Run|254|Finishing Category: * Set di Istruzioni *, Container: NINA.Sequencer.Container.SequentialContainer, Strategy: SequentialStrategy, Items[FINISHED]: 11, Items[SKIPPED]: 1
2026-09-07T21:24:37.9766|INFO|SequenceItem.cs|Run|254|Finishing Category: * Set di Istruzioni *, Container: NINA.Sequencer.Container.SequentialContainer, Strategy: SequentialStrategy, Items[FINISHED]: 4
2026-09-07T21:24:37.9768|INFO|SequenceItem.cs|Run|254|Finishing Category: * Set di Istruzioni *, Container: NINA.Sequencer.Container.StartAreaContainer, Strategy: SequentialStrategy, Items[FINISHED]: 2
2026-09-07T21:24:37.9769|INFO|MeridianFlipTrigger.cs|ShouldTrigger|296|Meridian Flip - (Side of Pier usage is disabled) There is still time remaining. Max remaining time 01:32:00.0139394, next instruction time 0, next instruction Category: * Set di Istruzioni *, Container: NINA.Sequencer.Container.TargetAreaContainer, Strategy: SequentialStrategy, Items[CREATED]: 2
2026-09-07T21:24:37.9773|INFO|SequenceItem.cs|Run|208|Starting Category: * Set di Istruzioni *, Container: NINA.Sequencer.Container.TargetAreaContainer, Strategy: SequentialStrategy, Items[CREATED]: 2
2026-09-07T21:24:37.9775|INFO|MeridianFlipTrigger.cs|ShouldTrigger|296|Meridian Flip - (Side of Pier usage is disabled) There is still time remaining. Max remaining time 01:32:00.0139394, next instruction time 0, next instruction Category: * Set di Istruzioni *, Container: NINA.Sequencer.Container.SequentialContainer, Strategy: SequentialStrategy, Items[CREATED]: 10
2026-09-07T21:24:37.9776|INFO|SequenceItem.cs|Run|208|Starting Category: * Set di Istruzioni *, Container: NINA.Sequencer.Container.SequentialContainer, Strategy: SequentialStrategy, Items[CREATED]: 10
2026-09-07T21:24:37.9776|INFO|MeridianFlipTrigger.cs|ShouldTrigger|296|Meridian Flip - (Side of Pier usage is disabled) There is still time remaining. Max remaining time 01:32:00.0139394, next instruction time 0, next instruction Category: Utilità, Item: Annotation, Text: This is a Startup Sequence which can be pre-loaded at NINA Start-up.
2026-09-07T21:24:37.9777|INFO|SequenceItem.cs|Run|208|Starting Category: Utilità, Item: Annotation, Text: This is a Startup Sequence which can be pre-loaded at NINA Start-up.
2026-09-07T21:24:37.9777|INFO|SequenceItem.cs|Run|254|Finishing Category: Utilità, Item: Annotation, Text: This is a Startup Sequence which can be pre-loaded at NINA Start-up.
2026-09-07T21:24:37.9779|INFO|MeridianFlipTrigger.cs|ShouldTrigger|296|Meridian Flip - (Side of Pier usage is disabled) There is still time remaining. Max remaining time 01:32:00.0139394, next instruction time 0, next instruction Category: Utilità, Item: Annotation, Text: If you edit this Startup Sequence, you need to save the Entire Sequence using the Save Complete Sequence button at the bottom of the Advanced Sequencer page below.
2026-09-07T21:24:37.9779|INFO|SequenceItem.cs|Run|208|Starting Category: Utilità, Item: Annotation, Text: If you edit this Startup Sequence, you need to save the Entire Sequence using the Save Complete Sequence button at the bottom of the Advanced Sequencer page below.
2026-09-07T21:24:37.9780|INFO|SequenceItem.cs|Run|254|Finishing Category: Utilità, Item: Annotation, Text: If you edit this Startup Sequence, you need to save the Entire Sequence using the Save Complete Sequence button at the bottom of the Advanced Sequencer page below.
2026-09-07T21:24:37.9780|INFO|MeridianFlipTrigger.cs|ShouldTrigger|296|Meridian Flip - (Side of Pier usage is disabled) There is still time remaining. Max remaining time 01:32:00.0139394, next instruction time 0, next instruction Category: Utilità, Item: Annotation, Text: Go to: OPTIONS > IMAGING > SEQUENCE and select this DOME_SAFETY_STARTUP_PA.json file as the STARTUP SEQUENCE TEMPLATE
2026-09-07T21:24:37.9781|INFO|SequenceItem.cs|Run|208|Starting Category: Utilità, Item: Annotation, Text: Go to: OPTIONS > IMAGING > SEQUENCE and select this DOME_SAFETY_STARTUP_PA.json file as the STARTUP SEQUENCE TEMPLATE
2026-09-07T21:24:37.9783|INFO|SequenceItem.cs|Run|254|Finishing Category: Utilità, Item: Annotation, Text: Go to: OPTIONS > IMAGING > SEQUENCE and select this DOME_SAFETY_STARTUP_PA.json file as the STARTUP SEQUENCE TEMPLATE
2026-09-07T21:24:37.9784|INFO|MeridianFlipTrigger.cs|ShouldTrigger|296|Meridian Flip - (Side of Pier usage is disabled) There is still time remaining. Max remaining time 01:32:00.0139394, next instruction time 0, next instruction Category: Utilità, Item: Annotation, Text:      I also find setting COLLAPSE SEQUENCE TEMPLATES BY DEFAULT to ON is quite helpful.  (On the same options page)
2026-09-07T21:24:37.9784|INFO|SequenceItem.cs|Run|208|Starting Category: Utilità, Item: Annotation, Text:      I also find setting COLLAPSE SEQUENCE TEMPLATES BY DEFAULT to ON is quite helpful.  (On the same options page)
2026-09-07T21:24:37.9784|INFO|SequenceItem.cs|Run|254|Finishing Category: Utilità, Item: Annotation, Text:      I also find setting COLLAPSE SEQUENCE TEMPLATES BY DEFAULT to ON is quite helpful.  (On the same options page)
2026-09-07T21:24:37.9785|INFO|MeridianFlipTrigger.cs|ShouldTrigger|296|Meridian Flip - (Side of Pier usage is disabled) There is still time remaining. Max remaining time 01:32:00.0139394, next instruction time 0, next instruction Category: Utilità, Item: Annotation, Text: Any modification of this sequence as a Foundational Startup Template will need to be saved using the buttons at the bottom of this Advanced Sequencer Page below.
2026-09-07T21:24:37.9786|INFO|SequenceItem.cs|Run|208|Starting Category: Utilità, Item: Annotation, Text: Any modification of this sequence as a Foundational Startup Template will need to be saved using the buttons at the bottom of this Advanced Sequencer Page below.
2026-09-07T21:24:37.9786|INFO|SequenceItem.cs|Run|254|Finishing Category: Utilità, Item: Annotation, Text: Any modification of this sequence as a Foundational Startup Template will need to be saved using the buttons at the bottom of this Advanced Sequencer Page below.
2026-09-07T21:24:37.9786|INFO|MeridianFlipTrigger.cs|ShouldTrigger|296|Meridian Flip - (Side of Pier usage is disabled) There is still time remaining. Max remaining time 01:32:00.0139394, next instruction time 0, next instruction Category: Utilità, Item: Annotation, Text: The LOOP_ALL_NIGHT Sequence is a simple Loop until Nautical Dawn. Adjust as desired. This is an outer loop.
2026-09-07T21:24:37.9787|INFO|SequenceItem.cs|Run|208|Starting Category: Utilità, Item: Annotation, Text: The LOOP_ALL_NIGHT Sequence is a simple Loop until Nautical Dawn. Adjust as desired. This is an outer loop.
2026-09-07T21:24:37.9787|INFO|SequenceItem.cs|Run|254|Finishing Category: Utilità, Item: Annotation, Text: The LOOP_ALL_NIGHT Sequence is a simple Loop until Nautical Dawn. Adjust as desired. This is an outer loop.
2026-09-07T21:24:37.9788|INFO|MeridianFlipTrigger.cs|ShouldTrigger|296|Meridian Flip - (Side of Pier usage is disabled) There is still time remaining. Max remaining time 01:32:00.0139394, next instruction time 0, next instruction Category: Utilità, Item: Annotation, Text: The SAFE_LOOP Sequence runs while the System is Safe.
2026-09-07T21:24:37.9789|INFO|SequenceItem.cs|Run|208|Starting Category: Utilità, Item: Annotation, Text: The SAFE_LOOP Sequence runs while the System is Safe.
2026-09-07T21:24:37.9789|INFO|SequenceItem.cs|Run|254|Finishing Category: Utilità, Item: Annotation, Text: The SAFE_LOOP Sequence runs while the System is Safe.
2026-09-07T21:24:37.9790|INFO|MeridianFlipTrigger.cs|ShouldTrigger|296|Meridian Flip - (Side of Pier usage is disabled) There is still time remaining. Max remaining time 01:32:00.0139394, next instruction time 0, next instruction Category: Utilità, Item: Annotation, Text: The UNSAFE Sequence runs when the System is Unsafe and only proceeds back to SAFE_LOOP when it is once again deemed Safe.
2026-09-07T21:24:37.9790|INFO|SequenceItem.cs|Run|208|Starting Category: Utilità, Item: Annotation, Text: The UNSAFE Sequence runs when the System is Unsafe and only proceeds back to SAFE_LOOP when it is once again deemed Safe.
2026-09-07T21:24:37.9791|INFO|SequenceItem.cs|Run|254|Finishing Category: Utilità, Item: Annotation, Text: The UNSAFE Sequence runs when the System is Unsafe and only proceeds back to SAFE_LOOP when it is once again deemed Safe.
2026-09-07T21:24:37.9792|INFO|MeridianFlipTrigger.cs|ShouldTrigger|296|Meridian Flip - (Side of Pier usage is disabled) There is still time remaining. Max remaining time 01:32:00.0139394, next instruction time 0, next instruction Category: Utilità, Item: Annotation, Text: ..... ALL TARGETS should be placed within individual LOOP_ALL_NIGHT > SAFE_LOOP > TARGETS_CONTAINER > TARGET # containers below.....
2026-09-07T21:24:37.9792|INFO|SequenceItem.cs|Run|208|Starting Category: Utilità, Item: Annotation, Text: ..... ALL TARGETS should be placed within individual LOOP_ALL_NIGHT > SAFE_LOOP > TARGETS_CONTAINER > TARGET # containers below.....
2026-09-07T21:24:37.9792|INFO|SequenceItem.cs|Run|254|Finishing Category: Utilità, Item: Annotation, Text: ..... ALL TARGETS should be placed within individual LOOP_ALL_NIGHT > SAFE_LOOP > TARGETS_CONTAINER > TARGET # containers below.....
2026-09-07T21:24:37.9793|INFO|MeridianFlipTrigger.cs|ShouldTrigger|296|Meridian Flip - (Side of Pier usage is disabled) There is still time remaining. Max remaining time 01:32:00.0139394, next instruction time 0, next instruction Category: Utilità, Item: Annotation, Text: Each TARGET # Container should have a looping condition that is identical to the included target sequence.
2026-09-07T21:24:37.9794|INFO|SequenceItem.cs|Run|208|Starting Category: Utilità, Item: Annotation, Text: Each TARGET # Container should have a looping condition that is identical to the included target sequence.
2026-09-07T21:24:37.9794|INFO|SequenceItem.cs|Run|254|Finishing Category: Utilità, Item: Annotation, Text: Each TARGET # Container should have a looping condition that is identical to the included target sequence.
2026-09-07T21:24:37.9794|INFO|SequenceItem.cs|Run|254|Finishing Category: * Set di Istruzioni *, Container: NINA.Sequencer.Container.SequentialContainer, Strategy: SequentialStrategy, Items[FINISHED]: 10
2026-09-07T21:24:37.9800|INFO|MeridianFlipTrigger.cs|ShouldTrigger|296|Meridian Flip - (Side of Pier usage is disabled) There is still time remaining. Max remaining time 01:32:00.0139394, next instruction time 0, next instruction Category: * Set di Istruzioni *, Container: NINA.Sequencer.Container.SequentialContainer, Strategy: SequentialStrategy, Items[CREATED]: 2, Conditions: Condition: TimeCondition, Time: 5:43:41h, 
2026-09-07T21:24:37.9801|INFO|SequenceItem.cs|Run|208|Starting Category: * Set di Istruzioni *, Container: NINA.Sequencer.Container.SequentialContainer, Strategy: SequentialStrategy, Items[CREATED]: 2, Conditions: Condition: TimeCondition, Time: 5:43:41h, 
2026-09-07T21:24:37.9851|INFO|MeridianFlipTrigger.cs|ShouldTrigger|296|Meridian Flip - (Side of Pier usage is disabled) There is still time remaining. Max remaining time 01:32:00.0139394, next instruction time 0, next instruction Category: * Set di Istruzioni *, Container: NINA.Sequencer.Container.SequentialContainer, Strategy: SequentialStrategy, Items[CREATED]: 5, Conditions: Condition: SafetyMonitorCondition, 
2026-09-07T21:24:37.9852|INFO|SequenceItem.cs|Run|208|Starting Category: * Set di Istruzioni *, Container: NINA.Sequencer.Container.SequentialContainer, Strategy: SequentialStrategy, Items[CREATED]: 5, Conditions: Condition: SafetyMonitorCondition, 
2026-09-07T21:24:37.9860|INFO|MeridianFlipTrigger.cs|ShouldTrigger|296|Meridian Flip - (Side of Pier usage is disabled) There is still time remaining. Max remaining time 01:32:00.0139394, next instruction time 0, next instruction Category: * Set di Istruzioni *, Container: NINA.Sequencer.Container.SequentialContainer, Strategy: SequentialStrategy, Items[CREATED]: 7
2026-09-07T21:24:37.9861|INFO|SequenceItem.cs|Run|208|Starting Category: * Set di Istruzioni *, Container: NINA.Sequencer.Container.SequentialContainer, Strategy: SequentialStrategy, Items[CREATED]: 7
2026-09-07T21:24:37.9864|INFO|MeridianFlipTrigger.cs|ShouldTrigger|296|Meridian Flip - (Side of Pier usage is disabled) There is still time remaining. Max remaining time 01:32:00.0139394, next instruction time 0, next instruction Category: Utilità, Item: Annotation, Text: This brief sequence of instructions is required after returning to a Safe condifition from an Unsafe one. It will not negatively affect anything on its initial execution.
2026-09-07T21:24:37.9864|INFO|SequenceItem.cs|Run|208|Starting Category: Utilità, Item: Annotation, Text: This brief sequence of instructions is required after returning to a Safe condifition from an Unsafe one. It will not negatively affect anything on its initial execution.
2026-09-07T21:24:37.9865|INFO|SequenceItem.cs|Run|254|Finishing Category: Utilità, Item: Annotation, Text: This brief sequence of instructions is required after returning to a Safe condifition from an Unsafe one. It will not negatively affect anything on its initial execution.
2026-09-07T21:24:37.9866|INFO|MeridianFlipTrigger.cs|ShouldTrigger|296|Meridian Flip - (Side of Pier usage is disabled) There is still time remaining. Max remaining time 01:32:00.0139394, next instruction time 0, next instruction Category: Utilità, Item: Annotation, Text: The 5 minute wait here can be adjusted as desired. It is here to show 5 minutes of Safety prior to resetting the equipment.
2026-09-07T21:24:37.9867|INFO|SequenceItem.cs|Run|208|Starting Category: Utilità, Item: Annotation, Text: The 5 minute wait here can be adjusted as desired. It is here to show 5 minutes of Safety prior to resetting the equipment.
2026-09-07T21:24:37.9867|INFO|SequenceItem.cs|Run|254|Finishing Category: Utilità, Item: Annotation, Text: The 5 minute wait here can be adjusted as desired. It is here to show 5 minutes of Safety prior to resetting the equipment.
2026-09-07T21:24:37.9868|INFO|MeridianFlipTrigger.cs|ShouldTrigger|296|Meridian Flip - (Side of Pier usage is disabled) There is still time remaining. Max remaining time 01:32:00.0139394, next instruction time 300, next instruction Category: Utilità, Item: WaitForTimeSpan, Time: 300s
2026-09-07T21:24:37.9869|INFO|SequenceItem.cs|Run|208|Starting Category: Utilità, Item: WaitForTimeSpan, Time: 300s
2026-09-07T21:29:40.3422|INFO|SequenceItem.cs|Run|254|Finishing Category: Utilità, Item: WaitForTimeSpan, Time: 300s
2026-09-07T21:29:40.3426|INFO|MeridianFlipTrigger.cs|ShouldTrigger|296|Meridian Flip - (Side of Pier usage is disabled) There is still time remaining. Max remaining time 01:26:57.4965838, next instruction time 0, next instruction Category: Osservatorio, Item: OpenDomeShutter
2026-09-07T21:29:40.3427|INFO|SequenceItem.cs|Run|208|Starting Category: Osservatorio, Item: OpenDomeShutter
2026-09-07T21:29:40.3430|INFO|SequenceItem.cs|Run|254|Finishing Category: Osservatorio, Item: OpenDomeShutter
2026-09-07T21:29:40.3431|INFO|MeridianFlipTrigger.cs|ShouldTrigger|296|Meridian Flip - (Side of Pier usage is disabled) There is still time remaining. Max remaining time 01:26:57.4965838, next instruction time 0, next instruction Category: Telescopio, Item: UnparkScope
2026-09-07T21:29:40.3431|INFO|SequenceItem.cs|Run|208|Starting Category: Telescopio, Item: UnparkScope
2026-09-07T21:29:40.3432|INFO|TelescopeVM.cs|UnparkTelescope|232|Mount ordered to unpark
2026-09-07T21:29:40.4811|INFO|TelescopeVM.cs|UnparkTelescope|277|Mount is already unparked
2026-09-07T21:29:40.4812|INFO|TelescopeVM.cs|UnparkTelescope|282|Mount has unparked
2026-09-07T21:29:40.4813|INFO|SequenceItem.cs|Run|254|Finishing Category: Telescopio, Item: UnparkScope
2026-09-07T21:29:40.4817|INFO|MeridianFlipTrigger.cs|ShouldTrigger|296|Meridian Flip - (Side of Pier usage is disabled) There is still time remaining. Max remaining time 01:26:57.4965838, next instruction time 0, next instruction Category: Apparato per i Flat, Item: OpenCover
2026-09-07T21:29:40.4817|INFO|SequenceItem.cs|Run|208|Starting Category: Apparato per i Flat, Item: OpenCover
2026-09-07T21:29:40.4904|INFO|SequenceItem.cs|Run|254|Finishing Category: Apparato per i Flat, Item: OpenCover
2026-09-07T21:29:40.4909|INFO|MeridianFlipTrigger.cs|ShouldTrigger|296|Meridian Flip - (Side of Pier usage is disabled) There is still time remaining. Max remaining time 01:26:57.4965838, next instruction time 0, next instruction Category: Telescopio, Item: SetTracking, TrackingMode: Sidereal
2026-09-07T21:29:40.4909|INFO|SequenceItem.cs|Run|208|Starting Category: Telescopio, Item: SetTracking, TrackingMode: Sidereal
2026-09-07T21:29:41.2333|INFO|SequenceItem.cs|Run|254|Finishing Category: Telescopio, Item: SetTracking, TrackingMode: Sidereal
2026-09-07T21:29:41.2341|INFO|SequenceItem.cs|Run|254|Finishing Category: * Set di Istruzioni *, Container: NINA.Sequencer.Container.SequentialContainer, Strategy: SequentialStrategy, Items[FINISHED]: 7
2026-09-07T21:29:41.2344|INFO|MeridianFlipTrigger.cs|ShouldTrigger|296|Meridian Flip - (Side of Pier usage is disabled) There is still time remaining. Max remaining time 01:26:57.4965838, next instruction time 0, next instruction Category: * Set di Istruzioni *, Container: NINA.Sequencer.Container.SequentialContainer, Strategy: SequentialStrategy, Items[CREATED]: 2
2026-09-07T21:29:41.2345|INFO|SequenceItem.cs|Run|208|Starting Category: * Set di Istruzioni *, Container: NINA.Sequencer.Container.SequentialContainer, Strategy: SequentialStrategy, Items[CREATED]: 2
2026-09-07T21:29:41.3195|INFO|MeridianFlipTrigger.cs|ShouldTrigger|296|Meridian Flip - (Side of Pier usage is disabled) There is still time remaining. Max remaining time 01:26:55.1593442, next instruction time 0, next instruction Category: Utilità, Item: Annotation, Text: BE SURE TO MATCH EACH TARGET CONTAINER LOOP CONDITION TO THE NESTED TARGET SEQUENCE LOOP CONDITION
2026-09-07T21:29:41.3197|INFO|SequenceItem.cs|Run|208|Starting Category: Utilità, Item: Annotation, Text: BE SURE TO MATCH EACH TARGET CONTAINER LOOP CONDITION TO THE NESTED TARGET SEQUENCE LOOP CONDITION
2026-09-07T21:29:41.3197|INFO|SequenceItem.cs|Run|254|Finishing Category: Utilità, Item: Annotation, Text: BE SURE TO MATCH EACH TARGET CONTAINER LOOP CONDITION TO THE NESTED TARGET SEQUENCE LOOP CONDITION
2026-09-07T21:29:41.3203|INFO|MeridianFlipTrigger.cs|ShouldTrigger|296|Meridian Flip - (Side of Pier usage is disabled) There is still time remaining. Max remaining time 01:26:55.1593442, next instruction time 0, next instruction Category: * Set di Istruzioni *, Container: NINA.Sequencer.Container.SequentialContainer, Strategy: SequentialStrategy, Items[CREATED]: 3, Conditions: Condition: TimeCondition, Time: 5:43:41h, 
2026-09-07T21:29:41.3204|INFO|SequenceItem.cs|Run|208|Starting Category: * Set di Istruzioni *, Container: NINA.Sequencer.Container.SequentialContainer, Strategy: SequentialStrategy, Items[CREATED]: 3, Conditions: Condition: TimeCondition, Time: 5:43:41h, 
2026-09-07T21:29:41.3213|INFO|MeridianFlipTrigger.cs|ShouldTrigger|296|Meridian Flip - (Side of Pier usage is disabled) There is still time remaining. Max remaining time 01:26:55.1593442, next instruction time 0, next instruction Category: Utilità, Item: Annotation, Text: PLACE YOUR ...FIRST... TARGET SEQUENCE OF THE NIGHT ...BELOW... THIS LINE
2026-09-07T21:29:41.3214|INFO|SequenceItem.cs|Run|208|Starting Category: Utilità, Item: Annotation, Text: PLACE YOUR ...FIRST... TARGET SEQUENCE OF THE NIGHT ...BELOW... THIS LINE
2026-09-07T21:29:41.3214|INFO|SequenceItem.cs|Run|254|Finishing Category: Utilità, Item: Annotation, Text: PLACE YOUR ...FIRST... TARGET SEQUENCE OF THE NIGHT ...BELOW... THIS LINE
2026-09-07T21:29:41.3215|INFO|MeridianFlipTrigger.cs|ShouldTrigger|296|Meridian Flip - (Side of Pier usage is disabled) There is still time remaining. Max remaining time 01:26:55.1593442, next instruction time 0, next instruction Category: Utilità, Item: Annotation, Text: PLACE YOUR ...FIRST... TARGET SEQUENCE OF THE NIGHT ...ABOVE... THIS LINE
2026-09-07T21:29:41.3216|INFO|SequenceItem.cs|Run|208|Starting Category: Utilità, Item: Annotation, Text: PLACE YOUR ...FIRST... TARGET SEQUENCE OF THE NIGHT ...ABOVE... THIS LINE
2026-09-07T21:29:41.3217|INFO|SequenceItem.cs|Run|254|Finishing Category: Utilità, Item: Annotation, Text: PLACE YOUR ...FIRST... TARGET SEQUENCE OF THE NIGHT ...ABOVE... THIS LINE
2026-09-07T21:29:41.3268|INFO|MeridianFlipTrigger.cs|ShouldTrigger|296|Meridian Flip - (Side of Pier usage is disabled) There is still time remaining. Max remaining time 01:26:55.1593442, next instruction time 0, next instruction Category: * Set di Istruzioni *, Container: NINA.Sequencer.Container.DeepSkyObjectContainer, Strategy: SequentialStrategy, Items[CREATED]: 4, Triggers: Trigger: CenterAfterDriftTrigger, DistanceArcMinutes: 3, Target: M 27 RA: 19:59:36; Dec: 22° 43' 16"; Epoch: J2000 0
2026-09-07T21:29:41.3274|INFO|SequenceItem.cs|Run|208|Starting Category: * Set di Istruzioni *, Container: NINA.Sequencer.Container.DeepSkyObjectContainer, Strategy: SequentialStrategy, Items[CREATED]: 4, Triggers: Trigger: CenterAfterDriftTrigger, DistanceArcMinutes: 3, Target: M 27 RA: 19:59:36; Dec: 22° 43' 16"; Epoch: J2000 0
2026-09-07T21:29:41.3326|INFO|MeridianFlipTrigger.cs|ShouldTrigger|296|Meridian Flip - (Side of Pier usage is disabled) There is still time remaining. Max remaining time 01:26:55.1593442, next instruction time 0, next instruction Category: Telescopio, Item: Center, Coordinates RA: 19:59:36; Dec: 22° 43' 16"; Epoch: J2000
2026-09-07T21:29:41.3330|INFO|SequenceItem.cs|Run|208|Starting Category: Telescopio, Item: Center, Coordinates RA: 19:59:36; Dec: 22° 43' 16"; Epoch: J2000
2026-09-07T21:29:41.6187|INFO|PHD2Guider.cs|StopGuiding|704|Phd2 - Stop Guiding skipped, as the app is already in state Stopped
2026-09-07T21:29:42.0468|INFO|TelescopeVM.cs|SlewAsyncInternal|910|Slewing from RA: 20:52:24; Dec: 39° 03' 51"; Epoch: JNOW to RA: 20:00:47; Dec: 22° 47' 51"; Epoch: JNOW - Alt: 68° 50' 39"; Az: 155° 34' 10"
2026-09-07T21:29:50.8117|WARNING|DeviceUpdateTimer.cs|Run|115|Dome value update cycle took longer than the device poll interval (Total: 2.42s > 2s; Poll: 00:00:00.0026706; Update: 00:00:02.4192357)
2026-09-07T21:30:02.0293|INFO|CameraVM.cs|Capture|742|Starting Exposure - Exposure Time: 15s; Filter: L-Pro; Gain: 15; Offset 132; Binning: 1x1;
2026-09-07T21:30:23.2592|INFO|ImageSolver.cs|Solve|41|Platesolving with parameters: FocalLength: 1260 PixelSize: 4.54 SearchRadius: 30 BlindFailoverEnabled: True Regions: 5000 DownSampleFactor: 2 MaxObjects: 500 Reference Coordinates RA: 19:59:36 Dec: 22° 43' 16" Epoch: J2000
2026-09-07T21:30:24.1707|INFO|BaseImageData.cs|SaveToDisk|346|Saved image to C:\Users\PrimaLuceLab\AppData\Local\NINA\PlateSolver\zqwhur0q.ibk.fits
2026-09-07T21:30:27.9457|INFO|ImageSolver.cs|Solve|54|Platesolve successful: Coordinates: RA: 19:59:36; Dec: 22° 32' 44"; Epoch: J2000 - Position Angle: 252.58684654575916
2026-09-07T21:30:27.9759|INFO|CenteringSolver.cs|Center|99|Centering Solver - Scope Position: RA: 20:00:48; Dec: 22° 47' 26"; Epoch: JNOW; Offset: RA: 00:00:00; Dec: 00° 00' 00"; Distance: 00° 00' 00"; Bearing: 00° 00' 00"; Centering Coordinates: RA: 20:00:47; Dec: 22° 47' 51"; Epoch: JNOW; Solved: RA: 20:00:47; Dec: 22° 37' 19"; Epoch: JNOW; Separation RA: -00:00:00; Dec: 00° 10' 32"; Distance: 00° 10' 32"; Bearing: -179° 54' 53"; Threshold: 1
2026-09-07T21:30:28.4003|INFO|TelescopeVM.cs|Sync|777|Syncing scope from RA: 20:00:48; Dec: 22° 47' 26"; Epoch: JNOW to RA: 20:00:47; Dec: 22° 37' 19"; Epoch: JNOW
2026-09-07T21:30:33.4218|INFO|CenteringSolver.cs|Center|132|Slewing to target after sync. Current Position: RA: 20:00:48; Dec: 22° 36' 54"; Epoch: JNOW; Target coordinates: RA: 20:00:47; Dec: 22° 47' 51"; Epoch: JNOW; Offset RA: 00:00:00; Dec: 00° 00' 00"; Distance: 00° 00' 00"; Bearing: 00° 00' 00"
2026-09-07T21:30:33.4298|INFO|TelescopeVM.cs|SlewAsyncInternal|910|Slewing from RA: 20:00:48; Dec: 22° 36' 54"; Epoch: JNOW to RA: 20:00:47; Dec: 22° 47' 51"; Epoch: JNOW - Alt: 68° 54' 34"; Az: 156° 05' 32"
2026-09-07T21:30:47.9116|INFO|CameraVM.cs|Capture|742|Starting Exposure - Exposure Time: 15s; Filter: L-Pro; Gain: 15; Offset 132; Binning: 1x1;
2026-09-07T21:31:07.2607|WARNING|DeviceUpdateTimer.cs|Run|115|Camera value update cycle took longer than the device poll interval (Total: 2.55s > 2s; Poll: 00:00:02.5496500; Update: 00:00:00.0005999)
2026-09-07T21:31:10.1081|INFO|ImageSolver.cs|Solve|41|Platesolving with parameters: FocalLength: 1260 PixelSize: 4.54 SearchRadius: 30 BlindFailoverEnabled: True Regions: 5000 DownSampleFactor: 2 MaxObjects: 500 Reference Coordinates RA: 19:59:36 Dec: 22° 43' 16" Epoch: J2000
2026-09-07T21:31:11.2094|INFO|BaseImageData.cs|SaveToDisk|346|Saved image to C:\Users\PrimaLuceLab\AppData\Local\NINA\PlateSolver\25eisrry.smv.fits
2026-09-07T21:31:15.1493|INFO|ImageSolver.cs|Solve|54|Platesolve successful: Coordinates: RA: 19:59:35; Dec: 22° 43' 02"; Epoch: J2000 - Position Angle: 252.58688823370153
2026-09-07T21:31:15.1532|INFO|CenteringSolver.cs|Center|99|Centering Solver - Scope Position: RA: 20:00:48; Dec: 22° 47' 26"; Epoch: JNOW; Offset: RA: 00:00:00; Dec: 00° 00' 00"; Distance: 00° 00' 00"; Bearing: 00° 00' 00"; Centering Coordinates: RA: 20:00:47; Dec: 22° 47' 51"; Epoch: JNOW; Solved: RA: 20:00:46; Dec: 22° 47' 37"; Epoch: JNOW; Separation RA: 00:00:01; Dec: 00° 00' 14"; Distance: 00° 00' 20"; Bearing: 133° 10' 28"; Threshold: 1
2026-09-07T21:31:15.1533|INFO|SequenceItem.cs|Run|254|Finishing Category: Telescopio, Item: Center, Coordinates RA: 19:59:36; Dec: 22° 43' 16"; Epoch: J2000
2026-09-07T21:31:15.1542|INFO|MeridianFlipTrigger.cs|ShouldTrigger|296|Meridian Flip - (Side of Pier usage is disabled) There is still time remaining. Max remaining time 00:33:45.2687089, next instruction time 0, next instruction Category: Guida, Item: StartGuiding
2026-09-07T21:31:15.1544|INFO|SequenceItem.cs|Run|208|Starting Category: Guida, Item: StartGuiding
2026-09-07T21:31:15.3635|INFO|PHD2Guider.cs|TryStartGuideCommand|641|Phd2 - Requesting to start guiding. Recalibrate: False
2026-09-07T21:32:28.2677|ERROR|PHD2Guider.cs|ProcessEvent|937|PHD2 error:timed-out waiting for guider to settle
2026-09-07T21:32:28.2688|INFO|SequenceItem.cs|Run|254|Finishing Category: Guida, Item: StartGuiding
2026-09-07T21:32:28.2692|INFO|MeridianFlipTrigger.cs|ShouldTrigger|296|Meridian Flip - (Side of Pier usage is disabled) There is still time remaining. Max remaining time 00:32:30.8996354, next instruction time 300, next instruction Category: Utilità, Item: WaitForTimeSpan, Time: 300s
2026-09-07T21:32:28.2693|INFO|SequenceItem.cs|Run|208|Starting Category: Utilità, Item: WaitForTimeSpan, Time: 300s
2026-09-07T21:36:58.8137|WARNING|DeviceUpdateTimer.cs|Run|115|Dome value update cycle took longer than the device poll interval (Total: 2.04s > 2s; Poll: 00:00:00.6196790; Update: 00:00:01.4247623)
2026-09-07T21:37:31.2424|INFO|SequenceItem.cs|Run|254|Finishing Category: Utilità, Item: WaitForTimeSpan, Time: 300s
2026-09-07T21:37:31.2486|INFO|MeridianFlipTrigger.cs|ShouldTrigger|296|Meridian Flip - (Side of Pier usage is disabled) There is still time remaining. Max remaining time 00:27:29.7116783, next instruction time 600, next instruction Category: Fotocamera, Container: NINA.Sequencer.SequenceItem.Imaging.SmartExposure, Strategy: SequentialStrategy, Items[CREATED]: 2, Conditions: Condition: LoopCondition, Iterations: 0/40, , Triggers: Trigger: DitherAfterExposures, After Exposures: 1
2026-09-07T21:37:31.2490|INFO|SequenceItem.cs|Run|208|Starting Category: Fotocamera, Container: NINA.Sequencer.SequenceItem.Imaging.SmartExposure, Strategy: SequentialStrategy, Items[CREATED]: 2, Conditions: Condition: LoopCondition, Iterations: 0/40, , Triggers: Trigger: DitherAfterExposures, After Exposures: 1
2026-09-07T21:37:31.2507|INFO|MeridianFlipTrigger.cs|ShouldTrigger|296|Meridian Flip - (Side of Pier usage is disabled) There is still time remaining. Max remaining time 00:27:29.7116783, next instruction time 0, next instruction Category: Ruota porta filtri, Item: SwitchFilter, Filter: L-Pro
2026-09-07T21:37:31.2507|INFO|SequenceItem.cs|Run|208|Starting Category: Ruota porta filtri, Item: SwitchFilter, Filter: L-Pro
2026-09-07T21:37:31.6818|INFO|SequenceItem.cs|Run|254|Finishing Category: Ruota porta filtri, Item: SwitchFilter, Filter: L-Pro
2026-09-07T21:37:31.6853|INFO|MeridianFlipTrigger.cs|ShouldTrigger|296|Meridian Flip - (Side of Pier usage is disabled) There is still time remaining. Max remaining time 00:27:29.7116783, next instruction time 600, next instruction Category: Fotocamera, Item: TakeExposure, ExposureTime 600, Gain 15, Offset 132, ImageType LIGHT, Binning 1x1
2026-09-07T21:37:31.6882|INFO|SequenceTrigger.cs|Run|114|Starting Trigger: RestoreGuiding
2026-09-07T21:37:31.6923|INFO|SequenceItem.cs|Run|208|Starting Category: * Set di Istruzioni *, Container: NINA.Sequencer.Container.SequentialContainer, Strategy: SequentialStrategy, Items[CREATED]: 1
2026-09-07T21:37:31.7153|INFO|SequenceItem.cs|Run|208|Starting Category: Guida, Item: StartGuiding
2026-09-07T21:37:31.7589|INFO|PHD2Guider.cs|StartGuidingPrivate|509|Phd2 - App has lost guide star and needs to stop before starting guiding again
2026-09-07T21:37:32.2871|INFO|PHD2Guider.cs|TryStartGuideCommand|641|Phd2 - Requesting to start guiding. Recalibrate: False
2026-09-07T21:38:31.4597|ERROR|PHD2Guider.cs|ProcessEvent|937|PHD2 error:timed-out waiting for guider to settle
2026-09-07T21:38:31.4599|INFO|SequenceItem.cs|Run|254|Finishing Category: Guida, Item: StartGuiding
2026-09-07T21:38:31.4601|INFO|SequenceItem.cs|Run|254|Finishing Category: * Set di Istruzioni *, Container: NINA.Sequencer.Container.SequentialContainer, Strategy: SequentialStrategy, Items[FINISHED]: 1
2026-09-07T21:38:31.4646|INFO|SequenceTrigger.cs|Run|114|Starting Trigger: AutofocusAfterFilterChange
2026-09-07T21:38:31.4655|INFO|SequenceItem.cs|Run|208|Starting Category: * Set di Istruzioni *, Container: NINA.Sequencer.Container.SequentialContainer, Strategy: SequentialStrategy, Items[CREATED]: 1
2026-09-07T21:38:31.4657|INFO|SequenceItem.cs|Run|208|Starting Category: Focheggiatore, Item: RunAutofocus
2026-09-07T21:38:31.7899|INFO|FocuserMediator.cs|BroadcastAutoFocusRunStarting|92|Autofocus starting notification received
2026-09-07T21:38:33.0885|INFO|AutoFocusEngine.cs|RunAutoFocus|929|Starting AutoFocus with initial position 40075
2026-09-07T21:38:33.0890|INFO|CameraVM.cs|Capture|742|Starting Exposure - Exposure Time: 15s; Filter: ; Gain: 15; Offset 132; Binning: 1x1;
2026-09-07T21:38:51.7297|WARNING|DeviceUpdateTimer.cs|Run|115|Camera value update cycle took longer than the device poll interval (Total: 3.07s > 2s; Poll: 00:00:03.0723669; Update: 00:00:00.0002056)
2026-09-07T21:38:51.7359|INFO|AutoFocusEngine.cs|StartBlindFocusPoints|769|Waiting on initial HFR analysis
2026-09-07T21:38:51.7379|INFO|FocuserVM.cs|MoveFocuserInternal|216|Moving Focuser to position 40875
2026-09-07T21:38:58.4581|INFO|HocusFocusStarDetection.cs|Detect|413|Average HFR: 2.091236940485821, HFR MAD: 0.18999683167098258, Detected Stars 627, Region: 0
2026-09-07T21:39:01.8305|INFO|CameraVM.cs|Capture|742|Starting Exposure - Exposure Time: 15s; Filter: ; Gain: 15; Offset 132; Binning: 1x1;
2026-09-07T21:39:20.4704|INFO|FocuserVM.cs|MoveFocuserInternal|216|Moving Focuser to position 40675
2026-09-07T21:39:22.2706|INFO|HocusFocusStarDetection.cs|Detect|413|Average HFR: 3.6401653130152214, HFR MAD: 0.25528622373463605, Detected Stars 290, Region: 0
2026-09-07T21:39:26.2347|INFO|CameraVM.cs|Capture|742|Starting Exposure - Exposure Time: 15s; Filter: ; Gain: 15; Offset 132; Binning: 1x1;
2026-09-07T21:39:44.8593|INFO|FocuserVM.cs|MoveFocuserInternal|216|Moving Focuser to position 40475
2026-09-07T21:39:46.1947|WARNING|DeviceUpdateTimer.cs|Run|115|Mount value update cycle took longer than the device poll interval (Total: 2.45s > 2s; Poll: 00:00:02.4364393; Update: 00:00:00.0104079)
2026-09-07T21:39:46.5655|INFO|HocusFocusStarDetection.cs|Detect|413|Average HFR: 2.737958225137837, HFR MAD: 0.30382439875052336, Detected Stars 508, Region: 0
2026-09-07T21:39:51.8534|INFO|CameraVM.cs|Capture|742|Starting Exposure - Exposure Time: 15s; Filter: ; Gain: 15; Offset 132; Binning: 1x1;
2026-09-07T21:40:10.4662|INFO|FocuserVM.cs|MoveFocuserInternal|216|Moving Focuser to position 40275
2026-09-07T21:40:12.2807|INFO|HocusFocusStarDetection.cs|Detect|413|Average HFR: 2.2415015731116537, HFR MAD: 0.2523737764411855, Detected Stars 596, Region: 0
2026-09-07T21:40:16.3575|INFO|CameraVM.cs|Capture|742|Starting Exposure - Exposure Time: 15s; Filter: ; Gain: 15; Offset 132; Binning: 1x1;
2026-09-07T21:40:34.9718|INFO|AutoFocusEngine.cs|StartBlindFocusPoints|797|Waiting on initial focuser move analyses
2026-09-07T21:40:37.0416|INFO|HocusFocusStarDetection.cs|Detect|413|Average HFR: 2.2125477565122287, HFR MAD: 0.22440980105811237, Detected Stars 608, Region: 0
2026-09-07T21:40:37.0757|INFO|FocuserVM.cs|MoveFocuserInternal|216|Moving Focuser to position 40075
2026-09-07T21:40:42.5656|INFO|CameraVM.cs|Capture|742|Starting Exposure - Exposure Time: 15s; Filter: ; Gain: 15; Offset 132; Binning: 1x1;
2026-09-07T21:41:01.1980|INFO|AutoFocusEngine.cs|StartBlindFocusPoints|870|Waiting on next left movement analysis
2026-09-07T21:41:03.0464|INFO|HocusFocusStarDetection.cs|Detect|413|Average HFR: 2.1046841443821456, HFR MAD: 0.19397187692696383, Detected Stars 664, Region: 0
2026-09-07T21:41:03.3204|INFO|FocuserVM.cs|MoveFocuserInternal|216|Moving Focuser to position 39875
2026-09-07T21:41:09.8497|INFO|CameraVM.cs|Capture|742|Starting Exposure - Exposure Time: 15s; Filter: ; Gain: 15; Offset 132; Binning: 1x1;
2026-09-07T21:41:28.4742|INFO|AutoFocusEngine.cs|StartBlindFocusPoints|870|Waiting on next left movement analysis
2026-09-07T21:41:30.4114|INFO|HocusFocusStarDetection.cs|Detect|413|Average HFR: 2.089260239800293, HFR MAD: 0.19153669015123032, Detected Stars 628, Region: 0
2026-09-07T21:41:30.5795|INFO|FocuserVM.cs|MoveFocuserInternal|216|Moving Focuser to position 39675
2026-09-07T21:41:36.5814|INFO|CameraVM.cs|Capture|742|Starting Exposure - Exposure Time: 15s; Filter: ; Gain: 15; Offset 132; Binning: 1x1;
2026-09-07T21:41:55.2214|INFO|AutoFocusEngine.cs|StartBlindFocusPoints|870|Waiting on next left movement analysis
2026-09-07T21:41:57.0404|INFO|HocusFocusStarDetection.cs|Detect|413|Average HFR: 2.2964356869753555, HFR MAD: 0.23901634766490298, Detected Stars 600, Region: 0
2026-09-07T21:41:57.0944|INFO|AutoFocusEngine.cs|StartBlindFocusPoints|841|Enough right trend points (4) with an established minimum (39875) to queue remaining left focus points down to 39075
2026-09-07T21:41:57.0948|INFO|FocuserVM.cs|MoveFocuserInternal|216|Moving Focuser to position 39475
2026-09-07T21:42:02.5253|INFO|CameraVM.cs|Capture|742|Starting Exposure - Exposure Time: 15s; Filter: ; Gain: 15; Offset 132; Binning: 1x1;
2026-09-07T21:42:21.1818|INFO|FocuserVM.cs|MoveFocuserInternal|216|Moving Focuser to position 39275
2026-09-07T21:42:21.8850|WARNING|DeviceUpdateTimer.cs|Run|115|Dome value update cycle took longer than the device poll interval (Total: 3.82s > 2s; Poll: 00:00:00.0152175; Update: 00:00:03.8084262)
2026-09-07T21:42:22.6822|INFO|HocusFocusStarDetection.cs|Detect|413|Average HFR: 2.511092499716471, HFR MAD: 0.3105168937503091, Detected Stars 547, Region: 0
2026-09-07T21:42:27.1489|INFO|CameraVM.cs|Capture|742|Starting Exposure - Exposure Time: 15s; Filter: ; Gain: 15; Offset 132; Binning: 1x1;
2026-09-07T21:42:45.7733|INFO|FocuserVM.cs|MoveFocuserInternal|216|Moving Focuser to position 39075
2026-09-07T21:42:47.5599|INFO|HocusFocusStarDetection.cs|Detect|413|Average HFR: 2.9521882401190433, HFR MAD: 0.45510603815200934, Detected Stars 480, Region: 0
2026-09-07T21:42:52.0498|INFO|CameraVM.cs|Capture|742|Starting Exposure - Exposure Time: 15s; Filter: ; Gain: 15; Offset 132; Binning: 1x1;
2026-09-07T21:43:10.6676|INFO|AutoFocusEngine.cs|StartBlindFocusPoints|896|Waiting on remaining AutoFocus analysis tasks
2026-09-07T21:43:12.1757|INFO|HocusFocusStarDetection.cs|Detect|413|Average HFR: 3.4441281321033794, HFR MAD: 0.6819200783638464, Detected Stars 371, Region: 0
2026-09-07T21:43:12.2209|INFO|FocuserVM.cs|MoveFocuserInternal|216|Moving Focuser to position 40209
2026-09-07T21:43:22.9290|INFO|AutoFocusEngine.cs|ValidateCalculatedFocusPosition|1141|Validating HFR at final focus position 40209
2026-09-07T21:43:22.9294|INFO|CameraVM.cs|Capture|742|Starting Exposure - Exposure Time: 15s; Filter: ; Gain: 15; Offset 132; Binning: 1x1;
2026-09-07T21:43:43.4298|INFO|HocusFocusStarDetection.cs|Detect|413|Average HFR: 2.3293596419179066, HFR MAD: 0.2164547283259095, Detected Stars 616, Region: 0
2026-09-07T21:43:43.4303|INFO|HocusFocusVM.cs|AutoFocusEngine_Completed|473|AutoFocus completed with focuser starting at 40075 and ending at 40209
2026-09-07T21:43:43.4320|INFO|FocuserMediator.cs|BroadcastSuccessfulAutoFocusRun|46|Autofocus notification received - Temperature 22.75
2026-09-07T21:43:43.4325|INFO|AutoFocusEngine.cs|PerformPostAutoFocusActions|1022|Re-enabling temperature compensation after AutoFocus
2026-09-07T21:43:43.7239|INFO|PHD2Guider.cs|TryStartGuideCommand|641|Phd2 - Requesting to start guiding. Recalibrate: False
2026-09-07T21:44:43.5360|WARNING|AutoFocusEngine.cs|PerformPostAutoFocusActions|1030|Failed to resume guiding after AutoFocus
2026-09-07T21:44:43.6899|INFO|SequenceItem.cs|Run|254|Finishing Category: Focheggiatore, Item: RunAutofocus
2026-09-07T21:44:43.6903|INFO|SequenceItem.cs|Run|254|Finishing Category: * Set di Istruzioni *, Container: NINA.Sequencer.Container.SequentialContainer, Strategy: SequentialStrategy, Items[FINISHED]: 1
2026-09-07T21:44:43.6909|INFO|SequenceItem.cs|Run|208|Starting Category: Fotocamera, Item: TakeExposure, ExposureTime 600, Gain 15, Offset 132, ImageType LIGHT, Binning 1x1
2026-09-07T21:44:43.7459|INFO|CameraVM.cs|Capture|742|Starting Exposure - Exposure Time: 600s; Filter: ; Gain: 15; Offset 132; Binning: 1x1;
2026-09-07T21:44:50.6192|ERROR|PHD2Guider.cs|ProcessEvent|937|PHD2 error:timed-out waiting for guider to settle
2026-09-07T21:46:10.3122|WARNING|DeviceUpdateTimer.cs|Run|115|Mount value update cycle took longer than the device poll interval (Total: 2.38s > 2s; Poll: 00:00:02.3836216; Update: 00:00:00.0001312)
2026-09-07T21:48:15.1533|WARNING|DeviceUpdateTimer.cs|Run|115|Dome value update cycle took longer than the device poll interval (Total: 3.20s > 2s; Poll: 00:00:01.2781961; Update: 00:00:01.9261162)
2026-09-07T21:52:24.1778|WARNING|DeviceUpdateTimer.cs|Run|115|Mount value update cycle took longer than the device poll interval (Total: 2.17s > 2s; Poll: 00:00:02.1692004; Update: 00:00:00.0001611)
2026-09-07T21:54:49.9946|WARNING|DeviceUpdateTimer.cs|Run|115|Camera value update cycle took longer than the device poll interval (Total: 4.99s > 2s; Poll: 00:00:04.9860162; Update: 00:00:00.0002293)
2026-09-07T21:54:50.0312|INFO|SequenceItem.cs|Run|254|Finishing Category: Fotocamera, Item: TakeExposure, ExposureTime 600, Gain 15, Offset 132, ImageType LIGHT, Binning 1x1
2026-09-07T21:54:50.1588|INFO|MeridianFlipTrigger.cs|ShouldTrigger|296|Meridian Flip - (Side of Pier usage is disabled) There is still time remaining. Max remaining time 00:10:19.6925740, next instruction time 0, next instruction Category: Ruota porta filtri, Item: SwitchFilter, Filter: L-Pro
2026-09-07T21:54:50.1589|INFO|SequenceItem.cs|Run|208|Starting Category: Ruota porta filtri, Item: SwitchFilter, Filter: L-Pro
2026-09-07T21:54:50.3218|INFO|SequenceItem.cs|Run|254|Finishing Category: Ruota porta filtri, Item: SwitchFilter, Filter: L-Pro
2026-09-07T21:54:50.3683|WARNING|DitherAfterExposures.cs|ShouldTrigger|118|Dither should be triggered, however the meridian flip is too close to be executed
2026-09-07T21:54:50.3685|INFO|MeridianFlipTrigger.cs|ShouldTrigger|290|Meridian Flip - (Side of Pier usage is disabled) No more remaining time available before flip. Max remaining time 00:10:19.6925740, next instruction time 600, next instruction Category: Fotocamera, Item: TakeExposure, ExposureTime 600, Gain 15, Offset 132, ImageType LIGHT, Binning 1x1. Flip should happen now
2026-09-07T21:54:50.3685|INFO|SequenceTrigger.cs|Run|114|Starting Trigger: MeridianFlipTrigger
2026-09-07T21:54:50.3793|INFO|MeridianFlipVM.cs|DoMeridianFlip|160|Meridian Flip - Initializing Meridian Flip. 
Current target coordinates RA: 19:59:36 Dec: 22° 43' 16" Epoch: J2000
Remaining wait time: 00:17:19.6925740
Pause Time Before Meridian: 2
Minutes After Meridian: 5
Max Minutes After Meridian: 6
AutoFocus After Flip: True
Recenter: True
Use SideOfPier: False
Settle Time: 30
2026-09-07T21:54:50.5625|INFO|MeridianFlipVM.cs|StopAutoguider|348|Meridian Flip - Stopping Autoguider
2026-09-07T21:54:50.9361|WARNING|DeviceUpdateTimer.cs|Run|115|Dome value update cycle took longer than the device poll interval (Total: 9.40s > 2s; Poll: 00:00:01.1711463; Update: 00:00:08.2319287)
2026-09-07T21:54:51.1751|INFO|MeridianFlipVM.cs|PassMeridian|257|Meridian Flip - Stopping tracking to pass meridian
2026-09-07T21:54:54.1604|INFO|HocusFocusStarDetection.cs|Detect|413|Average HFR: 2.9496987002299644, HFR MAD: 0.3098956807119104, Detected Stars 467, Region: 0
2026-09-07T21:54:55.9227|INFO|BaseImageData.cs|SaveToDisk|346|Saved image to D:\Images NINA\Target\LIGHT_1x1_600.00s_15_132_M 27_Celestron C8__-9.96C__0000_2026-09-07_21-44-43_FWHM_NaN_Fok_40209.xisf
2026-09-07T21:54:55.9236|INFO|ImageSaveController.cs|DoWork|97|Successfully saved file at D:\Images NINA\Target\LIGHT_1x1_600.00s_15_132_M 27_Celestron C8__-9.96C__0000_2026-09-07_21-44-43_FWHM_NaN_Fok_40209.xisf. Duration Total: 00:00:05.1670799; BeforeSave: 00:00:00.0040553; BeforeFinalizeImageSaved: 00:00:04.6070960; FinalizeSaveTime: 00:00:00.5559281
2026-09-07T22:12:11.7074|INFO|MeridianFlipVM.cs|PassMeridian|269|Meridian Flip - Resuming tracking after passing meridian
2026-09-07T22:12:11.7478|INFO|MeridianFlipVM.cs|DoFlip|124|Meridian Flip - Scope will flip to coordinates RA: 19:59:36 Dec: 22° 43' 16" Epoch: J2000
2026-09-07T22:12:11.8537|INFO|AscomTelescope.cs|MeridianFlip|351|Current side of pier is pierWest, which should be a counter weight down position already. Setting side of pier will be done after the first slew attempt if the mount did not flip the pier side by then.
2026-09-07T22:12:11.8541|INFO|AscomTelescope.cs|MeridianFlip|365|Slewing to coordinates RA: 20:00:47; Dec: 22° 47' 51"; Epoch: JNOW. Attempt 1 / 20
2026-09-07T22:12:24.8538|WARNING|DeviceUpdateTimer.cs|Run|115|Dome value update cycle took longer than the device poll interval (Total: 9.57s > 2s; Poll: 00:00:00.0026502; Update: 00:00:09.5633824)
2026-09-07T22:13:19.1866|INFO|AscomTelescope.cs|MeridianFlip|380|Finished slewing to coordinates. Slew was successful. Setting pier side was successful
2026-09-07T22:13:23.0765|INFO|MeridianFlipVM.cs|Settle|335|Meridian Flip - Settling scope for 30
2026-09-07T22:13:52.3875|INFO|MeridianFlipVM.cs|AutoFocus|231|Meridian Flip - Running Autofocus
2026-09-07T22:13:52.5434|INFO|FocuserMediator.cs|BroadcastAutoFocusRunStarting|92|Autofocus starting notification received
2026-09-07T22:13:52.7169|INFO|PHD2Guider.cs|StopGuiding|704|Phd2 - Stop Guiding skipped, as the app is already in state Stopped
2026-09-07T22:13:52.7170|INFO|AutoFocusEngine.cs|RunAutoFocus|929|Starting AutoFocus with initial position 40209
2026-09-07T22:13:52.7176|INFO|CameraVM.cs|Capture|742|Starting Exposure - Exposure Time: 15s; Filter: ; Gain: 15; Offset 132; Binning: 1x1;
2026-09-07T22:14:11.4542|WARNING|DeviceUpdateTimer.cs|Run|115|Camera value update cycle took longer than the device poll interval (Total: 2.62s > 2s; Poll: 00:00:02.6190319; Update: 00:00:00.0001919)
2026-09-07T22:14:11.4660|INFO|AutoFocusEngine.cs|StartBlindFocusPoints|769|Waiting on initial HFR analysis
2026-09-07T22:14:11.4672|INFO|FocuserVM.cs|MoveFocuserInternal|216|Moving Focuser to position 41009
2026-09-07T22:14:13.3961|INFO|HocusFocusStarDetection.cs|Detect|413|Average HFR: 2.4214603583362626, HFR MAD: 0.20550899194459893, Detected Stars 126, Region: 0
2026-09-07T22:14:21.9809|INFO|CameraVM.cs|Capture|742|Starting Exposure - Exposure Time: 15s; Filter: ; Gain: 15; Offset 132; Binning: 1x1;
2026-09-07T22:14:40.6166|INFO|FocuserVM.cs|MoveFocuserInternal|216|Moving Focuser to position 40809
2026-09-07T22:14:42.4691|INFO|HocusFocusStarDetection.cs|Detect|413|Average HFR: 2.7622419735022925, HFR MAD: 0.35854559718360646, Detected Stars 123, Region: 0
2026-09-07T22:14:47.8978|INFO|CameraVM.cs|Capture|742|Starting Exposure - Exposure Time: 15s; Filter: ; Gain: 15; Offset 132; Binning: 1x1;
2026-09-07T22:15:06.5320|INFO|FocuserVM.cs|MoveFocuserInternal|216|Moving Focuser to position 40609
2026-09-07T22:15:08.1427|INFO|HocusFocusStarDetection.cs|Detect|413|Average HFR: 3.009223153614991, HFR MAD: 0.3238995672137195, Detected Stars 111, Region: 0
2026-09-07T22:15:12.6322|INFO|CameraVM.cs|Capture|742|Starting Exposure - Exposure Time: 15s; Filter: ; Gain: 15; Offset 132; Binning: 1x1;
2026-09-07T22:15:31.3054|INFO|FocuserVM.cs|MoveFocuserInternal|216|Moving Focuser to position 40409
2026-09-07T22:15:33.3468|INFO|HocusFocusStarDetection.cs|Detect|413|Average HFR: 2.8656682742090904, HFR MAD: 0.36829437299742596, Detected Stars 114, Region: 0
2026-09-07T22:15:37.9566|INFO|CameraVM.cs|Capture|742|Starting Exposure - Exposure Time: 15s; Filter: ; Gain: 15; Offset 132; Binning: 1x1;
2026-09-07T22:15:56.5992|INFO|AutoFocusEngine.cs|StartBlindFocusPoints|797|Waiting on initial focuser move analyses
2026-09-07T22:15:58.2463|INFO|HocusFocusStarDetection.cs|Detect|413|Average HFR: 2.434836732138544, HFR MAD: 0.2711971720717572, Detected Stars 130, Region: 0
2026-09-07T22:15:58.3390|INFO|FocuserVM.cs|MoveFocuserInternal|216|Moving Focuser to position 40209
2026-09-07T22:16:03.9884|INFO|CameraVM.cs|Capture|742|Starting Exposure - Exposure Time: 15s; Filter: ; Gain: 15; Offset 132; Binning: 1x1;
2026-09-07T22:16:22.6340|INFO|AutoFocusEngine.cs|StartBlindFocusPoints|870|Waiting on next left movement analysis
2026-09-07T22:16:24.1600|INFO|HocusFocusStarDetection.cs|Detect|413|Average HFR: 2.458875164303076, HFR MAD: 0.25132858053024165, Detected Stars 132, Region: 0
2026-09-07T22:16:24.2099|INFO|FocuserVM.cs|MoveFocuserInternal|216|Moving Focuser to position 40009
2026-09-07T22:16:29.9120|INFO|CameraVM.cs|Capture|742|Starting Exposure - Exposure Time: 15s; Filter: ; Gain: 15; Offset 132; Binning: 1x1;
2026-09-07T22:16:48.5281|INFO|AutoFocusEngine.cs|StartBlindFocusPoints|870|Waiting on next left movement analysis
2026-09-07T22:16:50.3175|INFO|HocusFocusStarDetection.cs|Detect|413|Average HFR: 2.512492422007377, HFR MAD: 0.20835149339615944, Detected Stars 127, Region: 0
2026-09-07T22:16:50.3439|INFO|FocuserVM.cs|MoveFocuserInternal|216|Moving Focuser to position 39809
2026-09-07T22:16:50.8256|WARNING|DeviceUpdateTimer.cs|Run|115|Mount value update cycle took longer than the device poll interval (Total: 2.08s > 2s; Poll: 00:00:02.0796446; Update: 00:00:00.0001723)
2026-09-07T22:16:55.9974|INFO|CameraVM.cs|Capture|742|Starting Exposure - Exposure Time: 15s; Filter: ; Gain: 15; Offset 132; Binning: 1x1;
2026-09-07T22:17:14.6224|INFO|AutoFocusEngine.cs|StartBlindFocusPoints|870|Waiting on next left movement analysis
2026-09-07T22:17:16.4571|INFO|HocusFocusStarDetection.cs|Detect|413|Average HFR: 2.6264637548465357, HFR MAD: 0.2889952749726157, Detected Stars 122, Region: 0
2026-09-07T22:17:16.4838|INFO|FocuserVM.cs|MoveFocuserInternal|216|Moving Focuser to position 39609
2026-09-07T22:17:21.9789|INFO|CameraVM.cs|Capture|742|Starting Exposure - Exposure Time: 15s; Filter: ; Gain: 15; Offset 132; Binning: 1x1;
2026-09-07T22:17:40.6928|INFO|AutoFocusEngine.cs|StartBlindFocusPoints|870|Waiting on next left movement analysis
2026-09-07T22:17:42.6176|WARNING|DeviceUpdateTimer.cs|Run|115|Dome value update cycle took longer than the device poll interval (Total: 2.02s > 2s; Poll: 00:00:00.1667382; Update: 00:00:01.8527236)
2026-09-07T22:17:44.3337|INFO|HocusFocusStarDetection.cs|Detect|413|Average HFR: 2.8943183519066706, HFR MAD: 0.3778370848882191, Detected Stars 103, Region: 0
2026-09-07T22:17:44.8232|INFO|FocuserVM.cs|MoveFocuserInternal|216|Moving Focuser to position 39409
2026-09-07T22:17:50.4279|INFO|CameraVM.cs|Capture|742|Starting Exposure - Exposure Time: 15s; Filter: ; Gain: 15; Offset 132; Binning: 1x1;
2026-09-07T22:18:09.2827|INFO|AutoFocusEngine.cs|StartBlindFocusPoints|870|Waiting on next left movement analysis
2026-09-07T22:18:12.5504|INFO|HocusFocusStarDetection.cs|Detect|413|Average HFR: 3.297671605215416, HFR MAD: 0.5176104568488182, Detected Stars 86, Region: 0
2026-09-07T22:18:12.6416|INFO|FocuserVM.cs|MoveFocuserInternal|216|Moving Focuser to position 39209
2026-09-07T22:18:23.1824|INFO|CameraVM.cs|Capture|742|Starting Exposure - Exposure Time: 15s; Filter: ; Gain: 15; Offset 132; Binning: 1x1;
2026-09-07T22:18:42.0133|INFO|AutoFocusEngine.cs|StartBlindFocusPoints|870|Waiting on next left movement analysis
2026-09-07T22:18:45.5455|INFO|HocusFocusStarDetection.cs|Detect|413|Average HFR: 3.6350336055368198, HFR MAD: 0.7154482212203277, Detected Stars 68, Region: 0
2026-09-07T22:18:45.6235|INFO|AutoFocusEngine.cs|StartBlindFocusPoints|823|Enough left trend points (4) with an established minimum (40409) to queue remaining right focus points up to 41209
2026-09-07T22:18:45.6240|INFO|FocuserVM.cs|MoveFocuserInternal|216|Moving Focuser to position 41209
2026-09-07T22:19:08.2928|INFO|CameraVM.cs|Capture|742|Starting Exposure - Exposure Time: 15s; Filter: ; Gain: 15; Offset 132; Binning: 1x1;
2026-09-07T22:19:26.9151|INFO|AutoFocusEngine.cs|StartBlindFocusPoints|896|Waiting on remaining AutoFocus analysis tasks
2026-09-07T22:19:26.9212|WARNING|DeviceUpdateTimer.cs|Run|115|Camera value update cycle took longer than the device poll interval (Total: 2.80s > 2s; Poll: 00:00:02.7919028; Update: 00:00:00.0048195)
2026-09-07T22:19:28.5435|INFO|HocusFocusStarDetection.cs|Detect|413|Average HFR: 3.13026829625434, HFR MAD: 0.4137499207793911, Detected Stars 105, Region: 0
2026-09-07T22:19:28.5841|INFO|FocuserVM.cs|MoveFocuserInternal|216|Moving Focuser to position 40024
2026-09-07T22:19:40.3550|INFO|AutoFocusEngine.cs|ValidateCalculatedFocusPosition|1141|Validating HFR at final focus position 40024
2026-09-07T22:19:40.3908|INFO|CameraVM.cs|Capture|742|Starting Exposure - Exposure Time: 15s; Filter: ; Gain: 15; Offset 132; Binning: 1x1;
2026-09-07T22:20:01.2107|INFO|HocusFocusStarDetection.cs|Detect|413|Average HFR: 2.6711293930077322, HFR MAD: 0.2695090967630964, Detected Stars 123, Region: 0
2026-09-07T22:20:01.2113|INFO|HocusFocusVM.cs|AutoFocusEngine_Completed|473|AutoFocus completed with focuser starting at 40209 and ending at 40024
2026-09-07T22:20:01.2129|INFO|FocuserMediator.cs|BroadcastSuccessfulAutoFocusRun|46|Autofocus notification received - Temperature 22.75
2026-09-07T22:20:01.2131|INFO|AutoFocusEngine.cs|PerformPostAutoFocusActions|1022|Re-enabling temperature compensation after AutoFocus
2026-09-07T22:20:01.2385|INFO|MeridianFlipVM.cs|Recenter|278|Meridian Flip - Recenter after meridian flip
2026-09-07T22:20:01.8552|INFO|CameraVM.cs|Capture|742|Starting Exposure - Exposure Time: 15s; Filter: L-Pro; Gain: 15; Offset 132; Binning: 1x1;
2026-09-07T22:20:22.1279|INFO|ImageSolver.cs|Solve|41|Platesolving with parameters: FocalLength: 1260 PixelSize: 4.54 SearchRadius: 30 BlindFailoverEnabled: True Regions: 5000 DownSampleFactor: 2 MaxObjects: 500 Reference Coordinates RA: 19:59:36 Dec: 22° 43' 16" Epoch: J2000
2026-09-07T22:20:22.4056|INFO|BaseImageData.cs|SaveToDisk|346|Saved image to C:\Users\PrimaLuceLab\AppData\Local\NINA\PlateSolver\jeicfkpc.xon.fits
2026-09-07T22:20:47.8456|ERROR|ASTAPSolver.cs|ReadResult|62|ASTAP - Plate solve failed.


2026-09-07T22:20:47.8494|INFO|ImageSolver.cs|Solve|41|Platesolving with parameters: FocalLength: 1260 PixelSize: 4.54 SearchRadius: 30 BlindFailoverEnabled: True Regions: 5000 DownSampleFactor: 2 MaxObjects: 500 
2026-09-07T22:20:49.1590|INFO|BaseImageData.cs|SaveToDisk|346|Saved image to C:\Users\PrimaLuceLab\AppData\Local\NINA\PlateSolver\aejh5l5z.mfo.fits
2026-09-07T22:21:18.2280|INFO|AstrometryPlateSolver.cs|SubmitImageJob|166|Plate Solving: Astrometry.net: Submission 16029286 created for solving.
2026-09-07T22:28:39.5615|INFO|AstrometryPlateSolver.cs|GetJobResult|191|Plate Solving: Astrometry.net: Job 16836771 completed successfully.
2026-09-07T22:28:40.0109|INFO|AstrometryPlateSolver.cs|GetJobResult|201|Plate Solving: Astrometry.net: Job 16836771 successfully retrieved.
2026-09-07T22:28:40.0229|INFO|ImageSolver.cs|Solve|54|Platesolve successful: Coordinates: RA: 19:58:17; Dec: -30° 04' 16"; Epoch: J2000 - Position Angle: 73.18758105519532
2026-09-07T22:28:40.0231|INFO|ImageSolver.cs|Solve|54|Platesolve successful: Coordinates: RA: 19:58:17; Dec: -30° 04' 16"; Epoch: J2000 - Position Angle: 73.18758105519532
2026-09-07T22:28:40.0436|INFO|CenteringSolver.cs|Center|99|Centering Solver - Scope Position: RA: 20:00:47; Dec: 22° 53' 13"; Epoch: JNOW; Offset: RA: 00:00:00; Dec: 00° 00' 00"; Distance: 00° 00' 00"; Bearing: 00° 00' 00"; Centering Coordinates: RA: 20:00:47; Dec: 22° 47' 51"; Epoch: JNOW; Solved: RA: 19:59:58; Dec: -29° 59' 55"; Epoch: JNOW; Separation RA: 00:00:48; Dec: 52° 47' 46"; Distance: 52° 47' 48"; Bearing: 179° 46' 50"; Threshold: 1
2026-09-07T22:28:40.5489|INFO|TelescopeVM.cs|Sync|777|Syncing scope from RA: 20:00:47; Dec: 22° 53' 13"; Epoch: JNOW to RA: 19:59:58; Dec: -29° 59' 55"; Epoch: JNOW
2026-09-07T22:28:45.5530|INFO|CenteringSolver.cs|Center|132|Slewing to target after sync. Current Position: RA: 19:59:59; Dec: -29° 59' 52"; Epoch: JNOW; Target coordinates: RA: 20:00:47; Dec: 22° 47' 51"; Epoch: JNOW; Offset RA: 00:00:00; Dec: 00° 00' 00"; Distance: 00° 00' 00"; Bearing: 00° 00' 00"
2026-09-07T22:28:45.5686|INFO|TelescopeVM.cs|SlewAsyncInternal|910|Slewing from RA: 19:59:59; Dec: -29° 59' 52"; Epoch: JNOW to RA: 20:00:47; Dec: 22° 47' 51"; Epoch: JNOW - Alt: 69° 47' 38"; Az: 194° 47' 25"
2026-09-07T22:29:10.5736|INFO|CameraVM.cs|Capture|742|Starting Exposure - Exposure Time: 15s; Filter: L-Pro; Gain: 15; Offset 132; Binning: 1x1;
2026-09-07T22:29:14.7655|INFO|MeridianFlipVM.cs|DoMeridianFlip|202|Meridian Flip - Cancelled by user
2026-09-07T22:29:14.7657|INFO|MeridianFlipVM.cs|DoMeridianFlip|221|Meridian Flip - Exiting meridian flip
2026-09-07T22:29:15.0471|INFO|SequenceTrigger.cs|Run|114|Starting Trigger: RestoreGuiding
2026-09-07T22:29:15.0474|INFO|SequenceItem.cs|Run|208|Starting Category: * Set di Istruzioni *, Container: NINA.Sequencer.Container.SequentialContainer, Strategy: SequentialStrategy, Items[CREATED]: 1
2026-09-07T22:29:15.0474|INFO|SequenceItem.cs|Run|208|Starting Category: Guida, Item: StartGuiding
2026-09-07T22:29:15.2871|INFO|PHD2Guider.cs|TryStartGuideCommand|641|Phd2 - Requesting to start guiding. Recalibrate: False
2026-09-07T22:29:15.7882|INFO|SequenceTrigger.cs|Run|114|Starting Trigger: AutofocusAfterFilterChange
2026-09-07T22:29:15.7883|INFO|SequenceItem.cs|Run|208|Starting Category: * Set di Istruzioni *, Container: NINA.Sequencer.Container.SequentialContainer, Strategy: SequentialStrategy, Items[CREATED]: 1
2026-09-07T22:29:15.7936|INFO|SequenceItem.cs|Run|208|Starting Category: Fotocamera, Item: TakeExposure, ExposureTime 600, Gain 15, Offset 132, ImageType LIGHT, Binning 1x1
2026-09-07T22:29:15.8902|INFO|Sequencer.cs|Start|85|Sequence run was cancelled
2026-09-07T22:29:15.8961|INFO|Sequence2VM.cs|StartSequence|548|Advanced Sequence finished
2026-09-07T22:29:59.2918|WARNING|DeviceUpdateTimer.cs|Run|115|Dome value update cycle took longer than the device poll interval (Total: 2.95s > 2s; Poll: 00:00:00.1600410; Update: 00:00:02.7917073)
2026-09-07T22:30:13.7522|ERROR|PHD2Guider.cs|ProcessEvent|937|PHD2 error:Guiding stopped
2026-09-07T22:31:07.9147|INFO|AscomDevice.cs|Disconnect|378|Disconnecting from ASCOM.Optec ASCOM.Telescope CPWI_ASCOM_Telescope
2026-09-07T22:31:08.0154|INFO|TelescopeVM.cs|Disconnect|740|Disconnected mount
2026-09-07T22:31:48.6933|INFO|ApplicationDeviceConnectionVM.cs|UsbDeviceWatcher_DeviceRemoved|237|USB Device disconnected DeviceId: USB\VID_15A2&PID_A50F\_CGX_V1, PnpDeviceId: USB\VID_15A2&PID_A50F\_CGX_V1, Description: Dispositivo seriale USB, Name: USB Serial Device (COM15), Manufacturer: Microsoft, Service: usbser, Status: OK
2026-09-07T22:32:01.6037|INFO|ApplicationDeviceConnectionVM.cs|UsbDeviceWatcher_DeviceInserted|232|New USB device detected DeviceId: USB\VID_15A2&PID_A50F\_CGX_V1, PnpDeviceId: USB\VID_15A2&PID_A50F\_CGX_V1, Description: Dispositivo seriale USB, Name: USB Serial Device (COM15), Manufacturer: Microsoft, Service: usbser, Status: OK
2026-09-07T22:33:30.7706|INFO|TelescopeVM.cs|Disconnect|740|Disconnected mount
2026-09-07T22:33:31.0037|INFO|AscomTelescope.cs|CheckMountTime|845|Mount UTC Time: 2026-09-07 20:33:31Z / System UTC Time: 2026-09-07 20:33:31Z; Difference: 0.001 seconds
2026-09-07T22:33:31.0590|INFO|AscomTelescope.cs|CheckMountTime|865|Mount driver does not allow the mount's time to be set.
2026-09-07T22:33:31.1418|INFO|AscomDevice.cs|GetProperty|527|Property Telescope.SiteElevation GET is not implemented in this driver (CPWI_ASCOM_Telescope)
2026-09-07T22:33:31.6897|INFO|TelescopeVM.cs|ChooseTelescope|535|Successfully connected mount. Id: ASCOM.Optec ASCOM.Telescope Name: CPWI_ASCOM_Telescope DisplayName: CPWI_ASCOM_Telescope (ASCOM) Driver Version: 2.5.9.99  with DLL Assembly Date: July_1_2020
2026-09-07T22:33:38.2732|INFO|Sequence2VM.cs|UnlockSequence|144|Sequencer locked
2026-09-07T22:34:20.1889|WARNING|DeviceUpdateTimer.cs|Run|115|Mount value update cycle took longer than the device poll interval (Total: 2.18s > 2s; Poll: 00:00:02.1809544; Update: 00:00:00.0000838)
2026-09-07T22:34:41.9112|INFO|Sequence2VM.cs|LockSequence|139|Sequencer unlocked
2026-09-07T22:34:53.7045|INFO|Sequence2VM.cs|StartSequence|543|Advanced Sequence starting
2026-09-07T22:34:53.7193|INFO|SequenceItem.cs|Run|208|Starting Category: * Set di Istruzioni *, Container: NINA.Sequencer.Container.SequenceRootContainer, Strategy: SequentialStrategy, Items[CREATED]: 3, Triggers: Trigger: MeridianFlipTriggerTrigger: RestoreGuidingTrigger: AutofocusAfterHFRIncreaseTrigger, Amount: 5Trigger: AutofocusAfterFilterChange
2026-09-07T22:34:53.7196|INFO|MeridianFlipTrigger.cs|ShouldTrigger|204|Meridian Flip - Telescope is not tracking. Skip flip evaluation
2026-09-07T22:34:53.7197|INFO|SequenceItem.cs|Run|208|Starting Category: * Set di Istruzioni *, Container: NINA.Sequencer.Container.StartAreaContainer, Strategy: SequentialStrategy, Items[CREATED]: 2
2026-09-07T22:34:53.7197|INFO|MeridianFlipTrigger.cs|ShouldTrigger|204|Meridian Flip - Telescope is not tracking. Skip flip evaluation
2026-09-07T22:34:53.7198|INFO|SequenceItem.cs|Run|208|Starting Category: Utilità, Item: Annotation, Text: VERSION: 1
2026-09-07T22:34:53.7198|INFO|SequenceItem.cs|Run|254|Finishing Category: Utilità, Item: Annotation, Text: VERSION: 1
2026-09-07T22:34:53.7199|INFO|MeridianFlipTrigger.cs|ShouldTrigger|204|Meridian Flip - Telescope is not tracking. Skip flip evaluation
2026-09-07T22:34:53.7200|INFO|SequenceItem.cs|Run|208|Starting Category: * Set di Istruzioni *, Container: NINA.Sequencer.Container.SequentialContainer, Strategy: SequentialStrategy, Items[CREATED]: 4
2026-09-07T22:34:53.7201|INFO|MeridianFlipTrigger.cs|ShouldTrigger|204|Meridian Flip - Telescope is not tracking. Skip flip evaluation
2026-09-07T22:34:53.7201|INFO|SequenceItem.cs|Run|208|Starting Category: Utilità, Item: Annotation, Text: VERSION: 1
2026-09-07T22:34:53.7202|INFO|SequenceItem.cs|Run|254|Finishing Category: Utilità, Item: Annotation, Text: VERSION: 1
2026-09-07T22:34:53.7203|INFO|MeridianFlipTrigger.cs|ShouldTrigger|204|Meridian Flip - Telescope is not tracking. Skip flip evaluation
2026-09-07T22:34:53.7203|INFO|SequenceItem.cs|Run|208|Starting Category: * Set di Istruzioni *, Container: NINA.Sequencer.Container.SequentialContainer, Strategy: SequentialStrategy, Items[CREATED]: 4
2026-09-07T22:34:53.7204|INFO|MeridianFlipTrigger.cs|ShouldTrigger|204|Meridian Flip - Telescope is not tracking. Skip flip evaluation
2026-09-07T22:34:53.7204|INFO|SequenceItem.cs|Run|208|Starting Category: Utilità, Item: Annotation, Text: This Startup Sequence ensures an ASCOM Safety Monitor will function in a sequence as expected.
2026-09-07T22:34:53.7205|INFO|SequenceItem.cs|Run|254|Finishing Category: Utilità, Item: Annotation, Text: This Startup Sequence ensures an ASCOM Safety Monitor will function in a sequence as expected.
2026-09-07T22:34:53.7205|INFO|MeridianFlipTrigger.cs|ShouldTrigger|204|Meridian Flip - Telescope is not tracking. Skip flip evaluation
2026-09-07T22:34:53.7206|INFO|SequenceItem.cs|Run|208|Starting Category: Utilità, Item: Annotation, Text: The CONNECTOR Plugin is used in this Sequence.
2026-09-07T22:34:53.7206|INFO|SequenceItem.cs|Run|254|Finishing Category: Utilità, Item: Annotation, Text: The CONNECTOR Plugin is used in this Sequence.
2026-09-07T22:34:53.7207|INFO|MeridianFlipTrigger.cs|ShouldTrigger|204|Meridian Flip - Telescope is not tracking. Skip flip evaluation
2026-09-07T22:34:53.7207|INFO|SequenceItem.cs|Run|208|Starting Category: Utilità, Item: Annotation, Text: A Switch is also used within this Startup Sequence.
2026-09-07T22:34:53.7207|INFO|SequenceItem.cs|Run|254|Finishing Category: Utilità, Item: Annotation, Text: A Switch is also used within this Startup Sequence.
2026-09-07T22:34:53.7208|INFO|MeridianFlipTrigger.cs|ShouldTrigger|204|Meridian Flip - Telescope is not tracking. Skip flip evaluation
2026-09-07T22:34:53.7208|INFO|SequenceItem.cs|Run|208|Starting Category: Utilità, Item: Annotation, Text: The sequence uses Nautical Dusk and Nautical Dawn along with a number of time offsets. Adjust this as desired.
2026-09-07T22:34:53.7209|INFO|SequenceItem.cs|Run|254|Finishing Category: Utilità, Item: Annotation, Text: The sequence uses Nautical Dusk and Nautical Dawn along with a number of time offsets. Adjust this as desired.
2026-09-07T22:34:53.7209|INFO|SequenceItem.cs|Run|254|Finishing Category: * Set di Istruzioni *, Container: NINA.Sequencer.Container.SequentialContainer, Strategy: SequentialStrategy, Items[FINISHED]: 4
2026-09-07T22:34:53.7210|INFO|MeridianFlipTrigger.cs|ShouldTrigger|204|Meridian Flip - Telescope is not tracking. Skip flip evaluation
2026-09-07T22:34:53.7211|INFO|SequenceItem.cs|Run|208|Starting Category: * Set di Istruzioni *, Container: NINA.Sequencer.Container.SequentialContainer, Strategy: SequentialStrategy, Items[CREATED]: 11
2026-09-07T22:34:53.7211|INFO|MeridianFlipTrigger.cs|ShouldTrigger|204|Meridian Flip - Telescope is not tracking. Skip flip evaluation
2026-09-07T22:34:53.7212|INFO|SequenceItem.cs|Run|208|Starting Category: Utilità, Item: WaitForTime, Time: 20:45:42h, Offset: -30
2026-09-07T22:34:53.7212|INFO|SequenceItem.cs|Run|254|Finishing Category: Utilità, Item: WaitForTime, Time: 20:45:42h, Offset: -30
2026-09-07T22:34:53.7214|INFO|MeridianFlipTrigger.cs|ShouldTrigger|204|Meridian Flip - Telescope is not tracking. Skip flip evaluation
2026-09-07T22:34:53.7215|INFO|SequenceItem.cs|Run|208|Starting Category: Connetti, Item: ConnectEquipment, Selected device: Weather, Selected device id: ASCOM.CloudWatcher.ObservingConditions
2026-09-07T22:34:53.7219|INFO|ConnectEquipment.cs|Execute|186|Weather is already connected
2026-09-07T22:34:53.7219|INFO|SequenceItem.cs|Run|254|Finishing Category: Connetti, Item: ConnectEquipment, Selected device: Weather, Selected device id: ASCOM.CloudWatcher.ObservingConditions
2026-09-07T22:34:53.7220|INFO|MeridianFlipTrigger.cs|ShouldTrigger|204|Meridian Flip - Telescope is not tracking. Skip flip evaluation
2026-09-07T22:34:53.7220|INFO|SequenceItem.cs|Run|208|Starting Category: Connetti, Item: ConnectEquipment, Selected device: Safety Monitor, Selected device id: ASCOM.Hub.SafetyMonitor
2026-09-07T22:34:53.7222|INFO|ConnectEquipment.cs|Execute|186|Safety Monitor is already connected
2026-09-07T22:34:53.7222|INFO|SequenceItem.cs|Run|254|Finishing Category: Connetti, Item: ConnectEquipment, Selected device: Safety Monitor, Selected device id: ASCOM.Hub.SafetyMonitor
2026-09-07T22:34:53.7222|INFO|MeridianFlipTrigger.cs|ShouldTrigger|204|Meridian Flip - Telescope is not tracking. Skip flip evaluation
2026-09-07T22:34:53.7223|INFO|SequenceItem.cs|Run|208|Starting Category: Monitor Di Sicurezza, Item: WaitUntilSafe
2026-09-07T22:34:53.7223|INFO|SequenceItem.cs|Run|254|Finishing Category: Monitor Di Sicurezza, Item: WaitUntilSafe
2026-09-07T22:34:53.7224|INFO|MeridianFlipTrigger.cs|ShouldTrigger|204|Meridian Flip - Telescope is not tracking. Skip flip evaluation
2026-09-07T22:34:53.7224|INFO|SequenceItem.cs|Run|208|Starting Category: Connetti, Item: ConnectEquipment, Selected device: Camera, Selected device id: 695A-M-0037ec709603ca4e3
2026-09-07T22:34:53.7226|INFO|ConnectEquipment.cs|Execute|186|Camera is already connected
2026-09-07T22:34:53.7226|INFO|SequenceItem.cs|Run|254|Finishing Category: Connetti, Item: ConnectEquipment, Selected device: Camera, Selected device id: 695A-M-0037ec709603ca4e3
2026-09-07T22:34:53.7227|INFO|MeridianFlipTrigger.cs|ShouldTrigger|204|Meridian Flip - Telescope is not tracking. Skip flip evaluation
2026-09-07T22:34:53.7227|INFO|SequenceItem.cs|Run|208|Starting Category: Connetti, Item: ConnectEquipment, Selected device: Focuser, Selected device id: ASCOM.PegasusAstro.Focuser
2026-09-07T22:34:53.7228|INFO|ConnectEquipment.cs|Execute|186|Focuser is already connected
2026-09-07T22:34:53.7229|INFO|SequenceItem.cs|Run|254|Finishing Category: Connetti, Item: ConnectEquipment, Selected device: Focuser, Selected device id: ASCOM.PegasusAstro.Focuser
2026-09-07T22:34:53.7230|INFO|MeridianFlipTrigger.cs|ShouldTrigger|204|Meridian Flip - Telescope is not tracking. Skip flip evaluation
2026-09-07T22:34:53.7231|INFO|SequenceItem.cs|Run|208|Starting Category: Connetti, Item: ConnectEquipment, Selected device: Filter Wheel, Selected device id: 695A-M-0037ec709603ca4e3
2026-09-07T22:34:53.7231|INFO|ConnectEquipment.cs|Execute|186|Filter Wheel is already connected
2026-09-07T22:34:53.7232|INFO|SequenceItem.cs|Run|254|Finishing Category: Connetti, Item: ConnectEquipment, Selected device: Filter Wheel, Selected device id: 695A-M-0037ec709603ca4e3
2026-09-07T22:34:53.7232|INFO|MeridianFlipTrigger.cs|ShouldTrigger|204|Meridian Flip - Telescope is not tracking. Skip flip evaluation
2026-09-07T22:34:53.7233|INFO|SequenceItem.cs|Run|208|Starting Category: Connetti, Item: ConnectEquipment, Selected device: Mount, Selected device id: ASCOM.Optec ASCOM.Telescope
2026-09-07T22:34:53.7234|INFO|ConnectEquipment.cs|Execute|186|Mount is already connected
2026-09-07T22:34:53.7235|INFO|SequenceItem.cs|Run|254|Finishing Category: Connetti, Item: ConnectEquipment, Selected device: Mount, Selected device id: ASCOM.Optec ASCOM.Telescope
2026-09-07T22:34:53.7235|INFO|MeridianFlipTrigger.cs|ShouldTrigger|204|Meridian Flip - Telescope is not tracking. Skip flip evaluation
2026-09-07T22:34:53.7236|INFO|SequenceItem.cs|Run|208|Starting Category: Connetti, Item: ConnectEquipment, Selected device: Dome, Selected device id: ASCOM.TS_Shelter.Dome
2026-09-07T22:34:53.7237|INFO|ConnectEquipment.cs|Execute|186|Dome is already connected
2026-09-07T22:34:53.7238|INFO|SequenceItem.cs|Run|254|Finishing Category: Connetti, Item: ConnectEquipment, Selected device: Dome, Selected device id: ASCOM.TS_Shelter.Dome
2026-09-07T22:34:53.7238|INFO|MeridianFlipTrigger.cs|ShouldTrigger|204|Meridian Flip - Telescope is not tracking. Skip flip evaluation
2026-09-07T22:34:53.7239|INFO|SequenceItem.cs|Run|208|Starting Category: Connetti, Item: ConnectEquipment, Selected device: Guider, Selected device id: PHD2_Single
2026-09-07T22:34:53.7239|INFO|ConnectEquipment.cs|Execute|186|Guider is already connected
2026-09-07T22:34:53.7239|INFO|SequenceItem.cs|Run|254|Finishing Category: Connetti, Item: ConnectEquipment, Selected device: Guider, Selected device id: PHD2_Single
2026-09-07T22:34:53.7240|INFO|MeridianFlipTrigger.cs|ShouldTrigger|204|Meridian Flip - Telescope is not tracking. Skip flip evaluation
2026-09-07T22:34:53.7241|INFO|SequenceItem.cs|Run|208|Starting Category: Connetti, Item: ConnectEquipment, Selected device: Flat Panel, Selected device id: ASCOM.WandererCover1.CoverCalibrator
2026-09-07T22:34:53.7241|INFO|ConnectEquipment.cs|Execute|186|Flat Panel is already connected
2026-09-07T22:34:53.7241|INFO|SequenceItem.cs|Run|254|Finishing Category: Connetti, Item: ConnectEquipment, Selected device: Flat Panel, Selected device id: ASCOM.WandererCover1.CoverCalibrator
2026-09-07T22:34:53.7242|INFO|SequenceItem.cs|Run|254|Finishing Category: * Set di Istruzioni *, Container: NINA.Sequencer.Container.SequentialContainer, Strategy: SequentialStrategy, Items[FINISHED]: 11
2026-09-07T22:34:53.7243|INFO|MeridianFlipTrigger.cs|ShouldTrigger|204|Meridian Flip - Telescope is not tracking. Skip flip evaluation
2026-09-07T22:34:53.7244|INFO|SequenceItem.cs|Run|208|Starting Category: * Set di Istruzioni *, Container: NINA.Sequencer.Container.SequentialContainer, Strategy: SequentialStrategy, Items[CREATED]: 12
2026-09-07T22:34:53.7244|INFO|MeridianFlipTrigger.cs|ShouldTrigger|204|Meridian Flip - Telescope is not tracking. Skip flip evaluation
2026-09-07T22:34:53.7245|INFO|SequenceItem.cs|Run|208|Starting Category: Fotocamera, Item: CoolCamera, Temperature: -10, Duration: 5
2026-09-07T22:34:53.7247|INFO|CameraVM.cs|CoolCamera|138|Cooling Camera. Target: -10 Duration: 00:05:00
2026-09-07T22:34:53.7367|INFO|SequenceItem.cs|Run|254|Finishing Category: Fotocamera, Item: CoolCamera, Temperature: -10, Duration: 5
2026-09-07T22:34:53.7369|INFO|MeridianFlipTrigger.cs|ShouldTrigger|204|Meridian Flip - Telescope is not tracking. Skip flip evaluation
2026-09-07T22:34:53.7370|INFO|SequenceItem.cs|Run|208|Starting Category: Utilità, Item: WaitForTime, Time: 21:5:42h, Offset: -10
2026-09-07T22:34:53.7372|INFO|SequenceItem.cs|Run|254|Finishing Category: Utilità, Item: WaitForTime, Time: 21:5:42h, Offset: -10
2026-09-07T22:34:53.7373|INFO|MeridianFlipTrigger.cs|ShouldTrigger|204|Meridian Flip - Telescope is not tracking. Skip flip evaluation
2026-09-07T22:34:53.7374|INFO|SequenceItem.cs|Run|208|Starting Category: Monitor Di Sicurezza, Item: WaitUntilSafe
2026-09-07T22:34:53.7374|INFO|SequenceItem.cs|Run|254|Finishing Category: Monitor Di Sicurezza, Item: WaitUntilSafe
2026-09-07T22:34:53.7376|INFO|MeridianFlipTrigger.cs|ShouldTrigger|204|Meridian Flip - Telescope is not tracking. Skip flip evaluation
2026-09-07T22:34:53.7377|INFO|SequenceItem.cs|Run|208|Starting Category: Osservatorio, Item: OpenDomeShutter
2026-09-07T22:34:53.7377|INFO|SequenceItem.cs|Run|254|Finishing Category: Osservatorio, Item: OpenDomeShutter
2026-09-07T22:34:53.7378|INFO|MeridianFlipTrigger.cs|ShouldTrigger|204|Meridian Flip - Telescope is not tracking. Skip flip evaluation
2026-09-07T22:34:53.7379|INFO|SequenceItem.cs|Run|208|Starting Category: Telescopio, Item: UnparkScope
2026-09-07T22:34:53.7379|INFO|TelescopeVM.cs|UnparkTelescope|232|Mount ordered to unpark
2026-09-07T22:34:53.7380|INFO|TelescopeVM.cs|UnparkTelescope|277|Mount is already unparked
2026-09-07T22:34:53.7380|INFO|TelescopeVM.cs|UnparkTelescope|282|Mount has unparked
2026-09-07T22:34:53.7380|INFO|SequenceItem.cs|Run|254|Finishing Category: Telescopio, Item: UnparkScope
2026-09-07T22:34:53.7381|INFO|MeridianFlipTrigger.cs|ShouldTrigger|204|Meridian Flip - Telescope is not tracking. Skip flip evaluation
2026-09-07T22:34:53.7382|INFO|SequenceItem.cs|Run|208|Starting Category: Apparato per i Flat, Item: OpenCover
2026-09-07T22:34:53.7446|INFO|SequenceItem.cs|Run|254|Finishing Category: Apparato per i Flat, Item: OpenCover
2026-09-07T22:34:53.7448|INFO|MeridianFlipTrigger.cs|ShouldTrigger|204|Meridian Flip - Telescope is not tracking. Skip flip evaluation
2026-09-07T22:34:53.7449|INFO|SequenceItem.cs|Run|208|Starting Category: Telescopio, Item: SetTracking, TrackingMode: Sidereal
2026-09-07T22:34:54.2013|INFO|SequenceItem.cs|Run|254|Finishing Category: Telescopio, Item: SetTracking, TrackingMode: Sidereal
2026-09-07T22:34:54.2016|INFO|MeridianFlipTrigger.cs|ShouldTrigger|204|Meridian Flip - Telescope is not tracking. Skip flip evaluation
2026-09-07T22:34:54.2030|INFO|SequenceItem.cs|Run|208|Starting Category: Ruota porta filtri, Item: SwitchFilter, Filter: L-Pro
2026-09-07T22:34:54.4586|INFO|SequenceItem.cs|Run|254|Finishing Category: Ruota porta filtri, Item: SwitchFilter, Filter: L-Pro
2026-09-07T22:34:54.4636|INFO|MeridianFlipTrigger.cs|ShouldTrigger|204|Meridian Flip - Telescope is not tracking. Skip flip evaluation
2026-09-07T22:34:54.4638|INFO|SequenceItem.cs|Run|208|Starting Category: Telescopio, Item: SlewScopeToAltAz, Coordinates: NINA.Astrometry.InputTopocentricCoordinates
2026-09-07T22:34:54.5825|INFO|PHD2Guider.cs|StopGuiding|704|Phd2 - Stop Guiding skipped, as the app is already in state Stopped
2026-09-07T22:34:54.7808|INFO|TelescopeVM.cs|SlewAsyncInternal|910|Slewing from RA: 01:14:43; Dec: 88° 41' 08"; Epoch: JNOW to RA: 22:13:58; Dec: 39° 23' 27"; Epoch: JNOW - Alt: 70° 00' 00"; Az: 90° 00' 00"
2026-09-07T22:35:05.8691|WARNING|DeviceUpdateTimer.cs|Run|115|Dome value update cycle took longer than the device poll interval (Total: 7.42s > 2s; Poll: 00:00:00.0038358; Update: 00:00:07.4146698)
2026-09-07T22:35:28.5275|INFO|SequenceItem.cs|Run|254|Finishing Category: Telescopio, Item: SlewScopeToAltAz, Coordinates: NINA.Astrometry.InputTopocentricCoordinates
2026-09-07T22:35:28.5278|INFO|MeridianFlipTrigger.cs|ShouldTrigger|296|Meridian Flip - (Side of Pier usage is disabled) There is still time remaining. Max remaining time 01:42:32.9752166, next instruction time 60, next instruction Category: Utilità, Item: WaitForTimeSpan, Time: 60s
2026-09-07T22:35:28.5278|INFO|SequenceItem.cs|Run|208|Starting Category: Utilità, Item: WaitForTimeSpan, Time: 60s
2026-09-07T22:35:41.6516|INFO|Thumbnail.cs|LoadOriginalImage|40|Reloading image from D:\Images NINA\Target\LIGHT_1x1_600.00s_15_132_M 27_Celestron C8__-9.96C__0000_2026-09-07_21-44-43_FWHM_NaN_Fok_40209.xisf
2026-09-07T22:35:55.3909|INFO|MeridianFlipTrigger.cs|ShouldTrigger|296|Meridian Flip - (Side of Pier usage is disabled) There is still time remaining. Max remaining time 01:42:04.8783243, next instruction time 400, next instruction Category: Focheggiatore, Item: RunAutofocus
2026-09-07T22:35:55.3911|INFO|SequenceItem.cs|Run|208|Starting Category: Focheggiatore, Item: RunAutofocus
2026-09-07T22:35:55.6561|INFO|FocuserMediator.cs|BroadcastAutoFocusRunStarting|92|Autofocus starting notification received
2026-09-07T22:35:55.7189|INFO|PHD2Guider.cs|StopGuiding|704|Phd2 - Stop Guiding skipped, as the app is already in state Stopped
2026-09-07T22:35:55.7191|INFO|AutoFocusEngine.cs|RunAutoFocus|929|Starting AutoFocus with initial position 40024
2026-09-07T22:35:55.7425|INFO|CameraVM.cs|Capture|742|Starting Exposure - Exposure Time: 15s; Filter: ; Gain: 15; Offset 132; Binning: 1x1;
2026-09-07T22:36:14.3559|WARNING|DeviceUpdateTimer.cs|Run|115|Camera value update cycle took longer than the device poll interval (Total: 3.15s > 2s; Poll: 00:00:03.1495968; Update: 00:00:00.0009384)
2026-09-07T22:36:14.3704|INFO|AutoFocusEngine.cs|StartBlindFocusPoints|769|Waiting on initial HFR analysis
2026-09-07T22:36:14.3708|INFO|FocuserVM.cs|MoveFocuserInternal|216|Moving Focuser to position 40824
2026-09-07T22:36:16.3159|INFO|HocusFocusStarDetection.cs|Detect|413|Average HFR: 2.104356552660406, HFR MAD: 0.17687819111720016, Detected Stars 378, Region: 0
2026-09-07T22:36:23.1934|INFO|CameraVM.cs|Capture|742|Starting Exposure - Exposure Time: 15s; Filter: ; Gain: 15; Offset 132; Binning: 1x1;
2026-09-07T22:36:41.8340|INFO|FocuserVM.cs|MoveFocuserInternal|216|Moving Focuser to position 40624
2026-09-07T22:36:44.3569|INFO|HocusFocusStarDetection.cs|Detect|413|Average HFR: 3.1401150931320574, HFR MAD: 0.331880874683419, Detected Stars 303, Region: 0
2026-09-07T22:36:48.3323|INFO|CameraVM.cs|Capture|742|Starting Exposure - Exposure Time: 15s; Filter: ; Gain: 15; Offset 132; Binning: 1x1;
2026-09-07T22:37:06.9809|INFO|FocuserVM.cs|MoveFocuserInternal|216|Moving Focuser to position 40424
2026-09-07T22:37:10.7256|INFO|HocusFocusStarDetection.cs|Detect|413|Average HFR: 3.1582553447725012, HFR MAD: 0.3601643525430216, Detected Stars 303, Region: 0
2026-09-07T22:37:13.0988|INFO|CameraVM.cs|Capture|742|Starting Exposure - Exposure Time: 15s; Filter: ; Gain: 15; Offset 132; Binning: 1x1;
2026-09-07T22:37:31.9112|INFO|FocuserVM.cs|MoveFocuserInternal|216|Moving Focuser to position 40224
2026-09-07T22:37:36.6414|INFO|HocusFocusStarDetection.cs|Detect|413|Average HFR: 3.068348734419771, HFR MAD: 0.35974411658730343, Detected Stars 323, Region: 0
2026-09-07T22:37:37.5835|INFO|CameraVM.cs|Capture|742|Starting Exposure - Exposure Time: 15s; Filter: ; Gain: 15; Offset 132; Binning: 1x1;
2026-09-07T22:37:56.3651|INFO|AutoFocusEngine.cs|StartBlindFocusPoints|797|Waiting on initial focuser move analyses
2026-09-07T22:38:00.4404|INFO|HocusFocusStarDetection.cs|Detect|413|Average HFR: 2.4920406084243316, HFR MAD: 0.3091719828359798, Detected Stars 384, Region: 0
2026-09-07T22:38:00.6654|INFO|FocuserVM.cs|MoveFocuserInternal|216|Moving Focuser to position 40024
2026-09-07T22:38:06.5892|INFO|CameraVM.cs|Capture|742|Starting Exposure - Exposure Time: 15s; Filter: ; Gain: 15; Offset 132; Binning: 1x1;
2026-09-07T22:38:25.6808|INFO|AutoFocusEngine.cs|StartBlindFocusPoints|870|Waiting on next left movement analysis
2026-09-07T22:38:29.6633|INFO|HocusFocusStarDetection.cs|Detect|413|Average HFR: 2.2119150438474393, HFR MAD: 0.2639319989833102, Detected Stars 405, Region: 0
2026-09-07T22:38:29.6887|INFO|FocuserVM.cs|MoveFocuserInternal|216|Moving Focuser to position 39824
2026-09-07T22:38:35.8556|INFO|CameraVM.cs|Capture|742|Starting Exposure - Exposure Time: 15s; Filter: ; Gain: 15; Offset 132; Binning: 1x1;
2026-09-07T22:38:55.1495|INFO|AutoFocusEngine.cs|StartBlindFocusPoints|870|Waiting on next left movement analysis
2026-09-07T22:38:59.6333|INFO|HocusFocusStarDetection.cs|Detect|413|Average HFR: 2.0587987782876493, HFR MAD: 0.18457724081891014, Detected Stars 407, Region: 0
2026-09-07T22:38:59.6667|INFO|FocuserVM.cs|MoveFocuserInternal|216|Moving Focuser to position 39624
2026-09-07T22:39:05.7615|INFO|CameraVM.cs|Capture|742|Starting Exposure - Exposure Time: 15s; Filter: ; Gain: 15; Offset 132; Binning: 1x1;
2026-09-07T22:39:24.7488|INFO|AutoFocusEngine.cs|StartBlindFocusPoints|870|Waiting on next left movement analysis
2026-09-07T22:39:27.2163|WARNING|DeviceUpdateTimer.cs|Run|115|Mount value update cycle took longer than the device poll interval (Total: 2.20s > 2s; Poll: 00:00:02.2012668; Update: 00:00:00.0001928)
2026-09-07T22:39:28.8268|INFO|HocusFocusStarDetection.cs|Detect|413|Average HFR: 2.1451452954932666, HFR MAD: 0.17455784971705812, Detected Stars 382, Region: 0
2026-09-07T22:39:28.8847|INFO|FocuserVM.cs|MoveFocuserInternal|216|Moving Focuser to position 39424
2026-09-07T22:39:38.4483|INFO|CameraVM.cs|Capture|742|Starting Exposure - Exposure Time: 15s; Filter: ; Gain: 15; Offset 132; Binning: 1x1;
2026-09-07T22:39:57.0732|INFO|AutoFocusEngine.cs|StartBlindFocusPoints|870|Waiting on next left movement analysis
2026-09-07T22:39:59.0781|INFO|HocusFocusStarDetection.cs|Detect|413|Average HFR: 2.0336447427861297, HFR MAD: 0.20462020636912248, Detected Stars 389, Region: 0
2026-09-07T22:39:59.1003|INFO|FocuserVM.cs|MoveFocuserInternal|216|Moving Focuser to position 39224
2026-09-07T22:40:04.6920|INFO|CameraVM.cs|Capture|742|Starting Exposure - Exposure Time: 15s; Filter: ; Gain: 15; Offset 132; Binning: 1x1;
2026-09-07T22:40:23.3539|INFO|AutoFocusEngine.cs|StartBlindFocusPoints|870|Waiting on next left movement analysis
2026-09-07T22:40:24.9641|INFO|HocusFocusStarDetection.cs|Detect|413|Average HFR: 2.329660300512139, HFR MAD: 0.29116096976549555, Detected Stars 383, Region: 0
2026-09-07T22:40:25.0199|INFO|AutoFocusEngine.cs|StartBlindFocusPoints|841|Enough right trend points (5) with an established minimum (39424) to queue remaining left focus points down to 38624
2026-09-07T22:40:25.0203|INFO|FocuserVM.cs|MoveFocuserInternal|216|Moving Focuser to position 39024
2026-09-07T22:40:25.5259|WARNING|DeviceUpdateTimer.cs|Run|115|FlatDevice value update cycle took longer than the device poll interval (Total: 2.19s > 2s; Poll: 00:00:02.1921602; Update: 00:00:00.0000688)
2026-09-07T22:40:27.6068|WARNING|DeviceUpdateTimer.cs|Run|115|Dome value update cycle took longer than the device poll interval (Total: 3.24s > 2s; Poll: 00:00:00.0263387; Update: 00:00:03.2176250)
2026-09-07T22:40:30.8442|INFO|CameraVM.cs|Capture|742|Starting Exposure - Exposure Time: 15s; Filter: ; Gain: 15; Offset 132; Binning: 1x1;
2026-09-07T22:40:49.4807|INFO|FocuserVM.cs|MoveFocuserInternal|216|Moving Focuser to position 38824
2026-09-07T22:40:52.2882|INFO|HocusFocusStarDetection.cs|Detect|413|Average HFR: 2.6256248281735592, HFR MAD: 0.38186015919513805, Detected Stars 334, Region: 0
2026-09-07T22:40:54.9981|INFO|CameraVM.cs|Capture|742|Starting Exposure - Exposure Time: 15s; Filter: ; Gain: 15; Offset 132; Binning: 1x1;
2026-09-07T22:41:13.6631|INFO|FocuserVM.cs|MoveFocuserInternal|216|Moving Focuser to position 38624
2026-09-07T22:41:18.0110|INFO|HocusFocusStarDetection.cs|Detect|413|Average HFR: 3.0651842656297696, HFR MAD: 0.537775395921285, Detected Stars 293, Region: 0
2026-09-07T22:41:20.8719|INFO|CameraVM.cs|Capture|742|Starting Exposure - Exposure Time: 15s; Filter: ; Gain: 15; Offset 132; Binning: 1x1;
2026-09-07T22:41:39.5174|WARNING|DeviceUpdateTimer.cs|Run|115|Camera value update cycle took longer than the device poll interval (Total: 2.93s > 2s; Poll: 00:00:02.9326205; Update: 00:00:00.0010550)
2026-09-07T22:41:39.5520|INFO|AutoFocusEngine.cs|StartBlindFocusPoints|896|Waiting on remaining AutoFocus analysis tasks
2026-09-07T22:41:41.4358|INFO|HocusFocusStarDetection.cs|Detect|413|Average HFR: 3.6760344087963075, HFR MAD: 0.7602560893981591, Detected Stars 236, Region: 0
2026-09-07T22:41:41.5108|INFO|FocuserVM.cs|MoveFocuserInternal|216|Moving Focuser to position 39536
2026-09-07T22:41:51.1762|INFO|AutoFocusEngine.cs|ValidateCalculatedFocusPosition|1141|Validating HFR at final focus position 39536
2026-09-07T22:41:51.1823|INFO|CameraVM.cs|Capture|742|Starting Exposure - Exposure Time: 15s; Filter: ; Gain: 15; Offset 132; Binning: 1x1;
2026-09-07T22:42:11.8630|INFO|HocusFocusStarDetection.cs|Detect|413|Average HFR: 2.776974352997724, HFR MAD: 0.40729140257611407, Detected Stars 313, Region: 0
2026-09-07T22:42:11.8632|WARNING|AutoFocusEngine.cs|ValidateCalculatedFocusPosition|1166|New focus point HFR 2.776974352997724 is significantly worse than original HFR 2.104356552660406
2026-09-07T22:42:11.8633|WARNING|AutoFocusEngine.cs|RunAutoFocus|965|Potentially bad auto-focus. Setting focuser back to 40024 and re-attempting.
2026-09-07T22:42:11.8636|INFO|FocuserVM.cs|MoveFocuserInternal|216|Moving Focuser to position 40024
2026-09-07T22:42:19.2800|INFO|AutoFocusEngine.cs|StartBlindFocusPoints|769|Waiting on initial HFR analysis
2026-09-07T22:42:19.2803|INFO|FocuserVM.cs|MoveFocuserInternal|216|Moving Focuser to position 40824
2026-09-07T22:42:27.4457|INFO|CameraVM.cs|Capture|742|Starting Exposure - Exposure Time: 15s; Filter: ; Gain: 15; Offset 132; Binning: 1x1;
2026-09-07T22:42:46.0834|INFO|FocuserVM.cs|MoveFocuserInternal|216|Moving Focuser to position 40624
2026-09-07T22:42:47.9868|INFO|HocusFocusStarDetection.cs|Detect|413|Average HFR: 3.72209768764854, HFR MAD: 0.3535142270761935, Detected Stars 242, Region: 0
2026-09-07T22:42:52.6093|INFO|CameraVM.cs|Capture|742|Starting Exposure - Exposure Time: 15s; Filter: ; Gain: 15; Offset 132; Binning: 1x1;
2026-09-07T22:43:11.3683|INFO|FocuserVM.cs|MoveFocuserInternal|216|Moving Focuser to position 40424
2026-09-07T22:43:12.9315|WARNING|DeviceUpdateTimer.cs|Run|115|WeatherData value update cycle took longer than the device poll interval (Total: 2.01s > 2s; Poll: 00:00:02.0121393; Update: 00:00:00.0001645)
2026-09-07T22:43:13.3281|INFO|HocusFocusStarDetection.cs|Detect|413|Average HFR: 3.3885465307607783, HFR MAD: 0.3386860460086023, Detected Stars 277, Region: 0
2026-09-07T22:43:17.4639|INFO|CameraVM.cs|Capture|742|Starting Exposure - Exposure Time: 15s; Filter: ; Gain: 15; Offset 132; Binning: 1x1;
2026-09-07T22:43:36.1186|INFO|FocuserVM.cs|MoveFocuserInternal|216|Moving Focuser to position 40224
2026-09-07T22:43:38.1201|INFO|HocusFocusStarDetection.cs|Detect|413|Average HFR: 3.257217413177016, HFR MAD: 0.33364829439045574, Detected Stars 288, Region: 0
2026-09-07T22:43:41.7604|INFO|CameraVM.cs|Capture|742|Starting Exposure - Exposure Time: 15s; Filter: ; Gain: 15; Offset 132; Binning: 1x1;
2026-09-07T22:44:00.4492|INFO|AutoFocusEngine.cs|StartBlindFocusPoints|797|Waiting on initial focuser move analyses
2026-09-07T22:44:02.3020|INFO|HocusFocusStarDetection.cs|Detect|413|Average HFR: 3.0296759871225167, HFR MAD: 0.3085637469611391, Detected Stars 327, Region: 0
2026-09-07T22:44:02.3676|INFO|FocuserVM.cs|MoveFocuserInternal|216|Moving Focuser to position 40024
2026-09-07T22:44:07.6792|INFO|CameraVM.cs|Capture|742|Starting Exposure - Exposure Time: 15s; Filter: ; Gain: 15; Offset 132; Binning: 1x1;
2026-09-07T22:44:26.4446|INFO|AutoFocusEngine.cs|StartBlindFocusPoints|870|Waiting on next left movement analysis
2026-09-07T22:44:28.5088|INFO|HocusFocusStarDetection.cs|Detect|413|Average HFR: 2.4827664600850117, HFR MAD: 0.26490229493403783, Detected Stars 376, Region: 0
2026-09-07T22:44:28.5933|INFO|FocuserVM.cs|MoveFocuserInternal|216|Moving Focuser to position 39824
2026-09-07T22:44:29.0544|WARNING|DeviceUpdateTimer.cs|Run|115|Mount value update cycle took longer than the device poll interval (Total: 2.60s > 2s; Poll: 00:00:02.6018263; Update: 00:00:00.0001368)
2026-09-07T22:44:34.7093|INFO|CameraVM.cs|Capture|742|Starting Exposure - Exposure Time: 15s; Filter: ; Gain: 15; Offset 132; Binning: 1x1;
2026-09-07T22:44:53.3395|INFO|AutoFocusEngine.cs|StartBlindFocusPoints|870|Waiting on next left movement analysis
2026-09-07T22:44:55.5117|INFO|HocusFocusStarDetection.cs|Detect|413|Average HFR: 1.947487124154201, HFR MAD: 0.20661255826485125, Detected Stars 384, Region: 0
2026-09-07T22:44:55.5305|INFO|FocuserVM.cs|MoveFocuserInternal|216|Moving Focuser to position 39624
2026-09-07T22:45:01.4317|INFO|CameraVM.cs|Capture|742|Starting Exposure - Exposure Time: 15s; Filter: ; Gain: 15; Offset 132; Binning: 1x1;
2026-09-07T22:45:20.0719|INFO|AutoFocusEngine.cs|StartBlindFocusPoints|870|Waiting on next left movement analysis
2026-09-07T22:45:22.0903|INFO|HocusFocusStarDetection.cs|Detect|413|Average HFR: 2.1390114714179838, HFR MAD: 0.1883796316747488, Detected Stars 378, Region: 0
2026-09-07T22:45:22.1292|INFO|AutoFocusEngine.cs|StartBlindFocusPoints|841|Enough right trend points (5) with an established minimum (39824) to queue remaining left focus points down to 39024
2026-09-07T22:45:22.1298|INFO|FocuserVM.cs|MoveFocuserInternal|216|Moving Focuser to position 39424
2026-09-07T22:45:27.5628|INFO|CameraVM.cs|Capture|742|Starting Exposure - Exposure Time: 15s; Filter: ; Gain: 15; Offset 132; Binning: 1x1;
2026-09-07T22:45:46.2358|INFO|FocuserVM.cs|MoveFocuserInternal|216|Moving Focuser to position 39224
2026-09-07T22:45:48.2086|INFO|HocusFocusStarDetection.cs|Detect|413|Average HFR: 2.0279851279166476, HFR MAD: 0.20662786236022224, Detected Stars 387, Region: 0
2026-09-07T22:45:52.6863|INFO|CameraVM.cs|Capture|742|Starting Exposure - Exposure Time: 15s; Filter: ; Gain: 15; Offset 132; Binning: 1x1;
2026-09-07T22:45:55.6951|WARNING|AutoFocusEngine.cs|TakeExposure|571|Camera error, trying without subsample
2026-09-07T22:45:55.6968|ERROR|AutoFocusEngine.cs|TakeExposure|572
System.OperationCanceledException: The operation was canceled.
   at System.Threading.CancellationToken.ThrowOperationCanceledException()
   at System.Threading.CancellationToken.ThrowIfCancellationRequested()
   at NINA.WPF.Base.ViewModel.Equipment.Camera.CameraVM.Capture(CaptureSequence sequence, CancellationToken token, IProgress`1 progress) in /_/NINA.WPF.Base/ViewModel/Equipment/Camera/CameraVM.cs:line 785
   at NINA.ViewModel.ImagingVM.<>c__DisplayClass38_0.<<CaptureImage>b__0>d.MoveNext() in /_/NINA/ViewModel/ImagingVM.cs:line 227
--- End of stack trace from previous location ---
   at NINA.Joko.Plugins.HocusFocus.AutoFocus.AutoFocusEngine.TakeExposure(AutoFocusState state, Int32 focuserPosition, CancellationToken token, IProgress`1 progress) in C:\Users\ghili\src\joko.nina.plugins_3.0\Joko.NINA.Plugins\Joko.NINA.Plugins.HocusFocus\AutoFocus\AutoFocusEngine.cs:line 565
2026-09-07T22:45:55.7356|WARNING|AutoFocusEngine.cs|RunImpl|1237|AutoFocus timed out after 00:10:00
2026-09-07T22:45:55.7358|WARNING|AutoFocusEngine.cs|PerformPostAutoFocusActions|1002|AutoFocus did not complete successfully, so restoring the focuser position to 40024
2026-09-07T22:45:55.7365|INFO|FocuserVM.cs|MoveFocuserInternal|216|Moving Focuser to position 40024
2026-09-07T22:46:04.8456|INFO|AutoFocusEngine.cs|PerformPostAutoFocusActions|1022|Re-enabling temperature compensation after AutoFocus
2026-09-07T22:46:04.8474|ERROR|SequenceItem.cs|Run|263|Category: Focheggiatore, Item: RunAutofocus - 
NINA.Core.Model.SequenceEntityFailedException: Autofocus failed to run
   at NINA.Sequencer.SequenceItem.Autofocus.RunAutofocus.Execute(IProgress`1 progress, CancellationToken token) in /_/NINA.Sequencer/SequenceItem/Autofocus/RunAutofocus.cs:line 94
   at NINA.Sequencer.SequenceItem.SequenceItem.Run(IProgress`1 progress, CancellationToken token) in /_/NINA.Sequencer/SequenceItem/SequenceItem.cs:line 249
2026-09-07T22:46:04.8695|ERROR|SequenceItem.cs|RunErrorBehavior|195|Instruction Esegui Autofocus failed after 1 attempt. Error behavior is set to ContinueOnError. Continuing.
2026-09-07T22:46:04.8698|INFO|MeridianFlipTrigger.cs|ShouldTrigger|296|Meridian Flip - (Side of Pier usage is disabled) There is still time remaining. Max remaining time 01:31:56.0611021, next instruction time 0, next instruction Category: Telescopio, Item: SolveAndSync
2026-09-07T22:46:04.8699|INFO|SequenceItem.cs|Run|208|Starting Category: Telescopio, Item: SolveAndSync
2026-09-07T22:46:05.2289|INFO|CameraVM.cs|Capture|742|Starting Exposure - Exposure Time: 15s; Filter: L-Pro; Gain: 15; Offset 132; Binning: 1x1;
2026-09-07T22:46:25.5981|INFO|ImageSolver.cs|Solve|41|Platesolving with parameters: FocalLength: 1260 PixelSize: 4.54 SearchRadius: 30 BlindFailoverEnabled: True Regions: 5000 DownSampleFactor: 2 MaxObjects: 500 Reference Coordinates RA: 22:12:49 Dec: 39° 15' 49" Epoch: J2000
2026-09-07T22:46:25.8737|INFO|BaseImageData.cs|SaveToDisk|346|Saved image to C:\Users\PrimaLuceLab\AppData\Local\NINA\PlateSolver\np41tqrn.wnu.fits
2026-09-07T22:46:28.9015|INFO|ImageSolver.cs|Solve|54|Platesolve successful: Coordinates: RA: 22:12:43; Dec: 39° 03' 46"; Epoch: J2000 - Position Angle: 252.40655630393582
2026-09-07T22:46:29.5622|INFO|TelescopeVM.cs|Sync|777|Syncing scope from RA: 22:14:00; Dec: 39° 23' 57"; Epoch: JNOW to RA: 22:13:54; Dec: 39° 11' 52"; Epoch: JNOW
2026-09-07T22:46:34.5662|INFO|SequenceItem.cs|Run|254|Finishing Category: Telescopio, Item: SolveAndSync
2026-09-07T22:46:34.5666|INFO|SequenceItem.cs|Run|254|Finishing Category: * Set di Istruzioni *, Container: NINA.Sequencer.Container.SequentialContainer, Strategy: SequentialStrategy, Items[FINISHED]: 10, Items[SKIPPED]: 1, Items[FAILED]: 1
2026-09-07T22:46:34.5667|INFO|SequenceItem.cs|Run|254|Finishing Category: * Set di Istruzioni *, Container: NINA.Sequencer.Container.SequentialContainer, Strategy: SequentialStrategy, Items[FINISHED]: 4
2026-09-07T22:46:34.5667|INFO|SequenceItem.cs|Run|254|Finishing Category: * Set di Istruzioni *, Container: NINA.Sequencer.Container.StartAreaContainer, Strategy: SequentialStrategy, Items[FINISHED]: 2
2026-09-07T22:46:34.5669|INFO|MeridianFlipTrigger.cs|ShouldTrigger|296|Meridian Flip - (Side of Pier usage is disabled) There is still time remaining. Max remaining time 01:31:21.0387303, next instruction time 0, next instruction Category: * Set di Istruzioni *, Container: NINA.Sequencer.Container.TargetAreaContainer, Strategy: SequentialStrategy, Items[CREATED]: 2
2026-09-07T22:46:34.6014|INFO|SequenceItem.cs|Run|208|Starting Category: * Set di Istruzioni *, Container: NINA.Sequencer.Container.TargetAreaContainer, Strategy: SequentialStrategy, Items[CREATED]: 2
2026-09-07T22:46:34.6016|INFO|MeridianFlipTrigger.cs|ShouldTrigger|296|Meridian Flip - (Side of Pier usage is disabled) There is still time remaining. Max remaining time 01:31:21.0387303, next instruction time 0, next instruction Category: * Set di Istruzioni *, Container: NINA.Sequencer.Container.SequentialContainer, Strategy: SequentialStrategy, Items[CREATED]: 10
2026-09-07T22:46:34.6016|INFO|SequenceItem.cs|Run|208|Starting Category: * Set di Istruzioni *, Container: NINA.Sequencer.Container.SequentialContainer, Strategy: SequentialStrategy, Items[CREATED]: 10
2026-09-07T22:46:34.6017|INFO|MeridianFlipTrigger.cs|ShouldTrigger|296|Meridian Flip - (Side of Pier usage is disabled) There is still time remaining. Max remaining time 01:31:21.0387303, next instruction time 0, next instruction Category: Utilità, Item: Annotation, Text: This is a Startup Sequence which can be pre-loaded at NINA Start-up.
2026-09-07T22:46:34.6018|INFO|SequenceItem.cs|Run|208|Starting Category: Utilità, Item: Annotation, Text: This is a Startup Sequence which can be pre-loaded at NINA Start-up.
2026-09-07T22:46:34.6019|INFO|SequenceItem.cs|Run|254|Finishing Category: Utilità, Item: Annotation, Text: This is a Startup Sequence which can be pre-loaded at NINA Start-up.
2026-09-07T22:46:34.6019|INFO|MeridianFlipTrigger.cs|ShouldTrigger|296|Meridian Flip - (Side of Pier usage is disabled) There is still time remaining. Max remaining time 01:31:21.0387303, next instruction time 0, next instruction Category: Utilità, Item: Annotation, Text: If you edit this Startup Sequence, you need to save the Entire Sequence using the Save Complete Sequence button at the bottom of the Advanced Sequencer page below.
2026-09-07T22:46:34.6020|INFO|SequenceItem.cs|Run|208|Starting Category: Utilità, Item: Annotation, Text: If you edit this Startup Sequence, you need to save the Entire Sequence using the Save Complete Sequence button at the bottom of the Advanced Sequencer page below.
2026-09-07T22:46:34.6020|INFO|SequenceItem.cs|Run|254|Finishing Category: Utilità, Item: Annotation, Text: If you edit this Startup Sequence, you need to save the Entire Sequence using the Save Complete Sequence button at the bottom of the Advanced Sequencer page below.
2026-09-07T22:46:34.6021|INFO|MeridianFlipTrigger.cs|ShouldTrigger|296|Meridian Flip - (Side of Pier usage is disabled) There is still time remaining. Max remaining time 01:31:21.0387303, next instruction time 0, next instruction Category: Utilità, Item: Annotation, Text: Go to: OPTIONS > IMAGING > SEQUENCE and select this DOME_SAFETY_STARTUP_PA.json file as the STARTUP SEQUENCE TEMPLATE
2026-09-07T22:46:34.6021|INFO|SequenceItem.cs|Run|208|Starting Category: Utilità, Item: Annotation, Text: Go to: OPTIONS > IMAGING > SEQUENCE and select this DOME_SAFETY_STARTUP_PA.json file as the STARTUP SEQUENCE TEMPLATE
2026-09-07T22:46:34.6022|INFO|SequenceItem.cs|Run|254|Finishing Category: Utilità, Item: Annotation, Text: Go to: OPTIONS > IMAGING > SEQUENCE and select this DOME_SAFETY_STARTUP_PA.json file as the STARTUP SEQUENCE TEMPLATE
2026-09-07T22:46:34.6022|INFO|MeridianFlipTrigger.cs|ShouldTrigger|296|Meridian Flip - (Side of Pier usage is disabled) There is still time remaining. Max remaining time 01:31:21.0387303, next instruction time 0, next instruction Category: Utilità, Item: Annotation, Text:      I also find setting COLLAPSE SEQUENCE TEMPLATES BY DEFAULT to ON is quite helpful.  (On the same options page)
2026-09-07T22:46:34.6023|INFO|SequenceItem.cs|Run|208|Starting Category: Utilità, Item: Annotation, Text:      I also find setting COLLAPSE SEQUENCE TEMPLATES BY DEFAULT to ON is quite helpful.  (On the same options page)
2026-09-07T22:46:34.6023|INFO|SequenceItem.cs|Run|254|Finishing Category: Utilità, Item: Annotation, Text:      I also find setting COLLAPSE SEQUENCE TEMPLATES BY DEFAULT to ON is quite helpful.  (On the same options page)
2026-09-07T22:46:34.6024|INFO|MeridianFlipTrigger.cs|ShouldTrigger|296|Meridian Flip - (Side of Pier usage is disabled) There is still time remaining. Max remaining time 01:31:21.0387303, next instruction time 0, next instruction Category: Utilità, Item: Annotation, Text: Any modification of this sequence as a Foundational Startup Template will need to be saved using the buttons at the bottom of this Advanced Sequencer Page below.
2026-09-07T22:46:34.6024|INFO|SequenceItem.cs|Run|208|Starting Category: Utilità, Item: Annotation, Text: Any modification of this sequence as a Foundational Startup Template will need to be saved using the buttons at the bottom of this Advanced Sequencer Page below.
2026-09-07T22:46:34.6024|INFO|SequenceItem.cs|Run|254|Finishing Category: Utilità, Item: Annotation, Text: Any modification of this sequence as a Foundational Startup Template will need to be saved using the buttons at the bottom of this Advanced Sequencer Page below.
2026-09-07T22:46:34.6025|INFO|MeridianFlipTrigger.cs|ShouldTrigger|296|Meridian Flip - (Side of Pier usage is disabled) There is still time remaining. Max remaining time 01:31:21.0387303, next instruction time 0, next instruction Category: Utilità, Item: Annotation, Text: The LOOP_ALL_NIGHT Sequence is a simple Loop until Nautical Dawn. Adjust as desired. This is an outer loop.
2026-09-07T22:46:34.6026|INFO|SequenceItem.cs|Run|208|Starting Category: Utilità, Item: Annotation, Text: The LOOP_ALL_NIGHT Sequence is a simple Loop until Nautical Dawn. Adjust as desired. This is an outer loop.
2026-09-07T22:46:34.6026|INFO|SequenceItem.cs|Run|254|Finishing Category: Utilità, Item: Annotation, Text: The LOOP_ALL_NIGHT Sequence is a simple Loop until Nautical Dawn. Adjust as desired. This is an outer loop.
2026-09-07T22:46:34.6026|INFO|MeridianFlipTrigger.cs|ShouldTrigger|296|Meridian Flip - (Side of Pier usage is disabled) There is still time remaining. Max remaining time 01:31:21.0387303, next instruction time 0, next instruction Category: Utilità, Item: Annotation, Text: The SAFE_LOOP Sequence runs while the System is Safe.
2026-09-07T22:46:34.6027|INFO|SequenceItem.cs|Run|208|Starting Category: Utilità, Item: Annotation, Text: The SAFE_LOOP Sequence runs while the System is Safe.
2026-09-07T22:46:34.6027|INFO|SequenceItem.cs|Run|254|Finishing Category: Utilità, Item: Annotation, Text: The SAFE_LOOP Sequence runs while the System is Safe.
2026-09-07T22:46:34.6028|INFO|MeridianFlipTrigger.cs|ShouldTrigger|296|Meridian Flip - (Side of Pier usage is disabled) There is still time remaining. Max remaining time 01:31:21.0387303, next instruction time 0, next instruction Category: Utilità, Item: Annotation, Text: The UNSAFE Sequence runs when the System is Unsafe and only proceeds back to SAFE_LOOP when it is once again deemed Safe.
2026-09-07T22:46:34.6028|INFO|SequenceItem.cs|Run|208|Starting Category: Utilità, Item: Annotation, Text: The UNSAFE Sequence runs when the System is Unsafe and only proceeds back to SAFE_LOOP when it is once again deemed Safe.
2026-09-07T22:46:34.6029|INFO|SequenceItem.cs|Run|254|Finishing Category: Utilità, Item: Annotation, Text: The UNSAFE Sequence runs when the System is Unsafe and only proceeds back to SAFE_LOOP when it is once again deemed Safe.
2026-09-07T22:46:34.6029|INFO|MeridianFlipTrigger.cs|ShouldTrigger|296|Meridian Flip - (Side of Pier usage is disabled) There is still time remaining. Max remaining time 01:31:21.0387303, next instruction time 0, next instruction Category: Utilità, Item: Annotation, Text: ..... ALL TARGETS should be placed within individual LOOP_ALL_NIGHT > SAFE_LOOP > TARGETS_CONTAINER > TARGET # containers below.....
2026-09-07T22:46:34.6030|INFO|SequenceItem.cs|Run|208|Starting Category: Utilità, Item: Annotation, Text: ..... ALL TARGETS should be placed within individual LOOP_ALL_NIGHT > SAFE_LOOP > TARGETS_CONTAINER > TARGET # containers below.....
2026-09-07T22:46:34.6030|INFO|SequenceItem.cs|Run|254|Finishing Category: Utilità, Item: Annotation, Text: ..... ALL TARGETS should be placed within individual LOOP_ALL_NIGHT > SAFE_LOOP > TARGETS_CONTAINER > TARGET # containers below.....
2026-09-07T22:46:34.6031|INFO|MeridianFlipTrigger.cs|ShouldTrigger|296|Meridian Flip - (Side of Pier usage is disabled) There is still time remaining. Max remaining time 01:31:21.0387303, next instruction time 0, next instruction Category: Utilità, Item: Annotation, Text: Each TARGET # Container should have a looping condition that is identical to the included target sequence.
2026-09-07T22:46:34.6031|INFO|SequenceItem.cs|Run|208|Starting Category: Utilità, Item: Annotation, Text: Each TARGET # Container should have a looping condition that is identical to the included target sequence.
2026-09-07T22:46:34.6031|INFO|SequenceItem.cs|Run|254|Finishing Category: Utilità, Item: Annotation, Text: Each TARGET # Container should have a looping condition that is identical to the included target sequence.
2026-09-07T22:46:34.6032|INFO|SequenceItem.cs|Run|254|Finishing Category: * Set di Istruzioni *, Container: NINA.Sequencer.Container.SequentialContainer, Strategy: SequentialStrategy, Items[FINISHED]: 10
2026-09-07T22:46:34.6033|INFO|MeridianFlipTrigger.cs|ShouldTrigger|296|Meridian Flip - (Side of Pier usage is disabled) There is still time remaining. Max remaining time 01:31:21.0387303, next instruction time 0, next instruction Category: * Set di Istruzioni *, Container: NINA.Sequencer.Container.SequentialContainer, Strategy: SequentialStrategy, Items[CREATED]: 2, Conditions: Condition: TimeCondition, Time: 5:43:41h, 
2026-09-07T22:46:34.6034|INFO|SequenceItem.cs|Run|208|Starting Category: * Set di Istruzioni *, Container: NINA.Sequencer.Container.SequentialContainer, Strategy: SequentialStrategy, Items[CREATED]: 2, Conditions: Condition: TimeCondition, Time: 5:43:41h, 
2026-09-07T22:46:34.6035|INFO|MeridianFlipTrigger.cs|ShouldTrigger|296|Meridian Flip - (Side of Pier usage is disabled) There is still time remaining. Max remaining time 01:31:21.0387303, next instruction time 0, next instruction Category: * Set di Istruzioni *, Container: NINA.Sequencer.Container.SequentialContainer, Strategy: SequentialStrategy, Items[CREATED]: 5, Conditions: Condition: SafetyMonitorCondition, 
2026-09-07T22:46:34.6036|INFO|SequenceItem.cs|Run|208|Starting Category: * Set di Istruzioni *, Container: NINA.Sequencer.Container.SequentialContainer, Strategy: SequentialStrategy, Items[CREATED]: 5, Conditions: Condition: SafetyMonitorCondition, 
2026-09-07T22:46:34.6038|INFO|MeridianFlipTrigger.cs|ShouldTrigger|296|Meridian Flip - (Side of Pier usage is disabled) There is still time remaining. Max remaining time 01:31:21.0387303, next instruction time 0, next instruction Category: * Set di Istruzioni *, Container: NINA.Sequencer.Container.SequentialContainer, Strategy: SequentialStrategy, Items[CREATED]: 7
2026-09-07T22:46:34.6038|INFO|SequenceItem.cs|Run|208|Starting Category: * Set di Istruzioni *, Container: NINA.Sequencer.Container.SequentialContainer, Strategy: SequentialStrategy, Items[CREATED]: 7
2026-09-07T22:46:34.6040|INFO|MeridianFlipTrigger.cs|ShouldTrigger|296|Meridian Flip - (Side of Pier usage is disabled) There is still time remaining. Max remaining time 01:31:21.0387303, next instruction time 0, next instruction Category: Utilità, Item: Annotation, Text: This brief sequence of instructions is required after returning to a Safe condifition from an Unsafe one. It will not negatively affect anything on its initial execution.
2026-09-07T22:46:34.6041|INFO|SequenceItem.cs|Run|208|Starting Category: Utilità, Item: Annotation, Text: This brief sequence of instructions is required after returning to a Safe condifition from an Unsafe one. It will not negatively affect anything on its initial execution.
2026-09-07T22:46:34.6041|INFO|SequenceItem.cs|Run|254|Finishing Category: Utilità, Item: Annotation, Text: This brief sequence of instructions is required after returning to a Safe condifition from an Unsafe one. It will not negatively affect anything on its initial execution.
2026-09-07T22:46:34.6042|INFO|MeridianFlipTrigger.cs|ShouldTrigger|296|Meridian Flip - (Side of Pier usage is disabled) There is still time remaining. Max remaining time 01:31:21.0387303, next instruction time 0, next instruction Category: Utilità, Item: Annotation, Text: The 5 minute wait here can be adjusted as desired. It is here to show 5 minutes of Safety prior to resetting the equipment.
2026-09-07T22:46:34.6042|INFO|SequenceItem.cs|Run|208|Starting Category: Utilità, Item: Annotation, Text: The 5 minute wait here can be adjusted as desired. It is here to show 5 minutes of Safety prior to resetting the equipment.
2026-09-07T22:46:34.6043|INFO|SequenceItem.cs|Run|254|Finishing Category: Utilità, Item: Annotation, Text: The 5 minute wait here can be adjusted as desired. It is here to show 5 minutes of Safety prior to resetting the equipment.
2026-09-07T22:46:34.6044|INFO|MeridianFlipTrigger.cs|ShouldTrigger|296|Meridian Flip - (Side of Pier usage is disabled) There is still time remaining. Max remaining time 01:31:21.0387303, next instruction time 300, next instruction Category: Utilità, Item: WaitForTimeSpan, Time: 300s
2026-09-07T22:46:34.6044|INFO|SequenceItem.cs|Run|208|Starting Category: Utilità, Item: WaitForTimeSpan, Time: 300s
2026-09-07T22:46:52.2392|INFO|MeridianFlipTrigger.cs|ShouldTrigger|296|Meridian Flip - (Side of Pier usage is disabled) There is still time remaining. Max remaining time 01:31:03.0628386, next instruction time 0, next instruction Category: Osservatorio, Item: OpenDomeShutter
2026-09-07T22:46:52.2393|INFO|SequenceItem.cs|Run|208|Starting Category: Osservatorio, Item: OpenDomeShutter
2026-09-07T22:46:52.2394|INFO|SequenceItem.cs|Run|254|Finishing Category: Osservatorio, Item: OpenDomeShutter
2026-09-07T22:46:52.2395|INFO|MeridianFlipTrigger.cs|ShouldTrigger|296|Meridian Flip - (Side of Pier usage is disabled) There is still time remaining. Max remaining time 01:31:03.0628386, next instruction time 0, next instruction Category: Telescopio, Item: UnparkScope
2026-09-07T22:46:52.2395|INFO|SequenceItem.cs|Run|208|Starting Category: Telescopio, Item: UnparkScope
2026-09-07T22:46:52.2396|INFO|TelescopeVM.cs|UnparkTelescope|232|Mount ordered to unpark
2026-09-07T22:46:52.2499|INFO|TelescopeVM.cs|UnparkTelescope|277|Mount is already unparked
2026-09-07T22:46:52.2500|INFO|TelescopeVM.cs|UnparkTelescope|282|Mount has unparked
2026-09-07T22:46:52.2501|INFO|SequenceItem.cs|Run|254|Finishing Category: Telescopio, Item: UnparkScope
2026-09-07T22:46:52.2508|INFO|MeridianFlipTrigger.cs|ShouldTrigger|296|Meridian Flip - (Side of Pier usage is disabled) There is still time remaining. Max remaining time 01:31:03.0628386, next instruction time 0, next instruction Category: Apparato per i Flat, Item: OpenCover
2026-09-07T22:46:52.2509|INFO|SequenceItem.cs|Run|208|Starting Category: Apparato per i Flat, Item: OpenCover
2026-09-07T22:46:52.2585|INFO|SequenceItem.cs|Run|254|Finishing Category: Apparato per i Flat, Item: OpenCover
2026-09-07T22:46:52.2597|INFO|MeridianFlipTrigger.cs|ShouldTrigger|296|Meridian Flip - (Side of Pier usage is disabled) There is still time remaining. Max remaining time 01:31:03.0628386, next instruction time 0, next instruction Category: Telescopio, Item: SetTracking, TrackingMode: Sidereal
2026-09-07T22:46:52.2647|INFO|SequenceItem.cs|Run|208|Starting Category: Telescopio, Item: SetTracking, TrackingMode: Sidereal
2026-09-07T22:46:52.7774|INFO|SequenceItem.cs|Run|254|Finishing Category: Telescopio, Item: SetTracking, TrackingMode: Sidereal
2026-09-07T22:46:52.7777|INFO|SequenceItem.cs|Run|254|Finishing Category: * Set di Istruzioni *, Container: NINA.Sequencer.Container.SequentialContainer, Strategy: SequentialStrategy, Items[FINISHED]: 6, Items[SKIPPED]: 1
2026-09-07T22:46:52.7779|INFO|MeridianFlipTrigger.cs|ShouldTrigger|296|Meridian Flip - (Side of Pier usage is disabled) There is still time remaining. Max remaining time 01:31:03.0628386, next instruction time 0, next instruction Category: * Set di Istruzioni *, Container: NINA.Sequencer.Container.SequentialContainer, Strategy: SequentialStrategy, Items[CREATED]: 2
2026-09-07T22:46:52.7780|INFO|SequenceItem.cs|Run|208|Starting Category: * Set di Istruzioni *, Container: NINA.Sequencer.Container.SequentialContainer, Strategy: SequentialStrategy, Items[CREATED]: 2
2026-09-07T22:46:52.7781|INFO|MeridianFlipTrigger.cs|ShouldTrigger|296|Meridian Flip - (Side of Pier usage is disabled) There is still time remaining. Max remaining time 01:31:03.0628386, next instruction time 0, next instruction Category: Utilità, Item: Annotation, Text: BE SURE TO MATCH EACH TARGET CONTAINER LOOP CONDITION TO THE NESTED TARGET SEQUENCE LOOP CONDITION
2026-09-07T22:46:52.7782|INFO|SequenceItem.cs|Run|208|Starting Category: Utilità, Item: Annotation, Text: BE SURE TO MATCH EACH TARGET CONTAINER LOOP CONDITION TO THE NESTED TARGET SEQUENCE LOOP CONDITION
2026-09-07T22:46:52.7782|INFO|SequenceItem.cs|Run|254|Finishing Category: Utilità, Item: Annotation, Text: BE SURE TO MATCH EACH TARGET CONTAINER LOOP CONDITION TO THE NESTED TARGET SEQUENCE LOOP CONDITION
2026-09-07T22:46:52.7783|INFO|MeridianFlipTrigger.cs|ShouldTrigger|296|Meridian Flip - (Side of Pier usage is disabled) There is still time remaining. Max remaining time 01:31:03.0628386, next instruction time 0, next instruction Category: * Set di Istruzioni *, Container: NINA.Sequencer.Container.SequentialContainer, Strategy: SequentialStrategy, Items[CREATED]: 3, Conditions: Condition: TimeCondition, Time: 5:43:41h, 
2026-09-07T22:46:52.7784|INFO|SequenceItem.cs|Run|208|Starting Category: * Set di Istruzioni *, Container: NINA.Sequencer.Container.SequentialContainer, Strategy: SequentialStrategy, Items[CREATED]: 3, Conditions: Condition: TimeCondition, Time: 5:43:41h, 
2026-09-07T22:46:52.7906|INFO|MeridianFlipTrigger.cs|ShouldTrigger|296|Meridian Flip - (Side of Pier usage is disabled) There is still time remaining. Max remaining time 01:31:03.0628386, next instruction time 0, next instruction Category: Utilità, Item: Annotation, Text: PLACE YOUR ...FIRST... TARGET SEQUENCE OF THE NIGHT ...BELOW... THIS LINE
2026-09-07T22:46:52.7907|INFO|SequenceItem.cs|Run|208|Starting Category: Utilità, Item: Annotation, Text: PLACE YOUR ...FIRST... TARGET SEQUENCE OF THE NIGHT ...BELOW... THIS LINE
2026-09-07T22:46:52.7908|INFO|SequenceItem.cs|Run|254|Finishing Category: Utilità, Item: Annotation, Text: PLACE YOUR ...FIRST... TARGET SEQUENCE OF THE NIGHT ...BELOW... THIS LINE
2026-09-07T22:46:52.7909|INFO|MeridianFlipTrigger.cs|ShouldTrigger|296|Meridian Flip - (Side of Pier usage is disabled) There is still time remaining. Max remaining time 01:31:03.0628386, next instruction time 0, next instruction Category: Utilità, Item: Annotation, Text: PLACE YOUR ...FIRST... TARGET SEQUENCE OF THE NIGHT ...ABOVE... THIS LINE
2026-09-07T22:46:52.7909|INFO|SequenceItem.cs|Run|208|Starting Category: Utilità, Item: Annotation, Text: PLACE YOUR ...FIRST... TARGET SEQUENCE OF THE NIGHT ...ABOVE... THIS LINE
2026-09-07T22:46:52.7910|INFO|SequenceItem.cs|Run|254|Finishing Category: Utilità, Item: Annotation, Text: PLACE YOUR ...FIRST... TARGET SEQUENCE OF THE NIGHT ...ABOVE... THIS LINE
2026-09-07T22:46:52.7911|INFO|MeridianFlipTrigger.cs|ShouldTrigger|296|Meridian Flip - (Side of Pier usage is disabled) There is still time remaining. Max remaining time 01:31:03.0628386, next instruction time 0, next instruction Category: * Set di Istruzioni *, Container: NINA.Sequencer.Container.DeepSkyObjectContainer, Strategy: SequentialStrategy, Items[CREATED]: 4, Triggers: Trigger: CenterAfterDriftTrigger, DistanceArcMinutes: 3, Target: M 27 RA: 19:59:36; Dec: 22° 43' 16"; Epoch: J2000 0
2026-09-07T22:46:52.7912|INFO|SequenceItem.cs|Run|208|Starting Category: * Set di Istruzioni *, Container: NINA.Sequencer.Container.DeepSkyObjectContainer, Strategy: SequentialStrategy, Items[CREATED]: 4, Triggers: Trigger: CenterAfterDriftTrigger, DistanceArcMinutes: 3, Target: M 27 RA: 19:59:36; Dec: 22° 43' 16"; Epoch: J2000 0
2026-09-07T22:46:52.7915|INFO|MeridianFlipTrigger.cs|ShouldTrigger|296|Meridian Flip - (Side of Pier usage is disabled) There is still time remaining. Max remaining time 01:31:03.0628386, next instruction time 0, next instruction Category: Telescopio, Item: Center, Coordinates RA: 19:59:36; Dec: 22° 43' 16"; Epoch: J2000
2026-09-07T22:46:52.7915|INFO|SequenceItem.cs|Run|208|Starting Category: Telescopio, Item: Center, Coordinates RA: 19:59:36; Dec: 22° 43' 16"; Epoch: J2000
2026-09-07T22:46:53.3323|INFO|PHD2Guider.cs|StopGuiding|704|Phd2 - Stop Guiding skipped, as the app is already in state Stopped
2026-09-07T22:46:53.7156|INFO|TelescopeVM.cs|SlewAsyncInternal|910|Slewing from RA: 22:13:55; Dec: 39° 11' 26"; Epoch: JNOW to RA: 20:00:47; Dec: 22° 47' 51"; Epoch: JNOW - Alt: 68° 37' 08"; Az: 206° 08' 20"
2026-09-07T22:47:06.3679|WARNING|DeviceUpdateTimer.cs|Run|115|Dome value update cycle took longer than the device poll interval (Total: 4.60s > 2s; Poll: 00:00:00.0061821; Update: 00:00:04.5916167)
2026-09-07T22:47:57.9274|INFO|CameraVM.cs|Capture|742|Starting Exposure - Exposure Time: 15s; Filter: L-Pro; Gain: 15; Offset 132; Binning: 1x1;
2026-09-07T22:48:17.2649|WARNING|DeviceUpdateTimer.cs|Run|115|Camera value update cycle took longer than the device poll interval (Total: 3.59s > 2s; Poll: 00:00:03.5568962; Update: 00:00:00.0365152)
2026-09-07T22:48:19.3706|INFO|ImageSolver.cs|Solve|41|Platesolving with parameters: FocalLength: 1260 PixelSize: 4.54 SearchRadius: 30 BlindFailoverEnabled: True Regions: 5000 DownSampleFactor: 2 MaxObjects: 500 Reference Coordinates RA: 19:59:36 Dec: 22° 43' 16" Epoch: J2000
2026-09-07T22:48:20.1631|INFO|BaseImageData.cs|SaveToDisk|346|Saved image to C:\Users\PrimaLuceLab\AppData\Local\NINA\PlateSolver\ybtosskg.azy.fits
2026-09-07T22:48:23.4973|INFO|ImageSolver.cs|Solve|54|Platesolve successful: Coordinates: RA: 19:59:27; Dec: 23° 39' 00"; Epoch: J2000 - Position Angle: 73.22055294855898
2026-09-07T22:48:23.5197|INFO|CenteringSolver.cs|Center|99|Centering Solver - Scope Position: RA: 20:00:47; Dec: 22° 48' 45"; Epoch: JNOW; Offset: RA: 00:00:00; Dec: 00° 00' 00"; Distance: 00° 00' 00"; Bearing: 00° 00' 00"; Centering Coordinates: RA: 20:00:47; Dec: 22° 47' 51"; Epoch: JNOW; Solved: RA: 20:00:37; Dec: 23° 43' 35"; Epoch: JNOW; Separation RA: 00:00:10; Dec: -00° 55' 44"; Distance: 00° 55' 47"; Bearing: 02° 20' 40"; Threshold: 1
2026-09-07T22:48:24.4340|INFO|TelescopeVM.cs|Sync|777|Syncing scope from RA: 20:00:47; Dec: 22° 48' 45"; Epoch: JNOW to RA: 20:00:37; Dec: 23° 43' 35"; Epoch: JNOW
2026-09-07T22:48:29.4357|INFO|CenteringSolver.cs|Center|132|Slewing to target after sync. Current Position: RA: 20:00:37; Dec: 23° 44' 19"; Epoch: JNOW; Target coordinates: RA: 20:00:47; Dec: 22° 47' 51"; Epoch: JNOW; Offset RA: 00:00:00; Dec: 00° 00' 00"; Distance: 00° 00' 00"; Bearing: 00° 00' 00"
2026-09-07T22:48:29.4794|INFO|TelescopeVM.cs|SlewAsyncInternal|910|Slewing from RA: 20:00:37; Dec: 23° 44' 19"; Epoch: JNOW to RA: 20:00:47; Dec: 22° 47' 51"; Epoch: JNOW - Alt: 68° 29' 10"; Az: 207° 05' 02"
2026-09-07T22:48:44.0793|INFO|CameraVM.cs|Capture|742|Starting Exposure - Exposure Time: 15s; Filter: L-Pro; Gain: 15; Offset 132; Binning: 1x1;
2026-09-07T22:49:05.0345|INFO|ImageSolver.cs|Solve|41|Platesolving with parameters: FocalLength: 1260 PixelSize: 4.54 SearchRadius: 30 BlindFailoverEnabled: True Regions: 5000 DownSampleFactor: 2 MaxObjects: 500 Reference Coordinates RA: 19:59:36 Dec: 22° 43' 16" Epoch: J2000
2026-09-07T22:49:05.4363|INFO|BaseImageData.cs|SaveToDisk|346|Saved image to C:\Users\PrimaLuceLab\AppData\Local\NINA\PlateSolver\2jglu1zx.qjd.fits
2026-09-07T22:49:09.1141|INFO|ImageSolver.cs|Solve|54|Platesolve successful: Coordinates: RA: 19:59:37; Dec: 22° 40' 51"; Epoch: J2000 - Position Angle: 73.21672841191076
2026-09-07T22:49:09.1176|INFO|CenteringSolver.cs|Center|99|Centering Solver - Scope Position: RA: 20:00:47; Dec: 22° 48' 45"; Epoch: JNOW; Offset: RA: 00:00:00; Dec: 00° 00' 00"; Distance: 00° 00' 00"; Bearing: 00° 00' 00"; Centering Coordinates: RA: 20:00:47; Dec: 22° 47' 51"; Epoch: JNOW; Solved: RA: 20:00:47; Dec: 22° 45' 26"; Epoch: JNOW; Separation RA: -00:00:00; Dec: 00° 02' 25"; Distance: 00° 02' 25"; Bearing: -177° 19' 30"; Threshold: 1
2026-09-07T22:49:09.5489|INFO|TelescopeVM.cs|Sync|777|Syncing scope from RA: 20:00:47; Dec: 22° 48' 45"; Epoch: JNOW to RA: 20:00:47; Dec: 22° 45' 26"; Epoch: JNOW
2026-09-07T22:49:14.5497|INFO|CenteringSolver.cs|Center|132|Slewing to target after sync. Current Position: RA: 20:00:47; Dec: 22° 46' 09"; Epoch: JNOW; Target coordinates: RA: 20:00:47; Dec: 22° 47' 51"; Epoch: JNOW; Offset RA: 00:00:00; Dec: 00° 00' 00"; Distance: 00° 00' 00"; Bearing: 00° 00' 00"
2026-09-07T22:49:14.5796|INFO|TelescopeVM.cs|SlewAsyncInternal|910|Slewing from RA: 20:00:47; Dec: 22° 46' 09"; Epoch: JNOW to RA: 20:00:47; Dec: 22° 47' 51"; Epoch: JNOW - Alt: 68° 25' 20"; Az: 207° 31' 27"
2026-09-07T22:49:28.9506|INFO|CameraVM.cs|Capture|742|Starting Exposure - Exposure Time: 15s; Filter: L-Pro; Gain: 15; Offset 132; Binning: 1x1;
2026-09-07T22:49:49.4473|INFO|ImageSolver.cs|Solve|41|Platesolving with parameters: FocalLength: 1260 PixelSize: 4.54 SearchRadius: 30 BlindFailoverEnabled: True Regions: 5000 DownSampleFactor: 2 MaxObjects: 500 Reference Coordinates RA: 19:59:36 Dec: 22° 43' 16" Epoch: J2000
2026-09-07T22:49:49.8108|INFO|BaseImageData.cs|SaveToDisk|346|Saved image to C:\Users\PrimaLuceLab\AppData\Local\NINA\PlateSolver\gvgmvymc.hr3.fits
2026-09-07T22:49:53.2230|INFO|ImageSolver.cs|Solve|54|Platesolve successful: Coordinates: RA: 19:59:36; Dec: 22° 43' 14"; Epoch: J2000 - Position Angle: 73.22248604583189
2026-09-07T22:49:53.2250|INFO|CenteringSolver.cs|Center|99|Centering Solver - Scope Position: RA: 20:00:47; Dec: 22° 48' 44"; Epoch: JNOW; Offset: RA: 00:00:00; Dec: 00° 00' 00"; Distance: 00° 00' 00"; Bearing: 00° 00' 00"; Centering Coordinates: RA: 20:00:47; Dec: 22° 47' 51"; Epoch: JNOW; Solved: RA: 20:00:46; Dec: 22° 47' 49"; Epoch: JNOW; Separation RA: 00:00:00; Dec: 00° 00' 02"; Distance: 00° 00' 05"; Bearing: 114° 58' 06"; Threshold: 1
2026-09-07T22:49:53.2251|INFO|SequenceItem.cs|Run|254|Finishing Category: Telescopio, Item: Center, Coordinates RA: 19:59:36; Dec: 22° 43' 16"; Epoch: J2000
2026-09-07T22:49:53.2254|INFO|MeridianFlipTrigger.cs|ShouldTrigger|296|Meridian Flip - (Side of Pier usage is disabled) There is still time remaining. Max remaining time 11:14:52.4957839, next instruction time 0, next instruction Category: Guida, Item: StartGuiding
2026-09-07T22:49:53.2254|INFO|SequenceItem.cs|Run|208|Starting Category: Guida, Item: StartGuiding
2026-09-07T22:49:53.3391|INFO|PHD2Guider.cs|TryStartGuideCommand|641|Phd2 - Requesting to start guiding. Recalibrate: False
2026-09-07T22:51:03.3350|ERROR|PHD2Guider.cs|ProcessEvent|937|PHD2 error:timed-out waiting for guider to settle
2026-09-07T22:51:03.9886|INFO|SequenceItem.cs|Run|254|Finishing Category: Guida, Item: StartGuiding
2026-09-07T22:51:04.0264|INFO|MeridianFlipTrigger.cs|ShouldTrigger|296|Meridian Flip - (Side of Pier usage is disabled) There is still time remaining. Max remaining time 11:13:42.0825731, next instruction time 300, next instruction Category: Utilità, Item: WaitForTimeSpan, Time: 300s
2026-09-07T22:51:04.0265|INFO|SequenceItem.cs|Run|208|Starting Category: Utilità, Item: WaitForTimeSpan, Time: 300s
2026-09-07T22:52:45.1758|WARNING|DeviceUpdateTimer.cs|Run|115|Dome value update cycle took longer than the device poll interval (Total: 2.29s > 2s; Poll: 00:00:01.6079154; Update: 00:00:00.6867973)
2026-09-07T22:54:28.3489|WARNING|DeviceUpdateTimer.cs|Run|115|Mount value update cycle took longer than the device poll interval (Total: 2.00s > 2s; Poll: 00:00:02.0002464; Update: 00:00:00.0002239)
2026-09-07T22:56:09.3403|INFO|SequenceItem.cs|Run|254|Finishing Category: Utilità, Item: WaitForTimeSpan, Time: 300s
2026-09-07T22:56:09.3409|INFO|MeridianFlipTrigger.cs|ShouldTrigger|296|Meridian Flip - (Side of Pier usage is disabled) There is still time remaining. Max remaining time 11:08:35.5150404, next instruction time 600, next instruction Category: Fotocamera, Container: NINA.Sequencer.SequenceItem.Imaging.SmartExposure, Strategy: SequentialStrategy, Items[CREATED]: 2, Conditions: Condition: LoopCondition, Iterations: 0/40, , Triggers: Trigger: DitherAfterExposures, After Exposures: 1
2026-09-07T22:56:09.3410|INFO|SequenceItem.cs|Run|208|Starting Category: Fotocamera, Container: NINA.Sequencer.SequenceItem.Imaging.SmartExposure, Strategy: SequentialStrategy, Items[CREATED]: 2, Conditions: Condition: LoopCondition, Iterations: 0/40, , Triggers: Trigger: DitherAfterExposures, After Exposures: 1
2026-09-07T22:56:09.3412|INFO|MeridianFlipTrigger.cs|ShouldTrigger|296|Meridian Flip - (Side of Pier usage is disabled) There is still time remaining. Max remaining time 11:08:35.5150404, next instruction time 0, next instruction Category: Ruota porta filtri, Item: SwitchFilter, Filter: L-Pro
2026-09-07T22:56:09.3413|INFO|SequenceItem.cs|Run|208|Starting Category: Ruota porta filtri, Item: SwitchFilter, Filter: L-Pro
2026-09-07T22:56:09.4786|INFO|SequenceItem.cs|Run|254|Finishing Category: Ruota porta filtri, Item: SwitchFilter, Filter: L-Pro
2026-09-07T22:56:09.4792|INFO|SequenceTrigger.cs|Run|114|Starting Trigger: DitherAfterExposures, After Exposures: 1
2026-09-07T22:56:09.4811|INFO|SequenceItem.cs|Run|208|Starting Category: * Set di Istruzioni *, Container: NINA.Sequencer.Container.SequentialContainer, Strategy: SequentialStrategy, Items[CREATED]: 1
2026-09-07T22:56:09.4818|INFO|SequenceItem.cs|Run|208|Starting Category: Guida, Item: Dither
2026-09-07T22:56:51.3886|ERROR|PHD2Guider.cs|ProcessEvent|937|PHD2 error:timed-out waiting for guider to settle
2026-09-07T22:56:51.7930|INFO|SequenceItem.cs|Run|254|Finishing Category: Guida, Item: Dither
2026-09-07T22:56:51.7932|INFO|SequenceItem.cs|Run|254|Finishing Category: * Set di Istruzioni *, Container: NINA.Sequencer.Container.SequentialContainer, Strategy: SequentialStrategy, Items[FINISHED]: 1
2026-09-07T22:56:51.7935|INFO|MeridianFlipTrigger.cs|ShouldTrigger|296|Meridian Flip - (Side of Pier usage is disabled) There is still time remaining. Max remaining time 11:07:53.4027541, next instruction time 600, next instruction Category: Fotocamera, Item: TakeExposure, ExposureTime 600, Gain 15, Offset 132, ImageType LIGHT, Binning 1x1
2026-09-07T22:56:51.7936|INFO|SequenceTrigger.cs|Run|114|Starting Trigger: RestoreGuiding
2026-09-07T22:56:51.7937|INFO|SequenceItem.cs|Run|208|Starting Category: * Set di Istruzioni *, Container: NINA.Sequencer.Container.SequentialContainer, Strategy: SequentialStrategy, Items[CREATED]: 1
2026-09-07T22:56:51.7937|INFO|SequenceItem.cs|Run|208|Starting Category: Guida, Item: StartGuiding
2026-09-07T22:56:51.8578|INFO|PHD2Guider.cs|StartGuidingPrivate|504|Phd2 - App is already guiding. Skipping start guiding
2026-09-07T22:56:51.8579|INFO|SequenceItem.cs|Run|254|Finishing Category: Guida, Item: StartGuiding
2026-09-07T22:56:51.8614|INFO|SequenceItem.cs|Run|254|Finishing Category: * Set di Istruzioni *, Container: NINA.Sequencer.Container.SequentialContainer, Strategy: SequentialStrategy, Items[FINISHED]: 1
2026-09-07T22:56:51.8625|INFO|SequenceItem.cs|Run|208|Starting Category: Fotocamera, Item: TakeExposure, ExposureTime 600, Gain 15, Offset 132, ImageType LIGHT, Binning 1x1
2026-09-07T22:56:51.8635|INFO|CameraVM.cs|Capture|742|Starting Exposure - Exposure Time: 600s; Filter: ; Gain: 15; Offset 132; Binning: 1x1;
2026-09-07T22:58:06.2582|WARNING|DeviceUpdateTimer.cs|Run|115|Dome value update cycle took longer than the device poll interval (Total: 3.42s > 2s; Poll: 00:00:00.0910451; Update: 00:00:03.3282883)
2026-09-07T23:03:26.6505|WARNING|DeviceUpdateTimer.cs|Run|115|Dome value update cycle took longer than the device poll interval (Total: 4.14s > 2s; Poll: 00:00:00.0690861; Update: 00:00:04.0754378)
2026-09-07T23:05:58.5097|WARNING|DeviceUpdateTimer.cs|Run|115|Mount value update cycle took longer than the device poll interval (Total: 2.14s > 2s; Poll: 00:00:02.1447430; Update: 00:00:00.0001672)
2026-09-07T23:06:58.0323|WARNING|DeviceUpdateTimer.cs|Run|115|Camera value update cycle took longer than the device poll interval (Total: 11.64s > 2s; Poll: 00:00:11.6374940; Update: 00:00:00.0001527)
2026-09-07T23:06:58.3235|INFO|SequenceItem.cs|Run|254|Finishing Category: Fotocamera, Item: TakeExposure, ExposureTime 600, Gain 15, Offset 132, ImageType LIGHT, Binning 1x1
2026-09-07T23:06:58.3239|INFO|MeridianFlipTrigger.cs|ShouldTrigger|296|Meridian Flip - (Side of Pier usage is disabled) There is still time remaining. Max remaining time 10:57:44.9003205, next instruction time 0, next instruction Category: Ruota porta filtri, Item: SwitchFilter, Filter: L-Pro
2026-09-07T23:06:58.3240|INFO|SequenceItem.cs|Run|208|Starting Category: Ruota porta filtri, Item: SwitchFilter, Filter: L-Pro
2026-09-07T23:06:58.4489|INFO|SequenceItem.cs|Run|254|Finishing Category: Ruota porta filtri, Item: SwitchFilter, Filter: L-Pro
2026-09-07T23:06:58.4493|INFO|SequenceTrigger.cs|Run|114|Starting Trigger: DitherAfterExposures, After Exposures: 1
2026-09-07T23:06:58.4494|INFO|SequenceItem.cs|Run|208|Starting Category: * Set di Istruzioni *, Container: NINA.Sequencer.Container.SequentialContainer, Strategy: SequentialStrategy, Items[CREATED]: 1
2026-09-07T23:06:58.4495|INFO|SequenceItem.cs|Run|208|Starting Category: Guida, Item: Dither
2026-09-07T23:07:02.5980|INFO|HocusFocusStarDetection.cs|Detect|413|Average HFR: 2.3028415577799057, HFR MAD: 0.2139849459371299, Detected Stars 294, Region: 0
2026-09-07T23:07:03.1120|INFO|BaseImageData.cs|SaveToDisk|346|Saved image to D:\Images NINA\Target\LIGHT_1x1_600.00s_15_132_M 27_Celestron C8__-9.96C__0000_2026-09-07_22-56-51_FWHM_3.92_Fok_40024.xisf
2026-09-07T23:07:03.1122|INFO|ImageSaveController.cs|DoWork|97|Successfully saved file at D:\Images NINA\Target\LIGHT_1x1_600.00s_15_132_M 27_Celestron C8__-9.96C__0000_2026-09-07_22-56-51_FWHM_3.92_Fok_40024.xisf. Duration Total: 00:00:04.4448460; BeforeSave: 00:00:00.0001473; BeforeFinalizeImageSaved: 00:00:04.3890246; FinalizeSaveTime: 00:00:00.0556734
2026-09-07T23:07:39.2938|ERROR|PHD2Guider.cs|ProcessEvent|937|PHD2 error:timed-out waiting for guider to settle
2026-09-07T23:07:39.6122|INFO|SequenceItem.cs|Run|254|Finishing Category: Guida, Item: Dither
2026-09-07T23:07:39.6125|INFO|SequenceItem.cs|Run|254|Finishing Category: * Set di Istruzioni *, Container: NINA.Sequencer.Container.SequentialContainer, Strategy: SequentialStrategy, Items[FINISHED]: 1
2026-09-07T23:07:39.6126|INFO|MeridianFlipTrigger.cs|ShouldTrigger|296|Meridian Flip - (Side of Pier usage is disabled) There is still time remaining. Max remaining time 10:57:03.2935070, next instruction time 600, next instruction Category: Fotocamera, Item: TakeExposure, ExposureTime 600, Gain 15, Offset 132, ImageType LIGHT, Binning 1x1
2026-09-07T23:07:39.6127|INFO|SequenceTrigger.cs|Run|114|Starting Trigger: RestoreGuiding
2026-09-07T23:07:39.6128|INFO|SequenceItem.cs|Run|208|Starting Category: * Set di Istruzioni *, Container: NINA.Sequencer.Container.SequentialContainer, Strategy: SequentialStrategy, Items[CREATED]: 1
2026-09-07T23:07:39.6128|INFO|SequenceItem.cs|Run|208|Starting Category: Guida, Item: StartGuiding
2026-09-07T23:07:39.6668|INFO|PHD2Guider.cs|StartGuidingPrivate|504|Phd2 - App is already guiding. Skipping start guiding
2026-09-07T23:07:39.6669|INFO|SequenceItem.cs|Run|254|Finishing Category: Guida, Item: StartGuiding
2026-09-07T23:07:39.6671|INFO|SequenceItem.cs|Run|254|Finishing Category: * Set di Istruzioni *, Container: NINA.Sequencer.Container.SequentialContainer, Strategy: SequentialStrategy, Items[FINISHED]: 1
2026-09-07T23:07:39.6809|INFO|SequenceItem.cs|Run|208|Starting Category: Fotocamera, Item: TakeExposure, ExposureTime 600, Gain 15, Offset 132, ImageType LIGHT, Binning 1x1
2026-09-07T23:07:39.6818|INFO|CameraVM.cs|Capture|742|Starting Exposure - Exposure Time: 600s; Filter: ; Gain: 15; Offset 132; Binning: 1x1;
2026-09-07T23:08:40.7489|WARNING|DeviceUpdateTimer.cs|Run|115|Dome value update cycle took longer than the device poll interval (Total: 2.85s > 2s; Poll: 00:00:01.7377226; Update: 00:00:01.1163410)
2026-09-07T23:14:54.1376|WARNING|DeviceUpdateTimer.cs|Run|115|Dome value update cycle took longer than the device poll interval (Total: 2.01s > 2s; Poll: 00:00:01.2989201; Update: 00:00:00.7116993)
2026-09-07T23:16:36.0147|WARNING|DeviceUpdateTimer.cs|Run|115|Mount value update cycle took longer than the device poll interval (Total: 2.27s > 2s; Poll: 00:00:02.2704021; Update: 00:00:00.0001701)
2026-09-07T23:17:45.9547|WARNING|DeviceUpdateTimer.cs|Run|115|Camera value update cycle took longer than the device poll interval (Total: 8.53s > 2s; Poll: 00:00:08.5303997; Update: 00:00:00.0002143)
2026-09-07T23:17:46.0144|INFO|SequenceItem.cs|Run|254|Finishing Category: Fotocamera, Item: TakeExposure, ExposureTime 600, Gain 15, Offset 132, ImageType LIGHT, Binning 1x1
2026-09-07T23:17:46.0148|INFO|MeridianFlipTrigger.cs|ShouldTrigger|296|Meridian Flip - (Side of Pier usage is disabled) There is still time remaining. Max remaining time 10:46:55.7734562, next instruction time 0, next instruction Category: Ruota porta filtri, Item: SwitchFilter, Filter: L-Pro
2026-09-07T23:17:46.0148|INFO|SequenceItem.cs|Run|208|Starting Category: Ruota porta filtri, Item: SwitchFilter, Filter: L-Pro
2026-09-07T23:17:46.1468|INFO|SequenceItem.cs|Run|254|Finishing Category: Ruota porta filtri, Item: SwitchFilter, Filter: L-Pro
2026-09-07T23:17:46.1810|INFO|SequenceTrigger.cs|Run|114|Starting Trigger: DitherAfterExposures, After Exposures: 1
2026-09-07T23:17:46.1811|INFO|SequenceItem.cs|Run|208|Starting Category: * Set di Istruzioni *, Container: NINA.Sequencer.Container.SequentialContainer, Strategy: SequentialStrategy, Items[CREATED]: 1
2026-09-07T23:17:46.1812|INFO|SequenceItem.cs|Run|208|Starting Category: Guida, Item: Dither
2026-09-07T23:18:01.7948|INFO|HocusFocusStarDetection.cs|Detect|413|Average HFR: 2.4255552149029844, HFR MAD: 0.2813376206816458, Detected Stars 715, Region: 0
2026-09-07T23:18:02.4122|INFO|BaseImageData.cs|SaveToDisk|346|Saved image to D:\Images NINA\Target\LIGHT_1x1_600.00s_15_132_M 27_Celestron C8__-9.96C__0001_2026-09-07_23-07-39_FWHM_4.04_Fok_40024.xisf
2026-09-07T23:18:02.4123|INFO|ImageSaveController.cs|DoWork|97|Successfully saved file at D:\Images NINA\Target\LIGHT_1x1_600.00s_15_132_M 27_Celestron C8__-9.96C__0001_2026-09-07_23-07-39_FWHM_4.04_Fok_40024.xisf. Duration Total: 00:00:15.5836205; BeforeSave: 00:00:00.2363031; BeforeFinalizeImageSaved: 00:00:15.2973163; FinalizeSaveTime: 00:00:00.0500001
2026-09-07T23:18:30.4580|ERROR|PHD2Guider.cs|ProcessEvent|937|PHD2 error:timed-out waiting for guider to settle
2026-09-07T23:18:30.6812|INFO|SequenceItem.cs|Run|254|Finishing Category: Guida, Item: Dither
2026-09-07T23:18:30.6814|INFO|SequenceItem.cs|Run|254|Finishing Category: * Set di Istruzioni *, Container: NINA.Sequencer.Container.SequentialContainer, Strategy: SequentialStrategy, Items[FINISHED]: 1
2026-09-07T23:18:30.6816|INFO|MeridianFlipTrigger.cs|ShouldTrigger|296|Meridian Flip - (Side of Pier usage is disabled) There is still time remaining. Max remaining time 10:46:09.1062651, next instruction time 600, next instruction Category: Fotocamera, Item: TakeExposure, ExposureTime 600, Gain 15, Offset 132, ImageType LIGHT, Binning 1x1
2026-09-07T23:18:30.6816|INFO|SequenceTrigger.cs|Run|114|Starting Trigger: RestoreGuiding
2026-09-07T23:18:30.6817|INFO|SequenceItem.cs|Run|208|Starting Category: * Set di Istruzioni *, Container: NINA.Sequencer.Container.SequentialContainer, Strategy: SequentialStrategy, Items[CREATED]: 1
2026-09-07T23:18:30.6818|INFO|SequenceItem.cs|Run|208|Starting Category: Guida, Item: StartGuiding
2026-09-07T23:18:30.7446|INFO|PHD2Guider.cs|StartGuidingPrivate|504|Phd2 - App is already guiding. Skipping start guiding
2026-09-07T23:18:30.7466|INFO|SequenceItem.cs|Run|254|Finishing Category: Guida, Item: StartGuiding
2026-09-07T23:18:30.7473|INFO|SequenceItem.cs|Run|254|Finishing Category: * Set di Istruzioni *, Container: NINA.Sequencer.Container.SequentialContainer, Strategy: SequentialStrategy, Items[FINISHED]: 1
2026-09-07T23:18:30.7478|INFO|SequenceItem.cs|Run|208|Starting Category: Fotocamera, Item: TakeExposure, ExposureTime 600, Gain 15, Offset 132, ImageType LIGHT, Binning 1x1
2026-09-07T23:18:30.7483|INFO|CameraVM.cs|Capture|742|Starting Exposure - Exposure Time: 600s; Filter: ; Gain: 15; Offset 132; Binning: 1x1;
2026-09-07T23:19:59.0471|WARNING|DeviceUpdateTimer.cs|Run|115|Dome value update cycle took longer than the device poll interval (Total: 5.57s > 2s; Poll: 00:00:00.1312491; Update: 00:00:05.4414112)
2026-09-07T23:28:28.5251|WARNING|DeviceUpdateTimer.cs|Run|115|Dome value update cycle took longer than the device poll interval (Total: 3.47s > 2s; Poll: 00:00:00.0682676; Update: 00:00:03.4023401)
2026-09-07T23:28:37.0812|WARNING|DeviceUpdateTimer.cs|Run|115|Camera value update cycle took longer than the device poll interval (Total: 12.03s > 2s; Poll: 00:00:12.0335710; Update: 00:00:00.0002409)
2026-09-07T23:28:37.1556|INFO|SequenceItem.cs|Run|254|Finishing Category: Fotocamera, Item: TakeExposure, ExposureTime 600, Gain 15, Offset 132, ImageType LIGHT, Binning 1x1
2026-09-07T23:28:37.1560|INFO|MeridianFlipTrigger.cs|ShouldTrigger|296|Meridian Flip - (Side of Pier usage is disabled) There is still time remaining. Max remaining time 10:36:02.0075637, next instruction time 0, next instruction Category: Ruota porta filtri, Item: SwitchFilter, Filter: L-Pro
2026-09-07T23:28:37.1561|INFO|SequenceItem.cs|Run|208|Starting Category: Ruota porta filtri, Item: SwitchFilter, Filter: L-Pro
2026-09-07T23:28:37.3177|INFO|SequenceItem.cs|Run|254|Finishing Category: Ruota porta filtri, Item: SwitchFilter, Filter: L-Pro
2026-09-07T23:28:37.3181|INFO|SequenceTrigger.cs|Run|114|Starting Trigger: DitherAfterExposures, After Exposures: 1
2026-09-07T23:28:37.3182|INFO|SequenceItem.cs|Run|208|Starting Category: * Set di Istruzioni *, Container: NINA.Sequencer.Container.SequentialContainer, Strategy: SequentialStrategy, Items[CREATED]: 1
2026-09-07T23:28:37.3182|INFO|SequenceItem.cs|Run|208|Starting Category: Guida, Item: Dither
2026-09-07T23:28:38.3925|INFO|SequenceItem.cs|Run|254|Finishing Category: Guida, Item: Dither
2026-09-07T23:28:38.3927|INFO|SequenceItem.cs|Run|254|Finishing Category: * Set di Istruzioni *, Container: NINA.Sequencer.Container.SequentialContainer, Strategy: SequentialStrategy, Items[FINISHED]: 1
2026-09-07T23:28:38.3929|INFO|MeridianFlipTrigger.cs|ShouldTrigger|296|Meridian Flip - (Side of Pier usage is disabled) There is still time remaining. Max remaining time 10:36:00.1996159, next instruction time 600, next instruction Category: Fotocamera, Item: TakeExposure, ExposureTime 600, Gain 15, Offset 132, ImageType LIGHT, Binning 1x1
2026-09-07T23:28:38.3929|INFO|SequenceTrigger.cs|Run|114|Starting Trigger: RestoreGuiding
2026-09-07T23:28:38.3930|INFO|SequenceItem.cs|Run|208|Starting Category: * Set di Istruzioni *, Container: NINA.Sequencer.Container.SequentialContainer, Strategy: SequentialStrategy, Items[CREATED]: 1
2026-09-07T23:28:38.3931|INFO|SequenceItem.cs|Run|208|Starting Category: Guida, Item: StartGuiding
2026-09-07T23:28:40.5014|INFO|PHD2Guider.cs|StartGuidingPrivate|509|Phd2 - App has lost guide star and needs to stop before starting guiding again
2026-09-07T23:28:41.4340|INFO|PHD2Guider.cs|TryStartGuideCommand|641|Phd2 - Requesting to start guiding. Recalibrate: False
2026-09-07T23:28:43.6236|INFO|HocusFocusStarDetection.cs|Detect|413|Average HFR: 2.885783470110545, HFR MAD: 1.0052382911147295, Detected Stars 104, Region: 0
2026-09-07T23:28:44.7469|INFO|BaseImageData.cs|SaveToDisk|346|Saved image to D:\Images NINA\Target\LIGHT_1x1_600.00s_15_132_M 27_Celestron C8__-9.91C__0002_2026-09-07_23-18-30_FWHM_2.98_Fok_40024.xisf
2026-09-07T23:28:44.7474|INFO|ImageSaveController.cs|DoWork|97|Successfully saved file at D:\Images NINA\Target\LIGHT_1x1_600.00s_15_132_M 27_Celestron C8__-9.91C__0002_2026-09-07_23-18-30_FWHM_2.98_Fok_40024.xisf. Duration Total: 00:00:06.8458553; BeforeSave: 00:00:00.0004378; BeforeFinalizeImageSaved: 00:00:06.6134592; FinalizeSaveTime: 00:00:00.2319575
2026-09-07T23:30:14.1574|ERROR|PHD2Guider.cs|ProcessEvent|937|PHD2 error:timed-out waiting for guider to settle
2026-09-07T23:30:14.6104|INFO|SequenceItem.cs|Run|254|Finishing Category: Guida, Item: StartGuiding
2026-09-07T23:30:14.6106|INFO|SequenceItem.cs|Run|254|Finishing Category: * Set di Istruzioni *, Container: NINA.Sequencer.Container.SequentialContainer, Strategy: SequentialStrategy, Items[FINISHED]: 1
2026-09-07T23:30:14.6232|INFO|AutofocusAfterHFRIncreaseTrigger.cs|ShouldTrigger|221|Autofocus after HFR change should be triggered, as current HFR trend is 22.87% higher compared to threshold of 5%
2026-09-07T23:30:14.6236|INFO|SequenceTrigger.cs|Run|114|Starting Trigger: AutofocusAfterHFRIncreaseTrigger, Amount: 5
2026-09-07T23:30:14.6708|INFO|SequenceItem.cs|Run|208|Starting Category: * Set di Istruzioni *, Container: NINA.Sequencer.Container.SequentialContainer, Strategy: SequentialStrategy, Items[CREATED]: 1
2026-09-07T23:30:14.6884|INFO|SequenceItem.cs|Run|208|Starting Category: Focheggiatore, Item: RunAutofocus
2026-09-07T23:30:14.9253|INFO|FocuserMediator.cs|BroadcastAutoFocusRunStarting|92|Autofocus starting notification received
2026-09-07T23:30:15.8443|INFO|AutoFocusEngine.cs|RunAutoFocus|929|Starting AutoFocus with initial position 40024
2026-09-07T23:30:15.8457|INFO|CameraVM.cs|Capture|742|Starting Exposure - Exposure Time: 15s; Filter: ; Gain: 15; Offset 132; Binning: 1x1;
2026-09-07T23:30:34.6885|INFO|AutoFocusEngine.cs|StartBlindFocusPoints|769|Waiting on initial HFR analysis
2026-09-07T23:30:34.6889|INFO|FocuserVM.cs|MoveFocuserInternal|216|Moving Focuser to position 40824
2026-09-07T23:30:40.9863|INFO|HocusFocusStarDetection.cs|Detect|413|Average HFR: 2.1555598086949637, HFR MAD: 0.19714644318720342, Detected Stars 600, Region: 0
2026-09-07T23:30:43.1584|INFO|CameraVM.cs|Capture|742|Starting Exposure - Exposure Time: 15s; Filter: ; Gain: 15; Offset 132; Binning: 1x1;
2026-09-07T23:31:01.8581|INFO|FocuserVM.cs|MoveFocuserInternal|216|Moving Focuser to position 40624
2026-09-07T23:31:05.3305|INFO|HocusFocusStarDetection.cs|Detect|413|Average HFR: 2.648904308770877, HFR MAD: 0.34196040093159263, Detected Stars 569, Region: 0
2026-09-07T23:31:08.1712|INFO|CameraVM.cs|Capture|742|Starting Exposure - Exposure Time: 15s; Filter: ; Gain: 15; Offset 132; Binning: 1x1;
2026-09-07T23:31:26.8859|INFO|FocuserVM.cs|MoveFocuserInternal|216|Moving Focuser to position 40424
2026-09-07T23:31:30.6370|INFO|HocusFocusStarDetection.cs|Detect|413|Average HFR: 2.7165337539881893, HFR MAD: 0.35043865711233835, Detected Stars 534, Region: 0
2026-09-07T23:31:34.1357|INFO|CameraVM.cs|Capture|742|Starting Exposure - Exposure Time: 15s; Filter: ; Gain: 15; Offset 132; Binning: 1x1;
2026-09-07T23:31:52.9905|INFO|FocuserVM.cs|MoveFocuserInternal|216|Moving Focuser to position 40224
2026-09-07T23:31:56.3175|INFO|HocusFocusStarDetection.cs|Detect|413|Average HFR: 2.456420516381599, HFR MAD: 0.3153083454766512, Detected Stars 592, Region: 0
2026-09-07T23:31:58.7691|INFO|CameraVM.cs|Capture|742|Starting Exposure - Exposure Time: 15s; Filter: ; Gain: 15; Offset 132; Binning: 1x1;
2026-09-07T23:32:17.5491|INFO|AutoFocusEngine.cs|StartBlindFocusPoints|797|Waiting on initial focuser move analyses
2026-09-07T23:32:21.1421|INFO|HocusFocusStarDetection.cs|Detect|413|Average HFR: 2.2908174942516375, HFR MAD: 0.23849571589122087, Detected Stars 626, Region: 0
2026-09-07T23:32:21.2291|INFO|FocuserVM.cs|MoveFocuserInternal|216|Moving Focuser to position 40024
2026-09-07T23:32:26.5562|INFO|CameraVM.cs|Capture|742|Starting Exposure - Exposure Time: 15s; Filter: ; Gain: 15; Offset 132; Binning: 1x1;
2026-09-07T23:32:45.4103|INFO|AutoFocusEngine.cs|StartBlindFocusPoints|870|Waiting on next left movement analysis
2026-09-07T23:32:48.6671|INFO|HocusFocusStarDetection.cs|Detect|413|Average HFR: 2.7731528397580396, HFR MAD: 0.22996011106612668, Detected Stars 493, Region: 0
2026-09-07T23:32:48.8790|INFO|FocuserVM.cs|MoveFocuserInternal|216|Moving Focuser to position 39824
2026-09-07T23:32:54.9521|INFO|CameraVM.cs|Capture|742|Starting Exposure - Exposure Time: 15s; Filter: ; Gain: 15; Offset 132; Binning: 1x1;
2026-09-07T23:33:13.7974|INFO|AutoFocusEngine.cs|StartBlindFocusPoints|870|Waiting on next left movement analysis
2026-09-07T23:33:17.5436|INFO|HocusFocusStarDetection.cs|Detect|413|Average HFR: 2.0650996249647497, HFR MAD: 0.19512056520824594, Detected Stars 639, Region: 0
2026-09-07T23:33:17.9956|INFO|FocuserVM.cs|MoveFocuserInternal|216|Moving Focuser to position 39624
2026-09-07T23:33:29.6836|INFO|CameraVM.cs|Capture|742|Starting Exposure - Exposure Time: 15s; Filter: ; Gain: 15; Offset 132; Binning: 1x1;
2026-09-07T23:33:48.3658|WARNING|DeviceUpdateTimer.cs|Run|115|Camera value update cycle took longer than the device poll interval (Total: 2.86s > 2s; Poll: 00:00:02.8559674; Update: 00:00:00.0005555)
2026-09-07T23:33:48.4982|INFO|AutoFocusEngine.cs|StartBlindFocusPoints|870|Waiting on next left movement analysis
2026-09-07T23:33:51.7305|WARNING|DeviceUpdateTimer.cs|Run|115|Dome value update cycle took longer than the device poll interval (Total: 3.32s > 2s; Poll: 00:00:00.0279453; Update: 00:00:03.2920144)
2026-09-07T23:33:52.3081|INFO|HocusFocusStarDetection.cs|Detect|413|Average HFR: 2.5805068992563176, HFR MAD: 0.2511853116378209, Detected Stars 559, Region: 0
2026-09-07T23:33:52.8426|INFO|AutoFocusEngine.cs|StartBlindFocusPoints|841|Enough right trend points (4) with an established minimum (39824) to queue remaining left focus points down to 39024
2026-09-07T23:33:52.8432|INFO|FocuserVM.cs|MoveFocuserInternal|216|Moving Focuser to position 39424
2026-09-07T23:33:58.8798|INFO|CameraVM.cs|Capture|742|Starting Exposure - Exposure Time: 15s; Filter: ; Gain: 15; Offset 132; Binning: 1x1;
2026-09-07T23:34:18.5719|INFO|FocuserVM.cs|MoveFocuserInternal|216|Moving Focuser to position 39224
2026-09-07T23:34:22.2113|WARNING|DeviceUpdateTimer.cs|Run|115|Mount value update cycle took longer than the device poll interval (Total: 3.79s > 2s; Poll: 00:00:03.7927440; Update: 00:00:00.0001161)
2026-09-07T23:34:34.4842|INFO|HocusFocusStarDetection.cs|Detect|413|Average HFR: 2.461352213152303, HFR MAD: 0.36640805422836387, Detected Stars 585, Region: 0
2026-09-07T23:34:37.1120|INFO|CameraVM.cs|Capture|742|Starting Exposure - Exposure Time: 15s; Filter: ; Gain: 15; Offset 132; Binning: 1x1;
2026-09-07T23:34:37.3410|INFO|Thumbnail.cs|LoadOriginalImage|40|Reloading image from D:\Images NINA\Target\LIGHT_1x1_600.00s_15_132_M 27_Celestron C8__-9.91C__0002_2026-09-07_23-18-30_FWHM_2.98_Fok_40024.xisf
2026-09-07T23:34:55.8606|INFO|FocuserVM.cs|MoveFocuserInternal|216|Moving Focuser to position 39024
2026-09-07T23:34:59.4582|INFO|HocusFocusStarDetection.cs|Detect|413|Average HFR: 2.8252668548629734, HFR MAD: 0.45856521035140885, Detected Stars 502, Region: 0
2026-09-07T23:35:02.0636|INFO|CameraVM.cs|Capture|742|Starting Exposure - Exposure Time: 15s; Filter: ; Gain: 15; Offset 132; Binning: 1x1;
2026-09-07T23:35:20.7074|INFO|AutoFocusEngine.cs|StartBlindFocusPoints|896|Waiting on remaining AutoFocus analysis tasks
2026-09-07T23:35:21.7280|INFO|Thumbnail.cs|LoadOriginalImage|40|Reloading image from D:\Images NINA\Target\LIGHT_1x1_600.00s_15_132_M 27_Celestron C8__-9.96C__0001_2026-09-07_23-07-39_FWHM_4.04_Fok_40024.xisf
2026-09-07T23:35:22.3886|INFO|HocusFocusStarDetection.cs|Detect|413|Average HFR: 3.303233476247494, HFR MAD: 0.6444774402849376, Detected Stars 396, Region: 0
2026-09-07T23:35:22.4436|ERROR|AutoFocusEngine.cs|ValidateCalculatedFocusPosition|1088|Auto Focus Failed! R² (Coefficient of determination) for Hyperbolic Fitting is below threshold. 0.5 / 0.85; Region: 
2026-09-07T23:35:22.4437|WARNING|AutoFocusEngine.cs|RunAutoFocus|965|Potentially bad auto-focus. Setting focuser back to 40024 and re-attempting.
2026-09-07T23:35:22.4440|INFO|FocuserVM.cs|MoveFocuserInternal|216|Moving Focuser to position 40024
2026-09-07T23:35:33.1652|INFO|AutoFocusEngine.cs|StartBlindFocusPoints|769|Waiting on initial HFR analysis
2026-09-07T23:35:33.1656|INFO|FocuserVM.cs|MoveFocuserInternal|216|Moving Focuser to position 40824
2026-09-07T23:35:42.0307|INFO|CameraVM.cs|Capture|742|Starting Exposure - Exposure Time: 15s; Filter: ; Gain: 15; Offset 132; Binning: 1x1;
2026-09-07T23:35:44.2421|WARNING|AutoFocusEngine.cs|TakeExposure|571|Camera error, trying without subsample
2026-09-07T23:35:44.2422|ERROR|AutoFocusEngine.cs|TakeExposure|572
System.OperationCanceledException: The operation was canceled.
   at System.Threading.CancellationToken.ThrowOperationCanceledException()
   at System.Threading.CancellationToken.ThrowIfCancellationRequested()
   at NINA.WPF.Base.ViewModel.Equipment.Camera.CameraVM.Capture(CaptureSequence sequence, CancellationToken token, IProgress`1 progress) in /_/NINA.WPF.Base/ViewModel/Equipment/Camera/CameraVM.cs:line 785
   at NINA.ViewModel.ImagingVM.<>c__DisplayClass38_0.<<CaptureImage>b__0>d.MoveNext() in /_/NINA/ViewModel/ImagingVM.cs:line 227
--- End of stack trace from previous location ---
   at NINA.Joko.Plugins.HocusFocus.AutoFocus.AutoFocusEngine.TakeExposure(AutoFocusState state, Int32 focuserPosition, CancellationToken token, IProgress`1 progress) in C:\Users\ghili\src\joko.nina.plugins_3.0\Joko.NINA.Plugins\Joko.NINA.Plugins.HocusFocus\AutoFocus\AutoFocusEngine.cs:line 565
2026-09-07T23:35:44.2485|WARNING|AutoFocusEngine.cs|RunImpl|1239|AutoFocus cancelled
2026-09-07T23:35:44.2486|WARNING|AutoFocusEngine.cs|PerformPostAutoFocusActions|1002|AutoFocus did not complete successfully, so restoring the focuser position to 40024
2026-09-07T23:35:44.2489|INFO|FocuserVM.cs|MoveFocuserInternal|216|Moving Focuser to position 40024
2026-09-07T23:35:52.3802|INFO|AutoFocusEngine.cs|PerformPostAutoFocusActions|1022|Re-enabling temperature compensation after AutoFocus
2026-09-07T23:35:52.4458|INFO|PHD2Guider.cs|TryStartGuideCommand|641|Phd2 - Requesting to start guiding. Recalibrate: False
2026-09-07T23:36:52.4702|WARNING|AutoFocusEngine.cs|PerformPostAutoFocusActions|1030|Failed to resume guiding after AutoFocus
2026-09-07T23:36:52.4778|INFO|SequenceItem.cs|Run|208|Starting Category: Fotocamera, Item: TakeExposure, ExposureTime 600, Gain 15, Offset 132, ImageType LIGHT, Binning 1x1
2026-09-07T23:36:52.5429|INFO|Sequencer.cs|Start|85|Sequence run was cancelled
2026-09-07T23:36:52.5912|INFO|Sequence2VM.cs|StartSequence|548|Advanced Sequence finished
2026-09-07T23:37:00.5419|ERROR|PHD2Guider.cs|ProcessEvent|937|PHD2 error:timed-out waiting for guider to settle
2026-09-07T23:38:20.5843|INFO|FlatDeviceVM.cs|CloseCover|341|Closing Flat Device Cover
2026-09-07T23:38:54.7698|INFO|DomeVM.cs|CloseShutter|544|Closing dome shutter. Shutter state before closing ShutterOpen
2026-09-07T23:38:54.8321|INFO|AscomDome.cs|CloseShutter|245|Sending a CloseShutter request, since it is currently ShutterOpen
2026-09-07T23:39:43.0591|INFO|DomeVM.cs|CloseShutter|550|Closed dome shutter. Shutter state after closing ShutterClosed
2026-09-07T23:39:49.9784|INFO|QHYCamera.cs|Disconnect|1057|QHYCCD: Closing camera 695A-M-0037ec709603ca4e3
2026-09-07T23:39:49.9942|INFO|CameraVM.cs|Disconnect|650|Disconnected Camera
2026-09-07T23:39:53.3823|INFO|FilterWheelVM.cs|Disconnect|333|Disconnected Filter Wheel
2026-09-07T23:39:56.3116|INFO|AscomDevice.cs|Disconnect|378|Disconnecting from ASCOM.PegasusAstro.Focuser Pegasus Astro Focus Controller
2026-09-07T23:39:56.4430|INFO|FocuserVM.cs|Disconnect|441|Disconnected Focuser
2026-09-07T23:40:00.7870|INFO|AscomDevice.cs|Disconnect|378|Disconnecting from ASCOM.Optec ASCOM.Telescope CPWI_ASCOM_Telescope
2026-09-07T23:40:00.9469|INFO|TelescopeVM.cs|Disconnect|740|Disconnected mount
2026-09-07T23:40:07.9194|INFO|AscomDevice.cs|Disconnect|378|Disconnecting from ASCOM.WandererCover1.CoverCalibrator WandererEmpire Cover 1
2026-09-07T23:40:07.9878|INFO|FlatDeviceVM.cs|Disconnect|289|Disconnected Flat Device
2026-09-07T23:40:25.1922|WARNING|DeviceUpdateTimer.cs|Run|115|Dome value update cycle took longer than the device poll interval (Total: 2.49s > 2s; Poll: 00:00:00.0734838; Update: 00:00:02.4135099)
2026-09-07T23:40:35.3432|INFO|Sequence2VM.cs|UnlockSequence|144|Sequencer locked
2026-09-07T23:40:46.9501|INFO|AscomDevice.cs|Disconnect|378|Disconnecting from ASCOM.CloudWatcher.ObservingConditions CloudWatcher ObsCond
2026-09-07T23:40:47.0011|INFO|WeatherDataVM.cs|Disconnect|305|Disconnected Weather Device
2026-09-07T23:40:50.4808|INFO|AscomDevice.cs|Disconnect|378|Disconnecting from ASCOM.TS_Shelter.Dome Shelter Dome
2026-09-07T23:40:51.0473|INFO|DomeVM.cs|Disconnect|355|Disconnected Dome Device
2026-09-07T23:40:53.4325|INFO|SafetyMonitorVM.cs|UpdateMonitorValues|95|SafetyMonitorInfo state changed to Unsafe
2026-09-07T23:40:53.4327|INFO|AscomDevice.cs|Disconnect|378|Disconnecting from ASCOM.Hub.SafetyMonitor Short driver name - please customise
2026-09-07T23:40:53.4860|INFO|SafetyMonitorVM.cs|Disconnect|221|Disconnected Safety Monitor
2026-09-07T23:42:00.3457|INFO|ApplicationDeviceConnectionVM.cs|UsbDeviceWatcher_DeviceRemoved|237|USB Device disconnected DeviceId: USB\VID_0403&PID_6015\PA47RVMY, PnpDeviceId: USB\VID_0403&PID_6015\PA47RVMY, Description: USB Serial Converter, Name: USB Serial Converter, Manufacturer: FTDI, Service: FTDIBUS, Status: OK
2026-09-07T23:42:00.3458|INFO|ApplicationDeviceConnectionVM.cs|UsbDeviceWatcher_DeviceRemoved|237|USB Device disconnected DeviceId: USB\VID_0403&PID_6010\7&7EA6B39&0&3, PnpDeviceId: USB\VID_0403&PID_6010\7&7EA6B39&0&3, Description: Dispositivo USB composito, Name: Dispositivo USB composito, Manufacturer: (Controller host USB standard), Service: usbccgp, Status: OK
2026-09-07T23:42:00.3458|INFO|ApplicationDeviceConnectionVM.cs|UsbDeviceWatcher_DeviceRemoved|237|USB Device disconnected DeviceId: USB\VID_0403&PID_6010&MI_01\8&367DB49&0&0001, PnpDeviceId: USB\VID_0403&PID_6010&MI_01\8&367DB49&0&0001, Description: USB Serial Converter B, Name: USB Serial Converter B, Manufacturer: FTDI, Service: FTDIBUS, Status: OK
2026-09-07T23:42:00.3459|INFO|ApplicationDeviceConnectionVM.cs|UsbDeviceWatcher_DeviceRemoved|237|USB Device disconnected DeviceId: USB\VID_0403&PID_6010&MI_00\8&367DB49&0&0000, PnpDeviceId: USB\VID_0403&PID_6010&MI_00\8&367DB49&0&0000, Description: USB Serial Converter A, Name: USB Serial Converter A, Manufacturer: FTDI, Service: FTDIBUS, Status: OK
2026-09-07T23:42:02.2141|INFO|ApplicationDeviceConnectionVM.cs|UsbDeviceWatcher_DeviceRemoved|237|USB Device disconnected DeviceId: USB\VID_1618&PID_0921\7&7EA6B39&0&1, PnpDeviceId: USB\VID_1618&PID_0921\7&7EA6B39&0&1, Description: QHY5II, Name: QHY5II, Manufacturer: QHY CCD, Service: QHY5II_IO, Status: Unknown
2026-09-07T23:42:02.2142|INFO|ApplicationDeviceConnectionVM.cs|UsbDeviceWatcher_DeviceRemoved|237|USB Device disconnected DeviceId: USB\VID_1618&PID_6953\7&7EA6B39&0&4, PnpDeviceId: USB\VID_1618&PID_6953\7&7EA6B39&0&4, Description: QHY695A, Name: QHY695A, Manufacturer: QHY CCD, Service: QHY695A_IO, Status: Unknown
2026-09-07T23:42:03.8857|INFO|ApplicationDeviceConnectionVM.cs|UsbDeviceWatcher_DeviceRemoved|237|USB Device disconnected DeviceId: USB\VID_2109&PID_0813\5&144E4AB&0&12, PnpDeviceId: USB\VID_2109&PID_0813\5&144E4AB&0&12, Description: Hub USB SuperSpeed generico, Name: Hub USB SuperSpeed generico, Manufacturer: (HUB USB standard), Service: USBHUB3, Status: OK
2026-09-07T23:42:03.8858|INFO|ApplicationDeviceConnectionVM.cs|UsbDeviceWatcher_DeviceRemoved|237|USB Device disconnected DeviceId: USB\VID_1A40&PID_0101\6&2EF655E5&0&3, PnpDeviceId: USB\VID_1A40&PID_0101\6&2EF655E5&0&3, Description: Hub USB generico, Name: Hub USB generico, Manufacturer: (HUB USB standard), Service: USBHUB3, Status: OK
2026-09-07T23:42:03.8858|INFO|ApplicationDeviceConnectionVM.cs|UsbDeviceWatcher_DeviceRemoved|237|USB Device disconnected DeviceId: USB\VID_0547&PID_1433\6&1727222E&0&3, PnpDeviceId: USB\VID_0547&PID_1433\6&1727222E&0&3, Description: Dispositivo WinUSB, Name: USB3.0 Camera, Manufacturer: Dispositivo WinUSB, Service: WINUSB, Status: Unknown
2026-09-07T23:42:03.8859|INFO|ApplicationDeviceConnectionVM.cs|UsbDeviceWatcher_DeviceRemoved|237|USB Device disconnected DeviceId: USB\VID_2109&PID_2813\5&144E4AB&0&3, PnpDeviceId: USB\VID_2109&PID_2813\5&144E4AB&0&3, Description: Hub USB generico, Name: Hub USB generico, Manufacturer: (HUB USB standard), Service: USBHUB3, Status: Unknown
2026-09-07T23:42:03.8859|INFO|ApplicationDeviceConnectionVM.cs|UsbDeviceWatcher_DeviceRemoved|237|USB Device disconnected DeviceId: USB\VID_0403&PID_6015\PPBA671NR5, PnpDeviceId: USB\VID_0403&PID_6015\PPBA671NR5, Description: USB Serial Converter, Name: USB Serial Converter, Manufacturer: FTDI, Service: FTDIBUS, Status: Unknown
2026-09-07T23:42:03.8859|INFO|ApplicationDeviceConnectionVM.cs|UsbDeviceWatcher_DeviceRemoved|237|USB Device disconnected DeviceId: USB\VID_0547&PID_BF10\7&7EF1AA&0&3, PnpDeviceId: USB\VID_0547&PID_BF10\7&7EF1AA&0&3, Description: Dispositivo WinUSB, Name: FILTERWHEEL  , Manufacturer: Dispositivo WinUSB, Service: WINUSB, Status: Unknown
2026-09-07T23:42:03.8860|INFO|ApplicationDeviceConnectionVM.cs|UsbDeviceWatcher_DeviceRemoved|237|USB Device disconnected DeviceId: USB\VID_1A40&PID_0201\6&2CA8C582&0&2, PnpDeviceId: USB\VID_1A40&PID_0201\6&2CA8C582&0&2, Description: Hub USB generico, Name: Hub USB generico, Manufacturer: (HUB USB standard), Service: USBHUB3, Status: Unknown
2026-09-07T23:42:03.8860|INFO|ApplicationDeviceConnectionVM.cs|UsbDeviceWatcher_DeviceRemoved|237|USB Device disconnected DeviceId: USB\VID_0424&PID_2412\6&2EF655E5&0&2, PnpDeviceId: USB\VID_0424&PID_2412\6&2EF655E5&0&2, Description: Hub USB generico, Name: Hub USB generico, Manufacturer: (HUB USB standard), Service: USBHUB3, Status: Unknown
2026-09-07T23:42:03.8860|INFO|ApplicationDeviceConnectionVM.cs|UsbDeviceWatcher_DeviceRemoved|237|USB Device disconnected DeviceId: USB\VID_1A86&PID_7523\7&38C2A16F&0&2, PnpDeviceId: USB\VID_1A86&PID_7523\7&38C2A16F&0&2, Description: USB-SERIAL CH340, Name: USB-SERIAL CH340 (COM44), Manufacturer: wch.cn, Service: CH341SER_A64, Status: Unknown
2026-09-07T23:42:03.8860|INFO|ApplicationDeviceConnectionVM.cs|UsbDeviceWatcher_DeviceRemoved|237|USB Device disconnected DeviceId: USB\VID_03C3&PID_120C\6&2EF655E5&0&4, PnpDeviceId: USB\VID_03C3&PID_120C\6&2EF655E5&0&4, Description: ZWO ASI120MM Mini Camera, Name: ZWO ASI120MM Mini Camera, Manufacturer: ZWO, Service: ASICAMUSB3, Status: Unknown
2026-09-07T23:42:03.8861|INFO|ApplicationDeviceConnectionVM.cs|UsbDeviceWatcher_DeviceRemoved|237|USB Device disconnected DeviceId: USB\VID_10C4&PID_EA60\28EAB5B658A6E9118D4DD6A44458CD37, PnpDeviceId: USB\VID_10C4&PID_EA60\28EAB5B658A6E9118D4DD6A44458CD37, Description: Silicon Labs CP210x USB to UART Bridge, Name: Silicon Labs CP210x USB to UART Bridge (COM16), Manufacturer: Silicon Labs, Service: silabser, Status: Unknown
2026-09-07T23:42:07.3666|INFO|ApplicationDeviceConnectionVM.cs|UsbDeviceWatcher_DeviceRemoved|237|USB Device disconnected DeviceId: USB\VID_0424&PID_2807\5&144E4AB&0&4, PnpDeviceId: USB\VID_0424&PID_2807\5&144E4AB&0&4, Description: Hub USB generico, Name: Hub USB generico, Manufacturer: (HUB USB standard), Service: USBHUB3, Status: OK
2026-09-07T23:42:07.3667|INFO|ApplicationDeviceConnectionVM.cs|UsbDeviceWatcher_DeviceRemoved|237|USB Device disconnected DeviceId: USB\VID_0403&PID_6015\UCH4OV5CO, PnpDeviceId: USB\VID_0403&PID_6015\UCH4OV5CO, Description: USB Serial Converter, Name: USB Serial Converter, Manufacturer: FTDI, Service: FTDIBUS, Status: Unknown
2026-09-07T23:42:07.3667|INFO|ApplicationDeviceConnectionVM.cs|UsbDeviceWatcher_DeviceRemoved|237|USB Device disconnected DeviceId: USB\VID_1A86&PID_7523\6&2CA8C582&0&4, PnpDeviceId: USB\VID_1A86&PID_7523\6&2CA8C582&0&4, Description: USB-SERIAL CH340, Name: USB-SERIAL CH340 (COM34), Manufacturer: wch.cn, Service: CH341SER_A64, Status: Unknown
2026-09-07T23:42:07.3668|INFO|ApplicationDeviceConnectionVM.cs|UsbDeviceWatcher_DeviceRemoved|237|USB Device disconnected DeviceId: USB\VID_0424&PID_5807\5&144E4AB&0&13, PnpDeviceId: USB\VID_0424&PID_5807\5&144E4AB&0&13, Description: Hub USB SuperSpeed generico, Name: Hub USB SuperSpeed generico, Manufacturer: (HUB USB standard), Service: USBHUB3, Status: Unknown
2026-09-07T23:42:28.5804|INFO|ApplicationDeviceConnectionVM.cs|UsbDeviceWatcher_DeviceInserted|232|New USB device detected DeviceId: USB\VID_0424&PID_2807\5&144E4AB&0&4, PnpDeviceId: USB\VID_0424&PID_2807\5&144E4AB&0&4, Description: Hub USB generico, Name: Hub USB generico, Manufacturer: (HUB USB standard), Service: USBHUB3, Status: OK
2026-09-07T23:42:28.5805|INFO|ApplicationDeviceConnectionVM.cs|UsbDeviceWatcher_DeviceInserted|232|New USB device detected DeviceId: USB\VID_0424&PID_5807\5&144E4AB&0&13, PnpDeviceId: USB\VID_0424&PID_5807\5&144E4AB&0&13, Description: Hub USB SuperSpeed generico, Name: Hub USB SuperSpeed generico, Manufacturer: (HUB USB standard), Service: USBHUB3, Status: OK
2026-09-07T23:42:36.7728|INFO|ApplicationDeviceConnectionVM.cs|UsbDeviceWatcher_DeviceInserted|232|New USB device detected DeviceId: USB\VID_1618&PID_6953\7&7EA6B39&0&4, PnpDeviceId: USB\VID_1618&PID_6953\7&7EA6B39&0&4, Description: QHY695A, Name: QHY695A, Manufacturer: QHY CCD, Service: QHY695A_IO, Status: OK
2026-09-07T23:42:59.3526|INFO|ApplicationVM.cs|Exit|244|Shutting down application - requested by user
2026-09-07T23:42:59.4289|INFO|ApplicationVM.cs|Closing|289|Application shutting down
2026-09-07T23:43:01.9303|INFO|DomeVM.cs|Disconnect|355|Disconnected Dome Device
2026-09-07T23:43:01.9333|INFO|FlatDeviceVM.cs|Disconnect|289|Disconnected Flat Device
2026-09-07T23:43:01.9445|INFO|CameraVM.cs|Disconnect|650|Disconnected Camera
2026-09-07T23:43:01.9451|INFO|TelescopeVM.cs|Disconnect|740|Disconnected mount
2026-09-07T23:43:01.9470|INFO|FilterWheelVM.cs|Disconnect|333|Disconnected Filter Wheel
2026-09-07T23:43:01.9477|INFO|FocuserVM.cs|Disconnect|441|Disconnected Focuser
2026-09-07T23:43:01.9521|INFO|RotatorVM.cs|Disconnect|447|Disconnected Rotator
2026-09-07T23:43:01.9562|INFO|SwitchVM.cs|Disconnect|309|Disconnected Switch
2026-09-07T23:43:01.9608|INFO|WeatherDataVM.cs|Disconnect|305|Disconnected Weather Device
2026-09-07T23:43:01.9625|INFO|SafetyMonitorVM.cs|Disconnect|221|Disconnected Safety Monitor
