----------------------------------------------------------------------
--------------N.I.N.A. - Nighttime Imaging 'N' Astronomy--------------
--------------------------Version 3.2.0.9001--------------------------
-------------------------2026-09-19T12:48:43--------------------------
----------------------------------------------------------------------
---------------------Microsoft Windows 10.0.17763---------------------
-------------------------OS Architecture X64--------------------------
-----------------------Process Architecture X64-----------------------
-----------------------------.NET 8.0.21------------------------------
----------------------------------------------------------------------
--------------------------Processor Count 2---------------------------
--------------------Total Physical Memory 11.68 GB--------------------
----------------------------------------------------------------------
DATE|LEVEL|SOURCE|MEMBER|LINE|MESSAGE
2026-09-19T12:48:43.7971|INFO|CameraChooserVM.cs|GetEquipment|69|Found 1 ASI Cameras
2026-09-19T12:48:45.0838|INFO|CameraChooserVM.cs|GetEquipment|84|Found 1 Altair Cameras
2026-09-19T12:48:45.4753|INFO|CameraChooserVM.cs|GetEquipment|96|Found 0 Atik Cameras
2026-09-19T12:48:45.6045|INFO|CameraChooserVM.cs|GetEquipment|110|Found 0 FLI Cameras
2026-09-19T12:48:46.9708|INFO|CameraChooserVM.cs|GetEquipment|130|Found 2 QHYCCD Cameras
2026-09-19T12:48:49.3119|INFO|CameraChooserVM.cs|GetEquipment|158|Found 2 ToupTek Cameras
2026-09-19T12:48:49.5449|INFO|CameraChooserVM.cs|GetEquipment|173|Found 1 Ogma Cameras
2026-09-19T12:48:49.8838|INFO|CameraChooserVM.cs|GetEquipment|188|Found 2 Omegon Cameras
2026-09-19T12:48:49.8973|INFO|PluginLoader.cs|LoadPlugin|402|Successfully loaded plugin Connector version 2.1.0.2 by Stefan Berg @isbeorn
2026-09-19T12:48:50.6580|INFO|CameraChooserVM.cs|GetEquipment|203|Found 2 RisingCam Cameras
2026-09-19T12:48:51.0103|INFO|CameraChooserVM.cs|GetEquipment|218|Found 1 MallinCam Cameras
2026-09-19T12:48:51.2180|INFO|CameraChooserVM.cs|GetEquipment|243|Found 1 SVBony Cameras
2026-09-19T12:48:51.2216|INFO|CameraChooserVM.cs|GetEquipment|259|Found 0 SBIG Cameras
2026-09-19T12:48:51.6875|INFO|PluginLoader.cs|LoadPlugin|402|Successfully loaded plugin Digital StarGate Observatory Telemetry Exporter version 0.3.1.0 by Digital StarGate
2026-09-19T12:48:59.3611|INFO|PluginLoader.cs|LoadPlugin|402|Successfully loaded plugin Hocus Focus version 3.0.0.25 by George Hilios (jokogeo)
2026-09-19T12:49:00.4793|INFO|PluginLoader.cs|LoadPlugin|402|Successfully loaded plugin Remote Copy version 3.0.1.0 by Tom Palmer @tcpalmer
2026-09-19T12:49:30.5203|INFO|PluginLoader.cs|LoadPlugin|402|Successfully loaded plugin RTSP Client version 3.1.0.6 by Stefan Berg @isbeorn
2026-09-19T12:49:30.7882|INFO|PluginLoader.cs|LoadPlugin|402|Successfully loaded plugin Three Point Polar Alignment version 2.2.4.3 by Stefan Berg @isbeorn
2026-09-19T12:49:30.9823|INFO|PluginLoader.cs|LoadPlugin|402|Successfully loaded plugin WandererAstro Tools version 3.0.0.0 by WandererAstro
2026-09-19T12:49:34.6507|INFO|PluginFetcher.cs|RequestAll|43|Fetching plugin manifests from https://nighttime-imaging.eu/wp-json/nina/v1/plugins/manifests
2026-09-19T12:49:36.1179|INFO|ApplicationVM.cs|CheckASCOMPlatformVersion|81|ASCOM Platform 7.1.3.4851 installed
2026-09-19T12:49:37.7486|INFO|CameraChooserVM.cs|GetEquipment|279|Found 0 SVBony Cameras
2026-09-19T12:49:37.8394|INFO|CameraChooserVM.cs|GetEquipment|279|Found 0 PlayerOne Cameras
2026-09-19T12:49:37.9021|INFO|CameraChooserVM.cs|GetEquipment|279|Found 0 ASTPAN Cameras
2026-09-19T12:49:37.9065|INFO|CameraChooserVM.cs|GetEquipment|293|Found 13 ASCOM Cameras
2026-09-19T12:49:38.0798|INFO|ApplicationVM.cs|CheckDiskInfo|100|Available Space on Drive C:\: 54.2 GB
2026-09-19T12:49:38.0801|INFO|ApplicationVM.cs|CheckDiskInfo|100|Available Space on Drive D:\: 318.25 GB
2026-09-19T12:49:38.1757|INFO|SafetyMonitorChooserVM.cs|GetEquipment|71|Found 0 Alpaca Safety Monitors
2026-09-19T12:49:38.8879|INFO|FilterWheelChooserVM.cs|GetEquipment|193|Found 0 Alpaca Filter Wheels
2026-09-19T12:49:38.9065|INFO|RotatorChooserVM.cs|GetEquipment|68|Found 0 Alpaca Rotators
2026-09-19T12:49:38.9177|INFO|SwitchChooserVM.cs|GetEquipment|71|Found 0 Alpaca Switch Hubs
2026-09-19T12:49:39.8691|INFO|FocuserChooserVM.cs|GetEquipment|84|Found 0 Alpaca Focusers
2026-09-19T12:49:39.8780|INFO|FlatDeviceChooserVM.cs|GetEquipment|67|Found 0 Alpaca Cover Calibrators
2026-09-19T12:49:39.9115|INFO|CameraChooserVM.cs|GetEquipment|305|Found 0 Alpaca Cameras
2026-09-19T12:49:39.9253|INFO|CameraChooserVM.cs|GetEquipment|318|Found 0 Canon Cameras
2026-09-19T12:49:39.9664|INFO|DomeChooserVM.cs|GetEquipment|67|Found 0 Alpaca Domes
2026-09-19T12:49:39.9976|INFO|WeatherDataChooserVM.cs|GetEquipment|69|Found 0 Alpaca Observing Conditions
2026-09-19T12:49:40.0046|INFO|TelescopeChooserVM.cs|GetEquipment|69|Found 0 Alpaca Telescopes
2026-09-19T12:49:45.3903|INFO|CameraVM.cs|Disconnect|650|Disconnected Camera
2026-09-19T12:49:45.3971|INFO|QHYCamera.cs|ConnectSync|766|QHYCCD: Connecting to 695A-M-0037ec709603ca4e3
2026-09-19T12:49:49.2214|INFO|FilterWheelVM.cs|Disconnect|333|Disconnected Filter Wheel
2026-09-19T12:49:49.5481|INFO|FilterWheelVM.cs|ChooseFW|279|Successfully connected Filter Wheel. Id: 695A-M-0037ec709603ca4e3 Name: 695A-M 8-Slot Filter Wheel DisplayName: 695A-M 8-Slot Filter Wheel Driver Version: 1.0
2026-09-19T12:49:51.9913|INFO|FocuserVM.cs|Disconnect|441|Disconnected Focuser
2026-09-19T12:49:54.9470|INFO|FocuserVM.cs|ChooseFocuser|333|Successfully connected Focuser. Id: ASCOM.PegasusAstro.Focuser Name: Pegasus Astro Focus Controller DisplayName: Pegasus Astro Focus Controller (ASCOM) Driver Version: 2.20
2026-09-19T12:50:00.2633|ERROR|HttpGetRequest.cs|Request|62|https://nighttime-imaging.eu/wp-json/nina/v1/plugins/manifests System.Net.Http.HttpRequestException: An error occurred while sending the request.
 ---> System.IO.IOException: Unable to read data from the transport connection: Connessione in corso interrotta forzatamente dall'host remoto..
 ---> System.Net.Sockets.SocketException (10054): Connessione in corso interrotta forzatamente dall'host remoto.
   --- End of inner exception stack trace ---
   at System.Net.Sockets.Socket.AwaitableSocketAsyncEventArgs.ThrowException(SocketError error, CancellationToken cancellationToken)
   at System.Net.Sockets.Socket.AwaitableSocketAsyncEventArgs.System.Threading.Tasks.Sources.IValueTaskSource<System.Int32>.GetResult(Int16 token)
   at System.Net.Security.SslStream.EnsureFullTlsFrameAsync[TIOAdapter](CancellationToken cancellationToken, Int32 estimatedSize)
   at System.Runtime.CompilerServices.PoolingAsyncValueTaskMethodBuilder`1.StateMachineBox`1.System.Threading.Tasks.Sources.IValueTaskSource<TResult>.GetResult(Int16 token)
   at System.Net.Security.SslStream.ReadAsyncInternal[TIOAdapter](Memory`1 buffer, CancellationToken cancellationToken)
   at System.Runtime.CompilerServices.PoolingAsyncValueTaskMethodBuilder`1.StateMachineBox`1.System.Threading.Tasks.Sources.IValueTaskSource<TResult>.GetResult(Int16 token)
   at System.Net.Http.HttpConnection.InitialFillAsync(Boolean async)
   at System.Net.Http.HttpConnection.SendAsync(HttpRequestMessage request, Boolean async, CancellationToken cancellationToken)
   --- End of inner exception stack trace ---
   at System.Net.Http.HttpConnection.SendAsync(HttpRequestMessage request, Boolean async, CancellationToken cancellationToken)
   at System.Net.Http.HttpConnectionPool.SendWithVersionDetectionAndRetryAsync(HttpRequestMessage request, Boolean async, Boolean doRequestAuth, CancellationToken cancellationToken)
   at System.Net.Http.RedirectHandler.SendAsync(HttpRequestMessage request, Boolean async, CancellationToken cancellationToken)
   at System.Net.Http.HttpClient.<SendAsync>g__Core|83_0(HttpRequestMessage request, HttpCompletionOption completionOption, CancellationTokenSource cts, Boolean disposeCts, CancellationTokenSource pendingRequestsCts, CancellationToken originalCancellationToken)
   at NINA.Core.Utility.Http.HttpGetRequest.Request(CancellationToken ct, IProgress`1 progress) in /_/NINA.Core/Utility/Http/HttpGetRequest.cs:line 54
2026-09-19T12:50:00.2661|ERROR|PluginFetcher.cs|RequestAll|59
System.Net.Http.HttpRequestException: An error occurred while sending the request.
 ---> System.IO.IOException: Unable to read data from the transport connection: Connessione in corso interrotta forzatamente dall'host remoto..
 ---> System.Net.Sockets.SocketException (10054): Connessione in corso interrotta forzatamente dall'host remoto.
   --- End of inner exception stack trace ---
   at System.Net.Sockets.Socket.AwaitableSocketAsyncEventArgs.ThrowException(SocketError error, CancellationToken cancellationToken)
   at System.Net.Sockets.Socket.AwaitableSocketAsyncEventArgs.System.Threading.Tasks.Sources.IValueTaskSource<System.Int32>.GetResult(Int16 token)
   at System.Net.Security.SslStream.EnsureFullTlsFrameAsync[TIOAdapter](CancellationToken cancellationToken, Int32 estimatedSize)
   at System.Runtime.CompilerServices.PoolingAsyncValueTaskMethodBuilder`1.StateMachineBox`1.System.Threading.Tasks.Sources.IValueTaskSource<TResult>.GetResult(Int16 token)
   at System.Net.Security.SslStream.ReadAsyncInternal[TIOAdapter](Memory`1 buffer, CancellationToken cancellationToken)
   at System.Runtime.CompilerServices.PoolingAsyncValueTaskMethodBuilder`1.StateMachineBox`1.System.Threading.Tasks.Sources.IValueTaskSource<TResult>.GetResult(Int16 token)
   at System.Net.Http.HttpConnection.InitialFillAsync(Boolean async)
   at System.Net.Http.HttpConnection.SendAsync(HttpRequestMessage request, Boolean async, CancellationToken cancellationToken)
   --- End of inner exception stack trace ---
   at System.Net.Http.HttpConnection.SendAsync(HttpRequestMessage request, Boolean async, CancellationToken cancellationToken)
   at System.Net.Http.HttpConnectionPool.SendWithVersionDetectionAndRetryAsync(HttpRequestMessage request, Boolean async, Boolean doRequestAuth, CancellationToken cancellationToken)
   at System.Net.Http.RedirectHandler.SendAsync(HttpRequestMessage request, Boolean async, CancellationToken cancellationToken)
   at System.Net.Http.HttpClient.<SendAsync>g__Core|83_0(HttpRequestMessage request, HttpCompletionOption completionOption, CancellationTokenSource cts, Boolean disposeCts, CancellationTokenSource pendingRequestsCts, CancellationToken originalCancellationToken)
   at NINA.Core.Utility.Http.HttpGetRequest.Request(CancellationToken ct, IProgress`1 progress) in /_/NINA.Core/Utility/Http/HttpGetRequest.cs:line 54
   at NINA.Plugin.PluginFetcher.<>c__DisplayClass2_0.<<RequestAll>b__0>d.MoveNext() in /_/NINA.Plugin/PluginFetcher.cs:line 44
2026-09-19T12:50:00.2851|ERROR|PluginsVM.cs|FetchPlugins|257|Failed to fetch plugins from nighttime-imaging.eu
System.Net.Http.HttpRequestException: An error occurred while sending the request.
 ---> System.IO.IOException: Unable to read data from the transport connection: Connessione in corso interrotta forzatamente dall'host remoto..
 ---> System.Net.Sockets.SocketException (10054): Connessione in corso interrotta forzatamente dall'host remoto.
   --- End of inner exception stack trace ---
   at System.Net.Sockets.Socket.AwaitableSocketAsyncEventArgs.ThrowException(SocketError error, CancellationToken cancellationToken)
   at System.Net.Sockets.Socket.AwaitableSocketAsyncEventArgs.System.Threading.Tasks.Sources.IValueTaskSource<System.Int32>.GetResult(Int16 token)
   at System.Net.Security.SslStream.EnsureFullTlsFrameAsync[TIOAdapter](CancellationToken cancellationToken, Int32 estimatedSize)
   at System.Runtime.CompilerServices.PoolingAsyncValueTaskMethodBuilder`1.StateMachineBox`1.System.Threading.Tasks.Sources.IValueTaskSource<TResult>.GetResult(Int16 token)
   at System.Net.Security.SslStream.ReadAsyncInternal[TIOAdapter](Memory`1 buffer, CancellationToken cancellationToken)
   at System.Runtime.CompilerServices.PoolingAsyncValueTaskMethodBuilder`1.StateMachineBox`1.System.Threading.Tasks.Sources.IValueTaskSource<TResult>.GetResult(Int16 token)
   at System.Net.Http.HttpConnection.InitialFillAsync(Boolean async)
   at System.Net.Http.HttpConnection.SendAsync(HttpRequestMessage request, Boolean async, CancellationToken cancellationToken)
   --- End of inner exception stack trace ---
   at System.Net.Http.HttpConnection.SendAsync(HttpRequestMessage request, Boolean async, CancellationToken cancellationToken)
   at System.Net.Http.HttpConnectionPool.SendWithVersionDetectionAndRetryAsync(HttpRequestMessage request, Boolean async, Boolean doRequestAuth, CancellationToken cancellationToken)
   at System.Net.Http.RedirectHandler.SendAsync(HttpRequestMessage request, Boolean async, CancellationToken cancellationToken)
   at System.Net.Http.HttpClient.<SendAsync>g__Core|83_0(HttpRequestMessage request, HttpCompletionOption completionOption, CancellationTokenSource cts, Boolean disposeCts, CancellationTokenSource pendingRequestsCts, CancellationToken originalCancellationToken)
   at NINA.Core.Utility.Http.HttpGetRequest.Request(CancellationToken ct, IProgress`1 progress) in /_/NINA.Core/Utility/Http/HttpGetRequest.cs:line 54
   at NINA.Plugin.PluginFetcher.<>c__DisplayClass2_0.<<RequestAll>b__0>d.MoveNext() in /_/NINA.Plugin/PluginFetcher.cs:line 44
--- End of stack trace from previous location ---
   at NINA.Plugin.PluginFetcher.RequestAll(IPluginVersion minimumApplicationVersion, IProgress`1 progress, CancellationToken ct) in /_/NINA.Plugin/PluginFetcher.cs:line 38
   at NINA.ViewModel.Plugins.PluginsVM.FetchPlugins() in /_/NINA/ViewModel/Plugins/PluginsVM.cs:line 254
2026-09-19T12:50:00.5845|INFO|ApplicationDeviceConnectionVM.cs|UsbDeviceWatcher_DeviceInserted|232|New USB device detected DeviceId: USB\VID_15A2&PID_A50F\_CGX_V1, PnpDeviceId: USB\VID_15A2&PID_A50F\_CGX_V1, Description: Dispositivo seriale USB, Name: USB Serial Device (COM15), Manufacturer: Microsoft, Service: usbser, Status: OK
2026-09-19T12:50:59.4929|INFO|TelescopeVM.cs|Disconnect|740|Disconnected mount
2026-09-19T12:51:04.4641|INFO|AscomTelescope.cs|CheckMountTime|845|Mount UTC Time: 2026-09-19 10:51:04Z / System UTC Time: 2026-09-19 10:51:04Z; Difference: 0.008 seconds
2026-09-19T12:51:04.5416|INFO|AscomTelescope.cs|CheckMountTime|865|Mount driver does not allow the mount's time to be set.
2026-09-19T12:51:04.5718|INFO|AscomDevice.cs|GetProperty|527|Property Telescope.SiteElevation GET is not implemented in this driver (CPWI_ASCOM_Telescope)
2026-09-19T12:51:05.0677|INFO|TelescopeVM.cs|ChooseTelescope|535|Successfully connected mount. Id: ASCOM.Optec ASCOM.Telescope Name: CPWI_ASCOM_Telescope DisplayName: CPWI_ASCOM_Telescope (ASCOM) Driver Version: 2.5.9.99  with DLL Assembly Date: July_1_2020
2026-09-19T12:51:05.7246|INFO|FlatDeviceVM.cs|Disconnect|289|Disconnected Flat Device
2026-09-19T12:51:10.8036|INFO|QHYCamera.cs|ConnectSync|1020|QHYCCD: SDK version: 25-4-23-15
2026-09-19T12:51:10.8039|INFO|QHYCamera.cs|ConnectSync|1021|QHYCCD: USB driver version: 
2026-09-19T12:51:10.8040|INFO|QHYCamera.cs|ConnectSync|1022|QHYCCD: Camera firmware version: 18-10-24
2026-09-19T12:51:10.8041|INFO|QHYCamera.cs|ConnectSync|1023|QHYCCD: Camera FPGA versions: N/A
2026-09-19T12:51:10.8993|INFO|CameraVM.cs|ChooseCamera|455|Successfully connected Camera. Id: 695A-M-0037ec709603ca4e3 Name: 695A-M DisplayName: 695A-M (603ca4e3)Driver Version: 
2026-09-19T12:52:03.6845|INFO|FlatDeviceVM.cs|Connect|241|Successfully connected flat device. Id: ASCOM.WandererCover1.CoverCalibrator Name: WandererEmpire Cover 1 DisplayName: WandererEmpire Cover 1 (ASCOM) Driver Version: 2.0
2026-09-19T12:52:07.6829|INFO|WeatherDataVM.cs|Disconnect|305|Disconnected Weather Device
2026-09-19T12:52:09.9122|INFO|AscomDevice.cs|GetProperty|527|Property ObservingConditions.SkyBrightness GET is not implemented in this driver (CloudWatcher ObsCond)
2026-09-19T12:52:09.9234|INFO|AscomDevice.cs|GetProperty|527|Property ObservingConditions.SkyQuality GET is not implemented in this driver (CloudWatcher ObsCond)
2026-09-19T12:52:09.9376|INFO|AscomDevice.cs|GetProperty|527|Property ObservingConditions.StarFWHM GET is not implemented in this driver (CloudWatcher ObsCond)
2026-09-19T12:52:09.9522|INFO|AscomDevice.cs|GetProperty|527|Property ObservingConditions.WindDirection GET is not implemented in this driver (CloudWatcher ObsCond)
2026-09-19T12:52:09.9640|INFO|WeatherDataVM.cs|ChooseWeatherData|150|Successfully connected Weather Device. Id: ASCOM.CloudWatcher.ObservingConditions Name: CloudWatcher ObsCond DisplayName: CloudWatcher ObsCond (ASCOM) Driver Version: 1.1
2026-09-19T12:52:10.9206|INFO|DomeVM.cs|Disconnect|355|Disconnected Dome Device
2026-09-19T12:52:11.0817|INFO|AscomDevice.cs|GetProperty|527|Property Dome.AtPark GET is not implemented in this driver (Shelter Dome)
2026-09-19T12:52:11.1001|INFO|AscomDevice.cs|GetProperty|527|Property Dome.AtHome GET is not implemented in this driver (Shelter Dome)
2026-09-19T12:52:11.1205|INFO|AscomDevice.cs|GetProperty|527|Property Dome.Azimuth GET is not implemented in this driver (Shelter Dome)
2026-09-19T12:52:11.3440|INFO|DomeVM.cs|ChooseDome|198|Successfully connected Dome. Id: ASCOM.TS_Shelter.Dome Name: Shelter Dome DisplayName: Shelter Dome (ASCOM) Driver Version: 6.6
2026-09-19T12:52:13.3619|INFO|AscomDevice.cs|GetProperty|527|Property Dome.Altitude GET is not implemented in this driver (Shelter Dome)
2026-09-19T12:52:16.0291|INFO|SafetyMonitorVM.cs|Disconnect|221|Disconnected Safety Monitor
2026-09-19T12:52:17.1024|INFO|SafetyMonitorVM.cs|Connect|175|Successfully connected Safety Monitor. Id: ASCOM.Hub.SafetyMonitor Name: Short driver name - please customise DisplayName: Short driver name - please customise (ASCOM) Driver Version: 6.4
2026-09-19T12:53:13.3063|INFO|DockManagerVM.cs|InitializeAvalonDockLayout|366|Initializing imaging tab layout from C:\Users\PrimaLuceLab\AppData\Local\NINA\Profiles\21c45d14-58c2-4ca1-9053-4e23fb6d7dc4.dock.config
2026-09-19T14:00:42.4686|WARNING|DeviceUpdateTimer.cs|Run|115|Dome value update cycle took longer than the device poll interval (Total: 3.12s > 2s; Poll: 00:00:00.0027915; Update: 00:00:03.1157972)
2026-09-19T14:09:00.4939|WARNING|DeviceUpdateTimer.cs|Run|115|Dome value update cycle took longer than the device poll interval (Total: 3.15s > 2s; Poll: 00:00:00.0029799; Update: 00:00:03.1463297)
2026-09-19T15:55:18.4627|WARNING|DeviceUpdateTimer.cs|Run|115|Dome value update cycle took longer than the device poll interval (Total: 3.12s > 2s; Poll: 00:00:00.0029155; Update: 00:00:03.1149111)
2026-09-19T17:49:40.5047|WARNING|DeviceUpdateTimer.cs|Run|115|Dome value update cycle took longer than the device poll interval (Total: 5.12s > 2s; Poll: 00:00:00.0029244; Update: 00:00:05.1133033)
2026-09-19T17:49:44.2677|ERROR|AscomDevice.cs|GetProperty|546|An unexpected exception occurred during GET of Telescope.GuideRateDeclination: 
ASCOM.DriverException: Riferimento a un oggetto non impostato su un'istanza di oggetto.
 ---> System.NullReferenceException: Riferimento a un oggetto non impostato su un'istanza di oggetto.
   --- End of inner exception stack trace ---
   at ASCOM.Com.DriverAccess.DynamicAccess.CheckDotNetExceptions(String memberName, Exception e) in J:\ASCOMLibrary\ASCOM.Com\ASCOM.Com.DriverAccess\BaseClass\DynamicAccess.cs:line 278
   at ASCOM.Com.DriverAccess.DynamicAccess.TryGetMember(GetMemberBinder binder, Object& result) in J:\ASCOMLibrary\ASCOM.Com\ASCOM.Com.DriverAccess\BaseClass\DynamicAccess.cs:line 150
   at CallSite.Target(Closure, CallSite, Object)
   at ASCOM.Com.DriverAccess.Telescope.get_GuideRateDeclination() in J:\ASCOMLibrary\ASCOM.Com\ASCOM.Com.DriverAccess\Telescope.cs:line 294
   at InvokeStub_Telescope.get_GuideRateDeclination(Object, Object, IntPtr*)
   at System.Reflection.MethodBaseInvoker.InvokeWithNoArgs(Object obj, BindingFlags invokeAttr)
2026-09-19T17:49:44.4827|INFO|AscomDevice.cs|GetProperty|485|Retrying to GET Telescope.GuideRateDeclination - Attempt 2 / 3
2026-09-19T17:49:44.5191|WARNING|DeviceUpdateTimer.cs|Run|115|Focuser value update cycle took longer than the device poll interval (Total: 2.93s > 2s; Poll: 00:00:02.9273409; Update: 00:00:00.0000565)
2026-09-19T17:49:44.5855|WARNING|DeviceUpdateTimer.cs|Run|115|Mount value update cycle took longer than the device poll interval (Total: 6.49s > 2s; Poll: 00:00:06.4940487; Update: 00:00:00.0001097)
2026-09-19T17:56:52.7466|WARNING|DeviceUpdateTimer.cs|Run|115|Dome value update cycle took longer than the device poll interval (Total: 2.51s > 2s; Poll: 00:00:00.0899926; Update: 00:00:02.4154515)
2026-09-19T17:56:53.4690|WARNING|DeviceUpdateTimer.cs|Run|115|Mount value update cycle took longer than the device poll interval (Total: 4.50s > 2s; Poll: 00:00:04.4963198; Update: 00:00:00.0001108)
2026-09-19T18:06:20.4898|WARNING|DeviceUpdateTimer.cs|Run|115|Focuser value update cycle took longer than the device poll interval (Total: 2.51s > 2s; Poll: 00:00:02.5103737; Update: 00:00:00.0000690)
2026-09-19T18:06:22.5084|WARNING|DeviceUpdateTimer.cs|Run|115|Mount value update cycle took longer than the device poll interval (Total: 4.82s > 2s; Poll: 00:00:04.8154075; Update: 00:00:00.0001017)
2026-09-19T18:06:22.7864|WARNING|DeviceUpdateTimer.cs|Run|115|Dome value update cycle took longer than the device poll interval (Total: 3.88s > 2s; Poll: 00:00:00.9762900; Update: 00:00:02.9004815)
2026-09-19T18:06:46.2751|INFO|AscomDevice.cs|Disconnect|378|Disconnecting from ASCOM.Hub.SafetyMonitor Short driver name - please customise
2026-09-19T18:06:46.6514|INFO|SafetyMonitorVM.cs|Disconnect|221|Disconnected Safety Monitor
2026-09-19T18:07:01.2494|INFO|DomeVM.cs|OpenShutter|448|Opening dome shutter. Shutter state before opening ShutterClosed
2026-09-19T18:07:01.2824|INFO|AscomDome.cs|OpenShutter|206|Sending an OpenShutter request, since it is currently ShutterClosed
2026-09-19T18:07:45.7724|INFO|DomeVM.cs|OpenShutter|454|Opened dome shutter. Shutter state after opening ShutterOpen
2026-09-19T18:07:54.2016|INFO|FlatDeviceVM.cs|OpenCover|312|Opening Flat Device Cover
2026-09-19T18:14:27.9892|INFO|FlatDeviceVM.cs|CloseCover|341|Closing Flat Device Cover
2026-09-19T18:15:10.2994|INFO|FlatDeviceVM.cs|OpenCover|312|Opening Flat Device Cover
2026-09-19T18:16:03.7928|INFO|FlatDeviceVM.cs|CloseCover|341|Closing Flat Device Cover
2026-09-19T18:41:23.6402|WARNING|DeviceUpdateTimer.cs|Run|115|Mount value update cycle took longer than the device poll interval (Total: 3.45s > 2s; Poll: 00:00:03.4545490; Update: 00:00:00.0001094)
2026-09-19T18:41:25.8768|WARNING|DeviceUpdateTimer.cs|Run|115|Dome value update cycle took longer than the device poll interval (Total: 5.83s > 2s; Poll: 00:00:00.0169920; Update: 00:00:05.8107063)
2026-09-19T18:46:36.5074|ERROR|AscomDevice.cs|GetProperty|546|An unexpected exception occurred during GET of Telescope.SideOfPier: 
ASCOM.DriverException: Riferimento a un oggetto non impostato su un'istanza di oggetto.
 ---> System.NullReferenceException: Riferimento a un oggetto non impostato su un'istanza di oggetto.
   --- End of inner exception stack trace ---
   at ASCOM.Com.DriverAccess.DynamicAccess.CheckDotNetExceptions(String memberName, Exception e) in J:\ASCOMLibrary\ASCOM.Com\ASCOM.Com.DriverAccess\BaseClass\DynamicAccess.cs:line 278
   at ASCOM.Com.DriverAccess.DynamicAccess.TryGetMember(GetMemberBinder binder, Object& result) in J:\ASCOMLibrary\ASCOM.Com\ASCOM.Com.DriverAccess\BaseClass\DynamicAccess.cs:line 150
   at CallSite.Target(Closure, CallSite, Object)
   at ASCOM.Com.DriverAccess.Telescope.get_SideOfPier() in J:\ASCOMLibrary\ASCOM.Com\ASCOM.Com.DriverAccess\Telescope.cs:line 339
   at InvokeStub_Telescope.get_SideOfPier(Object, Object, IntPtr*)
   at System.Reflection.MethodBaseInvoker.InvokeWithNoArgs(Object obj, BindingFlags invokeAttr)
2026-09-19T18:46:36.8672|INFO|AscomDevice.cs|GetProperty|485|Retrying to GET Telescope.SideOfPier - Attempt 2 / 3
2026-09-19T18:46:37.5714|WARNING|DeviceUpdateTimer.cs|Run|115|Dome value update cycle took longer than the device poll interval (Total: 3.59s > 2s; Poll: 00:00:00.0322736; Update: 00:00:03.5613440)
2026-09-19T18:46:37.9200|WARNING|DeviceUpdateTimer.cs|Run|115|Mount value update cycle took longer than the device poll interval (Total: 3.93s > 2s; Poll: 00:00:03.9323552; Update: 00:00:00.0001136)
2026-09-19T18:50:04.7533|INFO|FlatDeviceVM.cs|OpenCover|312|Opening Flat Device Cover
2026-09-19T19:42:40.8122|WARNING|DeviceUpdateTimer.cs|Run|115|Dome value update cycle took longer than the device poll interval (Total: 3.15s > 2s; Poll: 00:00:00.0026581; Update: 00:00:03.1432330)
2026-09-19T20:09:34.3910|WARNING|DeviceUpdateTimer.cs|Run|115|Dome value update cycle took longer than the device poll interval (Total: 2.18s > 2s; Poll: 00:00:00.0044357; Update: 00:00:02.1771747)
2026-09-19T20:09:38.3762|WARNING|DeviceUpdateTimer.cs|Run|115|Mount value update cycle took longer than the device poll interval (Total: 4.46s > 2s; Poll: 00:00:04.4592650; Update: 00:00:00.0000889)
2026-09-19T20:14:44.5648|WARNING|DeviceUpdateTimer.cs|Run|115|Dome value update cycle took longer than the device poll interval (Total: 4.65s > 2s; Poll: 00:00:00.0124948; Update: 00:00:04.6366270)
2026-09-19T20:14:46.2147|WARNING|DeviceUpdateTimer.cs|Run|115|Mount value update cycle took longer than the device poll interval (Total: 6.44s > 2s; Poll: 00:00:06.4410938; Update: 00:00:00.0001531)
2026-09-19T20:15:10.9417|ERROR|AscomDevice.cs|GetProperty|546|An unexpected exception occurred during GET of Telescope.Slewing: 
ASCOM.DriverException: Riferimento a un oggetto non impostato su un'istanza di oggetto.
 ---> System.NullReferenceException: Riferimento a un oggetto non impostato su un'istanza di oggetto.
   --- End of inner exception stack trace ---
   at ASCOM.Com.DriverAccess.DynamicAccess.CheckDotNetExceptions(String memberName, Exception e) in J:\ASCOMLibrary\ASCOM.Com\ASCOM.Com.DriverAccess\BaseClass\DynamicAccess.cs:line 278
   at ASCOM.Com.DriverAccess.DynamicAccess.TryGetMember(GetMemberBinder binder, Object& result) in J:\ASCOMLibrary\ASCOM.Com\ASCOM.Com.DriverAccess\BaseClass\DynamicAccess.cs:line 150
   at CallSite.Target(Closure, CallSite, Object)
   at ASCOM.Com.DriverAccess.Telescope.get_Slewing() in J:\ASCOMLibrary\ASCOM.Com\ASCOM.Com.DriverAccess\Telescope.cs:line 413
   at InvokeStub_Telescope.get_Slewing(Object, Object, IntPtr*)
   at System.Reflection.MethodBaseInvoker.InvokeWithNoArgs(Object obj, BindingFlags invokeAttr)
2026-09-19T20:15:11.3174|INFO|AscomDevice.cs|GetProperty|485|Retrying to GET Telescope.Slewing - Attempt 2 / 3
2026-09-19T20:20:43.6823|INFO|FocuserMediator.cs|BroadcastAutoFocusRunStarting|92|Autofocus starting notification received
2026-09-19T20:20:43.7024|INFO|AutoFocusEngine.cs|RunAutoFocus|929|Starting AutoFocus with initial position 40686
2026-09-19T20:20:43.9065|INFO|CameraVM.cs|Capture|742|Starting Exposure - Exposure Time: 6s; Filter: L-Pro; Gain: 15; Offset 132; Binning: 2x2;
2026-09-19T20:20:51.2785|INFO|AutoFocusEngine.cs|StartBlindFocusPoints|769|Waiting on initial HFR analysis
2026-09-19T20:20:51.2946|INFO|FocuserVM.cs|MoveFocuserInternal|216|Moving Focuser to position 41486
2026-09-19T20:20:52.6746|INFO|HocusFocusStarDetection.cs|Detect|413|Average HFR: 1.7872461401296476, HFR MAD: 0.148358167339399, Detected Stars 38, Region: 0
2026-09-19T20:20:59.8953|INFO|CameraVM.cs|Capture|742|Starting Exposure - Exposure Time: 6s; Filter: L-Pro; Gain: 15; Offset 132; Binning: 2x2;
2026-09-19T20:21:07.1939|INFO|FocuserVM.cs|MoveFocuserInternal|216|Moving Focuser to position 41286
2026-09-19T20:21:07.7178|INFO|HocusFocusStarDetection.cs|Detect|413|Average HFR: 2.658879155804267, HFR MAD: 0.20182085217249535, Detected Stars 35, Region: 0
2026-09-19T20:21:12.4520|INFO|CameraVM.cs|Capture|742|Starting Exposure - Exposure Time: 6s; Filter: L-Pro; Gain: 15; Offset 132; Binning: 2x2;
2026-09-19T20:21:19.7610|INFO|FocuserVM.cs|MoveFocuserInternal|216|Moving Focuser to position 41086
2026-09-19T20:21:20.2590|INFO|HocusFocusStarDetection.cs|Detect|413|Average HFR: 2.616698065351385, HFR MAD: 0.158210399201395, Detected Stars 39, Region: 0
2026-09-19T20:21:25.9060|INFO|CameraVM.cs|Capture|742|Starting Exposure - Exposure Time: 6s; Filter: L-Pro; Gain: 15; Offset 132; Binning: 2x2;
2026-09-19T20:21:33.2007|INFO|FocuserVM.cs|MoveFocuserInternal|216|Moving Focuser to position 40886
2026-09-19T20:21:33.6887|INFO|HocusFocusStarDetection.cs|Detect|413|Average HFR: 2.6014530722802784, HFR MAD: 0.22146406266846252, Detected Stars 35, Region: 0
2026-09-19T20:21:38.7790|INFO|CameraVM.cs|Capture|742|Starting Exposure - Exposure Time: 6s; Filter: L-Pro; Gain: 15; Offset 132; Binning: 2x2;
2026-09-19T20:21:46.0949|INFO|AutoFocusEngine.cs|StartBlindFocusPoints|797|Waiting on initial focuser move analyses
2026-09-19T20:21:46.6486|INFO|HocusFocusStarDetection.cs|Detect|413|Average HFR: 2.481208101687311, HFR MAD: 0.2384713816882309, Detected Stars 37, Region: 0
2026-09-19T20:21:46.8861|INFO|FocuserVM.cs|MoveFocuserInternal|216|Moving Focuser to position 40686
2026-09-19T20:21:52.1030|INFO|CameraVM.cs|Capture|742|Starting Exposure - Exposure Time: 6s; Filter: L-Pro; Gain: 15; Offset 132; Binning: 2x2;
2026-09-19T20:21:59.4030|INFO|AutoFocusEngine.cs|StartBlindFocusPoints|870|Waiting on next left movement analysis
2026-09-19T20:21:59.9308|INFO|HocusFocusStarDetection.cs|Detect|413|Average HFR: 2.2011207254860423, HFR MAD: 0.1892220588097948, Detected Stars 45, Region: 0
2026-09-19T20:21:59.9754|INFO|FocuserVM.cs|MoveFocuserInternal|216|Moving Focuser to position 40486
2026-09-19T20:22:05.9125|INFO|CameraVM.cs|Capture|742|Starting Exposure - Exposure Time: 6s; Filter: L-Pro; Gain: 15; Offset 132; Binning: 2x2;
2026-09-19T20:22:13.2048|INFO|AutoFocusEngine.cs|StartBlindFocusPoints|870|Waiting on next left movement analysis
2026-09-19T20:22:13.6991|INFO|HocusFocusStarDetection.cs|Detect|413|Average HFR: 1.8330625614726896, HFR MAD: 0.18174634090451214, Detected Stars 42, Region: 0
2026-09-19T20:22:13.7501|INFO|FocuserVM.cs|MoveFocuserInternal|216|Moving Focuser to position 40286
2026-09-19T20:22:19.8983|INFO|CameraVM.cs|Capture|742|Starting Exposure - Exposure Time: 6s; Filter: L-Pro; Gain: 15; Offset 132; Binning: 2x2;
2026-09-19T20:22:27.2006|INFO|AutoFocusEngine.cs|StartBlindFocusPoints|870|Waiting on next left movement analysis
2026-09-19T20:22:27.7951|INFO|HocusFocusStarDetection.cs|Detect|413|Average HFR: 1.6575095256636279, HFR MAD: 0.11883056418680171, Detected Stars 35, Region: 0
2026-09-19T20:22:27.8256|INFO|FocuserVM.cs|MoveFocuserInternal|216|Moving Focuser to position 40086
2026-09-19T20:22:33.8715|INFO|CameraVM.cs|Capture|742|Starting Exposure - Exposure Time: 6s; Filter: L-Pro; Gain: 15; Offset 132; Binning: 2x2;
2026-09-19T20:22:41.1667|INFO|AutoFocusEngine.cs|StartBlindFocusPoints|870|Waiting on next left movement analysis
2026-09-19T20:22:41.6471|INFO|HocusFocusStarDetection.cs|Detect|413|Average HFR: 1.5894715046818797, HFR MAD: 0.057606955472067956, Detected Stars 18, Region: 0
2026-09-19T20:22:41.6875|INFO|FocuserVM.cs|MoveFocuserInternal|216|Moving Focuser to position 39886
2026-09-19T20:22:43.8598|WARNING|DeviceUpdateTimer.cs|Run|115|Dome value update cycle took longer than the device poll interval (Total: 2.02s > 2s; Poll: 00:00:00.0521219; Update: 00:00:01.9648654)
2026-09-19T20:22:47.8921|INFO|CameraVM.cs|Capture|742|Starting Exposure - Exposure Time: 6s; Filter: L-Pro; Gain: 15; Offset 132; Binning: 2x2;
2026-09-19T20:22:55.1945|INFO|AutoFocusEngine.cs|StartBlindFocusPoints|870|Waiting on next left movement analysis
2026-09-19T20:22:55.7203|INFO|HocusFocusStarDetection.cs|Detect|413|Average HFR: 1.6439670449261103, HFR MAD: 0.05052606616329958, Detected Stars 10, Region: 0
2026-09-19T20:22:55.7579|INFO|FocuserVM.cs|MoveFocuserInternal|216|Moving Focuser to position 39686
2026-09-19T20:23:01.9135|INFO|CameraVM.cs|Capture|742|Starting Exposure - Exposure Time: 6s; Filter: L-Pro; Gain: 15; Offset 132; Binning: 2x2;
2026-09-19T20:23:09.2079|INFO|AutoFocusEngine.cs|StartBlindFocusPoints|870|Waiting on next left movement analysis
2026-09-19T20:23:09.7109|INFO|HocusFocusStarDetection.cs|Detect|413|Average HFR: 1.5440982943544743, HFR MAD: 0.0063192117362966815, Detected Stars 9, Region: 0
2026-09-19T20:23:09.7377|INFO|FocuserVM.cs|MoveFocuserInternal|216|Moving Focuser to position 39486
2026-09-19T20:23:16.0153|INFO|CameraVM.cs|Capture|742|Starting Exposure - Exposure Time: 6s; Filter: L-Pro; Gain: 15; Offset 132; Binning: 2x2;
2026-09-19T20:23:23.3087|INFO|AutoFocusEngine.cs|StartBlindFocusPoints|870|Waiting on next left movement analysis
2026-09-19T20:23:23.9753|INFO|HocusFocusStarDetection.cs|Detect|413|Average HFR: 1.5482907949627287, HFR MAD: 0.03138333342499933, Detected Stars 18, Region: 0
2026-09-19T20:23:24.0548|INFO|FocuserVM.cs|MoveFocuserInternal|216|Moving Focuser to position 39286
2026-09-19T20:23:29.8955|INFO|CameraVM.cs|Capture|742|Starting Exposure - Exposure Time: 6s; Filter: L-Pro; Gain: 15; Offset 132; Binning: 2x2;
2026-09-19T20:23:37.1877|INFO|AutoFocusEngine.cs|StartBlindFocusPoints|870|Waiting on next left movement analysis
2026-09-19T20:23:37.7292|INFO|HocusFocusStarDetection.cs|Detect|413|Average HFR: 1.5839861805235995, HFR MAD: 0.04841205967762319, Detected Stars 36, Region: 0
2026-09-19T20:23:37.8037|INFO|FocuserVM.cs|MoveFocuserInternal|216|Moving Focuser to position 39086
2026-09-19T20:23:43.9074|INFO|CameraVM.cs|Capture|742|Starting Exposure - Exposure Time: 6s; Filter: L-Pro; Gain: 15; Offset 132; Binning: 2x2;
2026-09-19T20:23:51.2064|INFO|AutoFocusEngine.cs|StartBlindFocusPoints|870|Waiting on next left movement analysis
2026-09-19T20:23:51.7013|INFO|HocusFocusStarDetection.cs|Detect|413|Average HFR: 1.770701753158628, HFR MAD: 0.06845574007644162, Detected Stars 43, Region: 0
2026-09-19T20:23:51.7461|INFO|AutoFocusEngine.cs|StartBlindFocusPoints|841|Enough right trend points (7) with an established minimum (39686) to queue remaining left focus points down to 38886
2026-09-19T20:23:51.7466|INFO|FocuserVM.cs|MoveFocuserInternal|216|Moving Focuser to position 38886
2026-09-19T20:23:57.9486|INFO|CameraVM.cs|Capture|742|Starting Exposure - Exposure Time: 6s; Filter: L-Pro; Gain: 15; Offset 132; Binning: 2x2;
2026-09-19T20:24:05.2393|INFO|AutoFocusEngine.cs|StartBlindFocusPoints|896|Waiting on remaining AutoFocus analysis tasks
2026-09-19T20:24:05.7255|INFO|HocusFocusStarDetection.cs|Detect|413|Average HFR: 1.9377783104543163, HFR MAD: 0.10618560412184896, Detected Stars 42, Region: 0
2026-09-19T20:24:05.7682|INFO|FocuserVM.cs|MoveFocuserInternal|216|Moving Focuser to position 39563
2026-09-19T20:24:13.9417|INFO|AutoFocusEngine.cs|ValidateCalculatedFocusPosition|1141|Validating HFR at final focus position 39563
2026-09-19T20:24:14.0608|INFO|CameraVM.cs|Capture|742|Starting Exposure - Exposure Time: 6s; Filter: L-Pro; Gain: 15; Offset 132; Binning: 2x2;
2026-09-19T20:24:21.8423|INFO|HocusFocusStarDetection.cs|Detect|413|Average HFR: 1.8629988324559734, HFR MAD: 0.10672052016719569, Detected Stars 45, Region: 0
2026-09-19T20:24:21.8488|INFO|HocusFocusVM.cs|AutoFocusEngine_Completed|473|AutoFocus completed with focuser starting at 40686 and ending at 39563
2026-09-19T20:24:22.0159|INFO|FocuserMediator.cs|BroadcastSuccessfulAutoFocusRun|46|Autofocus notification received - Temperature 22
2026-09-19T20:24:22.1542|INFO|AutoFocusEngine.cs|PerformPostAutoFocusActions|1022|Re-enabling temperature compensation after AutoFocus
2026-09-19T20:30:19.8862|WARNING|DeviceUpdateTimer.cs|Run|115|Mount value update cycle took longer than the device poll interval (Total: 2.14s > 2s; Poll: 00:00:02.1356661; Update: 00:00:00.0001802)
2026-09-19T20:34:02.8360|WARNING|DeviceUpdateTimer.cs|Run|115|Dome value update cycle took longer than the device poll interval (Total: 3.16s > 2s; Poll: 00:00:00.0031535; Update: 00:00:03.1560457)
2026-09-19T20:36:17.5965|INFO|FlatDeviceVM.cs|CloseCover|341|Closing Flat Device Cover
2026-09-19T20:38:25.4391|INFO|DomeVM.cs|CloseShutter|544|Closing dome shutter. Shutter state before closing ShutterOpen
2026-09-19T20:38:25.4434|INFO|AscomDome.cs|CloseShutter|245|Sending a CloseShutter request, since it is currently ShutterOpen
2026-09-19T20:39:12.1316|INFO|DomeVM.cs|CloseShutter|550|Closed dome shutter. Shutter state after closing ShutterClosed
2026-09-19T20:39:16.1031|INFO|SafetyMonitorVM.cs|Disconnect|221|Disconnected Safety Monitor
2026-09-19T20:39:17.5289|INFO|SafetyMonitorVM.cs|Connect|175|Successfully connected Safety Monitor. Id: ASCOM.Hub.SafetyMonitor Name: Short driver name - please customise DisplayName: Short driver name - please customise (ASCOM) Driver Version: 6.4
2026-09-19T21:15:04.8199|WARNING|DeviceUpdateTimer.cs|Run|115|Dome value update cycle took longer than the device poll interval (Total: 3.14s > 2s; Poll: 00:00:00.0081748; Update: 00:00:03.1347410)
2026-09-19T22:19:44.9813|WARNING|DeviceUpdateTimer.cs|Run|115|Dome value update cycle took longer than the device poll interval (Total: 3.30s > 2s; Poll: 00:00:00.0029738; Update: 00:00:03.2978234)
2026-09-19T22:40:40.8301|WARNING|DeviceUpdateTimer.cs|Run|115|Dome value update cycle took longer than the device poll interval (Total: 3.16s > 2s; Poll: 00:00:00.0028332; Update: 00:00:03.1526324)
2026-09-19T22:44:24.0781|WARNING|DeviceUpdateTimer.cs|Run|115|Mount value update cycle took longer than the device poll interval (Total: 2.37s > 2s; Poll: 00:00:02.3726549; Update: 00:00:00.0001001)
2026-09-19T22:44:39.2364|INFO|CameraVM.cs|CoolCamera|138|Cooling Camera. Target: -10 Duration: 00:05:00
2026-09-19T22:45:16.7589|INFO|PHD2Guider.cs|Connect|205|Connecting to PHD2 server at 127.0.0.1:4400
2026-09-19T22:45:21.6864|INFO|Sequence2VM.cs|LockSequence|139|Sequencer unlocked
2026-09-19T22:45:39.5098|INFO|DomeVM.cs|OpenShutter|448|Opening dome shutter. Shutter state before opening ShutterClosed
2026-09-19T22:45:39.5117|INFO|AscomDome.cs|OpenShutter|206|Sending an OpenShutter request, since it is currently ShutterClosed
2026-09-19T22:46:22.4792|INFO|FlatDeviceVM.cs|OpenCover|312|Opening Flat Device Cover
2026-09-19T22:46:25.9068|INFO|DomeVM.cs|OpenShutter|454|Opened dome shutter. Shutter state after opening ShutterOpen
2026-09-19T22:50:50.0219|WARNING|DeviceUpdateTimer.cs|Run|115|Dome value update cycle took longer than the device poll interval (Total: 2.34s > 2s; Poll: 00:00:00.0032744; Update: 00:00:02.3416257)
2026-09-19T22:58:51.0797|ERROR|PHD2Guider.cs|RunListener|1166
System.Exception: Connessione al Server PHD2 persa!
   at NINA.Equipment.Equipment.MyGuider.PHD2.PHD2Guider.RunListener() in /_/NINA.Equipment/Equipment/MyGuider/PHD2/PHD2Guider.cs:line 1138
2026-09-19T22:59:08.5835|INFO|PHD2Guider.cs|Connect|205|Connecting to PHD2 server at 127.0.0.1:4400
2026-09-19T23:01:53.4630|INFO|Sequence2VM.cs|UnlockSequence|144|Sequencer locked
2026-09-19T23:02:39.4774|INFO|Sequence2VM.cs|LockSequence|139|Sequencer unlocked
2026-09-19T23:03:30.3364|INFO|AscomDevice.cs|Disconnect|378|Disconnecting from ASCOM.Optec ASCOM.Telescope CPWI_ASCOM_Telescope
2026-09-19T23:03:30.4591|INFO|TelescopeVM.cs|Disconnect|740|Disconnected mount
2026-09-19T23:05:02.5494|INFO|TelescopeVM.cs|Disconnect|740|Disconnected mount
2026-09-19T23:05:02.7379|INFO|AscomTelescope.cs|CheckMountTime|845|Mount UTC Time: 2026-09-19 21:05:02Z / System UTC Time: 2026-09-19 21:05:02Z; Difference: 0.001 seconds
2026-09-19T23:05:02.7890|INFO|AscomTelescope.cs|CheckMountTime|865|Mount driver does not allow the mount's time to be set.
2026-09-19T23:05:02.8204|INFO|AscomDevice.cs|GetProperty|527|Property Telescope.SiteElevation GET is not implemented in this driver (CPWI_ASCOM_Telescope)
2026-09-19T23:05:03.1290|INFO|TelescopeVM.cs|ChooseTelescope|535|Successfully connected mount. Id: ASCOM.Optec ASCOM.Telescope Name: CPWI_ASCOM_Telescope DisplayName: CPWI_ASCOM_Telescope (ASCOM) Driver Version: 2.5.9.99  with DLL Assembly Date: July_1_2020
2026-09-19T23:05:11.5912|INFO|Sequence2VM.cs|StartSequence|543|Advanced Sequence starting
2026-09-19T23:05:11.6168|INFO|SequenceItem.cs|Run|208|Starting Category: * Set di Istruzioni *, Container: NINA.Sequencer.Container.SequenceRootContainer, Strategy: SequentialStrategy, Items[CREATED]: 3, Triggers: Trigger: MeridianFlipTriggerTrigger: RestoreGuidingTrigger: AutofocusAfterHFRIncreaseTrigger, Amount: 5Trigger: AutofocusAfterFilterChange
2026-09-19T23:05:11.6318|INFO|MeridianFlipTrigger.cs|ShouldTrigger|204|Meridian Flip - Telescope is not tracking. Skip flip evaluation
2026-09-19T23:05:11.6352|INFO|SequenceItem.cs|Run|208|Starting Category: * Set di Istruzioni *, Container: NINA.Sequencer.Container.StartAreaContainer, Strategy: SequentialStrategy, Items[CREATED]: 2
2026-09-19T23:05:11.6358|INFO|MeridianFlipTrigger.cs|ShouldTrigger|204|Meridian Flip - Telescope is not tracking. Skip flip evaluation
2026-09-19T23:05:11.6362|INFO|SequenceItem.cs|Run|208|Starting Category: Utilità, Item: Annotation, Text: VERSION: 1
2026-09-19T23:05:11.6367|INFO|SequenceItem.cs|Run|254|Finishing Category: Utilità, Item: Annotation, Text: VERSION: 1
2026-09-19T23:05:11.6397|INFO|MeridianFlipTrigger.cs|ShouldTrigger|204|Meridian Flip - Telescope is not tracking. Skip flip evaluation
2026-09-19T23:05:11.6399|INFO|SequenceItem.cs|Run|208|Starting Category: * Set di Istruzioni *, Container: NINA.Sequencer.Container.SequentialContainer, Strategy: SequentialStrategy, Items[CREATED]: 4
2026-09-19T23:05:11.6401|INFO|MeridianFlipTrigger.cs|ShouldTrigger|204|Meridian Flip - Telescope is not tracking. Skip flip evaluation
2026-09-19T23:05:11.6401|INFO|SequenceItem.cs|Run|208|Starting Category: Utilità, Item: Annotation, Text: VERSION: 1
2026-09-19T23:05:11.6402|INFO|SequenceItem.cs|Run|254|Finishing Category: Utilità, Item: Annotation, Text: VERSION: 1
2026-09-19T23:05:11.6405|INFO|MeridianFlipTrigger.cs|ShouldTrigger|204|Meridian Flip - Telescope is not tracking. Skip flip evaluation
2026-09-19T23:05:11.6405|INFO|SequenceItem.cs|Run|208|Starting Category: * Set di Istruzioni *, Container: NINA.Sequencer.Container.SequentialContainer, Strategy: SequentialStrategy, Items[CREATED]: 4
2026-09-19T23:05:11.6406|INFO|MeridianFlipTrigger.cs|ShouldTrigger|204|Meridian Flip - Telescope is not tracking. Skip flip evaluation
2026-09-19T23:05:11.6406|INFO|SequenceItem.cs|Run|208|Starting Category: Utilità, Item: Annotation, Text: This Startup Sequence ensures an ASCOM Safety Monitor will function in a sequence as expected.
2026-09-19T23:05:11.6407|INFO|SequenceItem.cs|Run|254|Finishing Category: Utilità, Item: Annotation, Text: This Startup Sequence ensures an ASCOM Safety Monitor will function in a sequence as expected.
2026-09-19T23:05:11.6407|INFO|MeridianFlipTrigger.cs|ShouldTrigger|204|Meridian Flip - Telescope is not tracking. Skip flip evaluation
2026-09-19T23:05:11.6407|INFO|SequenceItem.cs|Run|208|Starting Category: Utilità, Item: Annotation, Text: The CONNECTOR Plugin is used in this Sequence.
2026-09-19T23:05:11.6408|INFO|SequenceItem.cs|Run|254|Finishing Category: Utilità, Item: Annotation, Text: The CONNECTOR Plugin is used in this Sequence.
2026-09-19T23:05:11.6408|INFO|MeridianFlipTrigger.cs|ShouldTrigger|204|Meridian Flip - Telescope is not tracking. Skip flip evaluation
2026-09-19T23:05:11.6409|INFO|SequenceItem.cs|Run|208|Starting Category: Utilità, Item: Annotation, Text: A Switch is also used within this Startup Sequence.
2026-09-19T23:05:11.6409|INFO|SequenceItem.cs|Run|254|Finishing Category: Utilità, Item: Annotation, Text: A Switch is also used within this Startup Sequence.
2026-09-19T23:05:11.6410|INFO|MeridianFlipTrigger.cs|ShouldTrigger|204|Meridian Flip - Telescope is not tracking. Skip flip evaluation
2026-09-19T23:05:11.6410|INFO|SequenceItem.cs|Run|208|Starting Category: Utilità, Item: Annotation, Text: The sequence uses Nautical Dusk and Nautical Dawn along with a number of time offsets. Adjust this as desired.
2026-09-19T23:05:11.6410|INFO|SequenceItem.cs|Run|254|Finishing Category: Utilità, Item: Annotation, Text: The sequence uses Nautical Dusk and Nautical Dawn along with a number of time offsets. Adjust this as desired.
2026-09-19T23:05:11.6432|INFO|SequenceItem.cs|Run|254|Finishing Category: * Set di Istruzioni *, Container: NINA.Sequencer.Container.SequentialContainer, Strategy: SequentialStrategy, Items[FINISHED]: 4
2026-09-19T23:05:11.6433|INFO|MeridianFlipTrigger.cs|ShouldTrigger|204|Meridian Flip - Telescope is not tracking. Skip flip evaluation
2026-09-19T23:05:11.6434|INFO|SequenceItem.cs|Run|208|Starting Category: * Set di Istruzioni *, Container: NINA.Sequencer.Container.SequentialContainer, Strategy: SequentialStrategy, Items[CREATED]: 11
2026-09-19T23:05:11.6435|INFO|MeridianFlipTrigger.cs|ShouldTrigger|204|Meridian Flip - Telescope is not tracking. Skip flip evaluation
2026-09-19T23:05:11.6440|INFO|SequenceItem.cs|Run|208|Starting Category: Utilità, Item: WaitForTime, Time: 20:21:32h, Offset: -30
2026-09-19T23:05:11.6526|INFO|SequenceItem.cs|Run|254|Finishing Category: Utilità, Item: WaitForTime, Time: 20:21:32h, Offset: -30
2026-09-19T23:05:11.6529|INFO|MeridianFlipTrigger.cs|ShouldTrigger|204|Meridian Flip - Telescope is not tracking. Skip flip evaluation
2026-09-19T23:05:11.6535|INFO|SequenceItem.cs|Run|208|Starting Category: Connetti, Item: ConnectEquipment, Selected device: Weather, Selected device id: ASCOM.CloudWatcher.ObservingConditions
2026-09-19T23:05:11.6556|INFO|ConnectEquipment.cs|Execute|186|Weather is already connected
2026-09-19T23:05:11.6557|INFO|SequenceItem.cs|Run|254|Finishing Category: Connetti, Item: ConnectEquipment, Selected device: Weather, Selected device id: ASCOM.CloudWatcher.ObservingConditions
2026-09-19T23:05:11.6559|INFO|MeridianFlipTrigger.cs|ShouldTrigger|204|Meridian Flip - Telescope is not tracking. Skip flip evaluation
2026-09-19T23:05:11.6560|INFO|SequenceItem.cs|Run|208|Starting Category: Connetti, Item: ConnectEquipment, Selected device: Safety Monitor, Selected device id: ASCOM.Hub.SafetyMonitor
2026-09-19T23:05:11.6562|INFO|ConnectEquipment.cs|Execute|186|Safety Monitor is already connected
2026-09-19T23:05:11.6562|INFO|SequenceItem.cs|Run|254|Finishing Category: Connetti, Item: ConnectEquipment, Selected device: Safety Monitor, Selected device id: ASCOM.Hub.SafetyMonitor
2026-09-19T23:05:11.6562|INFO|MeridianFlipTrigger.cs|ShouldTrigger|204|Meridian Flip - Telescope is not tracking. Skip flip evaluation
2026-09-19T23:05:11.6566|INFO|SequenceItem.cs|Run|208|Starting Category: Monitor Di Sicurezza, Item: WaitUntilSafe
2026-09-19T23:05:11.6577|INFO|SequenceItem.cs|Run|254|Finishing Category: Monitor Di Sicurezza, Item: WaitUntilSafe
2026-09-19T23:05:11.6579|INFO|MeridianFlipTrigger.cs|ShouldTrigger|204|Meridian Flip - Telescope is not tracking. Skip flip evaluation
2026-09-19T23:05:11.6579|INFO|SequenceItem.cs|Run|208|Starting Category: Connetti, Item: ConnectEquipment, Selected device: Camera, Selected device id: 695A-M-0037ec709603ca4e3
2026-09-19T23:05:11.6580|INFO|ConnectEquipment.cs|Execute|186|Camera is already connected
2026-09-19T23:05:11.6580|INFO|SequenceItem.cs|Run|254|Finishing Category: Connetti, Item: ConnectEquipment, Selected device: Camera, Selected device id: 695A-M-0037ec709603ca4e3
2026-09-19T23:05:11.6581|INFO|MeridianFlipTrigger.cs|ShouldTrigger|204|Meridian Flip - Telescope is not tracking. Skip flip evaluation
2026-09-19T23:05:11.6581|INFO|SequenceItem.cs|Run|208|Starting Category: Connetti, Item: ConnectEquipment, Selected device: Focuser, Selected device id: ASCOM.PegasusAstro.Focuser
2026-09-19T23:05:11.6582|INFO|ConnectEquipment.cs|Execute|186|Focuser is already connected
2026-09-19T23:05:11.6582|INFO|SequenceItem.cs|Run|254|Finishing Category: Connetti, Item: ConnectEquipment, Selected device: Focuser, Selected device id: ASCOM.PegasusAstro.Focuser
2026-09-19T23:05:11.6584|INFO|MeridianFlipTrigger.cs|ShouldTrigger|204|Meridian Flip - Telescope is not tracking. Skip flip evaluation
2026-09-19T23:05:11.6585|INFO|SequenceItem.cs|Run|208|Starting Category: Connetti, Item: ConnectEquipment, Selected device: Filter Wheel, Selected device id: 695A-M-0037ec709603ca4e3
2026-09-19T23:05:11.6585|INFO|ConnectEquipment.cs|Execute|186|Filter Wheel is already connected
2026-09-19T23:05:11.6585|INFO|SequenceItem.cs|Run|254|Finishing Category: Connetti, Item: ConnectEquipment, Selected device: Filter Wheel, Selected device id: 695A-M-0037ec709603ca4e3
2026-09-19T23:05:11.6596|INFO|MeridianFlipTrigger.cs|ShouldTrigger|204|Meridian Flip - Telescope is not tracking. Skip flip evaluation
2026-09-19T23:05:11.6597|INFO|SequenceItem.cs|Run|208|Starting Category: Connetti, Item: ConnectEquipment, Selected device: Mount, Selected device id: ASCOM.Optec ASCOM.Telescope
2026-09-19T23:05:11.6602|INFO|ConnectEquipment.cs|Execute|186|Mount is already connected
2026-09-19T23:05:11.6602|INFO|SequenceItem.cs|Run|254|Finishing Category: Connetti, Item: ConnectEquipment, Selected device: Mount, Selected device id: ASCOM.Optec ASCOM.Telescope
2026-09-19T23:05:11.6603|INFO|MeridianFlipTrigger.cs|ShouldTrigger|204|Meridian Flip - Telescope is not tracking. Skip flip evaluation
2026-09-19T23:05:11.6603|INFO|SequenceItem.cs|Run|208|Starting Category: Connetti, Item: ConnectEquipment, Selected device: Dome, Selected device id: ASCOM.TS_Shelter.Dome
2026-09-19T23:05:11.6604|INFO|ConnectEquipment.cs|Execute|186|Dome is already connected
2026-09-19T23:05:11.6604|INFO|SequenceItem.cs|Run|254|Finishing Category: Connetti, Item: ConnectEquipment, Selected device: Dome, Selected device id: ASCOM.TS_Shelter.Dome
2026-09-19T23:05:11.6605|INFO|MeridianFlipTrigger.cs|ShouldTrigger|204|Meridian Flip - Telescope is not tracking. Skip flip evaluation
2026-09-19T23:05:11.6606|INFO|SequenceItem.cs|Run|208|Starting Category: Connetti, Item: ConnectEquipment, Selected device: Guider, Selected device id: PHD2_Single
2026-09-19T23:05:11.6606|INFO|ConnectEquipment.cs|Execute|186|Guider is already connected
2026-09-19T23:05:11.6607|INFO|SequenceItem.cs|Run|254|Finishing Category: Connetti, Item: ConnectEquipment, Selected device: Guider, Selected device id: PHD2_Single
2026-09-19T23:05:11.6607|INFO|MeridianFlipTrigger.cs|ShouldTrigger|204|Meridian Flip - Telescope is not tracking. Skip flip evaluation
2026-09-19T23:05:11.6609|INFO|SequenceItem.cs|Run|208|Starting Category: Connetti, Item: ConnectEquipment, Selected device: Flat Panel, Selected device id: ASCOM.WandererCover1.CoverCalibrator
2026-09-19T23:05:11.6609|INFO|ConnectEquipment.cs|Execute|186|Flat Panel is already connected
2026-09-19T23:05:11.6610|INFO|SequenceItem.cs|Run|254|Finishing Category: Connetti, Item: ConnectEquipment, Selected device: Flat Panel, Selected device id: ASCOM.WandererCover1.CoverCalibrator
2026-09-19T23:05:11.6619|INFO|SequenceItem.cs|Run|254|Finishing Category: * Set di Istruzioni *, Container: NINA.Sequencer.Container.SequentialContainer, Strategy: SequentialStrategy, Items[FINISHED]: 11
2026-09-19T23:05:11.6620|INFO|MeridianFlipTrigger.cs|ShouldTrigger|204|Meridian Flip - Telescope is not tracking. Skip flip evaluation
2026-09-19T23:05:11.6621|INFO|SequenceItem.cs|Run|208|Starting Category: * Set di Istruzioni *, Container: NINA.Sequencer.Container.SequentialContainer, Strategy: SequentialStrategy, Items[CREATED]: 12
2026-09-19T23:05:11.6625|INFO|MeridianFlipTrigger.cs|ShouldTrigger|204|Meridian Flip - Telescope is not tracking. Skip flip evaluation
2026-09-19T23:05:11.6630|INFO|SequenceItem.cs|Run|208|Starting Category: Fotocamera, Item: CoolCamera, Temperature: -10, Duration: 5
2026-09-19T23:05:11.6641|INFO|CameraVM.cs|CoolCamera|138|Cooling Camera. Target: -10 Duration: 00:05:00
2026-09-19T23:05:11.7323|INFO|SequenceItem.cs|Run|254|Finishing Category: Fotocamera, Item: CoolCamera, Temperature: -10, Duration: 5
2026-09-19T23:05:11.7325|INFO|MeridianFlipTrigger.cs|ShouldTrigger|204|Meridian Flip - Telescope is not tracking. Skip flip evaluation
2026-09-19T23:05:11.7326|INFO|SequenceItem.cs|Run|208|Starting Category: Utilità, Item: WaitForTime, Time: 20:41:32h, Offset: -10
2026-09-19T23:05:11.7327|INFO|SequenceItem.cs|Run|254|Finishing Category: Utilità, Item: WaitForTime, Time: 20:41:32h, Offset: -10
2026-09-19T23:05:11.7327|INFO|MeridianFlipTrigger.cs|ShouldTrigger|204|Meridian Flip - Telescope is not tracking. Skip flip evaluation
2026-09-19T23:05:11.7328|INFO|SequenceItem.cs|Run|208|Starting Category: Monitor Di Sicurezza, Item: WaitUntilSafe
2026-09-19T23:05:11.7329|INFO|SequenceItem.cs|Run|254|Finishing Category: Monitor Di Sicurezza, Item: WaitUntilSafe
2026-09-19T23:05:11.7330|INFO|MeridianFlipTrigger.cs|ShouldTrigger|204|Meridian Flip - Telescope is not tracking. Skip flip evaluation
2026-09-19T23:05:11.7385|INFO|SequenceItem.cs|Run|208|Starting Category: Osservatorio, Item: OpenDomeShutter
2026-09-19T23:05:11.7399|INFO|SequenceItem.cs|Run|254|Finishing Category: Osservatorio, Item: OpenDomeShutter
2026-09-19T23:05:11.7400|INFO|MeridianFlipTrigger.cs|ShouldTrigger|204|Meridian Flip - Telescope is not tracking. Skip flip evaluation
2026-09-19T23:05:11.7405|INFO|SequenceItem.cs|Run|208|Starting Category: Telescopio, Item: UnparkScope
2026-09-19T23:05:11.7430|INFO|TelescopeVM.cs|UnparkTelescope|232|Mount ordered to unpark
2026-09-19T23:05:11.8264|INFO|TelescopeVM.cs|UnparkTelescope|277|Mount is already unparked
2026-09-19T23:05:11.8268|INFO|TelescopeVM.cs|UnparkTelescope|282|Mount has unparked
2026-09-19T23:05:11.8271|INFO|SequenceItem.cs|Run|254|Finishing Category: Telescopio, Item: UnparkScope
2026-09-19T23:05:11.8273|INFO|MeridianFlipTrigger.cs|ShouldTrigger|204|Meridian Flip - Telescope is not tracking. Skip flip evaluation
2026-09-19T23:05:11.8279|INFO|SequenceItem.cs|Run|208|Starting Category: Apparato per i Flat, Item: OpenCover
2026-09-19T23:05:11.8349|INFO|SequenceItem.cs|Run|254|Finishing Category: Apparato per i Flat, Item: OpenCover
2026-09-19T23:05:11.8351|INFO|MeridianFlipTrigger.cs|ShouldTrigger|204|Meridian Flip - Telescope is not tracking. Skip flip evaluation
2026-09-19T23:05:11.8369|INFO|SequenceItem.cs|Run|208|Starting Category: Telescopio, Item: SetTracking, TrackingMode: Sidereal
2026-09-19T23:05:12.0068|INFO|SequenceItem.cs|Run|254|Finishing Category: Telescopio, Item: SetTracking, TrackingMode: Sidereal
2026-09-19T23:05:12.0071|INFO|MeridianFlipTrigger.cs|ShouldTrigger|204|Meridian Flip - Telescope is not tracking. Skip flip evaluation
2026-09-19T23:05:12.0077|INFO|SequenceItem.cs|Run|208|Starting Category: Ruota porta filtri, Item: SwitchFilter, Filter: L-Pro
2026-09-19T23:05:12.1362|INFO|SequenceItem.cs|Run|254|Finishing Category: Ruota porta filtri, Item: SwitchFilter, Filter: L-Pro
2026-09-19T23:05:12.1380|INFO|MeridianFlipTrigger.cs|ShouldTrigger|204|Meridian Flip - Telescope is not tracking. Skip flip evaluation
2026-09-19T23:05:12.1787|INFO|SequenceItem.cs|Run|208|Starting Category: Telescopio, Item: SlewScopeToAltAz, Coordinates: NINA.Astrometry.InputTopocentricCoordinates
2026-09-19T23:05:12.3745|INFO|PHD2Guider.cs|StopGuiding|704|Phd2 - Stop Guiding skipped, as the app is already in state Stopped
2026-09-19T23:05:12.4869|INFO|TelescopeVM.cs|SlewAsyncInternal|910|Slewing from RA: 02:30:58; Dec: 88° 42' 36"; Epoch: JNOW to RA: 23:31:40; Dec: 39° 23' 27"; Epoch: JNOW - Alt: 70° 00' 00"; Az: 90° 00' 00"
2026-09-19T23:05:18.6114|WARNING|DeviceUpdateTimer.cs|Run|115|Dome value update cycle took longer than the device poll interval (Total: 6.88s > 2s; Poll: 00:00:00.0648443; Update: 00:00:06.8193830)
2026-09-19T23:05:46.6513|INFO|SequenceItem.cs|Run|254|Finishing Category: Telescopio, Item: SlewScopeToAltAz, Coordinates: NINA.Astrometry.InputTopocentricCoordinates
2026-09-19T23:05:46.6538|INFO|MeridianFlipTrigger.cs|ShouldTrigger|296|Meridian Flip - (Side of Pier usage is disabled) There is still time remaining. Max remaining time 01:42:32.0264673, next instruction time 60, next instruction Category: Utilità, Item: WaitForTimeSpan, Time: 60s
2026-09-19T23:05:46.6542|INFO|SequenceItem.cs|Run|208|Starting Category: Utilità, Item: WaitForTimeSpan, Time: 60s
2026-09-19T23:06:00.3675|INFO|MeridianFlipTrigger.cs|ShouldTrigger|296|Meridian Flip - (Side of Pier usage is disabled) There is still time remaining. Max remaining time 01:42:17.9699352, next instruction time 220, next instruction Category: Focheggiatore, Item: RunAutofocus
2026-09-19T23:06:00.3877|INFO|SequenceItem.cs|Run|208|Starting Category: Focheggiatore, Item: RunAutofocus
2026-09-19T23:06:00.6264|INFO|FocuserMediator.cs|BroadcastAutoFocusRunStarting|92|Autofocus starting notification received
2026-09-19T23:06:00.7336|INFO|PHD2Guider.cs|StopGuiding|704|Phd2 - Stop Guiding skipped, as the app is already in state Stopped
2026-09-19T23:06:00.7340|INFO|AutoFocusEngine.cs|RunAutoFocus|929|Starting AutoFocus with initial position 39563
2026-09-19T23:06:00.9936|INFO|CameraVM.cs|Capture|742|Starting Exposure - Exposure Time: 6s; Filter: L-Pro; Gain: 15; Offset 132; Binning: 2x2;
2026-09-19T23:06:08.3457|INFO|AutoFocusEngine.cs|StartBlindFocusPoints|769|Waiting on initial HFR analysis
2026-09-19T23:06:08.3519|INFO|FocuserVM.cs|MoveFocuserInternal|216|Moving Focuser to position 40363
2026-09-19T23:06:10.0776|INFO|HocusFocusStarDetection.cs|Detect|413|Average HFR: 1.9671398420902424, HFR MAD: 0.16820222971446586, Detected Stars 83, Region: 0
2026-09-19T23:06:18.5308|INFO|CameraVM.cs|Capture|742|Starting Exposure - Exposure Time: 6s; Filter: L-Pro; Gain: 15; Offset 132; Binning: 2x2;
2026-09-19T23:06:25.8620|INFO|FocuserVM.cs|MoveFocuserInternal|216|Moving Focuser to position 40163
2026-09-19T23:06:26.7584|INFO|HocusFocusStarDetection.cs|Detect|413|Average HFR: 1.695043592469764, HFR MAD: 0.08720323234921645, Detected Stars 72, Region: 0
2026-09-19T23:06:32.4756|INFO|CameraVM.cs|Capture|742|Starting Exposure - Exposure Time: 6s; Filter: L-Pro; Gain: 15; Offset 132; Binning: 2x2;
2026-09-19T23:06:39.7883|INFO|FocuserVM.cs|MoveFocuserInternal|216|Moving Focuser to position 39963
2026-09-19T23:06:40.8759|INFO|HocusFocusStarDetection.cs|Detect|413|Average HFR: 1.662194309785003, HFR MAD: 0.07815314663035644, Detected Stars 61, Region: 0
2026-09-19T23:06:46.5385|INFO|CameraVM.cs|Capture|742|Starting Exposure - Exposure Time: 6s; Filter: L-Pro; Gain: 15; Offset 132; Binning: 2x2;
2026-09-19T23:06:53.9632|INFO|FocuserVM.cs|MoveFocuserInternal|216|Moving Focuser to position 39763
2026-09-19T23:06:54.8951|INFO|HocusFocusStarDetection.cs|Detect|413|Average HFR: 1.6613285110089093, HFR MAD: 0.04658326765315235, Detected Stars 54, Region: 0
2026-09-19T23:06:59.2759|INFO|CameraVM.cs|Capture|742|Starting Exposure - Exposure Time: 6s; Filter: L-Pro; Gain: 15; Offset 132; Binning: 2x2;
2026-09-19T23:07:06.5964|INFO|AutoFocusEngine.cs|StartBlindFocusPoints|797|Waiting on initial focuser move analyses
2026-09-19T23:07:07.7897|INFO|HocusFocusStarDetection.cs|Detect|413|Average HFR: 1.6112735794157746, HFR MAD: 0.061837215717311045, Detected Stars 54, Region: 0
2026-09-19T23:07:07.9100|INFO|FocuserVM.cs|MoveFocuserInternal|216|Moving Focuser to position 39563
2026-09-19T23:07:13.2509|INFO|CameraVM.cs|Capture|742|Starting Exposure - Exposure Time: 6s; Filter: L-Pro; Gain: 15; Offset 132; Binning: 2x2;
2026-09-19T23:07:20.5821|INFO|AutoFocusEngine.cs|StartBlindFocusPoints|870|Waiting on next left movement analysis
2026-09-19T23:07:21.5590|INFO|HocusFocusStarDetection.cs|Detect|413|Average HFR: 1.6723444092337199, HFR MAD: 0.0748626677459121, Detected Stars 62, Region: 0
2026-09-19T23:07:21.7895|INFO|FocuserVM.cs|MoveFocuserInternal|216|Moving Focuser to position 39363
2026-09-19T23:07:27.3115|INFO|CameraVM.cs|Capture|742|Starting Exposure - Exposure Time: 6s; Filter: L-Pro; Gain: 15; Offset 132; Binning: 2x2;
2026-09-19T23:07:34.6570|INFO|AutoFocusEngine.cs|StartBlindFocusPoints|870|Waiting on next left movement analysis
2026-09-19T23:07:35.9504|INFO|HocusFocusStarDetection.cs|Detect|413|Average HFR: 1.7514310186334876, HFR MAD: 0.09469748020314883, Detected Stars 67, Region: 0
2026-09-19T23:07:36.0088|INFO|FocuserVM.cs|MoveFocuserInternal|216|Moving Focuser to position 39163
2026-09-19T23:07:41.4139|INFO|CameraVM.cs|Capture|742|Starting Exposure - Exposure Time: 6s; Filter: L-Pro; Gain: 15; Offset 132; Binning: 2x2;
2026-09-19T23:07:48.7431|INFO|AutoFocusEngine.cs|StartBlindFocusPoints|870|Waiting on next left movement analysis
2026-09-19T23:07:49.5930|INFO|HocusFocusStarDetection.cs|Detect|413|Average HFR: 1.8490925686364805, HFR MAD: 0.1316245966472407, Detected Stars 80, Region: 0
2026-09-19T23:07:49.7507|INFO|FocuserVM.cs|MoveFocuserInternal|216|Moving Focuser to position 38963
2026-09-19T23:07:55.0661|INFO|CameraVM.cs|Capture|742|Starting Exposure - Exposure Time: 6s; Filter: L-Pro; Gain: 15; Offset 132; Binning: 2x2;
2026-09-19T23:08:02.4094|INFO|AutoFocusEngine.cs|StartBlindFocusPoints|870|Waiting on next left movement analysis
2026-09-19T23:08:03.5066|INFO|HocusFocusStarDetection.cs|Detect|413|Average HFR: 2.066255112432912, HFR MAD: 0.18116292667750167, Detected Stars 80, Region: 0
2026-09-19T23:08:03.5422|INFO|FocuserVM.cs|MoveFocuserInternal|216|Moving Focuser to position 38763
2026-09-19T23:08:08.9026|INFO|CameraVM.cs|Capture|742|Starting Exposure - Exposure Time: 6s; Filter: L-Pro; Gain: 15; Offset 132; Binning: 2x2;
2026-09-19T23:08:16.3258|INFO|AutoFocusEngine.cs|StartBlindFocusPoints|870|Waiting on next left movement analysis
2026-09-19T23:08:17.3494|INFO|HocusFocusStarDetection.cs|Detect|413|Average HFR: 2.199562645631456, HFR MAD: 0.1985598377637503, Detected Stars 75, Region: 0
2026-09-19T23:08:17.3795|INFO|FocuserVM.cs|MoveFocuserInternal|216|Moving Focuser to position 40563
2026-09-19T23:08:32.5255|INFO|CameraVM.cs|Capture|742|Starting Exposure - Exposure Time: 6s; Filter: L-Pro; Gain: 15; Offset 132; Binning: 2x2;
2026-09-19T23:08:39.9089|INFO|AutoFocusEngine.cs|StartBlindFocusPoints|884|Waiting on next right movement analysis
2026-09-19T23:08:40.8293|INFO|HocusFocusStarDetection.cs|Detect|413|Average HFR: 1.8044918205409204, HFR MAD: 0.11272308177306822, Detected Stars 82, Region: 0
2026-09-19T23:08:40.8660|INFO|AutoFocusEngine.cs|StartBlindFocusPoints|823|Enough left trend points (4) with an established minimum (39763) to queue remaining right focus points up to 40563
2026-09-19T23:08:40.8661|INFO|AutoFocusEngine.cs|StartBlindFocusPoints|896|Waiting on remaining AutoFocus analysis tasks
2026-09-19T23:08:40.8664|INFO|FocuserVM.cs|MoveFocuserInternal|216|Moving Focuser to position 39775
2026-09-19T23:08:48.9899|INFO|AutoFocusEngine.cs|ValidateCalculatedFocusPosition|1141|Validating HFR at final focus position 39775
2026-09-19T23:08:49.1093|INFO|CameraVM.cs|Capture|742|Starting Exposure - Exposure Time: 6s; Filter: L-Pro; Gain: 15; Offset 132; Binning: 2x2;
2026-09-19T23:08:57.5842|INFO|HocusFocusStarDetection.cs|Detect|413|Average HFR: 1.6578661440848883, HFR MAD: 0.07530706895520511, Detected Stars 60, Region: 0
2026-09-19T23:08:57.5849|INFO|HocusFocusVM.cs|AutoFocusEngine_Completed|473|AutoFocus completed with focuser starting at 39563 and ending at 39775
2026-09-19T23:08:57.5865|INFO|FocuserMediator.cs|BroadcastSuccessfulAutoFocusRun|46|Autofocus notification received - Temperature 22
2026-09-19T23:08:57.7412|INFO|AutoFocusEngine.cs|PerformPostAutoFocusActions|1022|Re-enabling temperature compensation after AutoFocus
2026-09-19T23:08:57.8437|INFO|SequenceItem.cs|Run|254|Finishing Category: Focheggiatore, Item: RunAutofocus
2026-09-19T23:08:57.8443|INFO|MeridianFlipTrigger.cs|ShouldTrigger|296|Meridian Flip - (Side of Pier usage is disabled) There is still time remaining. Max remaining time 01:39:21.5676307, next instruction time 0, next instruction Category: Telescopio, Item: SolveAndSync
2026-09-19T23:08:58.0752|INFO|SequenceItem.cs|Run|208|Starting Category: Telescopio, Item: SolveAndSync
2026-09-19T23:08:58.4122|INFO|CameraVM.cs|Capture|742|Starting Exposure - Exposure Time: 15s; Filter: L-Pro; Gain: 15; Offset 132; Binning: 1x1;
2026-09-19T23:09:17.6350|WARNING|DeviceUpdateTimer.cs|Run|115|Camera value update cycle took longer than the device poll interval (Total: 3.96s > 2s; Poll: 00:00:03.9615742; Update: 00:00:00.0001711)
2026-09-19T23:09:19.0557|INFO|ImageSolver.cs|Solve|41|Platesolving with parameters: FocalLength: 1260 PixelSize: 4.54 SearchRadius: 30 BlindFailoverEnabled: True Regions: 5000 DownSampleFactor: 2 MaxObjects: 500 Reference Coordinates RA: 23:30:21 Dec: 39° 14' 18" Epoch: J2000
2026-09-19T23:09:20.1645|INFO|BaseImageData.cs|SaveToDisk|346|Saved image to C:\Users\PrimaLuceLab\AppData\Local\NINA\PlateSolver\ukussesw.wr2.fits
2026-09-19T23:09:23.0165|INFO|ImageSolver.cs|Solve|54|Platesolve successful: Coordinates: RA: 23:29:57; Dec: 39° 04' 47"; Epoch: J2000 - Position Angle: 251.37892135744062
2026-09-19T23:09:23.3611|INFO|TelescopeVM.cs|Sync|777|Syncing scope from RA: 23:31:41; Dec: 39° 23' 21"; Epoch: JNOW to RA: 23:31:17; Dec: 39° 13' 47"; Epoch: JNOW
2026-09-19T23:09:28.3699|INFO|SequenceItem.cs|Run|254|Finishing Category: Telescopio, Item: SolveAndSync
2026-09-19T23:09:28.3706|INFO|SequenceItem.cs|Run|254|Finishing Category: * Set di Istruzioni *, Container: NINA.Sequencer.Container.SequentialContainer, Strategy: SequentialStrategy, Items[FINISHED]: 11, Items[SKIPPED]: 1
2026-09-19T23:09:28.3755|INFO|SequenceItem.cs|Run|254|Finishing Category: * Set di Istruzioni *, Container: NINA.Sequencer.Container.SequentialContainer, Strategy: SequentialStrategy, Items[FINISHED]: 4
2026-09-19T23:09:28.3757|INFO|SequenceItem.cs|Run|254|Finishing Category: * Set di Istruzioni *, Container: NINA.Sequencer.Container.StartAreaContainer, Strategy: SequentialStrategy, Items[FINISHED]: 2
2026-09-19T23:09:28.3758|INFO|MeridianFlipTrigger.cs|ShouldTrigger|296|Meridian Flip - (Side of Pier usage is disabled) There is still time remaining. Max remaining time 01:38:26.2092895, next instruction time 0, next instruction Category: * Set di Istruzioni *, Container: NINA.Sequencer.Container.TargetAreaContainer, Strategy: SequentialStrategy, Items[CREATED]: 2
2026-09-19T23:09:28.3761|INFO|SequenceItem.cs|Run|208|Starting Category: * Set di Istruzioni *, Container: NINA.Sequencer.Container.TargetAreaContainer, Strategy: SequentialStrategy, Items[CREATED]: 2
2026-09-19T23:09:28.3766|INFO|MeridianFlipTrigger.cs|ShouldTrigger|296|Meridian Flip - (Side of Pier usage is disabled) There is still time remaining. Max remaining time 01:38:26.2092895, next instruction time 0, next instruction Category: * Set di Istruzioni *, Container: NINA.Sequencer.Container.SequentialContainer, Strategy: SequentialStrategy, Items[CREATED]: 10
2026-09-19T23:09:28.3766|INFO|SequenceItem.cs|Run|208|Starting Category: * Set di Istruzioni *, Container: NINA.Sequencer.Container.SequentialContainer, Strategy: SequentialStrategy, Items[CREATED]: 10
2026-09-19T23:09:28.3767|INFO|MeridianFlipTrigger.cs|ShouldTrigger|296|Meridian Flip - (Side of Pier usage is disabled) There is still time remaining. Max remaining time 01:38:26.2092895, next instruction time 0, next instruction Category: Utilità, Item: Annotation, Text: This is a Startup Sequence which can be pre-loaded at NINA Start-up.
2026-09-19T23:09:28.3768|INFO|SequenceItem.cs|Run|208|Starting Category: Utilità, Item: Annotation, Text: This is a Startup Sequence which can be pre-loaded at NINA Start-up.
2026-09-19T23:09:28.3768|INFO|SequenceItem.cs|Run|254|Finishing Category: Utilità, Item: Annotation, Text: This is a Startup Sequence which can be pre-loaded at NINA Start-up.
2026-09-19T23:09:28.3769|INFO|MeridianFlipTrigger.cs|ShouldTrigger|296|Meridian Flip - (Side of Pier usage is disabled) There is still time remaining. Max remaining time 01:38:26.2092895, next instruction time 0, next instruction Category: Utilità, Item: Annotation, Text: If you edit this Startup Sequence, you need to save the Entire Sequence using the Save Complete Sequence button at the bottom of the Advanced Sequencer page below.
2026-09-19T23:09:28.3770|INFO|SequenceItem.cs|Run|208|Starting Category: Utilità, Item: Annotation, Text: If you edit this Startup Sequence, you need to save the Entire Sequence using the Save Complete Sequence button at the bottom of the Advanced Sequencer page below.
2026-09-19T23:09:28.3773|INFO|SequenceItem.cs|Run|254|Finishing Category: Utilità, Item: Annotation, Text: If you edit this Startup Sequence, you need to save the Entire Sequence using the Save Complete Sequence button at the bottom of the Advanced Sequencer page below.
2026-09-19T23:09:28.3774|INFO|MeridianFlipTrigger.cs|ShouldTrigger|296|Meridian Flip - (Side of Pier usage is disabled) There is still time remaining. Max remaining time 01:38:26.2092895, next instruction time 0, next instruction Category: Utilità, Item: Annotation, Text: Go to: OPTIONS > IMAGING > SEQUENCE and select this DOME_SAFETY_STARTUP_PA.json file as the STARTUP SEQUENCE TEMPLATE
2026-09-19T23:09:28.3775|INFO|SequenceItem.cs|Run|208|Starting Category: Utilità, Item: Annotation, Text: Go to: OPTIONS > IMAGING > SEQUENCE and select this DOME_SAFETY_STARTUP_PA.json file as the STARTUP SEQUENCE TEMPLATE
2026-09-19T23:09:28.3775|INFO|SequenceItem.cs|Run|254|Finishing Category: Utilità, Item: Annotation, Text: Go to: OPTIONS > IMAGING > SEQUENCE and select this DOME_SAFETY_STARTUP_PA.json file as the STARTUP SEQUENCE TEMPLATE
2026-09-19T23:09:28.3776|INFO|MeridianFlipTrigger.cs|ShouldTrigger|296|Meridian Flip - (Side of Pier usage is disabled) There is still time remaining. Max remaining time 01:38:26.2092895, next instruction time 0, next instruction Category: Utilità, Item: Annotation, Text:      I also find setting COLLAPSE SEQUENCE TEMPLATES BY DEFAULT to ON is quite helpful.  (On the same options page)
2026-09-19T23:09:28.3776|INFO|SequenceItem.cs|Run|208|Starting Category: Utilità, Item: Annotation, Text:      I also find setting COLLAPSE SEQUENCE TEMPLATES BY DEFAULT to ON is quite helpful.  (On the same options page)
2026-09-19T23:09:28.3777|INFO|SequenceItem.cs|Run|254|Finishing Category: Utilità, Item: Annotation, Text:      I also find setting COLLAPSE SEQUENCE TEMPLATES BY DEFAULT to ON is quite helpful.  (On the same options page)
2026-09-19T23:09:28.3777|INFO|MeridianFlipTrigger.cs|ShouldTrigger|296|Meridian Flip - (Side of Pier usage is disabled) There is still time remaining. Max remaining time 01:38:26.2092895, next instruction time 0, next instruction Category: Utilità, Item: Annotation, Text: Any modification of this sequence as a Foundational Startup Template will need to be saved using the buttons at the bottom of this Advanced Sequencer Page below.
2026-09-19T23:09:28.3778|INFO|SequenceItem.cs|Run|208|Starting Category: Utilità, Item: Annotation, Text: Any modification of this sequence as a Foundational Startup Template will need to be saved using the buttons at the bottom of this Advanced Sequencer Page below.
2026-09-19T23:09:28.3779|INFO|SequenceItem.cs|Run|254|Finishing Category: Utilità, Item: Annotation, Text: Any modification of this sequence as a Foundational Startup Template will need to be saved using the buttons at the bottom of this Advanced Sequencer Page below.
2026-09-19T23:09:28.3779|INFO|MeridianFlipTrigger.cs|ShouldTrigger|296|Meridian Flip - (Side of Pier usage is disabled) There is still time remaining. Max remaining time 01:38:26.2092895, next instruction time 0, next instruction Category: Utilità, Item: Annotation, Text: The LOOP_ALL_NIGHT Sequence is a simple Loop until Nautical Dawn. Adjust as desired. This is an outer loop.
2026-09-19T23:09:28.3780|INFO|SequenceItem.cs|Run|208|Starting Category: Utilità, Item: Annotation, Text: The LOOP_ALL_NIGHT Sequence is a simple Loop until Nautical Dawn. Adjust as desired. This is an outer loop.
2026-09-19T23:09:28.3780|INFO|SequenceItem.cs|Run|254|Finishing Category: Utilità, Item: Annotation, Text: The LOOP_ALL_NIGHT Sequence is a simple Loop until Nautical Dawn. Adjust as desired. This is an outer loop.
2026-09-19T23:09:28.3782|INFO|MeridianFlipTrigger.cs|ShouldTrigger|296|Meridian Flip - (Side of Pier usage is disabled) There is still time remaining. Max remaining time 01:38:26.2092895, next instruction time 0, next instruction Category: Utilità, Item: Annotation, Text: The SAFE_LOOP Sequence runs while the System is Safe.
2026-09-19T23:09:28.3783|INFO|SequenceItem.cs|Run|208|Starting Category: Utilità, Item: Annotation, Text: The SAFE_LOOP Sequence runs while the System is Safe.
2026-09-19T23:09:28.3783|INFO|SequenceItem.cs|Run|254|Finishing Category: Utilità, Item: Annotation, Text: The SAFE_LOOP Sequence runs while the System is Safe.
2026-09-19T23:09:28.3783|INFO|MeridianFlipTrigger.cs|ShouldTrigger|296|Meridian Flip - (Side of Pier usage is disabled) There is still time remaining. Max remaining time 01:38:26.2092895, next instruction time 0, next instruction Category: Utilità, Item: Annotation, Text: The UNSAFE Sequence runs when the System is Unsafe and only proceeds back to SAFE_LOOP when it is once again deemed Safe.
2026-09-19T23:09:28.3784|INFO|SequenceItem.cs|Run|208|Starting Category: Utilità, Item: Annotation, Text: The UNSAFE Sequence runs when the System is Unsafe and only proceeds back to SAFE_LOOP when it is once again deemed Safe.
2026-09-19T23:09:28.3784|INFO|SequenceItem.cs|Run|254|Finishing Category: Utilità, Item: Annotation, Text: The UNSAFE Sequence runs when the System is Unsafe and only proceeds back to SAFE_LOOP when it is once again deemed Safe.
2026-09-19T23:09:28.3785|INFO|MeridianFlipTrigger.cs|ShouldTrigger|296|Meridian Flip - (Side of Pier usage is disabled) There is still time remaining. Max remaining time 01:38:26.2092895, next instruction time 0, next instruction Category: Utilità, Item: Annotation, Text: ..... ALL TARGETS should be placed within individual LOOP_ALL_NIGHT > SAFE_LOOP > TARGETS_CONTAINER > TARGET # containers below.....
2026-09-19T23:09:28.3785|INFO|SequenceItem.cs|Run|208|Starting Category: Utilità, Item: Annotation, Text: ..... ALL TARGETS should be placed within individual LOOP_ALL_NIGHT > SAFE_LOOP > TARGETS_CONTAINER > TARGET # containers below.....
2026-09-19T23:09:28.3786|INFO|SequenceItem.cs|Run|254|Finishing Category: Utilità, Item: Annotation, Text: ..... ALL TARGETS should be placed within individual LOOP_ALL_NIGHT > SAFE_LOOP > TARGETS_CONTAINER > TARGET # containers below.....
2026-09-19T23:09:28.3786|INFO|MeridianFlipTrigger.cs|ShouldTrigger|296|Meridian Flip - (Side of Pier usage is disabled) There is still time remaining. Max remaining time 01:38:26.2092895, next instruction time 0, next instruction Category: Utilità, Item: Annotation, Text: Each TARGET # Container should have a looping condition that is identical to the included target sequence.
2026-09-19T23:09:28.3787|INFO|SequenceItem.cs|Run|208|Starting Category: Utilità, Item: Annotation, Text: Each TARGET # Container should have a looping condition that is identical to the included target sequence.
2026-09-19T23:09:28.3787|INFO|SequenceItem.cs|Run|254|Finishing Category: Utilità, Item: Annotation, Text: Each TARGET # Container should have a looping condition that is identical to the included target sequence.
2026-09-19T23:09:28.3788|INFO|SequenceItem.cs|Run|254|Finishing Category: * Set di Istruzioni *, Container: NINA.Sequencer.Container.SequentialContainer, Strategy: SequentialStrategy, Items[FINISHED]: 10
2026-09-19T23:09:28.3793|INFO|MeridianFlipTrigger.cs|ShouldTrigger|296|Meridian Flip - (Side of Pier usage is disabled) There is still time remaining. Max remaining time 01:38:26.2092895, next instruction time 0, next instruction Category: * Set di Istruzioni *, Container: NINA.Sequencer.Container.SequentialContainer, Strategy: SequentialStrategy, Items[CREATED]: 2, Conditions: Condition: TimeCondition, Time: 2:40:25h, 
2026-09-19T23:09:28.3794|INFO|SequenceItem.cs|Run|208|Starting Category: * Set di Istruzioni *, Container: NINA.Sequencer.Container.SequentialContainer, Strategy: SequentialStrategy, Items[CREATED]: 2, Conditions: Condition: TimeCondition, Time: 2:40:25h, 
2026-09-19T23:09:28.3819|INFO|MeridianFlipTrigger.cs|ShouldTrigger|296|Meridian Flip - (Side of Pier usage is disabled) There is still time remaining. Max remaining time 01:38:26.2092895, next instruction time 0, next instruction Category: * Set di Istruzioni *, Container: NINA.Sequencer.Container.SequentialContainer, Strategy: SequentialStrategy, Items[CREATED]: 5, Conditions: Condition: SafetyMonitorCondition, 
2026-09-19T23:09:28.3861|INFO|SequenceItem.cs|Run|208|Starting Category: * Set di Istruzioni *, Container: NINA.Sequencer.Container.SequentialContainer, Strategy: SequentialStrategy, Items[CREATED]: 5, Conditions: Condition: SafetyMonitorCondition, 
2026-09-19T23:09:28.3872|INFO|MeridianFlipTrigger.cs|ShouldTrigger|296|Meridian Flip - (Side of Pier usage is disabled) There is still time remaining. Max remaining time 01:38:26.2092895, next instruction time 0, next instruction Category: * Set di Istruzioni *, Container: NINA.Sequencer.Container.SequentialContainer, Strategy: SequentialStrategy, Items[CREATED]: 7
2026-09-19T23:09:28.3873|INFO|SequenceItem.cs|Run|208|Starting Category: * Set di Istruzioni *, Container: NINA.Sequencer.Container.SequentialContainer, Strategy: SequentialStrategy, Items[CREATED]: 7
2026-09-19T23:09:28.3876|INFO|MeridianFlipTrigger.cs|ShouldTrigger|296|Meridian Flip - (Side of Pier usage is disabled) There is still time remaining. Max remaining time 01:38:26.2092895, next instruction time 0, next instruction Category: Utilità, Item: Annotation, Text: This brief sequence of instructions is required after returning to a Safe condifition from an Unsafe one. It will not negatively affect anything on its initial execution.
2026-09-19T23:09:28.3876|INFO|SequenceItem.cs|Run|208|Starting Category: Utilità, Item: Annotation, Text: This brief sequence of instructions is required after returning to a Safe condifition from an Unsafe one. It will not negatively affect anything on its initial execution.
2026-09-19T23:09:28.3877|INFO|SequenceItem.cs|Run|254|Finishing Category: Utilità, Item: Annotation, Text: This brief sequence of instructions is required after returning to a Safe condifition from an Unsafe one. It will not negatively affect anything on its initial execution.
2026-09-19T23:09:28.4572|INFO|MeridianFlipTrigger.cs|ShouldTrigger|296|Meridian Flip - (Side of Pier usage is disabled) There is still time remaining. Max remaining time 01:38:26.2092895, next instruction time 0, next instruction Category: Utilità, Item: Annotation, Text: The 5 minute wait here can be adjusted as desired. It is here to show 5 minutes of Safety prior to resetting the equipment.
2026-09-19T23:09:28.4578|INFO|SequenceItem.cs|Run|208|Starting Category: Utilità, Item: Annotation, Text: The 5 minute wait here can be adjusted as desired. It is here to show 5 minutes of Safety prior to resetting the equipment.
2026-09-19T23:09:28.4579|INFO|SequenceItem.cs|Run|254|Finishing Category: Utilità, Item: Annotation, Text: The 5 minute wait here can be adjusted as desired. It is here to show 5 minutes of Safety prior to resetting the equipment.
2026-09-19T23:09:28.4581|INFO|MeridianFlipTrigger.cs|ShouldTrigger|296|Meridian Flip - (Side of Pier usage is disabled) There is still time remaining. Max remaining time 01:38:26.2092895, next instruction time 300, next instruction Category: Utilità, Item: WaitForTimeSpan, Time: 300s
2026-09-19T23:09:28.4582|INFO|SequenceItem.cs|Run|208|Starting Category: Utilità, Item: WaitForTimeSpan, Time: 300s
2026-09-19T23:09:42.9922|INFO|MeridianFlipTrigger.cs|ShouldTrigger|296|Meridian Flip - (Side of Pier usage is disabled) There is still time remaining. Max remaining time 01:38:12.2650543, next instruction time 0, next instruction Category: Osservatorio, Item: OpenDomeShutter
2026-09-19T23:09:42.9923|INFO|SequenceItem.cs|Run|208|Starting Category: Osservatorio, Item: OpenDomeShutter
2026-09-19T23:09:42.9927|INFO|SequenceItem.cs|Run|254|Finishing Category: Osservatorio, Item: OpenDomeShutter
2026-09-19T23:09:42.9928|INFO|MeridianFlipTrigger.cs|ShouldTrigger|296|Meridian Flip - (Side of Pier usage is disabled) There is still time remaining. Max remaining time 01:38:12.2650543, next instruction time 0, next instruction Category: Telescopio, Item: UnparkScope
2026-09-19T23:09:42.9929|INFO|SequenceItem.cs|Run|208|Starting Category: Telescopio, Item: UnparkScope
2026-09-19T23:09:42.9930|INFO|TelescopeVM.cs|UnparkTelescope|232|Mount ordered to unpark
2026-09-19T23:09:43.0008|INFO|TelescopeVM.cs|UnparkTelescope|277|Mount is already unparked
2026-09-19T23:09:43.0009|INFO|TelescopeVM.cs|UnparkTelescope|282|Mount has unparked
2026-09-19T23:09:43.0010|INFO|SequenceItem.cs|Run|254|Finishing Category: Telescopio, Item: UnparkScope
2026-09-19T23:09:43.0013|INFO|MeridianFlipTrigger.cs|ShouldTrigger|296|Meridian Flip - (Side of Pier usage is disabled) There is still time remaining. Max remaining time 01:38:12.2650543, next instruction time 0, next instruction Category: Apparato per i Flat, Item: OpenCover
2026-09-19T23:09:43.0014|INFO|SequenceItem.cs|Run|208|Starting Category: Apparato per i Flat, Item: OpenCover
2026-09-19T23:09:43.0059|INFO|SequenceItem.cs|Run|254|Finishing Category: Apparato per i Flat, Item: OpenCover
2026-09-19T23:09:43.0063|INFO|MeridianFlipTrigger.cs|ShouldTrigger|296|Meridian Flip - (Side of Pier usage is disabled) There is still time remaining. Max remaining time 01:38:12.2650543, next instruction time 0, next instruction Category: Telescopio, Item: SetTracking, TrackingMode: Sidereal
2026-09-19T23:09:43.0064|INFO|SequenceItem.cs|Run|208|Starting Category: Telescopio, Item: SetTracking, TrackingMode: Sidereal
2026-09-19T23:09:43.0580|INFO|SequenceItem.cs|Run|254|Finishing Category: Telescopio, Item: SetTracking, TrackingMode: Sidereal
2026-09-19T23:09:43.0650|INFO|SequenceItem.cs|Run|254|Finishing Category: * Set di Istruzioni *, Container: NINA.Sequencer.Container.SequentialContainer, Strategy: SequentialStrategy, Items[FINISHED]: 6, Items[SKIPPED]: 1
2026-09-19T23:09:43.0653|INFO|MeridianFlipTrigger.cs|ShouldTrigger|296|Meridian Flip - (Side of Pier usage is disabled) There is still time remaining. Max remaining time 01:38:12.2650543, next instruction time 0, next instruction Category: * Set di Istruzioni *, Container: NINA.Sequencer.Container.SequentialContainer, Strategy: SequentialStrategy, Items[CREATED]: 2
2026-09-19T23:09:43.0654|INFO|SequenceItem.cs|Run|208|Starting Category: * Set di Istruzioni *, Container: NINA.Sequencer.Container.SequentialContainer, Strategy: SequentialStrategy, Items[CREATED]: 2
2026-09-19T23:09:43.0655|INFO|MeridianFlipTrigger.cs|ShouldTrigger|296|Meridian Flip - (Side of Pier usage is disabled) There is still time remaining. Max remaining time 01:38:12.2650543, next instruction time 0, next instruction Category: Utilità, Item: Annotation, Text: BE SURE TO MATCH EACH TARGET CONTAINER LOOP CONDITION TO THE NESTED TARGET SEQUENCE LOOP CONDITION
2026-09-19T23:09:43.0656|INFO|SequenceItem.cs|Run|208|Starting Category: Utilità, Item: Annotation, Text: BE SURE TO MATCH EACH TARGET CONTAINER LOOP CONDITION TO THE NESTED TARGET SEQUENCE LOOP CONDITION
2026-09-19T23:09:43.0656|INFO|SequenceItem.cs|Run|254|Finishing Category: Utilità, Item: Annotation, Text: BE SURE TO MATCH EACH TARGET CONTAINER LOOP CONDITION TO THE NESTED TARGET SEQUENCE LOOP CONDITION
2026-09-19T23:09:43.0657|INFO|MeridianFlipTrigger.cs|ShouldTrigger|296|Meridian Flip - (Side of Pier usage is disabled) There is still time remaining. Max remaining time 01:38:12.2650543, next instruction time 0, next instruction Category: * Set di Istruzioni *, Container: NINA.Sequencer.Container.SequentialContainer, Strategy: SequentialStrategy, Items[CREATED]: 3, Conditions: Condition: TimeCondition, Time: 2:40:25h, 
2026-09-19T23:09:43.0658|INFO|SequenceItem.cs|Run|208|Starting Category: * Set di Istruzioni *, Container: NINA.Sequencer.Container.SequentialContainer, Strategy: SequentialStrategy, Items[CREATED]: 3, Conditions: Condition: TimeCondition, Time: 2:40:25h, 
2026-09-19T23:09:43.0660|INFO|MeridianFlipTrigger.cs|ShouldTrigger|296|Meridian Flip - (Side of Pier usage is disabled) There is still time remaining. Max remaining time 01:38:12.2650543, next instruction time 0, next instruction Category: Utilità, Item: Annotation, Text: PLACE YOUR ...FIRST... TARGET SEQUENCE OF THE NIGHT ...BELOW... THIS LINE
2026-09-19T23:09:43.0660|INFO|SequenceItem.cs|Run|208|Starting Category: Utilità, Item: Annotation, Text: PLACE YOUR ...FIRST... TARGET SEQUENCE OF THE NIGHT ...BELOW... THIS LINE
2026-09-19T23:09:43.0661|INFO|SequenceItem.cs|Run|254|Finishing Category: Utilità, Item: Annotation, Text: PLACE YOUR ...FIRST... TARGET SEQUENCE OF THE NIGHT ...BELOW... THIS LINE
2026-09-19T23:09:43.0662|INFO|MeridianFlipTrigger.cs|ShouldTrigger|296|Meridian Flip - (Side of Pier usage is disabled) There is still time remaining. Max remaining time 01:38:12.2650543, next instruction time 0, next instruction Category: Utilità, Item: Annotation, Text: PLACE YOUR ...FIRST... TARGET SEQUENCE OF THE NIGHT ...ABOVE... THIS LINE
2026-09-19T23:09:43.0662|INFO|SequenceItem.cs|Run|208|Starting Category: Utilità, Item: Annotation, Text: PLACE YOUR ...FIRST... TARGET SEQUENCE OF THE NIGHT ...ABOVE... THIS LINE
2026-09-19T23:09:43.0663|INFO|SequenceItem.cs|Run|254|Finishing Category: Utilità, Item: Annotation, Text: PLACE YOUR ...FIRST... TARGET SEQUENCE OF THE NIGHT ...ABOVE... THIS LINE
2026-09-19T23:09:43.0679|INFO|MeridianFlipTrigger.cs|ShouldTrigger|296|Meridian Flip - (Side of Pier usage is disabled) There is still time remaining. Max remaining time 01:38:12.2650543, next instruction time 0, next instruction Category: * Set di Istruzioni *, Container: NINA.Sequencer.Container.DeepSkyObjectContainer, Strategy: SequentialStrategy, Items[CREATED]: 4, Triggers: Trigger: CenterAfterDriftTrigger, DistanceArcMinutes: 3, Target: M 27 RA: 19:59:36; Dec: 22° 43' 16"; Epoch: J2000 0
2026-09-19T23:09:43.0683|INFO|SequenceItem.cs|Run|208|Starting Category: * Set di Istruzioni *, Container: NINA.Sequencer.Container.DeepSkyObjectContainer, Strategy: SequentialStrategy, Items[CREATED]: 4, Triggers: Trigger: CenterAfterDriftTrigger, DistanceArcMinutes: 3, Target: M 27 RA: 19:59:36; Dec: 22° 43' 16"; Epoch: J2000 0
2026-09-19T23:09:43.0705|INFO|MeridianFlipTrigger.cs|ShouldTrigger|296|Meridian Flip - (Side of Pier usage is disabled) There is still time remaining. Max remaining time 01:38:12.2650543, next instruction time 0, next instruction Category: Telescopio, Item: Center, Coordinates RA: 19:59:36; Dec: 22° 43' 16"; Epoch: J2000
2026-09-19T23:09:43.0708|INFO|SequenceItem.cs|Run|208|Starting Category: Telescopio, Item: Center, Coordinates RA: 19:59:36; Dec: 22° 43' 16"; Epoch: J2000
2026-09-19T23:09:43.3320|INFO|PHD2Guider.cs|StopGuiding|704|Phd2 - Stop Guiding skipped, as the app is already in state Stopped
2026-09-19T23:09:43.5905|INFO|TelescopeVM.cs|SlewAsyncInternal|910|Slewing from RA: 23:31:18; Dec: 39° 13' 21"; Epoch: JNOW to RA: 20:00:47; Dec: 22° 47' 53"; Epoch: JNOW - Alt: 59° 48' 04"; Az: 238° 04' 13"
2026-09-19T23:10:40.4673|INFO|CameraVM.cs|Capture|742|Starting Exposure - Exposure Time: 15s; Filter: L-Pro; Gain: 15; Offset 132; Binning: 1x1;
2026-09-19T23:11:01.2378|INFO|ImageSolver.cs|Solve|41|Platesolving with parameters: FocalLength: 1260 PixelSize: 4.54 SearchRadius: 30 BlindFailoverEnabled: True Regions: 5000 DownSampleFactor: 2 MaxObjects: 500 Reference Coordinates RA: 19:59:36 Dec: 22° 43' 16" Epoch: J2000
2026-09-19T23:11:01.6189|WARNING|DeviceUpdateTimer.cs|Run|115|Dome value update cycle took longer than the device poll interval (Total: 2.74s > 2s; Poll: 00:00:00.0031750; Update: 00:00:02.7342937)
2026-09-19T23:11:01.6930|INFO|BaseImageData.cs|SaveToDisk|346|Saved image to C:\Users\PrimaLuceLab\AppData\Local\NINA\PlateSolver\0sjrfvrr.tcv.fits
2026-09-19T23:11:03.8514|INFO|ImageSolver.cs|Solve|54|Platesolve successful: Coordinates: RA: 19:59:00; Dec: 22° 24' 26"; Epoch: J2000 - Position Angle: 72.2029547107116
2026-09-19T23:11:03.8657|INFO|CenteringSolver.cs|Center|99|Centering Solver - Scope Position: RA: 20:00:47; Dec: 22° 48' 35"; Epoch: JNOW; Offset: RA: 00:00:00; Dec: 00° 00' 00"; Distance: 00° 00' 00"; Bearing: 00° 00' 00"; Centering Coordinates: RA: 20:00:47; Dec: 22° 47' 53"; Epoch: JNOW; Solved: RA: 20:00:11; Dec: 22° 29' 01"; Epoch: JNOW; Separation RA: 00:00:36; Dec: 00° 18' 52"; Distance: 00° 20' 36"; Bearing: 156° 17' 47"; Threshold: 1
2026-09-19T23:11:04.2277|INFO|TelescopeVM.cs|Sync|777|Syncing scope from RA: 20:00:47; Dec: 22° 48' 35"; Epoch: JNOW to RA: 20:00:11; Dec: 22° 29' 01"; Epoch: JNOW
2026-09-19T23:11:09.2364|INFO|CenteringSolver.cs|Center|132|Slewing to target after sync. Current Position: RA: 20:00:11; Dec: 22° 29' 30"; Epoch: JNOW; Target coordinates: RA: 20:00:47; Dec: 22° 47' 53"; Epoch: JNOW; Offset RA: 00:00:00; Dec: 00° 00' 00"; Distance: 00° 00' 00"; Bearing: 00° 00' 00"
2026-09-19T23:11:09.2659|INFO|TelescopeVM.cs|SlewAsyncInternal|910|Slewing from RA: 20:00:11; Dec: 22° 29' 30"; Epoch: JNOW to RA: 20:00:47; Dec: 22° 47' 53"; Epoch: JNOW - Alt: 59° 34' 33"; Az: 238° 33' 02"
2026-09-19T23:11:23.8497|INFO|CameraVM.cs|Capture|742|Starting Exposure - Exposure Time: 15s; Filter: L-Pro; Gain: 15; Offset 132; Binning: 1x1;
2026-09-19T23:11:44.3312|INFO|ImageSolver.cs|Solve|41|Platesolving with parameters: FocalLength: 1260 PixelSize: 4.54 SearchRadius: 30 BlindFailoverEnabled: True Regions: 5000 DownSampleFactor: 2 MaxObjects: 500 Reference Coordinates RA: 19:59:36 Dec: 22° 43' 16" Epoch: J2000
2026-09-19T23:11:44.8006|INFO|BaseImageData.cs|SaveToDisk|346|Saved image to C:\Users\PrimaLuceLab\AppData\Local\NINA\PlateSolver\4lddhahp.vgv.fits
2026-09-19T23:11:47.0070|INFO|ImageSolver.cs|Solve|54|Platesolve successful: Coordinates: RA: 19:59:36; Dec: 22° 44' 04"; Epoch: J2000 - Position Angle: 72.2007556623351
2026-09-19T23:11:47.0114|INFO|CenteringSolver.cs|Center|99|Centering Solver - Scope Position: RA: 20:00:47; Dec: 22° 48' 34"; Epoch: JNOW; Offset: RA: 00:00:00; Dec: 00° 00' 00"; Distance: 00° 00' 00"; Bearing: 00° 00' 00"; Centering Coordinates: RA: 20:00:47; Dec: 22° 47' 53"; Epoch: JNOW; Solved: RA: 20:00:47; Dec: 22° 48' 40"; Epoch: JNOW; Separation RA: -00:00:00; Dec: -00° 00' 48"; Distance: 00° 00' 48"; Bearing: -02° 02' 58"; Threshold: 1
2026-09-19T23:11:47.0122|INFO|CenteringSolver.cs|Center|165|Restoring filter to L-Pro after centering
2026-09-19T23:11:47.1445|INFO|SequenceItem.cs|Run|254|Finishing Category: Telescopio, Item: Center, Coordinates RA: 19:59:36; Dec: 22° 43' 16"; Epoch: J2000
2026-09-19T23:11:47.1613|INFO|MeridianFlipTrigger.cs|ShouldTrigger|296|Meridian Flip - (Side of Pier usage is disabled) There is still time remaining. Max remaining time 10:05:36.6951283, next instruction time 0, next instruction Category: Guida, Item: StartGuiding
2026-09-19T23:11:47.1617|INFO|SequenceItem.cs|Run|208|Starting Category: Guida, Item: StartGuiding
2026-09-19T23:11:47.2609|INFO|PHD2Guider.cs|TryStartGuideCommand|641|Phd2 - Requesting to start guiding. Recalibrate: True
2026-09-19T23:14:17.0723|ERROR|PHD2Guider.cs|ProcessEvent|937|PHD2 error:Guiding stopped
2026-09-19T23:14:17.0913|INFO|SequenceItem.cs|Run|254|Finishing Category: Guida, Item: StartGuiding
2026-09-19T23:14:17.0918|INFO|MeridianFlipTrigger.cs|ShouldTrigger|296|Meridian Flip - (Side of Pier usage is disabled) There is still time remaining. Max remaining time 10:03:06.5678160, next instruction time 300, next instruction Category: Utilità, Item: WaitForTimeSpan, Time: 300s
2026-09-19T23:14:17.0918|INFO|SequenceItem.cs|Run|208|Starting Category: Utilità, Item: WaitForTimeSpan, Time: 300s
2026-09-19T23:19:19.8734|INFO|SequenceItem.cs|Run|254|Finishing Category: Utilità, Item: WaitForTimeSpan, Time: 300s
2026-09-19T23:19:19.8792|INFO|MeridianFlipTrigger.cs|ShouldTrigger|296|Meridian Flip - (Side of Pier usage is disabled) There is still time remaining. Max remaining time 09:58:02.4564981, next instruction time 600, next instruction Category: Fotocamera, Container: NINA.Sequencer.SequenceItem.Imaging.SmartExposure, Strategy: SequentialStrategy, Items[CREATED]: 2, Conditions: Condition: LoopCondition, Iterations: 0/40, , Triggers: Trigger: DitherAfterExposures, After Exposures: 1
2026-09-19T23:19:19.8796|INFO|SequenceItem.cs|Run|208|Starting Category: Fotocamera, Container: NINA.Sequencer.SequenceItem.Imaging.SmartExposure, Strategy: SequentialStrategy, Items[CREATED]: 2, Conditions: Condition: LoopCondition, Iterations: 0/40, , Triggers: Trigger: DitherAfterExposures, After Exposures: 1
2026-09-19T23:19:19.8817|INFO|MeridianFlipTrigger.cs|ShouldTrigger|296|Meridian Flip - (Side of Pier usage is disabled) There is still time remaining. Max remaining time 09:58:02.4564981, next instruction time 0, next instruction Category: Ruota porta filtri, Item: SwitchFilter, Filter: L-Pro
2026-09-19T23:19:19.8818|INFO|SequenceItem.cs|Run|208|Starting Category: Ruota porta filtri, Item: SwitchFilter, Filter: L-Pro
2026-09-19T23:19:20.0213|INFO|SequenceItem.cs|Run|254|Finishing Category: Ruota porta filtri, Item: SwitchFilter, Filter: L-Pro
2026-09-19T23:19:20.0228|INFO|MeridianFlipTrigger.cs|ShouldTrigger|296|Meridian Flip - (Side of Pier usage is disabled) There is still time remaining. Max remaining time 09:58:02.4564981, next instruction time 600, next instruction Category: Fotocamera, Item: TakeExposure, ExposureTime 600, Gain 15, Offset 132, ImageType LIGHT, Binning 1x1
2026-09-19T23:19:20.0256|INFO|SequenceTrigger.cs|Run|114|Starting Trigger: RestoreGuiding
2026-09-19T23:19:20.0283|INFO|SequenceItem.cs|Run|208|Starting Category: * Set di Istruzioni *, Container: NINA.Sequencer.Container.SequentialContainer, Strategy: SequentialStrategy, Items[CREATED]: 1
2026-09-19T23:19:20.0287|INFO|SequenceItem.cs|Run|208|Starting Category: Guida, Item: StartGuiding
2026-09-19T23:19:20.0664|INFO|PHD2Guider.cs|StartGuidingPrivate|504|Phd2 - App is already guiding. Skipping start guiding
2026-09-19T23:19:20.0665|INFO|SequenceItem.cs|Run|254|Finishing Category: Guida, Item: StartGuiding
2026-09-19T23:19:20.0667|INFO|SequenceItem.cs|Run|254|Finishing Category: * Set di Istruzioni *, Container: NINA.Sequencer.Container.SequentialContainer, Strategy: SequentialStrategy, Items[FINISHED]: 1
2026-09-19T23:19:20.0689|INFO|SequenceItem.cs|Run|208|Starting Category: Fotocamera, Item: TakeExposure, ExposureTime 600, Gain 15, Offset 132, ImageType LIGHT, Binning 1x1
2026-09-19T23:19:20.0888|INFO|CameraVM.cs|Capture|742|Starting Exposure - Exposure Time: 600s; Filter: ; Gain: 15; Offset 132; Binning: 1x1;
2026-09-19T23:25:28.5053|WARNING|DeviceUpdateTimer.cs|Run|115|Mount value update cycle took longer than the device poll interval (Total: 2.19s > 2s; Poll: 00:00:02.1933416; Update: 00:00:00.0016233)
2026-09-19T23:29:19.7958|WARNING|DeviceUpdateTimer.cs|Run|115|Dome value update cycle took longer than the device poll interval (Total: 3.53s > 2s; Poll: 00:00:00.0027022; Update: 00:00:03.5270267)
2026-09-19T23:29:26.4077|INFO|SequenceItem.cs|Run|254|Finishing Category: Fotocamera, Item: TakeExposure, ExposureTime 600, Gain 15, Offset 132, ImageType LIGHT, Binning 1x1
2026-09-19T23:29:26.4090|INFO|MeridianFlipTrigger.cs|ShouldTrigger|296|Meridian Flip - (Side of Pier usage is disabled) There is still time remaining. Max remaining time 09:47:54.8767055, next instruction time 0, next instruction Category: Ruota porta filtri, Item: SwitchFilter, Filter: L-Pro
2026-09-19T23:29:26.4091|INFO|SequenceItem.cs|Run|208|Starting Category: Ruota porta filtri, Item: SwitchFilter, Filter: L-Pro
2026-09-19T23:29:26.4093|WARNING|DeviceUpdateTimer.cs|Run|115|Camera value update cycle took longer than the device poll interval (Total: 10.32s > 2s; Poll: 00:00:10.3179957; Update: 00:00:00.0001435)
2026-09-19T23:29:26.5239|INFO|SequenceItem.cs|Run|254|Finishing Category: Ruota porta filtri, Item: SwitchFilter, Filter: L-Pro
2026-09-19T23:29:26.5265|INFO|SequenceTrigger.cs|Run|114|Starting Trigger: DitherAfterExposures, After Exposures: 1
2026-09-19T23:29:26.5276|INFO|SequenceItem.cs|Run|208|Starting Category: * Set di Istruzioni *, Container: NINA.Sequencer.Container.SequentialContainer, Strategy: SequentialStrategy, Items[CREATED]: 1
2026-09-19T23:29:26.5281|INFO|SequenceItem.cs|Run|208|Starting Category: Guida, Item: Dither
2026-09-19T23:29:31.5527|INFO|HocusFocusStarDetection.cs|Detect|413|Average HFR: 2.646709566366944, HFR MAD: 0.3363834720482046, Detected Stars 617, Region: 0
2026-09-19T23:29:32.7205|INFO|BaseImageData.cs|SaveToDisk|346|Saved image to D:\Images NINA\Target\LIGHT_1x1_600.00s_15_132_M 27_Celestron C8__-9.91C_L-Pro_0357_2026-09-19_23-19-20_FWHM_4.23_Fok_39775.xisf
2026-09-19T23:29:32.7210|INFO|ImageSaveController.cs|DoWork|97|Successfully saved file at D:\Images NINA\Target\LIGHT_1x1_600.00s_15_132_M 27_Celestron C8__-9.91C_L-Pro_0357_2026-09-19_23-19-20_FWHM_4.23_Fok_39775.xisf. Duration Total: 00:00:05.8602180; BeforeSave: 00:00:00.6072684; BeforeFinalizeImageSaved: 00:00:04.7368256; FinalizeSaveTime: 00:00:00.5161226
2026-09-19T23:30:08.8693|ERROR|PHD2Guider.cs|ProcessEvent|937|PHD2 error:timed-out waiting for guider to settle
2026-09-19T23:30:09.1397|INFO|SequenceItem.cs|Run|254|Finishing Category: Guida, Item: Dither
2026-09-19T23:30:09.1399|INFO|SequenceItem.cs|Run|254|Finishing Category: * Set di Istruzioni *, Container: NINA.Sequencer.Container.SequentialContainer, Strategy: SequentialStrategy, Items[FINISHED]: 1
2026-09-19T23:30:09.1417|INFO|MeridianFlipTrigger.cs|ShouldTrigger|296|Meridian Flip - (Side of Pier usage is disabled) There is still time remaining. Max remaining time 09:47:11.4167479, next instruction time 600, next instruction Category: Fotocamera, Item: TakeExposure, ExposureTime 600, Gain 15, Offset 132, ImageType LIGHT, Binning 1x1
2026-09-19T23:30:09.1420|INFO|SequenceTrigger.cs|Run|114|Starting Trigger: RestoreGuiding
2026-09-19T23:30:09.1421|INFO|SequenceItem.cs|Run|208|Starting Category: * Set di Istruzioni *, Container: NINA.Sequencer.Container.SequentialContainer, Strategy: SequentialStrategy, Items[CREATED]: 1
2026-09-19T23:30:09.1422|INFO|SequenceItem.cs|Run|208|Starting Category: Guida, Item: StartGuiding
2026-09-19T23:30:09.2189|INFO|PHD2Guider.cs|StartGuidingPrivate|504|Phd2 - App is already guiding. Skipping start guiding
2026-09-19T23:30:09.2190|INFO|SequenceItem.cs|Run|254|Finishing Category: Guida, Item: StartGuiding
2026-09-19T23:30:09.2192|INFO|SequenceItem.cs|Run|254|Finishing Category: * Set di Istruzioni *, Container: NINA.Sequencer.Container.SequentialContainer, Strategy: SequentialStrategy, Items[FINISHED]: 1
2026-09-19T23:30:09.2541|INFO|SequenceItem.cs|Run|208|Starting Category: Fotocamera, Item: TakeExposure, ExposureTime 600, Gain 15, Offset 132, ImageType LIGHT, Binning 1x1
2026-09-19T23:30:09.2549|INFO|CameraVM.cs|Capture|742|Starting Exposure - Exposure Time: 600s; Filter: ; Gain: 15; Offset 132; Binning: 1x1;
2026-09-19T23:36:53.3213|WARNING|DeviceUpdateTimer.cs|Run|115|Mount value update cycle took longer than the device poll interval (Total: 2.89s > 2s; Poll: 00:00:02.8929396; Update: 00:00:00.0001308)
2026-09-19T23:40:15.4592|WARNING|DeviceUpdateTimer.cs|Run|115|Camera value update cycle took longer than the device poll interval (Total: 11.17s > 2s; Poll: 00:00:11.1734520; Update: 00:00:00.0001677)
2026-09-19T23:40:15.4601|INFO|SequenceItem.cs|Run|254|Finishing Category: Fotocamera, Item: TakeExposure, ExposureTime 600, Gain 15, Offset 132, ImageType LIGHT, Binning 1x1
2026-09-19T23:40:15.4607|INFO|MeridianFlipTrigger.cs|ShouldTrigger|296|Meridian Flip - (Side of Pier usage is disabled) There is still time remaining. Max remaining time 09:37:03.2909655, next instruction time 0, next instruction Category: Ruota porta filtri, Item: SwitchFilter, Filter: L-Pro
2026-09-19T23:40:15.4607|INFO|SequenceItem.cs|Run|208|Starting Category: Ruota porta filtri, Item: SwitchFilter, Filter: L-Pro
2026-09-19T23:40:15.6232|INFO|SequenceItem.cs|Run|254|Finishing Category: Ruota porta filtri, Item: SwitchFilter, Filter: L-Pro
2026-09-19T23:40:15.6954|INFO|SequenceTrigger.cs|Run|114|Starting Trigger: DitherAfterExposures, After Exposures: 1
2026-09-19T23:40:15.7372|INFO|SequenceItem.cs|Run|208|Starting Category: * Set di Istruzioni *, Container: NINA.Sequencer.Container.SequentialContainer, Strategy: SequentialStrategy, Items[CREATED]: 1
2026-09-19T23:40:15.7374|INFO|SequenceItem.cs|Run|208|Starting Category: Guida, Item: Dither
2026-09-19T23:40:16.3951|INFO|SequenceItem.cs|Run|254|Finishing Category: Guida, Item: Dither
2026-09-19T23:40:16.3954|INFO|SequenceItem.cs|Run|254|Finishing Category: * Set di Istruzioni *, Container: NINA.Sequencer.Container.SequentialContainer, Strategy: SequentialStrategy, Items[FINISHED]: 1
2026-09-19T23:40:16.6254|INFO|MeridianFlipTrigger.cs|ShouldTrigger|296|Meridian Flip - (Side of Pier usage is disabled) There is still time remaining. Max remaining time 09:37:01.8279830, next instruction time 600, next instruction Category: Fotocamera, Item: TakeExposure, ExposureTime 600, Gain 15, Offset 132, ImageType LIGHT, Binning 1x1
2026-09-19T23:40:16.6255|INFO|SequenceTrigger.cs|Run|114|Starting Trigger: RestoreGuiding
2026-09-19T23:40:16.6257|INFO|SequenceItem.cs|Run|208|Starting Category: * Set di Istruzioni *, Container: NINA.Sequencer.Container.SequentialContainer, Strategy: SequentialStrategy, Items[CREATED]: 1
2026-09-19T23:40:16.6258|INFO|SequenceItem.cs|Run|208|Starting Category: Guida, Item: StartGuiding
2026-09-19T23:40:16.6672|INFO|PHD2Guider.cs|StartGuidingPrivate|509|Phd2 - App has lost guide star and needs to stop before starting guiding again
2026-09-19T23:40:20.6739|INFO|HocusFocusStarDetection.cs|Detect|413|Average HFR: 3.089210610879837, HFR MAD: 0.39703391495614015, Detected Stars 487, Region: 0
2026-09-19T23:40:21.3628|INFO|BaseImageData.cs|SaveToDisk|346|Saved image to D:\Images NINA\Target\LIGHT_1x1_600.00s_15_132_M 27_Celestron C8__-9.91C_L-Pro_0358_2026-09-19_23-30-09_FWHM_4.79_Fok_39775.xisf
2026-09-19T23:40:21.3629|INFO|ImageSaveController.cs|DoWork|97|Successfully saved file at D:\Images NINA\Target\LIGHT_1x1_600.00s_15_132_M 27_Celestron C8__-9.91C_L-Pro_0358_2026-09-19_23-30-09_FWHM_4.79_Fok_39775.xisf. Duration Total: 00:00:05.3227452; BeforeSave: 00:00:00.0001864; BeforeFinalizeImageSaved: 00:00:05.2734848; FinalizeSaveTime: 00:00:00.0490733
2026-09-19T23:40:21.7882|WARNING|DeviceUpdateTimer.cs|Run|115|Dome value update cycle took longer than the device poll interval (Total: 7.64s > 2s; Poll: 00:00:00.0207372; Update: 00:00:07.6239140)
2026-09-19T23:40:22.5385|INFO|PHD2Guider.cs|TryStartGuideCommand|641|Phd2 - Requesting to start guiding. Recalibrate: False
2026-09-19T23:41:19.3853|ERROR|PHD2Guider.cs|ProcessEvent|937|PHD2 error:timed-out waiting for guider to settle
2026-09-19T23:41:19.5488|INFO|SequenceItem.cs|Run|254|Finishing Category: Guida, Item: StartGuiding
2026-09-19T23:41:19.5543|INFO|SequenceItem.cs|Run|254|Finishing Category: * Set di Istruzioni *, Container: NINA.Sequencer.Container.SequentialContainer, Strategy: SequentialStrategy, Items[FINISHED]: 1
2026-09-19T23:41:19.5550|INFO|SequenceItem.cs|Run|208|Starting Category: Fotocamera, Item: TakeExposure, ExposureTime 600, Gain 15, Offset 132, ImageType LIGHT, Binning 1x1
2026-09-19T23:41:19.5998|INFO|CameraVM.cs|Capture|742|Starting Exposure - Exposure Time: 600s; Filter: ; Gain: 15; Offset 132; Binning: 1x1;
2026-09-19T23:51:21.4011|WARNING|DeviceUpdateTimer.cs|Run|115|Dome value update cycle took longer than the device poll interval (Total: 7.34s > 2s; Poll: 00:00:00.1906535; Update: 00:00:07.1498573)
2026-09-19T23:51:25.8591|WARNING|DeviceUpdateTimer.cs|Run|115|Camera value update cycle took longer than the device poll interval (Total: 11.80s > 2s; Poll: 00:00:11.8018181; Update: 00:00:00.0003551)
2026-09-19T23:51:25.9441|INFO|SequenceItem.cs|Run|254|Finishing Category: Fotocamera, Item: TakeExposure, ExposureTime 600, Gain 15, Offset 132, ImageType LIGHT, Binning 1x1
2026-09-19T23:51:25.9456|INFO|MeridianFlipTrigger.cs|ShouldTrigger|296|Meridian Flip - (Side of Pier usage is disabled) There is still time remaining. Max remaining time 09:25:52.9584779, next instruction time 0, next instruction Category: Ruota porta filtri, Item: SwitchFilter, Filter: L-Pro
2026-09-19T23:51:25.9457|INFO|SequenceItem.cs|Run|208|Starting Category: Ruota porta filtri, Item: SwitchFilter, Filter: L-Pro
2026-09-19T23:51:26.0676|INFO|SequenceItem.cs|Run|254|Finishing Category: Ruota porta filtri, Item: SwitchFilter, Filter: L-Pro
2026-09-19T23:51:26.0681|INFO|SequenceTrigger.cs|Run|114|Starting Trigger: DitherAfterExposures, After Exposures: 1
2026-09-19T23:51:26.0682|INFO|SequenceItem.cs|Run|208|Starting Category: * Set di Istruzioni *, Container: NINA.Sequencer.Container.SequentialContainer, Strategy: SequentialStrategy, Items[CREATED]: 1
2026-09-19T23:51:26.0682|INFO|SequenceItem.cs|Run|208|Starting Category: Guida, Item: Dither
2026-09-19T23:51:27.6556|INFO|SequenceItem.cs|Run|254|Finishing Category: Guida, Item: Dither
2026-09-19T23:51:27.6560|INFO|SequenceItem.cs|Run|254|Finishing Category: * Set di Istruzioni *, Container: NINA.Sequencer.Container.SequentialContainer, Strategy: SequentialStrategy, Items[FINISHED]: 1
2026-09-19T23:51:27.6562|INFO|MeridianFlipTrigger.cs|ShouldTrigger|296|Meridian Flip - (Side of Pier usage is disabled) There is still time remaining. Max remaining time 09:25:52.9584779, next instruction time 600, next instruction Category: Fotocamera, Item: TakeExposure, ExposureTime 600, Gain 15, Offset 132, ImageType LIGHT, Binning 1x1
2026-09-19T23:51:27.6562|INFO|SequenceTrigger.cs|Run|114|Starting Trigger: RestoreGuiding
2026-09-19T23:51:27.6563|INFO|SequenceItem.cs|Run|208|Starting Category: * Set di Istruzioni *, Container: NINA.Sequencer.Container.SequentialContainer, Strategy: SequentialStrategy, Items[CREATED]: 1
2026-09-19T23:51:27.9570|INFO|SequenceItem.cs|Run|208|Starting Category: Guida, Item: StartGuiding
2026-09-19T23:51:28.7659|WARNING|DeviceUpdateTimer.cs|Run|115|Mount value update cycle took longer than the device poll interval (Total: 2.79s > 2s; Poll: 00:00:02.7244079; Update: 00:00:00.0616718)
2026-09-19T23:51:29.0018|INFO|PHD2Guider.cs|StartGuidingPrivate|509|Phd2 - App has lost guide star and needs to stop before starting guiding again
2026-09-19T23:51:32.1584|INFO|HocusFocusStarDetection.cs|Detect|413|Average HFR: 2.560029226001994, HFR MAD: 0.3182491024190277, Detected Stars 633, Region: 0
2026-09-19T23:51:32.9085|INFO|BaseImageData.cs|SaveToDisk|346|Saved image to D:\Images NINA\Target\LIGHT_1x1_600.00s_15_132_M 27_Celestron C8__-9.96C_L-Pro_0359_2026-09-19_23-41-19_FWHM_4.08_Fok_39775.xisf
2026-09-19T23:51:32.9086|INFO|ImageSaveController.cs|DoWork|97|Successfully saved file at D:\Images NINA\Target\LIGHT_1x1_600.00s_15_132_M 27_Celestron C8__-9.96C_L-Pro_0359_2026-09-19_23-41-19_FWHM_4.08_Fok_39775.xisf. Duration Total: 00:00:06.5318673; BeforeSave: 00:00:00.7636016; BeforeFinalizeImageSaved: 00:00:05.7242899; FinalizeSaveTime: 00:00:00.0439749
2026-09-19T23:51:36.1687|ERROR|AscomDevice.cs|GetProperty|546|An unexpected exception occurred during GET of Telescope.AtPark: 
ASCOM.DriverException: Riferimento a un oggetto non impostato su un'istanza di oggetto.
 ---> System.NullReferenceException: Riferimento a un oggetto non impostato su un'istanza di oggetto.
   --- End of inner exception stack trace ---
   at ASCOM.Com.DriverAccess.DynamicAccess.CheckDotNetExceptions(String memberName, Exception e) in J:\ASCOMLibrary\ASCOM.Com\ASCOM.Com.DriverAccess\BaseClass\DynamicAccess.cs:line 278
   at ASCOM.Com.DriverAccess.DynamicAccess.TryGetMember(GetMemberBinder binder, Object& result) in J:\ASCOMLibrary\ASCOM.Com\ASCOM.Com.DriverAccess\BaseClass\DynamicAccess.cs:line 150
   at CallSite.Target(Closure, CallSite, Object)
   at ASCOM.Com.DriverAccess.Telescope.get_AtPark() in J:\ASCOMLibrary\ASCOM.Com\ASCOM.Com.DriverAccess\Telescope.cs:line 135
   at InvokeStub_Telescope.get_AtPark(Object, Object, IntPtr*)
   at System.Reflection.MethodBaseInvoker.InvokeWithNoArgs(Object obj, BindingFlags invokeAttr)
2026-09-19T23:51:36.3711|INFO|AscomDevice.cs|GetProperty|485|Retrying to GET Telescope.AtPark - Attempt 2 / 3
2026-09-19T23:51:36.3851|WARNING|DeviceUpdateTimer.cs|Run|115|Focuser value update cycle took longer than the device poll interval (Total: 3.57s > 2s; Poll: 00:00:03.5720190; Update: 00:00:00.0001803)
2026-09-19T23:51:38.8973|INFO|PHD2Guider.cs|TryStartGuideCommand|641|Phd2 - Requesting to start guiding. Recalibrate: False
2026-09-19T23:51:57.2979|INFO|Thumbnail.cs|LoadOriginalImage|40|Reloading image from D:\Images NINA\Target\LIGHT_1x1_600.00s_15_132_M 27_Celestron C8__-9.91C_L-Pro_0358_2026-09-19_23-30-09_FWHM_4.79_Fok_39775.xisf
2026-09-19T23:52:05.3789|INFO|Thumbnail.cs|LoadOriginalImage|40|Reloading image from D:\Images NINA\Target\LIGHT_1x1_600.00s_15_132_M 27_Celestron C8__-9.96C_L-Pro_0359_2026-09-19_23-41-19_FWHM_4.08_Fok_39775.xisf
2026-09-19T23:52:36.2537|ERROR|PHD2Guider.cs|ProcessEvent|937|PHD2 error:timed-out waiting for guider to settle
2026-09-19T23:52:36.3685|INFO|SequenceItem.cs|Run|254|Finishing Category: Guida, Item: StartGuiding
2026-09-19T23:52:36.3699|INFO|SequenceItem.cs|Run|254|Finishing Category: * Set di Istruzioni *, Container: NINA.Sequencer.Container.SequentialContainer, Strategy: SequentialStrategy, Items[FINISHED]: 1
2026-09-19T23:52:36.3738|INFO|AutofocusAfterHFRIncreaseTrigger.cs|ShouldTrigger|221|Autofocus after HFR change should be triggered, as current HFR trend is 6.33% higher compared to threshold of 5%
2026-09-19T23:52:36.3810|INFO|SequenceTrigger.cs|Run|114|Starting Trigger: AutofocusAfterHFRIncreaseTrigger, Amount: 5
2026-09-19T23:52:36.3822|INFO|SequenceItem.cs|Run|208|Starting Category: * Set di Istruzioni *, Container: NINA.Sequencer.Container.SequentialContainer, Strategy: SequentialStrategy, Items[CREATED]: 1
2026-09-19T23:52:36.3824|INFO|SequenceItem.cs|Run|208|Starting Category: Focheggiatore, Item: RunAutofocus
2026-09-19T23:52:36.6813|INFO|FocuserMediator.cs|BroadcastAutoFocusRunStarting|92|Autofocus starting notification received
2026-09-19T23:52:37.2196|INFO|AutoFocusEngine.cs|RunAutoFocus|929|Starting AutoFocus with initial position 39775
2026-09-19T23:52:37.4510|INFO|CameraVM.cs|Capture|742|Starting Exposure - Exposure Time: 6s; Filter: L-Pro; Gain: 15; Offset 132; Binning: 2x2;
2026-09-19T23:52:44.9338|INFO|AutoFocusEngine.cs|StartBlindFocusPoints|769|Waiting on initial HFR analysis
2026-09-19T23:52:44.9342|INFO|FocuserVM.cs|MoveFocuserInternal|216|Moving Focuser to position 40575
2026-09-19T23:52:46.6801|INFO|HocusFocusStarDetection.cs|Detect|413|Average HFR: 1.6224307918634995, HFR MAD: 0.07565904829706893, Detected Stars 109, Region: 0
2026-09-19T23:52:53.2234|INFO|CameraVM.cs|Capture|742|Starting Exposure - Exposure Time: 6s; Filter: L-Pro; Gain: 15; Offset 132; Binning: 2x2;
2026-09-19T23:53:00.5654|INFO|FocuserVM.cs|MoveFocuserInternal|216|Moving Focuser to position 40375
2026-09-19T23:53:01.7274|INFO|HocusFocusStarDetection.cs|Detect|413|Average HFR: 1.8024001642660887, HFR MAD: 0.11822981658647524, Detected Stars 192, Region: 0
2026-09-19T23:53:06.6390|INFO|CameraVM.cs|Capture|742|Starting Exposure - Exposure Time: 6s; Filter: L-Pro; Gain: 15; Offset 132; Binning: 2x2;
2026-09-19T23:53:14.0488|INFO|FocuserVM.cs|MoveFocuserInternal|216|Moving Focuser to position 40175
2026-09-19T23:53:16.3661|INFO|HocusFocusStarDetection.cs|Detect|413|Average HFR: 1.7065356481945388, HFR MAD: 0.11691283433976363, Detected Stars 159, Region: 0
2026-09-19T23:53:19.3757|INFO|CameraVM.cs|Capture|742|Starting Exposure - Exposure Time: 6s; Filter: L-Pro; Gain: 15; Offset 132; Binning: 2x2;
2026-09-19T23:53:26.7067|INFO|FocuserVM.cs|MoveFocuserInternal|216|Moving Focuser to position 39975
2026-09-19T23:53:28.3244|INFO|HocusFocusStarDetection.cs|Detect|413|Average HFR: 1.6494463568880544, HFR MAD: 0.09364044136457861, Detected Stars 112, Region: 0
2026-09-19T23:53:32.5582|INFO|CameraVM.cs|Capture|742|Starting Exposure - Exposure Time: 6s; Filter: L-Pro; Gain: 15; Offset 132; Binning: 2x2;
2026-09-19T23:53:40.0664|INFO|AutoFocusEngine.cs|StartBlindFocusPoints|797|Waiting on initial focuser move analyses
2026-09-19T23:53:41.5103|INFO|HocusFocusStarDetection.cs|Detect|413|Average HFR: 1.66259180614738, HFR MAD: 0.09470544985208429, Detected Stars 129, Region: 0
2026-09-19T23:53:41.7549|INFO|FocuserVM.cs|MoveFocuserInternal|216|Moving Focuser to position 39775
2026-09-19T23:53:47.2040|INFO|CameraVM.cs|Capture|742|Starting Exposure - Exposure Time: 6s; Filter: L-Pro; Gain: 15; Offset 132; Binning: 2x2;
2026-09-19T23:53:54.6364|INFO|AutoFocusEngine.cs|StartBlindFocusPoints|870|Waiting on next left movement analysis
2026-09-19T23:53:55.9301|INFO|HocusFocusStarDetection.cs|Detect|413|Average HFR: 1.7036231768153658, HFR MAD: 0.09552929965899581, Detected Stars 144, Region: 0
2026-09-19T23:53:56.0451|INFO|FocuserVM.cs|MoveFocuserInternal|216|Moving Focuser to position 39575
2026-09-19T23:54:01.3807|INFO|CameraVM.cs|Capture|742|Starting Exposure - Exposure Time: 6s; Filter: L-Pro; Gain: 15; Offset 132; Binning: 2x2;
2026-09-19T23:54:08.7243|INFO|AutoFocusEngine.cs|StartBlindFocusPoints|870|Waiting on next left movement analysis
2026-09-19T23:54:10.6917|INFO|HocusFocusStarDetection.cs|Detect|413|Average HFR: 2.0888614698275036, HFR MAD: 0.19763852333388376, Detected Stars 207, Region: 0
2026-09-19T23:54:10.8592|INFO|FocuserVM.cs|MoveFocuserInternal|216|Moving Focuser to position 39375
2026-09-19T23:54:16.5262|INFO|CameraVM.cs|Capture|742|Starting Exposure - Exposure Time: 6s; Filter: L-Pro; Gain: 15; Offset 132; Binning: 2x2;
2026-09-19T23:54:23.8528|INFO|AutoFocusEngine.cs|StartBlindFocusPoints|870|Waiting on next left movement analysis
2026-09-19T23:54:25.1958|INFO|HocusFocusStarDetection.cs|Detect|413|Average HFR: 2.2609331557107026, HFR MAD: 0.16275158441050586, Detected Stars 158, Region: 0
2026-09-19T23:54:25.2931|INFO|FocuserVM.cs|MoveFocuserInternal|216|Moving Focuser to position 39175
2026-09-19T23:54:30.7265|INFO|CameraVM.cs|Capture|742|Starting Exposure - Exposure Time: 6s; Filter: L-Pro; Gain: 15; Offset 132; Binning: 2x2;
2026-09-19T23:54:38.0505|INFO|AutoFocusEngine.cs|StartBlindFocusPoints|870|Waiting on next left movement analysis
2026-09-19T23:54:39.1371|INFO|HocusFocusStarDetection.cs|Detect|413|Average HFR: 1.9458150917207897, HFR MAD: 0.1411458538252639, Detected Stars 198, Region: 0
2026-09-19T23:54:39.2736|INFO|FocuserVM.cs|MoveFocuserInternal|216|Moving Focuser to position 38975
2026-09-19T23:54:44.6955|INFO|CameraVM.cs|Capture|742|Starting Exposure - Exposure Time: 6s; Filter: L-Pro; Gain: 15; Offset 132; Binning: 2x2;
2026-09-19T23:54:52.0375|INFO|AutoFocusEngine.cs|StartBlindFocusPoints|870|Waiting on next left movement analysis
2026-09-19T23:54:53.7500|INFO|HocusFocusStarDetection.cs|Detect|413|Average HFR: 2.108838691347593, HFR MAD: 0.18074635058889177, Detected Stars 191, Region: 0
2026-09-19T23:54:53.7981|INFO|AutoFocusEngine.cs|StartBlindFocusPoints|823|Enough left trend points (4) with an established minimum (40175) to queue remaining right focus points up to 40975
2026-09-19T23:54:53.7998|INFO|FocuserVM.cs|MoveFocuserInternal|216|Moving Focuser to position 40775
2026-09-19T23:55:07.2645|INFO|CameraVM.cs|Capture|742|Starting Exposure - Exposure Time: 6s; Filter: L-Pro; Gain: 15; Offset 132; Binning: 2x2;
2026-09-19T23:55:14.6081|INFO|FocuserVM.cs|MoveFocuserInternal|216|Moving Focuser to position 40975
2026-09-19T23:55:15.9818|INFO|HocusFocusStarDetection.cs|Detect|413|Average HFR: 1.7816066561569266, HFR MAD: 0.14263614891793464, Detected Stars 177, Region: 0
2026-09-19T23:55:20.6307|INFO|CameraVM.cs|Capture|742|Starting Exposure - Exposure Time: 6s; Filter: L-Pro; Gain: 15; Offset 132; Binning: 2x2;
2026-09-19T23:55:27.9577|INFO|AutoFocusEngine.cs|StartBlindFocusPoints|896|Waiting on remaining AutoFocus analysis tasks
2026-09-19T23:55:29.4988|INFO|HocusFocusStarDetection.cs|Detect|413|Average HFR: 2.0734448912194505, HFR MAD: 0.1906783334049329, Detected Stars 184, Region: 0
2026-09-19T23:55:29.5675|ERROR|AutoFocusEngine.cs|ValidateCalculatedFocusPosition|1088|Auto Focus Failed! R² (Coefficient of determination) for Hyperbolic Fitting is below threshold. 0.67 / 0.85; Region: 
2026-09-19T23:55:29.5678|WARNING|AutoFocusEngine.cs|RunAutoFocus|965|Potentially bad auto-focus. Setting focuser back to 39775 and re-attempting.
2026-09-19T23:55:29.5684|INFO|FocuserVM.cs|MoveFocuserInternal|216|Moving Focuser to position 39775
2026-09-19T23:55:40.4198|INFO|AutoFocusEngine.cs|StartBlindFocusPoints|769|Waiting on initial HFR analysis
2026-09-19T23:55:40.4203|INFO|FocuserVM.cs|MoveFocuserInternal|216|Moving Focuser to position 40575
2026-09-19T23:55:48.8828|INFO|CameraVM.cs|Capture|742|Starting Exposure - Exposure Time: 6s; Filter: L-Pro; Gain: 15; Offset 132; Binning: 2x2;
2026-09-19T23:55:56.2699|INFO|FocuserVM.cs|MoveFocuserInternal|216|Moving Focuser to position 40375
2026-09-19T23:55:57.3196|INFO|HocusFocusStarDetection.cs|Detect|413|Average HFR: 1.7529592795760143, HFR MAD: 0.12823140362006447, Detected Stars 177, Region: 0
2026-09-19T23:56:02.4662|INFO|CameraVM.cs|Capture|742|Starting Exposure - Exposure Time: 6s; Filter: L-Pro; Gain: 15; Offset 132; Binning: 2x2;
2026-09-19T23:56:09.7761|INFO|FocuserVM.cs|MoveFocuserInternal|216|Moving Focuser to position 40175
2026-09-19T23:56:10.9591|INFO|HocusFocusStarDetection.cs|Detect|413|Average HFR: 1.6873949869806535, HFR MAD: 0.10390635325419284, Detected Stars 143, Region: 0
2026-09-19T23:56:16.4696|INFO|CameraVM.cs|Capture|742|Starting Exposure - Exposure Time: 6s; Filter: L-Pro; Gain: 15; Offset 132; Binning: 2x2;
2026-09-19T23:56:23.7996|INFO|FocuserVM.cs|MoveFocuserInternal|216|Moving Focuser to position 39975
2026-09-19T23:56:25.1843|INFO|HocusFocusStarDetection.cs|Detect|413|Average HFR: 1.6660055688176472, HFR MAD: 0.10925407879561111, Detected Stars 139, Region: 0
2026-09-19T23:56:29.2351|INFO|CameraVM.cs|Capture|742|Starting Exposure - Exposure Time: 6s; Filter: L-Pro; Gain: 15; Offset 132; Binning: 2x2;
2026-09-19T23:56:36.6243|INFO|AutoFocusEngine.cs|StartBlindFocusPoints|797|Waiting on initial focuser move analyses
2026-09-19T23:56:37.8583|INFO|HocusFocusStarDetection.cs|Detect|413|Average HFR: 1.6234177035025668, HFR MAD: 0.07133773142442768, Detected Stars 94, Region: 0
2026-09-19T23:56:37.9116|INFO|FocuserVM.cs|MoveFocuserInternal|216|Moving Focuser to position 39775
2026-09-19T23:56:43.4557|INFO|CameraVM.cs|Capture|742|Starting Exposure - Exposure Time: 6s; Filter: L-Pro; Gain: 15; Offset 132; Binning: 2x2;
2026-09-19T23:56:50.7879|INFO|AutoFocusEngine.cs|StartBlindFocusPoints|870|Waiting on next left movement analysis
2026-09-19T23:56:51.9329|INFO|HocusFocusStarDetection.cs|Detect|413|Average HFR: 1.6619565590963732, HFR MAD: 0.09472367672917947, Detected Stars 124, Region: 0
2026-09-19T23:56:52.3997|INFO|FocuserVM.cs|MoveFocuserInternal|216|Moving Focuser to position 39575
2026-09-19T23:56:58.4086|INFO|CameraVM.cs|Capture|742|Starting Exposure - Exposure Time: 6s; Filter: L-Pro; Gain: 15; Offset 132; Binning: 2x2;
2026-09-19T23:57:05.7195|INFO|AutoFocusEngine.cs|StartBlindFocusPoints|870|Waiting on next left movement analysis
2026-09-19T23:57:06.5680|INFO|HocusFocusStarDetection.cs|Detect|413|Average HFR: 1.7053885429574391, HFR MAD: 0.11178371755572858, Detected Stars 164, Region: 0
2026-09-19T23:57:06.6923|INFO|FocuserVM.cs|MoveFocuserInternal|216|Moving Focuser to position 39375
2026-09-19T23:57:12.4686|INFO|CameraVM.cs|Capture|742|Starting Exposure - Exposure Time: 6s; Filter: L-Pro; Gain: 15; Offset 132; Binning: 2x2;
2026-09-19T23:57:19.7795|INFO|AutoFocusEngine.cs|StartBlindFocusPoints|870|Waiting on next left movement analysis
2026-09-19T23:57:20.8468|INFO|HocusFocusStarDetection.cs|Detect|413|Average HFR: 1.8172175805145507, HFR MAD: 0.1374333363003004, Detected Stars 185, Region: 0
2026-09-19T23:57:20.9368|INFO|FocuserVM.cs|MoveFocuserInternal|216|Moving Focuser to position 39175
2026-09-19T23:57:26.5130|INFO|CameraVM.cs|Capture|742|Starting Exposure - Exposure Time: 6s; Filter: L-Pro; Gain: 15; Offset 132; Binning: 2x2;
2026-09-19T23:57:33.8431|INFO|AutoFocusEngine.cs|StartBlindFocusPoints|870|Waiting on next left movement analysis
2026-09-19T23:57:35.1816|INFO|HocusFocusStarDetection.cs|Detect|413|Average HFR: 1.9812986995716229, HFR MAD: 0.17065634167610289, Detected Stars 186, Region: 0
2026-09-19T23:57:35.2381|INFO|FocuserVM.cs|MoveFocuserInternal|216|Moving Focuser to position 38975
2026-09-19T23:57:40.6474|INFO|CameraVM.cs|Capture|742|Starting Exposure - Exposure Time: 6s; Filter: L-Pro; Gain: 15; Offset 132; Binning: 2x2;
2026-09-19T23:57:47.9707|INFO|AutoFocusEngine.cs|StartBlindFocusPoints|870|Waiting on next left movement analysis
2026-09-19T23:57:49.1668|INFO|HocusFocusStarDetection.cs|Detect|413|Average HFR: 2.124954270683938, HFR MAD: 0.20611649083007055, Detected Stars 203, Region: 0
2026-09-19T23:57:49.2946|INFO|FocuserVM.cs|MoveFocuserInternal|216|Moving Focuser to position 38775
2026-09-19T23:57:54.6971|INFO|CameraVM.cs|Capture|742|Starting Exposure - Exposure Time: 6s; Filter: L-Pro; Gain: 15; Offset 132; Binning: 2x2;
2026-09-19T23:58:02.0185|INFO|AutoFocusEngine.cs|StartBlindFocusPoints|870|Waiting on next left movement analysis
2026-09-19T23:58:03.3029|INFO|HocusFocusStarDetection.cs|Detect|413|Average HFR: 2.331727574489089, HFR MAD: 0.22625236875442223, Detected Stars 186, Region: 0
2026-09-19T23:58:03.4402|INFO|AutoFocusEngine.cs|StartBlindFocusPoints|823|Enough left trend points (4) with an established minimum (39975) to queue remaining right focus points up to 40775
2026-09-19T23:58:03.4405|INFO|FocuserVM.cs|MoveFocuserInternal|216|Moving Focuser to position 40775
2026-09-19T23:58:11.9123|WARNING|DeviceUpdateTimer.cs|Run|115|Dome value update cycle took longer than the device poll interval (Total: 4.81s > 2s; Poll: 00:00:00.0407995; Update: 00:00:04.7689591)
2026-09-19T23:58:18.0493|INFO|CameraVM.cs|Capture|742|Starting Exposure - Exposure Time: 6s; Filter: L-Pro; Gain: 15; Offset 132; Binning: 2x2;
2026-09-19T23:58:25.3631|INFO|AutoFocusEngine.cs|StartBlindFocusPoints|896|Waiting on remaining AutoFocus analysis tasks
2026-09-19T23:58:26.3752|INFO|HocusFocusStarDetection.cs|Detect|413|Average HFR: 1.848378404315007, HFR MAD: 0.15063353915499866, Detected Stars 189, Region: 0
2026-09-19T23:58:26.5234|INFO|FocuserVM.cs|MoveFocuserInternal|216|Moving Focuser to position 39957
2026-09-19T23:58:35.8671|INFO|AutoFocusEngine.cs|ValidateCalculatedFocusPosition|1141|Validating HFR at final focus position 39957
2026-09-19T23:58:36.0202|INFO|CameraVM.cs|Capture|742|Starting Exposure - Exposure Time: 6s; Filter: L-Pro; Gain: 15; Offset 132; Binning: 2x2;
2026-09-19T23:58:44.4447|INFO|HocusFocusStarDetection.cs|Detect|413|Average HFR: 1.6362213922382027, HFR MAD: 0.09087801057064215, Detected Stars 91, Region: 0
2026-09-19T23:58:44.4450|INFO|HocusFocusVM.cs|AutoFocusEngine_Completed|473|AutoFocus completed with focuser starting at 39775 and ending at 39957
2026-09-19T23:58:44.4465|INFO|FocuserMediator.cs|BroadcastSuccessfulAutoFocusRun|46|Autofocus notification received - Temperature 21.5
2026-09-19T23:58:44.5640|INFO|AutoFocusEngine.cs|PerformPostAutoFocusActions|1022|Re-enabling temperature compensation after AutoFocus
2026-09-19T23:58:44.7530|INFO|PHD2Guider.cs|TryStartGuideCommand|641|Phd2 - Requesting to start guiding. Recalibrate: False
2026-09-19T23:59:37.3331|ERROR|PHD2Guider.cs|ProcessEvent|937|PHD2 error:timed-out waiting for guider to settle
2026-09-19T23:59:37.8107|INFO|SequenceItem.cs|Run|254|Finishing Category: Focheggiatore, Item: RunAutofocus
2026-09-19T23:59:37.8109|INFO|SequenceItem.cs|Run|254|Finishing Category: * Set di Istruzioni *, Container: NINA.Sequencer.Container.SequentialContainer, Strategy: SequentialStrategy, Items[FINISHED]: 1
2026-09-19T23:59:37.8114|INFO|SequenceItem.cs|Run|208|Starting Category: Fotocamera, Item: TakeExposure, ExposureTime 600, Gain 15, Offset 132, ImageType LIGHT, Binning 1x1
2026-09-19T23:59:37.8121|INFO|CameraVM.cs|Capture|742|Starting Exposure - Exposure Time: 600s; Filter: ; Gain: 15; Offset 132; Binning: 1x1;
2026-09-20T00:01:07.4178|WARNING|DeviceUpdateTimer.cs|Run|115|Mount value update cycle took longer than the device poll interval (Total: 3.79s > 2s; Poll: 00:00:03.7894351; Update: 00:00:00.0001146)
2026-09-20T00:09:40.5245|WARNING|DeviceUpdateTimer.cs|Run|115|Dome value update cycle took longer than the device poll interval (Total: 5.69s > 2s; Poll: 00:00:00.0031999; Update: 00:00:05.6916583)
2026-09-20T00:09:44.0409|INFO|SequenceItem.cs|Run|254|Finishing Category: Fotocamera, Item: TakeExposure, ExposureTime 600, Gain 15, Offset 132, ImageType LIGHT, Binning 1x1
2026-09-20T00:09:44.0413|INFO|MeridianFlipTrigger.cs|ShouldTrigger|296|Meridian Flip - (Side of Pier usage is disabled) There is still time remaining. Max remaining time 09:07:30.1391237, next instruction time 0, next instruction Category: Ruota porta filtri, Item: SwitchFilter, Filter: L-Pro
2026-09-20T00:09:44.0414|INFO|SequenceItem.cs|Run|208|Starting Category: Ruota porta filtri, Item: SwitchFilter, Filter: L-Pro
2026-09-20T00:09:44.0478|WARNING|DeviceUpdateTimer.cs|Run|115|Camera value update cycle took longer than the device poll interval (Total: 6.37s > 2s; Poll: 00:00:06.3735374; Update: 00:00:00.0001111)
2026-09-20T00:09:44.2282|INFO|SequenceItem.cs|Run|254|Finishing Category: Ruota porta filtri, Item: SwitchFilter, Filter: L-Pro
2026-09-20T00:09:44.2285|INFO|SequenceTrigger.cs|Run|114|Starting Trigger: DitherAfterExposures, After Exposures: 1
2026-09-20T00:09:44.2286|INFO|SequenceItem.cs|Run|208|Starting Category: * Set di Istruzioni *, Container: NINA.Sequencer.Container.SequentialContainer, Strategy: SequentialStrategy, Items[CREATED]: 1
2026-09-20T00:09:44.2287|INFO|SequenceItem.cs|Run|208|Starting Category: Guida, Item: Dither
2026-09-20T00:09:49.5990|INFO|HocusFocusStarDetection.cs|Detect|413|Average HFR: 2.534302394156848, HFR MAD: 0.3141892544399436, Detected Stars 678, Region: 0
2026-09-20T00:09:50.5841|INFO|BaseImageData.cs|SaveToDisk|346|Saved image to D:\Images NINA\Target\LIGHT_1x1_600.00s_15_132_M 27_Celestron C8__-9.96C_L-Pro_0360_2026-09-19_23-59-37_FWHM_3.90_Fok_39957.xisf
2026-09-20T00:09:50.5842|INFO|ImageSaveController.cs|DoWork|97|Successfully saved file at D:\Images NINA\Target\LIGHT_1x1_600.00s_15_132_M 27_Celestron C8__-9.96C_L-Pro_0360_2026-09-19_23-59-37_FWHM_3.90_Fok_39957.xisf. Duration Total: 00:00:05.7665189; BeforeSave: 00:00:00.0001040; BeforeFinalizeImageSaved: 00:00:05.7368481; FinalizeSaveTime: 00:00:00.0295660
2026-09-20T00:10:24.4789|ERROR|PHD2Guider.cs|ProcessEvent|937|PHD2 error:timed-out waiting for guider to settle
2026-09-20T00:10:24.6088|INFO|SequenceItem.cs|Run|254|Finishing Category: Guida, Item: Dither
2026-09-20T00:10:24.6146|INFO|SequenceItem.cs|Run|254|Finishing Category: * Set di Istruzioni *, Container: NINA.Sequencer.Container.SequentialContainer, Strategy: SequentialStrategy, Items[FINISHED]: 1
2026-09-20T00:10:24.6149|INFO|MeridianFlipTrigger.cs|ShouldTrigger|296|Meridian Flip - (Side of Pier usage is disabled) There is still time remaining. Max remaining time 09:06:48.3186758, next instruction time 600, next instruction Category: Fotocamera, Item: TakeExposure, ExposureTime 600, Gain 15, Offset 132, ImageType LIGHT, Binning 1x1
2026-09-20T00:10:24.6149|INFO|SequenceTrigger.cs|Run|114|Starting Trigger: RestoreGuiding
2026-09-20T00:10:24.6150|INFO|SequenceItem.cs|Run|208|Starting Category: * Set di Istruzioni *, Container: NINA.Sequencer.Container.SequentialContainer, Strategy: SequentialStrategy, Items[CREATED]: 1
2026-09-20T00:10:24.6151|INFO|SequenceItem.cs|Run|208|Starting Category: Guida, Item: StartGuiding
2026-09-20T00:10:24.6941|INFO|PHD2Guider.cs|StartGuidingPrivate|504|Phd2 - App is already guiding. Skipping start guiding
2026-09-20T00:10:24.6942|INFO|SequenceItem.cs|Run|254|Finishing Category: Guida, Item: StartGuiding
2026-09-20T00:10:24.6944|INFO|SequenceItem.cs|Run|254|Finishing Category: * Set di Istruzioni *, Container: NINA.Sequencer.Container.SequentialContainer, Strategy: SequentialStrategy, Items[FINISHED]: 1
2026-09-20T00:10:24.7080|INFO|SequenceItem.cs|Run|208|Starting Category: Fotocamera, Item: TakeExposure, ExposureTime 600, Gain 15, Offset 132, ImageType LIGHT, Binning 1x1
2026-09-20T00:10:24.7086|INFO|CameraVM.cs|Capture|742|Starting Exposure - Exposure Time: 600s; Filter: ; Gain: 15; Offset 132; Binning: 1x1;
2026-09-20T00:20:23.5041|WARNING|DeviceUpdateTimer.cs|Run|115|Dome value update cycle took longer than the device poll interval (Total: 3.88s > 2s; Poll: 00:00:00.0972548; Update: 00:00:03.7820422)
2026-09-20T00:20:30.9811|INFO|SequenceItem.cs|Run|254|Finishing Category: Fotocamera, Item: TakeExposure, ExposureTime 600, Gain 15, Offset 132, ImageType LIGHT, Binning 1x1
2026-09-20T00:20:30.9820|INFO|MeridianFlipTrigger.cs|ShouldTrigger|296|Meridian Flip - (Side of Pier usage is disabled) There is still time remaining. Max remaining time 08:56:42.5024862, next instruction time 0, next instruction Category: Ruota porta filtri, Item: SwitchFilter, Filter: L-Pro
2026-09-20T00:20:30.9823|INFO|SequenceItem.cs|Run|208|Starting Category: Ruota porta filtri, Item: SwitchFilter, Filter: L-Pro
2026-09-20T00:20:31.2296|INFO|SequenceItem.cs|Run|254|Finishing Category: Ruota porta filtri, Item: SwitchFilter, Filter: L-Pro
2026-09-20T00:20:31.2300|INFO|SequenceTrigger.cs|Run|114|Starting Trigger: DitherAfterExposures, After Exposures: 1
2026-09-20T00:20:31.2301|INFO|SequenceItem.cs|Run|208|Starting Category: * Set di Istruzioni *, Container: NINA.Sequencer.Container.SequentialContainer, Strategy: SequentialStrategy, Items[CREATED]: 1
2026-09-20T00:20:31.2338|WARNING|DeviceUpdateTimer.cs|Run|115|Camera value update cycle took longer than the device poll interval (Total: 11.53s > 2s; Poll: 00:00:11.2411364; Update: 00:00:00.2931822)
2026-09-20T00:20:31.5093|INFO|ImageSolver.cs|Solve|41|Platesolving with parameters: FocalLength: 1260 PixelSize: 4.54 SearchRadius: 30 BlindFailoverEnabled: True Regions: 5000 DownSampleFactor: 2 MaxObjects: 500 Reference Coordinates RA: 19:59:35 Dec: 23° 20' 08" Epoch: J2000
2026-09-20T00:20:31.8983|INFO|BaseImageData.cs|SaveToDisk|346|Saved image to C:\Users\PrimaLuceLab\AppData\Local\NINA\PlateSolver\m3of0lvo.s3z.fits
2026-09-20T00:20:32.0837|INFO|SequenceItem.cs|Run|208|Starting Category: Guida, Item: Dither
2026-09-20T00:20:36.8004|INFO|ImageSolver.cs|Solve|54|Platesolve successful: Coordinates: RA: 19:59:35; Dec: 22° 43' 21"; Epoch: J2000 - Position Angle: 72.20174661956031
2026-09-20T00:20:36.8037|INFO|CenterAfterDriftTrigger.cs|PlatesolvingImageFollower_PropertyChanged|189|Drift: 0.3125992847821025 / 3 arc minutes
2026-09-20T00:20:38.7740|INFO|HocusFocusStarDetection.cs|Detect|413|Average HFR: 2.4703033594869592, HFR MAD: 0.3250913559761628, Detected Stars 692, Region: 0
2026-09-20T00:20:39.5535|INFO|BaseImageData.cs|SaveToDisk|346|Saved image to D:\Images NINA\Target\LIGHT_1x1_600.00s_15_132_M 27_Celestron C8__-9.96C_L-Pro_0361_2026-09-20_00-10-24_FWHM_3.77_Fok_39957.xisf
2026-09-20T00:20:39.5536|INFO|ImageSaveController.cs|DoWork|97|Successfully saved file at D:\Images NINA\Target\LIGHT_1x1_600.00s_15_132_M 27_Celestron C8__-9.96C_L-Pro_0361_2026-09-20_00-10-24_FWHM_3.77_Fok_39957.xisf. Duration Total: 00:00:08.0805589; BeforeSave: 00:00:00.0334642; BeforeFinalizeImageSaved: 00:00:07.9895272; FinalizeSaveTime: 00:00:00.0575665
2026-09-20T00:21:14.3394|ERROR|PHD2Guider.cs|ProcessEvent|937|PHD2 error:timed-out waiting for guider to settle
2026-09-20T00:21:14.8196|INFO|SequenceItem.cs|Run|254|Finishing Category: Guida, Item: Dither
2026-09-20T00:21:14.8198|INFO|SequenceItem.cs|Run|254|Finishing Category: * Set di Istruzioni *, Container: NINA.Sequencer.Container.SequentialContainer, Strategy: SequentialStrategy, Items[FINISHED]: 1
2026-09-20T00:21:14.8199|INFO|MeridianFlipTrigger.cs|ShouldTrigger|296|Meridian Flip - (Side of Pier usage is disabled) There is still time remaining. Max remaining time 08:55:56.5878905, next instruction time 600, next instruction Category: Fotocamera, Item: TakeExposure, ExposureTime 600, Gain 15, Offset 132, ImageType LIGHT, Binning 1x1
2026-09-20T00:21:14.8214|INFO|SequenceTrigger.cs|Run|114|Starting Trigger: RestoreGuiding
2026-09-20T00:21:14.8295|INFO|SequenceItem.cs|Run|208|Starting Category: * Set di Istruzioni *, Container: NINA.Sequencer.Container.SequentialContainer, Strategy: SequentialStrategy, Items[CREATED]: 1
2026-09-20T00:21:14.8301|INFO|SequenceItem.cs|Run|208|Starting Category: Guida, Item: StartGuiding
2026-09-20T00:21:14.9007|INFO|PHD2Guider.cs|StartGuidingPrivate|504|Phd2 - App is already guiding. Skipping start guiding
2026-09-20T00:21:14.9008|INFO|SequenceItem.cs|Run|254|Finishing Category: Guida, Item: StartGuiding
2026-09-20T00:21:14.9010|INFO|SequenceItem.cs|Run|254|Finishing Category: * Set di Istruzioni *, Container: NINA.Sequencer.Container.SequentialContainer, Strategy: SequentialStrategy, Items[FINISHED]: 1
2026-09-20T00:21:14.9442|INFO|SequenceItem.cs|Run|208|Starting Category: Fotocamera, Item: TakeExposure, ExposureTime 600, Gain 15, Offset 132, ImageType LIGHT, Binning 1x1
2026-09-20T00:21:14.9448|INFO|CameraVM.cs|Capture|742|Starting Exposure - Exposure Time: 600s; Filter: ; Gain: 15; Offset 132; Binning: 1x1;
2026-09-20T00:31:21.4062|WARNING|DeviceUpdateTimer.cs|Run|115|Camera value update cycle took longer than the device poll interval (Total: 11.19s > 2s; Poll: 00:00:11.1225696; Update: 00:00:00.0683678)
2026-09-20T00:31:21.4063|INFO|SequenceItem.cs|Run|254|Finishing Category: Fotocamera, Item: TakeExposure, ExposureTime 600, Gain 15, Offset 132, ImageType LIGHT, Binning 1x1
2026-09-20T00:31:21.4067|INFO|MeridianFlipTrigger.cs|ShouldTrigger|296|Meridian Flip - (Side of Pier usage is disabled) There is still time remaining. Max remaining time 08:45:49.4469939, next instruction time 0, next instruction Category: Ruota porta filtri, Item: SwitchFilter, Filter: L-Pro
2026-09-20T00:31:21.4068|INFO|SequenceItem.cs|Run|208|Starting Category: Ruota porta filtri, Item: SwitchFilter, Filter: L-Pro
2026-09-20T00:31:21.6277|INFO|SequenceItem.cs|Run|254|Finishing Category: Ruota porta filtri, Item: SwitchFilter, Filter: L-Pro
2026-09-20T00:31:21.6280|INFO|SequenceTrigger.cs|Run|114|Starting Trigger: DitherAfterExposures, After Exposures: 1
2026-09-20T00:31:21.6281|INFO|SequenceItem.cs|Run|208|Starting Category: * Set di Istruzioni *, Container: NINA.Sequencer.Container.SequentialContainer, Strategy: SequentialStrategy, Items[CREATED]: 1
2026-09-20T00:31:21.6281|INFO|SequenceItem.cs|Run|208|Starting Category: Guida, Item: Dither
2026-09-20T00:31:25.9766|INFO|HocusFocusStarDetection.cs|Detect|413|Average HFR: 2.6091388778958646, HFR MAD: 0.3391559128396544, Detected Stars 646, Region: 0
2026-09-20T00:31:26.8717|INFO|BaseImageData.cs|SaveToDisk|346|Saved image to D:\Images NINA\Target\LIGHT_1x1_600.00s_15_132_M 27_Celestron C8__-9.96C_L-Pro_0362_2026-09-20_00-21-15_FWHM_4.02_Fok_39957.xisf
2026-09-20T00:31:26.8718|INFO|ImageSaveController.cs|DoWork|97|Successfully saved file at D:\Images NINA\Target\LIGHT_1x1_600.00s_15_132_M 27_Celestron C8__-9.96C_L-Pro_0362_2026-09-20_00-21-15_FWHM_4.02_Fok_39957.xisf. Duration Total: 00:00:05.0369857; BeforeSave: 00:00:00.0000931; BeforeFinalizeImageSaved: 00:00:04.8649333; FinalizeSaveTime: 00:00:00.1719588
2026-09-20T00:32:04.3675|ERROR|PHD2Guider.cs|ProcessEvent|937|PHD2 error:timed-out waiting for guider to settle
2026-09-20T00:32:04.5192|INFO|SequenceItem.cs|Run|254|Finishing Category: Guida, Item: Dither
2026-09-20T00:32:04.5199|INFO|SequenceItem.cs|Run|254|Finishing Category: * Set di Istruzioni *, Container: NINA.Sequencer.Container.SequentialContainer, Strategy: SequentialStrategy, Items[FINISHED]: 1
2026-09-20T00:32:04.5207|INFO|MeridianFlipTrigger.cs|ShouldTrigger|296|Meridian Flip - (Side of Pier usage is disabled) There is still time remaining. Max remaining time 08:45:04.8526249, next instruction time 600, next instruction Category: Fotocamera, Item: TakeExposure, ExposureTime 600, Gain 15, Offset 132, ImageType LIGHT, Binning 1x1
2026-09-20T00:32:04.5222|INFO|SequenceTrigger.cs|Run|114|Starting Trigger: RestoreGuiding
2026-09-20T00:32:04.5225|INFO|SequenceItem.cs|Run|208|Starting Category: * Set di Istruzioni *, Container: NINA.Sequencer.Container.SequentialContainer, Strategy: SequentialStrategy, Items[CREATED]: 1
2026-09-20T00:32:04.5226|INFO|SequenceItem.cs|Run|208|Starting Category: Guida, Item: StartGuiding
2026-09-20T00:32:04.5735|INFO|PHD2Guider.cs|StartGuidingPrivate|504|Phd2 - App is already guiding. Skipping start guiding
2026-09-20T00:32:04.5736|INFO|SequenceItem.cs|Run|254|Finishing Category: Guida, Item: StartGuiding
2026-09-20T00:32:04.5738|INFO|SequenceItem.cs|Run|254|Finishing Category: * Set di Istruzioni *, Container: NINA.Sequencer.Container.SequentialContainer, Strategy: SequentialStrategy, Items[FINISHED]: 1
2026-09-20T00:32:04.5965|INFO|SequenceItem.cs|Run|208|Starting Category: Fotocamera, Item: TakeExposure, ExposureTime 600, Gain 15, Offset 132, ImageType LIGHT, Binning 1x1
2026-09-20T00:32:04.5970|INFO|CameraVM.cs|Capture|742|Starting Exposure - Exposure Time: 600s; Filter: ; Gain: 15; Offset 132; Binning: 1x1;
2026-09-20T00:42:10.8143|INFO|SequenceItem.cs|Run|254|Finishing Category: Fotocamera, Item: TakeExposure, ExposureTime 600, Gain 15, Offset 132, ImageType LIGHT, Binning 1x1
2026-09-20T00:42:10.8147|INFO|MeridianFlipTrigger.cs|ShouldTrigger|296|Meridian Flip - (Side of Pier usage is disabled) There is still time remaining. Max remaining time 08:34:59.2421710, next instruction time 0, next instruction Category: Ruota porta filtri, Item: SwitchFilter, Filter: L-Pro
2026-09-20T00:42:10.8147|INFO|SequenceItem.cs|Run|208|Starting Category: Ruota porta filtri, Item: SwitchFilter, Filter: L-Pro
2026-09-20T00:42:10.8153|WARNING|DeviceUpdateTimer.cs|Run|115|Camera value update cycle took longer than the device poll interval (Total: 11.54s > 2s; Poll: 00:00:11.5341494; Update: 00:00:00.0024005)
2026-09-20T00:42:10.9445|INFO|SequenceItem.cs|Run|254|Finishing Category: Ruota porta filtri, Item: SwitchFilter, Filter: L-Pro
2026-09-20T00:42:10.9449|INFO|SequenceTrigger.cs|Run|114|Starting Trigger: DitherAfterExposures, After Exposures: 1
2026-09-20T00:42:10.9450|INFO|SequenceItem.cs|Run|208|Starting Category: * Set di Istruzioni *, Container: NINA.Sequencer.Container.SequentialContainer, Strategy: SequentialStrategy, Items[CREATED]: 1
2026-09-20T00:42:10.9451|INFO|SequenceItem.cs|Run|208|Starting Category: Guida, Item: Dither
2026-09-20T00:42:16.2553|INFO|HocusFocusStarDetection.cs|Detect|413|Average HFR: 2.7471707921148236, HFR MAD: 0.34785484680638623, Detected Stars 598, Region: 0
2026-09-20T00:42:16.9161|INFO|BaseImageData.cs|SaveToDisk|346|Saved image to D:\Images NINA\Target\LIGHT_1x1_600.00s_15_132_M 27_Celestron C8__-9.96C_L-Pro_0363_2026-09-20_00-32-04_FWHM_4.32_Fok_39957.xisf
2026-09-20T00:42:16.9162|INFO|ImageSaveController.cs|DoWork|97|Successfully saved file at D:\Images NINA\Target\LIGHT_1x1_600.00s_15_132_M 27_Celestron C8__-9.96C_L-Pro_0363_2026-09-20_00-32-04_FWHM_4.32_Fok_39957.xisf. Duration Total: 00:00:05.6665314; BeforeSave: 00:00:00.0001077; BeforeFinalizeImageSaved: 00:00:05.6351026; FinalizeSaveTime: 00:00:00.0313204
2026-09-20T00:42:20.9742|WARNING|DeviceUpdateTimer.cs|Run|115|Dome value update cycle took longer than the device poll interval (Total: 14.48s > 2s; Poll: 00:00:00.0075699; Update: 00:00:14.4683665)
2026-09-20T00:42:58.1698|ERROR|PHD2Guider.cs|ProcessEvent|937|PHD2 error:timed-out waiting for guider to settle
2026-09-20T00:42:58.4300|INFO|SequenceItem.cs|Run|254|Finishing Category: Guida, Item: Dither
2026-09-20T00:42:58.4302|INFO|SequenceItem.cs|Run|254|Finishing Category: * Set di Istruzioni *, Container: NINA.Sequencer.Container.SequentialContainer, Strategy: SequentialStrategy, Items[FINISHED]: 1
2026-09-20T00:42:58.4304|INFO|MeridianFlipTrigger.cs|ShouldTrigger|296|Meridian Flip - (Side of Pier usage is disabled) There is still time remaining. Max remaining time 08:34:08.3017686, next instruction time 600, next instruction Category: Fotocamera, Item: TakeExposure, ExposureTime 600, Gain 15, Offset 132, ImageType LIGHT, Binning 1x1
2026-09-20T00:42:58.4305|INFO|SequenceTrigger.cs|Run|114|Starting Trigger: RestoreGuiding
2026-09-20T00:42:58.4305|INFO|SequenceItem.cs|Run|208|Starting Category: * Set di Istruzioni *, Container: NINA.Sequencer.Container.SequentialContainer, Strategy: SequentialStrategy, Items[CREATED]: 1
2026-09-20T00:42:58.4306|INFO|SequenceItem.cs|Run|208|Starting Category: Guida, Item: StartGuiding
2026-09-20T00:42:58.4669|INFO|PHD2Guider.cs|StartGuidingPrivate|504|Phd2 - App is already guiding. Skipping start guiding
2026-09-20T00:42:58.4671|INFO|SequenceItem.cs|Run|254|Finishing Category: Guida, Item: StartGuiding
2026-09-20T00:42:58.4672|INFO|SequenceItem.cs|Run|254|Finishing Category: * Set di Istruzioni *, Container: NINA.Sequencer.Container.SequentialContainer, Strategy: SequentialStrategy, Items[FINISHED]: 1
2026-09-20T00:42:58.5028|INFO|AutofocusAfterHFRIncreaseTrigger.cs|ShouldTrigger|221|Autofocus after HFR change should be triggered, as current HFR trend is 9.58% higher compared to threshold of 5%
2026-09-20T00:42:58.5030|INFO|SequenceTrigger.cs|Run|114|Starting Trigger: AutofocusAfterHFRIncreaseTrigger, Amount: 5
2026-09-20T00:42:58.5031|INFO|SequenceItem.cs|Run|208|Starting Category: * Set di Istruzioni *, Container: NINA.Sequencer.Container.SequentialContainer, Strategy: SequentialStrategy, Items[CREATED]: 1
2026-09-20T00:42:58.5032|INFO|SequenceItem.cs|Run|208|Starting Category: Focheggiatore, Item: RunAutofocus
2026-09-20T00:42:58.8284|INFO|FocuserMediator.cs|BroadcastAutoFocusRunStarting|92|Autofocus starting notification received
2026-09-20T00:43:00.0093|INFO|AutoFocusEngine.cs|RunAutoFocus|929|Starting AutoFocus with initial position 39957
2026-09-20T00:43:00.1733|INFO|CameraVM.cs|Capture|742|Starting Exposure - Exposure Time: 6s; Filter: L-Pro; Gain: 15; Offset 132; Binning: 2x2;
2026-09-20T00:43:07.4914|INFO|AutoFocusEngine.cs|StartBlindFocusPoints|769|Waiting on initial HFR analysis
2026-09-20T00:43:07.4921|INFO|FocuserVM.cs|MoveFocuserInternal|216|Moving Focuser to position 40757
2026-09-20T00:43:11.9072|INFO|HocusFocusStarDetection.cs|Detect|413|Average HFR: 1.6607738027261694, HFR MAD: 0.0886355719534151, Detected Stars 103, Region: 0
2026-09-20T00:43:16.0493|INFO|CameraVM.cs|Capture|742|Starting Exposure - Exposure Time: 6s; Filter: L-Pro; Gain: 15; Offset 132; Binning: 2x2;
2026-09-20T00:43:23.3709|INFO|FocuserVM.cs|MoveFocuserInternal|216|Moving Focuser to position 40557
2026-09-20T00:43:24.8255|INFO|HocusFocusStarDetection.cs|Detect|413|Average HFR: 1.8824193476434052, HFR MAD: 0.13344674117987632, Detected Stars 188, Region: 0
2026-09-20T00:43:28.5326|INFO|CameraVM.cs|Capture|742|Starting Exposure - Exposure Time: 6s; Filter: L-Pro; Gain: 15; Offset 132; Binning: 2x2;
2026-09-20T00:43:35.8734|INFO|FocuserVM.cs|MoveFocuserInternal|216|Moving Focuser to position 40357
2026-09-20T00:43:36.8938|INFO|HocusFocusStarDetection.cs|Detect|413|Average HFR: 1.8690307424210335, HFR MAD: 0.15711181078482062, Detected Stars 205, Region: 0
2026-09-20T00:43:41.9338|INFO|CameraVM.cs|Capture|742|Starting Exposure - Exposure Time: 6s; Filter: L-Pro; Gain: 15; Offset 132; Binning: 2x2;
2026-09-20T00:43:49.2959|INFO|FocuserVM.cs|MoveFocuserInternal|216|Moving Focuser to position 40157
2026-09-20T00:43:50.3438|INFO|HocusFocusStarDetection.cs|Detect|413|Average HFR: 1.81736245316599, HFR MAD: 0.1446490875315356, Detected Stars 205, Region: 0
2026-09-20T00:43:54.6372|INFO|CameraVM.cs|Capture|742|Starting Exposure - Exposure Time: 6s; Filter: L-Pro; Gain: 15; Offset 132; Binning: 2x2;
2026-09-20T00:44:01.9946|INFO|AutoFocusEngine.cs|StartBlindFocusPoints|797|Waiting on initial focuser move analyses
2026-09-20T00:44:03.1738|INFO|HocusFocusStarDetection.cs|Detect|413|Average HFR: 1.6882894185595134, HFR MAD: 0.11165242621548321, Detected Stars 146, Region: 0
2026-09-20T00:44:03.3294|INFO|FocuserVM.cs|MoveFocuserInternal|216|Moving Focuser to position 39957
2026-09-20T00:44:08.6613|INFO|CameraVM.cs|Capture|742|Starting Exposure - Exposure Time: 6s; Filter: L-Pro; Gain: 15; Offset 132; Binning: 2x2;
2026-09-20T00:44:16.0022|INFO|AutoFocusEngine.cs|StartBlindFocusPoints|870|Waiting on next left movement analysis
2026-09-20T00:44:16.9960|INFO|HocusFocusStarDetection.cs|Detect|413|Average HFR: 1.619887145777815, HFR MAD: 0.07624465433456518, Detected Stars 114, Region: 0
2026-09-20T00:44:17.1953|INFO|FocuserVM.cs|MoveFocuserInternal|216|Moving Focuser to position 39757
2026-09-20T00:44:22.4266|INFO|CameraVM.cs|Capture|742|Starting Exposure - Exposure Time: 6s; Filter: L-Pro; Gain: 15; Offset 132; Binning: 2x2;
2026-09-20T00:44:29.8021|INFO|AutoFocusEngine.cs|StartBlindFocusPoints|870|Waiting on next left movement analysis
2026-09-20T00:44:30.6972|INFO|HocusFocusStarDetection.cs|Detect|413|Average HFR: 1.6455888874289302, HFR MAD: 0.07958035224350257, Detected Stars 128, Region: 0
2026-09-20T00:44:30.8446|INFO|FocuserVM.cs|MoveFocuserInternal|216|Moving Focuser to position 39557
2026-09-20T00:44:36.1282|INFO|CameraVM.cs|Capture|742|Starting Exposure - Exposure Time: 6s; Filter: L-Pro; Gain: 15; Offset 132; Binning: 2x2;
2026-09-20T00:44:43.4453|INFO|AutoFocusEngine.cs|StartBlindFocusPoints|870|Waiting on next left movement analysis
2026-09-20T00:44:44.4842|INFO|HocusFocusStarDetection.cs|Detect|413|Average HFR: 1.6896107642774334, HFR MAD: 0.10698572612815371, Detected Stars 147, Region: 0
2026-09-20T00:44:44.6926|INFO|FocuserVM.cs|MoveFocuserInternal|216|Moving Focuser to position 39357
2026-09-20T00:44:50.0168|INFO|CameraVM.cs|Capture|742|Starting Exposure - Exposure Time: 6s; Filter: L-Pro; Gain: 15; Offset 132; Binning: 2x2;
2026-09-20T00:44:57.3318|INFO|AutoFocusEngine.cs|StartBlindFocusPoints|870|Waiting on next left movement analysis
2026-09-20T00:44:58.5488|INFO|HocusFocusStarDetection.cs|Detect|413|Average HFR: 1.771177550128297, HFR MAD: 0.1344197221678396, Detected Stars 178, Region: 0
2026-09-20T00:44:58.7927|INFO|FocuserVM.cs|MoveFocuserInternal|216|Moving Focuser to position 39157
2026-09-20T00:45:04.0519|INFO|CameraVM.cs|Capture|742|Starting Exposure - Exposure Time: 6s; Filter: L-Pro; Gain: 15; Offset 132; Binning: 2x2;
2026-09-20T00:45:11.3702|INFO|AutoFocusEngine.cs|StartBlindFocusPoints|870|Waiting on next left movement analysis
2026-09-20T00:45:12.4607|INFO|HocusFocusStarDetection.cs|Detect|413|Average HFR: 1.9134939764467964, HFR MAD: 0.15201073284031952, Detected Stars 200, Region: 0
2026-09-20T00:45:12.5319|INFO|FocuserVM.cs|MoveFocuserInternal|216|Moving Focuser to position 38957
2026-09-20T00:45:18.0554|INFO|CameraVM.cs|Capture|742|Starting Exposure - Exposure Time: 6s; Filter: L-Pro; Gain: 15; Offset 132; Binning: 2x2;
2026-09-20T00:45:25.4115|INFO|AutoFocusEngine.cs|StartBlindFocusPoints|870|Waiting on next left movement analysis
2026-09-20T00:45:26.4389|INFO|HocusFocusStarDetection.cs|Detect|413|Average HFR: 2.1185060764424026, HFR MAD: 0.18852531894529667, Detected Stars 194, Region: 0
2026-09-20T00:45:26.7036|INFO|FocuserVM.cs|MoveFocuserInternal|216|Moving Focuser to position 38757
2026-09-20T00:45:32.0320|INFO|CameraVM.cs|Capture|742|Starting Exposure - Exposure Time: 6s; Filter: L-Pro; Gain: 15; Offset 132; Binning: 2x2;
2026-09-20T00:45:39.3365|INFO|AutoFocusEngine.cs|StartBlindFocusPoints|870|Waiting on next left movement analysis
2026-09-20T00:45:40.6005|INFO|HocusFocusStarDetection.cs|Detect|413|Average HFR: 2.322238979508673, HFR MAD: 0.21651570572539924, Detected Stars 189, Region: 0
2026-09-20T00:45:40.6655|INFO|AutoFocusEngine.cs|StartBlindFocusPoints|823|Enough left trend points (4) with an established minimum (39957) to queue remaining right focus points up to 40757
2026-09-20T00:45:40.6656|INFO|AutoFocusEngine.cs|StartBlindFocusPoints|896|Waiting on remaining AutoFocus analysis tasks
2026-09-20T00:45:40.6661|INFO|FocuserVM.cs|MoveFocuserInternal|216|Moving Focuser to position 39757
2026-09-20T00:45:49.8937|INFO|AutoFocusEngine.cs|ValidateCalculatedFocusPosition|1141|Validating HFR at final focus position 39757
2026-09-20T00:45:50.0115|INFO|CameraVM.cs|Capture|742|Starting Exposure - Exposure Time: 6s; Filter: L-Pro; Gain: 15; Offset 132; Binning: 2x2;
2026-09-20T00:45:58.4637|INFO|HocusFocusStarDetection.cs|Detect|413|Average HFR: 1.8450775228179315, HFR MAD: 0.14215058937413372, Detected Stars 186, Region: 0
2026-09-20T00:45:58.5761|INFO|HocusFocusVM.cs|AutoFocusEngine_Completed|473|AutoFocus completed with focuser starting at 39957 and ending at 39757
2026-09-20T00:45:58.5777|INFO|FocuserMediator.cs|BroadcastSuccessfulAutoFocusRun|46|Autofocus notification received - Temperature 21.5
2026-09-20T00:45:58.6996|INFO|AutoFocusEngine.cs|PerformPostAutoFocusActions|1022|Re-enabling temperature compensation after AutoFocus
2026-09-20T00:45:58.7528|INFO|PHD2Guider.cs|TryStartGuideCommand|641|Phd2 - Requesting to start guiding. Recalibrate: False
2026-09-20T00:46:55.7722|ERROR|PHD2Guider.cs|ProcessEvent|937|PHD2 error:timed-out waiting for guider to settle
2026-09-20T00:46:56.3372|INFO|SequenceItem.cs|Run|254|Finishing Category: Focheggiatore, Item: RunAutofocus
2026-09-20T00:46:56.3375|INFO|SequenceItem.cs|Run|254|Finishing Category: * Set di Istruzioni *, Container: NINA.Sequencer.Container.SequentialContainer, Strategy: SequentialStrategy, Items[FINISHED]: 1
2026-09-20T00:46:56.3377|INFO|SequenceItem.cs|Run|208|Starting Category: Fotocamera, Item: TakeExposure, ExposureTime 600, Gain 15, Offset 132, ImageType LIGHT, Binning 1x1
2026-09-20T00:46:56.3381|INFO|CameraVM.cs|Capture|742|Starting Exposure - Exposure Time: 600s; Filter: ; Gain: 15; Offset 132; Binning: 1x1;
2026-09-20T00:57:01.3770|WARNING|DeviceUpdateTimer.cs|Run|115|Dome value update cycle took longer than the device poll interval (Total: 3.54s > 2s; Poll: 00:00:00.1418804; Update: 00:00:03.3991144)
2026-09-20T00:57:02.5509|WARNING|DeviceUpdateTimer.cs|Run|115|Camera value update cycle took longer than the device poll interval (Total: 10.96s > 2s; Poll: 00:00:10.9538448; Update: 00:00:00.0022413)
2026-09-20T00:57:02.5990|INFO|SequenceItem.cs|Run|254|Finishing Category: Fotocamera, Item: TakeExposure, ExposureTime 600, Gain 15, Offset 132, ImageType LIGHT, Binning 1x1
2026-09-20T00:57:02.5994|INFO|MeridianFlipTrigger.cs|ShouldTrigger|296|Meridian Flip - (Side of Pier usage is disabled) There is still time remaining. Max remaining time 08:20:02.1671476, next instruction time 0, next instruction Category: Ruota porta filtri, Item: SwitchFilter, Filter: L-Pro
2026-09-20T00:57:02.5995|INFO|SequenceItem.cs|Run|208|Starting Category: Ruota porta filtri, Item: SwitchFilter, Filter: L-Pro
2026-09-20T00:57:02.7618|INFO|SequenceItem.cs|Run|254|Finishing Category: Ruota porta filtri, Item: SwitchFilter, Filter: L-Pro
2026-09-20T00:57:02.7636|INFO|SequenceTrigger.cs|Run|114|Starting Trigger: DitherAfterExposures, After Exposures: 1
2026-09-20T00:57:02.7639|INFO|SequenceItem.cs|Run|208|Starting Category: * Set di Istruzioni *, Container: NINA.Sequencer.Container.SequentialContainer, Strategy: SequentialStrategy, Items[CREATED]: 1
2026-09-20T00:57:02.7640|INFO|SequenceItem.cs|Run|208|Starting Category: Guida, Item: Dither
2026-09-20T00:57:07.2343|INFO|HocusFocusStarDetection.cs|Detect|413|Average HFR: 3.031968215878389, HFR MAD: 0.3470166689528793, Detected Stars 494, Region: 0
2026-09-20T00:57:08.1381|INFO|BaseImageData.cs|SaveToDisk|346|Saved image to D:\Images NINA\Target\LIGHT_1x1_600.00s_15_132_M 27_Celestron C8__-9.96C_L-Pro_0364_2026-09-20_00-46-56_FWHM_4.72_Fok_39757.xisf
2026-09-20T00:57:08.1382|INFO|ImageSaveController.cs|DoWork|97|Successfully saved file at D:\Images NINA\Target\LIGHT_1x1_600.00s_15_132_M 27_Celestron C8__-9.96C_L-Pro_0364_2026-09-20_00-46-56_FWHM_4.72_Fok_39757.xisf. Duration Total: 00:00:05.0423412; BeforeSave: 00:00:00.0358956; BeforeFinalizeImageSaved: 00:00:04.9048314; FinalizeSaveTime: 00:00:00.1016131
2026-09-20T00:57:43.5503|ERROR|PHD2Guider.cs|ProcessEvent|937|PHD2 error:timed-out waiting for guider to settle
2026-09-20T00:57:43.8968|INFO|SequenceItem.cs|Run|254|Finishing Category: Guida, Item: Dither
2026-09-20T00:57:43.8978|INFO|SequenceItem.cs|Run|254|Finishing Category: * Set di Istruzioni *, Container: NINA.Sequencer.Container.SequentialContainer, Strategy: SequentialStrategy, Items[FINISHED]: 1
2026-09-20T00:57:43.8986|INFO|MeridianFlipTrigger.cs|ShouldTrigger|296|Meridian Flip - (Side of Pier usage is disabled) There is still time remaining. Max remaining time 08:19:19.9188247, next instruction time 600, next instruction Category: Fotocamera, Item: TakeExposure, ExposureTime 600, Gain 15, Offset 132, ImageType LIGHT, Binning 1x1
2026-09-20T00:57:43.9004|INFO|SequenceTrigger.cs|Run|114|Starting Trigger: RestoreGuiding
2026-09-20T00:57:43.9006|INFO|SequenceItem.cs|Run|208|Starting Category: * Set di Istruzioni *, Container: NINA.Sequencer.Container.SequentialContainer, Strategy: SequentialStrategy, Items[CREATED]: 1
2026-09-20T00:57:43.9009|INFO|SequenceItem.cs|Run|208|Starting Category: Guida, Item: StartGuiding
2026-09-20T00:57:43.9646|INFO|PHD2Guider.cs|StartGuidingPrivate|504|Phd2 - App is already guiding. Skipping start guiding
2026-09-20T00:57:43.9659|INFO|SequenceItem.cs|Run|254|Finishing Category: Guida, Item: StartGuiding
2026-09-20T00:57:43.9660|INFO|SequenceItem.cs|Run|254|Finishing Category: * Set di Istruzioni *, Container: NINA.Sequencer.Container.SequentialContainer, Strategy: SequentialStrategy, Items[FINISHED]: 1
2026-09-20T00:57:43.9795|INFO|SequenceItem.cs|Run|208|Starting Category: Fotocamera, Item: TakeExposure, ExposureTime 600, Gain 15, Offset 132, ImageType LIGHT, Binning 1x1
2026-09-20T00:57:43.9801|INFO|CameraVM.cs|Capture|742|Starting Exposure - Exposure Time: 600s; Filter: ; Gain: 15; Offset 132; Binning: 1x1;
2026-09-20T01:07:49.0143|WARNING|DeviceUpdateTimer.cs|Run|115|Dome value update cycle took longer than the device poll interval (Total: 4.87s > 2s; Poll: 00:00:00.0210762; Update: 00:00:04.8462535)
2026-09-20T01:07:50.3457|INFO|SequenceItem.cs|Run|254|Finishing Category: Fotocamera, Item: TakeExposure, ExposureTime 600, Gain 15, Offset 132, ImageType LIGHT, Binning 1x1
2026-09-20T01:07:50.3461|INFO|MeridianFlipTrigger.cs|ShouldTrigger|296|Meridian Flip - (Side of Pier usage is disabled) There is still time remaining. Max remaining time 08:09:13.0475928, next instruction time 0, next instruction Category: Ruota porta filtri, Item: SwitchFilter, Filter: L-Pro
2026-09-20T01:07:50.3462|INFO|SequenceItem.cs|Run|208|Starting Category: Ruota porta filtri, Item: SwitchFilter, Filter: L-Pro
2026-09-20T01:07:50.3465|WARNING|DeviceUpdateTimer.cs|Run|115|Camera value update cycle took longer than the device poll interval (Total: 9.44s > 2s; Poll: 00:00:09.2751916; Update: 00:00:00.1637681)
2026-09-20T01:07:50.8783|INFO|SequenceItem.cs|Run|254|Finishing Category: Ruota porta filtri, Item: SwitchFilter, Filter: L-Pro
2026-09-20T01:07:50.8798|INFO|SequenceTrigger.cs|Run|114|Starting Trigger: DitherAfterExposures, After Exposures: 1
2026-09-20T01:07:50.8804|INFO|SequenceItem.cs|Run|208|Starting Category: * Set di Istruzioni *, Container: NINA.Sequencer.Container.SequentialContainer, Strategy: SequentialStrategy, Items[CREATED]: 1
2026-09-20T01:07:50.8805|INFO|SequenceItem.cs|Run|208|Starting Category: Guida, Item: Dither
2026-09-20T01:07:54.8825|INFO|HocusFocusStarDetection.cs|Detect|413|Average HFR: 3.149217837433861, HFR MAD: 0.3613108307226942, Detected Stars 464, Region: 0
2026-09-20T01:07:55.6110|INFO|BaseImageData.cs|SaveToDisk|346|Saved image to D:\Images NINA\Target\LIGHT_1x1_600.00s_15_132_M 27_Celestron C8__-9.96C_L-Pro_0365_2026-09-20_00-57-44_FWHM_5.00_Fok_39757.xisf
2026-09-20T01:07:55.6111|INFO|ImageSaveController.cs|DoWork|97|Successfully saved file at D:\Images NINA\Target\LIGHT_1x1_600.00s_15_132_M 27_Celestron C8__-9.96C_L-Pro_0365_2026-09-20_00-57-44_FWHM_5.00_Fok_39757.xisf. Duration Total: 00:00:04.8131273; BeforeSave: 00:00:00.1060271; BeforeFinalizeImageSaved: 00:00:04.6873081; FinalizeSaveTime: 00:00:00.0197909
2026-09-20T01:08:31.3474|ERROR|PHD2Guider.cs|ProcessEvent|937|PHD2 error:timed-out waiting for guider to settle
2026-09-20T01:08:31.4069|INFO|SequenceItem.cs|Run|254|Finishing Category: Guida, Item: Dither
2026-09-20T01:08:31.4071|INFO|SequenceItem.cs|Run|254|Finishing Category: * Set di Istruzioni *, Container: NINA.Sequencer.Container.SequentialContainer, Strategy: SequentialStrategy, Items[FINISHED]: 1
2026-09-20T01:08:31.4073|INFO|MeridianFlipTrigger.cs|ShouldTrigger|296|Meridian Flip - (Side of Pier usage is disabled) There is still time remaining. Max remaining time 08:08:32.1144739, next instruction time 600, next instruction Category: Fotocamera, Item: TakeExposure, ExposureTime 600, Gain 15, Offset 132, ImageType LIGHT, Binning 1x1
2026-09-20T01:08:31.4073|INFO|SequenceTrigger.cs|Run|114|Starting Trigger: RestoreGuiding
2026-09-20T01:08:31.4074|INFO|SequenceItem.cs|Run|208|Starting Category: * Set di Istruzioni *, Container: NINA.Sequencer.Container.SequentialContainer, Strategy: SequentialStrategy, Items[CREATED]: 1
2026-09-20T01:08:31.4074|INFO|SequenceItem.cs|Run|208|Starting Category: Guida, Item: StartGuiding
2026-09-20T01:08:31.4756|INFO|PHD2Guider.cs|StartGuidingPrivate|504|Phd2 - App is already guiding. Skipping start guiding
2026-09-20T01:08:31.4757|INFO|SequenceItem.cs|Run|254|Finishing Category: Guida, Item: StartGuiding
2026-09-20T01:08:31.4758|INFO|SequenceItem.cs|Run|254|Finishing Category: * Set di Istruzioni *, Container: NINA.Sequencer.Container.SequentialContainer, Strategy: SequentialStrategy, Items[FINISHED]: 1
2026-09-20T01:08:31.4791|INFO|SequenceItem.cs|Run|208|Starting Category: Fotocamera, Item: TakeExposure, ExposureTime 600, Gain 15, Offset 132, ImageType LIGHT, Binning 1x1
2026-09-20T01:08:31.4797|INFO|CameraVM.cs|Capture|742|Starting Exposure - Exposure Time: 600s; Filter: ; Gain: 15; Offset 132; Binning: 1x1;
2026-09-20T01:18:36.9578|WARNING|DeviceUpdateTimer.cs|Run|115|Dome value update cycle took longer than the device poll interval (Total: 7.82s > 2s; Poll: 00:00:00.0073854; Update: 00:00:07.8115753)
2026-09-20T01:18:37.7046|WARNING|DeviceUpdateTimer.cs|Run|115|Camera value update cycle took longer than the device poll interval (Total: 5.12s > 2s; Poll: 00:00:05.1212818; Update: 00:00:00.0010242)
2026-09-20T01:18:37.9242|INFO|SequenceItem.cs|Run|254|Finishing Category: Fotocamera, Item: TakeExposure, ExposureTime 600, Gain 15, Offset 132, ImageType LIGHT, Binning 1x1
2026-09-20T01:18:37.9246|INFO|MeridianFlipTrigger.cs|ShouldTrigger|296|Meridian Flip - (Side of Pier usage is disabled) There is still time remaining. Max remaining time 07:58:24.1171964, next instruction time 0, next instruction Category: Ruota porta filtri, Item: SwitchFilter, Filter: L-Pro
2026-09-20T01:18:37.9246|INFO|SequenceItem.cs|Run|208|Starting Category: Ruota porta filtri, Item: SwitchFilter, Filter: L-Pro
2026-09-20T01:18:38.1472|INFO|SequenceItem.cs|Run|254|Finishing Category: Ruota porta filtri, Item: SwitchFilter, Filter: L-Pro
2026-09-20T01:18:38.1475|INFO|SequenceTrigger.cs|Run|114|Starting Trigger: DitherAfterExposures, After Exposures: 1
2026-09-20T01:18:38.1476|INFO|SequenceItem.cs|Run|208|Starting Category: * Set di Istruzioni *, Container: NINA.Sequencer.Container.SequentialContainer, Strategy: SequentialStrategy, Items[CREATED]: 1
2026-09-20T01:18:38.1477|INFO|SequenceItem.cs|Run|208|Starting Category: Guida, Item: Dither
2026-09-20T01:18:38.3941|INFO|ImageSolver.cs|Solve|41|Platesolving with parameters: FocalLength: 1260 PixelSize: 4.54 SearchRadius: 30 BlindFailoverEnabled: True Regions: 5000 DownSampleFactor: 2 MaxObjects: 500 Reference Coordinates RA: 19:59:36 Dec: 23° 49' 49" Epoch: J2000
2026-09-20T01:18:39.1649|INFO|BaseImageData.cs|SaveToDisk|346|Saved image to C:\Users\PrimaLuceLab\AppData\Local\NINA\PlateSolver\legm02b2.khe.fits
2026-09-20T01:18:44.3284|INFO|HocusFocusStarDetection.cs|Detect|413|Average HFR: 3.2614987169363436, HFR MAD: 0.3683304449795499, Detected Stars 435, Region: 0
2026-09-20T01:18:45.6904|INFO|BaseImageData.cs|SaveToDisk|346|Saved image to D:\Images NINA\Target\LIGHT_1x1_600.00s_15_132_M 27_Celestron C8__-9.96C_L-Pro_0366_2026-09-20_01-08-31_FWHM_5.20_Fok_39757.xisf
2026-09-20T01:18:45.6905|INFO|ImageSaveController.cs|DoWork|97|Successfully saved file at D:\Images NINA\Target\LIGHT_1x1_600.00s_15_132_M 27_Celestron C8__-9.96C_L-Pro_0366_2026-09-20_01-08-31_FWHM_5.20_Fok_39757.xisf. Duration Total: 00:00:07.2965886; BeforeSave: 00:00:00.0001026; BeforeFinalizeImageSaved: 00:00:07.2142040; FinalizeSaveTime: 00:00:00.0822813
2026-09-20T01:19:19.5251|ERROR|PHD2Guider.cs|ProcessEvent|937|PHD2 error:timed-out waiting for guider to settle
2026-09-20T01:19:19.6570|INFO|SequenceItem.cs|Run|254|Finishing Category: Guida, Item: Dither
2026-09-20T01:19:19.6595|INFO|SequenceItem.cs|Run|254|Finishing Category: * Set di Istruzioni *, Container: NINA.Sequencer.Container.SequentialContainer, Strategy: SequentialStrategy, Items[FINISHED]: 1
2026-09-20T01:19:19.6596|INFO|MeridianFlipTrigger.cs|ShouldTrigger|296|Meridian Flip - (Side of Pier usage is disabled) There is still time remaining. Max remaining time 07:57:42.3745255, next instruction time 600, next instruction Category: Fotocamera, Item: TakeExposure, ExposureTime 600, Gain 15, Offset 132, ImageType LIGHT, Binning 1x1
2026-09-20T01:19:19.6597|INFO|SequenceTrigger.cs|Run|114|Starting Trigger: RestoreGuiding
2026-09-20T01:19:19.6597|INFO|SequenceItem.cs|Run|208|Starting Category: * Set di Istruzioni *, Container: NINA.Sequencer.Container.SequentialContainer, Strategy: SequentialStrategy, Items[CREATED]: 1
2026-09-20T01:19:19.6598|INFO|SequenceItem.cs|Run|208|Starting Category: Guida, Item: StartGuiding
2026-09-20T01:19:19.6989|INFO|PHD2Guider.cs|StartGuidingPrivate|504|Phd2 - App is already guiding. Skipping start guiding
2026-09-20T01:19:19.6991|INFO|SequenceItem.cs|Run|254|Finishing Category: Guida, Item: StartGuiding
2026-09-20T01:19:19.6992|INFO|SequenceItem.cs|Run|254|Finishing Category: * Set di Istruzioni *, Container: NINA.Sequencer.Container.SequentialContainer, Strategy: SequentialStrategy, Items[FINISHED]: 1
2026-09-20T01:19:19.7383|INFO|AutofocusAfterHFRIncreaseTrigger.cs|ShouldTrigger|221|Autofocus after HFR change should be triggered, as current HFR trend is 7.6% higher compared to threshold of 5%
2026-09-20T01:19:19.7384|INFO|SequenceTrigger.cs|Run|114|Starting Trigger: AutofocusAfterHFRIncreaseTrigger, Amount: 5
2026-09-20T01:19:19.7385|INFO|SequenceItem.cs|Run|208|Starting Category: * Set di Istruzioni *, Container: NINA.Sequencer.Container.SequentialContainer, Strategy: SequentialStrategy, Items[CREATED]: 1
2026-09-20T01:19:19.7386|INFO|SequenceItem.cs|Run|208|Starting Category: Focheggiatore, Item: RunAutofocus
2026-09-20T01:19:19.9946|INFO|FocuserMediator.cs|BroadcastAutoFocusRunStarting|92|Autofocus starting notification received
2026-09-20T01:19:21.1904|INFO|AutoFocusEngine.cs|RunAutoFocus|929|Starting AutoFocus with initial position 39757
2026-09-20T01:19:21.7476|INFO|CameraVM.cs|Capture|742|Starting Exposure - Exposure Time: 6s; Filter: L-Pro; Gain: 15; Offset 132; Binning: 2x2;
2026-09-20T01:19:29.3454|INFO|AutoFocusEngine.cs|StartBlindFocusPoints|769|Waiting on initial HFR analysis
2026-09-20T01:19:29.3458|INFO|FocuserVM.cs|MoveFocuserInternal|216|Moving Focuser to position 40557
2026-09-20T01:19:30.8817|INFO|HocusFocusStarDetection.cs|Detect|413|Average HFR: 1.8083318950345135, HFR MAD: 0.13413764314048837, Detected Stars 172, Region: 0
2026-09-20T01:19:39.0527|INFO|CameraVM.cs|Capture|742|Starting Exposure - Exposure Time: 6s; Filter: L-Pro; Gain: 15; Offset 132; Binning: 2x2;
2026-09-20T01:19:46.4105|INFO|FocuserVM.cs|MoveFocuserInternal|216|Moving Focuser to position 40357
2026-09-20T01:19:47.7839|INFO|HocusFocusStarDetection.cs|Detect|413|Average HFR: 1.761370179720021, HFR MAD: 0.12510403220199762, Detected Stars 168, Region: 0
2026-09-20T01:19:53.1381|INFO|CameraVM.cs|Capture|742|Starting Exposure - Exposure Time: 6s; Filter: L-Pro; Gain: 15; Offset 132; Binning: 2x2;
2026-09-20T01:20:00.4902|INFO|FocuserVM.cs|MoveFocuserInternal|216|Moving Focuser to position 40157
2026-09-20T01:20:02.1148|INFO|HocusFocusStarDetection.cs|Detect|413|Average HFR: 1.744359184447468, HFR MAD: 0.12875979156175799, Detected Stars 169, Region: 0
2026-09-20T01:20:07.1559|INFO|CameraVM.cs|Capture|742|Starting Exposure - Exposure Time: 6s; Filter: L-Pro; Gain: 15; Offset 132; Binning: 2x2;
2026-09-20T01:20:14.4960|INFO|FocuserVM.cs|MoveFocuserInternal|216|Moving Focuser to position 39957
2026-09-20T01:20:15.9103|INFO|HocusFocusStarDetection.cs|Detect|413|Average HFR: 1.7389667785058256, HFR MAD: 0.11192513877351451, Detected Stars 166, Region: 0
2026-09-20T01:20:19.7570|INFO|CameraVM.cs|Capture|742|Starting Exposure - Exposure Time: 6s; Filter: L-Pro; Gain: 15; Offset 132; Binning: 2x2;
2026-09-20T01:20:27.0663|INFO|AutoFocusEngine.cs|StartBlindFocusPoints|797|Waiting on initial focuser move analyses
2026-09-20T01:20:28.5265|INFO|HocusFocusStarDetection.cs|Detect|413|Average HFR: 1.6782007889480306, HFR MAD: 0.09094717203130576, Detected Stars 158, Region: 0
2026-09-20T01:20:29.2863|INFO|FocuserVM.cs|MoveFocuserInternal|216|Moving Focuser to position 39757
2026-09-20T01:20:35.0955|INFO|CameraVM.cs|Capture|742|Starting Exposure - Exposure Time: 6s; Filter: L-Pro; Gain: 15; Offset 132; Binning: 2x2;
2026-09-20T01:20:42.4901|INFO|AutoFocusEngine.cs|StartBlindFocusPoints|870|Waiting on next left movement analysis
2026-09-20T01:20:43.9086|INFO|HocusFocusStarDetection.cs|Detect|413|Average HFR: 1.7298311993301798, HFR MAD: 0.11970137348755161, Detected Stars 164, Region: 0
2026-09-20T01:20:44.9896|INFO|FocuserVM.cs|MoveFocuserInternal|216|Moving Focuser to position 39557
2026-09-20T01:20:51.0329|INFO|CameraVM.cs|Capture|742|Starting Exposure - Exposure Time: 6s; Filter: L-Pro; Gain: 15; Offset 132; Binning: 2x2;
2026-09-20T01:20:58.4763|INFO|AutoFocusEngine.cs|StartBlindFocusPoints|870|Waiting on next left movement analysis
2026-09-20T01:20:59.8138|INFO|HocusFocusStarDetection.cs|Detect|413|Average HFR: 1.823469291558415, HFR MAD: 0.1369709626013249, Detected Stars 182, Region: 0
2026-09-20T01:20:59.9821|INFO|FocuserVM.cs|MoveFocuserInternal|216|Moving Focuser to position 39357
2026-09-20T01:21:05.6422|INFO|CameraVM.cs|Capture|742|Starting Exposure - Exposure Time: 6s; Filter: L-Pro; Gain: 15; Offset 132; Binning: 2x2;
2026-09-20T01:21:13.0447|INFO|AutoFocusEngine.cs|StartBlindFocusPoints|870|Waiting on next left movement analysis
2026-09-20T01:21:14.1865|INFO|HocusFocusStarDetection.cs|Detect|413|Average HFR: 1.9575440525943548, HFR MAD: 0.17488025334568902, Detected Stars 191, Region: 0
2026-09-20T01:21:14.2230|INFO|FocuserVM.cs|MoveFocuserInternal|216|Moving Focuser to position 39157
2026-09-20T01:21:19.7569|INFO|CameraVM.cs|Capture|742|Starting Exposure - Exposure Time: 6s; Filter: L-Pro; Gain: 15; Offset 132; Binning: 2x2;
2026-09-20T01:21:27.0851|INFO|AutoFocusEngine.cs|StartBlindFocusPoints|870|Waiting on next left movement analysis
2026-09-20T01:21:28.5196|INFO|HocusFocusStarDetection.cs|Detect|413|Average HFR: 2.2980164769426734, HFR MAD: 0.27269208719253557, Detected Stars 181, Region: 0
2026-09-20T01:21:28.8011|INFO|FocuserVM.cs|MoveFocuserInternal|216|Moving Focuser to position 38957
2026-09-20T01:21:35.1289|INFO|CameraVM.cs|Capture|742|Starting Exposure - Exposure Time: 6s; Filter: L-Pro; Gain: 15; Offset 132; Binning: 2x2;
2026-09-20T01:21:42.4866|INFO|AutoFocusEngine.cs|StartBlindFocusPoints|870|Waiting on next left movement analysis
2026-09-20T01:21:43.6763|INFO|HocusFocusStarDetection.cs|Detect|413|Average HFR: 2.3580305263089305, HFR MAD: 0.24443390799467624, Detected Stars 175, Region: 0
2026-09-20T01:21:43.8564|INFO|FocuserVM.cs|MoveFocuserInternal|216|Moving Focuser to position 38757
2026-09-20T01:21:49.6100|INFO|CameraVM.cs|Capture|742|Starting Exposure - Exposure Time: 6s; Filter: L-Pro; Gain: 15; Offset 132; Binning: 2x2;
2026-09-20T01:21:52.3268|ERROR|ASTAPSolver.cs|ReadResult|62|ASTAP - Plate solve failed.
 Star database limit was reached!

2026-09-20T01:21:52.3315|INFO|ImageSolver.cs|Solve|41|Platesolving with parameters: FocalLength: 1260 PixelSize: 4.54 SearchRadius: 30 BlindFailoverEnabled: True Regions: 5000 DownSampleFactor: 2 MaxObjects: 500 
2026-09-20T01:21:53.1320|INFO|BaseImageData.cs|SaveToDisk|346|Saved image to C:\Users\PrimaLuceLab\AppData\Local\NINA\PlateSolver\pj2i5aly.tx2.fits
2026-09-20T01:21:56.9894|INFO|AutoFocusEngine.cs|StartBlindFocusPoints|870|Waiting on next left movement analysis
2026-09-20T01:21:58.1740|INFO|HocusFocusStarDetection.cs|Detect|413|Average HFR: 2.4816919149622003, HFR MAD: 0.26506285170246, Detected Stars 187, Region: 0
2026-09-20T01:21:58.2366|INFO|FocuserVM.cs|MoveFocuserInternal|216|Moving Focuser to position 40757
2026-09-20T01:22:13.0039|INFO|CameraVM.cs|Capture|742|Starting Exposure - Exposure Time: 6s; Filter: L-Pro; Gain: 15; Offset 132; Binning: 2x2;
2026-09-20T01:22:16.6009|INFO|AstrometryPlateSolver.cs|SubmitImageJob|166|Plate Solving: Astrometry.net: Submission 16094587 created for solving.
2026-09-20T01:22:20.3273|INFO|AutoFocusEngine.cs|StartBlindFocusPoints|884|Waiting on next right movement analysis
2026-09-20T01:22:21.4859|INFO|HocusFocusStarDetection.cs|Detect|413|Average HFR: 2.1639982296124702, HFR MAD: 0.20609663010727375, Detected Stars 171, Region: 0
2026-09-20T01:22:21.6393|INFO|AutoFocusEngine.cs|StartBlindFocusPoints|823|Enough left trend points (4) with an established minimum (39957) to queue remaining right focus points up to 40757
2026-09-20T01:22:21.6394|INFO|AutoFocusEngine.cs|StartBlindFocusPoints|896|Waiting on remaining AutoFocus analysis tasks
2026-09-20T01:22:21.6398|INFO|FocuserVM.cs|MoveFocuserInternal|216|Moving Focuser to position 40265
2026-09-20T01:22:29.1093|INFO|AutoFocusEngine.cs|ValidateCalculatedFocusPosition|1141|Validating HFR at final focus position 40265
2026-09-20T01:22:29.2274|INFO|CameraVM.cs|Capture|742|Starting Exposure - Exposure Time: 6s; Filter: L-Pro; Gain: 15; Offset 132; Binning: 2x2;
2026-09-20T01:22:37.6798|INFO|HocusFocusStarDetection.cs|Detect|413|Average HFR: 1.9099092207896464, HFR MAD: 0.1512407900275614, Detected Stars 184, Region: 0
2026-09-20T01:22:37.6807|INFO|HocusFocusVM.cs|AutoFocusEngine_Completed|473|AutoFocus completed with focuser starting at 39757 and ending at 40265
2026-09-20T01:22:37.6825|INFO|FocuserMediator.cs|BroadcastSuccessfulAutoFocusRun|46|Autofocus notification received - Temperature 21
2026-09-20T01:22:37.8943|INFO|AutoFocusEngine.cs|PerformPostAutoFocusActions|1022|Re-enabling temperature compensation after AutoFocus
2026-09-20T01:22:37.9384|INFO|PHD2Guider.cs|TryStartGuideCommand|641|Phd2 - Requesting to start guiding. Recalibrate: False
2026-09-20T01:22:58.2375|INFO|AstrometryPlateSolver.cs|GetJobResult|191|Plate Solving: Astrometry.net: Job 16915242 completed successfully.
2026-09-20T01:22:58.6279|INFO|AstrometryPlateSolver.cs|GetJobResult|201|Plate Solving: Astrometry.net: Job 16915242 successfully retrieved.
2026-09-20T01:22:58.6311|INFO|ImageSolver.cs|Solve|54|Platesolve successful: Coordinates: RA: 19:59:34; Dec: 22° 43' 39"; Epoch: J2000 - Position Angle: 72.19334892308802
2026-09-20T01:22:58.6312|INFO|ImageSolver.cs|Solve|54|Platesolve successful: Coordinates: RA: 19:59:34; Dec: 22° 43' 39"; Epoch: J2000 - Position Angle: 72.19334892308802
2026-09-20T01:22:58.6958|INFO|CenterAfterDriftTrigger.cs|PlatesolvingImageFollower_PropertyChanged|189|Drift: 0.6476562152176149 / 3 arc minutes
2026-09-20T01:23:35.6327|ERROR|PHD2Guider.cs|ProcessEvent|937|PHD2 error:timed-out waiting for guider to settle
2026-09-20T01:23:35.8492|INFO|SequenceItem.cs|Run|254|Finishing Category: Focheggiatore, Item: RunAutofocus
2026-09-20T01:23:35.8494|INFO|SequenceItem.cs|Run|254|Finishing Category: * Set di Istruzioni *, Container: NINA.Sequencer.Container.SequentialContainer, Strategy: SequentialStrategy, Items[FINISHED]: 1
2026-09-20T01:23:35.8495|INFO|SequenceItem.cs|Run|208|Starting Category: Fotocamera, Item: TakeExposure, ExposureTime 600, Gain 15, Offset 132, ImageType LIGHT, Binning 1x1
2026-09-20T01:23:35.8500|INFO|CameraVM.cs|Capture|742|Starting Exposure - Exposure Time: 600s; Filter: ; Gain: 15; Offset 132; Binning: 1x1;
2026-09-20T01:33:35.6015|WARNING|DeviceUpdateTimer.cs|Run|115|Dome value update cycle took longer than the device poll interval (Total: 4.70s > 2s; Poll: 00:00:00.1647468; Update: 00:00:04.5310080)
2026-09-20T01:33:42.2241|INFO|SequenceItem.cs|Run|254|Finishing Category: Fotocamera, Item: TakeExposure, ExposureTime 600, Gain 15, Offset 132, ImageType LIGHT, Binning 1x1
2026-09-20T01:33:42.2246|INFO|MeridianFlipTrigger.cs|ShouldTrigger|296|Meridian Flip - (Side of Pier usage is disabled) There is still time remaining. Max remaining time 07:43:17.6145395, next instruction time 0, next instruction Category: Ruota porta filtri, Item: SwitchFilter, Filter: L-Pro
2026-09-20T01:33:42.2247|INFO|SequenceItem.cs|Run|208|Starting Category: Ruota porta filtri, Item: SwitchFilter, Filter: L-Pro
2026-09-20T01:33:42.2250|WARNING|DeviceUpdateTimer.cs|Run|115|Camera value update cycle took longer than the device poll interval (Total: 11.59s > 2s; Poll: 00:00:11.5929286; Update: 00:00:00.0000816)
2026-09-20T01:33:42.4216|INFO|SequenceItem.cs|Run|254|Finishing Category: Ruota porta filtri, Item: SwitchFilter, Filter: L-Pro
2026-09-20T01:33:42.4219|INFO|SequenceTrigger.cs|Run|114|Starting Trigger: DitherAfterExposures, After Exposures: 1
2026-09-20T01:33:42.4220|INFO|SequenceItem.cs|Run|208|Starting Category: * Set di Istruzioni *, Container: NINA.Sequencer.Container.SequentialContainer, Strategy: SequentialStrategy, Items[CREATED]: 1
2026-09-20T01:33:42.4221|INFO|SequenceItem.cs|Run|208|Starting Category: Guida, Item: Dither
2026-09-20T01:33:46.2677|INFO|HocusFocusStarDetection.cs|Detect|413|Average HFR: 3.136352707177923, HFR MAD: 0.36573727749379437, Detected Stars 447, Region: 0
2026-09-20T01:33:47.0539|INFO|BaseImageData.cs|SaveToDisk|346|Saved image to D:\Images NINA\Target\LIGHT_1x1_600.00s_15_132_M 27_Celestron C8__-9.96C_L-Pro_0367_2026-09-20_01-23-35_FWHM_5.00_Fok_40265.xisf
2026-09-20T01:33:47.0541|INFO|ImageSaveController.cs|DoWork|97|Successfully saved file at D:\Images NINA\Target\LIGHT_1x1_600.00s_15_132_M 27_Celestron C8__-9.96C_L-Pro_0367_2026-09-20_01-23-35_FWHM_5.00_Fok_40265.xisf. Duration Total: 00:00:04.4975465; BeforeSave: 00:00:00.0001219; BeforeFinalizeImageSaved: 00:00:04.4459237; FinalizeSaveTime: 00:00:00.0515007
2026-09-20T01:34:24.4808|ERROR|PHD2Guider.cs|ProcessEvent|937|PHD2 error:timed-out waiting for guider to settle
2026-09-20T01:34:24.5677|INFO|SequenceItem.cs|Run|254|Finishing Category: Guida, Item: Dither
2026-09-20T01:34:24.5679|INFO|SequenceItem.cs|Run|254|Finishing Category: * Set di Istruzioni *, Container: NINA.Sequencer.Container.SequentialContainer, Strategy: SequentialStrategy, Items[FINISHED]: 1
2026-09-20T01:34:24.5680|INFO|MeridianFlipTrigger.cs|ShouldTrigger|296|Meridian Flip - (Side of Pier usage is disabled) There is still time remaining. Max remaining time 07:42:35.6304648, next instruction time 600, next instruction Category: Fotocamera, Item: TakeExposure, ExposureTime 600, Gain 15, Offset 132, ImageType LIGHT, Binning 1x1
2026-09-20T01:34:24.5681|INFO|SequenceTrigger.cs|Run|114|Starting Trigger: RestoreGuiding
2026-09-20T01:34:24.5681|INFO|SequenceItem.cs|Run|208|Starting Category: * Set di Istruzioni *, Container: NINA.Sequencer.Container.SequentialContainer, Strategy: SequentialStrategy, Items[CREATED]: 1
2026-09-20T01:34:24.5682|INFO|SequenceItem.cs|Run|208|Starting Category: Guida, Item: StartGuiding
2026-09-20T01:34:24.6344|INFO|PHD2Guider.cs|StartGuidingPrivate|504|Phd2 - App is already guiding. Skipping start guiding
2026-09-20T01:34:24.6346|INFO|SequenceItem.cs|Run|254|Finishing Category: Guida, Item: StartGuiding
2026-09-20T01:34:24.6347|INFO|SequenceItem.cs|Run|254|Finishing Category: * Set di Istruzioni *, Container: NINA.Sequencer.Container.SequentialContainer, Strategy: SequentialStrategy, Items[FINISHED]: 1
2026-09-20T01:34:24.6349|INFO|SequenceItem.cs|Run|208|Starting Category: Fotocamera, Item: TakeExposure, ExposureTime 600, Gain 15, Offset 132, ImageType LIGHT, Binning 1x1
2026-09-20T01:34:24.6377|INFO|CameraVM.cs|Capture|742|Starting Exposure - Exposure Time: 600s; Filter: ; Gain: 15; Offset 132; Binning: 1x1;
2026-09-20T01:44:22.7026|WARNING|DeviceUpdateTimer.cs|Run|115|Dome value update cycle took longer than the device poll interval (Total: 3.94s > 2s; Poll: 00:00:00.1696117; Update: 00:00:03.7685616)
2026-09-20T01:44:30.9940|WARNING|DeviceUpdateTimer.cs|Run|115|Camera value update cycle took longer than the device poll interval (Total: 6.22s > 2s; Poll: 00:00:06.1970529; Update: 00:00:00.0270467)
2026-09-20T01:44:31.0689|INFO|SequenceItem.cs|Run|254|Finishing Category: Fotocamera, Item: TakeExposure, ExposureTime 600, Gain 15, Offset 132, ImageType LIGHT, Binning 1x1
2026-09-20T01:44:31.0693|INFO|MeridianFlipTrigger.cs|ShouldTrigger|296|Meridian Flip - (Side of Pier usage is disabled) There is still time remaining. Max remaining time 07:32:28.3341706, next instruction time 0, next instruction Category: Ruota porta filtri, Item: SwitchFilter, Filter: L-Pro
2026-09-20T01:44:31.0693|INFO|SequenceItem.cs|Run|208|Starting Category: Ruota porta filtri, Item: SwitchFilter, Filter: L-Pro
2026-09-20T01:44:31.1900|INFO|SequenceItem.cs|Run|254|Finishing Category: Ruota porta filtri, Item: SwitchFilter, Filter: L-Pro
2026-09-20T01:44:31.1904|INFO|SequenceTrigger.cs|Run|114|Starting Trigger: DitherAfterExposures, After Exposures: 1
2026-09-20T01:44:31.1905|INFO|SequenceItem.cs|Run|208|Starting Category: * Set di Istruzioni *, Container: NINA.Sequencer.Container.SequentialContainer, Strategy: SequentialStrategy, Items[CREATED]: 1
2026-09-20T01:44:31.1905|INFO|SequenceItem.cs|Run|208|Starting Category: Guida, Item: Dither
2026-09-20T01:44:35.9144|INFO|HocusFocusStarDetection.cs|Detect|413|Average HFR: 3.1853216812610103, HFR MAD: 0.34908510698084294, Detected Stars 425, Region: 0
2026-09-20T01:44:36.6150|INFO|BaseImageData.cs|SaveToDisk|346|Saved image to D:\Images NINA\Target\LIGHT_1x1_600.00s_15_132_M 27_Celestron C8__-9.96C_L-Pro_0368_2026-09-20_01-34-24_FWHM_5.16_Fok_40265.xisf
2026-09-20T01:44:36.6151|INFO|ImageSaveController.cs|DoWork|97|Successfully saved file at D:\Images NINA\Target\LIGHT_1x1_600.00s_15_132_M 27_Celestron C8__-9.96C_L-Pro_0368_2026-09-20_01-34-24_FWHM_5.16_Fok_40265.xisf. Duration Total: 00:00:05.1202377; BeforeSave: 00:00:00.0001749; BeforeFinalizeImageSaved: 00:00:05.0561788; FinalizeSaveTime: 00:00:00.0638834
2026-09-20T01:45:19.8256|ERROR|PHD2Guider.cs|ProcessEvent|937|PHD2 error:timed-out waiting for guider to settle
2026-09-20T01:45:20.3095|INFO|SequenceItem.cs|Run|254|Finishing Category: Guida, Item: Dither
2026-09-20T01:45:20.3116|INFO|SequenceItem.cs|Run|254|Finishing Category: * Set di Istruzioni *, Container: NINA.Sequencer.Container.SequentialContainer, Strategy: SequentialStrategy, Items[FINISHED]: 1
2026-09-20T01:45:20.3118|INFO|MeridianFlipTrigger.cs|ShouldTrigger|296|Meridian Flip - (Side of Pier usage is disabled) There is still time remaining. Max remaining time 07:31:37.0162407, next instruction time 600, next instruction Category: Fotocamera, Item: TakeExposure, ExposureTime 600, Gain 15, Offset 132, ImageType LIGHT, Binning 1x1
2026-09-20T01:45:20.3118|INFO|SequenceTrigger.cs|Run|114|Starting Trigger: RestoreGuiding
2026-09-20T01:45:20.3119|INFO|SequenceItem.cs|Run|208|Starting Category: * Set di Istruzioni *, Container: NINA.Sequencer.Container.SequentialContainer, Strategy: SequentialStrategy, Items[CREATED]: 1
2026-09-20T01:45:20.3120|INFO|SequenceItem.cs|Run|208|Starting Category: Guida, Item: StartGuiding
2026-09-20T01:45:20.4415|INFO|PHD2Guider.cs|StartGuidingPrivate|504|Phd2 - App is already guiding. Skipping start guiding
2026-09-20T01:45:20.4417|INFO|SequenceItem.cs|Run|254|Finishing Category: Guida, Item: StartGuiding
2026-09-20T01:45:20.4418|INFO|SequenceItem.cs|Run|254|Finishing Category: * Set di Istruzioni *, Container: NINA.Sequencer.Container.SequentialContainer, Strategy: SequentialStrategy, Items[FINISHED]: 1
2026-09-20T01:45:20.4540|INFO|SequenceItem.cs|Run|208|Starting Category: Fotocamera, Item: TakeExposure, ExposureTime 600, Gain 15, Offset 132, ImageType LIGHT, Binning 1x1
2026-09-20T01:45:20.4545|INFO|CameraVM.cs|Capture|742|Starting Exposure - Exposure Time: 600s; Filter: ; Gain: 15; Offset 132; Binning: 1x1;
2026-09-20T01:55:26.7567|WARNING|DeviceUpdateTimer.cs|Run|115|Camera value update cycle took longer than the device poll interval (Total: 11.37s > 2s; Poll: 00:00:11.3086713; Update: 00:00:00.0662700)
2026-09-20T01:55:26.7733|INFO|SequenceItem.cs|Run|254|Finishing Category: Fotocamera, Item: TakeExposure, ExposureTime 600, Gain 15, Offset 132, ImageType LIGHT, Binning 1x1
2026-09-20T01:55:26.7737|INFO|MeridianFlipTrigger.cs|ShouldTrigger|296|Meridian Flip - (Side of Pier usage is disabled) There is still time remaining. Max remaining time 07:21:29.6913635, next instruction time 0, next instruction Category: Ruota porta filtri, Item: SwitchFilter, Filter: L-Pro
2026-09-20T01:55:26.7737|INFO|SequenceItem.cs|Run|208|Starting Category: Ruota porta filtri, Item: SwitchFilter, Filter: L-Pro
2026-09-20T01:55:27.0857|INFO|SequenceItem.cs|Run|254|Finishing Category: Ruota porta filtri, Item: SwitchFilter, Filter: L-Pro
2026-09-20T01:55:27.0860|INFO|SequenceTrigger.cs|Run|114|Starting Trigger: DitherAfterExposures, After Exposures: 1
2026-09-20T01:55:27.0861|INFO|SequenceItem.cs|Run|208|Starting Category: * Set di Istruzioni *, Container: NINA.Sequencer.Container.SequentialContainer, Strategy: SequentialStrategy, Items[CREATED]: 1
2026-09-20T01:55:27.0862|INFO|SequenceItem.cs|Run|208|Starting Category: Guida, Item: Dither
2026-09-20T01:55:31.5108|INFO|HocusFocusStarDetection.cs|Detect|413|Average HFR: 3.239284631457992, HFR MAD: 0.39546722794491007, Detected Stars 421, Region: 0
2026-09-20T01:55:32.3792|INFO|BaseImageData.cs|SaveToDisk|346|Saved image to D:\Images NINA\Target\LIGHT_1x1_600.00s_15_132_M 27_Celestron C8__-9.96C_L-Pro_0369_2026-09-20_01-45-20_FWHM_5.09_Fok_40265.xisf
2026-09-20T01:55:32.3793|INFO|ImageSaveController.cs|DoWork|97|Successfully saved file at D:\Images NINA\Target\LIGHT_1x1_600.00s_15_132_M 27_Celestron C8__-9.96C_L-Pro_0369_2026-09-20_01-45-20_FWHM_5.09_Fok_40265.xisf. Duration Total: 00:00:05.0666311; BeforeSave: 00:00:00.0842784; BeforeFinalizeImageSaved: 00:00:04.8894575; FinalizeSaveTime: 00:00:00.0928939
2026-09-20T01:56:10.3434|ERROR|PHD2Guider.cs|ProcessEvent|937|PHD2 error:timed-out waiting for guider to settle
2026-09-20T01:56:10.3756|INFO|SequenceItem.cs|Run|254|Finishing Category: Guida, Item: Dither
2026-09-20T01:56:10.3809|INFO|SequenceItem.cs|Run|254|Finishing Category: * Set di Istruzioni *, Container: NINA.Sequencer.Container.SequentialContainer, Strategy: SequentialStrategy, Items[FINISHED]: 1
2026-09-20T01:56:10.3815|INFO|MeridianFlipTrigger.cs|ShouldTrigger|296|Meridian Flip - (Side of Pier usage is disabled) There is still time remaining. Max remaining time 07:20:45.7315116, next instruction time 600, next instruction Category: Fotocamera, Item: TakeExposure, ExposureTime 600, Gain 15, Offset 132, ImageType LIGHT, Binning 1x1
2026-09-20T01:56:10.3817|INFO|SequenceTrigger.cs|Run|114|Starting Trigger: RestoreGuiding
2026-09-20T01:56:10.3818|INFO|SequenceItem.cs|Run|208|Starting Category: * Set di Istruzioni *, Container: NINA.Sequencer.Container.SequentialContainer, Strategy: SequentialStrategy, Items[CREATED]: 1
2026-09-20T01:56:10.3819|INFO|SequenceItem.cs|Run|208|Starting Category: Guida, Item: StartGuiding
2026-09-20T01:56:10.4712|INFO|PHD2Guider.cs|StartGuidingPrivate|504|Phd2 - App is already guiding. Skipping start guiding
2026-09-20T01:56:10.4769|INFO|SequenceItem.cs|Run|254|Finishing Category: Guida, Item: StartGuiding
2026-09-20T01:56:10.4777|INFO|SequenceItem.cs|Run|254|Finishing Category: * Set di Istruzioni *, Container: NINA.Sequencer.Container.SequentialContainer, Strategy: SequentialStrategy, Items[FINISHED]: 1
2026-09-20T01:56:10.4781|INFO|SequenceItem.cs|Run|208|Starting Category: Fotocamera, Item: TakeExposure, ExposureTime 600, Gain 15, Offset 132, ImageType LIGHT, Binning 1x1
2026-09-20T01:56:10.5610|INFO|CameraVM.cs|Capture|742|Starting Exposure - Exposure Time: 600s; Filter: ; Gain: 15; Offset 132; Binning: 1x1;
2026-09-20T02:06:12.0092|WARNING|DeviceUpdateTimer.cs|Run|115|Dome value update cycle took longer than the device poll interval (Total: 4.47s > 2s; Poll: 00:00:00.0100093; Update: 00:00:04.4630936)
2026-09-20T02:06:16.7385|WARNING|DeviceUpdateTimer.cs|Run|115|Camera value update cycle took longer than the device poll interval (Total: 11.37s > 2s; Poll: 00:00:11.3722747; Update: 00:00:00.0020758)
2026-09-20T02:06:16.8357|INFO|SequenceItem.cs|Run|254|Finishing Category: Fotocamera, Item: TakeExposure, ExposureTime 600, Gain 15, Offset 132, ImageType LIGHT, Binning 1x1
2026-09-20T02:06:16.8361|INFO|MeridianFlipTrigger.cs|ShouldTrigger|296|Meridian Flip - (Side of Pier usage is disabled) There is still time remaining. Max remaining time 07:10:38.6270653, next instruction time 0, next instruction Category: Ruota porta filtri, Item: SwitchFilter, Filter: L-Pro
2026-09-20T02:06:16.8361|INFO|SequenceItem.cs|Run|208|Starting Category: Ruota porta filtri, Item: SwitchFilter, Filter: L-Pro
2026-09-20T02:06:17.0151|INFO|SequenceItem.cs|Run|254|Finishing Category: Ruota porta filtri, Item: SwitchFilter, Filter: L-Pro
2026-09-20T02:06:17.1590|INFO|SequenceTrigger.cs|Run|114|Starting Trigger: DitherAfterExposures, After Exposures: 1
2026-09-20T02:06:17.1595|INFO|SequenceItem.cs|Run|208|Starting Category: * Set di Istruzioni *, Container: NINA.Sequencer.Container.SequentialContainer, Strategy: SequentialStrategy, Items[CREATED]: 1
2026-09-20T02:06:17.1596|INFO|SequenceItem.cs|Run|208|Starting Category: Guida, Item: Dither
2026-09-20T02:06:21.0498|INFO|HocusFocusStarDetection.cs|Detect|413|Average HFR: 3.411824862714075, HFR MAD: 0.36869365396835896, Detected Stars 372, Region: 0
2026-09-20T02:06:21.8982|INFO|BaseImageData.cs|SaveToDisk|346|Saved image to D:\Images NINA\Target\LIGHT_1x1_600.00s_15_132_M 27_Celestron C8__-9.96C_L-Pro_0370_2026-09-20_01-56-10_FWHM_5.51_Fok_40265.xisf
2026-09-20T02:06:21.8983|INFO|ImageSaveController.cs|DoWork|97|Successfully saved file at D:\Images NINA\Target\LIGHT_1x1_600.00s_15_132_M 27_Celestron C8__-9.96C_L-Pro_0370_2026-09-20_01-56-10_FWHM_5.51_Fok_40265.xisf. Duration Total: 00:00:04.7530821; BeforeSave: 00:00:00.0481812; BeforeFinalizeImageSaved: 00:00:04.6004095; FinalizeSaveTime: 00:00:00.1044901
2026-09-20T02:06:58.4014|ERROR|PHD2Guider.cs|ProcessEvent|937|PHD2 error:timed-out waiting for guider to settle
2026-09-20T02:06:58.6852|INFO|SequenceItem.cs|Run|254|Finishing Category: Guida, Item: Dither
2026-09-20T02:06:58.6866|INFO|SequenceItem.cs|Run|254|Finishing Category: * Set di Istruzioni *, Container: NINA.Sequencer.Container.SequentialContainer, Strategy: SequentialStrategy, Items[FINISHED]: 1
2026-09-20T02:06:58.6868|INFO|MeridianFlipTrigger.cs|ShouldTrigger|296|Meridian Flip - (Side of Pier usage is disabled) There is still time remaining. Max remaining time 07:09:55.8009480, next instruction time 600, next instruction Category: Fotocamera, Item: TakeExposure, ExposureTime 600, Gain 15, Offset 132, ImageType LIGHT, Binning 1x1
2026-09-20T02:06:58.6868|INFO|SequenceTrigger.cs|Run|114|Starting Trigger: RestoreGuiding
2026-09-20T02:06:58.6869|INFO|SequenceItem.cs|Run|208|Starting Category: * Set di Istruzioni *, Container: NINA.Sequencer.Container.SequentialContainer, Strategy: SequentialStrategy, Items[CREATED]: 1
2026-09-20T02:06:58.6870|INFO|SequenceItem.cs|Run|208|Starting Category: Guida, Item: StartGuiding
2026-09-20T02:06:58.7323|INFO|PHD2Guider.cs|StartGuidingPrivate|504|Phd2 - App is already guiding. Skipping start guiding
2026-09-20T02:06:58.7325|INFO|SequenceItem.cs|Run|254|Finishing Category: Guida, Item: StartGuiding
2026-09-20T02:06:58.7341|INFO|SequenceItem.cs|Run|254|Finishing Category: * Set di Istruzioni *, Container: NINA.Sequencer.Container.SequentialContainer, Strategy: SequentialStrategy, Items[FINISHED]: 1
2026-09-20T02:06:58.7736|INFO|AutofocusAfterHFRIncreaseTrigger.cs|ShouldTrigger|221|Autofocus after HFR change should be triggered, as current HFR trend is 7.62% higher compared to threshold of 5%
2026-09-20T02:06:58.7737|INFO|SequenceTrigger.cs|Run|114|Starting Trigger: AutofocusAfterHFRIncreaseTrigger, Amount: 5
2026-09-20T02:06:58.7738|INFO|SequenceItem.cs|Run|208|Starting Category: * Set di Istruzioni *, Container: NINA.Sequencer.Container.SequentialContainer, Strategy: SequentialStrategy, Items[CREATED]: 1
2026-09-20T02:06:58.7739|INFO|SequenceItem.cs|Run|208|Starting Category: Focheggiatore, Item: RunAutofocus
2026-09-20T02:06:59.0208|INFO|FocuserMediator.cs|BroadcastAutoFocusRunStarting|92|Autofocus starting notification received
2026-09-20T02:07:00.2587|INFO|AutoFocusEngine.cs|RunAutoFocus|929|Starting AutoFocus with initial position 40265
2026-09-20T02:07:00.4138|INFO|CameraVM.cs|Capture|742|Starting Exposure - Exposure Time: 6s; Filter: L-Pro; Gain: 15; Offset 132; Binning: 2x2;
2026-09-20T02:07:07.9361|INFO|AutoFocusEngine.cs|StartBlindFocusPoints|769|Waiting on initial HFR analysis
2026-09-20T02:07:07.9366|INFO|FocuserVM.cs|MoveFocuserInternal|216|Moving Focuser to position 41065
2026-09-20T02:07:09.0286|INFO|HocusFocusStarDetection.cs|Detect|413|Average HFR: 2.0130158883344142, HFR MAD: 0.17604959518947116, Detected Stars 174, Region: 0
2026-09-20T02:07:17.7360|INFO|CameraVM.cs|Capture|742|Starting Exposure - Exposure Time: 6s; Filter: L-Pro; Gain: 15; Offset 132; Binning: 2x2;
2026-09-20T02:07:25.0789|INFO|FocuserVM.cs|MoveFocuserInternal|216|Moving Focuser to position 40865
2026-09-20T02:07:26.2368|INFO|HocusFocusStarDetection.cs|Detect|413|Average HFR: 2.478968484906405, HFR MAD: 0.29708202575580067, Detected Stars 156, Region: 0
2026-09-20T02:07:30.4808|INFO|CameraVM.cs|Capture|742|Starting Exposure - Exposure Time: 6s; Filter: L-Pro; Gain: 15; Offset 132; Binning: 2x2;
2026-09-20T02:07:37.8193|INFO|FocuserVM.cs|MoveFocuserInternal|216|Moving Focuser to position 40665
2026-09-20T02:07:39.2855|INFO|HocusFocusStarDetection.cs|Detect|413|Average HFR: 2.426915935335387, HFR MAD: 0.29436829334914805, Detected Stars 164, Region: 0
2026-09-20T02:07:44.3022|INFO|CameraVM.cs|Capture|742|Starting Exposure - Exposure Time: 6s; Filter: L-Pro; Gain: 15; Offset 132; Binning: 2x2;
2026-09-20T02:07:51.6774|INFO|FocuserVM.cs|MoveFocuserInternal|216|Moving Focuser to position 40465
2026-09-20T02:07:52.8137|INFO|HocusFocusStarDetection.cs|Detect|413|Average HFR: 2.2802764146060936, HFR MAD: 0.22119524052294182, Detected Stars 173, Region: 0
2026-09-20T02:07:57.8501|INFO|CameraVM.cs|Capture|742|Starting Exposure - Exposure Time: 6s; Filter: L-Pro; Gain: 15; Offset 132; Binning: 2x2;
2026-09-20T02:08:05.1627|INFO|AutoFocusEngine.cs|StartBlindFocusPoints|797|Waiting on initial focuser move analyses
2026-09-20T02:08:06.1824|INFO|HocusFocusStarDetection.cs|Detect|413|Average HFR: 2.113506269892253, HFR MAD: 0.20925881135017144, Detected Stars 177, Region: 0
2026-09-20T02:08:06.3249|INFO|FocuserVM.cs|MoveFocuserInternal|216|Moving Focuser to position 40265
2026-09-20T02:08:11.6705|INFO|CameraVM.cs|Capture|742|Starting Exposure - Exposure Time: 6s; Filter: L-Pro; Gain: 15; Offset 132; Binning: 2x2;
2026-09-20T02:08:18.9915|INFO|AutoFocusEngine.cs|StartBlindFocusPoints|870|Waiting on next left movement analysis
2026-09-20T02:08:20.0158|INFO|HocusFocusStarDetection.cs|Detect|413|Average HFR: 2.019613717769793, HFR MAD: 0.17724442405320806, Detected Stars 184, Region: 0
2026-09-20T02:08:20.0659|INFO|FocuserVM.cs|MoveFocuserInternal|216|Moving Focuser to position 40065
2026-09-20T02:08:25.5749|INFO|CameraVM.cs|Capture|742|Starting Exposure - Exposure Time: 6s; Filter: L-Pro; Gain: 15; Offset 132; Binning: 2x2;
2026-09-20T02:08:32.9347|INFO|AutoFocusEngine.cs|StartBlindFocusPoints|870|Waiting on next left movement analysis
2026-09-20T02:08:34.4425|INFO|HocusFocusStarDetection.cs|Detect|413|Average HFR: 2.0969759553381553, HFR MAD: 0.20055563289981593, Detected Stars 169, Region: 0
2026-09-20T02:08:34.4848|INFO|FocuserVM.cs|MoveFocuserInternal|216|Moving Focuser to position 39865
2026-09-20T02:08:39.7701|INFO|CameraVM.cs|Capture|742|Starting Exposure - Exposure Time: 6s; Filter: L-Pro; Gain: 15; Offset 132; Binning: 2x2;
2026-09-20T02:08:47.0949|INFO|AutoFocusEngine.cs|StartBlindFocusPoints|870|Waiting on next left movement analysis
2026-09-20T02:08:48.3850|INFO|HocusFocusStarDetection.cs|Detect|413|Average HFR: 2.04729995008853, HFR MAD: 0.1921476434322691, Detected Stars 175, Region: 0
2026-09-20T02:08:48.4324|INFO|FocuserVM.cs|MoveFocuserInternal|216|Moving Focuser to position 39665
2026-09-20T02:08:53.7232|INFO|CameraVM.cs|Capture|742|Starting Exposure - Exposure Time: 6s; Filter: L-Pro; Gain: 15; Offset 132; Binning: 2x2;
2026-09-20T02:09:01.0833|INFO|AutoFocusEngine.cs|StartBlindFocusPoints|870|Waiting on next left movement analysis
2026-09-20T02:09:02.1652|INFO|HocusFocusStarDetection.cs|Detect|413|Average HFR: 2.060123203167852, HFR MAD: 0.20904262502824134, Detected Stars 186, Region: 0
2026-09-20T02:09:02.2250|INFO|FocuserVM.cs|MoveFocuserInternal|216|Moving Focuser to position 39465
2026-09-20T02:09:07.6866|INFO|CameraVM.cs|Capture|742|Starting Exposure - Exposure Time: 6s; Filter: L-Pro; Gain: 15; Offset 132; Binning: 2x2;
2026-09-20T02:09:15.0631|INFO|AutoFocusEngine.cs|StartBlindFocusPoints|870|Waiting on next left movement analysis
2026-09-20T02:09:16.2626|INFO|HocusFocusStarDetection.cs|Detect|413|Average HFR: 2.1270774522135385, HFR MAD: 0.2139831147196376, Detected Stars 192, Region: 0
2026-09-20T02:09:16.3486|INFO|FocuserVM.cs|MoveFocuserInternal|216|Moving Focuser to position 39265
2026-09-20T02:09:21.6872|INFO|CameraVM.cs|Capture|742|Starting Exposure - Exposure Time: 6s; Filter: L-Pro; Gain: 15; Offset 132; Binning: 2x2;
2026-09-20T02:09:29.0357|INFO|AutoFocusEngine.cs|StartBlindFocusPoints|870|Waiting on next left movement analysis
2026-09-20T02:09:30.2129|INFO|HocusFocusStarDetection.cs|Detect|413|Average HFR: 2.0420924370989715, HFR MAD: 0.19605291827425053, Detected Stars 195, Region: 0
2026-09-20T02:09:30.2456|INFO|FocuserVM.cs|MoveFocuserInternal|216|Moving Focuser to position 39065
2026-09-20T02:09:35.6297|INFO|CameraVM.cs|Capture|742|Starting Exposure - Exposure Time: 6s; Filter: L-Pro; Gain: 15; Offset 132; Binning: 2x2;
2026-09-20T02:09:42.9407|INFO|AutoFocusEngine.cs|StartBlindFocusPoints|870|Waiting on next left movement analysis
2026-09-20T02:09:43.9022|INFO|HocusFocusStarDetection.cs|Detect|413|Average HFR: 2.2502371439301743, HFR MAD: 0.257119483578061, Detected Stars 176, Region: 0
2026-09-20T02:09:43.9618|INFO|FocuserVM.cs|MoveFocuserInternal|216|Moving Focuser to position 38865
2026-09-20T02:09:49.6297|INFO|CameraVM.cs|Capture|742|Starting Exposure - Exposure Time: 6s; Filter: L-Pro; Gain: 15; Offset 132; Binning: 2x2;
2026-09-20T02:09:56.9544|INFO|AutoFocusEngine.cs|StartBlindFocusPoints|870|Waiting on next left movement analysis
2026-09-20T02:09:58.1253|INFO|HocusFocusStarDetection.cs|Detect|413|Average HFR: 2.3349069723781706, HFR MAD: 0.2738877565875204, Detected Stars 182, Region: 0
2026-09-20T02:09:58.1963|INFO|FocuserVM.cs|MoveFocuserInternal|216|Moving Focuser to position 38665
2026-09-20T02:10:03.6640|INFO|CameraVM.cs|Capture|742|Starting Exposure - Exposure Time: 6s; Filter: L-Pro; Gain: 15; Offset 132; Binning: 2x2;
2026-09-20T02:10:11.0002|INFO|AutoFocusEngine.cs|StartBlindFocusPoints|870|Waiting on next left movement analysis
2026-09-20T02:10:12.0711|INFO|HocusFocusStarDetection.cs|Detect|413|Average HFR: 2.4902950663192573, HFR MAD: 0.29930420372025424, Detected Stars 179, Region: 0
2026-09-20T02:10:12.1954|INFO|AutoFocusEngine.cs|StartBlindFocusPoints|823|Enough left trend points (4) with an established minimum (40265) to queue remaining right focus points up to 41065
2026-09-20T02:10:12.1955|INFO|AutoFocusEngine.cs|StartBlindFocusPoints|896|Waiting on remaining AutoFocus analysis tasks
2026-09-20T02:10:12.1959|INFO|FocuserVM.cs|MoveFocuserInternal|216|Moving Focuser to position 39878
2026-09-20T02:10:22.3097|INFO|AutoFocusEngine.cs|ValidateCalculatedFocusPosition|1141|Validating HFR at final focus position 39878
2026-09-20T02:10:22.4282|INFO|CameraVM.cs|Capture|742|Starting Exposure - Exposure Time: 6s; Filter: L-Pro; Gain: 15; Offset 132; Binning: 2x2;
2026-09-20T02:10:30.8442|INFO|HocusFocusStarDetection.cs|Detect|413|Average HFR: 1.884893672846753, HFR MAD: 0.17083286349148263, Detected Stars 189, Region: 0
2026-09-20T02:10:30.8786|INFO|HocusFocusVM.cs|AutoFocusEngine_Completed|473|AutoFocus completed with focuser starting at 40265 and ending at 39878
2026-09-20T02:10:30.8809|INFO|FocuserMediator.cs|BroadcastSuccessfulAutoFocusRun|46|Autofocus notification received - Temperature 21.25
2026-09-20T02:10:31.2236|INFO|AutoFocusEngine.cs|PerformPostAutoFocusActions|1022|Re-enabling temperature compensation after AutoFocus
2026-09-20T02:10:31.2617|INFO|PHD2Guider.cs|TryStartGuideCommand|641|Phd2 - Requesting to start guiding. Recalibrate: False
2026-09-20T02:11:28.4670|ERROR|PHD2Guider.cs|ProcessEvent|937|PHD2 error:timed-out waiting for guider to settle
2026-09-20T02:11:28.7806|INFO|SequenceItem.cs|Run|254|Finishing Category: Focheggiatore, Item: RunAutofocus
2026-09-20T02:11:28.7813|INFO|SequenceItem.cs|Run|254|Finishing Category: * Set di Istruzioni *, Container: NINA.Sequencer.Container.SequentialContainer, Strategy: SequentialStrategy, Items[FINISHED]: 1
2026-09-20T02:11:28.7857|INFO|SequenceItem.cs|Run|208|Starting Category: Fotocamera, Item: TakeExposure, ExposureTime 600, Gain 15, Offset 132, ImageType LIGHT, Binning 1x1
2026-09-20T02:11:28.7995|INFO|CameraVM.cs|Capture|742|Starting Exposure - Exposure Time: 600s; Filter: ; Gain: 15; Offset 132; Binning: 1x1;
2026-09-20T02:21:32.8523|WARNING|DeviceUpdateTimer.cs|Run|115|Dome value update cycle took longer than the device poll interval (Total: 4.71s > 2s; Poll: 00:00:00.0027943; Update: 00:00:04.7093202)
2026-09-20T02:21:35.0797|WARNING|DeviceUpdateTimer.cs|Run|115|Camera value update cycle took longer than the device poll interval (Total: 11.58s > 2s; Poll: 00:00:11.5813484; Update: 00:00:00.0001465)
2026-09-20T02:21:35.1668|INFO|SequenceItem.cs|Run|254|Finishing Category: Fotocamera, Item: TakeExposure, ExposureTime 600, Gain 15, Offset 132, ImageType LIGHT, Binning 1x1
2026-09-20T02:21:35.1672|INFO|MeridianFlipTrigger.cs|ShouldTrigger|296|Meridian Flip - (Side of Pier usage is disabled) There is still time remaining. Max remaining time 06:55:16.1279438, next instruction time 0, next instruction Category: Ruota porta filtri, Item: SwitchFilter, Filter: L-Pro
2026-09-20T02:21:35.1672|INFO|SequenceItem.cs|Run|208|Starting Category: Ruota porta filtri, Item: SwitchFilter, Filter: L-Pro
2026-09-20T02:21:35.3465|INFO|SequenceItem.cs|Run|254|Finishing Category: Ruota porta filtri, Item: SwitchFilter, Filter: L-Pro
2026-09-20T02:21:35.3469|INFO|SequenceTrigger.cs|Run|114|Starting Trigger: DitherAfterExposures, After Exposures: 1
2026-09-20T02:21:35.3470|INFO|SequenceItem.cs|Run|208|Starting Category: * Set di Istruzioni *, Container: NINA.Sequencer.Container.SequentialContainer, Strategy: SequentialStrategy, Items[CREATED]: 1
2026-09-20T02:21:35.3470|INFO|SequenceItem.cs|Run|208|Starting Category: Guida, Item: Dither
2026-09-20T02:21:35.6394|INFO|ImageSolver.cs|Solve|41|Platesolving with parameters: FocalLength: 1260 PixelSize: 4.54 SearchRadius: 30 BlindFailoverEnabled: True Regions: 5000 DownSampleFactor: 2 MaxObjects: 500 Reference Coordinates RA: 19:59:36 Dec: 24° 23' 28" Epoch: J2000
2026-09-20T02:21:36.3639|INFO|BaseImageData.cs|SaveToDisk|346|Saved image to C:\Users\PrimaLuceLab\AppData\Local\NINA\PlateSolver\pgry23a1.mu2.fits
2026-09-20T02:21:40.2593|INFO|HocusFocusStarDetection.cs|Detect|413|Average HFR: 3.5251511155569712, HFR MAD: 0.4232740372218893, Detected Stars 326, Region: 0
2026-09-20T02:21:41.7094|INFO|BaseImageData.cs|SaveToDisk|346|Saved image to D:\Images NINA\Target\LIGHT_1x1_600.00s_15_132_M 27_Celestron C8__-9.91C_L-Pro_0371_2026-09-20_02-11-28_FWHM_5.71_Fok_39878.xisf
2026-09-20T02:21:41.7096|INFO|ImageSaveController.cs|DoWork|97|Successfully saved file at D:\Images NINA\Target\LIGHT_1x1_600.00s_15_132_M 27_Celestron C8__-9.91C_L-Pro_0371_2026-09-20_02-11-28_FWHM_5.71_Fok_39878.xisf. Duration Total: 00:00:06.1391037; BeforeSave: 00:00:00.0684855; BeforeFinalizeImageSaved: 00:00:05.9710478; FinalizeSaveTime: 00:00:00.0995683
2026-09-20T02:21:42.4642|WARNING|DeviceUpdateTimer.cs|Run|115|Mount value update cycle took longer than the device poll interval (Total: 2.26s > 2s; Poll: 00:00:02.2639675; Update: 00:00:00.0001090)
2026-09-20T02:22:17.8919|ERROR|PHD2Guider.cs|ProcessEvent|937|PHD2 error:timed-out waiting for guider to settle
2026-09-20T02:22:18.3832|INFO|SequenceItem.cs|Run|254|Finishing Category: Guida, Item: Dither
2026-09-20T02:22:18.3905|INFO|SequenceItem.cs|Run|254|Finishing Category: * Set di Istruzioni *, Container: NINA.Sequencer.Container.SequentialContainer, Strategy: SequentialStrategy, Items[FINISHED]: 1
2026-09-20T02:22:18.3931|INFO|MeridianFlipTrigger.cs|ShouldTrigger|296|Meridian Flip - (Side of Pier usage is disabled) There is still time remaining. Max remaining time 06:54:31.7462029, next instruction time 600, next instruction Category: Fotocamera, Item: TakeExposure, ExposureTime 600, Gain 15, Offset 132, ImageType LIGHT, Binning 1x1
2026-09-20T02:22:18.3932|INFO|SequenceTrigger.cs|Run|114|Starting Trigger: RestoreGuiding
2026-09-20T02:22:18.3933|INFO|SequenceItem.cs|Run|208|Starting Category: * Set di Istruzioni *, Container: NINA.Sequencer.Container.SequentialContainer, Strategy: SequentialStrategy, Items[CREATED]: 1
2026-09-20T02:22:18.3934|INFO|SequenceItem.cs|Run|208|Starting Category: Guida, Item: StartGuiding
2026-09-20T02:22:18.4584|INFO|PHD2Guider.cs|StartGuidingPrivate|504|Phd2 - App is already guiding. Skipping start guiding
2026-09-20T02:22:18.4585|INFO|SequenceItem.cs|Run|254|Finishing Category: Guida, Item: StartGuiding
2026-09-20T02:22:18.4587|INFO|SequenceItem.cs|Run|254|Finishing Category: * Set di Istruzioni *, Container: NINA.Sequencer.Container.SequentialContainer, Strategy: SequentialStrategy, Items[FINISHED]: 1
2026-09-20T02:22:18.4765|INFO|SequenceItem.cs|Run|208|Starting Category: Fotocamera, Item: TakeExposure, ExposureTime 600, Gain 15, Offset 132, ImageType LIGHT, Binning 1x1
2026-09-20T02:22:18.4771|INFO|CameraVM.cs|Capture|742|Starting Exposure - Exposure Time: 600s; Filter: ; Gain: 15; Offset 132; Binning: 1x1;
2026-09-20T02:26:46.1291|WARNING|DeviceUpdateTimer.cs|Run|115|Dome value update cycle took longer than the device poll interval (Total: 2.13s > 2s; Poll: 00:00:00.0181445; Update: 00:00:02.1131818)
2026-09-20T02:29:30.6645|ERROR|ASTAPSolver.cs|ReadResult|62|ASTAP - Plate solve failed.
 Star database limit was reached!

2026-09-20T02:29:30.6700|INFO|ImageSolver.cs|Solve|41|Platesolving with parameters: FocalLength: 1260 PixelSize: 4.54 SearchRadius: 30 BlindFailoverEnabled: True Regions: 5000 DownSampleFactor: 2 MaxObjects: 500 
2026-09-20T02:29:31.9104|INFO|BaseImageData.cs|SaveToDisk|346|Saved image to C:\Users\PrimaLuceLab\AppData\Local\NINA\PlateSolver\n31wiyhf.ohb.fits
2026-09-20T02:30:09.1075|INFO|AstrometryPlateSolver.cs|SubmitImageJob|166|Plate Solving: Astrometry.net: Submission 16094885 created for solving.
2026-09-20T02:31:02.0987|INFO|AstrometryPlateSolver.cs|GetJobResult|191|Plate Solving: Astrometry.net: Job 16915584 completed successfully.
2026-09-20T02:31:02.6947|INFO|AstrometryPlateSolver.cs|GetJobResult|201|Plate Solving: Astrometry.net: Job 16915584 successfully retrieved.
2026-09-20T02:31:02.6949|INFO|ImageSolver.cs|Solve|54|Platesolve successful: Coordinates: RA: 19:59:31; Dec: 22° 43' 59"; Epoch: J2000 - Position Angle: 72.18334266537374
2026-09-20T02:31:02.6949|INFO|ImageSolver.cs|Solve|54|Platesolve successful: Coordinates: RA: 19:59:31; Dec: 22° 43' 59"; Epoch: J2000 - Position Angle: 72.18334266537374
2026-09-20T02:31:02.7827|INFO|CenterAfterDriftTrigger.cs|PlatesolvingImageFollower_PropertyChanged|189|Drift: 1.4530110516609647 / 3 arc minutes
2026-09-20T02:32:21.9867|WARNING|DeviceUpdateTimer.cs|Run|115|Dome value update cycle took longer than the device poll interval (Total: 4.69s > 2s; Poll: 00:00:00.0027218; Update: 00:00:04.6845824)
2026-09-20T02:32:24.7253|WARNING|DeviceUpdateTimer.cs|Run|115|Camera value update cycle took longer than the device poll interval (Total: 11.10s > 2s; Poll: 00:00:11.1044344; Update: 00:00:00.0001427)
2026-09-20T02:32:24.7262|INFO|SequenceItem.cs|Run|254|Finishing Category: Fotocamera, Item: TakeExposure, ExposureTime 600, Gain 15, Offset 132, ImageType LIGHT, Binning 1x1
2026-09-20T02:32:24.7265|INFO|MeridianFlipTrigger.cs|ShouldTrigger|296|Meridian Flip - (Side of Pier usage is disabled) There is still time remaining. Max remaining time 06:44:23.8610477, next instruction time 0, next instruction Category: Ruota porta filtri, Item: SwitchFilter, Filter: L-Pro
2026-09-20T02:32:24.7266|INFO|SequenceItem.cs|Run|208|Starting Category: Ruota porta filtri, Item: SwitchFilter, Filter: L-Pro
2026-09-20T02:32:24.8653|INFO|SequenceItem.cs|Run|254|Finishing Category: Ruota porta filtri, Item: SwitchFilter, Filter: L-Pro
2026-09-20T02:32:24.8658|INFO|TimeCondition.cs|Check|248|No more time remaining. Remaining: 00:08:00.1344026, Next Item Scatta esposizione, Next Item Estimated Duration 00:10:00, Next Item Attempts: 1
2026-09-20T02:32:24.8659|INFO|TimeCondition.cs|Check|254|TimeCondition finished.
2026-09-20T02:32:25.0997|INFO|TimeCondition.cs|Check|248|No more time remaining. Remaining: 00:07:59.9002368, Next Item Scatta esposizione, Next Item Estimated Duration 00:10:00, Next Item Attempts: 1
2026-09-20T02:32:25.0998|INFO|TimeCondition.cs|Check|254|TimeCondition finished.
2026-09-20T02:32:25.1001|INFO|TimeCondition.cs|Check|248|No more time remaining. Remaining: 00:07:59.8998617, Next Item Scatta esposizione, Next Item Estimated Duration 00:10:00, Next Item Attempts: 1
2026-09-20T02:32:25.1001|INFO|TimeCondition.cs|Check|254|TimeCondition finished.
2026-09-20T02:32:25.1022|INFO|SequenceItem.cs|Run|254|Finishing Category: Fotocamera, Container: NINA.Sequencer.SequenceItem.Imaging.SmartExposure, Strategy: SequentialStrategy, Items[FINISHED]: 1, Items[SKIPPED]: 1, Conditions: Condition: LoopCondition, Iterations: 17/40, , Triggers: Trigger: DitherAfterExposures, After Exposures: 1
2026-09-20T02:32:25.1033|INFO|SequenceItem.cs|Run|254|Finishing Category: * Set di Istruzioni *, Container: NINA.Sequencer.Container.DeepSkyObjectContainer, Strategy: SequentialStrategy, Items[FINISHED]: 4, Triggers: Trigger: CenterAfterDriftTrigger, DistanceArcMinutes: 3, Target: M 27 RA: 19:59:36; Dec: 22° 43' 16"; Epoch: J2000 0
2026-09-20T02:32:25.1036|INFO|TimeCondition.cs|Check|254|TimeCondition finished.
2026-09-20T02:32:25.1037|INFO|SequenceItem.cs|Run|254|Finishing Category: * Set di Istruzioni *, Container: NINA.Sequencer.Container.SequentialContainer, Strategy: SequentialStrategy, Items[FINISHED]: 3, Conditions: Condition: TimeCondition, Time: 2:40:25h, 
2026-09-20T02:32:25.1038|INFO|SequenceItem.cs|Run|254|Finishing Category: * Set di Istruzioni *, Container: NINA.Sequencer.Container.SequentialContainer, Strategy: SequentialStrategy, Items[FINISHED]: 2
2026-09-20T02:32:25.1039|INFO|MeridianFlipTrigger.cs|ShouldTrigger|296|Meridian Flip - (Side of Pier usage is disabled) There is still time remaining. Max remaining time 06:44:23.8610477, next instruction time 0, next instruction Category: Utilità, Item: Annotation, Text: Note: This BLANK Script Instruction is here such that it will FAIL ON PURPOSE after the final Target is completed. This forces UNSAFE to be skipped so we can proceed to the END.
2026-09-20T02:32:25.1040|INFO|SequenceItem.cs|Run|208|Starting Category: Utilità, Item: Annotation, Text: Note: This BLANK Script Instruction is here such that it will FAIL ON PURPOSE after the final Target is completed. This forces UNSAFE to be skipped so we can proceed to the END.
2026-09-20T02:32:25.1040|INFO|SequenceItem.cs|Run|254|Finishing Category: Utilità, Item: Annotation, Text: Note: This BLANK Script Instruction is here such that it will FAIL ON PURPOSE after the final Target is completed. This forces UNSAFE to be skipped so we can proceed to the END.
2026-09-20T02:32:25.1041|INFO|MeridianFlipTrigger.cs|ShouldTrigger|296|Meridian Flip - (Side of Pier usage is disabled) There is still time remaining. Max remaining time 06:44:23.8610477, next instruction time 0, next instruction Category: Utilità, Item: Annotation, Text: DO NOT PLACE ANY TEXT IN THE EXTERNAL SCRIPT FIELD BELOW.
2026-09-20T02:32:25.1042|INFO|SequenceItem.cs|Run|208|Starting Category: Utilità, Item: Annotation, Text: DO NOT PLACE ANY TEXT IN THE EXTERNAL SCRIPT FIELD BELOW.
2026-09-20T02:32:25.1042|INFO|SequenceItem.cs|Run|254|Finishing Category: Utilità, Item: Annotation, Text: DO NOT PLACE ANY TEXT IN THE EXTERNAL SCRIPT FIELD BELOW.
2026-09-20T02:32:25.1046|INFO|MeridianFlipTrigger.cs|ShouldTrigger|296|Meridian Flip - (Side of Pier usage is disabled) There is still time remaining. Max remaining time 06:44:23.8610477, next instruction time 0, next instruction Category: Utilità, Item: ExternalScript, Script: 
2026-09-20T02:32:25.1050|INFO|SequenceItem.cs|Run|208|Starting Category: Utilità, Item: ExternalScript, Script: 
2026-09-20T02:32:25.1160|ERROR|ExternalCommandExecutor.cs|RunSequenceCompleteCommandTask|35|Command not found: 
2026-09-20T02:32:25.1174|ERROR|SequenceItem.cs|Run|263|Category: Utilità, Item: ExternalScript, Script:  - 
NINA.Core.Model.SequenceEntityFailedException: Comando esterno non è stato eseguito con successo
   at NINA.Sequencer.SequenceItem.Utility.ExternalScript.Execute(IProgress`1 progress, CancellationToken token) in /_/NINA.Sequencer/SequenceItem/Utility/ExternalScript.cs:line 92
   at NINA.Sequencer.SequenceItem.SequenceItem.Run(IProgress`1 progress, CancellationToken token) in /_/NINA.Sequencer/SequenceItem/SequenceItem.cs:line 249
2026-09-20T02:32:25.1938|ERROR|SequenceItem.cs|RunErrorBehavior|190|Instruction Script Esterno failed after 1 attempt. Error behavior is set to SkipToSequenceEndInstructions. Skipping to end of sequence instructions.
2026-09-20T02:32:25.2734|INFO|SequenceItem.cs|Run|254|Finishing Category: * Set di Istruzioni *, Container: NINA.Sequencer.Container.TargetAreaContainer, Strategy: SequentialStrategy, Items[FINISHED]: 1, Items[CREATED]: 1
2026-09-20T02:32:25.2736|INFO|MeridianFlipTrigger.cs|ShouldTrigger|296|Meridian Flip - (Side of Pier usage is disabled) There is still time remaining. Max remaining time 06:44:23.8610477, next instruction time 0, next instruction Category: * Set di Istruzioni *, Container: NINA.Sequencer.Container.EndAreaContainer, Strategy: SequentialStrategy, Items[CREATED]: 1
2026-09-20T02:32:25.2740|INFO|SequenceItem.cs|Run|208|Starting Category: * Set di Istruzioni *, Container: NINA.Sequencer.Container.EndAreaContainer, Strategy: SequentialStrategy, Items[CREATED]: 1
2026-09-20T02:32:25.2743|INFO|MeridianFlipTrigger.cs|ShouldTrigger|296|Meridian Flip - (Side of Pier usage is disabled) There is still time remaining. Max remaining time 06:44:23.8610477, next instruction time 0, next instruction Category: * Set di Istruzioni *, Container: NINA.Sequencer.Container.SequentialContainer, Strategy: SequentialStrategy, Items[CREATED]: 17
2026-09-20T02:32:25.2743|INFO|SequenceItem.cs|Run|208|Starting Category: * Set di Istruzioni *, Container: NINA.Sequencer.Container.SequentialContainer, Strategy: SequentialStrategy, Items[CREATED]: 17
2026-09-20T02:32:25.2745|INFO|MeridianFlipTrigger.cs|ShouldTrigger|296|Meridian Flip - (Side of Pier usage is disabled) There is still time remaining. Max remaining time 06:44:23.8610477, next instruction time 0, next instruction Category: Utilità, Item: Annotation, Text: VERSION: 1
2026-09-20T02:32:25.2746|INFO|SequenceItem.cs|Run|208|Starting Category: Utilità, Item: Annotation, Text: VERSION: 1
2026-09-20T02:32:25.2746|INFO|SequenceItem.cs|Run|254|Finishing Category: Utilità, Item: Annotation, Text: VERSION: 1
2026-09-20T02:32:25.2747|INFO|MeridianFlipTrigger.cs|ShouldTrigger|296|Meridian Flip - (Side of Pier usage is disabled) There is still time remaining. Max remaining time 06:44:23.8610477, next instruction time 0, next instruction Category: * Set di Istruzioni *, Container: NINA.Sequencer.Container.SequentialContainer, Strategy: SequentialStrategy, Items[CREATED]: 3
2026-09-20T02:32:25.2748|INFO|SequenceItem.cs|Run|208|Starting Category: * Set di Istruzioni *, Container: NINA.Sequencer.Container.SequentialContainer, Strategy: SequentialStrategy, Items[CREATED]: 3
2026-09-20T02:32:25.2748|INFO|MeridianFlipTrigger.cs|ShouldTrigger|296|Meridian Flip - (Side of Pier usage is disabled) There is still time remaining. Max remaining time 06:44:23.8610477, next instruction time 0, next instruction Category: Utilità, Item: Annotation, Text: This End Sequence ensures an ASCOM Safety Monitor will function in a sequence as expected.
2026-09-20T02:32:25.2749|INFO|SequenceItem.cs|Run|208|Starting Category: Utilità, Item: Annotation, Text: This End Sequence ensures an ASCOM Safety Monitor will function in a sequence as expected.
2026-09-20T02:32:25.2749|INFO|SequenceItem.cs|Run|254|Finishing Category: Utilità, Item: Annotation, Text: This End Sequence ensures an ASCOM Safety Monitor will function in a sequence as expected.
2026-09-20T02:32:25.2750|INFO|MeridianFlipTrigger.cs|ShouldTrigger|296|Meridian Flip - (Side of Pier usage is disabled) There is still time remaining. Max remaining time 06:44:23.8610477, next instruction time 0, next instruction Category: Utilità, Item: Annotation, Text: The CONNECTOR Plugin is used in this Sequence.
2026-09-20T02:32:25.2750|INFO|SequenceItem.cs|Run|208|Starting Category: Utilità, Item: Annotation, Text: The CONNECTOR Plugin is used in this Sequence.
2026-09-20T02:32:25.2750|INFO|SequenceItem.cs|Run|254|Finishing Category: Utilità, Item: Annotation, Text: The CONNECTOR Plugin is used in this Sequence.
2026-09-20T02:32:25.2751|INFO|MeridianFlipTrigger.cs|ShouldTrigger|296|Meridian Flip - (Side of Pier usage is disabled) There is still time remaining. Max remaining time 06:44:23.8610477, next instruction time 0, next instruction Category: Utilità, Item: Annotation, Text: A Switch is also used within this End Sequence.
2026-09-20T02:32:25.2751|INFO|SequenceItem.cs|Run|208|Starting Category: Utilità, Item: Annotation, Text: A Switch is also used within this End Sequence.
2026-09-20T02:32:25.2752|INFO|SequenceItem.cs|Run|254|Finishing Category: Utilità, Item: Annotation, Text: A Switch is also used within this End Sequence.
2026-09-20T02:32:25.2752|INFO|SequenceItem.cs|Run|254|Finishing Category: * Set di Istruzioni *, Container: NINA.Sequencer.Container.SequentialContainer, Strategy: SequentialStrategy, Items[FINISHED]: 3
2026-09-20T02:32:25.2755|INFO|MeridianFlipTrigger.cs|ShouldTrigger|296|Meridian Flip - (Side of Pier usage is disabled) There is still time remaining. Max remaining time 06:44:23.8610477, next instruction time 0, next instruction Category: Guida, Item: StopGuiding
2026-09-20T02:32:25.2757|INFO|SequenceItem.cs|Run|208|Starting Category: Guida, Item: StopGuiding
2026-09-20T02:32:26.6187|INFO|SequenceItem.cs|Run|254|Finishing Category: Guida, Item: StopGuiding
2026-09-20T02:32:26.6190|INFO|MeridianFlipTrigger.cs|ShouldTrigger|296|Meridian Flip - (Side of Pier usage is disabled) There is still time remaining. Max remaining time 06:44:23.8610477, next instruction time 0, next instruction Category: Telescopio, Item: SetTracking, TrackingMode: Stopped
2026-09-20T02:32:26.6191|INFO|SequenceItem.cs|Run|208|Starting Category: Telescopio, Item: SetTracking, TrackingMode: Stopped
2026-09-20T02:32:26.9107|INFO|SequenceItem.cs|Run|254|Finishing Category: Telescopio, Item: SetTracking, TrackingMode: Stopped
2026-09-20T02:32:26.9114|INFO|MeridianFlipTrigger.cs|ShouldTrigger|296|Meridian Flip - (Side of Pier usage is disabled) There is still time remaining. Max remaining time 06:44:23.8610477, next instruction time 0, next instruction Category: Telescopio, Item: FindHome
2026-09-20T02:32:27.1944|INFO|SequenceItem.cs|Run|208|Starting Category: Telescopio, Item: FindHome
2026-09-20T02:32:27.2124|INFO|PHD2Guider.cs|StopGuiding|704|Phd2 - Stop Guiding skipped, as the app is already in state Stopped
2026-09-20T02:32:27.2145|INFO|TelescopeVM.cs|FindHome|292|Mount ordered to locate home position
2026-09-20T02:32:28.9172|INFO|HocusFocusStarDetection.cs|Detect|413|Average HFR: 3.561213485983276, HFR MAD: 0.38002640568353163, Detected Stars 346, Region: 0
2026-09-20T02:32:29.6967|INFO|BaseImageData.cs|SaveToDisk|346|Saved image to D:\Images NINA\Target\LIGHT_1x1_600.00s_15_132_M 27_Celestron C8__-10.00C_L-Pro_0372_2026-09-20_02-22-18_FWHM_5.92_Fok_39878.xisf
2026-09-20T02:32:29.6968|INFO|ImageSaveController.cs|DoWork|97|Successfully saved file at D:\Images NINA\Target\LIGHT_1x1_600.00s_15_132_M 27_Celestron C8__-10.00C_L-Pro_0372_2026-09-20_02-22-18_FWHM_5.92_Fok_39878.xisf. Duration Total: 00:00:04.5037257; BeforeSave: 00:00:00.0044398; BeforeFinalizeImageSaved: 00:00:04.4516364; FinalizeSaveTime: 00:00:00.0476493
2026-09-20T02:33:02.0246|INFO|TelescopeVM.cs|FindHome|348|Mount has located its home position
2026-09-20T02:33:02.0247|INFO|SequenceItem.cs|Run|254|Finishing Category: Telescopio, Item: FindHome
2026-09-20T02:33:02.0249|INFO|MeridianFlipTrigger.cs|ShouldTrigger|197|Meridian Flip - Telescope is at home position. Skip flip evaluation
2026-09-20T02:33:02.0254|INFO|SequenceItem.cs|Run|208|Starting Category: Apparato per i Flat, Item: CloseCover
2026-09-20T02:33:02.0312|INFO|FlatDeviceVM.cs|CloseCover|341|Closing Flat Device Cover
2026-09-20T02:33:27.9628|INFO|SequenceItem.cs|Run|254|Finishing Category: Apparato per i Flat, Item: CloseCover
2026-09-20T02:33:27.9631|INFO|MeridianFlipTrigger.cs|ShouldTrigger|197|Meridian Flip - Telescope is at home position. Skip flip evaluation
2026-09-20T02:33:27.9636|INFO|SequenceItem.cs|Run|208|Starting Category: Osservatorio, Item: CloseDomeShutter
2026-09-20T02:33:28.0234|INFO|DomeVM.cs|CloseShutter|544|Closing dome shutter. Shutter state before closing ShutterOpen
2026-09-20T02:33:28.0236|INFO|AscomDome.cs|CloseShutter|245|Sending a CloseShutter request, since it is currently ShutterOpen
2026-09-20T02:34:18.1982|INFO|DomeVM.cs|CloseShutter|550|Closed dome shutter. Shutter state after closing ShutterClosed
2026-09-20T02:34:18.2017|INFO|SequenceItem.cs|Run|254|Finishing Category: Osservatorio, Item: CloseDomeShutter
2026-09-20T02:34:18.2022|INFO|MeridianFlipTrigger.cs|ShouldTrigger|197|Meridian Flip - Telescope is at home position. Skip flip evaluation
2026-09-20T02:34:18.2028|INFO|SequenceItem.cs|Run|208|Starting Category: Fotocamera, Item: WarmCamera, Duration: 5
2026-09-20T02:34:18.2053|INFO|CameraVM.cs|WarmCamera|161|Warming Camera. Duration: 00:05:00
2026-09-20T02:41:21.7517|INFO|CameraVM.cs|WarmCamera|179|Could not reach warming temperature. Most likley due to ambient temperature being lower. Continuing...
2026-09-20T02:41:41.9865|INFO|CameraVM.cs|WarmCamera|186|Turning cooler off
2026-09-20T02:41:42.0244|INFO|SequenceItem.cs|Run|254|Finishing Category: Fotocamera, Item: WarmCamera, Duration: 5
2026-09-20T02:41:42.0247|INFO|MeridianFlipTrigger.cs|ShouldTrigger|197|Meridian Flip - Telescope is at home position. Skip flip evaluation
2026-09-20T02:41:42.0254|INFO|SequenceItem.cs|Run|208|Starting Category: Connetti, Item: DisconnectEquipment, Selected device: Camera
2026-09-20T02:41:42.0380|INFO|QHYCamera.cs|Disconnect|1057|QHYCCD: Closing camera 695A-M-0037ec709603ca4e3
2026-09-20T02:41:42.0977|INFO|CameraVM.cs|Disconnect|650|Disconnected Camera
2026-09-20T02:41:42.0979|INFO|SequenceItem.cs|Run|254|Finishing Category: Connetti, Item: DisconnectEquipment, Selected device: Camera
2026-09-20T02:41:42.0980|INFO|MeridianFlipTrigger.cs|ShouldTrigger|197|Meridian Flip - Telescope is at home position. Skip flip evaluation
2026-09-20T02:41:42.0981|INFO|SequenceItem.cs|Run|208|Starting Category: Connetti, Item: DisconnectEquipment, Selected device: Filter Wheel
2026-09-20T02:41:42.2360|INFO|FilterWheelVM.cs|Disconnect|333|Disconnected Filter Wheel
2026-09-20T02:41:42.2362|INFO|SequenceItem.cs|Run|254|Finishing Category: Connetti, Item: DisconnectEquipment, Selected device: Filter Wheel
2026-09-20T02:41:42.2364|INFO|MeridianFlipTrigger.cs|ShouldTrigger|197|Meridian Flip - Telescope is at home position. Skip flip evaluation
2026-09-20T02:41:42.2364|INFO|SequenceItem.cs|Run|208|Starting Category: Connetti, Item: DisconnectEquipment, Selected device: Focuser
2026-09-20T02:41:42.2397|INFO|AscomDevice.cs|Disconnect|378|Disconnecting from ASCOM.PegasusAstro.Focuser Pegasus Astro Focus Controller
2026-09-20T02:41:42.6307|INFO|FocuserVM.cs|Disconnect|441|Disconnected Focuser
2026-09-20T02:41:42.6311|INFO|SequenceItem.cs|Run|254|Finishing Category: Connetti, Item: DisconnectEquipment, Selected device: Focuser
2026-09-20T02:41:42.6313|INFO|MeridianFlipTrigger.cs|ShouldTrigger|197|Meridian Flip - Telescope is at home position. Skip flip evaluation
2026-09-20T02:41:42.6313|INFO|SequenceItem.cs|Run|208|Starting Category: Connetti, Item: DisconnectEquipment, Selected device: Mount
2026-09-20T02:41:42.6373|INFO|AscomDevice.cs|Disconnect|378|Disconnecting from ASCOM.Optec ASCOM.Telescope CPWI_ASCOM_Telescope
2026-09-20T02:41:42.6483|WARNING|QhyccdSdk.cs|SetControlValue|285|QHYCCD: Failed to Set Control CONTROL_MANULPWM with value 0
2026-09-20T02:41:42.6555|INFO|TelescopeVM.cs|Disconnect|740|Disconnected mount
2026-09-20T02:41:42.6557|INFO|SequenceItem.cs|Run|254|Finishing Category: Connetti, Item: DisconnectEquipment, Selected device: Mount
2026-09-20T02:41:42.7067|ERROR|MeridianFlipTrigger.cs|ShouldTrigger|183|Meridian Flip - Telescope is not connected to evaluate if a flip should happen!
2026-09-20T02:41:42.7069|INFO|SequenceItem.cs|Run|208|Starting Category: Connetti, Item: DisconnectEquipment, Selected device: Guider
2026-09-20T02:41:42.7076|INFO|SequenceItem.cs|Run|254|Finishing Category: Connetti, Item: DisconnectEquipment, Selected device: Guider
2026-09-20T02:41:42.7083|ERROR|MeridianFlipTrigger.cs|ShouldTrigger|183|Meridian Flip - Telescope is not connected to evaluate if a flip should happen!
2026-09-20T02:41:42.7084|INFO|SequenceItem.cs|Run|208|Starting Category: Connetti, Item: DisconnectEquipment, Selected device: Flat Panel
2026-09-20T02:41:42.7108|INFO|AscomDevice.cs|Disconnect|378|Disconnecting from ASCOM.WandererCover1.CoverCalibrator WandererEmpire Cover 1
2026-09-20T02:41:42.7596|INFO|FlatDeviceVM.cs|Disconnect|289|Disconnected Flat Device
2026-09-20T02:41:42.7598|INFO|SequenceItem.cs|Run|254|Finishing Category: Connetti, Item: DisconnectEquipment, Selected device: Flat Panel
2026-09-20T02:41:42.7601|ERROR|MeridianFlipTrigger.cs|ShouldTrigger|183|Meridian Flip - Telescope is not connected to evaluate if a flip should happen!
2026-09-20T02:41:42.7601|INFO|SequenceItem.cs|Run|208|Starting Category: Connetti, Item: DisconnectEquipment, Selected device: Weather
2026-09-20T02:41:42.9012|INFO|AscomDevice.cs|Disconnect|378|Disconnecting from ASCOM.CloudWatcher.ObservingConditions CloudWatcher ObsCond
2026-09-20T02:41:42.9821|INFO|WeatherDataVM.cs|Disconnect|305|Disconnected Weather Device
2026-09-20T02:41:42.9822|INFO|SequenceItem.cs|Run|254|Finishing Category: Connetti, Item: DisconnectEquipment, Selected device: Weather
2026-09-20T02:41:42.9824|ERROR|MeridianFlipTrigger.cs|ShouldTrigger|183|Meridian Flip - Telescope is not connected to evaluate if a flip should happen!
2026-09-20T02:41:42.9825|INFO|SequenceItem.cs|Run|208|Starting Category: Connetti, Item: DisconnectEquipment, Selected device: Dome
2026-09-20T02:41:43.2717|INFO|AscomDevice.cs|Disconnect|378|Disconnecting from ASCOM.TS_Shelter.Dome Shelter Dome
2026-09-20T02:41:43.6780|INFO|DomeVM.cs|Disconnect|355|Disconnected Dome Device
2026-09-20T02:41:43.6782|INFO|SequenceItem.cs|Run|254|Finishing Category: Connetti, Item: DisconnectEquipment, Selected device: Dome
2026-09-20T02:41:43.6783|ERROR|MeridianFlipTrigger.cs|ShouldTrigger|183|Meridian Flip - Telescope is not connected to evaluate if a flip should happen!
2026-09-20T02:41:43.6784|INFO|SequenceItem.cs|Run|208|Starting Category: Connetti, Item: DisconnectEquipment, Selected device: Safety Monitor
2026-09-20T02:41:43.6808|INFO|SafetyMonitorVM.cs|UpdateMonitorValues|95|SafetyMonitorInfo state changed to Unsafe
2026-09-20T02:41:43.6810|INFO|AscomDevice.cs|Disconnect|378|Disconnecting from ASCOM.Hub.SafetyMonitor Short driver name - please customise
2026-09-20T02:41:43.7263|INFO|SafetyMonitorVM.cs|Disconnect|221|Disconnected Safety Monitor
2026-09-20T02:41:43.7264|INFO|SequenceItem.cs|Run|254|Finishing Category: Connetti, Item: DisconnectEquipment, Selected device: Safety Monitor
2026-09-20T02:41:43.7268|INFO|SequenceItem.cs|Run|254|Finishing Category: * Set di Istruzioni *, Container: NINA.Sequencer.Container.SequentialContainer, Strategy: SequentialStrategy, Items[FINISHED]: 17
2026-09-20T02:41:43.7269|INFO|SequenceItem.cs|Run|254|Finishing Category: * Set di Istruzioni *, Container: NINA.Sequencer.Container.EndAreaContainer, Strategy: SequentialStrategy, Items[FINISHED]: 1
2026-09-20T02:41:43.7274|INFO|SequenceItem.cs|Run|254|Finishing Category: * Set di Istruzioni *, Container: NINA.Sequencer.Container.SequenceRootContainer, Strategy: SequentialStrategy, Items[FINISHED]: 3, Triggers: Trigger: MeridianFlipTriggerTrigger: RestoreGuidingTrigger: AutofocusAfterHFRIncreaseTrigger, Amount: 5Trigger: AutofocusAfterFilterChange
2026-09-20T02:41:43.7325|INFO|Sequence2VM.cs|StartSequence|548|Advanced Sequence finished
