PHD2 version 2.6.14dev1 [Windows], Log version 2.5. Log enabled at 2026-09-05 17:09:30
INFO: Guiding parameter change, MultiStar = true

Guiding Begins at 2026-09-05 21:24:00
Equipment Profile = SW4P_EVO
Dither = both axes, Dither scale = 1.000, Image noise reduction = 2x2 mean, Guide-frame time lapse = 0, Server enabled
Pixel scale = 2.91 arc-sec/px, Binning = 1, Focal length = 266 mm
Search region = 15 px, Star mass tolerance = 50.0%, Multi-star mode, list size = 12
 Camera = ZWO ASI120MM Mini (ASCOM), full size = 1280 x 960, have dark, dark dur = 2000, no defect map, pixel size = 3.8 um
Exposure = 2000 ms
Mount = GPUSB, connected, guiding enabled, AuxMount=CPWI_ASCOM_Telescope, xAngle = 154.0, xRate = 4.140, yAngle = -116.0, yRate = 4.762, parity = +/+
Norm rates RA = 13.1"/s @ dec 0, Dec = 13.8"/s; ortho.err. = 0.0 deg
X guide algorithm = Hysteresis, Hysteresis = 0.100, Aggression = 0.700, Minimum move = 0.130
Y guide algorithm = Resist Switch, Minimum move = 0.200 Aggression = 100% FastSwitch = enabled
Backlash comp = enabled, pulse = 260 ms
Max RA duration = 2500, Max DEC duration = 2500, DEC guide mode = Auto
RA Guide Speed = 14.9 a-s/s, Dec Guide Speed = 14.9 a-s/s, Cal Dec = -0.0, Last Cal Issue = None, Timestamp = 31/08/2026 21:19:06
RA = 20.01 hr, Dec = 22.8 deg, Hour angle = -0.85 hr, Pier side = West, Rotator pos = N/A, Alt = 67.7 deg, Az = 147.7 deg
Lock position = 877.728, 667.068, Star position = 877.728, 667.068, HFD = 3.92 px
Frame,Time,mount,dx,dy,RARawDistance,DECRawDistance,RAGuideDistance,DECGuideDistance,RADuration,RADirection,DECDuration,DECDirection,XStep,YStep,StarMass,SNR,ErrorCode
INFO: SETTLING STATE CHANGE, Settling started
1,2.512,"Mount",-0.160,0.350,0.298,-0.244,0.187,0.000,45,W,0,,,,855459,536.91,0
2,4.833,"Mount",-0.075,0.082,0.103,-0.041,0.000,0.000,0,,0,,,,828978,481.76,0
3,7.104,"Mount",-0.221,0.047,0.219,0.054,0.138,0.000,33,W,0,,,,802035,504.93,0
4,9.444,"Mount",-0.092,-0.014,0.077,0.053,0.000,0.000,0,,0,,,,811249,446.46,0
5,11.704,"Mount",-0.282,0.060,0.280,0.070,0.177,0.000,43,W,0,,,,771227,439.49,0
INFO: SETTLING STATE CHANGE, Settling complete
6,14.160,"Mount",-0.367,0.259,0.444,-0.072,0.292,0.000,71,W,0,,,,820464,502.12,0
7,16.359,"Mount",-0.004,-0.040,-0.014,0.038,0.000,0.000,0,,0,,,,816725,504.36,0
8,18.687,"Mount",-0.005,-0.164,-0.068,0.149,0.000,0.000,0,,0,,,,815977,471.29,0
9,20.912,"Mount",0.218,-0.149,-0.261,0.039,-0.164,0.000,40,E,0,,,,802165,495.93,0
10,23.314,"Mount",-0.276,0.109,0.295,0.023,0.175,0.000,42,W,0,,,,754405,412.03,0
11,25.568,"Mount",-0.296,0.078,0.300,0.060,0.201,0.000,49,W,0,,,,820442,443.89,0
12,28.024,"Mount",0.182,-0.199,-0.251,0.099,-0.144,0.000,35,E,0,,,,808881,464.53,0
13,30.276,"Mount",-0.143,-0.009,0.124,0.071,0.000,0.000,0,,0,,,,804207,438.24,0
14,32.696,"Mount",-0.232,0.132,0.266,-0.017,0.168,0.000,41,W,0,,,,765087,431.61,0
15,34.928,"Mount",-0.127,0.231,0.216,-0.152,0.148,0.000,36,W,0,,,,813832,453.15,0
16,37.329,"Mount",-0.236,-0.237,0.108,0.316,0.000,0.000,0,,0,,,,858247,447.13,0
17,39.519,"Mount",-0.048,0.007,0.047,0.015,0.000,0.000,0,,0,,,,809422,477.51,0
18,41.912,"Mount",-0.125,0.052,0.135,0.009,0.085,0.000,21,W,0,,,,803555,495.97,0
19,44.144,"Mount",0.240,-0.185,-0.297,0.061,-0.181,0.000,44,E,0,,,,804542,494.76,0
20,46.477,"Mount",-0.013,0.040,0.029,-0.030,0.000,0.000,0,,0,,,,813142,454.77,0
21,48.720,"Mount",0.266,0.124,-0.185,-0.228,-0.116,0.000,28,E,0,,,,770950,475.76,0
22,51.129,"Mount",-0.100,0.366,0.251,-0.285,0.150,0.000,36,W,0,,,,814221,478.59,0
23,53.293,"Mount",0.006,0.170,0.069,-0.156,0.000,0.000,0,,0,,,,794464,496.04,0
24,55.720,"Mount",-0.222,0.160,0.270,-0.046,0.170,0.000,41,W,0,,,,810056,465.08,0
25,58.003,"Mount",-0.053,0.133,0.106,-0.097,0.000,0.000,0,,0,,,,829618,513.56,0
26,60.416,"Mount",0.152,-0.111,-0.186,0.033,-0.117,0.000,28,E,0,,,,820478,483.55,0
27,62.648,"Mount",0.232,0.075,-0.175,-0.169,-0.119,0.000,29,E,0,,,,811677,472.68,0
28,65.048,"Mount",0.144,-0.073,-0.162,0.002,-0.110,0.000,27,E,0,,,,810349,436.22,0
29,67.393,"Mount",0.377,-0.153,-0.406,-0.028,-0.263,0.000,64,E,0,,,,853113,488.95,0
30,69.888,"Mount",0.095,-0.119,-0.138,0.065,-0.105,0.000,25,E,0,,,,800241,436.29,0
31,72.296,"Mount",0.341,-0.327,-0.449,0.144,-0.291,0.000,70,E,0,,,,783377,489.77,0
32,74.665,"Mount",0.128,-0.025,-0.126,-0.034,0.000,0.000,0,,0,,,,799930,446.54,0
33,76.858,"Mount",0.071,0.055,-0.040,-0.081,0.000,0.000,0,,0,,,,808836,463.83,0
34,79.264,"Mount",0.165,-0.112,-0.197,0.029,-0.124,0.000,30,E,0,,,,797248,476.21,0
35,81.536,"Mount",0.415,-0.240,-0.478,0.034,-0.310,0.000,75,E,0,,,,806702,469.16,0
36,83.887,"Mount",0.028,-0.057,-0.050,0.039,0.000,0.000,0,,0,,,,812627,520.43,0
37,86.176,"Mount",0.142,-0.121,-0.181,0.047,-0.114,0.000,28,E,0,,,,794308,502.64,0
38,88.584,"Mount",0.225,0.021,-0.193,-0.118,-0.130,0.000,31,E,0,,,,821867,495.94,0
39,90.757,"Mount",0.108,-0.072,-0.128,0.017,0.000,0.000,0,,0,,,,822122,434.32,0
40,93.184,"Mount",0.375,-0.350,-0.491,0.150,-0.309,0.000,75,E,0,,,,819904,455.72,0
41,95.362,"Mount",0.027,-0.058,-0.049,0.040,0.000,0.000,0,,0,,,,831173,520.52,0
42,97.752,"Mount",0.011,0.454,0.190,-0.413,0.120,0.000,29,W,0,,,,826717,497.53,0
43,100.015,"Mount",0.011,-0.063,-0.037,0.051,0.000,0.000,0,,0,,,,824421,462.38,0
44,102.403,"Mount",-0.040,-0.209,-0.056,0.205,0.000,0.000,0,,0,,,,814028,473.42,0
45,104.680,"Mount",0.361,-0.007,-0.327,-0.152,-0.206,0.000,50,E,0,,,,820227,502.79,0
46,107.104,"Mount",0.314,-0.095,-0.324,-0.052,-0.219,0.000,53,E,0,,,,862425,504.95,0
47,109.377,"Mount",0.147,-0.240,-0.238,0.151,-0.165,0.000,40,E,0,,,,796723,484.74,0
48,111.749,"Mount",0.067,-0.127,-0.116,0.085,0.000,0.000,0,,0,,,,811468,451.73,0
49,113.925,"Mount",0.006,-0.149,-0.071,0.132,0.000,0.000,0,,0,,,,806184,486.87,0
50,116.243,"Mount",-0.130,-0.167,0.043,0.207,0.000,0.000,0,,0,,,,817044,482.14,0
51,118.440,"Mount",-0.155,-0.324,-0.002,0.359,0.000,0.000,0,,0,,,,802489,478.38,0
52,120.943,"Mount",-0.136,-0.422,-0.063,0.439,0.000,0.439,0,,92,S,,,843435,514.32,0
53,123.271,"Mount",-0.126,-0.347,-0.040,0.367,0.000,0.367,0,,77,S,,,793806,479.65,0
54,125.736,"Mount",0.318,-0.165,-0.358,0.009,-0.226,0.000,55,E,0,,,,804366,460.44,0
55,128.024,"Mount",0.229,-0.209,-0.297,0.088,-0.203,0.000,49,E,0,,,,838389,502.33,0
56,130.434,"Mount",-0.135,-0.008,0.117,0.067,0.000,0.000,0,,0,,,,812022,463.73,0
57,132.696,"Mount",0.185,-0.105,-0.212,0.014,-0.134,0.000,32,E,0,,,,803723,467.38,0
58,135.073,"Mount",-0.164,-0.109,0.099,0.170,0.000,0.000,0,,0,,,,821031,468.81,0
59,137.229,"Mount",0.021,0.135,0.040,-0.131,0.000,0.000,0,,0,,,,811673,450.87,0
60,139.704,"Mount",-0.136,-0.223,0.024,0.260,0.000,0.260,0,,55,S,,,821135,452.29,0
61,142.199,"Mount",-0.525,0.032,0.486,0.202,0.306,0.202,74,W,42,S,,,805229,471.98,0
62,144.616,"Mount",-0.190,0.082,0.206,0.010,0.151,0.000,37,W,0,,,,849430,551.19,0
63,146.848,"Mount",-0.201,-0.017,0.174,0.103,0.120,0.000,29,W,0,,,,821918,462.73,0
64,149.240,"Mount",0.123,-0.101,-0.155,0.037,-0.089,0.000,21,E,0,,,,811031,493.57,0
65,151.488,"Mount",0.129,-0.042,-0.134,-0.019,-0.091,0.000,22,E,0,,,,778570,473.37,0
66,154.192,"Mount",0.871,-0.911,-1.182,0.436,-0.751,0.436,181,E,92,S,,,794608,438.46,0
67,156.608,"Mount",0.265,-0.404,-0.415,0.247,-0.314,0.247,76,E,52,S,,,853579,478.94,0
68,159.024,"Mount",-0.293,0.046,0.284,0.087,0.157,0.000,38,W,0,,,,799881,466.43,0
69,161.320,"Mount",-0.343,0.106,0.355,0.055,0.235,0.000,57,W,0,,,,812918,451.55,0
70,163.759,"Mount",-0.258,-0.268,0.114,0.353,0.000,0.353,0,,74,S,,,817411,492.46,0
71,166.080,"Mount",-0.298,0.044,0.287,0.092,0.181,0.000,44,W,0,,,,801769,427.25,0
72,168.419,"Mount",-0.124,-0.050,0.089,0.100,0.000,0.000,0,,0,,,,819151,526.64,0
73,170.598,"Mount",-0.059,-0.163,-0.018,0.173,0.000,0.000,0,,0,,,,818019,505.19,0
74,172.984,"Mount",0.182,-0.048,-0.185,-0.036,-0.116,0.000,28,E,0,,,,827988,533.47,0
75,175.192,"Mount",-0.152,-0.115,0.086,0.170,0.000,0.000,0,,0,,,,795664,485.81,0
76,177.616,"Mount",0.286,-0.196,-0.343,0.050,-0.216,0.000,52,E,0,,,,824067,483.62,0
77,179.837,"Mount",-0.083,0.120,0.127,-0.072,0.000,0.000,0,,0,,,,818356,491.74,0
78,182.310,"Mount",-0.069,0.084,0.099,-0.045,0.000,0.000,0,,0,,,,794847,489.04,0
79,184.560,"Mount",-0.358,0.074,0.354,0.091,0.223,0.000,54,W,0,,,,809030,471.24,0
80,187.080,"Mount",-0.190,-0.070,0.140,0.146,0.104,0.000,25,W,0,,,,828810,476.78,0
81,189.383,"Mount",-0.130,-0.295,-0.012,0.322,0.000,0.322,0,,68,S,,,806551,492.89,0
82,191.841,"Mount",0.218,-0.176,-0.274,0.062,-0.172,0.000,42,E,0,,,,760641,457.35,0
83,194.576,"Mount",-0.018,-0.339,-0.132,0.312,-0.095,0.312,23,E,66,S,,,827896,485.59,0
84,197.015,"Mount",-0.108,-0.212,0.004,0.237,0.000,0.237,0,,50,S,,,788420,493.91,0
85,199.399,"Mount",0.288,-0.390,-0.430,0.224,-0.271,0.224,65,E,47,S,,,762018,481.49,0
86,201.776,"Mount",0.111,-0.041,-0.118,-0.011,0.000,0.000,0,,0,,,,790422,473.95,0
87,203.971,"Mount",0.044,-0.009,-0.043,-0.011,0.000,0.000,0,,0,,,,796641,470.30,0
88,206.384,"Mount",-0.314,0.024,0.293,0.117,0.185,0.000,45,W,0,,,,790037,498.18,0
89,208.848,"Mount",-0.385,-0.130,0.288,0.286,0.195,0.286,47,W,60,S,,,782136,449.82,0
90,211.246,"Mount",-0.022,0.046,0.040,-0.031,0.000,0.000,0,,0,,,,779040,464.21,0
91,213.528,"Mount",0.137,-0.094,-0.164,0.024,-0.104,0.000,25,E,0,,,,802792,482.53,0
92,216.128,"Mount",0.122,-0.454,-0.309,0.355,-0.202,0.355,49,E,74,S,,,818118,509.89,0
93,218.416,"Mount",0.168,-0.281,-0.274,0.179,-0.187,0.000,45,E,0,,,,763254,456.88,0
94,220.912,"Mount",0.008,-0.389,-0.177,0.346,-0.125,0.346,30,E,73,S,,,790880,469.57,0
95,223.318,"Mount",0.123,-0.450,-0.308,0.351,-0.203,0.351,49,E,74,S,,,770720,451.88,0
96,225.792,"Mount",-0.245,-0.305,0.087,0.381,0.000,0.381,0,,80,S,,,780118,495.91,0
97,228.128,"Mount",-0.234,-0.310,0.074,0.382,0.000,0.382,0,,80,S,,,773748,452.02,0
98,230.568,"Mount",-0.134,-0.242,0.014,0.276,0.000,0.276,0,,58,S,,,839434,519.72,0
99,232.856,"Mount",-0.093,-0.428,-0.104,0.425,0.000,0.425,0,,89,S,,,812542,488.48,0
100,235.352,"Mount",0.212,-0.244,-0.297,0.126,-0.187,0.000,45,E,0,,,,772727,466.76,0
101,237.656,"Mount",0.065,-0.270,-0.176,0.214,-0.124,0.214,30,E,45,S,,,771379,414.48,0
102,240.112,"Mount",0.115,-0.122,-0.157,0.059,-0.108,0.000,26,E,0,,,,804646,501.85,0
103,242.448,"Mount",0.061,-0.215,-0.149,0.167,-0.102,0.000,25,E,0,,,,792936,487.51,0
104,245.008,"Mount",0.130,-0.294,-0.246,0.207,-0.162,0.207,39,E,43,S,,,752982,483.14,0
105,247.243,"Mount",-0.062,-0.129,-0.001,0.143,0.000,0.000,0,,0,,,,779495,461.69,0
106,249.664,"Mount",-0.234,0.100,0.254,0.013,0.160,0.000,39,W,0,,,,824474,488.81,0
107,251.921,"Mount",-0.237,-0.016,0.206,0.118,0.141,0.000,34,W,0,,,,796768,445.68,0
108,254.518,"Mount",0.195,-0.299,-0.307,0.184,-0.183,0.000,44,E,0,,,,800441,476.86,0
109,256.816,"Mount",-0.126,-0.257,0.001,0.287,0.000,0.287,0,,60,S,,,829245,494.72,0
110,259.432,"Mount",-0.066,-0.520,-0.169,0.496,-0.107,0.496,26,E,104,S,,,808014,485.19,0
111,261.706,"Mount",0.103,-0.117,-0.143,0.060,-0.098,0.000,24,E,0,,,,790966,411.92,0
112,264.120,"Mount",-0.261,0.167,0.308,-0.035,0.187,0.000,45,W,0,,,,797838,494.88,0
113,266.488,"Mount",-0.363,-0.077,0.292,0.229,0.197,0.229,48,W,48,S,,,823814,479.20,0
114,268.992,"Mount",-0.225,-0.357,0.046,0.420,0.000,0.420,0,,88,S,,,813055,493.02,0
115,271.408,"Mount",-0.478,-0.047,0.409,0.252,0.257,0.252,62,W,53,S,,,790935,459.35,0
116,273.770,"Mount",0.021,0.101,0.026,-0.100,0.000,0.000,0,,0,,,,788902,458.83,0
117,276.088,"Mount",0.175,-0.021,-0.167,-0.058,-0.105,0.000,25,E,0,,,,788881,491.27,0
118,278.512,"Mount",0.145,-0.026,-0.142,-0.040,-0.097,0.000,23,E,0,,,,770355,455.18,0
119,280.760,"Mount",-0.083,0.160,0.145,-0.107,0.085,0.000,20,W,0,,,,816916,445.45,0
120,283.192,"Mount",-0.132,-0.193,0.034,0.231,0.000,0.231,0,,49,S,,,778575,475.23,0
121,285.391,"Mount",-0.108,0.032,0.111,0.018,0.000,0.000,0,,0,,,,846243,481.26,0
122,287.824,"Mount",-0.357,0.152,0.388,0.020,0.244,0.000,59,W,0,,,,777905,511.23,0
123,290.304,"Mount",-0.392,-0.163,0.280,0.318,0.194,0.318,47,W,67,S,,,811252,501.65,0
124,292.864,"Mount",-0.430,-0.277,0.265,0.438,0.180,0.438,44,W,92,S,,,801673,489.17,0
125,295.120,"Mount",-0.249,0.094,0.265,0.025,0.179,0.000,43,W,0,,,,794862,470.47,0
126,297.468,"Mount",-0.061,0.026,0.066,0.003,0.000,0.000,0,,0,,,,805538,461.89,0
127,299.720,"Mount",0.226,-0.098,-0.246,-0.011,-0.155,0.000,37,E,0,,,,795102,468.32,0
128,302.208,"Mount",-0.332,0.104,0.344,0.053,0.206,0.000,50,W,0,,,,799857,433.87,0
129,304.424,"Mount",-0.040,0.085,0.074,-0.059,0.000,0.000,0,,0,,,,800002,449.34,0
130,306.872,"Mount",0.037,-0.221,-0.130,0.182,-0.082,0.000,20,E,0,,,,797569,479.48,0
131,309.200,"Mount",-0.023,-0.307,-0.114,0.286,0.000,0.286,0,,60,S,,,822677,519.25,0
132,311.796,"Mount",-0.636,-0.123,0.518,0.390,0.326,0.390,79,W,82,S,,,754554,459.69,0
133,314.216,"Mount",-0.362,-0.058,0.300,0.211,0.212,0.211,51,W,44,S,,,785336,479.98,0
134,316.802,"Mount",0.135,-0.175,-0.198,0.098,-0.110,0.000,27,E,0,,,,856739,507.00,0
135,319.184,"Mount",-0.009,-0.272,-0.111,0.248,0.000,0.248,0,,52,S,,,797607,503.38,0
136,321.632,"Mount",-0.153,0.159,0.207,-0.076,0.130,0.000,32,W,0,,,,838662,479.01,0
137,323.835,"Mount",0.019,-0.204,-0.107,0.175,0.000,0.000,0,,0,,,,841156,507.05,0
138,326.256,"Mount",0.132,-0.148,-0.184,0.075,-0.116,0.000,28,E,0,,,,803831,486.05,0
139,328.554,"Mount",-0.289,-0.021,0.251,0.146,0.150,0.000,36,W,0,,,,764206,463.96,0
140,330.996,"Mount",-0.147,0.059,0.158,0.011,0.110,0.000,27,W,0,,,,801304,474.90,0
141,333.282,"Mount",-0.368,0.039,0.347,0.127,0.227,0.000,55,W,0,,,,812815,517.36,0
142,335.856,"Mount",-0.231,-0.171,0.132,0.255,0.099,0.255,24,W,54,S,,,797307,512.85,0
143,338.141,"Mount",0.049,-0.093,-0.085,0.062,0.000,0.000,0,,0,,,,809388,469.36,0
144,340.469,"Mount",0.144,0.103,-0.084,-0.155,0.000,0.000,0,,0,,,,781508,504.91,0
145,342.808,"Mount",0.351,0.106,-0.268,-0.249,-0.169,0.000,41,E,0,,,,789222,444.33,0
146,345.249,"Mount",0.311,-0.076,-0.313,-0.068,-0.209,0.000,51,E,0,,,,815794,507.20,0
147,347.512,"Mount",0.132,-0.105,-0.165,0.036,-0.118,0.000,29,E,0,,,,789130,464.48,0
148,349.933,"Mount",0.106,-0.161,-0.166,0.098,-0.113,0.000,27,E,0,,,,810501,464.93,0
149,352.304,"Mount",-0.318,0.210,0.378,-0.049,0.230,0.000,56,W,0,,,,777314,500.55,0
150,354.760,"Mount",-0.260,0.189,0.316,-0.055,0.215,0.000,52,W,0,,,,776184,500.84,0
151,357.032,"Mount",-0.300,0.259,0.383,-0.101,0.256,0.000,62,W,0,,,,810024,476.38,0
152,359.372,"Mount",0.169,0.155,-0.083,-0.214,0.000,0.000,0,,0,,,,801432,452.53,0
153,361.554,"Mount",0.123,0.123,-0.057,-0.165,0.000,0.000,0,,0,,,,842595,495.37,0
154,364.056,"Mount",0.431,-0.144,-0.451,-0.059,-0.284,0.000,69,E,0,,,,812780,468.27,0
155,366.384,"Mount",0.409,-0.070,-0.398,-0.116,-0.271,0.000,65,E,0,,,,799860,481.94,0
156,368.912,"Mount",0.249,0.102,-0.179,-0.200,-0.132,0.000,32,E,0,,,,798467,470.51,0
157,371.184,"Mount",0.354,-0.016,-0.326,-0.141,-0.214,0.000,52,E,0,,,,796513,502.93,0
158,373.602,"Mount",0.029,0.153,0.041,-0.150,0.000,0.000,0,,0,,,,809263,428.46,0
159,376.168,"Mount",0.162,0.198,-0.059,-0.249,0.000,-0.249,0,,312,N,,,792415,445.16,0
160,378.744,"Mount",0.227,0.147,-0.140,-0.232,-0.088,-0.232,21,E,49,N,,,779465,466.65,0
161,381.008,"Mount",0.383,-0.083,-0.380,-0.093,-0.246,0.000,59,E,0,,,,786190,473.63,0
162,383.440,"Mount",0.255,0.056,-0.205,-0.162,-0.146,0.000,35,E,0,,,,821584,460.95,0
163,385.776,"Mount",0.306,-0.101,-0.319,-0.044,-0.212,0.000,51,E,0,,,,802471,437.87,0
164,388.154,"Mount",0.108,0.079,-0.062,-0.118,0.000,0.000,0,,0,,,,802658,470.14,0
165,390.516,"Mount",0.297,0.090,-0.227,-0.211,-0.143,-0.211,35,E,44,N,,,791296,469.82,0
166,392.882,"Mount",0.010,-0.160,-0.079,0.139,0.000,0.000,0,,0,,,,764804,470.54,0
167,395.184,"Mount",0.524,-0.291,-0.599,0.031,-0.377,0.000,91,E,0,,,,771059,474.13,0
168,397.559,"Mount",0.073,0.052,-0.043,-0.078,0.000,0.000,0,,0,,,,768384,477.84,0
169,399.944,"Mount",0.370,-0.148,-0.397,-0.030,-0.250,0.000,60,E,0,,,,801600,486.40,0
170,402.362,"Mount",0.071,-0.152,-0.130,0.106,-0.100,0.000,24,E,0,,,,808393,458.88,0
171,404.728,"Mount",0.355,-0.450,-0.517,0.249,-0.333,0.000,80,E,0,,,,803914,485.10,0
172,407.160,"Mount",0.185,0.177,-0.088,-0.240,0.000,-0.240,0,,50,N,,,817441,486.31,0
173,409.440,"Mount",0.278,-0.321,-0.391,0.166,-0.246,0.000,59,E,0,,,,776184,440.38,0
174,411.960,"Mount",0.255,-0.026,-0.240,-0.089,-0.169,0.000,41,E,0,,,,811036,473.96,0
175,414.128,"Mount",0.106,0.121,-0.043,-0.156,0.000,0.000,0,,0,,,,805657,498.07,0
176,416.465,"Mount",-0.011,-0.165,-0.063,0.153,0.000,0.000,0,,0,,,,809712,455.41,0
177,418.721,"Mount",-0.155,-0.089,0.100,0.148,0.000,0.000,0,,0,,,,787141,461.21,0
178,421.150,"Mount",0.045,-0.122,-0.094,0.090,0.000,0.000,0,,0,,,,803982,479.74,0
179,423.350,"Mount",0.033,0.038,-0.013,-0.049,0.000,0.000,0,,0,,,,809004,505.77,0
180,425.880,"Mount",0.159,-0.085,-0.180,0.007,-0.113,0.000,27,E,0,,,,815521,523.56,0
181,428.296,"Mount",0.348,-0.260,-0.427,0.080,-0.277,0.000,67,E,0,,,,808173,492.23,0
182,430.800,"Mount",0.096,0.013,-0.080,-0.054,0.000,0.000,0,,0,,,,761833,473.24,0
183,433.120,"Mount",0.271,-0.148,-0.308,0.014,-0.194,0.000,47,E,0,,,,776497,489.40,0
184,435.491,"Mount",0.028,-0.038,-0.042,0.022,0.000,0.000,0,,0,,,,757245,435.49,0
185,437.760,"Mount",-0.219,0.078,0.231,0.026,0.145,0.000,35,W,0,,,,796250,497.96,0
186,440.336,"Mount",-0.194,-0.063,0.147,0.142,0.103,0.000,25,W,0,,,,778186,460.76,0
187,442.583,"Mount",-0.094,-0.075,0.051,0.108,0.000,0.000,0,,0,,,,787292,450.73,0
188,444.935,"Mount",-0.033,-0.239,-0.075,0.229,0.000,0.000,0,,0,,,,823215,458.25,0
189,447.133,"Mount",-0.113,-0.091,0.062,0.131,0.000,0.000,0,,0,,,,811208,487.61,0
190,449.491,"Mount",0.025,0.208,0.069,-0.198,0.000,0.000,0,,0,,,,785305,476.62,0
191,451.738,"Mount",0.064,-0.073,-0.089,0.037,0.000,0.000,0,,0,,,,801089,490.62,0
192,454.192,"Mount",-0.199,0.149,0.244,-0.047,0.154,0.000,37,W,0,,,,779667,474.64,0
193,456.464,"Mount",-0.195,0.080,0.210,0.014,0.143,0.000,35,W,0,,,,783231,450.64,0
194,458.801,"Mount",0.020,0.099,0.025,-0.098,0.000,0.000,0,,0,,,,764897,476.96,0
195,461.040,"Mount",0.125,-0.183,-0.193,0.110,-0.121,0.000,29,E,0,,,,807489,483.83,0
196,463.411,"Mount",-0.081,-0.221,-0.025,0.234,0.000,0.000,0,,0,,,,796247,490.53,0
197,465.603,"Mount",0.124,-0.007,-0.114,-0.048,0.000,0.000,0,,0,,,,800230,476.39,0
198,468.024,"Mount",-0.041,0.038,0.054,-0.016,0.000,0.000,0,,0,,,,813116,479.04,0
199,470.208,"Mount",0.127,0.092,-0.074,-0.138,0.000,0.000,0,,0,,,,799719,492.25,0
200,472.675,"Mount",0.152,0.141,-0.075,-0.193,0.000,0.000,0,,0,,,,774449,468.77,0
201,474.928,"Mount",-0.245,0.130,0.277,-0.010,0.175,0.000,42,W,0,,,,839340,483.78,0
202,477.400,"Mount",0.302,-0.563,-0.519,0.373,-0.314,0.000,76,E,0,,,,783492,479.37,0
203,479.720,"Mount",0.290,-0.032,-0.275,-0.098,-0.195,0.000,47,E,0,,,,801405,465.78,0
204,482.112,"Mount",-0.040,-0.107,-0.011,0.113,0.000,0.000,0,,0,,,,807215,463.07,0
205,484.424,"Mount",-0.371,0.040,0.351,0.126,0.221,0.000,53,W,0,,,,750176,452.59,0
206,486.840,"Mount",0.048,-0.236,-0.147,0.191,-0.077,0.000,19,E,0,,,,809761,507.22,0
207,489.129,"Mount",-0.080,0.245,0.180,-0.185,0.108,0.000,26,W,0,,,,767882,454.00,0
208,491.561,"Mount",0.264,-0.130,-0.294,0.000,-0.178,0.000,43,E,0,,,,778415,447.27,0
209,493.888,"Mount",0.459,-0.057,-0.438,-0.151,-0.288,0.000,70,E,0,,,,818695,449.13,0
210,496.408,"Mount",0.419,-0.120,-0.429,-0.076,-0.291,0.000,70,E,0,,,,799555,482.19,0
211,498.824,"Mount",0.367,-0.051,-0.353,-0.115,-0.243,0.000,59,E,0,,,,789494,451.14,0
212,501.155,"Mount",0.015,-0.207,-0.104,0.179,0.000,0.000,0,,0,,,,849117,474.90,0
213,503.597,"Mount",-0.476,0.056,0.452,0.159,0.285,0.000,69,W,0,,,,812392,503.08,0
214,506.152,"Mount",-0.639,-0.044,0.555,0.320,0.370,0.000,89,W,0,,,,787639,496.55,0
215,508.384,"Mount",-0.220,-0.074,0.165,0.163,0.130,0.000,31,W,0,,,,828111,506.59,0
216,510.840,"Mount",0.213,-0.074,-0.224,-0.026,-0.132,0.000,32,E,0,,,,778981,449.74,0
217,513.245,"Mount",0.416,-0.231,-0.475,0.025,-0.309,0.000,75,E,0,,,,747433,450.60,0
218,515.648,"Mount",-0.185,-0.060,0.140,0.135,0.066,0.000,16,W,0,,,,845164,505.18,0
219,517.936,"Mount",0.178,0.001,-0.160,-0.079,-0.096,0.000,23,E,0,,,,780718,461.88,0
220,520.352,"Mount",-0.153,0.092,0.178,-0.015,0.105,0.000,25,W,0,,,,783998,482.82,0
221,522.688,"Mount",0.178,0.050,-0.138,-0.124,-0.080,0.000,19,E,0,,,,774178,475.57,0
222,525.144,"Mount",0.008,0.238,0.098,-0.217,0.000,-0.217,0,,46,N,,,791903,469.60,0
223,527.325,"Mount",-0.014,0.144,0.075,-0.123,0.000,0.000,0,,0,,,,791097,461.70,0
224,529.724,"Mount",0.003,0.122,0.051,-0.111,0.000,0.000,0,,0,,,,796587,455.62,0
225,532.033,"Mount",0.320,-0.053,-0.311,-0.093,-0.196,0.000,47,E,0,,,,832345,532.05,0
226,534.416,"Mount",-0.069,0.174,0.139,-0.126,0.074,0.000,18,W,0,,,,801424,433.55,0
227,536.784,"Mount",0.405,-0.291,-0.491,0.084,-0.304,0.000,73,E,0,,,,821495,442.31,0
228,539.135,"Mount",-0.097,0.004,0.089,0.039,0.000,0.000,0,,0,,,,785737,457.51,0
229,541.355,"Mount",0.120,0.048,-0.087,-0.096,0.000,0.000,0,,0,,,,760733,454.61,0
230,543.752,"Mount",0.202,-0.085,-0.219,-0.012,-0.138,0.000,33,E,0,,,,817748,497.73,0
231,546.009,"Mount",0.008,0.059,0.018,-0.057,0.000,0.000,0,,0,,,,828224,495.23,0
232,548.349,"Mount",-0.194,-0.285,0.049,0.341,0.000,0.000,0,,0,,,,796758,435.39,0
233,550.549,"Mount",-0.142,-0.135,0.068,0.184,0.000,0.000,0,,0,,,,770513,478.69,0
234,552.952,"Mount",-0.046,-0.175,-0.036,0.177,0.000,0.000,0,,0,,,,790523,467.76,0
235,555.209,"Mount",-0.176,0.138,0.219,-0.047,0.138,0.000,33,W,0,,,,766592,481.47,0
236,557.663,"Mount",0.015,-0.011,-0.018,0.003,0.000,0.000,0,,0,,,,767289,480.26,0
237,559.943,"Mount",0.024,-0.032,-0.036,0.018,0.000,0.000,0,,0,,,,765557,485.62,0
238,562.480,"Mount",-0.254,0.052,0.251,0.064,0.158,0.000,38,W,0,,,,809386,507.66,0
239,564.696,"Mount",-0.099,0.106,0.136,-0.052,0.097,0.000,23,W,0,,,,784625,463.29,0
240,567.065,"Mount",-0.060,-0.097,0.011,0.113,0.000,0.000,0,,0,,,,785827,448.01,0
241,569.296,"Mount",-0.202,-0.012,0.177,0.100,0.111,0.000,27,W,0,,,,768849,465.48,0
242,571.722,"Mount",0.046,-0.277,-0.162,0.228,-0.094,0.000,23,E,0,,,,796281,461.15,0
243,574.091,"Mount",-0.198,0.007,0.181,0.081,0.108,0.000,26,W,0,,,,770139,425.80,0
244,576.528,"Mount",0.153,-0.156,-0.206,0.073,-0.122,0.000,30,E,0,,,,751378,440.52,0
245,578.791,"Mount",-0.050,-0.002,0.044,0.024,0.000,0.000,0,,0,,,,760300,478.37,0
246,581.200,"Mount",-0.152,0.097,0.179,-0.020,0.112,0.000,27,W,0,,,,757300,490.48,0
247,583.456,"Mount",-0.174,0.179,0.235,-0.084,0.156,0.000,38,W,0,,,,804973,454.87,0
248,585.911,"Mount",-0.077,-0.267,-0.048,0.274,0.000,0.000,0,,0,,,,768307,460.91,0
249,588.288,"Mount",-0.604,0.100,0.587,0.176,0.370,0.000,89,W,0,,,,736727,462.68,0
250,591.160,"Mount",-0.824,0.137,0.801,0.238,0.530,0.238,128,W,310,S,,,787863,446.26,0
251,593.616,"Mount",-0.769,0.009,0.694,0.330,0.475,0.330,115,W,69,S,,,802875,467.62,0
252,596.144,"Mount",-0.365,-0.123,0.274,0.270,0.206,0.270,50,W,57,S,,,775181,479.06,0
253,598.416,"Mount",-0.194,0.119,0.227,-0.021,0.157,0.000,38,W,0,,,,768506,478.33,0
254,600.904,"Mount",0.008,-0.294,-0.136,0.261,-0.075,0.261,18,E,55,S,,,770949,481.69,0
255,603.176,"Mount",-0.368,0.059,0.356,0.109,0.219,0.000,53,W,0,,,,772299,497.41,0
256,605.806,"Mount",-0.673,-0.160,0.535,0.439,0.352,0.439,85,W,92,S,,,799110,472.01,0
257,608.240,"Mount",-0.309,-0.077,0.244,0.204,0.178,0.204,43,W,43,S,,,791677,476.15,0
258,610.696,"Mount",-0.310,0.168,0.352,-0.015,0.234,0.000,57,W,0,,,,817318,476.82,0
259,612.992,"Mount",-0.205,0.529,0.417,-0.385,0.279,0.000,67,W,0,,,,819204,512.99,0
260,615.528,"Mount",-0.183,0.324,0.307,-0.210,0.213,0.000,51,W,0,,,,784793,496.98,0
261,617.864,"Mount",-0.044,-0.048,0.018,0.063,0.000,0.000,0,,0,,,,797988,445.90,0
262,620.296,"Mount",-0.286,0.031,0.270,0.098,0.170,0.000,41,W,0,,,,854861,543.59,0
263,622.768,"Mount",-0.611,-0.202,0.461,0.450,0.302,0.450,73,W,94,S,,,809026,476.76,0
264,625.216,"Mount",-0.431,0.077,0.421,0.120,0.287,0.000,69,W,0,,,,820444,461.15,0
265,627.504,"Mount",-0.202,0.113,0.231,-0.013,0.165,0.000,40,W,0,,,,836635,539.45,0
266,629.854,"Mount",0.122,0.285,0.016,-0.309,0.000,0.000,0,,0,,,,886477,536.87,0
267,632.592,"Mount",-0.192,0.551,0.415,-0.411,0.261,-0.411,63,W,372,N,,,848258,486.80,0
268,635.016,"Mount",-0.163,0.129,0.203,-0.044,0.146,0.000,35,W,0,,,,827515,482.38,0
269,637.320,"Mount",-0.283,-0.193,0.170,0.297,0.117,0.000,28,W,0,,,,811802,487.63,0
270,639.728,"Mount",0.108,-0.180,-0.176,0.115,-0.103,0.000,25,E,0,,,,871945,529.37,0
271,641.948,"Mount",-0.061,-0.236,-0.049,0.239,0.000,0.000,0,,0,,,,794325,534.91,0
272,644.288,"Mount",0.117,0.038,-0.088,-0.085,0.000,0.000,0,,0,,,,819230,532.94,0
273,646.568,"Mount",-0.180,0.147,0.227,-0.053,0.143,0.000,35,W,0,,,,818303,491.88,0
274,649.056,"Mount",0.417,-0.034,-0.389,-0.153,-0.235,0.000,57,E,0,,,,843017,508.99,0
275,651.304,"Mount",-0.045,0.220,0.137,-0.178,0.070,0.000,17,W,0,,,,830603,474.16,0
276,653.856,"Mount",0.092,0.292,0.045,-0.303,0.000,-0.303,0,,64,N,,,836682,536.50,0
277,656.160,"Mount",-0.258,-0.110,0.184,0.212,0.116,0.000,28,W,0,,,,850274,507.28,0
278,658.616,"Mount",-0.230,0.029,0.220,0.075,0.147,0.000,35,W,0,,,,790975,499.15,0
279,660.952,"Mount",0.146,-0.338,-0.279,0.240,-0.166,0.000,40,E,0,,,,788015,506.63,0
280,663.302,"Mount",0.048,-0.170,-0.117,0.131,0.000,0.000,0,,0,,,,816102,503.61,0
281,665.672,"Mount",0.599,-0.340,-0.687,0.042,-0.433,0.000,105,E,0,,,,796360,492.40,0
282,668.208,"Mount",0.127,-0.149,-0.179,0.078,-0.143,0.000,35,E,0,,,,777497,479.75,0
283,670.377,"Mount",0.018,0.009,-0.012,-0.016,0.000,0.000,0,,0,,,,754986,476.97,0
284,672.779,"Mount",0.028,-0.234,-0.128,0.197,0.000,0.000,0,,0,,,,820077,519.27,0
285,675.184,"Mount",0.122,0.304,0.024,-0.327,0.000,-0.327,0,,69,N,,,798938,495.74,0
286,677.575,"Mount",0.151,0.064,-0.107,-0.124,0.000,0.000,0,,0,,,,789185,478.22,0
287,680.092,"Mount",0.278,-0.492,-0.466,0.320,-0.293,0.000,71,E,0,,,,782885,518.40,0
288,682.608,"Mount",0.328,-0.288,-0.421,0.115,-0.286,0.000,69,E,0,,,,797826,494.01,0
289,684.789,"Mount",-0.032,-0.115,-0.021,0.117,0.000,0.000,0,,0,,,,807750,488.94,0
290,687.232,"Mount",-0.104,0.235,0.197,-0.165,0.124,0.000,30,W,0,,,,792241,460.38,0
291,689.632,"Mount",0.529,0.069,-0.445,-0.294,-0.272,-0.294,66,E,62,N,,,826515,524.69,0
292,692.064,"Mount",-0.091,0.174,0.158,-0.117,0.080,0.000,19,W,0,,,,788761,484.09,0
293,694.352,"Mount",0.297,-0.062,-0.295,-0.074,-0.180,0.000,43,E,0,,,,766901,442.83,0
294,696.686,"Mount",-0.134,-0.143,0.058,0.188,0.000,0.000,0,,0,,,,861162,472.18,0
295,698.961,"Mount",-0.130,-0.046,0.096,0.098,0.000,0.000,0,,0,,,,829336,501.31,0
296,701.376,"Mount",0.263,-0.290,-0.364,0.145,-0.229,0.000,55,E,0,,,,798798,499.18,0
297,703.800,"Mount",1.070,-0.845,-1.332,0.290,-0.855,0.000,207,E,0,,,,759425,471.85,0
298,706.244,"Mount",-0.010,0.152,0.075,-0.133,0.000,0.000,0,,0,,,,760962,450.44,0
299,708.482,"Mount",0.031,0.130,0.029,-0.130,0.000,0.000,0,,0,,,,758835,472.45,0
300,711.024,"Mount",0.362,-0.216,-0.420,0.035,-0.265,0.000,64,E,0,,,,805886,479.45,0
301,713.272,"Mount",-0.064,0.237,0.161,-0.185,0.083,0.000,20,W,0,,,,816671,524.16,0
302,715.630,"Mount",-0.088,-0.190,-0.004,0.210,0.000,0.000,0,,0,,,,775787,442.52,0
303,717.905,"Mount",-0.058,-0.184,-0.029,0.191,0.000,0.000,0,,0,,,,779203,472.20,0
304,720.328,"Mount",-0.071,0.160,0.134,-0.112,0.084,0.000,20,W,0,,,,805420,497.11,0
305,722.666,"Mount",0.364,-0.063,-0.355,-0.104,-0.218,0.000,53,E,0,,,,737282,455.53,0
306,725.104,"Mount",0.257,-0.009,-0.235,-0.104,-0.163,0.000,39,E,0,,,,804854,508.56,0
307,727.472,"Mount",0.404,0.046,-0.343,-0.219,-0.227,-0.219,55,E,46,N,,,844435,441.33,0
308,729.976,"Mount",0.228,0.077,-0.171,-0.169,-0.124,0.000,30,E,0,,,,808077,464.87,0
309,732.432,"Mount",0.259,0.130,-0.176,-0.230,-0.120,-0.230,29,E,48,N,,,808603,487.23,0
310,734.906,"Mount",0.208,-0.455,-0.386,0.317,-0.252,0.000,61,E,0,,,,822806,476.06,0
311,737.256,"Mount",-0.245,0.093,0.261,0.024,0.147,0.000,35,W,0,,,,812363,467.64,0
312,739.680,"Mount",-0.256,-0.126,0.175,0.225,0.120,0.000,29,W,0,,,,796085,474.03,0
313,742.100,"Mount",-0.397,-0.001,0.356,0.175,0.233,0.000,56,W,0,,,,766853,470.69,0
314,744.496,"Mount",0.153,-0.200,-0.225,0.113,-0.126,0.000,30,E,0,,,,776314,443.22,0
315,746.741,"Mount",-0.008,-0.216,-0.087,0.198,0.000,0.000,0,,0,,,,762211,477.28,0
316,749.128,"Mount",-0.168,-0.027,0.139,0.098,0.088,0.000,21,W,0,,,,808333,510.99,0
317,751.417,"Mount",-0.222,0.132,0.257,-0.021,0.168,0.000,41,W,0,,,,794474,495.28,0
318,754.016,"Mount",0.270,0.155,-0.174,-0.258,-0.098,-0.258,24,E,54,N,,,822419,522.12,0
319,756.288,"Mount",0.179,-0.161,-0.232,0.066,-0.153,0.000,37,E,0,,,,811803,508.27,0
320,758.728,"Mount",-0.228,0.100,0.249,0.010,0.146,0.000,35,W,0,,,,791961,511.99,0
321,760.976,"Mount",0.132,-0.168,-0.192,0.093,-0.111,0.000,27,E,0,,,,823046,478.75,0
322,763.432,"Mount",-0.327,0.014,0.300,0.131,0.181,0.000,44,W,0,,,,788489,487.07,0
323,765.616,"Mount",-0.014,-0.272,-0.107,0.250,0.000,0.000,0,,0,,,,780955,488.62,0
324,768.032,"Mount",-0.126,0.085,0.150,-0.021,0.095,0.000,23,W,0,,,,808110,506.61,0
325,770.230,"Mount",0.013,-0.096,-0.054,0.080,0.000,0.000,0,,0,,,,753425,488.98,0
326,772.608,"Mount",-0.298,-0.030,0.255,0.158,0.161,0.000,39,W,0,,,,823805,491.64,0
327,774.854,"Mount",0.070,0.033,-0.049,-0.061,0.000,0.000,0,,0,,,,766520,505.82,0
328,777.248,"Mount",0.166,-0.076,-0.183,-0.005,-0.115,0.000,28,E,0,,,,765040,477.20,0
329,779.430,"Mount",0.021,0.027,-0.007,-0.034,0.000,0.000,0,,0,,,,773301,471.30,0
330,781.824,"Mount",-0.158,0.128,0.198,-0.045,0.125,0.000,30,W,0,,,,812996,465.87,0
331,784.211,"Mount",0.004,-0.075,-0.036,0.066,0.000,0.000,0,,0,,,,798069,503.68,0
332,786.686,"Mount",-0.213,-0.039,0.174,0.129,0.110,0.000,27,W,0,,,,778974,463.88,0
333,788.862,"Mount",0.112,-0.055,-0.125,-0.000,0.000,0.000,0,,0,,,,783894,448.71,0
334,791.273,"Mount",0.136,-0.083,-0.159,0.015,-0.100,0.000,24,E,0,,,,813594,476.72,0
335,793.560,"Mount",0.288,-0.385,-0.428,0.220,-0.277,0.000,67,E,0,,,,781830,472.85,0
336,796.104,"Mount",0.323,-0.006,-0.293,-0.137,-0.204,0.000,49,E,0,,,,825559,486.37,0
337,798.344,"Mount",0.258,0.061,-0.205,-0.168,-0.143,0.000,35,E,0,,,,778991,475.59,0
338,800.832,"Mount",-0.269,0.125,0.296,0.006,0.177,0.000,43,W,0,,,,771000,456.52,0
339,803.074,"Mount",-0.000,-0.215,-0.095,0.194,0.000,0.000,0,,0,,,,763120,437.35,0
340,805.520,"Mount",-0.264,0.096,0.279,0.029,0.176,0.000,42,W,0,,,,815046,481.99,0
341,807.720,"Mount",-0.054,-0.284,-0.076,0.279,0.000,0.000,0,,0,,,,810862,506.12,0
342,810.161,"Mount",0.111,0.179,-0.021,-0.209,0.000,0.000,0,,0,,,,818415,491.67,0
343,812.552,"Mount",0.105,0.267,0.023,-0.286,0.000,-0.286,0,,60,N,,,781063,506.24,0
344,815.088,"Mount",0.164,0.220,-0.051,-0.270,0.000,-0.270,0,,57,N,,,780480,469.67,0
345,817.400,"Mount",0.283,-0.002,-0.256,-0.122,-0.161,0.000,39,E,0,,,,803754,458.99,0
346,819.904,"Mount",0.255,0.039,-0.212,-0.147,-0.145,0.000,35,E,0,,,,768342,438.89,0
347,822.162,"Mount",0.107,0.056,-0.071,-0.098,0.000,0.000,0,,0,,,,778038,501.88,0
348,824.552,"Mount",-0.172,-0.036,0.138,0.108,0.087,0.000,21,W,0,,,,794193,455.91,0
349,826.766,"Mount",-0.077,0.121,0.123,-0.075,0.000,0.000,0,,0,,,,784626,482.18,0
350,829.111,"Mount",-0.003,0.137,0.063,-0.122,0.000,0.000,0,,0,,,,807309,489.57,0
351,831.384,"Mount",0.155,0.004,-0.137,-0.072,-0.086,0.000,21,E,0,,,,812296,488.78,0
352,833.741,"Mount",-0.050,-0.234,-0.058,0.232,0.000,0.000,0,,0,,,,819716,480.34,0
353,836.012,"Mount",-0.026,0.013,0.030,-0.000,0.000,0.000,0,,0,,,,797166,452.43,0
354,838.347,"Mount",0.120,-0.012,-0.114,-0.042,0.000,0.000,0,,0,,,,786128,490.49,0
355,840.531,"Mount",0.063,0.025,-0.045,-0.050,0.000,0.000,0,,0,,,,774959,444.32,0
356,842.969,"Mount",0.290,-0.235,-0.363,0.084,-0.229,0.000,55,E,0,,,,839595,501.05,0
357,845.240,"Mount",-0.187,0.032,0.182,0.054,0.099,0.000,24,W,0,,,,757552,444.27,0
358,847.664,"Mount",-0.255,0.135,0.288,-0.009,0.189,0.000,46,W,0,,,,787199,443.78,0
359,849.919,"Mount",-0.138,-0.167,0.051,0.211,0.000,0.000,0,,0,,,,793264,485.66,0
360,852.282,"Mount",0.069,-0.032,-0.076,-0.001,0.000,0.000,0,,0,,,,787864,441.30,0
361,854.742,"Mount",-0.013,0.099,0.054,-0.083,0.000,0.000,0,,0,,,,791006,482.40,0
362,857.145,"Mount",0.014,-0.137,-0.073,0.117,0.000,0.000,0,,0,,,,768670,488.28,0
363,859.440,"Mount",0.184,-0.168,-0.239,0.070,-0.151,0.000,36,E,0,,,,811430,478.02,0
364,861.936,"Mount",-0.347,-0.075,0.278,0.220,0.165,0.000,40,W,0,,,,801960,488.37,0
365,864.224,"Mount",-0.207,-0.067,0.157,0.152,0.110,0.000,27,W,0,,,,835193,517.75,0
366,866.792,"Mount",-0.257,0.057,0.256,0.062,0.169,0.000,41,W,0,,,,791382,495.98,0
367,869.360,"Mount",0.012,-0.268,-0.128,0.236,0.000,0.236,0,,336,S,,,784436,478.02,0
368,871.764,"Mount",-0.094,0.064,0.112,-0.017,0.000,0.000,0,,0,,,,792752,487.21,0
369,874.136,"Mount",-0.121,0.164,0.181,-0.094,0.114,0.000,27,W,0,,,,753257,452.89,0
370,876.584,"Mount",0.267,-0.113,-0.290,-0.016,-0.175,0.000,42,E,0,,,,811349,464.70,0
371,878.808,"Mount",0.036,0.155,0.036,-0.155,0.000,0.000,0,,0,,,,748167,442.72,0
372,881.248,"Mount",0.356,-0.388,-0.490,0.193,-0.309,0.000,75,E,0,,,,762567,501.53,0
373,883.552,"Mount",-0.172,0.190,0.238,-0.095,0.128,0.000,31,W,0,,,,795632,481.57,0
374,886.032,"Mount",-0.238,0.035,0.230,0.073,0.154,0.000,37,W,0,,,,762716,483.86,0
375,888.400,"Mount",-0.216,-0.141,0.132,0.221,0.094,0.221,23,W,46,S,,,798070,485.63,0
376,890.928,"Mount",-0.406,-0.026,0.353,0.202,0.229,0.202,55,W,42,S,,,771129,481.22,0
377,893.216,"Mount",-0.323,-0.052,0.268,0.188,0.185,0.000,45,W,0,,,,842488,484.22,0
378,895.760,"Mount",-0.319,-0.098,0.244,0.228,0.166,0.228,40,W,48,S,,,804149,499.59,0
379,898.200,"Mount",-0.229,-0.234,0.103,0.310,0.000,0.310,0,,65,S,,,799797,487.82,0
380,900.728,"Mount",-0.444,-0.014,0.393,0.207,0.248,0.207,60,W,43,S,,,823741,519.08,0
381,902.951,"Mount",-0.039,-0.143,-0.028,0.145,0.000,0.000,0,,0,,,,799550,502.65,0
382,905.368,"Mount",0.082,-0.163,-0.145,0.110,-0.092,0.000,22,E,0,,,,783404,484.21,0
383,907.648,"Mount",-0.323,0.085,0.327,0.065,0.200,0.000,48,W,0,,,,788953,508.60,0
384,910.080,"Mount",-0.151,0.190,0.219,-0.104,0.152,0.000,37,W,0,,,,801743,492.12,0
385,912.416,"Mount",-0.276,-0.036,0.232,0.153,0.157,0.000,38,W,0,,,,802570,497.71,0
386,914.906,"Mount",-0.592,0.133,0.590,0.140,0.383,0.000,92,W,0,,,,809163,509.12,0
387,917.166,"Mount",-0.081,-0.031,0.059,0.063,0.000,0.000,0,,0,,,,790161,476.35,0
388,919.527,"Mount",-0.023,0.007,0.024,0.004,0.000,0.000,0,,0,,,,778927,485.54,0
389,921.834,"Mount",-0.313,0.165,0.354,-0.011,0.223,0.000,54,W,0,,,,796327,504.36,0
INFO: SET LOCK POSITION, new lock pos = 877.728, 667.068
INFO: DITHER by -4.987, 0.636, new lock pos = 881.931, 664.308
INFO: SETTLING STATE CHANGE, Settling started
390,926.107,"Mount",-4.203,2.760,4.987,-0.636,4.987,-0.636,1205,W,420,N,,,777808,498.14,0
391,928.530,"Mount",-0.095,0.350,0.239,-0.273,0.151,0.000,36,W,0,,,,802747,472.40,0
392,930.832,"Mount",-0.397,0.409,0.536,-0.194,0.348,0.000,84,W,0,,,,781603,481.18,0
393,933.156,"Mount",0.073,0.223,0.032,-0.232,0.000,0.000,0,,0,,,,778615,458.85,0
394,935.400,"Mount",-0.187,0.300,0.300,-0.188,0.189,0.000,46,W,0,,,,834282,507.66,0
395,937.944,"Mount",0.630,-0.034,-0.581,-0.246,-0.353,-0.246,85,E,52,N,,,756954,446.22,0
INFO: SETTLING STATE CHANGE, Settling complete
396,940.240,"Mount",0.209,0.375,-0.024,-0.429,0.000,-0.429,0,,90,N,,,807543,485.73,0
397,942.824,"Mount",0.646,0.010,-0.576,-0.293,-0.363,-0.293,88,E,61,N,,,758936,490.88,0
398,945.232,"Mount",0.490,0.200,-0.352,-0.395,-0.247,-0.395,60,E,83,N,,,811732,444.55,0
399,947.825,"Mount",0.286,0.303,-0.124,-0.397,0.000,-0.397,0,,83,N,,,805646,516.84,0
400,950.086,"Mount",-0.017,0.128,0.072,-0.107,0.000,0.000,0,,0,,,,779574,465.19,0
401,952.577,"Mount",-0.170,0.067,0.182,0.015,0.114,0.000,28,W,0,,,,786945,489.42,0
402,954.976,"Mount",-0.187,0.353,0.323,-0.235,0.211,-0.235,51,W,49,N,,,771443,484.86,0
403,957.384,"Mount",0.386,0.031,-0.334,-0.198,-0.195,0.000,47,E,0,,,,806221,495.81,0
404,959.745,"Mount",0.460,-0.245,-0.521,0.018,-0.342,0.000,83,E,0,,,,770686,445.38,0
405,962.333,"Mount",0.265,-0.203,-0.328,0.066,-0.230,0.000,56,E,0,,,,767278,531.63,0
406,964.723,"Mount",0.991,-0.303,-1.023,-0.163,-0.661,0.000,160,E,0,,,,796295,448.14,0
407,967.160,"Mount",0.183,-0.280,-0.287,0.172,-0.227,0.000,55,E,0,,,,770919,486.56,0
408,969.448,"Mount",0.329,-0.269,-0.413,0.097,-0.276,0.000,67,E,0,,,,813796,504.09,0
409,971.845,"Mount",0.053,-0.011,-0.053,-0.014,0.000,0.000,0,,0,,,,795455,500.76,0
410,974.145,"Mount",0.275,-0.297,-0.377,0.146,-0.238,0.000,57,E,0,,,,741161,435.77,0
411,976.592,"Mount",0.053,-0.196,-0.134,0.153,-0.101,0.000,24,E,0,,,,783541,461.97,0
412,978.968,"Mount",0.336,-0.258,-0.415,0.084,-0.269,0.000,65,E,0,,,,774963,474.15,0
413,981.433,"Mount",0.300,-0.324,-0.411,0.159,-0.278,0.000,67,E,0,,,,810743,453.84,0
414,983.800,"Mount",0.337,-0.060,-0.330,-0.094,-0.227,0.000,55,E,0,,,,795730,488.40,0
415,986.272,"Mount",0.144,-0.189,-0.213,0.106,-0.150,0.000,36,E,0,,,,781684,486.14,0
416,988.584,"Mount",0.233,-0.034,-0.224,-0.072,-0.152,0.000,37,E,0,,,,775353,501.72,0
417,991.067,"Mount",-0.048,0.060,0.069,-0.033,0.000,0.000,0,,0,,,,806437,495.13,0
418,993.288,"Mount",0.141,-0.116,-0.178,0.042,-0.112,0.000,27,E,0,,,,784283,483.65,0
419,995.676,"Mount",-0.001,-0.024,-0.010,0.022,0.000,0.000,0,,0,,,,815471,514.56,0
420,997.944,"Mount",0.317,-0.274,-0.405,0.107,-0.255,0.000,62,E,0,,,,794976,478.13,0
421,1000.332,"Mount",0.098,-0.087,-0.127,0.035,0.000,0.000,0,,0,,,,774741,471.77,0
422,1002.976,"Mount",0.940,-0.090,-0.884,-0.331,-0.557,-0.331,135,E,70,N,,,810033,456.04,0
423,1005.408,"Mount",0.171,0.011,-0.148,-0.085,-0.132,0.000,32,E,0,,,,807179,463.94,0
424,1007.752,"Mount",0.357,-0.277,-0.442,0.092,-0.288,0.000,70,E,0,,,,778943,454.30,0
425,1010.168,"Mount",0.163,-0.054,-0.170,-0.023,-0.127,0.000,31,E,0,,,,767876,482.50,0
426,1012.608,"Mount",-0.195,0.152,0.242,-0.051,0.144,0.000,35,W,0,,,,796348,522.24,0
427,1014.969,"Mount",-0.041,-0.187,-0.045,0.186,0.000,0.000,0,,0,,,,761038,477.74,0
428,1017.168,"Mount",-0.084,0.014,0.081,0.024,0.000,0.000,0,,0,,,,757739,504.43,0
429,1019.624,"Mount",0.279,-0.035,-0.266,-0.091,-0.168,0.000,41,E,0,,,,832079,489.33,0
430,1022.113,"Mount",0.339,-0.155,-0.373,-0.010,-0.247,0.000,60,E,0,,,,787956,514.13,0
431,1024.656,"Mount",0.479,0.014,-0.424,-0.223,-0.284,-0.223,69,E,47,N,,,804434,512.81,0
432,1027.024,"Mount",0.406,-0.322,-0.506,0.111,-0.339,0.000,82,E,0,,,,836207,462.79,0
433,1029.387,"Mount",-0.032,0.095,0.070,-0.072,0.000,0.000,0,,0,,,,794515,491.22,0
434,1031.604,"Mount",0.038,0.008,-0.030,-0.023,0.000,0.000,0,,0,,,,794103,489.72,0
435,1034.102,"Mount",0.033,0.026,-0.019,-0.038,0.000,0.000,0,,0,,,,764837,484.71,0
436,1036.357,"Mount",-0.042,-0.007,0.035,0.025,0.000,0.000,0,,0,,,,806607,463.96,0
437,1038.960,"Mount",-0.348,0.664,0.604,-0.444,0.381,-0.444,92,W,93,N,,,790878,495.69,0
438,1041.240,"Mount",-0.356,0.324,0.462,-0.135,0.318,0.000,77,W,0,,,,792263,479.21,0
439,1043.640,"Mount",0.246,-0.116,-0.273,-0.004,-0.149,0.000,36,E,0,,,,777158,494.44,0
440,1045.896,"Mount",0.172,-0.048,-0.176,-0.033,-0.121,0.000,29,E,0,,,,801712,497.53,0
441,1048.368,"Mount",0.104,-0.287,-0.219,0.213,-0.147,0.000,35,E,0,,,,770284,487.79,0
442,1050.546,"Mount",-0.096,-0.068,0.056,0.103,0.000,0.000,0,,0,,,,774746,438.87,0
443,1053.076,"Mount",0.054,0.039,-0.032,-0.059,0.000,0.000,0,,0,,,,814793,531.78,0
444,1055.312,"Mount",-0.242,-0.094,0.176,0.191,0.111,0.000,27,W,0,,,,767488,465.99,0
445,1057.728,"Mount",-0.160,-0.025,0.132,0.093,0.091,0.000,22,W,0,,,,767112,475.72,0
446,1060.024,"Mount",-0.302,0.051,0.294,0.087,0.191,0.000,46,W,0,,,,760881,464.03,0
447,1062.720,"Mount",-0.158,0.424,0.328,-0.311,0.220,-0.311,53,W,65,N,,,785053,512.96,0
448,1064.917,"Mount",0.050,0.066,-0.016,-0.081,0.000,0.000,0,,0,,,,769132,469.74,0
449,1067.239,"Mount",-0.097,-0.085,0.050,0.119,0.000,0.000,0,,0,,,,782265,482.54,0
450,1069.528,"Mount",0.152,-0.396,-0.311,0.289,-0.196,0.000,47,E,0,,,,761415,488.11,0
451,1072.193,"Mount",-0.282,0.363,0.413,-0.203,0.246,-0.203,59,W,43,N,,,820345,489.29,0
452,1074.474,"Mount",-0.099,-0.284,-0.036,0.299,0.000,0.000,0,,0,,,,814017,490.43,0
453,1076.836,"Mount",-0.058,0.076,0.085,-0.043,0.000,0.000,0,,0,,,,742396,440.24,0
454,1079.072,"Mount",-0.068,0.213,0.155,-0.161,0.098,0.000,24,W,0,,,,787620,457.78,0
455,1081.540,"Mount",-0.436,0.177,0.470,0.032,0.303,0.000,73,W,0,,,,778028,484.66,0
456,1083.779,"Mount",0.114,0.052,-0.080,-0.097,0.000,0.000,0,,0,,,,808737,505.01,0
457,1086.166,"Mount",0.028,-0.199,-0.112,0.167,0.000,0.000,0,,0,,,,771442,470.67,0
458,1088.464,"Mount",0.292,-0.462,-0.465,0.287,-0.293,0.000,71,E,0,,,,803690,484.57,0
459,1090.819,"Mount",-0.045,-0.136,-0.019,0.142,0.000,0.000,0,,0,,,,786028,441.51,0
460,1093.160,"Mount",0.435,-0.419,-0.575,0.186,-0.362,0.000,87,E,0,,,,796434,468.99,0
461,1095.517,"Mount",0.141,0.097,-0.084,-0.149,0.000,0.000,0,,0,,,,822256,456.18,0
462,1097.816,"Mount",0.235,-0.279,-0.334,0.148,-0.210,0.000,51,E,0,,,,775305,464.39,0
463,1100.376,"Mount",-0.160,0.301,0.276,-0.201,0.159,-0.201,38,W,42,N,,,807985,491.79,0
464,1102.608,"Mount",-0.115,-0.083,0.067,0.125,0.000,0.000,0,,0,,,,809782,456.61,0
465,1105.144,"Mount",-0.488,0.265,0.555,-0.024,0.350,0.000,84,W,0,,,,769084,462.01,0
466,1107.349,"Mount",-0.094,-0.217,-0.011,0.236,0.000,0.000,0,,0,,,,739846,438.17,0
467,1109.768,"Mount",0.177,-0.393,-0.332,0.276,-0.209,0.000,50,E,0,,,,757556,441.51,0
468,1112.080,"Mount",0.299,-0.444,-0.464,0.267,-0.307,0.000,74,E,0,,,,744130,487.08,0
469,1114.952,"Mount",0.197,-0.410,-0.357,0.282,-0.246,0.282,60,E,345,S,,,762348,457.65,0
470,1117.400,"Mount",0.195,-0.383,-0.343,0.259,-0.233,0.259,56,E,54,S,,,781968,466.71,0
471,1119.913,"Mount",0.118,-0.284,-0.230,0.204,-0.161,0.204,39,E,43,S,,,838256,456.49,0
472,1122.243,"Mount",0.124,-0.064,-0.140,0.003,-0.099,0.000,24,E,0,,,,792680,476.83,0
473,1124.642,"Mount",-0.130,-0.073,0.085,0.122,0.000,0.000,0,,0,,,,789444,458.97,0
474,1126.936,"Mount",-0.313,0.042,0.299,0.099,0.189,0.000,46,W,0,,,,786374,489.91,0
475,1129.392,"Mount",0.332,-0.221,-0.395,0.053,-0.235,0.000,57,E,0,,,,759515,470.36,0
476,1131.744,"Mount",0.038,-0.310,-0.170,0.262,-0.123,0.262,30,E,55,S,,,740848,470.25,0
477,1134.281,"Mount",0.259,-0.439,-0.425,0.281,-0.277,0.281,67,E,59,S,,,803585,466.71,0
478,1136.712,"Mount",-0.000,-0.360,-0.158,0.324,-0.119,0.324,29,E,68,S,,,783977,482.72,0
479,1139.128,"Mount",-0.339,-0.013,0.299,0.160,0.180,0.000,44,W,0,,,,827431,524.86,0
480,1141.329,"Mount",-0.012,0.166,0.084,-0.144,0.000,0.000,0,,0,,,,746490,474.54,0
481,1143.668,"Mount",0.028,0.244,0.082,-0.231,0.000,0.000,0,,0,,,,756023,483.35,0
482,1146.067,"Mount",-0.467,0.259,0.534,-0.028,0.336,0.000,81,W,0,,,,784608,462.87,0
483,1148.533,"Mount",-0.148,-0.017,0.126,0.080,0.000,0.000,0,,0,,,,783144,479.79,0
484,1150.784,"Mount",-0.103,0.219,0.189,-0.152,0.119,0.000,29,W,0,,,,822534,475.04,0
485,1153.360,"Mount",0.118,-0.529,-0.338,0.423,-0.205,0.423,49,E,89,S,,,832456,528.79,0
486,1155.648,"Mount",0.116,-0.092,-0.144,0.032,-0.105,0.000,25,E,0,,,,818381,500.14,0
487,1158.088,"Mount",-0.287,0.049,0.279,0.082,0.168,0.000,41,W,0,,,,795855,511.69,0
488,1160.299,"Mount",-0.064,0.065,0.086,-0.030,0.000,0.000,0,,0,,,,786750,462.14,0
489,1162.720,"Mount",-0.280,0.257,0.364,-0.108,0.229,0.000,55,W,0,,,,782149,447.92,0
490,1165.024,"Mount",-0.436,0.091,0.432,0.110,0.288,0.000,70,W,0,,,,794674,476.37,0
491,1167.480,"Mount",-0.401,0.082,0.396,0.102,0.270,0.000,65,W,0,,,,816240,468.79,0
492,1169.714,"Mount",-0.024,0.083,0.058,-0.064,0.000,0.000,0,,0,,,,809052,495.62,0
493,1172.152,"Mount",-0.082,-0.194,-0.011,0.210,0.000,0.210,0,,44,S,,,776036,431.90,0
494,1174.560,"Mount",0.260,-0.375,-0.398,0.223,-0.251,0.223,61,E,47,S,,,774359,465.91,0
495,1176.913,"Mount",-0.011,-0.030,-0.004,0.032,0.000,0.000,0,,0,,,,764968,497.69,0
496,1179.264,"Mount",0.115,-0.305,-0.237,0.224,-0.149,0.224,36,E,47,S,,,759881,469.75,0
497,1181.613,"Mount",0.030,0.143,0.036,-0.142,0.000,0.000,0,,0,,,,769264,519.42,0
498,1183.872,"Mount",-0.195,0.274,0.295,-0.161,0.186,0.000,45,W,0,,,,762019,455.37,0
499,1186.418,"Mount",-0.772,0.441,0.887,-0.057,0.572,0.000,138,W,0,,,,755327,459.20,0
500,1188.760,"Mount",-0.445,0.557,0.644,-0.305,0.446,0.000,108,W,0,,,,794658,478.36,0
501,1191.224,"Mount",-0.144,-0.272,0.010,0.307,0.000,0.307,0,,65,S,,,837751,480.23,0
502,1193.505,"Mount",-0.067,-0.190,-0.023,0.200,0.000,0.000,0,,0,,,,806746,497.25,0
503,1195.873,"Mount",-0.042,0.204,0.128,-0.165,0.000,0.000,0,,0,,,,780875,480.13,0
504,1198.372,"Mount",-0.409,0.030,0.381,0.152,0.240,0.000,58,W,0,,,,753044,476.88,0
505,1200.816,"Mount",-0.234,0.269,0.329,-0.139,0.224,0.000,54,W,0,,,,800374,484.37,0
506,1203.064,"Mount",-0.064,0.203,0.147,-0.155,0.108,0.000,26,W,0,,,,776234,486.93,0
507,1205.528,"Mount",-0.136,0.174,0.199,-0.097,0.133,0.000,32,W,0,,,,762782,484.85,0
508,1207.792,"Mount",-0.260,0.240,0.339,-0.101,0.223,0.000,54,W,0,,,,774976,461.88,0
509,1210.264,"Mount",-0.151,0.053,0.159,0.019,0.116,0.000,28,W,0,,,,830290,469.26,0
510,1212.648,"Mount",-0.521,0.083,0.504,0.154,0.326,0.000,79,W,0,,,,793017,486.39,0
511,1214.996,"Mount",0.067,-0.087,-0.098,0.049,0.000,0.000,0,,0,,,,766733,450.96,0
512,1217.210,"Mount",-0.139,-0.110,0.077,0.160,0.000,0.000,0,,0,,,,822558,488.36,0
513,1219.588,"Mount",-0.005,-0.206,-0.086,0.187,0.000,0.000,0,,0,,,,770695,489.73,0
514,1221.856,"Mount",-0.169,0.311,0.288,-0.205,0.182,0.000,44,W,0,,,,774098,520.68,0
515,1224.296,"Mount",-0.185,0.122,0.220,-0.029,0.151,0.000,36,W,0,,,,827760,521.94,0
516,1226.650,"Mount",-0.297,0.070,0.298,0.067,0.198,0.000,48,W,0,,,,774760,489.45,0
517,1229.248,"Mount",0.191,-0.317,-0.311,0.201,-0.182,0.201,44,E,42,S,,,751190,456.89,0
518,1231.568,"Mount",-0.273,0.153,0.313,-0.018,0.184,0.000,44,W,0,,,,791085,472.78,0
519,1234.016,"Mount",-0.265,0.246,0.346,-0.104,0.231,0.000,56,W,0,,,,792937,452.70,0
520,1236.205,"Mount",-0.030,0.193,0.111,-0.161,0.000,0.000,0,,0,,,,779239,472.37,0
521,1238.745,"Mount",0.072,-0.394,-0.238,0.323,-0.150,0.323,36,E,68,S,,,753855,481.35,0
522,1241.104,"Mount",0.315,-0.451,-0.481,0.267,-0.313,0.267,76,E,56,S,,,812868,487.08,0
523,1243.536,"Mount",0.173,-0.060,-0.182,-0.022,-0.137,0.000,33,E,0,,,,744166,451.47,0
524,1245.880,"Mount",0.130,-0.266,-0.234,0.182,-0.157,0.000,38,E,0,,,,782968,483.43,0
525,1248.352,"Mount",-0.495,0.169,0.519,0.065,0.316,0.000,76,W,0,,,,791969,499.73,0
526,1250.680,"Mount",-0.161,0.287,0.271,-0.187,0.193,0.000,47,W,0,,,,822267,431.95,0
527,1253.048,"Mount",0.076,0.068,-0.038,-0.095,0.000,0.000,0,,0,,,,836922,530.13,0
528,1255.224,"Mount",0.034,-0.129,-0.088,0.101,0.000,0.000,0,,0,,,,802110,461.28,0
529,1257.548,"Mount",0.048,-0.183,-0.123,0.143,0.000,0.000,0,,0,,,,760236,496.69,0
530,1259.881,"Mount",0.355,-0.325,-0.462,0.137,-0.291,0.000,70,E,0,,,,792876,446.89,0
531,1262.440,"Mount",0.322,-0.302,-0.422,0.130,-0.286,0.000,69,E,0,,,,759386,452.63,0
532,1264.849,"Mount",0.205,-0.437,-0.376,0.303,-0.257,0.303,62,E,64,S,,,764776,481.49,0
533,1267.288,"Mount",-0.028,-0.221,-0.072,0.211,0.000,0.211,0,,44,S,,,747530,477.19,0
534,1269.576,"Mount",0.227,-0.206,-0.294,0.085,-0.185,0.000,45,E,0,,,,758330,472.22,0
535,1271.975,"Mount",0.068,0.050,-0.039,-0.075,0.000,0.000,0,,0,,,,823574,494.64,0
536,1274.280,"Mount",0.320,-0.362,-0.446,0.185,-0.281,0.000,68,E,0,,,,782612,437.07,0
537,1276.864,"Mount",0.219,-0.470,-0.403,0.326,-0.273,0.326,66,E,68,S,,,835297,502.53,0
538,1279.328,"Mount",0.350,-0.454,-0.514,0.255,-0.343,0.255,83,E,53,S,,,840353,511.54,0
539,1281.776,"Mount",0.272,-0.268,-0.362,0.121,-0.252,0.000,61,E,0,,,,750131,411.08,0
540,1284.017,"Mount",0.193,-0.237,-0.277,0.128,-0.192,0.000,46,E,0,,,,755591,418.27,0
541,1286.624,"Mount",0.111,-0.320,-0.240,0.239,-0.165,0.239,40,E,50,S,,,789205,438.67,0
542,1288.873,"Mount",-0.010,-0.003,0.007,0.007,0.000,0.000,0,,0,,,,806824,492.74,0
543,1291.360,"Mount",-0.190,0.095,0.213,-0.002,0.134,0.000,32,W,0,,,,821666,530.02,0
544,1293.637,"Mount",0.086,0.131,-0.020,-0.156,0.000,0.000,0,,0,,,,812435,499.02,0
545,1295.978,"Mount",0.007,-0.022,-0.016,0.016,0.000,0.000,0,,0,,,,800346,455.54,0
546,1298.304,"Mount",0.324,0.015,-0.284,-0.156,-0.179,0.000,43,E,0,,,,819543,470.76,0
547,1300.776,"Mount",0.273,-0.031,-0.259,-0.092,-0.176,0.000,42,E,0,,,,796217,493.76,0
548,1303.080,"Mount",0.284,-0.267,-0.372,0.115,-0.247,0.000,60,E,0,,,,839909,493.19,0
549,1305.592,"Mount",0.119,-0.287,-0.232,0.206,-0.164,0.206,40,E,43,S,,,781143,477.55,0
550,1307.825,"Mount",0.185,-0.027,-0.178,-0.057,-0.124,0.000,30,E,0,,,,784849,511.82,0
551,1310.264,"Mount",-0.387,0.101,0.392,0.079,0.239,0.000,58,W,0,,,,821879,496.52,0
552,1312.696,"Mount",-0.408,0.293,0.495,-0.084,0.328,0.000,79,W,0,,,,779742,466.31,0
553,1315.112,"Mount",-0.274,0.136,0.306,-0.002,0.216,0.000,52,W,0,,,,798940,451.58,0
554,1317.392,"Mount",-0.258,0.275,0.353,-0.134,0.237,0.000,57,W,0,,,,791837,436.68,0
555,1319.792,"Mount",0.259,0.013,-0.227,-0.125,-0.126,0.000,30,E,0,,,,797612,534.59,0
556,1322.068,"Mount",0.114,0.350,0.051,-0.365,0.000,0.000,0,,0,,,,787825,471.67,0
557,1324.576,"Mount",0.498,-0.193,-0.532,-0.045,-0.335,0.000,81,E,0,,,,787134,499.73,0
558,1326.858,"Mount",-0.235,0.112,0.260,0.002,0.140,0.000,34,W,0,,,,825675,505.34,0
559,1329.305,"Mount",0.223,-0.198,-0.287,0.080,-0.171,0.000,41,E,0,,,,734456,453.02,0
560,1331.584,"Mount",-0.273,0.178,0.323,-0.041,0.192,0.000,46,W,0,,,,793135,472.23,0
561,1333.943,"Mount",0.125,0.118,-0.061,-0.161,0.000,0.000,0,,0,,,,798586,493.77,0
562,1336.545,"Mount",-0.252,0.081,0.262,0.038,0.165,0.000,40,W,0,,,,790623,476.56,0
563,1339.250,"Mount",-0.421,0.467,0.583,-0.235,0.379,0.000,91,W,0,,,,809242,486.22,0
564,1341.634,"Mount",-0.209,0.031,0.201,0.064,0.153,0.000,37,W,0,,,,823116,513.28,0
565,1344.130,"Mount",0.066,-0.234,-0.162,0.181,-0.092,0.000,22,E,0,,,,796425,480.12,0
566,1346.536,"Mount",0.262,-0.290,-0.363,0.145,-0.235,0.000,57,E,0,,,,743672,434.05,0
567,1349.024,"Mount",0.155,-0.155,-0.207,0.071,-0.147,0.000,36,E,0,,,,766450,457.70,0
568,1351.425,"Mount",0.178,-0.100,-0.203,0.012,-0.138,0.000,33,E,0,,,,775336,468.36,0
569,1354.169,"Mount",-0.171,0.157,0.223,-0.066,0.131,0.000,32,W,0,,,,794669,488.77,0
570,1357.095,"Mount",0.120,0.037,-0.092,-0.086,0.000,0.000,0,,0,,,,838343,514.27,0
571,1359.612,"Mount",-0.200,0.160,0.250,-0.057,0.157,0.000,38,W,0,,,,782976,494.66,0
572,1361.897,"Mount",-0.017,0.263,0.131,-0.229,0.094,0.000,23,W,0,,,,798527,475.15,0
573,1364.601,"Mount",0.579,-0.065,-0.549,-0.195,-0.339,0.000,82,E,0,,,,788034,467.02,0
574,1366.888,"Mount",0.143,-0.074,-0.161,0.004,-0.125,0.000,30,E,0,,,,780051,475.92,0
575,1369.254,"Mount",-0.006,-0.103,-0.040,0.095,0.000,0.000,0,,0,,,,795465,449.10,0
576,1371.560,"Mount",-0.418,0.233,0.478,-0.026,0.301,0.000,73,W,0,,,,800579,486.74,0
577,1373.912,"Mount",-0.039,0.092,0.075,-0.066,0.000,0.000,0,,0,,,,792766,520.02,0
578,1376.249,"Mount",-0.296,0.155,0.334,-0.009,0.210,0.000,51,W,0,,,,816273,496.29,0
579,1378.664,"Mount",0.260,-0.171,-0.308,0.040,-0.180,0.000,43,E,0,,,,797368,497.85,0
580,1380.976,"Mount",-0.308,0.361,0.435,-0.190,0.261,0.000,63,W,0,,,,798608,478.11,0
581,1383.316,"Mount",0.076,-0.067,-0.098,0.027,0.000,0.000,0,,0,,,,855799,543.18,0
582,1385.530,"Mount",-0.078,0.102,0.115,-0.057,0.000,0.000,0,,0,,,,841816,486.01,0
583,1387.952,"Mount",0.421,0.000,-0.379,-0.185,-0.238,0.000,58,E,0,,,,793810,485.80,0
584,1390.186,"Mount",0.070,0.300,0.068,-0.300,0.000,0.000,0,,0,,,,823861,506.84,0
585,1392.514,"Mount",0.078,0.011,-0.066,-0.044,0.000,0.000,0,,0,,,,761517,489.05,0
586,1394.715,"Mount",-0.008,0.113,0.057,-0.098,0.000,0.000,0,,0,,,,797081,470.93,0
587,1397.061,"Mount",0.027,0.275,0.096,-0.259,0.000,0.000,0,,0,,,,798034,479.52,0
588,1399.825,"Mount",-0.351,0.646,0.599,-0.427,0.378,-0.427,91,W,405,N,,,801851,511.30,0
589,1402.536,"Mount",-0.091,0.565,0.330,-0.468,0.234,-0.468,57,W,98,N,,,798284,495.36,0
590,1404.937,"Mount",-0.242,0.473,0.425,-0.319,0.284,-0.319,69,W,67,N,,,829041,511.13,0
591,1407.384,"Mount",0.468,-0.118,-0.473,-0.099,-0.278,0.000,67,E,0,,,,821093,492.09,0
592,1409.960,"Mount",1.019,0.061,-0.888,-0.502,-0.579,-0.502,140,E,105,N,,,825515,480.23,0
593,1412.454,"Mount",-0.039,-0.173,-0.041,0.173,0.000,0.000,0,,0,,,,810432,516.99,0
594,1414.656,"Mount",0.049,-0.121,-0.097,0.088,0.000,0.000,0,,0,,,,787876,482.35,0
595,1417.072,"Mount",0.226,-0.080,-0.238,-0.028,-0.150,0.000,36,E,0,,,,820242,533.98,0
596,1419.353,"Mount",0.326,-0.045,-0.313,-0.102,-0.208,0.000,50,E,0,,,,784282,475.96,0
597,1421.777,"Mount",0.316,0.068,-0.254,-0.200,-0.175,0.000,42,E,0,,,,845112,530.88,0
598,1424.057,"Mount",0.116,-0.145,-0.168,0.079,-0.118,0.000,29,E,0,,,,795508,469.70,0
599,1426.745,"Mount",0.025,0.235,0.080,-0.222,0.000,-0.222,0,,47,N,,,799365,471.24,0
600,1429.075,"Mount",0.221,-0.040,-0.216,-0.061,-0.136,0.000,33,E,0,,,,779279,472.16,0
601,1431.579,"Mount",0.403,-0.274,-0.482,0.070,-0.313,0.000,76,E,0,,,,792351,462.09,0
602,1434.095,"Mount",0.070,-0.205,-0.153,0.153,-0.118,0.000,29,E,0,,,,826638,497.26,0
603,1436.616,"Mount",0.097,0.056,-0.062,-0.093,0.000,0.000,0,,0,,,,800564,478.27,0
604,1438.858,"Mount",-0.030,0.002,0.028,0.011,0.000,0.000,0,,0,,,,764168,495.75,0
605,1441.297,"Mount",0.282,-0.062,-0.281,-0.068,-0.177,0.000,43,E,0,,,,844821,515.72,0
606,1443.473,"Mount",0.099,0.098,-0.046,-0.131,0.000,0.000,0,,0,,,,810804,485.36,0
607,1446.057,"Mount",-0.340,0.377,0.470,-0.189,0.296,0.000,72,W,0,,,,796210,480.95,0
608,1448.369,"Mount",-0.210,0.228,0.289,-0.112,0.203,0.000,49,W,0,,,,783300,485.50,0
609,1450.833,"Mount",0.486,-0.329,-0.582,0.082,-0.352,0.000,85,E,0,,,,766391,463.48,0
610,1453.137,"Mount",0.275,-0.206,-0.338,0.064,-0.237,0.000,57,E,0,,,,809797,491.12,0
611,1455.503,"Mount",-0.060,0.035,0.069,-0.005,0.000,0.000,0,,0,,,,809898,532.03,0
612,1458.105,"Mount",-0.252,0.552,0.468,-0.386,0.295,-0.386,71,W,81,N,,,798442,455.84,0
613,1460.569,"Mount",-0.330,0.170,0.371,-0.008,0.254,0.000,61,W,0,,,,807344,509.24,0
614,1462.865,"Mount",-0.256,0.112,0.279,0.012,0.193,0.000,47,W,0,,,,817755,468.20,0
615,1465.227,"Mount",0.079,0.020,-0.062,-0.052,0.000,0.000,0,,0,,,,874035,557.46,0
616,1467.521,"Mount",-0.384,0.295,0.475,-0.097,0.299,0.000,72,W,0,,,,733518,431.67,0
617,1469.862,"Mount",-0.019,-0.070,-0.013,0.072,0.000,0.000,0,,0,,,,790969,473.16,0
618,1472.048,"Mount",-0.077,-0.003,0.067,0.036,0.000,0.000,0,,0,,,,808283,522.08,0
619,1474.398,"Mount",0.083,0.085,-0.037,-0.113,0.000,0.000,0,,0,,,,789006,471.15,0
620,1476.721,"Mount",0.176,-0.273,-0.278,0.168,-0.175,0.000,42,E,0,,,,863411,472.79,0
621,1479.114,"Mount",-0.148,0.176,0.210,-0.093,0.120,0.000,29,W,0,,,,781890,457.35,0
622,1481.425,"Mount",-0.370,0.264,0.448,-0.075,0.291,0.000,70,W,0,,,,797497,506.42,0
623,1483.914,"Mount",-0.450,0.234,0.507,-0.013,0.340,0.000,82,W,0,,,,773764,462.92,0
624,1486.328,"Mount",-0.306,0.531,0.508,-0.343,0.344,-0.343,83,W,72,N,,,833097,495.03,0
625,1488.881,"Mount",-0.656,0.358,0.747,-0.034,0.494,0.000,119,W,0,,,,802437,460.27,0
626,1491.265,"Mount",-0.224,0.366,0.361,-0.230,0.262,-0.230,63,W,48,N,,,799507,459.42,0
627,1493.697,"Mount",0.102,-0.091,-0.132,0.037,-0.065,0.000,16,E,0,,,,776845,483.68,0
628,1495.869,"Mount",-0.069,-0.061,0.035,0.085,0.000,0.000,0,,0,,,,796554,476.04,0
629,1498.329,"Mount",-0.209,0.289,0.315,-0.168,0.198,0.000,48,W,0,,,,794990,473.19,0
630,1500.533,"Mount",0.096,0.164,-0.014,-0.189,0.000,0.000,0,,0,,,,802444,499.07,0
631,1502.985,"Mount",-0.200,0.137,0.240,-0.035,0.151,0.000,37,W,0,,,,775386,476.22,0
632,1505.265,"Mount",-0.151,0.088,0.174,-0.013,0.120,0.000,29,W,0,,,,749308,463.19,0
633,1507.628,"Mount",0.069,0.019,-0.053,-0.047,0.000,0.000,0,,0,,,,794417,485.60,0
634,1509.977,"Mount",-0.230,0.306,0.341,-0.174,0.215,0.000,52,W,0,,,,816046,484.25,0
635,1512.415,"Mount",-0.101,-0.112,0.041,0.145,0.000,0.000,0,,0,,,,782822,432.93,0
636,1514.906,"Mount",0.081,0.188,0.010,-0.204,0.000,-0.204,0,,43,N,,,797352,485.59,0
637,1517.385,"Mount",-0.214,0.101,0.237,0.003,0.149,0.000,36,W,0,,,,809212,462.05,0
638,1519.612,"Mount",0.042,0.169,0.036,-0.170,0.000,0.000,0,,0,,,,738449,444.26,0
639,1521.997,"Mount",-0.144,-0.079,0.095,0.134,0.000,0.000,0,,0,,,,761144,439.62,0
640,1524.273,"Mount",-0.200,0.235,0.283,-0.124,0.179,0.000,43,W,0,,,,800070,445.71,0
641,1526.645,"Mount",-0.163,-0.157,0.078,0.213,0.000,0.000,0,,0,,,,795019,456.34,0
642,1528.938,"Mount",-0.216,0.171,0.269,-0.059,0.169,0.000,41,W,0,,,,790795,462.70,0
643,1531.369,"Mount",-0.154,-0.015,0.132,0.081,0.095,0.000,23,W,0,,,,842415,463.99,0
644,1533.736,"Mount",-0.154,0.318,0.278,-0.218,0.182,-0.218,44,W,46,N,,,780868,448.83,0
645,1536.204,"Mount",0.065,-0.337,-0.206,0.274,-0.117,0.000,28,E,0,,,,764261,494.56,0
646,1538.456,"Mount",-0.024,0.054,0.045,-0.038,0.000,0.000,0,,0,,,,784392,526.33,0
647,1541.041,"Mount",0.423,-0.203,-0.470,-0.003,-0.296,0.000,71,E,0,,,,803744,465.46,0
648,1543.385,"Mount",0.151,-0.095,-0.178,0.019,-0.133,0.000,32,E,0,,,,751607,465.40,0
649,1545.841,"Mount",0.105,-0.167,-0.167,0.104,-0.115,0.000,28,E,0,,,,817174,505.53,0
INFO: SET LOCK POSITION, new lock pos = 881.931, 664.308
INFO: DITHER by -3.067, 3.087, new lock pos = 883.332, 660.188
INFO: SETTLING STATE CHANGE, Settling started
650,1549.784,"Mount",-1.401,4.120,3.067,-3.087,3.067,-3.087,741,W,648,N,,,770569,476.46,0
651,1552.977,"Mount",1.206,2.963,0.216,-3.192,0.136,-3.192,33,W,670,N,,,768576,489.88,0
652,1555.849,"Mount",1.451,2.621,-0.154,-2.992,-0.087,-2.992,21,E,628,N,,,811395,482.38,0
653,1558.817,"Mount",1.430,1.760,-0.512,-2.209,-0.329,-2.209,79,E,464,N,,,787961,426.13,0
654,1561.400,"Mount",0.965,0.998,-0.429,-1.320,-0.294,-1.320,71,E,277,N,,,817193,511.12,0
655,1563.937,"Mount",0.368,0.590,-0.072,-0.691,0.000,-0.691,0,,145,N,,,792294,484.92,0
656,1566.314,"Mount",0.698,-0.548,-0.868,0.186,-0.547,0.000,132,E,0,,,,834759,504.45,0
657,1568.697,"Mount",-0.375,-0.465,0.133,0.582,0.045,0.000,11,W,0,,,,759578,462.57,0
658,1571.408,"Mount",-0.184,-0.590,-0.093,0.611,0.000,0.611,0,,475,S,,,761051,494.77,0
659,1573.897,"Mount",-0.167,-0.549,-0.091,0.566,0.000,0.566,0,,119,S,,,797063,486.96,0
660,1576.461,"Mount",0.085,-0.962,-0.498,0.827,-0.314,0.827,76,E,174,S,,,790022,492.24,0
INFO: SETTLING STATE CHANGE, Settling complete
661,1579.097,"Mount",-0.171,-0.856,-0.222,0.845,-0.162,0.845,39,E,177,S,,,804362,437.39,0
662,1581.680,"Mount",0.009,-1.175,-0.524,1.052,-0.342,1.052,83,E,221,S,,,767468,487.96,0
663,1584.392,"Mount",-0.596,-1.515,-0.130,1.623,0.000,1.623,0,,341,S,,,794230,507.82,0
664,1587.025,"Mount",-0.287,-1.457,-0.381,1.436,-0.240,1.436,58,E,301,S,,,790331,454.60,0
665,1589.833,"Mount",-0.491,-1.705,-0.307,1.748,-0.210,1.748,51,E,367,S,,,769434,495.93,0
666,1592.585,"Mount",-0.403,-1.331,-0.222,1.373,-0.155,1.373,37,E,288,S,,,781239,421.79,0
667,1595.257,"Mount",-0.529,-1.310,-0.100,1.410,0.000,1.410,0,,296,S,,,819142,499.39,0
668,1597.745,"Mount",-0.689,-1.127,0.124,1.315,0.000,1.315,0,,276,S,,,777088,471.45,0
669,1600.465,"Mount",0.156,-1.205,-0.669,1.015,-0.422,1.015,102,E,213,S,,,781738,491.59,0
670,1603.352,"Mount",-0.248,-1.083,-0.252,1.082,-0.189,1.082,46,E,227,S,,,765607,446.81,0
671,1605.986,"Mount",0.141,-0.906,-0.524,0.752,-0.344,0.752,83,E,158,S,,,753286,484.03,0
672,1608.432,"Mount",-0.159,-0.729,-0.177,0.725,-0.135,0.725,33,E,152,S,,,794300,500.44,0
673,1611.072,"Mount",-0.754,-0.500,0.458,0.780,0.279,0.780,67,W,164,S,,,771469,468.96,0
674,1613.568,"Mount",-0.147,-0.384,-0.037,0.409,0.000,0.409,0,,86,S,,,799109,504.54,0
675,1615.985,"Mount",-0.186,0.211,0.260,-0.108,0.164,0.000,40,W,0,,,,777522,496.15,0
676,1618.310,"Mount",0.288,-0.012,-0.264,-0.116,-0.155,0.000,37,E,0,,,,795956,482.98,0
677,1620.650,"Mount",-0.023,-0.011,0.016,0.020,0.000,0.000,0,,0,,,,775704,474.52,0
678,1622.862,"Mount",0.135,0.114,-0.071,-0.162,0.000,0.000,0,,0,,,,760161,457.93,0
679,1625.237,"Mount",0.125,0.110,-0.064,-0.154,0.000,0.000,0,,0,,,,782128,480.79,0
680,1627.561,"Mount",0.546,-0.150,-0.556,-0.105,-0.350,0.000,85,E,0,,,,788228,480.08,0
681,1629.985,"Mount",0.178,-0.045,-0.179,-0.038,-0.138,0.000,33,E,0,,,,813327,439.50,0
682,1632.310,"Mount",-0.109,0.032,0.112,0.019,0.000,0.000,0,,0,,,,770333,472.06,0
683,1634.777,"Mount",-0.506,0.207,0.546,0.036,0.344,0.000,83,W,0,,,,781849,473.34,0
684,1637.121,"Mount",-0.679,0.147,0.674,0.166,0.449,0.000,108,W,0,,,,755756,454.17,0
685,1639.530,"Mount",-0.108,-0.013,0.091,0.059,0.000,0.000,0,,0,,,,798648,512.07,0
686,1641.873,"Mount",-0.343,0.158,0.378,0.009,0.238,0.000,58,W,0,,,,808108,459.20,0
687,1644.321,"Mount",0.224,-0.112,-0.250,0.002,-0.141,0.000,34,E,0,,,,805628,510.32,0
688,1646.642,"Mount",0.172,-0.036,-0.170,-0.044,-0.117,0.000,28,E,0,,,,827281,500.62,0
689,1648.986,"Mount",0.022,0.019,-0.012,-0.027,0.000,0.000,0,,0,,,,791334,464.66,0
690,1651.230,"Mount",-0.073,-0.005,0.063,0.037,0.000,0.000,0,,0,,,,830694,467.23,0
691,1653.675,"Mount",0.496,-0.242,-0.552,-0.000,-0.348,0.000,84,E,0,,,,788025,469.93,0
692,1655.885,"Mount",0.067,0.152,0.006,-0.166,0.000,0.000,0,,0,,,,780892,454.49,0
693,1658.247,"Mount",-0.038,0.098,0.077,-0.072,0.000,0.000,0,,0,,,,772972,490.82,0
694,1660.513,"Mount",-0.184,0.104,0.212,-0.013,0.133,0.000,32,W,0,,,,771351,467.06,0
695,1662.945,"Mount",0.282,0.027,-0.242,-0.148,-0.143,0.000,35,E,0,,,,793906,489.69,0
696,1665.401,"Mount",0.304,-0.232,-0.375,0.075,-0.246,0.000,60,E,0,,,,769048,500.61,0
697,1667.865,"Mount",0.513,-0.254,-0.572,0.003,-0.378,0.000,91,E,0,,,,769310,458.85,0
698,1670.164,"Mount",0.237,-0.150,-0.279,0.031,-0.202,0.000,49,E,0,,,,793186,488.46,0
699,1672.761,"Mount",0.702,-0.615,-0.901,0.245,-0.582,0.245,141,E,51,S,,,789923,457.94,0
700,1675.057,"Mount",0.279,-0.244,-0.358,0.097,-0.266,0.000,64,E,0,,,,781166,495.17,0
701,1677.481,"Mount",-0.225,0.220,0.299,-0.100,0.169,0.000,41,W,0,,,,767737,493.48,0
702,1679.841,"Mount",-0.461,0.275,0.535,-0.045,0.349,0.000,84,W,0,,,,742821,459.77,0
703,1682.304,"Mount",-0.141,-0.166,0.054,0.211,0.000,0.211,0,,44,S,,,790765,487.07,0
704,1684.500,"Mount",0.106,0.116,-0.044,-0.151,0.000,0.000,0,,0,,,,743839,451.77,0
705,1686.969,"Mount",0.547,-0.001,-0.492,-0.239,-0.310,0.000,75,E,0,,,,773165,434.30,0
706,1689.289,"Mount",0.645,-0.207,-0.671,-0.097,-0.444,0.000,107,E,0,,,,803890,508.37,0
707,1691.944,"Mount",0.503,-0.737,-0.775,0.442,-0.520,0.442,125,E,93,S,,,800380,500.45,0
708,1694.496,"Mount",-0.342,0.008,0.310,0.143,0.159,0.000,38,W,0,,,,825647,487.81,0
709,1696.993,"Mount",-0.342,0.105,0.354,0.056,0.234,0.000,57,W,0,,,,791126,475.71,0
710,1699.329,"Mount",-0.519,0.282,0.590,-0.026,0.388,0.000,94,W,0,,,,768608,514.44,0
711,1701.729,"Mount",-0.180,0.015,0.169,0.066,0.133,0.000,32,W,0,,,,753721,505.31,0
712,1704.025,"Mount",-0.069,0.293,0.191,-0.233,0.129,0.000,31,W,0,,,,762010,471.22,0
713,1706.531,"Mount",0.288,0.019,-0.250,-0.144,-0.149,0.000,36,E,0,,,,807797,501.52,0
714,1708.873,"Mount",0.575,0.069,-0.486,-0.314,-0.317,0.000,76,E,0,,,,784630,516.85,0
715,1711.289,"Mount",0.237,0.026,-0.201,-0.128,-0.149,0.000,36,E,0,,,,834374,505.39,0
716,1713.598,"Mount",0.221,-0.088,-0.237,-0.018,-0.160,0.000,39,E,0,,,,781450,456.56,0
717,1715.979,"Mount",0.053,-0.081,-0.083,0.050,0.000,0.000,0,,0,,,,782405,481.17,0
718,1718.289,"Mount",0.201,-0.176,-0.258,0.070,-0.163,0.000,39,E,0,,,,785891,466.04,0
719,1720.729,"Mount",-0.259,-0.071,0.201,0.177,0.115,0.000,28,W,0,,,,774647,500.42,0
720,1722.917,"Mount",0.050,0.108,0.003,-0.119,0.000,0.000,0,,0,,,,777170,468.02,0
721,1725.291,"Mount",-0.092,-0.085,0.045,0.116,0.000,0.000,0,,0,,,,809134,490.76,0
722,1727.649,"Mount",0.348,-0.265,-0.429,0.086,-0.270,0.000,65,E,0,,,,759131,440.86,0
723,1730.250,"Mount",0.539,-0.603,-0.749,0.305,-0.491,0.305,119,E,64,S,,,807182,499.45,0
724,1732.577,"Mount",0.285,0.027,-0.244,-0.150,-0.188,0.000,45,E,0,,,,831832,491.59,0
725,1735.049,"Mount",0.126,-0.193,-0.198,0.118,-0.138,0.000,33,E,0,,,,769533,468.92,0
726,1737.284,"Mount",-0.003,-0.073,-0.030,0.067,0.000,0.000,0,,0,,,,741415,449.04,0
727,1739.672,"Mount",-0.092,-0.095,0.041,0.126,0.000,0.000,0,,0,,,,753750,484.35,0
728,1741.850,"Mount",-0.032,-0.011,0.024,0.024,0.000,0.000,0,,0,,,,752905,450.35,0
729,1744.409,"Mount",-0.357,0.254,0.432,-0.071,0.272,0.000,66,W,0,,,,778236,469.66,0
730,1746.650,"Mount",-0.064,0.013,0.063,0.016,0.000,0.000,0,,0,,,,767170,491.74,0
731,1749.073,"Mount",0.129,-0.038,-0.132,-0.022,-0.083,0.000,20,E,0,,,,774995,472.09,0
732,1751.369,"Mount",0.447,-0.247,-0.510,0.025,-0.327,0.000,79,E,0,,,,765871,493.18,0
733,1753.745,"Mount",0.080,0.009,-0.068,-0.043,0.000,0.000,0,,0,,,,761055,469.37,0
734,1756.222,"Mount",0.319,0.046,-0.267,-0.181,-0.168,0.000,41,E,0,,,,797670,486.95,0
735,1758.618,"Mount",0.128,0.296,0.015,-0.322,0.000,0.000,0,,0,,,,785088,451.38,0
736,1760.897,"Mount",-0.287,0.345,0.410,-0.184,0.258,0.000,62,W,0,,,,795055,457.24,0
737,1763.353,"Mount",-0.430,0.495,0.604,-0.256,0.399,0.000,96,W,0,,,,783137,540.40,0
738,1765.649,"Mount",-0.217,0.190,0.278,-0.076,0.203,0.000,49,W,0,,,,841695,499.25,0
739,1768.034,"Mount",-0.080,-0.002,0.071,0.037,0.000,0.000,0,,0,,,,748594,493.89,0
740,1770.237,"Mount",0.061,0.058,-0.029,-0.079,0.000,0.000,0,,0,,,,824344,502.26,0
741,1773.233,"Mount",0.316,0.285,-0.159,-0.395,-0.100,-0.395,24,E,465,N,,,869751,494.64,0
742,1775.617,"Mount",-0.152,0.297,0.266,-0.200,0.161,-0.200,39,W,42,N,,,769074,514.23,0
743,1778.097,"Mount",0.617,-0.194,-0.640,-0.096,-0.392,0.000,95,E,0,,,,806116,506.31,0
744,1780.457,"Mount",-0.643,0.243,0.684,0.063,0.404,0.000,98,W,0,,,,820161,512.94,0
745,1782.897,"Mount",-0.260,-0.067,0.204,0.174,0.157,0.000,38,W,0,,,,836562,494.51,0
746,1785.329,"Mount",-1.132,0.750,1.347,-0.177,0.859,0.000,208,W,0,,,,805942,523.69,0
747,1787.985,"Mount",-0.632,0.658,0.857,-0.313,0.600,-0.313,145,W,66,N,,,741006,468.01,0
748,1790.302,"Mount",0.088,0.253,0.032,-0.266,0.000,-0.266,0,,56,N,,,821173,502.94,0
749,1792.713,"Mount",0.176,0.188,-0.075,-0.246,0.000,-0.246,0,,52,N,,,826446,484.55,0
750,1794.966,"Mount",-0.150,-0.030,0.122,0.093,0.000,0.000,0,,0,,,,785104,471.14,0
751,1797.569,"Mount",-0.635,0.761,0.905,-0.405,0.570,-0.405,138,W,85,N,,,829847,466.53,0
752,1800.009,"Mount",-0.020,0.404,0.195,-0.354,0.163,-0.354,39,W,74,N,,,841714,472.23,0
753,1802.439,"Mount",-0.086,0.083,0.114,-0.037,0.000,0.000,0,,0,,,,829083,532.85,0
754,1804.705,"Mount",-0.138,0.102,0.169,-0.032,0.106,0.000,26,W,0,,,,772047,493.20,0
755,1807.105,"Mount",-0.208,0.112,0.236,-0.009,0.156,0.000,38,W,0,,,,781036,470.39,0
756,1809.425,"Mount",-0.215,0.146,0.257,-0.037,0.173,0.000,42,W,0,,,,810845,498.89,0
757,1811.850,"Mount",-0.100,0.152,0.156,-0.093,0.111,0.000,27,W,0,,,,814103,499.21,0
758,1814.561,"Mount",0.345,0.068,-0.281,-0.212,-0.169,-0.212,41,E,45,N,,,807469,432.66,0
759,1816.970,"Mount",-0.057,0.209,0.143,-0.163,0.078,0.000,19,W,0,,,,760670,458.32,0
760,1819.202,"Mount",-0.127,0.003,0.115,0.053,0.000,0.000,0,,0,,,,787924,442.95,0
761,1821.617,"Mount",-0.162,0.251,0.256,-0.154,0.161,0.000,39,W,0,,,,776399,453.66,0
762,1823.839,"Mount",-0.035,0.068,0.061,-0.046,0.000,0.000,0,,0,,,,777223,494.89,0
763,1826.191,"Mount",-0.034,0.113,0.080,-0.087,0.000,0.000,0,,0,,,,753700,472.61,0
764,1828.617,"Mount",0.004,0.387,0.166,-0.349,0.105,-0.349,25,W,73,N,,,798225,502.34,0
765,1831.081,"Mount",0.115,0.215,-0.009,-0.244,0.000,-0.244,0,,51,N,,,725146,449.31,0
766,1833.433,"Mount",0.188,0.052,-0.146,-0.129,-0.092,0.000,22,E,0,,,,736870,475.32,0
767,1835.961,"Mount",0.666,-0.442,-0.793,0.105,-0.506,0.000,122,E,0,,,,764460,437.55,0
768,1838.258,"Mount",0.142,-0.203,-0.217,0.120,-0.172,0.000,42,E,0,,,,826184,501.79,0
769,1840.588,"Mount",0.089,-0.094,-0.121,0.045,0.000,0.000,0,,0,,,,745491,481.70,0
770,1842.945,"Mount",0.206,-0.067,-0.215,-0.030,-0.135,0.000,33,E,0,,,,830770,499.83,0
771,1845.291,"Mount",-0.103,-0.016,0.086,0.059,0.000,0.000,0,,0,,,,807587,518.98,0
772,1847.601,"Mount",-0.538,-0.141,0.422,0.363,0.266,0.000,64,W,0,,,,787921,477.85,0
773,1850.049,"Mount",-0.261,0.275,0.355,-0.132,0.242,0.000,59,W,0,,,,782450,459.00,0
774,1852.425,"Mount",-0.356,-0.009,0.316,0.165,0.216,0.000,52,W,0,,,,755952,471.11,0
775,1854.865,"Mount",0.365,-0.243,-0.435,0.058,-0.259,0.000,62,E,0,,,,854394,541.07,0
776,1857.066,"Mount",-0.144,-0.055,0.105,0.113,0.000,0.000,0,,0,,,,792580,470.77,0
777,1859.449,"Mount",0.184,-0.007,-0.169,-0.074,-0.106,0.000,26,E,0,,,,785222,475.44,0
778,1861.793,"Mount",0.193,0.024,-0.163,-0.106,-0.110,0.000,27,E,0,,,,767261,467.89,0
779,1864.225,"Mount",0.265,-0.023,-0.248,-0.096,-0.164,0.000,40,E,0,,,,751130,456.16,0
780,1866.500,"Mount",0.085,-0.030,-0.089,-0.010,0.000,0.000,0,,0,,,,762242,468.10,0
781,1868.948,"Mount",0.076,-0.163,-0.140,0.113,-0.088,0.000,21,E,0,,,,760706,500.20,0
782,1871.123,"Mount",0.036,-0.023,-0.042,0.005,0.000,0.000,0,,0,,,,770492,504.46,0
783,1873.585,"Mount",0.372,-0.299,-0.465,0.106,-0.293,0.000,71,E,0,,,,780119,460.55,0
784,1875.930,"Mount",0.215,-0.297,-0.323,0.172,-0.224,0.000,54,E,0,,,,782318,522.27,0
785,1878.306,"Mount",0.020,-0.036,-0.034,0.023,0.000,0.000,0,,0,,,,744106,478.50,0
786,1880.604,"Mount",0.082,0.034,-0.059,-0.066,0.000,0.000,0,,0,,,,855412,496.28,0
787,1883.041,"Mount",0.344,-0.145,-0.373,-0.020,-0.235,0.000,57,E,0,,,,804112,482.94,0
788,1885.433,"Mount",0.618,-0.415,-0.737,0.102,-0.481,0.000,116,E,0,,,,781256,466.70,0
789,1888.005,"Mount",0.324,0.106,-0.244,-0.237,-0.188,-0.237,45,E,50,N,,,798652,486.04,0
790,1890.393,"Mount",0.291,0.178,-0.183,-0.288,-0.128,-0.288,31,E,60,N,,,802324,494.67,0
791,1892.789,"Mount",0.093,-0.026,-0.095,-0.018,0.000,0.000,0,,0,,,,772248,471.85,0
792,1895.097,"Mount",0.216,-0.030,-0.207,-0.068,-0.131,0.000,32,E,0,,,,751376,459.62,0
793,1897.488,"Mount",0.092,0.079,-0.048,-0.111,0.000,0.000,0,,0,,,,794103,495.09,0
794,1899.745,"Mount",0.108,-0.502,-0.317,0.404,-0.200,0.000,48,E,0,,,,772864,467.01,0
795,1902.266,"Mount",0.302,-0.436,-0.463,0.260,-0.306,0.000,74,E,0,,,,760458,482.10,0
796,1904.553,"Mount",0.207,-0.389,-0.356,0.259,-0.246,0.000,59,E,0,,,,755369,449.11,0
797,1906.993,"Mount",0.235,-0.091,-0.251,-0.021,-0.175,0.000,42,E,0,,,,780728,466.76,0
798,1909.282,"Mount",0.101,-0.152,-0.157,0.092,-0.111,0.000,27,E,0,,,,813039,477.33,0
799,1911.681,"Mount",-0.151,0.108,0.183,-0.031,0.108,0.000,26,W,0,,,,790584,482.18,0
800,1913.928,"Mount",-0.073,0.035,0.081,0.000,0.000,0.000,0,,0,,,,768040,474.50,0
801,1916.291,"Mount",-0.008,-0.138,-0.053,0.127,0.000,0.000,0,,0,,,,772882,459.88,0
802,1918.518,"Mount",0.087,0.168,-0.004,-0.189,0.000,0.000,0,,0,,,,764335,477.07,0
803,1920.955,"Mount",0.234,-0.240,-0.316,0.113,-0.199,0.000,48,E,0,,,,811328,470.73,0
804,1923.283,"Mount",0.440,-0.349,-0.548,0.120,-0.359,0.000,87,E,0,,,,804814,460.21,0
805,1925.721,"Mount",0.307,0.052,-0.253,-0.182,-0.185,0.000,45,E,0,,,,813001,455.51,0
806,1928.017,"Mount",0.182,-0.107,-0.210,0.016,-0.145,0.000,35,E,0,,,,795601,530.45,0
807,1930.505,"Mount",-0.092,0.212,0.176,-0.150,0.101,0.000,24,W,0,,,,752241,446.69,0
808,1932.785,"Mount",-0.368,0.294,0.460,-0.102,0.297,0.000,72,W,0,,,,819297,501.52,0
809,1935.375,"Mount",-0.134,0.049,0.142,0.015,0.110,0.000,27,W,0,,,,832804,529.22,0
810,1937.724,"Mount",-0.722,0.472,0.855,-0.107,0.547,0.000,132,W,0,,,,796914,496.56,0
811,1940.078,"Mount",0.088,-0.065,-0.107,0.020,0.000,0.000,0,,0,,,,810320,491.30,0
812,1942.342,"Mount",0.006,0.140,0.056,-0.128,0.000,0.000,0,,0,,,,826111,480.54,0
813,1944.744,"Mount",0.066,-0.140,-0.121,0.097,0.000,0.000,0,,0,,,,745505,480.42,0
814,1946.970,"Mount",0.254,-0.002,-0.230,-0.110,-0.145,0.000,35,E,0,,,,726040,437.27,0
815,1949.409,"Mount",0.110,0.183,-0.018,-0.212,0.000,-0.212,0,,45,N,,,846717,537.22,0
816,1951.629,"Mount",0.138,0.093,-0.083,-0.145,0.000,0.000,0,,0,,,,778817,521.53,0
817,1954.017,"Mount",-0.221,-0.120,0.146,0.204,0.092,0.000,22,W,0,,,,734484,483.71,0
818,1956.513,"Mount",-0.286,0.439,0.449,-0.269,0.290,-0.269,70,W,57,N,,,787095,495.51,0
819,1958.913,"Mount",0.095,-0.218,-0.181,0.154,-0.094,0.000,23,E,0,,,,834009,523.12,0
820,1961.119,"Mount",-0.005,0.182,0.084,-0.162,0.000,0.000,0,,0,,,,818608,476.71,0
821,1963.478,"Mount",-0.069,-0.259,-0.052,0.263,0.000,0.000,0,,0,,,,859824,471.78,0
822,1965.644,"Mount",0.067,-0.083,-0.097,0.045,0.000,0.000,0,,0,,,,839119,511.36,0
823,1968.105,"Mount",0.180,-0.258,-0.275,0.153,-0.173,0.000,42,E,0,,,,752978,479.80,0
824,1970.456,"Mount",0.057,0.218,0.045,-0.221,0.000,-0.221,0,,46,N,,,791842,451.76,0
825,1972.953,"Mount",-0.065,0.286,0.184,-0.228,0.116,-0.228,28,W,48,N,,,761644,490.60,0
826,1975.175,"Mount",-0.043,0.176,0.116,-0.139,0.000,0.000,0,,0,,,,761252,463.38,0
827,1977.585,"Mount",-0.327,0.017,0.301,0.129,0.190,0.000,46,W,0,,,,807230,498.40,0
828,1979.897,"Mount",-0.283,0.334,0.401,-0.176,0.266,0.000,64,W,0,,,,788684,491.38,0
829,1982.449,"Mount",0.360,-0.260,-0.438,0.075,-0.257,0.000,62,E,0,,,,779100,486.18,0
830,1984.815,"Mount",0.495,-0.208,-0.536,-0.030,-0.356,0.000,86,E,0,,,,788382,440.37,0
831,1987.281,"Mount",0.418,-0.022,-0.385,-0.163,-0.267,0.000,65,E,0,,,,782199,485.18,0
832,1989.609,"Mount",0.485,-0.060,-0.462,-0.159,-0.310,0.000,75,E,0,,,,814344,538.27,0
833,1991.978,"Mount",-0.184,-0.094,0.124,0.165,0.000,0.000,0,,0,,,,792455,481.96,0
834,1994.213,"Mount",-0.032,0.172,0.105,-0.141,0.000,0.000,0,,0,,,,821767,488.65,0
835,1996.723,"Mount",-0.432,0.133,0.446,0.070,0.281,0.000,68,W,0,,,,804157,484.64,0
836,1999.145,"Mount",-0.264,0.216,0.332,-0.078,0.229,0.000,55,W,0,,,,812690,497.22,0
837,2001.529,"Mount",-0.108,0.152,0.164,-0.090,0.119,0.000,29,W,0,,,,804452,499.63,0
838,2003.921,"Mount",-0.628,0.360,0.722,-0.048,0.463,0.000,112,W,0,,,,813706,489.15,0
839,2006.301,"Mount",0.045,0.097,0.003,-0.107,0.000,0.000,0,,0,,,,811388,491.81,0
840,2008.660,"Mount",0.303,-0.121,-0.325,-0.024,-0.205,0.000,50,E,0,,,,770199,488.04,0
841,2011.105,"Mount",0.409,-0.032,-0.381,-0.151,-0.254,0.000,61,E,0,,,,831213,528.60,0
842,2013.390,"Mount",0.095,-0.361,-0.244,0.283,-0.172,0.000,41,E,0,,,,775094,486.13,0
843,2015.971,"Mount",0.069,0.350,0.092,-0.345,0.000,-0.345,0,,72,N,,,816890,501.41,0
844,2018.241,"Mount",-0.004,0.244,0.111,-0.217,0.000,-0.217,0,,46,N,,,837708,477.82,0
845,2020.817,"Mount",-1.151,0.118,1.086,0.399,0.684,0.000,165,W,0,,,,785887,471.74,0
846,2023.170,"Mount",-0.410,0.356,0.525,-0.140,0.378,0.000,91,W,0,,,,726162,440.22,0
847,2025.649,"Mount",0.149,-0.222,-0.231,0.134,-0.119,0.000,29,E,0,,,,829767,466.70,0
848,2027.882,"Mount",-0.093,-0.170,0.009,0.194,0.000,0.000,0,,0,,,,772327,443.49,0
849,2030.633,"Mount",-0.512,0.061,0.487,0.170,0.307,0.000,74,W,0,,,,758287,478.90,0
850,2032.848,"Mount",0.024,-0.003,-0.023,-0.007,0.000,0.000,0,,0,,,,781683,515.65,0
851,2035.345,"Mount",0.177,-0.264,-0.275,0.159,-0.173,0.000,42,E,0,,,,775762,485.85,0
852,2037.652,"Mount",-0.287,0.109,0.306,0.028,0.181,0.000,44,W,0,,,,803175,463.09,0
853,2040.034,"Mount",-0.022,0.010,0.024,0.000,0.000,0.000,0,,0,,,,795640,479.68,0
854,2042.410,"Mount",-0.216,-0.124,0.139,0.206,0.088,0.000,21,W,0,,,,800855,528.40,0
855,2044.849,"Mount",-0.385,0.063,0.373,0.113,0.241,0.000,58,W,0,,,,839872,508.48,0
856,2047.245,"Mount",-0.437,-0.121,0.340,0.300,0.231,0.000,56,W,0,,,,849792,465.62,0
857,2049.696,"Mount",0.424,-0.055,-0.405,-0.136,-0.239,0.000,58,E,0,,,,834501,513.30,0
858,2051.985,"Mount",0.253,0.006,-0.225,-0.116,-0.158,0.000,38,E,0,,,,847175,506.49,0
859,2054.358,"Mount",0.026,0.204,0.066,-0.194,0.000,0.000,0,,0,,,,837585,522.39,0
860,2056.681,"Mount",0.183,-0.151,-0.230,0.055,-0.145,0.000,35,E,0,,,,823139,507.13,0
861,2059.177,"Mount",-0.299,0.275,0.389,-0.116,0.235,0.000,57,W,0,,,,828227,474.82,0
862,2061.489,"Mount",-0.421,0.285,0.503,-0.071,0.333,0.000,81,W,0,,,,788079,455.08,0
863,2063.938,"Mount",-0.254,0.464,0.431,-0.305,0.295,0.000,71,W,0,,,,789605,490.25,0
864,2066.225,"Mount",0.184,-0.028,-0.177,-0.055,-0.091,0.000,22,E,0,,,,780332,444.15,0
865,2068.761,"Mount",0.239,0.063,-0.187,-0.162,-0.124,0.000,30,E,0,,,,839407,513.21,0
866,2071.034,"Mount",0.274,-0.210,-0.339,0.069,-0.222,0.000,54,E,0,,,,767786,442.74,0
867,2073.397,"Mount",0.160,0.099,-0.101,-0.159,0.000,0.000,0,,0,,,,768103,451.90,0
868,2075.617,"Mount",-0.184,-0.089,0.126,0.161,0.000,0.000,0,,0,,,,788933,466.89,0
869,2078.041,"Mount",-0.184,0.245,0.273,-0.140,0.172,0.000,42,W,0,,,,839073,472.28,0
870,2080.409,"Mount",-0.638,-0.098,0.530,0.368,0.346,0.000,84,W,0,,,,801863,499.61,0
871,2082.913,"Mount",-0.373,0.262,0.450,-0.072,0.308,0.000,74,W,0,,,,783367,462.32,0
872,2085.266,"Mount",-0.723,0.403,0.826,-0.045,0.542,0.000,131,W,0,,,,792818,454.46,0
873,2087.769,"Mount",-0.471,0.142,0.486,0.079,0.344,0.000,83,W,0,,,,831180,527.36,0
874,2089.962,"Mount",-0.126,-0.136,0.054,0.177,0.000,0.000,0,,0,,,,786085,486.81,0
875,2092.481,"Mount",-0.211,0.002,0.191,0.091,0.120,0.000,29,W,0,,,,785664,494.22,0
876,2094.785,"Mount",-0.101,0.089,0.130,-0.036,0.090,0.000,22,W,0,,,,774821,471.64,0
877,2097.225,"Mount",-0.366,0.240,0.435,-0.055,0.280,0.000,68,W,0,,,,755038,462.94,0
878,2099.530,"Mount",-0.353,0.324,0.459,-0.137,0.309,0.000,75,W,0,,,,822552,475.86,0
879,2102.051,"Mount",-0.609,-0.067,0.518,0.327,0.348,0.000,84,W,0,,,,773927,472.15,0
880,2104.433,"Mount",-0.425,0.128,0.438,0.072,0.300,0.000,73,W,0,,,,819521,502.33,0
881,2106.913,"Mount",-0.108,0.131,0.155,-0.070,0.118,0.000,29,W,0,,,,806817,464.74,0
882,2109.201,"Mount",-0.402,0.166,0.434,0.027,0.282,0.000,68,W,0,,,,763894,499.98,0
883,2111.591,"Mount",0.078,0.108,-0.023,-0.131,0.000,0.000,0,,0,,,,788927,495.75,0
884,2113.857,"Mount",0.225,-0.037,-0.219,-0.065,-0.138,0.000,33,E,0,,,,774987,498.53,0
885,2116.370,"Mount",-0.248,-0.094,0.181,0.193,0.105,0.000,25,W,0,,,,775936,447.20,0
886,2118.649,"Mount",-0.283,0.118,0.306,0.018,0.200,0.000,48,W,0,,,,827609,520.17,0
887,2121.113,"Mount",0.478,-0.395,-0.603,0.145,-0.366,0.000,88,E,0,,,,806819,460.31,0
888,2123.306,"Mount",-0.075,0.044,0.087,-0.006,0.000,0.000,0,,0,,,,783663,464.10,0
889,2125.737,"Mount",-0.184,0.262,0.280,-0.155,0.176,0.000,43,W,0,,,,791294,483.12,0
890,2128.128,"Mount",-0.670,0.144,0.666,0.164,0.432,0.000,104,W,0,,,,761111,461.25,0
891,2130.691,"Mount",0.461,-0.561,-0.660,0.302,-0.386,0.000,93,E,0,,,,769627,484.24,0
892,2132.970,"Mount",0.259,-0.063,-0.261,-0.057,-0.191,0.000,46,E,0,,,,816700,511.52,0
893,2135.409,"Mount",0.169,-0.307,-0.287,0.201,-0.194,0.000,47,E,0,,,,841726,532.64,0
894,2137.713,"Mount",0.269,-0.247,-0.350,0.104,-0.234,0.000,57,E,0,,,,827731,490.52,0
895,2140.209,"Mount",0.482,-0.364,-0.593,0.115,-0.390,0.000,94,E,0,,,,801181,480.45,0
896,2142.618,"Mount",0.351,0.015,-0.309,-0.168,-0.222,0.000,54,E,0,,,,820030,527.23,0
897,2145.058,"Mount",0.489,-0.041,-0.458,-0.177,-0.304,0.000,73,E,0,,,,867508,525.40,0
898,2147.401,"Mount",-0.461,-0.030,0.401,0.229,0.231,0.000,56,W,0,,,,806707,471.33,0
899,2149.850,"Mount",-0.509,0.063,0.485,0.167,0.322,0.000,78,W,0,,,,778441,485.13,0
900,2152.178,"Mount",-0.325,0.319,0.432,-0.144,0.295,0.000,71,W,0,,,,829630,486.17,0
901,2155.008,"Mount",-0.199,-0.207,0.088,0.273,0.000,0.273,0,,439,S,,,786053,505.73,0
902,2157.314,"Mount",-0.169,-0.151,0.085,0.210,0.000,0.210,0,,44,S,,,788171,491.53,0
903,2159.825,"Mount",-0.201,-0.077,0.147,0.158,0.092,0.000,22,W,0,,,,782114,497.07,0
904,2162.244,"Mount",0.272,-0.218,-0.340,0.077,-0.207,0.000,50,E,0,,,,753420,448.72,0
905,2164.705,"Mount",0.222,-0.053,-0.223,-0.050,-0.155,0.000,37,E,0,,,,767946,437.39,0
906,2167.081,"Mount",0.507,-0.044,-0.475,-0.183,-0.310,0.000,75,E,0,,,,772339,492.82,0
907,2169.419,"Mount",0.097,-0.087,-0.126,0.036,0.000,0.000,0,,0,,,,791187,506.57,0
908,2171.748,"Mount",0.283,-0.190,-0.338,0.047,-0.213,0.000,51,E,0,,,,778169,489.22,0
909,2174.284,"Mount",0.026,-0.254,-0.135,0.216,-0.100,0.216,24,E,45,S,,,810180,482.80,0
910,2176.722,"Mount",0.224,-0.053,-0.225,-0.050,-0.149,0.000,36,E,0,,,,752141,450.13,0
911,2179.087,"Mount",-0.084,-0.168,0.002,0.188,0.000,0.000,0,,0,,,,800486,515.14,0
912,2181.409,"Mount",0.029,-0.252,-0.137,0.214,-0.086,0.214,21,E,45,S,,,797876,527.30,0
913,2183.757,"Mount",-0.017,0.200,0.103,-0.172,0.000,0.000,0,,0,,,,757964,453.89,0
914,2186.260,"Mount",-0.003,-0.259,-0.111,0.234,0.000,0.234,0,,49,S,,,756634,433.43,0
915,2188.953,"Mount",0.416,-0.166,-0.446,-0.033,-0.281,0.000,68,E,0,,,,828528,526.85,0
916,2191.337,"Mount",-0.291,-0.003,0.261,0.130,0.144,0.000,35,W,0,,,,750676,451.36,0
917,2193.817,"Mount",-0.242,0.262,0.332,-0.129,0.220,0.000,53,W,0,,,,800529,458.29,0
918,2196.057,"Mount",-0.040,0.228,0.136,-0.188,0.101,0.000,24,W,0,,,,755874,460.41,0
919,2198.537,"Mount",0.540,0.050,-0.464,-0.282,-0.285,0.000,69,E,0,,,,823163,493.65,0
920,2200.817,"Mount",0.271,-0.334,-0.390,0.181,-0.266,0.000,64,E,0,,,,796825,502.33,0
921,2203.266,"Mount",-0.176,-0.006,0.155,0.082,0.079,0.000,19,W,0,,,,783057,465.48,0
922,2205.577,"Mount",0.115,-0.285,-0.228,0.206,-0.138,0.206,33,E,43,S,,,781838,498.16,0
923,2208.058,"Mount",0.407,-0.198,-0.453,-0.000,-0.295,0.000,71,E,0,,,,730583,433.55,0
924,2210.345,"Mount",0.274,-0.144,-0.309,0.009,-0.215,0.000,52,E,0,,,,763722,467.45,0
925,2212.706,"Mount",-0.167,-0.087,0.112,0.151,0.000,0.000,0,,0,,,,807876,482.48,0
926,2215.009,"Mount",0.242,-0.030,-0.231,-0.079,-0.146,0.000,35,E,0,,,,824066,511.92,0
927,2217.690,"Mount",0.281,-0.407,-0.431,0.242,-0.282,0.242,68,E,51,S,,,835113,547.80,0
928,2219.872,"Mount",0.006,-0.094,-0.046,0.082,0.000,0.000,0,,0,,,,816390,532.48,0
929,2222.545,"Mount",0.591,-0.546,-0.771,0.231,-0.486,0.231,117,E,49,S,,,812626,531.27,0
930,2224.716,"Mount",-0.115,-0.083,0.067,0.125,0.000,0.000,0,,0,,,,784818,476.88,0
931,2227.217,"Mount",-0.323,0.047,0.310,0.100,0.196,0.000,47,W,0,,,,789294,465.32,0
932,2229.409,"Mount",0.103,-0.025,-0.104,-0.023,0.000,0.000,0,,0,,,,783302,488.47,0
933,2231.860,"Mount",0.251,0.062,-0.198,-0.166,-0.125,0.000,30,E,0,,,,748661,452.40,0
934,2234.089,"Mount",-0.171,0.041,0.171,0.038,0.099,0.000,24,W,0,,,,796173,507.37,0
935,2236.641,"Mount",-0.410,0.325,0.511,-0.112,0.329,0.000,79,W,0,,,,743411,460.73,0
936,2239.017,"Mount",-0.269,0.133,0.301,-0.002,0.212,0.000,51,W,0,,,,748471,435.51,0
937,2241.332,"Mount",-0.058,-0.052,0.029,0.072,0.000,0.000,0,,0,,,,800665,506.88,0
938,2243.745,"Mount",0.298,-0.295,-0.398,0.134,-0.250,0.000,60,E,0,,,,826174,516.56,0
939,2246.115,"Mount",0.061,-0.012,-0.060,-0.016,0.000,0.000,0,,0,,,,796826,491.72,0
940,2248.334,"Mount",0.072,-0.014,-0.071,-0.019,0.000,0.000,0,,0,,,,779166,501.67,0
941,2250.801,"Mount",-0.160,0.036,0.159,0.038,0.100,0.000,24,W,0,,,,801811,523.58,0
942,2252.975,"Mount",-0.093,-0.054,0.060,0.089,0.000,0.000,0,,0,,,,772561,496.22,0
943,2255.513,"Mount",-0.525,-0.098,0.429,0.319,0.270,0.319,65,W,67,S,,,784996,490.81,0
944,2257.737,"Mount",0.112,-0.167,-0.174,0.101,-0.091,0.000,22,E,0,,,,804380,496.63,0
945,2260.209,"Mount",-0.161,0.098,0.188,-0.018,0.112,0.000,27,W,0,,,,789731,471.45,0
946,2262.707,"Mount",0.354,-0.060,-0.344,-0.101,-0.209,0.000,50,E,0,,,,782977,492.60,0
947,2265.097,"Mount",-0.059,0.352,0.207,-0.290,0.116,0.000,28,W,0,,,,834110,494.28,0
948,2267.377,"Mount",-0.239,0.052,0.238,0.058,0.158,0.000,38,W,0,,,,795155,450.11,0
949,2269.746,"Mount",-0.028,0.027,0.037,-0.012,0.000,0.000,0,,0,,,,821720,497.07,0
950,2272.025,"Mount",0.110,-0.254,-0.210,0.180,-0.132,0.000,32,E,0,,,,764394,469.65,0
951,2274.489,"Mount",0.229,-0.119,-0.257,0.006,-0.171,0.000,41,E,0,,,,803030,503.65,0
952,2276.905,"Mount",-0.495,0.009,0.449,0.210,0.271,0.210,65,W,44,S,,,772716,468.45,0
953,2279.377,"Mount",-0.694,0.246,0.732,0.083,0.480,0.000,116,W,0,,,,807736,493.24,0
954,2281.657,"Mount",-0.279,0.321,0.392,-0.166,0.280,0.000,68,W,0,,,,800363,458.68,0
955,2284.143,"Mount",0.314,-0.049,-0.303,-0.093,-0.172,0.000,41,E,0,,,,823698,497.56,0
956,2286.433,"Mount",0.171,-0.242,-0.260,0.142,-0.176,0.000,42,E,0,,,,786077,459.15,0
957,2288.929,"Mount",0.244,-0.327,-0.363,0.187,-0.241,0.000,58,E,0,,,,809604,476.32,0
958,2291.217,"Mount",0.363,0.044,-0.307,-0.199,-0.210,0.000,51,E,0,,,,781707,463.56,0
959,2293.729,"Mount",0.480,-0.280,-0.554,0.041,-0.364,0.000,88,E,0,,,,825906,529.18,0
960,2295.983,"Mount",-0.071,-0.164,-0.008,0.179,0.000,0.000,0,,0,,,,828179,466.87,0
961,2298.425,"Mount",0.139,-0.037,-0.141,-0.028,-0.089,0.000,21,E,0,,,,842340,492.79,0
962,2300.729,"Mount",-0.429,0.351,0.540,-0.127,0.334,0.000,81,W,0,,,,752537,470.24,0
963,2303.057,"Mount",-0.021,-0.026,0.008,0.033,0.000,0.000,0,,0,,,,775952,511.64,0
964,2305.292,"Mount",0.105,0.089,-0.055,-0.126,0.000,0.000,0,,0,,,,827304,507.65,0
965,2307.881,"Mount",0.347,-0.400,-0.488,0.207,-0.307,0.207,74,E,43,S,,,813493,520.93,0
966,2310.202,"Mount",0.170,-0.183,-0.233,0.090,-0.168,0.000,41,E,0,,,,788828,498.90,0
967,2312.633,"Mount",0.297,-0.085,-0.304,-0.054,-0.203,0.000,49,E,0,,,,768785,474.61,0
968,2314.857,"Mount",0.202,0.034,-0.167,-0.119,-0.119,0.000,29,E,0,,,,784384,461.68,0
969,2317.345,"Mount",0.406,-0.238,-0.469,0.036,-0.304,0.000,73,E,0,,,,807059,478.16,0
970,2319.534,"Mount",-0.036,-0.158,-0.037,0.158,0.000,0.000,0,,0,,,,829940,545.87,0
971,2322.009,"Mount",-0.342,0.010,0.311,0.141,0.196,0.000,47,W,0,,,,823814,499.26,0
972,2324.178,"Mount",-0.098,0.078,0.122,-0.027,0.000,0.000,0,,0,,,,799567,469.03,0
973,2326.601,"Mount",0.414,0.011,-0.367,-0.192,-0.231,0.000,56,E,0,,,,837471,526.83,0
974,2328.874,"Mount",0.146,0.027,-0.119,-0.088,0.000,0.000,0,,0,,,,818672,509.31,0
975,2331.329,"Mount",-0.274,0.130,0.303,0.004,0.191,0.000,46,W,0,,,,848246,474.36,0
976,2333.506,"Mount",0.001,-0.200,-0.089,0.179,0.000,0.000,0,,0,,,,809059,475.70,0
977,2335.913,"Mount",0.264,-0.153,-0.304,0.022,-0.192,0.000,46,E,0,,,,803187,513.30,0
978,2338.181,"Mount",-0.292,-0.041,0.244,0.166,0.141,0.000,34,W,0,,,,790124,524.82,0
979,2340.601,"Mount",0.265,-0.004,-0.240,-0.112,-0.141,0.000,34,E,0,,,,776463,493.83,0
980,2342.897,"Mount",-0.282,0.270,0.372,-0.119,0.225,0.000,54,W,0,,,,742495,434.38,0
981,2345.321,"Mount",-0.275,0.138,0.308,-0.003,0.210,0.000,51,W,0,,,,778773,530.95,0
982,2347.601,"Mount",-0.300,0.027,0.282,0.107,0.192,0.000,46,W,0,,,,791781,465.19,0
983,2350.025,"Mount",-0.046,0.226,0.140,-0.183,0.102,0.000,25,W,0,,,,800233,444.21,0
984,2352.256,"Mount",-0.139,-0.046,0.105,0.102,0.000,0.000,0,,0,,,,777571,481.87,0
985,2354.753,"Mount",0.156,-0.290,-0.267,0.192,-0.168,0.000,41,E,0,,,,781666,495.30,0
986,2357.009,"Mount",-0.147,0.180,0.211,-0.098,0.121,0.000,29,W,0,,,,814879,512.29,0
987,2359.474,"Mount",-0.173,0.185,0.236,-0.091,0.157,0.000,38,W,0,,,,776461,498.50,0
988,2361.729,"Mount",-0.298,0.193,0.353,-0.043,0.233,0.000,56,W,0,,,,791014,495.36,0
989,2364.056,"Mount",0.072,-0.115,-0.115,0.072,0.000,0.000,0,,0,,,,761724,508.79,0
990,2366.394,"Mount",0.070,-0.241,-0.169,0.186,-0.106,0.000,26,E,0,,,,790077,505.01,0
991,2368.814,"Mount",0.034,-0.074,-0.063,0.051,0.000,0.000,0,,0,,,,780164,467.62,0
992,2371.081,"Mount",0.465,0.034,-0.403,-0.235,-0.254,0.000,61,E,0,,,,790481,488.03,0
993,2373.545,"Mount",0.435,0.038,-0.375,-0.225,-0.254,0.000,61,E,0,,,,829821,512.45,0
994,2375.857,"Mount",0.276,-0.148,-0.313,0.012,-0.215,0.000,52,E,0,,,,752088,461.51,0
995,2378.777,"Mount",-0.220,0.363,0.357,-0.230,0.210,-0.230,51,W,430,N,,,814006,509.09,0
996,2381.073,"Mount",-0.335,0.198,0.387,-0.031,0.259,0.000,62,W,0,,,,801697,471.75,0
997,2383.471,"Mount",-0.114,-0.007,0.099,0.056,0.000,0.000,0,,0,,,,791356,517.95,0
998,2385.753,"Mount",-0.463,0.241,0.521,-0.013,0.329,0.000,79,W,0,,,,808432,457.33,0
999,2388.185,"Mount",-0.220,0.246,0.306,-0.124,0.216,0.000,52,W,0,,,,820375,486.82,0
1000,2390.513,"Mount",0.317,0.042,-0.266,-0.177,-0.153,0.000,37,E,0,,,,829222,488.72,0
1001,2392.874,"Mount",-0.020,-0.216,-0.077,0.203,0.000,0.000,0,,0,,,,801983,496.84,0
1002,2395.086,"Mount",-0.077,-0.106,0.023,0.129,0.000,0.000,0,,0,,,,761272,497.05,0
1003,2397.529,"Mount",-0.380,0.245,0.449,-0.053,0.283,0.000,68,W,0,,,,772181,478.31,0
1004,2400.050,"Mount",-0.274,0.392,0.418,-0.232,0.283,-0.232,68,W,49,N,,,789112,510.55,0
1005,2402.513,"Mount",0.218,-0.019,-0.204,-0.078,-0.109,0.000,26,E,0,,,,766463,462.02,0
1006,2404.811,"Mount",-0.319,0.355,0.443,-0.179,0.271,0.000,65,W,0,,,,811565,465.46,0
1007,2407.289,"Mount",-0.428,0.193,0.469,0.014,0.315,0.000,76,W,0,,,,783295,497.86,0
1008,2409.569,"Mount",0.032,0.341,0.121,-0.321,0.000,-0.321,0,,67,N,,,843948,486.05,0
1009,2412.089,"Mount",0.384,-0.051,-0.367,-0.123,-0.231,0.000,56,E,0,,,,819051,500.23,0
1010,2414.750,"Mount",0.596,-0.212,-0.629,-0.071,-0.412,0.000,100,E,0,,,,814195,496.62,0
1011,2417.241,"Mount",-0.395,0.174,0.432,0.017,0.243,0.000,59,W,0,,,,820189,492.54,0
1012,2419.529,"Mount",-0.549,0.050,0.515,0.196,0.341,0.000,82,W,0,,,,803077,495.47,0
1013,2422.025,"Mount",0.126,0.338,0.035,-0.359,0.000,-0.359,0,,75,N,,,822674,477.28,0
1014,2424.236,"Mount",0.044,0.179,0.039,-0.180,0.000,0.000,0,,0,,,,808943,476.19,0
1015,2426.786,"Mount",-0.971,0.515,1.099,-0.036,0.692,0.000,167,W,0,,,,776685,480.88,0
1016,2429.177,"Mount",-1.011,0.127,0.964,0.329,0.656,0.000,158,W,0,,,,852084,536.84,0
1017,2431.659,"Mount",0.782,-0.162,-0.774,-0.197,-0.441,0.000,107,E,0,,,,766427,441.97,0
1018,2433.969,"Mount",0.163,-0.093,-0.187,0.013,-0.149,0.000,36,E,0,,,,841960,522.76,0
1019,2436.473,"Mount",0.542,-0.198,-0.574,-0.060,-0.372,0.000,90,E,0,,,,824715,505.11,0
1020,2438.810,"Mount",0.394,-0.357,-0.511,0.148,-0.348,0.000,84,E,0,,,,794233,463.51,0
1021,2441.417,"Mount",0.035,0.415,0.151,-0.388,0.071,-0.388,17,W,82,N,,,853593,492.08,0
1022,2443.841,"Mount",0.360,0.140,-0.262,-0.284,-0.160,-0.284,39,E,60,N,,,822219,497.24,0
1023,2446.204,"Mount",-0.048,0.108,0.090,-0.076,0.000,0.000,0,,0,,,,883286,516.01,0
1024,2448.569,"Mount",-0.049,0.291,0.172,-0.240,0.108,-0.240,26,W,50,N,,,812961,520.58,0
1025,2450.985,"Mount",-0.372,-0.025,0.323,0.185,0.211,0.000,51,W,0,,,,776161,436.85,0
1026,2453.190,"Mount",-0.048,0.047,0.064,-0.022,0.000,0.000,0,,0,,,,788860,458.53,0
1027,2455.585,"Mount",-0.045,-0.407,-0.138,0.386,-0.087,0.000,21,E,0,,,,796466,504.76,0
1028,2457.929,"Mount",0.250,-0.166,-0.298,0.039,-0.194,0.000,47,E,0,,,,756300,451.98,0
1029,2460.385,"Mount",0.189,-0.226,-0.269,0.120,-0.183,0.000,44,E,0,,,,770510,470.84,0
1030,2462.668,"Mount",-0.099,-0.152,0.022,0.179,0.000,0.000,0,,0,,,,750781,452.80,0
1031,2465.501,"Mount",1.415,-0.582,-1.527,-0.097,-0.962,0.000,232,E,0,,,,834532,544.73,0
1032,2468.261,"Mount",1.269,-0.529,-1.372,-0.081,-0.932,0.000,225,E,0,,,,826089,496.57,0
1033,2470.897,"Mount",-0.857,0.242,0.876,0.159,0.487,0.000,118,W,0,,,,753227,467.67,0
1034,2473.268,"Mount",-0.105,-0.096,0.052,0.132,0.000,0.000,0,,0,,,,800970,439.40,0
1035,2476.013,"Mount",-0.176,-0.192,0.074,0.250,0.000,0.000,0,,0,,,,824271,501.24,0
1036,2478.346,"Mount",0.159,0.243,-0.037,-0.288,0.000,0.000,0,,0,,,,795734,479.73,0
1037,2481.020,"Mount",0.186,-0.284,-0.292,0.173,-0.184,0.000,44,E,0,,,,840784,522.94,0
1038,2483.326,"Mount",-0.128,-0.300,-0.016,0.326,0.000,0.000,0,,0,,,,829003,487.16,0
1039,2485.753,"Mount",0.098,0.218,0.008,-0.239,0.000,-0.239,0,,50,N,,,816567,496.30,0
1040,2488.217,"Mount",0.387,0.256,-0.236,-0.400,-0.149,-0.400,36,E,84,N,,,825908,505.47,0
1041,2490.644,"Mount",0.052,-0.010,-0.051,-0.014,0.000,0.000,0,,0,,,,819829,483.10,0
1042,2492.913,"Mount",-0.239,-0.151,0.148,0.241,0.094,0.000,23,W,0,,,,784618,497.94,0
1043,2495.287,"Mount",-0.075,0.083,0.104,-0.042,0.000,0.000,0,,0,,,,756431,430.12,0
1044,2497.745,"Mount",1.412,-0.473,-1.477,-0.194,-0.930,0.000,225,E,0,,,,877853,564.89,0
1045,2500.096,"Mount",-0.030,0.057,0.052,-0.039,0.000,0.000,0,,0,,,,808174,480.26,0
1046,2502.446,"Mount",-0.210,-0.167,0.116,0.243,0.000,0.000,0,,0,,,,795668,480.33,0
1047,2504.786,"Mount",-0.232,-0.317,0.069,0.387,0.000,0.000,0,,0,,,,772103,469.23,0
1048,2507.033,"Mount",-0.163,-0.018,0.138,0.087,0.087,0.000,21,W,0,,,,824336,511.65,0
1049,2509.433,"Mount",-0.119,0.137,0.167,-0.071,0.111,0.000,27,W,0,,,,887748,510.93,0
1050,2511.729,"Mount",0.320,-0.045,-0.307,-0.100,-0.186,0.000,45,E,0,,,,810088,515.79,0
1051,2514.036,"Mount",0.082,-0.039,-0.091,-0.001,0.000,0.000,0,,0,,,,806693,494.04,0
1052,2516.383,"Mount",0.273,0.053,-0.222,-0.167,-0.140,0.000,34,E,0,,,,847083,526.88,0
1053,2519.185,"Mount",-0.167,-0.162,0.080,0.219,0.000,0.219,0,,428,S,,,782213,488.63,0
1054,2521.489,"Mount",0.239,-0.076,-0.248,-0.036,-0.156,0.000,38,E,0,,,,786969,510.13,0
1055,2524.133,"Mount",0.254,-0.606,-0.494,0.433,-0.322,0.433,78,E,91,S,,,828464,482.63,0
1056,2526.507,"Mount",-0.132,-0.486,-0.095,0.495,0.000,0.495,0,,104,S,,,825009,480.11,0
1057,2528.938,"Mount",0.165,-0.280,-0.271,0.180,-0.171,0.000,41,E,0,,,,767707,484.01,0
1058,2531.121,"Mount",0.040,0.043,-0.017,-0.057,0.000,0.000,0,,0,,,,774038,471.63,0
1059,2533.561,"Mount",-0.209,0.159,0.258,-0.051,0.162,0.000,39,W,0,,,,819521,469.47,0
1060,2536.028,"Mount",-0.237,-0.186,0.131,0.271,0.094,0.271,23,W,57,S,,,797316,478.10,0
1061,2538.529,"Mount",-0.221,-0.107,0.152,0.193,0.102,0.000,25,W,0,,,,805126,466.13,0
1062,2540.756,"Mount",-0.074,0.015,0.073,0.019,0.000,0.000,0,,0,,,,771159,466.19,0
1063,2543.513,"Mount",0.915,-1.045,-1.281,0.537,-0.807,0.537,195,E,113,S,,,780851,475.58,0
1064,2545.809,"Mount",0.056,-0.234,-0.153,0.186,-0.153,0.000,37,E,0,,,,798262,503.41,0
1065,2548.244,"Mount",-0.150,0.100,0.179,-0.024,0.102,0.000,25,W,0,,,,807923,492.82,0
1066,2550.441,"Mount",-0.149,-0.090,0.094,0.146,0.000,0.000,0,,0,,,,802114,483.81,0
1067,2552.857,"Mount",-0.149,0.304,0.267,-0.208,0.168,0.000,41,W,0,,,,861952,507.00,0
1068,2555.025,"Mount",-0.137,-0.125,0.068,0.172,0.000,0.000,0,,0,,,,825925,469.32,0
1069,2557.442,"Mount",-0.061,0.241,0.160,-0.190,0.101,0.000,24,W,0,,,,776270,494.70,0
1070,2559.729,"Mount",0.199,-0.018,-0.187,-0.072,-0.111,0.000,27,E,0,,,,797898,507.76,0
1071,2562.249,"Mount",-0.183,-0.134,0.105,0.200,0.000,0.200,0,,42,S,,,838842,550.04,0
1072,2564.475,"Mount",0.195,0.232,-0.073,-0.294,0.000,0.000,0,,0,,,,849321,520.14,0
1073,2566.929,"Mount",0.374,0.176,-0.259,-0.322,-0.163,0.000,39,E,0,,,,809295,489.91,0
1074,2569.721,"Mount",-0.031,0.264,0.144,-0.223,0.079,-0.223,19,W,467,N,,,808187,484.29,0
1075,2572.255,"Mount",-0.111,0.272,0.219,-0.196,0.143,0.000,35,W,0,,,,793343,483.85,0
1076,2574.593,"Mount",-0.268,-0.078,0.207,0.187,0.140,0.000,34,W,0,,,,853869,468.73,0
1077,2576.971,"Mount",0.087,0.039,-0.061,-0.073,0.000,0.000,0,,0,,,,827233,507.59,0
1078,2579.329,"Mount",-0.123,0.428,0.299,-0.330,0.188,-0.330,45,W,69,N,,,808202,528.01,0
1079,2581.706,"Mount",-0.168,-0.096,0.109,0.160,0.000,0.000,0,,0,,,,817258,490.28,0
1080,2583.931,"Mount",-0.180,-0.145,0.098,0.209,0.000,0.000,0,,0,,,,801162,453.08,0
1081,2586.445,"Mount",0.105,-0.204,-0.184,0.138,-0.116,0.000,28,E,0,,,,843520,481.65,0
1082,2589.537,"Mount",0.333,-1.089,-0.777,0.832,-0.498,0.832,120,E,595,S,,,822798,527.89,0
1083,2591.932,"Mount",-0.132,-0.045,0.099,0.098,0.000,0.000,0,,0,,,,819770,501.91,0
1084,2594.288,"Mount",-0.175,-0.110,0.109,0.176,0.000,0.000,0,,0,,,,788767,500.51,0
1085,2596.762,"Mount",-0.047,-0.082,0.007,0.095,0.000,0.000,0,,0,,,,776783,536.11,0
1086,2599.097,"Mount",-0.076,0.190,0.152,-0.137,0.096,0.000,23,W,0,,,,741512,480.97,0
1087,2601.561,"Mount",-0.221,0.295,0.328,-0.168,0.213,0.000,52,W,0,,,,793633,518.45,0
1088,2603.817,"Mount",-0.173,-0.042,0.136,0.114,0.101,0.000,24,W,0,,,,781975,513.90,0
1089,2606.219,"Mount",-0.113,-0.146,0.037,0.181,0.000,0.000,0,,0,,,,821437,498.66,0
1090,2608.545,"Mount",0.283,-0.188,-0.337,0.045,-0.212,0.000,51,E,0,,,,848290,495.87,0
1091,2611.033,"Mount",0.520,0.243,-0.361,-0.447,-0.242,0.000,59,E,0,,,,814400,504.05,0
1092,2613.376,"Mount",0.375,0.005,-0.335,-0.169,-0.228,0.000,55,E,0,,,,796452,497.19,0
1093,2615.785,"Mount",0.098,-0.163,-0.159,0.104,-0.116,0.000,28,E,0,,,,777424,462.98,0
1094,2618.073,"Mount",-0.170,-0.162,0.082,0.220,0.000,0.220,0,,46,S,,,802114,511.93,0
1095,2620.585,"Mount",-0.138,0.232,0.225,-0.148,0.142,0.000,34,W,0,,,,875233,558.69,0
1096,2622.889,"Mount",0.176,0.041,-0.140,-0.115,-0.078,0.000,19,E,0,,,,798451,472.48,0
1097,2625.297,"Mount",-0.091,0.196,0.168,-0.136,0.100,0.000,24,W,0,,,,796858,487.26,0
1098,2627.595,"Mount",0.222,0.129,-0.143,-0.213,-0.083,0.000,20,E,0,,,,822633,498.06,0
1099,2630.417,"Mount",1.308,-0.903,-1.571,0.237,-0.996,0.237,241,E,50,S,,,765550,435.78,0
1100,2632.929,"Mount",-0.224,0.032,0.215,0.070,0.066,0.000,16,W,0,,,,881257,524.71,0
1101,2635.441,"Mount",-0.161,0.044,0.164,0.031,0.108,0.000,26,W,0,,,,784388,484.60,0
1102,2637.737,"Mount",0.001,0.213,0.093,-0.192,0.000,0.000,0,,0,,,,804797,483.02,0
1103,2640.170,"Mount",-0.119,0.146,0.171,-0.079,0.108,0.000,26,W,0,,,,789032,486.93,0
1104,2642.555,"Mount",-0.065,0.202,0.147,-0.153,0.100,0.000,24,W,0,,,,822694,509.34,0
1105,2645.017,"Mount",-0.166,-0.331,0.004,0.370,0.000,0.370,0,,78,S,,,886431,517.23,0
1106,2647.289,"Mount",0.272,0.260,-0.130,-0.354,-0.082,0.000,20,E,0,,,,827095,507.88,0
1107,2649.665,"Mount",-0.077,-0.103,0.024,0.126,0.000,0.000,0,,0,,,,785196,489.27,0
1108,2652.001,"Mount",-0.106,0.194,0.180,-0.128,0.113,0.000,27,W,0,,,,818544,519.59,0
1109,2654.389,"Mount",-0.044,0.152,0.106,-0.117,0.000,0.000,0,,0,,,,807103,472.30,0
1110,2656.850,"Mount",0.129,-0.203,-0.204,0.126,-0.129,0.000,31,E,0,,,,841516,504.99,0
1111,2659.378,"Mount",-0.351,0.065,0.344,0.095,0.208,0.000,50,W,0,,,,840825,494.08,0
1112,2661.690,"Mount",-0.377,0.794,0.687,-0.548,0.447,0.000,108,W,0,,,,763229,464.68,0
1113,2664.035,"Mount",-0.055,0.040,0.067,-0.012,0.000,0.000,0,,0,,,,859196,543.39,0
1114,2666.240,"Mount",-0.130,-0.114,0.067,0.160,0.000,0.000,0,,0,,,,796549,490.04,0
1115,2668.745,"Mount",-0.487,0.328,0.582,-0.081,0.366,0.000,88,W,0,,,,847105,490.46,0
1116,2671.097,"Mount",-0.132,-0.166,0.046,0.207,0.000,0.207,0,,43,S,,,837181,522.78,0
1117,2673.497,"Mount",-0.202,-0.060,0.155,0.143,0.098,0.000,24,W,0,,,,819901,495.82,0
1118,2675.801,"Mount",-0.229,0.085,0.243,0.024,0.160,0.000,39,W,0,,,,815708,508.23,0
1119,2678.282,"Mount",-0.205,0.245,0.292,-0.131,0.195,0.000,47,W,0,,,,820822,503.45,0
1120,2680.569,"Mount",-0.124,-0.167,0.038,0.205,0.000,0.205,0,,43,S,,,781970,489.94,0
1121,2683.017,"Mount",-0.130,0.194,0.202,-0.117,0.127,0.000,31,W,0,,,,821837,506.61,0
1122,2685.353,"Mount",-0.106,0.649,0.380,-0.537,0.248,0.000,60,W,0,,,,817690,532.70,0
1123,2687.699,"Mount",-0.046,0.166,0.114,-0.130,0.000,0.000,0,,0,,,,795017,503.52,0
1124,2689.967,"Mount",0.099,0.270,0.030,-0.286,0.000,0.000,0,,0,,,,761453,440.84,0
1125,2692.413,"Mount",0.013,0.062,0.016,-0.061,0.000,0.000,0,,0,,,,825140,511.22,0
1126,2694.658,"Mount",-0.220,0.050,0.220,0.052,0.138,0.000,33,W,0,,,,798788,486.01,0
1127,2697.014,"Mount",0.036,0.097,0.010,-0.103,0.000,0.000,0,,0,,,,768826,511.01,0
1128,2699.186,"Mount",0.065,0.070,-0.028,-0.092,0.000,0.000,0,,0,,,,772781,449.65,0
1129,2701.585,"Mount",-0.151,0.169,0.210,-0.086,0.132,0.000,32,W,0,,,,760526,480.81,0
1130,2703.953,"Mount",-0.352,0.328,0.460,-0.140,0.299,0.000,72,W,0,,,,790557,489.69,0
1131,2706.474,"Mount",-0.290,0.044,0.280,0.088,0.197,0.000,48,W,0,,,,755460,497.69,0
1132,2708.834,"Mount",-0.236,0.414,0.393,-0.268,0.262,0.000,63,W,0,,,,820305,499.07,0
1133,2711.225,"Mount",0.107,-0.126,-0.152,0.067,-0.077,0.000,19,E,0,,,,772838,450.76,0
1134,2713.572,"Mount",-0.235,-0.031,0.197,0.131,0.119,0.000,29,W,0,,,,806057,525.92,0
1135,2715.994,"Mount",0.162,0.078,-0.111,-0.142,0.000,0.000,0,,0,,,,828283,508.63,0
1136,2718.425,"Mount",-0.447,-0.186,0.320,0.364,0.202,0.364,49,W,76,S,,,755184,514.92,0
1137,2720.794,"Mount",-0.043,0.162,0.109,-0.127,0.000,0.000,0,,0,,,,783699,499.21,0
1138,2723.081,"Mount",-0.196,0.306,0.310,-0.189,0.196,0.000,47,W,0,,,,781920,497.82,0
1139,2725.546,"Mount",-0.306,0.379,0.441,-0.206,0.292,0.000,70,W,0,,,,770589,458.19,0
1140,2727.945,"Mount",-0.462,0.409,0.595,-0.165,0.395,0.000,95,W,0,,,,804819,498.80,0
1141,2730.385,"Mount",-0.134,0.276,0.242,-0.189,0.180,0.000,43,W,0,,,,754136,474.20,0
1142,2732.706,"Mount",-0.270,0.149,0.308,-0.015,0.207,0.000,50,W,0,,,,776153,477.67,0
1143,2735.137,"Mount",-0.088,0.189,0.162,-0.132,0.117,0.000,28,W,0,,,,774055,496.13,0
1144,2737.394,"Mount",0.276,0.172,-0.173,-0.275,-0.101,0.000,24,E,0,,,,769041,450.78,0
1145,2739.946,"Mount",-0.354,-0.212,0.225,0.345,0.135,0.345,33,W,73,S,,,785082,513.54,0
1146,2742.216,"Mount",0.035,0.208,0.059,-0.202,0.000,0.000,0,,0,,,,789942,468.84,0
1147,2744.665,"Mount",-0.176,0.273,0.278,-0.168,0.175,0.000,42,W,0,,,,792897,503.53,0
1148,2746.978,"Mount",-0.165,0.114,0.198,-0.030,0.137,0.000,33,W,0,,,,790793,499.02,0
1149,2749.434,"Mount",-0.406,0.394,0.538,-0.176,0.349,0.000,84,W,0,,,,802345,499.36,0
1150,2751.706,"Mount",-0.241,0.287,0.342,-0.152,0.240,0.000,58,W,0,,,,772348,496.02,0
1151,2754.074,"Mount",0.297,0.315,-0.129,-0.413,0.000,0.000,0,,0,,,,797851,519.85,0
1152,2756.881,"Mount",0.368,0.071,-0.299,-0.225,-0.189,-0.225,46,E,467,N,,,781429,512.05,0
1153,2759.495,"Mount",0.646,0.018,-0.572,-0.300,-0.374,-0.300,90,E,63,N,,,756092,484.82,0
1154,2761.777,"Mount",0.366,-0.064,-0.357,-0.103,-0.251,0.000,61,E,0,,,,764830,460.36,0
1155,2764.155,"Mount",-0.032,0.112,0.078,-0.086,0.000,0.000,0,,0,,,,764868,507.71,0
1156,2766.399,"Mount",0.171,0.100,-0.110,-0.165,0.000,0.000,0,,0,,,,776380,491.48,0
1157,2768.974,"Mount",0.313,0.107,-0.234,-0.233,-0.148,-0.233,36,E,49,N,,,795581,503.34,0
1158,2771.395,"Mount",0.409,0.140,-0.306,-0.305,-0.203,-0.305,49,E,64,N,,,771364,489.35,0
1159,2773.841,"Mount",0.246,0.001,-0.221,-0.108,-0.153,0.000,37,E,0,,,,792438,480.02,0
1160,2776.268,"Mount",0.362,-0.056,-0.350,-0.108,-0.231,0.000,56,E,0,,,,794542,494.94,0
1161,2778.753,"Mount",0.228,0.250,-0.095,-0.325,0.000,-0.325,0,,68,N,,,800822,491.70,0
1162,2781.082,"Mount",0.227,0.195,-0.118,-0.275,0.000,-0.275,0,,58,N,,,785760,501.13,0
1163,2783.609,"Mount",0.443,0.009,-0.394,-0.203,-0.249,-0.203,60,E,43,N,,,765255,510.61,0
1164,2785.933,"Mount",0.138,0.203,-0.035,-0.243,0.000,-0.243,0,,51,N,,,805157,461.76,0
1165,2788.593,"Mount",0.758,0.045,-0.661,-0.373,-0.416,-0.373,101,E,78,N,,,776919,504.37,0
1166,2790.872,"Mount",0.069,0.151,0.004,-0.166,0.000,0.000,0,,0,,,,829969,520.05,0
Guiding Ends at 2026-09-05 22:10:32

Guiding Begins at 2026-09-05 22:26:23
Equipment Profile = SW4P_EVO
Dither = both axes, Dither scale = 1.000, Image noise reduction = 2x2 mean, Guide-frame time lapse = 0, Server enabled
Pixel scale = 2.91 arc-sec/px, Binning = 1, Focal length = 266 mm
Search region = 15 px, Star mass tolerance = 50.0%, Multi-star mode, list size = 12
 Camera = ZWO ASI120MM Mini (ASCOM), full size = 1280 x 960, have dark, dark dur = 2000, no defect map, pixel size = 3.8 um
Exposure = 2000 ms
Mount = GPUSB, connected, guiding enabled, AuxMount=CPWI_ASCOM_Telescope, xAngle = -26.0, xRate = 4.140, yAngle = -116.0, yRate = 4.762, parity = +/-
Norm rates RA = 13.1"/s @ dec 0, Dec = 13.8"/s; ortho.err. = 0.0 deg
X guide algorithm = Hysteresis, Hysteresis = 0.100, Aggression = 0.700, Minimum move = 0.130
Y guide algorithm = Resist Switch, Minimum move = 0.200 Aggression = 100% FastSwitch = enabled
Backlash comp = enabled, pulse = 420 ms
Max RA duration = 2500, Max DEC duration = 2500, DEC guide mode = Auto
RA Guide Speed = 14.9 a-s/s, Dec Guide Speed = 14.9 a-s/s, Cal Dec = -0.0, Last Cal Issue = None, Timestamp = 31/08/2026 21:19:06
RA = 20.01 hr, Dec = 22.8 deg, Hour angle = 0.19 hr, Pier side = East, Rotator pos = N/A, Alt = 70.2 deg, Az = 188.0 deg
Lock position = 675.000, 883.087, Star position = 675.000, 883.087, HFD = 2.95 px
Frame,Time,mount,dx,dy,RARawDistance,DECRawDistance,RAGuideDistance,DECGuideDistance,RADuration,RADirection,DECDuration,DECDirection,XStep,YStep,StarMass,SNR,ErrorCode
INFO: SETTLING STATE CHANGE, Settling started
1,2.403,"Mount",0.019,0.292,-0.110,-0.271,0.000,0.000,0,,0,,,,428345,327.26,0
2,4.815,"Mount",-0.085,0.272,-0.195,-0.207,-0.123,0.000,30,E,0,,,,429334,319.51,0
3,7.119,"Mount",-0.087,0.221,-0.175,-0.160,-0.119,0.000,29,E,0,,,,433726,325.42,0
4,9.615,"Mount",0.311,0.274,0.159,-0.383,0.092,-0.383,22,W,80,N,,,459057,354.82,0
5,11.903,"Mount",-0.390,0.082,-0.387,0.097,-0.237,0.000,57,E,0,,,,447031,345.36,0
INFO: SETTLING STATE CHANGE, Settling complete
6,14.295,"Mount",-0.244,-0.171,-0.145,0.261,-0.108,0.000,26,E,0,,,,449755,325.97,0
7,16.583,"Mount",-0.286,-0.149,-0.191,0.260,-0.128,0.000,31,E,0,,,,448656,352.81,0
8,19.168,"Mount",-0.251,-0.078,-0.192,0.180,-0.130,0.000,31,E,0,,,,451699,360.48,0
9,21.325,"Mount",-0.181,-0.253,-0.052,0.306,0.000,0.000,0,,0,,,,465677,337.39,0
10,23.647,"Mount",-0.219,-0.442,-0.003,0.493,0.000,0.000,0,,0,,,,462005,349.91,0
11,26.463,"Mount",0.106,-0.547,0.335,0.445,0.211,0.445,51,W,514,S,,,443027,334.23,0
12,29.135,"Mount",0.534,-0.494,0.696,0.209,0.454,0.209,110,W,44,S,,,493506,368.31,0
13,31.431,"Mount",0.472,-0.196,0.510,-0.031,0.353,0.000,85,W,0,,,,466096,373.66,0
14,33.871,"Mount",-0.491,0.277,-0.562,-0.033,-0.330,0.000,80,E,0,,,,450100,325.29,0
15,36.199,"Mount",-0.180,0.029,-0.175,0.053,-0.133,0.000,32,E,0,,,,458855,352.44,0
16,38.663,"Mount",-0.148,0.076,-0.166,-0.003,-0.114,0.000,28,E,0,,,,457875,337.39,0
17,40.894,"Mount",0.056,0.088,0.011,-0.103,0.000,0.000,0,,0,,,,452610,312.47,0
18,43.271,"Mount",-0.079,0.017,-0.078,0.019,0.000,0.000,0,,0,,,,435269,326.07,0
19,45.492,"Mount",0.006,-0.192,0.090,0.170,0.000,0.000,0,,0,,,,453317,352.07,0
20,47.975,"Mount",0.247,-0.220,0.318,0.089,0.200,0.000,48,W,0,,,,448493,326.53,0
21,50.359,"Mount",0.268,-0.023,0.251,-0.097,0.172,0.000,42,W,0,,,,447689,348.31,0
22,53.039,"Mount",0.363,-0.120,0.379,-0.052,0.251,0.000,61,W,0,,,,454009,322.32,0
23,55.359,"Mount",0.264,-0.016,0.245,-0.101,0.172,0.000,41,W,0,,,,443866,311.67,0
24,57.732,"Mount",0.094,0.093,0.043,-0.124,0.000,0.000,0,,0,,,,451740,332.69,0
25,60.007,"Mount",-0.215,0.334,-0.340,-0.206,-0.214,0.000,52,E,0,,,,483411,350.10,0
26,62.388,"Mount",-0.072,0.004,-0.067,0.028,0.000,0.000,0,,0,,,,456300,377.95,0
27,64.703,"Mount",0.005,-0.242,0.111,0.215,0.000,0.215,0,,45,S,,,464710,319.02,0
28,67.090,"Mount",0.045,-0.180,0.119,0.142,0.000,0.000,0,,0,,,,443999,322.70,0
29,69.301,"Mount",0.002,-0.020,0.010,0.017,0.000,0.000,0,,0,,,,451059,337.20,0
30,71.680,"Mount",0.110,0.104,0.053,-0.142,0.000,0.000,0,,0,,,,451473,353.95,0
31,73.859,"Mount",0.082,-0.038,0.090,-0.002,0.000,0.000,0,,0,,,,435254,321.70,0
32,76.189,"Mount",-0.122,-0.122,-0.056,0.163,0.000,0.000,0,,0,,,,458117,332.96,0
33,78.471,"Mount",-0.312,-0.068,-0.251,0.198,-0.158,0.000,38,E,0,,,,465840,370.04,0
34,80.846,"Mount",-0.148,-0.080,-0.098,0.137,0.000,0.000,0,,0,,,,452710,338.27,0
35,83.231,"Mount",-0.712,0.207,-0.731,0.127,-0.460,0.000,111,E,0,,,,464141,360.93,0
36,85.647,"Mount",0.188,-0.267,0.286,0.157,0.148,0.000,36,W,0,,,,462065,321.96,0
37,87.826,"Mount",0.033,-0.106,0.076,0.080,0.000,0.000,0,,0,,,,462667,335.18,0
38,90.167,"Mount",0.013,-0.188,0.094,0.163,0.000,0.000,0,,0,,,,425427,296.74,0
39,92.431,"Mount",-0.099,-0.203,0.000,0.226,0.000,0.226,0,,47,S,,,460017,350.23,0
40,94.967,"Mount",0.408,-0.127,0.422,-0.065,0.266,0.000,64,W,0,,,,458767,332.29,0
41,97.134,"Mount",0.026,-0.085,0.061,0.065,0.000,0.000,0,,0,,,,474999,329.62,0
42,99.575,"Mount",-0.214,-0.082,-0.156,0.168,-0.098,0.000,24,E,0,,,,462365,349.18,0
43,101.999,"Mount",-0.442,-0.016,-0.390,0.209,-0.253,0.209,61,E,44,S,,,443342,335.53,0
44,104.431,"Mount",-0.151,-0.162,-0.065,0.212,0.000,0.212,0,,44,S,,,466047,354.26,0
45,106.895,"Mount",-0.627,-0.024,-0.552,0.297,-0.348,0.297,84,E,62,S,,,437241,318.24,0
46,109.351,"Mount",-0.142,-0.215,-0.033,0.255,0.000,0.255,0,,54,S,,,453931,356.00,0
47,111.703,"Mount",0.188,-0.297,0.299,0.185,0.189,0.000,46,W,0,,,,453730,338.96,0
48,114.335,"Mount",0.422,-0.552,0.621,0.311,0.405,0.311,98,W,65,S,,,473581,314.22,0
49,116.607,"Mount",0.229,-0.329,0.350,0.196,0.249,0.000,60,W,0,,,,467758,314.84,0
50,119.127,"Mount",0.368,-0.328,0.474,0.133,0.316,0.000,76,W,0,,,,468956,344.98,0
51,121.487,"Mount",0.005,-0.303,0.138,0.270,0.109,0.270,26,W,57,S,,,468809,336.13,0
52,124.039,"Mount",-0.326,-0.072,-0.261,0.208,-0.157,0.208,38,E,44,S,,,455423,325.59,0
53,126.335,"Mount",-0.259,-0.053,-0.210,0.162,-0.143,0.000,35,E,0,,,,450300,347.01,0
54,128.708,"Mount",-0.116,-0.096,-0.062,0.137,0.000,0.000,0,,0,,,,441218,356.75,0
55,131.007,"Mount",0.007,-0.238,0.111,0.211,0.000,0.211,0,,44,S,,,440150,304.71,0
56,133.353,"Mount",-0.075,-0.172,0.008,0.187,0.000,0.000,0,,0,,,,445199,350.90,0
57,135.655,"Mount",0.218,-0.317,0.335,0.189,0.211,0.000,51,W,0,,,,458685,333.46,0
58,138.071,"Mount",-0.227,-0.189,-0.121,0.270,0.000,0.270,0,,57,S,,,448440,341.29,0
59,140.281,"Mount",-0.096,-0.127,-0.031,0.156,0.000,0.000,0,,0,,,,442441,341.95,0
60,142.749,"Mount",-0.316,-0.042,-0.266,0.177,-0.167,0.000,40,E,0,,,,459235,339.67,0
61,145.071,"Mount",-0.211,-0.183,-0.110,0.257,0.000,0.257,0,,54,S,,,478700,345.85,0
62,147.543,"Mount",-0.364,0.096,-0.369,0.073,-0.232,0.000,56,E,0,,,,449208,364.94,0
63,149.713,"Mount",-0.143,-0.148,-0.063,0.196,0.000,0.000,0,,0,,,,468695,350.96,0
64,152.159,"Mount",-0.174,-0.258,-0.043,0.308,0.000,0.308,0,,65,S,,,465656,349.97,0
65,154.535,"Mount",-0.033,-0.299,0.102,0.283,0.000,0.283,0,,59,S,,,450479,346.75,0
66,157.087,"Mount",-0.012,-0.417,0.172,0.380,0.108,0.380,26,W,80,S,,,460768,354.11,0
67,159.495,"Mount",-0.027,-0.379,0.142,0.352,0.097,0.352,23,W,74,S,,,455630,356.33,0
68,161.943,"Mount",-0.042,-0.367,0.124,0.348,0.000,0.348,0,,73,S,,,460690,348.61,0
69,164.271,"Mount",-0.203,-0.221,-0.086,0.288,0.000,0.288,0,,60,S,,,471505,359.96,0
70,166.691,"Mount",-0.276,-0.060,-0.221,0.175,-0.139,0.000,34,E,0,,,,459138,346.54,0
71,169.151,"Mount",-0.090,-0.197,0.006,0.216,0.000,0.216,0,,45,S,,,452243,375.33,0
72,171.605,"Mount",0.034,-0.021,0.039,0.004,0.000,0.000,0,,0,,,,441965,321.40,0
73,173.905,"Mount",0.271,-0.106,0.290,-0.023,0.183,0.000,44,W,0,,,,472092,363.35,0
74,176.423,"Mount",0.426,-0.257,0.496,0.044,0.325,0.000,79,W,0,,,,461889,342.95,0
75,178.831,"Mount",0.312,-0.190,0.364,0.034,0.252,0.000,61,W,0,,,,461048,324.02,0
76,181.194,"Mount",0.111,0.060,0.073,-0.103,0.000,0.000,0,,0,,,,450151,334.89,0
77,183.471,"Mount",-0.223,0.147,-0.265,-0.034,-0.167,0.000,40,E,0,,,,450695,376.21,0
78,185.830,"Mount",0.021,0.001,0.019,-0.011,0.000,0.000,0,,0,,,,435844,360.23,0
79,188.071,"Mount",-0.152,0.021,-0.146,0.048,-0.092,0.000,22,E,0,,,,459789,352.43,0
80,190.462,"Mount",-0.005,-0.184,0.076,0.167,0.000,0.000,0,,0,,,,421114,327.37,0
81,192.745,"Mount",-0.035,-0.227,0.068,0.219,0.000,0.219,0,,46,S,,,463235,367.63,0
82,195.280,"Mount",0.353,-0.345,0.468,0.155,0.295,0.000,71,W,0,,,,461025,344.75,0
83,197.607,"Mount",0.560,-0.246,0.611,-0.024,0.406,0.000,98,W,0,,,,461727,360.78,0
84,200.088,"Mount",0.587,-0.319,0.668,0.029,0.449,0.000,108,W,0,,,,488422,367.93,0
85,202.407,"Mount",0.536,-0.405,0.659,0.129,0.447,0.000,108,W,0,,,,482153,376.19,0
86,204.837,"Mount",-0.050,-0.058,-0.019,0.074,0.000,0.000,0,,0,,,,443104,319.43,0
87,207.099,"Mount",0.036,-0.083,0.069,0.059,0.000,0.000,0,,0,,,,444978,342.26,0
88,209.454,"Mount",-0.007,-0.042,0.012,0.040,0.000,0.000,0,,0,,,,438759,311.20,0
89,211.711,"Mount",0.306,-0.130,0.332,-0.018,0.209,0.000,50,W,0,,,,455501,329.92,0
90,214.080,"Mount",0.117,0.046,0.085,-0.093,0.000,0.000,0,,0,,,,439034,341.54,0
91,216.391,"Mount",0.265,-0.143,0.301,0.013,0.189,0.000,46,W,0,,,,459666,351.61,0
92,218.903,"Mount",0.402,-0.344,0.512,0.133,0.336,0.000,81,W,0,,,,475518,345.09,0
93,221.295,"Mount",0.352,-0.362,0.476,0.171,0.323,0.000,78,W,0,,,,471945,334.75,0
94,223.791,"Mount",-0.018,-0.241,0.089,0.224,0.000,0.224,0,,47,S,,,451568,335.40,0
95,226.135,"Mount",0.210,-0.115,0.239,0.011,0.151,0.000,36,W,0,,,,455677,322.98,0
96,228.484,"Mount",0.009,-0.183,0.088,0.160,0.000,0.000,0,,0,,,,456732,351.71,0
97,231.008,"Mount",0.052,-0.297,0.177,0.244,0.112,0.244,27,W,51,S,,,457874,332.07,0
98,233.423,"Mount",0.094,-0.212,0.177,0.149,0.119,0.000,29,W,0,,,,472183,370.73,0
99,235.743,"Mount",0.017,-0.261,0.130,0.227,0.000,0.227,0,,48,S,,,473480,337.47,0
100,238.216,"Mount",0.415,-0.244,0.480,0.037,0.302,0.000,73,W,0,,,,470675,343.62,0
101,240.464,"Mount",0.296,-0.068,0.296,-0.069,0.207,0.000,50,W,0,,,,441711,326.49,0
102,242.876,"Mount",0.031,0.001,0.027,-0.014,0.000,0.000,0,,0,,,,454118,347.61,0
103,245.211,"Mount",-0.140,0.080,-0.161,-0.010,-0.102,0.000,25,E,0,,,,445024,320.86,0
104,247.555,"Mount",-0.070,-0.082,-0.027,0.104,0.000,0.000,0,,0,,,,446287,341.53,0
105,249.808,"Mount",-0.218,0.027,-0.208,0.072,-0.131,0.000,32,E,0,,,,456467,338.11,0
106,252.154,"Mount",-0.040,-0.092,0.005,0.100,0.000,0.000,0,,0,,,,459609,341.11,0
107,254.479,"Mount",-0.477,0.179,-0.507,0.048,-0.319,0.000,77,E,0,,,,453779,329.76,0
108,256.876,"Mount",-0.004,-0.206,0.087,0.187,0.000,0.000,0,,0,,,,452276,338.11,0
109,259.265,"Mount",-0.194,-0.081,-0.139,0.158,-0.088,0.000,21,E,0,,,,445437,341.62,0
110,261.719,"Mount",0.332,-0.291,0.426,0.115,0.262,0.000,63,W,0,,,,463073,333.65,0
111,263.983,"Mount",0.164,-0.076,0.181,-0.003,0.132,0.000,32,W,0,,,,452229,345.04,0
112,266.575,"Mount",0.035,-0.280,0.154,0.236,0.106,0.236,26,W,50,S,,,454186,330.18,0
113,268.832,"Mount",0.053,-0.066,0.077,0.035,0.000,0.000,0,,0,,,,427894,310.58,0
114,271.239,"Mount",-0.206,0.054,-0.209,0.041,-0.132,0.000,32,E,0,,,,464531,345.81,0
115,273.479,"Mount",-0.152,-0.001,-0.136,0.068,-0.095,0.000,23,E,0,,,,450179,367.90,0
116,275.807,"Mount",-0.059,-0.147,0.012,0.158,0.000,0.000,0,,0,,,,447997,347.07,0
117,278.087,"Mount",-0.218,-0.026,-0.184,0.119,-0.116,0.000,28,E,0,,,,443853,330.84,0
118,280.440,"Mount",0.038,-0.082,0.070,0.057,0.000,0.000,0,,0,,,,447371,298.24,0
119,282.633,"Mount",-0.103,-0.062,-0.066,0.101,0.000,0.000,0,,0,,,,456412,337.35,0
120,285.223,"Mount",0.071,-0.278,0.186,0.218,0.117,0.218,28,W,46,S,,,464422,342.19,0
121,287.497,"Mount",-0.384,0.021,-0.354,0.150,-0.215,0.000,52,E,0,,,,481105,353.89,0
122,289.943,"Mount",-0.383,0.005,-0.347,0.164,-0.233,0.000,56,E,0,,,,446562,313.52,0
123,292.359,"Mount",-0.693,0.079,-0.658,0.233,-0.431,0.233,104,E,49,S,,,452657,338.26,0
124,294.850,"Mount",0.181,-0.092,0.203,0.004,0.098,0.000,24,W,0,,,,440973,345.49,0
125,297.087,"Mount",-0.105,-0.044,-0.075,0.085,0.000,0.000,0,,0,,,,432082,305.59,0
126,299.463,"Mount",-0.062,0.068,-0.086,-0.034,0.000,0.000,0,,0,,,,458530,348.11,0
127,301.633,"Mount",-0.041,-0.030,-0.024,0.045,0.000,0.000,0,,0,,,,441174,362.10,0
128,303.984,"Mount",-0.012,-0.044,0.009,0.045,0.000,0.000,0,,0,,,,443631,324.95,0
129,306.223,"Mount",-0.207,0.084,-0.223,0.015,-0.141,0.000,34,E,0,,,,447083,329.85,0
130,308.823,"Mount",-0.294,0.051,-0.286,0.083,-0.190,0.000,46,E,0,,,,461613,359.06,0
131,311.263,"Mount",-0.372,-0.198,-0.248,0.341,-0.169,0.341,41,E,72,S,,,483639,372.02,0
132,313.807,"Mount",-0.531,0.088,-0.516,0.154,-0.337,0.000,81,E,0,,,,440862,359.76,0
133,316.071,"Mount",-0.298,0.019,-0.276,0.114,-0.197,0.000,48,E,0,,,,449967,353.88,0
134,318.436,"Mount",-0.165,-0.073,-0.116,0.138,0.000,0.000,0,,0,,,,450198,338.18,0
135,320.670,"Mount",-0.063,0.067,-0.086,-0.032,0.000,0.000,0,,0,,,,445775,359.23,0
136,323.207,"Mount",-0.235,-0.284,-0.086,0.358,0.000,0.358,0,,75,S,,,463038,365.10,0
137,325.567,"Mount",0.160,-0.126,0.199,0.043,0.125,0.000,30,W,0,,,,440029,311.46,0
138,327.943,"Mount",-0.052,0.196,-0.132,-0.153,-0.075,0.000,18,E,0,,,,458417,327.76,0
139,330.271,"Mount",-0.145,0.090,-0.170,-0.017,-0.112,0.000,27,E,0,,,,437071,361.21,0
140,332.800,"Mount",-0.809,0.345,-0.879,0.045,-0.561,0.000,136,E,0,,,,451718,316.03,0
141,335.126,"Mount",-0.383,-0.016,-0.338,0.182,-0.252,0.000,61,E,0,,,,449275,338.10,0
142,337.607,"Mount",-0.393,-0.026,-0.342,0.196,-0.233,0.000,56,E,0,,,,475880,358.92,0
143,339.815,"Mount",-0.017,-0.160,0.055,0.152,0.000,0.000,0,,0,,,,449528,299.81,0
144,342.187,"Mount",-0.020,-0.141,0.044,0.135,0.000,0.000,0,,0,,,,460874,322.17,0
145,344.559,"Mount",0.037,-0.355,0.189,0.303,0.119,0.303,29,W,64,S,,,472477,335.25,0
146,347.060,"Mount",0.165,-0.028,0.160,-0.047,0.109,0.000,26,W,0,,,,426283,320.98,0
147,349.327,"Mount",0.151,-0.230,0.237,0.140,0.157,0.000,38,W,0,,,,453004,361.80,0
148,352.015,"Mount",0.266,-0.411,0.419,0.252,0.275,0.252,66,W,53,S,,,467449,354.43,0
149,354.391,"Mount",0.083,-0.305,0.208,0.238,0.150,0.238,36,W,50,S,,,476449,322.25,0
150,357.015,"Mount",0.208,-0.553,0.429,0.406,0.281,0.406,68,W,85,S,,,474934,335.05,0
151,359.367,"Mount",-0.210,-0.202,-0.099,0.274,0.000,0.274,0,,58,S,,,477988,340.77,0
152,361.707,"Mount",-0.111,-0.167,-0.027,0.199,0.000,0.000,0,,0,,,,430922,334.06,0
153,364.063,"Mount",-0.294,-0.103,-0.219,0.222,-0.138,0.222,33,E,47,S,,,459067,333.63,0
154,366.591,"Mount",-0.298,-0.206,-0.178,0.316,-0.122,0.316,29,E,66,S,,,481413,367.69,0
155,368.779,"Mount",0.142,0.051,0.105,-0.109,0.000,0.000,0,,0,,,,460944,368.89,0
156,371.455,"Mount",0.491,-0.015,0.448,-0.202,0.282,0.000,68,W,0,,,,453163,322.18,0
157,373.674,"Mount",0.106,0.094,0.054,-0.132,0.000,0.000,0,,0,,,,432149,341.31,0
158,376.003,"Mount",0.115,0.106,0.057,-0.146,0.000,0.000,0,,0,,,,425092,319.29,0
159,378.263,"Mount",-0.154,0.034,-0.153,0.037,-0.096,0.000,23,E,0,,,,432282,337.01,0
160,380.588,"Mount",0.139,0.167,0.052,-0.211,0.000,0.000,0,,0,,,,431864,312.84,0
161,382.809,"Mount",-0.053,0.121,-0.100,-0.086,0.000,0.000,0,,0,,,,433073,336.54,0
162,385.202,"Mount",0.050,-0.101,0.089,0.069,0.000,0.000,0,,0,,,,435203,359.84,0
163,387.398,"Mount",0.060,0.103,0.008,-0.119,0.000,0.000,0,,0,,,,421084,348.79,0
164,389.775,"Mount",0.102,0.076,0.059,-0.113,0.000,0.000,0,,0,,,,444053,332.00,0
165,392.074,"Mount",-0.071,-0.132,-0.006,0.150,0.000,0.000,0,,0,,,,453600,315.34,0
166,394.577,"Mount",0.243,-0.229,0.319,0.099,0.201,0.000,49,W,0,,,,450372,324.67,0
167,396.891,"Mount",0.174,0.223,0.058,-0.276,0.000,0.000,0,,0,,,,433360,328.95,0
168,399.783,"Mount",0.105,0.175,0.017,-0.203,0.000,-0.203,0,,463,N,,,437467,333.11,0
169,402.068,"Mount",-0.078,0.197,-0.156,-0.143,-0.099,0.000,24,E,0,,,,432152,337.62,0
170,404.615,"Mount",-0.696,0.337,-0.773,0.003,-0.494,0.000,119,E,0,,,,445087,346.00,0
171,407.038,"Mount",-0.114,0.088,-0.141,-0.029,-0.123,0.000,30,E,0,,,,451486,364.54,0
172,409.442,"Mount",-0.038,-0.161,0.037,0.161,0.000,0.000,0,,0,,,,470098,352.44,0
173,411.959,"Mount",0.567,-0.480,0.720,0.183,0.454,0.000,110,W,0,,,,466156,344.12,0
174,414.463,"Mount",0.263,-0.129,0.293,0.000,0.216,0.000,52,W,0,,,,440381,320.96,0
175,416.731,"Mount",0.206,-0.000,0.185,-0.090,0.132,0.000,32,W,0,,,,451117,311.20,0
176,419.128,"Mount",-0.094,-0.402,0.092,0.402,0.000,0.000,0,,0,,,,462698,336.01,0
177,421.345,"Mount",-0.003,-0.264,0.113,0.238,0.000,0.000,0,,0,,,,467742,344.27,0
178,424.255,"Mount",0.062,-0.267,0.173,0.213,0.109,0.213,26,W,465,S,,,453440,336.09,0
179,426.519,"Mount",0.073,-0.211,0.158,0.158,0.107,0.000,26,W,0,,,,457552,325.54,0
180,429.071,"Mount",-0.136,0.125,-0.177,-0.053,-0.104,0.000,25,E,0,,,,430782,329.73,0
181,431.343,"Mount",-0.294,0.047,-0.285,0.086,-0.187,0.000,45,E,0,,,,460117,351.31,0
182,433.806,"Mount",0.120,0.082,0.072,-0.126,0.000,0.000,0,,0,,,,441299,347.46,0
183,435.968,"Mount",-0.012,-0.020,-0.002,0.024,0.000,0.000,0,,0,,,,443204,304.84,0
184,438.360,"Mount",0.034,0.096,-0.012,-0.101,0.000,0.000,0,,0,,,,437056,294.75,0
185,440.538,"Mount",0.064,0.030,0.044,-0.055,0.000,0.000,0,,0,,,,444617,324.58,0
186,442.968,"Mount",-0.082,0.056,-0.098,-0.015,0.000,0.000,0,,0,,,,432728,328.74,0
187,445.296,"Mount",0.028,0.054,0.001,-0.061,0.000,0.000,0,,0,,,,436989,330.54,0
188,447.687,"Mount",-0.166,-0.023,-0.139,0.094,-0.088,0.000,21,E,0,,,,465422,330.24,0
189,449.853,"Mount",-0.119,0.033,-0.122,0.023,0.000,0.000,0,,0,,,,446832,336.27,0
190,452.209,"Mount",0.004,0.009,-0.000,-0.010,0.000,0.000,0,,0,,,,434338,308.56,0
191,454.533,"Mount",-0.113,-0.077,-0.068,0.119,0.000,0.000,0,,0,,,,443110,339.28,0
192,456.999,"Mount",-0.147,-0.158,-0.063,0.207,0.000,0.207,0,,43,S,,,443702,335.76,0
193,459.379,"Mount",-0.100,-0.179,-0.012,0.205,0.000,0.205,0,,43,S,,,440536,329.98,0
194,461.823,"Mount",0.305,-0.241,0.380,0.082,0.239,0.000,58,W,0,,,,433404,335.11,0
195,464.042,"Mount",-0.010,-0.102,0.036,0.096,0.000,0.000,0,,0,,,,439180,325.07,0
196,466.404,"Mount",-0.098,-0.086,-0.050,0.120,0.000,0.000,0,,0,,,,434958,343.19,0
197,468.679,"Mount",-0.237,-0.085,-0.175,0.180,-0.110,0.000,27,E,0,,,,446744,329.39,0
198,471.168,"Mount",0.069,-0.136,0.121,0.092,0.000,0.000,0,,0,,,,444176,308.82,0
199,473.487,"Mount",-0.024,-0.234,0.081,0.221,0.000,0.221,0,,46,S,,,434611,304.17,0
200,475.959,"Mount",0.274,-0.296,0.376,0.146,0.237,0.000,57,W,0,,,,432390,323.35,0
201,478.303,"Mount",0.237,-0.272,0.333,0.140,0.226,0.000,55,W,0,,,,465768,326.18,0
202,480.752,"Mount",-0.344,0.062,-0.337,0.095,-0.196,0.000,47,E,0,,,,448597,340.61,0
203,483.021,"Mount",0.013,-0.041,0.030,0.031,0.000,0.000,0,,0,,,,444935,309.72,0
204,485.425,"Mount",0.022,-0.201,0.108,0.171,0.000,0.000,0,,0,,,,428675,330.74,0
205,487.632,"Mount",-0.038,-0.144,0.029,0.147,0.000,0.000,0,,0,,,,446350,356.22,0
206,489.982,"Mount",-0.066,-0.179,0.019,0.190,0.000,0.000,0,,0,,,,441431,324.65,0
207,492.177,"Mount",-0.102,-0.122,-0.039,0.154,0.000,0.000,0,,0,,,,446569,367.30,0
208,494.513,"Mount",0.028,-0.133,0.084,0.107,0.000,0.000,0,,0,,,,438110,344.66,0
209,496.839,"Mount",-0.034,-0.228,0.070,0.219,0.000,0.219,0,,46,S,,,451168,308.24,0
210,499.303,"Mount",0.487,-0.274,0.557,0.033,0.351,0.000,85,W,0,,,,466560,308.86,0
211,501.616,"Mount",0.586,-0.377,0.692,0.081,0.460,0.000,111,W,0,,,,476865,342.68,0
212,503.979,"Mount",0.055,-0.110,0.098,0.075,0.000,0.000,0,,0,,,,440633,344.27,0
213,506.328,"Mount",0.196,-0.280,0.300,0.166,0.189,0.000,46,W,0,,,,446967,342.61,0
214,508.721,"Mount",0.019,-0.051,0.039,0.037,0.000,0.000,0,,0,,,,424717,335.13,0
215,511.015,"Mount",0.125,-0.200,0.200,0.125,0.126,0.000,30,W,0,,,,436113,359.14,0
216,513.423,"Mount",-0.158,-0.146,-0.078,0.201,0.000,0.201,0,,42,S,,,431714,322.90,0
217,515.641,"Mount",0.069,-0.092,0.102,0.052,0.000,0.000,0,,0,,,,443801,349.33,0
218,517.972,"Mount",0.041,0.017,0.030,-0.033,0.000,0.000,0,,0,,,,447881,317.64,0
219,520.281,"Mount",0.274,-0.100,0.290,-0.030,0.183,0.000,44,W,0,,,,443789,308.07,0
220,522.750,"Mount",0.235,-0.060,0.238,-0.049,0.163,0.000,39,W,0,,,,433957,336.39,0
221,525.135,"Mount",0.351,-0.235,0.419,0.057,0.275,0.000,66,W,0,,,,431075,293.57,0
222,527.475,"Mount",-0.015,-0.210,0.079,0.196,0.000,0.000,0,,0,,,,448683,368.48,0
223,529.772,"Mount",-0.019,-0.079,0.018,0.080,0.000,0.000,0,,0,,,,435087,325.99,0
224,532.232,"Mount",0.328,-0.092,0.335,-0.061,0.211,0.000,51,W,0,,,,443522,342.02,0
225,534.551,"Mount",0.352,-0.273,0.436,0.091,0.289,0.000,70,W,0,,,,471474,365.70,0
226,536.950,"Mount",0.025,-0.044,0.042,0.028,0.000,0.000,0,,0,,,,438775,318.44,0
227,539.166,"Mount",0.044,0.020,0.030,-0.038,0.000,0.000,0,,0,,,,450108,323.57,0
228,541.529,"Mount",0.124,0.037,0.095,-0.088,0.000,0.000,0,,0,,,,435461,328.10,0
229,543.745,"Mount",0.126,0.037,0.097,-0.089,0.000,0.000,0,,0,,,,443937,318.56,0
230,546.104,"Mount",-0.083,-0.015,-0.068,0.050,0.000,0.000,0,,0,,,,438613,366.30,0
231,548.289,"Mount",-0.035,-0.102,0.013,0.107,0.000,0.000,0,,0,,,,456577,343.58,0
232,550.662,"Mount",-0.144,-0.115,-0.079,0.167,0.000,0.000,0,,0,,,,437753,330.74,0
233,552.999,"Mount",-0.517,0.111,-0.513,0.127,-0.323,0.000,78,E,0,,,,461759,332.40,0
234,555.465,"Mount",-0.444,0.137,-0.459,0.072,-0.312,0.000,75,E,0,,,,457803,338.18,0
235,557.783,"Mount",-0.365,0.097,-0.371,0.073,-0.256,0.000,62,E,0,,,,442610,334.95,0
236,560.114,"Mount",-0.050,-0.106,0.002,0.117,0.000,0.000,0,,0,,,,442440,341.06,0
237,562.472,"Mount",0.168,-0.165,0.223,0.075,0.141,0.000,34,W,0,,,,429657,351.31,0
238,564.884,"Mount",0.045,-0.098,0.083,0.068,0.000,0.000,0,,0,,,,435397,325.24,0
239,567.099,"Mount",0.047,-0.046,0.062,0.021,0.000,0.000,0,,0,,,,445899,346.60,0
240,569.495,"Mount",-0.299,0.002,-0.269,0.129,-0.170,0.000,41,E,0,,,,449731,318.05,0
241,571.831,"Mount",-0.550,0.080,-0.530,0.170,-0.346,0.000,83,E,0,,,,461088,338.41,0
242,574.175,"Mount",-0.071,-0.003,-0.063,0.034,0.000,0.000,0,,0,,,,443604,340.43,0
243,576.495,"Mount",-0.719,0.244,-0.753,0.096,-0.475,0.000,115,E,0,,,,426939,317.88,0
244,578.982,"Mount",-0.076,0.002,-0.070,0.031,0.000,0.000,0,,0,,,,436384,329.66,0
245,581.343,"Mount",-0.722,0.205,-0.739,0.132,-0.465,0.000,112,E,0,,,,453303,329.11,0
246,583.715,"Mount",-0.008,-0.097,0.035,0.091,0.000,0.000,0,,0,,,,448370,305.90,0
247,585.991,"Mount",-0.325,-0.054,-0.268,0.191,-0.169,0.000,41,E,0,,,,454947,369.89,0
248,588.546,"Mount",-0.229,-0.140,-0.144,0.226,-0.103,0.226,25,E,47,S,,,457096,363.54,0
249,590.857,"Mount",-0.293,0.116,-0.315,0.024,-0.205,0.000,50,E,0,,,,458940,341.62,0
250,593.241,"Mount",-0.015,0.049,-0.035,-0.037,0.000,0.000,0,,0,,,,434285,344.32,0
251,595.595,"Mount",-0.225,0.223,-0.300,-0.102,-0.189,0.000,46,E,0,,,,450930,332.93,0
252,598.015,"Mount",-0.212,0.144,-0.254,-0.037,-0.173,0.000,42,E,0,,,,452012,323.22,0
253,600.276,"Mount",-0.094,0.045,-0.104,0.001,0.000,0.000,0,,0,,,,441714,325.76,0
254,602.627,"Mount",-0.084,-0.064,-0.048,0.095,0.000,0.000,0,,0,,,,436616,325.97,0
255,604.951,"Mount",-0.236,0.034,-0.227,0.073,-0.143,0.000,35,E,0,,,,445833,336.89,0
256,607.293,"Mount",-0.067,-0.019,-0.052,0.046,0.000,0.000,0,,0,,,,445596,327.61,0
257,609.592,"Mount",-0.368,0.127,-0.386,0.048,-0.243,0.000,59,E,0,,,,447575,337.92,0
258,611.916,"Mount",-0.108,0.017,-0.105,0.032,0.000,0.000,0,,0,,,,446024,350.31,0
259,614.199,"Mount",-0.331,0.209,-0.390,-0.043,-0.246,0.000,59,E,0,,,,456602,346.66,0
260,616.684,"Mount",-0.277,0.181,-0.328,-0.041,-0.224,0.000,54,E,0,,,,444851,319.95,0
261,619.124,"Mount",-0.235,0.066,-0.240,0.044,-0.167,0.000,40,E,0,,,,454937,380.53,0
262,621.475,"Mount",-0.018,-0.003,-0.014,0.011,0.000,0.000,0,,0,,,,463525,342.47,0
263,623.695,"Mount",0.118,-0.199,0.193,0.128,0.122,0.000,29,W,0,,,,452553,338.83,0
264,626.039,"Mount",-0.044,-0.153,0.028,0.157,0.000,0.000,0,,0,,,,449956,342.09,0
265,628.335,"Mount",0.037,-0.257,0.146,0.215,0.092,0.215,22,W,45,S,,,457930,354.96,0
266,630.794,"Mount",-0.207,0.071,-0.218,0.027,-0.131,0.000,32,E,0,,,,447526,335.86,0
267,633.135,"Mount",-0.190,0.147,-0.236,-0.049,-0.158,0.000,38,E,0,,,,454012,313.25,0
268,635.472,"Mount",-0.070,0.084,-0.099,-0.045,0.000,0.000,0,,0,,,,461390,361.82,0
269,637.783,"Mount",-0.383,0.266,-0.461,-0.071,-0.290,0.000,70,E,0,,,,457402,382.97,0
270,640.266,"Mount",-0.192,0.234,-0.275,-0.126,-0.193,0.000,47,E,0,,,,460519,332.04,0
271,642.616,"Mount",-0.158,0.259,-0.256,-0.163,-0.175,0.000,42,E,0,,,,445457,326.17,0
272,645.001,"Mount",0.037,-0.035,0.049,0.015,0.000,0.000,0,,0,,,,446565,339.18,0
273,647.343,"Mount",0.457,-0.178,0.489,-0.041,0.308,0.000,74,W,0,,,,457485,357.49,0
274,649.857,"Mount",0.196,-0.302,0.309,0.185,0.216,0.000,52,W,0,,,,451748,334.56,0
INFO: SET LOCK POSITION, new lock pos = 675.000, 883.087
INFO: DITHER by 0.850, -0.201, new lock pos = 675.852, 882.895
INFO: SETTLING STATE CHANGE, Settling started
275,653.232,"Mount",-0.852,0.192,-0.850,0.201,-0.850,0.201,205,E,42,S,,,462510,360.98,0
276,656.053,"Mount",0.402,0.159,0.291,-0.319,0.184,0.000,44,W,0,,,,455964,323.60,0
277,658.270,"Mount",0.223,0.218,0.105,-0.294,0.000,0.000,0,,0,,,,441158,324.78,0
278,661.405,"Mount",-0.129,0.536,-0.351,-0.425,-0.221,-0.425,53,E,509,N,,,446878,365.08,0
INFO: SETTLING STATE CHANGE, Settling complete
279,663.767,"Mount",-0.057,0.357,-0.208,-0.296,-0.146,-0.296,35,E,62,N,,,444971,313.65,0
280,666.240,"Mount",0.136,0.020,0.114,-0.078,0.000,0.000,0,,0,,,,438465,305.88,0
281,668.606,"Mount",-0.034,-0.104,0.015,0.109,0.000,0.000,0,,0,,,,444271,336.63,0
282,671.114,"Mount",0.197,-0.124,0.231,0.025,0.146,0.000,35,W,0,,,,469491,347.43,0
283,673.480,"Mount",-0.091,-0.088,-0.043,0.119,0.000,0.000,0,,0,,,,451777,351.32,0
284,676.191,"Mount",-0.148,0.082,-0.169,-0.009,-0.106,0.000,26,E,0,,,,469053,357.90,0
285,678.487,"Mount",-0.156,0.017,-0.148,0.054,-0.100,0.000,24,E,0,,,,464155,338.70,0
286,680.985,"Mount",0.060,-0.047,0.074,0.016,0.000,0.000,0,,0,,,,445677,340.83,0
287,683.416,"Mount",-0.084,-0.048,-0.054,0.080,0.000,0.000,0,,0,,,,468058,343.19,0
288,685.873,"Mount",0.100,-0.012,0.095,-0.034,0.000,0.000,0,,0,,,,454860,325.61,0
289,688.290,"Mount",-0.059,-0.098,-0.010,0.114,0.000,0.000,0,,0,,,,440807,327.00,0
290,690.927,"Mount",0.535,-0.430,0.670,0.152,0.422,0.000,102,W,0,,,,458218,315.31,0
291,693.452,"Mount",0.273,-0.245,0.353,0.100,0.252,0.000,61,W,0,,,,490023,351.67,0
292,695.985,"Mount",-0.401,0.014,-0.367,0.164,-0.213,0.000,52,E,0,,,,445633,322.30,0
293,698.363,"Mount",-0.012,-0.186,0.071,0.172,0.000,0.000,0,,0,,,,471751,384.60,0
294,701.064,"Mount",-0.578,0.155,-0.587,0.115,-0.370,0.000,89,E,0,,,,441528,354.82,0
295,703.600,"Mount",-0.403,-0.040,-0.345,0.213,-0.243,0.000,59,E,0,,,,459102,355.66,0
296,706.032,"Mount",-0.109,-0.145,-0.034,0.178,0.000,0.000,0,,0,,,,468810,380.59,0
297,708.395,"Mount",-0.035,-0.302,0.101,0.287,0.000,0.000,0,,0,,,,458877,357.27,0
298,711.100,"Mount",0.331,-0.379,0.463,0.195,0.292,0.000,71,W,0,,,,467814,365.37,0
299,714.255,"Mount",0.353,-0.485,0.530,0.281,0.354,0.281,86,W,479,S,,,455038,362.26,0
300,717.203,"Mount",0.036,-0.259,0.146,0.217,0.117,0.217,28,W,46,S,,,450509,342.08,0
301,719.524,"Mount",-0.096,0.081,-0.122,-0.031,0.000,0.000,0,,0,,,,454985,349.88,0
302,722.128,"Mount",-0.186,0.255,-0.279,-0.148,-0.176,0.000,42,E,0,,,,453701,370.58,0
303,724.895,"Mount",-0.109,0.138,-0.158,-0.076,-0.112,0.000,27,E,0,,,,441997,326.02,0
304,727.426,"Mount",0.068,0.027,0.049,-0.055,0.000,0.000,0,,0,,,,441342,365.70,0
305,729.801,"Mount",0.137,0.055,0.099,-0.109,0.000,0.000,0,,0,,,,450981,349.12,0
306,732.270,"Mount",-0.010,0.153,-0.077,-0.133,0.000,0.000,0,,0,,,,455209,341.08,0
307,734.541,"Mount",-0.038,-0.111,0.015,0.117,0.000,0.000,0,,0,,,,452824,338.59,0
308,737.041,"Mount",-0.002,0.146,-0.066,-0.130,0.000,0.000,0,,0,,,,453639,327.47,0
309,739.584,"Mount",0.070,-0.032,0.077,-0.002,0.000,0.000,0,,0,,,,444029,359.33,0
310,742.120,"Mount",-0.384,0.168,-0.419,0.017,-0.264,0.000,64,E,0,,,,436806,320.25,0
311,744.559,"Mount",-0.023,0.024,-0.031,-0.012,0.000,0.000,0,,0,,,,447160,328.57,0
312,746.987,"Mount",-0.028,0.053,-0.048,-0.036,0.000,0.000,0,,0,,,,455633,321.73,0
313,749.269,"Mount",-0.095,-0.020,-0.077,0.059,0.000,0.000,0,,0,,,,455154,331.49,0
314,751.707,"Mount",-0.085,-0.036,-0.060,0.070,0.000,0.000,0,,0,,,,458458,341.58,0
315,754.140,"Mount",-0.096,-0.086,-0.048,0.120,0.000,0.000,0,,0,,,,466939,349.25,0
316,756.664,"Mount",0.017,-0.118,0.067,0.099,0.000,0.000,0,,0,,,,450002,336.70,0
317,759.024,"Mount",-0.112,0.021,-0.110,0.031,0.000,0.000,0,,0,,,,441874,321.98,0
318,761.390,"Mount",-0.094,-0.078,-0.050,0.111,0.000,0.000,0,,0,,,,450682,322.26,0
319,763.812,"Mount",-0.066,0.012,-0.065,0.018,0.000,0.000,0,,0,,,,452288,343.55,0
320,766.357,"Mount",-0.099,0.060,-0.116,-0.011,0.000,0.000,0,,0,,,,442824,331.73,0
321,768.934,"Mount",-0.172,0.155,-0.222,-0.064,-0.140,0.000,34,E,0,,,,457081,361.49,0
322,771.407,"Mount",0.334,-0.218,0.395,0.050,0.239,0.000,58,W,0,,,,458801,333.34,0
323,773.905,"Mount",0.188,-0.346,0.321,0.228,0.219,0.228,53,W,48,S,,,452117,318.99,0
324,776.497,"Mount",0.193,-0.282,0.297,0.168,0.203,0.000,49,W,0,,,,469994,365.62,0
325,779.096,"Mount",0.144,-0.255,0.241,0.166,0.166,0.000,40,W,0,,,,472238,319.82,0
326,781.623,"Mount",-0.501,0.203,-0.539,0.037,-0.328,0.000,79,E,0,,,,456753,313.51,0
327,783.979,"Mount",-0.090,-0.062,-0.054,0.095,0.000,0.000,0,,0,,,,467764,342.04,0
328,786.539,"Mount",-0.147,-0.081,-0.097,0.137,0.000,0.000,0,,0,,,,470958,344.68,0
329,788.968,"Mount",-0.184,-0.124,-0.111,0.192,0.000,0.000,0,,0,,,,467633,346.43,0
330,791.634,"Mount",-0.220,-0.017,-0.190,0.112,-0.120,0.000,29,E,0,,,,460516,328.20,0
331,793.999,"Mount",0.003,-0.268,0.120,0.239,0.000,0.239,0,,50,S,,,461772,315.73,0
332,796.785,"Mount",0.718,-0.403,0.822,0.047,0.518,0.000,125,W,0,,,,463178,357.58,0
333,799.583,"Mount",0.770,-0.249,0.801,-0.115,0.541,0.000,131,W,0,,,,465807,318.04,0
334,802.057,"Mount",0.025,-0.064,0.051,0.047,0.000,0.000,0,,0,,,,436304,302.69,0
335,804.384,"Mount",0.104,0.046,0.074,-0.087,0.000,0.000,0,,0,,,,441436,313.97,0
336,807.009,"Mount",0.142,-0.117,0.178,0.043,0.112,0.000,27,W,0,,,,461659,334.66,0
337,809.407,"Mount",-0.137,0.102,-0.168,-0.032,-0.098,0.000,24,E,0,,,,455638,337.74,0
338,811.940,"Mount",0.003,0.013,-0.003,-0.013,0.000,0.000,0,,0,,,,430103,293.73,0
339,814.353,"Mount",-0.070,0.071,-0.094,-0.033,0.000,0.000,0,,0,,,,434893,332.55,0
340,816.855,"Mount",0.079,-0.045,0.091,0.005,0.000,0.000,0,,0,,,,426217,294.44,0
341,819.400,"Mount",0.362,-0.255,0.437,0.070,0.275,0.000,66,W,0,,,,467038,345.72,0
342,821.865,"Mount",0.177,-0.183,0.239,0.087,0.170,0.000,41,W,0,,,,446904,338.04,0
343,824.328,"Mount",0.161,-0.162,0.215,0.075,0.148,0.000,36,W,0,,,,441269,336.15,0
344,826.732,"Mount",0.122,-0.015,0.116,-0.040,0.000,0.000,0,,0,,,,425942,295.27,0
345,829.385,"Mount",0.106,-0.130,0.152,0.071,0.096,0.000,23,W,0,,,,452956,360.59,0
346,831.755,"Mount",-0.042,-0.079,-0.004,0.089,0.000,0.000,0,,0,,,,463082,357.35,0
347,834.216,"Mount",0.085,-0.186,0.158,0.130,0.099,0.000,24,W,0,,,,446561,319.22,0
348,836.751,"Mount",0.039,0.012,0.030,-0.028,0.000,0.000,0,,0,,,,437687,345.47,0
349,839.367,"Mount",0.293,-0.202,0.352,0.053,0.222,0.000,54,W,0,,,,469536,381.83,0
350,841.908,"Mount",0.085,-0.092,0.117,0.045,0.000,0.000,0,,0,,,,445596,324.56,0
351,844.250,"Mount",-0.044,-0.083,-0.003,0.093,0.000,0.000,0,,0,,,,461093,354.13,0
352,846.686,"Mount",0.037,-0.088,0.072,0.063,0.000,0.000,0,,0,,,,447060,347.30,0
353,849.248,"Mount",-0.144,0.167,-0.202,-0.087,-0.128,0.000,31,E,0,,,,439565,323.54,0
354,851.654,"Mount",0.047,-0.006,0.045,-0.015,0.000,0.000,0,,0,,,,452003,336.46,0
355,854.159,"Mount",-0.379,0.123,-0.395,0.056,-0.249,0.000,60,E,0,,,,442359,307.34,0
356,856.785,"Mount",0.150,-0.136,0.195,0.057,0.105,0.000,25,W,0,,,,454461,339.26,0
357,859.243,"Mount",0.073,-0.111,0.114,0.068,0.000,0.000,0,,0,,,,444289,326.59,0
358,861.896,"Mount",0.302,-0.221,0.369,0.066,0.232,0.000,56,W,0,,,,457808,332.94,0
359,864.382,"Mount",-0.074,-0.242,0.039,0.250,0.000,0.250,0,,53,S,,,458208,345.90,0
360,866.995,"Mount",0.194,-0.057,0.199,-0.034,0.125,0.000,30,W,0,,,,446714,327.03,0
361,869.422,"Mount",0.082,0.072,0.042,-0.101,0.000,0.000,0,,0,,,,436774,313.28,0
362,872.128,"Mount",-0.345,0.208,-0.401,-0.035,-0.253,0.000,61,E,0,,,,450452,312.32,0
363,874.563,"Mount",-0.222,0.192,-0.284,-0.075,-0.197,0.000,47,E,0,,,,450463,314.35,0
364,877.159,"Mount",-0.262,0.310,-0.371,-0.164,-0.248,0.000,60,E,0,,,,437429,349.19,0
365,879.578,"Mount",-0.089,0.107,-0.127,-0.057,0.000,0.000,0,,0,,,,440476,322.14,0
366,882.440,"Mount",-0.107,0.185,-0.178,-0.119,-0.112,0.000,27,E,0,,,,446369,321.37,0
367,884.892,"Mount",0.028,-0.038,0.041,0.022,0.000,0.000,0,,0,,,,456259,346.21,0
368,887.395,"Mount",-0.015,0.168,-0.088,-0.145,0.000,0.000,0,,0,,,,445496,340.36,0
369,889.937,"Mount",-0.265,0.245,-0.346,-0.104,-0.218,0.000,53,E,0,,,,451057,337.24,0
370,892.840,"Mount",-0.336,0.012,-0.307,0.137,-0.209,0.000,50,E,0,,,,453110,339.20,0
371,895.207,"Mount",-0.081,-0.008,-0.069,0.043,0.000,0.000,0,,0,,,,455724,354.15,0
372,897.644,"Mount",-0.049,-0.056,-0.019,0.072,0.000,0.000,0,,0,,,,456768,328.03,0
373,899.979,"Mount",-0.044,0.046,-0.060,-0.022,0.000,0.000,0,,0,,,,441852,343.18,0
374,902.543,"Mount",0.043,-0.216,0.134,0.175,0.084,0.000,20,W,0,,,,458770,337.07,0
375,905.110,"Mount",0.080,-0.202,0.161,0.146,0.107,0.000,26,W,0,,,,454232,311.13,0
376,907.703,"Mount",-0.544,0.021,-0.498,0.219,-0.306,0.219,74,E,46,S,,,449805,378.88,0
377,910.268,"Mount",-0.467,0.018,-0.428,0.189,-0.291,0.000,70,E,0,,,,455115,342.88,0
378,912.833,"Mount",-0.183,0.085,-0.202,0.004,-0.148,0.000,36,E,0,,,,468080,351.18,0
379,915.328,"Mount",-0.313,0.162,-0.352,-0.008,-0.232,0.000,56,E,0,,,,443912,320.47,0
380,917.871,"Mount",-0.498,0.295,-0.577,-0.046,-0.380,0.000,92,E,0,,,,443676,349.90,0
381,920.429,"Mount",-0.146,0.063,-0.159,0.007,-0.127,0.000,31,E,0,,,,464456,353.01,0
382,923.057,"Mount",-0.039,-0.205,0.055,0.202,0.000,0.202,0,,42,S,,,454912,369.24,0
383,925.724,"Mount",0.297,-0.260,0.381,0.103,0.240,0.000,58,W,0,,,,474517,350.08,0
384,928.228,"Mount",0.153,-0.182,0.217,0.096,0.154,0.000,37,W,0,,,,458280,368.01,0
385,930.649,"Mount",-0.017,0.186,-0.097,-0.159,0.000,0.000,0,,0,,,,455054,340.53,0
386,933.328,"Mount",-0.194,0.386,-0.344,-0.261,-0.217,0.000,52,E,0,,,,458492,330.82,0
387,936.161,"Mount",-0.189,0.299,-0.301,-0.186,-0.205,0.000,49,E,0,,,,447614,336.08,0
388,938.837,"Mount",-0.117,0.353,-0.260,-0.266,-0.178,0.000,43,E,0,,,,444065,311.58,0
389,941.226,"Mount",-0.074,0.139,-0.127,-0.093,0.000,0.000,0,,0,,,,448351,314.93,0
390,943.972,"Mount",0.395,-0.171,0.429,-0.020,0.271,0.000,65,W,0,,,,466330,346.86,0
391,946.577,"Mount",0.404,-0.130,0.420,-0.061,0.283,0.000,68,W,0,,,,464762,317.33,0
392,949.160,"Mount",0.178,0.072,0.128,-0.143,0.000,0.000,0,,0,,,,455651,338.36,0
393,952.245,"Mount",0.749,-0.057,0.698,-0.277,0.440,-0.277,106,W,478,N,,,458951,350.00,0
394,954.983,"Mount",-0.294,0.288,-0.391,-0.130,-0.215,0.000,52,E,0,,,,451071,341.22,0
395,957.310,"Mount",-0.057,-0.057,-0.026,0.076,0.000,0.000,0,,0,,,,446421,328.85,0
396,959.792,"Mount",0.136,-0.189,0.205,0.110,0.129,0.000,31,W,0,,,,458172,353.17,0
397,962.160,"Mount",-0.056,-0.223,0.047,0.225,0.000,0.000,0,,0,,,,446322,334.31,0
398,964.624,"Mount",0.099,-0.278,0.211,0.206,0.133,0.000,32,W,0,,,,463156,352.24,0
399,967.008,"Mount",0.048,-0.178,0.122,0.139,0.000,0.000,0,,0,,,,467497,329.84,0
400,969.615,"Mount",0.183,-0.072,0.196,-0.016,0.124,0.000,30,W,0,,,,460728,335.25,0
401,972.112,"Mount",0.058,-0.220,0.149,0.172,0.102,0.000,25,W,0,,,,461433,324.48,0
402,974.770,"Mount",-0.485,0.144,-0.499,0.083,-0.307,0.000,74,E,0,,,,448447,351.56,0
403,977.259,"Mount",-0.389,0.059,-0.376,0.117,-0.258,0.000,62,E,0,,,,455422,340.79,0
404,979.837,"Mount",-0.128,-0.111,-0.066,0.156,0.000,0.000,0,,0,,,,474400,356.89,0
405,982.086,"Mount",-0.078,-0.127,-0.015,0.148,0.000,0.000,0,,0,,,,454395,300.83,0
406,984.624,"Mount",0.098,-0.287,0.214,0.215,0.135,0.000,33,W,0,,,,462331,310.32,0
407,986.983,"Mount",0.007,-0.189,0.089,0.167,0.000,0.000,0,,0,,,,457717,329.14,0
408,989.592,"Mount",0.066,-0.326,0.203,0.264,0.128,0.000,31,W,0,,,,463341,369.40,0
409,992.038,"Mount",0.178,-0.298,0.291,0.190,0.192,0.000,46,W,0,,,,463984,344.41,0
410,994.480,"Mount",-0.134,0.039,-0.138,0.024,-0.073,0.000,18,E,0,,,,455986,327.28,0
411,997.044,"Mount",-0.044,-0.012,-0.034,0.030,0.000,0.000,0,,0,,,,440130,316.06,0
412,999.643,"Mount",-0.459,0.183,-0.493,0.037,-0.311,0.000,75,E,0,,,,461226,327.68,0
413,1002.015,"Mount",-0.142,-0.082,-0.091,0.136,0.000,0.000,0,,0,,,,471833,351.70,0
414,1004.464,"Mount",-0.366,-0.148,-0.263,0.294,-0.166,0.000,40,E,0,,,,468395,351.05,0
415,1006.970,"Mount",0.100,-0.287,0.216,0.214,0.124,0.000,30,W,0,,,,463147,350.68,0
416,1010.064,"Mount",0.081,-0.265,0.189,0.202,0.128,0.202,31,W,462,S,,,464504,339.10,0
417,1012.679,"Mount",0.317,-0.116,0.335,-0.035,0.220,0.000,53,W,0,,,,478719,330.71,0
418,1015.344,"Mount",0.251,0.124,0.171,-0.221,0.123,0.000,30,W,0,,,,465074,335.42,0
419,1017.688,"Mount",-0.042,0.276,-0.159,-0.230,-0.091,0.000,22,E,0,,,,449355,333.49,0
420,1020.229,"Mount",0.130,0.283,-0.007,-0.312,0.000,0.000,0,,0,,,,439201,323.60,0
421,1022.777,"Mount",-0.188,0.345,-0.320,-0.227,-0.202,0.000,49,E,0,,,,435808,310.13,0
422,1025.203,"Mount",0.008,0.263,-0.108,-0.240,0.000,0.000,0,,0,,,,439430,353.07,0
423,1028.204,"Mount",0.063,0.305,-0.077,-0.302,0.000,-0.302,0,,483,N,,,461811,345.60,0
424,1031.116,"Mount",-0.302,0.374,-0.436,-0.204,-0.275,-0.204,66,E,43,N,,,468276,342.30,0
425,1033.486,"Mount",0.028,0.014,0.019,-0.024,0.000,0.000,0,,0,,,,452297,356.00,0
426,1036.038,"Mount",0.061,0.101,0.011,-0.117,0.000,0.000,0,,0,,,,449592,368.83,0
427,1038.331,"Mount",-0.016,0.145,-0.078,-0.123,0.000,0.000,0,,0,,,,438932,349.31,0
428,1040.987,"Mount",-0.272,0.213,-0.338,-0.072,-0.213,0.000,51,E,0,,,,464083,360.80,0
429,1043.428,"Mount",-0.101,0.154,-0.159,-0.094,-0.115,0.000,28,E,0,,,,450975,332.35,0
430,1045.995,"Mount",-0.095,0.087,-0.123,-0.037,0.000,0.000,0,,0,,,,449307,345.39,0
431,1048.428,"Mount",0.021,0.150,-0.047,-0.144,0.000,0.000,0,,0,,,,448257,357.79,0
432,1050.915,"Mount",-0.064,0.078,-0.092,-0.042,0.000,0.000,0,,0,,,,453846,349.07,0
433,1053.375,"Mount",-0.241,0.323,-0.358,-0.184,-0.226,0.000,55,E,0,,,,462856,335.24,0
434,1055.921,"Mount",0.044,-0.027,0.051,0.005,0.000,0.000,0,,0,,,,443318,321.74,0
435,1058.215,"Mount",0.023,0.059,-0.006,-0.063,0.000,0.000,0,,0,,,,436594,299.82,0
436,1060.700,"Mount",0.076,-0.070,0.099,0.029,0.000,0.000,0,,0,,,,447305,347.57,0
437,1063.063,"Mount",-0.068,0.026,-0.073,0.007,0.000,0.000,0,,0,,,,440987,342.97,0
438,1065.563,"Mount",-0.076,-0.011,-0.064,0.043,0.000,0.000,0,,0,,,,448139,313.01,0
439,1067.895,"Mount",-0.078,-0.014,-0.064,0.047,0.000,0.000,0,,0,,,,448644,348.15,0
440,1070.450,"Mount",0.088,-0.028,0.091,-0.013,0.000,0.000,0,,0,,,,455673,346.24,0
441,1072.836,"Mount",0.030,0.023,0.017,-0.034,0.000,0.000,0,,0,,,,454508,309.26,0
442,1075.434,"Mount",0.321,-0.205,0.378,0.044,0.238,0.000,58,W,0,,,,465552,340.36,0
443,1077.880,"Mount",0.147,-0.110,0.181,0.034,0.130,0.000,32,W,0,,,,456718,351.85,0
444,1080.462,"Mount",-0.339,0.373,-0.468,-0.186,-0.286,0.000,69,E,0,,,,456590,331.44,0
445,1082.903,"Mount",-0.140,0.132,-0.184,-0.057,-0.136,0.000,33,E,0,,,,441480,340.70,0
446,1085.387,"Mount",0.077,0.093,0.028,-0.118,0.000,0.000,0,,0,,,,427427,341.82,0
447,1087.815,"Mount",0.181,0.143,0.100,-0.208,0.000,-0.208,0,,44,N,,,449364,342.14,0
448,1090.365,"Mount",0.063,0.077,0.023,-0.097,0.000,0.000,0,,0,,,,454917,348.68,0
449,1092.894,"Mount",0.224,0.009,0.198,-0.106,0.125,0.000,30,W,0,,,,450149,344.20,0
450,1095.482,"Mount",0.241,-0.084,0.253,-0.031,0.168,0.000,41,W,0,,,,458047,362.09,0
451,1097.928,"Mount",0.420,-0.149,0.443,-0.051,0.291,0.000,70,W,0,,,,471813,352.89,0
452,1100.552,"Mount",0.454,-0.069,0.438,-0.137,0.296,0.000,72,W,0,,,,456005,325.67,0
453,1102.981,"Mount",0.156,0.048,0.119,-0.112,0.000,0.000,0,,0,,,,455476,317.22,0
454,1105.573,"Mount",0.290,-0.125,0.316,-0.015,0.199,0.000,48,W,0,,,,457361,310.25,0
455,1107.900,"Mount",-0.021,-0.007,-0.015,0.016,0.000,0.000,0,,0,,,,436649,343.81,0
456,1110.472,"Mount",0.194,-0.073,0.206,-0.020,0.130,0.000,31,W,0,,,,457282,345.17,0
457,1112.770,"Mount",-0.055,-0.078,-0.015,0.094,0.000,0.000,0,,0,,,,454974,338.82,0
458,1115.320,"Mount",0.104,-0.100,0.137,0.044,0.086,0.000,21,W,0,,,,452668,342.68,0
459,1117.832,"Mount",0.125,-0.152,0.179,0.082,0.119,0.000,29,W,0,,,,454799,332.44,0
460,1120.520,"Mount",0.275,-0.215,0.342,0.072,0.223,0.000,54,W,0,,,,470193,365.02,0
461,1123.057,"Mount",0.299,-0.257,0.381,0.100,0.256,0.000,62,W,0,,,,471951,377.10,0
462,1125.628,"Mount",0.017,-0.066,0.044,0.052,0.000,0.000,0,,0,,,,446244,350.29,0
463,1127.983,"Mount",0.084,-0.061,0.103,0.018,0.000,0.000,0,,0,,,,454276,394.06,0
464,1130.349,"Mount",0.059,-0.054,0.077,0.023,0.000,0.000,0,,0,,,,436664,311.19,0
465,1132.886,"Mount",0.505,-0.273,0.574,0.024,0.361,0.000,87,W,0,,,,478552,380.88,0
466,1135.472,"Mount",-0.083,0.150,-0.141,-0.098,-0.064,0.000,15,E,0,,,,449958,308.57,0
467,1137.752,"Mount",0.124,-0.029,0.124,-0.028,0.000,0.000,0,,0,,,,444549,338.39,0
468,1140.360,"Mount",0.077,-0.247,0.177,0.188,0.112,0.000,27,W,0,,,,462957,342.25,0
469,1142.694,"Mount",0.006,-0.204,0.095,0.180,0.000,0.000,0,,0,,,,456190,332.70,0
470,1145.222,"Mount",-0.009,-0.095,0.034,0.089,0.000,0.000,0,,0,,,,457978,342.54,0
471,1147.658,"Mount",-0.070,0.097,-0.105,-0.056,0.000,0.000,0,,0,,,,446040,311.90,0
472,1150.124,"Mount",-0.074,0.138,-0.127,-0.091,0.000,0.000,0,,0,,,,437777,343.83,0
473,1152.743,"Mount",-0.605,0.280,-0.666,0.014,-0.420,0.000,101,E,0,,,,453114,338.16,0
474,1155.174,"Mount",0.049,0.029,0.031,-0.047,0.000,0.000,0,,0,,,,439097,305.19,0
475,1157.561,"Mount",-0.341,0.178,-0.385,-0.010,-0.242,0.000,59,E,0,,,,457932,313.72,0
476,1160.187,"Mount",0.143,-0.299,0.259,0.206,0.146,0.000,35,W,0,,,,471381,358.43,0
477,1162.589,"Mount",-0.029,-0.144,0.038,0.142,0.000,0.000,0,,0,,,,462390,340.99,0
478,1165.243,"Mount",0.390,-0.216,0.445,0.023,0.280,0.000,68,W,0,,,,496723,359.74,0
479,1167.536,"Mount",-0.069,-0.204,0.028,0.214,0.000,0.000,0,,0,,,,469035,361.19,0
480,1169.923,"Mount",-0.049,-0.030,-0.031,0.048,0.000,0.000,0,,0,,,,467259,358.75,0
481,1172.104,"Mount",-0.045,-0.067,-0.011,0.080,0.000,0.000,0,,0,,,,459302,356.54,0
482,1174.737,"Mount",-0.358,0.041,-0.340,0.121,-0.214,0.000,52,E,0,,,,454928,318.99,0
483,1177.162,"Mount",-0.148,0.011,-0.138,0.055,-0.102,0.000,25,E,0,,,,476279,320.92,0
484,1179.576,"Mount",-0.185,0.125,-0.221,-0.031,-0.147,0.000,35,E,0,,,,463837,340.86,0
485,1181.778,"Mount",0.004,0.032,-0.010,-0.031,0.000,0.000,0,,0,,,,454049,349.43,0
486,1184.168,"Mount",-0.264,-0.039,-0.221,0.151,-0.139,0.000,34,E,0,,,,454260,307.59,0
487,1186.426,"Mount",-0.072,-0.204,0.024,0.215,0.000,0.000,0,,0,,,,470432,356.84,0
488,1188.801,"Mount",-0.163,-0.045,-0.127,0.112,0.000,0.000,0,,0,,,,463019,332.70,0
489,1191.128,"Mount",-0.238,-0.013,-0.208,0.117,-0.131,0.000,32,E,0,,,,465581,317.40,0
490,1193.452,"Mount",-0.206,-0.206,-0.094,0.275,0.000,0.000,0,,0,,,,490445,344.90,0
491,1196.399,"Mount",-0.125,-0.272,0.007,0.299,0.000,0.299,0,,483,S,,,486214,355.59,0
492,1198.792,"Mount",-0.039,-0.176,0.042,0.175,0.000,0.000,0,,0,,,,468761,324.28,0
493,1201.022,"Mount",-0.027,-0.142,0.038,0.139,0.000,0.000,0,,0,,,,467364,371.28,0
494,1203.584,"Mount",-0.392,-0.059,-0.327,0.225,-0.206,0.225,50,E,47,S,,,463673,369.60,0
495,1205.800,"Mount",-0.035,-0.154,0.036,0.154,0.000,0.000,0,,0,,,,457806,370.86,0
496,1208.208,"Mount",-0.287,-0.055,-0.233,0.175,-0.147,0.000,36,E,0,,,,463308,367.67,0
497,1210.601,"Mount",-0.017,-0.340,0.134,0.313,0.074,0.313,18,W,66,S,,,469069,355.58,0
498,1212.965,"Mount",-0.137,-0.107,-0.076,0.156,0.000,0.000,0,,0,,,,461044,340.45,0
499,1215.280,"Mount",-0.326,-0.039,-0.276,0.178,-0.174,0.000,42,E,0,,,,491170,347.17,0
500,1217.704,"Mount",-0.260,0.025,-0.245,0.092,-0.166,0.000,40,E,0,,,,467664,348.92,0
501,1219.968,"Mount",-0.175,0.048,-0.178,0.034,-0.124,0.000,30,E,0,,,,472359,316.85,0
502,1222.456,"Mount",-0.095,-0.190,-0.002,0.212,0.000,0.212,0,,45,S,,,461035,318.16,0
503,1224.763,"Mount",0.133,-0.239,0.224,0.157,0.141,0.000,34,W,0,,,,469102,339.15,0
504,1227.237,"Mount",0.019,-0.111,0.066,0.091,0.000,0.000,0,,0,,,,457111,342.80,0
505,1229.433,"Mount",-0.075,-0.119,-0.015,0.139,0.000,0.000,0,,0,,,,463889,340.22,0
506,1231.864,"Mount",-0.158,0.022,-0.151,0.050,-0.095,0.000,23,E,0,,,,461820,313.47,0
507,1234.098,"Mount",-0.031,-0.070,0.003,0.076,0.000,0.000,0,,0,,,,459185,326.76,0
508,1236.443,"Mount",-0.069,-0.002,-0.061,0.032,0.000,0.000,0,,0,,,,466306,373.89,0
509,1238.800,"Mount",-0.171,0.090,-0.193,-0.006,-0.121,0.000,29,E,0,,,,455978,325.70,0
510,1241.191,"Mount",-0.119,-0.140,-0.045,0.178,0.000,0.000,0,,0,,,,449884,345.17,0
511,1243.463,"Mount",-0.097,-0.155,-0.019,0.182,0.000,0.000,0,,0,,,,472215,336.75,0
512,1245.801,"Mount",0.031,-0.174,0.105,0.143,0.000,0.000,0,,0,,,,443118,333.58,0
513,1248.104,"Mount",-0.070,-0.229,0.038,0.236,0.000,0.236,0,,50,S,,,444925,351.06,0
514,1250.640,"Mount",0.467,-0.387,0.590,0.142,0.371,0.000,90,W,0,,,,461179,335.99,0
515,1252.926,"Mount",0.022,-0.110,0.068,0.090,0.000,0.000,0,,0,,,,464990,346.98,0
516,1255.424,"Mount",0.014,-0.164,0.085,0.142,0.000,0.000,0,,0,,,,457933,312.26,0
517,1257.596,"Mount",-0.109,-0.109,-0.050,0.146,0.000,0.000,0,,0,,,,456996,328.59,0
518,1260.119,"Mount",-0.047,-0.274,0.078,0.267,0.000,0.267,0,,56,S,,,448134,352.36,0
519,1262.329,"Mount",-0.098,0.091,-0.128,-0.039,0.000,0.000,0,,0,,,,419281,311.06,0
520,1264.734,"Mount",0.014,0.202,-0.076,-0.188,0.000,0.000,0,,0,,,,381143,308.70,0
521,1266.994,"Mount",-0.138,0.383,-0.292,-0.284,-0.184,0.000,44,E,0,,,,382094,300.12,0
522,1269.346,"Mount",0.017,0.028,0.003,-0.033,0.000,0.000,0,,0,,,,443430,333.41,0
INFO: SET LOCK POSITION, new lock pos = 675.852, 882.895
INFO: DITHER by -1.497, 3.960, new lock pos = 672.769, 879.994
INFO: SETTLING STATE CHANGE, Settling started
523,1273.747,"Mount",3.083,2.901,1.497,-3.960,1.497,-3.960,362,W,1288,N,,,437632,343.74,0
524,1277.040,"Mount",0.809,3.620,-0.862,-3.608,-0.543,-3.608,131,E,758,N,,,448940,332.70,0
525,1280.048,"Mount",0.866,3.211,-0.631,-3.265,-0.435,-3.265,105,E,686,N,,,449568,323.51,0
526,1282.816,"Mount",0.763,1.242,0.140,-1.451,0.058,-1.451,14,W,305,N,,,422880,327.86,0
527,1285.300,"Mount",0.108,0.829,-0.266,-0.793,-0.164,-0.793,40,E,166,N,,,435182,355.71,0
528,1287.653,"Mount",-0.049,-0.266,0.073,0.260,0.000,0.000,0,,0,,,,427703,341.15,0
529,1289.820,"Mount",-0.091,-0.288,0.045,0.298,0.000,0.000,0,,0,,,,431229,367.87,0
530,1292.218,"Mount",0.068,-0.415,0.243,0.343,0.153,0.000,37,W,0,,,,432321,326.68,0
531,1294.464,"Mount",-0.278,-0.224,-0.152,0.324,-0.085,0.000,20,E,0,,,,389588,325.17,0
532,1296.896,"Mount",-0.550,-0.115,-0.444,0.345,-0.286,0.000,69,E,0,,,,363583,308.62,0
533,1299.241,"Mount",-0.548,-0.099,-0.449,0.329,-0.303,0.000,73,E,0,,,,361569,296.59,0
INFO: SETTLING STATE CHANGE, Settling complete
534,1301.632,"Mount",-0.304,-0.234,-0.170,0.344,-0.128,0.000,31,E,0,,,,398834,344.47,0
535,1303.904,"Mount",-0.539,-0.107,-0.438,0.333,-0.285,0.000,69,E,0,,,,394181,320.30,0
536,1306.864,"Mount",-0.214,-0.372,-0.029,0.428,0.000,0.428,0,,547,S,,,430003,338.55,0
537,1309.288,"Mount",0.309,-0.323,0.420,0.154,0.264,0.000,64,W,0,,,,435988,349.37,0
538,1311.777,"Mount",0.469,-0.172,0.497,-0.051,0.331,0.000,80,W,0,,,,424778,334.37,0
539,1314.064,"Mount",0.370,-0.175,0.409,-0.005,0.281,0.000,68,W,0,,,,414704,331.48,0
540,1316.528,"Mount",-0.379,0.253,-0.451,-0.061,-0.265,0.000,64,E,0,,,,418462,323.37,0
541,1318.888,"Mount",-0.158,-0.006,-0.139,0.074,-0.106,0.000,26,E,0,,,,435101,325.68,0
542,1321.280,"Mount",-0.057,0.082,-0.088,-0.049,0.000,0.000,0,,0,,,,434128,351.89,0
543,1323.562,"Mount",-0.026,0.142,-0.086,-0.116,0.000,0.000,0,,0,,,,428714,318.73,0
544,1325.984,"Mount",-0.335,0.089,-0.340,0.067,-0.214,0.000,52,E,0,,,,439365,340.32,0
545,1328.192,"Mount",-0.082,0.021,-0.083,0.017,0.000,0.000,0,,0,,,,460122,334.62,0
546,1330.624,"Mount",-0.374,0.055,-0.360,0.115,-0.227,0.000,55,E,0,,,,441902,355.21,0
547,1332.872,"Mount",0.045,-0.213,0.134,0.171,0.068,0.000,17,W,0,,,,446265,327.54,0
548,1335.384,"Mount",-0.185,0.046,-0.186,0.040,-0.113,0.000,27,E,0,,,,458964,372.76,0
549,1337.588,"Mount",-0.035,-0.060,-0.005,0.070,0.000,0.000,0,,0,,,,439948,344.74,0
550,1339.967,"Mount",-0.038,0.143,-0.097,-0.112,0.000,0.000,0,,0,,,,446514,335.01,0
551,1342.200,"Mount",-0.184,0.028,-0.178,0.055,-0.112,0.000,27,E,0,,,,471344,376.21,0
552,1344.664,"Mount",-0.408,0.003,-0.368,0.176,-0.240,0.000,58,E,0,,,,441184,332.86,0
553,1346.852,"Mount",-0.160,-0.121,-0.091,0.179,0.000,0.000,0,,0,,,,436627,342.23,0
554,1349.272,"Mount",-0.043,-0.210,0.053,0.207,0.000,0.207,0,,44,S,,,452576,330.41,0
555,1351.650,"Mount",0.043,-0.227,0.138,0.185,0.087,0.000,21,W,0,,,,455795,342.45,0
556,1353.989,"Mount",-0.095,-0.148,-0.020,0.175,0.000,0.000,0,,0,,,,463121,336.85,0
557,1356.231,"Mount",-0.095,-0.140,-0.024,0.167,0.000,0.000,0,,0,,,,471071,338.88,0
558,1358.638,"Mount",-0.105,-0.131,-0.036,0.164,0.000,0.000,0,,0,,,,473471,369.87,0
559,1360.820,"Mount",-0.098,-0.126,-0.033,0.156,0.000,0.000,0,,0,,,,477780,358.21,0
560,1363.480,"Mount",-0.400,-0.128,-0.304,0.291,-0.191,0.291,46,E,61,S,,,457225,339.94,0
561,1365.784,"Mount",-0.091,-0.191,0.002,0.212,0.000,0.212,0,,44,S,,,470286,356.93,0
562,1368.192,"Mount",0.060,-0.214,0.148,0.167,0.093,0.000,22,W,0,,,,496453,368.29,0
563,1370.664,"Mount",0.136,-0.187,0.204,0.109,0.135,0.000,33,W,0,,,,473556,349.92,0
564,1373.262,"Mount",0.224,-0.491,0.417,0.343,0.272,0.343,66,W,72,S,,,449291,332.05,0
565,1375.704,"Mount",0.341,-0.177,0.385,0.010,0.261,0.000,63,W,0,,,,471436,357.26,0
566,1378.120,"Mount",-0.172,0.065,-0.183,0.017,-0.097,0.000,23,E,0,,,,452649,337.44,0
567,1380.400,"Mount",-0.275,0.038,-0.264,0.086,-0.173,0.000,42,E,0,,,,453304,353.94,0
568,1382.769,"Mount",0.006,-0.089,0.044,0.078,0.000,0.000,0,,0,,,,470329,336.35,0
569,1385.048,"Mount",-0.258,0.068,-0.261,0.052,-0.165,0.000,40,E,0,,,,460007,359.40,0
570,1387.456,"Mount",0.017,-0.174,0.091,0.149,0.000,0.000,0,,0,,,,476316,391.88,0
571,1389.675,"Mount",-0.034,-0.025,-0.019,0.037,0.000,0.000,0,,0,,,,468191,333.88,0
572,1392.112,"Mount",0.152,-0.196,0.223,0.110,0.140,0.000,34,W,0,,,,454521,366.44,0
573,1394.432,"Mount",0.333,-0.149,0.364,-0.012,0.239,0.000,58,W,0,,,,456218,319.36,0
574,1397.008,"Mount",0.415,-0.445,0.568,0.218,0.375,0.218,90,W,46,S,,,456340,348.09,0
575,1399.584,"Mount",0.218,-0.371,0.358,0.237,0.252,0.237,61,W,50,S,,,463347,338.62,0
576,1402.008,"Mount",-0.111,-0.185,-0.018,0.215,0.000,0.215,0,,45,S,,,475223,365.80,0
577,1404.416,"Mount",0.062,-0.326,0.198,0.266,0.125,0.266,30,W,56,S,,,464713,357.08,0
578,1406.798,"Mount",-0.047,-0.166,0.031,0.169,0.000,0.000,0,,0,,,,491220,367.43,0
579,1409.088,"Mount",0.119,-0.264,0.223,0.185,0.141,0.000,34,W,0,,,,457210,336.01,0
580,1411.576,"Mount",-0.184,-0.222,-0.067,0.280,0.000,0.280,0,,59,S,,,478038,353.05,0
581,1413.872,"Mount",0.064,-0.249,0.166,0.196,0.105,0.000,25,W,0,,,,468597,348.12,0
582,1416.360,"Mount",0.092,-0.289,0.210,0.220,0.139,0.220,34,W,46,S,,,480930,359.68,0
583,1418.800,"Mount",0.242,-0.395,0.391,0.249,0.256,0.249,62,W,52,S,,,453437,358.16,0
584,1421.171,"Mount",-0.091,-0.063,-0.054,0.097,0.000,0.000,0,,0,,,,469203,335.54,0
585,1423.580,"Mount",-0.120,-0.142,-0.046,0.181,0.000,0.000,0,,0,,,,480571,354.00,0
586,1426.040,"Mount",-0.176,-0.242,-0.052,0.295,0.000,0.295,0,,62,S,,,482125,344.37,0
587,1428.344,"Mount",-0.154,-0.222,-0.041,0.267,0.000,0.267,0,,56,S,,,480953,380.22,0
588,1430.880,"Mount",-0.009,-0.340,0.141,0.310,0.089,0.310,21,W,65,S,,,467078,355.62,0
589,1433.146,"Mount",0.115,-0.249,0.212,0.173,0.140,0.000,34,W,0,,,,481562,348.99,0
590,1435.752,"Mount",0.211,-0.257,0.302,0.138,0.200,0.000,48,W,0,,,,461258,334.70,0
591,1438.040,"Mount",0.166,-0.180,0.228,0.089,0.157,0.000,38,W,0,,,,466988,333.66,0
592,1440.367,"Mount",0.051,-0.188,0.128,0.146,0.000,0.000,0,,0,,,,488842,367.25,0
593,1442.656,"Mount",-0.198,-0.039,-0.161,0.122,-0.101,0.000,24,E,0,,,,479275,354.41,0
594,1444.994,"Mount",-0.163,-0.114,-0.096,0.173,0.000,0.000,0,,0,,,,468904,362.48,0
595,1447.408,"Mount",-0.594,-0.151,-0.468,0.397,-0.295,0.397,71,E,83,S,,,460043,367.91,0
596,1449.856,"Mount",-0.136,-0.293,0.006,0.323,0.000,0.323,0,,68,S,,,471834,370.01,0
597,1452.208,"Mount",-0.441,-0.128,-0.340,0.309,-0.214,0.309,52,E,65,S,,,473570,358.96,0
598,1454.612,"Mount",0.038,-0.183,0.115,0.148,0.000,0.000,0,,0,,,,464999,323.96,0
599,1456.880,"Mount",-0.169,-0.039,-0.135,0.109,-0.085,0.000,21,E,0,,,,465591,344.78,0
600,1459.432,"Mount",0.343,-0.213,0.402,0.041,0.247,0.000,60,W,0,,,,457416,321.93,0
601,1461.643,"Mount",0.002,-0.086,0.040,0.076,0.000,0.000,0,,0,,,,466866,325.85,0
602,1464.072,"Mount",0.252,-0.132,0.285,0.007,0.179,0.000,43,W,0,,,,470426,352.93,0
603,1466.360,"Mount",-0.244,0.100,-0.263,0.017,-0.153,0.000,37,E,0,,,,483420,339.21,0
604,1468.816,"Mount",-0.113,-0.247,0.007,0.272,0.000,0.272,0,,57,S,,,488227,339.54,0
605,1471.176,"Mount",-0.280,-0.105,-0.206,0.217,-0.130,0.217,31,E,46,S,,,476235,362.30,0
606,1473.720,"Mount",-0.300,-0.065,-0.241,0.191,-0.161,0.000,39,E,0,,,,471928,334.51,0
607,1475.977,"Mount",-0.385,0.047,-0.367,0.126,-0.242,0.000,59,E,0,,,,463426,336.74,0
608,1478.673,"Mount",-0.963,-0.074,-0.833,0.489,-0.542,0.489,131,E,103,S,,,478855,330.31,0
609,1481.024,"Mount",-0.475,-0.005,-0.425,0.214,-0.306,0.214,74,E,45,S,,,464612,312.57,0
610,1483.430,"Mount",0.047,-0.011,0.047,-0.011,0.000,0.000,0,,0,,,,486134,367.73,0
611,1485.913,"Mount",-0.261,0.196,-0.320,-0.061,-0.202,0.000,49,E,0,,,,471538,367.44,0
612,1488.344,"Mount",-0.133,0.142,-0.182,-0.069,-0.129,0.000,31,E,0,,,,482518,322.74,0
613,1490.968,"Mount",-0.113,0.211,-0.194,-0.140,-0.131,0.000,32,E,0,,,,462976,349.58,0
614,1493.480,"Mount",-0.246,0.172,-0.297,-0.047,-0.196,0.000,47,E,0,,,,482660,358.97,0
615,1495.809,"Mount",0.004,0.020,-0.005,-0.020,0.000,0.000,0,,0,,,,472466,357.56,0
616,1498.208,"Mount",-0.096,0.337,-0.234,-0.260,-0.148,0.000,36,E,0,,,,476423,364.50,0
617,1500.406,"Mount",0.059,-0.068,0.083,0.036,0.000,0.000,0,,0,,,,476510,362.98,0
618,1502.749,"Mount",0.030,-0.169,0.101,0.139,0.000,0.000,0,,0,,,,473498,353.01,0
619,1505.104,"Mount",0.117,-0.320,0.245,0.236,0.155,0.236,37,W,50,S,,,492082,374.55,0
620,1507.624,"Mount",-0.327,0.079,-0.329,0.073,-0.196,0.000,47,E,0,,,,483699,311.06,0
621,1509.846,"Mount",-0.063,-0.049,-0.035,0.072,0.000,0.000,0,,0,,,,475517,335.72,0
622,1512.400,"Mount",-0.735,0.227,-0.760,0.119,-0.479,0.000,116,E,0,,,,454473,362.65,0
623,1514.696,"Mount",-0.215,-0.185,-0.112,0.260,0.000,0.260,0,,55,S,,,484458,377.39,0
624,1517.096,"Mount",-0.288,0.079,-0.293,0.055,-0.185,0.000,45,E,0,,,,474501,348.05,0
625,1519.433,"Mount",-0.079,-0.144,-0.008,0.164,0.000,0.000,0,,0,,,,477570,326.11,0
626,1521.856,"Mount",0.306,-0.137,0.335,-0.011,0.211,0.000,51,W,0,,,,450403,362.63,0
627,1524.128,"Mount",0.123,-0.256,0.222,0.176,0.155,0.000,37,W,0,,,,473213,333.92,0
628,1526.618,"Mount",0.290,-0.252,0.371,0.099,0.245,0.000,59,W,0,,,,485050,343.75,0
629,1528.873,"Mount",0.030,0.079,-0.008,-0.083,0.000,0.000,0,,0,,,,476705,357.08,0
630,1531.384,"Mount",-0.492,0.403,-0.619,-0.146,-0.390,0.000,94,E,0,,,,485337,378.42,0
631,1533.744,"Mount",-0.321,0.444,-0.483,-0.258,-0.331,0.000,80,E,0,,,,473955,346.74,0
632,1536.144,"Mount",-0.094,0.139,-0.145,-0.083,-0.115,0.000,28,E,0,,,,488782,362.09,0
633,1538.389,"Mount",-0.094,0.020,-0.094,0.024,0.000,0.000,0,,0,,,,470142,342.17,0
634,1540.768,"Mount",-0.124,0.077,-0.145,-0.015,-0.091,0.000,22,E,0,,,,467567,355.38,0
635,1543.104,"Mount",0.128,-0.303,0.248,0.216,0.150,0.216,36,W,45,S,,,467708,331.51,0
636,1545.681,"Mount",0.462,-0.326,0.558,0.091,0.362,0.000,87,W,0,,,,474993,349.06,0
637,1548.024,"Mount",0.310,-0.252,0.390,0.090,0.271,0.000,65,W,0,,,,472393,342.39,0
638,1550.688,"Mount",0.490,-0.086,0.478,-0.138,0.320,0.000,77,W,0,,,,464353,339.41,0
639,1552.888,"Mount",-0.004,0.262,-0.119,-0.234,0.000,0.000,0,,0,,,,475929,348.44,0
640,1555.292,"Mount",0.000,0.151,-0.066,-0.136,0.000,0.000,0,,0,,,,454905,342.35,0
641,1557.648,"Mount",-0.336,0.057,-0.327,0.097,-0.206,0.000,50,E,0,,,,471906,340.57,0
642,1560.072,"Mount",-0.041,-0.283,0.087,0.273,0.000,0.273,0,,57,S,,,456488,313.66,0
643,1562.279,"Mount",0.085,-0.063,0.104,0.019,0.000,0.000,0,,0,,,,457400,359.43,0
644,1564.696,"Mount",0.239,-0.172,0.290,0.050,0.183,0.000,44,W,0,,,,449774,320.35,0
645,1566.936,"Mount",0.121,-0.081,0.145,0.020,0.104,0.000,25,W,0,,,,448330,328.30,0
646,1569.364,"Mount",-0.073,0.047,-0.086,-0.010,0.000,0.000,0,,0,,,,471852,380.00,0
647,1571.544,"Mount",-0.074,-0.029,-0.054,0.058,0.000,0.000,0,,0,,,,442411,350.04,0
648,1574.008,"Mount",-0.374,0.221,-0.433,-0.035,-0.273,0.000,66,E,0,,,,453942,333.87,0
649,1576.264,"Mount",-0.185,0.092,-0.207,-0.002,-0.149,0.000,36,E,0,,,,458508,362.14,0
650,1578.891,"Mount",-0.180,0.093,-0.202,-0.004,-0.138,0.000,33,E,0,,,,478061,336.23,0
651,1581.175,"Mount",0.166,-0.195,0.235,0.102,0.138,0.000,33,W,0,,,,457446,335.71,0
652,1583.592,"Mount",0.116,-0.226,0.203,0.152,0.138,0.000,33,W,0,,,,472744,367.11,0
653,1585.880,"Mount",0.133,-0.267,0.236,0.181,0.158,0.000,38,W,0,,,,446279,367.49,0
654,1588.288,"Mount",0.181,-0.204,0.252,0.104,0.170,0.000,41,W,0,,,,451931,325.42,0
655,1590.560,"Mount",0.124,-0.075,0.144,0.013,0.103,0.000,25,W,0,,,,451563,335.46,0
656,1592.976,"Mount",-0.120,0.129,-0.165,-0.063,-0.097,0.000,23,E,0,,,,469953,345.65,0
657,1595.146,"Mount",-0.021,-0.042,-0.000,0.047,0.000,0.000,0,,0,,,,469154,361.17,0
658,1597.681,"Mount",-0.449,0.030,-0.417,0.170,-0.262,0.000,63,E,0,,,,455338,333.83,0
659,1599.877,"Mount",-0.174,-0.116,-0.106,0.180,0.000,0.000,0,,0,,,,470106,338.04,0
660,1602.440,"Mount",-0.507,-0.069,-0.426,0.284,-0.268,0.284,65,E,60,S,,,443040,328.98,0
661,1604.808,"Mount",0.088,-0.303,0.212,0.234,0.115,0.234,28,W,49,S,,,469258,324.18,0
662,1607.320,"Mount",0.086,-0.322,0.219,0.252,0.146,0.252,35,W,53,S,,,475359,347.76,0
663,1609.696,"Mount",0.449,-0.406,0.582,0.168,0.377,0.000,91,W,0,,,,464028,382.08,0
664,1612.184,"Mount",0.390,-0.049,0.372,-0.127,0.261,0.000,63,W,0,,,,444994,318.37,0
665,1614.512,"Mount",0.303,-0.211,0.365,0.057,0.248,0.000,60,W,0,,,,460039,383.31,0
666,1616.834,"Mount",0.151,0.032,0.122,-0.095,0.000,0.000,0,,0,,,,450907,344.78,0
667,1619.111,"Mount",0.055,-0.008,0.053,-0.017,0.000,0.000,0,,0,,,,452315,369.12,0
668,1621.504,"Mount",-0.029,0.156,-0.095,-0.127,0.000,0.000,0,,0,,,,446120,337.04,0
669,1623.824,"Mount",-0.212,0.152,-0.257,-0.044,-0.162,0.000,39,E,0,,,,472783,373.45,0
670,1626.160,"Mount",0.119,0.222,0.010,-0.251,0.000,0.000,0,,0,,,,438881,342.16,0
671,1628.389,"Mount",-0.110,0.067,-0.128,-0.012,0.000,0.000,0,,0,,,,458427,340.21,0
672,1630.734,"Mount",0.007,0.030,-0.007,-0.030,0.000,0.000,0,,0,,,,446860,369.01,0
673,1632.932,"Mount",-0.050,-0.030,-0.032,0.049,0.000,0.000,0,,0,,,,450027,383.91,0
674,1635.318,"Mount",0.013,-0.024,0.022,0.016,0.000,0.000,0,,0,,,,458031,351.04,0
675,1637.551,"Mount",-0.080,0.052,-0.095,-0.012,0.000,0.000,0,,0,,,,440564,338.18,0
676,1639.909,"Mount",-0.055,0.068,-0.080,-0.037,0.000,0.000,0,,0,,,,466282,366.63,0
677,1642.071,"Mount",-0.080,0.088,-0.111,-0.044,0.000,0.000,0,,0,,,,460420,352.19,0
678,1644.560,"Mount",-0.411,0.158,-0.439,0.039,-0.276,0.000,67,E,0,,,,451354,350.51,0
679,1646.717,"Mount",0.053,-0.054,0.072,0.025,0.000,0.000,0,,0,,,,471970,362.26,0
680,1649.208,"Mount",0.269,-0.230,0.342,0.089,0.216,0.000,52,W,0,,,,480566,340.42,0
681,1651.633,"Mount",0.374,-0.005,0.338,-0.159,0.228,0.000,55,W,0,,,,447054,357.97,0
682,1654.048,"Mount",0.222,-0.045,0.220,-0.057,0.154,0.000,37,W,0,,,,454031,376.77,0
683,1656.360,"Mount",-0.172,0.325,-0.297,-0.216,-0.177,0.000,43,E,0,,,,465420,327.16,0
684,1658.739,"Mount",0.066,-0.094,0.101,0.056,0.000,0.000,0,,0,,,,447402,365.13,0
685,1661.016,"Mount",-0.080,0.193,-0.157,-0.139,-0.099,0.000,24,E,0,,,,454075,329.36,0
686,1663.473,"Mount",0.180,-0.067,0.191,-0.019,0.113,0.000,27,W,0,,,,459788,353.50,0
687,1665.701,"Mount",-0.064,-0.008,-0.053,0.035,0.000,0.000,0,,0,,,,465560,349.76,0
688,1668.120,"Mount",0.183,-0.135,0.223,0.041,0.141,0.000,34,W,0,,,,448466,355.68,0
689,1670.416,"Mount",0.237,-0.240,0.318,0.111,0.210,0.000,51,W,0,,,,456876,353.39,0
690,1673.000,"Mount",0.364,-0.248,0.436,0.063,0.289,0.000,70,W,0,,,,468189,344.10,0
691,1675.371,"Mount",0.274,-0.152,0.313,0.016,0.218,0.000,53,W,0,,,,470961,327.78,0
692,1677.800,"Mount",-0.308,0.028,-0.289,0.110,-0.167,0.000,40,E,0,,,,455611,342.46,0
693,1680.072,"Mount",-0.230,0.160,-0.277,-0.043,-0.186,0.000,45,E,0,,,,458583,351.60,0
694,1682.608,"Mount",-0.229,0.055,-0.230,0.051,-0.158,0.000,38,E,0,,,,451560,353.53,0
695,1684.827,"Mount",-0.021,-0.012,-0.014,0.020,0.000,0.000,0,,0,,,,472270,333.07,0
696,1687.171,"Mount",-0.013,-0.067,0.018,0.066,0.000,0.000,0,,0,,,,464709,350.62,0
697,1689.506,"Mount",0.058,-0.194,0.137,0.149,0.086,0.000,21,W,0,,,,475490,356.86,0
698,1691.968,"Mount",0.199,-0.194,0.264,0.087,0.172,0.000,42,W,0,,,,454654,340.75,0
699,1694.296,"Mount",0.533,-0.381,0.646,0.108,0.419,0.000,101,W,0,,,,468692,357.80,0
700,1696.784,"Mount",0.534,-0.254,0.591,-0.006,0.402,0.000,97,W,0,,,,473892,324.53,0
701,1699.281,"Mount",0.440,-0.263,0.511,0.043,0.350,0.000,85,W,0,,,,462431,293.30,0
702,1701.688,"Mount",-0.343,0.031,-0.322,0.122,-0.178,0.000,43,E,0,,,,481923,336.86,0
703,1704.067,"Mount",0.033,-0.262,0.144,0.222,0.078,0.222,19,W,47,S,,,483776,356.59,0
704,1706.467,"Mount",0.041,-0.101,0.081,0.073,0.000,0.000,0,,0,,,,463481,355.79,0
705,1708.638,"Mount",0.008,-0.124,0.062,0.108,0.000,0.000,0,,0,,,,454993,348.40,0
706,1710.988,"Mount",-0.001,-0.136,0.059,0.123,0.000,0.000,0,,0,,,,449610,320.54,0
707,1713.464,"Mount",0.293,-0.241,0.369,0.088,0.233,0.000,56,W,0,,,,452936,365.58,0
708,1715.896,"Mount",0.111,-0.227,0.199,0.156,0.142,0.000,34,W,0,,,,451938,331.99,0
709,1718.152,"Mount",0.212,-0.180,0.270,0.068,0.180,0.000,43,W,0,,,,457844,358.14,0
710,1720.513,"Mount",-0.040,-0.071,-0.005,0.081,0.000,0.000,0,,0,,,,460542,348.18,0
711,1722.808,"Mount",-0.233,0.043,-0.229,0.064,-0.144,0.000,35,E,0,,,,443198,345.89,0
712,1725.352,"Mount",-0.265,-0.105,-0.192,0.211,-0.131,0.211,32,E,44,S,,,462232,357.49,0
713,1727.557,"Mount",-0.026,0.009,-0.027,0.003,0.000,0.000,0,,0,,,,470908,334.06,0
714,1730.026,"Mount",0.317,-0.168,0.359,0.012,0.226,0.000,55,W,0,,,,453188,327.09,0
715,1732.263,"Mount",0.089,-0.060,0.106,0.014,0.000,0.000,0,,0,,,,462260,381.83,0
716,1734.728,"Mount",0.216,-0.112,0.243,0.005,0.153,0.000,37,W,0,,,,447199,341.00,0
717,1736.967,"Mount",-0.029,-0.090,0.014,0.094,0.000,0.000,0,,0,,,,454116,348.22,0
718,1739.382,"Mount",0.086,0.055,0.053,-0.088,0.000,0.000,0,,0,,,,456792,327.64,0
719,1741.600,"Mount",0.130,-0.027,0.129,-0.033,0.000,0.000,0,,0,,,,466211,365.97,0
720,1743.980,"Mount",-0.042,-0.061,-0.011,0.073,0.000,0.000,0,,0,,,,453311,322.40,0
721,1746.248,"Mount",-0.350,0.068,-0.344,0.093,-0.217,0.000,52,E,0,,,,458493,315.22,0
722,1748.641,"Mount",0.088,0.039,0.062,-0.074,0.000,0.000,0,,0,,,,458848,332.56,0
723,1750.920,"Mount",-0.235,0.324,-0.353,-0.188,-0.222,0.000,54,E,0,,,,460266,341.74,0
724,1753.333,"Mount",-0.074,0.135,-0.126,-0.089,0.000,0.000,0,,0,,,,471578,368.63,0
725,1755.672,"Mount",-0.241,0.088,-0.255,0.027,-0.161,0.000,39,E,0,,,,448211,328.05,0
726,1758.112,"Mount",0.401,-0.202,0.449,0.006,0.271,0.000,66,W,0,,,,457209,382.27,0
727,1760.317,"Mount",-0.037,0.114,-0.083,-0.086,0.000,0.000,0,,0,,,,464351,343.69,0
728,1762.707,"Mount",0.047,-0.188,0.125,0.149,0.000,0.000,0,,0,,,,453754,357.09,0
729,1765.117,"Mount",0.034,-0.120,0.084,0.093,0.000,0.000,0,,0,,,,472627,344.35,0
730,1767.544,"Mount",-0.148,0.152,-0.200,-0.072,-0.126,0.000,30,E,0,,,,458381,356.15,0
731,1769.808,"Mount",-0.202,0.174,-0.258,-0.068,-0.171,0.000,41,E,0,,,,447504,319.20,0
732,1772.142,"Mount",0.096,0.012,0.081,-0.053,0.000,0.000,0,,0,,,,487470,368.68,0
733,1774.397,"Mount",0.007,-0.094,0.048,0.082,0.000,0.000,0,,0,,,,458972,304.76,0
734,1776.746,"Mount",-0.023,-0.012,-0.015,0.021,0.000,0.000,0,,0,,,,439392,330.66,0
735,1779.124,"Mount",-0.239,0.154,-0.282,-0.034,-0.178,0.000,43,E,0,,,,468985,358.41,0
736,1781.527,"Mount",0.012,-0.121,0.064,0.103,0.000,0.000,0,,0,,,,460852,342.88,0
737,1783.808,"Mount",-0.112,0.093,-0.142,-0.034,-0.089,0.000,22,E,0,,,,466425,372.57,0
738,1786.186,"Mount",-0.080,0.087,-0.110,-0.043,0.000,0.000,0,,0,,,,469251,325.20,0
739,1788.464,"Mount",-0.357,0.098,-0.364,0.068,-0.229,0.000,55,E,0,,,,446088,372.70,0
740,1790.843,"Mount",0.025,-0.018,0.030,0.005,0.000,0.000,0,,0,,,,466843,337.20,0
741,1793.112,"Mount",-0.172,0.188,-0.237,-0.094,-0.149,0.000,36,E,0,,,,455103,380.04,0
742,1795.616,"Mount",-0.196,0.182,-0.256,-0.078,-0.172,0.000,41,E,0,,,,468319,321.64,0
743,1797.813,"Mount",-0.019,0.035,-0.032,-0.024,0.000,0.000,0,,0,,,,474052,347.15,0
744,1800.288,"Mount",-0.138,0.049,-0.145,0.016,-0.092,0.000,22,E,0,,,,464303,347.04,0
745,1802.576,"Mount",-0.222,0.075,-0.232,0.030,-0.153,0.000,37,E,0,,,,454940,352.31,0
746,1804.948,"Mount",-0.052,0.132,-0.104,-0.096,0.000,0.000,0,,0,,,,455096,342.24,0
747,1807.139,"Mount",-0.055,0.003,-0.050,0.022,0.000,0.000,0,,0,,,,463047,336.30,0
748,1809.624,"Mount",-0.351,-0.039,-0.298,0.189,-0.188,0.000,45,E,0,,,,444958,337.82,0
749,1811.888,"Mount",-0.271,0.013,-0.249,0.107,-0.170,0.000,41,E,0,,,,431256,365.38,0
750,1814.252,"Mount",-0.117,0.023,-0.115,0.030,0.000,0.000,0,,0,,,,469378,386.03,0
751,1816.536,"Mount",-0.169,-0.270,-0.034,0.317,0.000,0.317,0,,67,S,,,484141,355.70,0
752,1818.915,"Mount",-0.063,0.003,-0.058,0.025,0.000,0.000,0,,0,,,,472513,337.61,0
753,1821.102,"Mount",-0.035,-0.067,-0.002,0.076,0.000,0.000,0,,0,,,,457941,320.98,0
754,1823.495,"Mount",0.022,-0.110,0.068,0.089,0.000,0.000,0,,0,,,,451963,328.55,0
755,1825.832,"Mount",0.226,-0.233,0.305,0.110,0.192,0.000,46,W,0,,,,451343,343.15,0
756,1828.272,"Mount",-0.158,0.307,-0.277,-0.206,-0.161,0.000,39,E,0,,,,460368,343.41,0
757,1830.476,"Mount",-0.041,-0.080,-0.002,0.090,0.000,0.000,0,,0,,,,481301,365.31,0
758,1832.984,"Mount",-0.352,-0.185,-0.236,0.321,-0.148,0.321,36,E,67,S,,,454439,334.63,0
759,1835.234,"Mount",0.053,0.005,0.045,-0.028,0.000,0.000,0,,0,,,,471586,364.08,0
760,1837.778,"Mount",-0.106,0.218,-0.191,-0.150,-0.120,0.000,29,E,0,,,,462640,342.54,0
761,1840.024,"Mount",-0.068,0.159,-0.131,-0.113,-0.091,0.000,22,E,0,,,,453381,359.16,0
762,1842.425,"Mount",0.059,-0.097,0.096,0.061,0.000,0.000,0,,0,,,,466336,342.70,0
763,1844.768,"Mount",0.233,-0.346,0.361,0.208,0.227,0.208,55,W,44,S,,,472955,338.19,0
764,1847.273,"Mount",0.601,-0.115,0.590,-0.161,0.388,0.000,94,W,0,,,,455355,373.34,0
765,1849.656,"Mount",0.303,-0.014,0.278,-0.120,0.203,0.000,49,W,0,,,,439512,333.22,0
766,1852.090,"Mount",-0.029,0.337,-0.174,-0.290,-0.096,0.000,23,E,0,,,,462463,337.23,0
767,1854.346,"Mount",0.087,0.112,0.029,-0.138,0.000,0.000,0,,0,,,,442646,321.22,0
768,1856.695,"Mount",0.058,0.093,0.011,-0.109,0.000,0.000,0,,0,,,,455107,354.30,0
769,1858.973,"Mount",0.161,0.036,0.129,-0.103,0.000,0.000,0,,0,,,,439238,341.47,0
770,1861.412,"Mount",0.058,0.198,-0.034,-0.203,0.000,0.000,0,,0,,,,433408,336.39,0
771,1863.640,"Mount",0.170,0.047,0.132,-0.117,0.083,0.000,20,W,0,,,,435578,317.75,0
772,1866.010,"Mount",-0.067,0.108,-0.107,-0.068,0.000,0.000,0,,0,,,,445909,356.73,0
773,1868.264,"Mount",-0.147,0.075,-0.165,-0.003,-0.104,0.000,25,E,0,,,,466630,337.42,0
774,1870.632,"Mount",0.148,0.240,0.028,-0.281,0.000,0.000,0,,0,,,,424645,270.94,0
775,1872.859,"Mount",0.007,0.090,-0.034,-0.084,0.000,0.000,0,,0,,,,446187,328.90,0
776,1875.344,"Mount",-0.182,0.115,-0.214,-0.023,-0.135,0.000,33,E,0,,,,459701,341.84,0
777,1877.608,"Mount",-0.091,0.185,-0.163,-0.127,-0.112,0.000,27,E,0,,,,455086,326.13,0
778,1880.128,"Mount",0.369,-0.279,0.455,0.089,0.278,0.000,67,W,0,,,,469212,356.45,0
779,1882.478,"Mount",0.002,0.080,-0.033,-0.072,0.000,0.000,0,,0,,,,472819,364.08,0
780,1884.941,"Mount",-0.037,0.026,-0.045,-0.007,0.000,0.000,0,,0,,,,458976,324.69,0
781,1887.138,"Mount",-0.008,0.013,-0.013,-0.008,0.000,0.000,0,,0,,,,448120,381.46,0
782,1889.774,"Mount",0.297,0.108,0.220,-0.227,0.138,0.000,33,W,0,,,,423399,331.58,0
783,1892.560,"Mount",0.009,0.253,-0.103,-0.231,0.000,-0.231,0,,506,N,,,442744,340.42,0
784,1895.080,"Mount",-0.170,0.020,-0.162,0.056,-0.102,0.000,25,E,0,,,,457466,361.45,0
785,1897.402,"Mount",-0.154,0.011,-0.143,0.058,-0.097,0.000,23,E,0,,,,456091,365.09,0
786,1899.832,"Mount",-0.156,0.162,-0.211,-0.077,-0.140,0.000,34,E,0,,,,462109,327.65,0
787,1902.123,"Mount",-0.339,0.167,-0.378,-0.002,-0.248,0.000,60,E,0,,,,456986,347.14,0
788,1904.783,"Mount",0.078,-0.170,0.145,0.118,0.074,0.000,18,W,0,,,,484327,406.74,0
789,1907.041,"Mount",0.029,-0.294,0.155,0.251,0.103,0.000,25,W,0,,,,484237,357.47,0
INFO: SET LOCK POSITION, new lock pos = 672.769, 879.994
INFO: DITHER by 3.228, 2.466, new lock pos = 674.588, 876.361
INFO: SETTLING STATE CHANGE, Settling started
790,1911.256,"Mount",-1.819,3.633,-3.228,-2.466,-3.228,-2.466,780,E,518,N,,,472375,327.42,0
791,1914.400,"Mount",1.935,1.653,1.013,-2.334,0.638,-2.334,154,W,490,N,,,460706,338.10,0
792,1917.248,"Mount",1.318,1.918,0.343,-2.302,0.261,-2.302,63,W,483,N,,,475528,369.24,0
793,1920.080,"Mount",0.028,1.488,-0.628,-1.349,-0.377,-1.349,91,E,283,N,,,453391,323.12,0
794,1922.512,"Mount",0.354,0.990,-0.117,-1.045,0.000,-1.045,0,,219,N,,,485664,355.86,0
795,1925.072,"Mount",-0.127,0.577,-0.367,-0.462,-0.231,-0.462,56,E,97,N,,,459898,352.08,0
796,1927.312,"Mount",-0.067,0.208,-0.152,-0.158,-0.112,0.000,27,E,0,,,,478749,359.46,0
797,1929.653,"Mount",-0.105,-0.007,-0.091,0.052,0.000,0.000,0,,0,,,,469395,336.12,0
798,1931.828,"Mount",0.034,0.040,0.013,-0.051,0.000,0.000,0,,0,,,,471165,335.40,0
799,1934.155,"Mount",0.094,0.098,0.042,-0.129,0.000,0.000,0,,0,,,,482218,394.00,0
INFO: SETTLING STATE CHANGE, Settling complete
800,1936.408,"Mount",0.211,-0.211,0.282,0.097,0.178,0.000,43,W,0,,,,446746,336.93,0
801,1938.876,"Mount",-0.041,0.099,-0.081,-0.071,0.000,0.000,0,,0,,,,472493,342.68,0
802,1941.232,"Mount",-0.132,0.117,-0.170,-0.048,-0.107,0.000,26,E,0,,,,485352,375.59,0
803,1943.680,"Mount",-0.150,0.045,-0.154,0.025,-0.105,0.000,25,E,0,,,,481940,359.65,0
804,1945.896,"Mount",0.085,-0.092,0.117,0.045,0.000,0.000,0,,0,,,,463269,306.83,0
805,1948.257,"Mount",-0.079,-0.014,-0.065,0.047,0.000,0.000,0,,0,,,,481124,367.03,0
806,1950.456,"Mount",-0.108,-0.171,-0.022,0.201,0.000,0.000,0,,0,,,,465979,342.43,0
807,1952.880,"Mount",-0.243,0.130,-0.276,-0.010,-0.174,0.000,42,E,0,,,,468057,330.88,0
808,1955.097,"Mount",0.102,-0.024,0.102,-0.023,0.000,0.000,0,,0,,,,464957,317.23,0
809,1957.443,"Mount",-0.056,-0.191,0.034,0.196,0.000,0.000,0,,0,,,,466272,401.69,0
810,1959.682,"Mount",0.041,-0.119,0.089,0.089,0.000,0.000,0,,0,,,,441719,346.80,0
811,1962.041,"Mount",-0.076,-0.182,0.011,0.197,0.000,0.000,0,,0,,,,460385,357.30,0
812,1964.261,"Mount",-0.183,-0.104,-0.119,0.174,0.000,0.000,0,,0,,,,462258,351.49,0
813,1966.680,"Mount",-0.185,-0.065,-0.138,0.139,-0.087,0.000,21,E,0,,,,456939,358.74,0
814,1968.959,"Mount",-0.187,-0.115,-0.118,0.186,0.000,0.000,0,,0,,,,443549,329.18,0
815,1971.309,"Mount",-0.065,-0.206,0.032,0.213,0.000,0.000,0,,0,,,,479519,323.56,0
816,1973.824,"Mount",0.065,-0.305,0.192,0.245,0.121,0.000,29,W,0,,,,432828,329.18,0
817,1976.177,"Mount",-0.127,-0.140,-0.052,0.181,0.000,0.000,0,,0,,,,440637,325.64,0
818,1978.480,"Mount",-0.180,0.126,-0.217,-0.034,-0.137,0.000,33,E,0,,,,469334,360.49,0
819,1980.928,"Mount",-0.215,-0.050,-0.172,0.139,-0.118,0.000,28,E,0,,,,453864,350.00,0
820,1983.200,"Mount",-0.404,-0.090,-0.323,0.258,-0.212,0.000,51,E,0,,,,468498,327.86,0
821,1986.256,"Mount",-0.277,-0.225,-0.150,0.323,-0.109,0.323,26,E,525,S,,,450462,327.49,0
822,1988.447,"Mount",-0.109,0.004,-0.100,0.045,0.000,0.000,0,,0,,,,470756,357.77,0
823,1990.797,"Mount",-0.074,0.123,-0.121,-0.078,0.000,0.000,0,,0,,,,486630,343.24,0
824,1993.005,"Mount",0.101,-0.025,0.101,-0.022,0.000,0.000,0,,0,,,,452939,325.66,0
825,1995.501,"Mount",0.228,-0.174,0.281,0.057,0.177,0.000,43,W,0,,,,445858,339.55,0
826,1997.888,"Mount",0.370,-0.239,0.437,0.053,0.288,0.000,70,W,0,,,,463673,373.82,0
827,2000.296,"Mount",0.209,-0.081,0.223,-0.019,0.161,0.000,39,W,0,,,,443914,336.89,0
828,2002.542,"Mount",0.122,0.024,0.099,-0.075,0.000,0.000,0,,0,,,,464677,345.21,0
829,2004.960,"Mount",-0.186,0.041,-0.185,0.045,-0.117,0.000,28,E,0,,,,472968,361.63,0
830,2007.159,"Mount",-0.091,0.006,-0.085,0.034,0.000,0.000,0,,0,,,,476968,355.86,0
831,2009.505,"Mount",0.005,-0.147,0.069,0.130,0.000,0.000,0,,0,,,,459739,349.49,0
832,2011.722,"Mount",-0.029,0.020,-0.035,-0.005,0.000,0.000,0,,0,,,,496685,373.02,0
833,2014.092,"Mount",0.022,-0.130,0.077,0.107,0.000,0.000,0,,0,,,,465153,353.50,0
834,2016.416,"Mount",0.259,-0.249,0.342,0.110,0.215,0.000,52,W,0,,,,446927,337.43,0
835,2018.816,"Mount",0.063,-0.080,0.091,0.045,0.000,0.000,0,,0,,,,457926,349.53,0
836,2021.032,"Mount",0.080,-0.160,0.142,0.108,0.090,0.000,22,W,0,,,,454326,326.57,0
837,2023.506,"Mount",-0.005,-0.012,0.000,0.013,0.000,0.000,0,,0,,,,474706,357.11,0
838,2025.703,"Mount",-0.129,-0.142,-0.054,0.184,0.000,0.000,0,,0,,,,468183,354.37,0
839,2028.160,"Mount",-0.199,0.078,-0.213,0.017,-0.134,0.000,32,E,0,,,,455073,354.81,0
840,2030.416,"Mount",0.317,-0.132,0.343,-0.020,0.207,0.000,50,W,0,,,,450605,340.02,0
841,2032.834,"Mount",0.051,-0.166,0.119,0.126,0.000,0.000,0,,0,,,,462055,339.69,0
842,2035.176,"Mount",0.167,-0.320,0.290,0.214,0.183,0.214,44,W,45,S,,,443630,337.73,0
843,2037.538,"Mount",-0.021,-0.108,0.028,0.106,0.000,0.000,0,,0,,,,447007,357.59,0
844,2039.797,"Mount",0.017,-0.110,0.063,0.092,0.000,0.000,0,,0,,,,471543,367.09,0
845,2042.192,"Mount",-0.226,-0.020,-0.194,0.117,-0.122,0.000,30,E,0,,,,480143,356.50,0
846,2044.628,"Mount",-0.050,0.039,-0.062,-0.013,0.000,0.000,0,,0,,,,480391,364.45,0
847,2047.064,"Mount",-0.456,0.172,-0.486,0.045,-0.306,0.000,74,E,0,,,,470805,345.44,0
848,2049.393,"Mount",-0.222,0.239,-0.305,-0.117,-0.213,0.000,52,E,0,,,,460251,363.31,0
849,2051.937,"Mount",-0.744,0.154,-0.736,0.188,-0.479,0.000,116,E,0,,,,477097,344.46,0
850,2054.156,"Mount",-0.143,-0.096,-0.087,0.150,0.000,0.000,0,,0,,,,450911,358.29,0
851,2056.616,"Mount",-0.207,-0.088,-0.147,0.170,-0.093,0.000,22,E,0,,,,469050,375.39,0
852,2059.024,"Mount",0.178,-0.259,0.274,0.154,0.166,0.000,40,W,0,,,,463964,349.17,0
853,2061.358,"Mount",-0.088,-0.109,-0.032,0.137,0.000,0.000,0,,0,,,,479473,364.07,0
854,2063.816,"Mount",0.030,-0.464,0.231,0.403,0.145,0.403,35,W,85,S,,,465302,349.12,0
855,2066.312,"Mount",-0.176,-0.348,-0.006,0.390,0.000,0.390,0,,82,S,,,457279,335.91,0
856,2068.712,"Mount",-0.173,-0.277,-0.034,0.325,0.000,0.325,0,,68,S,,,476422,356.81,0
857,2071.233,"Mount",-0.547,-0.021,-0.482,0.259,-0.304,0.259,73,E,54,S,,,455206,373.36,0
858,2073.608,"Mount",-0.407,-0.113,-0.316,0.280,-0.220,0.280,53,E,59,S,,,463540,344.08,0
859,2076.111,"Mount",0.057,-0.212,0.144,0.166,0.075,0.000,18,W,0,,,,472721,359.09,0
860,2078.480,"Mount",-0.346,-0.154,-0.244,0.290,-0.148,0.290,36,E,61,S,,,453353,334.50,0
861,2080.861,"Mount",0.101,0.018,0.083,-0.061,0.000,0.000,0,,0,,,,486391,373.74,0
862,2083.096,"Mount",-0.277,-0.040,-0.232,0.157,-0.146,0.000,35,E,0,,,,451265,346.65,0
863,2085.520,"Mount",-0.195,-0.165,-0.103,0.234,0.000,0.234,0,,49,S,,,451030,332.96,0
864,2087.992,"Mount",-0.515,-0.091,-0.423,0.308,-0.267,0.308,64,E,65,S,,,461049,360.73,0
865,2090.349,"Mount",-0.193,-0.113,-0.123,0.186,0.000,0.000,0,,0,,,,447508,348.38,0
866,2092.672,"Mount",-0.342,-0.039,-0.290,0.185,-0.183,0.000,44,E,0,,,,443990,373.56,0
867,2095.117,"Mount",-0.108,-0.112,-0.049,0.148,0.000,0.000,0,,0,,,,473191,366.72,0
868,2097.376,"Mount",-0.246,-0.018,-0.213,0.125,-0.134,0.000,32,E,0,,,,458647,331.85,0
869,2099.743,"Mount",-0.011,-0.203,0.079,0.187,0.000,0.000,0,,0,,,,454297,350.70,0
870,2101.916,"Mount",-0.095,-0.051,-0.063,0.087,0.000,0.000,0,,0,,,,464561,333.71,0
871,2104.295,"Mount",-0.130,-0.109,-0.069,0.155,0.000,0.000,0,,0,,,,451997,361.24,0
872,2106.680,"Mount",-0.434,-0.269,-0.272,0.432,-0.172,0.432,41,E,91,S,,,460832,352.64,0
873,2109.098,"Mount",-0.088,-0.138,-0.018,0.163,0.000,0.000,0,,0,,,,470485,386.12,0
874,2111.409,"Mount",-0.436,0.021,-0.401,0.172,-0.253,0.000,61,E,0,,,,471031,342.87,0
875,2113.767,"Mount",-0.039,-0.038,-0.018,0.051,0.000,0.000,0,,0,,,,485981,364.19,0
876,2116.186,"Mount",-0.396,-0.077,-0.322,0.243,-0.203,0.243,49,E,51,S,,,448000,337.17,0
877,2118.608,"Mount",-0.243,-0.100,-0.175,0.196,-0.124,0.000,30,E,0,,,,446013,326.58,0
878,2120.880,"Mount",-0.044,-0.301,0.093,0.289,0.000,0.289,0,,61,S,,,460360,347.86,0
879,2123.432,"Mount",0.149,-0.337,0.282,0.238,0.178,0.238,43,W,50,S,,,456617,336.29,0
880,2125.880,"Mount",0.132,-0.328,0.263,0.237,0.178,0.237,43,W,50,S,,,469831,347.79,0
881,2128.368,"Mount",-0.466,0.021,-0.428,0.185,-0.257,0.000,62,E,0,,,,468670,347.83,0
882,2130.664,"Mount",-0.385,-0.034,-0.331,0.199,-0.227,0.000,55,E,0,,,,483654,373.83,0
883,2133.200,"Mount",-0.279,-0.171,-0.176,0.276,-0.127,0.276,31,E,58,S,,,461379,332.35,0
884,2135.585,"Mount",-0.315,-0.220,-0.186,0.336,-0.126,0.336,31,E,71,S,,,463383,342.32,0
885,2138.076,"Mount",-0.038,-0.190,0.049,0.188,0.000,0.000,0,,0,,,,472071,349.57,0
886,2140.417,"Mount",-0.297,-0.159,-0.197,0.273,-0.124,0.273,30,E,57,S,,,465370,363.21,0
887,2142.824,"Mount",0.152,-0.077,0.171,0.002,0.099,0.000,24,W,0,,,,470505,357.20,0
888,2145.128,"Mount",0.341,-0.075,0.340,-0.082,0.221,0.000,53,W,0,,,,448937,347.78,0
889,2147.648,"Mount",0.230,-0.289,0.334,0.159,0.226,0.000,54,W,0,,,,456631,335.41,0
890,2149.910,"Mount",0.099,-0.086,0.127,0.034,0.000,0.000,0,,0,,,,450688,362.48,0
891,2152.352,"Mount",-0.204,-0.079,-0.149,0.160,-0.094,0.000,23,E,0,,,,472129,340.01,0
892,2154.570,"Mount",0.078,-0.134,0.129,0.086,0.000,0.000,0,,0,,,,460413,344.56,0
893,2156.960,"Mount",-0.188,0.025,-0.180,0.060,-0.114,0.000,27,E,0,,,,481362,364.03,0
894,2159.161,"Mount",-0.013,-0.046,0.008,0.047,0.000,0.000,0,,0,,,,464681,320.38,0
895,2161.608,"Mount",-0.118,0.103,-0.152,-0.041,-0.096,0.000,23,E,0,,,,468531,369.39,0
896,2163.831,"Mount",0.057,-0.124,0.106,0.086,0.000,0.000,0,,0,,,,465779,371.86,0
897,2166.256,"Mount",0.147,-0.244,0.239,0.155,0.151,0.000,36,W,0,,,,461038,343.61,0
898,2168.480,"Mount",0.120,-0.023,0.118,-0.032,0.000,0.000,0,,0,,,,459780,343.26,0
899,2170.834,"Mount",-0.017,-0.096,0.027,0.094,0.000,0.000,0,,0,,,,480069,353.91,0
900,2172.991,"Mount",-0.171,-0.072,-0.122,0.140,0.000,0.000,0,,0,,,,450503,307.99,0
901,2175.536,"Mount",-0.357,-0.220,-0.224,0.354,-0.141,0.354,34,E,74,S,,,465185,328.14,0
902,2177.817,"Mount",-0.248,0.091,-0.263,0.027,-0.176,0.000,42,E,0,,,,462023,359.00,0
903,2180.197,"Mount",-0.059,-0.175,0.024,0.183,0.000,0.000,0,,0,,,,481171,355.92,0
904,2182.456,"Mount",0.294,-0.255,0.376,0.100,0.237,0.000,57,W,0,,,,448802,320.42,0
905,2184.925,"Mount",-0.208,-0.243,-0.080,0.310,0.000,0.310,0,,65,S,,,453772,328.37,0
906,2187.264,"Mount",-0.193,-0.259,-0.060,0.317,0.000,0.317,0,,67,S,,,466936,347.56,0
907,2189.872,"Mount",0.284,-0.269,0.373,0.117,0.235,0.000,57,W,0,,,,455722,348.50,0
908,2192.074,"Mount",0.010,0.006,0.006,-0.009,0.000,0.000,0,,0,,,,475686,379.38,0
909,2194.566,"Mount",-0.158,0.107,-0.189,-0.027,-0.119,0.000,29,E,0,,,,469982,375.64,0
910,2196.824,"Mount",-0.233,0.119,-0.262,-0.004,-0.173,0.000,42,E,0,,,,491737,367.39,0
911,2199.296,"Mount",-0.162,0.028,-0.158,0.046,-0.112,0.000,27,E,0,,,,457459,362.17,0
912,2201.607,"Mount",-0.267,0.245,-0.347,-0.103,-0.226,0.000,55,E,0,,,,466126,352.04,0
913,2203.954,"Mount",0.103,-0.067,0.122,0.015,0.000,0.000,0,,0,,,,459971,337.06,0
914,2206.136,"Mount",-0.048,0.006,-0.045,0.016,0.000,0.000,0,,0,,,,465754,335.77,0
915,2208.688,"Mount",0.694,-0.443,0.818,0.093,0.515,0.000,124,W,0,,,,466105,331.95,0
916,2211.321,"Mount",0.111,-0.103,0.145,0.044,0.127,0.000,31,W,0,,,,477229,343.06,0
917,2213.771,"Mount",0.084,-0.104,0.121,0.057,0.000,0.000,0,,0,,,,469330,319.88,0
918,2215.955,"Mount",-0.037,-0.075,-0.001,0.084,0.000,0.000,0,,0,,,,493698,361.88,0
919,2218.358,"Mount",-0.070,-0.162,0.008,0.176,0.000,0.000,0,,0,,,,465328,363.68,0
920,2220.712,"Mount",-0.368,-0.074,-0.298,0.228,-0.188,0.228,45,E,48,S,,,454723,342.28,0
921,2223.144,"Mount",-0.176,-0.201,-0.070,0.257,0.000,0.257,0,,54,S,,,447739,325.81,0
922,2225.599,"Mount",-0.313,-0.154,-0.214,0.276,-0.135,0.276,33,E,58,S,,,446104,318.92,0
923,2227.979,"Mount",-0.056,-0.089,-0.011,0.105,0.000,0.000,0,,0,,,,454349,368.17,0
924,2230.149,"Mount",-0.033,-0.157,0.039,0.155,0.000,0.000,0,,0,,,,465476,339.29,0
925,2232.534,"Mount",0.061,0.024,0.045,-0.048,0.000,0.000,0,,0,,,,472968,351.79,0
926,2234.701,"Mount",0.038,-0.062,0.061,0.038,0.000,0.000,0,,0,,,,456161,335.06,0
927,2237.045,"Mount",-0.058,-0.113,-0.003,0.127,0.000,0.000,0,,0,,,,471659,345.93,0
928,2239.250,"Mount",-0.160,-0.041,-0.126,0.107,0.000,0.000,0,,0,,,,470437,362.09,0
929,2241.880,"Mount",-0.158,0.108,-0.189,-0.027,-0.119,0.000,29,E,0,,,,471254,379.28,0
930,2244.120,"Mount",-0.243,0.058,-0.243,0.054,-0.162,0.000,39,E,0,,,,471737,355.13,0
931,2246.468,"Mount",-0.129,-0.135,-0.057,0.178,0.000,0.000,0,,0,,,,455159,356.35,0
932,2248.800,"Mount",-0.065,-0.236,0.045,0.241,0.000,0.241,0,,51,S,,,467859,357.89,0
933,2251.208,"Mount",-0.089,-0.221,0.017,0.238,0.000,0.238,0,,50,S,,,476698,365.12,0
934,2253.514,"Mount",0.177,-0.166,0.232,0.072,0.146,0.000,35,W,0,,,,461812,326.06,0
935,2255.868,"Mount",0.134,0.087,0.082,-0.137,0.000,0.000,0,,0,,,,474979,350.25,0
936,2258.232,"Mount",0.125,-0.340,0.261,0.251,0.165,0.251,40,W,53,S,,,480881,347.11,0
937,2260.570,"Mount",0.013,0.230,-0.089,-0.212,0.000,0.000,0,,0,,,,492312,366.22,0
938,2262.790,"Mount",-0.071,0.124,-0.118,-0.080,0.000,0.000,0,,0,,,,474983,363.28,0
939,2265.132,"Mount",-0.021,0.226,-0.118,-0.194,0.000,0.000,0,,0,,,,484883,364.93,0
940,2267.336,"Mount",-0.034,-0.034,-0.016,0.045,0.000,0.000,0,,0,,,,462898,356.50,0
941,2269.731,"Mount",0.100,0.215,-0.005,-0.238,0.000,0.000,0,,0,,,,491150,356.76,0
942,2272.056,"Mount",0.248,0.023,0.213,-0.130,0.134,0.000,32,W,0,,,,464793,346.05,0
943,2274.489,"Mount",0.320,0.120,0.235,-0.248,0.157,0.000,38,W,0,,,,462951,355.35,0
944,2276.784,"Mount",0.275,0.038,0.230,-0.155,0.156,0.000,38,W,0,,,,483779,342.34,0
945,2279.224,"Mount",-0.351,-0.016,-0.309,0.168,-0.184,0.000,44,E,0,,,,466478,351.28,0
946,2281.536,"Mount",-0.253,0.093,-0.268,0.027,-0.182,0.000,44,E,0,,,,470505,355.62,0
947,2283.944,"Mount",-0.246,0.159,-0.291,-0.035,-0.196,0.000,47,E,0,,,,482722,359.14,0
948,2286.162,"Mount",0.045,0.176,-0.037,-0.178,0.000,0.000,0,,0,,,,453588,338.55,0
949,2288.617,"Mount",-0.131,0.031,-0.132,0.030,-0.083,0.000,20,E,0,,,,467046,366.21,0
950,2290.904,"Mount",0.307,-0.189,0.359,0.035,0.220,0.000,53,W,0,,,,476646,344.35,0
951,2293.633,"Mount",0.363,-0.161,0.397,-0.014,0.265,0.000,64,W,0,,,,452450,344.41,0
952,2296.008,"Mount",0.534,-0.323,0.622,0.056,0.410,0.000,99,W,0,,,,456490,331.94,0
953,2298.456,"Mount",0.152,-0.289,0.263,0.193,0.195,0.000,47,W,0,,,,475328,331.61,0
954,2300.704,"Mount",-0.181,-0.183,-0.082,0.244,0.000,0.244,0,,51,S,,,448129,351.06,0
955,2303.070,"Mount",-0.058,-0.131,0.005,0.143,0.000,0.000,0,,0,,,,473338,338.57,0
956,2305.360,"Mount",-0.268,-0.043,-0.221,0.156,-0.139,0.000,34,E,0,,,,461678,373.86,0
957,2307.896,"Mount",0.144,-0.313,0.267,0.218,0.158,0.218,38,W,46,S,,,469048,343.20,0
958,2310.208,"Mount",0.172,-0.044,0.174,-0.036,0.121,0.000,29,W,0,,,,456729,339.77,0
959,2312.664,"Mount",0.116,-0.218,0.200,0.145,0.134,0.000,32,W,0,,,,458627,352.27,0
960,2314.884,"Mount",0.045,-0.097,0.083,0.067,0.000,0.000,0,,0,,,,444396,361.74,0
961,2317.336,"Mount",0.434,-0.322,0.531,0.099,0.335,0.000,81,W,0,,,,460646,364.58,0
962,2319.688,"Mount",0.402,-0.418,0.545,0.200,0.367,0.000,89,W,0,,,,488416,348.75,0
963,2322.208,"Mount",0.187,-0.332,0.313,0.216,0.223,0.216,54,W,45,S,,,461410,341.57,0
964,2324.673,"Mount",-0.097,-0.263,0.029,0.278,0.000,0.278,0,,58,S,,,470906,353.49,0
965,2327.023,"Mount",0.014,0.194,-0.073,-0.180,0.000,0.000,0,,0,,,,467953,374.97,0
966,2329.288,"Mount",0.292,0.020,0.254,-0.146,0.160,0.000,39,W,0,,,,472033,363.64,0
967,2331.690,"Mount",0.137,0.046,0.103,-0.101,0.000,0.000,0,,0,,,,468708,381.59,0
968,2333.953,"Mount",0.290,0.177,0.183,-0.286,0.115,0.000,28,W,0,,,,459989,327.62,0
969,2336.408,"Mount",0.537,0.373,0.319,-0.571,0.209,0.000,50,W,0,,,,471165,361.04,0
970,2338.824,"Mount",0.572,0.067,0.485,-0.311,0.320,0.000,77,W,0,,,,465536,348.92,0
971,2341.208,"Mount",-0.106,0.143,-0.158,-0.082,-0.077,0.000,19,E,0,,,,498514,384.91,0
972,2343.437,"Mount",0.029,-0.100,0.070,0.077,0.000,0.000,0,,0,,,,479931,321.05,0
973,2345.841,"Mount",0.003,0.083,-0.033,-0.076,0.000,0.000,0,,0,,,,484823,351.54,0
974,2348.144,"Mount",-0.250,0.265,-0.341,-0.128,-0.215,0.000,52,E,0,,,,480341,357.11,0
975,2350.648,"Mount",-0.254,0.244,-0.336,-0.108,-0.227,0.000,55,E,0,,,,472144,310.27,0
976,2352.845,"Mount",0.138,0.147,0.060,-0.193,0.000,0.000,0,,0,,,,479451,389.88,0
977,2355.321,"Mount",0.265,0.143,0.175,-0.245,0.110,0.000,27,W,0,,,,462324,338.78,0
978,2357.690,"Mount",0.834,0.000,0.749,-0.367,0.480,0.000,116,W,0,,,,485302,363.93,0
979,2360.057,"Mount",0.066,0.130,0.002,-0.146,0.000,0.000,0,,0,,,,472941,392.92,0
980,2362.345,"Mount",0.293,-0.013,0.269,-0.117,0.170,0.000,41,W,0,,,,480278,358.55,0
981,2364.706,"Mount",-0.082,0.012,-0.079,0.025,0.000,0.000,0,,0,,,,468003,293.08,0
982,2366.960,"Mount",-0.050,0.232,-0.147,-0.187,-0.093,0.000,22,E,0,,,,459384,313.56,0
983,2369.424,"Mount",-0.290,0.213,-0.354,-0.063,-0.230,0.000,55,E,0,,,,484031,367.67,0
984,2371.760,"Mount",-0.136,0.174,-0.199,-0.097,-0.141,0.000,34,E,0,,,,476050,359.39,0
985,2374.168,"Mount",-0.217,-0.044,-0.175,0.135,-0.120,0.000,29,E,0,,,,482994,349.88,0
986,2376.536,"Mount",0.027,-0.013,0.030,-0.000,0.000,0.000,0,,0,,,,474028,348.94,0
987,2378.961,"Mount",-0.060,0.022,-0.063,0.006,0.000,0.000,0,,0,,,,475869,383.10,0
988,2381.141,"Mount",-0.078,0.075,-0.103,-0.033,0.000,0.000,0,,0,,,,469777,340.17,0
989,2383.649,"Mount",-0.332,0.134,-0.357,0.025,-0.225,0.000,54,E,0,,,,472155,361.17,0
990,2385.960,"Mount",-0.255,0.330,-0.374,-0.185,-0.252,0.000,61,E,0,,,,473397,339.23,0
991,2388.416,"Mount",-0.267,0.304,-0.373,-0.156,-0.252,0.000,61,E,0,,,,461888,349.15,0
992,2390.658,"Mount",-0.154,0.110,-0.187,-0.031,-0.135,0.000,33,E,0,,,,481758,357.87,0
993,2393.032,"Mount",-0.017,-0.005,-0.013,0.012,0.000,0.000,0,,0,,,,461335,346.76,0
994,2395.265,"Mount",-0.007,0.010,-0.011,-0.006,0.000,0.000,0,,0,,,,472578,368.13,0
995,2397.673,"Mount",0.124,0.045,0.092,-0.095,0.000,0.000,0,,0,,,,468646,355.54,0
996,2399.863,"Mount",-0.015,-0.058,0.012,0.059,0.000,0.000,0,,0,,,,473916,334.63,0
997,2402.194,"Mount",0.018,0.008,0.013,-0.015,0.000,0.000,0,,0,,,,483783,345.82,0
998,2404.515,"Mount",-0.163,0.062,-0.174,0.016,-0.109,0.000,26,E,0,,,,460802,319.09,0
999,2406.913,"Mount",-0.143,0.111,-0.177,-0.037,-0.119,0.000,29,E,0,,,,460914,355.96,0
1000,2409.169,"Mount",-0.130,0.144,-0.180,-0.072,-0.122,0.000,29,E,0,,,,482083,385.72,0
1001,2411.538,"Mount",-0.025,0.175,-0.099,-0.146,0.000,0.000,0,,0,,,,500579,360.80,0
1002,2413.872,"Mount",-0.091,0.339,-0.231,-0.265,-0.145,0.000,35,E,0,,,,475579,355.39,0
1003,2416.361,"Mount",-0.136,0.093,-0.162,-0.024,-0.112,0.000,27,E,0,,,,475254,341.48,0
1004,2418.545,"Mount",0.082,0.155,0.005,-0.176,0.000,0.000,0,,0,,,,473080,340.65,0
1005,2420.953,"Mount",0.603,0.078,0.507,-0.335,0.320,0.000,77,W,0,,,,443823,341.19,0
1006,2423.264,"Mount",0.291,0.068,0.232,-0.189,0.169,0.000,41,W,0,,,,450819,361.94,0
1007,2425.720,"Mount",-0.056,0.211,-0.143,-0.165,-0.078,0.000,19,E,0,,,,482325,343.84,0
1008,2428.083,"Mount",-0.620,0.322,-0.699,-0.017,-0.446,0.000,108,E,0,,,,477461,356.66,0
1009,2430.407,"Mount",-0.110,0.013,-0.104,0.036,0.000,0.000,0,,0,,,,477020,377.25,0
1010,2432.713,"Mount",-0.340,0.129,-0.362,0.033,-0.228,0.000,55,E,0,,,,470481,354.30,0
1011,2435.064,"Mount",0.003,0.033,-0.012,-0.031,0.000,0.000,0,,0,,,,475801,298.35,0
1012,2437.377,"Mount",-0.451,0.087,-0.443,0.119,-0.279,0.000,67,E,0,,,,476572,344.80,0
1013,2439.756,"Mount",0.059,-0.103,0.099,0.067,0.000,0.000,0,,0,,,,475505,361.63,0
1014,2442.104,"Mount",-0.053,-0.316,0.091,0.308,0.000,0.308,0,,65,S,,,482641,341.21,0
1015,2444.502,"Mount",0.093,-0.077,0.117,0.028,0.000,0.000,0,,0,,,,494529,376.88,0
1016,2446.833,"Mount",0.381,-0.214,0.436,0.025,0.275,0.000,66,W,0,,,,449848,345.21,0
1017,2449.362,"Mount",0.056,-0.188,0.133,0.144,0.103,0.000,25,W,0,,,,461527,361.16,0
1018,2451.735,"Mount",-0.078,-0.152,-0.003,0.171,0.000,0.000,0,,0,,,,485356,348.84,0
1019,2454.161,"Mount",-0.179,-0.059,-0.134,0.132,-0.085,0.000,20,E,0,,,,463910,369.90,0
1020,2456.401,"Mount",-0.230,-0.105,-0.161,0.195,-0.107,0.000,26,E,0,,,,462642,355.54,0
1021,2458.849,"Mount",0.027,-0.081,0.060,0.060,0.000,0.000,0,,0,,,,464145,340.72,0
1022,2461.070,"Mount",0.049,-0.136,0.103,0.101,0.000,0.000,0,,0,,,,479742,374.76,0
1023,2463.447,"Mount",-0.042,0.001,-0.038,0.017,0.000,0.000,0,,0,,,,461906,371.90,0
1024,2465.737,"Mount",0.165,-0.008,0.152,-0.066,0.096,0.000,23,W,0,,,,476527,350.06,0
1025,2468.066,"Mount",0.001,0.172,-0.074,-0.155,0.000,0.000,0,,0,,,,485048,369.51,0
1026,2470.345,"Mount",0.059,0.068,0.023,-0.087,0.000,0.000,0,,0,,,,473030,367.03,0
1027,2472.793,"Mount",-0.181,0.266,-0.279,-0.159,-0.176,0.000,42,E,0,,,,481051,367.94,0
1028,2475.041,"Mount",-0.105,0.291,-0.222,-0.216,-0.152,0.000,37,E,0,,,,474540,367.66,0
1029,2477.413,"Mount",-0.042,0.151,-0.104,-0.117,0.000,0.000,0,,0,,,,468401,336.96,0
1030,2479.719,"Mount",0.177,-0.046,0.180,-0.037,0.113,0.000,27,W,0,,,,447782,325.81,0
1031,2482.161,"Mount",-0.268,0.111,-0.290,0.018,-0.175,0.000,42,E,0,,,,472324,350.95,0
1032,2484.422,"Mount",0.143,0.026,0.117,-0.086,0.000,0.000,0,,0,,,,474651,391.24,0
1033,2486.791,"Mount",0.134,0.004,0.119,-0.063,0.000,0.000,0,,0,,,,472773,331.38,0
1034,2489.081,"Mount",0.178,-0.097,0.203,0.009,0.128,0.000,31,W,0,,,,468677,349.49,0
1035,2491.750,"Mount",0.149,-0.172,0.210,0.089,0.141,0.000,34,W,0,,,,453499,348.65,0
1036,2494.041,"Mount",0.096,-0.125,0.142,0.070,0.099,0.000,24,W,0,,,,476699,330.13,0
1037,2496.457,"Mount",-0.192,0.147,-0.237,-0.048,-0.142,0.000,34,E,0,,,,487854,343.70,0
1038,2498.848,"Mount",-0.328,-0.235,-0.191,0.355,-0.131,0.355,32,E,74,S,,,474784,367.30,0
1039,2501.347,"Mount",-0.662,0.335,-0.742,-0.010,-0.477,0.000,115,E,0,,,,462856,337.80,0
1040,2503.621,"Mount",0.077,0.131,0.011,-0.152,0.000,0.000,0,,0,,,,477893,369.89,0
1041,2506.041,"Mount",0.230,-0.158,0.276,0.041,0.174,0.000,42,W,0,,,,450243,369.97,0
1042,2508.481,"Mount",0.806,-0.100,0.768,-0.264,0.496,0.000,120,W,0,,,,462257,347.78,0
1043,2510.840,"Mount",0.028,0.018,0.017,-0.029,0.000,0.000,0,,0,,,,477882,365.50,0
1044,2513.423,"Mount",0.273,-0.117,0.296,-0.014,0.187,0.000,45,W,0,,,,457265,349.50,0
1045,2515.933,"Mount",0.151,-0.045,0.156,-0.026,0.111,0.000,27,W,0,,,,468615,339.11,0
1046,2518.249,"Mount",-0.038,0.102,-0.079,-0.075,0.000,0.000,0,,0,,,,454026,330.64,0
1047,2520.559,"Mount",-0.036,0.055,-0.056,-0.033,0.000,0.000,0,,0,,,,471964,353.40,0
1048,2522.865,"Mount",-0.265,0.024,-0.249,0.094,-0.157,0.000,38,E,0,,,,464906,366.76,0
1049,2525.237,"Mount",0.035,-0.011,0.036,-0.006,0.000,0.000,0,,0,,,,471566,357.01,0
1050,2527.537,"Mount",-0.267,0.005,-0.242,0.113,-0.152,0.000,37,E,0,,,,460376,342.48,0
1051,2529.910,"Mount",0.041,-0.039,0.054,0.018,0.000,0.000,0,,0,,,,458352,327.39,0
1052,2532.243,"Mount",0.033,0.104,-0.016,-0.107,0.000,0.000,0,,0,,,,476711,360.44,0
1053,2534.721,"Mount",0.247,-0.036,0.237,-0.076,0.150,0.000,36,W,0,,,,451718,342.60,0
1054,2536.923,"Mount",0.008,0.121,-0.046,-0.112,0.000,0.000,0,,0,,,,469658,374.50,0
1055,2539.289,"Mount",0.086,0.028,0.065,-0.063,0.000,0.000,0,,0,,,,488044,374.21,0
1056,2541.537,"Mount",-0.122,0.106,-0.156,-0.042,-0.098,0.000,24,E,0,,,,479569,340.68,0
INFO: SET LOCK POSITION, new lock pos = 674.588, 876.361
INFO: DITHER by -3.259, 3.589, new lock pos = 670.084, 874.566
INFO: SETTLING STATE CHANGE, Settling started
1057,2546.417,"Mount",4.504,1.795,3.259,-3.589,3.259,-3.589,787,W,1211,N,,,492578,355.80,0
1058,2549.721,"Mount",0.189,3.436,-1.338,-3.171,-0.843,-3.171,204,E,666,N,,,451033,343.88,0
1059,2552.811,"Mount",0.873,3.258,-0.646,-3.311,-0.466,-3.311,112,E,695,N,,,494966,348.03,0
1060,2555.608,"Mount",0.165,1.475,-0.499,-1.398,-0.347,-1.398,84,E,294,N,,,457254,370.00,0
1061,2558.008,"Mount",0.134,0.598,-0.142,-0.596,-0.114,-0.596,28,E,125,N,,,473257,306.36,0
1062,2561.041,"Mount",-0.281,-0.672,0.042,0.727,0.000,0.727,0,,610,S,,,470971,338.17,0
1063,2563.584,"Mount",-0.005,-0.676,0.292,0.610,0.184,0.610,44,W,128,S,,,462088,342.20,0
1064,2566.059,"Mount",-0.287,-0.366,-0.097,0.455,0.000,0.455,0,,96,S,,,454546,305.78,0
1065,2568.403,"Mount",-0.268,-0.469,-0.035,0.539,0.000,0.539,0,,113,S,,,459488,355.74,0
1066,2570.848,"Mount",-0.194,-0.397,0.000,0.442,0.000,0.442,0,,93,S,,,443841,345.15,0
1067,2573.177,"Mount",-0.183,-0.588,0.094,0.609,0.000,0.609,0,,128,S,,,455333,322.47,0
INFO: SETTLING STATE CHANGE, Settling complete
1068,2575.744,"Mount",-0.188,-0.549,0.072,0.576,0.000,0.576,0,,121,S,,,440579,355.49,0
1069,2578.027,"Mount",-0.085,-0.357,0.080,0.358,0.000,0.358,0,,75,S,,,445058,340.57,0
1070,2580.537,"Mount",0.063,-0.190,0.140,0.143,0.088,0.000,21,W,0,,,,460820,370.76,0
1071,2582.759,"Mount",-0.091,0.037,-0.098,0.007,0.000,0.000,0,,0,,,,443003,335.73,0
1072,2585.185,"Mount",-0.056,-0.059,-0.024,0.078,0.000,0.000,0,,0,,,,457410,357.68,0
1073,2587.547,"Mount",-0.210,-0.036,-0.173,0.124,-0.109,0.000,26,E,0,,,,474592,357.31,0
1074,2589.888,"Mount",0.055,-0.008,0.053,-0.017,0.000,0.000,0,,0,,,,456458,292.69,0
1075,2592.193,"Mount",0.195,-0.220,0.271,0.112,0.171,0.000,41,W,0,,,,456665,308.22,0
1076,2594.609,"Mount",0.145,-0.276,0.252,0.185,0.171,0.000,41,W,0,,,,453216,340.50,0
1077,2597.121,"Mount",0.489,-0.722,0.756,0.435,0.488,0.435,118,W,91,S,,,472216,338.69,0
1078,2599.550,"Mount",0.029,-0.045,0.046,0.028,0.000,0.000,0,,0,,,,449204,335.41,0
1079,2601.833,"Mount",0.222,-0.155,0.267,0.042,0.168,0.000,41,W,0,,,,462032,354.29,0
1080,2604.256,"Mount",-0.183,-0.157,-0.096,0.222,0.000,0.222,0,,47,S,,,440726,347.07,0
1081,2606.648,"Mount",0.098,-0.290,0.216,0.218,0.136,0.218,33,W,46,S,,,452091,356.34,0
1082,2609.161,"Mount",-0.250,-0.101,-0.180,0.201,-0.104,0.201,25,E,42,S,,,455383,344.20,0
1083,2611.461,"Mount",-0.065,-0.198,0.028,0.206,0.000,0.206,0,,43,S,,,437445,319.82,0
1084,2613.937,"Mount",0.190,-0.073,0.202,-0.018,0.128,0.000,31,W,0,,,,446823,298.43,0
1085,2616.209,"Mount",0.178,-0.132,0.218,0.041,0.147,0.000,35,W,0,,,,443800,355.37,0
1086,2618.673,"Mount",0.239,0.064,0.187,-0.162,0.128,0.000,31,W,0,,,,465715,362.83,0
1087,2620.861,"Mount",0.042,0.076,0.005,-0.087,0.000,0.000,0,,0,,,,456943,335.34,0
1088,2623.238,"Mount",0.128,-0.026,0.126,-0.032,0.000,0.000,0,,0,,,,438206,309.52,0
1089,2625.501,"Mount",0.043,0.001,0.039,-0.020,0.000,0.000,0,,0,,,,444189,363.68,0
1090,2628.001,"Mount",0.297,-0.253,0.378,0.097,0.238,0.000,58,W,0,,,,482314,361.76,0
1091,2630.321,"Mount",0.246,-0.280,0.344,0.143,0.233,0.000,56,W,0,,,,470057,365.83,0
1092,2632.715,"Mount",-0.022,-0.129,0.037,0.126,0.000,0.000,0,,0,,,,444583,312.17,0
1093,2635.000,"Mount",-0.212,-0.204,-0.101,0.276,0.000,0.276,0,,58,S,,,462066,361.37,0
1094,2637.375,"Mount",0.074,-0.068,0.097,0.028,0.000,0.000,0,,0,,,,446639,328.56,0
1095,2639.611,"Mount",0.044,0.082,0.004,-0.093,0.000,0.000,0,,0,,,,439323,340.11,0
1096,2642.057,"Mount",0.105,-0.193,0.179,0.127,0.113,0.000,27,W,0,,,,427560,314.47,0
1097,2644.219,"Mount",-0.171,-0.068,-0.124,0.136,0.000,0.000,0,,0,,,,448342,325.89,0
1098,2646.681,"Mount",-0.331,-0.006,-0.295,0.151,-0.186,0.000,45,E,0,,,,469718,305.27,0
1099,2649.177,"Mount",-0.549,-0.022,-0.483,0.261,-0.318,0.261,77,E,55,S,,,474014,358.81,0
1100,2651.569,"Mount",0.066,-0.136,0.119,0.094,0.000,0.000,0,,0,,,,434014,329.35,0
1101,2653.831,"Mount",-0.152,-0.106,-0.090,0.162,0.000,0.000,0,,0,,,,445804,300.75,0
1102,2656.297,"Mount",0.223,-0.144,0.264,0.031,0.166,0.000,40,W,0,,,,459202,355.44,0
1103,2658.476,"Mount",-0.128,-0.028,-0.103,0.081,0.000,0.000,0,,0,,,,449133,367.19,0
1104,2660.889,"Mount",0.302,-0.202,0.360,0.049,0.227,0.000,55,W,0,,,,469606,334.70,0
1105,2663.163,"Mount",0.197,-0.142,0.239,0.041,0.167,0.000,40,W,0,,,,463157,308.59,0
1106,2665.713,"Mount",-0.261,0.018,-0.243,0.098,-0.141,0.000,34,E,0,,,,447420,337.81,0
1107,2668.001,"Mount",-0.226,0.112,-0.252,-0.001,-0.168,0.000,41,E,0,,,,439729,345.60,0
1108,2670.417,"Mount",-0.230,0.035,-0.222,0.070,-0.152,0.000,37,E,0,,,,459584,337.16,0
1109,2672.705,"Mount",-0.311,-0.060,-0.253,0.190,-0.170,0.000,41,E,0,,,,455453,326.33,0
1110,2675.201,"Mount",-0.291,-0.099,-0.218,0.217,-0.149,0.217,36,E,46,S,,,451007,362.00,0
1111,2677.562,"Mount",-0.261,-0.086,-0.197,0.191,-0.135,0.000,32,E,0,,,,461613,335.77,0
1112,2680.136,"Mount",-0.343,-0.070,-0.277,0.213,-0.184,0.213,44,E,45,S,,,467520,370.32,0
1113,2682.449,"Mount",-0.331,0.085,-0.335,0.069,-0.224,0.000,54,E,0,,,,442756,343.40,0
1114,2684.897,"Mount",-0.351,0.034,-0.330,0.124,-0.224,0.000,54,E,0,,,,459200,333.01,0
1115,2687.382,"Mount",-0.288,0.014,-0.265,0.114,-0.183,0.000,44,E,0,,,,458286,360.70,0
1116,2689.928,"Mount",-0.229,-0.127,-0.150,0.215,-0.107,0.215,26,E,45,S,,,464469,304.41,0
1117,2692.274,"Mount",-0.347,0.004,-0.313,0.148,-0.205,0.000,49,E,0,,,,453196,346.96,0
1118,2694.684,"Mount",-0.154,0.014,-0.145,0.055,-0.106,0.000,26,E,0,,,,444717,316.35,0
1119,2696.897,"Mount",0.070,-0.091,0.103,0.051,0.000,0.000,0,,0,,,,438017,338.90,0
1120,2699.313,"Mount",-0.240,-0.014,-0.209,0.118,-0.132,0.000,32,E,0,,,,446396,334.14,0
1121,2701.539,"Mount",-0.061,0.049,-0.076,-0.018,0.000,0.000,0,,0,,,,446124,323.58,0
1122,2703.953,"Mount",-0.280,0.168,-0.325,-0.028,-0.205,0.000,49,E,0,,,,482481,318.42,0
1123,2706.257,"Mount",-0.212,0.111,-0.240,-0.007,-0.165,0.000,40,E,0,,,,460992,317.61,0
1124,2708.809,"Mount",-0.382,0.080,-0.378,0.096,-0.250,0.000,60,E,0,,,,466609,344.79,0
1125,2711.113,"Mount",-0.260,0.021,-0.242,0.095,-0.170,0.000,41,E,0,,,,465061,356.46,0
1126,2713.585,"Mount",-0.237,0.123,-0.267,-0.007,-0.180,0.000,44,E,0,,,,450870,303.41,0
1127,2715.977,"Mount",-0.182,0.067,-0.193,0.019,-0.134,0.000,32,E,0,,,,472744,359.43,0
1128,2718.441,"Mount",-0.014,-0.059,0.013,0.059,0.000,0.000,0,,0,,,,450165,332.13,0
1129,2720.665,"Mount",0.207,-0.159,0.256,0.053,0.161,0.000,39,W,0,,,,458724,309.62,0
1130,2723.105,"Mount",0.167,-0.078,0.184,-0.003,0.127,0.000,31,W,0,,,,441217,346.99,0
1131,2725.388,"Mount",-0.290,-0.005,-0.258,0.131,-0.154,0.000,37,E,0,,,,450874,336.98,0
1132,2728.009,"Mount",-0.766,0.050,-0.710,0.291,-0.458,0.291,111,E,61,S,,,470023,358.45,0
1133,2730.369,"Mount",-0.375,0.066,-0.366,0.106,-0.263,0.000,63,E,0,,,,453011,309.93,0
1134,2732.865,"Mount",-0.343,0.087,-0.347,0.072,-0.237,0.000,57,E,0,,,,467044,365.29,0
1135,2735.156,"Mount",-0.255,0.024,-0.240,0.090,-0.168,0.000,40,E,0,,,,440256,304.60,0
1136,2737.557,"Mount",-0.185,-0.085,-0.129,0.158,0.000,0.000,0,,0,,,,438464,336.67,0
1137,2739.807,"Mount",0.016,-0.030,0.028,0.019,0.000,0.000,0,,0,,,,444472,330.12,0
1138,2742.257,"Mount",0.318,-0.328,0.430,0.155,0.271,0.000,65,W,0,,,,465817,359.14,0
1139,2744.585,"Mount",0.299,-0.315,0.407,0.152,0.275,0.000,66,W,0,,,,457999,323.82,0
1140,2746.928,"Mount",0.028,-0.054,0.048,0.036,0.000,0.000,0,,0,,,,442343,306.04,0
1141,2749.329,"Mount",-0.175,-0.045,-0.137,0.117,-0.086,0.000,21,E,0,,,,456452,307.88,0
1142,2751.889,"Mount",0.121,-0.259,0.222,0.180,0.134,0.000,32,W,0,,,,456355,367.16,0
1143,2754.226,"Mount",-0.357,0.007,-0.323,0.151,-0.194,0.000,47,E,0,,,,457111,338.67,0
1144,2756.665,"Mount",-0.008,-0.302,0.125,0.275,0.000,0.275,0,,58,S,,,440790,337.76,0
1145,2759.009,"Mount",-0.100,-0.240,0.016,0.260,0.000,0.260,0,,55,S,,,463795,336.72,0
1146,2761.472,"Mount",0.157,-0.261,0.255,0.165,0.161,0.000,39,W,0,,,,452025,344.29,0
1147,2763.769,"Mount",-0.176,-0.143,-0.095,0.205,0.000,0.205,0,,43,S,,,452950,315.18,0
1148,2766.166,"Mount",0.021,-0.137,0.079,0.114,0.000,0.000,0,,0,,,,447631,356.28,0
1149,2768.400,"Mount",-0.069,0.086,-0.099,-0.047,0.000,0.000,0,,0,,,,450580,308.25,0
1150,2770.766,"Mount",-0.142,-0.106,-0.081,0.158,0.000,0.000,0,,0,,,,437360,350.90,0
1151,2773.097,"Mount",-0.310,-0.130,-0.222,0.253,-0.140,0.253,34,E,53,S,,,457581,349.56,0
1152,2775.586,"Mount",-0.316,-0.046,-0.263,0.180,-0.176,0.000,42,E,0,,,,443814,316.32,0
1153,2777.929,"Mount",-0.303,0.007,-0.275,0.127,-0.185,0.000,45,E,0,,,,451240,330.59,0
1154,2780.441,"Mount",0.152,-0.319,0.276,0.220,0.161,0.220,39,W,46,S,,,444533,329.28,0
1155,2782.713,"Mount",0.094,-0.261,0.199,0.193,0.137,0.000,33,W,0,,,,439055,341.95,0
1156,2785.110,"Mount",-0.041,-0.156,0.032,0.158,0.000,0.000,0,,0,,,,434646,341.42,0
1157,2787.481,"Mount",0.070,-0.292,0.192,0.232,0.121,0.232,29,W,49,S,,,445705,325.99,0
1158,2789.850,"Mount",-0.003,0.040,-0.020,-0.034,0.000,0.000,0,,0,,,,465153,358.36,0
1159,2792.073,"Mount",-0.219,0.015,-0.203,0.083,-0.128,0.000,31,E,0,,,,450256,317.45,0
1160,2794.618,"Mount",-0.353,-0.068,-0.287,0.216,-0.190,0.216,46,E,45,S,,,461693,367.05,0
1161,2796.843,"Mount",-0.061,0.091,-0.095,-0.055,0.000,0.000,0,,0,,,,446225,341.65,0
1162,2799.465,"Mount",-0.735,-0.112,-0.611,0.423,-0.385,0.423,93,E,89,S,,,459159,342.05,0
1163,2801.721,"Mount",0.056,-0.119,0.102,0.082,0.000,0.000,0,,0,,,,465482,331.55,0
1164,2804.161,"Mount",0.224,0.091,0.162,-0.180,0.102,0.000,25,W,0,,,,485369,373.29,0
1165,2806.513,"Mount",0.808,-0.220,0.823,-0.157,0.525,0.000,127,W,0,,,,451535,317.34,0
1166,2809.001,"Mount",0.182,0.056,0.139,-0.130,0.124,0.000,30,W,0,,,,459947,336.35,0
1167,2811.482,"Mount",0.281,-0.067,0.282,-0.063,0.186,0.000,45,W,0,,,,478653,364.86,0
1168,2813.913,"Mount",-0.230,0.253,-0.318,-0.126,-0.187,0.000,45,E,0,,,,477625,382.26,0
1169,2816.209,"Mount",-0.281,0.031,-0.266,0.095,-0.181,0.000,44,E,0,,,,470076,354.30,0
1170,2818.571,"Mount",-0.060,0.014,-0.060,0.014,0.000,0.000,0,,0,,,,471046,331.04,0
1171,2820.736,"Mount",-0.098,0.040,-0.106,0.007,0.000,0.000,0,,0,,,,469808,356.77,0
1172,2823.219,"Mount",-0.312,0.134,-0.339,0.016,-0.214,0.000,52,E,0,,,,448741,326.17,0
1173,2825.405,"Mount",0.029,0.025,0.015,-0.035,0.000,0.000,0,,0,,,,457424,333.41,0
1174,2827.873,"Mount",0.245,0.063,0.193,-0.164,0.121,0.000,29,W,0,,,,479730,340.24,0
1175,2830.129,"Mount",0.361,0.162,0.253,-0.304,0.168,0.000,41,W,0,,,,461691,361.40,0
1176,2832.689,"Mount",-0.253,0.176,-0.305,-0.047,-0.180,0.000,44,E,0,,,,471192,357.45,0
1177,2835.068,"Mount",-0.115,0.109,-0.152,-0.048,-0.108,0.000,26,E,0,,,,459319,365.24,0
1178,2837.405,"Mount",-0.084,0.062,-0.103,-0.019,0.000,0.000,0,,0,,,,468714,369.75,0
1179,2839.729,"Mount",-0.200,0.230,-0.280,-0.119,-0.177,0.000,43,E,0,,,,456391,311.38,0
1180,2842.118,"Mount",0.086,-0.104,0.123,0.056,0.000,0.000,0,,0,,,,455438,334.84,0
1181,2844.357,"Mount",-0.104,-0.117,-0.042,0.150,0.000,0.000,0,,0,,,,462835,306.58,0
1182,2846.717,"Mount",-0.067,0.013,-0.066,0.017,0.000,0.000,0,,0,,,,448294,331.31,0
1183,2849.049,"Mount",-0.141,0.154,-0.195,-0.076,-0.123,0.000,30,E,0,,,,471204,362.37,0
1184,2851.434,"Mount",0.070,0.085,0.026,-0.107,0.000,0.000,0,,0,,,,459196,359.03,0
1185,2853.655,"Mount",0.033,-0.137,0.090,0.108,0.000,0.000,0,,0,,,,465454,343.91,0
1186,2856.005,"Mount",-0.022,0.079,-0.054,-0.061,0.000,0.000,0,,0,,,,435297,327.44,0
1187,2858.241,"Mount",-0.192,0.030,-0.185,0.057,-0.117,0.000,28,E,0,,,,461077,330.42,0
1188,2860.673,"Mount",-0.189,0.073,-0.202,0.018,-0.135,0.000,33,E,0,,,,466324,327.27,0
1189,2862.913,"Mount",-0.195,-0.017,-0.168,0.101,-0.116,0.000,28,E,0,,,,466456,350.41,0
1190,2865.312,"Mount",0.051,-0.010,0.051,-0.013,0.000,0.000,0,,0,,,,457464,330.45,0
1191,2867.609,"Mount",0.293,-0.007,0.267,-0.122,0.168,0.000,41,W,0,,,,447123,352.76,0
1192,2870.065,"Mount",0.309,-0.005,0.280,-0.131,0.188,0.000,45,W,0,,,,495830,376.41,0
1193,2872.393,"Mount",0.358,-0.161,0.392,-0.013,0.260,0.000,63,W,0,,,,476688,343.13,0
1194,2874.801,"Mount",-0.146,0.009,-0.135,0.056,-0.067,0.000,16,E,0,,,,462860,372.58,0
1195,2877.068,"Mount",-0.189,0.146,-0.234,-0.048,-0.152,0.000,37,E,0,,,,462990,364.91,0
1196,2879.503,"Mount",-0.240,0.061,-0.242,0.050,-0.163,0.000,39,E,0,,,,476944,358.32,0
1197,2881.796,"Mount",-0.082,0.038,-0.090,0.002,0.000,0.000,0,,0,,,,467128,315.23,0
1198,2884.262,"Mount",0.061,-0.098,0.098,0.061,0.000,0.000,0,,0,,,,471868,366.33,0
1199,2886.573,"Mount",-0.142,0.066,-0.156,0.003,-0.099,0.000,24,E,0,,,,466132,365.90,0
1200,2889.066,"Mount",0.260,-0.084,0.270,-0.038,0.163,0.000,39,W,0,,,,460569,335.71,0
1201,2891.337,"Mount",0.301,-0.144,0.333,-0.003,0.222,0.000,54,W,0,,,,483666,358.52,0
1202,2893.833,"Mount",0.441,-0.344,0.547,0.115,0.360,0.000,87,W,0,,,,482620,352.20,0
1203,2896.121,"Mount",0.322,-0.229,0.390,0.064,0.271,0.000,65,W,0,,,,464353,353.77,0
1204,2898.553,"Mount",-0.162,0.042,-0.164,0.033,-0.084,0.000,20,E,0,,,,441395,339.17,0
1205,2900.728,"Mount",0.063,-0.163,0.128,0.119,0.000,0.000,0,,0,,,,433511,336.82,0
1206,2903.169,"Mount",-0.159,0.057,-0.167,0.019,-0.105,0.000,25,E,0,,,,460941,368.03,0
1207,2905.465,"Mount",0.116,-0.087,0.142,0.028,0.082,0.000,20,W,0,,,,453808,339.92,0
1208,2907.804,"Mount",0.070,-0.081,0.098,0.042,0.000,0.000,0,,0,,,,436557,300.91,0
1209,2910.105,"Mount",0.264,-0.211,0.330,0.074,0.208,0.000,50,W,0,,,,466368,325.72,0
1210,2912.521,"Mount",0.167,-0.098,0.193,0.015,0.136,0.000,33,W,0,,,,447351,352.04,0
1211,2914.841,"Mount",0.373,-0.088,0.374,-0.085,0.245,0.000,59,W,0,,,,441921,340.95,0
1212,2917.187,"Mount",0.023,0.021,0.011,-0.029,0.000,0.000,0,,0,,,,464884,323.96,0
1213,2919.484,"Mount",0.229,-0.107,0.252,-0.004,0.159,0.000,38,W,0,,,,464945,328.97,0
1214,2921.822,"Mount",0.020,0.038,0.001,-0.043,0.000,0.000,0,,0,,,,462247,335.13,0
1215,2924.015,"Mount",0.003,0.009,-0.001,-0.010,0.000,0.000,0,,0,,,,470758,373.69,0
1216,2926.457,"Mount",-0.227,0.200,-0.292,-0.080,-0.184,0.000,44,E,0,,,,467241,317.30,0
1217,2928.769,"Mount",0.271,0.061,0.216,-0.173,0.124,0.000,30,W,0,,,,468016,326.63,0
1218,2931.274,"Mount",0.105,-0.000,0.095,-0.046,0.000,0.000,0,,0,,,,470056,354.20,0
1219,2933.580,"Mount",0.328,-0.082,0.330,-0.070,0.208,0.000,50,W,0,,,,463220,361.53,0
1220,2936.096,"Mount",-0.077,-0.112,-0.020,0.135,0.000,0.000,0,,0,,,,450532,329.49,0
1221,2938.287,"Mount",0.074,-0.120,0.119,0.075,0.000,0.000,0,,0,,,,452862,339.50,0
1222,2940.628,"Mount",-0.031,-0.054,-0.004,0.063,0.000,0.000,0,,0,,,,461890,361.97,0
1223,2942.797,"Mount",0.041,-0.120,0.090,0.089,0.000,0.000,0,,0,,,,447821,363.78,0
1224,2945.281,"Mount",-0.332,0.128,-0.355,0.030,-0.223,0.000,54,E,0,,,,460137,331.11,0
1225,2947.652,"Mount",-0.166,0.168,-0.223,-0.078,-0.156,0.000,38,E,0,,,,449543,330.89,0
1226,2950.082,"Mount",-0.267,0.203,-0.329,-0.065,-0.218,0.000,53,E,0,,,,476705,361.00,0
1227,2952.377,"Mount",-0.222,0.113,-0.249,-0.004,-0.172,0.000,42,E,0,,,,468448,352.96,0
1228,2954.744,"Mount",0.017,0.095,-0.027,-0.093,0.000,0.000,0,,0,,,,452253,321.63,0
1229,2957.113,"Mount",0.285,0.009,0.252,-0.133,0.159,0.000,38,W,0,,,,448202,303.50,0
1230,2959.625,"Mount",0.270,-0.253,0.354,0.108,0.234,0.000,57,W,0,,,,463264,292.71,0
1231,2961.962,"Mount",0.288,-0.247,0.367,0.096,0.248,0.000,60,W,0,,,,460011,351.95,0
1232,2964.299,"Mount",-0.145,-0.124,-0.075,0.175,0.000,0.000,0,,0,,,,471443,330.82,0
1233,2966.617,"Mount",-0.322,0.036,-0.305,0.109,-0.192,0.000,46,E,0,,,,470485,364.67,0
1234,2969.065,"Mount",-0.205,0.047,-0.205,0.048,-0.143,0.000,34,E,0,,,,469604,364.53,0
1235,2971.305,"Mount",-0.242,-0.093,-0.176,0.190,-0.121,0.000,29,E,0,,,,482687,323.48,0
1236,2973.753,"Mount",0.137,-0.096,0.165,0.026,0.096,0.000,23,W,0,,,,437755,332.34,0
1237,2976.017,"Mount",-0.277,0.018,-0.257,0.105,-0.155,0.000,37,E,0,,,,476025,346.61,0
1238,2978.382,"Mount",-0.087,-0.068,-0.048,0.099,0.000,0.000,0,,0,,,,485867,365.83,0
1239,2980.745,"Mount",-0.369,-0.064,-0.303,0.220,-0.191,0.220,46,E,46,S,,,459241,324.43,0
1240,2983.169,"Mount",0.188,0.015,0.162,-0.096,0.089,0.000,21,W,0,,,,457983,341.22,0
1241,2985.401,"Mount",-0.138,0.023,-0.134,0.039,-0.078,0.000,19,E,0,,,,453936,357.63,0
1242,2987.953,"Mount",-0.246,0.044,-0.241,0.069,-0.157,0.000,38,E,0,,,,475558,327.46,0
1243,2990.489,"Mount",-0.619,-0.133,-0.498,0.391,-0.325,0.391,78,E,82,S,,,495532,373.18,0
1244,2992.958,"Mount",-0.097,-0.139,-0.027,0.168,0.000,0.000,0,,0,,,,487747,363.85,0
1245,2995.273,"Mount",-0.234,-0.244,-0.103,0.322,0.000,0.322,0,,68,S,,,503474,360.66,0
1246,2997.692,"Mount",-0.090,-0.035,-0.066,0.071,0.000,0.000,0,,0,,,,469156,324.07,0
1247,2999.887,"Mount",0.092,0.136,0.023,-0.163,0.000,0.000,0,,0,,,,471088,322.80,0
1248,3002.240,"Mount",0.037,0.227,-0.066,-0.220,0.000,0.000,0,,0,,,,463651,324.44,0
1249,3004.513,"Mount",-0.172,0.330,-0.300,-0.221,-0.189,0.000,46,E,0,,,,466754,352.88,0
1250,3006.969,"Mount",-0.312,0.131,-0.338,0.019,-0.226,0.000,55,E,0,,,,468043,344.74,0
1251,3009.323,"Mount",-0.477,0.383,-0.596,-0.135,-0.391,0.000,95,E,0,,,,459963,319.07,0
1252,3011.761,"Mount",-0.124,0.107,-0.159,-0.041,-0.127,0.000,31,E,0,,,,479418,350.75,0
1253,3014.065,"Mount",-0.227,0.290,-0.332,-0.161,-0.218,0.000,53,E,0,,,,463103,315.22,0
1254,3016.497,"Mount",0.290,-0.037,0.277,-0.094,0.159,0.000,38,W,0,,,,468020,347.93,0
1255,3018.810,"Mount",0.389,-0.078,0.384,-0.101,0.253,0.000,61,W,0,,,,464566,361.40,0
1256,3021.249,"Mount",0.303,-0.105,0.319,-0.038,0.218,0.000,53,W,0,,,,442158,307.98,0
1257,3023.521,"Mount",0.283,-0.133,0.313,-0.004,0.212,0.000,51,W,0,,,,451306,323.29,0
1258,3026.049,"Mount",-0.582,0.016,-0.530,0.241,-0.319,0.241,77,E,51,S,,,490980,369.45,0
1259,3028.401,"Mount",-0.545,0.224,-0.588,0.037,-0.393,0.000,95,E,0,,,,484447,359.76,0
1260,3030.841,"Mount",-0.110,0.129,-0.156,-0.068,-0.125,0.000,30,E,0,,,,452290,358.50,0
1261,3033.016,"Mount",0.075,0.113,0.018,-0.135,0.000,0.000,0,,0,,,,460960,319.54,0
1262,3035.428,"Mount",-0.071,0.104,-0.109,-0.063,0.000,0.000,0,,0,,,,481268,367.69,0
1263,3037.703,"Mount",-0.042,0.143,-0.100,-0.110,0.000,0.000,0,,0,,,,478985,363.29,0
1264,3040.137,"Mount",0.375,0.195,0.251,-0.340,0.158,0.000,38,W,0,,,,493865,344.17,0
1265,3042.473,"Mount",0.492,-0.062,0.469,-0.160,0.307,0.000,74,W,0,,,,472280,340.97,0
1266,3045.003,"Mount",0.477,-0.112,0.478,-0.109,0.323,0.000,78,W,0,,,,481609,368.01,0
1267,3047.319,"Mount",0.452,0.082,0.370,-0.272,0.256,0.000,62,W,0,,,,470721,357.89,0
1268,3050.313,"Mount",0.166,0.188,0.066,-0.242,0.000,-0.242,0,,544,N,,,461195,318.90,0
1269,3052.519,"Mount",0.150,0.112,0.085,-0.167,0.000,0.000,0,,0,,,,496372,355.96,0
1270,3054.885,"Mount",-0.022,0.003,-0.021,0.007,0.000,0.000,0,,0,,,,468815,369.57,0
1271,3057.060,"Mount",0.110,-0.028,0.111,-0.023,0.000,0.000,0,,0,,,,470861,349.87,0
1272,3059.403,"Mount",-0.059,-0.046,-0.033,0.067,0.000,0.000,0,,0,,,,449986,346.40,0
1273,3061.643,"Mount",-0.007,-0.065,0.022,0.062,0.000,0.000,0,,0,,,,473465,358.15,0
1274,3064.089,"Mount",0.032,-0.341,0.178,0.292,0.112,0.000,27,W,0,,,,457402,300.19,0
1275,3066.335,"Mount",0.003,-0.178,0.081,0.159,0.000,0.000,0,,0,,,,453690,345.66,0
1276,3068.841,"Mount",0.124,-0.119,0.163,0.052,0.103,0.000,25,W,0,,,,467567,324.81,0
1277,3071.049,"Mount",0.102,0.052,0.069,-0.092,0.000,0.000,0,,0,,,,480982,367.91,0
1278,3073.481,"Mount",-0.249,-0.039,-0.207,0.144,-0.130,0.000,31,E,0,,,,482830,374.24,0
1279,3075.809,"Mount",-0.387,-0.151,-0.282,0.306,-0.187,0.000,45,E,0,,,,485769,346.45,0
1280,3078.281,"Mount",0.146,-0.156,0.200,0.076,0.113,0.000,27,W,0,,,,469040,362.15,0
1281,3080.529,"Mount",0.186,-0.228,0.267,0.123,0.176,0.000,43,W,0,,,,488279,362.26,0
1282,3083.081,"Mount",0.131,-0.229,0.218,0.149,0.150,0.000,36,W,0,,,,457246,310.97,0
1283,3085.595,"Mount",0.051,-0.196,0.132,0.154,0.094,0.000,23,W,0,,,,481162,335.25,0
1284,3088.315,"Mount",0.084,-0.225,0.174,0.165,0.116,0.000,28,W,0,,,,449109,328.12,0
1285,3090.623,"Mount",0.086,-0.043,0.096,0.001,0.000,0.000,0,,0,,,,482579,345.75,0
1286,3093.061,"Mount",-0.197,-0.082,-0.141,0.160,-0.089,0.000,22,E,0,,,,468519,330.55,0
1287,3095.319,"Mount",-0.188,-0.106,-0.123,0.178,0.000,0.000,0,,0,,,,467419,344.95,0
1288,3097.809,"Mount",-0.363,0.041,-0.344,0.122,-0.217,0.000,52,E,0,,,,467167,363.47,0
1289,3100.137,"Mount",-0.180,0.018,-0.170,0.063,-0.122,0.000,29,E,0,,,,459264,323.13,0
1290,3102.553,"Mount",0.112,-0.205,0.191,0.135,0.112,0.000,27,W,0,,,,433228,327.10,0
1291,3104.841,"Mount",0.241,-0.219,0.313,0.091,0.205,0.000,50,W,0,,,,436818,337.00,0
1292,3107.329,"Mount",0.210,-0.313,0.327,0.189,0.220,0.000,53,W,0,,,,468755,347.18,0
1293,3109.691,"Mount",0.635,-0.610,0.839,0.270,0.544,0.000,131,W,0,,,,464143,366.04,0
1294,3112.465,"Mount",-0.201,-0.075,-0.147,0.156,-0.055,0.000,13,E,0,,,,470807,357.53,0
1295,3114.698,"Mount",0.032,0.047,0.008,-0.056,0.000,0.000,0,,0,,,,454850,336.96,0
1296,3117.090,"Mount",-0.287,-0.076,-0.225,0.194,-0.142,0.000,34,E,0,,,,459594,324.30,0
1297,3119.288,"Mount",-0.213,-0.171,-0.116,0.247,0.000,0.000,0,,0,,,,455746,311.95,0
1298,3121.654,"Mount",-0.158,-0.087,-0.104,0.147,0.000,0.000,0,,0,,,,446608,332.69,0
1299,3123.875,"Mount",-0.037,-0.040,-0.016,0.052,0.000,0.000,0,,0,,,,472168,362.37,0
1300,3126.252,"Mount",-0.088,-0.084,-0.042,0.114,0.000,0.000,0,,0,,,,445305,312.27,0
1301,3128.456,"Mount",-0.067,-0.125,-0.006,0.142,0.000,0.000,0,,0,,,,448784,346.83,0
1302,3130.905,"Mount",-0.311,-0.045,-0.260,0.177,-0.164,0.000,40,E,0,,,,474377,365.04,0
1303,3133.266,"Mount",-0.098,-0.126,-0.032,0.156,0.000,0.000,0,,0,,,,441978,340.23,0
1304,3135.721,"Mount",-0.266,-0.123,-0.185,0.228,-0.116,0.000,28,E,0,,,,468299,357.62,0
1305,3138.569,"Mount",-0.271,-0.153,-0.176,0.256,-0.119,0.256,29,E,547,S,,,473925,359.57,0
1306,3140.947,"Mount",-0.011,-0.132,0.048,0.123,0.000,0.000,0,,0,,,,450529,333.82,0
1307,3143.184,"Mount",-0.067,-0.024,-0.049,0.051,0.000,0.000,0,,0,,,,467239,308.49,0
1308,3145.633,"Mount",0.156,0.018,0.132,-0.084,0.083,0.000,20,W,0,,,,484724,337.67,0
1309,3147.812,"Mount",-0.004,-0.045,0.016,0.042,0.000,0.000,0,,0,,,,472985,339.46,0
1310,3150.193,"Mount",0.188,0.053,0.146,-0.130,0.092,0.000,22,W,0,,,,479922,342.29,0
1311,3152.400,"Mount",0.014,-0.030,0.026,0.021,0.000,0.000,0,,0,,,,472048,368.31,0
1312,3154.841,"Mount",-0.183,-0.029,-0.152,0.106,-0.096,0.000,23,E,0,,,,461832,340.16,0
1313,3157.137,"Mount",-0.292,-0.055,-0.238,0.177,-0.157,0.000,38,E,0,,,,491195,350.72,0
1314,3159.491,"Mount",0.025,-0.056,0.047,0.040,0.000,0.000,0,,0,,,,450591,335.21,0
1315,3161.785,"Mount",-0.259,0.006,-0.235,0.108,-0.148,0.000,36,E,0,,,,481631,351.62,0
1316,3164.207,"Mount",-0.153,-0.046,-0.118,0.109,0.000,0.000,0,,0,,,,445841,320.71,0
1317,3166.505,"Mount",-0.271,-0.075,-0.211,0.186,-0.133,0.000,32,E,0,,,,474201,359.12,0
1318,3169.057,"Mount",-0.142,-0.236,-0.024,0.275,0.000,0.275,0,,58,S,,,452440,317.21,0
1319,3171.377,"Mount",-0.196,-0.103,-0.131,0.178,-0.083,0.000,20,E,0,,,,476907,351.91,0
1320,3173.826,"Mount",0.301,-0.149,0.336,0.001,0.206,0.000,50,W,0,,,,465189,351.47,0
1321,3176.048,"Mount",-0.030,0.098,-0.071,-0.075,0.000,0.000,0,,0,,,,483314,356.93,0
1322,3178.486,"Mount",-0.032,0.205,-0.118,-0.170,0.000,0.000,0,,0,,,,469382,336.65,0
1323,3180.761,"Mount",-0.386,0.105,-0.393,0.075,-0.247,0.000,60,E,0,,,,466578,361.50,0
INFO: SET LOCK POSITION, new lock pos = 670.084, 874.566
INFO: DITHER by 2.105, 0.135, new lock pos = 671.916, 873.521
INFO: SETTLING STATE CHANGE, Settling started
1324,3184.594,"Mount",-1.832,1.045,-2.105,-0.135,-2.105,-0.135,508,E,521,N,,,446555,348.88,0
1325,3186.961,"Mount",-0.983,0.465,-1.088,0.013,-0.685,0.000,166,E,0,,,,467435,324.70,0
1326,3189.457,"Mount",0.837,-0.581,1.007,0.155,0.587,0.000,142,W,0,,,,436670,303.38,0
1327,3191.817,"Mount",0.657,-0.471,0.797,0.135,0.543,0.000,131,W,0,,,,445872,367.76,0
1328,3194.241,"Mount",0.317,-0.262,0.400,0.096,0.290,0.000,70,W,0,,,,464856,334.48,0
1329,3196.564,"Mount",0.478,-0.329,0.573,0.086,0.382,0.000,92,W,0,,,,456513,325.89,0
INFO: SETTLING STATE CHANGE, Settling complete
1330,3198.972,"Mount",-0.130,-0.025,-0.106,0.079,0.000,0.000,0,,0,,,,466911,325.15,0
Guiding Ends at 2026-09-05 23:19:44

Guiding Begins at 2026-09-05 23:22:54
Equipment Profile = SW4P_EVO
Dither = both axes, Dither scale = 1.000, Image noise reduction = 2x2 mean, Guide-frame time lapse = 0, Server enabled
Pixel scale = 2.91 arc-sec/px, Binning = 1, Focal length = 266 mm
Search region = 15 px, Star mass tolerance = 50.0%, Multi-star mode, list size = 12
 Camera = ZWO ASI120MM Mini (ASCOM), full size = 1280 x 960, have dark, dark dur = 2000, no defect map, pixel size = 3.8 um
Exposure = 2000 ms
Mount = GPUSB, connected, guiding enabled, AuxMount=CPWI_ASCOM_Telescope, xAngle = -26.0, xRate = 4.141, yAngle = -116.0, yRate = 4.762, parity = +/-
Norm rates RA = 13.1"/s @ dec 0, Dec = 13.8"/s; ortho.err. = 0.0 deg
X guide algorithm = Hysteresis, Hysteresis = 0.100, Aggression = 0.700, Minimum move = 0.130
Y guide algorithm = Resist Switch, Minimum move = 0.200 Aggression = 100% FastSwitch = enabled
Backlash comp = enabled, pulse = 493 ms
Max RA duration = 2500, Max DEC duration = 2500, DEC guide mode = Auto
RA Guide Speed = 14.9 a-s/s, Dec Guide Speed = 14.9 a-s/s, Cal Dec = -0.0, Last Cal Issue = None, Timestamp = 31/08/2026 21:19:06
RA = 20.01 hr, Dec = 22.8 deg, Hour angle = 1.14 hr, Pier side = East, Rotator pos = N/A, Alt = 65.7 deg, Az = 221.2 deg
Lock position = 670.219, 873.526, Star position = 670.219, 873.526, HFD = 3.30 px
Frame,Time,mount,dx,dy,RARawDistance,DECRawDistance,RAGuideDistance,DECGuideDistance,RADuration,RADirection,DECDuration,DECDirection,XStep,YStep,StarMass,SNR,ErrorCode
INFO: SETTLING STATE CHANGE, Settling started
1,2.718,"Mount",-0.485,0.140,-0.498,0.087,-0.313,0.000,76,E,0,,,,463654,344.05,0
2,4.966,"Mount",-0.345,0.061,-0.337,0.096,-0.234,0.000,57,E,0,,,,483117,395.96,0
3,7.398,"Mount",-0.382,0.210,-0.435,-0.021,-0.291,0.000,70,E,0,,,,461762,321.58,0
4,9.676,"Mount",0.003,-0.090,0.042,0.079,0.000,0.000,0,,0,,,,470350,328.98,0
5,12.070,"Mount",-0.054,0.250,-0.158,-0.201,-0.100,0.000,24,E,0,,,,452047,332.20,0
INFO: SETTLING STATE CHANGE, Settling complete
6,14.462,"Mount",0.452,-0.024,0.417,-0.176,0.256,0.000,62,W,0,,,,509082,377.99,0
7,16.886,"Mount",0.234,-0.195,0.296,0.073,0.204,0.000,49,W,0,,,,435536,340.60,0
8,19.425,"Mount",0.361,-0.242,0.430,0.059,0.285,0.000,69,W,0,,,,460572,330.79,0
9,21.829,"Mount",-0.061,0.116,-0.106,-0.077,0.000,0.000,0,,0,,,,482047,324.16,0
10,24.005,"Mount",-0.076,0.047,-0.089,-0.009,0.000,0.000,0,,0,,,,464628,324.98,0
11,26.531,"Mount",-0.805,0.051,-0.746,0.307,-0.470,0.000,113,E,0,,,,472738,354.29,0
12,28.878,"Mount",-0.761,0.085,-0.721,0.257,-0.487,0.000,118,E,0,,,,475088,369.99,0
13,31.294,"Mount",-0.122,-0.450,0.088,0.458,0.000,0.000,0,,0,,,,446331,340.93,0
14,33.662,"Mount",0.328,-0.057,0.320,-0.093,0.202,0.000,49,W,0,,,,481128,368.06,0
15,36.102,"Mount",0.252,-0.183,0.307,0.054,0.207,0.000,50,W,0,,,,456388,348.20,0
16,38.364,"Mount",-0.140,-0.033,-0.111,0.091,0.000,0.000,0,,0,,,,465778,348.62,0
17,40.838,"Mount",-0.394,0.059,-0.380,0.120,-0.239,0.000,58,E,0,,,,456574,339.76,0
18,43.086,"Mount",-0.148,0.078,-0.168,-0.005,-0.122,0.000,30,E,0,,,,468601,381.40,0
19,45.479,"Mount",-0.079,0.113,-0.121,-0.066,0.000,0.000,0,,0,,,,480976,339.89,0
20,47.752,"Mount",-0.305,0.149,-0.339,-0.001,-0.214,0.000,52,E,0,,,,451697,353.92,0
21,50.166,"Mount",-0.102,0.152,-0.158,-0.092,-0.115,0.000,28,E,0,,,,458139,365.47,0
22,52.417,"Mount",-0.149,-0.018,-0.126,0.081,0.000,0.000,0,,0,,,,453504,358.12,0
23,54.831,"Mount",0.053,0.111,-0.001,-0.124,0.000,0.000,0,,0,,,,464722,333.49,0
24,57.070,"Mount",-0.141,0.070,-0.158,-0.001,-0.099,0.000,24,E,0,,,,466551,348.41,0
25,59.440,"Mount",0.001,0.052,-0.022,-0.047,0.000,0.000,0,,0,,,,440684,336.04,0
26,61.614,"Mount",-0.136,0.002,-0.123,0.057,0.000,0.000,0,,0,,,,440231,326.89,0
27,63.938,"Mount",-0.049,0.064,-0.072,-0.036,0.000,0.000,0,,0,,,,461904,328.84,0
28,66.345,"Mount",-0.253,0.100,-0.271,0.021,-0.171,0.000,41,E,0,,,,458651,330.41,0
29,68.836,"Mount",-0.246,0.091,-0.261,0.026,-0.176,0.000,43,E,0,,,,451919,348.46,0
30,71.053,"Mount",0.018,0.043,-0.003,-0.047,0.000,0.000,0,,0,,,,490648,371.23,0
31,73.518,"Mount",0.231,0.013,0.202,-0.113,0.127,0.000,31,W,0,,,,449821,321.60,0
32,75.716,"Mount",0.154,0.020,0.130,-0.085,0.000,0.000,0,,0,,,,445511,298.43,0
33,78.230,"Mount",0.288,-0.181,0.338,0.037,0.213,0.000,51,W,0,,,,441202,340.17,0
34,80.799,"Mount",0.382,-0.171,0.418,-0.014,0.278,0.000,67,W,0,,,,431690,306.24,0
35,83.280,"Mount",-0.242,0.077,-0.251,0.037,-0.139,0.000,33,E,0,,,,472280,372.03,0
36,85.582,"Mount",-0.315,0.062,-0.310,0.083,-0.205,0.000,49,E,0,,,,439872,338.40,0
37,88.045,"Mount",-0.099,0.079,-0.124,-0.027,0.000,0.000,0,,0,,,,448736,329.95,0
38,90.318,"Mount",-0.374,0.042,-0.354,0.126,-0.223,0.000,54,E,0,,,,472050,387.44,0
39,92.710,"Mount",-0.062,0.066,-0.085,-0.033,0.000,0.000,0,,0,,,,442324,349.96,0
40,94.998,"Mount",-0.107,0.110,-0.145,-0.052,-0.091,0.000,22,E,0,,,,456453,339.06,0
41,97.406,"Mount",0.279,-0.125,0.305,-0.010,0.186,0.000,45,W,0,,,,436054,319.10,0
42,99.726,"Mount",0.278,-0.268,0.367,0.119,0.244,0.000,59,W,0,,,,437468,331.07,0
43,102.214,"Mount",0.593,-0.554,0.776,0.237,0.506,0.000,122,W,0,,,,449787,319.74,0
44,104.614,"Mount",0.352,-0.278,0.438,0.096,0.311,0.000,75,W,0,,,,466689,346.74,0
45,107.022,"Mount",-0.390,-0.016,-0.343,0.186,-0.194,0.000,47,E,0,,,,448143,344.73,0
46,109.334,"Mount",0.120,-0.181,0.187,0.109,0.104,0.000,25,W,0,,,,464377,355.25,0
47,111.727,"Mount",-0.047,0.030,-0.056,-0.006,0.000,0.000,0,,0,,,,457569,336.51,0
48,113.911,"Mount",0.045,-0.010,0.044,-0.010,0.000,0.000,0,,0,,,,438203,313.78,0
49,116.246,"Mount",0.028,0.022,0.016,-0.032,0.000,0.000,0,,0,,,,455222,320.87,0
50,118.534,"Mount",0.280,-0.062,0.279,-0.067,0.176,0.000,43,W,0,,,,441320,343.40,0
51,120.896,"Mount",0.100,0.088,0.051,-0.123,0.000,0.000,0,,0,,,,470647,370.48,0
52,123.198,"Mount",0.354,-0.392,0.490,0.197,0.309,0.000,75,W,0,,,,473516,329.38,0
53,125.540,"Mount",-0.135,-0.042,-0.103,0.096,0.000,0.000,0,,0,,,,468461,340.29,0
54,127.735,"Mount",0.067,-0.110,0.108,0.070,0.000,0.000,0,,0,,,,470788,377.50,0
55,130.067,"Mount",-0.013,-0.007,-0.008,0.012,0.000,0.000,0,,0,,,,482812,350.45,0
56,132.273,"Mount",0.170,0.094,0.111,-0.159,0.000,0.000,0,,0,,,,451545,342.29,0
57,134.636,"Mount",0.052,0.158,-0.022,-0.165,0.000,0.000,0,,0,,,,453827,315.61,0
58,136.958,"Mount",0.369,-0.257,0.445,0.069,0.280,0.000,68,W,0,,,,449319,311.61,0
59,139.333,"Mount",-0.150,-0.048,-0.113,0.109,0.000,0.000,0,,0,,,,466708,333.54,0
60,141.624,"Mount",-0.045,-0.129,0.016,0.136,0.000,0.000,0,,0,,,,472151,363.69,0
61,143.999,"Mount",-0.081,-0.255,0.039,0.264,0.000,0.000,0,,0,,,,458659,364.52,0
62,146.184,"Mount",-0.095,-0.178,-0.008,0.202,0.000,0.000,0,,0,,,,459535,306.28,0
63,148.638,"Mount",-0.228,-0.036,-0.190,0.133,-0.119,0.000,29,E,0,,,,447954,327.90,0
64,150.998,"Mount",-0.070,-0.213,0.031,0.222,0.000,0.222,0,,47,S,,,463665,338.03,0
65,153.550,"Mount",-0.476,-0.343,-0.278,0.517,-0.175,0.517,42,E,109,S,,,463892,348.73,0
66,155.950,"Mount",-0.305,0.039,-0.291,0.099,-0.195,0.000,47,E,0,,,,452462,296.60,0
67,158.432,"Mount",-0.368,0.081,-0.366,0.088,-0.244,0.000,59,E,0,,,,475614,352.22,0
68,160.979,"Mount",-0.420,0.014,-0.383,0.172,-0.258,0.000,62,E,0,,,,468740,321.59,0
69,163.623,"Mount",0.276,-0.880,0.634,0.670,0.382,0.670,92,W,141,S,,,477437,343.28,0
70,166.022,"Mount",0.185,-0.540,0.403,0.404,0.280,0.404,68,W,85,S,,,477576,354.67,0
71,168.702,"Mount",0.329,-0.759,0.629,0.537,0.416,0.537,100,W,113,S,,,469957,345.66,0
72,171.102,"Mount",-0.026,-0.412,0.158,0.382,0.128,0.382,31,W,80,S,,,476115,364.01,0
73,173.662,"Mount",-0.492,0.224,-0.540,0.015,-0.331,0.000,80,E,0,,,,484606,362.77,0
74,176.006,"Mount",-0.585,0.209,-0.618,0.069,-0.412,0.000,100,E,0,,,,471153,378.98,0
75,178.406,"Mount",0.266,0.142,0.176,-0.244,0.082,0.000,20,W,0,,,,463841,337.68,0
76,180.641,"Mount",0.071,0.037,0.047,-0.064,0.000,0.000,0,,0,,,,468035,340.26,0
77,183.070,"Mount",-0.419,0.173,-0.453,0.028,-0.285,0.000,69,E,0,,,,469204,349.55,0
78,185.287,"Mount",-0.134,0.006,-0.123,0.053,0.000,0.000,0,,0,,,,466456,324.50,0
79,187.702,"Mount",-0.146,0.175,-0.208,-0.093,-0.131,0.000,32,E,0,,,,450843,322.20,0
80,189.998,"Mount",-0.201,0.160,-0.251,-0.055,-0.167,0.000,40,E,0,,,,442624,309.37,0
81,192.417,"Mount",-0.051,-0.156,0.023,0.162,0.000,0.000,0,,0,,,,443122,317.26,0
82,194.734,"Mount",-0.229,-0.064,-0.178,0.158,-0.112,0.000,27,E,0,,,,460014,308.97,0
83,197.123,"Mount",0.107,-0.013,0.102,-0.035,0.000,0.000,0,,0,,,,484133,331.70,0
84,199.389,"Mount",0.090,0.183,0.000,-0.204,0.000,0.000,0,,0,,,,465536,320.33,0
85,201.752,"Mount",-0.085,-0.154,-0.009,0.176,0.000,0.000,0,,0,,,,456794,331.09,0
86,204.046,"Mount",-0.130,0.161,-0.187,-0.087,-0.118,0.000,28,E,0,,,,451666,345.19,0
87,206.387,"Mount",0.077,-0.133,0.128,0.085,0.000,0.000,0,,0,,,,460376,348.31,0
88,208.588,"Mount",-0.026,0.160,-0.093,-0.133,0.000,0.000,0,,0,,,,438997,334.12,0
89,210.970,"Mount",-0.069,0.007,-0.065,0.024,0.000,0.000,0,,0,,,,470360,371.06,0
90,213.335,"Mount",-0.257,-0.110,-0.182,0.212,-0.115,0.212,28,E,44,S,,,458307,310.28,0
91,215.791,"Mount",-0.335,0.020,-0.310,0.129,-0.203,0.000,49,E,0,,,,476683,381.50,0
92,218.321,"Mount",-0.457,0.078,-0.445,0.130,-0.294,0.000,71,E,0,,,,480742,328.99,0
93,220.862,"Mount",-0.671,0.319,-0.743,0.008,-0.489,0.000,118,E,0,,,,448494,305.59,0
94,223.183,"Mount",-0.328,0.300,-0.426,-0.125,-0.303,0.000,73,E,0,,,,475066,367.12,0
95,225.662,"Mount",0.244,0.082,0.183,-0.181,0.094,0.000,23,W,0,,,,462978,365.89,0
96,227.942,"Mount",0.209,0.065,0.159,-0.150,0.107,0.000,26,W,0,,,,463437,328.67,0
97,230.414,"Mount",0.387,0.030,0.334,-0.197,0.218,0.000,53,W,0,,,,456886,356.11,0
98,232.577,"Mount",0.165,0.153,0.081,-0.210,0.000,0.000,0,,0,,,,469177,370.28,0
99,235.086,"Mount",-0.382,0.101,-0.387,0.077,-0.244,0.000,59,E,0,,,,463880,327.33,0
100,237.398,"Mount",-0.392,0.135,-0.411,0.050,-0.276,0.000,67,E,0,,,,452278,353.87,0
101,239.838,"Mount",-0.490,0.120,-0.493,0.107,-0.330,0.000,80,E,0,,,,466573,355.98,0
102,242.054,"Mount",-0.024,-0.019,-0.013,0.028,0.000,0.000,0,,0,,,,454044,349.52,0
103,244.454,"Mount",-0.212,-0.015,-0.184,0.106,-0.116,0.000,28,E,0,,,,468478,345.76,0
104,246.690,"Mount",0.109,0.183,0.017,-0.212,0.000,0.000,0,,0,,,,458364,358.49,0
105,249.142,"Mount",0.174,0.052,0.133,-0.123,0.084,0.000,20,W,0,,,,453976,332.71,0
106,251.478,"Mount",0.574,-0.292,0.644,0.010,0.412,0.000,99,W,0,,,,443440,289.75,0
107,253.934,"Mount",0.223,0.087,0.162,-0.176,0.131,0.000,32,W,0,,,,451798,338.29,0
108,256.182,"Mount",-0.118,-0.026,-0.095,0.075,0.000,0.000,0,,0,,,,464509,360.33,0
109,258.616,"Mount",-0.022,-0.137,0.040,0.133,0.000,0.000,0,,0,,,,440367,333.27,0
110,260.934,"Mount",-0.247,0.186,-0.304,-0.059,-0.191,0.000,46,E,0,,,,463745,338.84,0
111,263.302,"Mount",0.041,-0.192,0.121,0.155,0.000,0.000,0,,0,,,,464006,342.29,0
112,265.508,"Mount",0.038,0.090,-0.005,-0.097,0.000,0.000,0,,0,,,,438115,353.51,0
113,267.879,"Mount",0.164,0.160,0.078,-0.216,0.000,0.000,0,,0,,,,456265,348.52,0
114,270.230,"Mount",0.198,0.004,0.176,-0.090,0.111,0.000,27,W,0,,,,464328,307.05,0
115,272.671,"Mount",0.170,-0.184,0.233,0.090,0.155,0.000,37,W,0,,,,470053,374.25,0
116,274.910,"Mount",-0.015,-0.132,0.044,0.125,0.000,0.000,0,,0,,,,469224,334.52,0
117,277.251,"Mount",0.173,0.153,0.088,-0.213,0.000,0.000,0,,0,,,,450608,335.15,0
118,279.606,"Mount",-0.281,0.185,-0.334,-0.043,-0.210,0.000,51,E,0,,,,450538,316.80,0
119,281.938,"Mount",0.062,0.028,0.043,-0.052,0.000,0.000,0,,0,,,,437123,310.64,0
120,284.221,"Mount",-0.262,0.101,-0.280,0.024,-0.177,0.000,43,E,0,,,,460757,336.31,0
121,286.574,"Mount",0.054,-0.120,0.101,0.085,0.000,0.000,0,,0,,,,448656,343.19,0
122,288.926,"Mount",0.212,-0.128,0.247,0.022,0.156,0.000,38,W,0,,,,455774,330.74,0
123,291.422,"Mount",0.247,-0.175,0.299,0.049,0.199,0.000,48,W,0,,,,469873,348.73,0
124,293.813,"Mount",-0.028,0.068,-0.055,-0.048,0.000,0.000,0,,0,,,,454458,343.79,0
125,296.384,"Mount",0.376,-0.142,0.400,-0.038,0.252,0.000,61,W,0,,,,471371,366.15,0
126,298.733,"Mount",-0.016,0.069,-0.045,-0.054,0.000,0.000,0,,0,,,,451368,318.61,0
127,301.470,"Mount",-0.593,-0.199,-0.445,0.439,-0.281,0.439,68,E,92,S,,,463387,335.84,0
128,303.910,"Mount",-0.558,-0.000,-0.501,0.245,-0.335,0.245,81,E,51,S,,,470304,329.25,0
129,306.290,"Mount",0.039,0.097,-0.007,-0.105,0.000,0.000,0,,0,,,,464550,353.43,0
130,308.574,"Mount",-0.064,0.242,-0.164,-0.190,-0.103,0.000,25,E,0,,,,482118,356.47,0
131,310.986,"Mount",0.209,0.194,0.103,-0.266,0.000,0.000,0,,0,,,,452644,328.81,0
132,313.295,"Mount",0.719,-0.019,0.655,-0.299,0.412,0.000,100,W,0,,,,470959,345.69,0
133,315.766,"Mount",0.486,0.077,0.403,-0.283,0.283,0.000,68,W,0,,,,469991,341.68,0
134,318.111,"Mount",0.323,-0.013,0.296,-0.130,0.206,0.000,50,W,0,,,,461139,369.44,0
135,320.484,"Mount",0.019,0.283,-0.107,-0.263,0.000,0.000,0,,0,,,,430783,315.49,0
136,322.838,"Mount",-0.199,0.094,-0.220,0.002,-0.139,0.000,33,E,0,,,,449309,337.19,0
137,325.262,"Mount",-0.277,0.128,-0.305,0.007,-0.202,0.000,49,E,0,,,,448068,347.19,0
138,327.507,"Mount",0.032,0.056,0.004,-0.064,0.000,0.000,0,,0,,,,450706,334.60,0
139,329.842,"Mount",-0.004,0.069,-0.034,-0.060,0.000,0.000,0,,0,,,,452747,334.17,0
140,332.222,"Mount",0.121,-0.049,0.130,-0.009,0.082,0.000,20,W,0,,,,468025,333.16,0
141,334.590,"Mount",-0.023,0.021,-0.029,-0.009,0.000,0.000,0,,0,,,,444160,323.53,0
142,336.942,"Mount",0.253,-0.086,0.265,-0.034,0.167,0.000,40,W,0,,,,461192,314.05,0
143,339.309,"Mount",-0.045,0.047,-0.061,-0.023,0.000,0.000,0,,0,,,,460661,354.49,0
144,341.490,"Mount",-0.021,0.053,-0.042,-0.038,0.000,0.000,0,,0,,,,447502,337.59,0
145,343.934,"Mount",-0.245,0.045,-0.239,0.067,-0.151,0.000,36,E,0,,,,442785,326.77,0
146,346.117,"Mount",-0.069,-0.044,-0.042,0.070,0.000,0.000,0,,0,,,,450717,370.60,0
147,348.512,"Mount",-0.036,0.020,-0.041,-0.002,0.000,0.000,0,,0,,,,473482,365.63,0
148,350.717,"Mount",-0.042,0.049,-0.059,-0.026,0.000,0.000,0,,0,,,,452248,341.22,0
149,353.090,"Mount",0.060,0.099,0.011,-0.116,0.000,0.000,0,,0,,,,461263,327.60,0
150,355.286,"Mount",0.072,-0.103,0.110,0.061,0.000,0.000,0,,0,,,,479533,345.01,0
151,357.758,"Mount",0.123,-0.151,0.176,0.082,0.111,0.000,27,W,0,,,,449025,327.71,0
152,360.022,"Mount",0.439,-0.078,0.429,-0.123,0.278,0.000,67,W,0,,,,470922,326.94,0
153,362.483,"Mount",0.124,-0.029,0.124,-0.028,0.000,0.000,0,,0,,,,449658,344.07,0
154,364.712,"Mount",0.108,0.064,0.069,-0.105,0.000,0.000,0,,0,,,,471684,378.71,0
155,367.055,"Mount",-0.015,0.004,-0.015,0.003,0.000,0.000,0,,0,,,,464474,333.93,0
156,369.361,"Mount",0.144,-0.084,0.166,0.012,0.105,0.000,25,W,0,,,,464308,346.51,0
157,371.842,"Mount",0.052,0.075,0.014,-0.090,0.000,0.000,0,,0,,,,485470,361.23,0
158,374.122,"Mount",0.234,-0.121,0.264,0.006,0.166,0.000,40,W,0,,,,453593,377.33,0
159,376.560,"Mount",0.433,-0.052,0.412,-0.144,0.271,0.000,65,W,0,,,,459858,351.17,0
160,378.918,"Mount",0.344,-0.134,0.368,-0.031,0.251,0.000,61,W,0,,,,458858,366.56,0
161,381.415,"Mount",0.195,-0.131,0.233,0.032,0.164,0.000,40,W,0,,,,474344,355.52,0
162,383.926,"Mount",-0.250,-0.020,-0.216,0.127,-0.125,0.000,30,E,0,,,,442237,360.37,0
163,386.462,"Mount",-0.306,-0.128,-0.219,0.250,-0.146,0.250,35,E,52,S,,,469433,328.03,0
164,388.815,"Mount",-0.385,0.047,-0.367,0.127,-0.241,0.000,58,E,0,,,,468739,340.10,0
165,391.222,"Mount",0.140,-0.014,0.132,-0.048,0.066,0.000,16,W,0,,,,478419,366.04,0
166,393.534,"Mount",-0.167,-0.006,-0.148,0.079,-0.088,0.000,21,E,0,,,,474113,375.36,0
167,395.958,"Mount",0.302,-0.044,0.291,-0.093,0.177,0.000,43,W,0,,,,464140,341.07,0
168,398.294,"Mount",0.340,0.026,0.294,-0.172,0.198,0.000,48,W,0,,,,446677,317.09,0
169,400.830,"Mount",0.452,-0.088,0.445,-0.119,0.294,0.000,71,W,0,,,,444591,305.75,0
170,403.214,"Mount",0.656,-0.345,0.741,0.022,0.487,0.000,118,W,0,,,,453031,356.64,0
171,405.707,"Mount",-0.014,0.008,-0.016,-0.001,0.000,0.000,0,,0,,,,455080,318.79,0
172,407.936,"Mount",0.007,-0.026,0.018,0.021,0.000,0.000,0,,0,,,,467230,384.48,0
173,410.277,"Mount",-0.061,0.069,-0.085,-0.035,0.000,0.000,0,,0,,,,463539,304.93,0
174,412.481,"Mount",0.018,-0.018,0.024,0.008,0.000,0.000,0,,0,,,,464801,345.98,0
175,414.926,"Mount",0.100,0.113,0.040,-0.146,0.000,0.000,0,,0,,,,467444,320.35,0
176,417.198,"Mount",0.269,0.020,0.233,-0.136,0.147,0.000,36,W,0,,,,484716,392.52,0
177,419.590,"Mount",0.221,-0.014,0.204,-0.084,0.139,0.000,34,W,0,,,,456480,303.79,0
178,421.894,"Mount",0.259,-0.071,0.263,-0.050,0.176,0.000,42,W,0,,,,468770,326.64,0
179,424.347,"Mount",0.053,-0.042,0.066,0.015,0.000,0.000,0,,0,,,,471083,328.18,0
180,426.606,"Mount",0.175,-0.045,0.177,-0.036,0.112,0.000,27,W,0,,,,473339,337.70,0
181,429.025,"Mount",-0.071,-0.005,-0.062,0.036,0.000,0.000,0,,0,,,,449827,321.15,0
182,431.221,"Mount",-0.054,-0.007,-0.045,0.029,0.000,0.000,0,,0,,,,450677,307.76,0
183,433.549,"Mount",0.002,-0.046,0.022,0.040,0.000,0.000,0,,0,,,,480582,350.58,0
184,435.966,"Mount",0.390,-0.055,0.375,-0.122,0.236,0.000,57,W,0,,,,465551,300.39,0
185,438.471,"Mount",0.152,-0.062,0.164,-0.011,0.120,0.000,29,W,0,,,,444020,361.25,0
186,440.814,"Mount",0.279,0.082,0.214,-0.196,0.144,0.000,35,W,0,,,,465091,361.94,0
187,443.153,"Mount",-0.017,-0.039,0.002,0.042,0.000,0.000,0,,0,,,,468552,320.36,0
188,445.330,"Mount",0.006,-0.142,0.068,0.125,0.000,0.000,0,,0,,,,447137,306.45,0
189,447.718,"Mount",-0.210,-0.098,-0.146,0.180,-0.092,0.000,22,E,0,,,,447629,316.96,0
190,450.030,"Mount",-0.235,-0.127,-0.156,0.217,-0.105,0.217,25,E,46,S,,,464229,352.42,0
191,452.529,"Mount",-0.284,-0.019,-0.247,0.142,-0.163,0.000,39,E,0,,,,443496,328.43,0
192,454.934,"Mount",-0.327,0.002,-0.295,0.142,-0.197,0.000,48,E,0,,,,458603,347.54,0
193,457.265,"Mount",-0.076,-0.006,-0.066,0.039,0.000,0.000,0,,0,,,,463405,348.46,0
194,459.590,"Mount",-0.219,-0.024,-0.186,0.118,-0.117,0.000,28,E,0,,,,452631,324.77,0
195,461.998,"Mount",0.337,0.006,0.300,-0.154,0.181,0.000,44,W,0,,,,462399,347.27,0
196,464.334,"Mount",0.176,0.041,0.140,-0.114,0.101,0.000,24,W,0,,,,473814,376.34,0
197,466.890,"Mount",-0.115,-0.021,-0.094,0.070,0.000,0.000,0,,0,,,,481406,342.00,0
198,469.108,"Mount",0.037,-0.033,0.048,0.013,0.000,0.000,0,,0,,,,474258,360.82,0
199,471.646,"Mount",-0.385,-0.087,-0.308,0.247,-0.194,0.247,47,E,52,S,,,443563,336.47,0
200,474.134,"Mount",-0.449,0.072,-0.435,0.132,-0.288,0.000,70,E,0,,,,442509,323.14,0
201,476.509,"Mount",-0.161,-0.086,-0.107,0.148,0.000,0.000,0,,0,,,,458497,334.96,0
202,478.814,"Mount",-0.366,0.144,-0.392,0.031,-0.247,0.000,60,E,0,,,,465999,335.30,0
203,481.262,"Mount",-0.256,0.054,-0.254,0.064,-0.177,0.000,43,E,0,,,,468803,359.72,0
204,483.566,"Mount",-0.478,0.086,-0.468,0.133,-0.307,0.000,74,E,0,,,,468585,347.53,0
205,485.928,"Mount",-0.051,0.045,-0.066,-0.018,0.000,0.000,0,,0,,,,443168,324.02,0
206,488.279,"Mount",-0.339,0.193,-0.389,-0.025,-0.245,0.000,59,E,0,,,,440677,295.00,0
207,490.679,"Mount",0.036,0.041,0.014,-0.053,0.000,0.000,0,,0,,,,459364,344.96,0
208,493.038,"Mount",-0.254,0.072,-0.260,0.047,-0.164,0.000,40,E,0,,,,457356,328.51,0
209,495.446,"Mount",-0.107,-0.017,-0.088,0.062,0.000,0.000,0,,0,,,,442627,334.41,0
210,497.846,"Mount",-0.258,-0.028,-0.220,0.139,-0.138,0.000,33,E,0,,,,457504,318.84,0
211,500.268,"Mount",-0.006,-0.017,0.002,0.018,0.000,0.000,0,,0,,,,450403,342.40,0
212,502.461,"Mount",-0.081,-0.012,-0.068,0.046,0.000,0.000,0,,0,,,,435334,299.40,0
213,504.878,"Mount",-0.085,-0.035,-0.061,0.069,0.000,0.000,0,,0,,,,445762,334.74,0
214,507.159,"Mount",-0.254,-0.079,-0.193,0.182,-0.122,0.000,29,E,0,,,,469477,356.39,0
215,509.510,"Mount",-0.002,0.025,-0.013,-0.022,0.000,0.000,0,,0,,,,451257,361.75,0
216,511.732,"Mount",-0.149,-0.039,-0.116,0.100,0.000,0.000,0,,0,,,,461415,372.76,0
217,514.070,"Mount",0.009,0.002,0.008,-0.006,0.000,0.000,0,,0,,,,471223,338.66,0
218,516.346,"Mount",-0.457,0.163,-0.482,0.054,-0.304,0.000,73,E,0,,,,452110,329.48,0
219,518.781,"Mount",-0.066,-0.047,-0.039,0.071,0.000,0.000,0,,0,,,,467824,340.96,0
220,521.046,"Mount",-0.387,0.016,-0.355,0.155,-0.224,0.000,54,E,0,,,,475842,343.29,0
221,523.483,"Mount",-0.110,0.025,-0.110,0.026,0.000,0.000,0,,0,,,,447440,332.59,0
222,525.715,"Mount",0.086,-0.058,0.103,0.014,0.000,0.000,0,,0,,,,456800,340.03,0
223,528.222,"Mount",0.265,-0.188,0.320,0.053,0.202,0.000,49,W,0,,,,453705,332.69,0
224,530.534,"Mount",0.173,-0.157,0.225,0.065,0.156,0.000,38,W,0,,,,453586,360.54,0
225,532.873,"Mount",-0.105,-0.040,-0.077,0.082,0.000,0.000,0,,0,,,,461582,342.83,0
226,535.152,"Mount",-0.178,-0.136,-0.100,0.200,0.000,0.200,0,,42,S,,,455555,324.19,0
227,537.559,"Mount",-0.260,-0.075,-0.201,0.181,-0.126,0.000,31,E,0,,,,464430,365.34,0
228,539.886,"Mount",-0.278,-0.093,-0.209,0.206,-0.140,0.206,34,E,43,S,,,450809,321.92,0
229,542.382,"Mount",-0.228,0.182,-0.285,-0.064,-0.189,0.000,46,E,0,,,,450638,348.42,0
230,544.702,"Mount",-0.203,0.063,-0.210,0.032,-0.146,0.000,35,E,0,,,,463018,334.29,0
231,547.076,"Mount",0.035,-0.053,0.055,0.032,0.000,0.000,0,,0,,,,465002,373.08,0
232,549.534,"Mount",0.313,-0.074,0.313,-0.071,0.197,0.000,48,W,0,,,,453971,352.51,0
233,551.982,"Mount",0.437,-0.090,0.432,-0.111,0.286,0.000,69,W,0,,,,449531,344.85,0
234,554.263,"Mount",0.243,0.033,0.204,-0.137,0.148,0.000,36,W,0,,,,469250,337.08,0
235,556.631,"Mount",0.040,0.057,0.011,-0.069,0.000,0.000,0,,0,,,,459726,335.68,0
236,558.974,"Mount",0.317,-0.029,0.297,-0.113,0.187,0.000,45,W,0,,,,455389,345.15,0
237,561.352,"Mount",-0.007,0.184,-0.088,-0.162,0.000,0.000,0,,0,,,,456524,350.58,0
238,563.575,"Mount",-0.117,0.013,-0.111,0.039,0.000,0.000,0,,0,,,,466170,359.24,0
239,565.982,"Mount",-0.320,0.063,-0.315,0.084,-0.199,0.000,48,E,0,,,,482271,354.03,0
240,568.189,"Mount",-0.113,0.032,-0.115,0.020,0.000,0.000,0,,0,,,,469105,376.40,0
241,570.726,"Mount",-0.290,0.113,-0.310,0.025,-0.195,0.000,47,E,0,,,,480155,335.20,0
242,572.937,"Mount",0.118,0.099,0.062,-0.141,0.000,0.000,0,,0,,,,450922,348.80,0
243,575.326,"Mount",0.174,0.076,0.123,-0.144,0.000,0.000,0,,0,,,,455611,329.02,0
244,577.517,"Mount",0.061,0.179,-0.024,-0.188,0.000,0.000,0,,0,,,,468110,311.54,0
245,579.982,"Mount",-0.198,0.133,-0.237,-0.033,-0.149,0.000,36,E,0,,,,461470,342.67,0
246,582.270,"Mount",-0.124,0.345,-0.263,-0.256,-0.176,0.000,43,E,0,,,,447130,342.91,0
247,584.766,"Mount",0.228,-0.072,0.236,-0.036,0.136,0.000,33,W,0,,,,476207,341.05,0
248,587.030,"Mount",0.152,0.015,0.130,-0.080,0.092,0.000,22,W,0,,,,484589,368.74,0
249,589.386,"Mount",0.049,-0.068,0.074,0.039,0.000,0.000,0,,0,,,,465061,349.78,0
250,591.588,"Mount",-0.000,0.129,-0.057,-0.116,0.000,0.000,0,,0,,,,424533,334.06,0
251,593.923,"Mount",0.079,0.188,-0.011,-0.204,0.000,0.000,0,,0,,,,456561,346.96,0
252,596.166,"Mount",0.214,0.040,0.175,-0.130,0.110,0.000,27,W,0,,,,459995,325.03,0
253,598.563,"Mount",0.026,0.087,-0.015,-0.090,0.000,0.000,0,,0,,,,452681,355.52,0
254,600.885,"Mount",0.032,-0.011,0.033,-0.004,0.000,0.000,0,,0,,,,463090,358.46,0
255,603.218,"Mount",-0.069,0.060,-0.089,-0.024,0.000,0.000,0,,0,,,,472695,350.02,0
256,605.529,"Mount",-0.249,-0.007,-0.221,0.115,-0.139,0.000,34,E,0,,,,458970,330.28,0
257,607.886,"Mount",-0.034,0.041,-0.049,-0.021,0.000,0.000,0,,0,,,,476771,361.49,0
258,610.158,"Mount",-0.207,-0.047,-0.166,0.133,-0.104,0.000,25,E,0,,,,475847,383.19,0
259,612.640,"Mount",0.269,-0.143,0.305,0.011,0.185,0.000,45,W,0,,,,457216,327.77,0
260,614.911,"Mount",0.091,-0.251,0.192,0.186,0.134,0.000,32,W,0,,,,459367,320.66,0
261,617.455,"Mount",0.294,-0.185,0.345,0.037,0.227,0.000,55,W,0,,,,451020,333.96,0
262,619.714,"Mount",0.189,-0.113,0.219,0.018,0.154,0.000,37,W,0,,,,472451,326.31,0
INFO: SET LOCK POSITION, new lock pos = 670.219, 873.526
INFO: DITHER by -1.960, -4.850, new lock pos = 670.586, 878.745
INFO: SETTLING STATE CHANGE, Settling started
263,624.062,"Mount",-0.367,-5.218,1.960,4.850,1.960,4.850,473,W,1019,S,,,470728,379.99,0
264,626.615,"Mount",-0.975,0.039,-0.893,0.393,-0.562,0.000,136,E,0,,,,478937,391.86,0
265,628.950,"Mount",-0.792,-0.172,-0.636,0.502,-0.440,0.000,106,E,0,,,,472756,349.01,0
266,631.430,"Mount",-0.306,-0.458,-0.074,0.546,0.000,0.546,0,,115,S,,,456280,367.79,0
267,633.694,"Mount",-0.348,0.108,-0.360,0.056,-0.227,0.000,55,E,0,,,,440808,342.95,0
268,636.023,"Mount",0.082,0.088,0.035,-0.115,0.000,0.000,0,,0,,,,464778,352.77,0
INFO: SETTLING STATE CHANGE, Settling complete
269,638.230,"Mount",-0.150,0.196,-0.221,-0.110,-0.139,0.000,34,E,0,,,,459669,370.95,0
270,640.701,"Mount",0.079,0.040,0.053,-0.070,0.000,0.000,0,,0,,,,443631,364.35,0
271,642.929,"Mount",0.034,0.030,0.017,-0.042,0.000,0.000,0,,0,,,,478765,370.69,0
272,645.309,"Mount",-0.062,0.020,-0.064,0.010,0.000,0.000,0,,0,,,,479249,375.09,0
273,647.542,"Mount",-0.154,0.142,-0.200,-0.060,-0.126,0.000,30,E,0,,,,468767,340.71,0
274,649.921,"Mount",0.017,0.002,0.014,-0.010,0.000,0.000,0,,0,,,,459837,395.91,0
275,652.112,"Mount",-0.030,0.055,-0.051,-0.036,0.000,0.000,0,,0,,,,471994,364.00,0
276,654.625,"Mount",-0.191,0.101,-0.216,-0.007,-0.136,0.000,33,E,0,,,,456362,371.18,0
277,656.938,"Mount",-0.175,0.137,-0.217,-0.046,-0.146,0.000,35,E,0,,,,464028,362.76,0
278,659.390,"Mount",0.215,-0.267,0.310,0.146,0.185,0.000,45,W,0,,,,487912,356.74,0
279,661.671,"Mount",0.160,-0.162,0.215,0.076,0.148,0.000,36,W,0,,,,476619,391.26,0
280,664.087,"Mount",0.159,-0.196,0.229,0.106,0.155,0.000,37,W,0,,,,461308,324.20,0
281,666.307,"Mount",0.002,0.004,0.000,-0.004,0.000,0.000,0,,0,,,,471536,349.94,0
282,668.683,"Mount",0.061,-0.096,0.097,0.059,0.000,0.000,0,,0,,,,471834,375.26,0
283,670.966,"Mount",0.089,-0.124,0.134,0.072,0.085,0.000,20,W,0,,,,470409,367.65,0
284,673.341,"Mount",-0.008,-0.045,0.012,0.044,0.000,0.000,0,,0,,,,473590,348.16,0
285,675.702,"Mount",0.110,-0.165,0.171,0.100,0.108,0.000,26,W,0,,,,470279,355.40,0
286,678.215,"Mount",0.091,-0.154,0.150,0.099,0.102,0.000,25,W,0,,,,461259,348.71,0
287,680.487,"Mount",0.059,-0.065,0.081,0.032,0.000,0.000,0,,0,,,,467971,363.08,0
288,682.863,"Mount",-0.100,-0.133,-0.032,0.163,0.000,0.000,0,,0,,,,458203,329.85,0
289,685.080,"Mount",0.075,-0.026,0.079,-0.010,0.000,0.000,0,,0,,,,472139,333.64,0
290,687.542,"Mount",-0.190,0.076,-0.204,0.015,-0.128,0.000,31,E,0,,,,463840,352.55,0
291,689.738,"Mount",-0.113,-0.005,-0.099,0.054,0.000,0.000,0,,0,,,,472731,338.97,0
292,692.158,"Mount",-0.196,-0.043,-0.157,0.124,-0.099,0.000,24,E,0,,,,478890,372.37,0
293,694.395,"Mount",-0.080,-0.151,-0.006,0.171,0.000,0.000,0,,0,,,,478550,340.97,0
294,696.742,"Mount",0.034,-0.122,0.084,0.095,0.000,0.000,0,,0,,,,473919,334.74,0
295,698.998,"Mount",0.238,-0.167,0.287,0.046,0.181,0.000,44,W,0,,,,487614,369.56,0
296,701.463,"Mount",0.256,-0.284,0.355,0.143,0.236,0.000,57,W,0,,,,480807,334.80,0
297,703.665,"Mount",0.059,-0.138,0.114,0.098,0.000,0.000,0,,0,,,,468194,356.12,0
298,706.087,"Mount",-0.239,-0.084,-0.178,0.180,-0.112,0.000,27,E,0,,,,450389,349.16,0
299,708.470,"Mount",-0.055,-0.198,0.038,0.201,0.000,0.201,0,,42,S,,,465904,343.00,0
300,710.910,"Mount",-0.396,0.068,-0.386,0.113,-0.243,0.000,59,E,0,,,,451457,349.27,0
301,713.198,"Mount",-0.209,0.114,-0.238,-0.010,-0.167,0.000,40,E,0,,,,456459,351.08,0
302,715.662,"Mount",-0.157,0.167,-0.214,-0.081,-0.147,0.000,35,E,0,,,,458739,349.80,0
303,717.925,"Mount",-0.014,-0.016,-0.005,0.020,0.000,0.000,0,,0,,,,440359,328.06,0
304,720.298,"Mount",0.092,-0.019,0.091,-0.023,0.000,0.000,0,,0,,,,469599,350.73,0
305,722.567,"Mount",0.311,-0.125,0.334,-0.024,0.210,0.000,51,W,0,,,,453537,352.33,0
306,725.062,"Mount",0.178,-0.207,0.250,0.108,0.172,0.000,42,W,0,,,,472106,354.93,0
307,727.265,"Mount",-0.070,0.111,-0.112,-0.069,0.000,0.000,0,,0,,,,486074,371.18,0
308,729.718,"Mount",-0.227,0.148,-0.269,-0.033,-0.169,0.000,41,E,0,,,,459625,353.33,0
309,732.030,"Mount",-0.431,0.117,-0.438,0.084,-0.288,0.000,70,E,0,,,,447202,330.78,0
310,734.494,"Mount",0.252,-0.223,0.324,0.090,0.184,0.000,44,W,0,,,,461476,326.82,0
311,736.689,"Mount",-0.063,0.003,-0.058,0.026,0.000,0.000,0,,0,,,,466996,335.04,0
312,739.134,"Mount",0.233,-0.178,0.287,0.058,0.181,0.000,44,W,0,,,,458392,325.74,0
313,741.360,"Mount",0.032,0.025,0.018,-0.036,0.000,0.000,0,,0,,,,487875,373.14,0
314,743.822,"Mount",0.125,-0.108,0.160,0.042,0.100,0.000,24,W,0,,,,457449,345.79,0
315,746.102,"Mount",-0.209,0.184,-0.269,-0.073,-0.162,0.000,39,E,0,,,,468021,387.10,0
316,748.441,"Mount",-0.032,0.088,-0.067,-0.065,0.000,0.000,0,,0,,,,483345,324.14,0
317,750.782,"Mount",-0.416,0.082,-0.410,0.109,-0.258,0.000,62,E,0,,,,444036,354.24,0
318,753.184,"Mount",-0.192,-0.057,-0.148,0.135,-0.111,0.000,27,E,0,,,,464634,354.83,0
319,755.510,"Mount",-0.419,0.079,-0.412,0.113,-0.267,0.000,65,E,0,,,,444336,345.38,0
320,757.939,"Mount",-0.004,-0.104,0.042,0.095,0.000,0.000,0,,0,,,,448179,366.01,0
321,760.125,"Mount",-0.077,-0.089,-0.030,0.114,0.000,0.000,0,,0,,,,454252,358.64,0
322,762.638,"Mount",0.361,-0.333,0.471,0.141,0.297,0.000,72,W,0,,,,449222,339.34,0
323,764.897,"Mount",0.029,-0.052,0.048,0.034,0.000,0.000,0,,0,,,,448483,331.88,0
324,767.534,"Mount",0.161,-0.264,0.260,0.167,0.164,0.000,40,W,0,,,,457358,325.34,0
325,769.733,"Mount",-0.000,0.015,-0.007,-0.014,0.000,0.000,0,,0,,,,476929,378.49,0
326,772.190,"Mount",-0.420,-0.001,-0.377,0.185,-0.237,0.000,57,E,0,,,,456267,351.79,0
327,774.646,"Mount",-0.632,0.070,-0.599,0.214,-0.394,0.214,95,E,45,S,,,451096,353.66,0
328,777.126,"Mount",-0.242,0.167,-0.291,-0.043,-0.211,0.000,51,E,0,,,,451104,345.31,0
329,779.471,"Mount",-0.276,0.071,-0.279,0.057,-0.190,0.000,46,E,0,,,,450086,335.18,0
330,781.895,"Mount",-0.168,0.047,-0.171,0.031,-0.121,0.000,29,E,0,,,,464065,364.29,0
331,784.183,"Mount",-0.176,0.021,-0.167,0.058,-0.114,0.000,28,E,0,,,,462568,330.51,0
332,786.755,"Mount",-0.343,-0.001,-0.308,0.152,-0.202,0.000,49,E,0,,,,464906,360.45,0
333,789.102,"Mount",-0.411,0.179,-0.448,0.019,-0.296,0.000,72,E,0,,,,459439,317.95,0
334,791.526,"Mount",-0.314,0.112,-0.331,0.037,-0.229,0.000,55,E,0,,,,444630,334.70,0
335,793.814,"Mount",-0.346,0.069,-0.341,0.090,-0.231,0.000,56,E,0,,,,445841,372.81,0
336,796.254,"Mount",-0.314,0.116,-0.333,0.033,-0.226,0.000,55,E,0,,,,447499,342.75,0
337,798.718,"Mount",-0.215,0.133,-0.252,-0.025,-0.175,0.000,42,E,0,,,,450478,345.88,0
338,801.114,"Mount",0.029,-0.033,0.040,0.017,0.000,0.000,0,,0,,,,460103,365.53,0
339,803.382,"Mount",0.183,-0.129,0.222,0.036,0.140,0.000,34,W,0,,,,472337,372.00,0
340,805.773,"Mount",-0.040,0.030,-0.049,-0.010,0.000,0.000,0,,0,,,,475373,365.61,0
341,807.971,"Mount",0.087,-0.031,0.091,-0.010,0.000,0.000,0,,0,,,,450679,343.44,0
342,810.423,"Mount",-0.420,0.197,-0.464,0.007,-0.292,0.000,71,E,0,,,,450428,314.22,0
343,812.656,"Mount",-0.087,-0.048,-0.057,0.081,0.000,0.000,0,,0,,,,461496,367.35,0
344,815.127,"Mount",-0.618,0.142,-0.617,0.144,-0.389,0.000,94,E,0,,,,451822,330.60,0
345,817.345,"Mount",-0.034,-0.057,-0.005,0.066,0.000,0.000,0,,0,,,,442556,339.29,0
346,819.798,"Mount",-0.212,0.227,-0.290,-0.110,-0.183,0.000,44,E,0,,,,463093,362.40,0
347,821.993,"Mount",-0.066,0.096,-0.102,-0.057,0.000,0.000,0,,0,,,,454244,337.51,0
348,824.547,"Mount",0.247,-0.137,0.282,0.014,0.178,0.000,43,W,0,,,,440171,339.13,0
349,826.935,"Mount",0.239,-0.148,0.279,0.028,0.188,0.000,45,W,0,,,,466118,349.30,0
350,829.285,"Mount",0.042,-0.085,0.075,0.058,0.000,0.000,0,,0,,,,442719,323.56,0
351,831.543,"Mount",-0.055,0.082,-0.086,-0.049,0.000,0.000,0,,0,,,,445235,317.69,0
352,833.966,"Mount",-0.277,0.124,-0.304,0.010,-0.191,0.000,46,E,0,,,,465358,344.88,0
353,836.263,"Mount",-0.133,0.076,-0.153,-0.010,-0.110,0.000,27,E,0,,,,455041,369.32,0
354,838.758,"Mount",-0.261,0.252,-0.345,-0.111,-0.225,0.000,54,E,0,,,,462650,355.82,0
355,841.086,"Mount",-0.292,0.090,-0.302,0.047,-0.206,0.000,50,E,0,,,,432489,297.82,0
356,843.466,"Mount",0.002,-0.082,0.038,0.073,0.000,0.000,0,,0,,,,454309,348.06,0
357,845.883,"Mount",0.196,-0.116,0.227,0.018,0.143,0.000,35,W,0,,,,444009,322.98,0
358,848.237,"Mount",0.040,-0.047,0.056,0.025,0.000,0.000,0,,0,,,,474495,374.28,0
359,850.534,"Mount",0.476,-0.126,0.483,-0.095,0.304,0.000,73,W,0,,,,447148,325.12,0
360,853.070,"Mount",0.204,-0.343,0.333,0.218,0.231,0.218,56,W,46,S,,,430038,315.64,0
361,855.241,"Mount",-0.032,-0.119,0.024,0.121,0.000,0.000,0,,0,,,,465802,350.83,0
362,857.635,"Mount",0.011,-0.035,0.025,0.027,0.000,0.000,0,,0,,,,454885,332.99,0
363,860.080,"Mount",-0.317,-0.019,-0.276,0.156,-0.174,0.000,42,E,0,,,,466482,389.28,0
364,862.508,"Mount",-0.080,-0.121,-0.018,0.143,0.000,0.000,0,,0,,,,444829,302.59,0
365,864.862,"Mount",-0.315,0.051,-0.306,0.093,-0.193,0.000,46,E,0,,,,450391,335.47,0
366,867.278,"Mount",0.289,-0.185,0.341,0.040,0.202,0.000,49,W,0,,,,441570,324.96,0
367,869.542,"Mount",-0.278,0.126,-0.305,0.009,-0.178,0.000,43,E,0,,,,440189,336.81,0
368,871.991,"Mount",0.190,-0.180,0.250,0.078,0.145,0.000,35,W,0,,,,454479,375.11,0
369,874.242,"Mount",0.030,0.064,-0.001,-0.071,0.000,0.000,0,,0,,,,452586,334.62,0
370,876.760,"Mount",-0.257,0.163,-0.302,-0.034,-0.190,0.000,46,E,0,,,,444216,359.57,0
371,879.109,"Mount",-0.461,0.113,-0.464,0.101,-0.305,0.000,74,E,0,,,,429674,347.47,0
372,881.550,"Mount",-0.271,0.007,-0.246,0.112,-0.177,0.000,43,E,0,,,,446676,362.95,0
373,883.728,"Mount",-0.140,-0.101,-0.082,0.152,0.000,0.000,0,,0,,,,455013,357.23,0
374,886.174,"Mount",0.085,-0.263,0.192,0.199,0.121,0.000,29,W,0,,,,423841,306.61,0
375,888.451,"Mount",-0.198,-0.119,-0.126,0.194,0.000,0.000,0,,0,,,,435636,346.11,0
376,890.958,"Mount",-0.222,-0.178,-0.122,0.257,0.000,0.257,0,,54,S,,,429122,322.63,0
377,893.262,"Mount",-0.022,0.007,-0.023,0.004,0.000,0.000,0,,0,,,,431494,336.19,0
378,895.750,"Mount",0.072,-0.187,0.147,0.136,0.093,0.000,22,W,0,,,,456556,359.20,0
379,898.213,"Mount",-0.043,-0.011,-0.034,0.029,0.000,0.000,0,,0,,,,450898,343.76,0
380,900.814,"Mount",-0.223,0.256,-0.312,-0.133,-0.197,0.000,48,E,0,,,,448333,337.72,0
381,903.090,"Mount",-0.107,0.134,-0.155,-0.074,-0.111,0.000,27,E,0,,,,454290,352.34,0
382,905.582,"Mount",-0.483,0.239,-0.538,-0.003,-0.347,0.000,84,E,0,,,,449453,346.81,0
383,907.818,"Mount",-0.003,-0.202,0.086,0.182,0.000,0.000,0,,0,,,,442354,346.48,0
384,910.358,"Mount",0.215,-0.252,0.304,0.132,0.191,0.000,46,W,0,,,,443218,345.65,0
385,912.983,"Mount",0.674,-0.496,0.823,0.150,0.532,0.000,128,W,0,,,,431500,332.14,0
386,915.487,"Mount",0.163,-0.140,0.208,0.054,0.168,0.000,41,W,0,,,,420105,359.36,0
387,917.783,"Mount",0.275,-0.196,0.333,0.056,0.222,0.000,53,W,0,,,,368268,317.60,0
388,920.156,"Mount",-0.100,-0.167,-0.017,0.194,0.000,0.000,0,,0,,,,315556,295.39,0
389,922.332,"Mount",-0.073,0.053,-0.089,-0.016,0.000,0.000,0,,0,,,,306372,264.53,0
390,924.830,"Mount",-0.322,0.242,-0.395,-0.076,-0.249,0.000,60,E,0,,,,303533,292.32,0
391,927.143,"Mount",-0.224,0.188,-0.283,-0.070,-0.196,0.000,47,E,0,,,,332586,276.32,0
392,929.542,"Mount",-0.016,-0.209,0.077,0.195,0.000,0.000,0,,0,,,,348814,315.58,0
393,931.855,"Mount",-0.332,0.101,-0.343,0.055,-0.216,0.000,52,E,0,,,,380792,295.81,0
394,934.237,"Mount",-0.063,-0.032,-0.043,0.056,0.000,0.000,0,,0,,,,398156,343.62,0
395,936.503,"Mount",0.129,-0.078,0.151,0.014,0.095,0.000,23,W,0,,,,385222,336.07,0
396,938.870,"Mount",-0.097,0.032,-0.101,0.014,0.000,0.000,0,,0,,,,427556,321.18,0
397,941.151,"Mount",-0.317,0.040,-0.303,0.103,-0.191,0.000,46,E,0,,,,443790,346.90,0
398,943.719,"Mount",-0.499,0.134,-0.507,0.099,-0.333,0.000,80,E,0,,,,432190,346.43,0
399,946.022,"Mount",-0.301,0.092,-0.311,0.050,-0.219,0.000,53,E,0,,,,444507,330.21,0
400,948.539,"Mount",-0.413,-0.092,-0.331,0.264,-0.224,0.264,54,E,55,S,,,424965,343.56,0
401,950.789,"Mount",-0.131,-0.026,-0.106,0.081,0.000,0.000,0,,0,,,,441431,360.41,0
402,953.230,"Mount",0.170,-0.056,0.177,-0.025,0.112,0.000,27,W,0,,,,467561,355.51,0
403,955.464,"Mount",0.048,0.081,0.007,-0.094,0.000,0.000,0,,0,,,,445175,321.95,0
404,957.911,"Mount",0.226,-0.060,0.229,-0.045,0.144,0.000,35,W,0,,,,439559,358.22,0
405,960.111,"Mount",-0.037,-0.020,-0.025,0.034,0.000,0.000,0,,0,,,,440778,375.69,0
406,962.466,"Mount",-0.134,0.003,-0.122,0.056,0.000,0.000,0,,0,,,,427655,335.46,0
407,964.786,"Mount",-0.309,0.067,-0.307,0.075,-0.194,0.000,47,E,0,,,,429915,360.04,0
408,967.179,"Mount",-0.023,-0.052,0.003,0.057,0.000,0.000,0,,0,,,,444821,339.56,0
409,969.423,"Mount",-0.288,0.063,-0.286,0.070,-0.180,0.000,44,E,0,,,,453506,362.65,0
410,971.834,"Mount",0.054,-0.039,0.066,0.011,0.000,0.000,0,,0,,,,444865,309.67,0
411,974.045,"Mount",0.045,-0.130,0.098,0.097,0.000,0.000,0,,0,,,,433358,348.67,0
412,976.532,"Mount",0.413,-0.217,0.467,0.014,0.294,0.000,71,W,0,,,,404707,316.99,0
413,978.968,"Mount",0.328,-0.165,0.367,0.004,0.252,0.000,61,W,0,,,,378913,319.53,0
414,981.351,"Mount",-0.033,0.008,-0.034,0.007,0.000,0.000,0,,0,,,,282875,275.05,0
415,983.647,"Mount",-0.345,0.163,-0.381,0.004,-0.240,0.000,58,E,0,,,,290945,291.42,0
416,986.008,"DROP",,,,,,,,,,,,,192097,226.83,7,"Stella per per cambiamento di massa"
417,988.266,"DROP",,,,,,,,,,,,,129187,144.10,7,"Stella per per cambiamento di massa"
418,990.753,"DROP",,,,,,,,,,,,,87169,113.68,7,"Stella per per cambiamento di massa"
419,993.012,"DROP",,,,,,,,,,,,,94084,133.06,7,"Stella per per cambiamento di massa"
420,995.441,"DROP",,,,,,,,,,,,,98836,134.48,7,"Stella per per cambiamento di massa"
421,997.717,"DROP",,,,,,,,,,,,,82140,107.77,7,"Stella per per cambiamento di massa"
422,1000.170,"DROP",,,,,,,,,,,,,96088,136.42,7,"Stella per per cambiamento di massa"
423,1002.459,"DROP",,,,,,,,,,,,,100163,124.18,7,"Stella per per cambiamento di massa"
424,1004.888,"DROP",,,,,,,,,,,,,73925,98.30,7,"Stella per per cambiamento di massa"
425,1007.144,"DROP",,,,,,,,,,,,,53778,88.94,7,"Stella per per cambiamento di massa"
426,1009.576,"DROP",,,,,,,,,,,,,44200,74.67,7,"Stella per per cambiamento di massa"
427,1011.856,"DROP",,,,,,,,,,,,,28535,58.52,7,"Stella per per cambiamento di massa"
428,1014.286,"DROP",,,,,,,,,,,,,31326,58.43,7,"Stella per per cambiamento di massa"
429,1016.552,"DROP",,,,,,,,,,,,,31807,60.03,7,"Stella per per cambiamento di massa"
430,1018.988,"DROP",,,,,,,,,,,,,26387,51.41,7,"Stella per per cambiamento di massa"
431,1021.259,"DROP",,,,,,,,,,,,,33585,67.46,7,"Stella per per cambiamento di massa"
432,1023.697,"DROP",,,,,,,,,,,,,28547,58.13,7,"Stella per per cambiamento di massa"
Guiding Ends at 2026-09-05 23:39:59

Guiding Begins at 2026-09-06 00:58:34
Equipment Profile = SW4P_EVO
Dither = both axes, Dither scale = 1.000, Image noise reduction = 2x2 mean, Guide-frame time lapse = 0, Server enabled
Pixel scale = 2.91 arc-sec/px, Binning = 1, Focal length = 266 mm
Search region = 15 px, Star mass tolerance = 50.0%, Multi-star mode, list size = 12
 Camera = ZWO ASI120MM Mini (ASCOM), full size = 1280 x 960, have dark, dark dur = 2000, no defect map, pixel size = 3.8 um
Exposure = 2000 ms
Mount = GPUSB, connected, guiding enabled, AuxMount=CPWI_ASCOM_Telescope, xAngle = -26.0, xRate = 4.140, yAngle = -116.0, yRate = 4.762, parity = +/-
Norm rates RA = 13.1"/s @ dec 0, Dec = 13.8"/s; ortho.err. = 0.0 deg
X guide algorithm = Hysteresis, Hysteresis = 0.100, Aggression = 0.700, Minimum move = 0.130
Y guide algorithm = Resist Switch, Minimum move = 0.200 Aggression = 100% FastSwitch = enabled
Backlash comp = enabled, pulse = 493 ms
Max RA duration = 2500, Max DEC duration = 2500, DEC guide mode = Auto
RA Guide Speed = 14.9 a-s/s, Dec Guide Speed = 14.9 a-s/s, Cal Dec = -0.0, Last Cal Issue = None, Timestamp = 31/08/2026 21:19:06
RA = 20.01 hr, Dec = 22.8 deg, Hour angle = 2.74 hr, Pier side = East, Rotator pos = N/A, Alt = 50.7 deg, Az = 253.1 deg
Lock position = 1095.482, 470.842, Star position = 1095.482, 470.842, HFD = 3.01 px
Frame,Time,mount,dx,dy,RARawDistance,DECRawDistance,RAGuideDistance,DECGuideDistance,RADuration,RADirection,DECDuration,DECDirection,XStep,YStep,StarMass,SNR,ErrorCode
INFO: SETTLING STATE CHANGE, Settling started
1,2.720,"Mount",-0.246,0.204,-0.310,-0.075,-0.195,0.000,47,E,0,,,,363528,292.56,0
2,5.169,"Mount",0.283,-0.020,0.263,-0.106,0.152,0.000,37,W,0,,,,389220,279.51,0
3,7.564,"Mount",-0.097,-0.063,-0.060,0.099,0.000,0.000,0,,0,,,,374105,288.45,0
4,9.769,"Mount",0.128,-0.108,0.162,0.041,0.102,0.000,25,W,0,,,,382483,309.63,0
5,12.193,"Mount",-0.238,0.214,-0.307,-0.088,-0.187,0.000,45,E,0,,,,368673,269.47,0
INFO: SETTLING STATE CHANGE, Settling complete
6,14.397,"Mount",-0.025,0.021,-0.032,-0.008,0.000,0.000,0,,0,,,,386973,306.73,0
7,16.872,"Mount",-0.196,0.073,-0.209,0.020,-0.131,0.000,32,E,0,,,,375496,294.75,0
8,19.088,"Mount",0.149,-0.049,0.155,-0.021,0.089,0.000,21,W,0,,,,375696,283.31,0
9,21.528,"Mount",0.234,-0.192,0.295,0.070,0.192,0.000,46,W,0,,,,378029,257.90,0
10,23.849,"Mount",0.542,-0.152,0.554,-0.101,0.362,0.000,88,W,0,,,,384417,290.73,0
11,26.336,"Mount",0.366,0.046,0.309,-0.202,0.220,0.000,53,W,0,,,,361076,283.37,0
12,28.668,"Mount",-0.025,-0.120,0.031,0.119,0.000,0.000,0,,0,,,,381731,325.01,0
13,31.160,"Mount",0.006,-0.031,0.019,0.025,0.000,0.000,0,,0,,,,373674,297.37,0
14,33.424,"Mount",-0.316,0.125,-0.338,0.026,-0.213,0.000,52,E,0,,,,362600,309.06,0
15,35.873,"Mount",-0.282,0.058,-0.279,0.072,-0.191,0.000,46,E,0,,,,374344,315.39,0
16,38.280,"Mount",-0.189,0.027,-0.182,0.059,-0.128,0.000,31,E,0,,,,362099,288.31,0
17,40.622,"Mount",0.147,0.009,0.128,-0.073,0.000,0.000,0,,0,,,,378913,294.29,0
18,42.870,"Mount",-0.027,-0.115,0.026,0.115,0.000,0.000,0,,0,,,,356284,309.37,0
19,45.376,"Mount",0.442,-0.682,0.696,0.419,0.439,0.000,106,W,0,,,,354579,279.78,0
20,47.808,"Mount",0.490,-0.488,0.654,0.223,0.443,0.000,107,W,0,,,,321920,253.24,0
21,50.275,"Mount",0.222,-0.265,0.316,0.141,0.230,0.000,56,W,0,,,,353893,265.21,0
22,52.530,"Mount",-0.042,-0.137,0.022,0.141,0.000,0.000,0,,0,,,,354820,283.66,0
23,54.904,"Mount",-0.041,0.019,-0.045,0.001,0.000,0.000,0,,0,,,,237493,224.99,0
24,57.119,"Mount",-0.022,0.034,-0.034,-0.021,0.000,0.000,0,,0,,,,196759,200.34,0
25,59.465,"Mount",-0.090,-0.046,-0.061,0.081,0.000,0.000,0,,0,,,,198146,195.44,0
26,61.606,"DROP",,,,,,,,,,,,,138029,146.17,7,"Stella per per cambiamento di massa"
27,64.066,"DROP",,,,,,,,,,,,,142167,166.65,7,"Stella per per cambiamento di massa"
28,66.370,"DROP",,,,,,,,,,,,,107269,124.80,7,"Stella per per cambiamento di massa"
29,68.804,"DROP",,,,,,,,,,,,,34529,62.14,7,"Stella per per cambiamento di massa"
30,71.097,"DROP",,,,,,,,,,,,,27143,57.83,7,"Stella per per cambiamento di massa"
31,73.530,"DROP",,,,,,,,,,,,,47236,78.44,7,"Stella per per cambiamento di massa"
32,75.797,"DROP",,,,,,,,,,,,,107409,142.45,7,"Stella per per cambiamento di massa"
33,78.253,"DROP",,,,,,,,,,,,,76818,115.27,7,"Stella per per cambiamento di massa"
34,80.649,"Mount",0.195,-0.323,0.317,0.204,0.200,0.000,48,W,0,,,,127679,147.67,0
35,82.962,"DROP",,,,,,,,,,,,,63338,92.36,7,"Stella per per cambiamento di massa"
36,85.246,"DROP",,,,,,,,,,,,,59718,88.20,7,"Stella per per cambiamento di massa"
37,87.778,"DROP",,,,,,,,,,,,,14255,36.50,7,"Stella per per cambiamento di massa"
38,90.054,"DROP",,,,,,,,,,,,,8645,24.08,7,"Stella per per cambiamento di massa"
39,92.512,"DROP",,,,,,,,,,,,,5648,16.66,7,"Stella per per cambiamento di massa"
40,94.842,"DROP",,,,,,,,,,,,,3138,10.87,7,"Stella per per cambiamento di massa"
41,97.320,"DROP",,,,,,,,,,,,,5563,17.45,7,"Stella per per cambiamento di massa"
42,99.595,"DROP",,,,,,,,,,,,,8504,23.38,7,"Stella per per cambiamento di massa"
43,102.033,"DROP",,,,,,,,,,,,,4037,13.94,7,"Stella per per cambiamento di massa"
44,104.376,"DROP",,,,,,,,,,,,,0,0.00,2,"Stella persa per SNR basso"
45,106.793,"DROP",,,,,,,,,,,,,0,0.00,2,"Stella persa per SNR basso"
46,109.055,"DROP",,,,,,,,,,,,,1955,8.82,7,"Stella per per cambiamento di massa"
47,111.482,"DROP",,,,,,,,,,,,,13031,27.78,7,"Stella per per cambiamento di massa"
48,113.762,"DROP",,,,,,,,,,,,,49813,79.42,7,"Stella per per cambiamento di massa"
49,116.224,"DROP",,,,,,,,,,,,,107845,143.79,7,"Stella per per cambiamento di massa"
50,118.538,"DROP",,,,,,,,,,,,,185759,194.83,7,"Stella per per cambiamento di massa"
51,120.976,"DROP",,,,,,,,,,,,,193203,199.29,7,"Stella per per cambiamento di massa"
52,123.246,"DROP",,,,,,,,,,,,,65966,91.18,7,"Stella per per cambiamento di massa"
53,126.009,"Mount",-1.704,0.610,-1.799,0.200,-1.120,0.000,270,E,0,,,,54229,76.14,0
54,128.213,"DROP",,,,,,,,,,,,,125156,141.08,7,"Stella per per cambiamento di massa"
55,130.653,"DROP",,,,,,,,,,,,,122017,151.50,7,"Stella per per cambiamento di massa"
56,132.934,"DROP",,,,,,,,,,,,,252475,228.14,7,"Stella per per cambiamento di massa"
57,135.383,"DROP",,,,,,,,,,,,,274186,249.47,7,"Stella per per cambiamento di massa"
58,137.683,"DROP",,,,,,,,,,,,,259526,254.85,7,"Stella per per cambiamento di massa"
59,140.145,"DROP",,,,,,,,,,,,,241824,236.93,7,"Stella per per cambiamento di massa"
60,142.427,"DROP",,,,,,,,,,,,,221032,201.56,7,"Stella per per cambiamento di massa"
61,145.281,"Mount",-1.271,0.150,-1.208,0.423,-0.839,0.423,203,E,89,S,,,203292,198.95,0
62,147.464,"DROP",,,,,,,,,,,,,319944,262.17,7,"Stella per per cambiamento di massa"
63,150.272,"Mount",-0.773,-0.050,-0.673,0.384,-0.483,0.384,117,E,81,S,,,326166,263.39,0
64,152.704,"Mount",-0.502,-0.008,-0.448,0.228,-0.316,0.228,76,E,48,S,,,281827,248.81,0
65,155.240,"Mount",-0.164,-0.268,-0.030,0.313,0.000,0.313,0,,66,S,,,201832,207.25,0
66,157.584,"Mount",-0.253,0.013,-0.233,0.099,-0.147,0.000,35,E,0,,,,141031,173.87,0
67,160.274,"Mount",-0.349,-0.019,-0.306,0.170,-0.203,0.000,49,E,0,,,,75520,116.98,0
68,162.491,"DROP",,,,,,,,,,,,,32574,63.08,7,"Stella per per cambiamento di massa"
69,165.073,"Mount",-0.450,0.157,-0.474,0.056,-0.313,0.000,75,E,0,,,,51124,83.88,0
70,167.560,"Mount",-0.662,0.016,-0.602,0.276,-0.401,0.276,97,E,58,S,,,48463,73.12,0
71,169.869,"DROP",,,,,,,,,,,,,22091,46.62,7,"Stella per per cambiamento di massa"
72,172.215,"DROP",,,,,,,,,,,,,22512,46.69,7,"Stella per per cambiamento di massa"
73,174.637,"DROP",,,,,,,,,,,,,16313,40.03,7,"Stella per per cambiamento di massa"
74,177.176,"Mount",0.364,-0.567,0.577,0.350,0.335,0.350,81,W,73,S,,,100398,141.12,0
Guiding Ends at 2026-09-06 01:01:34

Guiding Begins at 2026-09-06 01:18:48
Equipment Profile = SW4P_EVO
Dither = both axes, Dither scale = 1.000, Image noise reduction = 2x2 mean, Guide-frame time lapse = 0, Server enabled
Pixel scale = 2.91 arc-sec/px, Binning = 1, Focal length = 266 mm
Search region = 15 px, Star mass tolerance = 50.0%, Multi-star mode, list size = 12
 Camera = ZWO ASI120MM Mini (ASCOM), full size = 1280 x 960, have dark, dark dur = 2000, no defect map, pixel size = 3.8 um
Exposure = 2000 ms
Mount = GPUSB, connected, guiding enabled, AuxMount=CPWI_ASCOM_Telescope, xAngle = -26.0, xRate = 4.140, yAngle = -116.0, yRate = 4.762, parity = +/-
Norm rates RA = 13.1"/s @ dec 0, Dec = 13.8"/s; ortho.err. = 0.0 deg
X guide algorithm = Hysteresis, Hysteresis = 0.100, Aggression = 0.700, Minimum move = 0.130
Y guide algorithm = Resist Switch, Minimum move = 0.200 Aggression = 100% FastSwitch = enabled
Backlash comp = enabled, pulse = 493 ms
Max RA duration = 2500, Max DEC duration = 2500, DEC guide mode = Auto
RA Guide Speed = 14.9 a-s/s, Dec Guide Speed = 14.9 a-s/s, Cal Dec = -0.0, Last Cal Issue = None, Timestamp = 31/08/2026 21:19:06
RA = 20.01 hr, Dec = 22.8 deg, Hour angle = 3.08 hr, Pier side = East, Rotator pos = N/A, Alt = 47.1 deg, Az = 257.6 deg
Lock position = 978.932, 207.091, Star position = 978.932, 207.091, HFD = 2.93 px
Frame,Time,mount,dx,dy,RARawDistance,DECRawDistance,RAGuideDistance,DECGuideDistance,RADuration,RADirection,DECDuration,DECDirection,XStep,YStep,StarMass,SNR,ErrorCode
INFO: SETTLING STATE CHANGE, Settling started
1,2.613,"Mount",-0.149,-0.042,-0.115,0.103,0.000,0.000,0,,0,,,,355571,289.83,0
2,4.783,"Mount",-0.098,-0.145,-0.025,0.174,0.000,0.000,0,,0,,,,408859,323.14,0
3,7.219,"Mount",0.122,-0.331,0.255,0.244,0.160,0.000,39,W,0,,,,407706,318.24,0
4,9.531,"Mount",0.577,-0.306,0.653,0.022,0.422,0.000,102,W,0,,,,502492,368.57,0
5,11.939,"Mount",0.177,-0.201,0.247,0.102,0.185,0.000,45,W,0,,,,513852,363.21,0
INFO: SETTLING STATE CHANGE, Settling complete
6,14.203,"Mount",-0.351,-0.188,-0.233,0.323,-0.134,0.000,32,E,0,,,,713757,440.95,0
7,16.811,"Mount",-0.364,-0.157,-0.259,0.301,-0.172,0.301,42,E,63,S,,,648842,422.13,0
8,19.075,"Mount",-0.137,0.121,-0.176,-0.049,-0.123,0.000,30,E,0,,,,553824,402.91,0
9,21.476,"Mount",0.107,-0.126,0.152,0.067,0.087,0.000,21,W,0,,,,544110,398.34,0
10,23.803,"Mount",-0.221,0.122,-0.253,-0.013,-0.153,0.000,37,E,0,,,,614575,393.89,0
11,26.357,"Mount",0.239,-0.299,0.346,0.163,0.207,0.000,50,W,0,,,,680179,472.28,0
12,28.707,"Mount",0.251,-0.331,0.371,0.188,0.248,0.000,60,W,0,,,,787367,471.88,0
13,31.179,"Mount",0.296,-0.132,0.324,-0.011,0.222,0.000,54,W,0,,,,788416,472.12,0
14,33.611,"Mount",0.285,-0.235,0.359,0.086,0.242,0.000,58,W,0,,,,749029,451.65,0
15,35.902,"DROP",,,,,,,,,,,,,920819,495.67,7,"Stella per per cambiamento di massa"
16,38.195,"DROP",,,,,,,,,,,,,861517,492.60,7,"Stella per per cambiamento di massa"
17,40.639,"DROP",,,,,,,,,,,,,898566,498.12,7,"Stella per per cambiamento di massa"
18,42.896,"DROP",,,,,,,,,,,,,972631,559.43,7,"Stella per per cambiamento di massa"
19,45.515,"Mount",-0.188,-0.054,-0.145,0.131,-0.074,0.000,18,E,0,,,,872122,504.12,0
20,47.710,"Mount",0.044,0.096,-0.003,-0.106,0.000,0.000,0,,0,,,,847651,509.84,0
21,50.108,"Mount",0.010,-0.041,0.027,0.033,0.000,0.000,0,,0,,,,891260,501.25,0
22,52.319,"Mount",0.044,-0.178,0.117,0.141,0.000,0.000,0,,0,,,,885759,539.95,0
23,54.894,"Mount",0.192,-0.457,0.373,0.327,0.235,0.327,57,W,69,S,,,876849,513.75,0
24,57.339,"Mount",0.236,-0.566,0.460,0.406,0.306,0.406,74,W,85,S,,,914093,527.85,0
25,59.875,"Mount",0.107,-0.386,0.265,0.300,0.189,0.300,46,W,63,S,,,915138,549.07,0
26,62.078,"Mount",0.076,-0.100,0.112,0.056,0.000,0.000,0,,0,,,,895081,508.85,0
27,64.595,"Mount",0.170,-0.345,0.304,0.235,0.192,0.235,46,W,49,S,,,915923,499.61,0
28,66.822,"Mount",0.018,-0.112,0.065,0.092,0.000,0.000,0,,0,,,,954565,497.72,0
29,69.228,"Mount",-0.247,0.108,-0.270,0.011,-0.170,0.000,41,E,0,,,,925287,516.22,0
30,71.555,"Mount",-0.163,-0.193,-0.062,0.245,0.000,0.245,0,,51,S,,,906600,531.69,0
31,73.977,"Mount",0.069,-0.249,0.171,0.193,0.108,0.000,26,W,0,,,,922070,525.35,0
32,76.172,"Mount",0.060,-0.114,0.104,0.076,0.000,0.000,0,,0,,,,950097,560.43,0
33,78.731,"Mount",-0.019,-0.261,0.098,0.243,0.000,0.243,0,,51,S,,,939774,510.11,0
34,81.019,"Mount",-0.215,-0.182,-0.114,0.258,0.000,0.258,0,,54,S,,,922602,524.55,0
35,83.484,"Mount",-0.327,-0.037,-0.277,0.177,-0.175,0.000,42,E,0,,,,857679,545.77,0
36,86.035,"Mount",-0.827,-0.163,-0.672,0.509,-0.435,0.509,105,E,107,S,,,939897,494.10,0
37,88.531,"Mount",-0.094,-0.376,0.080,0.379,0.000,0.379,0,,80,S,,,919527,496.62,0
38,90.875,"Mount",-0.217,-0.337,-0.047,0.398,0.000,0.398,0,,84,S,,,893483,501.29,0
39,93.427,"Mount",0.398,-0.435,0.548,0.217,0.345,0.217,83,W,45,S,,,933942,501.10,0
40,95.795,"Mount",0.100,-0.403,0.267,0.318,0.192,0.318,46,W,67,S,,,895698,508.87,0
41,98.284,"Mount",-0.058,-0.227,0.048,0.230,0.000,0.230,0,,48,S,,,905961,489.06,0
42,100.755,"Mount",-0.249,-0.155,-0.156,0.248,-0.098,0.248,24,E,52,S,,,897918,540.27,0
43,103.211,"Mount",-0.405,-0.014,-0.358,0.190,-0.232,0.000,56,E,0,,,,873327,484.92,0
44,105.651,"Mount",-0.466,-0.032,-0.404,0.234,-0.271,0.234,65,E,49,S,,,886552,550.32,0
45,108.171,"Mount",-0.341,-0.092,-0.266,0.232,-0.187,0.232,45,E,49,S,,,896434,506.97,0
46,110.611,"Mount",-0.339,-0.176,-0.228,0.307,-0.156,0.307,38,E,64,S,,,918802,513.73,0
47,113.131,"Mount",-0.448,-0.182,-0.323,0.360,-0.215,0.360,52,E,76,S,,,867081,494.02,0
48,115.379,"Mount",-0.145,-0.178,-0.052,0.223,0.000,0.223,0,,47,S,,,858143,473.14,0
49,117.915,"Mount",-0.267,-0.235,-0.137,0.328,-0.086,0.328,21,E,69,S,,,863449,466.58,0
50,120.243,"Mount",-0.319,0.037,-0.303,0.107,-0.197,0.000,47,E,0,,,,920634,500.44,0
51,122.755,"Mount",-0.708,0.146,-0.700,0.180,-0.455,0.000,110,E,0,,,,934071,531.51,0
52,125.075,"Mount",-0.353,0.030,-0.330,0.128,-0.240,0.000,58,E,0,,,,891793,526.90,0
53,127.547,"Mount",-0.308,0.030,-0.290,0.108,-0.199,0.000,48,E,0,,,,867539,487.25,0
54,129.758,"Mount",-0.177,-0.087,-0.121,0.155,0.000,0.000,0,,0,,,,896426,503.62,0
55,132.227,"Mount",-0.357,0.001,-0.321,0.156,-0.202,0.000,49,E,0,,,,949634,539.13,0
56,134.439,"Mount",-0.127,-0.029,-0.101,0.082,0.000,0.000,0,,0,,,,864791,508.64,0
57,136.931,"Mount",-0.330,0.065,-0.325,0.087,-0.205,0.000,49,E,0,,,,852608,424.64,0
58,139.283,"Mount",-0.254,-0.104,-0.183,0.205,-0.130,0.205,31,E,43,S,,,891845,495.92,0
59,141.763,"Mount",-0.098,-0.200,-0.000,0.223,0.000,0.223,0,,47,S,,,874767,493.57,0
60,144.075,"Mount",-0.219,-0.049,-0.175,0.140,-0.110,0.000,27,E,0,,,,886911,489.45,0
61,146.739,"Mount",-0.789,0.069,-0.739,0.284,-0.474,0.284,114,E,60,S,,,951185,560.23,0
62,149.003,"Mount",-0.251,0.014,-0.232,0.098,-0.179,0.000,43,E,0,,,,909235,497.00,0
63,151.403,"Mount",-0.213,-0.021,-0.182,0.112,-0.127,0.000,31,E,0,,,,870791,499.58,0
64,153.646,"Mount",-0.063,0.042,-0.075,-0.010,0.000,0.000,0,,0,,,,926710,464.09,0
65,155.980,"Mount",-0.018,-0.136,0.043,0.130,0.000,0.000,0,,0,,,,915135,562.02,0
66,158.408,"Mount",0.268,-0.470,0.447,0.305,0.282,0.305,68,W,64,S,,,919932,534.07,0
67,160.835,"Mount",0.087,-0.150,0.143,0.096,0.110,0.000,27,W,0,,,,940993,537.45,0
68,163.139,"Mount",-0.374,0.095,-0.378,0.079,-0.230,0.000,56,E,0,,,,938159,558.70,0
69,165.595,"Mount",-0.319,0.104,-0.332,0.047,-0.226,0.000,54,E,0,,,,921928,537.73,0
70,167.859,"Mount",-0.444,0.073,-0.431,0.129,-0.287,0.000,69,E,0,,,,900195,525.84,0
71,170.273,"Mount",-0.110,-0.040,-0.082,0.084,0.000,0.000,0,,0,,,,956346,554.04,0
72,172.659,"Mount",-0.568,-0.042,-0.492,0.287,-0.310,0.287,75,E,60,S,,,828758,475.66,0
73,175.045,"Mount",0.032,-0.170,0.103,0.139,0.000,0.000,0,,0,,,,950635,534.21,0
74,177.277,"Mount",0.016,-0.148,0.079,0.126,0.000,0.000,0,,0,,,,881695,537.24,0
75,179.795,"Mount",0.256,-0.424,0.416,0.269,0.262,0.269,63,W,56,S,,,951038,503.94,0
76,182.131,"Mount",0.585,-0.401,0.702,0.103,0.460,0.000,111,W,0,,,,991912,518.43,0
77,184.508,"Mount",0.062,-0.040,0.073,0.009,0.000,0.000,0,,0,,,,938753,553.54,0
78,186.798,"Mount",-0.030,-0.020,-0.018,0.031,0.000,0.000,0,,0,,,,874497,494.28,0
79,189.127,"Mount",-0.029,0.145,-0.090,-0.117,0.000,0.000,0,,0,,,,980996,505.83,0
80,191.427,"Mount",-0.222,0.268,-0.317,-0.144,-0.200,0.000,48,E,0,,,,945996,504.97,0
81,193.939,"Mount",-0.200,0.103,-0.225,-0.005,-0.156,0.000,38,E,0,,,,897814,494.49,0
82,196.179,"Mount",-0.133,0.086,-0.157,-0.019,-0.110,0.000,27,E,0,,,,924527,540.23,0
83,198.651,"Mount",0.246,-0.202,0.310,0.074,0.188,0.000,45,W,0,,,,920620,544.31,0
84,200.923,"Mount",0.357,-0.255,0.433,0.073,0.286,0.000,69,W,0,,,,908506,540.39,0
85,203.371,"Mount",0.061,-0.191,0.138,0.145,0.107,0.000,26,W,0,,,,955451,503.45,0
86,205.817,"Mount",0.056,0.040,0.032,-0.060,0.000,0.000,0,,0,,,,948494,506.30,0
87,208.267,"Mount",-0.279,0.196,-0.337,-0.054,-0.212,0.000,51,E,0,,,,972652,559.32,0
88,210.543,"Mount",0.007,-0.004,0.008,0.000,0.000,0.000,0,,0,,,,1010162,496.50,0
89,212.947,"Mount",-0.183,-0.143,-0.101,0.209,0.000,0.209,0,,44,S,,,966217,552.49,0
90,215.213,"Mount",0.126,-0.009,0.117,-0.047,0.000,0.000,0,,0,,,,984025,557.26,0
91,217.574,"Mount",-0.072,-0.082,-0.029,0.105,0.000,0.000,0,,0,,,,968185,511.00,0
92,219.831,"Mount",0.143,-0.079,0.163,0.008,0.103,0.000,25,W,0,,,,968400,536.89,0
93,222.251,"Mount",-0.025,-0.244,0.085,0.230,0.000,0.230,0,,48,S,,,976827,573.29,0
94,224.651,"Mount",0.246,-0.346,0.373,0.203,0.235,0.203,57,W,43,S,,,940467,508.91,0
95,227.017,"Mount",-0.135,0.006,-0.124,0.054,0.000,0.000,0,,0,,,,975226,523.78,0
96,229.244,"Mount",-0.094,0.018,-0.092,0.025,0.000,0.000,0,,0,,,,937205,529.56,0
97,231.707,"Mount",-0.211,0.091,-0.229,0.011,-0.144,0.000,35,E,0,,,,951246,556.88,0
98,234.043,"Mount",-0.316,0.028,-0.296,0.113,-0.197,0.000,47,E,0,,,,915757,506.43,0
99,236.619,"Mount",-0.653,0.028,-0.599,0.261,-0.391,0.261,94,E,55,S,,,897053,513.39,0
100,238.867,"Mount",0.025,-0.150,0.088,0.123,0.000,0.000,0,,0,,,,941815,480.18,0
101,241.202,"Mount",0.068,0.015,0.055,-0.043,0.000,0.000,0,,0,,,,903459,529.72,0
102,243.617,"Mount",0.327,-0.367,0.455,0.187,0.286,0.000,69,W,0,,,,898116,479.26,0
103,246.107,"Mount",0.064,-0.317,0.196,0.257,0.144,0.257,35,W,54,S,,,935551,518.80,0
104,248.483,"Mount",0.179,-0.331,0.307,0.219,0.203,0.219,49,W,46,S,,,954222,557.48,0
105,250.899,"Mount",0.143,-0.259,0.242,0.170,0.167,0.000,40,W,0,,,,875048,528.13,0
106,253.103,"Mount",-0.077,-0.024,-0.058,0.055,0.000,0.000,0,,0,,,,952515,499.94,0
107,255.556,"Mount",-0.299,0.179,-0.347,-0.030,-0.219,0.000,53,E,0,,,,891890,510.28,0
108,257.835,"Mount",-0.286,0.026,-0.269,0.102,-0.185,0.000,45,E,0,,,,910588,548.41,0
109,260.242,"Mount",0.025,0.075,-0.011,-0.078,0.000,0.000,0,,0,,,,901528,498.90,0
110,262.479,"Mount",-0.120,-0.014,-0.102,0.065,0.000,0.000,0,,0,,,,883099,501.08,0
111,264.870,"Mount",0.133,-0.013,0.125,-0.047,0.000,0.000,0,,0,,,,958963,543.61,0
112,267.128,"Mount",-0.062,-0.105,-0.010,0.121,0.000,0.000,0,,0,,,,908238,516.07,0
113,269.528,"Mount",-0.086,0.000,-0.078,0.038,0.000,0.000,0,,0,,,,907569,525.25,0
114,271.875,"Mount",-0.462,-0.092,-0.375,0.285,-0.236,0.285,57,E,60,S,,,873079,516.18,0
115,274.245,"Mount",-0.009,-0.054,0.015,0.053,0.000,0.000,0,,0,,,,918986,544.51,0
116,276.651,"Mount",-0.133,0.026,-0.130,0.035,-0.082,0.000,20,E,0,,,,954966,520.52,0
117,278.991,"Mount",-0.100,-0.015,-0.083,0.057,0.000,0.000,0,,0,,,,924024,555.06,0
118,281.283,"Mount",-0.246,0.017,-0.229,0.092,-0.144,0.000,35,E,0,,,,998576,507.40,0
119,283.708,"Mount",0.097,-0.191,0.171,0.129,0.098,0.000,24,W,0,,,,933498,526.06,0
120,285.947,"Mount",-0.233,-0.074,-0.176,0.169,-0.104,0.000,25,E,0,,,,978020,538.67,0
121,288.387,"Mount",0.166,-0.237,0.253,0.140,0.152,0.000,37,W,0,,,,915747,504.19,0
122,290.723,"Mount",-0.186,-0.212,-0.074,0.272,0.000,0.272,0,,57,S,,,897645,530.66,0
123,293.111,"Mount",-0.082,-0.072,-0.042,0.100,0.000,0.000,0,,0,,,,926032,500.81,0
124,295.415,"Mount",-0.358,0.239,-0.426,-0.058,-0.269,0.000,65,E,0,,,,927072,518.84,0
125,297.859,"Mount",-0.127,0.142,-0.177,-0.072,-0.130,0.000,31,E,0,,,,924662,523.87,0
126,300.310,"Mount",-0.174,-0.149,-0.091,0.210,0.000,0.210,0,,44,S,,,920531,509.35,0
127,302.723,"Mount",0.122,-0.271,0.229,0.190,0.144,0.000,35,W,0,,,,927082,546.63,0
128,305.059,"Mount",0.148,-0.160,0.203,0.079,0.138,0.000,33,W,0,,,,965708,528.76,0
129,307.723,"Mount",0.436,-0.258,0.505,0.041,0.328,0.000,79,W,0,,,,882428,560.14,0
130,310.038,"Mount",0.181,-0.214,0.257,0.113,0.185,0.000,45,W,0,,,,813718,517.72,0
131,312.700,"Mount",-0.720,-0.013,-0.641,0.328,-0.391,0.328,94,E,69,S,,,909114,504.91,0
132,315.017,"Mount",-0.100,0.099,-0.133,-0.045,-0.111,0.000,27,E,0,,,,871141,501.01,0
133,317.451,"Mount",-0.244,0.042,-0.237,0.069,-0.157,0.000,38,E,0,,,,948149,520.06,0
134,319.650,"Mount",-0.037,0.049,-0.055,-0.028,0.000,0.000,0,,0,,,,953280,539.70,0
135,322.179,"Mount",-0.421,-0.026,-0.367,0.208,-0.231,0.208,56,E,44,S,,,901970,476.94,0
136,324.515,"Mount",-0.197,0.196,-0.263,-0.089,-0.182,0.000,44,E,0,,,,866719,511.37,0
137,327.091,"Mount",0.340,-0.170,0.380,0.004,0.227,0.000,55,W,0,,,,928980,498.43,0
138,329.395,"Mount",0.406,-0.329,0.509,0.117,0.337,0.000,81,W,0,,,,897598,491.12,0
139,331.867,"Mount",0.548,-0.299,0.623,0.028,0.416,0.000,101,W,0,,,,888146,514.30,0
140,334.133,"Mount",0.126,-0.281,0.237,0.197,0.178,0.000,43,W,0,,,,932136,531.58,0
141,336.579,"Mount",-0.124,0.100,-0.155,-0.035,-0.085,0.000,21,E,0,,,,912707,582.09,0
142,338.931,"Mount",-0.027,-0.022,-0.015,0.032,0.000,0.000,0,,0,,,,912004,498.89,0
143,341.295,"Mount",0.010,0.002,0.008,-0.006,0.000,0.000,0,,0,,,,894024,467.90,0
144,343.494,"Mount",-0.000,-0.127,0.055,0.114,0.000,0.000,0,,0,,,,930567,524.12,0
145,345.840,"Mount",-0.073,-0.038,-0.049,0.066,0.000,0.000,0,,0,,,,892806,489.11,0
146,348.069,"Mount",0.128,-0.058,0.141,-0.004,0.089,0.000,21,W,0,,,,927120,528.95,0
147,350.440,"Mount",0.082,0.051,0.051,-0.082,0.000,0.000,0,,0,,,,896666,472.80,0
148,352.779,"Mount",0.198,-0.226,0.277,0.116,0.175,0.000,42,W,0,,,,916849,541.97,0
149,355.235,"Mount",0.211,-0.145,0.253,0.037,0.172,0.000,42,W,0,,,,916335,514.30,0
150,357.435,"Mount",0.050,-0.075,0.078,0.045,0.000,0.000,0,,0,,,,976078,544.63,0
151,359.798,"Mount",-0.042,-0.049,-0.017,0.062,0.000,0.000,0,,0,,,,944159,527.08,0
152,362.059,"Mount",-0.281,0.124,-0.307,0.012,-0.193,0.000,47,E,0,,,,980760,530.57,0
153,364.491,"Mount",0.248,-0.238,0.327,0.104,0.193,0.000,47,W,0,,,,930120,505.80,0
154,366.685,"Mount",-0.003,-0.111,0.046,0.101,0.000,0.000,0,,0,,,,942621,511.01,0
155,369.119,"Mount",0.001,-0.095,0.042,0.085,0.000,0.000,0,,0,,,,920270,556.47,0
156,371.379,"Mount",0.152,-0.177,0.214,0.092,0.135,0.000,33,W,0,,,,947985,551.09,0
157,373.955,"Mount",0.085,-0.339,0.225,0.267,0.151,0.267,36,W,56,S,,,915847,522.31,0
158,376.243,"Mount",0.143,-0.107,0.176,0.033,0.121,0.000,29,W,0,,,,969887,581.32,0
159,378.731,"Mount",-0.338,0.071,-0.334,0.084,-0.202,0.000,49,E,0,,,,951938,512.28,0
160,381.195,"Mount",-0.724,0.011,-0.655,0.308,-0.427,0.308,103,E,65,S,,,992760,538.91,0
161,383.651,"Mount",-0.177,0.332,-0.305,-0.221,-0.222,0.000,54,E,0,,,,959185,525.60,0
162,386.137,"Mount",-0.361,0.223,-0.423,-0.042,-0.282,0.000,68,E,0,,,,1016008,556.71,0
163,388.570,"Mount",0.098,0.236,-0.016,-0.255,0.000,0.000,0,,0,,,,1011498,604.60,0
164,390.853,"Mount",-0.085,0.040,-0.094,0.001,0.000,0.000,0,,0,,,,976102,528.19,0
165,393.301,"Mount",0.364,-0.167,0.400,-0.010,0.252,0.000,61,W,0,,,,953746,527.92,0
166,395.555,"Mount",0.266,-0.251,0.349,0.109,0.237,0.000,57,W,0,,,,980386,514.19,0
167,398.115,"Mount",0.588,-0.239,0.633,-0.043,0.415,0.000,100,W,0,,,,932560,513.46,0
168,400.343,"Mount",-0.056,-0.003,-0.049,0.028,0.000,0.000,0,,0,,,,958391,522.74,0
169,402.907,"Mount",-0.635,0.269,-0.688,0.037,-0.434,0.000,105,E,0,,,,924927,485.80,0
170,405.251,"Mount",-0.271,0.293,-0.372,-0.145,-0.265,0.000,64,E,0,,,,995613,563.55,0
171,407.599,"Mount",0.017,-0.101,0.060,0.083,0.000,0.000,0,,0,,,,975823,532.45,0
172,409.826,"Mount",0.136,0.058,0.096,-0.111,0.000,0.000,0,,0,,,,948366,510.52,0
173,412.251,"Mount",-0.187,0.146,-0.232,-0.049,-0.146,0.000,35,E,0,,,,971138,530.39,0
174,414.507,"Mount",-0.023,-0.073,0.011,0.076,0.000,0.000,0,,0,,,,992227,500.89,0
175,416.856,"Mount",0.047,0.132,-0.015,-0.139,0.000,0.000,0,,0,,,,987540,604.80,0
176,419.073,"Mount",-0.016,0.087,-0.052,-0.071,0.000,0.000,0,,0,,,,994296,542.04,0
177,421.680,"Mount",-0.222,0.287,-0.325,-0.161,-0.205,0.000,49,E,0,,,,930287,513.26,0
178,424.035,"Mount",-0.275,0.228,-0.347,-0.084,-0.233,0.000,56,E,0,,,,957594,533.82,0
179,426.603,"Mount",-0.237,0.174,-0.290,-0.053,-0.199,0.000,48,E,0,,,,979036,544.42,0
180,428.837,"Mount",-0.040,-0.124,0.018,0.129,0.000,0.000,0,,0,,,,993640,534.20,0
181,431.291,"Mount",-0.228,0.149,-0.270,-0.033,-0.170,0.000,41,E,0,,,,988592,533.12,0
182,433.498,"Mount",0.099,-0.020,0.098,-0.025,0.000,0.000,0,,0,,,,1081087,567.96,0
183,435.931,"Mount",0.187,-0.101,0.212,0.008,0.134,0.000,32,W,0,,,,1041259,561.86,0
184,438.262,"Mount",0.288,-0.194,0.344,0.049,0.226,0.000,55,W,0,,,,941689,507.83,0
185,440.715,"Mount",-0.523,0.251,-0.580,0.004,-0.350,0.000,84,E,0,,,,936677,474.48,0
186,443.070,"Mount",-0.201,-0.017,-0.173,0.103,-0.134,0.000,32,E,0,,,,1064615,592.86,0
187,445.467,"Mount",-0.213,0.038,-0.208,0.059,-0.140,0.000,34,E,0,,,,955611,547.47,0
188,447.682,"Mount",-0.085,0.084,-0.113,-0.038,0.000,0.000,0,,0,,,,1010558,560.48,0
189,450.123,"Mount",-0.178,-0.027,-0.148,0.102,-0.093,0.000,23,E,0,,,,976874,503.42,0
190,452.386,"Mount",-0.229,0.079,-0.240,0.029,-0.158,0.000,38,E,0,,,,950582,510.57,0
191,454.795,"Mount",0.077,-0.233,0.172,0.176,0.097,0.000,24,W,0,,,,926880,522.20,0
192,457.115,"Mount",0.321,-0.282,0.412,0.112,0.266,0.000,64,W,0,,,,939161,508.08,0
193,459.668,"Mount",0.282,-0.490,0.468,0.317,0.314,0.317,76,W,67,S,,,971937,521.23,0
194,461.971,"Mount",-0.091,-0.192,0.002,0.213,0.000,0.213,0,,45,S,,,911594,517.34,0
195,464.428,"Mount",-0.039,0.268,-0.153,-0.224,-0.097,0.000,23,E,0,,,,966001,532.60,0
196,466.692,"Mount",-0.182,0.114,-0.213,-0.022,-0.141,0.000,34,E,0,,,,982397,533.69,0
197,469.046,"Mount",-0.043,-0.052,-0.016,0.065,0.000,0.000,0,,0,,,,1076194,594.35,0
198,471.355,"Mount",-0.338,-0.018,-0.296,0.165,-0.187,0.000,45,E,0,,,,1022359,551.44,0
199,473.787,"Mount",0.014,0.284,-0.112,-0.261,0.000,0.000,0,,0,,,,994587,561.58,0
200,476.068,"Mount",0.272,-0.046,0.265,-0.078,0.167,0.000,40,W,0,,,,940819,550.02,0
201,478.539,"Mount",0.573,-0.103,0.561,-0.159,0.365,0.000,88,W,0,,,,1000317,535.45,0
202,480.843,"Mount",0.321,-0.047,0.309,-0.099,0.220,0.000,53,W,0,,,,991183,539.43,0
203,483.262,"Mount",0.031,-0.123,0.081,0.097,0.000,0.000,0,,0,,,,1058841,561.92,0
204,485.454,"Mount",0.070,0.055,0.038,-0.080,0.000,0.000,0,,0,,,,1064946,539.83,0
205,487.816,"Mount",0.027,-0.101,0.069,0.079,0.000,0.000,0,,0,,,,944947,484.08,0
206,489.997,"Mount",0.005,-0.157,0.073,0.139,0.000,0.000,0,,0,,,,1030671,568.52,0
207,492.444,"Mount",0.157,-0.007,0.144,-0.062,0.091,0.000,22,W,0,,,,1041226,511.99,0
208,494.835,"Mount",-0.134,0.153,-0.188,-0.079,-0.112,0.000,27,E,0,,,,985254,511.63,0
209,497.307,"Mount",0.255,-0.299,0.361,0.157,0.219,0.000,53,W,0,,,,908770,476.94,0
210,499.628,"Mount",0.494,-0.077,0.478,-0.148,0.317,0.000,76,W,0,,,,925554,506.93,0
211,501.966,"Mount",-0.024,-0.058,0.004,0.063,0.000,0.000,0,,0,,,,1084805,542.17,0
212,504.291,"Mount",-0.230,-0.389,-0.036,0.450,0.000,0.450,0,,95,S,,,969636,551.48,0
213,506.819,"Mount",-0.021,0.310,-0.155,-0.270,-0.098,0.000,24,E,0,,,,962119,528.90,0
214,509.059,"Mount",-0.129,0.063,-0.143,0.000,-0.097,0.000,23,E,0,,,,1005378,524.67,0
215,511.415,"Mount",0.024,0.278,-0.101,-0.261,0.000,0.000,0,,0,,,,955108,573.92,0
216,513.696,"Mount",0.186,0.165,0.095,-0.229,0.000,0.000,0,,0,,,,980907,517.37,0
217,516.102,"Mount",0.249,0.043,0.205,-0.148,0.129,0.000,31,W,0,,,,1019023,589.64,0
218,519.003,"Mount",-0.046,0.255,-0.154,-0.209,-0.088,-0.209,21,E,537,N,,,949960,525.02,0
219,521.351,"Mount",-0.023,0.030,-0.034,-0.017,0.000,0.000,0,,0,,,,1020913,583.75,0
220,523.707,"Mount",0.259,0.032,0.218,-0.142,0.138,0.000,33,W,0,,,,974028,546.46,0
221,526.133,"Mount",-0.129,0.244,-0.223,-0.163,-0.131,0.000,32,E,0,,,,973800,545.36,0
222,528.383,"Mount",-0.036,0.211,-0.125,-0.174,0.000,0.000,0,,0,,,,1049820,552.75,0
223,530.789,"Mount",-0.248,0.194,-0.308,-0.066,-0.194,0.000,47,E,0,,,,1004175,519.72,0
224,533.203,"Mount",-0.261,0.351,-0.389,-0.201,-0.259,-0.201,62,E,42,N,,,1043342,521.57,0
225,535.729,"Mount",-0.334,0.266,-0.417,-0.093,-0.281,0.000,68,E,0,,,,966410,522.63,0
226,538.036,"Mount",0.200,-0.113,0.229,0.014,0.125,0.000,30,W,0,,,,1070272,568.18,0
227,540.472,"Mount",0.024,-0.014,0.027,0.002,0.000,0.000,0,,0,,,,977365,539.10,0
228,542.875,"Mount",0.551,-0.455,0.695,0.167,0.438,0.000,106,W,0,,,,959459,556.72,0
229,545.217,"Mount",-0.059,-0.002,-0.052,0.028,0.000,0.000,0,,0,,,,878542,531.05,0
230,547.419,"Mount",0.035,0.094,-0.010,-0.099,0.000,0.000,0,,0,,,,984533,543.15,0
231,549.760,"Mount",0.084,0.148,0.010,-0.170,0.000,0.000,0,,0,,,,980455,550.12,0
232,552.043,"Mount",-0.097,0.268,-0.205,-0.198,-0.129,0.000,31,E,0,,,,958182,512.37,0
233,554.429,"Mount",0.011,0.036,-0.006,-0.037,0.000,0.000,0,,0,,,,966452,548.14,0
234,556.767,"Mount",-0.110,0.002,-0.100,0.046,0.000,0.000,0,,0,,,,966858,503.12,0
235,559.180,"Mount",-0.150,0.054,-0.158,0.017,-0.100,0.000,24,E,0,,,,994479,543.16,0
236,561.523,"Mount",-0.183,0.100,-0.209,-0.010,-0.138,0.000,33,E,0,,,,957095,511.01,0
237,563.955,"Mount",0.008,0.108,-0.040,-0.100,0.000,0.000,0,,0,,,,994105,585.03,0
238,566.188,"Mount",0.114,0.136,0.042,-0.172,0.000,0.000,0,,0,,,,1017368,565.75,0
239,568.707,"Mount",-0.156,0.263,-0.255,-0.168,-0.161,0.000,39,E,0,,,,1039321,537.47,0
240,570.908,"Mount",0.080,-0.065,0.100,0.023,0.000,0.000,0,,0,,,,916649,528.44,0
241,573.284,"Mount",-0.112,-0.085,-0.064,0.125,0.000,0.000,0,,0,,,,937399,488.42,0
242,575.555,"Mount",-0.398,0.090,-0.397,0.094,-0.250,0.000,60,E,0,,,,1026256,533.74,0
243,577.995,"Mount",-0.230,0.196,-0.293,-0.075,-0.202,0.000,49,E,0,,,,1041948,559.18,0
244,580.329,"Mount",-0.143,0.231,-0.230,-0.145,-0.159,0.000,38,E,0,,,,1037327,520.28,0
245,582.755,"Mount",0.179,-0.204,0.250,0.105,0.146,0.000,35,W,0,,,,938529,502.98,0
246,585.012,"Mount",-0.175,-0.015,-0.151,0.090,-0.085,0.000,20,E,0,,,,940215,516.20,0
247,587.459,"Mount",-0.006,0.041,-0.024,-0.034,0.000,0.000,0,,0,,,,926955,505.57,0
248,589.692,"Mount",-0.170,-0.004,-0.151,0.078,-0.095,0.000,23,E,0,,,,960021,523.09,0
249,592.074,"Mount",0.024,-0.204,0.111,0.172,0.000,0.000,0,,0,,,,954858,509.38,0
250,594.267,"Mount",0.018,-0.076,0.049,0.060,0.000,0.000,0,,0,,,,1015454,556.03,0
251,596.644,"Mount",-0.086,0.113,-0.127,-0.064,0.000,0.000,0,,0,,,,997031,530.05,0
252,598.883,"Mount",-0.186,-0.043,-0.149,0.120,-0.094,0.000,23,E,0,,,,941370,490.90,0
253,601.235,"Mount",0.018,-0.154,0.084,0.131,0.000,0.000,0,,0,,,,957170,542.07,0
254,603.480,"Mount",-0.070,-0.020,-0.054,0.048,0.000,0.000,0,,0,,,,951404,548.27,0
255,605.841,"Mount",-0.046,-0.258,0.072,0.252,0.000,0.000,0,,0,,,,1025047,585.96,0
256,608.092,"Mount",0.238,-0.260,0.328,0.129,0.207,0.000,50,W,0,,,,964004,526.32,0
257,610.497,"Mount",0.027,-0.218,0.120,0.184,0.000,0.000,0,,0,,,,992542,531.58,0
258,612.728,"Mount",-0.164,-0.179,-0.069,0.233,0.000,0.000,0,,0,,,,1008246,584.84,0
259,615.155,"Mount",-0.183,0.070,-0.195,0.018,-0.123,0.000,30,E,0,,,,969838,475.71,0
260,617.446,"Mount",-0.482,0.058,-0.459,0.160,-0.298,0.000,72,E,0,,,,1008119,491.89,0
261,619.825,"Mount",0.066,-0.088,0.098,0.050,0.000,0.000,0,,0,,,,1073811,529.10,0
262,622.100,"Mount",-0.228,-0.092,-0.164,0.182,-0.104,0.000,25,E,0,,,,1012972,527.24,0
263,624.476,"Mount",-0.015,-0.033,0.001,0.036,0.000,0.000,0,,0,,,,1005564,527.62,0
264,628.179,"Mount",0.271,-0.650,0.529,0.465,0.333,0.465,80,W,591,S,,,1016309,537.10,0
265,631.061,"Mount",0.787,-0.310,0.844,-0.067,0.555,0.000,134,W,0,,,,1007711,537.57,0
266,633.532,"Mount",0.683,-0.259,0.727,-0.067,0.497,0.000,120,W,0,,,,989367,573.39,0
267,635.931,"Mount",-0.030,0.339,-0.176,-0.292,-0.076,0.000,18,E,0,,,,1008012,530.48,0
268,638.164,"Mount",-0.048,0.076,-0.077,-0.047,0.000,0.000,0,,0,,,,989721,557.66,0
269,640.577,"Mount",0.059,0.231,-0.048,-0.233,0.000,0.000,0,,0,,,,969663,557.23,0
270,642.784,"Mount",0.074,0.322,-0.075,-0.322,0.000,0.000,0,,0,,,,952805,561.97,0
271,645.739,"Mount",0.061,0.267,-0.062,-0.267,0.000,-0.267,0,,549,N,,,1002907,544.38,0
272,647.915,"Mount",0.043,0.063,0.011,-0.075,0.000,0.000,0,,0,,,,1024407,548.60,0
273,650.306,"Mount",-0.036,0.060,-0.059,-0.038,0.000,0.000,0,,0,,,,1037437,584.27,0
274,652.499,"Mount",0.052,0.110,-0.001,-0.122,0.000,0.000,0,,0,,,,1000614,511.05,0
275,654.947,"Mount",0.319,-0.314,0.424,0.142,0.267,0.000,65,W,0,,,,1000958,519.91,0
276,657.283,"Mount",0.064,-0.303,0.191,0.244,0.139,0.000,34,W,0,,,,1047497,538.18,0
277,659.731,"Mount",0.029,0.209,-0.066,-0.201,0.000,-0.201,0,,42,N,,,961619,559.91,0
278,661.995,"Mount",-0.126,0.238,-0.217,-0.159,-0.137,0.000,33,E,0,,,,917573,482.13,0
279,664.405,"Mount",0.180,-0.163,0.233,0.068,0.137,0.000,33,W,0,,,,976610,542.65,0
280,666.647,"Mount",-0.056,0.002,-0.052,0.023,0.000,0.000,0,,0,,,,992150,587.43,0
281,668.989,"Mount",-0.049,0.009,-0.048,0.014,0.000,0.000,0,,0,,,,1018896,563.20,0
282,671.175,"Mount",-0.095,-0.050,-0.063,0.087,0.000,0.000,0,,0,,,,993611,533.23,0
283,673.603,"Mount",0.290,-0.259,0.374,0.106,0.236,0.000,57,W,0,,,,1028305,573.30,0
284,675.851,"Mount",0.120,-0.093,0.149,0.031,0.111,0.000,27,W,0,,,,1027149,563.47,0
285,678.307,"Mount",-0.043,0.112,-0.088,-0.081,0.000,0.000,0,,0,,,,996144,490.59,0
286,680.756,"Mount",-0.414,0.212,-0.465,-0.009,-0.293,0.000,71,E,0,,,,991597,521.52,0
287,683.211,"Mount",-0.256,0.084,-0.267,0.037,-0.189,0.000,46,E,0,,,,1082049,576.21,0
288,685.478,"Mount",-0.378,0.102,-0.385,0.074,-0.256,0.000,62,E,0,,,,1069983,541.92,0
289,687.860,"Mount",-0.066,-0.159,0.010,0.172,0.000,0.000,0,,0,,,,1034931,583.67,0
290,690.292,"Mount",-0.889,0.035,-0.815,0.359,-0.513,0.000,124,E,0,,,,1008386,496.01,0
291,692.731,"Mount",0.327,-0.428,0.481,0.241,0.267,0.000,65,W,0,,,,927725,533.27,0
292,695.003,"Mount",0.208,-0.129,0.244,0.025,0.172,0.000,42,W,0,,,,997377,542.48,0
293,697.491,"Mount",0.513,-0.148,0.525,-0.092,0.343,0.000,83,W,0,,,,987172,569.39,0
294,699.739,"Mount",0.096,0.126,0.031,-0.155,0.000,0.000,0,,0,,,,979917,546.29,0
295,702.180,"Mount",-0.260,0.266,-0.351,-0.125,-0.221,0.000,53,E,0,,,,1035925,538.94,0
296,704.509,"Mount",-0.245,0.178,-0.298,-0.052,-0.203,0.000,49,E,0,,,,980955,519.91,0
297,706.932,"Mount",-0.246,0.199,-0.309,-0.071,-0.209,0.000,50,E,0,,,,989707,542.53,0
298,709.211,"Mount",-0.155,0.132,-0.197,-0.051,-0.139,0.000,34,E,0,,,,993355,510.37,0
299,711.715,"Mount",-0.197,0.162,-0.248,-0.059,-0.166,0.000,40,E,0,,,,979780,509.38,0
300,714.011,"Mount",-0.094,0.135,-0.144,-0.080,-0.102,0.000,25,E,0,,,,966701,541.85,0
301,716.344,"Mount",-0.083,-0.080,-0.040,0.108,0.000,0.000,0,,0,,,,1010782,555.97,0
302,718.630,"Mount",0.144,-0.186,0.211,0.104,0.133,0.000,32,W,0,,,,1003397,540.04,0
303,721.044,"Mount",-0.122,0.143,-0.172,-0.075,-0.099,0.000,24,E,0,,,,982916,502.48,0
304,723.296,"Mount",-0.087,0.117,-0.129,-0.067,0.000,0.000,0,,0,,,,1021547,547.35,0
305,725.715,"Mount",-0.457,-0.070,-0.380,0.263,-0.239,0.000,58,E,0,,,,953786,546.38,0
306,728.011,"Mount",-0.275,0.010,-0.252,0.111,-0.175,0.000,42,E,0,,,,1027641,545.70,0
307,730.460,"Mount",-0.248,-0.129,-0.166,0.225,-0.117,0.000,28,E,0,,,,1012292,597.63,0
308,732.733,"Mount",0.027,-0.220,0.121,0.186,0.000,0.000,0,,0,,,,1014415,546.29,0
309,735.123,"Mount",-0.072,-0.095,-0.023,0.117,0.000,0.000,0,,0,,,,987222,545.58,0
310,737.295,"Mount",-0.009,-0.126,0.047,0.117,0.000,0.000,0,,0,,,,1012380,619.44,0
311,739.656,"Mount",-0.119,-0.090,-0.067,0.133,0.000,0.000,0,,0,,,,998256,509.19,0
312,741.824,"Mount",-0.060,-0.133,0.004,0.146,0.000,0.000,0,,0,,,,1008460,553.94,0
313,744.354,"Mount",-0.424,0.071,-0.412,0.122,-0.259,0.000,63,E,0,,,,980877,533.95,0
314,746.836,"Mount",-0.425,-0.005,-0.380,0.191,-0.257,0.000,62,E,0,,,,1023912,554.80,0
315,749.275,"Mount",-0.388,-0.117,-0.297,0.276,-0.205,0.000,50,E,0,,,,987156,523.44,0
316,752.067,"Mount",0.001,-0.265,0.117,0.238,0.000,0.238,0,,543,S,,,990833,478.49,0
317,754.579,"Mount",0.069,-0.293,0.191,0.233,0.120,0.233,29,W,49,S,,,987059,557.14,0
318,756.869,"Mount",-0.108,-0.235,0.006,0.259,0.000,0.259,0,,54,S,,,988448,508.23,0
319,759.288,"Mount",0.013,-0.146,0.076,0.125,0.000,0.000,0,,0,,,,1054190,576.08,0
320,761.547,"Mount",0.140,-0.138,0.186,0.062,0.117,0.000,28,W,0,,,,1048430,567.93,0
321,764.060,"Mount",-0.062,-0.233,0.046,0.237,0.000,0.237,0,,50,S,,,1008212,557.29,0
322,766.331,"Mount",-0.242,0.076,-0.251,0.037,-0.158,0.000,38,E,0,,,,1026849,576.51,0
323,768.883,"Mount",-0.456,-0.078,-0.376,0.270,-0.248,0.270,60,E,57,S,,,970299,589.15,0
324,771.083,"Mount",-0.106,-0.142,-0.033,0.175,0.000,0.000,0,,0,,,,998178,502.47,0
325,773.436,"Mount",-0.081,-0.067,-0.043,0.096,0.000,0.000,0,,0,,,,1030570,533.06,0
326,775.683,"Mount",0.193,-0.127,0.229,0.029,0.144,0.000,35,W,0,,,,1070728,590.33,0
327,778.017,"Mount",-0.111,-0.014,-0.094,0.061,0.000,0.000,0,,0,,,,1113389,594.65,0
328,780.317,"Mount",0.158,-0.167,0.215,0.081,0.136,0.000,33,W,0,,,,999373,554.92,0
329,782.747,"Mount",0.278,-0.250,0.359,0.103,0.236,0.000,57,W,0,,,,1065339,583.63,0
330,785.018,"Mount",-0.027,0.055,-0.049,-0.038,0.000,0.000,0,,0,,,,1087313,557.22,0
331,787.531,"Mount",-0.188,-0.208,-0.077,0.269,0.000,0.269,0,,57,S,,,982359,502.74,0
332,789.821,"Mount",-0.220,-0.062,-0.170,0.152,-0.107,0.000,26,E,0,,,,953364,526.45,0
333,792.210,"Mount",-0.033,-0.051,-0.008,0.060,0.000,0.000,0,,0,,,,989920,516.12,0
334,794.718,"Mount",-0.210,-0.029,-0.175,0.118,-0.111,0.000,27,E,0,,,,1007455,547.18,0
335,797.079,"Mount",-0.064,0.009,-0.062,0.020,0.000,0.000,0,,0,,,,916767,504.34,0
336,799.323,"Mount",-0.116,0.075,-0.137,-0.017,-0.086,0.000,21,E,0,,,,998953,506.75,0
337,801.763,"Mount",-0.111,-0.292,0.028,0.311,0.000,0.311,0,,65,S,,,944614,486.54,0
338,804.091,"Mount",-0.208,-0.041,-0.169,0.128,-0.106,0.000,26,E,0,,,,1023800,569.22,0
339,806.627,"Mount",-0.039,-0.062,-0.008,0.073,0.000,0.000,0,,0,,,,990454,526.46,0
340,808.884,"Mount",-0.212,0.040,-0.208,0.057,-0.131,0.000,32,E,0,,,,978717,596.49,0
341,811.348,"Mount",-0.405,0.220,-0.461,-0.020,-0.299,0.000,72,E,0,,,,1021178,545.75,0
342,813.811,"Mount",-0.317,-0.080,-0.250,0.211,-0.179,0.211,43,E,44,S,,,976780,549.80,0
343,816.211,"Mount",0.244,-0.112,0.268,-0.006,0.157,0.000,38,W,0,,,,947857,510.66,0
344,818.492,"Mount",-0.045,0.232,-0.142,-0.189,-0.079,0.000,19,E,0,,,,1056812,544.73,0
345,820.846,"Mount",-0.122,-0.038,-0.093,0.088,0.000,0.000,0,,0,,,,979508,547.43,0
346,823.026,"Mount",0.005,0.062,-0.023,-0.058,0.000,0.000,0,,0,,,,956221,541.64,0
347,825.707,"Mount",0.016,-0.267,0.132,0.233,0.083,0.233,20,W,49,S,,,998703,558.57,0
348,827.908,"Mount",-0.076,-0.002,-0.068,0.035,0.000,0.000,0,,0,,,,965021,540.33,0
349,830.387,"Mount",-0.601,0.330,-0.685,-0.033,-0.431,0.000,104,E,0,,,,995662,507.90,0
350,832.715,"Mount",-0.197,0.343,-0.327,-0.222,-0.236,0.000,57,E,0,,,,1063885,563.96,0
351,835.196,"Mount",-0.166,0.315,-0.288,-0.211,-0.198,0.000,48,E,0,,,,971709,563.67,0
352,837.443,"Mount",-0.039,0.171,-0.111,-0.137,0.000,0.000,0,,0,,,,1018638,591.56,0
353,839.894,"Mount",-0.215,0.165,-0.266,-0.054,-0.167,0.000,40,E,0,,,,1048207,544.43,0
354,842.172,"Mount",0.158,-0.076,0.176,-0.001,0.099,0.000,24,W,0,,,,1022081,556.31,0
355,844.683,"Mount",0.508,-0.191,0.540,-0.051,0.347,0.000,84,W,0,,,,959159,496.48,0
356,847.003,"Mount",0.459,-0.116,0.463,-0.097,0.316,0.000,76,W,0,,,,1009517,535.60,0
357,850.075,"Mount",-0.062,0.350,-0.209,-0.287,-0.109,-0.287,26,E,580,N,,,1022817,566.20,0
358,852.332,"Mount",-0.089,0.118,-0.132,-0.067,-0.091,0.000,22,E,0,,,,1022818,550.27,0
359,854.827,"Mount",-0.562,0.182,-0.585,0.082,-0.375,0.000,91,E,0,,,,986073,518.03,0
360,857.187,"Mount",-0.218,0.123,-0.250,-0.015,-0.184,0.000,44,E,0,,,,956641,521.84,0
361,859.537,"Mount",-0.074,0.130,-0.124,-0.084,0.000,0.000,0,,0,,,,988106,516.76,0
362,861.884,"Mount",-0.226,0.090,-0.243,0.018,-0.153,0.000,37,E,0,,,,877767,522.78,0
363,864.281,"Mount",0.069,0.009,0.058,-0.039,0.000,0.000,0,,0,,,,924505,478.95,0
364,866.622,"Mount",0.062,-0.026,0.068,-0.004,0.000,0.000,0,,0,,,,965532,537.56,0
365,868.987,"Mount",-0.050,-0.129,0.011,0.138,0.000,0.000,0,,0,,,,980962,516.22,0
366,871.233,"Mount",-0.191,-0.096,-0.130,0.170,0.000,0.000,0,,0,,,,1014227,528.88,0
367,873.723,"Mount",-0.386,0.173,-0.423,0.014,-0.266,0.000,64,E,0,,,,1020350,538.97,0
368,876.036,"Mount",-0.364,0.094,-0.369,0.075,-0.251,0.000,61,E,0,,,,906819,513.55,0
369,878.507,"Mount",-0.232,0.045,-0.228,0.062,-0.161,0.000,39,E,0,,,,960443,512.56,0
370,880.899,"Mount",-0.433,-0.064,-0.361,0.248,-0.239,0.000,58,E,0,,,,944596,510.84,0
371,883.244,"Mount",-0.046,-0.386,0.128,0.367,0.000,0.000,0,,0,,,,993945,508.92,0
372,886.116,"Mount",-0.275,-0.304,-0.114,0.394,0.000,0.394,0,,603,S,,,964892,532.49,0
373,888.717,"Mount",0.534,0.071,0.448,-0.298,0.282,0.000,68,W,0,,,,973552,524.01,0
374,890.933,"Mount",0.203,0.148,0.117,-0.222,0.000,0.000,0,,0,,,,945418,516.11,0
375,893.356,"Mount",0.195,-0.146,0.240,0.045,0.151,0.000,36,W,0,,,,909217,544.10,0
376,895.702,"Mount",-0.450,0.347,-0.556,-0.114,-0.340,0.000,82,E,0,,,,952137,532.85,0
377,898.132,"Mount",-0.044,0.383,-0.208,-0.325,-0.155,0.000,37,E,0,,,,932770,491.58,0
378,900.463,"Mount",-0.131,0.156,-0.186,-0.083,-0.128,0.000,31,E,0,,,,966221,528.17,0
379,902.924,"Mount",0.852,0.080,0.730,-0.446,0.451,0.000,109,W,0,,,,1027910,558.65,0
380,905.292,"Mount",0.655,-0.098,0.632,-0.200,0.429,0.000,104,W,0,,,,976404,537.88,0
381,907.691,"Mount",-0.088,0.107,-0.127,-0.058,0.000,0.000,0,,0,,,,996307,531.95,0
382,909.921,"Mount",0.019,0.155,-0.051,-0.148,0.000,0.000,0,,0,,,,941646,525.61,0
383,912.361,"Mount",0.087,0.037,0.062,-0.072,0.000,0.000,0,,0,,,,1020985,579.67,0
384,914.700,"Mount",-0.075,0.187,-0.149,-0.136,-0.094,0.000,23,E,0,,,,929895,520.00,0
385,917.211,"Mount",-0.360,0.342,-0.474,-0.150,-0.305,0.000,74,E,0,,,,1006915,553.54,0
386,919.426,"Mount",0.014,0.249,-0.097,-0.230,0.000,0.000,0,,0,,,,958078,486.12,0
387,921.835,"Mount",-0.174,0.062,-0.183,0.021,-0.116,0.000,28,E,0,,,,936857,526.10,0
INFO: SET LOCK POSITION, new lock pos = 978.932, 207.091
INFO: DITHER by -4.086, -1.355, new lock pos = 975.855, 210.102
INFO: SETTLING STATE CHANGE, Settling started
388,926.063,"Mount",3.077,-3.011,4.086,1.355,4.086,1.355,987,W,285,S,,,1059036,558.39,0
389,928.572,"Mount",0.136,-0.383,0.291,0.284,0.183,0.000,44,W,0,,,,937482,534.98,0
390,930.859,"Mount",0.448,-0.370,0.565,0.136,0.369,0.000,89,W,0,,,,953213,515.18,0
391,933.270,"Mount",-0.018,-0.055,0.007,0.057,0.000,0.000,0,,0,,,,990840,513.47,0
392,935.428,"Mount",0.002,-0.176,0.079,0.157,0.000,0.000,0,,0,,,,970568,576.12,0
393,937.757,"Mount",-0.045,-0.038,-0.024,0.054,0.000,0.000,0,,0,,,,1072571,603.02,0
INFO: SETTLING STATE CHANGE, Settling complete
394,939.929,"Mount",-0.030,-0.104,0.019,0.107,0.000,0.000,0,,0,,,,962523,506.73,0
395,942.454,"Mount",0.038,-0.057,0.059,0.034,0.000,0.000,0,,0,,,,1030945,561.59,0
396,944.707,"Mount",-0.212,0.009,-0.195,0.085,-0.123,0.000,30,E,0,,,,975212,570.84,0
397,947.131,"Mount",0.097,-0.048,0.109,0.001,0.000,0.000,0,,0,,,,994114,578.44,0
398,949.300,"Mount",0.118,-0.022,0.115,-0.032,0.000,0.000,0,,0,,,,945145,501.66,0
399,951.892,"Mount",0.539,-0.506,0.706,0.218,0.445,0.000,107,W,0,,,,903787,519.97,0
400,954.252,"Mount",0.321,-0.058,0.314,-0.089,0.229,0.000,55,W,0,,,,914363,517.62,0
401,956.724,"Mount",-0.421,0.219,-0.474,-0.012,-0.283,0.000,68,E,0,,,,914809,543.56,0
402,958.927,"Mount",-0.106,0.047,-0.116,0.004,0.000,0.000,0,,0,,,,985227,546.45,0
403,961.340,"Mount",-0.334,-0.194,-0.215,0.321,-0.136,0.000,33,E,0,,,,921698,563.01,0
404,963.549,"Mount",0.015,-0.182,0.093,0.157,0.000,0.000,0,,0,,,,973575,546.46,0
405,965.875,"Mount",-0.068,-0.123,-0.007,0.141,0.000,0.000,0,,0,,,,945921,548.37,0
406,968.156,"Mount",0.195,-0.061,0.202,-0.031,0.127,0.000,31,W,0,,,,903089,471.15,0
407,970.576,"Mount",0.065,-0.157,0.127,0.113,0.000,0.000,0,,0,,,,989294,521.13,0
408,972.908,"Mount",0.325,-0.240,0.397,0.074,0.250,0.000,60,W,0,,,,970073,518.69,0
409,975.267,"Mount",-0.088,-0.154,-0.011,0.177,0.000,0.000,0,,0,,,,941887,549.57,0
410,977.492,"Mount",-0.043,-0.245,0.069,0.239,0.000,0.000,0,,0,,,,1003634,588.07,0
411,980.044,"Mount",-0.665,-0.040,-0.580,0.327,-0.365,0.327,88,E,69,S,,,976166,558.24,0
412,982.340,"Mount",-0.243,-0.024,-0.208,0.128,-0.157,0.000,38,E,0,,,,979052,525.85,0
413,984.844,"Mount",-0.250,0.019,-0.233,0.093,-0.158,0.000,38,E,0,,,,929775,543.91,0
414,987.062,"Mount",0.021,0.058,-0.006,-0.062,0.000,0.000,0,,0,,,,966698,539.74,0
415,989.475,"Mount",0.183,0.066,0.135,-0.139,0.085,0.000,21,W,0,,,,923675,510.89,0
416,991.795,"Mount",0.384,-0.177,0.423,-0.009,0.272,0.000,66,W,0,,,,906956,535.91,0
417,994.235,"Mount",0.202,-0.233,0.284,0.121,0.198,0.000,48,W,0,,,,964972,502.95,0
418,996.581,"Mount",0.348,-0.219,0.409,0.044,0.272,0.000,66,W,0,,,,938396,530.01,0
419,998.933,"Mount",0.048,-0.085,0.080,0.055,0.000,0.000,0,,0,,,,935093,500.90,0
420,1001.135,"Mount",0.029,-0.045,0.046,0.028,0.000,0.000,0,,0,,,,928765,536.79,0
421,1003.620,"Mount",-0.440,0.139,-0.456,0.068,-0.287,0.000,69,E,0,,,,975091,545.92,0
422,1005.794,"Mount",-0.156,-0.042,-0.122,0.106,0.000,0.000,0,,0,,,,995403,559.24,0
423,1008.203,"Mount",-0.284,0.063,-0.283,0.068,-0.179,0.000,43,E,0,,,,935472,570.97,0
424,1010.499,"Mount",-0.365,0.100,-0.372,0.070,-0.247,0.000,60,E,0,,,,990552,552.49,0
425,1012.940,"Mount",-0.350,0.113,-0.364,0.052,-0.247,0.000,60,E,0,,,,975556,555.59,0
426,1015.220,"Mount",0.185,0.003,0.165,-0.084,0.086,0.000,21,W,0,,,,917110,534.90,0
427,1017.684,"Mount",-0.170,0.002,-0.154,0.072,-0.091,0.000,22,E,0,,,,893244,509.80,0
428,1019.979,"Mount",-0.268,-0.136,-0.181,0.239,-0.120,0.239,29,E,50,S,,,918733,534.46,0
429,1022.501,"Mount",-0.221,-0.003,-0.198,0.099,-0.133,0.000,32,E,0,,,,938970,548.99,0
430,1024.868,"Mount",-0.188,0.219,-0.265,-0.115,-0.176,0.000,43,E,0,,,,997830,607.61,0
431,1027.214,"Mount",0.071,0.143,0.002,-0.159,0.000,0.000,0,,0,,,,984922,540.91,0
432,1029.431,"Mount",-0.112,0.038,-0.117,0.015,0.000,0.000,0,,0,,,,935925,526.73,0
433,1031.804,"Mount",-0.115,0.089,-0.143,-0.030,-0.090,0.000,22,E,0,,,,951675,578.24,0
434,1034.116,"Mount",-0.168,0.231,-0.252,-0.134,-0.165,0.000,40,E,0,,,,993240,557.08,0
435,1036.532,"Mount",0.191,0.046,0.151,-0.125,0.084,0.000,20,W,0,,,,906423,562.72,0
436,1038.783,"Mount",0.060,0.079,0.020,-0.098,0.000,0.000,0,,0,,,,943495,546.78,0
437,1041.268,"Mount",-0.125,0.161,-0.183,-0.090,-0.115,0.000,28,E,0,,,,984716,538.95,0
438,1043.620,"Mount",-0.522,0.244,-0.576,0.010,-0.371,0.000,90,E,0,,,,965304,565.80,0
439,1046.228,"Mount",-0.229,0.345,-0.357,-0.210,-0.251,0.000,61,E,0,,,,949815,527.33,0
440,1048.620,"Mount",-0.231,0.195,-0.294,-0.074,-0.202,0.000,49,E,0,,,,964096,525.35,0
441,1051.028,"Mount",-0.132,0.152,-0.185,-0.079,-0.131,0.000,32,E,0,,,,954809,539.96,0
442,1053.412,"Mount",0.346,0.028,0.298,-0.177,0.179,0.000,43,W,0,,,,939495,511.91,0
443,1055.892,"Mount",0.377,-0.094,0.380,-0.081,0.252,0.000,61,W,0,,,,912095,515.69,0
444,1058.239,"Mount",0.203,-0.129,0.239,0.027,0.168,0.000,41,W,0,,,,926744,599.80,0
445,1060.617,"Mount",-0.109,-0.015,-0.091,0.062,0.000,0.000,0,,0,,,,959506,574.71,0
446,1062.932,"Mount",-0.399,0.167,-0.432,0.025,-0.272,0.000,66,E,0,,,,1038773,575.20,0
447,1065.380,"Mount",-0.297,-0.052,-0.244,0.177,-0.173,0.000,42,E,0,,,,971268,548.11,0
448,1067.692,"Mount",-0.365,0.097,-0.370,0.073,-0.245,0.000,59,E,0,,,,930889,536.29,0
449,1070.131,"Mount",-0.080,-0.195,0.014,0.210,0.000,0.210,0,,44,S,,,904050,542.73,0
450,1072.406,"Mount",-0.170,0.119,-0.205,-0.032,-0.129,0.000,31,E,0,,,,935853,497.84,0
451,1074.877,"Mount",-0.186,0.114,-0.217,-0.021,-0.146,0.000,35,E,0,,,,983647,574.22,0
452,1077.111,"Mount",0.034,-0.061,0.057,0.039,0.000,0.000,0,,0,,,,989418,520.88,0
453,1079.612,"Mount",0.431,-0.308,0.522,0.088,0.329,0.000,79,W,0,,,,880294,523.33,0
454,1081.996,"Mount",0.507,-0.362,0.614,0.103,0.410,0.000,99,W,0,,,,860984,487.33,0
455,1084.343,"Mount",0.020,0.064,-0.010,-0.066,0.000,0.000,0,,0,,,,924150,549.92,0
456,1086.606,"Mount",-0.065,0.099,-0.102,-0.060,0.000,0.000,0,,0,,,,935772,499.60,0
457,1089.028,"Mount",-0.260,0.309,-0.370,-0.163,-0.233,0.000,56,E,0,,,,908556,531.88,0
458,1091.251,"Mount",-0.072,0.059,-0.090,-0.021,0.000,0.000,0,,0,,,,994265,577.83,0
459,1093.675,"Mount",0.010,0.123,-0.045,-0.115,0.000,0.000,0,,0,,,,957108,547.75,0
460,1095.858,"Mount",0.106,0.056,0.070,-0.097,0.000,0.000,0,,0,,,,921042,490.06,0
461,1098.255,"Mount",0.084,0.040,0.058,-0.073,0.000,0.000,0,,0,,,,961978,535.26,0
462,1100.556,"Mount",0.416,-0.202,0.462,-0.001,0.291,0.000,70,W,0,,,,912286,533.42,0
463,1103.004,"Mount",0.185,-0.028,0.178,-0.056,0.133,0.000,32,W,0,,,,827053,509.44,0
464,1105.328,"Mount",-0.104,-0.021,-0.085,0.065,0.000,0.000,0,,0,,,,901663,546.66,0
465,1107.916,"Mount",-0.630,0.139,-0.627,0.151,-0.395,0.000,95,E,0,,,,925326,518.67,0
466,1110.317,"Mount",-0.264,0.162,-0.308,-0.029,-0.222,0.000,54,E,0,,,,905762,451.96,0
467,1112.654,"Mount",-0.085,0.071,-0.108,-0.027,0.000,0.000,0,,0,,,,867394,516.29,0
468,1114.837,"Mount",-0.079,-0.092,-0.031,0.118,0.000,0.000,0,,0,,,,893047,513.72,0
469,1117.187,"Mount",-0.095,-0.014,-0.079,0.054,0.000,0.000,0,,0,,,,917826,519.71,0
470,1119.510,"Mount",0.132,-0.254,0.230,0.170,0.145,0.000,35,W,0,,,,902339,514.15,0
471,1121.856,"Mount",-0.146,-0.106,-0.084,0.159,0.000,0.000,0,,0,,,,912673,512.47,0
472,1124.188,"Mount",0.321,0.052,0.266,-0.188,0.167,0.000,40,W,0,,,,904689,502.22,0
473,1126.636,"Mount",-0.235,0.100,-0.255,0.013,-0.149,0.000,36,E,0,,,,914489,576.74,0
474,1128.850,"Mount",-0.051,0.046,-0.066,-0.019,0.000,0.000,0,,0,,,,878990,531.09,0
475,1131.300,"Mount",-0.351,0.176,-0.392,-0.004,-0.247,0.000,60,E,0,,,,889360,527.85,0
476,1133.740,"Mount",-0.546,-0.051,-0.468,0.285,-0.312,0.285,75,E,60,S,,,915965,506.85,0
477,1136.117,"Mount",0.036,0.027,0.021,-0.040,0.000,0.000,0,,0,,,,925401,540.41,0
478,1138.389,"Mount",0.055,-0.034,0.064,0.006,0.000,0.000,0,,0,,,,1019675,552.99,0
479,1140.860,"Mount",0.317,-0.161,0.356,0.006,0.224,0.000,54,W,0,,,,936031,509.22,0
480,1143.228,"Mount",0.569,-0.164,0.583,-0.102,0.383,0.000,92,W,0,,,,957498,506.58,0
481,1145.745,"Mount",0.019,0.094,-0.024,-0.092,0.000,0.000,0,,0,,,,928908,542.42,0
482,1148.167,"Mount",0.298,-0.001,0.268,-0.130,0.169,0.000,41,W,0,,,,938926,538.73,0
483,1150.708,"Mount",-0.168,0.380,-0.317,-0.268,-0.188,0.000,45,E,0,,,,929767,542.00,0
484,1152.988,"Mount",-0.226,0.173,-0.279,-0.056,-0.189,0.000,46,E,0,,,,961536,570.44,0
485,1155.359,"Mount",0.053,0.077,0.014,-0.092,0.000,0.000,0,,0,,,,947843,492.81,0
486,1157.724,"Mount",0.047,0.232,-0.060,-0.229,0.000,0.000,0,,0,,,,962284,541.29,0
487,1160.133,"Mount",-0.040,0.097,-0.078,-0.070,0.000,0.000,0,,0,,,,949571,552.75,0
488,1162.317,"Mount",-0.020,0.081,-0.054,-0.064,0.000,0.000,0,,0,,,,939132,484.02,0
489,1164.748,"Mount",0.297,-0.062,0.294,-0.075,0.185,0.000,45,W,0,,,,945317,485.67,0
490,1167.178,"Mount",-0.020,0.072,-0.049,-0.056,0.000,0.000,0,,0,,,,945966,565.74,0
491,1169.516,"Mount",-0.011,-0.082,0.026,0.078,0.000,0.000,0,,0,,,,945242,525.30,0
492,1171.836,"Mount",-0.120,0.103,-0.153,-0.040,-0.096,0.000,23,E,0,,,,962142,526.73,0
493,1174.170,"Mount",0.017,-0.041,0.033,0.029,0.000,0.000,0,,0,,,,956308,567.68,0
494,1176.423,"Mount",-0.059,-0.064,-0.025,0.084,0.000,0.000,0,,0,,,,933278,541.61,0
495,1178.820,"Mount",-0.125,0.047,-0.133,0.012,-0.083,0.000,20,E,0,,,,987133,557.52,0
496,1181.101,"Mount",-0.009,-0.222,0.090,0.204,0.000,0.204,0,,43,S,,,978387,521.57,0
497,1183.448,"Mount",0.054,-0.126,0.104,0.089,0.000,0.000,0,,0,,,,987142,569.97,0
498,1185.716,"Mount",0.216,-0.040,0.212,-0.059,0.133,0.000,32,W,0,,,,931002,567.43,0
499,1188.136,"Mount",0.374,0.007,0.333,-0.171,0.219,0.000,53,W,0,,,,1009499,592.79,0
500,1190.334,"Mount",0.033,0.069,-0.000,-0.077,0.000,0.000,0,,0,,,,970020,503.52,0
501,1192.706,"Mount",0.013,0.169,-0.063,-0.158,0.000,0.000,0,,0,,,,1006066,531.74,0
502,1194.996,"Mount",-0.083,0.261,-0.189,-0.198,-0.119,0.000,29,E,0,,,,1038505,521.35,0
503,1197.428,"Mount",-0.096,0.014,-0.092,0.030,0.000,0.000,0,,0,,,,946084,530.86,0
504,1199.692,"Mount",-0.114,0.198,-0.189,-0.128,-0.119,0.000,29,E,0,,,,991763,550.77,0
505,1202.052,"Mount",0.073,-0.081,0.101,0.041,0.000,0.000,0,,0,,,,979656,546.93,0
506,1204.311,"Mount",0.352,0.056,0.291,-0.205,0.184,0.000,44,W,0,,,,1029178,584.11,0
507,1206.820,"Mount",0.360,0.017,0.316,-0.173,0.212,0.000,51,W,0,,,,959974,554.66,0
508,1209.324,"Mount",0.310,-0.203,0.367,0.046,0.246,0.000,59,W,0,,,,923054,509.65,0
509,1211.852,"Mount",-0.241,0.124,-0.271,-0.006,-0.153,0.000,37,E,0,,,,972104,579.54,0
510,1214.031,"Mount",0.030,0.162,-0.044,-0.159,0.000,0.000,0,,0,,,,1015641,561.83,0
511,1216.461,"Mount",-0.163,0.143,-0.209,-0.057,-0.132,0.000,32,E,0,,,,1014220,525.57,0
512,1218.756,"Mount",-0.092,0.064,-0.111,-0.017,0.000,0.000,0,,0,,,,965862,531.77,0
513,1221.114,"Mount",-0.084,-0.002,-0.075,0.039,0.000,0.000,0,,0,,,,982324,561.06,0
514,1223.396,"Mount",-0.131,0.228,-0.218,-0.147,-0.138,0.000,33,E,0,,,,1001690,546.89,0
515,1225.892,"Mount",0.319,-0.133,0.345,-0.021,0.208,0.000,50,W,0,,,,958341,530.95,0
516,1228.224,"Mount",0.329,-0.122,0.349,-0.035,0.235,0.000,57,W,0,,,,969865,504.14,0
517,1230.772,"Mount",0.495,-0.254,0.557,0.011,0.367,0.000,89,W,0,,,,945718,515.00,0
518,1233.044,"Mount",0.388,-0.061,0.375,-0.116,0.262,0.000,63,W,0,,,,945657,490.90,0
519,1235.385,"Mount",-0.022,0.143,-0.082,-0.119,0.000,0.000,0,,0,,,,901623,470.80,0
520,1237.636,"Mount",-0.176,-0.023,-0.148,0.097,-0.093,0.000,22,E,0,,,,932814,554.81,0
521,1240.033,"Mount",0.052,-0.003,0.048,-0.020,0.000,0.000,0,,0,,,,997776,548.46,0
522,1242.282,"Mount",0.200,-0.087,0.218,-0.009,0.137,0.000,33,W,0,,,,1005681,508.67,0
523,1244.670,"Mount",-0.004,0.089,-0.043,-0.078,0.000,0.000,0,,0,,,,1004856,541.65,0
524,1246.900,"Mount",0.151,-0.176,0.213,0.092,0.134,0.000,32,W,0,,,,933944,498.92,0
525,1249.348,"Mount",0.314,-0.026,0.293,-0.114,0.194,0.000,47,W,0,,,,970360,566.28,0
526,1251.660,"Mount",0.235,0.106,0.165,-0.198,0.117,0.000,28,W,0,,,,984661,552.90,0
527,1253.992,"Mount",-0.009,0.005,-0.011,-0.000,0.000,0.000,0,,0,,,,969294,563.01,0
528,1256.312,"Mount",-0.255,0.025,-0.240,0.089,-0.151,0.000,37,E,0,,,,954033,566.26,0
529,1258.732,"Mount",-0.223,0.033,-0.215,0.068,-0.146,0.000,35,E,0,,,,981035,540.75,0
530,1261.149,"Mount",-0.226,-0.131,-0.146,0.217,-0.102,0.217,25,E,46,S,,,950314,505.50,0
531,1263.637,"Mount",0.609,-0.105,0.593,-0.172,0.366,0.000,89,W,0,,,,982063,533.53,0
532,1265.828,"Mount",-0.011,0.248,-0.118,-0.218,0.000,0.000,0,,0,,,,995388,562.21,0
533,1268.188,"Mount",0.035,0.085,-0.005,-0.092,0.000,0.000,0,,0,,,,998923,548.42,0
534,1270.471,"Mount",-0.097,0.250,-0.197,-0.182,-0.124,0.000,30,E,0,,,,1037857,522.36,0
535,1272.940,"Mount",0.357,-0.158,0.391,-0.015,0.237,0.000,57,W,0,,,,952311,515.31,0
536,1275.268,"Mount",-0.088,0.135,-0.139,-0.083,-0.071,0.000,17,E,0,,,,979036,572.11,0
537,1277.740,"Mount",-0.213,0.337,-0.339,-0.209,-0.219,0.000,53,E,0,,,,942036,550.08,0
538,1280.028,"Mount",-0.202,0.317,-0.321,-0.196,-0.218,0.000,53,E,0,,,,954379,541.45,0
539,1282.420,"Mount",-0.004,0.218,-0.099,-0.195,0.000,0.000,0,,0,,,,983620,564.39,0
540,1284.861,"Mount",-0.750,0.465,-0.877,-0.089,-0.553,0.000,134,E,0,,,,945722,568.91,0
541,1287.284,"Mount",0.020,-0.052,0.041,0.038,0.000,0.000,0,,0,,,,975306,560.71,0
542,1289.543,"Mount",-0.026,0.087,-0.062,-0.067,0.000,0.000,0,,0,,,,996701,536.28,0
543,1291.948,"Mount",0.202,-0.124,0.235,0.023,0.148,0.000,36,W,0,,,,956841,551.20,0
544,1294.213,"Mount",0.237,0.082,0.177,-0.177,0.122,0.000,29,W,0,,,,967960,592.75,0
545,1296.676,"Mount",0.279,-0.173,0.326,0.033,0.214,0.000,52,W,0,,,,983230,573.04,0
546,1298.908,"Mount",-0.105,0.196,-0.181,-0.130,-0.099,0.000,24,E,0,,,,947775,527.46,0
547,1301.340,"Mount",-0.289,0.180,-0.339,-0.035,-0.220,0.000,53,E,0,,,,968259,575.07,0
548,1303.684,"Mount",-0.211,0.063,-0.217,0.036,-0.152,0.000,37,E,0,,,,973229,542.28,0
549,1306.050,"Mount",0.094,-0.024,0.095,-0.020,0.000,0.000,0,,0,,,,1013928,533.71,0
550,1308.289,"Mount",-0.080,0.073,-0.103,-0.031,0.000,0.000,0,,0,,,,966561,542.45,0
551,1310.716,"Mount",-0.178,0.193,-0.244,-0.095,-0.154,0.000,37,E,0,,,,957915,563.75,0
552,1313.156,"Mount",-0.122,0.105,-0.156,-0.040,-0.109,0.000,26,E,0,,,,997598,542.18,0
553,1315.505,"Mount",-0.115,0.000,-0.103,0.050,0.000,0.000,0,,0,,,,975078,558.20,0
554,1317.789,"Mount",-0.104,-0.003,-0.092,0.048,0.000,0.000,0,,0,,,,961577,513.97,0
555,1320.252,"Mount",-0.169,0.061,-0.178,0.019,-0.112,0.000,27,E,0,,,,986537,590.25,0
556,1322.597,"Mount",-0.295,0.099,-0.309,0.041,-0.202,0.000,49,E,0,,,,1018655,565.14,0
557,1324.951,"Mount",0.061,-0.030,0.068,0.001,0.000,0.000,0,,0,,,,976699,563.47,0
558,1327.188,"Mount",0.009,-0.045,0.028,0.037,0.000,0.000,0,,0,,,,967296,565.28,0
559,1329.700,"Mount",-0.364,-0.091,-0.287,0.241,-0.181,0.241,44,E,51,S,,,914562,552.49,0
560,1331.898,"Mount",-0.049,0.169,-0.118,-0.130,0.000,0.000,0,,0,,,,940010,491.30,0
561,1334.248,"Mount",-0.003,0.237,-0.107,-0.212,0.000,0.000,0,,0,,,,936656,505.89,0
562,1336.436,"Mount",0.132,0.024,0.108,-0.080,0.000,0.000,0,,0,,,,963403,547.93,0
563,1338.892,"Mount",-0.278,0.324,-0.392,-0.169,-0.247,0.000,60,E,0,,,,908569,532.00,0
564,1341.173,"Mount",0.341,0.047,0.286,-0.192,0.163,0.000,39,W,0,,,,955169,530.34,0
565,1343.604,"Mount",-0.160,0.331,-0.289,-0.227,-0.171,0.000,41,E,0,,,,977984,562.92,0
566,1345.908,"Mount",-0.101,0.255,-0.203,-0.185,-0.140,0.000,34,E,0,,,,977394,502.64,0
567,1348.364,"Mount",-0.177,0.155,-0.227,-0.061,-0.152,0.000,37,E,0,,,,931912,512.92,0
568,1350.666,"Mount",0.045,0.060,0.014,-0.074,0.000,0.000,0,,0,,,,971384,496.03,0
569,1353.007,"Mount",0.026,0.143,-0.039,-0.140,0.000,0.000,0,,0,,,,920295,529.33,0
570,1355.258,"Mount",0.022,0.176,-0.057,-0.168,0.000,0.000,0,,0,,,,917255,541.54,0
571,1357.700,"Mount",0.216,-0.022,0.204,-0.075,0.128,0.000,31,W,0,,,,961599,569.44,0
572,1359.931,"Mount",0.107,0.005,0.094,-0.051,0.000,0.000,0,,0,,,,939605,516.01,0
573,1362.271,"Mount",0.015,0.069,-0.017,-0.069,0.000,0.000,0,,0,,,,976797,549.25,0
574,1364.633,"Mount",-0.145,0.165,-0.203,-0.085,-0.128,0.000,31,E,0,,,,951439,543.44,0
575,1367.116,"Mount",-0.245,0.345,-0.372,-0.203,-0.243,0.000,59,E,0,,,,922163,541.73,0
576,1369.302,"Mount",0.139,0.242,0.019,-0.279,0.000,0.000,0,,0,,,,878912,518.21,0
577,1371.663,"Mount",-0.059,0.117,-0.105,-0.079,0.000,0.000,0,,0,,,,930264,542.39,0
578,1373.956,"Mount",-0.106,0.228,-0.195,-0.158,-0.123,0.000,30,E,0,,,,949129,524.48,0
579,1376.924,"Mount",0.148,0.244,0.026,-0.284,0.000,-0.284,0,,580,N,,,876871,555.52,0
580,1379.163,"Mount",0.087,0.105,0.032,-0.132,0.000,0.000,0,,0,,,,934919,527.75,0
581,1381.662,"Mount",0.409,-0.210,0.460,0.010,0.290,0.000,70,W,0,,,,871635,560.59,0
582,1384.030,"Mount",-0.020,-0.106,0.029,0.104,0.000,0.000,0,,0,,,,977722,555.00,0
583,1386.500,"Mount",0.365,-0.089,0.367,-0.080,0.231,0.000,56,W,0,,,,913515,546.79,0
584,1388.772,"Mount",-0.189,0.057,-0.194,0.032,-0.106,0.000,26,E,0,,,,924816,476.22,0
585,1391.148,"Mount",-0.046,0.062,-0.069,-0.035,0.000,0.000,0,,0,,,,934825,494.92,0
586,1393.436,"Mount",-0.337,0.098,-0.346,0.060,-0.218,0.000,53,E,0,,,,870733,501.65,0
587,1395.890,"Mount",-0.110,-0.028,-0.087,0.074,0.000,0.000,0,,0,,,,845479,481.18,0
588,1398.168,"Mount",-0.278,-0.114,-0.200,0.225,-0.126,0.000,30,E,0,,,,860868,495.55,0
589,1400.577,"Mount",-0.166,-0.224,-0.051,0.274,0.000,0.000,0,,0,,,,888693,516.43,0
590,1403.420,"Mount",-0.108,-0.324,0.045,0.339,0.000,0.339,0,,591,S,,,988578,549.38,0
591,1405.988,"Mount",0.334,-0.044,0.320,-0.107,0.201,0.000,49,W,0,,,,910457,512.75,0
592,1408.252,"Mount",-0.011,0.077,-0.044,-0.064,0.000,0.000,0,,0,,,,905230,522.65,0
593,1410.804,"Mount",-0.412,0.267,-0.488,-0.059,-0.307,0.000,74,E,0,,,,879615,496.68,0
594,1413.038,"Mount",0.038,0.205,-0.055,-0.201,0.000,0.000,0,,0,,,,904743,508.82,0
595,1415.366,"Mount",-0.018,0.225,-0.115,-0.194,0.000,0.000,0,,0,,,,950569,520.39,0
596,1417.620,"Mount",-0.059,0.364,-0.213,-0.301,-0.134,0.000,32,E,0,,,,899181,535.54,0
597,1420.076,"Mount",-0.157,0.110,-0.189,-0.030,-0.128,0.000,31,E,0,,,,890641,518.43,0
598,1422.370,"Mount",0.029,0.053,0.003,-0.060,0.000,0.000,0,,0,,,,926266,544.18,0
599,1424.812,"Mount",0.492,-0.100,0.486,-0.126,0.306,0.000,74,W,0,,,,904819,498.18,0
600,1427.204,"Mount",0.347,-0.022,0.321,-0.133,0.224,0.000,54,W,0,,,,879513,533.81,0
601,1429.644,"Mount",-0.215,0.269,-0.311,-0.147,-0.181,0.000,44,E,0,,,,898714,552.57,0
602,1431.892,"Mount",-0.165,0.258,-0.262,-0.160,-0.178,0.000,43,E,0,,,,849332,497.84,0
603,1434.407,"Mount",-0.346,0.301,-0.443,-0.119,-0.292,0.000,70,E,0,,,,907565,547.69,0
604,1436.764,"Mount",-0.134,0.166,-0.194,-0.090,-0.142,0.000,34,E,0,,,,873352,495.01,0
605,1439.121,"Mount",-0.034,0.009,-0.035,0.007,0.000,0.000,0,,0,,,,966068,558.94,0
606,1441.420,"Mount",0.506,-0.283,0.579,0.032,0.364,0.000,88,W,0,,,,873687,526.34,0
607,1443.862,"Mount",0.145,-0.014,0.136,-0.051,0.111,0.000,27,W,0,,,,953753,594.62,0
608,1446.159,"Mount",0.385,-0.145,0.409,-0.039,0.266,0.000,64,W,0,,,,922152,475.00,0
609,1448.620,"Mount",0.164,0.014,0.141,-0.084,0.107,0.000,26,W,0,,,,887558,499.86,0
610,1450.800,"Mount",-0.011,-0.066,0.019,0.064,0.000,0.000,0,,0,,,,911355,541.30,0
611,1453.228,"Mount",-0.104,0.103,-0.139,-0.047,-0.087,0.000,21,E,0,,,,886029,545.26,0
612,1455.500,"Mount",-0.170,0.190,-0.236,-0.096,-0.155,0.000,37,E,0,,,,866020,559.45,0
613,1458.072,"Mount",-0.088,0.158,-0.149,-0.103,-0.104,0.000,25,E,0,,,,864454,493.60,0
614,1460.405,"Mount",-0.240,0.081,-0.251,0.032,-0.166,0.000,40,E,0,,,,870867,511.80,0
615,1462.743,"Mount",0.073,0.090,0.026,-0.113,0.000,0.000,0,,0,,,,922849,543.27,0
616,1464.939,"Mount",0.019,0.067,-0.012,-0.069,0.000,0.000,0,,0,,,,841088,515.41,0
617,1467.414,"Mount",-0.209,-0.031,-0.174,0.120,-0.110,0.000,26,E,0,,,,815222,501.26,0
618,1469.700,"Mount",0.176,-0.253,0.269,0.150,0.162,0.000,39,W,0,,,,891949,536.83,0
619,1472.043,"Mount",-0.134,-0.119,-0.068,0.165,0.000,0.000,0,,0,,,,913969,472.01,0
620,1474.237,"Mount",-0.148,-0.045,-0.113,0.106,0.000,0.000,0,,0,,,,886290,542.46,0
621,1476.716,"Mount",-0.371,0.093,-0.374,0.079,-0.236,0.000,57,E,0,,,,859398,498.70,0
622,1479.052,"Mount",-0.114,0.082,-0.139,-0.023,-0.104,0.000,25,E,0,,,,909902,559.43,0
623,1481.384,"Mount",-0.051,-0.019,-0.037,0.040,0.000,0.000,0,,0,,,,898779,522.23,0
624,1483.724,"Mount",-0.253,0.042,-0.246,0.073,-0.155,0.000,37,E,0,,,,887418,537.36,0
625,1486.116,"Mount",0.033,-0.054,0.054,0.034,0.000,0.000,0,,0,,,,859150,483.41,0
626,1488.386,"Mount",-0.023,-0.055,0.004,0.060,0.000,0.000,0,,0,,,,908681,511.62,0
627,1490.828,"Mount",0.286,-0.148,0.322,0.007,0.203,0.000,49,W,0,,,,886945,528.98,0
628,1492.998,"Mount",-0.031,0.001,-0.028,0.013,0.000,0.000,0,,0,,,,887335,506.79,0
629,1495.452,"Mount",-0.292,0.100,-0.306,0.038,-0.193,0.000,47,E,0,,,,883812,553.37,0
630,1497.748,"Mount",-0.186,-0.003,-0.166,0.084,-0.118,0.000,28,E,0,,,,849435,527.11,0
631,1500.244,"Mount",-0.268,-0.002,-0.240,0.119,-0.159,0.000,39,E,0,,,,855219,506.95,0
632,1502.446,"Mount",-0.037,-0.191,0.050,0.188,0.000,0.000,0,,0,,,,823231,504.05,0
633,1504.988,"Mount",0.120,-0.334,0.255,0.247,0.160,0.247,39,W,52,S,,,944353,572.09,0
634,1507.276,"Mount",0.203,-0.177,0.260,0.070,0.175,0.000,42,W,0,,,,862164,506.27,0
635,1509.732,"Mount",-0.138,0.076,-0.157,-0.008,-0.087,0.000,21,E,0,,,,869963,508.29,0
636,1512.020,"Mount",-0.307,0.217,-0.371,-0.060,-0.240,0.000,58,E,0,,,,895535,547.96,0
637,1514.471,"Mount",-0.179,0.010,-0.165,0.069,-0.121,0.000,29,E,0,,,,862267,503.48,0
638,1516.780,"Mount",-0.500,0.162,-0.521,0.074,-0.336,0.000,81,E,0,,,,875617,500.97,0
639,1519.244,"Mount",-0.277,0.027,-0.261,0.097,-0.188,0.000,45,E,0,,,,904412,533.24,0
640,1521.540,"Mount",-0.167,0.251,-0.260,-0.153,-0.177,0.000,43,E,0,,,,953803,534.58,0
641,1523.927,"Mount",-0.014,0.057,-0.037,-0.045,0.000,0.000,0,,0,,,,877133,552.37,0
642,1526.278,"Mount",-0.094,0.257,-0.197,-0.190,-0.124,0.000,30,E,0,,,,955184,509.37,0
643,1528.764,"Mount",0.350,-0.087,0.353,-0.075,0.214,0.000,52,W,0,,,,872510,519.78,0
644,1531.084,"Mount",0.497,-0.418,0.630,0.158,0.412,0.000,99,W,0,,,,897347,507.84,0
645,1533.426,"Mount",-0.018,0.183,-0.097,-0.156,0.000,0.000,0,,0,,,,954487,568.68,0
646,1535.639,"Mount",0.067,0.300,-0.072,-0.299,0.000,0.000,0,,0,,,,898769,526.88,0
647,1538.092,"Mount",-0.126,0.108,-0.161,-0.042,-0.101,0.000,24,E,0,,,,972174,570.24,0
648,1540.742,"Mount",-0.261,-0.105,-0.189,0.209,-0.126,0.209,30,E,44,S,,,895808,473.72,0
649,1543.196,"Mount",0.382,-0.155,0.411,-0.028,0.250,0.000,60,W,0,,,,980365,571.82,0
650,1545.448,"Mount",0.142,0.054,0.104,-0.111,0.000,0.000,0,,0,,,,920118,506.36,0
INFO: SET LOCK POSITION, new lock pos = 975.855, 210.102
INFO: DITHER by -3.527, -3.341, new lock pos = 974.152, 214.652
INFO: SETTLING STATE CHANGE, Settling started
651,1549.808,"Mount",1.703,-4.550,3.527,3.341,3.527,3.341,852,W,702,S,,,954130,536.07,0
652,1552.359,"Mount",0.288,-0.020,0.268,-0.108,0.169,0.000,41,W,0,,,,872297,515.56,0
653,1554.628,"Mount",0.265,-0.091,0.278,-0.034,0.187,0.000,45,W,0,,,,875429,531.04,0
654,1557.012,"Mount",-0.091,0.435,-0.273,-0.351,-0.159,0.000,38,E,0,,,,918328,457.36,0
655,1559.292,"Mount",-0.438,0.038,-0.410,0.157,-0.269,0.000,65,E,0,,,,953412,480.42,0
656,1561.670,"Mount",-0.055,0.098,-0.093,-0.064,0.000,0.000,0,,0,,,,932440,528.92,0
INFO: SETTLING STATE CHANGE, Settling complete
657,1563.878,"Mount",0.064,-0.056,0.082,0.022,0.000,0.000,0,,0,,,,881837,488.79,0
658,1566.364,"Mount",-0.062,0.210,-0.147,-0.161,-0.093,0.000,22,E,0,,,,908273,501.61,0
659,1568.636,"Mount",0.150,-0.028,0.147,-0.041,0.086,0.000,21,W,0,,,,897077,541.27,0
660,1571.004,"Mount",0.108,-0.078,0.132,0.023,0.089,0.000,21,W,0,,,,875989,527.44,0
661,1573.284,"Mount",0.135,-0.112,0.171,0.042,0.114,0.000,27,W,0,,,,926864,534.73,0
662,1575.732,"Mount",-0.321,0.152,-0.355,0.004,-0.216,0.000,52,E,0,,,,925153,530.69,0
663,1578.084,"Mount",-0.775,0.041,-0.715,0.303,-0.465,0.000,112,E,0,,,,956540,524.17,0
664,1580.574,"Mount",-0.430,0.175,-0.464,0.031,-0.325,0.000,78,E,0,,,,945409,532.11,0
665,1582.932,"Mount",-0.400,-0.051,-0.337,0.221,-0.235,0.000,57,E,0,,,,964194,507.10,0
666,1585.363,"Mount",-0.021,0.156,-0.088,-0.131,0.000,0.000,0,,0,,,,934697,568.50,0
667,1587.628,"Mount",0.102,0.108,0.044,-0.142,0.000,0.000,0,,0,,,,924531,547.99,0
668,1590.244,"Mount",0.187,-0.472,0.375,0.342,0.236,0.342,57,W,72,S,,,918372,465.62,0
669,1592.730,"Mount",0.293,-0.020,0.272,-0.110,0.188,0.000,45,W,0,,,,879318,506.35,0
670,1595.188,"Mount",-0.039,0.393,-0.208,-0.336,-0.118,0.000,28,E,0,,,,1033935,596.99,0
671,1597.397,"Mount",0.026,0.160,-0.046,-0.155,0.000,0.000,0,,0,,,,951030,565.17,0
672,1599.828,"Mount",-0.086,0.296,-0.207,-0.228,-0.130,0.000,32,E,0,,,,957211,560.66,0
673,1602.116,"Mount",-0.203,0.375,-0.347,-0.248,-0.228,0.000,55,E,0,,,,964099,562.20,0
674,1604.684,"Mount",-0.311,0.658,-0.568,-0.455,-0.374,0.000,90,E,0,,,,1020849,581.47,0
675,1607.620,"Mount",-0.297,0.402,-0.443,-0.230,-0.306,-0.230,74,E,568,N,,,970502,528.04,0
676,1610.007,"Mount",0.008,0.180,-0.072,-0.165,0.000,0.000,0,,0,,,,934292,545.71,0
677,1612.244,"Mount",-0.036,0.234,-0.135,-0.194,-0.085,0.000,21,E,0,,,,978420,528.95,0
678,1614.764,"Mount",0.147,-0.008,0.135,-0.057,0.079,0.000,19,W,0,,,,910998,522.93,0
679,1617.018,"Mount",0.019,-0.011,0.022,0.002,0.000,0.000,0,,0,,,,985487,563.10,0
680,1619.460,"Mount",-0.190,0.187,-0.253,-0.084,-0.159,0.000,39,E,0,,,,1000135,526.30,0
681,1621.804,"Mount",-0.465,0.376,-0.583,-0.134,-0.378,0.000,91,E,0,,,,1003748,541.42,0
682,1624.230,"Mount",0.115,0.099,0.060,-0.140,0.000,0.000,0,,0,,,,928889,499.17,0
683,1626.561,"Mount",0.053,0.112,-0.002,-0.124,0.000,0.000,0,,0,,,,959501,504.99,0
684,1628.996,"Mount",-0.362,0.013,-0.331,0.147,-0.208,0.000,50,E,0,,,,960038,512.30,0
685,1631.205,"Mount",0.058,0.171,-0.023,-0.179,0.000,0.000,0,,0,,,,944246,474.86,0
686,1633.620,"Mount",0.001,0.266,-0.116,-0.239,0.000,-0.239,0,,50,N,,,1014443,581.89,0
687,1635.892,"Mount",0.152,0.227,0.037,-0.271,0.000,-0.271,0,,57,N,,,946960,510.69,0
688,1638.500,"Mount",-0.230,0.337,-0.354,-0.202,-0.223,-0.202,54,E,42,N,,,983394,504.13,0
689,1640.858,"Mount",0.115,0.237,-0.001,-0.263,0.000,-0.263,0,,55,N,,,968695,505.11,0
690,1643.404,"Mount",-0.781,0.212,-0.794,0.152,-0.500,0.000,121,E,0,,,,955700,528.16,0
691,1645.708,"Mount",-0.285,0.212,-0.350,-0.066,-0.255,0.000,62,E,0,,,,1045036,559.47,0
692,1648.172,"Mount",-0.157,0.256,-0.253,-0.161,-0.177,0.000,43,E,0,,,,1049861,567.88,0
693,1650.508,"Mount",0.004,0.047,-0.018,-0.044,0.000,0.000,0,,0,,,,941143,507.95,0
694,1652.846,"Mount",-0.049,-0.009,-0.040,0.030,0.000,0.000,0,,0,,,,944947,551.14,0
695,1655.196,"Mount",0.253,-0.141,0.289,0.016,0.182,0.000,44,W,0,,,,919700,500.34,0
696,1657.628,"Mount",0.257,-0.151,0.297,0.023,0.200,0.000,48,W,0,,,,927114,555.84,0
697,1659.921,"Mount",0.180,-0.205,0.252,0.105,0.173,0.000,42,W,0,,,,979865,539.15,0
698,1662.445,"Mount",-0.410,0.249,-0.478,-0.044,-0.289,0.000,70,E,0,,,,956866,491.59,0
699,1664.780,"Mount",-0.158,0.223,-0.240,-0.131,-0.171,0.000,41,E,0,,,,1004139,553.76,0
700,1667.204,"Mount",-0.279,0.159,-0.320,-0.021,-0.214,0.000,52,E,0,,,,991806,536.69,0
701,1669.445,"Mount",-0.096,0.112,-0.135,-0.058,-0.100,0.000,24,E,0,,,,1052618,550.06,0
702,1671.868,"Mount",-0.170,0.203,-0.242,-0.108,-0.159,0.000,38,E,0,,,,1022641,550.25,0
703,1674.108,"Mount",-0.111,0.099,-0.143,-0.040,-0.101,0.000,24,E,0,,,,984672,531.45,0
704,1676.535,"Mount",0.200,-0.249,0.289,0.136,0.175,0.000,42,W,0,,,,926450,538.06,0
705,1678.836,"Mount",0.265,-0.337,0.386,0.186,0.255,0.000,62,W,0,,,,957337,522.90,0
706,1681.292,"Mount",0.252,-0.237,0.331,0.102,0.226,0.000,55,W,0,,,,900266,499.79,0
707,1683.490,"Mount",0.025,-0.017,0.030,0.004,0.000,0.000,0,,0,,,,939488,508.40,0
708,1685.893,"Mount",-0.018,-0.127,0.040,0.122,0.000,0.000,0,,0,,,,925757,549.80,0
709,1688.220,"Mount",-0.370,0.102,-0.377,0.071,-0.238,0.000,57,E,0,,,,989756,554.26,0
710,1690.595,"Mount",0.053,-0.044,0.067,0.016,0.000,0.000,0,,0,,,,955522,536.43,0
711,1692.817,"Mount",-0.017,-0.056,0.009,0.058,0.000,0.000,0,,0,,,,923541,509.57,0
712,1695.252,"Mount",-0.111,0.086,-0.138,-0.028,-0.087,0.000,21,E,0,,,,906487,520.91,0
713,1697.491,"Mount",0.002,0.004,0.000,-0.004,0.000,0.000,0,,0,,,,963842,565.78,0
714,1699.892,"Mount",0.158,-0.224,0.240,0.132,0.151,0.000,36,W,0,,,,976590,508.16,0
715,1702.094,"Mount",-0.054,-0.169,0.026,0.176,0.000,0.000,0,,0,,,,988928,583.98,0
716,1704.512,"Mount",-0.056,0.102,-0.095,-0.067,0.000,0.000,0,,0,,,,1012576,564.74,0
717,1707.068,"Mount",-0.245,0.062,-0.247,0.052,-0.156,0.000,38,E,0,,,,948526,522.99,0
718,1709.540,"Mount",-0.418,0.094,-0.417,0.099,-0.274,0.000,66,E,0,,,,878410,480.54,0
719,1711.812,"Mount",-0.318,-0.103,-0.241,0.232,-0.171,0.000,41,E,0,,,,949097,501.05,0
720,1714.146,"Mount",-0.019,-0.092,0.023,0.091,0.000,0.000,0,,0,,,,927467,542.29,0
721,1716.445,"Mount",-0.316,0.046,-0.304,0.097,-0.191,0.000,46,E,0,,,,999153,552.29,0
722,1718.860,"Mount",0.137,-0.114,0.173,0.043,0.095,0.000,23,W,0,,,,928628,544.73,0
723,1721.105,"Mount",0.100,-0.041,0.108,-0.007,0.000,0.000,0,,0,,,,951576,509.70,0
724,1723.532,"Mount",0.287,-0.131,0.315,-0.008,0.199,0.000,48,W,0,,,,999964,552.04,0
725,1725.796,"Mount",-0.210,-0.065,-0.160,0.150,-0.087,0.000,21,E,0,,,,1007273,545.53,0
726,1728.220,"Mount",-0.156,0.101,-0.185,-0.022,-0.123,0.000,30,E,0,,,,946862,511.35,0
727,1730.564,"Mount",-0.623,-0.025,-0.549,0.296,-0.354,0.000,86,E,0,,,,987260,543.17,0
728,1733.036,"Mount",-0.427,0.063,-0.411,0.131,-0.284,0.000,69,E,0,,,,1061106,595.49,0
729,1735.324,"Mount",-0.472,-0.048,-0.403,0.250,-0.274,0.000,66,E,0,,,,1018255,518.54,0
730,1737.992,"Mount",0.001,-0.217,0.096,0.194,0.000,0.000,0,,0,,,,1006471,520.75,0
731,1740.591,"Mount",0.292,-0.268,0.380,0.113,0.240,0.000,58,W,0,,,,992722,570.88,0
732,1743.234,"Mount",0.768,-0.568,0.939,0.173,0.609,0.000,147,W,0,,,,1009199,532.96,0
733,1745.540,"Mount",0.073,-0.203,0.155,0.150,0.140,0.000,34,W,0,,,,977509,564.97,0
734,1748.676,"Mount",-0.379,-0.127,-0.285,0.281,-0.170,0.281,41,E,579,S,,,871799,462.37,0
735,1750.900,"Mount",-0.093,-0.175,-0.007,0.198,0.000,0.000,0,,0,,,,1026132,554.81,0
736,1753.265,"Mount",-0.103,-0.131,-0.035,0.163,0.000,0.000,0,,0,,,,1030099,593.54,0
737,1755.852,"Mount",-0.359,-0.111,-0.273,0.258,-0.172,0.258,42,E,54,S,,,956939,513.87,0
738,1758.709,"Mount",-0.260,-0.118,-0.182,0.220,-0.127,0.220,31,E,46,S,,,1033208,567.86,0
739,1760.956,"Mount",0.183,-0.119,0.217,0.026,0.128,0.000,31,W,0,,,,1028125,549.86,0
740,1763.321,"Mount",0.011,0.051,-0.013,-0.050,0.000,0.000,0,,0,,,,985798,541.18,0
741,1765.629,"Mount",0.185,0.001,0.166,-0.082,0.104,0.000,25,W,0,,,,917575,508.51,0
742,1768.092,"Mount",0.245,-0.254,0.332,0.121,0.216,0.000,52,W,0,,,,951400,535.89,0
743,1770.522,"Mount",-0.373,0.010,-0.339,0.154,-0.199,0.000,48,E,0,,,,947752,520.32,0
744,1773.108,"Mount",-0.635,-0.100,-0.527,0.369,-0.346,0.369,84,E,77,S,,,921234,536.46,0
745,1775.396,"Mount",-0.344,0.072,-0.341,0.086,-0.239,0.000,58,E,0,,,,932510,506.47,0
746,1777.812,"Mount",-0.112,0.091,-0.140,-0.033,-0.105,0.000,25,E,0,,,,942888,525.25,0
747,1780.072,"Mount",-0.009,0.033,-0.022,-0.026,0.000,0.000,0,,0,,,,1017240,519.89,0
748,1782.535,"Mount",-0.192,-0.049,-0.151,0.129,-0.095,0.000,23,E,0,,,,935635,519.31,0
749,1784.740,"Mount",0.044,-0.098,0.083,0.069,0.000,0.000,0,,0,,,,895660,506.43,0
750,1787.180,"Mount",0.386,-0.222,0.444,0.030,0.280,0.000,68,W,0,,,,972138,545.84,0
751,1789.484,"Mount",0.280,-0.104,0.297,-0.030,0.207,0.000,50,W,0,,,,948484,532.96,0
752,1791.876,"Mount",-0.229,-0.016,-0.199,0.115,-0.111,0.000,27,E,0,,,,933933,514.28,0
753,1794.154,"Mount",-0.313,0.095,-0.323,0.052,-0.211,0.000,51,E,0,,,,954317,524.74,0
754,1796.566,"Mount",0.003,-0.053,0.026,0.046,0.000,0.000,0,,0,,,,919531,509.92,0
755,1798.820,"Mount",-0.135,0.122,-0.174,-0.050,-0.110,0.000,27,E,0,,,,929015,532.74,0
756,1801.268,"Mount",0.161,0.018,0.137,-0.087,0.079,0.000,19,W,0,,,,886504,521.95,0
757,1803.585,"Mount",0.141,-0.093,0.168,0.022,0.111,0.000,27,W,0,,,,850820,515.59,0
758,1805.996,"Mount",0.273,0.014,0.239,-0.133,0.158,0.000,38,W,0,,,,935475,535.17,0
759,1808.340,"Mount",0.319,-0.216,0.381,0.054,0.251,0.000,61,W,0,,,,959263,551.92,0
760,1810.820,"Mount",-0.190,0.075,-0.203,0.016,-0.111,0.000,27,E,0,,,,897957,521.74,0
761,1813.092,"Mount",-0.276,0.085,-0.285,0.044,-0.188,0.000,45,E,0,,,,907533,481.01,0
762,1815.548,"Mount",-0.345,0.131,-0.368,0.033,-0.245,0.000,59,E,0,,,,912485,531.64,0
763,1817.812,"Mount",-0.157,0.023,-0.151,0.049,-0.112,0.000,27,E,0,,,,1034815,527.75,0
764,1820.210,"Mount",0.048,0.048,0.023,-0.064,0.000,0.000,0,,0,,,,927321,499.39,0
765,1822.548,"Mount",0.149,-0.094,0.175,0.019,0.110,0.000,27,W,0,,,,935747,551.96,0
766,1824.972,"Mount",0.211,-0.098,0.232,-0.004,0.154,0.000,37,W,0,,,,918463,499.75,0
767,1827.604,"Mount",0.313,-0.120,0.334,-0.030,0.221,0.000,53,W,0,,,,919103,489.78,0
768,1830.055,"Mount",0.213,-0.149,0.257,0.040,0.177,0.000,43,W,0,,,,1040446,569.21,0
769,1832.375,"Mount",0.219,-0.120,0.250,0.012,0.170,0.000,41,W,0,,,,939381,523.16,0
770,1834.788,"Mount",-0.248,-0.007,-0.220,0.115,-0.127,0.000,31,E,0,,,,1010405,538.52,0
771,1836.968,"Mount",-0.011,-0.006,-0.007,0.010,0.000,0.000,0,,0,,,,891764,548.19,0
772,1839.341,"Mount",-0.042,-0.032,-0.024,0.048,0.000,0.000,0,,0,,,,925139,511.48,0
773,1841.796,"Mount",0.030,-0.267,0.144,0.227,0.091,0.227,22,W,48,S,,,937400,478.55,0
774,1844.169,"Mount",0.055,0.204,-0.040,-0.207,0.000,0.000,0,,0,,,,913806,516.51,0
775,1846.492,"Mount",0.278,0.139,0.189,-0.246,0.119,0.000,29,W,0,,,,910417,464.69,0
776,1848.988,"Mount",0.401,-0.234,0.463,0.034,0.300,0.000,73,W,0,,,,938148,523.27,0
777,1851.229,"Mount",0.267,-0.074,0.273,-0.050,0.193,0.000,47,W,0,,,,850958,504.51,0
778,1853.731,"Mount",-0.070,0.133,-0.121,-0.089,0.000,0.000,0,,0,,,,890458,532.73,0
779,1855.936,"Mount",0.053,0.109,-0.000,-0.122,0.000,0.000,0,,0,,,,939162,549.61,0
780,1858.350,"Mount",0.265,0.077,0.204,-0.186,0.129,0.000,31,W,0,,,,927990,490.13,0
781,1860.623,"Mount",-0.052,0.241,-0.152,-0.194,-0.087,0.000,21,E,0,,,,898948,502.64,0
782,1863.036,"Mount",0.367,-0.078,0.364,-0.091,0.223,0.000,54,W,0,,,,898554,509.79,0
783,1865.332,"Mount",0.204,0.121,0.130,-0.198,0.098,0.000,24,W,0,,,,880985,520.50,0
784,1867.692,"Mount",0.116,0.021,0.095,-0.069,0.000,0.000,0,,0,,,,892334,500.70,0
785,1869.887,"Mount",0.078,0.169,-0.004,-0.186,0.000,0.000,0,,0,,,,868156,525.67,0
786,1872.400,"Mount",0.575,-0.215,0.611,-0.059,0.385,0.000,93,W,0,,,,895806,505.81,0
787,1874.700,"Mount",-0.129,0.135,-0.175,-0.065,-0.083,0.000,20,E,0,,,,957918,517.96,0
788,1877.046,"Mount",0.017,0.160,-0.055,-0.151,0.000,0.000,0,,0,,,,858819,465.82,0
789,1879.324,"Mount",-0.275,0.249,-0.356,-0.103,-0.224,0.000,54,E,0,,,,962462,519.40,0
790,1881.772,"Mount",-0.365,0.124,-0.383,0.049,-0.257,0.000,62,E,0,,,,928337,531.84,0
791,1884.124,"Mount",-0.353,0.115,-0.368,0.052,-0.250,0.000,60,E,0,,,,862985,482.87,0
792,1886.774,"Mount",0.179,-0.240,0.266,0.138,0.150,0.000,36,W,0,,,,931892,531.88,0
793,1889.004,"Mount",0.018,-0.012,0.021,0.003,0.000,0.000,0,,0,,,,937533,522.37,0
794,1891.564,"Mount",0.687,-0.147,0.681,-0.169,0.429,0.000,104,W,0,,,,900099,471.86,0
795,1893.933,"Mount",0.376,-0.126,0.393,-0.052,0.278,0.000,67,W,0,,,,821922,502.00,0
796,1896.447,"Mount",0.244,-0.044,0.238,-0.067,0.170,0.000,41,W,0,,,,926234,540.14,0
797,1898.747,"Mount",0.045,0.016,0.033,-0.034,0.000,0.000,0,,0,,,,854259,499.27,0
798,1901.212,"Mount",-0.192,0.183,-0.253,-0.081,-0.159,0.000,38,E,0,,,,901957,553.64,0
799,1903.468,"Mount",-0.150,0.090,-0.174,-0.015,-0.121,0.000,29,E,0,,,,937098,527.58,0
800,1905.876,"Mount",-0.177,0.158,-0.229,-0.064,-0.153,0.000,37,E,0,,,,881634,521.07,0
801,1908.060,"Mount",0.043,0.024,0.028,-0.041,0.000,0.000,0,,0,,,,1003004,514.03,0
802,1910.508,"Mount",-0.170,0.128,-0.209,-0.041,-0.132,0.000,32,E,0,,,,856606,453.13,0
803,1912.759,"Mount",0.042,-0.200,0.126,0.161,0.000,0.000,0,,0,,,,979643,520.01,0
804,1915.156,"Mount",0.276,-0.081,0.284,-0.048,0.179,0.000,43,W,0,,,,879065,540.28,0
805,1917.422,"Mount",0.079,0.024,0.061,-0.056,0.000,0.000,0,,0,,,,933545,510.99,0
806,1919.853,"Mount",-0.415,0.040,-0.391,0.146,-0.246,0.000,59,E,0,,,,885064,488.65,0
807,1922.078,"Mount",-0.029,0.125,-0.080,-0.099,0.000,0.000,0,,0,,,,907529,514.86,0
808,1924.516,"Mount",-0.200,0.267,-0.297,-0.152,-0.187,0.000,45,E,0,,,,893649,511.41,0
809,1926.780,"Mount",0.006,0.348,-0.147,-0.315,-0.106,0.000,26,E,0,,,,905155,534.91,0
810,1929.268,"Mount",-0.191,0.330,-0.317,-0.213,-0.207,0.000,50,E,0,,,,995543,539.92,0
811,1931.497,"Mount",0.140,0.035,0.110,-0.093,0.000,0.000,0,,0,,,,856583,493.12,0
812,1933.970,"Mount",0.149,0.094,0.093,-0.150,0.000,0.000,0,,0,,,,883320,482.48,0
813,1936.188,"Mount",0.207,0.089,0.147,-0.171,0.092,0.000,22,W,0,,,,886323,510.67,0
814,1938.624,"Mount",-0.064,0.047,-0.078,-0.014,0.000,0.000,0,,0,,,,879423,493.77,0
815,1940.887,"Mount",-0.148,0.213,-0.226,-0.127,-0.143,0.000,34,E,0,,,,922149,510.62,0
816,1943.349,"Mount",-0.390,0.411,-0.531,-0.198,-0.344,0.000,83,E,0,,,,934110,507.44,0
817,1945.644,"Mount",-0.080,0.271,-0.191,-0.208,-0.144,0.000,35,E,0,,,,929777,531.91,0
818,1948.011,"Mount",0.079,-0.024,0.082,-0.013,0.000,0.000,0,,0,,,,874798,533.13,0
819,1950.356,"Mount",0.148,-0.069,0.164,-0.003,0.103,0.000,25,W,0,,,,896153,527.95,0
820,1952.679,"Mount",0.026,0.023,0.013,-0.033,0.000,0.000,0,,0,,,,849249,511.62,0
821,1954.884,"Mount",0.058,-0.076,0.086,0.043,0.000,0.000,0,,0,,,,851154,492.42,0
822,1957.324,"Mount",0.214,-0.115,0.243,0.009,0.153,0.000,37,W,0,,,,855221,457.48,0
823,1959.543,"Mount",-0.080,-0.095,-0.030,0.121,0.000,0.000,0,,0,,,,814346,482.12,0
824,1961.980,"Mount",-0.474,0.075,-0.459,0.141,-0.289,0.000,70,E,0,,,,837594,430.03,0
825,1964.293,"Mount",-0.218,-0.023,-0.185,0.116,-0.137,0.000,33,E,0,,,,827739,510.44,0
826,1966.740,"Mount",-0.362,0.096,-0.367,0.072,-0.241,0.000,58,E,0,,,,805939,498.78,0
827,1969.012,"Mount",-0.186,0.096,-0.209,-0.004,-0.149,0.000,36,E,0,,,,774522,488.71,0
828,1971.452,"Mount",0.171,-0.047,0.174,-0.033,0.099,0.000,24,W,0,,,,855740,515.29,0
829,1973.650,"Mount",0.085,0.064,0.048,-0.095,0.000,0.000,0,,0,,,,734976,447.60,0
830,1976.052,"Mount",0.264,0.002,0.236,-0.117,0.149,0.000,36,W,0,,,,780925,480.01,0
831,1978.381,"Mount",0.250,-0.074,0.257,-0.043,0.172,0.000,42,W,0,,,,792507,451.63,0
832,1980.780,"Mount",0.195,-0.128,0.231,0.030,0.158,0.000,38,W,0,,,,731339,424.39,0
833,1983.052,"Mount",-0.258,0.069,-0.262,0.051,-0.154,0.000,37,E,0,,,,767107,417.32,0
834,1985.426,"Mount",-0.105,0.035,-0.109,0.014,0.000,0.000,0,,0,,,,739848,429.24,0
835,1987.638,"Mount",-0.047,0.041,-0.060,-0.016,0.000,0.000,0,,0,,,,720625,416.10,0
836,1990.026,"Mount",-0.110,0.029,-0.112,0.022,0.000,0.000,0,,0,,,,780564,490.90,0
837,1992.340,"Mount",-0.607,0.090,-0.585,0.186,-0.368,0.000,89,E,0,,,,784104,472.72,0
838,1994.766,"Mount",-0.069,-0.006,-0.059,0.036,0.000,0.000,0,,0,,,,715578,449.92,0
839,1997.019,"Mount",-0.027,0.078,-0.059,-0.058,0.000,0.000,0,,0,,,,767995,444.63,0
840,1999.468,"Mount",0.186,-0.265,0.284,0.156,0.179,0.000,43,W,0,,,,776200,420.01,0
841,2001.748,"Mount",-0.135,0.081,-0.157,-0.013,-0.087,0.000,21,E,0,,,,766931,460.27,0
842,2004.108,"Mount",-0.064,0.053,-0.081,-0.019,0.000,0.000,0,,0,,,,870612,521.80,0
843,2006.394,"Mount",-0.210,0.100,-0.233,0.002,-0.147,0.000,35,E,0,,,,816950,482.34,0
844,2008.876,"Mount",-0.103,-0.215,0.002,0.238,0.000,0.238,0,,50,S,,,827403,488.11,0
845,2011.220,"Mount",-0.206,-0.123,-0.131,0.201,-0.083,0.201,20,E,42,S,,,749505,471.68,0
846,2013.868,"Mount",0.389,-0.509,0.573,0.286,0.355,0.286,86,W,60,S,,,804269,481.25,0
847,2016.037,"Mount",-0.107,0.028,-0.109,0.022,0.000,0.000,0,,0,,,,839696,469.46,0
848,2018.468,"Mount",-0.404,0.137,-0.423,0.054,-0.267,0.000,64,E,0,,,,795688,489.02,0
849,2020.666,"Mount",0.105,-0.007,0.097,-0.039,0.000,0.000,0,,0,,,,782185,479.55,0
850,2023.076,"Mount",0.267,-0.048,0.261,-0.074,0.164,0.000,40,W,0,,,,789437,492.46,0
851,2025.329,"Mount",0.140,-0.004,0.128,-0.057,0.000,0.000,0,,0,,,,851657,501.00,0
852,2027.666,"Mount",0.013,0.133,-0.047,-0.125,0.000,0.000,0,,0,,,,791212,495.03,0
853,2029.832,"Mount",0.012,0.236,-0.093,-0.217,0.000,0.000,0,,0,,,,836939,510.01,0
854,2032.316,"Mount",-0.731,0.361,-0.816,-0.003,-0.514,0.000,124,E,0,,,,811825,465.95,0
855,2034.612,"Mount",-0.217,0.239,-0.300,-0.119,-0.225,0.000,54,E,0,,,,813219,494.26,0
856,2037.010,"Mount",0.004,0.182,-0.076,-0.166,0.000,0.000,0,,0,,,,855708,484.82,0
857,2039.248,"Mount",0.005,0.191,-0.079,-0.173,0.000,0.000,0,,0,,,,817646,493.01,0
858,2041.764,"Mount",0.715,0.047,0.622,-0.356,0.392,0.000,95,W,0,,,,848748,460.70,0
859,2044.868,"Mount",0.426,0.174,0.306,-0.343,0.220,-0.343,53,W,600,N,,,801655,491.81,0
860,2047.274,"Mount",0.025,0.005,0.020,-0.016,0.000,0.000,0,,0,,,,846836,470.22,0
861,2049.548,"Mount",0.222,-0.105,0.246,-0.003,0.155,0.000,37,W,0,,,,835657,498.08,0
862,2051.900,"Mount",-0.086,-0.015,-0.070,0.051,0.000,0.000,0,,0,,,,846407,530.96,0
863,2054.204,"Mount",-0.226,0.059,-0.229,0.046,-0.144,0.000,35,E,0,,,,827241,499.63,0
864,2056.693,"Mount",-0.220,0.127,-0.253,-0.018,-0.170,0.000,41,E,0,,,,805609,464.94,0
865,2058.932,"Mount",-0.250,-0.049,-0.203,0.154,-0.140,0.000,34,E,0,,,,837955,509.60,0
866,2061.414,"Mount",-0.231,0.034,-0.223,0.071,-0.150,0.000,36,E,0,,,,797463,447.72,0
867,2063.658,"Mount",-0.002,-0.010,0.003,0.010,0.000,0.000,0,,0,,,,797950,467.84,0
868,2066.168,"Mount",-0.022,0.020,-0.028,-0.009,0.000,0.000,0,,0,,,,898521,540.58,0
869,2068.498,"Mount",0.190,-0.060,0.198,-0.029,0.124,0.000,30,W,0,,,,881319,492.88,0
870,2070.826,"Mount",-0.100,0.056,-0.114,-0.006,0.000,0.000,0,,0,,,,942977,512.81,0
871,2073.092,"Mount",-0.203,0.186,-0.264,-0.078,-0.166,0.000,40,E,0,,,,885562,500.25,0
872,2075.524,"Mount",-0.456,0.070,-0.441,0.137,-0.289,0.000,70,E,0,,,,796600,429.49,0
873,2077.733,"Mount",-0.041,-0.259,0.076,0.250,0.000,0.000,0,,0,,,,828302,489.26,0
874,2080.313,"Mount",-0.031,-0.016,-0.021,0.028,0.000,0.000,0,,0,,,,794591,483.85,0
875,2082.593,"Mount",-0.154,0.087,-0.176,-0.011,-0.111,0.000,27,E,0,,,,831754,468.33,0
876,2084.974,"Mount",-0.153,-0.103,-0.092,0.159,0.000,0.000,0,,0,,,,792571,456.84,0
877,2087.260,"Mount",0.125,-0.121,0.165,0.054,0.104,0.000,25,W,0,,,,837492,487.36,0
878,2089.676,"Mount",0.090,-0.128,0.137,0.076,0.094,0.000,23,W,0,,,,818185,508.94,0
879,2091.861,"Mount",-0.094,0.020,-0.093,0.023,0.000,0.000,0,,0,,,,894628,488.33,0
880,2094.365,"Mount",-0.290,0.050,-0.282,0.082,-0.178,0.000,43,E,0,,,,867283,450.06,0
881,2096.617,"Mount",-0.047,0.063,-0.069,-0.036,0.000,0.000,0,,0,,,,863228,474.45,0
882,2099.028,"Mount",-0.332,-0.158,-0.229,0.288,-0.144,0.000,35,E,0,,,,949871,533.93,0
883,2101.294,"Mount",-0.078,-0.206,0.020,0.220,0.000,0.000,0,,0,,,,932084,528.64,0
884,2104.308,"Mount",-0.222,-0.355,-0.044,0.417,0.000,0.417,0,,616,S,,,942243,524.91,0
885,2106.645,"Mount",0.268,-0.091,0.281,-0.036,0.177,0.000,43,W,0,,,,904808,504.17,0
886,2109.135,"Mount",0.495,-0.205,0.534,-0.033,0.349,0.000,84,W,0,,,,854661,515.49,0
887,2111.428,"Mount",0.029,-0.055,0.050,0.036,0.000,0.000,0,,0,,,,853461,515.00,0
888,2113.838,"Mount",-0.072,-0.076,-0.031,0.100,0.000,0.000,0,,0,,,,892174,518.41,0
889,2116.150,"Mount",-0.427,0.020,-0.393,0.169,-0.247,0.000,60,E,0,,,,833192,497.11,0
890,2118.524,"Mount",-0.160,-0.111,-0.095,0.170,0.000,0.000,0,,0,,,,812751,473.97,0
891,2120.860,"Mount",-0.334,-0.008,-0.297,0.154,-0.187,0.000,45,E,0,,,,887024,466.28,0
892,2123.232,"Mount",0.036,-0.071,0.063,0.048,0.000,0.000,0,,0,,,,863414,499.31,0
893,2125.428,"Mount",0.079,-0.093,0.112,0.049,0.000,0.000,0,,0,,,,905605,520.43,0
894,2127.989,"Mount",0.320,-0.278,0.409,0.110,0.258,0.000,62,W,0,,,,847645,490.68,0
895,2130.532,"Mount",0.340,-0.558,0.550,0.353,0.365,0.353,88,W,74,S,,,818544,518.09,0
896,2132.964,"Mount",0.148,-0.128,0.189,0.049,0.145,0.000,35,W,0,,,,864006,479.14,0
897,2135.420,"Mount",0.166,-0.425,0.336,0.309,0.222,0.309,54,W,65,S,,,854046,511.05,0
898,2137.746,"Mount",0.061,-0.024,0.065,-0.005,0.000,0.000,0,,0,,,,863272,519.16,0
899,2140.044,"Mount",0.204,0.037,0.168,-0.122,0.106,0.000,25,W,0,,,,855566,528.33,0
900,2142.508,"Mount",-0.110,0.195,-0.184,-0.127,-0.109,0.000,26,E,0,,,,867916,496.80,0
901,2144.723,"Mount",0.081,0.082,0.037,-0.109,0.000,0.000,0,,0,,,,879479,509.02,0
902,2147.148,"Mount",0.115,0.022,0.094,-0.070,0.000,0.000,0,,0,,,,852938,507.66,0
903,2149.404,"Mount",0.298,-0.047,0.288,-0.089,0.182,0.000,44,W,0,,,,854808,539.12,0
904,2151.820,"Mount",0.231,0.164,0.136,-0.249,0.098,0.000,24,W,0,,,,830026,531.64,0
905,2154.025,"Mount",0.084,-0.043,0.094,0.002,0.000,0.000,0,,0,,,,875540,490.98,0
906,2156.468,"Mount",0.501,0.151,0.384,-0.355,0.242,0.000,58,W,0,,,,982662,516.53,0
907,2159.309,"Mount",0.111,0.186,0.018,-0.216,0.000,-0.216,0,,573,N,,,875054,482.22,0
908,2161.727,"Mount",0.022,0.123,-0.034,-0.120,0.000,0.000,0,,0,,,,926559,522.61,0
909,2164.019,"Mount",-0.003,0.093,-0.043,-0.083,0.000,0.000,0,,0,,,,973737,565.99,0
910,2166.455,"Mount",-0.119,0.074,-0.139,-0.014,-0.088,0.000,21,E,0,,,,960843,515.19,0
911,2168.796,"Mount",-0.303,0.348,-0.425,-0.180,-0.274,0.000,66,E,0,,,,949447,496.22,0
INFO: SET LOCK POSITION, new lock pos = 974.152, 214.652
INFO: DITHER by 4.885, -0.543, new lock pos = 978.780, 212.996
INFO: SETTLING STATE CHANGE, Settling started
912,2171.283,"Mount",0.214,-0.005,0.194,-0.090,0.103,0.000,25,W,0,,,,887552,544.77,0
913,2176.073,"Mount",-4.628,1.656,-4.885,0.543,-4.885,0.543,1180,E,642,S,,,917338,471.49,0
914,2178.598,"Mount",0.813,-0.413,0.911,0.015,0.574,0.000,139,W,0,,,,885277,447.95,0
915,2180.884,"Mount",0.543,-0.131,0.545,-0.121,0.384,0.000,93,W,0,,,,885650,532.85,0
916,2183.372,"Mount",-0.620,0.455,-0.757,-0.137,-0.450,0.000,109,E,0,,,,972469,561.61,0
917,2185.684,"Mount",-0.289,0.498,-0.479,-0.321,-0.333,0.000,80,E,0,,,,884075,517.33,0
918,2188.084,"Mount",0.010,0.424,-0.177,-0.385,-0.135,0.000,33,E,0,,,,911077,564.39,0
INFO: SETTLING STATE CHANGE, Settling complete
919,2190.972,"Mount",0.173,0.462,-0.047,-0.491,0.000,-0.491,0,,631,N,,,927263,545.98,0
920,2193.620,"Mount",-0.169,0.188,-0.234,-0.095,-0.147,0.000,36,E,0,,,,871136,522.62,0
921,2195.901,"Mount",0.416,-0.118,0.426,-0.076,0.258,0.000,62,W,0,,,,913826,519.66,0
922,2198.351,"Mount",0.341,-0.066,0.335,-0.090,0.229,0.000,55,W,0,,,,857315,500.42,0
923,2200.668,"Mount",-0.206,-0.113,-0.136,0.192,-0.069,0.000,17,E,0,,,,862986,487.97,0
924,2203.101,"Mount",-0.471,-0.070,-0.392,0.270,-0.252,0.000,61,E,0,,,,914687,529.57,0
925,2205.404,"Mount",-0.209,0.235,-0.291,-0.120,-0.201,0.000,49,E,0,,,,944354,517.82,0
926,2207.868,"Mount",-0.259,0.109,-0.281,0.016,-0.191,0.000,46,E,0,,,,913268,483.75,0
927,2210.164,"Mount",-0.241,0.156,-0.285,-0.035,-0.193,0.000,47,E,0,,,,883146,534.20,0
928,2212.684,"Mount",-0.451,0.197,-0.492,0.020,-0.323,0.000,78,E,0,,,,958374,559.92,0
929,2215.055,"Mount",-0.223,0.037,-0.217,0.065,-0.159,0.000,38,E,0,,,,926218,522.38,0
930,2217.516,"Mount",-0.395,-0.004,-0.353,0.177,-0.234,0.000,56,E,0,,,,928659,536.90,0
931,2219.820,"Mount",-0.234,0.095,-0.252,0.017,-0.175,0.000,42,E,0,,,,976947,547.31,0
932,2222.285,"Mount",-0.206,0.213,-0.278,-0.101,-0.188,0.000,45,E,0,,,,890744,553.06,0
933,2224.649,"Mount",-0.199,-0.008,-0.176,0.095,-0.124,0.000,30,E,0,,,,855272,492.77,0
934,2227.092,"Mount",-0.345,0.095,-0.352,0.066,-0.230,0.000,56,E,0,,,,888842,528.10,0
935,2229.428,"Mount",-0.249,0.003,-0.225,0.106,-0.158,0.000,38,E,0,,,,914482,544.62,0
936,2231.852,"Mount",-0.162,0.018,-0.154,0.055,-0.108,0.000,26,E,0,,,,845292,463.01,0
937,2234.101,"Mount",-0.194,0.178,-0.253,-0.075,-0.167,0.000,40,E,0,,,,834251,499.87,0
938,2236.556,"Mount",0.137,-0.131,0.180,0.058,0.102,0.000,25,W,0,,,,937957,503.77,0
939,2238.832,"Mount",-0.177,-0.106,-0.112,0.173,0.000,0.000,0,,0,,,,925135,541.21,0
940,2241.260,"Mount",-0.196,0.012,-0.181,0.076,-0.114,0.000,28,E,0,,,,930082,548.21,0
941,2243.606,"Mount",-0.433,0.069,-0.420,0.128,-0.272,0.000,66,E,0,,,,944587,525.59,0
942,2246.141,"Mount",-0.395,0.070,-0.386,0.111,-0.262,0.000,63,E,0,,,,982743,545.18,0
943,2248.528,"Mount",-0.361,-0.030,-0.311,0.186,-0.214,0.000,52,E,0,,,,884789,526.07,0
944,2250.899,"Mount",-0.078,0.086,-0.108,-0.043,0.000,0.000,0,,0,,,,918984,491.38,0
945,2253.180,"Mount",-0.173,0.151,-0.222,-0.059,-0.140,0.000,34,E,0,,,,919328,497.27,0
946,2255.535,"Mount",-0.033,-0.053,-0.006,0.062,0.000,0.000,0,,0,,,,957892,530.73,0
947,2257.780,"Mount",0.115,-0.210,0.196,0.138,0.123,0.000,30,W,0,,,,922597,494.83,0
948,2260.192,"Mount",0.037,-0.162,0.104,0.129,0.000,0.000,0,,0,,,,880713,513.62,0
949,2262.515,"Mount",-0.289,0.000,-0.260,0.127,-0.164,0.000,40,E,0,,,,869211,495.22,0
950,2264.940,"Mount",-0.295,0.097,-0.308,0.042,-0.206,0.000,50,E,0,,,,948449,569.97,0
951,2267.340,"Mount",-0.560,0.216,-0.598,0.052,-0.391,0.000,94,E,0,,,,890053,491.76,0
952,2269.741,"Mount",0.096,-0.252,0.196,0.184,0.096,0.000,23,W,0,,,,869302,530.31,0
953,2271.980,"Mount",-0.196,-0.091,-0.136,0.168,-0.079,0.000,19,E,0,,,,900241,482.89,0
954,2274.341,"Mount",0.097,-0.018,0.095,-0.027,0.000,0.000,0,,0,,,,956254,567.18,0
955,2276.596,"Mount",-0.072,-0.095,-0.022,0.117,0.000,0.000,0,,0,,,,916104,533.21,0
956,2279.039,"Mount",0.293,-0.093,0.304,-0.045,0.191,0.000,46,W,0,,,,937921,511.21,0
957,2281.324,"Mount",0.434,-0.352,0.544,0.126,0.356,0.000,86,W,0,,,,902523,511.04,0
958,2283.720,"Mount",-0.085,0.058,-0.102,-0.015,0.000,0.000,0,,0,,,,955196,534.47,0
959,2285.956,"Mount",-0.213,0.024,-0.202,0.072,-0.127,0.000,31,E,0,,,,878307,489.18,0
960,2288.388,"Mount",-0.234,-0.119,-0.158,0.209,-0.108,0.000,26,E,0,,,,922272,495.51,0
961,2290.732,"Mount",-0.269,-0.145,-0.178,0.248,-0.120,0.000,29,E,0,,,,911466,536.24,0
962,2293.684,"Mount",-0.190,-0.135,-0.112,0.205,0.000,0.205,0,,571,S,,,921152,557.04,0
963,2295.876,"Mount",-0.050,-0.068,-0.015,0.083,0.000,0.000,0,,0,,,,914613,514.38,0
964,2298.264,"Mount",0.139,0.038,0.108,-0.095,0.000,0.000,0,,0,,,,907722,527.27,0
965,2300.661,"Mount",0.143,-0.316,0.267,0.221,0.168,0.221,41,W,46,S,,,957920,534.72,0
966,2302.999,"Mount",-0.045,-0.052,-0.017,0.067,0.000,0.000,0,,0,,,,946653,528.78,0
967,2305.495,"Mount",-0.039,-0.103,0.010,0.110,0.000,0.000,0,,0,,,,981708,549.37,0
968,2307.900,"Mount",-0.259,0.091,-0.272,0.032,-0.172,0.000,41,E,0,,,,921039,501.00,0
969,2310.212,"Mount",-0.302,0.063,-0.299,0.076,-0.200,0.000,48,E,0,,,,905774,527.11,0
970,2312.668,"Mount",-0.264,0.076,-0.270,0.047,-0.184,0.000,45,E,0,,,,935096,512.72,0
971,2314.968,"Mount",0.289,-0.128,0.316,-0.012,0.186,0.000,45,W,0,,,,912192,544.04,0
972,2317.357,"Mount",-0.061,0.029,-0.068,0.001,0.000,0.000,0,,0,,,,925197,557.09,0
973,2319.645,"Mount",0.153,-0.231,0.239,0.141,0.150,0.000,36,W,0,,,,884437,523.76,0
974,2322.060,"Mount",-0.185,-0.058,-0.140,0.133,-0.078,0.000,19,E,0,,,,911222,502.64,0
975,2324.500,"Mount",0.316,-0.305,0.418,0.135,0.258,0.000,62,W,0,,,,918685,517.97,0
976,2326.870,"Mount",-0.131,-0.141,-0.056,0.185,0.000,0.000,0,,0,,,,890937,526.26,0
977,2329.260,"Mount",-0.336,0.003,-0.304,0.145,-0.191,0.000,46,E,0,,,,976846,552.52,0
978,2331.700,"Mount",-0.364,0.030,-0.341,0.133,-0.228,0.000,55,E,0,,,,928938,550.01,0
979,2334.069,"Mount",-0.369,0.027,-0.344,0.138,-0.233,0.000,56,E,0,,,,936778,562.30,0
980,2336.477,"Mount",-0.230,-0.103,-0.161,0.193,-0.118,0.000,28,E,0,,,,945156,549.65,0
981,2339.097,"Mount",-0.224,-0.239,-0.096,0.313,0.000,0.313,0,,66,S,,,931309,543.23,0
982,2341.676,"Mount",0.331,-0.409,0.477,0.222,0.300,0.222,73,W,47,S,,,944320,579.64,0
983,2344.140,"Mount",0.082,-0.239,0.178,0.179,0.133,0.000,32,W,0,,,,986938,577.02,0
984,2346.762,"Mount",0.519,-0.271,0.585,0.016,0.378,0.000,91,W,0,,,,917096,556.29,0
985,2349.004,"Mount",0.180,0.009,0.158,-0.087,0.126,0.000,30,W,0,,,,1015685,545.73,0
986,2351.446,"Mount",-0.226,0.147,-0.268,-0.033,-0.160,0.000,39,E,0,,,,951763,546.52,0
987,2353.788,"Mount",-0.559,0.384,-0.671,-0.100,-0.434,0.000,105,E,0,,,,1003446,509.55,0
988,2356.131,"Mount",-0.038,0.068,-0.064,-0.044,0.000,0.000,0,,0,,,,1006670,555.80,0
989,2358.461,"Mount",-0.158,0.030,-0.155,0.043,-0.097,0.000,24,E,0,,,,961835,585.97,0
990,2360.964,"Mount",-0.143,-0.168,-0.055,0.213,0.000,0.213,0,,45,S,,,904124,532.33,0
991,2363.211,"Mount",-0.193,-0.106,-0.127,0.180,0.000,0.000,0,,0,,,,963100,537.88,0
992,2365.560,"Mount",-0.187,-0.129,-0.112,0.198,0.000,0.000,0,,0,,,,952527,511.16,0
993,2367.793,"Mount",-0.155,-0.032,-0.125,0.096,0.000,0.000,0,,0,,,,1043912,557.03,0
994,2370.154,"Mount",-0.148,-0.035,-0.117,0.097,0.000,0.000,0,,0,,,,1023306,591.86,0
995,2372.572,"Mount",-0.605,0.014,-0.549,0.253,-0.346,0.253,84,E,53,S,,,969675,569.48,0
996,2374.970,"Mount",0.023,0.267,-0.096,-0.250,0.000,0.000,0,,0,,,,990976,501.65,0
997,2377.220,"Mount",-0.059,0.643,-0.335,-0.552,-0.211,0.000,51,E,0,,,,1074785,575.43,0
998,2379.623,"Mount",0.040,0.060,0.010,-0.072,0.000,0.000,0,,0,,,,987062,528.56,0
999,2381.816,"Mount",0.058,0.145,-0.012,-0.156,0.000,0.000,0,,0,,,,1021319,577.72,0
1000,2384.294,"Mount",-0.130,0.220,-0.214,-0.141,-0.135,0.000,32,E,0,,,,1077253,585.25,0
1001,2386.590,"Mount",-0.084,0.268,-0.193,-0.204,-0.131,0.000,32,E,0,,,,1025129,548.26,0
1002,2388.953,"Mount",0.107,0.125,0.041,-0.159,0.000,0.000,0,,0,,,,992533,564.56,0
1003,2391.339,"Mount",0.112,0.118,0.049,-0.155,0.000,0.000,0,,0,,,,1018879,546.21,0
1004,2393.802,"Mount",0.095,0.194,0.001,-0.216,0.000,0.000,0,,0,,,,962649,533.29,0
1005,2395.971,"Mount",0.140,0.225,0.027,-0.263,0.000,0.000,0,,0,,,,986443,507.75,0
1006,2398.337,"Mount",-0.004,0.038,-0.020,-0.033,0.000,0.000,0,,0,,,,1030810,519.22,0
1007,2400.718,"Mount",-0.077,0.120,-0.122,-0.074,0.000,0.000,0,,0,,,,1057785,595.68,0
1008,2403.073,"Mount",0.101,0.182,0.011,-0.208,0.000,0.000,0,,0,,,,1034882,569.60,0
1009,2405.340,"Mount",0.203,0.020,0.173,-0.107,0.109,0.000,26,W,0,,,,1071193,570.63,0
1010,2408.373,"Mount",0.320,0.126,0.232,-0.254,0.154,-0.254,37,W,588,N,,,1046638,576.04,0
1011,2410.708,"Mount",0.072,0.247,-0.044,-0.253,0.000,-0.253,0,,53,N,,,1092245,580.18,0
1012,2413.134,"Mount",-0.364,0.187,-0.409,-0.009,-0.258,0.000,62,E,0,,,,1089870,583.82,0
1013,2415.496,"Mount",-0.430,0.139,-0.447,0.064,-0.300,0.000,72,E,0,,,,1066714,574.51,0
1014,2417.948,"Mount",-0.468,0.248,-0.529,-0.018,-0.354,0.000,86,E,0,,,,998267,550.80,0
1015,2420.293,"Mount",-0.338,0.081,-0.339,0.076,-0.238,0.000,58,E,0,,,,984868,579.00,0
1016,2422.733,"Mount",-0.236,-0.102,-0.167,0.195,-0.122,0.000,29,E,0,,,,1066895,606.36,0
1017,2424.988,"Mount",0.170,-0.158,0.222,0.068,0.131,0.000,32,W,0,,,,1046447,609.16,0
1018,2427.517,"Mount",0.297,-0.172,0.342,0.025,0.225,0.000,54,W,0,,,,990885,589.45,0
1019,2429.812,"Mount",0.314,-0.205,0.372,0.046,0.250,0.000,60,W,0,,,,1055250,564.76,0
1020,2432.341,"Mount",0.444,-0.406,0.577,0.170,0.381,0.000,92,W,0,,,,1036955,558.61,0
1021,2434.605,"Mount",0.083,-0.052,0.097,0.011,0.000,0.000,0,,0,,,,1132769,585.48,0
1022,2436.999,"Mount",-0.107,-0.037,-0.080,0.080,0.000,0.000,0,,0,,,,1058497,546.80,0
1023,2439.285,"Mount",-0.223,0.032,-0.215,0.069,-0.135,0.000,33,E,0,,,,1072960,597.00,0
1024,2441.689,"Mount",0.100,0.031,0.076,-0.072,0.000,0.000,0,,0,,,,1064332,591.03,0
1025,2443.933,"Mount",-0.119,0.030,-0.120,0.025,0.000,0.000,0,,0,,,,1076572,599.21,0
1026,2446.393,"Mount",-0.069,0.155,-0.131,-0.109,-0.082,0.000,20,E,0,,,,1055635,590.28,0
1027,2448.600,"Mount",-0.125,-0.106,-0.066,0.150,0.000,0.000,0,,0,,,,1009855,540.22,0
1028,2451.125,"Mount",0.379,0.039,0.324,-0.201,0.204,-0.201,49,W,42,N,,,1076429,580.14,0
1029,2453.605,"Mount",0.233,-0.200,0.297,0.077,0.202,0.000,49,W,0,,,,1052161,562.35,0
1030,2455.994,"Mount",-0.036,-0.048,-0.011,0.059,0.000,0.000,0,,0,,,,1054225,528.10,0
1031,2458.198,"Mount",-0.104,-0.133,-0.035,0.166,0.000,0.000,0,,0,,,,1023368,560.80,0
1032,2460.748,"Mount",-0.515,-0.029,-0.450,0.252,-0.284,0.000,68,E,0,,,,1087134,616.69,0
1033,2462.930,"Mount",-0.100,-0.277,0.032,0.292,0.000,0.000,0,,0,,,,988759,579.83,0
1034,2465.404,"Mount",0.365,-0.314,0.466,0.122,0.294,0.000,71,W,0,,,,1004652,570.55,0
1035,2467.617,"Mount",-0.163,-0.096,-0.105,0.158,0.000,0.000,0,,0,,,,1035122,559.17,0
1036,2470.027,"Mount",-0.004,-0.246,0.105,0.222,0.000,0.000,0,,0,,,,1074987,606.55,0
1037,2472.925,"Mount",0.200,-0.335,0.326,0.214,0.206,0.214,50,W,580,S,,,1077011,594.94,0
1038,2475.348,"Mount",0.179,0.024,0.150,-0.100,0.109,0.000,26,W,0,,,,1085584,598.05,0
1039,2477.539,"Mount",0.055,-0.135,0.109,0.097,0.000,0.000,0,,0,,,,1022121,528.25,0
1040,2479.988,"Mount",-0.377,0.108,-0.386,0.068,-0.243,0.000,59,E,0,,,,1038645,570.14,0
1041,2482.318,"Mount",-0.296,0.083,-0.302,0.055,-0.207,0.000,50,E,0,,,,1044265,587.76,0
1042,2484.934,"Mount",-0.630,0.203,-0.655,0.094,-0.427,0.000,103,E,0,,,,1052472,505.57,0
1043,2487.147,"Mount",-0.017,-0.097,0.028,0.095,0.000,0.000,0,,0,,,,1056874,555.83,0
1044,2489.561,"Mount",0.050,0.056,0.021,-0.072,0.000,0.000,0,,0,,,,1015310,545.06,0
1045,2491.877,"Mount",0.585,-0.395,0.699,0.098,0.441,0.000,106,W,0,,,,1009803,561.07,0
1046,2494.352,"Mount",0.138,-0.177,0.202,0.099,0.158,0.000,38,W,0,,,,1068782,568.44,0
1047,2496.796,"Mount",0.146,-0.301,0.263,0.206,0.177,0.206,43,W,43,S,,,1065613,585.10,0
1048,2499.276,"Mount",-0.131,0.081,-0.153,-0.015,-0.084,0.000,20,E,0,,,,1043171,569.73,0
1049,2501.510,"Mount",-0.263,-0.093,-0.196,0.199,-0.129,0.000,31,E,0,,,,1082668,593.43,0
1050,2503.939,"Mount",-0.078,0.050,-0.092,-0.011,0.000,0.000,0,,0,,,,1155154,556.79,0
1051,2506.253,"Mount",-0.459,0.037,-0.428,0.168,-0.270,0.000,65,E,0,,,,994626,525.83,0
1052,2508.820,"Mount",-0.304,-0.100,-0.229,0.223,-0.163,0.223,39,E,47,S,,,1089569,569.60,0
1053,2511.019,"Mount",-0.082,-0.150,-0.008,0.171,0.000,0.000,0,,0,,,,1069089,587.63,0
1054,2513.357,"Mount",-0.117,-0.094,-0.064,0.136,0.000,0.000,0,,0,,,,1024025,532.54,0
1055,2515.606,"Mount",0.057,-0.029,0.063,0.001,0.000,0.000,0,,0,,,,1056960,561.23,0
1056,2518.092,"Mount",-0.305,-0.167,-0.200,0.283,-0.126,0.283,31,E,60,S,,,1062196,581.61,0
1057,2520.431,"Mount",-0.196,-0.061,-0.149,0.140,-0.103,0.000,25,E,0,,,,1076574,591.16,0
1058,2522.911,"Mount",-0.324,0.151,-0.357,0.007,-0.232,0.000,56,E,0,,,,1031300,564.82,0
1059,2525.286,"Mount",-0.459,0.058,-0.438,0.149,-0.292,0.000,71,E,0,,,,1054356,573.92,0
1060,2527.765,"Mount",-0.128,0.180,-0.194,-0.105,-0.142,0.000,34,E,0,,,,1057991,599.10,0
1061,2530.082,"Mount",-0.050,0.032,-0.059,-0.007,0.000,0.000,0,,0,,,,1093710,566.79,0
1062,2532.475,"Mount",0.012,-0.014,0.017,0.008,0.000,0.000,0,,0,,,,1085549,635.35,0
1063,2534.714,"Mount",0.044,-0.007,0.043,-0.013,0.000,0.000,0,,0,,,,1075415,550.15,0
1064,2537.047,"Mount",0.113,0.053,0.078,-0.097,0.000,0.000,0,,0,,,,1091640,588.27,0
1065,2539.247,"Mount",-0.086,0.047,-0.098,-0.005,0.000,0.000,0,,0,,,,1042205,613.88,0
1066,2541.693,"Mount",-0.216,0.036,-0.210,0.062,-0.133,0.000,32,E,0,,,,1038847,560.61,0
1067,2544.053,"Mount",-0.399,0.391,-0.530,-0.176,-0.343,0.000,83,E,0,,,,1052176,573.29,0
1068,2546.597,"Mount",-0.358,0.202,-0.410,-0.025,-0.282,0.000,68,E,0,,,,1040354,547.59,0
1069,2549.006,"Mount",-0.495,0.324,-0.587,-0.074,-0.390,0.000,94,E,0,,,,1049228,605.10,0
1070,2551.485,"Mount",0.195,-0.151,0.241,0.050,0.125,0.000,30,W,0,,,,1043301,565.03,0
1071,2553.941,"Mount",0.267,-0.182,0.320,0.047,0.210,0.000,51,W,0,,,,1027507,607.16,0
1072,2556.446,"Mount",0.353,-0.116,0.368,-0.051,0.246,0.000,60,W,0,,,,1089438,595.27,0
1073,2558.684,"Mount",0.048,-0.151,0.109,0.114,0.000,0.000,0,,0,,,,1049028,541.14,0
1074,2561.064,"Mount",-0.036,-0.040,-0.015,0.051,0.000,0.000,0,,0,,,,1059305,553.12,0
1075,2563.365,"Mount",-0.447,0.531,-0.635,-0.281,-0.400,0.000,97,E,0,,,,1069181,577.29,0
1076,2565.797,"Mount",-0.123,0.147,-0.175,-0.078,-0.138,0.000,33,E,0,,,,1068108,586.56,0
1077,2568.110,"Mount",-0.252,0.159,-0.296,-0.032,-0.196,0.000,47,E,0,,,,1013335,546.22,0
1078,2570.514,"Mount",-0.091,0.061,-0.109,-0.015,0.000,0.000,0,,0,,,,1065757,555.93,0
1079,2572.829,"Mount",-0.235,-0.021,-0.202,0.122,-0.128,0.000,31,E,0,,,,1105974,558.37,0
1080,2575.245,"Mount",0.254,-0.172,0.304,0.044,0.183,0.000,44,W,0,,,,1017928,527.22,0
1081,2577.725,"Mount",0.210,-0.184,0.270,0.073,0.183,0.000,44,W,0,,,,1089294,583.53,0
1082,2580.285,"Mount",0.449,-0.357,0.560,0.124,0.366,0.000,88,W,0,,,,1033709,551.78,0
1083,2582.645,"Mount",0.529,-0.419,0.659,0.144,0.441,0.000,106,W,0,,,,1020796,552.85,0
1084,2585.085,"Mount",-0.131,0.068,-0.148,-0.004,-0.062,0.000,15,E,0,,,,1061933,588.55,0
1085,2587.292,"Mount",0.126,0.008,0.110,-0.063,0.000,0.000,0,,0,,,,1048145,585.53,0
1086,2589.694,"Mount",-0.001,0.029,-0.013,-0.026,0.000,0.000,0,,0,,,,1139663,595.85,0
1087,2591.989,"Mount",0.270,-0.154,0.310,0.020,0.195,0.000,47,W,0,,,,1014620,549.38,0
1088,2594.524,"Mount",-0.290,-0.082,-0.224,0.201,-0.128,0.201,31,E,42,S,,,1038625,540.98,0
1089,2596.995,"Mount",0.157,-0.309,0.277,0.209,0.165,0.209,40,W,44,S,,,1050292,571.11,0
1090,2599.324,"Mount",0.213,0.185,0.110,-0.260,0.000,0.000,0,,0,,,,987759,534.41,0
1091,2601.637,"Mount",0.286,0.073,0.225,-0.191,0.142,0.000,34,W,0,,,,1000237,548.32,0
1092,2604.077,"Mount",0.329,0.104,0.250,-0.238,0.168,0.000,40,W,0,,,,1066874,553.45,0
1093,2606.297,"Mount",0.139,0.135,0.065,-0.182,0.000,0.000,0,,0,,,,1001746,546.55,0
1094,2608.685,"Mount",-0.005,0.164,-0.076,-0.145,0.000,0.000,0,,0,,,,1072068,579.35,0
1095,2610.997,"Mount",-0.213,0.208,-0.283,-0.094,-0.178,0.000,43,E,0,,,,1057638,549.16,0
1096,2613.413,"Mount",0.189,0.024,0.160,-0.104,0.088,0.000,21,W,0,,,,1098077,590.15,0
1097,2615.661,"Mount",0.278,0.126,0.195,-0.235,0.129,0.000,31,W,0,,,,1125773,587.52,0
1098,2618.077,"Mount",0.199,0.097,0.136,-0.175,0.095,0.000,23,W,0,,,,1072695,584.09,0
1099,2620.270,"Mount",-0.059,-0.068,-0.023,0.087,0.000,0.000,0,,0,,,,1073081,603.25,0
1100,2622.685,"Mount",0.035,-0.051,0.054,0.031,0.000,0.000,0,,0,,,,1054912,547.65,0
1101,2624.925,"Mount",0.309,-0.030,0.291,-0.109,0.184,0.000,44,W,0,,,,1064483,543.57,0
1102,2627.302,"Mount",-0.006,0.168,-0.079,-0.149,0.000,0.000,0,,0,,,,1106478,556.19,0
1103,2629.597,"Mount",-0.453,0.148,-0.472,0.066,-0.297,0.000,72,E,0,,,,1085268,631.05,0
1104,2632.009,"Mount",0.042,0.165,-0.034,-0.167,0.000,0.000,0,,0,,,,1062253,576.17,0
1105,2634.285,"Mount",-0.123,0.238,-0.215,-0.160,-0.135,0.000,33,E,0,,,,1122502,618.01,0
1106,2636.717,"Mount",-0.086,0.195,-0.163,-0.138,-0.112,0.000,27,E,0,,,,1044607,632.24,0
1107,2639.021,"Mount",-0.066,0.175,-0.136,-0.129,-0.094,0.000,23,E,0,,,,1103619,608.45,0
1108,2641.549,"Mount",1.009,-0.385,1.075,-0.097,0.671,0.000,162,W,0,,,,1108756,555.38,0
1109,2643.973,"Mount",0.385,-0.296,0.476,0.097,0.347,0.000,84,W,0,,,,1117638,560.25,0
1110,2646.359,"Mount",0.029,0.130,-0.031,-0.130,0.000,0.000,0,,0,,,,1002568,541.12,0
1111,2648.566,"Mount",-0.082,0.054,-0.097,-0.013,0.000,0.000,0,,0,,,,1031309,555.97,0
1112,2650.958,"Mount",-0.100,0.018,-0.097,0.027,0.000,0.000,0,,0,,,,1026625,526.32,0
1113,2653.229,"Mount",-0.304,0.051,-0.296,0.088,-0.186,0.000,45,E,0,,,,1092220,585.35,0
1114,2655.581,"Mount",-0.021,0.069,-0.049,-0.053,0.000,0.000,0,,0,,,,1061275,568.24,0
1115,2657.845,"Mount",-0.203,0.163,-0.255,-0.058,-0.160,0.000,39,E,0,,,,1068591,611.67,0
1116,2660.347,"Mount",-0.067,-0.018,-0.052,0.045,0.000,0.000,0,,0,,,,1038320,589.05,0
1117,2662.661,"Mount",-0.245,0.153,-0.287,-0.030,-0.181,0.000,44,E,0,,,,1067859,598.55,0
1118,2665.007,"Mount",-0.051,0.081,-0.081,-0.051,0.000,0.000,0,,0,,,,1077898,614.12,0
1119,2667.341,"Mount",-0.207,0.121,-0.239,-0.018,-0.150,0.000,36,E,0,,,,1035603,536.10,0
1120,2669.710,"Mount",0.013,-0.031,0.025,0.022,0.000,0.000,0,,0,,,,1066378,553.71,0
1121,2672.005,"Mount",-0.241,0.200,-0.304,-0.075,-0.192,0.000,46,E,0,,,,1061599,566.59,0
1122,2674.484,"Mount",-0.222,0.070,-0.230,0.035,-0.159,0.000,38,E,0,,,,1073079,579.74,0
1123,2676.829,"Mount",-0.350,0.228,-0.414,-0.051,-0.272,0.000,66,E,0,,,,1021619,572.60,0
1124,2679.269,"Mount",0.209,-0.036,0.203,-0.060,0.109,0.000,26,W,0,,,,1047189,563.34,0
1125,2681.474,"Mount",-0.011,-0.019,-0.001,0.021,0.000,0.000,0,,0,,,,1148403,625.50,0
1126,2683.933,"Mount",-0.176,0.050,-0.180,0.033,-0.113,0.000,27,E,0,,,,1014711,553.94,0
1127,2686.139,"Mount",0.003,-0.030,0.015,0.025,0.000,0.000,0,,0,,,,1077461,580.36,0
1128,2688.565,"Mount",0.045,-0.117,0.092,0.085,0.000,0.000,0,,0,,,,1062915,582.76,0
1129,2690.783,"Mount",-0.042,-0.195,0.048,0.194,0.000,0.000,0,,0,,,,1123216,589.54,0
1130,2693.237,"Mount",-0.222,0.067,-0.229,0.037,-0.145,0.000,35,E,0,,,,1134517,602.70,0
1131,2695.517,"Mount",-0.185,0.351,-0.320,-0.234,-0.212,0.000,51,E,0,,,,1117164,539.97,0
1132,2697.856,"Mount",-0.036,0.059,-0.059,-0.038,0.000,0.000,0,,0,,,,1083405,576.80,0
1133,2700.270,"Mount",-0.361,-0.073,-0.292,0.224,-0.184,0.224,44,E,47,S,,,1094174,606.19,0
1134,2702.773,"Mount",0.488,-0.438,0.631,0.179,0.384,0.000,93,W,0,,,,1038510,589.33,0
1135,2705.017,"Mount",0.039,-0.148,0.100,0.116,0.000,0.000,0,,0,,,,1124337,583.52,0
1136,2707.462,"Mount",0.068,-0.136,0.120,0.093,0.000,0.000,0,,0,,,,1045261,612.80,0
1137,2709.717,"Mount",0.127,-0.208,0.205,0.131,0.129,0.000,31,W,0,,,,1056011,614.27,0
1138,2712.170,"Mount",-0.267,0.090,-0.280,0.037,-0.167,0.000,40,E,0,,,,1092080,637.33,0
1139,2714.470,"Mount",-0.304,-0.003,-0.272,0.136,-0.183,0.000,44,E,0,,,,1100154,611.77,0
1140,2716.996,"Mount",-0.425,-0.018,-0.374,0.203,-0.248,0.203,60,E,43,S,,,1055330,550.60,0
1141,2719.247,"Mount",-0.154,-0.118,-0.087,0.173,0.000,0.000,0,,0,,,,1068570,599.76,0
1142,2721.693,"Mount",-0.231,0.247,-0.316,-0.121,-0.199,0.000,48,E,0,,,,1071649,647.03,0
1143,2723.901,"Mount",0.037,0.115,-0.017,-0.119,0.000,0.000,0,,0,,,,1098345,570.47,0
1144,2726.346,"Mount",0.439,0.066,0.366,-0.252,0.230,0.000,56,W,0,,,,1057951,532.02,0
1145,2728.725,"Mount",0.499,-0.049,0.469,-0.175,0.312,0.000,75,W,0,,,,1100919,633.87,0
1146,2731.229,"Mount",0.689,0.085,0.582,-0.379,0.389,0.000,94,W,0,,,,1083411,569.55,0
1147,2733.541,"Mount",0.219,0.090,0.157,-0.177,0.126,0.000,31,W,0,,,,1050663,547.32,0
1148,2735.852,"Mount",0.042,0.351,-0.116,-0.333,0.000,0.000,0,,0,,,,1108951,611.95,0
1149,2738.813,"Mount",0.004,0.345,-0.148,-0.312,-0.093,-0.312,23,E,600,N,,,1066462,536.34,0
1150,2741.365,"Mount",-0.623,0.087,-0.597,0.195,-0.383,0.000,92,E,0,,,,1075848,547.06,0
1151,2743.662,"Mount",-0.153,0.093,-0.178,-0.017,-0.139,0.000,34,E,0,,,,1139435,594.21,0
1152,2746.220,"Mount",0.449,0.026,0.392,-0.221,0.237,-0.221,57,W,46,N,,,1037878,615.96,0
1153,2748.591,"Mount",0.453,-0.125,0.462,-0.086,0.307,0.000,74,W,0,,,,1078383,564.93,0
1154,2751.013,"Mount",0.307,-0.102,0.321,-0.043,0.224,0.000,54,W,0,,,,1046192,609.01,0
1155,2753.461,"Mount",0.301,0.030,0.257,-0.159,0.178,0.000,43,W,0,,,,1075219,575.42,0
1156,2755.808,"Mount",0.003,0.154,-0.065,-0.140,0.000,0.000,0,,0,,,,1125057,630.25,0
1157,2757.998,"Mount",-0.058,-0.132,0.006,0.144,0.000,0.000,0,,0,,,,1114150,541.00,0
1158,2760.494,"Mount",0.175,-0.082,0.193,-0.004,0.122,0.000,29,W,0,,,,1098359,602.50,0
1159,2762.730,"Mount",0.076,0.114,0.018,-0.136,0.000,0.000,0,,0,,,,1055093,544.48,0
1160,2765.245,"Mount",-0.073,0.191,-0.149,-0.139,-0.094,0.000,23,E,0,,,,1137951,630.34,0
1161,2767.549,"Mount",-0.115,0.096,-0.146,-0.036,-0.099,0.000,24,E,0,,,,1128533,584.26,0
1162,2769.949,"Mount",0.137,-0.120,0.176,0.048,0.104,0.000,25,W,0,,,,1097709,536.25,0
1163,2772.262,"Mount",0.457,-0.381,0.578,0.142,0.371,0.000,90,W,0,,,,1011242,503.63,0
1164,2774.674,"Mount",-0.010,-0.033,0.005,0.034,0.000,0.000,0,,0,,,,1038442,541.02,0
1165,2776.880,"Mount",0.134,0.076,0.087,-0.127,0.000,0.000,0,,0,,,,1138505,629.20,0
1166,2779.289,"Mount",-0.054,0.082,-0.084,-0.050,0.000,0.000,0,,0,,,,1079845,586.73,0
1167,2781.531,"Mount",-0.043,0.123,-0.093,-0.092,0.000,0.000,0,,0,,,,1025180,572.72,0
1168,2784.197,"Mount",-0.581,0.512,-0.747,-0.205,-0.471,-0.205,114,E,43,N,,,1030628,494.79,0
1169,2786.812,"Mount",-0.309,0.104,-0.323,0.042,-0.237,0.000,57,E,0,,,,1025630,553.67,0
1170,2789.237,"Mount",0.109,-0.052,0.121,-0.001,0.000,0.000,0,,0,,,,1097096,613.66,0
1171,2791.510,"Mount",0.312,-0.084,0.317,-0.061,0.200,0.000,48,W,0,,,,1035279,548.25,0
1172,2793.966,"Mount",-0.099,-0.043,-0.070,0.082,0.000,0.000,0,,0,,,,1053785,591.92,0
1173,2796.214,"Mount",0.171,-0.003,0.155,-0.073,0.097,0.000,24,W,0,,,,1059138,572.98,0
INFO: SET LOCK POSITION, new lock pos = 978.780, 212.996
INFO: DITHER by -3.809, -4.953, new lock pos = 977.531, 219.119
INFO: SETTLING STATE CHANGE, Settling started
1174,2801.778,"Mount",1.249,-6.122,3.809,4.953,3.809,4.953,920,W,1587,S,,,1069775,562.26,0
1175,2804.525,"Mount",-1.160,-0.421,-0.858,0.888,-0.540,0.888,131,E,186,S,,,1033463,478.40,0
1176,2806.885,"Mount",-0.510,0.011,-0.463,0.214,-0.330,0.214,80,E,45,S,,,1131128,594.99,0
1177,2809.285,"Mount",-0.106,0.515,-0.321,-0.416,-0.226,0.000,54,E,0,,,,1053977,547.30,0
1178,2812.335,"Mount",-0.264,0.861,-0.615,-0.658,-0.403,-0.658,97,E,685,N,,,1069546,558.25,0
INFO: SETTLING STATE CHANGE, Settling complete
1179,2814.789,"Mount",0.044,0.382,-0.128,-0.363,0.000,-0.363,0,,76,N,,,1028685,619.81,0
1180,2817.188,"Mount",-0.045,0.279,-0.163,-0.231,-0.103,-0.231,25,E,49,N,,,1056831,580.44,0
1181,2819.701,"Mount",0.158,0.356,-0.014,-0.389,0.000,-0.389,0,,82,N,,,1024917,537.73,0
1182,2822.045,"Mount",-0.018,0.309,-0.152,-0.269,-0.096,-0.269,23,E,57,N,,,1024648,584.22,0
1183,2824.525,"Mount",0.025,0.339,-0.126,-0.315,0.000,-0.315,0,,66,N,,,1026003,557.87,0
1184,2826.981,"Mount",-0.315,0.498,-0.502,-0.309,-0.316,-0.309,76,E,65,N,,,1045656,571.89,0
1185,2829.493,"Mount",-0.284,0.270,-0.374,-0.118,-0.258,0.000,62,E,0,,,,1025888,509.55,0
1186,2831.728,"Mount",-0.037,0.027,-0.045,-0.008,0.000,0.000,0,,0,,,,1062360,554.38,0
1187,2834.189,"Mount",-0.189,0.182,-0.250,-0.081,-0.158,0.000,38,E,0,,,,1017279,561.48,0
1188,2836.541,"Mount",0.112,0.191,0.017,-0.221,0.000,-0.221,0,,46,N,,,1139638,593.88,0
1189,2838.885,"Mount",-0.091,-0.091,-0.042,0.122,0.000,0.000,0,,0,,,,1083695,575.56,0
1190,2841.082,"Mount",-0.015,-0.139,0.048,0.131,0.000,0.000,0,,0,,,,1060011,546.87,0
1191,2843.525,"Mount",-0.222,0.277,-0.321,-0.152,-0.202,0.000,49,E,0,,,,1009420,537.78,0
1192,2846.165,"Mount",-0.360,0.287,-0.450,-0.100,-0.297,0.000,72,E,0,,,,1088656,604.89,0
1193,2848.558,"Mount",0.103,0.087,0.055,-0.123,0.000,0.000,0,,0,,,,1079038,555.35,0
1194,2850.791,"Mount",0.173,0.081,0.120,-0.149,0.000,0.000,0,,0,,,,1065479,592.40,0
1195,2853.229,"Mount",0.162,0.047,0.125,-0.113,0.000,0.000,0,,0,,,,1077817,604.10,0
1196,2855.395,"Mount",-0.011,-0.078,0.025,0.075,0.000,0.000,0,,0,,,,1106233,636.19,0
1197,2857.789,"Mount",0.120,-0.119,0.160,0.055,0.101,0.000,24,W,0,,,,1118587,564.51,0
1198,2860.084,"Mount",-0.023,-0.101,0.024,0.101,0.000,0.000,0,,0,,,,1042105,561.54,0
1199,2862.549,"Mount",-0.177,0.027,-0.171,0.054,-0.108,0.000,26,E,0,,,,1059236,570.39,0
1200,2864.855,"Mount",-0.383,0.196,-0.430,-0.008,-0.278,0.000,67,E,0,,,,1086946,627.26,0
1201,2867.333,"Mount",-0.331,0.071,-0.329,0.082,-0.226,0.000,55,E,0,,,,1150919,613.91,0
1202,2869.546,"Mount",0.095,0.011,0.081,-0.051,0.000,0.000,0,,0,,,,1091991,565.63,0
1203,2871.925,"Mount",-0.134,0.037,-0.137,0.026,-0.086,0.000,21,E,0,,,,1097297,550.88,0
1204,2874.189,"Mount",0.147,-0.098,0.175,0.024,0.104,0.000,25,W,0,,,,1084908,594.59,0
1205,2876.546,"Mount",-0.042,0.032,-0.052,-0.010,0.000,0.000,0,,0,,,,1114074,620.83,0
1206,2878.829,"Mount",0.196,0.012,0.171,-0.097,0.107,0.000,26,W,0,,,,1087429,576.28,0
1207,2881.215,"Mount",0.098,0.041,0.070,-0.080,0.000,0.000,0,,0,,,,1160132,580.83,0
1208,2883.533,"Mount",0.381,-0.253,0.453,0.061,0.285,0.000,69,W,0,,,,1181372,612.08,0
1209,2885.925,"Mount",-0.152,0.021,-0.145,0.048,-0.072,0.000,17,E,0,,,,1162384,585.88,0
1210,2888.221,"Mount",-0.148,0.082,-0.169,-0.008,-0.112,0.000,27,E,0,,,,1161750,599.90,0
1211,2890.741,"Mount",0.139,-0.542,0.363,0.426,0.221,0.000,53,W,0,,,,1122580,585.19,0
1212,2893.007,"Mount",0.185,-0.071,0.198,-0.017,0.140,0.000,34,W,0,,,,1147371,610.34,0
1213,2895.363,"Mount",0.046,-0.085,0.079,0.057,0.000,0.000,0,,0,,,,1085211,616.07,0
1214,2897.677,"Mount",-0.289,-0.148,-0.194,0.260,-0.123,0.000,30,E,0,,,,1039606,533.18,0
1215,2900.062,"Mount",-0.097,-0.019,-0.079,0.060,0.000,0.000,0,,0,,,,1003530,510.10,0
1216,2902.255,"Mount",-0.004,-0.088,0.035,0.081,0.000,0.000,0,,0,,,,1065101,587.76,0
1217,2904.725,"Mount",-0.156,0.037,-0.156,0.035,-0.098,0.000,24,E,0,,,,1162887,639.28,0
1218,2907.053,"Mount",-0.321,-0.173,-0.212,0.296,-0.141,0.000,34,E,0,,,,1081377,539.39,0
1219,2910.069,"Mount",-0.252,-0.222,-0.129,0.310,0.000,0.310,0,,628,S,,,1030826,560.72,0
1220,2912.461,"Mount",-0.186,-0.166,-0.094,0.231,0.000,0.231,0,,49,S,,,1064445,595.54,0
1221,2915.045,"Mount",-0.504,-0.203,-0.364,0.403,-0.229,0.403,55,E,85,S,,,1079836,586.95,0
1222,2917.477,"Mount",-0.478,-0.252,-0.319,0.436,-0.217,0.436,52,E,92,S,,,1120355,644.72,0
1223,2919.865,"Mount",0.109,-0.053,0.122,0.000,0.000,0.000,0,,0,,,,1078491,542.20,0
1224,2922.109,"Mount",0.218,-0.024,0.206,-0.074,0.130,0.000,31,W,0,,,,1079791,548.03,0
1225,2924.552,"Mount",0.044,0.080,0.005,-0.091,0.000,0.000,0,,0,,,,1104347,572.56,0
1226,2926.739,"Mount",-0.033,-0.158,0.040,0.156,0.000,0.000,0,,0,,,,1056529,590.40,0
1227,2929.285,"Mount",-0.709,0.222,-0.734,0.112,-0.463,0.000,112,E,0,,,,1104759,593.70,0
1228,2931.613,"Mount",-0.377,-0.017,-0.331,0.181,-0.241,0.000,58,E,0,,,,1096501,611.54,0
1229,2934.037,"Mount",-0.351,0.101,-0.360,0.063,-0.244,0.000,59,E,0,,,,1002355,550.46,0
1230,2936.238,"Mount",-0.143,-0.057,-0.103,0.114,0.000,0.000,0,,0,,,,1055113,547.91,0
1231,2938.885,"Mount",-0.387,-0.135,-0.288,0.291,-0.182,0.291,44,E,61,S,,,1037979,543.87,0
1232,2941.293,"Mount",0.135,-0.374,0.286,0.277,0.167,0.277,40,W,58,S,,,1083776,525.33,0
1233,2944.077,"Mount",0.180,-0.353,0.317,0.238,0.212,0.238,51,W,50,S,,,1001574,566.78,0
1234,2946.330,"Mount",0.015,-0.173,0.089,0.149,0.000,0.000,0,,0,,,,1076372,521.15,0
1235,2948.845,"Mount",-0.217,-0.583,0.061,0.619,0.000,0.619,0,,130,S,,,1046573,563.33,0
1236,2951.064,"Mount",-0.041,-0.098,0.007,0.106,0.000,0.000,0,,0,,,,1048096,514.65,0
1237,2953.621,"Mount",-0.208,-0.194,-0.102,0.265,0.000,0.265,0,,56,S,,,1114830,614.83,0
1238,2955.812,"Mount",-0.093,-0.010,-0.079,0.049,0.000,0.000,0,,0,,,,1133578,602.44,0
1239,2958.175,"Mount",-0.091,0.059,-0.108,-0.013,0.000,0.000,0,,0,,,,1046758,540.03,0
1240,2960.491,"Mount",-0.191,0.141,-0.234,-0.043,-0.147,0.000,36,E,0,,,,1060635,581.72,0
1241,2962.917,"Mount",-0.339,-0.026,-0.293,0.172,-0.195,0.000,47,E,0,,,,1021247,571.23,0
1242,2965.182,"Mount",-0.149,0.014,-0.140,0.053,-0.102,0.000,25,E,0,,,,1067040,569.54,0
1243,2967.595,"Mount",0.120,-0.006,0.110,-0.048,0.000,0.000,0,,0,,,,997087,506.27,0
1244,2969.879,"Mount",-0.114,0.125,-0.157,-0.062,-0.099,0.000,24,E,0,,,,1081851,601.05,0
1245,2972.342,"Mount",-0.474,0.086,-0.463,0.131,-0.299,0.000,72,E,0,,,,1100360,594.52,0
1246,2974.645,"Mount",-0.316,-0.027,-0.272,0.163,-0.192,0.000,46,E,0,,,,1065906,587.82,0
1247,2977.125,"Mount",-0.257,0.015,-0.238,0.099,-0.163,0.000,39,E,0,,,,1049089,588.70,0
1248,2979.613,"Mount",-0.275,-0.218,-0.151,0.317,-0.107,0.317,26,E,67,S,,,1161722,580.70,0
1249,2981.956,"Mount",-0.043,-0.032,-0.025,0.048,0.000,0.000,0,,0,,,,1051651,575.45,0
1250,2984.290,"Mount",-0.227,0.238,-0.308,-0.115,-0.194,0.000,47,E,0,,,,964720,551.61,0
1251,2986.710,"Mount",0.283,0.029,0.241,-0.151,0.138,0.000,33,W,0,,,,1129017,593.50,0
1252,2988.973,"Mount",-0.211,0.078,-0.224,0.022,-0.131,0.000,32,E,0,,,,1132461,568.32,0
1253,2991.433,"Mount",0.107,0.021,0.087,-0.065,0.000,0.000,0,,0,,,,1072728,553.05,0
1254,2993.733,"Mount",-0.407,0.389,-0.537,-0.171,-0.338,0.000,82,E,0,,,,1081894,617.13,0
1255,2996.093,"Mount",0.008,0.072,-0.025,-0.068,0.000,0.000,0,,0,,,,1066452,563.42,0
1256,2998.457,"Mount",-0.239,0.105,-0.261,0.010,-0.165,0.000,40,E,0,,,,1075419,573.70,0
1257,3000.816,"Mount",0.127,0.012,0.109,-0.066,0.000,0.000,0,,0,,,,1127745,639.58,0
1258,3003.061,"Mount",0.209,-0.095,0.229,-0.006,0.145,0.000,35,W,0,,,,1066353,556.35,0
1259,3005.485,"Mount",0.019,-0.251,0.127,0.217,0.000,0.217,0,,46,S,,,1108153,588.72,0
1260,3007.714,"Mount",-0.171,-0.090,-0.114,0.155,0.000,0.000,0,,0,,,,1139339,583.53,0
1261,3010.097,"Mount",0.068,0.034,0.046,-0.061,0.000,0.000,0,,0,,,,1117485,592.49,0
1262,3012.310,"Mount",0.131,0.167,0.044,-0.207,0.000,0.000,0,,0,,,,1056409,565.16,0
1263,3014.683,"Mount",-0.022,0.202,-0.109,-0.172,0.000,0.000,0,,0,,,,1076714,595.51,0
1264,3017.029,"Mount",-0.301,0.332,-0.416,-0.166,-0.262,0.000,63,E,0,,,,1064416,601.30,0
1265,3019.389,"Mount",-0.012,0.157,-0.080,-0.136,0.000,0.000,0,,0,,,,1104184,634.12,0
1266,3021.588,"Mount",0.071,0.198,-0.023,-0.209,0.000,0.000,0,,0,,,,1085315,640.51,0
1267,3023.972,"Mount",0.051,0.068,0.016,-0.083,0.000,0.000,0,,0,,,,1109481,602.32,0
1268,3026.373,"Mount",0.211,0.046,0.170,-0.134,0.107,0.000,26,W,0,,,,1088649,566.45,0
1269,3029.589,"Mount",0.653,0.002,0.586,-0.289,0.377,-0.289,91,W,641,N,,,1076092,586.63,0
1270,3032.109,"Mount",0.804,-0.038,0.739,-0.319,0.492,-0.319,119,W,67,N,,,1075091,593.11,0
1271,3034.581,"Mount",-0.632,-0.014,-0.562,0.290,-0.320,0.000,77,E,0,,,,1052582,591.45,0
1272,3036.835,"Mount",0.096,0.033,0.072,-0.071,0.000,0.000,0,,0,,,,1111890,538.54,0
1273,3039.171,"Mount",0.018,0.070,-0.014,-0.071,0.000,0.000,0,,0,,,,1064326,562.61,0
1274,3041.469,"Mount",0.089,-0.264,0.196,0.199,0.123,0.000,30,W,0,,,,1067878,566.78,0
1275,3043.841,"Mount",-0.053,-0.250,0.062,0.248,0.000,0.000,0,,0,,,,1067286,553.74,0
1276,3046.018,"Mount",0.086,0.029,0.065,-0.064,0.000,0.000,0,,0,,,,1059571,571.76,0
1277,3048.379,"Mount",0.068,-0.059,0.087,0.023,0.000,0.000,0,,0,,,,1085176,584.45,0
1278,3050.765,"Mount",0.392,-0.180,0.432,-0.011,0.272,0.000,66,W,0,,,,1105008,580.41,0
1279,3053.357,"Mount",0.160,-0.256,0.256,0.159,0.180,0.000,44,W,0,,,,1128254,595.02,0
1280,3055.539,"Mount",0.006,-0.093,0.046,0.081,0.000,0.000,0,,0,,,,1009874,541.76,0
1281,3057.957,"Mount",-0.126,0.067,-0.143,-0.005,-0.090,0.000,22,E,0,,,,1067440,597.53,0
1282,3060.269,"Mount",-0.112,0.147,-0.165,-0.083,-0.110,0.000,27,E,0,,,,1068323,609.47,0
1283,3062.717,"Mount",0.213,-0.005,0.194,-0.089,0.114,0.000,28,W,0,,,,1074318,562.63,0
1284,3065.023,"Mount",0.168,0.080,0.116,-0.146,0.000,0.000,0,,0,,,,1117774,602.50,0
1285,3067.371,"Mount",0.131,-0.015,0.125,-0.044,0.000,0.000,0,,0,,,,1105199,591.18,0
1286,3069.669,"Mount",-0.168,0.027,-0.163,0.049,-0.103,0.000,25,E,0,,,,1085789,576.64,0
1287,3072.134,"Mount",0.433,-0.233,0.491,0.019,0.302,0.000,73,W,0,,,,1038988,567.69,0
1288,3074.455,"Mount",0.223,-0.161,0.271,0.047,0.192,0.000,46,W,0,,,,1182215,639.55,0
1289,3076.933,"Mount",-0.716,-0.049,-0.622,0.358,-0.378,0.000,91,E,0,,,,1139630,608.26,0
1290,3079.293,"Mount",-0.802,0.181,-0.800,0.189,-0.530,0.000,128,E,0,,,,1091808,566.92,0
1291,3081.741,"Mount",0.275,-0.047,0.267,-0.079,0.131,0.000,32,W,0,,,,1097033,581.89,0
1292,3084.046,"Mount",-0.343,0.123,-0.362,0.040,-0.219,0.000,53,E,0,,,,1166329,617.51,0
1293,3086.590,"Mount",0.052,-0.291,0.174,0.239,0.095,0.000,23,W,0,,,,1081370,596.67,0
1294,3088.849,"Mount",-0.281,-0.078,-0.218,0.193,-0.131,0.000,32,E,0,,,,1145090,602.10,0
1295,3091.285,"Mount",0.229,-0.295,0.336,0.165,0.202,0.000,49,W,0,,,,1053884,546.91,0
1296,3094.197,"Mount",-0.142,-0.243,-0.021,0.281,0.000,0.281,0,,639,S,,,1092290,566.55,0
1297,3097.629,"Mount",0.763,0.812,0.330,-1.064,0.208,-1.064,50,W,804,N,,,1158477,607.50,0
1298,3100.093,"Mount",0.586,0.932,0.118,-1.095,0.000,-1.095,0,,230,N,,,1123057,607.01,0
1299,3102.861,"Mount",-0.055,1.270,-0.607,-1.117,-0.382,-1.117,92,E,235,N,,,1110594,569.48,0
1300,3105.581,"Mount",0.146,0.605,-0.135,-0.608,-0.112,-0.608,27,E,128,N,,,1140076,606.62,0
1301,3108.141,"Mount",-0.177,0.579,-0.413,-0.443,-0.268,-0.443,65,E,93,N,,,1089694,537.81,0
1302,3110.581,"Mount",-0.414,0.552,-0.614,-0.314,-0.405,-0.314,98,E,66,N,,,1158424,589.34,0
1303,3113.069,"Mount",0.114,0.313,-0.035,-0.331,0.000,-0.331,0,,70,N,,,1142636,611.68,0
1304,3115.501,"Mount",0.345,0.132,0.252,-0.270,0.159,-0.270,38,W,57,N,,,1146841,600.84,0
1305,3118.037,"Mount",0.025,0.362,-0.136,-0.336,-0.075,-0.336,18,E,71,N,,,1088676,579.66,0
1306,3120.470,"Mount",-0.742,-0.092,-0.626,0.409,-0.400,0.000,97,E,0,,,,1243236,630.96,0
1307,3122.893,"Mount",-0.260,0.284,-0.358,-0.141,-0.254,0.000,61,E,0,,,,1073784,592.92,0
1308,3125.375,"Mount",-0.196,0.480,-0.387,-0.345,-0.261,-0.345,63,E,72,N,,,1189567,588.91,0
1309,3127.733,"Mount",0.133,0.000,0.119,-0.059,0.000,0.000,0,,0,,,,1121393,613.12,0
1310,3129.989,"Mount",-0.350,0.214,-0.408,-0.039,-0.257,0.000,62,E,0,,,,1114503,612.86,0
1311,3132.405,"Mount",-0.172,-0.013,-0.149,0.088,-0.112,0.000,27,E,0,,,,1171971,623.67,0
1312,3134.717,"Mount",-0.328,-0.082,-0.259,0.218,-0.171,0.000,41,E,0,,,,1107903,604.07,0
1313,3137.173,"Mount",0.173,-0.191,0.239,0.096,0.139,0.000,33,W,0,,,,1123965,574.63,0
1314,3139.469,"Mount",-0.466,0.247,-0.527,-0.017,-0.322,0.000,78,E,0,,,,1164360,545.41,0
1315,3141.809,"Mount",-0.041,0.025,-0.048,-0.005,0.000,0.000,0,,0,,,,1169613,610.43,0
1316,3144.157,"Mount",-0.346,0.135,-0.370,0.031,-0.233,0.000,56,E,0,,,,1114191,625.64,0
1317,3146.782,"Mount",-0.217,-0.084,-0.158,0.171,-0.116,0.000,28,E,0,,,,1120366,587.27,0
1318,3149.093,"Mount",-0.392,-0.012,-0.347,0.183,-0.227,0.000,55,E,0,,,,1145266,618.16,0
1319,3151.501,"Mount",-0.124,0.044,-0.131,0.015,-0.098,0.000,24,E,0,,,,1096629,629.85,0
1320,3153.799,"Mount",0.005,0.078,-0.030,-0.072,0.000,0.000,0,,0,,,,1110381,594.58,0
1321,3156.229,"Mount",0.178,-0.187,0.242,0.090,0.153,0.000,37,W,0,,,,1152116,589.51,0
1322,3158.451,"Mount",-0.052,-0.139,0.014,0.148,0.000,0.000,0,,0,,,,1107067,558.26,0
1323,3160.776,"Mount",-0.087,-0.160,-0.008,0.182,0.000,0.000,0,,0,,,,1192874,595.97,0
1324,3163.029,"Mount",-0.212,0.087,-0.229,0.014,-0.144,0.000,35,E,0,,,,1073961,550.11,0
1325,3165.461,"Mount",-0.351,-0.041,-0.297,0.191,-0.197,0.000,48,E,0,,,,1148141,634.32,0
1326,3167.750,"Mount",-0.331,-0.084,-0.261,0.221,-0.178,0.000,43,E,0,,,,1156485,675.73,0
1327,3170.173,"Mount",-0.134,-0.107,-0.074,0.155,0.000,0.000,0,,0,,,,1111559,596.18,0
1328,3172.472,"Mount",-0.407,0.047,-0.386,0.136,-0.243,0.000,59,E,0,,,,1107760,610.29,0
1329,3174.838,"Mount",-0.081,-0.026,-0.062,0.059,0.000,0.000,0,,0,,,,1153091,612.98,0
1330,3177.117,"Mount",0.260,-0.023,0.243,-0.094,0.153,0.000,37,W,0,,,,1177827,597.46,0
1331,3179.557,"Mount",0.110,-0.214,0.193,0.144,0.132,0.000,32,W,0,,,,1087245,565.74,0
1332,3181.869,"Mount",0.226,-0.435,0.394,0.292,0.258,0.000,62,W,0,,,,1102323,551.57,0
1333,3184.222,"Mount",0.016,-0.049,0.036,0.038,0.000,0.000,0,,0,,,,1147542,635.69,0
1334,3186.479,"Mount",0.060,0.041,0.036,-0.063,0.000,0.000,0,,0,,,,1148840,615.55,0
1335,3188.809,"Mount",-0.122,0.017,-0.117,0.039,0.000,0.000,0,,0,,,,1133056,588.30,0
1336,3190.991,"Mount",-0.007,-0.087,0.032,0.081,0.000,0.000,0,,0,,,,1143206,635.98,0
1337,3193.397,"Mount",-0.192,0.001,-0.173,0.083,-0.109,0.000,26,E,0,,,,1129586,637.09,0
1338,3195.659,"Mount",-0.117,-0.205,-0.015,0.235,0.000,0.000,0,,0,,,,1086383,572.52,0
1339,3198.749,"Mount",-0.269,-0.095,-0.200,0.204,-0.126,0.204,30,E,645,S,,,1086523,563.06,0
1340,3200.928,"Mount",0.079,-0.043,0.090,0.003,0.000,0.000,0,,0,,,,1160456,602.06,0
1341,3203.383,"Mount",0.072,-0.240,0.170,0.184,0.107,0.000,26,W,0,,,,1144970,575.68,0
1342,3205.861,"Mount",-0.182,-0.431,0.026,0.467,0.000,0.467,0,,98,S,,,1141283,647.92,0
1343,3208.469,"Mount",-0.414,-0.263,-0.256,0.418,-0.162,0.418,39,E,88,S,,,1202421,618.15,0
1344,3210.805,"Mount",-0.165,-0.235,-0.045,0.284,0.000,0.284,0,,60,S,,,1121472,558.47,0
1345,3213.293,"Mount",-0.095,-0.294,0.043,0.306,0.000,0.306,0,,64,S,,,1069305,583.23,0
1346,3215.581,"Mount",-0.059,-0.335,0.094,0.327,0.000,0.327,0,,69,S,,,1173393,606.84,0
1347,3218.125,"Mount",0.137,-0.372,0.286,0.274,0.180,0.274,44,W,58,S,,,1078231,536.97,0
1348,3220.389,"Mount",0.109,-0.017,0.106,-0.033,0.000,0.000,0,,0,,,,1188545,606.92,0
1349,3223.045,"Mount",0.405,-0.604,0.629,0.365,0.396,0.365,96,W,77,S,,,1132177,571.11,0
1350,3225.373,"Mount",0.150,-0.285,0.259,0.190,0.191,0.000,46,W,0,,,,1094809,592.23,0
1351,3227.805,"Mount",-0.338,-0.013,-0.298,0.160,-0.175,0.000,42,E,0,,,,1095220,600.53,0
1352,3230.264,"Mount",-0.782,0.031,-0.716,0.315,-0.463,0.315,112,E,66,S,,,1155819,586.07,0
1353,3232.821,"Mount",-0.288,-0.207,-0.168,0.313,-0.138,0.313,33,E,66,S,,,1184591,639.19,0
1354,3235.093,"Mount",-0.291,0.051,-0.284,0.082,-0.189,0.000,46,E,0,,,,1075462,533.94,0
1355,3237.574,"Mount",0.166,-0.266,0.266,0.166,0.154,0.000,37,W,0,,,,1109441,579.33,0
1356,3239.817,"Mount",-0.079,-0.093,-0.030,0.118,0.000,0.000,0,,0,,,,1136031,584.31,0
1357,3242.333,"Mount",0.738,-0.434,0.854,0.066,0.538,0.000,130,W,0,,,,1114144,588.94,0
1358,3244.665,"Mount",0.220,-0.207,0.289,0.089,0.220,0.000,53,W,0,,,,1116063,551.36,0
1359,3247.093,"Mount",0.011,-0.254,0.122,0.224,0.000,0.224,0,,47,S,,,1052024,557.09,0
1360,3249.501,"Mount",-0.276,-0.137,-0.187,0.244,-0.118,0.244,29,E,51,S,,,1175031,628.16,0
1361,3252.005,"Mount",-0.323,-0.082,-0.254,0.215,-0.169,0.215,41,E,45,S,,,1185517,602.51,0
1362,3254.261,"Mount",-0.022,-0.017,-0.013,0.025,0.000,0.000,0,,0,,,,1230275,653.63,0
1363,3256.733,"Mount",-0.281,-0.055,-0.228,0.173,-0.143,0.000,35,E,0,,,,1156169,615.31,0
1364,3259.032,"Mount",-0.091,-0.023,-0.072,0.061,0.000,0.000,0,,0,,,,1206903,634.86,0
1365,3261.493,"Mount",0.088,-0.138,0.140,0.085,0.088,0.000,21,W,0,,,,1150862,576.96,0
1366,3263.821,"Mount",0.189,-0.142,0.232,0.044,0.152,0.000,37,W,0,,,,1105553,549.01,0
1367,3266.295,"Mount",-0.214,-0.145,-0.129,0.224,0.000,0.224,0,,47,S,,,1125509,573.94,0
1368,3268.503,"Mount",-0.146,-0.032,-0.117,0.093,0.000,0.000,0,,0,,,,1107385,606.48,0
1369,3271.029,"Mount",-0.422,-0.083,-0.343,0.260,-0.216,0.260,52,E,55,S,,,1146502,590.16,0
1370,3273.277,"Mount",-0.124,0.109,-0.159,-0.044,-0.115,0.000,28,E,0,,,,1088159,605.51,0
1371,3275.701,"Mount",-0.307,-0.011,-0.271,0.144,-0.179,0.000,43,E,0,,,,1085598,589.85,0
1372,3278.029,"Mount",0.200,-0.128,0.236,0.027,0.136,0.000,33,W,0,,,,1077822,603.31,0
1373,3280.410,"Mount",0.024,-0.148,0.086,0.123,0.000,0.000,0,,0,,,,1084708,550.60,0
1374,3282.693,"Mount",-0.029,-0.086,0.012,0.090,0.000,0.000,0,,0,,,,1078079,579.11,0
1375,3285.025,"Mount",-0.009,-0.080,0.027,0.075,0.000,0.000,0,,0,,,,1064837,585.39,0
1376,3287.325,"Mount",0.087,-0.190,0.162,0.133,0.102,0.000,25,W,0,,,,1131939,604.59,0
1377,3289.680,"Mount",-0.071,-0.106,-0.017,0.126,0.000,0.000,0,,0,,,,1149222,604.63,0
1378,3291.896,"Mount",-0.112,-0.150,-0.035,0.184,0.000,0.000,0,,0,,,,1182282,613.91,0
1379,3294.353,"Mount",-0.446,0.015,-0.407,0.183,-0.257,0.000,62,E,0,,,,1105932,636.85,0
1380,3296.741,"Mount",-0.021,-0.302,0.114,0.281,0.000,0.281,0,,59,S,,,1107313,619.64,0
1381,3299.229,"Mount",0.151,-0.013,0.141,-0.055,0.089,0.000,22,W,0,,,,1064858,527.70,0
1382,3301.696,"Mount",0.479,-0.290,0.558,0.051,0.358,0.000,86,W,0,,,,1056885,599.45,0
1383,3304.165,"Mount",0.278,-0.098,0.293,-0.033,0.209,0.000,51,W,0,,,,1132567,583.52,0
1384,3306.437,"Mount",0.215,-0.155,0.261,0.045,0.179,0.000,43,W,0,,,,1132230,585.16,0
1385,3308.829,"Mount",0.155,-0.072,0.171,-0.003,0.120,0.000,29,W,0,,,,1129976,544.09,0
1386,3311.050,"Mount",-0.045,-0.002,-0.040,0.021,0.000,0.000,0,,0,,,,1164557,625.71,0
1387,3313.637,"Mount",-0.435,-0.132,-0.333,0.310,-0.210,0.310,51,E,65,S,,,1119112,595.86,0
1388,3315.901,"Mount",-0.131,0.085,-0.155,-0.018,-0.112,0.000,27,E,0,,,,1044792,624.37,0
1389,3318.352,"Mount",0.067,-0.185,0.141,0.136,0.081,0.000,20,W,0,,,,1084524,586.12,0
1390,3320.683,"Mount",0.001,0.029,-0.012,-0.026,0.000,0.000,0,,0,,,,1079617,595.20,0
1391,3323.030,"Mount",0.063,-0.161,0.127,0.117,0.000,0.000,0,,0,,,,1103733,578.99,0
1392,3325.249,"Mount",0.019,-0.206,0.108,0.177,0.000,0.000,0,,0,,,,1100923,575.63,0
1393,3327.782,"Mount",0.662,-0.376,0.760,0.047,0.479,0.000,116,W,0,,,,1077487,584.58,0
1394,3330.157,"Mount",0.597,-0.084,0.574,-0.187,0.395,0.000,95,W,0,,,,1056639,510.58,0
1395,3332.595,"Mount",-0.040,-0.138,0.024,0.141,0.000,0.000,0,,0,,,,1049275,559.16,0
1396,3334.814,"Mount",-0.127,-0.051,-0.092,0.101,0.000,0.000,0,,0,,,,1109360,571.67,0
1397,3337.285,"Mount",-0.150,-0.179,-0.057,0.226,0.000,0.226,0,,48,S,,,1098998,575.19,0
1398,3339.505,"Mount",0.091,-0.110,0.130,0.059,0.000,0.000,0,,0,,,,1150471,593.75,0
1399,3341.997,"Mount",0.232,-0.008,0.213,-0.094,0.134,0.000,32,W,0,,,,1116859,573.33,0
1400,3344.230,"Mount",-0.149,-0.139,-0.073,0.190,0.000,0.000,0,,0,,,,1117673,615.00,0
1401,3346.661,"Mount",0.166,-0.252,0.259,0.153,0.163,0.000,39,W,0,,,,1110049,614.62,0
1402,3348.944,"Mount",0.243,-0.073,0.250,-0.041,0.169,0.000,41,W,0,,,,1071015,596.45,0
1403,3351.357,"Mount",-0.201,-0.074,-0.148,0.154,-0.082,0.000,20,E,0,,,,1124906,613.38,0
1404,3353.789,"Mount",0.167,-0.208,0.241,0.114,0.146,0.000,35,W,0,,,,1075611,560.00,0
1405,3356.158,"Mount",0.031,-0.019,0.036,0.003,0.000,0.000,0,,0,,,,1104394,534.41,0
1406,3358.392,"Mount",0.024,0.040,0.004,-0.047,0.000,0.000,0,,0,,,,1104991,554.62,0
1407,3360.925,"Mount",-0.238,-0.115,-0.164,0.207,-0.103,0.207,25,E,44,S,,,1110386,635.18,0
1408,3363.189,"Mount",-0.184,-0.255,-0.054,0.310,0.000,0.310,0,,65,S,,,1108743,599.15,0
1409,3365.534,"Mount",0.168,0.065,0.123,-0.132,0.000,0.000,0,,0,,,,1121696,628.13,0
1410,3367.718,"Mount",0.035,0.080,-0.004,-0.087,0.000,0.000,0,,0,,,,1194210,634.66,0
1411,3370.137,"Mount",-0.029,0.025,-0.037,-0.010,0.000,0.000,0,,0,,,,1134583,581.42,0
1412,3372.501,"Mount",0.177,0.053,0.136,-0.126,0.086,0.000,21,W,0,,,,1159511,557.99,0
1413,3374.928,"Mount",-0.038,0.223,-0.132,-0.184,-0.077,0.000,19,E,0,,,,1089592,582.61,0
1414,3377.114,"Mount",0.139,0.318,-0.015,-0.346,0.000,0.000,0,,0,,,,1098695,567.93,0
1415,3379.581,"Mount",-0.179,0.007,-0.164,0.072,-0.103,0.000,25,E,0,,,,1117945,601.29,0
1416,3381.925,"Mount",-0.297,-0.078,-0.233,0.200,-0.154,0.200,37,E,42,S,,,1120593,586.03,0
1417,3384.458,"Mount",-0.262,0.305,-0.369,-0.159,-0.243,0.000,59,E,0,,,,1082918,592.44,0
1418,3386.774,"Mount",0.101,0.250,-0.019,-0.269,0.000,0.000,0,,0,,,,1102632,642.72,0
1419,3389.120,"Mount",0.134,0.126,0.065,-0.172,0.000,0.000,0,,0,,,,1103158,585.28,0
1420,3391.373,"Mount",0.328,0.123,0.241,-0.255,0.152,0.000,37,W,0,,,,1139478,651.86,0
1421,3393.722,"Mount",0.194,0.151,0.108,-0.221,0.000,0.000,0,,0,,,,1092843,578.86,0
1422,3396.677,"Mount",0.315,0.108,0.236,-0.235,0.148,-0.235,36,W,671,N,,,1107306,556.30,0
1423,3399.187,"Mount",-0.256,0.107,-0.277,0.016,-0.164,0.000,40,E,0,,,,1063904,595.80,0
1424,3401.493,"Mount",-0.267,0.210,-0.332,-0.072,-0.221,0.000,53,E,0,,,,1064067,602.00,0
1425,3403.925,"Mount",-0.367,0.016,-0.337,0.147,-0.228,0.000,55,E,0,,,,1117652,596.54,0
1426,3406.120,"Mount",-0.012,-0.066,0.018,0.064,0.000,0.000,0,,0,,,,1122304,579.51,0
1427,3408.573,"Mount",-0.310,-0.046,-0.258,0.177,-0.163,0.000,39,E,0,,,,1146854,612.57,0
1428,3410.893,"Mount",-0.391,0.197,-0.437,-0.005,-0.287,0.000,69,E,0,,,,1155142,600.43,0
1429,3413.269,"Mount",-0.012,-0.138,0.050,0.129,0.000,0.000,0,,0,,,,1081477,602.26,0
1430,3415.632,"Mount",-0.157,0.011,-0.146,0.059,-0.092,0.000,22,E,0,,,,1105565,572.06,0
1431,3418.012,"Mount",-0.100,-0.091,-0.050,0.126,0.000,0.000,0,,0,,,,1068204,566.68,0
1432,3420.320,"Mount",-0.306,0.160,-0.345,-0.009,-0.217,0.000,52,E,0,,,,1101335,603.70,0
INFO: SET LOCK POSITION, new lock pos = 977.531, 219.119
INFO: DITHER by -4.911, -1.221, new lock pos = 973.654, 222.371
INFO: SETTLING STATE CHANGE, Settling started
1433,3425.608,"Mount",3.877,-3.252,4.911,1.221,4.911,1.221,1186,W,878,S,,,1094517,579.96,0
1434,3428.476,"Mount",-1.286,0.490,-1.371,0.124,-0.864,0.000,209,E,0,,,,1031284,530.84,0
1435,3430.773,"Mount",-0.444,0.233,-0.501,-0.015,-0.376,0.000,91,E,0,,,,1064998,546.58,0
1436,3433.104,"Mount",0.002,0.070,-0.029,-0.064,0.000,0.000,0,,0,,,,1119907,538.44,0
1437,3435.333,"Mount",0.173,-0.097,0.198,0.011,0.124,0.000,30,W,0,,,,1112252,565.97,0
1438,3437.797,"Mount",-0.648,-0.080,-0.547,0.356,-0.336,0.000,81,E,0,,,,1134163,569.10,0
INFO: SETTLING STATE CHANGE, Settling complete
1439,3440.077,"Mount",-0.318,-0.243,-0.179,0.358,-0.136,0.000,33,E,0,,,,1109357,598.27,0
1440,3442.901,"Mount",-0.350,0.009,-0.319,0.146,-0.210,0.000,51,E,0,,,,1066353,546.55,0
1441,3445.213,"Mount",-0.057,-0.240,0.054,0.241,0.000,0.241,0,,51,S,,,1067173,562.15,0
1442,3447.669,"Mount",0.189,-0.008,0.173,-0.076,0.109,0.000,26,W,0,,,,1043150,546.68,0
1443,3449.869,"Mount",-0.164,0.007,-0.150,0.065,-0.087,0.000,21,E,0,,,,1101643,559.54,0
1444,3452.235,"Mount",-0.048,-0.030,-0.030,0.048,0.000,0.000,0,,0,,,,1056422,599.03,0
1445,3454.425,"Mount",0.063,-0.028,0.069,-0.002,0.000,0.000,0,,0,,,,1049411,568.81,0
1446,3456.901,"Mount",0.123,-0.085,0.148,0.023,0.093,0.000,23,W,0,,,,1124206,520.07,0
1447,3459.098,"Mount",0.099,-0.022,0.099,-0.023,0.000,0.000,0,,0,,,,1074190,540.24,0
1448,3461.573,"Mount",-0.297,0.154,-0.335,-0.008,-0.211,0.000,51,E,0,,,,1093611,562.42,0
1449,3463.768,"Mount",-0.008,-0.120,0.046,0.111,0.000,0.000,0,,0,,,,1031142,565.79,0
1450,3466.105,"Mount",-0.139,-0.064,-0.096,0.119,0.000,0.000,0,,0,,,,1084919,532.19,0
1451,3468.573,"Mount",-0.407,-0.090,-0.326,0.260,-0.205,0.260,50,E,55,S,,,1121093,522.98,0
1452,3470.981,"Mount",-0.161,-0.163,-0.073,0.217,0.000,0.217,0,,46,S,,,1107267,540.19,0
1453,3473.277,"Mount",-0.063,0.171,-0.132,-0.126,-0.083,0.000,20,E,0,,,,1065997,548.10,0
1454,3475.616,"Mount",0.183,0.308,0.029,-0.357,0.000,0.000,0,,0,,,,1051837,523.41,0
1455,3478.070,"Mount",0.417,0.030,0.362,-0.210,0.228,0.000,55,W,0,,,,1062028,564.12,0
1456,3481.447,"Mount",0.659,0.399,0.417,-0.648,0.279,-0.648,67,W,758,N,,,1060328,600.02,0
1457,3483.982,"Mount",0.299,0.140,0.208,-0.257,0.150,-0.257,36,W,54,N,,,1133254,531.14,0
1458,3486.421,"Mount",0.068,0.194,-0.024,-0.205,0.000,-0.205,0,,43,N,,,1104063,526.33,0
1459,3488.661,"Mount",0.061,0.110,0.006,-0.126,0.000,0.000,0,,0,,,,1123251,578.53,0
1460,3491.181,"Mount",-0.092,0.312,-0.220,-0.240,-0.138,-0.240,33,E,50,N,,,1068027,536.72,0
1461,3493.462,"Mount",-0.228,0.324,-0.347,-0.191,-0.228,0.000,55,E,0,,,,1056006,561.12,0
1462,3495.853,"Mount",-0.143,0.055,-0.153,0.014,-0.112,0.000,27,E,0,,,,1045989,568.67,0
1463,3498.045,"Mount",-0.067,0.120,-0.113,-0.078,0.000,0.000,0,,0,,,,1076951,541.81,0
1464,3500.421,"Mount",-0.102,0.068,-0.121,-0.017,0.000,0.000,0,,0,,,,1115742,524.99,0
1465,3502.717,"Mount",0.266,-0.098,0.283,-0.028,0.178,0.000,43,W,0,,,,1151330,532.58,0
1466,3505.229,"Mount",-0.077,0.273,-0.189,-0.211,-0.107,-0.211,26,E,44,N,,,1051699,559.50,0
1467,3507.513,"Mount",0.066,0.005,0.058,-0.033,0.000,0.000,0,,0,,,,1074045,544.29,0
1468,3509.946,"Mount",-0.350,-0.096,-0.272,0.240,-0.172,0.000,41,E,0,,,,1087503,547.29,0
1469,3512.146,"Mount",0.049,-0.028,0.056,0.004,0.000,0.000,0,,0,,,,1161949,539.50,0
1470,3514.629,"Mount",-0.106,0.179,-0.174,-0.115,-0.109,0.000,26,E,0,,,,1024428,512.65,0
1471,3516.917,"Mount",0.038,0.332,-0.112,-0.315,0.000,-0.315,0,,66,N,,,1121793,526.47,0
1472,3519.425,"Mount",0.001,0.054,-0.023,-0.049,0.000,0.000,0,,0,,,,1084264,547.72,0
1473,3521.622,"Mount",0.027,-0.068,0.054,0.049,0.000,0.000,0,,0,,,,1171685,558.08,0
1474,3524.100,"Mount",-0.116,0.001,-0.105,0.050,0.000,0.000,0,,0,,,,1107150,577.49,0
1475,3526.296,"Mount",0.089,0.125,0.026,-0.151,0.000,0.000,0,,0,,,,1125111,503.52,0
1476,3528.662,"Mount",0.127,-0.032,0.128,-0.027,0.000,0.000,0,,0,,,,1099080,543.43,0
1477,3530.895,"Mount",-0.198,-0.116,-0.127,0.191,0.000,0.000,0,,0,,,,1169871,571.90,0
1478,3533.350,"Mount",-0.374,0.261,-0.450,-0.071,-0.284,0.000,69,E,0,,,,1076319,543.92,0
1479,3535.597,"Mount",-0.159,0.121,-0.196,-0.039,-0.143,0.000,35,E,0,,,,1066044,540.98,0
1480,3538.117,"Mount",0.028,0.060,-0.001,-0.067,0.000,0.000,0,,0,,,,1068202,550.62,0
1481,3540.597,"Mount",0.195,-0.235,0.278,0.125,0.175,0.000,42,W,0,,,,1059816,577.17,0
1482,3542.942,"Mount",0.054,-0.052,0.071,0.023,0.000,0.000,0,,0,,,,1102721,520.58,0
1483,3545.339,"Mount",0.193,-0.226,0.273,0.118,0.172,0.000,42,W,0,,,,1145235,560.41,0
1484,3547.814,"Mount",0.181,0.040,0.145,-0.115,0.103,0.000,25,W,0,,,,1056385,573.34,0
1485,3550.071,"Mount",-0.104,-0.157,-0.025,0.187,0.000,0.000,0,,0,,,,1093676,548.77,0
1486,3552.467,"Mount",0.105,0.049,0.073,-0.090,0.000,0.000,0,,0,,,,1059179,552.83,0
1487,3554.701,"Mount",-0.027,0.107,-0.071,-0.084,0.000,0.000,0,,0,,,,1042836,593.99,0
1488,3557.421,"Mount",-0.988,0.266,-1.005,0.195,-0.633,0.000,153,E,0,,,,1144990,621.40,0
1489,3559.812,"Mount",-0.532,0.293,-0.607,-0.030,-0.427,0.000,103,E,0,,,,1135763,584.83,0
1490,3562.223,"Mount",0.249,-0.287,0.349,0.148,0.190,0.000,46,W,0,,,,1079037,519.18,0
1491,3564.581,"Mount",0.104,-0.695,0.398,0.579,0.264,0.000,64,W,0,,,,1157827,632.29,0
1492,3566.969,"Mount",-0.233,-0.296,-0.079,0.368,0.000,0.000,0,,0,,,,1080682,528.07,0
1493,3569.318,"Mount",0.090,-0.179,0.159,0.121,0.100,0.000,24,W,0,,,,1084496,598.46,0
1494,3571.711,"Mount",-0.034,0.003,-0.032,0.013,0.000,0.000,0,,0,,,,1044233,578.52,0
1495,3574.765,"Mount",-0.332,-0.167,-0.225,0.296,-0.142,0.296,34,E,702,S,,,1120657,566.53,0
1496,3577.237,"Mount",-0.082,-0.211,0.019,0.226,0.000,0.226,0,,47,S,,,1029043,483.58,0
1497,3579.543,"Mount",-0.235,-0.030,-0.197,0.130,-0.124,0.000,30,E,0,,,,1063234,534.80,0
1498,3581.933,"Mount",-0.208,-0.018,-0.179,0.107,-0.121,0.000,29,E,0,,,,1021023,552.58,0
1499,3584.213,"Mount",-0.160,0.027,-0.156,0.046,-0.107,0.000,26,E,0,,,,1011047,561.11,0
1500,3586.709,"Mount",-0.006,-0.226,0.094,0.205,0.000,0.205,0,,43,S,,,1052832,543.47,0
1501,3589.069,"Mount",0.158,-0.337,0.290,0.233,0.182,0.233,44,W,49,S,,,1132257,577.14,0
1502,3591.493,"Mount",-0.011,-0.277,0.111,0.254,0.000,0.254,0,,53,S,,,1098901,585.30,0
1503,3593.829,"Mount",-0.065,-0.239,0.047,0.243,0.000,0.243,0,,51,S,,,1060935,504.62,0
1504,3596.164,"Mount",-0.065,-0.068,-0.029,0.089,0.000,0.000,0,,0,,,,1156680,590.07,0
1505,3598.369,"Mount",-0.013,-0.095,0.030,0.091,0.000,0.000,0,,0,,,,1022309,489.99,0
1506,3600.765,"Mount",0.101,-0.230,0.192,0.162,0.121,0.000,29,W,0,,,,1039355,528.10,0
1507,3603.071,"Mount",0.055,-0.237,0.154,0.188,0.105,0.000,25,W,0,,,,1030216,514.23,0
1508,3605.509,"Mount",0.198,-0.104,0.223,0.006,0.148,0.000,36,W,0,,,,1072361,586.09,0
1509,3607.877,"Mount",0.333,-0.393,0.472,0.206,0.308,0.206,74,W,43,S,,,1034457,575.34,0
1510,3610.220,"Mount",-0.128,-0.138,-0.054,0.180,0.000,0.000,0,,0,,,,1020720,512.40,0
1511,3612.549,"Mount",-0.112,-0.060,-0.074,0.103,0.000,0.000,0,,0,,,,1074669,555.57,0
1512,3615.013,"Mount",-0.365,0.081,-0.364,0.087,-0.229,0.000,55,E,0,,,,1065812,563.65,0
1513,3617.382,"Mount",-0.232,0.099,-0.252,0.013,-0.175,0.000,42,E,0,,,,1067875,543.77,0
1514,3620.005,"Mount",-0.957,0.043,-0.879,0.381,-0.566,0.381,137,E,80,S,,,1026060,526.34,0
1515,3622.219,"Mount",0.030,-0.051,0.050,0.033,0.000,0.000,0,,0,,,,1065554,586.66,0
1516,3624.603,"Mount",0.006,-0.190,0.089,0.168,0.000,0.000,0,,0,,,,1078528,545.74,0
1517,3627.006,"Mount",0.072,-0.451,0.263,0.374,0.166,0.374,40,W,78,S,,,996989,512.23,0
1518,3629.421,"Mount",0.218,-0.054,0.220,-0.047,0.150,0.000,36,W,0,,,,1063263,546.16,0
1519,3631.693,"Mount",0.350,-0.026,0.326,-0.130,0.216,0.000,52,W,0,,,,1032873,553.77,0
1520,3634.133,"Mount",0.458,0.180,0.333,-0.363,0.225,0.000,54,W,0,,,,1001789,555.16,0
1521,3636.358,"Mount",0.145,0.248,0.022,-0.286,0.000,0.000,0,,0,,,,1037829,532.48,0
1522,3638.829,"Mount",-0.346,0.451,-0.509,-0.254,-0.320,0.000,77,E,0,,,,1086903,536.99,0
1523,3641.109,"Mount",-0.065,0.309,-0.194,-0.249,-0.145,0.000,35,E,0,,,,1047654,615.17,0
1524,3644.182,"Mount",-0.010,0.257,-0.122,-0.226,0.000,-0.226,0,,688,N,,,1074311,543.31,0
1525,3646.533,"Mount",-0.168,0.332,-0.297,-0.225,-0.187,-0.225,45,E,47,N,,,1057742,493.07,0
1526,3648.874,"Mount",-0.066,0.033,-0.073,-0.001,0.000,0.000,0,,0,,,,1041945,542.60,0
1527,3651.110,"Mount",0.172,-0.072,0.186,-0.011,0.117,0.000,28,W,0,,,,1115460,534.99,0
1528,3653.589,"Mount",0.127,-0.228,0.214,0.149,0.143,0.000,35,W,0,,,,1086787,586.90,0
1529,3655.825,"Mount",-0.103,0.000,-0.093,0.045,0.000,0.000,0,,0,,,,1069442,519.31,0
1530,3658.337,"Mount",-0.197,0.354,-0.332,-0.232,-0.209,-0.232,51,E,49,N,,,987718,508.79,0
1531,3660.702,"Mount",-0.074,0.210,-0.159,-0.156,-0.115,0.000,28,E,0,,,,1092208,540.79,0
1532,3663.038,"Mount",0.048,-0.019,0.052,-0.004,0.000,0.000,0,,0,,,,1034675,497.31,0
1533,3665.243,"Mount",0.095,0.063,0.058,-0.098,0.000,0.000,0,,0,,,,1071662,578.12,0
1534,3667.693,"Mount",0.158,0.162,0.071,-0.215,0.000,-0.215,0,,45,N,,,1059455,564.94,0
1535,3669.855,"Mount",-0.147,-0.012,-0.127,0.075,0.000,0.000,0,,0,,,,1077525,549.28,0
1536,3672.261,"Mount",0.070,-0.065,0.091,0.028,0.000,0.000,0,,0,,,,1049463,530.39,0
1537,3674.460,"Mount",0.152,0.085,0.099,-0.143,0.000,0.000,0,,0,,,,1094809,597.20,0
1538,3676.941,"Mount",-0.190,0.215,-0.265,-0.110,-0.167,0.000,40,E,0,,,,1062586,554.24,0
1539,3679.277,"Mount",-0.402,0.224,-0.460,-0.024,-0.301,0.000,73,E,0,,,,1099190,596.18,0
1540,3681.853,"Mount",-1.063,0.452,-1.153,0.060,-0.748,0.000,181,E,0,,,,1022495,583.73,0
1541,3684.221,"Mount",-0.574,0.147,-0.580,0.120,-0.418,0.000,101,E,0,,,,1118527,630.29,0
1542,3686.853,"Mount",0.378,0.166,0.267,-0.315,0.139,-0.315,34,W,66,N,,,1111041,584.04,0
1543,3689.074,"Mount",0.108,0.120,0.044,-0.155,0.000,0.000,0,,0,,,,1112578,593.43,0
1544,3691.525,"Mount",0.268,-0.299,0.372,0.151,0.234,0.000,57,W,0,,,,1109335,519.18,0
1545,3693.829,"Mount",0.141,-0.205,0.217,0.122,0.153,0.000,37,W,0,,,,1071030,561.09,0
1546,3696.253,"Mount",0.124,-0.081,0.147,0.018,0.104,0.000,25,W,0,,,,1047145,565.33,0
1547,3698.503,"Mount",-0.117,-0.079,-0.070,0.122,0.000,0.000,0,,0,,,,1127880,588.80,0
1548,3700.974,"Mount",-0.505,0.248,-0.563,-0.002,-0.355,0.000,86,E,0,,,,1098367,554.21,0
1549,3703.374,"Mount",-0.787,0.603,-0.971,-0.196,-0.637,0.000,154,E,0,,,,1064371,598.40,0
1550,3706.022,"Mount",-0.680,0.361,-0.770,-0.026,-0.530,0.000,128,E,0,,,,1068730,565.14,0
1551,3708.345,"Mount",0.168,-0.198,0.238,0.104,0.113,0.000,27,W,0,,,,1121394,578.72,0
1552,3710.763,"Mount",-0.132,-0.096,-0.077,0.144,0.000,0.000,0,,0,,,,1060001,507.85,0
1553,3712.928,"Mount",0.003,-0.177,0.080,0.158,0.000,0.000,0,,0,,,,1045900,533.88,0
1554,3715.382,"Mount",0.211,-0.129,0.246,0.024,0.155,0.000,37,W,0,,,,1095603,581.48,0
1555,3717.591,"Mount",-0.014,-0.065,0.016,0.064,0.000,0.000,0,,0,,,,1039426,567.84,0
1556,3720.109,"Mount",-0.710,0.378,-0.804,-0.028,-0.507,0.000,122,E,0,,,,1049722,546.53,0
1557,3722.312,"Mount",-0.126,0.036,-0.130,0.023,0.000,0.000,0,,0,,,,1119405,590.25,0
1558,3724.782,"Mount",-0.311,-0.175,-0.203,0.294,-0.128,0.000,31,E,0,,,,1133295,590.12,0
1559,3726.988,"Mount",-0.061,-0.118,-0.003,0.133,0.000,0.000,0,,0,,,,1097121,605.53,0
1560,3729.494,"Mount",-0.309,-0.021,-0.268,0.155,-0.169,0.000,41,E,0,,,,1116590,607.52,0
1561,3731.786,"Mount",0.037,-0.034,0.048,0.014,0.000,0.000,0,,0,,,,1048874,555.25,0
1562,3734.170,"Mount",-0.152,-0.129,-0.080,0.182,0.000,0.000,0,,0,,,,1142095,588.73,0
1563,3736.477,"Mount",0.111,-0.118,0.151,0.058,0.095,0.000,23,W,0,,,,1139412,590.84,0
1564,3738.849,"Mount",-0.031,-0.062,-0.001,0.070,0.000,0.000,0,,0,,,,1060445,503.25,0
1565,3741.039,"Mount",-0.158,-0.048,-0.121,0.113,0.000,0.000,0,,0,,,,1114435,572.60,0
1566,3743.597,"Mount",-0.984,0.059,-0.910,0.379,-0.573,0.000,138,E,0,,,,1091090,571.46,0
1567,3745.957,"Mount",-0.542,0.151,-0.554,0.102,-0.389,0.000,94,E,0,,,,1138019,581.00,0
1568,3748.342,"Mount",0.108,0.164,0.025,-0.195,0.000,0.000,0,,0,,,,1095145,582.42,0
1569,3750.701,"Mount",0.093,-0.208,0.174,0.146,0.110,0.000,27,W,0,,,,1111102,542.43,0
1570,3753.063,"Mount",-0.008,-0.123,0.047,0.114,0.000,0.000,0,,0,,,,1107492,611.65,0
1571,3755.302,"Mount",0.188,-0.230,0.270,0.124,0.170,0.000,41,W,0,,,,1088658,546.00,0
1572,3757.853,"Mount",0.203,-0.240,0.288,0.127,0.193,0.000,47,W,0,,,,1081628,531.23,0
1573,3760.198,"Mount",-0.344,-0.081,-0.274,0.224,-0.159,0.000,38,E,0,,,,1074147,612.40,0
1574,3762.685,"Mount",-0.426,0.041,-0.401,0.150,-0.264,0.000,64,E,0,,,,1059048,560.03,0
1575,3765.022,"Mount",-0.452,0.021,-0.415,0.180,-0.280,0.000,68,E,0,,,,1085396,608.85,0
1576,3767.430,"Mount",-0.181,-0.059,-0.137,0.133,-0.106,0.000,26,E,0,,,,1076074,568.48,0
1577,3769.741,"Mount",-0.161,0.010,-0.149,0.062,-0.101,0.000,24,E,0,,,,1072999,512.98,0
1578,3772.119,"Mount",-0.068,-0.078,-0.026,0.100,0.000,0.000,0,,0,,,,1077129,581.15,0
1579,3774.342,"Mount",-0.026,0.048,-0.044,-0.032,0.000,0.000,0,,0,,,,1144524,628.53,0
1580,3776.683,"Mount",-0.050,-0.284,0.080,0.277,0.000,0.000,0,,0,,,,1158020,569.41,0
1581,3778.917,"Mount",0.058,-0.203,0.141,0.157,0.089,0.000,22,W,0,,,,1094216,517.98,0
1582,3782.086,"Mount",0.277,-0.411,0.429,0.248,0.277,0.248,67,W,692,S,,,1132225,570.80,0
1583,3784.397,"Mount",-0.062,-0.346,0.096,0.338,0.000,0.338,0,,71,S,,,1133296,592.86,0
1584,3786.781,"Mount",-0.012,-0.085,0.026,0.081,0.000,0.000,0,,0,,,,1123206,553.12,0
1585,3788.986,"Mount",0.096,0.006,0.084,-0.048,0.000,0.000,0,,0,,,,1100566,591.33,0
1586,3791.479,"Mount",0.102,-0.291,0.220,0.217,0.138,0.217,33,W,45,S,,,1125496,598.06,0
1587,3793.893,"Mount",-0.158,-0.197,-0.056,0.246,0.000,0.246,0,,52,S,,,1116886,579.63,0
1588,3796.310,"Mount",-0.290,0.001,-0.261,0.126,-0.164,0.000,40,E,0,,,,1137852,641.40,0
1589,3798.653,"Mount",0.119,-0.201,0.195,0.128,0.112,0.000,27,W,0,,,,1185304,596.57,0
1590,3801.009,"Mount",0.029,-0.093,0.067,0.071,0.000,0.000,0,,0,,,,1157846,588.76,0
1591,3803.271,"Mount",-0.078,0.008,-0.074,0.027,0.000,0.000,0,,0,,,,1164324,601.46,0
1592,3805.703,"Mount",-0.250,0.024,-0.236,0.088,-0.148,0.000,36,E,0,,,,1108606,574.30,0
1593,3808.110,"Mount",-0.320,-0.220,-0.191,0.338,-0.130,0.338,32,E,71,S,,,1182605,588.50,0
1594,3810.694,"Mount",-0.195,0.167,-0.248,-0.064,-0.165,0.000,40,E,0,,,,1103394,559.49,0
1595,3812.965,"Mount",-0.118,0.258,-0.219,-0.180,-0.150,0.000,36,E,0,,,,1189699,552.88,0
1596,3815.337,"Mount",-0.104,0.025,-0.104,0.023,0.000,0.000,0,,0,,,,1070182,564.65,0
1597,3817.621,"Mount",0.112,-0.263,0.216,0.187,0.136,0.000,33,W,0,,,,1150166,533.75,0
1598,3820.019,"Mount",-0.023,-0.184,0.060,0.175,0.000,0.000,0,,0,,,,1075563,519.93,0
1599,3822.261,"Mount",0.214,0.031,0.179,-0.122,0.113,0.000,27,W,0,,,,1169333,529.23,0
1600,3824.733,"Mount",-0.203,0.248,-0.291,-0.133,-0.175,0.000,42,E,0,,,,1016406,562.84,0
1601,3827.013,"Mount",-0.160,0.209,-0.235,-0.118,-0.161,0.000,39,E,0,,,,1179917,566.47,0
1602,3829.453,"Mount",-0.436,0.195,-0.477,0.017,-0.312,0.000,75,E,0,,,,1059286,542.20,0
1603,3831.765,"Mount",-0.203,0.163,-0.254,-0.057,-0.182,0.000,44,E,0,,,,1181906,612.37,0
1604,3834.174,"Mount",-0.239,0.032,-0.229,0.076,-0.157,0.000,38,E,0,,,,1096689,590.18,0
1605,3836.375,"Mount",-0.045,0.098,-0.083,-0.069,0.000,0.000,0,,0,,,,1088493,588.20,0
1606,3838.730,"Mount",-0.030,-0.106,0.019,0.109,0.000,0.000,0,,0,,,,1120053,569.18,0
1607,3841.038,"Mount",0.442,-0.345,0.549,0.116,0.346,0.000,83,W,0,,,,1190790,581.32,0
1608,3843.485,"Mount",0.200,-0.251,0.290,0.138,0.207,0.000,50,W,0,,,,1112744,552.24,0
1609,3845.653,"Mount",0.031,-0.156,0.096,0.127,0.000,0.000,0,,0,,,,1159964,639.81,0
1610,3848.062,"Mount",0.165,-0.158,0.217,0.069,0.137,0.000,33,W,0,,,,1204560,561.02,0
1611,3850.283,"Mount",-0.100,0.006,-0.093,0.039,0.000,0.000,0,,0,,,,1152778,586.74,0
1612,3852.774,"Mount",-0.341,0.151,-0.373,0.014,-0.235,0.000,57,E,0,,,,1149601,582.67,0
1613,3854.996,"Mount",-0.148,-0.071,-0.102,0.129,0.000,0.000,0,,0,,,,1102326,544.53,0
1614,3857.430,"Mount",-0.281,0.060,-0.279,0.069,-0.176,0.000,43,E,0,,,,1131458,585.45,0
1615,3859.749,"Mount",-0.262,0.188,-0.318,-0.054,-0.213,0.000,51,E,0,,,,1074797,582.64,0
1616,3862.195,"Mount",0.182,-0.038,0.180,-0.045,0.099,0.000,24,W,0,,,,1156534,528.32,0
1617,3864.491,"Mount",0.091,-0.066,0.111,0.019,0.000,0.000,0,,0,,,,1130014,552.61,0
1618,3866.892,"Mount",-0.155,-0.037,-0.123,0.101,0.000,0.000,0,,0,,,,1109256,587.12,0
1619,3869.205,"Mount",-0.230,-0.245,-0.099,0.321,0.000,0.321,0,,67,S,,,1087838,550.35,0
1620,3871.750,"Mount",-0.380,-0.099,-0.298,0.255,-0.188,0.255,45,E,54,S,,,1205969,622.48,0
1621,3874.109,"Mount",-0.276,0.225,-0.347,-0.082,-0.232,0.000,56,E,0,,,,1145680,606.76,0
1622,3876.543,"Mount",-0.056,0.179,-0.129,-0.137,0.000,0.000,0,,0,,,,1107722,560.59,0
1623,3878.846,"Mount",-0.055,0.263,-0.164,-0.212,-0.103,0.000,25,E,0,,,,1109913,593.49,0
1624,3881.225,"Mount",-0.141,-0.023,-0.117,0.082,0.000,0.000,0,,0,,,,1102850,592.68,0
1625,3883.526,"Mount",-0.026,0.252,-0.134,-0.215,-0.084,0.000,20,E,0,,,,1091387,584.07,0
1626,3885.891,"Mount",-0.079,-0.038,-0.054,0.069,0.000,0.000,0,,0,,,,1121478,574.85,0
1627,3888.049,"Mount",-0.041,0.091,-0.077,-0.063,0.000,0.000,0,,0,,,,1044581,560.46,0
1628,3890.488,"Mount",0.284,0.085,0.218,-0.201,0.137,0.000,33,W,0,,,,1110757,539.40,0
1629,3892.733,"Mount",-0.109,0.261,-0.212,-0.187,-0.124,0.000,30,E,0,,,,1066834,533.72,0
1630,3895.151,"Mount",-0.028,0.026,-0.036,-0.011,0.000,0.000,0,,0,,,,1102676,603.51,0
1631,3898.246,"Mount",-0.171,0.312,-0.291,-0.205,-0.183,-0.205,44,E,683,N,,,1082026,582.52,0
1632,3900.765,"Mount",-0.048,0.233,-0.146,-0.188,-0.105,0.000,25,E,0,,,,1125563,538.51,0
1633,3902.956,"Mount",0.026,0.162,-0.048,-0.157,0.000,0.000,0,,0,,,,1134436,606.41,0
1634,3905.329,"Mount",-0.083,-0.169,-0.000,0.189,0.000,0.000,0,,0,,,,1155408,586.69,0
1635,3907.574,"Mount",0.198,-0.186,0.260,0.080,0.164,0.000,40,W,0,,,,1204001,575.24,0
1636,3909.963,"Mount",-0.136,-0.090,-0.083,0.141,0.000,0.000,0,,0,,,,1133885,560.44,0
1637,3912.134,"Mount",-0.075,-0.061,-0.040,0.088,0.000,0.000,0,,0,,,,1128737,533.48,0
1638,3914.653,"Mount",-0.135,0.128,-0.178,-0.055,-0.112,0.000,27,E,0,,,,1082843,573.70,0
1639,3916.902,"Mount",-0.203,0.215,-0.277,-0.104,-0.182,0.000,44,E,0,,,,1141432,600.29,0
1640,3919.273,"Mount",-0.151,-0.023,-0.125,0.087,0.000,0.000,0,,0,,,,1124730,589.34,0
1641,3921.549,"Mount",-0.274,0.018,-0.254,0.104,-0.160,0.000,39,E,0,,,,1125675,607.00,0
1642,3924.005,"Mount",0.092,-0.210,0.175,0.148,0.099,0.000,24,W,0,,,,1141529,578.77,0
1643,3926.535,"Mount",0.176,-0.316,0.297,0.206,0.194,0.000,47,W,0,,,,1146509,506.08,0
1644,3928.997,"Mount",0.412,-0.204,0.460,0.003,0.303,0.000,73,W,0,,,,1124758,601.79,0
1645,3931.326,"Mount",0.594,-0.184,0.614,-0.095,0.408,0.000,99,W,0,,,,1094771,600.96,0
1646,3933.771,"Mount",-0.131,0.012,-0.123,0.047,0.000,0.000,0,,0,,,,1095178,583.98,0
1647,3935.975,"Mount",-0.101,-0.265,0.026,0.282,0.000,0.000,0,,0,,,,1162899,589.94,0
1648,3939.167,"Mount",-0.372,-0.201,-0.247,0.344,-0.155,0.344,38,E,712,S,,,1120343,603.88,0
1649,3941.454,"Mount",0.119,-0.161,0.178,0.092,0.101,0.000,24,W,0,,,,1080629,560.32,0
1650,3944.091,"Mount",0.108,0.135,0.038,-0.168,0.000,0.000,0,,0,,,,1086257,555.59,0
1651,3946.283,"Mount",0.181,0.135,0.103,-0.201,0.000,0.000,0,,0,,,,1049652,545.70,0
1652,3948.782,"Mount",0.556,-0.276,0.621,0.004,0.391,0.000,94,W,0,,,,1105384,606.36,0
1653,3951.062,"Mount",0.251,0.085,0.188,-0.186,0.146,0.000,35,W,0,,,,1167628,591.07,0
1654,3953.418,"Mount",0.212,0.146,0.127,-0.224,0.000,0.000,0,,0,,,,1100544,558.86,0
1655,3955.600,"Mount",0.153,0.276,0.016,-0.315,0.000,0.000,0,,0,,,,1124502,585.71,0
1656,3958.045,"Mount",0.008,0.421,-0.177,-0.382,-0.112,0.000,27,E,0,,,,1127860,556.00,0
1657,3961.142,"Mount",-0.103,0.340,-0.242,-0.260,-0.160,-0.260,39,E,695,N,,,1063984,551.71,0
1658,3963.485,"Mount",0.202,0.123,0.127,-0.199,0.000,0.000,0,,0,,,,1143736,572.48,0
1659,3965.759,"Mount",-0.014,0.252,-0.123,-0.220,0.000,-0.220,0,,46,N,,,1121298,563.58,0
1660,3968.198,"Mount",0.168,-0.023,0.161,-0.053,0.102,0.000,25,W,0,,,,1076399,542.07,0
1661,3970.479,"Mount",0.119,-0.009,0.111,-0.044,0.000,0.000,0,,0,,,,1077348,551.57,0
1662,3972.910,"Mount",0.406,-0.166,0.438,-0.029,0.276,0.000,67,W,0,,,,1095373,575.63,0
1663,3975.366,"Mount",0.060,-0.010,0.059,-0.017,0.000,0.000,0,,0,,,,1111811,524.52,0
1664,3977.848,"Mount",-0.279,0.020,-0.259,0.105,-0.163,0.000,39,E,0,,,,1132298,595.00,0
1665,3980.077,"Mount",-0.087,0.078,-0.113,-0.032,0.000,0.000,0,,0,,,,1079996,570.53,0
1666,3982.565,"Mount",-0.520,0.162,-0.538,0.083,-0.339,0.000,82,E,0,,,,1081453,554.08,0
1667,3984.854,"Mount",-0.185,0.012,-0.172,0.070,-0.132,0.000,32,E,0,,,,1166123,502.30,0
1668,3987.286,"Mount",-0.080,-0.272,0.048,0.279,0.000,0.000,0,,0,,,,1121505,590.32,0
1669,3989.613,"Mount",0.299,-0.332,0.415,0.167,0.261,0.000,63,W,0,,,,1085912,517.82,0
1670,3991.956,"Mount",0.012,-0.237,0.115,0.208,0.000,0.000,0,,0,,,,1164617,592.91,0
1671,3994.278,"Mount",0.436,-0.338,0.540,0.112,0.340,0.000,82,W,0,,,,1106143,586.93,0
1672,3996.798,"Mount",0.397,-0.383,0.525,0.170,0.355,0.000,86,W,0,,,,1080996,559.30,0
1673,3999.869,"Mount",-0.020,-0.492,0.198,0.451,0.149,0.451,36,W,789,S,,,1186463,614.99,0
1674,4002.279,"Mount",-0.009,-0.034,0.007,0.035,0.000,0.000,0,,0,,,,1105021,524.08,0
1675,4004.598,"Mount",-0.068,-0.213,0.032,0.221,0.000,0.221,0,,46,S,,,1102455,553.78,0
1676,4006.956,"Mount",0.065,0.175,-0.019,-0.186,0.000,0.000,0,,0,,,,1105065,570.79,0
1677,4009.214,"Mount",-0.173,0.079,-0.190,0.005,-0.120,0.000,29,E,0,,,,1127239,545.49,0
1678,4011.632,"Mount",0.044,-0.155,0.107,0.120,0.000,0.000,0,,0,,,,1110312,547.50,0
1679,4013.896,"Mount",0.000,-0.138,0.061,0.124,0.000,0.000,0,,0,,,,1089047,536.23,0
1680,4016.236,"Mount",0.030,-0.005,0.029,-0.009,0.000,0.000,0,,0,,,,1092486,523.80,0
1681,4018.552,"Mount",-0.065,-0.043,-0.040,0.067,0.000,0.000,0,,0,,,,1039048,549.79,0
1682,4020.901,"Mount",0.009,0.014,0.002,-0.016,0.000,0.000,0,,0,,,,1171451,624.38,0
1683,4023.069,"Mount",-0.056,0.181,-0.129,-0.138,0.000,0.000,0,,0,,,,1059655,517.21,0
1684,4025.526,"Mount",-0.056,0.199,-0.138,-0.154,-0.087,0.000,21,E,0,,,,1103019,546.97,0
1685,4027.806,"Mount",-0.113,-0.084,-0.065,0.125,0.000,0.000,0,,0,,,,1098775,528.11,0
1686,4030.167,"Mount",-0.111,0.002,-0.100,0.047,0.000,0.000,0,,0,,,,1070367,575.63,0
1687,4032.502,"Mount",-0.204,-0.021,-0.174,0.108,-0.110,0.000,27,E,0,,,,1085603,585.96,0
1688,4034.900,"Mount",0.010,-0.107,0.055,0.092,0.000,0.000,0,,0,,,,1117101,572.35,0
1689,4037.198,"Mount",-0.121,0.183,-0.190,-0.112,-0.119,0.000,29,E,0,,,,1102481,563.92,0
1690,4039.581,"Mount",-0.095,-0.038,-0.069,0.076,0.000,0.000,0,,0,,,,1107998,557.64,0
1691,4041.854,"Mount",-0.337,0.043,-0.321,0.110,-0.202,0.000,49,E,0,,,,1077001,548.68,0
1692,4044.286,"Mount",-0.160,0.199,-0.231,-0.109,-0.160,0.000,39,E,0,,,,1076293,575.50,0
1693,4046.647,"Mount",-0.474,0.137,-0.486,0.085,-0.317,0.000,77,E,0,,,,1117419,597.35,0
INFO: SET LOCK POSITION, new lock pos = 973.654, 222.371
INFO: DITHER by 0.317, 0.712, new lock pos = 973.626, 221.593
INFO: SETTLING STATE CHANGE, Settling started
1694,4050.662,"Mount",0.028,0.779,-0.317,-0.712,-0.317,-0.712,76,E,875,N,,,1075354,524.74,0
1695,4053.222,"Mount",-0.266,0.774,-0.579,-0.578,-0.365,0.000,88,E,0,,,,1051189,510.41,0
1696,4055.568,"Mount",0.226,0.611,-0.065,-0.649,0.000,-0.649,0,,136,N,,,1067771,545.17,0
1697,4058.102,"Mount",0.504,0.249,0.344,-0.445,0.217,-0.445,52,W,94,N,,,1070273,562.48,0
INFO: SETTLING STATE CHANGE, Settling complete
1698,4060.454,"Mount",-0.138,0.428,-0.312,-0.324,-0.181,-0.324,44,E,68,N,,,1158804,577.82,0
1699,4063.093,"Mount",-0.180,0.552,-0.404,-0.417,-0.267,-0.417,65,E,88,N,,,1093238,579.80,0
1700,4065.661,"Mount",-0.246,0.764,-0.556,-0.578,-0.369,-0.578,89,E,121,N,,,1080337,554.82,0
1701,4068.107,"Mount",-0.105,0.034,-0.109,0.016,0.000,0.000,0,,0,,,,1087269,568.98,0
1702,4070.374,"Mount",-0.072,0.176,-0.142,-0.127,-0.089,0.000,22,E,0,,,,1101650,570.18,0
1703,4072.851,"Mount",0.251,0.293,0.097,-0.373,0.000,-0.373,0,,78,N,,,1075738,566.41,0
1704,4075.221,"Mount",0.106,0.312,-0.042,-0.327,0.000,-0.327,0,,69,N,,,1121064,550.55,0
1705,4077.734,"Mount",0.413,-0.026,0.383,-0.158,0.241,0.000,58,W,0,,,,1037513,532.87,0
1706,4080.038,"Mount",0.372,-0.124,0.389,-0.051,0.262,0.000,63,W,0,,,,1057888,503.52,0
1707,4082.422,"Mount",-0.197,-0.040,-0.159,0.123,-0.082,0.000,20,E,0,,,,1045711,527.79,0
1708,4084.626,"Mount",-0.068,0.133,-0.119,-0.090,0.000,0.000,0,,0,,,,1044596,547.02,0
1709,4087.110,"Mount",-0.290,0.169,-0.335,-0.025,-0.211,0.000,51,E,0,,,,1058298,587.40,0
1710,4089.386,"Mount",0.004,0.036,-0.013,-0.034,0.000,0.000,0,,0,,,,1095900,546.63,0
1711,4091.880,"Mount",-0.156,0.130,-0.198,-0.048,-0.125,0.000,30,E,0,,,,1063427,554.86,0
1712,4094.120,"Mount",0.081,-0.028,0.085,-0.010,0.000,0.000,0,,0,,,,1145059,544.29,0
1713,4096.459,"Mount",0.035,-0.174,0.108,0.141,0.000,0.000,0,,0,,,,1082351,560.11,0
1714,4098.768,"Mount",0.176,-0.187,0.240,0.091,0.151,0.000,37,W,0,,,,1051178,524.96,0
1715,4101.206,"Mount",-0.253,0.121,-0.281,0.002,-0.166,0.000,40,E,0,,,,1104013,549.06,0
1716,4103.478,"Mount",-0.096,0.142,-0.148,-0.085,-0.105,0.000,25,E,0,,,,1138587,583.79,0
1717,4106.208,"Mount",-0.232,0.038,-0.225,0.067,-0.149,0.000,36,E,0,,,,1038266,511.39,0
1718,4108.440,"Mount",-0.098,-0.027,-0.076,0.067,0.000,0.000,0,,0,,,,1063465,553.15,0
1719,4110.902,"Mount",-0.359,0.086,-0.360,0.080,-0.227,0.000,55,E,0,,,,1048902,534.82,0
1720,4113.246,"Mount",0.205,-0.057,0.210,-0.039,0.116,0.000,28,W,0,,,,1108130,558.33,0
1721,4115.678,"Mount",-0.341,0.230,-0.408,-0.057,-0.249,0.000,60,E,0,,,,1081682,543.73,0
1722,4117.990,"Mount",-0.149,0.099,-0.178,-0.024,-0.129,0.000,31,E,0,,,,1040253,546.14,0
1723,4120.468,"Mount",0.082,-0.204,0.163,0.147,0.093,0.000,23,W,0,,,,1090383,562.61,0
1724,4122.793,"Mount",0.355,-0.356,0.476,0.164,0.306,0.000,74,W,0,,,,1136139,524.56,0
1725,4125.198,"Mount",-0.138,0.093,-0.165,-0.023,-0.083,0.000,20,E,0,,,,990034,511.88,0
1726,4127.482,"Mount",-0.160,0.130,-0.201,-0.046,-0.132,0.000,32,E,0,,,,1067927,608.19,0
1727,4129.926,"Mount",-0.311,0.096,-0.321,0.050,-0.212,0.000,51,E,0,,,,1027191,471.44,0
1728,4132.254,"Mount",-0.535,0.050,-0.503,0.189,-0.332,0.000,80,E,0,,,,1077315,561.47,0
1729,4134.646,"Mount",-0.200,-0.047,-0.159,0.130,-0.123,0.000,30,E,0,,,,1071511,536.22,0
1730,4136.925,"Mount",-0.188,-0.233,-0.067,0.292,0.000,0.000,0,,0,,,,1051968,546.60,0
1731,4139.448,"Mount",0.100,-0.319,0.230,0.243,0.145,0.000,35,W,0,,,,1139368,571.81,0
1732,4142.121,"Mount",0.111,-0.243,0.206,0.170,0.140,0.000,34,W,0,,,,1154779,584.92,0
1733,4145.389,"Mount",0.009,-0.338,0.157,0.300,0.109,0.300,26,W,789,S,,,1133957,556.60,0
1734,4147.677,"Mount",-0.073,-0.207,0.025,0.218,0.000,0.218,0,,46,S,,,1165292,542.35,0
1735,4150.125,"Mount",-0.061,-0.251,0.056,0.252,0.000,0.252,0,,53,S,,,1056157,564.50,0
1736,4152.429,"Mount",-0.130,-0.167,-0.044,0.207,0.000,0.207,0,,44,S,,,1070314,581.10,0
1737,4154.855,"Mount",-0.261,-0.085,-0.197,0.191,-0.124,0.000,30,E,0,,,,1079475,520.98,0
1738,4157.429,"Mount",-0.324,-0.236,-0.188,0.354,-0.127,0.354,31,E,74,S,,,1109306,545.23,0
1739,4159.854,"Mount",-0.275,-0.070,-0.217,0.183,-0.145,0.000,35,E,0,,,,1058849,517.41,0
1740,4162.048,"Mount",-0.092,-0.025,-0.072,0.062,0.000,0.000,0,,0,,,,1066640,529.20,0
1741,4164.509,"Mount",-0.060,-0.226,0.046,0.229,0.000,0.229,0,,48,S,,,1037342,585.43,0
1742,4166.771,"Mount",0.064,0.041,0.039,-0.065,0.000,0.000,0,,0,,,,1044415,530.75,0
1743,4169.286,"Mount",0.038,-0.295,0.163,0.248,0.103,0.248,25,W,52,S,,,1044221,488.59,0
1744,4171.566,"Mount",-0.076,-0.310,0.068,0.312,0.000,0.312,0,,66,S,,,1160972,568.62,0
1745,4174.046,"Mount",-0.295,0.025,-0.276,0.107,-0.174,0.000,42,E,0,,,,1013869,530.49,0
1746,4176.328,"Mount",0.034,-0.068,0.060,0.046,0.000,0.000,0,,0,,,,1115794,528.18,0
1747,4178.790,"Mount",-0.086,-0.263,0.038,0.274,0.000,0.274,0,,57,S,,,1129698,558.26,0
1748,4181.052,"Mount",-0.052,-0.079,-0.012,0.094,0.000,0.000,0,,0,,,,1024068,536.10,0
1749,4183.599,"Mount",-0.288,-0.220,-0.162,0.324,-0.102,0.324,25,E,68,S,,,1028350,502.12,0
1750,4185.966,"Mount",0.123,-0.378,0.277,0.286,0.167,0.286,40,W,60,S,,,1121501,573.05,0
1751,4188.533,"Mount",0.032,-0.307,0.163,0.262,0.115,0.262,28,W,55,S,,,1117401,570.48,0
1752,4190.749,"Mount",0.073,-0.046,0.086,0.009,0.000,0.000,0,,0,,,,1033802,502.54,0
1753,4193.269,"Mount",0.025,-0.307,0.158,0.265,0.099,0.265,24,W,56,S,,,1119126,540.42,0
1754,4195.477,"Mount",-0.033,-0.199,0.058,0.194,0.000,0.000,0,,0,,,,1092894,605.16,0
1755,4197.885,"Mount",-0.190,-0.162,-0.100,0.229,0.000,0.229,0,,48,S,,,1084144,534.19,0
1756,4200.230,"Mount",-0.006,-0.270,0.113,0.245,0.000,0.245,0,,51,S,,,1054193,550.12,0
1757,4202.596,"Mount",-0.089,-0.012,-0.075,0.050,0.000,0.000,0,,0,,,,1042722,496.47,0
1758,4204.793,"Mount",-0.034,-0.068,-0.000,0.076,0.000,0.000,0,,0,,,,1088177,583.07,0
1759,4207.222,"Mount",0.233,-0.202,0.298,0.079,0.188,0.000,45,W,0,,,,1087411,552.10,0
1760,4209.470,"Mount",0.116,-0.019,0.112,-0.034,0.000,0.000,0,,0,,,,1084343,553.62,0
1761,4211.797,"Mount",0.142,0.059,0.102,-0.116,0.000,0.000,0,,0,,,,1078501,575.95,0
1762,4214.006,"Mount",0.112,0.176,0.023,-0.207,0.000,0.000,0,,0,,,,1081822,576.04,0
1763,4216.414,"Mount",-0.387,-0.018,-0.340,0.186,-0.214,0.000,52,E,0,,,,1090357,586.20,0
1764,4218.671,"Mount",0.016,0.100,-0.030,-0.097,0.000,0.000,0,,0,,,,1097202,585.58,0
1765,4221.038,"Mount",-0.072,0.090,-0.104,-0.049,0.000,0.000,0,,0,,,,1037870,590.06,0
1766,4223.343,"Mount",-0.023,0.014,-0.027,-0.003,0.000,0.000,0,,0,,,,991013,532.15,0
1767,4225.697,"Mount",0.017,0.078,-0.018,-0.077,0.000,0.000,0,,0,,,,1067471,510.73,0
1768,4228.017,"Mount",0.050,-0.132,0.103,0.097,0.000,0.000,0,,0,,,,1107864,559.84,0
1769,4230.558,"Mount",0.737,-0.302,0.795,-0.051,0.501,0.000,121,W,0,,,,1076331,523.85,0
1770,4232.854,"Mount",0.392,-0.074,0.384,-0.106,0.277,0.000,67,W,0,,,,1128904,557.88,0
1771,4235.405,"Mount",-0.018,-0.015,-0.009,0.022,0.000,0.000,0,,0,,,,1075537,534.88,0
1772,4237.686,"Mount",-0.245,0.022,-0.230,0.088,-0.145,0.000,35,E,0,,,,1005863,482.33,0
1773,4240.106,"Mount",-0.008,-0.090,0.032,0.084,0.000,0.000,0,,0,,,,1068839,550.05,0
1774,4242.414,"Mount",-0.241,0.003,-0.218,0.103,-0.137,0.000,33,E,0,,,,1008787,526.18,0
1775,4244.759,"Mount",-0.039,-0.013,-0.030,0.029,0.000,0.000,0,,0,,,,1038103,496.03,0
1776,4247.024,"Mount",-0.116,0.138,-0.165,-0.073,-0.104,0.000,25,E,0,,,,1122109,574.02,0
1777,4249.438,"Mount",0.271,-0.074,0.276,-0.052,0.167,0.000,40,W,0,,,,1110903,584.09,0
1778,4251.734,"Mount",0.232,-0.210,0.300,0.088,0.201,0.000,49,W,0,,,,1091324,575.19,0
1779,4254.126,"Mount",0.179,0.002,0.160,-0.081,0.115,0.000,28,W,0,,,,1049906,497.17,0
1780,4256.360,"Mount",0.049,-0.187,0.126,0.147,0.000,0.000,0,,0,,,,1049092,532.44,0
1781,4258.762,"Mount",-0.044,-0.007,-0.036,0.026,0.000,0.000,0,,0,,,,1042602,598.26,0
1782,4260.970,"Mount",-0.052,-0.148,0.018,0.156,0.000,0.000,0,,0,,,,1160722,543.54,0
1783,4263.332,"Mount",-0.079,-0.128,-0.015,0.150,0.000,0.000,0,,0,,,,1126293,544.50,0
1784,4265.694,"Mount",-0.273,-0.202,-0.157,0.301,-0.099,0.301,24,E,63,S,,,1069814,584.62,0
1785,4268.078,"Mount",0.110,-0.146,0.163,0.083,0.096,0.000,23,W,0,,,,1099066,609.54,0
1786,4270.358,"Mount",0.146,-0.078,0.166,0.006,0.111,0.000,27,W,0,,,,1087321,510.18,0
1787,4272.815,"Mount",0.289,-0.244,0.367,0.093,0.239,0.000,58,W,0,,,,1079638,568.94,0
1788,4275.044,"Mount",-0.128,-0.055,-0.090,0.106,0.000,0.000,0,,0,,,,1059677,516.74,0
1789,4277.454,"Mount",-0.247,0.027,-0.234,0.084,-0.147,0.000,36,E,0,,,,1110318,552.94,0
1790,4279.750,"Mount",-0.275,0.240,-0.352,-0.095,-0.232,0.000,56,E,0,,,,1114052,549.93,0
1791,4282.230,"Mount",-0.431,0.106,-0.434,0.093,-0.290,0.000,70,E,0,,,,1121458,587.26,0
1792,4284.534,"Mount",-0.369,0.058,-0.357,0.110,-0.245,0.000,59,E,0,,,,1029860,538.56,0
1793,4287.002,"Mount",-0.125,0.014,-0.118,0.042,0.000,0.000,0,,0,,,,1019700,527.50,0
1794,4289.389,"Mount",-0.230,-0.156,-0.138,0.241,-0.087,0.241,21,E,51,S,,,1122728,613.45,0
1795,4291.798,"Mount",0.239,-0.142,0.277,0.022,0.168,0.000,41,W,0,,,,1123368,540.01,0
1796,4294.158,"Mount",0.429,-0.030,0.399,-0.161,0.263,0.000,63,W,0,,,,1157926,592.29,0
1797,4296.646,"Mount",0.245,0.098,0.177,-0.196,0.130,0.000,31,W,0,,,,1109734,498.19,0
1798,4298.911,"Mount",0.131,0.056,0.093,-0.108,0.000,0.000,0,,0,,,,1122242,565.35,0
1799,4301.334,"Mount",-0.249,0.271,-0.343,-0.134,-0.216,0.000,52,E,0,,,,1014909,480.31,0
1800,4303.546,"Mount",-0.127,0.013,-0.119,0.044,0.000,0.000,0,,0,,,,1065872,535.54,0
1801,4305.950,"Mount",-0.151,0.262,-0.251,-0.169,-0.158,0.000,38,E,0,,,,1060949,543.24,0
1802,4308.214,"Mount",-0.181,0.171,-0.237,-0.075,-0.161,0.000,39,E,0,,,,1075528,552.97,0
1803,4310.670,"Mount",-0.328,0.310,-0.431,-0.135,-0.282,0.000,68,E,0,,,,1069515,600.46,0
1804,4313.006,"Mount",-0.345,0.264,-0.426,-0.086,-0.288,0.000,70,E,0,,,,1025350,527.36,0
1805,4315.470,"Mount",-0.221,0.069,-0.229,0.034,-0.164,0.000,40,E,0,,,,1028823,482.25,0
1806,4317.744,"Mount",-0.017,-0.063,0.013,0.064,0.000,0.000,0,,0,,,,1073469,533.39,0
1807,4320.294,"Mount",-0.430,-0.041,-0.369,0.226,-0.232,0.226,56,E,47,S,,,1006667,502.37,0
1808,4322.582,"Mount",-0.295,-0.044,-0.246,0.169,-0.171,0.000,41,E,0,,,,1083144,517.58,0
1809,4325.142,"Mount",-0.799,0.491,-0.934,-0.091,-0.600,0.000,145,E,0,,,,1078793,535.58,0
1810,4327.337,"Mount",0.027,0.081,-0.011,-0.085,0.000,0.000,0,,0,,,,1126849,572.37,0
1811,4329.689,"Mount",-0.072,0.020,-0.073,0.013,0.000,0.000,0,,0,,,,1084744,503.56,0
1812,4331.958,"Mount",-0.137,0.056,-0.147,0.009,-0.093,0.000,22,E,0,,,,1134767,538.67,0
1813,4334.374,"Mount",-0.169,-0.142,-0.090,0.202,0.000,0.202,0,,42,S,,,1095222,552.72,0
1814,4336.556,"Mount",-0.004,0.065,-0.032,-0.057,0.000,0.000,0,,0,,,,1056061,549.10,0
1815,4338.991,"Mount",0.149,0.331,-0.012,-0.362,0.000,0.000,0,,0,,,,1129774,579.30,0
1816,4341.358,"Mount",-0.048,0.409,-0.222,-0.346,-0.140,0.000,34,E,0,,,,1140072,567.78,0
1817,4343.918,"Mount",-0.801,0.731,-1.041,-0.305,-0.665,0.000,161,E,0,,,,1088362,572.97,0
1818,4347.126,"Mount",-0.203,0.517,-0.409,-0.375,-0.305,-0.375,74,E,841,N,,,1135787,580.50,0
1819,4349.742,"Mount",-0.306,0.443,-0.469,-0.264,-0.317,-0.264,77,E,55,N,,,1128834,618.14,0
1820,4352.118,"Mount",-0.504,0.235,-0.556,0.010,-0.373,0.000,90,E,0,,,,1090388,569.94,0
1821,4354.455,"Mount",0.063,0.155,-0.012,-0.167,0.000,0.000,0,,0,,,,1080178,541.30,0
1822,4356.743,"Mount",0.294,-0.043,0.283,-0.091,0.178,0.000,43,W,0,,,,1098182,564.89,0
1823,4359.091,"Mount",0.133,0.117,0.068,-0.164,0.000,0.000,0,,0,,,,1046936,537.76,0
1824,4361.358,"Mount",-0.169,0.122,-0.205,-0.035,-0.129,0.000,31,E,0,,,,1075783,559.13,0
1825,4363.790,"Mount",0.023,0.224,-0.078,-0.211,0.000,-0.211,0,,44,N,,,1014490,552.02,0
1826,4366.094,"Mount",-0.491,0.165,-0.514,0.067,-0.324,0.000,78,E,0,,,,1133298,535.28,0
1827,4368.598,"Mount",-0.230,0.114,-0.257,-0.002,-0.185,0.000,45,E,0,,,,1043607,539.65,0
1828,4370.870,"Mount",-0.352,0.175,-0.394,-0.003,-0.261,0.000,63,E,0,,,,1072924,542.50,0
1829,4373.254,"Mount",0.002,-0.080,0.037,0.071,0.000,0.000,0,,0,,,,1091548,537.21,0
1830,4375.435,"Mount",0.088,-0.008,0.083,-0.031,0.000,0.000,0,,0,,,,1101758,544.61,0
1831,4377.886,"Mount",0.286,-0.251,0.367,0.100,0.231,0.000,56,W,0,,,,1123904,538.87,0
1832,4380.255,"Mount",0.398,-0.156,0.426,-0.035,0.285,0.000,69,W,0,,,,1043661,489.32,0
1833,4382.646,"Mount",-0.133,0.135,-0.178,-0.063,-0.092,0.000,22,E,0,,,,1069125,566.96,0
1834,4385.062,"Mount",-0.019,0.366,-0.178,-0.321,-0.119,-0.321,29,E,67,N,,,1139795,574.78,0
1835,4387.630,"Mount",-0.029,0.430,-0.215,-0.374,-0.144,-0.374,35,E,78,N,,,1088117,545.13,0
1836,4389.946,"Mount",0.114,0.369,-0.059,-0.382,0.000,-0.382,0,,80,N,,,1116653,586.88,0
1837,4392.384,"Mount",-0.142,0.265,-0.244,-0.176,-0.154,0.000,37,E,0,,,,1159067,614.68,0
1838,4394.601,"Mount",-0.018,0.107,-0.063,-0.088,0.000,0.000,0,,0,,,,1150625,597.19,0
1839,4397.094,"Mount",0.083,0.190,-0.008,-0.207,0.000,-0.207,0,,43,N,,,1147402,552.51,0
1840,4399.454,"Mount",0.205,0.296,0.054,-0.356,0.000,-0.356,0,,75,N,,,1077629,529.05,0
1841,4401.998,"Mount",-0.191,0.337,-0.320,-0.219,-0.202,-0.219,49,E,46,N,,,1149264,587.07,0
1842,4404.208,"Mount",0.057,0.192,-0.033,-0.198,0.000,0.000,0,,0,,,,1145301,540.98,0
1843,4406.686,"Mount",-0.270,0.116,-0.294,0.014,-0.185,0.000,45,E,0,,,,1116784,592.76,0
1844,4409.014,"Mount",-0.105,0.224,-0.192,-0.156,-0.134,0.000,32,E,0,,,,1058126,595.63,0
1845,4411.430,"Mount",-0.261,0.231,-0.336,-0.093,-0.221,0.000,53,E,0,,,,1050759,536.39,0
1846,4413.676,"Mount",-0.063,-0.166,0.017,0.177,0.000,0.000,0,,0,,,,1087190,595.02,0
1847,4416.050,"Mount",0.196,0.115,0.125,-0.189,0.000,0.000,0,,0,,,,1075914,531.45,0
1848,4418.350,"Mount",0.245,-0.002,0.222,-0.106,0.140,0.000,34,W,0,,,,1061234,545.24,0
1849,4420.705,"Mount",-0.034,0.040,-0.049,-0.021,0.000,0.000,0,,0,,,,1129090,608.72,0
1850,4423.016,"Mount",0.392,-0.047,0.373,-0.130,0.235,0.000,57,W,0,,,,1120841,598.25,0
1851,4425.477,"Mount",-0.185,0.007,-0.169,0.075,-0.090,0.000,22,E,0,,,,1044863,552.83,0
1852,4427.879,"Mount",-0.343,0.080,-0.343,0.078,-0.223,0.000,54,E,0,,,,1090928,529.55,0
1853,4430.318,"Mount",-0.221,0.054,-0.222,0.048,-0.156,0.000,38,E,0,,,,1091194,566.98,0
1854,4432.662,"Mount",-0.528,-0.005,-0.472,0.236,-0.308,0.000,74,E,0,,,,1146335,562.65,0
1855,4435.134,"Mount",-0.195,0.025,-0.186,0.063,-0.139,0.000,34,E,0,,,,1114198,564.24,0
1856,4437.325,"Mount",-0.053,0.006,-0.050,0.018,0.000,0.000,0,,0,,,,1046263,528.73,0
1857,4439.758,"Mount",0.246,-0.052,0.244,-0.061,0.154,0.000,37,W,0,,,,1113789,558.21,0
1858,4442.046,"Mount",0.574,-0.173,0.591,-0.097,0.383,0.000,93,W,0,,,,1095663,598.05,0
1859,4444.420,"Mount",-0.242,-0.333,-0.071,0.406,0.000,0.000,0,,0,,,,1134069,586.61,0
1860,4446.588,"Mount",-0.021,-0.199,0.069,0.188,0.000,0.000,0,,0,,,,1137600,557.45,0
1861,4449.934,"Mount",-0.304,-0.308,-0.138,0.410,-0.087,0.410,21,E,848,S,,,1195067,581.72,0
1862,4452.351,"Mount",0.141,-0.381,0.294,0.280,0.179,0.280,43,W,59,S,,,1166789,555.79,0
1863,4454.690,"Mount",0.018,-0.185,0.097,0.158,0.000,0.000,0,,0,,,,1082261,561.94,0
1864,4457.058,"Mount",-0.222,-0.216,-0.104,0.292,0.000,0.292,0,,61,S,,,1070651,559.69,0
1865,4459.678,"Mount",-0.586,-0.161,-0.456,0.402,-0.287,0.402,69,E,84,S,,,1108845,577.20,0
1866,4461.868,"Mount",-0.023,-0.070,0.010,0.073,0.000,0.000,0,,0,,,,1128569,577.05,0
1867,4464.374,"Mount",0.108,-0.285,0.223,0.208,0.140,0.208,34,W,44,S,,,1122595,587.93,0
1868,4466.809,"Mount",0.106,-0.309,0.231,0.231,0.155,0.231,37,W,49,S,,,1092650,570.90,0
1869,4469.350,"Mount",-0.236,-0.157,-0.143,0.245,-0.079,0.245,19,E,51,S,,,1113389,564.07,0
1870,4471.878,"Mount",-0.919,-0.246,-0.718,0.624,-0.458,0.624,111,E,131,S,,,1139921,598.39,0
1871,4474.334,"Mount",-0.173,0.107,-0.203,-0.020,-0.160,0.000,39,E,0,,,,1041256,530.38,0
1872,4476.598,"Mount",0.175,0.061,0.130,-0.131,0.071,0.000,17,W,0,,,,1161952,590.22,0
1873,4478.998,"Mount",-0.012,0.263,-0.126,-0.232,0.000,0.000,0,,0,,,,1100202,548.28,0
1874,4481.319,"Mount",-0.332,0.131,-0.355,0.028,-0.224,0.000,54,E,0,,,,1181902,582.57,0
1875,4483.790,"Mount",-0.337,0.103,-0.348,0.056,-0.235,0.000,57,E,0,,,,1195959,579.57,0
1876,4486.062,"Mount",0.174,-0.182,0.236,0.088,0.132,0.000,32,W,0,,,,1134131,556.29,0
1877,4488.480,"Mount",0.169,-0.085,0.189,0.002,0.128,0.000,31,W,0,,,,1152459,581.12,0
1878,4490.822,"Mount",0.000,-0.245,0.108,0.220,0.000,0.220,0,,46,S,,,1137715,601.08,0
1879,4493.350,"Mount",-0.503,-0.077,-0.418,0.290,-0.263,0.290,64,E,61,S,,,1135465,592.16,0
1880,4495.606,"Mount",-0.279,0.025,-0.262,0.100,-0.183,0.000,44,E,0,,,,1165847,606.05,0
1881,4498.118,"Mount",-0.232,-0.276,-0.087,0.349,0.000,0.349,0,,73,S,,,1165589,611.62,0
1882,4500.574,"Mount",-0.424,-0.200,-0.293,0.366,-0.185,0.366,45,E,77,S,,,1182862,570.53,0
1883,4503.054,"Mount",0.219,0.076,0.163,-0.164,0.090,0.000,22,W,0,,,,1093420,512.03,0
1884,4505.455,"Mount",0.149,-0.073,0.166,0.000,0.111,0.000,27,W,0,,,,1131092,515.46,0
1885,4507.886,"Mount",0.420,0.126,0.322,-0.298,0.211,0.000,51,W,0,,,,1135345,604.70,0
1886,4511.142,"Mount",0.454,0.640,0.127,-0.774,0.000,-0.774,0,,968,N,,,1102499,531.43,0
1887,4513.727,"Mount",0.027,0.504,-0.197,-0.464,-0.124,-0.464,30,E,98,N,,,1082651,561.27,0
1888,4516.150,"Mount",-0.391,0.613,-0.621,-0.380,-0.400,-0.380,97,E,80,N,,,1079551,532.84,0
1889,4518.710,"Mount",0.007,0.445,-0.189,-0.403,-0.147,-0.403,36,E,85,N,,,1037458,539.56,0
1890,4521.110,"Mount",-0.065,0.475,-0.267,-0.398,-0.179,-0.398,43,E,84,N,,,1092272,514.43,0
1891,4523.686,"Mount",0.367,0.272,0.210,-0.406,0.120,-0.406,29,W,85,N,,,1101049,553.64,0
1892,4526.138,"Mount",0.181,-0.010,0.167,-0.070,0.114,0.000,27,W,0,,,,1127022,507.25,0
1893,4528.686,"Mount",0.541,-0.002,0.487,-0.235,0.315,-0.235,76,W,49,N,,,1104101,537.33,0
1894,4531.094,"Mount",0.495,0.005,0.443,-0.222,0.301,-0.222,73,W,47,N,,,1069154,502.91,0
1895,4533.466,"Mount",-0.150,-0.107,-0.087,0.162,0.000,0.000,0,,0,,,,1060379,527.22,0
1896,4535.735,"Mount",0.061,-0.153,0.122,0.111,0.000,0.000,0,,0,,,,1111942,546.23,0
1897,4538.214,"Mount",-0.161,0.197,-0.231,-0.107,-0.145,0.000,35,E,0,,,,1100642,541.35,0
1898,4540.387,"Mount",0.029,-0.193,0.111,0.161,0.000,0.000,0,,0,,,,1137843,601.19,0
1899,4542.693,"Mount",-0.136,-0.076,-0.089,0.128,0.000,0.000,0,,0,,,,1096397,623.02,0
1900,4544.899,"Mount",0.012,-0.019,0.020,0.012,0.000,0.000,0,,0,,,,1124628,549.64,0
1901,4547.267,"Mount",0.083,-0.016,0.082,-0.022,0.000,0.000,0,,0,,,,1113541,554.74,0
1902,4549.539,"Mount",0.007,-0.366,0.167,0.326,0.105,0.000,25,W,0,,,,1169514,572.83,0
1903,4551.990,"Mount",0.244,-0.205,0.309,0.077,0.202,0.000,49,W,0,,,,1120246,567.54,0
1904,4554.310,"Mount",0.223,-0.084,0.238,-0.022,0.164,0.000,40,W,0,,,,1144328,604.86,0
1905,4556.752,"Mount",-0.234,0.127,-0.266,-0.011,-0.156,0.000,38,E,0,,,,1055698,552.05,0
1906,4558.995,"Mount",0.008,-0.022,0.017,0.016,0.000,0.000,0,,0,,,,1108024,584.49,0
1907,4561.414,"Mount",-0.321,0.090,-0.327,0.060,-0.206,0.000,50,E,0,,,,1068959,581.55,0
1908,4563.710,"Mount",0.177,-0.037,0.175,-0.045,0.096,0.000,23,W,0,,,,1085304,524.08,0
1909,4566.049,"Mount",-0.012,0.063,-0.038,-0.051,0.000,0.000,0,,0,,,,1121549,595.72,0
1910,4568.286,"Mount",-0.046,-0.190,0.042,0.191,0.000,0.000,0,,0,,,,1065206,605.78,0
1911,4570.626,"Mount",-0.020,-0.207,0.072,0.195,0.000,0.000,0,,0,,,,1129200,564.84,0
1912,4572.983,"Mount",0.371,0.029,0.321,-0.188,0.202,0.000,49,W,0,,,,1169419,608.54,0
1913,4575.429,"Mount",-0.018,0.143,-0.079,-0.121,0.000,0.000,0,,0,,,,1102870,560.68,0
1914,4577.734,"Mount",-0.265,0.081,-0.273,0.044,-0.172,0.000,42,E,0,,,,1081973,571.74,0
1915,4580.190,"Mount",-0.411,0.134,-0.428,0.059,-0.282,0.000,68,E,0,,,,1017500,525.47,0
1916,4582.734,"Mount",-0.299,0.492,-0.485,-0.311,-0.325,-0.311,79,E,65,N,,,1062925,538.16,0
1917,4585.214,"Mount",-0.536,0.032,-0.496,0.207,-0.335,0.000,81,E,0,,,,1119032,563.90,0
1918,4587.774,"Mount",-0.143,0.156,-0.197,-0.078,-0.148,0.000,36,E,0,,,,1080266,555.22,0
1919,4590.350,"Mount",0.569,-0.453,0.710,0.158,0.437,0.000,106,W,0,,,,1079943,598.52,0
1920,4592.663,"Mount",0.401,-0.215,0.455,0.017,0.317,0.000,77,W,0,,,,1095273,584.18,0
1921,4595.078,"Mount",0.077,-0.149,0.135,0.100,0.107,0.000,26,W,0,,,,1103601,558.81,0
1922,4597.366,"Mount",0.204,-0.222,0.281,0.110,0.185,0.000,45,W,0,,,,1064485,531.02,0
1923,4599.774,"Mount",-0.197,0.128,-0.233,-0.029,-0.134,0.000,32,E,0,,,,1019628,493.27,0
1924,4602.046,"Mount",-0.339,0.119,-0.357,0.042,-0.234,0.000,57,E,0,,,,1149615,606.50,0
1925,4604.470,"Mount",-0.410,-0.108,-0.321,0.277,-0.218,0.000,53,E,0,,,,1220526,579.21,0
1926,4606.746,"Mount",-0.395,0.010,-0.359,0.165,-0.242,0.000,58,E,0,,,,1116852,565.75,0
1927,4609.342,"Mount",-0.929,0.047,-0.855,0.366,-0.556,0.000,134,E,0,,,,1144979,531.41,0
1928,4612.654,"Mount",-0.633,-0.163,-0.497,0.425,-0.352,0.425,85,E,942,S,,,1127861,506.48,0
1929,4615.310,"Mount",0.500,-0.731,0.770,0.437,0.460,0.437,111,W,92,S,,,1103296,565.96,0
1930,4617.694,"Mount",0.223,-0.338,0.349,0.206,0.252,0.206,61,W,43,S,,,1117383,579.71,0
1931,4620.182,"Mount",-0.403,0.150,-0.428,0.042,-0.252,0.000,61,E,0,,,,1097850,576.36,0
1932,4622.454,"Mount",-0.128,0.083,-0.151,-0.019,-0.113,0.000,27,E,0,,,,1102816,533.38,0
1933,4624.913,"Mount",-0.340,0.125,-0.361,0.037,-0.235,0.000,57,E,0,,,,1048385,578.86,0
1934,4627.215,"Mount",-0.042,-0.101,0.007,0.109,0.000,0.000,0,,0,,,,1090917,599.39,0
1935,4629.646,"Mount",-0.326,0.008,-0.297,0.136,-0.187,0.000,45,E,0,,,,1052717,526.05,0
1936,4631.837,"Mount",0.031,-0.183,0.108,0.151,0.000,0.000,0,,0,,,,1097581,538.00,0
1937,4634.270,"Mount",-0.065,-0.219,0.037,0.225,0.000,0.225,0,,47,S,,,1119587,603.44,0
1938,4636.467,"Mount",0.064,-0.036,0.073,0.004,0.000,0.000,0,,0,,,,1107772,530.40,0
1939,4638.822,"Mount",-0.076,-0.069,-0.038,0.095,0.000,0.000,0,,0,,,,1134913,560.27,0
1940,4641.270,"Mount",-0.248,-0.135,-0.163,0.230,-0.103,0.230,25,E,48,S,,,1056381,534.63,0
1941,4643.870,"Mount",-0.936,0.361,-0.999,0.087,-0.637,0.000,154,E,0,,,,1102595,601.78,0
1942,4646.247,"Mount",-0.664,0.258,-0.710,0.059,-0.492,0.000,119,E,0,,,,1113124,545.68,0
1943,4648.598,"Mount",-0.030,-0.104,0.018,0.107,0.000,0.000,0,,0,,,,1124320,500.81,0
1944,4650.813,"Mount",-0.113,-0.166,-0.029,0.199,0.000,0.000,0,,0,,,,1050559,489.81,0
1945,4653.318,"Mount",-0.208,-0.606,0.079,0.636,0.000,0.636,0,,134,S,,,1178026,625.20,0
1946,4655.736,"Mount",0.290,-0.533,0.494,0.352,0.312,0.352,75,W,74,S,,,1115367,580.97,0
1947,4658.241,"Mount",0.264,0.034,0.222,-0.146,0.162,0.000,39,W,0,,,,1154733,536.03,0
1948,4660.590,"Mount",-0.158,-0.253,-0.031,0.296,0.000,0.296,0,,62,S,,,1098963,579.00,0
1949,4663.048,"Mount",-0.114,0.129,-0.159,-0.066,-0.100,0.000,24,E,0,,,,1072557,538.90,0
1950,4665.467,"Mount",-0.409,0.007,-0.370,0.173,-0.240,0.000,58,E,0,,,,1077031,551.29,0
INFO: SET LOCK POSITION, new lock pos = 973.626, 221.593
INFO: DITHER by 1.018, 1.072, new lock pos = 974.071, 220.183
INFO: SETTLING STATE CHANGE, Settling started
1951,4669.614,"Mount",-0.444,1.410,-1.018,-1.072,-1.018,-1.072,246,E,1130,N,,,1149683,595.78,0
1952,4673.085,"Mount",-0.181,0.809,-0.517,-0.648,-0.326,-0.648,79,E,136,N,,,1160308,572.32,0
1953,4675.502,"Mount",0.513,0.667,0.168,-0.824,0.083,-0.824,20,W,173,N,,,1100765,596.14,0
1954,4678.054,"Mount",0.596,0.200,0.448,-0.441,0.288,-0.441,70,W,93,N,,,1085099,547.39,0
1955,4680.489,"Mount",0.526,0.419,0.289,-0.607,0.202,-0.607,49,W,127,N,,,1053549,593.87,0
INFO: SETTLING STATE CHANGE, Settling complete
1956,4683.070,"Mount",0.472,0.305,0.290,-0.481,0.197,-0.481,48,W,101,N,,,1008616,552.12,0
1957,4685.518,"Mount",0.055,0.448,-0.148,-0.427,-0.079,-0.427,19,E,90,N,,,1033013,534.95,0
1958,4687.942,"Mount",-0.194,-0.106,-0.128,0.180,0.000,0.000,0,,0,,,,1127540,569.20,0
1959,4690.198,"Mount",0.052,-0.108,0.094,0.074,0.000,0.000,0,,0,,,,1046014,558.71,0
1960,4692.531,"Mount",0.017,-0.059,0.041,0.045,0.000,0.000,0,,0,,,,1042632,533.39,0
1961,4694.814,"Mount",0.270,0.044,0.223,-0.158,0.140,0.000,34,W,0,,,,1079470,538.02,0
1962,4697.214,"Mount",-0.076,0.160,-0.139,-0.110,-0.078,0.000,19,E,0,,,,1045063,589.15,0
1963,4699.494,"Mount",0.286,-0.100,0.301,-0.036,0.184,0.000,45,W,0,,,,1091063,563.03,0
1964,4701.934,"Mount",0.383,-0.208,0.435,0.019,0.287,0.000,69,W,0,,,,1110963,539.62,0
1965,4704.262,"Mount",0.401,-0.290,0.488,0.084,0.327,0.000,79,W,0,,,,1037841,544.45,0
1966,4706.710,"Mount",-0.126,0.121,-0.166,-0.054,-0.082,0.000,20,E,0,,,,1089366,541.81,0
1967,4708.898,"Mount",-0.046,0.142,-0.104,-0.107,0.000,0.000,0,,0,,,,1038379,487.80,0
1968,4711.334,"Mount",-0.202,0.257,-0.294,-0.143,-0.185,0.000,45,E,0,,,,1096118,581.19,0
1969,4713.622,"Mount",0.135,-0.193,0.207,0.114,0.117,0.000,28,W,0,,,,1090258,560.72,0
1970,4715.963,"Mount",-0.007,-0.211,0.086,0.193,0.000,0.000,0,,0,,,,1148144,559.40,0
1971,4718.240,"Mount",-0.044,-0.048,-0.018,0.062,0.000,0.000,0,,0,,,,1075749,599.04,0
1972,4720.639,"Mount",0.131,-0.184,0.198,0.108,0.125,0.000,30,W,0,,,,1106376,559.71,0
1973,4722.966,"Mount",0.362,-0.215,0.420,0.034,0.273,0.000,66,W,0,,,,1020856,578.06,0
1974,4725.502,"Mount",0.097,-0.233,0.189,0.167,0.138,0.000,33,W,0,,,,1064473,568.01,0
1975,4727.713,"Mount",-0.069,-0.063,-0.034,0.087,0.000,0.000,0,,0,,,,1153991,523.65,0
1976,4730.230,"Mount",-0.528,0.058,-0.500,0.180,-0.315,0.000,76,E,0,,,,1091002,547.88,0
1977,4732.550,"Mount",-0.511,-0.022,-0.449,0.244,-0.305,0.000,74,E,0,,,,1083953,595.85,0
1978,4735.022,"Mount",-0.358,-0.277,-0.200,0.406,-0.147,0.000,36,E,0,,,,1073431,567.10,0
1979,4738.358,"Mount",-0.147,-0.217,-0.037,0.259,0.000,0.259,0,,959,S,,,1054338,562.13,0
1980,4741.363,"Mount",0.635,-0.828,0.934,0.465,0.588,0.465,142,W,98,S,,,1104946,540.87,0
1981,4743.807,"Mount",0.072,-0.169,0.139,0.120,0.129,0.000,31,W,0,,,,1115928,558.72,0
1982,4746.326,"Mount",0.292,-0.236,0.366,0.083,0.240,0.000,58,W,0,,,,1102432,576.43,0
1983,4748.620,"Mount",-0.001,-0.096,0.042,0.087,0.000,0.000,0,,0,,,,1042036,516.72,0
1984,4751.174,"Mount",-0.235,-0.117,-0.160,0.208,-0.101,0.208,24,E,44,S,,,1127611,512.97,0
1985,4753.758,"Mount",-0.211,-0.035,-0.174,0.124,-0.117,0.000,28,E,0,,,,1100317,561.95,0
1986,4756.287,"Mount",-0.205,-0.187,-0.102,0.258,0.000,0.258,0,,54,S,,,1099211,551.08,0
1987,4758.499,"Mount",0.037,-0.070,0.064,0.047,0.000,0.000,0,,0,,,,1074784,494.41,0
1988,4760.960,"Mount",-0.384,0.003,-0.347,0.166,-0.218,0.000,53,E,0,,,,1121923,570.33,0
1989,4763.262,"Mount",0.107,-0.249,0.206,0.176,0.114,0.000,28,W,0,,,,1104595,551.05,0
1990,4765.619,"Mount",-0.055,-0.063,-0.022,0.081,0.000,0.000,0,,0,,,,1135110,624.05,0
1991,4767.854,"Mount",0.125,-0.197,0.199,0.122,0.125,0.000,30,W,0,,,,1096035,574.39,0
1992,4770.342,"Mount",-0.181,0.064,-0.191,0.022,-0.112,0.000,27,E,0,,,,1094340,583.19,0
1993,4772.525,"Mount",-0.115,-0.034,-0.089,0.081,0.000,0.000,0,,0,,,,1135306,572.19,0
1994,4774.943,"Mount",-0.278,0.009,-0.254,0.114,-0.160,0.000,39,E,0,,,,1121357,556.26,0
1995,4777.322,"Mount",-0.103,-0.314,0.045,0.328,0.000,0.328,0,,69,S,,,1116312,590.69,0
1996,4779.673,"Mount",-0.034,-0.148,0.034,0.148,0.000,0.000,0,,0,,,,1093611,521.20,0
1997,4781.879,"Mount",-0.033,-0.123,0.025,0.125,0.000,0.000,0,,0,,,,1044140,555.44,0
1998,4784.294,"Mount",-0.202,-0.053,-0.158,0.137,-0.099,0.000,24,E,0,,,,1137224,594.29,0
1999,4786.646,"Mount",0.013,-0.277,0.134,0.243,0.077,0.243,19,W,51,S,,,1054283,552.30,0
2000,4789.142,"Mount",0.153,-0.114,0.188,0.035,0.124,0.000,30,W,0,,,,1124239,577.01,0
2001,4791.386,"Mount",0.010,-0.222,0.106,0.195,0.000,0.000,0,,0,,,,1126851,613.21,0
2002,4793.910,"Mount",-0.354,0.082,-0.354,0.081,-0.223,0.000,54,E,0,,,,1169012,585.68,0
2003,4796.140,"Mount",-0.183,-0.084,-0.127,0.156,0.000,0.000,0,,0,,,,1055009,561.99,0
2004,4798.566,"Mount",-0.345,-0.005,-0.307,0.156,-0.194,0.000,47,E,0,,,,1126222,518.13,0
2005,4800.855,"Mount",-0.279,-0.036,-0.235,0.155,-0.161,0.000,39,E,0,,,,1087629,575.71,0
2006,4803.270,"Mount",0.126,-0.102,0.158,0.036,0.088,0.000,21,W,0,,,,1067009,574.32,0
2007,4805.766,"Mount",0.099,-0.298,0.220,0.224,0.145,0.224,35,W,47,S,,,1081774,592.82,0
2008,4808.238,"Mount",0.296,-0.279,0.389,0.121,0.255,0.000,62,W,0,,,,1070985,541.20,0
2009,4810.458,"Mount",-0.130,0.028,-0.129,0.032,0.000,0.000,0,,0,,,,1073334,522.70,0
2010,4812.886,"Mount",-0.383,0.090,-0.384,0.087,-0.242,0.000,58,E,0,,,,1055827,540.47,0
2011,4815.434,"Mount",-0.615,-0.022,-0.543,0.289,-0.359,0.289,87,E,61,S,,,1054854,590.01,0
2012,4817.848,"Mount",0.106,-0.211,0.187,0.143,0.093,0.000,22,W,0,,,,1045716,547.04,0
2013,4820.176,"Mount",-0.222,0.062,-0.226,0.042,-0.136,0.000,33,E,0,,,,1062752,532.39,0
2014,4822.543,"Mount",-0.072,-0.175,0.012,0.189,0.000,0.000,0,,0,,,,1099822,567.79,0
2015,4824.761,"Mount",-0.055,0.001,-0.050,0.023,0.000,0.000,0,,0,,,,1073693,582.24,0
2016,4827.558,"Mount",0.160,-0.161,0.215,0.074,0.135,0.000,33,W,0,,,,1061934,568.76,0
2017,4829.832,"Mount",0.166,-0.098,0.192,0.015,0.131,0.000,32,W,0,,,,1018742,596.24,0
2018,4832.171,"Mount",-0.101,-0.101,-0.046,0.135,0.000,0.000,0,,0,,,,1104462,569.73,0
2019,4834.363,"Mount",0.008,-0.212,0.100,0.188,0.000,0.000,0,,0,,,,1056479,550.45,0
2020,4836.780,"Mount",-0.089,-0.038,-0.063,0.073,0.000,0.000,0,,0,,,,1150120,574.37,0
2021,4838.980,"Mount",0.066,0.004,0.058,-0.033,0.000,0.000,0,,0,,,,1113761,562.06,0
2022,4841.367,"Mount",0.035,-0.171,0.107,0.138,0.000,0.000,0,,0,,,,1044614,596.25,0
2023,4843.630,"Mount",-0.167,-0.260,-0.036,0.307,0.000,0.307,0,,64,S,,,1109762,552.30,0
2024,4846.000,"Mount",0.020,-0.202,0.107,0.173,0.000,0.000,0,,0,,,,1055831,537.46,0
2025,4848.254,"Mount",0.101,-0.118,0.143,0.061,0.090,0.000,22,W,0,,,,1106275,584.82,0
2026,4850.806,"Mount",0.129,-0.300,0.248,0.213,0.162,0.213,39,W,45,S,,,1037612,561.99,0
2027,4853.190,"Mount",0.211,-0.273,0.309,0.153,0.206,0.000,50,W,0,,,,1134411,535.80,0
2028,4855.548,"Mount",0.062,-0.026,0.068,-0.004,0.000,0.000,0,,0,,,,1130970,628.99,0
2029,4857.862,"Mount",0.039,-0.219,0.131,0.180,0.082,0.000,20,W,0,,,,1003878,551.17,0
2030,4860.350,"Mount",-0.229,-0.180,-0.127,0.263,0.000,0.263,0,,55,S,,,1053961,567.34,0
2031,4862.523,"Mount",-0.044,-0.143,0.023,0.148,0.000,0.000,0,,0,,,,1052572,546.75,0
2032,4864.982,"Mount",-0.063,-0.211,0.036,0.217,0.000,0.217,0,,46,S,,,1162581,606.92,0
2033,4867.370,"Mount",-0.037,-0.309,0.102,0.294,0.000,0.294,0,,62,S,,,1083319,575.44,0
2034,4869.790,"Mount",0.192,-0.038,0.189,-0.050,0.119,0.000,29,W,0,,,,1014372,560.25,0
2035,4872.094,"Mount",0.308,-0.324,0.419,0.156,0.272,0.000,66,W,0,,,,1034636,509.85,0
2036,4874.451,"Mount",0.137,0.004,0.121,-0.064,0.000,0.000,0,,0,,,,1140372,549.62,0
2037,4876.710,"Mount",0.208,-0.111,0.236,0.008,0.149,0.000,36,W,0,,,,981363,546.67,0
2038,4879.214,"Mount",-0.428,0.155,-0.452,0.048,-0.275,0.000,66,E,0,,,,1068528,543.42,0
2039,4881.518,"Mount",-0.187,0.053,-0.191,0.035,-0.140,0.000,34,E,0,,,,1035890,535.76,0
2040,4884.040,"Mount",-0.461,0.089,-0.453,0.123,-0.295,0.000,71,E,0,,,,1065263,592.71,0
2041,4886.295,"Mount",-0.083,-0.156,-0.006,0.176,0.000,0.000,0,,0,,,,1118075,556.22,0
2042,4888.690,"Mount",-0.082,-0.105,-0.028,0.130,0.000,0.000,0,,0,,,,1092065,553.34,0
2043,4890.958,"Mount",0.264,-0.200,0.325,0.064,0.205,0.000,49,W,0,,,,1058384,554.18,0
2044,4893.609,"Mount",0.266,-0.173,0.315,0.038,0.213,0.000,51,W,0,,,,1026315,536.90,0
2045,4895.974,"Mount",0.211,-0.358,0.347,0.229,0.233,0.229,56,W,48,S,,,1110770,537.27,0
2046,4898.430,"Mount",-0.065,0.030,-0.071,0.001,0.000,0.000,0,,0,,,,1117079,535.20,0
2047,4900.742,"Mount",-0.291,-0.045,-0.242,0.168,-0.152,0.000,37,E,0,,,,1050778,514.21,0
2048,4903.294,"Mount",-0.451,-0.246,-0.298,0.419,-0.198,0.419,48,E,88,S,,,1094576,588.39,0
2049,4905.527,"Mount",-0.286,0.108,-0.304,0.028,-0.205,0.000,50,E,0,,,,1057598,583.27,0
2050,4907.966,"Mount",-0.200,-0.014,-0.174,0.100,-0.124,0.000,30,E,0,,,,1161249,573.65,0
2051,4910.302,"Mount",-0.368,0.120,-0.383,0.053,-0.250,0.000,60,E,0,,,,1083250,550.39,0
2052,4912.661,"Mount",-0.032,-0.006,-0.026,0.020,0.000,0.000,0,,0,,,,1143056,623.87,0
2053,4914.872,"Mount",-0.096,0.091,-0.126,-0.040,0.000,0.000,0,,0,,,,1058408,553.39,0
2054,4917.237,"Mount",-0.040,0.021,-0.045,-0.001,0.000,0.000,0,,0,,,,1114472,637.56,0
2055,4919.606,"Mount",-0.229,0.016,-0.213,0.086,-0.134,0.000,32,E,0,,,,1050917,553.25,0
2056,4922.054,"Mount",-0.209,-0.159,-0.118,0.234,0.000,0.234,0,,49,S,,,1099000,567.55,0
2057,4924.374,"Mount",-0.287,0.190,-0.341,-0.045,-0.215,0.000,52,E,0,,,,1003217,544.53,0
2058,4926.806,"Mount",-0.246,0.017,-0.229,0.092,-0.159,0.000,38,E,0,,,,1080980,559.70,0
2059,4929.167,"Mount",-0.392,0.016,-0.359,0.158,-0.237,0.000,57,E,0,,,,1069397,589.85,0
2060,4931.608,"Mount",-0.015,-0.003,-0.012,0.009,0.000,0.000,0,,0,,,,1069158,588.29,0
2061,4933.870,"Mount",-0.220,-0.056,-0.173,0.146,-0.109,0.000,26,E,0,,,,1048429,572.72,0
2062,4936.223,"Mount",0.022,-0.181,0.099,0.152,0.000,0.000,0,,0,,,,1029642,537.38,0
2063,4938.482,"Mount",0.050,-0.148,0.110,0.111,0.000,0.000,0,,0,,,,1062010,571.92,0
2064,4940.874,"Mount",-0.053,-0.072,-0.016,0.088,0.000,0.000,0,,0,,,,1001865,542.27,0
2065,4943.238,"Mount",-0.345,0.045,-0.329,0.111,-0.207,0.000,50,E,0,,,,1022181,533.54,0
2066,4945.954,"Mount",-0.298,0.050,-0.290,0.086,-0.197,0.000,48,E,0,,,,1051047,501.17,0
2067,4948.300,"Mount",-0.356,0.040,-0.337,0.120,-0.226,0.000,55,E,0,,,,1069628,565.86,0
2068,4950.669,"Mount",0.033,-0.131,0.087,0.103,0.000,0.000,0,,0,,,,1054688,569.26,0
2069,4952.889,"Mount",0.021,-0.106,0.065,0.086,0.000,0.000,0,,0,,,,1092221,504.67,0
2070,4955.310,"Mount",0.149,-0.186,0.216,0.102,0.136,0.000,33,W,0,,,,1021561,508.33,0
2071,4957.582,"Mount",0.127,-0.060,0.140,-0.002,0.098,0.000,24,W,0,,,,1046937,537.49,0
2072,4960.087,"Mount",-0.298,-0.079,-0.233,0.202,-0.140,0.202,34,E,42,S,,,1100376,553.48,0
2073,4962.494,"Mount",-0.423,-0.195,-0.294,0.361,-0.195,0.361,47,E,76,S,,,1106422,530.08,0
2074,4964.941,"Mount",-0.074,0.415,-0.249,-0.341,-0.170,0.000,41,E,0,,,,1017341,574.50,0
2075,4967.256,"Mount",-0.058,0.310,-0.188,-0.253,-0.130,0.000,31,E,0,,,,1013108,551.23,0
2076,4969.710,"Mount",0.005,0.310,-0.132,-0.281,-0.092,0.000,22,E,0,,,,1091173,582.21,0
2077,4971.900,"Mount",0.084,0.291,-0.053,-0.298,0.000,0.000,0,,0,,,,1058619,527.49,0
2078,4974.384,"Mount",-0.289,0.249,-0.368,-0.097,-0.232,0.000,56,E,0,,,,1010543,565.41,0
2079,4976.670,"Mount",0.236,0.034,0.197,-0.134,0.108,0.000,26,W,0,,,,1103717,573.64,0
2080,4979.214,"Mount",0.492,0.089,0.403,-0.296,0.261,0.000,63,W,0,,,,1010298,540.54,0
2081,4981.742,"Mount",0.645,-0.137,0.640,-0.160,0.421,0.000,102,W,0,,,,1058456,543.44,0
2082,4985.230,"Mount",0.001,0.351,-0.153,-0.316,-0.067,-0.316,16,E,971,N,,,1060028,569.14,0
2083,4987.478,"Mount",-0.057,0.202,-0.140,-0.157,-0.093,0.000,22,E,0,,,,1068186,557.14,0
2084,4989.934,"Mount",-0.129,0.052,-0.138,0.010,-0.094,0.000,23,E,0,,,,1054500,600.01,0
2085,4992.198,"Mount",-0.169,0.181,-0.232,-0.089,-0.153,0.000,37,E,0,,,,1072199,576.94,0
2086,4994.638,"Mount",0.001,0.256,-0.111,-0.231,0.000,-0.231,0,,48,N,,,1067940,520.90,0
2087,4996.910,"Mount",-0.273,0.238,-0.349,-0.094,-0.220,0.000,53,E,0,,,,1103988,557.78,0
2088,4999.306,"Mount",0.075,-0.038,0.084,0.001,0.000,0.000,0,,0,,,,1104984,620.18,0
2089,5001.566,"Mount",0.236,-0.035,0.227,-0.072,0.143,0.000,35,W,0,,,,1025927,535.88,0
2090,5003.980,"Mount",0.077,-0.045,0.089,0.007,0.000,0.000,0,,0,,,,1121685,571.35,0
2091,5006.208,"Mount",0.099,0.012,0.084,-0.054,0.000,0.000,0,,0,,,,1051835,567.36,0
2092,5008.607,"Mount",0.034,0.046,0.010,-0.056,0.000,0.000,0,,0,,,,1158212,604.04,0
2093,5011.162,"Mount",-0.088,0.086,-0.117,-0.038,0.000,0.000,0,,0,,,,1047528,578.62,0
2094,5013.582,"Mount",0.224,-0.206,0.291,0.087,0.183,0.000,44,W,0,,,,1024529,509.14,0
2095,5015.830,"Mount",-0.173,0.107,-0.203,-0.020,-0.115,0.000,28,E,0,,,,1075086,571.58,0
2096,5018.211,"Mount",-0.104,-0.029,-0.080,0.072,0.000,0.000,0,,0,,,,1066970,588.29,0
2097,5020.454,"Mount",-0.219,-0.007,-0.194,0.102,-0.122,0.000,29,E,0,,,,1064834,592.49,0
2098,5023.110,"Mount",0.262,-0.293,0.364,0.148,0.221,0.000,53,W,0,,,,1064593,573.72,0
2099,5025.491,"Mount",0.159,-0.007,0.146,-0.063,0.108,0.000,26,W,0,,,,1049823,529.91,0
2100,5027.829,"Mount",-0.018,0.007,-0.020,0.002,0.000,0.000,0,,0,,,,1112511,584.25,0
2101,5030.135,"Mount",-0.201,-0.007,-0.177,0.095,-0.112,0.000,27,E,0,,,,1074547,522.98,0
2102,5032.582,"Mount",-0.229,0.080,-0.241,0.029,-0.160,0.000,39,E,0,,,,1076443,509.83,0
2103,5034.854,"Mount",-0.259,0.199,-0.320,-0.065,-0.213,0.000,51,E,0,,,,1098873,588.40,0
2104,5037.382,"Mount",-0.365,-0.122,-0.275,0.270,-0.188,0.000,45,E,0,,,,1127015,586.17,0
2105,5039.636,"Mount",-0.064,-0.143,0.006,0.156,0.000,0.000,0,,0,,,,1066573,498.62,0
2106,5042.094,"Mount",0.268,-0.346,0.392,0.194,0.247,0.000,60,W,0,,,,1011716,463.24,0
2107,5044.315,"Mount",0.065,-0.061,0.085,0.026,0.000,0.000,0,,0,,,,1065762,561.00,0
2108,5046.669,"Mount",0.021,-0.142,0.082,0.119,0.000,0.000,0,,0,,,,1118661,571.60,0
2109,5048.875,"Mount",0.062,-0.023,0.066,-0.007,0.000,0.000,0,,0,,,,1061456,567.49,0
2110,5051.358,"Mount",-0.209,0.041,-0.206,0.055,-0.130,0.000,31,E,0,,,,1081062,571.04,0
2111,5053.726,"Mount",-0.156,0.042,-0.158,0.030,-0.109,0.000,26,E,0,,,,1097494,521.02,0
2112,5056.174,"Mount",-0.483,0.082,-0.470,0.138,-0.304,0.000,73,E,0,,,,1086354,544.12,0
2113,5058.550,"Mount",-0.343,-0.061,-0.282,0.205,-0.199,0.000,48,E,0,,,,1134012,563.01,0
2114,5061.062,"Mount",-0.681,-0.177,-0.534,0.457,-0.351,0.000,85,E,0,,,,1072049,573.78,0
2115,5064.390,"Mount",-0.319,-0.229,-0.187,0.346,-0.142,0.346,34,E,978,S,,,1127446,566.38,0
2116,5066.924,"Mount",0.364,0.098,0.284,-0.248,0.169,0.000,41,W,0,,,,1031250,558.38,0
2117,5069.230,"Mount",0.233,0.148,0.144,-0.235,0.102,0.000,25,W,0,,,,1053408,532.83,0
2118,5071.767,"Mount",-0.716,0.589,-0.902,-0.216,-0.561,0.000,135,E,0,,,,1111071,579.12,0
2119,5074.119,"Mount",-0.171,0.160,-0.224,-0.069,-0.181,0.000,44,E,0,,,,1086119,564.10,0
2120,5076.526,"Mount",-0.206,0.317,-0.324,-0.195,-0.217,0.000,52,E,0,,,,1058604,541.95,0
2121,5078.739,"Mount",0.115,0.317,-0.036,-0.336,0.000,0.000,0,,0,,,,1026103,580.38,0
2122,5081.109,"Mount",-0.092,0.107,-0.129,-0.056,0.000,0.000,0,,0,,,,1102419,541.00,0
2123,5083.308,"Mount",-0.021,0.205,-0.109,-0.175,0.000,0.000,0,,0,,,,1091780,615.87,0
2124,5086.710,"Mount",-0.006,0.294,-0.134,-0.261,-0.084,-0.261,20,E,960,N,,,1050098,530.83,0
2125,5088.942,"Mount",0.101,-0.001,0.092,-0.043,0.000,0.000,0,,0,,,,1047841,533.64,0
2126,5091.314,"Mount",-0.010,-0.027,0.003,0.028,0.000,0.000,0,,0,,,,1051006,536.79,0
2127,5093.622,"Mount",-0.331,0.179,-0.376,-0.016,-0.237,0.000,57,E,0,,,,1060573,552.09,0
2128,5096.065,"Mount",-0.174,0.002,-0.157,0.075,-0.116,0.000,28,E,0,,,,1084332,546.65,0
2129,5098.350,"Mount",-0.265,0.052,-0.261,0.069,-0.172,0.000,42,E,0,,,,1118619,513.64,0
2130,5100.749,"Mount",0.090,-0.030,0.094,-0.012,0.000,0.000,0,,0,,,,1103689,528.28,0
2131,5102.973,"Mount",0.040,-0.124,0.091,0.094,0.000,0.000,0,,0,,,,1093632,552.21,0
2132,5105.399,"Mount",0.115,-0.116,0.155,0.054,0.097,0.000,24,W,0,,,,1049168,596.84,0
2133,5107.696,"Mount",0.314,-0.011,0.287,-0.128,0.188,0.000,45,W,0,,,,1076719,524.68,0
2134,5110.190,"Mount",-0.204,0.170,-0.258,-0.063,-0.149,0.000,36,E,0,,,,1112172,539.02,0
2135,5112.433,"Mount",-0.056,-0.007,-0.047,0.030,0.000,0.000,0,,0,,,,1119610,557.32,0
2136,5114.895,"Mount",-0.265,0.189,-0.321,-0.054,-0.202,0.000,49,E,0,,,,1047419,518.09,0
2137,5117.312,"Mount",-0.566,0.455,-0.708,-0.160,-0.460,0.000,111,E,0,,,,1030624,487.37,0
2138,5119.673,"Mount",-0.059,0.116,-0.104,-0.079,0.000,0.000,0,,0,,,,1073940,503.25,0
2139,5121.958,"Mount",-0.228,0.133,-0.263,-0.020,-0.166,0.000,40,E,0,,,,1093470,486.74,0
2140,5124.422,"Mount",0.257,-0.045,0.251,-0.072,0.146,0.000,35,W,0,,,,1040840,566.23,0
2141,5126.919,"Mount",0.346,-0.026,0.322,-0.129,0.213,0.000,51,W,0,,,,1053770,567.76,0
2142,5129.417,"Mount",0.337,-0.290,0.430,0.113,0.286,0.000,69,W,0,,,,1042556,543.39,0
2143,5131.718,"Mount",0.336,-0.267,0.419,0.093,0.284,0.000,69,W,0,,,,1072747,524.78,0
2144,5134.108,"Mount",-0.103,0.022,-0.102,0.025,0.000,0.000,0,,0,,,,1112526,533.95,0
2145,5136.404,"Mount",-0.008,-0.038,0.009,0.038,0.000,0.000,0,,0,,,,1102889,600.92,0
2146,5138.862,"Mount",-0.329,0.082,-0.332,0.071,-0.209,0.000,50,E,0,,,,1107887,565.23,0
2147,5141.057,"Mount",-0.089,0.057,-0.104,-0.012,0.000,0.000,0,,0,,,,1034588,501.92,0
2148,5143.441,"Mount",-0.066,-0.113,-0.010,0.131,0.000,0.000,0,,0,,,,1108941,524.65,0
2149,5145.670,"Mount",0.119,-0.106,0.153,0.043,0.097,0.000,23,W,0,,,,1153190,578.74,0
2150,5148.064,"Mount",-0.159,-0.124,-0.089,0.181,0.000,0.000,0,,0,,,,1120956,531.45,0
2151,5150.334,"Mount",0.187,-0.076,0.201,-0.014,0.127,0.000,31,W,0,,,,1089350,582.41,0
2152,5152.788,"Mount",0.124,-0.295,0.241,0.211,0.160,0.000,39,W,0,,,,1061990,549.48,0
2153,5155.139,"Mount",0.339,-0.181,0.384,0.014,0.253,0.000,61,W,0,,,,1056211,605.77,0
2154,5157.566,"Mount",-0.200,0.095,-0.222,0.002,-0.122,0.000,29,E,0,,,,1104058,566.47,0
2155,5159.759,"Mount",-0.140,-0.099,-0.083,0.151,0.000,0.000,0,,0,,,,1103680,528.62,0
2156,5162.147,"Mount",-0.168,-0.235,-0.048,0.284,0.000,0.000,0,,0,,,,1096128,571.54,0
2157,5164.366,"Mount",0.122,-0.108,0.157,0.044,0.099,0.000,24,W,0,,,,1041835,541.34,0
2158,5167.848,"Mount",-0.311,-0.144,-0.216,0.266,-0.129,0.266,31,E,961,S,,,1096696,569.80,0
2159,5170.214,"Mount",0.176,-0.228,0.258,0.128,0.154,0.000,37,W,0,,,,1123488,511.89,0
2160,5172.750,"Mount",0.699,-0.382,0.796,0.037,0.512,0.000,124,W,0,,,,1122796,562.67,0
2161,5175.049,"Mount",0.148,-0.148,0.198,0.069,0.160,0.000,39,W,0,,,,1081253,530.41,0
2162,5177.510,"Mount",-0.225,0.325,-0.344,-0.193,-0.206,0.000,50,E,0,,,,1058493,573.34,0
2163,5179.783,"Mount",-0.141,0.293,-0.255,-0.201,-0.175,0.000,42,E,0,,,,1094169,576.94,0
2164,5182.238,"Mount",-0.347,0.369,-0.474,-0.179,-0.311,0.000,75,E,0,,,,1143162,576.84,0
2165,5184.663,"Mount",-0.640,0.401,-0.751,-0.079,-0.495,0.000,120,E,0,,,,1035756,582.12,0
2166,5187.080,"Mount",0.026,0.069,-0.007,-0.074,0.000,0.000,0,,0,,,,1141407,521.98,0
2167,5189.321,"Mount",-0.050,0.007,-0.048,0.015,0.000,0.000,0,,0,,,,1084355,490.41,0
2168,5191.648,"Mount",-0.027,0.015,-0.031,-0.002,0.000,0.000,0,,0,,,,1136120,617.16,0
2169,5193.990,"Mount",0.212,-0.184,0.271,0.073,0.171,0.000,41,W,0,,,,1159965,605.79,0
2170,5196.502,"Mount",0.225,-0.216,0.297,0.096,0.199,0.000,48,W,0,,,,1144318,587.65,0
2171,5198.942,"Mount",-0.184,0.223,-0.263,-0.119,-0.152,0.000,37,E,0,,,,1047672,522.15,0
2172,5201.398,"Mount",-0.296,0.223,-0.364,-0.070,-0.240,0.000,58,E,0,,,,1097725,591.59,0
2173,5203.710,"Mount",-0.216,0.154,-0.262,-0.044,-0.182,0.000,44,E,0,,,,1153086,574.85,0
2174,5206.214,"Mount",-0.278,0.250,-0.360,-0.102,-0.239,0.000,58,E,0,,,,1162058,594.13,0
2175,5208.518,"Mount",-0.125,0.283,-0.236,-0.199,-0.165,0.000,40,E,0,,,,1077552,609.69,0
2176,5211.014,"Mount",-0.275,0.246,-0.355,-0.100,-0.235,0.000,57,E,0,,,,1114107,547.52,0
2177,5213.321,"Mount",0.155,-0.097,0.182,0.020,0.098,0.000,24,W,0,,,,1091756,592.19,0
2178,5215.710,"Mount",-0.210,0.038,-0.205,0.057,-0.123,0.000,30,E,0,,,,1085448,578.20,0
2179,5217.974,"Mount",-0.215,0.008,-0.197,0.087,-0.132,0.000,32,E,0,,,,1094916,603.32,0
2180,5220.337,"Mount",-0.087,0.057,-0.103,-0.013,0.000,0.000,0,,0,,,,1184889,567.90,0
2181,5222.530,"Mount",-0.049,0.044,-0.064,-0.018,0.000,0.000,0,,0,,,,1127794,537.02,0
2182,5224.988,"Mount",-0.372,0.170,-0.409,0.011,-0.258,0.000,62,E,0,,,,1042540,549.61,0
2183,5227.366,"Mount",-0.287,-0.177,-0.181,0.285,-0.132,0.285,32,E,60,S,,,1093516,515.35,0
2184,5229.896,"Mount",0.009,0.015,0.001,-0.018,0.000,0.000,0,,0,,,,1091700,534.84,0
2185,5232.099,"Mount",-0.014,0.179,-0.091,-0.154,0.000,0.000,0,,0,,,,1083656,604.74,0
2186,5234.494,"Mount",-0.198,0.114,-0.228,-0.015,-0.143,0.000,35,E,0,,,,1077146,582.15,0
2187,5236.667,"Mount",0.008,-0.042,0.026,0.034,0.000,0.000,0,,0,,,,1130260,614.39,0
2188,5239.034,"Mount",-0.001,0.033,-0.015,-0.029,0.000,0.000,0,,0,,,,1087558,553.17,0
2189,5241.267,"Mount",-0.034,0.007,-0.034,0.009,0.000,0.000,0,,0,,,,1043911,540.70,0
2190,5243.790,"Mount",-0.726,0.352,-0.807,0.002,-0.508,0.000,123,E,0,,,,1094532,565.45,0
2191,5246.374,"Mount",-0.201,0.163,-0.252,-0.058,-0.194,0.000,47,E,0,,,,1119684,518.77,0
2192,5248.718,"Mount",-0.039,0.069,-0.065,-0.045,0.000,0.000,0,,0,,,,1096240,566.02,0
2193,5251.044,"Mount",-0.114,0.156,-0.171,-0.090,-0.108,0.000,26,E,0,,,,1130767,587.19,0
2194,5253.558,"Mount",0.348,-0.150,0.379,-0.018,0.231,0.000,56,W,0,,,,1051623,556.17,0
2195,5255.838,"Mount",0.186,-0.046,0.187,-0.041,0.134,0.000,32,W,0,,,,1044870,541.82,0
2196,5258.270,"Mount",0.172,0.056,0.130,-0.126,0.091,0.000,22,W,0,,,,1092011,570.70,0
2197,5260.464,"Mount",-0.127,0.020,-0.123,0.037,0.000,0.000,0,,0,,,,1132507,597.01,0
2198,5262.934,"Mount",-0.418,0.116,-0.426,0.079,-0.269,0.000,65,E,0,,,,1123185,579.49,0
2199,5265.310,"Mount",-0.331,0.159,-0.368,0.002,-0.250,0.000,60,E,0,,,,1092217,576.18,0
2200,5267.734,"Mount",-0.111,0.237,-0.204,-0.164,-0.146,0.000,35,E,0,,,,1144254,604.02,0
2201,5270.030,"Mount",-0.209,0.255,-0.300,-0.138,-0.199,0.000,48,E,0,,,,1105892,525.23,0
2202,5272.385,"Mount",-0.032,0.091,-0.069,-0.068,0.000,0.000,0,,0,,,,1090739,579.99,0
2203,5274.588,"Mount",0.012,0.052,-0.012,-0.052,0.000,0.000,0,,0,,,,1116878,596.28,0
2204,5277.120,"Mount",0.150,-0.067,0.164,-0.006,0.103,0.000,25,W,0,,,,1042744,563.29,0
2205,5279.367,"Mount",0.065,-0.146,0.122,0.102,0.000,0.000,0,,0,,,,1126534,553.31,0
2206,5281.950,"Mount",0.290,-0.185,0.342,0.039,0.216,0.000,52,W,0,,,,1109177,533.26,0
2207,5284.211,"Mount",-0.086,-0.022,-0.068,0.057,0.000,0.000,0,,0,,,,1087398,565.67,0
2208,5286.655,"Mount",-0.238,0.094,-0.255,0.020,-0.161,0.000,39,E,0,,,,1116598,553.98,0
2209,5288.998,"Mount",-0.330,0.107,-0.344,0.048,-0.228,0.000,55,E,0,,,,1054174,550.55,0
INFO: SET LOCK POSITION, new lock pos = 974.071, 220.183
INFO: DITHER by -3.338, 1.630, new lock pos = 970.356, 220.183
INFO: SETTLING STATE CHANGE, Settling started
2210,5294.189,"Mount",3.715,0.000,3.338,-1.630,3.338,-1.630,806,W,1247,N,,,1197988,552.48,0
2211,5297.087,"Mount",-0.497,1.347,-1.038,-0.992,-0.654,-0.992,158,E,208,N,,,1066799,530.78,0
2212,5299.550,"Mount",0.040,0.780,-0.306,-0.718,-0.239,-0.718,58,E,151,N,,,1155313,532.27,0
2213,5302.184,"Mount",0.683,0.545,0.374,-0.789,0.219,-0.789,53,W,166,N,,,1046421,548.98,0
2214,5304.662,"Mount",0.353,0.382,0.150,-0.498,0.110,-0.498,27,W,105,N,,,1150796,552.21,0
INFO: SETTLING STATE CHANGE, Settling complete
2215,5307.294,"Mount",-0.590,0.511,-0.754,-0.200,-0.468,-0.200,113,E,42,N,,,1153568,566.02,0
2216,5309.671,"Mount",-0.261,0.462,-0.437,-0.301,-0.308,-0.301,74,E,63,N,,,1032615,507.12,0
2217,5312.246,"Mount",0.410,0.140,0.307,-0.306,0.172,-0.306,41,W,64,N,,,1125743,588.23,0
2218,5314.631,"Mount",0.243,-0.026,0.230,-0.083,0.157,0.000,38,W,0,,,,1110428,539.36,0
2219,5317.095,"Mount",-0.251,0.135,-0.285,-0.011,-0.169,0.000,41,E,0,,,,1091704,590.86,0
2220,5319.363,"Mount",-0.017,0.028,-0.027,-0.018,0.000,0.000,0,,0,,,,1129360,592.94,0
2221,5321.814,"Mount",0.294,-0.114,0.314,-0.027,0.198,0.000,48,W,0,,,,1175180,541.91,0
2222,5324.103,"Mount",0.263,-0.010,0.240,-0.107,0.165,0.000,40,W,0,,,,1170305,626.00,0
2223,5326.583,"Mount",-0.099,0.180,-0.168,-0.119,-0.094,0.000,23,E,0,,,,1073215,579.35,0
2224,5328.855,"Mount",-0.315,0.036,-0.299,0.106,-0.195,0.000,47,E,0,,,,1052251,603.71,0
2225,5331.255,"Mount",-0.126,-0.110,-0.065,0.154,0.000,0.000,0,,0,,,,1019772,513.45,0
2226,5333.751,"Mount",-0.462,0.137,-0.476,0.079,-0.300,0.000,72,E,0,,,,1145334,587.29,0
2227,5336.326,"Mount",0.653,-0.187,0.669,-0.118,0.400,0.000,97,W,0,,,,1071748,591.65,0
2228,5338.521,"Mount",-0.012,-0.122,0.043,0.115,0.000,0.000,0,,0,,,,1119530,568.04,0
2229,5341.006,"Mount",0.445,-0.145,0.463,-0.065,0.292,0.000,71,W,0,,,,1152253,543.65,0
2230,5343.391,"Mount",0.385,-0.144,0.409,-0.040,0.278,0.000,67,W,0,,,,1099846,538.76,0
2231,5345.854,"Mount",0.451,-0.404,0.582,0.165,0.386,0.000,93,W,0,,,,1086169,586.80,0
2232,5348.077,"Mount",-0.164,-0.050,-0.125,0.117,0.000,0.000,0,,0,,,,1097745,577.69,0
2233,5350.505,"Mount",-0.376,-0.047,-0.317,0.207,-0.200,0.000,48,E,0,,,,1088444,545.38,0
2234,5352.871,"Mount",-0.405,0.224,-0.462,-0.023,-0.305,0.000,74,E,0,,,,1114080,596.28,0
2235,5355.334,"Mount",-0.202,0.075,-0.214,0.021,-0.156,0.000,38,E,0,,,,1061688,566.53,0
2236,5357.631,"Mount",-0.146,0.102,-0.176,-0.028,-0.122,0.000,29,E,0,,,,1052731,555.18,0
2237,5360.088,"Mount",-0.070,0.025,-0.074,0.008,0.000,0.000,0,,0,,,,1119383,594.39,0
2238,5362.374,"Mount",-0.103,0.144,-0.156,-0.084,-0.098,0.000,24,E,0,,,,1073614,558.01,0
2239,5364.946,"Mount",-0.009,0.031,-0.021,-0.024,0.000,0.000,0,,0,,,,1064524,583.21,0
2240,5367.352,"Mount",-0.265,-0.003,-0.237,0.119,-0.149,0.000,36,E,0,,,,1076022,563.61,0
2241,5369.799,"Mount",-0.133,0.047,-0.140,0.016,-0.099,0.000,24,E,0,,,,1132355,576.17,0
2242,5372.196,"Mount",-0.158,-0.036,-0.126,0.102,0.000,0.000,0,,0,,,,1070292,570.17,0
2243,5374.614,"Mount",-0.323,-0.109,-0.242,0.240,-0.153,0.000,37,E,0,,,,1049819,510.66,0
2244,5376.886,"Mount",-0.317,-0.134,-0.226,0.260,-0.153,0.000,37,E,0,,,,1146555,626.47,0
2245,5380.469,"Mount",-0.244,-0.273,-0.100,0.352,0.000,0.352,0,,979,S,,,1090731,576.67,0
2246,5382.847,"Mount",-0.210,-0.294,-0.060,0.357,0.000,0.357,0,,75,S,,,1081961,512.45,0
2247,5385.359,"Mount",0.305,-0.076,0.307,-0.065,0.194,0.000,47,W,0,,,,1111854,556.83,0
2248,5387.670,"Mount",0.143,-0.236,0.232,0.150,0.160,0.000,39,W,0,,,,1140821,554.50,0
2249,5390.229,"Mount",-0.214,-0.122,-0.139,0.204,-0.076,0.204,18,E,43,S,,,1114126,621.02,0
2250,5392.430,"Mount",-0.092,0.078,-0.117,-0.030,0.000,0.000,0,,0,,,,1088407,575.43,0
2251,5394.888,"Mount",-0.250,0.037,-0.240,0.076,-0.151,0.000,37,E,0,,,,1140907,610.83,0
2252,5397.271,"Mount",-0.043,-0.065,-0.010,0.078,0.000,0.000,0,,0,,,,1073274,565.84,0
2253,5399.686,"Mount",0.095,-0.202,0.174,0.140,0.110,0.000,26,W,0,,,,1076643,544.06,0
2254,5401.958,"Mount",0.133,-0.207,0.210,0.128,0.140,0.000,34,W,0,,,,1119575,581.87,0
2255,5404.358,"Mount",0.221,-0.098,0.242,-0.010,0.162,0.000,39,W,0,,,,1136538,543.25,0
2256,5406.663,"Mount",0.204,-0.316,0.322,0.194,0.214,0.000,52,W,0,,,,1130540,573.62,0
2257,5409.127,"Mount",0.338,-0.362,0.463,0.177,0.306,0.000,74,W,0,,,,1083641,582.64,0
2258,5411.390,"Mount",-0.190,-0.146,-0.107,0.215,0.000,0.215,0,,45,S,,,1086417,555.80,0
2259,5413.903,"Mount",-0.312,-0.011,-0.275,0.147,-0.174,0.000,42,E,0,,,,1126034,584.49,0
2260,5416.174,"Mount",-0.232,-0.239,-0.103,0.317,0.000,0.317,0,,67,S,,,1095185,556.07,0
2261,5418.591,"Mount",-0.031,-0.053,-0.004,0.061,0.000,0.000,0,,0,,,,1006651,555.75,0
2262,5420.775,"Mount",-0.094,0.042,-0.103,0.004,0.000,0.000,0,,0,,,,1079788,574.76,0
2263,5423.198,"Mount",0.165,-0.177,0.226,0.087,0.142,0.000,34,W,0,,,,1116142,583.21,0
2264,5425.760,"Mount",0.053,-0.260,0.162,0.210,0.112,0.210,27,W,44,S,,,1061322,503.75,0
2265,5428.247,"Mount",0.561,-0.432,0.693,0.142,0.445,0.000,107,W,0,,,,1148431,526.09,0
2266,5430.758,"Mount",0.793,-0.616,0.983,0.205,0.650,0.205,157,W,43,S,,,1016016,530.81,0
2267,5433.183,"Mount",-0.209,0.043,-0.207,0.053,-0.085,0.000,21,E,0,,,,1106055,501.78,0
2268,5435.470,"Mount",0.201,-0.311,0.317,0.192,0.194,0.000,47,W,0,,,,1112482,611.01,0
2269,5437.839,"Mount",0.080,-0.000,0.072,-0.035,0.000,0.000,0,,0,,,,1086083,554.74,0
2270,5440.207,"Mount",0.029,-0.328,0.170,0.282,0.107,0.282,26,W,59,S,,,1105298,603.42,0
2271,5442.556,"Mount",-0.048,-0.008,-0.039,0.028,0.000,0.000,0,,0,,,,1094663,574.75,0
2272,5444.736,"Mount",0.034,-0.103,0.076,0.078,0.000,0.000,0,,0,,,,1081301,542.46,0
2273,5447.287,"Mount",0.217,-0.108,0.242,0.002,0.153,0.000,37,W,0,,,,1093653,630.93,0
2274,5449.583,"Mount",0.287,-0.286,0.384,0.131,0.252,0.000,61,W,0,,,,1123720,566.75,0
2275,5452.015,"Mount",0.278,-0.173,0.326,0.033,0.223,0.000,54,W,0,,,,1112549,554.03,0
2276,5454.220,"Mount",-0.047,-0.129,0.014,0.137,0.000,0.000,0,,0,,,,1065945,555.12,0
2277,5456.654,"Mount",-0.323,-0.036,-0.274,0.174,-0.173,0.000,42,E,0,,,,1088262,586.89,0
2278,5459.117,"Mount",-0.510,-0.294,-0.329,0.488,-0.219,0.488,53,E,102,S,,,1114231,576.71,0
2279,5461.551,"Mount",0.282,-0.244,0.360,0.095,0.212,0.000,51,W,0,,,,1163463,561.83,0
2280,5463.878,"Mount",0.207,-0.182,0.266,0.073,0.182,0.000,44,W,0,,,,1184338,618.78,0
2281,5466.319,"Mount",0.166,-0.292,0.278,0.189,0.188,0.000,45,W,0,,,,1088274,562.82,0
2282,5468.622,"Mount",-0.089,-0.297,0.050,0.306,0.000,0.306,0,,64,S,,,1079282,519.93,0
2283,5471.095,"Mount",0.361,-0.263,0.439,0.078,0.277,0.000,67,W,0,,,,1123210,533.78,0
2284,5473.287,"Mount",-0.085,-0.056,-0.052,0.088,0.000,0.000,0,,0,,,,1121704,551.08,0
2285,5475.664,"Mount",-0.062,-0.113,-0.006,0.128,0.000,0.000,0,,0,,,,1239876,579.72,0
2286,5477.998,"Mount",-0.412,0.065,-0.399,0.122,-0.251,0.000,61,E,0,,,,1140701,552.05,0
2287,5480.415,"Mount",-0.199,-0.052,-0.156,0.134,-0.116,0.000,28,E,0,,,,1106517,606.56,0
2288,5482.687,"Mount",-0.279,0.069,-0.281,0.060,-0.185,0.000,45,E,0,,,,1110194,591.33,0
2289,5485.117,"Mount",-0.051,-0.047,-0.025,0.065,0.000,0.000,0,,0,,,,1118600,593.71,0
2290,5487.405,"Mount",-0.111,-0.052,-0.077,0.095,0.000,0.000,0,,0,,,,1096883,571.19,0
2291,5489.854,"Mount",-0.135,-0.266,-0.005,0.298,0.000,0.298,0,,63,S,,,1094613,557.99,0
2292,5492.159,"Mount",0.241,-0.190,0.299,0.065,0.189,0.000,46,W,0,,,,1104685,610.15,0
2293,5494.575,"Mount",0.259,-0.272,0.352,0.131,0.235,0.000,57,W,0,,,,1130627,599.59,0
2294,5496.820,"Mount",-0.090,-0.168,-0.008,0.191,0.000,0.000,0,,0,,,,1166332,571.44,0
2295,5499.438,"Mount",-0.553,-0.252,-0.387,0.470,-0.244,0.470,59,E,99,S,,,1146051,589.81,0
2296,5501.806,"Mount",-0.347,-0.098,-0.269,0.240,-0.187,0.240,45,E,50,S,,,1135798,581.02,0
2297,5504.223,"Mount",-0.268,0.072,-0.272,0.053,-0.184,0.000,45,E,0,,,,1155293,587.58,0
2298,5506.436,"Mount",-0.107,0.062,-0.124,-0.009,0.000,0.000,0,,0,,,,1164241,573.69,0
2299,5508.800,"Mount",-0.052,0.083,-0.083,-0.052,0.000,0.000,0,,0,,,,1105601,604.47,0
2300,5511.103,"Mount",-0.387,0.236,-0.451,-0.043,-0.284,0.000,69,E,0,,,,1104418,585.17,0
2301,5513.444,"Mount",-0.093,-0.099,-0.040,0.130,0.000,0.000,0,,0,,,,1117021,572.88,0
2302,5515.626,"Mount",-0.071,-0.023,-0.054,0.052,0.000,0.000,0,,0,,,,1118518,567.89,0
2303,5518.095,"Mount",-0.243,0.216,-0.313,-0.088,-0.197,0.000,48,E,0,,,,1041143,578.54,0
2304,5520.567,"Mount",-0.396,0.055,-0.380,0.124,-0.253,0.000,61,E,0,,,,1057441,577.00,0
2305,5523.140,"Mount",-0.302,0.173,-0.347,-0.023,-0.236,0.000,57,E,0,,,,1061343,483.80,0
2306,5525.527,"Mount",-0.455,0.113,-0.459,0.098,-0.305,0.000,74,E,0,,,,1113139,582.02,0
2307,5527.945,"Mount",-0.261,-0.054,-0.210,0.163,-0.154,0.000,37,E,0,,,,1155596,611.27,0
2308,5530.247,"Mount",-0.245,-0.029,-0.207,0.134,-0.141,0.000,34,E,0,,,,1101176,603.18,0
2309,5532.695,"Mount",-0.106,0.119,-0.147,-0.061,-0.103,0.000,25,E,0,,,,1135626,576.43,0
2310,5534.901,"Mount",-0.017,0.010,-0.019,-0.002,0.000,0.000,0,,0,,,,1108664,586.11,0
2311,5537.280,"Mount",-0.048,0.005,-0.046,0.016,0.000,0.000,0,,0,,,,1104050,554.84,0
2312,5539.527,"Mount",-0.248,0.018,-0.230,0.093,-0.145,0.000,35,E,0,,,,1070194,558.12,0
2313,5541.967,"Mount",-0.294,-0.059,-0.238,0.182,-0.160,0.000,39,E,0,,,,1111444,599.46,0
2314,5544.295,"Mount",-0.393,0.090,-0.392,0.091,-0.258,0.000,62,E,0,,,,1124354,610.56,0
2315,5546.853,"Mount",-0.200,-0.083,-0.143,0.162,-0.108,0.000,26,E,0,,,,1144113,612.70,0
2316,5549.133,"Mount",0.014,-0.138,0.073,0.118,0.000,0.000,0,,0,,,,1095741,557.96,0
2317,5551.478,"Mount",-0.062,-0.097,-0.014,0.114,0.000,0.000,0,,0,,,,1104626,564.43,0
2318,5553.854,"Mount",-0.060,-0.254,0.058,0.254,0.000,0.254,0,,53,S,,,1156350,598.08,0
2319,5556.367,"Mount",0.362,-0.123,0.379,-0.049,0.239,0.000,58,W,0,,,,1119913,552.45,0
2320,5558.631,"Mount",0.277,-0.181,0.328,0.040,0.224,0.000,54,W,0,,,,1105158,563.82,0
2321,5561.135,"Mount",-0.411,0.052,-0.392,0.134,-0.231,0.000,56,E,0,,,,1077425,588.06,0
2322,5563.423,"Mount",-0.175,-0.004,-0.155,0.080,-0.114,0.000,28,E,0,,,,1095752,554.25,0
2323,5565.847,"Mount",-0.386,0.191,-0.430,-0.002,-0.279,0.000,67,E,0,,,,1201025,563.66,0
2324,5568.065,"Mount",-0.077,-0.089,-0.030,0.113,0.000,0.000,0,,0,,,,1071352,509.84,0
2325,5570.471,"Mount",-0.169,0.210,-0.244,-0.114,-0.154,0.000,37,E,0,,,,1092427,613.44,0
2326,5572.693,"Mount",-0.033,-0.086,0.008,0.092,0.000,0.000,0,,0,,,,1113759,597.75,0
2327,5575.014,"Mount",-0.075,-0.051,-0.045,0.078,0.000,0.000,0,,0,,,,1108443,615.25,0
2328,5577.375,"Mount",0.229,-0.175,0.282,0.057,0.178,0.000,43,W,0,,,,1073125,565.75,0
2329,5579.903,"Mount",0.909,-0.461,1.019,0.016,0.654,0.000,158,W,0,,,,1102939,563.89,0
2330,5582.374,"Mount",-0.012,-0.426,0.177,0.388,0.157,0.388,38,W,82,S,,,1117436,555.24,0
2331,5584.698,"Mount",-0.011,0.103,-0.055,-0.088,0.000,0.000,0,,0,,,,1129449,549.14,0
2332,5587.060,"Mount",-0.356,0.194,-0.405,-0.018,-0.255,0.000,62,E,0,,,,1151150,577.50,0
2333,5589.510,"Mount",-0.066,-0.240,0.046,0.244,0.000,0.244,0,,51,S,,,1148111,588.17,0
2334,5591.797,"Mount",0.064,0.001,0.057,-0.029,0.000,0.000,0,,0,,,,1144445,563.51,0
2335,5594.173,"Mount",0.164,0.159,0.078,-0.215,0.000,0.000,0,,0,,,,1136400,571.68,0
2336,5596.370,"Mount",0.018,0.146,-0.048,-0.139,0.000,0.000,0,,0,,,,1062623,544.93,0
2337,5598.823,"Mount",0.317,0.134,0.226,-0.259,0.142,0.000,34,W,0,,,,1140085,535.34,0
2338,5601.084,"Mount",0.182,0.164,0.091,-0.227,0.000,0.000,0,,0,,,,1157503,564.03,0
2339,5603.511,"Mount",0.275,0.162,0.176,-0.267,0.111,0.000,27,W,0,,,,1064783,579.76,0
2340,5607.046,"Mount",-0.022,0.294,-0.148,-0.255,-0.086,-0.255,21,E,958,N,,,1143290,547.47,0
2341,5609.615,"Mount",-0.212,0.435,-0.381,-0.298,-0.246,-0.298,59,E,63,N,,,1106900,588.40,0
2342,5611.895,"Mount",0.208,0.142,0.125,-0.219,0.000,-0.219,0,,46,N,,,1065731,557.68,0
2343,5614.295,"Mount",-0.283,-0.097,-0.212,0.211,-0.133,0.000,32,E,0,,,,1120070,569.42,0
2344,5616.559,"Mount",-0.263,-0.165,-0.164,0.264,-0.113,0.000,27,E,0,,,,1172196,578.56,0
2345,5618.956,"Mount",-0.118,-0.148,-0.041,0.184,0.000,0.000,0,,0,,,,1122040,620.44,0
2346,5621.295,"Mount",0.231,-0.121,0.260,0.007,0.164,0.000,40,W,0,,,,1193176,590.15,0
2347,5623.903,"Mount",0.159,-0.069,0.174,-0.008,0.121,0.000,29,W,0,,,,1128814,593.36,0
2348,5626.151,"Mount",0.150,-0.165,0.207,0.082,0.139,0.000,34,W,0,,,,1118165,580.16,0
2349,5628.583,"Mount",-0.217,0.085,-0.233,0.019,-0.137,0.000,33,E,0,,,,1077101,553.01,0
2350,5630.887,"Mount",-0.118,0.086,-0.144,-0.025,-0.100,0.000,24,E,0,,,,1118488,596.39,0
2351,5633.359,"Mount",-0.560,0.197,-0.590,0.069,-0.379,0.000,91,E,0,,,,1131494,599.06,0
2352,5635.647,"Mount",-0.333,0.057,-0.324,0.095,-0.231,0.000,56,E,0,,,,1209583,581.40,0
2353,5638.120,"Mount",-0.124,0.121,-0.164,-0.054,-0.120,0.000,29,E,0,,,,1097557,564.40,0
2354,5640.415,"Mount",0.342,-0.285,0.432,0.106,0.264,0.000,64,W,0,,,,1172982,591.11,0
2355,5642.864,"Mount",0.194,-0.212,0.267,0.105,0.187,0.000,45,W,0,,,,1121051,583.49,0
2356,5645.327,"Mount",0.589,-0.376,0.694,0.080,0.450,0.000,109,W,0,,,,1174671,571.72,0
2357,5647.783,"Mount",0.066,-0.207,0.150,0.157,0.126,0.000,30,W,0,,,,1130540,551.93,0
2358,5649.986,"Mount",-0.024,-0.136,0.038,0.133,0.000,0.000,0,,0,,,,1040260,567.19,0
2359,5652.423,"Mount",-0.333,-0.100,-0.256,0.236,-0.161,0.000,39,E,0,,,,1139574,591.02,0
2360,5654.687,"Mount",-0.282,-0.014,-0.247,0.136,-0.167,0.000,40,E,0,,,,1121499,530.46,0
2361,5657.121,"Mount",-0.326,-0.198,-0.207,0.321,-0.142,0.000,34,E,0,,,,1151435,576.97,0
2362,5659.439,"Mount",-0.282,0.171,-0.329,-0.030,-0.217,0.000,52,E,0,,,,1037989,561.01,0
2363,5661.847,"Mount",0.081,-0.168,0.146,0.115,0.077,0.000,19,W,0,,,,1061613,547.00,0
2364,5664.031,"Mount",-0.051,-0.060,-0.020,0.076,0.000,0.000,0,,0,,,,1122142,546.73,0
2365,5666.605,"Mount",0.092,-0.095,0.125,0.045,0.000,0.000,0,,0,,,,1109352,524.00,0
2366,5668.795,"Mount",-0.042,-0.071,-0.007,0.082,0.000,0.000,0,,0,,,,1105807,577.57,0
2367,5671.231,"Mount",-0.299,-0.126,-0.213,0.244,-0.135,0.000,32,E,0,,,,1110570,567.16,0
2368,5673.543,"Mount",-0.328,-0.135,-0.236,0.265,-0.158,0.000,38,E,0,,,,1087449,531.37,0
2369,5677.014,"Mount",-0.484,-0.111,-0.387,0.312,-0.255,0.312,62,E,1021,S,,,1125414,597.62,0
2370,5679.496,"Mount",-0.383,-0.190,-0.261,0.339,-0.182,0.339,44,E,71,S,,,1160429,540.04,0
2371,5681.847,"Mount",0.034,-0.222,0.128,0.185,0.000,0.000,0,,0,,,,1052749,572.35,0
2372,5684.167,"Mount",-0.209,-0.023,-0.178,0.112,-0.112,0.000,27,E,0,,,,1122950,560.53,0
2373,5686.567,"Mount",0.155,-0.182,0.219,0.096,0.130,0.000,31,W,0,,,,1091857,521.83,0
2374,5688.887,"Mount",0.162,-0.090,0.185,0.009,0.126,0.000,30,W,0,,,,1092519,592.84,0
2375,5691.250,"Mount",0.075,-0.139,0.128,0.092,0.000,0.000,0,,0,,,,1107506,539.87,0
2376,5693.505,"Mount",0.002,-0.062,0.029,0.055,0.000,0.000,0,,0,,,,1129975,517.48,0
2377,5695.827,"Mount",0.002,-0.166,0.074,0.149,0.000,0.000,0,,0,,,,1066788,549.59,0
2378,5698.238,"Mount",-0.436,-0.130,-0.334,0.308,-0.211,0.308,51,E,65,S,,,1128197,638.01,0
2379,5700.731,"Mount",-0.164,-0.233,-0.045,0.282,0.000,0.282,0,,59,S,,,1190666,594.14,0
2380,5702.991,"Mount",0.099,-0.185,0.170,0.123,0.107,0.000,26,W,0,,,,1047542,590.34,0
2381,5705.376,"Mount",0.057,-0.165,0.123,0.123,0.000,0.000,0,,0,,,,1049657,574.07,0
2382,5707.631,"Mount",0.220,-0.222,0.295,0.103,0.186,0.000,45,W,0,,,,1091596,557.47,0
2383,5709.992,"Mount",-0.042,-0.171,0.037,0.172,0.000,0.000,0,,0,,,,1100823,587.21,0
2384,5712.294,"Mount",-0.138,-0.176,-0.047,0.219,0.000,0.219,0,,46,S,,,1075172,582.34,0
2385,5714.650,"Mount",-0.034,-0.046,-0.011,0.056,0.000,0.000,0,,0,,,,1073846,572.58,0
2386,5717.082,"Mount",-0.162,-0.222,-0.048,0.271,0.000,0.271,0,,57,S,,,1073550,574.67,0
2387,5719.543,"Mount",-0.263,0.448,-0.433,-0.287,-0.273,0.000,66,E,0,,,,1058540,533.44,0
2388,5721.766,"Mount",0.067,0.296,-0.070,-0.295,0.000,0.000,0,,0,,,,1102854,553.63,0
2389,5724.122,"Mount",0.056,0.124,-0.004,-0.136,0.000,0.000,0,,0,,,,1068823,579.75,0
2390,5726.675,"Mount",0.446,0.016,0.394,-0.210,0.248,0.000,60,W,0,,,,1079557,508.59,0
2391,5729.255,"Mount",0.496,-0.025,0.456,-0.195,0.305,0.000,74,W,0,,,,1113432,591.94,0
2392,5731.575,"Mount",0.492,0.139,0.381,-0.340,0.261,0.000,63,W,0,,,,1092673,561.95,0
2393,5734.983,"Mount",0.138,0.286,-0.002,-0.318,0.000,-0.318,0,,1022,N,,,1117821,560.09,0
2394,5737.237,"Mount",-0.006,0.222,-0.103,-0.196,0.000,0.000,0,,0,,,,1016733,511.64,0
2395,5739.695,"Mount",-0.128,0.231,-0.217,-0.151,-0.137,0.000,33,E,0,,,,1076324,555.01,0
2396,5742.055,"Mount",-0.239,0.371,-0.377,-0.228,-0.247,-0.228,60,E,48,N,,,1048124,530.73,0
2397,5744.511,"Mount",-0.142,0.174,-0.204,-0.094,-0.146,0.000,35,E,0,,,,1069886,560.72,0
2398,5746.767,"Mount",-0.140,0.155,-0.194,-0.078,-0.132,0.000,32,E,0,,,,1111424,587.16,0
2399,5749.255,"Mount",0.238,-0.142,0.276,0.023,0.164,0.000,40,W,0,,,,1155831,644.78,0
2400,5751.536,"Mount",0.253,-0.084,0.264,-0.035,0.178,0.000,43,W,0,,,,1159948,555.56,0
2401,5754.023,"Mount",0.208,-0.044,0.206,-0.051,0.143,0.000,34,W,0,,,,1137608,573.70,0
2402,5756.352,"Mount",-0.040,0.225,-0.135,-0.185,-0.075,0.000,18,E,0,,,,1089491,540.64,0
2403,5758.870,"Mount",-0.117,0.290,-0.232,-0.209,-0.151,-0.209,37,E,44,N,,,1081980,515.82,0
2404,5761.108,"Mount",0.001,0.084,-0.036,-0.076,0.000,0.000,0,,0,,,,1024749,556.86,0
2405,5763.494,"Mount",0.007,0.080,-0.029,-0.075,0.000,0.000,0,,0,,,,1097691,591.93,0
2406,5765.783,"Mount",-0.306,0.092,-0.315,0.052,-0.199,0.000,48,E,0,,,,1105381,596.53,0
2407,5768.186,"Mount",-0.089,-0.014,-0.074,0.051,0.000,0.000,0,,0,,,,1085778,553.28,0
2408,5770.414,"Mount",0.102,0.013,0.086,-0.057,0.000,0.000,0,,0,,,,1132215,589.42,0
2409,5772.855,"Mount",0.292,-0.070,0.293,-0.065,0.184,0.000,45,W,0,,,,1079910,551.71,0
2410,5775.084,"Mount",-0.060,0.022,-0.064,0.006,0.000,0.000,0,,0,,,,1009978,535.80,0
2411,5777.559,"Mount",-0.445,0.202,-0.489,0.014,-0.308,0.000,74,E,0,,,,1119765,600.55,0
2412,5779.901,"Mount",-0.327,0.141,-0.356,0.016,-0.246,0.000,59,E,0,,,,1087673,578.39,0
2413,5782.383,"Mount",-0.593,0.422,-0.718,-0.119,-0.470,0.000,113,E,0,,,,1107122,549.31,0
2414,5784.655,"Mount",-0.204,0.097,-0.226,0.003,-0.175,0.000,42,E,0,,,,1047635,568.88,0
2415,5787.012,"Mount",-0.136,-0.166,-0.050,0.209,0.000,0.000,0,,0,,,,1105030,577.86,0
2416,5789.366,"Mount",-0.108,-0.149,-0.032,0.181,0.000,0.000,0,,0,,,,1085983,539.06,0
2417,5791.783,"Mount",0.177,-0.191,0.243,0.094,0.153,0.000,37,W,0,,,,1034174,583.72,0
2418,5794.071,"Mount",0.085,-0.183,0.156,0.127,0.109,0.000,26,W,0,,,,1058938,564.20,0
2419,5796.406,"Mount",0.002,-0.241,0.108,0.216,0.000,0.000,0,,0,,,,1098478,598.48,0
2420,5798.627,"Mount",0.044,-0.071,0.071,0.045,0.000,0.000,0,,0,,,,1102255,536.97,0
2421,5801.063,"Mount",-0.204,0.205,-0.273,-0.094,-0.172,0.000,42,E,0,,,,1117519,570.54,0
2422,5803.383,"Mount",-0.290,0.158,-0.330,-0.015,-0.220,0.000,53,E,0,,,,1106383,619.07,0
2423,5805.807,"Mount",-0.372,0.209,-0.426,-0.025,-0.284,0.000,69,E,0,,,,1111316,552.33,0
2424,5808.087,"Mount",-0.295,-0.033,-0.251,0.159,-0.178,0.000,43,E,0,,,,1147804,591.52,0
2425,5810.567,"Mount",-0.186,-0.131,-0.109,0.199,0.000,0.000,0,,0,,,,1112142,575.11,0
2426,5812.759,"Mount",0.019,-0.095,0.059,0.077,0.000,0.000,0,,0,,,,1077976,598.14,0
2427,5815.201,"Mount",0.143,-0.078,0.163,0.007,0.103,0.000,25,W,0,,,,1195794,608.71,0
2428,5817.559,"Mount",-0.152,0.060,-0.163,0.012,-0.095,0.000,23,E,0,,,,1143212,564.60,0
2429,5819.999,"Mount",-0.411,0.074,-0.402,0.114,-0.260,0.000,63,E,0,,,,1079190,578.06,0
2430,5822.295,"Mount",-0.447,-0.105,-0.356,0.290,-0.242,0.000,59,E,0,,,,1120161,556.14,0
2431,5824.772,"Mount",-0.574,0.105,-0.562,0.157,-0.371,0.000,90,E,0,,,,1084840,587.10,0
2432,5827.071,"Mount",-0.176,-0.001,-0.158,0.078,-0.125,0.000,30,E,0,,,,1153230,551.91,0
2433,5829.449,"Mount",-0.027,-0.019,-0.016,0.029,0.000,0.000,0,,0,,,,1157930,571.10,0
2434,5831.823,"Mount",-0.271,0.151,-0.310,-0.017,-0.195,0.000,47,E,0,,,,1000292,505.76,0
2435,5834.246,"Mount",0.000,-0.044,0.019,0.039,0.000,0.000,0,,0,,,,1112409,549.88,0
2436,5836.505,"Mount",-0.008,-0.196,0.079,0.180,0.000,0.000,0,,0,,,,1153593,612.20,0
2437,5838.967,"Mount",-0.236,-0.037,-0.196,0.137,-0.124,0.000,30,E,0,,,,1214907,571.05,0
2438,5841.359,"Mount",-0.356,-0.186,-0.238,0.323,-0.159,0.000,38,E,0,,,,1124320,591.05,0
2439,5843.887,"Mount",-0.428,0.232,-0.486,-0.020,-0.317,0.000,77,E,0,,,,1188857,586.59,0
2440,5846.199,"Mount",-0.237,0.077,-0.247,0.035,-0.178,0.000,43,E,0,,,,1119406,567.71,0
2441,5848.647,"Mount",-0.436,0.147,-0.456,0.059,-0.300,0.000,72,E,0,,,,1092776,552.61,0
2442,5850.853,"Mount",-0.176,-0.116,-0.107,0.181,0.000,0.000,0,,0,,,,1115147,559.99,0
2443,5853.211,"Mount",0.019,-0.213,0.110,0.183,0.000,0.000,0,,0,,,,1090105,558.71,0
2444,5855.511,"Mount",0.284,-0.082,0.291,-0.051,0.184,0.000,44,W,0,,,,1119659,565.06,0
2445,5857.895,"Mount",0.035,-0.432,0.221,0.373,0.152,0.000,37,W,0,,,,1069749,500.78,0
2446,5861.231,"Mount",-0.134,-0.252,-0.009,0.286,0.000,0.286,0,,1060,S,,,1088518,584.53,0
2447,5863.792,"Mount",-0.046,0.571,-0.292,-0.493,-0.184,0.000,44,E,0,,,,987268,566.09,0
2448,5866.095,"Mount",-0.154,0.349,-0.292,-0.246,-0.197,0.000,48,E,0,,,,1051931,561.51,0
2449,5868.457,"Mount",0.072,0.405,-0.113,-0.396,0.000,0.000,0,,0,,,,1112951,568.05,0
2450,5870.735,"Mount",-0.204,0.473,-0.392,-0.336,-0.247,0.000,60,E,0,,,,1128324,580.17,0
2451,5874.215,"Mount",0.133,0.165,0.047,-0.206,0.000,-0.206,0,,1043,N,,,1077407,523.40,0
2452,5876.515,"Mount",0.020,0.189,-0.064,-0.178,0.000,0.000,0,,0,,,,1059673,541.15,0
2453,5878.983,"Mount",0.333,-0.082,0.335,-0.072,0.211,0.000,51,W,0,,,,1193321,611.86,0
2454,5881.295,"Mount",0.282,-0.113,0.303,-0.022,0.206,0.000,50,W,0,,,,1182730,588.46,0
2455,5883.902,"Mount",-0.242,0.158,-0.287,-0.035,-0.166,0.000,40,E,0,,,,1120178,591.99,0
2456,5886.114,"Mount",0.005,0.101,-0.040,-0.093,0.000,0.000,0,,0,,,,1139214,617.11,0
2457,5888.543,"Mount",-0.099,0.266,-0.206,-0.195,-0.130,0.000,31,E,0,,,,1160090,554.38,0
2458,5890.773,"Mount",0.094,-0.031,0.098,-0.013,0.000,0.000,0,,0,,,,1114004,507.16,0
2459,5893.351,"Mount",-0.007,0.273,-0.126,-0.243,0.000,-0.243,0,,51,N,,,1093315,484.93,0
2460,5895.607,"Mount",-0.115,0.205,-0.194,-0.134,-0.122,0.000,29,E,0,,,,1161686,620.56,0
2461,5898.103,"Mount",0.294,0.128,0.208,-0.244,0.122,-0.244,30,W,51,N,,,1065606,551.84,0
2462,5900.447,"Mount",0.417,-0.019,0.383,-0.166,0.250,0.000,60,W,0,,,,1129660,555.53,0
2463,5902.903,"Mount",0.186,0.134,0.108,-0.202,0.000,-0.202,0,,42,N,,,1103756,575.44,0
2464,5905.081,"Mount",0.174,0.108,0.109,-0.173,0.000,0.000,0,,0,,,,1108652,556.70,0
2465,5907.568,"Mount",-0.255,0.344,-0.380,-0.197,-0.239,0.000,58,E,0,,,,1096633,524.56,0
2466,5909.900,"Mount",-0.274,0.160,-0.316,-0.024,-0.216,0.000,52,E,0,,,,1151070,571.33,0
2467,5912.398,"Mount",0.220,-0.164,0.270,0.051,0.155,0.000,37,W,0,,,,1153532,608.00,0
INFO: SET LOCK POSITION, new lock pos = 970.356, 220.183
INFO: DITHER by -0.492, -1.479, new lock pos = 970.563, 221.728
INFO: SETTLING STATE CHANGE, Settling started
2468,5916.448,"Mount",-0.207,-1.545,0.492,1.479,0.492,1.479,119,W,1311,S,,,1050916,579.30,0
2469,5920.327,"Mount",0.491,0.478,0.232,-0.645,0.146,-0.645,35,W,1136,N,,,1186548,582.72,0
2470,5922.743,"Mount",0.191,0.713,-0.141,-0.724,-0.079,-0.724,19,E,152,N,,,1082796,561.88,0
2471,5925.303,"Mount",0.074,0.604,-0.198,-0.576,-0.131,-0.576,32,E,121,N,,,1075124,580.06,0
2472,5927.687,"Mount",0.023,0.458,-0.181,-0.421,-0.123,-0.421,30,E,88,N,,,1166103,619.71,0
INFO: SETTLING STATE CHANGE, Settling complete
2473,5930.127,"Mount",-0.301,0.208,-0.362,-0.055,-0.237,0.000,57,E,0,,,,1161754,583.20,0
2474,5932.399,"Mount",-0.379,0.380,-0.508,-0.175,-0.336,0.000,81,E,0,,,,1110853,590.79,0
2475,5934.903,"Mount",0.169,0.442,-0.042,-0.472,0.000,-0.472,0,,99,N,,,1083913,543.79,0
2476,5937.503,"Mount",-0.100,0.470,-0.296,-0.378,-0.186,-0.378,45,E,79,N,,,1105581,545.74,0
2477,5940.040,"Mount",0.137,-0.248,0.232,0.162,0.133,0.000,32,W,0,,,,1111097,555.50,0
2478,5942.242,"Mount",0.015,0.086,-0.024,-0.084,0.000,0.000,0,,0,,,,1058157,500.09,0
2479,5945.053,"Mount",0.294,-0.269,0.382,0.112,0.241,0.000,58,W,0,,,,1159714,543.01,0
2480,5947.282,"Mount",0.119,0.109,0.059,-0.151,0.000,0.000,0,,0,,,,1170908,580.94,0
2481,5949.735,"Mount",-0.247,0.057,-0.247,0.057,-0.156,0.000,38,E,0,,,,1168173,570.90,0
2482,5952.015,"Mount",-0.262,0.075,-0.268,0.047,-0.180,0.000,43,E,0,,,,1165810,595.57,0
2483,5954.551,"Mount",-0.323,0.075,-0.323,0.075,-0.216,0.000,52,E,0,,,,1137678,557.65,0
2484,5956.884,"Mount",-0.265,0.103,-0.284,0.024,-0.194,0.000,47,E,0,,,,1110579,576.54,0
2485,5959.311,"Mount",-0.207,0.016,-0.193,0.076,-0.135,0.000,33,E,0,,,,1158858,555.02,0
2486,5961.522,"Mount",-0.048,-0.155,0.025,0.161,0.000,0.000,0,,0,,,,1081047,530.20,0
2487,5964.039,"Mount",0.146,-0.095,0.173,0.021,0.109,0.000,26,W,0,,,,1118816,539.64,0
2488,5966.276,"Mount",0.045,-0.055,0.065,0.030,0.000,0.000,0,,0,,,,1044618,567.56,0
2489,5968.653,"Mount",-0.081,-0.134,-0.014,0.156,0.000,0.000,0,,0,,,,1125423,587.80,0
2490,5970.919,"Mount",-0.377,-0.044,-0.320,0.205,-0.201,0.000,49,E,0,,,,1186915,565.40,0
2491,5973.351,"Mount",-0.257,0.078,-0.265,0.042,-0.181,0.000,44,E,0,,,,1112102,582.19,0
2492,5975.601,"Mount",-0.445,-0.217,-0.305,0.390,-0.205,0.000,49,E,0,,,,1147179,549.87,0
2493,5978.043,"Mount",-0.083,-0.179,0.004,0.197,0.000,0.000,0,,0,,,,1117113,553.08,0
2494,5980.335,"Mount",-0.329,0.096,-0.338,0.058,-0.213,0.000,51,E,0,,,,1111051,608.46,0
2495,5982.751,"Mount",-0.017,-0.024,-0.005,0.029,0.000,0.000,0,,0,,,,1049548,550.69,0
2496,5985.005,"Mount",-0.152,-0.121,-0.084,0.175,0.000,0.000,0,,0,,,,1135908,582.65,0
2497,5987.415,"Mount",-0.215,-0.084,-0.156,0.169,-0.098,0.000,24,E,0,,,,1080831,573.57,0
2498,5989.630,"Mount",-0.034,-0.009,-0.027,0.023,0.000,0.000,0,,0,,,,1179034,580.16,0
2499,5992.071,"Mount",-0.279,-0.195,-0.165,0.297,-0.104,0.000,25,E,0,,,,1185827,576.65,0
2500,5994.447,"Mount",-0.521,-0.071,-0.437,0.292,-0.283,0.000,68,E,0,,,,1180125,551.72,0
2501,5998.015,"Mount",-0.229,-0.120,-0.154,0.208,-0.117,0.208,28,E,1044,S,,,1097479,577.99,0
2502,6000.235,"Mount",-0.096,-0.139,-0.026,0.167,0.000,0.000,0,,0,,,,1107547,554.26,0
2503,6002.687,"Mount",0.361,0.003,0.324,-0.161,0.204,0.000,49,W,0,,,,1178992,615.53,0
2504,6004.999,"Mount",0.445,-0.141,0.462,-0.069,0.305,0.000,74,W,0,,,,1143129,578.94,0
2505,6007.463,"Mount",0.146,-0.123,0.185,0.047,0.138,0.000,33,W,0,,,,1171410,595.63,0
2506,6009.697,"Mount",-0.052,-0.147,0.018,0.155,0.000,0.000,0,,0,,,,1122971,514.42,0
2507,6012.135,"Mount",-0.369,0.088,-0.370,0.083,-0.233,0.000,56,E,0,,,,1236576,562.20,0
2508,6014.359,"Mount",0.012,-0.041,0.029,0.032,0.000,0.000,0,,0,,,,1109392,590.35,0
2509,6016.693,"Mount",-0.088,0.003,-0.080,0.036,0.000,0.000,0,,0,,,,1123725,548.78,0
2510,6018.959,"Mount",-0.182,0.114,-0.214,-0.022,-0.135,0.000,33,E,0,,,,1126389,586.82,0
2511,6021.439,"Mount",-0.348,0.002,-0.314,0.151,-0.207,0.000,50,E,0,,,,1054457,530.93,0
2512,6023.699,"Mount",-0.136,0.007,-0.126,0.053,0.000,0.000,0,,0,,,,1090394,557.42,0
2513,6026.103,"Mount",0.314,-0.040,0.300,-0.102,0.189,0.000,46,W,0,,,,1025982,554.41,0
2514,6028.579,"Mount",0.381,0.005,0.340,-0.172,0.228,0.000,55,W,0,,,,1034197,629.27,0
2515,6031.258,"Mount",0.598,-0.728,0.857,0.392,0.556,0.392,134,W,82,S,,,1132904,586.75,0
2516,6033.895,"Mount",-0.037,-0.788,0.312,0.724,0.236,0.724,57,W,152,S,,,1194873,616.79,0
2517,6036.295,"Mount",-0.236,-0.089,-0.173,0.183,-0.092,0.000,22,E,0,,,,1073310,552.81,0
2518,6038.591,"Mount",-0.187,0.027,-0.179,0.058,-0.120,0.000,29,E,0,,,,1126989,557.87,0
2519,6040.928,"Mount",0.085,0.173,0.000,-0.192,0.000,0.000,0,,0,,,,1163708,558.74,0
2520,6043.120,"Mount",0.001,0.248,-0.108,-0.224,0.000,0.000,0,,0,,,,1129874,618.51,0
2521,6045.470,"Mount",0.004,-0.006,0.006,0.004,0.000,0.000,0,,0,,,,1040261,543.84,0
2522,6047.672,"Mount",0.039,-0.189,0.118,0.153,0.000,0.000,0,,0,,,,1081421,528.63,0
2523,6050.455,"Mount",0.717,-0.615,0.914,0.238,0.576,0.238,139,W,50,S,,,1189552,546.89,0
2524,6052.863,"Mount",0.246,-0.461,0.424,0.306,0.307,0.306,74,W,64,S,,,1190144,619.51,0
2525,6055.399,"Mount",-0.380,-0.143,-0.279,0.295,-0.154,0.295,37,E,62,S,,,1150223,574.89,0
2526,6057.911,"Mount",-0.509,-0.274,-0.337,0.470,-0.223,0.470,54,E,99,S,,,1179950,593.56,0
2527,6060.267,"Mount",0.105,0.004,0.093,-0.050,0.000,0.000,0,,0,,,,1084952,535.34,0
2528,6062.567,"Mount",0.423,-0.002,0.381,-0.184,0.240,0.000,58,W,0,,,,1176469,605.93,0
2529,6065.079,"Mount",-0.142,0.116,-0.179,-0.042,-0.096,0.000,23,E,0,,,,1075070,553.25,0
2530,6067.303,"Mount",0.173,-0.136,0.215,0.047,0.129,0.000,31,W,0,,,,1100807,583.78,0
2531,6069.771,"Mount",-0.005,-0.022,0.005,0.022,0.000,0.000,0,,0,,,,1051927,565.18,0
2532,6072.215,"Mount",0.258,-0.226,0.331,0.090,0.208,0.000,50,W,0,,,,1114397,558.08,0
2533,6074.623,"Mount",-0.220,-0.055,-0.173,0.146,-0.094,0.000,23,E,0,,,,1057038,553.70,0
2534,6076.911,"Mount",-0.233,0.105,-0.256,0.008,-0.168,0.000,41,E,0,,,,1082848,569.43,0
2535,6079.415,"Mount",-0.366,-0.103,-0.284,0.254,-0.191,0.254,46,E,53,S,,,1162574,590.35,0
2536,6081.687,"Mount",-0.165,0.026,-0.160,0.049,-0.114,0.000,28,E,0,,,,1129251,558.32,0
2537,6084.065,"Mount",0.182,0.090,0.124,-0.160,0.000,0.000,0,,0,,,,1087667,578.08,0
2538,6086.333,"Mount",0.126,-0.017,0.121,-0.040,0.000,0.000,0,,0,,,,1156994,616.01,0
2539,6088.723,"Mount",-0.016,0.102,-0.059,-0.085,0.000,0.000,0,,0,,,,1071778,553.93,0
2540,6090.889,"Mount",-0.026,0.081,-0.059,-0.061,0.000,0.000,0,,0,,,,1193108,561.63,0
2541,6093.321,"Mount",-0.013,-0.055,0.012,0.055,0.000,0.000,0,,0,,,,1102198,606.20,0
2542,6095.608,"Mount",0.293,-0.077,0.298,-0.059,0.188,0.000,45,W,0,,,,1109484,563.98,0
2543,6098.087,"Mount",-0.218,0.042,-0.215,0.058,-0.122,0.000,29,E,0,,,,1156848,571.67,0
2544,6100.542,"Mount",-0.310,-0.014,-0.272,0.149,-0.180,0.000,44,E,0,,,,1104589,554.46,0
2545,6102.943,"Mount",-0.324,-0.039,-0.274,0.177,-0.185,0.000,45,E,0,,,,1124755,542.74,0
2546,6105.271,"Mount",-0.199,-0.067,-0.150,0.148,-0.107,0.000,26,E,0,,,,1124576,558.07,0
2547,6107.618,"Mount",-0.099,0.073,-0.120,-0.022,0.000,0.000,0,,0,,,,1102573,530.15,0
2548,6109.927,"Mount",-0.195,0.023,-0.185,0.065,-0.117,0.000,28,E,0,,,,1044168,598.60,0
2549,6112.276,"Mount",-0.034,0.063,-0.058,-0.042,0.000,0.000,0,,0,,,,1154950,577.10,0
2550,6114.485,"Mount",0.011,-0.061,0.036,0.050,0.000,0.000,0,,0,,,,1178585,632.15,0
2551,6116.843,"Mount",0.062,0.062,0.029,-0.083,0.000,0.000,0,,0,,,,1168463,600.49,0
2552,6119.119,"Mount",0.156,-0.099,0.184,0.021,0.116,0.000,28,W,0,,,,1099920,547.17,0
2553,6121.541,"Mount",0.086,0.154,0.009,-0.176,0.000,0.000,0,,0,,,,1100824,591.89,0
2554,6123.918,"Mount",-0.157,-0.007,-0.138,0.075,-0.087,0.000,21,E,0,,,,1139648,558.86,0
2555,6126.313,"Mount",0.030,0.143,-0.035,-0.142,0.000,0.000,0,,0,,,,1203711,565.77,0
2556,6128.559,"Mount",0.294,0.006,0.261,-0.134,0.165,0.000,40,W,0,,,,1046439,556.08,0
2557,6130.983,"Mount",0.147,-0.034,0.148,-0.034,0.104,0.000,25,W,0,,,,1118855,511.43,0
2558,6133.212,"Mount",0.172,0.144,0.091,-0.205,0.000,0.000,0,,0,,,,1117732,596.15,0
2559,6135.727,"Mount",0.317,0.060,0.259,-0.193,0.163,0.000,39,W,0,,,,1102985,536.31,0
2560,6138.011,"Mount",0.198,0.246,0.070,-0.308,0.000,0.000,0,,0,,,,1147160,632.55,0
2561,6140.365,"Mount",0.014,0.092,-0.027,-0.089,0.000,0.000,0,,0,,,,1156751,592.74,0
2562,6142.760,"Mount",-0.511,0.376,-0.625,-0.113,-0.393,0.000,95,E,0,,,,1182565,636.59,0
2563,6145.105,"Mount",-0.120,0.010,-0.112,0.044,0.000,0.000,0,,0,,,,1151326,553.43,0
2564,6147.450,"Mount",-0.309,-0.184,-0.197,0.301,-0.124,0.000,30,E,0,,,,1127145,582.29,0
2565,6150.202,"Mount",-0.072,-0.358,0.093,0.353,0.000,0.353,0,,74,S,,,1076450,599.39,0
2566,6152.568,"Mount",0.148,-0.004,0.134,-0.061,0.085,0.000,20,W,0,,,,1122637,567.43,0
2567,6154.991,"Mount",0.350,0.296,0.184,-0.419,0.122,0.000,29,W,0,,,,1109522,515.60,0
2568,6157.206,"Mount",0.157,0.077,0.107,-0.138,0.000,0.000,0,,0,,,,1094942,587.41,0
2569,6159.540,"Mount",0.134,0.234,0.018,-0.269,0.000,0.000,0,,0,,,,1121863,585.19,0
2570,6161.775,"Mount",0.033,0.155,-0.039,-0.153,0.000,0.000,0,,0,,,,1086593,508.12,0
2571,6164.295,"Mount",-0.508,0.398,-0.632,-0.134,-0.398,0.000,96,E,0,,,,1117270,549.97,0
2572,6166.601,"Mount",-0.372,0.233,-0.437,-0.047,-0.303,0.000,73,E,0,,,,1136458,623.26,0
2573,6169.007,"Mount",-0.103,0.179,-0.171,-0.115,-0.129,0.000,31,E,0,,,,1051094,550.46,0
2574,6171.265,"Mount",0.133,0.048,0.099,-0.101,0.000,0.000,0,,0,,,,1148255,562.37,0
2575,6173.888,"Mount",0.269,-0.180,0.321,0.044,0.202,0.000,49,W,0,,,,1129786,590.05,0
2576,6176.207,"Mount",0.240,-0.170,0.290,0.048,0.197,0.000,48,W,0,,,,1085966,612.81,0
2577,6178.679,"Mount",0.208,-0.309,0.323,0.186,0.217,0.000,52,W,0,,,,1103140,539.32,0
2578,6181.039,"Mount",0.115,-0.347,0.255,0.262,0.176,0.262,43,W,55,S,,,1182033,587.96,0
2579,6183.569,"Mount",0.048,0.176,-0.034,-0.179,0.000,0.000,0,,0,,,,1147648,552.84,0
2580,6185.839,"Mount",0.270,0.090,0.203,-0.200,0.128,0.000,31,W,0,,,,1083892,575.37,0
2581,6188.320,"Mount",-0.189,0.293,-0.299,-0.180,-0.179,0.000,43,E,0,,,,1127730,577.03,0
2582,6190.655,"Mount",-0.201,0.142,-0.243,-0.039,-0.166,0.000,40,E,0,,,,1066815,560.10,0
2583,6192.993,"Mount",0.050,0.273,-0.074,-0.267,0.000,0.000,0,,0,,,,1109822,573.98,0
2584,6195.255,"Mount",0.260,0.212,0.140,-0.304,0.088,0.000,21,W,0,,,,1105610,569.71,0
2585,6197.719,"Mount",0.255,0.211,0.137,-0.301,0.092,0.000,22,W,0,,,,1108729,595.38,0
2586,6201.031,"Mount",0.114,0.182,0.022,-0.213,0.000,-0.213,0,,1045,N,,,1141166,578.23,0
2587,6203.429,"Mount",-0.012,0.085,-0.048,-0.072,0.000,0.000,0,,0,,,,1105407,550.22,0
2588,6206.044,"Mount",-0.363,0.215,-0.420,-0.034,-0.265,0.000,64,E,0,,,,1076721,581.42,0
2589,6208.463,"Mount",-0.233,0.089,-0.248,0.022,-0.175,0.000,42,E,0,,,,1005132,542.35,0
2590,6210.879,"Mount",-0.100,0.284,-0.215,-0.212,-0.147,-0.212,36,E,44,N,,,1135728,544.19,0
2591,6213.399,"Mount",0.328,-0.055,0.318,-0.094,0.190,0.000,46,W,0,,,,1096742,501.82,0
2592,6215.598,"Mount",0.002,-0.058,0.027,0.051,0.000,0.000,0,,0,,,,1110702,582.05,0
2593,6217.945,"Mount",-0.085,0.077,-0.110,-0.032,0.000,0.000,0,,0,,,,1135483,605.87,0
2594,6220.221,"Mount",-0.091,0.046,-0.102,-0.001,0.000,0.000,0,,0,,,,1101486,574.75,0
2595,6222.672,"Mount",0.435,-0.250,0.500,0.034,0.315,0.000,76,W,0,,,,1144952,602.28,0
2596,6224.933,"Mount",-0.146,-0.047,-0.111,0.106,0.000,0.000,0,,0,,,,1130853,621.96,0
2597,6227.431,"Mount",-0.571,-0.069,-0.483,0.312,-0.304,0.000,73,E,0,,,,1165682,609.19,0
2598,6229.640,"Mount",-0.169,-0.049,-0.130,0.118,0.000,0.000,0,,0,,,,1076514,580.07,0
2599,6232.047,"Mount",-0.272,0.042,-0.263,0.082,-0.166,0.000,40,E,0,,,,1100312,558.08,0
2600,6234.447,"Mount",-0.661,-0.090,-0.555,0.371,-0.361,0.000,87,E,0,,,,1114541,551.45,0
2601,6236.967,"Mount",-0.222,-0.026,-0.188,0.121,-0.144,0.000,35,E,0,,,,1070341,559.94,0
2602,6239.181,"Mount",-0.045,0.080,-0.075,-0.052,0.000,0.000,0,,0,,,,1098857,565.41,0
2603,6241.646,"Mount",0.329,-0.082,0.331,-0.071,0.209,0.000,50,W,0,,,,1069141,545.69,0
2604,6244.013,"Mount",0.310,-0.011,0.283,-0.126,0.193,0.000,47,W,0,,,,1085078,597.49,0
2605,6246.495,"Mount",0.235,-0.183,0.292,0.062,0.197,0.000,48,W,0,,,,1073750,556.36,0
2606,6248.722,"Mount",0.036,-0.156,0.101,0.124,0.000,0.000,0,,0,,,,1121752,562.82,0
2607,6251.151,"Mount",-0.326,0.019,-0.302,0.126,-0.190,0.000,46,E,0,,,,1054543,486.95,0
2608,6253.450,"Mount",-0.303,0.003,-0.273,0.130,-0.186,0.000,45,E,0,,,,1027865,538.37,0
2609,6255.838,"Mount",0.117,0.008,0.102,-0.059,0.000,0.000,0,,0,,,,1091690,528.95,0
2610,6258.045,"Mount",-0.190,-0.134,-0.111,0.204,0.000,0.000,0,,0,,,,1047684,532.82,0
2611,6260.535,"Mount",-0.139,0.335,-0.272,-0.240,-0.171,-0.240,41,E,50,N,,,1114303,602.53,0
2612,6262.799,"Mount",-0.182,0.109,-0.211,-0.018,-0.145,0.000,35,E,0,,,,1150330,590.88,0
2613,6265.420,"Mount",-0.303,-0.094,-0.231,0.217,-0.156,0.000,38,E,0,,,,1115846,537.13,0
2614,6267.697,"Mount",0.087,0.099,0.035,-0.127,0.000,0.000,0,,0,,,,1119291,583.01,0
2615,6270.223,"Mount",-0.310,-0.067,-0.249,0.196,-0.157,0.000,38,E,0,,,,1049825,508.93,0
2616,6272.495,"Mount",-0.190,-0.068,-0.141,0.145,-0.100,0.000,24,E,0,,,,1093645,541.22,0
2617,6274.927,"Mount",-0.283,0.200,-0.342,-0.055,-0.223,0.000,54,E,0,,,,1137929,600.24,0
2618,6277.207,"Mount",-0.165,0.103,-0.194,-0.020,-0.138,0.000,33,E,0,,,,1113096,552.77,0
2619,6279.650,"Mount",-0.197,0.014,-0.183,0.074,-0.125,0.000,30,E,0,,,,1065592,546.43,0
2620,6281.943,"Mount",-0.165,-0.034,-0.133,0.103,-0.093,0.000,22,E,0,,,,1151153,604.34,0
2621,6284.299,"Mount",0.029,-0.133,0.084,0.107,0.000,0.000,0,,0,,,,1122815,575.80,0
2622,6286.567,"Mount",0.193,-0.360,0.332,0.239,0.209,0.000,50,W,0,,,,1184006,570.90,0
2623,6288.991,"Mount",0.265,-0.189,0.321,0.053,0.217,0.000,52,W,0,,,,1129351,593.97,0
2624,6291.287,"Mount",0.121,-0.253,0.220,0.174,0.154,0.000,37,W,0,,,,1118158,555.22,0
2625,6293.759,"Mount",-0.305,0.038,-0.291,0.099,-0.172,0.000,42,E,0,,,,1135165,561.83,0
2626,6295.987,"Mount",-0.159,-0.076,-0.109,0.138,0.000,0.000,0,,0,,,,1114152,617.39,0
2627,6298.319,"Mount",-0.208,-0.208,-0.096,0.278,0.000,0.000,0,,0,,,,1077514,565.19,0
2628,6300.601,"Mount",-0.261,-0.044,-0.215,0.154,-0.136,0.000,33,E,0,,,,1079078,493.13,0
2629,6302.957,"Mount",-0.120,-0.074,-0.075,0.120,0.000,0.000,0,,0,,,,1125888,552.79,0
2630,6306.391,"Mount",0.179,-0.430,0.350,0.308,0.220,0.308,53,W,1065,S,,,1085135,556.62,0
2631,6309.087,"Mount",0.774,-0.791,1.043,0.371,0.672,0.371,162,W,78,S,,,1086859,537.29,0
2632,6311.552,"Mount",0.077,-0.551,0.311,0.461,0.243,0.461,59,W,97,S,,,1162858,545.66,0
2633,6314.063,"Mount",-0.521,0.325,-0.611,-0.064,-0.368,0.000,89,E,0,,,,1102156,593.25,0
2634,6316.335,"Mount",-0.336,0.291,-0.430,-0.114,-0.297,0.000,72,E,0,,,,1082123,599.54,0
2635,6318.775,"Mount",0.248,0.099,0.179,-0.198,0.092,0.000,22,W,0,,,,1067311,512.72,0
2636,6321.023,"Mount",-0.190,0.191,-0.255,-0.089,-0.154,0.000,37,E,0,,,,1088190,574.94,0
2637,6323.439,"Mount",0.249,0.043,0.204,-0.148,0.118,0.000,29,W,0,,,,1131351,571.75,0
2638,6326.103,"Mount",0.286,0.126,0.202,-0.238,0.136,0.000,33,W,0,,,,1087504,549.72,0
2639,6328.664,"Mount",-0.153,-0.023,-0.128,0.088,0.000,0.000,0,,0,,,,1192447,589.60,0
2640,6330.959,"Mount",0.320,0.006,0.285,-0.146,0.179,0.000,43,W,0,,,,1118566,589.59,0
2641,6333.337,"Mount",-0.036,0.204,-0.122,-0.168,0.000,0.000,0,,0,,,,1188555,582.37,0
2642,6335.511,"Mount",0.178,0.242,0.054,-0.296,0.000,0.000,0,,0,,,,1126991,601.88,0
2643,6337.927,"Mount",-0.059,0.244,-0.161,-0.193,-0.101,0.000,24,E,0,,,,1087503,523.55,0
2644,6340.231,"Mount",0.149,-0.024,0.145,-0.044,0.084,0.000,20,W,0,,,,1162299,608.80,0
2645,6342.607,"Mount",0.057,0.016,0.044,-0.039,0.000,0.000,0,,0,,,,1059531,542.37,0
2646,6344.882,"Mount",-0.213,0.136,-0.251,-0.029,-0.158,0.000,38,E,0,,,,1154993,617.51,0
2647,6348.415,"Mount",-0.017,0.290,-0.142,-0.253,-0.101,-0.253,24,E,1099,N,,,1055337,539.74,0
2648,6350.641,"Mount",0.078,-0.013,0.076,-0.023,0.000,0.000,0,,0,,,,1096664,530.60,0
2649,6352.991,"Mount",0.041,-0.153,0.104,0.119,0.000,0.000,0,,0,,,,1075183,568.29,0
2650,6355.247,"Mount",0.054,0.074,0.016,-0.090,0.000,0.000,0,,0,,,,1118491,565.89,0
2651,6357.634,"Mount",-0.061,-0.164,0.017,0.175,0.000,0.000,0,,0,,,,1141637,596.31,0
2652,6359.997,"Mount",-0.104,-0.156,-0.025,0.186,0.000,0.000,0,,0,,,,1143723,566.66,0
2653,6362.335,"Mount",0.156,0.065,0.112,-0.127,0.000,0.000,0,,0,,,,1118426,559.85,0
2654,6364.515,"Mount",-0.162,-0.174,-0.069,0.228,0.000,0.000,0,,0,,,,1137635,574.80,0
2655,6366.914,"Mount",-0.059,-0.096,-0.011,0.112,0.000,0.000,0,,0,,,,1090228,558.78,0
2656,6369.215,"Mount",-0.317,-0.155,-0.217,0.279,-0.137,0.000,33,E,0,,,,1112950,563.64,0
2657,6372.951,"Mount",0.272,-0.550,0.486,0.375,0.297,0.375,72,W,1125,S,,,1119185,571.70,0
2658,6375.295,"Mount",0.246,-0.163,0.293,0.039,0.205,0.000,50,W,0,,,,1162769,589.22,0
2659,6377.669,"Mount",-0.124,-0.071,-0.080,0.118,0.000,0.000,0,,0,,,,1164530,569.88,0
2660,6379.895,"Mount",0.120,0.047,0.087,-0.095,0.000,0.000,0,,0,,,,1103413,538.17,0
2661,6382.311,"Mount",-0.297,0.022,-0.277,0.111,-0.174,0.000,42,E,0,,,,1146299,586.58,0
2662,6384.598,"Mount",-0.188,0.000,-0.169,0.082,-0.119,0.000,29,E,0,,,,1106436,527.87,0
2663,6387.095,"Mount",-0.207,0.377,-0.351,-0.248,-0.230,0.000,55,E,0,,,,1038431,507.93,0
2664,6389.312,"Mount",-0.056,0.125,-0.105,-0.087,0.000,0.000,0,,0,,,,1165729,559.76,0
2665,6391.714,"Mount",-0.043,-0.097,0.004,0.106,0.000,0.000,0,,0,,,,1202615,586.92,0
2666,6394.135,"Mount",0.428,-0.177,0.462,-0.029,0.291,0.000,70,W,0,,,,1030746,536.28,0
2667,6396.639,"Mount",0.642,-0.392,0.749,0.070,0.492,0.000,119,W,0,,,,1099679,533.16,0
2668,6398.887,"Mount",0.155,-0.116,0.190,0.036,0.154,0.000,37,W,0,,,,1171963,566.77,0
2669,6401.447,"Mount",-0.170,0.114,-0.203,-0.027,-0.117,0.000,28,E,0,,,,1070079,600.86,0
2670,6403.867,"Mount",-0.400,0.144,-0.422,0.046,-0.274,0.000,66,E,0,,,,1073844,555.09,0
2671,6406.407,"Mount",-0.542,-0.055,-0.463,0.287,-0.311,0.287,75,E,60,S,,,1103108,503.15,0
2672,6408.695,"Mount",-0.167,-0.170,-0.075,0.226,0.000,0.226,0,,47,S,,,1073986,551.89,0
2673,6411.103,"Mount",-0.304,0.130,-0.330,0.016,-0.208,0.000,50,E,0,,,,1077224,530.14,0
2674,6413.298,"Mount",-0.006,0.140,-0.067,-0.123,0.000,0.000,0,,0,,,,1089626,573.43,0
2675,6415.727,"Mount",-0.208,0.060,-0.214,0.037,-0.135,0.000,32,E,0,,,,1098816,576.49,0
2676,6417.960,"Mount",0.073,0.150,-0.001,-0.167,0.000,0.000,0,,0,,,,1138779,580.61,0
2677,6420.455,"Mount",-0.352,0.015,-0.322,0.141,-0.203,0.000,49,E,0,,,,1101695,600.37,0
2678,6422.743,"Mount",-0.140,-0.199,-0.038,0.240,0.000,0.240,0,,50,S,,,1079624,553.00,0
2679,6425.255,"Mount",-0.487,0.191,-0.521,0.042,-0.328,0.000,79,E,0,,,,1136959,585.75,0
2680,6427.584,"Mount",-0.153,0.061,-0.164,0.013,-0.126,0.000,31,E,0,,,,1170645,593.43,0
2681,6430.063,"Mount",-0.286,0.173,-0.333,-0.030,-0.219,0.000,53,E,0,,,,1147182,557.25,0
2682,6432.522,"Mount",-0.261,-0.041,-0.217,0.151,-0.152,0.000,37,E,0,,,,1048723,555.65,0
2683,6434.991,"Mount",-0.077,-0.309,0.067,0.312,0.000,0.312,0,,65,S,,,1105627,546.52,0
2684,6437.271,"Mount",-0.086,-0.249,0.032,0.261,0.000,0.261,0,,55,S,,,1104702,495.39,0
2685,6439.652,"Mount",-0.167,-0.105,-0.104,0.167,0.000,0.000,0,,0,,,,1057376,516.30,0
2686,6441.976,"Mount",-0.229,-0.012,-0.201,0.111,-0.126,0.000,31,E,0,,,,1136012,564.38,0
2687,6444.374,"Mount",-0.038,0.189,-0.117,-0.153,0.000,0.000,0,,0,,,,1172222,593.50,0
2688,6446.735,"Mount",-0.053,0.240,-0.153,-0.193,-0.097,0.000,23,E,0,,,,1067006,520.07,0
2689,6449.159,"Mount",-0.085,0.152,-0.143,-0.099,-0.097,0.000,23,E,0,,,,1120252,581.85,0
2690,6451.506,"Mount",-0.062,0.223,-0.153,-0.173,-0.103,0.000,25,E,0,,,,1156211,565.25,0
2691,6453.907,"Mount",0.038,0.121,-0.020,-0.126,0.000,0.000,0,,0,,,,1096749,516.74,0
2692,6456.085,"Mount",0.143,0.020,0.120,-0.080,0.000,0.000,0,,0,,,,1107202,528.14,0
2693,6458.584,"Mount",0.244,-0.170,0.293,0.046,0.185,0.000,45,W,0,,,,1098349,591.78,0
2694,6460.794,"Mount",-0.076,-0.054,-0.045,0.082,0.000,0.000,0,,0,,,,1112324,583.19,0
2695,6463.121,"Mount",-0.150,-0.021,-0.126,0.084,0.000,0.000,0,,0,,,,1050222,483.82,0
2696,6465.463,"Mount",-0.385,0.356,-0.502,-0.151,-0.316,0.000,76,E,0,,,,1059011,517.15,0
2697,6468.111,"Mount",-0.631,-0.078,-0.533,0.347,-0.358,0.347,86,E,73,S,,,1125340,578.59,0
2698,6470.479,"Mount",-0.495,0.373,-0.608,-0.118,-0.408,0.000,99,E,0,,,,1065881,560.55,0
2699,6472.903,"Mount",-0.318,0.223,-0.383,-0.061,-0.270,0.000,65,E,0,,,,1115190,591.51,0
2700,6475.169,"Mount",0.199,0.397,0.005,-0.444,0.000,0.000,0,,0,,,,1081267,579.77,0
2701,6477.675,"Mount",0.507,0.089,0.416,-0.303,0.262,0.000,63,W,0,,,,1074482,577.55,0
2702,6480.024,"Mount",0.950,0.179,0.776,-0.578,0.507,0.000,122,W,0,,,,1037741,563.37,0
2703,6483.594,"Mount",0.009,0.359,-0.150,-0.327,-0.059,-0.327,14,E,1115,N,,,1140332,549.79,0
2704,6486.015,"Mount",-0.099,0.343,-0.240,-0.265,-0.155,-0.265,38,E,56,N,,,1079900,529.61,0
2705,6488.575,"Mount",-0.884,0.564,-1.042,-0.119,-0.667,0.000,161,E,0,,,,1125491,573.51,0
2706,6490.903,"Mount",-0.401,0.196,-0.447,-0.000,-0.328,0.000,79,E,0,,,,1063329,578.86,0
2707,6493.260,"Mount",-0.030,0.006,-0.029,0.008,0.000,0.000,0,,0,,,,1039344,548.52,0
2708,6495.479,"Mount",0.052,-0.054,0.070,0.025,0.000,0.000,0,,0,,,,1105478,541.67,0
2709,6497.842,"Mount",-0.012,-0.001,-0.010,0.006,0.000,0.000,0,,0,,,,1168741,607.49,0
2710,6500.106,"Mount",0.032,-0.144,0.092,0.115,0.000,0.000,0,,0,,,,1108013,567.62,0
2711,6502.454,"Mount",-0.133,-0.133,-0.061,0.178,0.000,0.000,0,,0,,,,1133720,597.18,0
2712,6504.760,"Mount",-0.165,-0.158,-0.079,0.214,0.000,0.000,0,,0,,,,1145821,557.01,0
2713,6507.532,"Mount",-0.268,0.348,-0.393,-0.195,-0.248,0.000,60,E,0,,,,1077420,590.97,0
2714,6509.903,"Mount",-0.016,0.306,-0.149,-0.268,-0.111,-0.268,27,E,56,N,,,1096802,573.57,0
2715,6512.249,"Mount",-0.004,-0.082,0.032,0.076,0.000,0.000,0,,0,,,,1091484,567.77,0
2716,6514.413,"Mount",0.129,-0.021,0.125,-0.037,0.000,0.000,0,,0,,,,1091656,574.35,0
2717,6516.825,"Mount",0.003,-0.033,0.017,0.028,0.000,0.000,0,,0,,,,1101198,587.42,0
2718,6518.995,"Mount",0.140,0.003,0.125,-0.064,0.000,0.000,0,,0,,,,1120806,579.97,0
2719,6521.413,"Mount",0.034,-0.196,0.116,0.161,0.000,0.000,0,,0,,,,1142019,563.19,0
2720,6523.728,"Mount",0.178,-0.138,0.221,0.046,0.139,0.000,34,W,0,,,,1099340,621.19,0
2721,6526.123,"Mount",-0.039,-0.117,0.016,0.123,0.000,0.000,0,,0,,,,1059343,518.41,0
2722,6528.471,"Mount",-0.208,0.100,-0.231,0.002,-0.146,0.000,35,E,0,,,,1158939,605.24,0
2723,6530.928,"Mount",-0.348,0.044,-0.332,0.113,-0.220,0.000,53,E,0,,,,1110379,569.43,0
2724,6533.400,"Mount",-1.112,0.386,-1.169,0.141,-0.752,0.000,182,E,0,,,,1083106,559.73,0
2725,6535.865,"Mount",-0.003,-0.016,0.005,0.016,0.000,0.000,0,,0,,,,1125419,567.51,0
INFO: SET LOCK POSITION, new lock pos = 970.563, 221.728
INFO: DITHER by -4.430, 1.077, new lock pos = 966.110, 222.704
INFO: SETTLING STATE CHANGE, Settling started
2726,6540.302,"Mount",4.453,-0.976,4.430,-1.077,4.430,-1.077,1070,W,226,N,,,1080238,550.74,0
2727,6544.029,"Mount",0.227,0.955,-0.215,-0.958,-0.135,-0.958,33,E,201,N,,,1031977,628.34,0
2728,6546.447,"Mount",0.268,0.602,-0.024,-0.658,0.000,-0.658,0,,138,N,,,1082791,549.49,0
2729,6548.831,"Mount",-0.079,0.140,-0.132,-0.091,-0.083,0.000,20,E,0,,,,1066901,572.50,0
2730,6551.207,"Mount",-0.251,0.449,-0.423,-0.294,-0.272,-0.294,66,E,62,N,,,1072341,571.45,0
INFO: SETTLING STATE CHANGE, Settling complete
2731,6553.751,"Mount",-0.430,-0.009,-0.383,0.197,-0.260,0.000,63,E,0,,,,1102528,587.91,0
2732,6556.031,"Mount",-0.374,0.260,-0.451,-0.070,-0.302,0.000,73,E,0,,,,1141022,563.70,0
2733,6558.575,"Mount",0.014,0.208,-0.079,-0.193,0.000,0.000,0,,0,,,,1068659,573.88,0
2734,6560.778,"Mount",-0.036,-0.043,-0.013,0.054,0.000,0.000,0,,0,,,,1070248,560.51,0
2735,6563.215,"Mount",0.325,-0.092,0.332,-0.060,0.209,0.000,51,W,0,,,,1106832,554.38,0
2736,6565.605,"Mount",-0.091,0.023,-0.092,0.019,0.000,0.000,0,,0,,,,1100530,561.89,0
2737,6567.983,"Mount",-0.149,-0.209,-0.043,0.253,0.000,0.000,0,,0,,,,1121456,584.38,0
2738,6570.343,"Mount",-0.349,-0.110,-0.265,0.252,-0.167,0.000,40,E,0,,,,1114972,585.12,0
2739,6572.863,"Mount",-0.355,-0.103,-0.274,0.248,-0.184,0.000,44,E,0,,,,1093945,576.76,0
2740,6576.359,"Mount",-0.309,-0.130,-0.221,0.252,-0.152,0.252,37,E,1099,S,,,1031323,523.63,0
2741,6578.687,"Mount",0.038,0.032,0.020,-0.046,0.000,0.000,0,,0,,,,1079686,557.71,0
2742,6580.899,"Mount",0.028,0.165,-0.048,-0.161,0.000,0.000,0,,0,,,,1087121,556.62,0
2743,6583.232,"Mount",-0.070,-0.008,-0.060,0.038,0.000,0.000,0,,0,,,,1032279,534.26,0
2744,6585.576,"Mount",0.436,-0.162,0.462,-0.046,0.291,0.000,70,W,0,,,,1083028,562.61,0
2745,6588.000,"Mount",0.049,-0.213,0.138,0.170,0.107,0.000,26,W,0,,,,1155126,569.99,0
2746,6590.359,"Mount",-0.113,-0.287,0.024,0.307,0.000,0.307,0,,65,S,,,1055286,536.55,0
2747,6592.791,"Mount",-0.365,0.121,-0.381,0.051,-0.240,0.000,58,E,0,,,,1142819,560.41,0
2748,6595.095,"Mount",-0.237,0.323,-0.355,-0.186,-0.240,0.000,58,E,0,,,,1109880,536.65,0
2749,6597.641,"Mount",-0.144,0.137,-0.190,-0.060,-0.136,0.000,33,E,0,,,,1193865,625.06,0
2750,6599.904,"Mount",0.044,-0.062,0.067,0.037,0.000,0.000,0,,0,,,,1132711,590.11,0
2751,6602.257,"Mount",0.041,-0.102,0.082,0.074,0.000,0.000,0,,0,,,,1033020,581.82,0
2752,6604.488,"Mount",0.279,0.049,0.229,-0.167,0.144,0.000,35,W,0,,,,1136348,547.52,0
2753,6606.871,"Mount",0.078,-0.043,0.089,0.004,0.000,0.000,0,,0,,,,1046574,563.68,0
2754,6609.127,"Mount",0.062,-0.170,0.130,0.126,0.082,0.000,20,W,0,,,,1035288,487.68,0
2755,6611.510,"Mount",-0.148,-0.033,-0.118,0.095,0.000,0.000,0,,0,,,,1158215,602.72,0
2756,6613.841,"Mount",-0.155,0.059,-0.165,0.015,-0.104,0.000,25,E,0,,,,1097143,564.47,0
2757,6616.272,"Mount",-0.323,0.140,-0.352,0.016,-0.229,0.000,55,E,0,,,,1101462,595.78,0
2758,6618.644,"Mount",-0.016,0.001,-0.015,0.006,0.000,0.000,0,,0,,,,1163455,600.19,0
2759,6621.063,"Mount",-0.279,0.105,-0.297,0.028,-0.187,0.000,45,E,0,,,,1084688,548.79,0
2760,6623.280,"Mount",-0.071,-0.054,-0.041,0.079,0.000,0.000,0,,0,,,,1113903,531.22,0
2761,6625.855,"Mount",0.116,-0.487,0.317,0.387,0.200,0.387,48,W,81,S,,,1103707,558.79,0
2762,6628.191,"Mount",0.105,-0.324,0.237,0.245,0.163,0.245,39,W,51,S,,,1105807,526.67,0
2763,6630.727,"Mount",0.720,-0.204,0.737,-0.133,0.476,0.000,115,W,0,,,,1088225,543.33,0
2764,6632.999,"Mount",0.281,-0.047,0.273,-0.081,0.205,0.000,50,W,0,,,,1141940,581.60,0
2765,6635.331,"Mount",0.024,0.258,-0.092,-0.243,0.000,0.000,0,,0,,,,1092281,588.01,0
2766,6637.648,"Mount",-0.311,0.164,-0.352,-0.011,-0.222,0.000,54,E,0,,,,1110359,608.11,0
2767,6640.095,"Mount",-0.191,-0.215,-0.077,0.277,0.000,0.277,0,,58,S,,,1132235,589.74,0
2768,6642.487,"Mount",-0.238,-0.115,-0.163,0.208,-0.103,0.208,25,E,44,S,,,1128423,574.80,0
2769,6644.935,"Mount",-0.170,-0.205,-0.063,0.258,0.000,0.258,0,,54,S,,,1150745,589.20,0
2770,6647.288,"Mount",-0.104,-0.318,0.046,0.331,0.000,0.331,0,,70,S,,,1177792,570.72,0
2771,6649.755,"Mount",0.301,-0.329,0.414,0.164,0.261,0.000,63,W,0,,,,1116162,550.28,0
2772,6652.063,"Mount",-0.225,-0.357,-0.045,0.420,0.000,0.420,0,,88,S,,,1139792,580.26,0
2773,6654.631,"Mount",-0.257,-0.127,-0.176,0.227,-0.111,0.227,27,E,48,S,,,1080151,620.70,0
2774,6656.927,"Mount",-0.269,0.142,-0.304,-0.009,-0.199,0.000,48,E,0,,,,1147122,537.03,0
2775,6659.265,"Mount",-0.015,-0.211,0.079,0.196,0.000,0.000,0,,0,,,,1106957,583.74,0
2776,6661.527,"Mount",0.101,-0.202,0.180,0.137,0.113,0.000,27,W,0,,,,1127670,608.02,0
2777,6663.958,"Mount",0.045,-0.010,0.045,-0.010,0.000,0.000,0,,0,,,,1068807,521.75,0
2778,6666.176,"Mount",-0.022,0.052,-0.043,-0.037,0.000,0.000,0,,0,,,,1076889,544.90,0
2779,6668.671,"Mount",-0.086,-0.317,0.062,0.322,0.000,0.322,0,,68,S,,,1084122,549.35,0
2780,6671.047,"Mount",0.116,-0.198,0.191,0.127,0.120,0.000,29,W,0,,,,1067362,584.50,0
2781,6673.414,"Mount",0.097,0.078,0.052,-0.113,0.000,0.000,0,,0,,,,1040130,556.76,0
2782,6675.671,"Mount",-0.029,0.127,-0.082,-0.102,0.000,0.000,0,,0,,,,1111925,546.70,0
2783,6678.127,"Mount",-0.419,0.147,-0.441,0.051,-0.278,0.000,67,E,0,,,,1097277,554.91,0
2784,6680.455,"Mount",-0.372,0.119,-0.386,0.057,-0.263,0.000,63,E,0,,,,1109928,624.79,0
2785,6682.991,"Mount",-0.983,0.322,-1.025,0.142,-0.664,0.000,160,E,0,,,,1070074,568.00,0
2786,6685.287,"Mount",0.415,-0.122,0.426,-0.073,0.222,0.000,54,W,0,,,,1064636,541.40,0
2787,6687.834,"Mount",-0.163,0.158,-0.216,-0.071,-0.120,0.000,29,E,0,,,,1148281,590.72,0
2788,6690.093,"Mount",0.127,0.012,0.109,-0.066,0.000,0.000,0,,0,,,,1151456,566.70,0
2789,6692.528,"Mount",0.184,-0.136,0.225,0.041,0.142,0.000,34,W,0,,,,1109780,607.56,0
2790,6694.791,"Mount",0.250,-0.135,0.284,0.011,0.189,0.000,46,W,0,,,,1156088,557.23,0
2791,6697.199,"Mount",-0.158,0.047,-0.163,0.027,-0.089,0.000,22,E,0,,,,1150696,546.09,0
2792,6699.511,"Mount",-0.157,0.012,-0.146,0.058,-0.098,0.000,24,E,0,,,,1150316,498.87,0
2793,6701.999,"Mount",-0.127,0.073,-0.146,-0.010,-0.099,0.000,24,E,0,,,,1143374,582.53,0
2794,6704.279,"Mount",-0.127,0.198,-0.201,-0.122,-0.134,0.000,32,E,0,,,,1154570,588.87,0
2795,6706.664,"Mount",-0.086,0.111,-0.126,-0.062,0.000,0.000,0,,0,,,,1068294,500.84,0
2796,6708.960,"Mount",-0.501,0.285,-0.575,-0.036,-0.362,0.000,87,E,0,,,,1072926,614.91,0
2797,6711.392,"Mount",0.129,0.235,0.013,-0.267,0.000,0.000,0,,0,,,,1069969,588.71,0
2798,6713.709,"Mount",0.142,-0.077,0.162,0.007,0.102,0.000,25,W,0,,,,1032853,532.13,0
2799,6716.087,"Mount",0.066,-0.047,0.080,0.013,0.000,0.000,0,,0,,,,1141492,571.79,0
2800,6718.275,"Mount",-0.040,-0.193,0.049,0.191,0.000,0.000,0,,0,,,,1134798,598.42,0
2801,6720.719,"Mount",-0.311,0.051,-0.302,0.091,-0.190,0.000,46,E,0,,,,1148902,598.42,0
2802,6723.095,"Mount",-0.347,-0.086,-0.275,0.230,-0.186,0.230,45,E,48,S,,,1089772,548.22,0
2803,6725.504,"Mount",-0.244,0.143,-0.282,-0.021,-0.191,0.000,46,E,0,,,,1125491,583.30,0
2804,6727.847,"Mount",-0.084,0.129,-0.132,-0.079,-0.097,0.000,23,E,0,,,,1127354,578.91,0
2805,6730.319,"Mount",-0.210,0.009,-0.192,0.084,-0.128,0.000,31,E,0,,,,1053542,574.95,0
2806,6732.644,"Mount",-0.195,-0.013,-0.170,0.097,-0.116,0.000,28,E,0,,,,1140054,593.19,0
2807,6735.128,"Mount",0.167,-0.175,0.227,0.084,0.135,0.000,33,W,0,,,,1078149,523.14,0
2808,6737.368,"Mount",0.035,-0.009,0.035,-0.007,0.000,0.000,0,,0,,,,1098129,568.54,0
2809,6739.770,"Mount",0.023,-0.060,0.047,0.044,0.000,0.000,0,,0,,,,1008277,574.76,0
2810,6742.063,"Mount",-0.434,0.015,-0.396,0.177,-0.250,0.000,60,E,0,,,,1086305,584.81,0
2811,6744.519,"Mount",-0.246,-0.074,-0.189,0.175,-0.137,0.000,33,E,0,,,,1086047,523.24,0
2812,6747.023,"Mount",-0.295,-0.065,-0.236,0.188,-0.158,0.000,38,E,0,,,,1133037,574.26,0
2813,6749.487,"Mount",-0.244,-0.068,-0.189,0.168,-0.130,0.000,32,E,0,,,,1070226,533.52,0
2814,6751.863,"Mount",-0.315,-0.149,-0.218,0.272,-0.147,0.272,35,E,57,S,,,1038489,572.49,0
2815,6754.344,"Mount",0.455,-0.193,0.494,-0.026,0.301,0.000,73,W,0,,,,1076723,596.39,0
2816,6756.672,"Mount",0.178,-0.072,0.192,-0.013,0.142,0.000,34,W,0,,,,1130858,567.61,0
2817,6759.063,"Mount",-0.137,0.173,-0.199,-0.095,-0.116,0.000,28,E,0,,,,1136609,587.66,0
2818,6761.479,"Mount",-0.491,0.001,-0.442,0.214,-0.286,0.214,69,E,45,S,,,1000212,519.92,0
2819,6764.367,"Mount",-1.314,0.215,-1.275,0.384,-0.823,0.384,199,E,81,S,,,1170279,615.78,0
2820,6766.687,"Mount",-0.485,0.133,-0.494,0.093,-0.369,0.000,89,E,0,,,,1126347,553.09,0
2821,6769.029,"Mount",0.055,-0.032,0.064,0.005,0.000,0.000,0,,0,,,,1122268,602.45,0
2822,6771.487,"Mount",-0.400,-0.364,-0.199,0.502,-0.126,0.502,30,E,106,S,,,1128900,529.84,0
2823,6773.947,"Mount",0.231,0.237,0.104,-0.314,0.000,0.000,0,,0,,,,1098408,512.05,0
2824,6776.280,"Mount",0.575,0.129,0.460,-0.368,0.290,0.000,70,W,0,,,,1102944,570.73,0
2825,6778.720,"Mount",0.599,0.278,0.416,-0.513,0.283,0.000,68,W,0,,,,1125128,612.40,0
2826,6781.008,"Mount",0.691,0.303,0.488,-0.576,0.327,0.000,79,W,0,,,,1072080,579.46,0
2827,6783.450,"Mount",0.238,0.547,-0.026,-0.596,0.000,0.000,0,,0,,,,1053185,593.15,0
2828,6786.823,"Mount",0.263,0.472,0.029,-0.539,0.000,-0.539,0,,1159,N,,,1049274,536.06,0
2829,6789.263,"Mount",-0.174,0.124,-0.211,-0.035,-0.133,0.000,32,E,0,,,,1119722,579.75,0
2830,6791.711,"Mount",-0.226,0.356,-0.360,-0.221,-0.236,-0.221,57,E,46,N,,,1094078,576.83,0
2831,6794.185,"Mount",0.182,0.251,0.053,-0.306,0.000,-0.306,0,,64,N,,,1058811,546.56,0
2832,6796.503,"Mount",0.195,0.321,0.034,-0.374,0.000,-0.374,0,,78,N,,,1128387,617.17,0
2833,6798.935,"Mount",0.301,0.065,0.241,-0.191,0.152,0.000,37,W,0,,,,1099034,552.62,0
2834,6801.239,"Mount",0.304,0.044,0.253,-0.173,0.170,0.000,41,W,0,,,,1081054,562.23,0
2835,6803.807,"Mount",0.261,0.137,0.174,-0.237,0.122,-0.237,29,W,50,N,,,1084432,578.85,0
2836,6806.231,"Mount",-0.187,0.268,-0.286,-0.159,-0.172,0.000,41,E,0,,,,1082717,536.14,0
2837,6808.698,"Mount",-0.203,0.219,-0.279,-0.108,-0.188,0.000,45,E,0,,,,1083422,552.65,0
2838,6810.890,"Mount",-0.045,0.180,-0.120,-0.142,0.000,0.000,0,,0,,,,1073957,588.03,0
2839,6813.359,"Mount",0.201,0.140,0.119,-0.214,0.000,-0.214,0,,45,N,,,1044144,538.56,0
2840,6815.735,"Mount",-0.119,0.281,-0.230,-0.200,-0.145,-0.200,35,E,42,N,,,1031422,565.08,0
2841,6818.176,"Mount",0.173,-0.176,0.233,0.082,0.137,0.000,33,W,0,,,,1097972,578.31,0
2842,6820.419,"Mount",-0.151,-0.182,-0.056,0.230,0.000,0.000,0,,0,,,,1113157,517.51,0
2843,6822.831,"Mount",0.321,-0.052,0.311,-0.094,0.196,0.000,47,W,0,,,,1144702,598.42,0
2844,6825.112,"Mount",0.082,-0.364,0.233,0.291,0.161,0.000,39,W,0,,,,1073698,509.38,0
2845,6827.503,"Mount",-0.199,-0.167,-0.106,0.238,0.000,0.000,0,,0,,,,1167336,601.43,0
2846,6829.711,"Mount",-0.107,-0.219,-0.000,0.244,0.000,0.000,0,,0,,,,1073804,564.16,0
2847,6832.119,"Mount",-0.166,0.087,-0.188,-0.005,-0.118,0.000,29,E,0,,,,1125847,546.30,0
2848,6834.384,"Mount",-0.125,0.225,-0.211,-0.148,-0.141,0.000,34,E,0,,,,1032270,533.23,0
2849,6836.892,"Mount",0.075,0.010,0.063,-0.042,0.000,0.000,0,,0,,,,1015679,536.03,0
2850,6839.144,"Mount",0.219,0.038,0.180,-0.130,0.114,0.000,27,W,0,,,,1071097,574.41,0
2851,6841.711,"Mount",0.919,-0.306,0.961,-0.128,0.613,0.000,148,W,0,,,,1068484,559.18,0
2852,6844.223,"Mount",0.450,-0.218,0.500,-0.002,0.358,0.000,86,W,0,,,,1053739,550.47,0
2853,6846.631,"Mount",0.014,-0.220,0.110,0.192,0.000,0.000,0,,0,,,,1115105,599.55,0
2854,6850.023,"Mount",-0.184,-0.239,-0.061,0.295,0.000,0.295,0,,1146,S,,,1050235,520.11,0
2855,6852.495,"Mount",-0.209,-0.012,-0.182,0.103,-0.115,0.000,28,E,0,,,,1119503,596.12,0
2856,6854.677,"Mount",-0.151,-0.032,-0.121,0.095,0.000,0.000,0,,0,,,,1076548,616.27,0
2857,6857.028,"Mount",0.126,0.026,0.102,-0.079,0.000,0.000,0,,0,,,,1055601,555.08,0
2858,6859.343,"Mount",-0.286,0.149,-0.323,-0.009,-0.203,0.000,49,E,0,,,,1062656,524.00,0
2859,6861.775,"Mount",0.212,0.069,0.160,-0.155,0.087,0.000,21,W,0,,,,1090105,550.17,0
2860,6864.029,"Mount",-0.132,-0.107,-0.071,0.154,0.000,0.000,0,,0,,,,1031557,574.90,0
2861,6866.491,"Mount",0.086,-0.011,0.082,-0.028,0.000,0.000,0,,0,,,,981891,554.74,0
2862,6868.701,"Mount",0.103,0.080,0.057,-0.117,0.000,0.000,0,,0,,,,1107789,556.52,0
2863,6871.136,"Mount",-0.278,0.057,-0.275,0.071,-0.173,0.000,42,E,0,,,,1114496,584.19,0
2864,6873.495,"Mount",-0.167,-0.264,-0.034,0.310,0.000,0.310,0,,65,S,,,1032962,601.17,0
2865,6875.846,"Mount",-0.134,0.021,-0.130,0.040,0.000,0.000,0,,0,,,,1098401,521.85,0
2866,6878.287,"Mount",-0.291,-0.052,-0.239,0.174,-0.150,0.000,36,E,0,,,,1118155,547.78,0
2867,6880.682,"Mount",0.007,-0.192,0.090,0.169,0.000,0.000,0,,0,,,,1090169,529.63,0
2868,6882.858,"Mount",-0.018,-0.131,0.042,0.125,0.000,0.000,0,,0,,,,1084733,597.32,0
2869,6885.313,"Mount",0.137,-0.133,0.182,0.059,0.114,0.000,28,W,0,,,,982390,510.08,0
2870,6887.511,"Mount",0.024,-0.176,0.099,0.147,0.000,0.000,0,,0,,,,1062703,600.10,0
2871,6890.096,"Mount",-0.018,-0.397,0.158,0.365,0.099,0.365,24,W,77,S,,,1079202,606.79,0
2872,6892.447,"Mount",-0.263,-0.115,-0.186,0.219,-0.110,0.219,27,E,46,S,,,1111780,587.68,0
2873,6894.959,"Mount",-0.315,-0.334,-0.136,0.438,-0.094,0.438,23,E,92,S,,,1122469,568.99,0
2874,6897.231,"Mount",-0.207,-0.181,-0.107,0.253,0.000,0.253,0,,53,S,,,1099751,542.61,0
2875,6899.610,"Mount",-0.123,-0.119,-0.058,0.161,0.000,0.000,0,,0,,,,1077128,497.76,0
2876,6901.887,"Mount",-0.136,-0.201,-0.034,0.240,0.000,0.240,0,,50,S,,,1062501,575.34,0
2877,6904.302,"Mount",0.075,-0.099,0.110,0.056,0.000,0.000,0,,0,,,,1057899,581.71,0
2878,6906.602,"Mount",0.259,-0.110,0.281,-0.015,0.177,0.000,43,W,0,,,,1030694,562.75,0
2879,6909.088,"Mount",-0.126,-0.162,-0.042,0.201,0.000,0.201,0,,42,S,,,1067186,586.63,0
2880,6911.384,"Mount",-0.279,-0.021,-0.242,0.141,-0.152,0.000,37,E,0,,,,978713,561.75,0
2881,6913.936,"Mount",-0.262,0.132,-0.294,-0.004,-0.196,0.000,47,E,0,,,,1064403,537.47,0
2882,6916.240,"Mount",-0.378,0.042,-0.358,0.128,-0.239,0.000,58,E,0,,,,1094125,571.71,0
2883,6918.609,"Mount",0.085,-0.115,0.127,0.066,0.000,0.000,0,,0,,,,1086978,578.60,0
2884,6920.904,"Mount",-0.208,-0.014,-0.181,0.103,-0.114,0.000,27,E,0,,,,1119272,538.66,0
2885,6923.322,"Mount",-0.157,0.044,-0.160,0.029,-0.109,0.000,26,E,0,,,,1015717,513.96,0
2886,6925.611,"Mount",-0.187,-0.140,-0.106,0.208,0.000,0.208,0,,44,S,,,1038856,530.20,0
2887,6928.119,"Mount",0.115,-0.272,0.222,0.194,0.140,0.000,34,W,0,,,,1046162,552.36,0
2888,6930.591,"Mount",0.389,-0.455,0.549,0.238,0.356,0.238,86,W,50,S,,,1148325,542.84,0
2889,6932.942,"Mount",-0.045,-0.182,0.039,0.183,0.000,0.000,0,,0,,,,1065471,523.17,0
2890,6935.199,"Mount",-0.033,-0.258,0.084,0.246,0.000,0.246,0,,52,S,,,1009329,564.27,0
2891,6937.548,"Mount",-0.118,0.019,-0.115,0.035,0.000,0.000,0,,0,,,,1066815,588.62,0
2892,6939.815,"Mount",0.171,0.090,0.114,-0.156,0.000,0.000,0,,0,,,,1039792,528.43,0
2893,6942.296,"Mount",-0.178,0.290,-0.287,-0.182,-0.181,0.000,44,E,0,,,,1058144,557.09,0
2894,6944.458,"Mount",0.074,-0.002,0.067,-0.030,0.000,0.000,0,,0,,,,1063522,565.63,0
2895,6946.850,"Mount",0.043,0.121,-0.015,-0.128,0.000,0.000,0,,0,,,,1023575,575.06,0
2896,6949.128,"Mount",0.379,-0.062,0.368,-0.110,0.232,0.000,56,W,0,,,,1072244,515.59,0
2897,6951.619,"Mount",0.459,-0.017,0.420,-0.186,0.281,0.000,68,W,0,,,,1103690,566.68,0
2898,6953.922,"Mount",0.056,0.194,-0.035,-0.199,0.000,0.000,0,,0,,,,1027578,541.49,0
2899,6956.251,"Mount",0.068,0.233,-0.041,-0.239,0.000,0.000,0,,0,,,,1084032,589.27,0
2900,6958.473,"Mount",0.088,0.075,0.046,-0.106,0.000,0.000,0,,0,,,,996539,558.58,0
2901,6960.888,"Mount",0.262,0.094,0.194,-0.199,0.122,0.000,29,W,0,,,,984788,538.33,0
2902,6963.149,"Mount",0.249,0.017,0.217,-0.124,0.145,0.000,35,W,0,,,,1042288,555.78,0
2903,6965.504,"Mount",0.014,0.226,-0.086,-0.209,0.000,0.000,0,,0,,,,1056019,538.38,0
2904,6967.810,"Mount",0.222,0.075,0.167,-0.165,0.105,0.000,25,W,0,,,,1008711,531.63,0
2905,6970.149,"Mount",0.098,0.105,0.042,-0.138,0.000,0.000,0,,0,,,,1070399,540.79,0
2906,6972.395,"Mount",0.081,-0.009,0.077,-0.027,0.000,0.000,0,,0,,,,1016528,578.66,0
2907,6974.733,"Mount",0.016,0.091,-0.026,-0.089,0.000,0.000,0,,0,,,,1081368,584.28,0
2908,6977.000,"Mount",-0.179,0.118,-0.213,-0.027,-0.134,0.000,32,E,0,,,,1050813,510.81,0
2909,6979.343,"Mount",-0.029,-0.103,0.019,0.105,0.000,0.000,0,,0,,,,988530,490.54,0
2910,6981.752,"Mount",-0.405,0.446,-0.560,-0.223,-0.353,0.000,85,E,0,,,,1056856,571.44,0
2911,6984.192,"Mount",-0.230,0.100,-0.251,0.011,-0.183,0.000,44,E,0,,,,1074473,561.37,0
2912,6986.464,"Mount",-0.192,0.049,-0.194,0.040,-0.135,0.000,33,E,0,,,,1048301,561.19,0
2913,6988.803,"Mount",0.029,-0.129,0.082,0.103,0.000,0.000,0,,0,,,,1058203,558.94,0
2914,6991.064,"Mount",0.235,-0.066,0.240,-0.044,0.151,0.000,37,W,0,,,,1027046,534.63,0
2915,6993.640,"Mount",0.913,-0.294,0.949,-0.136,0.609,0.000,147,W,0,,,,1011341,551.58,0
2916,6995.928,"Mount",0.257,-0.149,0.296,0.021,0.229,0.000,55,W,0,,,,1100957,595.24,0
2917,6998.424,"Mount",-0.206,0.256,-0.297,-0.140,-0.171,0.000,41,E,0,,,,1043434,566.75,0
2918,7000.720,"Mount",-0.246,0.292,-0.349,-0.155,-0.232,0.000,56,E,0,,,,1047800,572.83,0
2919,7003.152,"Mount",-0.288,-0.037,-0.242,0.159,-0.169,0.000,41,E,0,,,,1059039,552.98,0
2920,7005.488,"Mount",-0.478,0.031,-0.443,0.182,-0.291,0.000,70,E,0,,,,1082445,556.71,0
2921,7007.952,"Mount",-0.159,0.048,-0.163,0.027,-0.123,0.000,30,E,0,,,,1058207,548.29,0
2922,7010.312,"Mount",-0.245,0.108,-0.268,0.011,-0.177,0.000,43,E,0,,,,1055141,512.22,0
2923,7012.657,"Mount",-0.075,-0.071,-0.037,0.096,0.000,0.000,0,,0,,,,1033385,527.58,0
2924,7014.859,"Mount",-0.013,-0.005,-0.009,0.010,0.000,0.000,0,,0,,,,1060271,538.05,0
2925,7017.264,"Mount",0.160,-0.040,0.161,-0.034,0.102,0.000,25,W,0,,,,1002060,526.29,0
2926,7019.477,"Mount",-0.098,-0.034,-0.073,0.074,0.000,0.000,0,,0,,,,1019781,561.61,0
2927,7021.913,"Mount",-0.315,0.115,-0.334,0.035,-0.210,0.000,51,E,0,,,,1089851,526.55,0
2928,7024.336,"Mount",-0.360,0.048,-0.344,0.115,-0.232,0.000,56,E,0,,,,1100192,602.19,0
2929,7026.726,"Mount",-0.025,-0.032,-0.009,0.040,0.000,0.000,0,,0,,,,1070132,544.31,0
2930,7029.000,"Mount",-0.209,-0.066,-0.158,0.151,-0.100,0.000,24,E,0,,,,1090522,541.66,0
2931,7031.416,"Mount",-0.159,0.007,-0.146,0.064,-0.099,0.000,24,E,0,,,,1082035,520.98,0
2932,7033.784,"Mount",-0.244,-0.066,-0.191,0.166,-0.127,0.000,31,E,0,,,,1063619,526.70,0
2933,7036.200,"Mount",0.121,-0.185,0.190,0.113,0.111,0.000,27,W,0,,,,973899,521.95,0
2934,7038.551,"Mount",-0.064,-0.193,0.027,0.201,0.000,0.201,0,,42,S,,,1004225,518.45,0
2935,7040.866,"Mount",-0.017,0.021,-0.025,-0.011,0.000,0.000,0,,0,,,,993454,522.63,0
2936,7043.328,"Mount",-0.168,0.060,-0.177,0.019,-0.112,0.000,27,E,0,,,,1029318,581.30,0
2937,7045.875,"Mount",-0.053,-0.170,0.027,0.176,0.000,0.000,0,,0,,,,1046330,575.06,0
2938,7048.152,"Mount",-0.310,-0.062,-0.251,0.192,-0.158,0.000,38,E,0,,,,1027073,512.31,0
2939,7050.552,"Mount",0.011,-0.133,0.068,0.115,0.000,0.000,0,,0,,,,1037197,496.06,0
2940,7052.823,"Mount",-0.147,-0.242,-0.026,0.282,0.000,0.282,0,,59,S,,,1031737,549.49,0
2941,7055.208,"Mount",0.039,-0.170,0.110,0.136,0.000,0.000,0,,0,,,,1061954,570.12,0
2942,7057.457,"Mount",0.078,-0.161,0.141,0.111,0.089,0.000,21,W,0,,,,1064438,566.04,0
2943,7059.840,"Mount",0.071,0.182,-0.016,-0.195,0.000,0.000,0,,0,,,,997594,541.25,0
2944,7062.056,"Mount",-0.059,0.196,-0.139,-0.150,-0.087,0.000,21,E,0,,,,1110587,521.04,0
2945,7064.512,"Mount",-0.189,0.171,-0.245,-0.071,-0.161,0.000,39,E,0,,,,1051228,568.36,0
2946,7066.784,"Mount",-0.160,0.334,-0.291,-0.230,-0.194,0.000,47,E,0,,,,978299,542.07,0
2947,7069.264,"Mount",-0.223,0.381,-0.368,-0.245,-0.246,0.000,59,E,0,,,,1024802,553.12,0
2948,7071.568,"Mount",-0.412,0.188,-0.453,0.012,-0.303,0.000,73,E,0,,,,1072176,525.88,0
2949,7074.024,"Mount",-0.238,0.214,-0.308,-0.088,-0.215,0.000,52,E,0,,,,1086762,608.97,0
2950,7076.246,"Mount",0.073,-0.145,0.129,0.099,0.000,0.000,0,,0,,,,1032279,538.50,0
2951,7078.736,"Mount",0.607,-0.117,0.597,-0.161,0.376,0.000,91,W,0,,,,1095782,549.32,0
2952,7081.032,"Mount",0.516,-0.052,0.487,-0.180,0.333,0.000,80,W,0,,,,1073390,568.84,0
2953,7083.377,"Mount",0.056,-0.115,0.101,0.079,0.000,0.000,0,,0,,,,1005782,519.71,0
2954,7085.581,"Mount",-0.178,-0.183,-0.080,0.242,0.000,0.000,0,,0,,,,1045091,523.41,0
2955,7088.057,"Mount",-0.411,0.124,-0.424,0.069,-0.267,0.000,65,E,0,,,,1012046,571.23,0
2956,7090.336,"Mount",-0.163,0.320,-0.286,-0.216,-0.199,0.000,48,E,0,,,,1031771,531.21,0
2957,7092.744,"Mount",-0.101,0.121,-0.144,-0.065,-0.105,0.000,25,E,0,,,,1136983,545.88,0
2958,7095.065,"Mount",-0.187,0.036,-0.184,0.050,-0.123,0.000,30,E,0,,,,1073435,562.01,0
2959,7097.543,"Mount",-0.157,0.193,-0.226,-0.104,-0.151,0.000,36,E,0,,,,1068542,541.56,0
2960,7099.747,"Mount",-0.026,0.072,-0.055,-0.053,0.000,0.000,0,,0,,,,1090075,606.57,0
2961,7102.200,"Mount",0.126,-0.095,0.155,0.030,0.098,0.000,24,W,0,,,,1100908,573.63,0
2962,7104.421,"Mount",0.041,0.018,0.029,-0.034,0.000,0.000,0,,0,,,,1038596,610.47,0
2963,7107.005,"Mount",-0.044,-0.019,-0.031,0.036,0.000,0.000,0,,0,,,,1021544,514.48,0
2964,7109.304,"Mount",-0.196,0.142,-0.239,-0.042,-0.150,0.000,36,E,0,,,,1064797,551.37,0
2965,7111.675,"Mount",0.031,0.096,-0.014,-0.100,0.000,0.000,0,,0,,,,1045258,580.75,0
2966,7114.074,"Mount",-0.008,0.036,-0.022,-0.029,0.000,0.000,0,,0,,,,1028264,530.67,0
2967,7116.413,"Mount",-0.059,0.076,-0.087,-0.043,0.000,0.000,0,,0,,,,1055698,555.60,0
2968,7118.700,"Mount",-0.207,-0.070,-0.155,0.154,-0.098,0.000,24,E,0,,,,1054622,530.53,0
2969,7121.057,"Mount",-0.012,-0.141,0.051,0.132,0.000,0.000,0,,0,,,,1031137,559.06,0
2970,7123.249,"Mount",0.019,-0.225,0.116,0.194,0.000,0.000,0,,0,,,,1043128,569.08,0
2971,7125.688,"Mount",0.326,-0.273,0.413,0.102,0.260,0.000,63,W,0,,,,1114234,553.29,0
2972,7127.910,"Mount",0.079,-0.011,0.076,-0.024,0.000,0.000,0,,0,,,,1056615,555.07,0
2973,7130.383,"Mount",-0.083,-0.299,0.056,0.305,0.000,0.305,0,,64,S,,,1051543,600.97,0
2974,7132.579,"Mount",-0.122,0.036,-0.126,0.021,0.000,0.000,0,,0,,,,1083315,589.02,0
2975,7134.951,"Mount",-0.043,0.149,-0.104,-0.114,0.000,0.000,0,,0,,,,1060159,560.00,0
2976,7137.304,"Mount",-0.124,0.324,-0.254,-0.236,-0.160,0.000,39,E,0,,,,1038584,584.98,0
2977,7139.705,"Mount",0.076,0.207,-0.022,-0.220,0.000,0.000,0,,0,,,,1025096,577.91,0
2978,7142.009,"Mount",-0.105,0.199,-0.181,-0.133,-0.114,0.000,28,E,0,,,,1050219,532.59,0
2979,7144.488,"Mount",0.550,0.083,0.457,-0.316,0.280,0.000,68,W,0,,,,1048528,594.73,0
2980,7148.472,"Mount",0.282,0.099,0.210,-0.213,0.152,-0.213,37,W,1129,N,,,1063063,557.61,0
2981,7151.017,"Mount",-0.780,0.225,-0.799,0.140,-0.493,0.000,119,E,0,,,,1095737,579.90,0
2982,7153.354,"Mount",-0.484,0.205,-0.525,0.029,-0.365,0.000,88,E,0,,,,1061096,578.85,0
2983,7155.938,"Mount",-0.494,-0.004,-0.442,0.221,-0.304,0.000,73,E,0,,,,966886,521.42,0
2984,7158.249,"Mount",-0.330,0.047,-0.317,0.102,-0.221,0.000,53,E,0,,,,1081280,583.30,0
INFO: SET LOCK POSITION, new lock pos = 966.110, 222.704
INFO: DITHER by 2.833, 3.026, new lock pos = 967.328, 218.741
INFO: SETTLING STATE CHANGE, Settling started
2985,7161.175,"Mount",-0.458,0.128,-0.468,0.086,-0.310,0.000,75,E,0,,,,1044853,523.29,0
2986,7165.641,"Mount",-1.218,3.962,-2.833,-3.026,-2.833,-3.026,684,E,635,N,,,1096647,537.25,0
2987,7168.623,"Mount",1.443,1.942,0.444,-2.378,0.280,-2.378,68,W,499,N,,,1111410,578.73,0
2988,7171.303,"Mount",0.932,2.005,-0.043,-2.211,0.000,-2.211,0,,464,N,,,1005939,560.19,0
2989,7174.111,"Mount",-0.051,1.172,-0.560,-1.031,-0.353,-1.031,85,E,216,N,,,1025768,567.89,0
2990,7176.584,"Mount",-0.155,0.855,-0.514,-0.700,-0.349,-0.700,84,E,147,N,,,1084634,570.22,0
2991,7179.032,"Mount",-0.480,0.012,-0.437,0.200,-0.300,0.000,72,E,0,,,,1088309,605.60,0
2992,7181.304,"Mount",-0.454,-0.128,-0.352,0.314,-0.243,0.000,59,E,0,,,,1022280,574.96,0
2993,7183.776,"Mount",-0.532,-0.313,-0.341,0.515,-0.232,0.000,56,E,0,,,,1021582,596.68,0
2994,7186.000,"Mount",0.016,-0.604,0.279,0.536,0.160,0.000,39,W,0,,,,1091451,590.29,0
2995,7188.496,"Mount",0.208,-0.339,0.336,0.213,0.223,0.000,54,W,0,,,,989410,553.04,0
INFO: SETTLING STATE CHANGE, Settling complete
2996,7190.744,"Mount",0.255,-0.169,0.304,0.040,0.207,0.000,50,W,0,,,,1053671,555.58,0
2997,7193.225,"Mount",-0.825,0.087,-0.779,0.283,-0.477,0.000,115,E,0,,,,1021657,544.90,0
2998,7195.584,"Mount",-0.313,-0.090,-0.242,0.218,-0.186,0.000,45,E,0,,,,1032032,530.88,0
2999,7198.012,"Mount",0.042,-0.117,0.089,0.087,0.000,0.000,0,,0,,,,1019356,531.92,0
3000,7200.296,"Mount",0.225,-0.289,0.329,0.161,0.207,0.000,50,W,0,,,,1016942,560.67,0
3001,7202.625,"Mount",0.075,-0.121,0.120,0.076,0.000,0.000,0,,0,,,,1021334,537.90,0
3002,7204.888,"Mount",0.211,-0.032,0.204,-0.064,0.128,0.000,31,W,0,,,,1060518,552.12,0
3003,7207.320,"Mount",0.208,-0.365,0.347,0.237,0.228,0.000,55,W,0,,,,1011100,490.67,0
3004,7209.667,"Mount",0.142,-0.357,0.284,0.259,0.195,0.000,47,W,0,,,,1019601,556.67,0
3005,7213.304,"Mount",-0.420,-0.063,-0.350,0.241,-0.207,0.241,50,E,1135,S,,,1080166,555.17,0
3006,7215.626,"Mount",-0.198,0.017,-0.185,0.072,-0.131,0.000,32,E,0,,,,1066193,552.55,0
3007,7218.096,"Mount",-0.295,0.256,-0.378,-0.100,-0.247,0.000,60,E,0,,,,1086121,564.99,0
3008,7220.408,"Mount",-0.418,0.225,-0.474,-0.018,-0.316,0.000,76,E,0,,,,1068953,582.12,0
3009,7222.832,"Mount",-0.091,0.189,-0.165,-0.130,-0.126,0.000,30,E,0,,,,1008252,589.51,0
3010,7225.066,"Mount",0.045,0.176,-0.037,-0.178,0.000,0.000,0,,0,,,,1045739,573.73,0
3011,7227.640,"Mount",0.581,-0.286,0.648,0.002,0.408,0.000,99,W,0,,,,1075794,563.95,0
3012,7230.024,"Mount",0.254,-0.266,0.345,0.127,0.246,0.000,59,W,0,,,,1029710,540.21,0
3013,7232.370,"Mount",-0.101,-0.017,-0.083,0.060,0.000,0.000,0,,0,,,,1086769,562.66,0
3014,7234.563,"Mount",-0.071,0.121,-0.117,-0.077,0.000,0.000,0,,0,,,,1033164,562.25,0
3015,7237.040,"Mount",-0.422,0.146,-0.443,0.054,-0.279,0.000,67,E,0,,,,1067737,596.79,0
3016,7239.312,"Mount",-0.352,0.148,-0.381,0.021,-0.260,0.000,63,E,0,,,,1094325,539.65,0
3017,7241.913,"Mount",-0.391,-0.054,-0.328,0.221,-0.225,0.221,54,E,46,S,,,1010990,587.44,0
3018,7244.217,"Mount",-0.238,-0.066,-0.185,0.163,-0.132,0.000,32,E,0,,,,1097751,554.36,0
3019,7246.704,"Mount",0.095,-0.273,0.205,0.204,0.120,0.204,29,W,43,S,,,1110060,595.85,0
3020,7248.960,"Mount",0.165,-0.234,0.251,0.138,0.167,0.000,40,W,0,,,,1087771,587.09,0
3021,7251.683,"Mount",0.297,-0.406,0.445,0.234,0.292,0.234,71,W,49,S,,,979548,517.16,0
3022,7254.144,"Mount",0.423,-0.255,0.492,0.044,0.330,0.000,80,W,0,,,,1072016,597.34,0
3023,7256.600,"Mount",-0.180,0.317,-0.301,-0.206,-0.167,0.000,40,E,0,,,,1116104,583.41,0
3024,7258.856,"Mount",-0.154,0.215,-0.233,-0.126,-0.158,0.000,38,E,0,,,,1095746,555.26,0
3025,7261.296,"Mount",-0.068,0.304,-0.194,-0.243,-0.133,0.000,32,E,0,,,,959836,508.55,0
3026,7263.677,"Mount",0.252,-0.022,0.236,-0.091,0.139,0.000,34,W,0,,,,1018997,569.57,0
3027,7266.112,"Mount",-0.275,0.306,-0.382,-0.154,-0.231,0.000,56,E,0,,,,1065910,604.09,0
3028,7268.327,"Mount",-0.038,-0.026,-0.023,0.040,0.000,0.000,0,,0,,,,1022729,557.13,0
3029,7270.699,"Mount",0.042,-0.198,0.125,0.159,0.000,0.000,0,,0,,,,1125872,579.53,0
3030,7273.000,"Mount",0.371,-0.147,0.397,-0.031,0.250,0.000,60,W,0,,,,1051486,548.09,0
3031,7275.365,"Mount",0.069,-0.121,0.115,0.078,0.000,0.000,0,,0,,,,1037400,532.37,0
3032,7277.563,"Mount",-0.060,-0.084,-0.017,0.102,0.000,0.000,0,,0,,,,995606,560.21,0
3033,7279.992,"Mount",-0.205,0.016,-0.191,0.076,-0.120,0.000,29,E,0,,,,1116232,524.53,0
3034,7282.264,"Mount",-0.133,0.025,-0.130,0.036,-0.090,0.000,22,E,0,,,,1049526,567.09,0
3035,7284.704,"Mount",-0.410,0.134,-0.427,0.060,-0.276,0.000,67,E,0,,,,1071215,566.34,0
3036,7286.977,"Mount",-0.102,0.124,-0.146,-0.067,-0.112,0.000,27,E,0,,,,1039310,599.04,0
3037,7289.348,"Mount",-0.083,-0.069,-0.044,0.099,0.000,0.000,0,,0,,,,1054494,572.35,0
3038,7291.928,"Mount",0.062,-0.329,0.200,0.268,0.126,0.268,30,W,56,S,,,1118550,524.64,0
3039,7294.472,"Mount",0.295,-0.437,0.457,0.263,0.297,0.263,72,W,55,S,,,1134632,537.77,0
3040,7296.872,"Mount",0.230,-0.027,0.219,-0.077,0.159,0.000,38,W,0,,,,1058652,544.34,0
3041,7299.376,"Mount",-0.192,-0.307,-0.038,0.361,0.000,0.361,0,,76,S,,,1065145,571.76,0
3042,7301.772,"Mount",-0.194,0.122,-0.228,-0.024,-0.144,0.000,35,E,0,,,,1097232,551.90,0
3043,7304.145,"Mount",-0.059,-0.082,-0.017,0.100,0.000,0.000,0,,0,,,,1098174,619.75,0
3044,7306.432,"Mount",-0.313,0.070,-0.312,0.075,-0.196,0.000,47,E,0,,,,1078394,562.67,0
3045,7308.848,"Mount",-0.278,0.179,-0.328,-0.039,-0.221,0.000,53,E,0,,,,1061781,571.67,0
3046,7311.168,"Mount",-0.275,0.071,-0.278,0.057,-0.191,0.000,46,E,0,,,,1082949,553.79,0
3047,7313.551,"Mount",-0.086,-0.061,-0.051,0.093,0.000,0.000,0,,0,,,,1049567,562.50,0
3048,7316.000,"Mount",-0.556,0.021,-0.509,0.225,-0.320,0.225,77,E,47,S,,,1107381,568.18,0
3049,7318.363,"Mount",-0.048,0.040,-0.060,-0.015,0.000,0.000,0,,0,,,,1084934,549.04,0
3050,7320.672,"Mount",-0.350,0.256,-0.427,-0.077,-0.269,0.000,65,E,0,,,,1093619,518.45,0
3051,7323.192,"Mount",-0.671,0.263,-0.718,0.058,-0.471,0.000,114,E,0,,,,1054969,539.16,0
3052,7325.571,"Mount",-0.683,0.326,-0.757,0.007,-0.510,0.000,123,E,0,,,,1118638,529.75,0
3053,7328.016,"Mount",0.212,-0.159,0.260,0.050,0.128,0.000,31,W,0,,,,1040981,513.97,0
3054,7330.328,"Mount",-0.208,0.134,-0.245,-0.029,-0.146,0.000,35,E,0,,,,1072095,594.52,0
3055,7332.768,"Mount",-0.175,0.180,-0.236,-0.085,-0.159,0.000,38,E,0,,,,1045132,530.66,0
3056,7335.088,"Mount",-0.115,0.060,-0.130,-0.004,-0.093,0.000,22,E,0,,,,1037583,522.57,0
3057,7337.437,"Mount",-0.041,-0.121,0.017,0.127,0.000,0.000,0,,0,,,,1037006,554.26,0
3058,7339.677,"Mount",-0.008,0.131,-0.065,-0.114,0.000,0.000,0,,0,,,,1075451,537.75,0
3059,7342.088,"Mount",-0.059,0.203,-0.142,-0.156,-0.090,0.000,22,E,0,,,,1061942,537.60,0
3060,7344.408,"Mount",-0.209,0.425,-0.374,-0.290,-0.242,0.000,58,E,0,,,,1066280,566.10,0
3061,7346.965,"Mount",-0.306,-0.137,-0.215,0.257,-0.152,0.257,37,E,54,S,,,1091483,540.14,0
3062,7349.232,"Mount",-0.226,0.174,-0.280,-0.057,-0.187,0.000,45,E,0,,,,1033249,512.86,0
3063,7351.720,"Mount",-0.205,0.119,-0.236,-0.017,-0.162,0.000,39,E,0,,,,1031607,554.42,0
3064,7354.120,"Mount",0.023,-0.016,0.028,0.004,0.000,0.000,0,,0,,,,1065049,565.69,0
3065,7356.536,"Mount",0.247,-0.202,0.311,0.073,0.196,0.000,47,W,0,,,,1061851,587.48,0
3066,7358.816,"Mount",0.305,-0.152,0.340,0.003,0.228,0.000,55,W,0,,,,1080772,586.92,0
3067,7361.240,"Mount",-0.205,-0.129,-0.128,0.206,0.000,0.206,0,,43,S,,,1008047,528.00,0
3068,7363.553,"Mount",-0.310,0.037,-0.295,0.102,-0.186,0.000,45,E,0,,,,1052862,547.20,0
3069,7366.088,"Mount",-0.303,-0.116,-0.221,0.237,-0.152,0.237,37,E,50,S,,,1101981,569.43,0
3070,7368.424,"Mount",-0.369,0.036,-0.347,0.129,-0.230,0.000,55,E,0,,,,1009437,523.25,0
3071,7370.944,"Mount",-0.949,0.486,-1.066,-0.020,-0.688,0.000,166,E,0,,,,1119768,557.41,0
3072,7373.288,"Mount",-0.132,0.064,-0.147,0.000,-0.141,0.000,34,E,0,,,,1128884,610.73,0
3073,7375.864,"Mount",0.246,-0.447,0.417,0.294,0.253,0.294,61,W,62,S,,,1131075,570.39,0
3074,7378.168,"Mount",0.406,-0.224,0.463,0.023,0.309,0.000,75,W,0,,,,1074394,575.83,0
3075,7380.632,"Mount",0.400,-0.185,0.441,-0.009,0.299,0.000,72,W,0,,,,1098070,553.73,0
3076,7382.952,"Mount",0.335,-0.194,0.387,0.027,0.265,0.000,64,W,0,,,,1126758,603.28,0
3077,7385.295,"Mount",-0.049,-0.028,-0.032,0.046,0.000,0.000,0,,0,,,,1034598,585.01,0
3078,7387.544,"Mount",0.185,-0.039,0.184,-0.046,0.116,0.000,28,W,0,,,,1023948,544.06,0
3079,7389.952,"Mount",-0.210,0.211,-0.281,-0.097,-0.169,0.000,41,E,0,,,,1031761,499.53,0
3080,7392.211,"Mount",-0.108,-0.090,-0.058,0.128,0.000,0.000,0,,0,,,,1054581,555.23,0
3081,7394.664,"Mount",-0.474,0.207,-0.517,0.022,-0.326,0.000,79,E,0,,,,1108518,554.84,0
3082,7396.976,"Mount",-0.220,0.178,-0.276,-0.063,-0.197,0.000,48,E,0,,,,1046954,568.17,0
3083,7399.424,"Mount",0.356,0.170,0.245,-0.309,0.141,0.000,34,W,0,,,,1056316,575.83,0
3084,7401.752,"Mount",0.244,0.059,0.194,-0.161,0.132,0.000,32,W,0,,,,1007711,514.85,0
3085,7404.115,"Mount",-0.068,0.014,-0.068,0.017,0.000,0.000,0,,0,,,,1099185,561.99,0
3086,7406.737,"Mount",-0.588,0.056,-0.553,0.208,-0.348,0.208,84,E,44,S,,,1053933,558.45,0
3087,7409.272,"Mount",-0.535,0.044,-0.500,0.195,-0.340,0.000,82,E,0,,,,1056167,549.76,0
3088,7411.760,"Mount",-0.625,0.015,-0.569,0.260,-0.382,0.260,92,E,55,S,,,1106667,572.86,0
3089,7414.344,"Mount",0.280,-0.445,0.447,0.277,0.255,0.277,62,W,58,S,,,1106207,587.20,0
3090,7416.532,"Mount",-0.069,0.072,-0.094,-0.035,0.000,0.000,0,,0,,,,1135411,566.63,0
3091,7418.936,"Mount",-0.148,0.112,-0.182,-0.035,-0.115,0.000,28,E,0,,,,1102114,612.95,0
3092,7421.264,"Mount",-0.075,0.191,-0.151,-0.139,-0.103,0.000,25,E,0,,,,1130758,567.12,0
3093,7423.760,"Mount",0.503,-0.411,0.633,0.149,0.391,0.000,95,W,0,,,,1159521,631.62,0
3094,7426.088,"Mount",0.072,-0.177,0.142,0.128,0.117,0.000,28,W,0,,,,1122060,592.76,0
3095,7428.560,"Mount",-0.315,-0.032,-0.269,0.167,-0.161,0.000,39,E,0,,,,1049740,529.00,0
3096,7431.048,"Mount",-1.066,-0.053,-0.935,0.516,-0.600,0.516,145,E,108,S,,,1097317,563.85,0
3097,7433.480,"Mount",-0.196,0.089,-0.216,0.006,-0.178,0.000,43,E,0,,,,1106444,566.93,0
3098,7435.776,"Mount",-0.149,0.166,-0.207,-0.083,-0.143,0.000,35,E,0,,,,1090548,597.47,0
3099,7438.107,"Mount",0.168,0.293,0.023,-0.337,0.000,0.000,0,,0,,,,1117179,586.32,0
3100,7440.449,"Mount",0.469,-0.019,0.430,-0.189,0.271,0.000,65,W,0,,,,1055869,539.85,0
3101,7442.864,"Mount",0.299,-0.227,0.368,0.072,0.251,0.000,61,W,0,,,,1111576,595.28,0
3102,7445.208,"Mount",0.451,-0.053,0.429,-0.151,0.288,0.000,69,W,0,,,,1078273,571.27,0
3103,7447.786,"Mount",0.693,-0.336,0.770,-0.003,0.506,0.000,122,W,0,,,,1100835,583.10,0
3104,7450.030,"Mount",0.112,-0.029,0.113,-0.023,0.000,0.000,0,,0,,,,1108146,590.71,0
3105,7452.440,"Mount",-0.067,0.235,-0.163,-0.182,-0.103,0.000,25,E,0,,,,1095066,525.65,0
3106,7454.704,"Mount",-0.113,0.254,-0.213,-0.179,-0.141,0.000,34,E,0,,,,1086726,558.06,0
3107,7457.131,"Mount",-0.138,-0.035,-0.109,0.092,0.000,0.000,0,,0,,,,1015809,584.05,0
3108,7459.392,"Mount",-0.094,0.215,-0.179,-0.152,-0.113,0.000,27,E,0,,,,1027054,548.08,0
3109,7461.856,"Mount",-0.055,0.484,-0.262,-0.410,-0.173,0.000,42,E,0,,,,1133843,621.23,0
3110,7464.129,"Mount",-0.061,0.205,-0.145,-0.157,-0.103,0.000,25,E,0,,,,1125795,560.24,0
3111,7466.529,"Mount",-0.038,-0.079,0.000,0.087,0.000,0.000,0,,0,,,,1033438,524.23,0
3112,7468.856,"Mount",0.119,-0.136,0.167,0.070,0.105,0.000,25,W,0,,,,1027004,590.84,0
3113,7471.336,"Mount",-0.361,0.220,-0.420,-0.039,-0.258,0.000,62,E,0,,,,1101948,567.18,0
3114,7473.636,"Mount",-0.074,0.146,-0.131,-0.099,-0.100,0.000,24,E,0,,,,1076571,568.96,0
3115,7476.088,"Mount",-0.220,0.117,-0.249,-0.008,-0.164,0.000,40,E,0,,,,1072815,571.48,0
3116,7478.416,"Mount",-0.350,0.218,-0.410,-0.042,-0.270,0.000,65,E,0,,,,1085644,590.74,0
3117,7480.808,"Mount",-0.172,0.087,-0.192,-0.002,-0.140,0.000,34,E,0,,,,1078030,575.06,0
3118,7483.002,"Mount",0.077,-0.092,0.109,0.049,0.000,0.000,0,,0,,,,1002172,510.14,0
3119,7485.512,"Mount",0.149,-0.302,0.267,0.206,0.168,0.206,41,W,43,S,,,1018135,583.68,0
3120,7487.832,"Mount",0.231,-0.111,0.256,-0.001,0.173,0.000,42,W,0,,,,1089306,503.45,0
3121,7490.312,"Mount",-0.107,0.147,-0.161,-0.085,-0.089,0.000,22,E,0,,,,991131,540.95,0
3122,7492.552,"Mount",-0.167,0.087,-0.188,-0.005,-0.125,0.000,30,E,0,,,,1082124,527.15,0
3123,7494.922,"Mount",-0.108,-0.106,-0.051,0.143,0.000,0.000,0,,0,,,,1032232,488.79,0
3124,7497.440,"Mount",-0.706,-0.051,-0.613,0.355,-0.386,0.355,93,E,75,S,,,1108693,581.82,0
3125,7499.969,"Mount",-0.181,0.131,-0.220,-0.038,-0.165,0.000,40,E,0,,,,1090752,532.82,0
3126,7502.328,"Mount",-0.070,0.174,-0.139,-0.126,-0.099,0.000,24,E,0,,,,1060770,620.88,0
3127,7504.736,"Mount",0.225,-0.012,0.207,-0.087,0.124,0.000,30,W,0,,,,1050006,545.05,0
3128,7507.016,"Mount",0.242,-0.113,0.267,-0.005,0.177,0.000,43,W,0,,,,1080265,497.21,0
3129,7509.583,"Mount",0.211,-0.329,0.334,0.203,0.223,0.203,54,W,43,S,,,1155110,623.64,0
3130,7511.836,"Mount",0.084,0.028,0.064,-0.062,0.000,0.000,0,,0,,,,1051978,569.59,0
3131,7514.188,"Mount",0.128,0.212,0.022,-0.247,0.000,0.000,0,,0,,,,1118007,581.45,0
3132,7516.512,"Mount",-0.223,0.347,-0.353,-0.214,-0.222,0.000,54,E,0,,,,1140493,540.41,0
3133,7518.936,"Mount",-0.235,0.083,-0.247,0.029,-0.171,0.000,41,E,0,,,,1154350,602.54,0
3134,7521.200,"Mount",-0.097,0.105,-0.133,-0.052,-0.096,0.000,23,E,0,,,,1114403,595.69,0
3135,7523.758,"Mount",0.307,-0.085,0.313,-0.059,0.191,0.000,46,W,0,,,,1070210,549.57,0
3136,7526.277,"Mount",0.238,0.086,0.176,-0.181,0.124,0.000,30,W,0,,,,1085576,579.04,0
3137,7528.800,"Mount",0.744,-0.251,0.778,-0.101,0.499,0.000,121,W,0,,,,1081971,558.54,0
3138,7531.144,"Mount",0.749,-0.397,0.848,0.028,0.569,0.000,137,W,0,,,,1108349,566.87,0
3139,7533.501,"Mount",0.047,-0.005,0.044,-0.016,0.000,0.000,0,,0,,,,1056538,581.91,0
3140,7535.722,"Mount",-0.173,-0.170,-0.081,0.229,0.000,0.000,0,,0,,,,1088876,550.68,0
3141,7538.188,"Mount",0.157,-0.158,0.211,0.073,0.133,0.000,32,W,0,,,,1056775,573.43,0
3142,7540.472,"Mount",0.094,-0.219,0.181,0.156,0.123,0.000,30,W,0,,,,1060039,546.92,0
3143,7542.920,"Mount",-0.152,0.083,-0.173,-0.008,-0.100,0.000,24,E,0,,,,1106442,576.47,0
3144,7545.192,"Mount",0.112,-0.187,0.182,0.119,0.108,0.000,26,W,0,,,,1062749,595.76,0
3145,7547.609,"Mount",0.028,-0.230,0.126,0.194,0.000,0.000,0,,0,,,,1062479,559.64,0
3146,7550.165,"Mount",-0.030,-0.560,0.219,0.516,0.138,0.516,33,W,108,S,,,1093783,541.19,0
3147,7552.720,"Mount",0.999,-0.341,1.047,-0.132,0.670,0.000,162,W,0,,,,1088056,575.63,0
3148,7555.124,"Mount",0.490,-0.442,0.635,0.182,0.447,0.000,108,W,0,,,,1126054,599.21,0
3149,7557.485,"Mount",0.003,0.104,-0.043,-0.094,0.000,0.000,0,,0,,,,1037168,542.79,0
3150,7559.826,"Mount",-0.027,0.357,-0.181,-0.309,-0.114,0.000,27,E,0,,,,1033829,581.12,0
3151,7562.242,"Mount",0.397,0.432,0.167,-0.562,0.097,0.000,23,W,0,,,,1089049,563.49,0
3152,7564.436,"Mount",0.242,0.291,0.090,-0.367,0.000,0.000,0,,0,,,,1062576,540.81,0
3153,7567.992,"Mount",0.152,0.275,0.015,-0.314,0.000,-0.314,0,,1150,N,,,1130930,547.62,0
3154,7570.296,"Mount",0.058,0.208,-0.039,-0.212,0.000,-0.212,0,,44,N,,,1098079,583.43,0
3155,7572.711,"Mount",-0.120,-0.096,-0.066,0.139,0.000,0.000,0,,0,,,,1075653,502.31,0
3156,7575.026,"Mount",-0.162,0.039,-0.162,0.036,-0.102,0.000,25,E,0,,,,1152433,572.49,0
3157,7577.464,"Mount",-0.301,0.265,-0.386,-0.106,-0.251,0.000,61,E,0,,,,1111206,575.94,0
3158,7579.825,"Mount",-0.606,0.324,-0.687,-0.025,-0.450,0.000,109,E,0,,,,1091480,593.15,0
3159,7582.432,"Mount",-1.034,0.307,-1.064,0.178,-0.702,0.000,170,E,0,,,,1119158,533.16,0
3160,7584.776,"Mount",-0.908,-0.179,-0.737,0.560,-0.513,0.000,124,E,0,,,,1051489,507.04,0
3161,7588.456,"Mount",-0.025,-0.664,0.269,0.607,0.134,0.607,32,W,1212,S,,,1160054,629.25,0
3162,7590.912,"Mount",-0.421,-0.679,-0.080,0.795,0.000,0.795,0,,167,S,,,1146391,534.10,0
3163,7593.475,"Mount",0.615,-0.388,0.723,0.079,0.455,0.000,110,W,0,,,,1187749,583.59,0
3164,7595.832,"Mount",0.735,-0.204,0.750,-0.140,0.505,0.000,122,W,0,,,,1111475,588.83,0
3165,7598.256,"Mount",-0.220,0.205,-0.287,-0.087,-0.146,0.000,35,E,0,,,,1075036,496.15,0
3166,7600.552,"Mount",-0.151,0.350,-0.289,-0.248,-0.193,0.000,47,E,0,,,,1168649,615.72,0
3167,7602.938,"Mount",0.134,0.138,0.060,-0.183,0.000,0.000,0,,0,,,,1060098,590.27,0
3168,7605.169,"Mount",-0.010,0.245,-0.116,-0.216,0.000,0.000,0,,0,,,,1064353,573.49,0
3169,7607.646,"Mount",-0.170,0.226,-0.252,-0.128,-0.159,0.000,38,E,0,,,,1128494,608.08,0
3170,7609.905,"Mount",0.039,0.159,-0.034,-0.160,0.000,0.000,0,,0,,,,1129332,528.95,0
3171,7612.352,"Mount",-0.170,0.611,-0.421,-0.474,-0.265,0.000,64,E,0,,,,1045559,569.87,0
3172,7614.538,"Mount",0.149,0.059,0.108,-0.119,0.000,0.000,0,,0,,,,1057567,556.35,0
3173,7616.936,"Mount",-0.103,0.107,-0.139,-0.051,-0.088,0.000,21,E,0,,,,993022,556.83,0
3174,7619.186,"Mount",0.080,0.126,0.017,-0.149,0.000,0.000,0,,0,,,,1075121,526.86,0
3175,7621.618,"Mount",-0.297,0.417,-0.450,-0.244,-0.283,0.000,68,E,0,,,,1054851,530.55,0
3176,7625.160,"Mount",0.143,0.368,-0.033,-0.393,0.000,-0.393,0,,1167,N,,,1121994,586.31,0
3177,7627.664,"Mount",-0.687,0.048,-0.639,0.258,-0.403,0.000,97,E,0,,,,1028808,552.39,0
3178,7629.968,"Mount",-0.318,0.187,-0.368,-0.028,-0.260,0.000,63,E,0,,,,1160281,551.47,0
3179,7632.322,"Mount",-0.087,-0.022,-0.069,0.059,0.000,0.000,0,,0,,,,1098064,545.03,0
3180,7634.648,"Mount",-0.527,0.196,-0.560,0.055,-0.353,0.000,85,E,0,,,,1077124,525.27,0
3181,7637.003,"Mount",-0.099,-0.044,-0.069,0.083,0.000,0.000,0,,0,,,,1070700,579.58,0
3182,7639.194,"Mount",-0.043,0.018,-0.046,0.003,0.000,0.000,0,,0,,,,1097026,563.37,0
3183,7641.599,"Mount",-0.082,-0.006,-0.071,0.041,0.000,0.000,0,,0,,,,1055110,589.68,0
3184,7644.048,"Mount",-0.457,0.138,-0.471,0.076,-0.297,0.000,72,E,0,,,,1123714,615.02,0
3185,7646.584,"Mount",-0.710,0.013,-0.644,0.300,-0.426,0.000,103,E,0,,,,1040544,586.73,0
3186,7650.224,"Mount",-0.795,-0.205,-0.624,0.533,-0.423,0.533,102,E,1196,S,,,1163907,521.55,0
3187,7652.563,"Mount",-0.116,0.012,-0.109,0.040,0.000,0.000,0,,0,,,,1101639,566.40,0
3188,7654.746,"Mount",0.090,0.469,-0.125,-0.461,0.000,0.000,0,,0,,,,1108363,534.96,0
3189,7657.152,"Mount",-0.023,0.522,-0.250,-0.459,-0.157,0.000,38,E,0,,,,998956,532.58,0
3190,7659.387,"Mount",0.229,0.357,0.049,-0.421,0.000,0.000,0,,0,,,,1110404,585.02,0
3191,7661.840,"Mount",-0.162,0.351,-0.300,-0.244,-0.189,0.000,46,E,0,,,,1037250,501.98,0
3192,7664.168,"Mount",-0.218,0.284,-0.321,-0.160,-0.215,0.000,52,E,0,,,,1077715,543.23,0
3193,7666.537,"Mount",0.020,0.220,-0.079,-0.207,0.000,0.000,0,,0,,,,1072689,547.07,0
3194,7668.737,"Mount",-0.007,0.222,-0.104,-0.197,0.000,0.000,0,,0,,,,1020529,568.18,0
3195,7671.184,"Mount",-0.334,0.348,-0.453,-0.166,-0.285,0.000,69,E,0,,,,1115969,545.62,0
3196,7673.365,"Mount",0.130,0.134,0.057,-0.178,0.000,0.000,0,,0,,,,1070690,565.31,0
3197,7675.735,"Mount",0.043,-0.097,0.081,0.068,0.000,0.000,0,,0,,,,1075095,576.11,0
3198,7678.144,"Mount",0.346,-0.034,0.326,-0.121,0.205,0.000,50,W,0,,,,1027779,570.31,0
3199,7680.616,"Mount",0.422,0.002,0.378,-0.187,0.253,0.000,61,W,0,,,,1083952,590.00,0
3200,7682.906,"Mount",0.428,-0.020,0.393,-0.169,0.265,0.000,64,W,0,,,,1065195,565.85,0
3201,7685.291,"Mount",0.113,-0.023,0.112,-0.029,0.000,0.000,0,,0,,,,1073709,591.70,0
3202,7687.497,"Mount",-0.065,0.013,-0.064,0.017,0.000,0.000,0,,0,,,,1049674,580.36,0
3203,7689.856,"Mount",0.011,-0.003,0.011,-0.002,0.000,0.000,0,,0,,,,1063015,544.74,0
3204,7692.440,"Mount",0.131,-0.140,0.179,0.068,0.113,0.000,27,W,0,,,,1083682,593.48,0
3205,7694.809,"Mount",0.011,0.075,-0.023,-0.072,0.000,0.000,0,,0,,,,1079310,579.22,0
3206,7697.050,"Mount",-0.027,0.216,-0.120,-0.182,0.000,0.000,0,,0,,,,1037950,520.64,0
3207,7699.395,"Mount",-0.110,0.052,-0.122,0.001,0.000,0.000,0,,0,,,,1094599,574.77,0
3208,7701.568,"Mount",0.004,-0.071,0.035,0.062,0.000,0.000,0,,0,,,,1041781,550.60,0
3209,7704.024,"Mount",-0.056,-0.266,0.066,0.263,0.000,0.263,0,,55,S,,,994154,502.36,0
3210,7706.304,"Mount",-0.247,-0.037,-0.206,0.142,-0.130,0.000,31,E,0,,,,1047691,593.93,0
3211,7708.684,"Mount",0.031,-0.078,0.061,0.056,0.000,0.000,0,,0,,,,1012981,521.88,0
3212,7710.946,"Mount",-0.186,-0.010,-0.163,0.091,-0.103,0.000,25,E,0,,,,1018131,537.69,0
3213,7713.356,"Mount",-0.076,-0.036,-0.053,0.066,0.000,0.000,0,,0,,,,1040321,534.85,0
3214,7715.764,"Mount",-0.377,0.151,-0.405,0.030,-0.255,0.000,62,E,0,,,,1110963,552.56,0
3215,7718.173,"Mount",-0.002,-0.172,0.074,0.155,0.000,0.000,0,,0,,,,1064620,543.37,0
3216,7720.497,"Mount",-0.098,-0.255,0.024,0.272,0.000,0.272,0,,57,S,,,1048890,539.70,0
3217,7722.952,"Mount",0.353,-0.153,0.385,-0.017,0.242,0.000,59,W,0,,,,1111003,566.82,0
3218,7725.336,"Mount",0.299,-0.019,0.277,-0.114,0.191,0.000,46,W,0,,,,1105005,561.04,0
3219,7727.768,"Mount",-0.112,0.241,-0.207,-0.168,-0.117,0.000,28,E,0,,,,1117536,594.41,0
3220,7730.136,"Mount",-0.651,0.303,-0.718,0.014,-0.460,0.000,111,E,0,,,,1079015,622.84,0
3221,7732.602,"Mount",-0.231,-0.029,-0.195,0.127,-0.155,0.000,37,E,0,,,,1148798,628.80,0
3222,7734.864,"Mount",-0.354,0.118,-0.370,0.049,-0.244,0.000,59,E,0,,,,1086602,528.80,0
3223,7737.292,"Mount",0.098,0.010,0.083,-0.052,0.000,0.000,0,,0,,,,1096937,536.01,0
3224,7739.708,"Mount",-0.120,-0.051,-0.086,0.098,0.000,0.000,0,,0,,,,1027182,503.70,0
3225,7742.129,"Mount",0.243,-0.010,0.223,-0.097,0.141,0.000,34,W,0,,,,1057133,574.22,0
3226,7744.551,"Mount",0.051,-0.034,0.060,0.008,0.000,0.000,0,,0,,,,1046480,520.50,0
3227,7747.137,"Mount",0.474,-0.149,0.491,-0.075,0.310,0.000,75,W,0,,,,1105899,573.18,0
3228,7749.555,"Mount",0.505,-0.089,0.493,-0.141,0.332,0.000,80,W,0,,,,1014404,598.33,0
3229,7751.914,"Mount",-0.001,0.022,-0.010,-0.019,0.000,0.000,0,,0,,,,1040906,555.90,0
3230,7754.154,"Mount",0.033,0.184,-0.051,-0.180,0.000,0.000,0,,0,,,,1117334,563.66,0
3231,7756.720,"Mount",-0.260,0.291,-0.362,-0.148,-0.228,0.000,55,E,0,,,,1057441,521.26,0
3232,7759.009,"Mount",-0.271,0.034,-0.258,0.088,-0.179,0.000,43,E,0,,,,1065848,537.76,0
3233,7761.507,"Mount",-0.225,0.197,-0.288,-0.079,-0.194,0.000,47,E,0,,,,1032896,563.49,0
3234,7763.840,"Mount",-0.103,0.154,-0.160,-0.093,-0.114,0.000,28,E,0,,,,1081247,581.64,0
3235,7766.281,"Mount",-0.134,0.122,-0.174,-0.051,-0.118,0.000,28,E,0,,,,1090526,605.36,0
3236,7768.649,"Mount",0.507,-0.054,0.480,-0.174,0.294,0.000,71,W,0,,,,1066466,514.63,0
3237,7771.072,"Mount",0.171,-0.134,0.213,0.046,0.155,0.000,37,W,0,,,,1023289,566.51,0
3238,7773.351,"Mount",-0.021,0.024,-0.029,-0.012,0.000,0.000,0,,0,,,,1066986,569.58,0
3239,7775.800,"Mount",-0.345,-0.053,-0.286,0.199,-0.180,0.000,44,E,0,,,,1041070,551.42,0
3240,7778.368,"Mount",-0.515,-0.468,-0.257,0.646,-0.175,0.646,42,E,136,S,,,1120549,546.07,0
3241,7780.769,"Mount",0.012,0.137,-0.049,-0.129,0.000,0.000,0,,0,,,,1104114,564.40,0
3242,7782.969,"Mount",0.099,0.053,0.066,-0.091,0.000,0.000,0,,0,,,,1019324,530.57,0
3243,7785.456,"Mount",-0.279,0.094,-0.292,0.037,-0.184,0.000,44,E,0,,,,1098597,545.61,0
3244,7787.713,"Mount",0.235,0.073,0.179,-0.169,0.100,0.000,24,W,0,,,,1119703,606.58,0
3245,7790.346,"Mount",0.427,0.393,0.211,-0.540,0.140,0.000,34,W,0,,,,1150594,543.83,0
3246,7792.552,"Mount",0.150,0.271,0.016,-0.309,0.000,0.000,0,,0,,,,1084765,581.62,0
3247,7794.960,"Mount",-0.023,0.367,-0.181,-0.320,-0.114,0.000,28,E,0,,,,1049248,563.93,0
INFO: SET LOCK POSITION, new lock pos = 967.328, 218.741
INFO: DITHER by 0.199, -1.980, new lock pos = 968.376, 220.434
INFO: SETTLING STATE CHANGE, Settling started
3248,7798.488,"Mount",-0.114,0.450,-0.299,-0.354,-0.197,-0.354,47,E,1158,N,,,1061005,532.41,0
3249,7802.492,"Mount",-1.048,-1.692,-0.199,1.980,-0.199,1.980,48,E,1500,S,,,1105923,595.37,0
3250,7805.136,"Mount",-1.109,-1.310,-0.422,1.663,-0.266,1.663,64,E,349,S,,,1123138,560.29,0
3251,7809.160,"Mount",1.128,1.856,0.199,-2.162,0.107,-2.162,26,W,1538,N,,,1056464,523.20,0
3252,7812.128,"Mount",0.576,2.103,-0.405,-2.142,-0.248,-2.142,60,E,450,N,,,1101985,571.75,0
3253,7814.744,"Mount",0.466,1.478,-0.229,-1.532,-0.162,-1.532,39,E,322,N,,,1050870,593.43,0
3254,7817.233,"Mount",0.122,0.420,-0.075,-0.431,0.000,-0.431,0,,91,N,,,1053368,609.67,0
3255,7819.808,"Mount",-0.147,0.917,-0.535,-0.760,-0.337,-0.760,81,E,160,N,,,1047289,540.42,0
3256,7822.272,"Mount",-0.527,0.192,-0.558,0.058,-0.375,0.000,91,E,0,,,,1063315,567.36,0
3257,7824.521,"Mount",-0.256,-0.005,-0.228,0.117,-0.170,0.000,41,E,0,,,,1025229,567.00,0
3258,7826.855,"Mount",-0.010,-0.038,0.008,0.039,0.000,0.000,0,,0,,,,1051882,552.26,0
INFO: SETTLING STATE CHANGE, Settling complete
3259,7829.038,"Mount",0.027,-0.080,0.059,0.061,0.000,0.000,0,,0,,,,1118110,601.24,0
Guiding Ends at 2026-09-06 03:29:19

Guiding Begins at 2026-09-06 03:32:21
Equipment Profile = SW4P_EVO
Dither = both axes, Dither scale = 1.000, Image noise reduction = 2x2 mean, Guide-frame time lapse = 0, Server enabled
Pixel scale = 2.91 arc-sec/px, Binning = 1, Focal length = 266 mm
Search region = 15 px, Star mass tolerance = 50.0%, Multi-star mode, list size = 12
 Camera = ZWO ASI120MM Mini (ASCOM), full size = 1280 x 960, have dark, dark dur = 2000, no defect map, pixel size = 3.8 um
Exposure = 2000 ms
Mount = GPUSB, connected, guiding enabled, AuxMount=CPWI_ASCOM_Telescope, xAngle = -26.0, xRate = 4.138, yAngle = -116.0, yRate = 4.762, parity = +/-
Norm rates RA = 13.1"/s @ dec 0, Dec = 13.8"/s; ortho.err. = 0.0 deg
X guide algorithm = Hysteresis, Hysteresis = 0.100, Aggression = 0.700, Minimum move = 0.130
Y guide algorithm = Resist Switch, Minimum move = 0.200 Aggression = 100% FastSwitch = enabled
Backlash comp = enabled, pulse = 1153 ms
Max RA duration = 2500, Max DEC duration = 2500, DEC guide mode = Auto
RA Guide Speed = 14.9 a-s/s, Dec Guide Speed = 14.9 a-s/s, Cal Dec = -0.0, Last Cal Issue = None, Timestamp = 31/08/2026 21:19:06
RA = 20.01 hr, Dec = 22.9 deg, Hour angle = 5.31 hr, Pier side = East, Rotator pos = N/A, Alt = 22.6 deg, Az = 280.9 deg
Lock position = 1074.109, 488.855, Star position = 1074.109, 488.855, HFD = 3.16 px
Frame,Time,mount,dx,dy,RARawDistance,DECRawDistance,RAGuideDistance,DECGuideDistance,RADuration,RADirection,DECDuration,DECDirection,XStep,YStep,StarMass,SNR,ErrorCode
INFO: SETTLING STATE CHANGE, Settling started
1,2.601,"Mount",-0.016,-0.127,0.041,0.121,0.000,0.000,0,,0,,,,323936,305.89,0
2,4.856,"Mount",-0.146,-0.035,-0.116,0.095,0.000,0.000,0,,0,,,,327639,268.21,0
3,7.367,"Mount",-0.335,-0.629,-0.025,0.712,0.000,0.712,0,,149,S,,,332733,269.58,0
4,9.751,"Mount",0.225,-0.410,0.382,0.270,0.241,0.270,58,W,57,S,,,328979,262.42,0
5,12.143,"Mount",0.142,-0.017,0.135,-0.047,0.102,0.000,25,W,0,,,,344015,266.61,0
INFO: SETTLING STATE CHANGE, Settling complete
6,14.578,"Mount",-0.350,-0.186,-0.233,0.321,-0.139,0.321,34,E,67,S,,,320477,265.03,0
7,17.175,"Mount",-0.854,0.069,-0.798,0.313,-0.512,0.313,124,E,66,S,,,335137,249.54,0
8,19.703,"Mount",-1.130,-0.242,-0.909,0.714,-0.609,0.714,147,E,150,S,,,304487,232.69,0
9,22.287,"Mount",-0.737,-0.179,-0.584,0.484,-0.410,0.484,99,E,102,S,,,316857,260.81,0
10,24.751,"Mount",-0.707,-0.250,-0.526,0.535,-0.360,0.535,87,E,112,S,,,333479,259.51,0
11,27.512,"Mount",0.334,-0.637,0.579,0.426,0.340,0.426,82,W,89,S,,,333778,260.61,0
12,29.975,"Mount",0.539,-0.691,0.787,0.384,0.520,0.384,126,W,81,S,,,323896,267.56,0
13,32.522,"Mount",0.252,-0.469,0.432,0.311,0.309,0.311,75,W,65,S,,,315343,254.50,0
14,34.853,"Mount",-0.018,-0.000,-0.016,0.008,0.000,0.000,0,,0,,,,313144,232.94,0
15,37.244,"Mount",-0.045,0.004,-0.042,0.016,0.000,0.000,0,,0,,,,321540,256.63,0
16,39.639,"Mount",-0.590,0.056,-0.555,0.209,-0.350,0.209,84,E,44,S,,,341983,258.66,0
17,42.063,"Mount",-0.202,-0.116,-0.130,0.193,-0.107,0.000,26,E,0,,,,344028,261.31,0
18,44.509,"Mount",-0.352,-0.031,-0.302,0.182,-0.198,0.000,48,E,0,,,,337362,264.69,0
19,46.986,"Mount",-0.157,-0.118,-0.089,0.175,0.000,0.000,0,,0,,,,311618,254.63,0
20,49.368,"Mount",-0.480,-0.146,-0.368,0.342,-0.232,0.342,56,E,72,S,,,324687,243.99,0
21,51.831,"Mount",-0.004,-0.246,0.104,0.223,0.000,0.223,0,,47,S,,,340821,279.73,0
22,54.266,"Mount",-0.053,-0.295,0.082,0.288,0.000,0.288,0,,60,S,,,309152,238.07,0
23,56.847,"Mount",0.042,-0.355,0.194,0.300,0.122,0.300,29,W,63,S,,,329179,255.35,0
24,59.151,"Mount",-0.440,0.125,-0.450,0.081,-0.275,0.000,66,E,0,,,,302591,221.65,0
25,61.531,"Mount",-0.072,0.105,-0.111,-0.063,0.000,0.000,0,,0,,,,329547,272.95,0
26,63.935,"Mount",-0.546,0.247,-0.598,0.018,-0.377,0.000,91,E,0,,,,322472,239.32,0
27,66.408,"Mount",-0.387,0.104,-0.394,0.076,-0.275,0.000,66,E,0,,,,353621,222.88,0
28,68.703,"Mount",-0.223,-0.030,-0.187,0.125,-0.137,0.000,33,E,0,,,,345207,277.14,0
29,71.119,"Mount",-0.260,-0.047,-0.213,0.156,-0.144,0.000,35,E,0,,,,311395,248.49,0
30,73.480,"Mount",0.132,-0.365,0.279,0.270,0.166,0.270,40,W,57,S,,,332473,269.94,0
31,75.871,"Mount",0.176,0.008,0.154,-0.084,0.109,0.000,26,W,0,,,,297726,263.91,0
32,78.051,"Mount",0.065,-0.142,0.121,0.099,0.000,0.000,0,,0,,,,308093,254.97,0
33,80.585,"Mount",-0.345,0.045,-0.330,0.111,-0.208,0.000,50,E,0,,,,336836,260.31,0
34,82.847,"Mount",-0.188,0.039,-0.186,0.047,-0.132,0.000,32,E,0,,,,333785,263.51,0
35,85.247,"Mount",0.058,-0.214,0.146,0.167,0.083,0.000,20,W,0,,,,329548,262.19,0
36,87.583,"Mount",-0.226,-0.187,-0.121,0.267,0.000,0.267,0,,56,S,,,319134,246.20,0
37,90.120,"Mount",-0.381,-0.237,-0.238,0.380,-0.150,0.380,36,E,80,S,,,328716,310.76,0
38,92.415,"Mount",-0.073,-0.298,0.065,0.300,0.000,0.300,0,,63,S,,,343825,294.74,0
39,94.912,"Mount",0.223,-0.229,0.301,0.108,0.190,0.000,46,W,0,,,,309197,258.57,0
40,97.343,"Mount",0.031,-0.468,0.233,0.407,0.160,0.407,39,W,85,S,,,308054,229.52,0
41,99.847,"Mount",-0.433,0.100,-0.433,0.100,-0.261,0.000,63,E,0,,,,342848,264.99,0
42,102.207,"Mount",-0.397,0.159,-0.427,0.031,-0.287,0.000,69,E,0,,,,353591,271.02,0
43,104.688,"Mount",-0.452,0.006,-0.409,0.193,-0.278,0.000,67,E,0,,,,321103,260.02,0
44,107.151,"Mount",-0.450,-0.251,-0.294,0.423,-0.205,0.423,50,E,89,S,,,309077,249.25,0
45,109.623,"Mount",-0.166,-0.314,-0.011,0.354,0.000,0.354,0,,74,S,,,318998,259.41,0
46,111.809,"Mount",0.036,0.211,-0.060,-0.205,0.000,0.000,0,,0,,,,319877,256.16,0
47,114.261,"Mount",-0.063,-0.038,-0.040,0.061,0.000,0.000,0,,0,,,,315004,249.77,0
48,116.868,"Mount",0.761,-0.971,1.110,0.538,0.699,0.538,169,W,113,S,,,317639,250.28,0
49,119.327,"Mount",0.317,0.012,0.279,-0.150,0.225,0.000,54,W,0,,,,335731,267.92,0
50,121.567,"Mount",-0.150,0.265,-0.251,-0.173,-0.142,0.000,34,E,0,,,,338269,264.97,0
51,124.048,"Mount",0.298,0.075,0.235,-0.198,0.138,0.000,33,W,0,,,,344458,272.42,0
52,126.241,"Mount",0.326,0.496,0.075,-0.589,0.000,0.000,0,,0,,,,320787,272.96,0
53,128.732,"Mount",0.537,0.269,0.365,-0.478,0.230,0.000,55,W,0,,,,343261,283.20,0
54,131.151,"Mount",-0.125,0.445,-0.308,-0.345,-0.178,0.000,43,E,0,,,,338013,310.51,0
55,134.815,"Mount",0.304,0.212,0.180,-0.324,0.101,-0.324,24,W,1221,N,,,313505,277.28,0
56,137.215,"Mount",-0.256,-0.046,-0.210,0.153,-0.125,0.000,30,E,0,,,,342216,265.23,0
57,139.881,"Mount",1.064,-0.017,0.963,-0.452,0.598,-0.452,144,W,95,N,,,339391,272.23,0
58,142.159,"Mount",0.280,-0.059,0.277,-0.070,0.216,0.000,52,W,0,,,,310089,280.05,0
59,144.626,"Mount",-0.253,-0.171,-0.153,0.265,-0.081,0.000,20,E,0,,,,295595,250.41,0
60,146.983,"Mount",-0.172,0.024,-0.165,0.054,-0.110,0.000,27,E,0,,,,329827,302.93,0
61,149.323,"Mount",-0.062,0.019,-0.065,0.010,0.000,0.000,0,,0,,,,339321,303.77,0
62,151.502,"Mount",-0.026,-0.012,-0.018,0.023,0.000,0.000,0,,0,,,,323599,292.02,0
63,153.935,"Mount",-0.073,0.007,-0.069,0.026,0.000,0.000,0,,0,,,,339846,265.57,0
64,156.191,"Mount",0.130,-0.246,0.224,0.164,0.141,0.000,34,W,0,,,,324025,274.43,0
65,158.552,"Mount",-0.144,-0.229,-0.029,0.269,0.000,0.000,0,,0,,,,333820,268.60,0
66,160.959,"Mount",0.363,-0.343,0.477,0.149,0.300,0.000,73,W,0,,,,304094,230.10,0
67,164.647,"Mount",-0.182,-0.210,-0.071,0.269,0.000,0.269,0,,1274,S,,,320465,265.85,0
68,166.972,"Mount",-0.234,-0.058,-0.185,0.155,-0.116,0.000,28,E,0,,,,343622,272.03,0
69,169.471,"Mount",-0.610,0.355,-0.704,-0.051,-0.452,0.000,109,E,0,,,,312438,268.29,0
70,171.864,"Mount",-0.695,0.528,-0.856,-0.170,-0.571,0.000,138,E,0,,,,324518,288.35,0
71,174.399,"Mount",-0.215,0.505,-0.415,-0.360,-0.301,0.000,73,E,0,,,,335763,263.46,0
72,176.792,"Mount",-0.272,0.347,-0.397,-0.192,-0.271,0.000,66,E,0,,,,316823,248.87,0
73,179.271,"Mount",0.512,0.021,0.451,-0.243,0.265,0.000,64,W,0,,,,332922,272.46,0
74,181.535,"Mount",0.397,0.133,0.299,-0.294,0.207,0.000,50,W,0,,,,309016,247.22,0
75,185.351,"Mount",0.452,0.188,0.324,-0.367,0.219,-0.367,53,W,1295,N,,,330090,247.26,0
76,187.631,"Mount",-0.213,0.271,-0.310,-0.150,-0.180,0.000,44,E,0,,,,344348,284.46,0
77,190.120,"Mount",-0.569,0.383,-0.680,-0.094,-0.441,0.000,107,E,0,,,,340049,273.65,0
78,192.455,"Mount",-0.453,0.234,-0.510,-0.012,-0.352,0.000,85,E,0,,,,356362,306.29,0
79,194.936,"Mount",-0.371,0.015,-0.340,0.150,-0.239,0.000,58,E,0,,,,337892,276.34,0
80,197.255,"Mount",-0.098,0.113,-0.138,-0.058,-0.103,0.000,25,E,0,,,,323731,270.48,0
81,199.751,"Mount",-0.394,-0.098,-0.311,0.261,-0.203,0.000,49,E,0,,,,346316,260.75,0
82,201.995,"Mount",-0.085,-0.275,0.044,0.285,0.000,0.000,0,,0,,,,319363,258.71,0
83,204.487,"Mount",0.109,-0.288,0.224,0.211,0.141,0.000,34,W,0,,,,347319,279.77,0
84,208.047,"Mount",-0.275,-0.278,-0.125,0.370,0.000,0.370,0,,1296,S,,,334889,266.13,0
85,210.609,"Mount",-0.160,0.094,-0.185,-0.015,-0.117,0.000,28,E,0,,,,340128,265.12,0
86,212.863,"Mount",-0.203,-0.109,-0.135,0.187,-0.093,0.000,22,E,0,,,,333928,262.90,0
87,215.249,"Mount",0.157,0.112,0.091,-0.170,0.000,0.000,0,,0,,,,342781,287.66,0
88,217.464,"Mount",0.051,-0.087,0.084,0.056,0.000,0.000,0,,0,,,,289918,241.40,0
89,219.862,"Mount",0.063,0.031,0.043,-0.056,0.000,0.000,0,,0,,,,337978,275.33,0
90,222.107,"Mount",0.038,0.079,-0.001,-0.088,0.000,0.000,0,,0,,,,322631,258.74,0
91,224.626,"Mount",0.319,-0.166,0.360,0.009,0.227,0.000,55,W,0,,,,312989,256.75,0
92,227.063,"Mount",-0.041,-0.492,0.179,0.460,0.129,0.460,31,W,97,S,,,323210,263.01,0
93,229.519,"Mount",-0.540,0.305,-0.619,-0.037,-0.381,0.000,92,E,0,,,,338632,259.32,0
94,231.838,"Mount",-0.233,0.141,-0.271,-0.024,-0.198,0.000,48,E,0,,,,325992,285.25,0
95,234.360,"Mount",-0.091,0.197,-0.168,-0.137,-0.120,0.000,29,E,0,,,,305091,257.70,0
96,236.592,"Mount",0.007,0.118,-0.045,-0.109,0.000,0.000,0,,0,,,,301443,246.67,0
97,238.950,"Mount",0.091,-0.030,0.095,-0.013,0.000,0.000,0,,0,,,,322572,274.02,0
98,241.391,"Mount",0.134,-0.232,0.222,0.150,0.140,0.000,34,W,0,,,,341846,272.12,0
99,243.823,"Mount",0.238,-0.209,0.306,0.083,0.203,0.000,49,W,0,,,,298391,239.73,0
100,246.071,"Mount",0.187,-0.234,0.271,0.128,0.185,0.000,45,W,0,,,,338930,312.62,0
101,248.445,"Mount",-0.062,-0.009,-0.052,0.036,0.000,0.000,0,,0,,,,325805,277.55,0
102,250.646,"Mount",-0.011,0.117,-0.062,-0.101,0.000,0.000,0,,0,,,,302195,244.62,0
103,253.111,"Mount",-0.426,0.158,-0.452,0.045,-0.285,0.000,69,E,0,,,,303065,265.16,0
104,255.399,"Mount",-0.259,-0.024,-0.222,0.135,-0.160,0.000,39,E,0,,,,352165,286.34,0
105,257.807,"Mount",-0.154,0.030,-0.151,0.040,-0.106,0.000,26,E,0,,,,309337,264.24,0
106,260.002,"Mount",0.052,0.140,-0.015,-0.149,0.000,0.000,0,,0,,,,312365,259.50,0
107,262.366,"Mount",-0.025,0.117,-0.073,-0.094,0.000,0.000,0,,0,,,,342773,294.36,0
108,264.688,"Mount",0.248,-0.179,0.302,0.052,0.190,0.000,46,W,0,,,,354496,291.57,0
109,267.255,"Mount",0.209,-0.387,0.357,0.256,0.238,0.256,58,W,54,S,,,357022,322.36,0
110,269.583,"Mount",0.406,-0.349,0.518,0.136,0.343,0.000,83,W,0,,,,333620,275.94,0
111,271.981,"Mount",-0.099,-0.102,-0.044,0.135,0.000,0.000,0,,0,,,,310077,245.08,0
112,274.183,"Mount",-0.047,0.128,-0.099,-0.094,0.000,0.000,0,,0,,,,309539,253.29,0
113,276.647,"Mount",-0.495,0.096,-0.487,0.131,-0.307,0.000,74,E,0,,,,332318,281.36,0
114,279.039,"Mount",-0.318,-0.093,-0.245,0.223,-0.176,0.223,42,E,47,S,,,342903,258.39,0
115,281.395,"Mount",-0.024,-0.049,-0.000,0.055,0.000,0.000,0,,0,,,,334603,313.24,0
116,283.679,"Mount",0.257,-0.153,0.298,0.025,0.188,0.000,45,W,0,,,,314440,251.53,0
117,286.032,"Mount",0.089,-0.108,0.127,0.058,0.000,0.000,0,,0,,,,331115,255.82,0
118,288.352,"Mount",0.092,-0.217,0.178,0.155,0.112,0.000,27,W,0,,,,323391,250.93,0
119,290.805,"Mount",0.081,-0.054,0.097,0.013,0.000,0.000,0,,0,,,,341465,284.78,0
120,293.378,"Mount",-0.212,-0.001,-0.190,0.093,-0.120,0.000,29,E,0,,,,343255,286.29,0
121,295.807,"Mount",-0.144,-0.170,-0.055,0.216,0.000,0.216,0,,45,S,,,317014,237.16,0
122,298.119,"Mount",-0.316,0.157,-0.353,-0.003,-0.222,0.000,54,E,0,,,,323166,282.35,0
123,300.497,"Mount",-0.059,0.029,-0.066,-0.000,0.000,0.000,0,,0,,,,323137,278.93,0
124,302.783,"Mount",-0.425,0.119,-0.434,0.080,-0.273,0.000,66,E,0,,,,314010,229.68,0
125,305.375,"Mount",-0.219,-0.117,-0.146,0.201,-0.111,0.201,27,E,42,S,,,290838,241.10,0
126,307.602,"Mount",0.068,-0.147,0.126,0.102,0.000,0.000,0,,0,,,,344675,256.76,0
127,310.287,"Mount",0.298,-0.814,0.625,0.601,0.394,0.601,95,W,126,S,,,326702,279.74,0
128,312.470,"Mount",-0.044,0.163,-0.111,-0.127,0.000,0.000,0,,0,,,,301827,230.91,0
129,314.953,"Mount",-0.096,0.513,-0.311,-0.419,-0.196,0.000,47,E,0,,,,337290,255.76,0
130,317.224,"Mount",0.014,0.478,-0.197,-0.436,-0.138,0.000,33,E,0,,,,316442,271.77,0
131,319.582,"Mount",0.202,0.565,-0.067,-0.596,0.000,0.000,0,,0,,,,333018,268.46,0
132,321.895,"Mount",-0.503,0.806,-0.806,-0.504,-0.508,0.000,123,E,0,,,,331887,281.31,0
133,325.920,"Mount",0.372,0.813,-0.023,-0.894,0.000,-0.894,0,,1406,N,,,292116,228.04,0
134,328.431,"Mount",0.171,0.165,0.081,-0.224,0.000,-0.224,0,,47,N,,,336108,273.10,0
135,331.003,"Mount",0.224,0.357,0.045,-0.420,0.000,-0.420,0,,88,N,,,339583,267.21,0
136,333.511,"Mount",0.423,-0.031,0.394,-0.158,0.248,0.000,60,W,0,,,,336489,293.09,0
137,335.799,"Mount",0.123,-0.115,0.161,0.050,0.119,0.000,29,W,0,,,,295675,220.14,0
138,338.335,"Mount",-0.215,0.299,-0.325,-0.175,-0.196,0.000,47,E,0,,,,320860,285.27,0
139,340.954,"Mount",-0.157,0.513,-0.366,-0.392,-0.244,-0.392,59,E,82,N,,,313996,259.82,0
140,343.455,"Mount",-0.533,0.209,-0.571,0.046,-0.377,0.000,91,E,0,,,,328320,254.46,0
141,345.793,"Mount",-0.314,0.237,-0.386,-0.075,-0.270,0.000,65,E,0,,,,323696,258.51,0
142,348.279,"Mount",-0.308,0.225,-0.375,-0.067,-0.255,0.000,62,E,0,,,,330610,260.94,0
143,350.473,"Mount",-0.051,-0.066,-0.017,0.082,0.000,0.000,0,,0,,,,323264,252.59,0
144,352.927,"Mount",-0.240,0.085,-0.253,0.029,-0.159,0.000,39,E,0,,,,296365,253.66,0
145,355.255,"Mount",0.169,-0.120,0.205,0.033,0.118,0.000,28,W,0,,,,321810,276.33,0
146,357.687,"Mount",-0.253,0.127,-0.283,-0.003,-0.170,0.000,41,E,0,,,,318430,284.69,0
147,359.904,"Mount",0.032,-0.135,0.088,0.107,0.000,0.000,0,,0,,,,301979,239.67,0
148,362.228,"Mount",-0.154,-0.143,-0.076,0.196,0.000,0.000,0,,0,,,,328833,264.67,0
149,364.463,"Mount",-0.120,-0.015,-0.101,0.066,0.000,0.000,0,,0,,,,324338,264.61,0
150,366.911,"Mount",-0.204,-0.056,-0.159,0.140,-0.100,0.000,24,E,0,,,,311363,266.08,0
151,369.191,"Mount",-0.162,0.228,-0.246,-0.134,-0.162,0.000,39,E,0,,,,328782,250.91,0
152,371.663,"Mount",-0.310,0.224,-0.377,-0.066,-0.249,0.000,60,E,0,,,,331209,265.07,0
153,373.923,"Mount",0.255,-0.095,0.271,-0.027,0.153,0.000,37,W,0,,,,309653,247.20,0
154,376.476,"Mount",-0.073,0.013,-0.071,0.020,0.000,0.000,0,,0,,,,305290,271.87,0
155,378.839,"Mount",0.288,-0.234,0.362,0.083,0.228,0.000,55,W,0,,,,320715,299.67,0
156,381.311,"Mount",-0.309,-0.061,-0.251,0.190,-0.142,0.000,34,E,0,,,,320854,267.02,0
157,383.482,"Mount",-0.255,-0.335,-0.082,0.413,0.000,0.000,0,,0,,,,326055,246.54,0
158,385.828,"Mount",0.075,-0.056,0.092,0.017,0.000,0.000,0,,0,,,,328608,291.86,0
159,388.119,"Mount",-0.290,-0.027,-0.248,0.152,-0.157,0.000,38,E,0,,,,309398,243.59,0
160,390.615,"Mount",-0.008,-0.327,0.136,0.297,0.075,0.000,18,W,0,,,,321118,268.29,0
161,394.224,"Mount",-0.113,-0.285,0.023,0.306,0.000,0.306,0,,1353,S,,,318498,261.66,0
162,396.783,"Mount",0.744,-0.463,0.872,0.089,0.549,0.000,133,W,0,,,,317127,265.23,0
163,399.027,"Mount",0.023,-0.134,0.079,0.110,0.000,0.000,0,,0,,,,312359,246.27,0
164,401.471,"Mount",-0.328,0.126,-0.350,0.031,-0.221,0.000,53,E,0,,,,300886,243.39,0
165,403.807,"Mount",-0.282,-0.032,-0.240,0.153,-0.166,0.000,40,E,0,,,,325353,267.63,0
166,406.144,"Mount",-0.108,-0.129,-0.041,0.164,0.000,0.000,0,,0,,,,327178,231.92,0
167,408.440,"Mount",-0.188,0.027,-0.181,0.058,-0.114,0.000,28,E,0,,,,317141,252.30,0
168,411.047,"Mount",-0.465,-0.216,-0.322,0.398,-0.211,0.398,51,E,84,S,,,316381,245.48,0
169,413.624,"Mount",-0.250,-0.197,-0.139,0.287,-0.102,0.287,25,E,60,S,,,325518,260.16,0
170,416.183,"Mount",1.146,-0.294,1.159,-0.239,0.723,0.000,175,W,0,,,,302380,224.96,0
171,418.583,"Mount",0.713,-0.519,0.868,0.154,0.598,0.000,144,W,0,,,,330888,282.59,0
172,421.050,"Mount",-0.124,0.032,-0.125,0.026,0.000,0.000,0,,0,,,,328295,287.98,0
173,423.273,"Mount",0.038,-0.070,0.065,0.046,0.000,0.000,0,,0,,,,309247,269.90,0
174,425.606,"Mount",0.003,0.160,-0.067,-0.145,0.000,0.000,0,,0,,,,316385,260.12,0
175,427.797,"Mount",0.130,0.227,0.018,-0.261,0.000,0.000,0,,0,,,,312462,259.96,0
176,430.232,"Mount",-0.265,-0.061,-0.211,0.171,-0.133,0.000,32,E,0,,,,315757,296.10,0
177,432.515,"Mount",-0.077,-0.247,0.039,0.256,0.000,0.256,0,,54,S,,,311656,271.15,0
178,434.920,"Mount",-0.113,0.087,-0.140,-0.028,-0.088,0.000,21,E,0,,,,305476,247.58,0
179,437.200,"Mount",0.022,-0.176,0.097,0.149,0.000,0.000,0,,0,,,,307465,255.18,0
180,439.591,"Mount",0.191,0.077,0.138,-0.153,0.087,0.000,21,W,0,,,,336712,285.57,0
181,441.863,"Mount",0.237,-0.226,0.312,0.099,0.203,0.000,49,W,0,,,,331755,261.42,0
182,444.463,"Mount",0.544,-0.114,0.539,-0.136,0.354,0.000,85,W,0,,,,326032,274.47,0
183,446.727,"Mount",0.065,-0.019,0.067,-0.011,0.000,0.000,0,,0,,,,367688,284.58,0
184,449.182,"Mount",-0.114,-0.103,-0.057,0.142,0.000,0.000,0,,0,,,,319563,266.13,0
185,451.559,"Mount",-0.137,-0.374,0.041,0.396,0.000,0.396,0,,83,S,,,354712,283.51,0
186,453.983,"Mount",-0.151,0.030,-0.149,0.039,-0.094,0.000,23,E,0,,,,325696,271.28,0
187,456.250,"Mount",-0.017,0.054,-0.039,-0.041,0.000,0.000,0,,0,,,,315348,246.52,0
188,458.663,"Mount",0.227,0.109,0.157,-0.197,0.099,0.000,24,W,0,,,,312916,215.90,0
189,461.068,"Mount",0.471,-0.090,0.462,-0.126,0.298,0.000,72,W,0,,,,319216,285.82,0
190,463.434,"Mount",0.080,-0.019,0.080,-0.018,0.000,0.000,0,,0,,,,315434,249.60,0
191,465.759,"Mount",-0.183,0.445,-0.359,-0.320,-0.226,0.000,55,E,0,,,,304386,287.80,0
192,468.272,"Mount",-0.241,0.122,-0.270,-0.004,-0.186,0.000,45,E,0,,,,332879,263.09,0
193,470.623,"Mount",-0.249,0.343,-0.375,-0.199,-0.249,0.000,60,E,0,,,,327284,278.80,0
194,473.233,"Mount",-0.219,0.174,-0.273,-0.061,-0.190,0.000,46,E,0,,,,310303,252.04,0
195,475.551,"Mount",-0.474,0.257,-0.539,-0.023,-0.353,0.000,85,E,0,,,,332324,268.57,0
196,477.893,"Mount",0.055,0.156,-0.019,-0.164,0.000,0.000,0,,0,,,,307626,262.54,0
197,480.288,"Mount",0.316,0.324,0.141,-0.430,0.089,0.000,22,W,0,,,,324197,292.31,0
198,484.183,"Mount",0.517,0.023,0.455,-0.248,0.293,-0.248,71,W,1341,N,,,331760,294.56,0
199,486.479,"Mount",0.121,-0.316,0.247,0.230,0.176,0.000,43,W,0,,,,303445,257.20,0
200,489.032,"Mount",-0.785,0.090,-0.745,0.264,-0.457,0.000,111,E,0,,,,299587,240.56,0
201,491.296,"Mount",-0.328,-0.015,-0.288,0.157,-0.213,0.000,52,E,0,,,,323338,261.16,0
202,493.727,"Mount",-0.274,0.154,-0.314,-0.018,-0.213,0.000,51,E,0,,,,307952,234.61,0
203,496.016,"Mount",-0.340,0.053,-0.329,0.102,-0.222,0.000,54,E,0,,,,324893,277.60,0
204,498.496,"Mount",-0.590,0.123,-0.584,0.148,-0.384,0.000,93,E,0,,,,310808,268.42,0
205,501.016,"Mount",-0.369,-0.061,-0.304,0.217,-0.219,0.000,53,E,0,,,,331663,266.20,0
206,503.371,"Mount",-0.113,-0.092,-0.061,0.132,0.000,0.000,0,,0,,,,312523,259.13,0
207,506.999,"Mount",0.050,-0.277,0.166,0.227,0.105,0.227,25,W,1337,S,,,328897,256.76,0
208,509.399,"Mount",0.193,-0.081,0.209,-0.012,0.139,0.000,34,W,0,,,,324626,253.39,0
209,511.598,"Mount",0.008,0.257,-0.106,-0.234,0.000,0.000,0,,0,,,,315618,251.63,0
210,514.048,"Mount",-0.509,0.081,-0.493,0.151,-0.310,0.000,75,E,0,,,,311301,266.22,0
211,516.352,"Mount",-0.227,0.264,-0.320,-0.137,-0.223,0.000,54,E,0,,,,310905,250.29,0
212,518.727,"Mount",0.079,-0.027,0.083,-0.010,0.000,0.000,0,,0,,,,321377,258.59,0
213,521.016,"Mount",-0.034,0.145,-0.094,-0.115,0.000,0.000,0,,0,,,,322297,271.83,0
214,523.440,"Mount",0.287,0.035,0.242,-0.158,0.153,0.000,37,W,0,,,,322808,278.67,0
215,525.760,"Mount",-0.146,0.202,-0.220,-0.118,-0.128,0.000,31,E,0,,,,329909,251.94,0
216,528.112,"Mount",-0.133,-0.148,-0.055,0.191,0.000,0.000,0,,0,,,,315204,250.36,0
217,530.431,"Mount",-0.446,0.014,-0.407,0.183,-0.257,0.000,62,E,0,,,,331962,289.19,0
218,532.903,"Mount",-0.030,-0.278,0.095,0.263,0.000,0.263,0,,55,S,,,312096,252.37,0
219,535.327,"Mount",-0.289,-0.193,-0.175,0.301,-0.110,0.301,27,E,63,S,,,342137,270.63,0
220,537.784,"Mount",-0.296,0.375,-0.431,-0.207,-0.279,0.000,67,E,0,,,,292971,244.83,0
221,539.989,"Mount",-0.029,0.154,-0.093,-0.125,0.000,0.000,0,,0,,,,313361,248.87,0
222,542.463,"Mount",0.264,-0.010,0.241,-0.106,0.152,0.000,37,W,0,,,,305868,260.19,0
223,544.679,"Mount",0.139,0.163,0.053,-0.207,0.000,0.000,0,,0,,,,302180,240.69,0
224,547.064,"Mount",0.125,-0.063,0.140,0.001,0.088,0.000,21,W,0,,,,299083,271.57,0
225,549.376,"Mount",0.016,0.335,-0.133,-0.308,-0.078,0.000,19,E,0,,,,298081,258.24,0
226,551.840,"Mount",-0.015,0.480,-0.224,-0.425,-0.146,0.000,35,E,0,,,,321298,287.53,0
227,555.495,"Mount",-0.195,0.425,-0.361,-0.297,-0.238,-0.297,58,E,1351,N,,,359706,275.31,0
228,557.976,"Mount",-0.676,0.126,-0.662,0.184,-0.434,0.000,105,E,0,,,,308229,274.85,0
229,560.280,"Mount",-0.486,-0.017,-0.429,0.229,-0.301,0.000,73,E,0,,,,318162,265.33,0
230,562.787,"Mount",-0.299,-0.073,-0.237,0.197,-0.170,0.000,41,E,0,,,,314654,261.27,0
231,565.032,"Mount",-0.036,-0.040,-0.015,0.052,0.000,0.000,0,,0,,,,322592,256.32,0
232,567.496,"Mount",0.196,-0.290,0.303,0.175,0.191,0.000,46,W,0,,,,305041,251.08,0
233,569.768,"Mount",0.251,-0.288,0.352,0.149,0.235,0.000,57,W,0,,,,294678,260.70,0
234,572.256,"Mount",-0.507,-0.195,-0.371,0.398,-0.217,0.000,52,E,0,,,,314536,264.75,0
235,576.105,"Mount",-0.867,-0.345,-0.627,0.690,-0.410,0.690,99,E,1434,S,,,314022,254.47,0
236,578.618,"Mount",-0.088,0.585,-0.336,-0.487,-0.240,0.000,58,E,0,,,,315624,257.08,0
237,582.423,"Mount",0.159,0.634,-0.136,-0.639,-0.102,-0.639,25,E,1423,N,,,317674,267.13,0
238,584.944,"Mount",-0.519,0.225,-0.565,0.025,-0.363,0.000,88,E,0,,,,328958,272.16,0
239,587.383,"Mount",-0.068,0.286,-0.187,-0.228,-0.143,-0.228,35,E,48,N,,,318969,253.86,0
240,589.748,"Mount",0.032,0.096,-0.014,-0.100,0.000,0.000,0,,0,,,,298681,266.58,0
241,592.384,"Mount",0.134,-0.191,0.204,0.113,0.129,0.000,31,W,0,,,,330216,276.11,0
242,594.912,"Mount",-0.325,0.120,-0.345,0.035,-0.208,0.000,50,E,0,,,,299639,238.80,0
243,597.248,"Mount",-0.393,0.062,-0.380,0.117,-0.254,0.000,61,E,0,,,,305032,253.26,0
244,599.656,"Mount",-0.196,0.104,-0.222,-0.007,-0.158,0.000,38,E,0,,,,312018,262.09,0
245,601.860,"Mount",-0.091,0.065,-0.111,-0.018,0.000,0.000,0,,0,,,,303813,254.01,0
246,604.352,"Mount",-0.288,0.231,-0.361,-0.081,-0.227,0.000,55,E,0,,,,301821,229.92,0
247,606.647,"Mount",0.079,0.233,-0.031,-0.244,0.000,-0.244,0,,51,N,,,302980,261.78,0
248,608.995,"Mount",-0.020,-0.025,-0.007,0.031,0.000,0.000,0,,0,,,,312975,254.57,0
249,611.264,"Mount",0.049,-0.235,0.147,0.190,0.093,0.000,22,W,0,,,,314056,259.43,0
250,613.652,"Mount",-0.006,0.136,-0.065,-0.120,0.000,0.000,0,,0,,,,300022,246.09,0
251,615.904,"Mount",-0.190,0.030,-0.184,0.056,-0.116,0.000,28,E,0,,,,303582,253.07,0
252,618.472,"Mount",-0.444,0.219,-0.495,-0.003,-0.320,0.000,77,E,0,,,,286818,256.21,0
253,620.858,"Mount",-0.526,0.040,-0.490,0.195,-0.331,0.000,80,E,0,,,,307338,260.46,0
INFO: SET LOCK POSITION, new lock pos = 1074.109, 488.855
INFO: DITHER by 3.760, 2.267, new lock pos = 1076.493, 485.168
INFO: SETTLING STATE CHANGE, Settling started
254,625.056,"Mount",-2.384,3.687,-3.760,-2.267,-3.760,-2.267,909,E,476,N,,,311898,253.82,0
255,627.832,"Mount",0.796,1.529,0.045,-1.723,0.000,-1.723,0,,362,N,,,305409,265.10,0
256,630.408,"Mount",1.112,0.824,0.637,-1.229,0.402,-1.229,97,W,258,N,,,300305,242.02,0
257,632.896,"Mount",0.505,-0.367,0.615,0.108,0.416,0.000,100,W,0,,,,299932,240.81,0
258,635.144,"Mount",0.197,-0.010,0.182,-0.078,0.143,0.000,35,W,0,,,,303064,273.50,0
259,637.480,"Mount",0.083,0.111,0.026,-0.136,0.000,0.000,0,,0,,,,317790,276.85,0
260,639.720,"Mount",-0.197,0.167,-0.250,-0.063,-0.157,0.000,38,E,0,,,,335759,277.56,0
261,642.303,"Mount",-0.706,0.616,-0.905,-0.244,-0.581,-0.244,140,E,51,N,,,300027,235.78,0
INFO: SETTLING STATE CHANGE, Settling complete
262,644.657,"Mount",-0.566,0.449,-0.706,-0.156,-0.485,0.000,117,E,0,,,,310705,277.97,0
263,647.255,"Mount",0.244,0.147,0.155,-0.239,0.064,-0.239,15,W,50,N,,,306620,285.71,0
264,649.504,"Mount",-0.173,0.036,-0.171,0.044,-0.103,0.000,25,E,0,,,,317665,239.59,0
265,651.953,"Mount",0.192,-0.038,0.189,-0.050,0.112,0.000,27,W,0,,,,288253,234.51,0
266,654.360,"Mount",0.126,-0.169,0.187,0.097,0.126,0.000,30,W,0,,,,293223,242.33,0
267,656.832,"Mount",-0.400,-0.020,-0.351,0.194,-0.212,0.000,51,E,0,,,,335178,267.96,0
268,659.152,"Mount",-0.486,-0.116,-0.386,0.318,-0.258,0.000,62,E,0,,,,305371,263.43,0
269,661.544,"Mount",-0.271,-0.165,-0.171,0.268,-0.126,0.000,30,E,0,,,,317997,234.89,0
270,663.904,"Mount",-0.314,0.146,-0.346,0.007,-0.227,0.000,55,E,0,,,,282829,243.54,0
271,666.594,"Mount",-0.462,-0.229,-0.314,0.408,-0.214,0.000,52,E,0,,,,295049,220.95,0
272,670.288,"Mount",-0.427,-0.198,-0.297,0.365,-0.202,0.365,49,E,1366,S,,,310931,236.98,0
273,672.744,"Mount",0.055,0.434,-0.141,-0.414,-0.103,0.000,25,E,0,,,,315125,240.46,0
274,675.072,"Mount",0.347,0.059,0.286,-0.205,0.173,0.000,42,W,0,,,,274115,239.49,0
275,677.544,"Mount",0.320,-0.129,0.344,-0.025,0.229,0.000,55,W,0,,,,288535,261.80,0
276,679.840,"Mount",0.276,-0.264,0.364,0.116,0.246,0.000,59,W,0,,,,303490,257.22,0
277,682.272,"Mount",-0.373,0.309,-0.471,-0.114,-0.280,0.000,68,E,0,,,,299507,254.43,0
278,684.630,"Mount",-0.153,0.106,-0.184,-0.028,-0.136,0.000,33,E,0,,,,291017,263.29,0
279,687.119,"Mount",-0.023,-0.009,-0.017,0.018,0.000,0.000,0,,0,,,,320326,259.18,0
280,689.316,"Mount",-0.018,-0.046,0.004,0.049,0.000,0.000,0,,0,,,,297265,232.51,0
281,691.676,"Mount",0.047,0.060,0.015,-0.075,0.000,0.000,0,,0,,,,288500,227.12,0
282,693.968,"Mount",0.474,-0.185,0.507,-0.042,0.319,0.000,77,W,0,,,,303835,248.49,0
283,696.536,"Mount",0.603,-0.082,0.577,-0.191,0.386,0.000,93,W,0,,,,285211,244.21,0
284,698.904,"Mount",0.260,-0.283,0.357,0.140,0.252,0.000,61,W,0,,,,310606,276.36,0
285,701.328,"Mount",-0.291,0.062,-0.289,0.072,-0.164,0.000,40,E,0,,,,313221,272.57,0
286,703.608,"Mount",-0.168,0.041,-0.169,0.037,-0.118,0.000,29,E,0,,,,291226,258.87,0
287,706.048,"Mount",-0.248,0.360,-0.381,-0.215,-0.248,0.000,60,E,0,,,,283235,266.66,0
288,708.408,"Mount",-0.333,0.470,-0.506,-0.276,-0.336,0.000,81,E,0,,,,291514,253.19,0
289,712.383,"Mount",-0.284,0.378,-0.421,-0.215,-0.289,-0.215,70,E,1334,N,,,303603,231.05,0
290,714.648,"Mount",0.043,0.176,-0.038,-0.177,0.000,0.000,0,,0,,,,305045,253.78,0
291,717.056,"Mount",-0.085,-0.515,0.150,0.500,0.094,0.000,23,W,0,,,,304442,245.23,0
292,719.368,"Mount",0.351,-0.449,0.512,0.249,0.329,0.000,80,W,0,,,,298111,240.21,0
293,721.808,"Mount",-0.128,-0.603,0.150,0.598,0.117,0.000,28,W,0,,,,292932,233.00,0
294,725.640,"Mount",-0.047,-0.980,0.388,0.901,0.253,0.901,61,W,1478,S,,,298474,243.92,0
295,728.159,"Mount",-0.088,-0.467,0.126,0.459,0.000,0.459,0,,96,S,,,285857,222.95,0
296,730.402,"Mount",-0.010,0.116,-0.060,-0.100,0.000,0.000,0,,0,,,,291777,246.38,0
297,732.848,"Mount",-0.251,-0.091,-0.185,0.191,-0.117,0.000,28,E,0,,,,306590,246.26,0
298,735.160,"Mount",-0.007,-0.227,0.093,0.207,0.000,0.207,0,,44,S,,,287941,267.33,0
299,737.591,"Mount",-0.014,-0.251,0.098,0.232,0.000,0.232,0,,49,S,,,304698,285.51,0
300,740.007,"Mount",0.179,-0.487,0.375,0.359,0.236,0.359,57,W,75,S,,,282590,223.71,0
301,742.456,"Mount",0.203,-0.249,0.291,0.135,0.200,0.000,48,W,0,,,,290055,232.05,0
302,744.692,"Mount",-0.095,0.034,-0.101,0.011,0.000,0.000,0,,0,,,,315929,271.89,0
303,747.144,"Mount",-0.237,0.076,-0.246,0.036,-0.155,0.000,37,E,0,,,,309183,281.44,0
304,749.512,"Mount",-0.135,0.125,-0.176,-0.053,-0.122,0.000,29,E,0,,,,295451,234.27,0
305,751.928,"Mount",0.273,-0.039,0.262,-0.085,0.156,0.000,38,W,0,,,,308040,301.72,0
306,754.343,"Mount",-0.445,-0.053,-0.377,0.243,-0.227,0.243,55,E,51,S,,,268520,223.97,0
307,756.855,"Mount",-0.008,-0.228,0.092,0.208,0.000,0.208,0,,44,S,,,266870,230.08,0
308,759.050,"Mount",0.063,-0.072,0.088,0.037,0.000,0.000,0,,0,,,,279688,269.54,0
309,761.536,"Mount",0.504,-0.262,0.568,0.014,0.358,0.000,86,W,0,,,,269298,232.66,0
310,763.816,"Mount",0.108,-0.132,0.155,0.071,0.123,0.000,30,W,0,,,,295827,244.80,0
311,766.232,"Mount",-0.371,0.084,-0.370,0.087,-0.225,0.000,54,E,0,,,,289193,272.36,0
312,768.648,"Mount",-0.590,0.110,-0.578,0.160,-0.380,0.000,92,E,0,,,,302663,276.44,0
313,771.271,"Mount",-0.704,0.069,-0.663,0.247,-0.444,0.247,107,E,52,S,,,284586,227.29,0
314,773.624,"Mount",-0.491,0.099,-0.485,0.127,-0.337,0.000,81,E,0,,,,300829,240.33,0
315,776.152,"Mount",0.086,-0.332,0.223,0.261,0.117,0.261,28,W,55,S,,,312396,259.72,0
316,778.390,"Mount",0.003,-0.189,0.086,0.168,0.000,0.000,0,,0,,,,274488,229.19,0
317,780.999,"Mount",0.107,-0.444,0.291,0.352,0.184,0.352,44,W,74,S,,,291113,264.30,0
318,783.296,"Mount",0.147,-0.144,0.195,0.065,0.136,0.000,33,W,0,,,,308315,255.41,0
319,785.792,"Mount",0.388,-0.201,0.437,0.011,0.285,0.000,69,W,0,,,,285028,240.20,0
320,788.077,"Mount",-0.038,0.121,-0.088,-0.092,0.000,0.000,0,,0,,,,300958,288.86,0
321,790.664,"Mount",-0.098,0.483,-0.300,-0.391,-0.189,0.000,46,E,0,,,,289171,248.16,0
322,793.017,"Mount",-0.267,0.237,-0.344,-0.095,-0.230,0.000,56,E,0,,,,298850,258.39,0
323,795.520,"Mount",-0.423,0.189,-0.463,0.016,-0.308,0.000,74,E,0,,,,284307,246.00,0
324,797.705,"Mount",-0.012,0.106,-0.057,-0.090,0.000,0.000,0,,0,,,,303765,267.94,0
325,800.144,"Mount",-0.304,0.100,-0.317,0.044,-0.200,0.000,48,E,0,,,,300496,240.42,0
326,802.562,"Mount",-0.020,-0.508,0.205,0.465,0.115,0.465,28,W,98,S,,,304859,280.96,0
327,805.008,"Mount",0.011,0.349,-0.143,-0.319,-0.082,0.000,20,E,0,,,,302624,229.12,0
328,807.328,"Mount",-0.042,0.453,-0.236,-0.388,-0.155,0.000,37,E,0,,,,308795,236.37,0
329,811.209,"Mount",-0.647,0.714,-0.895,-0.357,-0.575,-0.357,139,E,1364,N,,,279199,226.11,0
330,813.624,"Mount",-0.438,0.465,-0.598,-0.226,-0.417,-0.226,101,E,47,N,,,294770,261.72,0
331,816.112,"Mount",-0.483,0.157,-0.502,0.071,-0.346,0.000,84,E,0,,,,291838,245.29,0
332,818.416,"Mount",-0.126,0.122,-0.167,-0.054,-0.129,0.000,31,E,0,,,,273900,205.06,0
333,820.871,"Mount",-0.116,-0.195,-0.019,0.226,0.000,0.000,0,,0,,,,303628,247.59,0
334,823.105,"Mount",-0.366,-0.285,-0.204,0.417,-0.129,0.000,31,E,0,,,,290310,237.30,0
335,825.584,"Mount",0.403,-0.154,0.430,-0.039,0.262,0.000,63,W,0,,,,305382,260.56,0
336,827.864,"Mount",0.424,-0.004,0.382,-0.183,0.259,0.000,63,W,0,,,,303389,230.57,0
337,830.360,"Mount",-0.199,0.259,-0.293,-0.145,-0.166,0.000,40,E,0,,,,270704,228.15,0
338,832.759,"Mount",-0.204,0.355,-0.339,-0.229,-0.225,-0.229,54,E,48,N,,,294250,264.03,0
339,835.117,"Mount",-0.255,-0.243,-0.123,0.330,0.000,0.000,0,,0,,,,297863,241.69,0
340,837.536,"Mount",-0.482,0.127,-0.489,0.097,-0.308,0.000,74,E,0,,,,285985,240.79,0
341,839.968,"Mount",-0.425,0.134,-0.441,0.066,-0.299,0.000,72,E,0,,,,329170,278.48,0
342,842.336,"Mount",-0.112,0.083,-0.137,-0.025,-0.107,0.000,26,E,0,,,,303943,262.08,0
343,844.800,"Mount",0.270,-0.348,0.396,0.194,0.242,0.000,58,W,0,,,,290212,235.00,0
344,847.120,"Mount",0.295,-0.338,0.413,0.174,0.277,0.000,67,W,0,,,,274230,210.12,0
345,849.552,"Mount",-0.023,-0.462,0.182,0.426,0.134,0.000,32,W,0,,,,308187,260.56,0
346,851.889,"Mount",-0.634,-0.192,-0.485,0.451,-0.296,0.000,72,E,0,,,,304120,231.71,0
347,855.688,"Mount",-0.266,-0.247,-0.130,0.339,-0.103,0.339,25,E,1360,S,,,266152,220.47,0
348,858.048,"Mount",-0.446,-0.220,-0.304,0.393,-0.199,0.393,48,E,83,S,,,285315,262.59,0
349,860.488,"Mount",-0.125,0.456,-0.313,-0.355,-0.211,0.000,51,E,0,,,,304991,236.80,0
350,862.738,"Mount",0.055,0.044,0.030,-0.064,0.000,0.000,0,,0,,,,294174,235.89,0
351,865.208,"Mount",0.538,0.255,0.371,-0.465,0.234,0.000,57,W,0,,,,296210,238.57,0
352,867.496,"Mount",0.373,0.326,0.192,-0.457,0.137,0.000,33,W,0,,,,304418,262.19,0
353,869.952,"Mount",0.492,0.255,0.330,-0.445,0.218,0.000,53,W,0,,,,297097,252.56,0
354,872.312,"Mount",0.603,-0.016,0.549,-0.250,0.361,0.000,87,W,0,,,,271387,252.39,0
355,874.704,"Mount",0.150,0.032,0.120,-0.095,0.000,0.000,0,,0,,,,318741,278.74,0
356,878.385,"Mount",-0.180,0.375,-0.326,-0.258,-0.205,-0.258,50,E,1343,N,,,305522,230.31,0
357,880.920,"Mount",-0.488,-0.267,-0.321,0.454,-0.217,0.000,52,E,0,,,,305650,267.27,0
358,883.192,"Mount",-0.252,0.019,-0.234,0.093,-0.163,0.000,39,E,0,,,,278078,241.77,0
359,885.672,"Mount",0.174,-0.112,0.206,0.024,0.118,0.000,29,W,0,,,,294699,253.96,0
360,887.960,"Mount",-0.232,-0.099,-0.165,0.191,-0.096,0.000,23,E,0,,,,305854,249.89,0
361,890.310,"Mount",-0.086,-0.363,0.082,0.364,0.000,0.000,0,,0,,,,295421,265.58,0
362,892.601,"Mount",0.106,-0.407,0.274,0.320,0.172,0.000,42,W,0,,,,285327,243.90,0
363,895.064,"Mount",-0.231,-0.165,-0.135,0.249,-0.073,0.000,18,E,0,,,,304723,273.26,0
364,898.872,"Mount",-0.622,-0.144,-0.495,0.402,-0.317,0.402,77,E,1373,S,,,312149,247.12,0
365,901.488,"Mount",-0.806,-0.261,-0.610,0.588,-0.406,0.588,98,E,123,S,,,302826,258.30,0
366,903.920,"Mount",0.023,-0.413,0.202,0.361,0.099,0.361,24,W,76,S,,,308867,231.85,0
367,906.313,"Mount",0.015,-0.046,0.034,0.035,0.000,0.000,0,,0,,,,309738,277.63,0
368,908.537,"Mount",-0.008,0.112,-0.056,-0.097,0.000,0.000,0,,0,,,,312661,260.04,0
369,910.984,"Mount",0.139,-0.147,0.190,0.071,0.120,0.000,29,W,0,,,,302577,265.45,0
370,913.336,"Mount",0.113,-0.313,0.239,0.232,0.159,0.232,38,W,49,S,,,307709,267.61,0
371,915.755,"Mount",-0.041,-0.093,0.004,0.101,0.000,0.000,0,,0,,,,282864,220.65,0
372,918.080,"Mount",-0.364,-0.098,-0.284,0.248,-0.179,0.248,43,E,52,S,,,282450,263.54,0
373,920.462,"Mount",-0.015,0.020,-0.022,-0.012,0.000,0.000,0,,0,,,,267583,242.35,0
374,922.784,"Mount",-0.400,0.245,-0.467,-0.045,-0.294,0.000,71,E,0,,,,293514,239.52,0
375,925.483,"Mount",0.076,-0.063,0.096,0.023,0.000,0.000,0,,0,,,,287320,250.89,0
376,927.768,"Mount",-0.237,-0.031,-0.199,0.132,-0.126,0.000,30,E,0,,,,270457,240.99,0
377,930.863,"Mount",0.233,-0.420,0.393,0.275,0.239,0.275,58,W,58,S,,,296831,269.15,0
378,933.312,"Mount",0.495,-0.303,0.578,0.055,0.381,0.000,92,W,0,,,,290932,254.24,0
379,935.920,"Mount",0.736,-0.039,0.678,-0.288,0.454,0.000,110,W,0,,,,269058,245.46,0
380,938.296,"Mount",0.682,-0.105,0.658,-0.205,0.447,0.000,108,W,0,,,,279894,234.40,0
381,940.764,"Mount",0.072,0.375,-0.100,-0.369,0.000,0.000,0,,0,,,,257958,224.48,0
382,944.384,"Mount",0.123,0.232,0.009,-0.262,0.000,-0.262,0,,1344,N,,,262854,215.30,0
383,946.904,"Mount",-0.340,0.251,-0.415,-0.077,-0.262,0.000,63,E,0,,,,263293,237.27,0
384,949.176,"Mount",-0.196,0.292,-0.304,-0.177,-0.210,0.000,51,E,0,,,,290320,240.44,0
385,951.587,"Mount",0.081,0.114,0.023,-0.137,0.000,0.000,0,,0,,,,282949,261.41,0
386,953.818,"Mount",0.149,0.039,0.117,-0.101,0.000,0.000,0,,0,,,,279140,241.12,0
387,956.464,"Mount",0.413,0.026,0.360,-0.205,0.227,-0.205,55,W,43,N,,,266925,259.27,0
388,958.777,"Mount",0.136,0.046,0.102,-0.101,0.000,0.000,0,,0,,,,274130,237.33,0
389,961.272,"Mount",-0.040,0.360,-0.194,-0.306,-0.122,-0.306,30,E,64,N,,,262211,237.02,0
390,963.552,"Mount",-0.215,0.229,-0.294,-0.111,-0.194,0.000,47,E,0,,,,267550,255.95,0
391,965.884,"Mount",-0.082,0.042,-0.092,-0.002,0.000,0.000,0,,0,,,,271876,267.82,0
392,968.136,"Mount",-0.148,0.014,-0.139,0.052,-0.088,0.000,21,E,0,,,,297285,246.08,0
393,970.583,"Mount",-0.253,0.085,-0.265,0.035,-0.173,0.000,42,E,0,,,,299513,215.65,0
394,972.817,"Mount",-0.196,-0.118,-0.124,0.192,0.000,0.000,0,,0,,,,303480,255.79,0
395,975.248,"Mount",-0.200,-0.031,-0.166,0.116,-0.104,0.000,25,E,0,,,,282332,234.79,0
396,977.539,"Mount",-0.101,-0.086,-0.053,0.122,0.000,0.000,0,,0,,,,290646,236.24,0
397,979.901,"Mount",0.089,-0.078,0.114,0.031,0.000,0.000,0,,0,,,,287549,249.67,0
398,982.184,"Mount",-0.254,-0.168,-0.155,0.262,-0.098,0.000,24,E,0,,,,261925,240.45,0
399,984.611,"Mount",-0.264,-0.405,-0.059,0.479,0.000,0.000,0,,0,,,,260251,229.28,0
400,988.392,"Mount",-0.509,-0.344,-0.306,0.532,-0.193,0.532,47,E,1401,S,,,293368,251.77,0
401,991.018,"Mount",0.194,0.073,0.142,-0.151,0.076,0.000,18,W,0,,,,292357,266.62,0
402,993.320,"Mount",0.430,0.050,0.364,-0.234,0.235,0.000,57,W,0,,,,288874,241.65,0
403,995.792,"Mount",0.281,-0.281,0.376,0.129,0.253,0.000,61,W,0,,,,280346,245.38,0
404,998.264,"Mount",0.381,0.026,0.331,-0.191,0.226,0.000,55,W,0,,,,289281,256.45,0
405,1000.626,"Mount",-0.009,0.067,-0.037,-0.057,0.000,0.000,0,,0,,,,289486,248.74,0
406,1002.841,"Mount",0.100,0.093,0.049,-0.127,0.000,0.000,0,,0,,,,298323,234.38,0
407,1005.368,"Mount",-0.034,0.381,-0.197,-0.327,-0.124,0.000,30,E,0,,,,302135,270.58,0
408,1007.550,"Mount",0.202,0.315,0.043,-0.372,0.000,0.000,0,,0,,,,299150,258.01,0
409,1009.901,"Mount",0.045,0.010,0.036,-0.029,0.000,0.000,0,,0,,,,287272,254.60,0
410,1012.248,"Mount",0.097,-0.128,0.143,0.072,0.090,0.000,22,W,0,,,,284749,268.77,0
411,1014.687,"Mount",-0.085,-0.391,0.095,0.388,0.000,0.000,0,,0,,,,295557,257.81,0
412,1016.984,"Mount",0.144,-0.202,0.218,0.119,0.137,0.000,33,W,0,,,,281432,238.36,0
413,1019.487,"Mount",0.882,-0.135,0.852,-0.266,0.546,0.000,132,W,0,,,,270100,227.33,0
414,1021.808,"Mount",0.273,-0.215,0.340,0.073,0.252,0.000,61,W,0,,,,270781,262.92,0
415,1024.288,"Mount",-0.288,0.264,-0.375,-0.111,-0.218,0.000,53,E,0,,,,290062,239.72,0
416,1026.516,"Mount",-0.093,0.003,-0.085,0.038,0.000,0.000,0,,0,,,,296956,255.43,0
417,1029.043,"Mount",-0.086,0.186,-0.160,-0.130,-0.100,0.000,24,E,0,,,,283665,271.03,0
418,1031.287,"Mount",0.107,0.430,-0.092,-0.434,0.000,0.000,0,,0,,,,290129,252.27,0
419,1033.633,"Mount",0.085,0.352,-0.078,-0.353,0.000,0.000,0,,0,,,,282941,214.49,0
420,1037.200,"Mount",0.061,0.420,-0.130,-0.404,0.000,-0.404,0,,1374,N,,,279088,232.37,0
421,1039.688,"Mount",0.141,-0.227,0.226,0.143,0.143,0.000,34,W,0,,,,269813,220.48,0
422,1041.873,"Mount",-0.112,-0.284,0.023,0.304,0.000,0.000,0,,0,,,,272410,216.98,0
423,1044.306,"Mount",-0.001,-0.043,0.018,0.039,0.000,0.000,0,,0,,,,267569,248.96,0
424,1046.471,"Mount",-0.158,-0.033,-0.128,0.099,0.000,0.000,0,,0,,,,271774,264.69,0
425,1048.976,"Mount",-0.496,0.019,-0.454,0.201,-0.286,0.000,69,E,0,,,,272726,234.88,0
426,1051.314,"Mount",-0.057,0.049,-0.073,-0.019,0.000,0.000,0,,0,,,,275486,222.42,0
427,1053.680,"Mount",-0.020,-0.037,-0.002,0.042,0.000,0.000,0,,0,,,,251324,237.11,0
428,1055.968,"Mount",-0.453,-0.102,-0.362,0.290,-0.228,0.000,55,E,0,,,,262322,247.84,0
429,1059.808,"Mount",-0.331,-0.259,-0.184,0.378,-0.132,0.378,32,E,1368,S,,,274512,241.49,0
430,1062.264,"Mount",0.025,-0.514,0.248,0.451,0.147,0.451,35,W,95,S,,,268684,234.83,0
431,1064.768,"Mount",0.204,-0.278,0.305,0.161,0.203,0.000,49,W,0,,,,261752,236.84,0
432,1067.059,"Mount",-0.130,-0.097,-0.075,0.144,0.000,0.000,0,,0,,,,219355,204.82,0
433,1069.504,"Mount",-0.470,0.111,-0.471,0.107,-0.297,0.000,72,E,0,,,,183841,170.33,0
434,1071.833,"Mount",-0.401,0.217,-0.456,-0.019,-0.308,0.000,74,E,0,,,,184191,185.74,0
435,1074.167,"Mount",-0.100,0.020,-0.099,0.026,0.000,0.000,0,,0,,,,216500,210.82,0
436,1076.481,"Mount",-0.336,0.151,-0.368,0.012,-0.232,0.000,56,E,0,,,,213592,195.97,0
437,1078.822,"Mount",-0.075,-0.139,-0.006,0.158,0.000,0.000,0,,0,,,,219576,199.16,0
438,1081.280,"Mount",0.148,-0.124,0.188,0.047,0.118,0.000,29,W,0,,,,225706,221.35,0
439,1083.784,"Mount",0.293,-0.227,0.363,0.076,0.237,0.000,57,W,0,,,,238428,214.52,0
440,1086.032,"Mount",0.228,-0.089,0.244,-0.020,0.170,0.000,41,W,0,,,,235715,240.02,0
441,1088.421,"Mount",-0.098,-0.085,-0.050,0.120,0.000,0.000,0,,0,,,,199696,176.65,0
442,1090.748,"Mount",-0.181,0.026,-0.174,0.056,-0.110,0.000,27,E,0,,,,174013,187.47,0
443,1093.192,"Mount",-0.199,-0.139,-0.118,0.212,0.000,0.212,0,,45,S,,,147615,164.64,0
444,1095.648,"Mount",-0.267,-0.181,-0.160,0.279,-0.101,0.279,24,E,59,S,,,150141,167.08,0
445,1098.096,"Mount",-0.448,0.139,-0.464,0.071,-0.299,0.000,72,E,0,,,,137222,139.06,0
446,1100.503,"Mount",-0.519,-0.066,-0.437,0.287,-0.296,0.287,72,E,60,S,,,162021,169.71,0
447,1103.008,"Mount",-0.129,-0.378,0.050,0.396,0.000,0.396,0,,83,S,,,237282,198.16,0
448,1105.224,"Mount",-0.036,0.061,-0.059,-0.039,0.000,0.000,0,,0,,,,200384,180.83,0
449,1107.672,"Mount",0.101,-0.247,0.199,0.177,0.125,0.000,30,W,0,,,,212422,215.95,0
450,1110.016,"Mount",-0.184,0.037,-0.181,0.048,-0.105,0.000,25,E,0,,,,238559,211.31,0
451,1112.504,"Mount",-0.079,-0.243,0.036,0.253,0.000,0.253,0,,53,S,,,173993,187.28,0
452,1114.732,"Mount",-0.011,0.135,-0.069,-0.117,0.000,0.000,0,,0,,,,161387,178.26,0
453,1117.176,"Mount",-0.165,-0.038,-0.131,0.106,-0.083,0.000,20,E,0,,,,150980,149.94,0
454,1119.504,"Mount",-0.312,0.010,-0.285,0.128,-0.185,0.000,45,E,0,,,,182649,183.08,0
455,1121.912,"Mount",-0.048,0.261,-0.158,-0.214,-0.112,0.000,27,E,0,,,,183100,170.76,0
456,1124.224,"Mount",-0.000,0.334,-0.147,-0.300,-0.100,0.000,24,E,0,,,,196337,184.38,0
457,1126.590,"Mount",0.170,0.140,0.092,-0.200,0.000,0.000,0,,0,,,,156755,151.34,0
458,1128.904,"Mount",0.273,0.023,0.235,-0.140,0.148,0.000,36,W,0,,,,138298,152.64,0
459,1131.306,"Mount",0.049,-0.067,0.073,0.039,0.000,0.000,0,,0,,,,147977,160.36,0
460,1133.704,"Mount",-0.204,0.258,-0.297,-0.142,-0.187,0.000,45,E,0,,,,127515,154.44,0
461,1136.240,"Mount",-0.410,0.421,-0.553,-0.198,-0.362,0.000,87,E,0,,,,153078,164.72,0
462,1138.560,"Mount",-0.453,0.277,-0.528,-0.050,-0.358,0.000,87,E,0,,,,150393,154.73,0
463,1141.112,"Mount",-0.557,0.254,-0.612,0.017,-0.411,0.000,99,E,0,,,,140154,145.02,0
464,1143.417,"Mount",-0.204,0.264,-0.299,-0.148,-0.217,0.000,52,E,0,,,,136605,153.97,0
465,1145.792,"Mount",0.086,-0.202,0.166,0.144,0.089,0.000,22,W,0,,,,162923,167.07,0
466,1147.998,"Mount",0.079,-0.116,0.122,0.070,0.000,0.000,0,,0,,,,190564,190.67,0
467,1150.381,"Mount",0.085,-0.097,0.119,0.050,0.000,0.000,0,,0,,,,204377,185.77,0
468,1152.712,"Mount",0.370,0.096,0.291,-0.249,0.183,0.000,44,W,0,,,,220719,209.19,0
469,1155.177,"Mount",-0.335,0.083,-0.338,0.073,-0.200,0.000,48,E,0,,,,259965,249.16,0
470,1157.341,"Mount",-0.004,0.090,-0.043,-0.079,0.000,0.000,0,,0,,,,286405,244.49,0
471,1159.792,"Mount",-0.336,0.057,-0.327,0.096,-0.206,0.000,50,E,0,,,,281018,248.21,0
472,1162.078,"Mount",-0.120,0.011,-0.113,0.043,0.000,0.000,0,,0,,,,313147,273.94,0
473,1164.556,"Mount",-0.192,0.213,-0.266,-0.107,-0.167,0.000,40,E,0,,,,299539,248.92,0
474,1166.856,"Mount",0.071,-0.217,0.159,0.164,0.088,0.000,21,W,0,,,,256915,231.42,0
475,1169.336,"Mount",0.435,-0.403,0.568,0.171,0.364,0.000,88,W,0,,,,290717,285.38,0
476,1171.744,"Mount",0.149,-0.419,0.318,0.311,0.226,0.311,55,W,65,S,,,273597,234.29,0
477,1174.182,"Mount",0.127,-0.033,0.129,-0.026,0.000,0.000,0,,0,,,,271707,242.34,0
478,1176.387,"Mount",-0.123,-0.057,-0.085,0.106,0.000,0.000,0,,0,,,,248326,226.98,0
479,1178.838,"Mount",-0.120,-0.001,-0.107,0.053,0.000,0.000,0,,0,,,,265734,235.45,0
480,1181.025,"Mount",-0.162,-0.037,-0.130,0.104,0.000,0.000,0,,0,,,,274992,235.72,0
481,1183.472,"Mount",-0.255,0.119,-0.282,0.005,-0.177,0.000,43,E,0,,,,260337,213.65,0
482,1185.816,"Mount",-0.405,0.191,-0.448,0.006,-0.295,0.000,71,E,0,,,,276910,231.78,0
483,1188.352,"Mount",-0.138,-0.212,-0.031,0.251,0.000,0.251,0,,53,S,,,260673,225.78,0
484,1190.554,"Mount",-0.143,-0.127,-0.073,0.177,0.000,0.000,0,,0,,,,258282,239.92,0
485,1192.992,"Mount",0.314,-0.085,0.320,-0.061,0.202,0.000,49,W,0,,,,236294,226.24,0
486,1195.211,"Mount",0.071,-0.025,0.075,-0.009,0.000,0.000,0,,0,,,,236313,214.42,0
487,1197.607,"Mount",0.190,0.207,0.080,-0.269,0.000,0.000,0,,0,,,,215603,215.07,0
488,1199.824,"Mount",-0.023,0.295,-0.150,-0.255,-0.094,0.000,23,E,0,,,,227310,207.60,0
489,1202.214,"Mount",0.040,-0.104,0.082,0.075,0.000,0.000,0,,0,,,,211228,204.08,0
490,1204.441,"Mount",-0.201,0.014,-0.187,0.076,-0.118,0.000,28,E,0,,,,204320,181.95,0
491,1206.855,"Mount",-0.036,0.063,-0.060,-0.040,0.000,0.000,0,,0,,,,217811,212.21,0
492,1209.272,"Mount",-0.458,-0.035,-0.396,0.233,-0.249,0.233,60,E,49,S,,,206730,198.46,0
493,1211.673,"Mount",0.227,0.058,0.179,-0.152,0.095,0.000,23,W,0,,,,195509,181.44,0
494,1213.891,"Mount",0.058,-0.047,0.073,0.017,0.000,0.000,0,,0,,,,182796,210.16,0
495,1216.223,"Mount",0.019,0.003,0.016,-0.011,0.000,0.000,0,,0,,,,200094,192.91,0
496,1218.520,"Mount",-0.217,0.076,-0.228,0.027,-0.144,0.000,35,E,0,,,,235845,212.88,0
497,1220.919,"Mount",0.055,0.152,-0.017,-0.161,0.000,0.000,0,,0,,,,262242,236.85,0
498,1223.201,"Mount",-0.195,0.342,-0.325,-0.222,-0.205,0.000,49,E,0,,,,252934,235.27,0
499,1225.592,"Mount",0.022,0.201,-0.069,-0.191,0.000,0.000,0,,0,,,,292699,264.64,0
500,1227.880,"Mount",-0.204,0.462,-0.387,-0.326,-0.244,0.000,59,E,0,,,,268100,243.54,0
501,1230.323,"Mount",0.230,0.184,0.126,-0.266,0.000,0.000,0,,0,,,,243941,231.24,0
502,1232.520,"Mount",0.192,0.112,0.123,-0.185,0.000,0.000,0,,0,,,,236104,232.99,0
503,1234.984,"Mount",0.366,-0.213,0.422,0.030,0.266,0.000,64,W,0,,,,232116,225.61,0
504,1237.320,"Mount",0.290,-0.101,0.305,-0.037,0.211,0.000,51,W,0,,,,249504,232.47,0
505,1239.675,"Mount",0.091,0.067,0.053,-0.100,0.000,0.000,0,,0,,,,240603,219.01,0
506,1241.876,"Mount",0.057,0.103,0.006,-0.118,0.000,0.000,0,,0,,,,302579,262.08,0
507,1244.312,"Mount",-0.318,0.074,-0.318,0.073,-0.201,0.000,48,E,0,,,,262634,236.06,0
508,1246.787,"Mount",-0.392,-0.377,-0.186,0.511,-0.131,0.000,32,E,0,,,,256946,213.25,0
509,1249.226,"Mount",-0.320,-0.004,-0.286,0.144,-0.189,0.000,46,E,0,,,,268825,231.89,0
510,1251.567,"Mount",-0.314,0.081,-0.318,0.065,-0.213,0.000,52,E,0,,,,265986,251.19,0
INFO: SET LOCK POSITION, new lock pos = 1076.493, 485.168
INFO: DITHER by 4.559, 4.257, new lock pos = 1078.721, 479.342
INFO: SETTLING STATE CHANGE, Settling started
511,1257.760,"Mount",-2.228,5.826,-4.559,-4.257,-4.559,-4.257,1102,E,2183,N,,,241428,207.71,0
512,1260.820,"Mount",1.079,2.700,-0.215,-2.899,-0.136,-2.899,33,E,609,N,,,232335,212.03,0
513,1263.496,"Mount",0.674,1.863,-0.211,-1.970,-0.143,-1.970,34,E,414,N,,,244435,242.84,0
514,1265.821,"Mount",-0.130,-0.003,-0.116,0.060,0.000,0.000,0,,0,,,,229559,214.52,0
515,1268.152,"Mount",-0.068,0.370,-0.224,-0.303,-0.141,-0.303,34,E,64,N,,,206893,197.73,0
516,1270.625,"Mount",-0.633,0.054,-0.592,0.229,-0.383,0.000,93,E,0,,,,213848,226.04,0
517,1272.888,"Mount",-0.438,-0.379,-0.227,0.533,-0.170,0.000,41,E,0,,,,166904,182.76,0
518,1275.221,"Mount",-0.078,-0.441,0.124,0.431,0.000,0.000,0,,0,,,,200313,192.19,0
519,1277.536,"Mount",-0.083,-0.516,0.152,0.500,0.095,0.000,23,W,0,,,,218294,202.16,0
INFO: SETTLING STATE CHANGE, Settling complete
520,1281.328,"Mount",-0.232,-0.618,0.062,0.657,0.000,0.657,0,,1427,S,,,242982,219.44,0
521,1283.688,"Mount",-0.222,-0.507,0.023,0.553,0.000,0.553,0,,116,S,,,223276,187.73,0
522,1286.224,"Mount",-0.357,0.137,-0.380,0.034,-0.240,0.000,58,E,0,,,,231144,229.81,0
523,1288.488,"Mount",-0.164,0.014,-0.153,0.060,-0.113,0.000,27,E,0,,,,214524,218.73,0
524,1290.987,"Mount",-0.206,0.068,-0.215,0.030,-0.143,0.000,35,E,0,,,,206595,206.35,0
525,1293.248,"Mount",-0.065,0.223,-0.157,-0.172,-0.109,0.000,26,E,0,,,,211064,209.57,0
526,1295.599,"Mount",0.025,0.043,0.004,-0.049,0.000,0.000,0,,0,,,,200333,210.72,0
527,1297.832,"Mount",-0.167,-0.011,-0.145,0.083,-0.091,0.000,22,E,0,,,,220279,208.56,0
528,1300.272,"Mount",0.400,-0.119,0.411,-0.068,0.253,0.000,61,W,0,,,,199189,181.39,0
529,1302.467,"Mount",-0.047,-0.052,-0.019,0.067,0.000,0.000,0,,0,,,,193198,210.34,0
530,1305.080,"Mount",-0.382,-0.158,-0.274,0.310,-0.173,0.310,42,E,65,S,,,165984,157.78,0
531,1307.408,"Mount",-0.345,0.194,-0.395,-0.023,-0.261,0.000,63,E,0,,,,180336,187.84,0
532,1309.832,"Mount",-0.083,0.345,-0.226,-0.274,-0.160,0.000,39,E,0,,,,174512,181.94,0
533,1312.169,"Mount",-0.327,0.019,-0.302,0.127,-0.201,0.000,49,E,0,,,,167508,185.25,0
534,1314.735,"Mount",-0.007,0.148,-0.071,-0.130,0.000,0.000,0,,0,,,,160669,180.85,0
535,1317.080,"Mount",0.180,-0.121,0.215,0.030,0.136,0.000,33,W,0,,,,141489,141.04,0
536,1319.488,"Mount",0.209,0.071,0.156,-0.155,0.108,0.000,26,W,0,,,,159935,173.75,0
537,1321.736,"Mount",0.062,-0.217,0.151,0.168,0.103,0.000,25,W,0,,,,142561,159.09,0
538,1324.192,"Mount",0.276,-0.109,0.296,-0.023,0.194,0.000,47,W,0,,,,143510,158.00,0
539,1326.431,"Mount",0.074,-0.122,0.121,0.077,0.000,0.000,0,,0,,,,133701,144.47,0
540,1328.872,"Mount",-0.283,0.058,-0.279,0.072,-0.176,0.000,43,E,0,,,,158340,160.55,0
541,1331.078,"Mount",0.028,0.098,-0.018,-0.100,0.000,0.000,0,,0,,,,143250,164.19,0
542,1333.515,"Mount",-0.204,0.428,-0.371,-0.296,-0.234,0.000,56,E,0,,,,161659,158.74,0
543,1335.792,"Mount",-0.117,0.114,-0.155,-0.051,-0.114,0.000,28,E,0,,,,153256,164.18,0
544,1338.344,"Mount",0.145,-0.319,0.270,0.223,0.162,0.223,39,W,47,S,,,155857,166.93,0
545,1340.670,"Mount",0.479,-0.291,0.558,0.051,0.363,0.000,88,W,0,,,,198696,202.23,0
546,1343.200,"Mount",0.501,-0.288,0.576,0.039,0.389,0.000,94,W,0,,,,224146,210.13,0
547,1345.454,"Mount",0.109,0.057,0.073,-0.099,0.000,0.000,0,,0,,,,194881,188.40,0
548,1347.872,"Mount",-0.206,-0.170,-0.110,0.243,0.000,0.243,0,,51,S,,,149590,162.17,0
549,1350.304,"Mount",-0.117,-0.188,-0.022,0.220,0.000,0.220,0,,46,S,,,199505,196.65,0
550,1352.735,"Mount",-0.086,-0.177,0.000,0.197,0.000,0.000,0,,0,,,,200363,188.11,0
551,1355.064,"Mount",-0.283,-0.142,-0.192,0.251,-0.121,0.251,29,E,53,S,,,232144,212.40,0
552,1357.456,"Mount",-0.157,0.003,-0.142,0.067,-0.098,0.000,24,E,0,,,,212413,203.23,0
553,1359.656,"Mount",-0.140,-0.046,-0.106,0.103,0.000,0.000,0,,0,,,,216179,217.44,0
554,1362.088,"Mount",0.194,-0.053,0.198,-0.038,0.125,0.000,30,W,0,,,,214509,198.55,0
555,1364.528,"Mount",0.032,-0.535,0.264,0.467,0.175,0.467,42,W,98,S,,,212815,208.92,0
556,1366.962,"Mount",0.023,-0.150,0.087,0.125,0.000,0.000,0,,0,,,,257996,230.21,0
557,1369.385,"Mount",-0.612,-0.349,-0.397,0.582,-0.250,0.582,60,E,122,S,,,284633,267.44,0
558,1371.880,"Mount",-0.339,0.312,-0.442,-0.131,-0.296,0.000,71,E,0,,,,275416,216.65,0
559,1374.384,"Mount",-0.238,0.338,-0.362,-0.200,-0.249,0.000,60,E,0,,,,295894,245.44,0
560,1376.929,"Mount",-0.220,0.270,-0.316,-0.146,-0.217,0.000,52,E,0,,,,269636,241.92,0
561,1379.256,"Mount",-0.387,-0.031,-0.334,0.198,-0.226,0.000,55,E,0,,,,244458,227.44,0
562,1381.672,"Mount",0.138,-0.255,0.236,0.168,0.133,0.000,32,W,0,,,,262879,230.13,0
563,1384.064,"Mount",0.124,-0.426,0.298,0.329,0.197,0.329,48,W,69,S,,,267018,242.60,0
564,1386.488,"Mount",0.407,-0.036,0.381,-0.147,0.254,0.000,61,W,0,,,,248326,211.87,0
565,1388.832,"Mount",-0.179,0.050,-0.183,0.033,-0.097,0.000,23,E,0,,,,274772,234.35,0
566,1391.288,"Mount",0.121,-0.069,0.138,0.009,0.080,0.000,19,W,0,,,,278948,233.03,0
567,1393.536,"Mount",-0.192,0.313,-0.310,-0.197,-0.189,0.000,46,E,0,,,,267125,256.21,0
568,1396.000,"Mount",-0.236,0.405,-0.390,-0.261,-0.259,0.000,63,E,0,,,,305287,280.71,0
569,1398.344,"Mount",-0.302,0.169,-0.346,-0.019,-0.236,0.000,57,E,0,,,,291490,271.27,0
570,1400.856,"Mount",-0.240,0.088,-0.254,0.026,-0.177,0.000,43,E,0,,,,262702,232.27,0
571,1403.128,"Mount",-0.085,0.257,-0.190,-0.193,-0.132,0.000,32,E,0,,,,306191,262.79,0
572,1405.577,"Mount",0.325,-0.025,0.304,-0.120,0.182,0.000,44,W,0,,,,263707,241.20,0
573,1407.832,"Mount",0.176,-0.072,0.190,-0.013,0.132,0.000,32,W,0,,,,287215,263.65,0
574,1410.265,"Mount",-0.200,0.124,-0.234,-0.024,-0.138,0.000,33,E,0,,,,292529,267.67,0
575,1412.603,"Mount",-0.274,0.224,-0.344,-0.081,-0.227,0.000,55,E,0,,,,286312,234.38,0
576,1415.152,"Mount",-0.144,0.143,-0.192,-0.065,-0.137,0.000,33,E,0,,,,276796,240.17,0
577,1417.384,"Mount",-0.179,-0.084,-0.124,0.154,0.000,0.000,0,,0,,,,275091,227.87,0
578,1419.936,"Mount",-0.423,0.111,-0.428,0.086,-0.270,0.000,65,E,0,,,,247476,212.25,0
579,1422.265,"Mount",-0.501,0.201,-0.538,0.039,-0.358,0.000,87,E,0,,,,249235,235.48,0
580,1424.736,"Mount",-0.446,0.110,-0.449,0.097,-0.308,0.000,74,E,0,,,,251762,216.39,0
581,1427.072,"Mount",-0.228,-0.205,-0.114,0.284,0.000,0.284,0,,60,S,,,247488,229.37,0
582,1429.592,"Mount",-0.305,-0.168,-0.200,0.285,-0.126,0.285,31,E,60,S,,,236397,201.20,0
583,1431.790,"Mount",0.043,0.135,-0.021,-0.140,0.000,0.000,0,,0,,,,243834,220.82,0
584,1434.455,"Mount",-0.335,0.255,-0.413,-0.082,-0.260,0.000,63,E,0,,,,255159,208.19,0
585,1436.834,"Mount",-0.120,0.541,-0.346,-0.433,-0.236,0.000,57,E,0,,,,253267,221.78,0
586,1439.232,"Mount",-0.179,0.126,-0.216,-0.035,-0.153,0.000,37,E,0,,,,254388,231.91,0
587,1441.513,"Mount",-0.116,0.216,-0.199,-0.143,-0.136,0.000,33,E,0,,,,271834,231.72,0
588,1443.920,"Mount",0.299,0.104,0.223,-0.225,0.131,0.000,32,W,0,,,,267234,221.63,0
589,1446.224,"Mount",0.456,0.052,0.387,-0.247,0.253,0.000,61,W,0,,,,246184,237.52,0
590,1448.595,"Mount",0.243,0.225,0.120,-0.308,0.000,0.000,0,,0,,,,258802,218.47,0
591,1450.959,"Mount",0.215,0.080,0.158,-0.166,0.099,0.000,24,W,0,,,,276126,268.42,0
592,1454.848,"Mount",-0.113,0.420,-0.286,-0.328,-0.173,-0.328,42,E,1358,N,,,257877,218.57,0
593,1457.233,"Mount",-0.367,0.322,-0.471,-0.128,-0.309,0.000,75,E,0,,,,225561,222.91,0
594,1459.704,"Mount",-0.460,0.362,-0.572,-0.124,-0.382,0.000,92,E,0,,,,214856,191.54,0
595,1462.184,"Mount",-0.465,0.454,-0.617,-0.204,-0.415,-0.204,100,E,43,N,,,216039,195.82,0
596,1464.660,"Mount",-0.160,0.082,-0.180,-0.003,-0.142,0.000,34,E,0,,,,192059,193.30,0
597,1466.921,"Mount",-0.097,-0.023,-0.077,0.063,0.000,0.000,0,,0,,,,217128,195.41,0
598,1469.376,"Mount",0.318,0.009,0.282,-0.148,0.177,0.000,43,W,0,,,,244557,226.96,0
599,1471.696,"Mount",0.413,-0.193,0.456,-0.008,0.300,0.000,72,W,0,,,,224100,203.96,0
600,1474.136,"Mount",-0.198,-0.073,-0.146,0.153,-0.071,0.000,17,E,0,,,,217560,217.22,0
601,1476.406,"Mount",-0.136,-0.261,-0.008,0.294,0.000,0.000,0,,0,,,,192760,174.30,0
602,1478.858,"Mount",-0.358,-0.180,-0.243,0.319,-0.153,0.000,37,E,0,,,,179900,185.32,0
603,1481.084,"Mount",-0.184,-0.174,-0.089,0.236,0.000,0.000,0,,0,,,,207099,194.55,0
604,1484.928,"Mount",-0.399,-0.095,-0.317,0.260,-0.200,0.260,48,E,1379,S,,,211338,210.93,0
605,1487.419,"Mount",-0.413,-0.224,-0.273,0.383,-0.186,0.383,45,E,80,S,,,191751,167.41,0
606,1489.796,"Mount",0.115,0.033,0.089,-0.081,0.000,0.000,0,,0,,,,138358,159.03,0
607,1492.052,"Mount",0.036,0.107,-0.015,-0.111,0.000,0.000,0,,0,,,,151196,145.20,0
608,1494.590,"Mount",0.388,-0.149,0.414,-0.037,0.261,0.000,63,W,0,,,,148886,157.68,0
609,1497.044,"Mount",-0.057,-0.416,0.132,0.399,0.101,0.399,24,W,84,S,,,157782,184.20,0
610,1499.513,"Mount",-0.282,0.102,-0.298,0.033,-0.181,0.000,44,E,0,,,,128162,148.38,0
611,1501.826,"Mount",-0.494,0.020,-0.453,0.198,-0.298,0.000,72,E,0,,,,130457,141.91,0
612,1504.218,"Mount",0.093,0.174,0.008,-0.197,0.000,0.000,0,,0,,,,188264,192.91,0
613,1506.472,"Mount",0.248,0.140,0.162,-0.235,0.102,0.000,25,W,0,,,,228394,204.38,0
614,1508.921,"Mount",-0.011,0.021,-0.020,-0.014,0.000,0.000,0,,0,,,,241227,245.13,0
615,1511.130,"Mount",0.143,0.272,0.009,-0.307,0.000,0.000,0,,0,,,,228988,206.17,0
616,1513.577,"Mount",0.373,0.013,0.330,-0.175,0.208,0.000,50,W,0,,,,197065,200.01,0
617,1515.960,"Mount",0.241,-0.022,0.226,-0.086,0.157,0.000,38,W,0,,,,175518,185.82,0
618,1518.408,"Mount",-0.378,0.287,-0.466,-0.092,-0.282,0.000,68,E,0,,,,175263,175.07,0
619,1520.756,"Mount",-0.370,0.345,-0.483,-0.148,-0.324,0.000,78,E,0,,,,182436,156.30,0
620,1523.248,"Mount",-0.267,0.342,-0.390,-0.190,-0.268,0.000,65,E,0,,,,176354,193.23,0
621,1527.201,"Mount",-0.477,0.868,-0.809,-0.571,-0.529,-0.571,128,E,1444,N,,,172759,168.80,0
622,1530.030,"Mount",-0.647,0.137,-0.642,0.161,-0.441,0.000,107,E,0,,,,169444,193.65,0
623,1532.376,"Mount",0.078,-0.668,0.363,0.566,0.198,0.000,48,W,0,,,,138271,158.16,0
624,1535.040,"Mount",1.021,-0.458,1.119,-0.037,0.719,0.000,174,W,0,,,,176142,209.23,0
625,1537.496,"Mount",0.843,-0.216,0.852,-0.176,0.587,0.000,142,W,0,,,,183415,162.55,0
626,1539.880,"Mount",-0.395,-0.292,-0.226,0.436,-0.102,0.000,25,E,0,,,,134499,154.83,0
627,1544.096,"Mount",-1.283,-0.151,-1.086,0.699,-0.691,0.699,167,E,1471,S,,,117190,142.52,0
628,1546.547,"Mount",0.183,-0.065,0.193,-0.022,0.073,0.000,18,W,0,,,,128109,148.66,0
629,1548.944,"Mount",-0.230,-0.335,-0.060,0.402,0.000,0.402,0,,84,S,,,143921,161.99,0
630,1551.408,"Mount",-0.359,0.267,-0.440,-0.083,-0.277,0.000,67,E,0,,,,162899,167.12,0
631,1553.785,"Mount",-0.239,-0.020,-0.206,0.123,-0.149,0.000,36,E,0,,,,161987,171.55,0
632,1556.400,"Mount",-0.014,-0.410,0.167,0.374,0.095,0.374,23,W,79,S,,,183820,184.66,0
633,1558.774,"Mount",-0.079,-0.186,0.011,0.202,0.000,0.202,0,,42,S,,,171437,176.79,0
634,1561.116,"Mount",0.222,0.229,0.099,-0.303,0.000,0.000,0,,0,,,,175010,183.12,0
635,1563.355,"Mount",0.072,0.316,-0.074,-0.315,0.000,0.000,0,,0,,,,163481,165.05,0
636,1565.745,"Mount",-0.033,0.337,-0.178,-0.288,-0.112,0.000,27,E,0,,,,120316,137.25,0
637,1568.051,"Mount",0.004,0.303,-0.129,-0.274,0.000,0.000,0,,0,,,,135069,172.46,0
638,1570.553,"Mount",-0.253,0.228,-0.327,-0.094,-0.206,0.000,50,E,0,,,,160627,172.42,0
639,1574.280,"Mount",-0.046,0.323,-0.183,-0.270,-0.130,-0.270,31,E,1416,N,,,159112,153.84,0
640,1576.792,"Mount",-0.490,0.086,-0.478,0.138,-0.310,0.000,75,E,0,,,,178522,177.04,0
641,1579.088,"Mount",-0.234,0.012,-0.216,0.092,-0.158,0.000,38,E,0,,,,169430,175.56,0
642,1581.592,"Mount",0.369,-0.127,0.387,-0.047,0.233,0.000,56,W,0,,,,138384,157.99,0
643,1583.864,"Mount",0.089,-0.253,0.191,0.188,0.137,0.000,33,W,0,,,,112929,141.29,0
644,1586.320,"Mount",-0.503,-0.128,-0.396,0.336,-0.240,0.000,58,E,0,,,,121581,137.25,0
645,1588.801,"Mount",-0.223,-0.004,-0.199,0.102,-0.142,0.000,34,E,0,,,,169721,178.81,0
646,1591.243,"Mount",0.019,-0.058,0.043,0.043,0.000,0.000,0,,0,,,,238938,213.37,0
647,1593.472,"Mount",-0.143,0.075,-0.161,-0.005,-0.101,0.000,25,E,0,,,,218601,203.45,0
648,1595.944,"Mount",0.262,-0.245,0.343,0.105,0.209,0.000,50,W,0,,,,214454,198.64,0
649,1598.200,"Mount",-0.004,-0.334,0.143,0.302,0.105,0.000,25,W,0,,,,193782,188.61,0
650,1600.593,"Mount",0.017,-0.092,0.056,0.075,0.000,0.000,0,,0,,,,230448,212.61,0
651,1602.880,"Mount",0.151,-0.022,0.145,-0.047,0.092,0.000,22,W,0,,,,190479,184.49,0
652,1605.356,"Mount",-0.207,-0.121,-0.133,0.200,-0.077,0.000,19,E,0,,,,224427,219.05,0
653,1607.672,"Mount",-0.384,0.167,-0.418,0.018,-0.269,0.000,65,E,0,,,,243139,218.46,0
654,1610.080,"Mount",-0.250,-0.125,-0.170,0.222,-0.126,0.000,30,E,0,,,,238590,222.34,0
655,1612.480,"Mount",-0.675,0.207,-0.698,0.111,-0.448,0.000,108,E,0,,,,204860,178.99,0
656,1616.521,"Mount",-0.036,-0.426,0.155,0.399,0.066,0.399,16,W,1443,S,,,200128,193.70,0
657,1619.080,"Mount",0.976,-0.442,1.071,-0.032,0.679,0.000,164,W,0,,,,176724,178.20,0
658,1621.400,"Mount",0.331,-0.362,0.457,0.180,0.335,0.000,81,W,0,,,,162652,160.09,0
659,1624.000,"Mount",-0.070,-0.496,0.155,0.476,0.121,0.476,29,W,100,S,,,207716,215.91,0
660,1626.296,"Mount",-0.246,-0.002,-0.220,0.109,-0.130,0.000,31,E,0,,,,241233,211.27,0
661,1628.905,"Mount",-0.034,-0.634,0.247,0.585,0.147,0.585,35,W,123,S,,,252523,225.25,0
662,1631.115,"Mount",-0.010,-0.021,-0.000,0.023,0.000,0.000,0,,0,,,,242709,225.63,0
663,1633.457,"Mount",0.054,0.023,0.038,-0.044,0.000,0.000,0,,0,,,,215267,199.83,0
664,1635.680,"Mount",0.230,0.138,0.146,-0.225,0.092,0.000,22,W,0,,,,233645,194.57,0
665,1638.088,"Mount",0.405,0.122,0.310,-0.287,0.202,0.000,49,W,0,,,,238999,228.52,0
666,1640.464,"Mount",-0.078,-0.298,0.060,0.302,0.000,0.302,0,,63,S,,,210189,206.16,0
667,1642.951,"Mount",0.387,0.179,0.270,-0.330,0.170,0.000,41,W,0,,,,265498,249.15,0
668,1645.288,"Mount",0.693,-0.080,0.657,-0.233,0.426,0.000,103,W,0,,,,242020,215.79,0
669,1647.760,"Mount",0.280,-0.034,0.267,-0.092,0.198,0.000,48,W,0,,,,255972,235.90,0
670,1649.988,"Mount",0.028,-0.067,0.055,0.048,0.000,0.000,0,,0,,,,249918,237.30,0
671,1652.329,"Mount",0.049,0.184,-0.037,-0.186,0.000,0.000,0,,0,,,,242589,240.64,0
672,1654.656,"Mount",0.378,-0.248,0.449,0.057,0.283,0.000,68,W,0,,,,234156,197.26,0
673,1657.022,"Mount",-0.023,-0.080,0.015,0.082,0.000,0.000,0,,0,,,,238747,219.67,0
674,1659.344,"Mount",-0.126,0.107,-0.160,-0.040,-0.101,0.000,24,E,0,,,,217788,217.00,0
675,1661.787,"Mount",0.290,-0.266,0.378,0.112,0.231,0.000,56,W,0,,,,196460,205.04,0
676,1664.200,"Mount",0.664,-0.025,0.608,-0.269,0.399,0.000,96,W,0,,,,198572,178.41,0
677,1666.571,"Mount",-0.053,0.080,-0.083,-0.048,0.000,0.000,0,,0,,,,224410,200.38,0
678,1668.825,"Mount",-0.120,-0.115,-0.058,0.156,0.000,0.000,0,,0,,,,220543,213.71,0
679,1671.249,"Mount",-0.152,0.254,-0.249,-0.161,-0.157,0.000,38,E,0,,,,229962,224.43,0
680,1673.688,"Mount",-0.317,-0.002,-0.284,0.141,-0.190,0.000,46,E,0,,,,224663,196.85,0
681,1676.160,"Mount",-0.314,0.097,-0.325,0.050,-0.218,0.000,53,E,0,,,,193942,185.39,0
682,1678.372,"Mount",-0.069,-0.125,-0.007,0.143,0.000,0.000,0,,0,,,,225112,187.29,0
683,1680.799,"Mount",0.023,-0.195,0.106,0.166,0.000,0.000,0,,0,,,,220281,213.16,0
684,1683.089,"Mount",-0.170,-0.323,-0.011,0.365,0.000,0.365,0,,77,S,,,222571,193.64,0
685,1685.592,"Mount",0.470,-0.163,0.494,-0.060,0.311,0.000,75,W,0,,,,207298,182.03,0
686,1687.960,"Mount",0.125,-0.353,0.267,0.263,0.190,0.263,46,W,55,S,,,202672,206.00,0
687,1690.392,"Mount",-0.156,0.026,-0.152,0.045,-0.083,0.000,20,E,0,,,,194707,203.51,0
688,1692.799,"Mount",-0.217,0.231,-0.296,-0.113,-0.192,0.000,47,E,0,,,,157603,165.40,0
689,1695.225,"Mount",-0.396,-0.010,-0.351,0.183,-0.235,0.000,57,E,0,,,,204657,215.79,0
690,1697.592,"Mount",-0.412,0.007,-0.373,0.174,-0.251,0.000,61,E,0,,,,204635,174.98,0
691,1700.088,"Mount",-0.155,0.231,-0.241,-0.140,-0.169,0.000,41,E,0,,,,251296,222.56,0
692,1702.409,"Mount",-0.162,0.256,-0.258,-0.159,-0.175,0.000,42,E,0,,,,262938,216.84,0
693,1704.864,"Mount",0.183,0.019,0.156,-0.097,0.086,0.000,21,W,0,,,,238165,232.45,0
694,1707.200,"Mount",0.162,0.001,0.145,-0.072,0.097,0.000,24,W,0,,,,221673,193.17,0
695,1709.600,"Mount",-0.275,-0.002,-0.246,0.122,-0.148,0.000,36,E,0,,,,265114,214.88,0
696,1711.898,"Mount",-0.171,0.297,-0.283,-0.192,-0.189,0.000,46,E,0,,,,291060,258.73,0
697,1714.336,"Mount",-0.221,-0.017,-0.191,0.112,-0.134,0.000,32,E,0,,,,290263,265.11,0
698,1716.638,"Mount",-0.368,0.059,-0.356,0.109,-0.234,0.000,57,E,0,,,,285008,260.35,0
699,1719.096,"Mount",-0.160,-0.174,-0.068,0.226,0.000,0.226,0,,48,S,,,276099,222.86,0
700,1721.480,"Mount",-0.263,-0.178,-0.159,0.275,-0.100,0.275,24,E,58,S,,,258781,241.41,0
701,1723.960,"Mount",-0.149,0.594,-0.395,-0.468,-0.256,0.000,62,E,0,,,,249583,211.25,0
702,1727.848,"Mount",0.171,0.859,-0.223,-0.847,-0.159,-0.847,38,E,1555,N,,,260969,214.67,0
703,1730.304,"Mount",0.127,0.027,0.102,-0.080,0.000,0.000,0,,0,,,,276789,250.81,0
704,1732.537,"Mount",-0.071,-0.137,-0.004,0.154,0.000,0.000,0,,0,,,,256908,235.57,0
705,1735.072,"Mount",-0.743,-0.058,-0.642,0.378,-0.404,0.000,98,E,0,,,,282506,253.31,0
706,1737.464,"Mount",-0.416,-0.089,-0.335,0.262,-0.239,0.000,58,E,0,,,,293116,231.01,0
707,1739.969,"Mount",-0.350,0.073,-0.347,0.088,-0.235,0.000,57,E,0,,,,281815,246.41,0
708,1742.280,"Mount",-0.248,-0.125,-0.168,0.222,-0.122,0.000,30,E,0,,,,328128,251.36,0
709,1744.676,"Mount",-0.166,-0.204,-0.060,0.256,0.000,0.000,0,,0,,,,304492,263.88,0
710,1746.923,"Mount",-0.250,-0.294,-0.096,0.374,0.000,0.000,0,,0,,,,301640,254.15,0
711,1749.334,"Mount",0.076,-0.073,0.100,0.032,0.000,0.000,0,,0,,,,277524,223.43,0
712,1751.608,"Mount",-0.274,0.086,-0.285,0.043,-0.179,0.000,43,E,0,,,,252955,226.93,0
713,1754.001,"Mount",-0.093,-0.236,0.020,0.253,0.000,0.000,0,,0,,,,295999,223.35,0
714,1756.336,"Mount",-0.640,-0.049,-0.554,0.325,-0.349,0.000,84,E,0,,,,284250,247.95,0
715,1760.321,"Mount",-0.467,-0.168,-0.346,0.356,-0.242,0.356,59,E,1452,S,,,269827,234.51,0
716,1762.687,"Mount",-0.208,-0.480,0.024,0.523,0.000,0.523,0,,110,S,,,263619,251.74,0
717,1765.137,"Mount",0.018,0.435,-0.174,-0.399,-0.110,0.000,27,E,0,,,,282744,245.71,0
718,1767.385,"Mount",0.168,0.405,-0.027,-0.438,0.000,0.000,0,,0,,,,288357,248.54,0
719,1769.784,"Mount",0.262,0.199,0.148,-0.294,0.093,0.000,23,W,0,,,,272793,224.49,0
720,1772.169,"Mount",0.493,0.126,0.388,-0.330,0.251,0.000,61,W,0,,,,279566,242.88,0
721,1774.628,"Mount",0.296,0.275,0.146,-0.377,0.109,0.000,26,W,0,,,,261730,244.13,0
722,1776.879,"Mount",0.365,0.468,0.122,-0.581,0.000,0.000,0,,0,,,,302789,242.57,0
723,1780.872,"Mount",0.024,0.489,-0.193,-0.450,-0.122,-0.450,29,E,1472,N,,,245478,195.86,0
724,1783.138,"Mount",0.189,0.169,0.096,-0.235,0.000,-0.235,0,,49,N,,,264696,238.72,0
725,1785.656,"Mount",-0.228,0.275,-0.326,-0.147,-0.205,0.000,50,E,0,,,,262203,235.86,0
726,1787.960,"Mount",-0.492,-0.101,-0.398,0.306,-0.265,0.000,64,E,0,,,,264311,251.69,0
727,1790.321,"Mount",-0.027,0.003,-0.026,0.009,0.000,0.000,0,,0,,,,280871,226.02,0
728,1792.647,"Mount",0.192,-0.182,0.253,0.080,0.159,0.000,38,W,0,,,,274914,235.22,0
729,1795.193,"Mount",0.368,0.108,0.283,-0.259,0.190,-0.259,46,W,54,N,,,289953,253.94,0
730,1797.673,"Mount",-0.223,0.186,-0.282,-0.070,-0.164,0.000,40,E,0,,,,288264,248.89,0
731,1800.137,"Mount",-0.246,0.119,-0.273,0.001,-0.183,0.000,44,E,0,,,,281813,242.05,0
732,1802.368,"Mount",-0.189,0.104,-0.215,-0.011,-0.148,0.000,36,E,0,,,,236837,209.87,0
733,1804.840,"Mount",0.048,-0.407,0.222,0.345,0.129,0.000,31,W,0,,,,285574,247.56,0
734,1807.077,"Mount",-0.064,-0.090,-0.018,0.109,0.000,0.000,0,,0,,,,253132,212.99,0
735,1809.544,"Mount",-0.335,0.046,-0.321,0.105,-0.202,0.000,49,E,0,,,,248714,209.26,0
736,1811.800,"Mount",-0.247,-0.167,-0.149,0.259,-0.108,0.000,26,E,0,,,,255190,236.43,0
737,1814.264,"Mount",0.408,-0.267,0.483,0.061,0.297,0.000,72,W,0,,,,272198,220.41,0
738,1816.751,"Mount",0.105,-0.691,0.397,0.575,0.271,0.000,65,W,0,,,,288102,254.97,0
739,1819.110,"Mount",-0.013,-0.013,-0.006,0.017,0.000,0.000,0,,0,,,,249614,214.82,0
740,1822.832,"Mount",-0.088,-0.313,0.059,0.320,0.000,0.320,0,,1444,S,,,253372,210.37,0
741,1825.240,"Mount",-0.235,-0.039,-0.195,0.138,-0.123,0.000,30,E,0,,,,267926,246.54,0
742,1827.544,"Mount",-0.137,0.027,-0.135,0.036,-0.094,0.000,23,E,0,,,,295546,242.24,0
743,1829.984,"Mount",-0.290,-0.007,-0.257,0.134,-0.168,0.000,41,E,0,,,,261379,244.85,0
744,1832.188,"Mount",-0.005,0.022,-0.015,-0.017,0.000,0.000,0,,0,,,,317917,263.90,0
745,1834.752,"Mount",0.012,-0.485,0.224,0.431,0.141,0.431,34,W,90,S,,,283684,217.75,0
746,1837.312,"Mount",0.383,-0.655,0.632,0.420,0.408,0.420,99,W,88,S,,,295622,237.34,0
747,1839.735,"Mount",-0.039,0.110,-0.083,-0.082,0.000,0.000,0,,0,,,,292263,219.40,0
748,1842.032,"Mount",0.565,0.097,0.465,-0.335,0.293,0.000,71,W,0,,,,270763,225.71,0
749,1844.483,"Mount",0.241,0.156,0.149,-0.246,0.114,0.000,28,W,0,,,,277750,248.70,0
750,1846.777,"Mount",-0.200,0.447,-0.376,-0.314,-0.229,0.000,55,E,0,,,,273197,254.96,0
751,1849.256,"Mount",-0.190,0.455,-0.370,-0.326,-0.249,0.000,60,E,0,,,,257898,230.07,0
752,1851.584,"Mount",-0.477,0.316,-0.567,-0.075,-0.375,0.000,91,E,0,,,,270608,231.52,0
753,1854.039,"Mount",0.200,0.242,0.074,-0.305,0.000,0.000,0,,0,,,,299301,252.09,0
754,1856.260,"Mount",0.126,0.322,-0.028,-0.345,0.000,0.000,0,,0,,,,271561,231.72,0
755,1858.638,"Mount",0.017,-0.048,0.036,0.036,0.000,0.000,0,,0,,,,299045,257.93,0
756,1860.948,"Mount",0.103,0.252,-0.018,-0.271,0.000,0.000,0,,0,,,,270518,223.65,0
757,1863.417,"Mount",0.008,0.368,-0.155,-0.334,-0.097,0.000,24,E,0,,,,254853,232.20,0
758,1867.170,"Mount",0.013,0.451,-0.186,-0.411,-0.124,-0.411,30,E,1463,N,,,260644,242.03,0
759,1869.673,"Mount",-0.652,0.169,-0.660,0.134,-0.424,0.000,103,E,0,,,,283582,261.72,0
760,1872.032,"Mount",-0.611,-0.128,-0.493,0.384,-0.340,0.000,82,E,0,,,,277982,246.67,0
761,1874.449,"Mount",-0.427,-0.212,-0.290,0.378,-0.207,0.000,50,E,0,,,,279844,224.80,0
762,1876.722,"Mount",0.066,-0.140,0.121,0.096,0.000,0.000,0,,0,,,,268699,231.70,0
763,1879.208,"Mount",-0.278,-0.164,-0.178,0.269,-0.112,0.000,27,E,0,,,,251784,226.85,0
764,1881.569,"Mount",0.301,-0.502,0.491,0.319,0.301,0.000,73,W,0,,,,293979,252.10,0
765,1884.065,"Mount",-0.281,-0.159,-0.183,0.266,-0.094,0.000,23,E,0,,,,258959,210.49,0
INFO: SET LOCK POSITION, new lock pos = 1078.721, 479.342
INFO: DITHER by 0.394, -3.577, new lock pos = 1080.644, 482.383
INFO: SETTLING STATE CHANGE, Settling started
766,1887.824,"Mount",-0.142,-0.332,0.018,0.360,0.000,0.360,0,,1453,S,,,265924,244.77,0
767,1891.919,"Mount",-1.923,-3.041,-0.394,3.577,-0.394,3.577,95,E,751,S,,,281472,218.08,0
768,1895.881,"Mount",0.467,0.601,0.156,-0.745,0.098,-0.745,24,W,1534,N,,,291151,258.92,0
769,1898.361,"Mount",0.698,0.560,0.381,-0.810,0.247,-0.810,60,W,170,N,,,265538,240.43,0
770,1900.754,"Mount",0.187,0.128,0.112,-0.197,0.000,0.000,0,,0,,,,254702,241.59,0
771,1903.000,"Mount",0.044,0.301,-0.092,-0.289,0.000,-0.289,0,,61,N,,,264731,230.26,0
INFO: SETTLING STATE CHANGE, Settling complete
772,1905.528,"Mount",-0.207,0.370,-0.348,-0.242,-0.219,-0.242,53,E,51,N,,,283481,222.56,0
Guiding Ends at 2026-09-06 04:04:08

Guiding Begins at 2026-09-06 04:07:11
Equipment Profile = SW4P_EVO
Dither = both axes, Dither scale = 1.000, Image noise reduction = 2x2 mean, Guide-frame time lapse = 0, Server enabled
Pixel scale = 2.91 arc-sec/px, Binning = 1, Focal length = 266 mm
Search region = 15 px, Star mass tolerance = 50.0%, Multi-star mode, list size = 12
 Camera = ZWO ASI120MM Mini (ASCOM), full size = 1280 x 960, have dark, dark dur = 2000, no defect map, pixel size = 3.8 um
Exposure = 2000 ms
Mount = GPUSB, connected, guiding enabled, AuxMount=CPWI_ASCOM_Telescope, xAngle = -26.0, xRate = 4.137, yAngle = -116.0, yRate = 4.762, parity = +/-
Norm rates RA = 13.1"/s @ dec 0, Dec = 13.8"/s; ortho.err. = 0.0 deg
X guide algorithm = Hysteresis, Hysteresis = 0.100, Aggression = 0.700, Minimum move = 0.130
Y guide algorithm = Resist Switch, Minimum move = 0.200 Aggression = 100% FastSwitch = enabled
Backlash comp = enabled, pulse = 1411 ms
Max RA duration = 2500, Max DEC duration = 2500, DEC guide mode = Auto
RA Guide Speed = 14.9 a-s/s, Dec Guide Speed = 14.9 a-s/s, Cal Dec = -0.0, Last Cal Issue = None, Timestamp = 31/08/2026 21:19:06
RA = 20.01 hr, Dec = 22.9 deg, Hour angle = 5.89 hr, Pier side = East, Rotator pos = N/A, Alt = 16.4 deg, Az = 286.3 deg
Lock position = 964.219, 217.329, Star position = 964.219, 217.329, HFD = 3.68 px
Frame,Time,mount,dx,dy,RARawDistance,DECRawDistance,RAGuideDistance,DECGuideDistance,RADuration,RADirection,DECDuration,DECDirection,XStep,YStep,StarMass,SNR,ErrorCode
INFO: SETTLING STATE CHANGE, Settling started
1,2.700,"Mount",0.161,0.052,0.122,-0.117,0.000,0.000,0,,0,,,,1012807,541.70,0
2,4.919,"Mount",0.285,-0.001,0.256,-0.124,0.161,0.000,39,W,0,,,,957033,494.69,0
3,7.391,"Mount",-0.195,0.083,-0.212,0.011,-0.122,0.000,30,E,0,,,,944908,509.82,0
4,9.695,"Mount",-0.387,0.151,-0.413,0.034,-0.269,0.000,65,E,0,,,,943745,530.87,0
5,12.168,"Mount",-0.602,0.155,-0.609,0.125,-0.402,0.000,97,E,0,,,,868663,482.45,0
INFO: SETTLING STATE CHANGE, Settling complete
6,14.357,"Mount",0.029,-0.164,0.098,0.134,0.000,0.000,0,,0,,,,882927,475.71,0
7,16.831,"Mount",-0.271,-0.196,-0.158,0.295,-0.099,0.000,24,E,0,,,,935418,521.85,0
8,19.334,"Mount",-0.621,-0.517,-0.332,0.737,-0.216,0.737,52,E,155,S,,,876495,479.37,0
9,21.870,"Mount",0.172,-0.334,0.301,0.224,0.174,0.224,42,W,47,S,,,913315,479.16,0
10,24.351,"Mount",0.496,-0.603,0.710,0.325,0.460,0.325,111,W,68,S,,,942328,544.38,0
11,26.881,"Mount",0.146,-0.051,0.154,-0.018,0.129,0.000,31,W,0,,,,862636,485.07,0
12,29.318,"Mount",-0.394,-0.182,-0.274,0.336,-0.163,0.336,39,E,71,S,,,913673,461.78,0
13,31.799,"Mount",-0.459,0.123,-0.466,0.091,-0.305,0.000,74,E,0,,,,958155,565.31,0
14,34.319,"Mount",-0.590,0.230,-0.631,0.053,-0.419,0.000,101,E,0,,,,963079,522.04,0
15,37.167,"Mount",-0.352,-0.176,-0.239,0.312,-0.180,0.312,43,E,66,S,,,1012407,557.10,0
16,39.638,"Mount",-0.411,-0.184,-0.288,0.346,-0.194,0.346,47,E,73,S,,,982400,524.55,0
17,42.327,"Mount",0.383,-0.635,0.623,0.402,0.379,0.402,92,W,84,S,,,1019041,556.10,0
18,44.759,"Mount",0.202,-0.408,0.360,0.278,0.253,0.278,61,W,58,S,,,928827,523.83,0
19,47.510,"Mount",0.418,-0.430,0.564,0.203,0.373,0.203,90,W,43,S,,,938715,534.94,0
20,49.871,"Mount",0.100,-0.241,0.195,0.173,0.149,0.000,36,W,0,,,,972187,493.51,0
21,52.498,"Mount",-0.635,-0.224,-0.473,0.480,-0.287,0.480,69,E,101,S,,,966349,524.77,0
22,54.926,"Mount",-0.378,-0.179,-0.262,0.326,-0.185,0.326,45,E,69,S,,,910009,488.71,0
23,57.434,"Mount",-0.312,-0.087,-0.242,0.215,-0.165,0.215,40,E,45,S,,,950784,532.50,0
24,59.718,"Mount",-0.031,-0.217,0.067,0.208,0.000,0.208,0,,44,S,,,950703,474.68,0
25,62.278,"Mount",-0.412,-0.305,-0.236,0.455,-0.149,0.455,36,E,96,S,,,936931,485.54,0
26,64.747,"Mount",-0.163,-0.274,-0.026,0.318,0.000,0.318,0,,67,S,,,983279,490.81,0
27,67.193,"Mount",-0.024,-0.069,0.009,0.072,0.000,0.000,0,,0,,,,979784,503.81,0
28,69.381,"Mount",0.059,-0.080,0.087,0.046,0.000,0.000,0,,0,,,,968681,511.88,0
29,71.791,"Mount",-0.217,0.089,-0.234,0.016,-0.147,0.000,36,E,0,,,,949087,503.94,0
30,74.151,"Mount",-0.404,-0.182,-0.283,0.340,-0.189,0.340,46,E,71,S,,,932658,512.06,0
31,76.726,"Mount",-0.477,-0.103,-0.383,0.301,-0.255,0.301,62,E,63,S,,,1059548,550.73,0
32,78.925,"Mount",-0.096,-0.105,-0.040,0.137,0.000,0.000,0,,0,,,,937843,528.22,0
33,81.383,"Mount",-0.146,-0.220,-0.035,0.262,0.000,0.262,0,,55,S,,,937167,493.81,0
34,83.814,"Mount",-0.483,-0.289,-0.307,0.472,-0.194,0.472,47,E,99,S,,,877878,502.73,0
35,86.239,"Mount",-0.195,-0.209,-0.083,0.274,0.000,0.274,0,,57,S,,,941819,499.44,0
36,88.685,"Mount",0.167,-0.319,0.290,0.214,0.183,0.214,44,W,45,S,,,965591,528.10,0
37,91.048,"Mount",0.061,-0.079,0.090,0.044,0.000,0.000,0,,0,,,,907268,532.74,0
38,93.318,"Mount",-0.224,-0.167,-0.128,0.249,0.000,0.249,0,,52,S,,,936518,493.77,0
39,95.847,"Mount",-0.438,-0.189,-0.311,0.362,-0.196,0.362,47,E,76,S,,,944910,512.50,0
40,98.249,"Mount",-0.473,-0.034,-0.410,0.238,-0.272,0.238,66,E,50,S,,,981904,555.83,0
41,100.888,"Mount",-0.279,-0.441,-0.057,0.518,0.000,0.518,0,,109,S,,,960276,510.87,0
42,103.159,"Mount",-0.224,0.212,-0.294,-0.092,-0.185,0.000,45,E,0,,,,1024941,539.03,0
43,105.503,"Mount",0.171,0.188,0.072,-0.244,0.000,0.000,0,,0,,,,973378,540.79,0
44,107.699,"Mount",0.040,0.160,-0.034,-0.161,0.000,0.000,0,,0,,,,910947,492.39,0
45,110.223,"Mount",0.676,-0.260,0.722,-0.063,0.455,0.000,110,W,0,,,,1027666,525.16,0
46,112.479,"Mount",-0.131,0.191,-0.201,-0.114,-0.095,0.000,23,E,0,,,,946839,498.20,0
47,114.961,"Mount",-0.195,0.235,-0.279,-0.126,-0.182,0.000,44,E,0,,,,1008989,590.60,0
48,117.367,"Mount",-0.520,0.255,-0.579,-0.001,-0.378,0.000,91,E,0,,,,995212,554.61,0
49,120.095,"Mount",-0.297,-0.134,-0.208,0.251,-0.158,0.251,38,E,53,S,,,937209,522.99,0
50,122.274,"Mount",-0.026,0.058,-0.049,-0.041,0.000,0.000,0,,0,,,,973421,511.03,0
51,124.767,"Mount",0.124,-0.160,0.182,0.089,0.115,0.000,28,W,0,,,,879034,478.59,0
52,127.071,"Mount",0.415,-0.079,0.407,-0.111,0.265,0.000,64,W,0,,,,930202,481.42,0
53,129.430,"Mount",0.092,0.039,0.065,-0.075,0.000,0.000,0,,0,,,,972090,532.14,0
54,131.775,"Mount",0.796,-0.091,0.755,-0.267,0.476,0.000,115,W,0,,,,1040854,566.97,0
55,134.183,"Mount",0.264,0.012,0.232,-0.126,0.179,0.000,43,W,0,,,,909120,445.56,0
56,136.432,"Mount",0.138,0.308,-0.011,-0.338,0.000,0.000,0,,0,,,,985944,558.00,0
57,138.839,"Mount",-0.050,0.353,-0.200,-0.296,-0.126,0.000,30,E,0,,,,938134,506.47,0
58,142.702,"Mount",-0.099,0.272,-0.208,-0.201,-0.140,-0.201,34,E,1453,N,,,907965,530.62,0
59,145.143,"Mount",-0.078,0.254,-0.182,-0.194,-0.124,0.000,30,E,0,,,,945092,496.34,0
60,147.355,"Mount",-0.006,0.050,-0.027,-0.042,0.000,0.000,0,,0,,,,1021877,544.99,0
61,149.783,"Mount",0.163,-0.264,0.262,0.166,0.165,0.000,40,W,0,,,,923029,507.43,0
62,152.120,"Mount",0.097,-0.182,0.167,0.121,0.117,0.000,28,W,0,,,,996617,474.98,0
63,154.611,"Mount",0.472,-0.118,0.476,-0.101,0.308,0.000,74,W,0,,,,1018669,521.31,0
64,156.911,"Mount",0.167,-0.185,0.231,0.093,0.167,0.000,40,W,0,,,,988525,536.83,0
65,159.391,"Mount",-0.346,0.220,-0.408,-0.045,-0.245,0.000,59,E,0,,,,939782,516.56,0
66,161.743,"Mount",-0.360,-0.084,-0.286,0.234,-0.197,0.000,48,E,0,,,,949861,533.81,0
67,164.167,"Mount",0.311,-0.093,0.321,-0.053,0.188,0.000,45,W,0,,,,965303,505.92,0
68,166.463,"Mount",-0.217,-0.049,-0.174,0.140,-0.096,0.000,23,E,0,,,,928712,537.80,0
69,168.895,"Mount",0.082,-0.212,0.167,0.154,0.098,0.000,24,W,0,,,,977056,530.85,0
70,171.121,"Mount",-0.063,-0.277,0.065,0.277,0.000,0.000,0,,0,,,,942285,536.62,0
71,175.039,"Mount",0.214,-0.332,0.338,0.204,0.213,0.204,52,W,1454,S,,,921002,505.15,0
72,177.343,"Mount",0.180,-0.289,0.289,0.181,0.197,0.000,48,W,0,,,,928784,480.86,0
73,179.791,"Mount",-0.289,0.350,-0.413,-0.188,-0.246,0.000,60,E,0,,,,1029703,544.82,0
74,182.251,"Mount",0.194,0.278,0.053,-0.335,0.000,0.000,0,,0,,,,975056,486.11,0
75,184.799,"Mount",-0.670,0.362,-0.761,-0.031,-0.479,0.000,116,E,0,,,,1095153,543.78,0
76,187.240,"Mount",-0.647,0.214,-0.675,0.091,-0.459,0.000,111,E,0,,,,951933,536.44,0
77,189.727,"Mount",-0.317,0.428,-0.472,-0.245,-0.330,0.000,80,E,0,,,,984491,513.78,0
78,191.959,"Mount",0.201,-0.058,0.206,-0.036,0.106,0.000,26,W,0,,,,966502,513.73,0
79,194.407,"Mount",0.299,-0.119,0.320,-0.024,0.209,0.000,51,W,0,,,,956581,499.59,0
80,196.831,"Mount",0.467,-0.358,0.577,0.116,0.378,0.000,91,W,0,,,,939816,517.36,0
81,199.175,"Mount",-0.054,0.051,-0.071,-0.022,0.000,0.000,0,,0,,,,960113,574.77,0
82,201.455,"Mount",-0.272,0.313,-0.382,-0.162,-0.241,0.000,58,E,0,,,,888350,465.26,0
83,203.911,"Mount",-0.449,0.257,-0.516,-0.034,-0.342,0.000,83,E,0,,,,1006494,512.13,0
84,206.191,"Mount",-0.180,0.446,-0.358,-0.322,-0.249,0.000,60,E,0,,,,966565,543.72,0
85,208.679,"Mount",-0.040,0.234,-0.138,-0.193,-0.105,0.000,25,E,0,,,,913269,540.13,0
86,211.047,"Mount",-0.139,0.189,-0.208,-0.109,-0.138,0.000,33,E,0,,,,1004761,523.91,0
87,213.471,"Mount",-0.186,0.352,-0.321,-0.234,-0.212,0.000,51,E,0,,,,948037,524.95,0
88,217.287,"Mount",-0.164,0.389,-0.318,-0.278,-0.215,-0.278,52,E,1469,N,,,932080,497.72,0
89,219.743,"Mount",-0.154,0.159,-0.208,-0.075,-0.146,0.000,35,E,0,,,,856767,521.02,0
90,222.095,"Mount",-0.470,0.345,-0.574,-0.104,-0.372,0.000,90,E,0,,,,877580,497.25,0
91,224.490,"Mount",-0.039,0.164,-0.107,-0.131,0.000,0.000,0,,0,,,,1021410,551.63,0
92,226.823,"Mount",-0.304,0.242,-0.379,-0.084,-0.239,0.000,58,E,0,,,,890085,482.55,0
93,229.263,"Mount",-0.402,-0.027,-0.350,0.200,-0.237,0.000,57,E,0,,,,966202,493.06,0
94,231.523,"Mount",-0.271,-0.040,-0.225,0.155,-0.159,0.000,38,E,0,,,,946968,505.81,0
95,233.945,"Mount",-0.026,-0.099,0.020,0.100,0.000,0.000,0,,0,,,,979209,502.33,0
96,236.231,"Mount",-0.260,-0.086,-0.196,0.192,-0.124,0.000,30,E,0,,,,956686,452.86,0
97,238.703,"Mount",0.196,-0.235,0.279,0.126,0.167,0.000,40,W,0,,,,913683,491.91,0
98,241.013,"Mount",-0.269,-0.290,-0.115,0.379,0.000,0.000,0,,0,,,,961477,449.80,0
99,243.487,"Mount",-0.437,0.166,-0.465,0.043,-0.293,0.000,71,E,0,,,,994415,553.22,0
100,247.319,"Mount",-0.458,-0.111,-0.363,0.301,-0.249,0.301,60,E,1474,S,,,980941,542.97,0
101,251.359,"Mount",0.272,0.855,-0.131,-0.888,-0.100,-0.888,24,E,1597,N,,,969471,515.78,0
102,253.999,"Mount",-0.426,0.501,-0.602,-0.263,-0.386,-0.263,93,E,55,N,,,893784,470.29,0
103,256.471,"Mount",0.292,0.278,0.140,-0.377,0.061,-0.377,15,W,79,N,,,1002862,517.62,0
104,259.089,"Mount",0.802,0.089,0.682,-0.432,0.434,-0.432,105,W,91,N,,,958056,511.87,0
105,261.519,"Mount",0.690,0.224,0.522,-0.504,0.359,-0.504,87,W,106,N,,,975529,548.04,0
106,263.861,"Mount",-0.044,0.082,-0.075,-0.055,0.000,0.000,0,,0,,,,931781,546.03,0
107,266.167,"Mount",-0.230,0.278,-0.329,-0.149,-0.207,0.000,50,E,0,,,,905611,529.32,0
108,268.631,"Mount",-0.365,0.117,-0.379,0.055,-0.253,0.000,61,E,0,,,,914899,549.92,0
109,270.959,"Mount",-0.277,-0.057,-0.224,0.173,-0.159,0.000,38,E,0,,,,923157,513.48,0
110,273.391,"Mount",0.076,-0.343,0.218,0.275,0.126,0.000,31,W,0,,,,926145,510.94,0
111,275.863,"Mount",0.150,-0.406,0.313,0.299,0.206,0.000,50,W,0,,,,920091,515.55,0
112,278.271,"Mount",0.152,-0.192,0.221,0.105,0.154,0.000,37,W,0,,,,1037219,525.31,0
113,280.629,"Mount",0.294,-0.387,0.434,0.219,0.284,0.000,69,W,0,,,,964039,511.31,0
114,283.137,"Mount",0.667,-0.482,0.811,0.140,0.531,0.000,128,W,0,,,,967912,524.99,0
115,285.341,"Mount",0.103,-0.073,0.125,0.021,0.000,0.000,0,,0,,,,956038,506.04,0
116,287.692,"Mount",0.107,0.034,0.081,-0.078,0.000,0.000,0,,0,,,,968170,528.92,0
117,289.959,"Mount",-0.180,0.309,-0.297,-0.198,-0.187,0.000,45,E,0,,,,908345,473.54,0
118,292.383,"Mount",-0.030,-0.193,0.058,0.187,0.000,0.000,0,,0,,,,976003,555.09,0
119,294.619,"Mount",-0.143,-0.091,-0.089,0.144,0.000,0.000,0,,0,,,,852511,481.94,0
120,298.639,"Mount",-0.303,-0.257,-0.160,0.364,-0.101,0.364,24,E,1507,S,,,970916,497.01,0
121,301.050,"Mount",-0.050,-0.145,0.019,0.152,0.000,0.000,0,,0,,,,998048,518.46,0
122,303.551,"Mount",0.021,-0.288,0.145,0.250,0.091,0.250,22,W,52,S,,,1058247,571.58,0
123,305.965,"Mount",0.027,-0.046,0.045,0.030,0.000,0.000,0,,0,,,,952498,569.31,0
124,308.295,"Mount",-0.224,-0.115,-0.151,0.201,-0.095,0.201,23,E,42,S,,,919381,512.98,0
125,310.804,"Mount",-0.097,0.054,-0.111,-0.006,0.000,0.000,0,,0,,,,1030405,550.81,0
126,313.006,"Mount",-0.100,-0.022,-0.080,0.064,0.000,0.000,0,,0,,,,994663,565.80,0
127,315.431,"Mount",0.199,-0.219,0.275,0.110,0.173,0.000,42,W,0,,,,990231,540.18,0
128,317.719,"Mount",-0.287,-0.008,-0.254,0.133,-0.148,0.000,36,E,0,,,,972348,524.69,0
129,320.239,"Mount",-0.469,0.108,-0.469,0.109,-0.306,0.000,74,E,0,,,,925314,554.89,0
130,322.561,"Mount",-0.174,-0.152,-0.090,0.213,0.000,0.213,0,,45,S,,,988504,531.27,0
131,325.071,"Mount",0.267,-0.361,0.399,0.207,0.251,0.207,61,W,44,S,,,925593,521.93,0
132,327.358,"Mount",-0.125,0.016,-0.119,0.040,0.000,0.000,0,,0,,,,873144,434.38,0
133,329.823,"Mount",-0.364,0.045,-0.347,0.119,-0.219,0.000,53,E,0,,,,927447,526.50,0
134,332.106,"Mount",-0.223,-0.001,-0.200,0.098,-0.141,0.000,34,E,0,,,,1009717,581.38,0
135,334.577,"Mount",-0.188,0.210,-0.261,-0.107,-0.174,0.000,42,E,0,,,,952927,522.74,0
136,336.927,"Mount",-0.307,-0.021,-0.267,0.153,-0.180,0.000,44,E,0,,,,1045474,491.91,0
137,339.311,"Mount",-0.118,0.151,-0.173,-0.084,-0.121,0.000,29,E,0,,,,938493,498.51,0
138,341.615,"Mount",0.101,-0.116,0.142,0.060,0.081,0.000,20,W,0,,,,988523,536.29,0
139,344.119,"Mount",0.019,-0.284,0.142,0.247,0.095,0.247,23,W,52,S,,,950623,502.25,0
140,346.562,"Mount",0.236,-0.377,0.377,0.236,0.244,0.236,59,W,49,S,,,958407,484.58,0
141,348.967,"Mount",0.102,-0.211,0.184,0.145,0.133,0.000,32,W,0,,,,898623,472.85,0
142,351.198,"Mount",-0.127,-0.028,-0.102,0.080,0.000,0.000,0,,0,,,,943645,508.02,0
143,353.639,"Mount",-0.448,0.082,-0.438,0.123,-0.276,0.000,67,E,0,,,,990638,505.67,0
144,355.935,"Mount",-0.212,0.061,-0.217,0.038,-0.156,0.000,38,E,0,,,,967122,458.39,0
145,358.679,"Mount",-0.309,-0.159,-0.208,0.278,-0.142,0.278,34,E,58,S,,,869306,530.40,0
146,361.135,"Mount",-0.274,-0.107,-0.199,0.216,-0.135,0.216,33,E,45,S,,,1012434,513.01,0
147,363.751,"Mount",-0.115,0.118,-0.155,-0.056,-0.107,0.000,26,E,0,,,,922860,479.14,0
148,366.015,"Mount",0.303,-0.019,0.281,-0.116,0.169,0.000,41,W,0,,,,907506,483.15,0
149,368.415,"Mount",0.066,-0.182,0.139,0.135,0.099,0.000,24,W,0,,,,1013235,514.71,0
150,370.895,"Mount",-0.356,-0.099,-0.277,0.245,-0.167,0.245,40,E,51,S,,,988589,546.56,0
151,373.487,"Mount",-0.362,-0.176,-0.248,0.317,-0.168,0.317,41,E,66,S,,,932250,494.54,0
152,375.783,"Mount",-0.395,0.172,-0.431,0.019,-0.283,0.000,68,E,0,,,,854458,494.99,0
153,378.239,"Mount",-0.298,0.081,-0.304,0.058,-0.211,0.000,51,E,0,,,,1006599,535.40,0
154,380.426,"Mount",0.013,0.318,-0.127,-0.291,0.000,0.000,0,,0,,,,900300,539.61,0
155,382.903,"Mount",-0.324,0.274,-0.411,-0.104,-0.259,0.000,63,E,0,,,,954916,565.02,0
156,385.343,"Mount",-0.665,0.174,-0.674,0.135,-0.443,0.000,107,E,0,,,,948175,486.49,0
157,387.783,"Mount",0.247,0.013,0.216,-0.120,0.105,0.000,25,W,0,,,,929013,516.67,0
158,390.063,"Mount",0.243,0.101,0.174,-0.197,0.117,0.000,28,W,0,,,,882977,492.59,0
159,392.511,"Mount",0.281,-0.001,0.253,-0.123,0.168,0.000,41,W,0,,,,926322,489.14,0
160,394.746,"Mount",-0.066,0.004,-0.061,0.025,0.000,0.000,0,,0,,,,972361,478.06,0
161,397.359,"Mount",-0.293,-0.181,-0.184,0.291,-0.116,0.291,28,E,61,S,,,1011907,543.99,0
162,399.650,"Mount",-0.234,0.085,-0.247,0.026,-0.164,0.000,40,E,0,,,,958004,517.77,0
163,401.995,"Mount",0.095,0.109,0.037,-0.139,0.000,0.000,0,,0,,,,1002177,479.40,0
164,404.263,"Mount",-0.101,0.215,-0.185,-0.149,-0.117,0.000,28,E,0,,,,932377,513.61,0
165,406.708,"Mount",0.106,0.089,0.056,-0.127,0.000,0.000,0,,0,,,,964169,517.39,0
166,408.881,"Mount",0.072,0.133,0.007,-0.151,0.000,0.000,0,,0,,,,999307,548.94,0
167,411.249,"Mount",0.060,0.175,-0.023,-0.184,0.000,0.000,0,,0,,,,921236,511.72,0
168,413.418,"Mount",0.099,-0.006,0.091,-0.038,0.000,0.000,0,,0,,,,926405,471.67,0
169,415.879,"Mount",-0.206,-0.304,-0.051,0.364,0.000,0.364,0,,76,S,,,937574,520.00,0
170,418.080,"Mount",-0.047,0.149,-0.108,-0.113,0.000,0.000,0,,0,,,,886200,487.90,0
171,420.505,"Mount",0.157,0.219,0.045,-0.266,0.000,0.000,0,,0,,,,1013974,505.27,0
172,422.815,"Mount",-0.295,0.428,-0.453,-0.255,-0.285,0.000,69,E,0,,,,963966,541.09,0
173,425.185,"Mount",0.111,0.048,0.079,-0.092,0.000,0.000,0,,0,,,,1005979,497.13,0
174,427.419,"Mount",0.085,0.394,-0.097,-0.391,0.000,0.000,0,,0,,,,993796,523.23,0
175,431.479,"Mount",0.682,0.276,0.492,-0.547,0.310,-0.547,75,W,1564,N,,,911142,530.87,0
176,434.015,"Mount",0.715,-0.542,0.880,0.173,0.576,0.000,139,W,0,,,,990885,581.39,0
177,436.447,"Mount",0.307,-0.263,0.391,0.101,0.287,0.000,69,W,0,,,,880750,488.40,0
178,438.811,"Mount",0.031,0.073,-0.004,-0.079,0.000,0.000,0,,0,,,,827608,472.18,0
179,441.203,"Mount",-0.339,-0.061,-0.278,0.203,-0.175,0.000,42,E,0,,,,995266,536.82,0
180,443.530,"Mount",-0.142,-0.229,-0.027,0.268,0.000,0.000,0,,0,,,,974630,548.13,0
181,445.759,"Mount",-0.061,-0.123,-0.001,0.138,0.000,0.000,0,,0,,,,906030,501.76,0
182,448.159,"Mount",-0.266,-0.188,-0.156,0.286,-0.098,0.000,24,E,0,,,,944690,528.07,0
183,450.464,"Mount",0.210,-0.219,0.285,0.105,0.173,0.000,42,W,0,,,,949803,525.76,0
184,454.375,"Mount",-0.026,-0.257,0.090,0.242,0.000,0.242,0,,1500,S,,,951950,539.49,0
185,456.783,"Mount",-0.030,-0.461,0.175,0.427,0.110,0.427,27,W,90,S,,,1049247,572.16,0
186,459.239,"Mount",0.165,-0.161,0.219,0.072,0.146,0.000,35,W,0,,,,938264,484.28,0
187,461.437,"Mount",0.185,0.163,0.095,-0.227,0.000,0.000,0,,0,,,,847222,464.92,0
188,463.959,"Mount",0.156,-0.093,0.181,0.015,0.114,0.000,28,W,0,,,,955030,508.72,0
189,466.293,"Mount",-0.123,-0.082,-0.074,0.128,0.000,0.000,0,,0,,,,958367,516.07,0
190,468.835,"Mount",-0.318,0.349,-0.439,-0.174,-0.276,0.000,67,E,0,,,,905602,523.86,0
191,471.231,"Mount",-0.486,0.021,-0.446,0.194,-0.300,0.000,73,E,0,,,,952420,539.08,0
192,473.696,"Mount",0.151,-0.230,0.237,0.140,0.128,0.000,31,W,0,,,,950228,492.06,0
193,475.994,"Mount",0.475,-0.205,0.517,-0.025,0.335,0.000,81,W,0,,,,1022173,526.16,0
194,478.484,"Mount",0.297,0.246,0.159,-0.351,0.123,0.000,30,W,0,,,,857976,492.92,0
195,480.831,"Mount",-0.231,0.279,-0.330,-0.150,-0.199,0.000,48,E,0,,,,969843,580.44,0
196,484.919,"Mount",-0.492,0.522,-0.671,-0.253,-0.437,-0.253,106,E,1502,N,,,898104,502.15,0
197,487.527,"Mount",-0.835,0.293,-0.879,0.104,-0.584,0.000,141,E,0,,,,985133,567.37,0
198,489.927,"Mount",-0.834,0.353,-0.905,0.048,-0.611,0.000,148,E,0,,,,908035,506.54,0
199,492.359,"Mount",0.317,-0.265,0.401,0.100,0.210,0.000,51,W,0,,,,885236,482.76,0
200,494.684,"Mount",0.084,-0.534,0.310,0.443,0.210,0.000,51,W,0,,,,888728,495.58,0
201,497.111,"Mount",0.066,-0.603,0.324,0.513,0.219,0.000,53,W,0,,,,889424,474.60,0
202,499.363,"Mount",-0.129,-0.444,0.079,0.455,0.000,0.000,0,,0,,,,1004865,517.11,0
203,503.495,"Mount",-0.586,-0.743,-0.200,0.925,-0.126,0.925,31,E,1643,S,,,828521,458.10,0
204,505.983,"Mount",-0.116,0.608,-0.371,-0.495,-0.243,0.000,59,E,0,,,,914009,531.94,0
205,509.983,"Mount",-0.240,0.791,-0.562,-0.605,-0.371,-0.605,90,E,1576,N,,,1085235,529.13,0
206,512.655,"Mount",-0.901,0.708,-1.120,-0.241,-0.732,-0.241,177,E,51,N,,,904355,499.11,0
207,515.063,"Mount",-0.082,0.340,-0.223,-0.269,-0.192,-0.269,46,E,56,N,,,951604,498.50,0
208,517.396,"Mount",0.007,-0.212,0.099,0.188,0.000,0.000,0,,0,,,,1005520,544.82,0
209,519.671,"Mount",0.332,-0.079,0.333,-0.075,0.210,0.000,51,W,0,,,,918431,497.38,0
210,522.119,"Mount",-0.363,0.294,-0.455,-0.105,-0.272,0.000,66,E,0,,,,970583,523.77,0
211,524.396,"Mount",-0.124,-0.065,-0.083,0.113,0.000,0.000,0,,0,,,,1103194,547.42,0
212,526.903,"Mount",-0.069,0.200,-0.150,-0.150,-0.095,0.000,23,E,0,,,,1018235,506.59,0
213,529.327,"Mount",-0.040,0.301,-0.168,-0.253,-0.112,-0.253,27,E,53,N,,,936201,518.53,0
214,531.754,"Mount",-0.406,0.220,-0.461,-0.019,-0.298,0.000,72,E,0,,,,930877,540.41,0
215,534.071,"Mount",-0.296,0.045,-0.286,0.090,-0.201,0.000,49,E,0,,,,991783,511.24,0
216,536.467,"Mount",0.040,0.088,-0.003,-0.097,0.000,0.000,0,,0,,,,979606,539.97,0
217,538.711,"Mount",-0.018,-0.216,0.079,0.202,0.000,0.000,0,,0,,,,840209,434.42,0
218,541.043,"Mount",0.061,0.068,0.025,-0.088,0.000,0.000,0,,0,,,,949404,510.58,0
219,543.557,"Mount",0.128,-0.024,0.126,-0.034,0.000,0.000,0,,0,,,,884346,461.53,0
220,545.912,"Mount",-0.284,-0.307,-0.121,0.400,0.000,0.000,0,,0,,,,925522,480.20,0
221,548.191,"Mount",-0.275,-0.117,-0.196,0.226,-0.123,0.000,30,E,0,,,,972236,445.78,0
222,550.761,"Mount",-0.340,0.207,-0.396,-0.037,-0.258,0.000,62,E,0,,,,894210,472.91,0
223,553.071,"Mount",-0.313,-0.025,-0.270,0.160,-0.188,0.000,46,E,0,,,,952657,501.53,0
224,555.452,"Mount",0.085,-0.051,0.099,0.009,0.000,0.000,0,,0,,,,844107,502.99,0
225,557.751,"Mount",0.200,-0.056,0.204,-0.037,0.129,0.000,31,W,0,,,,957424,560.30,0
226,560.223,"Mount",0.183,-0.113,0.214,0.021,0.144,0.000,35,W,0,,,,883173,497.68,0
227,562.415,"Mount",-0.180,-0.151,-0.096,0.214,0.000,0.000,0,,0,,,,991825,533.89,0
228,564.863,"Mount",-0.322,-0.186,-0.208,0.309,-0.131,0.000,32,E,0,,,,921871,530.26,0
229,568.791,"Mount",-0.419,-0.019,-0.368,0.201,-0.241,0.201,58,E,1491,S,,,895424,490.50,0
230,571.327,"Mount",-0.418,-0.207,-0.285,0.370,-0.196,0.370,47,E,78,S,,,873902,460.56,0
231,573.506,"Mount",0.013,0.060,-0.014,-0.060,0.000,0.000,0,,0,,,,862875,483.57,0
232,576.143,"Mount",-0.161,0.113,-0.194,-0.031,-0.122,0.000,30,E,0,,,,921738,497.35,0
233,578.344,"Mount",0.058,0.107,0.005,-0.122,0.000,0.000,0,,0,,,,878588,459.73,0
234,580.943,"Mount",0.019,-0.307,0.152,0.268,0.096,0.268,23,W,56,S,,,926207,517.15,0
235,583.279,"Mount",0.256,-0.401,0.406,0.248,0.262,0.248,63,W,52,S,,,882583,547.48,0
236,585.630,"Mount",0.031,-0.002,0.029,-0.012,0.000,0.000,0,,0,,,,830934,444.60,0
237,587.824,"Mount",-0.055,0.022,-0.059,0.004,0.000,0.000,0,,0,,,,872922,502.45,0
238,590.263,"Mount",-0.035,0.291,-0.159,-0.247,-0.100,0.000,24,E,0,,,,911836,502.72,0
239,592.629,"Mount",-0.309,-0.192,-0.194,0.308,-0.129,0.308,31,E,65,S,,,839626,480.86,0
240,595.097,"Mount",-0.534,0.068,-0.509,0.173,-0.330,0.000,80,E,0,,,,1013874,590.81,0
241,597.323,"Mount",-0.146,-0.004,-0.130,0.068,0.000,0.000,0,,0,,,,967210,464.52,0
242,599.840,"Mount",-0.295,-0.205,-0.175,0.313,-0.110,0.313,27,E,66,S,,,971927,516.32,0
243,602.167,"Mount",-0.104,-0.331,0.052,0.343,0.000,0.343,0,,72,S,,,938540,526.18,0
244,604.683,"Mount",0.272,-0.190,0.328,0.051,0.207,0.000,50,W,0,,,,863335,491.65,0
245,607.015,"Mount",-0.044,-0.058,-0.015,0.071,0.000,0.000,0,,0,,,,903976,565.86,0
246,609.487,"Mount",-0.403,-0.011,-0.357,0.187,-0.225,0.000,54,E,0,,,,893274,493.93,0
247,611.844,"Mount",-0.427,0.007,-0.387,0.181,-0.259,0.000,63,E,0,,,,923744,477.03,0
248,614.320,"Mount",-0.334,-0.030,-0.287,0.173,-0.199,0.000,48,E,0,,,,848362,483.81,0
249,616.691,"Mount",-0.375,0.034,-0.352,0.135,-0.236,0.000,57,E,0,,,,869649,523.00,0
250,619.129,"Mount",-0.110,0.197,-0.185,-0.128,-0.133,0.000,32,E,0,,,,985108,557.46,0
INFO: SET LOCK POSITION, new lock pos = 964.219, 217.329
INFO: DITHER by -0.379, -2.647, new lock pos = 965.040, 219.874
INFO: SETTLING STATE CHANGE, Settling started
251,622.379,"Mount",-0.821,-2.545,0.379,2.647,0.379,2.647,92,W,556,S,,,876683,507.71,0
252,624.960,"Mount",0.444,0.117,0.347,-0.300,0.219,0.000,53,W,0,,,,900934,497.48,0
253,627.147,"Mount",0.113,0.140,0.040,-0.175,0.000,0.000,0,,0,,,,1003772,556.80,0
254,629.591,"Mount",-0.395,0.284,-0.479,-0.082,-0.302,0.000,73,E,0,,,,904669,469.82,0
255,631.854,"Mount",-0.284,0.167,-0.328,-0.025,-0.228,0.000,55,E,0,,,,905555,476.85,0
256,634.295,"Mount",-0.172,0.270,-0.273,-0.168,-0.188,0.000,45,E,0,,,,805644,433.88,0
INFO: SETTLING STATE CHANGE, Settling complete
257,636.569,"Mount",0.074,0.501,-0.153,-0.482,-0.110,0.000,27,E,0,,,,899754,469.17,0
258,640.600,"Mount",-0.510,0.562,-0.705,-0.281,-0.452,-0.281,109,E,1508,N,,,979402,540.45,0
259,643.052,"Mount",-0.310,-0.366,-0.118,0.465,0.000,0.000,0,,0,,,,940118,490.54,0
260,645.299,"Mount",-0.065,0.037,-0.075,-0.004,0.000,0.000,0,,0,,,,985166,518.96,0
261,647.745,"Mount",0.183,-0.263,0.280,0.156,0.176,0.000,43,W,0,,,,876442,489.95,0
262,649.935,"Mount",-0.019,-0.110,0.032,0.107,0.000,0.000,0,,0,,,,948572,524.78,0
263,652.359,"Mount",-0.175,0.202,-0.246,-0.105,-0.155,0.000,37,E,0,,,,895751,536.78,0
264,654.665,"Mount",-0.289,0.202,-0.349,-0.055,-0.231,0.000,56,E,0,,,,874250,509.35,0
265,657.223,"Mount",-0.237,0.207,-0.303,-0.082,-0.207,0.000,50,E,0,,,,909937,509.95,0
266,659.463,"Mount",-0.252,-0.001,-0.226,0.112,-0.157,0.000,38,E,0,,,,914957,492.04,0
267,661.905,"Mount",-0.288,-0.240,-0.153,0.342,-0.108,0.000,26,E,0,,,,973566,548.60,0
268,664.207,"Mount",-0.359,0.044,-0.342,0.118,-0.223,0.000,54,E,0,,,,865727,473.61,0
269,666.708,"Mount",0.242,-0.098,0.260,-0.018,0.148,0.000,36,W,0,,,,824398,459.67,0
270,669.091,"Mount",0.183,-0.260,0.279,0.153,0.186,0.000,45,W,0,,,,831911,474.11,0
271,671.575,"Mount",-0.171,0.144,-0.217,-0.054,-0.124,0.000,30,E,0,,,,893285,448.43,0
272,673.879,"Mount",-0.386,0.147,-0.411,0.037,-0.268,0.000,65,E,0,,,,839329,468.54,0
273,676.407,"Mount",-0.403,0.203,-0.451,-0.006,-0.303,0.000,73,E,0,,,,876385,471.07,0
274,678.767,"Mount",-0.385,0.005,-0.348,0.164,-0.240,0.000,58,E,0,,,,851961,528.34,0
275,681.183,"Mount",-0.304,-0.159,-0.203,0.276,-0.145,0.000,35,E,0,,,,866564,466.95,0
276,684.999,"Mount",-0.317,-0.220,-0.188,0.337,-0.129,0.337,31,E,1520,S,,,906901,531.81,0
277,687.356,"Mount",0.091,-0.024,0.092,-0.018,0.000,0.000,0,,0,,,,903947,463.57,0
278,689.655,"Mount",0.542,-0.231,0.589,-0.030,0.371,0.000,90,W,0,,,,914567,527.96,0
279,692.088,"Mount",0.112,-0.011,0.105,-0.039,0.000,0.000,0,,0,,,,973663,494.59,0
280,694.340,"Mount",0.133,0.111,0.071,-0.158,0.000,0.000,0,,0,,,,1002541,509.95,0
281,696.807,"Mount",-0.322,0.216,-0.384,-0.053,-0.242,0.000,59,E,0,,,,898600,518.13,0
282,699.111,"Mount",-0.280,-0.062,-0.224,0.179,-0.158,0.000,38,E,0,,,,966692,447.40,0
283,701.551,"Mount",-0.141,0.224,-0.225,-0.140,-0.153,0.000,37,E,0,,,,933016,473.83,0
284,703.831,"Mount",0.121,-0.144,0.172,0.076,0.097,0.000,24,W,0,,,,870452,505.00,0
285,706.271,"Mount",0.326,-0.014,0.300,-0.130,0.196,0.000,47,W,0,,,,946877,537.13,0
286,708.600,"Mount",0.354,-0.076,0.352,-0.087,0.235,0.000,57,W,0,,,,813235,445.48,0
287,711.033,"Mount",0.098,0.132,0.030,-0.161,0.000,0.000,0,,0,,,,951376,512.77,0
288,713.295,"Mount",0.228,-0.107,0.251,-0.004,0.158,0.000,38,W,0,,,,893779,464.53,0
289,715.767,"Mount",-0.191,0.345,-0.323,-0.226,-0.192,0.000,46,E,0,,,,887009,493.07,0
290,718.139,"Mount",-0.598,0.217,-0.632,0.067,-0.412,0.000,100,E,0,,,,951576,518.58,0
291,720.633,"Mount",-0.282,0.222,-0.350,-0.076,-0.250,0.000,60,E,0,,,,1012186,547.68,0
292,723.255,"Mount",-0.416,0.149,-0.439,0.049,-0.294,0.000,71,E,0,,,,907939,517.58,0
293,725.679,"Mount",0.170,-0.253,0.264,0.153,0.146,0.000,35,W,0,,,,901281,493.07,0
294,727.910,"Mount",0.002,-0.126,0.057,0.112,0.000,0.000,0,,0,,,,916943,504.42,0
295,730.427,"Mount",0.506,-0.120,0.507,-0.114,0.319,0.000,77,W,0,,,,844461,466.99,0
296,732.815,"Mount",0.671,-0.446,0.799,0.106,0.526,0.000,127,W,0,,,,923496,494.14,0
297,735.239,"Mount",-0.211,0.058,-0.215,0.041,-0.098,0.000,24,E,0,,,,835151,442.34,0
298,737.535,"Mount",0.226,0.006,0.200,-0.104,0.119,0.000,29,W,0,,,,837281,454.12,0
299,739.967,"Mount",-0.081,0.232,-0.174,-0.173,-0.101,0.000,25,E,0,,,,929901,538.12,0
300,742.145,"Mount",0.071,0.015,0.058,-0.045,0.000,0.000,0,,0,,,,1036856,493.98,0
301,744.541,"Mount",-0.033,0.004,-0.032,0.011,0.000,0.000,0,,0,,,,979723,553.95,0
302,746.831,"Mount",-0.210,0.109,-0.237,-0.005,-0.149,0.000,36,E,0,,,,849705,509.45,0
303,749.173,"Mount",-0.010,-0.173,0.067,0.160,0.000,0.000,0,,0,,,,945664,518.42,0
304,751.551,"Mount",0.243,-0.362,0.377,0.219,0.238,0.219,57,W,46,S,,,877304,490.47,0
305,753.999,"Mount",0.096,-0.114,0.137,0.060,0.103,0.000,25,W,0,,,,935207,506.72,0
306,756.296,"Mount",0.436,-0.395,0.565,0.164,0.363,0.000,88,W,0,,,,907179,560.93,0
307,758.767,"Mount",-0.374,-0.016,-0.329,0.179,-0.182,0.000,44,E,0,,,,898072,508.33,0
308,761.247,"Mount",-0.283,0.060,-0.280,0.070,-0.189,0.000,46,E,0,,,,881048,540.43,0
309,763.815,"Mount",-0.260,-0.117,-0.183,0.219,-0.128,0.219,31,E,46,S,,,931832,511.98,0
310,766.144,"Mount",-0.065,-0.255,0.054,0.258,0.000,0.258,0,,54,S,,,899510,487.22,0
311,768.581,"Mount",0.031,0.002,0.027,-0.015,0.000,0.000,0,,0,,,,962105,483.78,0
312,770.892,"Mount",0.172,0.241,0.049,-0.292,0.000,0.000,0,,0,,,,936281,523.63,0
313,773.359,"Mount",0.102,-0.103,0.137,0.048,0.086,0.000,21,W,0,,,,940626,520.29,0
314,775.679,"Mount",0.371,0.140,0.272,-0.288,0.178,0.000,43,W,0,,,,926323,525.92,0
315,778.072,"Mount",0.082,0.168,0.000,-0.187,0.000,0.000,0,,0,,,,871104,428.48,0
316,780.481,"Mount",-0.305,0.220,-0.371,-0.064,-0.234,0.000,56,E,0,,,,866642,453.94,0
317,783.080,"Mount",-0.430,0.133,-0.445,0.069,-0.297,0.000,72,E,0,,,,863477,501.96,0
318,785.575,"Mount",-0.680,0.016,-0.619,0.284,-0.410,0.284,99,E,60,S,,,842235,443.55,0
319,788.007,"Mount",-0.263,0.101,-0.281,0.024,-0.206,0.000,50,E,0,,,,1070703,560.76,0
320,790.343,"Mount",-0.298,0.140,-0.329,0.005,-0.222,0.000,54,E,0,,,,999870,460.51,0
321,792.809,"Mount",0.361,-0.158,0.394,-0.017,0.232,0.000,56,W,0,,,,969532,528.86,0
322,795.116,"Mount",0.119,0.143,0.045,-0.180,0.000,0.000,0,,0,,,,931692,489.67,0
323,797.647,"Mount",0.528,-0.119,0.527,-0.125,0.332,0.000,80,W,0,,,,932808,523.96,0
324,799.851,"Mount",-0.031,0.009,-0.032,0.006,0.000,0.000,0,,0,,,,980399,547.55,0
325,802.319,"Mount",-0.257,0.185,-0.312,-0.053,-0.196,0.000,47,E,0,,,,904138,509.95,0
326,804.815,"Mount",-0.861,0.013,-0.780,0.366,-0.505,0.366,122,E,77,S,,,934267,548.85,0
327,807.287,"Mount",-0.168,0.129,-0.207,-0.043,-0.166,0.000,40,E,0,,,,897268,484.06,0
328,809.624,"Mount",-0.576,0.423,-0.703,-0.127,-0.454,0.000,110,E,0,,,,881009,497.98,0
329,812.071,"Mount",-0.345,-0.009,-0.306,0.159,-0.224,0.000,54,E,0,,,,927242,527.99,0
330,814.499,"Mount",-0.061,0.457,-0.255,-0.383,-0.177,0.000,43,E,0,,,,1012187,514.54,0
331,816.916,"Mount",0.178,0.195,0.074,-0.253,0.000,0.000,0,,0,,,,979413,569.96,0
332,819.199,"Mount",-0.041,0.326,-0.180,-0.275,-0.113,0.000,27,E,0,,,,984272,518.62,0
333,821.647,"Mount",-0.150,0.238,-0.239,-0.148,-0.159,0.000,38,E,0,,,,872424,495.42,0
334,825.527,"Mount",-0.479,0.634,-0.708,-0.359,-0.457,-0.359,111,E,1524,N,,,921726,512.14,0
335,828.107,"Mount",-0.727,-0.189,-0.570,0.488,-0.391,0.000,95,E,0,,,,844553,479.16,0
336,830.439,"Mount",-0.255,0.246,-0.337,-0.109,-0.240,0.000,58,E,0,,,,952424,523.18,0
337,832.839,"Mount",0.101,-0.028,0.103,-0.019,0.000,0.000,0,,0,,,,894344,535.95,0
338,835.255,"Mount",-0.328,-0.123,-0.241,0.254,-0.152,0.000,37,E,0,,,,914011,484.72,0
339,837.695,"Mount",-0.322,0.029,-0.302,0.115,-0.201,0.000,49,E,0,,,,850720,494.27,0
340,839.967,"Mount",0.026,-0.466,0.228,0.407,0.130,0.000,31,W,0,,,,1002823,544.75,0
341,842.312,"Mount",-0.031,-0.204,0.062,0.196,0.000,0.000,0,,0,,,,849277,492.50,0
342,846.071,"Mount",-0.212,-0.245,-0.083,0.314,0.000,0.314,0,,1515,S,,,902945,487.86,0
343,848.430,"Mount",0.017,0.299,-0.116,-0.276,0.000,0.000,0,,0,,,,969976,501.38,0
344,850.927,"Mount",-0.480,0.717,-0.745,-0.433,-0.470,0.000,113,E,0,,,,889783,495.19,0
345,853.447,"Mount",-0.138,0.241,-0.230,-0.156,-0.178,0.000,43,E,0,,,,864984,485.38,0
346,855.951,"Mount",-0.179,0.134,-0.219,-0.042,-0.151,0.000,36,E,0,,,,937188,495.75,0
347,858.359,"Mount",0.285,0.103,0.211,-0.218,0.122,0.000,30,W,0,,,,881505,488.05,0
348,860.751,"Mount",0.220,-0.291,0.326,0.165,0.214,0.000,52,W,0,,,,873128,506.24,0
349,863.112,"Mount",0.178,0.113,0.110,-0.180,0.000,0.000,0,,0,,,,830731,464.94,0
350,865.388,"Mount",-0.075,-0.028,-0.056,0.058,0.000,0.000,0,,0,,,,932894,518.71,0
351,867.864,"Mount",-0.467,0.259,-0.533,-0.027,-0.336,0.000,81,E,0,,,,931401,502.41,0
352,870.263,"Mount",-0.835,-0.131,-0.692,0.484,-0.460,0.000,111,E,0,,,,922165,556.70,0
353,872.743,"Mount",-0.581,0.177,-0.600,0.096,-0.410,0.000,99,E,0,,,,961256,506.05,0
354,875.063,"Mount",-0.282,0.165,-0.326,-0.024,-0.234,0.000,57,E,0,,,,857052,498.40,0
355,877.559,"Mount",0.373,0.122,0.281,-0.273,0.161,0.000,39,W,0,,,,893806,480.15,0
356,879.799,"Mount",0.361,0.047,0.303,-0.201,0.202,0.000,49,W,0,,,,860887,477.33,0
357,882.303,"Mount",0.442,-0.214,0.491,-0.002,0.323,0.000,78,W,0,,,,941021,494.52,0
358,884.679,"Mount",0.719,-0.086,0.684,-0.238,0.453,0.000,110,W,0,,,,889030,503.03,0
359,887.030,"Mount",0.142,0.002,0.127,-0.064,0.000,0.000,0,,0,,,,882854,513.61,0
360,889.289,"Mount",0.060,0.144,-0.010,-0.156,0.000,0.000,0,,0,,,,911317,529.18,0
361,891.783,"Mount",-0.807,0.155,-0.793,0.215,-0.500,0.000,121,E,0,,,,919759,565.14,0
362,894.071,"Mount",-0.383,0.003,-0.346,0.166,-0.253,0.000,61,E,0,,,,927420,535.92,0
363,896.574,"Mount",-0.258,0.054,-0.255,0.064,-0.179,0.000,43,E,0,,,,869613,455.08,0
364,898.896,"Mount",0.138,-0.080,0.160,0.011,0.088,0.000,21,W,0,,,,955098,549.50,0
365,901.328,"Mount",-0.304,0.029,-0.286,0.108,-0.174,0.000,42,E,0,,,,911051,520.73,0
366,903.858,"Mount",0.024,-0.017,0.029,0.005,0.000,0.000,0,,0,,,,956002,490.75,0
367,906.502,"Mount",0.179,-0.617,0.431,0.476,0.272,0.476,66,W,100,S,,,896019,502.88,0
368,908.856,"Mount",-0.214,-0.053,-0.169,0.142,-0.088,0.000,21,E,0,,,,920011,518.73,0
369,911.287,"Mount",-0.144,0.071,-0.161,-0.001,-0.107,0.000,26,E,0,,,,857696,455.02,0
370,913.591,"Mount",-0.303,0.219,-0.368,-0.063,-0.240,0.000,58,E,0,,,,1007913,578.45,0
371,915.951,"Mount",0.092,0.103,0.037,-0.133,0.000,0.000,0,,0,,,,880571,505.10,0
372,918.239,"Mount",-0.222,0.333,-0.345,-0.202,-0.218,0.000,53,E,0,,,,1017984,548.39,0
373,920.767,"Mount",0.176,-0.084,0.195,-0.002,0.108,0.000,26,W,0,,,,894495,513.37,0
374,923.063,"Mount",-0.298,0.049,-0.289,0.087,-0.175,0.000,42,E,0,,,,878014,510.61,0
375,925.511,"Mount",0.426,0.120,0.330,-0.295,0.196,0.000,47,W,0,,,,869027,512.44,0
376,927.824,"Mount",0.110,-0.076,0.132,0.020,0.097,0.000,23,W,0,,,,852861,487.12,0
377,930.311,"Mount",-0.453,0.053,-0.430,0.151,-0.264,0.000,64,E,0,,,,860701,480.99,0
378,932.623,"Mount",-0.407,0.195,-0.451,0.003,-0.303,0.000,73,E,0,,,,826356,491.69,0
379,935.159,"Mount",-0.402,0.078,-0.396,0.107,-0.271,0.000,65,E,0,,,,879680,488.98,0
380,937.575,"Mount",-0.901,0.154,-0.877,0.257,-0.571,0.000,138,E,0,,,,820647,458.36,0
381,939.936,"Mount",0.031,-0.071,0.059,0.050,0.000,0.000,0,,0,,,,907695,477.82,0
382,942.247,"Mount",-0.149,-0.173,-0.057,0.221,0.000,0.221,0,,46,S,,,890555,498.31,0
383,944.855,"Mount",0.288,-0.598,0.521,0.411,0.328,0.411,79,W,86,S,,,848511,463.83,0
384,947.183,"Mount",0.258,-0.147,0.296,0.019,0.210,0.000,51,W,0,,,,945630,482.34,0
385,949.711,"Mount",0.953,-0.124,0.911,-0.307,0.588,0.000,142,W,0,,,,947322,507.60,0
386,951.967,"Mount",0.178,-0.010,0.164,-0.070,0.145,0.000,35,W,0,,,,904902,526.40,0
387,954.465,"Mount",-0.361,0.341,-0.475,-0.148,-0.289,0.000,70,E,0,,,,942159,554.20,0
388,956.823,"Mount",-0.341,0.369,-0.468,-0.182,-0.315,0.000,76,E,0,,,,1005316,510.72,0
389,959.281,"Mount",-0.021,0.172,-0.094,-0.145,0.000,0.000,0,,0,,,,943758,540.21,0
390,961.583,"Mount",-0.210,0.095,-0.231,0.007,-0.145,0.000,35,E,0,,,,1013503,571.52,0
391,963.985,"Mount",0.007,0.018,-0.002,-0.019,0.000,0.000,0,,0,,,,975542,543.61,0
392,966.279,"Mount",0.272,-0.001,0.245,-0.118,0.155,0.000,37,W,0,,,,925603,535.24,0
393,968.719,"Mount",0.130,-0.112,0.166,0.044,0.115,0.000,28,W,0,,,,950640,507.50,0
394,971.095,"Mount",0.221,-0.171,0.274,0.057,0.180,0.000,44,W,0,,,,920082,483.27,0
395,973.485,"Mount",0.082,-0.027,0.086,-0.012,0.000,0.000,0,,0,,,,891551,517.91,0
396,975.783,"Mount",-0.133,0.134,-0.179,-0.062,-0.113,0.000,27,E,0,,,,901540,515.25,0
397,978.224,"Mount",-0.172,0.089,-0.194,-0.005,-0.130,0.000,31,E,0,,,,845700,449.06,0
398,980.503,"Mount",0.119,-0.016,0.114,-0.037,0.000,0.000,0,,0,,,,1017785,531.18,0
399,982.859,"Mount",-0.035,0.001,-0.031,0.015,0.000,0.000,0,,0,,,,940725,527.54,0
400,985.078,"Mount",-0.092,-0.023,-0.072,0.061,0.000,0.000,0,,0,,,,937508,507.76,0
401,987.455,"Mount",0.001,-0.157,0.070,0.140,0.000,0.000,0,,0,,,,922954,545.63,0
402,989.910,"Mount",0.383,-0.486,0.558,0.269,0.351,0.269,85,W,56,S,,,914343,503.06,0
403,992.368,"Mount",0.457,-0.106,0.458,-0.105,0.313,0.000,76,W,0,,,,880344,530.01,0
404,994.697,"Mount",0.155,-0.123,0.193,0.043,0.143,0.000,35,W,0,,,,995899,506.01,0
405,997.232,"Mount",-0.171,0.332,-0.299,-0.223,-0.178,0.000,43,E,0,,,,938360,474.79,0
406,999.406,"Mount",-0.003,-0.024,0.008,0.023,0.000,0.000,0,,0,,,,909551,502.28,0
407,1001.825,"Mount",0.091,0.340,-0.067,-0.345,0.000,0.000,0,,0,,,,891124,484.55,0
408,1004.027,"Mount",0.021,0.200,-0.069,-0.189,0.000,0.000,0,,0,,,,906914,547.12,0
409,1006.459,"Mount",0.052,0.387,-0.123,-0.370,0.000,0.000,0,,0,,,,859633,489.84,0
410,1008.676,"Mount",-0.036,0.082,-0.068,-0.057,0.000,0.000,0,,0,,,,929618,456.20,0
411,1011.343,"Mount",0.079,-0.269,0.189,0.207,0.119,0.000,29,W,0,,,,851219,463.59,0
412,1013.531,"Mount",0.007,-0.153,0.073,0.134,0.000,0.000,0,,0,,,,921347,537.98,0
413,1015.880,"Mount",0.018,-0.040,0.033,0.028,0.000,0.000,0,,0,,,,890991,506.25,0
414,1018.263,"Mount",-0.206,-0.037,-0.169,0.124,-0.107,0.000,26,E,0,,,,915659,535.12,0
415,1020.815,"Mount",-0.035,-0.293,0.097,0.278,0.000,0.278,0,,58,S,,,901805,478.97,0
416,1023.071,"Mount",-0.252,0.046,-0.247,0.069,-0.155,0.000,38,E,0,,,,934863,516.65,0
417,1025.454,"Mount",0.106,-0.074,0.128,0.020,0.000,0.000,0,,0,,,,920164,526.33,0
418,1027.670,"Mount",0.163,0.058,0.121,-0.123,0.000,0.000,0,,0,,,,908041,482.20,0
419,1029.994,"Mount",0.121,-0.031,0.123,-0.025,0.000,0.000,0,,0,,,,951499,483.22,0
420,1032.368,"Mount",0.343,-0.193,0.393,0.023,0.248,0.000,60,W,0,,,,933338,522.43,0
421,1034.880,"Mount",0.465,-0.243,0.524,0.014,0.348,0.000,84,W,0,,,,802834,477.76,0
422,1037.109,"Mount",-0.014,-0.156,0.056,0.147,0.000,0.000,0,,0,,,,968105,541.99,0
423,1039.513,"Mount",0.018,-0.070,0.046,0.055,0.000,0.000,0,,0,,,,933787,547.32,0
424,1041.677,"Mount",-0.087,-0.145,-0.015,0.168,0.000,0.000,0,,0,,,,879439,498.78,0
425,1044.111,"Mount",0.104,-0.127,0.149,0.068,0.094,0.000,23,W,0,,,,868014,520.30,0
426,1046.280,"Mount",-0.050,-0.061,-0.018,0.077,0.000,0.000,0,,0,,,,831884,455.69,0
427,1048.687,"Mount",0.105,0.053,0.071,-0.094,0.000,0.000,0,,0,,,,954713,484.42,0
428,1050.991,"Mount",-0.160,-0.327,0.000,0.364,0.000,0.364,0,,76,S,,,902159,488.05,0
429,1053.416,"Mount",0.266,-0.196,0.325,0.059,0.205,0.000,50,W,0,,,,899081,527.04,0
430,1055.808,"Mount",0.505,-0.150,0.520,-0.087,0.342,0.000,83,W,0,,,,823216,471.77,0
431,1058.207,"Mount",-0.161,0.327,-0.288,-0.223,-0.157,0.000,38,E,0,,,,860237,522.56,0
432,1060.603,"Mount",-0.405,0.319,-0.503,-0.109,-0.328,0.000,79,E,0,,,,927823,498.12,0
433,1063.111,"Mount",-0.192,0.310,-0.309,-0.195,-0.217,0.000,53,E,0,,,,920188,498.04,0
434,1065.302,"Mount",0.197,0.244,0.070,-0.305,0.000,0.000,0,,0,,,,935181,497.82,0
435,1067.664,"Mount",0.032,-0.141,0.091,0.113,0.000,0.000,0,,0,,,,844936,439.16,0
436,1069.903,"Mount",-0.196,-0.054,-0.152,0.134,-0.096,0.000,23,E,0,,,,847092,530.98,0
437,1072.296,"Mount",-0.011,0.036,-0.026,-0.028,0.000,0.000,0,,0,,,,895068,474.02,0
438,1074.676,"Mount",0.210,-0.252,0.299,0.134,0.188,0.000,45,W,0,,,,951178,483.81,0
439,1077.111,"Mount",0.103,-0.131,0.149,0.072,0.107,0.000,26,W,0,,,,900615,540.48,0
440,1079.302,"Mount",0.079,-0.063,0.099,0.022,0.000,0.000,0,,0,,,,910480,498.50,0
441,1081.759,"Mount",-0.249,0.025,-0.234,0.087,-0.148,0.000,36,E,0,,,,916193,493.67,0
442,1084.311,"Mount",-0.241,-0.020,-0.207,0.124,-0.141,0.000,34,E,0,,,,977594,516.36,0
443,1086.859,"Mount",-0.466,0.047,-0.439,0.162,-0.287,0.000,69,E,0,,,,877023,497.30,0
444,1089.175,"Mount",-0.386,0.070,-0.378,0.106,-0.258,0.000,62,E,0,,,,816300,470.84,0
445,1091.615,"Mount",-0.393,0.280,-0.476,-0.079,-0.318,0.000,77,E,0,,,,923021,524.41,0
446,1094.023,"Mount",0.107,-0.156,0.165,0.093,0.081,0.000,20,W,0,,,,818864,500.47,0
447,1096.579,"Mount",-0.123,-0.223,-0.012,0.255,0.000,0.255,0,,53,S,,,841571,445.98,0
448,1098.887,"Mount",0.343,-0.220,0.405,0.047,0.255,0.000,62,W,0,,,,963654,515.26,0
449,1101.295,"Mount",0.221,-0.032,0.213,-0.068,0.152,0.000,37,W,0,,,,817979,445.75,0
450,1103.499,"Mount",0.093,-0.020,0.093,-0.023,0.000,0.000,0,,0,,,,858483,504.04,0
451,1105.951,"Mount",-0.304,0.187,-0.355,-0.034,-0.223,0.000,54,E,0,,,,845468,517.86,0
452,1108.343,"Mount",-0.487,0.196,-0.524,0.037,-0.345,0.000,84,E,0,,,,890231,501.00,0
453,1110.943,"Mount",-0.367,-0.074,-0.297,0.227,-0.211,0.227,51,E,48,S,,,929002,509.16,0
454,1113.280,"Mount",-0.402,0.193,-0.446,0.003,-0.296,0.000,71,E,0,,,,888822,487.63,0
455,1115.608,"Mount",0.037,-0.018,0.041,-0.001,0.000,0.000,0,,0,,,,771326,465.22,0
456,1117.799,"Mount",-0.098,-0.063,-0.061,0.100,0.000,0.000,0,,0,,,,865770,491.17,0
457,1120.280,"Mount",-0.275,-0.294,-0.118,0.385,0.000,0.385,0,,81,S,,,857890,477.01,0
458,1122.572,"Mount",-0.202,0.172,-0.257,-0.066,-0.162,0.000,39,E,0,,,,994364,517.54,0
459,1125.120,"Mount",-0.324,0.237,-0.396,-0.071,-0.261,0.000,63,E,0,,,,892408,494.66,0
460,1127.383,"Mount",-0.099,0.185,-0.170,-0.123,-0.126,0.000,30,E,0,,,,819768,477.09,0
461,1129.799,"Mount",-0.018,0.492,-0.232,-0.434,-0.155,0.000,37,E,0,,,,991385,535.99,0
462,1132.160,"Mount",-0.277,0.503,-0.470,-0.331,-0.307,0.000,74,E,0,,,,834743,478.59,0
463,1134.592,"Mount",0.017,0.396,-0.159,-0.363,-0.121,0.000,29,E,0,,,,897546,487.57,0
464,1138.481,"Mount",-0.133,0.333,-0.266,-0.241,-0.176,-0.241,43,E,1500,N,,,893232,517.53,0
465,1141.073,"Mount",-0.566,-0.189,-0.425,0.418,-0.280,0.000,68,E,0,,,,834387,479.39,0
466,1143.519,"Mount",-0.245,-0.411,-0.039,0.477,0.000,0.000,0,,0,,,,888778,494.97,0
467,1146.103,"Mount",-0.468,-0.173,-0.344,0.360,-0.217,0.000,52,E,0,,,,818362,473.99,0
468,1148.400,"Mount",-0.403,0.021,-0.372,0.158,-0.249,0.000,60,E,0,,,,851487,497.71,0
469,1150.895,"Mount",-0.272,0.015,-0.251,0.106,-0.176,0.000,42,E,0,,,,881264,466.56,0
470,1153.239,"Mount",-0.481,-0.195,-0.347,0.386,-0.231,0.000,56,E,0,,,,957162,507.99,0
471,1155.581,"Mount",-0.038,-0.297,0.097,0.284,0.000,0.000,0,,0,,,,859502,431.63,0
472,1159.399,"Mount",0.114,-0.478,0.312,0.379,0.197,0.379,48,W,1504,S,,,851691,425.26,0
473,1162.239,"Mount",1.315,-1.341,1.770,0.628,1.129,0.628,273,W,132,S,,,894649,528.96,0
474,1164.599,"Mount",0.155,-0.217,0.235,0.127,0.227,0.000,55,W,0,,,,874111,507.13,0
475,1167.071,"Mount",-0.383,0.103,-0.389,0.076,-0.229,0.000,55,E,0,,,,997577,537.87,0
476,1169.681,"Mount",-1.316,-0.259,-1.068,0.810,-0.689,0.810,167,E,170,S,,,823907,463.06,0
477,1172.081,"Mount",-0.033,-0.163,0.042,0.161,0.000,0.000,0,,0,,,,976383,565.82,0
478,1174.367,"Mount",-0.158,0.104,-0.187,-0.024,-0.118,0.000,29,E,0,,,,884134,443.70,0
479,1176.795,"Mount",0.012,0.161,-0.060,-0.149,0.000,0.000,0,,0,,,,968225,541.40,0
480,1179.079,"Mount",-0.209,0.284,-0.312,-0.164,-0.197,0.000,48,E,0,,,,865230,523.34,0
481,1181.430,"Mount",0.043,0.179,-0.039,-0.180,0.000,0.000,0,,0,,,,918790,555.67,0
482,1183.832,"Mount",0.748,-0.251,0.782,-0.103,0.493,0.000,119,W,0,,,,978406,503.38,0
483,1188.047,"Mount",0.947,0.331,0.705,-0.713,0.479,-0.713,116,W,1574,N,,,854890,442.28,0
484,1190.616,"Mount",-0.549,0.266,-0.610,0.002,-0.351,0.000,85,E,0,,,,834747,451.35,0
485,1192.991,"Mount",-0.365,0.059,-0.354,0.107,-0.247,0.000,60,E,0,,,,1034138,575.78,0
486,1195.357,"Mount",-0.075,-0.231,0.034,0.241,0.000,0.000,0,,0,,,,845428,489.50,0
487,1197.739,"Mount",-0.094,0.035,-0.100,0.010,0.000,0.000,0,,0,,,,774002,487.61,0
488,1200.255,"Mount",-0.375,-0.013,-0.332,0.176,-0.209,0.000,50,E,0,,,,891431,480.70,0
489,1202.498,"Mount",-0.171,-0.259,-0.040,0.308,0.000,0.000,0,,0,,,,944905,563.92,0
490,1204.999,"Mount",0.113,-0.249,0.211,0.175,0.133,0.000,32,W,0,,,,890388,489.34,0
491,1207.307,"Mount",0.048,-0.331,0.189,0.276,0.128,0.000,31,W,0,,,,943232,514.36,0
492,1209.711,"Mount",-0.252,0.067,-0.256,0.050,-0.152,0.000,37,E,0,,,,882731,492.84,0
493,1211.999,"Mount",-0.253,0.087,-0.266,0.033,-0.178,0.000,43,E,0,,,,874518,484.22,0
494,1214.447,"Mount",-0.333,0.067,-0.328,0.085,-0.219,0.000,53,E,0,,,,894778,538.43,0
495,1216.675,"Mount",0.015,-0.136,0.073,0.116,0.000,0.000,0,,0,,,,958327,507.79,0
496,1219.167,"Mount",-0.541,0.179,-0.564,0.077,-0.355,0.000,86,E,0,,,,892977,494.03,0
497,1221.455,"Mount",-0.222,0.071,-0.230,0.034,-0.170,0.000,41,E,0,,,,895788,465.01,0
498,1223.852,"Mount",-0.140,-0.033,-0.111,0.091,0.000,0.000,0,,0,,,,807224,472.19,0
499,1226.079,"Mount",0.070,-0.179,0.141,0.130,0.089,0.000,21,W,0,,,,938321,555.68,0
500,1228.550,"Mount",-0.054,-0.130,0.009,0.141,0.000,0.000,0,,0,,,,863645,494.73,0
501,1230.919,"Mount",-0.381,-0.151,-0.276,0.303,-0.174,0.000,42,E,0,,,,822809,539.47,0
502,1233.335,"Mount",-0.292,-0.068,-0.233,0.189,-0.159,0.000,38,E,0,,,,881550,516.90,0
503,1235.648,"Mount",-0.274,-0.112,-0.197,0.221,-0.135,0.000,33,E,0,,,,905355,524.80,0
504,1239.839,"Mount",-0.405,-0.191,-0.280,0.349,-0.186,0.349,45,E,1497,S,,,777609,426.99,0
505,1242.232,"Mount",0.080,0.321,-0.069,-0.323,0.000,0.000,0,,0,,,,950117,523.92,0
INFO: SET LOCK POSITION, new lock pos = 965.040, 219.874
INFO: DITHER by 3.622, -2.904, new lock pos = 969.569, 220.894
INFO: SETTLING STATE CHANGE, Settling started
506,1246.451,"Mount",-4.529,-1.020,-3.622,2.904,-3.622,2.904,876,E,610,S,,,930107,501.46,0
507,1249.267,"Mount",1.766,-0.366,1.747,-0.446,1.101,0.000,266,W,0,,,,860012,433.91,0
508,1251.664,"Mount",1.214,-0.127,1.147,-0.419,0.799,0.000,193,W,0,,,,986945,513.75,0
509,1255.735,"Mount",-0.246,0.836,-0.588,-0.643,-0.314,-0.643,76,E,1559,N,,,888728,558.93,0
510,1258.304,"Mount",-1.003,0.677,-1.198,-0.168,-0.777,0.000,188,E,0,,,,920779,481.14,0
511,1260.681,"Mount",-0.812,0.568,-0.979,-0.154,-0.671,0.000,162,E,0,,,,888285,427.29,0
512,1263.135,"Mount",-0.178,0.261,-0.275,-0.156,-0.220,0.000,53,E,0,,,,885708,531.82,0
INFO: SETTLING STATE CHANGE, Settling complete
513,1265.400,"Mount",-0.335,0.239,-0.406,-0.068,-0.271,0.000,66,E,0,,,,828324,433.28,0
514,1267.872,"Mount",0.296,0.429,0.077,-0.515,0.000,-0.515,0,,108,N,,,840943,492.72,0
515,1270.384,"Mount",0.630,0.145,0.503,-0.407,0.317,-0.407,77,W,85,N,,,922426,500.49,0
516,1272.906,"Mount",0.391,-0.026,0.363,-0.149,0.251,0.000,61,W,0,,,,849312,442.11,0
517,1275.187,"Mount",0.177,0.083,0.123,-0.152,0.000,0.000,0,,0,,,,835417,524.86,0
518,1277.608,"Mount",-0.296,0.034,-0.281,0.099,-0.177,0.000,43,E,0,,,,835708,477.55,0
519,1279.903,"Mount",-0.302,-0.061,-0.244,0.187,-0.166,0.000,40,E,0,,,,788639,475.61,0
520,1282.270,"Mount",-0.209,-0.205,-0.098,0.276,0.000,0.000,0,,0,,,,875281,495.59,0
521,1284.544,"Mount",-0.415,-0.174,-0.297,0.338,-0.187,0.000,45,E,0,,,,979196,517.86,0
522,1287.005,"Mount",-0.429,-0.224,-0.287,0.390,-0.194,0.000,47,E,0,,,,860177,469.31,0
523,1289.249,"Mount",-0.150,-0.183,-0.055,0.230,0.000,0.000,0,,0,,,,906212,473.09,0
524,1291.638,"Mount",-0.117,-0.133,-0.046,0.171,0.000,0.000,0,,0,,,,905707,503.71,0
525,1295.431,"Mount",-0.331,-0.577,-0.044,0.664,0.000,0.664,0,,1563,S,,,867666,497.81,0
526,1297.874,"Mount",-0.200,0.322,-0.321,-0.202,-0.202,0.000,49,E,0,,,,923356,517.94,0
527,1300.070,"Mount",0.121,0.379,-0.058,-0.394,0.000,0.000,0,,0,,,,1000495,486.55,0
528,1302.528,"Mount",-0.208,0.529,-0.419,-0.384,-0.264,0.000,64,E,0,,,,821458,488.50,0
529,1304.816,"Mount",-0.050,0.411,-0.225,-0.347,-0.160,0.000,39,E,0,,,,894831,490.12,0
530,1307.250,"Mount",0.068,0.188,-0.021,-0.199,0.000,0.000,0,,0,,,,929269,509.48,0
531,1309.471,"Mount",0.172,0.051,0.133,-0.121,0.083,0.000,20,W,0,,,,905469,516.25,0
532,1312.015,"Mount",0.249,-0.048,0.245,-0.067,0.160,0.000,39,W,0,,,,880840,519.71,0
533,1314.369,"Mount",0.115,-0.182,0.183,0.113,0.126,0.000,31,W,0,,,,866420,507.45,0
534,1318.287,"Mount",-0.116,0.280,-0.227,-0.201,-0.134,-0.201,33,E,1437,N,,,1006151,550.41,0
535,1320.624,"Mount",-0.366,-0.148,-0.264,0.294,-0.176,0.000,42,E,0,,,,934166,490.90,0
536,1323.282,"Mount",-0.715,-0.246,-0.534,0.535,-0.349,0.000,84,E,0,,,,796832,485.13,0
537,1325.696,"Mount",-1.011,-0.084,-0.871,0.519,-0.573,0.000,139,E,0,,,,826831,467.02,0
538,1328.184,"Mount",-0.636,-0.131,-0.514,0.397,-0.364,0.000,88,E,0,,,,912622,492.14,0
539,1330.417,"Mount",-0.140,-0.103,-0.081,0.154,0.000,0.000,0,,0,,,,928940,515.00,0
540,1334.424,"Mount",0.350,-0.501,0.535,0.296,0.337,0.296,81,W,1440,S,,,858652,449.94,0
541,1337.271,"Mount",1.249,-1.107,1.608,0.447,1.037,0.447,251,W,94,S,,,830146,472.42,0
542,1339.759,"Mount",0.763,-0.700,0.993,0.294,0.698,0.294,169,W,62,S,,,927020,528.24,0
543,1342.248,"Mount",-0.357,0.466,-0.526,-0.262,-0.282,0.000,68,E,0,,,,830812,490.43,0
544,1344.584,"Mount",-0.591,0.159,-0.601,0.116,-0.399,0.000,96,E,0,,,,867110,507.10,0
545,1347.062,"Mount",-0.261,0.180,-0.313,-0.048,-0.225,0.000,54,E,0,,,,953541,530.06,0
546,1349.401,"Mount",-0.301,0.138,-0.331,0.008,-0.224,0.000,54,E,0,,,,783465,457.51,0
547,1351.792,"Mount",-0.029,0.120,-0.078,-0.095,0.000,0.000,0,,0,,,,886104,475.70,0
548,1354.079,"Mount",-0.149,-0.223,-0.036,0.266,0.000,0.266,0,,56,S,,,932245,488.66,0
549,1356.551,"Mount",-0.054,-0.240,0.056,0.240,0.000,0.240,0,,50,S,,,919015,531.29,0
550,1359.071,"Mount",0.169,-0.618,0.423,0.481,0.266,0.481,64,W,101,S,,,860928,486.70,0
551,1361.454,"Mount",-0.127,0.012,-0.119,0.045,0.000,0.000,0,,0,,,,855025,491.03,0
552,1363.888,"Mount",-0.299,0.261,-0.383,-0.103,-0.241,0.000,58,E,0,,,,847337,438.80,0
553,1366.384,"Mount",-0.215,0.356,-0.350,-0.226,-0.237,0.000,57,E,0,,,,933217,482.93,0
554,1368.656,"Mount",0.030,-0.191,0.111,0.158,0.000,0.000,0,,0,,,,912382,495.25,0
555,1371.168,"Mount",-0.231,-0.006,-0.205,0.107,-0.129,0.000,31,E,0,,,,882594,474.99,0
556,1373.362,"Mount",0.097,-0.075,0.120,0.025,0.000,0.000,0,,0,,,,878963,512.76,0
557,1375.784,"Mount",0.308,-0.058,0.302,-0.083,0.190,0.000,46,W,0,,,,839559,437.84,0
558,1378.121,"Mount",0.534,-0.238,0.584,-0.020,0.381,0.000,92,W,0,,,,921829,558.74,0
559,1380.494,"Mount",-0.157,-0.037,-0.124,0.102,0.000,0.000,0,,0,,,,930991,553.12,0
560,1382.699,"Mount",-0.134,-0.092,-0.080,0.141,0.000,0.000,0,,0,,,,944873,498.80,0
561,1385.224,"Mount",-0.506,0.235,-0.558,0.011,-0.351,0.000,85,E,0,,,,871150,487.62,0
562,1387.634,"Mount",-0.529,0.349,-0.629,-0.081,-0.421,0.000,102,E,0,,,,833679,462.31,0
563,1390.199,"Mount",-0.669,-0.001,-0.601,0.294,-0.408,0.294,99,E,62,S,,,976037,526.34,0
564,1392.364,"Mount",-0.006,-0.011,-0.001,0.013,0.000,0.000,0,,0,,,,850854,527.99,0
565,1394.933,"Mount",0.119,0.068,0.077,-0.113,0.000,0.000,0,,0,,,,912304,543.96,0
566,1397.246,"Mount",0.306,0.180,0.196,-0.296,0.123,0.000,30,W,0,,,,831817,472.00,0
567,1399.720,"Mount",0.245,-0.117,0.271,-0.003,0.179,0.000,43,W,0,,,,840726,519.97,0
568,1402.095,"Mount",0.159,-0.356,0.299,0.250,0.201,0.250,49,W,52,S,,,788024,484.12,0
569,1404.647,"Mount",-0.393,-0.075,-0.321,0.240,-0.188,0.240,45,E,50,S,,,912689,525.80,0
570,1406.962,"Mount",-0.100,0.276,-0.211,-0.204,-0.146,0.000,35,E,0,,,,911950,487.36,0
571,1409.376,"Mount",-0.117,0.326,-0.248,-0.242,-0.167,0.000,40,E,0,,,,807803,486.69,0
572,1411.672,"Mount",-0.286,0.372,-0.420,-0.209,-0.276,0.000,67,E,0,,,,812598,444.24,0
573,1415.607,"Mount",-0.169,0.453,-0.351,-0.333,-0.240,-0.333,58,E,1448,N,,,892804,507.58,0
574,1417.936,"Mount",-0.498,0.451,-0.646,-0.186,-0.424,0.000,102,E,0,,,,994452,551.09,0
575,1420.400,"Mount",-0.455,0.111,-0.458,0.100,-0.318,0.000,77,E,0,,,,831780,427.54,0
576,1422.603,"Mount",-0.193,-0.239,-0.068,0.299,0.000,0.000,0,,0,,,,914831,539.63,0
577,1424.967,"Mount",-0.157,-0.184,-0.060,0.234,0.000,0.000,0,,0,,,,915186,502.17,0
578,1427.337,"Mount",-0.224,-0.096,-0.159,0.184,-0.100,0.000,24,E,0,,,,812389,477.77,0
579,1429.760,"Mount",-0.238,-0.053,-0.190,0.152,-0.127,0.000,31,E,0,,,,850810,492.54,0
580,1432.096,"Mount",-0.461,0.107,-0.461,0.106,-0.299,0.000,72,E,0,,,,835558,486.69,0
581,1434.600,"Mount",-0.315,0.037,-0.299,0.105,-0.210,0.000,51,E,0,,,,862833,491.15,0
582,1436.949,"Mount",-0.315,-0.108,-0.235,0.235,-0.163,0.000,39,E,0,,,,777593,441.46,0
583,1440.831,"Mount",0.096,-0.329,0.231,0.254,0.134,0.254,32,W,1431,S,,,852688,465.99,0
584,1443.384,"Mount",0.228,-0.380,0.372,0.242,0.243,0.242,59,W,51,S,,,903208,529.28,0
585,1445.752,"Mount",0.068,-0.041,0.079,0.007,0.000,0.000,0,,0,,,,952141,521.36,0
586,1448.016,"Mount",-0.419,0.074,-0.409,0.118,-0.258,0.000,62,E,0,,,,909160,510.37,0
587,1450.512,"Mount",-0.089,0.321,-0.221,-0.250,-0.158,0.000,38,E,0,,,,845356,502.39,0
588,1452.824,"Mount",-0.354,0.228,-0.418,-0.050,-0.275,0.000,66,E,0,,,,917365,511.85,0
589,1455.336,"Mount",-0.111,0.327,-0.243,-0.245,-0.172,0.000,42,E,0,,,,974502,489.30,0
590,1457.608,"Mount",-0.306,0.155,-0.343,-0.004,-0.228,0.000,55,E,0,,,,830891,530.26,0
591,1459.973,"Mount",0.055,0.048,0.028,-0.067,0.000,0.000,0,,0,,,,978173,563.22,0
592,1462.304,"Mount",0.163,-0.066,0.176,-0.012,0.111,0.000,27,W,0,,,,923624,509.78,0
593,1464.728,"Mount",-0.169,0.143,-0.214,-0.054,-0.127,0.000,31,E,0,,,,872800,472.70,0
594,1467.040,"Mount",-0.047,-0.009,-0.039,0.028,0.000,0.000,0,,0,,,,866940,478.75,0
595,1470.999,"Mount",-0.247,0.387,-0.391,-0.240,-0.247,-0.240,60,E,1428,N,,,890110,520.47,0
596,1473.336,"Mount",-0.229,0.264,-0.322,-0.137,-0.220,0.000,53,E,0,,,,944826,559.41,0
597,1475.776,"Mount",-0.355,-0.043,-0.301,0.194,-0.205,0.000,49,E,0,,,,940838,477.68,0
598,1478.032,"Mount",-0.326,-0.049,-0.271,0.187,-0.185,0.000,45,E,0,,,,883604,480.09,0
599,1480.439,"Mount",-0.211,-0.307,-0.055,0.369,0.000,0.000,0,,0,,,,902750,513.82,0
600,1484.407,"Mount",-1.009,-1.020,-0.460,1.359,-0.290,1.359,70,E,1663,S,,,902675,507.84,0
601,1487.171,"Mount",0.246,-1.247,0.768,1.012,0.464,1.012,112,W,213,S,,,831708,501.43,0
602,1489.554,"Mount",0.297,-0.238,0.371,0.084,0.266,0.000,64,W,0,,,,918414,582.04,0
603,1493.600,"Mount",0.638,0.816,0.215,-1.014,0.154,-1.014,37,W,1591,N,,,902508,541.15,0
604,1496.209,"Mount",-0.325,0.417,-0.475,-0.232,-0.288,-0.232,70,E,49,N,,,848039,487.72,0
605,1498.874,"Mount",-0.589,1.014,-0.974,-0.653,-0.634,-0.653,153,E,137,N,,,778676,456.15,0
606,1501.456,"Mount",-0.102,0.225,-0.191,-0.157,-0.165,0.000,40,E,0,,,,917713,542.46,0
607,1503.879,"Mount",0.203,0.339,0.033,-0.394,0.000,-0.394,0,,83,N,,,847362,465.70,0
608,1506.352,"Mount",0.307,0.033,0.261,-0.165,0.165,0.000,40,W,0,,,,927004,445.43,0
609,1509.008,"Mount",0.565,0.049,0.486,-0.292,0.318,-0.292,77,W,61,N,,,831418,494.34,0
610,1511.448,"Mount",-0.351,0.141,-0.377,0.027,-0.215,0.000,52,E,0,,,,818237,442.58,0
611,1513.704,"Mount",-0.188,0.084,-0.206,0.007,-0.145,0.000,35,E,0,,,,864310,468.01,0
612,1516.152,"Mount",-0.330,0.171,-0.372,-0.009,-0.244,0.000,59,E,0,,,,775754,475.73,0
613,1518.424,"Mount",-0.185,0.117,-0.217,-0.024,-0.154,0.000,37,E,0,,,,860732,504.09,0
614,1520.976,"Mount",-0.360,0.061,-0.350,0.103,-0.231,0.000,56,E,0,,,,868886,497.78,0
615,1523.336,"Mount",-0.303,0.119,-0.324,0.026,-0.221,0.000,53,E,0,,,,842200,476.87,0
616,1525.705,"Mount",0.093,0.056,0.059,-0.092,0.000,0.000,0,,0,,,,861876,458.88,0
617,1527.898,"Mount",-0.115,-0.350,0.051,0.365,0.000,0.000,0,,0,,,,854250,453.44,0
618,1530.325,"Mount",0.008,-0.195,0.092,0.172,0.000,0.000,0,,0,,,,890463,496.40,0
619,1532.568,"Mount",-0.355,-0.320,-0.179,0.444,-0.113,0.000,27,E,0,,,,820581,455.33,0
620,1535.026,"Mount",-0.342,0.024,-0.318,0.129,-0.208,0.000,50,E,0,,,,893941,485.55,0
621,1537.316,"Mount",0.021,-0.170,0.093,0.143,0.000,0.000,0,,0,,,,894106,464.05,0
622,1539.798,"Mount",-0.122,-0.040,-0.092,0.089,0.000,0.000,0,,0,,,,925050,481.52,0
623,1542.208,"Mount",-0.494,0.047,-0.464,0.174,-0.293,0.000,71,E,0,,,,942520,540.43,0
624,1544.688,"Mount",-0.423,0.084,-0.417,0.110,-0.283,0.000,68,E,0,,,,872568,517.43,0
625,1548.401,"Mount",0.025,-0.284,0.147,0.245,0.073,0.245,18,W,1429,S,,,826978,437.46,0
626,1551.127,"Mount",0.806,-0.710,1.035,0.285,0.657,0.285,159,W,60,S,,,889669,525.04,0
627,1553.544,"Mount",0.191,-0.373,0.336,0.251,0.258,0.251,62,W,53,S,,,939536,489.39,0
628,1556.095,"Mount",-0.297,-0.301,-0.134,0.401,-0.066,0.401,16,E,84,S,,,900263,462.54,0
629,1558.472,"Mount",-0.200,0.041,-0.198,0.051,-0.129,0.000,31,E,0,,,,827594,486.71,0
630,1561.122,"Mount",-0.365,-0.137,-0.268,0.283,-0.178,0.283,43,E,59,S,,,761701,455.94,0
631,1563.471,"Mount",-0.275,-0.137,-0.187,0.243,-0.130,0.243,31,E,51,S,,,949637,543.65,0
632,1566.032,"Mount",-0.392,0.070,-0.383,0.109,-0.250,0.000,60,E,0,,,,956627,532.50,0
633,1568.448,"Mount",-0.331,-0.196,-0.212,0.321,-0.151,0.321,36,E,67,S,,,877479,501.24,0
634,1571.076,"Mount",0.120,-0.093,0.149,0.031,0.083,0.000,20,W,0,,,,848421,480.76,0
635,1573.448,"Mount",-0.061,-0.220,0.042,0.225,0.000,0.225,0,,47,S,,,888091,469.43,0
636,1575.896,"Mount",-0.373,0.243,-0.442,-0.055,-0.278,0.000,67,E,0,,,,858179,434.12,0
637,1578.225,"Mount",-0.285,0.534,-0.490,-0.355,-0.328,0.000,79,E,0,,,,937040,492.18,0
638,1580.696,"Mount",-0.452,0.185,-0.487,0.032,-0.330,0.000,80,E,0,,,,898290,510.15,0
639,1582.968,"Mount",-0.194,-0.047,-0.154,0.127,-0.120,0.000,29,E,0,,,,964099,531.23,0
640,1585.343,"Mount",-0.065,-0.017,-0.051,0.044,0.000,0.000,0,,0,,,,803886,454.43,0
641,1587.547,"Mount",0.025,-0.041,0.040,0.026,0.000,0.000,0,,0,,,,781653,432.46,0
642,1589.968,"Mount",-0.222,0.157,-0.269,-0.044,-0.169,0.000,41,E,0,,,,842292,482.10,0
643,1592.282,"Mount",0.072,-0.136,0.124,0.091,0.000,0.000,0,,0,,,,801544,454.51,0
644,1594.728,"Mount",-0.122,0.066,-0.139,-0.006,-0.087,0.000,21,E,0,,,,838919,502.93,0
645,1597.064,"Mount",-0.254,-0.361,-0.070,0.435,0.000,0.435,0,,91,S,,,836602,463.61,0
646,1599.520,"Mount",-0.131,0.252,-0.228,-0.169,-0.144,0.000,35,E,0,,,,983848,524.65,0
647,1601.733,"Mount",-0.048,-0.013,-0.038,0.033,0.000,0.000,0,,0,,,,925559,522.33,0
648,1604.184,"Mount",-0.265,0.331,-0.383,-0.181,-0.241,0.000,58,E,0,,,,820022,467.43,0
649,1606.536,"Mount",-0.161,0.281,-0.268,-0.182,-0.186,0.000,45,E,0,,,,1016479,546.52,0
650,1608.976,"Mount",-0.115,0.424,-0.289,-0.331,-0.195,0.000,47,E,0,,,,791921,454.84,0
651,1611.384,"Mount",-0.305,0.378,-0.439,-0.206,-0.290,0.000,70,E,0,,,,873124,504.11,0
652,1613.848,"Mount",0.187,-0.172,0.244,0.073,0.133,0.000,32,W,0,,,,806730,493.25,0
653,1616.195,"Mount",0.730,-0.103,0.701,-0.228,0.451,0.000,109,W,0,,,,846502,460.19,0
654,1618.595,"Mount",0.008,0.027,-0.005,-0.028,0.000,0.000,0,,0,,,,810468,468.50,0
655,1620.870,"Mount",-0.083,0.120,-0.127,-0.071,0.000,0.000,0,,0,,,,845250,457.64,0
656,1623.440,"Mount",-0.525,0.238,-0.576,0.017,-0.363,0.000,88,E,0,,,,893521,487.23,0
657,1625.792,"Mount",-0.453,0.100,-0.451,0.109,-0.309,0.000,75,E,0,,,,891514,517.90,0
658,1628.170,"Mount",-0.070,-0.224,0.036,0.232,0.000,0.000,0,,0,,,,905636,478.46,0
659,1630.436,"Mount",-0.085,-0.112,-0.028,0.139,0.000,0.000,0,,0,,,,872797,511.32,0
660,1632.815,"Mount",0.021,-0.113,0.069,0.092,0.000,0.000,0,,0,,,,852001,485.82,0
661,1635.232,"Mount",-0.365,-0.479,-0.117,0.591,0.000,0.591,0,,124,S,,,721107,392.66,0
662,1637.770,"Mount",0.309,-0.219,0.374,0.061,0.235,0.000,57,W,0,,,,908313,510.64,0
663,1640.088,"Mount",-0.107,0.089,-0.135,-0.032,-0.069,0.000,17,E,0,,,,771998,459.08,0
664,1642.466,"Mount",-0.007,-0.073,0.026,0.069,0.000,0.000,0,,0,,,,861928,473.15,0
665,1644.712,"Mount",0.165,0.041,0.131,-0.109,0.082,0.000,20,W,0,,,,820118,473.65,0
666,1647.149,"Mount",0.003,0.150,-0.063,-0.136,0.000,0.000,0,,0,,,,975550,521.15,0
667,1649.464,"Mount",0.036,0.433,-0.158,-0.405,-0.099,0.000,24,E,0,,,,890328,499.59,0
668,1651.912,"Mount",0.224,-0.082,0.237,-0.025,0.142,0.000,34,W,0,,,,881701,510.43,0
669,1654.381,"Mount",0.212,-0.061,0.217,-0.038,0.147,0.000,35,W,0,,,,824160,487.06,0
670,1656.776,"Mount",-0.199,0.090,-0.219,0.006,-0.128,0.000,31,E,0,,,,809816,471.67,0
671,1659.003,"Mount",-0.018,-0.151,0.050,0.144,0.000,0.000,0,,0,,,,852933,451.47,0
672,1661.664,"Mount",0.473,-0.798,0.775,0.509,0.489,0.509,118,W,107,S,,,842638,447.99,0
673,1664.008,"Mount",0.132,-0.329,0.263,0.238,0.200,0.238,48,W,50,S,,,887665,515.72,0
674,1666.480,"Mount",0.018,0.430,-0.173,-0.394,-0.095,0.000,23,E,0,,,,814612,484.48,0
675,1668.710,"Mount",0.000,0.236,-0.103,-0.212,0.000,0.000,0,,0,,,,808053,467.03,0
676,1671.200,"Mount",-0.243,0.190,-0.302,-0.064,-0.190,0.000,46,E,0,,,,920716,505.26,0
677,1673.409,"Mount",0.016,0.106,-0.032,-0.102,0.000,0.000,0,,0,,,,775059,512.98,0
678,1675.739,"Mount",0.068,0.035,0.046,-0.061,0.000,0.000,0,,0,,,,883283,491.67,0
679,1678.072,"Mount",0.796,-0.215,0.810,-0.156,0.510,0.000,123,W,0,,,,817095,463.11,0
680,1680.544,"Mount",0.498,-0.070,0.478,-0.155,0.337,0.000,81,W,0,,,,802381,394.41,0
681,1683.004,"Mount",0.273,0.016,0.238,-0.134,0.174,0.000,42,W,0,,,,931731,532.58,0
682,1685.640,"Mount",-0.042,0.285,-0.162,-0.237,-0.090,0.000,22,E,0,,,,852966,500.65,0
683,1687.928,"Mount",-0.221,0.248,-0.307,-0.126,-0.200,0.000,48,E,0,,,,787947,432.57,0
684,1690.376,"Mount",-0.157,0.042,-0.160,0.031,-0.115,0.000,28,E,0,,,,768239,456.97,0
685,1692.558,"Mount",0.094,0.166,0.011,-0.191,0.000,0.000,0,,0,,,,907446,518.16,0
686,1694.944,"Mount",-0.074,0.089,-0.105,-0.048,0.000,0.000,0,,0,,,,738421,470.40,0
687,1697.286,"Mount",-0.163,-0.288,-0.020,0.331,0.000,0.331,0,,69,S,,,800189,496.63,0
688,1699.635,"Mount",-0.038,-0.130,0.023,0.134,0.000,0.000,0,,0,,,,797221,429.31,0
689,1702.089,"Mount",0.453,-0.655,0.694,0.390,0.437,0.390,106,W,82,S,,,916396,497.45,0
690,1704.487,"Mount",0.274,0.275,0.126,-0.367,0.000,0.000,0,,0,,,,869166,473.29,0
691,1706.657,"Mount",0.171,0.186,0.072,-0.242,0.000,0.000,0,,0,,,,853604,467.85,0
692,1709.048,"Mount",0.027,0.146,-0.039,-0.143,0.000,0.000,0,,0,,,,811019,485.44,0
693,1711.408,"Mount",-0.390,0.264,-0.467,-0.066,-0.294,0.000,71,E,0,,,,778978,449.28,0
694,1713.864,"Mount",-0.177,0.619,-0.430,-0.478,-0.292,0.000,71,E,0,,,,880183,499.99,0
695,1716.256,"Mount",-0.571,0.398,-0.688,-0.107,-0.454,0.000,110,E,0,,,,871682,500.30,0
696,1718.672,"Mount",-0.101,0.291,-0.219,-0.217,-0.169,0.000,41,E,0,,,,761149,432.18,0
697,1722.432,"Mount",0.072,0.224,-0.034,-0.233,0.000,-0.233,0,,1427,N,,,851352,476.23,0
698,1724.901,"Mount",-0.362,-0.046,-0.305,0.200,-0.192,0.000,46,E,0,,,,888722,448.15,0
699,1727.219,"Mount",-0.321,-0.285,-0.164,0.397,-0.116,0.000,28,E,0,,,,788171,439.38,0
700,1729.720,"Mount",-0.576,-0.235,-0.415,0.464,-0.269,0.000,65,E,0,,,,943434,542.95,0
701,1732.032,"Mount",-0.555,-0.194,-0.413,0.418,-0.279,0.000,68,E,0,,,,910361,549.30,0
702,1736.025,"Mount",-0.440,-0.596,-0.134,0.728,-0.104,0.728,25,E,1531,S,,,842402,445.90,0
703,1738.512,"Mount",-0.485,-0.597,-0.174,0.749,-0.117,0.749,28,E,157,S,,,904250,465.48,0
704,1742.745,"Mount",0.656,1.634,-0.128,-1.756,0.000,-1.756,0,,1747,N,,,815323,506.17,0
705,1745.472,"Mount",-0.032,0.705,-0.339,-0.620,-0.213,-0.620,52,E,130,N,,,822003,485.01,0
706,1747.960,"Mount",0.662,0.188,0.513,-0.460,0.308,-0.460,74,W,97,N,,,767658,449.53,0
707,1750.568,"Mount",-0.434,0.561,-0.636,-0.314,-0.379,-0.314,92,E,66,N,,,763853,448.71,0
708,1752.936,"Mount",-0.757,0.449,-0.877,-0.071,-0.579,0.000,140,E,0,,,,859963,471.80,0
709,1755.401,"Mount",0.121,-0.318,0.248,0.232,0.116,0.000,28,W,0,,,,816397,491.20,0
710,1757.588,"Mount",0.001,-0.235,0.104,0.210,0.000,0.000,0,,0,,,,804080,448.34,0
711,1759.923,"Mount",-0.151,-0.059,-0.109,0.119,0.000,0.000,0,,0,,,,712363,415.15,0
712,1762.104,"Mount",0.057,-0.112,0.100,0.075,0.000,0.000,0,,0,,,,897815,453.95,0
713,1764.616,"Mount",0.399,-0.313,0.496,0.106,0.312,0.000,75,W,0,,,,889102,482.99,0
714,1766.822,"Mount",-0.074,0.035,-0.082,0.001,0.000,0.000,0,,0,,,,905701,521.87,0
715,1769.320,"Mount",-0.139,0.059,-0.151,0.008,-0.095,0.000,23,E,0,,,,809399,413.27,0
716,1771.584,"Mount",-0.422,-0.005,-0.377,0.189,-0.244,0.000,59,E,0,,,,761970,430.79,0
717,1774.040,"Mount",-0.450,0.047,-0.425,0.155,-0.285,0.000,69,E,0,,,,855410,472.21,0
718,1776.304,"Mount",-0.429,-0.017,-0.378,0.204,-0.258,0.000,62,E,0,,,,789458,467.85,0
719,1778.888,"Mount",-0.282,0.142,-0.315,-0.004,-0.217,0.000,52,E,0,,,,902899,562.31,0
720,1781.198,"Mount",-0.117,-0.081,-0.070,0.124,0.000,0.000,0,,0,,,,861179,485.79,0
721,1783.624,"Mount",0.155,-0.282,0.263,0.185,0.165,0.000,40,W,0,,,,821933,467.57,0
722,1785.896,"Mount",-0.047,-0.628,0.233,0.585,0.158,0.000,38,W,0,,,,820384,483.50,0
723,1790.025,"Mount",0.057,-0.891,0.442,0.776,0.290,0.776,70,W,1618,S,,,745013,466.97,0
724,1792.472,"Mount",0.159,-0.130,0.200,0.047,0.146,0.000,35,W,0,,,,844505,468.04,0
725,1794.728,"Mount",-0.200,-0.036,-0.164,0.120,-0.093,0.000,23,E,0,,,,870604,457.88,0
726,1797.328,"Mount",-0.472,-0.001,-0.424,0.208,-0.274,0.208,66,E,44,S,,,764720,463.94,0
727,1799.922,"Mount",-0.685,-0.068,-0.586,0.362,-0.388,0.362,94,E,76,S,,,801769,463.15,0
728,1802.337,"Mount",-0.215,-0.108,-0.146,0.192,-0.119,0.000,29,E,0,,,,832970,481.32,0
729,1804.568,"Mount",-0.107,-0.136,-0.036,0.169,0.000,0.000,0,,0,,,,732139,432.29,0
730,1807.032,"Mount",-0.031,-0.302,0.105,0.285,0.000,0.285,0,,60,S,,,824852,498.02,0
731,1809.392,"Mount",0.301,-0.234,0.373,0.078,0.235,0.000,57,W,0,,,,825831,469.03,0
732,1811.825,"Mount",0.228,0.014,0.198,-0.112,0.141,0.000,34,W,0,,,,809942,461.38,0
733,1814.000,"Mount",-0.029,-0.026,-0.015,0.036,0.000,0.000,0,,0,,,,741217,409.42,0
734,1816.600,"Mount",-0.316,-0.128,-0.228,0.254,-0.143,0.254,35,E,53,S,,,823247,463.10,0
735,1818.783,"Mount",-0.163,-0.043,-0.128,0.110,0.000,0.000,0,,0,,,,866711,474.25,0
736,1821.361,"Mount",-0.516,0.109,-0.512,0.128,-0.323,0.000,78,E,0,,,,862724,457.84,0
737,1823.696,"Mount",-0.479,0.030,-0.444,0.183,-0.302,0.000,73,E,0,,,,721082,439.69,0
738,1826.160,"Mount",-0.106,-0.375,0.069,0.383,0.000,0.383,0,,80,S,,,903089,516.34,0
739,1828.680,"Mount",0.168,-0.715,0.464,0.569,0.293,0.569,71,W,119,S,,,912494,450.34,0
740,1831.062,"Mount",-0.098,-0.035,-0.073,0.074,0.000,0.000,0,,0,,,,828507,440.38,0
741,1833.356,"Mount",-0.088,-0.085,-0.042,0.115,0.000,0.000,0,,0,,,,802234,475.54,0
742,1835.995,"Mount",-0.403,0.103,-0.408,0.084,-0.257,0.000,62,E,0,,,,876488,502.75,0
743,1838.832,"Mount",-1.450,-0.563,-1.056,1.142,-0.683,1.142,165,E,240,S,,,761560,425.02,0
744,1841.528,"Mount",-0.309,0.685,-0.578,-0.480,-0.412,0.000,100,E,0,,,,833445,468.25,0
745,1845.584,"Mount",0.052,0.786,-0.298,-0.729,-0.216,-0.729,52,E,1677,N,,,801903,470.98,0
746,1848.104,"Mount",0.547,-0.355,0.648,0.079,0.393,0.000,95,W,0,,,,851826,497.66,0
747,1850.490,"Mount",0.530,-0.731,0.797,0.424,0.530,0.000,128,W,0,,,,845601,487.81,0
748,1854.696,"Mount",-0.049,-0.974,0.383,0.897,0.279,0.897,67,W,1712,S,,,761070,408.46,0
749,1857.144,"Mount",-0.199,0.131,-0.236,-0.031,-0.129,0.000,31,E,0,,,,770201,484.66,0
750,1859.424,"Mount",-0.192,0.168,-0.246,-0.067,-0.164,0.000,40,E,0,,,,763462,431.40,0
751,1861.938,"Mount",-0.090,0.012,-0.086,0.029,0.000,0.000,0,,0,,,,779194,434.18,0
752,1864.256,"Mount",-0.179,0.190,-0.244,-0.092,-0.154,0.000,37,E,0,,,,908600,526.24,0
753,1866.728,"Mount",-0.306,0.271,-0.394,-0.109,-0.259,0.000,63,E,0,,,,796002,455.82,0
754,1869.081,"Mount",0.047,0.494,-0.174,-0.465,-0.128,0.000,31,E,0,,,,799815,419.39,0
755,1871.440,"Mount",0.000,-0.040,0.018,0.035,0.000,0.000,0,,0,,,,746679,428.09,0
INFO: SET LOCK POSITION, new lock pos = 969.569, 220.894
INFO: DITHER by 2.797, 3.437, new lock pos = 970.574, 216.579
INFO: SETTLING STATE CHANGE, Settling started
756,1877.010,"Mount",-1.005,4.315,-2.797,-3.437,-2.797,-3.437,676,E,2246,N,,,706302,457.70,0
757,1879.856,"Mount",1.026,1.514,0.257,-1.810,0.162,-1.810,39,W,380,N,,,756654,439.55,0
758,1882.280,"Mount",0.550,0.956,0.075,-1.100,0.000,-1.100,0,,231,N,,,847019,459.61,0
759,1884.832,"Mount",-0.036,0.581,-0.287,-0.506,-0.181,-0.506,44,E,106,N,,,667736,411.58,0
760,1887.160,"Mount",-0.439,0.013,-0.401,0.181,-0.265,0.000,64,E,0,,,,750485,459.43,0
761,1889.704,"Mount",-0.912,0.450,-1.017,-0.004,-0.659,0.000,159,E,0,,,,844869,468.43,0
762,1892.096,"Mount",-0.405,0.516,-0.590,-0.286,-0.418,-0.286,101,E,60,N,,,740223,424.27,0
763,1894.592,"Mount",0.554,-0.803,0.850,0.478,0.506,0.000,122,W,0,,,,839045,473.17,0
INFO: SETTLING STATE CHANGE, Settling complete
764,1897.618,"Mount",0.278,-0.915,0.652,0.700,0.446,0.700,108,W,1671,S,,,793630,453.31,0
Guiding Ends at 2026-09-06 04:38:49

Guiding Begins at 2026-09-06 04:41:43
Equipment Profile = SW4P_EVO
Dither = both axes, Dither scale = 1.000, Image noise reduction = 2x2 mean, Guide-frame time lapse = 0, Server enabled
Pixel scale = 2.91 arc-sec/px, Binning = 1, Focal length = 266 mm
Search region = 15 px, Star mass tolerance = 50.0%, Multi-star mode, list size = 12
 Camera = ZWO ASI120MM Mini (ASCOM), full size = 1280 x 960, have dark, dark dur = 2000, no defect map, pixel size = 3.8 um
Exposure = 2000 ms
Mount = GPUSB, connected, guiding enabled, AuxMount=CPWI_ASCOM_Telescope, xAngle = -26.0, xRate = 4.137, yAngle = -116.0, yRate = 4.762, parity = +/-
Norm rates RA = 13.1"/s @ dec 0, Dec = 13.8"/s; ortho.err. = 0.0 deg
X guide algorithm = Hysteresis, Hysteresis = 0.100, Aggression = 0.700, Minimum move = 0.130
Y guide algorithm = Resist Switch, Minimum move = 0.200 Aggression = 100% FastSwitch = enabled
Backlash comp = enabled, pulse = 1524 ms
Max RA duration = 2500, Max DEC duration = 2500, DEC guide mode = Auto
RA Guide Speed = 14.9 a-s/s, Dec Guide Speed = 14.9 a-s/s, Cal Dec = -0.0, Last Cal Issue = None, Timestamp = 31/08/2026 21:19:06
RA = 20.01 hr, Dec = 22.9 deg, Hour angle = 6.47 hr, Pier side = East, Rotator pos = N/A, Alt = 10.4 deg, Az = 291.6 deg
Lock position = 732.429, 826.406, Star position = 732.429, 826.406, HFD = 3.33 px
Frame,Time,mount,dx,dy,RARawDistance,DECRawDistance,RAGuideDistance,DECGuideDistance,RADuration,RADirection,DECDuration,DECDirection,XStep,YStep,StarMass,SNR,ErrorCode
INFO: SETTLING STATE CHANGE, Settling started
1,2.732,"Mount",-0.312,0.321,-0.421,-0.152,-0.265,0.000,64,E,0,,,,725813,471.87,0
2,5.084,"Mount",-0.736,0.384,-0.830,-0.022,-0.541,0.000,131,E,0,,,,799886,422.93,0
3,7.469,"Mount",0.056,-0.161,0.121,0.120,0.000,0.000,0,,0,,,,769341,435.96,0
4,9.627,"Mount",-0.152,-0.050,-0.114,0.112,0.000,0.000,0,,0,,,,659970,382.68,0
5,12.156,"Mount",-0.327,-0.691,0.010,0.765,0.000,0.765,0,,161,S,,,778282,448.53,0
INFO: SETTLING STATE CHANGE, Settling complete
6,14.580,"Mount",0.203,-0.691,0.486,0.532,0.306,0.532,74,W,112,S,,,773740,431.55,0
7,17.212,"Mount",0.198,-0.803,0.530,0.635,0.356,0.635,86,W,133,S,,,701108,425.48,0
8,19.644,"Mount",-0.442,-0.407,-0.218,0.560,-0.113,0.560,27,E,118,S,,,769639,479.12,0
9,22.236,"Mount",-0.804,0.125,-0.778,0.241,-0.498,0.241,120,E,51,S,,,778158,466.82,0
10,24.740,"Mount",-0.844,-0.316,-0.620,0.655,-0.425,0.655,103,E,137,S,,,746765,404.18,0
11,27.260,"Mount",-0.182,-0.563,0.084,0.586,0.000,0.586,0,,123,S,,,703149,418.78,0
12,29.636,"Mount",-0.344,-0.571,-0.059,0.664,0.000,0.664,0,,140,S,,,686032,414.17,0
13,32.196,"Mount",-0.360,-0.391,-0.152,0.509,-0.096,0.509,23,E,107,S,,,723210,450.45,0
14,34.521,"Mount",0.050,-0.098,0.088,0.066,0.000,0.000,0,,0,,,,716143,388.12,0
15,37.036,"Mount",0.033,-0.341,0.179,0.291,0.113,0.291,27,W,61,S,,,803772,448.09,0
16,39.300,"Mount",-0.007,-0.275,0.115,0.250,0.000,0.250,0,,53,S,,,706969,421.28,0
17,41.693,"Mount",-0.099,0.010,-0.094,0.035,0.000,0.000,0,,0,,,,725388,412.47,0
18,44.068,"Mount",-0.280,-0.095,-0.210,0.208,-0.133,0.208,32,E,44,S,,,827072,468.97,0
19,46.492,"Mount",-0.355,0.096,-0.361,0.069,-0.237,0.000,57,E,0,,,,727251,428.55,0
20,48.797,"Mount",-0.144,-0.176,-0.053,0.222,0.000,0.222,0,,47,S,,,809104,486.00,0
21,51.324,"Mount",-0.396,-0.060,-0.330,0.228,-0.208,0.228,50,E,48,S,,,847277,411.90,0
22,53.724,"Mount",-0.169,-0.367,0.009,0.404,0.000,0.404,0,,85,S,,,753093,420.09,0
23,56.164,"Mount",0.184,-0.252,0.276,0.146,0.174,0.000,42,W,0,,,,796816,433.01,0
24,58.756,"Mount",0.209,-0.476,0.397,0.335,0.262,0.335,63,W,70,S,,,963618,463.19,0
25,61.228,"Mount",-0.189,-0.350,-0.016,0.398,0.000,0.398,0,,84,S,,,815159,480.03,0
26,63.435,"Mount",-0.005,-0.010,-0.000,0.011,0.000,0.000,0,,0,,,,722310,420.85,0
27,65.911,"Mount",-0.077,0.448,-0.266,-0.369,-0.168,0.000,41,E,0,,,,727150,422.19,0
28,68.318,"Mount",-0.552,0.400,-0.672,-0.117,-0.435,0.000,105,E,0,,,,769832,504.13,0
29,70.765,"Mount",-0.287,0.250,-0.367,-0.098,-0.262,0.000,63,E,0,,,,750723,425.21,0
30,73.045,"Mount",-0.120,0.203,-0.197,-0.130,-0.142,0.000,34,E,0,,,,724227,430.65,0
31,75.524,"Mount",0.329,-0.062,0.323,-0.089,0.194,0.000,47,W,0,,,,814914,408.87,0
32,77.772,"Mount",0.156,-0.250,0.250,0.156,0.171,0.000,41,W,0,,,,832708,483.51,0
33,80.328,"Mount",0.390,-0.236,0.454,0.041,0.298,0.000,72,W,0,,,,767248,432.72,0
34,82.636,"Mount",-0.193,0.224,-0.272,-0.117,-0.151,0.000,36,E,0,,,,771923,413.25,0
35,85.068,"Mount",-0.342,0.007,-0.310,0.144,-0.206,0.000,50,E,0,,,,671104,379.56,0
36,87.692,"Mount",-1.335,-0.270,-1.081,0.828,-0.696,0.828,168,E,174,S,,,732463,439.49,0
37,90.264,"Mount",0.053,0.051,0.025,-0.069,0.000,0.000,0,,0,,,,846253,485.49,0
38,92.621,"Mount",-0.028,0.285,-0.150,-0.244,-0.095,0.000,23,E,0,,,,787772,438.49,0
39,95.068,"Mount",-0.206,0.368,-0.347,-0.240,-0.225,0.000,54,E,0,,,,719018,402.19,0
40,97.372,"Mount",-0.097,0.447,-0.283,-0.359,-0.194,0.000,47,E,0,,,,719685,411.85,0
41,101.316,"Mount",0.007,0.257,-0.106,-0.234,0.000,-0.234,0,,1573,N,,,754925,401.25,0
42,103.573,"Mount",-0.259,-0.168,-0.159,0.264,-0.100,0.000,24,E,0,,,,822814,452.11,0
43,105.996,"Mount",-0.381,-0.229,-0.242,0.373,-0.160,0.000,39,E,0,,,,849559,459.18,0
44,108.349,"Mount",-0.470,-0.287,-0.296,0.464,-0.198,0.000,48,E,0,,,,873540,452.00,0
45,112.628,"Mount",-0.387,-0.995,0.089,1.064,0.000,1.064,0,,1747,S,,,771823,412.73,0
46,114.965,"Mount",-0.049,-0.076,-0.011,0.090,0.000,0.000,0,,0,,,,771555,435.73,0
47,117.268,"Mount",-0.420,0.127,-0.433,0.070,-0.273,0.000,66,E,0,,,,784296,443.99,0
48,119.716,"Mount",-0.270,0.126,-0.298,0.005,-0.207,0.000,50,E,0,,,,761344,431.80,0
49,122.020,"Mount",0.258,-0.181,0.311,0.049,0.182,0.000,44,W,0,,,,679566,396.20,0
50,124.450,"Mount",0.021,-0.162,0.090,0.136,0.000,0.000,0,,0,,,,710338,438.20,0
51,126.740,"Mount",0.272,-0.285,0.370,0.137,0.233,0.000,56,W,0,,,,819764,447.94,0
52,129.231,"Mount",-0.401,-0.019,-0.352,0.193,-0.205,0.000,50,E,0,,,,759830,413.33,0
53,131.732,"Mount",-0.451,0.010,-0.410,0.189,-0.273,0.000,66,E,0,,,,780498,460.25,0
54,134.207,"Mount",0.088,-0.235,0.182,0.172,0.096,0.000,23,W,0,,,,785428,440.36,0
55,136.500,"Mount",-0.006,-0.272,0.114,0.247,0.000,0.247,0,,52,S,,,754168,410.28,0
56,138.908,"Mount",0.168,-0.000,0.151,-0.073,0.095,0.000,23,W,0,,,,841093,429.77,0
57,141.156,"Mount",-0.085,0.128,-0.133,-0.078,-0.077,0.000,19,E,0,,,,832023,435.73,0
58,143.669,"Mount",0.225,-0.107,0.249,-0.003,0.152,0.000,37,W,0,,,,729008,421.07,0
59,145.988,"Mount",-0.215,-0.303,-0.060,0.367,0.000,0.367,0,,77,S,,,817776,472.54,0
60,148.484,"Mount",-0.177,-0.488,0.055,0.516,0.000,0.516,0,,108,S,,,691977,434.88,0
61,150.780,"Mount",-0.219,-0.102,-0.152,0.187,-0.096,0.000,23,E,0,,,,714556,444.92,0
62,153.437,"Mount",-0.274,-0.023,-0.236,0.141,-0.155,0.000,38,E,0,,,,692270,416.94,0
63,155.975,"Mount",-0.563,0.132,-0.564,0.128,-0.366,0.000,88,E,0,,,,763777,414.16,0
64,158.353,"Mount",-0.047,-0.143,0.021,0.149,0.000,0.000,0,,0,,,,717498,405.20,0
65,160.796,"Mount",-0.323,-0.129,-0.233,0.258,-0.147,0.258,36,E,54,S,,,788335,405.35,0
66,163.230,"Mount",0.072,0.075,0.032,-0.099,0.000,0.000,0,,0,,,,674120,374.32,0
67,165.708,"Mount",0.168,-0.587,0.408,0.454,0.257,0.454,62,W,95,S,,,857865,457.49,0
68,168.180,"Mount",0.244,-0.137,0.279,0.016,0.194,0.000,47,W,0,,,,694224,395.75,0
69,170.493,"Mount",0.098,-0.170,0.162,0.110,0.116,0.000,28,W,0,,,,768708,423.17,0
70,173.140,"Mount",-0.534,-0.082,-0.444,0.308,-0.272,0.308,66,E,65,S,,,895474,445.35,0
71,175.564,"Mount",-0.369,-0.558,-0.087,0.664,0.000,0.664,0,,139,S,,,815142,441.88,0
72,177.998,"Mount",0.032,0.649,-0.256,-0.597,-0.161,0.000,39,E,0,,,,756548,423.80,0
73,180.260,"Mount",0.011,0.526,-0.221,-0.477,-0.150,0.000,36,E,0,,,,662022,446.74,0
74,184.413,"Mount",0.435,0.663,0.100,-0.787,0.000,-0.787,0,,1689,N,,,829803,494.98,0
75,186.844,"Mount",0.048,-0.612,0.312,0.529,0.197,0.000,48,W,0,,,,744803,449.43,0
76,189.042,"Mount",0.040,-0.119,0.089,0.089,0.000,0.000,0,,0,,,,780493,426.70,0
77,191.460,"Mount",0.207,-0.393,0.359,0.262,0.226,0.000,55,W,0,,,,598044,380.54,0
78,193.814,"Mount",-0.179,-0.171,-0.086,0.232,0.000,0.000,0,,0,,,,721387,416.12,0
79,196.285,"Mount",-0.573,-0.086,-0.478,0.329,-0.301,0.000,73,E,0,,,,775348,484.93,0
80,198.495,"Mount",-0.043,-0.279,0.084,0.270,0.000,0.000,0,,0,,,,685632,396.63,0
81,201.028,"Mount",-0.418,-0.041,-0.357,0.220,-0.225,0.000,54,E,0,,,,818462,501.27,0
82,203.268,"Mount",-0.312,-0.284,-0.156,0.392,-0.114,0.000,28,E,0,,,,826664,473.72,0
83,207.364,"Mount",0.141,-0.411,0.307,0.308,0.186,0.308,45,W,1589,S,,,799934,439.63,0
84,210.109,"Mount",0.295,-0.449,0.462,0.274,0.304,0.274,73,W,58,S,,,664379,386.53,0
85,212.355,"Mount",0.082,-0.073,0.105,0.029,0.000,0.000,0,,0,,,,830945,480.15,0
86,215.028,"Mount",-0.832,-0.252,-0.637,0.592,-0.401,0.592,97,E,124,S,,,816480,476.94,0
87,217.341,"Mount",-0.563,0.193,-0.590,0.073,-0.400,0.000,97,E,0,,,,729791,421.50,0
88,220.020,"Mount",-1.076,0.169,-1.041,0.320,-0.684,0.320,165,E,67,S,,,721235,393.19,0
89,222.327,"Mount",-0.246,0.169,-0.295,-0.044,-0.234,0.000,57,E,0,,,,806605,457.30,0
90,224.805,"Mount",0.579,0.339,0.371,-0.558,0.217,0.000,53,W,0,,,,718054,438.65,0
91,227.084,"Mount",0.272,-0.157,0.314,0.022,0.213,0.000,51,W,0,,,,813532,440.01,0
92,229.549,"Mount",0.210,0.035,0.174,-0.123,0.124,0.000,30,W,0,,,,739967,425.24,0
93,231.837,"Mount",0.401,-0.130,0.418,-0.059,0.272,0.000,66,W,0,,,,721651,419.65,0
94,234.209,"Mount",-0.044,0.116,-0.091,-0.085,0.000,0.000,0,,0,,,,748300,431.26,0
95,236.532,"Mount",-0.330,0.248,-0.405,-0.078,-0.255,0.000,62,E,0,,,,798552,441.62,0
96,238.866,"Mount",0.051,0.122,-0.008,-0.131,0.000,0.000,0,,0,,,,816601,472.65,0
97,241.176,"Mount",-0.180,0.408,-0.341,-0.288,-0.215,0.000,52,E,0,,,,860555,460.42,0
98,245.268,"Mount",-0.324,0.470,-0.498,-0.280,-0.329,-0.280,79,E,1583,N,,,711291,464.02,0
99,247.861,"Mount",-1.377,0.238,-1.342,0.391,-0.869,0.000,210,E,0,,,,726545,450.64,0
100,250.254,"Mount",-0.562,0.371,-0.668,-0.086,-0.482,0.000,116,E,0,,,,894785,492.23,0
101,252.662,"Mount",-0.199,-0.011,-0.174,0.097,-0.143,0.000,35,E,0,,,,752720,427.43,0
102,254.940,"Mount",-0.242,-0.133,-0.159,0.226,-0.110,0.000,27,E,0,,,,764522,426.30,0
103,257.333,"Mount",-0.218,-0.137,-0.136,0.219,-0.093,0.000,23,E,0,,,,801899,431.48,0
104,259.531,"Mount",0.036,-0.212,0.126,0.175,0.000,0.000,0,,0,,,,828390,467.97,0
105,261.958,"Mount",-0.273,0.015,-0.252,0.106,-0.159,0.000,38,E,0,,,,622323,358.39,0
106,264.308,"Mount",-0.292,-0.134,-0.204,0.248,-0.139,0.000,34,E,0,,,,691939,394.72,0
107,266.731,"Mount",-0.091,-0.038,-0.065,0.074,0.000,0.000,0,,0,,,,748316,439.80,0
108,268.956,"Mount",-0.169,-0.122,-0.098,0.184,0.000,0.000,0,,0,,,,736598,448.74,0
109,272.988,"Mount",-0.253,-0.227,-0.128,0.315,0.000,0.315,0,,1590,S,,,740435,398.22,0
110,275.348,"Mount",-0.019,0.147,-0.081,-0.124,0.000,0.000,0,,0,,,,793466,402.12,0
111,277.528,"Mount",0.125,0.184,0.031,-0.220,0.000,0.000,0,,0,,,,839855,474.37,0
112,279.990,"Mount",-0.557,0.187,-0.583,0.076,-0.367,0.000,89,E,0,,,,828192,487.20,0
113,282.381,"Mount",-0.632,0.145,-0.631,0.147,-0.423,0.000,102,E,0,,,,802393,474.81,0
114,284.837,"Mount",-0.345,0.298,-0.441,-0.116,-0.307,0.000,74,E,0,,,,795795,500.77,0
115,287.277,"Mount",-0.524,0.153,-0.538,0.092,-0.361,0.000,87,E,0,,,,796097,433.93,0
116,289.733,"Mount",-0.333,0.061,-0.326,0.092,-0.231,0.000,56,E,0,,,,841968,440.75,0
117,291.970,"Mount",0.134,0.099,0.077,-0.148,0.000,0.000,0,,0,,,,738747,400.19,0
118,294.669,"Mount",0.921,-0.891,1.218,0.397,0.768,0.397,186,W,83,S,,,653810,352.94,0
119,296.997,"Mount",-0.159,-0.419,0.041,0.447,0.000,0.447,0,,94,S,,,733001,404.64,0
120,299.429,"Mount",-0.160,0.366,-0.305,-0.259,-0.192,0.000,46,E,0,,,,779753,468.23,0
121,301.725,"Mount",-0.118,0.257,-0.219,-0.179,-0.151,0.000,37,E,0,,,,735051,360.20,0
122,304.180,"Mount",-0.127,0.139,-0.175,-0.069,-0.121,0.000,29,E,0,,,,641680,408.78,0
123,306.549,"Mount",-0.438,0.153,-0.460,0.055,-0.298,0.000,72,E,0,,,,704670,409.15,0
124,308.902,"Mount",0.043,-0.007,0.041,-0.013,0.000,0.000,0,,0,,,,741320,401.56,0
125,311.180,"Mount",-0.064,-0.319,0.082,0.315,0.000,0.315,0,,66,S,,,768894,471.31,0
126,313.700,"Mount",0.263,-0.417,0.419,0.260,0.264,0.260,64,W,55,S,,,666122,413.08,0
127,316.053,"Mount",0.468,-0.148,0.486,-0.072,0.324,0.000,78,W,0,,,,760213,453.73,0
128,318.686,"Mount",1.097,0.018,0.978,-0.498,0.639,0.000,154,W,0,,,,866196,473.35,0
129,321.037,"Mount",0.432,-0.179,0.466,-0.029,0.339,0.000,82,W,0,,,,755711,427.12,0
130,323.499,"Mount",-0.042,0.049,-0.059,-0.025,0.000,0.000,0,,0,,,,738196,425.61,0
131,325.773,"Mount",-0.092,0.168,-0.156,-0.111,-0.098,0.000,24,E,0,,,,851126,472.95,0
132,328.202,"Mount",0.070,0.181,-0.016,-0.193,0.000,0.000,0,,0,,,,770424,448.92,0
133,330.517,"Mount",-0.148,0.214,-0.227,-0.128,-0.143,0.000,35,E,0,,,,793073,452.03,0
134,332.866,"Mount",0.004,0.171,-0.072,-0.155,0.000,0.000,0,,0,,,,672331,364.46,0
135,335.130,"Mount",0.025,0.128,-0.034,-0.126,0.000,0.000,0,,0,,,,662903,385.64,0
136,337.613,"Mount",0.728,-0.163,0.725,-0.173,0.457,0.000,110,W,0,,,,800746,499.08,0
137,339.960,"Mount",0.566,0.004,0.507,-0.252,0.351,0.000,85,W,0,,,,783220,455.53,0
138,342.485,"Mount",-0.354,-0.047,-0.298,0.197,-0.163,0.000,39,E,0,,,,809549,452.00,0
139,344.749,"Mount",-0.346,0.127,-0.366,0.038,-0.242,0.000,59,E,0,,,,736914,449.20,0
140,347.316,"Mount",-0.349,-0.324,-0.172,0.444,-0.125,0.444,30,E,93,S,,,730101,423.71,0
141,349.541,"Mount",-0.038,-0.140,0.027,0.142,0.000,0.000,0,,0,,,,716748,416.74,0
142,352.013,"Mount",-0.479,0.422,-0.615,-0.169,-0.388,0.000,94,E,0,,,,678457,382.69,0
143,354.285,"Mount",-0.045,0.094,-0.082,-0.065,0.000,0.000,0,,0,,,,739522,421.81,0
144,356.619,"Mount",-0.054,0.066,-0.077,-0.036,0.000,0.000,0,,0,,,,705134,401.55,0
145,359.061,"Mount",0.121,-0.555,0.352,0.446,0.222,0.446,54,W,94,S,,,738117,408.26,0
146,361.482,"Mount",-0.094,0.056,-0.109,-0.009,0.000,0.000,0,,0,,,,725476,457.09,0
147,363.701,"Mount",0.087,0.172,0.003,-0.193,0.000,0.000,0,,0,,,,698255,391.57,0
148,366.350,"Mount",-0.177,0.446,-0.355,-0.322,-0.224,0.000,54,E,0,,,,670070,390.87,0
149,368.605,"Mount",-0.028,0.195,-0.110,-0.163,0.000,0.000,0,,0,,,,704517,366.80,0
150,371.045,"Mount",-0.099,0.207,-0.180,-0.142,-0.113,0.000,27,E,0,,,,738679,463.29,0
151,373.381,"Mount",-0.109,0.402,-0.274,-0.314,-0.181,0.000,44,E,0,,,,724100,403.33,0
152,375.722,"Mount",0.234,0.188,0.127,-0.272,0.000,0.000,0,,0,,,,677091,455.22,0
153,377.971,"Mount",0.184,0.092,0.125,-0.164,0.000,0.000,0,,0,,,,631552,389.52,0
154,382.357,"Mount",0.649,0.140,0.521,-0.411,0.328,-0.411,79,W,1587,N,,,818443,423.66,0
155,384.797,"Mount",-0.198,-0.025,-0.166,0.109,-0.082,0.000,20,E,0,,,,683961,370.90,0
156,387.005,"Mount",-0.014,-0.248,0.096,0.229,0.000,0.000,0,,0,,,,544616,377.93,0
157,389.381,"Mount",-0.215,-0.184,-0.112,0.259,0.000,0.000,0,,0,,,,881011,464.10,0
158,391.765,"Mount",-0.614,-0.017,-0.544,0.285,-0.343,0.000,83,E,0,,,,728238,457.34,0
159,394.333,"Mount",-0.467,0.399,-0.595,-0.153,-0.399,0.000,96,E,0,,,,746682,403.30,0
160,396.693,"Mount",-0.375,0.181,-0.417,0.002,-0.291,0.000,70,E,0,,,,666964,408.54,0
161,399.131,"Mount",-0.273,-0.308,-0.111,0.397,0.000,0.000,0,,0,,,,746984,446.20,0
162,402.925,"Mount",-0.283,-0.331,-0.110,0.422,0.000,0.422,0,,1563,S,,,701837,401.48,0
163,405.357,"Mount",0.103,0.070,0.062,-0.108,0.000,0.000,0,,0,,,,592689,394.18,0
164,407.629,"Mount",-0.204,-0.109,-0.135,0.188,-0.085,0.000,21,E,0,,,,782055,403.97,0
165,410.077,"Mount",-0.134,0.022,-0.130,0.039,-0.088,0.000,21,E,0,,,,662801,383.52,0
166,412.341,"Mount",-0.240,0.036,-0.232,0.073,-0.152,0.000,37,E,0,,,,738663,441.17,0
167,414.909,"Mount",-0.414,-0.367,-0.211,0.511,-0.143,0.511,35,E,107,S,,,697434,399.19,0
168,417.090,"Mount",0.075,0.070,0.037,-0.096,0.000,0.000,0,,0,,,,600043,359.77,0
169,419.589,"Mount",-0.604,0.468,-0.747,-0.155,-0.471,0.000,114,E,0,,,,848671,447.86,0
170,421.917,"Mount",-0.132,0.202,-0.208,-0.124,-0.164,0.000,40,E,0,,,,658747,381.54,0
171,424.261,"Mount",-0.012,0.062,-0.038,-0.051,0.000,0.000,0,,0,,,,594551,377.72,0
172,426.557,"Mount",0.218,-0.044,0.215,-0.057,0.136,0.000,33,W,0,,,,750601,448.90,0
173,428.997,"Mount",-0.285,0.096,-0.298,0.038,-0.178,0.000,43,E,0,,,,804609,412.34,0
174,431.237,"Mount",-0.139,0.155,-0.193,-0.078,-0.134,0.000,32,E,0,,,,787929,515.43,0
175,433.661,"Mount",-0.095,0.148,-0.151,-0.091,-0.104,0.000,25,E,0,,,,724495,408.43,0
176,435.973,"Mount",-0.201,0.022,-0.191,0.068,-0.127,0.000,31,E,0,,,,697861,419.56,0
177,438.486,"Mount",-0.271,-0.147,-0.179,0.251,-0.121,0.251,29,E,53,S,,,657337,377.87,0
178,440.837,"Mount",-0.226,-0.394,-0.031,0.453,0.000,0.453,0,,95,S,,,742693,427.02,0
179,443.294,"Mount",0.201,-0.055,0.205,-0.039,0.129,0.000,31,W,0,,,,700100,375.39,0
180,445.621,"Mount",0.252,-0.153,0.294,0.026,0.194,0.000,47,W,0,,,,727271,444.38,0
181,448.037,"Mount",-0.143,0.270,-0.247,-0.180,-0.142,0.000,34,E,0,,,,632756,380.72,0
182,450.317,"Mount",-0.078,0.213,-0.163,-0.157,-0.113,0.000,27,E,0,,,,683336,390.37,0
183,453.093,"Mount",-0.089,0.308,-0.215,-0.238,-0.143,0.000,35,E,0,,,,677849,404.88,0
184,455.366,"Mount",0.035,0.362,-0.128,-0.341,0.000,0.000,0,,0,,,,685599,440.38,0
185,457.781,"Mount",-0.175,0.337,-0.306,-0.226,-0.193,0.000,47,E,0,,,,706350,428.04,0
186,460.040,"Mount",0.103,0.363,-0.067,-0.371,0.000,0.000,0,,0,,,,602040,336.47,0
187,462.485,"Mount",0.363,0.017,0.319,-0.174,0.201,0.000,49,W,0,,,,739958,442.60,0
188,466.317,"Mount",0.331,0.382,0.130,-0.489,0.000,-0.489,0,,1577,N,,,682007,411.08,0
189,468.773,"Mount",0.302,-0.492,0.488,0.310,0.307,0.000,74,W,0,,,,597798,355.18,0
190,470.978,"Mount",-0.112,-0.396,0.073,0.405,0.000,0.000,0,,0,,,,701115,403.02,0
191,473.334,"Mount",0.002,-0.097,0.044,0.087,0.000,0.000,0,,0,,,,642891,418.70,0
192,475.639,"Mount",-0.373,-0.060,-0.309,0.218,-0.195,0.000,47,E,0,,,,642341,404.98,0
193,478.125,"Mount",-0.467,-0.367,-0.259,0.535,-0.177,0.000,43,E,0,,,,700056,410.98,0
194,480.390,"Mount",-0.276,-0.254,-0.136,0.349,-0.098,0.000,24,E,0,,,,661057,393.06,0
195,482.743,"Mount",-0.033,-0.151,0.037,0.150,0.000,0.000,0,,0,,,,598770,419.11,0
196,486.533,"Mount",-0.239,-0.476,-0.006,0.533,0.000,0.533,0,,1552,S,,,626394,388.65,0
197,489.268,"Mount",-0.300,-1.217,0.265,1.225,0.167,1.225,40,W,257,S,,,817762,458.15,0
198,491.669,"Mount",0.071,-0.476,0.273,0.397,0.183,0.397,44,W,83,S,,,660430,379.73,0
199,494.133,"Mount",0.450,0.131,0.347,-0.315,0.232,0.000,56,W,0,,,,691571,403.44,0
200,496.398,"Mount",0.213,0.217,0.096,-0.289,0.000,0.000,0,,0,,,,594537,335.88,0
201,498.756,"Mount",0.264,0.500,0.018,-0.566,0.000,0.000,0,,0,,,,697384,469.18,0
202,502.708,"Mount",0.492,0.671,0.148,-0.818,0.093,-0.818,23,W,1612,N,,,731736,398.01,0
203,505.245,"Mount",-0.582,0.469,-0.728,-0.166,-0.452,0.000,109,E,0,,,,686586,411.17,0
204,507.525,"Mount",-0.266,0.203,-0.328,-0.065,-0.238,0.000,58,E,0,,,,760654,455.64,0
205,510.205,"Mount",0.380,-0.331,0.487,0.130,0.290,0.000,70,W,0,,,,574808,349.40,0
206,512.525,"Mount",0.262,0.048,0.214,-0.158,0.155,0.000,38,W,0,,,,651418,375.57,0
207,514.949,"Mount",0.210,-0.003,0.190,-0.089,0.131,0.000,32,W,0,,,,680147,409.84,0
208,517.164,"Mount",-0.104,0.034,-0.108,0.015,0.000,0.000,0,,0,,,,664337,409.46,0
209,519.581,"Mount",-0.261,0.212,-0.327,-0.077,-0.206,0.000,50,E,0,,,,631395,362.32,0
210,521.809,"Mount",0.034,0.155,-0.037,-0.154,0.000,0.000,0,,0,,,,715098,392.30,0
211,524.349,"Mount",-0.743,0.165,-0.740,0.178,-0.466,0.000,113,E,0,,,,631944,388.20,0
212,526.812,"Mount",-0.085,0.384,-0.245,-0.307,-0.187,-0.307,45,E,65,N,,,613916,366.29,0
213,529.261,"Mount",-0.249,-0.057,-0.199,0.161,-0.138,0.000,33,E,0,,,,691061,423.28,0
214,531.565,"Mount",0.356,-0.145,0.384,-0.026,0.232,0.000,56,W,0,,,,739616,405.80,0
215,534.100,"Mount",0.238,0.133,0.156,-0.224,0.114,-0.224,28,W,47,N,,,735210,407.53,0
216,536.349,"Mount",0.032,-0.037,0.045,0.019,0.000,0.000,0,,0,,,,684556,439.23,0
217,538.797,"Mount",-0.422,0.069,-0.410,0.123,-0.258,0.000,62,E,0,,,,793115,426.79,0
218,542.704,"Mount",-0.604,-0.502,-0.323,0.717,-0.221,0.717,54,E,1591,S,,,667814,375.58,0
219,545.157,"Mount",-0.062,0.685,-0.356,-0.588,-0.240,0.000,58,E,0,,,,688212,400.46,0
220,547.509,"Mount",-0.226,0.302,-0.336,-0.172,-0.228,0.000,55,E,0,,,,726417,415.53,0
221,551.477,"Mount",0.345,0.564,0.063,-0.659,0.000,-0.659,0,,1578,N,,,701763,397.88,0
222,553.648,"Mount",0.105,0.115,0.043,-0.149,0.000,0.000,0,,0,,,,663636,402.26,0
223,556.125,"Mount",-0.477,0.068,-0.458,0.148,-0.289,0.000,70,E,0,,,,714815,393.65,0
224,558.453,"Mount",-0.399,0.092,-0.399,0.092,-0.271,0.000,66,E,0,,,,636700,371.49,0
225,561.005,"Mount",-0.682,0.366,-0.774,-0.029,-0.506,0.000,122,E,0,,,,524024,321.76,0
226,563.421,"Mount",-0.227,0.372,-0.367,-0.234,-0.267,-0.234,65,E,49,N,,,650549,412.95,0
227,565.900,"Mount",-0.517,-0.061,-0.438,0.282,-0.295,0.000,71,E,0,,,,680261,427.41,0
228,568.294,"Mount",-0.481,-0.044,-0.413,0.251,-0.281,0.000,68,E,0,,,,633661,354.74,0
229,570.642,"Mount",-0.053,-0.212,0.046,0.214,0.000,0.000,0,,0,,,,673428,430.72,0
230,572.909,"Mount",0.090,-0.266,0.197,0.199,0.124,0.000,30,W,0,,,,647507,395.03,0
231,576.861,"Mount",0.120,-0.305,0.242,0.221,0.161,0.221,39,W,1486,S,,,686881,376.84,0
232,579.213,"Mount",0.225,-0.321,0.343,0.190,0.227,0.000,55,W,0,,,,735062,424.58,0
233,581.797,"Mount",-0.530,0.016,-0.483,0.218,-0.288,0.218,70,E,46,S,,,570500,369.56,0
234,584.037,"Mount",-0.186,-0.071,-0.136,0.146,-0.106,0.000,26,E,0,,,,624226,348.87,0
235,586.469,"Mount",-0.360,-0.008,-0.320,0.165,-0.209,0.000,50,E,0,,,,710211,417.54,0
236,588.749,"Mount",-0.124,0.068,-0.141,-0.006,-0.104,0.000,25,E,0,,,,722201,428.72,0
237,591.127,"Mount",0.080,-0.044,0.091,0.004,0.000,0.000,0,,0,,,,778141,398.11,0
238,593.301,"Mount",0.014,-0.193,0.097,0.167,0.000,0.000,0,,0,,,,671715,380.07,0
239,595.821,"Mount",0.049,-0.424,0.230,0.359,0.145,0.359,35,W,75,S,,,666676,392.24,0
240,598.247,"Mount",-0.199,-0.453,0.020,0.494,0.000,0.494,0,,104,S,,,709404,397.65,0
241,600.701,"Mount",-0.479,0.125,-0.485,0.098,-0.306,0.000,74,E,0,,,,734615,451.88,0
242,603.141,"Mount",-0.662,-0.092,-0.555,0.374,-0.371,0.374,90,E,78,S,,,819247,430.03,0
243,605.709,"Mount",-0.417,-0.290,-0.248,0.444,-0.182,0.444,44,E,93,S,,,766018,444.61,0
244,608.452,"Mount",-1.543,-0.584,-1.130,1.202,-0.725,1.202,175,E,252,S,,,617122,408.82,0
245,610.848,"Mount",0.132,0.078,0.084,-0.128,0.000,0.000,0,,0,,,,703360,403.18,0
246,614.853,"Mount",0.171,0.741,-0.171,-0.741,-0.108,-0.741,26,E,1596,N,,,677844,370.49,0
247,617.256,"Mount",0.034,0.041,0.013,-0.052,0.000,0.000,0,,0,,,,730740,427.04,0
248,619.621,"Mount",0.660,-0.176,0.671,-0.132,0.422,0.000,102,W,0,,,,606145,418.21,0
INFO: SET LOCK POSITION, new lock pos = 732.429, 826.406
INFO: DITHER by 4.968, 4.997, new lock pos = 734.700, 819.736
INFO: SETTLING STATE CHANGE, Settling started
249,624.525,"Mount",-2.271,6.670,-4.968,-4.997,-4.968,-4.997,1201,E,1049,N,,,795705,416.92,0
250,627.733,"Mount",1.935,2.738,0.537,-3.309,0.338,-3.309,82,W,695,N,,,589145,351.74,0
251,630.509,"Mount",1.363,1.275,0.665,-1.744,0.443,-1.744,107,W,366,N,,,813499,425.83,0
252,634.685,"Mount",-1.092,-0.228,-0.881,0.684,-0.524,0.684,127,E,1584,S,,,706875,434.17,0
253,637.125,"Mount",-0.299,0.497,-0.486,-0.315,-0.343,0.000,83,E,0,,,,589845,347.62,0
254,640.933,"Mount",0.270,0.602,-0.022,-0.660,0.000,-0.660,0,,1579,N,,,743889,403.06,0
255,643.445,"Mount",-1.042,-0.133,-0.877,0.577,-0.553,0.000,134,E,0,,,,656444,358.82,0
256,647.373,"Mount",0.089,-1.002,0.519,0.861,0.289,0.861,70,W,1621,S,,,583476,366.38,0
INFO: SETTLING STATE CHANGE, Settling complete
257,649.877,"Mount",-0.323,-0.203,-0.201,0.325,-0.107,0.325,26,E,68,S,,,608063,393.56,0
258,652.229,"Mount",0.161,-0.207,0.235,0.115,0.141,0.000,34,W,0,,,,710446,345.87,0
259,654.781,"Mount",-0.381,-0.134,-0.284,0.288,-0.169,0.288,41,E,60,S,,,663412,381.73,0
260,656.970,"Mount",-0.162,-0.073,-0.114,0.137,0.000,0.000,0,,0,,,,744350,387.24,0
261,659.328,"Mount",0.008,-0.050,0.029,0.041,0.000,0.000,0,,0,,,,560367,302.61,0
262,661.645,"Mount",0.086,-0.178,0.155,0.123,0.098,0.000,24,W,0,,,,577147,334.42,0
263,664.077,"Mount",-0.144,-0.206,-0.039,0.248,0.000,0.248,0,,52,S,,,656484,350.87,0
264,666.389,"Mount",-0.206,-0.260,-0.071,0.324,0.000,0.324,0,,68,S,,,694574,418.24,0
265,669.101,"Mount",-0.702,-0.178,-0.553,0.468,-0.349,0.468,84,E,98,S,,,689587,438.18,0
266,671.493,"Mount",-0.446,-0.059,-0.375,0.249,-0.261,0.249,63,E,52,S,,,591646,389.02,0
267,673.936,"Mount",0.005,0.371,-0.158,-0.336,-0.118,0.000,28,E,0,,,,630244,392.29,0
268,676.287,"Mount",-0.116,0.274,-0.224,-0.195,-0.150,0.000,36,E,0,,,,580496,336.40,0
269,678.668,"Mount",-0.099,-0.150,-0.023,0.179,0.000,0.000,0,,0,,,,669065,435.57,0
270,680.872,"Mount",-0.020,-0.079,0.017,0.080,0.000,0.000,0,,0,,,,692810,447.34,0
271,683.260,"Mount",-0.151,-0.102,-0.091,0.158,0.000,0.000,0,,0,,,,697680,387.36,0
272,685.669,"Mount",-0.016,-0.455,0.186,0.416,0.117,0.416,28,W,87,S,,,705839,404.92,0
273,688.037,"Mount",-0.064,-0.057,-0.032,0.079,0.000,0.000,0,,0,,,,669502,390.42,0
274,690.667,"Mount",-0.219,0.068,-0.226,0.035,-0.143,0.000,34,E,0,,,,640337,404.47,0
275,693.253,"Mount",-0.488,-0.128,-0.382,0.329,-0.251,0.329,61,E,69,S,,,623542,351.71,0
276,695.797,"Mount",-0.846,-0.095,-0.718,0.456,-0.470,0.456,114,E,96,S,,,662026,405.34,0
277,698.293,"Mount",-0.426,-0.002,-0.382,0.189,-0.274,0.000,66,E,0,,,,775445,452.97,0
278,700.606,"Mount",-0.224,0.385,-0.370,-0.247,-0.252,0.000,61,E,0,,,,697678,392.93,0
279,703.002,"Mount",0.031,0.002,0.027,-0.015,0.000,0.000,0,,0,,,,735881,416.26,0
280,705.220,"Mount",0.078,0.080,0.035,-0.106,0.000,0.000,0,,0,,,,575460,384.77,0
281,707.595,"Mount",0.021,0.136,-0.041,-0.132,0.000,0.000,0,,0,,,,768861,387.41,0
282,709.952,"Mount",-0.644,0.442,-0.773,-0.115,-0.487,0.000,118,E,0,,,,633841,346.88,0
283,712.438,"Mount",-0.288,0.310,-0.394,-0.152,-0.283,0.000,68,E,0,,,,647531,385.67,0
284,714.692,"Mount",0.018,-0.013,0.022,0.004,0.000,0.000,0,,0,,,,615390,372.19,0
285,717.221,"Mount",-0.429,-0.172,-0.310,0.343,-0.195,0.343,47,E,72,S,,,623068,404.80,0
286,719.574,"Mount",-0.492,0.050,-0.464,0.171,-0.306,0.000,74,E,0,,,,644055,400.41,0
287,722.181,"Mount",-0.021,-0.334,0.128,0.310,0.000,0.310,0,,65,S,,,657530,397.94,0
288,724.501,"Mount",-0.094,-0.252,0.026,0.267,0.000,0.267,0,,56,S,,,686266,420.36,0
289,726.918,"Mount",0.158,-0.267,0.259,0.171,0.163,0.000,39,W,0,,,,676287,398.48,0
290,729.253,"Mount",0.098,-0.212,0.181,0.147,0.126,0.000,30,W,0,,,,697512,413.60,0
291,731.853,"Mount",-0.387,-0.235,-0.244,0.381,-0.145,0.381,35,E,80,S,,,608352,366.07,0
292,734.155,"Mount",-0.093,0.143,-0.147,-0.088,-0.103,0.000,25,E,0,,,,636841,365.00,0
293,736.506,"Mount",0.015,0.240,-0.092,-0.223,0.000,0.000,0,,0,,,,623147,360.33,0
294,738.837,"Mount",-0.248,0.260,-0.337,-0.125,-0.212,0.000,51,E,0,,,,686137,427.55,0
295,741.167,"Mount",-0.102,0.082,-0.127,-0.029,0.000,0.000,0,,0,,,,604247,387.98,0
296,743.369,"Mount",0.043,-0.005,0.041,-0.015,0.000,0.000,0,,0,,,,648896,414.11,0
297,745.813,"Mount",0.436,-0.215,0.487,0.002,0.307,0.000,74,W,0,,,,622964,365.50,0
298,748.117,"Mount",-0.124,-0.237,-0.007,0.267,0.000,0.267,0,,56,S,,,708120,397.59,0
299,750.549,"Mount",-0.383,-0.006,-0.342,0.173,-0.215,0.000,52,E,0,,,,652134,403.00,0
300,753.029,"Mount",-0.131,-0.289,0.009,0.317,0.000,0.317,0,,66,S,,,753902,388.35,0
301,755.501,"Mount",-0.434,0.117,-0.442,0.085,-0.278,0.000,67,E,0,,,,649895,414.86,0
302,757.773,"Mount",-0.324,0.113,-0.341,0.041,-0.234,0.000,57,E,0,,,,592129,336.31,0
303,760.269,"Mount",-0.407,0.401,-0.542,-0.181,-0.358,0.000,86,E,0,,,,687036,414.37,0
304,762.475,"Mount",-0.110,0.045,-0.119,0.007,0.000,0.000,0,,0,,,,673755,400.53,0
305,764.917,"Mount",-0.182,-0.143,-0.101,0.209,0.000,0.209,0,,44,S,,,672132,403.74,0
306,767.197,"Mount",-0.095,-0.205,0.004,0.226,0.000,0.226,0,,48,S,,,702459,391.56,0
307,769.645,"Mount",0.458,-0.101,0.456,-0.110,0.287,0.000,69,W,0,,,,619315,388.78,0
308,771.969,"Mount",0.429,-0.111,0.435,-0.088,0.294,0.000,71,W,0,,,,604509,346.81,0
309,774.369,"Mount",0.012,0.035,-0.005,-0.036,0.000,0.000,0,,0,,,,705544,404.30,0
310,776.702,"Mount",-0.264,0.121,-0.291,0.008,-0.183,0.000,44,E,0,,,,659406,389.63,0
311,779.395,"Mount",-0.399,-0.344,-0.207,0.484,-0.143,0.484,35,E,102,S,,,732488,411.14,0
312,781.829,"Mount",-0.545,-0.145,-0.427,0.369,-0.279,0.369,67,E,78,S,,,688231,401.56,0
313,784.525,"Mount",-0.402,-0.099,-0.317,0.266,-0.220,0.266,53,E,56,S,,,535500,357.73,0
314,786.789,"Mount",-0.187,0.101,-0.212,-0.008,-0.149,0.000,36,E,0,,,,642738,418.35,0
315,789.277,"Mount",0.266,0.225,0.140,-0.319,0.078,0.000,19,W,0,,,,603938,357.29,0
316,791.549,"Mount",0.172,-0.290,0.282,0.185,0.183,0.000,44,W,0,,,,643671,413.40,0
317,794.029,"Mount",0.475,-0.185,0.508,-0.043,0.333,0.000,80,W,0,,,,619842,393.65,0
318,796.253,"Mount",-0.121,-0.024,-0.099,0.075,0.000,0.000,0,,0,,,,583520,362.79,0
319,798.800,"Mount",-0.268,-0.101,-0.197,0.208,-0.124,0.208,30,E,44,S,,,611130,369.89,0
320,801.093,"Mount",-0.062,0.197,-0.142,-0.150,-0.098,0.000,24,E,0,,,,657755,379.47,0
321,803.469,"Mount",0.001,0.016,-0.006,-0.015,0.000,0.000,0,,0,,,,584201,380.41,0
322,805.741,"Mount",-0.151,0.154,-0.203,-0.072,-0.128,0.000,31,E,0,,,,620346,349.08,0
323,808.167,"Mount",0.011,-0.005,0.012,-0.000,0.000,0.000,0,,0,,,,615175,360.58,0
324,810.509,"Mount",0.168,0.013,0.145,-0.086,0.092,0.000,22,W,0,,,,616757,360.06,0
325,812.951,"Mount",0.162,-0.099,0.189,0.018,0.125,0.000,30,W,0,,,,596272,378.27,0
326,815.320,"Mount",-0.077,-0.146,-0.005,0.165,0.000,0.000,0,,0,,,,619553,363.97,0
327,817.741,"Mount",-0.229,0.018,-0.214,0.085,-0.135,0.000,33,E,0,,,,715361,426.34,0
328,820.067,"Mount",-0.204,-0.320,-0.043,0.377,0.000,0.377,0,,79,S,,,506298,332.26,0
329,822.589,"Mount",-0.553,0.316,-0.635,-0.042,-0.400,0.000,97,E,0,,,,614999,359.35,0
330,824.965,"Mount",-0.477,-0.050,-0.406,0.254,-0.284,0.254,69,E,53,S,,,673816,425.67,0
331,827.437,"Mount",-0.410,0.289,-0.495,-0.079,-0.332,0.000,80,E,0,,,,607344,350.26,0
332,829.618,"Mount",-0.073,-0.122,-0.012,0.142,0.000,0.000,0,,0,,,,642578,371.29,0
333,831.959,"Mount",-0.013,-0.034,0.004,0.036,0.000,0.000,0,,0,,,,706411,422.49,0
334,834.405,"Mount",0.270,-0.405,0.420,0.246,0.265,0.246,64,W,52,S,,,584790,353.08,0
335,836.832,"Mount",-0.230,-0.041,-0.189,0.138,-0.100,0.000,24,E,0,,,,506163,338.96,0
336,839.157,"Mount",0.047,-0.244,0.149,0.199,0.087,0.000,21,W,0,,,,649439,394.51,0
337,841.607,"Mount",-0.268,-0.030,-0.227,0.144,-0.137,0.000,33,E,0,,,,584869,359.22,0
338,844.055,"Mount",-0.378,-0.230,-0.239,0.373,-0.160,0.373,39,E,78,S,,,618157,364.61,0
339,846.501,"Mount",-0.500,0.081,-0.485,0.147,-0.317,0.000,77,E,0,,,,631344,354.59,0
340,848.837,"Mount",-0.510,0.032,-0.472,0.195,-0.320,0.000,77,E,0,,,,653457,425.48,0
341,851.368,"Mount",-0.472,-0.060,-0.397,0.261,-0.273,0.261,66,E,55,S,,,678778,390.04,0
342,853.765,"Mount",-0.364,-0.364,-0.168,0.487,-0.125,0.487,30,E,102,S,,,707735,400.67,0
343,856.445,"Mount",-0.466,-0.135,-0.360,0.326,-0.235,0.326,57,E,68,S,,,638272,358.02,0
344,858.774,"Mount",-0.597,0.133,-0.595,0.142,-0.391,0.000,95,E,0,,,,501937,324.94,0
345,861.245,"Mount",-0.316,0.582,-0.540,-0.384,-0.367,0.000,89,E,0,,,,622513,377.20,0
346,863.621,"Mount",-0.220,0.030,-0.211,0.069,-0.159,0.000,38,E,0,,,,535779,345.22,0
347,866.085,"Mount",-0.334,0.294,-0.429,-0.117,-0.281,0.000,68,E,0,,,,601042,334.97,0
348,868.517,"Mount",-0.341,0.291,-0.434,-0.112,-0.293,0.000,71,E,0,,,,591922,350.98,0
349,871.021,"Mount",-0.352,0.304,-0.449,-0.118,-0.304,0.000,73,E,0,,,,612768,350.53,0
350,873.373,"Mount",-0.050,0.436,-0.236,-0.370,-0.170,0.000,41,E,0,,,,678223,360.78,0
351,875.759,"Mount",0.156,0.159,0.070,-0.211,0.000,0.000,0,,0,,,,535700,320.47,0
352,877.940,"Mount",0.009,0.143,-0.055,-0.133,0.000,0.000,0,,0,,,,708967,405.30,0
353,880.389,"Mount",0.283,-0.163,0.326,0.022,0.205,0.000,50,W,0,,,,651059,412.16,0
354,882.685,"Mount",-0.324,-0.300,-0.160,0.412,-0.086,0.000,21,E,0,,,,622898,391.79,0
355,885.181,"Mount",-0.257,0.293,-0.360,-0.151,-0.233,0.000,56,E,0,,,,557066,332.21,0
356,887.670,"Mount",-0.237,0.576,-0.466,-0.414,-0.310,0.000,75,E,0,,,,604786,350.24,0
357,890.125,"Mount",-0.454,0.398,-0.582,-0.158,-0.388,0.000,94,E,0,,,,620692,361.01,0
358,892.469,"Mount",-0.475,0.025,-0.437,0.186,-0.303,0.000,73,E,0,,,,592974,361.44,0
359,894.901,"Mount",-0.008,-0.368,0.154,0.334,0.076,0.000,18,W,0,,,,614533,366.13,0
360,897.213,"Mount",-0.219,-0.295,-0.068,0.361,0.000,0.361,0,,76,S,,,634529,388.75,0
361,899.691,"Mount",-0.059,-0.248,0.055,0.249,0.000,0.249,0,,52,S,,,515912,329.63,0
362,901.915,"Mount",0.065,0.043,0.040,-0.067,0.000,0.000,0,,0,,,,680191,400.08,0
363,904.421,"Mount",-0.259,0.070,-0.263,0.050,-0.166,0.000,40,E,0,,,,599094,369.07,0
364,906.709,"Mount",-0.220,0.191,-0.281,-0.075,-0.189,0.000,46,E,0,,,,600140,359.15,0
365,909.101,"Mount",0.007,0.196,-0.080,-0.179,0.000,0.000,0,,0,,,,538996,329.29,0
366,911.501,"Mount",-0.586,0.625,-0.800,-0.304,-0.504,0.000,122,E,0,,,,627911,416.73,0
367,913.885,"Mount",0.034,0.104,-0.015,-0.109,0.000,0.000,0,,0,,,,657646,402.12,0
368,916.229,"Mount",-0.308,-0.068,-0.247,0.197,-0.156,0.000,38,E,0,,,,613341,395.64,0
369,918.699,"Mount",0.273,-0.258,0.359,0.112,0.215,0.000,52,W,0,,,,654075,388.99,0
370,921.061,"Mount",-0.178,-0.524,0.070,0.549,0.000,0.549,0,,115,S,,,678394,404.35,0
371,923.473,"Mount",0.063,-0.134,0.115,0.093,0.000,0.000,0,,0,,,,665074,373.10,0
372,925.699,"Mount",0.037,-0.031,0.047,0.011,0.000,0.000,0,,0,,,,604205,377.78,0
373,928.166,"Mount",-0.088,-0.203,0.010,0.221,0.000,0.221,0,,46,S,,,578404,367.24,0
374,930.658,"Mount",0.023,0.279,-0.101,-0.261,0.000,0.000,0,,0,,,,580331,371.60,0
375,933.151,"Mount",-0.301,0.086,-0.308,0.054,-0.194,0.000,47,E,0,,,,606064,412.07,0
376,935.510,"Mount",-0.148,0.276,-0.254,-0.183,-0.174,0.000,42,E,0,,,,728813,413.71,0
377,937.958,"Mount",-0.215,-0.185,-0.112,0.260,0.000,0.260,0,,55,S,,,663115,401.26,0
378,940.210,"Mount",-0.051,0.118,-0.097,-0.083,0.000,0.000,0,,0,,,,682391,408.51,0
379,942.587,"Mount",-0.083,0.058,-0.100,-0.016,0.000,0.000,0,,0,,,,659914,429.73,0
380,945.045,"Mount",0.278,-0.392,0.421,0.230,0.266,0.230,64,W,48,S,,,553669,317.22,0
381,947.565,"Mount",-0.216,-0.248,-0.086,0.318,0.000,0.318,0,,67,S,,,600971,383.24,0
382,949.979,"Mount",-0.640,0.122,-0.628,0.171,-0.396,0.000,96,E,0,,,,562037,324.15,0
383,952.581,"Mount",-0.583,-0.222,-0.426,0.455,-0.296,0.455,72,E,96,S,,,545094,387.08,0
384,954.885,"Mount",-0.347,0.285,-0.437,-0.104,-0.296,0.000,72,E,0,,,,722673,377.78,0
385,957.240,"Mount",0.222,0.242,0.093,-0.315,0.000,0.000,0,,0,,,,625905,387.36,0
386,959.575,"Mount",0.325,0.140,0.230,-0.269,0.145,0.000,35,W,0,,,,695780,394.98,0
387,961.961,"Mount",0.065,0.161,-0.012,-0.173,0.000,0.000,0,,0,,,,722193,409.90,0
388,964.497,"Mount",0.242,0.388,0.047,-0.455,0.000,0.000,0,,0,,,,581826,381.15,0
389,966.905,"Mount",0.061,0.055,0.031,-0.076,0.000,0.000,0,,0,,,,675909,371.96,0
390,969.281,"Mount",-0.047,-0.042,-0.024,0.059,0.000,0.000,0,,0,,,,641652,362.17,0
391,971.816,"Mount",-0.168,0.113,-0.200,-0.028,-0.126,0.000,31,E,0,,,,635214,435.06,0
392,974.109,"Mount",-0.401,-0.162,-0.289,0.321,-0.191,0.000,46,E,0,,,,618597,384.72,0
393,976.743,"Mount",-0.523,0.090,-0.510,0.148,-0.334,0.000,81,E,0,,,,646152,378.26,0
394,979.104,"Mount",-0.510,0.161,-0.529,0.079,-0.357,0.000,86,E,0,,,,711072,416.52,0
395,981.477,"Mount",-0.004,0.187,-0.086,-0.166,0.000,0.000,0,,0,,,,708512,432.08,0
396,983.727,"Mount",0.150,0.166,0.062,-0.215,0.000,0.000,0,,0,,,,611509,375.15,0
397,986.341,"Mount",0.380,-0.447,0.538,0.235,0.339,0.235,82,W,49,S,,,591746,383.78,0
398,988.544,"Mount",0.064,0.094,0.016,-0.112,0.000,0.000,0,,0,,,,681193,393.51,0
399,991.157,"Mount",-0.186,-0.289,-0.040,0.341,0.000,0.341,0,,72,S,,,613656,374.58,0
400,993.445,"Mount",-0.089,0.122,-0.134,-0.070,-0.084,0.000,20,E,0,,,,718937,409.27,0
401,995.877,"Mount",-0.324,0.233,-0.393,-0.068,-0.254,0.000,61,E,0,,,,609706,374.27,0
402,998.110,"Mount",-0.014,0.044,-0.032,-0.033,0.000,0.000,0,,0,,,,687667,400.45,0
403,1000.629,"Mount",-0.485,0.008,-0.439,0.206,-0.277,0.206,67,E,43,S,,,623655,386.99,0
404,1002.941,"Mount",-0.259,0.102,-0.278,0.022,-0.194,0.000,47,E,0,,,,526919,373.66,0
405,1005.405,"Mount",0.276,0.201,0.159,-0.302,0.087,0.000,21,W,0,,,,579350,362.99,0
406,1007.649,"Mount",-0.022,0.099,-0.063,-0.079,0.000,0.000,0,,0,,,,625413,356.25,0
407,1009.994,"Mount",0.021,0.076,-0.014,-0.078,0.000,0.000,0,,0,,,,715011,377.22,0
408,1012.250,"Mount",-0.069,-0.043,-0.043,0.069,0.000,0.000,0,,0,,,,544321,337.90,0
409,1014.733,"Mount",-0.402,0.077,-0.395,0.107,-0.249,0.000,60,E,0,,,,579887,344.48,0
410,1017.053,"Mount",-0.583,0.151,-0.590,0.120,-0.389,0.000,94,E,0,,,,509637,365.41,0
411,1019.589,"Mount",-0.459,-0.065,-0.384,0.260,-0.269,0.260,65,E,55,S,,,610281,405.17,0
412,1022.029,"Mount",-0.411,0.064,-0.398,0.123,-0.269,0.000,65,E,0,,,,644759,364.76,0
413,1024.477,"Mount",-0.115,-0.280,0.020,0.302,0.000,0.302,0,,63,S,,,600196,396.49,0
414,1026.814,"Mount",0.433,-0.117,0.441,-0.085,0.278,0.000,67,W,0,,,,628599,350.07,0
415,1029.485,"Mount",0.615,0.154,0.485,-0.409,0.325,0.000,79,W,0,,,,613099,371.67,0
416,1031.845,"Mount",0.633,-0.040,0.586,-0.242,0.392,0.000,95,W,0,,,,547894,354.93,0
417,1034.252,"Mount",-0.034,-0.010,-0.026,0.024,0.000,0.000,0,,0,,,,684062,416.80,0
418,1036.444,"Mount",0.095,0.291,-0.043,-0.303,0.000,0.000,0,,0,,,,585873,374.65,0
419,1039.053,"Mount",-0.451,-0.084,-0.368,0.273,-0.232,0.273,56,E,57,S,,,643675,369.05,0
420,1041.247,"Mount",0.002,0.028,-0.010,-0.026,0.000,0.000,0,,0,,,,653693,380.60,0
421,1043.781,"Mount",0.283,0.023,0.245,-0.145,0.154,0.000,37,W,0,,,,659943,381.19,0
422,1045.951,"Mount",0.023,0.104,-0.025,-0.103,0.000,0.000,0,,0,,,,606563,368.07,0
423,1048.437,"Mount",0.218,-0.273,0.316,0.150,0.199,0.000,48,W,0,,,,570341,351.43,0
424,1051.025,"Mount",-0.170,-0.321,-0.012,0.363,0.000,0.000,0,,0,,,,619164,400.08,0
425,1053.427,"Mount",-0.011,-0.069,0.020,0.067,0.000,0.000,0,,0,,,,665027,392.60,0
426,1055.641,"Mount",-0.078,-0.085,-0.033,0.111,0.000,0.000,0,,0,,,,752023,478.46,0
427,1058.261,"Mount",-0.539,-0.418,-0.301,0.613,-0.189,0.613,46,E,129,S,,,654443,374.30,0
428,1060.532,"Mount",-0.151,-0.058,-0.110,0.118,0.000,0.000,0,,0,,,,578241,416.88,0
429,1063.030,"Mount",-0.167,0.353,-0.305,-0.244,-0.192,0.000,46,E,0,,,,573102,341.63,0
430,1065.287,"Mount",0.027,0.198,-0.063,-0.190,0.000,0.000,0,,0,,,,616805,375.41,0
431,1067.830,"Mount",-0.012,-0.420,0.173,0.382,0.109,0.382,26,W,80,S,,,655793,426.28,0
432,1070.150,"Mount",0.246,-0.317,0.360,0.177,0.235,0.000,57,W,0,,,,650806,364.54,0
433,1072.733,"Mount",0.082,-0.491,0.289,0.405,0.198,0.405,48,W,85,S,,,577943,370.84,0
434,1075.085,"Mount",-0.317,-0.374,-0.121,0.475,0.000,0.475,0,,100,S,,,668191,440.58,0
435,1077.435,"Mount",-0.069,-0.021,-0.053,0.050,0.000,0.000,0,,0,,,,547097,325.04,0
436,1079.658,"Mount",0.125,0.008,0.109,-0.062,0.000,0.000,0,,0,,,,708510,406.30,0
437,1082.005,"Mount",0.137,0.157,0.054,-0.201,0.000,0.000,0,,0,,,,540633,333.68,0
438,1084.388,"Mount",0.075,0.206,-0.023,-0.218,0.000,0.000,0,,0,,,,510101,299.64,0
439,1086.805,"Mount",-0.257,0.067,-0.261,0.053,-0.164,0.000,40,E,0,,,,601311,367.05,0
440,1089.143,"Mount",-0.280,0.057,-0.277,0.072,-0.186,0.000,45,E,0,,,,502036,312.70,0
441,1091.669,"Mount",0.389,-0.320,0.490,0.117,0.296,0.000,71,W,0,,,,635506,374.42,0
442,1093.981,"Mount",0.085,-0.130,0.133,0.080,0.105,0.000,25,W,0,,,,755443,397.23,0
443,1096.477,"Mount",-0.167,-0.331,-0.005,0.371,0.000,0.371,0,,78,S,,,539490,355.85,0
444,1098.676,"Mount",-0.037,0.017,-0.041,0.001,0.000,0.000,0,,0,,,,644573,352.46,0
445,1101.021,"Mount",-0.037,-0.024,-0.023,0.037,0.000,0.000,0,,0,,,,565533,339.57,0
446,1103.357,"Mount",-0.144,-0.263,-0.014,0.300,0.000,0.300,0,,63,S,,,565789,392.70,0
447,1105.731,"Mount",-0.109,0.006,-0.100,0.042,0.000,0.000,0,,0,,,,516205,346.60,0
448,1107.946,"Mount",-0.071,0.090,-0.103,-0.050,0.000,0.000,0,,0,,,,613445,398.21,0
449,1110.306,"Mount",-0.066,0.106,-0.106,-0.067,0.000,0.000,0,,0,,,,594802,354.04,0
450,1112.885,"Mount",-0.255,-0.104,-0.184,0.205,-0.116,0.205,28,E,43,S,,,607386,360.74,0
451,1115.288,"Mount",0.132,0.160,0.048,-0.201,0.000,0.000,0,,0,,,,564163,372.53,0
452,1117.590,"Mount",0.421,-0.058,0.404,-0.133,0.255,0.000,62,W,0,,,,731461,444.21,0
453,1120.031,"Mount",-0.163,0.273,-0.266,-0.174,-0.150,0.000,36,E,0,,,,485684,330.21,0
454,1122.325,"Mount",-0.257,0.341,-0.380,-0.194,-0.250,0.000,60,E,0,,,,597486,339.24,0
455,1124.829,"Mount",-0.429,0.155,-0.454,0.050,-0.303,0.000,73,E,0,,,,692862,394.69,0
456,1127.085,"Mount",-0.098,0.226,-0.187,-0.160,-0.139,0.000,34,E,0,,,,604932,406.28,0
457,1129.566,"Mount",-0.332,0.248,-0.407,-0.077,-0.266,0.000,64,E,0,,,,684649,407.94,0
458,1131.797,"Mount",0.130,0.114,0.067,-0.159,0.000,0.000,0,,0,,,,546853,340.93,0
459,1134.333,"Mount",0.128,-0.311,0.251,0.224,0.158,0.224,38,W,47,S,,,568543,342.47,0
460,1136.741,"Mount",0.062,-0.398,0.230,0.331,0.156,0.331,38,W,69,S,,,678414,429.12,0
461,1139.127,"Mount",0.216,0.406,0.016,-0.459,0.000,0.000,0,,0,,,,553815,345.08,0
462,1141.374,"Mount",0.088,-0.101,0.124,0.053,0.000,0.000,0,,0,,,,590113,380.34,0
463,1143.829,"Mount",-0.356,0.299,-0.451,-0.113,-0.284,0.000,69,E,0,,,,598647,344.92,0
464,1146.325,"Mount",-0.255,0.426,-0.416,-0.271,-0.282,0.000,68,E,0,,,,535598,326.68,0
465,1148.893,"Mount",-0.364,0.621,-0.600,-0.398,-0.397,0.000,96,E,0,,,,572741,354.51,0
466,1151.261,"Mount",-0.697,0.233,-0.728,0.097,-0.487,0.000,118,E,0,,,,603628,372.33,0
467,1153.677,"Mount",-0.145,0.175,-0.207,-0.094,-0.164,0.000,40,E,0,,,,543473,334.38,0
468,1156.005,"Mount",-0.090,0.125,-0.136,-0.073,-0.097,0.000,24,E,0,,,,648033,415.05,0
469,1159.877,"Mount",0.219,0.214,0.103,-0.288,0.000,-0.288,0,,1501,N,,,654170,406.41,0
470,1162.240,"Mount",-0.176,-0.003,-0.157,0.080,-0.099,0.000,24,E,0,,,,549154,372.86,0
471,1166.486,"Mount",-0.978,-1.170,-0.365,1.481,-0.237,1.481,57,E,1751,S,,,650021,420.86,0
472,1169.174,"Mount",0.055,0.461,-0.152,-0.439,-0.113,0.000,27,E,0,,,,650357,371.56,0
473,1171.433,"Mount",0.255,0.320,0.088,-0.399,0.000,0.000,0,,0,,,,655063,401.99,0
474,1173.883,"Mount",-0.035,0.609,-0.298,-0.532,-0.188,0.000,45,E,0,,,,601019,408.81,0
475,1176.197,"Mount",-0.080,0.642,-0.354,-0.541,-0.236,0.000,57,E,0,,,,511944,355.83,0
476,1178.661,"Mount",-0.161,0.194,-0.230,-0.103,-0.161,0.000,39,E,0,,,,641316,392.45,0
477,1180.844,"Mount",0.297,0.464,0.063,-0.547,0.000,0.000,0,,0,,,,508348,317.53,0
478,1183.208,"Mount",0.025,0.227,-0.077,-0.215,0.000,0.000,0,,0,,,,696769,401.07,0
479,1185.509,"Mount",-0.086,0.480,-0.288,-0.394,-0.182,0.000,44,E,0,,,,537565,335.44,0
480,1189.533,"Mount",-0.319,0.426,-0.473,-0.243,-0.311,-0.243,75,E,1468,N,,,536621,332.49,0
481,1192.200,"Mount",-1.135,0.018,-1.027,0.482,-0.669,0.000,162,E,0,,,,681269,371.00,0
482,1194.450,"Mount",-0.110,-0.267,0.018,0.289,0.000,0.000,0,,0,,,,624590,369.11,0
483,1196.804,"Mount",-0.307,-0.496,-0.058,0.580,0.000,0.000,0,,0,,,,724975,411.09,0
484,1200.589,"Mount",-0.234,-0.654,0.077,0.691,0.000,0.691,0,,1525,S,,,647903,385.38,0
485,1202.937,"Mount",-0.166,-0.101,-0.105,0.164,0.000,0.000,0,,0,,,,603893,380.63,0
486,1205.293,"Mount",-0.320,-0.208,-0.196,0.327,-0.124,0.327,30,E,69,S,,,676726,413.06,0
487,1207.693,"Mount",-0.138,0.038,-0.141,0.026,-0.098,0.000,24,E,0,,,,604711,342.69,0
488,1209.950,"Mount",-0.165,0.074,-0.181,0.006,-0.121,0.000,29,E,0,,,,765207,417.80,0
489,1212.429,"Mount",-0.382,0.330,-0.488,-0.129,-0.316,0.000,76,E,0,,,,471434,335.11,0
490,1214.805,"Mount",-0.133,0.209,-0.212,-0.130,-0.155,0.000,38,E,0,,,,652366,383.92,0
491,1217.171,"Mount",0.012,-0.146,0.075,0.126,0.000,0.000,0,,0,,,,545994,303.17,0
492,1219.606,"Mount",0.347,-0.431,0.501,0.235,0.316,0.235,76,W,49,S,,,606412,367.84,0
493,1222.173,"Mount",0.822,-0.278,0.861,-0.111,0.564,0.000,136,W,0,,,,545125,347.69,0
494,1224.677,"Mount",0.516,-0.577,0.717,0.293,0.491,0.293,119,W,61,S,,,572300,353.53,0
495,1227.094,"Mount",-0.200,0.020,-0.188,0.069,-0.084,0.000,20,E,0,,,,651592,416.08,0
496,1229.453,"Mount",-0.477,-0.000,-0.428,0.209,-0.276,0.209,67,E,44,S,,,557376,323.97,0
497,1232.011,"Mount",-0.061,-0.304,0.079,0.300,0.000,0.300,0,,63,S,,,510672,371.08,0
498,1234.398,"Mount",-0.351,0.174,-0.392,-0.002,-0.247,0.000,60,E,0,,,,628190,415.83,0
499,1236.845,"Mount",-0.214,0.271,-0.312,-0.149,-0.214,0.000,52,E,0,,,,671443,387.18,0
500,1239.421,"Mount",-0.537,0.159,-0.552,0.093,-0.363,0.000,88,E,0,,,,526991,309.59,0
501,1241.901,"Mount",0.172,-0.102,0.199,0.016,0.100,0.000,24,W,0,,,,537784,371.03,0
502,1244.205,"Mount",-0.062,-0.374,0.108,0.363,0.000,0.363,0,,76,S,,,578042,354.53,0
503,1246.583,"Mount",-0.130,0.001,-0.117,0.057,0.000,0.000,0,,0,,,,562916,347.35,0
504,1248.926,"Mount",-0.413,0.169,-0.445,0.030,-0.280,0.000,68,E,0,,,,673758,432.92,0
505,1251.337,"Mount",-0.088,-0.056,-0.054,0.089,0.000,0.000,0,,0,,,,617177,415.04,0
506,1253.626,"Mount",-0.045,-0.020,-0.031,0.038,0.000,0.000,0,,0,,,,548558,343.90,0
507,1255.988,"Mount",-0.135,-0.003,-0.119,0.062,0.000,0.000,0,,0,,,,568705,338.94,0
INFO: SET LOCK POSITION, new lock pos = 734.700, 819.736
INFO: DITHER by 1.115, -1.076, new lock pos = 736.174, 820.213
INFO: SETTLING STATE CHANGE, Settling started
508,1259.555,"Mount",-1.474,-0.477,-1.115,1.076,-1.115,1.076,270,E,226,S,,,550195,317.86,0
509,1262.093,"Mount",-0.681,-0.161,-0.541,0.444,-0.341,0.000,82,E,0,,,,641689,404.84,0
510,1264.493,"Mount",-0.105,-0.629,0.181,0.611,0.090,0.611,22,W,128,S,,,579027,351.52,0
511,1266.989,"Mount",0.140,-0.381,0.293,0.281,0.191,0.281,46,W,59,S,,,611239,368.29,0
512,1269.277,"Mount",-0.203,-0.143,-0.120,0.217,0.000,0.217,0,,46,S,,,515067,311.92,0
513,1273.277,"Mount",-0.117,0.764,-0.441,-0.635,-0.278,-0.635,67,E,1513,N,,,583193,388.84,0
INFO: SETTLING STATE CHANGE, Settling complete
514,1275.613,"Mount",-0.639,0.530,-0.807,-0.196,-0.528,0.000,128,E,0,,,,680359,412.94,0
515,1279.693,"Mount",-1.031,-0.194,-0.841,0.627,-0.567,0.627,137,E,1512,S,,,793490,450.89,0
516,1282.205,"Mount",0.331,0.331,0.152,-0.443,0.056,0.000,14,W,0,,,,687233,421.37,0
517,1284.416,"Mount",0.002,-0.049,0.023,0.043,0.000,0.000,0,,0,,,,689822,438.25,0
518,1286.838,"Mount",-0.040,-0.189,0.047,0.187,0.000,0.000,0,,0,,,,607571,377.69,0
519,1289.379,"Mount",0.109,-0.549,0.339,0.446,0.213,0.446,52,W,94,S,,,462822,307.82,0
520,1291.946,"Mount",0.419,-0.194,0.462,-0.010,0.306,0.000,74,W,0,,,,699368,421.49,0
521,1294.381,"Mount",-0.250,-0.076,-0.191,0.178,-0.099,0.000,24,E,0,,,,583447,372.54,0
522,1296.806,"Mount",-0.207,0.103,-0.231,-0.002,-0.153,0.000,37,E,0,,,,570123,352.01,0
523,1299.301,"Mount",-0.650,-0.063,-0.556,0.342,-0.361,0.342,87,E,72,S,,,544238,343.81,0
524,1301.897,"Mount",-0.255,0.248,-0.338,-0.111,-0.238,0.000,58,E,0,,,,520705,318.67,0
525,1304.189,"Mount",-0.088,0.326,-0.222,-0.254,-0.156,0.000,38,E,0,,,,478635,308.28,0
526,1306.603,"Mount",-0.172,-0.078,-0.121,0.146,0.000,0.000,0,,0,,,,702202,390.61,0
527,1309.005,"Mount",-0.315,-0.203,-0.194,0.321,-0.122,0.321,29,E,67,S,,,548780,339.79,0
528,1311.406,"Mount",-0.280,0.080,-0.286,0.051,-0.189,0.000,46,E,0,,,,562727,387.44,0
529,1313.765,"Mount",-0.402,-0.018,-0.353,0.193,-0.236,0.000,57,E,0,,,,617674,370.01,0
530,1316.142,"Mount",0.043,0.241,-0.067,-0.236,0.000,0.000,0,,0,,,,679839,377.80,0
531,1318.533,"Mount",-0.288,-0.152,-0.192,0.262,-0.121,0.262,29,E,55,S,,,731870,420.60,0
532,1320.925,"Mount",-0.238,0.153,-0.281,-0.033,-0.185,0.000,45,E,0,,,,695688,377.23,0
533,1323.286,"Mount",-0.560,0.091,-0.543,0.164,-0.355,0.000,86,E,0,,,,408065,306.64,0
534,1325.789,"Mount",-0.432,0.007,-0.392,0.184,-0.271,0.000,66,E,0,,,,663163,366.85,0
535,1328.052,"Mount",-0.178,-0.077,-0.126,0.147,0.000,0.000,0,,0,,,,544995,346.32,0
536,1330.459,"Mount",0.068,0.193,-0.024,-0.204,0.000,0.000,0,,0,,,,579900,340.36,0
537,1332.752,"Mount",-0.071,0.005,-0.066,0.027,0.000,0.000,0,,0,,,,691871,402.35,0
538,1335.349,"Mount",0.061,-0.596,0.316,0.508,0.199,0.508,48,W,107,S,,,491290,300.83,0
539,1337.662,"Mount",-0.234,-0.206,-0.120,0.288,0.000,0.288,0,,60,S,,,562061,376.12,0
540,1340.277,"Mount",-0.711,-0.080,-0.604,0.384,-0.380,0.384,92,E,81,S,,,569754,370.75,0
541,1342.727,"Mount",-0.286,0.204,-0.347,-0.058,-0.245,0.000,59,E,0,,,,469887,311.68,0
542,1345.061,"Mount",0.042,0.170,-0.036,-0.171,0.000,0.000,0,,0,,,,481111,309.65,0
543,1347.327,"Mount",0.244,0.006,0.217,-0.113,0.137,0.000,33,W,0,,,,538756,369.50,0
544,1349.733,"Mount",0.277,0.072,0.217,-0.186,0.146,0.000,35,W,0,,,,608053,378.51,0
545,1352.057,"Mount",0.324,0.034,0.276,-0.172,0.184,0.000,45,W,0,,,,559311,338.25,0
546,1354.510,"Mount",-0.176,0.307,-0.293,-0.198,-0.172,0.000,42,E,0,,,,506876,304.03,0
547,1356.720,"Mount",-0.001,0.074,-0.033,-0.066,0.000,0.000,0,,0,,,,541454,356.40,0
548,1359.206,"Mount",-0.582,0.090,-0.562,0.174,-0.354,0.000,86,E,0,,,,609850,368.21,0
549,1361.502,"Mount",-0.547,0.158,-0.561,0.098,-0.378,0.000,91,E,0,,,,474419,307.84,0
550,1364.245,"Mount",-0.990,-0.175,-0.813,0.591,-0.539,0.591,130,E,124,S,,,640838,412.09,0
551,1366.574,"Mount",-0.263,-0.305,-0.103,0.389,0.000,0.389,0,,82,S,,,494752,305.13,0
552,1369.173,"Mount",-0.077,-0.428,0.119,0.418,0.000,0.418,0,,88,S,,,566225,343.41,0
553,1371.453,"Mount",0.118,-0.150,0.172,0.083,0.108,0.000,26,W,0,,,,606535,331.98,0
554,1374.061,"Mount",0.455,-0.125,0.463,-0.088,0.299,0.000,72,W,0,,,,624838,386.33,0
555,1376.397,"Mount",-0.256,-0.172,-0.154,0.267,-0.076,0.267,18,E,56,S,,,526476,306.64,0
556,1378.830,"Mount",0.127,-0.158,0.184,0.086,0.110,0.000,27,W,0,,,,522479,330.58,0
557,1381.157,"Mount",-0.391,0.314,-0.488,-0.110,-0.300,0.000,73,E,0,,,,525007,369.81,0
558,1383.581,"Mount",-0.224,0.022,-0.211,0.078,-0.154,0.000,37,E,0,,,,610256,348.05,0
559,1385.928,"Mount",-0.334,-0.024,-0.290,0.168,-0.193,0.000,47,E,0,,,,604702,375.45,0
560,1388.461,"Mount",-0.443,-0.061,-0.372,0.249,-0.248,0.249,60,E,52,S,,,443391,284.79,0
561,1390.643,"Mount",-0.180,-0.087,-0.123,0.157,0.000,0.000,0,,0,,,,530645,290.08,0
562,1393.045,"Mount",0.010,-0.231,0.110,0.203,0.000,0.203,0,,43,S,,,629114,374.69,0
563,1395.318,"Mount",-0.012,0.032,-0.025,-0.024,0.000,0.000,0,,0,,,,580264,341.99,0
564,1397.682,"Mount",-0.066,-0.017,-0.052,0.045,0.000,0.000,0,,0,,,,532119,346.59,0
565,1399.925,"Mount",0.066,-0.253,0.170,0.198,0.107,0.000,26,W,0,,,,500235,324.05,0
566,1402.437,"Mount",-0.257,0.097,-0.274,0.025,-0.165,0.000,40,E,0,,,,549587,346.06,0
567,1404.725,"Mount",-0.200,-0.082,-0.144,0.161,-0.102,0.000,25,E,0,,,,553880,368.59,0
568,1407.317,"Mount",-0.127,-0.569,0.135,0.567,0.078,0.567,19,W,119,S,,,607109,346.69,0
569,1409.821,"Mount",-0.840,0.096,-0.797,0.282,-0.497,0.282,120,E,59,S,,,581514,377.19,0
570,1412.286,"Mount",0.097,0.336,-0.060,-0.345,0.000,0.000,0,,0,,,,529313,373.31,0
571,1414.537,"Mount",0.051,0.072,0.014,-0.088,0.000,0.000,0,,0,,,,535087,304.78,0
572,1416.951,"Mount",0.233,0.006,0.207,-0.108,0.130,0.000,32,W,0,,,,564185,337.75,0
573,1419.186,"Mount",0.067,0.266,-0.057,-0.268,0.000,0.000,0,,0,,,,578353,370.14,0
574,1421.725,"Mount",-0.440,0.425,-0.582,-0.189,-0.366,0.000,89,E,0,,,,577293,321.56,0
575,1424.161,"Mount",-0.191,0.502,-0.392,-0.367,-0.272,0.000,66,E,0,,,,684305,414.88,0
576,1426.670,"Mount",-0.420,0.441,-0.571,-0.211,-0.379,0.000,92,E,0,,,,606058,391.53,0
577,1429.014,"Mount",-0.680,-0.075,-0.578,0.366,-0.391,0.000,94,E,0,,,,553129,360.63,0
578,1431.453,"Mount",-0.513,-0.279,-0.338,0.475,-0.240,0.000,58,E,0,,,,466284,271.05,0
579,1433.717,"Mount",-0.407,-0.496,-0.148,0.624,-0.110,0.000,27,E,0,,,,565875,336.32,0
580,1436.534,"Mount",-0.201,-0.851,0.193,0.852,0.114,0.852,27,W,179,S,,,590906,372.05,0
581,1438.949,"Mount",0.128,-0.391,0.287,0.295,0.189,0.295,46,W,62,S,,,472758,308.60,0
582,1441.292,"Mount",0.081,0.274,-0.047,-0.282,0.000,0.000,0,,0,,,,563172,348.60,0
583,1443.459,"Mount",-0.112,0.004,-0.102,0.045,0.000,0.000,0,,0,,,,494630,333.06,0
584,1446.037,"Mount",-0.835,0.225,-0.849,0.165,-0.535,0.000,129,E,0,,,,571317,366.44,0
585,1448.445,"Mount",-0.708,0.249,-0.745,0.087,-0.507,0.000,123,E,0,,,,507774,339.08,0
586,1450.909,"Mount",-0.454,0.016,-0.415,0.185,-0.297,0.000,72,E,0,,,,540259,317.60,0
587,1453.181,"Mount",-0.200,-0.098,-0.137,0.176,-0.107,0.000,26,E,0,,,,727094,387.38,0
588,1455.580,"Mount",0.117,0.224,0.007,-0.253,0.000,0.000,0,,0,,,,656343,426.16,0
589,1457.782,"Mount",0.022,0.111,-0.028,-0.109,0.000,0.000,0,,0,,,,483393,297.22,0
590,1460.213,"Mount",-0.011,0.021,-0.019,-0.014,0.000,0.000,0,,0,,,,531604,350.98,0
591,1462.581,"Mount",0.127,-0.273,0.234,0.189,0.147,0.000,36,W,0,,,,624742,384.15,0
592,1465.061,"Mount",-0.396,0.237,-0.460,-0.039,-0.279,0.000,68,E,0,,,,612721,352.56,0
593,1467.445,"Mount",-0.510,0.176,-0.535,0.066,-0.357,0.000,86,E,0,,,,629568,373.12,0
594,1469.958,"Mount",-0.430,0.220,-0.483,-0.009,-0.329,0.000,80,E,0,,,,521910,311.67,0
595,1472.382,"Mount",-0.585,0.344,-0.677,-0.052,-0.449,0.000,109,E,0,,,,488448,323.77,0
596,1474.909,"Mount",-0.566,0.153,-0.576,0.111,-0.394,0.000,95,E,0,,,,455633,295.59,0
597,1477.430,"Mount",-0.444,-0.139,-0.338,0.319,-0.240,0.319,58,E,67,S,,,516819,323.36,0
598,1479.851,"Mount",0.130,0.069,0.087,-0.120,0.000,0.000,0,,0,,,,498623,328.42,0
599,1482.065,"Mount",0.075,-0.117,0.119,0.072,0.000,0.000,0,,0,,,,539971,330.39,0
600,1484.597,"Mount",-0.195,-0.465,0.029,0.504,0.000,0.504,0,,106,S,,,538187,361.13,0
601,1486.966,"Mount",-0.251,-0.485,-0.012,0.546,0.000,0.546,0,,115,S,,,708683,391.03,0
602,1489.533,"Mount",-0.372,-0.148,-0.269,0.296,-0.169,0.296,41,E,62,S,,,678112,375.21,0
603,1491.904,"Mount",-0.567,0.344,-0.660,-0.060,-0.428,0.000,103,E,0,,,,651255,357.59,0
604,1494.485,"Mount",-0.595,-0.097,-0.493,0.348,-0.340,0.348,82,E,73,S,,,627776,389.06,0
605,1496.797,"Mount",-0.372,0.083,-0.370,0.089,-0.257,0.000,62,E,0,,,,557899,325.03,0
606,1499.161,"Mount",-0.038,0.179,-0.113,-0.144,0.000,0.000,0,,0,,,,567298,377.36,0
607,1501.437,"Mount",0.177,-0.118,0.211,0.028,0.133,0.000,32,W,0,,,,443893,306.37,0
608,1503.845,"Mount",-0.106,0.109,-0.143,-0.051,-0.081,0.000,20,E,0,,,,593590,381.05,0
609,1506.214,"Mount",-0.198,-0.022,-0.168,0.106,-0.111,0.000,27,E,0,,,,580610,344.74,0
610,1508.773,"Mount",-0.479,0.106,-0.477,0.115,-0.308,0.000,75,E,0,,,,615761,365.35,0
611,1511.453,"Mount",-1.791,-0.067,-1.580,0.846,-1.017,0.846,246,E,178,S,,,565507,368.32,0
612,1513.850,"Mount",-0.058,0.079,-0.087,-0.046,0.000,0.000,0,,0,,,,685409,355.37,0
613,1516.133,"Mount",-0.302,0.206,-0.362,-0.052,-0.228,0.000,55,E,0,,,,482271,338.92,0
614,1518.492,"Mount",0.002,-0.038,0.019,0.033,0.000,0.000,0,,0,,,,527816,317.69,0
615,1520.684,"Mount",0.055,-0.003,0.051,-0.021,0.000,0.000,0,,0,,,,618550,353.37,0
616,1523.181,"Mount",0.291,-0.249,0.370,0.096,0.233,0.000,56,W,0,,,,545375,351.50,0
617,1525.478,"Mount",-0.268,-0.035,-0.226,0.150,-0.126,0.000,30,E,0,,,,556306,341.39,0
618,1528.053,"Mount",0.335,-0.435,0.492,0.244,0.301,0.244,73,W,51,S,,,599054,406.43,0
619,1530.295,"Mount",-0.033,0.176,-0.107,-0.144,0.000,0.000,0,,0,,,,553690,354.12,0
620,1532.789,"Mount",-0.250,-0.043,-0.206,0.148,-0.130,0.000,31,E,0,,,,742500,406.00,0
621,1535.097,"Mount",-0.234,-0.288,-0.084,0.361,0.000,0.361,0,,76,S,,,570336,346.60,0
622,1537.613,"Mount",-0.521,0.026,-0.479,0.205,-0.302,0.205,73,E,43,S,,,524905,363.32,0
623,1539.861,"Mount",-0.096,0.193,-0.171,-0.132,-0.129,0.000,31,E,0,,,,572460,316.76,0
624,1542.349,"Mount",-0.089,0.348,-0.233,-0.274,-0.156,0.000,38,E,0,,,,529989,346.01,0
625,1544.749,"Mount",0.201,0.085,0.144,-0.165,0.080,0.000,19,W,0,,,,475488,302.96,0
626,1547.078,"Mount",0.051,0.146,-0.018,-0.153,0.000,0.000,0,,0,,,,676016,369.65,0
627,1549.397,"Mount",-0.164,0.067,-0.177,0.011,-0.112,0.000,27,E,0,,,,485933,307.18,0
628,1551.751,"Mount",0.082,-0.025,0.085,-0.014,0.000,0.000,0,,0,,,,639532,419.29,0
629,1553.957,"Mount",-0.029,0.197,-0.112,-0.165,0.000,0.000,0,,0,,,,582252,382.02,0
630,1556.422,"Mount",-0.439,0.158,-0.464,0.050,-0.292,0.000,71,E,0,,,,552533,349.38,0
631,1558.885,"Mount",-0.359,-0.305,-0.189,0.431,-0.140,0.431,34,E,91,S,,,494159,335.52,0
632,1561.365,"Mount",-0.302,0.490,-0.486,-0.308,-0.316,0.000,76,E,0,,,,588511,373.43,0
633,1563.776,"Mount",-0.541,0.196,-0.572,0.062,-0.383,0.000,92,E,0,,,,524446,360.42,0
634,1566.421,"Mount",-0.133,-0.617,0.151,0.613,0.068,0.613,17,W,129,S,,,484984,292.86,0
635,1568.913,"Mount",-0.275,-0.251,-0.136,0.346,-0.081,0.346,20,E,73,S,,,595391,396.03,0
636,1571.273,"Mount",0.085,0.226,-0.022,-0.240,0.000,0.000,0,,0,,,,463748,296.58,0
637,1573.540,"Mount",0.150,0.405,-0.043,-0.429,0.000,0.000,0,,0,,,,460544,301.62,0
638,1576.046,"Mount",-0.220,0.577,-0.451,-0.422,-0.284,0.000,69,E,0,,,,547611,343.25,0
639,1578.422,"Mount",-0.011,0.652,-0.296,-0.581,-0.207,0.000,50,E,0,,,,592904,358.49,0
640,1582.518,"Mount",-0.094,0.446,-0.280,-0.359,-0.191,-0.359,46,E,1422,N,,,506299,319.17,0
641,1585.039,"Mount",-0.453,0.134,-0.466,0.079,-0.307,0.000,74,E,0,,,,558110,346.75,0
642,1587.279,"Mount",-0.052,-0.291,0.081,0.284,0.000,0.000,0,,0,,,,496701,328.35,0
643,1589.726,"Mount",0.203,-0.260,0.296,0.145,0.187,0.000,45,W,0,,,,584870,351.26,0
644,1592.335,"Mount",0.146,-0.411,0.312,0.305,0.209,0.000,51,W,0,,,,535355,341.64,0
645,1594.813,"Mount",-0.483,-0.222,-0.336,0.411,-0.197,0.000,48,E,0,,,,535743,316.69,0
646,1598.589,"Mount",-0.904,-0.256,-0.700,0.626,-0.455,0.626,110,E,1443,S,,,511206,334.15,0
647,1602.501,"Mount",-0.203,0.847,-0.554,-0.672,-0.381,-0.672,92,E,1409,N,,,448744,303.60,0
648,1605.014,"Mount",-0.091,0.799,-0.432,-0.679,-0.299,-0.679,72,E,142,N,,,659465,384.61,0
649,1607.469,"Mount",-0.478,0.200,-0.517,0.030,-0.347,0.000,84,E,0,,,,467789,290.43,0
650,1609.781,"Mount",-0.348,0.282,-0.436,-0.101,-0.299,0.000,72,E,0,,,,589124,350.25,0
651,1612.439,"Mount",-0.127,0.061,-0.141,0.001,-0.110,0.000,27,E,0,,,,436659,302.80,0
652,1614.638,"Mount",0.120,-0.004,0.110,-0.049,0.000,0.000,0,,0,,,,492038,346.97,0
653,1616.977,"Mount",0.170,0.109,0.105,-0.173,0.000,0.000,0,,0,,,,531301,380.32,0
654,1619.285,"Mount",-0.115,0.099,-0.147,-0.038,-0.092,0.000,22,E,0,,,,512713,338.17,0
655,1621.677,"Mount",-0.238,0.169,-0.288,-0.047,-0.188,0.000,45,E,0,,,,507274,296.40,0
656,1624.015,"Mount",-0.291,0.198,-0.349,-0.050,-0.233,0.000,56,E,0,,,,522205,368.98,0
657,1626.501,"Mount",-0.273,-0.004,-0.243,0.123,-0.170,0.000,41,E,0,,,,566363,332.47,0
658,1628.837,"Mount",0.090,-0.131,0.138,0.078,0.075,0.000,18,W,0,,,,538831,334.04,0
659,1631.179,"Mount",0.030,-0.022,0.037,0.006,0.000,0.000,0,,0,,,,520050,331.00,0
660,1633.435,"Mount",-0.047,-0.198,0.045,0.198,0.000,0.000,0,,0,,,,503714,346.31,0
661,1635.837,"Mount",0.079,-0.427,0.258,0.349,0.163,0.000,39,W,0,,,,551382,341.38,0
662,1638.276,"Mount",0.024,-0.322,0.163,0.279,0.114,0.000,28,W,0,,,,440780,324.63,0
663,1642.253,"Mount",-0.897,-0.220,-0.710,0.592,-0.439,0.592,106,E,1392,S,,,622829,391.91,0
664,1644.887,"Mount",-1.371,-0.055,-1.208,0.651,-0.792,0.651,191,E,137,S,,,454155,314.72,0
665,1647.309,"Mount",-0.127,-0.263,0.001,0.292,0.000,0.292,0,,61,S,,,596027,347.06,0
666,1649.698,"Mount",-0.071,-0.307,0.071,0.307,0.000,0.307,0,,65,S,,,502862,353.94,0
667,1652.253,"Mount",0.453,-0.344,0.558,0.110,0.352,0.000,85,W,0,,,,578594,356.75,0
668,1654.605,"Mount",0.321,-0.246,0.396,0.080,0.274,0.000,66,W,0,,,,627739,383.94,0
669,1657.037,"Mount",-0.108,-0.215,-0.003,0.240,0.000,0.240,0,,50,S,,,592864,377.32,0
670,1659.421,"Mount",-0.225,-0.153,-0.135,0.236,-0.085,0.236,21,E,50,S,,,494888,323.38,0
671,1661.853,"Mount",-0.239,0.302,-0.348,-0.167,-0.225,0.000,54,E,0,,,,566267,348.47,0
672,1664.301,"Mount",-0.343,0.448,-0.505,-0.252,-0.334,0.000,81,E,0,,,,521855,340.03,0
673,1666.941,"Mount",-0.974,0.007,-0.878,0.421,-0.576,0.421,139,E,88,S,,,318162,243.48,0
674,1669.168,"Mount",-0.117,-0.086,-0.067,0.128,0.000,0.000,0,,0,,,,463229,322.53,0
675,1671.488,"Mount",0.079,-0.077,0.104,0.035,0.000,0.000,0,,0,,,,491614,330.93,0
676,1673.933,"Mount",0.402,-0.453,0.560,0.231,0.353,0.231,85,W,48,S,,,530059,311.57,0
677,1676.408,"Mount",0.445,-0.368,0.561,0.136,0.378,0.000,91,W,0,,,,484074,349.74,0
678,1678.613,"Mount",0.116,-0.048,0.126,-0.007,0.000,0.000,0,,0,,,,466073,355.72,0
679,1681.013,"Mount",-0.127,0.236,-0.218,-0.157,-0.137,0.000,33,E,0,,,,493085,348.38,0
680,1683.197,"Mount",-0.026,0.100,-0.067,-0.078,0.000,0.000,0,,0,,,,461714,313.10,0
681,1685.705,"Mount",-0.176,-0.401,0.018,0.437,0.000,0.437,0,,92,S,,,469972,279.00,0
682,1688.149,"Mount",-0.576,-0.252,-0.407,0.479,-0.256,0.479,62,E,101,S,,,514720,310.40,0
683,1690.629,"Mount",-0.456,0.122,-0.463,0.090,-0.310,0.000,75,E,0,,,,652872,403.39,0
684,1692.941,"Mount",0.199,0.020,0.170,-0.106,0.085,0.000,21,W,0,,,,568403,326.97,0
685,1695.486,"Mount",0.032,0.438,-0.163,-0.407,-0.097,0.000,23,E,0,,,,455929,330.44,0
686,1697.749,"Mount",0.125,-0.158,0.181,0.087,0.107,0.000,26,W,0,,,,633530,415.24,0
687,1700.277,"Mount",0.153,-0.301,0.270,0.203,0.178,0.203,43,W,43,S,,,435846,297.50,0
688,1702.589,"Mount",-0.093,-0.308,0.052,0.318,0.000,0.318,0,,67,S,,,465857,313.79,0
689,1705.045,"Mount",-0.168,0.125,-0.206,-0.038,-0.130,0.000,31,E,0,,,,427622,275.92,0
690,1707.357,"Mount",-0.417,0.160,-0.445,0.039,-0.289,0.000,70,E,0,,,,454896,294.98,0
691,1709.706,"Mount",0.084,-0.107,0.122,0.060,0.000,0.000,0,,0,,,,642020,350.24,0
692,1712.021,"Mount",-0.190,-0.239,-0.066,0.298,0.000,0.298,0,,63,S,,,423926,291.38,0
693,1714.502,"Mount",-0.002,0.465,-0.206,-0.417,-0.130,0.000,31,E,0,,,,393126,277.03,0
694,1716.750,"Mount",-0.123,0.167,-0.183,-0.096,-0.125,0.000,30,E,0,,,,502414,324.35,0
695,1719.238,"Mount",0.785,-0.045,0.725,-0.304,0.448,0.000,108,W,0,,,,647254,374.61,0
696,1721.549,"Mount",0.124,-0.151,0.177,0.081,0.143,0.000,35,W,0,,,,485385,342.26,0
697,1724.173,"Mount",-0.539,-0.136,-0.425,0.359,-0.258,0.359,62,E,75,S,,,516822,296.87,0
698,1726.677,"Mount",-0.393,0.094,-0.394,0.088,-0.266,0.000,64,E,0,,,,454912,320.96,0
699,1729.118,"Mount",-0.379,-0.027,-0.329,0.191,-0.226,0.000,55,E,0,,,,506691,294.35,0
700,1731.304,"Mount",-0.172,-0.123,-0.100,0.186,0.000,0.000,0,,0,,,,657227,373.15,0
701,1733.741,"Mount",-0.402,0.213,-0.455,-0.014,-0.287,0.000,69,E,0,,,,375711,239.52,0
702,1736.021,"Mount",0.123,-0.076,0.144,0.015,0.071,0.000,17,W,0,,,,575069,365.13,0
703,1738.557,"Mount",-0.071,-0.256,0.049,0.261,0.000,0.261,0,,55,S,,,418118,277.77,0
704,1740.845,"Mount",0.296,-0.339,0.415,0.175,0.262,0.000,63,W,0,,,,451232,297.60,0
705,1743.277,"Mount",-0.007,-0.258,0.107,0.235,0.000,0.235,0,,49,S,,,497794,320.73,0
706,1745.490,"Mount",-0.042,-0.007,-0.034,0.025,0.000,0.000,0,,0,,,,579294,378.19,0
707,1747.854,"Mount",-0.037,0.092,-0.074,-0.066,0.000,0.000,0,,0,,,,659801,368.93,0
708,1750.055,"Mount",-0.110,0.001,-0.099,0.047,0.000,0.000,0,,0,,,,413983,280.81,0
709,1752.653,"Mount",-0.611,-0.382,-0.381,0.611,-0.240,0.611,58,E,128,S,,,385345,256.36,0
710,1754.965,"Mount",-0.316,-0.023,-0.274,0.159,-0.189,0.000,46,E,0,,,,402358,273.55,0
711,1757.501,"Mount",-0.523,-0.018,-0.462,0.245,-0.304,0.245,74,E,52,S,,,527176,358.82,0
712,1759.813,"Mount",-0.159,-0.148,-0.078,0.202,0.000,0.202,0,,43,S,,,515082,314.87,0
713,1762.302,"Mount",-0.321,0.145,-0.352,0.010,-0.222,0.000,54,E,0,,,,538650,360.13,0
714,1764.573,"Mount",-0.133,-0.213,-0.026,0.250,0.000,0.250,0,,52,S,,,360862,243.77,0
715,1767.037,"Mount",0.010,0.446,-0.187,-0.405,-0.118,0.000,29,E,0,,,,406749,277.96,0
716,1769.326,"Mount",-0.114,0.316,-0.241,-0.234,-0.160,0.000,39,E,0,,,,436823,290.09,0
717,1771.809,"Mount",-0.171,-0.059,-0.128,0.128,0.000,0.000,0,,0,,,,425263,315.76,0
718,1774.277,"Mount",-0.415,-0.040,-0.356,0.218,-0.224,0.218,54,E,46,S,,,428791,268.70,0
719,1776.717,"Mount",-0.408,0.033,-0.381,0.150,-0.256,0.000,62,E,0,,,,477312,297.13,0
720,1779.032,"Mount",0.007,0.099,-0.037,-0.092,0.000,0.000,0,,0,,,,383284,281.32,0
721,1781.400,"Mount",0.027,-0.069,0.054,0.050,0.000,0.000,0,,0,,,,507487,318.68,0
722,1783.611,"Mount",0.079,-0.113,0.120,0.067,0.000,0.000,0,,0,,,,463330,307.39,0
723,1786.088,"Mount",-0.075,-0.332,0.078,0.332,0.000,0.332,0,,70,S,,,416999,304.33,0
724,1788.445,"Mount",0.030,-0.299,0.158,0.255,0.099,0.255,24,W,54,S,,,568062,371.51,0
725,1790.926,"Mount",-0.620,0.362,-0.716,-0.053,-0.444,0.000,107,E,0,,,,422471,296.83,0
726,1793.246,"Mount",-0.496,0.359,-0.603,-0.104,-0.411,0.000,99,E,0,,,,463555,307.63,0
727,1795.614,"Mount",-0.003,0.087,-0.041,-0.077,0.000,0.000,0,,0,,,,422936,273.00,0
728,1797.917,"Mount",-0.232,-0.296,-0.078,0.368,0.000,0.368,0,,77,S,,,604295,356.65,0
729,1800.413,"Mount",-0.155,-0.166,-0.066,0.217,0.000,0.217,0,,46,S,,,442224,281.13,0
730,1802.737,"Mount",0.120,-0.174,0.184,0.104,0.116,0.000,28,W,0,,,,600605,346.87,0
731,1805.134,"Mount",-0.231,-0.053,-0.185,0.149,-0.108,0.000,26,E,0,,,,569116,338.62,0
732,1807.541,"Mount",-0.251,-0.200,-0.138,0.290,-0.094,0.290,23,E,61,S,,,278875,217.17,0
733,1809.987,"Mount",-0.064,-0.193,0.027,0.202,0.000,0.202,0,,42,S,,,392792,264.92,0
734,1812.349,"Mount",-0.081,-0.260,0.041,0.269,0.000,0.269,0,,57,S,,,510278,338.57,0
735,1814.846,"Mount",-0.437,0.047,-0.413,0.149,-0.260,0.000,63,E,0,,,,541662,339.45,0
736,1817.349,"Mount",-1.109,0.141,-1.059,0.360,-0.685,0.360,166,E,76,S,,,679957,386.59,0
737,1819.963,"Mount",-0.181,-0.028,-0.151,0.105,-0.143,0.000,35,E,0,,,,437887,302.22,0
738,1822.273,"Mount",0.014,0.025,0.002,-0.029,0.000,0.000,0,,0,,,,426637,258.07,0
739,1824.622,"Mount",-0.011,0.166,-0.083,-0.144,0.000,0.000,0,,0,,,,470550,286.48,0
740,1826.942,"Mount",0.175,-0.130,0.214,0.040,0.135,0.000,33,W,0,,,,559282,313.93,0
741,1829.525,"Mount",-0.360,-0.361,-0.165,0.482,-0.095,0.482,23,E,101,S,,,539239,319.50,0
742,1832.061,"Mount",-0.145,-0.458,0.071,0.476,0.000,0.476,0,,100,S,,,408825,250.12,0
743,1834.518,"Mount",-0.108,0.328,-0.242,-0.247,-0.152,0.000,37,E,0,,,,543354,356.47,0
744,1836.830,"Mount",-0.239,0.223,-0.313,-0.095,-0.208,0.000,50,E,0,,,,444123,301.89,0
745,1839.302,"Mount",-0.545,0.121,-0.543,0.130,-0.356,0.000,86,E,0,,,,516396,310.92,0
746,1841.574,"Mount",-0.167,0.334,-0.296,-0.227,-0.212,0.000,51,E,0,,,,337017,209.67,0
747,1844.089,"Mount",-0.152,0.388,-0.307,-0.282,-0.208,0.000,50,E,0,,,,341502,245.90,0
748,1846.477,"Mount",-0.191,-0.427,0.015,0.468,0.000,0.468,0,,98,S,,,598854,382.38,0
749,1848.879,"Mount",0.019,-0.063,0.045,0.048,0.000,0.000,0,,0,,,,653563,376.86,0
750,1851.270,"Mount",0.118,-0.144,0.169,0.078,0.106,0.000,26,W,0,,,,463814,326.72,0
751,1853.627,"Mount",0.109,-0.018,0.106,-0.031,0.000,0.000,0,,0,,,,557901,316.06,0
752,1855.870,"Mount",-0.148,-0.001,-0.133,0.066,-0.084,0.000,20,E,0,,,,469410,299.00,0
753,1858.326,"Mount",-0.421,0.241,-0.484,-0.032,-0.311,0.000,75,E,0,,,,414434,300.86,0
754,1860.565,"Mount",-0.090,-0.020,-0.072,0.057,0.000,0.000,0,,0,,,,418763,290.18,0
755,1863.157,"Mount",-0.543,-0.056,-0.463,0.289,-0.292,0.289,71,E,61,S,,,499214,305.07,0
756,1865.718,"Mount",-0.888,0.120,-0.851,0.282,-0.556,0.282,135,E,59,S,,,429250,271.47,0
757,1868.221,"Mount",-0.161,-0.309,-0.009,0.348,0.000,0.348,0,,73,S,,,456323,265.78,0
758,1870.497,"Mount",0.067,0.065,0.032,-0.088,0.000,0.000,0,,0,,,,435660,304.68,0
759,1872.881,"Mount",-0.033,0.054,-0.053,-0.034,0.000,0.000,0,,0,,,,381523,253.80,0
760,1875.064,"Mount",0.067,0.274,-0.060,-0.275,0.000,0.000,0,,0,,,,396068,254.15,0
761,1877.589,"Mount",-0.204,-0.167,-0.110,0.239,0.000,0.239,0,,50,S,,,410858,284.57,0
762,1879.889,"Mount",-0.243,0.058,-0.244,0.054,-0.154,0.000,37,E,0,,,,486539,315.17,0
763,1882.398,"Mount",-0.369,0.062,-0.358,0.106,-0.236,0.000,57,E,0,,,,372096,280.63,0
INFO: SET LOCK POSITION, new lock pos = 736.174, 820.213
INFO: DITHER by -2.338, -2.027, new lock pos = 734.963, 823.061
INFO: SETTLING STATE CHANGE, Settling started
764,1885.741,"Mount",1.211,-2.848,2.338,2.027,2.338,2.027,565,W,426,S,,,365671,287.83,0
765,1888.190,"Mount",-0.142,0.234,-0.230,-0.148,-0.145,0.000,35,E,0,,,,494393,320.27,0
766,1890.386,"Mount",-0.020,0.022,-0.027,-0.011,0.000,0.000,0,,0,,,,488193,287.66,0
767,1892.902,"Mount",0.366,0.053,0.306,-0.209,0.193,0.000,47,W,0,,,,380129,267.63,0
768,1895.190,"Mount",0.658,-0.169,0.665,-0.137,0.433,0.000,105,W,0,,,,453420,301.42,0
769,1897.670,"Mount",-0.886,0.042,-0.815,0.351,-0.483,0.000,117,E,0,,,,431138,287.14,0
INFO: SETTLING STATE CHANGE, Settling complete
770,1900.117,"Mount",-0.796,-0.289,-0.588,0.609,-0.404,0.609,98,E,128,S,,,377849,232.21,0
771,1904.174,"Mount",0.221,0.896,-0.194,-0.902,-0.151,-0.902,36,E,1457,N,,,441065,307.24,0
772,1906.910,"Mount",-1.788,0.436,-1.798,0.393,-1.143,0.000,276,E,0,,,,428232,285.52,0
773,1909.382,"Mount",-0.877,0.213,-0.881,0.193,-0.635,0.000,154,E,0,,,,538605,372.27,0
774,1913.278,"Mount",-0.816,-0.302,-0.600,0.629,-0.423,0.629,102,E,1400,S,,,565582,361.72,0
775,1915.765,"Mount",-0.243,-0.536,0.017,0.588,0.000,0.588,0,,123,S,,,484512,310.81,0
776,1918.254,"Mount",0.710,0.098,0.595,-0.400,0.375,0.000,91,W,0,,,,375923,266.09,0
777,1921.862,"Mount",0.358,0.510,0.098,-0.615,0.000,-0.615,0,,1290,N,,,363549,260.13,0
778,1924.390,"Mount",-0.444,0.149,-0.465,0.061,-0.293,0.000,71,E,0,,,,415251,261.74,0
779,1926.797,"Mount",-0.325,0.505,-0.514,-0.312,-0.344,-0.312,83,E,65,N,,,376385,241.03,0
780,1929.398,"Mount",-0.341,0.062,-0.334,0.094,-0.235,0.000,57,E,0,,,,368430,254.05,0
781,1931.854,"Mount",-0.764,0.413,-0.868,-0.035,-0.563,0.000,136,E,0,,,,440733,306.69,0
782,1934.326,"Mount",0.096,-0.585,0.343,0.484,0.176,0.000,43,W,0,,,,495481,351.83,0
783,1937.936,"Mount",-0.380,-0.568,-0.092,0.677,0.000,0.677,0,,1303,S,,,347022,260.83,0
784,1940.360,"Mount",-0.218,-0.021,-0.187,0.114,-0.118,0.000,28,E,0,,,,367051,230.99,0
785,1942.726,"Mount",0.240,0.056,0.191,-0.155,0.112,0.000,27,W,0,,,,427312,290.40,0
786,1945.174,"Mount",-0.397,0.331,-0.502,-0.123,-0.308,0.000,75,E,0,,,,459932,332.60,0
787,1947.430,"Mount",-0.131,0.074,-0.151,-0.009,-0.116,0.000,28,E,0,,,,392980,262.79,0
788,1949.798,"Mount",-0.074,0.005,-0.069,0.028,0.000,0.000,0,,0,,,,335285,234.08,0
789,1952.262,"Mount",-0.067,-0.236,0.043,0.241,0.000,0.241,0,,51,S,,,455913,277.41,0
790,1954.965,"Mount",-0.208,-0.393,-0.014,0.444,0.000,0.444,0,,93,S,,,342917,226.29,0
791,1957.298,"Mount",-0.146,-0.549,0.110,0.557,0.000,0.557,0,,117,S,,,338771,266.58,0
792,1959.647,"Mount",0.008,0.020,-0.001,-0.022,0.000,0.000,0,,0,,,,410851,270.65,0
793,1961.969,"Mount",-0.308,0.183,-0.357,-0.030,-0.225,0.000,54,E,0,,,,358731,265.46,0
794,1964.567,"Mount",-0.232,0.218,-0.304,-0.094,-0.208,0.000,50,E,0,,,,441340,328.34,0
795,1966.919,"Mount",-0.334,0.093,-0.341,0.063,-0.229,0.000,55,E,0,,,,387534,309.63,0
796,1969.317,"Mount",-0.090,0.059,-0.107,-0.014,0.000,0.000,0,,0,,,,272427,192.61,0
797,1971.542,"Mount",-0.036,0.026,-0.044,-0.008,0.000,0.000,0,,0,,,,410868,299.33,0
798,1973.908,"Mount",-0.110,0.057,-0.124,-0.003,0.000,0.000,0,,0,,,,336936,243.54,0
799,1976.262,"Mount",0.245,-0.211,0.313,0.082,0.197,0.000,48,W,0,,,,290610,214.83,0
800,1978.846,"Mount",0.638,-0.562,0.820,0.225,0.531,0.225,128,W,47,S,,,322965,274.96,0
801,1981.094,"Mount",0.164,-0.006,0.150,-0.067,0.131,0.000,32,W,0,,,,396990,281.15,0
802,1983.479,"Mount",-0.081,0.018,-0.081,0.020,0.000,0.000,0,,0,,,,448932,288.99,0
803,1986.030,"Mount",-0.413,0.390,-0.542,-0.169,-0.342,0.000,83,E,0,,,,372468,238.91,0
804,1988.438,"Mount",-0.171,-0.006,-0.151,0.081,-0.119,0.000,29,E,0,,,,340084,233.52,0
805,1990.910,"Mount",-0.599,-0.326,-0.395,0.556,-0.257,0.556,62,E,117,S,,,348506,244.76,0
806,1993.390,"Mount",-0.454,0.230,-0.509,-0.008,-0.339,0.000,82,E,0,,,,296316,221.92,0
807,1995.726,"Mount",-0.427,0.086,-0.421,0.110,-0.289,0.000,70,E,0,,,,428558,292.48,0
808,1998.318,"Mount",-0.219,-0.744,0.129,0.764,0.000,0.764,0,,161,S,,,460259,302.51,0
809,2000.704,"Mount",-0.100,-0.322,0.052,0.333,0.000,0.333,0,,70,S,,,352698,265.24,0
810,2003.105,"Mount",0.074,0.351,-0.087,-0.348,0.000,0.000,0,,0,,,,342681,240.93,0
811,2005.414,"Mount",0.322,0.154,0.222,-0.280,0.140,0.000,34,W,0,,,,398335,287.65,0
812,2007.775,"Mount",0.008,-0.051,0.029,0.043,0.000,0.000,0,,0,,,,404069,254.06,0
813,2010.116,"Mount",0.295,0.146,0.200,-0.261,0.126,0.000,31,W,0,,,,356973,262.64,0
814,2012.590,"Mount",-0.095,0.191,-0.169,-0.130,-0.098,0.000,24,E,0,,,,326132,256.67,0
815,2014.886,"Mount",-0.337,0.159,-0.372,0.005,-0.241,0.000,58,E,0,,,,360763,246.07,0
816,2017.333,"Mount",-0.046,-0.266,0.075,0.259,0.000,0.259,0,,54,S,,,367104,251.81,0
817,2019.614,"Mount",0.198,-0.177,0.256,0.072,0.161,0.000,39,W,0,,,,308856,244.86,0
818,2022.158,"Mount",0.021,-0.424,0.205,0.372,0.140,0.372,34,W,78,S,,,389260,279.00,0
819,2024.370,"Mount",-0.145,-0.149,-0.064,0.198,0.000,0.000,0,,0,,,,274808,217.84,0
820,2026.870,"Mount",-0.362,0.255,-0.438,-0.070,-0.276,0.000,67,E,0,,,,336179,244.29,0
821,2029.230,"Mount",-0.464,0.102,-0.462,0.113,-0.310,0.000,75,E,0,,,,320591,241.13,0
822,2032.246,"Mount",-2.404,-0.088,-2.121,1.134,-1.358,1.134,328,E,238,S,,,273551,206.94,0
823,2034.846,"Mount",-1.265,-0.171,-1.061,0.708,-0.764,0.708,185,E,149,S,,,299059,213.11,0
824,2037.350,"Mount",0.618,0.168,0.482,-0.422,0.250,0.000,60,W,0,,,,332814,228.58,0
825,2039.742,"Mount",0.388,-0.130,0.406,-0.054,0.273,0.000,66,W,0,,,,278187,200.74,0
826,2042.198,"Mount",0.002,0.330,-0.143,-0.298,-0.071,0.000,17,E,0,,,,293025,198.81,0
827,2044.534,"Mount",0.285,-0.235,0.359,0.087,0.221,0.000,54,W,0,,,,309527,216.19,0
828,2046.990,"Mount",-0.361,0.457,-0.524,-0.252,-0.315,0.000,76,E,0,,,,271471,197.17,0
829,2049.286,"Mount",-0.019,-0.011,-0.012,0.018,0.000,0.000,0,,0,,,,212126,152.43,0
830,2051.704,"Mount",0.040,0.214,-0.058,-0.210,0.000,0.000,0,,0,,,,256751,177.51,0
831,2054.014,"Mount",-0.607,0.104,-0.592,0.173,-0.373,0.000,90,E,0,,,,208436,172.77,0
832,2056.558,"Mount",-0.982,-0.293,-0.754,0.694,-0.501,0.000,121,E,0,,,,267718,215.84,0
833,2059.011,"Mount",-1.232,-0.177,-1.030,0.700,-0.684,0.000,165,E,0,,,,296639,216.35,0
834,2061.630,"Mount",-0.436,-0.491,-0.177,0.633,-0.159,0.633,38,E,133,S,,,352393,254.93,0
835,2064.054,"Mount",-0.307,-0.313,-0.138,0.416,-0.098,0.416,24,E,87,S,,,361746,246.78,0
836,2066.470,"Mount",-0.227,-0.022,-0.194,0.120,-0.129,0.000,31,E,0,,,,407936,288.35,0
837,2069.085,"Mount",-1.029,0.150,-0.991,0.316,-0.633,0.316,153,E,66,S,,,311480,214.09,0
838,2071.654,"Mount",-0.796,0.189,-0.799,0.179,-0.547,0.000,132,E,0,,,,289100,201.31,0
839,2073.993,"Mount",-0.474,0.365,-0.587,-0.120,-0.408,0.000,99,E,0,,,,265453,208.60,0
840,2076.478,"Mount",0.121,-0.110,0.157,0.046,0.070,0.000,17,W,0,,,,222411,183.68,0
841,2079.166,"Mount",-0.541,-0.035,-0.471,0.269,-0.292,0.269,71,E,57,S,,,191184,159.10,0
842,2081.560,"DROP",,,,,,,,,,,,,111389,97.35,7,"Stella per per cambiamento di massa"
843,2083.856,"DROP",,,,,,,,,,,,,63355,64.91,7,"Stella per per cambiamento di massa"
844,2086.315,"DROP",,,,,,,,,,,,,30586,43.12,7,"Stella per per cambiamento di massa"
845,2088.590,"DROP",,,,,,,,,,,,,41464,47.87,7,"Stella per per cambiamento di massa"
846,2091.030,"DROP",,,,,,,,,,,,,61412,66.31,7,"Stella per per cambiamento di massa"
847,2093.289,"DROP",,,,,,,,,,,,,44771,55.95,7,"Stella per per cambiamento di massa"
848,2095.731,"DROP",,,,,,,,,,,,,17504,30.86,7,"Stella per per cambiamento di massa"
849,2098.007,"DROP",,,,,,,,,,,,,3874,10.70,7,"Stella per per cambiamento di massa"
850,2100.441,"DROP",,,,,,,,,,,,,5627,14.07,7,"Stella per per cambiamento di massa"
851,2102.713,"DROP",,,,,,,,,,,,,12203,21.07,7,"Stella per per cambiamento di massa"
852,2105.163,"DROP",,,,,,,,,,,,,44546,52.89,7,"Stella per per cambiamento di massa"
853,2108.334,"Mount",-3.674,0.365,-3.461,1.285,-2.201,1.285,532,E,270,S,,,59902,66.04,0
854,2111.550,"Mount",-2.865,-0.523,-2.345,1.727,-1.631,1.727,394,E,363,S,,,70197,78.84,0
855,2114.447,"Mount",-2.355,-0.634,-1.838,1.604,-1.272,1.604,308,E,337,S,,,63824,63.21,0
856,2118.414,"Mount",0.461,1.515,-0.251,-1.564,-0.247,-1.564,60,E,1489,N,,,85477,77.84,0
857,2121.150,"Mount",-0.022,1.432,-0.648,-1.278,-0.425,-1.278,103,E,268,N,,,120324,101.23,0
858,2123.536,"DROP",,,,,,,,,,,,,201703,151.40,7,"Stella per per cambiamento di massa"
859,2125.831,"DROP",,,,,,,,,,,,,184898,156.88,7,"Stella per per cambiamento di massa"
860,2128.369,"DROP",,,,,,,,,,,,,196311,166.20,7,"Stella per per cambiamento di massa"
861,2130.693,"DROP",,,,,,,,,,,,,159870,150.13,7,"Stella per per cambiamento di massa"
862,2133.121,"DROP",,,,,,,,,,,,,152150,143.22,7,"Stella per per cambiamento di massa"
863,2135.417,"DROP",,,,,,,,,,,,,174004,150.94,7,"Stella per per cambiamento di massa"
864,2138.710,"Mount",-1.561,2.561,-2.526,-1.616,-1.621,-1.616,392,E,339,N,,,124966,110.40,0
865,2141.646,"Mount",-0.836,1.756,-1.521,-1.211,-1.072,-1.211,259,E,254,N,,,98874,94.94,0
866,2144.214,"Mount",-0.494,0.437,-0.636,-0.175,-0.476,0.000,115,E,0,,,,61892,70.20,0
867,2146.401,"DROP",,,,,,,,,,,,,16072,26.60,7,"Stella per per cambiamento di massa"
868,2148.842,"DROP",,,,,,,,,,,,,0,0.00,2,"Stella persa per SNR basso"
869,2151.113,"DROP",,,,,,,,,,,,,13752,24.87,7,"Stella per per cambiamento di massa"
870,2153.588,"DROP",,,,,,,,,,,,,34148,44.39,7,"Stella per per cambiamento di massa"
871,2155.882,"DROP",,,,,,,,,,,,,34178,46.68,7,"Stella per per cambiamento di massa"
872,2158.462,"Mount",-0.333,-0.282,-0.175,0.400,-0.144,0.000,35,E,0,,,,54441,63.99,0
873,2160.851,"Mount",-0.280,0.041,-0.270,0.086,-0.180,0.000,44,E,0,,,,50768,65.41,0
874,2163.298,"DROP",,,,,,,,,,,,,32262,45.34,7,"Stella per per cambiamento di massa"
875,2165.633,"DROP",,,,,,,,,,,,,16666,21.77,7,"Stella per per cambiamento di massa"
876,2168.111,"DROP",,,,,,,,,,,,,0,0.00,2,"Stella persa per SNR basso"
877,2170.383,"DROP",,,,,,,,,,,,,5194,13.38,7,"Stella per per cambiamento di massa"
878,2172.854,"DROP",,,,,,,,,,,,,3852,12.48,7,"Stella per per cambiamento di massa"
879,2175.121,"DROP",,,,,,,,,,,,,9781,18.95,7,"Stella per per cambiamento di massa"
880,2177.569,"DROP",,,,,,,,,,,,,0,0.00,2,"Stella persa per SNR basso"
881,2179.845,"DROP",,,,,,,,,,,,,8157,16.44,7,"Stella per per cambiamento di massa"
882,2182.346,"DROP",,,,,,,,,,,,,12890,21.42,7,"Stella per per cambiamento di massa"
883,2184.628,"DROP",,,,,,,,,,,,,10612,19.78,7,"Stella per per cambiamento di massa"
884,2187.071,"DROP",,,,,,,,,,,,,0,0.00,2,"Stella persa per SNR basso"
885,2189.335,"DROP",,,,,,,,,,,,,5530,13.92,7,"Stella per per cambiamento di massa"
886,2191.774,"DROP",,,,,,,,,,,,,2385,11.35,7,"Stella per per cambiamento di massa"
887,2194.094,"DROP",,,,,,,,,,,,,0,0.00,2,"Stella persa per SNR basso"
888,2196.537,"DROP",,,,,,,,,,,,,0,0.00,2,"Stella persa per SNR basso"
889,2198.831,"DROP",,,,,,,,,,,,,2487,11.56,7,"Stella per per cambiamento di massa"
890,2201.277,"DROP",,,,,,,,,,,,,2577,9.32,7,"Stella per per cambiamento di massa"
891,2203.552,"DROP",,,,,,,,,,,,,4046,13.30,7,"Stella per per cambiamento di massa"
892,2206.011,"DROP",,,,,,,,,,,,,0,0.00,4,"Star lost - low HFD"
893,2208.276,"DROP",,,,,,,,,,,,,0,0.00,2,"Stella persa per SNR basso"
894,2210.699,"DROP",,,,,,,,,,,,,0,0.00,2,"Stella persa per SNR basso"
895,2212.956,"DROP",,,,,,,,,,,,,0,0.00,2,"Stella persa per SNR basso"
896,2215.393,"DROP",,,,,,,,,,,,,0,0.00,2,"Stella persa per SNR basso"
897,2217.644,"DROP",,,,,,,,,,,,,0,0.00,2,"Stella persa per SNR basso"
898,2220.104,"DROP",,,,,,,,,,,,,0,0.00,4,"Star lost - low HFD"
899,2222.385,"DROP",,,,,,,,,,,,,0,0.00,2,"Stella persa per SNR basso"
900,2224.838,"DROP",,,,,,,,,,,,,0,0.00,2,"Stella persa per SNR basso"
901,2227.091,"DROP",,,,,,,,,,,,,0,0.00,2,"Stella persa per SNR basso"
902,2233.766,"Mount",5.362,-13.724,10.841,9.979,6.817,9.979,1648,W,2500,S,,,4688,14.89,0
903,2239.062,"Mount",-5.695,-15.535,1.700,16.458,1.548,16.458,374,W,2500,S,,,2980,9.29,0
904,2246.327,"Mount",-20.873,-7.045,-15.664,15.490,-9.760,15.490,2359,E,2500,S,,,2009,9.05,0
905,2251.935,"Mount",-10.514,-2.848,-8.198,7.174,-5.848,7.174,1414,E,1506,S,,,2216,9.44,0
906,2257.494,"Mount",-1.968,6.711,-4.714,-5.166,-3.379,-5.166,817,E,2246,N,,,2365,9.49,0
907,2259.782,"DROP",,,,,,,,,,,,,0,0.00,2,"Stella persa per SNR basso"
908,2262.100,"DROP",,,,,,,,,,,,,0,0.00,2,"Stella persa per SNR basso"
909,2264.545,"DROP",,,,,,,,,,,,,0,0.00,2,"Stella persa per SNR basso"
910,2266.824,"DROP",,,,,,,,,,,,,0,0.00,4,"Star lost - low HFD"
911,2269.260,"DROP",,,,,,,,,,,,,0,0.00,2,"Stella persa per SNR basso"
912,2271.512,"DROP",,,,,,,,,,,,,0,0.00,3,"Stella persa per bassa massa"
913,2273.960,"DROP",,,,,,,,,,,,,4991,13.19,7,"Stella per per cambiamento di massa"
914,2279.214,"Mount",-6.196,9.928,-9.924,-6.202,-6.489,-6.202,1569,E,1302,N,,,4311,11.87,0
915,2281.508,"DROP",,,,,,,,,,,,,0,0.00,2,"Stella persa per SNR basso"
916,2283.774,"DROP",,,,,,,,,,,,,0,0.00,2,"Stella persa per SNR basso"
917,2286.228,"DROP",,,,,,,,,,,,,0,0.00,2,"Stella persa per SNR basso"
918,2288.504,"DROP",,,,,,,,,,,,,0,0.00,2,"Stella persa per SNR basso"
919,2290.931,"DROP",,,,,,,,,,,,,0,0.00,2,"Stella persa per SNR basso"
920,2293.185,"DROP",,,,,,,,,,,,,0,0.00,2,"Stella persa per SNR basso"
921,2295.630,"DROP",,,,,,,,,,,,,0,0.00,2,"Stella persa per SNR basso"
922,2297.924,"DROP",,,,,,,,,,,,,0,0.00,2,"Stella persa per SNR basso"
923,2302.454,"Mount",4.874,-3.198,5.783,0.735,3.189,0.735,771,W,1196,S,,,3955,12.12,0
924,2304.767,"DROP",,,,,,,,,,,,,0,0.00,2,"Stella persa per SNR basso"
925,2307.025,"DROP",,,,,,,,,,,,,0,0.00,4,"Star lost - low HFD"
926,2309.483,"DROP",,,,,,,,,,,,,0,0.00,2,"Stella persa per SNR basso"
927,2311.736,"DROP",,,,,,,,,,,,,0,0.00,4,"Star lost - low HFD"
928,2314.173,"DROP",,,,,,,,,,,,,0,0.00,2,"Stella persa per SNR basso"
929,2316.514,"DROP",,,,,,,,,,,,,0,0.00,2,"Stella persa per SNR basso"
930,2321.716,"Mount",8.015,-2.838,8.447,-0.967,5.545,-0.967,1340,W,1245,N,,,1859,8.00,0
931,2324.055,"DROP",,,,,,,,,,,,,0,0.00,2,"Stella persa per SNR basso"
932,2326.340,"DROP",,,,,,,,,,,,,0,0.00,2,"Stella persa per SNR basso"
933,2328.769,"DROP",,,,,,,,,,,,,0,0.00,2,"Stella persa per SNR basso"
934,2331.053,"DROP",,,,,,,,,,,,,0,0.00,2,"Stella persa per SNR basso"
935,2333.502,"DROP",,,,,,,,,,,,,0,0.00,2,"Stella persa per SNR basso"
936,2335.780,"DROP",,,,,,,,,,,,,0,0.00,2,"Stella persa per SNR basso"
937,2338.215,"DROP",,,,,,,,,,,,,0,0.00,2,"Stella persa per SNR basso"
938,2340.474,"DROP",,,,,,,,,,,,,0,0.00,3,"Stella persa per bassa massa"
939,2342.909,"DROP",,,,,,,,,,,,,0,0.00,2,"Stella persa per SNR basso"
940,2345.178,"DROP",,,,,,,,,,,,,0,0.00,2,"Stella persa per SNR basso"
941,2347.613,"DROP",,,,,,,,,,,,,0,0.00,2,"Stella persa per SNR basso"
942,2349.875,"DROP",,,,,,,,,,,,,0,0.00,2,"Stella persa per SNR basso"
943,2352.311,"DROP",,,,,,,,,,,,,0,0.00,2,"Stella persa per SNR basso"
944,2354.587,"DROP",,,,,,,,,,,,,0,0.00,2,"Stella persa per SNR basso"
945,2357.041,"DROP",,,,,,,,,,,,,0,0.00,2,"Stella persa per SNR basso"
946,2363.622,"Mount",16.338,3.005,13.362,-9.870,8.806,-9.870,2129,W,2073,N,,,2739,10.06,0
947,2365.925,"DROP",,,,,,,,,,,,,0,0.00,2,"Stella persa per SNR basso"
948,2368.334,"DROP",,,,,,,,,,,,,0,0.00,2,"Stella persa per SNR basso"
949,2370.764,"DROP",,,,,,,,,,,,,0,0.00,2,"Stella persa per SNR basso"
950,2374.030,"Mount",3.469,-0.359,3.275,-1.200,2.680,-1.200,648,W,252,N,,,2871,9.59,0
951,2376.418,"DROP",,,,,,,,,,,,,0,0.00,2,"Stella persa per SNR basso"
952,2378.694,"DROP",,,,,,,,,,,,,0,0.00,2,"Stella persa per SNR basso"
953,2381.130,"DROP",,,,,,,,,,,,,2888,10.17,8,"Nessuna stella trovata"
954,2383.398,"DROP",,,,,,,,,,,,,0,0.00,2,"Stella persa per SNR basso"
955,2385.829,"DROP",,,,,,,,,,,,,0,0.00,2,"Stella persa per SNR basso"
956,2388.129,"DROP",,,,,,,,,,,,,0,0.00,2,"Stella persa per SNR basso"
957,2390.566,"DROP",,,,,,,,,,,,,0,0.00,2,"Stella persa per SNR basso"
958,2395.558,"Mount",-2.435,9.922,-6.542,-7.847,-3.934,-7.847,951,E,1648,N,,,2636,10.11,0
959,2397.871,"DROP",,,,,,,,,,,,,0,0.00,2,"Stella persa per SNR basso"
960,2400.183,"DROP",,,,,,,,,,,,,0,0.00,2,"Stella persa per SNR basso"
961,2402.613,"DROP",,,,,,,,,,,,,0,0.00,2,"Stella persa per SNR basso"
962,2408.750,"Mount",-10.129,-2.889,-7.834,7.041,-5.211,7.041,1260,E,2500,S,,,2379,9.65,0
963,2411.083,"DROP",,,,,,,,,,,,,0,0.00,3,"Stella persa per bassa massa"
964,2413.351,"DROP",,,,,,,,,,,,,0,0.00,2,"Stella persa per SNR basso"
965,2418.848,"Mount",-1.825,6.691,-4.577,-5.212,-3.248,-5.212,785,E,2136,N,,,4769,13.53,0
966,2421.187,"DROP",,,,,,,,,,,,,0,0.00,2,"Stella persa per SNR basso"
967,2427.030,"Mount",-8.666,-2.969,-6.484,6.471,-4.312,6.471,1042,E,2401,S,,,2797,10.08,0
968,2432.342,"Mount",-2.623,6.555,-5.233,-4.739,-3.599,-4.739,870,E,2037,N,,,5692,14.29,0
969,2434.652,"DROP",,,,,,,,,,,,,0,0.00,4,"Star lost - low HFD"
970,2436.933,"DROP",,,,,,,,,,,,,2761,10.44,8,"Nessuna stella trovata"
971,2439.358,"DROP",,,,,,,,,,,,,3698,12.10,8,"Nessuna stella trovata"
972,2441.623,"DROP",,,,,,,,,,,,,0,0.00,2,"Stella persa per SNR basso"
973,2444.091,"DROP",,,,,,,,,,,,,0,0.00,2,"Stella persa per SNR basso"
974,2446.362,"DROP",,,,,,,,,,,,,0,0.00,2,"Stella persa per SNR basso"
975,2448.804,"DROP",,,,,,,,,,,,,0,0.00,2,"Stella persa per SNR basso"
976,2451.060,"DROP",,,,,,,,,,,,,0,0.00,2,"Stella persa per SNR basso"
977,2453.510,"DROP",,,,,,,,,,,,,0,0.00,2,"Stella persa per SNR basso"
978,2455.776,"DROP",,,,,,,,,,,,,0,0.00,4,"Star lost - low HFD"
979,2460.750,"Mount",-2.825,8.712,-6.362,-6.588,-4.260,-6.588,1030,E,1383,N,,,4815,15.32,0
980,2466.318,"Mount",-7.739,-3.860,-5.260,6.865,-3.612,6.865,873,E,2276,S,,,2360,10.10,0
981,2468.704,"DROP",,,,,,,,,,,,,0,0.00,4,"Star lost - low HFD"
982,2473.654,"Mount",3.742,7.260,0.177,-8.166,-0.141,-8.166,34,E,2500,N,,,3826,12.45,0
983,2475.957,"DROP",,,,,,,,,,,,,0,0.00,2,"Stella persa per SNR basso"
984,2478.218,"DROP",,,,,,,,,,,,,0,0.00,2,"Stella persa per SNR basso"
985,2480.639,"DROP",,,,,,,,,,,,,0,0.00,2,"Stella persa per SNR basso"
986,2482.898,"DROP",,,,,,,,,,,,,0,0.00,2,"Stella persa per SNR basso"
987,2485.349,"DROP",,,,,,,,,,,,,0,0.00,2,"Stella persa per SNR basso"
988,2491.606,"Mount",14.948,10.232,8.941,-15.754,5.623,-15.754,1359,W,2500,N,,,1601,7.29,0
989,2493.901,"DROP",,,,,,,,,,,,,0,0.00,2,"Stella persa per SNR basso"
990,2496.186,"DROP",,,,,,,,,,,,,0,0.00,2,"Stella persa per SNR basso"
991,2498.665,"DROP",,,,,,,,,,,,,0,0.00,2,"Stella persa per SNR basso"
992,2500.964,"DROP",,,,,,,,,,,,,0,0.00,2,"Stella persa per SNR basso"
993,2503.462,"DROP",,,,,,,,,,,,,0,0.00,2,"Stella persa per SNR basso"
994,2505.756,"DROP",,,,,,,,,,,,,0,0.00,2,"Stella persa per SNR basso"
Guiding Ends at 2026-09-06 05:23:31
INFO: SETTLING STATE CHANGE, Settling started

Guiding Begins at 2026-09-06 05:24:00
Equipment Profile = SW4P_EVO
Dither = both axes, Dither scale = 1.000, Image noise reduction = 2x2 mean, Guide-frame time lapse = 0, Server enabled
Pixel scale = 2.91 arc-sec/px, Binning = 1, Focal length = 266 mm
Search region = 15 px, Star mass tolerance = 50.0%, Multi-star mode, list size = 12
 Camera = ZWO ASI120MM Mini (ASCOM), full size = 1280 x 960, have dark, dark dur = 2000, no defect map, pixel size = 3.8 um
Exposure = 2000 ms
Mount = GPUSB, connected, guiding enabled, AuxMount=CPWI_ASCOM_Telescope, xAngle = -26.0, xRate = 4.137, yAngle = -116.0, yRate = 4.762, parity = +/-
Norm rates RA = 13.1"/s @ dec 0, Dec = 13.8"/s; ortho.err. = 0.0 deg
X guide algorithm = Hysteresis, Hysteresis = 0.100, Aggression = 0.700, Minimum move = 0.130
Y guide algorithm = Resist Switch, Minimum move = 0.200 Aggression = 100% FastSwitch = enabled
Backlash comp = enabled, pulse = 834 ms
Max RA duration = 2500, Max DEC duration = 2500, DEC guide mode = Auto
RA Guide Speed = 14.9 a-s/s, Dec Guide Speed = 14.9 a-s/s, Cal Dec = -0.0, Last Cal Issue = None, Timestamp = 31/08/2026 21:19:06
RA = 20.01 hr, Dec = 22.9 deg, Hour angle = 7.17 hr, Pier side = East, Rotator pos = N/A, Alt = 3.3 deg, Az = 298.4 deg
Lock position = 776.360, 725.170, Star position = 776.360, 725.170, HFD = 2.88 px
Frame,Time,mount,dx,dy,RARawDistance,DECRawDistance,RAGuideDistance,DECGuideDistance,RADuration,RADirection,DECDuration,DECDirection,XStep,YStep,StarMass,SNR,ErrorCode
1,3.065,"Mount",-0.022,-1.499,0.638,1.357,0.402,1.357,97,W,285,S,,,3988,14.30,0
2,8.577,"Mount",8.460,6.233,4.866,-9.313,3.094,-9.313,748,W,2500,N,,,1432,7.75,0
3,11.077,"DROP",,,,,,,,,,,,,0,0.00,4,"Star lost - low HFD"
4,13.424,"Mount",-0.121,-0.516,0.118,0.517,0.000,0.000,0,,0,,,,5631,14.96,0
5,15.760,"DROP",,,,,,,,,,,,,0,0.00,4,"Star lost - low HFD"
6,18.042,"DROP",,,,,,,,,,,,,0,0.00,4,"Star lost - low HFD"
7,20.642,"Mount",0.338,-0.689,0.606,0.470,0.382,0.000,92,W,0,,,,4478,17.10,0
8,23.801,"Mount",0.025,-1.008,0.464,0.895,0.319,0.895,77,W,855,S,,,3361,12.10,0
9,26.378,"Mount",0.221,-0.582,0.454,0.426,0.308,0.426,74,W,90,S,,,4306,13.88,0
10,28.937,"Mount",0.650,-1.101,1.067,0.704,0.694,0.704,168,W,148,S,,,4971,15.67,0
11,31.238,"DROP",,,,,,,,,,,,,0,0.00,4,"Star lost - low HFD"
12,33.817,"Mount",-1.065,0.202,-1.045,0.286,-0.610,0.286,147,E,60,S,,,3834,12.81,0
13,36.149,"DROP",,,,,,,,,,,,,0,0.00,4,"Star lost - low HFD"
INFO: SETTLING STATE CHANGE, Settling failed
14,38.521,"Mount",0.256,0.160,0.160,-0.257,0.058,0.000,14,W,0,,,,6281,19.57,0
15,41.393,"Mount",0.040,-1.503,0.695,1.333,0.442,1.333,107,W,280,S,,,2890,10.98,0
16,43.890,"Mount",1.473,-0.675,1.620,-0.040,1.052,0.000,254,W,0,,,,3753,13.85,0
17,46.610,"Mount",-0.024,-1.054,0.441,0.958,0.351,0.958,85,W,201,S,,,2744,10.71,0
18,48.809,"DROP",,,,,,,,,,,,,0,0.00,4,"Star lost - low HFD"
19,51.231,"DROP",,,,,,,,,,,,,0,0.00,4,"Star lost - low HFD"
20,53.706,"Mount",0.852,-0.340,0.915,-0.069,0.601,0.000,145,W,0,,,,6247,20.35,0
21,56.017,"DROP",,,,,,,,,,,,,0,0.00,4,"Star lost - low HFD"
22,58.650,"Mount",0.582,-0.788,0.869,0.453,0.590,0.453,143,W,95,S,,,5129,19.62,0
23,61.194,"Mount",0.782,-0.326,0.846,-0.051,0.574,0.000,139,W,0,,,,4246,14.07,0
24,63.793,"Mount",0.866,-0.934,1.188,0.459,0.789,0.459,191,W,96,S,,,5522,18.94,0
25,66.089,"DROP",,,,,,,,,,,,,0,0.00,4,"Star lost - low HFD"
26,68.610,"Mount",0.919,-0.237,0.930,-0.190,0.641,0.000,155,W,0,,,,4215,15.10,0
27,71.641,"Mount",0.357,-1.618,1.031,1.297,0.694,1.297,168,W,272,S,,,5053,16.42,0
28,74.225,"Mount",0.422,-1.078,0.852,0.784,0.585,0.784,141,W,165,S,,,5655,18.22,0
29,76.544,"DROP",,,,,,,,,,,,,0,0.00,4,"Star lost - low HFD"
30,79.146,"Mount",0.415,-0.194,0.458,-0.008,0.330,0.000,80,W,0,,,,4633,14.40,0
31,81.458,"DROP",,,,,,,,,,,,,0,0.00,4,"Star lost - low HFD"
32,83.922,"Mount",0.528,-0.132,0.533,-0.113,0.359,0.000,87,W,0,,,,6482,18.41,0
33,86.650,"Mount",-0.636,-0.988,-0.138,1.167,-0.062,1.167,15,E,245,S,,,2594,11.56,0
34,89.008,"DROP",,,,,,,,,,,,,0,0.00,4,"Star lost - low HFD"
35,91.445,"DROP",,,,,,,,,,,,,0,0.00,4,"Star lost - low HFD"
36,93.865,"Mount",-0.241,-0.232,-0.114,0.314,0.000,0.314,0,,66,S,,,3819,14.16,0
37,96.450,"Mount",-1.022,0.683,-1.218,-0.165,-0.767,0.000,185,E,0,,,,4094,13.93,0
38,98.582,"DROP",,,,,,,,,,,,,0,0.00,4,"Star lost - low HFD"
39,101.434,"Mount",0.484,-0.909,0.833,0.604,0.471,0.604,114,W,127,S,,,3236,11.21,0
40,103.573,"DROP",,,,,,,,,,,,,0,0.00,4,"Star lost - low HFD"
41,106.010,"DROP",,,,,,,,,,,,,0,0.00,4,"Star lost - low HFD"
42,108.275,"DROP",,,,,,,,,,,,,0,0.00,4,"Star lost - low HFD"
43,111.113,"Mount",0.524,-0.917,0.874,0.594,0.583,0.594,141,W,125,S,,,3579,13.30,0
44,113.905,"Mount",1.185,-1.459,1.705,0.791,1.115,0.791,270,W,166,S,,,4749,17.42,0
45,116.278,"DROP",,,,,,,,,,,,,0,0.00,2,"Stella persa per SNR basso"
46,118.542,"DROP",,,,,,,,,,,,,0,0.00,2,"Stella persa per SNR basso"
47,122.065,"Mount",0.836,0.290,0.624,-0.628,0.471,-0.628,114,W,799,N,,,4765,15.86,0
48,124.569,"Mount",-0.691,0.752,-0.950,-0.372,-0.566,-0.372,137,E,78,N,,,3411,12.44,0
49,126.906,"DROP",,,,,,,,,,,,,0,0.00,4,"Star lost - low HFD"
50,129.377,"Mount",0.271,0.122,0.190,-0.229,0.080,-0.229,19,W,48,N,,,3486,13.74,0
51,131.930,"DROP",,,,,,,,,,,,,0,0.00,4,"Star lost - low HFD"
52,134.193,"DROP",,,,,,,,,,,,,0,0.00,2,"Stella persa per SNR basso"
53,136.701,"Mount",-0.151,-0.185,-0.055,0.233,0.000,0.000,0,,0,,,,2512,10.16,0
54,139.034,"Mount",-0.457,-0.170,-0.336,0.353,-0.212,0.000,51,E,0,,,,3978,15.02,0
55,142.546,"Mount",0.712,-1.114,1.129,0.689,0.697,0.689,168,W,812,S,,,5251,19.42,0
56,145.185,"Mount",0.256,-1.044,0.688,0.826,0.482,0.826,117,W,173,S,,,4558,17.32,0
57,147.930,"Mount",1.404,-0.634,1.540,-0.046,1.004,0.000,243,W,0,,,,2710,9.99,0
58,150.362,"Mount",0.879,-0.428,0.978,-0.001,0.686,0.000,166,W,0,,,,2859,12.25,0
59,152.882,"Mount",0.459,-0.395,0.586,0.153,0.417,0.000,101,W,0,,,,2857,11.61,0
60,155.200,"DROP",,,,,,,,,,,,,7375,21.04,7,"Stella per per cambiamento di massa"
61,157.632,"DROP",,,,,,,,,,,,,0,0.00,4,"Star lost - low HFD"
62,159.890,"DROP",,,,,,,,,,,,,0,0.00,4,"Star lost - low HFD"
63,162.578,"Mount",0.862,0.051,0.752,-0.424,0.503,0.000,122,W,0,,,,3236,13.56,0
64,165.066,"Mount",0.185,-0.392,0.338,0.271,0.248,0.271,60,W,57,S,,,3208,11.76,0
65,167.737,"Mount",0.023,-0.942,0.434,0.836,0.291,0.836,70,W,176,S,,,4525,19.45,0
66,170.561,"Mount",0.891,-1.891,1.630,1.308,1.048,1.308,253,W,275,S,,,3176,13.79,0
67,173.353,"Mount",0.874,-1.003,1.226,0.518,0.846,0.518,204,W,109,S,,,5887,19.54,0
68,175.509,"DROP",,,,,,,,,,,,,0,0.00,2,"Stella persa per SNR basso"
69,178.082,"Mount",0.255,-0.197,0.315,0.065,0.258,0.000,62,W,0,,,,3857,12.75,0
70,180.237,"DROP",,,,,,,,,,,,,0,0.00,2,"Stella persa per SNR basso"
71,182.656,"DROP",,,,,,,,,,,,,0,0.00,4,"Star lost - low HFD"
72,185.345,"Mount",-0.477,-1.100,0.054,1.197,0.000,1.197,0,,251,S,,,4272,16.23,0
73,187.663,"DROP",,,,,,,,,,,,,0,0.00,2,"Stella persa per SNR basso"
74,189.920,"DROP",,,,,,,,,,,,,0,0.00,4,"Star lost - low HFD"
75,192.382,"DROP",,,,,,,,,,,,,2463,9.97,8,"Nessuna stella trovata"
76,194.786,"Mount",-0.242,-0.024,-0.207,0.128,-0.130,0.000,32,E,0,,,,3574,15.07,0
77,197.119,"DROP",,,,,,,,,,,,,0,0.00,2,"Stella persa per SNR basso"
78,199.761,"Mount",0.262,-0.912,0.636,0.704,0.392,0.704,95,W,148,S,,,5469,16.91,0
79,202.172,"Mount",-0.009,-0.118,0.044,0.110,0.000,0.000,0,,0,,,,2441,9.69,0
80,204.868,"Mount",0.499,-1.120,0.940,0.787,0.592,0.787,143,W,165,S,,,2399,10.78,0
81,207.195,"DROP",,,,,,,,,,,,,0,0.00,4,"Star lost - low HFD"
82,209.472,"DROP",,,,,,,,,,,,,0,0.00,4,"Star lost - low HFD"
83,211.936,"DROP",,,,,,,,,,,,,0,0.00,4,"Star lost - low HFD"
84,214.290,"Mount",-0.188,-0.025,-0.158,0.105,-0.058,0.000,14,E,0,,,,2904,12.45,0
85,217.049,"Mount",0.738,-0.793,1.011,0.388,0.633,0.388,153,W,82,S,,,4328,15.31,0
86,219.288,"DROP",,,,,,,,,,,,,0,0.00,4,"Star lost - low HFD"
87,221.882,"Mount",-0.135,0.220,-0.218,-0.138,-0.093,0.000,22,E,0,,,,4963,16.69,0
88,224.530,"Mount",0.513,-0.273,0.581,0.021,0.359,0.000,87,W,0,,,,3110,11.37,0
89,226.934,"DROP",,,,,,,,,,,,,0,0.00,4,"Star lost - low HFD"
90,229.213,"DROP",,,,,,,,,,,,,0,0.00,2,"Stella persa per SNR basso"
91,231.663,"DROP",,,,,,,,,,,,,3288,11.46,8,"Nessuna stella trovata"
92,233.930,"DROP",,,,,,,,,,,,,0,0.00,2,"Stella persa per SNR basso"
93,236.375,"DROP",,,,,,,,,,,,,0,0.00,2,"Stella persa per SNR basso"
94,238.985,"Mount",0.493,-0.670,0.737,0.385,0.490,0.385,118,W,81,S,,,5669,17.82,0
95,241.993,"Mount",0.342,-1.301,0.878,1.019,0.587,1.019,142,W,214,S,,,5557,15.69,0
96,244.130,"DROP",,,,,,,,,,,,,0,0.00,4,"Star lost - low HFD"
97,246.786,"Mount",0.472,-0.225,0.523,-0.005,0.371,0.000,90,W,0,,,,4439,15.21,0
98,249.242,"Mount",1.073,-0.345,1.116,-0.161,0.729,0.000,176,W,0,,,,4404,14.47,0
99,251.969,"Mount",-0.076,-0.607,0.198,0.579,0.176,0.579,42,W,122,S,,,3897,14.03,0
100,254.801,"Mount",-0.702,-1.135,-0.132,1.328,-0.071,1.328,17,E,279,S,,,2776,11.76,0
101,257.175,"DROP",,,,,,,,,,,,,0,0.00,4,"Star lost - low HFD"
102,259.452,"DROP",,,,,,,,,,,,,0,0.00,4,"Star lost - low HFD"
103,261.883,"DROP",,,,,,,,,,,,,0,0.00,4,"Star lost - low HFD"
104,264.222,"Mount",0.046,0.140,-0.020,-0.146,0.000,0.000,0,,0,,,,3724,14.01,0
105,266.866,"Mount",0.353,-0.705,0.627,0.479,0.395,0.479,95,W,101,S,,,5892,19.53,0
106,269.036,"DROP",,,,,,,,,,,,,0,0.00,4,"Star lost - low HFD"
107,271.459,"DROP",,,,,,,,,,,,,0,0.00,4,"Star lost - low HFD"
108,273.724,"DROP",,,,,,,,,,,,,0,0.00,4,"Star lost - low HFD"
109,276.147,"DROP",,,,,,,,,,,,,0,0.00,4,"Star lost - low HFD"
110,278.650,"Mount",0.653,-0.335,0.734,0.015,0.490,0.000,118,W,0,,,,4062,14.88,0
111,281.410,"Mount",0.068,-1.125,0.555,0.981,0.384,0.981,93,W,206,S,,,5651,20.50,0
112,284.001,"Mount",-0.170,-1.337,0.434,1.276,0.300,1.276,73,W,268,S,,,2552,11.93,0
113,287.354,"Mount",0.814,0.433,0.542,-0.746,0.362,-0.746,88,W,824,N,,,3593,14.60,0
114,289.551,"DROP",,,,,,,,,,,,,0,0.00,4,"Star lost - low HFD"
115,292.004,"DROP",,,,,,,,,,,,,0,0.00,4,"Star lost - low HFD"
116,294.260,"DROP",,,,,,,,,,,,,0,0.00,4,"Star lost - low HFD"
117,297.913,"Mount",-0.176,-1.579,0.535,1.496,0.362,1.496,88,W,981,S,,,4093,16.10,0
118,300.576,"Mount",-0.407,0.534,-0.600,-0.301,-0.352,0.000,85,E,0,,,,5032,16.27,0
119,302.897,"DROP",,,,,,,,,,,,,0,0.00,4,"Star lost - low HFD"
120,305.330,"Mount",-0.240,0.177,-0.294,-0.054,-0.210,0.000,51,E,0,,,,3775,17.00,0
121,308.345,"Mount",-0.048,-2.208,0.926,2.005,0.569,2.005,137,W,421,S,,,3407,11.00,0
122,310.510,"DROP",,,,,,,,,,,,,0,0.00,4,"Star lost - low HFD"
123,313.015,"DROP",,,,,,,,,,,,,1711,8.08,7,"Stella per per cambiamento di massa"
124,315.345,"DROP",,,,,,,,,,,,,0,0.00,4,"Star lost - low HFD"
125,317.930,"Mount",0.209,-0.080,0.223,-0.019,0.180,0.000,44,W,0,,,,3093,14.02,0
126,320.386,"Mount",1.168,-0.469,1.255,-0.091,0.803,0.000,194,W,0,,,,4467,16.19,0
127,323.986,"Mount",2.298,-0.368,2.226,-0.678,1.459,-0.678,353,W,809,N,,,3560,11.02,0
128,326.190,"Mount",-0.027,-0.044,-0.005,0.051,0.000,0.000,0,,0,,,,2587,9.43,0
129,328.533,"DROP",,,,,,,,,,,,,0,0.00,2,"Stella persa per SNR basso"
130,330.823,"DROP",,,,,,,,,,,,,0,0.00,4,"Star lost - low HFD"
131,333.262,"DROP",,,,,,,,,,,,,0,0.00,4,"Star lost - low HFD"
132,335.666,"Mount",-0.280,-0.008,-0.248,0.130,-0.156,0.000,38,E,0,,,,5457,17.91,0
133,338.186,"Mount",0.533,-0.918,0.881,0.591,0.544,0.000,132,W,0,,,,3151,11.51,0
134,340.313,"DROP",,,,,,,,,,,,,0,0.00,4,"Star lost - low HFD"
135,343.890,"Mount",0.070,-1.350,0.656,1.183,0.451,1.183,109,W,915,S,,,5596,17.98,0
136,346.039,"DROP",,,,,,,,,,,,,0,0.00,4,"Star lost - low HFD"
137,348.500,"DROP",,,,,,,,,,,,,2074,8.27,8,"Nessuna stella trovata"
138,350.775,"DROP",,,,,,,,,,,,,0,0.00,4,"Star lost - low HFD"
139,353.219,"DROP",,,,,,,,,,,,,0,0.00,4,"Star lost - low HFD"
140,355.475,"DROP",,,,,,,,,,,,,0,0.00,4,"Star lost - low HFD"
141,358.153,"Mount",-0.481,-0.229,-0.331,0.417,-0.177,0.417,43,E,87,S,,,2802,10.92,0
142,360.713,"Mount",0.536,-0.995,0.918,0.658,0.566,0.658,137,W,138,S,,,5272,15.65,0
143,363.689,"Mount",0.744,-1.862,1.486,1.346,0.976,1.346,236,W,283,S,,,3678,16.04,0
144,366.321,"Mount",0.762,-1.104,1.170,0.657,0.805,0.657,195,W,138,S,,,2730,10.94,0
145,369.529,"Mount",0.368,0.508,0.107,-0.618,0.000,-0.618,0,,797,N,,,5019,17.46,0
146,373.061,"Mount",0.876,-1.662,1.517,1.109,0.956,1.109,231,W,900,S,,,4626,15.52,0
147,375.674,"Mount",-0.194,-0.556,0.070,0.584,0.000,0.584,0,,123,S,,,4255,14.65,0
148,377.844,"DROP",,,,,,,,,,,,,0,0.00,4,"Star lost - low HFD"
149,380.458,"Mount",0.354,-0.054,0.341,-0.107,0.215,0.000,52,W,0,,,,3767,12.67,0
150,382.898,"Mount",1.110,-0.105,1.044,-0.393,0.673,0.000,163,W,0,,,,5070,17.83,0
151,385.211,"DROP",,,,,,,,,,,,,0,0.00,2,"Stella persa per SNR basso"
152,387.753,"Mount",0.311,-0.380,0.446,0.205,0.328,0.205,79,W,43,S,,,3857,15.53,0
153,390.045,"DROP",,,,,,,,,,,,,0,0.00,4,"Star lost - low HFD"
154,392.578,"Mount",0.212,-0.428,0.378,0.291,0.261,0.291,63,W,61,S,,,4350,16.11,0
155,395.266,"Mount",-0.826,-0.265,-0.626,0.601,-0.376,0.601,91,E,126,S,,,2543,10.32,0
156,397.491,"Mount",-0.003,-0.147,0.062,0.133,0.000,0.000,0,,0,,,,3271,13.68,0
157,399.946,"Mount",-0.091,-0.237,0.022,0.253,0.000,0.253,0,,53,S,,,2781,11.40,0
158,402.129,"DROP",,,,,,,,,,,,,0,0.00,4,"Star lost - low HFD"
159,404.970,"Mount",0.956,-0.767,1.195,0.270,0.753,0.270,182,W,57,S,,,5300,18.18,0
160,407.198,"DROP",,,,,,,,,,,,,0,0.00,4,"Star lost - low HFD"
161,410.018,"Mount",0.606,-0.791,0.892,0.444,0.614,0.444,148,W,93,S,,,4486,16.79,0
162,412.450,"Mount",-0.206,0.317,-0.324,-0.194,-0.161,0.000,39,E,0,,,,3414,12.07,0
163,415.194,"Mount",0.540,-0.863,0.864,0.539,0.533,0.539,129,W,113,S,,,5618,16.49,0
164,418.450,"Mount",0.519,0.474,0.258,-0.654,0.200,-0.654,48,W,804,N,,,4684,14.55,0
165,420.796,"DROP",,,,,,,,,,,,,0,0.00,4,"Star lost - low HFD"
166,424.226,"Mount",0.610,-1.165,1.059,0.779,0.681,0.779,165,W,808,S,,,3542,11.15,0
167,426.945,"Mount",0.680,-0.610,0.878,0.250,0.601,0.250,145,W,52,S,,,2817,11.45,0
168,430.001,"Mount",0.261,0.548,-0.006,-0.607,0.000,-0.607,0,,771,N,,,3827,12.71,0
169,432.391,"DROP",,,,,,,,,,,,,7649,21.20,7,"Stella per per cambiamento di massa"
170,435.731,"Mount",0.052,-1.108,0.533,0.973,0.336,0.973,81,W,793,S,,,4448,13.53,0
171,438.059,"DROP",,,,,,,,,,,,,0,0.00,2,"Stella persa per SNR basso"
172,440.363,"DROP",,,,,,,,,,,,,0,0.00,4,"Star lost - low HFD"
173,442.938,"Mount",0.248,-0.036,0.239,-0.076,0.174,0.000,42,W,0,,,,5457,17.62,0
174,445.134,"DROP",,,,,,,,,,,,,0,0.00,4,"Star lost - low HFD"
175,447.576,"DROP",,,,,,,,,,,,,0,0.00,4,"Star lost - low HFD"
176,449.827,"DROP",,,,,,,,,,,,,0,0.00,4,"Star lost - low HFD"
177,452.263,"DROP",,,,,,,,,,,,,0,0.00,4,"Star lost - low HFD"
178,454.650,"Mount",-0.141,0.310,-0.263,-0.216,-0.154,0.000,37,E,0,,,,2451,10.94,0
179,457.322,"Mount",0.450,-0.612,0.672,0.352,0.413,0.352,100,W,74,S,,,4334,13.40,0
180,462.418,"Mount",1.488,9.284,-2.737,-8.995,-1.695,-8.995,410,E,2404,N,,,4254,14.37,0
181,464.907,"Mount",0.337,-0.008,0.306,-0.140,0.074,0.000,18,W,0,,,,5455,16.00,0
182,467.118,"DROP",,,,,,,,,,,,,0,0.00,4,"Star lost - low HFD"
183,470.082,"Mount",1.891,-0.548,1.940,-0.338,1.227,-0.338,297,W,71,N,,,4461,13.31,0
184,472.338,"DROP",,,,,,,,,,,,,0,0.00,4,"Star lost - low HFD"
185,474.769,"DROP",,,,,,,,,,,,,0,0.00,2,"Stella persa per SNR basso"
186,477.063,"DROP",,,,,,,,,,,,,0,0.00,4,"Star lost - low HFD"
187,479.486,"DROP",,,,,,,,,,,,,0,0.00,4,"Star lost - low HFD"
188,481.769,"DROP",,,,,,,,,,,,,0,0.00,4,"Star lost - low HFD"
189,484.207,"DROP",,,,,,,,,,,,,0,0.00,4,"Star lost - low HFD"
190,486.491,"DROP",,,,,,,,,,,,,0,0.00,4,"Star lost - low HFD"
191,488.970,"DROP",,,,,,,,,,,,,1965,9.03,7,"Stella per per cambiamento di massa"
192,491.240,"DROP",,,,,,,,,,,,,0,0.00,4,"Star lost - low HFD"
193,493.663,"DROP",,,,,,,,,,,,,0,0.00,4,"Star lost - low HFD"
194,495.915,"DROP",,,,,,,,,,,,,0,0.00,4,"Star lost - low HFD"
195,499.322,"Mount",-0.137,-1.090,0.356,1.039,0.310,1.039,75,W,733,S,,,3663,14.65,0
196,501.496,"DROP",,,,,,,,,,,,,0,0.00,4,"Star lost - low HFD"
197,503.927,"DROP",,,,,,,,,,,,,0,0.00,4,"Star lost - low HFD"
198,506.191,"DROP",,,,,,,,,,,,,0,0.00,4,"Star lost - low HFD"
199,509.126,"Mount",0.797,-1.245,1.262,0.769,0.817,0.769,197,W,162,S,,,3360,12.84,0
200,511.666,"Mount",0.768,-0.860,1.067,0.435,0.729,0.435,176,W,91,S,,,5448,16.22,0
201,514.810,"Mount",0.757,-2.589,1.816,1.994,1.195,1.994,289,W,419,S,,,4602,13.66,0
202,516.996,"DROP",,,,,,,,,,,,,0,0.00,4,"Star lost - low HFD"
203,519.650,"Mount",0.296,-0.265,0.382,0.108,0.325,0.000,78,W,0,,,,3742,13.55,0
204,521.825,"DROP",,,,,,,,,,,,,0,0.00,2,"Stella persa per SNR basso"
205,524.271,"DROP",,,,,,,,,,,,,0,0.00,4,"Star lost - low HFD"
206,527.322,"Mount",0.461,0.654,0.128,-0.790,0.000,-0.790,0,,681,N,,,3708,12.01,0
207,529.794,"Mount",-0.197,-0.007,-0.174,0.092,-0.109,0.000,26,E,0,,,,3130,12.03,0
208,532.282,"Mount",-0.964,0.560,-1.112,-0.080,-0.708,0.000,171,E,0,,,,5645,16.20,0
209,534.581,"DROP",,,,,,,,,,,,,0,0.00,4,"Star lost - low HFD"
210,536.850,"DROP",,,,,,,,,,,,,0,0.00,4,"Star lost - low HFD"
211,539.466,"Mount",0.482,-0.206,0.524,-0.027,0.280,0.000,68,W,0,,,,4505,15.57,0
212,541.770,"Mount",0.345,-0.151,0.377,-0.016,0.257,0.000,62,W,0,,,,4136,14.96,0
213,544.087,"DROP",,,,,,,,,,,,,0,0.00,4,"Star lost - low HFD"
214,546.389,"DROP",,,,,,,,,,,,,0,0.00,4,"Star lost - low HFD"
215,549.122,"Mount",0.525,0.171,0.397,-0.384,0.268,-0.384,65,W,81,N,,,3082,11.52,0
216,551.332,"DROP",,,,,,,,,,,,,0,0.00,4,"Star lost - low HFD"
217,554.978,"Mount",1.484,-1.501,1.992,0.698,1.274,0.698,308,W,661,S,,,3780,11.84,0
218,557.171,"DROP",,,,,,,,,,,,,0,0.00,4,"Star lost - low HFD"
219,559.609,"DROP",,,,,,,,,,,,,0,0.00,4,"Star lost - low HFD"
220,561.899,"DROP",,,,,,,,,,,,,0,0.00,4,"Star lost - low HFD"
221,564.364,"DROP",,,,,,,,,,,,,0,0.00,2,"Stella persa per SNR basso"
222,567.018,"Mount",0.740,-0.798,1.015,0.392,0.729,0.392,176,W,82,S,,,4667,15.60,0
223,569.358,"DROP",,,,,,,,,,,,,0,0.00,4,"Star lost - low HFD"
224,571.630,"DROP",,,,,,,,,,,,,0,0.00,4,"Star lost - low HFD"
225,574.730,"Mount",0.633,-1.510,1.231,1.079,0.827,1.079,200,W,227,S,,,4613,17.02,0
226,576.908,"DROP",,,,,,,,,,,,,0,0.00,4,"Star lost - low HFD"
227,579.434,"Mount",0.014,0.086,-0.025,-0.084,0.000,0.000,0,,0,,,,3572,12.67,0
228,581.890,"Mount",0.944,-0.320,0.989,-0.127,0.623,0.000,151,W,0,,,,4363,12.03,0
229,584.233,"DROP",,,,,,,,,,,,,0,0.00,4,"Star lost - low HFD"
230,586.499,"DROP",,,,,,,,,,,,,0,0.00,2,"Stella persa per SNR basso"
231,589.890,"Mount",0.251,1.075,-0.246,-1.076,-0.111,-1.076,27,E,741,N,,,3503,10.63,0
232,592.690,"Mount",-0.959,1.342,-1.451,-0.785,-0.922,-0.785,223,E,165,N,,,2961,11.97,0
233,595.242,"Mount",0.127,-0.071,0.145,0.008,0.027,0.000,6,W,0,,,,3284,12.22,0
234,597.714,"Mount",0.827,-0.443,0.938,0.035,0.593,0.000,143,W,0,,,,4024,16.00,0
235,600.033,"DROP",,,,,,,,,,,,,0,0.00,4,"Star lost - low HFD"
236,602.650,"Mount",1.252,-0.991,1.560,0.341,1.024,0.000,248,W,0,,,,6999,20.47,0
237,604.993,"DROP",,,,,,,,,,,,,0,0.00,4,"Star lost - low HFD"
238,607.474,"Mount",0.412,-0.481,0.581,0.251,0.438,0.000,106,W,0,,,,3236,13.97,0
239,609.804,"DROP",,,,,,,,,,,,,0,0.00,2,"Stella persa per SNR basso"
240,612.394,"Mount",0.268,0.099,0.197,-0.207,0.155,-0.207,37,W,43,N,,,2979,12.27,0
241,614.687,"DROP",,,,,,,,,,,,,0,0.00,4,"Star lost - low HFD"
242,616.977,"DROP",,,,,,,,,,,,,0,0.00,4,"Star lost - low HFD"
243,619.414,"DROP",,,,,,,,,,,,,0,0.00,4,"Star lost - low HFD"
244,621.914,"Mount",0.183,0.224,0.066,-0.282,0.000,-0.282,0,,59,N,,,3322,13.06,0
245,625.202,"Mount",0.665,-1.002,1.037,0.608,0.653,0.608,158,W,643,S,,,4157,13.00,0
246,628.482,"Mount",1.251,0.986,0.691,-1.434,0.481,-1.434,116,W,795,N,,,3396,13.09,0
247,630.790,"DROP",,,,,,,,,,,,,0,0.00,4,"Star lost - low HFD"
248,634.154,"Mount",0.410,-1.698,1.114,1.346,0.735,1.346,178,W,744,S,,,3408,12.55,0
249,636.578,"DROP",,,,,,,,,,,,,0,0.00,4,"Star lost - low HFD"
250,638.852,"DROP",,,,,,,,,,,,,0,0.00,4,"Star lost - low HFD"
251,641.316,"DROP",,,,,,,,,,,,,4118,11.78,8,"Nessuna stella trovata"
252,643.810,"Mount",0.449,-0.426,0.590,0.186,0.423,0.000,102,W,0,,,,4347,14.21,0
Guiding Ends at 2026-09-06 05:34:46
