PHD2 version 2.6.14 [Windows], Log version 2.5. Log enabled at 2026-08-31 19:34:03
INFO: Guiding parameter change, MultiStar = true
INFO: Guiding parameter change, MultiStar = true

Guiding Begins at 2026-08-31 21:15:13
Equipment Profile = SW4P_EVO
Dither = both axes, Dither scale = 1.000, Image noise reduction = 2x2 mean, Guide-frame time lapse = 0, Server enabled
Pixel scale = 2.91 arc-sec/px, Binning = 1, Focal length = 266 mm
Search region = 15 px, Star mass tolerance = 50.0%, Multi-star mode, list size = 12
 Camera = ZWO ASI120MM Mini (ASCOM), full size = 1280 x 960, have dark, dark dur = 2000, no defect map, pixel size = 3.8 um
Exposure = 2000 ms
Mount = GPUSB, connected, guiding enabled, AuxMount=CPWI_ASCOM_Telescope, xAngle = -25.3, xRate = 0.083, yAngle = -115.3, yRate = 5.100, parity = +/-
Norm rates RA = 13.9"/s @ dec 0, Dec = 14.8"/s; ortho.err. = 0.0 deg
X guide algorithm = Hysteresis, Hysteresis = 0.100, Aggression = 0.700, Minimum move = 0.130
Y guide algorithm = Resist Switch, Minimum move = 0.200 Aggression = 100% FastSwitch = enabled
Backlash comp = enabled, pulse = 1010 ms
Max RA duration = 2500, Max DEC duration = 2500, DEC guide mode = Auto
RA Guide Speed = 14.9 a-s/s, Dec Guide Speed = 14.9 a-s/s, Cal Dec = 0.0, Last Cal Issue = None, Timestamp = 15/07/2026 22:18:28
RA = 21.07 hr, Dec = 89.1 deg, Hour angle = -2.38 hr, Pier side = East, Rotator pos = N/A, Alt = 43.2 deg, Az = 0.8 deg
Lock position = 666.270, 111.404, Star position = 666.270, 111.404, HFD = 3.58 px
Frame,Time,mount,dx,dy,RARawDistance,DECRawDistance,RAGuideDistance,DECGuideDistance,RADuration,RADirection,DECDuration,DECDirection,XStep,YStep,StarMass,SNR,ErrorCode
1,2.423,"Mount",0.093,0.419,-0.095,-0.419,0.000,0.000,0,,0,,,,642146,382.72,0
Guiding Ends at 2026-08-31 21:15:17

Guiding Begins at 2026-08-31 21:15:37
Equipment Profile = SW4P_EVO
Dither = both axes, Dither scale = 1.000, Image noise reduction = 2x2 mean, Guide-frame time lapse = 0, Server enabled
Pixel scale = 2.91 arc-sec/px, Binning = 1, Focal length = 266 mm
Search region = 15 px, Star mass tolerance = 50.0%, Multi-star mode, list size = 1
 Camera = ZWO ASI120MM Mini (ASCOM), full size = 1280 x 960, have dark, dark dur = 2000, no defect map, pixel size = 3.8 um
Exposure = 2000 ms
Mount = GPUSB, connected, guiding enabled, AuxMount=CPWI_ASCOM_Telescope, xAngle = -25.3, xRate = 0.083, yAngle = -115.3, yRate = 5.100, parity = +/-
Norm rates RA = 13.9"/s @ dec 0, Dec = 14.8"/s; ortho.err. = 0.0 deg
X guide algorithm = Hysteresis, Hysteresis = 0.100, Aggression = 0.700, Minimum move = 0.130
Y guide algorithm = Resist Switch, Minimum move = 0.200 Aggression = 100% FastSwitch = enabled
Backlash comp = enabled, pulse = 1010 ms
Max RA duration = 2500, Max DEC duration = 2500, DEC guide mode = Auto
RA Guide Speed = 14.9 a-s/s, Dec Guide Speed = 14.9 a-s/s, Cal Dec = 0.0, Last Cal Issue = None, Timestamp = 15/07/2026 22:18:28
RA = 21.07 hr, Dec = 89.1 deg, Hour angle = -2.38 hr, Pier side = East, Rotator pos = N/A, Alt = 43.2 deg, Az = 0.8 deg
Lock position = 666.374, 114.043, Star position = 666.374, 114.043, HFD = 3.69 px
Frame,Time,mount,dx,dy,RARawDistance,DECRawDistance,RAGuideDistance,DECGuideDistance,RADuration,RADirection,DECDuration,DECDirection,XStep,YStep,StarMass,SNR,ErrorCode
1,4.101,"Mount",0.212,-0.066,0.220,-0.030,0.138,0.000,1659,W,0,,,,638033,329.61,0
2,8.405,"Mount",0.165,-0.219,0.243,0.128,0.163,0.000,1954,W,0,,,,627113,320.57,0
3,12.677,"Mount",0.104,-0.329,0.234,0.253,0.159,0.000,1907,W,0,,,,619572,353.41,0
4,17.700,"Mount",0.029,-0.773,0.357,0.686,0.236,0.686,2500,W,135,S,,,582717,316.82,0
5,22.589,"Mount",0.242,-1.389,0.813,1.153,0.529,1.153,2500,W,226,S,,,644091,358.34,0
Guiding Ends at 2026-08-31 21:15:59

Calibration Begins at 2026-08-31 21:17:11
Equipment Profile = SW4P_EVO
Dither = both axes, Dither scale = 1.000, Image noise reduction = 2x2 mean, Guide-frame time lapse = 0, Server enabled
Pixel scale = 2.91 arc-sec/px, Binning = 1, Focal length = 266 mm
Search region = 15 px, Star mass tolerance = 50.0%, Multi-star mode, list size = 12
 Camera = ZWO ASI120MM Mini (ASCOM), full size = 1280 x 960, have dark, dark dur = 2000, no defect map, pixel size = 3.8 um
Exposure = 2000 ms
Mount = GPUSB, Calibration Step = 450 ms, Calibration Distance = 25 px, Assume orthogonal axes = yes
RA Guide Speed = 14.9 a-s/s, Dec Guide Speed = 14.9 a-s/s
RA = 19.04 hr, Dec = 0.0 deg, Hour angle = -0.31 hr, Pier side = West, Rotator pos = N/A, Alt = 47.3 deg, Az = 173.1 deg
Lock position = 684.429, 239.801, Star position = 683.984, 240.193, HFD = 4.08 px
Direction,Step,dx,dy,x,y,Dist
West,0,0.000,0.000,684.311,239.985,0.000
West,1,-2.189,1.038,686.500,238.946,2.423
West,2,-3.439,1.455,687.751,238.530,3.734
West,3,-5.847,2.971,690.159,237.014,6.558
West,4,-7.161,3.339,691.473,236.645,7.902
West,5,-9.228,4.324,693.539,235.661,10.191
West,6,-9.769,4.610,694.080,235.374,10.802
West,7,-12.497,6.056,696.809,233.928,13.888
West,8,-14.108,6.858,698.419,233.127,15.686
West,9,-16.310,8.188,700.621,231.797,18.249
West,10,-17.663,9.016,701.975,230.969,19.831
West,11,-20.183,9.600,704.494,230.385,22.350
West,12,-21.105,10.227,705.417,229.758,23.452
West,13,-23.608,11.530,707.920,228.455,26.273
West calibration complete. Angle = 154.0 deg, Rate = 4.491 px/sec, Parity = Even
East,3,-23.608,11.530,707.920,228.455,26.273
East,2,-12.726,6.123,697.037,233.862,14.122
East,1,-1.609,0.485,685.921,239.500,1.681
East,0,0.447,-0.476,683.864,240.461,0.653
Backlash,0,0.000,0.000,683.864,240.461,0.000
Backlash,1,2.758,0.445,681.106,240.016,2.794
Backlash,2,3.328,1.612,680.536,238.849,3.697
Backlash,3,4.459,3.725,679.405,236.736,5.810
North,0,0.000,0.000,680.536,238.849,0.000
North,1,1.131,2.113,679.405,236.736,2.397
North,2,2.033,3.123,678.504,235.726,3.726
North,3,3.612,5.288,676.925,233.561,6.404
North,4,3.808,6.931,676.728,231.918,7.909
North,5,4.908,9.039,675.629,229.810,10.285
North,6,5.084,10.154,675.452,228.696,11.355
North,7,6.548,13.094,673.988,225.756,14.640
North,8,6.938,14.605,673.599,224.244,16.169
North,9,9.051,16.891,671.486,221.958,19.163
North,10,9.793,18.280,670.744,220.570,20.737
North,11,11.183,20.210,669.353,218.639,23.098
North,12,11.567,21.564,668.970,217.285,24.471
North,13,12.406,24.944,668.131,213.905,27.859
North calibration complete. Angle = -116.0 deg, Rate = 4.762 px/sec, Parity = Even
South,3,12.406,24.944,668.131,213.905,27.859
South,2,10.572,22.826,669.965,216.023,25.156
South,1,5.596,14.342,674.940,224.507,15.395
South,0,4.673,12.328,675.863,226.522,13.184
Calibration complete, mount = GPUSB.

Guiding Begins at 2026-08-31 21:19:06
Equipment Profile = SW4P_EVO
Dither = both axes, Dither scale = 1.000, Image noise reduction = 2x2 mean, Guide-frame time lapse = 0, Server enabled
Pixel scale = 2.91 arc-sec/px, Binning = 1, Focal length = 266 mm
Search region = 15 px, Star mass tolerance = 50.0%, Multi-star mode, list size = 12
 Camera = ZWO ASI120MM Mini (ASCOM), full size = 1280 x 960, have dark, dark dur = 2000, no defect map, pixel size = 3.8 um
Exposure = 2000 ms
Mount = GPUSB, connected, guiding enabled, AuxMount=CPWI_ASCOM_Telescope, xAngle = 154.0, xRate = 4.491, yAngle = -116.0, yRate = 4.762, parity = +/+
Norm rates RA = 13.1"/s @ dec 0, Dec = 13.8"/s; ortho.err. = 0.0 deg
X guide algorithm = Hysteresis, Hysteresis = 0.100, Aggression = 0.700, Minimum move = 0.130
Y guide algorithm = Resist Switch, Minimum move = 0.200 Aggression = 100% FastSwitch = enabled
Backlash comp = enabled, pulse = 1010 ms
Max RA duration = 2500, Max DEC duration = 2500, DEC guide mode = Auto
RA Guide Speed = 14.9 a-s/s, Dec Guide Speed = 14.9 a-s/s, Cal Dec = -0.0, Last Cal Issue = None, Timestamp = 31/08/2026 21:19:06
RA = 19.04 hr, Dec = -0.0 deg, Hour angle = -0.28 hr, Pier side = West, Rotator pos = N/A, Alt = 47.3 deg, Az = 173.8 deg
Lock position = 681.542, 233.817, Star position = 681.542, 233.817, HFD = 3.78 px
Frame,Time,mount,dx,dy,RARawDistance,DECRawDistance,RAGuideDistance,DECGuideDistance,RADuration,RADirection,DECDuration,DECDirection,XStep,YStep,StarMass,SNR,ErrorCode
INFO: SETTLING STATE CHANGE, Settling started
1,2.945,"Mount",0.669,0.791,-0.254,-1.004,-0.160,-1.004,36,E,211,N,,,726421,399.02,0
2,5.489,"Mount",0.816,0.851,-0.360,-1.123,-0.238,-1.123,53,E,236,N,,,718663,394.27,0
3,8.121,"Mount",0.604,1.206,-0.013,-1.349,0.000,-1.349,0,,283,N,,,761943,424.31,0
4,10.577,"Mount",0.289,0.946,0.155,-0.977,0.098,-0.977,22,W,205,N,,,755037,475.29,0
INFO: SETTLING STATE CHANGE, Settling complete
5,13.417,"Mount",1.563,0.769,-1.067,-1.377,-0.665,-1.377,148,E,289,N,,,718848,420.55,0
6,15.810,"Mount",0.549,0.904,-0.097,-1.053,0.000,-1.053,0,,221,N,,,720560,404.36,0
7,18.345,"Mount",0.566,0.206,-0.419,-0.433,-0.264,-0.433,59,E,91,N,,,708320,376.52,0
8,20.681,"Mount",0.396,0.270,-0.237,-0.416,-0.168,-0.416,37,E,87,N,,,728551,427.59,0
9,23.257,"Mount",0.748,0.034,-0.657,-0.358,-0.426,-0.358,95,E,75,N,,,743062,434.86,0
10,25.494,"Mount",0.206,0.048,-0.164,-0.133,-0.133,0.000,30,E,0,,,,766801,413.81,0
11,28.010,"Mount",-0.487,0.088,0.477,0.134,0.291,0.000,65,W,0,,,,697349,416.01,0
12,30.247,"Mount",-0.243,0.132,0.276,-0.012,0.194,0.000,43,W,0,,,,733239,401.61,0
13,32.564,"Mount",-0.090,0.075,0.114,-0.027,0.000,0.000,0,,0,,,,740563,449.57,0
14,34.890,"Mount",-0.361,0.240,0.430,-0.057,0.271,0.000,60,W,0,,,,743904,409.99,0
15,37.300,"Mount",0.151,0.165,-0.063,-0.215,0.000,-0.215,0,,45,N,,,745118,487.21,0
16,39.546,"Mount",0.240,-0.275,-0.336,0.142,-0.212,0.000,47,E,0,,,,738641,422.60,0
17,41.954,"Mount",0.225,-0.260,-0.316,0.135,-0.214,0.000,48,E,0,,,,771442,483.88,0
18,44.234,"Mount",0.173,-0.112,-0.205,0.024,-0.144,0.000,32,E,0,,,,788661,427.78,0
19,46.593,"Mount",-0.000,-0.150,-0.066,0.135,0.000,0.000,0,,0,,,,717346,441.65,0
20,48.819,"Mount",0.088,-0.099,-0.122,0.050,0.000,0.000,0,,0,,,,745542,450.78,0
21,51.346,"Mount",-0.368,0.324,0.473,-0.129,0.298,0.000,66,W,0,,,,748809,462.17,0
22,53.614,"Mount",-0.520,0.129,0.524,0.112,0.351,0.000,78,W,0,,,,756205,427.36,0
23,56.074,"Mount",-0.427,0.302,0.516,-0.084,0.350,0.000,78,W,0,,,,714917,426.39,0
24,58.226,"Mount",0.025,0.147,0.042,-0.143,0.000,0.000,0,,0,,,,755943,447.37,0
25,60.706,"Mount",0.142,-0.204,-0.217,0.121,-0.137,0.000,30,E,0,,,,701310,442.26,0
26,62.962,"Mount",0.414,-0.023,-0.382,-0.161,-0.250,0.000,56,E,0,,,,721856,418.58,0
27,65.283,"Mount",-0.152,-0.157,0.068,0.208,0.000,0.000,0,,0,,,,768036,430.67,0
28,67.520,"Mount",-0.057,0.133,0.110,-0.094,0.000,0.000,0,,0,,,,729725,435.62,0
29,70.002,"Mount",-0.311,-0.043,0.261,0.175,0.164,0.000,37,W,0,,,,739939,425.99,0
30,72.296,"Mount",0.254,0.297,-0.098,-0.378,0.000,-0.378,0,,79,N,,,756162,456.41,0
31,74.617,"Mount",-0.136,-0.457,-0.078,0.470,0.000,0.000,0,,0,,,,698104,422.19,0
32,76.840,"Mount",-0.209,-0.341,0.038,0.398,0.000,0.000,0,,0,,,,714337,410.59,0
INFO: Guiding parameter change, MultiStar = false
INFO: Guiding parameter change, MountGuidingEnabled = false
33,80.433,"Mount",-0.013,-0.364,-0.148,0.333,-0.093,0.333,21,E,1080,S,,,724364,414.99,0
34,82.580,"Mount",0.139,-0.261,-0.240,0.173,-0.157,0.000,0,,0,,,,739107,432.51,0
35,84.983,"Mount",0.175,-0.369,-0.319,0.255,-0.212,0.255,0,,0,,,,742094,409.11,0
36,87.213,"Mount",-0.226,-0.237,0.099,0.312,0.000,0.312,0,,0,,,,760435,455.38,0
37,89.621,"Mount",-0.427,-0.293,0.255,0.451,0.161,0.451,0,,0,,,,708943,390.84,0
38,91.843,"Mount",-0.375,-0.122,0.283,0.274,0.190,0.274,0,,0,,,,708144,402.52,0
39,94.252,"Mount",-0.223,-0.337,0.053,0.401,0.000,0.401,0,,0,,,,698422,411.70,0
40,96.498,"Mount",-0.620,-0.058,0.532,0.325,0.335,0.325,0,,0,,,,700012,398.69,0
41,98.927,"Mount",-0.782,-0.079,0.668,0.414,0.444,0.414,0,,0,,,,739758,421.54,0
42,101.203,"Mount",-0.841,0.021,0.765,0.350,0.513,0.350,0,,0,,,,762855,412.04,0
43,103.600,"Mount",0.135,-0.128,-0.178,0.056,-0.076,0.000,0,,0,,,,749543,427.63,0
44,105.820,"Mount",-0.300,-0.179,0.191,0.292,0.115,0.292,0,,0,,,,728727,469.21,0
45,108.258,"Mount",0.007,-0.166,-0.079,0.146,0.000,0.000,0,,0,,,,678157,412.62,0
46,110.479,"Mount",-0.399,0.009,0.362,0.167,0.228,0.000,0,,0,,,,723813,415.53,0
47,112.880,"Mount",-0.405,0.317,0.502,-0.107,0.332,0.000,0,,0,,,,716800,415.10,0
48,115.114,"Mount",-0.784,0.267,0.822,0.105,0.541,0.000,0,,0,,,,745866,399.15,0
49,117.502,"Mount",-0.899,0.273,0.928,0.149,0.622,0.000,0,,0,,,,716790,390.28,0
50,119.733,"Mount",-1.572,0.351,1.566,0.375,1.030,0.375,0,,0,,,,705225,468.11,0
51,122.157,"Mount",-1.353,0.320,1.356,0.306,0.927,0.306,0,,0,,,,691106,403.99,0
52,124.393,"Mount",-1.499,0.505,1.569,0.204,1.053,0.204,0,,0,,,,717685,414.03,0
53,126.785,"Mount",-0.942,0.480,1.057,-0.018,0.740,0.000,0,,0,,,,694971,420.22,0
54,129.018,"Mount",-0.926,0.557,1.076,-0.094,0.730,0.000,0,,0,,,,690591,417.95,0
55,131.480,"Mount",-0.665,0.571,0.848,-0.221,0.585,0.000,0,,0,,,,731067,447.22,0
56,133.748,"Mount",-1.082,0.172,1.048,0.321,0.701,0.321,0,,0,,,,724061,380.22,0
57,136.139,"Mount",-0.963,0.497,1.084,-0.024,0.732,0.000,0,,0,,,,693183,427.12,0
58,138.374,"Mount",-1.185,0.626,1.340,-0.042,0.895,0.000,0,,0,,,,705584,437.68,0
59,140.764,"Mount",-1.019,0.421,1.101,0.069,0.756,0.000,0,,0,,,,710184,379.55,0
60,143.025,"Mount",-1.174,0.568,1.304,0.004,0.874,0.000,0,,0,,,,695935,360.28,0
61,145.461,"Mount",-0.678,0.474,0.817,-0.128,0.576,0.000,0,,0,,,,708873,421.81,0
62,147.687,"Mount",-0.811,0.286,0.855,0.099,0.579,0.000,0,,0,,,,696524,408.55,0
63,150.077,"Mount",-0.879,0.109,0.837,0.288,0.568,0.288,0,,0,,,,730187,438.65,0
64,152.300,"Mount",-1.044,0.592,1.198,-0.074,0.794,0.000,0,,0,,,,684628,375.49,0
65,154.699,"Mount",-0.834,0.769,1.087,-0.325,0.740,0.000,0,,0,,,,743877,417.59,0
66,156.918,"Mount",-0.867,0.220,0.876,0.183,0.604,0.000,0,,0,,,,759530,413.40,0
67,159.323,"Mount",-0.862,0.240,0.880,0.162,0.596,0.000,0,,0,,,,730137,456.68,0
68,161.572,"Mount",-1.525,0.457,1.571,0.259,1.031,0.259,0,,0,,,,702437,396.82,0
69,163.965,"Mount",-1.324,0.763,1.524,-0.104,1.032,0.000,0,,0,,,,728519,448.14,0
70,166.215,"Mount",-1.490,0.877,1.723,-0.134,1.158,0.000,0,,0,,,,734237,403.69,0
71,168.630,"Mount",-1.096,0.693,1.289,-0.142,0.893,0.000,0,,0,,,,706696,442.80,0
72,170.869,"Mount",-1.503,0.529,1.583,0.184,1.060,0.000,0,,0,,,,702824,396.81,0
73,173.275,"Mount",-1.593,0.659,1.720,0.106,1.158,0.000,0,,0,,,,732854,418.49,0
74,175.508,"Mount",-1.913,0.951,2.136,-0.015,1.427,0.000,0,,0,,,,758720,429.16,0
75,177.922,"Mount",-2.130,1.094,2.394,-0.049,1.608,0.000,0,,0,,,,713442,418.88,0
76,180.144,"Mount",-2.075,1.172,2.379,-0.143,1.611,0.000,0,,0,,,,708850,417.37,0
77,182.549,"Mount",-2.209,1.296,2.554,-0.195,1.722,0.000,0,,0,,,,721034,439.15,0
78,184.775,"Mount",-1.985,1.041,2.240,-0.064,1.532,0.000,0,,0,,,,750743,459.86,0
79,187.184,"Mount",-2.400,1.110,2.644,0.056,1.773,0.000,0,,0,,,,714868,419.75,0
80,189.394,"Mount",-2.010,1.138,2.305,-0.140,1.576,0.000,0,,0,,,,703379,427.76,0
81,191.796,"Mount",-2.153,0.872,2.317,0.161,1.570,0.000,0,,0,,,,729358,444.01,0
82,194.068,"Mount",-2.249,1.005,2.461,0.084,1.661,0.000,0,,0,,,,684797,392.78,0
83,196.510,"Mount",-2.609,1.492,2.999,-0.196,2.006,0.000,0,,0,,,,698444,420.06,0
84,198.730,"Mount",-2.820,1.487,3.187,-0.099,2.148,0.000,0,,0,,,,707051,457.40,0
85,201.154,"Mount",-3.488,1.756,3.905,-0.047,2.610,0.000,0,,0,,,,680598,409.49,0
86,203.371,"Mount",-3.905,1.875,4.332,0.029,2.912,0.000,0,,0,,,,729972,426.69,0
87,205.757,"Mount",-4.182,2.426,4.822,-0.345,3.242,0.000,0,,0,,,,694054,375.92,0
88,208.001,"Mount",-3.952,2.220,4.525,-0.260,3.078,0.000,0,,0,,,,695438,386.93,0
89,210.391,"Mount",-4.435,2.040,4.880,0.113,3.290,0.000,0,,0,,,,677755,411.74,0
90,212.623,"Mount",-4.111,2.276,4.693,-0.241,3.187,-0.241,0,,0,,,,698529,416.30,0
91,215.033,"Mount",-4.790,2.210,5.274,0.116,3.545,0.000,0,,0,,,,738851,420.09,0
92,217.279,"Mount",-4.862,2.693,5.551,-0.286,3.745,-0.286,0,,0,,,,725832,383.62,0
93,219.690,"Mount",-5.160,2.541,5.751,-0.019,3.885,0.000,0,,0,,,,700571,417.32,0
94,221.949,"Mount",-5.234,2.451,5.779,0.094,3.913,0.000,0,,0,,,,693948,425.60,0
95,224.349,"Mount",-5.558,2.774,6.212,-0.054,4.187,0.000,0,,0,,,,701892,431.18,0
96,226.574,"Mount",-5.435,2.734,6.083,-0.072,4.126,0.000,0,,0,,,,705979,421.28,0
97,228.973,"Mount",-5.042,2.660,5.698,-0.178,3.878,0.000,0,,0,,,,670296,387.30,0
98,231.242,"Mount",-5.321,2.671,5.953,-0.065,4.022,0.000,0,,0,,,,662110,453.08,0
99,233.639,"Mount",-5.211,2.704,5.869,-0.143,3.979,0.000,0,,0,,,,669999,411.81,0
100,235.871,"Mount",-5.198,2.806,5.902,-0.240,3.997,-0.240,0,,0,,,,693189,446.27,0
101,238.296,"Mount",-5.479,2.799,6.151,-0.111,4.155,0.000,0,,0,,,,674596,400.94,0
102,240.533,"Mount",-4.936,2.782,5.657,-0.333,3.854,-0.333,0,,0,,,,720314,411.57,0
103,242.950,"Mount",-5.693,2.600,6.257,0.162,4.212,0.000,0,,0,,,,682351,435.66,0
104,245.193,"Mount",-5.660,2.651,6.250,0.102,4.232,0.000,0,,0,,,,709942,454.61,0
105,247.581,"Mount",-5.733,2.972,6.456,-0.155,4.363,0.000,0,,0,,,,696711,418.80,0
106,249.812,"Mount",-5.591,2.924,6.307,-0.173,4.279,0.000,0,,0,,,,692055,382.03,0
107,252.205,"Mount",-5.512,2.480,6.041,0.190,4.106,0.000,0,,0,,,,696410,421.38,0
108,254.426,"Mount",-5.294,2.760,5.968,-0.157,4.047,0.000,0,,0,,,,693379,420.69,0
109,256.826,"Mount",-5.097,2.495,5.674,-0.005,3.858,0.000,0,,0,,,,705159,402.02,0
110,259.071,"Mount",-5.143,2.745,5.826,-0.209,3.940,-0.209,0,,0,,,,735801,420.29,0
111,261.496,"Mount",-5.094,2.122,5.508,0.329,3.746,0.000,0,,0,,,,721668,371.82,0
112,263.723,"Mount",-5.086,2.464,5.652,0.018,3.823,0.000,0,,0,,,,695788,424.11,0
113,266.149,"Mount",-5.504,2.658,6.112,0.027,4.118,0.000,0,,0,,,,687134,394.99,0
114,268.386,"Mount",-5.916,2.817,6.553,0.065,4.416,0.000,0,,0,,,,769526,444.31,0
115,270.776,"Mount",-5.345,3.124,6.174,-0.461,4.199,-0.461,0,,0,,,,745155,440.88,0
116,273.041,"Mount",-5.423,2.272,5.870,0.338,3.992,0.000,0,,0,,,,718267,437.68,0
117,275.447,"Mount",-5.217,2.424,5.751,0.111,3.903,0.000,0,,0,,,,662718,404.36,0
118,277.672,"Mount",-5.160,2.864,5.894,-0.309,3.986,-0.309,0,,0,,,,729935,439.16,0
119,280.054,"Mount",-4.891,2.053,5.296,0.301,3.616,0.000,0,,0,,,,734077,447.85,0
120,282.315,"Mount",-4.934,2.394,5.484,0.014,3.708,0.000,0,,0,,,,687435,388.58,0
121,284.708,"Mount",-4.605,2.170,5.090,0.070,3.466,0.000,0,,0,,,,697523,455.23,0
122,286.922,"Mount",-4.512,2.386,5.102,-0.164,3.457,0.000,0,,0,,,,676522,421.78,0
123,289.388,"Mount",-4.229,2.376,4.842,-0.279,3.293,-0.279,0,,0,,,,697761,423.20,0
124,291.604,"Mount",-4.372,2.341,4.956,-0.185,3.353,0.000,0,,0,,,,702468,444.50,0
125,294.030,"Mount",-3.822,2.110,4.360,-0.218,2.981,-0.218,0,,0,,,,716199,429.97,0
126,296.298,"Mount",-3.677,1.909,4.142,-0.101,2.818,0.000,0,,0,,,,735530,444.90,0
127,298.702,"Mount",-3.718,1.997,4.217,-0.163,2.854,0.000,0,,0,,,,709231,418.46,0
128,300.945,"Mount",-3.614,1.918,4.089,-0.138,2.776,0.000,0,,0,,,,699871,430.08,0
129,303.334,"Mount",-3.314,2.042,3.874,-0.380,2.635,-0.380,0,,0,,,,700847,398.91,0
130,305.567,"Mount",-3.362,1.698,3.766,-0.050,2.557,0.000,0,,0,,,,698666,432.37,0
131,307.964,"Mount",-2.879,1.500,3.245,-0.084,2.223,0.000,0,,0,,,,645429,373.12,0
132,310.197,"Mount",-3.179,1.577,3.548,-0.022,2.391,0.000,0,,0,,,,690671,442.06,0
133,312.591,"Mount",-2.851,1.337,3.149,0.049,2.151,0.000,0,,0,,,,723927,401.77,0
134,314.821,"Mount",-2.968,1.218,3.202,0.208,2.168,0.000,0,,0,,,,712569,443.06,0
135,317.251,"Mount",-2.094,1.006,2.323,0.014,1.615,0.000,0,,0,,,,742287,436.16,0
136,319.491,"Mount",-2.104,1.074,2.362,-0.042,1.601,0.000,0,,0,,,,714227,415.10,0
137,321.903,"Mount",-1.714,0.923,1.945,-0.078,1.338,0.000,0,,0,,,,700262,432.08,0
138,324.124,"Mount",-1.741,1.018,2.011,-0.151,1.361,0.000,0,,0,,,,699797,404.51,0
139,326.520,"Mount",-1.946,0.930,2.157,0.018,1.454,0.000,0,,0,,,,697978,411.86,0
140,328.758,"Mount",-1.845,1.134,2.156,-0.210,1.460,-0.210,0,,0,,,,718817,426.21,0
141,331.174,"Mount",-1.889,0.975,2.126,-0.047,1.441,0.000,0,,0,,,,684208,404.50,0
142,333.395,"Mount",-1.944,1.005,2.188,-0.050,1.479,0.000,0,,0,,,,743239,382.32,0
143,335.802,"Mount",-1.774,0.953,2.012,-0.077,1.371,0.000,0,,0,,,,707640,448.26,0
144,338.068,"Mount",-1.582,0.855,1.796,-0.074,1.228,0.000,0,,0,,,,677390,405.76,0
145,340.485,"Mount",-0.811,0.597,0.990,-0.180,0.710,0.000,0,,0,,,,688201,391.35,0
146,342.712,"Mount",-1.197,0.906,1.473,-0.288,0.978,-0.288,0,,0,,,,697646,403.46,0
147,345.109,"Mount",-0.958,0.749,1.190,-0.253,0.818,-0.253,0,,0,,,,699999,418.61,0
148,347.332,"Mount",-1.489,0.588,1.596,0.126,1.063,0.000,0,,0,,,,713782,431.78,0
149,349.726,"Mount",-1.052,0.922,1.350,-0.367,0.925,-0.367,0,,0,,,,706010,398.91,0
150,351.935,"Mount",-1.558,1.083,1.875,-0.289,1.246,-0.289,0,,0,,,,692753,432.32,0
151,354.328,"Mount",-2.026,1.040,2.277,-0.045,1.521,0.000,0,,0,,,,700614,439.07,0
152,356.554,"Mount",-2.027,1.312,2.397,-0.290,1.617,-0.290,0,,0,,,,712550,447.01,0
153,358.953,"Mount",-1.968,1.257,2.320,-0.266,1.575,-0.266,0,,0,,,,758066,443.88,0
154,361.235,"Mount",-1.993,1.248,2.338,-0.247,1.583,-0.247,0,,0,,,,683389,427.54,0
155,363.690,"Mount",-1.911,1.081,2.191,-0.133,1.491,0.000,0,,0,,,,725572,435.98,0
156,365.964,"Mount",-1.904,1.145,2.214,-0.193,1.499,0.000,0,,0,,,,722213,427.44,0
157,368.399,"Mount",-1.941,1.129,2.239,-0.163,1.516,0.000,0,,0,,,,719065,432.74,0
158,370.617,"Mount",-1.783,1.133,2.100,-0.235,1.429,-0.235,0,,0,,,,704013,419.49,0
159,373.037,"Mount",-2.269,1.055,2.502,0.047,1.676,0.000,0,,0,,,,677146,447.93,0
160,375.275,"Mount",-2.237,1.179,2.527,-0.077,1.710,0.000,0,,0,,,,678401,441.20,0
161,377.680,"Mount",-2.689,1.564,3.102,-0.225,2.074,-0.225,0,,0,,,,719838,418.78,0
162,379.961,"Mount",-2.115,1.066,2.368,-0.030,1.637,0.000,0,,0,,,,694802,468.38,0
163,382.380,"Mount",-2.018,1.237,2.356,-0.226,1.599,-0.226,0,,0,,,,724422,409.22,0
164,384.608,"Mount",-1.678,1.127,2.003,-0.276,1.374,-0.276,0,,0,,,,704774,429.99,0
165,387.009,"Mount",-1.981,1.078,2.253,-0.100,1.516,0.000,0,,0,,,,727551,398.32,0
166,389.255,"Mount",-1.876,0.896,2.079,0.019,1.416,0.000,0,,0,,,,687845,429.54,0
167,391.649,"Mount",-2.084,1.190,2.395,-0.154,1.608,0.000,0,,0,,,,684762,413.58,0
168,393.866,"Mount",-1.835,0.987,2.083,-0.082,1.425,0.000,0,,0,,,,734653,449.21,0
169,396.275,"Mount",-2.251,1.326,2.604,-0.203,1.741,-0.203,0,,0,,,,690077,432.50,0
170,398.492,"Mount",-2.415,1.345,2.761,-0.149,1.861,0.000,0,,0,,,,698139,378.09,0
171,400.912,"Mount",-1.962,1.253,2.313,-0.265,1.587,-0.265,0,,0,,,,724713,402.81,0
172,403.136,"Mount",-1.759,1.370,2.182,-0.459,1.485,-0.459,0,,0,,,,729799,445.16,0
173,405.517,"Mount",-1.523,1.127,1.863,-0.344,1.278,-0.344,0,,0,,,,675316,475.41,0
174,407.741,"Mount",-1.114,0.957,1.422,-0.371,0.985,-0.371,0,,0,,,,693172,437.20,0
175,410.160,"Mount",-1.415,0.912,1.672,-0.198,1.122,0.000,0,,0,,,,664140,419.16,0
176,412.406,"Mount",-1.448,1.087,1.778,-0.341,1.199,-0.341,0,,0,,,,693640,418.07,0
177,414.809,"Mount",-1.810,1.099,2.109,-0.194,1.413,0.000,0,,0,,,,727338,414.65,0
178,417.055,"Mount",-1.676,1.012,1.950,-0.174,1.328,0.000,0,,0,,,,697580,435.10,0
179,419.485,"Mount",-2.279,1.344,2.637,-0.208,1.754,-0.208,0,,0,,,,728551,397.44,0
180,421.730,"Mount",-2.005,1.126,2.296,-0.132,1.569,0.000,0,,0,,,,724576,415.25,0
181,424.131,"Mount",-1.677,1.145,2.009,-0.293,1.375,-0.293,0,,0,,,,712613,464.16,0
182,426.346,"Mount",-1.534,1.196,1.904,-0.402,1.296,-0.402,0,,0,,,,697396,415.81,0
183,428.749,"Mount",-1.223,1.303,1.671,-0.634,1.143,-0.634,0,,0,,,,689690,401.37,0
184,430.998,"Mount",-0.990,0.725,1.208,-0.217,0.841,-0.217,0,,0,,,,722880,440.70,0
185,433.514,"Mount",-1.176,0.892,1.448,-0.285,0.971,-0.285,0,,0,,,,697540,450.68,0
186,435.741,"Mount",-0.897,0.781,1.149,-0.309,0.792,-0.309,0,,0,,,,687573,429.47,0
187,438.160,"Mount",-0.966,0.781,1.210,-0.278,0.818,-0.278,0,,0,,,,676701,429.78,0
188,440.387,"Mount",-1.110,0.794,1.346,-0.227,0.905,-0.227,0,,0,,,,659231,441.06,0
189,442.787,"Mount",-1.120,0.852,1.380,-0.274,0.933,-0.274,0,,0,,,,681655,411.73,0
190,445.024,"Mount",-1.058,0.765,1.286,-0.223,0.876,-0.223,0,,0,,,,722347,432.46,0
191,447.442,"Mount",-1.055,0.814,1.305,-0.268,0.884,-0.268,0,,0,,,,691154,409.18,0
192,449.666,"Mount",-1.079,0.716,1.284,-0.170,0.871,0.000,0,,0,,,,677068,402.68,0
193,452.078,"Mount",-0.819,0.853,1.110,-0.406,0.761,-0.406,0,,0,,,,679194,427.64,0
194,454.308,"Mount",-0.927,0.843,1.203,-0.350,0.811,-0.350,0,,0,,,,696102,437.54,0
195,456.710,"Mount",-0.893,0.681,1.101,-0.220,0.751,-0.220,0,,0,,,,672812,442.25,0
196,458.960,"Mount",-0.999,1.020,1.346,-0.478,0.900,-0.478,0,,0,,,,700985,414.37,0
197,461.383,"Mount",-1.104,0.875,1.376,-0.302,0.930,-0.302,0,,0,,,,673868,438.34,0
198,463.624,"Mount",-1.115,0.991,1.437,-0.401,0.970,-0.401,0,,0,,,,649613,398.66,0
199,466.050,"Mount",-0.860,0.586,1.031,-0.149,0.717,0.000,0,,0,,,,662003,431.17,0
200,468.299,"Mount",-0.940,0.674,1.141,-0.193,0.769,0.000,0,,0,,,,657984,405.08,0
201,470.695,"Mount",-0.742,0.596,0.928,-0.210,0.638,-0.210,0,,0,,,,715860,437.57,0
202,472.932,"Mount",-0.920,0.920,1.231,-0.423,0.820,-0.423,0,,0,,,,697741,410.92,0
203,475.386,"Mount",-0.835,0.826,1.113,-0.376,0.758,-0.376,0,,0,,,,721249,460.25,0
204,477.615,"Mount",-1.228,1.016,1.549,-0.375,1.029,-0.375,0,,0,,,,714284,429.41,0
205,480.004,"Mount",-1.246,0.735,1.442,-0.113,0.980,0.000,0,,0,,,,694482,424.07,0
206,482.227,"Mount",-1.390,0.854,1.624,-0.157,1.092,0.000,0,,0,,,,678531,427.82,0
207,484.622,"Mount",-0.978,0.521,1.108,-0.038,0.774,0.000,0,,0,,,,693332,431.11,0
208,486.842,"Mount",-0.980,0.821,1.241,-0.308,0.836,-0.308,0,,0,,,,664255,447.75,0
209,489.245,"Mount",-0.726,0.685,0.953,-0.297,0.659,-0.297,0,,0,,,,672314,387.99,0
210,491.516,"Mount",-0.859,0.628,1.047,-0.188,0.706,0.000,0,,0,,,,671503,441.39,0
211,493.947,"Mount",-0.334,0.307,0.435,-0.129,0.323,0.000,0,,0,,,,740992,455.17,0
212,496.196,"Mount",-0.502,0.954,0.870,-0.637,0.570,-0.637,0,,0,,,,747703,436.94,0
213,498.591,"Mount",-0.996,0.452,1.093,0.031,0.728,0.000,0,,0,,,,665598,438.55,0
214,500.823,"Mount",-1.448,0.831,1.666,-0.111,1.101,0.000,0,,0,,,,646014,384.19,0
215,503.254,"Mount",-1.875,1.351,2.277,-0.391,1.512,-0.391,0,,0,,,,664557,399.96,0
216,505.518,"Mount",-1.921,1.586,2.422,-0.582,1.632,-0.582,0,,0,,,,679577,428.39,0
217,507.934,"Mount",-2.108,1.324,2.475,-0.265,1.673,-0.265,0,,0,,,,716725,456.44,0
218,510.165,"Mount",-2.149,1.540,2.607,-0.441,1.760,-0.441,0,,0,,,,709151,435.16,0
219,512.565,"Mount",-1.976,1.063,2.242,-0.088,1.536,0.000,0,,0,,,,686125,404.18,0
220,514.784,"Mount",-2.151,1.473,2.579,-0.380,1.732,-0.380,0,,0,,,,673837,424.74,0
221,517.192,"Mount",-1.751,1.620,2.284,-0.687,1.560,-0.687,0,,0,,,,697549,430.54,0
222,519.414,"Mount",-2.007,1.568,2.491,-0.528,1.679,-0.528,0,,0,,,,653631,405.57,0
223,521.800,"Mount",-1.994,1.415,2.412,-0.396,1.637,-0.396,0,,0,,,,709617,448.14,0
224,524.063,"Mount",-2.730,1.666,3.184,-0.299,2.121,-0.299,0,,0,,,,664565,427.18,0
225,526.509,"Mount",-2.728,1.866,3.270,-0.479,2.208,-0.479,0,,0,,,,663261,417.91,0
226,528.727,"Mount",-2.731,1.498,3.111,-0.147,2.114,0.000,0,,0,,,,653052,428.91,0
INFO: Guiding parameter change, MountGuidingEnabled = true
INFO: GA Result - Backlash= 1796  +/-  79 ms (25.6  +/-  1.1 arc-sec)
INFO: GA Result - SNR=422.1, Samples=194, Elapsed Time=448s, RA HPF-RMS=  0.11 px (  0.33 arc-sec ), Dec HPF-RMS=  0.07 px (  0.20 arc-sec ), Total HPF-RMS=  0.13 px (  0.38 arc-sec )
INFO: GA Result - RA Peak=  0.94 px (  2.74 arc-sec ), RA Peak-Peak   6.38 px ( 18.54 arc-sec ), RA Drift Rate=  0.44 px/min (  1.27 arc-sec/min ), Max RA Drift Rate=  0.16 px/sec (  0.46 arc-sec/sec ), Drift-Limiting Exp=   0.8 s 
INFO: GA Result - Dec Drift Rate= -0.07 px/min ( -0.20 arc-sec/min ), Dec Peak=  0.80 px (  2.33 arc-sec ), PA Error= 0.8 arc-min
INFO: GA Result - Recommendation: Prova a impostare il minimo movimento di AR a 0.13
INFO: GA Result - Recommendation: Prova a impostare il minimo movimento di Dec a 0.20
INFO: GA Result - Recommendation: Try starting with a Dec backlash compensation of 1790 ms
Guiding Ends at 2026-08-31 21:31:16
INFO: Guiding parameter change, MultiStar = true

Guiding Begins at 2026-08-31 21:31:21
Equipment Profile = SW4P_EVO
Dither = both axes, Dither scale = 1.000, Image noise reduction = 2x2 mean, Guide-frame time lapse = 0, Server enabled
Pixel scale = 2.91 arc-sec/px, Binning = 1, Focal length = 266 mm
Search region = 15 px, Star mass tolerance = 50.0%, Multi-star mode, list size = 12
 Camera = ZWO ASI120MM Mini (ASCOM), full size = 1280 x 960, have dark, dark dur = 2000, no defect map, pixel size = 3.8 um
Exposure = 2000 ms
Mount = GPUSB, connected, guiding enabled, AuxMount=CPWI_ASCOM_Telescope, xAngle = 154.0, xRate = 4.491, yAngle = -116.0, yRate = 4.762, parity = +/+
Norm rates RA = 13.1"/s @ dec 0, Dec = 13.8"/s; ortho.err. = 0.0 deg
X guide algorithm = Hysteresis, Hysteresis = 0.100, Aggression = 0.700, Minimum move = 0.130
Y guide algorithm = Resist Switch, Minimum move = 0.200 Aggression = 100% FastSwitch = enabled
Backlash comp = enabled, pulse = 1051 ms
Max RA duration = 2500, Max DEC duration = 2500, DEC guide mode = Auto
RA Guide Speed = 14.9 a-s/s, Dec Guide Speed = 14.9 a-s/s, Cal Dec = -0.0, Last Cal Issue = None, Timestamp = 31/08/2026 21:19:06
RA = 19.04 hr, Dec = 0.0 deg, Hour angle = -0.08 hr, Pier side = West, Rotator pos = N/A, Alt = 47.5 deg, Az = 178.3 deg
Lock position = 678.851, 222.893, Star position = 678.851, 222.893, HFD = 4.17 px
Frame,Time,mount,dx,dy,RARawDistance,DECRawDistance,RAGuideDistance,DECGuideDistance,RADuration,RADirection,DECDuration,DECDirection,XStep,YStep,StarMass,SNR,ErrorCode
1,2.450,"Mount",-0.038,0.183,0.115,-0.147,0.000,0.000,0,,0,,,,701103,428.73,0
INFO: Guiding parameter change, RA Hysteresis MinMove  = 0.13
2,4.915,"Mount",0.046,0.516,0.185,-0.484,0.117,0.000,26,W,0,,,,667227,388.60,0
INFO: Guiding parameter change, Declination ResistSwitch MinMove  = 0.20
3,7.379,"Mount",0.147,0.726,0.187,-0.717,0.126,-0.717,28,W,151,N,,,669830,428.71,0
INFO: Guiding parameter change, Backlash comp amount = 1790
4,9.942,"Mount",0.640,0.193,-0.491,-0.454,-0.300,-0.454,67,E,95,N,,,667185,430.83,0
5,12.232,"Mount",0.251,0.415,-0.043,-0.483,0.000,-0.483,0,,101,N,,,689029,422.98,0
6,14.779,"Mount",0.456,0.409,-0.230,-0.568,-0.145,-0.568,32,E,119,N,,,662266,409.38,0
7,17.162,"Mount",0.267,0.252,-0.129,-0.343,0.000,-0.343,0,,72,N,,,695684,420.58,0
8,19.699,"Mount",-0.028,0.558,0.270,-0.489,0.170,-0.489,38,W,103,N,,,715609,443.93,0
9,21.856,"Mount",-0.007,0.049,0.027,-0.041,0.000,0.000,0,,0,,,,687112,425.93,0
10,24.435,"Mount",0.012,0.417,0.172,-0.380,0.108,-0.380,24,W,80,N,,,699604,419.25,0
Guiding Ends at 2026-08-31 21:31:47

Guiding Begins at 2026-08-31 21:48:14
Equipment Profile = SW4P_EVO
Dither = both axes, Dither scale = 1.000, Image noise reduction = 2x2 mean, Guide-frame time lapse = 0, Server enabled
Pixel scale = 2.91 arc-sec/px, Binning = 1, Focal length = 266 mm
Search region = 15 px, Star mass tolerance = 50.0%, Multi-star mode, list size = 12
 Camera = ZWO ASI120MM Mini (ASCOM), full size = 1280 x 960, have dark, dark dur = 2000, no defect map, pixel size = 3.8 um
Exposure = 2000 ms
Mount = GPUSB, connected, guiding enabled, AuxMount=CPWI_ASCOM_Telescope, xAngle = 154.0, xRate = 4.140, yAngle = -116.0, yRate = 4.762, parity = +/+
Norm rates RA = 13.1"/s @ dec 0, Dec = 13.8"/s; ortho.err. = 0.0 deg
X guide algorithm = Hysteresis, Hysteresis = 0.100, Aggression = 0.700, Minimum move = 0.130
Y guide algorithm = Resist Switch, Minimum move = 0.200 Aggression = 100% FastSwitch = enabled
Backlash comp = enabled, pulse = 1790 ms
Max RA duration = 2500, Max DEC duration = 2500, DEC guide mode = Auto
RA Guide Speed = 14.9 a-s/s, Dec Guide Speed = 14.9 a-s/s, Cal Dec = -0.0, Last Cal Issue = None, Timestamp = 31/08/2026 21:19:06
RA = 20.01 hr, Dec = 22.8 deg, Hour angle = -0.77 hr, Pier side = West, Rotator pos = N/A, Alt = 68.1 deg, Az = 150.3 deg
Lock position = 972.601, 451.109, Star position = 972.601, 451.109, HFD = 3.25 px
Frame,Time,mount,dx,dy,RARawDistance,DECRawDistance,RAGuideDistance,DECGuideDistance,RADuration,RADirection,DECDuration,DECDirection,XStep,YStep,StarMass,SNR,ErrorCode
INFO: SETTLING STATE CHANGE, Settling started
1,3.066,"Mount",-0.044,-0.144,-0.023,0.149,0.000,0.000,0,,0,,,,590119,387.49,0
2,5.522,"Mount",-0.476,0.236,0.531,-0.003,0.335,0.000,81,W,0,,,,569438,363.66,0
3,8.002,"Mount",-0.148,0.055,0.157,0.015,0.123,0.000,30,W,0,,,,572070,361.77,0
4,10.377,"Mount",-0.494,0.221,0.541,0.019,0.349,0.000,84,W,0,,,,589456,377.78,0
5,13.046,"Mount",-0.604,0.493,0.759,-0.178,0.503,0.000,121,W,0,,,,574798,360.69,0
INFO: SETTLING STATE CHANGE, Settling complete
6,15.358,"Mount",-0.061,0.346,0.207,-0.284,0.165,0.000,40,W,0,,,,616783,412.04,0
7,17.937,"Mount",0.271,-0.248,-0.352,0.104,-0.210,0.000,51,E,0,,,,582387,398.85,0
8,20.185,"Mount",0.110,-0.254,-0.210,0.180,-0.147,0.000,36,E,0,,,,619231,432.15,0
9,22.715,"Mount",-0.538,-0.025,0.473,0.259,0.287,0.000,69,W,0,,,,585467,435.79,0
10,25.036,"Mount",-0.263,0.183,0.317,-0.049,0.220,0.000,53,W,0,,,,600396,419.25,0
11,27.489,"Mount",-0.194,-0.075,0.141,0.152,0.104,0.000,25,W,0,,,,597262,410.79,0
12,29.839,"Mount",-0.406,0.225,0.463,-0.024,0.299,0.000,72,W,0,,,,540459,366.85,0
13,32.369,"Mount",-0.506,0.354,0.610,-0.096,0.405,0.000,98,W,0,,,,571393,374.79,0
14,34.679,"Mount",-0.070,0.002,0.064,0.029,0.000,0.000,0,,0,,,,600829,396.77,0
15,37.201,"Mount",0.044,0.139,0.021,-0.144,0.000,0.000,0,,0,,,,616473,371.44,0
16,39.474,"Mount",0.070,0.051,-0.040,-0.076,0.000,0.000,0,,0,,,,608736,388.26,0
17,41.939,"Mount",-0.016,-0.056,-0.010,0.058,0.000,0.000,0,,0,,,,589703,414.95,0
18,44.585,"Mount",-0.117,0.104,0.151,-0.042,0.095,0.000,23,W,0,,,,568951,381.18,0
19,47.130,"Mount",0.247,-0.191,-0.306,0.064,-0.186,0.000,45,E,0,,,,587838,389.41,0
20,49.396,"Mount",-0.225,-0.027,0.190,0.123,0.107,0.000,26,W,0,,,,601827,412.63,0
21,51.905,"Mount",-0.444,-0.001,0.398,0.196,0.258,0.000,62,W,0,,,,562639,371.29,0
22,54.153,"Mount",-0.148,-0.056,0.109,0.116,0.000,0.000,0,,0,,,,594133,381.25,0
23,56.665,"Mount",0.203,-0.019,-0.191,-0.072,-0.120,0.000,29,E,0,,,,609890,391.35,0
24,59.078,"Mount",0.182,-0.251,-0.273,0.146,-0.181,0.000,44,E,0,,,,628360,393.81,0
25,61.440,"Mount",-0.048,-0.051,0.020,0.067,0.000,0.000,0,,0,,,,619573,394.79,0
26,64.076,"Mount",0.368,-0.553,-0.574,0.336,-0.362,0.000,87,E,0,,,,571657,347.83,0
27,66.546,"Mount",-0.112,0.191,0.185,-0.122,0.091,0.000,22,W,0,,,,586147,406.45,0
28,68.775,"Mount",0.065,-0.035,-0.074,0.003,0.000,0.000,0,,0,,,,568683,351.09,0
29,71.400,"Mount",-0.415,0.114,0.423,0.080,0.267,0.000,64,W,0,,,,572083,353.85,0
30,73.686,"Mount",-0.168,-0.108,0.104,0.171,0.000,0.000,0,,0,,,,574508,375.84,0
31,76.369,"Mount",-0.196,0.105,0.222,-0.008,0.140,0.000,34,W,0,,,,573154,345.73,0
32,78.698,"Mount",0.363,-0.180,-0.405,0.002,-0.246,0.000,59,E,0,,,,608793,390.56,0
33,81.256,"Mount",0.260,-0.418,-0.418,0.262,-0.280,0.000,68,E,0,,,,622697,443.35,0
34,83.744,"Mount",0.447,-0.373,-0.565,0.139,-0.376,0.000,91,E,0,,,,585373,394.12,0
35,86.243,"Mount",0.142,-0.191,-0.212,0.109,-0.160,0.000,39,E,0,,,,587067,373.97,0
36,88.438,"Mount",-0.157,-0.201,0.053,0.250,0.000,0.000,0,,0,,,,586315,396.61,0
37,90.995,"Mount",0.073,-0.226,-0.165,0.171,-0.104,0.000,25,E,0,,,,605486,417.53,0
38,93.405,"Mount",-0.005,-0.177,-0.073,0.161,0.000,0.000,0,,0,,,,603376,389.54,0
39,95.999,"Mount",-0.207,-0.481,-0.025,0.523,0.000,0.523,0,,110,S,,,589152,375.50,0
40,98.237,"Mount",-0.049,-0.127,-0.012,0.136,0.000,0.000,0,,0,,,,606554,386.82,0
41,100.817,"Mount",0.308,-0.293,-0.406,0.128,-0.256,0.000,62,E,0,,,,569136,369.75,0
42,103.220,"Mount",0.459,-0.183,-0.493,-0.038,-0.328,0.000,79,E,0,,,,603753,366.69,0
43,105.761,"Mount",0.718,-0.382,-0.813,0.028,-0.535,0.000,129,E,0,,,,584034,397.07,0
44,108.355,"Mount",0.117,-0.084,-0.142,0.024,-0.127,0.000,31,E,0,,,,610395,417.81,0
45,110.731,"Mount",-0.021,-0.020,0.010,0.027,0.000,0.000,0,,0,,,,599437,384.22,0
46,113.104,"Mount",-0.031,-0.058,0.003,0.066,0.000,0.000,0,,0,,,,596062,384.23,0
47,115.697,"Mount",-0.128,-0.306,-0.020,0.331,0.000,0.331,0,,70,S,,,580870,366.61,0
48,117.969,"Mount",-0.037,-0.123,-0.021,0.127,0.000,0.000,0,,0,,,,597165,382.61,0
49,120.557,"Mount",-0.014,-0.075,-0.021,0.073,0.000,0.000,0,,0,,,,603835,357.73,0
50,123.122,"Mount",0.235,-0.104,-0.256,-0.010,-0.162,0.000,39,E,0,,,,597910,368.79,0
51,125.697,"Mount",0.099,-0.337,-0.237,0.259,-0.161,0.259,39,E,54,S,,,581145,377.15,0
52,128.113,"Mount",0.039,-0.246,-0.143,0.204,-0.101,0.204,24,E,43,S,,,601646,375.21,0
53,130.595,"Mount",-0.125,-0.332,-0.033,0.354,0.000,0.354,0,,74,S,,,606547,391.94,0
54,133.077,"Mount",0.121,-0.322,-0.250,0.236,-0.157,0.236,38,E,50,S,,,591480,366.40,0
55,135.545,"Mount",-0.211,-0.086,0.152,0.170,0.085,0.000,20,W,0,,,,579975,373.53,0
56,138.163,"Mount",-0.476,0.006,0.430,0.203,0.277,0.203,67,W,43,S,,,577432,346.89,0
57,140.674,"Mount",-0.067,-0.311,-0.076,0.309,0.000,0.309,0,,65,S,,,609459,391.04,0
58,143.201,"Mount",0.476,-0.638,-0.708,0.364,-0.446,0.364,108,E,77,S,,,603714,390.23,0
59,145.739,"Mount",0.483,-0.343,-0.584,0.096,-0.399,0.000,96,E,0,,,,576982,370.49,0
60,148.261,"Mount",0.168,-0.316,-0.290,0.210,-0.211,0.210,51,E,44,S,,,598368,394.33,0
61,150.697,"Mount",0.074,-0.236,-0.170,0.180,-0.122,0.000,29,E,0,,,,583346,367.21,0
62,152.969,"Mount",0.011,-0.103,-0.055,0.087,0.000,0.000,0,,0,,,,579168,379.76,0
63,155.548,"Mount",-0.053,-0.157,-0.021,0.164,0.000,0.000,0,,0,,,,592025,380.01,0
64,158.012,"Mount",-0.239,-0.242,0.108,0.322,0.000,0.322,0,,68,S,,,629431,403.52,0
65,160.716,"Mount",-0.595,0.072,0.566,0.196,0.357,0.000,86,W,0,,,,574837,378.70,0
66,163.115,"Mount",-0.217,0.049,0.216,0.051,0.161,0.000,39,W,0,,,,577908,380.16,0
67,165.689,"Mount",0.129,-0.380,-0.282,0.285,-0.166,0.285,40,E,60,S,,,587132,377.63,0
68,168.346,"Mount",0.014,-0.510,-0.237,0.452,-0.161,0.452,39,E,95,S,,,589750,380.09,0
69,171.185,"Mount",-0.037,-0.697,-0.272,0.642,-0.183,0.642,44,E,135,S,,,591144,392.88,0
70,173.733,"Mount",-0.062,-0.318,-0.083,0.313,0.000,0.313,0,,66,S,,,615816,386.84,0
71,176.249,"Mount",-0.154,-0.440,-0.054,0.463,0.000,0.463,0,,97,S,,,584783,413.23,0
72,178.595,"Mount",-0.238,-0.425,0.027,0.487,0.000,0.487,0,,102,S,,,561044,362.99,0
73,181.086,"Mount",-0.235,-0.052,0.189,0.150,0.119,0.000,29,W,0,,,,592199,385.89,0
74,183.679,"Mount",-0.279,-0.224,0.153,0.323,0.104,0.323,25,W,68,S,,,565466,337.80,0
75,186.331,"Mount",-0.100,-0.508,-0.133,0.500,-0.076,0.500,18,E,105,S,,,559945,356.02,0
76,188.661,"Mount",-0.041,-0.272,-0.082,0.263,0.000,0.263,0,,55,S,,,609904,337.13,0
77,191.369,"Mount",0.173,-0.572,-0.406,0.438,-0.256,0.438,62,E,92,S,,,585023,354.57,0
78,193.571,"Mount",0.024,-0.113,-0.071,0.091,0.000,0.000,0,,0,,,,596285,357.69,0
79,196.274,"Mount",-0.352,-0.072,0.285,0.219,0.180,0.219,43,W,46,S,,,569322,379.38,0
80,198.612,"Mount",-0.341,-0.020,0.298,0.167,0.200,0.000,48,W,0,,,,589891,407.76,0
81,200.981,"Mount",0.019,-0.002,-0.017,-0.006,0.000,0.000,0,,0,,,,545389,370.16,0
82,203.570,"Mount",-0.171,-0.121,0.101,0.183,0.000,0.000,0,,0,,,,585804,401.04,0
83,206.178,"Mount",-0.250,0.070,0.256,0.047,0.161,0.000,39,W,0,,,,656535,416.27,0
84,208.589,"Mount",0.075,-0.290,-0.194,0.227,-0.111,0.227,27,E,48,S,,,618237,412.17,0
85,211.289,"Mount",0.090,-0.353,-0.236,0.278,-0.157,0.278,38,E,58,S,,,590907,375.07,0
86,213.843,"Mount",-0.153,-0.170,0.063,0.220,0.000,0.220,0,,46,S,,,623890,428.05,0
87,216.345,"Mount",0.158,-0.190,-0.225,0.102,-0.142,0.000,34,E,0,,,,582030,379.58,0
88,218.785,"Mount",0.043,-0.373,-0.202,0.316,-0.137,0.316,33,E,66,S,,,587709,359.19,0
89,221.327,"Mount",-0.518,0.220,0.562,0.029,0.345,0.000,83,W,0,,,,571943,422.77,0
90,223.796,"Mount",-0.738,0.303,0.796,0.051,0.525,0.000,127,W,0,,,,583008,353.04,0
91,226.296,"Mount",-0.347,0.017,0.319,0.137,0.238,0.000,57,W,0,,,,577483,383.04,0
92,228.708,"Mount",-0.039,-0.378,-0.130,0.357,-0.066,0.357,16,E,75,S,,,639829,401.46,0
93,231.426,"Mount",0.131,-0.391,-0.289,0.294,-0.187,0.294,45,E,62,S,,,588057,378.54,0
94,233.977,"Mount",0.139,-0.497,-0.343,0.386,-0.229,0.386,55,E,81,S,,,563321,367.99,0
95,236.566,"Mount",0.366,-0.403,-0.505,0.202,-0.334,0.202,81,E,42,S,,,609287,406.38,0
96,238.937,"Mount",-0.026,-0.335,-0.124,0.313,0.000,0.313,0,,66,S,,,601555,377.17,0
97,241.401,"Mount",-0.049,-0.200,-0.044,0.201,0.000,0.201,0,,42,S,,,612493,421.79,0
98,243.769,"Mount",0.075,0.449,0.130,-0.437,0.082,0.000,20,W,0,,,,625856,397.06,0
99,246.442,"Mount",0.627,-0.363,-0.723,0.051,-0.450,0.000,109,E,0,,,,624330,368.26,0
100,248.697,"Mount",-0.193,-0.039,0.156,0.120,0.067,0.000,16,W,0,,,,600077,390.29,0
101,251.144,"Mount",0.017,0.090,0.024,-0.088,0.000,0.000,0,,0,,,,577744,403.93,0
102,253.729,"Mount",-0.306,-0.112,0.226,0.235,0.142,0.235,34,W,49,S,,,571400,343.89,0
103,256.289,"Mount",0.916,-0.386,-0.993,-0.055,-0.615,0.000,149,E,0,,,,571603,379.11,0
104,258.779,"Mount",0.269,-0.248,-0.351,0.105,-0.264,0.000,64,E,0,,,,611782,401.32,0
105,261.250,"Mount",-0.005,0.014,0.010,-0.011,0.000,0.000,0,,0,,,,577807,387.35,0
106,263.714,"Mount",-0.106,0.084,0.132,-0.029,0.083,0.000,20,W,0,,,,566267,351.29,0
107,266.473,"Mount",-0.156,0.135,0.199,-0.053,0.131,0.000,32,W,0,,,,581121,360.38,0
108,268.805,"Mount",-0.286,0.249,0.366,-0.098,0.240,0.000,58,W,0,,,,579461,378.10,0
109,271.188,"Mount",-0.007,0.092,0.047,-0.080,0.000,0.000,0,,0,,,,559766,403.04,0
110,273.663,"Mount",0.131,-0.172,-0.193,0.097,-0.122,0.000,29,E,0,,,,574508,387.40,0
111,276.115,"Mount",0.046,0.010,-0.037,-0.029,0.000,0.000,0,,0,,,,581762,369.28,0
112,278.529,"Mount",-0.042,-0.133,-0.020,0.138,0.000,0.000,0,,0,,,,601051,387.94,0
113,281.065,"Mount",-0.098,0.067,0.118,-0.017,0.000,0.000,0,,0,,,,584129,401.65,0
114,283.625,"Mount",-0.392,0.310,0.488,-0.107,0.308,0.000,74,W,0,,,,603625,369.19,0
115,286.159,"Mount",-0.172,0.014,0.161,0.063,0.123,0.000,30,W,0,,,,590900,415.70,0
116,288.594,"Mount",-0.481,0.105,0.479,0.117,0.310,0.000,75,W,0,,,,576664,369.35,0
117,291.274,"Mount",0.049,-0.285,-0.169,0.234,-0.085,0.234,21,E,49,S,,,582847,360.29,0
118,293.584,"Mount",0.003,-0.148,-0.068,0.131,0.000,0.000,0,,0,,,,594870,429.24,0
119,296.202,"Mount",0.340,-0.216,-0.400,0.045,-0.252,0.000,61,E,0,,,,574529,400.74,0
120,298.507,"Mount",0.070,0.018,-0.054,-0.047,0.000,0.000,0,,0,,,,609980,401.19,0
121,301.156,"Mount",-0.078,0.437,0.262,-0.358,0.165,0.000,40,W,0,,,,564339,338.93,0
122,303.442,"Mount",-0.079,0.204,0.161,-0.148,0.113,0.000,27,W,0,,,,590982,391.57,0
123,305.881,"Mount",-0.056,0.197,0.137,-0.153,0.094,0.000,23,W,0,,,,625820,391.49,0
124,308.461,"Mount",-0.392,0.555,0.596,-0.326,0.382,0.000,92,W,0,,,,604580,376.01,0
125,311.086,"Mount",-0.846,0.546,1.000,-0.120,0.656,0.000,159,W,0,,,,592050,375.85,0
126,313.348,"Mount",0.055,0.197,0.037,-0.201,0.000,0.000,0,,0,,,,609517,339.64,0
127,315.818,"Mount",-0.023,-0.123,-0.033,0.121,0.000,0.000,0,,0,,,,581057,407.85,0
128,318.194,"Mount",-0.044,-0.292,-0.089,0.282,0.000,0.000,0,,0,,,,577040,369.04,0
129,320.660,"Mount",-0.087,-0.113,0.028,0.139,0.000,0.000,0,,0,,,,569484,390.58,0
130,323.001,"Mount",-0.121,-0.132,0.051,0.172,0.000,0.000,0,,0,,,,589487,385.33,0
131,325.649,"Mount",-0.720,0.188,0.730,0.147,0.460,0.000,111,W,0,,,,573247,383.26,0
132,327.966,"Mount",-0.288,0.119,0.312,0.019,0.228,0.000,55,W,0,,,,581617,371.71,0
133,330.514,"Mount",-0.279,0.206,0.341,-0.063,0.231,0.000,56,W,0,,,,587796,418.15,0
134,332.899,"Mount",-0.396,0.237,0.460,-0.039,0.306,0.000,74,W,0,,,,572844,369.66,0
135,335.288,"Mount",0.038,-0.055,-0.058,0.033,0.000,0.000,0,,0,,,,581980,388.85,0
136,337.596,"Mount",-0.119,-0.039,0.090,0.087,0.000,0.000,0,,0,,,,596191,396.53,0
137,340.166,"Mount",-0.037,0.226,0.132,-0.187,0.083,0.000,20,W,0,,,,580034,386.20,0
138,342.595,"Mount",-0.739,0.164,0.736,0.177,0.469,0.000,113,W,0,,,,580844,390.55,0
139,344.966,"Mount",0.267,0.484,-0.027,-0.552,0.000,0.000,0,,0,,,,622209,392.92,0
140,347.476,"Mount",-0.422,0.097,0.422,0.099,0.266,0.000,64,W,0,,,,617875,398.98,0
141,349.841,"Mount",-0.006,0.010,0.010,-0.006,0.000,0.000,0,,0,,,,574840,413.12,0
142,352.337,"Mount",-0.490,-0.002,0.439,0.217,0.277,0.217,67,W,46,S,,,571404,351.85,0
143,354.703,"Mount",0.020,0.012,-0.013,-0.020,0.000,0.000,0,,0,,,,576981,354.06,0
144,357.070,"Mount",-0.023,-0.020,0.012,0.028,0.000,0.000,0,,0,,,,598026,384.51,0
145,359.578,"Mount",0.000,0.035,0.015,-0.032,0.000,0.000,0,,0,,,,589534,366.59,0
146,361.955,"Mount",0.088,-0.071,-0.111,0.025,0.000,0.000,0,,0,,,,575485,354.66,0
147,364.442,"Mount",-0.040,-0.064,0.008,0.075,0.000,0.000,0,,0,,,,585642,378.12,0
148,366.762,"Mount",0.071,-0.043,-0.083,0.008,0.000,0.000,0,,0,,,,585640,374.98,0
149,369.459,"Mount",-0.163,0.163,0.218,-0.074,0.138,0.000,33,W,0,,,,598210,376.91,0
150,371.727,"Mount",-0.319,0.054,0.311,0.092,0.205,0.000,50,W,0,,,,563622,337.22,0
151,374.111,"Mount",-0.036,0.065,0.061,-0.043,0.000,0.000,0,,0,,,,617840,376.61,0
152,376.499,"Mount",0.265,-0.096,-0.280,-0.030,-0.176,0.000,43,E,0,,,,633632,422.32,0
153,379.021,"Mount",0.602,0.025,-0.530,-0.287,-0.346,0.000,84,E,0,,,,601529,358.39,0
154,381.369,"Mount",0.281,-0.267,-0.369,0.117,-0.257,0.000,62,E,0,,,,596483,355.36,0
155,383.801,"Mount",0.136,-0.080,-0.157,0.012,-0.117,0.000,28,E,0,,,,586818,420.81,0
156,386.172,"Mount",-0.058,-0.399,-0.123,0.384,0.000,0.384,0,,81,S,,,628295,392.95,0
157,388.633,"Mount",0.083,-0.128,-0.131,0.079,-0.083,0.000,20,E,0,,,,624954,404.95,0
158,391.009,"Mount",0.386,0.143,-0.284,-0.298,-0.185,0.000,45,E,0,,,,629021,409.43,0
159,393.580,"Mount",0.067,0.071,-0.029,-0.093,0.000,0.000,0,,0,,,,612238,382.67,0
160,395.993,"Mount",0.231,-0.131,-0.265,0.016,-0.167,0.000,40,E,0,,,,583770,348.93,0
161,398.539,"Mount",0.182,0.009,-0.159,-0.088,-0.112,0.000,27,E,0,,,,590822,380.19,0
162,400.825,"Mount",0.267,-0.102,-0.285,-0.026,-0.187,0.000,45,E,0,,,,589379,429.42,0
163,403.280,"Mount",0.059,0.036,-0.037,-0.058,0.000,0.000,0,,0,,,,601577,380.84,0
164,405.672,"Mount",0.360,-0.201,-0.412,0.023,-0.259,0.000,63,E,0,,,,576502,350.22,0
165,408.234,"Mount",0.248,0.079,-0.188,-0.180,-0.136,0.000,33,E,0,,,,590048,416.20,0
166,410.515,"Mount",-0.033,-0.158,-0.039,0.156,0.000,0.000,0,,0,,,,599586,380.90,0
167,413.187,"Mount",0.289,-0.012,-0.265,-0.116,-0.167,0.000,40,E,0,,,,566611,351.43,0
168,415.433,"Mount",0.058,-0.136,-0.112,0.097,0.000,0.000,0,,0,,,,588801,342.71,0
169,418.068,"Mount",0.362,-0.117,-0.376,-0.053,-0.237,0.000,57,E,0,,,,595539,385.66,0
170,420.442,"Mount",0.173,-0.162,-0.227,0.070,-0.160,0.000,39,E,0,,,,581204,360.69,0
171,422.929,"Mount",0.232,-0.227,-0.308,0.102,-0.205,0.000,49,E,0,,,,583257,383.69,0
172,425.394,"Mount",0.203,-0.063,-0.210,-0.032,-0.147,0.000,35,E,0,,,,585427,402.81,0
173,427.946,"Mount",-0.050,-0.251,-0.065,0.247,0.000,0.247,0,,52,S,,,593850,370.88,0
174,430.139,"Mount",0.007,-0.121,-0.059,0.106,0.000,0.000,0,,0,,,,607545,374.60,0
175,432.718,"Mount",-0.081,0.231,0.174,-0.172,0.109,0.000,26,W,0,,,,551363,390.22,0
176,435.027,"Mount",-0.103,0.100,0.137,-0.045,0.094,0.000,23,W,0,,,,594875,386.55,0
177,437.609,"Mount",-0.103,-0.194,0.007,0.219,0.000,0.219,0,,46,S,,,619245,348.76,0
178,439.818,"Mount",-0.045,-0.134,-0.018,0.140,0.000,0.000,0,,0,,,,628069,350.18,0
179,442.433,"Mount",0.521,-0.284,-0.593,0.027,-0.373,0.000,90,E,0,,,,584792,390.06,0
180,444.825,"Mount",0.649,-0.239,-0.688,-0.070,-0.460,0.000,111,E,0,,,,610180,392.04,0
181,447.361,"Mount",0.177,-0.082,-0.195,-0.004,-0.155,0.000,38,E,0,,,,589483,389.94,0
182,449.613,"Mount",0.060,0.031,-0.041,-0.054,0.000,0.000,0,,0,,,,591327,369.00,0
183,452.268,"Mount",0.055,-0.272,-0.169,0.220,-0.106,0.220,26,E,46,S,,,602551,353.54,0
184,454.457,"Mount",0.024,0.015,-0.015,-0.024,0.000,0.000,0,,0,,,,570813,386.77,0
185,457.149,"Mount",-0.226,-0.023,0.193,0.120,0.121,0.000,29,W,0,,,,567482,359.26,0
186,459.509,"Mount",-0.186,0.255,0.279,-0.147,0.184,0.000,45,W,0,,,,599011,411.76,0
187,461.871,"Mount",-0.016,0.108,0.062,-0.090,0.000,0.000,0,,0,,,,563065,368.60,0
188,464.180,"Mount",-0.030,0.141,0.089,-0.113,0.000,0.000,0,,0,,,,586954,345.26,0
189,466.670,"Mount",0.034,0.095,0.011,-0.100,0.000,0.000,0,,0,,,,616647,378.60,0
190,469.098,"Mount",-0.044,0.101,0.084,-0.071,0.000,0.000,0,,0,,,,584106,401.69,0
191,471.584,"Mount",0.021,0.167,0.055,-0.159,0.000,0.000,0,,0,,,,627388,402.88,0
192,473.882,"Mount",0.011,-0.044,-0.029,0.035,0.000,0.000,0,,0,,,,604743,396.55,0
193,476.425,"Mount",0.359,0.026,-0.311,-0.181,-0.196,0.000,47,E,0,,,,665334,389.83,0
194,478.863,"Mount",0.282,-0.148,-0.318,0.009,-0.214,0.000,52,E,0,,,,601078,338.11,0
195,481.362,"Mount",-0.364,0.233,0.430,-0.049,0.256,0.000,62,W,0,,,,583564,373.22,0
196,483.854,"Mount",-0.187,0.351,0.323,-0.233,0.221,0.000,53,W,0,,,,607704,388.03,0
197,486.366,"Mount",0.324,-0.096,-0.333,-0.056,-0.194,0.000,47,E,0,,,,564877,395.05,0
198,488.655,"Mount",0.100,-0.040,-0.108,-0.008,0.000,0.000,0,,0,,,,575236,379.56,0
199,491.289,"Mount",0.264,-0.238,-0.341,0.098,-0.215,0.000,52,E,0,,,,589228,383.01,0
200,493.498,"Mount",-0.041,0.174,0.113,-0.139,0.000,0.000,0,,0,,,,633812,399.91,0
201,495.956,"Mount",0.060,0.333,0.092,-0.325,0.000,0.000,0,,0,,,,588497,389.82,0
202,500.347,"Mount",-0.355,0.423,0.505,-0.224,0.318,-0.224,77,W,1837,N,,,628614,415.90,0
203,502.865,"Mount",-0.603,-0.077,0.508,0.333,0.342,0.000,83,W,0,,,,580574,367.05,0
204,505.109,"Mount",-0.144,-0.397,-0.045,0.420,0.000,0.000,0,,0,,,,609006,392.35,0
205,507.677,"Mount",0.072,-0.404,-0.242,0.331,-0.153,0.000,37,E,0,,,,577140,355.27,0
206,509.977,"Mount",0.097,-0.275,-0.207,0.205,-0.141,0.000,34,E,0,,,,613940,389.91,0
207,514.257,"Mount",-0.216,-0.264,0.078,0.332,0.000,0.332,0,,1790,S,,,608172,399.88,0
208,516.705,"Mount",0.125,-0.262,-0.228,0.181,-0.143,0.000,35,E,0,,,,581913,376.95,0
209,518.964,"Mount",0.033,-0.014,-0.036,-0.002,0.000,0.000,0,,0,,,,627894,426.11,0
210,521.498,"Mount",-0.136,-0.020,0.114,0.078,0.000,0.000,0,,0,,,,635276,392.57,0
211,524.017,"Mount",-0.477,-0.142,0.366,0.337,0.231,0.337,56,W,71,S,,,643887,429.00,0
212,526.441,"Mount",-0.280,-0.079,0.217,0.194,0.153,0.000,37,W,0,,,,620834,377.86,0
213,528.742,"Mount",-0.179,0.025,0.171,0.056,0.119,0.000,29,W,0,,,,587554,370.11,0
214,531.269,"Mount",0.068,-0.162,-0.132,0.116,-0.075,0.000,18,E,0,,,,576968,366.02,0
215,533.670,"Mount",0.075,-0.081,-0.103,0.040,0.000,0.000,0,,0,,,,577077,401.99,0
216,536.380,"Mount",0.596,-0.100,-0.579,-0.172,-0.365,0.000,88,E,0,,,,595341,372.79,0
217,538.690,"Mount",0.136,-0.206,-0.213,0.125,-0.160,0.000,39,E,0,,,,612188,380.14,0
218,541.228,"Mount",-0.009,-0.119,-0.044,0.111,0.000,0.000,0,,0,,,,604050,424.38,0
219,543.991,"Mount",-0.240,0.092,0.256,0.023,0.161,0.000,39,W,0,,,,600143,399.58,0
220,546.525,"Mount",0.356,-0.389,-0.490,0.193,-0.298,0.000,72,E,0,,,,564898,367.53,0
221,548.735,"Mount",0.040,-0.113,-0.086,0.084,0.000,0.000,0,,0,,,,613281,398.87,0
222,551.369,"Mount",0.679,-0.043,-0.629,-0.259,-0.396,0.000,96,E,0,,,,620513,385.85,0
223,553.876,"Mount",0.259,-0.423,-0.419,0.267,-0.292,0.267,70,E,56,S,,,644734,385.12,0
224,556.297,"Mount",-0.100,0.094,0.131,-0.040,0.062,0.000,15,W,0,,,,580576,382.27,0
225,558.708,"Mount",0.075,-0.235,-0.171,0.178,-0.103,0.000,25,E,0,,,,597281,426.42,0
226,561.231,"Mount",-0.007,0.083,0.043,-0.072,0.000,0.000,0,,0,,,,589168,347.51,0
227,563.708,"Mount",0.242,-0.317,-0.357,0.179,-0.225,0.000,54,E,0,,,,610867,403.72,0
228,566.073,"Mount",0.018,0.133,0.042,-0.127,0.000,0.000,0,,0,,,,619321,389.70,0
229,568.452,"Mount",-0.155,0.170,0.213,-0.085,0.134,0.000,32,W,0,,,,607942,431.66,0
230,571.151,"Mount",-0.519,0.008,0.470,0.221,0.306,0.221,74,W,46,S,,,609650,374.46,0
231,573.693,"Mount",0.391,-0.364,-0.511,0.156,-0.301,0.000,73,E,0,,,,627805,372.40,0
232,576.201,"Mount",-0.407,0.006,0.369,0.173,0.211,0.000,51,W,0,,,,613564,375.18,0
233,578.989,"Mount",0.041,-0.342,-0.187,0.289,-0.103,0.289,25,E,61,S,,,605294,378.00,0
234,581.380,"Mount",-0.108,-0.043,0.078,0.086,0.000,0.000,0,,0,,,,575812,363.18,0
235,584.004,"Mount",-0.366,0.229,0.429,-0.045,0.270,0.000,65,W,0,,,,587320,357.55,0
236,586.496,"Mount",-0.221,0.092,0.239,0.015,0.169,0.000,41,W,0,,,,606973,406.29,0
237,588.920,"Mount",-0.471,0.134,0.482,0.087,0.315,0.000,76,W,0,,,,586850,348.98,0
238,591.553,"Mount",0.108,-0.373,-0.261,0.288,-0.142,0.288,34,E,61,S,,,602003,369.34,0
239,594.122,"Mount",-0.277,0.027,0.260,0.098,0.154,0.000,37,W,0,,,,589051,436.03,0
240,596.520,"Mount",0.117,0.024,-0.094,-0.073,0.000,0.000,0,,0,,,,614460,375.00,0
241,598.985,"Mount",-0.020,-0.293,-0.111,0.272,0.000,0.272,0,,57,S,,,602344,351.62,0
242,601.371,"Mount",-0.005,-0.011,-0.001,0.012,0.000,0.000,0,,0,,,,571026,353.18,0
243,604.003,"Mount",-0.136,0.138,0.182,-0.064,0.115,0.000,28,W,0,,,,590801,399.29,0
244,606.380,"Mount",0.065,0.064,-0.030,-0.086,0.000,0.000,0,,0,,,,622016,393.01,0
245,608.780,"Mount",-0.146,0.420,0.316,-0.314,0.199,0.000,48,W,0,,,,608052,410.10,0
246,611.387,"Mount",-0.816,0.711,1.045,-0.281,0.672,0.000,162,W,0,,,,594303,392.59,0
247,613.664,"Mount",-0.083,-0.023,0.065,0.057,0.000,0.000,0,,0,,,,668125,427.68,0
248,616.336,"Mount",0.052,-0.313,-0.184,0.259,-0.116,0.259,28,E,54,S,,,636493,412.52,0
249,618.675,"Mount",-0.130,0.377,0.282,-0.282,0.170,0.000,41,W,0,,,,584626,414.23,0
250,621.266,"Mount",-0.128,0.382,0.283,-0.288,0.190,0.000,46,W,0,,,,588682,384.95,0
251,623.616,"Mount",0.124,0.140,-0.050,-0.180,0.000,0.000,0,,0,,,,649012,419.50,0
252,626.442,"Mount",-0.147,0.100,0.176,-0.025,0.111,0.000,27,W,0,,,,570633,332.36,0
253,628.682,"Mount",0.027,0.048,-0.003,-0.055,0.000,0.000,0,,0,,,,608284,380.03,0
254,631.293,"Mount",-0.190,0.284,0.295,-0.172,0.186,0.000,45,W,0,,,,579438,376.10,0
255,633.666,"Mount",-0.182,0.224,0.262,-0.121,0.178,0.000,43,W,0,,,,574644,394.17,0
256,636.132,"Mount",0.087,0.253,0.033,-0.265,0.000,0.000,0,,0,,,,540966,338.91,0
257,638.552,"Mount",0.236,0.035,-0.196,-0.135,-0.124,0.000,30,E,0,,,,566122,377.87,0
258,641.058,"Mount",-0.087,0.120,0.131,-0.069,0.074,0.000,18,W,0,,,,558561,364.02,0
259,643.307,"Mount",0.086,0.236,0.026,-0.250,0.000,0.000,0,,0,,,,576357,370.59,0
260,645.850,"Mount",-0.069,-0.166,-0.011,0.179,0.000,0.000,0,,0,,,,597771,356.81,0
261,648.327,"Mount",0.072,0.007,-0.061,-0.038,0.000,0.000,0,,0,,,,603739,384.27,0
262,651.004,"Mount",-0.264,0.321,0.378,-0.172,0.238,0.000,58,W,0,,,,608534,415.01,0
263,653.252,"Mount",-0.023,0.170,0.095,-0.143,0.000,0.000,0,,0,,,,556648,381.83,0
264,655.748,"Mount",-0.047,0.194,0.128,-0.154,0.000,0.000,0,,0,,,,551847,331.88,0
265,658.259,"Mount",0.038,-0.023,-0.044,0.004,0.000,0.000,0,,0,,,,568978,386.26,0
266,660.878,"Mount",0.305,-0.139,-0.335,-0.009,-0.211,0.000,51,E,0,,,,569462,369.34,0
267,663.345,"Mount",0.334,-0.120,-0.353,-0.038,-0.237,0.000,57,E,0,,,,596164,380.79,0
268,665.695,"Mount",0.093,0.104,-0.038,-0.134,0.000,0.000,0,,0,,,,582539,381.37,0
269,668.134,"Mount",0.095,0.189,-0.002,-0.212,0.000,0.000,0,,0,,,,612023,388.72,0
270,670.659,"Mount",-0.214,0.017,0.200,0.079,0.126,0.000,30,W,0,,,,598930,391.01,0
271,673.043,"Mount",-0.085,0.223,0.174,-0.164,0.118,0.000,29,W,0,,,,577497,367.83,0
272,675.521,"Mount",0.007,0.375,0.159,-0.340,0.108,0.000,26,W,0,,,,581965,388.24,0
273,677.906,"Mount",0.398,-0.158,-0.427,-0.033,-0.262,0.000,63,E,0,,,,578250,376.27,0
274,680.335,"Mount",0.114,0.093,-0.062,-0.133,0.000,0.000,0,,0,,,,584477,347.12,0
275,684.553,"Mount",0.494,0.025,-0.433,-0.240,-0.273,-0.240,66,E,1770,N,,,593129,406.13,0
276,689.018,"Mount",0.148,-0.783,-0.477,0.639,-0.320,0.639,77,E,1799,S,,,632435,403.42,0
277,691.513,"Mount",0.609,-0.084,-0.584,-0.192,-0.390,0.000,94,E,0,,,,624227,401.85,0
278,693.933,"Mount",0.350,-0.192,-0.398,0.019,-0.278,0.000,67,E,0,,,,586746,367.86,0
279,696.359,"Mount",-0.020,0.069,0.048,-0.054,0.000,0.000,0,,0,,,,587679,400.75,0
280,698.754,"Mount",0.094,-0.111,-0.133,0.059,-0.084,0.000,20,E,0,,,,621600,412.35,0
281,701.354,"Mount",0.365,-0.214,-0.421,0.032,-0.271,0.000,66,E,0,,,,556563,369.57,0
282,703.787,"Mount",0.442,-0.147,-0.462,-0.062,-0.310,0.000,75,E,0,,,,601638,403.04,0
283,706.202,"Mount",-0.056,0.095,0.092,-0.060,0.000,0.000,0,,0,,,,573371,341.06,0
284,708.580,"Mount",0.355,-0.119,-0.372,-0.049,-0.234,0.000,57,E,0,,,,577989,376.43,0
285,711.058,"Mount",-0.140,0.154,0.193,-0.077,0.105,0.000,25,W,0,,,,609350,371.60,0
286,713.678,"Mount",0.421,-0.407,-0.557,0.181,-0.344,0.000,83,E,0,,,,570122,346.00,0
287,716.158,"Mount",-0.098,0.206,0.179,-0.142,0.089,0.000,21,W,0,,,,599095,414.24,0
288,718.503,"Mount",0.436,0.043,-0.373,-0.230,-0.229,0.000,55,E,0,,,,595549,399.83,0
289,721.014,"Mount",0.324,-0.122,-0.345,-0.033,-0.233,0.000,56,E,0,,,,573882,352.01,0
290,723.506,"Mount",0.680,-0.187,-0.693,-0.131,-0.453,0.000,109,E,0,,,,567217,414.13,0
291,725.971,"Mount",0.412,-0.003,-0.372,-0.178,-0.266,0.000,64,E,0,,,,572408,347.80,0
292,728.383,"Mount",0.674,-0.042,-0.624,-0.258,-0.412,0.000,99,E,0,,,,576574,383.84,0
293,732.580,"Mount",-0.051,0.404,0.223,-0.340,0.112,-0.340,27,W,1736,N,,,613472,389.31,0
294,735.164,"Mount",-1.005,0.039,0.920,0.406,0.588,0.000,142,W,0,,,,627039,398.08,0
295,739.233,"Mount",-0.659,-0.350,0.438,0.603,0.317,0.603,77,W,1734,S,,,615888,381.95,0
296,741.779,"Mount",0.828,-0.460,-0.946,0.050,-0.574,0.000,139,E,0,,,,574299,360.52,0
297,744.171,"Mount",0.703,0.000,-0.631,-0.309,-0.438,0.000,106,E,0,,,,587657,372.81,0
298,746.691,"Mount",0.250,-0.271,-0.344,0.133,-0.247,0.000,60,E,0,,,,586154,358.24,0
299,748.871,"Mount",0.067,-0.021,-0.069,-0.011,0.000,0.000,0,,0,,,,592206,398.36,0
300,751.460,"Mount",0.297,-0.007,-0.269,-0.124,-0.170,0.000,41,E,0,,,,614807,411.64,0
301,754.146,"Mount",-0.130,0.139,0.178,-0.068,0.100,0.000,24,W,0,,,,617592,391.54,0
302,756.694,"Mount",-0.197,0.091,0.217,0.005,0.144,0.000,35,W,0,,,,608419,393.92,0
303,759.156,"Mount",-0.092,0.272,0.202,-0.205,0.137,0.000,33,W,0,,,,565652,334.67,0
304,761.636,"Mount",0.146,-0.243,-0.237,0.154,-0.140,0.000,34,E,0,,,,589725,394.80,0
305,764.222,"Mount",0.188,0.001,-0.168,-0.084,-0.116,0.000,28,E,0,,,,576456,353.15,0
306,766.682,"Mount",-0.224,0.048,0.222,0.055,0.132,0.000,32,W,0,,,,581059,405.17,0
307,768.990,"Mount",-0.039,0.157,0.104,-0.124,0.000,0.000,0,,0,,,,567827,357.09,0
308,771.492,"Mount",-0.064,-0.019,0.049,0.046,0.000,0.000,0,,0,,,,602807,384.92,0
309,773.873,"Mount",0.036,-0.150,-0.098,0.119,0.000,0.000,0,,0,,,,618040,367.65,0
310,776.374,"Mount",0.067,0.039,-0.043,-0.064,0.000,0.000,0,,0,,,,581200,356.07,0
311,778.727,"Mount",0.047,0.286,0.083,-0.278,0.000,0.000,0,,0,,,,575927,388.16,0
312,781.281,"Mount",-0.255,0.117,0.280,0.007,0.176,0.000,43,W,0,,,,598316,378.86,0
313,783.644,"Mount",-0.213,0.048,0.213,0.050,0.147,0.000,35,W,0,,,,593671,370.07,0
314,786.214,"Mount",0.341,-0.268,-0.424,0.091,-0.257,0.000,62,E,0,,,,561396,351.99,0
315,788.535,"Mount",-0.041,-0.035,0.021,0.049,0.000,0.000,0,,0,,,,577211,368.76,0
316,791.363,"Mount",0.146,-0.492,-0.347,0.378,-0.219,0.378,53,E,79,S,,,604817,394.93,0
317,793.859,"Mount",-0.301,0.263,0.386,-0.104,0.228,0.000,55,W,0,,,,606010,383.31,0
318,796.258,"Mount",0.054,-0.117,-0.100,0.082,0.000,0.000,0,,0,,,,586315,371.52,0
319,798.560,"Mount",-0.013,0.083,0.048,-0.069,0.000,0.000,0,,0,,,,588509,375.77,0
320,801.070,"Mount",0.043,0.238,0.066,-0.232,0.000,0.000,0,,0,,,,555669,378.93,0
321,803.523,"Mount",-0.296,0.305,0.400,-0.144,0.252,0.000,61,W,0,,,,580181,383.33,0
322,806.004,"Mount",0.229,-0.059,-0.231,-0.048,-0.128,0.000,31,E,0,,,,604977,380.72,0
323,808.251,"Mount",-0.028,0.073,0.057,-0.053,0.000,0.000,0,,0,,,,593999,395.38,0
324,810.770,"Mount",0.104,-0.161,-0.164,0.099,-0.104,0.000,25,E,0,,,,586517,374.62,0
325,813.314,"Mount",0.475,-0.117,-0.478,-0.103,-0.308,0.000,74,E,0,,,,591745,371.42,0
326,815.668,"Mount",0.032,-0.055,-0.053,0.035,0.000,0.000,0,,0,,,,598320,372.20,0
327,817.996,"Mount",0.078,-0.079,-0.105,0.037,0.000,0.000,0,,0,,,,606148,388.83,0
328,820.602,"Mount",-0.232,0.186,0.290,-0.066,0.183,0.000,44,W,0,,,,590246,356.65,0
329,822.841,"Mount",-0.031,0.047,0.048,-0.029,0.000,0.000,0,,0,,,,588855,345.05,0
330,825.460,"Mount",-0.324,0.159,0.361,-0.001,0.227,0.000,55,W,0,,,,599329,409.35,0
331,827.828,"Mount",-0.002,-0.055,-0.022,0.050,0.000,0.000,0,,0,,,,595731,342.63,0
332,830.405,"Mount",0.023,-0.075,-0.053,0.057,0.000,0.000,0,,0,,,,589810,350.03,0
333,832.701,"Mount",0.031,-0.040,-0.046,0.022,0.000,0.000,0,,0,,,,586216,351.98,0
334,835.267,"Mount",0.236,-0.199,-0.299,0.075,-0.188,0.000,46,E,0,,,,576804,355.55,0
335,837.446,"Mount",0.083,-0.069,-0.105,0.025,0.000,0.000,0,,0,,,,575689,391.68,0
336,840.066,"Mount",0.502,-0.248,-0.560,0.003,-0.353,0.000,85,E,0,,,,625020,402.17,0
337,842.338,"Mount",-0.124,0.095,0.153,-0.031,0.072,0.000,17,W,0,,,,603668,374.38,0
338,844.737,"Mount",0.022,-0.024,-0.030,0.012,0.000,0.000,0,,0,,,,571445,357.26,0
339,847.093,"Mount",-0.131,-0.067,0.088,0.118,0.000,0.000,0,,0,,,,578381,367.99,0
340,849.562,"Mount",0.096,0.067,-0.057,-0.102,0.000,0.000,0,,0,,,,595074,400.85,0
341,852.052,"Mount",0.216,-0.386,-0.363,0.252,-0.229,0.252,55,E,53,S,,,612405,398.13,0
342,854.514,"Mount",0.171,-0.239,-0.258,0.140,-0.178,0.000,43,E,0,,,,586196,361.65,0
343,856.711,"Mount",-0.041,-0.045,0.017,0.059,0.000,0.000,0,,0,,,,590089,374.17,0
344,859.278,"Mount",-0.050,0.107,0.092,-0.075,0.000,0.000,0,,0,,,,543978,409.05,0
345,861.643,"Mount",-0.064,0.013,0.063,0.016,0.000,0.000,0,,0,,,,585434,358.71,0
346,864.115,"Mount",-0.013,-0.148,-0.053,0.138,0.000,0.000,0,,0,,,,593733,345.94,0
347,866.530,"Mount",-0.288,0.057,0.284,0.075,0.179,0.000,43,W,0,,,,593659,398.16,0
348,868.934,"Mount",-0.043,-0.061,0.012,0.074,0.000,0.000,0,,0,,,,570012,356.32,0
349,871.314,"Mount",-0.073,0.208,0.156,-0.155,0.099,0.000,24,W,0,,,,573061,338.94,0
350,873.904,"Mount",0.346,-0.186,-0.393,0.015,-0.240,0.000,58,E,0,,,,560427,391.06,0
351,876.250,"Mount",0.136,-0.092,-0.163,0.022,-0.119,0.000,29,E,0,,,,585159,364.76,0
352,878.623,"Mount",-0.027,-0.123,-0.029,0.123,0.000,0.000,0,,0,,,,624346,360.85,0
353,881.215,"Mount",-0.226,0.147,0.267,-0.033,0.168,0.000,41,W,0,,,,573191,363.27,0
354,883.773,"Mount",-0.254,0.138,0.289,-0.012,0.194,0.000,47,W,0,,,,583228,374.08,0
355,886.132,"Mount",-0.320,0.164,0.359,-0.007,0.240,0.000,58,W,0,,,,589659,367.62,0
356,888.626,"Mount",-0.406,0.281,0.488,-0.074,0.324,0.000,78,W,0,,,,579780,393.50,0
357,891.242,"Mount",-0.121,0.055,0.133,0.003,0.106,0.000,26,W,0,,,,606607,424.13,0
358,893.778,"Mount",0.154,-0.261,-0.252,0.167,-0.152,0.000,37,E,0,,,,577716,374.52,0
359,896.105,"Mount",0.212,-0.118,-0.242,0.013,-0.163,0.000,39,E,0,,,,597220,374.11,0
360,898.515,"Mount",0.116,-0.028,-0.117,-0.025,0.000,0.000,0,,0,,,,594865,380.50,0
361,900.899,"Mount",0.107,-0.132,-0.154,0.072,-0.097,0.000,23,E,0,,,,587674,372.35,0
362,903.603,"Mount",-0.419,0.110,0.425,0.085,0.261,0.000,63,W,0,,,,607013,395.20,0
363,905.792,"Mount",-0.091,0.078,0.116,-0.030,0.000,0.000,0,,0,,,,579444,378.46,0
364,908.522,"Mount",-1.052,0.348,1.098,0.149,0.692,0.000,167,W,0,,,,581482,405.84,0
365,910.935,"Mount",-0.949,0.358,1.010,0.095,0.685,0.000,165,W,0,,,,595439,367.30,0
366,913.436,"Mount",0.208,-0.202,-0.275,0.090,-0.126,0.000,30,E,0,,,,579933,360.88,0
367,916.003,"Mount",0.231,-0.160,-0.278,0.043,-0.184,0.000,44,E,0,,,,579606,366.48,0
368,918.644,"Mount",-0.168,0.201,0.239,-0.107,0.138,0.000,33,W,0,,,,562166,373.54,0
369,921.475,"Mount",-0.282,0.242,0.360,-0.094,0.236,0.000,57,W,0,,,,577520,388.69,0
370,924.363,"Mount",0.002,-0.001,-0.003,0.000,0.000,0.000,0,,0,,,,586328,355.67,0
INFO: SET LOCK POSITION, new lock pos = 972.601, 451.109
INFO: DITHER by -4.987, 0.636, new lock pos = 976.804, 448.349
INFO: SETTLING STATE CHANGE, Settling started
371,931.289,"Mount",-4.203,2.760,4.987,-0.636,4.987,-0.636,1205,W,1741,N,,,587896,403.59,0
372,933.760,"Mount",-0.205,0.312,0.321,-0.190,0.202,0.000,49,W,0,,,,599890,353.01,0
373,936.067,"Mount",-0.042,0.283,0.162,-0.236,0.116,0.000,28,W,0,,,,575653,365.10,0
374,938.634,"Mount",0.660,-0.089,-0.633,-0.210,-0.390,0.000,94,E,0,,,,571566,358.27,0
375,941.069,"Mount",-0.130,0.354,0.272,-0.261,0.144,-0.261,35,W,55,N,,,608460,364.26,0
376,943.531,"Mount",0.167,0.187,-0.068,-0.241,0.000,-0.241,0,,51,N,,,563328,382.47,0
INFO: SETTLING STATE CHANGE, Settling complete
377,945.818,"Mount",-0.212,-0.010,0.187,0.102,0.118,0.000,28,W,0,,,,563571,378.24,0
378,948.565,"Mount",-0.213,0.162,0.262,-0.052,0.173,0.000,42,W,0,,,,573705,413.38,0
379,950.768,"Mount",0.132,0.054,-0.095,-0.107,0.000,0.000,0,,0,,,,579562,355.54,0
380,953.280,"Mount",0.135,0.054,-0.098,-0.108,0.000,0.000,0,,0,,,,595461,363.87,0
381,955.615,"Mount",-0.028,0.134,0.084,-0.108,0.000,0.000,0,,0,,,,600977,388.41,0
382,958.203,"Mount",0.192,0.072,-0.141,-0.149,-0.089,0.000,21,E,0,,,,603761,373.17,0
383,960.618,"Mount",0.474,-0.150,-0.492,-0.073,-0.316,0.000,76,E,0,,,,593956,353.03,0
384,963.062,"Mount",0.016,0.172,0.061,-0.162,0.000,0.000,0,,0,,,,579834,365.81,0
385,965.407,"Mount",-0.029,0.108,0.073,-0.084,0.000,0.000,0,,0,,,,579851,398.24,0
386,967.996,"Mount",-0.186,-0.107,0.120,0.178,0.000,0.000,0,,0,,,,575501,396.88,0
387,970.530,"Mount",-0.212,0.211,0.283,-0.096,0.178,0.000,43,W,0,,,,579801,343.29,0
388,973.164,"Mount",-0.336,0.264,0.418,-0.090,0.276,0.000,67,W,0,,,,579952,409.86,0
389,975.351,"Mount",0.119,0.137,-0.047,-0.175,0.000,0.000,0,,0,,,,604118,434.42,0
390,978.057,"Mount",0.771,-0.192,-0.778,-0.166,-0.490,0.000,118,E,0,,,,595298,397.05,0
391,980.464,"Mount",0.672,-0.328,-0.748,-0.001,-0.505,0.000,122,E,0,,,,592023,379.90,0
392,982.830,"Mount",0.145,0.078,-0.096,-0.133,0.000,0.000,0,,0,,,,574913,390.32,0
393,985.199,"Mount",0.059,-0.011,-0.058,-0.017,0.000,0.000,0,,0,,,,581468,350.85,0
394,987.961,"Mount",0.587,-0.135,-0.587,-0.136,-0.370,0.000,89,E,0,,,,575136,379.85,0
395,990.548,"Mount",0.126,-0.011,-0.118,-0.045,0.000,0.000,0,,0,,,,569819,373.06,0
396,993.121,"Mount",0.064,-0.089,-0.097,0.052,0.000,0.000,0,,0,,,,565759,376.56,0
397,995.498,"Mount",0.367,-0.139,-0.391,-0.036,-0.246,0.000,60,E,0,,,,566090,359.86,0
398,997.946,"Mount",0.461,-0.133,-0.472,-0.083,-0.315,0.000,76,E,0,,,,586592,366.17,0
399,1000.244,"Mount",0.367,0.011,-0.325,-0.171,-0.227,0.000,55,E,0,,,,579602,352.82,0
400,1002.591,"Mount",0.150,0.017,-0.127,-0.082,0.000,0.000,0,,0,,,,571291,367.75,0
401,1004.843,"Mount",0.067,0.102,-0.015,-0.121,0.000,0.000,0,,0,,,,584327,361.03,0
402,1007.306,"Mount",0.076,-0.019,-0.077,-0.017,0.000,0.000,0,,0,,,,592263,438.18,0
403,1009.694,"Mount",0.080,0.056,-0.047,-0.085,0.000,0.000,0,,0,,,,570675,359.80,0
404,1012.210,"Mount",0.433,-0.329,-0.534,0.106,-0.336,0.000,81,E,0,,,,588416,385.20,0
405,1014.373,"Mount",0.026,0.118,0.028,-0.117,0.000,0.000,0,,0,,,,575557,372.57,0
406,1016.898,"Mount",0.295,0.052,-0.242,-0.176,-0.152,0.000,37,E,0,,,,563569,340.47,0
407,1019.072,"Mount",0.133,0.093,-0.079,-0.142,0.000,0.000,0,,0,,,,588569,398.38,0
408,1021.614,"Mount",0.626,-0.117,-0.614,-0.170,-0.387,0.000,93,E,0,,,,577687,395.47,0
409,1023.837,"Mount",0.104,0.079,-0.059,-0.117,0.000,0.000,0,,0,,,,566722,374.48,0
410,1026.364,"Mount",0.216,-0.095,-0.236,-0.009,-0.149,0.000,36,E,0,,,,619089,386.00,0
411,1028.604,"Mount",0.066,0.095,-0.017,-0.114,0.000,0.000,0,,0,,,,573151,343.57,0
412,1031.130,"Mount",-0.155,0.089,0.179,-0.012,0.113,0.000,27,W,0,,,,565990,374.76,0
413,1033.535,"Mount",-0.198,0.160,0.248,-0.056,0.164,0.000,40,W,0,,,,585287,366.00,0
414,1036.089,"Mount",-0.384,0.506,0.567,-0.286,0.369,-0.286,89,W,60,N,,,573166,361.24,0
415,1038.272,"Mount",0.016,0.072,0.017,-0.072,0.000,0.000,0,,0,,,,582479,359.25,0
416,1040.723,"Mount",0.084,-0.051,-0.098,0.009,0.000,0.000,0,,0,,,,571307,376.33,0
417,1043.084,"Mount",0.286,-0.219,-0.353,0.071,-0.222,0.000,54,E,0,,,,569112,362.15,0
418,1045.393,"Mount",0.035,-0.052,-0.054,0.031,0.000,0.000,0,,0,,,,586429,377.85,0
419,1047.624,"Mount",0.050,-0.143,-0.108,0.106,0.000,0.000,0,,0,,,,594490,416.37,0
420,1050.055,"Mount",0.004,-0.032,-0.017,0.027,0.000,0.000,0,,0,,,,586609,351.15,0
421,1052.308,"Mount",-0.179,-0.147,0.097,0.210,0.000,0.000,0,,0,,,,561869,375.55,0
422,1054.818,"Mount",-0.330,0.119,0.348,0.038,0.219,0.000,53,W,0,,,,571814,404.52,0
423,1057.123,"Mount",-0.445,0.317,0.538,-0.090,0.355,0.000,86,W,0,,,,556505,373.78,0
424,1059.533,"Mount",-0.206,0.304,0.319,-0.183,0.226,0.000,54,W,0,,,,582179,411.46,0
425,1061.675,"Mount",0.079,0.068,-0.041,-0.096,0.000,0.000,0,,0,,,,592122,376.87,0
426,1064.081,"Mount",0.073,0.028,-0.053,-0.057,0.000,0.000,0,,0,,,,579665,384.58,0
427,1066.331,"Mount",-0.064,-0.019,0.049,0.045,0.000,0.000,0,,0,,,,552372,386.21,0
428,1068.842,"Mount",-0.144,0.023,0.140,0.043,0.088,0.000,21,W,0,,,,589863,365.42,0
429,1071.114,"Mount",-0.072,-0.028,0.053,0.057,0.000,0.000,0,,0,,,,566307,366.93,0
430,1073.611,"Mount",-0.133,-0.014,0.113,0.071,0.000,0.000,0,,0,,,,586845,392.00,0
431,1075.906,"Mount",-0.151,0.031,0.149,0.038,0.094,0.000,23,W,0,,,,580688,371.19,0
432,1078.366,"Mount",-0.183,0.105,0.210,-0.014,0.139,0.000,34,W,0,,,,573403,377.96,0
433,1080.665,"Mount",-0.091,-0.111,0.033,0.140,0.000,0.000,0,,0,,,,565222,379.17,0
434,1083.164,"Mount",-0.001,-0.101,-0.044,0.091,0.000,0.000,0,,0,,,,581996,371.38,0
435,1085.474,"Mount",0.181,-0.077,-0.196,-0.011,-0.124,0.000,30,E,0,,,,588604,392.67,0
436,1088.004,"Mount",0.242,-0.391,-0.389,0.245,-0.254,0.000,61,E,0,,,,579681,392.49,0
437,1090.210,"Mount",-0.268,-0.179,0.162,0.278,0.084,0.000,20,W,0,,,,577404,392.13,0
438,1092.682,"Mount",-0.206,-0.079,0.150,0.162,0.101,0.000,24,W,0,,,,547167,350.88,0
439,1094.965,"Mount",-0.139,0.185,0.206,-0.105,0.137,0.000,33,W,0,,,,594899,391.94,0
440,1099.050,"Mount",-0.180,-0.221,0.065,0.278,0.000,0.278,0,,1665,S,,,623053,423.25,0
441,1101.585,"Mount",-0.109,0.374,0.262,-0.288,0.165,0.000,40,W,0,,,,594043,370.80,0
442,1103.727,"Mount",0.109,0.266,0.019,-0.287,0.000,0.000,0,,0,,,,581001,342.42,0
443,1106.139,"Mount",0.241,0.239,-0.112,-0.321,0.000,0.000,0,,0,,,,584516,362.53,0
444,1108.474,"Mount",0.377,0.224,-0.240,-0.366,-0.151,0.000,37,E,0,,,,596401,391.75,0
445,1110.914,"Mount",0.554,0.139,-0.437,-0.368,-0.286,0.000,69,E,0,,,,611987,399.93,0
446,1114.843,"Mount",0.088,0.321,0.061,-0.327,0.000,-0.327,0,,1649,N,,,582252,357.77,0
447,1117.183,"Mount",0.117,-0.046,-0.125,-0.010,0.000,0.000,0,,0,,,,585007,343.35,0
448,1119.522,"Mount",-0.314,0.136,0.342,0.015,0.215,0.000,52,W,0,,,,594527,365.66,0
449,1122.130,"Mount",-0.269,0.078,0.276,0.047,0.189,0.000,46,W,0,,,,575138,397.94,0
450,1124.395,"Mount",0.258,0.094,-0.190,-0.198,-0.107,0.000,26,E,0,,,,611722,372.57,0
451,1126.827,"Mount",0.376,-0.196,-0.424,0.011,-0.275,0.000,66,E,0,,,,592742,383.15,0
452,1129.131,"Mount",0.257,-0.293,-0.359,0.150,-0.246,0.000,59,E,0,,,,591303,380.14,0
453,1131.453,"Mount",0.106,0.006,-0.093,-0.052,0.000,0.000,0,,0,,,,586513,392.18,0
454,1133.747,"Mount",0.010,-0.055,-0.033,0.045,0.000,0.000,0,,0,,,,584231,348.98,0
455,1136.320,"Mount",0.277,0.110,-0.200,-0.220,-0.126,-0.220,30,E,46,N,,,601314,412.23,0
456,1138.594,"Mount",0.414,-0.004,-0.374,-0.178,-0.244,0.000,59,E,0,,,,588665,374.43,0
457,1140.922,"Mount",-0.143,-0.049,0.107,0.107,0.000,0.000,0,,0,,,,552997,359.34,0
458,1143.304,"Mount",0.069,0.028,-0.050,-0.055,0.000,0.000,0,,0,,,,573508,376.88,0
459,1145.755,"Mount",0.000,-0.177,-0.078,0.159,0.000,0.000,0,,0,,,,568753,369.73,0
460,1148.148,"Mount",0.357,-0.153,-0.388,-0.019,-0.245,0.000,59,E,0,,,,578837,384.29,0
461,1150.495,"Mount",0.091,0.082,-0.046,-0.114,0.000,0.000,0,,0,,,,595437,423.66,0
462,1152.843,"Mount",0.373,-0.223,-0.433,0.037,-0.273,0.000,66,E,0,,,,571464,359.54,0
463,1155.208,"Mount",-0.005,0.072,0.037,-0.063,0.000,0.000,0,,0,,,,578178,376.42,0
464,1157.476,"Mount",-0.068,0.115,0.111,-0.074,0.000,0.000,0,,0,,,,568612,404.22,0
465,1159.876,"Mount",0.126,0.125,-0.059,-0.167,0.000,0.000,0,,0,,,,588550,336.83,0
466,1162.116,"Mount",0.160,0.043,-0.125,-0.109,0.000,0.000,0,,0,,,,575677,338.50,0
467,1164.533,"Mount",-0.013,0.155,0.079,-0.133,0.000,0.000,0,,0,,,,586101,377.28,0
468,1166.781,"Mount",-0.068,-0.128,0.005,0.145,0.000,0.000,0,,0,,,,596033,393.52,0
469,1169.216,"Mount",-0.010,0.112,0.058,-0.096,0.000,0.000,0,,0,,,,604812,392.00,0
470,1171.698,"Mount",0.089,0.267,0.037,-0.279,0.000,-0.279,0,,59,N,,,614937,382.43,0
471,1174.118,"Mount",0.049,-0.021,-0.053,-0.002,0.000,0.000,0,,0,,,,609390,420.69,0
472,1176.474,"Mount",-0.239,0.154,0.282,-0.033,0.178,0.000,43,W,0,,,,565593,372.15,0
473,1178.826,"Mount",-0.136,-0.122,0.069,0.170,0.000,0.000,0,,0,,,,583755,394.58,0
474,1181.202,"Mount",-0.475,-0.128,0.371,0.323,0.234,0.000,56,W,0,,,,581908,381.76,0
475,1183.715,"Mount",-0.427,0.226,0.483,-0.016,0.321,0.000,77,W,0,,,,616017,421.53,0
476,1185.962,"Mount",-0.380,-0.095,0.300,0.252,0.211,0.000,51,W,0,,,,622614,373.38,0
477,1188.397,"Mount",0.291,-0.092,-0.302,-0.045,-0.175,0.000,42,E,0,,,,593820,420.25,0
478,1190.572,"Mount",-0.084,-0.033,0.061,0.066,0.000,0.000,0,,0,,,,611842,397.38,0
479,1193.118,"Mount",0.264,-0.135,-0.296,0.005,-0.187,0.000,45,E,0,,,,576131,358.71,0
480,1195.274,"Mount",-0.144,-0.042,0.111,0.101,0.000,0.000,0,,0,,,,578555,381.45,0
481,1197.658,"Mount",0.082,0.028,-0.061,-0.061,0.000,0.000,0,,0,,,,556545,383.28,0
482,1199.954,"Mount",-0.190,0.001,0.171,0.083,0.108,0.000,26,W,0,,,,592701,364.34,0
483,1202.394,"Mount",-0.324,0.178,0.370,-0.018,0.241,0.000,58,W,0,,,,597920,355.12,0
484,1204.875,"Mount",-0.485,0.607,0.702,-0.333,0.459,-0.333,111,W,70,N,,,625531,436.38,0
485,1207.315,"Mount",-0.417,0.071,0.406,0.119,0.288,0.000,70,W,0,,,,585184,383.19,0
486,1209.586,"Mount",-0.473,0.051,0.447,0.161,0.302,0.000,73,W,0,,,,575280,368.59,0
487,1211.905,"Mount",0.000,-0.030,-0.013,0.027,0.000,0.000,0,,0,,,,596016,393.08,0
488,1214.174,"Mount",-0.064,-0.121,0.004,0.137,0.000,0.000,0,,0,,,,578223,396.19,0
489,1216.674,"Mount",-0.112,0.160,0.171,-0.094,0.108,0.000,26,W,0,,,,598393,424.15,0
490,1219.000,"Mount",-0.392,0.145,0.415,0.042,0.269,0.000,65,W,0,,,,577203,363.09,0
491,1221.332,"Mount",-0.102,-0.102,0.047,0.137,0.000,0.000,0,,0,,,,568010,367.02,0
492,1223.727,"Mount",-0.253,0.049,0.249,0.067,0.157,0.000,38,W,0,,,,618352,390.85,0
493,1226.205,"Mount",-0.438,0.226,0.493,-0.011,0.321,0.000,78,W,0,,,,606745,386.59,0
494,1228.562,"Mount",-0.741,0.432,0.855,-0.063,0.561,0.000,136,W,0,,,,618060,422.81,0
495,1230.880,"Mount",-0.064,0.042,0.076,-0.009,0.000,0.000,0,,0,,,,578370,405.00,0
496,1233.306,"Mount",-0.155,0.206,0.230,-0.117,0.145,0.000,35,W,0,,,,583377,377.08,0
497,1235.682,"Mount",-0.218,-0.057,0.171,0.147,0.118,0.000,28,W,0,,,,600453,370.71,0
498,1237.975,"Mount",0.081,0.220,0.024,-0.233,0.000,-0.233,0,,49,N,,,606314,353.55,0
499,1240.410,"Mount",-0.410,-0.071,0.337,0.243,0.213,0.000,51,W,0,,,,601471,352.30,0
500,1242.593,"Mount",-0.095,-0.184,0.004,0.207,0.000,0.000,0,,0,,,,577439,367.31,0
501,1245.043,"Mount",0.114,0.119,-0.050,-0.157,0.000,0.000,0,,0,,,,591711,386.22,0
502,1247.293,"Mount",-0.002,-0.097,-0.041,0.088,0.000,0.000,0,,0,,,,577944,387.56,0
503,1249.826,"Mount",-0.511,0.216,0.554,0.030,0.349,0.000,84,W,0,,,,606855,375.14,0
504,1252.006,"Mount",0.008,-0.158,-0.077,0.138,0.000,0.000,0,,0,,,,573551,385.00,0
505,1254.506,"Mount",0.073,-0.193,-0.150,0.141,-0.095,0.000,23,E,0,,,,568107,408.34,0
506,1256.754,"Mount",0.194,-0.070,-0.205,-0.022,-0.136,0.000,33,E,0,,,,590391,373.09,0
507,1259.106,"Mount",0.086,-0.025,-0.088,-0.016,0.000,0.000,0,,0,,,,617985,418.56,0
508,1261.450,"Mount",0.425,0.050,-0.360,-0.231,-0.227,0.000,55,E,0,,,,613955,378.88,0
509,1263.946,"Mount",0.355,-0.219,-0.415,0.041,-0.277,0.000,67,E,0,,,,579500,366.09,0
510,1266.129,"Mount",0.007,-0.047,-0.027,0.039,0.000,0.000,0,,0,,,,599328,397.46,0
511,1268.658,"Mount",-0.392,0.047,0.373,0.130,0.235,0.000,57,W,0,,,,582360,401.36,0
512,1270.917,"Mount",-0.186,-0.014,0.161,0.094,0.118,0.000,28,W,0,,,,571551,308.75,0
513,1273.250,"Mount",0.011,-0.042,-0.028,0.032,0.000,0.000,0,,0,,,,557118,347.27,0
514,1275.488,"Mount",-0.011,0.021,0.019,-0.014,0.000,0.000,0,,0,,,,576739,377.98,0
515,1278.256,"Mount",0.336,-0.325,-0.445,0.145,-0.280,0.000,68,E,0,,,,610765,378.83,0
516,1280.526,"Mount",0.130,-0.221,-0.213,0.141,-0.154,0.000,37,E,0,,,,610745,407.46,0
517,1283.067,"Mount",0.337,-0.425,-0.489,0.234,-0.319,0.000,77,E,0,,,,565725,375.37,0
518,1285.290,"Mount",0.120,-0.219,-0.203,0.144,-0.150,0.000,36,E,0,,,,600483,393.02,0
519,1287.770,"Mount",0.628,-0.159,-0.634,-0.132,-0.410,0.000,99,E,0,,,,589356,370.50,0
520,1289.917,"Mount",-0.068,-0.095,0.019,0.115,0.000,0.000,0,,0,,,,595252,395.11,0
521,1292.336,"Mount",-0.087,-0.034,0.063,0.068,0.000,0.000,0,,0,,,,595320,372.56,0
522,1294.610,"Mount",-0.066,-0.064,0.032,0.087,0.000,0.000,0,,0,,,,596433,410.80,0
523,1297.138,"Mount",0.299,-0.205,-0.359,0.053,-0.226,0.000,55,E,0,,,,582469,398.33,0
524,1299.295,"Mount",0.010,0.009,-0.005,-0.013,0.000,0.000,0,,0,,,,582881,355.39,0
525,1301.704,"Mount",0.039,-0.204,-0.125,0.166,0.000,0.000,0,,0,,,,548110,372.24,0
526,1303.934,"Mount",0.027,-0.132,-0.083,0.107,0.000,0.000,0,,0,,,,607250,402.81,0
527,1306.426,"Mount",0.178,-0.202,-0.248,0.103,-0.156,0.000,38,E,0,,,,592581,382.55,0
528,1308.817,"Mount",0.105,-0.268,-0.212,0.194,-0.145,0.000,35,E,0,,,,599512,349.57,0
529,1311.269,"Mount",0.363,-0.093,-0.367,-0.075,-0.241,0.000,58,E,0,,,,593435,383.93,0
530,1313.479,"Mount",-0.006,-0.100,-0.039,0.092,0.000,0.000,0,,0,,,,622282,397.98,0
531,1315.877,"Mount",0.002,0.115,0.049,-0.104,0.000,0.000,0,,0,,,,607101,402.93,0
532,1318.122,"Mount",-0.051,-0.176,-0.032,0.180,0.000,0.000,0,,0,,,,570259,429.14,0
533,1320.648,"Mount",0.188,-0.088,-0.207,-0.003,-0.131,0.000,32,E,0,,,,568387,385.76,0
534,1322.909,"Mount",0.056,-0.226,-0.150,0.178,-0.103,0.000,25,E,0,,,,579131,415.36,0
535,1325.241,"Mount",-0.057,-0.048,0.030,0.068,0.000,0.000,0,,0,,,,597556,406.30,0
536,1327.561,"Mount",0.128,-0.257,-0.228,0.175,-0.143,0.000,35,E,0,,,,582858,383.18,0
537,1329.941,"Mount",-0.037,-0.197,-0.053,0.194,0.000,0.000,0,,0,,,,599924,377.98,0
538,1332.207,"Mount",0.036,0.001,-0.032,-0.017,0.000,0.000,0,,0,,,,608333,399.63,0
539,1334.604,"Mount",-0.163,-0.087,0.108,0.150,0.000,0.000,0,,0,,,,574426,364.62,0
540,1336.914,"Mount",0.229,0.110,-0.158,-0.199,-0.100,0.000,24,E,0,,,,620226,402.87,0
541,1339.308,"Mount",-0.118,-0.086,0.069,0.129,0.000,0.000,0,,0,,,,571363,357.92,0
542,1341.594,"Mount",0.121,-0.116,-0.160,0.051,-0.101,0.000,24,E,0,,,,587513,387.34,0
543,1344.041,"Mount",0.215,-0.260,-0.307,0.140,-0.201,0.000,48,E,0,,,,583297,387.84,0
544,1346.290,"Mount",0.311,-0.263,-0.394,0.100,-0.262,0.000,63,E,0,,,,575006,348.87,0
545,1348.693,"Mount",0.199,-0.132,-0.237,0.031,-0.168,0.000,41,E,0,,,,610414,407.14,0
546,1350.841,"Mount",-0.142,-0.137,0.068,0.186,0.000,0.000,0,,0,,,,565945,367.34,0
547,1353.289,"Mount",-0.054,0.134,0.107,-0.097,0.000,0.000,0,,0,,,,567489,371.42,0
548,1355.595,"Mount",-0.244,-0.038,0.203,0.142,0.128,0.000,31,W,0,,,,591283,375.40,0
549,1358.148,"Mount",-0.479,0.118,0.482,0.105,0.313,0.000,75,W,0,,,,586726,391.34,0
550,1360.308,"Mount",-0.108,-0.183,0.016,0.212,0.000,0.000,0,,0,,,,602456,414.94,0
551,1362.717,"Mount",-0.043,-0.061,0.012,0.073,0.000,0.000,0,,0,,,,571540,404.14,0
552,1365.044,"Mount",0.122,-0.063,-0.137,0.003,-0.086,0.000,21,E,0,,,,583021,411.11,0
553,1367.547,"Mount",0.155,-0.180,-0.218,0.094,-0.143,0.000,35,E,0,,,,582329,346.09,0
554,1369.812,"Mount",0.198,0.169,-0.103,-0.239,0.000,-0.239,0,,50,N,,,597445,367.58,0
555,1372.126,"Mount",-0.183,-0.424,-0.022,0.461,0.000,0.000,0,,0,,,,594398,369.31,0
556,1374.466,"Mount",0.126,-0.416,-0.296,0.318,-0.186,0.000,45,E,0,,,,582595,369.91,0
557,1376.783,"Mount",-0.040,-0.116,-0.015,0.122,0.000,0.000,0,,0,,,,606256,343.56,0
558,1379.122,"Mount",-0.161,-0.026,0.134,0.094,0.084,0.000,20,W,0,,,,560796,335.53,0
559,1381.511,"Mount",-0.050,-0.017,0.037,0.037,0.000,0.000,0,,0,,,,586171,380.58,0
560,1383.862,"Mount",-0.059,-0.318,-0.086,0.312,0.000,0.000,0,,0,,,,607331,404.66,0
561,1388.146,"Mount",0.194,-0.339,-0.323,0.219,-0.203,0.219,49,E,1626,S,,,567966,365.88,0
562,1390.579,"Mount",0.231,-0.213,-0.301,0.090,-0.204,0.000,49,E,0,,,,562167,349.49,0
563,1392.851,"Mount",0.272,-0.138,-0.305,0.005,-0.206,0.000,50,E,0,,,,586702,392.52,0
564,1395.219,"Mount",-0.006,0.210,0.097,-0.186,0.000,0.000,0,,0,,,,592004,395.70,0
565,1397.469,"Mount",0.123,0.047,-0.090,-0.096,0.000,0.000,0,,0,,,,589812,380.28,0
566,1400.010,"Mount",-0.473,0.507,0.648,-0.248,0.408,0.000,99,W,0,,,,605380,392.77,0
567,1402.215,"Mount",0.020,0.108,0.029,-0.106,0.000,0.000,0,,0,,,,571721,368.14,0
568,1404.632,"Mount",0.072,0.153,0.003,-0.169,0.000,0.000,0,,0,,,,603940,350.78,0
569,1406.996,"Mount",0.451,-0.173,-0.481,-0.043,-0.303,0.000,73,E,0,,,,609414,387.50,0
570,1409.459,"Mount",0.347,-0.140,-0.373,-0.027,-0.256,0.000,62,E,0,,,,605522,360.51,0
571,1411.698,"Mount",0.408,-0.018,-0.375,-0.163,-0.254,0.000,61,E,0,,,,580368,372.81,0
572,1414.033,"Mount",0.123,0.052,-0.088,-0.100,0.000,0.000,0,,0,,,,590311,354.61,0
573,1416.268,"Mount",-0.050,0.008,0.049,0.015,0.000,0.000,0,,0,,,,569885,362.30,0
574,1418.914,"Mount",-0.422,-0.034,0.365,0.216,0.230,0.216,56,W,45,S,,,621635,402.27,0
575,1421.127,"Mount",0.067,0.060,-0.034,-0.083,0.000,0.000,0,,0,,,,603566,395.52,0
576,1423.645,"Mount",-0.016,0.196,0.101,-0.169,0.000,0.000,0,,0,,,,622904,388.35,0
577,1425.900,"Mount",-0.035,-0.002,0.031,0.017,0.000,0.000,0,,0,,,,615110,364.24,0
578,1428.430,"Mount",0.530,-0.006,-0.479,-0.227,-0.302,0.000,73,E,0,,,,564699,382.34,0
579,1430.770,"Mount",0.597,-0.074,-0.569,-0.196,-0.380,0.000,92,E,0,,,,601971,370.76,0
580,1433.100,"Mount",0.149,0.099,-0.091,-0.154,0.000,0.000,0,,0,,,,577524,370.66,0
581,1435.540,"Mount",0.111,0.081,-0.064,-0.121,0.000,0.000,0,,0,,,,589490,378.91,0
582,1438.077,"Mount",0.513,0.090,-0.422,-0.306,-0.266,0.000,64,E,0,,,,568552,340.76,0
583,1440.248,"Mount",0.059,0.248,0.056,-0.249,0.000,0.000,0,,0,,,,574526,367.86,0
584,1442.706,"Mount",0.164,0.039,-0.130,-0.108,-0.082,0.000,20,E,0,,,,598759,356.75,0
585,1444.963,"Mount",-0.144,0.156,0.198,-0.078,0.119,0.000,29,W,0,,,,600554,382.36,0
586,1447.412,"Mount",0.273,-0.016,-0.253,-0.106,-0.151,0.000,36,E,0,,,,600581,401.87,0
587,1449.564,"Mount",0.076,0.092,-0.028,-0.116,0.000,0.000,0,,0,,,,589457,357.86,0
588,1452.067,"Mount",0.397,-0.022,-0.366,-0.155,-0.231,0.000,56,E,0,,,,603566,379.48,0
589,1454.215,"Mount",0.033,0.187,0.052,-0.183,0.000,0.000,0,,0,,,,594449,357.05,0
590,1456.620,"Mount",0.164,0.193,-0.062,-0.246,0.000,0.000,0,,0,,,,615966,377.50,0
591,1458.880,"Mount",0.187,0.150,-0.103,-0.217,0.000,0.000,0,,0,,,,592595,368.06,0
592,1461.403,"Mount",0.143,-0.061,-0.155,-0.008,-0.098,0.000,24,E,0,,,,578008,375.09,0
593,1465.402,"Mount",-0.160,0.398,0.318,-0.287,0.194,-0.287,47,W,1640,N,,,604899,366.17,0
594,1467.904,"Mount",-0.404,0.015,0.370,0.164,0.247,0.000,60,W,0,,,,562602,371.67,0
595,1470.082,"Mount",-0.115,-0.171,0.028,0.204,0.000,0.000,0,,0,,,,603912,392.80,0
596,1472.523,"Mount",-0.079,-0.422,-0.114,0.414,0.000,0.000,0,,0,,,,605723,405.74,0
597,1474.830,"Mount",0.160,-0.374,-0.308,0.266,-0.194,0.000,47,E,0,,,,606269,388.13,0
598,1477.150,"Mount",-0.212,-0.296,0.061,0.359,0.000,0.000,0,,0,,,,606628,402.61,0
599,1479.391,"Mount",-0.158,-0.143,0.079,0.197,0.000,0.000,0,,0,,,,557120,338.29,0
600,1481.963,"Mount",-0.867,0.258,0.892,0.149,0.562,0.000,136,W,0,,,,608200,414.15,0
601,1484.194,"Mount",-0.334,-0.019,0.291,0.163,0.223,0.000,54,W,0,,,,589072,383.23,0
602,1486.532,"Mount",-0.123,-0.044,0.092,0.094,0.000,0.000,0,,0,,,,563898,332.65,0
603,1488.789,"Mount",-0.010,-0.263,-0.107,0.240,0.000,0.000,0,,0,,,,578422,389.09,0
604,1491.256,"Mount",-0.123,-0.406,-0.068,0.419,0.000,0.000,0,,0,,,,597638,397.56,0
605,1493.673,"Mount",0.053,-0.329,-0.192,0.272,-0.121,0.000,29,E,0,,,,575350,388.08,0
606,1497.858,"Mount",-0.263,-0.342,0.086,0.423,0.000,0.423,0,,1669,S,,,607309,400.35,0
607,1500.226,"Mount",0.141,0.184,-0.045,-0.227,0.000,0.000,0,,0,,,,570049,344.89,0
608,1502.579,"Mount",-0.127,0.204,0.204,-0.128,0.129,0.000,31,W,0,,,,598557,391.51,0
609,1505.010,"Mount",-0.466,0.098,0.462,0.117,0.300,0.000,72,W,0,,,,621245,413.75,0
610,1507.338,"Mount",-0.837,0.427,0.939,-0.017,0.613,0.000,148,W,0,,,,581970,369.83,0
611,1509.651,"Mount",-0.087,-0.023,0.068,0.058,0.000,0.000,0,,0,,,,599107,385.48,0
612,1511.895,"Mount",0.006,0.106,0.041,-0.098,0.000,0.000,0,,0,,,,586744,392.48,0
613,1514.304,"Mount",0.005,-0.010,-0.009,0.007,0.000,0.000,0,,0,,,,580894,359.69,0
614,1516.894,"Mount",-0.302,-0.117,0.220,0.238,0.138,0.238,33,W,50,S,,,574727,380.64,0
615,1519.225,"Mount",0.027,-0.050,-0.046,0.033,0.000,0.000,0,,0,,,,557918,380.77,0
616,1521.466,"Mount",-0.095,0.059,0.112,-0.011,0.000,0.000,0,,0,,,,545211,347.31,0
617,1523.970,"Mount",-0.450,0.175,0.481,0.040,0.303,0.000,73,W,0,,,,590366,372.28,0
618,1526.290,"Mount",-0.551,0.588,0.753,-0.287,0.496,0.000,120,W,0,,,,575216,359.09,0
619,1528.722,"Mount",-0.176,0.193,0.243,-0.096,0.188,0.000,45,W,0,,,,573780,394.80,0
620,1530.978,"Mount",-0.181,0.071,0.194,0.016,0.135,0.000,33,W,0,,,,567691,346.36,0
621,1533.338,"Mount",-0.096,0.003,0.087,0.039,0.000,0.000,0,,0,,,,553863,373.67,0
622,1535.625,"Mount",0.025,0.041,-0.005,-0.048,0.000,0.000,0,,0,,,,584120,391.19,0
623,1538.049,"Mount",-0.049,0.083,0.081,-0.053,0.000,0.000,0,,0,,,,564727,375.19,0
624,1540.299,"Mount",-0.061,0.149,0.120,-0.107,0.000,0.000,0,,0,,,,563216,360.31,0
625,1542.741,"Mount",0.141,0.071,-0.095,-0.125,0.000,0.000,0,,0,,,,566140,342.92,0
626,1545.155,"Mount",-0.145,0.078,0.165,-0.007,0.104,0.000,25,W,0,,,,586277,388.60,0
627,1547.659,"Mount",-0.321,0.110,0.337,0.042,0.220,0.000,53,W,0,,,,569947,369.97,0
628,1549.926,"Mount",-0.248,0.155,0.291,-0.030,0.199,0.000,48,W,0,,,,574929,372.93,0
629,1552.268,"Mount",0.066,0.113,-0.010,-0.130,0.000,0.000,0,,0,,,,581620,410.76,0
INFO: SET LOCK POSITION, new lock pos = 976.804, 448.349
INFO: DITHER by -3.067, 3.087, new lock pos = 978.205, 444.229
INFO: SETTLING STATE CHANGE, Settling started
630,1557.994,"Mount",-1.401,4.120,3.067,-3.087,3.067,-3.087,741,W,2206,N,,,578652,349.61,0
631,1561.106,"Mount",2.296,1.639,-1.343,-2.480,-0.846,-2.480,204,E,521,N,,,582252,395.33,0
632,1564.194,"Mount",1.689,1.633,-0.801,-2.208,-0.564,-2.208,136,E,464,N,,,623901,361.72,0
633,1567.098,"Mount",0.173,1.928,0.690,-1.808,0.395,-1.808,95,W,380,N,,,581095,384.03,0
634,1569.746,"Mount",0.334,1.581,0.394,-1.567,0.276,-1.567,67,W,329,N,,,619645,411.16,0
635,1572.306,"Mount",0.438,0.872,-0.010,-0.976,0.000,-0.976,0,,205,N,,,580210,373.98,0
636,1574.658,"Mount",0.288,0.571,-0.008,-0.639,0.000,-0.639,0,,134,N,,,610510,394.25,0
637,1577.116,"Mount",0.545,-0.136,-0.549,-0.117,-0.346,0.000,84,E,0,,,,600130,370.84,0
638,1579.418,"Mount",0.441,-0.036,-0.413,-0.161,-0.284,0.000,69,E,0,,,,605468,377.96,0
639,1581.831,"Mount",0.299,-0.047,-0.289,-0.089,-0.202,0.000,49,E,0,,,,597413,347.10,0
640,1583.965,"Mount",0.022,-0.051,-0.042,0.037,0.000,0.000,0,,0,,,,585479,358.19,0
INFO: SETTLING STATE CHANGE, Settling complete
641,1586.511,"Mount",0.354,-0.090,-0.358,-0.075,-0.225,0.000,54,E,0,,,,577023,357.08,0
642,1588.760,"Mount",0.004,-0.034,-0.019,0.029,0.000,0.000,0,,0,,,,588056,358.97,0
643,1591.274,"Mount",0.238,-0.031,-0.228,-0.077,-0.143,0.000,35,E,0,,,,580647,353.64,0
644,1593.562,"Mount",0.242,0.045,-0.198,-0.146,-0.135,0.000,33,E,0,,,,594799,362.04,0
645,1595.882,"Mount",0.094,-0.050,-0.107,0.004,0.000,0.000,0,,0,,,,597200,350.38,0
646,1598.254,"Mount",0.308,-0.302,-0.409,0.136,-0.258,0.000,62,E,0,,,,637699,409.70,0
647,1600.702,"Mount",0.334,-0.034,-0.315,-0.116,-0.217,0.000,52,E,0,,,,635946,385.26,0
648,1602.860,"Mount",0.150,0.031,-0.121,-0.094,0.000,0.000,0,,0,,,,592474,377.27,0
649,1605.389,"Mount",0.174,-0.246,-0.264,0.145,-0.167,0.000,40,E,0,,,,595082,362.59,0
650,1607.713,"Mount",0.442,-0.030,-0.411,-0.167,-0.270,0.000,65,E,0,,,,625532,387.91,0
651,1610.035,"Mount",0.030,-0.007,-0.029,-0.007,0.000,0.000,0,,0,,,,576736,343.27,0
652,1612.469,"Mount",-0.277,0.165,0.321,-0.027,0.202,0.000,49,W,0,,,,579810,355.19,0
653,1614.886,"Mount",0.252,-0.241,-0.333,0.106,-0.195,0.000,47,E,0,,,,582133,358.37,0
654,1617.124,"Mount",-0.007,-0.298,-0.125,0.271,0.000,0.000,0,,0,,,,593776,373.02,0
655,1619.665,"Mount",0.422,-0.148,-0.444,-0.052,-0.280,0.000,68,E,0,,,,601495,338.00,0
656,1621.930,"Mount",0.357,-0.190,-0.404,0.014,-0.274,0.000,66,E,0,,,,595800,375.10,0
657,1624.381,"Mount",0.438,-0.325,-0.536,0.100,-0.357,0.000,86,E,0,,,,590412,396.21,0
658,1626.650,"Mount",0.121,-0.123,-0.163,0.057,-0.128,0.000,31,E,0,,,,603450,383.94,0
659,1629.131,"Mount",-0.337,0.068,0.333,0.087,0.201,0.000,48,W,0,,,,584283,417.11,0
660,1631.410,"Mount",-0.265,-0.002,0.237,0.118,0.163,0.000,39,W,0,,,,608914,373.57,0
661,1633.842,"Mount",-0.423,0.126,0.436,0.072,0.286,0.000,69,W,0,,,,577772,426.69,0
662,1635.990,"Mount",0.010,0.128,0.048,-0.120,0.000,0.000,0,,0,,,,634613,438.38,0
663,1638.563,"Mount",0.430,-0.239,-0.491,0.026,-0.309,0.000,75,E,0,,,,589347,416.39,0
664,1640.819,"Mount",0.350,-0.231,-0.416,0.054,-0.284,0.000,69,E,0,,,,583585,383.18,0
665,1643.270,"Mount",0.214,-0.365,-0.353,0.234,-0.242,0.000,59,E,0,,,,603185,384.81,0
666,1645.420,"Mount",-0.089,0.002,0.081,0.038,0.000,0.000,0,,0,,,,620706,361.50,0
667,1647.946,"Mount",0.329,-0.121,-0.349,-0.036,-0.220,0.000,53,E,0,,,,598281,349.51,0
668,1650.218,"Mount",-0.071,0.239,0.168,-0.183,0.091,0.000,22,W,0,,,,591050,409.96,0
669,1652.767,"Mount",-0.337,0.169,0.377,-0.004,0.244,0.000,59,W,0,,,,610203,393.61,0
670,1655.023,"Mount",-0.347,0.061,0.339,0.097,0.230,0.000,56,W,0,,,,582622,378.87,0
671,1657.462,"Mount",-0.375,0.086,0.375,0.087,0.252,0.000,61,W,0,,,,597391,368.11,0
672,1659.692,"Mount",0.220,-0.055,-0.221,-0.047,-0.122,0.000,29,E,0,,,,586014,369.43,0
673,1662.151,"Mount",0.018,-0.053,-0.039,0.040,0.000,0.000,0,,0,,,,589683,389.17,0
674,1664.458,"Mount",0.137,-0.123,-0.177,0.051,-0.111,0.000,27,E,0,,,,610767,416.43,0
675,1666.812,"Mount",-0.075,-0.033,0.052,0.063,0.000,0.000,0,,0,,,,598071,369.34,0
676,1669.124,"Mount",0.014,-0.065,-0.041,0.052,0.000,0.000,0,,0,,,,587133,364.73,0
677,1671.535,"Mount",-0.007,-0.008,0.003,0.010,0.000,0.000,0,,0,,,,587122,384.67,0
678,1673.768,"Mount",-0.113,0.035,0.117,0.018,0.000,0.000,0,,0,,,,585327,380.16,0
679,1676.259,"Mount",-0.308,0.134,0.335,0.015,0.211,0.000,51,W,0,,,,599822,370.79,0
680,1678.424,"Mount",-0.164,-0.224,0.049,0.273,0.000,0.000,0,,0,,,,594156,380.06,0
681,1680.833,"Mount",0.082,-0.115,-0.125,0.067,0.000,0.000,0,,0,,,,583731,378.12,0
682,1683.252,"Mount",0.309,-0.087,-0.315,-0.058,-0.199,0.000,48,E,0,,,,625698,422.97,0
683,1685.672,"Mount",0.276,-0.191,-0.332,0.050,-0.223,0.000,54,E,0,,,,606641,410.89,0
684,1687.826,"Mount",-0.068,-0.103,0.016,0.123,0.000,0.000,0,,0,,,,592893,408.77,0
685,1690.338,"Mount",-0.343,0.053,0.331,0.103,0.209,0.000,50,W,0,,,,597314,377.95,0
686,1692.504,"Mount",-0.035,-0.210,-0.060,0.204,0.000,0.000,0,,0,,,,593280,367.06,0
687,1694.897,"Mount",-0.113,-0.108,0.055,0.147,0.000,0.000,0,,0,,,,569428,371.07,0
688,1697.147,"Mount",-0.162,-0.040,0.128,0.107,0.000,0.000,0,,0,,,,593405,358.59,0
689,1699.650,"Mount",-0.347,0.199,0.399,-0.027,0.251,0.000,61,W,0,,,,573923,360.08,0
690,1701.805,"Mount",-0.018,0.072,0.048,-0.057,0.000,0.000,0,,0,,,,582574,367.04,0
691,1704.344,"Mount",0.174,-0.198,-0.244,0.102,-0.153,0.000,37,E,0,,,,575411,394.34,0
692,1706.596,"Mount",0.000,-0.299,-0.131,0.269,-0.094,0.000,23,E,0,,,,608189,375.10,0
693,1709.044,"Mount",0.172,-0.156,-0.223,0.065,-0.147,0.000,36,E,0,,,,614169,454.13,0
694,1711.235,"Mount",-0.028,-0.036,0.010,0.044,0.000,0.000,0,,0,,,,609624,366.12,0
695,1713.701,"Mount",-0.136,-0.006,0.119,0.065,0.000,0.000,0,,0,,,,595573,369.61,0
696,1716.082,"Mount",-0.438,0.095,0.436,0.107,0.274,0.000,66,W,0,,,,579235,355.18,0
697,1718.554,"Mount",-0.489,0.025,0.450,0.192,0.303,0.000,73,W,0,,,,578200,363.16,0
698,1720.818,"Mount",-0.440,0.026,0.407,0.170,0.278,0.000,67,W,0,,,,582402,359.03,0
699,1723.210,"Mount",-0.021,-0.052,-0.005,0.056,0.000,0.000,0,,0,,,,608977,376.60,0
700,1725.441,"Mount",0.091,0.027,-0.070,-0.064,0.000,0.000,0,,0,,,,589969,393.79,0
701,1727.980,"Mount",0.188,-0.198,-0.256,0.095,-0.161,0.000,39,E,0,,,,610015,412.35,0
702,1730.195,"Mount",0.127,-0.125,-0.169,0.057,-0.118,0.000,28,E,0,,,,618843,388.22,0
703,1732.559,"Mount",-0.034,-0.126,-0.025,0.128,0.000,0.000,0,,0,,,,580283,391.36,0
704,1734.870,"Mount",0.005,-0.054,-0.028,0.046,0.000,0.000,0,,0,,,,603877,383.65,0
705,1737.467,"Mount",0.247,-0.205,-0.312,0.075,-0.196,0.000,47,E,0,,,,602200,372.10,0
706,1739.702,"Mount",-0.308,0.154,0.345,-0.003,0.203,0.000,49,W,0,,,,576477,360.92,0
707,1742.096,"Mount",-0.127,0.103,0.159,-0.037,0.115,0.000,28,W,0,,,,581235,372.54,0
708,1744.387,"Mount",-0.372,0.327,0.478,-0.131,0.309,0.000,75,W,0,,,,577166,343.24,0
709,1746.827,"Mount",0.355,-0.283,-0.443,0.099,-0.258,0.000,62,E,0,,,,590000,343.13,0
710,1749.114,"Mount",0.045,-0.226,-0.139,0.184,-0.106,0.000,26,E,0,,,,596556,390.34,0
711,1751.497,"Mount",0.049,-0.113,-0.094,0.080,0.000,0.000,0,,0,,,,603239,378.08,0
712,1753.802,"Mount",-0.173,0.017,0.163,0.060,0.103,0.000,25,W,0,,,,566910,347.94,0
713,1756.261,"Mount",-0.003,-0.122,-0.051,0.111,0.000,0.000,0,,0,,,,587394,378.34,0
714,1758.593,"Mount",-0.051,-0.063,0.018,0.079,0.000,0.000,0,,0,,,,624155,402.22,0
715,1761.114,"Mount",-0.364,-0.157,0.258,0.301,0.163,0.000,39,W,0,,,,580384,357.86,0
716,1763.408,"Mount",-0.319,0.058,0.312,0.088,0.208,0.000,50,W,0,,,,591583,365.49,0
717,1765.914,"Mount",-0.133,0.032,0.133,0.030,0.098,0.000,24,W,0,,,,580529,357.45,0
718,1768.211,"Mount",0.155,-0.218,-0.235,0.128,-0.141,0.000,34,E,0,,,,587496,366.86,0
719,1770.650,"Mount",0.088,-0.142,-0.142,0.089,-0.099,0.000,24,E,0,,,,573718,393.72,0
720,1772.942,"Mount",-0.230,0.062,0.234,0.046,0.140,0.000,34,W,0,,,,578437,394.07,0
721,1775.386,"Mount",-0.225,0.116,0.253,-0.006,0.169,0.000,41,W,0,,,,584692,392.11,0
722,1777.621,"Mount",-0.134,-0.023,0.111,0.080,0.000,0.000,0,,0,,,,590481,368.50,0
723,1780.157,"Mount",-0.327,0.089,0.332,0.063,0.209,0.000,51,W,0,,,,597474,403.00,0
724,1782.397,"Mount",-0.430,-0.005,0.384,0.193,0.257,0.000,62,W,0,,,,597650,395.02,0
725,1784.726,"Mount",-0.054,-0.030,0.035,0.051,0.000,0.000,0,,0,,,,602192,399.79,0
726,1786.981,"Mount",0.072,-0.057,-0.090,0.020,0.000,0.000,0,,0,,,,592087,360.44,0
727,1789.410,"Mount",-0.133,0.001,0.120,0.058,0.000,0.000,0,,0,,,,583385,380.79,0
728,1791.640,"Mount",0.036,0.018,-0.024,-0.032,0.000,0.000,0,,0,,,,578125,366.41,0
729,1794.055,"Mount",-0.144,-0.057,0.105,0.114,0.000,0.000,0,,0,,,,573952,361.07,0
730,1796.293,"Mount",-0.001,-0.142,-0.061,0.129,0.000,0.000,0,,0,,,,592655,363.14,0
731,1798.851,"Mount",-0.487,0.152,0.505,0.077,0.318,0.000,77,W,0,,,,556859,373.70,0
732,1801.147,"Mount",-0.479,0.032,0.445,0.181,0.302,0.000,73,W,0,,,,591622,400.26,0
733,1803.765,"Mount",-0.720,0.335,0.794,0.015,0.521,0.000,126,W,0,,,,569843,365.53,0
734,1806.107,"Mount",-0.426,0.171,0.458,0.033,0.325,0.000,78,W,0,,,,618692,373.30,0
735,1808.456,"Mount",0.108,-0.066,-0.126,0.012,0.000,0.000,0,,0,,,,598803,378.82,0
736,1810.690,"Mount",-0.105,0.027,0.107,0.022,0.000,0.000,0,,0,,,,571169,369.33,0
737,1813.186,"Mount",-0.144,0.061,0.156,0.008,0.099,0.000,24,W,0,,,,585933,352.12,0
738,1815.466,"Mount",-0.388,0.187,0.431,0.003,0.278,0.000,67,W,0,,,,567103,372.30,0
739,1818.010,"Mount",0.205,-0.144,-0.248,0.039,-0.137,0.000,33,E,0,,,,569720,346.48,0
740,1820.255,"Mount",-0.288,0.242,0.365,-0.091,0.220,0.000,53,W,0,,,,600306,396.57,0
741,1822.691,"Mount",-0.235,0.074,0.244,0.036,0.169,0.000,41,W,0,,,,577138,344.83,0
742,1824.964,"Mount",-0.466,0.246,0.527,-0.017,0.344,0.000,83,W,0,,,,570217,356.48,0
743,1827.291,"Mount",-0.103,0.021,0.102,0.027,0.000,0.000,0,,0,,,,583762,376.57,0
744,1829.567,"Mount",-0.066,-0.034,0.044,0.059,0.000,0.000,0,,0,,,,595278,387.36,0
745,1832.026,"Mount",0.090,-0.135,-0.141,0.082,-0.089,0.000,21,E,0,,,,588829,355.33,0
746,1834.201,"Mount",-0.074,-0.099,0.023,0.121,0.000,0.000,0,,0,,,,569187,378.90,0
747,1836.618,"Mount",-0.085,-0.056,0.051,0.087,0.000,0.000,0,,0,,,,596479,418.23,0
748,1838.896,"Mount",-0.200,-0.116,0.129,0.192,0.000,0.000,0,,0,,,,568585,345.16,0
749,1841.317,"Mount",-0.061,0.011,0.060,0.017,0.000,0.000,0,,0,,,,571179,355.67,0
750,1843.624,"Mount",-0.096,-0.101,0.042,0.133,0.000,0.000,0,,0,,,,580992,369.82,0
751,1846.031,"Mount",-0.032,0.172,0.104,-0.140,0.000,0.000,0,,0,,,,578765,369.45,0
752,1848.386,"Mount",-0.200,0.120,0.232,-0.020,0.146,0.000,35,W,0,,,,599614,379.96,0
753,1850.764,"Mount",0.098,-0.119,-0.141,0.064,-0.078,0.000,19,E,0,,,,596063,361.79,0
754,1853.064,"Mount",0.169,0.190,-0.068,-0.245,0.000,-0.245,0,,51,N,,,576306,409.88,0
755,1855.461,"Mount",0.161,-0.200,-0.233,0.109,-0.147,0.000,35,E,0,,,,599800,356.69,0
756,1857.755,"Mount",0.347,-0.294,-0.441,0.112,-0.288,0.000,70,E,0,,,,602892,375.85,0
757,1860.119,"Mount",-0.012,-0.149,-0.054,0.139,0.000,0.000,0,,0,,,,564253,351.29,0
758,1862.482,"Mount",0.132,-0.270,-0.237,0.185,-0.150,0.000,36,E,0,,,,600226,397.87,0
759,1864.923,"Mount",-0.447,0.044,0.421,0.157,0.255,0.000,62,W,0,,,,583384,377.24,0
760,1867.238,"Mount",-0.419,-0.082,0.341,0.257,0.233,0.000,56,W,0,,,,588154,368.99,0
761,1869.756,"Mount",-0.487,-0.184,0.357,0.379,0.241,0.000,58,W,0,,,,599548,376.46,0
762,1871.954,"Mount",-0.003,-0.378,-0.163,0.340,-0.086,0.000,21,E,0,,,,601603,417.28,0
763,1874.440,"Mount",0.263,-0.348,-0.389,0.197,-0.251,0.000,61,E,0,,,,616048,355.09,0
764,1878.386,"Mount",0.306,-0.487,-0.489,0.303,-0.326,0.303,79,E,1622,S,,,622369,406.09,0
765,1881.171,"Mount",-0.324,-1.104,-0.193,1.134,-0.145,1.134,35,E,238,S,,,597231,378.95,0
766,1883.578,"Mount",-0.466,-0.841,0.049,0.960,0.000,0.960,0,,202,S,,,584042,360.93,0
767,1886.236,"Mount",0.156,-1.045,-0.599,0.871,-0.377,0.871,91,E,183,S,,,584935,363.23,0
768,1888.594,"Mount",-0.290,-0.697,-0.046,0.754,0.000,0.754,0,,158,S,,,589444,384.00,0
769,1891.212,"Mount",0.051,-0.810,-0.401,0.706,-0.253,0.706,61,E,148,S,,,575436,338.84,0
770,1893.594,"Mount",-0.334,-0.648,0.016,0.729,0.000,0.729,0,,153,S,,,588701,362.10,0
771,1896.146,"Mount",0.070,-0.609,-0.330,0.517,-0.208,0.517,50,E,109,S,,,592712,374.88,0
772,1898.480,"Mount",-0.175,-0.457,-0.043,0.487,0.000,0.487,0,,102,S,,,590764,363.31,0
773,1901.283,"Mount",0.037,-0.636,-0.313,0.555,-0.197,0.555,48,E,117,S,,,583450,362.74,0
774,1903.580,"Mount",-0.169,-0.471,-0.055,0.497,0.000,0.497,0,,104,S,,,591883,343.62,0
775,1906.002,"Mount",-0.077,-0.235,-0.034,0.245,0.000,0.245,0,,51,S,,,581261,375.39,0
776,1908.402,"Mount",0.184,-0.423,-0.351,0.299,-0.221,0.299,53,E,63,S,,,579256,373.09,0
777,1910.810,"Mount",-0.087,-0.238,-0.026,0.252,0.000,0.252,0,,53,S,,,581395,352.80,0
778,1913.218,"Mount",0.047,-0.493,-0.258,0.423,-0.163,0.423,39,E,89,S,,,599386,394.58,0
779,1915.617,"Mount",-0.136,-0.218,0.026,0.255,0.000,0.255,0,,54,S,,,580755,360.03,0
780,1918.024,"Mount",0.267,-0.494,-0.457,0.327,-0.288,0.327,70,E,69,S,,,592038,350.54,0
781,1920.466,"Mount",0.390,-0.093,-0.392,-0.087,-0.267,0.000,64,E,0,,,,574881,374.67,0
782,1922.830,"Mount",0.136,-0.324,-0.264,0.231,-0.185,0.231,45,E,49,S,,,593227,374.12,0
783,1925.210,"Mount",-0.146,0.023,0.141,0.043,0.076,0.000,18,W,0,,,,597467,381.52,0
784,1927.393,"Mount",0.050,-0.040,-0.062,0.014,0.000,0.000,0,,0,,,,576393,401.72,0
785,1929.792,"Mount",-0.069,-0.128,0.006,0.146,0.000,0.000,0,,0,,,,588367,395.03,0
786,1932.307,"Mount",-0.332,-0.081,0.263,0.218,0.166,0.218,40,W,46,S,,,599678,377.08,0
787,1934.641,"Mount",0.083,-0.094,-0.116,0.048,0.000,0.000,0,,0,,,,589107,369.20,0
788,1936.956,"Mount",0.100,-0.218,-0.186,0.152,-0.117,0.000,28,E,0,,,,588252,422.45,0
789,1939.484,"Mount",0.052,-0.347,-0.199,0.289,-0.133,0.289,32,E,61,S,,,609371,425.62,0
790,1941.772,"Mount",0.209,-0.225,-0.287,0.111,-0.190,0.000,46,E,0,,,,595288,360.84,0
791,1944.226,"Mount",0.362,-0.120,-0.378,-0.051,-0.251,0.000,61,E,0,,,,591069,346.71,0
792,1946.499,"Mount",0.202,-0.122,-0.235,0.021,-0.165,0.000,40,E,0,,,,582024,345.63,0
793,1948.940,"Mount",-0.277,0.095,0.291,0.036,0.172,0.000,41,W,0,,,,573067,384.88,0
794,1951.178,"Mount",-0.129,0.055,0.140,0.007,0.100,0.000,24,W,0,,,,602531,350.53,0
795,1953.666,"Mount",-0.317,0.198,0.371,-0.039,0.241,0.000,58,W,0,,,,584174,394.01,0
796,1955.954,"Mount",-0.490,0.474,0.649,-0.211,0.426,0.000,103,W,0,,,,593524,423.05,0
797,1958.338,"Mount",0.070,-0.198,-0.150,0.147,-0.065,0.000,16,E,0,,,,604552,358.65,0
798,1960.591,"Mount",-0.092,-0.014,0.077,0.053,0.000,0.000,0,,0,,,,585954,358.54,0
799,1963.227,"Mount",0.174,-0.074,-0.189,-0.010,-0.119,0.000,29,E,0,,,,600322,377.08,0
800,1965.466,"Mount",-0.161,0.043,0.163,0.032,0.094,0.000,23,W,0,,,,605170,356.92,0
801,1967.825,"Mount",0.072,-0.127,-0.121,0.082,0.000,0.000,0,,0,,,,583458,385.30,0
802,1970.160,"Mount",0.077,-0.195,-0.155,0.142,-0.098,0.000,24,E,0,,,,592393,380.57,0
803,1972.528,"Mount",0.044,-0.123,-0.093,0.091,0.000,0.000,0,,0,,,,587702,347.28,0
804,1974.810,"Mount",-0.209,-0.093,0.147,0.175,0.093,0.000,22,W,0,,,,592264,383.74,0
805,1977.317,"Mount",-0.368,0.006,0.333,0.156,0.217,0.000,52,W,0,,,,592136,372.21,0
806,1979.570,"Mount",-0.421,0.001,0.379,0.184,0.254,0.000,61,W,0,,,,580660,332.65,0
807,1981.954,"Mount",0.150,-0.169,-0.209,0.086,-0.114,0.000,27,E,0,,,,616247,375.96,0
808,1984.283,"Mount",0.433,-0.307,-0.524,0.085,-0.338,0.000,82,E,0,,,,603394,398.80,0
809,1986.687,"Mount",0.234,-0.105,-0.257,-0.008,-0.185,0.000,45,E,0,,,,606312,368.51,0
810,1988.922,"Mount",-0.110,0.093,0.139,-0.035,0.075,0.000,18,W,0,,,,589973,381.76,0
811,1991.412,"Mount",0.343,-0.190,-0.391,0.020,-0.241,0.000,58,E,0,,,,597456,404.93,0
812,1993.629,"Mount",-0.066,0.041,0.077,-0.008,0.000,0.000,0,,0,,,,588808,348.73,0
813,1996.139,"Mount",-0.289,0.164,0.332,-0.020,0.209,0.000,51,W,0,,,,569615,378.01,0
814,1998.442,"Mount",-0.386,0.119,0.399,0.063,0.266,0.000,64,W,0,,,,564690,375.21,0
815,2000.773,"Mount",-0.041,-0.197,-0.050,0.195,0.000,0.000,0,,0,,,,591142,355.00,0
816,2003.152,"Mount",0.198,-0.141,-0.240,0.040,-0.151,0.000,37,E,0,,,,592298,371.32,0
817,2005.549,"Mount",0.188,-0.050,-0.191,-0.038,-0.131,0.000,32,E,0,,,,594877,381.43,0
818,2007.840,"Mount",0.316,-0.126,-0.339,-0.026,-0.223,0.000,54,E,0,,,,597018,398.09,0
819,2010.242,"Mount",-0.030,0.251,0.137,-0.212,0.071,0.000,17,W,0,,,,600425,389.56,0
820,2012.570,"Mount",0.219,0.100,-0.153,-0.186,-0.091,0.000,22,E,0,,,,586460,363.42,0
821,2015.030,"Mount",-0.147,0.018,0.140,0.048,0.082,0.000,20,W,0,,,,590890,368.74,0
822,2017.189,"Mount",0.007,0.060,0.020,-0.057,0.000,0.000,0,,0,,,,570197,347.69,0
823,2019.706,"Mount",-0.308,0.150,0.342,0.000,0.216,0.000,52,W,0,,,,598759,375.07,0
824,2021.954,"Mount",-0.128,0.084,0.152,-0.019,0.111,0.000,27,W,0,,,,589090,369.88,0
825,2024.272,"Mount",0.029,0.124,0.029,-0.124,0.000,0.000,0,,0,,,,588921,398.85,0
826,2026.686,"Mount",0.320,-0.129,-0.344,-0.024,-0.217,0.000,52,E,0,,,,583802,337.33,0
827,2029.054,"Mount",-0.046,0.084,0.078,-0.055,0.000,0.000,0,,0,,,,561899,386.39,0
828,2031.285,"Mount",0.191,0.269,-0.054,-0.326,0.000,0.000,0,,0,,,,591401,373.88,0
829,2033.796,"Mount",0.452,-0.165,-0.479,-0.050,-0.302,0.000,73,E,0,,,,589914,428.01,0
830,2036.218,"Mount",0.657,-0.283,-0.714,-0.034,-0.471,0.000,114,E,0,,,,580748,354.41,0
831,2038.642,"Mount",-0.128,0.203,0.204,-0.126,0.095,0.000,23,W,0,,,,603658,374.75,0
832,2040.829,"Mount",-0.018,-0.030,0.003,0.035,0.000,0.000,0,,0,,,,579053,361.31,0
833,2043.347,"Mount",-0.160,0.188,0.227,-0.099,0.143,0.000,34,W,0,,,,610839,385.89,0
834,2045.547,"Mount",0.077,-0.054,-0.093,0.015,0.000,0.000,0,,0,,,,596841,415.09,0
835,2047.965,"Mount",0.075,-0.035,-0.083,-0.002,0.000,0.000,0,,0,,,,605578,367.96,0
836,2050.301,"Mount",0.287,-0.180,-0.337,0.035,-0.212,0.000,51,E,0,,,,620383,401.04,0
837,2052.634,"Mount",0.002,-0.055,-0.026,0.049,0.000,0.000,0,,0,,,,591456,406.50,0
838,2054.878,"Mount",0.124,0.070,-0.081,-0.118,0.000,0.000,0,,0,,,,597848,394.27,0
839,2057.772,"Mount",0.209,-0.132,-0.245,0.027,-0.155,0.000,37,E,0,,,,614584,363.13,0
840,2060.013,"Mount",0.230,-0.063,-0.234,-0.044,-0.158,0.000,38,E,0,,,,613316,415.05,0
841,2062.473,"Mount",-0.385,0.199,0.433,-0.010,0.262,0.000,63,W,0,,,,581136,350.19,0
842,2064.746,"Mount",-0.273,0.319,0.386,-0.167,0.261,0.000,63,W,0,,,,587695,370.47,0
843,2067.235,"Mount",0.154,0.006,-0.136,-0.073,-0.067,0.000,16,E,0,,,,605954,352.88,0
844,2069.562,"Mount",0.155,-0.119,-0.191,0.039,-0.125,0.000,30,E,0,,,,590407,370.03,0
845,2071.901,"Mount",-0.045,-0.042,0.022,0.058,0.000,0.000,0,,0,,,,603760,366.02,0
846,2074.202,"Mount",0.109,-0.100,-0.141,0.042,-0.089,0.000,22,E,0,,,,570132,382.29,0
847,2076.570,"Mount",-0.110,0.063,0.127,-0.008,0.000,0.000,0,,0,,,,611731,345.31,0
848,2078.956,"Mount",-0.339,0.310,0.441,-0.130,0.278,0.000,67,W,0,,,,584540,362.68,0
849,2081.280,"Mount",0.077,0.056,-0.045,-0.084,0.000,0.000,0,,0,,,,601492,383.28,0
850,2083.705,"Mount",-0.201,0.044,0.200,0.049,0.126,0.000,30,W,0,,,,602828,401.63,0
851,2086.123,"Mount",0.356,-0.094,-0.361,-0.072,-0.219,0.000,53,E,0,,,,593135,396.84,0
852,2088.414,"Mount",0.384,-0.125,-0.400,-0.057,-0.267,0.000,65,E,0,,,,597429,453.24,0
853,2090.803,"Mount",0.162,-0.001,-0.146,-0.070,-0.111,0.000,27,E,0,,,,596640,371.94,0
854,2093.001,"Mount",-0.027,0.012,0.030,0.001,0.000,0.000,0,,0,,,,587002,389.85,0
855,2095.413,"Mount",0.082,0.003,-0.072,-0.039,0.000,0.000,0,,0,,,,601216,367.69,0
856,2097.724,"Mount",-0.154,0.328,0.282,-0.227,0.178,0.000,43,W,0,,,,624723,405.39,0
857,2100.060,"Mount",0.031,0.133,0.031,-0.133,0.000,0.000,0,,0,,,,603677,374.09,0
858,2102.419,"Mount",-0.514,0.347,0.614,-0.086,0.387,0.000,93,W,0,,,,578360,378.12,0
859,2104.954,"Mount",-0.835,0.462,0.953,-0.049,0.628,0.000,152,W,0,,,,592885,391.00,0
860,2107.236,"Mount",-0.352,0.211,0.409,-0.035,0.302,0.000,73,W,0,,,,617031,358.01,0
861,2109.547,"Mount",0.067,0.022,-0.051,-0.049,0.000,0.000,0,,0,,,,594043,381.90,0
862,2111.887,"Mount",0.197,-0.108,-0.225,0.011,-0.142,0.000,34,E,0,,,,598858,405.85,0
863,2114.196,"Mount",0.054,0.016,-0.042,-0.038,0.000,0.000,0,,0,,,,586076,380.68,0
864,2116.538,"Mount",-0.197,0.235,0.280,-0.125,0.176,0.000,43,W,0,,,,572102,358.47,0
865,2118.889,"Mount",0.104,-0.003,-0.095,-0.043,0.000,0.000,0,,0,,,,601346,353.45,0
866,2121.379,"Mount",0.113,0.075,-0.068,-0.117,0.000,0.000,0,,0,,,,601508,417.17,0
867,2123.886,"Mount",-0.339,0.168,0.379,-0.002,0.239,0.000,58,W,0,,,,592772,411.83,0
868,2126.149,"Mount",-0.229,0.045,0.226,0.060,0.159,0.000,38,W,0,,,,605882,387.54,0
869,2128.479,"Mount",-0.065,0.088,0.097,-0.050,0.000,0.000,0,,0,,,,622603,400.15,0
870,2130.718,"Mount",0.045,0.036,-0.025,-0.052,0.000,0.000,0,,0,,,,604299,369.57,0
871,2133.324,"Mount",0.243,0.053,-0.195,-0.155,-0.123,0.000,30,E,0,,,,586052,374.35,0
872,2135.547,"Mount",0.184,-0.038,-0.182,-0.047,-0.123,0.000,30,E,0,,,,579968,357.20,0
873,2138.010,"Mount",-0.403,0.303,0.495,-0.096,0.303,0.000,73,W,0,,,,592179,402.61,0
874,2140.156,"Mount",0.008,0.017,0.000,-0.018,0.000,0.000,0,,0,,,,594571,350.83,0
875,2142.723,"Mount",-0.407,0.214,0.460,-0.013,0.290,0.000,70,W,0,,,,578786,388.29,0
876,2144.866,"Mount",-0.055,-0.027,0.037,0.048,0.000,0.000,0,,0,,,,589636,411.12,0
877,2147.386,"Mount",-0.218,0.346,0.348,-0.215,0.219,0.000,53,W,0,,,,590390,355.16,0
878,2149.586,"Mount",0.226,0.037,-0.187,-0.132,-0.102,0.000,25,E,0,,,,619784,391.25,0
879,2152.034,"Mount",0.353,-0.193,-0.402,0.018,-0.260,0.000,63,E,0,,,,612861,398.98,0
880,2154.291,"Mount",0.308,-0.114,-0.327,-0.032,-0.224,0.000,54,E,0,,,,607314,365.38,0
881,2156.615,"Mount",0.145,0.131,-0.073,-0.181,0.000,0.000,0,,0,,,,598461,372.41,0
882,2158.978,"Mount",0.446,-0.142,-0.463,-0.068,-0.292,0.000,70,E,0,,,,584246,347.64,0
883,2161.416,"Mount",0.336,-0.098,-0.345,-0.060,-0.238,0.000,57,E,0,,,,622764,380.19,0
884,2163.808,"Mount",-0.151,0.380,0.303,-0.275,0.174,0.000,42,W,0,,,,630031,400.61,0
885,2167.906,"Mount",-0.156,0.360,0.298,-0.255,0.200,-0.255,48,W,1612,N,,,611959,373.38,0
886,2170.355,"Mount",-0.623,0.028,0.573,0.248,0.375,0.000,90,W,0,,,,567034,385.97,0
887,2172.643,"Mount",0.056,-0.340,-0.200,0.281,-0.100,0.000,24,E,0,,,,622780,370.38,0
888,2175.120,"Mount",0.298,-0.552,-0.510,0.366,-0.328,0.000,79,E,0,,,,601054,332.14,0
889,2177.407,"Mount",0.282,-0.601,-0.517,0.416,-0.349,0.000,84,E,0,,,,594695,347.97,0
890,2179.803,"Mount",0.061,-0.202,-0.143,0.155,-0.115,0.000,28,E,0,,,,603565,368.84,0
891,2183.666,"Mount",-0.064,-0.293,-0.071,0.291,0.000,0.291,0,,1619,S,,,576145,386.22,0
892,2186.101,"Mount",0.413,-0.017,-0.379,-0.166,-0.239,0.000,58,E,0,,,,601535,359.63,0
893,2188.317,"Mount",0.006,0.308,0.130,-0.279,0.000,0.000,0,,0,,,,602662,389.14,0
894,2190.750,"Mount",0.171,0.124,-0.099,-0.186,0.000,0.000,0,,0,,,,589938,348.18,0
895,2193.430,"Mount",0.232,-0.165,-0.280,0.046,-0.177,0.000,43,E,0,,,,621369,377.06,0
Guiding Ends at 2026-08-31 22:24:50

Guiding Begins at 2026-08-31 22:47:28
Equipment Profile = SW4P_EVO
Dither = both axes, Dither scale = 1.000, Image noise reduction = 2x2 mean, Guide-frame time lapse = 0, Server enabled
Pixel scale = 2.91 arc-sec/px, Binning = 1, Focal length = 266 mm
Search region = 15 px, Star mass tolerance = 50.0%, Multi-star mode, list size = 12
 Camera = ZWO ASI120MM Mini (ASCOM), full size = 1280 x 960, have dark, dark dur = 2000, no defect map, pixel size = 3.8 um
Exposure = 2000 ms
Mount = GPUSB, connected, guiding enabled, AuxMount=CPWI_ASCOM_Telescope, xAngle = -26.0, xRate = 3.083, yAngle = -116.0, yRate = 4.762, parity = +/-
Norm rates RA = 13.1"/s @ dec 0, Dec = 13.8"/s; ortho.err. = 0.0 deg
X guide algorithm = Hysteresis, Hysteresis = 0.100, Aggression = 0.700, Minimum move = 0.130
Y guide algorithm = Resist Switch, Minimum move = 0.200 Aggression = 100% FastSwitch = enabled
Backlash comp = enabled, pulse = 1558 ms
Max RA duration = 2500, Max DEC duration = 2500, DEC guide mode = Auto
RA Guide Speed = 14.9 a-s/s, Dec Guide Speed = 14.9 a-s/s, Cal Dec = -0.0, Last Cal Issue = None, Timestamp = 31/08/2026 21:19:06
RA = 20.03 hr, Dec = 46.6 deg, Hour angle = 0.20 hr, Pier side = East, Rotator pos = N/A, Alt = 85.3 deg, Az = 334.1 deg
Lock position = 1142.411, 460.197, Star position = 1142.411, 460.197, HFD = 3.22 px
Frame,Time,mount,dx,dy,RARawDistance,DECRawDistance,RAGuideDistance,DECGuideDistance,RADuration,RADirection,DECDuration,DECDirection,XStep,YStep,StarMass,SNR,ErrorCode
INFO: SETTLING STATE CHANGE, Settling started
1,2.581,"Mount",0.066,0.013,0.054,-0.041,0.000,0.000,0,,0,,,,448602,312.43,0
2,5.160,"Mount",0.291,-0.033,0.276,-0.098,0.174,0.000,56,W,0,,,,456033,306.20,0
3,7.426,"Mount",0.313,0.068,0.251,-0.199,0.171,0.000,55,W,0,,,,451799,326.71,0
4,9.744,"Mount",0.144,0.326,-0.014,-0.357,0.000,0.000,0,,0,,,,472330,336.00,0
5,11.998,"Mount",0.170,0.095,0.111,-0.160,0.000,0.000,0,,0,,,,452659,344.23,0
INFO: SETTLING STATE CHANGE, Settling complete
6,14.669,"Mount",-0.448,0.223,-0.501,-0.003,-0.315,0.000,102,E,0,,,,453271,304.29,0
7,16.906,"Mount",-0.056,0.228,-0.150,-0.181,-0.117,0.000,38,E,0,,,,461542,308.26,0
8,19.444,"Mount",-0.245,0.203,-0.309,-0.075,-0.203,0.000,66,E,0,,,,459649,350.34,0
9,21.709,"Mount",0.374,0.131,0.278,-0.282,0.161,0.000,52,W,0,,,,455925,311.88,0
10,24.042,"Mount",0.079,0.018,0.063,-0.051,0.000,0.000,0,,0,,,,459363,322.19,0
11,26.562,"Mount",0.875,-0.317,0.925,-0.099,0.583,0.000,189,W,0,,,,469515,339.64,0
12,29.138,"Mount",0.269,0.126,0.186,-0.231,0.158,0.000,51,W,0,,,,460709,322.31,0
13,31.338,"Mount",0.037,0.072,0.001,-0.081,0.000,0.000,0,,0,,,,457758,325.00,0
14,33.965,"Mount",0.071,0.045,0.044,-0.071,0.000,0.000,0,,0,,,,461197,345.48,0
15,36.243,"Mount",0.035,0.068,0.002,-0.076,0.000,0.000,0,,0,,,,450783,342.05,0
16,38.696,"Mount",-0.055,0.030,-0.063,-0.003,0.000,0.000,0,,0,,,,443897,305.28,0
17,41.154,"Mount",-0.298,0.201,-0.356,-0.050,-0.224,0.000,73,E,0,,,,432869,310.58,0
18,43.578,"Mount",0.050,-0.270,0.164,0.221,0.087,0.000,28,W,0,,,,463229,318.19,0
19,45.812,"Mount",-0.012,-0.077,0.022,0.074,0.000,0.000,0,,0,,,,457551,320.24,0
20,48.417,"Mount",0.240,-0.128,0.272,0.010,0.171,0.000,56,W,0,,,,433201,296.47,0
21,50.734,"Mount",0.095,0.155,0.018,-0.181,0.000,0.000,0,,0,,,,481422,349.19,0
22,53.245,"Mount",-0.138,-0.035,-0.109,0.092,0.000,0.000,0,,0,,,,458564,312.13,0
23,55.650,"Mount",-0.105,0.093,-0.135,-0.038,-0.085,0.000,28,E,0,,,,443868,293.05,0
24,58.076,"Mount",0.023,0.056,-0.004,-0.060,0.000,0.000,0,,0,,,,454559,310.63,0
25,60.435,"Mount",-0.057,0.188,-0.133,-0.144,-0.084,0.000,27,E,0,,,,456636,346.48,0
26,62.903,"Mount",0.057,-0.177,0.129,0.134,0.000,0.000,0,,0,,,,457052,325.11,0
27,65.300,"Mount",0.142,-0.216,0.223,0.132,0.140,0.000,45,W,0,,,,457437,332.37,0
28,67.680,"Mount",-0.016,-0.287,0.111,0.265,0.000,0.000,0,,0,,,,458217,343.31,0
29,70.090,"Mount",0.141,-0.229,0.227,0.144,0.143,0.000,46,W,0,,,,444395,332.00,0
30,72.575,"Mount",0.040,-0.039,0.053,0.017,0.000,0.000,0,,0,,,,450968,288.09,0
31,74.863,"Mount",0.101,-0.028,0.103,-0.019,0.000,0.000,0,,0,,,,445736,303.37,0
32,77.380,"Mount",-0.139,0.045,-0.145,0.021,-0.091,0.000,30,E,0,,,,442579,337.81,0
33,79.616,"Mount",-0.109,-0.033,-0.084,0.077,0.000,0.000,0,,0,,,,458960,293.92,0
34,82.111,"Mount",-0.092,0.021,-0.092,0.022,0.000,0.000,0,,0,,,,463557,343.11,0
35,84.446,"Mount",0.069,-0.121,0.115,0.078,0.000,0.000,0,,0,,,,458494,323.75,0
36,87.202,"Mount",0.319,-0.232,0.388,0.068,0.244,0.000,79,W,0,,,,448660,325.27,0
37,89.626,"Mount",0.912,-0.067,0.849,-0.341,0.552,0.000,179,W,0,,,,460403,356.65,0
38,92.045,"Mount",-0.070,0.213,-0.157,-0.160,-0.060,0.000,19,E,0,,,,465223,300.25,0
39,94.336,"Mount",0.019,0.191,-0.067,-0.180,0.000,0.000,0,,0,,,,456984,308.74,0
40,96.938,"Mount",-0.185,0.289,-0.293,-0.179,-0.185,0.000,60,E,0,,,,457384,335.81,0
41,99.290,"Mount",-0.194,0.300,-0.305,-0.184,-0.205,0.000,67,E,0,,,,460641,340.96,0
42,101.629,"Mount",0.062,0.016,0.049,-0.041,0.000,0.000,0,,0,,,,461727,348.24,0
43,103.945,"Mount",-0.092,-0.046,-0.062,0.082,0.000,0.000,0,,0,,,,467431,308.55,0
44,106.611,"Mount",0.150,-0.254,0.246,0.162,0.155,0.000,50,W,0,,,,457357,332.40,0
45,108.965,"Mount",0.280,-0.172,0.327,0.031,0.217,0.000,70,W,0,,,,447122,290.94,0
46,111.546,"Mount",0.836,-0.153,0.818,-0.229,0.531,0.000,172,W,0,,,,468177,319.22,0
47,113.737,"Mount",0.073,-0.087,0.103,0.046,0.000,0.000,0,,0,,,,476984,331.62,0
48,116.244,"Mount",-0.011,-0.099,0.034,0.094,0.000,0.000,0,,0,,,,465205,321.08,0
49,118.922,"Mount",-0.132,0.091,-0.158,-0.023,-0.100,0.000,32,E,0,,,,464875,305.97,0
50,121.634,"Mount",0.294,-0.307,0.398,0.147,0.244,0.000,79,W,0,,,,450559,336.78,0
51,124.082,"Mount",-0.013,-0.000,-0.012,0.006,0.000,0.000,0,,0,,,,467806,321.46,0
52,126.619,"Mount",0.017,-0.101,0.059,0.084,0.000,0.000,0,,0,,,,456269,338.62,0
53,129.299,"Mount",0.103,-0.292,0.221,0.218,0.139,0.000,45,W,0,,,,455970,326.29,0
54,131.746,"Mount",0.274,-0.223,0.344,0.081,0.226,0.000,73,W,0,,,,460488,311.18,0
55,134.074,"Mount",0.248,-0.398,0.398,0.248,0.266,0.000,86,W,0,,,,452745,311.81,0
56,136.452,"Mount",0.112,-0.040,0.118,-0.013,0.000,0.000,0,,0,,,,464934,324.82,0
57,139.017,"Mount",0.072,-0.311,0.201,0.248,0.127,0.248,41,W,52,S,,,473094,323.48,0
58,141.371,"Mount",-0.023,-0.028,-0.008,0.035,0.000,0.000,0,,0,,,,454045,350.19,0
59,143.657,"Mount",0.014,-0.103,0.058,0.087,0.000,0.000,0,,0,,,,467435,340.96,0
60,146.270,"Mount",0.285,-0.260,0.371,0.109,0.233,0.000,76,W,0,,,,457844,321.80,0
61,148.611,"Mount",0.236,-0.254,0.323,0.124,0.220,0.000,71,W,0,,,,453196,304.25,0
62,151.091,"Mount",0.130,-0.177,0.195,0.102,0.138,0.000,45,W,0,,,,458287,298.81,0
63,153.267,"Mount",-0.022,-0.154,0.048,0.148,0.000,0.000,0,,0,,,,478739,343.35,0
64,155.805,"Mount",0.191,-0.189,0.255,0.086,0.160,0.000,52,W,0,,,,435028,303.28,0
65,158.007,"Mount",-0.060,0.004,-0.056,0.022,0.000,0.000,0,,0,,,,466292,357.51,0
66,160.484,"Mount",0.024,0.056,-0.003,-0.060,0.000,0.000,0,,0,,,,451856,330.16,0
67,163.010,"Mount",-0.351,0.233,-0.418,-0.055,-0.263,0.000,85,E,0,,,,455351,307.52,0
68,165.402,"Mount",0.065,0.138,-0.002,-0.152,0.000,0.000,0,,0,,,,453500,318.74,0
69,167.818,"Mount",-0.289,0.217,-0.355,-0.069,-0.224,0.000,72,E,0,,,,466113,327.76,0
70,170.282,"Mount",-0.157,0.057,-0.166,0.018,-0.120,0.000,39,E,0,,,,464067,362.03,0
71,172.604,"Mount",0.096,-0.001,0.086,-0.041,0.000,0.000,0,,0,,,,469070,329.41,0
72,175.253,"Mount",0.340,-0.310,0.442,0.130,0.278,0.000,90,W,0,,,,460571,349.25,0
73,177.443,"Mount",0.101,-0.046,0.111,-0.003,0.000,0.000,0,,0,,,,468776,333.49,0
74,179.994,"Mount",-0.081,-0.092,-0.033,0.118,0.000,0.000,0,,0,,,,465461,344.00,0
75,182.292,"Mount",-0.034,0.028,-0.043,-0.011,0.000,0.000,0,,0,,,,459958,282.71,0
76,184.898,"Mount",-0.219,0.340,-0.346,-0.209,-0.218,0.000,71,E,0,,,,456121,320.61,0
77,187.461,"Mount",-0.102,0.247,-0.200,-0.177,-0.141,0.000,46,E,0,,,,462113,323.84,0
78,189.806,"Mount",0.023,0.009,0.016,-0.018,0.000,0.000,0,,0,,,,461593,323.09,0
79,192.168,"Mount",-0.098,-0.112,-0.038,0.144,0.000,0.000,0,,0,,,,459766,321.17,0
80,194.888,"Mount",-0.167,0.114,-0.200,-0.029,-0.126,0.000,41,E,0,,,,460374,344.32,0
81,197.290,"Mount",0.135,-0.103,0.166,0.033,0.096,0.000,31,W,0,,,,467001,319.21,0
82,199.834,"Mount",-0.398,0.378,-0.523,-0.165,-0.323,0.000,105,E,0,,,,456545,333.69,0
83,202.137,"Mount",-0.164,0.157,-0.216,-0.070,-0.159,0.000,51,E,0,,,,455573,343.37,0
84,204.676,"Mount",-0.094,0.192,-0.169,-0.131,-0.118,0.000,38,E,0,,,,468544,333.17,0
85,206.913,"Mount",-0.015,-0.145,0.050,0.137,0.000,0.000,0,,0,,,,482486,371.77,0
86,209.398,"Mount",-0.078,0.040,-0.087,-0.002,0.000,0.000,0,,0,,,,442745,332.32,0
87,211.731,"Mount",-0.039,-0.008,-0.032,0.025,0.000,0.000,0,,0,,,,467550,346.64,0
88,214.478,"Mount",-0.125,-0.075,-0.079,0.122,0.000,0.000,0,,0,,,,450537,321.04,0
89,217.170,"Mount",-0.075,0.155,-0.136,-0.107,-0.085,0.000,28,E,0,,,,452516,295.63,0
90,219.750,"Mount",-0.001,-0.068,0.029,0.061,0.000,0.000,0,,0,,,,460590,326.06,0
91,222.282,"Mount",-0.382,0.117,-0.395,0.063,-0.249,0.000,81,E,0,,,,452997,314.54,0
92,224.961,"Mount",-0.084,-0.059,-0.050,0.090,0.000,0.000,0,,0,,,,455463,321.96,0
93,228.020,"Mount",-0.251,0.196,-0.311,-0.067,-0.196,0.000,64,E,0,,,,440915,309.65,0
94,231.104,"Mount",-0.049,-0.192,0.040,0.194,0.000,0.000,0,,0,,,,458901,323.12,0
95,233.560,"Mount",0.024,-0.060,0.048,0.043,0.000,0.000,0,,0,,,,448111,332.95,0
96,236.586,"Mount",-0.019,-0.397,0.157,0.365,0.099,0.365,32,W,77,S,,,474571,303.22,0
97,239.923,"Mount",0.069,-0.323,0.204,0.260,0.135,0.260,44,W,55,S,,,457085,319.35,0
98,242.451,"Mount",-0.183,0.388,-0.335,-0.268,-0.201,0.000,65,E,0,,,,464745,345.10,0
99,245.186,"Mount",-0.471,0.544,-0.662,-0.282,-0.431,0.000,140,E,0,,,,466350,294.67,0
100,247.693,"Mount",-0.119,0.173,-0.183,-0.103,-0.146,0.000,47,E,0,,,,463414,288.35,0
101,250.083,"Mount",-0.142,0.266,-0.244,-0.176,-0.164,0.000,53,E,0,,,,471965,338.46,0
102,252.526,"Mount",0.070,0.037,0.046,-0.064,0.000,0.000,0,,0,,,,442552,283.73,0
103,254.870,"Mount",-0.065,0.095,-0.100,-0.057,0.000,0.000,0,,0,,,,467110,326.81,0
104,257.348,"Mount",0.036,0.153,-0.035,-0.153,0.000,0.000,0,,0,,,,454592,323.34,0
105,259.712,"Mount",-0.022,0.138,-0.080,-0.115,0.000,0.000,0,,0,,,,460249,302.37,0
106,262.478,"Mount",0.509,-0.001,0.458,-0.222,0.288,0.000,94,W,0,,,,459031,344.46,0
107,264.748,"Mount",0.125,0.182,0.033,-0.218,0.000,0.000,0,,0,,,,469125,345.77,0
108,269.162,"Mount",0.009,0.353,-0.147,-0.321,-0.093,-0.321,30,E,1625,N,,,462963,325.83,0
109,274.115,"Mount",-2.245,-3.907,-0.303,4.496,-0.197,4.496,64,E,2412,S,,,447029,296.79,0
110,277.586,"Mount",-0.570,-3.359,0.962,3.269,0.592,3.269,192,W,686,S,,,465639,304.94,0
111,280.314,"Mount",-0.982,-2.237,0.099,2.441,0.000,2.441,0,,513,S,,,490756,322.35,0
112,284.586,"Mount",0.329,1.192,-0.228,-1.215,-0.143,-1.215,47,E,1723,N,,,444984,342.52,0
113,287.242,"Mount",-0.282,0.531,-0.487,-0.353,-0.317,-0.353,103,E,74,N,,,471359,292.16,0
114,289.883,"Mount",-0.068,0.279,-0.183,-0.221,-0.138,-0.221,45,E,46,N,,,477100,346.40,0
115,292.333,"Mount",0.093,0.188,0.001,-0.209,0.000,-0.209,0,,44,N,,,453685,295.53,0
116,294.746,"Mount",-0.092,0.158,-0.152,-0.102,-0.096,0.000,31,E,0,,,,466580,349.11,0
117,297.251,"Mount",0.417,-0.161,0.446,-0.038,0.274,0.000,89,W,0,,,,460780,310.06,0
118,299.598,"Mount",-0.112,0.065,-0.129,-0.009,0.000,0.000,0,,0,,,,474511,337.47,0
119,302.130,"Mount",0.180,0.067,0.133,-0.139,0.084,0.000,27,W,0,,,,431447,352.76,0
120,304.382,"Mount",-0.016,0.149,-0.080,-0.127,0.000,0.000,0,,0,,,,464977,350.58,0
121,306.989,"Mount",0.193,-0.032,0.188,-0.056,0.118,0.000,38,W,0,,,,445314,326.93,0
122,309.555,"Mount",-0.140,0.197,-0.212,-0.115,-0.125,0.000,41,E,0,,,,478724,347.40,0
123,311.903,"Mount",0.093,-0.052,0.106,0.006,0.000,0.000,0,,0,,,,461737,335.25,0
124,314.223,"Mount",0.026,-0.042,0.042,0.026,0.000,0.000,0,,0,,,,445718,353.87,0
125,316.834,"Mount",-0.084,0.170,-0.150,-0.116,-0.094,0.000,31,E,0,,,,466831,320.27,0
126,319.048,"Mount",-0.043,0.037,-0.055,-0.014,0.000,0.000,0,,0,,,,464779,319.53,0
127,321.486,"Mount",-0.040,0.082,-0.072,-0.056,0.000,0.000,0,,0,,,,468506,322.89,0
128,324.059,"Mount",0.174,-0.140,0.218,0.049,0.137,0.000,44,W,0,,,,466307,303.05,0
129,326.630,"Mount",0.183,-0.042,0.183,-0.042,0.125,0.000,40,W,0,,,,446096,309.57,0
130,329.021,"Mount",0.461,-0.228,0.515,0.002,0.333,0.000,108,W,0,,,,446622,334.72,0
131,331.369,"Mount",-0.052,0.166,-0.119,-0.126,0.000,0.000,0,,0,,,,481827,343.32,0
132,333.878,"Mount",0.296,0.021,0.257,-0.149,0.162,0.000,53,W,0,,,,468818,318.36,0
133,336.379,"Mount",-0.373,0.322,-0.476,-0.126,-0.288,0.000,94,E,0,,,,469828,313.06,0
134,338.810,"Mount",-0.126,0.166,-0.186,-0.094,-0.137,0.000,45,E,0,,,,474650,321.51,0
135,341.402,"Mount",0.286,-0.100,0.301,-0.035,0.180,0.000,58,W,0,,,,458849,355.75,0
136,343.677,"Mount",-0.123,0.121,-0.164,-0.055,-0.091,0.000,29,E,0,,,,470510,362.94,0
137,346.146,"Mount",-0.064,0.229,-0.159,-0.178,-0.106,0.000,34,E,0,,,,457838,301.32,0
138,348.382,"Mount",0.042,-0.076,0.072,0.050,0.000,0.000,0,,0,,,,453317,317.78,0
139,350.978,"Mount",-0.142,0.013,-0.133,0.050,-0.084,0.000,27,E,0,,,,465344,323.74,0
140,353.223,"Mount",0.119,0.012,0.101,-0.063,0.000,0.000,0,,0,,,,448502,313.11,0
141,355.674,"Mount",-0.091,0.100,-0.125,-0.050,0.000,0.000,0,,0,,,,463382,312.01,0
142,357.980,"Mount",0.090,0.039,0.064,-0.074,0.000,0.000,0,,0,,,,470137,316.58,0
143,360.637,"Mount",-0.151,0.139,-0.197,-0.059,-0.124,0.000,40,E,0,,,,478840,331.95,0
144,362.824,"Mount",0.013,0.095,-0.030,-0.091,0.000,0.000,0,,0,,,,459307,310.31,0
145,365.287,"Mount",0.101,0.008,0.087,-0.052,0.000,0.000,0,,0,,,,440366,290.11,0
146,367.657,"Mount",-0.067,0.170,-0.135,-0.124,-0.085,0.000,28,E,0,,,,460828,359.68,0
147,370.148,"Mount",0.356,-0.226,0.419,0.047,0.258,0.000,84,W,0,,,,447721,326.44,0
148,372.336,"Mount",-0.122,-0.009,-0.105,0.062,0.000,0.000,0,,0,,,,460675,341.60,0
149,374.886,"Mount",0.035,-0.134,0.090,0.105,0.000,0.000,0,,0,,,,467111,344.62,0
150,377.186,"Mount",0.006,0.150,-0.060,-0.138,0.000,0.000,0,,0,,,,466898,307.39,0
151,379.702,"Mount",-0.023,0.009,-0.025,0.002,0.000,0.000,0,,0,,,,456953,338.03,0
152,382.011,"Mount",-0.069,0.058,-0.088,-0.021,0.000,0.000,0,,0,,,,472129,327.54,0
153,384.556,"Mount",0.100,0.044,0.070,-0.084,0.000,0.000,0,,0,,,,465114,326.62,0
154,386.849,"Mount",0.055,-0.068,0.079,0.037,0.000,0.000,0,,0,,,,461084,311.14,0
155,389.401,"Mount",0.127,-0.175,0.190,0.101,0.120,0.000,39,W,0,,,,448955,311.07,0
156,391.674,"Mount",0.172,-0.237,0.258,0.137,0.171,0.000,56,W,0,,,,452336,308.87,0
157,394.504,"Mount",-0.157,-0.009,-0.138,0.077,-0.075,0.000,24,E,0,,,,475365,347.41,0
158,396.869,"Mount",0.276,-0.172,0.323,0.033,0.199,0.000,64,W,0,,,,473592,362.50,0
159,399.230,"Mount",-0.035,-0.131,0.026,0.133,0.000,0.000,0,,0,,,,475199,371.05,0
160,401.610,"Mount",0.263,-0.211,0.329,0.074,0.207,0.000,67,W,0,,,,459229,317.38,0
161,404.021,"Mount",0.002,0.021,-0.007,-0.019,0.000,0.000,0,,0,,,,468232,303.47,0
162,406.331,"Mount",-0.058,-0.082,-0.016,0.099,0.000,0.000,0,,0,,,,466844,318.76,0
163,409.048,"Mount",0.201,-0.059,0.206,-0.035,0.130,0.000,42,W,0,,,,473258,317.85,0
164,411.350,"Mount",0.328,-0.025,0.306,-0.121,0.202,0.000,65,W,0,,,,441731,311.51,0
165,413.888,"Mount",0.162,-0.117,0.197,0.034,0.138,0.000,45,W,0,,,,462496,286.91,0
166,416.178,"Mount",0.093,-0.138,0.144,0.084,0.101,0.000,33,W,0,,,,434188,273.44,0
167,418.651,"Mount",0.012,-0.078,0.045,0.065,0.000,0.000,0,,0,,,,446463,319.80,0
168,420.989,"Mount",0.026,-0.098,0.066,0.077,0.000,0.000,0,,0,,,,439316,313.16,0
169,423.546,"Mount",0.150,-0.137,0.195,0.057,0.123,0.000,40,W,0,,,,455889,327.41,0
170,425.851,"Mount",-0.078,-0.094,-0.029,0.118,0.000,0.000,0,,0,,,,458320,308.23,0
171,428.308,"Mount",-0.003,-0.087,0.036,0.080,0.000,0.000,0,,0,,,,459998,339.87,0
172,430.707,"Mount",0.007,-0.009,0.010,0.005,0.000,0.000,0,,0,,,,466127,328.30,0
173,433.266,"Mount",0.167,-0.164,0.222,0.074,0.140,0.000,45,W,0,,,,456332,326.20,0
174,435.602,"Mount",0.073,-0.204,0.156,0.151,0.108,0.000,35,W,0,,,,471191,305.45,0
175,437.951,"Mount",-0.052,-0.290,0.080,0.284,0.000,0.000,0,,0,,,,478358,338.85,0
176,440.327,"Mount",0.219,-0.075,0.230,-0.028,0.145,0.000,47,W,0,,,,462450,352.26,0
177,442.857,"Mount",0.159,-0.021,0.152,-0.051,0.106,0.000,34,W,0,,,,463385,352.46,0
178,445.073,"Mount",0.056,-0.099,0.094,0.064,0.000,0.000,0,,0,,,,467535,333.18,0
179,447.618,"Mount",0.013,-0.286,0.137,0.252,0.086,0.000,28,W,0,,,,459190,327.69,0
180,451.418,"Mount",-0.047,-0.202,0.046,0.202,0.000,0.202,0,,1510,S,,,461140,335.57,0
181,453.904,"Mount",0.197,0.099,0.134,-0.175,0.084,0.000,27,W,0,,,,457296,311.61,0
182,456.088,"Mount",0.041,0.134,-0.022,-0.138,0.000,0.000,0,,0,,,,462608,297.17,0
183,458.753,"Mount",-0.265,0.279,-0.361,-0.134,-0.227,0.000,74,E,0,,,,471952,348.35,0
184,460.920,"Mount",0.193,0.183,0.093,-0.249,0.000,0.000,0,,0,,,,465483,302.55,0
185,463.401,"Mount",0.051,0.248,-0.063,-0.245,0.000,0.000,0,,0,,,,448425,299.57,0
186,465.794,"Mount",-0.153,0.336,-0.285,-0.235,-0.180,0.000,58,E,0,,,,470514,330.21,0
187,468.217,"Mount",-0.015,0.202,-0.102,-0.175,0.000,0.000,0,,0,,,,468930,351.80,0
188,470.759,"Mount",-0.138,0.278,-0.246,-0.189,-0.155,0.000,50,E,0,,,,456968,321.21,0
189,474.770,"Mount",0.254,0.129,0.171,-0.227,0.097,-0.227,31,W,1516,N,,,460183,324.49,0
190,477.166,"Mount",-0.190,-0.120,-0.118,0.191,0.000,0.000,0,,0,,,,470716,331.57,0
191,479.507,"Mount",0.056,-0.071,0.082,0.039,0.000,0.000,0,,0,,,,463028,336.79,0
192,482.030,"Mount",0.040,-0.143,0.098,0.112,0.000,0.000,0,,0,,,,465857,325.67,0
193,484.459,"Mount",-0.433,-0.036,-0.373,0.223,-0.235,0.000,76,E,0,,,,463729,310.71,0
194,486.968,"Mount",-0.283,-0.091,-0.214,0.206,-0.151,0.000,49,E,0,,,,450892,319.04,0
195,489.391,"Mount",-0.292,-0.100,-0.218,0.218,-0.148,0.000,48,E,0,,,,447531,324.57,0
196,491.748,"Mount",0.027,-0.137,0.084,0.112,0.000,0.000,0,,0,,,,485315,356.29,0
197,494.202,"Mount",-0.410,0.018,-0.376,0.164,-0.237,0.000,77,E,0,,,,468205,337.16,0
198,496.611,"Mount",0.063,-0.136,0.116,0.094,0.000,0.000,0,,0,,,,455175,343.10,0
199,499.032,"Mount",-0.137,-0.039,-0.106,0.095,0.000,0.000,0,,0,,,,463537,345.12,0
200,503.170,"Mount",-0.447,-0.097,-0.359,0.283,-0.226,0.283,73,E,1527,S,,,456855,298.51,0
201,505.653,"Mount",-0.050,0.247,-0.153,-0.200,-0.112,0.000,36,E,0,,,,467209,312.04,0
202,507.970,"Mount",-0.084,0.173,-0.151,-0.118,-0.103,0.000,33,E,0,,,,462811,339.41,0
203,510.449,"Mount",0.138,-0.124,0.179,0.051,0.105,0.000,34,W,0,,,,463707,342.41,0
204,512.688,"Mount",-0.047,0.115,-0.093,-0.083,0.000,0.000,0,,0,,,,473441,341.10,0
205,515.267,"Mount",-0.068,0.257,-0.174,-0.201,-0.110,0.000,36,E,0,,,,468553,321.08,0
206,517.650,"Mount",-0.080,0.190,-0.155,-0.136,-0.105,0.000,34,E,0,,,,459288,291.11,0
207,520.019,"Mount",0.093,0.008,0.080,-0.048,0.000,0.000,0,,0,,,,448830,280.55,0
208,522.420,"Mount",-0.174,0.175,-0.233,-0.081,-0.147,0.000,48,E,0,,,,471717,311.95,0
209,524.954,"Mount",-0.119,0.410,-0.287,-0.316,-0.191,0.000,62,E,0,,,,467344,316.03,0
210,528.915,"Mount",-0.233,0.537,-0.445,-0.380,-0.294,-0.380,95,E,1548,N,,,466635,344.19,0
211,531.572,"Mount",-0.950,0.015,-0.861,0.403,-0.563,0.000,183,E,0,,,,469597,289.85,0
212,533.946,"Mount",-0.316,-0.183,-0.203,0.302,-0.168,0.000,54,E,0,,,,456765,316.63,0
213,536.515,"Mount",0.392,-0.582,0.607,0.351,0.371,0.000,120,W,0,,,,457480,334.38,0
214,538.834,"Mount",-0.018,-0.358,0.141,0.330,0.115,0.000,37,W,0,,,,464166,296.45,0
215,542.954,"Mount",-0.510,-0.221,-0.362,0.423,-0.220,0.423,71,E,1534,S,,,461957,322.43,0
216,545.624,"Mount",-0.474,-0.096,-0.384,0.295,-0.257,0.295,83,E,62,S,,,458008,341.45,0
217,547.807,"Mount",-0.004,-0.152,0.063,0.138,0.000,0.000,0,,0,,,,461381,324.36,0
218,550.384,"Mount",-0.245,-0.003,-0.219,0.110,-0.138,0.000,45,E,0,,,,453272,309.60,0
219,552.791,"Mount",-0.366,0.030,-0.342,0.134,-0.225,0.000,73,E,0,,,,445407,306.30,0
220,555.280,"Mount",-0.297,0.008,-0.271,0.123,-0.186,0.000,60,E,0,,,,453401,320.77,0
221,557.571,"Mount",0.105,-0.209,0.186,0.142,0.104,0.000,34,W,0,,,,470533,326.87,0
222,560.194,"Mount",0.199,-0.487,0.392,0.351,0.255,0.351,83,W,74,S,,,468099,344.67,0
223,562.867,"Mount",0.538,-0.506,0.706,0.219,0.463,0.219,150,W,46,S,,,474666,347.08,0
224,565.221,"Mount",0.033,-0.139,0.091,0.110,0.000,0.000,0,,0,,,,451635,326.89,0
225,567.549,"Mount",0.023,0.059,-0.005,-0.063,0.000,0.000,0,,0,,,,462110,328.08,0
226,570.001,"Mount",-0.055,0.007,-0.053,0.018,0.000,0.000,0,,0,,,,477080,322.89,0
227,572.389,"Mount",-0.289,-0.059,-0.233,0.180,-0.147,0.000,48,E,0,,,,449503,336.22,0
228,574.855,"Mount",0.133,-0.248,0.228,0.164,0.133,0.000,43,W,0,,,,450689,313.75,0
229,577.079,"Mount",0.010,-0.060,0.035,0.050,0.000,0.000,0,,0,,,,462375,329.83,0
230,579.678,"Mount",0.128,-0.227,0.215,0.148,0.135,0.000,44,W,0,,,,461783,333.26,0
231,581.940,"Mount",0.173,-0.104,0.201,0.017,0.136,0.000,44,W,0,,,,465953,325.86,0
232,584.292,"Mount",0.044,-0.106,0.086,0.076,0.000,0.000,0,,0,,,,471214,328.71,0
233,586.698,"Mount",0.021,-0.056,0.043,0.041,0.000,0.000,0,,0,,,,477351,334.58,0
234,589.178,"Mount",-0.128,0.034,-0.129,0.026,0.000,0.000,0,,0,,,,454811,345.09,0
235,591.598,"Mount",-0.263,-0.016,-0.229,0.129,-0.144,0.000,47,E,0,,,,446569,315.34,0
236,594.001,"Mount",-0.128,-0.038,-0.098,0.090,0.000,0.000,0,,0,,,,452948,318.90,0
237,596.354,"Mount",0.093,-0.011,0.088,-0.031,0.000,0.000,0,,0,,,,455255,327.24,0
238,599.038,"Mount",0.044,-0.116,0.090,0.085,0.000,0.000,0,,0,,,,464407,324.81,0
239,601.586,"Mount",0.074,-0.278,0.189,0.217,0.119,0.217,39,W,46,S,,,460326,322.10,0
240,603.995,"Mount",-0.099,-0.146,-0.025,0.174,0.000,0.000,0,,0,,,,459856,296.29,0
241,606.488,"Mount",0.131,-0.237,0.222,0.156,0.140,0.000,45,W,0,,,,456273,327.76,0
242,608.946,"Mount",-0.264,0.187,-0.319,-0.052,-0.191,0.000,62,E,0,,,,451867,343.97,0
243,611.290,"Mount",-0.099,0.196,-0.175,-0.133,-0.124,0.000,40,E,0,,,,468010,295.27,0
244,613.774,"Mount",-0.121,0.146,-0.173,-0.078,-0.118,0.000,38,E,0,,,,453392,329.31,0
245,615.989,"Mount",-0.155,-0.034,-0.125,0.098,0.000,0.000,0,,0,,,,453254,325.39,0
246,618.858,"Mount",-0.545,-0.033,-0.475,0.268,-0.299,0.268,97,E,56,S,,,468304,364.54,0
247,621.108,"Mount",0.054,-0.198,0.136,0.154,0.064,0.000,21,W,0,,,,471605,350.93,0
248,623.746,"Mount",0.253,-0.427,0.415,0.273,0.266,0.273,86,W,57,S,,,462135,287.92,0
249,626.376,"Mount",0.200,-0.407,0.358,0.278,0.244,0.278,79,W,58,S,,,466105,329.67,0
250,628.792,"Mount",-0.021,-0.052,0.004,0.056,0.000,0.000,0,,0,,,,463379,324.50,0
251,631.108,"Mount",0.023,-0.006,0.023,-0.005,0.000,0.000,0,,0,,,,445522,324.70,0
252,633.660,"Mount",0.239,-0.020,0.224,-0.087,0.141,0.000,46,W,0,,,,446013,335.69,0
253,635.986,"Mount",-0.288,0.205,-0.349,-0.058,-0.210,0.000,68,E,0,,,,483897,356.37,0
254,638.318,"Mount",0.026,0.208,-0.068,-0.198,0.000,0.000,0,,0,,,,462325,327.62,0
255,641.072,"Mount",-0.212,0.204,-0.280,-0.090,-0.176,0.000,57,E,0,,,,456789,347.72,0
256,643.825,"Mount",0.246,-0.266,0.338,0.132,0.200,0.000,65,W,0,,,,453156,309.59,0
257,646.437,"Mount",0.110,-0.122,0.153,0.061,0.110,0.000,36,W,0,,,,473691,328.13,0
258,649.510,"Mount",-0.138,0.118,-0.176,-0.045,-0.103,0.000,34,E,0,,,,460222,298.91,0
INFO: SET LOCK POSITION, new lock pos = 1142.411, 460.197
INFO: DITHER by 0.850, -0.201, new lock pos = 1143.263, 460.005
INFO: SETTLING STATE CHANGE, Settling started
259,653.666,"Mount",-0.852,0.192,-0.850,0.201,-0.850,0.201,276,E,42,S,,,463687,324.69,0
260,656.274,"Mount",0.948,-0.410,1.031,-0.048,0.650,0.000,211,W,0,,,,466587,327.03,0
261,658.562,"Mount",-0.110,-0.023,-0.089,0.069,0.000,0.000,0,,0,,,,469656,336.63,0
262,661.155,"Mount",-0.417,0.091,-0.414,0.101,-0.261,0.000,85,E,0,,,,469159,352.77,0
263,663.325,"Mount",-0.018,0.013,-0.022,-0.004,0.000,0.000,0,,0,,,,455384,316.64,0
INFO: SETTLING STATE CHANGE, Settling complete
264,665.819,"Mount",0.191,0.026,0.160,-0.107,0.101,0.000,33,W,0,,,,475817,289.17,0
265,668.269,"Mount",0.214,0.081,0.157,-0.166,0.106,0.000,34,W,0,,,,467089,323.08,0
266,670.846,"Mount",-0.227,0.190,-0.288,-0.071,-0.174,0.000,56,E,0,,,,448905,340.57,0
267,673.070,"Mount",-0.053,0.032,-0.061,-0.005,0.000,0.000,0,,0,,,,441394,319.61,0
268,675.561,"Mount",-0.134,-0.074,-0.088,0.125,0.000,0.000,0,,0,,,,469453,311.51,0
269,677.948,"Mount",-0.392,0.029,-0.365,0.146,-0.230,0.000,75,E,0,,,,453748,331.37,0
270,680.842,"Mount",0.135,-0.049,0.143,-0.015,0.074,0.000,24,W,0,,,,473083,305.31,0
271,683.314,"Mount",-0.138,0.045,-0.144,0.020,-0.086,0.000,28,E,0,,,,452812,328.74,0
272,685.665,"Mount",0.004,-0.205,0.094,0.182,0.000,0.000,0,,0,,,,457005,312.82,0
273,688.010,"Mount",0.095,-0.280,0.208,0.210,0.131,0.000,43,W,0,,,,457652,309.99,0
274,690.498,"Mount",0.152,-0.288,0.263,0.192,0.175,0.000,57,W,0,,,,484077,339.63,0
275,692.758,"Mount",0.105,-0.175,0.171,0.111,0.120,0.000,39,W,0,,,,462523,313.92,0
276,695.283,"Mount",-0.627,0.212,-0.657,0.085,-0.405,0.000,131,E,0,,,,458601,317.72,0
277,697.446,"Mount",0.010,0.072,-0.022,-0.069,0.000,0.000,0,,0,,,,475387,352.01,0
278,699.968,"Mount",-0.212,0.058,-0.216,0.041,-0.136,0.000,44,E,0,,,,448522,342.67,0
279,702.120,"Mount",0.018,-0.100,0.060,0.082,0.000,0.000,0,,0,,,,462866,332.80,0
280,704.559,"Mount",0.035,-0.025,0.042,0.007,0.000,0.000,0,,0,,,,477867,342.12,0
281,706.797,"Mount",0.022,-0.228,0.120,0.195,0.000,0.000,0,,0,,,,483796,339.40,0
282,709.306,"Mount",0.247,-0.314,0.359,0.174,0.226,0.000,73,W,0,,,,487838,324.64,0
283,711.594,"Mount",0.204,-0.513,0.409,0.371,0.273,0.000,89,W,0,,,,477380,348.36,0
284,714.036,"Mount",0.047,-0.363,0.202,0.305,0.146,0.000,47,W,0,,,,461011,370.20,0
285,716.512,"Mount",0.003,-0.313,0.140,0.280,0.099,0.280,32,W,59,S,,,473378,340.51,0
286,718.860,"Mount",-0.131,-0.116,-0.067,0.162,0.000,0.000,0,,0,,,,454253,303.54,0
287,721.282,"Mount",-0.273,-0.148,-0.180,0.253,-0.114,0.253,37,E,53,S,,,457615,323.46,0
288,723.688,"Mount",0.091,-0.206,0.172,0.145,0.100,0.000,32,W,0,,,,481550,319.80,0
289,725.848,"Mount",0.028,-0.152,0.092,0.125,0.000,0.000,0,,0,,,,488238,380.35,0
290,728.383,"Mount",0.227,-0.233,0.306,0.109,0.193,0.000,63,W,0,,,,470387,297.45,0
291,730.595,"Mount",0.038,-0.206,0.125,0.168,0.000,0.000,0,,0,,,,486094,345.52,0
292,733.165,"Mount",0.388,-0.316,0.487,0.113,0.307,0.000,99,W,0,,,,482267,342.53,0
293,735.347,"Mount",0.041,-0.114,0.087,0.084,0.000,0.000,0,,0,,,,481083,340.48,0
294,737.851,"Mount",0.225,-0.244,0.309,0.121,0.195,0.000,63,W,0,,,,495162,325.79,0
295,740.003,"Mount",-0.057,-0.087,-0.013,0.103,0.000,0.000,0,,0,,,,472194,310.22,0
296,742.434,"Mount",0.071,-0.018,0.071,-0.015,0.000,0.000,0,,0,,,,462525,320.82,0
297,744.730,"Mount",0.022,-0.078,0.054,0.060,0.000,0.000,0,,0,,,,461023,356.57,0
298,747.202,"Mount",0.065,-0.234,0.161,0.182,0.101,0.000,33,W,0,,,,455579,316.32,0
299,749.395,"Mount",-0.078,-0.170,0.004,0.187,0.000,0.000,0,,0,,,,462470,303.89,0
300,751.922,"Mount",0.162,-0.298,0.276,0.197,0.174,0.000,56,W,0,,,,481483,316.05,0
301,754.097,"Mount",0.056,-0.146,0.115,0.106,0.000,0.000,0,,0,,,,471751,348.51,0
302,756.557,"Mount",0.004,-0.194,0.088,0.173,0.000,0.000,0,,0,,,,470029,315.40,0
303,758.818,"Mount",-0.112,-0.014,-0.094,0.062,0.000,0.000,0,,0,,,,452488,298.42,0
304,761.338,"Mount",-0.403,-0.006,-0.359,0.182,-0.226,0.000,73,E,0,,,,459541,333.44,0
305,763.847,"Mount",-0.343,-0.195,-0.223,0.325,-0.156,0.325,51,E,68,S,,,472645,300.46,0
306,766.289,"Mount",-0.146,0.178,-0.209,-0.096,-0.143,0.000,46,E,0,,,,456542,315.82,0
307,768.449,"Mount",0.003,0.008,-0.001,-0.009,0.000,0.000,0,,0,,,,450968,299.93,0
308,770.890,"Mount",0.124,0.054,0.088,-0.103,0.000,0.000,0,,0,,,,464031,324.61,0
309,773.258,"Mount",0.317,-0.208,0.376,0.048,0.237,0.000,77,W,0,,,,480109,297.03,0
310,775.667,"Mount",0.166,0.041,0.131,-0.109,0.099,0.000,32,W,0,,,,467618,319.05,0
311,777.899,"Mount",0.196,-0.036,0.193,-0.054,0.128,0.000,42,W,0,,,,465145,340.16,0
312,780.294,"Mount",-0.193,0.199,-0.261,-0.094,-0.156,0.000,50,E,0,,,,448560,334.19,0
313,782.598,"Mount",-0.141,0.112,-0.176,-0.038,-0.122,0.000,39,E,0,,,,446990,319.26,0
314,784.922,"Mount",-0.008,0.187,-0.089,-0.165,0.000,0.000,0,,0,,,,455241,329.52,0
315,787.182,"Mount",-0.011,0.190,-0.093,-0.166,0.000,0.000,0,,0,,,,467568,316.59,0
316,789.694,"Mount",0.035,0.226,-0.068,-0.219,0.000,0.000,0,,0,,,,467638,352.38,0
317,791.932,"Mount",0.020,0.096,-0.024,-0.094,0.000,0.000,0,,0,,,,468415,310.20,0
318,794.440,"Mount",-0.258,0.076,-0.265,0.045,-0.167,0.000,54,E,0,,,,454087,310.15,0
319,796.768,"Mount",0.226,0.004,0.201,-0.103,0.115,0.000,37,W,0,,,,454895,320.74,0
320,799.314,"Mount",-0.612,0.395,-0.723,-0.087,-0.448,0.000,145,E,0,,,,453479,325.10,0
321,801.611,"Mount",-0.269,0.118,-0.294,0.012,-0.216,0.000,70,E,0,,,,456626,317.26,0
322,803.955,"Mount",0.030,0.217,-0.068,-0.208,0.000,0.000,0,,0,,,,452181,315.90,0
323,806.226,"Mount",0.116,0.177,0.026,-0.210,0.000,0.000,0,,0,,,,454221,317.18,0
324,808.784,"Mount",-0.162,0.149,-0.211,-0.063,-0.133,0.000,43,E,0,,,,450192,334.56,0
325,810.947,"Mount",-0.022,0.103,-0.065,-0.083,0.000,0.000,0,,0,,,,458878,303.54,0
326,813.359,"Mount",0.027,-0.008,0.028,-0.005,0.000,0.000,0,,0,,,,453858,330.07,0
327,815.673,"Mount",0.085,-0.093,0.117,0.046,0.000,0.000,0,,0,,,,485197,321.16,0
328,818.079,"Mount",-0.040,-0.047,-0.015,0.060,0.000,0.000,0,,0,,,,471622,321.77,0
329,820.320,"Mount",0.069,-0.108,0.110,0.066,0.000,0.000,0,,0,,,,477563,327.14,0
330,822.747,"Mount",-0.023,-0.013,-0.015,0.021,0.000,0.000,0,,0,,,,475795,314.58,0
331,824.979,"Mount",0.048,0.191,-0.041,-0.193,0.000,0.000,0,,0,,,,451143,291.44,0
332,827.550,"Mount",-0.496,0.183,-0.526,0.053,-0.331,0.000,107,E,0,,,,468300,337.91,0
333,829.813,"Mount",-0.088,0.044,-0.098,-0.001,0.000,0.000,0,,0,,,,460392,323.07,0
334,832.212,"Mount",0.073,0.057,0.041,-0.083,0.000,0.000,0,,0,,,,458199,365.85,0
335,834.497,"Mount",-0.011,0.041,-0.028,-0.032,0.000,0.000,0,,0,,,,462160,320.26,0
336,837.083,"Mount",0.506,-0.230,0.556,-0.015,0.350,0.000,114,W,0,,,,478700,302.53,0
337,839.346,"Mount",0.290,-0.027,0.273,-0.103,0.196,0.000,64,W,0,,,,474839,360.34,0
338,841.739,"Mount",-0.072,0.153,-0.132,-0.106,-0.069,0.000,22,E,0,,,,463671,336.27,0
339,844.098,"Mount",-0.370,0.346,-0.485,-0.148,-0.310,0.000,101,E,0,,,,468041,323.55,0
340,846.435,"Mount",-0.041,-0.012,-0.031,0.029,0.000,0.000,0,,0,,,,461249,342.02,0
341,848.862,"Mount",-0.177,0.092,-0.199,-0.005,-0.125,0.000,41,E,0,,,,446669,326.92,0
342,851.182,"Mount",0.078,-0.054,0.094,0.015,0.000,0.000,0,,0,,,,468313,341.71,0
343,853.427,"Mount",0.079,0.134,0.012,-0.155,0.000,0.000,0,,0,,,,477999,318.28,0
344,855.827,"Mount",0.022,-0.074,0.053,0.057,0.000,0.000,0,,0,,,,462473,321.29,0
345,858.186,"Mount",0.270,-0.113,0.292,-0.017,0.184,0.000,60,W,0,,,,493075,341.64,0
346,860.682,"Mount",0.505,-0.196,0.540,-0.045,0.353,0.000,114,W,0,,,,458932,307.01,0
347,863.007,"Mount",0.427,-0.035,0.399,-0.156,0.276,0.000,89,W,0,,,,457709,335.54,0
348,865.323,"Mount",-0.026,0.118,-0.076,-0.095,0.000,0.000,0,,0,,,,445452,321.09,0
349,867.631,"Mount",-0.034,0.106,-0.078,-0.080,0.000,0.000,0,,0,,,,452783,313.78,0
350,870.026,"Mount",0.012,0.080,-0.024,-0.078,0.000,0.000,0,,0,,,,458333,346.61,0
351,872.256,"Mount",-0.099,0.002,-0.090,0.042,0.000,0.000,0,,0,,,,460696,344.39,0
352,874.679,"Mount",-0.057,-0.058,-0.025,0.077,0.000,0.000,0,,0,,,,465095,321.49,0
353,876.945,"Mount",-0.007,-0.020,0.003,0.021,0.000,0.000,0,,0,,,,455042,301.32,0
354,879.554,"Mount",0.066,-0.265,0.175,0.209,0.110,0.209,36,W,44,S,,,467631,358.04,0
355,881.802,"Mount",0.220,-0.217,0.292,0.098,0.192,0.000,62,W,0,,,,478125,347.07,0
356,884.145,"Mount",-0.096,0.093,-0.127,-0.041,0.000,0.000,0,,0,,,,458148,333.24,0
357,886.604,"Mount",-0.251,0.152,-0.292,-0.026,-0.184,0.000,60,E,0,,,,463493,344.48,0
358,889.063,"Mount",-0.128,0.181,-0.194,-0.106,-0.135,0.000,44,E,0,,,,449664,302.38,0
359,891.206,"Mount",-0.047,0.114,-0.092,-0.081,0.000,0.000,0,,0,,,,466029,314.65,0
360,893.604,"Mount",-0.017,0.141,-0.078,-0.119,0.000,0.000,0,,0,,,,467332,314.41,0
361,895.930,"Mount",0.249,-0.121,0.276,-0.001,0.174,0.000,56,W,0,,,,468383,359.76,0
362,898.243,"Mount",-0.040,0.119,-0.088,-0.089,0.000,0.000,0,,0,,,,459587,312.55,0
363,900.634,"Mount",0.249,0.006,0.221,-0.114,0.139,0.000,45,W,0,,,,467396,338.82,0
364,902.954,"Mount",-0.013,0.090,-0.051,-0.075,0.000,0.000,0,,0,,,,478449,323.39,0
365,905.317,"Mount",0.289,0.032,0.246,-0.156,0.155,0.000,50,W,0,,,,465112,324.66,0
366,907.634,"Mount",-0.003,0.214,-0.097,-0.191,0.000,0.000,0,,0,,,,459392,339.58,0
367,909.862,"Mount",-0.109,0.054,-0.122,-0.001,0.000,0.000,0,,0,,,,457032,337.63,0
368,912.443,"Mount",-0.529,0.201,-0.563,0.051,-0.355,0.000,115,E,0,,,,472999,333.42,0
369,914.716,"Mount",-0.240,0.028,-0.228,0.080,-0.168,0.000,55,E,0,,,,463073,348.87,0
370,917.058,"Mount",0.032,0.077,-0.005,-0.083,0.000,0.000,0,,0,,,,467412,328.26,0
371,919.641,"Mount",0.150,-0.178,0.213,0.094,0.134,0.000,43,W,0,,,,492448,353.47,0
372,922.168,"Mount",-0.468,0.268,-0.539,-0.035,-0.330,0.000,107,E,0,,,,456505,305.16,0
373,924.495,"Mount",0.262,-0.237,0.339,0.098,0.191,0.000,62,W,0,,,,468858,388.47,0
374,926.808,"Mount",-0.046,0.084,-0.078,-0.055,0.000,0.000,0,,0,,,,457492,319.85,0
375,929.075,"Mount",0.036,0.069,0.002,-0.078,0.000,0.000,0,,0,,,,459465,305.26,0
376,931.484,"Mount",-0.015,0.013,-0.019,-0.005,0.000,0.000,0,,0,,,,463858,356.60,0
377,933.802,"Mount",-0.077,0.141,-0.131,-0.093,-0.083,0.000,27,E,0,,,,469464,354.00,0
378,936.166,"Mount",-0.035,0.166,-0.104,-0.133,0.000,0.000,0,,0,,,,469970,324.69,0
379,938.449,"Mount",0.009,0.286,-0.117,-0.261,0.000,0.000,0,,0,,,,456879,295.65,0
380,940.875,"Mount",-0.043,0.100,-0.082,-0.071,0.000,0.000,0,,0,,,,459535,318.59,0
381,943.244,"Mount",-0.255,0.042,-0.248,0.074,-0.156,0.000,51,E,0,,,,454987,313.11,0
382,945.571,"Mount",0.048,-0.117,0.095,0.084,0.000,0.000,0,,0,,,,472222,331.74,0
383,947.802,"Mount",-0.097,0.001,-0.088,0.042,0.000,0.000,0,,0,,,,447568,325.25,0
384,950.319,"Mount",-0.255,0.172,-0.304,-0.043,-0.192,0.000,62,E,0,,,,462196,328.73,0
385,952.698,"Mount",-0.257,0.097,-0.273,0.025,-0.186,0.000,60,E,0,,,,455385,354.79,0
386,955.187,"Mount",-0.063,-0.106,-0.010,0.123,0.000,0.000,0,,0,,,,469575,322.78,0
387,957.469,"Mount",-0.011,-0.058,0.015,0.057,0.000,0.000,0,,0,,,,468669,357.83,0
388,959.870,"Mount",-0.074,0.011,-0.071,0.023,0.000,0.000,0,,0,,,,469352,347.72,0
389,962.129,"Mount",0.043,0.096,-0.004,-0.105,0.000,0.000,0,,0,,,,455878,292.13,0
390,964.614,"Mount",0.017,-0.019,0.023,0.010,0.000,0.000,0,,0,,,,474962,298.56,0
391,966.870,"Mount",-0.096,0.020,-0.095,0.024,0.000,0.000,0,,0,,,,459647,315.73,0
392,969.315,"Mount",-0.045,-0.038,-0.024,0.054,0.000,0.000,0,,0,,,,484321,328.65,0
393,971.639,"Mount",-0.013,0.012,-0.017,-0.005,0.000,0.000,0,,0,,,,454283,337.41,0
394,974.077,"Mount",0.042,0.013,0.032,-0.030,0.000,0.000,0,,0,,,,471015,340.65,0
395,976.316,"Mount",-0.075,0.017,-0.075,0.018,0.000,0.000,0,,0,,,,444449,314.85,0
396,978.723,"Mount",-0.009,-0.108,0.039,0.101,0.000,0.000,0,,0,,,,475665,327.25,0
397,980.967,"Mount",-0.016,-0.014,-0.008,0.019,0.000,0.000,0,,0,,,,450214,343.88,0
398,983.381,"Mount",0.046,-0.172,0.117,0.134,0.000,0.000,0,,0,,,,470680,339.75,0
399,985.802,"Mount",0.167,-0.344,0.301,0.236,0.189,0.236,61,W,50,S,,,490163,367.84,0
400,988.252,"Mount",0.289,-0.138,0.321,-0.003,0.215,0.000,70,W,0,,,,472845,320.65,0
401,990.402,"Mount",0.141,-0.001,0.127,-0.061,0.000,0.000,0,,0,,,,454990,332.60,0
402,992.989,"Mount",-0.243,0.162,-0.289,-0.039,-0.182,0.000,59,E,0,,,,449264,322.73,0
403,995.195,"Mount",0.000,0.070,-0.031,-0.063,0.000,0.000,0,,0,,,,484841,348.92,0
404,997.675,"Mount",-0.131,0.141,-0.179,-0.069,-0.113,0.000,37,E,0,,,,464698,314.53,0
405,999.837,"Mount",-0.046,-0.048,-0.020,0.064,0.000,0.000,0,,0,,,,465750,339.33,0
406,1002.269,"Mount",-0.039,0.020,-0.044,-0.001,0.000,0.000,0,,0,,,,470994,313.99,0
407,1004.612,"Mount",0.178,-0.026,0.171,-0.054,0.108,0.000,35,W,0,,,,469596,349.40,0
408,1006.957,"Mount",0.079,0.008,0.067,-0.042,0.000,0.000,0,,0,,,,455583,338.49,0
409,1009.383,"Mount",0.343,-0.134,0.367,-0.030,0.231,0.000,75,W,0,,,,452539,329.27,0
410,1011.826,"Mount",0.367,-0.147,0.394,-0.029,0.264,0.000,86,W,0,,,,457297,298.15,0
411,1014.091,"Mount",0.312,-0.007,0.283,-0.131,0.197,0.000,64,W,0,,,,461376,371.96,0
412,1016.427,"Mount",0.050,0.101,0.000,-0.113,0.000,0.000,0,,0,,,,462363,336.73,0
413,1018.800,"Mount",0.197,-0.114,0.227,0.016,0.143,0.000,46,W,0,,,,472287,377.00,0
414,1021.119,"Mount",0.032,-0.090,0.069,0.067,0.000,0.000,0,,0,,,,482803,332.17,0
415,1023.650,"Mount",0.007,-0.284,0.131,0.252,0.082,0.252,27,W,53,S,,,460442,317.14,0
416,1026.084,"Mount",-0.176,0.157,-0.227,-0.064,-0.137,0.000,44,E,0,,,,461458,340.50,0
417,1028.314,"Mount",0.190,0.041,0.153,-0.120,0.087,0.000,28,W,0,,,,484265,340.63,0
418,1030.787,"Mount",0.153,-0.204,0.227,0.116,0.149,0.000,48,W,0,,,,493654,370.45,0
419,1033.042,"Mount",0.185,0.001,0.166,-0.083,0.115,0.000,37,W,0,,,,488054,363.00,0
420,1035.497,"Mount",0.194,0.016,0.168,-0.099,0.114,0.000,37,W,0,,,,453947,336.39,0
421,1037.657,"Mount",-0.066,0.070,-0.090,-0.033,0.000,0.000,0,,0,,,,460526,355.20,0
422,1040.101,"Mount",0.049,-0.122,0.097,0.088,0.000,0.000,0,,0,,,,466841,340.38,0
423,1042.327,"Mount",-0.024,-0.036,-0.006,0.043,0.000,0.000,0,,0,,,,467728,356.45,0
424,1044.877,"Mount",0.367,-0.205,0.420,0.023,0.265,0.000,86,W,0,,,,479798,344.35,0
425,1047.036,"Mount",0.064,-0.099,0.101,0.061,0.000,0.000,0,,0,,,,466787,316.78,0
426,1049.555,"Mount",0.194,-0.097,0.217,0.002,0.137,0.000,44,W,0,,,,482643,359.25,0
427,1051.727,"Mount",-0.043,0.051,-0.061,-0.027,0.000,0.000,0,,0,,,,470774,327.78,0
428,1054.142,"Mount",0.057,0.040,0.033,-0.060,0.000,0.000,0,,0,,,,468035,306.52,0
429,1056.421,"Mount",-0.019,0.199,-0.104,-0.170,0.000,0.000,0,,0,,,,474838,325.42,0
430,1058.891,"Mount",0.094,0.069,0.054,-0.104,0.000,0.000,0,,0,,,,475789,349.28,0
431,1061.153,"Mount",0.047,0.144,-0.021,-0.150,0.000,0.000,0,,0,,,,465696,330.21,0
432,1063.602,"Mount",-0.081,0.140,-0.134,-0.090,-0.085,0.000,27,E,0,,,,444376,307.50,0
433,1065.931,"Mount",-0.404,0.458,-0.564,-0.235,-0.361,0.000,117,E,0,,,,457151,333.05,0
434,1068.354,"Mount",0.257,0.031,0.218,-0.141,0.112,0.000,36,W,0,,,,461973,360.66,0
435,1070.618,"Mount",-0.059,0.178,-0.131,-0.134,-0.075,0.000,24,E,0,,,,450189,310.08,0
436,1073.107,"Mount",0.469,-0.042,0.440,-0.169,0.272,0.000,88,W,0,,,,457189,310.66,0
437,1075.382,"Mount",0.174,0.138,0.095,-0.200,0.000,0.000,0,,0,,,,487766,342.88,0
438,1079.426,"Mount",0.497,0.012,0.442,-0.229,0.278,-0.229,90,W,1493,N,,,440571,294.92,0
439,1081.596,"Mount",-0.116,0.023,-0.114,0.031,0.000,0.000,0,,0,,,,468691,301.77,0
440,1084.227,"Mount",-0.923,-0.210,-0.737,0.594,-0.465,0.000,151,E,0,,,,465186,357.66,0
441,1086.646,"Mount",-0.437,-0.279,-0.270,0.443,-0.203,0.000,66,E,0,,,,483133,346.74,0
442,1089.065,"Mount",-0.035,-0.609,0.235,0.563,0.134,0.000,44,W,0,,,,461514,347.80,0
443,1091.227,"Mount",-0.249,-0.482,-0.012,0.542,0.000,0.000,0,,0,,,,470834,334.35,0
444,1095.307,"Mount",-0.576,-0.273,-0.398,0.498,-0.251,0.498,81,E,1514,S,,,485154,323.64,0
445,1097.716,"Mount",-0.270,-0.203,-0.154,0.301,-0.114,0.301,37,E,63,S,,,459347,325.58,0
446,1101.610,"Mount",0.327,0.521,0.065,-0.611,0.000,-0.611,0,,1537,N,,,469082,313.54,0
447,1104.090,"Mount",-0.167,0.538,-0.386,-0.410,-0.243,-0.410,79,E,86,N,,,476170,315.71,0
448,1106.674,"Mount",-0.273,0.213,-0.339,-0.071,-0.231,0.000,75,E,0,,,,468725,321.16,0
449,1108.941,"Mount",-0.194,0.093,-0.215,0.002,-0.152,0.000,49,E,0,,,,451851,323.52,0
450,1111.256,"Mount",0.046,-0.088,0.080,0.059,0.000,0.000,0,,0,,,,474949,341.43,0
451,1113.515,"Mount",0.058,-0.150,0.118,0.110,0.000,0.000,0,,0,,,,465839,331.79,0
452,1116.015,"Mount",-0.170,0.007,-0.156,0.068,-0.098,0.000,32,E,0,,,,453028,324.53,0
453,1118.202,"Mount",0.013,0.199,-0.076,-0.185,0.000,0.000,0,,0,,,,466084,316.53,0
454,1120.737,"Mount",-0.186,0.271,-0.286,-0.162,-0.180,0.000,58,E,0,,,,465160,336.90,0
455,1122.910,"Mount",0.094,0.105,0.039,-0.136,0.000,0.000,0,,0,,,,478248,335.61,0
456,1125.443,"Mount",-0.186,0.199,-0.254,-0.097,-0.160,0.000,52,E,0,,,,452301,320.52,0
457,1127.588,"Mount",-0.025,0.153,-0.090,-0.126,0.000,0.000,0,,0,,,,466787,332.02,0
458,1130.122,"Mount",-0.389,0.218,-0.446,-0.025,-0.281,0.000,91,E,0,,,,475195,337.85,0
459,1132.274,"Mount",-0.061,0.067,-0.084,-0.033,0.000,0.000,0,,0,,,,458707,302.56,0
460,1134.697,"Mount",-0.012,-0.232,0.091,0.214,0.000,0.000,0,,0,,,,473221,359.16,0
461,1137.058,"Mount",0.207,-0.202,0.275,0.090,0.173,0.000,56,W,0,,,,469131,371.46,0
462,1139.393,"Mount",-0.020,-0.035,-0.003,0.040,0.000,0.000,0,,0,,,,467059,321.80,0
463,1141.622,"Mount",0.002,-0.061,0.029,0.054,0.000,0.000,0,,0,,,,464527,318.78,0
464,1144.056,"Mount",-0.022,0.090,-0.059,-0.071,0.000,0.000,0,,0,,,,471831,303.04,0
465,1146.300,"Mount",-0.133,-0.092,-0.079,0.141,0.000,0.000,0,,0,,,,472292,317.97,0
466,1148.820,"Mount",-0.281,0.034,-0.267,0.093,-0.169,0.000,55,E,0,,,,451044,328.11,0
467,1151.104,"Mount",-0.221,0.241,-0.304,-0.120,-0.203,0.000,66,E,0,,,,452977,305.36,0
468,1153.432,"Mount",-0.012,0.189,-0.093,-0.165,0.000,0.000,0,,0,,,,458291,328.51,0
469,1155.751,"Mount",0.045,0.076,0.007,-0.088,0.000,0.000,0,,0,,,,481041,335.47,0
470,1158.194,"Mount",0.082,0.020,0.064,-0.054,0.000,0.000,0,,0,,,,482256,322.84,0
471,1160.489,"Mount",0.089,-0.091,0.120,0.043,0.000,0.000,0,,0,,,,470464,368.60,0
472,1163.082,"Mount",0.460,-0.325,0.556,0.090,0.350,0.000,114,W,0,,,,464825,318.78,0
473,1165.235,"Mount",-0.037,-0.061,-0.007,0.071,0.000,0.000,0,,0,,,,471163,336.48,0
474,1167.757,"Mount",0.072,-0.161,0.135,0.114,0.085,0.000,28,W,0,,,,466187,343.47,0
475,1170.012,"Mount",-0.277,0.004,-0.251,0.118,-0.152,0.000,49,E,0,,,,451924,320.82,0
476,1172.339,"Mount",0.032,-0.206,0.119,0.171,0.000,0.000,0,,0,,,,474662,358.30,0
477,1174.639,"Mount",-0.037,-0.013,-0.027,0.028,0.000,0.000,0,,0,,,,459957,336.46,0
478,1177.081,"Mount",0.077,-0.062,0.096,0.022,0.000,0.000,0,,0,,,,461643,329.57,0
479,1179.340,"Mount",-0.132,-0.097,-0.076,0.145,0.000,0.000,0,,0,,,,453762,315.28,0
480,1181.742,"Mount",0.032,-0.104,0.075,0.080,0.000,0.000,0,,0,,,,477303,342.52,0
481,1183.987,"Mount",-0.046,-0.052,-0.019,0.067,0.000,0.000,0,,0,,,,469022,341.60,0
482,1186.526,"Mount",-0.178,0.002,-0.161,0.076,-0.101,0.000,33,E,0,,,,465934,364.11,0
483,1188.867,"Mount",-0.498,0.065,-0.476,0.160,-0.307,0.000,100,E,0,,,,475368,341.33,0
484,1191.173,"Mount",-0.062,-0.075,-0.023,0.094,0.000,0.000,0,,0,,,,466432,291.39,0
485,1193.491,"Mount",-0.149,0.092,-0.174,-0.017,-0.110,0.000,36,E,0,,,,460951,319.57,0
486,1195.829,"Mount",0.084,-0.102,0.121,0.055,0.000,0.000,0,,0,,,,467064,335.93,0
487,1198.177,"Mount",-0.163,0.017,-0.154,0.056,-0.097,0.000,32,E,0,,,,461193,339.81,0
488,1200.626,"Mount",0.119,-0.240,0.212,0.164,0.127,0.000,41,W,0,,,,482116,321.52,0
489,1202.774,"Mount",0.098,-0.064,0.116,0.015,0.000,0.000,0,,0,,,,466542,337.03,0
490,1205.261,"Mount",0.163,-0.142,0.209,0.056,0.132,0.000,43,W,0,,,,488127,348.48,0
491,1207.448,"Mount",0.013,0.019,0.003,-0.022,0.000,0.000,0,,0,,,,458145,303.01,0
492,1210.033,"Mount",-0.500,0.076,-0.483,0.151,-0.304,0.000,99,E,0,,,,485705,315.08,0
493,1212.283,"Mount",-0.297,0.101,-0.311,0.039,-0.217,0.000,70,E,0,,,,449050,328.28,0
494,1214.634,"Mount",-0.054,-0.004,-0.047,0.027,0.000,0.000,0,,0,,,,466557,360.33,0
495,1217.020,"Mount",-0.235,0.057,-0.237,0.052,-0.149,0.000,48,E,0,,,,455478,312.63,0
496,1219.360,"Mount",0.025,-0.097,0.065,0.076,0.000,0.000,0,,0,,,,473490,368.04,0
497,1221.689,"Mount",0.033,-0.181,0.109,0.148,0.000,0.000,0,,0,,,,487799,342.87,0
498,1224.276,"Mount",0.563,-0.320,0.646,0.040,0.407,0.000,132,W,0,,,,466364,325.48,0
499,1226.541,"Mount",0.069,-0.187,0.144,0.137,0.119,0.000,39,W,0,,,,461622,297.69,0
500,1229.027,"Mount",-0.268,-0.012,-0.236,0.128,-0.140,0.000,45,E,0,,,,469231,349.28,0
501,1231.222,"Mount",0.043,-0.149,0.104,0.115,0.000,0.000,0,,0,,,,481801,318.42,0
502,1233.661,"Mount",-0.085,-0.068,-0.046,0.098,0.000,0.000,0,,0,,,,465485,362.34,0
503,1236.014,"Mount",-0.225,-0.056,-0.178,0.149,-0.112,0.000,36,E,0,,,,473828,325.89,0
504,1238.504,"Mount",-0.275,-0.050,-0.225,0.166,-0.150,0.000,49,E,0,,,,457719,308.61,0
505,1240.755,"Mount",0.201,-0.258,0.294,0.143,0.175,0.000,57,W,0,,,,460788,303.82,0
506,1243.109,"Mount",-0.135,-0.227,-0.022,0.263,0.000,0.000,0,,0,,,,463399,325.63,0
507,1245.434,"Mount",-0.007,-0.429,0.182,0.388,0.115,0.000,37,W,0,,,,474095,329.87,0
508,1249.354,"Mount",-0.401,-0.092,-0.320,0.258,-0.193,0.258,63,E,1463,S,,,464191,299.76,0
509,1251.661,"Mount",-0.065,-0.202,0.030,0.209,0.000,0.209,0,,44,S,,,487098,322.33,0
510,1254.116,"Mount",0.004,0.520,-0.225,-0.469,-0.142,0.000,46,E,0,,,,482151,329.35,0
511,1256.268,"Mount",0.323,0.490,0.075,-0.582,0.000,0.000,0,,0,,,,463826,329.48,0
512,1258.700,"Mount",0.283,0.337,0.106,-0.427,0.000,0.000,0,,0,,,,458551,332.19,0
513,1261.001,"Mount",0.317,0.440,0.092,-0.534,0.000,0.000,0,,0,,,,457769,319.89,0
514,1263.437,"Mount",0.342,0.406,0.129,-0.514,0.000,0.000,0,,0,,,,473028,330.87,0
515,1267.316,"Mount",0.383,0.557,0.100,-0.668,0.000,-0.668,0,,1549,N,,,467444,286.71,0
516,1269.941,"Mount",-0.124,0.292,-0.240,-0.208,-0.151,-0.208,49,E,44,N,,,448608,294.55,0
517,1272.104,"Mount",0.050,0.157,-0.024,-0.163,0.000,0.000,0,,0,,,,453442,305.98,0
518,1274.881,"Mount",-0.111,0.060,-0.126,-0.006,0.000,0.000,0,,0,,,,467559,332.79,0
519,1277.769,"Mount",-0.321,0.257,-0.401,-0.090,-0.253,0.000,82,E,0,,,,457030,314.77,0
520,1280.157,"Mount",0.023,0.018,0.013,-0.026,0.000,0.000,0,,0,,,,480288,354.85,0
521,1282.452,"Mount",0.106,-0.031,0.109,-0.019,0.000,0.000,0,,0,,,,462468,340.55,0
522,1285.277,"Mount",0.549,-0.231,0.595,-0.034,0.375,0.000,122,W,0,,,,476058,368.43,0
523,1287.753,"Mount",0.392,-0.222,0.449,0.027,0.309,0.000,100,W,0,,,,465712,317.14,0
524,1290.203,"Mount",0.159,-0.058,0.168,-0.017,0.127,0.000,41,W,0,,,,474868,330.80,0
INFO: SET LOCK POSITION, new lock pos = 1143.263, 460.005
INFO: DITHER by -1.497, 3.960, new lock pos = 1140.180, 457.104
INFO: SETTLING STATE CHANGE, Settling started
525,1294.326,"Mount",3.083,2.901,1.497,-3.960,1.497,-3.960,486,W,831,N,,,448922,355.85,0
526,1297.859,"Mount",-0.391,3.298,-1.798,-2.792,-1.133,-2.792,367,E,586,N,,,452411,303.57,0
527,1300.939,"Mount",0.349,2.147,-0.629,-2.082,-0.475,-2.082,154,E,437,N,,,465013,355.17,0
528,1305.554,"Mount",0.071,-1.976,0.931,1.745,0.553,1.745,179,W,1775,S,,,452329,322.60,0
529,1308.379,"Mount",0.554,-1.088,0.975,0.735,0.653,0.735,212,W,154,S,,,462579,330.53,0
530,1311.202,"Mount",0.157,-0.960,0.562,0.794,0.400,0.794,130,W,167,S,,,468354,314.62,0
531,1313.807,"Mount",-0.124,-0.423,0.075,0.434,0.000,0.434,0,,91,S,,,486906,328.01,0
532,1316.377,"Mount",0.113,-0.299,0.233,0.219,0.147,0.219,48,W,46,S,,,471383,335.88,0
533,1319.189,"Mount",-0.397,-0.077,-0.323,0.243,-0.193,0.243,63,E,51,S,,,471781,313.19,0
534,1321.515,"Mount",0.192,0.005,0.170,-0.089,0.094,0.000,30,W,0,,,,483734,350.76,0
INFO: SETTLING STATE CHANGE, Settling complete
535,1324.170,"Mount",0.365,-0.045,0.348,-0.120,0.226,0.000,73,W,0,,,,480152,323.76,0
Guiding Ends at 2026-08-31 23:09:34

Guiding Begins at 2026-08-31 23:13:36
Equipment Profile = SW4P_EVO
Dither = both axes, Dither scale = 1.000, Image noise reduction = 2x2 mean, Guide-frame time lapse = 0, Server enabled
Pixel scale = 2.91 arc-sec/px, Binning = 1, Focal length = 266 mm
Search region = 15 px, Star mass tolerance = 50.0%, Multi-star mode, list size = 12
 Camera = ZWO ASI120MM Mini (ASCOM), full size = 1280 x 960, have dark, dark dur = 2000, no defect map, pixel size = 3.8 um
Exposure = 2000 ms
Mount = GPUSB, connected, guiding enabled, AuxMount=CPWI_ASCOM_Telescope, xAngle = -26.0, xRate = 3.083, yAngle = -116.0, yRate = 4.762, parity = +/-
Norm rates RA = 13.1"/s @ dec 0, Dec = 13.8"/s; ortho.err. = 0.0 deg
X guide algorithm = Hysteresis, Hysteresis = 0.100, Aggression = 0.700, Minimum move = 0.130
Y guide algorithm = Resist Switch, Minimum move = 0.200 Aggression = 100% FastSwitch = enabled
Backlash comp = enabled, pulse = 1409 ms
Max RA duration = 2500, Max DEC duration = 2500, DEC guide mode = Auto
RA Guide Speed = 14.9 a-s/s, Dec Guide Speed = 14.9 a-s/s, Cal Dec = -0.0, Last Cal Issue = None, Timestamp = 31/08/2026 21:19:06
RA = 20.03 hr, Dec = 46.7 deg, Hour angle = 0.64 hr, Pier side = East, Rotator pos = N/A, Alt = 82.0 deg, Az = 304.8 deg
Lock position = 679.369, 878.221, Star position = 679.369, 878.221, HFD = 3.28 px
Frame,Time,mount,dx,dy,RARawDistance,DECRawDistance,RAGuideDistance,DECGuideDistance,RADuration,RADirection,DECDuration,DECDirection,XStep,YStep,StarMass,SNR,ErrorCode
INFO: SETTLING STATE CHANGE, Settling started
1,2.627,"Mount",0.010,0.131,-0.048,-0.122,0.000,0.000,0,,0,,,,472640,361.31,0
2,5.034,"Mount",-0.090,0.235,-0.184,-0.172,-0.116,0.000,38,E,0,,,,467054,329.76,0
3,7.357,"Mount",0.052,0.189,-0.037,-0.193,0.000,0.000,0,,0,,,,471531,328.47,0
4,9.611,"Mount",0.289,0.319,0.120,-0.413,0.000,0.000,0,,0,,,,499612,357.38,0
5,12.126,"Mount",0.281,0.165,0.180,-0.271,0.113,0.000,37,W,0,,,,447811,328.99,0
INFO: SETTLING STATE CHANGE, Settling complete
6,14.286,"Mount",0.149,0.140,0.073,-0.191,0.000,0.000,0,,0,,,,475077,317.09,0
7,16.861,"Mount",0.324,0.015,0.285,-0.156,0.179,0.000,58,W,0,,,,480656,323.20,0
8,19.077,"Mount",0.235,0.040,0.194,-0.139,0.135,0.000,44,W,0,,,,493571,349.70,0
9,21.399,"Mount",-0.106,0.045,-0.115,0.006,0.000,0.000,0,,0,,,,477862,370.58,0
10,23.749,"Mount",-0.219,0.392,-0.369,-0.257,-0.232,0.000,75,E,0,,,,484600,342.93,0
11,26.097,"Mount",0.041,0.115,-0.013,-0.122,0.000,0.000,0,,0,,,,484780,365.44,0
12,28.461,"Mount",-0.321,0.122,-0.342,0.031,-0.216,0.000,70,E,0,,,,458773,331.40,0
13,30.884,"Mount",0.076,-0.132,0.126,0.085,0.000,0.000,0,,0,,,,470263,333.05,0
14,33.167,"Mount",0.015,0.007,0.011,-0.013,0.000,0.000,0,,0,,,,452555,335.78,0
15,35.781,"Mount",0.348,-0.130,0.370,-0.036,0.233,0.000,76,W,0,,,,471329,310.63,0
16,38.053,"Mount",0.325,-0.273,0.412,0.103,0.276,0.000,89,W,0,,,,489053,321.77,0
17,40.462,"Mount",0.202,-0.131,0.239,0.029,0.170,0.000,55,W,0,,,,478556,361.93,0
18,42.774,"Mount",0.251,-0.100,0.269,-0.020,0.182,0.000,59,W,0,,,,499913,373.05,0
19,45.103,"Mount",0.091,0.146,0.018,-0.172,0.000,0.000,0,,0,,,,475587,370.87,0
20,47.381,"Mount",0.193,0.154,0.106,-0.223,0.000,0.000,0,,0,,,,481053,347.04,0
21,49.803,"Mount",0.145,0.071,0.099,-0.128,0.000,0.000,0,,0,,,,466038,328.89,0
22,52.125,"Mount",0.296,0.069,0.235,-0.192,0.148,0.000,48,W,0,,,,474237,351.66,0
23,54.539,"Mount",0.259,0.031,0.219,-0.141,0.148,0.000,48,W,0,,,,461385,305.00,0
24,56.845,"Mount",0.208,-0.017,0.195,-0.076,0.133,0.000,43,W,0,,,,481173,347.65,0
25,59.303,"Mount",0.180,-0.045,0.182,-0.038,0.124,0.000,40,W,0,,,,474634,301.54,0
26,61.549,"Mount",0.238,0.038,0.197,-0.139,0.133,0.000,43,W,0,,,,481276,348.88,0
27,63.856,"Mount",0.023,0.095,-0.021,-0.095,0.000,0.000,0,,0,,,,466990,335.70,0
28,66.128,"Mount",-0.006,0.026,-0.016,-0.021,0.000,0.000,0,,0,,,,464422,340.88,0
29,68.711,"Mount",-0.293,0.150,-0.329,-0.006,-0.207,0.000,67,E,0,,,,452175,349.62,0
30,70.890,"Mount",0.083,0.056,0.050,-0.087,0.000,0.000,0,,0,,,,472936,336.64,0
31,73.322,"Mount",0.079,-0.004,0.072,-0.031,0.000,0.000,0,,0,,,,488009,311.17,0
32,75.766,"Mount",0.656,-0.243,0.696,-0.070,0.439,0.000,142,W,0,,,,465449,340.11,0
33,78.239,"Mount",-0.265,0.182,-0.318,-0.048,-0.170,0.000,55,E,0,,,,468290,317.70,0
34,80.485,"Mount",0.265,-0.085,0.275,-0.040,0.162,0.000,52,W,0,,,,490123,348.54,0
35,82.837,"Mount",-0.015,-0.183,0.067,0.171,0.000,0.000,0,,0,,,,478731,335.25,0
36,85.133,"Mount",0.077,-0.149,0.135,0.099,0.085,0.000,28,W,0,,,,475181,330.98,0
37,87.703,"Mount",-0.269,0.147,-0.307,-0.014,-0.187,0.000,61,E,0,,,,462900,330.42,0
38,89.946,"Mount",-0.222,-0.053,-0.176,0.145,-0.124,0.000,40,E,0,,,,466880,321.65,0
39,92.297,"Mount",-0.111,-0.005,-0.098,0.053,0.000,0.000,0,,0,,,,460168,358.82,0
40,94.723,"Mount",-0.225,0.225,-0.301,-0.103,-0.190,0.000,62,E,0,,,,457689,347.00,0
41,97.054,"Mount",-0.121,-0.016,-0.101,0.067,0.000,0.000,0,,0,,,,475422,335.59,0
42,99.419,"Mount",-0.161,0.044,-0.164,0.031,-0.103,0.000,33,E,0,,,,463179,323.96,0
43,101.775,"Mount",0.062,0.114,0.006,-0.130,0.000,0.000,0,,0,,,,475960,344.55,0
44,104.205,"Mount",0.233,-0.088,0.248,-0.023,0.156,0.000,51,W,0,,,,474914,342.31,0
45,106.547,"Mount",-0.025,-0.085,0.015,0.088,0.000,0.000,0,,0,,,,458920,308.30,0
46,108.893,"Mount",0.097,-0.126,0.143,0.070,0.090,0.000,29,W,0,,,,470227,333.76,0
47,111.265,"Mount",-0.131,0.008,-0.121,0.050,0.000,0.000,0,,0,,,,464787,338.33,0
48,113.589,"Mount",-0.414,0.025,-0.383,0.160,-0.241,0.000,78,E,0,,,,459391,318.23,0
49,115.903,"Mount",-0.055,0.063,-0.077,-0.033,0.000,0.000,0,,0,,,,467864,327.64,0
50,118.229,"Mount",-0.136,0.039,-0.140,0.025,-0.088,0.000,29,E,0,,,,463020,332.97,0
51,120.571,"Mount",-0.130,-0.051,-0.094,0.103,0.000,0.000,0,,0,,,,459339,315.10,0
52,122.974,"Mount",-0.363,0.064,-0.354,0.102,-0.223,0.000,72,E,0,,,,465979,325.06,0
53,125.309,"Mount",0.022,-0.015,0.026,0.004,0.000,0.000,0,,0,,,,470466,294.59,0
54,127.694,"Mount",-0.240,0.106,-0.262,0.010,-0.165,0.000,54,E,0,,,,463840,360.85,0
55,130.086,"Mount",0.087,-0.195,0.164,0.137,0.092,0.000,30,W,0,,,,480726,370.00,0
56,132.355,"Mount",-0.215,-0.056,-0.169,0.145,-0.100,0.000,32,E,0,,,,468539,351.51,0
57,134.729,"Mount",-0.170,-0.141,-0.091,0.201,0.000,0.000,0,,0,,,,474176,326.17,0
58,137.070,"Mount",-0.412,-0.111,-0.321,0.280,-0.202,0.000,66,E,0,,,,466244,363.01,0
59,139.450,"Mount",0.021,-0.092,0.059,0.073,0.000,0.000,0,,0,,,,476523,379.43,0
60,141.877,"Mount",-0.220,-0.115,-0.147,0.200,-0.093,0.200,30,E,42,S,,,460514,325.85,0
61,144.287,"Mount",0.191,-0.220,0.268,0.113,0.163,0.000,53,W,0,,,,486481,359.78,0
62,146.442,"Mount",-0.162,-0.083,-0.109,0.145,0.000,0.000,0,,0,,,,456348,341.16,0
63,148.997,"Mount",-0.303,-0.041,-0.255,0.170,-0.160,0.000,52,E,0,,,,461250,337.61,0
64,151.365,"Mount",-0.332,-0.144,-0.236,0.275,-0.160,0.275,52,E,58,S,,,461577,327.71,0
65,153.775,"Mount",0.239,-0.018,0.223,-0.089,0.129,0.000,42,W,0,,,,472932,339.13,0
66,156.049,"Mount",-0.308,0.252,-0.387,-0.091,-0.235,0.000,76,E,0,,,,478348,336.96,0
67,158.369,"Mount",-0.052,0.155,-0.115,-0.117,0.000,0.000,0,,0,,,,474385,341.12,0
68,160.750,"Mount",-0.115,0.299,-0.234,-0.218,-0.148,0.000,48,E,0,,,,473073,310.52,0
69,163.177,"Mount",0.213,0.107,0.144,-0.189,0.081,0.000,26,W,0,,,,474936,348.28,0
70,165.454,"Mount",0.201,-0.063,0.208,-0.032,0.137,0.000,44,W,0,,,,483147,330.94,0
71,167.884,"Mount",0.219,-0.044,0.217,-0.056,0.146,0.000,47,W,0,,,,488226,312.04,0
72,170.135,"Mount",0.174,-0.175,0.233,0.081,0.157,0.000,51,W,0,,,,475193,336.06,0
73,172.581,"Mount",-0.376,0.087,-0.376,0.087,-0.226,0.000,73,E,0,,,,461434,335.21,0
74,174.854,"Mount",-0.145,0.034,-0.145,0.033,-0.107,0.000,35,E,0,,,,467935,340.77,0
75,177.195,"Mount",0.042,0.000,0.037,-0.019,0.000,0.000,0,,0,,,,473316,336.17,0
76,179.425,"Mount",0.042,0.089,-0.001,-0.099,0.000,0.000,0,,0,,,,463876,314.38,0
77,181.930,"Mount",-0.016,0.051,-0.037,-0.039,0.000,0.000,0,,0,,,,469967,313.98,0
78,184.279,"Mount",-0.223,0.063,-0.228,0.041,-0.144,0.000,47,E,0,,,,453666,319.54,0
79,186.617,"Mount",0.084,-0.100,0.119,0.053,0.000,0.000,0,,0,,,,489514,334.41,0
80,189.070,"Mount",0.462,-0.374,0.579,0.134,0.365,0.000,118,W,0,,,,477722,380.12,0
81,191.474,"Mount",0.013,-0.039,0.029,0.029,0.000,0.000,0,,0,,,,457623,324.69,0
82,193.829,"Mount",0.265,-0.141,0.300,0.011,0.189,0.000,61,W,0,,,,465970,312.33,0
83,196.164,"Mount",0.073,0.007,0.062,-0.038,0.000,0.000,0,,0,,,,455847,320.81,0
84,198.432,"Mount",0.092,0.001,0.082,-0.041,0.000,0.000,0,,0,,,,462839,335.58,0
85,200.837,"Mount",-0.046,-0.086,-0.004,0.098,0.000,0.000,0,,0,,,,456098,329.88,0
86,203.113,"Mount",0.054,-0.118,0.100,0.082,0.000,0.000,0,,0,,,,472348,335.35,0
87,205.546,"Mount",-0.119,-0.028,-0.094,0.078,0.000,0.000,0,,0,,,,464426,342.16,0
88,207.770,"Mount",-0.054,-0.095,-0.007,0.109,0.000,0.000,0,,0,,,,473422,333.77,0
89,210.173,"Mount",-0.063,0.019,-0.065,0.011,0.000,0.000,0,,0,,,,481068,347.51,0
90,212.418,"Mount",-0.041,0.026,-0.049,-0.005,0.000,0.000,0,,0,,,,459827,335.57,0
91,214.901,"Mount",0.026,-0.110,0.072,0.088,0.000,0.000,0,,0,,,,473768,369.26,0
92,217.135,"Mount",0.045,-0.142,0.103,0.108,0.000,0.000,0,,0,,,,474525,330.54,0
93,219.559,"Mount",0.025,-0.179,0.101,0.150,0.000,0.000,0,,0,,,,474714,356.05,0
94,221.870,"Mount",-0.032,0.031,-0.042,-0.014,0.000,0.000,0,,0,,,,448341,330.38,0
95,224.321,"Mount",0.057,0.031,0.038,-0.053,0.000,0.000,0,,0,,,,482361,335.18,0
96,226.718,"Mount",0.164,-0.080,0.183,-0.000,0.115,0.000,37,W,0,,,,490389,362.51,0
97,229.269,"Mount",-0.558,0.011,-0.506,0.235,-0.311,0.235,101,E,49,S,,,481592,328.52,0
98,231.431,"Mount",-0.148,-0.070,-0.102,0.128,0.000,0.000,0,,0,,,,469708,370.27,0
99,233.895,"Mount",0.143,-0.010,0.132,-0.054,0.083,0.000,27,W,0,,,,458846,325.98,0
100,236.223,"Mount",0.163,0.028,0.134,-0.097,0.090,0.000,29,W,0,,,,483477,346.56,0
101,238.545,"Mount",0.007,-0.035,0.021,0.028,0.000,0.000,0,,0,,,,461580,303.63,0
102,241.022,"Mount",-0.187,0.070,-0.199,0.019,-0.125,0.000,41,E,0,,,,458419,316.20,0
103,243.395,"Mount",0.063,0.033,0.043,-0.057,0.000,0.000,0,,0,,,,475229,335.52,0
104,245.717,"Mount",-0.159,0.150,-0.209,-0.065,-0.131,0.000,43,E,0,,,,465530,336.41,0
105,248.057,"Mount",0.038,0.132,-0.024,-0.135,0.000,0.000,0,,0,,,,463873,328.31,0
106,250.432,"Mount",-0.115,0.072,-0.134,-0.014,-0.085,0.000,27,E,0,,,,452439,326.98,0
107,253.030,"Mount",0.610,-0.200,0.635,-0.088,0.394,0.000,128,W,0,,,,463378,322.00,0
108,255.177,"Mount",-0.062,0.111,-0.104,-0.073,0.000,0.000,0,,0,,,,477424,364.44,0
109,257.695,"Mount",0.093,-0.110,0.132,0.058,0.083,0.000,27,W,0,,,,471387,334.25,0
110,259.864,"Mount",-0.065,-0.061,-0.031,0.083,0.000,0.000,0,,0,,,,476756,337.20,0
111,262.258,"Mount",0.000,0.057,-0.025,-0.052,0.000,0.000,0,,0,,,,485220,315.49,0
112,264.490,"Mount",-0.040,0.009,-0.040,0.010,0.000,0.000,0,,0,,,,471963,362.99,0
113,266.987,"Mount",-0.218,0.048,-0.217,0.052,-0.137,0.000,44,E,0,,,,460555,340.22,0
114,269.183,"Mount",-0.130,0.028,-0.129,0.032,0.000,0.000,0,,0,,,,465019,316.28,0
115,271.750,"Mount",-0.147,0.031,-0.146,0.037,-0.092,0.000,30,E,0,,,,445751,337.09,0
116,273.917,"Mount",-0.084,-0.012,-0.070,0.047,0.000,0.000,0,,0,,,,475196,333.54,0
117,276.470,"Mount",0.216,0.028,0.181,-0.120,0.114,0.000,37,W,0,,,,458901,339.77,0
118,278.647,"Mount",-0.036,0.084,-0.069,-0.060,0.000,0.000,0,,0,,,,468008,344.73,0
119,281.110,"Mount",0.125,-0.013,0.118,-0.043,0.000,0.000,0,,0,,,,471901,314.02,0
120,283.374,"Mount",0.001,0.091,-0.039,-0.082,0.000,0.000,0,,0,,,,471439,344.43,0
121,285.778,"Mount",-0.017,-0.030,-0.002,0.034,0.000,0.000,0,,0,,,,476648,340.07,0
122,288.097,"Mount",-0.203,-0.061,-0.156,0.144,-0.098,0.000,32,E,0,,,,463094,342.34,0
123,290.410,"Mount",-0.118,-0.087,-0.068,0.130,0.000,0.000,0,,0,,,,469177,327.13,0
124,292.834,"Mount",-0.108,-0.221,-0.000,0.246,0.000,0.246,0,,52,S,,,475786,316.73,0
125,295.150,"Mount",-0.017,0.002,-0.016,0.006,0.000,0.000,0,,0,,,,464867,346.18,0
126,297.405,"Mount",0.059,0.094,0.012,-0.110,0.000,0.000,0,,0,,,,472360,361.91,0
127,299.812,"Mount",-0.018,0.026,-0.028,-0.016,0.000,0.000,0,,0,,,,474117,341.22,0
128,302.039,"Mount",0.043,-0.066,0.067,0.041,0.000,0.000,0,,0,,,,485536,353.67,0
129,304.472,"Mount",0.016,-0.178,0.093,0.153,0.000,0.000,0,,0,,,,490716,352.00,0
130,306.758,"Mount",0.117,0.187,0.023,-0.220,0.000,0.000,0,,0,,,,482694,327.16,0
131,309.180,"Mount",0.188,0.106,0.123,-0.178,0.000,0.000,0,,0,,,,476606,299.99,0
132,311.442,"Mount",-0.004,-0.119,0.049,0.108,0.000,0.000,0,,0,,,,488153,346.80,0
133,313.887,"Mount",0.147,0.114,0.082,-0.167,0.000,0.000,0,,0,,,,476252,362.41,0
134,316.295,"Mount",0.324,-0.061,0.318,-0.087,0.200,0.000,65,W,0,,,,475694,317.81,0
135,318.787,"Mount",0.276,-0.043,0.266,-0.082,0.182,0.000,59,W,0,,,,463861,346.70,0
136,320.956,"Mount",-0.132,-0.028,-0.106,0.083,0.000,0.000,0,,0,,,,464233,320.54,0
137,323.559,"Mount",-0.630,0.183,-0.646,0.112,-0.407,0.000,132,E,0,,,,460006,336.91,0
138,325.741,"Mount",-0.086,-0.012,-0.072,0.049,0.000,0.000,0,,0,,,,464732,351.86,0
139,328.307,"Mount",-0.231,-0.033,-0.193,0.131,-0.122,0.000,39,E,0,,,,456066,311.94,0
140,330.589,"Mount",-0.241,0.088,-0.255,0.027,-0.169,0.000,55,E,0,,,,471570,350.60,0
141,333.013,"Mount",-0.190,-0.040,-0.153,0.120,-0.108,0.000,35,E,0,,,,462180,314.74,0
142,335.277,"Mount",0.230,-0.201,0.295,0.080,0.178,0.000,58,W,0,,,,475682,352.22,0
143,337.601,"Mount",0.076,0.016,0.061,-0.047,0.000,0.000,0,,0,,,,452782,313.40,0
144,339.982,"Mount",0.352,-0.355,0.472,0.165,0.297,0.000,96,W,0,,,,480750,356.51,0
145,342.422,"Mount",0.306,-0.338,0.423,0.170,0.287,0.000,93,W,0,,,,483167,353.98,0
146,344.694,"Mount",-0.206,-0.157,-0.117,0.232,0.000,0.232,0,,49,S,,,473936,354.58,0
147,347.145,"Mount",-0.203,0.133,-0.241,-0.031,-0.152,0.000,49,E,0,,,,473425,317.13,0
148,349.305,"Mount",-0.006,0.039,-0.023,-0.032,0.000,0.000,0,,0,,,,472131,343.92,0
149,351.783,"Mount",0.115,0.199,0.016,-0.229,0.000,0.000,0,,0,,,,475985,369.88,0
150,354.006,"Mount",0.085,0.058,0.051,-0.090,0.000,0.000,0,,0,,,,472057,325.85,0
151,356.408,"Mount",0.044,0.047,0.019,-0.062,0.000,0.000,0,,0,,,,493119,348.67,0
152,358.727,"Mount",0.079,0.037,0.054,-0.068,0.000,0.000,0,,0,,,,470742,306.02,0
153,361.303,"Mount",0.431,-0.385,0.557,0.157,0.351,0.000,114,W,0,,,,466011,311.13,0
154,363.452,"Mount",0.018,0.040,-0.001,-0.044,0.000,0.000,0,,0,,,,474312,373.49,0
155,365.858,"Mount",0.008,-0.076,0.040,0.065,0.000,0.000,0,,0,,,,469345,331.40,0
156,368.291,"Mount",-0.261,0.102,-0.279,0.022,-0.176,0.000,57,E,0,,,,464729,330.86,0
157,370.609,"Mount",0.111,-0.011,0.104,-0.039,0.000,0.000,0,,0,,,,496818,373.94,0
158,372.992,"Mount",-0.212,-0.100,-0.147,0.183,-0.093,0.000,30,E,0,,,,460574,333.48,0
159,375.470,"Mount",0.493,-0.321,0.584,0.071,0.361,0.000,117,W,0,,,,473341,323.41,0
160,377.667,"Mount",-0.041,-0.010,-0.033,0.027,0.000,0.000,0,,0,,,,485790,340.93,0
161,380.084,"Mount",0.101,0.004,0.089,-0.048,0.000,0.000,0,,0,,,,463352,326.62,0
162,382.446,"Mount",0.133,-0.160,0.190,0.085,0.120,0.000,39,W,0,,,,476248,343.67,0
163,384.803,"Mount",-0.107,0.025,-0.107,0.025,0.000,0.000,0,,0,,,,475767,357.58,0
164,387.209,"Mount",-0.403,0.131,-0.420,0.059,-0.265,0.000,86,E,0,,,,477788,340.38,0
165,389.542,"Mount",0.007,-0.006,0.008,0.002,0.000,0.000,0,,0,,,,481704,327.27,0
166,391.943,"Mount",-0.231,-0.060,-0.182,0.155,-0.114,0.000,37,E,0,,,,485939,340.29,0
167,394.366,"Mount",-0.370,0.243,-0.439,-0.056,-0.284,0.000,92,E,0,,,,471897,340.42,0
168,396.632,"Mount",-0.199,-0.003,-0.177,0.090,-0.132,0.000,43,E,0,,,,473336,327.65,0
169,399.069,"Mount",-0.192,-0.009,-0.169,0.093,-0.116,0.000,37,E,0,,,,462683,323.42,0
170,401.326,"Mount",0.161,-0.055,0.169,-0.021,0.098,0.000,32,W,0,,,,477465,336.89,0
171,403.785,"Mount",0.263,-0.007,0.240,-0.109,0.158,0.000,51,W,0,,,,470998,337.34,0
172,405.944,"Mount",0.062,-0.033,0.070,0.002,0.000,0.000,0,,0,,,,459523,339.70,0
173,408.374,"Mount",0.105,-0.047,0.115,-0.003,0.000,0.000,0,,0,,,,469514,318.50,0
174,410.633,"Mount",-0.026,-0.005,-0.021,0.016,0.000,0.000,0,,0,,,,480258,338.20,0
175,413.175,"Mount",-0.326,0.103,-0.338,0.051,-0.213,0.000,69,E,0,,,,458152,378.08,0
176,415.422,"Mount",-0.269,0.011,-0.246,0.108,-0.170,0.000,55,E,0,,,,476613,334.45,0
177,417.738,"Mount",0.069,0.048,0.041,-0.073,0.000,0.000,0,,0,,,,481698,345.25,0
178,419.979,"Mount",0.031,-0.058,0.053,0.038,0.000,0.000,0,,0,,,,466698,350.85,0
179,422.465,"Mount",-0.173,0.081,-0.191,0.003,-0.121,0.000,39,E,0,,,,445290,346.55,0
180,424.752,"Mount",0.149,-0.215,0.228,0.128,0.135,0.000,44,W,0,,,,472117,338.39,0
181,427.222,"Mount",-0.289,0.033,-0.274,0.097,-0.163,0.000,53,E,0,,,,472552,361.77,0
182,429.535,"Mount",-0.301,-0.004,-0.269,0.136,-0.181,0.000,59,E,0,,,,452001,302.26,0
183,431.951,"Mount",-0.069,-0.152,0.005,0.167,0.000,0.000,0,,0,,,,464818,325.71,0
184,434.194,"Mount",-0.062,-0.123,-0.002,0.138,0.000,0.000,0,,0,,,,468835,317.10,0
185,436.620,"Mount",-0.170,-0.065,-0.125,0.133,0.000,0.000,0,,0,,,,448201,355.69,0
186,438.981,"Mount",-0.129,-0.019,-0.108,0.073,0.000,0.000,0,,0,,,,454246,309.53,0
187,441.512,"Mount",-0.228,0.053,-0.228,0.053,-0.144,0.000,47,E,0,,,,470982,337.54,0
188,443.658,"Mount",0.026,0.004,0.022,-0.015,0.000,0.000,0,,0,,,,476678,323.40,0
189,446.119,"Mount",0.032,0.031,0.015,-0.041,0.000,0.000,0,,0,,,,480576,351.17,0
190,448.366,"Mount",0.024,0.026,0.011,-0.034,0.000,0.000,0,,0,,,,477526,348.13,0
191,451.054,"Mount",-0.481,0.057,-0.457,0.159,-0.288,0.000,93,E,0,,,,471627,355.80,0
192,453.209,"Mount",0.034,-0.090,0.070,0.066,0.000,0.000,0,,0,,,,475644,366.10,0
193,455.792,"Mount",-0.410,0.108,-0.416,0.083,-0.262,0.000,85,E,0,,,,471535,339.67,0
194,457.942,"Mount",-0.089,-0.097,-0.037,0.126,0.000,0.000,0,,0,,,,485026,355.71,0
195,460.338,"Mount",-0.066,-0.100,-0.015,0.118,0.000,0.000,0,,0,,,,461556,312.05,0
196,462.619,"Mount",-0.110,-0.091,-0.058,0.130,0.000,0.000,0,,0,,,,465227,359.98,0
197,465.074,"Mount",-0.114,-0.133,-0.044,0.169,0.000,0.000,0,,0,,,,466497,330.38,0
198,467.324,"Mount",0.091,-0.095,0.124,0.046,0.000,0.000,0,,0,,,,455481,329.39,0
199,469.822,"Mount",0.189,-0.274,0.290,0.163,0.183,0.000,59,W,0,,,,487568,356.76,0
200,472.182,"Mount",-0.239,-0.168,-0.141,0.255,-0.076,0.255,25,E,54,S,,,463035,363.56,0
201,474.631,"Mount",-0.483,0.074,-0.466,0.146,-0.299,0.000,97,E,0,,,,466260,327.74,0
202,476.924,"Mount",-0.187,0.214,-0.262,-0.111,-0.186,0.000,60,E,0,,,,478886,341.28,0
203,479.270,"Mount",-0.078,-0.010,-0.065,0.043,0.000,0.000,0,,0,,,,459949,335.83,0
204,481.760,"Mount",-0.155,-0.006,-0.137,0.074,-0.086,0.000,28,E,0,,,,461278,349.11,0
205,484.075,"Mount",0.041,0.009,0.033,-0.026,0.000,0.000,0,,0,,,,479267,334.59,0
206,486.334,"Mount",0.045,-0.067,0.069,0.041,0.000,0.000,0,,0,,,,449781,339.56,0
207,488.989,"Mount",0.642,-0.306,0.712,-0.007,0.448,0.000,145,W,0,,,,467585,326.81,0
208,491.343,"Mount",0.117,-0.071,0.136,0.012,0.117,0.000,38,W,0,,,,475650,303.67,0
209,493.663,"Mount",-0.028,0.127,-0.081,-0.102,0.000,0.000,0,,0,,,,472135,342.56,0
210,495.982,"Mount",-0.133,0.219,-0.216,-0.138,-0.136,0.000,44,E,0,,,,475496,358.38,0
211,498.463,"Mount",0.252,0.090,0.187,-0.191,0.108,0.000,35,W,0,,,,464137,294.03,0
212,500.748,"Mount",-0.121,0.177,-0.187,-0.106,-0.110,0.000,36,E,0,,,,471952,336.71,0
213,503.057,"Mount",0.126,-0.009,0.117,-0.047,0.000,0.000,0,,0,,,,468541,309.88,0
214,505.310,"Mount",0.007,-0.048,0.027,0.040,0.000,0.000,0,,0,,,,478112,346.02,0
215,507.706,"Mount",0.098,0.037,0.071,-0.076,0.000,0.000,0,,0,,,,485258,347.55,0
216,510.020,"Mount",0.151,-0.042,0.154,-0.028,0.097,0.000,32,W,0,,,,481277,332.98,0
217,512.342,"Mount",0.168,0.052,0.128,-0.120,0.000,0.000,0,,0,,,,479942,356.84,0
218,514.589,"Mount",0.082,-0.003,0.075,-0.033,0.000,0.000,0,,0,,,,470494,352.26,0
219,517.026,"Mount",-0.078,-0.076,-0.037,0.103,0.000,0.000,0,,0,,,,463348,333.26,0
220,519.533,"Mount",-0.332,-0.077,-0.265,0.215,-0.167,0.215,54,E,45,S,,,451957,321.79,0
221,522.087,"Mount",-0.264,0.106,-0.284,0.020,-0.190,0.000,62,E,0,,,,468088,350.94,0
222,524.344,"Mount",0.262,-0.058,0.261,-0.063,0.151,0.000,49,W,0,,,,501430,335.65,0
223,526.932,"Mount",0.364,-0.307,0.462,0.116,0.302,0.000,98,W,0,,,,491875,371.57,0
224,529.103,"Mount",-0.001,-0.055,0.023,0.049,0.000,0.000,0,,0,,,,493828,367.41,0
225,531.517,"Mount",-0.063,0.100,-0.100,-0.062,0.000,0.000,0,,0,,,,454977,330.52,0
226,533.790,"Mount",0.137,0.031,0.110,-0.088,0.000,0.000,0,,0,,,,472170,335.34,0
227,536.248,"Mount",0.155,0.088,0.101,-0.147,0.000,0.000,0,,0,,,,479850,346.10,0
228,538.495,"Mount",0.098,0.002,0.088,-0.045,0.000,0.000,0,,0,,,,472085,320.52,0
229,541.132,"Mount",-0.406,0.304,-0.499,-0.095,-0.314,0.000,102,E,0,,,,485876,342.57,0
230,543.301,"Mount",-0.136,-0.106,-0.076,0.156,0.000,0.000,0,,0,,,,460843,308.62,0
231,545.822,"Mount",-0.425,0.127,-0.438,0.073,-0.276,0.000,89,E,0,,,,462088,340.08,0
232,548.030,"Mount",0.113,-0.153,0.169,0.088,0.087,0.000,28,W,0,,,,497130,333.33,0
233,550.374,"Mount",0.006,-0.053,0.029,0.045,0.000,0.000,0,,0,,,,469295,349.36,0
234,552.854,"Mount",0.702,-0.453,0.830,0.099,0.523,0.000,170,W,0,,,,469441,332.45,0
235,555.236,"Mount",-0.080,0.130,-0.129,-0.081,0.000,0.000,0,,0,,,,451989,317.98,0
236,557.472,"Mount",0.165,0.068,0.118,-0.134,0.000,0.000,0,,0,,,,479628,346.47,0
237,559.958,"Mount",0.108,-0.205,0.187,0.137,0.118,0.000,38,W,0,,,,473784,324.64,0
238,562.152,"Mount",0.007,0.037,-0.010,-0.036,0.000,0.000,0,,0,,,,469352,338.55,0
239,564.842,"Mount",-0.245,0.154,-0.287,-0.031,-0.181,0.000,59,E,0,,,,467245,350.91,0
240,567.062,"Mount",-0.175,-0.045,-0.137,0.117,-0.099,0.000,32,E,0,,,,464132,324.78,0
241,569.418,"Mount",0.082,-0.087,0.112,0.042,0.000,0.000,0,,0,,,,466157,336.87,0
242,571.688,"Mount",0.048,-0.068,0.073,0.040,0.000,0.000,0,,0,,,,468680,351.26,0
243,574.205,"Mount",0.172,-0.057,0.179,-0.024,0.113,0.000,37,W,0,,,,465872,319.38,0
244,576.376,"Mount",0.051,-0.020,0.055,-0.004,0.000,0.000,0,,0,,,,474644,340.58,0
245,578.908,"Mount",-0.145,-0.152,-0.064,0.200,0.000,0.200,0,,42,S,,,454638,319.24,0
246,581.095,"Mount",-0.116,0.036,-0.120,0.019,0.000,0.000,0,,0,,,,457679,312.15,0
247,583.630,"Mount",-0.288,0.235,-0.362,-0.085,-0.228,0.000,74,E,0,,,,487605,357.80,0
248,585.997,"Mount",-0.171,0.086,-0.192,-0.002,-0.137,0.000,44,E,0,,,,452811,319.06,0
249,588.340,"Mount",0.039,0.056,0.011,-0.067,0.000,0.000,0,,0,,,,465462,339.43,0
250,590.586,"Mount",-0.052,-0.054,-0.023,0.072,0.000,0.000,0,,0,,,,462208,295.97,0
251,593.017,"Mount",0.097,-0.046,0.108,-0.002,0.000,0.000,0,,0,,,,474531,372.32,0
252,595.264,"Mount",0.049,0.085,0.007,-0.098,0.000,0.000,0,,0,,,,473496,337.44,0
253,597.774,"Mount",0.313,-0.149,0.346,-0.004,0.218,0.000,71,W,0,,,,499228,365.29,0
254,599.924,"Mount",-0.103,0.014,-0.099,0.032,0.000,0.000,0,,0,,,,473482,370.46,0
255,602.332,"Mount",-0.116,-0.066,-0.075,0.110,0.000,0.000,0,,0,,,,470924,335.66,0
256,604.742,"Mount",-0.247,0.119,-0.274,0.001,-0.173,0.000,56,E,0,,,,464228,345.64,0
257,607.134,"Mount",0.092,-0.188,0.165,0.129,0.092,0.000,30,W,0,,,,492629,371.80,0
258,609.346,"Mount",0.052,0.052,0.024,-0.069,0.000,0.000,0,,0,,,,463954,337.35,0
259,611.848,"Mount",0.148,0.110,0.085,-0.163,0.000,0.000,0,,0,,,,477086,337.79,0
260,614.229,"Mount",0.172,-0.168,0.228,0.076,0.144,0.000,47,W,0,,,,489750,360.83,0
261,616.832,"Mount",0.206,-0.131,0.243,0.027,0.163,0.000,53,W,0,,,,488803,339.42,0
262,619.185,"Mount",0.158,-0.076,0.176,-0.001,0.122,0.000,40,W,0,,,,479868,318.27,0
INFO: SET LOCK POSITION, new lock pos = 679.369, 878.221
INFO: DITHER by 3.228, 2.466, new lock pos = 681.188, 874.588
INFO: SETTLING STATE CHANGE, Settling started
263,625.070,"Mount",-1.819,3.633,-3.228,-2.466,-3.228,-2.466,1047,E,1927,N,,,454674,345.03,0
264,627.974,"Mount",1.295,1.093,0.684,-1.551,0.431,-1.551,140,W,326,N,,,493655,338.08,0
265,630.478,"Mount",0.757,1.332,0.095,-1.529,0.000,-1.529,0,,321,N,,,487487,363.23,0
266,633.206,"Mount",0.114,1.123,-0.391,-1.059,-0.246,-1.059,80,E,222,N,,,485998,308.53,0
267,635.606,"Mount",0.482,0.409,0.254,-0.579,0.142,-0.579,46,W,122,N,,,496267,338.42,0
268,638.038,"Mount",0.309,-0.352,0.432,0.180,0.282,0.000,92,W,0,,,,485200,335.74,0
269,640.374,"Mount",0.662,-0.360,0.753,0.033,0.494,0.000,160,W,0,,,,466731,359.53,0
270,642.824,"Mount",0.103,-0.119,0.145,0.062,0.126,0.000,41,W,0,,,,475920,334.40,0
INFO: SETTLING STATE CHANGE, Settling complete
271,645.062,"Mount",-0.396,-0.133,-0.297,0.294,-0.178,0.000,58,E,0,,,,475938,348.99,0
272,647.480,"Mount",-0.101,-0.187,-0.008,0.212,0.000,0.000,0,,0,,,,471144,357.28,0
273,649.728,"Mount",-0.040,-0.129,0.021,0.133,0.000,0.000,0,,0,,,,456457,340.68,0
274,652.206,"Mount",0.094,-0.301,0.216,0.230,0.136,0.000,44,W,0,,,,457820,316.65,0
275,654.367,"Mount",0.082,-0.117,0.125,0.070,0.000,0.000,0,,0,,,,461627,314.06,0
276,656.934,"Mount",0.246,-0.082,0.257,-0.035,0.162,0.000,53,W,0,,,,465332,332.89,0
277,659.212,"Mount",0.258,-0.129,0.288,0.002,0.193,0.000,63,W,0,,,,489017,362.36,0
278,661.750,"Mount",0.373,-0.299,0.466,0.105,0.307,0.000,100,W,0,,,,476362,349.69,0
279,663.982,"Mount",-0.277,0.050,-0.271,0.076,-0.149,0.000,48,E,0,,,,503085,349.31,0
280,666.333,"Mount",0.006,-0.077,0.039,0.066,0.000,0.000,0,,0,,,,451981,313.59,0
281,668.826,"Mount",-0.174,0.073,-0.188,0.011,-0.119,0.000,38,E,0,,,,462331,306.57,0
282,671.175,"Mount",0.123,0.003,0.109,-0.056,0.000,0.000,0,,0,,,,464251,306.39,0
283,673.510,"Mount",0.164,-0.015,0.154,-0.058,0.097,0.000,32,W,0,,,,465719,335.68,0
284,675.997,"Mount",0.365,-0.403,0.505,0.203,0.325,0.000,105,W,0,,,,480425,328.70,0
285,678.158,"Mount",-0.059,-0.126,0.003,0.139,0.000,0.000,0,,0,,,,459609,338.64,0
286,680.713,"Mount",0.126,-0.312,0.250,0.225,0.157,0.000,51,W,0,,,,462151,349.67,0
287,682.903,"Mount",-0.154,-0.128,-0.083,0.182,0.000,0.000,0,,0,,,,456276,311.95,0
288,685.312,"Mount",-0.036,-0.170,0.042,0.169,0.000,0.000,0,,0,,,,468975,317.57,0
289,687.638,"Mount",-0.229,0.055,-0.230,0.052,-0.145,0.000,47,E,0,,,,467938,346.79,0
290,689.953,"Mount",-0.166,-0.065,-0.121,0.131,0.000,0.000,0,,0,,,,473101,340.08,0
291,693.822,"Mount",-0.465,-0.127,-0.362,0.319,-0.228,0.319,74,E,1476,S,,,505345,351.52,0
292,696.278,"Mount",0.253,0.130,0.171,-0.228,0.091,0.000,30,W,0,,,,456516,333.41,0
293,698.637,"Mount",0.290,0.167,0.187,-0.277,0.124,0.000,40,W,0,,,,489127,330.11,0
294,700.988,"Mount",0.057,0.226,-0.047,-0.228,0.000,0.000,0,,0,,,,463686,361.11,0
295,703.232,"Mount",0.170,0.069,0.122,-0.137,0.000,0.000,0,,0,,,,478551,341.37,0
296,705.750,"Mount",0.403,0.018,0.354,-0.193,0.223,0.000,72,W,0,,,,482318,329.40,0
297,708.014,"Mount",0.246,0.039,0.204,-0.143,0.144,0.000,47,W,0,,,,472990,346.96,0
298,710.446,"Mount",-0.222,0.228,-0.300,-0.108,-0.179,0.000,58,E,0,,,,470822,327.36,0
299,712.745,"Mount",-0.181,0.079,-0.198,0.008,-0.137,0.000,44,E,0,,,,488875,337.91,0
300,715.155,"Mount",0.245,0.011,0.215,-0.117,0.126,0.000,41,W,0,,,,488522,328.28,0
301,717.333,"Mount",0.002,0.131,-0.055,-0.118,0.000,0.000,0,,0,,,,481950,318.15,0
302,719.836,"Mount",0.186,0.066,0.138,-0.141,0.087,0.000,28,W,0,,,,479780,337.66,0
303,722.134,"Mount",-0.361,0.147,-0.389,0.026,-0.239,0.000,78,E,0,,,,473239,330.83,0
304,724.539,"Mount",0.247,0.003,0.220,-0.111,0.122,0.000,40,W,0,,,,510106,375.40,0
305,726.909,"Mount",-0.411,0.255,-0.482,-0.049,-0.295,0.000,96,E,0,,,,481433,335.50,0
306,729.267,"Mount",0.005,0.125,-0.051,-0.114,0.000,0.000,0,,0,,,,469857,348.95,0
307,731.598,"Mount",-0.242,0.110,-0.266,0.007,-0.168,0.000,54,E,0,,,,478810,350.77,0
308,733.910,"Mount",-0.010,0.044,-0.029,-0.035,0.000,0.000,0,,0,,,,468553,341.12,0
309,736.158,"Mount",-0.105,0.077,-0.128,-0.023,0.000,0.000,0,,0,,,,451269,331.93,0
310,738.631,"Mount",-0.012,0.166,-0.083,-0.144,0.000,0.000,0,,0,,,,472266,343.92,0
311,740.917,"Mount",-0.069,0.110,-0.110,-0.069,0.000,0.000,0,,0,,,,483859,353.54,0
312,743.385,"Mount",-0.056,0.007,-0.053,0.018,0.000,0.000,0,,0,,,,473300,354.29,0
313,745.732,"Mount",-0.125,0.122,-0.166,-0.054,-0.105,0.000,34,E,0,,,,466585,329.39,0
314,748.057,"Mount",0.036,-0.040,0.050,0.020,0.000,0.000,0,,0,,,,449253,319.85,0
315,750.382,"Mount",-0.092,0.119,-0.134,-0.067,-0.085,0.000,27,E,0,,,,471504,346.36,0
316,752.774,"Mount",-0.013,0.027,-0.024,-0.018,0.000,0.000,0,,0,,,,485249,325.53,0
317,755.195,"Mount",-0.458,0.344,-0.563,-0.108,-0.354,0.000,115,E,0,,,,472026,346.70,0
318,757.529,"Mount",0.014,0.030,-0.001,-0.033,0.000,0.000,0,,0,,,,480171,336.51,0
319,759.857,"Mount",-0.147,0.067,-0.162,0.004,-0.102,0.000,33,E,0,,,,488281,380.50,0
320,762.364,"Mount",0.171,-0.148,0.218,0.058,0.130,0.000,42,W,0,,,,486775,296.75,0
321,764.679,"Mount",0.204,0.029,0.171,-0.116,0.117,0.000,38,W,0,,,,499101,334.97,0
322,767.000,"Mount",0.045,-0.074,0.073,0.047,0.000,0.000,0,,0,,,,482165,318.88,0
323,769.333,"Mount",0.181,0.005,0.161,-0.084,0.101,0.000,33,W,0,,,,479512,326.25,0
324,771.799,"Mount",-0.249,0.004,-0.225,0.106,-0.135,0.000,44,E,0,,,,491725,324.75,0
325,774.186,"Mount",-0.616,0.191,-0.637,0.099,-0.411,0.000,133,E,0,,,,495847,339.37,0
326,776.527,"Mount",-0.024,0.014,-0.028,-0.002,0.000,0.000,0,,0,,,,490084,313.94,0
327,778.942,"Mount",-0.163,-0.022,-0.137,0.091,-0.086,0.000,28,E,0,,,,486037,324.52,0
328,781.289,"Mount",-0.113,0.032,-0.116,0.021,0.000,0.000,0,,0,,,,477408,323.32,0
329,783.742,"Mount",-0.278,-0.102,-0.206,0.214,-0.130,0.214,42,E,45,S,,,483601,343.45,0
330,786.219,"Mount",0.148,-0.053,0.156,-0.017,0.089,0.000,29,W,0,,,,480990,352.99,0
331,788.369,"Mount",0.046,-0.073,0.073,0.045,0.000,0.000,0,,0,,,,459711,323.92,0
332,790.963,"Mount",0.167,-0.062,0.178,-0.017,0.112,0.000,36,W,0,,,,463144,315.63,0
333,793.126,"Mount",0.047,-0.114,0.092,0.082,0.000,0.000,0,,0,,,,475170,324.45,0
334,795.702,"Mount",-0.319,-0.099,-0.243,0.229,-0.153,0.229,50,E,48,S,,,470053,340.06,0
335,797.918,"Mount",0.080,-0.229,0.172,0.171,0.098,0.000,32,W,0,,,,473156,339.57,0
336,800.511,"Mount",-0.594,0.020,-0.543,0.243,-0.335,0.243,109,E,51,S,,,498381,367.16,0
337,802.768,"Mount",0.239,-0.010,0.219,-0.096,0.115,0.000,37,W,0,,,,489040,339.76,0
338,805.118,"Mount",0.028,-0.056,0.050,0.038,0.000,0.000,0,,0,,,,467420,332.83,0
339,807.477,"Mount",0.163,-0.135,0.206,0.050,0.130,0.000,42,W,0,,,,449822,322.31,0
340,809.786,"Mount",0.031,0.168,-0.046,-0.165,0.000,0.000,0,,0,,,,479117,325.63,0
341,812.015,"Mount",0.026,0.022,0.013,-0.031,0.000,0.000,0,,0,,,,471447,350.15,0
342,814.440,"Mount",0.002,-0.081,0.037,0.072,0.000,0.000,0,,0,,,,473286,349.56,0
343,816.742,"Mount",-0.065,-0.012,-0.053,0.039,0.000,0.000,0,,0,,,,488116,341.65,0
344,819.253,"Mount",-0.210,0.068,-0.219,0.031,-0.138,0.000,45,E,0,,,,488587,346.77,0
345,821.435,"Mount",-0.052,0.025,-0.058,0.001,0.000,0.000,0,,0,,,,474662,326.13,0
346,823.863,"Mount",-0.033,-0.032,-0.016,0.043,0.000,0.000,0,,0,,,,484424,355.16,0
347,826.162,"Mount",0.032,-0.111,0.077,0.085,0.000,0.000,0,,0,,,,472276,328.38,0
348,828.577,"Mount",-0.105,-0.090,-0.055,0.127,0.000,0.000,0,,0,,,,463227,325.29,0
349,830.862,"Mount",0.008,-0.082,0.043,0.070,0.000,0.000,0,,0,,,,488663,342.43,0
350,833.380,"Mount",0.168,-0.173,0.227,0.082,0.143,0.000,46,W,0,,,,468404,324.67,0
351,835.623,"Mount",0.188,-0.056,0.194,-0.032,0.132,0.000,43,W,0,,,,484519,369.57,0
352,837.939,"Mount",-0.056,0.119,-0.102,-0.083,0.000,0.000,0,,0,,,,470815,340.45,0
353,840.310,"Mount",-0.479,0.171,-0.506,0.056,-0.319,0.000,103,E,0,,,,482782,329.31,0
354,842.657,"Mount",0.061,0.030,0.042,-0.054,0.000,0.000,0,,0,,,,477601,341.20,0
355,845.084,"Mount",-0.196,0.001,-0.177,0.085,-0.112,0.000,36,E,0,,,,491105,345.77,0
356,847.413,"Mount",-0.054,-0.077,-0.015,0.093,0.000,0.000,0,,0,,,,464884,324.63,0
357,849.679,"Mount",-0.050,0.027,-0.057,-0.003,0.000,0.000,0,,0,,,,478701,351.93,0
358,852.206,"Mount",0.263,-0.262,0.352,0.120,0.221,0.000,72,W,0,,,,474706,316.36,0
359,854.447,"Mount",0.138,-0.121,0.177,0.048,0.127,0.000,41,W,0,,,,462398,340.13,0
360,856.826,"Mount",-0.063,-0.187,0.025,0.196,0.000,0.000,0,,0,,,,478305,352.03,0
361,859.302,"Mount",0.028,-0.585,0.282,0.514,0.178,0.514,58,W,108,S,,,471522,332.11,0
362,861.643,"Mount",0.058,-0.071,0.083,0.039,0.000,0.000,0,,0,,,,471357,363.17,0
363,863.934,"Mount",-0.013,-0.021,-0.002,0.025,0.000,0.000,0,,0,,,,484218,346.28,0
364,866.372,"Mount",-0.104,-0.139,-0.032,0.171,0.000,0.000,0,,0,,,,463278,326.25,0
365,868.710,"Mount",-0.205,-0.105,-0.138,0.184,-0.087,0.000,28,E,0,,,,490262,337.33,0
366,871.099,"Mount",0.037,0.122,-0.020,-0.126,0.000,0.000,0,,0,,,,482413,351.40,0
367,873.337,"Mount",0.046,-0.006,0.044,-0.015,0.000,0.000,0,,0,,,,487567,348.46,0
368,875.734,"Mount",0.020,-0.106,0.065,0.087,0.000,0.000,0,,0,,,,458517,343.10,0
369,878.040,"Mount",-0.018,-0.217,0.079,0.203,0.000,0.203,0,,43,S,,,469736,345.62,0
370,880.453,"Mount",0.182,-0.234,0.267,0.130,0.168,0.000,54,W,0,,,,461759,316.95,0
371,882.612,"Mount",0.002,0.001,0.001,-0.002,0.000,0.000,0,,0,,,,488914,345.61,0
372,885.048,"Mount",0.052,-0.096,0.089,0.064,0.000,0.000,0,,0,,,,453333,309.85,0
373,887.308,"Mount",-0.095,0.015,-0.092,0.028,0.000,0.000,0,,0,,,,473221,339.39,0
374,889.814,"Mount",-0.252,0.043,-0.245,0.072,-0.154,0.000,50,E,0,,,,487681,345.22,0
375,891.990,"Mount",-0.053,-0.020,-0.039,0.041,0.000,0.000,0,,0,,,,482855,360.13,0
376,894.404,"Mount",-0.069,-0.050,-0.040,0.075,0.000,0.000,0,,0,,,,472568,325.73,0
377,896.668,"Mount",0.010,-0.063,0.037,0.053,0.000,0.000,0,,0,,,,464872,317.19,0
378,899.106,"Mount",-0.100,-0.071,-0.058,0.108,0.000,0.000,0,,0,,,,492804,341.79,0
379,901.403,"Mount",-0.051,-0.079,-0.012,0.093,0.000,0.000,0,,0,,,,459592,338.86,0
380,903.806,"Mount",-0.133,-0.077,-0.086,0.127,0.000,0.000,0,,0,,,,463647,307.97,0
381,906.053,"Mount",-0.149,-0.128,-0.078,0.181,0.000,0.000,0,,0,,,,459961,335.32,0
382,908.476,"Mount",-0.191,-0.105,-0.126,0.178,0.000,0.000,0,,0,,,,467019,342.31,0
383,910.834,"Mount",-0.045,0.108,-0.087,-0.077,0.000,0.000,0,,0,,,,493982,347.67,0
384,913.248,"Mount",-0.063,-0.049,-0.035,0.072,0.000,0.000,0,,0,,,,487563,332.59,0
385,915.568,"Mount",0.175,-0.020,0.166,-0.059,0.105,0.000,34,W,0,,,,467560,328.88,0
386,918.046,"Mount",0.087,-0.120,0.131,0.070,0.090,0.000,29,W,0,,,,461458,348.66,0
387,920.321,"Mount",-0.275,0.002,-0.248,0.119,-0.150,0.000,49,E,0,,,,490588,337.61,0
388,922.782,"Mount",-0.158,0.045,-0.162,0.029,-0.112,0.000,36,E,0,,,,483838,322.98,0
389,925.016,"Mount",-0.144,-0.117,-0.078,0.168,0.000,0.000,0,,0,,,,491272,318.07,0
390,927.654,"Mount",-0.413,-0.163,-0.300,0.328,-0.189,0.328,61,E,69,S,,,475071,326.88,0
391,929.897,"Mount",-0.049,-0.247,0.064,0.243,0.000,0.243,0,,51,S,,,465699,337.87,0
392,932.328,"Mount",-0.198,-0.033,-0.164,0.116,-0.103,0.000,33,E,0,,,,472658,327.03,0
393,934.602,"Mount",0.180,0.031,0.148,-0.106,0.086,0.000,28,W,0,,,,477519,340.66,0
394,937.214,"Mount",0.352,-0.544,0.555,0.334,0.355,0.334,115,W,70,S,,,476619,345.15,0
395,939.558,"Mount",0.320,-0.248,0.396,0.082,0.275,0.000,89,W,0,,,,473520,342.89,0
396,942.022,"Mount",0.066,-0.083,0.095,0.046,0.000,0.000,0,,0,,,,474110,333.17,0
397,944.294,"Mount",0.104,-0.029,0.106,-0.019,0.000,0.000,0,,0,,,,463559,327.04,0
398,946.882,"Mount",0.154,-0.175,0.216,0.090,0.136,0.000,44,W,0,,,,462507,339.02,0
399,949.035,"Mount",0.094,-0.021,0.094,-0.022,0.000,0.000,0,,0,,,,466513,337.47,0
400,951.543,"Mount",0.201,0.096,0.139,-0.174,0.087,0.000,28,W,0,,,,479678,345.28,0
401,953.727,"Mount",-0.017,0.164,-0.088,-0.140,0.000,0.000,0,,0,,,,493226,301.61,0
402,956.306,"Mount",0.194,0.017,0.167,-0.101,0.105,0.000,34,W,0,,,,483810,338.03,0
403,958.466,"Mount",0.033,0.011,0.024,-0.025,0.000,0.000,0,,0,,,,444185,337.46,0
404,960.932,"Mount",0.023,-0.002,0.021,-0.008,0.000,0.000,0,,0,,,,462708,307.23,0
405,963.296,"Mount",-0.073,-0.387,0.105,0.380,0.000,0.380,0,,80,S,,,464304,329.83,0
406,965.734,"Mount",0.277,-0.093,0.289,-0.038,0.182,0.000,59,W,0,,,,496874,352.57,0
407,967.904,"Mount",0.043,-0.078,0.073,0.051,0.000,0.000,0,,0,,,,484369,335.51,0
408,970.307,"Mount",0.030,-0.182,0.107,0.151,0.000,0.000,0,,0,,,,484326,372.64,0
409,972.528,"Mount",0.067,-0.006,0.063,-0.024,0.000,0.000,0,,0,,,,479714,360.23,0
410,975.172,"Mount",0.620,-0.517,0.784,0.193,0.494,0.000,160,W,0,,,,473370,330.91,0
411,977.422,"Mount",-0.145,0.016,-0.137,0.049,-0.052,0.000,17,E,0,,,,495756,358.64,0
412,979.772,"Mount",0.033,0.061,0.003,-0.070,0.000,0.000,0,,0,,,,481621,362.42,0
413,982.136,"Mount",-0.153,0.109,-0.185,-0.031,-0.117,0.000,38,E,0,,,,474869,334.95,0
414,984.526,"Mount",0.170,0.036,0.138,-0.107,0.078,0.000,25,W,0,,,,487543,373.94,0
415,986.775,"Mount",0.082,0.056,0.049,-0.086,0.000,0.000,0,,0,,,,464715,352.22,0
416,989.208,"Mount",0.153,0.018,0.130,-0.084,0.000,0.000,0,,0,,,,456271,307.41,0
417,991.456,"Mount",-0.097,-0.050,-0.066,0.087,0.000,0.000,0,,0,,,,484272,325.35,0
418,994.086,"Mount",-0.764,0.181,-0.766,0.172,-0.483,0.000,157,E,0,,,,482505,354.44,0
419,996.382,"Mount",-0.225,0.164,-0.274,-0.048,-0.206,0.000,67,E,0,,,,478837,304.56,0
420,998.747,"Mount",-0.120,0.022,-0.118,0.033,0.000,0.000,0,,0,,,,481653,350.82,0
421,1001.007,"Mount",0.088,0.132,0.021,-0.158,0.000,0.000,0,,0,,,,495709,349.16,0
422,1003.489,"Mount",-0.107,-0.072,-0.065,0.112,0.000,0.000,0,,0,,,,467462,332.03,0
423,1005.790,"Mount",0.004,-0.242,0.110,0.216,0.000,0.216,0,,45,S,,,469323,338.39,0
424,1008.398,"Mount",0.397,-0.623,0.630,0.385,0.397,0.385,129,W,81,S,,,489717,355.65,0
425,1010.581,"Mount",0.067,0.110,0.012,-0.128,0.000,0.000,0,,0,,,,476679,312.86,0
426,1013.169,"Mount",-0.546,0.188,-0.573,0.071,-0.361,0.000,117,E,0,,,,488643,353.00,0
427,1015.431,"Mount",-0.245,0.148,-0.285,-0.025,-0.205,0.000,66,E,0,,,,471233,318.91,0
428,1017.741,"Mount",0.143,0.118,0.076,-0.169,0.000,0.000,0,,0,,,,494334,334.78,0
429,1019.973,"Mount",0.154,0.040,0.121,-0.103,0.000,0.000,0,,0,,,,481261,341.84,0
430,1022.604,"Mount",-0.427,0.236,-0.487,-0.025,-0.307,0.000,100,E,0,,,,478559,348.98,0
431,1025.057,"Mount",0.187,-0.104,0.214,0.011,0.113,0.000,37,W,0,,,,485874,330.96,0
432,1027.550,"Mount",-0.597,0.404,-0.714,-0.101,-0.442,0.000,143,E,0,,,,474088,330.92,0
433,1029.695,"Mount",0.018,0.051,-0.007,-0.054,0.000,0.000,0,,0,,,,498495,332.91,0
434,1032.199,"Mount",-0.152,0.230,-0.238,-0.140,-0.150,0.000,49,E,0,,,,470639,311.70,0
435,1034.348,"Mount",0.167,0.158,0.081,-0.215,0.000,0.000,0,,0,,,,487054,347.82,0
436,1036.818,"Mount",-0.095,0.057,-0.110,-0.010,0.000,0.000,0,,0,,,,465438,316.29,0
437,1039.134,"Mount",-0.163,0.039,-0.163,0.037,-0.103,0.000,33,E,0,,,,490167,330.34,0
438,1041.491,"Mount",-0.009,0.122,-0.061,-0.105,0.000,0.000,0,,0,,,,479833,328.49,0
439,1043.822,"Mount",-0.236,0.144,-0.275,-0.026,-0.173,0.000,56,E,0,,,,484201,337.66,0
440,1046.179,"Mount",-0.049,-0.020,-0.035,0.039,0.000,0.000,0,,0,,,,476247,332.51,0
441,1048.514,"Mount",-0.290,0.020,-0.269,0.109,-0.170,0.000,55,E,0,,,,482336,326.84,0
442,1050.960,"Mount",-0.153,0.178,-0.216,-0.093,-0.148,0.000,48,E,0,,,,478963,314.58,0
443,1053.109,"Mount",-0.086,0.083,-0.114,-0.037,0.000,0.000,0,,0,,,,479925,319.28,0
444,1055.678,"Mount",-0.340,0.275,-0.426,-0.098,-0.269,0.000,87,E,0,,,,481361,352.78,0
445,1057.966,"Mount",-0.396,0.087,-0.394,0.095,-0.267,0.000,87,E,0,,,,482133,310.39,0
446,1060.446,"Mount",-0.622,0.211,-0.652,0.083,-0.429,0.000,139,E,0,,,,491013,338.43,0
447,1062.732,"Mount",-0.220,-0.042,-0.180,0.134,-0.143,0.000,46,E,0,,,,486499,356.84,0
448,1065.245,"Mount",0.616,-0.416,0.736,0.103,0.454,0.000,147,W,0,,,,467086,309.11,0
449,1067.419,"Mount",0.054,-0.162,0.120,0.122,0.000,0.000,0,,0,,,,479873,330.91,0
450,1069.970,"Mount",-0.158,-0.009,-0.138,0.077,-0.087,0.000,28,E,0,,,,472632,322.56,0
451,1072.115,"Mount",-0.153,-0.068,-0.107,0.128,0.000,0.000,0,,0,,,,464953,326.62,0
452,1074.879,"Mount",-0.289,-0.085,-0.223,0.203,-0.140,0.203,46,E,43,S,,,465755,322.53,0
453,1077.033,"Mount",-0.164,-0.058,-0.122,0.124,0.000,0.000,0,,0,,,,481627,346.15,0
454,1079.519,"Mount",-0.129,0.131,-0.174,-0.062,-0.109,0.000,35,E,0,,,,463485,359.12,0
455,1081.854,"Mount",-0.291,0.097,-0.304,0.040,-0.199,0.000,65,E,0,,,,479389,320.97,0
456,1084.382,"Mount",0.276,-0.097,0.291,-0.034,0.169,0.000,55,W,0,,,,473222,329.03,0
457,1086.679,"Mount",0.159,-0.072,0.174,-0.005,0.122,0.000,39,W,0,,,,483591,323.39,0
458,1088.987,"Mount",-0.022,0.182,-0.100,-0.154,0.000,0.000,0,,0,,,,481360,372.60,0
459,1091.249,"Mount",0.151,0.031,0.122,-0.094,0.000,0.000,0,,0,,,,484682,324.51,0
460,1093.666,"Mount",-0.002,-0.035,0.013,0.032,0.000,0.000,0,,0,,,,481493,328.02,0
461,1095.929,"Mount",-0.082,0.077,-0.107,-0.033,0.000,0.000,0,,0,,,,493360,331.20,0
462,1098.486,"Mount",-0.323,0.125,-0.345,0.030,-0.217,0.000,71,E,0,,,,488592,327.12,0
463,1100.743,"Mount",-0.172,-0.052,-0.132,0.122,-0.099,0.000,32,E,0,,,,472889,330.10,0
464,1103.236,"Mount",0.418,-0.029,0.388,-0.157,0.238,0.000,77,W,0,,,,491665,321.13,0
465,1105.433,"Mount",0.151,0.063,0.108,-0.123,0.000,0.000,0,,0,,,,474457,337.70,0
466,1107.941,"Mount",0.123,-0.119,0.163,0.053,0.102,0.000,33,W,0,,,,468173,339.72,0
467,1110.089,"Mount",0.068,-0.004,0.063,-0.027,0.000,0.000,0,,0,,,,471104,349.26,0
468,1112.507,"Mount",0.072,0.111,0.016,-0.131,0.000,0.000,0,,0,,,,463386,329.40,0
469,1114.804,"Mount",-0.008,0.023,-0.017,-0.017,0.000,0.000,0,,0,,,,457234,322.54,0
470,1117.326,"Mount",-0.355,0.029,-0.332,0.130,-0.209,0.000,68,E,0,,,,495268,355.94,0
471,1119.557,"Mount",-0.168,-0.021,-0.142,0.093,-0.104,0.000,34,E,0,,,,471583,336.45,0
472,1122.128,"Mount",-0.221,0.006,-0.201,0.092,-0.134,0.000,43,E,0,,,,476596,338.32,0
473,1124.303,"Mount",0.034,-0.064,0.059,0.042,0.000,0.000,0,,0,,,,475533,304.43,0
474,1126.793,"Mount",0.014,-0.184,0.093,0.159,0.000,0.000,0,,0,,,,460058,345.45,0
475,1129.238,"Mount",0.045,-0.478,0.250,0.410,0.158,0.410,51,W,86,S,,,462442,306.05,0
476,1131.700,"Mount",-0.137,0.193,-0.208,-0.113,-0.120,0.000,39,E,0,,,,481066,366.55,0
477,1134.057,"Mount",0.746,-0.127,0.726,-0.213,0.449,0.000,146,W,0,,,,476556,326.50,0
478,1136.486,"Mount",-0.155,0.183,-0.219,-0.096,-0.107,0.000,35,E,0,,,,458595,322.50,0
479,1138.682,"Mount",0.127,0.166,0.041,-0.204,0.000,0.000,0,,0,,,,475023,378.94,0
480,1141.250,"Mount",-0.294,0.218,-0.360,-0.067,-0.227,0.000,74,E,0,,,,488589,379.30,0
481,1143.502,"Mount",-0.091,0.270,-0.200,-0.203,-0.142,0.000,46,E,0,,,,454034,320.83,0
482,1145.815,"Mount",-0.015,0.163,-0.085,-0.140,0.000,0.000,0,,0,,,,489455,340.47,0
483,1149.558,"Mount",0.084,0.217,-0.020,-0.232,0.000,-0.232,0,,1458,N,,,476406,327.48,0
484,1152.038,"Mount",0.309,-0.280,0.401,0.116,0.253,0.000,82,W,0,,,,467194,344.56,0
485,1154.286,"Mount",0.112,-0.254,0.212,0.179,0.152,0.000,49,W,0,,,,472070,303.41,0
486,1156.841,"Mount",-0.293,-0.213,-0.170,0.320,-0.096,0.000,31,E,0,,,,475386,316.68,0
487,1159.054,"Mount",0.077,-0.199,0.157,0.145,0.092,0.000,30,W,0,,,,460317,347.58,0
488,1161.410,"Mount",-0.012,-0.193,0.074,0.179,0.000,0.000,0,,0,,,,469532,308.33,0
489,1163.726,"Mount",-0.284,-0.231,-0.154,0.332,-0.097,0.000,31,E,0,,,,472503,322.92,0
490,1166.175,"Mount",-0.224,-0.110,-0.153,0.197,-0.103,0.000,33,E,0,,,,472556,336.03,0
491,1168.471,"Mount",-0.373,-0.086,-0.298,0.242,-0.195,0.000,63,E,0,,,,484100,326.47,0
492,1172.310,"Mount",0.007,-0.257,0.119,0.228,0.000,0.228,0,,1457,S,,,464247,313.63,0
493,1174.464,"Mount",-0.148,-0.147,-0.068,0.196,0.000,0.000,0,,0,,,,466366,315.50,0
494,1177.066,"Mount",0.636,-0.033,0.586,-0.249,0.369,0.000,120,W,0,,,,468819,330.20,0
495,1179.231,"Mount",0.133,0.212,0.026,-0.249,0.000,0.000,0,,0,,,,478268,346.51,0
496,1181.791,"Mount",-0.041,0.616,-0.307,-0.535,-0.194,0.000,63,E,0,,,,440725,321.02,0
497,1184.046,"Mount",-0.182,0.512,-0.388,-0.381,-0.258,0.000,84,E,0,,,,481047,369.19,0
498,1186.458,"Mount",-0.014,0.381,-0.180,-0.336,-0.131,0.000,43,E,0,,,,475980,352.21,0
499,1188.723,"Mount",0.247,0.074,0.189,-0.174,0.110,0.000,36,W,0,,,,460893,325.83,0
500,1191.079,"Mount",0.150,0.122,0.081,-0.176,0.000,0.000,0,,0,,,,445039,316.24,0
501,1193.342,"Mount",0.026,0.052,0.001,-0.058,0.000,0.000,0,,0,,,,461514,334.17,0
502,1195.763,"Mount",0.032,0.176,-0.049,-0.172,0.000,0.000,0,,0,,,,472109,373.14,0
503,1198.062,"Mount",0.176,0.059,0.133,-0.130,0.084,0.000,27,W,0,,,,456565,350.30,0
504,1200.462,"Mount",-0.071,0.180,-0.142,-0.130,-0.084,0.000,27,E,0,,,,471250,333.71,0
505,1202.758,"Mount",0.159,0.012,0.138,-0.081,0.081,0.000,26,W,0,,,,486063,337.89,0
506,1205.326,"Mount",-0.557,0.576,-0.753,-0.273,-0.469,0.000,152,E,0,,,,471418,343.21,0
507,1207.542,"Mount",0.224,0.061,0.175,-0.153,0.077,0.000,25,W,0,,,,483695,320.81,0
508,1209.888,"Mount",-0.008,-0.041,0.011,0.040,0.000,0.000,0,,0,,,,453410,307.23,0
509,1212.224,"Mount",0.185,0.063,0.139,-0.137,0.087,0.000,28,W,0,,,,467907,321.61,0
510,1214.726,"Mount",0.561,0.267,0.387,-0.487,0.250,0.000,81,W,0,,,,486129,353.62,0
511,1218.462,"Mount",0.480,0.060,0.405,-0.264,0.272,-0.264,88,W,1390,N,,,483613,358.89,0
512,1220.926,"Mount",-0.314,-0.057,-0.257,0.189,-0.143,0.000,46,E,0,,,,476630,344.83,0
513,1223.066,"Mount",-0.138,-0.141,-0.062,0.188,0.000,0.000,0,,0,,,,479497,373.05,0
514,1225.603,"Mount",-0.229,-0.022,-0.196,0.120,-0.123,0.000,40,E,0,,,,483135,335.77,0
515,1227.746,"Mount",-0.041,0.064,-0.065,-0.040,0.000,0.000,0,,0,,,,469530,334.27,0
516,1230.303,"Mount",-0.360,-0.115,-0.273,0.262,-0.172,0.000,56,E,0,,,,467179,336.12,0
517,1232.449,"Mount",-0.069,-0.227,0.038,0.234,0.000,0.000,0,,0,,,,477373,379.08,0
518,1235.057,"Mount",0.354,-0.423,0.504,0.224,0.318,0.000,103,W,0,,,,480899,340.71,0
519,1237.318,"Mount",0.265,-0.287,0.364,0.141,0.252,0.000,82,W,0,,,,477134,351.14,0
520,1239.919,"Mount",0.349,-0.225,0.412,0.049,0.277,0.000,90,W,0,,,,482160,358.73,0
521,1242.164,"Mount",0.002,-0.012,0.007,0.010,0.000,0.000,0,,0,,,,506726,341.26,0
522,1244.650,"Mount",-0.063,-0.050,-0.035,0.073,0.000,0.000,0,,0,,,,473406,326.56,0
523,1247.063,"Mount",0.153,-0.076,0.171,0.002,0.107,0.000,35,W,0,,,,465171,328.38,0
524,1249.542,"Mount",-0.342,0.190,-0.390,-0.021,-0.238,0.000,77,E,0,,,,468338,357.88,0
525,1251.747,"Mount",-0.046,-0.262,0.074,0.256,0.000,0.000,0,,0,,,,480334,363.53,0
INFO: SET LOCK POSITION, new lock pos = 681.188, 874.588
INFO: DITHER by -3.259, 3.589, new lock pos = 676.685, 872.793
INFO: SETTLING STATE CHANGE, Settling started
526,1256.270,"Mount",4.504,1.795,3.259,-3.589,3.259,-3.589,1057,W,754,N,,,483945,346.76,0
527,1259.559,"Mount",-0.103,3.104,-1.455,-2.744,-0.917,-2.744,297,E,576,N,,,465648,343.11,0
528,1262.430,"Mount",0.457,2.171,-0.542,-2.151,-0.406,-2.151,132,E,452,N,,,480108,344.59,0
529,1264.983,"Mount",0.298,-0.743,0.593,0.537,0.345,0.000,112,W,0,,,,466583,330.15,0
530,1267.126,"Mount",-0.159,-0.376,0.022,0.407,0.000,0.000,0,,0,,,,463395,312.71,0
531,1269.606,"Mount",-0.386,-0.405,-0.169,0.533,-0.106,0.000,35,E,0,,,,476750,316.44,0
532,1271.862,"Mount",-0.189,-0.338,-0.022,0.386,0.000,0.000,0,,0,,,,484733,328.77,0
533,1274.381,"Mount",0.183,-0.500,0.384,0.369,0.242,0.000,78,W,0,,,,482102,370.17,0
534,1276.538,"Mount",-0.082,-0.455,0.126,0.445,0.000,0.000,0,,0,,,,494417,357.40,0
535,1280.606,"Mount",-0.028,-0.747,0.302,0.683,0.191,0.683,62,W,1478,S,,,470043,318.38,0
INFO: SETTLING STATE CHANGE, Settling complete
536,1283.046,"Mount",0.102,-0.545,0.331,0.445,0.222,0.445,72,W,94,S,,,477523,357.22,0
537,1285.520,"Mount",-0.230,-0.347,-0.054,0.412,0.000,0.412,0,,87,S,,,496898,367.77,0
538,1287.842,"Mount",0.153,-0.217,0.233,0.128,0.147,0.000,48,W,0,,,,485250,373.29,0
539,1290.358,"Mount",-0.577,0.532,-0.752,-0.225,-0.463,0.000,150,E,0,,,,463288,325.37,0
540,1292.708,"Mount",-0.427,0.322,-0.525,-0.102,-0.363,0.000,118,E,0,,,,478266,341.75,0
541,1295.142,"Mount",0.298,-0.015,0.274,-0.117,0.147,0.000,48,W,0,,,,481647,328.52,0
542,1297.360,"Mount",0.154,0.106,0.092,-0.163,0.000,0.000,0,,0,,,,464042,301.63,0
543,1299.759,"Mount",0.156,0.151,0.074,-0.205,0.000,0.000,0,,0,,,,474148,324.73,0
544,1302.430,"Mount",0.321,-0.108,0.336,-0.044,0.211,0.000,69,W,0,,,,471626,321.44,0
545,1304.913,"Mount",0.255,-0.063,0.257,-0.055,0.176,0.000,57,W,0,,,,472500,324.08,0
546,1307.224,"Mount",0.232,0.024,0.198,-0.123,0.137,0.000,45,W,0,,,,476308,339.53,0
547,1309.681,"Mount",-0.345,0.094,-0.351,0.067,-0.212,0.000,69,E,0,,,,477992,371.56,0
548,1311.942,"Mount",-0.325,0.094,-0.333,0.058,-0.225,0.000,73,E,0,,,,476884,349.52,0
549,1314.326,"Mount",0.178,0.063,0.132,-0.135,0.068,0.000,22,W,0,,,,477857,370.90,0
550,1316.514,"Mount",-0.080,0.101,-0.116,-0.055,0.000,0.000,0,,0,,,,497667,354.15,0
551,1319.041,"Mount",-0.135,0.095,-0.163,-0.026,-0.103,0.000,33,E,0,,,,495666,329.23,0
552,1321.199,"Mount",-0.070,-0.123,-0.009,0.141,0.000,0.000,0,,0,,,,501736,372.14,0
553,1323.596,"Mount",0.156,0.048,0.119,-0.112,0.000,0.000,0,,0,,,,483270,367.92,0
554,1325.935,"Mount",-0.193,0.092,-0.214,0.002,-0.135,0.000,44,E,0,,,,484768,343.84,0
555,1328.281,"Mount",-0.035,0.193,-0.117,-0.158,0.000,0.000,0,,0,,,,493741,353.29,0
556,1330.691,"Mount",-0.347,0.224,-0.410,-0.049,-0.259,0.000,84,E,0,,,,488690,322.83,0
557,1333.002,"Mount",0.074,0.019,0.058,-0.050,0.000,0.000,0,,0,,,,492002,347.71,0
558,1335.263,"Mount",-0.108,0.022,-0.106,0.028,0.000,0.000,0,,0,,,,479655,341.27,0
559,1337.678,"Mount",0.034,0.051,0.008,-0.061,0.000,0.000,0,,0,,,,499263,355.85,0
560,1340.011,"Mount",-0.333,-0.030,-0.286,0.173,-0.180,0.000,58,E,0,,,,466539,319.90,0
561,1342.320,"Mount",-0.031,-0.098,0.015,0.102,0.000,0.000,0,,0,,,,486290,359.00,0
562,1344.639,"Mount",0.205,0.037,0.168,-0.123,0.106,0.000,34,W,0,,,,490851,313.40,0
563,1346.994,"Mount",-0.012,-0.054,0.013,0.054,0.000,0.000,0,,0,,,,510549,370.76,0
564,1349.310,"Mount",-0.119,0.057,-0.133,0.001,-0.084,0.000,27,E,0,,,,485564,341.19,0
565,1351.672,"Mount",-0.092,-0.035,-0.068,0.071,0.000,0.000,0,,0,,,,503730,359.39,0
566,1354.406,"Mount",-0.575,0.022,-0.527,0.233,-0.332,0.233,108,E,49,S,,,480312,338.30,0
567,1356.774,"Mount",-0.143,-0.083,-0.092,0.137,0.000,0.000,0,,0,,,,499756,390.36,0
568,1359.246,"Mount",-0.498,-0.084,-0.410,0.294,-0.258,0.294,84,E,62,S,,,477523,328.43,0
569,1361.780,"Mount",0.306,-0.136,0.334,-0.012,0.192,0.000,62,W,0,,,,464414,354.03,0
570,1364.115,"Mount",0.424,-0.221,0.478,0.013,0.314,0.000,102,W,0,,,,476986,316.99,0
571,1366.707,"Mount",0.428,-0.099,0.428,-0.099,0.291,0.000,95,W,0,,,,471527,352.58,0
572,1368.990,"Mount",0.267,-0.092,0.280,-0.035,0.197,0.000,64,W,0,,,,462436,358.65,0
573,1371.441,"Mount",-0.226,0.180,-0.282,-0.063,-0.164,0.000,53,E,0,,,,472596,353.01,0
574,1373.587,"Mount",0.049,0.076,0.011,-0.090,0.000,0.000,0,,0,,,,462434,357.72,0
575,1376.254,"Mount",-0.492,0.084,-0.479,0.140,-0.302,0.000,98,E,0,,,,459883,327.62,0
576,1378.415,"Mount",-0.027,-0.054,-0.001,0.061,0.000,0.000,0,,0,,,,492761,351.53,0
577,1380.843,"Mount",0.014,-0.023,0.023,0.015,0.000,0.000,0,,0,,,,494596,367.10,0
578,1383.193,"Mount",0.214,-0.070,0.223,-0.031,0.141,0.000,46,W,0,,,,495887,342.18,0
579,1385.591,"Mount",-0.095,0.165,-0.158,-0.107,-0.089,0.000,29,E,0,,,,508588,336.09,0
580,1387.878,"Mount",0.433,-0.109,0.437,-0.092,0.269,0.000,87,W,0,,,,485876,329.70,0
581,1390.286,"Mount",0.219,0.050,0.175,-0.141,0.129,0.000,42,W,0,,,,483497,340.41,0
582,1392.633,"Mount",0.531,-0.172,0.553,-0.079,0.357,0.000,116,W,0,,,,492912,332.10,0
583,1394.950,"Mount",0.004,-0.030,0.016,0.026,0.000,0.000,0,,0,,,,510027,330.99,0
584,1397.213,"Mount",0.046,0.017,0.033,-0.035,0.000,0.000,0,,0,,,,495000,350.38,0
585,1399.618,"Mount",-0.053,0.060,-0.074,-0.030,0.000,0.000,0,,0,,,,471207,315.15,0
586,1401.890,"Mount",0.068,0.003,0.060,-0.032,0.000,0.000,0,,0,,,,474289,321.67,0
587,1404.297,"Mount",0.185,0.115,0.116,-0.184,0.000,0.000,0,,0,,,,499249,372.03,0
588,1406.687,"Mount",0.373,-0.133,0.393,-0.044,0.248,0.000,80,W,0,,,,491776,318.11,0
589,1409.144,"Mount",0.359,-0.300,0.454,0.112,0.304,0.000,98,W,0,,,,480004,360.48,0
590,1411.294,"Mount",-0.036,0.068,-0.062,-0.045,0.000,0.000,0,,0,,,,512643,345.78,0
591,1413.696,"Mount",-0.019,-0.088,0.022,0.087,0.000,0.000,0,,0,,,,470461,333.97,0
592,1416.059,"Mount",-0.220,0.052,-0.221,0.050,-0.139,0.000,45,E,0,,,,472635,347.75,0
593,1418.373,"Mount",0.066,0.028,0.047,-0.054,0.000,0.000,0,,0,,,,472481,345.41,0
594,1420.635,"Mount",-0.038,0.082,-0.070,-0.058,0.000,0.000,0,,0,,,,494086,357.75,0
595,1423.247,"Mount",0.338,-0.120,0.357,-0.041,0.225,0.000,73,W,0,,,,481875,390.48,0
596,1425.418,"Mount",0.030,0.052,0.005,-0.060,0.000,0.000,0,,0,,,,488695,353.44,0
597,1427.828,"Mount",0.024,-0.071,0.053,0.053,0.000,0.000,0,,0,,,,487289,327.08,0
598,1430.064,"Mount",0.149,0.039,0.117,-0.100,0.000,0.000,0,,0,,,,486412,337.43,0
599,1432.614,"Mount",0.147,-0.037,0.148,-0.032,0.093,0.000,30,W,0,,,,499010,354.52,0
600,1434.932,"Mount",-0.406,0.012,-0.370,0.167,-0.227,0.000,74,E,0,,,,482773,371.53,0
601,1437.276,"Mount",-0.087,-0.010,-0.073,0.047,0.000,0.000,0,,0,,,,499112,342.44,0
602,1439.622,"Mount",-0.291,-0.021,-0.253,0.147,-0.159,0.000,52,E,0,,,,495735,312.69,0
603,1441.935,"Mount",-0.130,0.010,-0.121,0.048,0.000,0.000,0,,0,,,,475166,375.34,0
604,1444.250,"Mount",-0.271,0.096,-0.286,0.033,-0.180,0.000,58,E,0,,,,484703,364.04,0
605,1446.825,"Mount",-0.005,-0.343,0.146,0.311,0.080,0.311,26,W,65,S,,,482081,342.07,0
606,1449.079,"Mount",0.129,-0.048,0.137,-0.014,0.092,0.000,30,W,0,,,,498974,338.60,0
607,1451.672,"Mount",0.640,-0.286,0.700,-0.024,0.448,0.000,145,W,0,,,,466405,329.12,0
608,1453.926,"Mount",-0.162,0.227,-0.245,-0.133,-0.123,0.000,40,E,0,,,,482482,319.61,0
609,1456.260,"Mount",-0.000,0.099,-0.044,-0.089,0.000,0.000,0,,0,,,,488376,346.28,0
610,1458.566,"Mount",0.033,0.026,0.018,-0.038,0.000,0.000,0,,0,,,,486761,327.49,0
611,1461.157,"Mount",-0.198,0.087,-0.216,0.009,-0.136,0.000,44,E,0,,,,469441,348.53,0
612,1463.321,"Mount",0.076,-0.052,0.092,0.013,0.000,0.000,0,,0,,,,488474,340.41,0
613,1465.831,"Mount",-0.242,0.192,-0.302,-0.066,-0.190,0.000,62,E,0,,,,476495,317.40,0
614,1468.047,"Mount",0.225,-0.006,0.205,-0.094,0.116,0.000,38,W,0,,,,489460,379.69,0
615,1470.388,"Mount",0.145,0.093,0.089,-0.147,0.000,0.000,0,,0,,,,461783,322.26,0
616,1472.635,"Mount",0.094,-0.028,0.097,-0.016,0.000,0.000,0,,0,,,,489270,369.11,0
617,1475.074,"Mount",-0.129,-0.055,-0.092,0.106,0.000,0.000,0,,0,,,,485586,366.26,0
618,1477.347,"Mount",0.024,0.039,0.004,-0.046,0.000,0.000,0,,0,,,,495173,356.80,0
619,1479.849,"Mount",-0.238,0.093,-0.255,0.021,-0.161,0.000,52,E,0,,,,471387,338.25,0
620,1482.198,"Mount",-0.180,0.045,-0.182,0.038,-0.126,0.000,41,E,0,,,,498322,343.17,0
621,1484.541,"Mount",-0.046,0.000,-0.042,0.020,0.000,0.000,0,,0,,,,492415,362.69,0
622,1486.855,"Mount",0.019,-0.069,0.047,0.054,0.000,0.000,0,,0,,,,488618,390.08,0
623,1489.255,"Mount",0.066,-0.081,0.095,0.044,0.000,0.000,0,,0,,,,481542,345.31,0
624,1491.489,"Mount",-0.013,-0.170,0.063,0.158,0.000,0.000,0,,0,,,,478148,317.91,0
625,1493.974,"Mount",-0.201,-0.051,-0.158,0.134,-0.100,0.000,32,E,0,,,,488199,341.99,0
626,1496.272,"Mount",0.289,0.008,0.256,-0.134,0.154,0.000,50,W,0,,,,501905,388.49,0
627,1498.611,"Mount",-0.085,-0.051,-0.054,0.083,0.000,0.000,0,,0,,,,501304,357.27,0
628,1500.966,"Mount",-0.130,0.061,-0.143,0.002,-0.090,0.000,29,E,0,,,,483090,328.12,0
629,1503.422,"Mount",-0.194,0.025,-0.185,0.063,-0.123,0.000,40,E,0,,,,473646,365.31,0
630,1505.579,"Mount",-0.085,-0.019,-0.068,0.055,0.000,0.000,0,,0,,,,515340,349.51,0
631,1508.005,"Mount",-0.111,-0.046,-0.080,0.090,0.000,0.000,0,,0,,,,500917,318.98,0
632,1510.293,"Mount",0.066,-0.076,0.093,0.039,0.000,0.000,0,,0,,,,455551,317.87,0
633,1512.852,"Mount",0.175,-0.118,0.209,0.029,0.131,0.000,43,W,0,,,,463505,313.43,0
634,1515.086,"Mount",0.234,-0.106,0.257,-0.008,0.171,0.000,56,W,0,,,,486722,366.65,0
635,1517.408,"Mount",0.014,-0.042,0.031,0.032,0.000,0.000,0,,0,,,,503987,368.28,0
636,1519.667,"Mount",-0.166,-0.050,-0.128,0.118,0.000,0.000,0,,0,,,,506984,372.80,0
637,1522.207,"Mount",-0.293,0.059,-0.289,0.076,-0.182,0.000,59,E,0,,,,467811,341.05,0
638,1524.459,"Mount",-0.231,-0.066,-0.178,0.160,-0.125,0.000,41,E,0,,,,493662,359.85,0
639,1526.881,"Mount",0.206,-0.104,0.231,0.003,0.137,0.000,44,W,0,,,,464387,309.43,0
640,1529.021,"Mount",-0.178,-0.110,-0.112,0.177,0.000,0.000,0,,0,,,,476288,324.05,0
641,1531.528,"Mount",-0.232,0.116,-0.260,-0.003,-0.164,0.000,53,E,0,,,,509797,352.08,0
642,1533.755,"Mount",-0.137,0.069,-0.154,-0.002,-0.108,0.000,35,E,0,,,,493635,352.63,0
643,1536.230,"Mount",0.346,-0.259,0.424,0.081,0.260,0.000,84,W,0,,,,477975,344.17,0
644,1538.511,"Mount",0.201,-0.119,0.233,0.019,0.165,0.000,53,W,0,,,,467708,338.62,0
645,1540.980,"Mount",0.268,-0.009,0.245,-0.109,0.166,0.000,54,W,0,,,,473193,344.95,0
646,1543.254,"Mount",-0.260,0.062,-0.261,0.058,-0.153,0.000,50,E,0,,,,489621,347.93,0
647,1545.694,"Mount",0.305,-0.178,0.352,0.026,0.211,0.000,68,W,0,,,,461466,334.77,0
648,1547.951,"Mount",0.218,-0.163,0.268,0.051,0.183,0.000,59,W,0,,,,483976,372.50,0
649,1550.296,"Mount",-0.042,-0.048,-0.016,0.061,0.000,0.000,0,,0,,,,486960,322.44,0
650,1552.527,"Mount",-0.077,-0.035,-0.054,0.066,0.000,0.000,0,,0,,,,492490,343.51,0
651,1555.083,"Mount",0.211,-0.117,0.241,0.012,0.152,0.000,49,W,0,,,,478747,333.19,0
652,1557.368,"Mount",-0.084,-0.215,0.019,0.230,0.000,0.230,0,,48,S,,,475377,311.85,0
653,1559.834,"Mount",0.540,-0.325,0.628,0.055,0.396,0.000,128,W,0,,,,493916,340.36,0
654,1561.989,"Mount",0.126,-0.008,0.117,-0.048,0.000,0.000,0,,0,,,,505898,329.96,0
655,1564.478,"Mount",-0.159,-0.027,-0.131,0.094,-0.083,0.000,27,E,0,,,,490343,351.53,0
656,1566.794,"Mount",0.196,-0.287,0.302,0.172,0.185,0.000,60,W,0,,,,489495,368.18,0
657,1569.115,"Mount",-0.056,0.024,-0.061,0.003,0.000,0.000,0,,0,,,,483943,341.91,0
658,1571.486,"Mount",0.182,-0.192,0.247,0.093,0.156,0.000,51,W,0,,,,458932,310.75,0
659,1573.966,"Mount",0.159,-0.200,0.231,0.110,0.156,0.000,51,W,0,,,,474771,299.28,0
660,1576.138,"Mount",-0.035,0.035,-0.046,-0.016,0.000,0.000,0,,0,,,,492495,347.75,0
661,1578.549,"Mount",-0.118,0.018,-0.114,0.036,0.000,0.000,0,,0,,,,493508,341.65,0
662,1580.845,"Mount",-0.030,-0.121,0.026,0.122,0.000,0.000,0,,0,,,,486220,340.76,0
663,1583.598,"Mount",-0.282,-0.092,-0.213,0.207,-0.134,0.207,44,E,43,S,,,485207,333.12,0
664,1585.764,"Mount",-0.124,-0.161,-0.040,0.199,0.000,0.000,0,,0,,,,505240,379.92,0
665,1588.262,"Mount",-0.328,0.012,-0.300,0.134,-0.189,0.000,61,E,0,,,,492746,391.34,0
666,1590.415,"Mount",-0.093,0.068,-0.113,-0.021,0.000,0.000,0,,0,,,,499091,359.14,0
667,1593.020,"Mount",-0.433,0.077,-0.422,0.121,-0.266,0.000,86,E,0,,,,475115,322.43,0
668,1595.279,"Mount",-0.215,0.056,-0.217,0.044,-0.155,0.000,50,E,0,,,,498980,381.25,0
669,1597.600,"Mount",-0.069,-0.022,-0.053,0.050,0.000,0.000,0,,0,,,,473616,326.51,0
670,1599.941,"Mount",0.206,-0.130,0.242,0.027,0.152,0.000,49,W,0,,,,485571,366.39,0
671,1602.534,"Mount",0.189,-0.344,0.321,0.226,0.213,0.226,69,W,47,S,,,475256,322.60,0
672,1604.878,"Mount",0.374,-0.264,0.452,0.073,0.300,0.000,97,W,0,,,,496528,354.21,0
673,1607.329,"Mount",-0.270,0.040,-0.260,0.082,-0.143,0.000,46,E,0,,,,466989,325.37,0
674,1609.622,"Mount",-0.458,0.211,-0.504,0.011,-0.328,0.000,106,E,0,,,,483954,339.01,0
675,1611.943,"Mount",0.073,-0.004,0.068,-0.028,0.000,0.000,0,,0,,,,489379,354.50,0
676,1614.276,"Mount",-0.170,-0.087,-0.114,0.153,0.000,0.000,0,,0,,,,474698,367.02,0
677,1616.795,"Mount",-0.173,-0.015,-0.149,0.090,-0.094,0.000,31,E,0,,,,488543,346.34,0
678,1619.088,"Mount",-0.328,0.080,-0.330,0.072,-0.214,0.000,69,E,0,,,,491769,363.88,0
679,1621.417,"Mount",-0.132,-0.023,-0.109,0.078,0.000,0.000,0,,0,,,,487626,367.28,0
680,1623.648,"Mount",0.055,0.002,0.048,-0.026,0.000,0.000,0,,0,,,,503450,331.04,0
681,1626.078,"Mount",-0.093,0.001,-0.084,0.040,0.000,0.000,0,,0,,,,495973,379.44,0
682,1628.528,"Mount",-0.260,0.151,-0.300,-0.021,-0.189,0.000,61,E,0,,,,479456,350.45,0
683,1630.871,"Mount",-0.023,-0.142,0.042,0.137,0.000,0.000,0,,0,,,,504967,366.44,0
684,1633.266,"Mount",-0.221,-0.183,-0.118,0.261,0.000,0.261,0,,55,S,,,467660,313.98,0
685,1635.605,"Mount",-0.003,-0.046,0.018,0.042,0.000,0.000,0,,0,,,,490221,338.18,0
686,1637.976,"Mount",-0.355,0.084,-0.356,0.080,-0.224,0.000,73,E,0,,,,481963,339.36,0
687,1640.366,"Mount",0.100,-0.130,0.147,0.073,0.077,0.000,25,W,0,,,,478260,356.81,0
688,1642.697,"Mount",-0.151,-0.000,-0.136,0.067,-0.080,0.000,26,E,0,,,,491536,408.30,0
689,1645.289,"Mount",0.301,-0.135,0.329,-0.010,0.202,0.000,66,W,0,,,,460929,301.84,0
690,1647.528,"Mount",-0.287,0.039,-0.275,0.091,-0.159,0.000,52,E,0,,,,493980,336.24,0
691,1649.943,"Mount",-0.182,-0.024,-0.153,0.102,-0.108,0.000,35,E,0,,,,499872,362.56,0
692,1652.295,"Mount",-0.551,0.099,-0.539,0.153,-0.347,0.000,112,E,0,,,,466936,346.79,0
693,1654.649,"Mount",0.074,-0.131,0.124,0.085,0.000,0.000,0,,0,,,,486623,355.29,0
694,1656.922,"Mount",0.046,0.087,0.003,-0.099,0.000,0.000,0,,0,,,,493112,335.03,0
695,1659.431,"Mount",-0.184,0.018,-0.173,0.065,-0.109,0.000,35,E,0,,,,478707,319.65,0
696,1661.593,"Mount",0.044,0.056,0.015,-0.069,0.000,0.000,0,,0,,,,477739,330.56,0
697,1664.175,"Mount",0.266,-0.060,0.265,-0.062,0.167,0.000,54,W,0,,,,477815,338.29,0
698,1666.351,"Mount",0.089,-0.020,0.088,-0.021,0.000,0.000,0,,0,,,,477575,354.41,0
699,1668.792,"Mount",-0.036,-0.044,-0.013,0.055,0.000,0.000,0,,0,,,,490578,360.60,0
700,1671.034,"Mount",-0.112,-0.068,-0.071,0.110,0.000,0.000,0,,0,,,,499601,334.17,0
701,1673.521,"Mount",-0.167,0.005,-0.152,0.069,-0.096,0.000,31,E,0,,,,498043,346.00,0
702,1675.926,"Mount",-0.578,-0.046,-0.499,0.295,-0.321,0.295,104,E,62,S,,,494480,346.55,0
703,1678.246,"Mount",-0.030,-0.042,-0.009,0.051,0.000,0.000,0,,0,,,,489277,355.08,0
704,1680.623,"Mount",-0.198,-0.075,-0.145,0.154,-0.091,0.000,30,E,0,,,,500664,331.65,0
705,1683.029,"Mount",0.210,-0.123,0.242,0.019,0.146,0.000,47,W,0,,,,486404,340.78,0
706,1685.270,"Mount",0.123,-0.135,0.170,0.067,0.117,0.000,38,W,0,,,,472956,353.05,0
707,1687.609,"Mount",0.126,-0.029,0.126,-0.029,0.000,0.000,0,,0,,,,481780,381.76,0
708,1690.102,"Mount",0.347,-0.271,0.431,0.091,0.271,0.000,88,W,0,,,,463023,313.81,0
709,1692.491,"Mount",0.106,-0.187,0.178,0.122,0.131,0.000,42,W,0,,,,466522,326.10,0
710,1694.870,"Mount",0.084,-0.314,0.213,0.245,0.143,0.245,47,W,52,S,,,497854,336.17,0
711,1697.326,"Mount",-0.218,-0.029,-0.183,0.122,-0.105,0.000,34,E,0,,,,495029,364.97,0
712,1699.577,"Mount",0.237,-0.063,0.241,-0.048,0.144,0.000,47,W,0,,,,463709,311.39,0
713,1701.948,"Mount",-0.068,0.081,-0.097,-0.042,0.000,0.000,0,,0,,,,487529,327.28,0
714,1704.246,"Mount",-0.114,0.065,-0.131,-0.008,-0.082,0.000,27,E,0,,,,511697,358.22,0
715,1706.864,"Mount",-0.340,-0.093,-0.265,0.233,-0.173,0.233,56,E,49,S,,,476307,340.76,0
716,1709.111,"Mount",0.135,-0.204,0.211,0.124,0.121,0.000,39,W,0,,,,486055,348.12,0
717,1711.478,"Mount",0.115,0.003,0.102,-0.053,0.000,0.000,0,,0,,,,487551,332.14,0
718,1713.854,"Mount",0.347,0.066,0.283,-0.211,0.179,0.000,58,W,0,,,,476186,348.92,0
719,1716.218,"Mount",-0.016,0.107,-0.061,-0.089,0.000,0.000,0,,0,,,,483014,337.42,0
720,1718.599,"Mount",-0.134,0.113,-0.170,-0.043,-0.107,0.000,35,E,0,,,,482062,364.87,0
721,1721.038,"Mount",-0.165,0.198,-0.235,-0.105,-0.155,0.000,50,E,0,,,,461880,348.51,0
722,1723.261,"Mount",0.255,0.109,0.182,-0.210,0.104,0.000,34,W,0,,,,478009,350.47,0
723,1725.593,"Mount",-0.028,0.093,-0.066,-0.071,0.000,0.000,0,,0,,,,494678,347.36,0
724,1727.840,"Mount",-0.071,0.013,-0.069,0.020,0.000,0.000,0,,0,,,,488771,336.01,0
725,1730.312,"Mount",-0.161,-0.082,-0.108,0.145,0.000,0.000,0,,0,,,,504811,403.27,0
726,1732.709,"Mount",-0.180,-0.023,-0.151,0.100,-0.095,0.000,31,E,0,,,,496108,362.03,0
727,1735.036,"Mount",-0.026,-0.032,-0.009,0.040,0.000,0.000,0,,0,,,,490511,355.84,0
728,1737.420,"Mount",-0.259,0.007,-0.235,0.107,-0.148,0.000,48,E,0,,,,470013,327.33,0
729,1739.817,"Mount",-0.253,0.071,-0.258,0.047,-0.173,0.000,56,E,0,,,,473562,317.66,0
730,1742.112,"Mount",-0.286,0.154,-0.325,-0.013,-0.217,0.000,70,E,0,,,,469516,333.02,0
731,1744.539,"Mount",-0.171,0.180,-0.233,-0.087,-0.162,0.000,53,E,0,,,,479839,348.77,0
732,1746.709,"Mount",-0.090,0.051,-0.103,-0.006,0.000,0.000,0,,0,,,,483947,362.51,0
733,1749.282,"Mount",0.305,-0.062,0.301,-0.078,0.190,0.000,62,W,0,,,,479208,312.26,0
734,1751.433,"Mount",0.096,0.014,0.080,-0.054,0.000,0.000,0,,0,,,,486744,320.24,0
735,1753.967,"Mount",0.389,0.064,0.321,-0.228,0.202,0.000,66,W,0,,,,469634,323.32,0
736,1756.209,"Mount",0.225,0.029,0.190,-0.125,0.134,0.000,43,W,0,,,,475871,334.08,0
737,1758.694,"Mount",-0.448,0.278,-0.525,-0.053,-0.321,0.000,104,E,0,,,,467753,348.03,0
738,1760.966,"Mount",-0.225,0.123,-0.256,-0.012,-0.183,0.000,60,E,0,,,,492412,356.26,0
739,1763.308,"Mount",0.005,0.048,-0.017,-0.046,0.000,0.000,0,,0,,,,489576,344.18,0
740,1765.624,"Mount",-0.168,0.036,-0.167,0.041,-0.105,0.000,34,E,0,,,,489374,333.88,0
741,1767.950,"Mount",0.015,-0.002,0.014,-0.005,0.000,0.000,0,,0,,,,480300,358.16,0
742,1770.191,"Mount",-0.053,0.069,-0.078,-0.038,0.000,0.000,0,,0,,,,491445,350.64,0
743,1772.607,"Mount",0.040,-0.033,0.051,0.012,0.000,0.000,0,,0,,,,497924,339.67,0
744,1775.012,"Mount",-0.212,0.108,-0.237,-0.004,-0.150,0.000,49,E,0,,,,493297,330.22,0
745,1777.566,"Mount",-0.401,-0.226,-0.261,0.379,-0.175,0.379,57,E,80,S,,,474150,334.99,0
746,1779.722,"Mount",0.007,-0.059,0.032,0.050,0.000,0.000,0,,0,,,,481808,327.12,0
747,1782.225,"Mount",0.073,0.193,-0.019,-0.205,0.000,0.000,0,,0,,,,454220,307.80,0
748,1784.697,"Mount",-0.387,0.218,-0.443,-0.026,-0.279,0.000,91,E,0,,,,454247,342.60,0
749,1787.140,"Mount",0.182,-0.044,0.182,-0.040,0.095,0.000,31,W,0,,,,474307,334.91,0
750,1789.307,"Mount",0.162,0.059,0.120,-0.124,0.000,0.000,0,,0,,,,470948,344.92,0
751,1791.765,"Mount",0.068,-0.070,0.092,0.033,0.000,0.000,0,,0,,,,508677,377.69,0
752,1793.997,"Mount",-0.072,0.077,-0.099,-0.038,0.000,0.000,0,,0,,,,489527,326.10,0
753,1796.408,"Mount",0.140,0.007,0.123,-0.068,0.000,0.000,0,,0,,,,478864,333.19,0
754,1798.826,"Mount",0.054,-0.213,0.142,0.167,0.089,0.000,29,W,0,,,,478884,348.80,0
755,1801.307,"Mount",-0.427,0.032,-0.398,0.159,-0.244,0.000,79,E,0,,,,497049,333.22,0
756,1803.656,"Mount",-0.431,0.334,-0.534,-0.111,-0.353,0.000,115,E,0,,,,468795,323.57,0
757,1806.110,"Mount",0.275,-0.037,0.264,-0.088,0.141,0.000,46,W,0,,,,484551,368.69,0
758,1808.287,"Mount",0.153,0.022,0.128,-0.087,0.000,0.000,0,,0,,,,471109,356.66,0
759,1810.823,"Mount",0.283,-0.112,0.304,-0.024,0.191,0.000,62,W,0,,,,460368,308.73,0
760,1813.070,"Mount",0.369,-0.031,0.345,-0.134,0.231,0.000,75,W,0,,,,458919,309.10,0
761,1815.615,"Mount",0.769,-0.392,0.863,0.015,0.560,0.000,182,W,0,,,,445815,335.98,0
762,1817.872,"Mount",0.310,0.018,0.271,-0.152,0.210,0.000,68,W,0,,,,493454,318.74,0
763,1820.319,"Mount",-0.316,0.220,-0.381,-0.059,-0.225,0.000,73,E,0,,,,485794,366.85,0
764,1822.589,"Mount",-0.268,0.124,-0.295,0.006,-0.202,0.000,65,E,0,,,,479835,324.67,0
765,1824.993,"Mount",-0.152,0.135,-0.196,-0.055,-0.137,0.000,45,E,0,,,,487331,343.82,0
766,1827.160,"Mount",0.034,0.075,-0.003,-0.083,0.000,0.000,0,,0,,,,488385,334.25,0
767,1829.597,"Mount",-0.095,0.057,-0.110,-0.010,0.000,0.000,0,,0,,,,469611,323.77,0
768,1831.897,"Mount",0.093,-0.065,0.112,0.018,0.000,0.000,0,,0,,,,484968,361.24,0
769,1834.449,"Mount",0.185,0.054,0.143,-0.130,0.090,0.000,29,W,0,,,,494963,372.83,0
770,1836.750,"Mount",0.303,-0.155,0.340,0.006,0.220,0.000,71,W,0,,,,472163,350.17,0
771,1839.207,"Mount",0.282,0.031,0.239,-0.152,0.166,0.000,54,W,0,,,,469861,344.41,0
772,1841.478,"Mount",0.198,-0.018,0.186,-0.071,0.129,0.000,42,W,0,,,,490050,345.51,0
773,1843.915,"Mount",-0.092,0.167,-0.156,-0.110,-0.089,0.000,29,E,0,,,,475204,380.70,0
774,1846.094,"Mount",0.024,0.098,-0.021,-0.098,0.000,0.000,0,,0,,,,494464,356.98,0
775,1848.494,"Mount",-0.047,0.085,-0.080,-0.055,0.000,0.000,0,,0,,,,485050,323.89,0
776,1850.791,"Mount",-0.001,0.086,-0.039,-0.077,0.000,0.000,0,,0,,,,486442,340.37,0
777,1853.228,"Mount",0.007,0.071,-0.025,-0.067,0.000,0.000,0,,0,,,,499343,359.90,0
778,1855.467,"Mount",0.008,0.012,0.002,-0.014,0.000,0.000,0,,0,,,,494998,307.38,0
779,1857.999,"Mount",0.414,-0.235,0.475,0.030,0.299,0.000,97,W,0,,,,476810,331.67,0
780,1860.271,"Mount",0.253,-0.032,0.242,-0.082,0.173,0.000,56,W,0,,,,471410,321.42,0
781,1862.598,"Mount",0.021,0.012,0.014,-0.020,0.000,0.000,0,,0,,,,481946,340.61,0
782,1864.967,"Mount",-0.165,-0.018,-0.140,0.089,-0.088,0.000,29,E,0,,,,500345,333.61,0
783,1867.403,"Mount",-0.172,0.050,-0.177,0.031,-0.118,0.000,38,E,0,,,,479045,321.63,0
784,1869.560,"Mount",-0.018,0.039,-0.033,-0.027,0.000,0.000,0,,0,,,,504977,346.50,0
785,1872.127,"Mount",0.366,-0.010,0.333,-0.152,0.210,0.000,68,W,0,,,,468685,352.30,0
786,1874.299,"Mount",0.058,-0.034,0.067,0.005,0.000,0.000,0,,0,,,,484425,335.27,0
787,1876.842,"Mount",0.125,-0.060,0.139,-0.001,0.087,0.000,28,W,0,,,,494832,347.74,0
788,1879.029,"Mount",-0.102,0.064,-0.120,-0.013,0.000,0.000,0,,0,,,,490938,354.49,0
789,1881.501,"Mount",0.010,0.059,-0.017,-0.057,0.000,0.000,0,,0,,,,484293,364.87,0
790,1884.001,"Mount",-0.147,0.136,-0.191,-0.057,-0.121,0.000,39,E,0,,,,483097,331.83,0
791,1886.372,"Mount",0.032,0.049,0.007,-0.058,0.000,0.000,0,,0,,,,483078,352.65,0
792,1888.773,"Mount",-0.246,0.161,-0.292,-0.036,-0.184,0.000,60,E,0,,,,482243,329.67,0
INFO: SET LOCK POSITION, new lock pos = 676.685, 872.793
INFO: DITHER by 2.105, 0.135, new lock pos = 678.517, 871.747
INFO: SETTLING STATE CHANGE, Settling started
793,1893.550,"Mount",-1.832,1.045,-2.105,-0.135,-2.105,-0.135,683,E,1398,N,,,474759,341.74,0
794,1895.979,"Mount",0.216,-0.477,0.404,0.333,0.254,0.000,82,W,0,,,,466539,319.39,0
795,1898.133,"Mount",-0.199,-0.192,-0.094,0.260,0.000,0.000,0,,0,,,,460967,307.71,0
796,1902.207,"Mount",0.354,-0.472,0.525,0.269,0.331,0.269,107,W,1426,S,,,465686,323.89,0
797,1904.345,"Mount",-0.155,-0.098,-0.096,0.156,0.000,0.000,0,,0,,,,487260,367.32,0
INFO: SETTLING STATE CHANGE, Settling complete
798,1906.881,"Mount",0.158,-0.167,0.215,0.081,0.136,0.000,44,W,0,,,,471019,351.63,0
799,1909.139,"Mount",-0.122,0.044,-0.129,0.014,0.000,0.000,0,,0,,,,472531,334.50,0
800,1911.663,"Mount",-0.248,0.105,-0.269,0.015,-0.169,0.000,55,E,0,,,,459817,351.49,0
801,1913.911,"Mount",-0.258,0.041,-0.249,0.077,-0.169,0.000,55,E,0,,,,470286,333.39,0
802,1916.260,"Mount",-0.121,-0.123,-0.055,0.164,0.000,0.000,0,,0,,,,466501,326.06,0
803,1918.508,"Mount",-0.130,-0.026,-0.105,0.081,0.000,0.000,0,,0,,,,487241,337.22,0
804,1921.031,"Mount",-0.290,0.059,-0.287,0.074,-0.181,0.000,59,E,0,,,,468045,345.58,0
805,1923.176,"Mount",0.103,0.001,0.092,-0.046,0.000,0.000,0,,0,,,,477200,371.51,0
806,1925.857,"Mount",-0.297,0.092,-0.307,0.048,-0.194,0.000,63,E,0,,,,471871,299.33,0
807,1928.136,"Mount",-0.260,0.025,-0.244,0.091,-0.167,0.000,54,E,0,,,,482042,343.02,0
808,1930.568,"Mount",-0.220,0.134,-0.257,-0.024,-0.173,0.000,56,E,0,,,,457339,345.18,0
809,1932.752,"Mount",-0.081,-0.124,-0.019,0.147,0.000,0.000,0,,0,,,,501294,350.72,0
810,1935.181,"Mount",-0.053,-0.096,-0.006,0.110,0.000,0.000,0,,0,,,,491565,333.80,0
811,1937.425,"Mount",0.013,-0.025,0.022,0.017,0.000,0.000,0,,0,,,,468517,373.65,0
812,1939.859,"Mount",-0.139,-0.107,-0.078,0.157,0.000,0.000,0,,0,,,,461169,333.61,0
813,1942.097,"Mount",-0.116,-0.077,-0.071,0.120,0.000,0.000,0,,0,,,,477292,351.34,0
814,1944.496,"Mount",-0.055,-0.172,0.027,0.179,0.000,0.000,0,,0,,,,451509,338.94,0
815,1946.840,"Mount",-0.096,-0.128,-0.030,0.157,0.000,0.000,0,,0,,,,481419,350.39,0
816,1949.375,"Mount",-0.259,0.130,-0.290,-0.003,-0.183,0.000,59,E,0,,,,452456,347.03,0
817,1951.721,"Mount",-0.351,0.159,-0.385,0.011,-0.255,0.000,83,E,0,,,,461077,357.03,0
818,1954.111,"Mount",-0.180,0.022,-0.171,0.059,-0.126,0.000,41,E,0,,,,472477,318.23,0
819,1956.292,"Mount",-0.154,-0.087,-0.100,0.146,0.000,0.000,0,,0,,,,472840,336.67,0
820,1958.758,"Mount",-0.102,0.007,-0.095,0.038,0.000,0.000,0,,0,,,,469887,295.56,0
821,1961.003,"Mount",-0.094,-0.123,-0.030,0.152,0.000,0.000,0,,0,,,,465856,332.15,0
822,1963.638,"Mount",0.067,-0.395,0.234,0.325,0.147,0.325,48,W,68,S,,,486934,382.06,0
823,1965.925,"Mount",0.139,-0.252,0.235,0.165,0.159,0.000,51,W,0,,,,475049,338.87,0
824,1968.269,"Mount",-0.091,-0.048,-0.061,0.083,0.000,0.000,0,,0,,,,489079,375.38,0
825,1970.615,"Mount",-0.332,0.054,-0.323,0.097,-0.203,0.000,66,E,0,,,,471373,339.70,0
826,1973.055,"Mount",-0.262,-0.043,-0.216,0.154,-0.151,0.000,49,E,0,,,,465176,330.79,0
827,1975.303,"Mount",-0.308,-0.010,-0.272,0.144,-0.182,0.000,59,E,0,,,,490449,345.66,0
828,1977.686,"Mount",-0.153,-0.046,-0.117,0.108,0.000,0.000,0,,0,,,,470800,327.06,0
829,1979.999,"Mount",-0.253,0.052,-0.250,0.064,-0.157,0.000,51,E,0,,,,474083,368.40,0
830,1982.330,"Mount",0.030,-0.055,0.051,0.036,0.000,0.000,0,,0,,,,501261,354.88,0
831,1984.712,"Mount",0.179,-0.215,0.255,0.114,0.160,0.000,52,W,0,,,,485728,340.92,0
832,1987.135,"Mount",0.221,-0.244,0.306,0.122,0.204,0.000,66,W,0,,,,485019,370.67,0
833,1989.432,"Mount",0.257,-0.255,0.343,0.117,0.230,0.000,75,W,0,,,,480295,341.98,0
834,1991.887,"Mount",-0.138,0.076,-0.157,-0.008,-0.083,0.000,27,E,0,,,,466622,339.00,0
835,1994.144,"Mount",-0.187,0.172,-0.244,-0.073,-0.159,0.000,52,E,0,,,,473043,338.53,0
836,1996.625,"Mount",0.079,-0.176,0.148,0.124,0.082,0.000,27,W,0,,,,479675,351.08,0
837,1998.884,"Mount",-0.215,0.058,-0.219,0.042,-0.132,0.000,43,E,0,,,,455745,318.82,0
838,2001.294,"Mount",-0.173,0.007,-0.159,0.070,-0.109,0.000,35,E,0,,,,469140,359.25,0
839,2003.461,"Mount",-0.102,-0.021,-0.083,0.064,0.000,0.000,0,,0,,,,471846,334.54,0
840,2005.882,"Mount",0.107,-0.056,0.121,0.004,0.000,0.000,0,,0,,,,498420,352.33,0
841,2008.135,"Mount",-0.053,-0.183,0.033,0.188,0.000,0.000,0,,0,,,,475043,336.89,0
842,2010.662,"Mount",0.087,-0.139,0.140,0.087,0.088,0.000,29,W,0,,,,477329,342.75,0
843,2012.895,"Mount",0.057,-0.195,0.137,0.151,0.092,0.000,30,W,0,,,,498216,340.99,0
844,2015.343,"Mount",-0.291,0.105,-0.307,0.034,-0.187,0.000,61,E,0,,,,475838,346.53,0
845,2017.577,"Mount",-0.184,-0.070,-0.134,0.144,-0.098,0.000,32,E,0,,,,476060,346.42,0
846,2019.999,"Mount",-0.321,0.022,-0.298,0.121,-0.194,0.000,63,E,0,,,,470107,344.57,0
847,2022.247,"Mount",0.274,-0.269,0.364,0.121,0.216,0.000,70,W,0,,,,471733,340.21,0
848,2024.572,"Mount",0.018,-0.038,0.033,0.026,0.000,0.000,0,,0,,,,488177,325.72,0
849,2027.117,"Mount",0.147,-0.342,0.282,0.242,0.178,0.242,58,W,51,S,,,482271,374.93,0
850,2029.585,"Mount",0.092,-0.099,0.125,0.048,0.000,0.000,0,,0,,,,494593,311.52,0
851,2032.127,"Mount",0.520,-0.263,0.583,0.008,0.367,0.000,119,W,0,,,,472193,333.71,0
852,2034.585,"Mount",-0.355,0.104,-0.365,0.062,-0.204,0.000,66,E,0,,,,466648,323.04,0
853,2036.824,"Mount",-0.168,-0.120,-0.098,0.181,0.000,0.000,0,,0,,,,476670,341.59,0
854,2039.338,"Mount",-0.210,0.022,-0.198,0.072,-0.125,0.000,41,E,0,,,,466607,343.84,0
855,2041.686,"Mount",-0.244,0.169,-0.293,-0.045,-0.194,0.000,63,E,0,,,,456642,313.23,0
856,2043.995,"Mount",0.021,-0.058,0.045,0.043,0.000,0.000,0,,0,,,,506485,372.51,0
857,2046.339,"Mount",0.197,-0.090,0.217,-0.006,0.137,0.000,44,W,0,,,,487126,343.15,0
858,2048.850,"Mount",0.536,-0.182,0.561,-0.072,0.363,0.000,118,W,0,,,,483351,317.44,0
859,2051.199,"Mount",0.558,-0.335,0.648,0.056,0.434,0.000,141,W,0,,,,485598,384.74,0
860,2053.711,"Mount",-0.330,-0.063,-0.269,0.201,-0.139,0.201,45,E,42,S,,,476875,352.98,0
861,2055.907,"Mount",-0.008,0.253,-0.118,-0.224,0.000,0.000,0,,0,,,,484787,377.64,0
862,2058.400,"Mount",-0.045,0.224,-0.139,-0.181,-0.087,0.000,28,E,0,,,,478878,355.70,0
863,2060.785,"Mount",-0.234,0.259,-0.323,-0.130,-0.210,0.000,68,E,0,,,,466537,347.35,0
864,2063.208,"Mount",-0.126,0.065,-0.142,-0.003,-0.104,0.000,34,E,0,,,,475919,332.43,0
865,2065.372,"Mount",-0.012,0.108,-0.058,-0.091,0.000,0.000,0,,0,,,,462781,326.15,0
866,2067.866,"Mount",0.194,-0.069,0.205,-0.024,0.129,0.000,42,W,0,,,,480691,328.55,0
867,2070.207,"Mount",-0.092,0.198,-0.169,-0.138,-0.097,0.000,32,E,0,,,,489460,356.66,0
868,2072.699,"Mount",0.422,-0.224,0.478,0.016,0.294,0.000,95,W,0,,,,486848,302.53,0
869,2074.986,"Mount",-0.142,0.205,-0.217,-0.122,-0.116,0.000,38,E,0,,,,493910,362.73,0
870,2077.340,"Mount",0.153,0.161,0.067,-0.212,0.000,0.000,0,,0,,,,472112,331.97,0
871,2079.755,"Mount",-0.100,0.297,-0.221,-0.223,-0.139,0.000,45,E,0,,,,467667,331.16,0
872,2082.162,"Mount",0.069,-0.094,0.104,0.054,0.000,0.000,0,,0,,,,497057,351.19,0
873,2084.411,"Mount",-0.098,0.028,-0.100,0.018,0.000,0.000,0,,0,,,,475614,354.38,0
874,2086.851,"Mount",-0.038,0.010,-0.038,0.007,0.000,0.000,0,,0,,,,490567,363.70,0
875,2089.098,"Mount",0.025,-0.126,0.078,0.102,0.000,0.000,0,,0,,,,485327,324.08,0
876,2091.642,"Mount",0.152,0.098,0.094,-0.155,0.000,0.000,0,,0,,,,493418,339.77,0
877,2093.947,"Mount",-0.074,-0.001,-0.067,0.033,0.000,0.000,0,,0,,,,490557,328.57,0
878,2096.499,"Mount",0.199,-0.023,0.189,-0.067,0.119,0.000,39,W,0,,,,499261,369.95,0
879,2098.709,"Mount",0.080,0.037,0.056,-0.068,0.000,0.000,0,,0,,,,484437,323.40,0
880,2101.215,"Mount",0.185,-0.000,0.167,-0.081,0.105,0.000,34,W,0,,,,486443,363.72,0
881,2103.458,"Mount",-0.130,0.249,-0.226,-0.167,-0.135,0.000,44,E,0,,,,480115,331.92,0
882,2105.768,"Mount",-0.082,0.015,-0.080,0.022,0.000,0.000,0,,0,,,,486124,331.64,0
883,2107.993,"Mount",0.158,0.086,0.104,-0.147,0.000,0.000,0,,0,,,,487550,364.33,0
884,2110.527,"Mount",0.511,0.014,0.453,-0.236,0.285,0.000,93,W,0,,,,505662,393.19,0
885,2112.887,"Mount",0.370,0.005,0.330,-0.166,0.228,0.000,74,W,0,,,,487733,307.15,0
886,2115.367,"Mount",0.653,-0.104,0.632,-0.193,0.414,0.000,134,W,0,,,,473596,324.42,0
887,2117.642,"Mount",0.329,-0.066,0.325,-0.085,0.233,0.000,76,W,0,,,,492316,341.58,0
888,2120.122,"Mount",-0.593,0.394,-0.706,-0.094,-0.428,0.000,139,E,0,,,,465557,295.84,0
889,2122.281,"Mount",-0.110,0.051,-0.121,0.002,0.000,0.000,0,,0,,,,487478,338.20,0
890,2124.776,"Mount",0.065,0.131,0.001,-0.146,0.000,0.000,0,,0,,,,488186,311.26,0
891,2127.103,"Mount",0.264,0.054,0.214,-0.164,0.135,0.000,44,W,0,,,,485790,322.57,0
892,2129.519,"Mount",-0.063,0.175,-0.133,-0.129,-0.074,0.000,24,E,0,,,,487087,340.13,0
893,2131.824,"Mount",0.302,-0.009,0.275,-0.124,0.168,0.000,55,W,0,,,,491995,360.84,0
894,2134.307,"Mount",0.346,-0.207,0.402,0.035,0.265,0.000,86,W,0,,,,487351,374.29,0
895,2136.620,"Mount",0.354,-0.013,0.324,-0.143,0.222,0.000,72,W,0,,,,491128,341.39,0
896,2139.048,"Mount",0.239,-0.059,0.240,-0.052,0.167,0.000,54,W,0,,,,495214,368.74,0
897,2141.226,"Mount",-0.078,0.117,-0.121,-0.071,0.000,0.000,0,,0,,,,479793,313.88,0
898,2143.778,"Mount",-0.052,0.226,-0.146,-0.180,-0.092,0.000,30,E,0,,,,497857,329.94,0
899,2145.944,"Mount",-0.013,0.014,-0.018,-0.007,0.000,0.000,0,,0,,,,494196,336.92,0
900,2148.385,"Mount",0.026,0.201,-0.065,-0.192,0.000,0.000,0,,0,,,,485592,356.64,0
901,2150.743,"Mount",0.146,-0.207,0.222,0.122,0.140,0.000,45,W,0,,,,475694,334.00,0
902,2153.213,"Mount",0.165,0.001,0.148,-0.074,0.103,0.000,33,W,0,,,,503662,355.00,0
903,2155.363,"Mount",0.114,0.126,0.048,-0.163,0.000,0.000,0,,0,,,,466136,353.38,0
904,2157.983,"Mount",0.491,-0.381,0.608,0.127,0.383,0.000,124,W,0,,,,474179,347.70,0
905,2160.342,"Mount",-0.255,-0.123,-0.175,0.223,-0.084,0.223,27,E,47,S,,,484341,335.05,0
906,2162.810,"Mount",-0.093,0.169,-0.158,-0.112,-0.105,0.000,34,E,0,,,,468114,332.99,0
907,2165.064,"Mount",-0.196,0.280,-0.299,-0.166,-0.196,0.000,64,E,0,,,,467331,341.66,0
908,2167.507,"Mount",0.309,0.067,0.248,-0.196,0.142,0.000,46,W,0,,,,496031,371.45,0
909,2169.655,"Mount",-0.034,0.089,-0.070,-0.066,0.000,0.000,0,,0,,,,488699,356.41,0
910,2172.064,"Mount",0.050,0.019,0.037,-0.039,0.000,0.000,0,,0,,,,474487,333.19,0
911,2174.328,"Mount",0.054,-0.058,0.074,0.029,0.000,0.000,0,,0,,,,498341,392.86,0
912,2176.943,"Mount",0.345,-0.012,0.315,-0.140,0.199,0.000,64,W,0,,,,486550,343.84,0
913,2179.090,"Mount",0.137,0.086,0.086,-0.138,0.000,0.000,0,,0,,,,493514,326.65,0
914,2181.496,"Mount",0.199,0.212,0.086,-0.277,0.000,0.000,0,,0,,,,479217,305.90,0
915,2183.807,"Mount",-0.059,0.244,-0.160,-0.194,-0.101,0.000,33,E,0,,,,469846,338.03,0
916,2186.297,"Mount",-0.259,0.097,-0.275,0.027,-0.180,0.000,59,E,0,,,,484897,340.18,0
917,2188.451,"Mount",-0.087,0.017,-0.085,0.023,0.000,0.000,0,,0,,,,485281,329.11,0
918,2191.000,"Mount",-0.284,0.252,-0.366,-0.101,-0.231,0.000,75,E,0,,,,471428,311.30,0
919,2193.218,"Mount",0.063,0.063,0.029,-0.085,0.000,0.000,0,,0,,,,492021,358.65,0
920,2195.635,"Mount",0.080,0.248,-0.037,-0.258,0.000,0.000,0,,0,,,,484724,343.91,0
921,2199.415,"Mount",0.261,0.157,0.165,-0.256,0.104,-0.256,34,W,1424,N,,,485631,361.42,0
922,2202.039,"Mount",-0.446,0.080,-0.436,0.124,-0.267,0.000,87,E,0,,,,465631,315.11,0
923,2204.202,"Mount",-0.186,-0.155,-0.100,0.221,0.000,0.000,0,,0,,,,469162,316.02,0
924,2206.788,"Mount",-0.077,-0.331,0.076,0.331,0.000,0.000,0,,0,,,,480329,347.67,0
925,2209.153,"Mount",-0.108,-0.285,0.028,0.304,0.000,0.000,0,,0,,,,488898,373.32,0
926,2211.695,"Mount",-0.398,-0.185,-0.276,0.340,-0.174,0.000,56,E,0,,,,474538,337.05,0
927,2213.942,"Mount",-0.248,0.067,-0.252,0.049,-0.171,0.000,55,E,0,,,,473481,349.07,0
928,2217.839,"Mount",-0.126,-0.298,0.018,0.323,0.000,0.323,0,,1438,S,,,461155,339.03,0
929,2220.210,"Mount",-0.286,-0.085,-0.219,0.202,-0.138,0.202,45,E,42,S,,,479404,337.48,0
930,2222.607,"Mount",0.047,-0.204,0.132,0.163,0.073,0.000,24,W,0,,,,480699,346.43,0
931,2224.961,"Mount",-0.354,0.168,-0.392,0.005,-0.242,0.000,78,E,0,,,,469754,346.01,0
932,2227.371,"Mount",-0.197,-0.058,-0.151,0.139,-0.112,0.000,36,E,0,,,,476401,332.85,0
933,2229.645,"Mount",-0.199,0.111,-0.228,-0.013,-0.151,0.000,49,E,0,,,,475486,326.88,0
934,2232.039,"Mount",0.093,-0.157,0.152,0.100,0.085,0.000,28,W,0,,,,498828,341.61,0
935,2234.356,"Mount",-0.251,0.154,-0.293,-0.028,-0.178,0.000,58,E,0,,,,480262,341.49,0
936,2236.793,"Mount",0.065,-0.110,0.106,0.070,0.000,0.000,0,,0,,,,491345,334.78,0
937,2239.232,"Mount",-0.082,-0.185,0.008,0.202,0.000,0.202,0,,43,S,,,469407,340.28,0
938,2241.593,"Mount",-0.120,-0.124,-0.053,0.164,0.000,0.000,0,,0,,,,479938,323.61,0
939,2243.906,"Mount",-0.179,0.025,-0.171,0.056,-0.108,0.000,35,E,0,,,,473997,342.58,0
940,2246.252,"Mount",0.020,-0.017,0.026,0.006,0.000,0.000,0,,0,,,,490171,335.97,0
941,2248.481,"Mount",0.026,0.085,-0.014,-0.088,0.000,0.000,0,,0,,,,481879,346.01,0
942,2251.068,"Mount",-0.372,0.080,-0.369,0.091,-0.233,0.000,75,E,0,,,,482304,333.58,0
943,2253.312,"Mount",-0.273,-0.070,-0.215,0.183,-0.151,0.000,49,E,0,,,,488919,362.65,0
944,2255.623,"Mount",-0.004,-0.177,0.074,0.160,0.000,0.000,0,,0,,,,491052,358.01,0
945,2258.023,"Mount",-0.158,-0.146,-0.078,0.200,0.000,0.200,0,,42,S,,,482326,331.81,0
946,2260.410,"Mount",-0.139,-0.160,-0.055,0.204,0.000,0.204,0,,43,S,,,476112,339.60,0
947,2262.855,"Mount",0.084,-0.311,0.212,0.243,0.134,0.243,43,W,51,S,,,464395,323.72,0
948,2265.175,"Mount",0.159,0.225,0.044,-0.272,0.000,0.000,0,,0,,,,474826,325.81,0
949,2267.535,"Mount",0.225,-0.072,0.234,-0.034,0.147,0.000,48,W,0,,,,480966,353.32,0
950,2269.870,"Mount",0.039,0.317,-0.104,-0.302,0.000,0.000,0,,0,,,,472870,341.66,0
951,2272.092,"Mount",0.043,0.226,-0.061,-0.222,0.000,0.000,0,,0,,,,479965,358.41,0
952,2274.614,"Mount",-0.082,0.428,-0.261,-0.349,-0.165,0.000,53,E,0,,,,460862,317.04,0
953,2276.911,"Mount",-0.238,0.439,-0.407,-0.290,-0.268,0.000,87,E,0,,,,468507,352.49,0
954,2279.343,"Mount",-0.134,0.259,-0.234,-0.174,-0.166,0.000,54,E,0,,,,480714,343.35,0
955,2281.623,"Mount",0.195,0.018,0.167,-0.102,0.094,0.000,30,W,0,,,,488531,361.49,0
956,2285.440,"Mount",0.182,0.359,0.006,-0.402,0.000,-0.402,0,,1454,N,,,481564,355.04,0
957,2287.665,"Mount",-0.047,0.175,-0.119,-0.137,0.000,0.000,0,,0,,,,489711,322.86,0
958,2290.213,"Mount",0.136,-0.072,0.154,0.005,0.097,0.000,31,W,0,,,,465457,346.62,0
959,2292.412,"Mount",-0.074,0.099,-0.110,-0.057,0.000,0.000,0,,0,,,,475356,301.62,0
960,2294.829,"Mount",-0.056,-0.183,0.030,0.189,0.000,0.000,0,,0,,,,488546,338.47,0
961,2297.060,"Mount",-0.119,-0.011,-0.102,0.062,0.000,0.000,0,,0,,,,481561,331.24,0
962,2299.583,"Mount",0.148,-0.176,0.210,0.093,0.132,0.000,43,W,0,,,,488622,337.58,0
963,2301.863,"Mount",-0.255,-0.085,-0.192,0.189,-0.112,0.000,36,E,0,,,,495962,322.09,0
964,2304.295,"Mount",-0.286,0.008,-0.261,0.119,-0.172,0.000,56,E,0,,,,510794,335.05,0
965,2306.444,"Mount",-0.053,-0.194,0.037,0.198,0.000,0.000,0,,0,,,,485351,357.75,0
966,2309.057,"Mount",0.208,-0.376,0.352,0.247,0.222,0.000,72,W,0,,,,473270,324.43,0
967,2311.215,"Mount",-0.009,-0.047,0.012,0.046,0.000,0.000,0,,0,,,,492028,367.49,0
968,2313.622,"Mount",0.006,-0.023,0.015,0.018,0.000,0.000,0,,0,,,,500331,357.01,0
969,2315.851,"Mount",-0.060,-0.033,-0.040,0.056,0.000,0.000,0,,0,,,,483060,326.85,0
970,2318.429,"Mount",-0.214,-0.091,-0.153,0.175,-0.096,0.000,31,E,0,,,,460712,347.99,0
971,2320.728,"Mount",0.121,-0.137,0.169,0.070,0.100,0.000,32,W,0,,,,488053,346.08,0
972,2323.146,"Mount",0.089,-0.158,0.149,0.102,0.101,0.000,33,W,0,,,,479852,332.79,0
973,2325.383,"Mount",-0.205,-0.069,-0.154,0.152,-0.090,0.000,29,E,0,,,,472456,325.79,0
974,2327.848,"Mount",-0.223,0.076,-0.234,0.030,-0.154,0.000,50,E,0,,,,455800,301.02,0
975,2330.170,"Mount",-0.038,-0.252,0.076,0.243,0.000,0.000,0,,0,,,,486321,355.63,0
976,2332.804,"Mount",0.146,-0.373,0.295,0.271,0.186,0.000,60,W,0,,,,472897,341.25,0
977,2336.407,"Mount",-0.110,-0.202,-0.011,0.230,0.000,0.230,0,,1418,S,,,479638,330.92,0
978,2338.894,"Mount",0.027,0.406,-0.154,-0.377,-0.097,0.000,31,E,0,,,,472739,358.40,0
979,2341.135,"Mount",0.026,0.410,-0.157,-0.379,-0.106,0.000,34,E,0,,,,463408,334.09,0
980,2343.485,"Mount",0.106,0.440,-0.098,-0.442,0.000,0.000,0,,0,,,,467610,330.71,0
981,2345.799,"Mount",-0.018,0.583,-0.272,-0.516,-0.171,0.000,56,E,0,,,,469704,325.74,0
982,2348.239,"Mount",0.547,0.303,0.358,-0.513,0.214,0.000,69,W,0,,,,457360,324.98,0
983,2352.128,"Mount",0.683,0.368,0.453,-0.630,0.300,-0.630,97,W,1502,N,,,449063,350.37,0
984,2354.592,"Mount",0.149,0.332,-0.012,-0.364,0.000,-0.364,0,,76,N,,,470433,355.33,0
985,2356.793,"Mount",0.078,0.150,0.004,-0.169,0.000,0.000,0,,0,,,,472065,324.90,0
986,2359.206,"Mount",0.057,0.075,0.019,-0.092,0.000,0.000,0,,0,,,,484785,334.26,0
987,2361.464,"Mount",0.054,0.157,-0.020,-0.165,0.000,0.000,0,,0,,,,471173,330.87,0
988,2364.047,"Mount",-0.155,0.342,-0.289,-0.239,-0.182,-0.239,59,E,50,N,,,471128,344.52,0
989,2366.287,"Mount",-0.054,0.111,-0.097,-0.076,0.000,0.000,0,,0,,,,474888,329.80,0
990,2368.807,"Mount",-0.185,0.202,-0.255,-0.100,-0.161,0.000,52,E,0,,,,458245,332.94,0
991,2370.970,"Mount",0.049,0.130,-0.013,-0.138,0.000,0.000,0,,0,,,,469427,332.69,0
992,2373.396,"Mount",-0.014,-0.037,0.004,0.039,0.000,0.000,0,,0,,,,463950,321.87,0
993,2375.644,"Mount",-0.137,-0.193,-0.038,0.233,0.000,0.000,0,,0,,,,467360,336.14,0
994,2378.043,"Mount",-0.036,-0.199,0.055,0.194,0.000,0.000,0,,0,,,,493370,348.58,0
995,2380.304,"Mount",0.019,0.018,0.009,-0.024,0.000,0.000,0,,0,,,,481867,375.17,0
996,2383.015,"Mount",-0.166,0.320,-0.290,-0.215,-0.183,-0.215,59,E,45,N,,,465558,322.09,0
997,2385.175,"Mount",0.068,0.101,0.017,-0.120,0.000,0.000,0,,0,,,,474300,371.44,0
998,2387.625,"Mount",-0.085,-0.056,-0.052,0.088,0.000,0.000,0,,0,,,,493977,344.96,0
999,2389.870,"Mount",-0.027,0.005,-0.026,0.008,0.000,0.000,0,,0,,,,491168,342.54,0
1000,2392.495,"Mount",-0.273,0.202,-0.335,-0.062,-0.211,0.000,68,E,0,,,,470443,351.88,0
1001,2394.692,"Mount",-0.003,-0.117,0.048,0.106,0.000,0.000,0,,0,,,,477660,358.06,0
1002,2397.108,"Mount",-0.236,-0.227,-0.113,0.308,0.000,0.000,0,,0,,,,475947,323.70,0
1003,2399.457,"Mount",-0.005,-0.487,0.209,0.440,0.132,0.000,43,W,0,,,,481130,318.21,0
1004,2402.009,"Mount",-0.752,-0.280,-0.553,0.581,-0.339,0.000,110,E,0,,,,488749,354.64,0
1005,2405.713,"Mount",0.055,-0.423,0.235,0.356,0.125,0.356,40,W,1445,S,,,482882,344.91,0
1006,2408.130,"Mount",0.384,0.162,0.274,-0.314,0.181,0.000,59,W,0,,,,487352,340.43,0
1007,2410.375,"Mount",0.585,0.375,0.362,-0.594,0.240,0.000,78,W,0,,,,473523,337.95,0
1008,2412.702,"Mount",0.142,0.394,-0.045,-0.417,0.000,0.000,0,,0,,,,469383,328.83,0
1009,2415.016,"Mount",0.220,0.110,0.149,-0.195,0.094,0.000,30,W,0,,,,471112,338.28,0
1010,2417.358,"Mount",0.140,0.270,0.008,-0.304,0.000,0.000,0,,0,,,,469935,348.22,0
1011,2419.612,"Mount",0.078,0.352,-0.085,-0.351,0.000,0.000,0,,0,,,,481452,314.79,0
1012,2423.559,"Mount",0.224,0.630,-0.076,-0.664,0.000,-0.664,0,,1509,N,,,478703,346.31,0
1013,2425.960,"Mount",-0.002,0.373,-0.165,-0.335,-0.104,-0.335,34,E,70,N,,,490581,340.70,0
1014,2428.471,"Mount",-0.704,0.111,-0.681,0.209,-0.436,0.000,142,E,0,,,,484415,339.65,0
1015,2430.634,"Mount",0.082,0.165,0.002,-0.184,0.000,0.000,0,,0,,,,487957,351.45,0
1016,2433.084,"Mount",0.088,0.014,0.073,-0.052,0.000,0.000,0,,0,,,,481974,346.13,0
1017,2435.437,"Mount",0.283,-0.063,0.282,-0.067,0.178,0.000,58,W,0,,,,482551,311.21,0
1018,2437.919,"Mount",0.399,-0.081,0.394,-0.102,0.261,0.000,85,W,0,,,,477207,360.95,0
1019,2440.063,"Mount",0.052,-0.093,0.087,0.061,0.000,0.000,0,,0,,,,477404,312.36,0
1020,2442.539,"Mount",0.134,-0.306,0.255,0.216,0.161,0.000,52,W,0,,,,495089,380.98,0
1021,2444.750,"Mount",-0.053,-0.199,0.040,0.202,0.000,0.000,0,,0,,,,494786,354.55,0
1022,2447.258,"Mount",-0.224,-0.018,-0.193,0.114,-0.122,0.000,39,E,0,,,,483953,349.22,0
1023,2449.410,"Mount",-0.022,0.059,-0.046,-0.044,0.000,0.000,0,,0,,,,485471,329.64,0
1024,2451.943,"Mount",-0.331,-0.019,-0.289,0.162,-0.182,0.000,59,E,0,,,,486454,334.77,0
1025,2454.100,"Mount",0.012,0.066,-0.018,-0.064,0.000,0.000,0,,0,,,,482189,368.78,0
1026,2456.567,"Mount",-0.073,-0.145,-0.002,0.162,0.000,0.000,0,,0,,,,452490,319.05,0
1027,2458.874,"Mount",-0.004,-0.085,0.033,0.079,0.000,0.000,0,,0,,,,478095,318.19,0
1028,2461.335,"Mount",0.230,0.058,0.181,-0.153,0.114,0.000,37,W,0,,,,488170,395.81,0
1029,2463.592,"Mount",0.078,-0.166,0.143,0.115,0.098,0.000,32,W,0,,,,484142,311.40,0
1030,2466.041,"Mount",-0.069,0.251,-0.172,-0.195,-0.101,0.000,33,E,0,,,,472370,322.13,0
1031,2468.289,"Mount",-0.211,-0.136,-0.130,0.215,-0.089,0.000,29,E,0,,,,472169,314.38,0
1032,2470.761,"Mount",0.283,-0.319,0.395,0.163,0.242,0.000,79,W,0,,,,474824,353.40,0
1033,2472.935,"Mount",-0.004,-0.117,0.048,0.107,0.000,0.000,0,,0,,,,506551,324.61,0
1034,2475.351,"Mount",0.028,-0.118,0.077,0.094,0.000,0.000,0,,0,,,,487453,362.05,0
1035,2477.711,"Mount",0.076,-0.262,0.183,0.202,0.115,0.000,37,W,0,,,,471721,336.88,0
1036,2480.040,"Mount",0.019,-0.019,0.025,0.009,0.000,0.000,0,,0,,,,499457,350.48,0
1037,2482.362,"Mount",-0.221,-0.043,-0.179,0.136,-0.113,0.000,37,E,0,,,,471693,347.85,0
1038,2484.880,"Mount",-0.259,0.123,-0.287,0.003,-0.188,0.000,61,E,0,,,,491515,329.33,0
1039,2487.135,"Mount",-0.302,0.156,-0.339,-0.007,-0.227,0.000,74,E,0,,,,487715,360.00,0
1040,2489.447,"Mount",-0.134,-0.024,-0.110,0.081,0.000,0.000,0,,0,,,,489859,343.11,0
1041,2491.919,"Mount",-0.753,0.177,-0.754,0.172,-0.475,0.000,154,E,0,,,,490964,354.29,0
1042,2494.329,"Mount",-0.265,0.005,-0.240,0.112,-0.184,0.000,60,E,0,,,,487396,361.18,0
1043,2496.613,"Mount",-0.173,-0.022,-0.146,0.096,-0.105,0.000,34,E,0,,,,474915,328.33,0
1044,2499.164,"Mount",0.656,-0.506,0.811,0.167,0.504,0.000,163,W,0,,,,462969,361.10,0
1045,2501.333,"Mount",-0.125,-0.054,-0.089,0.104,0.000,0.000,0,,0,,,,485547,305.57,0
1046,2503.794,"Mount",0.024,0.004,0.020,-0.014,0.000,0.000,0,,0,,,,498783,340.81,0
1047,2506.090,"Mount",-0.069,0.090,-0.102,-0.051,0.000,0.000,0,,0,,,,484659,321.48,0
1048,2508.784,"Mount",-0.641,0.155,-0.644,0.142,-0.405,0.000,132,E,0,,,,478761,363.15,0
1049,2511.085,"Mount",-0.229,0.182,-0.285,-0.063,-0.208,0.000,67,E,0,,,,479470,318.97,0
1050,2513.409,"Mount",-0.040,-0.189,0.047,0.187,0.000,0.000,0,,0,,,,488174,339.04,0
INFO: SET LOCK POSITION, new lock pos = 678.517, 871.747
INFO: DITHER by -1.960, -4.850, new lock pos = 678.884, 876.966
INFO: SETTLING STATE CHANGE, Settling started
1051,2519.255,"Mount",-0.367,-5.218,1.960,4.850,1.960,4.850,636,W,2389,S,,,472678,358.01,0
1052,2522.311,"Mount",-1.992,-0.964,-1.367,1.741,-0.861,1.741,279,E,366,S,,,474612,309.28,0
1053,2524.903,"Mount",-1.009,-0.047,-0.886,0.485,-0.619,0.485,201,E,102,S,,,505797,365.97,0
1054,2527.326,"Mount",0.220,0.302,0.065,-0.367,0.000,0.000,0,,0,,,,472478,338.96,0
1055,2529.613,"Mount",0.252,0.412,0.046,-0.481,0.000,0.000,0,,0,,,,468976,310.66,0
1056,2531.999,"Mount",0.164,0.549,-0.093,-0.566,0.000,0.000,0,,0,,,,467914,329.24,0
1057,2535.791,"Mount",0.214,0.666,-0.100,-0.692,0.000,-0.692,0,,1515,N,,,465297,335.76,0
INFO: SETTLING STATE CHANGE, Settling complete
1058,2538.305,"Mount",-0.555,0.143,-0.562,0.115,-0.354,0.000,115,E,0,,,,466549,337.21,0
1059,2540.537,"Mount",-0.102,-0.035,-0.076,0.076,0.000,0.000,0,,0,,,,482200,341.52,0
1060,2543.038,"Mount",0.114,-0.115,0.152,0.053,0.096,0.000,31,W,0,,,,456616,316.00,0
1061,2545.190,"Mount",-0.104,-0.008,-0.090,0.053,0.000,0.000,0,,0,,,,468984,316.22,0
1062,2547.815,"Mount",-0.391,0.205,-0.441,-0.013,-0.278,0.000,90,E,0,,,,472826,308.12,0
1063,2550.063,"Mount",-0.182,-0.011,-0.159,0.090,-0.119,0.000,39,E,0,,,,497529,328.28,0
1064,2552.378,"Mount",-0.117,-0.161,-0.035,0.196,0.000,0.000,0,,0,,,,483875,339.92,0
1065,2554.637,"Mount",-0.006,-0.143,0.058,0.131,0.000,0.000,0,,0,,,,492950,341.47,0
1066,2557.202,"Mount",-0.367,-0.077,-0.296,0.230,-0.187,0.000,61,E,0,,,,488540,316.65,0
1067,2559.489,"Mount",0.141,-0.149,0.192,0.073,0.108,0.000,35,W,0,,,,470186,320.89,0
1068,2562.015,"Mount",0.147,-0.256,0.244,0.166,0.161,0.000,52,W,0,,,,482502,340.88,0
1069,2564.215,"Mount",0.013,-0.142,0.074,0.122,0.000,0.000,0,,0,,,,481922,347.37,0
1070,2566.662,"Mount",-0.087,-0.234,0.025,0.249,0.000,0.000,0,,0,,,,477186,337.91,0
1071,2569.175,"Mount",-0.535,0.097,-0.524,0.147,-0.330,0.000,107,E,0,,,,464959,323.05,0
1072,2573.104,"Mount",-0.251,-0.141,-0.163,0.237,-0.126,0.237,41,E,1420,S,,,496162,327.68,0
1073,2575.351,"Mount",-0.182,-0.217,-0.068,0.274,0.000,0.274,0,,58,S,,,520279,359.13,0
1074,2577.776,"Mount",0.357,0.071,0.290,-0.220,0.182,0.000,59,W,0,,,,469318,327.52,0
1075,2579.933,"Mount",0.193,0.323,0.032,-0.375,0.000,0.000,0,,0,,,,454402,356.53,0
1076,2582.341,"Mount",0.154,0.238,0.034,-0.282,0.000,0.000,0,,0,,,,462527,371.05,0
1077,2584.755,"Mount",0.664,0.134,0.538,-0.412,0.339,0.000,110,W,0,,,,475143,308.71,0
1078,2587.167,"Mount",0.315,0.200,0.195,-0.318,0.147,0.000,48,W,0,,,,455346,334.50,0
1079,2590.743,"Mount",-0.003,0.235,-0.106,-0.210,0.000,-0.210,0,,1369,N,,,470070,327.58,0
1080,2593.160,"Mount",-0.328,0.024,-0.305,0.122,-0.192,0.000,62,E,0,,,,489671,326.33,0
1081,2595.443,"Mount",-0.236,0.189,-0.295,-0.066,-0.199,0.000,65,E,0,,,,472473,332.27,0
1082,2597.755,"Mount",0.091,-0.054,0.106,0.009,0.000,0.000,0,,0,,,,468703,357.15,0
1083,2600.151,"Mount",0.209,0.067,0.159,-0.152,0.100,0.000,32,W,0,,,,449800,312.76,0
1084,2602.510,"Mount",-0.121,-0.068,-0.079,0.115,0.000,0.000,0,,0,,,,476816,308.59,0
1085,2604.826,"Mount",-0.202,-0.134,-0.123,0.209,0.000,0.000,0,,0,,,,493550,370.65,0
1086,2607.303,"Mount",0.132,-0.095,0.160,0.027,0.101,0.000,33,W,0,,,,468073,346.59,0
1087,2609.600,"Mount",-0.179,-0.038,-0.144,0.112,-0.084,0.000,27,E,0,,,,470740,300.69,0
1088,2611.961,"Mount",-0.066,-0.148,0.005,0.162,0.000,0.000,0,,0,,,,467649,310.52,0
1089,2614.320,"Mount",-0.348,0.097,-0.355,0.066,-0.224,0.000,73,E,0,,,,465872,336.91,0
1090,2616.759,"Mount",-0.004,-0.343,0.147,0.310,0.077,0.000,25,W,0,,,,487533,332.91,0
1091,2619.023,"Mount",-0.179,-0.049,-0.140,0.122,-0.083,0.000,27,E,0,,,,500176,327.85,0
1092,2621.487,"Mount",0.327,-0.178,0.372,0.016,0.229,0.000,74,W,0,,,,477070,341.11,0
1093,2623.724,"Mount",-0.169,0.075,-0.184,0.007,-0.100,0.000,32,E,0,,,,483468,343.70,0
1094,2626.070,"Mount",0.066,-0.109,0.107,0.069,0.000,0.000,0,,0,,,,457138,320.31,0
1095,2628.310,"Mount",0.018,0.021,0.007,-0.027,0.000,0.000,0,,0,,,,461581,351.19,0
1096,2630.890,"Mount",0.283,-0.206,0.345,0.061,0.217,0.000,70,W,0,,,,490689,369.31,0
1097,2633.127,"Mount",0.199,-0.061,0.205,-0.033,0.145,0.000,47,W,0,,,,449786,323.02,0
1098,2635.478,"Mount",-0.257,-0.254,-0.120,0.341,0.000,0.000,0,,0,,,,477771,309.86,0
1099,2639.327,"Mount",-0.768,-0.091,-0.650,0.419,-0.410,0.419,133,E,1413,S,,,465976,336.81,0
1100,2643.231,"Mount",0.463,0.714,0.103,-0.845,0.000,-0.845,0,,1502,N,,,484764,355.24,0
1101,2645.551,"Mount",0.332,0.548,0.058,-0.638,0.000,-0.638,0,,134,N,,,464362,353.55,0
1102,2647.983,"Mount",0.192,0.272,0.053,-0.328,0.000,-0.328,0,,69,N,,,480408,342.63,0
1103,2650.295,"Mount",0.283,-0.054,0.278,-0.075,0.175,0.000,57,W,0,,,,459793,338.39,0
1104,2652.613,"Mount",0.108,0.008,0.094,-0.055,0.000,0.000,0,,0,,,,458559,315.32,0
1105,2654.913,"Mount",0.051,-0.084,0.082,0.053,0.000,0.000,0,,0,,,,459784,299.11,0
1106,2657.336,"Mount",0.097,-0.093,0.128,0.040,0.000,0.000,0,,0,,,,468551,345.25,0
1107,2659.696,"Mount",-0.086,0.211,-0.170,-0.152,-0.107,0.000,35,E,0,,,,483035,332.98,0
1108,2662.053,"Mount",0.110,0.007,0.096,-0.054,0.000,0.000,0,,0,,,,473095,337.60,0
1109,2664.450,"Mount",-0.232,0.077,-0.243,0.033,-0.153,0.000,50,E,0,,,,475149,328.56,0
1110,2666.812,"Mount",0.018,-0.011,0.021,0.002,0.000,0.000,0,,0,,,,480051,334.91,0
1111,2669.050,"Mount",0.012,0.013,0.005,-0.016,0.000,0.000,0,,0,,,,455163,286.83,0
1112,2671.606,"Mount",0.168,-0.043,0.170,-0.035,0.107,0.000,35,W,0,,,,478917,337.77,0
1113,2673.855,"Mount",-0.398,0.060,-0.384,0.121,-0.234,0.000,76,E,0,,,,467917,353.96,0
1114,2676.276,"Mount",-0.137,0.075,-0.156,-0.007,-0.115,0.000,37,E,0,,,,493632,327.91,0
1115,2678.572,"Mount",-0.314,0.139,-0.344,0.013,-0.225,0.000,73,E,0,,,,480543,352.63,0
1116,2681.053,"Mount",-0.295,0.114,-0.315,0.027,-0.214,0.000,69,E,0,,,,490065,355.71,0
1117,2683.303,"Mount",-0.231,0.208,-0.299,-0.086,-0.204,0.000,66,E,0,,,,495325,382.59,0
1118,2685.720,"Mount",0.183,-0.143,0.227,0.048,0.129,0.000,42,W,0,,,,484184,331.18,0
1119,2687.909,"Mount",-0.101,0.020,-0.099,0.026,0.000,0.000,0,,0,,,,474497,341.79,0
1120,2690.340,"Mount",-0.005,-0.023,0.006,0.023,0.000,0.000,0,,0,,,,478797,362.31,0
1121,2692.565,"Mount",0.105,0.102,0.050,-0.138,0.000,0.000,0,,0,,,,440437,292.81,0
1122,2695.087,"Mount",0.187,0.001,0.167,-0.083,0.105,0.000,34,W,0,,,,461658,335.74,0
1123,2697.249,"Mount",-0.032,-0.052,-0.006,0.061,0.000,0.000,0,,0,,,,484211,308.35,0
1124,2699.719,"Mount",0.178,0.028,0.148,-0.103,0.093,0.000,30,W,0,,,,460598,344.58,0
1125,2701.991,"Mount",-0.232,0.164,-0.280,-0.046,-0.170,0.000,55,E,0,,,,480675,350.03,0
1126,2704.308,"Mount",0.147,0.013,0.126,-0.076,0.000,0.000,0,,0,,,,465675,333.14,0
1127,2706.577,"Mount",-0.015,-0.050,0.009,0.052,0.000,0.000,0,,0,,,,475207,323.46,0
1128,2709.101,"Mount",0.095,-0.252,0.196,0.185,0.124,0.000,40,W,0,,,,484316,320.87,0
1129,2711.383,"Mount",0.223,-0.246,0.309,0.123,0.203,0.000,66,W,0,,,,482676,332.89,0
1130,2713.827,"Mount",0.228,0.211,0.112,-0.289,0.000,-0.289,0,,61,N,,,478858,340.28,0
1131,2716.079,"Mount",0.308,-0.049,0.298,-0.091,0.188,0.000,61,W,0,,,,472977,334.88,0
1132,2718.548,"Mount",-0.224,0.065,-0.230,0.040,-0.132,0.000,43,E,0,,,,472546,375.77,0
1133,2720.740,"Mount",0.054,-0.038,0.065,0.010,0.000,0.000,0,,0,,,,491601,337.72,0
1134,2723.162,"Mount",-0.010,-0.239,0.096,0.220,0.000,0.000,0,,0,,,,486619,336.37,0
1135,2725.404,"Mount",-0.117,-0.256,0.007,0.281,0.000,0.000,0,,0,,,,477101,307.65,0
1136,2727.896,"Mount",-0.305,-0.119,-0.221,0.241,-0.140,0.000,45,E,0,,,,486665,366.61,0
1137,2731.471,"Mount",-0.087,-0.216,0.016,0.232,0.000,0.232,0,,1374,S,,,474154,348.84,0
1138,2733.959,"Mount",0.659,-0.078,0.626,-0.219,0.395,0.000,128,W,0,,,,501238,362.18,0
1139,2736.303,"Mount",0.673,-0.126,0.660,-0.182,0.444,0.000,144,W,0,,,,481877,335.87,0
1140,2738.663,"Mount",0.091,0.379,-0.085,-0.381,0.000,0.000,0,,0,,,,478143,365.82,0
1141,2741.079,"Mount",-0.380,0.219,-0.438,-0.029,-0.276,0.000,89,E,0,,,,492767,340.09,0
1142,2743.495,"Mount",0.278,-0.154,0.317,0.017,0.180,0.000,59,W,0,,,,480206,322.98,0
1143,2745.648,"Mount",0.034,0.251,-0.079,-0.240,0.000,0.000,0,,0,,,,468457,329.48,0
1144,2748.128,"Mount",0.194,-0.055,0.198,-0.035,0.125,0.000,41,W,0,,,,461859,324.71,0
1145,2750.392,"Mount",-0.083,0.564,-0.322,-0.470,-0.194,0.000,63,E,0,,,,497635,358.41,0
1146,2752.879,"Mount",0.319,-0.286,0.412,0.117,0.246,0.000,80,W,0,,,,476958,343.19,0
1147,2755.240,"Mount",0.552,-0.630,0.772,0.324,0.504,0.000,163,W,0,,,,477713,340.51,0
1148,2757.650,"Mount",0.164,-0.053,0.171,-0.024,0.143,0.000,46,W,0,,,,476051,351.79,0
1149,2759.796,"Mount",0.094,0.181,0.005,-0.204,0.000,0.000,0,,0,,,,470308,344.76,0
1150,2762.212,"Mount",-0.013,0.165,-0.084,-0.143,0.000,0.000,0,,0,,,,472273,333.68,0
1151,2766.047,"Mount",-0.065,0.279,-0.181,-0.222,-0.114,-0.222,37,E,1372,N,,,474184,328.34,0
1152,2768.489,"Mount",-0.212,-0.005,-0.188,0.098,-0.127,0.000,41,E,0,,,,464440,324.51,0
1153,2770.813,"Mount",0.154,-0.371,0.301,0.265,0.181,0.000,59,W,0,,,,475908,335.67,0
1154,2773.223,"Mount",-0.001,-0.329,0.143,0.296,0.103,0.000,33,W,0,,,,480997,323.36,0
1155,2775.473,"Mount",0.093,-0.236,0.187,0.172,0.125,0.000,41,W,0,,,,470154,326.59,0
1156,2777.855,"Mount",-0.258,-0.230,-0.130,0.320,-0.073,0.000,24,E,0,,,,489939,337.41,0
1157,2780.023,"Mount",-0.122,-0.476,0.100,0.481,0.000,0.000,0,,0,,,,485284,314.17,0
1158,2783.911,"Mount",-0.199,-0.497,0.039,0.534,0.000,0.534,0,,1437,S,,,483585,368.38,0
1159,2786.223,"Mount",-0.068,-0.354,0.094,0.348,0.000,0.348,0,,73,S,,,488500,343.67,0
1160,2788.680,"Mount",-0.149,-0.197,-0.048,0.242,0.000,0.242,0,,51,S,,,506761,374.57,0
1161,2791.036,"Mount",-0.351,0.111,-0.364,0.054,-0.230,0.000,74,E,0,,,,472744,377.31,0
1162,2793.447,"Mount",0.182,-0.183,0.244,0.085,0.138,0.000,45,W,0,,,,488499,353.23,0
1163,2795.743,"Mount",-0.218,-0.122,-0.142,0.205,-0.080,0.205,26,E,43,S,,,493824,346.86,0
1164,2798.223,"Mount",0.625,-0.195,0.647,-0.099,0.402,0.000,130,W,0,,,,498102,342.60,0
1165,2800.478,"Mount",0.332,-0.068,0.328,-0.085,0.235,0.000,76,W,0,,,,500689,349.77,0
1166,2802.852,"Mount",0.116,0.195,0.019,-0.226,0.000,0.000,0,,0,,,,460124,321.55,0
1167,2805.081,"Mount",0.138,0.255,0.012,-0.290,0.000,0.000,0,,0,,,,487063,351.37,0
1168,2807.709,"Mount",-0.192,0.217,-0.268,-0.111,-0.169,0.000,55,E,0,,,,474352,367.19,0
1169,2809.866,"Mount",-0.005,0.182,-0.085,-0.162,0.000,0.000,0,,0,,,,452783,323.62,0
1170,2812.319,"Mount",0.216,0.071,0.163,-0.158,0.103,0.000,33,W,0,,,,472062,351.63,0
1171,2814.486,"Mount",0.083,0.168,0.001,-0.187,0.000,0.000,0,,0,,,,473640,313.81,0
1172,2817.087,"Mount",-0.258,-0.122,-0.179,0.223,-0.113,0.223,37,E,47,S,,,494211,352.69,0
1173,2819.479,"Mount",-0.170,0.303,-0.285,-0.197,-0.188,0.000,61,E,0,,,,476888,353.89,0
1174,2821.941,"Mount",0.290,0.100,0.217,-0.217,0.123,0.000,40,W,0,,,,461671,355.30,0
1175,2824.160,"Mount",-0.167,0.104,-0.196,-0.020,-0.115,0.000,37,E,0,,,,466568,363.17,0
1176,2826.491,"Mount",-0.086,0.017,-0.085,0.022,0.000,0.000,0,,0,,,,478961,345.52,0
1177,2828.861,"Mount",-0.106,0.151,-0.162,-0.089,-0.102,0.000,33,E,0,,,,466931,329.69,0
1178,2831.207,"Mount",-0.026,0.040,-0.041,-0.025,0.000,0.000,0,,0,,,,453725,320.54,0
1179,2833.529,"Mount",-0.216,0.034,-0.209,0.064,-0.132,0.000,43,E,0,,,,483914,353.69,0
1180,2835.844,"Mount",-0.070,-0.027,-0.051,0.055,0.000,0.000,0,,0,,,,470948,352.47,0
1181,2838.101,"Mount",-0.014,-0.076,0.021,0.075,0.000,0.000,0,,0,,,,463077,298.27,0
1182,2840.506,"Mount",0.066,-0.131,0.117,0.089,0.000,0.000,0,,0,,,,473727,351.38,0
1183,2842.914,"Mount",0.009,-0.269,0.126,0.237,0.000,0.237,0,,50,S,,,491097,352.67,0
1184,2845.303,"Mount",-0.054,0.243,-0.156,-0.195,-0.098,0.000,32,E,0,,,,463813,329.63,0
1185,2847.491,"Mount",0.129,0.168,0.042,-0.208,0.000,0.000,0,,0,,,,444405,319.17,0
1186,2849.987,"Mount",-0.096,0.199,-0.173,-0.137,-0.109,0.000,35,E,0,,,,493393,337.78,0
1187,2852.321,"Mount",-0.322,0.153,-0.356,0.004,-0.232,0.000,75,E,0,,,,460587,328.40,0
1188,2854.751,"Mount",0.248,0.055,0.199,-0.159,0.109,0.000,35,W,0,,,,432984,326.95,0
1189,2857.029,"Mount",0.135,-0.103,0.167,0.033,0.113,0.000,37,W,0,,,,470899,345.39,0
1190,2859.565,"Mount",0.161,-0.009,0.148,-0.063,0.101,0.000,33,W,0,,,,459093,332.77,0
1191,2861.739,"Mount",0.024,0.069,-0.009,-0.073,0.000,0.000,0,,0,,,,472041,374.21,0
1192,2864.263,"Mount",0.167,-0.019,0.159,-0.056,0.100,0.000,32,W,0,,,,468332,343.84,0
1193,2866.563,"Mount",-0.311,0.131,-0.337,0.019,-0.206,0.000,67,E,0,,,,476256,349.74,0
1194,2868.992,"Mount",-0.176,0.282,-0.282,-0.176,-0.192,0.000,62,E,0,,,,482604,327.16,0
1195,2871.231,"Mount",0.237,0.036,0.197,-0.137,0.111,0.000,36,W,0,,,,478432,320.15,0
1196,2873.716,"Mount",-0.417,0.368,-0.536,-0.147,-0.330,0.000,107,E,0,,,,471153,334.74,0
1197,2875.872,"Mount",-0.029,-0.011,-0.021,0.022,0.000,0.000,0,,0,,,,473439,343.67,0
1198,2878.302,"Mount",-0.096,-0.059,-0.060,0.095,0.000,0.000,0,,0,,,,470287,320.46,0
1199,2880.534,"Mount",-0.111,-0.031,-0.086,0.077,0.000,0.000,0,,0,,,,479948,348.15,0
1200,2883.046,"Mount",0.186,-0.071,0.198,-0.018,0.125,0.000,41,W,0,,,,471805,305.90,0
1201,2885.463,"Mount",0.583,-0.392,0.696,0.097,0.447,0.000,145,W,0,,,,489383,323.27,0
1202,2887.814,"Mount",0.007,-0.021,0.015,0.016,0.000,0.000,0,,0,,,,457894,330.62,0
1203,2890.284,"Mount",-0.310,0.114,-0.329,0.033,-0.207,0.000,67,E,0,,,,456085,319.77,0
1204,2892.745,"Mount",0.403,-0.327,0.506,0.117,0.304,0.000,99,W,0,,,,478078,320.48,0
1205,2894.920,"Mount",0.059,0.006,0.051,-0.031,0.000,0.000,0,,0,,,,461481,331.71,0
1206,2897.419,"Mount",-0.171,-0.009,-0.150,0.083,-0.094,0.000,31,E,0,,,,477842,342.77,0
1207,2899.687,"Mount",-0.096,0.134,-0.146,-0.078,-0.098,0.000,32,E,0,,,,494026,356.53,0
1208,2902.103,"Mount",0.293,-0.123,0.317,-0.018,0.193,0.000,63,W,0,,,,458455,334.01,0
1209,2904.351,"Mount",0.238,-0.179,0.292,0.057,0.198,0.000,64,W,0,,,,477598,328.55,0
1210,2906.695,"Mount",0.020,-0.099,0.062,0.080,0.000,0.000,0,,0,,,,487992,340.12,0
1211,2909.054,"Mount",-0.194,-0.056,-0.150,0.136,-0.094,0.000,31,E,0,,,,481078,362.41,0
1212,2911.422,"Mount",-0.054,-0.089,-0.009,0.103,0.000,0.000,0,,0,,,,475375,361.97,0
1213,2913.736,"Mount",-0.202,0.148,-0.246,-0.044,-0.155,0.000,50,E,0,,,,473113,339.70,0
1214,2916.070,"Mount",-0.107,-0.063,-0.069,0.103,0.000,0.000,0,,0,,,,489428,344.71,0
1215,2918.627,"Mount",-0.377,0.236,-0.443,-0.047,-0.279,0.000,90,E,0,,,,484729,355.84,0
1216,2921.279,"Mount",0.689,-0.687,0.921,0.315,0.560,0.315,182,W,66,S,,,497071,331.34,0
1217,2923.426,"Mount",-0.044,-0.064,-0.011,0.077,0.000,0.000,0,,0,,,,480618,322.93,0
1218,2925.833,"Mount",0.051,-0.185,0.127,0.144,0.000,0.000,0,,0,,,,456824,311.10,0
1219,2928.069,"Mount",0.011,-0.118,0.061,0.101,0.000,0.000,0,,0,,,,478443,349.75,0
1220,2930.579,"Mount",0.150,-0.117,0.186,0.040,0.117,0.000,38,W,0,,,,474875,316.86,0
1221,2932.798,"Mount",-0.026,-0.171,0.052,0.165,0.000,0.000,0,,0,,,,482055,355.11,0
1222,2935.292,"Mount",-0.181,0.071,-0.194,0.016,-0.122,0.000,40,E,0,,,,479975,322.54,0
1223,2937.541,"Mount",-0.256,0.045,-0.250,0.072,-0.166,0.000,54,E,0,,,,465105,345.10,0
1224,2939.850,"Mount",-0.031,-0.097,0.015,0.101,0.000,0.000,0,,0,,,,481622,319.81,0
1225,2942.120,"Mount",-0.004,0.050,-0.026,-0.043,0.000,0.000,0,,0,,,,480355,333.07,0
1226,2944.561,"Mount",0.037,0.044,0.014,-0.056,0.000,0.000,0,,0,,,,492571,327.70,0
1227,2946.846,"Mount",-0.001,-0.036,0.015,0.033,0.000,0.000,0,,0,,,,474722,329.26,0
1228,2949.407,"Mount",0.524,-0.273,0.591,0.015,0.372,0.000,121,W,0,,,,477522,326.94,0
1229,2951.673,"Mount",0.148,-0.098,0.176,0.023,0.137,0.000,44,W,0,,,,471527,360.59,0
1230,2954.002,"Mount",0.006,0.005,0.003,-0.007,0.000,0.000,0,,0,,,,456947,360.87,0
1231,2956.239,"Mount",-0.011,-0.001,-0.009,0.006,0.000,0.000,0,,0,,,,471549,322.13,0
1232,2958.659,"Mount",-0.145,-0.124,-0.076,0.175,0.000,0.000,0,,0,,,,463052,348.28,0
1233,2960.935,"Mount",-0.036,0.019,-0.041,-0.001,0.000,0.000,0,,0,,,,477200,323.45,0
1234,2963.552,"Mount",-0.482,0.085,-0.470,0.136,-0.296,0.000,96,E,0,,,,463767,321.83,0
1235,2965.733,"Mount",-0.143,-0.120,-0.076,0.171,0.000,0.000,0,,0,,,,481177,350.80,0
1236,2968.231,"Mount",-0.279,-0.084,-0.214,0.198,-0.135,0.000,44,E,0,,,,469419,362.21,0
1237,2970.495,"Mount",0.367,-0.103,0.375,-0.068,0.227,0.000,74,W,0,,,,482966,351.25,0
1238,2972.919,"Mount",-0.293,0.163,-0.334,-0.018,-0.195,0.000,63,E,0,,,,487856,370.48,0
1239,2975.085,"Mount",0.051,-0.012,0.051,-0.011,0.000,0.000,0,,0,,,,473531,337.11,0
1240,2977.651,"Mount",-0.306,0.225,-0.374,-0.068,-0.235,0.000,76,E,0,,,,505562,370.52,0
1241,2979.796,"Mount",-0.013,0.067,-0.041,-0.055,0.000,0.000,0,,0,,,,482127,326.15,0
1242,2982.195,"Mount",0.017,0.087,-0.023,-0.085,0.000,0.000,0,,0,,,,475710,334.56,0
1243,2984.434,"Mount",0.122,0.079,0.075,-0.125,0.000,0.000,0,,0,,,,475674,340.62,0
1244,2986.872,"Mount",-0.185,-0.104,-0.121,0.175,0.000,0.000,0,,0,,,,499855,359.05,0
1245,2989.207,"Mount",-0.100,-0.242,0.016,0.261,0.000,0.261,0,,55,S,,,491343,350.31,0
1246,2991.647,"Mount",-0.302,-0.000,-0.271,0.133,-0.171,0.000,55,E,0,,,,463122,335.21,0
1247,2993.911,"Mount",0.213,-0.310,0.328,0.185,0.195,0.000,63,W,0,,,,475857,358.20,0
1248,2996.263,"Mount",-0.011,-0.057,0.015,0.056,0.000,0.000,0,,0,,,,456224,315.39,0
1249,2998.508,"Mount",0.012,-0.033,0.025,0.024,0.000,0.000,0,,0,,,,465759,348.42,0
1250,3000.939,"Mount",-0.052,-0.154,0.020,0.161,0.000,0.000,0,,0,,,,464573,352.39,0
1251,3003.199,"Mount",0.053,0.027,0.035,-0.047,0.000,0.000,0,,0,,,,453713,340.19,0
1252,3005.618,"Mount",0.025,-0.058,0.048,0.041,0.000,0.000,0,,0,,,,463934,353.37,0
1253,3007.952,"Mount",0.096,-0.226,0.185,0.161,0.117,0.000,38,W,0,,,,481897,338.72,0
1254,3010.341,"Mount",0.035,-0.225,0.130,0.187,0.090,0.000,29,W,0,,,,494615,345.68,0
1255,3012.484,"Mount",0.025,-0.216,0.117,0.183,0.000,0.000,0,,0,,,,477996,314.51,0
1256,3015.038,"Mount",-0.008,-0.040,0.010,0.039,0.000,0.000,0,,0,,,,479968,336.38,0
1257,3017.331,"Mount",-0.124,-0.133,-0.053,0.174,0.000,0.000,0,,0,,,,490145,330.83,0
1258,3019.734,"Mount",0.144,0.015,0.123,-0.077,0.000,0.000,0,,0,,,,469819,359.66,0
1259,3021.978,"Mount",-0.007,-0.057,0.019,0.054,0.000,0.000,0,,0,,,,465548,311.20,0
1260,3024.389,"Mount",-0.071,-0.048,-0.042,0.074,0.000,0.000,0,,0,,,,475006,311.02,0
1261,3026.800,"Mount",-0.227,0.010,-0.208,0.091,-0.131,0.000,43,E,0,,,,472375,331.69,0
1262,3029.138,"Mount",-0.055,-0.022,-0.039,0.044,0.000,0.000,0,,0,,,,455363,310.30,0
1263,3031.395,"Mount",0.088,-0.043,0.098,0.000,0.000,0.000,0,,0,,,,453780,300.75,0
1264,3033.928,"Mount",0.466,-0.118,0.470,-0.098,0.296,0.000,96,W,0,,,,477616,345.22,0
1265,3036.308,"Mount",0.248,-0.132,0.281,0.010,0.198,0.000,64,W,0,,,,474676,319.69,0
1266,3038.758,"Mount",0.121,-0.171,0.183,0.100,0.129,0.000,42,W,0,,,,471673,333.56,0
1267,3040.934,"Mount",0.048,-0.090,0.082,0.060,0.000,0.000,0,,0,,,,484656,361.53,0
1268,3043.551,"Mount",0.025,-0.343,0.173,0.297,0.109,0.297,35,W,62,S,,,486554,302.82,0
1269,3046.071,"Mount",-0.275,-0.105,-0.201,0.215,-0.119,0.215,39,E,45,S,,,470916,331.37,0
1270,3048.576,"Mount",0.271,-0.177,0.321,0.040,0.194,0.000,63,W,0,,,,471463,343.97,0
1271,3050.876,"Mount",-0.106,0.178,-0.173,-0.113,-0.096,0.000,31,E,0,,,,479548,340.74,0
1272,3053.291,"Mount",0.212,-0.185,0.272,0.073,0.165,0.000,53,W,0,,,,475795,324.04,0
1273,3055.551,"Mount",0.233,-0.086,0.247,-0.025,0.167,0.000,54,W,0,,,,477710,354.09,0
1274,3057.963,"Mount",0.087,-0.226,0.177,0.165,0.123,0.000,40,W,0,,,,493235,334.83,0
1275,3060.221,"Mount",-0.082,-0.265,0.043,0.274,0.000,0.274,0,,58,S,,,486711,354.46,0
1276,3062.548,"Mount",0.019,0.080,-0.018,-0.080,0.000,0.000,0,,0,,,,468280,333.48,0
1277,3064.972,"Mount",0.178,-0.168,0.233,0.073,0.147,0.000,48,W,0,,,,478555,364.88,0
1278,3067.378,"Mount",-0.216,0.059,-0.220,0.042,-0.128,0.000,42,E,0,,,,483821,381.77,0
1279,3069.745,"Mount",0.198,-0.248,0.287,0.136,0.172,0.000,56,W,0,,,,487614,334.68,0
1280,3072.061,"Mount",-0.109,0.066,-0.127,-0.011,0.000,0.000,0,,0,,,,492955,389.11,0
1281,3074.384,"Mount",-0.023,0.274,-0.141,-0.236,-0.089,0.000,29,E,0,,,,466020,317.71,0
1282,3076.799,"Mount",-0.044,0.118,-0.091,-0.087,0.000,0.000,0,,0,,,,483177,325.29,0
1283,3079.096,"Mount",-0.077,0.177,-0.147,-0.125,-0.093,0.000,30,E,0,,,,475004,375.44,0
1284,3081.484,"Mount",-0.016,0.182,-0.094,-0.157,0.000,0.000,0,,0,,,,473540,353.85,0
1285,3083.714,"Mount",0.071,-0.033,0.078,-0.001,0.000,0.000,0,,0,,,,469736,309.65,0
1286,3086.274,"Mount",-0.231,0.234,-0.310,-0.110,-0.195,0.000,63,E,0,,,,470352,330.14,0
1287,3088.504,"Mount",-0.153,0.141,-0.199,-0.060,-0.139,0.000,45,E,0,,,,458677,332.93,0
1288,3090.970,"Mount",-0.290,0.203,-0.350,-0.055,-0.230,0.000,75,E,0,,,,454318,336.39,0
1289,3093.109,"Mount",0.060,-0.127,0.110,0.088,0.000,0.000,0,,0,,,,464656,355.27,0
1290,3095.526,"Mount",0.004,0.051,-0.019,-0.047,0.000,0.000,0,,0,,,,488246,333.51,0
1291,3098.039,"Mount",0.312,-0.086,0.318,-0.059,0.201,0.000,65,W,0,,,,466251,322.69,0
1292,3100.350,"Mount",0.008,-0.003,0.008,-0.001,0.000,0.000,0,,0,,,,487939,366.09,0
1293,3102.760,"Mount",0.570,-0.205,0.602,-0.066,0.379,0.000,123,W,0,,,,472715,339.84,0
1294,3105.207,"Mount",-0.164,0.202,-0.236,-0.110,-0.122,0.000,40,E,0,,,,473459,300.71,0
1295,3107.361,"Mount",-0.051,-0.021,-0.037,0.041,0.000,0.000,0,,0,,,,475447,345.93,0
1296,3109.831,"Mount",-0.174,0.050,-0.178,0.031,-0.112,0.000,36,E,0,,,,463568,338.18,0
1297,3112.087,"Mount",-0.298,0.012,-0.273,0.120,-0.180,0.000,58,E,0,,,,479328,317.83,0
1298,3114.686,"Mount",-0.352,-0.068,-0.286,0.216,-0.193,0.216,63,E,45,S,,,489211,345.76,0
1299,3116.957,"Mount",-0.231,-0.037,-0.191,0.134,-0.134,0.000,44,E,0,,,,503102,371.01,0
1300,3119.424,"Mount",0.211,0.294,0.061,-0.356,0.000,0.000,0,,0,,,,481946,320.32,0
1301,3121.718,"Mount",0.116,0.401,-0.072,-0.411,0.000,0.000,0,,0,,,,456432,317.86,0
1302,3124.136,"Mount",0.221,0.186,0.117,-0.264,0.000,0.000,0,,0,,,,460598,322.22,0
1303,3127.792,"Mount",0.039,0.281,-0.088,-0.270,0.000,-0.270,0,,1382,N,,,460805,344.59,0
1304,3130.335,"Mount",-1.010,0.047,-0.928,0.401,-0.585,0.000,190,E,0,,,,469496,354.35,0
1305,3132.601,"Mount",-0.191,0.067,-0.201,0.024,-0.168,0.000,54,E,0,,,,484665,336.87,0
1306,3135.114,"Mount",0.260,-0.274,0.354,0.132,0.211,0.000,68,W,0,,,,475697,340.48,0
1307,3137.318,"Mount",-0.116,-0.041,-0.086,0.087,0.000,0.000,0,,0,,,,473514,310.68,0
1308,3139.887,"Mount",-0.387,0.176,-0.425,0.011,-0.268,0.000,87,E,0,,,,467665,319.16,0
1309,3142.299,"Mount",-0.158,0.259,-0.256,-0.164,-0.180,0.000,58,E,0,,,,456593,322.46,0
1310,3145.013,"Mount",0.265,0.002,0.237,-0.118,0.137,0.000,44,W,0,,,,494587,329.49,0
1311,3147.647,"Mount",-0.367,0.127,-0.386,0.047,-0.234,0.000,76,E,0,,,,465061,331.97,0
INFO: SET LOCK POSITION, new lock pos = 678.884, 876.966
INFO: DITHER by -4.086, -1.355, new lock pos = 675.807, 879.977
INFO: SETTLING STATE CHANGE, Settling started
1312,3153.263,"Mount",3.077,-3.011,4.086,1.355,4.086,1.355,1325,W,1610,S,,,469632,344.33,0
1313,3156.344,"Mount",-2.899,1.806,-3.398,-0.350,-2.140,0.000,694,E,0,,,,467062,320.14,0
1314,3159.080,"Mount",-1.391,1.187,-1.771,-0.457,-1.265,0.000,410,E,0,,,,495705,357.40,0
1315,3163.495,"Mount",1.936,-0.472,1.947,-0.426,1.138,-0.426,369,W,1414,N,,,490615,364.06,0
1316,3165.999,"Mount",-0.300,0.237,-0.373,-0.082,-0.156,0.000,50,E,0,,,,464881,342.53,0
1317,3168.650,"Mount",-0.471,0.665,-0.715,-0.390,-0.462,-0.390,150,E,82,N,,,472356,347.00,0
1318,3171.332,"Mount",-0.239,0.197,-0.301,-0.072,-0.222,0.000,72,E,0,,,,472944,323.13,0
1319,3173.612,"Mount",-0.305,-0.018,-0.266,0.150,-0.183,0.000,59,E,0,,,,463982,340.80,0
1320,3176.258,"Mount",0.077,-0.341,0.219,0.273,0.125,0.000,41,W,0,,,,470117,333.93,0
1321,3178.728,"Mount",-0.476,-0.006,-0.425,0.215,-0.259,0.000,84,E,0,,,,465202,313.84,0
INFO: SETTLING STATE CHANGE, Settling complete
1322,3181.420,"Mount",0.363,-0.358,0.483,0.162,0.286,0.000,93,W,0,,,,490546,353.07,0
Guiding Ends at 2026-09-01 00:06:39

Guiding Begins at 2026-09-01 00:10:51
Equipment Profile = SW4P_EVO
Dither = both axes, Dither scale = 1.000, Image noise reduction = 2x2 mean, Guide-frame time lapse = 0, Server enabled
Pixel scale = 2.91 arc-sec/px, Binning = 1, Focal length = 266 mm
Search region = 15 px, Star mass tolerance = 50.0%, Multi-star mode, list size = 12
 Camera = ZWO ASI120MM Mini (ASCOM), full size = 1280 x 960, have dark, dark dur = 2000, no defect map, pixel size = 3.8 um
Exposure = 2000 ms
Mount = GPUSB, connected, guiding enabled, AuxMount=CPWI_ASCOM_Telescope, xAngle = -26.0, xRate = 3.084, yAngle = -116.0, yRate = 4.762, parity = +/-
Norm rates RA = 13.1"/s @ dec 0, Dec = 13.8"/s; ortho.err. = 0.0 deg
X guide algorithm = Hysteresis, Hysteresis = 0.100, Aggression = 0.700, Minimum move = 0.130
Y guide algorithm = Resist Switch, Minimum move = 0.200 Aggression = 100% FastSwitch = enabled
Backlash comp = enabled, pulse = 1325 ms
Max RA duration = 2500, Max DEC duration = 2500, DEC guide mode = Auto
RA Guide Speed = 14.9 a-s/s, Dec Guide Speed = 14.9 a-s/s, Cal Dec = -0.0, Last Cal Issue = None, Timestamp = 31/08/2026 21:19:06
RA = 20.03 hr, Dec = 46.6 deg, Hour angle = 1.59 hr, Pier side = East, Rotator pos = N/A, Alt = 72.6 deg, Az = 292.0 deg
Lock position = 45.498, 801.492, Star position = 45.498, 801.492, HFD = 3.18 px
Frame,Time,mount,dx,dy,RARawDistance,DECRawDistance,RAGuideDistance,DECGuideDistance,RADuration,RADirection,DECDuration,DECDirection,XStep,YStep,StarMass,SNR,ErrorCode
INFO: SETTLING STATE CHANGE, Settling started
1,2.687,"Mount",-0.100,0.216,-0.185,-0.150,-0.116,0.000,38,E,0,,,,740094,450.89,0
2,4.931,"Mount",0.197,0.079,0.143,-0.157,0.082,0.000,26,W,0,,,,735326,432.92,0
3,7.277,"Mount",-0.100,0.023,-0.100,0.023,0.000,0.000,0,,0,,,,723196,436.40,0
4,9.699,"Mount",-0.438,0.197,-0.480,0.016,-0.303,0.000,98,E,0,,,,725933,424.36,0
5,12.028,"Mount",0.038,0.047,0.014,-0.059,0.000,0.000,0,,0,,,,728370,472.69,0
INFO: SETTLING STATE CHANGE, Settling complete
6,14.387,"Mount",-0.456,0.120,-0.463,0.093,-0.291,0.000,95,E,0,,,,724903,399.36,0
7,16.795,"Mount",-0.287,0.122,-0.312,0.016,-0.217,0.000,70,E,0,,,,739423,447.95,0
8,18.961,"Mount",-0.007,0.219,-0.102,-0.194,0.000,0.000,0,,0,,,,716869,433.31,0
9,21.460,"Mount",0.254,0.021,0.219,-0.130,0.138,0.000,45,W,0,,,,718759,442.91,0
10,23.846,"Mount",0.498,-0.130,0.505,-0.101,0.328,0.000,106,W,0,,,,758660,449.33,0
11,26.152,"Mount",0.048,0.121,-0.010,-0.130,0.000,0.000,0,,0,,,,746187,438.87,0
12,28.471,"Mount",-0.025,0.002,-0.024,0.009,0.000,0.000,0,,0,,,,695221,432.95,0
13,31.097,"Mount",-0.434,0.171,-0.466,0.037,-0.293,0.000,95,E,0,,,,777523,449.88,0
14,33.446,"Mount",-0.410,0.002,-0.369,0.178,-0.253,0.000,82,E,0,,,,751996,412.10,0
15,36.041,"Mount",0.156,0.020,0.132,-0.087,0.065,0.000,21,W,0,,,,723502,405.33,0
16,38.205,"Mount",-0.036,0.037,-0.048,-0.018,0.000,0.000,0,,0,,,,741428,452.71,0
17,40.736,"Mount",-0.184,0.170,-0.240,-0.072,-0.151,0.000,49,E,0,,,,742085,459.57,0
18,42.882,"Mount",0.167,0.124,0.096,-0.185,0.000,0.000,0,,0,,,,730962,423.25,0
19,45.433,"Mount",0.439,-0.190,0.478,-0.022,0.301,0.000,98,W,0,,,,746000,456.55,0
20,47.787,"Mount",0.433,-0.256,0.502,0.040,0.337,0.000,109,W,0,,,,758711,446.99,0
21,50.202,"Mount",0.133,-0.116,0.170,0.046,0.131,0.000,42,W,0,,,,720692,413.56,0
22,52.365,"Mount",0.065,-0.119,0.110,0.079,0.000,0.000,0,,0,,,,715243,411.95,0
23,54.767,"Mount",0.006,-0.024,0.016,0.019,0.000,0.000,0,,0,,,,716050,431.52,0
24,57.076,"Mount",0.007,0.039,-0.011,-0.038,0.000,0.000,0,,0,,,,753827,433.76,0
25,59.523,"Mount",-0.049,0.156,-0.113,-0.119,0.000,0.000,0,,0,,,,710992,404.24,0
26,61.765,"Mount",0.128,0.033,0.101,-0.085,0.000,0.000,0,,0,,,,727949,469.71,0
27,64.166,"Mount",0.049,-0.098,0.087,0.067,0.000,0.000,0,,0,,,,741490,442.24,0
28,66.615,"Mount",0.376,-0.178,0.415,-0.005,0.262,0.000,85,W,0,,,,726583,429.49,0
29,68.932,"Mount",0.035,-0.139,0.093,0.110,0.000,0.000,0,,0,,,,739781,420.98,0
30,71.275,"Mount",0.179,-0.292,0.289,0.184,0.182,0.000,59,W,0,,,,710397,459.95,0
31,73.640,"Mount",0.005,-0.012,0.010,0.009,0.000,0.000,0,,0,,,,742378,399.38,0
32,75.892,"Mount",-0.069,-0.061,-0.035,0.085,0.000,0.000,0,,0,,,,718104,415.02,0
33,78.284,"Mount",-0.113,-0.076,-0.068,0.118,0.000,0.000,0,,0,,,,693879,438.06,0
34,80.615,"Mount",-0.358,-0.138,-0.261,0.281,-0.165,0.000,53,E,0,,,,734675,404.30,0
35,83.091,"Mount",0.341,-0.508,0.529,0.306,0.322,0.000,104,W,0,,,,729061,449.01,0
36,85.352,"Mount",-0.070,-0.309,0.072,0.308,0.000,0.308,0,,65,S,,,745181,451.62,0
37,87.883,"Mount",-0.042,-0.284,0.087,0.273,0.000,0.273,0,,57,S,,,713992,400.11,0
38,90.211,"Mount",0.169,-0.340,0.301,0.231,0.190,0.231,62,W,49,S,,,706430,461.07,0
39,92.523,"Mount",-0.025,-0.204,0.066,0.194,0.000,0.000,0,,0,,,,712354,399.07,0
40,94.851,"Mount",-0.076,-0.236,0.035,0.245,0.000,0.245,0,,51,S,,,714598,446.23,0
41,97.252,"Mount",-0.018,-0.276,0.105,0.256,0.000,0.256,0,,54,S,,,728845,424.92,0
42,99.569,"Mount",-0.220,-0.102,-0.153,0.188,-0.096,0.000,31,E,0,,,,724582,408.66,0
43,101.995,"Mount",-0.119,-0.230,-0.006,0.258,0.000,0.258,0,,54,S,,,680285,396.14,0
44,104.406,"Mount",-0.270,-0.320,-0.102,0.406,0.000,0.406,0,,85,S,,,746833,408.25,0
45,106.995,"Mount",-0.100,-0.551,0.152,0.539,0.096,0.539,31,W,113,S,,,746347,433.04,0
46,109.340,"Mount",0.016,-0.360,0.173,0.317,0.115,0.317,37,W,66,S,,,721901,422.27,0
47,111.788,"Mount",0.258,-0.320,0.372,0.174,0.243,0.000,79,W,0,,,,715503,414.69,0
48,114.059,"Mount",-0.105,-0.386,0.075,0.393,0.000,0.393,0,,83,S,,,773079,471.23,0
49,116.627,"Mount",0.057,-0.423,0.237,0.356,0.149,0.356,48,W,75,S,,,729908,417.85,0
50,118.955,"Mount",-0.013,-0.271,0.107,0.249,0.000,0.249,0,,52,S,,,747982,450.24,0
51,121.300,"Mount",-0.132,0.008,-0.122,0.051,0.000,0.000,0,,0,,,,752320,454.45,0
52,123.699,"Mount",-0.202,-0.226,-0.083,0.291,0.000,0.291,0,,61,S,,,729735,437.21,0
53,126.152,"Mount",-0.129,-0.274,0.004,0.303,0.000,0.303,0,,64,S,,,739701,394.51,0
54,128.395,"Mount",-0.095,-0.212,0.007,0.232,0.000,0.232,0,,49,S,,,730235,443.58,0
55,130.723,"Mount",-0.096,0.003,-0.088,0.039,0.000,0.000,0,,0,,,,723509,422.32,0
56,133.083,"Mount",0.165,-0.169,0.223,0.079,0.140,0.000,45,W,0,,,,710502,437.03,0
57,135.635,"Mount",-0.505,0.020,-0.463,0.204,-0.282,0.204,91,E,43,S,,,742847,393.12,0
58,137.814,"Mount",-0.060,-0.152,0.013,0.163,0.000,0.000,0,,0,,,,752659,433.24,0
59,140.318,"Mount",-0.224,0.035,-0.217,0.067,-0.137,0.000,44,E,0,,,,750534,463.17,0
60,142.483,"Mount",-0.012,-0.004,-0.009,0.008,0.000,0.000,0,,0,,,,741483,463.73,0
61,144.971,"Mount",-0.194,-0.005,-0.172,0.090,-0.108,0.000,35,E,0,,,,741104,463.88,0
62,147.134,"Mount",0.009,-0.177,0.086,0.155,0.000,0.000,0,,0,,,,760971,442.91,0
63,149.683,"Mount",0.103,-0.135,0.152,0.076,0.096,0.000,31,W,0,,,,720320,438.87,0
64,151.850,"Mount",0.116,0.013,0.099,-0.062,0.000,0.000,0,,0,,,,717364,453.59,0
65,154.327,"Mount",0.048,-0.121,0.096,0.088,0.000,0.000,0,,0,,,,704193,429.99,0
66,156.684,"Mount",-0.011,-0.268,0.107,0.245,0.000,0.245,0,,52,S,,,734157,411.17,0
67,158.998,"Mount",-0.079,0.046,-0.092,-0.006,0.000,0.000,0,,0,,,,731482,399.28,0
68,161.245,"Mount",-0.056,-0.066,-0.021,0.084,0.000,0.000,0,,0,,,,701242,426.28,0
69,163.811,"Mount",-0.400,0.104,-0.405,0.082,-0.255,0.000,83,E,0,,,,770158,471.10,0
70,165.966,"Mount",-0.015,-0.006,-0.011,0.012,0.000,0.000,0,,0,,,,715370,436.01,0
71,168.380,"Mount",-0.015,-0.092,0.027,0.090,0.000,0.000,0,,0,,,,733744,483.79,0
72,170.744,"Mount",0.150,0.006,0.132,-0.071,0.083,0.000,27,W,0,,,,746239,442.02,0
73,173.187,"Mount",0.263,-0.155,0.304,0.024,0.197,0.000,64,W,0,,,,728632,462.23,0
74,175.496,"Mount",0.329,-0.129,0.352,-0.028,0.236,0.000,76,W,0,,,,743774,442.42,0
75,177.796,"Mount",-0.109,-0.082,-0.062,0.122,0.000,0.000,0,,0,,,,720846,439.15,0
76,180.155,"Mount",-0.351,0.170,-0.390,0.002,-0.246,0.000,80,E,0,,,,721681,421.31,0
77,182.572,"Mount",-0.222,-0.007,-0.197,0.104,-0.141,0.000,46,E,0,,,,760791,432.52,0
78,184.812,"Mount",-0.208,-0.157,-0.118,0.232,0.000,0.232,0,,49,S,,,737287,430.52,0
79,187.123,"Mount",-0.106,0.050,-0.117,0.001,0.000,0.000,0,,0,,,,741255,425.69,0
80,189.371,"Mount",-0.069,0.092,-0.103,-0.052,0.000,0.000,0,,0,,,,731772,419.48,0
81,191.828,"Mount",0.031,-0.151,0.094,0.122,0.000,0.000,0,,0,,,,740602,450.70,0
82,194.113,"Mount",0.007,-0.098,0.050,0.085,0.000,0.000,0,,0,,,,765180,462.78,0
83,196.691,"Mount",0.314,-0.064,0.311,-0.080,0.196,0.000,63,W,0,,,,736262,419.33,0
84,198.838,"Mount",0.159,0.070,0.112,-0.133,0.000,0.000,0,,0,,,,734542,429.22,0
85,201.375,"Mount",0.388,-0.117,0.400,-0.065,0.252,0.000,82,W,0,,,,761914,471.88,0
86,203.603,"Mount",0.166,0.057,0.124,-0.124,0.000,0.000,0,,0,,,,752426,488.78,0
87,206.042,"Mount",-0.011,-0.023,0.000,0.026,0.000,0.000,0,,0,,,,722957,401.81,0
88,208.281,"Mount",-0.049,-0.011,-0.039,0.032,0.000,0.000,0,,0,,,,738057,449.27,0
89,210.875,"Mount",0.119,-0.283,0.231,0.202,0.146,0.202,47,W,42,S,,,755453,412.29,0
90,213.123,"Mount",-0.186,0.083,-0.203,0.007,-0.118,0.000,38,E,0,,,,753295,519.10,0
91,215.458,"Mount",0.006,-0.019,0.014,0.015,0.000,0.000,0,,0,,,,728681,413.94,0
92,217.722,"Mount",-0.021,-0.017,-0.011,0.025,0.000,0.000,0,,0,,,,755089,461.38,0
93,220.219,"Mount",0.246,-0.178,0.299,0.052,0.188,0.000,61,W,0,,,,704557,442.64,0
94,222.378,"Mount",0.085,-0.009,0.080,-0.030,0.000,0.000,0,,0,,,,745819,449.94,0
95,224.787,"Mount",-0.025,0.013,-0.028,-0.000,0.000,0.000,0,,0,,,,720020,416.33,0
96,227.028,"Mount",0.040,0.085,-0.001,-0.094,0.000,0.000,0,,0,,,,731708,418.78,0
97,229.463,"Mount",0.043,0.064,0.011,-0.076,0.000,0.000,0,,0,,,,750382,434.24,0
98,231.736,"Mount",0.062,-0.069,0.086,0.035,0.000,0.000,0,,0,,,,743779,444.07,0
99,234.266,"Mount",0.243,-0.058,0.244,-0.054,0.154,0.000,50,W,0,,,,757893,445.59,0
100,236.556,"Mount",0.112,-0.123,0.155,0.061,0.108,0.000,35,W,0,,,,777931,460.92,0
101,238.877,"Mount",-0.056,-0.066,-0.021,0.083,0.000,0.000,0,,0,,,,736158,414.47,0
102,241.151,"Mount",0.011,-0.022,0.019,0.015,0.000,0.000,0,,0,,,,729228,461.80,0
103,243.635,"Mount",-0.033,0.024,-0.040,-0.007,0.000,0.000,0,,0,,,,738445,439.85,0
104,245.974,"Mount",0.040,-0.103,0.081,0.075,0.000,0.000,0,,0,,,,752727,467.68,0
105,248.375,"Mount",-0.140,-0.040,-0.108,0.097,0.000,0.000,0,,0,,,,735452,442.01,0
106,250.613,"Mount",-0.086,0.037,-0.093,0.005,0.000,0.000,0,,0,,,,727628,458.61,0
107,253.213,"Mount",-0.602,0.101,-0.586,0.173,-0.369,0.000,120,E,0,,,,741816,414.07,0
108,255.361,"Mount",0.088,-0.088,0.117,0.040,0.000,0.000,0,,0,,,,735183,434.65,0
109,257.764,"Mount",-0.050,-0.042,-0.026,0.060,0.000,0.000,0,,0,,,,744449,467.46,0
110,260.243,"Mount",0.067,-0.283,0.185,0.225,0.116,0.225,38,W,47,S,,,698344,437.82,0
111,262.561,"Mount",-0.027,0.154,-0.091,-0.127,0.000,0.000,0,,0,,,,738758,428.90,0
112,264.939,"Mount",0.486,-0.161,0.507,-0.069,0.320,0.000,104,W,0,,,,786393,503.96,0
113,267.250,"Mount",-0.031,0.101,-0.072,-0.077,0.000,0.000,0,,0,,,,736006,426.33,0
114,269.536,"Mount",0.138,0.285,-0.001,-0.317,0.000,0.000,0,,0,,,,714585,407.02,0
115,272.045,"Mount",-0.128,0.131,-0.173,-0.061,-0.109,0.000,35,E,0,,,,746869,429.06,0
116,274.211,"Mount",0.002,0.152,-0.065,-0.138,0.000,0.000,0,,0,,,,747589,441.18,0
117,276.740,"Mount",-0.336,0.273,-0.421,-0.098,-0.265,0.000,86,E,0,,,,749539,422.70,0
118,278.893,"Mount",-0.047,0.141,-0.104,-0.106,0.000,0.000,0,,0,,,,753645,421.76,0
119,281.414,"Mount",-0.177,0.235,-0.262,-0.133,-0.165,0.000,54,E,0,,,,742349,422.77,0
120,283.695,"Mount",0.191,-0.043,0.191,-0.045,0.109,0.000,35,W,0,,,,765161,463.74,0
121,286.100,"Mount",-0.157,0.128,-0.197,-0.046,-0.116,0.000,38,E,0,,,,745219,407.43,0
122,288.247,"Mount",0.058,-0.011,0.057,-0.016,0.000,0.000,0,,0,,,,721972,441.38,0
123,290.730,"Mount",-0.058,0.177,-0.130,-0.134,-0.082,0.000,27,E,0,,,,750868,449.54,0
124,292.919,"Mount",0.012,-0.033,0.026,0.025,0.000,0.000,0,,0,,,,726906,433.28,0
125,295.352,"Mount",-0.013,0.023,-0.022,-0.015,0.000,0.000,0,,0,,,,725818,458.44,0
126,297.792,"Mount",-0.058,0.183,-0.133,-0.139,-0.083,0.000,27,E,0,,,,751510,444.38,0
127,300.187,"Mount",0.130,-0.040,0.135,-0.021,0.079,0.000,26,W,0,,,,751084,461.77,0
128,302.461,"Mount",-0.299,0.090,-0.308,0.050,-0.189,0.000,61,E,0,,,,773006,446.79,0
129,304.782,"Mount",0.099,0.181,0.010,-0.206,0.000,0.000,0,,0,,,,747603,449.19,0
130,307.023,"Mount",-0.039,0.074,-0.068,-0.049,0.000,0.000,0,,0,,,,748185,460.02,0
131,309.560,"Mount",-0.140,0.057,-0.151,0.010,-0.095,0.000,31,E,0,,,,729709,420.96,0
132,311.717,"Mount",0.098,-0.019,0.096,-0.026,0.000,0.000,0,,0,,,,770853,448.24,0
133,314.144,"Mount",-0.030,0.028,-0.040,-0.012,0.000,0.000,0,,0,,,,748172,418.53,0
134,316.660,"Mount",-0.253,0.120,-0.280,0.003,-0.176,0.000,57,E,0,,,,740355,417.13,0
135,318.973,"Mount",-0.035,0.007,-0.035,0.009,0.000,0.000,0,,0,,,,732679,417.75,0
136,321.212,"Mount",0.001,0.052,-0.022,-0.047,0.000,0.000,0,,0,,,,746699,461.16,0
137,323.755,"Mount",0.338,0.028,0.292,-0.173,0.184,0.000,60,W,0,,,,748282,446.28,0
138,325.921,"Mount",0.049,0.003,0.042,-0.024,0.000,0.000,0,,0,,,,755034,448.90,0
139,328.348,"Mount",-0.012,0.066,-0.040,-0.054,0.000,0.000,0,,0,,,,753288,444.89,0
140,330.698,"Mount",-0.285,0.070,-0.287,0.063,-0.181,0.000,59,E,0,,,,731911,400.36,0
141,333.053,"Mount",-0.065,-0.033,-0.044,0.058,0.000,0.000,0,,0,,,,733284,440.30,0
142,335.408,"Mount",-0.292,0.024,-0.273,0.106,-0.172,0.000,56,E,0,,,,744245,438.90,0
143,337.806,"Mount",-0.013,0.003,-0.013,0.003,0.000,0.000,0,,0,,,,713989,446.62,0
144,340.124,"Mount",-0.212,0.162,-0.262,-0.053,-0.165,0.000,54,E,0,,,,756676,437.91,0
145,342.448,"Mount",-0.052,0.009,-0.051,0.015,0.000,0.000,0,,0,,,,743888,456.22,0
146,344.677,"Mount",0.052,-0.128,0.103,0.092,0.000,0.000,0,,0,,,,721188,392.48,0
147,347.211,"Mount",0.292,-0.327,0.406,0.166,0.256,0.000,83,W,0,,,,738708,430.87,0
148,349.537,"Mount",0.298,-0.109,0.316,-0.033,0.217,0.000,70,W,0,,,,733897,465.22,0
149,351.873,"Mount",-0.125,0.023,-0.122,0.034,0.000,0.000,0,,0,,,,718879,419.71,0
150,354.119,"Mount",-0.039,0.054,-0.058,-0.031,0.000,0.000,0,,0,,,,733184,452.15,0
151,356.538,"Mount",-0.030,0.042,-0.045,-0.025,0.000,0.000,0,,0,,,,726472,427.56,0
152,358.804,"Mount",-0.084,-0.035,-0.061,0.068,0.000,0.000,0,,0,,,,727208,421.40,0
153,361.209,"Mount",0.019,-0.039,0.034,0.027,0.000,0.000,0,,0,,,,737067,456.62,0
154,363.504,"Mount",-0.091,0.008,-0.085,0.033,0.000,0.000,0,,0,,,,717714,409.94,0
155,365.935,"Mount",-0.087,0.083,-0.115,-0.037,0.000,0.000,0,,0,,,,745351,456.59,0
156,368.181,"Mount",0.033,0.068,-0.000,-0.076,0.000,0.000,0,,0,,,,728617,454.11,0
157,370.568,"Mount",0.076,-0.131,0.126,0.085,0.000,0.000,0,,0,,,,728330,461.20,0
158,372.998,"Mount",0.150,-0.327,0.278,0.228,0.175,0.228,57,W,48,S,,,714397,441.10,0
159,375.456,"Mount",-0.141,0.017,-0.134,0.046,-0.072,0.000,23,E,0,,,,704053,373.02,0
160,377.625,"Mount",-0.035,0.060,-0.058,-0.039,0.000,0.000,0,,0,,,,722198,431.79,0
161,380.140,"Mount",-0.167,0.231,-0.251,-0.135,-0.158,0.000,51,E,0,,,,709009,417.64,0
162,382.379,"Mount",0.193,-0.018,0.181,-0.068,0.103,0.000,33,W,0,,,,763181,461.03,0
163,384.694,"Mount",-0.106,-0.015,-0.088,0.060,0.000,0.000,0,,0,,,,753585,430.20,0
164,386.914,"Mount",-0.018,-0.048,0.005,0.051,0.000,0.000,0,,0,,,,743225,435.15,0
165,389.559,"Mount",-0.183,0.021,-0.174,0.061,-0.110,0.000,36,E,0,,,,718166,422.07,0
166,391.991,"Mount",0.375,-0.244,0.444,0.054,0.272,0.000,88,W,0,,,,770753,435.36,0
167,394.315,"Mount",0.091,0.159,0.012,-0.183,0.000,0.000,0,,0,,,,737389,428.69,0
168,396.614,"Mount",0.031,0.130,-0.029,-0.130,0.000,0.000,0,,0,,,,728468,399.31,0
169,399.015,"Mount",-0.030,0.076,-0.061,-0.055,0.000,0.000,0,,0,,,,737515,408.75,0
170,401.271,"Mount",-0.148,-0.009,-0.129,0.073,0.000,0.000,0,,0,,,,736504,464.85,0
171,403.877,"Mount",-0.603,0.246,-0.650,0.043,-0.409,0.000,133,E,0,,,,778320,437.71,0
172,406.047,"Mount",-0.065,-0.073,-0.027,0.094,0.000,0.000,0,,0,,,,722685,450.92,0
173,408.443,"Mount",0.085,-0.061,0.103,0.017,0.000,0.000,0,,0,,,,741711,438.84,0
174,410.971,"Mount",0.409,-0.429,0.556,0.206,0.350,0.206,114,W,43,S,,,731388,429.41,0
175,413.299,"Mount",0.068,0.075,0.028,-0.097,0.000,0.000,0,,0,,,,722777,450.13,0
176,415.723,"Mount",0.201,-0.060,0.207,-0.034,0.130,0.000,42,W,0,,,,730349,462.46,0
177,418.139,"Mount",-0.164,0.245,-0.255,-0.148,-0.152,0.000,49,E,0,,,,740776,426.12,0
178,420.423,"Mount",-0.174,0.119,-0.209,-0.030,-0.142,0.000,46,E,0,,,,742535,437.65,0
179,422.740,"Mount",-0.005,0.075,-0.038,-0.065,0.000,0.000,0,,0,,,,751934,451.80,0
180,425.097,"Mount",-0.206,0.149,-0.250,-0.043,-0.158,0.000,51,E,0,,,,741947,453.72,0
181,427.420,"Mount",-0.008,0.096,-0.050,-0.082,0.000,0.000,0,,0,,,,739818,422.70,0
182,429.863,"Mount",-0.187,0.218,-0.264,-0.114,-0.166,0.000,54,E,0,,,,782334,493.52,0
183,432.307,"Mount",0.268,0.009,0.237,-0.125,0.138,0.000,45,W,0,,,,740541,461.78,0
184,434.557,"Mount",0.273,-0.105,0.291,-0.025,0.193,0.000,63,W,0,,,,727944,419.70,0
185,436.866,"Mount",0.021,0.186,-0.063,-0.176,0.000,0.000,0,,0,,,,760441,468.09,0
186,439.202,"Mount",-0.130,0.228,-0.217,-0.148,-0.137,0.000,44,E,0,,,,753707,429.73,0
187,441.692,"Mount",-0.254,0.011,-0.234,0.102,-0.157,0.000,51,E,0,,,,730229,429.70,0
188,443.922,"Mount",-0.170,0.097,-0.195,-0.013,-0.134,0.000,43,E,0,,,,754852,465.13,0
189,446.248,"Mount",-0.061,0.132,-0.113,-0.091,0.000,0.000,0,,0,,,,727182,409.34,0
190,448.587,"Mount",-0.235,0.118,-0.263,-0.003,-0.166,0.000,54,E,0,,,,762546,452.94,0
191,451.034,"Mount",0.207,-0.292,0.314,0.172,0.186,0.000,60,W,0,,,,758751,414.83,0
192,453.293,"Mount",-0.187,0.122,-0.221,-0.027,-0.127,0.000,41,E,0,,,,784789,490.33,0
193,455.645,"Mount",-0.003,0.166,-0.076,-0.148,0.000,0.000,0,,0,,,,764518,450.71,0
194,458.007,"Mount",-0.176,0.243,-0.265,-0.141,-0.167,0.000,54,E,0,,,,765887,458.00,0
195,460.323,"Mount",-0.022,0.062,-0.047,-0.046,0.000,0.000,0,,0,,,,734324,430.45,0
196,462.628,"Mount",-0.194,-0.003,-0.173,0.088,-0.109,0.000,35,E,0,,,,738909,458.52,0
197,465.043,"Mount",-0.179,0.016,-0.168,0.064,-0.113,0.000,37,E,0,,,,772847,457.05,0
198,467.303,"Mount",-0.223,0.006,-0.203,0.092,-0.136,0.000,44,E,0,,,,768002,464.06,0
199,469.738,"Mount",0.157,-0.182,0.221,0.095,0.130,0.000,42,W,0,,,,730642,446.95,0
200,471.964,"Mount",0.107,-0.119,0.149,0.060,0.103,0.000,33,W,0,,,,716555,416.57,0
201,474.372,"Mount",0.199,-0.058,0.204,-0.036,0.136,0.000,44,W,0,,,,741334,437.73,0
202,476.683,"Mount",0.164,-0.153,0.214,0.066,0.145,0.000,47,W,0,,,,750585,433.79,0
203,479.107,"Mount",0.079,-0.137,0.131,0.088,0.093,0.000,30,W,0,,,,758763,420.23,0
204,481.435,"Mount",-0.365,0.203,-0.417,-0.022,-0.257,0.000,83,E,0,,,,765605,455.93,0
205,483.886,"Mount",-0.256,-0.058,-0.204,0.164,-0.147,0.000,48,E,0,,,,718584,401.13,0
206,486.135,"Mount",-0.187,0.046,-0.188,0.040,-0.129,0.000,42,E,0,,,,741831,451.55,0
207,488.449,"Mount",-0.060,-0.143,0.009,0.155,0.000,0.000,0,,0,,,,733319,404.79,0
208,490.700,"Mount",-0.132,-0.004,-0.117,0.062,0.000,0.000,0,,0,,,,748419,394.60,0
209,493.135,"Mount",0.124,-0.040,0.129,-0.019,0.000,0.000,0,,0,,,,770910,452.25,0
210,495.588,"Mount",0.394,-0.146,0.418,-0.041,0.264,0.000,85,W,0,,,,766018,452.12,0
211,498.040,"Mount",0.355,-0.280,0.442,0.096,0.297,0.000,96,W,0,,,,721668,427.89,0
212,500.298,"Mount",0.119,-0.161,0.178,0.093,0.133,0.000,43,W,0,,,,738456,433.12,0
213,502.683,"Mount",-0.147,0.046,-0.152,0.023,-0.087,0.000,28,E,0,,,,733970,450.13,0
214,504.861,"Mount",0.055,-0.030,0.063,0.003,0.000,0.000,0,,0,,,,732897,429.66,0
215,507.325,"Mount",-0.215,-0.035,-0.178,0.126,-0.112,0.000,36,E,0,,,,726091,443.47,0
216,509.538,"Mount",-0.005,-0.124,0.050,0.114,0.000,0.000,0,,0,,,,738136,420.62,0
217,511.980,"Mount",0.022,-0.149,0.085,0.125,0.000,0.000,0,,0,,,,731377,459.83,0
218,514.396,"Mount",0.267,-0.340,0.390,0.189,0.246,0.000,80,W,0,,,,710388,406.55,0
219,516.826,"Mount",0.065,-0.212,0.152,0.162,0.113,0.000,37,W,0,,,,721979,403.66,0
220,519.060,"Mount",-0.002,-0.234,0.101,0.212,0.000,0.212,0,,44,S,,,748818,414.78,0
221,521.403,"Mount",0.093,0.005,0.082,-0.045,0.000,0.000,0,,0,,,,725933,414.38,0
222,523.709,"Mount",0.014,0.012,0.007,-0.017,0.000,0.000,0,,0,,,,745512,474.41,0
223,526.206,"Mount",0.237,0.014,0.207,-0.117,0.130,0.000,42,W,0,,,,713166,402.53,0
224,528.353,"Mount",0.071,0.139,0.003,-0.156,0.000,0.000,0,,0,,,,749917,461.25,0
225,530.746,"Mount",0.014,0.165,-0.060,-0.154,0.000,0.000,0,,0,,,,740542,419.39,0
226,533.092,"Mount",0.154,-0.102,0.183,0.024,0.115,0.000,37,W,0,,,,748642,409.73,0
227,535.446,"Mount",0.009,-0.018,0.016,0.013,0.000,0.000,0,,0,,,,740366,459.84,0
228,537.819,"Mount",0.116,-0.149,0.170,0.083,0.107,0.000,35,W,0,,,,728394,421.15,0
229,540.141,"Mount",-0.008,0.025,-0.018,-0.019,0.000,0.000,0,,0,,,,705601,409.84,0
230,542.469,"Mount",-0.201,0.071,-0.212,0.024,-0.134,0.000,43,E,0,,,,764701,475.03,0
231,544.808,"Mount",0.023,-0.032,0.035,0.018,0.000,0.000,0,,0,,,,750475,454.20,0
232,547.166,"Mount",-0.030,0.043,-0.046,-0.026,0.000,0.000,0,,0,,,,751751,458.97,0
233,549.715,"Mount",-0.301,0.122,-0.324,0.022,-0.204,0.000,66,E,0,,,,745925,467.49,0
234,552.043,"Mount",-0.356,0.382,-0.488,-0.187,-0.322,0.000,104,E,0,,,,740312,435.64,0
235,554.547,"Mount",-0.553,0.217,-0.592,0.047,-0.395,0.000,128,E,0,,,,746084,446.33,0
236,556.786,"Mount",-0.046,0.026,-0.053,-0.004,0.000,0.000,0,,0,,,,763489,440.44,0
237,559.316,"Mount",0.341,-0.189,0.389,0.021,0.245,0.000,80,W,0,,,,740226,437.92,0
238,561.645,"Mount",0.165,-0.122,0.201,0.037,0.144,0.000,47,W,0,,,,768875,460.04,0
239,563.968,"Mount",-0.109,-0.021,-0.088,0.067,0.000,0.000,0,,0,,,,765587,485.18,0
240,566.335,"Mount",-0.178,-0.051,-0.137,0.124,-0.086,0.000,28,E,0,,,,739184,434.50,0
241,568.659,"Mount",0.001,0.029,-0.012,-0.027,0.000,0.000,0,,0,,,,726916,408.99,0
242,570.987,"Mount",-0.185,0.051,-0.188,0.035,-0.119,0.000,38,E,0,,,,729254,426.99,0
243,573.440,"Mount",-0.083,0.178,-0.153,-0.124,-0.105,0.000,34,E,0,,,,738047,414.46,0
244,575.634,"Mount",0.004,0.047,-0.017,-0.044,0.000,0.000,0,,0,,,,729417,406.20,0
245,578.055,"Mount",-0.028,0.078,-0.059,-0.058,0.000,0.000,0,,0,,,,728386,460.57,0
246,580.412,"Mount",-0.375,0.140,-0.398,0.038,-0.251,0.000,81,E,0,,,,755579,453.53,0
247,582.739,"Mount",0.005,-0.114,0.055,0.100,0.000,0.000,0,,0,,,,766364,450.96,0
248,584.984,"Mount",-0.119,-0.097,-0.064,0.139,0.000,0.000,0,,0,,,,721782,439.50,0
249,587.416,"Mount",0.033,0.052,0.006,-0.061,0.000,0.000,0,,0,,,,741046,432.08,0
250,589.851,"Mount",-0.320,0.116,-0.338,0.036,-0.213,0.000,69,E,0,,,,736587,484.05,0
251,592.230,"Mount",0.004,-0.181,0.083,0.161,0.000,0.000,0,,0,,,,732576,438.07,0
252,594.486,"Mount",-0.077,-0.065,-0.041,0.092,0.000,0.000,0,,0,,,,759807,488.06,0
253,597.126,"Mount",-0.354,-0.039,-0.301,0.190,-0.189,0.000,61,E,0,,,,741511,430.80,0
254,599.410,"Mount",-0.272,-0.014,-0.238,0.132,-0.163,0.000,53,E,0,,,,786933,480.89,0
255,601.819,"Mount",0.187,-0.166,0.240,0.067,0.140,0.000,45,W,0,,,,742026,429.85,0
256,604.132,"Mount",0.089,-0.280,0.203,0.212,0.138,0.212,45,W,45,S,,,734305,430.67,0
257,606.509,"Mount",-0.176,-0.095,-0.116,0.163,0.000,0.000,0,,0,,,,749570,449.12,0
258,608.863,"Mount",-0.405,0.050,-0.386,0.133,-0.243,0.000,79,E,0,,,,734596,464.04,0
259,611.218,"Mount",-0.186,-0.095,-0.125,0.167,0.000,0.000,0,,0,,,,747033,437.42,0
260,613.841,"Mount",-0.785,0.130,-0.763,0.228,-0.480,0.228,156,E,48,S,,,743301,457.95,0
261,616.192,"Mount",0.190,0.271,0.052,-0.327,0.000,0.000,0,,0,,,,740866,464.21,0
262,618.444,"Mount",0.169,0.310,0.016,-0.353,0.000,0.000,0,,0,,,,743233,411.83,0
263,620.969,"Mount",0.317,0.308,0.149,-0.415,0.094,0.000,31,W,0,,,,755006,455.87,0
INFO: SET LOCK POSITION, new lock pos = 45.498, 801.492
INFO: DITHER by -3.527, -3.341, new lock pos = 43.795, 806.042
INFO: SETTLING STATE CHANGE, Settling started
264,625.211,"Mount",1.703,-4.550,3.527,3.341,3.527,3.341,1144,W,702,S,,,758422,426.35,0
265,627.915,"Mount",-1.113,0.830,-1.364,-0.258,-0.859,0.000,279,E,0,,,,753690,473.51,0
266,630.347,"Mount",-0.937,0.647,-1.126,-0.170,-0.769,0.000,250,E,0,,,,766025,407.63,0
267,632.799,"Mount",0.583,-0.194,0.609,-0.081,0.330,0.000,107,W,0,,,,749533,411.39,0
268,634.947,"Mount",0.002,0.261,-0.112,-0.235,0.000,0.000,0,,0,,,,764509,437.66,0
269,638.931,"Mount",-0.046,0.448,-0.238,-0.383,-0.150,-0.383,49,E,1405,N,,,786813,438.38,0
INFO: SETTLING STATE CHANGE, Settling complete
270,641.227,"Mount",-0.326,0.151,-0.359,0.007,-0.237,0.000,77,E,0,,,,726234,450.47,0
271,643.729,"Mount",-0.006,-0.468,0.200,0.424,0.109,0.000,35,W,0,,,,769904,440.85,0
272,645.901,"Mount",-0.039,-0.326,0.108,0.310,0.000,0.000,0,,0,,,,726972,445.06,0
273,648.499,"Mount",0.308,-0.439,0.470,0.259,0.296,0.000,96,W,0,,,,768698,467.12,0
274,650.752,"Mount",0.061,-0.342,0.205,0.280,0.150,0.000,49,W,0,,,,784114,466.25,0
275,653.243,"Mount",-0.643,0.111,-0.627,0.183,-0.384,0.000,125,E,0,,,,770747,443.97,0
276,656.819,"Mount",-0.041,-0.365,0.123,0.346,0.000,0.346,0,,1398,S,,,766294,435.11,0
277,660.923,"Mount",0.854,0.482,0.556,-0.808,0.350,-0.808,114,W,1465,N,,,748763,437.40,0
278,663.470,"Mount",-0.345,0.356,-0.466,-0.168,-0.269,0.000,87,E,0,,,,720797,429.40,0
279,665.758,"Mount",0.035,0.084,-0.005,-0.091,0.000,0.000,0,,0,,,,753086,468.82,0
280,668.291,"Mount",0.297,-0.104,0.313,-0.037,0.197,0.000,64,W,0,,,,756356,464.70,0
281,670.467,"Mount",0.103,0.121,0.039,-0.154,0.000,0.000,0,,0,,,,762571,456.37,0
282,672.870,"Mount",0.124,0.126,0.056,-0.167,0.000,0.000,0,,0,,,,768350,446.43,0
283,675.197,"Mount",-0.081,0.198,-0.159,-0.142,-0.100,0.000,33,E,0,,,,773782,434.10,0
284,677.651,"Mount",-0.299,0.057,-0.294,0.080,-0.192,0.000,62,E,0,,,,747958,443.48,0
285,680.169,"Mount",-0.227,-0.081,-0.168,0.173,-0.119,0.000,39,E,0,,,,755427,457.54,0
286,682.678,"Mount",0.697,-0.298,0.757,-0.038,0.468,0.000,152,W,0,,,,741315,442.90,0
287,684.883,"Mount",-0.129,0.156,-0.184,-0.083,-0.083,0.000,27,E,0,,,,770966,436.21,0
288,687.223,"Mount",-0.023,0.011,-0.026,-0.000,0.000,0.000,0,,0,,,,750630,440.25,0
289,689.533,"Mount",0.115,0.021,0.094,-0.069,0.000,0.000,0,,0,,,,758802,412.27,0
290,692.169,"Mount",0.467,-0.376,0.584,0.133,0.368,0.000,119,W,0,,,,750623,480.06,0
291,694.443,"Mount",-0.286,0.006,-0.260,0.120,-0.138,0.000,45,E,0,,,,746332,429.79,0
292,696.883,"Mount",-0.182,0.143,-0.226,-0.048,-0.152,0.000,49,E,0,,,,740865,425.78,0
293,699.037,"Mount",-0.025,0.128,-0.079,-0.104,0.000,0.000,0,,0,,,,757576,480.29,0
294,701.602,"Mount",-0.234,0.247,-0.319,-0.119,-0.201,0.000,65,E,0,,,,738262,427.83,0
295,703.758,"Mount",-0.122,-0.078,-0.075,0.124,0.000,0.000,0,,0,,,,746096,459.54,0
296,706.191,"Mount",-0.011,-0.142,0.053,0.132,0.000,0.000,0,,0,,,,741444,443.46,0
297,708.535,"Mount",0.248,-0.218,0.318,0.087,0.200,0.000,65,W,0,,,,748093,374.08,0
298,711.166,"Mount",0.340,-0.243,0.412,0.069,0.274,0.000,89,W,0,,,,768693,458.62,0
299,713.428,"Mount",0.267,-0.062,0.267,-0.061,0.188,0.000,61,W,0,,,,774695,484.05,0
300,715.868,"Mount",0.259,-0.055,0.257,-0.064,0.175,0.000,57,W,0,,,,770363,479.93,0
301,718.013,"Mount",-0.041,-0.043,-0.018,0.056,0.000,0.000,0,,0,,,,769689,448.56,0
302,720.580,"Mount",-0.505,0.164,-0.526,0.074,-0.331,0.000,107,E,0,,,,776926,472.75,0
303,722.750,"Mount",-0.105,-0.099,-0.051,0.134,0.000,0.000,0,,0,,,,752352,423.05,0
304,725.228,"Mount",-0.222,-0.081,-0.164,0.170,-0.103,0.000,33,E,0,,,,750203,428.50,0
305,727.502,"Mount",0.036,-0.287,0.159,0.242,0.093,0.000,30,W,0,,,,761334,392.25,0
306,729.818,"Mount",-0.134,-0.124,-0.066,0.170,0.000,0.000,0,,0,,,,738577,427.63,0
307,732.079,"Mount",0.008,-0.140,0.069,0.122,0.000,0.000,0,,0,,,,749553,416.43,0
308,734.576,"Mount",-0.209,0.022,-0.197,0.072,-0.124,0.000,40,E,0,,,,714655,429.48,0
309,736.843,"Mount",0.043,-0.215,0.133,0.175,0.075,0.000,24,W,0,,,,745793,468.33,0
310,739.260,"Mount",-0.348,-0.009,-0.308,0.161,-0.189,0.000,61,E,0,,,,730364,417.87,0
311,741.435,"Mount",-0.047,0.063,-0.070,-0.036,0.000,0.000,0,,0,,,,755919,451.84,0
312,743.990,"Mount",-0.292,-0.005,-0.260,0.133,-0.164,0.000,53,E,0,,,,755156,437.99,0
313,746.160,"Mount",0.016,-0.147,0.079,0.125,0.000,0.000,0,,0,,,,746988,404.96,0
314,748.562,"Mount",0.087,-0.063,0.106,0.019,0.000,0.000,0,,0,,,,752128,441.03,0
315,750.929,"Mount",0.109,-0.147,0.162,0.084,0.102,0.000,33,W,0,,,,741567,443.19,0
316,753.258,"Mount",-0.104,-0.158,-0.024,0.188,0.000,0.000,0,,0,,,,733655,437.71,0
317,755.567,"Mount",-0.002,-0.179,0.076,0.161,0.000,0.000,0,,0,,,,742151,411.45,0
318,758.002,"Mount",-0.015,-0.010,-0.009,0.016,0.000,0.000,0,,0,,,,744195,389.43,0
319,760.241,"Mount",-0.047,-0.114,0.008,0.123,0.000,0.000,0,,0,,,,749462,445.24,0
320,762.826,"Mount",-0.441,-0.101,-0.352,0.284,-0.222,0.000,72,E,0,,,,724877,463.84,0
321,765.060,"Mount",0.126,-0.146,0.177,0.076,0.096,0.000,31,W,0,,,,758556,454.21,0
322,767.520,"Mount",0.163,-0.218,0.242,0.125,0.159,0.000,52,W,0,,,,761260,413.45,0
323,769.825,"Mount",0.098,-0.267,0.205,0.197,0.140,0.000,46,W,0,,,,772017,455.61,0
324,772.236,"Mount",0.202,-0.231,0.283,0.119,0.188,0.000,61,W,0,,,,774951,445.83,0
325,774.555,"Mount",0.330,-0.150,0.362,-0.010,0.241,0.000,78,W,0,,,,749706,414.08,0
326,776.959,"Mount",0.031,-0.276,0.149,0.234,0.111,0.000,36,W,0,,,,741677,416.55,0
327,779.220,"Mount",-0.297,-0.005,-0.265,0.135,-0.159,0.000,52,E,0,,,,722184,392.95,0
328,782.995,"Mount",-0.247,-0.227,-0.122,0.312,0.000,0.312,0,,1361,S,,,734282,432.84,0
329,785.435,"Mount",-0.268,-0.098,-0.197,0.206,-0.124,0.206,40,E,43,S,,,757933,494.72,0
330,789.376,"Mount",0.566,0.703,0.200,-0.881,0.117,-0.881,38,W,1480,N,,,752605,468.66,0
331,791.931,"Mount",0.107,0.944,-0.318,-0.895,-0.192,-0.895,62,E,188,N,,,796238,440.73,0
332,794.563,"Mount",0.723,0.034,0.635,-0.348,0.386,-0.348,125,W,73,N,,,746588,450.14,0
333,797.043,"Mount",0.683,0.041,0.595,-0.337,0.402,-0.337,130,W,71,N,,,780955,445.07,0
334,799.382,"Mount",-0.053,0.110,-0.096,-0.076,0.000,0.000,0,,0,,,,728190,429.47,0
335,801.947,"Mount",-0.077,0.263,-0.184,-0.202,-0.116,-0.202,38,E,42,N,,,743679,383.51,0
336,804.493,"Mount",0.235,0.034,0.196,-0.134,0.115,0.000,37,W,0,,,,771439,471.99,0
337,806.811,"Mount",0.215,0.160,0.122,-0.238,0.000,-0.238,0,,50,N,,,728956,460.97,0
338,809.299,"Mount",0.407,-0.146,0.430,-0.048,0.271,0.000,88,W,0,,,,747839,422.38,0
339,811.522,"Mount",-0.056,-0.014,-0.044,0.037,0.000,0.000,0,,0,,,,741127,449.08,0
340,813.996,"Mount",0.146,-0.032,0.145,-0.035,0.091,0.000,30,W,0,,,,755118,410.99,0
341,816.283,"Mount",0.125,-0.126,0.168,0.059,0.112,0.000,36,W,0,,,,735326,444.17,0
342,818.599,"Mount",-0.021,-0.002,-0.018,0.011,0.000,0.000,0,,0,,,,738959,452.57,0
343,820.852,"Mount",0.036,-0.194,0.118,0.158,0.000,0.000,0,,0,,,,731375,414.76,0
344,823.397,"Mount",-0.171,-0.007,-0.151,0.081,-0.095,0.000,31,E,0,,,,746553,456.66,0
345,825.616,"Mount",0.053,-0.106,0.094,0.072,0.000,0.000,0,,0,,,,758199,458.89,0
346,828.107,"Mount",0.097,-0.209,0.179,0.146,0.113,0.000,37,W,0,,,,768324,417.34,0
347,830.395,"Mount",0.247,-0.121,0.275,0.000,0.181,0.000,59,W,0,,,,756210,462.85,0
348,832.834,"Mount",0.116,-0.072,0.136,0.014,0.098,0.000,32,W,0,,,,752924,438.55,0
349,834.993,"Mount",0.093,-0.089,0.122,0.039,0.000,0.000,0,,0,,,,757200,432.65,0
350,837.418,"Mount",0.078,-0.015,0.077,-0.021,0.000,0.000,0,,0,,,,748887,450.40,0
351,839.740,"Mount",0.127,-0.039,0.131,-0.021,0.082,0.000,27,W,0,,,,738005,428.10,0
352,842.196,"Mount",-0.162,0.006,-0.148,0.066,-0.087,0.000,28,E,0,,,,719275,409.54,0
353,844.357,"Mount",0.084,-0.065,0.104,0.021,0.000,0.000,0,,0,,,,744041,423.44,0
354,846.838,"Mount",-0.159,0.018,-0.151,0.054,-0.095,0.000,31,E,0,,,,737737,439.03,0
355,848.984,"Mount",-0.012,-0.087,0.027,0.083,0.000,0.000,0,,0,,,,738527,397.82,0
356,851.537,"Mount",-0.309,0.045,-0.298,0.095,-0.187,0.000,61,E,0,,,,744281,455.57,0
357,853.788,"Mount",0.217,-0.067,0.225,-0.035,0.128,0.000,42,W,0,,,,767622,423.75,0
358,856.223,"Mount",-0.294,-0.123,-0.210,0.240,-0.123,0.000,40,E,0,,,,746082,441.77,0
359,858.555,"Mount",0.700,-0.358,0.787,0.015,0.487,0.000,158,W,0,,,,729470,449.50,0
360,861.015,"Mount",-0.193,0.034,-0.189,0.054,-0.085,0.000,27,E,0,,,,742352,435.25,0
361,863.182,"Mount",0.041,0.004,0.035,-0.022,0.000,0.000,0,,0,,,,756015,452.17,0
362,865.637,"Mount",-0.131,-0.038,-0.101,0.091,0.000,0.000,0,,0,,,,742568,429.18,0
363,867.940,"Mount",-0.138,0.026,-0.135,0.038,-0.085,0.000,28,E,0,,,,702998,442.61,0
364,870.404,"Mount",-0.460,-0.099,-0.369,0.291,-0.239,0.000,77,E,0,,,,760246,461.64,0
365,872.558,"Mount",-0.113,-0.104,-0.056,0.143,0.000,0.000,0,,0,,,,744543,458.90,0
366,874.976,"Mount",-0.115,-0.119,-0.051,0.158,0.000,0.000,0,,0,,,,719757,420.69,0
367,877.220,"Mount",-0.040,0.001,-0.036,0.016,0.000,0.000,0,,0,,,,731833,434.34,0
368,879.765,"Mount",-0.194,0.109,-0.222,-0.013,-0.140,0.000,45,E,0,,,,756691,432.19,0
369,881.914,"Mount",-0.068,0.101,-0.105,-0.061,0.000,0.000,0,,0,,,,758400,429.89,0
370,884.443,"Mount",-0.384,0.067,-0.374,0.109,-0.236,0.000,76,E,0,,,,753983,444.25,0
371,886.745,"Mount",-0.259,-0.105,-0.187,0.208,-0.134,0.000,44,E,0,,,,731655,455.08,0
372,890.531,"Mount",-0.323,-0.182,-0.211,0.306,-0.142,0.306,46,E,1359,S,,,741656,450.15,0
373,892.779,"Mount",-0.067,-0.209,0.032,0.217,0.000,0.217,0,,46,S,,,737668,410.54,0
374,895.092,"Mount",0.111,0.039,0.083,-0.084,0.000,0.000,0,,0,,,,743591,448.79,0
375,897.320,"Mount",-0.089,0.074,-0.112,-0.027,0.000,0.000,0,,0,,,,716415,408.28,0
376,899.836,"Mount",-0.189,0.126,-0.225,-0.030,-0.142,0.000,46,E,0,,,,706782,409.76,0
377,902.132,"Mount",-0.146,0.133,-0.189,-0.056,-0.129,0.000,42,E,0,,,,724962,476.85,0
378,904.557,"Mount",-0.162,0.071,-0.177,0.007,-0.120,0.000,39,E,0,,,,738381,443.76,0
379,906.875,"Mount",-0.193,0.019,-0.182,0.067,-0.123,0.000,40,E,0,,,,747881,426.99,0
380,909.197,"Mount",-0.034,0.004,-0.032,0.012,0.000,0.000,0,,0,,,,731183,468.05,0
381,911.568,"Mount",-0.253,0.198,-0.314,-0.067,-0.198,0.000,64,E,0,,,,729965,434.75,0
382,913.914,"Mount",-0.037,0.010,-0.038,0.007,0.000,0.000,0,,0,,,,745911,445.18,0
383,916.272,"Mount",-0.193,0.207,-0.264,-0.101,-0.166,0.000,54,E,0,,,,763063,461.87,0
384,918.584,"Mount",0.141,-0.002,0.127,-0.060,0.000,0.000,0,,0,,,,743797,453.27,0
385,920.997,"Mount",0.258,-0.140,0.293,0.012,0.185,0.000,60,W,0,,,,769457,446.55,0
386,923.420,"Mount",0.170,-0.083,0.189,-0.000,0.132,0.000,43,W,0,,,,756274,438.17,0
387,925.849,"Mount",0.340,-0.137,0.365,-0.026,0.239,0.000,78,W,0,,,,757406,483.77,0
388,928.301,"Mount",-0.408,0.188,-0.449,0.010,-0.266,0.000,86,E,0,,,,744001,464.23,0
389,930.580,"Mount",-0.205,0.169,-0.258,-0.062,-0.181,0.000,59,E,0,,,,727117,443.23,0
390,932.900,"Mount",-0.025,0.027,-0.034,-0.014,0.000,0.000,0,,0,,,,742303,438.76,0
391,935.146,"Mount",-0.082,0.099,-0.117,-0.053,0.000,0.000,0,,0,,,,732296,415.22,0
392,937.684,"Mount",-0.262,0.133,-0.294,-0.005,-0.185,0.000,60,E,0,,,,737911,467.68,0
393,939.954,"Mount",-0.091,0.056,-0.106,-0.010,0.000,0.000,0,,0,,,,748562,424.21,0
394,942.373,"Mount",0.013,-0.079,0.046,0.065,0.000,0.000,0,,0,,,,736195,441.15,0
395,944.692,"Mount",0.240,-0.175,0.293,0.052,0.184,0.000,60,W,0,,,,738954,455.11,0
396,947.220,"Mount",0.711,-0.289,0.766,-0.053,0.495,0.000,161,W,0,,,,735204,427.93,0
397,949.567,"Mount",0.264,-0.159,0.307,0.027,0.228,0.000,74,W,0,,,,797969,428.72,0
398,952.091,"Mount",-0.429,-0.053,-0.363,0.236,-0.212,0.236,69,E,50,S,,,739807,426.76,0
399,954.240,"Mount",0.008,-0.013,0.013,0.009,0.000,0.000,0,,0,,,,762231,409.10,0
400,956.713,"Mount",0.013,0.009,0.008,-0.014,0.000,0.000,0,,0,,,,732556,478.78,0
401,958.964,"Mount",0.118,-0.026,0.118,-0.029,0.000,0.000,0,,0,,,,757071,424.87,0
402,961.369,"Mount",-0.086,-0.021,-0.068,0.057,0.000,0.000,0,,0,,,,730513,437.59,0
403,963.664,"Mount",0.084,-0.087,0.114,0.041,0.000,0.000,0,,0,,,,750325,453.73,0
404,966.184,"Mount",0.073,-0.202,0.155,0.150,0.097,0.000,32,W,0,,,,759020,422.10,0
405,968.459,"Mount",-0.115,-0.236,0.000,0.263,0.000,0.263,0,,55,S,,,747332,445.31,0
406,970.803,"Mount",-0.023,0.040,-0.038,-0.026,0.000,0.000,0,,0,,,,711709,404.18,0
407,973.120,"Mount",-0.047,0.034,-0.057,-0.010,0.000,0.000,0,,0,,,,727730,451.43,0
408,975.574,"Mount",0.042,0.198,-0.049,-0.197,0.000,0.000,0,,0,,,,778352,445.05,0
409,977.949,"Mount",-0.243,0.220,-0.315,-0.091,-0.198,0.000,64,E,0,,,,733217,457.76,0
410,980.364,"Mount",0.259,-0.177,0.311,0.046,0.182,0.000,59,W,0,,,,763296,454.24,0
411,982.514,"Mount",0.030,-0.020,0.036,0.005,0.000,0.000,0,,0,,,,745044,429.08,0
412,984.916,"Mount",-0.010,-0.004,-0.007,0.008,0.000,0.000,0,,0,,,,751847,435.73,0
413,987.202,"Mount",0.015,-0.018,0.022,0.009,0.000,0.000,0,,0,,,,765687,421.38,0
414,989.727,"Mount",0.261,0.030,0.221,-0.141,0.139,0.000,45,W,0,,,,762340,447.46,0
415,991.950,"Mount",-0.095,0.027,-0.097,0.018,0.000,0.000,0,,0,,,,743571,412.40,0
416,994.371,"Mount",0.051,0.107,-0.001,-0.118,0.000,0.000,0,,0,,,,736030,406.62,0
417,996.753,"Mount",-0.115,0.205,-0.193,-0.133,-0.122,0.000,39,E,0,,,,721995,458.33,0
418,999.073,"Mount",0.039,-0.063,0.063,0.039,0.000,0.000,0,,0,,,,743898,419.36,0
419,1001.453,"Mount",-0.235,0.103,-0.256,0.011,-0.161,0.000,52,E,0,,,,713967,448.85,0
420,1003.868,"Mount",0.144,-0.111,0.178,0.037,0.101,0.000,33,W,0,,,,736468,425.88,0
421,1006.140,"Mount",-0.255,0.177,-0.307,-0.047,-0.186,0.000,60,E,0,,,,718546,417.09,0
422,1008.564,"Mount",0.432,-0.050,0.410,-0.145,0.245,0.000,80,W,0,,,,734530,430.59,0
423,1010.707,"Mount",0.055,-0.046,0.069,0.018,0.000,0.000,0,,0,,,,746522,479.97,0
424,1013.237,"Mount",0.126,-0.092,0.154,0.027,0.097,0.000,31,W,0,,,,756599,460.29,0
425,1015.481,"Mount",-0.112,-0.011,-0.096,0.059,0.000,0.000,0,,0,,,,733254,406.89,0
426,1017.967,"Mount",0.024,-0.095,0.064,0.075,0.000,0.000,0,,0,,,,742423,455.34,0
427,1020.324,"Mount",-0.199,0.013,-0.185,0.076,-0.116,0.000,38,E,0,,,,762368,426.26,0
428,1022.642,"Mount",-0.081,-0.171,0.003,0.190,0.000,0.000,0,,0,,,,749240,408.74,0
429,1024.935,"Mount",-0.082,-0.073,-0.041,0.101,0.000,0.000,0,,0,,,,719306,465.24,0
430,1027.432,"Mount",-0.253,0.079,-0.262,0.040,-0.165,0.000,53,E,0,,,,746686,420.13,0
431,1029.748,"Mount",-0.088,0.189,-0.162,-0.131,-0.114,0.000,37,E,0,,,,743166,432.28,0
432,1032.188,"Mount",0.252,-0.113,0.276,-0.009,0.166,0.000,54,W,0,,,,758044,463.61,0
433,1034.341,"Mount",-0.043,-0.019,-0.030,0.036,0.000,0.000,0,,0,,,,728730,449.71,0
434,1036.836,"Mount",0.235,-0.205,0.301,0.081,0.190,0.000,62,W,0,,,,736146,464.78,0
435,1039.070,"Mount",-0.268,0.028,-0.253,0.092,-0.146,0.000,47,E,0,,,,737888,420.29,0
436,1041.428,"Mount",-0.012,-0.023,-0.000,0.026,0.000,0.000,0,,0,,,,737131,409.15,0
437,1043.914,"Mount",-0.303,0.073,-0.304,0.067,-0.191,0.000,62,E,0,,,,747211,459.25,0
438,1046.226,"Mount",-0.026,-0.089,0.016,0.092,0.000,0.000,0,,0,,,,753877,444.63,0
439,1048.478,"Mount",0.016,-0.168,0.088,0.144,0.000,0.000,0,,0,,,,735131,453.06,0
440,1050.956,"Mount",-0.210,-0.113,-0.139,0.194,-0.088,0.000,28,E,0,,,,724523,443.65,0
441,1053.147,"Mount",0.023,-0.134,0.079,0.110,0.000,0.000,0,,0,,,,740293,415.00,0
442,1055.709,"Mount",0.082,-0.171,0.149,0.118,0.094,0.000,30,W,0,,,,734910,484.51,0
443,1057.955,"Mount",0.226,-0.159,0.273,0.044,0.179,0.000,58,W,0,,,,723402,427.07,0
444,1060.467,"Mount",-0.312,-0.105,-0.234,0.232,-0.135,0.232,44,E,49,S,,,722404,445.17,0
445,1062.615,"Mount",-0.143,-0.139,-0.068,0.187,0.000,0.000,0,,0,,,,704688,438.59,0
446,1065.014,"Mount",-0.083,0.025,-0.086,0.014,0.000,0.000,0,,0,,,,710015,456.10,0
447,1067.239,"Mount",0.027,-0.059,0.050,0.041,0.000,0.000,0,,0,,,,705022,420.10,0
448,1069.793,"Mount",0.174,-0.100,0.200,0.013,0.126,0.000,41,W,0,,,,727300,441.04,0
449,1072.041,"Mount",0.159,-0.093,0.184,0.013,0.125,0.000,40,W,0,,,,733705,437.72,0
450,1074.368,"Mount",0.027,0.017,0.016,-0.027,0.000,0.000,0,,0,,,,738275,418.79,0
451,1076.631,"Mount",0.065,0.023,0.049,-0.049,0.000,0.000,0,,0,,,,746608,471.34,0
452,1079.124,"Mount",-0.219,0.125,-0.251,-0.016,-0.158,0.000,51,E,0,,,,725853,401.89,0
453,1081.285,"Mount",0.051,-0.051,0.068,0.023,0.000,0.000,0,,0,,,,745694,454.63,0
454,1083.707,"Mount",-0.103,-0.036,-0.077,0.078,0.000,0.000,0,,0,,,,750898,421.07,0
455,1085.956,"Mount",0.089,-0.023,0.090,-0.019,0.000,0.000,0,,0,,,,740828,421.26,0
456,1088.447,"Mount",-0.153,0.043,-0.156,0.028,-0.099,0.000,32,E,0,,,,725919,436.02,0
457,1090.709,"Mount",0.191,-0.127,0.227,0.031,0.136,0.000,44,W,0,,,,755481,430.14,0
458,1093.035,"Mount",0.015,-0.154,0.080,0.132,0.000,0.000,0,,0,,,,721307,430.49,0
459,1095.437,"Mount",0.241,-0.169,0.291,0.046,0.183,0.000,59,W,0,,,,737421,463.94,0
460,1097.841,"Mount",0.151,-0.227,0.236,0.138,0.161,0.000,52,W,0,,,,758557,481.91,0
461,1100.043,"Mount",0.038,-0.151,0.100,0.119,0.000,0.000,0,,0,,,,741503,443.10,0
462,1102.480,"Mount",0.097,-0.066,0.116,0.017,0.000,0.000,0,,0,,,,718998,392.35,0
463,1104.718,"Mount",0.056,-0.013,0.056,-0.013,0.000,0.000,0,,0,,,,716005,439.16,0
464,1107.260,"Mount",0.086,-0.190,0.161,0.133,0.101,0.000,33,W,0,,,,747088,430.68,0
465,1109.452,"Mount",-0.143,-0.041,-0.111,0.099,0.000,0.000,0,,0,,,,736639,422.62,0
466,1111.912,"Mount",-0.109,-0.035,-0.083,0.080,0.000,0.000,0,,0,,,,731119,444.30,0
467,1114.236,"Mount",-0.147,0.020,-0.141,0.046,-0.089,0.000,29,E,0,,,,721704,412.89,0
468,1116.645,"Mount",0.107,-0.033,0.110,-0.017,0.000,0.000,0,,0,,,,752185,448.02,0
469,1118.872,"Mount",-0.031,-0.124,0.027,0.125,0.000,0.000,0,,0,,,,729375,431.88,0
470,1121.397,"Mount",0.126,-0.210,0.206,0.133,0.130,0.000,42,W,0,,,,740324,417.21,0
471,1123.695,"Mount",-0.216,0.103,-0.239,0.002,-0.142,0.000,46,E,0,,,,717365,407.31,0
472,1126.148,"Mount",-0.170,-0.309,-0.018,0.352,0.000,0.352,0,,74,S,,,719010,436.69,0
473,1128.643,"Mount",-0.301,-0.156,-0.202,0.272,-0.127,0.272,41,E,57,S,,,710348,422.09,0
474,1130.979,"Mount",0.060,-0.068,0.083,0.035,0.000,0.000,0,,0,,,,725195,462.30,0
475,1133.330,"Mount",-0.261,-0.067,-0.205,0.175,-0.129,0.000,42,E,0,,,,730705,435.02,0
476,1135.808,"Mount",0.165,-0.118,0.200,0.034,0.117,0.000,38,W,0,,,,761801,440.64,0
477,1137.991,"Mount",0.052,-0.048,0.067,0.020,0.000,0.000,0,,0,,,,740001,435.65,0
478,1140.406,"Mount",0.022,-0.109,0.068,0.088,0.000,0.000,0,,0,,,,747306,436.34,0
479,1142.720,"Mount",-0.194,0.077,-0.208,0.016,-0.131,0.000,43,E,0,,,,713183,392.59,0
480,1145.159,"Mount",-0.253,0.041,-0.246,0.075,-0.164,0.000,53,E,0,,,,758932,443.30,0
481,1147.622,"Mount",-0.323,0.101,-0.335,0.051,-0.222,0.000,72,E,0,,,,741544,442.97,0
482,1149.939,"Mount",-0.036,-0.137,0.028,0.139,0.000,0.000,0,,0,,,,747134,414.67,0
483,1152.260,"Mount",-0.197,-0.033,-0.163,0.117,-0.102,0.000,33,E,0,,,,731414,452.43,0
484,1154.599,"Mount",-0.078,-0.066,-0.041,0.094,0.000,0.000,0,,0,,,,734613,453.20,0
485,1156.824,"Mount",-0.097,-0.017,-0.079,0.058,0.000,0.000,0,,0,,,,741454,459.50,0
486,1159.334,"Mount",0.193,-0.247,0.282,0.137,0.178,0.000,58,W,0,,,,747922,454.07,0
487,1161.647,"Mount",-0.107,-0.175,-0.019,0.204,0.000,0.204,0,,43,S,,,725040,429.73,0
488,1163.978,"Mount",0.099,-0.001,0.090,-0.043,0.000,0.000,0,,0,,,,757855,453.39,0
489,1166.228,"Mount",-0.142,-0.033,-0.113,0.092,0.000,0.000,0,,0,,,,711200,398.08,0
490,1168.805,"Mount",-0.400,0.170,-0.434,0.023,-0.273,0.000,89,E,0,,,,723033,444.18,0
491,1171.140,"Mount",-0.499,0.282,-0.572,-0.034,-0.380,0.000,123,E,0,,,,738584,423.81,0
492,1173.480,"Mount",0.027,-0.086,0.062,0.065,0.000,0.000,0,,0,,,,750958,397.55,0
493,1175.729,"Mount",0.077,-0.085,0.107,0.042,0.000,0.000,0,,0,,,,724346,392.79,0
494,1178.215,"Mount",-0.228,-0.062,-0.178,0.156,-0.112,0.000,36,E,0,,,,748593,433.50,0
495,1180.380,"Mount",-0.044,-0.183,0.041,0.184,0.000,0.000,0,,0,,,,736342,424.39,0
496,1182.770,"Mount",-0.120,-0.154,-0.040,0.191,0.000,0.000,0,,0,,,,720006,399.24,0
497,1185.100,"Mount",-0.296,-0.076,-0.232,0.198,-0.146,0.000,47,E,0,,,,735568,433.16,0
498,1187.540,"Mount",-0.257,-0.093,-0.190,0.197,-0.130,0.000,42,E,0,,,,710840,427.20,0
499,1189.828,"Mount",-0.211,-0.028,-0.178,0.117,-0.121,0.000,39,E,0,,,,740174,444.27,0
500,1192.214,"Mount",-0.156,0.035,-0.156,0.037,-0.107,0.000,35,E,0,,,,712061,388.57,0
501,1194.406,"Mount",-0.129,0.007,-0.119,0.050,0.000,0.000,0,,0,,,,720053,413.17,0
502,1196.892,"Mount",-0.206,-0.035,-0.169,0.122,-0.107,0.000,35,E,0,,,,718611,418.43,0
503,1199.110,"Mount",-0.055,-0.117,0.002,0.130,0.000,0.000,0,,0,,,,762094,454.15,0
504,1201.590,"Mount",-0.169,-0.078,-0.118,0.144,0.000,0.000,0,,0,,,,708444,431.49,0
505,1203.822,"Mount",-0.104,-0.037,-0.077,0.079,0.000,0.000,0,,0,,,,720977,422.66,0
506,1206.326,"Mount",-0.291,-0.048,-0.241,0.171,-0.152,0.000,49,E,0,,,,732065,478.04,0
507,1208.466,"Mount",0.046,0.004,0.040,-0.024,0.000,0.000,0,,0,,,,744540,460.03,0
508,1211.065,"Mount",-0.484,0.163,-0.506,0.065,-0.319,0.000,103,E,0,,,,718982,396.39,0
509,1213.234,"Mount",-0.133,0.008,-0.123,0.051,0.000,0.000,0,,0,,,,735236,427.45,0
510,1215.924,"Mount",-0.501,0.015,-0.457,0.207,-0.288,0.207,93,E,43,S,,,739706,446.92,0
511,1218.140,"Mount",0.089,-0.137,0.140,0.085,0.068,0.000,22,W,0,,,,743522,459.33,0
512,1220.596,"Mount",0.340,-0.228,0.406,0.056,0.260,0.000,84,W,0,,,,706202,416.93,0
513,1222.836,"Mount",0.169,-0.160,0.222,0.070,0.158,0.000,51,W,0,,,,762431,445.73,0
514,1225.165,"Mount",0.052,-0.091,0.087,0.059,0.000,0.000,0,,0,,,,726967,443.80,0
515,1227.586,"Mount",-0.218,0.038,-0.213,0.062,-0.134,0.000,44,E,0,,,,706020,434.65,0
516,1229.914,"Mount",-0.111,-0.099,-0.056,0.138,0.000,0.000,0,,0,,,,722915,421.41,0
517,1232.159,"Mount",-0.116,-0.081,-0.069,0.123,0.000,0.000,0,,0,,,,739742,427.02,0
518,1234.676,"Mount",-0.298,0.080,-0.303,0.059,-0.191,0.000,62,E,0,,,,739620,431.45,0
519,1236.830,"Mount",-0.086,0.034,-0.092,0.007,0.000,0.000,0,,0,,,,781340,422.17,0
520,1239.391,"Mount",-0.239,0.166,-0.287,-0.045,-0.181,0.000,59,E,0,,,,749877,392.07,0
521,1241.591,"Mount",0.087,0.021,0.069,-0.057,0.000,0.000,0,,0,,,,745920,440.54,0
522,1244.223,"Mount",0.510,-0.285,0.584,0.032,0.368,0.000,119,W,0,,,,758403,459.59,0
523,1246.580,"Mount",0.370,-0.292,0.461,0.100,0.316,0.000,102,W,0,,,,731865,449.77,0
INFO: SET LOCK POSITION, new lock pos = 43.795, 806.042
INFO: DITHER by 4.885, -0.543, new lock pos = 48.423, 804.386
INFO: SETTLING STATE CHANGE, Settling started
524,1251.012,"Mount",-4.628,1.656,-4.885,0.543,-4.885,0.543,1584,E,114,S,,,732483,424.15,0
525,1253.780,"Mount",1.583,-1.207,1.952,0.390,1.230,0.000,399,W,0,,,,758360,492.99,0
526,1256.188,"Mount",0.282,-0.592,0.513,0.408,0.409,0.000,133,W,0,,,,797944,438.13,0
527,1258.892,"Mount",-1.194,-0.092,-1.032,0.607,-0.622,0.607,202,E,127,S,,,724227,401.09,0
528,1261.138,"Mount",-0.236,-0.030,-0.199,0.131,-0.169,0.000,55,E,0,,,,759813,456.51,0
529,1263.573,"Mount",0.182,0.051,0.142,-0.126,0.077,0.000,25,W,0,,,,733374,440.39,0
530,1265.716,"Mount",0.153,0.133,0.079,-0.187,0.000,0.000,0,,0,,,,733774,409.75,0
531,1268.212,"Mount",0.191,0.078,0.137,-0.154,0.087,0.000,28,W,0,,,,749137,404.96,0
INFO: SETTLING STATE CHANGE, Settling complete
532,1270.386,"Mount",0.009,0.202,-0.080,-0.186,0.000,0.000,0,,0,,,,722788,414.42,0
533,1272.902,"Mount",-0.029,0.228,-0.126,-0.192,0.000,0.000,0,,0,,,,744728,403.79,0
534,1275.226,"Mount",-0.172,0.243,-0.261,-0.143,-0.165,0.000,53,E,0,,,,744454,415.82,0
535,1277.640,"Mount",-0.142,0.119,-0.180,-0.045,-0.125,0.000,40,E,0,,,,734639,474.52,0
536,1279.891,"Mount",-0.206,0.065,-0.214,0.032,-0.144,0.000,47,E,0,,,,731638,416.37,0
537,1282.570,"Mount",0.501,-0.085,0.487,-0.144,0.297,0.000,96,W,0,,,,757196,393.82,0
538,1284.802,"Mount",-0.205,-0.055,-0.160,0.139,-0.080,0.000,26,E,0,,,,776743,441.81,0
539,1287.205,"Mount",-0.204,0.066,-0.213,0.030,-0.140,0.000,45,E,0,,,,732319,427.13,0
540,1289.352,"Mount",0.010,0.026,-0.003,-0.027,0.000,0.000,0,,0,,,,736098,434.02,0
541,1291.926,"Mount",0.271,-0.179,0.322,0.042,0.203,0.000,66,W,0,,,,722293,411.06,0
542,1294.077,"Mount",-0.110,-0.013,-0.093,0.060,0.000,0.000,0,,0,,,,750082,444.88,0
543,1296.630,"Mount",-0.261,0.055,-0.258,0.065,-0.163,0.000,53,E,0,,,,733245,410.94,0
544,1298.853,"Mount",-0.194,-0.017,-0.166,0.101,-0.116,0.000,38,E,0,,,,726242,427.64,0
545,1301.185,"Mount",-0.120,0.020,-0.116,0.035,0.000,0.000,0,,0,,,,745062,439.18,0
546,1303.588,"Mount",-0.268,-0.022,-0.232,0.137,-0.146,0.000,47,E,0,,,,763219,411.57,0
547,1305.946,"Mount",-0.132,0.002,-0.120,0.056,0.000,0.000,0,,0,,,,732448,389.86,0
548,1308.179,"Mount",0.024,-0.117,0.073,0.094,0.000,0.000,0,,0,,,,758468,424.02,0
549,1310.763,"Mount",0.585,-0.216,0.621,-0.062,0.391,0.000,127,W,0,,,,739134,408.44,0
550,1313.028,"Mount",0.205,-0.013,0.190,-0.078,0.147,0.000,48,W,0,,,,755003,459.96,0
551,1315.339,"Mount",-0.145,-0.088,-0.092,0.143,0.000,0.000,0,,0,,,,733140,420.74,0
552,1317.665,"Mount",-0.134,-0.040,-0.103,0.095,0.000,0.000,0,,0,,,,720009,447.96,0
553,1320.172,"Mount",-0.237,0.177,-0.291,-0.055,-0.183,0.000,59,E,0,,,,763650,428.86,0
554,1322.452,"Mount",-0.213,0.083,-0.228,0.019,-0.156,0.000,51,E,0,,,,767970,454.45,0
555,1324.767,"Mount",-0.035,-0.036,-0.015,0.048,0.000,0.000,0,,0,,,,742932,384.10,0
556,1327.000,"Mount",0.035,-0.085,0.069,0.061,0.000,0.000,0,,0,,,,730294,424.06,0
557,1329.391,"Mount",-0.167,-0.056,-0.125,0.123,0.000,0.000,0,,0,,,,745939,437.92,0
558,1331.728,"Mount",-0.109,-0.081,-0.062,0.120,0.000,0.000,0,,0,,,,728550,395.63,0
559,1334.500,"Mount",-0.248,-0.134,-0.164,0.229,-0.103,0.229,33,E,48,S,,,732007,445.07,0
560,1336.900,"Mount",0.061,-0.258,0.168,0.205,0.099,0.205,32,W,43,S,,,733731,425.98,0
561,1339.310,"Mount",-0.177,0.166,-0.232,-0.071,-0.139,0.000,45,E,0,,,,730891,417.70,0
562,1341.502,"Mount",0.001,0.112,-0.049,-0.101,0.000,0.000,0,,0,,,,748957,440.62,0
563,1344.024,"Mount",-0.130,0.239,-0.222,-0.158,-0.140,0.000,45,E,0,,,,738455,448.31,0
564,1346.197,"Mount",0.002,0.157,-0.067,-0.142,0.000,0.000,0,,0,,,,749069,435.90,0
565,1348.677,"Mount",-0.079,0.252,-0.181,-0.192,-0.114,0.000,37,E,0,,,,758747,419.22,0
566,1350.833,"Mount",0.117,0.134,0.046,-0.172,0.000,0.000,0,,0,,,,725648,415.72,0
567,1353.277,"Mount",0.160,0.194,0.059,-0.245,0.000,0.000,0,,0,,,,719737,423.41,0
568,1355.717,"Mount",0.380,-0.062,0.369,-0.111,0.232,0.000,75,W,0,,,,731611,450.08,0
569,1358.116,"Mount",-0.104,0.210,-0.186,-0.143,-0.101,0.000,33,E,0,,,,746896,396.78,0
570,1360.300,"Mount",0.120,0.088,0.069,-0.131,0.000,0.000,0,,0,,,,733000,430.83,0
571,1362.808,"Mount",-0.238,0.184,-0.295,-0.061,-0.186,0.000,60,E,0,,,,758390,433.23,0
572,1364.955,"Mount",-0.014,0.197,-0.099,-0.171,0.000,0.000,0,,0,,,,740056,417.17,0
573,1367.359,"Mount",-0.103,0.068,-0.122,-0.016,0.000,0.000,0,,0,,,,733053,448.11,0
574,1369.633,"Mount",0.120,0.083,0.071,-0.127,0.000,0.000,0,,0,,,,729079,413.87,0
575,1372.158,"Mount",0.374,-0.011,0.341,-0.154,0.215,0.000,70,W,0,,,,758677,447.33,0
576,1374.412,"Mount",0.300,0.037,0.253,-0.165,0.175,0.000,57,W,0,,,,750404,409.02,0
577,1376.828,"Mount",0.222,0.137,0.139,-0.221,0.100,0.000,32,W,0,,,,722901,423.31,0
578,1379.060,"Mount",-0.133,0.082,-0.155,-0.015,-0.091,0.000,29,E,0,,,,732346,418.57,0
579,1381.422,"Mount",-0.071,0.142,-0.126,-0.097,0.000,0.000,0,,0,,,,733074,441.00,0
580,1383.821,"Mount",-0.247,0.261,-0.337,-0.126,-0.212,0.000,69,E,0,,,,764536,440.34,0
581,1386.311,"Mount",-0.077,0.140,-0.130,-0.092,-0.097,0.000,31,E,0,,,,738464,452.83,0
582,1388.456,"Mount",-0.044,0.153,-0.107,-0.119,0.000,0.000,0,,0,,,,730325,472.66,0
583,1390.886,"Mount",0.146,0.208,0.040,-0.251,0.000,0.000,0,,0,,,,759654,409.66,0
584,1393.249,"Mount",0.228,0.022,0.195,-0.120,0.123,0.000,40,W,0,,,,736116,467.13,0
585,1395.696,"Mount",0.300,0.005,0.267,-0.136,0.177,0.000,57,W,0,,,,738192,429.03,0
586,1397.940,"Mount",0.311,-0.010,0.284,-0.128,0.191,0.000,62,W,0,,,,738387,422.80,0
587,1400.266,"Mount",0.091,0.088,0.043,-0.119,0.000,0.000,0,,0,,,,753584,439.38,0
588,1402.507,"Mount",-0.057,0.124,-0.106,-0.086,0.000,0.000,0,,0,,,,740875,407.94,0
589,1404.964,"Mount",0.170,0.017,0.145,-0.090,0.092,0.000,30,W,0,,,,740403,412.85,0
590,1407.211,"Mount",-0.066,0.118,-0.111,-0.077,0.000,0.000,0,,0,,,,762797,462.79,0
591,1409.745,"Mount",0.075,-0.003,0.068,-0.030,0.000,0.000,0,,0,,,,748212,411.40,0
592,1412.007,"Mount",0.034,-0.045,0.051,0.025,0.000,0.000,0,,0,,,,739177,424.75,0
593,1414.527,"Mount",0.186,-0.076,0.200,-0.014,0.126,0.000,41,W,0,,,,736456,424.14,0
594,1416.701,"Mount",0.100,0.016,0.083,-0.058,0.000,0.000,0,,0,,,,751778,448.88,0
595,1419.205,"Mount",0.300,-0.221,0.367,0.067,0.231,0.000,75,W,0,,,,736919,427.02,0
596,1421.366,"Mount",0.085,-0.077,0.111,0.032,0.000,0.000,0,,0,,,,741439,433.16,0
597,1423.817,"Mount",-0.066,0.063,-0.087,-0.028,0.000,0.000,0,,0,,,,759209,416.32,0
598,1426.156,"Mount",-0.200,0.005,-0.182,0.083,-0.114,0.000,37,E,0,,,,719012,424.66,0
599,1428.500,"Mount",-0.063,-0.001,-0.056,0.028,0.000,0.000,0,,0,,,,739823,454.03,0
600,1430.839,"Mount",0.148,-0.090,0.172,0.016,0.109,0.000,35,W,0,,,,761860,432.07,0
601,1433.160,"Mount",-0.072,-0.125,-0.010,0.144,0.000,0.000,0,,0,,,,725438,441.74,0
602,1435.560,"Mount",0.286,-0.070,0.288,-0.063,0.181,0.000,59,W,0,,,,752629,462.80,0
603,1437.963,"Mount",0.195,-0.068,0.205,-0.025,0.142,0.000,46,W,0,,,,758525,426.87,0
604,1440.124,"Mount",0.108,0.112,0.048,-0.148,0.000,0.000,0,,0,,,,722045,377.31,0
605,1442.593,"Mount",-0.228,-0.011,-0.200,0.110,-0.126,0.000,41,E,0,,,,763204,471.41,0
606,1444.750,"Mount",-0.083,-0.022,-0.065,0.056,0.000,0.000,0,,0,,,,750675,416.37,0
607,1447.366,"Mount",-0.565,0.311,-0.644,-0.031,-0.406,0.000,132,E,0,,,,781412,506.94,0
608,1449.619,"Mount",0.131,0.043,0.099,-0.096,0.000,0.000,0,,0,,,,747814,460.32,0
609,1452.095,"Mount",-0.078,0.092,-0.111,-0.048,0.000,0.000,0,,0,,,,759111,457.67,0
610,1454.412,"Mount",0.130,-0.037,0.133,-0.023,0.084,0.000,27,W,0,,,,755273,464.75,0
611,1456.753,"Mount",0.075,-0.058,0.093,0.019,0.000,0.000,0,,0,,,,762098,429.52,0
612,1459.196,"Mount",0.573,-0.224,0.613,-0.051,0.386,0.000,125,W,0,,,,802268,446.35,0
613,1461.562,"Mount",0.076,0.046,0.048,-0.075,0.000,0.000,0,,0,,,,741368,427.56,0
614,1463.966,"Mount",0.407,-0.076,0.399,-0.110,0.251,0.000,82,W,0,,,,739123,378.96,0
615,1466.415,"Mount",-0.266,0.038,-0.256,0.083,-0.143,0.000,47,E,0,,,,744455,413.73,0
616,1468.669,"Mount",-0.180,-0.019,-0.153,0.096,-0.107,0.000,35,E,0,,,,747296,435.14,0
617,1471.115,"Mount",-0.245,-0.024,-0.210,0.129,-0.140,0.000,45,E,0,,,,722003,439.69,0
618,1473.261,"Mount",-0.144,-0.060,-0.103,0.117,0.000,0.000,0,,0,,,,749070,382.16,0
619,1475.809,"Mount",-0.078,-0.200,0.017,0.215,0.000,0.215,0,,45,S,,,741137,446.63,0
620,1477.967,"Mount",0.052,0.003,0.045,-0.026,0.000,0.000,0,,0,,,,738490,441.60,0
621,1480.378,"Mount",0.037,-0.000,0.033,-0.016,0.000,0.000,0,,0,,,,751367,467.83,0
622,1482.604,"Mount",0.065,-0.138,0.119,0.096,0.000,0.000,0,,0,,,,738667,386.33,0
623,1485.005,"Mount",-0.057,-0.006,-0.048,0.030,0.000,0.000,0,,0,,,,752958,418.09,0
624,1487.247,"Mount",-0.112,0.011,-0.106,0.039,0.000,0.000,0,,0,,,,791186,483.22,0
625,1489.869,"Mount",-0.543,0.379,-0.654,-0.102,-0.412,0.000,134,E,0,,,,771242,416.75,0
626,1492.045,"Mount",0.063,-0.078,0.091,0.042,0.000,0.000,0,,0,,,,753256,410.51,0
627,1494.520,"Mount",0.201,0.020,0.172,-0.106,0.108,0.000,35,W,0,,,,733015,448.80,0
628,1496.703,"Mount",0.015,-0.038,0.030,0.028,0.000,0.000,0,,0,,,,735104,404.33,0
629,1499.196,"Mount",0.189,0.009,0.166,-0.091,0.105,0.000,34,W,0,,,,757397,427.37,0
630,1501.416,"Mount",0.049,0.015,0.038,-0.035,0.000,0.000,0,,0,,,,738516,451.52,0
631,1503.934,"Mount",0.183,-0.039,0.181,-0.045,0.114,0.000,37,W,0,,,,733893,462.65,0
632,1506.111,"Mount",-0.113,-0.095,-0.060,0.135,0.000,0.000,0,,0,,,,751034,463.74,0
633,1508.522,"Mount",-0.081,0.049,-0.094,-0.009,0.000,0.000,0,,0,,,,746127,429.50,0
634,1510.965,"Mount",-0.629,0.272,-0.685,0.031,-0.431,0.000,140,E,0,,,,752947,439.00,0
635,1513.289,"Mount",-0.126,-0.084,-0.076,0.131,0.000,0.000,0,,0,,,,765959,411.88,0
636,1515.572,"Mount",-0.137,-0.036,-0.108,0.093,0.000,0.000,0,,0,,,,731885,384.60,0
637,1517.972,"Mount",0.079,-0.069,0.101,0.027,0.000,0.000,0,,0,,,,739775,415.94,0
638,1520.320,"Mount",0.277,-0.009,0.253,-0.113,0.159,0.000,52,W,0,,,,756193,477.09,0
639,1522.765,"Mount",0.273,-0.285,0.370,0.136,0.244,0.000,79,W,0,,,,748865,438.25,0
640,1525.021,"Mount",0.359,-0.120,0.375,-0.050,0.253,0.000,82,W,0,,,,753120,481.84,0
641,1527.333,"Mount",-0.110,-0.061,-0.072,0.103,0.000,0.000,0,,0,,,,734991,412.55,0
642,1529.748,"Mount",-0.451,0.051,-0.428,0.152,-0.270,0.000,87,E,0,,,,730607,422.99,0
643,1532.194,"Mount",-0.062,-0.006,-0.053,0.033,0.000,0.000,0,,0,,,,738716,470.36,0
644,1534.645,"Mount",-0.545,0.041,-0.508,0.202,-0.320,0.202,104,E,42,S,,,748571,438.67,0
645,1536.954,"Mount",0.128,0.022,0.106,-0.076,0.000,0.000,0,,0,,,,737688,420.49,0
646,1539.209,"Mount",0.095,0.012,0.081,-0.053,0.000,0.000,0,,0,,,,747782,448.26,0
647,1541.772,"Mount",0.450,-0.083,0.440,-0.123,0.277,0.000,90,W,0,,,,739536,413.81,0
648,1544.076,"Mount",0.396,-0.001,0.356,-0.173,0.244,0.000,79,W,0,,,,750240,460.84,0
649,1546.425,"Mount",0.071,-0.050,0.085,0.014,0.000,0.000,0,,0,,,,740755,424.16,0
650,1548.778,"Mount",0.276,-0.087,0.286,-0.043,0.180,0.000,58,W,0,,,,733391,372.51,0
651,1551.188,"Mount",-0.153,0.061,-0.164,0.013,-0.091,0.000,29,E,0,,,,734821,420.24,0
652,1553.434,"Mount",0.119,0.049,0.085,-0.096,0.000,0.000,0,,0,,,,743358,401.07,0
653,1555.943,"Mount",-0.160,0.197,-0.231,-0.107,-0.145,0.000,47,E,0,,,,744804,408.16,0
654,1558.124,"Mount",0.076,0.055,0.044,-0.083,0.000,0.000,0,,0,,,,750887,446.62,0
655,1560.520,"Mount",0.019,0.088,-0.022,-0.087,0.000,0.000,0,,0,,,,765802,421.55,0
656,1562.767,"Mount",0.115,0.053,0.080,-0.098,0.000,0.000,0,,0,,,,735562,423.53,0
657,1565.369,"Mount",0.184,-0.083,0.202,-0.006,0.127,0.000,41,W,0,,,,743876,363.62,0
658,1567.600,"Mount",0.002,0.081,-0.034,-0.073,0.000,0.000,0,,0,,,,727145,431.60,0
659,1570.094,"Mount",-0.172,0.093,-0.195,-0.008,-0.123,0.000,40,E,0,,,,747083,419.46,0
660,1572.240,"Mount",-0.124,-0.006,-0.109,0.060,0.000,0.000,0,,0,,,,732717,437.01,0
661,1574.732,"Mount",-0.263,0.145,-0.300,-0.015,-0.189,0.000,61,E,0,,,,715859,429.51,0
662,1577.004,"Mount",-0.349,0.246,-0.422,-0.068,-0.279,0.000,91,E,0,,,,751826,447.78,0
663,1579.453,"Mount",-0.120,0.073,-0.140,-0.013,-0.108,0.000,35,E,0,,,,758251,458.16,0
664,1581.799,"Mount",0.407,-0.028,0.377,-0.153,0.230,0.000,75,W,0,,,,747476,433.12,0
665,1584.120,"Mount",0.039,0.034,0.020,-0.048,0.000,0.000,0,,0,,,,724916,460.67,0
666,1586.428,"Mount",0.181,-0.021,0.172,-0.061,0.109,0.000,35,W,0,,,,746148,459.61,0
667,1588.832,"Mount",-0.089,0.211,-0.173,-0.150,-0.101,0.000,33,E,0,,,,762302,425.03,0
668,1591.093,"Mount",0.363,0.034,0.311,-0.190,0.189,0.000,61,W,0,,,,761929,424.02,0
669,1593.554,"Mount",-0.206,0.074,-0.217,0.024,-0.124,0.000,40,E,0,,,,721899,386.19,0
670,1595.785,"Mount",-0.086,0.166,-0.150,-0.111,-0.103,0.000,34,E,0,,,,752625,393.03,0
671,1598.220,"Mount",-0.216,0.016,-0.201,0.081,-0.134,0.000,43,E,0,,,,766818,485.41,0
672,1600.509,"Mount",-0.272,0.042,-0.263,0.082,-0.175,0.000,57,E,0,,,,751262,479.39,0
673,1602.833,"Mount",0.023,-0.036,0.036,0.023,0.000,0.000,0,,0,,,,749033,464.90,0
674,1605.073,"Mount",-0.037,-0.129,0.023,0.132,0.000,0.000,0,,0,,,,724415,431.58,0
675,1607.501,"Mount",0.049,-0.053,0.068,0.026,0.000,0.000,0,,0,,,,739407,416.77,0
676,1609.958,"Mount",0.506,-0.173,0.531,-0.067,0.334,0.000,108,W,0,,,,759909,435.65,0
677,1612.297,"Mount",0.034,-0.119,0.083,0.092,0.000,0.000,0,,0,,,,731270,419.04,0
678,1614.720,"Mount",0.304,-0.100,0.317,-0.044,0.200,0.000,65,W,0,,,,736942,445.96,0
679,1617.047,"Mount",-0.136,0.016,-0.129,0.045,0.000,0.000,0,,0,,,,707190,392.64,0
680,1619.405,"Mount",-0.218,-0.080,-0.161,0.167,-0.101,0.000,33,E,0,,,,745953,420.12,0
681,1621.782,"Mount",0.121,-0.071,0.140,0.010,0.081,0.000,26,W,0,,,,734740,409.60,0
682,1624.144,"Mount",-0.272,-0.105,-0.198,0.213,-0.119,0.213,39,E,45,S,,,762364,404.52,0
683,1626.621,"Mount",-0.179,-0.001,-0.160,0.079,-0.109,0.000,35,E,0,,,,749690,480.13,0
684,1628.765,"Mount",-0.054,-0.070,-0.018,0.086,0.000,0.000,0,,0,,,,741143,405.43,0
685,1631.182,"Mount",0.138,0.024,0.114,-0.082,0.000,0.000,0,,0,,,,759279,441.11,0
686,1633.454,"Mount",0.032,-0.021,0.038,0.005,0.000,0.000,0,,0,,,,737795,443.60,0
687,1635.953,"Mount",0.051,-0.060,0.072,0.032,0.000,0.000,0,,0,,,,754405,415.35,0
688,1638.197,"Mount",-0.101,0.005,-0.093,0.040,0.000,0.000,0,,0,,,,772522,472.03,0
689,1640.682,"Mount",-0.165,0.054,-0.172,0.024,-0.109,0.000,35,E,0,,,,760578,448.39,0
690,1642.829,"Mount",-0.132,-0.035,-0.103,0.089,0.000,0.000,0,,0,,,,736498,421.46,0
691,1645.259,"Mount",-0.042,-0.041,-0.020,0.055,0.000,0.000,0,,0,,,,761817,450.81,0
692,1647.695,"Mount",-0.158,0.019,-0.151,0.052,-0.095,0.000,31,E,0,,,,751962,454.56,0
693,1650.021,"Mount",0.008,0.059,-0.019,-0.057,0.000,0.000,0,,0,,,,744439,453.88,0
694,1652.297,"Mount",-0.109,0.057,-0.123,-0.003,0.000,0.000,0,,0,,,,750541,444.35,0
695,1654.720,"Mount",0.026,0.077,-0.011,-0.081,0.000,0.000,0,,0,,,,750031,442.90,0
696,1656.954,"Mount",0.008,-0.044,0.026,0.036,0.000,0.000,0,,0,,,,729138,431.06,0
697,1659.590,"Mount",0.257,-0.236,0.334,0.099,0.210,0.000,68,W,0,,,,737536,389.22,0
698,1661.836,"Mount",-0.300,-0.044,-0.250,0.171,-0.143,0.000,46,E,0,,,,747982,416.44,0
699,1664.174,"Mount",-0.103,-0.050,-0.070,0.091,0.000,0.000,0,,0,,,,740925,466.44,0
700,1666.517,"Mount",-0.137,0.025,-0.134,0.037,-0.084,0.000,27,E,0,,,,720372,445.31,0
701,1669.020,"Mount",0.096,-0.282,0.210,0.211,0.127,0.211,41,W,44,S,,,735511,422.49,0
702,1671.277,"Mount",0.185,0.065,0.138,-0.139,0.096,0.000,31,W,0,,,,740398,406.53,0
703,1673.668,"Mount",0.111,0.045,0.080,-0.089,0.000,0.000,0,,0,,,,754175,428.63,0
704,1676.032,"Mount",0.206,0.062,0.159,-0.146,0.100,0.000,32,W,0,,,,743546,406.41,0
705,1678.431,"Mount",-0.120,0.150,-0.174,-0.082,-0.103,0.000,33,E,0,,,,746294,475.49,0
706,1680.576,"Mount",0.052,0.128,-0.010,-0.138,0.000,0.000,0,,0,,,,735757,391.67,0
707,1682.994,"Mount",-0.034,0.124,-0.085,-0.096,0.000,0.000,0,,0,,,,746061,465.20,0
708,1685.339,"Mount",-0.021,0.295,-0.148,-0.256,-0.093,0.000,30,E,0,,,,737605,430.15,0
709,1687.755,"Mount",-0.062,0.048,-0.077,-0.016,0.000,0.000,0,,0,,,,748811,396.34,0
710,1690.078,"Mount",0.022,0.030,0.006,-0.037,0.000,0.000,0,,0,,,,733496,392.04,0
711,1692.477,"Mount",0.128,0.117,0.064,-0.162,0.000,0.000,0,,0,,,,734327,426.53,0
712,1694.814,"Mount",0.287,-0.094,0.299,-0.041,0.188,0.000,61,W,0,,,,736583,393.15,0
713,1697.217,"Mount",0.232,0.057,0.183,-0.153,0.129,0.000,42,W,0,,,,741010,381.01,0
714,1699.595,"Mount",0.442,0.146,0.333,-0.325,0.219,0.000,71,W,0,,,,784308,428.47,0
715,1702.008,"Mount",-0.203,0.189,-0.265,-0.080,-0.152,0.000,49,E,0,,,,711221,375.29,0
716,1704.169,"Mount",0.147,0.130,0.075,-0.181,0.000,0.000,0,,0,,,,733717,429.80,0
717,1706.662,"Mount",0.034,0.063,0.003,-0.071,0.000,0.000,0,,0,,,,724358,475.48,0
718,1709.036,"Mount",0.249,0.075,0.191,-0.177,0.120,0.000,39,W,0,,,,750557,420.56,0
719,1711.537,"Mount",-0.104,0.265,-0.209,-0.193,-0.124,0.000,40,E,0,,,,732254,428.92,0
720,1713.772,"Mount",0.268,0.150,0.175,-0.253,0.102,0.000,33,W,0,,,,744195,415.30,0
721,1716.105,"Mount",0.171,0.106,0.107,-0.170,0.000,0.000,0,,0,,,,744277,453.90,0
722,1718.445,"Mount",0.306,-0.096,0.318,-0.048,0.200,0.000,65,W,0,,,,732156,443.11,0
723,1720.987,"Mount",0.267,0.021,0.231,-0.136,0.160,0.000,52,W,0,,,,756502,412.80,0
724,1723.146,"Mount",0.151,0.135,0.076,-0.188,0.000,0.000,0,,0,,,,738002,396.18,0
725,1725.644,"Mount",0.186,-0.002,0.168,-0.080,0.106,0.000,34,W,0,,,,749221,411.51,0
726,1727.807,"Mount",0.002,0.075,-0.031,-0.068,0.000,0.000,0,,0,,,,738212,422.08,0
727,1730.307,"Mount",0.197,-0.054,0.201,-0.039,0.127,0.000,41,W,0,,,,726754,454.25,0
728,1732.532,"Mount",-0.155,0.042,-0.158,0.030,-0.090,0.000,29,E,0,,,,767308,415.60,0
729,1734.871,"Mount",0.036,-0.026,0.044,0.008,0.000,0.000,0,,0,,,,728381,424.70,0
730,1737.180,"Mount",-0.132,0.085,-0.156,-0.019,-0.098,0.000,32,E,0,,,,719808,407.14,0
731,1739.764,"Mount",0.149,-0.074,0.166,0.001,0.098,0.000,32,W,0,,,,741070,410.43,0
732,1742.044,"Mount",0.142,-0.048,0.149,-0.019,0.101,0.000,33,W,0,,,,750808,474.90,0
733,1744.393,"Mount",-0.149,-0.018,-0.126,0.081,0.000,0.000,0,,0,,,,747777,407.03,0
734,1746.650,"Mount",-0.038,-0.003,-0.033,0.019,0.000,0.000,0,,0,,,,735623,388.63,0
735,1749.070,"Mount",0.065,0.109,0.010,-0.126,0.000,0.000,0,,0,,,,719402,407.19,0
736,1751.448,"Mount",-0.307,0.288,-0.403,-0.124,-0.254,0.000,82,E,0,,,,743546,386.72,0
737,1753.843,"Mount",0.083,0.046,0.055,-0.077,0.000,0.000,0,,0,,,,737518,423.62,0
738,1756.162,"Mount",0.054,0.028,0.037,-0.049,0.000,0.000,0,,0,,,,746997,405.87,0
739,1758.671,"Mount",0.259,-0.076,0.266,-0.046,0.168,0.000,54,W,0,,,,738335,452.95,0
740,1760.837,"Mount",0.000,0.029,-0.012,-0.026,0.000,0.000,0,,0,,,,755522,452.00,0
741,1763.346,"Mount",0.210,-0.316,0.328,0.192,0.206,0.000,67,W,0,,,,744340,446.41,0
742,1765.517,"Mount",-0.022,-0.126,0.036,0.123,0.000,0.000,0,,0,,,,729107,405.63,0
743,1767.947,"Mount",0.006,0.083,-0.031,-0.078,0.000,0.000,0,,0,,,,745216,406.15,0
744,1770.284,"Mount",-0.239,0.198,-0.301,-0.073,-0.190,0.000,62,E,0,,,,720904,412.49,0
745,1772.594,"Mount",-0.079,-0.000,-0.071,0.035,0.000,0.000,0,,0,,,,740944,395.42,0
746,1774.932,"Mount",-0.234,0.077,-0.244,0.033,-0.154,0.000,50,E,0,,,,713058,427.29,0
747,1777.355,"Mount",-0.195,0.234,-0.278,-0.125,-0.186,0.000,60,E,0,,,,753603,409.69,0
748,1779.628,"Mount",-0.184,0.031,-0.179,0.053,-0.126,0.000,41,E,0,,,,754094,410.05,0
749,1782.036,"Mount",0.094,-0.159,0.155,0.102,0.089,0.000,29,W,0,,,,752784,439.87,0
750,1784.223,"Mount",-0.096,-0.038,-0.069,0.077,0.000,0.000,0,,0,,,,733275,415.06,0
751,1786.692,"Mount",-0.106,-0.019,-0.087,0.063,0.000,0.000,0,,0,,,,722203,425.23,0
752,1789.078,"Mount",-0.309,-0.078,-0.244,0.206,-0.154,0.206,50,E,43,S,,,756405,415.66,0
753,1791.558,"Mount",0.036,0.060,0.006,-0.070,0.000,0.000,0,,0,,,,755901,496.04,0
754,1793.825,"Mount",-0.017,0.092,-0.056,-0.075,0.000,0.000,0,,0,,,,748525,453.04,0
755,1796.332,"Mount",-0.269,0.124,-0.296,0.007,-0.187,0.000,61,E,0,,,,760558,404.76,0
756,1798.485,"Mount",0.085,0.144,0.013,-0.167,0.000,0.000,0,,0,,,,744578,450.92,0
757,1801.012,"Mount",-0.183,0.199,-0.252,-0.098,-0.159,0.000,52,E,0,,,,744281,452.27,0
758,1803.246,"Mount",-0.190,0.099,-0.214,-0.006,-0.146,0.000,47,E,0,,,,721818,422.95,0
759,1805.678,"Mount",-0.262,-0.054,-0.212,0.164,-0.144,0.000,47,E,0,,,,751020,440.22,0
760,1807.928,"Mount",0.144,-0.086,0.167,0.014,0.095,0.000,31,W,0,,,,729269,459.38,0
761,1810.348,"Mount",-0.265,0.137,-0.298,-0.006,-0.181,0.000,59,E,0,,,,778825,442.95,0
762,1812.537,"Mount",-0.111,-0.036,-0.084,0.081,0.000,0.000,0,,0,,,,750572,436.68,0
763,1815.026,"Mount",-0.180,0.120,-0.214,-0.029,-0.135,0.000,44,E,0,,,,742942,418.48,0
764,1817.276,"Mount",-0.250,0.169,-0.299,-0.043,-0.198,0.000,64,E,0,,,,741481,438.06,0
765,1819.741,"Mount",0.295,-0.084,0.302,-0.054,0.177,0.000,57,W,0,,,,752867,419.10,0
766,1822.030,"Mount",0.211,0.041,0.171,-0.129,0.120,0.000,39,W,0,,,,745831,430.09,0
767,1824.445,"Mount",-0.152,-0.184,-0.056,0.232,0.000,0.232,0,,49,S,,,750558,396.61,0
768,1826.656,"Mount",-0.044,0.000,-0.040,0.019,0.000,0.000,0,,0,,,,731911,424.06,0
769,1829.343,"Mount",-0.677,0.464,-0.812,-0.120,-0.512,0.000,166,E,0,,,,746918,412.30,0
770,1831.663,"Mount",-0.214,0.222,-0.290,-0.106,-0.218,0.000,71,E,0,,,,744813,457.74,0
771,1833.998,"Mount",0.010,-0.024,0.019,0.017,0.000,0.000,0,,0,,,,748557,423.27,0
772,1836.337,"Mount",-0.168,0.139,-0.212,-0.052,-0.134,0.000,43,E,0,,,,730566,458.56,0
773,1838.643,"Mount",-0.043,0.203,-0.128,-0.164,0.000,0.000,0,,0,,,,765888,452.15,0
774,1840.929,"Mount",-0.031,0.090,-0.067,-0.067,0.000,0.000,0,,0,,,,760660,444.79,0
775,1843.398,"Mount",0.021,0.043,-0.000,-0.048,0.000,0.000,0,,0,,,,739853,433.08,0
776,1845.813,"Mount",0.221,0.130,0.142,-0.213,0.089,0.000,29,W,0,,,,736579,436.34,0
777,1848.220,"Mount",0.387,0.154,0.280,-0.308,0.183,0.000,59,W,0,,,,754758,400.32,0
778,1850.464,"Mount",0.190,0.033,0.156,-0.113,0.111,0.000,36,W,0,,,,767208,475.95,0
779,1852.853,"Mount",-0.212,0.125,-0.245,-0.019,-0.147,0.000,48,E,0,,,,766128,464.10,0
780,1855.105,"Mount",-0.133,0.068,-0.150,-0.003,-0.105,0.000,34,E,0,,,,732369,397.20,0
781,1857.427,"Mount",-0.085,0.074,-0.108,-0.029,0.000,0.000,0,,0,,,,734020,430.73,0
782,1859.692,"Mount",-0.051,-0.023,-0.036,0.043,0.000,0.000,0,,0,,,,761208,475.63,0
783,1862.189,"Mount",-0.208,-0.007,-0.184,0.097,-0.116,0.000,37,E,0,,,,736403,399.77,0
784,1864.441,"Mount",-0.016,-0.028,-0.002,0.032,0.000,0.000,0,,0,,,,729554,419.96,0
785,1866.875,"Mount",0.062,-0.032,0.070,0.002,0.000,0.000,0,,0,,,,733470,411.24,0
786,1869.160,"Mount",-0.058,0.127,-0.108,-0.088,0.000,0.000,0,,0,,,,757719,458.31,0
787,1871.757,"Mount",-0.155,0.153,-0.206,-0.070,-0.130,0.000,42,E,0,,,,782791,431.10,0
788,1873.968,"Mount",-0.018,0.127,-0.072,-0.106,0.000,0.000,0,,0,,,,765304,419.63,0
789,1876.581,"Mount",-0.306,0.063,-0.302,0.078,-0.190,0.000,62,E,0,,,,777165,465.78,0
INFO: SET LOCK POSITION, new lock pos = 48.423, 804.386
INFO: DITHER by -3.809, -4.953, new lock pos = 47.174, 810.508
INFO: SETTLING STATE CHANGE, Settling started
790,1881.500,"Mount",1.249,-6.122,3.809,4.953,3.809,4.953,1235,W,1040,S,,,750968,386.87,0
791,1884.548,"Mount",-2.464,0.193,-2.298,0.908,-1.448,0.908,470,E,191,S,,,748826,439.62,0
792,1886.992,"Mount",-0.493,0.176,-0.520,0.058,-0.429,0.000,139,E,0,,,,799844,474.93,0
793,1889.506,"Mount",0.769,0.012,0.685,-0.348,0.402,0.000,130,W,0,,,,740517,467.44,0
794,1891.794,"Mount",0.381,0.195,0.257,-0.343,0.190,0.000,62,W,0,,,,761734,446.53,0
795,1894.252,"Mount",-0.441,0.363,-0.556,-0.133,-0.337,0.000,109,E,0,,,,746226,437.31,0
796,1896.660,"Mount",-0.784,0.615,-0.974,-0.209,-0.637,0.000,207,E,0,,,,725379,427.93,0
797,1899.040,"Mount",0.383,0.269,0.226,-0.410,0.098,0.000,32,W,0,,,,746788,462.48,0
798,1901.332,"Mount",-0.288,0.362,-0.418,-0.199,-0.256,0.000,83,E,0,,,,734021,445.73,0
INFO: SETTLING STATE CHANGE, Settling complete
799,1903.652,"Mount",0.237,0.222,0.116,-0.304,0.000,0.000,0,,0,,,,748555,464.74,0
800,1907.476,"Mount",0.165,0.200,0.061,-0.252,0.000,-0.252,0,,1348,N,,,742078,432.31,0
801,1909.976,"Mount",0.538,-0.221,0.580,-0.038,0.366,0.000,119,W,0,,,,746951,409.03,0
802,1912.238,"Mount",0.280,-0.208,0.343,0.064,0.241,0.000,78,W,0,,,,747844,408.99,0
803,1914.627,"Mount",-0.170,0.053,-0.176,0.027,-0.094,0.000,30,E,0,,,,736302,448.82,0
804,1916.786,"Mount",-0.112,-0.020,-0.092,0.067,0.000,0.000,0,,0,,,,726079,422.26,0
805,1919.408,"Mount",-0.409,0.235,-0.471,-0.032,-0.297,0.000,96,E,0,,,,746178,423.18,0
806,1921.599,"Mount",0.098,-0.004,0.090,-0.039,0.000,0.000,0,,0,,,,753851,436.76,0
807,1924.027,"Mount",-0.101,0.070,-0.121,-0.018,0.000,0.000,0,,0,,,,712273,408.17,0
808,1926.261,"Mount",0.011,-0.086,0.048,0.073,0.000,0.000,0,,0,,,,771627,423.31,0
809,1928.665,"Mount",-0.138,-0.029,-0.111,0.087,0.000,0.000,0,,0,,,,753927,421.94,0
810,1931.053,"Mount",0.270,-0.145,0.306,0.012,0.193,0.000,63,W,0,,,,728902,447.02,0
811,1933.578,"Mount",-0.354,0.020,-0.326,0.138,-0.192,0.000,62,E,0,,,,720401,411.95,0
812,1935.749,"Mount",-0.016,-0.004,-0.013,0.011,0.000,0.000,0,,0,,,,738434,435.32,0
813,1938.158,"Mount",-0.122,-0.031,-0.096,0.081,0.000,0.000,0,,0,,,,724325,423.75,0
814,1940.479,"Mount",-0.189,-0.007,-0.167,0.089,-0.105,0.000,34,E,0,,,,753213,443.03,0
815,1942.948,"Mount",-0.579,0.106,-0.567,0.159,-0.364,0.000,118,E,0,,,,730430,466.31,0
816,1945.085,"Mount",-0.222,-0.178,-0.121,0.258,0.000,0.000,0,,0,,,,730871,409.49,0
817,1947.692,"Mount",0.077,-0.153,0.136,0.103,0.086,0.000,28,W,0,,,,736270,423.98,0
818,1949.876,"Mount",-0.004,-0.103,0.042,0.094,0.000,0.000,0,,0,,,,750444,441.52,0
819,1952.297,"Mount",0.070,-0.122,0.116,0.079,0.000,0.000,0,,0,,,,720679,419.36,0
820,1954.612,"Mount",0.081,-0.208,0.164,0.151,0.104,0.000,34,W,0,,,,742553,456.69,0
821,1957.029,"Mount",-0.166,0.058,-0.175,0.021,-0.103,0.000,33,E,0,,,,725054,415.89,0
822,1959.269,"Mount",-0.310,-0.037,-0.262,0.169,-0.172,0.000,56,E,0,,,,749115,432.74,0
823,1961.609,"Mount",0.036,-0.025,0.043,0.007,0.000,0.000,0,,0,,,,757506,476.28,0
824,1963.843,"Mount",-0.140,-0.085,-0.089,0.137,0.000,0.000,0,,0,,,,726104,421.73,0
825,1966.288,"Mount",-0.188,-0.098,-0.126,0.170,0.000,0.000,0,,0,,,,722244,399.27,0
826,1968.520,"Mount",-0.073,-0.121,-0.012,0.141,0.000,0.000,0,,0,,,,710876,434.58,0
827,1971.042,"Mount",0.178,-0.199,0.248,0.101,0.156,0.000,51,W,0,,,,726338,452.11,0
828,1973.269,"Mount",0.146,-0.011,0.136,-0.054,0.097,0.000,31,W,0,,,,704716,416.23,0
829,1975.646,"Mount",-0.091,-0.192,0.003,0.212,0.000,0.000,0,,0,,,,759224,432.29,0
830,1978.004,"Mount",-0.335,-0.059,-0.275,0.200,-0.173,0.000,56,E,0,,,,736854,442.58,0
831,1980.321,"Mount",-0.091,-0.053,-0.058,0.088,0.000,0.000,0,,0,,,,748465,430.01,0
832,1982.641,"Mount",-0.291,-0.089,-0.222,0.208,-0.140,0.000,45,E,0,,,,744512,489.71,0
833,1984.977,"Mount",-0.133,-0.124,-0.065,0.170,0.000,0.000,0,,0,,,,739729,463.02,0
834,1988.828,"Mount",-0.452,-0.061,-0.380,0.253,-0.239,0.253,78,E,1348,S,,,741090,443.75,0
835,1992.972,"Mount",1.101,0.566,0.741,-0.992,0.450,-0.992,146,W,1503,N,,,743812,429.55,0
836,1995.587,"Mount",0.421,0.147,0.314,-0.316,0.229,-0.316,74,W,66,N,,,738013,404.00,0
837,1997.996,"Mount",0.403,0.103,0.317,-0.270,0.216,-0.270,70,W,57,N,,,750870,432.45,0
838,2000.436,"Mount",-0.260,0.348,-0.386,-0.198,-0.228,0.000,74,E,0,,,,764084,457.70,0
839,2002.748,"Mount",0.311,0.204,0.190,-0.319,0.104,-0.319,34,W,67,N,,,735020,416.96,0
840,2005.148,"Mount",-0.259,0.186,-0.315,-0.053,-0.191,0.000,62,E,0,,,,743253,437.68,0
841,2007.557,"Mount",0.344,0.154,0.242,-0.290,0.139,-0.290,45,W,61,N,,,749685,408.72,0
842,2009.912,"Mount",-0.008,-0.049,0.014,0.047,0.000,0.000,0,,0,,,,724512,425.55,0
843,2012.269,"Mount",0.145,-0.109,0.178,0.034,0.112,0.000,36,W,0,,,,735503,469.96,0
844,2014.716,"Mount",0.078,-0.147,0.134,0.098,0.093,0.000,30,W,0,,,,735060,448.96,0
845,2016.975,"Mount",0.180,-0.033,0.177,-0.049,0.118,0.000,38,W,0,,,,757734,440.27,0
846,2019.298,"Mount",0.023,0.032,0.006,-0.039,0.000,0.000,0,,0,,,,769915,462.31,0
847,2021.746,"Mount",-0.223,-0.086,-0.163,0.175,-0.102,0.000,33,E,0,,,,743146,458.60,0
848,2024.177,"Mount",-0.125,0.099,-0.156,-0.034,-0.105,0.000,34,E,0,,,,769301,403.03,0
849,2026.344,"Mount",-0.075,0.036,-0.083,0.000,0.000,0.000,0,,0,,,,770757,461.63,0
850,2028.758,"Mount",-0.052,-0.139,0.014,0.147,0.000,0.000,0,,0,,,,737040,421.56,0
851,2031.165,"Mount",0.112,-0.362,0.259,0.276,0.163,0.000,53,W,0,,,,731787,423.86,0
852,2033.569,"Mount",-0.023,-0.120,0.032,0.118,0.000,0.000,0,,0,,,,759337,431.57,0
853,2035.967,"Mount",0.120,-0.184,0.188,0.113,0.119,0.000,38,W,0,,,,725442,454.23,0
854,2038.273,"Mount",-0.037,-0.024,-0.023,0.038,0.000,0.000,0,,0,,,,744882,429.29,0
855,2040.753,"Mount",-0.212,0.120,-0.243,-0.015,-0.153,0.000,50,E,0,,,,781172,460.07,0
856,2043.087,"Mount",0.043,-0.090,0.078,0.062,0.000,0.000,0,,0,,,,732310,409.98,0
857,2045.390,"Mount",-0.218,0.049,-0.217,0.051,-0.137,0.000,44,E,0,,,,733078,477.61,0
858,2047.788,"Mount",-0.221,-0.148,-0.134,0.230,-0.094,0.000,30,E,0,,,,746958,415.12,0
859,2050.074,"Mount",-0.423,-0.021,-0.370,0.204,-0.240,0.000,78,E,0,,,,728888,443.53,0
860,2053.894,"Mount",-0.338,-0.159,-0.234,0.291,-0.164,0.291,53,E,1356,S,,,732576,397.75,0
861,2056.059,"Mount",-0.110,-0.075,-0.066,0.116,0.000,0.000,0,,0,,,,729620,450.51,0
862,2058.612,"Mount",0.598,-0.208,0.629,-0.075,0.396,0.000,129,W,0,,,,735297,426.55,0
863,2060.775,"Mount",0.092,-0.035,0.098,-0.009,0.000,0.000,0,,0,,,,746174,456.00,0
864,2063.277,"Mount",0.335,-0.045,0.321,-0.106,0.202,0.000,66,W,0,,,,724334,447.20,0
865,2065.438,"Mount",-0.053,0.025,-0.058,0.001,0.000,0.000,0,,0,,,,731854,406.11,0
866,2067.980,"Mount",-0.332,0.175,-0.375,-0.011,-0.236,0.000,77,E,0,,,,739896,411.07,0
867,2070.244,"Mount",-0.242,0.182,-0.297,-0.057,-0.204,0.000,66,E,0,,,,727129,445.55,0
868,2072.550,"Mount",-0.028,-0.081,0.010,0.085,0.000,0.000,0,,0,,,,755345,406.97,0
869,2074.787,"Mount",0.058,-0.062,0.080,0.030,0.000,0.000,0,,0,,,,751671,474.64,0
870,2077.271,"Mount",-0.184,0.073,-0.197,0.015,-0.124,0.000,40,E,0,,,,732803,416.66,0
871,2079.445,"Mount",-0.042,0.005,-0.040,0.014,0.000,0.000,0,,0,,,,737891,430.08,0
872,2081.903,"Mount",-0.104,-0.084,-0.057,0.121,0.000,0.000,0,,0,,,,740821,446.27,0
873,2084.222,"Mount",-0.187,-0.025,-0.157,0.104,-0.099,0.000,32,E,0,,,,720679,439.76,0
874,2086.673,"Mount",0.008,-0.021,0.016,0.016,0.000,0.000,0,,0,,,,734509,407.07,0
875,2088.896,"Mount",-0.118,-0.025,-0.095,0.074,0.000,0.000,0,,0,,,,762699,444.42,0
876,2091.570,"Mount",-0.671,0.206,-0.693,0.110,-0.437,0.000,142,E,0,,,,737140,443.82,0
877,2093.734,"Mount",-0.028,-0.093,0.016,0.096,0.000,0.000,0,,0,,,,747584,421.64,0
878,2096.304,"Mount",0.158,-0.120,0.194,0.039,0.122,0.000,40,W,0,,,,726609,430.58,0
879,2098.466,"Mount",0.059,0.023,0.043,-0.047,0.000,0.000,0,,0,,,,729521,478.70,0
880,2100.919,"Mount",0.025,0.012,0.017,-0.022,0.000,0.000,0,,0,,,,748621,417.52,0
881,2103.308,"Mount",0.198,-0.081,0.214,-0.015,0.135,0.000,44,W,0,,,,708746,424.66,0
882,2105.736,"Mount",-0.220,0.017,-0.205,0.081,-0.120,0.000,39,E,0,,,,769085,422.54,0
883,2107.887,"Mount",0.070,0.017,0.056,-0.046,0.000,0.000,0,,0,,,,742158,437.93,0
884,2110.452,"Mount",-0.367,0.371,-0.493,-0.172,-0.310,0.000,101,E,0,,,,766980,452.66,0
885,2112.592,"Mount",-0.074,0.041,-0.084,-0.005,0.000,0.000,0,,0,,,,748690,448.77,0
886,2115.076,"Mount",-0.283,0.043,-0.273,0.086,-0.172,0.000,56,E,0,,,,751203,445.82,0
887,2117.219,"Mount",0.113,0.038,0.085,-0.083,0.000,0.000,0,,0,,,,758508,434.14,0
888,2119.732,"Mount",0.214,-0.103,0.237,-0.001,0.150,0.000,48,W,0,,,,714926,425.59,0
889,2121.964,"Mount",0.137,-0.154,0.190,0.079,0.130,0.000,42,W,0,,,,719244,425.12,0
890,2124.356,"Mount",0.099,-0.138,0.150,0.081,0.104,0.000,34,W,0,,,,721078,367.18,0
891,2126.584,"Mount",-0.149,-0.102,-0.089,0.157,0.000,0.000,0,,0,,,,741740,429.57,0
892,2129.223,"Mount",-0.390,0.104,-0.396,0.078,-0.249,0.000,81,E,0,,,,720526,425.83,0
893,2131.584,"Mount",-0.356,0.174,-0.397,-0.000,-0.267,0.000,87,E,0,,,,731307,425.57,0
894,2134.031,"Mount",-0.186,-0.069,-0.137,0.144,-0.105,0.000,34,E,0,,,,740073,400.43,0
895,2136.221,"Mount",0.019,-0.169,0.092,0.144,0.000,0.000,0,,0,,,,736201,441.00,0
896,2138.692,"Mount",0.176,-0.148,0.223,0.056,0.141,0.000,46,W,0,,,,735766,404.87,0
897,2140.956,"Mount",0.217,-0.173,0.270,0.060,0.180,0.000,58,W,0,,,,742787,467.62,0
898,2143.395,"Mount",0.207,-0.100,0.230,-0.001,0.157,0.000,51,W,0,,,,758066,477.28,0
899,2145.705,"Mount",0.178,-0.260,0.274,0.155,0.184,0.000,60,W,0,,,,758399,466.08,0
900,2148.024,"Mount",-0.003,-0.159,0.067,0.144,0.000,0.000,0,,0,,,,731650,426.69,0
901,2150.381,"Mount",-0.225,0.026,-0.214,0.075,-0.135,0.000,44,E,0,,,,749231,420.76,0
902,2152.764,"Mount",0.121,-0.050,0.131,-0.008,0.073,0.000,24,W,0,,,,721130,432.16,0
903,2155.106,"Mount",-0.213,-0.110,-0.143,0.192,-0.085,0.000,28,E,0,,,,749270,449.17,0
904,2157.427,"Mount",-0.097,-0.151,-0.021,0.178,0.000,0.000,0,,0,,,,724614,423.28,0
905,2159.695,"Mount",-0.033,-0.066,-0.001,0.073,0.000,0.000,0,,0,,,,720738,408.32,0
906,2162.120,"Mount",0.086,-0.108,0.125,0.059,0.000,0.000,0,,0,,,,737359,461.76,0
907,2164.446,"Mount",0.113,-0.200,0.189,0.131,0.119,0.000,39,W,0,,,,714799,399.12,0
908,2166.759,"Mount",0.084,-0.105,0.121,0.058,0.000,0.000,0,,0,,,,740029,411.94,0
909,2168.999,"Mount",0.053,-0.112,0.097,0.077,0.000,0.000,0,,0,,,,755424,398.73,0
910,2171.552,"Mount",0.121,-0.102,0.154,0.039,0.097,0.000,31,W,0,,,,729156,489.63,0
911,2173.820,"Mount",-0.312,0.008,-0.284,0.130,-0.172,0.000,56,E,0,,,,745878,471.84,0
912,2176.241,"Mount",-0.316,-0.021,-0.275,0.157,-0.185,0.000,60,E,0,,,,736178,423.71,0
913,2178.484,"Mount",-0.238,0.025,-0.225,0.082,-0.154,0.000,50,E,0,,,,776034,419.57,0
914,2180.992,"Mount",0.482,-0.410,0.613,0.157,0.375,0.000,122,W,0,,,,732260,410.73,0
915,2183.162,"Mount",-0.064,-0.053,-0.034,0.076,0.000,0.000,0,,0,,,,773693,445.68,0
916,2185.658,"Mount",0.065,-0.107,0.105,0.068,0.000,0.000,0,,0,,,,771541,469.05,0
917,2187.917,"Mount",0.025,-0.047,0.043,0.031,0.000,0.000,0,,0,,,,758280,470.15,0
918,2190.540,"Mount",0.098,-0.489,0.303,0.396,0.191,0.396,62,W,83,S,,,724346,400.00,0
919,2192.687,"Mount",-0.048,-0.075,-0.010,0.089,0.000,0.000,0,,0,,,,752688,442.98,0
920,2195.201,"Mount",-0.216,-0.006,-0.192,0.100,-0.121,0.000,39,E,0,,,,737468,413.97,0
921,2197.349,"Mount",-0.089,-0.059,-0.054,0.092,0.000,0.000,0,,0,,,,755432,425.86,0
922,2199.861,"Mount",-0.243,-0.004,-0.216,0.110,-0.136,0.000,44,E,0,,,,747585,462.86,0
923,2202.014,"Mount",-0.014,-0.038,0.005,0.040,0.000,0.000,0,,0,,,,753870,443.30,0
924,2204.450,"Mount",0.003,0.006,0.000,-0.006,0.000,0.000,0,,0,,,,738415,393.77,0
925,2206.871,"Mount",0.328,-0.205,0.384,0.040,0.242,0.000,78,W,0,,,,735243,465.79,0
926,2209.309,"Mount",0.338,-0.162,0.375,-0.003,0.253,0.000,82,W,0,,,,711876,421.72,0
927,2211.647,"Mount",0.276,-0.322,0.390,0.168,0.263,0.000,85,W,0,,,,753705,447.80,0
928,2214.014,"Mount",-0.067,-0.132,-0.002,0.148,0.000,0.000,0,,0,,,,736701,436.06,0
929,2216.376,"Mount",0.029,-0.016,0.033,0.002,0.000,0.000,0,,0,,,,744380,443.45,0
930,2219.004,"Mount",-0.257,-0.106,-0.185,0.208,-0.116,0.208,38,E,44,S,,,732044,429.17,0
931,2221.173,"Mount",0.007,-0.223,0.104,0.198,0.000,0.000,0,,0,,,,752829,413.80,0
932,2223.676,"Mount",0.019,-0.234,0.120,0.202,0.000,0.202,0,,42,S,,,758851,462.90,0
933,2226.023,"Mount",0.101,-0.262,0.206,0.191,0.130,0.000,42,W,0,,,,744633,401.89,0
934,2228.358,"Mount",-0.130,-0.041,-0.099,0.093,0.000,0.000,0,,0,,,,761239,499.37,0
935,2230.613,"Mount",-0.033,0.014,-0.035,0.002,0.000,0.000,0,,0,,,,733217,438.31,0
936,2233.029,"Mount",-0.167,-0.106,-0.103,0.169,0.000,0.000,0,,0,,,,739750,434.30,0
937,2235.264,"Mount",-0.118,-0.069,-0.076,0.114,0.000,0.000,0,,0,,,,751306,456.63,0
938,2237.772,"Mount",-0.237,0.050,-0.235,0.059,-0.148,0.000,48,E,0,,,,738368,440.70,0
939,2239.936,"Mount",-0.153,-0.147,-0.073,0.199,0.000,0.000,0,,0,,,,760535,418.61,0
940,2242.360,"Mount",-0.135,-0.049,-0.100,0.104,0.000,0.000,0,,0,,,,732560,432.11,0
941,2244.586,"Mount",-0.090,-0.085,-0.043,0.116,0.000,0.000,0,,0,,,,715939,462.13,0
942,2246.997,"Mount",-0.079,-0.015,-0.065,0.048,0.000,0.000,0,,0,,,,739731,400.41,0
943,2249.238,"Mount",-0.108,-0.070,-0.067,0.111,0.000,0.000,0,,0,,,,768593,422.70,0
944,2251.796,"Mount",-0.095,-0.343,0.065,0.350,0.000,0.350,0,,74,S,,,734528,446.06,0
945,2254.060,"Mount",-0.060,-0.348,0.099,0.339,0.000,0.339,0,,71,S,,,737014,442.08,0
946,2256.565,"Mount",0.170,-0.161,0.224,0.070,0.141,0.000,46,W,0,,,,742364,444.48,0
947,2258.870,"Mount",-0.148,0.066,-0.162,0.005,-0.092,0.000,30,E,0,,,,782154,424.72,0
948,2261.292,"Mount",-0.164,0.083,-0.183,-0.002,-0.122,0.000,40,E,0,,,,753020,428.81,0
949,2263.578,"Mount",-0.190,0.077,-0.205,0.014,-0.138,0.000,45,E,0,,,,760521,443.48,0
950,2265.921,"Mount",0.037,-0.078,0.067,0.054,0.000,0.000,0,,0,,,,748692,445.90,0
951,2268.269,"Mount",0.141,-0.253,0.238,0.165,0.150,0.000,49,W,0,,,,754376,420.41,0
952,2270.673,"Mount",0.129,-0.240,0.221,0.159,0.150,0.000,49,W,0,,,,749124,430.89,0
953,2272.909,"Mount",0.100,-0.171,0.165,0.110,0.114,0.000,37,W,0,,,,727448,437.05,0
954,2275.540,"Mount",-0.306,-0.129,-0.218,0.250,-0.130,0.250,42,E,53,S,,,736927,466.74,0
955,2277.807,"Mount",-0.297,-0.039,-0.249,0.166,-0.166,0.000,54,E,0,,,,735166,417.66,0
956,2280.136,"Mount",-0.041,0.010,-0.041,0.009,0.000,0.000,0,,0,,,,755342,404.80,0
957,2282.488,"Mount",-0.383,0.047,-0.364,0.126,-0.230,0.000,74,E,0,,,,759204,425.18,0
958,2284.819,"Mount",-0.009,0.024,-0.018,-0.018,0.000,0.000,0,,0,,,,753528,449.56,0
959,2287.125,"Mount",-0.085,-0.010,-0.072,0.047,0.000,0.000,0,,0,,,,764375,469.59,0
960,2289.581,"Mount",0.003,-0.079,0.037,0.070,0.000,0.000,0,,0,,,,750663,442.94,0
961,2291.933,"Mount",0.089,-0.098,0.123,0.048,0.000,0.000,0,,0,,,,727029,415.16,0
962,2294.556,"Mount",0.721,-0.453,0.847,0.090,0.533,0.000,173,W,0,,,,739796,451.29,0
963,2296.925,"Mount",0.317,-0.285,0.410,0.117,0.295,0.000,96,W,0,,,,745418,462.39,0
964,2299.422,"Mount",-0.440,0.147,-0.460,0.061,-0.269,0.000,87,E,0,,,,735992,463.53,0
965,2301.626,"Mount",-0.008,-0.037,0.009,0.037,0.000,0.000,0,,0,,,,744957,395.80,0
966,2304.033,"Mount",-0.108,-0.080,-0.062,0.119,0.000,0.000,0,,0,,,,744938,454.79,0
967,2306.288,"Mount",0.101,0.034,0.076,-0.075,0.000,0.000,0,,0,,,,708342,438.41,0
968,2308.705,"Mount",0.052,-0.040,0.064,0.013,0.000,0.000,0,,0,,,,741474,436.86,0
969,2311.085,"Mount",0.132,0.040,0.101,-0.094,0.000,0.000,0,,0,,,,743602,457.02,0
970,2313.510,"Mount",0.018,-0.085,0.054,0.069,0.000,0.000,0,,0,,,,739177,445.20,0
971,2315.877,"Mount",0.302,-0.253,0.383,0.094,0.241,0.000,78,W,0,,,,737182,463.88,0
972,2318.196,"Mount",-0.012,-0.005,-0.008,0.010,0.000,0.000,0,,0,,,,739993,471.90,0
973,2320.434,"Mount",-0.097,-0.159,-0.018,0.185,0.000,0.000,0,,0,,,,746985,412.05,0
974,2322.916,"Mount",-0.186,-0.063,-0.140,0.138,-0.088,0.000,29,E,0,,,,739021,379.28,0
975,2325.087,"Mount",0.033,-0.077,0.063,0.055,0.000,0.000,0,,0,,,,740287,389.26,0
976,2327.527,"Mount",-0.004,-0.120,0.049,0.109,0.000,0.000,0,,0,,,,737662,407.87,0
977,2329.901,"Mount",0.235,-0.314,0.349,0.180,0.220,0.000,71,W,0,,,,748488,472.15,0
978,2332.223,"Mount",-0.122,0.022,-0.119,0.033,0.000,0.000,0,,0,,,,767319,464.32,0
979,2334.482,"Mount",0.055,-0.142,0.112,0.103,0.000,0.000,0,,0,,,,722416,413.64,0
980,2337.018,"Mount",-0.072,-0.217,0.031,0.226,0.000,0.226,0,,47,S,,,773247,443.87,0
981,2339.261,"Mount",0.147,-0.286,0.258,0.192,0.162,0.000,53,W,0,,,,744354,440.47,0
982,2341.749,"Mount",-0.228,-0.015,-0.198,0.114,-0.114,0.000,37,E,0,,,,762941,447.02,0
983,2343.896,"Mount",-0.036,-0.049,-0.011,0.060,0.000,0.000,0,,0,,,,756440,426.63,0
984,2346.360,"Mount",0.013,-0.073,0.043,0.060,0.000,0.000,0,,0,,,,737573,449.48,0
985,2348.732,"Mount",-0.143,0.209,-0.220,-0.125,-0.139,0.000,45,E,0,,,,758114,404.00,0
986,2351.149,"Mount",-0.146,-0.000,-0.131,0.064,-0.092,0.000,30,E,0,,,,773401,444.42,0
987,2353.332,"Mount",-0.121,-0.085,-0.071,0.130,0.000,0.000,0,,0,,,,747583,418.64,0
988,2355.751,"Mount",-0.058,-0.103,-0.007,0.118,0.000,0.000,0,,0,,,,743039,407.67,0
989,2358.114,"Mount",0.193,-0.220,0.270,0.113,0.170,0.000,55,W,0,,,,739276,462.52,0
990,2360.438,"Mount",-0.039,-0.037,-0.019,0.051,0.000,0.000,0,,0,,,,742317,425.59,0
991,2362.851,"Mount",0.185,-0.124,0.221,0.031,0.139,0.000,45,W,0,,,,743539,444.70,0
992,2365.164,"Mount",0.019,-0.094,0.058,0.076,0.000,0.000,0,,0,,,,733156,448.72,0
993,2367.534,"Mount",-0.173,0.014,-0.162,0.064,-0.102,0.000,33,E,0,,,,752434,420.99,0
994,2369.871,"Mount",0.026,0.125,-0.031,-0.124,0.000,0.000,0,,0,,,,731397,417.71,0
995,2372.149,"Mount",-0.035,-0.098,0.012,0.103,0.000,0.000,0,,0,,,,755778,430.89,0
996,2374.547,"Mount",-0.110,-0.076,-0.066,0.117,0.000,0.000,0,,0,,,,750200,437.53,0
997,2376.927,"Mount",-0.294,0.140,-0.326,0.003,-0.205,0.000,67,E,0,,,,744102,421.77,0
998,2379.251,"Mount",0.079,-0.089,0.110,0.046,0.000,0.000,0,,0,,,,731822,408.95,0
999,2381.524,"Mount",-0.158,-0.079,-0.107,0.140,0.000,0.000,0,,0,,,,725898,456.06,0
1000,2383.989,"Mount",0.040,-0.091,0.076,0.064,0.000,0.000,0,,0,,,,718629,407.93,0
1001,2386.301,"Mount",-0.189,-0.061,-0.143,0.138,-0.090,0.000,29,E,0,,,,757731,452.11,0
1002,2388.716,"Mount",-0.155,-0.187,-0.057,0.236,0.000,0.236,0,,50,S,,,739185,444.69,0
1003,2390.978,"Mount",-0.218,0.009,-0.200,0.088,-0.126,0.000,41,E,0,,,,720739,416.78,0
1004,2393.303,"Mount",-0.006,0.003,-0.007,-0.000,0.000,0.000,0,,0,,,,781864,435.64,0
1005,2395.608,"Mount",-0.039,-0.067,-0.006,0.078,0.000,0.000,0,,0,,,,753318,452.94,0
1006,2398.015,"Mount",-0.076,-0.075,-0.035,0.101,0.000,0.000,0,,0,,,,737528,416.69,0
1007,2400.349,"Mount",-0.214,0.017,-0.200,0.079,-0.126,0.000,41,E,0,,,,751897,436.24,0
1008,2402.666,"Mount",0.091,0.007,0.079,-0.046,0.000,0.000,0,,0,,,,736127,432.89,0
1009,2404.903,"Mount",-0.044,0.063,-0.067,-0.037,0.000,0.000,0,,0,,,,749881,480.43,0
1010,2407.447,"Mount",0.131,-0.145,0.182,0.073,0.115,0.000,37,W,0,,,,745939,433.37,0
1011,2409.741,"Mount",-0.327,0.108,-0.341,0.046,-0.207,0.000,67,E,0,,,,725376,426.84,0
1012,2412.157,"Mount",-0.134,0.026,-0.131,0.035,-0.097,0.000,32,E,0,,,,731376,427.54,0
1013,2414.444,"Mount",-0.226,0.049,-0.224,0.055,-0.148,0.000,48,E,0,,,,747221,456.45,0
1014,2416.749,"Mount",-0.038,0.066,-0.063,-0.043,0.000,0.000,0,,0,,,,716505,420.85,0
1015,2418.973,"Mount",0.089,0.022,0.071,-0.059,0.000,0.000,0,,0,,,,717878,435.52,0
1016,2421.505,"Mount",0.035,-0.236,0.135,0.197,0.085,0.000,28,W,0,,,,724503,418.88,0
1017,2423.735,"Mount",0.080,-0.204,0.161,0.148,0.108,0.000,35,W,0,,,,731301,445.83,0
1018,2426.141,"Mount",-0.224,-0.091,-0.161,0.180,-0.094,0.000,30,E,0,,,,699658,388.91,0
1019,2428.405,"Mount",-0.244,0.072,-0.251,0.043,-0.165,0.000,53,E,0,,,,737161,423.30,0
1020,2430.716,"Mount",-0.103,-0.000,-0.093,0.046,0.000,0.000,0,,0,,,,761107,431.91,0
1021,2433.029,"Mount",-0.259,-0.093,-0.192,0.198,-0.121,0.000,39,E,0,,,,738474,406.96,0
1022,2435.514,"Mount",-0.269,0.087,-0.280,0.040,-0.185,0.000,60,E,0,,,,736308,429.20,0
1023,2437.695,"Mount",-0.113,-0.014,-0.096,0.062,0.000,0.000,0,,0,,,,745962,425.76,0
1024,2440.090,"Mount",-0.060,-0.186,0.028,0.194,0.000,0.000,0,,0,,,,754181,428.14,0
1025,2442.405,"Mount",0.079,-0.212,0.164,0.156,0.103,0.000,34,W,0,,,,741138,457.69,0
1026,2444.797,"Mount",0.087,-0.136,0.137,0.084,0.094,0.000,30,W,0,,,,753341,464.53,0
1027,2447.079,"Mount",0.138,-0.224,0.223,0.141,0.147,0.000,48,W,0,,,,735091,440.10,0
1028,2449.398,"Mount",-0.037,-0.096,0.008,0.102,0.000,0.000,0,,0,,,,772855,454.60,0
1029,2451.782,"Mount",0.047,-0.208,0.134,0.166,0.084,0.000,27,W,0,,,,761305,445.63,0
1030,2454.224,"Mount",-0.232,-0.016,-0.201,0.116,-0.121,0.000,39,E,0,,,,733930,405.92,0
1031,2456.593,"Mount",-0.038,-0.108,0.013,0.114,0.000,0.000,0,,0,,,,765397,450.11,0
1032,2459.116,"Mount",-0.146,0.077,-0.165,-0.005,-0.104,0.000,34,E,0,,,,757379,424.68,0
1033,2461.366,"Mount",0.156,-0.268,0.258,0.173,0.155,0.000,50,W,0,,,,747997,413.15,0
1034,2463.757,"Mount",-0.177,-0.023,-0.149,0.098,-0.083,0.000,27,E,0,,,,755629,425.50,0
1035,2465.942,"Mount",0.034,-0.128,0.087,0.100,0.000,0.000,0,,0,,,,728064,427.95,0
1036,2468.517,"Mount",-0.036,-0.301,0.100,0.286,0.000,0.286,0,,60,S,,,768964,439.59,0
1037,2470.680,"Mount",-0.005,-0.110,0.044,0.101,0.000,0.000,0,,0,,,,744185,446.37,0
1038,2473.219,"Mount",-0.184,-0.278,-0.043,0.331,0.000,0.331,0,,69,S,,,746195,464.36,0
1039,2475.364,"Mount",-0.071,-0.031,-0.050,0.059,0.000,0.000,0,,0,,,,743286,453.02,0
1040,2477.791,"Mount",-0.098,-0.024,-0.078,0.064,0.000,0.000,0,,0,,,,746829,404.85,0
1041,2480.165,"Mount",0.135,-0.066,0.150,0.000,0.095,0.000,31,W,0,,,,726565,401.27,0
1042,2482.677,"Mount",-0.151,0.034,-0.151,0.036,-0.088,0.000,29,E,0,,,,754256,427.25,0
1043,2484.961,"Mount",-0.256,0.117,-0.281,0.007,-0.183,0.000,59,E,0,,,,747427,456.69,0
1044,2487.465,"Mount",0.173,-0.137,0.216,0.048,0.123,0.000,40,W,0,,,,729216,461.01,0
1045,2489.637,"Mount",0.080,0.147,0.007,-0.167,0.000,0.000,0,,0,,,,720559,416.79,0
1046,2492.061,"Mount",-0.003,-0.077,0.031,0.070,0.000,0.000,0,,0,,,,752903,424.61,0
1047,2494.303,"Mount",-0.140,0.000,-0.126,0.061,0.000,0.000,0,,0,,,,766976,441.15,0
1048,2496.693,"Mount",-0.132,-0.041,-0.101,0.095,0.000,0.000,0,,0,,,,741316,443.48,0
1049,2499.061,"Mount",-0.423,0.020,-0.389,0.168,-0.245,0.000,79,E,0,,,,751227,484.31,0
1050,2501.413,"Mount",-0.045,-0.083,-0.004,0.095,0.000,0.000,0,,0,,,,740925,460.37,0
1051,2503.759,"Mount",-0.181,-0.041,-0.145,0.116,-0.091,0.000,30,E,0,,,,743767,447.60,0
1052,2506.099,"Mount",0.062,-0.167,0.129,0.123,0.000,0.000,0,,0,,,,755873,431.77,0
1053,2508.754,"Mount",0.079,-0.183,0.151,0.130,0.095,0.000,31,W,0,,,,727016,412.34,0
INFO: SET LOCK POSITION, new lock pos = 47.174, 810.508
INFO: DITHER by -4.911, -1.221, new lock pos = 43.297, 813.761
INFO: SETTLING STATE CHANGE, Settling started
1054,2513.434,"Mount",3.877,-3.252,4.911,1.221,4.911,1.221,1593,W,256,S,,,753783,403.32,0
1055,2516.325,"Mount",-2.547,0.984,-2.721,0.233,-1.714,0.000,556,E,0,,,,758011,428.93,0
1056,2518.749,"Mount",-1.051,0.237,-1.048,0.248,-0.781,0.000,253,E,0,,,,820066,408.29,0
1057,2521.174,"Mount",0.313,-0.255,0.394,0.092,0.193,0.000,63,W,0,,,,737461,451.86,0
1058,2523.449,"Mount",0.176,-0.147,0.222,0.055,0.154,0.000,50,W,0,,,,775604,429.69,0
1059,2525.917,"Mount",-0.617,0.147,-0.619,0.138,-0.379,0.000,123,E,0,,,,726734,431.37,0
1060,2528.084,"Mount",-0.064,-0.174,0.019,0.185,0.000,0.000,0,,0,,,,768227,453.29,0
1061,2530.599,"Mount",-0.252,0.074,-0.259,0.044,-0.163,0.000,53,E,0,,,,758777,450.97,0
1062,2532.859,"Mount",0.083,-0.205,0.164,0.148,0.092,0.000,30,W,0,,,,736346,418.41,0
INFO: SETTLING STATE CHANGE, Settling complete
1063,2535.273,"Mount",-0.339,0.066,-0.333,0.090,-0.203,0.000,66,E,0,,,,749844,398.60,0
Guiding Ends at 2026-09-01 00:53:08

Guiding Begins at 2026-09-01 00:56:58
Equipment Profile = SW4P_EVO
Dither = both axes, Dither scale = 1.000, Image noise reduction = 2x2 mean, Guide-frame time lapse = 0, Server enabled
Pixel scale = 2.91 arc-sec/px, Binning = 1, Focal length = 266 mm
Search region = 15 px, Star mass tolerance = 50.0%, Multi-star mode, list size = 12
 Camera = ZWO ASI120MM Mini (ASCOM), full size = 1280 x 960, have dark, dark dur = 2000, no defect map, pixel size = 3.8 um
Exposure = 2000 ms
Mount = GPUSB, connected, guiding enabled, AuxMount=CPWI_ASCOM_Telescope, xAngle = -26.0, xRate = 3.083, yAngle = -116.0, yRate = 4.762, parity = +/-
Norm rates RA = 13.1"/s @ dec 0, Dec = 13.8"/s; ortho.err. = 0.0 deg
X guide algorithm = Hysteresis, Hysteresis = 0.100, Aggression = 0.700, Minimum move = 0.130
Y guide algorithm = Resist Switch, Minimum move = 0.200 Aggression = 100% FastSwitch = enabled
Backlash comp = enabled, pulse = 1295 ms
Max RA duration = 2500, Max DEC duration = 2500, DEC guide mode = Auto
RA Guide Speed = 14.9 a-s/s, Dec Guide Speed = 14.9 a-s/s, Cal Dec = -0.0, Last Cal Issue = None, Timestamp = 31/08/2026 21:19:06
RA = 20.03 hr, Dec = 46.7 deg, Hour angle = 2.36 hr, Pier side = East, Rotator pos = N/A, Alt = 64.6 deg, Az = 291.7 deg
Lock position = 38.834, 814.898, Star position = 38.834, 814.898, HFD = 3.72 px
Frame,Time,mount,dx,dy,RARawDistance,DECRawDistance,RAGuideDistance,DECGuideDistance,RADuration,RADirection,DECDuration,DECDirection,XStep,YStep,StarMass,SNR,ErrorCode
INFO: SETTLING STATE CHANGE, Settling started
1,2.781,"Mount",-0.302,0.066,-0.300,0.073,-0.189,0.000,61,E,0,,,,731871,467.84,0
2,5.027,"Mount",-0.382,0.019,-0.352,0.151,-0.235,0.000,76,E,0,,,,743055,438.81,0
3,7.422,"Mount",-0.213,-0.139,-0.131,0.218,-0.099,0.000,32,E,0,,,,737337,441.62,0
4,9.628,"Mount",0.042,-0.101,0.083,0.073,0.000,0.000,0,,0,,,,753043,411.94,0
5,12.143,"Mount",0.138,-0.313,0.261,0.221,0.164,0.000,53,W,0,,,,723782,418.91,0
INFO: SETTLING STATE CHANGE, Settling complete
6,14.293,"Mount",-0.026,-0.137,0.037,0.135,0.000,0.000,0,,0,,,,747787,404.23,0
7,16.987,"Mount",0.221,-0.476,0.408,0.331,0.257,0.331,83,W,70,S,,,710399,463.86,0
8,19.267,"Mount",0.450,-0.123,0.458,-0.087,0.307,0.000,99,W,0,,,,763350,436.34,0
9,21.707,"Mount",-0.188,0.340,-0.318,-0.223,-0.179,0.000,58,E,0,,,,767499,453.65,0
10,23.939,"Mount",-0.128,0.278,-0.237,-0.194,-0.162,0.000,53,E,0,,,,731933,433.60,0
11,26.375,"Mount",-0.194,0.144,-0.238,-0.045,-0.161,0.000,52,E,0,,,,757947,457.27,0
12,28.674,"Mount",0.388,0.226,0.250,-0.374,0.146,0.000,47,W,0,,,,754092,451.94,0
13,31.184,"Mount",-0.379,0.577,-0.594,-0.352,-0.364,0.000,118,E,0,,,,768261,485.47,0
14,33.429,"Mount",-0.029,0.049,-0.047,-0.032,0.000,0.000,0,,0,,,,753350,413.25,0
15,35.956,"Mount",0.271,0.082,0.207,-0.193,0.130,0.000,42,W,0,,,,762387,453.05,0
16,39.739,"Mount",0.869,-0.199,0.868,-0.202,0.556,-0.202,180,W,1337,N,,,775171,425.57,0
17,42.063,"Mount",-0.284,-0.336,-0.107,0.427,0.000,0.000,0,,0,,,,742766,426.06,0
18,44.310,"Mount",-0.192,-0.298,-0.042,0.352,0.000,0.000,0,,0,,,,767838,462.95,0
19,46.758,"Mount",-0.155,-0.351,0.015,0.383,0.000,0.000,0,,0,,,,725181,438.43,0
20,49.204,"Mount",-0.286,-0.211,-0.165,0.315,-0.104,0.000,34,E,0,,,,728347,446.58,0
21,51.631,"Mount",-0.142,-0.313,0.009,0.344,0.000,0.000,0,,0,,,,740184,441.51,0
22,55.403,"Mount",-0.457,-0.253,-0.300,0.429,-0.189,0.429,61,E,1385,S,,,740518,458.08,0
23,57.841,"Mount",0.544,0.344,0.338,-0.548,0.199,0.000,65,W,0,,,,767898,438.04,0
24,60.058,"Mount",0.353,0.399,0.142,-0.513,0.103,0.000,34,W,0,,,,789724,505.35,0
25,64.051,"Mount",0.076,0.759,-0.265,-0.715,-0.159,-0.715,52,E,1445,N,,,775318,436.36,0
26,66.512,"Mount",-0.113,0.567,-0.351,-0.460,-0.232,-0.460,75,E,97,N,,,781302,437.52,0
27,69.083,"Mount",-0.414,0.439,-0.565,-0.213,-0.372,-0.213,121,E,45,N,,,776933,461.25,0
28,71.371,"Mount",-0.438,0.166,-0.466,0.043,-0.320,0.000,104,E,0,,,,739723,434.80,0
29,73.771,"Mount",-0.246,-0.142,-0.159,0.236,-0.122,0.000,40,E,0,,,,732486,471.85,0
30,75.973,"Mount",0.093,0.000,0.083,-0.041,0.000,0.000,0,,0,,,,757339,471.83,0
31,78.542,"Mount",0.381,-0.190,0.426,0.004,0.268,0.000,87,W,0,,,,777189,474.08,0
32,80.729,"Mount",-0.166,-0.045,-0.129,0.114,0.000,0.000,0,,0,,,,762716,440.39,0
33,83.154,"Mount",-0.026,-0.120,0.029,0.119,0.000,0.000,0,,0,,,,748133,479.59,0
34,85.396,"Mount",-0.110,0.018,-0.107,0.033,0.000,0.000,0,,0,,,,720948,429.16,0
35,87.901,"Mount",-0.193,-0.002,-0.173,0.087,-0.109,0.000,35,E,0,,,,739843,428.11,0
36,90.188,"Mount",-0.227,0.015,-0.211,0.086,-0.141,0.000,46,E,0,,,,743576,456.98,0
37,92.579,"Mount",-0.063,-0.197,0.030,0.204,0.000,0.000,0,,0,,,,748182,464.79,0
38,94.887,"Mount",0.057,-0.004,0.053,-0.021,0.000,0.000,0,,0,,,,749982,422.82,0
39,97.400,"Mount",0.163,-0.191,0.230,0.100,0.145,0.000,47,W,0,,,,740751,468.14,0
40,99.612,"Mount",-0.036,-0.042,-0.014,0.054,0.000,0.000,0,,0,,,,786034,422.43,0
41,102.171,"Mount",0.437,-0.522,0.622,0.277,0.392,0.000,127,W,0,,,,763747,425.83,0
42,105.853,"Mount",0.083,-0.303,0.207,0.236,0.158,0.236,51,W,1345,S,,,755646,439.13,0
43,108.259,"Mount",-0.161,0.233,-0.247,-0.139,-0.144,0.000,47,E,0,,,,734322,417.41,0
44,110.415,"Mount",-0.015,0.093,-0.055,-0.077,0.000,0.000,0,,0,,,,760849,425.27,0
45,113.065,"Mount",-0.386,0.142,-0.409,0.041,-0.258,0.000,84,E,0,,,,712721,443.75,0
46,115.315,"Mount",0.237,-0.075,0.246,-0.036,0.137,0.000,45,W,0,,,,792500,451.35,0
47,117.722,"Mount",0.081,-0.179,0.151,0.126,0.105,0.000,34,W,0,,,,741369,445.87,0
48,119.981,"Mount",0.290,-0.204,0.350,0.057,0.228,0.000,74,W,0,,,,750737,459.29,0
49,122.466,"Mount",0.341,-0.180,0.385,0.012,0.259,0.000,84,W,0,,,,793764,470.76,0
50,124.795,"Mount",0.266,-0.190,0.323,0.054,0.221,0.000,72,W,0,,,,748310,424.27,0
51,127.235,"Mount",0.338,-0.080,0.339,-0.076,0.229,0.000,74,W,0,,,,755396,446.15,0
52,129.401,"Mount",-0.028,-0.059,0.001,0.065,0.000,0.000,0,,0,,,,755189,472.67,0
53,131.910,"Mount",0.368,0.004,0.329,-0.165,0.207,0.000,67,W,0,,,,764652,428.52,0
54,134.102,"Mount",0.120,0.179,0.030,-0.214,0.000,0.000,0,,0,,,,769292,434.00,0
55,136.537,"Mount",0.000,0.055,-0.024,-0.050,0.000,0.000,0,,0,,,,757917,418.64,0
56,138.828,"Mount",-0.055,-0.007,-0.047,0.030,0.000,0.000,0,,0,,,,783011,444.26,0
57,141.395,"Mount",0.385,-0.221,0.443,0.030,0.279,0.000,90,W,0,,,,759128,449.22,0
58,143.712,"Mount",0.296,-0.105,0.312,-0.036,0.216,0.000,70,W,0,,,,776740,490.60,0
59,146.065,"Mount",0.006,0.088,-0.033,-0.081,0.000,0.000,0,,0,,,,771540,442.34,0
60,148.311,"Mount",-0.048,0.070,-0.074,-0.042,0.000,0.000,0,,0,,,,744584,404.19,0
61,150.708,"Mount",0.062,-0.059,0.082,0.026,0.000,0.000,0,,0,,,,767830,478.84,0
62,153.003,"Mount",-0.197,-0.057,-0.152,0.138,-0.096,0.000,31,E,0,,,,741011,400.65,0
63,155.538,"Mount",0.140,-0.173,0.201,0.094,0.120,0.000,39,W,0,,,,751913,458.54,0
64,157.680,"Mount",-0.026,-0.067,0.006,0.071,0.000,0.000,0,,0,,,,759052,480.92,0
65,160.275,"Mount",0.501,-0.236,0.554,-0.008,0.349,0.000,113,W,0,,,,769471,450.54,0
66,162.436,"Mount",0.008,-0.053,0.031,0.044,0.000,0.000,0,,0,,,,757678,431.28,0
67,164.868,"Mount",0.016,-0.194,0.100,0.168,0.000,0.000,0,,0,,,,741022,435.14,0
68,167.120,"Mount",0.016,-0.213,0.108,0.184,0.000,0.000,0,,0,,,,744064,455.29,0
69,169.540,"Mount",-0.106,-0.120,-0.042,0.155,0.000,0.000,0,,0,,,,767804,407.80,0
70,171.803,"Mount",-0.089,-0.158,-0.011,0.181,0.000,0.000,0,,0,,,,747313,441.11,0
71,174.339,"Mount",-0.243,0.105,-0.265,0.012,-0.167,0.000,54,E,0,,,,758043,426.43,0
72,176.599,"Mount",-0.153,0.108,-0.185,-0.030,-0.128,0.000,42,E,0,,,,751017,408.46,0
73,178.929,"Mount",0.012,-0.039,0.028,0.030,0.000,0.000,0,,0,,,,752648,393.33,0
74,181.172,"Mount",-0.063,-0.124,-0.002,0.140,0.000,0.000,0,,0,,,,728661,431.74,0
75,183.586,"Mount",0.068,-0.125,0.116,0.082,0.000,0.000,0,,0,,,,751623,488.18,0
76,185.997,"Mount",0.118,-0.336,0.253,0.250,0.160,0.250,52,W,52,S,,,738108,433.86,0
77,188.580,"Mount",0.024,-0.344,0.173,0.298,0.120,0.298,39,W,63,S,,,737451,487.64,0
78,190.739,"Mount",-0.054,-0.132,0.010,0.142,0.000,0.000,0,,0,,,,735806,404.55,0
79,193.160,"Mount",0.077,0.132,0.011,-0.152,0.000,0.000,0,,0,,,,778083,463.40,0
80,195.398,"Mount",0.047,0.113,-0.008,-0.122,0.000,0.000,0,,0,,,,747670,436.39,0
81,197.891,"Mount",-0.074,0.283,-0.190,-0.222,-0.120,0.000,39,E,0,,,,734025,420.76,0
82,200.043,"Mount",0.044,0.356,-0.116,-0.339,0.000,0.000,0,,0,,,,773022,443.44,0
83,202.601,"Mount",-0.069,0.256,-0.175,-0.199,-0.110,0.000,36,E,0,,,,755774,449.77,0
84,204.747,"Mount",0.027,-0.112,0.073,0.089,0.000,0.000,0,,0,,,,769737,466.33,0
85,207.372,"Mount",-0.225,0.166,-0.275,-0.051,-0.173,0.000,56,E,0,,,,736590,437.46,0
86,209.647,"Mount",0.169,-0.081,0.188,-0.001,0.106,0.000,34,W,0,,,,765410,469.90,0
87,213.443,"Mount",-0.153,0.308,-0.273,-0.210,-0.165,-0.210,53,E,1339,N,,,726581,433.49,0
88,215.692,"Mount",-0.273,0.073,-0.277,0.054,-0.186,0.000,60,E,0,,,,759417,433.98,0
89,218.147,"Mount",-0.564,0.032,-0.521,0.219,-0.341,0.000,111,E,0,,,,774514,501.59,0
90,220.295,"Mount",-0.208,-0.293,-0.058,0.354,0.000,0.000,0,,0,,,,761388,453.04,0
91,222.824,"Mount",-0.293,-0.190,-0.180,0.300,-0.113,0.000,37,E,0,,,,744335,399.26,0
92,226.363,"Mount",-0.165,-0.242,-0.042,0.290,0.000,0.290,0,,1335,S,,,731766,426.03,0
93,228.861,"Mount",0.413,0.054,0.348,-0.230,0.219,0.000,71,W,0,,,,778393,434.28,0
94,231.155,"Mount",-0.312,0.161,-0.351,-0.008,-0.206,0.000,67,E,0,,,,738321,410.50,0
95,233.596,"Mount",-0.263,0.138,-0.297,-0.008,-0.201,0.000,65,E,0,,,,713840,413.05,0
96,235.859,"Mount",-0.247,0.199,-0.309,-0.071,-0.209,0.000,68,E,0,,,,736949,416.23,0
97,238.327,"Mount",0.165,0.056,0.123,-0.123,0.000,0.000,0,,0,,,,776815,417.50,0
98,240.771,"Mount",-0.208,0.359,-0.345,-0.231,-0.217,0.000,70,E,0,,,,758513,463.24,0
99,243.091,"Mount",-0.057,0.115,-0.102,-0.078,0.000,0.000,0,,0,,,,732490,445.75,0
100,245.422,"Mount",-0.184,0.115,-0.216,-0.023,-0.136,0.000,44,E,0,,,,717811,454.68,0
101,247.795,"Mount",0.154,0.006,0.136,-0.073,0.076,0.000,25,W,0,,,,766151,434.24,0
102,249.975,"Mount",0.116,0.087,0.066,-0.129,0.000,0.000,0,,0,,,,761191,412.88,0
103,252.371,"Mount",0.081,0.104,0.027,-0.128,0.000,0.000,0,,0,,,,767156,416.77,0
104,254.653,"Mount",0.059,-0.055,0.077,0.023,0.000,0.000,0,,0,,,,743756,441.18,0
105,257.070,"Mount",0.039,0.280,-0.088,-0.269,0.000,0.000,0,,0,,,,729879,406.63,0
106,259.620,"Mount",-0.160,0.272,-0.263,-0.174,-0.166,0.000,54,E,0,,,,733671,394.58,0
107,261.941,"Mount",-0.052,0.111,-0.096,-0.077,0.000,0.000,0,,0,,,,742338,417.55,0
108,264.272,"Mount",-0.091,0.204,-0.171,-0.143,-0.108,0.000,35,E,0,,,,726926,486.73,0
109,266.621,"Mount",-0.010,-0.056,0.016,0.055,0.000,0.000,0,,0,,,,749916,420.60,0
110,268.895,"Mount",0.071,0.121,0.011,-0.140,0.000,0.000,0,,0,,,,765442,505.74,0
111,271.316,"Mount",0.067,-0.087,0.098,0.049,0.000,0.000,0,,0,,,,772322,487.77,0
112,273.685,"Mount",0.467,-0.131,0.478,-0.087,0.301,0.000,98,W,0,,,,772676,433.97,0
113,276.099,"Mount",0.328,0.069,0.265,-0.207,0.188,0.000,61,W,0,,,,782612,499.52,0
114,278.244,"Mount",0.007,-0.142,0.069,0.125,0.000,0.000,0,,0,,,,781209,473.62,0
115,280.663,"Mount",0.035,0.262,-0.084,-0.251,0.000,0.000,0,,0,,,,760916,470.33,0
116,282.915,"Mount",0.123,0.113,0.061,-0.155,0.000,0.000,0,,0,,,,766169,476.81,0
117,285.338,"Mount",-0.039,0.069,-0.066,-0.045,0.000,0.000,0,,0,,,,757873,438.57,0
118,287.576,"Mount",0.163,0.038,0.130,-0.106,0.000,0.000,0,,0,,,,759330,391.92,0
119,290.118,"Mount",-0.157,0.141,-0.203,-0.058,-0.128,0.000,41,E,0,,,,746916,421.15,0
120,292.389,"Mount",0.344,-0.147,0.374,-0.019,0.227,0.000,74,W,0,,,,760683,413.93,0
121,294.699,"Mount",-0.034,0.089,-0.070,-0.065,0.000,0.000,0,,0,,,,756606,436.33,0
122,296.938,"Mount",0.016,-0.020,0.023,0.011,0.000,0.000,0,,0,,,,754112,453.64,0
123,299.355,"Mount",0.071,-0.003,0.065,-0.028,0.000,0.000,0,,0,,,,753809,435.43,0
124,301.675,"Mount",0.336,0.017,0.295,-0.163,0.186,0.000,60,W,0,,,,759865,481.11,0
125,304.126,"Mount",-0.202,0.239,-0.286,-0.126,-0.167,0.000,54,E,0,,,,752940,466.14,0
126,306.384,"Mount",-0.144,0.198,-0.216,-0.115,-0.148,0.000,48,E,0,,,,755989,421.09,0
127,308.804,"Mount",0.188,-0.182,0.249,0.081,0.147,0.000,48,W,0,,,,776707,490.67,0
128,311.005,"Mount",0.155,0.069,0.109,-0.130,0.000,0.000,0,,0,,,,761358,462.43,0
129,313.450,"Mount",0.072,-0.051,0.087,0.014,0.000,0.000,0,,0,,,,763964,446.19,0
130,315.689,"Mount",0.038,-0.098,0.077,0.071,0.000,0.000,0,,0,,,,754231,446.66,0
131,318.089,"Mount",-0.027,-0.174,0.052,0.168,0.000,0.000,0,,0,,,,755707,393.20,0
132,320.463,"Mount",0.329,0.094,0.255,-0.229,0.160,0.000,52,W,0,,,,781122,503.89,0
133,322.923,"Mount",-0.202,0.233,-0.283,-0.120,-0.167,0.000,54,E,0,,,,758031,433.09,0
134,325.229,"Mount",-0.388,0.096,-0.391,0.084,-0.258,0.000,84,E,0,,,,740766,446.16,0
135,327.644,"Mount",0.150,-0.128,0.190,0.049,0.102,0.000,33,W,0,,,,782461,432.00,0
136,329.900,"Mount",-0.284,0.068,-0.285,0.064,-0.173,0.000,56,E,0,,,,737761,436.94,0
137,332.214,"Mount",0.080,-0.059,0.098,0.018,0.000,0.000,0,,0,,,,746170,433.18,0
138,334.489,"Mount",-0.110,-0.007,-0.096,0.055,0.000,0.000,0,,0,,,,756144,435.85,0
139,337.035,"Mount",0.346,-0.202,0.400,0.030,0.252,0.000,82,W,0,,,,753594,435.87,0
140,339.199,"Mount",0.153,0.032,0.123,-0.096,0.000,0.000,0,,0,,,,795175,463.32,0
141,341.708,"Mount",0.449,0.020,0.395,-0.215,0.249,0.000,81,W,0,,,,769143,458.37,0
142,343.877,"Mount",0.030,0.014,0.021,-0.026,0.000,0.000,0,,0,,,,769342,414.76,0
143,346.287,"Mount",0.022,-0.000,0.020,-0.009,0.000,0.000,0,,0,,,,760792,488.04,0
144,348.672,"Mount",-0.130,0.193,-0.202,-0.116,-0.127,0.000,41,E,0,,,,757867,453.68,0
145,350.993,"Mount",-0.021,-0.050,0.003,0.054,0.000,0.000,0,,0,,,,764949,445.56,0
146,353.349,"Mount",-0.188,0.061,-0.196,0.028,-0.123,0.000,40,E,0,,,,757384,425.80,0
147,355.669,"Mount",-0.023,-0.057,0.005,0.061,0.000,0.000,0,,0,,,,766005,416.15,0
148,358.027,"Mount",-0.337,0.132,-0.360,0.029,-0.227,0.000,74,E,0,,,,749504,445.52,0
149,360.448,"Mount",0.267,-0.080,0.276,-0.045,0.158,0.000,51,W,0,,,,781182,451.07,0
150,362.900,"Mount",0.259,0.018,0.225,-0.130,0.153,0.000,50,W,0,,,,763957,421.64,0
151,365.311,"Mount",-0.112,-0.185,-0.019,0.216,0.000,0.216,0,,45,S,,,765793,466.30,0
152,367.597,"Mount",-0.141,-0.188,-0.044,0.231,0.000,0.231,0,,48,S,,,747500,404.98,0
153,370.035,"Mount",-0.220,0.181,-0.277,-0.065,-0.175,0.000,57,E,0,,,,763360,466.06,0
154,372.191,"Mount",-0.092,0.045,-0.103,-0.000,0.000,0.000,0,,0,,,,764690,437.46,0
155,374.636,"Mount",0.021,-0.003,0.020,-0.007,0.000,0.000,0,,0,,,,756884,446.91,0
156,376.860,"Mount",0.090,0.020,0.072,-0.058,0.000,0.000,0,,0,,,,767376,443.55,0
157,379.368,"Mount",-0.044,0.245,-0.147,-0.201,-0.093,0.000,30,E,0,,,,746053,416.19,0
158,381.519,"Mount",0.038,-0.060,0.061,0.037,0.000,0.000,0,,0,,,,777144,402.92,0
159,384.023,"Mount",0.232,0.033,0.194,-0.131,0.122,0.000,40,W,0,,,,784878,483.76,0
160,386.183,"Mount",-0.043,0.144,-0.102,-0.110,0.000,0.000,0,,0,,,,763336,447.23,0
161,388.616,"Mount",0.177,0.110,0.111,-0.177,0.000,0.000,0,,0,,,,776231,438.26,0
162,390.856,"Mount",0.090,0.200,-0.007,-0.219,0.000,0.000,0,,0,,,,764510,454.70,0
163,393.292,"Mount",0.042,0.037,0.022,-0.051,0.000,0.000,0,,0,,,,749382,484.30,0
164,395.534,"Mount",0.072,0.147,0.000,-0.164,0.000,0.000,0,,0,,,,772531,440.27,0
165,397.948,"Mount",0.039,0.104,-0.011,-0.111,0.000,0.000,0,,0,,,,755086,454.35,0
166,400.284,"Mount",0.253,0.036,0.211,-0.144,0.133,0.000,43,W,0,,,,766408,449.76,0
167,402.625,"Mount",0.078,0.195,-0.015,-0.210,0.000,0.000,0,,0,,,,753737,409.77,0
168,404.854,"Mount",-0.033,-0.015,-0.022,0.028,0.000,0.000,0,,0,,,,759215,443.32,0
169,407.275,"Mount",-0.050,0.055,-0.069,-0.028,0.000,0.000,0,,0,,,,766264,460.22,0
170,409.578,"Mount",0.137,0.131,0.066,-0.178,0.000,0.000,0,,0,,,,757758,438.76,0
171,412.108,"Mount",-0.173,0.161,-0.226,-0.069,-0.142,0.000,46,E,0,,,,764396,430.98,0
172,414.273,"Mount",0.092,0.306,-0.052,-0.315,0.000,0.000,0,,0,,,,763379,429.09,0
173,416.835,"Mount",-0.197,0.242,-0.283,-0.131,-0.179,0.000,58,E,0,,,,744347,444.10,0
174,418.997,"Mount",-0.065,0.124,-0.113,-0.083,0.000,0.000,0,,0,,,,740554,471.43,0
175,421.451,"Mount",0.108,-0.084,0.134,0.029,0.084,0.000,27,W,0,,,,758023,416.37,0
176,423.732,"Mount",0.254,-0.173,0.304,0.044,0.197,0.000,64,W,0,,,,754154,392.47,0
177,426.154,"Mount",0.165,-0.144,0.212,0.057,0.147,0.000,48,W,0,,,,772104,433.15,0
178,428.502,"Mount",0.249,-0.107,0.271,-0.013,0.181,0.000,59,W,0,,,,769860,408.96,0
179,430.914,"Mount",-0.161,0.022,-0.154,0.051,-0.084,0.000,27,E,0,,,,747481,448.25,0
180,433.089,"Mount",-0.025,-0.017,-0.015,0.026,0.000,0.000,0,,0,,,,763659,402.95,0
181,435.490,"Mount",0.042,-0.017,0.045,-0.003,0.000,0.000,0,,0,,,,757506,412.83,0
182,437.933,"Mount",0.080,-0.279,0.194,0.215,0.122,0.215,40,W,45,S,,,757869,457.80,0
183,440.352,"Mount",0.227,-0.059,0.230,-0.046,0.153,0.000,50,W,0,,,,760152,444.20,0
184,442.557,"Mount",-0.060,0.116,-0.105,-0.078,0.000,0.000,0,,0,,,,772411,410.58,0
185,444.995,"Mount",0.039,0.106,-0.012,-0.113,0.000,0.000,0,,0,,,,765059,449.52,0
186,447.355,"Mount",0.269,-0.141,0.304,0.009,0.192,0.000,62,W,0,,,,760648,418.56,0
187,449.837,"Mount",0.227,-0.180,0.283,0.062,0.192,0.000,62,W,0,,,,753253,464.93,0
188,452.130,"Mount",-0.062,0.306,-0.190,-0.248,-0.106,0.000,34,E,0,,,,786056,427.15,0
189,454.480,"Mount",0.065,0.148,-0.007,-0.162,0.000,0.000,0,,0,,,,772731,428.56,0
190,456.802,"Mount",0.103,0.151,0.027,-0.181,0.000,0.000,0,,0,,,,791226,494.60,0
191,459.356,"Mount",0.422,0.154,0.312,-0.323,0.196,0.000,64,W,0,,,,778198,481.27,0
192,461.595,"Mount",-0.226,0.201,-0.291,-0.081,-0.169,0.000,55,E,0,,,,764569,441.51,0
193,463.935,"Mount",0.033,-0.039,0.047,0.021,0.000,0.000,0,,0,,,,765552,420.23,0
194,467.619,"Mount",-0.154,0.397,-0.312,-0.289,-0.197,-0.289,64,E,1305,N,,,784019,420.92,0
195,470.099,"Mount",-0.730,-0.195,-0.570,0.496,-0.373,0.000,121,E,0,,,,771489,450.44,0
196,472.241,"Mount",-0.261,-0.513,-0.009,0.575,0.000,0.000,0,,0,,,,761203,425.99,0
197,474.763,"Mount",-0.513,-0.264,-0.345,0.462,-0.217,0.000,70,E,0,,,,728717,423.20,0
198,477.034,"Mount",-0.397,-0.394,-0.184,0.528,-0.131,0.000,43,E,0,,,,753280,449.69,0
199,480.739,"Mount",-0.260,-0.181,-0.154,0.277,-0.106,0.277,35,E,1261,S,,,753219,411.33,0
200,483.019,"Mount",-0.235,-0.403,-0.034,0.465,0.000,0.465,0,,98,S,,,756162,408.87,0
201,485.345,"Mount",-0.017,-0.206,0.075,0.193,0.000,0.000,0,,0,,,,764456,447.50,0
202,487.774,"Mount",0.368,-0.142,0.393,-0.033,0.248,0.000,80,W,0,,,,744844,449.69,0
203,490.112,"Mount",-0.060,-0.191,0.030,0.198,0.000,0.000,0,,0,,,,742832,445.00,0
204,492.470,"Mount",0.196,-0.232,0.278,0.122,0.175,0.000,57,W,0,,,,768846,415.61,0
205,494.900,"Mount",-0.388,0.226,-0.448,-0.033,-0.270,0.000,87,E,0,,,,740700,407.63,0
206,497.189,"Mount",-0.305,0.072,-0.306,0.069,-0.211,0.000,69,E,0,,,,763539,437.78,0
207,499.510,"Mount",-0.028,0.106,-0.072,-0.083,0.000,0.000,0,,0,,,,759078,455.58,0
208,502.013,"Mount",-0.336,-0.072,-0.271,0.212,-0.170,0.212,55,E,44,S,,,753583,450.82,0
209,504.332,"Mount",-0.129,-0.036,-0.101,0.089,0.000,0.000,0,,0,,,,757106,478.13,0
210,506.741,"Mount",-0.365,0.265,-0.444,-0.078,-0.280,0.000,91,E,0,,,,736975,378.61,0
211,509.163,"Mount",-0.146,0.010,-0.136,0.055,-0.105,0.000,34,E,0,,,,738676,459.22,0
212,511.325,"Mount",-0.048,-0.061,-0.016,0.076,0.000,0.000,0,,0,,,,750000,423.07,0
213,513.851,"Mount",-0.314,-0.056,-0.258,0.188,-0.162,0.000,53,E,0,,,,739030,430.87,0
214,516.153,"Mount",-0.294,0.063,-0.292,0.072,-0.195,0.000,63,E,0,,,,750993,456.92,0
215,518.762,"Mount",-0.299,0.133,-0.327,0.011,-0.220,0.000,71,E,0,,,,757284,458.36,0
216,521.000,"Mount",0.122,-0.239,0.215,0.161,0.120,0.000,39,W,0,,,,780985,467.93,0
217,523.396,"Mount",-0.213,-0.054,-0.168,0.142,-0.098,0.000,32,E,0,,,,742866,457.75,0
218,525.715,"Mount",-0.182,-0.269,-0.045,0.322,0.000,0.322,0,,68,S,,,743800,429.93,0
219,528.035,"Mount",-0.023,-0.011,-0.016,0.020,0.000,0.000,0,,0,,,,766373,411.48,0
220,530.261,"Mount",0.023,0.030,0.008,-0.037,0.000,0.000,0,,0,,,,778613,423.51,0
221,532.684,"Mount",-0.084,0.063,-0.103,-0.020,0.000,0.000,0,,0,,,,736277,448.06,0
222,535.090,"Mount",-0.368,0.264,-0.447,-0.076,-0.282,0.000,91,E,0,,,,776390,462.68,0
223,537.403,"Mount",0.085,-0.087,0.114,0.041,0.000,0.000,0,,0,,,,771435,464.48,0
224,539.891,"Mount",-0.369,0.154,-0.399,0.023,-0.251,0.000,82,E,0,,,,748385,374.31,0
225,542.298,"Mount",-0.110,0.194,-0.184,-0.126,-0.133,0.000,43,E,0,,,,769006,419.54,0
226,544.618,"Mount",-0.148,0.290,-0.260,-0.195,-0.173,0.000,56,E,0,,,,771877,490.41,0
227,547.010,"Mount",0.411,0.373,0.206,-0.516,0.118,0.000,38,W,0,,,,793170,452.19,0
228,549.259,"Mount",0.165,0.025,0.137,-0.095,0.095,0.000,31,W,0,,,,781071,423.66,0
229,551.593,"Mount",0.056,0.089,0.011,-0.105,0.000,0.000,0,,0,,,,783927,466.06,0
230,553.927,"Mount",0.198,-0.070,0.208,-0.024,0.131,0.000,43,W,0,,,,793676,467.05,0
231,557.755,"Mount",0.003,0.675,-0.293,-0.607,-0.176,-0.607,57,E,1331,N,,,806655,457.84,0
232,560.502,"Mount",-0.245,0.153,-0.288,-0.030,-0.193,0.000,63,E,0,,,,757772,425.93,0
233,562.929,"Mount",-0.277,0.080,-0.284,0.050,-0.192,0.000,62,E,0,,,,746607,420.50,0
234,565.206,"Mount",-0.233,-0.148,-0.144,0.235,-0.104,0.000,34,E,0,,,,730414,427.99,0
235,567.602,"Mount",-0.149,0.030,-0.147,0.038,-0.100,0.000,32,E,0,,,,744477,411.53,0
236,569.752,"Mount",0.013,-0.104,0.058,0.087,0.000,0.000,0,,0,,,,768965,461.80,0
237,572.249,"Mount",0.197,-0.102,0.221,0.005,0.139,0.000,45,W,0,,,,764975,443.52,0
238,574.611,"Mount",0.524,-0.527,0.703,0.244,0.452,0.000,147,W,0,,,,740853,450.40,0
239,576.956,"Mount",0.012,-0.179,0.089,0.156,0.000,0.000,0,,0,,,,741188,409.21,0
240,579.211,"Mount",-0.065,-0.125,-0.003,0.141,0.000,0.000,0,,0,,,,764064,426.41,0
241,581.611,"Mount",-0.095,-0.121,-0.032,0.150,0.000,0.000,0,,0,,,,765467,461.29,0
242,583.998,"Mount",-0.331,-0.019,-0.289,0.163,-0.182,0.000,59,E,0,,,,766993,443.46,0
243,586.388,"Mount",0.023,-0.070,0.051,0.053,0.000,0.000,0,,0,,,,750707,455.71,0
244,588.722,"Mount",-0.019,-0.063,0.011,0.065,0.000,0.000,0,,0,,,,767373,446.18,0
245,591.124,"Mount",0.044,-0.098,0.082,0.069,0.000,0.000,0,,0,,,,767785,440.17,0
246,593.579,"Mount",0.275,-0.182,0.327,0.043,0.206,0.000,67,W,0,,,,775746,476.94,0
247,596.043,"Mount",0.394,-0.389,0.525,0.177,0.345,0.000,112,W,0,,,,737848,448.19,0
248,598.187,"Mount",-0.059,-0.022,-0.043,0.046,0.000,0.000,0,,0,,,,769672,456.69,0
249,600.648,"Mount",-0.136,-0.020,-0.114,0.078,0.000,0.000,0,,0,,,,743200,433.95,0
250,603.012,"Mount",-0.270,0.156,-0.312,-0.022,-0.196,0.000,64,E,0,,,,791395,463.31,0
251,605.443,"Mount",-0.310,-0.016,-0.271,0.150,-0.185,0.000,60,E,0,,,,741779,439.17,0
252,607.660,"Mount",-0.187,-0.065,-0.140,0.140,-0.101,0.000,33,E,0,,,,711198,406.45,0
253,610.236,"Mount",0.616,-0.332,0.699,0.028,0.433,0.000,141,W,0,,,,763855,470.22,0
254,612.467,"Mount",-0.149,0.004,-0.136,0.061,-0.055,0.000,18,E,0,,,,759293,448.15,0
255,614.924,"Mount",0.085,-0.226,0.175,0.165,0.107,0.000,35,W,0,,,,741030,470.66,0
256,617.153,"Mount",-0.045,-0.054,-0.017,0.068,0.000,0.000,0,,0,,,,753466,429.27,0
257,619.749,"Mount",0.110,-0.117,0.150,0.056,0.095,0.000,31,W,0,,,,763375,448.97,0
258,622.482,"Mount",-0.241,-0.063,-0.189,0.163,-0.112,0.000,36,E,0,,,,748342,440.80,0
Guiding Ends at 2026-09-01 01:07:23

Guiding Begins at 2026-09-01 01:10:19
Equipment Profile = SW4P_EVO
Dither = both axes, Dither scale = 1.000, Image noise reduction = 2x2 mean, Guide-frame time lapse = 0, Server enabled
Pixel scale = 2.91 arc-sec/px, Binning = 1, Focal length = 266 mm
Search region = 15 px, Star mass tolerance = 50.0%, Multi-star mode, list size = 12
 Camera = ZWO ASI120MM Mini (ASCOM), full size = 1280 x 960, have dark, dark dur = 2000, no defect map, pixel size = 3.8 um
Exposure = 2000 ms
Mount = GPUSB, connected, guiding enabled, AuxMount=CPWI_ASCOM_Telescope, xAngle = -26.0, xRate = 3.083, yAngle = -116.0, yRate = 4.762, parity = +/-
Norm rates RA = 13.1"/s @ dec 0, Dec = 13.8"/s; ortho.err. = 0.0 deg
X guide algorithm = Hysteresis, Hysteresis = 0.100, Aggression = 0.700, Minimum move = 0.130
Y guide algorithm = Resist Switch, Minimum move = 0.200 Aggression = 100% FastSwitch = enabled
Backlash comp = enabled, pulse = 1203 ms
Max RA duration = 2500, Max DEC duration = 2500, DEC guide mode = Auto
RA Guide Speed = 14.9 a-s/s, Dec Guide Speed = 14.9 a-s/s, Cal Dec = -0.0, Last Cal Issue = None, Timestamp = 31/08/2026 21:19:06
RA = 20.03 hr, Dec = 46.7 deg, Hour angle = 2.59 hr, Pier side = East, Rotator pos = N/A, Alt = 62.3 deg, Az = 292.1 deg
Lock position = 1096.645, 500.342, Star position = 1096.645, 500.342, HFD = 3.44 px
Frame,Time,mount,dx,dy,RARawDistance,DECRawDistance,RAGuideDistance,DECGuideDistance,RADuration,RADirection,DECDuration,DECDirection,XStep,YStep,StarMass,SNR,ErrorCode
INFO: SETTLING STATE CHANGE, Settling started
1,2.678,"Mount",0.070,-0.266,0.180,0.208,0.113,0.000,37,W,0,,,,443057,291.87,0
2,4.827,"Mount",0.081,-0.099,0.116,0.053,0.000,0.000,0,,0,,,,454553,298.54,0
3,7.255,"Mount",-0.161,-0.159,-0.075,0.213,0.000,0.000,0,,0,,,,426705,256.15,0
4,9.574,"Mount",-0.101,0.144,-0.154,-0.085,-0.097,0.000,31,E,0,,,,426499,255.60,0
5,11.943,"Mount",-0.012,-0.169,0.063,0.157,0.000,0.000,0,,0,,,,455111,329.81,0
INFO: SETTLING STATE CHANGE, Settling complete
6,14.194,"Mount",0.138,0.018,0.116,-0.077,0.000,0.000,0,,0,,,,441806,274.40,0
7,16.714,"Mount",-0.141,0.033,-0.142,0.032,-0.089,0.000,29,E,0,,,,429575,284.96,0
8,18.970,"Mount",0.368,-0.213,0.424,0.030,0.261,0.000,85,W,0,,,,432909,280.49,0
9,21.282,"Mount",0.048,0.138,-0.018,-0.145,0.000,0.000,0,,0,,,,433479,259.49,0
10,23.688,"Mount",0.506,-0.184,0.536,-0.056,0.338,0.000,109,W,0,,,,412900,259.82,0
11,26.242,"Mount",-0.658,0.287,-0.717,0.031,-0.428,0.000,139,E,0,,,,443645,290.57,0
12,28.754,"Mount",-0.259,0.192,-0.317,-0.059,-0.229,0.000,74,E,0,,,,440263,261.76,0
13,31.091,"Mount",-0.122,-0.015,-0.103,0.067,0.000,0.000,0,,0,,,,437668,297.19,0
14,33.360,"Mount",-0.137,-0.021,-0.114,0.079,0.000,0.000,0,,0,,,,416247,277.68,0
15,35.866,"Mount",0.205,0.038,0.167,-0.124,0.105,0.000,34,W,0,,,,421124,256.42,0
16,38.020,"Mount",0.065,-0.011,0.063,-0.018,0.000,0.000,0,,0,,,,435558,294.81,0
17,40.420,"Mount",0.132,0.044,0.099,-0.097,0.000,0.000,0,,0,,,,434136,290.78,0
18,42.747,"Mount",0.105,-0.307,0.229,0.229,0.144,0.000,47,W,0,,,,459990,328.98,0
19,45.210,"Mount",0.354,-0.344,0.469,0.154,0.306,0.000,99,W,0,,,,420789,304.13,0
20,47.364,"Mount",-0.142,-0.166,-0.054,0.211,0.000,0.000,0,,0,,,,415393,261.06,0
21,49.882,"Mount",-0.255,-0.052,-0.206,0.159,-0.130,0.000,42,E,0,,,,438521,267.11,0
22,52.170,"Mount",-0.295,0.028,-0.278,0.104,-0.184,0.000,60,E,0,,,,430418,296.11,0
23,54.525,"Mount",0.034,-0.119,0.082,0.092,0.000,0.000,0,,0,,,,457517,283.20,0
24,56.744,"Mount",-0.141,-0.038,-0.110,0.096,0.000,0.000,0,,0,,,,435695,315.46,0
25,59.174,"Mount",0.026,-0.141,0.085,0.115,0.000,0.000,0,,0,,,,459348,294.23,0
26,61.561,"Mount",-0.041,-0.272,0.082,0.263,0.000,0.263,0,,55,S,,,442985,324.14,0
27,64.026,"Mount",0.337,-0.301,0.434,0.123,0.274,0.000,89,W,0,,,,423811,272.13,0
28,66.309,"Mount",0.233,-0.259,0.323,0.130,0.223,0.000,72,W,0,,,,444319,303.44,0
29,68.636,"Mount",-0.044,-0.032,-0.025,0.048,0.000,0.000,0,,0,,,,432231,297.82,0
30,70.892,"Mount",0.037,-0.038,0.050,0.018,0.000,0.000,0,,0,,,,434537,322.83,0
31,73.322,"Mount",0.018,-0.048,0.037,0.036,0.000,0.000,0,,0,,,,426773,261.98,0
32,75.576,"Mount",-0.007,0.007,-0.010,-0.004,0.000,0.000,0,,0,,,,437926,297.44,0
33,78.090,"Mount",0.240,0.102,0.171,-0.197,0.108,0.000,35,W,0,,,,408439,270.52,0
34,80.401,"Mount",-0.030,0.070,-0.057,-0.050,0.000,0.000,0,,0,,,,427927,259.90,0
35,82.796,"Mount",0.055,-0.093,0.090,0.059,0.000,0.000,0,,0,,,,430113,263.62,0
36,85.043,"Mount",-0.052,-0.051,-0.025,0.068,0.000,0.000,0,,0,,,,437733,313.12,0
37,87.455,"Mount",-0.133,0.004,-0.121,0.055,0.000,0.000,0,,0,,,,431922,272.79,0
38,89.834,"Mount",-0.087,-0.214,0.015,0.231,0.000,0.231,0,,48,S,,,451102,298.48,0
39,92.169,"Mount",-0.120,0.022,-0.117,0.033,0.000,0.000,0,,0,,,,436743,286.06,0
40,94.512,"Mount",-0.160,0.008,-0.147,0.063,-0.093,0.000,30,E,0,,,,441464,306.43,0
41,96.910,"Mount",-0.202,0.015,-0.188,0.075,-0.125,0.000,41,E,0,,,,444331,297.11,0
42,99.053,"Mount",-0.004,-0.131,0.054,0.120,0.000,0.000,0,,0,,,,434949,279.21,0
43,101.598,"Mount",-0.044,-0.230,0.061,0.226,0.000,0.226,0,,47,S,,,460309,312.26,0
44,103.910,"Mount",-0.100,-0.194,-0.005,0.218,0.000,0.218,0,,46,S,,,441893,284.94,0
45,106.277,"Mount",0.080,-0.005,0.074,-0.030,0.000,0.000,0,,0,,,,427894,263.35,0
46,108.693,"Mount",0.204,-0.084,0.220,-0.014,0.139,0.000,45,W,0,,,,451318,334.27,0
47,111.193,"Mount",-0.356,0.305,-0.454,-0.118,-0.276,0.000,90,E,0,,,,439541,252.99,0
48,113.434,"Mount",-0.155,0.181,-0.219,-0.095,-0.157,0.000,51,E,0,,,,430366,268.38,0
49,115.796,"Mount",-0.046,0.131,-0.098,-0.098,0.000,0.000,0,,0,,,,425411,282.18,0
50,118.051,"Mount",-0.019,0.124,-0.072,-0.103,0.000,0.000,0,,0,,,,443700,288.78,0
51,120.714,"Mount",-0.990,0.262,-1.004,0.199,-0.633,0.000,205,E,0,,,,454465,274.17,0
52,122.877,"Mount",0.036,0.063,0.005,-0.073,0.000,0.000,0,,0,,,,447777,312.35,0
53,125.348,"Mount",0.128,-0.040,0.133,-0.020,0.084,0.000,27,W,0,,,,427544,263.38,0
54,127.695,"Mount",0.584,-0.077,0.558,-0.187,0.358,0.000,116,W,0,,,,410986,253.23,0
55,130.006,"Mount",0.079,0.038,0.055,-0.069,0.000,0.000,0,,0,,,,444407,271.33,0
56,132.277,"Mount",0.107,0.021,0.087,-0.066,0.000,0.000,0,,0,,,,420640,324.94,0
57,134.672,"Mount",0.013,0.018,0.004,-0.022,0.000,0.000,0,,0,,,,445192,273.97,0
58,136.896,"Mount",-0.114,-0.061,-0.075,0.104,0.000,0.000,0,,0,,,,423045,254.00,0
59,139.384,"Mount",-0.273,-0.061,-0.218,0.175,-0.138,0.000,45,E,0,,,,436439,268.78,0
60,141.537,"Mount",0.045,-0.149,0.106,0.114,0.000,0.000,0,,0,,,,433021,293.72,0
61,143.953,"Mount",0.035,0.018,0.024,-0.031,0.000,0.000,0,,0,,,,438980,240.83,0
62,146.204,"Mount",-0.067,-0.008,-0.057,0.036,0.000,0.000,0,,0,,,,460050,284.78,0
63,148.826,"Mount",-0.369,0.127,-0.387,0.048,-0.244,0.000,79,E,0,,,,429172,310.46,0
64,150.975,"Mount",-0.055,0.009,-0.053,0.016,0.000,0.000,0,,0,,,,426752,297.11,0
65,153.384,"Mount",0.059,-0.082,0.089,0.048,0.000,0.000,0,,0,,,,435340,312.00,0
66,155.638,"Mount",-0.094,-0.094,-0.043,0.126,0.000,0.000,0,,0,,,,413118,251.33,0
67,158.138,"Mount",-0.192,0.024,-0.183,0.063,-0.115,0.000,37,E,0,,,,412689,265.71,0
68,160.317,"Mount",-0.098,-0.042,-0.070,0.081,0.000,0.000,0,,0,,,,450007,282.43,0
69,162.868,"Mount",-0.335,0.007,-0.304,0.140,-0.192,0.000,62,E,0,,,,433618,261.87,0
70,165.019,"Mount",-0.131,-0.067,-0.088,0.118,0.000,0.000,0,,0,,,,441262,290.32,0
71,167.442,"Mount",-0.162,-0.052,-0.123,0.118,0.000,0.000,0,,0,,,,438491,288.11,0
72,169.716,"Mount",-0.129,-0.046,-0.096,0.098,0.000,0.000,0,,0,,,,437365,285.81,0
73,172.227,"Mount",-0.190,-0.086,-0.133,0.161,-0.084,0.000,27,E,0,,,,445264,288.44,0
74,174.692,"Mount",-0.196,-0.209,-0.085,0.274,0.000,0.274,0,,58,S,,,452060,313.25,0
75,177.015,"Mount",0.066,-0.104,0.105,0.064,0.000,0.000,0,,0,,,,431560,282.88,0
76,179.264,"Mount",-0.134,-0.012,-0.115,0.070,0.000,0.000,0,,0,,,,443178,283.94,0
77,181.707,"Mount",0.036,0.039,0.015,-0.051,0.000,0.000,0,,0,,,,453884,269.31,0
78,184.111,"Mount",0.010,-0.123,0.063,0.106,0.000,0.000,0,,0,,,,431528,276.82,0
79,186.531,"Mount",-0.049,-0.177,0.034,0.180,0.000,0.000,0,,0,,,,441918,271.28,0
80,188.799,"Mount",-0.010,-0.211,0.084,0.194,0.000,0.000,0,,0,,,,409186,301.94,0
81,191.370,"Mount",0.069,-0.280,0.185,0.222,0.116,0.222,38,W,47,S,,,428138,247.92,0
82,193.524,"Mount",0.030,-0.090,0.067,0.068,0.000,0.000,0,,0,,,,415885,274.62,0
83,195.949,"Mount",-0.053,-0.060,-0.021,0.077,0.000,0.000,0,,0,,,,433712,293.74,0
84,198.197,"Mount",-0.053,-0.160,0.023,0.167,0.000,0.000,0,,0,,,,425164,282.22,0
85,200.666,"Mount",-0.221,-0.109,-0.151,0.194,-0.095,0.000,31,E,0,,,,446652,283.80,0
86,202.844,"Mount",-0.115,-0.062,-0.077,0.106,0.000,0.000,0,,0,,,,452334,294.06,0
87,205.379,"Mount",-0.118,-0.258,0.008,0.284,0.000,0.284,0,,60,S,,,440700,270.17,0
88,207.892,"Mount",-0.267,-0.163,-0.169,0.264,-0.106,0.264,34,E,55,S,,,424124,274.89,0
89,210.291,"Mount",0.027,-0.239,0.129,0.202,0.000,0.202,0,,43,S,,,416583,294.55,0
90,212.658,"Mount",0.046,-0.288,0.168,0.239,0.106,0.239,34,W,50,S,,,429823,280.26,0
91,215.348,"Mount",0.208,-0.500,0.406,0.359,0.263,0.359,85,W,75,S,,,435892,279.48,0
92,217.802,"Mount",0.259,-0.449,0.430,0.290,0.289,0.290,94,W,61,S,,,434405,297.03,0
93,220.242,"Mount",-0.126,-0.265,0.003,0.293,0.000,0.293,0,,62,S,,,437683,290.77,0
94,222.495,"Mount",0.054,-0.225,0.147,0.178,0.093,0.000,30,W,0,,,,427549,277.74,0
95,224.829,"Mount",-0.032,0.129,-0.085,-0.102,0.000,0.000,0,,0,,,,443512,298.71,0
96,227.163,"Mount",-0.213,-0.012,-0.186,0.105,-0.117,0.000,38,E,0,,,,428749,250.02,0
97,229.692,"Mount",0.100,-0.273,0.210,0.201,0.124,0.201,40,W,42,S,,,441413,277.40,0
98,231.962,"Mount",-0.128,-0.302,0.017,0.328,0.000,0.328,0,,69,S,,,445075,310.00,0
99,234.434,"Mount",-0.134,-0.304,0.013,0.332,0.000,0.332,0,,70,S,,,454217,291.25,0
100,236.793,"Mount",0.023,-0.383,0.189,0.334,0.119,0.334,39,W,70,S,,,426355,270.86,0
101,239.298,"Mount",0.106,-0.288,0.221,0.212,0.148,0.212,48,W,45,S,,,441418,291.02,0
102,241.572,"Mount",-0.048,-0.284,0.082,0.276,0.000,0.276,0,,58,S,,,452134,283.87,0
103,244.130,"Mount",0.066,-0.320,0.200,0.259,0.126,0.259,41,W,54,S,,,437692,284.84,0
104,246.457,"Mount",-0.159,-0.016,-0.136,0.084,-0.077,0.000,25,E,0,,,,430291,310.39,0
105,248.789,"Mount",0.070,-0.124,0.117,0.080,0.000,0.000,0,,0,,,,430758,305.69,0
106,251.085,"Mount",0.084,-0.210,0.168,0.152,0.106,0.000,34,W,0,,,,430574,288.18,0
107,253.407,"Mount",-0.101,-0.011,-0.086,0.054,0.000,0.000,0,,0,,,,423984,290.41,0
108,255.662,"Mount",0.018,-0.053,0.039,0.040,0.000,0.000,0,,0,,,,426736,242.43,0
109,258.114,"Mount",-0.041,-0.042,-0.019,0.056,0.000,0.000,0,,0,,,,432612,280.78,0
110,260.450,"Mount",-0.088,-0.304,0.055,0.312,0.000,0.312,0,,66,S,,,450586,274.39,0
111,262.765,"Mount",0.049,-0.115,0.094,0.082,0.000,0.000,0,,0,,,,426829,259.13,0
112,265.005,"Mount",-0.059,-0.162,0.019,0.172,0.000,0.000,0,,0,,,,447728,307.71,0
113,267.525,"Mount",-0.172,0.009,-0.158,0.067,-0.100,0.000,32,E,0,,,,424173,283.45,0
114,269.812,"Mount",-0.363,0.036,-0.342,0.127,-0.222,0.000,72,E,0,,,,432135,306.34,0
115,272.135,"Mount",0.031,-0.129,0.084,0.102,0.000,0.000,0,,0,,,,442102,300.18,0
116,274.554,"Mount",-0.272,-0.152,-0.178,0.256,-0.112,0.256,36,E,54,S,,,427582,327.94,0
117,276.948,"Mount",0.093,-0.208,0.175,0.146,0.102,0.000,33,W,0,,,,429527,263.62,0
118,279.097,"Mount",-0.093,0.083,-0.120,-0.034,0.000,0.000,0,,0,,,,429220,250.41,0
119,281.601,"Mount",0.115,-0.196,0.189,0.125,0.119,0.000,39,W,0,,,,433449,307.60,0
120,284.114,"Mount",-0.036,-0.224,0.066,0.218,0.000,0.218,0,,46,S,,,452648,282.65,0
121,286.554,"Mount",-0.013,-0.296,0.118,0.272,0.000,0.272,0,,57,S,,,450349,289.36,0
122,288.770,"Mount",-0.050,-0.113,0.005,0.124,0.000,0.000,0,,0,,,,432050,303.42,0
123,291.160,"Mount",-0.057,0.024,-0.062,0.003,0.000,0.000,0,,0,,,,435151,325.84,0
124,293.543,"Mount",-0.311,0.183,-0.360,-0.028,-0.227,0.000,73,E,0,,,,455637,292.52,0
125,295.947,"Mount",-0.167,0.094,-0.191,-0.011,-0.136,0.000,44,E,0,,,,448344,273.24,0
126,298.328,"Mount",-0.185,0.121,-0.220,-0.028,-0.148,0.000,48,E,0,,,,430747,304.75,0
127,300.653,"Mount",0.117,-0.045,0.125,-0.011,0.000,0.000,0,,0,,,,419096,251.27,0
128,302.915,"Mount",-0.175,-0.133,-0.099,0.196,0.000,0.000,0,,0,,,,409300,265.71,0
129,305.374,"Mount",-0.016,-0.069,0.016,0.069,0.000,0.000,0,,0,,,,446161,318.05,0
130,307.746,"Mount",-0.340,0.067,-0.335,0.089,-0.211,0.000,68,E,0,,,,410133,266.42,0
131,310.049,"Mount",-0.086,-0.096,-0.035,0.124,0.000,0.000,0,,0,,,,433120,266.01,0
132,312.312,"Mount",-0.126,-0.023,-0.103,0.076,0.000,0.000,0,,0,,,,446786,298.54,0
133,314.798,"Mount",-0.215,0.024,-0.203,0.073,-0.128,0.000,42,E,0,,,,437432,289.35,0
134,317.058,"Mount",-0.142,-0.180,-0.049,0.224,0.000,0.224,0,,47,S,,,430106,282.67,0
135,319.448,"Mount",-0.223,-0.101,-0.156,0.188,-0.098,0.000,32,E,0,,,,414875,283.91,0
INFO: SET LOCK POSITION, new lock pos = 1096.645, 500.342
INFO: DITHER by 0.317, 0.712, new lock pos = 1096.618, 499.563
INFO: SETTLING STATE CHANGE, Settling started
136,323.234,"Mount",0.028,0.779,-0.317,-0.712,-0.317,-0.712,103,E,1352,N,,,413093,273.86,0
137,325.709,"Mount",-0.317,0.522,-0.514,-0.329,-0.324,0.000,105,E,0,,,,452508,276.37,0
138,328.028,"Mount",0.482,0.192,0.349,-0.384,0.197,0.000,64,W,0,,,,454058,284.78,0
139,330.554,"Mount",-0.297,0.381,-0.434,-0.212,-0.260,-0.212,84,E,45,N,,,439233,248.99,0
INFO: SETTLING STATE CHANGE, Settling complete
140,332.802,"Mount",-0.240,0.299,-0.347,-0.164,-0.237,0.000,77,E,0,,,,433963,306.16,0
Guiding Ends at 2026-09-01 01:15:54

Guiding Begins at 2026-09-01 01:20:18
Equipment Profile = SW4P_EVO
Dither = both axes, Dither scale = 1.000, Image noise reduction = 2x2 mean, Guide-frame time lapse = 0, Server enabled
Pixel scale = 2.91 arc-sec/px, Binning = 1, Focal length = 266 mm
Search region = 15 px, Star mass tolerance = 50.0%, Multi-star mode, list size = 12
 Camera = ZWO ASI120MM Mini (ASCOM), full size = 1280 x 960, have dark, dark dur = 2000, no defect map, pixel size = 3.8 um
Exposure = 2000 ms
Mount = GPUSB, connected, guiding enabled, AuxMount=CPWI_ASCOM_Telescope, xAngle = -26.0, xRate = 3.083, yAngle = -116.0, yRate = 4.762, parity = +/-
Norm rates RA = 13.1"/s @ dec 0, Dec = 13.8"/s; ortho.err. = 0.0 deg
X guide algorithm = Hysteresis, Hysteresis = 0.100, Aggression = 0.700, Minimum move = 0.130
Y guide algorithm = Resist Switch, Minimum move = 0.200 Aggression = 100% FastSwitch = enabled
Backlash comp = enabled, pulse = 1203 ms
Max RA duration = 2500, Max DEC duration = 2500, DEC guide mode = Auto
RA Guide Speed = 14.9 a-s/s, Dec Guide Speed = 14.9 a-s/s, Cal Dec = -0.0, Last Cal Issue = None, Timestamp = 31/08/2026 21:19:06
RA = 20.03 hr, Dec = 46.7 deg, Hour angle = 2.76 hr, Pier side = East, Rotator pos = N/A, Alt = 60.6 deg, Az = 292.6 deg
Lock position = 632.486, 921.478, Star position = 632.486, 921.478, HFD = 3.20 px
Frame,Time,mount,dx,dy,RARawDistance,DECRawDistance,RAGuideDistance,DECGuideDistance,RADuration,RADirection,DECDuration,DECDirection,XStep,YStep,StarMass,SNR,ErrorCode
INFO: SETTLING STATE CHANGE, Settling started
1,2.630,"Mount",-0.030,0.185,-0.108,-0.153,0.000,0.000,0,,0,,,,467793,310.45,0
2,4.946,"Mount",-0.150,0.063,-0.162,0.009,-0.102,0.000,33,E,0,,,,474212,339.53,0
3,7.380,"Mount",-0.169,0.202,-0.240,-0.108,-0.159,0.000,51,E,0,,,,466421,326.30,0
4,9.657,"Mount",-0.297,0.158,-0.336,-0.012,-0.223,0.000,72,E,0,,,,448785,309.22,0
5,11.987,"Mount",0.078,0.104,0.025,-0.128,0.000,0.000,0,,0,,,,466456,333.67,0
INFO: SETTLING STATE CHANGE, Settling complete
6,14.227,"Mount",-0.037,0.047,-0.054,-0.027,0.000,0.000,0,,0,,,,445173,302.60,0
7,16.795,"Mount",-0.170,-0.038,-0.136,0.109,-0.086,0.000,28,E,0,,,,443659,332.42,0
8,18.953,"Mount",0.006,-0.077,0.039,0.066,0.000,0.000,0,,0,,,,477048,326.99,0
9,21.347,"Mount",0.141,0.037,0.110,-0.095,0.000,0.000,0,,0,,,,470514,287.33,0
10,23.697,"Mount",0.267,-0.371,0.403,0.216,0.254,0.000,82,W,0,,,,462864,341.20,0
11,26.187,"Mount",-0.491,0.229,-0.542,0.010,-0.324,0.000,105,E,0,,,,446928,345.00,0
12,28.453,"Mount",-0.038,-0.059,-0.008,0.070,0.000,0.000,0,,0,,,,475612,285.23,0
13,30.986,"Mount",-0.369,0.163,-0.403,0.015,-0.254,0.000,82,E,0,,,,437244,319.97,0
14,33.298,"Mount",-0.270,0.119,-0.295,0.012,-0.203,0.000,66,E,0,,,,436892,313.08,0
15,35.709,"Mount",-0.075,0.174,-0.144,-0.123,-0.105,0.000,34,E,0,,,,461525,331.41,0
16,37.948,"Mount",0.089,-0.160,0.150,0.104,0.087,0.000,28,W,0,,,,430007,279.80,0
17,40.542,"Mount",0.261,-0.219,0.331,0.082,0.214,0.000,70,W,0,,,,457911,281.36,0
18,42.691,"Mount",-0.044,0.000,-0.040,0.019,0.000,0.000,0,,0,,,,477427,296.37,0
19,45.263,"Mount",0.276,-0.226,0.347,0.082,0.219,0.000,71,W,0,,,,447930,346.35,0
20,47.474,"Mount",-0.220,-0.111,-0.149,0.196,-0.078,0.000,25,E,0,,,,448086,305.72,0
21,49.928,"Mount",-0.267,-0.188,-0.158,0.286,-0.105,0.000,34,E,0,,,,449797,318.20,0
22,52.170,"Mount",-0.208,-0.059,-0.161,0.144,-0.109,0.000,35,E,0,,,,461089,339.60,0
23,54.562,"Mount",-0.030,-0.020,-0.018,0.031,0.000,0.000,0,,0,,,,451844,317.25,0
24,56.946,"Mount",-0.168,0.103,-0.196,-0.019,-0.123,0.000,40,E,0,,,,476582,346.04,0
25,59.287,"Mount",0.026,-0.145,0.087,0.119,0.000,0.000,0,,0,,,,451924,342.95,0
26,61.626,"Mount",0.161,-0.367,0.306,0.260,0.193,0.000,62,W,0,,,,461613,301.75,0
27,64.242,"Mount",0.415,-0.679,0.671,0.428,0.436,0.428,141,W,90,S,,,454917,290.83,0
28,66.690,"Mount",0.198,-0.407,0.356,0.279,0.255,0.279,83,W,59,S,,,466537,326.66,0
29,69.075,"Mount",-0.218,-0.053,-0.172,0.144,-0.091,0.000,29,E,0,,,,441289,306.22,0
30,71.547,"Mount",-0.360,-0.117,-0.272,0.263,-0.178,0.263,58,E,55,S,,,451283,325.11,0
31,74.075,"Mount",0.132,-0.291,0.246,0.203,0.143,0.203,46,W,43,S,,,491602,343.21,0
32,76.234,"Mount",-0.161,-0.087,-0.106,0.149,0.000,0.000,0,,0,,,,452903,317.02,0
33,78.656,"Mount",-0.105,-0.151,-0.028,0.181,0.000,0.000,0,,0,,,,441364,320.28,0
34,80.884,"Mount",-0.130,-0.137,-0.057,0.180,0.000,0.000,0,,0,,,,420900,290.33,0
35,83.294,"Mount",-0.055,0.035,-0.065,-0.007,0.000,0.000,0,,0,,,,455687,296.87,0
36,85.602,"Mount",0.064,-0.236,0.162,0.184,0.102,0.000,33,W,0,,,,451422,308.19,0
37,88.027,"Mount",-0.129,-0.201,-0.027,0.237,0.000,0.237,0,,50,S,,,471089,374.33,0
38,90.184,"Mount",-0.086,0.013,-0.083,0.026,0.000,0.000,0,,0,,,,450388,306.50,0
39,92.779,"Mount",-0.273,-0.246,-0.137,0.341,-0.086,0.341,28,E,72,S,,,476131,350.48,0
40,95.145,"Mount",-0.390,0.086,-0.388,0.094,-0.250,0.000,81,E,0,,,,455572,320.45,0
41,97.578,"Mount",-0.195,-0.003,-0.174,0.089,-0.127,0.000,41,E,0,,,,442525,328.52,0
42,99.898,"Mount",0.164,-0.370,0.310,0.260,0.186,0.260,60,W,55,S,,,454834,313.42,0
43,102.455,"Mount",0.136,-0.249,0.231,0.164,0.159,0.000,51,W,0,,,,457582,343.94,0
44,104.602,"Mount",-0.180,-0.082,-0.125,0.152,0.000,0.000,0,,0,,,,452893,326.57,0
45,107.032,"Mount",0.051,-0.182,0.126,0.142,0.000,0.000,0,,0,,,,452546,310.42,0
46,109.674,"Mount",0.372,-0.520,0.563,0.303,0.354,0.303,115,W,64,S,,,452173,302.99,0
47,112.122,"Mount",-0.196,-0.323,-0.034,0.376,0.000,0.376,0,,79,S,,,445386,303.14,0
48,114.536,"Mount",-0.268,-0.194,-0.156,0.292,-0.098,0.292,32,E,61,S,,,453586,301.71,0
49,116.987,"Mount",-0.378,-0.029,-0.327,0.191,-0.213,0.000,69,E,0,,,,445205,316.58,0
50,119.141,"Mount",-0.058,-0.175,0.025,0.182,0.000,0.000,0,,0,,,,448455,311.91,0
51,121.548,"Mount",-0.080,0.048,-0.092,-0.008,0.000,0.000,0,,0,,,,443705,308.16,0
52,123.875,"Mount",-0.005,-0.249,0.105,0.226,0.000,0.226,0,,48,S,,,440361,285.58,0
53,126.201,"Mount",0.002,-0.215,0.096,0.192,0.000,0.000,0,,0,,,,456035,328.91,0
54,128.704,"Mount",0.662,-0.419,0.779,0.086,0.491,0.000,159,W,0,,,,441127,303.03,0
55,131.290,"Mount",0.368,-0.444,0.525,0.238,0.365,0.238,119,W,50,S,,,464691,340.28,0
56,133.596,"Mount",0.151,-0.200,0.223,0.113,0.166,0.000,54,W,0,,,,487685,370.03,0
57,136.110,"Mount",-0.296,-0.113,-0.217,0.231,-0.125,0.231,41,E,49,S,,,428344,321.06,0
58,138.467,"Mount",-0.243,-0.163,-0.147,0.253,-0.101,0.253,33,E,53,S,,,445611,307.64,0
59,140.994,"Mount",0.074,-0.259,0.180,0.201,0.106,0.201,34,W,42,S,,,429233,294.11,0
60,143.442,"Mount",-0.563,-0.417,-0.323,0.622,-0.196,0.622,64,E,131,S,,,465534,340.07,0
61,145.899,"Mount",-0.059,-0.403,0.124,0.388,0.000,0.388,0,,82,S,,,459064,333.89,0
62,148.039,"Mount",-0.112,-0.154,-0.034,0.187,0.000,0.000,0,,0,,,,452053,341.74,0
63,150.607,"Mount",0.334,-0.089,0.339,-0.067,0.214,0.000,69,W,0,,,,454288,309.62,0
64,152.768,"Mount",0.014,0.045,-0.008,-0.047,0.000,0.000,0,,0,,,,456704,290.36,0
65,155.178,"Mount",-0.053,0.110,-0.095,-0.075,0.000,0.000,0,,0,,,,458764,301.57,0
66,157.585,"Mount",-0.377,0.188,-0.421,-0.004,-0.265,0.000,86,E,0,,,,476812,322.27,0
67,159.891,"Mount",-0.041,-0.056,-0.012,0.069,0.000,0.000,0,,0,,,,463963,326.88,0
68,162.256,"Mount",-0.274,0.226,-0.346,-0.083,-0.218,0.000,71,E,0,,,,447536,298.97,0
69,164.785,"Mount",0.332,-0.133,0.356,-0.026,0.209,0.000,68,W,0,,,,447013,306.70,0
70,166.980,"Mount",0.052,-0.070,0.078,0.040,0.000,0.000,0,,0,,,,441872,289.59,0
71,169.388,"Mount",0.005,0.013,-0.001,-0.013,0.000,0.000,0,,0,,,,466611,362.63,0
72,171.765,"Mount",0.133,-0.037,0.136,-0.025,0.085,0.000,28,W,0,,,,455306,302.94,0
73,174.203,"Mount",-0.271,0.197,-0.330,-0.058,-0.202,0.000,66,E,0,,,,471052,299.48,0
74,176.364,"Mount",-0.035,0.223,-0.129,-0.185,0.000,0.000,0,,0,,,,462112,333.61,0
75,178.930,"Mount",-0.103,0.110,-0.141,-0.054,-0.089,0.000,29,E,0,,,,443746,318.56,0
76,181.216,"Mount",-0.136,0.113,-0.172,-0.041,-0.115,0.000,37,E,0,,,,472077,357.21,0
77,183.526,"Mount",-0.019,-0.051,0.005,0.054,0.000,0.000,0,,0,,,,462814,366.25,0
78,185.806,"Mount",0.062,0.075,0.023,-0.094,0.000,0.000,0,,0,,,,451455,315.15,0
79,188.323,"Mount",0.340,-0.162,0.377,-0.004,0.238,0.000,77,W,0,,,,440548,278.34,0
80,190.617,"Mount",0.134,-0.249,0.230,0.165,0.161,0.000,52,W,0,,,,440858,309.84,0
81,192.979,"Mount",0.080,0.006,0.069,-0.040,0.000,0.000,0,,0,,,,471005,311.80,0
82,195.314,"Mount",0.172,-0.206,0.245,0.109,0.154,0.000,50,W,0,,,,440665,302.66,0
83,197.802,"Mount",-0.707,0.145,-0.699,0.180,-0.430,0.000,139,E,0,,,,461901,327.71,0
84,200.075,"Mount",-0.047,-0.383,0.126,0.364,0.000,0.364,0,,77,S,,,447179,332.85,0
85,202.570,"Mount",-0.079,-0.435,0.120,0.425,0.000,0.425,0,,89,S,,,467784,335.64,0
86,204.906,"Mount",0.111,-0.356,0.256,0.272,0.161,0.272,52,W,57,S,,,461781,349.20,0
87,207.338,"Mount",-0.303,0.136,-0.332,0.011,-0.198,0.000,64,E,0,,,,460274,312.42,0
88,209.706,"Mount",0.142,-0.331,0.272,0.235,0.158,0.235,51,W,49,S,,,469673,321.18,0
89,212.146,"Mount",0.289,-0.001,0.260,-0.126,0.175,0.000,57,W,0,,,,455719,328.40,0
90,214.552,"Mount",0.456,0.009,0.406,-0.208,0.268,0.000,87,W,0,,,,479972,315.89,0
91,216.886,"Mount",0.114,0.245,-0.005,-0.270,0.000,0.000,0,,0,,,,456084,329.19,0
92,219.224,"Mount",-0.203,0.073,-0.215,0.024,-0.135,0.000,44,E,0,,,,460259,274.50,0
93,221.626,"Mount",-0.207,-0.212,-0.093,0.282,0.000,0.282,0,,59,S,,,452670,332.89,0
94,223.943,"Mount",-0.202,-0.065,-0.153,0.148,-0.096,0.000,31,E,0,,,,462472,321.20,0
95,226.428,"Mount",0.564,0.113,0.458,-0.349,0.282,0.000,91,W,0,,,,466233,323.35,0
96,228.580,"Mount",0.079,0.068,0.041,-0.095,0.000,0.000,0,,0,,,,456183,302.96,0
97,231.087,"Mount",0.164,-0.104,0.193,0.021,0.122,0.000,40,W,0,,,,455982,290.79,0
98,233.274,"Mount",-0.039,0.171,-0.110,-0.137,0.000,0.000,0,,0,,,,459841,325.93,0
99,235.686,"Mount",-0.050,-0.036,-0.029,0.054,0.000,0.000,0,,0,,,,440234,293.94,0
100,237.941,"Mount",-0.021,0.087,-0.057,-0.069,0.000,0.000,0,,0,,,,431857,288.48,0
101,240.380,"Mount",-0.011,0.061,-0.037,-0.050,0.000,0.000,0,,0,,,,455394,358.84,0
102,242.911,"Mount",-0.466,0.068,-0.448,0.143,-0.282,0.000,92,E,0,,,,456052,315.22,0
103,245.298,"Mount",0.132,-0.093,0.159,0.025,0.080,0.000,26,W,0,,,,457216,318.59,0
104,247.473,"Mount",-0.034,-0.125,0.024,0.127,0.000,0.000,0,,0,,,,466983,333.04,0
105,250.068,"Mount",0.276,-0.313,0.385,0.160,0.243,0.000,79,W,0,,,,458906,347.44,0
106,252.364,"Mount",-0.219,0.141,-0.259,-0.031,-0.146,0.000,47,E,0,,,,457322,306.33,0
107,254.690,"Mount",-0.139,-0.033,-0.111,0.090,0.000,0.000,0,,0,,,,464682,308.97,0
108,256.937,"Mount",0.053,0.085,0.010,-0.099,0.000,0.000,0,,0,,,,470937,339.69,0
109,259.343,"Mount",0.102,-0.052,0.115,0.002,0.000,0.000,0,,0,,,,448432,329.90,0
110,261.570,"Mount",-0.007,-0.032,0.008,0.032,0.000,0.000,0,,0,,,,449208,295.46,0
111,263.991,"Mount",-0.053,-0.029,-0.035,0.049,0.000,0.000,0,,0,,,,462971,267.77,0
112,266.411,"Mount",-0.189,-0.035,-0.155,0.115,-0.097,0.000,32,E,0,,,,468123,319.86,0
113,268.797,"Mount",0.021,-0.003,0.020,-0.007,0.000,0.000,0,,0,,,,464493,313.83,0
114,271.187,"Mount",-0.388,0.174,-0.425,0.014,-0.267,0.000,87,E,0,,,,458770,303.73,0
115,273.618,"Mount",-0.298,0.061,-0.295,0.076,-0.204,0.000,66,E,0,,,,462989,305.88,0
116,275.842,"Mount",0.067,-0.168,0.134,0.121,0.070,0.000,23,W,0,,,,487196,321.70,0
117,278.398,"Mount",0.673,-0.533,0.839,0.184,0.533,0.000,173,W,0,,,,444737,322.83,0
118,280.874,"Mount",0.111,-0.206,0.190,0.136,0.157,0.000,51,W,0,,,,471178,321.51,0
119,283.204,"Mount",-0.081,0.065,-0.101,-0.023,0.000,0.000,0,,0,,,,449324,337.61,0
120,285.506,"Mount",-0.159,0.041,-0.160,0.033,-0.101,0.000,33,E,0,,,,453500,323.06,0
121,287.987,"Mount",-0.382,0.160,-0.413,0.024,-0.267,0.000,87,E,0,,,,447408,302.66,0
122,290.127,"Mount",0.041,-0.176,0.114,0.140,0.000,0.000,0,,0,,,,455128,297.55,0
123,292.667,"Mount",-0.133,-0.244,-0.012,0.277,0.000,0.277,0,,58,S,,,446464,289.17,0
124,294.947,"Mount",-0.002,-0.247,0.106,0.223,0.000,0.223,0,,47,S,,,455145,318.38,0
125,297.385,"Mount",-0.266,0.042,-0.257,0.079,-0.162,0.000,53,E,0,,,,450649,300.81,0
126,299.696,"Mount",-0.098,-0.007,-0.085,0.049,0.000,0.000,0,,0,,,,436515,277.53,0
127,302.565,"Mount",-0.400,-0.101,-0.315,0.266,-0.198,0.266,64,E,56,S,,,430024,313.72,0
128,304.718,"Mount",-0.027,-0.108,0.024,0.109,0.000,0.000,0,,0,,,,456108,340.40,0
129,307.128,"Mount",-0.017,0.226,-0.115,-0.195,0.000,0.000,0,,0,,,,451186,340.47,0
130,309.483,"Mount",-0.146,0.139,-0.192,-0.060,-0.121,0.000,39,E,0,,,,439759,306.54,0
131,311.823,"Mount",-0.117,0.049,-0.127,0.007,0.000,0.000,0,,0,,,,451852,276.45,0
132,314.164,"Mount",-0.193,-0.052,-0.150,0.131,-0.095,0.000,31,E,0,,,,455458,299.97,0
133,316.526,"Mount",-0.025,-0.197,0.063,0.188,0.000,0.000,0,,0,,,,433692,285.64,0
134,318.781,"Mount",-0.112,-0.051,-0.078,0.094,0.000,0.000,0,,0,,,,448155,288.14,0
135,321.179,"Mount",-0.030,-0.028,-0.015,0.038,0.000,0.000,0,,0,,,,451713,329.50,0
136,323.433,"Mount",-0.044,0.033,-0.054,-0.010,0.000,0.000,0,,0,,,,457253,336.21,0
137,325.923,"Mount",-0.184,0.235,-0.268,-0.130,-0.169,0.000,55,E,0,,,,450266,326.29,0
138,328.096,"Mount",0.116,0.115,0.054,-0.154,0.000,0.000,0,,0,,,,470679,323.48,0
139,330.630,"Mount",-0.141,0.059,-0.153,0.009,-0.096,0.000,31,E,0,,,,453349,298.23,0
140,332.786,"Mount",-0.055,-0.044,-0.031,0.064,0.000,0.000,0,,0,,,,459055,322.09,0
141,335.201,"Mount",0.019,0.081,-0.019,-0.081,0.000,0.000,0,,0,,,,459843,352.02,0
142,337.441,"Mount",-0.126,-0.019,-0.105,0.072,0.000,0.000,0,,0,,,,424419,325.51,0
143,339.907,"Mount",-0.171,-0.019,-0.146,0.092,-0.092,0.000,30,E,0,,,,451284,325.18,0
144,342.092,"Mount",-0.017,0.025,-0.026,-0.015,0.000,0.000,0,,0,,,,460103,341.23,0
145,344.585,"Mount",0.047,-0.010,0.046,-0.012,0.000,0.000,0,,0,,,,452254,354.55,0
146,346.824,"Mount",0.032,-0.004,0.030,-0.010,0.000,0.000,0,,0,,,,456135,353.61,0
147,349.296,"Mount",-0.059,0.174,-0.129,-0.130,0.000,0.000,0,,0,,,,459218,303.61,0
148,351.707,"Mount",-0.238,0.202,-0.303,-0.077,-0.191,0.000,62,E,0,,,,452982,308.89,0
149,354.043,"Mount",0.057,0.104,0.005,-0.118,0.000,0.000,0,,0,,,,468429,331.52,0
150,356.279,"Mount",-0.086,0.057,-0.102,-0.013,0.000,0.000,0,,0,,,,440894,311.52,0
151,358.852,"Mount",-0.307,0.031,-0.290,0.107,-0.182,0.000,59,E,0,,,,451954,316.60,0
152,361.091,"Mount",-0.036,-0.231,0.069,0.223,0.000,0.223,0,,47,S,,,440386,309.80,0
153,363.547,"Mount",0.335,-0.205,0.391,0.037,0.246,0.000,80,W,0,,,,452970,291.29,0
154,365.794,"Mount",0.173,-0.061,0.182,-0.021,0.132,0.000,43,W,0,,,,433616,300.40,0
155,368.118,"Mount",0.101,-0.089,0.130,0.036,0.000,0.000,0,,0,,,,449126,316.00,0
156,370.365,"Mount",0.009,-0.064,0.036,0.053,0.000,0.000,0,,0,,,,438333,294.64,0
157,372.916,"Mount",0.130,-0.083,0.153,0.017,0.096,0.000,31,W,0,,,,438446,288.75,0
158,375.174,"Mount",-0.219,-0.019,-0.188,0.113,-0.112,0.000,36,E,0,,,,432069,291.87,0
159,377.570,"Mount",0.010,-0.259,0.123,0.229,0.000,0.229,0,,48,S,,,462005,312.93,0
160,379.896,"Mount",-0.111,0.115,-0.150,-0.055,-0.094,0.000,31,E,0,,,,442681,313.04,0
161,382.219,"Mount",0.032,-0.030,0.042,0.013,0.000,0.000,0,,0,,,,469422,310.24,0
162,384.555,"Mount",-0.072,-0.135,-0.006,0.153,0.000,0.000,0,,0,,,,450306,337.29,0
163,387.048,"Mount",0.150,-0.289,0.262,0.194,0.165,0.000,53,W,0,,,,460395,328.47,0
164,389.377,"Mount",0.192,-0.109,0.221,0.013,0.151,0.000,49,W,0,,,,454244,314.80,0
165,391.811,"Mount",-0.437,0.175,-0.469,0.034,-0.285,0.000,92,E,0,,,,470162,317.96,0
166,394.229,"Mount",-0.240,-0.011,-0.211,0.115,-0.153,0.000,50,E,0,,,,453915,316.93,0
167,396.567,"Mount",0.116,0.036,0.089,-0.083,0.000,0.000,0,,0,,,,449113,309.36,0
168,398.962,"Mount",0.351,-0.337,0.463,0.149,0.292,0.000,95,W,0,,,,446612,291.50,0
169,401.347,"Mount",-0.182,0.053,-0.187,0.032,-0.097,0.000,32,E,0,,,,455052,320.14,0
170,403.823,"Mount",-0.200,-0.104,-0.134,0.182,-0.091,0.000,30,E,0,,,,457525,326.60,0
171,406.219,"Mount",0.103,-0.096,0.135,0.041,0.079,0.000,25,W,0,,,,466168,360.18,0
172,408.567,"Mount",0.085,-0.165,0.149,0.111,0.099,0.000,32,W,0,,,,456791,316.82,0
173,410.981,"Mount",0.250,-0.141,0.287,0.017,0.188,0.000,61,W,0,,,,438393,283.96,0
174,413.221,"Mount",0.097,-0.176,0.165,0.116,0.117,0.000,38,W,0,,,,468995,325.16,0
175,415.707,"Mount",-0.580,0.139,-0.582,0.130,-0.359,0.000,116,E,0,,,,462365,303.14,0
176,417.858,"Mount",-0.131,-0.065,-0.089,0.116,0.000,0.000,0,,0,,,,446528,321.84,0
177,420.618,"Mount",-0.568,0.049,-0.531,0.206,-0.335,0.206,109,E,43,S,,,462214,323.54,0
178,422.867,"Mount",0.147,-0.283,0.256,0.190,0.138,0.000,45,W,0,,,,458176,310.19,0
179,425.313,"Mount",-0.192,-0.204,-0.084,0.267,0.000,0.267,0,,56,S,,,451593,344.72,0
180,427.627,"Mount",0.310,-0.331,0.424,0.162,0.267,0.000,87,W,0,,,,444404,321.26,0
181,430.044,"Mount",0.108,-0.189,0.180,0.123,0.132,0.000,43,W,0,,,,448281,294.57,0
182,432.212,"Mount",-0.059,-0.143,0.010,0.154,0.000,0.000,0,,0,,,,452476,294.40,0
183,434.814,"Mount",0.076,-0.191,0.152,0.138,0.096,0.000,31,W,0,,,,459359,354.65,0
184,437.068,"Mount",-0.166,0.127,-0.205,-0.041,-0.122,0.000,40,E,0,,,,461879,336.60,0
185,439.611,"Mount",-0.261,-0.209,-0.143,0.302,-0.099,0.302,32,E,64,S,,,447501,310.33,0
186,441.850,"Mount",-0.083,-0.262,0.040,0.272,0.000,0.272,0,,57,S,,,446539,330.43,0
187,444.183,"Mount",0.063,-0.164,0.129,0.119,0.000,0.000,0,,0,,,,450048,286.44,0
188,446.642,"Mount",-0.289,-0.108,-0.213,0.224,-0.134,0.224,43,E,47,S,,,430757,324.63,0
189,448.979,"Mount",-0.107,-0.084,-0.060,0.122,0.000,0.000,0,,0,,,,449236,355.05,0
190,451.315,"Mount",-0.220,0.099,-0.241,0.007,-0.152,0.000,49,E,0,,,,439465,305.42,0
191,453.797,"Mount",0.255,-0.183,0.310,0.053,0.184,0.000,60,W,0,,,,479094,358.68,0
192,456.099,"Mount",0.258,-0.230,0.333,0.093,0.223,0.000,72,W,0,,,,471077,323.98,0
193,458.473,"Mount",-0.058,-0.107,-0.005,0.122,0.000,0.000,0,,0,,,,442952,317.63,0
194,460.709,"Mount",-0.077,-0.058,-0.044,0.086,0.000,0.000,0,,0,,,,452671,311.78,0
195,463.109,"Mount",-0.143,0.002,-0.129,0.061,0.000,0.000,0,,0,,,,449753,311.70,0
196,465.443,"Mount",-0.271,0.135,-0.303,-0.002,-0.191,0.000,62,E,0,,,,447344,330.87,0
197,467.758,"Mount",0.072,-0.042,0.084,0.006,0.000,0.000,0,,0,,,,453414,306.03,0
198,470.109,"Mount",-0.135,0.157,-0.190,-0.081,-0.120,0.000,39,E,0,,,,475702,367.53,0
199,472.577,"Mount",0.065,-0.227,0.158,0.175,0.091,0.000,30,W,0,,,,462284,306.53,0
200,474.819,"Mount",-0.265,0.134,-0.297,-0.004,-0.181,0.000,59,E,0,,,,447197,330.73,0
201,477.141,"Mount",-0.122,-0.030,-0.096,0.081,0.000,0.000,0,,0,,,,453002,314.26,0
202,479.724,"Mount",-0.362,0.121,-0.379,0.051,-0.239,0.000,77,E,0,,,,442356,324.00,0
203,482.159,"Mount",-0.215,-0.092,-0.153,0.177,-0.113,0.000,37,E,0,,,,456638,338.38,0
204,484.559,"Mount",-0.295,0.147,-0.329,-0.002,-0.215,0.000,70,E,0,,,,463318,316.40,0
205,486.877,"Mount",0.081,-0.104,0.118,0.058,0.000,0.000,0,,0,,,,458633,354.72,0
206,489.355,"Mount",0.145,-0.234,0.233,0.147,0.147,0.000,48,W,0,,,,454387,306.86,0
207,491.678,"Mount",-0.050,-0.039,-0.028,0.057,0.000,0.000,0,,0,,,,467607,318.86,0
208,494.019,"Mount",0.086,-0.178,0.156,0.122,0.098,0.000,32,W,0,,,,445249,331.52,0
209,496.491,"Mount",-0.285,0.019,-0.264,0.108,-0.160,0.000,52,E,0,,,,432485,295.43,0
210,498.733,"Mount",-0.180,-0.060,-0.136,0.133,-0.097,0.000,31,E,0,,,,454424,320.55,0
211,501.143,"Mount",-0.219,-0.094,-0.156,0.181,-0.105,0.000,34,E,0,,,,425360,268.17,0
212,503.400,"Mount",-0.364,-0.006,-0.324,0.165,-0.212,0.000,69,E,0,,,,439512,310.04,0
213,505.809,"Mount",-0.129,-0.171,-0.041,0.210,0.000,0.210,0,,44,S,,,450394,302.84,0
214,508.053,"Mount",-0.154,0.132,-0.196,-0.051,-0.123,0.000,40,E,0,,,,450070,340.67,0
215,510.505,"Mount",0.248,-0.096,0.265,-0.022,0.158,0.000,51,W,0,,,,452537,343.39,0
216,512.765,"Mount",0.266,-0.061,0.266,-0.061,0.179,0.000,58,W,0,,,,470218,298.85,0
217,515.097,"Mount",0.071,-0.129,0.120,0.084,0.000,0.000,0,,0,,,,431128,296.28,0
218,517.739,"Mount",0.388,-0.500,0.568,0.279,0.358,0.279,116,W,59,S,,,441812,307.43,0
219,520.235,"Mount",-0.573,0.158,-0.584,0.110,-0.343,0.000,111,E,0,,,,439240,318.09,0
220,522.396,"Mount",-0.120,0.048,-0.129,0.009,0.000,0.000,0,,0,,,,441373,316.12,0
221,525.087,"Mount",-0.294,-0.189,-0.181,0.298,-0.114,0.298,37,E,63,S,,,449689,321.20,0
222,527.371,"Mount",0.202,0.111,0.133,-0.188,0.076,0.000,25,W,0,,,,457945,294.38,0
223,529.702,"Mount",0.025,0.246,-0.086,-0.232,0.000,0.000,0,,0,,,,450028,313.80,0
224,532.003,"Mount",0.191,0.038,0.155,-0.118,0.098,0.000,32,W,0,,,,459359,304.32,0
225,534.330,"Mount",-0.012,0.240,-0.116,-0.211,0.000,0.000,0,,0,,,,446037,313.07,0
226,536.679,"Mount",0.262,0.104,0.190,-0.208,0.120,0.000,39,W,0,,,,445217,338.91,0
227,539.029,"Mount",0.061,0.193,-0.030,-0.200,0.000,0.000,0,,0,,,,452592,325.32,0
228,541.275,"Mount",-0.015,0.184,-0.095,-0.159,0.000,0.000,0,,0,,,,447525,297.40,0
229,543.760,"Mount",-0.121,0.164,-0.180,-0.094,-0.113,0.000,37,E,0,,,,456218,295.61,0
230,547.346,"Mount",-0.042,0.338,-0.186,-0.285,-0.125,-0.285,41,E,1263,N,,,449388,319.48,0
231,549.690,"Mount",0.138,0.140,0.063,-0.187,0.000,0.000,0,,0,,,,477478,322.46,0
232,551.921,"Mount",-0.007,0.011,-0.011,-0.007,0.000,0.000,0,,0,,,,448536,308.01,0
233,554.475,"Mount",0.192,0.082,0.137,-0.158,0.086,0.000,28,W,0,,,,449234,301.50,0
234,556.657,"Mount",0.026,0.104,-0.022,-0.104,0.000,0.000,0,,0,,,,464354,317.12,0
235,559.179,"Mount",0.298,0.057,0.243,-0.182,0.153,0.000,50,W,0,,,,430196,311.81,0
236,561.413,"Mount",-0.205,0.106,-0.231,-0.005,-0.135,0.000,44,E,0,,,,457225,306.50,0
237,563.893,"Mount",-0.320,0.151,-0.354,0.005,-0.232,0.000,75,E,0,,,,464299,333.48,0
238,566.157,"Mount",-0.278,0.045,-0.270,0.081,-0.186,0.000,60,E,0,,,,465553,335.32,0
239,568.683,"Mount",-0.205,0.161,-0.255,-0.054,-0.174,0.000,56,E,0,,,,447983,327.40,0
240,570.826,"Mount",-0.103,0.076,-0.126,-0.023,0.000,0.000,0,,0,,,,450488,342.92,0
241,573.307,"Mount",0.158,-0.012,0.147,-0.059,0.093,0.000,30,W,0,,,,468345,335.79,0
242,575.485,"Mount",0.105,0.069,0.064,-0.108,0.000,0.000,0,,0,,,,466194,309.47,0
243,578.051,"Mount",0.456,-0.170,0.485,-0.048,0.305,0.000,99,W,0,,,,421873,308.73,0
244,580.268,"Mount",-0.053,-0.044,-0.028,0.063,0.000,0.000,0,,0,,,,440989,339.69,0
245,582.704,"Mount",0.008,0.125,-0.047,-0.116,0.000,0.000,0,,0,,,,447571,329.15,0
246,584.932,"Mount",-0.097,0.034,-0.102,0.011,0.000,0.000,0,,0,,,,445840,299.57,0
247,587.467,"Mount",-0.290,0.125,-0.315,0.015,-0.198,0.000,64,E,0,,,,450766,288.54,0
248,589.764,"Mount",-0.332,-0.000,-0.298,0.146,-0.201,0.000,65,E,0,,,,464079,327.66,0
249,592.171,"Mount",-0.149,0.026,-0.145,0.042,-0.106,0.000,34,E,0,,,,427763,312.95,0
250,594.348,"Mount",-0.061,0.020,-0.064,0.009,0.000,0.000,0,,0,,,,468923,342.20,0
251,596.800,"Mount",-0.096,0.016,-0.094,0.028,0.000,0.000,0,,0,,,,458431,335.04,0
252,599.085,"Mount",-0.096,-0.014,-0.080,0.054,0.000,0.000,0,,0,,,,445063,309.18,0
253,601.488,"Mount",-0.011,-0.011,-0.005,0.014,0.000,0.000,0,,0,,,,456866,326.10,0
254,603.826,"Mount",-0.114,0.133,-0.161,-0.069,-0.101,0.000,33,E,0,,,,462311,312.50,0
255,606.317,"Mount",-0.217,0.253,-0.306,-0.132,-0.200,0.000,65,E,0,,,,454262,313.99,0
256,608.519,"Mount",-0.074,0.104,-0.112,-0.061,0.000,0.000,0,,0,,,,445328,306.95,0
257,610.969,"Mount",-0.076,-0.047,-0.047,0.076,0.000,0.000,0,,0,,,,439641,343.99,0
258,613.348,"Mount",-0.233,-0.047,-0.189,0.145,-0.119,0.000,39,E,0,,,,441646,301.54,0
259,615.697,"Mount",-0.104,-0.004,-0.092,0.049,0.000,0.000,0,,0,,,,459460,285.75,0
260,618.059,"Mount",-0.199,0.122,-0.233,-0.022,-0.147,0.000,48,E,0,,,,449290,331.14,0
261,620.401,"Mount",-0.156,-0.025,-0.130,0.091,0.000,0.000,0,,0,,,,440042,332.53,0
INFO: SET LOCK POSITION, new lock pos = 632.486, 921.478
INFO: DITHER by 1.018, 1.072, new lock pos = 632.930, 920.069
INFO: SETTLING STATE CHANGE, Settling started
262,623.659,"Mount",-0.444,1.410,-1.018,-1.072,-1.018,-1.072,330,E,225,N,,,440142,295.39,0
263,626.271,"Mount",0.407,0.605,0.100,-0.722,0.000,-0.722,0,,152,N,,,451738,321.52,0
264,628.691,"Mount",0.281,0.533,0.019,-0.602,0.000,-0.602,0,,126,N,,,441308,313.74,0
265,631.299,"Mount",-0.218,0.639,-0.477,-0.478,-0.300,-0.478,97,E,100,N,,,446137,292.78,0
266,633.436,"Mount",-0.011,0.193,-0.095,-0.168,0.000,0.000,0,,0,,,,450316,318.26,0
267,635.938,"Mount",0.056,0.329,-0.094,-0.320,0.000,-0.320,0,,67,N,,,458791,335.05,0
INFO: SETTLING STATE CHANGE, Settling complete
268,638.087,"Mount",-0.005,0.105,-0.050,-0.092,0.000,0.000,0,,0,,,,449491,328.93,0
269,640.748,"Mount",0.135,0.281,-0.002,-0.312,0.000,-0.312,0,,66,N,,,463408,338.95,0
270,642.964,"Mount",0.104,-0.181,0.173,0.117,0.109,0.000,35,W,0,,,,440252,315.89,0
271,645.324,"Mount",-0.020,0.058,-0.044,-0.043,0.000,0.000,0,,0,,,,441251,288.09,0
272,647.651,"Mount",-0.368,0.084,-0.367,0.086,-0.231,0.000,75,E,0,,,,475182,296.81,0
273,650.058,"Mount",-0.223,-0.034,-0.185,0.129,-0.133,0.000,43,E,0,,,,465424,345.84,0
274,652.368,"Mount",-0.371,0.104,-0.379,0.070,-0.248,0.000,81,E,0,,,,465470,323.87,0
275,654.687,"Mount",0.056,0.065,0.022,-0.083,0.000,0.000,0,,0,,,,420047,305.20,0
276,657.036,"Mount",-0.296,0.005,-0.268,0.125,-0.169,0.000,55,E,0,,,,456577,315.70,0
277,659.377,"Mount",0.039,-0.212,0.128,0.173,0.000,0.000,0,,0,,,,446847,308.40,0
278,661.763,"Mount",0.045,-0.218,0.136,0.176,0.086,0.000,28,W,0,,,,438446,271.83,0
279,664.225,"Mount",0.281,-0.251,0.363,0.102,0.234,0.000,76,W,0,,,,462926,330.47,0
280,666.543,"Mount",0.220,-0.115,0.248,0.007,0.173,0.000,56,W,0,,,,450244,299.29,0
281,668.979,"Mount",0.237,-0.236,0.317,0.108,0.212,0.000,69,W,0,,,,447827,304.49,0
282,671.226,"Mount",-0.250,-0.038,-0.208,0.144,-0.116,0.000,38,E,0,,,,444457,302.94,0
283,673.632,"Mount",-0.074,-0.030,-0.053,0.059,0.000,0.000,0,,0,,,,432616,320.09,0
284,675.947,"Mount",-0.229,-0.122,-0.152,0.210,-0.096,0.000,31,E,0,,,,471268,336.71,0
285,678.288,"Mount",-0.068,-0.156,0.007,0.170,0.000,0.000,0,,0,,,,449409,300.92,0
286,680.581,"Mount",-0.057,-0.196,0.034,0.201,0.000,0.000,0,,0,,,,449537,316.26,0
287,683.000,"Mount",0.056,-0.017,0.058,-0.009,0.000,0.000,0,,0,,,,450188,302.77,0
288,685.250,"Mount",0.041,-0.049,0.058,0.026,0.000,0.000,0,,0,,,,431769,296.43,0
289,687.740,"Mount",0.166,-0.191,0.233,0.099,0.147,0.000,48,W,0,,,,454867,328.50,0
290,689.890,"Mount",0.067,-0.099,0.104,0.059,0.000,0.000,0,,0,,,,439654,274.33,0
291,692.428,"Mount",-0.206,-0.024,-0.174,0.112,-0.110,0.000,36,E,0,,,,463515,337.23,0
292,694.649,"Mount",-0.123,-0.025,-0.100,0.077,0.000,0.000,0,,0,,,,456690,357.02,0
293,697.164,"Mount",-0.313,0.113,-0.330,0.036,-0.208,0.000,68,E,0,,,,437923,297.11,0
294,699.376,"Mount",-0.063,0.072,-0.088,-0.037,0.000,0.000,0,,0,,,,487221,331.96,0
295,701.873,"Mount",0.110,-0.138,0.159,0.076,0.100,0.000,33,W,0,,,,439924,303.88,0
296,704.041,"Mount",-0.087,-0.025,-0.067,0.060,0.000,0.000,0,,0,,,,458135,329.59,0
297,706.492,"Mount",-0.126,-0.088,-0.074,0.135,0.000,0.000,0,,0,,,,451101,334.15,0
298,708.767,"Mount",0.006,-0.122,0.059,0.107,0.000,0.000,0,,0,,,,437371,340.79,0
299,711.192,"Mount",-0.005,-0.057,0.020,0.053,0.000,0.000,0,,0,,,,449134,316.18,0
300,713.419,"Mount",-0.067,-0.139,0.001,0.154,0.000,0.000,0,,0,,,,434635,308.90,0
301,715.930,"Mount",-0.305,0.059,-0.300,0.081,-0.189,0.000,61,E,0,,,,478818,322.25,0
302,718.079,"Mount",-0.105,-0.015,-0.088,0.059,0.000,0.000,0,,0,,,,465232,322.27,0
303,720.707,"Mount",-0.351,0.184,-0.396,-0.011,-0.250,0.000,81,E,0,,,,439422,327.25,0
304,722.859,"Mount",-0.111,-0.055,-0.076,0.098,0.000,0.000,0,,0,,,,456753,303.38,0
305,725.286,"Mount",-0.052,-0.023,-0.036,0.043,0.000,0.000,0,,0,,,,458947,332.09,0
306,727.651,"Mount",0.265,-0.228,0.338,0.089,0.213,0.000,69,W,0,,,,460228,337.55,0
307,730.059,"Mount",0.213,-0.284,0.316,0.162,0.214,0.000,69,W,0,,,,436062,303.35,0
308,732.389,"Mount",0.370,-0.176,0.410,-0.004,0.273,0.000,89,W,0,,,,448636,300.38,0
309,734.799,"Mount",-0.269,0.145,-0.305,-0.013,-0.173,0.000,56,E,0,,,,437282,304.10,0
310,736.980,"Mount",-0.000,-0.054,0.023,0.049,0.000,0.000,0,,0,,,,441908,312.00,0
311,739.553,"Mount",-0.209,0.166,-0.260,-0.057,-0.164,0.000,53,E,0,,,,445926,336.29,0
312,741.788,"Mount",0.157,-0.008,0.145,-0.061,0.080,0.000,26,W,0,,,,415597,303.10,0
313,744.172,"Mount",-0.155,0.004,-0.141,0.065,-0.083,0.000,27,E,0,,,,467204,320.46,0
314,746.391,"Mount",-0.032,-0.034,-0.013,0.045,0.000,0.000,0,,0,,,,454883,302.68,0
315,748.809,"Mount",-0.116,-0.099,-0.061,0.140,0.000,0.000,0,,0,,,,459545,340.88,0
316,751.148,"Mount",0.148,-0.060,0.159,-0.011,0.100,0.000,33,W,0,,,,439096,291.69,0
317,753.478,"Mount",-0.044,-0.020,-0.030,0.038,0.000,0.000,0,,0,,,,435141,296.71,0
318,755.715,"Mount",-0.031,-0.044,-0.008,0.053,0.000,0.000,0,,0,,,,451612,314.29,0
319,758.203,"Mount",-0.260,0.018,-0.241,0.098,-0.152,0.000,49,E,0,,,,458774,318.22,0
320,760.357,"Mount",-0.034,-0.085,0.006,0.091,0.000,0.000,0,,0,,,,439838,310.81,0
321,762.821,"Mount",-0.106,-0.102,-0.050,0.138,0.000,0.000,0,,0,,,,456745,313.91,0
322,765.067,"Mount",-0.116,-0.028,-0.092,0.076,0.000,0.000,0,,0,,,,464764,306.06,0
323,767.488,"Mount",-0.132,-0.111,-0.070,0.157,0.000,0.000,0,,0,,,,441463,297.29,0
324,769.788,"Mount",-0.082,-0.125,-0.019,0.149,0.000,0.000,0,,0,,,,448433,322.37,0
325,772.265,"Mount",0.039,-0.074,0.068,0.050,0.000,0.000,0,,0,,,,449282,299.73,0
326,774.613,"Mount",0.057,-0.105,0.097,0.069,0.000,0.000,0,,0,,,,453065,337.65,0
327,777.044,"Mount",-0.031,-0.169,0.047,0.166,0.000,0.000,0,,0,,,,434647,306.56,0
328,779.318,"Mount",0.052,-0.030,0.060,0.004,0.000,0.000,0,,0,,,,457996,328.34,0
329,781.811,"Mount",-0.222,-0.149,-0.134,0.231,-0.085,0.000,27,E,0,,,,441896,348.95,0
330,783.992,"Mount",-0.128,-0.166,-0.042,0.205,0.000,0.000,0,,0,,,,454608,330.89,0
331,786.420,"Mount",-0.002,-0.031,0.012,0.029,0.000,0.000,0,,0,,,,437579,308.30,0
332,788.684,"Mount",0.079,0.036,0.055,-0.067,0.000,0.000,0,,0,,,,456515,311.31,0
333,791.100,"Mount",0.067,-0.039,0.078,0.005,0.000,0.000,0,,0,,,,435292,296.22,0
334,793.419,"Mount",0.121,-0.283,0.233,0.201,0.147,0.000,48,W,0,,,,451363,294.35,0
335,795.822,"Mount",0.062,-0.185,0.137,0.139,0.096,0.000,31,W,0,,,,445395,315.13,0
336,799.435,"Mount",-0.369,-0.158,-0.262,0.304,-0.158,0.304,51,E,1267,S,,,455013,315.20,0
337,801.755,"Mount",0.066,0.283,-0.065,-0.283,0.000,0.000,0,,0,,,,437117,288.11,0
338,804.100,"Mount",-0.192,0.213,-0.266,-0.107,-0.168,0.000,54,E,0,,,,447725,290.88,0
339,806.502,"Mount",-0.069,0.100,-0.106,-0.060,0.000,0.000,0,,0,,,,434830,323.33,0
340,808.816,"Mount",0.007,0.097,-0.036,-0.090,0.000,0.000,0,,0,,,,414400,288.71,0
341,811.280,"Mount",0.049,-0.053,0.067,0.026,0.000,0.000,0,,0,,,,412338,283.40,0
342,813.744,"Mount",0.527,-0.258,0.587,0.001,0.370,0.000,120,W,0,,,,451459,331.86,0
343,816.181,"Mount",0.322,0.035,0.274,-0.172,0.198,0.000,64,W,0,,,,427456,320.64,0
344,818.463,"Mount",0.139,-0.029,0.137,-0.035,0.100,0.000,33,W,0,,,,444596,334.29,0
345,820.893,"Mount",-0.229,0.359,-0.364,-0.222,-0.222,0.000,72,E,0,,,,454810,308.00,0
346,823.037,"Mount",0.094,0.110,0.036,-0.140,0.000,0.000,0,,0,,,,431333,320.96,0
347,825.446,"Mount",0.030,0.214,-0.067,-0.206,0.000,0.000,0,,0,,,,423439,311.67,0
348,827.739,"Mount",0.143,-0.015,0.135,-0.050,0.085,0.000,28,W,0,,,,409121,312.39,0
349,830.096,"Mount",0.075,0.086,0.030,-0.111,0.000,0.000,0,,0,,,,449820,312.58,0
350,832.483,"Mount",0.309,-0.005,0.280,-0.131,0.177,0.000,57,W,0,,,,440863,299.63,0
351,834.803,"Mount",0.089,0.026,0.069,-0.063,0.000,0.000,0,,0,,,,445313,322.43,0
352,837.179,"Mount",0.471,-0.108,0.471,-0.110,0.297,0.000,96,W,0,,,,446583,302.45,0
353,839.928,"Mount",0.129,-0.097,0.159,0.030,0.121,0.000,39,W,0,,,,454476,320.46,0
354,842.195,"Mount",-0.223,0.173,-0.276,-0.057,-0.166,0.000,54,E,0,,,,474224,302.29,0
355,844.659,"Mount",-0.296,0.139,-0.327,0.005,-0.217,0.000,71,E,0,,,,434746,309.47,0
356,846.897,"Mount",-0.150,0.090,-0.174,-0.015,-0.125,0.000,41,E,0,,,,456367,337.81,0
357,849.483,"Mount",0.433,-0.301,0.521,0.080,0.319,0.000,104,W,0,,,,459068,347.22,0
358,851.625,"Mount",-0.045,0.103,-0.086,-0.073,0.000,0.000,0,,0,,,,470908,316.02,0
359,854.054,"Mount",-0.077,0.077,-0.103,-0.036,0.000,0.000,0,,0,,,,450898,322.02,0
360,856.290,"Mount",-0.080,-0.016,-0.065,0.049,0.000,0.000,0,,0,,,,430763,281.56,0
361,858.740,"Mount",0.106,-0.077,0.129,0.023,0.000,0.000,0,,0,,,,451714,338.27,0
362,860.976,"Mount",0.074,-0.110,0.115,0.067,0.000,0.000,0,,0,,,,474237,343.95,0
363,863.382,"Mount",-0.067,0.006,-0.063,0.023,0.000,0.000,0,,0,,,,458808,303.36,0
364,865.683,"Mount",-0.185,0.016,-0.173,0.067,-0.109,0.000,35,E,0,,,,434305,311.37,0
365,868.123,"Mount",-0.233,0.141,-0.272,-0.024,-0.179,0.000,58,E,0,,,,447273,306.40,0
366,870.393,"Mount",-0.213,0.093,-0.232,0.010,-0.159,0.000,52,E,0,,,,457599,344.79,0
367,872.710,"Mount",0.095,-0.096,0.127,0.044,0.000,0.000,0,,0,,,,455698,326.70,0
368,874.997,"Mount",-0.003,-0.068,0.027,0.062,0.000,0.000,0,,0,,,,444588,322.02,0
369,877.596,"Mount",0.553,-0.419,0.681,0.134,0.429,0.000,139,W,0,,,,429898,288.39,0
370,879.743,"Mount",-0.090,-0.111,-0.032,0.139,0.000,0.000,0,,0,,,,450302,326.10,0
371,882.163,"Mount",-0.021,-0.012,-0.013,0.020,0.000,0.000,0,,0,,,,459067,280.32,0
372,884.442,"Mount",-0.144,-0.079,-0.095,0.134,0.000,0.000,0,,0,,,,451201,313.48,0
373,886.980,"Mount",-0.338,-0.014,-0.297,0.161,-0.187,0.000,61,E,0,,,,435268,313.79,0
374,889.443,"Mount",-0.505,-0.061,-0.427,0.276,-0.282,0.276,91,E,58,S,,,433467,338.37,0
375,891.824,"Mount",0.012,-0.062,0.038,0.051,0.000,0.000,0,,0,,,,462371,304.94,0
376,894.061,"Mount",0.089,0.053,0.056,-0.087,0.000,0.000,0,,0,,,,445785,311.86,0
377,896.507,"Mount",-0.091,0.045,-0.101,-0.000,0.000,0.000,0,,0,,,,431192,282.69,0
378,898.778,"Mount",-0.109,-0.056,-0.073,0.099,0.000,0.000,0,,0,,,,457275,322.68,0
379,901.206,"Mount",-0.089,-0.086,-0.042,0.116,0.000,0.000,0,,0,,,,441892,290.28,0
380,903.435,"Mount",-0.132,-0.125,-0.064,0.171,0.000,0.000,0,,0,,,,441520,294.55,0
381,906.044,"Mount",-0.372,-0.162,-0.263,0.309,-0.166,0.309,54,E,65,S,,,421011,340.34,0
382,908.376,"Mount",-0.258,-0.160,-0.162,0.257,-0.114,0.257,37,E,54,S,,,436079,329.61,0
383,910.694,"Mount",-0.087,-0.017,-0.071,0.053,0.000,0.000,0,,0,,,,445503,306.33,0
384,912.934,"Mount",-0.016,-0.071,0.017,0.071,0.000,0.000,0,,0,,,,458530,327.30,0
385,915.342,"Mount",-0.036,0.169,-0.107,-0.136,0.000,0.000,0,,0,,,,428948,330.48,0
386,917.565,"Mount",-0.033,0.085,-0.067,-0.062,0.000,0.000,0,,0,,,,453173,297.86,0
387,919.981,"Mount",-0.022,0.020,-0.029,-0.008,0.000,0.000,0,,0,,,,443277,313.18,0
388,922.218,"Mount",0.003,-0.093,0.044,0.082,0.000,0.000,0,,0,,,,458916,306.58,0
389,924.793,"Mount",-0.351,-0.035,-0.300,0.185,-0.189,0.000,61,E,0,,,,429495,322.13,0
390,926.989,"Mount",-0.154,-0.096,-0.097,0.154,0.000,0.000,0,,0,,,,451333,332.93,0
391,929.659,"Mount",-0.593,-0.090,-0.493,0.341,-0.311,0.341,101,E,72,S,,,443442,318.17,0
392,932.003,"Mount",-0.396,-0.042,-0.337,0.211,-0.234,0.211,76,E,44,S,,,442186,331.30,0
393,934.467,"Mount",-0.253,0.009,-0.231,0.102,-0.162,0.000,53,E,0,,,,444639,310.44,0
394,936.619,"Mount",-0.046,-0.108,0.006,0.117,0.000,0.000,0,,0,,,,457636,310.95,0
395,939.142,"Mount",0.221,0.001,0.198,-0.098,0.125,0.000,40,W,0,,,,443212,311.14,0
396,941.409,"Mount",0.054,-0.048,0.070,0.020,0.000,0.000,0,,0,,,,439563,297.03,0
397,943.963,"Mount",0.132,-0.032,0.133,-0.029,0.084,0.000,27,W,0,,,,448343,305.77,0
398,946.226,"Mount",-0.198,0.017,-0.185,0.071,-0.111,0.000,36,E,0,,,,454688,337.74,0
399,948.693,"Mount",-0.288,0.113,-0.308,0.024,-0.202,0.000,66,E,0,,,,452522,307.72,0
400,950.958,"Mount",-0.340,0.099,-0.349,0.060,-0.234,0.000,76,E,0,,,,451151,318.69,0
401,953.412,"Mount",-0.416,0.005,-0.377,0.178,-0.254,0.000,82,E,0,,,,453909,316.44,0
402,955.643,"Mount",-0.169,0.162,-0.223,-0.072,-0.158,0.000,51,E,0,,,,440606,315.29,0
403,957.952,"Mount",0.049,0.081,0.008,-0.094,0.000,0.000,0,,0,,,,466773,348.52,0
404,960.187,"Mount",0.020,-0.073,0.050,0.057,0.000,0.000,0,,0,,,,438603,280.89,0
405,962.608,"Mount",0.047,-0.079,0.076,0.050,0.000,0.000,0,,0,,,,475627,296.17,0
406,964.923,"Mount",0.119,-0.094,0.148,0.032,0.093,0.000,30,W,0,,,,452562,341.80,0
407,967.411,"Mount",0.187,-0.252,0.278,0.144,0.182,0.000,59,W,0,,,,461881,349.20,0
408,969.598,"Mount",0.066,-0.029,0.072,-0.002,0.000,0.000,0,,0,,,,449496,333.37,0
409,971.990,"Mount",-0.075,0.010,-0.072,0.024,0.000,0.000,0,,0,,,,422392,307.38,0
410,974.392,"Mount",-0.146,0.048,-0.152,0.021,-0.096,0.000,31,E,0,,,,455530,315.62,0
411,976.811,"Mount",0.276,-0.111,0.297,-0.021,0.180,0.000,59,W,0,,,,444270,300.05,0
412,978.975,"Mount",-0.065,-0.184,0.022,0.194,0.000,0.000,0,,0,,,,447013,301.07,0
413,981.376,"Mount",-0.046,-0.075,-0.008,0.087,0.000,0.000,0,,0,,,,428325,289.24,0
414,983.607,"Mount",0.016,0.056,-0.010,-0.057,0.000,0.000,0,,0,,,,474803,326.36,0
415,986.148,"Mount",0.148,-0.218,0.229,0.130,0.144,0.000,47,W,0,,,,469788,345.82,0
416,988.299,"Mount",-0.092,-0.069,-0.053,0.102,0.000,0.000,0,,0,,,,462831,303.04,0
417,990.717,"Mount",0.066,-0.030,0.073,-0.002,0.000,0.000,0,,0,,,,466239,337.42,0
418,993.060,"Mount",-0.149,0.101,-0.178,-0.026,-0.112,0.000,36,E,0,,,,456383,311.28,0
419,995.406,"Mount",-0.154,-0.119,-0.087,0.174,0.000,0.000,0,,0,,,,463928,323.30,0
420,997.656,"Mount",-0.158,-0.100,-0.098,0.159,0.000,0.000,0,,0,,,,452429,321.20,0
421,1000.049,"Mount",0.096,-0.068,0.116,0.019,0.000,0.000,0,,0,,,,456253,327.40,0
422,1002.283,"Mount",-0.104,0.046,-0.114,0.004,0.000,0.000,0,,0,,,,435298,299.86,0
423,1004.718,"Mount",-0.098,-0.155,-0.020,0.182,0.000,0.000,0,,0,,,,446506,310.36,0
424,1006.983,"Mount",-0.038,-0.065,-0.006,0.075,0.000,0.000,0,,0,,,,441897,318.95,0
425,1009.556,"Mount",0.241,-0.172,0.293,0.049,0.184,0.000,60,W,0,,,,443626,290.97,0
426,1011.790,"Mount",0.165,-0.008,0.151,-0.065,0.108,0.000,35,W,0,,,,438869,284.84,0
427,1014.120,"Mount",-0.122,-0.038,-0.093,0.087,0.000,0.000,0,,0,,,,464237,328.98,0
428,1016.530,"Mount",-0.173,0.121,-0.208,-0.033,-0.131,0.000,43,E,0,,,,421693,283.72,0
429,1019.111,"Mount",-0.361,-0.071,-0.293,0.223,-0.194,0.223,63,E,47,S,,,458449,321.98,0
430,1021.339,"Mount",-0.266,-0.081,-0.203,0.190,-0.142,0.000,46,E,0,,,,454776,330.15,0
431,1023.652,"Mount",-0.041,0.018,-0.045,0.002,0.000,0.000,0,,0,,,,436307,291.61,0
432,1026.115,"Mount",0.106,-0.277,0.217,0.202,0.137,0.202,44,W,42,S,,,433687,320.32,0
433,1028.651,"Mount",0.308,-0.183,0.357,0.029,0.234,0.000,76,W,0,,,,455746,300.26,0
434,1030.875,"Mount",0.208,0.037,0.170,-0.124,0.124,0.000,40,W,0,,,,449715,303.59,0
435,1033.228,"Mount",-0.014,0.066,-0.041,-0.054,0.000,0.000,0,,0,,,,454290,347.48,0
436,1035.559,"Mount",0.116,-0.178,0.182,0.110,0.115,0.000,37,W,0,,,,464430,324.60,0
437,1037.988,"Mount",-0.390,0.021,-0.359,0.152,-0.218,0.000,71,E,0,,,,446025,287.41,0
438,1040.131,"Mount",-0.152,-0.059,-0.111,0.120,0.000,0.000,0,,0,,,,431804,304.93,0
439,1042.593,"Mount",-0.129,-0.022,-0.106,0.076,0.000,0.000,0,,0,,,,464303,326.74,0
440,1044.907,"Mount",-0.124,0.074,-0.144,-0.013,-0.091,0.000,29,E,0,,,,434699,287.74,0
441,1047.459,"Mount",-0.054,0.130,-0.105,-0.093,0.000,0.000,0,,0,,,,464052,330.97,0
442,1049.779,"Mount",-0.007,-0.037,0.010,0.037,0.000,0.000,0,,0,,,,435238,294.28,0
443,1052.289,"Mount",-0.236,-0.015,-0.205,0.117,-0.129,0.000,42,E,0,,,,449768,297.29,0
444,1054.622,"Mount",0.069,-0.163,0.133,0.116,0.075,0.000,24,W,0,,,,455005,359.69,0
445,1057.040,"Mount",-0.243,-0.062,-0.191,0.162,-0.115,0.000,37,E,0,,,,429544,326.72,0
446,1059.210,"Mount",-0.007,-0.105,0.039,0.098,0.000,0.000,0,,0,,,,465058,307.73,0
447,1061.627,"Mount",-0.135,-0.073,-0.089,0.125,0.000,0.000,0,,0,,,,462055,322.26,0
448,1063.947,"Mount",-0.170,-0.047,-0.132,0.117,-0.083,0.000,27,E,0,,,,433469,313.25,0
449,1066.429,"Mount",-0.203,-0.046,-0.162,0.130,-0.108,0.000,35,E,0,,,,441910,335.58,0
450,1068.580,"Mount",-0.100,-0.033,-0.076,0.074,0.000,0.000,0,,0,,,,451014,322.81,0
451,1071.010,"Mount",-0.124,-0.010,-0.107,0.063,0.000,0.000,0,,0,,,,468692,302.48,0
452,1073.253,"Mount",-0.089,-0.167,-0.006,0.189,0.000,0.000,0,,0,,,,437517,309.69,0
453,1075.748,"Mount",0.103,-0.102,0.137,0.046,0.086,0.000,28,W,0,,,,443362,319.50,0
454,1077.905,"Mount",0.018,-0.193,0.100,0.165,0.000,0.000,0,,0,,,,492602,337.42,0
455,1080.480,"Mount",-0.303,-0.014,-0.266,0.146,-0.168,0.000,54,E,0,,,,441743,358.65,0
456,1082.649,"Mount",0.043,-0.168,0.112,0.132,0.000,0.000,0,,0,,,,442174,318.70,0
457,1085.260,"Mount",0.054,-0.287,0.175,0.234,0.110,0.234,36,W,49,S,,,446566,300.34,0
458,1087.566,"Mount",0.016,-0.234,0.117,0.203,0.000,0.203,0,,43,S,,,442103,313.16,0
459,1089.979,"Mount",0.236,-0.117,0.263,0.002,0.166,0.000,54,W,0,,,,445753,319.46,0
460,1092.128,"Mount",0.049,-0.184,0.124,0.144,0.000,0.000,0,,0,,,,448235,286.93,0
461,1094.643,"Mount",0.208,-0.255,0.299,0.138,0.188,0.000,61,W,0,,,,463614,328.06,0
462,1096.995,"Mount",-0.323,-0.179,-0.212,0.303,-0.120,0.303,39,E,64,S,,,436724,290.51,0
463,1099.360,"Mount",0.017,-0.137,0.076,0.115,0.000,0.000,0,,0,,,,458612,287.73,0
464,1101.640,"Mount",-0.020,-0.090,0.022,0.090,0.000,0.000,0,,0,,,,449913,347.18,0
465,1104.248,"Mount",-0.365,-0.132,-0.270,0.279,-0.170,0.279,55,E,59,S,,,463737,290.21,0
466,1106.560,"Mount",-0.210,-0.143,-0.126,0.221,0.000,0.221,0,,46,S,,,484495,340.14,0
467,1108.915,"Mount",0.005,0.148,-0.060,-0.135,0.000,0.000,0,,0,,,,436254,305.35,0
468,1111.140,"Mount",-0.020,0.196,-0.104,-0.167,0.000,0.000,0,,0,,,,414470,288.00,0
469,1113.548,"Mount",0.184,0.081,0.130,-0.154,0.000,0.000,0,,0,,,,425837,302.88,0
470,1116.003,"Mount",0.315,-0.209,0.375,0.050,0.236,0.000,77,W,0,,,,441602,315.09,0
471,1118.444,"Mount",0.147,-0.011,0.137,-0.055,0.103,0.000,33,W,0,,,,416985,295.33,0
472,1120.624,"Mount",-0.009,0.202,-0.096,-0.178,0.000,0.000,0,,0,,,,463830,301.15,0
473,1123.034,"Mount",-0.028,0.164,-0.097,-0.134,0.000,0.000,0,,0,,,,446029,330.19,0
474,1125.347,"Mount",-0.039,0.227,-0.134,-0.187,-0.085,0.000,27,E,0,,,,429554,288.20,0
475,1127.709,"Mount",0.074,0.060,0.040,-0.087,0.000,0.000,0,,0,,,,438777,309.99,0
476,1130.106,"Mount",-0.150,0.120,-0.187,-0.042,-0.118,0.000,38,E,0,,,,470333,312.52,0
477,1132.621,"Mount",0.138,-0.066,0.153,-0.001,0.088,0.000,29,W,0,,,,439617,343.23,0
478,1134.818,"Mount",-0.009,0.038,-0.024,-0.030,0.000,0.000,0,,0,,,,451742,327.89,0
479,1137.341,"Mount",0.332,-0.133,0.356,-0.026,0.224,0.000,73,W,0,,,,438361,327.60,0
480,1139.748,"Mount",0.335,0.071,0.270,-0.211,0.186,0.000,60,W,0,,,,449810,344.91,0
481,1142.190,"Mount",-0.263,0.120,-0.289,0.008,-0.169,0.000,55,E,0,,,,437516,296.38,0
482,1144.375,"Mount",-0.029,0.050,-0.048,-0.032,0.000,0.000,0,,0,,,,440637,308.76,0
483,1146.817,"Mount",-0.019,0.170,-0.092,-0.144,0.000,0.000,0,,0,,,,433354,322.71,0
484,1149.163,"Mount",0.229,0.021,0.196,-0.120,0.124,0.000,40,W,0,,,,429664,289.75,0
485,1151.478,"Mount",0.019,0.039,-0.000,-0.044,0.000,0.000,0,,0,,,,446872,325.16,0
486,1153.722,"Mount",0.093,-0.007,0.087,-0.034,0.000,0.000,0,,0,,,,450627,326.27,0
487,1156.152,"Mount",-0.080,0.003,-0.073,0.032,0.000,0.000,0,,0,,,,438567,314.16,0
488,1158.416,"Mount",0.004,-0.088,0.043,0.077,0.000,0.000,0,,0,,,,430954,293.74,0
489,1160.824,"Mount",-0.028,-0.094,0.016,0.097,0.000,0.000,0,,0,,,,452955,313.51,0
490,1163.076,"Mount",0.065,-0.089,0.097,0.051,0.000,0.000,0,,0,,,,443505,329.79,0
491,1165.558,"Mount",-0.092,0.150,-0.148,-0.095,-0.094,0.000,30,E,0,,,,444443,325.51,0
492,1167.819,"Mount",-0.087,0.128,-0.134,-0.077,-0.091,0.000,30,E,0,,,,418939,299.45,0
493,1170.221,"Mount",-0.186,0.133,-0.226,-0.038,-0.149,0.000,48,E,0,,,,454632,293.92,0
494,1172.411,"Mount",0.022,-0.031,0.033,0.018,0.000,0.000,0,,0,,,,422303,287.81,0
495,1174.833,"Mount",-0.061,0.113,-0.104,-0.075,0.000,0.000,0,,0,,,,449779,311.52,0
496,1177.113,"Mount",0.154,0.055,0.114,-0.117,0.000,0.000,0,,0,,,,419332,269.51,0
497,1179.575,"Mount",0.097,-0.012,0.092,-0.031,0.000,0.000,0,,0,,,,436249,296.91,0
498,1182.111,"Mount",0.323,-0.028,0.303,-0.116,0.191,0.000,62,W,0,,,,449965,316.76,0
499,1184.677,"Mount",-0.188,0.033,-0.183,0.053,-0.102,0.000,33,E,0,,,,445498,305.80,0
500,1187.219,"Mount",-0.208,0.023,-0.197,0.071,-0.131,0.000,43,E,0,,,,435118,284.83,0
501,1189.765,"Mount",-0.357,0.162,-0.392,0.011,-0.256,0.000,83,E,0,,,,455361,291.66,0
502,1192.186,"Mount",-0.237,0.175,-0.289,-0.053,-0.200,0.000,65,E,0,,,,465392,305.86,0
503,1194.562,"Mount",-0.149,-0.037,-0.118,0.099,0.000,0.000,0,,0,,,,478782,331.84,0
504,1196.923,"Mount",-0.298,0.074,-0.300,0.064,-0.189,0.000,61,E,0,,,,421760,305.29,0
505,1199.283,"Mount",0.012,0.149,-0.055,-0.139,0.000,0.000,0,,0,,,,436151,287.53,0
506,1201.675,"Mount",-0.209,-0.032,-0.174,0.121,-0.109,0.000,35,E,0,,,,435558,329.92,0
507,1204.147,"Mount",-0.196,0.140,-0.237,-0.040,-0.157,0.000,51,E,0,,,,439936,328.55,0
508,1206.432,"Mount",-0.185,0.110,-0.215,-0.017,-0.146,0.000,47,E,0,,,,430605,293.82,0
509,1208.843,"Mount",-0.144,0.117,-0.180,-0.042,-0.124,0.000,40,E,0,,,,466920,336.33,0
510,1211.119,"Mount",-0.255,0.060,-0.256,0.058,-0.170,0.000,55,E,0,,,,442857,301.07,0
511,1213.433,"Mount",0.025,-0.098,0.066,0.077,0.000,0.000,0,,0,,,,439038,336.78,0
512,1215.747,"Mount",-0.114,0.094,-0.144,-0.035,-0.091,0.000,29,E,0,,,,466788,300.95,0
513,1218.125,"Mount",-0.041,0.001,-0.037,0.018,0.000,0.000,0,,0,,,,433691,323.62,0
514,1220.501,"Mount",-0.255,-0.093,-0.188,0.196,-0.119,0.000,38,E,0,,,,465201,346.49,0
515,1222.946,"Mount",0.181,-0.003,0.164,-0.076,0.095,0.000,31,W,0,,,,427264,325.16,0
516,1225.226,"Mount",-0.339,-0.006,-0.302,0.154,-0.184,0.000,60,E,0,,,,454079,308.20,0
517,1227.660,"Mount",-0.254,0.035,-0.244,0.080,-0.166,0.000,54,E,0,,,,453460,325.75,0
518,1229.931,"Mount",-0.440,0.053,-0.419,0.145,-0.276,0.000,89,E,0,,,,450621,298.22,0
519,1232.263,"Mount",0.019,0.054,-0.007,-0.057,0.000,0.000,0,,0,,,,444811,300.35,0
520,1234.697,"Mount",-0.140,-0.001,-0.125,0.063,0.000,0.000,0,,0,,,,446702,312.46,0
521,1237.232,"Mount",-0.240,0.014,-0.222,0.093,-0.140,0.000,45,E,0,,,,444538,333.09,0
522,1239.463,"Mount",-0.124,-0.051,-0.089,0.100,0.000,0.000,0,,0,,,,451421,320.43,0
523,1241.955,"Mount",0.077,-0.157,0.138,0.108,0.087,0.000,28,W,0,,,,445686,351.85,0
524,1244.312,"Mount",0.189,-0.200,0.258,0.097,0.168,0.000,55,W,0,,,,434271,286.90,0
INFO: SET LOCK POSITION, new lock pos = 632.930, 920.069
INFO: DITHER by -3.338, 1.630, new lock pos = 629.216, 920.068
INFO: SETTLING STATE CHANGE, Settling started
525,1249.739,"Mount",3.715,0.000,3.338,-1.630,3.338,-1.630,1083,W,1545,N,,,442360,311.45,0
526,1253.043,"Mount",-2.996,2.321,-3.710,-0.771,-2.338,-0.771,758,E,162,N,,,436288,288.24,0
527,1255.843,"Mount",-1.142,1.448,-1.662,-0.800,-1.210,-0.800,393,E,168,N,,,433903,275.65,0
528,1258.627,"Mount",1.358,-0.022,1.230,-0.576,0.690,-0.576,224,W,121,N,,,462971,341.96,0
529,1261.036,"Mount",0.541,0.158,0.417,-0.379,0.311,-0.379,101,W,80,N,,,431244,304.21,0
530,1263.444,"Mount",0.117,0.228,0.006,-0.256,0.000,-0.256,0,,54,N,,,426013,301.18,0
531,1265.738,"Mount",0.344,0.023,0.299,-0.171,0.188,0.000,61,W,0,,,,451832,333.18,0
532,1268.172,"Mount",-0.055,0.223,-0.148,-0.176,-0.080,0.000,26,E,0,,,,419418,281.97,0
533,1270.323,"Mount",-0.151,-0.057,-0.111,0.118,0.000,0.000,0,,0,,,,429711,329.08,0
534,1272.887,"Mount",-0.388,0.210,-0.441,-0.018,-0.278,0.000,90,E,0,,,,448084,300.67,0
INFO: SETTLING STATE CHANGE, Settling complete
535,1275.153,"Mount",-0.171,-0.004,-0.152,0.079,-0.115,0.000,37,E,0,,,,442868,277.22,0
536,1277.660,"Mount",0.318,-0.292,0.414,0.122,0.253,0.000,82,W,0,,,,440757,319.33,0
537,1279.927,"Mount",-0.117,-0.138,-0.045,0.176,0.000,0.000,0,,0,,,,450912,288.01,0
538,1282.351,"Mount",-0.092,0.098,-0.125,-0.048,0.000,0.000,0,,0,,,,447381,320.86,0
539,1284.683,"Mount",-0.056,0.003,-0.051,0.022,0.000,0.000,0,,0,,,,442734,312.90,0
540,1287.110,"Mount",0.025,-0.002,0.023,-0.009,0.000,0.000,0,,0,,,,435834,309.44,0
541,1289.364,"Mount",-0.057,-0.116,-0.000,0.130,0.000,0.000,0,,0,,,,422276,301.55,0
542,1292.030,"Mount",-0.488,0.038,-0.455,0.181,-0.287,0.000,93,E,0,,,,454825,295.66,0
543,1294.185,"Mount",-0.021,0.013,-0.024,-0.002,0.000,0.000,0,,0,,,,434676,325.16,0
544,1296.593,"Mount",-0.142,-0.149,-0.062,0.196,0.000,0.000,0,,0,,,,460487,327.50,0
545,1298.917,"Mount",0.123,-0.088,0.149,0.025,0.094,0.000,31,W,0,,,,434604,293.91,0
546,1301.235,"Mount",-0.024,0.083,-0.058,-0.064,0.000,0.000,0,,0,,,,433831,335.01,0
547,1303.475,"Mount",0.042,-0.027,0.049,0.006,0.000,0.000,0,,0,,,,433591,312.55,0
548,1305.948,"Mount",0.161,-0.083,0.181,0.004,0.114,0.000,37,W,0,,,,464464,303.92,0
549,1308.227,"Mount",0.191,-0.310,0.308,0.195,0.202,0.000,65,W,0,,,,461358,318.24,0
550,1310.568,"Mount",-0.079,-0.080,-0.036,0.107,0.000,0.000,0,,0,,,,458964,322.48,0
551,1312.933,"Mount",-0.266,-0.001,-0.239,0.118,-0.150,0.000,49,E,0,,,,436029,301.10,0
552,1315.245,"Mount",-0.090,0.080,-0.116,-0.032,0.000,0.000,0,,0,,,,444139,313.86,0
553,1317.589,"Mount",-0.213,0.125,-0.247,-0.019,-0.155,0.000,50,E,0,,,,437011,290.90,0
554,1319.991,"Mount",-0.131,0.115,-0.168,-0.046,-0.117,0.000,38,E,0,,,,422149,336.93,0
555,1322.232,"Mount",0.149,-0.306,0.268,0.209,0.161,0.000,52,W,0,,,,436612,294.85,0
556,1324.656,"Mount",-0.169,0.092,-0.192,-0.009,-0.110,0.000,36,E,0,,,,431614,287.31,0
557,1326.955,"Mount",0.366,-0.364,0.488,0.166,0.300,0.000,97,W,0,,,,430084,283.99,0
558,1329.468,"Mount",0.138,-0.200,0.212,0.119,0.154,0.000,50,W,0,,,,436691,334.89,0
559,1331.804,"Mount",0.611,-0.262,0.664,-0.032,0.429,0.000,139,W,0,,,,433372,291.34,0
560,1334.205,"Mount",-0.171,0.133,-0.212,-0.045,-0.103,0.000,33,E,0,,,,431337,286.04,0
561,1336.532,"Mount",-0.231,-0.021,-0.198,0.120,-0.132,0.000,43,E,0,,,,418148,286.54,0
562,1338.907,"Mount",-0.076,-0.136,-0.009,0.155,0.000,0.000,0,,0,,,,458193,315.81,0
563,1341.184,"Mount",-0.190,-0.111,-0.122,0.183,0.000,0.000,0,,0,,,,426816,283.99,0
564,1343.576,"Mount",-0.118,-0.050,-0.084,0.097,0.000,0.000,0,,0,,,,437027,330.21,0
565,1345.915,"Mount",-0.317,-0.042,-0.266,0.176,-0.168,0.000,54,E,0,,,,453857,300.83,0
566,1348.250,"Mount",-0.076,-0.147,-0.004,0.166,0.000,0.000,0,,0,,,,435348,279.21,0
567,1350.587,"Mount",0.005,0.036,-0.011,-0.034,0.000,0.000,0,,0,,,,439756,321.67,0
568,1352.992,"Mount",-0.163,-0.190,-0.063,0.242,0.000,0.000,0,,0,,,,436914,295.36,0
569,1355.339,"Mount",-0.327,-0.163,-0.222,0.290,-0.140,0.000,45,E,0,,,,452604,312.33,0
570,1359.043,"Mount",-0.278,-0.126,-0.195,0.235,-0.132,0.235,43,E,1252,S,,,443496,286.30,0
571,1361.268,"Mount",0.062,-0.078,0.090,0.043,0.000,0.000,0,,0,,,,450237,298.78,0
572,1363.690,"Mount",-0.018,0.020,-0.025,-0.010,0.000,0.000,0,,0,,,,459112,310.53,0
573,1365.918,"Mount",-0.028,0.238,-0.130,-0.202,0.000,0.000,0,,0,,,,427166,306.11,0
574,1368.452,"Mount",-0.057,0.289,-0.178,-0.235,-0.112,0.000,36,E,0,,,,435272,310.05,0
575,1370.598,"Mount",-0.068,0.056,-0.086,-0.020,0.000,0.000,0,,0,,,,440406,315.23,0
576,1373.155,"Mount",0.309,-0.088,0.316,-0.056,0.199,0.000,65,W,0,,,,460757,309.47,0
577,1375.307,"Mount",-0.073,0.075,-0.099,-0.036,0.000,0.000,0,,0,,,,438771,312.27,0
578,1377.796,"Mount",-0.208,0.183,-0.267,-0.073,-0.168,0.000,55,E,0,,,,458537,300.61,0
579,1380.051,"Mount",-0.220,0.120,-0.250,-0.011,-0.169,0.000,55,E,0,,,,453319,305.60,0
580,1382.395,"Mount",0.050,-0.132,0.103,0.096,0.000,0.000,0,,0,,,,433004,315.05,0
581,1384.778,"Mount",-0.094,0.152,-0.151,-0.095,-0.095,0.000,31,E,0,,,,433289,332.79,0
582,1387.212,"Mount",0.395,-0.156,0.423,-0.033,0.260,0.000,84,W,0,,,,442157,289.61,0
583,1389.517,"Mount",0.181,-0.095,0.204,0.006,0.147,0.000,48,W,0,,,,451480,292.38,0
584,1391.917,"Mount",-0.035,0.240,-0.137,-0.200,-0.076,0.000,25,E,0,,,,420766,272.64,0
585,1394.200,"Mount",0.190,-0.069,0.201,-0.021,0.122,0.000,39,W,0,,,,436228,336.23,0
586,1396.707,"Mount",-0.365,0.268,-0.446,-0.081,-0.272,0.000,88,E,0,,,,430682,310.22,0
587,1398.859,"Mount",0.017,-0.014,0.021,0.005,0.000,0.000,0,,0,,,,446081,282.40,0
588,1401.352,"Mount",-0.079,0.080,-0.106,-0.037,0.000,0.000,0,,0,,,,458443,302.29,0
589,1403.579,"Mount",-0.005,0.010,-0.009,-0.007,0.000,0.000,0,,0,,,,416560,287.81,0
590,1406.109,"Mount",-0.213,0.160,-0.261,-0.050,-0.165,0.000,53,E,0,,,,450042,314.16,0
591,1408.275,"Mount",-0.020,0.076,-0.051,-0.059,0.000,0.000,0,,0,,,,408353,263.85,0
592,1410.688,"Mount",0.101,0.073,0.059,-0.110,0.000,0.000,0,,0,,,,434007,306.32,0
593,1413.051,"Mount",0.494,-0.119,0.496,-0.110,0.312,0.000,101,W,0,,,,446993,295.37,0
594,1415.475,"Mount",0.265,-0.175,0.315,0.041,0.220,0.000,71,W,0,,,,455275,303.03,0
595,1417.715,"Mount",0.210,-0.163,0.260,0.055,0.179,0.000,58,W,0,,,,429084,307.45,0
596,1420.115,"Mount",-0.211,0.275,-0.310,-0.154,-0.183,0.000,59,E,0,,,,422197,263.18,0
597,1422.414,"Mount",-0.224,0.140,-0.263,-0.028,-0.178,0.000,58,E,0,,,,438776,293.40,0
598,1424.742,"Mount",0.030,0.192,-0.057,-0.185,0.000,0.000,0,,0,,,,457736,293.63,0
599,1427.131,"Mount",0.328,-0.283,0.418,0.110,0.264,0.000,86,W,0,,,,440065,299.98,0
600,1429.459,"Mount",0.009,0.001,0.008,-0.005,0.000,0.000,0,,0,,,,438071,309.39,0
601,1431.851,"Mount",0.169,-0.143,0.214,0.054,0.135,0.000,44,W,0,,,,429971,269.02,0
602,1434.279,"Mount",0.288,-0.074,0.292,-0.060,0.193,0.000,63,W,0,,,,455047,306.34,0
603,1436.676,"Mount",0.509,-0.209,0.549,-0.036,0.359,0.000,117,W,0,,,,431931,290.07,0
604,1439.035,"Mount",-0.107,-0.009,-0.092,0.055,0.000,0.000,0,,0,,,,443095,309.52,0
605,1441.432,"Mount",-0.338,0.117,-0.355,0.043,-0.224,0.000,73,E,0,,,,444644,300.33,0
606,1443.907,"Mount",0.228,-0.179,0.284,0.061,0.163,0.000,53,W,0,,,,440410,306.87,0
607,1446.172,"Mount",-0.348,0.078,-0.347,0.083,-0.207,0.000,67,E,0,,,,456395,321.11,0
608,1448.636,"Mount",0.101,-0.217,0.186,0.151,0.102,0.000,33,W,0,,,,444118,284.78,0
609,1450.810,"Mount",0.040,-0.013,0.042,-0.006,0.000,0.000,0,,0,,,,451900,296.59,0
610,1453.363,"Mount",0.139,-0.025,0.136,-0.039,0.086,0.000,28,W,0,,,,432845,284.85,0
611,1455.543,"Mount",-0.044,-0.018,-0.031,0.036,0.000,0.000,0,,0,,,,425166,248.68,0
612,1458.051,"Mount",0.264,-0.133,0.295,0.003,0.186,0.000,60,W,0,,,,445225,291.89,0
613,1460.271,"Mount",-0.164,0.028,-0.160,0.047,-0.088,0.000,28,E,0,,,,440006,308.14,0
614,1462.678,"Mount",0.062,-0.054,0.080,0.021,0.000,0.000,0,,0,,,,442215,302.81,0
615,1465.043,"Mount",-0.376,0.054,-0.362,0.116,-0.228,0.000,74,E,0,,,,457940,330.01,0
616,1467.457,"Mount",-0.196,0.005,-0.178,0.081,-0.128,0.000,42,E,0,,,,439920,291.65,0
617,1469.768,"Mount",-0.269,0.162,-0.313,-0.027,-0.206,0.000,67,E,0,,,,436947,285.87,0
618,1472.182,"Mount",0.183,-0.224,0.262,0.121,0.151,0.000,49,W,0,,,,439830,312.67,0
619,1474.443,"Mount",0.114,-0.248,0.212,0.173,0.144,0.000,47,W,0,,,,464421,314.08,0
620,1476.875,"Mount",-0.115,-0.241,0.002,0.267,0.000,0.267,0,,56,S,,,458363,318.58,0
621,1479.151,"Mount",0.155,-0.100,0.183,0.022,0.115,0.000,37,W,0,,,,448007,285.27,0
622,1481.467,"Mount",0.031,-0.102,0.073,0.078,0.000,0.000,0,,0,,,,420719,267.46,0
623,1483.816,"Mount",0.205,-0.068,0.214,-0.028,0.135,0.000,44,W,0,,,,453829,311.46,0
624,1486.226,"Mount",-0.212,0.080,-0.225,0.021,-0.132,0.000,43,E,0,,,,427631,289.33,0
625,1488.502,"Mount",-0.236,0.125,-0.267,-0.008,-0.178,0.000,58,E,0,,,,445992,298.63,0
626,1490.825,"Mount",-0.113,0.014,-0.107,0.037,0.000,0.000,0,,0,,,,443817,289.26,0
627,1493.092,"Mount",-0.037,-0.018,-0.025,0.032,0.000,0.000,0,,0,,,,455306,262.21,0
628,1495.502,"Mount",-0.135,0.002,-0.122,0.058,0.000,0.000,0,,0,,,,432321,288.01,0
629,1497.826,"Mount",-0.189,0.072,-0.201,0.018,-0.127,0.000,41,E,0,,,,440840,316.73,0
630,1500.147,"Mount",-0.025,-0.143,0.040,0.139,0.000,0.000,0,,0,,,,451101,298.85,0
631,1502.659,"Mount",-0.346,-0.130,-0.254,0.269,-0.160,0.269,52,E,57,S,,,471115,299.50,0
632,1505.203,"Mount",-0.188,-0.004,-0.167,0.086,-0.116,0.000,38,E,0,,,,446260,285.76,0
633,1507.612,"Mount",-0.511,-0.036,-0.443,0.257,-0.287,0.257,93,E,54,S,,,444057,287.18,0
634,1509.998,"Mount",-0.076,-0.186,0.014,0.200,0.000,0.200,0,,42,S,,,434558,290.37,0
635,1512.170,"Mount",-0.014,-0.047,0.008,0.048,0.000,0.000,0,,0,,,,429283,314.54,0
636,1514.584,"Mount",-0.002,0.073,-0.034,-0.064,0.000,0.000,0,,0,,,,436321,292.95,0
637,1516.923,"Mount",0.135,-0.063,0.149,-0.002,0.094,0.000,30,W,0,,,,423345,299.46,0
638,1519.411,"Mount",-0.287,0.039,-0.275,0.090,-0.167,0.000,54,E,0,,,,442567,300.63,0
639,1521.666,"Mount",-0.166,0.008,-0.153,0.066,-0.108,0.000,35,E,0,,,,434050,297.40,0
640,1524.077,"Mount",-0.235,0.012,-0.217,0.092,-0.144,0.000,47,E,0,,,,434413,312.88,0
641,1526.233,"Mount",0.026,-0.046,0.043,0.030,0.000,0.000,0,,0,,,,437253,303.57,0
642,1528.844,"Mount",-0.443,0.158,-0.467,0.053,-0.294,0.000,95,E,0,,,,431008,296.14,0
643,1530.993,"Mount",-0.069,0.135,-0.121,-0.091,0.000,0.000,0,,0,,,,423752,270.23,0
644,1533.512,"Mount",-0.264,0.114,-0.287,0.013,-0.181,0.000,59,E,0,,,,439418,285.98,0
645,1535.656,"Mount",-0.002,-0.060,0.025,0.055,0.000,0.000,0,,0,,,,452258,316.54,0
646,1538.195,"Mount",0.416,-0.232,0.476,0.026,0.300,0.000,97,W,0,,,,458433,327.09,0
647,1540.479,"Mount",0.136,-0.222,0.220,0.140,0.160,0.000,52,W,0,,,,445419,293.11,0
648,1542.887,"Mount",0.191,-0.109,0.219,0.014,0.149,0.000,48,W,0,,,,439903,322.91,0
649,1545.044,"Mount",-0.102,-0.002,-0.091,0.046,0.000,0.000,0,,0,,,,429389,306.30,0
650,1547.574,"Mount",-0.360,0.170,-0.398,0.005,-0.251,0.000,81,E,0,,,,430446,284.18,0
651,1549.718,"Mount",-0.158,-0.053,-0.119,0.117,0.000,0.000,0,,0,,,,460633,319.38,0
652,1552.251,"Mount",-0.522,0.158,-0.539,0.087,-0.339,0.000,110,E,0,,,,443590,309.01,0
653,1554.508,"Mount",0.065,-0.220,0.155,0.169,0.074,0.000,24,W,0,,,,456645,304.45,0
654,1556.913,"Mount",0.033,-0.134,0.088,0.106,0.000,0.000,0,,0,,,,423779,291.67,0
655,1559.559,"Mount",0.262,-0.389,0.406,0.235,0.256,0.235,83,W,49,S,,,452670,294.48,0
656,1562.071,"Mount",0.384,-0.151,0.411,-0.033,0.277,0.000,90,W,0,,,,446183,337.68,0
657,1564.350,"Mount",0.133,-0.262,0.234,0.178,0.167,0.000,54,W,0,,,,442022,311.59,0
658,1566.763,"Mount",0.196,-0.243,0.283,0.132,0.190,0.000,62,W,0,,,,439312,296.80,0
659,1568.938,"Mount",-0.078,0.030,-0.083,0.007,0.000,0.000,0,,0,,,,452982,335.96,0
660,1571.342,"Mount",0.046,-0.011,0.046,-0.010,0.000,0.000,0,,0,,,,422643,305.01,0
661,1573.710,"Mount",-0.234,0.180,-0.289,-0.059,-0.182,0.000,59,E,0,,,,430816,301.71,0
662,1576.174,"Mount",0.474,-0.267,0.543,0.032,0.330,0.000,107,W,0,,,,440475,285.32,0
663,1578.366,"Mount",-0.040,-0.040,-0.018,0.054,0.000,0.000,0,,0,,,,435983,302.09,0
664,1580.778,"Mount",0.054,-0.101,0.093,0.067,0.000,0.000,0,,0,,,,427967,311.69,0
665,1583.067,"Mount",-0.025,-0.100,0.021,0.101,0.000,0.000,0,,0,,,,431920,293.10,0
666,1585.569,"Mount",0.173,-0.182,0.235,0.088,0.148,0.000,48,W,0,,,,445873,316.73,0
667,1587.782,"Mount",-0.115,-0.038,-0.086,0.084,0.000,0.000,0,,0,,,,428026,316.65,0
668,1590.354,"Mount",-0.240,0.204,-0.306,-0.078,-0.193,0.000,62,E,0,,,,444996,334.50,0
669,1592.747,"Mount",-0.248,-0.125,-0.168,0.221,-0.120,0.221,39,E,46,S,,,448896,293.02,0
670,1595.097,"Mount",-0.094,-0.067,-0.055,0.102,0.000,0.000,0,,0,,,,423585,276.57,0
671,1597.482,"Mount",-0.162,-0.157,-0.077,0.212,0.000,0.212,0,,44,S,,,437513,311.54,0
672,1599.915,"Mount",0.254,-0.219,0.325,0.085,0.205,0.000,66,W,0,,,,437266,295.87,0
673,1602.164,"Mount",-0.236,-0.072,-0.180,0.168,-0.099,0.000,32,E,0,,,,451095,316.71,0
674,1604.637,"Mount",-0.203,0.075,-0.215,0.022,-0.143,0.000,46,E,0,,,,469430,327.91,0
675,1606.788,"Mount",0.047,-0.106,0.089,0.075,0.000,0.000,0,,0,,,,452882,314.70,0
676,1609.323,"Mount",0.259,-0.099,0.276,-0.024,0.174,0.000,56,W,0,,,,457491,294.42,0
677,1611.492,"Mount",0.084,0.035,0.060,-0.068,0.000,0.000,0,,0,,,,427031,287.31,0
678,1614.069,"Mount",-0.369,0.151,-0.398,0.026,-0.251,0.000,81,E,0,,,,452395,312.24,0
679,1616.370,"Mount",-0.290,0.144,-0.323,-0.002,-0.221,0.000,72,E,0,,,,446848,301.21,0
680,1618.916,"Mount",-0.416,0.089,-0.413,0.103,-0.276,0.000,89,E,0,,,,447871,273.12,0
681,1621.070,"Mount",-0.010,-0.027,0.003,0.028,0.000,0.000,0,,0,,,,445339,301.67,0
682,1623.471,"Mount",-0.061,-0.039,-0.038,0.062,0.000,0.000,0,,0,,,,440333,285.34,0
683,1625.819,"Mount",0.256,-0.299,0.361,0.156,0.227,0.000,74,W,0,,,,440847,299.50,0
684,1628.140,"Mount",0.042,-0.066,0.067,0.041,0.000,0.000,0,,0,,,,447255,264.11,0
685,1630.619,"Mount",0.163,-0.311,0.283,0.207,0.178,0.207,58,W,44,S,,,454938,316.63,0
686,1632.947,"Mount",0.003,-0.025,0.013,0.021,0.000,0.000,0,,0,,,,442959,302.83,0
687,1635.199,"Mount",0.002,-0.010,0.007,0.008,0.000,0.000,0,,0,,,,429022,284.50,0
688,1637.693,"Mount",-0.172,0.036,-0.170,0.043,-0.107,0.000,35,E,0,,,,440906,296.31,0
689,1639.970,"Mount",0.005,0.036,-0.012,-0.034,0.000,0.000,0,,0,,,,427563,303.13,0
690,1642.587,"Mount",-0.148,0.140,-0.195,-0.061,-0.123,0.000,40,E,0,,,,437711,331.75,0
691,1644.827,"Mount",-0.158,-0.188,-0.059,0.238,0.000,0.238,0,,50,S,,,462307,344.04,0
692,1647.257,"Mount",-0.262,-0.082,-0.199,0.188,-0.126,0.000,41,E,0,,,,416713,302.28,0
693,1649.669,"Mount",0.119,-0.213,0.201,0.139,0.118,0.000,38,W,0,,,,449162,325.75,0
694,1652.131,"Mount",-0.255,0.141,-0.291,-0.015,-0.175,0.000,57,E,0,,,,450012,310.07,0
695,1654.316,"Mount",-0.131,-0.091,-0.078,0.140,0.000,0.000,0,,0,,,,438840,306.97,0
696,1656.843,"Mount",-0.382,-0.009,-0.339,0.176,-0.214,0.000,69,E,0,,,,452639,298.34,0
697,1659.102,"Mount",-0.161,-0.007,-0.142,0.077,-0.104,0.000,34,E,0,,,,451034,335.97,0
698,1661.515,"Mount",-0.097,0.102,-0.132,-0.049,-0.090,0.000,29,E,0,,,,447371,297.22,0
699,1663.777,"Mount",-0.137,0.035,-0.138,0.029,-0.093,0.000,30,E,0,,,,446746,330.83,0
700,1666.203,"Mount",0.016,-0.240,0.120,0.208,0.000,0.208,0,,44,S,,,477659,369.28,0
701,1668.422,"Mount",-0.166,-0.115,-0.099,0.176,0.000,0.000,0,,0,,,,444547,289.47,0
702,1670.969,"Mount",-0.060,-0.134,0.005,0.147,0.000,0.000,0,,0,,,,482223,298.11,0
703,1673.286,"Mount",0.086,-0.230,0.178,0.168,0.112,0.000,36,W,0,,,,451747,359.44,0
704,1675.712,"Mount",0.104,-0.114,0.144,0.057,0.098,0.000,32,W,0,,,,441954,273.27,0
705,1677.951,"Mount",-0.295,-0.059,-0.239,0.182,-0.144,0.000,47,E,0,,,,448053,299.63,0
706,1680.377,"Mount",-0.180,-0.214,-0.068,0.271,0.000,0.271,0,,57,S,,,460161,309.42,0
707,1682.575,"Mount",-0.149,-0.113,-0.084,0.167,0.000,0.000,0,,0,,,,433928,314.53,0
708,1685.033,"Mount",-0.125,-0.056,-0.088,0.105,0.000,0.000,0,,0,,,,434933,290.14,0
709,1687.279,"Mount",0.022,0.008,0.016,-0.016,0.000,0.000,0,,0,,,,437787,308.21,0
710,1689.798,"Mount",0.195,-0.227,0.275,0.118,0.173,0.000,56,W,0,,,,428630,312.81,0
711,1691.940,"Mount",0.044,-0.131,0.097,0.098,0.000,0.000,0,,0,,,,427000,290.28,0
712,1694.521,"Mount",-0.114,-0.277,0.019,0.299,0.000,0.299,0,,63,S,,,437271,316.26,0
713,1696.780,"Mount",-0.278,0.035,-0.265,0.090,-0.167,0.000,54,E,0,,,,428607,277.39,0
714,1699.109,"Mount",-0.059,-0.113,-0.003,0.127,0.000,0.000,0,,0,,,,445594,312.06,0
715,1701.443,"Mount",-0.279,-0.036,-0.234,0.155,-0.148,0.000,48,E,0,,,,430557,276.89,0
716,1703.885,"Mount",0.082,-0.180,0.152,0.126,0.086,0.000,28,W,0,,,,460137,322.92,0
717,1706.163,"Mount",-0.185,-0.016,-0.159,0.096,-0.094,0.000,31,E,0,,,,445999,311.09,0
718,1708.584,"Mount",-0.071,-0.028,-0.052,0.056,0.000,0.000,0,,0,,,,434571,304.22,0
719,1710.816,"Mount",0.004,-0.161,0.075,0.143,0.000,0.000,0,,0,,,,434859,318.10,0
720,1713.340,"Mount",0.323,-0.285,0.415,0.114,0.261,0.000,85,W,0,,,,450184,316.05,0
721,1715.644,"Mount",0.459,-0.329,0.557,0.094,0.369,0.000,120,W,0,,,,460865,324.21,0
722,1717.997,"Mount",-0.061,0.081,-0.090,-0.046,0.000,0.000,0,,0,,,,432176,293.49,0
723,1720.228,"Mount",0.037,-0.022,0.043,0.003,0.000,0.000,0,,0,,,,417155,298.18,0
724,1722.766,"Mount",-0.012,-0.163,0.061,0.152,0.000,0.000,0,,0,,,,430362,302.98,0
725,1725.120,"Mount",0.156,-0.152,0.207,0.068,0.130,0.000,42,W,0,,,,470612,337.48,0
726,1727.492,"Mount",-0.168,-0.037,-0.134,0.106,-0.076,0.000,25,E,0,,,,441861,295.32,0
727,1729.768,"Mount",0.127,-0.136,0.174,0.066,0.104,0.000,34,W,0,,,,478213,330.31,0
728,1732.087,"Mount",0.109,-0.020,0.106,-0.030,0.000,0.000,0,,0,,,,418442,288.98,0
729,1734.603,"Mount",0.118,-0.230,0.206,0.155,0.130,0.000,42,W,0,,,,446290,299.29,0
730,1736.940,"Mount",-0.015,-0.045,0.006,0.047,0.000,0.000,0,,0,,,,403937,284.66,0
731,1739.316,"Mount",0.148,-0.184,0.213,0.100,0.134,0.000,44,W,0,,,,448224,289.24,0
732,1741.709,"Mount",-0.058,-0.210,0.040,0.215,0.000,0.215,0,,45,S,,,467678,314.07,0
733,1743.878,"Mount",-0.028,-0.033,-0.011,0.042,0.000,0.000,0,,0,,,,453208,307.53,0
734,1746.303,"Mount",-0.004,0.114,-0.053,-0.101,0.000,0.000,0,,0,,,,426866,314.51,0
735,1748.751,"Mount",0.142,-0.096,0.170,0.024,0.107,0.000,35,W,0,,,,454129,336.96,0
736,1751.235,"Mount",-0.371,0.122,-0.387,0.054,-0.236,0.000,77,E,0,,,,449070,292.74,0
737,1753.405,"Mount",-0.009,0.007,-0.011,-0.002,0.000,0.000,0,,0,,,,430821,285.74,0
738,1755.843,"Mount",0.036,-0.066,0.061,0.044,0.000,0.000,0,,0,,,,436766,301.29,0
739,1758.172,"Mount",0.110,-0.148,0.164,0.085,0.103,0.000,33,W,0,,,,434836,322.26,0
740,1760.612,"Mount",-0.099,0.165,-0.161,-0.105,-0.094,0.000,31,E,0,,,,449628,290.87,0
741,1762.857,"Mount",-0.146,-0.001,-0.131,0.065,-0.089,0.000,29,E,0,,,,441484,298.23,0
742,1765.180,"Mount",-0.074,-0.025,-0.056,0.055,0.000,0.000,0,,0,,,,424762,287.39,0
743,1767.531,"Mount",-0.372,0.033,-0.349,0.133,-0.220,0.000,71,E,0,,,,458438,303.07,0
744,1769.939,"Mount",-0.310,0.021,-0.288,0.117,-0.197,0.000,64,E,0,,,,454030,308.54,0
745,1772.103,"Mount",-0.163,-0.097,-0.103,0.159,0.000,0.000,0,,0,,,,448610,304.72,0
746,1774.660,"Mount",-0.100,-0.156,-0.022,0.184,0.000,0.000,0,,0,,,,439981,292.13,0
747,1776.991,"Mount",0.145,-0.191,0.214,0.108,0.135,0.000,44,W,0,,,,444079,322.68,0
748,1779.477,"Mount",0.179,-0.177,0.238,0.080,0.160,0.000,52,W,0,,,,441573,312.48,0
749,1781.731,"Mount",0.216,-0.307,0.328,0.181,0.218,0.000,71,W,0,,,,447415,314.22,0
750,1784.080,"Mount",-0.057,0.004,-0.053,0.021,0.000,0.000,0,,0,,,,439130,296.50,0
751,1786.520,"Mount",-0.285,0.100,-0.299,0.035,-0.189,0.000,61,E,0,,,,440720,321.98,0
752,1788.880,"Mount",0.050,-0.155,0.113,0.117,0.000,0.000,0,,0,,,,415595,308.82,0
753,1791.220,"Mount",-0.287,-0.035,-0.243,0.157,-0.153,0.000,50,E,0,,,,425333,297.35,0
754,1793.687,"Mount",-0.119,-0.327,0.036,0.346,0.000,0.346,0,,73,S,,,438399,284.62,0
755,1795.997,"Mount",-0.383,0.122,-0.398,0.059,-0.251,0.000,81,E,0,,,,454895,312.48,0
756,1798.311,"Mount",0.029,-0.054,0.049,0.036,0.000,0.000,0,,0,,,,430836,309.10,0
757,1800.724,"Mount",-0.134,0.122,-0.174,-0.051,-0.110,0.000,36,E,0,,,,433790,305.38,0
758,1803.051,"Mount",0.110,0.057,0.074,-0.099,0.000,0.000,0,,0,,,,453042,310.86,0
759,1805.472,"Mount",-0.158,0.123,-0.196,-0.042,-0.123,0.000,40,E,0,,,,431522,305.43,0
760,1807.956,"Mount",0.190,-0.093,0.212,0.000,0.125,0.000,40,W,0,,,,442242,308.53,0
761,1810.096,"Mount",0.110,0.042,0.081,-0.086,0.000,0.000,0,,0,,,,433490,325.35,0
762,1812.560,"Mount",0.092,-0.055,0.107,0.009,0.000,0.000,0,,0,,,,455174,321.20,0
763,1814.792,"Mount",-0.047,-0.099,0.001,0.109,0.000,0.000,0,,0,,,,448805,317.52,0
764,1817.314,"Mount",-0.160,-0.217,-0.049,0.265,0.000,0.265,0,,56,S,,,449048,319.98,0
765,1819.656,"Mount",-0.177,0.168,-0.233,-0.073,-0.147,0.000,48,E,0,,,,418822,311.85,0
766,1822.064,"Mount",0.216,0.059,0.168,-0.148,0.096,0.000,31,W,0,,,,445397,327.33,0
767,1824.228,"Mount",0.040,0.109,-0.012,-0.115,0.000,0.000,0,,0,,,,400201,306.96,0
768,1826.681,"Mount",0.038,0.141,-0.028,-0.144,0.000,0.000,0,,0,,,,421235,307.40,0
769,1829.159,"Mount",-0.463,0.352,-0.570,-0.113,-0.359,0.000,117,E,0,,,,459838,307.31,0
770,1831.545,"Mount",0.159,-0.152,0.209,0.067,0.107,0.000,35,W,0,,,,427756,325.06,0
771,1833.789,"Mount",-0.078,0.264,-0.186,-0.203,-0.110,0.000,36,E,0,,,,412047,274.18,0
772,1836.110,"Mount",0.057,0.110,0.003,-0.124,0.000,0.000,0,,0,,,,427879,295.19,0
773,1838.385,"Mount",0.073,0.047,0.045,-0.074,0.000,0.000,0,,0,,,,432811,300.65,0
774,1840.906,"Mount",0.117,-0.123,0.159,0.059,0.100,0.000,33,W,0,,,,446015,332.70,0
775,1843.076,"Mount",0.105,-0.008,0.098,-0.039,0.000,0.000,0,,0,,,,471736,329.14,0
776,1845.533,"Mount",-0.077,0.164,-0.141,-0.113,-0.089,0.000,29,E,0,,,,452519,308.95,0
777,1847.703,"Mount",0.056,0.063,0.022,-0.081,0.000,0.000,0,,0,,,,429664,346.82,0
778,1850.204,"Mount",-0.169,0.223,-0.250,-0.126,-0.158,0.000,51,E,0,,,,443194,337.13,0
779,1852.400,"Mount",-0.038,0.103,-0.079,-0.076,0.000,0.000,0,,0,,,,440210,309.88,0
780,1854.828,"Mount",-0.012,0.168,-0.084,-0.146,0.000,0.000,0,,0,,,,448379,325.11,0
781,1857.063,"Mount",-0.087,0.085,-0.115,-0.038,0.000,0.000,0,,0,,,,420569,289.76,0
782,1859.649,"Mount",-0.134,0.140,-0.181,-0.067,-0.114,0.000,37,E,0,,,,433891,283.76,0
783,1861.917,"Mount",0.238,-0.115,0.264,-0.001,0.158,0.000,51,W,0,,,,462411,315.37,0
784,1864.407,"Mount",0.488,-0.237,0.542,-0.001,0.353,0.000,114,W,0,,,,436040,270.72,0
785,1866.668,"Mount",0.260,-0.101,0.278,-0.024,0.200,0.000,65,W,0,,,,436784,300.52,0
786,1869.087,"Mount",-0.080,0.205,-0.161,-0.149,-0.088,0.000,28,E,0,,,,450387,294.14,0
787,1871.261,"Mount",0.073,-0.086,0.103,0.045,0.000,0.000,0,,0,,,,447557,326.44,0
788,1873.695,"Mount",-0.054,0.161,-0.119,-0.121,0.000,0.000,0,,0,,,,414606,307.83,0
789,1876.050,"Mount",-0.082,0.134,-0.133,-0.085,-0.083,0.000,27,E,0,,,,437083,278.27,0
790,1878.594,"Mount",-0.137,0.265,-0.240,-0.178,-0.157,0.000,51,E,0,,,,435418,287.31,0
791,1880.851,"Mount",-0.060,0.274,-0.174,-0.220,-0.120,0.000,39,E,0,,,,461663,327.73,0
INFO: SET LOCK POSITION, new lock pos = 629.216, 920.068
INFO: DITHER by -0.492, -1.479, new lock pos = 629.422, 921.613
INFO: SETTLING STATE CHANGE, Settling started
792,1884.353,"Mount",-0.207,-1.545,0.492,1.479,0.492,1.479,160,W,311,S,,,452202,295.48,0
793,1886.860,"Mount",-0.433,-0.800,-0.038,0.909,0.000,0.909,0,,191,S,,,492896,334.89,0
794,1890.700,"Mount",0.112,0.936,-0.311,-0.890,-0.196,-0.890,63,E,1390,N,,,472136,300.66,0
795,1893.260,"Mount",-0.306,1.113,-0.763,-0.865,-0.495,-0.865,160,E,182,N,,,423185,294.95,0
796,1895.732,"Mount",-0.440,0.362,-0.554,-0.132,-0.384,0.000,125,E,0,,,,441879,309.02,0
INFO: SETTLING STATE CHANGE, Settling complete
797,1898.035,"Mount",0.273,0.165,0.173,-0.268,0.082,-0.268,27,W,56,N,,,467175,294.03,0
798,1900.618,"Mount",-0.175,0.392,-0.329,-0.276,-0.202,-0.276,65,E,58,N,,,401008,305.01,0
799,1902.932,"Mount",0.275,0.122,0.194,-0.230,0.108,-0.230,35,W,48,N,,,451440,317.01,0
800,1905.340,"Mount",-0.334,0.031,-0.314,0.119,-0.190,0.000,62,E,0,,,,456996,299.73,0
801,1907.572,"Mount",0.324,-0.153,0.358,-0.004,0.212,0.000,69,W,0,,,,444645,315.96,0
802,1909.984,"Mount",0.054,-0.034,0.063,0.007,0.000,0.000,0,,0,,,,458840,336.02,0
803,1912.216,"Mount",-0.063,-0.077,-0.023,0.097,0.000,0.000,0,,0,,,,431625,318.76,0
804,1914.900,"Mount",-0.822,0.423,-0.924,-0.019,-0.582,0.000,189,E,0,,,,447366,302.72,0
805,1917.064,"Mount",-0.077,0.119,-0.121,-0.073,0.000,0.000,0,,0,,,,461739,354.67,0
806,1919.730,"Mount",-0.372,0.216,-0.429,-0.031,-0.270,0.000,88,E,0,,,,434206,288.38,0
807,1921.895,"Mount",-0.008,-0.026,0.004,0.027,0.000,0.000,0,,0,,,,423091,311.95,0
808,1924.326,"Mount",-0.043,-0.048,-0.017,0.062,0.000,0.000,0,,0,,,,467393,305.00,0
809,1926.724,"Mount",0.253,-0.161,0.298,0.034,0.188,0.000,61,W,0,,,,471808,318.01,0
810,1929.143,"Mount",0.113,-0.229,0.202,0.156,0.140,0.000,45,W,0,,,,446932,311.60,0
811,1931.375,"Mount",0.079,-0.181,0.151,0.127,0.105,0.000,34,W,0,,,,442296,292.03,0
812,1933.816,"Mount",-0.243,0.069,-0.249,0.045,-0.149,0.000,48,E,0,,,,418784,299.70,0
813,1935.983,"Mount",-0.093,-0.055,-0.059,0.091,0.000,0.000,0,,0,,,,446330,307.30,0
814,1938.578,"Mount",-0.302,0.047,-0.292,0.090,-0.184,0.000,60,E,0,,,,440938,304.55,0
815,1940.989,"Mount",-0.263,0.058,-0.262,0.063,-0.178,0.000,58,E,0,,,,446078,312.56,0
816,1943.314,"Mount",0.004,-0.110,0.052,0.097,0.000,0.000,0,,0,,,,447593,277.66,0
817,1945.568,"Mount",-0.003,-0.052,0.020,0.048,0.000,0.000,0,,0,,,,431456,303.96,0
818,1947.972,"Mount",0.088,0.020,0.071,-0.057,0.000,0.000,0,,0,,,,471759,291.10,0
819,1950.200,"Mount",-0.010,0.160,-0.079,-0.139,0.000,0.000,0,,0,,,,436892,308.60,0
820,1952.732,"Mount",-0.174,0.164,-0.228,-0.071,-0.144,0.000,47,E,0,,,,437731,294.63,0
821,1954.998,"Mount",-0.102,0.173,-0.168,-0.111,-0.116,0.000,38,E,0,,,,412390,301.70,0
822,1957.326,"Mount",-0.079,0.006,-0.074,0.029,0.000,0.000,0,,0,,,,453332,312.47,0
823,1959.724,"Mount",-0.221,0.162,-0.269,-0.049,-0.170,0.000,55,E,0,,,,417040,312.02,0
824,1962.147,"Mount",-0.168,0.102,-0.196,-0.018,-0.135,0.000,44,E,0,,,,457505,349.11,0
825,1964.316,"Mount",-0.036,-0.124,0.022,0.128,0.000,0.000,0,,0,,,,396775,266.40,0
826,1966.764,"Mount",-0.002,-0.140,0.060,0.127,0.000,0.000,0,,0,,,,449213,277.05,0
827,1969.030,"Mount",-0.073,0.037,-0.082,-0.001,0.000,0.000,0,,0,,,,447156,317.36,0
828,1971.633,"Mount",0.182,-0.227,0.263,0.124,0.166,0.000,54,W,0,,,,428472,303.95,0
829,1973.814,"Mount",-0.140,-0.079,-0.091,0.132,0.000,0.000,0,,0,,,,418554,272.74,0
830,1976.241,"Mount",-0.114,-0.067,-0.073,0.110,0.000,0.000,0,,0,,,,432978,312.08,0
831,1978.696,"Mount",-0.413,0.059,-0.397,0.128,-0.250,0.000,81,E,0,,,,452202,301.36,0
832,1981.132,"Mount",-0.420,0.130,-0.434,0.067,-0.291,0.000,94,E,0,,,,435941,291.84,0
833,1983.444,"Mount",-0.325,0.089,-0.331,0.063,-0.229,0.000,74,E,0,,,,466140,307.15,0
834,1985.869,"Mount",0.163,-0.294,0.275,0.193,0.157,0.000,51,W,0,,,,430098,289.40,0
835,1988.148,"Mount",0.123,-0.250,0.220,0.171,0.150,0.000,49,W,0,,,,424024,301.99,0
836,1990.612,"Mount",0.160,-0.069,0.174,-0.008,0.120,0.000,39,W,0,,,,443353,280.82,0
837,1992.777,"Mount",-0.049,-0.185,0.038,0.188,0.000,0.000,0,,0,,,,444164,259.30,0
838,1995.303,"Mount",-0.297,0.003,-0.268,0.128,-0.169,0.000,55,E,0,,,,450844,321.80,0
839,1997.591,"Mount",-0.477,0.009,-0.433,0.201,-0.284,0.000,92,E,0,,,,447312,287.79,0
840,1999.927,"Mount",0.044,-0.062,0.066,0.037,0.000,0.000,0,,0,,,,461241,305.28,0
841,2002.166,"Mount",-0.115,-0.118,-0.051,0.157,0.000,0.000,0,,0,,,,435804,334.55,0
842,2004.675,"Mount",-0.273,-0.166,-0.172,0.269,-0.109,0.000,35,E,0,,,,441565,285.49,0
843,2006.843,"Mount",-0.145,-0.130,-0.073,0.180,0.000,0.000,0,,0,,,,424621,296.73,0
844,2009.410,"Mount",0.136,-0.207,0.213,0.126,0.134,0.000,44,W,0,,,,447775,313.62,0
845,2012.852,"Mount",-0.042,-0.215,0.056,0.212,0.000,0.212,0,,1247,S,,,443976,305.57,0
846,2015.388,"Mount",0.821,-0.292,0.866,-0.097,0.545,0.000,177,W,0,,,,414050,280.24,0
847,2017.667,"Mount",0.207,-0.148,0.252,0.042,0.197,0.000,64,W,0,,,,457500,311.48,0
848,2020.158,"Mount",-0.516,0.203,-0.553,0.044,-0.334,0.000,108,E,0,,,,460326,341.63,0
849,2022.482,"Mount",-0.289,0.015,-0.267,0.114,-0.191,0.000,62,E,0,,,,449868,303.26,0
850,2024.860,"Mount",0.055,-0.191,0.133,0.147,0.070,0.000,23,W,0,,,,425121,298.87,0
851,2027.059,"Mount",-0.072,-0.080,-0.030,0.103,0.000,0.000,0,,0,,,,442733,317.63,0
852,2029.506,"Mount",0.093,-0.049,0.105,0.003,0.000,0.000,0,,0,,,,443550,309.48,0
853,2031.752,"Mount",0.044,-0.129,0.096,0.096,0.000,0.000,0,,0,,,,415552,315.21,0
854,2034.252,"Mount",0.105,-0.239,0.199,0.168,0.126,0.000,41,W,0,,,,432833,303.13,0
855,2036.586,"Mount",0.044,-0.227,0.139,0.185,0.097,0.000,31,W,0,,,,461585,315.10,0
856,2038.940,"Mount",-0.046,-0.166,0.031,0.170,0.000,0.000,0,,0,,,,440751,289.02,0
857,2041.165,"Mount",-0.060,-0.101,-0.010,0.118,0.000,0.000,0,,0,,,,425230,288.61,0
858,2043.669,"Mount",-0.182,0.070,-0.194,0.017,-0.122,0.000,40,E,0,,,,442308,314.93,0
859,2045.911,"Mount",-0.230,-0.078,-0.173,0.171,-0.117,0.000,38,E,0,,,,456913,319.38,0
860,2048.462,"Mount",0.138,-0.336,0.272,0.241,0.163,0.241,53,W,51,S,,,450929,320.04,0
861,2050.739,"Mount",-0.021,-0.272,0.100,0.254,0.000,0.254,0,,53,S,,,439122,325.85,0
862,2053.140,"Mount",-0.022,-0.228,0.080,0.215,0.000,0.215,0,,45,S,,,431181,277.39,0
863,2055.297,"Mount",0.085,-0.081,0.112,0.035,0.000,0.000,0,,0,,,,437786,296.85,0
864,2057.796,"Mount",0.313,-0.140,0.342,-0.011,0.216,0.000,70,W,0,,,,434926,314.01,0
865,2059.978,"Mount",-0.051,-0.153,0.022,0.160,0.000,0.000,0,,0,,,,445059,299.17,0
866,2062.509,"Mount",-0.182,-0.057,-0.139,0.131,-0.087,0.000,28,E,0,,,,444888,283.49,0
867,2064.858,"Mount",-0.401,0.058,-0.386,0.123,-0.249,0.000,81,E,0,,,,446621,328.32,0
868,2067.276,"Mount",-0.198,-0.062,-0.150,0.143,-0.112,0.000,36,E,0,,,,406443,291.48,0
869,2069.715,"Mount",-0.617,0.043,-0.573,0.232,-0.369,0.232,120,E,49,S,,,482647,318.66,0
870,2072.124,"Mount",0.058,-0.189,0.135,0.144,0.059,0.000,19,W,0,,,,453913,307.36,0
871,2074.326,"Mount",0.053,-0.183,0.128,0.141,0.000,0.000,0,,0,,,,436905,313.13,0
872,2077.060,"Mount",-0.010,-0.440,0.184,0.400,0.116,0.400,38,W,84,S,,,444198,311.41,0
873,2079.492,"Mount",0.108,-0.312,0.234,0.233,0.155,0.233,50,W,49,S,,,432575,305.40,0
874,2081.890,"Mount",0.147,-0.122,0.186,0.045,0.128,0.000,42,W,0,,,,435236,326.52,0
875,2084.059,"Mount",0.033,0.064,0.002,-0.072,0.000,0.000,0,,0,,,,448681,331.83,0
876,2086.762,"Mount",-0.709,0.193,-0.722,0.137,-0.455,0.000,148,E,0,,,,482508,330.64,0
877,2088.917,"Mount",-0.093,0.040,-0.101,0.005,0.000,0.000,0,,0,,,,467974,324.62,0
878,2091.330,"Mount",0.100,0.119,0.038,-0.150,0.000,0.000,0,,0,,,,444388,300.05,0
879,2093.662,"Mount",-0.174,0.205,-0.247,-0.108,-0.155,0.000,50,E,0,,,,445930,360.30,0
880,2096.252,"Mount",-0.346,0.236,-0.414,-0.060,-0.272,0.000,88,E,0,,,,450920,322.21,0
881,2098.532,"Mount",0.165,-0.098,0.191,0.016,0.101,0.000,33,W,0,,,,457002,319.73,0
882,2100.868,"Mount",-0.061,0.007,-0.058,0.020,0.000,0.000,0,,0,,,,458696,319.64,0
883,2103.205,"Mount",-0.138,0.197,-0.211,-0.117,-0.133,0.000,43,E,0,,,,448896,315.25,0
884,2105.652,"Mount",-0.367,0.299,-0.461,-0.107,-0.300,0.000,97,E,0,,,,460524,325.12,0
885,2107.884,"Mount",-0.113,0.159,-0.171,-0.093,-0.129,0.000,42,E,0,,,,478705,320.40,0
886,2110.222,"Mount",-0.087,0.038,-0.095,0.004,0.000,0.000,0,,0,,,,459227,327.35,0
887,2112.544,"Mount",-0.114,-0.059,-0.076,0.103,0.000,0.000,0,,0,,,,441264,292.49,0
888,2115.091,"Mount",-0.285,0.192,-0.340,-0.048,-0.214,0.000,70,E,0,,,,457476,316.36,0
889,2117.251,"Mount",-0.035,-0.112,0.018,0.116,0.000,0.000,0,,0,,,,440244,278.64,0
890,2119.734,"Mount",-0.109,-0.044,-0.079,0.088,0.000,0.000,0,,0,,,,439816,319.50,0
891,2121.961,"Mount",-0.042,0.016,-0.045,0.004,0.000,0.000,0,,0,,,,448865,336.43,0
892,2124.530,"Mount",-0.267,0.020,-0.249,0.099,-0.157,0.000,51,E,0,,,,442913,299.14,0
893,2126.680,"Mount",-0.072,-0.025,-0.054,0.054,0.000,0.000,0,,0,,,,444781,320.96,0
894,2129.332,"Mount",-0.757,0.287,-0.807,0.074,-0.508,0.000,165,E,0,,,,464371,320.31,0
895,2131.498,"Mount",-0.077,0.023,-0.079,0.013,0.000,0.000,0,,0,,,,452544,299.56,0
896,2133.964,"Mount",-0.107,0.086,-0.135,-0.031,-0.085,0.000,27,E,0,,,,438268,314.34,0
897,2136.154,"Mount",-0.038,-0.104,0.012,0.110,0.000,0.000,0,,0,,,,442607,322.18,0
898,2138.656,"Mount",0.192,-0.160,0.243,0.059,0.153,0.000,50,W,0,,,,462494,318.80,0
899,2140.908,"Mount",0.170,-0.292,0.281,0.187,0.188,0.000,61,W,0,,,,444027,288.48,0
900,2143.427,"Mount",0.245,-0.298,0.351,0.161,0.234,0.000,76,W,0,,,,451277,326.61,0
901,2145.676,"Mount",-0.366,0.020,-0.338,0.143,-0.197,0.000,64,E,0,,,,475182,302.43,0
902,2148.299,"Mount",-0.442,0.157,-0.466,0.052,-0.307,0.000,100,E,0,,,,439792,309.66,0
903,2150.665,"Mount",-0.154,0.125,-0.193,-0.045,-0.143,0.000,46,E,0,,,,450461,320.02,0
904,2153.027,"Mount",-0.119,-0.094,-0.066,0.137,0.000,0.000,0,,0,,,,437435,308.38,0
905,2155.272,"Mount",-0.138,-0.046,-0.104,0.102,0.000,0.000,0,,0,,,,460961,308.59,0
906,2157.697,"Mount",-0.114,-0.095,-0.061,0.135,0.000,0.000,0,,0,,,,446389,293.01,0
907,2159.950,"Mount",-0.098,-0.159,-0.019,0.186,0.000,0.000,0,,0,,,,459425,336.88,0
908,2162.724,"Mount",0.249,-0.376,0.389,0.229,0.245,0.229,79,W,48,S,,,442592,302.35,0
909,2164.986,"Mount",0.086,-0.211,0.170,0.152,0.125,0.000,40,W,0,,,,451552,300.45,0
910,2167.396,"Mount",0.156,-0.275,0.261,0.179,0.173,0.000,56,W,0,,,,441371,282.72,0
911,2169.586,"Mount",-0.135,-0.026,-0.110,0.083,0.000,0.000,0,,0,,,,450950,317.38,0
912,2172.084,"Mount",-0.272,-0.008,-0.241,0.127,-0.152,0.000,49,E,0,,,,452137,310.28,0
913,2174.361,"Mount",-0.218,-0.043,-0.177,0.134,-0.122,0.000,40,E,0,,,,455245,324.69,0
914,2176.779,"Mount",0.145,-0.156,0.199,0.077,0.117,0.000,38,W,0,,,,441150,338.47,0
915,2179.111,"Mount",-0.121,0.057,-0.134,0.002,-0.076,0.000,25,E,0,,,,448098,338.05,0
916,2181.417,"Mount",-0.044,-0.039,-0.022,0.055,0.000,0.000,0,,0,,,,426494,286.47,0
917,2183.652,"Mount",0.061,0.050,0.033,-0.072,0.000,0.000,0,,0,,,,427130,330.23,0
918,2186.190,"Mount",0.160,-0.100,0.188,0.020,0.118,0.000,38,W,0,,,,458224,301.63,0
919,2188.417,"Mount",0.011,0.019,0.002,-0.022,0.000,0.000,0,,0,,,,455967,335.46,0
920,2191.089,"Mount",-0.647,0.096,-0.624,0.198,-0.393,0.000,127,E,0,,,,452952,323.04,0
921,2193.241,"Mount",-0.017,0.125,-0.070,-0.105,0.000,0.000,0,,0,,,,457070,319.64,0
922,2195.717,"Mount",-0.108,0.193,-0.182,-0.126,-0.115,0.000,37,E,0,,,,448432,324.97,0
923,2197.948,"Mount",0.170,0.004,0.151,-0.078,0.087,0.000,28,W,0,,,,443617,318.96,0
924,2200.313,"Mount",0.003,-0.007,0.006,0.005,0.000,0.000,0,,0,,,,488610,322.31,0
925,2202.594,"Mount",0.003,-0.120,0.055,0.106,0.000,0.000,0,,0,,,,461709,324.82,0
926,2205.017,"Mount",0.017,-0.163,0.086,0.139,0.000,0.000,0,,0,,,,446761,319.29,0
927,2207.375,"Mount",0.155,-0.290,0.266,0.193,0.168,0.000,54,W,0,,,,458985,337.84,0
928,2209.686,"Mount",-0.064,-0.099,-0.014,0.117,0.000,0.000,0,,0,,,,441036,306.95,0
929,2211.988,"Mount",-0.245,-0.030,-0.207,0.134,-0.130,0.000,42,E,0,,,,447871,318.38,0
930,2214.467,"Mount",-0.343,0.142,-0.371,0.023,-0.243,0.000,79,E,0,,,,429749,297.68,0
931,2216.622,"Mount",-0.187,-0.128,-0.112,0.197,0.000,0.000,0,,0,,,,438419,305.26,0
932,2219.260,"Mount",-0.401,-0.027,-0.348,0.200,-0.219,0.200,71,E,42,S,,,459724,331.61,0
933,2221.508,"Mount",0.260,-0.240,0.339,0.102,0.198,0.000,64,W,0,,,,457425,283.42,0
934,2223.840,"Mount",-0.085,-0.025,-0.066,0.060,0.000,0.000,0,,0,,,,441489,291.89,0
935,2226.236,"Mount",0.467,-0.265,0.536,0.033,0.338,0.000,110,W,0,,,,450072,348.26,0
936,2228.668,"Mount",0.087,-0.236,0.182,0.174,0.138,0.000,45,W,0,,,,475113,332.11,0
937,2230.990,"Mount",0.319,-0.331,0.432,0.158,0.282,0.000,91,W,0,,,,439228,301.95,0
938,2233.421,"Mount",-0.385,0.012,-0.351,0.159,-0.201,0.000,65,E,0,,,,473971,311.85,0
939,2235.655,"Mount",-0.156,-0.000,-0.140,0.069,-0.102,0.000,33,E,0,,,,428038,297.50,0
940,2238.172,"Mount",-0.289,-0.210,-0.168,0.315,-0.113,0.315,37,E,66,S,,,447399,334.79,0
941,2240.315,"Mount",-0.043,-0.137,0.022,0.142,0.000,0.000,0,,0,,,,454334,301.01,0
942,2242.769,"Mount",0.011,-0.029,0.022,0.021,0.000,0.000,0,,0,,,,463571,332.60,0
943,2245.051,"Mount",0.100,0.057,0.065,-0.095,0.000,0.000,0,,0,,,,434708,296.97,0
944,2247.581,"Mount",0.124,-0.052,0.135,-0.008,0.085,0.000,28,W,0,,,,456636,290.07,0
945,2249.826,"Mount",0.059,-0.203,0.142,0.156,0.095,0.000,31,W,0,,,,442894,329.15,0
946,2252.207,"Mount",-0.039,0.031,-0.049,-0.011,0.000,0.000,0,,0,,,,466406,299.79,0
947,2254.623,"Mount",-0.343,-0.033,-0.294,0.180,-0.185,0.000,60,E,0,,,,444012,303.60,0
948,2257.102,"Mount",-0.028,-0.271,0.094,0.256,0.000,0.256,0,,54,S,,,459024,338.30,0
949,2259.265,"Mount",0.031,-0.127,0.084,0.101,0.000,0.000,0,,0,,,,479673,336.59,0
950,2261.737,"Mount",-0.031,0.176,-0.105,-0.145,0.000,0.000,0,,0,,,,447106,308.19,0
951,2264.001,"Mount",-0.118,0.000,-0.106,0.052,0.000,0.000,0,,0,,,,439345,307.78,0
952,2266.461,"Mount",0.002,0.024,-0.008,-0.023,0.000,0.000,0,,0,,,,447541,320.05,0
953,2268.722,"Mount",0.003,-0.072,0.034,0.064,0.000,0.000,0,,0,,,,430233,341.43,0
954,2271.229,"Mount",0.230,-0.096,0.249,-0.014,0.157,0.000,51,W,0,,,,442072,284.00,0
955,2273.449,"Mount",0.082,-0.134,0.132,0.084,0.094,0.000,31,W,0,,,,442055,305.11,0
956,2275.876,"Mount",0.234,-0.175,0.287,0.055,0.188,0.000,61,W,0,,,,425634,293.85,0
957,2278.105,"Mount",-0.157,0.183,-0.221,-0.095,-0.126,0.000,41,E,0,,,,441830,304.80,0
958,2280.487,"Mount",-0.000,0.130,-0.057,-0.117,0.000,0.000,0,,0,,,,442225,333.00,0
959,2282.725,"Mount",-0.138,-0.057,-0.099,0.111,0.000,0.000,0,,0,,,,456160,288.61,0
960,2285.151,"Mount",0.002,-0.084,0.039,0.075,0.000,0.000,0,,0,,,,427620,296.42,0
961,2287.386,"Mount",0.056,-0.070,0.081,0.039,0.000,0.000,0,,0,,,,456459,346.82,0
962,2289.932,"Mount",0.451,-0.239,0.510,0.016,0.321,0.000,104,W,0,,,,440640,306.49,0
963,2292.197,"Mount",-0.084,-0.204,0.014,0.220,0.000,0.220,0,,46,S,,,425208,295.73,0
964,2294.684,"Mount",-0.248,0.101,-0.267,0.018,-0.168,0.000,55,E,0,,,,433517,290.19,0
965,2297.004,"Mount",-0.589,0.211,-0.622,0.068,-0.403,0.000,131,E,0,,,,444510,339.76,0
966,2299.324,"Mount",0.097,-0.060,0.113,0.011,0.000,0.000,0,,0,,,,436140,307.05,0
967,2301.539,"Mount",-0.016,0.048,-0.036,-0.036,0.000,0.000,0,,0,,,,474350,329.97,0
968,2304.063,"Mount",0.043,0.016,0.032,-0.033,0.000,0.000,0,,0,,,,450703,296.58,0
969,2306.371,"Mount",-0.015,0.003,-0.015,0.004,0.000,0.000,0,,0,,,,467753,347.05,0
970,2308.920,"Mount",0.262,-0.170,0.310,0.038,0.195,0.000,63,W,0,,,,421996,301.53,0
971,2311.164,"Mount",0.228,-0.099,0.248,-0.011,0.170,0.000,55,W,0,,,,457902,337.67,0
972,2313.594,"Mount",0.365,-0.101,0.373,-0.069,0.247,0.000,80,W,0,,,,431021,304.79,0
973,2315.852,"Mount",0.255,-0.121,0.282,-0.003,0.195,0.000,63,W,0,,,,427237,318.84,0
974,2318.236,"Mount",-0.226,0.013,-0.209,0.088,-0.118,0.000,38,E,0,,,,454620,319.98,0
975,2320.421,"Mount",0.062,0.035,0.040,-0.058,0.000,0.000,0,,0,,,,423189,287.81,0
976,2322.838,"Mount",0.039,0.127,-0.021,-0.131,0.000,0.000,0,,0,,,,452366,339.33,0
977,2325.141,"Mount",0.171,0.032,0.140,-0.104,0.088,0.000,29,W,0,,,,438482,343.73,0
978,2327.502,"Mount",-0.047,0.162,-0.114,-0.125,0.000,0.000,0,,0,,,,454306,328.15,0
979,2329.744,"Mount",-0.036,-0.067,-0.003,0.076,0.000,0.000,0,,0,,,,447137,321.60,0
980,2332.158,"Mount",0.045,-0.045,0.060,0.021,0.000,0.000,0,,0,,,,442475,297.05,0
981,2334.560,"Mount",0.158,-0.224,0.240,0.132,0.151,0.000,49,W,0,,,,455637,336.81,0
982,2336.975,"Mount",-0.117,0.172,-0.180,-0.103,-0.103,0.000,33,E,0,,,,439467,305.20,0
983,2339.147,"Mount",-0.041,-0.042,-0.018,0.056,0.000,0.000,0,,0,,,,450646,321.00,0
984,2341.658,"Mount",-0.257,0.053,-0.254,0.066,-0.160,0.000,52,E,0,,,,429767,288.23,0
985,2343.916,"Mount",-0.295,0.053,-0.288,0.082,-0.193,0.000,63,E,0,,,,432066,296.18,0
986,2346.239,"Mount",-0.038,-0.038,-0.018,0.051,0.000,0.000,0,,0,,,,444174,282.32,0
987,2348.670,"Mount",0.207,-0.041,0.204,-0.054,0.128,0.000,42,W,0,,,,429116,291.29,0
988,2351.108,"Mount",-0.364,0.091,-0.367,0.078,-0.222,0.000,72,E,0,,,,442367,268.27,0
989,2353.283,"Mount",-0.020,-0.012,-0.013,0.020,0.000,0.000,0,,0,,,,464753,300.51,0
990,2355.754,"Mount",0.082,-0.074,0.106,0.030,0.000,0.000,0,,0,,,,431665,324.16,0
991,2358.084,"Mount",-0.005,-0.264,0.111,0.239,0.000,0.239,0,,50,S,,,468016,326.29,0
992,2360.429,"Mount",0.070,0.051,0.041,-0.076,0.000,0.000,0,,0,,,,469801,294.81,0
993,2362.783,"Mount",-0.116,0.172,-0.180,-0.104,-0.113,0.000,37,E,0,,,,438390,287.65,0
994,2365.191,"Mount",-0.140,0.181,-0.206,-0.101,-0.137,0.000,45,E,0,,,,436409,300.75,0
995,2367.501,"Mount",-0.155,0.198,-0.226,-0.110,-0.152,0.000,49,E,0,,,,433655,265.35,0
996,2369.811,"Mount",-0.027,0.135,-0.084,-0.110,0.000,0.000,0,,0,,,,453054,299.25,0
997,2372.077,"Mount",-0.074,0.100,-0.111,-0.058,0.000,0.000,0,,0,,,,445848,328.07,0
998,2374.535,"Mount",-0.036,0.099,-0.076,-0.073,0.000,0.000,0,,0,,,,440766,306.87,0
999,2376.792,"Mount",0.021,0.068,-0.011,-0.070,0.000,0.000,0,,0,,,,449653,317.37,0
1000,2379.287,"Mount",0.122,-0.181,0.190,0.109,0.119,0.000,39,W,0,,,,466346,317.13,0
1001,2381.462,"Mount",-0.021,-0.039,-0.001,0.045,0.000,0.000,0,,0,,,,433695,285.79,0
1002,2383.904,"Mount",-0.017,-0.026,-0.004,0.031,0.000,0.000,0,,0,,,,429468,272.55,0
1003,2386.241,"Mount",-0.192,0.081,-0.208,0.012,-0.131,0.000,42,E,0,,,,452903,319.15,0
1004,2388.590,"Mount",-0.071,-0.072,-0.033,0.096,0.000,0.000,0,,0,,,,442752,316.89,0
1005,2390.900,"Mount",-0.260,0.017,-0.241,0.099,-0.152,0.000,49,E,0,,,,456855,284.44,0
1006,2393.214,"Mount",-0.019,-0.112,0.032,0.109,0.000,0.000,0,,0,,,,429077,279.96,0
1007,2395.538,"Mount",-0.243,-0.022,-0.209,0.127,-0.132,0.000,43,E,0,,,,438401,319.98,0
1008,2397.863,"Mount",-0.005,-0.190,0.079,0.173,0.000,0.000,0,,0,,,,456223,297.24,0
1009,2400.203,"Mount",-0.313,0.033,-0.296,0.107,-0.186,0.000,60,E,0,,,,447222,322.54,0
1010,2402.562,"Mount",-0.111,0.052,-0.123,0.003,0.000,0.000,0,,0,,,,445051,345.45,0
1011,2404.785,"Mount",-0.037,-0.164,0.039,0.164,0.000,0.000,0,,0,,,,435667,316.56,0
1012,2407.343,"Mount",-0.210,-0.049,-0.167,0.136,-0.105,0.000,34,E,0,,,,444645,330.86,0
1013,2409.660,"Mount",-0.397,0.043,-0.376,0.136,-0.244,0.000,79,E,0,,,,416952,280.05,0
1014,2412.102,"Mount",-0.032,-0.224,0.069,0.216,0.000,0.216,0,,45,S,,,442436,313.48,0
1015,2414.382,"Mount",-0.259,0.118,-0.284,0.008,-0.179,0.000,58,E,0,,,,463794,306.19,0
1016,2416.717,"Mount",0.013,-0.052,0.035,0.041,0.000,0.000,0,,0,,,,425698,321.39,0
1017,2418.957,"Mount",-0.055,-0.110,-0.001,0.123,0.000,0.000,0,,0,,,,459574,316.58,0
1018,2421.348,"Mount",0.055,-0.110,0.097,0.074,0.000,0.000,0,,0,,,,434461,298.47,0
1019,2423.683,"Mount",-0.111,0.079,-0.134,-0.023,-0.085,0.000,27,E,0,,,,443866,268.96,0
1020,2426.149,"Mount",-0.027,-0.258,0.089,0.243,0.000,0.243,0,,51,S,,,424133,263.94,0
1021,2428.344,"Mount",-0.118,-0.058,-0.081,0.104,0.000,0.000,0,,0,,,,476277,286.17,0
1022,2430.834,"Mount",-0.093,-0.090,-0.044,0.122,0.000,0.000,0,,0,,,,465990,315.73,0
1023,2433.204,"Mount",-0.456,0.081,-0.446,0.127,-0.281,0.000,91,E,0,,,,472343,296.59,0
1024,2435.508,"Mount",-0.048,-0.114,0.007,0.124,0.000,0.000,0,,0,,,,449289,313.31,0
1025,2437.752,"Mount",0.062,-0.118,0.107,0.079,0.000,0.000,0,,0,,,,450117,319.65,0
1026,2440.236,"Mount",-0.066,-0.250,0.050,0.254,0.000,0.254,0,,53,S,,,417631,287.87,0
1027,2442.532,"Mount",0.247,-0.233,0.324,0.101,0.204,0.000,66,W,0,,,,477762,338.82,0
1028,2444.933,"Mount",0.235,-0.051,0.234,-0.057,0.162,0.000,52,W,0,,,,421750,322.08,0
1029,2447.208,"Mount",-0.238,0.146,-0.278,-0.027,-0.164,0.000,53,E,0,,,,443040,307.80,0
1030,2449.580,"Mount",0.111,0.188,0.018,-0.218,0.000,0.000,0,,0,,,,442867,302.91,0
1031,2451.898,"Mount",-0.172,0.155,-0.222,-0.064,-0.140,0.000,45,E,0,,,,441170,313.00,0
1032,2454.227,"Mount",0.070,0.002,0.062,-0.032,0.000,0.000,0,,0,,,,446188,320.50,0
1033,2456.534,"Mount",0.081,-0.015,0.079,-0.022,0.000,0.000,0,,0,,,,431927,311.67,0
1034,2458.981,"Mount",0.033,0.068,-0.000,-0.076,0.000,0.000,0,,0,,,,421727,317.66,0
1035,2461.227,"Mount",0.157,0.057,0.116,-0.121,0.000,0.000,0,,0,,,,426137,321.30,0
1036,2463.767,"Mount",0.318,-0.062,0.313,-0.084,0.197,0.000,64,W,0,,,,454612,299.04,0
1037,2466.117,"Mount",0.532,-0.182,0.558,-0.070,0.365,0.000,118,W,0,,,,420739,321.93,0
1038,2468.682,"Mount",-0.281,0.306,-0.387,-0.152,-0.218,0.000,71,E,0,,,,430827,300.26,0
1039,2470.828,"Mount",0.025,0.129,-0.034,-0.127,0.000,0.000,0,,0,,,,415685,304.56,0
1040,2473.252,"Mount",0.040,0.053,0.013,-0.065,0.000,0.000,0,,0,,,,457659,325.58,0
1041,2475.479,"Mount",-0.003,0.047,-0.023,-0.041,0.000,0.000,0,,0,,,,480661,312.90,0
1042,2477.897,"Mount",0.020,0.014,0.012,-0.021,0.000,0.000,0,,0,,,,477465,326.26,0
1043,2480.139,"Mount",0.085,0.054,0.053,-0.086,0.000,0.000,0,,0,,,,476871,310.38,0
1044,2482.592,"Mount",0.008,0.093,-0.034,-0.088,0.000,0.000,0,,0,,,,427695,299.79,0
1045,2484.876,"Mount",-0.040,0.122,-0.090,-0.092,0.000,0.000,0,,0,,,,478039,339.52,0
1046,2487.317,"Mount",0.056,0.010,0.046,-0.034,0.000,0.000,0,,0,,,,432423,295.12,0
1047,2489.705,"Mount",-0.000,-0.162,0.071,0.145,0.000,0.000,0,,0,,,,450345,330.34,0
1048,2492.114,"Mount",-0.172,-0.074,-0.122,0.142,0.000,0.000,0,,0,,,,425103,310.12,0
1049,2494.420,"Mount",-0.145,0.015,-0.137,0.050,-0.086,0.000,28,E,0,,,,438436,316.68,0
1050,2496.798,"Mount",0.052,0.098,0.004,-0.111,0.000,0.000,0,,0,,,,421337,298.43,0
1051,2499.125,"Mount",-0.084,-0.064,-0.047,0.094,0.000,0.000,0,,0,,,,453318,302.11,0
1052,2501.661,"Mount",-0.243,0.138,-0.279,-0.017,-0.176,0.000,57,E,0,,,,453087,327.73,0
1053,2503.837,"Mount",-0.049,-0.102,0.001,0.114,0.000,0.000,0,,0,,,,442298,297.84,0
INFO: SET LOCK POSITION, new lock pos = 629.422, 921.613
INFO: DITHER by -4.430, 1.077, new lock pos = 624.969, 922.589
INFO: SETTLING STATE CHANGE, Settling started
1054,2509.917,"Mount",4.453,-0.976,4.430,-1.077,4.430,-1.077,1437,W,1429,N,,,460649,302.00,0
1055,2513.100,"Mount",-1.999,1.679,-2.533,-0.631,-1.596,-0.631,518,E,133,N,,,438032,301.79,0
1056,2515.756,"Mount",-0.373,0.627,-0.610,-0.400,-0.496,-0.400,161,E,84,N,,,440203,285.51,0
1057,2518.182,"Mount",0.269,-0.150,0.307,0.017,0.159,0.000,52,W,0,,,,453799,282.29,0
1058,2520.598,"Mount",0.372,-0.079,0.369,-0.092,0.243,0.000,79,W,0,,,,485009,332.05,0
1059,2522.953,"Mount",-0.002,0.066,-0.030,-0.059,0.000,0.000,0,,0,,,,458577,327.42,0
1060,2525.508,"Mount",0.423,0.038,0.363,-0.220,0.229,-0.220,74,W,46,N,,,449375,301.03,0
1061,2527.833,"Mount",-0.066,0.076,-0.093,-0.040,0.000,0.000,0,,0,,,,456896,281.00,0
1062,2530.271,"Mount",0.228,0.076,0.172,-0.168,0.108,0.000,35,W,0,,,,438753,301.74,0
INFO: SETTLING STATE CHANGE, Settling complete
1063,2532.881,"Mount",-0.088,0.154,-0.147,-0.099,-0.085,0.000,28,E,0,,,,436243,304.95,0
Guiding Ends at 2026-09-01 02:02:33

Guiding Begins at 2026-09-01 02:06:15
Equipment Profile = SW4P_EVO
Dither = both axes, Dither scale = 1.000, Image noise reduction = 2x2 mean, Guide-frame time lapse = 0, Server enabled
Pixel scale = 2.91 arc-sec/px, Binning = 1, Focal length = 266 mm
Search region = 15 px, Star mass tolerance = 50.0%, Multi-star mode, list size = 12
 Camera = ZWO ASI120MM Mini (ASCOM), full size = 1280 x 960, have dark, dark dur = 2000, no defect map, pixel size = 3.8 um
Exposure = 2000 ms
Mount = GPUSB, connected, guiding enabled, AuxMount=CPWI_ASCOM_Telescope, xAngle = -26.0, xRate = 3.082, yAngle = -116.0, yRate = 4.762, parity = +/-
Norm rates RA = 13.1"/s @ dec 0, Dec = 13.8"/s; ortho.err. = 0.0 deg
X guide algorithm = Hysteresis, Hysteresis = 0.100, Aggression = 0.700, Minimum move = 0.130
Y guide algorithm = Resist Switch, Minimum move = 0.200 Aggression = 100% FastSwitch = enabled
Backlash comp = enabled, pulse = 1203 ms
Max RA duration = 2500, Max DEC duration = 2500, DEC guide mode = Auto
RA Guide Speed = 14.9 a-s/s, Dec Guide Speed = 14.9 a-s/s, Cal Dec = -0.0, Last Cal Issue = None, Timestamp = 31/08/2026 21:19:06
RA = 20.03 hr, Dec = 46.7 deg, Hour angle = 3.52 hr, Pier side = East, Rotator pos = N/A, Alt = 52.8 deg, Az = 295.1 deg
Lock position = 619.203, 924.832, Star position = 619.203, 924.832, HFD = 3.19 px
Frame,Time,mount,dx,dy,RARawDistance,DECRawDistance,RAGuideDistance,DECGuideDistance,RADuration,RADirection,DECDuration,DECDirection,XStep,YStep,StarMass,SNR,ErrorCode
INFO: SETTLING STATE CHANGE, Settling started
1,2.853,"Mount",0.126,-0.224,0.212,0.146,0.133,0.000,43,W,0,,,,462425,307.89,0
2,5.030,"Mount",-0.004,-0.223,0.094,0.202,0.000,0.000,0,,0,,,,456639,312.13,0
3,7.622,"Mount",0.251,-0.284,0.350,0.145,0.221,0.000,72,W,0,,,,463359,305.91,0
4,9.864,"Mount",-0.310,-0.316,-0.140,0.420,-0.073,0.000,24,E,0,,,,456685,343.72,0
5,12.298,"Mount",-0.059,-0.198,0.034,0.204,0.000,0.204,0,,43,S,,,448968,340.32,0
INFO: SETTLING STATE CHANGE, Settling complete
6,14.529,"Mount",-0.199,-0.144,-0.116,0.217,0.000,0.217,0,,46,S,,,460092,292.39,0
7,17.096,"Mount",-0.422,-0.270,-0.261,0.428,-0.164,0.428,53,E,90,S,,,457085,306.96,0
8,19.411,"Mount",-0.165,-0.529,0.084,0.548,0.000,0.548,0,,115,S,,,470505,302.86,0
9,21.874,"Mount",0.087,-0.218,0.174,0.157,0.110,0.000,36,W,0,,,,427180,321.92,0
10,24.224,"Mount",0.172,-0.250,0.264,0.150,0.174,0.000,56,W,0,,,,450582,313.16,0
11,26.535,"Mount",0.067,-0.117,0.111,0.075,0.000,0.000,0,,0,,,,466473,321.44,0
12,28.847,"Mount",-0.022,-0.081,0.016,0.083,0.000,0.000,0,,0,,,,438125,313.71,0
13,31.251,"Mount",-0.099,0.056,-0.114,-0.007,0.000,0.000,0,,0,,,,448410,290.06,0
14,33.663,"Mount",-0.288,0.059,-0.284,0.074,-0.179,0.000,58,E,0,,,,479498,311.48,0
15,36.280,"Mount",-0.423,-0.185,-0.299,0.352,-0.201,0.352,65,E,74,S,,,460847,333.49,0
16,38.436,"Mount",-0.128,-0.093,-0.074,0.140,0.000,0.000,0,,0,,,,442159,282.10,0
17,41.008,"Mount",0.078,-0.324,0.212,0.257,0.133,0.257,43,W,54,S,,,429222,335.68,0
18,43.226,"Mount",-0.213,-0.063,-0.164,0.150,-0.094,0.000,31,E,0,,,,448529,310.20,0
19,45.807,"Mount",0.071,-0.258,0.176,0.201,0.105,0.201,34,W,42,S,,,425374,294.41,0
20,47.961,"Mount",-0.032,-0.175,0.048,0.171,0.000,0.000,0,,0,,,,479837,336.52,0
21,50.472,"Mount",0.006,-0.268,0.123,0.238,0.000,0.238,0,,50,S,,,447504,306.97,0
22,52.744,"Mount",-0.138,-0.264,-0.008,0.298,0.000,0.298,0,,63,S,,,423145,284.76,0
23,55.448,"Mount",-0.845,0.070,-0.790,0.308,-0.498,0.308,162,E,65,S,,,444846,320.08,0
24,58.040,"Mount",-0.390,-0.161,-0.280,0.316,-0.211,0.316,68,E,66,S,,,460608,329.69,0
25,60.472,"Mount",-0.104,-0.375,0.071,0.383,0.000,0.383,0,,80,S,,,407833,299.44,0
26,63.049,"Mount",0.021,-0.326,0.162,0.284,0.102,0.284,33,W,60,S,,,448759,281.95,0
27,65.536,"Mount",-0.100,-0.267,0.027,0.284,0.000,0.284,0,,60,S,,,433757,282.91,0
28,68.000,"Mount",0.227,-0.431,0.394,0.288,0.248,0.288,80,W,60,S,,,471079,311.18,0
29,70.405,"Mount",0.104,-0.170,0.168,0.108,0.123,0.000,40,W,0,,,,445524,315.80,0
30,72.848,"Mount",0.161,-0.524,0.374,0.400,0.244,0.400,79,W,84,S,,,437365,333.89,0
31,75.312,"Mount",-0.303,0.221,-0.369,-0.066,-0.215,0.000,70,E,0,,,,426983,300.56,0
32,77.677,"Mount",-0.241,0.138,-0.277,-0.018,-0.190,0.000,62,E,0,,,,452838,304.73,0
33,80.065,"Mount",-0.158,-0.162,-0.070,0.215,0.000,0.215,0,,45,S,,,445865,312.83,0
34,82.419,"Mount",-0.320,-0.098,-0.245,0.229,-0.154,0.229,50,E,48,S,,,469503,335.16,0
35,84.732,"Mount",0.064,0.024,0.047,-0.049,0.000,0.000,0,,0,,,,438598,287.68,0
36,86.993,"Mount",-0.097,-0.115,-0.037,0.146,0.000,0.000,0,,0,,,,445648,317.11,0
37,89.511,"Mount",0.181,-0.108,0.210,0.017,0.133,0.000,43,W,0,,,,419389,299.50,0
38,91.692,"Mount",-0.042,-0.098,0.005,0.107,0.000,0.000,0,,0,,,,442003,296.14,0
39,94.120,"Mount",0.073,-0.144,0.129,0.097,0.000,0.000,0,,0,,,,462124,313.22,0
40,96.599,"Mount",-0.154,0.025,-0.150,0.045,-0.094,0.000,31,E,0,,,,435460,275.58,0
41,99.000,"Mount",-0.145,0.092,-0.171,-0.019,-0.114,0.000,37,E,0,,,,450963,302.94,0
42,101.298,"Mount",-0.183,0.247,-0.272,-0.141,-0.180,0.000,58,E,0,,,,453667,280.57,0
43,103.612,"Mount",-0.001,0.025,-0.012,-0.022,0.000,0.000,0,,0,,,,437458,297.19,0
44,105.940,"Mount",0.026,0.121,-0.030,-0.121,0.000,0.000,0,,0,,,,433550,284.13,0
45,108.350,"Mount",0.010,-0.206,0.099,0.180,0.000,0.000,0,,0,,,,466497,304.10,0
46,110.601,"Mount",-0.019,-0.062,0.010,0.064,0.000,0.000,0,,0,,,,429880,300.96,0
47,113.112,"Mount",0.254,-0.296,0.358,0.155,0.225,0.000,73,W,0,,,,444554,273.46,0
48,115.353,"Mount",0.067,-0.238,0.164,0.185,0.119,0.000,39,W,0,,,,438086,328.10,0
49,117.704,"Mount",0.040,-0.143,0.099,0.111,0.000,0.000,0,,0,,,,436400,310.95,0
50,120.040,"Mount",-0.299,0.033,-0.283,0.102,-0.179,0.000,58,E,0,,,,444916,312.42,0
51,122.406,"Mount",-0.111,-0.132,-0.042,0.168,0.000,0.000,0,,0,,,,449350,310.34,0
52,124.635,"Mount",-0.116,-0.140,-0.043,0.176,0.000,0.000,0,,0,,,,466249,343.46,0
53,127.056,"Mount",0.091,-0.101,0.126,0.051,0.000,0.000,0,,0,,,,438906,286.30,0
54,129.416,"Mount",0.263,-0.176,0.314,0.043,0.198,0.000,64,W,0,,,,447676,321.40,0
55,131.787,"Mount",-0.022,0.167,-0.093,-0.140,0.000,0.000,0,,0,,,,432567,280.12,0
56,134.023,"Mount",0.032,-0.107,0.076,0.082,0.000,0.000,0,,0,,,,427460,317.43,0
57,136.507,"Mount",-0.185,-0.182,-0.086,0.245,0.000,0.245,0,,51,S,,,436975,297.46,0
58,138.771,"Mount",-0.213,-0.063,-0.164,0.150,-0.103,0.000,33,E,0,,,,460978,324.43,0
59,141.184,"Mount",-0.283,0.120,-0.307,0.016,-0.201,0.000,65,E,0,,,,447948,293.80,0
60,143.464,"Mount",-0.242,0.188,-0.300,-0.062,-0.203,0.000,66,E,0,,,,446266,297.46,0
61,145.838,"Mount",0.028,-0.035,0.041,0.019,0.000,0.000,0,,0,,,,465156,316.62,0
62,148.091,"Mount",0.053,-0.139,0.109,0.101,0.000,0.000,0,,0,,,,431205,327.36,0
63,150.640,"Mount",0.216,-0.261,0.308,0.139,0.194,0.000,63,W,0,,,,441548,333.61,0
64,152.945,"Mount",0.157,-0.149,0.207,0.065,0.144,0.000,47,W,0,,,,453834,298.63,0
65,155.408,"Mount",0.279,-0.186,0.332,0.045,0.219,0.000,71,W,0,,,,405670,271.61,0
66,157.729,"Mount",0.136,-0.220,0.219,0.138,0.153,0.000,50,W,0,,,,485336,304.02,0
67,160.320,"Mount",-0.579,-0.035,-0.505,0.285,-0.307,0.285,100,E,60,S,,,475838,343.87,0
68,162.513,"Mount",-0.117,-0.036,-0.089,0.084,0.000,0.000,0,,0,,,,463526,300.48,0
69,164.976,"Mount",-0.144,0.035,-0.145,0.031,-0.091,0.000,30,E,0,,,,463954,300.94,0
70,167.187,"Mount",0.016,-0.111,0.063,0.093,0.000,0.000,0,,0,,,,445392,316.24,0
71,169.592,"Mount",0.055,-0.178,0.128,0.136,0.000,0.000,0,,0,,,,447380,352.56,0
72,171.985,"Mount",0.244,-0.152,0.286,0.030,0.180,0.000,58,W,0,,,,437808,304.96,0
73,174.400,"Mount",0.198,-0.265,0.294,0.151,0.198,0.000,64,W,0,,,,466137,289.95,0
74,176.696,"Mount",0.440,-0.181,0.475,-0.030,0.313,0.000,102,W,0,,,,473076,340.62,0
75,179.016,"Mount",0.054,-0.177,0.126,0.135,0.000,0.000,0,,0,,,,439780,299.10,0
76,181.246,"Mount",-0.032,-0.141,0.033,0.140,0.000,0.000,0,,0,,,,445136,269.88,0
77,183.804,"Mount",-0.235,0.143,-0.274,-0.025,-0.173,0.000,56,E,0,,,,446075,295.70,0
78,186.072,"Mount",-0.165,0.212,-0.241,-0.118,-0.164,0.000,53,E,0,,,,481186,341.20,0
79,188.640,"Mount",0.383,-0.509,0.567,0.289,0.346,0.289,112,W,61,S,,,435651,320.13,0
80,190.958,"Mount",0.202,-0.275,0.302,0.159,0.215,0.000,70,W,0,,,,461481,351.28,0
81,193.269,"Mount",-0.073,0.066,-0.095,-0.027,0.000,0.000,0,,0,,,,403820,287.18,0
82,195.508,"Mount",0.077,-0.008,0.073,-0.027,0.000,0.000,0,,0,,,,452584,300.48,0
83,198.023,"Mount",0.087,-0.210,0.171,0.151,0.107,0.000,35,W,0,,,,451050,318.87,0
84,200.536,"Mount",0.004,-0.339,0.152,0.302,0.104,0.302,34,W,64,S,,,453553,318.48,0
85,202.898,"Mount",-0.057,-0.098,-0.009,0.113,0.000,0.000,0,,0,,,,456579,323.20,0
86,205.252,"Mount",-0.130,0.108,-0.165,-0.040,-0.104,0.000,34,E,0,,,,439674,296.76,0
87,207.583,"Mount",0.091,0.107,0.034,-0.136,0.000,0.000,0,,0,,,,424884,294.40,0
88,209.943,"Mount",-0.168,0.148,-0.215,-0.059,-0.136,0.000,44,E,0,,,,434232,304.61,0
89,212.371,"Mount",0.229,-0.080,0.241,-0.029,0.142,0.000,46,W,0,,,,442390,330.82,0
90,214.538,"Mount",-0.101,-0.060,-0.065,0.099,0.000,0.000,0,,0,,,,468967,341.10,0
91,217.073,"Mount",0.251,-0.155,0.294,0.030,0.185,0.000,60,W,0,,,,413762,274.03,0
92,219.298,"Mount",0.008,-0.153,0.075,0.133,0.000,0.000,0,,0,,,,443511,321.86,0
93,221.879,"Mount",0.224,-0.110,0.250,0.000,0.157,0.000,51,W,0,,,,458603,316.02,0
94,224.120,"Mount",-0.165,0.121,-0.201,-0.036,-0.115,0.000,37,E,0,,,,454515,313.18,0
95,226.546,"Mount",-0.278,0.236,-0.353,-0.090,-0.231,0.000,75,E,0,,,,460777,306.15,0
96,228.780,"Mount",-0.162,0.015,-0.152,0.057,-0.112,0.000,36,E,0,,,,457757,336.49,0
97,231.105,"Mount",-0.079,0.022,-0.080,0.015,0.000,0.000,0,,0,,,,418614,274.53,0
98,233.399,"Mount",-0.030,0.010,-0.032,0.004,0.000,0.000,0,,0,,,,463558,319.05,0
99,235.920,"Mount",-0.068,0.160,-0.131,-0.114,-0.083,0.000,27,E,0,,,,443569,298.70,0
100,238.126,"Mount",0.029,0.114,-0.024,-0.115,0.000,0.000,0,,0,,,,425767,266.95,0
101,240.625,"Mount",-0.073,0.169,-0.140,-0.119,-0.088,0.000,29,E,0,,,,405478,295.99,0
102,242.984,"Mount",-0.093,0.221,-0.180,-0.158,-0.120,0.000,39,E,0,,,,460438,303.46,0
103,245.438,"Mount",-0.141,0.184,-0.207,-0.103,-0.139,0.000,45,E,0,,,,462768,292.32,0
104,247.613,"Mount",-0.054,0.093,-0.089,-0.060,0.000,0.000,0,,0,,,,416395,289.73,0
105,250.073,"Mount",-0.018,0.077,-0.050,-0.061,0.000,0.000,0,,0,,,,419335,316.76,0
106,252.326,"Mount",-0.094,0.038,-0.101,0.007,0.000,0.000,0,,0,,,,456957,309.01,0
107,254.816,"Mount",-0.072,-0.237,0.039,0.245,0.000,0.245,0,,51,S,,,438119,296.75,0
108,257.081,"Mount",0.056,-0.242,0.156,0.192,0.099,0.000,32,W,0,,,,421082,309.14,0
109,259.474,"Mount",-0.170,0.133,-0.212,-0.045,-0.126,0.000,41,E,0,,,,459487,333.65,0
110,261.755,"Mount",0.180,-0.181,0.241,0.084,0.143,0.000,46,W,0,,,,465237,326.30,0
111,264.152,"Mount",-0.178,0.189,-0.243,-0.092,-0.143,0.000,46,E,0,,,,415663,292.53,0
112,266.378,"Mount",0.098,-0.040,0.106,-0.007,0.000,0.000,0,,0,,,,418479,317.92,0
113,268.944,"Mount",-0.474,0.439,-0.619,-0.186,-0.390,0.000,127,E,0,,,,435575,300.02,0
114,271.088,"Mount",0.091,0.101,0.037,-0.131,0.000,0.000,0,,0,,,,451819,311.32,0
115,273.525,"Mount",0.139,0.070,0.094,-0.124,0.000,0.000,0,,0,,,,443102,371.89,0
116,275.922,"Mount",0.115,-0.080,0.138,0.021,0.087,0.000,28,W,0,,,,446277,305.29,0
117,278.431,"Mount",0.142,-0.115,0.178,0.041,0.118,0.000,38,W,0,,,,452303,323.46,0
118,280.707,"Mount",0.199,-0.074,0.211,-0.021,0.141,0.000,46,W,0,,,,441129,321.55,0
119,283.120,"Mount",-0.003,0.108,-0.050,-0.096,0.000,0.000,0,,0,,,,428300,303.07,0
120,285.482,"Mount",-0.043,0.242,-0.145,-0.199,-0.091,0.000,30,E,0,,,,453703,300.80,0
121,288.032,"Mount",-0.661,0.172,-0.669,0.136,-0.428,0.000,139,E,0,,,,439613,300.52,0
122,290.300,"Mount",-0.174,0.245,-0.264,-0.143,-0.196,0.000,64,E,0,,,,444261,317.14,0
123,292.710,"Mount",-0.272,-0.042,-0.226,0.157,-0.156,0.000,51,E,0,,,,445674,305.97,0
124,294.944,"Mount",-0.184,-0.180,-0.086,0.243,0.000,0.243,0,,51,S,,,462598,315.13,0
125,297.360,"Mount",-0.234,-0.020,-0.202,0.120,-0.127,0.000,41,E,0,,,,444372,281.13,0
126,299.523,"Mount",0.101,-0.057,0.116,0.007,0.000,0.000,0,,0,,,,440853,312.35,0
127,302.240,"Mount",0.222,-0.564,0.447,0.410,0.282,0.410,91,W,86,S,,,417731,334.45,0
128,304.529,"Mount",0.275,0.101,0.203,-0.212,0.147,0.000,48,W,0,,,,466987,340.01,0
129,306.844,"Mount",0.083,0.335,-0.072,-0.338,0.000,0.000,0,,0,,,,459610,325.72,0
130,309.100,"Mount",0.090,0.419,-0.103,-0.416,0.000,0.000,0,,0,,,,455295,312.05,0
131,311.493,"Mount",0.019,0.243,-0.089,-0.227,0.000,0.000,0,,0,,,,428527,306.42,0
132,313.872,"Mount",-0.114,0.238,-0.207,-0.164,-0.130,0.000,42,E,0,,,,410137,299.55,0
133,317.528,"Mount",0.072,0.318,-0.075,-0.317,0.000,-0.317,0,,1270,N,,,460535,318.50,0
134,319.947,"Mount",-0.130,0.291,-0.245,-0.205,-0.154,-0.205,50,E,43,N,,,425302,277.42,0
135,322.465,"Mount",-0.166,0.311,-0.285,-0.206,-0.191,-0.206,62,E,43,N,,,442524,302.27,0
136,324.747,"Mount",-0.151,0.060,-0.162,0.013,-0.115,0.000,37,E,0,,,,424790,300.08,0
137,327.208,"Mount",0.506,-0.029,0.467,-0.196,0.286,0.000,93,W,0,,,,460699,316.13,0
138,329.472,"Mount",0.097,-0.183,0.167,0.122,0.125,0.000,41,W,0,,,,445182,314.39,0
139,331.979,"Mount",-0.397,0.273,-0.476,-0.071,-0.291,0.000,94,E,0,,,,470487,313.11,0
140,334.224,"Mount",-0.218,0.154,-0.263,-0.043,-0.186,0.000,60,E,0,,,,440328,316.70,0
141,336.548,"Mount",-0.001,0.157,-0.070,-0.141,0.000,0.000,0,,0,,,,407890,283.26,0
142,338.904,"Mount",0.372,-0.108,0.382,-0.066,0.240,0.000,78,W,0,,,,436961,295.88,0
143,341.320,"Mount",-0.182,0.228,-0.263,-0.125,-0.149,0.000,48,E,0,,,,427712,303.28,0
144,343.467,"Mount",0.051,0.041,0.028,-0.059,0.000,0.000,0,,0,,,,445300,320.06,0
145,346.001,"Mount",0.116,-0.116,0.156,0.053,0.098,0.000,32,W,0,,,,471090,333.19,0
146,348.240,"Mount",0.247,0.002,0.221,-0.110,0.146,0.000,47,W,0,,,,442921,299.39,0
147,350.641,"Mount",-0.235,0.127,-0.268,-0.011,-0.158,0.000,51,E,0,,,,454419,317.69,0
148,352.957,"Mount",-0.230,-0.090,-0.168,0.182,-0.117,0.000,38,E,0,,,,444063,284.66,0
149,355.362,"Mount",-0.276,0.032,-0.262,0.093,-0.173,0.000,56,E,0,,,,451827,310.40,0
150,357.536,"Mount",0.033,-0.019,0.038,0.002,0.000,0.000,0,,0,,,,441056,299.08,0
151,360.099,"Mount",-0.185,0.164,-0.238,-0.067,-0.150,0.000,49,E,0,,,,451472,312.65,0
152,362.281,"Mount",0.071,-0.087,0.102,0.047,0.000,0.000,0,,0,,,,493288,364.06,0
153,364.744,"Mount",-0.168,-0.037,-0.135,0.107,-0.085,0.000,28,E,0,,,,487476,320.20,0
154,367.105,"Mount",0.462,-0.467,0.620,0.217,0.385,0.000,125,W,0,,,,421174,298.67,0
155,369.527,"Mount",0.119,-0.116,0.157,0.052,0.126,0.000,41,W,0,,,,435804,319.17,0
156,371.845,"Mount",0.229,-0.309,0.341,0.177,0.224,0.000,73,W,0,,,,458539,311.57,0
157,374.170,"Mount",-0.065,0.040,-0.076,-0.007,0.000,0.000,0,,0,,,,421286,306.07,0
158,376.414,"Mount",-0.056,0.043,-0.069,-0.015,0.000,0.000,0,,0,,,,447348,288.90,0
159,378.917,"Mount",-0.127,0.226,-0.213,-0.148,-0.134,0.000,44,E,0,,,,413311,271.99,0
160,381.168,"Mount",-0.221,0.109,-0.246,-0.001,-0.164,0.000,53,E,0,,,,443916,305.18,0
161,383.481,"Mount",-0.143,-0.016,-0.121,0.077,0.000,0.000,0,,0,,,,495186,336.67,0
162,385.872,"Mount",-0.207,-0.019,-0.178,0.108,-0.112,0.000,36,E,0,,,,458554,307.68,0
163,388.221,"Mount",0.146,0.005,0.129,-0.068,0.000,0.000,0,,0,,,,426600,268.85,0
164,390.472,"Mount",0.012,-0.222,0.108,0.194,0.000,0.000,0,,0,,,,454074,303.42,0
165,392.985,"Mount",0.166,-0.002,0.150,-0.071,0.094,0.000,31,W,0,,,,445058,329.10,0
166,395.130,"Mount",0.062,-0.004,0.058,-0.024,0.000,0.000,0,,0,,,,440534,313.93,0
167,397.620,"Mount",-0.136,-0.093,-0.081,0.143,0.000,0.000,0,,0,,,,462351,312.07,0
168,400.116,"Mount",-0.774,-0.096,-0.654,0.426,-0.412,0.000,134,E,0,,,,420933,276.88,0
169,402.451,"Mount",-0.202,-0.407,-0.004,0.454,0.000,0.000,0,,0,,,,447747,308.67,0
170,406.096,"Mount",0.079,-0.500,0.290,0.414,0.183,0.414,59,W,1290,S,,,439202,306.74,0
171,408.536,"Mount",0.227,-0.110,0.252,-0.001,0.171,0.000,56,W,0,,,,431764,320.70,0
172,410.760,"Mount",-0.204,0.135,-0.242,-0.031,-0.141,0.000,46,E,0,,,,462077,341.87,0
173,413.221,"Mount",0.272,0.055,0.220,-0.169,0.129,0.000,42,W,0,,,,492953,340.30,0
174,415.372,"Mount",-0.054,0.134,-0.108,-0.097,0.000,0.000,0,,0,,,,463751,303.16,0
175,417.818,"Mount",-0.090,-0.119,-0.029,0.147,0.000,0.000,0,,0,,,,446255,308.77,0
176,420.072,"Mount",-0.114,0.014,-0.108,0.038,0.000,0.000,0,,0,,,,445363,316.01,0
177,422.504,"Mount",0.049,-0.142,0.107,0.106,0.000,0.000,0,,0,,,,463289,327.64,0
178,424.751,"Mount",0.015,-0.036,0.030,0.026,0.000,0.000,0,,0,,,,429058,264.41,0
179,427.172,"Mount",-0.054,-0.076,-0.015,0.092,0.000,0.000,0,,0,,,,456931,294.41,0
180,429.434,"Mount",-0.032,-0.002,-0.028,0.016,0.000,0.000,0,,0,,,,473421,328.75,0
181,431.980,"Mount",-0.103,-0.232,0.009,0.253,0.000,0.253,0,,53,S,,,492558,323.65,0
182,434.200,"Mount",0.192,-0.073,0.205,-0.019,0.129,0.000,42,W,0,,,,435675,303.76,0
183,436.550,"Mount",-0.019,0.086,-0.054,-0.069,0.000,0.000,0,,0,,,,398203,300.02,0
184,438.777,"Mount",-0.040,0.088,-0.075,-0.061,0.000,0.000,0,,0,,,,419314,284.12,0
185,441.288,"Mount",-0.311,0.139,-0.340,0.012,-0.214,0.000,70,E,0,,,,461029,328.62,0
186,443.438,"Mount",-0.012,-0.027,0.001,0.030,0.000,0.000,0,,0,,,,429864,279.77,0
187,445.984,"Mount",-0.158,0.026,-0.153,0.046,-0.097,0.000,31,E,0,,,,455724,316.26,0
188,448.137,"Mount",-0.057,-0.008,-0.048,0.032,0.000,0.000,0,,0,,,,429309,303.77,0
189,450.559,"Mount",0.055,-0.008,0.053,-0.017,0.000,0.000,0,,0,,,,428309,320.97,0
190,452.933,"Mount",0.158,-0.049,0.164,-0.025,0.103,0.000,34,W,0,,,,458098,292.01,0
191,455.384,"Mount",0.318,-0.048,0.307,-0.096,0.200,0.000,65,W,0,,,,434060,319.21,0
192,457.817,"Mount",0.315,-0.447,0.479,0.263,0.316,0.263,102,W,55,S,,,462882,314.25,0
193,460.263,"Mount",-0.101,0.162,-0.162,-0.101,-0.080,0.000,26,E,0,,,,472895,285.66,0
194,462.453,"Mount",0.047,0.023,0.032,-0.041,0.000,0.000,0,,0,,,,427560,309.76,0
195,464.954,"Mount",-0.118,0.203,-0.195,-0.130,-0.123,0.000,40,E,0,,,,437273,287.13,0
196,467.210,"Mount",-0.149,0.188,-0.217,-0.103,-0.145,0.000,47,E,0,,,,470842,282.62,0
197,469.740,"Mount",-0.126,0.206,-0.203,-0.130,-0.138,0.000,45,E,0,,,,438441,310.02,0
198,471.914,"Mount",0.152,0.201,0.048,-0.247,0.000,0.000,0,,0,,,,447795,309.05,0
199,474.560,"Mount",0.058,-0.306,0.186,0.249,0.117,0.249,38,W,52,S,,,433581,340.17,0
200,476.793,"Mount",0.264,-0.049,0.258,-0.072,0.171,0.000,55,W,0,,,,442466,313.76,0
201,479.111,"Mount",-0.031,0.221,-0.125,-0.185,0.000,0.000,0,,0,,,,466791,304.97,0
202,481.493,"Mount",-0.154,0.105,-0.184,-0.027,-0.116,0.000,38,E,0,,,,443402,319.27,0
203,484.098,"Mount",0.527,-0.066,0.502,-0.171,0.308,0.000,100,W,0,,,,458166,324.83,0
204,486.382,"Mount",-0.049,0.329,-0.189,-0.275,-0.097,0.000,32,E,0,,,,438136,321.09,0
205,488.770,"Mount",0.249,-0.031,0.237,-0.081,0.143,0.000,46,W,0,,,,473098,329.55,0
206,490.972,"Mount",-0.093,0.030,-0.097,0.014,0.000,0.000,0,,0,,,,465232,323.14,0
207,493.439,"Mount",-0.056,0.169,-0.125,-0.127,0.000,0.000,0,,0,,,,449151,319.19,0
208,495.846,"Mount",-0.299,0.386,-0.439,-0.216,-0.276,0.000,90,E,0,,,,405000,296.07,0
209,499.618,"Mount",0.637,-0.062,0.600,-0.224,0.359,-0.224,116,W,1250,N,,,473922,338.33,0
210,501.894,"Mount",-0.096,0.110,-0.135,-0.057,-0.060,0.000,19,E,0,,,,461164,315.93,0
211,504.320,"Mount",-0.254,0.195,-0.314,-0.064,-0.202,0.000,65,E,0,,,,436326,290.09,0
212,506.549,"Mount",-0.105,0.162,-0.165,-0.100,-0.118,0.000,38,E,0,,,,431372,326.58,0
213,508.928,"Mount",-0.233,-0.091,-0.169,0.184,-0.115,0.000,37,E,0,,,,452088,321.74,0
214,511.108,"Mount",0.053,-0.109,0.096,0.074,0.000,0.000,0,,0,,,,466845,317.51,0
215,513.520,"Mount",-0.008,0.053,-0.031,-0.044,0.000,0.000,0,,0,,,,439266,334.11,0
216,515.960,"Mount",0.056,-0.214,0.144,0.168,0.091,0.000,29,W,0,,,,438677,300.58,0
217,518.306,"Mount",-0.046,-0.037,-0.025,0.053,0.000,0.000,0,,0,,,,428802,332.74,0
218,520.623,"Mount",0.146,-0.163,0.202,0.082,0.127,0.000,41,W,0,,,,433676,317.56,0
219,523.013,"Mount",-0.079,0.058,-0.096,-0.017,0.000,0.000,0,,0,,,,427627,305.82,0
220,525.332,"Mount",-0.196,0.016,-0.183,0.071,-0.116,0.000,37,E,0,,,,444643,301.18,0
221,527.846,"Mount",-0.424,-0.030,-0.367,0.213,-0.240,0.000,78,E,0,,,,438814,316.72,0
222,530.152,"Mount",-0.439,0.045,-0.414,0.153,-0.278,0.000,90,E,0,,,,429197,291.93,0
223,532.635,"Mount",-0.264,0.037,-0.253,0.082,-0.179,0.000,58,E,0,,,,419934,275.53,0
224,534.784,"Mount",-0.124,-0.092,-0.071,0.137,0.000,0.000,0,,0,,,,429521,288.18,0
225,537.285,"Mount",-0.172,0.142,-0.217,-0.052,-0.137,0.000,44,E,0,,,,427840,286.06,0
226,539.441,"Mount",0.028,-0.146,0.089,0.119,0.000,0.000,0,,0,,,,441588,340.17,0
227,541.955,"Mount",-0.295,0.029,-0.278,0.104,-0.175,0.000,57,E,0,,,,449490,334.69,0
228,544.136,"Mount",-0.030,-0.067,0.003,0.073,0.000,0.000,0,,0,,,,453254,340.10,0
229,546.713,"Mount",-0.689,0.079,-0.654,0.232,-0.412,0.000,134,E,0,,,,460074,360.55,0
230,548.879,"Mount",-0.101,-0.089,-0.052,0.124,0.000,0.000,0,,0,,,,452032,331.99,0
231,551.377,"Mount",-0.314,-0.001,-0.281,0.138,-0.177,0.000,58,E,0,,,,438527,313.75,0
232,553.816,"Mount",-0.520,0.059,-0.494,0.175,-0.323,0.000,105,E,0,,,,465429,325.33,0
233,556.208,"Mount",-0.221,-0.132,-0.141,0.216,-0.111,0.000,36,E,0,,,,420593,304.44,0
234,559.712,"Mount",-0.230,-0.275,-0.086,0.348,0.000,0.348,0,,1276,S,,,472620,316.05,0
235,562.120,"Mount",0.090,-0.210,0.173,0.149,0.109,0.000,35,W,0,,,,447477,336.58,0
236,564.440,"Mount",-0.132,0.205,-0.209,-0.126,-0.124,0.000,40,E,0,,,,380804,294.94,0
237,566.825,"Mount",-0.122,0.047,-0.131,0.012,-0.091,0.000,29,E,0,,,,434098,285.25,0
238,569.152,"Mount",-0.558,0.122,-0.555,0.135,-0.356,0.000,116,E,0,,,,461079,311.04,0
239,571.466,"Mount",-0.074,0.042,-0.085,-0.005,0.000,0.000,0,,0,,,,428787,313.95,0
240,573.864,"Mount",-0.355,0.172,-0.395,0.001,-0.249,0.000,81,E,0,,,,447450,290.67,0
241,576.183,"Mount",0.092,-0.004,0.084,-0.037,0.000,0.000,0,,0,,,,436891,305.59,0
242,578.419,"Mount",0.078,-0.062,0.097,0.022,0.000,0.000,0,,0,,,,457238,329.87,0
243,580.952,"Mount",0.280,-0.152,0.319,0.014,0.201,0.000,65,W,0,,,,449909,304.88,0
244,583.116,"Mount",0.046,-0.036,0.057,0.012,0.000,0.000,0,,0,,,,448692,336.63,0
245,585.524,"Mount",-0.149,-0.106,-0.087,0.161,0.000,0.000,0,,0,,,,461077,326.13,0
246,588.160,"Mount",-0.754,0.057,-0.702,0.279,-0.442,0.279,144,E,59,S,,,442214,329.02,0
247,590.475,"Mount",-0.017,-0.025,-0.005,0.030,0.000,0.000,0,,0,,,,438612,321.53,0
248,592.882,"Mount",-0.271,0.168,-0.317,-0.032,-0.200,0.000,65,E,0,,,,443135,323.54,0
249,595.269,"Mount",-0.010,0.058,-0.034,-0.047,0.000,0.000,0,,0,,,,419486,270.61,0
250,597.674,"Mount",-0.225,0.261,-0.316,-0.136,-0.199,0.000,65,E,0,,,,435924,320.04,0
251,599.998,"Mount",0.072,-0.085,0.102,0.045,0.000,0.000,0,,0,,,,460965,318.99,0
252,602.545,"Mount",0.375,-0.412,0.518,0.206,0.326,0.206,106,W,43,S,,,450218,305.51,0
253,604.962,"Mount",0.212,-0.073,0.223,-0.027,0.163,0.000,53,W,0,,,,467576,321.24,0
254,607.132,"Mount",0.086,-0.038,0.094,-0.004,0.000,0.000,0,,0,,,,460046,307.58,0
255,609.688,"Mount",-0.080,0.396,-0.246,-0.320,-0.155,0.000,50,E,0,,,,433682,301.73,0
256,611.895,"Mount",-0.020,-0.016,-0.011,0.024,0.000,0.000,0,,0,,,,434527,294.34,0
257,614.663,"Mount",-0.217,0.188,-0.277,-0.074,-0.175,0.000,57,E,0,,,,448503,331.59,0
258,616.901,"Mount",-0.005,-0.058,0.021,0.055,0.000,0.000,0,,0,,,,452826,313.83,0
259,619.474,"Mount",-0.254,0.036,-0.244,0.079,-0.154,0.000,50,E,0,,,,467907,323.92,0
260,621.960,"Mount",0.094,-0.218,0.180,0.155,0.103,0.000,33,W,0,,,,423899,285.07,0
261,624.811,"Mount",-0.111,0.162,-0.170,-0.097,-0.100,0.000,32,E,0,,,,420345,305.33,0
262,627.154,"Mount",0.166,0.029,0.136,-0.099,0.079,0.000,26,W,0,,,,453074,282.13,0
263,629.652,"Mount",-0.214,-0.018,-0.185,0.110,-0.111,0.000,36,E,0,,,,463299,320.96,0
264,631.851,"Mount",-0.059,0.070,-0.084,-0.036,0.000,0.000,0,,0,,,,429584,303.57,0
265,634.418,"Mount",-0.421,0.175,-0.455,0.027,-0.287,0.000,93,E,0,,,,411036,295.54,0
266,636.779,"Mount",-0.257,0.028,-0.244,0.088,-0.174,0.000,56,E,0,,,,419570,324.90,0
INFO: SET LOCK POSITION, new lock pos = 619.203, 924.832
INFO: DITHER by 2.833, 3.026, new lock pos = 620.421, 920.870
INFO: SETTLING STATE CHANGE, Settling started
267,642.033,"Mount",-1.218,3.962,-2.833,-3.026,-2.833,-3.026,919,E,1838,N,,,443635,342.70,0
268,645.161,"Mount",1.639,1.728,0.714,-2.272,0.450,-2.272,146,W,477,N,,,437553,305.80,0
269,647.776,"Mount",0.822,1.676,0.003,-1.867,0.000,-1.867,0,,392,N,,,421999,309.01,0
270,650.090,"Mount",0.024,-0.031,0.035,0.018,0.000,0.000,0,,0,,,,448558,294.46,0
271,652.347,"Mount",0.094,0.087,0.047,-0.119,0.000,0.000,0,,0,,,,447709,321.54,0
272,654.828,"Mount",-0.071,0.179,-0.143,-0.130,-0.090,0.000,29,E,0,,,,446207,307.51,0
273,657.172,"Mount",-0.365,0.177,-0.405,0.001,-0.262,0.000,85,E,0,,,,426877,314.83,0
274,659.486,"Mount",0.051,0.094,0.005,-0.107,0.000,0.000,0,,0,,,,428360,288.71,0
275,661.900,"Mount",-0.204,0.131,-0.240,-0.028,-0.151,0.000,49,E,0,,,,424781,307.87,0
INFO: SETTLING STATE CHANGE, Settling complete
276,664.292,"Mount",0.252,-0.053,0.250,-0.063,0.147,0.000,48,W,0,,,,421894,324.30,0
Guiding Ends at 2026-09-01 02:17:21

Guiding Begins at 2026-09-01 02:21:52
Equipment Profile = SW4P_EVO
Dither = both axes, Dither scale = 1.000, Image noise reduction = 2x2 mean, Guide-frame time lapse = 0, Server enabled
Pixel scale = 2.91 arc-sec/px, Binning = 1, Focal length = 266 mm
Search region = 15 px, Star mass tolerance = 50.0%, Multi-star mode, list size = 12
 Camera = ZWO ASI120MM Mini (ASCOM), full size = 1280 x 960, have dark, dark dur = 2000, no defect map, pixel size = 3.8 um
Exposure = 2000 ms
Mount = GPUSB, connected, guiding enabled, AuxMount=CPWI_ASCOM_Telescope, xAngle = -26.0, xRate = 3.082, yAngle = -116.0, yRate = 4.762, parity = +/-
Norm rates RA = 13.1"/s @ dec 0, Dec = 13.8"/s; ortho.err. = 0.0 deg
X guide algorithm = Hysteresis, Hysteresis = 0.100, Aggression = 0.700, Minimum move = 0.130
Y guide algorithm = Resist Switch, Minimum move = 0.200 Aggression = 100% FastSwitch = enabled
Backlash comp = enabled, pulse = 1203 ms
Max RA duration = 2500, Max DEC duration = 2500, DEC guide mode = Auto
RA Guide Speed = 14.9 a-s/s, Dec Guide Speed = 14.9 a-s/s, Cal Dec = -0.0, Last Cal Issue = None, Timestamp = 31/08/2026 21:19:06
RA = 20.03 hr, Dec = 46.7 deg, Hour angle = 3.78 hr, Pier side = East, Rotator pos = N/A, Alt = 50.2 deg, Az = 296.2 deg
Lock position = 1079.481, 500.079, Star position = 1079.481, 500.079, HFD = 3.39 px
Frame,Time,mount,dx,dy,RARawDistance,DECRawDistance,RAGuideDistance,DECGuideDistance,RADuration,RADirection,DECDuration,DECDirection,XStep,YStep,StarMass,SNR,ErrorCode
INFO: SETTLING STATE CHANGE, Settling started
1,2.773,"Mount",0.284,-0.211,0.348,0.065,0.219,0.000,71,W,0,,,,426690,293.77,0
2,4.920,"Mount",-0.133,-0.005,-0.117,0.062,0.000,0.000,0,,0,,,,401797,300.46,0
3,7.326,"Mount",-0.050,0.163,-0.116,-0.125,0.000,0.000,0,,0,,,,418898,255.99,0
4,9.673,"Mount",-0.249,0.004,-0.225,0.105,-0.142,0.000,46,E,0,,,,418863,247.86,0
5,12.077,"Mount",0.148,-0.357,0.290,0.256,0.172,0.000,56,W,0,,,,422508,298.19,0
INFO: SETTLING STATE CHANGE, Settling complete
6,14.209,"Mount",-0.116,0.006,-0.106,0.045,0.000,0.000,0,,0,,,,437665,276.98,0
7,16.783,"Mount",-0.381,0.031,-0.356,0.139,-0.224,0.000,73,E,0,,,,411986,297.62,0
8,19.130,"Mount",-0.528,-0.047,-0.453,0.274,-0.301,0.000,98,E,0,,,,398441,262.02,0
9,21.644,"Mount",-0.385,-0.067,-0.316,0.229,-0.220,0.229,72,E,48,S,,,423819,300.71,0
10,23.879,"Mount",-0.193,0.059,-0.199,0.032,-0.141,0.000,46,E,0,,,,401683,295.92,0
11,26.323,"Mount",0.171,-0.137,0.214,0.048,0.125,0.000,41,W,0,,,,418245,311.36,0
12,28.732,"Mount",0.175,-0.168,0.231,0.074,0.154,0.000,50,W,0,,,,419932,297.56,0
13,31.157,"Mount",0.120,-0.118,0.159,0.053,0.111,0.000,36,W,0,,,,413193,276.48,0
14,33.304,"Mount",0.030,-0.150,0.093,0.122,0.000,0.000,0,,0,,,,421476,321.58,0
15,35.713,"Mount",0.094,-0.065,0.113,0.017,0.000,0.000,0,,0,,,,428561,327.24,0
16,37.946,"Mount",-0.017,-0.130,0.042,0.124,0.000,0.000,0,,0,,,,424417,289.46,0
17,40.390,"Mount",-0.152,-0.085,-0.099,0.143,0.000,0.000,0,,0,,,,409321,296.68,0
18,42.724,"Mount",-0.081,-0.245,0.034,0.256,0.000,0.256,0,,54,S,,,373743,242.19,0
19,45.152,"Mount",-0.166,-0.176,-0.072,0.231,0.000,0.231,0,,49,S,,,429437,304.07,0
20,47.406,"Mount",-0.099,-0.321,0.052,0.332,0.000,0.332,0,,70,S,,,407028,300.09,0
21,49.988,"Mount",-0.218,-0.116,-0.145,0.200,-0.091,0.200,30,E,42,S,,,425441,288.79,0
22,52.149,"Mount",0.057,-0.042,0.070,0.012,0.000,0.000,0,,0,,,,412290,281.95,0
23,54.567,"Mount",-0.102,-0.021,-0.083,0.064,0.000,0.000,0,,0,,,,409214,314.74,0
24,56.805,"Mount",0.053,-0.113,0.097,0.078,0.000,0.000,0,,0,,,,424897,308.02,0
25,59.412,"Mount",-0.380,-0.078,-0.307,0.237,-0.193,0.237,63,E,50,S,,,424542,306.13,0
26,61.553,"Mount",-0.085,-0.032,-0.062,0.066,0.000,0.000,0,,0,,,,388411,271.64,0
27,64.096,"Mount",-0.246,-0.035,-0.206,0.140,-0.130,0.000,42,E,0,,,,417775,310.47,0
28,66.239,"Mount",-0.089,0.092,-0.120,-0.044,0.000,0.000,0,,0,,,,412998,244.80,0
29,68.782,"Mount",-0.216,-0.073,-0.162,0.160,-0.102,0.000,33,E,0,,,,409973,299.07,0
30,70.933,"Mount",-0.089,-0.046,-0.060,0.080,0.000,0.000,0,,0,,,,430525,300.03,0
31,73.374,"Mount",-0.019,-0.028,-0.005,0.033,0.000,0.000,0,,0,,,,435335,290.50,0
32,75.691,"Mount",-0.054,-0.137,0.012,0.147,0.000,0.000,0,,0,,,,417348,300.35,0
33,78.092,"Mount",-0.097,-0.059,-0.061,0.095,0.000,0.000,0,,0,,,,399428,275.50,0
34,80.417,"Mount",-0.072,-0.084,-0.028,0.107,0.000,0.000,0,,0,,,,422955,265.75,0
35,82.916,"Mount",-0.292,0.039,-0.279,0.093,-0.176,0.000,57,E,0,,,,416783,305.68,0
36,85.139,"Mount",-0.093,-0.045,-0.064,0.081,0.000,0.000,0,,0,,,,400863,238.58,0
37,87.796,"Mount",-0.580,-0.036,-0.505,0.287,-0.318,0.287,103,E,60,S,,,421953,280.24,0
38,89.948,"Mount",-0.062,-0.047,-0.035,0.069,0.000,0.000,0,,0,,,,406589,253.71,0
39,92.527,"Mount",0.128,-0.249,0.224,0.168,0.141,0.000,46,W,0,,,,436234,294.09,0
40,94.764,"Mount",0.075,-0.172,0.143,0.121,0.100,0.000,32,W,0,,,,407107,268.88,0
41,97.096,"Mount",-0.027,-0.197,0.062,0.188,0.000,0.000,0,,0,,,,404971,304.51,0
42,99.421,"Mount",-0.109,-0.176,-0.021,0.206,0.000,0.206,0,,43,S,,,433695,292.41,0
43,101.857,"Mount",-0.212,0.019,-0.198,0.076,-0.125,0.000,41,E,0,,,,433748,317.21,0
44,104.002,"Mount",-0.130,-0.037,-0.100,0.090,0.000,0.000,0,,0,,,,393703,309.34,0
45,106.476,"Mount",-0.094,-0.076,-0.051,0.109,0.000,0.000,0,,0,,,,437370,306.62,0
46,109.004,"Mount",-0.627,-0.148,-0.498,0.408,-0.314,0.408,102,E,86,S,,,404376,280.57,0
47,111.398,"Mount",0.097,-0.231,0.189,0.165,0.097,0.000,31,W,0,,,,410283,287.34,0
48,113.724,"Mount",0.105,-0.355,0.250,0.273,0.164,0.273,53,W,57,S,,,405101,290.08,0
49,116.124,"Mount",0.117,-0.251,0.215,0.175,0.147,0.000,48,W,0,,,,419495,267.05,0
50,118.566,"Mount",0.158,-0.485,0.354,0.367,0.234,0.367,76,W,77,S,,,431648,298.93,0
51,120.909,"Mount",-0.050,-0.084,-0.008,0.098,0.000,0.000,0,,0,,,,423578,253.24,0
52,123.365,"Mount",-0.104,-0.387,0.076,0.393,0.000,0.393,0,,83,S,,,420202,284.91,0
53,125.678,"Mount",-0.048,-0.145,0.021,0.151,0.000,0.000,0,,0,,,,421657,317.77,0
54,127.991,"Mount",-0.131,-0.176,-0.040,0.216,0.000,0.216,0,,45,S,,,427199,313.17,0
55,130.455,"Mount",-0.090,-0.213,0.013,0.231,0.000,0.231,0,,49,S,,,421643,288.97,0
56,132.694,"Mount",-0.041,-0.219,0.059,0.215,0.000,0.215,0,,45,S,,,429264,280.43,0
57,135.024,"Mount",-0.012,-0.197,0.076,0.182,0.000,0.000,0,,0,,,,403993,285.16,0
58,137.556,"Mount",0.222,-0.623,0.473,0.462,0.298,0.462,97,W,97,S,,,420637,255.57,0
59,140.092,"Mount",0.295,-0.426,0.452,0.253,0.305,0.253,99,W,53,S,,,391841,258.31,0
60,142.508,"Mount",0.219,-0.363,0.356,0.230,0.246,0.230,80,W,48,S,,,399888,256.45,0
61,144.842,"Mount",-0.038,0.110,-0.083,-0.082,0.000,0.000,0,,0,,,,424473,270.10,0
62,147.109,"Mount",0.089,-0.000,0.080,-0.039,0.000,0.000,0,,0,,,,441677,312.19,0
63,149.586,"Mount",-0.126,0.095,-0.155,-0.030,-0.098,0.000,32,E,0,,,,413152,297.49,0
64,151.750,"Mount",0.131,-0.006,0.120,-0.052,0.000,0.000,0,,0,,,,396081,260.91,0
65,154.251,"Mount",-0.091,0.092,-0.123,-0.043,0.000,0.000,0,,0,,,,420013,263.64,0
66,156.588,"Mount",-0.074,0.001,-0.067,0.032,0.000,0.000,0,,0,,,,444695,326.73,0
67,158.981,"Mount",-0.091,-0.013,-0.076,0.051,0.000,0.000,0,,0,,,,436431,294.50,0
68,161.284,"Mount",0.183,0.046,0.145,-0.121,0.091,0.000,30,W,0,,,,418399,302.93,0
69,163.613,"Mount",-0.076,0.074,-0.101,-0.034,0.000,0.000,0,,0,,,,432837,269.18,0
70,165.850,"Mount",-0.112,-0.157,-0.032,0.190,0.000,0.000,0,,0,,,,434994,297.32,0
71,168.424,"Mount",-0.200,0.212,-0.273,-0.102,-0.172,0.000,56,E,0,,,,419059,292.72,0
72,170.580,"Mount",-0.099,-0.005,-0.087,0.048,0.000,0.000,0,,0,,,,399971,288.73,0
73,173.111,"Mount",-0.321,-0.006,-0.286,0.146,-0.180,0.000,58,E,0,,,,421740,287.45,0
74,175.284,"Mount",-0.105,-0.018,-0.086,0.062,0.000,0.000,0,,0,,,,442284,279.67,0
75,177.755,"Mount",-0.150,-0.040,-0.118,0.102,0.000,0.000,0,,0,,,,440357,319.73,0
76,180.041,"Mount",-0.014,-0.017,-0.005,0.022,0.000,0.000,0,,0,,,,408385,282.87,0
77,182.508,"Mount",0.082,-0.110,0.122,0.063,0.000,0.000,0,,0,,,,404933,287.76,0
78,184.934,"Mount",0.241,-0.287,0.343,0.152,0.216,0.000,70,W,0,,,,400647,264.36,0
79,187.256,"Mount",-0.079,-0.063,-0.043,0.091,0.000,0.000,0,,0,,,,400492,265.52,0
80,189.485,"Mount",-0.135,-0.089,-0.082,0.139,0.000,0.000,0,,0,,,,413582,283.18,0
81,192.294,"Mount",-0.747,-0.023,-0.662,0.348,-0.417,0.348,135,E,73,S,,,423821,284.82,0
82,194.812,"Mount",-0.260,-0.208,-0.142,0.301,-0.119,0.301,39,E,63,S,,,409127,247.77,0
83,197.209,"Mount",0.099,-0.259,0.202,0.189,0.119,0.000,39,W,0,,,,411207,274.52,0
84,199.506,"Mount",-0.423,0.048,-0.401,0.143,-0.244,0.000,79,E,0,,,,414780,279.41,0
85,201.903,"Mount",0.098,-0.143,0.151,0.085,0.078,0.000,25,W,0,,,,442246,293.81,0
86,204.101,"Mount",0.023,-0.068,0.050,0.051,0.000,0.000,0,,0,,,,447101,297.90,0
87,206.596,"Mount",0.104,-0.024,0.104,-0.024,0.000,0.000,0,,0,,,,431080,296.59,0
88,208.836,"Mount",-0.070,-0.035,-0.047,0.063,0.000,0.000,0,,0,,,,418650,275.14,0
89,211.253,"Mount",-0.082,0.093,-0.114,-0.048,0.000,0.000,0,,0,,,,401786,314.64,0
90,213.588,"Mount",-0.334,0.121,-0.353,0.038,-0.223,0.000,72,E,0,,,,414808,280.58,0
91,215.894,"Mount",-0.057,0.024,-0.062,0.004,0.000,0.000,0,,0,,,,388703,256.60,0
92,218.235,"Mount",-0.116,0.077,-0.138,-0.019,-0.087,0.000,28,E,0,,,,430838,282.53,0
93,220.584,"Mount",-0.076,0.052,-0.091,-0.014,0.000,0.000,0,,0,,,,425791,294.33,0
94,222.964,"Mount",-0.165,0.144,-0.211,-0.057,-0.133,0.000,43,E,0,,,,435626,280.76,0
95,225.319,"Mount",-0.050,-0.041,-0.027,0.059,0.000,0.000,0,,0,,,,433374,289.87,0
96,227.694,"Mount",-0.148,0.064,-0.161,0.007,-0.101,0.000,33,E,0,,,,418405,301.77,0
97,230.014,"Mount",0.079,-0.074,0.104,0.032,0.000,0.000,0,,0,,,,422552,262.81,0
98,232.415,"Mount",-0.215,0.183,-0.273,-0.070,-0.172,0.000,56,E,0,,,,400776,260.84,0
99,234.739,"Mount",-0.077,-0.039,-0.052,0.069,0.000,0.000,0,,0,,,,435769,287.06,0
100,237.052,"Mount",-0.202,0.084,-0.218,0.013,-0.137,0.000,45,E,0,,,,414100,301.31,0
101,239.375,"Mount",-0.131,-0.061,-0.091,0.112,0.000,0.000,0,,0,,,,421175,271.71,0
102,241.606,"Mount",-0.007,0.037,-0.022,-0.030,0.000,0.000,0,,0,,,,421182,260.18,0
103,244.024,"Mount",-0.033,0.002,-0.030,0.013,0.000,0.000,0,,0,,,,417722,249.53,0
104,246.253,"Mount",0.051,0.039,0.029,-0.058,0.000,0.000,0,,0,,,,414263,270.30,0
105,248.710,"Mount",-0.028,-0.025,-0.014,0.035,0.000,0.000,0,,0,,,,391550,269.59,0
106,251.021,"Mount",-0.214,-0.047,-0.172,0.136,-0.108,0.000,35,E,0,,,,418260,298.58,0
107,253.493,"Mount",-0.487,0.100,-0.482,0.124,-0.311,0.000,101,E,0,,,,403516,282.49,0
108,255.719,"Mount",-0.192,0.016,-0.180,0.070,-0.135,0.000,44,E,0,,,,407499,251.70,0
109,258.047,"Mount",0.043,-0.150,0.105,0.116,0.000,0.000,0,,0,,,,442469,293.41,0
110,260.438,"Mount",-0.152,0.128,-0.193,-0.049,-0.121,0.000,39,E,0,,,,405459,293.11,0
111,262.777,"Mount",0.024,-0.120,0.075,0.098,0.000,0.000,0,,0,,,,438933,297.80,0
112,265.116,"Mount",0.061,-0.224,0.153,0.174,0.096,0.000,31,W,0,,,,398705,229.26,0
113,267.621,"Mount",0.076,-0.265,0.184,0.205,0.123,0.205,40,W,43,S,,,423938,339.96,0
114,269.965,"Mount",0.423,-0.377,0.546,0.153,0.352,0.000,114,W,0,,,,423578,304.58,0
115,272.291,"Mount",0.025,-0.038,0.039,0.023,0.000,0.000,0,,0,,,,415124,270.74,0
116,274.675,"Mount",0.089,-0.179,0.158,0.122,0.100,0.000,32,W,0,,,,403963,270.41,0
117,277.166,"Mount",-0.249,-0.119,-0.171,0.216,-0.101,0.216,33,E,45,S,,,411835,252.66,0
118,279.517,"Mount",-0.052,-0.225,0.052,0.225,0.000,0.225,0,,47,S,,,417472,285.99,0
119,281.840,"Mount",0.027,-0.049,0.045,0.032,0.000,0.000,0,,0,,,,390996,297.68,0
120,284.091,"Mount",-0.133,-0.020,-0.111,0.076,0.000,0.000,0,,0,,,,401365,281.07,0
121,286.616,"Mount",-0.203,-0.082,-0.147,0.163,-0.093,0.000,30,E,0,,,,399713,249.73,0
122,288.789,"Mount",-0.118,-0.077,-0.073,0.121,0.000,0.000,0,,0,,,,411156,269.32,0
123,291.348,"Mount",-0.123,-0.280,0.012,0.306,0.000,0.306,0,,64,S,,,446493,265.63,0
124,293.493,"Mount",0.009,-0.188,0.090,0.165,0.000,0.000,0,,0,,,,395349,259.06,0
125,295.882,"Mount",-0.071,0.046,-0.084,-0.010,0.000,0.000,0,,0,,,,409162,309.42,0
126,298.206,"Mount",-0.142,0.037,-0.144,0.029,-0.091,0.000,29,E,0,,,,416336,286.09,0
127,300.667,"Mount",-0.195,0.047,-0.196,0.043,-0.130,0.000,42,E,0,,,,412387,266.11,0
128,302.989,"Mount",0.063,-0.320,0.197,0.260,0.115,0.260,37,W,55,S,,,441186,305.84,0
129,305.324,"Mount",-0.023,-0.061,0.006,0.065,0.000,0.000,0,,0,,,,401829,275.98,0
130,307.592,"Mount",-0.013,-0.104,0.034,0.099,0.000,0.000,0,,0,,,,414469,308.80,0
131,310.226,"Mount",-0.161,0.127,-0.200,-0.044,-0.126,0.000,41,E,0,,,,430208,305.25,0
132,312.546,"Mount",0.140,-0.188,0.209,0.108,0.123,0.000,40,W,0,,,,409938,272.07,0
133,315.046,"Mount",0.055,-0.284,0.174,0.231,0.118,0.231,38,W,49,S,,,413138,254.92,0
134,317.260,"Mount",-0.164,-0.036,-0.132,0.104,-0.075,0.000,24,E,0,,,,430272,287.90,0
135,319.720,"Mount",-0.268,0.134,-0.300,-0.003,-0.194,0.000,63,E,0,,,,407929,246.37,0
136,322.084,"Mount",-0.701,0.228,-0.730,0.103,-0.474,0.000,154,E,0,,,,428532,286.91,0
137,324.431,"Mount",-0.003,0.020,-0.011,-0.017,0.000,0.000,0,,0,,,,443194,306.29,0
138,326.792,"Mount",-0.111,0.114,-0.150,-0.053,-0.094,0.000,31,E,0,,,,398510,259.73,0
139,329.206,"Mount",0.140,-0.120,0.178,0.046,0.106,0.000,34,W,0,,,,421217,295.82,0
140,331.532,"Mount",0.161,-0.065,0.173,-0.012,0.116,0.000,38,W,0,,,,417068,286.28,0
141,333.972,"Mount",-0.050,-0.201,0.043,0.202,0.000,0.202,0,,43,S,,,407412,264.61,0
142,336.215,"Mount",0.144,-0.174,0.206,0.093,0.130,0.000,42,W,0,,,,423117,271.60,0
143,338.628,"Mount",-0.089,0.193,-0.165,-0.135,-0.095,0.000,31,E,0,,,,424401,305.61,0
144,340.895,"Mount",-0.245,0.140,-0.282,-0.018,-0.184,0.000,60,E,0,,,,406957,318.11,0
145,343.294,"Mount",-0.207,0.000,-0.186,0.090,-0.130,0.000,42,E,0,,,,416832,257.01,0
146,345.578,"Mount",-0.254,0.156,-0.297,-0.029,-0.196,0.000,64,E,0,,,,432950,293.01,0
147,347.889,"Mount",-0.004,0.032,-0.017,-0.027,0.000,0.000,0,,0,,,,406390,285.32,0
148,350.236,"Mount",-0.297,0.116,-0.318,0.026,-0.200,0.000,65,E,0,,,,416605,281.78,0
149,352.576,"Mount",-0.050,-0.119,0.008,0.129,0.000,0.000,0,,0,,,,397166,246.77,0
150,354.823,"Mount",0.079,-0.100,0.115,0.055,0.000,0.000,0,,0,,,,423537,302.48,0
151,357.258,"Mount",-0.053,-0.112,0.001,0.124,0.000,0.000,0,,0,,,,440442,304.11,0
152,359.605,"Mount",-0.406,0.015,-0.371,0.165,-0.234,0.000,76,E,0,,,,406727,308.32,0
153,361.926,"Mount",-0.155,-0.044,-0.120,0.108,0.000,0.000,0,,0,,,,408350,245.80,0
154,364.368,"Mount",-0.348,0.190,-0.396,-0.018,-0.250,0.000,81,E,0,,,,401570,299.92,0
155,366.683,"Mount",0.043,-0.017,0.046,-0.003,0.000,0.000,0,,0,,,,411244,271.03,0
156,368.916,"Mount",-0.091,0.021,-0.091,0.021,0.000,0.000,0,,0,,,,437238,288.31,0
157,371.324,"Mount",-0.084,-0.054,-0.052,0.086,0.000,0.000,0,,0,,,,416684,302.92,0
158,373.561,"Mount",0.044,-0.007,0.043,-0.014,0.000,0.000,0,,0,,,,400480,266.24,0
159,376.044,"Mount",0.080,-0.208,0.163,0.152,0.103,0.000,33,W,0,,,,416353,264.96,0
160,378.233,"Mount",0.050,-0.095,0.087,0.064,0.000,0.000,0,,0,,,,422898,317.93,0
161,380.674,"Mount",0.002,-0.075,0.035,0.066,0.000,0.000,0,,0,,,,428302,290.93,0
162,383.356,"Mount",-0.728,0.011,-0.659,0.309,-0.415,0.309,135,E,65,S,,,421096,298.40,0
163,385.885,"Mount",0.315,-0.232,0.385,0.070,0.214,0.000,69,W,0,,,,399354,274.47,0
164,388.100,"Mount",-0.093,-0.023,-0.074,0.061,0.000,0.000,0,,0,,,,427529,276.33,0
165,390.554,"Mount",0.025,-0.100,0.066,0.079,0.000,0.000,0,,0,,,,400796,246.64,0
166,392.844,"Mount",0.084,-0.091,0.116,0.045,0.000,0.000,0,,0,,,,428980,292.51,0
167,395.372,"Mount",0.292,-0.224,0.360,0.073,0.227,0.000,74,W,0,,,,418660,286.65,0
168,397.605,"Mount",0.139,-0.217,0.220,0.134,0.155,0.000,50,W,0,,,,399996,303.54,0
169,400.041,"Mount",-0.210,0.159,-0.258,-0.051,-0.152,0.000,49,E,0,,,,400623,267.44,0
170,402.329,"Mount",-0.264,0.036,-0.253,0.083,-0.170,0.000,55,E,0,,,,408134,265.73,0
171,404.797,"Mount",-0.332,0.204,-0.388,-0.037,-0.256,0.000,83,E,0,,,,416566,265.21,0
172,406.970,"Mount",-0.101,-0.041,-0.073,0.081,0.000,0.000,0,,0,,,,423306,312.82,0
173,409.477,"Mount",-0.317,-0.021,-0.276,0.158,-0.174,0.000,56,E,0,,,,426451,292.34,0
174,411.632,"Mount",0.028,-0.146,0.089,0.119,0.000,0.000,0,,0,,,,421176,279.72,0
175,414.143,"Mount",0.160,-0.181,0.223,0.092,0.141,0.000,46,W,0,,,,422425,265.95,0
176,416.425,"Mount",0.314,-0.208,0.373,0.049,0.245,0.000,79,W,0,,,,429736,277.03,0
177,418.839,"Mount",0.159,-0.142,0.205,0.058,0.147,0.000,48,W,0,,,,419632,290.65,0
178,421.109,"Mount",0.148,-0.183,0.214,0.099,0.145,0.000,47,W,0,,,,396793,266.99,0
179,423.530,"Mount",-0.198,0.117,-0.230,-0.019,-0.135,0.000,44,E,0,,,,397418,285.40,0
180,425.679,"Mount",-0.059,-0.110,-0.005,0.125,0.000,0.000,0,,0,,,,434938,305.78,0
181,428.141,"Mount",-0.199,-0.070,-0.148,0.150,-0.093,0.000,30,E,0,,,,409405,299.97,0
182,430.438,"Mount",0.064,-0.244,0.165,0.191,0.097,0.000,32,W,0,,,,442020,308.35,0
183,432.900,"Mount",-0.203,-0.197,-0.096,0.266,0.000,0.266,0,,56,S,,,402575,309.63,0
184,435.217,"Mount",-0.024,-0.057,0.004,0.062,0.000,0.000,0,,0,,,,413827,305.67,0
185,437.766,"Mount",0.131,-0.064,0.145,0.000,0.092,0.000,30,W,0,,,,369096,252.75,0
186,440.237,"Mount",0.254,-0.525,0.459,0.360,0.296,0.360,96,W,76,S,,,418797,290.81,0
187,442.577,"Mount",0.009,0.112,-0.041,-0.104,0.000,0.000,0,,0,,,,433174,301.74,0
188,444.933,"Mount",-0.184,0.222,-0.262,-0.118,-0.165,0.000,54,E,0,,,,400654,256.77,0
189,447.307,"Mount",0.020,0.268,-0.100,-0.250,0.000,0.000,0,,0,,,,409253,273.19,0
190,449.679,"Mount",-0.161,0.298,-0.276,-0.197,-0.174,0.000,56,E,0,,,,397744,254.14,0
191,452.145,"Mount",0.325,-0.343,0.443,0.165,0.267,0.000,87,W,0,,,,416786,296.35,0
192,454.300,"Mount",0.111,0.170,0.025,-0.201,0.000,0.000,0,,0,,,,412833,260.73,0
193,456.983,"Mount",0.198,-0.011,0.183,-0.077,0.115,0.000,37,W,0,,,,407061,293.24,0
194,459.198,"Mount",-0.134,0.112,-0.170,-0.042,-0.099,0.000,32,E,0,,,,399103,270.12,0
195,461.538,"Mount",0.066,-0.077,0.093,0.040,0.000,0.000,0,,0,,,,404575,248.20,0
196,463.775,"Mount",0.065,0.165,-0.014,-0.176,0.000,0.000,0,,0,,,,400972,259.87,0
197,466.242,"Mount",-0.011,0.219,-0.106,-0.192,0.000,0.000,0,,0,,,,412581,276.22,0
198,468.709,"Mount",-0.265,0.252,-0.349,-0.110,-0.220,0.000,71,E,0,,,,404913,269.66,0
199,471.141,"Mount",-0.253,0.135,-0.286,-0.010,-0.196,0.000,63,E,0,,,,403782,298.51,0
200,473.405,"Mount",-0.266,0.102,-0.283,0.025,-0.192,0.000,62,E,0,,,,425444,299.07,0
201,475.716,"Mount",-0.069,-0.109,-0.015,0.128,0.000,0.000,0,,0,,,,446537,318.73,0
202,477.956,"Mount",-0.059,-0.024,-0.043,0.047,0.000,0.000,0,,0,,,,396405,266.18,0
203,480.531,"Mount",0.184,-0.161,0.236,0.064,0.148,0.000,48,W,0,,,,425141,279.77,0
204,482.675,"Mount",-0.009,-0.046,0.012,0.046,0.000,0.000,0,,0,,,,423177,273.46,0
205,485.197,"Mount",0.169,-0.097,0.194,0.012,0.122,0.000,40,W,0,,,,417913,283.59,0
206,487.429,"Mount",-0.108,0.170,-0.171,-0.105,-0.099,0.000,32,E,0,,,,402349,269.36,0
207,489.923,"Mount",-0.238,-0.028,-0.202,0.130,-0.134,0.000,44,E,0,,,,400517,310.55,0
208,492.167,"Mount",-0.157,-0.006,-0.139,0.074,-0.097,0.000,31,E,0,,,,422015,298.82,0
209,494.521,"Mount",-0.012,-0.075,0.022,0.072,0.000,0.000,0,,0,,,,424205,259.79,0
210,496.781,"Mount",-0.148,-0.026,-0.121,0.089,0.000,0.000,0,,0,,,,413685,274.74,0
211,499.335,"Mount",-0.454,0.071,-0.439,0.135,-0.277,0.000,90,E,0,,,,426519,280.84,0
212,501.597,"Mount",-0.362,0.043,-0.344,0.120,-0.236,0.000,77,E,0,,,,432550,295.95,0
213,503.907,"Mount",0.041,-0.204,0.126,0.165,0.000,0.000,0,,0,,,,422647,333.70,0
214,506.134,"Mount",-0.136,-0.082,-0.087,0.133,0.000,0.000,0,,0,,,,408418,257.33,0
215,508.629,"Mount",-0.108,0.104,-0.143,-0.046,-0.090,0.000,29,E,0,,,,409133,288.44,0
216,510.909,"Mount",-0.120,0.257,-0.221,-0.178,-0.145,0.000,47,E,0,,,,388937,266.64,0
217,513.264,"Mount",-0.088,0.097,-0.121,-0.048,0.000,0.000,0,,0,,,,415328,279.67,0
218,515.654,"Mount",-0.246,0.116,-0.272,0.004,-0.171,0.000,56,E,0,,,,445002,325.69,0
219,518.135,"Mount",-0.193,0.049,-0.195,0.041,-0.135,0.000,44,E,0,,,,421829,310.99,0
220,520.403,"Mount",0.181,-0.127,0.219,0.035,0.128,0.000,42,W,0,,,,419925,288.34,0
221,522.732,"Mount",-0.075,0.013,-0.073,0.021,0.000,0.000,0,,0,,,,388847,261.25,0
222,524.979,"Mount",-0.013,-0.087,0.026,0.084,0.000,0.000,0,,0,,,,425561,271.33,0
223,527.376,"Mount",-0.155,-0.114,-0.089,0.170,0.000,0.000,0,,0,,,,397261,292.67,0
224,529.612,"Mount",-0.066,-0.081,-0.024,0.102,0.000,0.000,0,,0,,,,438419,283.74,0
225,532.356,"Mount",-0.684,0.111,-0.664,0.201,-0.418,0.201,136,E,42,S,,,400870,280.21,0
226,534.678,"Mount",-0.136,0.160,-0.192,-0.084,-0.151,0.000,49,E,0,,,,419652,251.80,0
227,536.980,"Mount",-0.027,-0.011,-0.020,0.022,0.000,0.000,0,,0,,,,385279,249.81,0
228,539.342,"Mount",0.028,0.043,0.006,-0.051,0.000,0.000,0,,0,,,,432331,309.23,0
229,541.741,"Mount",0.072,0.129,0.009,-0.147,0.000,0.000,0,,0,,,,423723,310.93,0
230,544.035,"Mount",0.121,0.027,0.097,-0.078,0.000,0.000,0,,0,,,,405899,271.26,0
231,546.587,"Mount",0.205,-0.122,0.238,0.020,0.150,0.000,49,W,0,,,,398097,273.24,0
232,548.837,"Mount",0.193,-0.086,0.211,-0.008,0.144,0.000,47,W,0,,,,418473,265.13,0
233,551.460,"Mount",-0.801,0.027,-0.731,0.328,-0.451,0.328,146,E,69,S,,,438152,286.76,0
234,553.836,"Mount",-0.517,-0.015,-0.458,0.241,-0.320,0.241,104,E,51,S,,,431603,285.74,0
235,556.155,"Mount",-0.000,0.191,-0.084,-0.171,0.000,0.000,0,,0,,,,430950,258.97,0
236,558.454,"Mount",0.097,0.262,-0.028,-0.278,0.000,0.000,0,,0,,,,410336,287.54,0
237,561.013,"Mount",-0.250,0.393,-0.397,-0.244,-0.250,0.000,81,E,0,,,,410661,272.28,0
238,563.264,"Mount",0.010,0.368,-0.152,-0.335,-0.113,0.000,37,E,0,,,,400551,260.08,0
239,565.837,"Mount",0.718,0.010,0.641,-0.324,0.396,0.000,128,W,0,,,,390412,253.10,0
240,569.501,"Mount",0.657,0.272,0.471,-0.533,0.324,-0.533,105,W,1315,N,,,421991,298.88,0
241,572.004,"Mount",-0.103,0.312,-0.230,-0.235,-0.122,-0.235,40,E,49,N,,,432797,302.89,0
242,574.251,"Mount",-0.196,0.315,-0.314,-0.198,-0.207,0.000,67,E,0,,,,424898,310.30,0
243,576.594,"Mount",0.009,0.042,-0.010,-0.042,0.000,0.000,0,,0,,,,401080,286.45,0
244,578.903,"Mount",-0.112,0.134,-0.159,-0.072,-0.100,0.000,33,E,0,,,,422562,335.03,0
245,581.239,"Mount",-0.011,-0.117,0.042,0.109,0.000,0.000,0,,0,,,,389090,251.08,0
246,583.550,"Mount",-0.175,0.189,-0.240,-0.093,-0.151,0.000,49,E,0,,,,428632,325.75,0
247,585.972,"Mount",0.249,-0.054,0.247,-0.061,0.145,0.000,47,W,0,,,,419870,293.52,0
248,588.133,"Mount",0.004,0.153,-0.063,-0.139,0.000,0.000,0,,0,,,,435684,306.80,0
249,590.725,"Mount",-0.134,0.024,-0.131,0.038,-0.083,0.000,27,E,0,,,,411247,274.74,0
250,593.023,"Mount",0.374,-0.155,0.405,-0.025,0.249,0.000,81,W,0,,,,408409,277.29,0
251,595.342,"Mount",0.033,0.165,-0.043,-0.163,0.000,0.000,0,,0,,,,400781,281.14,0
252,597.854,"Mount",-0.984,-0.102,-0.839,0.524,-0.529,0.000,172,E,0,,,,404120,269.13,0
253,600.362,"Mount",0.159,-0.215,0.238,0.124,0.113,0.000,37,W,0,,,,404789,266.12,0
254,602.789,"Mount",0.574,-0.665,0.808,0.346,0.517,0.000,168,W,0,,,,400543,260.69,0
255,605.387,"Mount",-0.740,0.286,-0.790,0.068,-0.462,0.000,150,E,0,,,,400366,293.28,0
256,608.956,"Mount",0.103,-0.281,0.216,0.208,0.104,0.208,34,W,1247,S,,,412163,283.51,0
257,611.455,"Mount",0.393,-0.220,0.450,0.025,0.291,0.000,94,W,0,,,,426678,267.31,0
258,613.616,"Mount",0.186,0.167,0.094,-0.232,0.000,0.000,0,,0,,,,408874,271.42,0
259,616.202,"Mount",0.091,0.064,0.054,-0.097,0.000,0.000,0,,0,,,,393487,266.30,0
260,618.621,"Mount",-0.326,0.225,-0.392,-0.060,-0.247,0.000,80,E,0,,,,414346,291.57,0
261,621.061,"Mount",-0.028,0.305,-0.159,-0.261,-0.118,0.000,38,E,0,,,,436285,332.13,0
INFO: SET LOCK POSITION, new lock pos = 1079.481, 500.079
INFO: DITHER by 0.199, -1.980, new lock pos = 1080.528, 501.771
INFO: SETTLING STATE CHANGE, Settling started
262,624.444,"Mount",-1.048,-1.692,-0.199,1.980,-0.199,1.980,65,E,416,S,,,427973,291.93,0
263,627.862,"Mount",0.336,-0.302,0.434,0.124,0.273,0.000,89,W,0,,,,415104,283.47,0
264,630.110,"Mount",-0.505,-0.312,-0.317,0.502,-0.180,0.000,59,E,0,,,,425372,286.25,0
265,632.594,"Mount",-0.320,-0.197,-0.201,0.317,-0.140,0.000,45,E,0,,,,409172,287.32,0
266,634.988,"Mount",0.142,-0.565,0.375,0.446,0.227,0.446,74,W,94,S,,,423926,287.21,0
INFO: SETTLING STATE CHANGE, Settling complete
267,637.288,"Mount",0.022,-0.016,0.027,0.005,0.000,0.000,0,,0,,,,441051,300.85,0
268,639.648,"Mount",-0.223,0.239,-0.305,-0.117,-0.192,0.000,62,E,0,,,,414029,253.90,0
269,642.088,"Mount",0.148,0.101,0.089,-0.156,0.000,0.000,0,,0,,,,422542,288.13,0
270,644.453,"Mount",-0.242,0.214,-0.312,-0.086,-0.196,0.000,64,E,0,,,,439943,271.05,0
271,646.795,"Mount",0.020,-0.074,0.050,0.058,0.000,0.000,0,,0,,,,425347,263.50,0
272,649.250,"Mount",-0.235,-0.130,-0.154,0.220,-0.097,0.220,31,E,46,S,,,412004,280.77,0
273,651.645,"Mount",0.112,-0.071,0.132,0.015,0.076,0.000,25,W,0,,,,429429,305.24,0
274,653.933,"Mount",0.453,0.022,0.398,-0.218,0.256,0.000,83,W,0,,,,415988,271.79,0
275,656.359,"Mount",-0.120,0.214,-0.202,-0.140,-0.109,0.000,35,E,0,,,,409173,282.84,0
276,658.569,"Mount",-0.125,-0.005,-0.110,0.060,0.000,0.000,0,,0,,,,399927,266.69,0
277,661.214,"Mount",-0.395,0.104,-0.400,0.079,-0.252,0.000,82,E,0,,,,414157,261.27,0
278,663.361,"Mount",-0.008,-0.013,-0.002,0.015,0.000,0.000,0,,0,,,,422455,292.42,0
279,665.854,"Mount",-0.149,-0.255,-0.022,0.295,0.000,0.295,0,,62,S,,,454488,296.72,0
280,668.024,"Mount",-0.106,-0.001,-0.094,0.048,0.000,0.000,0,,0,,,,439284,294.98,0
281,670.471,"Mount",-0.065,0.157,-0.127,-0.113,0.000,0.000,0,,0,,,,427510,296.65,0
282,674.197,"Mount",0.118,0.765,-0.230,-0.739,-0.145,-0.739,47,E,1358,N,,,419793,275.42,0
283,676.656,"Mount",0.157,-0.191,0.225,0.103,0.132,0.000,43,W,0,,,,419686,279.61,0
284,678.942,"Mount",0.026,-0.298,0.154,0.256,0.106,0.000,34,W,0,,,,427142,283.49,0
285,681.384,"Mount",-0.324,0.051,-0.313,0.096,-0.190,0.000,62,E,0,,,,421581,263.65,0
286,683.764,"Mount",-0.054,0.315,-0.186,-0.260,-0.131,-0.260,42,E,55,N,,,406875,270.72,0
287,686.104,"Mount",0.013,-0.077,0.045,0.063,0.000,0.000,0,,0,,,,404418,268.97,0
288,688.466,"Mount",0.082,-0.286,0.199,0.221,0.125,0.000,41,W,0,,,,444713,338.41,0
289,690.895,"Mount",0.112,-0.211,0.193,0.140,0.130,0.000,42,W,0,,,,406104,272.44,0
290,693.158,"Mount",0.196,-0.360,0.334,0.238,0.219,0.000,71,W,0,,,,419119,290.74,0
291,695.655,"Mount",0.089,-0.219,0.176,0.158,0.126,0.000,41,W,0,,,,435747,302.68,0
292,697.885,"Mount",0.153,-0.125,0.192,0.045,0.130,0.000,42,W,0,,,,394586,242.53,0
293,700.396,"Mount",-0.524,0.146,-0.535,0.099,-0.328,0.000,106,E,0,,,,401438,276.25,0
294,702.588,"Mount",-0.151,-0.159,-0.066,0.209,0.000,0.000,0,,0,,,,416156,302.11,0
295,705.069,"Mount",-0.202,-0.059,-0.156,0.141,-0.098,0.000,32,E,0,,,,430634,307.26,0
296,707.293,"Mount",0.097,-0.145,0.150,0.088,0.088,0.000,28,W,0,,,,443656,308.30,0
297,709.623,"Mount",-0.104,-0.027,-0.082,0.070,0.000,0.000,0,,0,,,,406017,271.08,0
298,711.979,"Mount",0.065,-0.244,0.165,0.191,0.104,0.000,34,W,0,,,,408467,273.64,0
299,715.645,"Mount",-0.228,-0.400,-0.029,0.459,0.000,0.459,0,,1299,S,,,418555,288.59,0
300,718.020,"Mount",0.270,-0.393,0.415,0.235,0.262,0.235,85,W,49,S,,,394863,262.49,0
301,720.532,"Mount",0.539,-0.222,0.582,-0.037,0.385,0.000,125,W,0,,,,409737,309.10,0
302,722.757,"Mount",-0.204,0.107,-0.230,-0.007,-0.118,0.000,38,E,0,,,,399941,282.77,0
303,725.200,"Mount",0.045,-0.229,0.141,0.187,0.080,0.000,26,W,0,,,,397826,282.22,0
304,727.572,"Mount",-0.140,0.094,-0.167,-0.023,-0.099,0.000,32,E,0,,,,378175,251.60,0
305,730.125,"Mount",0.414,-0.233,0.474,0.028,0.291,0.000,95,W,0,,,,405158,280.27,0
306,732.285,"Mount",-0.101,0.011,-0.095,0.034,0.000,0.000,0,,0,,,,423857,309.20,0
307,734.865,"Mount",0.151,-0.149,0.201,0.067,0.126,0.000,41,W,0,,,,415548,313.93,0
308,737.098,"Mount",0.128,-0.014,0.121,-0.043,0.000,0.000,0,,0,,,,417744,279.03,0
309,739.618,"Mount",0.189,-0.314,0.308,0.199,0.194,0.000,63,W,0,,,,422672,292.62,0
310,741.773,"Mount",0.050,-0.172,0.120,0.132,0.000,0.000,0,,0,,,,413446,325.89,0
311,744.287,"Mount",-0.129,0.063,-0.144,-0.000,-0.091,0.000,29,E,0,,,,389722,265.44,0
312,746.513,"Mount",-0.098,-0.153,-0.021,0.180,0.000,0.000,0,,0,,,,403517,284.79,0
313,748.928,"Mount",-0.024,-0.172,0.054,0.165,0.000,0.000,0,,0,,,,429038,292.74,0
314,751.293,"Mount",0.314,-0.287,0.408,0.120,0.257,0.000,83,W,0,,,,435423,295.15,0
315,753.685,"Mount",-0.184,-0.025,-0.154,0.104,-0.079,0.000,26,E,0,,,,406088,300.49,0
316,755.926,"Mount",0.169,-0.195,0.237,0.101,0.144,0.000,47,W,0,,,,387656,274.41,0
317,758.259,"Mount",0.073,-0.111,0.114,0.068,0.000,0.000,0,,0,,,,415479,255.94,0
318,760.686,"Mount",0.207,-0.184,0.267,0.075,0.168,0.000,55,W,0,,,,437072,304.18,0
319,763.069,"Mount",-0.056,0.121,-0.103,-0.084,0.000,0.000,0,,0,,,,429712,288.41,0
320,765.421,"Mount",-0.220,0.138,-0.259,-0.028,-0.163,0.000,53,E,0,,,,440429,319.92,0
321,767.961,"Mount",-0.493,0.238,-0.547,0.003,-0.356,0.000,115,E,0,,,,405931,272.61,0
322,770.282,"Mount",-0.283,-0.334,-0.107,0.425,0.000,0.425,0,,89,S,,,440980,301.33,0
323,772.701,"Mount",-0.274,0.064,-0.275,0.063,-0.173,0.000,56,E,0,,,,408460,278.68,0
324,774.861,"Mount",-0.001,0.081,-0.037,-0.073,0.000,0.000,0,,0,,,,422363,249.31,0
325,777.287,"Mount",-0.113,-0.120,-0.049,0.157,0.000,0.000,0,,0,,,,395965,292.65,0
326,779.625,"Mount",0.254,-0.221,0.325,0.087,0.205,0.000,67,W,0,,,,403563,293.07,0
327,782.005,"Mount",-0.183,-0.043,-0.146,0.119,-0.078,0.000,25,E,0,,,,402040,254.08,0
328,784.368,"Mount",0.259,-0.143,0.296,0.015,0.181,0.000,59,W,0,,,,419980,290.88,0
329,786.776,"Mount",-0.278,-0.009,-0.246,0.130,-0.142,0.000,46,E,0,,,,422571,303.02,0
330,789.132,"Mount",-0.253,0.100,-0.272,0.021,-0.181,0.000,59,E,0,,,,413995,300.25,0
331,791.539,"Mount",-0.187,0.016,-0.175,0.068,-0.123,0.000,40,E,0,,,,409627,298.66,0
332,793.781,"Mount",-0.278,-0.006,-0.248,0.127,-0.165,0.000,53,E,0,,,,410765,277.01,0
333,796.213,"Mount",-0.340,-0.014,-0.300,0.162,-0.200,0.000,65,E,0,,,,412206,264.37,0
334,798.411,"Mount",-0.021,0.057,-0.044,-0.042,0.000,0.000,0,,0,,,,418414,271.87,0
335,800.979,"Mount",-0.452,0.174,-0.483,0.042,-0.304,0.000,99,E,0,,,,401516,257.94,0
336,803.226,"Mount",0.117,-0.267,0.222,0.188,0.119,0.000,39,W,0,,,,395116,249.13,0
337,805.762,"Mount",-0.235,0.134,-0.270,-0.018,-0.162,0.000,52,E,0,,,,422529,265.06,0
338,808.029,"Mount",-0.327,-0.002,-0.293,0.146,-0.196,0.000,64,E,0,,,,416559,324.05,0
339,810.531,"Mount",-0.258,0.049,-0.254,0.070,-0.173,0.000,56,E,0,,,,435117,330.35,0
340,812.758,"Mount",-0.199,-0.078,-0.145,0.157,-0.103,0.000,33,E,0,,,,433284,301.24,0
341,815.097,"Mount",-0.117,-0.073,-0.073,0.117,0.000,0.000,0,,0,,,,422185,318.48,0
342,817.405,"Mount",-0.153,-0.157,-0.069,0.208,0.000,0.208,0,,44,S,,,447948,308.45,0
343,819.909,"Mount",-0.274,0.001,-0.247,0.120,-0.156,0.000,50,E,0,,,,439823,338.74,0
344,822.158,"Mount",-0.224,0.063,-0.229,0.042,-0.155,0.000,50,E,0,,,,412899,264.57,0
345,824.725,"Mount",0.101,-0.318,0.230,0.241,0.134,0.241,43,W,51,S,,,401929,309.63,0
346,826.971,"Mount",-0.163,-0.070,-0.115,0.135,0.000,0.000,0,,0,,,,434032,274.63,0
347,829.456,"Mount",-0.115,0.197,-0.190,-0.127,-0.120,0.000,39,E,0,,,,423771,307.35,0
348,831.698,"Mount",-0.162,0.197,-0.232,-0.106,-0.155,0.000,50,E,0,,,,405170,268.48,0
349,834.018,"Mount",0.006,0.096,-0.037,-0.089,0.000,0.000,0,,0,,,,413951,277.69,0
350,836.428,"Mount",-0.198,0.160,-0.248,-0.057,-0.157,0.000,51,E,0,,,,444782,345.33,0
351,838.889,"Mount",-0.247,0.191,-0.306,-0.064,-0.204,0.000,66,E,0,,,,418222,284.04,0
352,841.149,"Mount",0.096,-0.024,0.097,-0.021,0.000,0.000,0,,0,,,,398443,271.41,0
353,843.726,"Mount",0.578,-0.153,0.586,-0.116,0.369,0.000,120,W,0,,,,403301,264.53,0
354,845.866,"Mount",-0.051,0.146,-0.110,-0.109,0.000,0.000,0,,0,,,,378989,266.82,0
355,848.281,"Mount",0.031,0.092,-0.012,-0.096,0.000,0.000,0,,0,,,,415599,262.88,0
356,850.701,"Mount",-0.491,0.099,-0.484,0.127,-0.305,0.000,99,E,0,,,,421107,296.40,0
357,853.042,"Mount",-0.014,0.008,-0.016,-0.000,0.000,0.000,0,,0,,,,413452,287.96,0
358,855.421,"Mount",-0.338,0.051,-0.326,0.103,-0.205,0.000,67,E,0,,,,400183,282.86,0
359,857.852,"Mount",0.208,-0.107,0.234,0.005,0.133,0.000,43,W,0,,,,410445,293.28,0
360,860.098,"Mount",-0.092,0.142,-0.145,-0.087,-0.082,0.000,27,E,0,,,,402144,284.53,0
361,862.557,"Mount",-0.148,0.043,-0.152,0.026,-0.102,0.000,33,E,0,,,,425430,288.34,0
362,864.840,"Mount",0.262,-0.164,0.307,0.032,0.187,0.000,61,W,0,,,,388424,295.62,0
363,867.347,"Mount",0.645,-0.232,0.682,-0.074,0.442,0.000,144,W,0,,,,423863,317.97,0
364,869.603,"Mount",0.249,-0.127,0.279,0.004,0.207,0.000,67,W,0,,,,418723,314.38,0
365,872.009,"Mount",-0.075,-0.082,-0.032,0.107,0.000,0.000,0,,0,,,,426325,254.29,0
366,874.389,"Mount",-0.223,-0.106,-0.154,0.193,-0.097,0.000,32,E,0,,,,410410,270.74,0
367,876.817,"Mount",0.216,-0.217,0.289,0.100,0.175,0.000,57,W,0,,,,438310,300.34,0
368,878.976,"Mount",0.090,-0.004,0.082,-0.036,0.000,0.000,0,,0,,,,392235,268.17,0
369,881.376,"Mount",-0.049,-0.006,-0.041,0.027,0.000,0.000,0,,0,,,,419426,255.22,0
370,883.701,"Mount",-0.250,0.140,-0.286,-0.016,-0.180,0.000,58,E,0,,,,455145,296.45,0
371,886.077,"Mount",-0.032,0.148,-0.094,-0.119,0.000,0.000,0,,0,,,,425058,282.09,0
372,888.342,"Mount",-0.000,-0.010,0.004,0.009,0.000,0.000,0,,0,,,,405125,268.09,0
373,890.934,"Mount",0.111,-0.141,0.162,0.078,0.102,0.000,33,W,0,,,,434893,300.15,0
374,893.136,"Mount",-0.073,0.056,-0.090,-0.018,0.000,0.000,0,,0,,,,394752,258.23,0
375,895.677,"Mount",-0.187,0.255,-0.280,-0.147,-0.176,0.000,57,E,0,,,,423070,284.95,0
376,897.970,"Mount",-0.288,0.083,-0.296,0.051,-0.199,0.000,64,E,0,,,,426169,294.88,0
377,900.394,"Mount",-0.138,0.020,-0.133,0.043,-0.098,0.000,32,E,0,,,,416345,276.17,0
378,902.815,"Mount",0.802,-0.347,0.873,-0.041,0.543,0.000,176,W,0,,,,409405,260.39,0
379,905.509,"Mount",-0.749,0.024,-0.683,0.307,-0.393,0.307,127,E,65,S,,,423135,298.83,0
380,907.773,"Mount",0.363,0.031,0.312,-0.187,0.169,0.000,55,W,0,,,,405207,266.14,0
381,910.107,"Mount",0.240,0.228,0.115,-0.311,0.000,0.000,0,,0,,,,404235,256.84,0
382,912.541,"Mount",0.325,-0.095,0.334,-0.057,0.210,0.000,68,W,0,,,,386973,258.59,0
383,914.910,"Mount",0.017,0.150,-0.051,-0.142,0.000,0.000,0,,0,,,,422206,290.78,0
384,917.245,"Mount",-0.188,0.305,-0.303,-0.192,-0.191,0.000,62,E,0,,,,417410,271.29,0
385,919.682,"Mount",-0.208,0.199,-0.275,-0.088,-0.186,0.000,60,E,0,,,,402003,260.98,0
386,921.925,"Mount",-0.189,0.062,-0.198,0.027,-0.138,0.000,45,E,0,,,,411535,280.44,0
387,924.432,"Mount",-0.187,0.139,-0.229,-0.043,-0.154,0.000,50,E,0,,,,417736,305.40,0
388,926.632,"Mount",0.072,-0.110,0.113,0.067,0.000,0.000,0,,0,,,,399561,264.45,0
389,929.190,"Mount",0.454,-0.079,0.443,-0.128,0.279,0.000,91,W,0,,,,403300,275.18,0
390,931.445,"Mount",0.265,0.219,0.142,-0.313,0.109,0.000,35,W,0,,,,408071,279.58,0
391,934.003,"Mount",0.271,0.019,0.235,-0.136,0.155,0.000,50,W,0,,,,431562,282.41,0
392,936.260,"Mount",0.232,-0.226,0.308,0.101,0.205,0.000,67,W,0,,,,410659,260.12,0
393,938.710,"Mount",0.169,-0.025,0.162,-0.052,0.117,0.000,38,W,0,,,,409618,316.79,0
394,941.029,"Mount",-0.637,0.172,-0.648,0.125,-0.400,0.000,130,E,0,,,,428874,300.03,0
395,943.437,"Mount",-0.128,0.185,-0.196,-0.110,-0.152,0.000,49,E,0,,,,423384,284.89,0
396,945.640,"Mount",-0.033,-0.030,-0.017,0.042,0.000,0.000,0,,0,,,,443648,320.76,0
397,948.041,"Mount",0.134,0.064,0.092,-0.116,0.000,0.000,0,,0,,,,427230,305.22,0
398,950.414,"Mount",-0.089,0.131,-0.138,-0.078,-0.087,0.000,28,E,0,,,,393696,279.90,0
399,952.770,"Mount",0.133,0.119,0.068,-0.165,0.000,0.000,0,,0,,,,404576,275.49,0
400,955.418,"Mount",-0.098,0.083,-0.124,-0.031,0.000,0.000,0,,0,,,,406221,280.53,0
401,957.909,"Mount",-0.020,-0.016,-0.011,0.023,0.000,0.000,0,,0,,,,466755,299.23,0
402,960.273,"Mount",-0.269,0.170,-0.316,-0.034,-0.199,0.000,65,E,0,,,,430125,271.87,0
403,962.599,"Mount",-0.065,-0.045,-0.038,0.069,0.000,0.000,0,,0,,,,420692,285.39,0
404,964.969,"Mount",-0.256,0.142,-0.292,-0.015,-0.184,0.000,60,E,0,,,,391230,302.13,0
405,967.365,"Mount",0.076,-0.158,0.137,0.108,0.074,0.000,24,W,0,,,,387873,287.18,0
406,969.730,"Mount",-0.269,0.122,-0.295,0.008,-0.181,0.000,59,E,0,,,,397446,256.45,0
407,972.047,"Mount",0.044,-0.111,0.088,0.080,0.000,0.000,0,,0,,,,385284,247.25,0
408,974.289,"Mount",-0.061,-0.018,-0.047,0.043,0.000,0.000,0,,0,,,,396955,258.38,0
409,976.855,"Mount",0.154,-0.166,0.211,0.081,0.133,0.000,43,W,0,,,,422237,276.99,0
410,979.149,"Mount",0.180,-0.260,0.275,0.155,0.183,0.000,59,W,0,,,,407482,290.40,0
411,981.562,"Mount",-0.219,0.163,-0.269,-0.050,-0.157,0.000,51,E,0,,,,447138,326.42,0
412,983.786,"Mount",-0.139,0.169,-0.199,-0.090,-0.136,0.000,44,E,0,,,,387932,276.94,0
413,986.223,"Mount",0.151,-0.134,0.194,0.054,0.113,0.000,37,W,0,,,,418947,269.41,0
414,988.421,"Mount",-0.009,-0.138,0.053,0.128,0.000,0.000,0,,0,,,,410242,280.01,0
415,990.853,"Mount",0.040,-0.136,0.095,0.105,0.000,0.000,0,,0,,,,390156,268.20,0
416,993.130,"Mount",0.104,-0.048,0.115,-0.002,0.000,0.000,0,,0,,,,426890,306.73,0
417,995.685,"Mount",0.148,-0.149,0.199,0.069,0.125,0.000,41,W,0,,,,409542,301.82,0
418,997.826,"Mount",0.024,0.024,0.011,-0.032,0.000,0.000,0,,0,,,,409998,276.83,0
419,1000.401,"Mount",-0.191,0.217,-0.267,-0.111,-0.168,0.000,54,E,0,,,,402925,297.54,0
420,1002.689,"Mount",0.213,-0.160,0.262,0.051,0.153,0.000,50,W,0,,,,416657,311.63,0
421,1005.138,"Mount",-0.120,0.149,-0.173,-0.082,-0.098,0.000,32,E,0,,,,420893,263.67,0
422,1007.340,"Mount",-0.027,0.130,-0.081,-0.105,0.000,0.000,0,,0,,,,399406,269.78,0
423,1009.901,"Mount",-0.336,0.319,-0.442,-0.139,-0.279,0.000,90,E,0,,,,418126,274.09,0
424,1012.087,"Mount",-0.026,0.026,-0.035,-0.013,0.000,0.000,0,,0,,,,384879,256.22,0
425,1014.601,"Mount",-0.022,-0.066,0.010,0.069,0.000,0.000,0,,0,,,,400708,269.99,0
426,1016.943,"Mount",0.230,-0.157,0.275,0.040,0.173,0.000,56,W,0,,,,400713,267.85,0
427,1019.358,"Mount",0.134,-0.204,0.210,0.125,0.144,0.000,47,W,0,,,,414037,277.86,0
428,1021.607,"Mount",0.179,-0.024,0.171,-0.057,0.118,0.000,38,W,0,,,,425491,278.09,0
429,1024.094,"Mount",-0.340,0.100,-0.349,0.059,-0.212,0.000,69,E,0,,,,419490,262.30,0
430,1026.416,"Mount",-0.209,0.020,-0.197,0.074,-0.139,0.000,45,E,0,,,,411679,281.13,0
431,1028.739,"Mount",-0.050,-0.153,0.022,0.160,0.000,0.000,0,,0,,,,421835,299.41,0
432,1030.980,"Mount",-0.081,-0.007,-0.070,0.042,0.000,0.000,0,,0,,,,403036,306.37,0
433,1033.393,"Mount",-0.069,-0.035,-0.047,0.062,0.000,0.000,0,,0,,,,405516,279.06,0
434,1035.660,"Mount",-0.013,0.057,-0.037,-0.046,0.000,0.000,0,,0,,,,391063,286.22,0
435,1038.075,"Mount",-0.017,-0.036,0.000,0.040,0.000,0.000,0,,0,,,,407886,277.76,0
436,1040.528,"Mount",0.068,-0.194,0.146,0.145,0.092,0.000,30,W,0,,,,400572,243.69,0
437,1042.941,"Mount",-0.144,-0.248,-0.020,0.286,0.000,0.286,0,,60,S,,,421730,276.94,0
438,1045.097,"Mount",-0.076,0.043,-0.087,-0.005,0.000,0.000,0,,0,,,,410970,268.70,0
439,1047.647,"Mount",-0.384,-0.007,-0.342,0.175,-0.216,0.000,70,E,0,,,,417713,262.87,0
440,1049.933,"Mount",-0.362,0.115,-0.375,0.056,-0.251,0.000,82,E,0,,,,396748,257.76,0
441,1052.474,"Mount",0.670,-0.374,0.766,0.042,0.465,0.000,151,W,0,,,,427871,309.46,0
442,1054.790,"Mount",-0.218,-0.133,-0.137,0.215,-0.054,0.215,17,E,45,S,,,402316,283.14,0
443,1057.206,"Mount",-0.251,0.066,-0.254,0.050,-0.164,0.000,53,E,0,,,,415364,285.87,0
444,1059.365,"Mount",-0.003,0.195,-0.088,-0.173,0.000,0.000,0,,0,,,,412858,276.45,0
445,1061.764,"Mount",0.020,0.106,-0.028,-0.104,0.000,0.000,0,,0,,,,413704,268.96,0
446,1064.093,"Mount",-0.099,0.150,-0.155,-0.091,-0.098,0.000,32,E,0,,,,434541,303.63,0
447,1066.458,"Mount",0.007,0.246,-0.102,-0.224,0.000,0.000,0,,0,,,,403849,261.70,0
448,1068.830,"Mount",-0.316,0.231,-0.385,-0.068,-0.243,0.000,79,E,0,,,,389571,268.96,0
449,1071.405,"Mount",-0.900,0.650,-1.094,-0.189,-0.706,0.000,229,E,0,,,,407768,286.03,0
450,1073.717,"Mount",-0.366,0.480,-0.539,-0.271,-0.389,0.000,126,E,0,,,,406858,305.48,0
451,1076.149,"Mount",0.529,-0.021,0.485,-0.213,0.278,0.000,90,W,0,,,,413786,299.56,0
452,1078.320,"Mount",0.033,0.068,-0.001,-0.076,0.000,0.000,0,,0,,,,433146,292.94,0
453,1082.196,"Mount",0.490,0.053,0.418,-0.262,0.263,-0.262,85,W,1258,N,,,412939,297.89,0
454,1084.385,"Mount",-0.019,0.175,-0.094,-0.149,0.000,0.000,0,,0,,,,411204,258.29,0
455,1086.962,"Mount",-0.236,-0.008,-0.208,0.111,-0.131,0.000,43,E,0,,,,427553,293.08,0
456,1089.222,"Mount",-0.144,0.015,-0.135,0.050,-0.095,0.000,31,E,0,,,,408083,284.12,0
457,1091.662,"Mount",-0.198,0.084,-0.215,0.012,-0.142,0.000,46,E,0,,,,390129,275.58,0
458,1093.909,"Mount",-0.224,0.131,-0.259,-0.020,-0.173,0.000,56,E,0,,,,421407,269.55,0
459,1096.354,"Mount",-0.281,0.118,-0.304,0.018,-0.204,0.000,66,E,0,,,,434913,307.38,0
460,1098.637,"Mount",0.142,-0.207,0.218,0.124,0.123,0.000,40,W,0,,,,438758,273.75,0
461,1101.095,"Mount",0.049,-0.202,0.133,0.160,0.092,0.000,30,W,0,,,,411135,267.12,0
462,1103.333,"Mount",0.147,-0.116,0.183,0.040,0.122,0.000,40,W,0,,,,421647,291.00,0
463,1105.847,"Mount",-0.324,0.216,-0.386,-0.052,-0.235,0.000,76,E,0,,,,424065,291.98,0
464,1108.125,"Mount",-0.339,0.067,-0.334,0.089,-0.227,0.000,73,E,0,,,,406596,300.47,0
465,1110.613,"Mount",-0.494,0.208,-0.535,0.029,-0.353,0.000,115,E,0,,,,393605,300.11,0
466,1112.785,"Mount",-0.023,-0.088,0.018,0.089,0.000,0.000,0,,0,,,,407161,272.09,0
467,1115.359,"Mount",-0.140,0.143,-0.188,-0.067,-0.119,0.000,38,E,0,,,,403297,262.22,0
468,1117.504,"Mount",-0.066,-0.197,0.027,0.206,0.000,0.000,0,,0,,,,395928,257.96,0
469,1120.037,"Mount",0.142,-0.429,0.315,0.323,0.199,0.000,64,W,0,,,,422692,308.21,0
470,1122.351,"Mount",-0.254,-0.066,-0.199,0.171,-0.111,0.000,36,E,0,,,,400816,241.99,0
471,1124.689,"Mount",-0.084,-0.119,-0.023,0.144,0.000,0.000,0,,0,,,,385671,241.89,0
472,1127.013,"Mount",0.132,-0.161,0.189,0.087,0.119,0.000,39,W,0,,,,402697,293.16,0
473,1129.423,"Mount",-0.147,0.153,-0.199,-0.073,-0.117,0.000,38,E,0,,,,427168,306.71,0
474,1133.053,"Mount",-0.309,-0.101,-0.234,0.226,-0.155,0.226,50,E,1250,S,,,405243,266.28,0
475,1135.525,"Mount",-0.394,0.148,-0.419,0.040,-0.275,0.000,89,E,0,,,,425064,293.75,0
476,1137.773,"Mount",-0.251,0.118,-0.277,0.004,-0.194,0.000,63,E,0,,,,426698,273.62,0
477,1140.094,"Mount",0.104,-0.080,0.129,0.026,0.000,0.000,0,,0,,,,447814,306.87,0
478,1142.477,"Mount",0.255,-0.159,0.299,0.031,0.188,0.000,61,W,0,,,,410114,289.45,0
479,1144.802,"Mount",-0.016,-0.136,0.045,0.130,0.000,0.000,0,,0,,,,395506,324.31,0
480,1147.095,"Mount",0.101,-0.056,0.115,0.006,0.000,0.000,0,,0,,,,401764,279.17,0
481,1149.615,"Mount",-0.243,-0.092,-0.178,0.189,-0.112,0.000,36,E,0,,,,394413,266.28,0
482,1151.968,"Mount",-0.272,-0.150,-0.179,0.255,-0.121,0.255,39,E,53,S,,,438048,273.30,0
483,1154.294,"Mount",-0.021,0.052,-0.042,-0.038,0.000,0.000,0,,0,,,,432600,317.73,0
484,1156.717,"Mount",-0.258,0.227,-0.332,-0.090,-0.209,0.000,68,E,0,,,,420342,265.67,0
485,1159.140,"Mount",-0.194,-0.002,-0.174,0.087,-0.124,0.000,40,E,0,,,,376502,255.58,0
486,1161.300,"Mount",-0.056,0.100,-0.094,-0.065,0.000,0.000,0,,0,,,,419716,265.60,0
487,1163.724,"Mount",0.056,-0.032,0.064,0.004,0.000,0.000,0,,0,,,,439300,338.06,0
488,1166.101,"Mount",0.230,-0.077,0.240,-0.032,0.151,0.000,49,W,0,,,,427087,283.07,0
489,1168.569,"Mount",0.238,-0.009,0.218,-0.096,0.148,0.000,48,W,0,,,,420132,313.60,0
490,1170.806,"Mount",0.237,0.009,0.209,-0.112,0.142,0.000,46,W,0,,,,434291,311.23,0
491,1173.149,"Mount",0.018,0.061,-0.010,-0.063,0.000,0.000,0,,0,,,,414899,280.65,0
492,1175.525,"Mount",0.120,-0.098,0.151,0.035,0.095,0.000,31,W,0,,,,417865,273.56,0
493,1177.933,"Mount",-0.281,0.049,-0.274,0.079,-0.166,0.000,54,E,0,,,,387888,239.75,0
494,1180.129,"Mount",-0.058,0.150,-0.118,-0.109,0.000,0.000,0,,0,,,,414639,284.77,0
495,1182.694,"Mount",-0.253,0.115,-0.278,0.008,-0.175,0.000,57,E,0,,,,432213,301.35,0
496,1184.848,"Mount",0.125,-0.033,0.127,-0.026,0.000,0.000,0,,0,,,,387366,237.65,0
497,1187.357,"Mount",0.173,-0.072,0.187,-0.012,0.118,0.000,38,W,0,,,,409596,304.19,0
498,1189.585,"Mount",0.174,-0.087,0.195,0.002,0.131,0.000,43,W,0,,,,396945,288.94,0
499,1191.972,"Mount",0.018,-0.064,0.044,0.050,0.000,0.000,0,,0,,,,413095,288.25,0
500,1194.200,"Mount",0.094,-0.058,0.110,0.011,0.000,0.000,0,,0,,,,404112,303.37,0
501,1196.717,"Mount",-0.404,-0.014,-0.357,0.190,-0.225,0.000,73,E,0,,,,406130,288.34,0
502,1198.982,"Mount",-0.271,0.026,-0.255,0.096,-0.176,0.000,57,E,0,,,,397050,257.23,0
503,1201.383,"Mount",0.197,-0.124,0.231,0.025,0.133,0.000,43,W,0,,,,395013,255.36,0
504,1203.600,"Mount",0.093,-0.135,0.143,0.080,0.099,0.000,32,W,0,,,,418625,265.44,0
505,1206.021,"Mount",-0.337,-0.029,-0.290,0.174,-0.176,0.000,57,E,0,,,,420528,273.84,0
506,1208.279,"Mount",-0.083,-0.254,0.037,0.265,0.000,0.265,0,,56,S,,,401096,277.59,0
507,1210.591,"Mount",0.206,0.125,0.130,-0.203,0.000,0.000,0,,0,,,,420802,306.57,0
508,1213.006,"Mount",0.387,0.075,0.315,-0.237,0.198,0.000,64,W,0,,,,408357,269.01,0
509,1215.437,"Mount",-0.149,0.206,-0.224,-0.120,-0.127,0.000,41,E,0,,,,412870,271.53,0
510,1217.626,"Mount",0.052,0.242,-0.059,-0.240,0.000,0.000,0,,0,,,,436172,331.38,0
511,1220.160,"Mount",-0.279,0.131,-0.308,0.004,-0.194,0.000,63,E,0,,,,395172,286.54,0
512,1222.524,"Mount",-0.257,0.161,-0.301,-0.032,-0.204,0.000,66,E,0,,,,396724,284.27,0
513,1224.978,"Mount",0.030,0.094,-0.015,-0.098,0.000,0.000,0,,0,,,,403000,287.92,0
514,1227.245,"Mount",0.008,0.178,-0.071,-0.164,0.000,0.000,0,,0,,,,415807,287.07,0
515,1229.645,"Mount",0.171,0.070,0.123,-0.138,0.000,0.000,0,,0,,,,384746,260.48,0
516,1233.341,"Mount",0.616,0.056,0.529,-0.321,0.333,-0.321,108,W,1270,N,,,441633,305.60,0
517,1235.793,"Mount",0.013,-0.139,0.073,0.120,0.000,0.000,0,,0,,,,415793,281.26,0
518,1238.092,"Mount",-0.005,0.079,-0.039,-0.068,0.000,0.000,0,,0,,,,401898,282.56,0
519,1240.648,"Mount",-0.223,-0.005,-0.198,0.102,-0.125,0.000,41,E,0,,,,416995,281.71,0
520,1243.004,"Mount",-0.294,-0.065,-0.235,0.187,-0.157,0.000,51,E,0,,,,396917,266.66,0
INFO: SET LOCK POSITION, new lock pos = 1080.528, 501.771
INFO: DITHER by 3.760, 2.267, new lock pos = 1082.912, 498.084
INFO: SETTLING STATE CHANGE, Settling started
521,1247.684,"Mount",-2.384,3.687,-3.760,-2.267,-3.760,-2.267,1220,E,476,N,,,412180,271.01,0
522,1251.080,"Mount",2.265,0.577,1.782,-1.513,1.123,-1.513,364,W,318,N,,,392528,246.95,0
523,1253.485,"Mount",0.148,0.805,-0.220,-0.788,-0.060,-0.788,19,E,166,N,,,407959,256.29,0
524,1255.937,"Mount",-0.296,0.164,-0.338,-0.018,-0.217,0.000,71,E,0,,,,440770,270.57,0
525,1258.087,"Mount",-0.119,-0.077,-0.073,0.122,0.000,0.000,0,,0,,,,415375,270.24,0
526,1260.540,"Mount",-0.091,-0.080,-0.047,0.112,0.000,0.000,0,,0,,,,389336,259.36,0
527,1262.860,"Mount",-0.312,-0.093,-0.240,0.220,-0.151,0.000,49,E,0,,,,398936,253.53,0
528,1265.295,"Mount",-0.366,0.085,-0.366,0.085,-0.241,0.000,78,E,0,,,,403334,255.61,0
INFO: SETTLING STATE CHANGE, Settling complete
529,1267.432,"Mount",-0.073,-0.014,-0.060,0.045,0.000,0.000,0,,0,,,,453335,236.39,0
530,1270.029,"Mount",-0.122,0.087,-0.147,-0.024,-0.093,0.000,30,E,0,,,,411469,267.78,0
531,1272.205,"Mount",0.074,-0.057,0.091,0.018,0.000,0.000,0,,0,,,,437153,284.75,0
532,1274.628,"Mount",-0.042,-0.108,0.009,0.116,0.000,0.000,0,,0,,,,422576,259.57,0
533,1276.976,"Mount",0.147,-0.296,0.262,0.201,0.165,0.000,54,W,0,,,,403831,277.89,0
534,1280.597,"Mount",-0.199,-0.147,-0.115,0.219,0.000,0.219,0,,1249,S,,,404908,245.43,0
535,1282.747,"Mount",0.085,-0.020,0.086,-0.019,0.000,0.000,0,,0,,,,413662,297.06,0
536,1285.254,"Mount",-0.260,0.164,-0.305,-0.033,-0.192,0.000,62,E,0,,,,404653,270.77,0
537,1287.429,"Mount",0.018,0.230,-0.085,-0.214,0.000,0.000,0,,0,,,,404512,287.04,0
538,1289.989,"Mount",-0.220,0.239,-0.303,-0.118,-0.191,0.000,62,E,0,,,,375246,233.25,0
539,1292.161,"Mount",0.031,0.096,-0.014,-0.100,0.000,0.000,0,,0,,,,412931,273.82,0
540,1294.693,"Mount",0.265,-0.129,0.295,-0.001,0.186,0.000,60,W,0,,,,424251,269.55,0
541,1296.837,"Mount",0.078,-0.042,0.089,0.003,0.000,0.000,0,,0,,,,368994,267.17,0
542,1299.279,"Mount",0.049,-0.163,0.115,0.124,0.000,0.000,0,,0,,,,421729,289.74,0
543,1301.573,"Mount",-0.162,-0.032,-0.131,0.100,-0.083,0.000,27,E,0,,,,421199,297.64,0
544,1303.916,"Mount",-0.075,0.016,-0.075,0.018,0.000,0.000,0,,0,,,,418598,276.63,0
545,1306.151,"Mount",-0.012,0.103,-0.056,-0.088,0.000,0.000,0,,0,,,,383210,264.96,0
546,1308.685,"Mount",-0.347,0.136,-0.372,0.030,-0.234,0.000,76,E,0,,,,404803,260.92,0
547,1310.922,"Mount",-0.262,0.010,-0.239,0.106,-0.167,0.000,54,E,0,,,,381377,228.98,0
548,1313.333,"Mount",0.138,-0.134,0.182,0.060,0.103,0.000,33,W,0,,,,403864,254.43,0
549,1315.630,"Mount",0.130,-0.083,0.153,0.018,0.104,0.000,34,W,0,,,,397189,276.52,0
550,1318.164,"Mount",0.371,-0.172,0.409,-0.008,0.265,0.000,86,W,0,,,,416408,292.01,0
551,1320.499,"Mount",0.237,-0.055,0.237,-0.055,0.168,0.000,54,W,0,,,,403630,269.90,0
552,1322.919,"Mount",-0.111,0.191,-0.184,-0.123,-0.104,0.000,34,E,0,,,,391284,271.95,0
553,1325.214,"Mount",-0.287,0.189,-0.341,-0.044,-0.222,0.000,72,E,0,,,,436604,306.96,0
554,1327.525,"Mount",-0.042,-0.047,-0.017,0.061,0.000,0.000,0,,0,,,,431529,288.61,0
555,1329.938,"Mount",0.142,-0.013,0.133,-0.051,0.084,0.000,27,W,0,,,,419411,254.82,0
556,1332.392,"Mount",-0.189,0.094,-0.211,-0.001,-0.127,0.000,41,E,0,,,,419962,274.18,0
557,1334.611,"Mount",0.031,-0.201,0.116,0.167,0.000,0.000,0,,0,,,,412637,265.05,0
558,1337.149,"Mount",0.280,-0.238,0.356,0.091,0.224,0.000,73,W,0,,,,383154,258.32,0
559,1339.493,"Mount",0.173,-0.224,0.254,0.126,0.176,0.000,57,W,0,,,,413059,316.35,0
560,1341.989,"Mount",0.043,-0.269,0.157,0.223,0.111,0.223,36,W,47,S,,,393134,275.50,0
561,1344.221,"Mount",0.133,-0.094,0.161,0.027,0.109,0.000,35,W,0,,,,389978,253.45,0
562,1346.685,"Mount",-0.357,-0.046,-0.301,0.198,-0.182,0.000,59,E,0,,,,387444,250.65,0
563,1348.968,"Mount",-0.132,-0.186,-0.037,0.225,0.000,0.225,0,,47,S,,,413269,283.91,0
564,1351.293,"Mount",0.004,-0.009,0.007,0.006,0.000,0.000,0,,0,,,,401846,236.75,0
565,1353.640,"Mount",0.251,-0.278,0.348,0.139,0.219,0.000,71,W,0,,,,394377,258.21,0
566,1356.134,"Mount",-0.303,-0.130,-0.215,0.250,-0.120,0.250,39,E,53,S,,,402893,303.70,0
567,1358.446,"Mount",0.129,-0.168,0.189,0.094,0.111,0.000,36,W,0,,,,425381,267.06,0
568,1360.771,"Mount",-0.042,-0.148,0.027,0.151,0.000,0.000,0,,0,,,,375249,278.77,0
569,1363.172,"Mount",0.243,-0.274,0.338,0.139,0.213,0.000,69,W,0,,,,438926,295.29,0
570,1365.606,"Mount",-0.090,0.113,-0.131,-0.062,-0.067,0.000,22,E,0,,,,376173,232.34,0
571,1367.850,"Mount",-0.203,0.145,-0.246,-0.041,-0.160,0.000,52,E,0,,,,415428,280.93,0
572,1371.989,"Mount",-0.174,1.152,-0.661,-0.959,-0.428,-0.959,139,E,1404,N,,,587086,330.55,0
573,1375.941,"Mount",-0.914,-0.424,-0.635,0.782,-0.430,0.782,139,E,1367,S,,,390698,273.01,0
574,1378.389,"Mount",-0.294,-0.928,0.143,0.962,0.060,0.962,20,W,202,S,,,369523,245.34,0
575,1381.125,"Mount",0.868,-0.712,1.092,0.259,0.692,0.259,225,W,54,S,,,447273,278.95,0
576,1383.474,"Mount",0.013,-0.282,0.135,0.247,0.134,0.247,43,W,52,S,,,429678,276.29,0
577,1385.793,"Mount",-0.073,-0.156,0.002,0.172,0.000,0.000,0,,0,,,,403800,262.42,0
578,1388.221,"Mount",0.027,-0.352,0.179,0.305,0.112,0.305,36,W,64,S,,,388260,255.23,0
579,1390.644,"Mount",-0.266,0.000,-0.239,0.116,-0.143,0.000,46,E,0,,,,417288,278.56,0
580,1392.912,"Mount",-0.353,-0.026,-0.306,0.178,-0.203,0.000,66,E,0,,,,408156,231.99,0
581,1395.445,"Mount",0.059,-0.291,0.181,0.235,0.100,0.235,32,W,49,S,,,394605,266.97,0
582,1397.677,"Mount",0.183,-0.164,0.236,0.067,0.156,0.000,51,W,0,,,,339084,230.53,0
583,1400.089,"Mount",-0.183,0.005,-0.167,0.076,-0.094,0.000,31,E,0,,,,402123,241.13,0
584,1402.244,"Mount",0.045,-0.122,0.094,0.090,0.000,0.000,0,,0,,,,425017,301.86,0
585,1404.829,"Mount",0.278,-0.236,0.353,0.090,0.223,0.000,72,W,0,,,,435671,261.19,0
586,1406.989,"Mount",0.025,-0.048,0.044,0.032,0.000,0.000,0,,0,,,,424897,262.24,0
587,1409.488,"Mount",-0.236,0.029,-0.225,0.078,-0.142,0.000,46,E,0,,,,426635,326.02,0
588,1411.767,"Mount",-0.330,0.159,-0.367,0.002,-0.241,0.000,78,E,0,,,,421819,262.24,0
589,1414.102,"Mount",-0.015,-0.197,0.073,0.184,0.000,0.000,0,,0,,,,387261,270.49,0
590,1416.335,"Mount",-0.127,-0.011,-0.109,0.066,0.000,0.000,0,,0,,,,387208,288.09,0
591,1418.751,"Mount",-0.002,-0.077,0.032,0.070,0.000,0.000,0,,0,,,,417659,284.83,0
592,1421.096,"Mount",-0.138,-0.167,-0.050,0.210,0.000,0.210,0,,44,S,,,412685,277.42,0
593,1423.419,"Mount",-0.095,-0.079,-0.051,0.113,0.000,0.000,0,,0,,,,369529,260.05,0
594,1425.741,"Mount",-0.084,-0.195,0.010,0.212,0.000,0.212,0,,44,S,,,409306,287.30,0
595,1428.178,"Mount",-0.220,0.023,-0.208,0.076,-0.131,0.000,43,E,0,,,,383287,273.36,0
596,1430.340,"Mount",-0.033,-0.121,0.023,0.124,0.000,0.000,0,,0,,,,412586,247.84,0
597,1432.905,"Mount",-0.347,-0.007,-0.309,0.159,-0.195,0.000,63,E,0,,,,394503,256.89,0
598,1435.100,"Mount",-0.166,-0.071,-0.118,0.136,0.000,0.000,0,,0,,,,395541,255.85,0
599,1437.695,"Mount",-0.370,-0.064,-0.304,0.220,-0.192,0.220,62,E,46,S,,,415405,309.45,0
600,1440.070,"Mount",-0.279,-0.090,-0.211,0.203,-0.147,0.203,48,E,43,S,,,397436,265.69,0
601,1442.533,"Mount",0.258,0.004,0.230,-0.117,0.134,0.000,44,W,0,,,,414478,290.33,0
602,1444.855,"Mount",0.266,-0.229,0.339,0.089,0.223,0.000,72,W,0,,,,402281,299.96,0
603,1447.195,"Mount",0.093,-0.093,0.124,0.043,0.000,0.000,0,,0,,,,383206,245.70,0
604,1449.420,"Mount",0.087,-0.074,0.110,0.028,0.000,0.000,0,,0,,,,406489,279.44,0
605,1451.941,"Mount",-0.352,0.047,-0.337,0.112,-0.212,0.000,69,E,0,,,,414521,289.70,0
606,1454.093,"Mount",-0.108,-0.069,-0.067,0.110,0.000,0.000,0,,0,,,,375449,260.43,0
607,1456.645,"Mount",-0.389,0.183,-0.430,0.006,-0.271,0.000,88,E,0,,,,380469,295.05,0
608,1459.004,"Mount",-0.382,-0.026,-0.331,0.191,-0.228,0.000,74,E,0,,,,380990,271.45,0
609,1461.430,"Mount",0.140,-0.231,0.227,0.146,0.127,0.000,41,W,0,,,,421393,275.38,0
610,1463.669,"Mount",-0.044,-0.297,0.091,0.287,0.000,0.287,0,,60,S,,,414043,296.24,0
611,1466.053,"Mount",0.065,-0.207,0.149,0.157,0.094,0.000,30,W,0,,,,360773,248.56,0
612,1468.369,"Mount",0.027,-0.238,0.128,0.202,0.000,0.202,0,,42,S,,,373430,242.43,0
613,1470.813,"Mount",0.298,-0.280,0.391,0.120,0.246,0.000,80,W,0,,,,370276,247.99,0
614,1472.973,"Mount",0.076,-0.066,0.098,0.026,0.000,0.000,0,,0,,,,425079,263.13,0
615,1475.514,"Mount",-0.167,0.027,-0.162,0.049,-0.102,0.000,33,E,0,,,,402549,249.73,0
616,1477.743,"Mount",-0.214,0.037,-0.208,0.060,-0.138,0.000,45,E,0,,,,437878,282.51,0
617,1480.091,"Mount",-0.066,-0.043,-0.040,0.067,0.000,0.000,0,,0,,,,375686,254.02,0
618,1482.372,"Mount",-0.050,-0.141,0.017,0.149,0.000,0.000,0,,0,,,,410525,268.25,0
619,1484.990,"Mount",-0.056,-0.253,0.061,0.252,0.000,0.252,0,,53,S,,,423870,288.66,0
620,1487.142,"Mount",0.081,-0.063,0.100,0.022,0.000,0.000,0,,0,,,,395816,311.40,0
621,1489.554,"Mount",0.050,0.099,0.001,-0.111,0.000,0.000,0,,0,,,,383652,250.39,0
622,1491.870,"Mount",-0.045,0.217,-0.136,-0.175,-0.086,0.000,28,E,0,,,,417952,252.26,0
623,1494.249,"Mount",-0.009,0.012,-0.013,-0.007,0.000,0.000,0,,0,,,,406465,264.29,0
624,1496.678,"Mount",-0.300,0.086,-0.307,0.054,-0.193,0.000,63,E,0,,,,387468,255.53,0
625,1498.997,"Mount",-0.009,0.199,-0.095,-0.175,0.000,0.000,0,,0,,,,401923,266.06,0
626,1501.357,"Mount",-0.222,0.302,-0.332,-0.174,-0.209,0.000,68,E,0,,,,424690,286.83,0
627,1503.733,"Mount",0.191,0.078,0.137,-0.154,0.072,0.000,23,W,0,,,,406601,304.08,0
628,1506.051,"Mount",0.009,0.014,0.002,-0.017,0.000,0.000,0,,0,,,,399696,307.21,0
629,1508.486,"Mount",0.086,0.203,-0.012,-0.220,0.000,0.000,0,,0,,,,420712,255.26,0
630,1510.728,"Mount",0.099,0.113,0.040,-0.145,0.000,0.000,0,,0,,,,374727,260.64,0
631,1513.222,"Mount",0.194,0.091,0.134,-0.167,0.084,0.000,27,W,0,,,,380979,266.65,0
632,1515.582,"Mount",-0.169,0.088,-0.190,-0.005,-0.114,0.000,37,E,0,,,,428599,311.94,0
633,1517.897,"Mount",0.040,-0.078,0.070,0.053,0.000,0.000,0,,0,,,,384256,266.65,0
634,1520.156,"Mount",-0.111,0.015,-0.106,0.035,0.000,0.000,0,,0,,,,415825,280.93,0
635,1522.687,"Mount",-0.215,0.143,-0.256,-0.035,-0.161,0.000,52,E,0,,,,383988,257.64,0
636,1525.030,"Mount",-0.360,0.199,-0.411,-0.021,-0.270,0.000,88,E,0,,,,393061,256.80,0
637,1527.346,"Mount",-0.155,-0.098,-0.096,0.156,0.000,0.000,0,,0,,,,432063,299.28,0
638,1529.592,"Mount",-0.084,0.059,-0.101,-0.017,0.000,0.000,0,,0,,,,411851,288.88,0
639,1532.118,"Mount",0.250,-0.251,0.335,0.115,0.211,0.000,68,W,0,,,,408807,256.88,0
640,1534.391,"Mount",0.135,-0.173,0.197,0.097,0.139,0.000,45,W,0,,,,398883,259.63,0
641,1536.798,"Mount",0.177,-0.032,0.173,-0.049,0.119,0.000,38,W,0,,,,371287,280.58,0
642,1539.039,"Mount",-0.144,0.205,-0.220,-0.121,-0.130,0.000,42,E,0,,,,403428,272.10,0
643,1541.549,"Mount",-0.411,-0.083,-0.333,0.255,-0.219,0.255,71,E,54,S,,,410807,261.48,0
644,1543.703,"Mount",-0.176,-0.135,-0.099,0.199,0.000,0.000,0,,0,,,,387016,259.10,0
645,1546.222,"Mount",-0.315,0.055,-0.307,0.089,-0.194,0.000,63,E,0,,,,427197,274.48,0
646,1548.522,"Mount",-0.203,0.016,-0.189,0.075,-0.133,0.000,43,E,0,,,,413446,280.26,0
647,1550.963,"Mount",0.006,0.117,-0.046,-0.108,0.000,0.000,0,,0,,,,385685,259.95,0
648,1553.234,"Mount",0.035,0.020,0.023,-0.034,0.000,0.000,0,,0,,,,414248,242.63,0
649,1555.717,"Mount",0.118,-0.127,0.161,0.063,0.102,0.000,33,W,0,,,,387031,257.14,0
650,1558.097,"Mount",0.189,-0.097,0.213,0.004,0.141,0.000,46,W,0,,,,416252,277.33,0
651,1560.565,"Mount",-0.258,0.094,-0.273,0.028,-0.162,0.000,53,E,0,,,,381516,263.37,0
652,1562.721,"Mount",-0.111,-0.040,-0.082,0.084,0.000,0.000,0,,0,,,,398939,248.09,0
653,1565.171,"Mount",-0.134,-0.049,-0.099,0.103,0.000,0.000,0,,0,,,,391452,263.65,0
654,1567.403,"Mount",-0.056,0.092,-0.091,-0.058,0.000,0.000,0,,0,,,,391631,256.92,0
655,1569.831,"Mount",-0.069,0.078,-0.096,-0.040,0.000,0.000,0,,0,,,,407944,279.45,0
656,1572.279,"Mount",-0.224,-0.051,-0.180,0.144,-0.113,0.000,37,E,0,,,,375178,283.71,0
657,1574.617,"Mount",-0.087,-0.023,-0.068,0.059,0.000,0.000,0,,0,,,,405698,271.24,0
658,1576.950,"Mount",0.166,-0.147,0.214,0.059,0.135,0.000,44,W,0,,,,412538,277.47,0
659,1579.343,"Mount",-0.088,-0.200,0.008,0.219,0.000,0.219,0,,46,S,,,415962,272.73,0
660,1581.590,"Mount",0.278,0.042,0.232,-0.160,0.146,0.000,47,W,0,,,,399694,262.70,0
661,1584.007,"Mount",-0.110,0.186,-0.181,-0.119,-0.104,0.000,34,E,0,,,,374478,243.25,0
662,1586.351,"Mount",0.313,-0.080,0.316,-0.065,0.192,0.000,62,W,0,,,,409257,269.56,0
663,1588.746,"Mount",-0.076,-0.020,-0.060,0.051,0.000,0.000,0,,0,,,,432367,276.65,0
664,1591.044,"Mount",0.064,0.089,0.019,-0.108,0.000,0.000,0,,0,,,,401141,280.53,0
665,1593.463,"Mount",-0.034,0.153,-0.098,-0.123,0.000,0.000,0,,0,,,,401867,259.84,0
666,1595.716,"Mount",0.164,0.145,0.083,-0.202,0.000,0.000,0,,0,,,,401561,270.72,0
667,1598.242,"Mount",0.260,0.031,0.220,-0.142,0.139,0.000,45,W,0,,,,378176,266.79,0
668,1600.434,"Mount",0.060,0.311,-0.083,-0.306,0.000,0.000,0,,0,,,,386841,260.48,0
669,1602.981,"Mount",-0.278,0.093,-0.290,0.039,-0.183,0.000,59,E,0,,,,400173,287.13,0
670,1605.289,"Mount",-0.223,-0.103,-0.155,0.190,-0.111,0.000,36,E,0,,,,422392,318.45,0
671,1607.606,"Mount",-0.082,0.020,-0.083,0.018,0.000,0.000,0,,0,,,,379774,266.14,0
672,1609.849,"Mount",0.021,0.032,0.004,-0.038,0.000,0.000,0,,0,,,,385502,265.13,0
673,1612.263,"Mount",-0.072,0.055,-0.089,-0.018,0.000,0.000,0,,0,,,,369985,268.94,0
674,1614.683,"Mount",-0.213,0.027,-0.203,0.069,-0.128,0.000,41,E,0,,,,381800,247.98,0
675,1617.085,"Mount",0.148,-0.280,0.255,0.187,0.152,0.000,49,W,0,,,,402591,276.74,0
676,1619.254,"Mount",-0.086,-0.136,-0.018,0.160,0.000,0.000,0,,0,,,,420401,281.28,0
677,1621.821,"Mount",0.736,-0.096,0.703,-0.237,0.443,0.000,144,W,0,,,,372847,232.04,0
678,1624.037,"Mount",0.052,0.071,0.016,-0.087,0.000,0.000,0,,0,,,,408647,241.41,0
679,1626.499,"Mount",-0.076,0.003,-0.070,0.030,0.000,0.000,0,,0,,,,393331,282.23,0
680,1628.853,"Mount",-0.323,-0.041,-0.272,0.178,-0.171,0.000,56,E,0,,,,412351,301.05,0
681,1631.301,"Mount",-0.070,-0.238,0.041,0.245,0.000,0.245,0,,51,S,,,409679,270.03,0
682,1633.440,"Mount",-0.125,0.020,-0.121,0.036,0.000,0.000,0,,0,,,,414506,276.97,0
683,1635.933,"Mount",-0.233,0.036,-0.226,0.070,-0.142,0.000,46,E,0,,,,414182,306.00,0
684,1638.126,"Mount",-0.063,0.001,-0.057,0.027,0.000,0.000,0,,0,,,,437345,281.91,0
685,1640.837,"Mount",0.260,-0.092,0.274,-0.031,0.173,0.000,56,W,0,,,,380956,272.18,0
686,1643.087,"Mount",0.294,0.019,0.256,-0.146,0.174,0.000,56,W,0,,,,402070,247.47,0
687,1645.478,"Mount",-0.053,-0.059,-0.021,0.076,0.000,0.000,0,,0,,,,407375,253.85,0
688,1647.787,"Mount",0.042,-0.079,0.073,0.052,0.000,0.000,0,,0,,,,401476,270.44,0
689,1650.224,"Mount",0.152,0.163,0.065,-0.213,0.000,0.000,0,,0,,,,380315,256.34,0
690,1652.674,"Mount",0.290,-0.040,0.278,-0.091,0.175,0.000,57,W,0,,,,397411,279.29,0
691,1655.085,"Mount",-0.109,0.111,-0.146,-0.052,-0.080,0.000,26,E,0,,,,409712,253.82,0
692,1657.260,"Mount",0.074,0.051,0.044,-0.078,0.000,0.000,0,,0,,,,390870,256.18,0
693,1659.671,"Mount",0.027,0.130,-0.033,-0.129,0.000,0.000,0,,0,,,,419004,296.45,0
694,1661.910,"Mount",0.026,0.049,0.002,-0.055,0.000,0.000,0,,0,,,,399327,276.02,0
695,1664.433,"Mount",0.141,-0.187,0.208,0.107,0.131,0.000,43,W,0,,,,377006,255.79,0
696,1666.594,"Mount",-0.089,-0.128,-0.024,0.154,0.000,0.000,0,,0,,,,407101,303.59,0
697,1669.215,"Mount",-0.725,0.246,-0.760,0.097,-0.479,0.000,155,E,0,,,,396908,255.38,0
698,1671.501,"Mount",0.151,-0.026,0.148,-0.043,0.059,0.000,19,W,0,,,,431201,314.64,0
699,1673.941,"Mount",-0.182,-0.023,-0.153,0.101,-0.092,0.000,30,E,0,,,,381179,250.81,0
700,1676.175,"Mount",0.121,-0.136,0.168,0.069,0.100,0.000,32,W,0,,,,413664,276.24,0
701,1678.621,"Mount",-0.330,0.034,-0.311,0.115,-0.189,0.000,61,E,0,,,,417428,316.93,0
702,1680.839,"Mount",0.151,-0.091,0.176,0.016,0.098,0.000,32,W,0,,,,404840,285.56,0
703,1683.199,"Mount",-0.106,-0.134,-0.036,0.167,0.000,0.000,0,,0,,,,380999,254.33,0
704,1685.625,"Mount",-0.051,-0.267,0.071,0.262,0.000,0.262,0,,55,S,,,379769,246.96,0
705,1688.029,"Mount",0.325,-0.119,0.344,-0.036,0.217,0.000,70,W,0,,,,407973,237.27,0
706,1690.202,"Mount",-0.012,0.033,-0.026,-0.024,0.000,0.000,0,,0,,,,403491,278.24,0
707,1692.781,"Mount",-0.152,0.151,-0.203,-0.068,-0.128,0.000,42,E,0,,,,383810,235.15,0
708,1694.953,"Mount",-0.021,0.106,-0.065,-0.086,0.000,0.000,0,,0,,,,406645,281.59,0
709,1697.432,"Mount",-0.139,0.246,-0.233,-0.160,-0.147,0.000,48,E,0,,,,418463,282.97,0
710,1699.701,"Mount",-0.350,0.257,-0.427,-0.077,-0.280,0.000,91,E,0,,,,407541,244.69,0
711,1702.113,"Mount",-0.080,0.196,-0.158,-0.142,-0.119,0.000,39,E,0,,,,380523,255.52,0
712,1704.253,"Mount",0.069,0.163,-0.009,-0.177,0.000,0.000,0,,0,,,,403039,264.75,0
713,1706.711,"Mount",-0.112,0.054,-0.124,0.001,0.000,0.000,0,,0,,,,374104,265.51,0
714,1708.945,"Mount",0.091,0.150,0.016,-0.174,0.000,0.000,0,,0,,,,417853,269.85,0
715,1711.461,"Mount",-0.288,0.251,-0.369,-0.099,-0.233,0.000,75,E,0,,,,389299,264.80,0
716,1713.681,"Mount",-0.047,0.164,-0.114,-0.127,0.000,0.000,0,,0,,,,393362,278.81,0
717,1716.173,"Mount",-0.195,0.242,-0.282,-0.132,-0.177,0.000,58,E,0,,,,384782,241.24,0
718,1718.328,"Mount",0.088,0.233,-0.023,-0.249,0.000,0.000,0,,0,,,,388888,233.72,0
719,1720.765,"Mount",-0.045,0.112,-0.090,-0.081,0.000,0.000,0,,0,,,,401824,272.30,0
720,1723.172,"Mount",-0.291,0.264,-0.377,-0.110,-0.238,0.000,77,E,0,,,,385221,252.58,0
721,1725.544,"Mount",-0.006,0.036,-0.021,-0.030,0.000,0.000,0,,0,,,,393431,257.40,0
722,1727.829,"Mount",-0.146,0.099,-0.174,-0.025,-0.110,0.000,36,E,0,,,,395110,296.54,0
723,1730.305,"Mount",-0.267,0.073,-0.272,0.052,-0.179,0.000,58,E,0,,,,432410,304.83,0
724,1732.566,"Mount",-0.170,0.069,-0.183,0.013,-0.128,0.000,41,E,0,,,,390592,261.57,0
725,1735.017,"Mount",-0.208,0.159,-0.257,-0.052,-0.171,0.000,55,E,0,,,,413721,281.16,0
726,1737.318,"Mount",-0.232,0.164,-0.280,-0.045,-0.189,0.000,61,E,0,,,,403048,255.46,0
727,1739.744,"Mount",-0.160,0.045,-0.163,0.030,-0.116,0.000,38,E,0,,,,383527,264.88,0
728,1741.888,"Mount",-0.091,-0.117,-0.030,0.145,0.000,0.000,0,,0,,,,407676,244.31,0
729,1744.303,"Mount",0.010,-0.046,0.029,0.037,0.000,0.000,0,,0,,,,384203,260.91,0
730,1746.683,"Mount",-0.086,-0.077,-0.044,0.107,0.000,0.000,0,,0,,,,394421,291.73,0
731,1749.333,"Mount",0.054,-0.331,0.194,0.273,0.122,0.273,40,W,57,S,,,395328,260.00,0
732,1751.541,"Mount",-0.208,-0.002,-0.186,0.093,-0.109,0.000,35,E,0,,,,392864,249.13,0
733,1754.117,"Mount",-0.918,0.502,-1.045,-0.048,-0.666,0.000,216,E,0,,,,380537,250.83,0
734,1756.503,"Mount",-0.400,0.154,-0.427,0.038,-0.316,0.000,102,E,0,,,,376873,268.51,0
735,1758.950,"Mount",0.249,-0.027,0.235,-0.085,0.126,0.000,41,W,0,,,,393122,294.64,0
736,1761.173,"Mount",-0.068,0.230,-0.162,-0.176,-0.093,0.000,30,E,0,,,,402407,241.17,0
737,1763.495,"Mount",0.131,0.176,0.040,-0.216,0.000,0.000,0,,0,,,,378716,270.66,0
738,1765.781,"Mount",-0.027,0.179,-0.103,-0.149,0.000,0.000,0,,0,,,,417983,270.23,0
739,1768.167,"Mount",0.066,0.072,0.028,-0.094,0.000,0.000,0,,0,,,,410337,278.97,0
740,1770.557,"Mount",0.357,-0.135,0.380,-0.035,0.240,0.000,78,W,0,,,,397825,275.21,0
741,1772.880,"Mount",0.024,0.057,-0.003,-0.062,0.000,0.000,0,,0,,,,394155,260.59,0
742,1775.238,"Mount",-0.318,0.142,-0.348,0.012,-0.219,0.000,71,E,0,,,,387509,249.58,0
743,1777.542,"Mount",-0.097,0.073,-0.119,-0.023,0.000,0.000,0,,0,,,,400070,287.09,0
744,1779.898,"Mount",-0.200,0.191,-0.264,-0.084,-0.166,0.000,54,E,0,,,,408967,289.66,0
745,1782.212,"Mount",-0.066,0.035,-0.075,-0.002,0.000,0.000,0,,0,,,,393063,275.59,0
746,1784.578,"Mount",-0.140,0.223,-0.224,-0.139,-0.141,0.000,46,E,0,,,,395534,264.87,0
747,1786.879,"Mount",0.171,0.127,0.098,-0.189,0.000,0.000,0,,0,,,,395554,252.19,0
748,1789.120,"Mount",0.095,0.017,0.078,-0.056,0.000,0.000,0,,0,,,,428232,286.90,0
749,1791.527,"Mount",0.020,-0.007,0.021,-0.003,0.000,0.000,0,,0,,,,377105,271.31,0
750,1793.761,"Mount",-0.034,-0.011,-0.026,0.024,0.000,0.000,0,,0,,,,399261,286.38,0
751,1796.549,"Mount",-0.487,0.218,-0.533,0.018,-0.336,0.000,109,E,0,,,,410539,276.96,0
752,1798.798,"Mount",-0.231,0.000,-0.208,0.101,-0.154,0.000,50,E,0,,,,404875,281.45,0
753,1801.237,"Mount",-0.232,-0.221,-0.112,0.300,0.000,0.300,0,,63,S,,,402508,267.10,0
754,1803.486,"Mount",-0.197,-0.033,-0.162,0.116,-0.102,0.000,33,E,0,,,,402678,280.10,0
755,1805.878,"Mount",0.259,-0.101,0.277,-0.023,0.167,0.000,54,W,0,,,,414863,250.83,0
756,1808.158,"Mount",0.229,0.121,0.153,-0.210,0.108,0.000,35,W,0,,,,430699,260.37,0
757,1810.557,"Mount",-0.085,0.128,-0.133,-0.078,-0.076,0.000,25,E,0,,,,385549,238.71,0
758,1812.815,"Mount",0.154,-0.192,0.222,0.105,0.135,0.000,44,W,0,,,,395175,274.56,0
759,1815.231,"Mount",0.210,0.035,0.173,-0.124,0.118,0.000,38,W,0,,,,402158,261.82,0
760,1817.413,"Mount",0.059,0.255,-0.059,-0.255,0.000,0.000,0,,0,,,,404954,235.91,0
761,1819.997,"Mount",-0.428,0.523,-0.614,-0.283,-0.387,0.000,126,E,0,,,,375746,260.34,0
762,1823.542,"Mount",-0.065,0.302,-0.191,-0.243,-0.148,-0.243,48,E,1267,N,,,401455,298.39,0
763,1826.118,"Mount",-0.359,-0.034,-0.308,0.188,-0.204,0.000,66,E,0,,,,389694,251.33,0
764,1828.280,"Mount",-0.087,-0.127,-0.022,0.152,0.000,0.000,0,,0,,,,368625,236.07,0
765,1830.815,"Mount",0.339,-0.318,0.444,0.137,0.280,0.000,91,W,0,,,,409856,241.69,0
766,1833.046,"Mount",0.130,-0.209,0.209,0.130,0.151,0.000,49,W,0,,,,379394,251.78,0
767,1835.527,"Mount",0.063,-0.196,0.142,0.148,0.100,0.000,33,W,0,,,,400729,245.49,0
768,1837.779,"Mount",-0.014,-0.352,0.142,0.322,0.096,0.000,31,W,0,,,,395428,247.90,0
769,1840.215,"Mount",0.050,-0.296,0.175,0.245,0.117,0.000,38,W,0,,,,379165,254.17,0
770,1842.525,"Mount",-0.363,0.164,-0.399,0.012,-0.243,0.000,79,E,0,,,,385921,277.89,0
771,1844.849,"Mount",-0.092,-0.228,0.018,0.245,0.000,0.000,0,,0,,,,388213,256.94,0
772,1847.218,"Mount",-0.353,0.003,-0.319,0.152,-0.201,0.000,65,E,0,,,,367088,260.15,0
773,1849.520,"Mount",-0.071,-0.061,-0.037,0.086,0.000,0.000,0,,0,,,,385640,280.10,0
774,1853.045,"Mount",-0.141,-0.175,-0.050,0.220,0.000,0.220,0,,1262,S,,,390971,251.44,0
775,1855.485,"Mount",-0.157,-0.153,-0.074,0.206,0.000,0.206,0,,43,S,,,380911,249.64,0
776,1857.659,"Mount",-0.016,-0.069,0.016,0.069,0.000,0.000,0,,0,,,,391126,252.37,0
777,1860.058,"Mount",-0.076,-0.044,-0.049,0.073,0.000,0.000,0,,0,,,,412505,285.80,0
778,1862.424,"Mount",-0.244,0.165,-0.292,-0.041,-0.184,0.000,60,E,0,,,,408704,280.93,0
779,1864.741,"Mount",0.052,0.201,-0.041,-0.203,0.000,0.000,0,,0,,,,374642,241.54,0
780,1867.182,"Mount",-0.297,0.249,-0.376,-0.093,-0.237,0.000,77,E,0,,,,408752,286.99,0
781,1869.504,"Mount",0.067,-0.035,0.075,0.002,0.000,0.000,0,,0,,,,382368,263.04,0
782,1871.760,"Mount",0.028,0.102,-0.020,-0.104,0.000,0.000,0,,0,,,,391579,260.97,0
783,1874.184,"Mount",-0.107,0.009,-0.100,0.039,0.000,0.000,0,,0,,,,391753,264.98,0
INFO: SET LOCK POSITION, new lock pos = 1082.912, 498.084
INFO: DITHER by 4.559, 4.257, new lock pos = 1085.140, 492.258
INFO: SETTLING STATE CHANGE, Settling started
784,1880.533,"Mount",-2.228,5.826,-4.559,-4.257,-4.559,-4.257,1479,E,2110,N,,,383820,241.11,0
785,1883.981,"Mount",3.337,1.545,2.320,-2.853,1.462,-2.853,474,W,599,N,,,407673,282.60,0
786,1886.829,"Mount",1.108,1.865,0.177,-2.162,0.214,-2.162,69,W,454,N,,,412618,270.13,0
787,1890.854,"Mount",-1.403,-0.329,-1.116,0.911,-0.688,0.911,223,E,1407,S,,,370762,266.26,0
788,1893.510,"Mount",0.534,-0.628,0.755,0.330,0.428,0.330,139,W,69,S,,,389285,268.05,0
789,1895.909,"Mount",-0.027,-0.511,0.200,0.471,0.156,0.471,51,W,99,S,,,393452,273.09,0
790,1898.460,"Mount",0.036,-0.364,0.192,0.312,0.132,0.312,43,W,65,S,,,382912,244.49,0
791,1900.711,"Mount",-0.061,-0.260,0.059,0.261,0.000,0.261,0,,55,S,,,391219,249.87,0
792,1903.162,"Mount",-0.195,0.159,-0.245,-0.058,-0.154,0.000,50,E,0,,,,396508,297.82,0
793,1905.306,"Mount",-0.078,-0.171,0.005,0.188,0.000,0.000,0,,0,,,,359835,229.20,0
794,1907.910,"Mount",-0.629,0.228,-0.665,0.071,-0.419,0.000,136,E,0,,,,412594,267.00,0
INFO: SETTLING STATE CHANGE, Settling complete
795,1910.293,"Mount",-0.145,-0.288,-0.004,0.322,0.000,0.322,0,,68,S,,,370298,257.01,0
796,1912.688,"Mount",-0.085,-0.133,-0.018,0.157,0.000,0.000,0,,0,,,,405623,285.42,0
797,1915.032,"Mount",0.190,-0.210,0.263,0.106,0.166,0.000,54,W,0,,,,406769,286.31,0
798,1917.346,"Mount",0.095,0.004,0.084,-0.045,0.000,0.000,0,,0,,,,374591,256.22,0
799,1919.678,"Mount",0.324,-0.158,0.360,-0.000,0.227,0.000,74,W,0,,,,397868,246.97,0
800,1922.163,"Mount",0.448,-0.171,0.477,-0.043,0.317,0.000,103,W,0,,,,422268,287.56,0
801,1924.377,"Mount",0.090,0.049,0.060,-0.084,0.000,0.000,0,,0,,,,406039,242.14,0
802,1926.787,"Mount",-0.127,0.028,-0.126,0.030,0.000,0.000,0,,0,,,,384209,298.12,0
803,1929.193,"Mount",-0.388,0.173,-0.424,0.015,-0.267,0.000,87,E,0,,,,391958,286.21,0
804,1931.497,"Mount",0.075,0.070,0.037,-0.096,0.000,0.000,0,,0,,,,395695,255.45,0
805,1933.725,"Mount",0.059,-0.074,0.085,0.041,0.000,0.000,0,,0,,,,397492,292.73,0
806,1936.110,"Mount",-0.108,-0.038,-0.080,0.081,0.000,0.000,0,,0,,,,382917,270.47,0
807,1938.480,"Mount",0.135,-0.091,0.161,0.023,0.102,0.000,33,W,0,,,,378516,269.30,0
808,1940.863,"Mount",-0.106,0.165,-0.168,-0.101,-0.099,0.000,32,E,0,,,,409060,283.00,0
809,1943.115,"Mount",0.191,-0.077,0.206,-0.015,0.123,0.000,40,W,0,,,,398364,261.26,0
810,1945.433,"Mount",0.043,0.017,0.031,-0.034,0.000,0.000,0,,0,,,,412552,283.38,0
811,1947.741,"Mount",-0.071,0.067,-0.094,-0.029,0.000,0.000,0,,0,,,,392710,280.97,0
812,1950.429,"Mount",-0.477,-0.055,-0.405,0.259,-0.255,0.259,83,E,54,S,,,400386,281.14,0
813,1952.693,"Mount",-0.243,0.056,-0.243,0.057,-0.171,0.000,55,E,0,,,,394005,275.71,0
814,1955.277,"Mount",0.411,-0.577,0.623,0.338,0.380,0.338,123,W,71,S,,,375192,280.35,0
815,1957.421,"Mount",-0.056,-0.030,-0.037,0.051,0.000,0.000,0,,0,,,,399747,264.51,0
816,1959.846,"Mount",0.031,0.007,0.025,-0.020,0.000,0.000,0,,0,,,,413774,304.75,0
817,1962.140,"Mount",0.025,-0.004,0.025,-0.007,0.000,0.000,0,,0,,,,399702,251.53,0
818,1964.707,"Mount",0.076,-0.215,0.163,0.160,0.102,0.000,33,W,0,,,,429591,307.33,0
819,1967.026,"Mount",-0.309,0.060,-0.304,0.082,-0.184,0.000,60,E,0,,,,375834,270.20,0
820,1969.352,"Mount",-0.114,-0.075,-0.070,0.117,0.000,0.000,0,,0,,,,382869,260.41,0
821,1971.694,"Mount",-0.210,0.181,-0.268,-0.070,-0.169,0.000,55,E,0,,,,397657,291.48,0
822,1974.085,"Mount",-0.193,0.158,-0.243,-0.057,-0.165,0.000,53,E,0,,,,373441,259.87,0
823,1976.336,"Mount",-0.241,0.151,-0.283,-0.030,-0.190,0.000,61,E,0,,,,392474,264.15,0
824,1978.726,"Mount",0.118,-0.124,0.160,0.060,0.088,0.000,28,W,0,,,,385405,252.51,0
825,1981.016,"Mount",0.095,-0.106,0.132,0.053,0.089,0.000,29,W,0,,,,404106,290.89,0
826,1983.521,"Mount",0.343,-0.116,0.359,-0.047,0.232,0.000,75,W,0,,,,398452,258.35,0
827,1985.688,"Mount",0.071,-0.086,0.102,0.046,0.000,0.000,0,,0,,,,383024,275.82,0
828,1988.106,"Mount",0.049,-0.160,0.114,0.122,0.000,0.000,0,,0,,,,385133,262.10,0
829,1990.469,"Mount",-0.203,0.056,-0.207,0.038,-0.130,0.000,42,E,0,,,,378613,280.24,0
830,1993.005,"Mount",-0.343,-0.072,-0.276,0.215,-0.183,0.215,59,E,45,S,,,405085,267.53,0
831,1995.162,"Mount",-0.125,0.004,-0.114,0.052,0.000,0.000,0,,0,,,,389767,276.69,0
832,1997.547,"Mount",-0.140,-0.004,-0.124,0.065,0.000,0.000,0,,0,,,,381625,281.60,0
833,1999.906,"Mount",-0.307,0.013,-0.282,0.123,-0.177,0.000,58,E,0,,,,396078,262.85,0
834,2002.645,"Mount",-1.032,-0.310,-0.791,0.731,-0.511,0.731,166,E,154,S,,,411061,257.57,0
835,2005.017,"Mount",0.201,-0.382,0.349,0.255,0.184,0.255,60,W,54,S,,,388533,273.64,0
836,2007.322,"Mount",0.002,0.210,-0.091,-0.190,0.000,0.000,0,,0,,,,425055,258.24,0
837,2009.686,"Mount",0.377,0.127,0.283,-0.280,0.178,0.000,58,W,0,,,,408148,306.94,0
838,2012.175,"Mount",-0.519,0.265,-0.583,-0.010,-0.355,0.000,115,E,0,,,,397883,287.65,0
839,2014.320,"Mount",0.306,0.384,0.107,-0.479,0.000,0.000,0,,0,,,,354035,228.22,0
840,2016.781,"Mount",-0.049,0.423,-0.229,-0.359,-0.144,0.000,47,E,0,,,,398702,247.33,0
841,2018.930,"Mount",0.041,0.304,-0.097,-0.291,0.000,0.000,0,,0,,,,388077,234.25,0
842,2022.693,"Mount",0.260,0.412,0.053,-0.485,0.000,-0.485,0,,1335,N,,,375109,255.09,0
843,2025.166,"Mount",-0.029,0.341,-0.176,-0.294,-0.111,-0.294,36,E,62,N,,,389567,253.04,0
844,2027.472,"Mount",-0.011,0.090,-0.050,-0.076,0.000,0.000,0,,0,,,,374321,244.77,0
845,2029.807,"Mount",-0.282,0.203,-0.342,-0.059,-0.216,0.000,70,E,0,,,,377951,269.09,0
846,2032.127,"Mount",-0.015,0.030,-0.027,-0.021,0.000,0.000,0,,0,,,,410355,286.67,0
847,2034.662,"Mount",-0.363,0.253,-0.437,-0.068,-0.275,0.000,89,E,0,,,,391171,277.14,0
848,2036.998,"Mount",0.096,0.027,0.074,-0.066,0.000,0.000,0,,0,,,,385962,259.59,0
849,2039.314,"Mount",-0.164,0.106,-0.194,-0.024,-0.122,0.000,40,E,0,,,,400129,277.59,0
850,2041.618,"Mount",0.046,0.067,0.012,-0.081,0.000,0.000,0,,0,,,,394100,273.90,0
851,2043.985,"Mount",0.175,-0.049,0.179,-0.033,0.113,0.000,37,W,0,,,,385466,264.24,0
852,2046.461,"Mount",0.170,-0.085,0.190,0.002,0.128,0.000,41,W,0,,,,388534,283.80,0
853,2048.618,"Mount",0.109,0.108,0.050,-0.145,0.000,0.000,0,,0,,,,389131,264.47,0
854,2051.104,"Mount",-0.116,0.063,-0.132,-0.006,-0.083,0.000,27,E,0,,,,396666,282.43,0
855,2053.366,"Mount",-0.299,0.173,-0.344,-0.024,-0.223,0.000,72,E,0,,,,390195,236.35,0
856,2055.783,"Mount",-0.143,0.088,-0.167,-0.016,-0.121,0.000,39,E,0,,,,383914,284.45,0
857,2058.040,"Mount",-0.349,0.112,-0.363,0.052,-0.237,0.000,77,E,0,,,,380608,254.29,0
858,2060.394,"Mount",0.142,0.051,0.106,-0.108,0.000,0.000,0,,0,,,,400626,279.56,0
859,2062.641,"Mount",0.018,0.033,0.002,-0.037,0.000,0.000,0,,0,,,,385608,250.79,0
860,2065.080,"Mount",-0.047,-0.115,0.008,0.124,0.000,0.000,0,,0,,,,386574,255.24,0
861,2067.400,"Mount",0.128,-0.054,0.139,-0.008,0.088,0.000,28,W,0,,,,385405,245.41,0
862,2069.854,"Mount",0.264,-0.267,0.354,0.124,0.229,0.000,74,W,0,,,,391283,260.71,0
863,2072.094,"Mount",0.268,-0.110,0.289,-0.019,0.198,0.000,64,W,0,,,,401876,282.11,0
864,2074.419,"Mount",-0.051,0.056,-0.070,-0.028,0.000,0.000,0,,0,,,,360186,272.61,0
865,2076.685,"Mount",-0.087,0.058,-0.104,-0.014,0.000,0.000,0,,0,,,,406838,279.86,0
866,2079.175,"Mount",-0.154,0.251,-0.249,-0.158,-0.157,0.000,51,E,0,,,,382334,253.66,0
867,2081.324,"Mount",0.006,-0.079,0.040,0.068,0.000,0.000,0,,0,,,,406202,267.91,0
868,2083.802,"Mount",0.113,-0.206,0.192,0.136,0.121,0.000,39,W,0,,,,394951,298.99,0
869,2085.960,"Mount",-0.019,0.060,-0.043,-0.046,0.000,0.000,0,,0,,,,417858,270.44,0
870,2088.497,"Mount",0.125,-0.040,0.130,-0.019,0.082,0.000,27,W,0,,,,386550,269.32,0
871,2090.653,"Mount",-0.161,-0.173,-0.068,0.226,0.000,0.000,0,,0,,,,350312,240.54,0
872,2093.126,"Mount",0.045,-0.215,0.135,0.174,0.085,0.000,28,W,0,,,,410608,287.91,0
873,2095.457,"Mount",0.102,-0.146,0.155,0.086,0.104,0.000,34,W,0,,,,414428,285.81,0
874,2097.862,"Mount",-0.310,0.100,-0.323,0.047,-0.196,0.000,64,E,0,,,,404706,283.77,0
875,2100.005,"Mount",-0.005,0.059,-0.030,-0.051,0.000,0.000,0,,0,,,,407338,288.52,0
876,2102.590,"Mount",-0.343,-0.012,-0.303,0.161,-0.191,0.000,62,E,0,,,,396439,256.52,0
877,2104.852,"Mount",0.108,-0.249,0.206,0.176,0.117,0.000,38,W,0,,,,372784,248.91,0
878,2107.363,"Mount",0.198,-0.055,0.202,-0.037,0.135,0.000,44,W,0,,,,426239,279.56,0
879,2109.591,"Mount",0.162,-0.268,0.263,0.170,0.175,0.000,57,W,0,,,,391636,275.29,0
880,2111.981,"Mount",-0.317,-0.169,-0.211,0.291,-0.121,0.000,39,E,0,,,,379201,247.98,0
881,2114.247,"Mount",0.285,-0.296,0.386,0.141,0.235,0.000,76,W,0,,,,398832,257.57,0
882,2116.649,"Mount",-0.249,-0.153,-0.157,0.247,-0.082,0.000,27,E,0,,,,403582,267.05,0
883,2118.819,"Mount",-0.077,-0.121,-0.016,0.142,0.000,0.000,0,,0,,,,392983,264.18,0
884,2121.259,"Mount",-0.025,-0.061,0.004,0.066,0.000,0.000,0,,0,,,,385282,312.88,0
885,2124.878,"Mount",-0.274,-0.135,-0.187,0.242,-0.118,0.242,38,E,1284,S,,,409727,278.19,0
886,2127.192,"Mount",0.032,-0.097,0.071,0.073,0.000,0.000,0,,0,,,,386151,265.61,0
887,2129.504,"Mount",0.124,-0.208,0.203,0.133,0.128,0.000,41,W,0,,,,424182,296.24,0
888,2131.910,"Mount",0.077,-0.257,0.182,0.198,0.123,0.000,40,W,0,,,,405697,263.71,0
889,2134.084,"Mount",-0.021,-0.147,0.046,0.141,0.000,0.000,0,,0,,,,386536,274.79,0
890,2136.726,"Mount",0.027,-0.432,0.214,0.376,0.135,0.376,44,W,79,S,,,398998,237.53,0
891,2139.094,"Mount",0.217,-0.330,0.340,0.201,0.223,0.201,72,W,42,S,,,363972,255.26,0
892,2141.486,"Mount",0.092,-0.126,0.138,0.073,0.103,0.000,33,W,0,,,,382522,259.80,0
893,2143.763,"Mount",-0.268,0.200,-0.329,-0.062,-0.200,0.000,65,E,0,,,,385407,283.55,0
894,2146.093,"Mount",-0.106,0.060,-0.122,-0.007,0.000,0.000,0,,0,,,,399762,259.75,0
895,2148.513,"Mount",-0.221,-0.001,-0.198,0.098,-0.125,0.000,41,E,0,,,,416139,282.98,0
896,2150.834,"Mount",-0.102,0.031,-0.105,0.017,0.000,0.000,0,,0,,,,391528,243.16,0
897,2153.275,"Mount",-0.318,0.123,-0.339,0.029,-0.214,0.000,69,E,0,,,,381601,250.26,0
898,2155.853,"Mount",0.059,-0.328,0.197,0.269,0.109,0.269,35,W,56,S,,,389457,265.41,0
899,2158.019,"Mount",-0.120,-0.112,-0.059,0.153,0.000,0.000,0,,0,,,,406651,267.43,0
900,2160.774,"Mount",-0.353,-0.104,-0.272,0.248,-0.171,0.248,56,E,52,S,,,395767,275.05,0
901,2162.926,"Mount",-0.137,0.000,-0.123,0.060,0.000,0.000,0,,0,,,,397338,253.60,0
902,2165.349,"Mount",-0.075,0.098,-0.110,-0.055,0.000,0.000,0,,0,,,,402942,290.87,0
903,2167.656,"Mount",-0.094,0.165,-0.157,-0.107,-0.099,0.000,32,E,0,,,,396932,283.08,0
904,2169.996,"Mount",0.066,-0.082,0.095,0.044,0.000,0.000,0,,0,,,,395605,267.01,0
905,2172.345,"Mount",0.219,0.013,0.191,-0.107,0.120,0.000,39,W,0,,,,406886,262.32,0
906,2174.774,"Mount",-0.120,0.357,-0.264,-0.268,-0.158,0.000,51,E,0,,,,414551,286.37,0
907,2177.005,"Mount",0.256,0.041,0.212,-0.149,0.122,0.000,40,W,0,,,,382549,248.68,0
908,2179.327,"Mount",0.099,0.129,0.032,-0.159,0.000,0.000,0,,0,,,,417211,290.13,0
909,2181.651,"Mount",0.038,0.094,-0.007,-0.101,0.000,0.000,0,,0,,,,379033,250.45,0
910,2184.149,"Mount",-0.186,0.224,-0.266,-0.119,-0.167,0.000,54,E,0,,,,401863,281.71,0
911,2186.431,"Mount",-0.262,0.061,-0.262,0.060,-0.177,0.000,57,E,0,,,,391265,292.87,0
912,2188.735,"Mount",0.165,0.070,0.117,-0.135,0.000,0.000,0,,0,,,,391475,291.57,0
913,2190.994,"Mount",0.029,-0.087,0.064,0.065,0.000,0.000,0,,0,,,,398622,264.71,0
914,2193.462,"Mount",0.299,0.234,0.166,-0.341,0.105,0.000,34,W,0,,,,383148,259.08,0
915,2195.623,"Mount",0.152,0.143,0.074,-0.195,0.000,0.000,0,,0,,,,395701,254.79,0
916,2198.095,"Mount",0.197,0.035,0.161,-0.118,0.102,0.000,33,W,0,,,,368239,254.65,0
917,2200.528,"Mount",0.205,0.112,0.135,-0.191,0.092,0.000,30,W,0,,,,378333,242.36,0
918,2203.206,"Mount",-1.425,0.484,-1.493,0.190,-0.934,0.000,303,E,0,,,,390733,247.66,0
919,2205.528,"Mount",-0.457,0.206,-0.501,0.015,-0.381,0.000,124,E,0,,,,401424,280.63,0
920,2207.925,"Mount",0.128,-0.180,0.194,0.105,0.096,0.000,31,W,0,,,,379514,270.02,0
921,2210.181,"Mount",0.142,-0.066,0.157,-0.003,0.105,0.000,34,W,0,,,,405828,257.03,0
922,2212.654,"Mount",-0.229,0.187,-0.287,-0.067,-0.174,0.000,56,E,0,,,,374505,247.62,0
923,2214.840,"Mount",-0.099,-0.010,-0.084,0.052,0.000,0.000,0,,0,,,,389587,265.80,0
924,2217.264,"Mount",0.028,0.008,0.022,-0.020,0.000,0.000,0,,0,,,,352158,254.62,0
925,2219.610,"Mount",0.317,-0.108,0.332,-0.042,0.209,0.000,68,W,0,,,,365826,266.14,0
926,2222.048,"Mount",0.336,-0.240,0.407,0.069,0.271,0.000,88,W,0,,,,379450,247.48,0
927,2224.183,"Mount",0.070,-0.050,0.085,0.014,0.000,0.000,0,,0,,,,381740,255.84,0
928,2226.614,"Mount",0.046,0.066,0.013,-0.079,0.000,0.000,0,,0,,,,386182,266.10,0
929,2228.929,"Mount",-0.140,0.077,-0.159,-0.008,-0.100,0.000,33,E,0,,,,376910,274.93,0
930,2231.253,"Mount",0.125,0.036,0.097,-0.087,0.000,0.000,0,,0,,,,400555,281.47,0
931,2233.550,"Mount",0.125,-0.088,0.151,0.024,0.095,0.000,31,W,0,,,,411032,283.41,0
932,2235.906,"Mount",0.041,0.041,0.019,-0.055,0.000,0.000,0,,0,,,,372400,258.44,0
933,2238.133,"Mount",0.126,0.011,0.108,-0.065,0.000,0.000,0,,0,,,,366216,238.59,0
934,2240.670,"Mount",0.321,-0.137,0.348,-0.018,0.219,0.000,71,W,0,,,,418689,284.98,0
935,2242.942,"Mount",0.213,-0.119,0.244,0.014,0.169,0.000,55,W,0,,,,404061,270.30,0
936,2245.274,"Mount",-0.061,0.012,-0.060,0.016,0.000,0.000,0,,0,,,,382721,273.44,0
937,2247.499,"Mount",-0.112,0.041,-0.118,0.012,0.000,0.000,0,,0,,,,378371,248.15,0
938,2249.945,"Mount",-0.066,0.083,-0.096,-0.046,0.000,0.000,0,,0,,,,388911,265.32,0
939,2252.361,"Mount",-0.191,0.245,-0.279,-0.136,-0.176,0.000,57,E,0,,,,395551,281.65,0
940,2254.899,"Mount",0.501,-0.441,0.644,0.177,0.393,0.000,128,W,0,,,,401397,267.66,0
941,2257.053,"Mount",0.028,0.023,0.015,-0.033,0.000,0.000,0,,0,,,,364387,250.25,0
942,2259.433,"Mount",0.022,0.067,-0.010,-0.070,0.000,0.000,0,,0,,,,372156,256.01,0
943,2261.766,"Mount",-0.299,-0.010,-0.264,0.141,-0.166,0.000,54,E,0,,,,404359,290.24,0
944,2264.265,"Mount",0.331,-0.288,0.423,0.114,0.255,0.000,83,W,0,,,,368426,256.92,0
945,2266.440,"Mount",0.053,0.045,0.028,-0.064,0.000,0.000,0,,0,,,,374451,248.11,0
946,2268.879,"Mount",-0.104,0.015,-0.100,0.033,0.000,0.000,0,,0,,,,418928,300.78,0
947,2271.240,"Mount",-0.285,0.013,-0.262,0.113,-0.165,0.000,54,E,0,,,,372181,248.71,0
948,2273.662,"Mount",-0.346,0.135,-0.370,0.030,-0.245,0.000,79,E,0,,,,378973,261.27,0
949,2275.914,"Mount",-0.318,0.035,-0.301,0.108,-0.207,0.000,67,E,0,,,,379975,276.75,0
950,2278.230,"Mount",0.002,-0.174,0.078,0.155,0.000,0.000,0,,0,,,,393302,267.14,0
951,2280.496,"Mount",-0.003,-0.035,0.013,0.033,0.000,0.000,0,,0,,,,387379,247.11,0
952,2283.006,"Mount",0.060,-0.204,0.144,0.157,0.091,0.000,29,W,0,,,,400167,242.13,0
953,2285.187,"Mount",0.027,-0.184,0.105,0.153,0.000,0.000,0,,0,,,,406790,282.84,0
954,2287.935,"Mount",0.579,-0.625,0.795,0.308,0.501,0.308,162,W,65,S,,,366927,222.07,0
955,2290.198,"Mount",-0.232,-0.181,-0.129,0.265,0.000,0.265,0,,56,S,,,385339,260.42,0
956,2292.670,"Mount",-0.346,0.222,-0.408,-0.047,-0.257,0.000,83,E,0,,,,398275,266.49,0
957,2294.931,"Mount",-0.128,0.085,-0.152,-0.021,-0.114,0.000,37,E,0,,,,416128,271.48,0
958,2297.254,"Mount",-0.054,0.132,-0.106,-0.095,0.000,0.000,0,,0,,,,377495,271.41,0
959,2299.552,"Mount",-0.138,0.208,-0.215,-0.126,-0.136,0.000,44,E,0,,,,403618,276.78,0
960,2301.999,"Mount",-0.151,0.280,-0.258,-0.185,-0.172,0.000,56,E,0,,,,369483,271.12,0
961,2304.359,"Mount",-0.142,0.233,-0.230,-0.147,-0.157,0.000,51,E,0,,,,396906,281.88,0
962,2306.666,"Mount",0.059,0.010,0.048,-0.035,0.000,0.000,0,,0,,,,385072,269.27,0
963,2309.007,"Mount",0.241,-0.132,0.274,0.012,0.173,0.000,56,W,0,,,,395767,249.21,0
964,2311.430,"Mount",-0.403,0.038,-0.378,0.143,-0.226,0.000,73,E,0,,,,381103,286.60,0
965,2313.694,"Mount",-0.285,0.076,-0.289,0.057,-0.198,0.000,64,E,0,,,,366064,247.26,0
966,2315.997,"Mount",0.005,-0.018,0.013,0.014,0.000,0.000,0,,0,,,,357328,247.95,0
967,2318.232,"Mount",-0.026,-0.111,0.025,0.111,0.000,0.000,0,,0,,,,389385,244.40,0
968,2320.734,"Mount",-0.122,0.087,-0.148,-0.024,-0.093,0.000,30,E,0,,,,403772,252.43,0
969,2323.062,"Mount",-0.122,0.183,-0.190,-0.111,-0.127,0.000,41,E,0,,,,411716,284.53,0
970,2325.439,"Mount",-0.019,0.051,-0.040,-0.037,0.000,0.000,0,,0,,,,365521,237.99,0
971,2327.750,"Mount",0.265,-0.035,0.254,-0.084,0.160,0.000,52,W,0,,,,412412,266.18,0
972,2330.134,"Mount",-0.089,0.170,-0.154,-0.114,-0.086,0.000,28,E,0,,,,374535,253.42,0
973,2332.448,"Mount",0.259,0.031,0.219,-0.141,0.132,0.000,43,W,0,,,,379895,260.96,0
974,2334.934,"Mount",-0.383,0.172,-0.419,0.014,-0.255,0.000,83,E,0,,,,420489,303.86,0
975,2337.158,"Mount",-0.159,0.076,-0.176,0.002,-0.129,0.000,42,E,0,,,,397719,289.66,0
976,2339.460,"Mount",-0.037,0.006,-0.036,0.011,0.000,0.000,0,,0,,,,388553,267.86,0
977,2341.699,"Mount",0.012,0.045,-0.009,-0.045,0.000,0.000,0,,0,,,,404379,276.61,0
978,2344.108,"Mount",0.014,0.012,0.007,-0.017,0.000,0.000,0,,0,,,,380055,253.69,0
979,2346.342,"Mount",0.033,-0.005,0.032,-0.010,0.000,0.000,0,,0,,,,394026,261.14,0
980,2348.762,"Mount",-0.060,-0.045,-0.034,0.067,0.000,0.000,0,,0,,,,361393,255.68,0
981,2350.987,"Mount",-0.031,-0.016,-0.021,0.028,0.000,0.000,0,,0,,,,403646,270.51,0
982,2353.487,"Mount",-0.245,0.183,-0.301,-0.056,-0.189,0.000,61,E,0,,,,356029,243.73,0
983,2355.772,"Mount",-0.112,0.121,-0.153,-0.060,-0.110,0.000,36,E,0,,,,428270,266.50,0
984,2358.111,"Mount",-0.029,0.006,-0.029,0.008,0.000,0.000,0,,0,,,,409498,278.39,0
985,2360.395,"Mount",0.025,-0.022,0.032,0.009,0.000,0.000,0,,0,,,,361425,233.50,0
986,2362.928,"Mount",-0.289,0.073,-0.291,0.062,-0.184,0.000,60,E,0,,,,390847,269.51,0
987,2365.206,"Mount",0.142,-0.022,0.137,-0.043,0.074,0.000,24,W,0,,,,385740,260.79,0
988,2367.532,"Mount",0.008,-0.023,0.017,0.018,0.000,0.000,0,,0,,,,381520,240.59,0
989,2369.805,"Mount",-0.016,-0.106,0.032,0.102,0.000,0.000,0,,0,,,,378786,251.68,0
990,2372.542,"Mount",0.364,-0.538,0.563,0.324,0.354,0.324,115,W,68,S,,,390613,248.14,0
991,2374.712,"Mount",-0.000,-0.033,0.014,0.030,0.000,0.000,0,,0,,,,361634,217.55,0
992,2377.160,"Mount",0.036,0.001,0.032,-0.016,0.000,0.000,0,,0,,,,416497,270.88,0
993,2379.395,"Mount",0.050,0.258,-0.068,-0.254,0.000,0.000,0,,0,,,,378179,262.08,0
994,2381.782,"Mount",-0.006,0.239,-0.111,-0.212,0.000,0.000,0,,0,,,,364528,222.52,0
995,2384.102,"Mount",-0.247,0.242,-0.328,-0.109,-0.206,0.000,67,E,0,,,,369869,266.03,0
996,2386.446,"Mount",0.117,0.032,0.091,-0.080,0.000,0.000,0,,0,,,,382024,285.84,0
997,2388.780,"Mount",-0.117,0.219,-0.201,-0.146,-0.127,0.000,41,E,0,,,,400187,286.80,0
998,2391.198,"Mount",0.173,-0.109,0.203,0.022,0.119,0.000,39,W,0,,,,381907,254.77,0
999,2393.384,"Mount",-0.070,0.031,-0.077,0.003,0.000,0.000,0,,0,,,,348351,231.52,0
1000,2395.830,"Mount",0.109,-0.083,0.134,0.026,0.085,0.000,27,W,0,,,,404595,262.03,0
1001,2398.102,"Mount",-0.105,0.139,-0.155,-0.078,-0.092,0.000,30,E,0,,,,364617,256.00,0
1002,2400.585,"Mount",-0.061,0.182,-0.135,-0.137,-0.092,0.000,30,E,0,,,,373427,246.44,0
1003,2402.731,"Mount",0.076,0.044,0.049,-0.073,0.000,0.000,0,,0,,,,384106,272.26,0
1004,2405.310,"Mount",0.283,-0.020,0.263,-0.106,0.166,0.000,54,W,0,,,,369847,247.59,0
1005,2407.543,"Mount",-0.170,0.096,-0.194,-0.012,-0.111,0.000,36,E,0,,,,416109,283.78,0
1006,2409.902,"Mount",-0.058,-0.047,-0.032,0.068,0.000,0.000,0,,0,,,,406363,300.96,0
1007,2412.226,"Mount",-0.203,0.011,-0.187,0.079,-0.118,0.000,38,E,0,,,,386315,255.97,0
1008,2414.686,"Mount",0.354,-0.112,0.368,-0.054,0.223,0.000,72,W,0,,,,400037,265.66,0
1009,2416.830,"Mount",0.063,0.051,0.034,-0.073,0.000,0.000,0,,0,,,,400794,273.47,0
1010,2419.320,"Mount",-0.159,0.194,-0.229,-0.105,-0.144,0.000,47,E,0,,,,375655,263.48,0
1011,2421.549,"Mount",-0.204,0.121,-0.237,-0.019,-0.159,0.000,52,E,0,,,,410081,286.76,0
1012,2423.870,"Mount",-0.095,0.077,-0.119,-0.027,0.000,0.000,0,,0,,,,383554,258.40,0
1013,2426.260,"Mount",-0.283,0.208,-0.346,-0.063,-0.218,0.000,71,E,0,,,,407459,256.09,0
1014,2428.719,"Mount",-0.103,0.163,-0.164,-0.101,-0.118,0.000,38,E,0,,,,405496,295.28,0
1015,2430.876,"Mount",-0.067,0.056,-0.085,-0.021,0.000,0.000,0,,0,,,,361946,251.80,0
1016,2433.305,"Mount",0.055,-0.184,0.130,0.141,0.000,0.000,0,,0,,,,405705,260.81,0
1017,2435.609,"Mount",0.171,-0.095,0.195,0.011,0.123,0.000,40,W,0,,,,413738,254.00,0
1018,2437.912,"Mount",0.087,-0.066,0.107,0.021,0.000,0.000,0,,0,,,,383798,246.63,0
1019,2440.157,"Mount",0.106,0.070,0.065,-0.110,0.000,0.000,0,,0,,,,397352,252.02,0
1020,2442.727,"Mount",-0.416,0.168,-0.448,0.032,-0.282,0.000,91,E,0,,,,398963,266.33,0
1021,2444.966,"Mount",-0.192,0.095,-0.214,-0.001,-0.155,0.000,50,E,0,,,,383709,259.49,0
1022,2447.358,"Mount",-0.288,-0.001,-0.258,0.127,-0.173,0.000,56,E,0,,,,401822,272.05,0
1023,2449.673,"Mount",-0.192,0.114,-0.222,-0.018,-0.152,0.000,49,E,0,,,,372759,271.59,0
1024,2452.126,"Mount",-0.137,0.157,-0.192,-0.081,-0.131,0.000,43,E,0,,,,378630,285.84,0
1025,2454.401,"Mount",-0.265,0.054,-0.262,0.067,-0.174,0.000,56,E,0,,,,381651,300.23,0
1026,2456.704,"Mount",-0.134,-0.100,-0.077,0.148,0.000,0.000,0,,0,,,,403798,259.26,0
1027,2458.926,"Mount",-0.004,-0.158,0.065,0.144,0.000,0.000,0,,0,,,,390915,295.75,0
1028,2461.338,"Mount",-0.029,0.050,-0.048,-0.032,0.000,0.000,0,,0,,,,358341,250.97,0
1029,2463.702,"Mount",-0.435,0.092,-0.431,0.108,-0.272,0.000,88,E,0,,,,382196,249.66,0
1030,2466.086,"Mount",-0.201,-0.020,-0.172,0.106,-0.127,0.000,41,E,0,,,,378202,258.56,0
1031,2468.335,"Mount",-0.096,-0.198,0.001,0.220,0.000,0.220,0,,46,S,,,397408,252.82,0
1032,2470.660,"Mount",0.013,0.236,-0.092,-0.217,0.000,0.000,0,,0,,,,369767,238.76,0
1033,2472.910,"Mount",0.075,0.086,0.030,-0.110,0.000,0.000,0,,0,,,,381731,281.61,0
1034,2475.450,"Mount",-0.207,0.197,-0.273,-0.086,-0.172,0.000,56,E,0,,,,414197,270.33,0
1035,2477.591,"Mount",0.005,-0.025,0.016,0.020,0.000,0.000,0,,0,,,,357413,256.88,0
1036,2480.086,"Mount",-0.162,-0.031,-0.132,0.099,-0.083,0.000,27,E,0,,,,401977,290.72,0
1037,2482.359,"Mount",0.140,-0.187,0.209,0.107,0.126,0.000,41,W,0,,,,371477,283.07,0
1038,2484.874,"Mount",-0.349,0.317,-0.453,-0.131,-0.276,0.000,90,E,0,,,,391085,264.63,0
1039,2487.178,"Mount",-0.353,0.067,-0.347,0.094,-0.238,0.000,77,E,0,,,,412613,292.88,0
1040,2489.566,"Mount",-0.128,0.058,-0.140,0.004,-0.105,0.000,34,E,0,,,,398259,303.46,0
1041,2491.708,"Mount",0.024,-0.003,0.023,-0.007,0.000,0.000,0,,0,,,,396764,283.10,0
1042,2494.225,"Mount",0.092,-0.195,0.168,0.134,0.106,0.000,34,W,0,,,,401185,251.98,0
1043,2496.413,"Mount",0.144,0.033,0.115,-0.093,0.000,0.000,0,,0,,,,374801,236.33,0
1044,2498.950,"Mount",0.354,-0.082,0.354,-0.082,0.223,0.000,72,W,0,,,,378373,250.60,0
1045,2501.102,"Mount",0.060,-0.000,0.054,-0.026,0.000,0.000,0,,0,,,,394902,264.61,0
1046,2503.694,"Mount",-0.533,0.198,-0.566,0.056,-0.356,0.000,116,E,0,,,,378703,246.59,0
1047,2505.845,"Mount",-0.074,-0.029,-0.054,0.059,0.000,0.000,0,,0,,,,410571,274.42,0
1048,2508.422,"Mount",-0.292,-0.035,-0.248,0.159,-0.156,0.000,51,E,0,,,,364690,250.24,0
1049,2510.944,"Mount",-0.205,0.015,-0.191,0.077,-0.131,0.000,43,E,0,,,,386950,250.83,0
1050,2513.284,"Mount",-0.064,0.046,-0.078,-0.014,0.000,0.000,0,,0,,,,375742,275.08,0
1051,2515.600,"Mount",0.035,-0.042,0.050,0.022,0.000,0.000,0,,0,,,,370226,250.05,0
INFO: SET LOCK POSITION, new lock pos = 1085.140, 492.258
INFO: DITHER by 0.394, -3.577, new lock pos = 1087.064, 495.300
INFO: SETTLING STATE CHANGE, Settling started
1052,2520.054,"Mount",-1.923,-3.041,-0.394,3.577,-0.394,3.577,128,E,751,S,,,393076,256.28,0
1053,2523.788,"Mount",0.853,-1.709,1.516,1.161,0.955,1.161,310,W,244,S,,,397211,285.02,0
1054,2526.892,"Mount",0.132,-0.896,0.512,0.747,0.390,0.747,126,W,157,S,,,394733,245.46,0
1055,2531.302,"Mount",-0.714,2.051,-1.542,-1.529,-0.944,-1.529,306,E,1554,N,,,382976,261.64,0
1056,2533.958,"Mount",0.446,1.050,-0.060,-1.139,0.000,-1.139,0,,239,N,,,385336,257.76,0
1057,2536.758,"Mount",0.332,1.048,-0.161,-1.087,-0.101,-1.087,33,E,228,N,,,367216,269.64,0
1058,2539.350,"Mount",0.351,0.398,0.140,-0.512,0.081,-0.512,26,W,107,N,,,395712,274.99,0
1059,2541.966,"Mount",0.841,0.270,0.638,-0.611,0.407,-0.611,132,W,128,N,,,374239,252.97,0
1060,2544.576,"Mount",0.246,0.502,0.000,-0.559,0.000,-0.559,0,,117,N,,,395557,284.74,0
INFO: SETTLING STATE CHANGE, Settling complete
1061,2546.974,"Mount",0.046,0.296,-0.089,-0.287,0.000,-0.287,0,,60,N,,,382575,246.54,0
1062,2549.586,"Mount",-0.475,-0.041,-0.409,0.245,-0.258,0.000,84,E,0,,,,397642,252.26,0
1063,2551.919,"Mount",-0.537,-0.246,-0.374,0.457,-0.254,0.000,82,E,0,,,,371685,236.28,0
1064,2554.535,"Mount",0.643,-0.467,0.783,0.137,0.475,0.000,154,W,0,,,,384858,269.63,0
1065,2557.212,"Mount",0.199,-0.356,0.335,0.232,0.244,0.000,79,W,0,,,,440403,328.50,0
1066,2559.808,"Mount",-0.075,0.186,-0.149,-0.134,-0.077,0.000,25,E,0,,,,394269,273.77,0
1067,2562.222,"Mount",-0.248,-0.129,-0.166,0.225,-0.110,0.000,36,E,0,,,,391725,256.54,0
1068,2564.832,"Mount",0.506,-0.458,0.656,0.190,0.405,0.000,132,W,0,,,,379427,281.59,0
1069,2568.523,"Mount",-0.137,-0.247,-0.015,0.282,0.000,0.282,0,,1331,S,,,415208,287.82,0
1070,2571.157,"Mount",-0.285,0.334,-0.403,-0.175,-0.254,0.000,82,E,0,,,,386019,272.37,0
1071,2573.530,"Mount",-0.084,0.170,-0.150,-0.116,-0.112,0.000,36,E,0,,,,374263,253.84,0
1072,2576.095,"Mount",-0.371,0.289,-0.461,-0.097,-0.298,0.000,97,E,0,,,,408540,303.79,0
1073,2578.317,"Mount",0.038,0.163,-0.037,-0.163,0.000,0.000,0,,0,,,,406462,258.77,0
1074,2580.810,"Mount",0.181,0.144,0.099,-0.208,0.000,0.000,0,,0,,,,363090,251.31,0
1075,2583.447,"Mount",0.547,0.099,0.448,-0.329,0.283,0.000,92,W,0,,,,386415,283.62,0
1076,2586.102,"Mount",0.286,-0.259,0.370,0.107,0.253,0.000,82,W,0,,,,413357,277.04,0
1077,2588.780,"Mount",0.243,0.018,0.211,-0.123,0.150,0.000,49,W,0,,,,405709,289.55,0
1078,2591.424,"Mount",-0.894,0.731,-1.124,-0.264,-0.698,0.000,226,E,0,,,,394348,241.51,0
1079,2593.806,"Mount",-0.551,0.474,-0.703,-0.184,-0.492,0.000,159,E,0,,,,384039,288.02,0
1080,2597.703,"Mount",0.300,0.246,0.162,-0.352,0.067,-0.352,22,W,1346,N,,,377614,249.62,0
1081,2600.438,"Mount",-0.340,0.262,-0.421,-0.087,-0.260,0.000,84,E,0,,,,393430,271.68,0
1082,2603.088,"Mount",-0.535,0.061,-0.507,0.180,-0.338,0.000,110,E,0,,,,371906,232.31,0
1083,2605.655,"Mount",0.032,-0.347,0.181,0.298,0.090,0.000,29,W,0,,,,373203,252.42,0
1084,2608.054,"Mount",-0.234,-0.193,-0.126,0.276,0.000,0.000,0,,0,,,,414578,254.24,0
1085,2612.256,"Mount",-0.875,-0.561,-0.541,0.888,-0.341,0.888,110,E,1459,S,,,398433,260.85,0
1086,2614.828,"Mount",-0.288,-0.303,-0.126,0.398,0.000,0.398,0,,84,S,,,386776,247.60,0
1087,2617.356,"Mount",0.278,0.046,0.230,-0.163,0.145,0.000,47,W,0,,,,398558,261.09,0
1088,2619.752,"Mount",0.017,0.143,-0.048,-0.136,0.000,0.000,0,,0,,,,368621,234.23,0
1089,2622.316,"Mount",-0.067,0.368,-0.221,-0.301,-0.140,0.000,45,E,0,,,,381573,252.51,0
1090,2624.822,"Mount",0.247,0.180,0.142,-0.270,0.080,0.000,26,W,0,,,,393505,249.70,0
1091,2627.444,"Mount",-0.106,0.227,-0.195,-0.157,-0.117,0.000,38,E,0,,,,374459,277.24,0
1092,2629.958,"Mount",0.325,0.018,0.285,-0.159,0.171,0.000,55,W,0,,,,400417,259.91,0
1093,2632.183,"Mount",0.006,0.107,-0.041,-0.099,0.000,0.000,0,,0,,,,393337,293.15,0
1094,2635.013,"Mount",-0.580,0.808,-0.876,-0.471,-0.552,0.000,179,E,0,,,,386284,262.42,0
1095,2639.022,"Mount",-0.025,0.483,-0.235,-0.423,-0.187,-0.423,61,E,1361,N,,,376630,257.54,0
1096,2641.486,"Mount",-0.591,0.059,-0.557,0.206,-0.364,0.000,118,E,0,,,,403725,284.14,0
1097,2643.623,"Mount",-0.075,-0.397,0.107,0.389,0.000,0.000,0,,0,,,,384756,254.83,0
1098,2646.182,"Mount",0.549,-0.471,0.700,0.182,0.441,0.000,143,W,0,,,,396911,242.97,0
1099,2648.550,"Mount",0.186,-0.343,0.317,0.227,0.231,0.000,75,W,0,,,,371558,260.60,0
1100,2651.014,"Mount",-0.558,0.071,-0.532,0.181,-0.319,0.000,104,E,0,,,,388679,249.48,0
1101,2653.310,"Mount",-0.670,-0.210,-0.509,0.483,-0.343,0.000,111,E,0,,,,393326,239.10,0
1102,2655.758,"Mount",0.067,-0.287,0.186,0.228,0.093,0.000,30,W,0,,,,383633,261.46,0
1103,2659.454,"Mount",-0.013,-0.355,0.144,0.325,0.098,0.325,32,W,1340,S,,,399577,258.80,0
1104,2661.771,"Mount",-0.119,-0.113,-0.057,0.154,0.000,0.000,0,,0,,,,395194,283.58,0
1105,2664.242,"Mount",-0.439,-0.078,-0.361,0.263,-0.227,0.263,74,E,55,S,,,380706,255.91,0
1106,2666.567,"Mount",-0.081,0.042,-0.091,-0.003,0.000,0.000,0,,0,,,,388305,272.71,0
1107,2668.887,"Mount",0.159,-0.068,0.173,-0.009,0.109,0.000,35,W,0,,,,391420,275.30,0
1108,2671.319,"Mount",0.335,-0.151,0.367,-0.012,0.239,0.000,78,W,0,,,,408334,296.51,0
1109,2673.573,"Mount",0.291,-0.120,0.314,-0.020,0.215,0.000,70,W,0,,,,366303,238.85,0
1110,2675.934,"Mount",-0.173,-0.015,-0.149,0.090,-0.079,0.000,26,E,0,,,,366036,256.06,0
1111,2678.166,"Mount",-0.193,-0.094,-0.133,0.169,-0.089,0.000,29,E,0,,,,391043,254.12,0
1112,2680.661,"Mount",-0.355,0.121,-0.372,0.047,-0.240,0.000,78,E,0,,,,377930,260.61,0
1113,2682.813,"Mount",0.073,-0.002,0.067,-0.030,0.000,0.000,0,,0,,,,405051,249.26,0
1114,2685.328,"Mount",-0.118,-0.165,-0.034,0.201,0.000,0.201,0,,42,S,,,374902,262.56,0
1115,2687.467,"Mount",0.072,0.015,0.058,-0.046,0.000,0.000,0,,0,,,,376509,251.00,0
1116,2689.876,"Mount",0.068,-0.057,0.086,0.021,0.000,0.000,0,,0,,,,383608,258.49,0
1117,2692.248,"Mount",0.355,-0.105,0.365,-0.062,0.230,0.000,75,W,0,,,,376296,271.25,0
1118,2694.575,"Mount",-0.113,-0.163,-0.030,0.196,0.000,0.000,0,,0,,,,405226,269.19,0
1119,2696.824,"Mount",-0.063,0.122,-0.110,-0.082,0.000,0.000,0,,0,,,,382157,254.54,0
1120,2699.342,"Mount",-0.428,0.080,-0.420,0.116,-0.265,0.000,86,E,0,,,,362319,235.67,0
1121,2701.598,"Mount",-0.293,0.256,-0.375,-0.102,-0.255,0.000,83,E,0,,,,387316,258.98,0
1122,2703.992,"Mount",-0.153,-0.004,-0.136,0.071,-0.104,0.000,34,E,0,,,,376871,261.21,0
1123,2706.206,"Mount",0.239,0.063,0.187,-0.161,0.110,0.000,36,W,0,,,,402221,265.01,0
1124,2708.674,"Mount",-0.163,-0.185,-0.066,0.238,0.000,0.238,0,,50,S,,,409693,271.46,0
1125,2710.821,"Mount",0.099,-0.065,0.118,0.015,0.000,0.000,0,,0,,,,402718,266.41,0
1126,2713.226,"Mount",0.077,-0.110,0.117,0.065,0.000,0.000,0,,0,,,,354163,247.93,0
1127,2715.598,"Mount",0.319,-0.184,0.367,0.025,0.231,0.000,75,W,0,,,,411721,264.17,0
1128,2717.905,"Mount",-0.025,-0.034,-0.007,0.042,0.000,0.000,0,,0,,,,404148,280.02,0
1129,2720.273,"Mount",-0.218,-0.099,-0.153,0.184,-0.096,0.000,31,E,0,,,,377475,282.34,0
1130,2722.702,"Mount",-0.255,0.064,-0.257,0.055,-0.169,0.000,55,E,0,,,,405271,261.31,0
1131,2725.254,"Mount",-0.404,-0.057,-0.338,0.228,-0.225,0.228,73,E,48,S,,,391655,292.14,0
1132,2727.655,"Mount",-0.044,-0.216,0.055,0.213,0.000,0.213,0,,45,S,,,391551,254.38,0
1133,2729.841,"Mount",-0.052,-0.098,-0.004,0.111,0.000,0.000,0,,0,,,,380937,266.83,0
1134,2732.432,"Mount",0.454,-0.266,0.524,0.040,0.330,0.000,107,W,0,,,,384598,259.16,0
1135,2734.806,"Mount",0.026,-0.247,0.131,0.211,0.106,0.211,34,W,44,S,,,386848,273.11,0
1136,2737.190,"Mount",-0.131,-0.191,-0.034,0.229,0.000,0.229,0,,48,S,,,343129,214.74,0
1137,2739.565,"Mount",0.321,-0.128,0.344,-0.026,0.217,0.000,70,W,0,,,,400392,327.50,0
1138,2742.039,"Mount",-0.269,-0.094,-0.201,0.203,-0.111,0.203,36,E,43,S,,,381095,248.28,0
1139,2744.181,"Mount",-0.072,0.132,-0.122,-0.087,0.000,0.000,0,,0,,,,389981,275.71,0
1140,2746.645,"Mount",0.083,0.194,-0.010,-0.211,0.000,0.000,0,,0,,,,400555,254.17,0
1141,2748.991,"Mount",-0.175,0.077,-0.191,0.008,-0.120,0.000,39,E,0,,,,370104,265.14,0
1142,2751.348,"Mount",0.116,0.078,0.070,-0.121,0.000,0.000,0,,0,,,,368804,265.56,0
1143,2753.594,"Mount",-0.064,-0.153,0.010,0.165,0.000,0.000,0,,0,,,,361934,245.38,0
1144,2756.018,"Mount",-0.117,-0.036,-0.090,0.083,0.000,0.000,0,,0,,,,385814,255.56,0
1145,2758.372,"Mount",-0.106,0.160,-0.166,-0.097,-0.105,0.000,34,E,0,,,,392095,302.71,0
1146,2760.814,"Mount",0.478,0.132,0.372,-0.328,0.227,0.000,74,W,0,,,,384136,266.71,0
1147,2763.058,"Mount",-0.288,0.003,-0.260,0.124,-0.148,0.000,48,E,0,,,,398817,274.78,0
1148,2765.518,"Mount",-0.272,0.104,-0.290,0.026,-0.193,0.000,63,E,0,,,,388933,289.15,0
1149,2767.966,"Mount",-1.046,0.348,-1.093,0.147,-0.702,0.000,228,E,0,,,,371172,225.47,0
1150,2770.599,"Mount",0.654,-0.572,0.839,0.226,0.479,0.226,156,W,48,S,,,382918,250.30,0
1151,2772.958,"Mount",0.189,0.016,0.163,-0.097,0.136,0.000,44,W,0,,,,386607,252.07,0
1152,2775.312,"Mount",-0.106,0.017,-0.103,0.031,0.000,0.000,0,,0,,,,372014,237.18,0
1153,2777.564,"Mount",0.126,0.009,0.109,-0.064,0.000,0.000,0,,0,,,,391190,260.93,0
1154,2780.057,"Mount",0.287,0.061,0.231,-0.180,0.145,0.000,47,W,0,,,,397347,266.65,0
1155,2782.206,"Mount",0.187,0.104,0.122,-0.175,0.000,0.000,0,,0,,,,376056,257.00,0
1156,2784.666,"Mount",-0.057,0.094,-0.093,-0.060,0.000,0.000,0,,0,,,,392106,262.73,0
1157,2786.890,"Mount",0.154,0.206,0.048,-0.253,0.000,0.000,0,,0,,,,387021,270.37,0
1158,2789.408,"Mount",-0.193,0.151,-0.240,-0.051,-0.151,0.000,49,E,0,,,,392385,252.39,0
1159,2791.733,"Mount",0.317,-0.112,0.334,-0.038,0.200,0.000,65,W,0,,,,415405,274.05,0
1160,2794.169,"Mount",-0.127,0.159,-0.184,-0.087,-0.102,0.000,33,E,0,,,,400334,302.07,0
1161,2796.317,"Mount",-0.052,-0.063,-0.019,0.079,0.000,0.000,0,,0,,,,372320,267.56,0
1162,2798.896,"Mount",0.458,-0.044,0.430,-0.161,0.271,0.000,88,W,0,,,,381652,249.44,0
1163,2801.226,"Mount",0.533,-0.203,0.568,-0.051,0.377,0.000,122,W,0,,,,394405,281.29,0
1164,2803.724,"Mount",-0.283,0.092,-0.295,0.041,-0.159,0.000,52,E,0,,,,374236,248.94,0
1165,2806.012,"Mount",-0.317,-0.061,-0.258,0.194,-0.174,0.000,56,E,0,,,,374825,229.81,0
1166,2808.477,"Mount",-0.126,0.069,-0.144,-0.006,-0.103,0.000,33,E,0,,,,377020,244.97,0
1167,2810.765,"Mount",0.273,-0.069,0.275,-0.057,0.166,0.000,54,W,0,,,,369632,243.92,0
1168,2813.097,"Mount",-0.155,-0.111,-0.091,0.167,0.000,0.000,0,,0,,,,375259,244.73,0
1169,2815.493,"Mount",0.138,-0.135,0.183,0.060,0.115,0.000,37,W,0,,,,362877,265.20,0
1170,2817.933,"Mount",0.115,-0.117,0.154,0.055,0.105,0.000,34,W,0,,,,377602,246.60,0
1171,2820.247,"Mount",0.362,-0.144,0.388,-0.029,0.252,0.000,82,W,0,,,,344777,238.00,0
1172,2822.758,"Mount",0.645,-0.402,0.756,0.078,0.494,0.000,160,W,0,,,,398784,269.95,0
1173,2824.931,"Mount",0.031,-0.135,0.087,0.108,0.000,0.000,0,,0,,,,403064,269.35,0
1174,2827.544,"Mount",-0.349,-0.216,-0.219,0.347,-0.138,0.347,45,E,73,S,,,381566,280.45,0
1175,2829.945,"Mount",-0.236,-0.308,-0.077,0.380,0.000,0.380,0,,80,S,,,391275,250.22,0
1176,2832.367,"Mount",0.417,0.323,0.233,-0.473,0.147,0.000,48,W,0,,,,390744,239.57,0
1177,2834.776,"Mount",0.013,0.422,-0.174,-0.385,-0.099,0.000,32,E,0,,,,385228,261.98,0
1178,2837.223,"Mount",0.379,0.027,0.329,-0.190,0.200,0.000,65,W,0,,,,396911,267.18,0
1179,2839.521,"Mount",-0.193,0.467,-0.379,-0.335,-0.225,0.000,73,E,0,,,,372192,252.68,0
1180,2842.118,"Mount",1.279,-0.163,1.221,-0.415,0.753,0.000,244,W,0,,,,386828,249.04,0
1181,2845.990,"Mount",0.689,0.311,0.483,-0.582,0.357,-0.582,116,W,1442,N,,,376414,256.63,0
1182,2848.630,"Mount",-1.292,0.666,-1.453,-0.031,-0.890,0.000,289,E,0,,,,383388,272.73,0
1183,2850.918,"Mount",-0.446,-0.009,-0.397,0.204,-0.313,0.000,101,E,0,,,,405424,260.64,0
1184,2853.484,"Mount",0.579,0.037,0.504,-0.287,0.296,-0.287,96,W,60,N,,,383333,246.06,0
1185,2855.846,"Mount",0.318,0.049,0.264,-0.184,0.187,0.000,61,W,0,,,,362156,243.29,0
1186,2858.262,"Mount",0.086,0.281,-0.046,-0.290,0.000,-0.290,0,,61,N,,,369373,267.60,0
1187,2860.438,"Mount",-0.095,0.066,-0.114,-0.018,0.000,0.000,0,,0,,,,393771,262.63,0
1188,2862.835,"Mount",-0.267,-0.386,-0.070,0.464,0.000,0.000,0,,0,,,,399254,264.63,0
1189,2865.246,"Mount",0.047,-0.533,0.276,0.458,0.174,0.000,57,W,0,,,,346268,245.41,0
1190,2867.718,"Mount",-0.065,0.278,-0.180,-0.222,-0.101,-0.222,33,E,47,N,,,397386,284.20,0
1191,2869.994,"Mount",-0.097,0.191,-0.171,-0.129,-0.115,0.000,37,E,0,,,,382563,259.22,0
1192,2872.515,"Mount",-0.583,0.481,-0.735,-0.176,-0.471,0.000,153,E,0,,,,378033,284.46,0
1193,2874.682,"Mount",-0.086,-0.024,-0.067,0.060,0.000,0.000,0,,0,,,,380336,253.03,0
1194,2877.078,"Mount",0.018,-0.131,0.074,0.110,0.000,0.000,0,,0,,,,376356,272.84,0
1195,2879.306,"Mount",-0.135,-0.220,-0.025,0.257,0.000,0.000,0,,0,,,,362825,241.08,0
1196,2881.783,"Mount",0.103,-0.270,0.211,0.198,0.133,0.000,43,W,0,,,,394246,236.84,0
1197,2884.033,"Mount",0.110,-0.101,0.143,0.043,0.100,0.000,32,W,0,,,,387469,269.76,0
1198,2886.391,"Mount",0.016,-0.152,0.081,0.129,0.000,0.000,0,,0,,,,384485,273.91,0
1199,2888.815,"Mount",0.116,-0.084,0.141,0.025,0.089,0.000,29,W,0,,,,362153,273.34,0
1200,2891.228,"Mount",-0.176,0.170,-0.233,-0.075,-0.140,0.000,46,E,0,,,,392737,288.73,0
1201,2893.494,"Mount",-0.280,0.191,-0.336,-0.049,-0.221,0.000,72,E,0,,,,367379,259.18,0
1202,2895.966,"Mount",-0.693,0.043,-0.641,0.266,-0.419,0.000,136,E,0,,,,418832,264.92,0
1203,2898.258,"Mount",-0.409,-0.040,-0.350,0.215,-0.250,0.000,81,E,0,,,,396027,264.08,0
1204,2900.652,"Mount",0.134,-0.143,0.183,0.070,0.098,0.000,32,W,0,,,,393310,279.92,0
1205,2904.505,"Mount",-0.847,0.008,-0.765,0.365,-0.475,0.365,154,E,1441,S,,,395429,256.08,0
1206,2907.032,"Mount",0.786,0.163,0.635,-0.491,0.367,0.000,119,W,0,,,,381048,256.11,0
1207,2909.193,"Mount",-0.027,-0.053,-0.001,0.059,0.000,0.000,0,,0,,,,402141,267.12,0
1208,2911.974,"Mount",-1.242,0.319,-1.256,0.258,-0.791,0.258,257,E,54,S,,,388441,246.49,0
1209,2914.136,"Mount",-0.044,-0.025,-0.028,0.041,0.000,0.000,0,,0,,,,378797,259.04,0
1210,2916.662,"Mount",0.286,0.028,0.245,-0.151,0.154,0.000,50,W,0,,,,378134,257.10,0
1211,2918.810,"Mount",0.110,0.197,0.013,-0.225,0.000,0.000,0,,0,,,,385039,269.69,0
1212,2921.342,"Mount",-0.357,0.135,-0.380,0.036,-0.239,0.000,78,E,0,,,,388799,231.51,0
1213,2923.572,"Mount",0.180,-0.074,0.195,-0.013,0.106,0.000,34,W,0,,,,400198,243.50,0
1214,2926.038,"Mount",-0.447,0.263,-0.517,-0.040,-0.318,0.000,103,E,0,,,,416361,293.14,0
1215,2928.280,"Mount",-0.122,0.048,-0.130,0.010,-0.104,0.000,34,E,0,,,,382209,275.33,0
1216,2930.690,"Mount",0.237,0.116,0.162,-0.209,0.095,0.000,31,W,0,,,,375437,224.53,0
1217,2932.966,"Mount",0.547,0.164,0.419,-0.388,0.271,0.000,88,W,0,,,,364513,242.18,0
1218,2935.510,"Mount",-0.720,0.441,-0.841,-0.080,-0.511,0.000,166,E,0,,,,400514,272.98,0
1219,2939.319,"Mount",-0.273,0.437,-0.437,-0.272,-0.311,-0.272,101,E,1421,N,,,386241,264.20,0
1220,2941.631,"Mount",0.099,0.124,0.035,-0.155,0.000,0.000,0,,0,,,,383465,249.08,0
1221,2943.950,"Mount",0.148,-0.090,0.172,0.016,0.109,0.000,35,W,0,,,,370451,244.50,0
1222,2946.450,"Mount",0.408,-0.105,0.413,-0.085,0.268,0.000,87,W,0,,,,362942,240.13,0
1223,2948.758,"Mount",0.119,0.174,0.031,-0.209,0.000,-0.209,0,,44,N,,,377404,248.40,0
1224,2951.167,"Mount",0.225,0.072,0.171,-0.164,0.107,0.000,35,W,0,,,,404471,259.23,0
1225,2953.551,"Mount",-0.741,0.552,-0.908,-0.171,-0.565,0.000,183,E,0,,,,401132,262.65,0
1226,2955.895,"Mount",0.034,0.038,0.014,-0.049,0.000,0.000,0,,0,,,,401687,257.44,0
1227,2958.239,"Mount",-0.401,-0.014,-0.355,0.189,-0.223,0.000,72,E,0,,,,372393,248.73,0
1228,2960.665,"Mount",-0.270,-0.057,-0.217,0.170,-0.153,0.000,50,E,0,,,,376263,265.93,0
1229,2962.917,"Mount",-0.364,-0.135,-0.268,0.281,-0.179,0.000,58,E,0,,,,379481,280.10,0
1230,2965.458,"Mount",0.659,-0.170,0.667,-0.137,0.408,0.000,132,W,0,,,,362625,243.31,0
1231,2967.599,"Mount",-0.054,-0.005,-0.046,0.028,0.000,0.000,0,,0,,,,392931,250.24,0
1232,2970.118,"Mount",0.176,-0.320,0.298,0.211,0.188,0.000,61,W,0,,,,379529,259.23,0
1233,2973.889,"Mount",0.035,-0.469,0.237,0.406,0.163,0.406,53,W,1449,S,,,403417,251.87,0
1234,2976.250,"Mount",0.130,-0.001,0.117,-0.056,0.000,0.000,0,,0,,,,366461,268.93,0
1235,2978.528,"Mount",0.213,0.149,0.126,-0.228,0.000,0.000,0,,0,,,,431885,289.95,0
1236,2981.063,"Mount",0.449,-0.016,0.411,-0.182,0.259,0.000,84,W,0,,,,380972,267.01,0
1237,2983.218,"Mount",0.212,0.316,0.051,-0.377,0.000,0.000,0,,0,,,,390782,233.39,0
1238,2985.750,"Mount",-0.369,0.131,-0.389,0.044,-0.245,0.000,79,E,0,,,,375637,247.90,0
1239,2987.975,"Mount",-0.217,0.079,-0.229,0.024,-0.162,0.000,52,E,0,,,,380773,298.99,0
1240,2990.297,"Mount",0.192,0.116,0.122,-0.189,0.000,0.000,0,,0,,,,378895,280.74,0
1241,2992.674,"Mount",0.276,0.145,0.184,-0.252,0.116,0.000,38,W,0,,,,362792,267.28,0
1242,2996.566,"Mount",0.384,0.153,0.278,-0.306,0.183,-0.306,59,W,1428,N,,,406434,264.30,0
1243,2998.714,"Mount",0.054,0.148,-0.016,-0.156,0.000,0.000,0,,0,,,,362868,221.14,0
1244,3001.128,"Mount",0.016,0.162,-0.057,-0.153,0.000,0.000,0,,0,,,,388786,281.72,0
1245,3003.470,"Mount",-0.240,0.115,-0.266,0.001,-0.168,0.000,54,E,0,,,,374550,285.71,0
1246,3005.865,"Mount",0.297,0.057,0.241,-0.181,0.140,0.000,46,W,0,,,,374206,261.92,0
1247,3008.081,"Mount",-0.100,0.109,-0.138,-0.054,-0.077,0.000,25,E,0,,,,397552,279.41,0
1248,3010.536,"Mount",-0.043,-0.012,-0.033,0.030,0.000,0.000,0,,0,,,,365064,230.50,0
1249,3012.916,"Mount",-0.229,0.055,-0.230,0.051,-0.145,0.000,47,E,0,,,,384153,234.43,0
1250,3015.322,"Mount",0.100,-0.106,0.136,0.051,0.076,0.000,24,W,0,,,,376049,245.67,0
1251,3017.474,"Mount",0.098,0.032,0.074,-0.072,0.000,0.000,0,,0,,,,362916,236.08,0
1252,3020.010,"Mount",0.254,-0.022,0.238,-0.092,0.150,0.000,49,W,0,,,,408879,262.00,0
1253,3022.170,"Mount",-0.025,0.081,-0.058,-0.062,0.000,0.000,0,,0,,,,383213,242.81,0
1254,3024.894,"Mount",-1.363,0.237,-1.329,0.385,-0.837,0.000,272,E,0,,,,376926,245.63,0
1255,3027.246,"Mount",-0.822,0.038,-0.755,0.327,-0.535,0.000,173,E,0,,,,394235,255.31,0
1256,3029.691,"Mount",0.169,-0.125,0.207,0.039,0.093,0.000,30,W,0,,,,365789,261.08,0
1257,3032.033,"Mount",0.286,-0.257,0.369,0.106,0.239,0.000,78,W,0,,,,419772,273.16,0
1258,3034.557,"Mount",0.301,-0.344,0.422,0.177,0.282,0.000,92,W,0,,,,363446,242.74,0
1259,3036.830,"Mount",0.441,-0.116,0.448,-0.089,0.302,0.000,98,W,0,,,,379042,248.39,0
1260,3039.149,"Mount",-0.122,0.001,-0.110,0.053,0.000,0.000,0,,0,,,,369329,250.45,0
1261,3042.950,"Mount",-0.166,-0.225,-0.050,0.275,0.000,0.275,0,,1422,S,,,391933,252.91,0
1262,3045.462,"Mount",-0.305,-0.490,-0.059,0.574,0.000,0.574,0,,121,S,,,381511,239.02,0
1263,3047.602,"Mount",-0.054,0.148,-0.113,-0.109,0.000,0.000,0,,0,,,,395481,276.32,0
1264,3051.752,"Mount",-0.181,0.944,-0.577,-0.769,-0.364,-0.769,118,E,1525,N,,,384398,278.11,0
1265,3054.358,"Mount",-1.037,0.170,-1.006,0.302,-0.659,0.000,214,E,0,,,,386743,294.03,0
1266,3056.726,"Mount",0.478,0.037,0.413,-0.243,0.214,-0.243,70,W,51,N,,,392328,252.77,0
1267,3059.374,"Mount",0.609,0.189,0.465,-0.437,0.308,-0.437,100,W,92,N,,,379628,260.60,0
1268,3061.533,"Mount",-0.185,-0.165,-0.094,0.229,0.000,0.000,0,,0,,,,362782,254.16,0
1269,3064.038,"Mount",-0.327,-0.139,-0.233,0.269,-0.147,0.000,48,E,0,,,,362235,251.74,0
1270,3066.186,"Mount",-0.117,-0.029,-0.092,0.077,0.000,0.000,0,,0,,,,380941,232.21,0
1271,3068.608,"Mount",-0.137,-0.003,-0.122,0.062,0.000,0.000,0,,0,,,,364771,255.43,0
1272,3070.950,"Mount",-0.337,0.041,-0.321,0.111,-0.202,0.000,66,E,0,,,,405355,299.32,0
1273,3073.259,"Mount",-0.048,0.138,-0.103,-0.103,0.000,0.000,0,,0,,,,387906,303.38,0
1274,3075.728,"Mount",-0.483,0.088,-0.473,0.132,-0.298,0.000,97,E,0,,,,394889,289.67,0
1275,3078.144,"Mount",0.201,0.275,0.060,-0.335,0.000,-0.335,0,,70,N,,,365419,246.97,0
1276,3080.446,"Mount",-0.169,-0.050,-0.130,0.119,-0.082,0.000,27,E,0,,,,390353,258.34,0
1277,3082.955,"Mount",0.374,-0.845,0.707,0.595,0.440,0.000,143,W,0,,,,396233,269.57,0
1278,3085.240,"Mount",-0.568,-0.269,-0.393,0.491,-0.217,0.000,70,E,0,,,,414424,278.63,0
1279,3087.560,"Mount",-0.090,-0.390,0.090,0.390,0.000,0.000,0,,0,,,,391176,292.71,0
1280,3089.804,"Mount",-0.185,-0.099,-0.123,0.170,0.000,0.000,0,,0,,,,389445,252.08,0
1281,3092.348,"Mount",-0.237,0.061,-0.240,0.049,-0.151,0.000,49,E,0,,,,389088,245.71,0
1282,3094.615,"Mount",-0.191,0.013,-0.178,0.072,-0.123,0.000,40,E,0,,,,411692,261.60,0
1283,3098.598,"Mount",-0.712,-0.160,-0.570,0.456,-0.367,0.456,119,E,1460,S,,,377164,238.39,0
1284,3101.014,"Mount",0.167,-0.374,0.314,0.263,0.172,0.263,56,W,55,S,,,395293,279.73,0
1285,3103.473,"Mount",0.493,-0.137,0.504,-0.093,0.329,0.000,107,W,0,,,,380146,245.32,0
1286,3105.727,"Mount",0.319,0.117,0.236,-0.245,0.171,0.000,56,W,0,,,,382746,255.70,0
1287,3108.152,"Mount",-0.155,0.477,-0.349,-0.361,-0.208,0.000,67,E,0,,,,388539,280.75,0
1288,3110.315,"Mount",0.110,0.164,0.027,-0.196,0.000,0.000,0,,0,,,,396306,258.26,0
1289,3112.757,"Mount",0.050,0.392,-0.127,-0.374,0.000,0.000,0,,0,,,,411212,282.53,0
1290,3115.002,"Mount",0.191,0.349,0.018,-0.398,0.000,0.000,0,,0,,,,364887,235.70,0
1291,3117.405,"Mount",0.030,0.200,-0.061,-0.193,0.000,0.000,0,,0,,,,382974,280.60,0
1292,3121.110,"Mount",0.129,0.222,0.018,-0.256,0.000,-0.256,0,,1418,N,,,402609,232.86,0
1293,3123.419,"Mount",-0.138,-0.184,-0.044,0.226,0.000,0.000,0,,0,,,,381481,246.98,0
1294,3125.834,"Mount",0.186,-0.181,0.247,0.081,0.155,0.000,50,W,0,,,,415131,263.65,0
1295,3128.150,"Mount",0.054,0.090,0.009,-0.105,0.000,0.000,0,,0,,,,381813,258.39,0
1296,3130.416,"Mount",0.150,0.102,0.089,-0.158,0.000,0.000,0,,0,,,,373191,269.00,0
1297,3132.828,"Mount",-0.021,-0.238,0.085,0.223,0.000,0.000,0,,0,,,,362383,233.70,0
1298,3135.253,"Mount",-0.261,-0.089,-0.196,0.194,-0.123,0.000,40,E,0,,,,380046,252.82,0
1299,3139.286,"Mount",-0.647,-0.402,-0.405,0.645,-0.264,0.645,86,E,1500,S,,,387985,264.82,0
1300,3141.850,"Mount",0.627,-0.235,0.667,-0.064,0.401,0.000,130,W,0,,,,391838,266.11,0
1301,3143.997,"Mount",-0.023,-0.022,-0.011,0.030,0.000,0.000,0,,0,,,,374876,224.30,0
1302,3146.420,"Mount",-0.022,-0.051,0.002,0.055,0.000,0.000,0,,0,,,,397132,259.45,0
1303,3148.698,"Mount",0.082,0.015,0.068,-0.049,0.000,0.000,0,,0,,,,374681,286.44,0
1304,3151.228,"Mount",-0.228,0.043,-0.224,0.061,-0.141,0.000,46,E,0,,,,385671,266.15,0
1305,3153.462,"Mount",0.141,-0.049,0.148,-0.018,0.084,0.000,27,W,0,,,,381389,285.61,0
1306,3156.351,"Mount",0.188,0.203,0.079,-0.265,0.000,0.000,0,,0,,,,391729,260.59,0
INFO: SET LOCK POSITION, new lock pos = 1087.064, 495.300
INFO: DITHER by -0.379, -2.647, new lock pos = 1087.884, 497.844
INFO: SETTLING STATE CHANGE, Settling started
1307,3159.714,"Mount",-0.821,-2.545,0.379,2.647,0.379,2.647,123,W,556,S,,,408347,267.42,0
1308,3162.360,"Mount",-1.247,0.369,-1.283,0.216,-0.808,0.000,262,E,0,,,,384649,248.44,0
1309,3164.702,"Mount",0.625,-0.399,0.737,0.084,0.408,0.000,132,W,0,,,,387467,271.73,0
1310,3167.089,"Mount",0.255,-0.008,0.233,-0.105,0.175,0.000,57,W,0,,,,393235,271.69,0
1311,3169.311,"Mount",0.113,-0.097,0.144,0.038,0.103,0.000,33,W,0,,,,392376,262.02,0
1312,3171.855,"Mount",-0.829,0.303,-0.878,0.092,-0.546,0.000,177,E,0,,,,386231,256.27,0
INFO: SETTLING STATE CHANGE, Settling complete
1313,3174.090,"Mount",-0.243,0.089,-0.257,0.027,-0.200,0.000,65,E,0,,,,349309,234.89,0
Guiding Ends at 2026-09-01 03:14:49

Guiding Begins at 2026-09-01 03:21:32
Equipment Profile = SW4P_EVO
Dither = both axes, Dither scale = 1.000, Image noise reduction = 2x2 mean, Guide-frame time lapse = 0, Server enabled
Pixel scale = 2.91 arc-sec/px, Binning = 1, Focal length = 266 mm
Search region = 15 px, Star mass tolerance = 50.0%, Multi-star mode, list size = 12
 Camera = ZWO ASI120MM Mini (ASCOM), full size = 1280 x 960, have dark, dark dur = 2000, no defect map, pixel size = 3.8 um
Exposure = 2000 ms
Mount = GPUSB, connected, guiding enabled, AuxMount=CPWI_ASCOM_Telescope, xAngle = -26.0, xRate = 3.081, yAngle = -116.0, yRate = 4.762, parity = +/-
Norm rates RA = 13.1"/s @ dec 0, Dec = 13.8"/s; ortho.err. = 0.0 deg
X guide algorithm = Hysteresis, Hysteresis = 0.100, Aggression = 0.700, Minimum move = 0.130
Y guide algorithm = Resist Switch, Minimum move = 0.200 Aggression = 100% FastSwitch = enabled
Backlash comp = enabled, pulse = 1364 ms
Max RA duration = 2500, Max DEC duration = 2500, DEC guide mode = Auto
RA Guide Speed = 14.9 a-s/s, Dec Guide Speed = 14.9 a-s/s, Cal Dec = -0.0, Last Cal Issue = None, Timestamp = 31/08/2026 21:19:06
RA = 20.03 hr, Dec = 46.7 deg, Hour angle = 4.78 hr, Pier side = East, Rotator pos = N/A, Alt = 40.6 deg, Az = 301.0 deg
Lock position = 620.265, 919.640, Star position = 620.265, 919.640, HFD = 3.61 px
Frame,Time,mount,dx,dy,RARawDistance,DECRawDistance,RAGuideDistance,DECGuideDistance,RADuration,RADirection,DECDuration,DECDirection,XStep,YStep,StarMass,SNR,ErrorCode
INFO: SETTLING STATE CHANGE, Settling started
1,2.655,"Mount",0.097,0.022,0.078,-0.062,0.000,0.000,0,,0,,,,364814,245.36,0
2,4.924,"Mount",0.056,-0.135,0.110,0.097,0.000,0.000,0,,0,,,,379863,294.61,0
3,7.316,"Mount",-0.086,-0.070,-0.047,0.101,0.000,0.000,0,,0,,,,373974,295.99,0
4,9.720,"Mount",0.486,0.250,0.327,-0.438,0.206,0.000,67,W,0,,,,414798,298.34,0
5,12.023,"Mount",0.155,0.402,-0.037,-0.429,0.000,0.000,0,,0,,,,419501,243.56,0
INFO: SETTLING STATE CHANGE, Settling complete
6,14.424,"Mount",0.308,0.590,0.018,-0.665,0.000,-0.665,0,,140,N,,,414864,274.99,0
7,17.048,"Mount",-0.406,0.698,-0.671,-0.449,-0.423,-0.449,137,E,94,N,,,412764,292.11,0
8,19.392,"Mount",0.264,0.216,0.142,-0.310,0.060,-0.310,19,W,65,N,,,369597,267.15,0
9,21.880,"Mount",-0.111,0.318,-0.239,-0.237,-0.147,-0.237,48,E,50,N,,,397399,276.50,0
10,24.022,"Mount",-0.057,-0.143,0.011,0.153,0.000,0.000,0,,0,,,,406380,258.67,0
11,26.405,"Mount",-0.086,-0.124,-0.023,0.149,0.000,0.000,0,,0,,,,429755,314.66,0
12,28.849,"Mount",0.216,-0.178,0.272,0.065,0.171,0.000,56,W,0,,,,398255,251.03,0
13,31.174,"Mount",-0.114,0.028,-0.114,0.025,0.000,0.000,0,,0,,,,396010,274.88,0
14,33.491,"Mount",-0.180,0.059,-0.187,0.026,-0.118,0.000,38,E,0,,,,377082,265.37,0
15,35.960,"Mount",-0.146,0.181,-0.210,-0.099,-0.141,0.000,46,E,0,,,,417000,303.45,0
16,38.106,"Mount",-0.033,0.130,-0.087,-0.102,0.000,0.000,0,,0,,,,383561,246.42,0
17,40.767,"Mount",-0.402,0.239,-0.466,-0.038,-0.293,0.000,95,E,0,,,,415888,282.22,0
18,42.922,"Mount",-0.239,-0.300,-0.083,0.375,0.000,0.000,0,,0,,,,423634,294.99,0
19,45.465,"Mount",-0.537,0.098,-0.526,0.148,-0.331,0.000,107,E,0,,,,378316,255.36,0
20,47.619,"Mount",-0.018,-0.029,-0.004,0.034,0.000,0.000,0,,0,,,,372901,255.46,0
21,50.010,"Mount",0.015,0.010,0.009,-0.016,0.000,0.000,0,,0,,,,399083,273.16,0
22,52.360,"Mount",0.026,-0.303,0.156,0.261,0.098,0.000,32,W,0,,,,382113,253.91,0
23,54.668,"Mount",0.064,-0.128,0.114,0.086,0.000,0.000,0,,0,,,,404917,280.50,0
24,58.552,"Mount",0.167,-0.331,0.296,0.224,0.186,0.224,60,W,1411,S,,,385097,252.30,0
25,63.288,"Mount",2.291,3.827,0.379,-4.444,0.252,-4.444,82,W,2204,N,,,381381,276.76,0
26,66.440,"Mount",0.334,2.750,-0.907,-2.617,-0.554,-2.617,180,E,550,N,,,416153,272.79,0
27,69.160,"Mount",0.528,1.504,-0.185,-1.583,-0.155,-1.583,50,E,332,N,,,392537,271.57,0
28,71.608,"Mount",0.183,-0.460,0.366,0.333,0.220,0.000,71,W,0,,,,397340,279.34,0
29,75.368,"Mount",-0.791,-0.663,-0.420,0.943,-0.249,0.943,81,E,1469,S,,,393991,264.64,0
30,77.776,"Mount",-0.174,-0.205,-0.066,0.261,0.000,0.261,0,,55,S,,,388564,266.89,0
31,80.035,"Mount",-0.065,-0.305,0.075,0.303,0.000,0.303,0,,64,S,,,337143,243.96,0
32,82.560,"Mount",-0.175,-0.182,-0.077,0.240,0.000,0.240,0,,50,S,,,380345,261.37,0
33,84.749,"Mount",0.114,0.000,0.103,-0.050,0.000,0.000,0,,0,,,,436513,278.69,0
34,87.284,"Mount",0.020,0.484,-0.194,-0.443,-0.122,0.000,40,E,0,,,,379066,256.97,0
35,89.500,"Mount",0.253,0.189,0.144,-0.280,0.082,0.000,27,W,0,,,,425619,281.20,0
36,91.904,"Mount",-0.215,-0.073,-0.161,0.160,-0.096,0.000,31,E,0,,,,418873,296.36,0
37,94.296,"Mount",-0.308,-0.116,-0.225,0.239,-0.149,0.239,48,E,50,S,,,401236,267.00,0
38,96.858,"Mount",0.264,-0.430,0.426,0.271,0.258,0.271,84,W,57,S,,,393887,263.49,0
39,99.025,"Mount",0.011,-0.179,0.089,0.156,0.000,0.000,0,,0,,,,399206,278.77,0
40,101.532,"Mount",0.202,-0.209,0.273,0.099,0.172,0.000,56,W,0,,,,426816,274.40,0
41,103.753,"Mount",-0.127,0.169,-0.189,-0.096,-0.107,0.000,35,E,0,,,,409721,267.10,0
42,106.165,"Mount",0.138,0.097,0.081,-0.148,0.000,0.000,0,,0,,,,441193,283.91,0
43,108.523,"Mount",-0.256,0.060,-0.257,0.058,-0.162,0.000,52,E,0,,,,386009,253.14,0
44,110.861,"Mount",0.014,-0.220,0.109,0.192,0.000,0.000,0,,0,,,,382494,272.99,0
45,113.192,"Mount",0.155,-0.187,0.221,0.100,0.140,0.000,45,W,0,,,,403729,254.94,0
46,115.650,"Mount",0.216,-0.073,0.226,-0.030,0.152,0.000,49,W,0,,,,391922,267.58,0
47,117.794,"Mount",-0.054,-0.155,0.019,0.163,0.000,0.000,0,,0,,,,390847,272.40,0
48,120.340,"Mount",0.098,-0.182,0.168,0.120,0.106,0.000,34,W,0,,,,365922,273.61,0
49,122.614,"Mount",-0.138,0.268,-0.241,-0.180,-0.145,0.000,47,E,0,,,,420906,258.09,0
50,124.983,"Mount",-0.103,-0.038,-0.076,0.080,0.000,0.000,0,,0,,,,388631,251.70,0
51,127.395,"Mount",-0.261,0.277,-0.356,-0.134,-0.224,0.000,73,E,0,,,,384104,283.85,0
52,129.804,"Mount",0.224,0.142,0.139,-0.226,0.072,0.000,23,W,0,,,,411934,268.08,0
53,132.225,"Mount",-0.377,-0.081,-0.304,0.238,-0.186,0.238,60,E,50,S,,,420351,278.69,0
54,134.545,"Mount",0.153,0.169,0.063,-0.219,0.000,0.000,0,,0,,,,434885,314.87,0
55,136.783,"Mount",-0.052,-0.033,-0.032,0.052,0.000,0.000,0,,0,,,,359701,229.00,0
56,139.208,"Mount",0.048,-0.117,0.094,0.084,0.000,0.000,0,,0,,,,378117,280.10,0
57,141.592,"Mount",0.376,-0.243,0.444,0.054,0.280,0.000,91,W,0,,,,392897,266.94,0
58,144.048,"Mount",-0.111,-0.518,0.127,0.514,0.000,0.514,0,,108,S,,,380306,261.42,0
59,146.304,"Mount",0.321,-0.227,0.387,0.063,0.244,0.000,79,W,0,,,,381172,257.19,0
60,148.615,"Mount",-0.015,-0.173,0.063,0.162,0.000,0.000,0,,0,,,,387432,252.19,0
61,150.968,"Mount",0.219,0.107,0.150,-0.192,0.095,0.000,31,W,0,,,,391073,281.76,0
62,153.465,"Mount",0.293,-0.188,0.346,0.041,0.225,0.000,73,W,0,,,,389042,274.65,0
63,155.658,"Mount",0.074,0.133,0.008,-0.152,0.000,0.000,0,,0,,,,413975,296.43,0
64,158.058,"Mount",0.145,0.435,-0.060,-0.455,0.000,0.000,0,,0,,,,381569,251.93,0
65,160.427,"Mount",0.024,0.487,-0.192,-0.448,-0.121,0.000,39,E,0,,,,382404,280.48,0
66,163.080,"Mount",0.572,0.129,0.457,-0.367,0.279,0.000,91,W,0,,,,407189,274.73,0
67,165.371,"Mount",-0.079,-0.327,0.073,0.328,0.000,0.000,0,,0,,,,420314,276.69,0
68,167.934,"Mount",-0.335,-0.215,-0.207,0.340,-0.130,0.000,42,E,0,,,,397994,283.94,0
69,170.110,"Mount",-0.014,0.261,-0.127,-0.228,0.000,0.000,0,,0,,,,393229,302.91,0
70,172.549,"Mount",-0.095,-0.017,-0.078,0.057,0.000,0.000,0,,0,,,,399309,294.72,0
71,174.799,"Mount",0.051,-0.170,0.120,0.130,0.000,0.000,0,,0,,,,381994,265.16,0
72,177.199,"Mount",0.066,0.236,-0.044,-0.241,0.000,0.000,0,,0,,,,380229,269.11,0
73,179.479,"Mount",-0.060,0.051,-0.076,-0.019,0.000,0.000,0,,0,,,,385766,242.07,0
74,181.961,"Mount",-0.146,0.096,-0.174,-0.022,-0.109,0.000,35,E,0,,,,426238,291.99,0
75,184.285,"Mount",0.077,-0.307,0.204,0.242,0.121,0.242,39,W,51,S,,,403065,308.31,0
76,186.716,"Mount",0.103,-0.155,0.161,0.095,0.110,0.000,36,W,0,,,,402042,270.38,0
77,189.004,"Mount",-0.056,-0.249,0.059,0.248,0.000,0.248,0,,52,S,,,379246,267.39,0
78,191.752,"Mount",-0.526,-0.324,-0.330,0.522,-0.208,0.522,68,E,110,S,,,408594,276.39,0
79,194.072,"Mount",-0.241,-0.133,-0.158,0.225,-0.114,0.225,37,E,47,S,,,394899,267.71,0
80,197.976,"Mount",0.409,0.518,0.140,-0.645,0.080,-0.645,26,W,1407,N,,,383046,249.10,0
81,200.448,"Mount",-0.220,0.722,-0.515,-0.552,-0.319,-0.552,103,E,116,N,,,381524,275.82,0
82,202.800,"Mount",0.009,-0.117,0.059,0.101,0.000,0.000,0,,0,,,,339199,248.35,0
83,205.122,"Mount",0.183,-0.016,0.171,-0.066,0.108,0.000,35,W,0,,,,387921,274.77,0
84,207.768,"Mount",0.691,0.208,0.530,-0.490,0.341,-0.490,111,W,103,N,,,385543,269.87,0
85,210.031,"Mount",-0.089,0.262,-0.195,-0.196,-0.099,0.000,32,E,0,,,,393198,280.07,0
86,212.348,"Mount",0.043,0.145,-0.025,-0.150,0.000,0.000,0,,0,,,,438589,309.54,0
87,214.848,"Mount",0.077,0.511,-0.155,-0.493,-0.098,-0.493,32,E,103,N,,,385952,270.10,0
88,217.400,"Mount",-0.903,-0.185,-0.730,0.563,-0.467,0.000,152,E,0,,,,382659,271.01,0
89,219.548,"Mount",-0.039,0.094,-0.077,-0.068,0.000,0.000,0,,0,,,,385301,268.30,0
90,222.138,"Mount",-0.592,-0.029,-0.519,0.286,-0.327,0.000,106,E,0,,,,397195,251.21,0
91,224.361,"Mount",0.232,-0.097,0.251,-0.014,0.135,0.000,44,W,0,,,,399944,259.50,0
92,226.674,"Mount",-0.146,-0.061,-0.105,0.119,0.000,0.000,0,,0,,,,407482,276.58,0
93,229.061,"Mount",0.080,-0.258,0.185,0.197,0.117,0.000,38,W,0,,,,390737,293.50,0
94,231.400,"Mount",0.103,0.057,0.068,-0.097,0.000,0.000,0,,0,,,,365583,227.41,0
95,233.641,"Mount",-0.058,-0.020,-0.043,0.044,0.000,0.000,0,,0,,,,398115,279.85,0
96,236.036,"Mount",-0.116,-0.294,0.025,0.315,0.000,0.000,0,,0,,,,395171,301.26,0
97,238.362,"Mount",-0.178,-0.000,-0.160,0.078,-0.101,0.000,33,E,0,,,,370201,258.89,0
98,240.683,"Mount",0.057,-0.111,0.100,0.074,0.000,0.000,0,,0,,,,402132,272.27,0
99,244.416,"Mount",-0.274,-0.187,-0.164,0.288,-0.103,0.288,34,E,1331,S,,,367658,267.28,0
100,246.742,"Mount",-0.027,-0.044,-0.005,0.051,0.000,0.000,0,,0,,,,395967,274.15,0
101,249.092,"Mount",-0.047,0.261,-0.157,-0.214,-0.099,0.000,32,E,0,,,,386505,251.87,0
102,251.417,"Mount",0.249,0.285,0.098,-0.366,0.000,0.000,0,,0,,,,415653,304.32,0
103,253.776,"Mount",-0.156,0.642,-0.422,-0.509,-0.266,0.000,86,E,0,,,,386555,285.05,0
104,256.165,"Mount",-0.007,0.327,-0.150,-0.290,-0.113,0.000,37,E,0,,,,399239,274.13,0
105,259.992,"Mount",-0.219,0.340,-0.346,-0.209,-0.226,-0.209,73,E,1315,N,,,420768,289.93,0
106,262.316,"Mount",0.036,-0.124,0.087,0.096,0.000,0.000,0,,0,,,,425887,300.71,0
107,264.608,"Mount",0.068,-0.210,0.154,0.159,0.097,0.000,31,W,0,,,,372331,266.01,0
108,267.096,"Mount",0.165,0.431,-0.041,-0.459,0.000,-0.459,0,,96,N,,,381663,279.29,0
109,269.245,"Mount",-0.034,0.029,-0.043,-0.012,0.000,0.000,0,,0,,,,393106,258.76,0
110,271.653,"Mount",-0.035,-0.024,-0.021,0.037,0.000,0.000,0,,0,,,,376438,246.26,0
111,274.045,"Mount",-0.642,-0.127,-0.521,0.395,-0.328,0.000,107,E,0,,,,359586,244.22,0
112,276.376,"Mount",-0.114,-0.011,-0.097,0.060,0.000,0.000,0,,0,,,,422623,287.75,0
113,278.831,"Mount",-0.539,0.036,-0.500,0.204,-0.315,0.000,102,E,0,,,,380510,273.62,0
114,281.344,"Mount",-1.009,-0.170,-0.832,0.596,-0.546,0.000,177,E,0,,,,390493,268.39,0
115,283.501,"Mount",-0.142,-0.010,-0.123,0.072,0.000,0.000,0,,0,,,,402056,274.46,0
116,287.304,"Mount",-0.089,-0.275,0.041,0.286,0.000,0.286,0,,1331,S,,,399739,261.79,0
117,289.542,"Mount",0.006,-0.067,0.035,0.058,0.000,0.000,0,,0,,,,405041,274.64,0
118,292.113,"Mount",0.590,-0.226,0.629,-0.055,0.396,0.000,129,W,0,,,,408183,305.85,0
119,294.280,"Mount",-0.016,-0.031,-0.001,0.035,0.000,0.000,0,,0,,,,385655,249.61,0
120,296.811,"Mount",0.217,-0.236,0.298,0.117,0.188,0.000,61,W,0,,,,392287,270.03,0
121,299.096,"Mount",-0.346,0.274,-0.431,-0.094,-0.258,0.000,84,E,0,,,,424161,292.10,0
122,301.535,"Mount",-0.009,0.329,-0.153,-0.291,-0.114,0.000,37,E,0,,,,369606,268.00,0
123,303.912,"Mount",-0.514,-0.098,-0.419,0.313,-0.272,0.313,88,E,66,S,,,432974,278.87,0
124,306.226,"Mount",-0.010,-0.026,0.003,0.028,0.000,0.000,0,,0,,,,395209,291.93,0
125,310.082,"Mount",0.145,0.636,-0.149,-0.635,-0.094,-0.635,30,E,1404,N,,,388250,258.92,0
126,312.444,"Mount",-0.071,-0.344,0.087,0.340,0.000,0.000,0,,0,,,,389027,305.01,0
127,314.769,"Mount",-0.131,-0.588,0.140,0.586,0.088,0.000,29,W,0,,,,408943,314.66,0
128,317.240,"Mount",-0.596,0.124,-0.590,0.150,-0.365,0.000,119,E,0,,,,441027,311.01,0
129,319.585,"Mount",-0.541,0.019,-0.494,0.221,-0.337,0.000,109,E,0,,,,407960,289.74,0
130,323.488,"Mount",-0.679,-0.360,-0.452,0.621,-0.309,0.621,100,E,1367,S,,,342165,231.31,0
131,325.896,"Mount",-0.527,-0.911,-0.074,1.049,0.000,1.049,0,,220,S,,,388742,276.20,0
132,328.284,"Mount",0.177,0.051,0.137,-0.123,0.086,0.000,28,W,0,,,,375250,265.38,0
133,330.560,"Mount",0.259,-0.092,0.273,-0.031,0.178,0.000,58,W,0,,,,413400,287.74,0
134,333.073,"Mount",0.570,0.106,0.465,-0.345,0.306,0.000,99,W,0,,,,377435,269.84,0
135,335.252,"Mount",0.174,0.086,0.119,-0.154,0.000,0.000,0,,0,,,,369044,263.59,0
136,337.848,"Mount",-0.424,-0.149,-0.315,0.320,-0.199,0.320,65,E,67,S,,,370335,228.23,0
137,340.376,"Mount",-0.912,-0.207,-0.729,0.586,-0.473,0.586,154,E,123,S,,,388519,257.95,0
138,343.009,"Mount",-0.096,-0.617,0.184,0.597,0.083,0.597,27,W,125,S,,,407778,300.76,0
139,345.200,"Mount",0.134,0.007,0.117,-0.065,0.000,0.000,0,,0,,,,417744,306.80,0
140,347.627,"Mount",-0.028,0.223,-0.123,-0.189,0.000,0.000,0,,0,,,,372710,273.10,0
141,351.376,"Mount",0.277,0.904,-0.147,-0.934,-0.093,-0.934,30,E,1433,N,,,372886,263.31,0
142,353.812,"Mount",0.080,-0.410,0.252,0.333,0.152,0.000,49,W,0,,,,348992,247.38,0
143,356.120,"Mount",0.180,-0.437,0.353,0.314,0.233,0.000,76,W,0,,,,438840,337.37,0
144,358.531,"Mount",0.028,-0.315,0.163,0.271,0.119,0.000,39,W,0,,,,401903,273.23,0
145,360.816,"Mount",-0.606,-0.321,-0.403,0.555,-0.246,0.000,80,E,0,,,,447664,308.73,0
146,363.200,"Mount",0.127,-0.068,0.144,0.005,0.073,0.000,24,W,0,,,,387325,262.94,0
147,365.464,"Mount",0.217,0.219,0.098,-0.292,0.000,-0.292,0,,61,N,,,402583,280.48,0
148,367.961,"Mount",0.050,0.438,-0.148,-0.416,-0.093,-0.416,30,E,87,N,,,405361,276.39,0
149,370.248,"Mount",-0.361,0.254,-0.436,-0.069,-0.281,0.000,91,E,0,,,,438184,278.90,0
150,372.604,"Mount",0.019,0.170,-0.058,-0.161,0.000,0.000,0,,0,,,,399869,277.54,0
151,374.891,"Mount",-0.167,-0.197,-0.063,0.250,0.000,0.000,0,,0,,,,397518,272.80,0
152,377.344,"Mount",-0.110,0.107,-0.146,-0.048,-0.092,0.000,30,E,0,,,,383573,259.74,0
153,379.608,"Mount",0.148,-0.175,0.210,0.092,0.126,0.000,41,W,0,,,,453808,278.40,0
154,382.049,"Mount",-0.537,-0.270,-0.364,0.479,-0.220,0.000,72,E,0,,,,380435,252.42,0
155,384.361,"Mount",0.183,-0.204,0.253,0.103,0.144,0.000,47,W,0,,,,382144,261.37,0
156,386.816,"Mount",-0.138,0.258,-0.237,-0.171,-0.139,0.000,45,E,0,,,,379943,252.47,0
157,389.008,"Mount",0.051,0.114,-0.005,-0.125,0.000,0.000,0,,0,,,,382166,282.14,0
158,391.532,"Mount",-0.090,0.150,-0.147,-0.096,-0.092,0.000,30,E,0,,,,401645,303.96,0
159,393.691,"Mount",0.022,0.113,-0.030,-0.111,0.000,0.000,0,,0,,,,399773,269.74,0
160,396.178,"Mount",-0.244,0.080,-0.255,0.035,-0.161,0.000,52,E,0,,,,444986,288.21,0
161,398.398,"Mount",0.233,0.009,0.205,-0.110,0.118,0.000,38,W,0,,,,413325,256.53,0
162,400.747,"Mount",-0.258,-0.284,-0.108,0.368,0.000,0.000,0,,0,,,,376990,284.63,0
163,404.448,"Mount",0.036,-0.418,0.216,0.360,0.136,0.360,44,W,1313,S,,,386576,259.62,0
164,407.088,"Mount",-0.525,-0.454,-0.273,0.639,-0.162,0.639,53,E,134,S,,,416345,257.69,0
165,409.383,"Mount",0.346,-0.177,0.389,0.008,0.233,0.000,76,W,0,,,,368561,278.67,0
166,411.697,"Mount",-0.101,0.050,-0.113,-0.001,0.000,0.000,0,,0,,,,421884,301.69,0
167,414.160,"Mount",-0.316,0.034,-0.299,0.109,-0.188,0.000,61,E,0,,,,374658,247.58,0
168,416.556,"Mount",0.344,0.179,0.230,-0.312,0.132,0.000,43,W,0,,,,438914,298.15,0
169,418.830,"Mount",0.425,0.394,0.209,-0.541,0.141,0.000,46,W,0,,,,376872,240.53,0
170,421.146,"Mount",0.077,0.237,-0.034,-0.247,0.000,0.000,0,,0,,,,396562,271.29,0
171,423.489,"Mount",-0.070,0.300,-0.194,-0.239,-0.122,0.000,40,E,0,,,,385123,289.87,0
172,425.928,"Mount",-0.180,0.510,-0.385,-0.379,-0.251,0.000,82,E,0,,,,391752,278.06,0
173,428.176,"Mount",-0.181,0.126,-0.218,-0.034,-0.155,0.000,50,E,0,,,,367079,307.89,0
174,430.516,"Mount",-0.065,-0.066,-0.030,0.087,0.000,0.000,0,,0,,,,398413,253.57,0
175,432.789,"Mount",0.061,0.200,-0.033,-0.206,0.000,0.000,0,,0,,,,407919,248.39,0
176,435.231,"Mount",0.137,0.212,0.030,-0.251,0.000,0.000,0,,0,,,,399149,296.34,0
177,437.499,"Mount",0.004,0.086,-0.034,-0.079,0.000,0.000,0,,0,,,,377654,259.95,0
178,439.889,"Mount",0.245,0.229,0.120,-0.313,0.000,0.000,0,,0,,,,380801,266.32,0
179,442.225,"Mount",0.396,-0.158,0.425,-0.032,0.268,0.000,87,W,0,,,,385500,255.42,0
180,444.532,"Mount",0.210,0.187,0.107,-0.260,0.000,0.000,0,,0,,,,401525,264.91,0
181,446.921,"Mount",0.484,-0.035,0.450,-0.181,0.284,0.000,92,W,0,,,,392103,242.21,0
182,449.336,"Mount",-0.263,0.157,-0.306,-0.026,-0.173,0.000,56,E,0,,,,435744,274.36,0
183,451.501,"Mount",0.002,-0.086,0.040,0.077,0.000,0.000,0,,0,,,,395788,274.45,0
184,453.907,"Mount",0.108,0.288,-0.030,-0.306,0.000,0.000,0,,0,,,,404000,262.68,0
185,456.224,"Mount",-0.122,0.416,-0.292,-0.320,-0.184,0.000,60,E,0,,,,391558,262.51,0
186,459.856,"Mount",-0.004,0.229,-0.104,-0.204,0.000,-0.204,0,,1280,N,,,391292,281.79,0
187,462.227,"Mount",0.276,0.096,0.206,-0.207,0.129,-0.207,42,W,43,N,,,430158,302.53,0
188,464.677,"Mount",0.176,0.190,0.075,-0.248,0.000,-0.248,0,,52,N,,,389301,254.05,0
189,466.939,"Mount",0.179,-0.121,0.213,0.030,0.134,0.000,44,W,0,,,,414099,290.99,0
190,469.409,"Mount",-0.609,-0.120,-0.495,0.376,-0.302,0.000,98,E,0,,,,387278,271.71,0
191,471.784,"Mount",-0.847,0.354,-0.917,0.053,-0.599,0.000,194,E,0,,,,391095,274.30,0
192,475.625,"Mount",0.116,-0.745,0.431,0.618,0.230,0.618,75,W,1367,S,,,366218,260.66,0
193,477.992,"Mount",-0.353,-0.809,0.037,0.882,0.000,0.882,0,,185,S,,,364881,265.18,0
194,480.600,"Mount",0.155,-0.513,0.365,0.393,0.230,0.393,75,W,83,S,,,407432,288.58,0
195,483.041,"Mount",-0.589,-0.117,-0.478,0.363,-0.285,0.363,92,E,76,S,,,384163,245.30,0
196,485.776,"Mount",0.326,-0.863,0.672,0.632,0.403,0.632,131,W,133,S,,,376463,241.08,0
197,488.027,"Mount",-0.096,-0.268,0.031,0.283,0.000,0.283,0,,60,S,,,390347,245.40,0
198,491.928,"Mount",-0.248,0.814,-0.580,-0.622,-0.365,-0.622,119,E,1368,N,,,379126,257.66,0
199,494.440,"Mount",0.018,0.939,-0.396,-0.852,-0.275,-0.852,89,E,179,N,,,365349,251.39,0
200,496.982,"Mount",-0.376,0.318,-0.477,-0.121,-0.320,0.000,104,E,0,,,,380612,252.49,0
201,499.222,"Mount",0.043,0.268,-0.079,-0.260,0.000,-0.260,0,,55,N,,,412553,279.74,0
202,501.768,"Mount",0.429,0.823,0.025,-0.928,0.000,-0.928,0,,195,N,,,424036,278.30,0
203,504.088,"Mount",0.272,0.624,-0.029,-0.680,0.000,-0.680,0,,143,N,,,369351,238.79,0
204,506.539,"Mount",0.217,0.395,0.021,-0.450,0.000,-0.450,0,,95,N,,,399156,294.06,0
205,508.825,"Mount",0.186,0.148,0.102,-0.215,0.000,-0.215,0,,45,N,,,364224,258.42,0
206,511.232,"Mount",-0.324,0.071,-0.322,0.078,-0.203,0.000,66,E,0,,,,435020,281.93,0
207,513.415,"Mount",0.013,-0.103,0.057,0.086,0.000,0.000,0,,0,,,,416983,286.07,0
208,515.977,"Mount",-0.609,-0.343,-0.396,0.575,-0.250,0.000,81,E,0,,,,418793,308.01,0
209,519.720,"Mount",-0.658,-0.527,-0.360,0.762,-0.244,0.762,79,E,1397,S,,,403024,254.23,0
210,522.152,"Mount",-0.100,-0.289,0.037,0.303,0.000,0.303,0,,64,S,,,376922,278.63,0
211,524.301,"Mount",-0.158,-0.127,-0.086,0.183,0.000,0.000,0,,0,,,,417244,251.75,0
212,526.706,"Mount",-0.097,-0.017,-0.080,0.058,0.000,0.000,0,,0,,,,418011,270.02,0
213,528.982,"Mount",0.071,-0.038,0.081,0.003,0.000,0.000,0,,0,,,,403044,265.55,0
214,531.490,"Mount",0.045,0.543,-0.197,-0.508,-0.124,0.000,40,E,0,,,,388226,265.87,0
215,533.704,"Mount",0.231,0.156,0.139,-0.241,0.079,0.000,26,W,0,,,,402267,277.86,0
216,536.128,"Mount",-0.121,0.306,-0.243,-0.221,-0.148,0.000,48,E,0,,,,401697,297.93,0
217,538.511,"Mount",-0.234,0.132,-0.268,-0.016,-0.179,0.000,58,E,0,,,,383521,288.70,0
218,541.045,"Mount",-0.529,0.195,-0.561,0.057,-0.366,0.000,119,E,0,,,,364979,206.51,0
219,543.345,"Mount",0.289,-0.738,0.584,0.536,0.342,0.000,111,W,0,,,,431361,282.01,0
220,545.673,"Mount",-0.134,-0.442,0.074,0.456,0.000,0.000,0,,0,,,,397093,260.34,0
221,548.240,"Mount",0.316,-0.469,0.490,0.283,0.309,0.283,100,W,59,S,,,380573,299.25,0
222,550.718,"Mount",-0.203,-0.237,-0.078,0.302,0.000,0.302,0,,63,S,,,366548,253.18,0
223,552.898,"Mount",-0.052,-0.017,-0.039,0.038,0.000,0.000,0,,0,,,,396599,274.62,0
224,555.552,"Mount",-0.716,0.493,-0.860,-0.129,-0.542,0.000,176,E,0,,,,409436,304.52,0
225,558.008,"Mount",-0.473,-0.201,-0.337,0.389,-0.250,0.389,81,E,82,S,,,370257,240.63,0
226,560.432,"Mount",0.269,-0.207,0.333,0.067,0.192,0.000,62,W,0,,,,407328,258.87,0
227,562.695,"Mount",-0.216,0.143,-0.256,-0.034,-0.148,0.000,48,E,0,,,,405906,291.40,0
228,565.017,"Mount",0.180,0.373,-0.002,-0.414,0.000,0.000,0,,0,,,,380907,294.93,0
229,567.455,"Mount",0.526,0.090,0.433,-0.311,0.273,0.000,89,W,0,,,,362087,240.41,0
230,569.870,"Mount",-0.084,0.214,-0.170,-0.156,-0.088,0.000,28,E,0,,,,395074,278.90,0
231,572.135,"Mount",0.327,0.250,0.184,-0.368,0.110,0.000,36,W,0,,,,375057,254.57,0
232,575.928,"Mount",0.054,0.526,-0.182,-0.496,-0.107,-0.496,35,E,1341,N,,,371891,269.09,0
233,578.336,"Mount",-0.028,0.627,-0.300,-0.551,-0.197,-0.551,64,E,116,N,,,403539,283.75,0
234,580.917,"Mount",-0.690,0.541,-0.858,-0.183,-0.554,0.000,180,E,0,,,,389567,244.97,0
235,583.185,"Mount",-0.274,0.043,-0.265,0.082,-0.205,0.000,67,E,0,,,,386223,232.79,0
236,585.505,"Mount",0.019,-0.158,0.087,0.133,0.000,0.000,0,,0,,,,350834,222.25,0
237,587.914,"Mount",0.364,-0.421,0.512,0.219,0.323,0.000,105,W,0,,,,384515,262.62,0
238,590.442,"Mount",0.288,-0.199,0.346,0.052,0.241,0.000,78,W,0,,,,384312,261.42,0
239,592.816,"Mount",0.609,-0.196,0.633,-0.091,0.416,0.000,135,W,0,,,,386053,271.24,0
240,595.216,"Mount",-0.118,0.124,-0.160,-0.060,-0.072,0.000,23,E,0,,,,419619,303.59,0
241,597.412,"Mount",-0.004,0.075,-0.036,-0.066,0.000,0.000,0,,0,,,,402224,286.40,0
242,600.050,"Mount",-0.147,0.446,-0.328,-0.336,-0.206,-0.336,67,E,71,N,,,399393,244.63,0
243,602.200,"Mount",-0.008,0.171,-0.082,-0.150,0.000,0.000,0,,0,,,,383257,275.12,0
244,604.699,"Mount",-0.263,0.065,-0.265,0.057,-0.167,0.000,54,E,0,,,,384959,268.62,0
245,606.984,"Mount",-0.335,-0.002,-0.300,0.149,-0.201,0.000,65,E,0,,,,422225,273.49,0
246,609.465,"Mount",0.197,-0.638,0.457,0.487,0.274,0.000,89,W,0,,,,390767,278.17,0
247,611.753,"Mount",0.252,-0.394,0.399,0.243,0.271,0.000,88,W,0,,,,389571,277.83,0
248,614.178,"Mount",0.036,-0.366,0.193,0.313,0.141,0.000,46,W,0,,,,407496,277.72,0
249,617.736,"Mount",-0.254,-0.126,-0.173,0.225,-0.099,0.225,32,E,1284,S,,,385355,268.70,0
250,620.178,"Mount",-0.085,0.226,-0.175,-0.166,-0.117,0.000,38,E,0,,,,399144,319.13,0
INFO: SET LOCK POSITION, new lock pos = 620.265, 919.640
INFO: DITHER by 3.622, -2.904, new lock pos = 624.794, 920.660
INFO: SETTLING STATE CHANGE, Settling started
251,624.663,"Mount",-4.529,-1.020,-3.622,2.904,-3.622,2.904,1176,E,610,S,,,400616,276.47,0
252,627.760,"Mount",1.158,-2.172,1.993,1.444,1.256,1.444,408,W,303,S,,,376734,245.39,0
253,630.208,"Mount",0.021,-0.665,0.311,0.588,0.284,0.588,92,W,123,S,,,378329,256.72,0
254,634.064,"Mount",0.547,0.727,0.172,-0.893,0.128,-0.893,42,W,1425,N,,,422718,275.19,0
255,636.544,"Mount",0.803,0.441,0.528,-0.749,0.341,-0.749,111,W,157,N,,,364372,252.88,0
256,639.152,"Mount",-0.028,0.621,-0.297,-0.546,-0.164,-0.546,53,E,115,N,,,383549,295.62,0
257,641.408,"Mount",-0.324,0.257,-0.404,-0.089,-0.266,0.000,86,E,0,,,,413732,285.25,0
258,643.718,"Mount",0.173,0.093,0.115,-0.159,0.000,0.000,0,,0,,,,390356,256.41,0
259,646.152,"Mount",-0.367,-0.044,-0.310,0.200,-0.196,0.000,63,E,0,,,,394484,291.52,0
INFO: SETTLING STATE CHANGE, Settling complete
260,648.475,"Mount",0.089,-0.034,0.095,-0.009,0.000,0.000,0,,0,,,,391977,265.68,0
261,650.944,"Mount",0.324,-0.027,0.303,-0.118,0.191,0.000,62,W,0,,,,391142,221.58,0
262,653.392,"Mount",0.520,-0.052,0.491,-0.181,0.322,0.000,105,W,0,,,,384767,287.65,0
263,655.624,"Mount",0.109,-0.094,0.139,0.037,0.110,0.000,36,W,0,,,,403126,274.76,0
264,658.097,"Mount",0.533,-0.081,0.514,-0.161,0.332,0.000,108,W,0,,,,384727,251.35,0
265,660.441,"Mount",0.257,0.194,0.146,-0.287,0.115,-0.287,37,W,60,N,,,398604,296.26,0
266,662.993,"Mount",-0.428,0.054,-0.408,0.140,-0.249,0.000,81,E,0,,,,405183,268.20,0
267,665.150,"Mount",0.156,0.041,0.123,-0.105,0.000,0.000,0,,0,,,,398094,256.18,0
268,667.618,"Mount",0.109,-0.161,0.169,0.097,0.106,0.000,34,W,0,,,,424699,300.95,0
269,669.767,"Mount",-0.014,-0.014,-0.006,0.019,0.000,0.000,0,,0,,,,408300,245.67,0
270,672.250,"Mount",-0.075,0.201,-0.156,-0.148,-0.098,0.000,32,E,0,,,,425861,280.30,0
271,674.673,"Mount",0.421,0.055,0.354,-0.234,0.216,-0.234,70,W,49,N,,,434246,277.62,0
272,677.080,"Mount",-0.274,-0.065,-0.217,0.178,-0.122,0.000,40,E,0,,,,392229,265.69,0
273,679.345,"Mount",0.117,-0.347,0.257,0.260,0.153,0.000,50,W,0,,,,388479,269.48,0
274,681.767,"Mount",-0.268,-0.064,-0.213,0.175,-0.123,0.000,40,E,0,,,,379498,255.71,0
275,684.000,"Mount",-0.017,-0.060,0.011,0.061,0.000,0.000,0,,0,,,,393999,272.42,0
276,686.533,"Mount",-0.484,-0.016,-0.427,0.227,-0.269,0.000,87,E,0,,,,391328,268.16,0
277,688.681,"Mount",0.034,0.006,0.028,-0.020,0.000,0.000,0,,0,,,,375580,266.28,0
278,691.126,"Mount",-0.285,-0.376,-0.091,0.463,0.000,0.000,0,,0,,,,393257,283.07,0
279,694.946,"Mount",-0.408,-0.278,-0.245,0.429,-0.154,0.429,50,E,1426,S,,,389172,248.68,0
280,697.376,"Mount",0.257,-0.159,0.301,0.030,0.179,0.000,58,W,0,,,,419131,267.19,0
281,699.626,"Mount",0.152,-0.133,0.195,0.053,0.135,0.000,44,W,0,,,,376615,264.12,0
282,702.060,"Mount",0.324,0.190,0.208,-0.313,0.140,0.000,46,W,0,,,,423088,279.14,0
283,704.223,"Mount",0.040,0.093,-0.005,-0.101,0.000,0.000,0,,0,,,,389143,255.09,0
284,706.823,"Mount",-0.534,0.339,-0.629,-0.070,-0.396,0.000,129,E,0,,,,407126,285.05,0
285,709.122,"Mount",-0.228,-0.251,-0.095,0.326,0.000,0.326,0,,68,S,,,398129,259.99,0
286,711.560,"Mount",-0.129,-0.251,-0.006,0.283,0.000,0.283,0,,59,S,,,415622,288.11,0
287,713.712,"Mount",0.049,-0.008,0.047,-0.014,0.000,0.000,0,,0,,,,398532,303.30,0
288,716.192,"Mount",-0.159,-0.195,-0.057,0.245,0.000,0.245,0,,51,S,,,405860,256.08,0
289,718.431,"Mount",0.360,-0.055,0.348,-0.108,0.219,0.000,71,W,0,,,,365735,257.44,0
290,720.873,"Mount",-0.306,0.085,-0.312,0.058,-0.181,0.000,59,E,0,,,,415775,251.44,0
291,723.152,"Mount",-0.240,0.242,-0.322,-0.112,-0.216,0.000,70,E,0,,,,388082,263.10,0
292,725.714,"Mount",0.424,0.071,0.350,-0.250,0.205,0.000,67,W,0,,,,387285,242.74,0
293,727.849,"Mount",0.110,0.348,-0.053,-0.361,0.000,0.000,0,,0,,,,424745,293.83,0
294,730.376,"Mount",-0.252,0.184,-0.307,-0.054,-0.193,0.000,63,E,0,,,,413786,263.93,0
295,732.708,"Mount",-0.174,0.399,-0.331,-0.282,-0.222,0.000,72,E,0,,,,408297,297.49,0
296,735.040,"Mount",0.153,0.108,0.090,-0.165,0.000,0.000,0,,0,,,,378914,248.20,0
297,737.400,"Mount",-0.321,0.145,-0.352,0.011,-0.222,0.000,72,E,0,,,,378983,267.59,0
298,739.841,"Mount",0.245,-0.543,0.459,0.381,0.274,0.000,89,W,0,,,,387211,263.86,0
299,741.981,"Mount",-0.330,-0.550,-0.055,0.639,0.000,0.000,0,,0,,,,379460,255.89,0
300,744.625,"Mount",0.204,-0.408,0.362,0.277,0.228,0.277,74,W,58,S,,,349571,236.31,0
301,746.984,"Mount",0.157,-0.321,0.282,0.219,0.194,0.219,63,W,46,S,,,394816,259.02,0
302,749.296,"Mount",0.011,0.060,-0.017,-0.059,0.000,0.000,0,,0,,,,379433,258.23,0
303,751.533,"Mount",0.198,0.353,0.023,-0.404,0.000,0.000,0,,0,,,,403029,267.78,0
304,753.932,"Mount",-0.045,-0.093,0.000,0.103,0.000,0.000,0,,0,,,,372275,258.79,0
305,756.167,"Mount",0.049,0.206,-0.046,-0.207,0.000,0.000,0,,0,,,,413041,272.45,0
306,758.622,"Mount",-0.067,0.051,-0.083,-0.016,0.000,0.000,0,,0,,,,412370,280.34,0
307,761.089,"Mount",-0.317,-0.195,-0.199,0.314,-0.126,0.314,41,E,66,S,,,390177,248.88,0
308,763.545,"Mount",0.545,-0.090,0.529,-0.158,0.324,0.000,105,W,0,,,,413875,299.61,0
309,765.700,"Mount",-0.119,-0.071,-0.076,0.116,0.000,0.000,0,,0,,,,383245,256.68,0
310,768.127,"Mount",-0.029,0.002,-0.027,0.011,0.000,0.000,0,,0,,,,439307,284.06,0
311,770.355,"Mount",0.095,0.177,0.008,-0.201,0.000,0.000,0,,0,,,,381605,245.62,0
312,772.888,"Mount",-0.156,0.160,-0.211,-0.075,-0.133,0.000,43,E,0,,,,383390,248.32,0
313,775.156,"Mount",0.293,-0.165,0.336,0.020,0.202,0.000,66,W,0,,,,417774,273.71,0
314,777.486,"Mount",-0.025,0.037,-0.039,-0.022,0.000,0.000,0,,0,,,,390983,294.21,0
315,779.817,"Mount",-0.170,-0.168,-0.079,0.226,0.000,0.226,0,,47,S,,,419819,306.31,0
316,782.219,"Mount",0.144,-0.117,0.181,0.042,0.114,0.000,37,W,0,,,,417573,277.20,0
317,784.358,"Mount",0.006,0.186,-0.076,-0.170,0.000,0.000,0,,0,,,,446601,297.50,0
318,786.782,"Mount",0.191,0.343,0.021,-0.392,0.000,0.000,0,,0,,,,399020,311.57,0
319,789.032,"Mount",0.144,0.451,-0.068,-0.468,0.000,0.000,0,,0,,,,374239,272.72,0
320,793.001,"Mount",-0.159,0.570,-0.393,-0.442,-0.247,-0.442,80,E,1429,N,,,376633,266.00,0
321,795.536,"Mount",-0.105,0.439,-0.287,-0.349,-0.198,-0.349,64,E,73,N,,,409512,264.61,0
322,798.042,"Mount",-0.488,0.265,-0.555,-0.024,-0.363,0.000,118,E,0,,,,391139,288.30,0
323,800.425,"Mount",-0.689,0.233,-0.722,0.093,-0.480,0.000,156,E,0,,,,414576,269.70,0
324,802.993,"Mount",0.479,-0.687,0.732,0.407,0.427,0.000,139,W,0,,,,393964,247.22,0
325,805.321,"Mount",0.402,-0.527,0.592,0.297,0.403,0.000,131,W,0,,,,369226,253.42,0
326,807.637,"Mount",-0.184,-0.361,-0.007,0.405,0.000,0.000,0,,0,,,,407427,263.30,0
327,809.859,"Mount",-0.020,-0.060,0.008,0.063,0.000,0.000,0,,0,,,,373376,260.80,0
328,812.248,"Mount",-0.241,-0.338,-0.068,0.410,0.000,0.000,0,,0,,,,450776,281.35,0
329,815.969,"Mount",-0.285,-0.363,-0.096,0.451,0.000,0.451,0,,1431,S,,,379209,257.24,0
330,818.417,"Mount",-0.173,0.028,-0.168,0.051,-0.106,0.000,34,E,0,,,,408003,287.59,0
331,820.605,"Mount",-0.052,0.016,-0.054,0.008,0.000,0.000,0,,0,,,,378546,276.90,0
332,823.224,"Mount",-0.599,0.620,-0.810,-0.294,-0.511,0.000,166,E,0,,,,382916,254.13,0
333,825.414,"Mount",0.099,0.166,0.016,-0.193,0.000,0.000,0,,0,,,,420705,290.44,0
334,827.802,"Mount",0.142,0.025,0.116,-0.085,0.000,0.000,0,,0,,,,383571,272.52,0
335,830.153,"Mount",0.224,-0.042,0.219,-0.061,0.138,0.000,45,W,0,,,,417964,276.97,0
336,832.609,"Mount",-0.284,0.182,-0.335,-0.039,-0.201,0.000,65,E,0,,,,354939,247.61,0
337,835.020,"Mount",-0.403,-0.031,-0.349,0.204,-0.234,0.204,76,E,43,S,,,389101,255.87,0
338,837.351,"Mount",0.023,0.030,0.008,-0.037,0.000,0.000,0,,0,,,,409213,284.36,0
339,839.688,"Mount",0.275,-0.085,0.284,-0.044,0.179,0.000,58,W,0,,,,382884,273.25,0
340,842.077,"Mount",-0.073,0.237,-0.169,-0.181,-0.094,0.000,31,E,0,,,,393096,262.40,0
341,844.496,"Mount",-0.553,0.015,-0.503,0.229,-0.324,0.229,105,E,48,S,,,393858,262.94,0
342,846.822,"Mount",0.105,-0.027,0.106,-0.022,0.000,0.000,0,,0,,,,384681,278.14,0
343,849.196,"Mount",0.284,-0.227,0.354,0.079,0.223,0.000,72,W,0,,,,415568,284.28,0
344,851.504,"Mount",-0.016,-0.057,0.011,0.058,0.000,0.000,0,,0,,,,436149,299.48,0
345,853.817,"Mount",0.186,-0.000,0.168,-0.081,0.106,0.000,34,W,0,,,,387452,278.22,0
346,856.312,"Mount",-0.581,0.328,-0.666,-0.040,-0.412,0.000,134,E,0,,,,402122,248.17,0
347,858.567,"Mount",-0.157,0.103,-0.186,-0.023,-0.146,0.000,47,E,0,,,,392232,275.46,0
348,860.928,"Mount",-0.058,0.044,-0.072,-0.014,0.000,0.000,0,,0,,,,409983,306.37,0
349,863.156,"Mount",0.047,0.050,0.021,-0.065,0.000,0.000,0,,0,,,,407482,285.33,0
350,865.845,"Mount",-0.251,-0.140,-0.164,0.236,-0.103,0.236,34,E,50,S,,,389044,267.57,0
351,868.025,"Mount",-0.134,0.019,-0.129,0.042,0.000,0.000,0,,0,,,,391521,285.46,0
352,870.484,"Mount",0.031,0.017,0.021,-0.029,0.000,0.000,0,,0,,,,363198,242.52,0
353,872.774,"Mount",0.146,0.437,-0.060,-0.457,0.000,0.000,0,,0,,,,378394,273.30,0
354,875.220,"Mount",-0.008,0.161,-0.078,-0.141,0.000,0.000,0,,0,,,,368324,263.72,0
355,877.641,"Mount",-0.612,0.457,-0.750,-0.142,-0.473,0.000,153,E,0,,,,399487,251.36,0
356,880.075,"Mount",-0.218,-0.052,-0.173,0.142,-0.142,0.000,46,E,0,,,,411388,273.17,0
357,882.362,"Mount",0.018,0.436,-0.175,-0.399,-0.120,0.000,39,E,0,,,,441263,299.65,0
358,884.676,"Mount",0.037,0.065,0.004,-0.075,0.000,0.000,0,,0,,,,416977,286.74,0
359,887.036,"Mount",-0.036,0.265,-0.149,-0.222,-0.094,0.000,30,E,0,,,,380583,263.22,0
360,891.049,"Mount",0.663,0.051,0.574,-0.337,0.355,-0.337,115,W,1407,N,,,389185,272.66,0
361,895.088,"Mount",-0.699,-0.541,-0.391,0.793,-0.221,0.793,72,E,1503,S,,,392828,263.98,0
362,897.547,"Mount",-0.285,-0.285,-0.131,0.381,-0.098,0.381,32,E,80,S,,,378263,270.50,0
363,899.991,"Mount",0.454,0.079,0.373,-0.270,0.228,0.000,74,W,0,,,,369630,245.74,0
364,902.155,"Mount",-0.053,-0.017,-0.040,0.038,0.000,0.000,0,,0,,,,376076,242.01,0
365,904.617,"Mount",0.176,0.047,0.137,-0.119,0.087,0.000,28,W,0,,,,396460,233.37,0
366,906.920,"Mount",-0.195,0.235,-0.279,-0.125,-0.169,0.000,55,E,0,,,,385243,242.47,0
367,909.339,"Mount",-0.028,0.268,-0.143,-0.228,-0.102,0.000,33,E,0,,,,438798,259.78,0
368,911.529,"Mount",0.029,-0.046,0.046,0.029,0.000,0.000,0,,0,,,,420246,242.65,0
369,914.033,"Mount",0.251,-0.070,0.257,-0.047,0.162,0.000,52,W,0,,,,375348,241.61,0
370,916.178,"Mount",0.099,0.383,-0.079,-0.388,0.000,0.000,0,,0,,,,382126,252.26,0
371,920.056,"Mount",0.053,0.395,-0.126,-0.378,0.000,-0.378,0,,1415,N,,,378121,274.30,0
372,922.373,"Mount",-0.232,0.105,-0.254,0.008,-0.160,0.000,52,E,0,,,,399599,264.07,0
373,924.896,"Mount",-0.888,-0.233,-0.696,0.599,-0.450,0.000,146,E,0,,,,376835,246.47,0
374,927.213,"Mount",0.136,-0.273,0.242,0.186,0.121,0.000,39,W,0,,,,368735,241.74,0
375,929.633,"Mount",0.021,-0.367,0.180,0.321,0.122,0.000,40,W,0,,,,372892,253.73,0
376,931.773,"Mount",-0.103,-0.125,-0.038,0.157,0.000,0.000,0,,0,,,,363705,250.50,0
377,934.175,"Mount",-0.204,-0.176,-0.106,0.248,0.000,0.000,0,,0,,,,412661,287.14,0
378,936.574,"Mount",-0.661,-0.040,-0.577,0.326,-0.363,0.000,118,E,0,,,,368337,242.49,0
379,940.408,"Mount",-0.216,-0.598,0.068,0.632,0.000,0.632,0,,1469,S,,,384203,249.08,0
380,942.890,"Mount",-0.277,-0.831,0.116,0.869,0.000,0.869,0,,182,S,,,418915,255.70,0
381,946.816,"Mount",0.146,0.760,-0.202,-0.747,-0.127,-0.747,41,E,1387,N,,,397619,297.35,0
382,949.280,"Mount",0.544,0.810,0.133,-0.966,0.075,-0.966,24,W,203,N,,,383117,239.62,0
383,951.705,"Mount",-0.260,0.200,-0.322,-0.066,-0.197,0.000,64,E,0,,,,384446,261.92,0
384,954.064,"Mount",0.344,0.312,0.172,-0.432,0.095,-0.432,31,W,91,N,,,378981,251.02,0
385,956.450,"Mount",0.247,0.077,0.188,-0.178,0.125,0.000,41,W,0,,,,388661,288.61,0
386,958.740,"Mount",0.303,0.003,0.271,-0.136,0.180,0.000,58,W,0,,,,403351,266.87,0
387,961.169,"Mount",0.292,-0.285,0.387,0.129,0.257,0.000,83,W,0,,,,409260,273.57,0
388,963.342,"Mount",-0.263,-0.391,-0.064,0.467,0.000,0.000,0,,0,,,,377276,269.49,0
389,965.793,"Mount",-0.068,0.172,-0.137,-0.125,-0.086,0.000,28,E,0,,,,388972,277.10,0
390,968.112,"Mount",0.186,0.465,-0.037,-0.499,0.000,-0.499,0,,105,N,,,383480,293.98,0
391,970.544,"Mount",0.051,0.265,-0.070,-0.260,0.000,-0.260,0,,55,N,,,379479,275.78,0
392,972.936,"Mount",-0.567,0.137,-0.570,0.126,-0.359,0.000,116,E,0,,,,368043,249.49,0
393,975.401,"Mount",-0.322,0.213,-0.383,-0.050,-0.266,0.000,86,E,0,,,,393776,260.45,0
394,977.555,"Mount",0.179,0.090,0.122,-0.159,0.000,0.000,0,,0,,,,362684,235.50,0
395,980.057,"Mount",0.123,-0.211,0.203,0.136,0.128,0.000,41,W,0,,,,385878,257.32,0
396,982.313,"Mount",-0.353,-0.148,-0.252,0.288,-0.150,0.000,49,E,0,,,,398898,234.68,0
397,984.840,"Mount",-0.634,0.114,-0.620,0.175,-0.401,0.000,130,E,0,,,,382157,238.77,0
398,987.113,"Mount",-0.442,-0.246,-0.289,0.415,-0.210,0.000,68,E,0,,,,440468,315.83,0
399,989.432,"Mount",-0.077,-0.107,-0.023,0.130,0.000,0.000,0,,0,,,,387832,283.64,0
400,991.809,"Mount",-0.636,-0.120,-0.519,0.387,-0.327,0.000,106,E,0,,,,406110,255.53,0
401,995.601,"Mount",-0.295,-0.270,-0.147,0.372,-0.115,0.372,37,E,1362,S,,,396718,265.96,0
402,997.936,"Mount",-0.353,-0.082,-0.281,0.229,-0.185,0.229,60,E,48,S,,,412003,283.06,0
403,1000.552,"Mount",0.444,-0.631,0.676,0.372,0.413,0.372,134,W,78,S,,,370779,241.77,0
404,1002.819,"Mount",-0.034,-0.269,0.088,0.256,0.000,0.256,0,,54,S,,,370764,244.65,0
405,1005.201,"Mount",0.020,-0.155,0.086,0.131,0.000,0.000,0,,0,,,,403912,289.25,0
406,1007.481,"Mount",-0.116,-0.039,-0.087,0.086,0.000,0.000,0,,0,,,,409537,260.07,0
407,1010.081,"Mount",-0.518,0.114,-0.515,0.125,-0.324,0.000,105,E,0,,,,398579,279.63,0
408,1012.230,"Mount",-0.131,-0.078,-0.084,0.128,0.000,0.000,0,,0,,,,410721,266.63,0
409,1014.626,"Mount",0.003,-0.163,0.074,0.145,0.000,0.000,0,,0,,,,392693,248.48,0
410,1016.920,"Mount",-0.075,-0.094,-0.026,0.117,0.000,0.000,0,,0,,,,397617,295.42,0
411,1019.313,"Mount",-0.106,-0.049,-0.073,0.091,0.000,0.000,0,,0,,,,399274,285.65,0
412,1021.689,"Mount",0.324,-0.264,0.407,0.095,0.257,0.000,83,W,0,,,,393089,291.03,0
413,1024.153,"Mount",-0.545,0.163,-0.561,0.093,-0.335,0.000,109,E,0,,,,382644,282.14,0
414,1026.441,"Mount",-0.409,0.184,-0.449,0.014,-0.306,0.000,99,E,0,,,,402770,263.55,0
415,1029.032,"Mount",-0.430,-0.112,-0.338,0.289,-0.234,0.289,76,E,61,S,,,401362,296.10,0
416,1031.353,"Mount",-0.304,-0.476,-0.064,0.561,0.000,0.561,0,,118,S,,,362799,219.71,0
417,1033.669,"Mount",-0.167,-0.064,-0.122,0.131,0.000,0.000,0,,0,,,,413317,290.38,0
418,1035.971,"Mount",0.128,0.259,0.002,-0.289,0.000,0.000,0,,0,,,,391232,249.42,0
419,1038.394,"Mount",0.094,0.106,0.038,-0.137,0.000,0.000,0,,0,,,,407846,291.54,0
420,1040.894,"Mount",0.565,-0.407,0.686,0.118,0.432,0.000,140,W,0,,,,415114,237.47,0
421,1043.214,"Mount",-0.012,0.000,-0.011,0.005,0.000,0.000,0,,0,,,,390137,265.30,0
422,1045.637,"Mount",0.370,0.111,0.284,-0.262,0.179,0.000,58,W,0,,,,377208,234.20,0
423,1048.192,"Mount",-0.486,-0.007,-0.434,0.219,-0.261,0.219,85,E,46,S,,,411034,261.44,0
424,1050.648,"Mount",-0.762,0.028,-0.697,0.309,-0.457,0.309,148,E,65,S,,,382241,250.56,0
425,1053.072,"Mount",-0.023,0.262,-0.136,-0.226,-0.117,0.000,38,E,0,,,,388102,256.33,0
426,1055.258,"Mount",0.018,-0.207,0.107,0.178,0.000,0.000,0,,0,,,,432243,255.53,0
427,1057.745,"Mount",0.238,-0.060,0.240,-0.050,0.151,0.000,49,W,0,,,,383491,260.56,0
428,1059.897,"Mount",0.106,0.185,0.014,-0.212,0.000,0.000,0,,0,,,,398938,263.68,0
429,1062.422,"Mount",0.384,-0.134,0.403,-0.048,0.254,0.000,82,W,0,,,,402276,274.89,0
430,1064.648,"Mount",-0.077,-0.270,0.049,0.276,0.000,0.276,0,,58,S,,,398328,262.53,0
431,1067.298,"Mount",0.251,-0.412,0.406,0.260,0.256,0.260,83,W,55,S,,,367401,249.63,0
432,1069.571,"Mount",-0.273,0.232,-0.347,-0.088,-0.201,0.000,65,E,0,,,,373245,268.72,0
433,1071.985,"Mount",-0.236,0.222,-0.310,-0.096,-0.209,0.000,68,E,0,,,,385197,241.67,0
434,1074.306,"Mount",-0.462,0.408,-0.594,-0.164,-0.389,0.000,126,E,0,,,,378171,250.38,0
435,1076.789,"Mount",-0.048,-0.352,0.112,0.337,0.000,0.337,0,,71,S,,,372404,270.61,0
436,1079.052,"Mount",-0.124,-0.183,-0.031,0.219,0.000,0.219,0,,46,S,,,381972,255.07,0
437,1081.569,"Mount",-0.247,-0.663,0.069,0.704,0.000,0.704,0,,148,S,,,399784,246.40,0
438,1083.841,"Mount",0.387,-0.133,0.406,-0.051,0.256,0.000,83,W,0,,,,367746,279.66,0
439,1086.357,"Mount",0.456,-0.224,0.509,0.001,0.338,0.000,110,W,0,,,,382523,253.68,0
440,1088.600,"Mount",-0.142,-0.267,-0.010,0.302,0.000,0.302,0,,63,S,,,383558,249.28,0
441,1091.081,"Mount",-0.455,0.496,-0.626,-0.246,-0.395,0.000,128,E,0,,,,361999,258.44,0
442,1093.228,"Mount",0.064,0.189,-0.025,-0.198,0.000,0.000,0,,0,,,,404151,263.08,0
443,1095.737,"Mount",-0.071,0.273,-0.183,-0.214,-0.116,0.000,38,E,0,,,,404992,305.58,0
444,1097.980,"Mount",-0.020,0.288,-0.144,-0.250,-0.099,0.000,32,E,0,,,,390078,268.48,0
445,1100.449,"Mount",-0.470,0.096,-0.464,0.120,-0.299,0.000,97,E,0,,,,353280,256.11,0
446,1102.615,"Mount",0.073,-0.005,0.068,-0.027,0.000,0.000,0,,0,,,,386206,275.00,0
447,1105.268,"Mount",0.496,-0.162,0.516,-0.072,0.325,0.000,106,W,0,,,,380498,255.05,0
448,1108.993,"Mount",0.502,0.022,0.442,-0.240,0.301,-0.240,98,W,1381,N,,,372715,242.27,0
449,1111.505,"Mount",-0.832,0.197,-0.834,0.188,-0.504,0.000,164,E,0,,,,402992,267.46,0
450,1113.825,"Mount",-0.518,0.235,-0.569,0.017,-0.394,0.000,128,E,0,,,,390947,290.08,0
451,1116.249,"Mount",0.423,-0.109,0.428,-0.087,0.242,0.000,79,W,0,,,,408934,278.52,0
452,1118.449,"Mount",-0.232,-0.085,-0.171,0.178,-0.091,0.000,29,E,0,,,,365428,231.64,0
453,1120.945,"Mount",-0.387,0.290,-0.475,-0.091,-0.306,0.000,99,E,0,,,,401648,299.24,0
454,1123.094,"Mount",-0.104,0.009,-0.098,0.037,0.000,0.000,0,,0,,,,362030,239.28,0
455,1125.510,"Mount",0.131,0.145,0.055,-0.188,0.000,0.000,0,,0,,,,372668,263.70,0
456,1127.750,"Mount",-0.118,-0.028,-0.093,0.077,0.000,0.000,0,,0,,,,372931,242.78,0
457,1130.166,"Mount",0.089,-0.095,0.121,0.046,0.000,0.000,0,,0,,,,369073,281.54,0
458,1132.574,"Mount",-0.061,0.285,-0.179,-0.229,-0.113,-0.229,37,E,48,N,,,373623,239.71,0
459,1135.029,"Mount",-0.249,0.107,-0.271,0.013,-0.178,0.000,58,E,0,,,,360172,248.75,0
460,1137.167,"Mount",-0.152,-0.075,-0.104,0.134,0.000,0.000,0,,0,,,,388553,262.59,0
461,1139.833,"Mount",-0.762,0.278,-0.807,0.084,-0.509,0.000,165,E,0,,,,408055,291.90,0
462,1142.082,"Mount",-0.070,-0.454,0.137,0.439,0.051,0.000,16,W,0,,,,382876,258.54,0
463,1144.488,"Mount",0.030,-0.288,0.153,0.246,0.100,0.000,32,W,0,,,,400131,245.94,0
464,1146.817,"Mount",-0.417,0.150,-0.440,0.049,-0.270,0.000,88,E,0,,,,406017,298.02,0
465,1150.794,"Mount",0.121,-0.827,0.471,0.690,0.278,0.690,90,W,1476,S,,,393579,245.69,0
466,1153.105,"Mount",-0.193,-0.467,0.031,0.504,0.000,0.504,0,,106,S,,,401874,250.29,0
467,1155.521,"Mount",0.228,0.136,0.146,-0.222,0.092,0.000,30,W,0,,,,383845,232.58,0
468,1159.241,"Mount",0.069,0.977,-0.367,-0.908,-0.225,-0.908,73,E,1421,N,,,402425,250.77,0
469,1161.776,"Mount",-0.030,0.482,-0.238,-0.420,-0.166,-0.420,54,E,88,N,,,426299,254.47,0
470,1164.113,"Mount",-0.390,0.340,-0.500,-0.134,-0.326,0.000,106,E,0,,,,397256,252.32,0
471,1166.634,"Mount",0.444,-0.160,0.470,-0.051,0.273,0.000,89,W,0,,,,402798,274.20,0
472,1168.957,"Mount",0.380,-0.057,0.367,-0.116,0.250,0.000,81,W,0,,,,389400,240.33,0
473,1171.269,"Mount",-0.030,-0.051,-0.005,0.059,0.000,0.000,0,,0,,,,420393,250.83,0
474,1173.632,"Mount",0.224,0.201,0.113,-0.279,0.000,-0.279,0,,59,N,,,373730,237.68,0
475,1176.233,"Mount",-0.506,0.573,-0.707,-0.293,-0.445,-0.293,144,E,61,N,,,377760,253.68,0
476,1178.553,"Mount",-0.414,0.378,-0.538,-0.158,-0.370,0.000,120,E,0,,,,370664,238.82,0
477,1180.972,"Mount",-0.060,0.230,-0.155,-0.181,-0.123,0.000,40,E,0,,,,325810,192.31,0
478,1183.197,"Mount",0.035,-0.338,0.180,0.288,0.105,0.000,34,W,0,,,,379404,234.24,0
479,1185.617,"Mount",-0.217,0.098,-0.238,0.007,-0.143,0.000,46,E,0,,,,384534,266.33,0
480,1188.041,"Mount",0.602,-0.060,0.568,-0.210,0.348,-0.210,113,W,44,N,,,356496,220.36,0
481,1190.512,"Mount",-0.408,-0.233,-0.265,0.388,-0.142,0.000,46,E,0,,,,381741,220.76,0
482,1192.664,"Mount",-0.011,-0.291,0.118,0.266,0.000,0.000,0,,0,,,,358857,244.96,0
483,1195.261,"Mount",0.305,-0.517,0.501,0.331,0.315,0.000,102,W,0,,,,383733,232.26,0
484,1197.427,"Mount",-0.087,-0.149,-0.013,0.172,0.000,0.000,0,,0,,,,386091,253.25,0
485,1201.168,"Mount",-0.103,-0.375,0.072,0.382,0.000,0.382,0,,1310,S,,,368263,270.54,0
486,1203.449,"Mount",-0.403,0.109,-0.410,0.079,-0.258,0.000,84,E,0,,,,376900,245.76,0
487,1205.961,"Mount",-0.511,0.202,-0.547,0.043,-0.363,0.000,118,E,0,,,,413848,263.18,0
488,1208.193,"Mount",0.287,-0.135,0.317,-0.004,0.175,0.000,57,W,0,,,,406777,280.24,0
489,1210.632,"Mount",-0.212,-0.289,-0.064,0.353,0.000,0.353,0,,74,S,,,402592,271.33,0
490,1212.953,"Mount",0.418,-0.118,0.428,-0.078,0.269,0.000,87,W,0,,,,359849,238.53,0
491,1215.433,"Mount",-0.237,-0.112,-0.164,0.205,-0.084,0.205,27,E,43,S,,,365829,231.23,0
492,1217.576,"Mount",-0.168,-0.067,-0.122,0.134,0.000,0.000,0,,0,,,,377866,252.08,0
493,1220.135,"Mount",-0.548,0.190,-0.575,0.070,-0.362,0.000,118,E,0,,,,422914,291.06,0
494,1222.488,"Mount",-0.297,-0.263,-0.151,0.366,-0.121,0.366,39,E,77,S,,,402511,284.19,0
495,1224.820,"Mount",0.077,-0.024,0.080,-0.012,0.000,0.000,0,,0,,,,379494,259.47,0
496,1227.350,"Mount",0.391,-0.098,0.395,-0.083,0.249,0.000,81,W,0,,,,395423,222.79,0
497,1229.777,"Mount",-0.357,-0.018,-0.313,0.173,-0.180,0.000,58,E,0,,,,388588,269.78,0
498,1231.985,"Mount",-0.116,0.114,-0.155,-0.051,-0.110,0.000,36,E,0,,,,411905,296.76,0
499,1234.609,"Mount",1.133,-0.716,1.332,0.146,0.832,0.000,270,W,0,,,,354149,253.90,0
500,1237.049,"Mount",0.402,-0.461,0.564,0.238,0.413,0.238,134,W,50,S,,,407694,283.25,0
501,1239.593,"Mount",-0.698,0.448,-0.824,-0.097,-0.490,0.000,159,E,0,,,,376663,255.73,0
502,1242.097,"Mount",-1.076,0.293,-1.095,0.209,-0.724,0.209,235,E,44,S,,,411149,286.29,0
503,1244.639,"Mount",-0.315,-0.123,-0.229,0.249,-0.195,0.249,63,E,52,S,,,408840,240.81,0
504,1246.997,"Mount",-0.349,0.095,-0.356,0.067,-0.238,0.000,77,E,0,,,,395133,247.68,0
505,1249.326,"Mount",0.225,0.169,0.128,-0.251,0.000,0.000,0,,0,,,,368421,238.02,0
506,1251.721,"Mount",-0.039,-0.230,0.066,0.224,0.000,0.224,0,,47,S,,,389937,232.58,0
507,1254.289,"Mount",0.396,0.016,0.349,-0.188,0.220,0.000,71,W,0,,,,394233,239.94,0
INFO: SET LOCK POSITION, new lock pos = 624.794, 920.660
INFO: DITHER by 2.797, 3.437, new lock pos = 625.799, 916.345
INFO: SETTLING STATE CHANGE, Settling started
508,1259.889,"Mount",-1.005,4.315,-2.797,-3.437,-2.797,-3.437,908,E,1952,N,,,374308,238.45,0
509,1263.145,"Mount",2.542,1.690,1.543,-2.634,0.972,-2.634,315,W,553,N,,,382268,231.66,0
510,1265.913,"Mount",1.343,1.492,0.552,-1.931,0.416,-1.931,135,W,405,N,,,362056,228.94,0
511,1268.316,"Mount",-0.483,-0.181,-0.355,0.375,-0.195,0.000,63,E,0,,,,391038,258.09,0
512,1270.630,"Mount",-0.649,-0.005,-0.581,0.290,-0.380,0.000,123,E,0,,,,334116,244.56,0
513,1273.121,"Mount",0.490,-0.503,0.661,0.237,0.390,0.000,127,W,0,,,,370817,323.78,0
514,1275.438,"Mount",-0.400,-0.018,-0.352,0.192,-0.194,0.000,63,E,0,,,,403628,260.86,0
515,1277.900,"Mount",-0.314,-0.083,-0.246,0.212,-0.169,0.000,55,E,0,,,,327873,247.73,0
516,1280.186,"Mount",-0.264,-0.188,-0.155,0.285,-0.109,0.000,36,E,0,,,,383007,275.76,0
517,1282.502,"Mount",-0.065,-0.407,0.120,0.395,0.000,0.000,0,,0,,,,357304,250.61,0
INFO: SETTLING STATE CHANGE, Settling complete
518,1285.086,"Mount",-0.303,-0.302,-0.140,0.404,-0.088,0.000,29,E,0,,,,369046,266.55,0
519,1287.601,"Mount",0.131,-0.429,0.306,0.328,0.186,0.000,61,W,0,,,,366310,258.45,0
520,1291.425,"Mount",-0.935,-0.619,-0.569,0.966,-0.345,0.966,112,E,1433,S,,,370322,255.07,0
521,1294.025,"Mount",1.324,-0.149,1.254,-0.447,0.766,0.000,249,W,0,,,,325911,232.97,0
522,1297.721,"Mount",0.569,0.407,0.333,-0.615,0.264,-0.615,86,W,1359,N,,,402465,264.32,0
523,1300.137,"Mount",-0.407,-0.019,-0.358,0.195,-0.207,0.000,67,E,0,,,,378211,298.11,0
524,1302.441,"Mount",-0.593,-0.098,-0.490,0.348,-0.323,0.000,105,E,0,,,,384957,255.47,0
525,1304.898,"Mount",-0.255,-0.009,-0.225,0.120,-0.165,0.000,53,E,0,,,,369331,254.16,0
526,1307.231,"Mount",-0.464,0.037,-0.433,0.170,-0.284,0.000,92,E,0,,,,403241,236.54,0
527,1309.616,"Mount",-0.027,0.119,-0.077,-0.095,0.000,0.000,0,,0,,,,348770,238.91,0
528,1311.897,"Mount",-0.221,-0.139,-0.138,0.222,-0.087,0.000,28,E,0,,,,399378,264.63,0
529,1314.312,"Mount",0.159,0.013,0.137,-0.081,0.080,0.000,26,W,0,,,,373964,244.57,0
530,1316.583,"Mount",0.255,0.079,0.195,-0.183,0.128,0.000,42,W,0,,,,358019,245.43,0
531,1318.945,"Mount",-0.020,-0.190,0.065,0.180,0.000,0.000,0,,0,,,,341237,235.67,0
532,1321.275,"Mount",0.340,-0.072,0.337,-0.084,0.212,0.000,69,W,0,,,,365027,266.90,0
533,1323.590,"Mount",-0.018,0.087,-0.054,-0.071,0.000,0.000,0,,0,,,,387451,260.04,0
534,1325.954,"Mount",-0.196,0.029,-0.189,0.060,-0.119,0.000,39,E,0,,,,398572,279.49,0
535,1328.342,"Mount",-0.290,-0.106,-0.214,0.223,-0.143,0.000,46,E,0,,,,375381,299.17,0
536,1330.593,"Mount",-0.268,-0.033,-0.226,0.147,-0.152,0.000,49,E,0,,,,414532,264.65,0
537,1333.122,"Mount",0.614,-0.403,0.728,0.092,0.448,0.000,145,W,0,,,,413796,281.08,0
538,1335.433,"Mount",-0.489,0.213,-0.533,0.023,-0.304,0.000,99,E,0,,,,385091,292.95,0
539,1337.766,"Mount",-0.045,-0.028,-0.028,0.045,0.000,0.000,0,,0,,,,392436,266.08,0
540,1340.099,"Mount",0.202,-0.146,0.246,0.042,0.155,0.000,50,W,0,,,,380888,272.97,0
541,1342.503,"Mount",-0.079,-0.532,0.163,0.512,0.113,0.000,37,W,0,,,,382039,268.85,0
542,1346.210,"Mount",0.596,-0.639,0.816,0.313,0.522,0.313,169,W,1296,S,,,377750,250.67,0
543,1348.746,"Mount",0.601,-0.065,0.569,-0.205,0.395,0.000,128,W,0,,,,363753,257.98,0
544,1350.955,"Mount",0.093,0.128,0.028,-0.156,0.000,0.000,0,,0,,,,401580,274.57,0
545,1353.481,"Mount",-0.253,0.089,-0.267,0.031,-0.168,0.000,55,E,0,,,,389842,274.12,0
546,1355.722,"Mount",0.250,-0.045,0.244,-0.070,0.142,0.000,46,W,0,,,,395651,264.98,0
547,1358.138,"Mount",0.153,-0.080,0.173,0.004,0.119,0.000,39,W,0,,,,370942,226.52,0
548,1360.385,"Mount",0.257,0.127,0.175,-0.227,0.119,0.000,38,W,0,,,,369986,283.07,0
549,1362.745,"Mount",0.138,0.048,0.103,-0.104,0.000,0.000,0,,0,,,,397314,296.34,0
550,1365.143,"Mount",0.470,0.152,0.355,-0.343,0.224,0.000,73,W,0,,,,404704,288.23,0
551,1368.882,"Mount",0.294,0.271,0.145,-0.372,0.107,-0.372,35,W,1308,N,,,379739,256.28,0
552,1371.154,"Mount",-0.215,0.124,-0.248,-0.017,-0.149,0.000,48,E,0,,,,377887,277.70,0
553,1373.591,"Mount",-0.159,0.026,-0.154,0.046,-0.107,0.000,35,E,0,,,,393794,263.43,0
554,1375.975,"Mount",0.286,-0.129,0.314,-0.010,0.190,0.000,62,W,0,,,,365913,234.14,0
555,1378.519,"Mount",-0.336,0.185,-0.383,-0.019,-0.228,0.000,74,E,0,,,,431175,283.60,0
556,1380.773,"Mount",0.074,-0.328,0.211,0.262,0.117,0.000,38,W,0,,,,389139,251.55,0
557,1383.238,"Mount",0.121,-0.483,0.321,0.381,0.211,0.000,68,W,0,,,,371712,207.86,0
558,1385.386,"Mount",0.110,-0.040,0.116,-0.012,0.000,0.000,0,,0,,,,393648,261.11,0
559,1387.776,"Mount",-0.075,-0.184,0.013,0.199,0.000,0.000,0,,0,,,,448034,281.71,0
560,1390.162,"Mount",0.410,-0.029,0.381,-0.153,0.240,0.000,78,W,0,,,,346320,253.28,0
561,1392.628,"Mount",-0.515,0.120,-0.515,0.118,-0.308,0.000,100,E,0,,,,388420,240.73,0
562,1396.217,"Mount",-0.226,-0.164,-0.131,0.247,-0.104,0.247,34,E,1282,S,,,387622,237.61,0
563,1398.656,"Mount",0.447,0.149,0.337,-0.330,0.205,0.000,66,W,0,,,,356947,262.70,0
564,1400.913,"Mount",-0.005,0.475,-0.213,-0.424,-0.120,0.000,39,E,0,,,,407775,284.37,0
565,1403.259,"Mount",0.020,-0.107,0.065,0.087,0.000,0.000,0,,0,,,,368181,256.61,0
566,1405.593,"Mount",0.376,0.082,0.302,-0.239,0.190,0.000,62,W,0,,,,383662,264.84,0
567,1407.899,"Mount",0.085,0.041,0.058,-0.074,0.000,0.000,0,,0,,,,364828,218.86,0
568,1411.561,"Mount",0.400,0.054,0.336,-0.224,0.212,-0.224,69,W,1277,N,,,384496,250.37,0
569,1414.073,"Mount",-0.849,0.113,-0.812,0.271,-0.497,0.000,161,E,0,,,,388182,296.99,0
570,1416.386,"Mount",-0.500,0.300,-0.581,-0.051,-0.401,0.000,130,E,0,,,,372579,250.90,0
571,1418.793,"Mount",0.091,-0.232,0.183,0.169,0.087,0.000,28,W,0,,,,372937,236.93,0
572,1421.074,"Mount",-0.081,0.151,-0.139,-0.100,-0.082,0.000,27,E,0,,,,369279,245.45,0
573,1423.476,"Mount",0.012,-0.289,0.138,0.254,0.081,0.000,26,W,0,,,,377204,243.81,0
574,1425.630,"Mount",-0.209,-0.137,-0.127,0.215,0.000,0.000,0,,0,,,,358284,281.54,0
575,1428.177,"Mount",-0.376,-0.026,-0.327,0.189,-0.206,0.000,67,E,0,,,,378785,267.88,0
576,1430.521,"Mount",-0.204,-0.072,-0.152,0.154,-0.110,0.000,36,E,0,,,,380349,258.74,0
577,1432.975,"Mount",-0.196,0.199,-0.263,-0.093,-0.173,0.000,56,E,0,,,,386731,238.54,0
578,1435.233,"Mount",-0.309,0.012,-0.283,0.125,-0.190,0.000,62,E,0,,,,413671,270.65,0
579,1437.681,"Mount",-0.479,0.109,-0.478,0.112,-0.315,0.000,102,E,0,,,,356154,248.67,0
580,1439.921,"Mount",-0.292,0.042,-0.281,0.090,-0.199,0.000,65,E,0,,,,381570,252.04,0
581,1443.713,"Mount",0.134,-0.555,0.364,0.440,0.215,0.440,70,W,1322,S,,,355851,277.49,0
582,1445.993,"Mount",0.168,-0.297,0.281,0.193,0.192,0.000,62,W,0,,,,370285,250.39,0
583,1448.410,"Mount",-0.373,0.011,-0.340,0.154,-0.201,0.000,65,E,0,,,,358736,234.90,0
584,1450.685,"Mount",0.266,-0.066,0.268,-0.058,0.155,0.000,50,W,0,,,,371718,258.32,0
585,1453.121,"Mount",-0.275,-0.060,-0.221,0.175,-0.128,0.000,42,E,0,,,,377788,240.21,0
586,1455.387,"Mount",-0.296,0.029,-0.278,0.104,-0.184,0.000,60,E,0,,,,387093,231.17,0
587,1457.763,"Mount",-0.170,-0.021,-0.144,0.094,-0.103,0.000,34,E,0,,,,370494,251.50,0
588,1460.004,"Mount",-0.070,-0.214,0.031,0.222,0.000,0.222,0,,47,S,,,371171,246.76,0
589,1462.513,"Mount",-0.397,-0.131,-0.299,0.292,-0.189,0.292,61,E,61,S,,,390259,254.76,0
590,1464.913,"Mount",-0.380,-0.192,-0.257,0.340,-0.175,0.340,57,E,71,S,,,362800,221.55,0
591,1467.459,"Mount",0.497,-0.402,0.623,0.143,0.380,0.000,123,W,0,,,,365894,245.26,0
592,1469.615,"Mount",-0.034,-0.168,0.043,0.166,0.000,0.000,0,,0,,,,393573,245.03,0
593,1472.169,"Mount",0.466,0.253,0.307,-0.432,0.194,0.000,63,W,0,,,,371574,239.65,0
594,1474.321,"Mount",0.250,0.265,0.108,-0.348,0.000,0.000,0,,0,,,,367398,272.18,0
595,1476.836,"Mount",-0.349,-0.011,-0.309,0.163,-0.195,0.000,63,E,0,,,,366830,255.92,0
596,1479.013,"Mount",0.034,0.240,-0.074,-0.231,0.000,0.000,0,,0,,,,373230,237.25,0
597,1481.566,"Mount",-0.483,0.210,-0.526,0.023,-0.331,0.000,108,E,0,,,,383570,257.31,0
598,1483.841,"Mount",-0.434,0.137,-0.450,0.067,-0.307,0.000,100,E,0,,,,423660,265.95,0
599,1486.212,"Mount",-0.209,-0.110,-0.139,0.191,-0.109,0.000,35,E,0,,,,364206,253.17,0
600,1488.529,"Mount",0.500,-0.093,0.490,-0.136,0.301,0.000,98,W,0,,,,337131,241.86,0
601,1490.886,"Mount",-0.002,-0.009,0.002,0.010,0.000,0.000,0,,0,,,,366112,241.19,0
602,1493.274,"Mount",0.133,-0.304,0.253,0.215,0.160,0.000,52,W,0,,,,378719,261.57,0
603,1495.713,"Mount",0.479,-0.038,0.447,-0.176,0.293,0.000,95,W,0,,,,376424,254.72,0
604,1497.852,"Mount",0.014,-0.022,0.022,0.014,0.000,0.000,0,,0,,,,397072,298.65,0
605,1500.272,"Mount",-0.104,-0.071,-0.063,0.110,0.000,0.000,0,,0,,,,399312,250.62,0
606,1502.727,"Mount",-0.481,0.091,-0.472,0.129,-0.297,0.000,97,E,0,,,,366454,261.15,0
607,1505.045,"Mount",0.106,0.086,0.057,-0.123,0.000,0.000,0,,0,,,,373322,266.22,0
608,1507.304,"Mount",0.001,-0.031,0.015,0.027,0.000,0.000,0,,0,,,,357492,278.30,0
609,1509.777,"Mount",0.088,-0.138,0.139,0.086,0.088,0.000,28,W,0,,,,372903,252.46,0
610,1512.089,"Mount",-0.461,0.222,-0.512,0.003,-0.316,0.000,103,E,0,,,,397777,300.82,0
611,1514.563,"Mount",-0.325,-0.450,-0.095,0.547,0.000,0.547,0,,115,S,,,376569,230.90,0
612,1516.937,"Mount",0.031,-0.338,0.176,0.290,0.111,0.290,36,W,61,S,,,391408,257.44,0
613,1519.254,"Mount",0.083,0.145,0.011,-0.167,0.000,0.000,0,,0,,,,340335,232.99,0
614,1521.593,"Mount",-0.137,0.087,-0.161,-0.018,-0.102,0.000,33,E,0,,,,392194,252.05,0
615,1524.088,"Mount",0.056,-0.000,0.050,-0.024,0.000,0.000,0,,0,,,,380163,251.52,0
616,1526.419,"Mount",-0.207,-0.020,-0.177,0.109,-0.112,0.000,36,E,0,,,,379630,263.95,0
617,1528.903,"Mount",0.295,-0.054,0.289,-0.081,0.174,0.000,57,W,0,,,,390335,263.10,0
618,1531.053,"Mount",0.106,0.143,0.033,-0.175,0.000,0.000,0,,0,,,,354874,234.27,0
619,1533.593,"Mount",0.339,-0.234,0.408,0.062,0.257,0.000,83,W,0,,,,391361,272.67,0
620,1535.762,"Mount",0.028,-0.083,0.061,0.062,0.000,0.000,0,,0,,,,369290,244.93,0
621,1538.344,"Mount",0.354,0.158,0.249,-0.297,0.157,0.000,51,W,0,,,,406828,314.03,0
622,1540.589,"Mount",0.081,-0.162,0.144,0.111,0.102,0.000,33,W,0,,,,367419,241.75,0
623,1543.164,"Mount",-0.547,0.437,-0.684,-0.152,-0.424,0.000,137,E,0,,,,366447,255.28,0
624,1545.335,"Mount",-0.073,0.134,-0.124,-0.088,0.000,0.000,0,,0,,,,366649,236.28,0
625,1547.833,"Mount",-0.357,0.100,-0.365,0.067,-0.230,0.000,75,E,0,,,,368464,247.83,0
626,1549.970,"Mount",0.344,0.421,0.125,-0.530,0.000,0.000,0,,0,,,,407436,258.82,0
627,1553.721,"Mount",0.110,0.266,-0.018,-0.287,0.000,-0.287,0,,1290,N,,,370464,247.16,0
628,1556.185,"Mount",0.548,0.341,0.342,-0.547,0.216,-0.547,70,W,115,N,,,354217,249.70,0
629,1558.825,"Mount",0.599,0.079,0.503,-0.334,0.332,-0.334,108,W,70,N,,,395773,264.69,0
630,1561.136,"Mount",0.105,-0.183,0.174,0.118,0.133,0.000,43,W,0,,,,349651,241.27,0
631,1563.625,"Mount",-0.444,0.332,-0.545,-0.103,-0.334,0.000,108,E,0,,,,381925,251.34,0
632,1565.953,"Mount",-0.398,0.355,-0.514,-0.144,-0.347,0.000,113,E,0,,,,383003,297.04,0
633,1568.348,"Mount",-0.231,0.088,-0.246,0.022,-0.179,0.000,58,E,0,,,,359143,225.67,0
634,1570.505,"Mount",0.003,0.061,-0.024,-0.056,0.000,0.000,0,,0,,,,383242,266.93,0
635,1573.117,"Mount",-0.607,-0.036,-0.530,0.299,-0.334,0.000,108,E,0,,,,384482,246.20,0
636,1575.427,"Mount",-0.335,-0.321,-0.160,0.435,-0.124,0.000,40,E,0,,,,373590,254.17,0
637,1577.841,"Mount",0.056,-0.248,0.159,0.198,0.091,0.000,30,W,0,,,,419214,276.46,0
638,1579.983,"Mount",0.006,-0.047,0.026,0.040,0.000,0.000,0,,0,,,,367191,251.56,0
639,1582.651,"Mount",0.495,-0.262,0.560,0.018,0.353,0.000,115,W,0,,,,362205,255.98,0
640,1584.924,"Mount",-0.146,0.368,-0.292,-0.267,-0.160,0.000,52,E,0,,,,345534,247.82,0
641,1587.471,"Mount",-0.522,-0.110,-0.421,0.328,-0.276,0.000,90,E,0,,,,365984,270.88,0
642,1589.777,"Mount",-0.426,0.091,-0.423,0.105,-0.286,0.000,93,E,0,,,,408999,275.00,0
643,1592.185,"Mount",0.200,-0.245,0.287,0.132,0.161,0.000,52,W,0,,,,381377,251.72,0
644,1594.330,"Mount",-0.071,-0.041,-0.046,0.068,0.000,0.000,0,,0,,,,384843,241.62,0
645,1596.914,"Mount",-0.547,-0.013,-0.486,0.251,-0.306,0.000,99,E,0,,,,403956,267.52,0
646,1599.161,"Mount",-0.330,-0.184,-0.216,0.310,-0.158,0.000,51,E,0,,,,371744,262.53,0
647,1602.905,"Mount",0.229,-0.410,0.386,0.267,0.232,0.267,75,W,1286,S,,,389602,307.24,0
648,1605.242,"Mount",0.584,-0.359,0.682,0.066,0.446,0.000,145,W,0,,,,385638,236.77,0
649,1607.818,"Mount",-0.707,-0.087,-0.597,0.389,-0.345,0.389,112,E,82,S,,,382799,271.86,0
650,1610.113,"Mount",-0.266,-0.412,-0.058,0.487,0.000,0.487,0,,102,S,,,419206,259.57,0
651,1612.532,"Mount",-0.207,-0.038,-0.170,0.125,-0.107,0.000,35,E,0,,,,384293,280.49,0
652,1614.793,"Mount",0.186,-0.126,0.222,0.031,0.133,0.000,43,W,0,,,,351797,268.93,0
653,1617.282,"Mount",-0.210,0.107,-0.236,-0.005,-0.139,0.000,45,E,0,,,,379815,238.82,0
654,1619.513,"Mount",0.200,-0.195,0.265,0.088,0.158,0.000,51,W,0,,,,357012,237.15,0
655,1621.821,"Mount",0.064,0.019,0.049,-0.045,0.000,0.000,0,,0,,,,387148,270.57,0
656,1624.233,"Mount",0.155,-0.344,0.290,0.241,0.182,0.241,59,W,51,S,,,403234,267.09,0
657,1626.658,"Mount",-0.101,-0.353,0.064,0.362,0.000,0.362,0,,76,S,,,393446,270.80,0
658,1628.960,"Mount",0.246,-0.004,0.223,-0.104,0.141,0.000,46,W,0,,,,364798,285.56,0
659,1631.437,"Mount",-0.418,0.069,-0.406,0.122,-0.246,0.000,80,E,0,,,,338020,234.93,0
660,1633.603,"Mount",-0.076,-0.092,-0.028,0.117,0.000,0.000,0,,0,,,,402846,269.61,0
661,1636.080,"Mount",-0.075,-0.192,0.017,0.205,0.000,0.205,0,,43,S,,,379381,232.11,0
662,1638.243,"Mount",-0.024,-0.098,0.021,0.098,0.000,0.000,0,,0,,,,386523,275.84,0
663,1640.779,"Mount",0.272,0.180,0.165,-0.281,0.104,0.000,34,W,0,,,,365019,258.01,0
664,1643.025,"Mount",0.395,0.154,0.288,-0.311,0.189,0.000,61,W,0,,,,369833,258.19,0
665,1645.423,"Mount",0.241,0.065,0.188,-0.164,0.132,0.000,43,W,0,,,,391980,293.03,0
666,1647.673,"Mount",0.265,-0.106,0.285,-0.021,0.189,0.000,61,W,0,,,,363522,263.03,0
667,1650.011,"Mount",-0.166,-0.102,-0.104,0.164,0.000,0.000,0,,0,,,,387862,273.23,0
668,1652.380,"Mount",-0.261,-0.070,-0.204,0.178,-0.128,0.000,42,E,0,,,,399397,297.56,0
669,1654.872,"Mount",0.410,-0.186,0.450,-0.013,0.275,0.000,89,W,0,,,,360626,239.98,0
670,1657.073,"Mount",-0.164,0.007,-0.151,0.066,-0.076,0.000,25,E,0,,,,353424,233.90,0
671,1659.430,"Mount",-0.222,-0.248,-0.091,0.321,0.000,0.000,0,,0,,,,366042,256.31,0
672,1661.874,"Mount",-0.425,0.289,-0.508,-0.073,-0.320,0.000,104,E,0,,,,372861,263.15,0
673,1664.322,"Mount",0.428,-0.211,0.477,0.001,0.278,0.000,90,W,0,,,,387967,261.31,0
674,1666.671,"Mount",0.456,-0.065,0.438,-0.141,0.296,0.000,96,W,0,,,,391037,268.85,0
675,1669.227,"Mount",0.178,-0.138,0.221,0.045,0.160,0.000,52,W,0,,,,354004,247.53,0
676,1671.472,"Mount",-0.151,0.121,-0.189,-0.042,-0.108,0.000,35,E,0,,,,369453,244.38,0
677,1673.988,"Mount",-0.384,0.253,-0.456,-0.059,-0.295,0.000,96,E,0,,,,397058,256.80,0
678,1676.125,"Mount",0.150,0.047,0.114,-0.108,0.000,0.000,0,,0,,,,363575,221.16,0
679,1678.527,"Mount",0.029,0.139,-0.035,-0.138,0.000,0.000,0,,0,,,,359491,266.53,0
680,1680.901,"Mount",0.075,-0.178,0.146,0.127,0.092,0.000,30,W,0,,,,353519,236.47,0
681,1683.353,"Mount",-0.421,0.124,-0.433,0.073,-0.266,0.000,86,E,0,,,,383065,246.57,0
682,1685.609,"Mount",-0.362,-0.033,-0.311,0.189,-0.214,0.000,70,E,0,,,,345066,223.16,0
683,1688.114,"Mount",-0.033,-0.492,0.186,0.457,0.102,0.457,33,W,96,S,,,350372,225.92,0
684,1690.278,"Mount",-0.091,-0.159,-0.012,0.182,0.000,0.000,0,,0,,,,373216,234.35,0
685,1692.993,"Mount",-0.768,0.115,-0.741,0.234,-0.467,0.234,151,E,49,S,,,400763,245.02,0
686,1695.276,"Mount",-0.252,0.084,-0.263,0.035,-0.198,0.000,64,E,0,,,,385661,225.82,0
687,1697.586,"Mount",-0.026,0.041,-0.041,-0.026,0.000,0.000,0,,0,,,,373264,233.02,0
688,1700.185,"Mount",-0.688,-0.031,-0.604,0.330,-0.381,0.330,124,E,69,S,,,374445,264.32,0
689,1702.617,"Mount",-0.173,0.294,-0.284,-0.189,-0.206,0.000,67,E,0,,,,390984,256.63,0
690,1704.914,"Mount",0.447,-0.180,0.480,-0.034,0.288,0.000,94,W,0,,,,366308,271.58,0
691,1707.336,"Mount",0.317,0.075,0.252,-0.206,0.179,0.000,58,W,0,,,,391060,277.00,0
692,1709.601,"Mount",0.399,-0.116,0.409,-0.070,0.270,0.000,88,W,0,,,,377155,244.98,0
693,1712.074,"Mount",-0.291,-0.129,-0.204,0.244,-0.110,0.244,36,E,51,S,,,383168,248.48,0
694,1714.386,"Mount",-0.380,0.312,-0.478,-0.113,-0.309,0.000,100,E,0,,,,381146,259.11,0
695,1716.700,"Mount",0.241,0.255,0.105,-0.334,0.000,0.000,0,,0,,,,351293,290.55,0
696,1719.096,"Mount",-0.178,0.330,-0.305,-0.218,-0.192,0.000,62,E,0,,,,426872,301.60,0
697,1721.570,"Mount",-0.491,0.109,-0.489,0.118,-0.322,0.000,104,E,0,,,,399601,233.94,0
698,1723.806,"Mount",0.376,0.115,0.287,-0.269,0.158,0.000,51,W,0,,,,398138,274.32,0
699,1727.561,"Mount",0.044,0.415,-0.143,-0.392,-0.079,-0.392,26,E,1312,N,,,409582,276.76,0
700,1729.716,"Mount",0.153,0.018,0.130,-0.083,0.000,0.000,0,,0,,,,363008,278.55,0
701,1732.108,"Mount",-0.236,-0.255,-0.100,0.333,0.000,0.000,0,,0,,,,382991,241.01,0
702,1734.697,"Mount",-1.338,0.308,-1.337,0.310,-0.843,0.000,273,E,0,,,,377774,236.52,0
703,1737.129,"Mount",0.236,-0.155,0.280,0.035,0.117,0.000,38,W,0,,,,377925,292.34,0
704,1739.443,"Mount",-0.334,0.120,-0.352,0.039,-0.214,0.000,69,E,0,,,,371282,257.99,0
705,1741.985,"Mount",-0.576,0.259,-0.631,0.020,-0.413,0.000,134,E,0,,,,374494,233.48,0
706,1744.315,"Mount",-0.600,0.250,-0.649,0.038,-0.438,0.000,142,E,0,,,,369700,273.32,0
707,1746.650,"Mount",0.112,0.097,0.059,-0.136,0.000,0.000,0,,0,,,,409221,299.17,0
708,1748.917,"Mount",-0.058,-0.120,0.001,0.133,0.000,0.000,0,,0,,,,409189,259.46,0
709,1751.324,"Mount",-0.007,-0.069,0.024,0.066,0.000,0.000,0,,0,,,,390672,246.30,0
710,1753.673,"Mount",-0.290,0.093,-0.301,0.044,-0.190,0.000,62,E,0,,,,370360,280.33,0
711,1756.073,"Mount",-0.285,-0.105,-0.210,0.220,-0.145,0.000,47,E,0,,,,376455,258.55,0
712,1758.310,"Mount",-0.229,-0.067,-0.177,0.161,-0.121,0.000,39,E,0,,,,386030,242.81,0
713,1760.639,"Mount",0.000,0.049,-0.021,-0.044,0.000,0.000,0,,0,,,,351840,254.52,0
714,1763.229,"Mount",-0.565,-0.171,-0.433,0.402,-0.273,0.000,88,E,0,,,,408199,281.01,0
715,1765.769,"Mount",-0.182,0.295,-0.293,-0.185,-0.204,0.000,66,E,0,,,,391011,287.10,0
716,1768.033,"Mount",0.337,-0.269,0.421,0.093,0.251,0.000,81,W,0,,,,384487,253.55,0
717,1770.468,"Mount",0.198,-0.380,0.345,0.255,0.235,0.000,76,W,0,,,,362681,243.62,0
718,1772.714,"Mount",0.153,0.032,0.123,-0.096,0.000,0.000,0,,0,,,,382212,266.58,0
719,1775.281,"Mount",-0.308,-0.031,-0.264,0.163,-0.166,0.000,54,E,0,,,,387423,249.91,0
720,1777.416,"Mount",-0.071,-0.198,0.023,0.209,0.000,0.000,0,,0,,,,388999,280.93,0
721,1781.265,"Mount",-0.440,-0.318,-0.256,0.479,-0.161,0.479,52,E,1331,S,,,394270,263.46,0
722,1783.641,"Mount",-0.308,-0.225,-0.178,0.337,-0.124,0.337,40,E,71,S,,,342107,216.96,0
723,1786.069,"Mount",-0.189,-0.096,-0.128,0.170,0.000,0.000,0,,0,,,,360337,236.26,0
724,1788.402,"Mount",-0.192,-0.143,-0.110,0.213,0.000,0.213,0,,45,S,,,373944,260.52,0
725,1790.948,"Mount",0.447,-0.304,0.535,0.077,0.337,0.000,109,W,0,,,,386541,265.88,0
726,1793.218,"Mount",0.226,0.014,0.197,-0.112,0.147,0.000,48,W,0,,,,383118,247.92,0
727,1795.690,"Mount",0.269,-0.291,0.369,0.143,0.243,0.000,79,W,0,,,,402392,263.54,0
728,1797.830,"Mount",-0.082,-0.116,-0.023,0.141,0.000,0.000,0,,0,,,,363487,253.98,0
729,1800.513,"Mount",-0.506,-0.099,-0.411,0.311,-0.259,0.311,84,E,65,S,,,373716,270.30,0
730,1802.807,"Mount",-0.389,0.049,-0.371,0.126,-0.252,0.000,82,E,0,,,,385224,281.99,0
731,1805.114,"Mount",0.051,-0.107,0.092,0.074,0.000,0.000,0,,0,,,,382926,254.48,0
732,1807.537,"Mount",-0.402,-0.159,-0.292,0.319,-0.184,0.319,60,E,67,S,,,382688,271.41,0
733,1810.033,"Mount",0.537,0.073,0.450,-0.301,0.271,0.000,88,W,0,,,,392584,279.67,0
734,1812.177,"Mount",0.000,0.164,-0.072,-0.148,0.000,0.000,0,,0,,,,381518,239.83,0
735,1814.706,"Mount",0.235,0.125,0.156,-0.215,0.098,0.000,32,W,0,,,,372684,267.77,0
736,1816.993,"Mount",0.219,-0.087,0.235,-0.018,0.155,0.000,50,W,0,,,,380120,275.84,0
737,1819.323,"Mount",0.058,0.396,-0.122,-0.382,0.000,0.000,0,,0,,,,353052,243.56,0
738,1821.689,"Mount",-0.277,0.392,-0.421,-0.231,-0.265,0.000,86,E,0,,,,361017,228.33,0
739,1824.194,"Mount",-0.431,0.371,-0.550,-0.144,-0.365,0.000,119,E,0,,,,380486,248.38,0
740,1826.421,"Mount",-0.175,0.000,-0.158,0.077,-0.125,0.000,41,E,0,,,,348586,226.83,0
741,1828.873,"Mount",0.442,-0.155,0.465,-0.054,0.284,0.000,92,W,0,,,,344157,266.72,0
742,1831.131,"Mount",-0.361,0.016,-0.331,0.144,-0.189,0.000,61,E,0,,,,375013,244.22,0
743,1833.578,"Mount",-0.067,0.270,-0.178,-0.213,-0.126,0.000,41,E,0,,,,352453,250.86,0
744,1835.841,"Mount",0.395,0.181,0.275,-0.336,0.165,0.000,53,W,0,,,,388376,258.67,0
745,1838.328,"Mount",0.528,-0.142,0.537,-0.104,0.350,0.000,114,W,0,,,,348689,249.85,0
746,1840.499,"Mount",-0.053,0.168,-0.121,-0.128,0.000,0.000,0,,0,,,,382901,278.58,0
747,1843.084,"Mount",-0.345,0.303,-0.443,-0.121,-0.279,0.000,91,E,0,,,,415311,280.00,0
748,1845.441,"Mount",-0.289,-0.261,-0.145,0.361,-0.111,0.000,36,E,0,,,,349845,225.81,0
749,1847.945,"Mount",-0.517,0.283,-0.589,-0.027,-0.379,0.000,123,E,0,,,,391128,266.24,0
750,1850.233,"Mount",-0.312,0.065,-0.309,0.079,-0.221,0.000,72,E,0,,,,384743,279.85,0
751,1852.566,"Mount",0.041,-0.100,0.080,0.072,0.000,0.000,0,,0,,,,389723,231.62,0
752,1854.962,"Mount",0.397,-0.251,0.467,0.051,0.294,0.000,96,W,0,,,,398239,250.55,0
753,1857.401,"Mount",0.370,-0.163,0.404,-0.016,0.275,0.000,89,W,0,,,,387956,291.24,0
754,1859.657,"Mount",0.258,-0.058,0.257,-0.061,0.181,0.000,59,W,0,,,,373247,241.17,0
755,1862.088,"Mount",0.134,-0.171,0.196,0.095,0.136,0.000,44,W,0,,,,367087,292.42,0
756,1864.313,"Mount",-0.107,0.077,-0.130,-0.022,-0.073,0.000,24,E,0,,,,355352,224.67,0
757,1866.929,"Mount",-0.500,-0.024,-0.438,0.241,-0.281,0.241,91,E,51,S,,,354185,251.24,0
758,1869.177,"Mount",-0.273,0.053,-0.268,0.072,-0.189,0.000,61,E,0,,,,371932,242.35,0
759,1871.625,"Mount",-0.298,0.205,-0.358,-0.054,-0.239,0.000,78,E,0,,,,367610,257.20,0
760,1873.884,"Mount",0.416,-0.200,0.461,-0.003,0.274,0.000,89,W,0,,,,366190,263.09,0
761,1876.187,"Mount",-0.003,0.014,-0.009,-0.011,0.000,0.000,0,,0,,,,400677,270.88,0
762,1878.526,"Mount",0.205,0.019,0.176,-0.107,0.111,0.000,36,W,0,,,,369475,263.10,0
763,1880.867,"Mount",-0.038,0.059,-0.060,-0.037,0.000,0.000,0,,0,,,,370714,264.06,0
764,1883.137,"Mount",0.003,-0.004,0.005,0.002,0.000,0.000,0,,0,,,,393454,239.72,0
765,1885.945,"Mount",-0.562,-0.032,-0.491,0.276,-0.309,0.276,100,E,58,S,,,393472,301.06,0
766,1888.152,"Mount",0.076,-0.111,0.117,0.066,0.000,0.000,0,,0,,,,392942,274.49,0
767,1890.709,"Mount",-0.387,0.038,-0.364,0.135,-0.230,0.000,75,E,0,,,,375718,277.85,0
INFO: SET LOCK POSITION, new lock pos = 625.799, 916.345
INFO: DITHER by 4.968, 4.997, new lock pos = 628.070, 909.675
INFO: SETTLING STATE CHANGE, Settling started
768,1897.067,"Mount",-2.271,6.670,-4.968,-4.997,-4.968,-4.997,1612,E,2279,N,,,342645,236.37,0
769,1900.377,"Mount",2.731,1.534,1.781,-2.577,1.122,-2.577,364,W,541,N,,,411082,263.59,0
770,1903.161,"Mount",1.257,1.293,0.562,-1.713,0.433,-1.713,140,W,360,N,,,399540,250.06,0
771,1905.609,"Mount",-0.520,0.038,-0.484,0.194,-0.275,0.000,89,E,0,,,,360813,233.38,0
772,1907.885,"Mount",-0.398,-0.333,-0.212,0.474,-0.153,0.000,50,E,0,,,,364429,272.22,0
773,1911.801,"Mount",-0.814,-0.622,-0.459,0.916,-0.300,0.916,97,E,1422,S,,,383487,283.91,0
774,1914.257,"Mount",-0.263,-0.958,0.184,0.976,0.095,0.976,31,W,205,S,,,362907,246.92,0
775,1916.631,"Mount",0.374,0.466,0.132,-0.583,0.090,0.000,29,W,0,,,,394950,245.04,0
776,1920.153,"Mount",0.388,0.543,0.110,-0.658,0.000,-0.658,0,,1272,N,,,389380,266.12,0
INFO: SETTLING STATE CHANGE, Settling complete
777,1922.593,"Mount",0.013,-0.562,0.258,0.500,0.163,0.000,53,W,0,,,,412511,241.25,0
778,1925.015,"Mount",0.394,-0.230,0.455,0.034,0.298,0.000,97,W,0,,,,391593,286.31,0
779,1927.489,"Mount",-0.598,0.115,-0.588,0.160,-0.349,0.000,113,E,0,,,,392783,243.00,0
780,1929.770,"Mount",-0.367,0.078,-0.364,0.091,-0.254,0.000,82,E,0,,,,370073,238.08,0
781,1932.094,"Mount",-0.067,-0.089,-0.022,0.109,0.000,0.000,0,,0,,,,355104,242.25,0
782,1934.377,"Mount",0.187,0.047,0.147,-0.124,0.093,0.000,30,W,0,,,,381406,256.11,0
783,1936.892,"Mount",0.011,0.341,-0.139,-0.311,-0.081,-0.311,26,E,65,N,,,405906,237.59,0
784,1939.050,"Mount",-0.127,-0.013,-0.108,0.067,0.000,0.000,0,,0,,,,361551,251.33,0
785,1941.515,"Mount",-0.015,-0.039,0.004,0.041,0.000,0.000,0,,0,,,,387188,285.37,0
786,1943.913,"Mount",0.439,-0.544,0.634,0.296,0.399,0.000,130,W,0,,,,408316,243.79,0
787,1946.513,"Mount",1.195,-0.420,1.258,-0.147,0.820,0.000,266,W,0,,,,397108,249.57,0
788,1948.943,"Mount",0.283,-0.201,0.342,0.056,0.273,0.000,89,W,0,,,,359350,236.64,0
789,1951.269,"Mount",-0.035,0.200,-0.119,-0.164,0.000,0.000,0,,0,,,,389100,249.68,0
790,1953.622,"Mount",-0.458,-0.004,-0.410,0.205,-0.258,0.000,84,E,0,,,,370757,225.83,0
791,1956.144,"Mount",-0.507,-0.348,-0.303,0.535,-0.209,0.000,68,E,0,,,,395144,261.92,0
792,1959.617,"Mount",-0.414,-0.089,-0.333,0.262,-0.224,0.262,73,E,1189,S,,,371250,217.65,0
793,1962.125,"Mount",0.150,-0.320,0.275,0.221,0.158,0.221,51,W,46,S,,,379559,279.25,0
794,1964.401,"Mount",0.428,-0.250,0.494,0.037,0.323,0.000,105,W,0,,,,391974,243.13,0
795,1966.869,"Mount",0.342,-0.152,0.374,-0.013,0.258,0.000,84,W,0,,,,380294,265.56,0
796,1969.145,"Mount",0.305,-0.160,0.345,0.010,0.235,0.000,76,W,0,,,,396000,257.26,0
797,1971.562,"Mount",-0.303,-0.021,-0.263,0.151,-0.149,0.000,48,E,0,,,,405967,266.13,0
798,1973.913,"Mount",-0.374,-0.123,-0.282,0.274,-0.188,0.274,61,E,58,S,,,396521,223.04,0
799,1976.293,"Mount",-0.131,0.060,-0.144,0.004,-0.104,0.000,34,E,0,,,,389740,287.93,0
800,1978.692,"Mount",0.101,-0.316,0.229,0.240,0.137,0.240,44,W,50,S,,,385242,245.95,0
801,1981.073,"Mount",-0.219,-0.099,-0.153,0.185,-0.087,0.000,28,E,0,,,,378206,245.93,0
802,1983.513,"Mount",-0.552,-0.172,-0.421,0.397,-0.271,0.397,88,E,83,S,,,355746,251.85,0
803,1985.978,"Mount",0.305,-0.248,0.383,0.089,0.222,0.000,72,W,0,,,,389370,249.45,0
804,1988.265,"Mount",0.416,-0.393,0.547,0.171,0.360,0.000,117,W,0,,,,394433,291.36,0
805,1991.073,"Mount",-0.558,-0.191,-0.417,0.417,-0.238,0.417,77,E,88,S,,,361670,263.00,0
806,1993.403,"Mount",-0.272,-0.133,-0.186,0.239,-0.134,0.239,43,E,50,S,,,376001,257.67,0
807,1995.816,"Mount",-0.132,-0.035,-0.104,0.090,0.000,0.000,0,,0,,,,367571,266.29,0
808,1998.326,"Mount",-0.414,-0.120,-0.319,0.290,-0.201,0.290,65,E,61,S,,,378063,249.04,0
809,2000.655,"Mount",-0.023,0.205,-0.111,-0.174,0.000,0.000,0,,0,,,,399069,252.71,0
810,2003.042,"Mount",-0.305,0.138,-0.335,0.010,-0.211,0.000,68,E,0,,,,389667,221.55,0
811,2005.376,"Mount",0.134,0.063,0.093,-0.116,0.000,0.000,0,,0,,,,407459,257.60,0
812,2007.849,"Mount",0.331,-0.396,0.471,0.211,0.297,0.211,96,W,44,S,,,370864,233.13,0
813,2010.337,"Mount",0.454,-0.187,0.490,-0.031,0.330,0.000,107,W,0,,,,376748,255.50,0
814,2012.592,"Mount",0.236,-0.144,0.276,0.026,0.197,0.000,64,W,0,,,,384511,243.57,0
815,2015.076,"Mount",-0.351,0.120,-0.368,0.046,-0.218,0.000,71,E,0,,,,368960,217.96,0
816,2017.321,"Mount",-0.204,0.309,-0.319,-0.188,-0.216,0.000,70,E,0,,,,387683,254.07,0
817,2019.721,"Mount",-0.115,0.291,-0.231,-0.211,-0.161,0.000,52,E,0,,,,390775,263.22,0
818,2022.069,"Mount",-0.611,0.113,-0.598,0.166,-0.388,0.000,126,E,0,,,,352731,227.26,0
819,2024.546,"Mount",0.044,-0.362,0.199,0.306,0.098,0.306,32,W,64,S,,,392442,247.89,0
820,2026.691,"Mount",0.071,0.089,0.025,-0.111,0.000,0.000,0,,0,,,,364617,241.32,0
821,2029.211,"Mount",-0.129,0.175,-0.192,-0.101,-0.121,0.000,39,E,0,,,,378528,256.81,0
822,2031.376,"Mount",0.238,0.192,0.130,-0.277,0.000,0.000,0,,0,,,,399269,255.26,0
823,2033.768,"Mount",-0.001,0.178,-0.079,-0.159,0.000,0.000,0,,0,,,,365497,263.32,0
824,2035.995,"Mount",0.026,-0.144,0.087,0.118,0.000,0.000,0,,0,,,,351837,241.23,0
825,2038.537,"Mount",-0.315,0.488,-0.498,-0.300,-0.313,0.000,102,E,0,,,,383115,232.98,0
826,2040.765,"Mount",0.060,0.156,-0.014,-0.166,0.000,0.000,0,,0,,,,371269,250.94,0
827,2043.392,"Mount",0.004,-0.329,0.148,0.294,0.093,0.294,30,W,62,S,,,349017,245.39,0
828,2045.550,"Mount",-0.037,0.031,-0.047,-0.012,0.000,0.000,0,,0,,,,386396,246.09,0
829,2048.073,"Mount",-0.233,0.351,-0.363,-0.213,-0.229,0.000,74,E,0,,,,349745,249.36,0
830,2050.330,"Mount",-0.239,0.195,-0.300,-0.071,-0.205,0.000,67,E,0,,,,389545,244.38,0
831,2052.683,"Mount",-0.009,-0.003,-0.007,0.007,0.000,0.000,0,,0,,,,402912,317.00,0
832,2055.075,"Mount",-0.152,0.158,-0.206,-0.075,-0.130,0.000,42,E,0,,,,371611,237.45,0
833,2057.473,"Mount",0.234,-0.150,0.276,0.032,0.165,0.000,54,W,0,,,,381050,243.54,0
834,2059.729,"Mount",-0.379,-0.016,-0.334,0.180,-0.199,0.000,65,E,0,,,,395372,236.96,0
835,2062.121,"Mount",-0.013,-0.229,0.089,0.211,0.000,0.211,0,,44,S,,,368171,213.45,0
836,2064.489,"Mount",-0.426,-0.238,-0.278,0.401,-0.175,0.401,57,E,84,S,,,371434,248.80,0
837,2066.930,"Mount",0.333,0.008,0.296,-0.153,0.174,0.000,56,W,0,,,,378591,250.26,0
838,2069.075,"Mount",0.067,0.312,-0.076,-0.310,0.000,0.000,0,,0,,,,352442,228.43,0
839,2071.593,"Mount",0.475,0.025,0.416,-0.231,0.262,0.000,85,W,0,,,,383553,260.82,0
840,2073.783,"Mount",0.111,0.116,0.049,-0.153,0.000,0.000,0,,0,,,,394865,236.11,0
841,2076.269,"Mount",-0.046,-0.290,0.086,0.281,0.000,0.281,0,,59,S,,,344541,206.37,0
842,2078.414,"Mount",0.064,0.240,-0.048,-0.244,0.000,0.000,0,,0,,,,366427,268.92,0
843,2081.011,"Mount",-0.251,0.390,-0.397,-0.240,-0.250,0.000,81,E,0,,,,382827,257.17,0
844,2083.148,"Mount",0.209,0.289,0.061,-0.351,0.000,0.000,0,,0,,,,400763,249.37,0
845,2087.042,"Mount",-0.149,0.442,-0.328,-0.332,-0.207,-0.332,67,E,1204,N,,,362500,245.99,0
846,2089.211,"Mount",-0.026,0.137,-0.083,-0.112,0.000,0.000,0,,0,,,,363860,253.44,0
847,2091.702,"Mount",0.272,0.053,0.221,-0.167,0.139,0.000,45,W,0,,,,350987,242.13,0
848,2094.001,"Mount",0.443,-0.337,0.546,0.108,0.354,0.000,115,W,0,,,,394646,284.78,0
849,2096.545,"Mount",0.490,0.111,0.391,-0.315,0.271,-0.315,88,W,66,N,,,364876,245.62,0
850,2098.993,"Mount",0.388,0.370,0.186,-0.502,0.136,-0.502,44,W,105,N,,,391010,284.38,0
851,2101.513,"Mount",-0.183,0.404,-0.341,-0.283,-0.206,-0.283,67,E,59,N,,,379710,267.86,0
852,2103.849,"Mount",-0.159,0.328,-0.287,-0.225,-0.195,-0.225,63,E,47,N,,,390854,251.26,0
853,2106.238,"Mount",0.156,-0.188,0.223,0.101,0.127,0.000,41,W,0,,,,361094,232.93,0
854,2108.459,"Mount",-0.133,0.164,-0.192,-0.089,-0.112,0.000,36,E,0,,,,410647,235.69,0
855,2110.823,"Mount",0.081,-0.041,0.091,0.001,0.000,0.000,0,,0,,,,360848,266.24,0
856,2113.145,"Mount",0.202,0.080,0.147,-0.161,0.092,0.000,30,W,0,,,,362224,284.90,0
857,2115.593,"Mount",0.077,0.308,-0.066,-0.311,0.000,-0.311,0,,65,N,,,354705,227.83,0
858,2117.834,"Mount",0.083,0.285,-0.050,-0.293,0.000,-0.293,0,,62,N,,,406214,282.50,0
859,2120.233,"Mount",-0.110,0.237,-0.202,-0.165,-0.128,0.000,41,E,0,,,,373032,236.85,0
860,2122.505,"Mount",0.082,0.259,-0.040,-0.269,0.000,-0.269,0,,56,N,,,364607,274.84,0
861,2124.930,"Mount",-0.364,-0.287,-0.202,0.418,-0.127,0.000,41,E,0,,,,353149,216.59,0
862,2127.073,"Mount",-0.149,-0.340,0.015,0.371,0.000,0.000,0,,0,,,,371035,245.57,0
863,2129.591,"Mount",-0.006,-0.320,0.135,0.290,0.085,0.000,28,W,0,,,,367484,258.70,0
864,2131.829,"Mount",-0.218,0.102,-0.241,0.004,-0.146,0.000,47,E,0,,,,383274,266.15,0
865,2134.241,"Mount",0.145,-0.508,0.353,0.393,0.212,0.000,69,W,0,,,,385795,245.67,0
866,2136.481,"Mount",0.152,-0.195,0.222,0.109,0.155,0.000,50,W,0,,,,395510,282.59,0
867,2138.825,"Mount",0.049,-0.090,0.083,0.060,0.000,0.000,0,,0,,,,394906,263.89,0
868,2141.081,"Mount",-0.110,-0.016,-0.092,0.063,0.000,0.000,0,,0,,,,384136,246.07,0
869,2143.625,"Mount",-0.576,0.014,-0.524,0.240,-0.330,0.000,107,E,0,,,,370928,226.39,0
870,2146.129,"Mount",-0.629,0.062,-0.593,0.220,-0.397,0.000,129,E,0,,,,396788,251.97,0
871,2148.554,"Mount",-0.239,-0.043,-0.196,0.143,-0.151,0.000,49,E,0,,,,373121,214.55,0
872,2152.026,"Mount",-0.364,-0.500,-0.107,0.609,0.000,0.609,0,,1262,S,,,369785,228.41,0
873,2154.505,"Mount",0.151,-0.290,0.263,0.195,0.165,0.000,54,W,0,,,,369250,231.73,0
874,2157.025,"Mount",0.013,-0.519,0.239,0.461,0.162,0.461,53,W,97,S,,,363413,213.54,0
875,2159.441,"Mount",-0.084,-0.307,0.060,0.312,0.000,0.312,0,,66,S,,,381200,256.54,0
876,2161.713,"Mount",0.302,-0.303,0.405,0.140,0.255,0.000,83,W,0,,,,392651,242.43,0
877,2164.129,"Mount",-0.160,-0.166,-0.071,0.219,0.000,0.219,0,,46,S,,,378370,260.03,0
878,2166.505,"Mount",-0.357,-0.212,-0.228,0.347,-0.144,0.347,47,E,73,S,,,395882,243.53,0
879,2168.863,"Mount",-0.030,0.015,-0.034,-0.001,0.000,0.000,0,,0,,,,385908,240.75,0
880,2171.099,"Mount",0.000,-0.080,0.035,0.071,0.000,0.000,0,,0,,,,411967,287.45,0
881,2173.658,"Mount",-0.287,0.419,-0.442,-0.251,-0.278,0.000,90,E,0,,,,386360,266.18,0
882,2176.000,"Mount",-0.255,0.046,-0.250,0.070,-0.177,0.000,57,E,0,,,,371504,263.32,0
883,2178.334,"Mount",0.095,0.174,0.009,-0.198,0.000,0.000,0,,0,,,,374839,251.77,0
884,2180.838,"Mount",0.178,-0.376,0.325,0.260,0.205,0.260,66,W,55,S,,,376526,236.50,0
885,2183.159,"Mount",0.097,0.128,0.031,-0.158,0.000,0.000,0,,0,,,,366362,246.30,0
886,2185.457,"Mount",-0.120,0.092,-0.149,-0.030,-0.094,0.000,30,E,0,,,,377316,246.38,0
887,2187.843,"Mount",0.006,0.203,-0.084,-0.186,0.000,0.000,0,,0,,,,376923,243.64,0
888,2190.096,"Mount",0.033,0.097,-0.013,-0.102,0.000,0.000,0,,0,,,,385569,256.55,0
889,2192.594,"Mount",0.253,0.132,0.169,-0.230,0.107,0.000,35,W,0,,,,382604,239.20,0
890,2194.843,"Mount",-0.062,0.371,-0.219,-0.306,-0.130,0.000,42,E,0,,,,367229,236.94,0
891,2197.553,"Mount",-1.060,-0.042,-0.935,0.503,-0.598,0.503,194,E,106,S,,,363811,230.66,0
892,2199.809,"Mount",0.012,0.405,-0.168,-0.369,-0.147,0.000,48,E,0,,,,367283,253.04,0
893,2202.280,"Mount",0.724,0.209,0.559,-0.506,0.342,0.000,111,W,0,,,,396155,264.92,0
894,2205.649,"Mount",0.184,0.191,0.082,-0.252,0.000,-0.252,0,,1187,N,,,374707,243.74,0
895,2208.165,"Mount",-0.172,0.374,-0.319,-0.261,-0.201,-0.261,65,E,55,N,,,368989,243.92,0
896,2210.445,"Mount",0.121,0.253,-0.003,-0.281,0.000,-0.281,0,,59,N,,,387409,245.56,0
897,2212.973,"Mount",0.055,0.381,-0.118,-0.366,0.000,-0.366,0,,77,N,,,371780,243.09,0
898,2215.250,"Mount",0.110,0.330,-0.046,-0.345,0.000,-0.345,0,,72,N,,,394507,237.90,0
899,2217.561,"Mount",0.179,0.092,0.120,-0.161,0.000,0.000,0,,0,,,,382383,255.70,0
900,2219.937,"Mount",-0.203,0.143,-0.245,-0.039,-0.154,0.000,50,E,0,,,,371067,278.20,0
901,2222.369,"Mount",0.223,-0.223,0.298,0.103,0.177,0.000,58,W,0,,,,354850,256.74,0
902,2224.514,"Mount",-0.078,-0.102,-0.025,0.126,0.000,0.000,0,,0,,,,377348,238.69,0
903,2227.001,"Mount",-0.184,-0.035,-0.150,0.112,-0.094,0.000,31,E,0,,,,356732,240.83,0
904,2229.369,"Mount",0.218,0.070,0.165,-0.159,0.098,0.000,32,W,0,,,,368726,268.88,0
905,2231.961,"Mount",-0.244,0.386,-0.388,-0.240,-0.238,-0.240,77,E,50,N,,,357978,250.49,0
906,2234.104,"Mount",-0.046,0.006,-0.044,0.015,0.000,0.000,0,,0,,,,359524,225.51,0
907,2236.643,"Mount",-0.158,0.141,-0.204,-0.058,-0.129,0.000,42,E,0,,,,371999,245.86,0
908,2238.830,"Mount",-0.157,-0.100,-0.097,0.158,0.000,0.000,0,,0,,,,383685,278.26,0
909,2241.269,"Mount",0.034,0.007,0.027,-0.021,0.000,0.000,0,,0,,,,372487,259.69,0
910,2243.601,"Mount",0.240,-0.279,0.338,0.146,0.213,0.000,69,W,0,,,,376068,275.98,0
911,2246.121,"Mount",0.258,-0.588,0.490,0.415,0.323,0.000,105,W,0,,,,366987,231.97,0
912,2248.379,"Mount",0.147,-0.439,0.325,0.330,0.227,0.000,74,W,0,,,,336970,213.73,0
913,2250.865,"Mount",-0.491,-0.185,-0.360,0.382,-0.211,0.000,69,E,0,,,,379874,251.52,0
914,2254.497,"Mount",0.097,-0.702,0.395,0.588,0.234,0.588,76,W,1307,S,,,379321,250.02,0
915,2257.004,"Mount",0.203,0.066,0.154,-0.148,0.113,0.000,37,W,0,,,,363665,235.66,0
916,2259.265,"Mount",0.188,0.019,0.161,-0.100,0.109,0.000,35,W,0,,,,343303,237.59,0
917,2261.713,"Mount",-0.215,-0.166,-0.120,0.244,0.000,0.244,0,,51,S,,,365524,222.15,0
918,2263.954,"Mount",-0.220,0.180,-0.277,-0.065,-0.174,0.000,57,E,0,,,,363264,251.22,0
919,2266.490,"Mount",0.438,0.077,0.360,-0.262,0.215,0.000,70,W,0,,,,390432,256.49,0
920,2268.776,"Mount",0.242,0.180,0.139,-0.269,0.102,0.000,33,W,0,,,,377970,237.43,0
921,2271.278,"Mount",-0.191,0.009,-0.175,0.076,-0.103,0.000,34,E,0,,,,359163,239.73,0
922,2273.585,"Mount",-0.439,0.108,-0.442,0.095,-0.286,0.000,93,E,0,,,,336103,214.00,0
923,2276.012,"Mount",-0.228,-0.005,-0.202,0.105,-0.147,0.000,48,E,0,,,,363692,251.60,0
924,2278.281,"Mount",0.387,-0.361,0.506,0.155,0.309,0.000,100,W,0,,,,375913,239.87,0
925,2280.865,"Mount",0.181,-0.382,0.331,0.263,0.230,0.263,75,W,55,S,,,389084,234.84,0
926,2283.121,"Mount",0.194,0.005,0.172,-0.089,0.125,0.000,40,W,0,,,,377117,228.68,0
927,2285.570,"Mount",-0.404,0.274,-0.483,-0.069,-0.295,0.000,96,E,0,,,,391324,236.13,0
928,2287.726,"Mount",0.104,0.343,-0.057,-0.354,0.000,0.000,0,,0,,,,395479,257.52,0
929,2290.136,"Mount",0.096,0.169,0.013,-0.194,0.000,0.000,0,,0,,,,354499,235.66,0
930,2292.418,"Mount",0.075,0.110,0.019,-0.132,0.000,0.000,0,,0,,,,351553,260.13,0
931,2294.988,"Mount",-0.260,0.162,-0.305,-0.032,-0.192,0.000,62,E,0,,,,377529,261.79,0
932,2297.321,"Mount",-0.347,-0.154,-0.244,0.290,-0.167,0.290,54,E,61,S,,,385129,252.25,0
933,2299.770,"Mount",-0.408,0.124,-0.421,0.067,-0.277,0.000,90,E,0,,,,366878,228.39,0
934,2302.078,"Mount",-0.218,-0.237,-0.092,0.309,0.000,0.309,0,,65,S,,,380826,251.16,0
935,2304.529,"Mount",-0.192,0.500,-0.392,-0.365,-0.247,0.000,80,E,0,,,,369292,262.82,0
936,2306.791,"Mount",-0.038,0.266,-0.151,-0.223,-0.112,0.000,36,E,0,,,,365203,233.23,0
937,2309.249,"Mount",0.426,-0.155,0.451,-0.048,0.276,0.000,90,W,0,,,,420473,251.52,0
938,2311.593,"Mount",0.585,-0.237,0.630,-0.044,0.416,0.000,135,W,0,,,,379769,222.15,0
939,2313.986,"Mount",0.270,0.133,0.185,-0.238,0.145,0.000,47,W,0,,,,356832,229.30,0
940,2316.242,"Mount",-0.089,0.516,-0.306,-0.425,-0.183,0.000,59,E,0,,,,348193,220.46,0
941,2320.009,"Mount",-0.213,0.391,-0.363,-0.258,-0.242,-0.258,78,E,1281,N,,,402659,269.65,0
942,2322.261,"Mount",-0.173,0.153,-0.223,-0.061,-0.157,0.000,51,E,0,,,,359148,231.97,0
943,2324.832,"Mount",-0.320,0.394,-0.461,-0.214,-0.301,-0.214,98,E,45,N,,,382928,218.58,0
944,2327.241,"Mount",-0.376,0.513,-0.563,-0.296,-0.376,-0.296,122,E,62,N,,,378413,246.07,0
945,2329.657,"Mount",0.282,-0.091,0.294,-0.043,0.159,0.000,51,W,0,,,,373866,264.25,0
946,2331.791,"Mount",-0.086,-0.232,0.025,0.247,0.000,0.000,0,,0,,,,385854,263.37,0
947,2334.193,"Mount",0.072,0.004,0.063,-0.035,0.000,0.000,0,,0,,,,362436,241.51,0
948,2336.522,"Mount",-0.160,0.235,-0.247,-0.140,-0.156,0.000,51,E,0,,,,385643,251.21,0
949,2338.880,"Mount",0.051,0.067,0.016,-0.083,0.000,0.000,0,,0,,,,361608,258.34,0
950,2341.192,"Mount",-0.249,-0.017,-0.216,0.124,-0.136,0.000,44,E,0,,,,391451,301.16,0
951,2343.619,"Mount",-0.370,-0.042,-0.314,0.200,-0.207,0.000,67,E,0,,,,352379,234.19,0
952,2345.914,"Mount",-0.306,-0.116,-0.224,0.238,-0.156,0.000,51,E,0,,,,374706,247.90,0
953,2348.289,"Mount",0.012,-0.278,0.133,0.245,0.073,0.000,24,W,0,,,,374809,275.67,0
954,2350.462,"Mount",-0.074,-0.063,-0.038,0.089,0.000,0.000,0,,0,,,,357159,214.36,0
955,2352.991,"Mount",0.215,-0.259,0.307,0.138,0.193,0.000,63,W,0,,,,415576,237.23,0
956,2355.223,"Mount",-0.228,-0.038,-0.188,0.134,-0.105,0.000,34,E,0,,,,382101,245.52,0
957,2357.644,"Mount",0.126,-0.127,0.170,0.059,0.099,0.000,32,W,0,,,,365406,262.19,0
958,2361.274,"Mount",-0.496,-0.043,-0.427,0.256,-0.262,0.256,85,E,1314,S,,,364523,239.46,0
959,2363.604,"Mount",0.022,0.245,-0.087,-0.229,0.000,0.000,0,,0,,,,380573,249.49,0
960,2365.950,"Mount",-0.102,0.302,-0.225,-0.227,-0.141,0.000,46,E,0,,,,354672,219.98,0
961,2368.251,"Mount",-0.141,-0.040,-0.109,0.098,0.000,0.000,0,,0,,,,406048,283.32,0
962,2370.719,"Mount",0.053,-0.271,0.167,0.220,0.105,0.220,34,W,46,S,,,326977,249.54,0
963,2373.121,"Mount",-0.079,-0.220,0.026,0.232,0.000,0.232,0,,49,S,,,377943,230.09,0
964,2375.276,"Mount",0.036,0.126,-0.023,-0.129,0.000,0.000,0,,0,,,,357088,238.23,0
965,2377.671,"Mount",0.184,0.346,0.013,-0.391,0.000,0.000,0,,0,,,,369395,232.54,0
966,2379.899,"Mount",0.007,0.227,-0.093,-0.207,0.000,0.000,0,,0,,,,390553,231.10,0
967,2382.546,"Mount",-0.817,0.364,-0.894,0.031,-0.563,0.000,183,E,0,,,,367511,259.36,0
968,2384.694,"Mount",-0.052,0.070,-0.078,-0.040,0.000,0.000,0,,0,,,,387512,260.71,0
969,2387.266,"Mount",-0.522,0.534,-0.703,-0.251,-0.443,0.000,144,E,0,,,,366023,235.51,0
970,2389.422,"Mount",0.012,0.143,-0.052,-0.134,0.000,0.000,0,,0,,,,354749,221.33,0
971,2391.810,"Mount",-0.070,0.003,-0.064,0.028,0.000,0.000,0,,0,,,,379738,245.84,0
972,2394.186,"Mount",0.417,-0.215,0.469,0.010,0.296,0.000,96,W,0,,,,366681,273.55,0
973,2396.726,"Mount",0.406,-0.009,0.369,-0.170,0.253,0.000,82,W,0,,,,404997,297.10,0
974,2398.978,"Mount",-0.243,-0.010,-0.214,0.115,-0.117,0.000,38,E,0,,,,348577,228.01,0
975,2401.437,"Mount",-0.241,0.024,-0.228,0.084,-0.152,0.000,49,E,0,,,,386294,247.78,0
976,2403.579,"Mount",0.081,0.277,-0.049,-0.284,0.000,0.000,0,,0,,,,399283,248.73,0
977,2407.514,"Mount",0.022,0.320,-0.121,-0.297,0.000,-0.297,0,,1322,N,,,357997,221.11,0
978,2409.917,"Mount",-0.613,-0.008,-0.548,0.276,-0.345,0.000,112,E,0,,,,369633,243.06,0
979,2412.458,"Mount",-0.856,-0.070,-0.739,0.438,-0.490,0.000,159,E,0,,,,357201,246.65,0
980,2414.706,"Mount",-0.298,-0.134,-0.209,0.251,-0.166,0.000,54,E,0,,,,360498,257.27,0
981,2417.202,"Mount",0.364,-0.497,0.545,0.287,0.332,0.000,108,W,0,,,,352525,238.70,0
982,2420.697,"Mount",-0.032,-0.261,0.086,0.248,0.000,0.248,0,,1312,S,,,357422,230.04,0
983,2423.092,"Mount",-0.109,0.154,-0.166,-0.090,-0.104,0.000,34,E,0,,,,365746,232.40,0
984,2425.489,"Mount",-0.608,0.054,-0.570,0.219,-0.366,0.219,119,E,46,S,,,390336,244.02,0
985,2427.858,"Mount",0.215,0.079,0.158,-0.165,0.074,0.000,24,W,0,,,,386961,259.75,0
986,2430.132,"Mount",-0.019,-0.276,0.104,0.256,0.000,0.256,0,,54,S,,,375763,290.73,0
987,2432.459,"Mount",0.066,0.075,0.026,-0.096,0.000,0.000,0,,0,,,,383917,255.58,0
988,2434.820,"Mount",-0.138,0.338,-0.273,-0.243,-0.172,0.000,56,E,0,,,,334190,234.33,0
989,2437.438,"Mount",0.478,0.044,0.410,-0.249,0.246,0.000,80,W,0,,,,359983,248.58,0
990,2439.597,"Mount",-0.021,0.079,-0.053,-0.062,0.000,0.000,0,,0,,,,347904,236.81,0
991,2442.098,"Mount",-0.163,0.432,-0.336,-0.317,-0.212,0.000,69,E,0,,,,411557,288.90,0
992,2444.354,"Mount",-0.167,0.491,-0.366,-0.368,-0.245,0.000,80,E,0,,,,362288,210.23,0
993,2448.241,"Mount",-0.079,0.316,-0.210,-0.250,-0.150,-0.250,49,E,1312,N,,,374566,241.94,0
994,2450.506,"Mount",-0.276,0.247,-0.356,-0.101,-0.235,0.000,76,E,0,,,,348694,233.72,0
995,2452.930,"Mount",-0.263,0.087,-0.274,0.038,-0.189,0.000,61,E,0,,,,395785,224.30,0
996,2455.211,"Mount",-0.398,0.211,-0.450,-0.014,-0.297,0.000,96,E,0,,,,364439,237.64,0
997,2457.650,"Mount",0.333,-0.060,0.326,-0.092,0.184,0.000,60,W,0,,,,381481,237.76,0
998,2459.790,"Mount",0.020,-0.243,0.125,0.210,0.000,0.000,0,,0,,,,351915,240.23,0
999,2462.474,"Mount",0.746,-0.031,0.684,-0.299,0.431,-0.299,140,W,63,N,,,359135,243.17,0
1000,2464.620,"Mount",0.015,0.019,0.005,-0.024,0.000,0.000,0,,0,,,,343068,215.79,0
1001,2467.138,"Mount",-0.131,0.281,-0.241,-0.195,-0.152,0.000,49,E,0,,,,376608,264.82,0
1002,2469.460,"Mount",-0.012,0.299,-0.142,-0.263,-0.100,-0.263,32,E,55,N,,,385291,282.26,0
1003,2471.885,"Mount",-0.165,0.162,-0.220,-0.073,-0.146,0.000,47,E,0,,,,347223,219.43,0
1004,2474.130,"Mount",-0.357,0.016,-0.328,0.143,-0.217,0.000,70,E,0,,,,374978,238.53,0
1005,2476.449,"Mount",-0.123,-0.004,-0.109,0.057,0.000,0.000,0,,0,,,,344550,233.71,0
1006,2478.825,"Mount",-0.318,-0.180,-0.207,0.302,-0.130,0.000,42,E,0,,,,361862,242.15,0
1007,2481.228,"Mount",0.131,-0.378,0.283,0.282,0.169,0.000,55,W,0,,,,383306,263.81,0
1008,2483.394,"Mount",-0.063,-0.362,0.102,0.353,0.000,0.000,0,,0,,,,352039,246.60,0
1009,2485.882,"Mount",-0.114,0.176,-0.180,-0.108,-0.113,0.000,37,E,0,,,,361797,245.53,0
1010,2488.035,"Mount",-0.051,0.087,-0.084,-0.056,0.000,0.000,0,,0,,,,369836,238.32,0
1011,2491.883,"Mount",-0.286,-0.462,-0.054,0.541,0.000,0.541,0,,1374,S,,,332728,216.29,0
1012,2494.162,"Mount",-0.127,0.275,-0.235,-0.191,-0.148,0.000,48,E,0,,,,393622,261.04,0
1013,2496.480,"Mount",-0.039,0.116,-0.086,-0.087,0.000,0.000,0,,0,,,,360812,250.58,0
1014,2498.825,"Mount",-0.060,0.293,-0.182,-0.237,-0.115,0.000,37,E,0,,,,377837,231.22,0
1015,2501.237,"Mount",0.175,-0.113,0.207,0.025,0.122,0.000,40,W,0,,,,355164,228.81,0
1016,2503.477,"Mount",0.101,-0.202,0.180,0.137,0.122,0.000,39,W,0,,,,376530,243.03,0
1017,2506.021,"Mount",-0.396,0.104,-0.402,0.081,-0.245,0.000,79,E,0,,,,354417,244.33,0
1018,2508.158,"Mount",0.081,-0.033,0.087,-0.006,0.000,0.000,0,,0,,,,380946,249.66,0
1019,2510.691,"Mount",-0.287,0.032,-0.272,0.097,-0.171,0.000,56,E,0,,,,365179,270.44,0
1020,2512.870,"Mount",0.169,0.078,0.118,-0.145,0.000,0.000,0,,0,,,,377969,228.97,0
1021,2515.299,"Mount",0.055,-0.095,0.091,0.061,0.000,0.000,0,,0,,,,356077,197.45,0
1022,2517.551,"Mount",0.093,-0.019,0.092,-0.024,0.000,0.000,0,,0,,,,387885,254.57,0
1023,2520.250,"Mount",0.083,-0.276,0.195,0.211,0.123,0.211,40,W,44,S,,,344907,228.70,0
1024,2522.618,"Mount",0.124,-0.430,0.300,0.332,0.198,0.332,64,W,70,S,,,363180,242.20,0
1025,2525.036,"Mount",0.066,-0.177,0.137,0.130,0.100,0.000,33,W,0,,,,370146,231.85,0
1026,2527.625,"Mount",-0.399,-0.239,-0.253,0.389,-0.153,0.389,50,E,82,S,,,342288,235.83,0
INFO: SET LOCK POSITION, new lock pos = 628.070, 909.675
INFO: DITHER by 1.115, -1.076, new lock pos = 629.544, 910.152
INFO: SETTLING STATE CHANGE, Settling started
1027,2531.604,"Mount",-1.474,-0.477,-1.115,1.076,-1.115,1.076,362,E,226,S,,,379791,270.29,0
1028,2534.507,"Mount",-0.575,-0.313,-0.379,0.533,-0.239,0.000,78,E,0,,,,355765,246.62,0
1029,2538.681,"Mount",1.307,0.254,1.063,-0.802,0.653,-0.802,212,W,1428,N,,,367189,230.81,0
1030,2541.769,"Mount",-0.305,0.432,-0.464,-0.254,-0.247,-0.254,80,E,53,N,,,348526,225.87,0
1031,2544.338,"Mount",0.255,0.123,0.175,-0.222,0.093,-0.222,30,W,47,N,,,350349,220.23,0
INFO: SETTLING STATE CHANGE, Settling complete
1032,2548.585,"Mount",0.822,-1.110,1.225,0.637,0.778,0.637,253,W,1394,S,,,391179,225.82,0
1033,2551.236,"Mount",0.122,0.200,0.022,-0.233,0.000,0.000,0,,0,,,,351984,246.02,0
1034,2553.804,"Mount",0.018,-0.092,0.056,0.075,0.000,0.000,0,,0,,,,350185,231.26,0
1035,2556.604,"Mount",-0.576,0.132,-0.576,0.134,-0.363,0.000,118,E,0,,,,375649,222.40,0
1036,2558.792,"Mount",-0.072,-0.061,-0.037,0.086,0.000,0.000,0,,0,,,,374294,233.00,0
1037,2561.590,"Mount",0.347,-0.217,0.407,0.043,0.256,0.000,83,W,0,,,,360392,237.63,0
1038,2563.982,"Mount",-0.217,-0.298,-0.064,0.363,0.000,0.363,0,,76,S,,,359484,221.09,0
1039,2566.976,"Mount",-0.446,-0.113,-0.351,0.298,-0.221,0.298,72,E,62,S,,,380909,257.05,0
1040,2569.690,"Mount",0.420,-0.495,0.595,0.261,0.359,0.261,117,W,55,S,,,364046,249.91,0
1041,2572.492,"Mount",-0.171,-0.054,-0.130,0.124,-0.057,0.000,18,E,0,,,,378969,241.51,0
1042,2574.696,"Mount",0.123,0.071,0.079,-0.118,0.000,0.000,0,,0,,,,358786,222.96,0
1043,2577.593,"Mount",0.214,-0.500,0.412,0.355,0.259,0.355,84,W,75,S,,,349973,217.69,0
1044,2580.154,"Mount",0.171,-0.456,0.353,0.335,0.241,0.335,78,W,70,S,,,346788,226.15,0
1045,2582.519,"Mount",-0.075,0.076,-0.100,-0.036,0.000,0.000,0,,0,,,,361054,223.31,0
1046,2584.968,"Mount",0.078,0.268,-0.047,-0.275,0.000,0.000,0,,0,,,,361825,241.16,0
1047,2587.499,"Mount",0.055,0.160,-0.021,-0.168,0.000,0.000,0,,0,,,,348886,226.24,0
1048,2590.101,"Mount",0.471,-0.029,0.436,-0.180,0.275,0.000,89,W,0,,,,384489,255.86,0
1049,2592.665,"Mount",-0.112,0.384,-0.269,-0.296,-0.150,0.000,49,E,0,,,,347091,224.15,0
1050,2594.892,"Mount",0.087,0.271,-0.041,-0.282,0.000,0.000,0,,0,,,,391956,245.88,0
1051,2597.482,"Mount",0.033,0.465,-0.174,-0.432,-0.110,0.000,36,E,0,,,,389908,258.07,0
1052,2599.887,"Mount",-0.294,0.302,-0.397,-0.142,-0.258,0.000,84,E,0,,,,355459,241.23,0
1053,2603.832,"Mount",0.136,0.364,-0.037,-0.386,0.000,-0.386,0,,1341,N,,,362484,231.25,0
1054,2606.465,"Mount",-0.092,0.304,-0.216,-0.233,-0.136,-0.233,44,E,49,N,,,361795,245.48,0
1055,2609.017,"Mount",0.334,0.353,0.145,-0.463,0.082,-0.463,27,W,97,N,,,324922,218.76,0
1056,2611.449,"Mount",0.708,-0.047,0.656,-0.269,0.419,-0.269,136,W,56,N,,,368658,244.69,0
1057,2613.768,"Mount",-0.051,0.002,-0.047,0.020,0.000,0.000,0,,0,,,,382028,262.49,0
1058,2616.274,"Mount",-0.856,0.412,-0.950,0.006,-0.599,0.000,194,E,0,,,,365607,256.51,0
1059,2618.587,"Mount",-0.104,-0.180,-0.014,0.207,0.000,0.000,0,,0,,,,388191,295.40,0
1060,2620.855,"Mount",0.126,-0.020,0.122,-0.037,0.000,0.000,0,,0,,,,369981,252.65,0
1061,2623.380,"Mount",-0.320,0.120,-0.340,0.033,-0.214,0.000,69,E,0,,,,358549,243.25,0
1062,2625.635,"Mount",-0.235,0.084,-0.248,0.028,-0.171,0.000,56,E,0,,,,382174,247.69,0
1063,2628.058,"Mount",-0.320,0.037,-0.304,0.107,-0.203,0.000,66,E,0,,,,352091,227.63,0
1064,2630.227,"Mount",0.003,-0.095,0.044,0.084,0.000,0.000,0,,0,,,,367831,277.43,0
1065,2632.757,"Mount",0.185,-0.134,0.225,0.039,0.142,0.000,46,W,0,,,,374386,263.17,0
1066,2634.967,"Mount",-0.150,-0.214,-0.040,0.258,0.000,0.000,0,,0,,,,359265,266.80,0
1067,2637.642,"Mount",-0.433,0.257,-0.502,-0.041,-0.316,0.000,103,E,0,,,,338056,248.55,0
1068,2639.899,"Mount",-0.340,0.003,-0.307,0.146,-0.216,0.000,70,E,0,,,,394959,255.68,0
1069,2642.207,"Mount",-0.072,0.149,-0.130,-0.103,0.000,0.000,0,,0,,,,381499,247.48,0
1070,2644.523,"Mount",-0.294,-0.203,-0.175,0.312,-0.110,0.000,36,E,0,,,,377432,231.71,0
1071,2646.852,"Mount",0.040,0.017,0.029,-0.033,0.000,0.000,0,,0,,,,392749,248.95,0
1072,2649.162,"Mount",0.126,-0.079,0.148,0.016,0.093,0.000,30,W,0,,,,372906,272.61,0
1073,2651.602,"Mount",-0.287,-0.006,-0.255,0.131,-0.154,0.000,50,E,0,,,,350894,233.49,0
1074,2655.194,"Mount",0.125,-0.397,0.286,0.302,0.170,0.302,55,W,1323,S,,,382998,242.55,0
1075,2657.598,"Mount",-0.217,0.113,-0.244,-0.006,-0.142,0.000,46,E,0,,,,386671,255.24,0
1076,2659.890,"Mount",-0.588,0.086,-0.566,0.180,-0.367,0.000,119,E,0,,,,341645,228.29,0
1077,2662.204,"Mount",-0.185,-0.118,-0.115,0.188,0.000,0.000,0,,0,,,,383136,263.32,0
1078,2664.522,"Mount",-0.190,-0.076,-0.137,0.152,-0.087,0.000,28,E,0,,,,369022,215.20,0
1079,2666.890,"Mount",0.006,0.024,-0.006,-0.024,0.000,0.000,0,,0,,,,334641,221.64,0
1080,2669.151,"Mount",0.051,0.044,0.026,-0.062,0.000,0.000,0,,0,,,,400176,273.08,0
1081,2671.564,"Mount",-0.044,-0.096,0.002,0.106,0.000,0.000,0,,0,,,,371704,261.94,0
1082,2673.809,"Mount",-0.047,0.072,-0.074,-0.044,0.000,0.000,0,,0,,,,363942,246.03,0
1083,2676.338,"Mount",0.454,-0.164,0.480,-0.052,0.302,0.000,98,W,0,,,,382144,249.16,0
1084,2678.546,"Mount",-0.111,0.096,-0.142,-0.038,-0.068,0.000,22,E,0,,,,323010,217.81,0
1085,2680.988,"Mount",-0.032,0.085,-0.066,-0.063,0.000,0.000,0,,0,,,,345761,249.46,0
1086,2683.505,"Mount",-0.517,-0.133,-0.406,0.347,-0.256,0.347,83,E,73,S,,,360260,267.39,0
1087,2685.826,"Mount",-0.137,-0.042,-0.104,0.098,0.000,0.000,0,,0,,,,355041,246.60,0
1088,2688.315,"Mount",-0.531,0.322,-0.619,-0.056,-0.390,0.000,127,E,0,,,,405773,248.18,0
1089,2690.915,"Mount",0.007,-0.473,0.214,0.422,0.107,0.422,35,W,89,S,,,340715,222.40,0
1090,2693.170,"Mount",-0.174,-0.265,-0.040,0.315,0.000,0.315,0,,66,S,,,371407,261.17,0
1091,2695.607,"Mount",0.266,0.171,0.164,-0.270,0.103,0.000,33,W,0,,,,381753,257.67,0
1092,2697.954,"Mount",0.827,-0.083,0.779,-0.288,0.498,0.000,162,W,0,,,,361971,232.81,0
1093,2700.426,"Mount",-0.319,0.489,-0.501,-0.299,-0.281,0.000,91,E,0,,,,341011,227.35,0
1094,2702.592,"Mount",0.093,0.398,-0.091,-0.398,0.000,0.000,0,,0,,,,335302,210.97,0
1095,2705.177,"Mount",-0.222,0.327,-0.343,-0.196,-0.216,0.000,70,E,0,,,,371300,254.62,0
1096,2708.813,"Mount",0.264,0.326,0.094,-0.409,0.000,-0.409,0,,1346,N,,,361165,244.13,0
1097,2711.125,"Mount",0.098,0.136,0.029,-0.165,0.000,0.000,0,,0,,,,393160,298.60,0
1098,2713.555,"Mount",0.271,0.168,0.170,-0.270,0.107,-0.270,35,W,57,N,,,348643,228.77,0
1099,2715.887,"Mount",0.019,0.075,-0.016,-0.076,0.000,0.000,0,,0,,,,362070,263.98,0
1100,2718.156,"Mount",0.026,0.037,0.007,-0.044,0.000,0.000,0,,0,,,,372309,233.63,0
1101,2720.704,"Mount",0.178,0.292,0.032,-0.341,0.000,-0.341,0,,72,N,,,330715,249.04,0
1102,2723.202,"Mount",-0.302,0.526,-0.502,-0.340,-0.316,-0.340,103,E,71,N,,,356513,261.58,0
1103,2725.706,"Mount",-0.590,0.017,-0.537,0.244,-0.361,0.000,117,E,0,,,,348810,254.49,0
1104,2728.002,"Mount",-0.455,0.130,-0.466,0.083,-0.319,0.000,103,E,0,,,,370439,265.13,0
1105,2730.466,"Mount",-0.492,-0.347,-0.290,0.528,-0.205,0.000,67,E,0,,,,337503,247.92,0
1106,2732.628,"Mount",-0.025,-0.128,0.034,0.126,0.000,0.000,0,,0,,,,360593,217.95,0
1107,2735.210,"Mount",0.463,-0.386,0.586,0.143,0.369,0.000,120,W,0,,,,363024,228.06,0
1108,2737.347,"Mount",-0.201,-0.121,-0.127,0.197,0.000,0.000,0,,0,,,,380834,247.15,0
1109,2739.994,"Mount",0.347,0.079,0.277,-0.223,0.175,-0.223,57,W,47,N,,,349407,240.93,0
1110,2742.149,"Mount",-0.134,-0.206,-0.030,0.244,0.000,0.000,0,,0,,,,386085,248.09,0
1111,2744.574,"Mount",-0.027,0.005,-0.026,0.008,0.000,0.000,0,,0,,,,371976,268.30,0
1112,2746.904,"Mount",-0.257,-0.068,-0.201,0.174,-0.126,0.000,41,E,0,,,,394197,287.42,0
1113,2749.454,"Mount",-0.376,-0.001,-0.337,0.166,-0.221,0.000,72,E,0,,,,366404,255.01,0
1114,2751.698,"Mount",-0.135,0.047,-0.142,0.017,-0.105,0.000,34,E,0,,,,355513,257.89,0
1115,2754.194,"Mount",0.304,-0.293,0.402,0.130,0.246,0.000,80,W,0,,,,369791,247.84,0
1116,2756.423,"Mount",-0.326,-0.134,-0.234,0.263,-0.130,0.000,42,E,0,,,,356014,242.01,0
1117,2758.916,"Mount",0.160,-0.508,0.367,0.386,0.222,0.000,72,W,0,,,,354451,227.43,0
1118,2762.657,"Mount",0.555,-0.500,0.718,0.206,0.468,0.206,152,W,1303,S,,,341706,249.49,0
1119,2765.144,"Mount",0.174,-0.292,0.284,0.186,0.212,0.000,69,W,0,,,,371138,256.25,0
1120,2767.286,"Mount",0.073,0.057,0.040,-0.083,0.000,0.000,0,,0,,,,397544,273.43,0
1121,2769.782,"Mount",0.064,-0.077,0.091,0.041,0.000,0.000,0,,0,,,,359692,262.58,0
1122,2772.138,"Mount",-0.160,-0.016,-0.137,0.084,-0.086,0.000,28,E,0,,,,365710,262.20,0
1123,2774.533,"Mount",-0.101,0.024,-0.101,0.022,0.000,0.000,0,,0,,,,335116,226.24,0
1124,2776.783,"Mount",-0.048,0.135,-0.102,-0.100,0.000,0.000,0,,0,,,,366886,237.39,0
1125,2779.330,"Mount",-0.298,0.103,-0.313,0.038,-0.197,0.000,64,E,0,,,,395308,286.97,0
1126,2781.609,"Mount",0.207,-0.239,0.291,0.124,0.169,0.000,55,W,0,,,,374370,263.53,0
1127,2783.925,"Mount",0.019,-0.100,0.061,0.081,0.000,0.000,0,,0,,,,374431,231.83,0
1128,2786.309,"Mount",0.330,-0.049,0.318,-0.100,0.200,0.000,65,W,0,,,,374182,227.66,0
1129,2788.866,"Mount",-0.421,0.164,-0.450,0.038,-0.270,0.000,87,E,0,,,,356026,254.42,0
1130,2791.378,"Mount",-0.460,-0.203,-0.325,0.384,-0.223,0.384,73,E,81,S,,,356944,216.00,0
1131,2793.790,"Mount",0.146,-0.286,0.257,0.193,0.146,0.000,47,W,0,,,,389097,227.37,0
1132,2796.082,"Mount",0.025,-0.243,0.129,0.207,0.000,0.207,0,,44,S,,,382741,266.18,0
1133,2798.514,"Mount",-0.118,-0.422,0.079,0.431,0.000,0.431,0,,90,S,,,341174,246.66,0
1134,2800.746,"Mount",-0.194,-0.086,-0.137,0.162,-0.086,0.000,28,E,0,,,,371616,222.10,0
1135,2803.226,"Mount",0.314,-0.018,0.290,-0.122,0.176,0.000,57,W,0,,,,360753,262.84,0
1136,2805.397,"Mount",0.101,0.081,0.055,-0.117,0.000,0.000,0,,0,,,,392080,255.58,0
1137,2807.922,"Mount",0.416,0.021,0.365,-0.201,0.230,0.000,75,W,0,,,,362754,241.05,0
1138,2810.164,"Mount",-0.093,0.280,-0.206,-0.211,-0.114,0.000,37,E,0,,,,351633,253.34,0
1139,2812.493,"Mount",-0.148,-0.008,-0.129,0.072,0.000,0.000,0,,0,,,,371201,245.26,0
1140,2814.849,"Mount",-0.233,-0.064,-0.181,0.160,-0.114,0.000,37,E,0,,,,360928,247.29,0
1141,2817.188,"Mount",-0.046,-0.089,-0.002,0.100,0.000,0.000,0,,0,,,,349326,251.98,0
1142,2819.529,"Mount",0.197,-0.089,0.216,-0.006,0.136,0.000,44,W,0,,,,329931,222.68,0
1143,2821.919,"Mount",-0.137,-0.105,-0.077,0.154,0.000,0.000,0,,0,,,,379238,243.12,0
1144,2824.159,"Mount",-0.094,-0.097,-0.042,0.129,0.000,0.000,0,,0,,,,347202,244.29,0
1145,2826.658,"Mount",0.161,-0.155,0.213,0.069,0.134,0.000,43,W,0,,,,354275,239.62,0
1146,2829.018,"Mount",-0.555,0.225,-0.598,0.041,-0.367,0.000,119,E,0,,,,353802,225.58,0
1147,2831.479,"Mount",-0.357,0.170,-0.396,0.004,-0.275,0.000,89,E,0,,,,366870,221.69,0
1148,2833.738,"Mount",-0.183,0.243,-0.271,-0.138,-0.190,0.000,62,E,0,,,,336843,214.74,0
1149,2836.138,"Mount",-0.119,-0.200,-0.020,0.232,0.000,0.232,0,,49,S,,,365402,229.72,0
1150,2838.337,"Mount",-0.009,0.055,-0.032,-0.046,0.000,0.000,0,,0,,,,379018,224.36,0
1151,2840.858,"Mount",0.312,-0.071,0.311,-0.074,0.196,0.000,64,W,0,,,,359017,231.99,0
1152,2843.210,"Mount",0.018,-0.268,0.133,0.233,0.098,0.233,32,W,49,S,,,379394,239.59,0
1153,2845.538,"Mount",0.201,0.141,0.119,-0.215,0.000,0.000,0,,0,,,,374969,248.29,0
1154,2848.050,"Mount",0.284,-0.571,0.505,0.388,0.318,0.388,103,W,82,S,,,370045,232.61,0
1155,2851.906,"Mount",0.146,0.646,-0.153,-0.645,-0.074,-0.645,24,E,1395,N,,,357305,250.33,0
1156,2854.303,"Mount",0.362,0.555,0.082,-0.658,0.000,-0.658,0,,138,N,,,358797,250.52,0
1157,2856.889,"Mount",-0.259,0.463,-0.436,-0.302,-0.275,-0.302,89,E,64,N,,,385789,257.73,0
1158,2859.114,"Mount",0.235,0.105,0.165,-0.198,0.084,0.000,27,W,0,,,,355730,228.68,0
1159,2861.603,"Mount",0.431,-0.027,0.400,-0.165,0.258,0.000,84,W,0,,,,365773,261.37,0
1160,2863.930,"Mount",-0.043,0.316,-0.177,-0.265,-0.093,-0.265,30,E,56,N,,,364261,252.37,0
1161,2866.251,"Mount",-0.032,0.190,-0.112,-0.156,0.000,0.000,0,,0,,,,358244,234.33,0
1162,2868.739,"Mount",0.401,0.265,0.243,-0.414,0.153,-0.414,50,W,87,N,,,374421,264.17,0
1163,2871.274,"Mount",-0.048,0.339,-0.192,-0.283,-0.110,-0.283,36,E,59,N,,,357653,245.11,0
1164,2873.683,"Mount",-0.325,0.115,-0.342,0.039,-0.223,0.000,72,E,0,,,,427365,267.75,0
1165,2875.987,"Mount",0.121,-0.014,0.114,-0.040,0.000,0.000,0,,0,,,,349419,256.65,0
1166,2878.209,"Mount",-0.118,0.044,-0.125,0.012,0.000,0.000,0,,0,,,,352792,256.14,0
1167,2880.608,"Mount",0.084,0.101,0.031,-0.128,0.000,0.000,0,,0,,,,315944,238.26,0
1168,2882.973,"Mount",-0.179,0.162,-0.232,-0.067,-0.146,0.000,47,E,0,,,,362812,243.36,0
1169,2885.482,"Mount",0.327,0.170,0.219,-0.296,0.128,-0.296,42,W,62,N,,,350322,250.58,0
1170,2887.682,"Mount",-0.172,-0.022,-0.145,0.096,-0.082,0.000,27,E,0,,,,360525,247.04,0
1171,2890.211,"Mount",0.566,-0.267,0.625,-0.008,0.388,0.000,126,W,0,,,,355957,219.94,0
1172,2892.386,"Mount",-0.037,-0.097,0.009,0.104,0.000,0.000,0,,0,,,,356951,243.72,0
1173,2894.926,"Mount",-0.465,-0.311,-0.281,0.483,-0.177,0.000,57,E,0,,,,342595,228.29,0
1174,2897.170,"Mount",-0.363,-0.176,-0.249,0.317,-0.169,0.000,55,E,0,,,,367744,250.38,0
1175,2899.605,"Mount",-0.386,0.028,-0.360,0.144,-0.238,0.000,77,E,0,,,,343769,227.30,0
1176,2901.827,"Mount",-0.211,-0.079,-0.155,0.163,-0.114,0.000,37,E,0,,,,359110,230.31,0
1177,2904.224,"Mount",0.173,-0.036,0.171,-0.044,0.100,0.000,32,W,0,,,,333742,207.28,0
1178,2906.396,"Mount",-0.083,0.037,-0.091,0.003,0.000,0.000,0,,0,,,,352751,239.61,0
1179,2908.946,"Mount",0.107,-0.287,0.222,0.211,0.140,0.000,45,W,0,,,,366819,230.82,0
1180,2911.097,"Mount",-0.080,-0.314,0.066,0.317,0.000,0.000,0,,0,,,,366208,233.09,0
1181,2913.604,"Mount",0.003,-0.312,0.140,0.279,0.088,0.000,29,W,0,,,,378664,241.03,0
1182,2917.186,"Mount",-0.108,-0.428,0.091,0.433,0.000,0.433,0,,1373,S,,,365894,289.60,0
1183,2919.594,"Mount",0.393,0.180,0.274,-0.334,0.172,0.000,56,W,0,,,,365258,237.47,0
1184,2921.744,"Mount",0.062,0.186,-0.026,-0.194,0.000,0.000,0,,0,,,,377284,257.11,0
1185,2924.322,"Mount",-0.456,0.391,-0.582,-0.151,-0.366,0.000,119,E,0,,,,364004,250.66,0
1186,2926.674,"Mount",-0.451,0.461,-0.608,-0.216,-0.409,0.000,133,E,0,,,,345682,216.71,0
1187,2929.008,"Mount",-0.046,-0.060,-0.016,0.074,0.000,0.000,0,,0,,,,371294,248.53,0
1188,2931.364,"Mount",0.329,-0.070,0.326,-0.081,0.206,0.000,67,W,0,,,,351938,241.48,0
1189,2933.685,"Mount",-0.073,-0.016,-0.058,0.046,0.000,0.000,0,,0,,,,355863,255.56,0
1190,2936.186,"Mount",-0.094,-0.213,0.009,0.232,0.000,0.232,0,,49,S,,,382602,260.10,0
1191,2938.526,"Mount",-0.020,0.104,-0.064,-0.085,0.000,0.000,0,,0,,,,353392,248.58,0
1192,2940.869,"Mount",-0.157,0.065,-0.169,0.010,-0.107,0.000,35,E,0,,,,335676,226.63,0
1193,2943.192,"Mount",-0.033,0.033,-0.044,-0.016,0.000,0.000,0,,0,,,,384957,248.05,0
1194,2945.533,"Mount",-0.258,0.057,-0.257,0.062,-0.162,0.000,53,E,0,,,,364441,231.25,0
1195,2948.002,"Mount",-0.182,-0.281,-0.040,0.332,0.000,0.332,0,,70,S,,,372936,259.31,0
1196,2950.410,"Mount",-0.559,-0.030,-0.489,0.273,-0.308,0.273,100,E,57,S,,,335260,213.27,0
1197,2952.868,"Mount",-0.160,-0.356,0.013,0.390,0.000,0.390,0,,82,S,,,385762,290.27,0
1198,2955.149,"Mount",-0.256,0.018,-0.238,0.096,-0.150,0.000,49,E,0,,,,346875,239.34,0
1199,2957.576,"Mount",0.380,-0.079,0.377,-0.096,0.227,0.000,74,W,0,,,,383948,263.44,0
1200,2959.722,"Mount",0.021,-0.098,0.062,0.079,0.000,0.000,0,,0,,,,385692,250.71,0
1201,2962.125,"Mount",0.036,-0.066,0.062,0.043,0.000,0.000,0,,0,,,,367210,214.87,0
1202,2964.507,"Mount",-0.455,0.282,-0.533,-0.054,-0.336,0.000,109,E,0,,,,392718,231.01,0
1203,2967.052,"Mount",-0.217,0.071,-0.226,0.032,-0.166,0.000,54,E,0,,,,362536,258.21,0
1204,2969.283,"Mount",-0.021,-0.222,0.078,0.208,0.000,0.208,0,,44,S,,,357785,248.22,0
1205,2971.714,"Mount",0.277,-0.057,0.274,-0.070,0.172,0.000,56,W,0,,,,347907,225.04,0
1206,2973.855,"Mount",0.100,-0.011,0.095,-0.034,0.000,0.000,0,,0,,,,341842,233.87,0
1207,2976.260,"Mount",-0.032,0.178,-0.107,-0.146,0.000,0.000,0,,0,,,,341613,204.64,0
1208,2978.499,"Mount",-0.009,0.081,-0.044,-0.069,0.000,0.000,0,,0,,,,368598,267.71,0
1209,2980.943,"Mount",0.066,-0.014,0.066,-0.016,0.000,0.000,0,,0,,,,371113,248.35,0
1210,2983.394,"Mount",-0.412,0.249,-0.479,-0.043,-0.302,0.000,98,E,0,,,,352285,239.56,0
1211,2985.795,"Mount",-0.118,-0.180,-0.027,0.213,0.000,0.213,0,,45,S,,,350280,216.79,0
1212,2987.941,"Mount",0.085,0.078,0.042,-0.107,0.000,0.000,0,,0,,,,357435,229.18,0
1213,2990.416,"Mount",-0.113,-0.173,-0.026,0.206,0.000,0.206,0,,43,S,,,390362,246.30,0
1214,2992.612,"Mount",0.012,-0.038,0.027,0.029,0.000,0.000,0,,0,,,,362908,251.35,0
1215,2995.126,"Mount",0.268,0.081,0.205,-0.191,0.129,0.000,42,W,0,,,,391575,269.43,0
1216,2997.371,"Mount",0.294,0.147,0.199,-0.261,0.135,0.000,44,W,0,,,,361476,241.63,0
1217,2999.695,"Mount",0.048,0.007,0.040,-0.028,0.000,0.000,0,,0,,,,320768,229.18,0
1218,3001.915,"Mount",0.018,0.061,-0.010,-0.063,0.000,0.000,0,,0,,,,360731,230.02,0
1219,3004.426,"Mount",-0.306,0.175,-0.352,-0.023,-0.222,0.000,72,E,0,,,,356999,245.48,0
1220,3006.650,"Mount",-0.075,-0.191,0.016,0.204,0.000,0.204,0,,43,S,,,382324,247.46,0
1221,3009.146,"Mount",-0.253,0.198,-0.314,-0.067,-0.198,0.000,64,E,0,,,,373746,217.47,0
1222,3011.305,"Mount",-0.050,-0.056,-0.021,0.073,0.000,0.000,0,,0,,,,342408,233.77,0
1223,3013.829,"Mount",-0.408,0.037,-0.383,0.145,-0.241,0.000,78,E,0,,,,349500,223.88,0
1224,3016.058,"Mount",-0.210,0.124,-0.243,-0.019,-0.170,0.000,55,E,0,,,,362263,204.15,0
1225,3018.735,"Mount",0.996,-0.130,0.952,-0.321,0.588,0.000,191,W,0,,,,355827,245.75,0
1226,3021.092,"Mount",0.342,-0.222,0.405,0.049,0.296,0.000,96,W,0,,,,305328,203.96,0
1227,3023.596,"Mount",-0.472,0.255,-0.536,-0.022,-0.317,0.000,103,E,0,,,,353578,213.01,0
1228,3025.941,"Mount",-0.478,0.483,-0.642,-0.224,-0.427,0.000,138,E,0,,,,366683,247.56,0
1229,3028.250,"Mount",-0.067,0.156,-0.129,-0.111,0.000,0.000,0,,0,,,,366094,250.11,0
1230,3030.483,"Mount",0.085,-0.071,0.107,0.027,0.000,0.000,0,,0,,,,353499,238.93,0
1231,3033.019,"Mount",-0.208,0.036,-0.203,0.059,-0.128,0.000,41,E,0,,,,404760,274.72,0
1232,3035.250,"Mount",-0.259,-0.119,-0.180,0.221,-0.123,0.000,40,E,0,,,,373982,272.72,0
1233,3037.559,"Mount",0.023,-0.049,0.042,0.034,0.000,0.000,0,,0,,,,367306,242.23,0
1234,3039.922,"Mount",0.513,-0.153,0.528,-0.088,0.333,0.000,108,W,0,,,,355597,244.10,0
1235,3042.466,"Mount",0.798,-0.319,0.857,-0.063,0.563,0.000,183,W,0,,,,336922,248.03,0
1236,3044.661,"Mount",-0.104,0.156,-0.162,-0.094,-0.063,0.000,20,E,0,,,,331750,218.52,0
1237,3047.179,"Mount",-0.422,0.541,-0.617,-0.301,-0.393,0.000,128,E,0,,,,329429,248.24,0
1238,3049.565,"Mount",-0.354,0.308,-0.454,-0.121,-0.313,0.000,102,E,0,,,,352911,241.23,0
1239,3052.046,"Mount",-0.228,0.077,-0.239,0.030,-0.172,0.000,56,E,0,,,,348904,242.02,0
1240,3054.450,"Mount",-0.407,-0.356,-0.209,0.498,-0.144,0.498,47,E,105,S,,,388097,271.69,0
1241,3056.933,"Mount",0.340,0.095,0.264,-0.234,0.156,0.000,51,W,0,,,,381226,245.71,0
1242,3059.250,"Mount",0.575,0.050,0.495,-0.298,0.323,0.000,105,W,0,,,,342486,220.29,0
1243,3062.994,"Mount",0.143,0.490,-0.086,-0.503,0.000,-0.503,0,,1388,N,,,374807,235.60,0
1244,3065.314,"Mount",0.290,0.385,0.091,-0.473,0.000,-0.473,0,,99,N,,,378560,235.16,0
1245,3067.621,"Mount",0.055,0.005,0.047,-0.029,0.000,0.000,0,,0,,,,340972,217.88,0
1246,3069.993,"Mount",-0.420,0.080,-0.412,0.112,-0.260,0.000,84,E,0,,,,348423,226.64,0
1247,3072.420,"Mount",0.138,0.203,0.035,-0.243,0.000,-0.243,0,,51,N,,,341855,207.28,0
1248,3074.682,"Mount",-0.416,0.008,-0.378,0.175,-0.238,0.000,77,E,0,,,,366235,253.53,0
1249,3077.170,"Mount",-0.609,-0.211,-0.454,0.457,-0.303,0.000,98,E,0,,,,334266,207.18,0
1250,3079.318,"Mount",-0.247,-0.278,-0.100,0.359,0.000,0.000,0,,0,,,,338205,240.74,0
1251,3081.940,"Mount",0.393,-0.266,0.470,0.066,0.296,0.000,96,W,0,,,,345104,221.48,0
1252,3084.178,"Mount",-0.401,-0.217,-0.265,0.371,-0.146,0.000,47,E,0,,,,346526,235.47,0
1253,3088.274,"Mount",-1.364,-0.475,-1.017,1.025,-0.651,1.025,211,E,1497,S,,,360957,243.38,0
1254,3090.875,"Mount",0.803,-0.555,0.965,0.146,0.562,0.000,183,W,0,,,,365537,233.68,0
1255,3093.101,"Mount",0.113,0.074,0.069,-0.117,0.000,0.000,0,,0,,,,364347,243.49,0
1256,3095.634,"Mount",-0.279,0.305,-0.384,-0.152,-0.242,0.000,79,E,0,,,,366460,246.11,0
1257,3097.770,"Mount",0.013,0.197,-0.075,-0.183,0.000,0.000,0,,0,,,,376639,255.45,0
1258,3100.275,"Mount",-0.023,0.427,-0.208,-0.373,-0.131,0.000,43,E,0,,,,374051,255.43,0
1259,3102.513,"Mount",0.040,0.454,-0.163,-0.426,-0.112,0.000,36,E,0,,,,360629,239.41,0
1260,3104.938,"Mount",0.376,0.211,0.246,-0.354,0.147,0.000,48,W,0,,,,359719,240.58,0
1261,3107.156,"Mount",-0.138,0.146,-0.188,-0.071,-0.108,0.000,35,E,0,,,,343262,205.04,0
1262,3109.587,"Mount",-0.130,0.234,-0.219,-0.154,-0.146,0.000,47,E,0,,,,348056,232.23,0
1263,3113.250,"Mount",-0.182,0.345,-0.315,-0.230,-0.209,-0.230,68,E,1330,N,,,340634,231.31,0
1264,3115.874,"Mount",-1.170,0.533,-1.285,0.035,-0.824,0.000,268,E,0,,,,338524,248.05,0
1265,3118.138,"Mount",-0.426,-0.046,-0.362,0.228,-0.286,0.000,93,E,0,,,,352195,246.33,0
1266,3120.574,"Mount",0.199,-0.222,0.276,0.113,0.154,0.000,50,W,0,,,,369160,236.77,0
1267,3122.729,"Mount",0.093,0.017,0.077,-0.056,0.000,0.000,0,,0,,,,353031,248.91,0
1268,3125.418,"Mount",0.941,-0.367,1.007,-0.084,0.634,0.000,206,W,0,,,,351202,231.78,0
1269,3127.576,"Mount",-0.151,-0.117,-0.084,0.171,0.000,0.000,0,,0,,,,369419,238.98,0
1270,3130.154,"Mount",-0.649,0.279,-0.705,0.034,-0.444,0.000,144,E,0,,,,352720,215.45,0
1271,3132.349,"Mount",0.021,-0.068,0.049,0.052,0.000,0.000,0,,0,,,,359034,224.39,0
1272,3134.970,"Mount",-0.586,0.280,-0.650,0.005,-0.409,0.000,133,E,0,,,,353316,243.45,0
1273,3137.226,"Mount",-0.449,-0.091,-0.363,0.279,-0.258,0.000,84,E,0,,,,343270,231.59,0
1274,3139.564,"Mount",-0.126,0.024,-0.123,0.033,0.000,0.000,0,,0,,,,365285,238.77,0
1275,3141.903,"Mount",0.038,-0.470,0.240,0.406,0.151,0.000,49,W,0,,,,399518,225.75,0
1276,3145.675,"Mount",-0.093,-0.382,0.084,0.385,0.000,0.385,0,,1363,S,,,335163,234.37,0
1277,3147.975,"Mount",0.414,-0.364,0.532,0.146,0.335,0.000,109,W,0,,,,319724,223.89,0
1278,3150.324,"Mount",0.053,-0.086,0.085,0.054,0.000,0.000,0,,0,,,,368279,251.53,0
1279,3152.665,"Mount",-0.117,0.126,-0.161,-0.062,-0.101,0.000,33,E,0,,,,341017,219.90,0
Guiding Ends at 2026-09-01 04:14:07
INFO: SETTLING STATE CHANGE, Settling started

Guiding Begins at 2026-09-01 04:28:04
Equipment Profile = SW4P_EVO
Dither = both axes, Dither scale = 1.000, Image noise reduction = 2x2 mean, Guide-frame time lapse = 0, Server enabled
Pixel scale = 2.91 arc-sec/px, Binning = 1, Focal length = 266 mm
Search region = 15 px, Star mass tolerance = 50.0%, Multi-star mode, list size = 12
 Camera = ZWO ASI120MM Mini (ASCOM), full size = 1280 x 960, have dark, dark dur = 2000, no defect map, pixel size = 3.8 um
Exposure = 2000 ms
Mount = GPUSB, connected, guiding enabled, AuxMount=CPWI_ASCOM_Telescope, xAngle = -26.0, xRate = 4.140, yAngle = -116.0, yRate = 4.762, parity = +/-
Norm rates RA = 13.1"/s @ dec 0, Dec = 13.8"/s; ortho.err. = 0.0 deg
X guide algorithm = Hysteresis, Hysteresis = 0.100, Aggression = 0.700, Minimum move = 0.130
Y guide algorithm = Resist Switch, Minimum move = 0.200 Aggression = 100% FastSwitch = enabled
Backlash comp = enabled, pulse = 1282 ms
Max RA duration = 2500, Max DEC duration = 2500, DEC guide mode = Auto
RA Guide Speed = 14.9 a-s/s, Dec Guide Speed = 14.9 a-s/s, Cal Dec = -0.0, Last Cal Issue = None, Timestamp = 31/08/2026 21:19:06
RA = 20.01 hr, Dec = 22.8 deg, Hour angle = 5.91 hr, Pier side = East, Rotator pos = N/A, Alt = 16.1 deg, Az = 286.4 deg
Lock position = 812.891, 398.634, Star position = 812.891, 398.634, HFD = 3.50 px
Frame,Time,mount,dx,dy,RARawDistance,DECRawDistance,RAGuideDistance,DECGuideDistance,RADuration,RADirection,DECDuration,DECDirection,XStep,YStep,StarMass,SNR,ErrorCode
1,5.587,"Mount",-8.071,-8.451,-3.543,11.136,-2.232,11.136,539,E,2338,S,,,3607,13.35,0
2,7.891,"DROP",,,,,,,,,,,,,0,0.00,2,"Stella persa per SNR basso"
3,10.216,"DROP",,,,,,,,,,,,,0,0.00,2,"Stella persa per SNR basso"
4,12.759,"DROP",,,,,,,,,,,,,0,0.00,2,"Stella persa per SNR basso"
5,15.124,"DROP",,,,,,,,,,,,,0,0.00,2,"Stella persa per SNR basso"
6,17.610,"DROP",,,,,,,,,,,,,0,0.00,2,"Stella persa per SNR basso"
7,19.957,"DROP",,,,,,,,,,,,,0,0.00,2,"Stella persa per SNR basso"
8,22.454,"DROP",,,,,,,,,,,,,0,0.00,2,"Stella persa per SNR basso"
9,24.805,"DROP",,,,,,,,,,,,,0,0.00,2,"Stella persa per SNR basso"
10,27.310,"DROP",,,,,,,,,,,,,0,0.00,2,"Stella persa per SNR basso"
11,29.649,"DROP",,,,,,,,,,,,,0,0.00,2,"Stella persa per SNR basso"
12,32.163,"DROP",,,,,,,,,,,,,0,0.00,2,"Stella persa per SNR basso"
13,34.547,"DROP",,,,,,,,,,,,,0,0.00,2,"Stella persa per SNR basso"
INFO: SETTLING STATE CHANGE, Settling failed
Guiding Ends at 2026-09-01 04:28:41
INFO: SETTLING STATE CHANGE, Settling started

Guiding Begins at 2026-09-01 04:41:18
Equipment Profile = SW4P_EVO
Dither = both axes, Dither scale = 1.000, Image noise reduction = 2x2 mean, Guide-frame time lapse = 0, Server enabled
Pixel scale = 2.91 arc-sec/px, Binning = 1, Focal length = 266 mm
Search region = 15 px, Star mass tolerance = 50.0%, Multi-star mode, list size = 12
 Camera = ZWO ASI120MM Mini (ASCOM), full size = 1280 x 960, have dark, dark dur = 2000, no defect map, pixel size = 3.8 um
Exposure = 2000 ms
Mount = GPUSB, connected, guiding enabled, AuxMount=CPWI_ASCOM_Telescope, xAngle = -26.0, xRate = 4.140, yAngle = -116.0, yRate = 4.762, parity = +/-
Norm rates RA = 13.1"/s @ dec 0, Dec = 13.8"/s; ortho.err. = 0.0 deg
X guide algorithm = Hysteresis, Hysteresis = 0.100, Aggression = 0.700, Minimum move = 0.130
Y guide algorithm = Resist Switch, Minimum move = 0.200 Aggression = 100% FastSwitch = enabled
Backlash comp = enabled, pulse = 1282 ms
Max RA duration = 2500, Max DEC duration = 2500, DEC guide mode = Auto
RA Guide Speed = 14.9 a-s/s, Dec Guide Speed = 14.9 a-s/s, Cal Dec = -0.0, Last Cal Issue = None, Timestamp = 31/08/2026 21:19:06
RA = 20.01 hr, Dec = 22.8 deg, Hour angle = 6.13 hr, Pier side = East, Rotator pos = N/A, Alt = 13.8 deg, Az = 288.5 deg
Lock position = 1245.259, 817.074, Star position = 1245.259, 817.074, HFD = 1.98 px
Frame,Time,mount,dx,dy,RARawDistance,DECRawDistance,RAGuideDistance,DECGuideDistance,RADuration,RADirection,DECDuration,DECDirection,XStep,YStep,StarMass,SNR,ErrorCode
1,2.431,"DROP",,,,,,,,,,,,,0,0.00,2,"Stella persa per SNR basso"
2,4.926,"DROP",,,,,,,,,,,,,0,0.00,2,"Stella persa per SNR basso"
3,7.257,"DROP",,,,,,,,,,,,,0,0.00,2,"Stella persa per SNR basso"
4,9.773,"DROP",,,,,,,,,,,,,0,0.00,2,"Stella persa per SNR basso"
5,12.100,"DROP",,,,,,,,,,,,,0,0.00,4,"Star lost - low HFD"
6,14.603,"DROP",,,,,,,,,,,,,0,0.00,2,"Stella persa per SNR basso"
7,16.945,"DROP",,,,,,,,,,,,,0,0.00,2,"Stella persa per SNR basso"
8,19.477,"DROP",,,,,,,,,,,,,0,0.00,2,"Stella persa per SNR basso"
9,21.822,"DROP",,,,,,,,,,,,,0,0.00,2,"Stella persa per SNR basso"
10,27.518,"Mount",6.710,-11.018,10.864,6.956,6.844,6.956,1653,W,1461,S,,,2373,8.19,0
11,33.854,"Mount",9.554,-13.266,14.407,7.728,9.555,7.728,2308,W,1623,S,,,3248,10.85,0
12,36.160,"DROP",,,,,,,,,,,,,5235,13.48,7,"Stella per per cambiamento di massa"
INFO: SETTLING STATE CHANGE, Settling failed
Guiding Ends at 2026-09-01 04:41:55
INFO: SETTLING STATE CHANGE, Settling started

Guiding Begins at 2026-09-01 04:54:30
Equipment Profile = SW4P_EVO
Dither = both axes, Dither scale = 1.000, Image noise reduction = 2x2 mean, Guide-frame time lapse = 0, Server enabled
Pixel scale = 2.91 arc-sec/px, Binning = 1, Focal length = 266 mm
Search region = 15 px, Star mass tolerance = 50.0%, Multi-star mode, list size = 12
 Camera = ZWO ASI120MM Mini (ASCOM), full size = 1280 x 960, have dark, dark dur = 2000, no defect map, pixel size = 3.8 um
Exposure = 2000 ms
Mount = GPUSB, connected, guiding enabled, AuxMount=CPWI_ASCOM_Telescope, xAngle = -26.0, xRate = 4.140, yAngle = -116.0, yRate = 4.762, parity = +/-
Norm rates RA = 13.1"/s @ dec 0, Dec = 13.8"/s; ortho.err. = 0.0 deg
X guide algorithm = Hysteresis, Hysteresis = 0.100, Aggression = 0.700, Minimum move = 0.130
Y guide algorithm = Resist Switch, Minimum move = 0.200 Aggression = 100% FastSwitch = enabled
Backlash comp = enabled, pulse = 1282 ms
Max RA duration = 2500, Max DEC duration = 2500, DEC guide mode = Auto
RA Guide Speed = 14.9 a-s/s, Dec Guide Speed = 14.9 a-s/s, Cal Dec = -0.0, Last Cal Issue = None, Timestamp = 31/08/2026 21:19:06
RA = 20.01 hr, Dec = 22.8 deg, Hour angle = 6.35 hr, Pier side = East, Rotator pos = N/A, Alt = 11.5 deg, Az = 290.5 deg
Lock position = 828.164, 852.549, Star position = 828.164, 852.549, HFD = 1.93 px
Frame,Time,mount,dx,dy,RARawDistance,DECRawDistance,RAGuideDistance,DECGuideDistance,RADuration,RADirection,DECDuration,DECDirection,XStep,YStep,StarMass,SNR,ErrorCode
1,2.665,"DROP",,,,,,,,,,,,,0,0.00,2,"Stella persa per SNR basso"
2,5.023,"DROP",,,,,,,,,,,,,0,0.00,2,"Stella persa per SNR basso"
3,7.538,"DROP",,,,,,,,,,,,,0,0.00,2,"Stella persa per SNR basso"
4,12.796,"Mount",-3.798,-12.988,2.287,13.337,1.441,13.337,348,W,2500,S,,,2492,9.80,0
5,15.168,"DROP",,,,,,,,,,,,,0,0.00,3,"Stella persa per bassa massa"
6,17.556,"DROP",,,,,,,,,,,,,0,0.00,2,"Stella persa per SNR basso"
7,20.073,"DROP",,,,,,,,,,,,,0,0.00,2,"Stella persa per SNR basso"
8,22.421,"DROP",,,,,,,,,,,,,0,0.00,2,"Stella persa per SNR basso"
9,24.916,"DROP",,,,,,,,,,,,,0,0.00,2,"Stella persa per SNR basso"
10,27.268,"DROP",,,,,,,,,,,,,0,0.00,2,"Stella persa per SNR basso"
INFO: SETTLING STATE CHANGE, Settling failed
Guiding Ends at 2026-09-01 04:55:00

Guiding Begins at 2026-09-01 04:55:28
Equipment Profile = SW4P_EVO
Dither = both axes, Dither scale = 1.000, Image noise reduction = 2x2 mean, Guide-frame time lapse = 0, Server enabled
Pixel scale = 2.91 arc-sec/px, Binning = 1, Focal length = 266 mm
Search region = 15 px, Star mass tolerance = 50.0%, Multi-star mode, list size = 12
 Camera = ZWO ASI120MM Mini (ASCOM), full size = 1280 x 960, have dark, dark dur = 2000, no defect map, pixel size = 3.8 um
Exposure = 2000 ms
Mount = GPUSB, connected, guiding enabled, AuxMount=CPWI_ASCOM_Telescope, xAngle = -26.0, xRate = 4.140, yAngle = -116.0, yRate = 4.762, parity = +/-
Norm rates RA = 13.1"/s @ dec 0, Dec = 13.8"/s; ortho.err. = 0.0 deg
X guide algorithm = Hysteresis, Hysteresis = 0.100, Aggression = 0.700, Minimum move = 0.130
Y guide algorithm = Resist Switch, Minimum move = 0.200 Aggression = 100% FastSwitch = enabled
Backlash comp = enabled, pulse = 1282 ms
Max RA duration = 2500, Max DEC duration = 2500, DEC guide mode = Auto
RA Guide Speed = 14.9 a-s/s, Dec Guide Speed = 14.9 a-s/s, Cal Dec = -0.0, Last Cal Issue = None, Timestamp = 31/08/2026 21:19:06
RA = 20.01 hr, Dec = 22.8 deg, Hour angle = 6.37 hr, Pier side = East, Rotator pos = N/A, Alt = 11.3 deg, Az = 290.7 deg
Lock position = 239.895, 375.263, Star position = 239.895, 375.263, HFD = 5.82 px
Frame,Time,mount,dx,dy,RARawDistance,DECRawDistance,RAGuideDistance,DECGuideDistance,RADuration,RADirection,DECDuration,DECDirection,XStep,YStep,StarMass,SNR,ErrorCode
INFO: SETTLING STATE CHANGE, Settling started
1,2.415,"DROP",,,,,,,,,,,,,0,0.00,2,"Stella persa per SNR basso"
2,4.936,"DROP",,,,,,,,,,,,,0,0.00,2,"Stella persa per SNR basso"
3,7.279,"DROP",,,,,,,,,,,,,0,0.00,4,"Star lost - low HFD"
4,10.407,"Mount",0.687,2.223,-0.358,-2.299,-0.225,-2.299,54,E,483,N,,,2642,9.97,0
5,12.566,"DROP",,,,,,,,,,,,,0,0.00,2,"Stella persa per SNR basso"
6,15.089,"DROP",,,,,,,,,,,,,0,0.00,2,"Stella persa per SNR basso"
7,17.444,"DROP",,,,,,,,,,,,,0,0.00,2,"Stella persa per SNR basso"
8,19.933,"DROP",,,,,,,,,,,,,0,0.00,2,"Stella persa per SNR basso"
9,23.567,"Mount",2.613,5.291,0.026,-5.901,0.000,-5.901,0,,1239,N,,,2270,8.67,0
10,25.869,"DROP",,,,,,,,,,,,,0,0.00,2,"Stella persa per SNR basso"
11,28.212,"DROP",,,,,,,,,,,,,0,0.00,2,"Stella persa per SNR basso"
12,30.731,"DROP",,,,,,,,,,,,,0,0.00,2,"Stella persa per SNR basso"
13,33.062,"DROP",,,,,,,,,,,,,0,0.00,4,"Star lost - low HFD"
14,35.559,"DROP",,,,,,,,,,,,,1699,7.26,7,"Stella per per cambiamento di massa"
15,37.908,"DROP",,,,,,,,,,,,,0,0.00,2,"Stella persa per SNR basso"
16,40.435,"DROP",,,,,,,,,,,,,0,0.00,2,"Stella persa per SNR basso"
INFO: SETTLING STATE CHANGE, Settling failed
17,45.911,"Mount",10.548,13.631,3.497,-16.877,2.203,-16.877,532,W,2500,N,,,2608,8.73,0
18,48.200,"DROP",,,,,,,,,,,,,0,0.00,2,"Stella persa per SNR basso"
19,54.935,"Mount",17.634,1.860,15.029,-9.410,9.623,-9.410,2324,W,1976,N,,,4124,11.78,0
20,57.233,"DROP",,,,,,,,,,,,,0,0.00,2,"Stella persa per SNR basso"
21,59.590,"DROP",,,,,,,,,,,,,0,0.00,2,"Stella persa per SNR basso"
22,62.104,"DROP",,,,,,,,,,,,,0,0.00,2,"Stella persa per SNR basso"
23,64.488,"DROP",,,,,,,,,,,,,0,0.00,2,"Stella persa per SNR basso"
24,67.001,"DROP",,,,,,,,,,,,,0,0.00,2,"Stella persa per SNR basso"
25,69.327,"DROP",,,,,,,,,,,,,0,0.00,2,"Stella persa per SNR basso"
26,71.822,"DROP",,,,,,,,,,,,,0,0.00,2,"Stella persa per SNR basso"
27,74.157,"DROP",,,,,,,,,,,,,0,0.00,2,"Stella persa per SNR basso"
28,76.683,"DROP",,,,,,,,,,,,,0,0.00,2,"Stella persa per SNR basso"
29,79.036,"DROP",,,,,,,,,,,,,0,0.00,3,"Stella persa per bassa massa"
30,81.524,"DROP",,,,,,,,,,,,,0,0.00,2,"Stella persa per SNR basso"
31,83.888,"DROP",,,,,,,,,,,,,0,0.00,2,"Stella persa per SNR basso"
32,86.375,"DROP",,,,,,,,,,,,,0,0.00,2,"Stella persa per SNR basso"
33,88.730,"DROP",,,,,,,,,,,,,0,0.00,4,"Star lost - low HFD"
34,91.224,"DROP",,,,,,,,,,,,,0,0.00,2,"Stella persa per SNR basso"
35,93.659,"DROP",,,,,,,,,,,,,0,0.00,2,"Stella persa per SNR basso"
36,96.149,"DROP",,,,,,,,,,,,,0,0.00,2,"Stella persa per SNR basso"
37,98.480,"DROP",,,,,,,,,,,,,0,0.00,2,"Stella persa per SNR basso"
38,100.973,"DROP",,,,,,,,,,,,,0,0.00,3,"Stella persa per bassa massa"
39,103.292,"DROP",,,,,,,,,,,,,0,0.00,2,"Stella persa per SNR basso"
40,105.778,"DROP",,,,,,,,,,,,,0,0.00,2,"Stella persa per SNR basso"
41,108.115,"DROP",,,,,,,,,,,,,0,0.00,2,"Stella persa per SNR basso"
42,110.635,"DROP",,,,,,,,,,,,,0,0.00,2,"Stella persa per SNR basso"
43,112.971,"DROP",,,,,,,,,,,,,0,0.00,2,"Stella persa per SNR basso"
44,115.466,"DROP",,,,,,,,,,,,,0,0.00,2,"Stella persa per SNR basso"
45,117.807,"DROP",,,,,,,,,,,,,0,0.00,2,"Stella persa per SNR basso"
46,120.363,"DROP",,,,,,,,,,,,,0,0.00,3,"Stella persa per bassa massa"
47,122.768,"DROP",,,,,,,,,,,,,0,0.00,2,"Stella persa per SNR basso"
48,125.262,"DROP",,,,,,,,,,,,,0,0.00,2,"Stella persa per SNR basso"
49,130.745,"Mount",5.881,-5.278,7.601,2.162,5.462,2.162,1319,W,1736,S,,,2926,10.99,0
50,133.077,"DROP",,,,,,,,,,,,,0,0.00,2,"Stella persa per SNR basso"
51,135.418,"DROP",,,,,,,,,,,,,0,0.00,2,"Stella persa per SNR basso"
52,137.926,"DROP",,,,,,,,,,,,,0,0.00,2,"Stella persa per SNR basso"
53,142.215,"Mount",0.334,2.832,-0.942,-2.692,-0.211,-2.692,51,E,1820,N,,,3615,10.83,0
54,144.523,"DROP",,,,,,,,,,,,,0,0.00,2,"Stella persa per SNR basso"
55,146.858,"DROP",,,,,,,,,,,,,0,0.00,2,"Stella persa per SNR basso"
56,152.503,"Mount",-8.425,-9.193,-3.536,11.958,-2.243,11.958,542,E,2500,S,,,3090,9.53,0
57,154.832,"DROP",,,,,,,,,,,,,0,0.00,2,"Stella persa per SNR basso"
58,157.162,"DROP",,,,,,,,,,,,,0,0.00,3,"Stella persa per bassa massa"
59,159.715,"DROP",,,,,,,,,,,,,0,0.00,3,"Stella persa per bassa massa"
60,162.025,"DROP",,,,,,,,,,,,,0,0.00,2,"Stella persa per SNR basso"
61,164.548,"DROP",,,,,,,,,,,,,0,0.00,2,"Stella persa per SNR basso"
62,166.879,"DROP",,,,,,,,,,,,,0,0.00,2,"Stella persa per SNR basso"
63,169.404,"DROP",,,,,,,,,,,,,0,0.00,2,"Stella persa per SNR basso"
64,171.781,"DROP",,,,,,,,,,,,,0,0.00,2,"Stella persa per SNR basso"
65,174.306,"DROP",,,,,,,,,,,,,0,0.00,2,"Stella persa per SNR basso"
66,176.707,"DROP",,,,,,,,,,,,,0,0.00,2,"Stella persa per SNR basso"
67,179.211,"DROP",,,,,,,,,,,,,0,0.00,2,"Stella persa per SNR basso"
68,181.545,"DROP",,,,,,,,,,,,,0,0.00,2,"Stella persa per SNR basso"
69,188.055,"Mount",-0.177,-21.280,9.179,19.199,5.626,19.199,1359,W,2500,S,,,4294,11.47,0
70,190.340,"DROP",,,,,,,,,,,,,0,0.00,2,"Stella persa per SNR basso"
71,192.729,"DROP",,,,,,,,,,,,,0,0.00,2,"Stella persa per SNR basso"
72,195.228,"DROP",,,,,,,,,,,,,0,0.00,2,"Stella persa per SNR basso"
73,202.679,"Mount",6.077,-36.377,21.425,30.020,13.891,30.020,2500,W,2500,S,,,6727,16.45,0
74,204.993,"DROP",,,,,,,,,,,,,0,0.00,2,"Stella persa per SNR basso"
75,207.328,"DROP",,,,,,,,,,,,,4187,12.04,8,"Nessuna stella trovata"
76,209.813,"DROP",,,,,,,,,,,,,0,0.00,2,"Stella persa per SNR basso"
77,212.131,"DROP",,,,,,,,,,,,,0,0.00,2,"Stella persa per SNR basso"
78,214.683,"DROP",,,,,,,,,,,,,0,0.00,2,"Stella persa per SNR basso"
79,217.037,"DROP",,,,,,,,,,,,,0,0.00,2,"Stella persa per SNR basso"
80,219.668,"DROP",,,,,,,,,,,,,0,0.00,2,"Stella persa per SNR basso"
81,221.983,"DROP",,,,,,,,,,,,,0,0.00,3,"Stella persa per bassa massa"
82,224.504,"DROP",,,,,,,,,,,,,0,0.00,2,"Stella persa per SNR basso"
83,226.837,"DROP",,,,,,,,,,,,,0,0.00,2,"Stella persa per SNR basso"
84,229.335,"DROP",,,,,,,,,,,,,0,0.00,2,"Stella persa per SNR basso"
85,231.707,"DROP",,,,,,,,,,,,,0,0.00,2,"Stella persa per SNR basso"
86,234.195,"DROP",,,,,,,,,,,,,0,0.00,2,"Stella persa per SNR basso"
87,236.521,"DROP",,,,,,,,,,,,,0,0.00,2,"Stella persa per SNR basso"
88,239.022,"DROP",,,,,,,,,,,,,0,0.00,2,"Stella persa per SNR basso"
89,241.348,"DROP",,,,,,,,,,,,,0,0.00,2,"Stella persa per SNR basso"
90,243.842,"DROP",,,,,,,,,,,,,0,0.00,3,"Stella persa per bassa massa"
91,246.215,"DROP",,,,,,,,,,,,,0,0.00,2,"Stella persa per SNR basso"
92,248.713,"DROP",,,,,,,,,,,,,0,0.00,2,"Stella persa per SNR basso"
93,251.030,"DROP",,,,,,,,,,,,,0,0.00,2,"Stella persa per SNR basso"
94,253.521,"DROP",,,,,,,,,,,,,0,0.00,2,"Stella persa per SNR basso"
95,259.039,"Mount",-8.317,-21.659,2.031,23.112,2.252,23.112,544,W,2500,S,,,3732,10.62,0
96,261.334,"DROP",,,,,,,,,,,,,0,0.00,2,"Stella persa per SNR basso"
97,263.653,"DROP",,,,,,,,,,,,,0,0.00,2,"Stella persa per SNR basso"
98,266.150,"DROP",,,,,,,,,,,,,0,0.00,2,"Stella persa per SNR basso"
99,268.483,"DROP",,,,,,,,,,,,,0,0.00,3,"Stella persa per bassa massa"
100,271.025,"DROP",,,,,,,,,,,,,0,0.00,2,"Stella persa per SNR basso"
101,273.353,"DROP",,,,,,,,,,,,,0,0.00,2,"Stella persa per SNR basso"
102,275.846,"DROP",,,,,,,,,,,,,0,0.00,2,"Stella persa per SNR basso"
103,278.176,"DROP",,,,,,,,,,,,,0,0.00,2,"Stella persa per SNR basso"
104,280.696,"DROP",,,,,,,,,,,,,0,0.00,2,"Stella persa per SNR basso"
105,283.050,"DROP",,,,,,,,,,,,,0,0.00,2,"Stella persa per SNR basso"
106,288.407,"Mount",-8.004,-13.455,-1.288,15.603,-0.654,15.603,158,E,2500,S,,,3666,10.51,0
107,290.773,"DROP",,,,,,,,,,,,,0,0.00,2,"Stella persa per SNR basso"
108,293.112,"DROP",,,,,,,,,,,,,0,0.00,2,"Stella persa per SNR basso"
109,295.604,"DROP",,,,,,,,,,,,,0,0.00,2,"Stella persa per SNR basso"
110,297.914,"DROP",,,,,,,,,,,,,0,0.00,2,"Stella persa per SNR basso"
111,300.419,"DROP",,,,,,,,,,,,,0,0.00,2,"Stella persa per SNR basso"
112,303.231,"Mount",-1.618,0.326,-1.597,0.417,-1.052,0.417,254,E,88,S,,,2884,9.52,0
113,305.521,"DROP",,,,,,,,,,,,,0,0.00,2,"Stella persa per SNR basso"
114,307.841,"DROP",,,,,,,,,,,,,0,0.00,2,"Stella persa per SNR basso"
115,310.372,"DROP",,,,,,,,,,,,,0,0.00,2,"Stella persa per SNR basso"
116,312.747,"DROP",,,,,,,,,,,,,0,0.00,2,"Stella persa per SNR basso"
117,315.284,"DROP",,,,,,,,,,,,,0,0.00,2,"Stella persa per SNR basso"
118,317.595,"DROP",,,,,,,,,,,,,0,0.00,2,"Stella persa per SNR basso"
119,322.023,"Mount",-4.780,-5.687,-1.800,7.208,-1.207,7.208,292,E,1514,S,,,3531,11.30,0
120,324.324,"DROP",,,,,,,,,,,,,0,0.00,4,"Star lost - low HFD"
121,326.713,"DROP",,,,,,,,,,,,,0,0.00,2,"Stella persa per SNR basso"
122,329.212,"DROP",,,,,,,,,,,,,0,0.00,2,"Stella persa per SNR basso"
123,331.560,"DROP",,,,,,,,,,,,,0,0.00,2,"Stella persa per SNR basso"
124,334.063,"DROP",,,,,,,,,,,,,0,0.00,2,"Stella persa per SNR basso"
125,336.392,"DROP",,,,,,,,,,,,,0,0.00,2,"Stella persa per SNR basso"
126,338.915,"DROP",,,,,,,,,,,,,0,0.00,2,"Stella persa per SNR basso"
127,341.274,"DROP",,,,,,,,,,,,,0,0.00,2,"Stella persa per SNR basso"
128,343.781,"DROP",,,,,,,,,,,,,0,0.00,2,"Stella persa per SNR basso"
129,346.125,"DROP",,,,,,,,,,,,,0,0.00,2,"Stella persa per SNR basso"
Guiding Ends at 2026-09-01 05:01:17
INFO: SETTLING STATE CHANGE, Settling started

Guiding Begins at 2026-09-01 05:02:14
Equipment Profile = SW4P_EVO
Dither = both axes, Dither scale = 1.000, Image noise reduction = 2x2 mean, Guide-frame time lapse = 0, Server enabled
Pixel scale = 2.91 arc-sec/px, Binning = 1, Focal length = 266 mm
Search region = 15 px, Star mass tolerance = 50.0%, Multi-star mode, list size = 12
 Camera = ZWO ASI120MM Mini (ASCOM), full size = 1280 x 960, have dark, dark dur = 2000, no defect map, pixel size = 3.8 um
Exposure = 2000 ms
Mount = GPUSB, connected, guiding enabled, AuxMount=CPWI_ASCOM_Telescope, xAngle = -26.0, xRate = 4.139, yAngle = -116.0, yRate = 4.762, parity = +/-
Norm rates RA = 13.1"/s @ dec 0, Dec = 13.8"/s; ortho.err. = 0.0 deg
X guide algorithm = Hysteresis, Hysteresis = 0.100, Aggression = 0.700, Minimum move = 0.130
Y guide algorithm = Resist Switch, Minimum move = 0.200 Aggression = 100% FastSwitch = enabled
Backlash comp = enabled, pulse = 1004 ms
Max RA duration = 2500, Max DEC duration = 2500, DEC guide mode = Auto
RA Guide Speed = 14.9 a-s/s, Dec Guide Speed = 14.9 a-s/s, Cal Dec = -0.0, Last Cal Issue = None, Timestamp = 31/08/2026 21:19:06
RA = 20.01 hr, Dec = 22.8 deg, Hour angle = 6.49 hr, Pier side = East, Rotator pos = N/A, Alt = 10.1 deg, Az = 291.8 deg
Lock position = 811.514, 406.210, Star position = 811.514, 406.210, HFD = 1.87 px
Frame,Time,mount,dx,dy,RARawDistance,DECRawDistance,RAGuideDistance,DECGuideDistance,RADuration,RADirection,DECDuration,DECDirection,XStep,YStep,StarMass,SNR,ErrorCode
1,3.145,"Mount",-1.553,0.025,-1.406,0.659,-0.886,0.659,214,E,138,S,,,2703,8.98,0
2,5.278,"DROP",,,,,,,,,,,,,0,0.00,2,"Stella persa per SNR basso"
3,7.856,"DROP",,,,,,,,,,,,,0,0.00,2,"Stella persa per SNR basso"
4,10.183,"DROP",,,,,,,,,,,,,0,0.00,2,"Stella persa per SNR basso"
5,12.704,"DROP",,,,,,,,,,,,,0,0.00,2,"Stella persa per SNR basso"
6,15.030,"DROP",,,,,,,,,,,,,0,0.00,2,"Stella persa per SNR basso"
7,17.533,"DROP",,,,,,,,,,,,,0,0.00,2,"Stella persa per SNR basso"
8,19.874,"DROP",,,,,,,,,,,,,0,0.00,2,"Stella persa per SNR basso"
9,22.370,"DROP",,,,,,,,,,,,,0,0.00,2,"Stella persa per SNR basso"
10,24.751,"DROP",,,,,,,,,,,,,0,0.00,2,"Stella persa per SNR basso"
INFO: SETTLING STATE CHANGE, Settling failed
11,28.596,"Mount",-7.782,-13.836,-0.921,15.847,-0.642,15.847,155,E,2500,S,,,5193,14.19,0
Guiding Ends at 2026-09-01 05:02:43

Guiding Begins at 2026-09-01 05:05:41
Equipment Profile = SW4P_EVO
Dither = both axes, Dither scale = 1.000, Image noise reduction = 2x2 mean, Guide-frame time lapse = 0, Server enabled
Pixel scale = 2.91 arc-sec/px, Binning = 1, Focal length = 266 mm
Search region = 15 px, Star mass tolerance = 50.0%, Multi-star mode, list size = 12
 Camera = ZWO ASI120MM Mini (ASCOM), full size = 1280 x 960, have dark, dark dur = 2000, no defect map, pixel size = 3.8 um
Exposure = 2000 ms
Mount = GPUSB, connected, guiding enabled, AuxMount=CPWI_ASCOM_Telescope, xAngle = -26.0, xRate = 4.139, yAngle = -116.0, yRate = 4.762, parity = +/-
Norm rates RA = 13.1"/s @ dec 0, Dec = 13.8"/s; ortho.err. = 0.0 deg
X guide algorithm = Hysteresis, Hysteresis = 0.100, Aggression = 0.700, Minimum move = 0.130
Y guide algorithm = Resist Switch, Minimum move = 0.200 Aggression = 100% FastSwitch = enabled
Backlash comp = enabled, pulse = 1004 ms
Max RA duration = 2500, Max DEC duration = 2500, DEC guide mode = Auto
RA Guide Speed = 14.9 a-s/s, Dec Guide Speed = 14.9 a-s/s, Cal Dec = -0.0, Last Cal Issue = None, Timestamp = 31/08/2026 21:19:06
RA = 20.01 hr, Dec = 22.8 deg, Hour angle = 6.54 hr, Pier side = East, Rotator pos = N/A, Alt = 9.5 deg, Az = 292.3 deg
Lock position = 766.954, 84.406, Star position = 766.954, 84.406, HFD = 3.91 px
Frame,Time,mount,dx,dy,RARawDistance,DECRawDistance,RAGuideDistance,DECGuideDistance,RADuration,RADirection,DECDuration,DECDirection,XStep,YStep,StarMass,SNR,ErrorCode
INFO: SETTLING STATE CHANGE, Settling started
1,2.428,"DROP",,,,,,,,,,,,,0,0.00,2,"Stella persa per SNR basso"
2,4.934,"DROP",,,,,,,,,,,,,0,0.00,2,"Stella persa per SNR basso"
3,7.262,"DROP",,,,,,,,,,,,,0,0.00,2,"Stella persa per SNR basso"
4,9.796,"DROP",,,,,,,,,,,,,0,0.00,2,"Stella persa per SNR basso"
5,12.146,"DROP",,,,,,,,,,,,,0,0.00,4,"Star lost - low HFD"
6,14.643,"DROP",,,,,,,,,,,,,0,0.00,2,"Stella persa per SNR basso"
7,16.956,"DROP",,,,,,,,,,,,,0,0.00,2,"Stella persa per SNR basso"
8,23.512,"Mount",-2.371,14.574,-8.526,-12.055,-5.372,-12.055,1298,E,2500,N,,,5285,14.07,0
9,25.837,"DROP",,,,,,,,,,,,,0,0.00,2,"Stella persa per SNR basso"
10,28.206,"DROP",,,,,,,,,,,,,0,0.00,2,"Stella persa per SNR basso"
11,30.717,"DROP",,,,,,,,,,,,,0,0.00,2,"Stella persa per SNR basso"
12,33.088,"DROP",,,,,,,,,,,,,0,0.00,2,"Stella persa per SNR basso"
13,35.611,"DROP",,,,,,,,,,,,,0,0.00,4,"Star lost - low HFD"
14,39.406,"Mount",4.704,2.182,3.269,-4.025,1.683,-4.025,407,W,845,N,,,4712,12.94,0
15,41.709,"DROP",,,,,,,,,,,,,0,0.00,2,"Stella persa per SNR basso"
INFO: SETTLING STATE CHANGE, Settling failed
16,47.413,"Mount",13.631,0.417,12.066,-6.357,7.719,-6.357,1865,W,1335,N,,,3776,10.89,0
17,49.718,"DROP",,,,,,,,,,,,,0,0.00,2,"Stella persa per SNR basso"
18,52.047,"DROP",,,,,,,,,,,,,0,0.00,2,"Stella persa per SNR basso"
19,56.460,"Mount",6.501,1.615,5.133,-4.304,3.774,-4.304,912,W,904,N,,,5765,15.15,0
20,58.768,"DROP",,,,,,,,,,,,,0,0.00,4,"Star lost - low HFD"
21,61.098,"DROP",,,,,,,,,,,,,0,0.00,2,"Stella persa per SNR basso"
22,63.624,"DROP",,,,,,,,,,,,,0,0.00,2,"Stella persa per SNR basso"
23,65.958,"DROP",,,,,,,,,,,,,0,0.00,2,"Stella persa per SNR basso"
24,68.469,"DROP",,,,,,,,,,,,,0,0.00,2,"Stella persa per SNR basso"
25,70.832,"DROP",,,,,,,,,,,,,0,0.00,2,"Stella persa per SNR basso"
26,73.382,"DROP",,,,,,,,,,,,,0,0.00,2,"Stella persa per SNR basso"
27,75.706,"DROP",,,,,,,,,,,,,0,0.00,3,"Stella persa per bassa massa"
28,78.205,"DROP",,,,,,,,,,,,,0,0.00,2,"Stella persa per SNR basso"
29,84.813,"Mount",17.054,10.298,10.805,-16.737,7.071,-16.737,1708,W,2500,N,,,2999,9.90,0
30,87.106,"DROP",,,,,,,,,,,,,0,0.00,2,"Stella persa per SNR basso"
31,89.582,"DROP",,,,,,,,,,,,,0,0.00,2,"Stella persa per SNR basso"
32,92.102,"DROP",,,,,,,,,,,,,0,0.00,2,"Stella persa per SNR basso"
33,94.418,"DROP",,,,,,,,,,,,,0,0.00,2,"Stella persa per SNR basso"
34,96.913,"DROP",,,,,,,,,,,,,0,0.00,2,"Stella persa per SNR basso"
35,99.235,"DROP",,,,,,,,,,,,,0,0.00,2,"Stella persa per SNR basso"
36,101.740,"DROP",,,,,,,,,,,,,0,0.00,2,"Stella persa per SNR basso"
37,106.516,"Mount",7.221,4.356,4.577,-7.083,3.378,-7.083,816,W,1487,N,,,2507,9.42,0
38,108.808,"DROP",,,,,,,,,,,,,0,0.00,2,"Stella persa per SNR basso"
39,111.136,"DROP",,,,,,,,,,,,,0,0.00,2,"Stella persa per SNR basso"
40,116.348,"Mount",-6.498,9.106,-9.835,-5.330,-5.960,-5.330,1440,E,1119,N,,,3309,9.66,0
41,118.651,"DROP",,,,,,,,,,,,,0,0.00,2,"Stella persa per SNR basso"
42,120.961,"DROP",,,,,,,,,,,,,0,0.00,2,"Stella persa per SNR basso"
43,123.476,"DROP",,,,,,,,,,,,,0,0.00,2,"Stella persa per SNR basso"
44,125.841,"DROP",,,,,,,,,,,,,0,0.00,2,"Stella persa per SNR basso"
45,128.338,"DROP",,,,,,,,,,,,,0,0.00,2,"Stella persa per SNR basso"
46,130.726,"DROP",,,,,,,,,,,,,0,0.00,2,"Stella persa per SNR basso"
47,138.149,"Mount",-12.735,18.245,-19.450,-10.805,-12.670,-10.805,2500,E,2269,N,,,5164,13.85,0
48,140.437,"DROP",,,,,,,,,,,,,0,0.00,2,"Stella persa per SNR basso"
49,142.782,"DROP",,,,,,,,,,,,,0,0.00,2,"Stella persa per SNR basso"
50,145.281,"DROP",,,,,,,,,,,,,0,0.00,2,"Stella persa per SNR basso"
51,147.625,"DROP",,,,,,,,,,,,,0,0.00,2,"Stella persa per SNR basso"
52,150.107,"DROP",,,,,,,,,,,,,0,0.00,2,"Stella persa per SNR basso"
53,152.423,"DROP",,,,,,,,,,,,,0,0.00,2,"Stella persa per SNR basso"
54,160.028,"Mount",-9.199,27.299,-20.246,-20.493,-13.642,-20.493,2500,E,2500,N,,,3317,9.04,0
55,162.338,"DROP",,,,,,,,,,,,,0,0.00,2,"Stella persa per SNR basso"
56,169.740,"Mount",-13.453,21.508,-21.527,-13.423,-14.517,-13.423,2500,E,2500,N,,,3138,9.67,0
57,172.100,"DROP",,,,,,,,,,,,,0,0.00,2,"Stella persa per SNR basso"
58,174.411,"DROP",,,,,,,,,,,,,0,0.00,2,"Stella persa per SNR basso"
59,176.926,"DROP",,,,,,,,,,,,,0,0.00,2,"Stella persa per SNR basso"
60,179.250,"DROP",,,,,,,,,,,,,0,0.00,2,"Stella persa per SNR basso"
61,181.754,"DROP",,,,,,,,,,,,,0,0.00,2,"Stella persa per SNR basso"
62,184.083,"DROP",,,,,,,,,,,,,0,0.00,2,"Stella persa per SNR basso"
63,186.599,"DROP",,,,,,,,,,,,,0,0.00,2,"Stella persa per SNR basso"
64,194.045,"Mount",-26.924,31.962,-38.219,-16.905,-25.094,-16.905,2500,E,2500,N,,,3626,11.18,0
65,201.405,"Mount",-15.424,20.580,-22.891,-11.724,-16.178,-11.724,2500,E,2462,N,,,2690,10.01,0
66,203.728,"DROP",,,,,,,,,,,,,0,0.00,2,"Stella persa per SNR basso"
67,206.120,"DROP",,,,,,,,,,,,,0,0.00,2,"Stella persa per SNR basso"
68,208.661,"DROP",,,,,,,,,,,,,0,0.00,2,"Stella persa per SNR basso"
69,210.981,"DROP",,,,,,,,,,,,,0,0.00,2,"Stella persa per SNR basso"
70,213.603,"DROP",,,,,,,,,,,,,0,0.00,2,"Stella persa per SNR basso"
71,221.069,"Mount",-10.145,27.236,-21.068,-20.021,-14.405,-20.021,2500,E,2500,N,,,5952,13.68,0
72,223.375,"DROP",,,,,,,,,,,,,0,0.00,2,"Stella persa per SNR basso"
73,225.769,"DROP",,,,,,,,,,,,,0,0.00,2,"Stella persa per SNR basso"
74,228.245,"DROP",,,,,,,,,,,,,0,0.00,2,"Stella persa per SNR basso"
75,230.564,"DROP",,,,,,,,,,,,,0,0.00,2,"Stella persa per SNR basso"
76,233.059,"DROP",,,,,,,,,,,,,0,0.00,2,"Stella persa per SNR basso"
77,235.399,"DROP",,,,,,,,,,,,,0,0.00,2,"Stella persa per SNR basso"
78,237.878,"DROP",,,,,,,,,,,,,0,0.00,4,"Star lost - low HFD"
79,240.195,"DROP",,,,,,,,,,,,,0,0.00,2,"Stella persa per SNR basso"
80,242.685,"DROP",,,,,,,,,,,,,0,0.00,2,"Stella persa per SNR basso"
81,245.022,"DROP",,,,,,,,,,,,,0,0.00,2,"Stella persa per SNR basso"
82,247.538,"DROP",,,,,,,,,,,,,0,0.00,2,"Stella persa per SNR basso"
83,249.858,"DROP",,,,,,,,,,,,,0,0.00,2,"Stella persa per SNR basso"
84,252.337,"DROP",,,,,,,,,,,,,0,0.00,2,"Stella persa per SNR basso"
85,254.686,"DROP",,,,,,,,,,,,,0,0.00,2,"Stella persa per SNR basso"
86,257.216,"DROP",,,,,,,,,,,,,0,0.00,2,"Stella persa per SNR basso"
87,259.618,"DROP",,,,,,,,,,,,,0,0.00,2,"Stella persa per SNR basso"
88,262.102,"DROP",,,,,,,,,,,,,0,0.00,2,"Stella persa per SNR basso"
89,264.419,"DROP",,,,,,,,,,,,,0,0.00,2,"Stella persa per SNR basso"
90,266.908,"DROP",,,,,,,,,,,,,0,0.00,2,"Stella persa per SNR basso"
91,269.234,"DROP",,,,,,,,,,,,,0,0.00,2,"Stella persa per SNR basso"
92,271.824,"DROP",,,,,,,,,,,,,0,0.00,2,"Stella persa per SNR basso"
93,279.252,"Mount",-20.608,38.466,-35.398,-25.521,-23.309,-25.521,2500,E,2500,N,,,2601,7.99,0
94,281.606,"DROP",,,,,,,,,,,,,0,0.00,2,"Stella persa per SNR basso"
95,283.951,"DROP",,,,,,,,,,,,,0,0.00,2,"Stella persa per SNR basso"
96,286.473,"DROP",,,,,,,,,,,,,0,0.00,2,"Stella persa per SNR basso"
97,288.773,"DROP",,,,,,,,,,,,,0,0.00,2,"Stella persa per SNR basso"
98,291.279,"DROP",,,,,,,,,,,,,0,0.00,2,"Stella persa per SNR basso"
99,293.637,"DROP",,,,,,,,,,,,,0,0.00,2,"Stella persa per SNR basso"
100,296.245,"DROP",,,,,,,,,,,,,0,0.00,3,"Stella persa per bassa massa"
101,298.573,"DROP",,,,,,,,,,,,,0,0.00,2,"Stella persa per SNR basso"
102,306.158,"Mount",-26.137,39.526,-40.832,-24.047,-27.356,-24.047,2500,E,2500,N,,,1886,7.64,0
103,308.472,"DROP",,,,,,,,,,,,,0,0.00,2,"Stella persa per SNR basso"
104,310.802,"DROP",,,,,,,,,,,,,0,0.00,2,"Stella persa per SNR basso"
105,313.296,"DROP",,,,,,,,,,,,,0,0.00,2,"Stella persa per SNR basso"
106,315.641,"DROP",,,,,,,,,,,,,0,0.00,2,"Stella persa per SNR basso"
107,318.128,"DROP",,,,,,,,,,,,,0,0.00,2,"Stella persa per SNR basso"
108,320.428,"DROP",,,,,,,,,,,,,0,0.00,2,"Stella persa per SNR basso"
109,322.921,"DROP",,,,,,,,,,,,,0,0.00,2,"Stella persa per SNR basso"
110,325.242,"DROP",,,,,,,,,,,,,0,0.00,2,"Stella persa per SNR basso"
111,327.740,"DROP",,,,,,,,,,,,,0,0.00,2,"Stella persa per SNR basso"
112,330.073,"DROP",,,,,,,,,,,,,0,0.00,2,"Stella persa per SNR basso"
113,332.563,"DROP",,,,,,,,,,,,,0,0.00,2,"Stella persa per SNR basso"
114,340.021,"Mount",-37.837,40.331,-51.698,-19.636,-34.484,-19.636,2500,E,2500,N,,,6801,14.32,0
115,347.412,"Mount",-42.583,40.117,-55.868,-17.361,-37.611,-17.361,2500,E,2500,N,,,4990,11.71,0
116,349.745,"DROP",,,,,,,,,,,,,0,0.00,2,"Stella persa per SNR basso"
117,352.109,"DROP",,,,,,,,,,,,,0,0.00,2,"Stella persa per SNR basso"
118,354.589,"DROP",,,,,,,,,,,,,0,0.00,2,"Stella persa per SNR basso"
119,356.911,"DROP",,,,,,,,,,,,,0,0.00,2,"Stella persa per SNR basso"
120,359.395,"DROP",,,,,,,,,,,,,0,0.00,2,"Stella persa per SNR basso"
121,361.739,"DROP",,,,,,,,,,,,,0,0.00,2,"Stella persa per SNR basso"
122,364.232,"DROP",,,,,,,,,,,,,0,0.00,2,"Stella persa per SNR basso"
123,366.601,"DROP",,,,,,,,,,,,,0,0.00,2,"Stella persa per SNR basso"
124,369.143,"DROP",,,,,,,,,,,,,0,0.00,2,"Stella persa per SNR basso"
125,371.473,"DROP",,,,,,,,,,,,,0,0.00,2,"Stella persa per SNR basso"
126,379.156,"Mount",-38.850,35.732,-50.590,-15.059,-34.505,-15.059,2500,E,2500,N,,,2819,8.56,0
127,381.470,"DROP",,,,,,,,,,,,,0,0.00,2,"Stella persa per SNR basso"
128,383.785,"DROP",,,,,,,,,,,,,0,0.00,2,"Stella persa per SNR basso"
129,386.286,"DROP",,,,,,,,,,,,,0,0.00,2,"Stella persa per SNR basso"
130,388.616,"DROP",,,,,,,,,,,,,0,0.00,2,"Stella persa per SNR basso"
131,391.136,"DROP",,,,,,,,,,,,,0,0.00,2,"Stella persa per SNR basso"
132,393.446,"DROP",,,,,,,,,,,,,0,0.00,2,"Stella persa per SNR basso"
133,395.965,"DROP",,,,,,,,,,,,,0,0.00,2,"Stella persa per SNR basso"
134,398.280,"DROP",,,,,,,,,,,,,0,0.00,2,"Stella persa per SNR basso"
135,405.869,"Mount",-47.877,45.694,-63.073,-20.049,-42.151,-20.049,2500,E,2500,N,,,5895,15.14,0
136,408.161,"DROP",,,,,,,,,,,,,0,0.00,2,"Stella persa per SNR basso"
137,410.463,"DROP",,,,,,,,,,,,,0,0.00,2,"Stella persa per SNR basso"
138,412.954,"DROP",,,,,,,,,,,,,0,0.00,2,"Stella persa per SNR basso"
139,415.265,"DROP",,,,,,,,,,,,,0,0.00,2,"Stella persa per SNR basso"
140,417.796,"DROP",,,,,,,,,,,,,0,0.00,2,"Stella persa per SNR basso"
141,420.209,"DROP",,,,,,,,,,,,,0,0.00,2,"Stella persa per SNR basso"
142,427.797,"Mount",-57.808,48.357,-73.165,-18.084,-49.044,-18.084,2500,E,2500,N,,,2684,8.49,0
143,430.120,"DROP",,,,,,,,,,,,,0,0.00,3,"Stella persa per bassa massa"
144,432.462,"DROP",,,,,,,,,,,,,0,0.00,4,"Star lost - low HFD"
145,434.960,"DROP",,,,,,,,,,,,,0,0.00,2,"Stella persa per SNR basso"
146,437.271,"DROP",,,,,,,,,,,,,0,0.00,2,"Stella persa per SNR basso"
147,439.773,"DROP",,,,,,,,,,,,,0,0.00,2,"Stella persa per SNR basso"
148,442.123,"DROP",,,,,,,,,,,,,0,0.00,2,"Stella persa per SNR basso"
149,444.591,"DROP",,,,,,,,,,,,,0,0.00,4,"Star lost - low HFD"
150,446.906,"DROP",,,,,,,,,,,,,0,0.00,2,"Stella persa per SNR basso"
151,449.408,"DROP",,,,,,,,,,,,,0,0.00,4,"Star lost - low HFD"
152,451.761,"DROP",,,,,,,,,,,,,0,0.00,2,"Stella persa per SNR basso"
153,454.281,"DROP",,,,,,,,,,,,,0,0.00,2,"Stella persa per SNR basso"
154,461.790,"Mount",-59.746,46.780,-74.215,-15.816,-50.188,-15.816,2500,E,2500,N,,,3241,9.70,0
155,464.079,"DROP",,,,,,,,,,,,,0,0.00,2,"Stella persa per SNR basso"
156,466.407,"DROP",,,,,,,,,,,,,0,0.00,2,"Stella persa per SNR basso"
157,468.903,"DROP",,,,,,,,,,,,,0,0.00,2,"Stella persa per SNR basso"
158,476.363,"Mount",-57.186,47.962,-72.433,-18.002,-49.146,-18.002,2500,E,2500,N,,,4294,11.59,0
159,478.649,"DROP",,,,,,,,,,,,,0,0.00,2,"Stella persa per SNR basso"
160,480.971,"DROP",,,,,,,,,,,,,0,0.00,2,"Stella persa per SNR basso"
161,483.482,"DROP",,,,,,,,,,,,,0,0.00,2,"Stella persa per SNR basso"
162,485.806,"DROP",,,,,,,,,,,,,0,0.00,2,"Stella persa per SNR basso"
163,488.283,"DROP",,,,,,,,,,,,,0,0.00,2,"Stella persa per SNR basso"
164,490.600,"DROP",,,,,,,,,,,,,0,0.00,3,"Stella persa per bassa massa"
165,493.122,"DROP",,,,,,,,,,,,,0,0.00,2,"Stella persa per SNR basso"
166,495.454,"DROP",,,,,,,,,,,,,0,0.00,2,"Stella persa per SNR basso"
167,503.061,"Mount",-58.978,45.920,-73.147,-15.380,-49.523,-15.380,2500,E,2500,N,,,4462,12.15,0
168,505.354,"DROP",,,,,,,,,,,,,0,0.00,2,"Stella persa per SNR basso"
169,507.690,"DROP",,,,,,,,,,,,,0,0.00,2,"Stella persa per SNR basso"
170,510.180,"DROP",,,,,,,,,,,,,0,0.00,2,"Stella persa per SNR basso"
171,512.490,"DROP",,,,,,,,,,,,,0,0.00,2,"Stella persa per SNR basso"
172,514.978,"DROP",,,,,,,,,,,,,0,0.00,2,"Stella persa per SNR basso"
173,517.294,"DROP",,,,,,,,,,,,,0,0.00,2,"Stella persa per SNR basso"
174,519.795,"DROP",,,,,,,,,,,,,0,0.00,2,"Stella persa per SNR basso"
175,522.142,"DROP",,,,,,,,,,,,,0,0.00,2,"Stella persa per SNR basso"
176,529.773,"Mount",-66.459,50.671,-81.954,-16.367,-55.098,-16.367,2500,E,2500,N,,,5212,13.76,0
177,532.086,"DROP",,,,,,,,,,,,,0,0.00,2,"Stella persa per SNR basso"
178,534.397,"DROP",,,,,,,,,,,,,0,0.00,2,"Stella persa per SNR basso"
179,536.889,"DROP",,,,,,,,,,,,,0,0.00,2,"Stella persa per SNR basso"
180,539.208,"DROP",,,,,,,,,,,,,0,0.00,2,"Stella persa per SNR basso"
181,546.805,"Mount",-65.071,47.014,-79.102,-13.690,-53.691,-13.690,2500,E,2500,N,,,4119,11.36,0
182,549.102,"DROP",,,,,,,,,,,,,0,0.00,2,"Stella persa per SNR basso"
183,551.418,"DROP",,,,,,,,,,,,,0,0.00,2,"Stella persa per SNR basso"
184,553.917,"DROP",,,,,,,,,,,,,0,0.00,2,"Stella persa per SNR basso"
185,560.621,"Mount",-74.292,32.474,-81.007,3.422,-54.793,3.422,2500,E,1723,S,,,4450,11.57,0
186,562.912,"DROP",,,,,,,,,,,,,0,0.00,2,"Stella persa per SNR basso"
187,565.219,"DROP",,,,,,,,,,,,,0,0.00,2,"Stella persa per SNR basso"
188,567.711,"DROP",,,,,,,,,,,,,0,0.00,2,"Stella persa per SNR basso"
189,570.053,"DROP",,,,,,,,,,,,,0,0.00,4,"Star lost - low HFD"
190,572.581,"DROP",,,,,,,,,,,,,0,0.00,2,"Stella persa per SNR basso"
191,575.051,"DROP",,,,,,,,,,,,,0,0.00,2,"Stella persa per SNR basso"
192,577.652,"DROP",,,,,,,,,,,,,0,0.00,2,"Stella persa per SNR basso"
193,579.988,"DROP",,,,,,,,,,,,,0,0.00,2,"Stella persa per SNR basso"
Guiding Ends at 2026-09-01 05:15:24

Guiding Begins at 2026-09-01 05:15:37
Equipment Profile = SW4P_EVO
Dither = both axes, Dither scale = 1.000, Image noise reduction = 2x2 mean, Guide-frame time lapse = 0, Server enabled
Pixel scale = 2.91 arc-sec/px, Binning = 1, Focal length = 266 mm
Search region = 15 px, Star mass tolerance = 50.0%, Multi-star mode, list size = 12
 Camera = ZWO ASI120MM Mini (ASCOM), full size = 1280 x 960, have dark, dark dur = 2000, no defect map, pixel size = 3.8 um
Exposure = 2000 ms
Mount = GPUSB, connected, guiding enabled, AuxMount=CPWI_ASCOM_Telescope, xAngle = -26.0, xRate = 4.146, yAngle = -116.0, yRate = 4.762, parity = +/-
Norm rates RA = 13.1"/s @ dec 0, Dec = 13.8"/s; ortho.err. = 0.0 deg
X guide algorithm = Hysteresis, Hysteresis = 0.100, Aggression = 0.700, Minimum move = 0.130
Y guide algorithm = Resist Switch, Minimum move = 0.200 Aggression = 100% FastSwitch = enabled
Backlash comp = enabled, pulse = 1004 ms
Max RA duration = 2500, Max DEC duration = 2500, DEC guide mode = Auto
RA Guide Speed = 14.9 a-s/s, Dec Guide Speed = 14.9 a-s/s, Cal Dec = -0.0, Last Cal Issue = None, Timestamp = 31/08/2026 21:19:06
RA = 20.02 hr, Dec = 22.6 deg, Hour angle = 6.70 hr, Pier side = East, Rotator pos = N/A, Alt = 7.8 deg, Az = 293.6 deg
Lock position = 787.237, 200.276, Star position = 787.237, 200.276, HFD = 2.62 px
Frame,Time,mount,dx,dy,RARawDistance,DECRawDistance,RAGuideDistance,DECGuideDistance,RADuration,RADirection,DECDuration,DECDirection,XStep,YStep,StarMass,SNR,ErrorCode
INFO: SETTLING STATE CHANGE, Settling started
1,2.535,"DROP",,,,,,,,,,,,,0,0.00,2,"Stella persa per SNR basso"
2,5.031,"DROP",,,,,,,,,,,,,0,0.00,2,"Stella persa per SNR basso"
3,7.347,"DROP",,,,,,,,,,,,,0,0.00,2,"Stella persa per SNR basso"
4,9.845,"DROP",,,,,,,,,,,,,0,0.00,2,"Stella persa per SNR basso"
5,12.165,"DROP",,,,,,,,,,,,,0,0.00,2,"Stella persa per SNR basso"
6,14.652,"DROP",,,,,,,,,,,,,0,0.00,2,"Stella persa per SNR basso"
7,17.007,"DROP",,,,,,,,,,,,,0,0.00,2,"Stella persa per SNR basso"
8,19.505,"DROP",,,,,,,,,,,,,0,0.00,2,"Stella persa per SNR basso"
9,21.843,"DROP",,,,,,,,,,,,,0,0.00,2,"Stella persa per SNR basso"
10,24.390,"DROP",,,,,,,,,,,,,0,0.00,2,"Stella persa per SNR basso"
11,29.128,"Mount",-6.288,-7.149,-2.513,9.184,-1.583,9.184,382,E,1929,S,,,3807,9.98,0
12,31.454,"DROP",,,,,,,,,,,,,0,0.00,2,"Stella persa per SNR basso"
13,33.782,"DROP",,,,,,,,,,,,,0,0.00,2,"Stella persa per SNR basso"
14,36.309,"DROP",,,,,,,,,,,,,0,0.00,3,"Stella persa per bassa massa"
15,38.631,"DROP",,,,,,,,,,,,,0,0.00,2,"Stella persa per SNR basso"
16,41.137,"DROP",,,,,,,,,,,,,0,0.00,2,"Stella persa per SNR basso"
INFO: SETTLING STATE CHANGE, Settling failed
Guiding Ends at 2026-09-01 05:16:20

Guiding Begins at 2026-09-01 05:18:32
Equipment Profile = SW4P_EVO
Dither = both axes, Dither scale = 1.000, Image noise reduction = 2x2 mean, Guide-frame time lapse = 0, Server enabled
Pixel scale = 2.91 arc-sec/px, Binning = 1, Focal length = 266 mm
Search region = 15 px, Star mass tolerance = 50.0%, Multi-star mode, list size = 12
 Camera = ZWO ASI120MM Mini (ASCOM), full size = 1280 x 960, have dark, dark dur = 2000, no defect map, pixel size = 3.8 um
Exposure = 2000 ms
Mount = GPUSB, connected, guiding enabled, AuxMount=CPWI_ASCOM_Telescope, xAngle = -26.0, xRate = 4.146, yAngle = -116.0, yRate = 4.762, parity = +/-
Norm rates RA = 13.1"/s @ dec 0, Dec = 13.8"/s; ortho.err. = 0.0 deg
X guide algorithm = Hysteresis, Hysteresis = 0.100, Aggression = 0.700, Minimum move = 0.130
Y guide algorithm = Resist Switch, Minimum move = 0.200 Aggression = 100% FastSwitch = enabled
Backlash comp = enabled, pulse = 1004 ms
Max RA duration = 2500, Max DEC duration = 2500, DEC guide mode = Auto
RA Guide Speed = 14.9 a-s/s, Dec Guide Speed = 14.9 a-s/s, Cal Dec = -0.0, Last Cal Issue = None, Timestamp = 31/08/2026 21:19:06
RA = 20.02 hr, Dec = 22.6 deg, Hour angle = 6.75 hr, Pier side = East, Rotator pos = N/A, Alt = 7.3 deg, Az = 294.1 deg
Lock position = 1211.166, 658.918, Star position = 1211.166, 658.918, HFD = 2.10 px
Frame,Time,mount,dx,dy,RARawDistance,DECRawDistance,RAGuideDistance,DECGuideDistance,RADuration,RADirection,DECDuration,DECDirection,XStep,YStep,StarMass,SNR,ErrorCode
INFO: SETTLING STATE CHANGE, Settling started
1,2.672,"DROP",,,,,,,,,,,,,0,0.00,2,"Stella persa per SNR basso"
2,5.218,"DROP",,,,,,,,,,,,,0,0.00,2,"Stella persa per SNR basso"
3,7.565,"DROP",,,,,,,,,,,,,0,0.00,2,"Stella persa per SNR basso"
4,10.049,"DROP",,,,,,,,,,,,,0,0.00,2,"Stella persa per SNR basso"
5,15.485,"Mount",11.254,-9.686,14.363,3.765,9.049,3.765,2183,W,791,S,,,4554,11.48,0
6,17.775,"DROP",,,,,,,,,,,,,0,0.00,2,"Stella persa per SNR basso"
7,24.485,"Mount",19.849,-5.446,20.226,-3.817,13.376,-3.817,2500,W,1805,N,,,3066,9.64,0
8,30.837,"Mount",15.395,1.905,12.997,-8.468,9.125,-8.468,2201,W,1778,N,,,2314,8.92,0
9,33.147,"DROP",,,,,,,,,,,,,0,0.00,2,"Stella persa per SNR basso"
10,35.482,"DROP",,,,,,,,,,,,,0,0.00,4,"Star lost - low HFD"
11,37.963,"DROP",,,,,,,,,,,,,0,0.00,4,"Star lost - low HFD"
12,40.284,"DROP",,,,,,,,,,,,,0,0.00,2,"Stella persa per SNR basso"
13,42.832,"DROP",,,,,,,,,,,,,0,0.00,2,"Stella persa per SNR basso"
INFO: SETTLING STATE CHANGE, Settling failed
14,45.202,"DROP",,,,,,,,,,,,,0,0.00,2,"Stella persa per SNR basso"
15,48.245,"Mount",0.849,0.590,0.504,-0.903,0.956,-0.903,231,W,190,N,,,3085,9.90,0
16,50.402,"DROP",,,,,,,,,,,,,0,0.00,2,"Stella persa per SNR basso"
17,52.895,"DROP",,,,,,,,,,,,,0,0.00,2,"Stella persa per SNR basso"
18,55.215,"DROP",,,,,,,,,,,,,0,0.00,2,"Stella persa per SNR basso"
19,57.696,"DROP",,,,,,,,,,,,,0,0.00,2,"Stella persa per SNR basso"
20,60.012,"DROP",,,,,,,,,,,,,0,0.00,2,"Stella persa per SNR basso"
21,62.981,"Mount",0.989,1.086,0.412,-1.410,0.326,-1.410,79,W,296,N,,,3754,12.26,0
22,66.174,"Mount",0.265,3.772,-1.417,-3.506,-0.870,-3.506,210,E,736,N,,,3890,11.23,0
23,68.453,"DROP",,,,,,,,,,,,,0,0.00,3,"Stella persa per bassa massa"
24,70.779,"DROP",,,,,,,,,,,,,0,0.00,2,"Stella persa per SNR basso"
25,73.296,"DROP",,,,,,,,,,,,,0,0.00,2,"Stella persa per SNR basso"
26,75.639,"DROP",,,,,,,,,,,,,0,0.00,2,"Stella persa per SNR basso"
27,78.123,"DROP",,,,,,,,,,,,,0,0.00,2,"Stella persa per SNR basso"
28,80.429,"DROP",,,,,,,,,,,,,0,0.00,4,"Star lost - low HFD"
29,82.966,"DROP",,,,,,,,,,,,,0,0.00,2,"Stella persa per SNR basso"
30,85.302,"DROP",,,,,,,,,,,,,0,0.00,2,"Stella persa per SNR basso"
31,90.597,"Mount",9.542,16.089,1.514,-18.645,0.893,-18.645,215,W,2500,N,,,3138,9.70,0
32,93.381,"Mount",0.181,0.917,-0.240,-0.903,-0.089,-0.903,21,E,190,N,,,3852,12.28,0
33,98.829,"Mount",-13.979,10.687,-17.251,-3.468,-10.874,-3.468,2500,E,728,N,,,2169,7.34,0
34,104.701,"Mount",-8.859,10.782,-12.692,-5.801,-8.757,-5.801,2112,E,1218,N,,,2113,8.31,0
35,108.813,"Mount",4.176,6.602,0.855,-7.765,-0.074,-7.765,18,E,1631,N,,,4808,12.87,0
36,111.131,"DROP",,,,,,,,,,,,,0,0.00,2,"Stella persa per SNR basso"
37,113.442,"DROP",,,,,,,,,,,,,0,0.00,2,"Stella persa per SNR basso"
38,115.928,"DROP",,,,,,,,,,,,,0,0.00,2,"Stella persa per SNR basso"
39,118.229,"DROP",,,,,,,,,,,,,0,0.00,3,"Stella persa per bassa massa"
40,120.701,"DROP",,,,,,,,,,,,,0,0.00,2,"Stella persa per SNR basso"
41,126.413,"Mount",12.571,15.124,4.659,-19.106,2.930,-19.106,707,W,2500,N,,,3487,10.41,0
42,132.813,"Mount",-2.695,17.392,-10.054,-14.445,-6.129,-14.445,1478,E,2500,N,,,2904,9.58,0
43,135.134,"DROP",,,,,,,,,,,,,0,0.00,2,"Stella persa per SNR basso"
44,137.445,"DROP",,,,,,,,,,,,,0,0.00,2,"Stella persa per SNR basso"
45,139.925,"DROP",,,,,,,,,,,,,0,0.00,2,"Stella persa per SNR basso"
46,142.861,"Mount",0.142,1.388,-0.481,-1.309,-0.732,-1.309,177,E,275,N,,,3873,10.11,0
47,145.168,"DROP",,,,,,,,,,,,,0,0.00,2,"Stella persa per SNR basso"
48,148.757,"Mount",2.139,4.741,-0.159,-5.199,-0.151,-5.199,36,E,1092,N,,,3612,10.24,0
49,151.089,"DROP",,,,,,,,,,,,,0,0.00,2,"Stella persa per SNR basso"
50,153.426,"DROP",,,,,,,,,,,,,0,0.00,2,"Stella persa per SNR basso"
51,155.955,"DROP",,,,,,,,,,,,,0,0.00,2,"Stella persa per SNR basso"
52,158.262,"DROP",,,,,,,,,,,,,0,0.00,2,"Stella persa per SNR basso"
53,160.763,"DROP",,,,,,,,,,,,,0,0.00,2,"Stella persa per SNR basso"
54,163.140,"DROP",,,,,,,,,,,,,0,0.00,2,"Stella persa per SNR basso"
55,165.658,"DROP",,,,,,,,,,,,,0,0.00,2,"Stella persa per SNR basso"
56,168.079,"DROP",,,,,,,,,,,,,0,0.00,2,"Stella persa per SNR basso"
57,170.576,"DROP",,,,,,,,,,,,,0,0.00,3,"Stella persa per bassa massa"
58,172.916,"DROP",,,,,,,,,,,,,0,0.00,2,"Stella persa per SNR basso"
59,175.432,"DROP",,,,,,,,,,,,,0,0.00,4,"Star lost - low HFD"
60,177.773,"DROP",,,,,,,,,,,,,0,0.00,2,"Stella persa per SNR basso"
61,180.270,"DROP",,,,,,,,,,,,,0,0.00,2,"Stella persa per SNR basso"
62,182.606,"DROP",,,,,,,,,,,,,0,0.00,2,"Stella persa per SNR basso"
63,185.104,"DROP",,,,,,,,,,,,,0,0.00,2,"Stella persa per SNR basso"
64,187.410,"DROP",,,,,,,,,,,,,0,0.00,2,"Stella persa per SNR basso"
65,190.341,"Mount",0.845,0.920,0.356,-1.198,0.213,-1.198,51,W,251,N,,,3858,11.52,0
66,192.501,"DROP",,,,,,,,,,,,,0,0.00,2,"Stella persa per SNR basso"
67,195.074,"DROP",,,,,,,,,,,,,0,0.00,2,"Stella persa per SNR basso"
68,199.669,"Mount",-3.828,-2.319,-2.422,3.763,-1.511,3.763,364,E,1794,S,,,2244,7.85,0
69,203.383,"Mount",-1.483,-5.252,0.972,5.370,0.507,5.370,122,W,1128,S,,,3962,11.95,0
70,205.520,"DROP",,,,,,,,,,,,,0,0.00,2,"Stella persa per SNR basso"
71,209.373,"Mount",-0.217,-4.894,1.953,4.493,1.266,4.493,305,W,944,S,,,4013,10.99,0
72,214.469,"Mount",-6.760,-18.648,2.109,19.723,1.417,19.723,342,W,2500,S,,,5095,14.60,0
73,220.781,"Mount",-16.251,-12.651,-9.051,18.499,-5.603,18.499,1351,E,2500,S,,,3857,11.01,0
74,225.973,"Mount",-6.374,-11.491,-0.684,13.123,-0.823,13.123,199,E,2500,S,,,5829,14.17,0
75,228.270,"DROP",,,,,,,,,,,,,0,0.00,2,"Stella persa per SNR basso"
76,230.606,"DROP",,,,,,,,,,,,,0,0.00,2,"Stella persa per SNR basso"
77,233.124,"DROP",,,,,,,,,,,,,0,0.00,4,"Star lost - low HFD"
78,235.442,"DROP",,,,,,,,,,,,,0,0.00,2,"Stella persa per SNR basso"
79,237.952,"DROP",,,,,,,,,,,,,0,0.00,2,"Stella persa per SNR basso"
80,240.287,"DROP",,,,,,,,,,,,,0,0.00,2,"Stella persa per SNR basso"
81,242.785,"DROP",,,,,,,,,,,,,0,0.00,2,"Stella persa per SNR basso"
82,248.093,"Mount",-9.811,-15.259,-2.119,18.017,-1.393,18.017,336,E,2500,S,,,2771,9.96,0
83,250.443,"DROP",,,,,,,,,,,,,0,0.00,2,"Stella persa per SNR basso"
84,252.773,"DROP",,,,,,,,,,,,,0,0.00,2,"Stella persa per SNR basso"
85,255.309,"DROP",,,,,,,,,,,,,0,0.00,2,"Stella persa per SNR basso"
86,257.627,"DROP",,,,,,,,,,,,,0,0.00,2,"Stella persa per SNR basso"
87,260.103,"DROP",,,,,,,,,,,,,0,0.00,2,"Stella persa per SNR basso"
88,266.141,"Mount",-14.376,-2.146,-11.976,8.237,-7.643,8.237,1844,E,1730,S,,,2292,8.41,0
89,268.431,"DROP",,,,,,,,,,,,,0,0.00,2,"Stella persa per SNR basso"
90,272.445,"Mount",1.082,2.459,-0.107,-2.684,0.000,-2.684,0,,1568,N,,,3231,11.42,0
91,274.752,"DROP",,,,,,,,,,,,,0,0.00,2,"Stella persa per SNR basso"
92,277.150,"DROP",,,,,,,,,,,,,0,0.00,2,"Stella persa per SNR basso"
93,279.638,"DROP",,,,,,,,,,,,,0,0.00,2,"Stella persa per SNR basso"
94,282.469,"Mount",0.848,1.864,-0.057,-2.047,0.000,-2.047,0,,430,N,,,2476,9.58,0
95,284.766,"DROP",,,,,,,,,,,,,0,0.00,2,"Stella persa per SNR basso"
96,287.192,"DROP",,,,,,,,,,,,,0,0.00,2,"Stella persa per SNR basso"
97,289.694,"DROP",,,,,,,,,,,,,0,0.00,2,"Stella persa per SNR basso"
98,295.245,"Mount",-1.500,-11.979,3.908,11.422,2.462,11.422,594,W,2500,S,,,2438,8.40,0
99,300.384,"Mount",-6.826,-16.325,1.030,17.665,0.821,17.665,198,W,2500,S,,,2569,8.72,0
100,305.917,"Mount",-8.077,-24.558,3.520,25.612,2.275,25.612,549,W,2500,S,,,3157,11.25,0
101,308.205,"DROP",,,,,,,,,,,,,0,0.00,2,"Stella persa per SNR basso"
102,310.527,"DROP",,,,,,,,,,,,,0,0.00,2,"Stella persa per SNR basso"
103,313.079,"DROP",,,,,,,,,,,,,0,0.00,4,"Star lost - low HFD"
104,315.440,"DROP",,,,,,,,,,,,,0,0.00,2,"Stella persa per SNR basso"
105,317.925,"DROP",,,,,,,,,,,,,0,0.00,2,"Stella persa per SNR basso"
106,320.305,"DROP",,,,,,,,,,,,,0,0.00,2,"Stella persa per SNR basso"
107,322.816,"DROP",,,,,,,,,,,,,0,0.00,2,"Stella persa per SNR basso"
108,325.154,"DROP",,,,,,,,,,,,,0,0.00,2,"Stella persa per SNR basso"
109,327.638,"DROP",,,,,,,,,,,,,0,0.00,2,"Stella persa per SNR basso"
110,329.942,"DROP",,,,,,,,,,,,,0,0.00,2,"Stella persa per SNR basso"
111,332.452,"DROP",,,,,,,,,,,,,5277,13.32,7,"Stella per per cambiamento di massa"
112,334.756,"DROP",,,,,,,,,,,,,0,0.00,2,"Stella persa per SNR basso"
113,340.923,"Mount",-13.509,-12.100,-6.828,16.801,-4.143,16.801,999,E,2500,S,,,2200,8.85,0
114,343.283,"DROP",,,,,,,,,,,,,0,0.00,2,"Stella persa per SNR basso"
115,348.285,"Mount",-3.077,-10.434,1.813,10.726,0.852,10.726,206,W,2252,S,,,3499,10.40,0
116,353.477,"Mount",1.653,-10.473,6.081,8.685,3.891,8.685,939,W,1824,S,,,2780,9.77,0
117,355.815,"DROP",,,,,,,,,,,,,0,0.00,2,"Stella persa per SNR basso"
118,358.132,"DROP",,,,,,,,,,,,,0,0.00,4,"Star lost - low HFD"
119,360.613,"DROP",,,,,,,,,,,,,0,0.00,2,"Stella persa per SNR basso"
120,363.565,"Mount",0.675,-1.435,1.236,0.993,1.051,0.993,254,W,209,S,,,3511,13.14,0
121,365.862,"DROP",,,,,,,,,,,,,0,0.00,2,"Stella persa per SNR basso"
122,370.781,"Mount",3.123,5.825,0.250,-6.605,0.231,-6.605,56,W,2391,N,,,2925,9.69,0
123,373.137,"DROP",,,,,,,,,,,,,0,0.00,2,"Stella persa per SNR basso"
124,375.463,"DROP",,,,,,,,,,,,,0,0.00,4,"Star lost - low HFD"
125,377.936,"DROP",,,,,,,,,,,,,0,0.00,3,"Stella persa per bassa massa"
126,380.693,"Mount",0.035,1.161,-0.478,-1.059,-0.285,-1.059,69,E,222,N,,,5021,15.39,0
127,383.032,"DROP",,,,,,,,,,,,,0,0.00,2,"Stella persa per SNR basso"
128,385.353,"DROP",,,,,,,,,,,,,0,0.00,3,"Stella persa per bassa massa"
129,387.864,"DROP",,,,,,,,,,,,,0,0.00,3,"Stella persa per bassa massa"
130,390.195,"DROP",,,,,,,,,,,,,0,0.00,2,"Stella persa per SNR basso"
131,397.285,"Mount",-6.400,15.818,-12.693,-11.405,-8.016,-11.405,1934,E,2395,N,,,1889,7.64,0
132,399.595,"DROP",,,,,,,,,,,,,0,0.00,2,"Stella persa per SNR basso"
133,401.909,"DROP",,,,,,,,,,,,,0,0.00,2,"Stella persa per SNR basso"
134,404.385,"DROP",,,,,,,,,,,,,0,0.00,2,"Stella persa per SNR basso"
135,410.973,"Mount",-16.422,4.687,-16.813,2.995,-11.153,2.995,2500,E,1633,S,,,2130,8.12,0
136,413.354,"DROP",,,,,,,,,,,,,0,0.00,2,"Stella persa per SNR basso"
137,415.697,"DROP",,,,,,,,,,,,,0,0.00,2,"Stella persa per SNR basso"
138,418.250,"DROP",,,,,,,,,,,,,0,0.00,2,"Stella persa per SNR basso"
139,420.579,"DROP",,,,,,,,,,,,,0,0.00,2,"Stella persa per SNR basso"
140,427.357,"Mount",-26.657,4.820,-26.068,7.367,-17.204,7.367,2500,E,1547,S,,,3171,10.86,0
141,429.650,"DROP",,,,,,,,,,,,,0,0.00,2,"Stella persa per SNR basso"
142,431.956,"DROP",,,,,,,,,,,,,0,0.00,2,"Stella persa per SNR basso"
143,434.448,"DROP",,,,,,,,,,,,,0,0.00,2,"Stella persa per SNR basso"
144,436.763,"DROP",,,,,,,,,,,,,0,0.00,2,"Stella persa per SNR basso"
145,439.289,"DROP",,,,,,,,,,,,,0,0.00,2,"Stella persa per SNR basso"
146,441.623,"DROP",,,,,,,,,,,,,0,0.00,3,"Stella persa per bassa massa"
147,444.178,"DROP",,,,,,,,,,,,,0,0.00,2,"Stella persa per SNR basso"
148,446.522,"DROP",,,,,,,,,,,,,0,0.00,2,"Stella persa per SNR basso"
149,449.044,"DROP",,,,,,,,,,,,,0,0.00,2,"Stella persa per SNR basso"
150,451.364,"DROP",,,,,,,,,,,,,0,0.00,2,"Stella persa per SNR basso"
151,453.855,"DROP",,,,,,,,,,,,,0,0.00,3,"Stella persa per bassa massa"
152,456.165,"DROP",,,,,,,,,,,,,0,0.00,2,"Stella persa per SNR basso"
153,458.654,"DROP",,,,,,,,,,,,,0,0.00,2,"Stella persa per SNR basso"
154,466.173,"Mount",-30.944,-9.597,-23.594,22.203,-16.068,22.203,2500,E,2500,S,,,4192,12.31,0
155,468.483,"DROP",,,,,,,,,,,,,0,0.00,2,"Stella persa per SNR basso"
156,470.801,"DROP",,,,,,,,,,,,,0,0.00,2,"Stella persa per SNR basso"
157,473.307,"DROP",,,,,,,,,,,,,0,0.00,2,"Stella persa per SNR basso"
158,480.205,"Mount",-17.398,-1.720,-14.878,9.180,-10.498,9.180,2500,E,1928,S,,,2928,9.83,0
159,482.524,"DROP",,,,,,,,,,,,,0,0.00,2,"Stella persa per SNR basso"
160,484.854,"DROP",,,,,,,,,,,,,0,0.00,2,"Stella persa per SNR basso"
161,487.351,"DROP",,,,,,,,,,,,,0,0.00,4,"Star lost - low HFD"
162,494.813,"Mount",-32.020,-9.771,-24.484,22.832,-16.160,22.832,2500,E,2500,S,,,4540,12.07,0
163,497.144,"DROP",,,,,,,,,,,,,0,0.00,2,"Stella persa per SNR basso"
164,504.589,"Mount",-26.789,-8.724,-20.244,19.595,-13.885,19.595,2500,E,2500,S,,,2713,8.93,0
165,506.891,"DROP",,,,,,,,,,,,,0,0.00,2,"Stella persa per SNR basso"
166,514.365,"Mount",-41.327,-11.431,-32.119,28.407,-21.207,28.407,2500,E,2500,S,,,1626,8.73,0
167,516.706,"DROP",,,,,,,,,,,,,0,0.00,2,"Stella persa per SNR basso"
168,519.121,"DROP",,,,,,,,,,,,,0,0.00,2,"Stella persa per SNR basso"
169,521.612,"DROP",,,,,,,,,,,,,0,0.00,2,"Stella persa per SNR basso"
170,523.937,"DROP",,,,,,,,,,,,,0,0.00,2,"Stella persa per SNR basso"
171,531.566,"Mount",-44.074,-18.968,-31.280,36.386,-21.191,36.386,2500,E,2500,S,,,2061,9.44,0
172,533.869,"DROP",,,,,,,,,,,,,0,0.00,2,"Stella persa per SNR basso"
173,541.325,"Mount",-55.692,-17.511,-42.358,40.174,-28.169,40.174,2500,E,2500,S,,,1481,6.86,0
174,548.741,"Mount",-42.890,-24.013,-28.002,40.399,-19.613,40.399,2500,E,2500,S,,,2207,8.58,0
175,551.087,"DROP",,,,,,,,,,,,,0,0.00,4,"Star lost - low HFD"
176,553.429,"DROP",,,,,,,,,,,,,0,0.00,2,"Stella persa per SNR basso"
177,555.957,"DROP",,,,,,,,,,,,,0,0.00,2,"Stella persa per SNR basso"
178,558.264,"DROP",,,,,,,,,,,,,0,0.00,2,"Stella persa per SNR basso"
179,560.767,"DROP",,,,,,,,,,,,,0,0.00,2,"Stella persa per SNR basso"
180,563.134,"DROP",,,,,,,,,,,,,0,0.00,2,"Stella persa per SNR basso"
181,565.621,"DROP",,,,,,,,,,,,,0,0.00,4,"Star lost - low HFD"
182,567.947,"DROP",,,,,,,,,,,,,0,0.00,2,"Stella persa per SNR basso"
183,570.477,"DROP",,,,,,,,,,,,,0,0.00,3,"Stella persa per bassa massa"
184,572.802,"DROP",,,,,,,,,,,,,0,0.00,2,"Stella persa per SNR basso"
185,575.341,"DROP",,,,,,,,,,,,,0,0.00,2,"Stella persa per SNR basso"
186,577.681,"DROP",,,,,,,,,,,,,0,0.00,2,"Stella persa per SNR basso"
187,580.171,"DROP",,,,,,,,,,,,,0,0.00,2,"Stella persa per SNR basso"
188,582.521,"DROP",,,,,,,,,,,,,0,0.00,2,"Stella persa per SNR basso"
189,585.063,"DROP",,,,,,,,,,,,,0,0.00,2,"Stella persa per SNR basso"
190,587.395,"DROP",,,,,,,,,,,,,0,0.00,2,"Stella persa per SNR basso"
191,589.879,"DROP",,,,,,,,,,,,,0,0.00,2,"Stella persa per SNR basso"
192,592.188,"DROP",,,,,,,,,,,,,0,0.00,2,"Stella persa per SNR basso"
193,594.668,"DROP",,,,,,,,,,,,,0,0.00,2,"Stella persa per SNR basso"
194,597.031,"DROP",,,,,,,,,,,,,0,0.00,2,"Stella persa per SNR basso"
195,604.661,"Mount",-47.818,-21.812,-33.395,40.584,-22.412,40.584,2500,E,2500,S,,,2968,10.14,0
196,606.988,"DROP",,,,,,,,,,,,,3892,12.66,8,"Nessuna stella trovata"
197,609.468,"DROP",,,,,,,,,,,,,0,0.00,2,"Stella persa per SNR basso"
198,611.951,"DROP",,,,,,,,,,,,,0,0.00,2,"Stella persa per SNR basso"
199,614.268,"DROP",,,,,,,,,,,,,0,0.00,2,"Stella persa per SNR basso"
200,616.761,"DROP",,,,,,,,,,,,,0,0.00,2,"Stella persa per SNR basso"
201,619.154,"DROP",,,,,,,,,,,,,0,0.00,2,"Stella persa per SNR basso"
202,626.797,"Mount",-57.063,-7.853,-47.829,32.098,-31.701,32.098,2500,E,2500,S,,,2681,9.89,0
Guiding Ends at 2026-09-01 05:29:01

Log Summary: calcnt:1 gcnt:22 gdur:22251 gacnt:1
Log closed at 2026-09-01 08:13:26
