----------------------------------------------------------------------
--------------N.I.N.A. - Nighttime Imaging 'N' Astronomy--------------
--------------------------Version 3.2.0.9001--------------------------
-------------------------2026-09-12T18:02:52--------------------------
----------------------------------------------------------------------
---------------------Microsoft Windows 10.0.17763---------------------
-------------------------OS Architecture X64--------------------------
-----------------------Process Architecture X64-----------------------
-----------------------------.NET 8.0.21------------------------------
----------------------------------------------------------------------
--------------------------Processor Count 2---------------------------
--------------------Total Physical Memory 11.68 GB--------------------
----------------------------------------------------------------------
DATE|LEVEL|SOURCE|MEMBER|LINE|MESSAGE
2026-09-12T18:02:52.7990|INFO|CameraChooserVM.cs|GetEquipment|69|Found 1 ASI Cameras
2026-09-12T18:02:53.7286|INFO|CameraChooserVM.cs|GetEquipment|84|Found 1 Altair Cameras
2026-09-12T18:02:54.1680|INFO|CameraChooserVM.cs|GetEquipment|96|Found 0 Atik Cameras
2026-09-12T18:02:54.2588|INFO|CameraChooserVM.cs|GetEquipment|110|Found 0 FLI Cameras
2026-09-12T18:02:55.6058|INFO|CameraChooserVM.cs|GetEquipment|130|Found 2 QHYCCD Cameras
2026-09-12T18:02:57.9327|INFO|CameraChooserVM.cs|GetEquipment|158|Found 2 ToupTek Cameras
2026-09-12T18:02:58.1685|INFO|CameraChooserVM.cs|GetEquipment|173|Found 1 Ogma Cameras
2026-09-12T18:02:58.5212|INFO|CameraChooserVM.cs|GetEquipment|188|Found 2 Omegon Cameras
2026-09-12T18:02:59.2840|INFO|CameraChooserVM.cs|GetEquipment|203|Found 2 RisingCam Cameras
2026-09-12T18:02:59.6289|INFO|CameraChooserVM.cs|GetEquipment|218|Found 1 MallinCam Cameras
2026-09-12T18:02:59.8215|INFO|CameraChooserVM.cs|GetEquipment|243|Found 1 SVBony Cameras
2026-09-12T18:02:59.8255|INFO|CameraChooserVM.cs|GetEquipment|259|Found 0 SBIG Cameras
2026-09-12T18:03:03.8997|INFO|PluginLoader.cs|LoadPlugin|402|Successfully loaded plugin Connector version 2.1.0.2 by Stefan Berg @isbeorn
2026-09-12T18:03:04.8572|INFO|PluginLoader.cs|LoadPlugin|402|Successfully loaded plugin Digital StarGate Observatory Telemetry Exporter version 0.3.1.0 by Digital StarGate
2026-09-12T18:03:12.6704|INFO|PluginLoader.cs|LoadPlugin|402|Successfully loaded plugin Hocus Focus version 3.0.0.25 by George Hilios (jokogeo)
2026-09-12T18:03:13.8513|INFO|PluginLoader.cs|LoadPlugin|402|Successfully loaded plugin Remote Copy version 3.0.1.0 by Tom Palmer @tcpalmer
2026-09-12T18:03:44.4406|INFO|PluginLoader.cs|LoadPlugin|402|Successfully loaded plugin RTSP Client version 3.1.0.6 by Stefan Berg @isbeorn
2026-09-12T18:03:44.7224|INFO|PluginLoader.cs|LoadPlugin|402|Successfully loaded plugin Three Point Polar Alignment version 2.2.4.3 by Stefan Berg @isbeorn
2026-09-12T18:03:44.9330|INFO|PluginLoader.cs|LoadPlugin|402|Successfully loaded plugin WandererAstro Tools version 3.0.0.0 by WandererAstro
2026-09-12T18:03:48.8421|INFO|CameraChooserVM.cs|GetEquipment|279|Found 0 SVBony Cameras
2026-09-12T18:03:48.9412|INFO|CameraChooserVM.cs|GetEquipment|279|Found 0 PlayerOne Cameras
2026-09-12T18:03:49.0059|INFO|CameraChooserVM.cs|GetEquipment|279|Found 0 ASTPAN Cameras
2026-09-12T18:03:49.8089|INFO|ApplicationVM.cs|CheckASCOMPlatformVersion|81|ASCOM Platform 7.1.3.4851 installed
2026-09-12T18:03:49.8121|INFO|CameraChooserVM.cs|GetEquipment|293|Found 13 ASCOM Cameras
2026-09-12T18:03:50.1876|INFO|PluginFetcher.cs|RequestAll|43|Fetching plugin manifests from https://nighttime-imaging.eu/wp-json/nina/v1/plugins/manifests
2026-09-12T18:03:51.9288|INFO|CameraChooserVM.cs|GetEquipment|305|Found 0 Alpaca Cameras
2026-09-12T18:03:51.9335|INFO|CameraChooserVM.cs|GetEquipment|318|Found 0 Canon Cameras
2026-09-12T18:03:51.9566|INFO|ApplicationVM.cs|CheckDiskInfo|100|Available Space on Drive C:\: 60.24 GB
2026-09-12T18:03:51.9569|INFO|ApplicationVM.cs|CheckDiskInfo|100|Available Space on Drive D:\: 319.85 GB
2026-09-12T18:03:52.6367|INFO|EarthRotationParameterUpdater.cs|Update|125|Updating EarthRotationParameters due to being outdated. Last available parameter date 2026-09-02
2026-09-12T18:03:52.6616|INFO|WeatherDataChooserVM.cs|GetEquipment|69|Found 0 Alpaca Observing Conditions
2026-09-12T18:03:52.6636|INFO|FlatDeviceChooserVM.cs|GetEquipment|67|Found 0 Alpaca Cover Calibrators
2026-09-12T18:03:52.7837|INFO|DomeChooserVM.cs|GetEquipment|67|Found 0 Alpaca Domes
2026-09-12T18:03:52.8464|INFO|FilterWheelChooserVM.cs|GetEquipment|193|Found 0 Alpaca Filter Wheels
2026-09-12T18:03:53.1522|INFO|SwitchChooserVM.cs|GetEquipment|71|Found 0 Alpaca Switch Hubs
2026-09-12T18:03:53.1537|INFO|SafetyMonitorChooserVM.cs|GetEquipment|71|Found 0 Alpaca Safety Monitors
2026-09-12T18:03:54.7641|INFO|PluginFetcher.cs|RequestAll|57|Found 96 valid plugins at https://nighttime-imaging.eu/wp-json/nina/v1/plugins/manifests
2026-09-12T18:03:54.7810|INFO|FocuserChooserVM.cs|GetEquipment|84|Found 0 Alpaca Focusers
2026-09-12T18:03:54.8042|INFO|TelescopeChooserVM.cs|GetEquipment|69|Found 0 Alpaca Telescopes
2026-09-12T18:03:54.8137|INFO|RotatorChooserVM.cs|GetEquipment|68|Found 0 Alpaca Rotators
2026-09-12T18:03:55.2291|INFO|EarthRotationParameterUpdater.cs|Update|127|Updated EarthRotationParameters. New last available parameter date 2026-12-11
2026-09-12T18:03:59.1513|INFO|CameraVM.cs|Disconnect|650|Disconnected Camera
2026-09-12T18:03:59.1583|INFO|QHYCamera.cs|ConnectSync|766|QHYCCD: Connecting to 695A-M-0037ec709603ca4e3
2026-09-12T18:04:03.0616|INFO|FilterWheelVM.cs|Disconnect|333|Disconnected Filter Wheel
2026-09-12T18:04:03.3755|INFO|FilterWheelVM.cs|ChooseFW|279|Successfully connected Filter Wheel. Id: 695A-M-0037ec709603ca4e3 Name: 695A-M 8-Slot Filter Wheel DisplayName: 695A-M 8-Slot Filter Wheel Driver Version: 1.0
2026-09-12T18:04:05.4086|INFO|FocuserVM.cs|Disconnect|441|Disconnected Focuser
2026-09-12T18:04:07.5656|ERROR|AscomDevice.cs|Connected|147|Pegasus Astro Focus Controller should be connected but reports to be disconnected. Trying to reconnect...
2026-09-12T18:04:07.6845|INFO|AscomDevice.cs|TryReconnect|132|Pegasus Astro Focus Controller reconnection successful
2026-09-12T18:04:07.8838|INFO|FocuserVM.cs|ChooseFocuser|333|Successfully connected Focuser. Id: ASCOM.PegasusAstro.Focuser Name: Pegasus Astro Focus Controller DisplayName: Pegasus Astro Focus Controller (ASCOM) Driver Version: 2.20
2026-09-12T18:04:09.0852|INFO|TelescopeVM.cs|Disconnect|740|Disconnected mount
2026-09-12T18:04:09.3097|INFO|AscomTelescope.cs|CheckMountTime|845|Mount UTC Time: 2026-09-12 16:04:09Z / System UTC Time: 2026-09-12 16:04:09Z; Difference: 0.005 seconds
2026-09-12T18:04:09.3835|INFO|AscomTelescope.cs|CheckMountTime|865|Mount driver does not allow the mount's time to be set.
2026-09-12T18:04:09.4172|INFO|AscomDevice.cs|GetProperty|527|Property Telescope.SiteElevation GET is not implemented in this driver (CPWI_ASCOM_Telescope)
2026-09-12T18:04:10.1040|INFO|TelescopeVM.cs|ChooseTelescope|535|Successfully connected mount. Id: ASCOM.Optec ASCOM.Telescope Name: CPWI_ASCOM_Telescope DisplayName: CPWI_ASCOM_Telescope (ASCOM) Driver Version: 2.5.9.99  with DLL Assembly Date: July_1_2020
2026-09-12T18:04:11.8268|INFO|PHD2Guider.cs|Connect|205|Connecting to PHD2 server at 127.0.0.1:4400
2026-09-12T18:04:14.3814|INFO|FlatDeviceVM.cs|Disconnect|289|Disconnected Flat Device
2026-09-12T18:04:23.5917|INFO|FlatDeviceVM.cs|Connect|241|Successfully connected flat device. Id: ASCOM.WandererCover1.CoverCalibrator Name: WandererEmpire Cover 1 DisplayName: WandererEmpire Cover 1 (ASCOM) Driver Version: 2.0
2026-09-12T18:04:27.4093|INFO|WeatherDataVM.cs|Disconnect|305|Disconnected Weather Device
2026-09-12T18:04:29.5719|INFO|AscomDevice.cs|GetProperty|527|Property ObservingConditions.SkyBrightness GET is not implemented in this driver (CloudWatcher ObsCond)
2026-09-12T18:04:29.5808|INFO|AscomDevice.cs|GetProperty|527|Property ObservingConditions.SkyQuality GET is not implemented in this driver (CloudWatcher ObsCond)
2026-09-12T18:04:29.5943|INFO|AscomDevice.cs|GetProperty|527|Property ObservingConditions.StarFWHM GET is not implemented in this driver (CloudWatcher ObsCond)
2026-09-12T18:04:29.6206|INFO|AscomDevice.cs|GetProperty|527|Property ObservingConditions.WindDirection GET is not implemented in this driver (CloudWatcher ObsCond)
2026-09-12T18:04:29.6372|INFO|WeatherDataVM.cs|ChooseWeatherData|150|Successfully connected Weather Device. Id: ASCOM.CloudWatcher.ObservingConditions Name: CloudWatcher ObsCond DisplayName: CloudWatcher ObsCond (ASCOM) Driver Version: 1.1
2026-09-12T18:04:32.9400|INFO|DomeVM.cs|Disconnect|355|Disconnected Dome Device
2026-09-12T18:04:33.5428|INFO|AscomDevice.cs|GetProperty|527|Property Dome.AtPark GET is not implemented in this driver (Shelter Dome)
2026-09-12T18:04:33.5579|INFO|AscomDevice.cs|GetProperty|527|Property Dome.AtHome GET is not implemented in this driver (Shelter Dome)
2026-09-12T18:04:33.5849|INFO|AscomDevice.cs|GetProperty|527|Property Dome.Azimuth GET is not implemented in this driver (Shelter Dome)
2026-09-12T18:04:33.8194|INFO|DomeVM.cs|ChooseDome|198|Successfully connected Dome. Id: ASCOM.TS_Shelter.Dome Name: Shelter Dome DisplayName: Shelter Dome (ASCOM) Driver Version: 6.6
2026-09-12T18:04:35.8379|INFO|AscomDevice.cs|GetProperty|527|Property Dome.Altitude GET is not implemented in this driver (Shelter Dome)
2026-09-12T18:04:43.0721|INFO|SafetyMonitorVM.cs|Disconnect|221|Disconnected Safety Monitor
2026-09-12T18:04:44.2117|INFO|SafetyMonitorVM.cs|Connect|175|Successfully connected Safety Monitor. Id: ASCOM.Hub.SafetyMonitor Name: Short driver name - please customise DisplayName: Short driver name - please customise (ASCOM) Driver Version: 6.4
2026-09-12T18:04:44.4639|WARNING|DeviceUpdateTimer.cs|Run|115|Dome value update cycle took longer than the device poll interval (Total: 4.64s > 2s; Poll: 00:00:00.0031863; Update: 00:00:04.6378340)
2026-09-12T18:05:13.0845|INFO|QHYCamera.cs|ConnectSync|1020|QHYCCD: SDK version: 25-4-23-15
2026-09-12T18:05:13.0848|INFO|QHYCamera.cs|ConnectSync|1021|QHYCCD: USB driver version: 
2026-09-12T18:05:13.0849|INFO|QHYCamera.cs|ConnectSync|1022|QHYCCD: Camera firmware version: 18-10-24
2026-09-12T18:05:13.0850|INFO|QHYCamera.cs|ConnectSync|1023|QHYCCD: Camera FPGA versions: N/A
2026-09-12T18:05:13.1216|INFO|CameraVM.cs|ChooseCamera|455|Successfully connected Camera. Id: 695A-M-0037ec709603ca4e3 Name: 695A-M DisplayName: 695A-M (603ca4e3)Driver Version: 
2026-09-12T18:06:31.2559|INFO|Sequence2VM.cs|LockSequence|139|Sequencer unlocked
2026-09-12T18:06:34.8931|INFO|DockManagerVM.cs|InitializeAvalonDockLayout|366|Initializing imaging tab layout from C:\Users\PrimaLuceLab\AppData\Local\NINA\Profiles\21c45d14-58c2-4ca1-9053-4e23fb6d7dc4.dock.config
2026-09-12T18:06:54.8116|INFO|CameraVM.cs|CoolCamera|138|Cooling Camera. Target: -10 Duration: 00:05:00
2026-09-12T18:06:59.9834|ERROR|NotifyTaskCompletion.cs|WatchTaskAsync|35
System.Threading.Tasks.TaskCanceledException: A task was canceled.
   at NINA.Core.Utility.CoreUtil.Delay(TimeSpan span, CancellationToken token) in /_/NINA.Core/Utility/CoreUtil.cs:line 131
   at NINA.Core.Utility.CoreUtil.Delay(Int32 milliseconds, CancellationToken token) in /_/NINA.Core/Utility/CoreUtil.cs:line 126
   at NINA.Core.Utility.CoreUtil.Wait(TimeSpan t, Boolean progressCountDown, CancellationToken token, IProgress`1 progress, String status) in /_/NINA.Core/Utility/CoreUtil.cs:line 144
   at NINA.WPF.Base.ViewModel.Equipment.Camera.CameraVM.RegulateTemperature(Double temperature, TimeSpan duration, Boolean cooling, IProgress`1 progress, CancellationToken ct) in /_/NINA.WPF.Base/ViewModel/Equipment/Camera/CameraVM.cs:line 220
   at NINA.WPF.Base.ViewModel.Equipment.Camera.CameraVM.CoolCamera(Double temperature, TimeSpan duration, IProgress`1 progress, CancellationToken ct) in /_/NINA.WPF.Base/ViewModel/Equipment/Camera/CameraVM.cs:line 147
   at NINA.Core.Utility.NotifyTaskCompletion`1.WatchTaskAsync(Task task) in /_/NINA.Core/Utility/NotifyTaskCompletion.cs:line 33
2026-09-12T18:07:15.1380|INFO|Sequence2VM.cs|StartSequence|543|Advanced Sequence starting
2026-09-12T18:07:15.1887|INFO|SequenceItem.cs|Run|208|Starting Category: * Set di Istruzioni *, Container: NINA.Sequencer.Container.SequenceRootContainer, Strategy: SequentialStrategy, Items[CREATED]: 3, Triggers: Trigger: MeridianFlipTriggerTrigger: RestoreGuidingTrigger: AutofocusAfterHFRIncreaseTrigger, Amount: 5Trigger: AutofocusAfterFilterChange
2026-09-12T18:07:15.2085|INFO|MeridianFlipTrigger.cs|ShouldTrigger|204|Meridian Flip - Telescope is not tracking. Skip flip evaluation
2026-09-12T18:07:15.2119|INFO|SequenceItem.cs|Run|208|Starting Category: * Set di Istruzioni *, Container: NINA.Sequencer.Container.StartAreaContainer, Strategy: SequentialStrategy, Items[CREATED]: 2
2026-09-12T18:07:15.2124|INFO|MeridianFlipTrigger.cs|ShouldTrigger|204|Meridian Flip - Telescope is not tracking. Skip flip evaluation
2026-09-12T18:07:15.2195|INFO|SequenceItem.cs|Run|208|Starting Category: Utilità, Item: Annotation, Text: VERSION: 1
2026-09-12T18:07:15.2258|INFO|SequenceItem.cs|Run|254|Finishing Category: Utilità, Item: Annotation, Text: VERSION: 1
2026-09-12T18:07:15.4091|INFO|MeridianFlipTrigger.cs|ShouldTrigger|204|Meridian Flip - Telescope is not tracking. Skip flip evaluation
2026-09-12T18:07:15.4095|INFO|SequenceItem.cs|Run|208|Starting Category: * Set di Istruzioni *, Container: NINA.Sequencer.Container.SequentialContainer, Strategy: SequentialStrategy, Items[CREATED]: 4
2026-09-12T18:07:15.4097|INFO|MeridianFlipTrigger.cs|ShouldTrigger|204|Meridian Flip - Telescope is not tracking. Skip flip evaluation
2026-09-12T18:07:15.4097|INFO|SequenceItem.cs|Run|208|Starting Category: Utilità, Item: Annotation, Text: VERSION: 1
2026-09-12T18:07:15.4098|INFO|SequenceItem.cs|Run|254|Finishing Category: Utilità, Item: Annotation, Text: VERSION: 1
2026-09-12T18:07:15.4473|INFO|MeridianFlipTrigger.cs|ShouldTrigger|204|Meridian Flip - Telescope is not tracking. Skip flip evaluation
2026-09-12T18:07:15.4474|INFO|SequenceItem.cs|Run|208|Starting Category: * Set di Istruzioni *, Container: NINA.Sequencer.Container.SequentialContainer, Strategy: SequentialStrategy, Items[CREATED]: 4
2026-09-12T18:07:15.4475|INFO|MeridianFlipTrigger.cs|ShouldTrigger|204|Meridian Flip - Telescope is not tracking. Skip flip evaluation
2026-09-12T18:07:15.4475|INFO|SequenceItem.cs|Run|208|Starting Category: Utilità, Item: Annotation, Text: This Startup Sequence ensures an ASCOM Safety Monitor will function in a sequence as expected.
2026-09-12T18:07:15.4478|INFO|SequenceItem.cs|Run|254|Finishing Category: Utilità, Item: Annotation, Text: This Startup Sequence ensures an ASCOM Safety Monitor will function in a sequence as expected.
2026-09-12T18:07:15.5036|INFO|MeridianFlipTrigger.cs|ShouldTrigger|204|Meridian Flip - Telescope is not tracking. Skip flip evaluation
2026-09-12T18:07:15.5400|INFO|SequenceItem.cs|Run|208|Starting Category: Utilità, Item: Annotation, Text: The CONNECTOR Plugin is used in this Sequence.
2026-09-12T18:07:15.5400|INFO|SequenceItem.cs|Run|254|Finishing Category: Utilità, Item: Annotation, Text: The CONNECTOR Plugin is used in this Sequence.
2026-09-12T18:07:15.5457|INFO|MeridianFlipTrigger.cs|ShouldTrigger|204|Meridian Flip - Telescope is not tracking. Skip flip evaluation
2026-09-12T18:07:15.5458|INFO|SequenceItem.cs|Run|208|Starting Category: Utilità, Item: Annotation, Text: A Switch is also used within this Startup Sequence.
2026-09-12T18:07:15.5458|INFO|SequenceItem.cs|Run|254|Finishing Category: Utilità, Item: Annotation, Text: A Switch is also used within this Startup Sequence.
2026-09-12T18:07:15.5473|INFO|MeridianFlipTrigger.cs|ShouldTrigger|204|Meridian Flip - Telescope is not tracking. Skip flip evaluation
2026-09-12T18:07:15.5476|INFO|SequenceItem.cs|Run|208|Starting Category: Utilità, Item: Annotation, Text: The sequence uses Nautical Dusk and Nautical Dawn along with a number of time offsets. Adjust this as desired.
2026-09-12T18:07:15.5476|INFO|SequenceItem.cs|Run|254|Finishing Category: Utilità, Item: Annotation, Text: The sequence uses Nautical Dusk and Nautical Dawn along with a number of time offsets. Adjust this as desired.
2026-09-12T18:07:15.5507|INFO|SequenceItem.cs|Run|254|Finishing Category: * Set di Istruzioni *, Container: NINA.Sequencer.Container.SequentialContainer, Strategy: SequentialStrategy, Items[FINISHED]: 4
2026-09-12T18:07:15.5627|INFO|MeridianFlipTrigger.cs|ShouldTrigger|204|Meridian Flip - Telescope is not tracking. Skip flip evaluation
2026-09-12T18:07:15.5659|INFO|SequenceItem.cs|Run|208|Starting Category: * Set di Istruzioni *, Container: NINA.Sequencer.Container.SequentialContainer, Strategy: SequentialStrategy, Items[CREATED]: 11
2026-09-12T18:07:15.5664|INFO|MeridianFlipTrigger.cs|ShouldTrigger|204|Meridian Flip - Telescope is not tracking. Skip flip evaluation
2026-09-12T18:07:15.5677|INFO|SequenceItem.cs|Run|208|Starting Category: Utilità, Item: WaitForTime, Time: 20:35:31h, Offset: -30
2026-09-12T18:18:34.9626|WARNING|DeviceUpdateTimer.cs|Run|115|Dome value update cycle took longer than the device poll interval (Total: 3.14s > 2s; Poll: 00:00:00.0025945; Update: 00:00:03.1364948)
2026-09-12T19:15:56.9465|WARNING|DeviceUpdateTimer.cs|Run|115|Dome value update cycle took longer than the device poll interval (Total: 3.12s > 2s; Poll: 00:00:00.0035968; Update: 00:00:03.1208937)
2026-09-12T20:12:03.1341|INFO|SafetyMonitorVM.cs|UpdateMonitorValues|95|SafetyMonitorInfo state changed to Safe
2026-09-12T20:35:56.8417|INFO|SequenceItem.cs|Run|254|Finishing Category: Utilità, Item: WaitForTime, Time: 20:35:31h, Offset: -30
2026-09-12T20:35:56.8422|INFO|MeridianFlipTrigger.cs|ShouldTrigger|204|Meridian Flip - Telescope is not tracking. Skip flip evaluation
2026-09-12T20:35:56.8429|INFO|SequenceItem.cs|Run|208|Starting Category: Connetti, Item: ConnectEquipment, Selected device: Weather, Selected device id: ASCOM.CloudWatcher.ObservingConditions
2026-09-12T20:35:56.8450|INFO|ConnectEquipment.cs|Execute|186|Weather is already connected
2026-09-12T20:35:56.8451|INFO|SequenceItem.cs|Run|254|Finishing Category: Connetti, Item: ConnectEquipment, Selected device: Weather, Selected device id: ASCOM.CloudWatcher.ObservingConditions
2026-09-12T20:35:56.8452|INFO|MeridianFlipTrigger.cs|ShouldTrigger|204|Meridian Flip - Telescope is not tracking. Skip flip evaluation
2026-09-12T20:35:56.8453|INFO|SequenceItem.cs|Run|208|Starting Category: Connetti, Item: ConnectEquipment, Selected device: Safety Monitor, Selected device id: ASCOM.Hub.SafetyMonitor
2026-09-12T20:35:56.8454|INFO|ConnectEquipment.cs|Execute|186|Safety Monitor is already connected
2026-09-12T20:35:56.8454|INFO|SequenceItem.cs|Run|254|Finishing Category: Connetti, Item: ConnectEquipment, Selected device: Safety Monitor, Selected device id: ASCOM.Hub.SafetyMonitor
2026-09-12T20:35:56.8455|INFO|MeridianFlipTrigger.cs|ShouldTrigger|204|Meridian Flip - Telescope is not tracking. Skip flip evaluation
2026-09-12T20:35:56.8460|INFO|SequenceItem.cs|Run|208|Starting Category: Monitor Di Sicurezza, Item: WaitUntilSafe
2026-09-12T20:35:56.8473|INFO|SequenceItem.cs|Run|254|Finishing Category: Monitor Di Sicurezza, Item: WaitUntilSafe
2026-09-12T20:35:56.8474|INFO|MeridianFlipTrigger.cs|ShouldTrigger|204|Meridian Flip - Telescope is not tracking. Skip flip evaluation
2026-09-12T20:35:56.8475|INFO|SequenceItem.cs|Run|208|Starting Category: Connetti, Item: ConnectEquipment, Selected device: Camera, Selected device id: 695A-M-0037ec709603ca4e3
2026-09-12T20:35:56.8475|INFO|ConnectEquipment.cs|Execute|186|Camera is already connected
2026-09-12T20:35:56.8476|INFO|SequenceItem.cs|Run|254|Finishing Category: Connetti, Item: ConnectEquipment, Selected device: Camera, Selected device id: 695A-M-0037ec709603ca4e3
2026-09-12T20:35:56.8476|INFO|MeridianFlipTrigger.cs|ShouldTrigger|204|Meridian Flip - Telescope is not tracking. Skip flip evaluation
2026-09-12T20:35:56.8477|INFO|SequenceItem.cs|Run|208|Starting Category: Connetti, Item: ConnectEquipment, Selected device: Focuser, Selected device id: ASCOM.PegasusAstro.Focuser
2026-09-12T20:35:56.8477|INFO|ConnectEquipment.cs|Execute|186|Focuser is already connected
2026-09-12T20:35:56.8478|INFO|SequenceItem.cs|Run|254|Finishing Category: Connetti, Item: ConnectEquipment, Selected device: Focuser, Selected device id: ASCOM.PegasusAstro.Focuser
2026-09-12T20:35:56.8478|INFO|MeridianFlipTrigger.cs|ShouldTrigger|204|Meridian Flip - Telescope is not tracking. Skip flip evaluation
2026-09-12T20:35:56.8479|INFO|SequenceItem.cs|Run|208|Starting Category: Connetti, Item: ConnectEquipment, Selected device: Filter Wheel, Selected device id: 695A-M-0037ec709603ca4e3
2026-09-12T20:35:56.8479|INFO|ConnectEquipment.cs|Execute|186|Filter Wheel is already connected
2026-09-12T20:35:56.8480|INFO|SequenceItem.cs|Run|254|Finishing Category: Connetti, Item: ConnectEquipment, Selected device: Filter Wheel, Selected device id: 695A-M-0037ec709603ca4e3
2026-09-12T20:35:56.8501|INFO|MeridianFlipTrigger.cs|ShouldTrigger|204|Meridian Flip - Telescope is not tracking. Skip flip evaluation
2026-09-12T20:35:56.8502|INFO|SequenceItem.cs|Run|208|Starting Category: Connetti, Item: ConnectEquipment, Selected device: Mount, Selected device id: ASCOM.Optec ASCOM.Telescope
2026-09-12T20:35:56.8502|INFO|ConnectEquipment.cs|Execute|186|Mount is already connected
2026-09-12T20:35:56.8503|INFO|SequenceItem.cs|Run|254|Finishing Category: Connetti, Item: ConnectEquipment, Selected device: Mount, Selected device id: ASCOM.Optec ASCOM.Telescope
2026-09-12T20:35:56.8503|INFO|MeridianFlipTrigger.cs|ShouldTrigger|204|Meridian Flip - Telescope is not tracking. Skip flip evaluation
2026-09-12T20:35:56.8505|INFO|SequenceItem.cs|Run|208|Starting Category: Connetti, Item: ConnectEquipment, Selected device: Dome, Selected device id: ASCOM.TS_Shelter.Dome
2026-09-12T20:35:56.8505|INFO|ConnectEquipment.cs|Execute|186|Dome is already connected
2026-09-12T20:35:56.8505|INFO|SequenceItem.cs|Run|254|Finishing Category: Connetti, Item: ConnectEquipment, Selected device: Dome, Selected device id: ASCOM.TS_Shelter.Dome
2026-09-12T20:35:56.8516|INFO|MeridianFlipTrigger.cs|ShouldTrigger|204|Meridian Flip - Telescope is not tracking. Skip flip evaluation
2026-09-12T20:35:56.8517|INFO|SequenceItem.cs|Run|208|Starting Category: Connetti, Item: ConnectEquipment, Selected device: Guider, Selected device id: PHD2_Single
2026-09-12T20:35:56.8518|INFO|ConnectEquipment.cs|Execute|186|Guider is already connected
2026-09-12T20:35:56.8519|INFO|SequenceItem.cs|Run|254|Finishing Category: Connetti, Item: ConnectEquipment, Selected device: Guider, Selected device id: PHD2_Single
2026-09-12T20:35:56.8519|INFO|MeridianFlipTrigger.cs|ShouldTrigger|204|Meridian Flip - Telescope is not tracking. Skip flip evaluation
2026-09-12T20:35:56.8520|INFO|SequenceItem.cs|Run|208|Starting Category: Connetti, Item: ConnectEquipment, Selected device: Flat Panel, Selected device id: ASCOM.WandererCover1.CoverCalibrator
2026-09-12T20:35:56.8521|INFO|ConnectEquipment.cs|Execute|186|Flat Panel is already connected
2026-09-12T20:35:56.8521|INFO|SequenceItem.cs|Run|254|Finishing Category: Connetti, Item: ConnectEquipment, Selected device: Flat Panel, Selected device id: ASCOM.WandererCover1.CoverCalibrator
2026-09-12T20:35:56.8526|INFO|SequenceItem.cs|Run|254|Finishing Category: * Set di Istruzioni *, Container: NINA.Sequencer.Container.SequentialContainer, Strategy: SequentialStrategy, Items[FINISHED]: 11
2026-09-12T20:35:56.8527|INFO|MeridianFlipTrigger.cs|ShouldTrigger|204|Meridian Flip - Telescope is not tracking. Skip flip evaluation
2026-09-12T20:35:56.8528|INFO|SequenceItem.cs|Run|208|Starting Category: * Set di Istruzioni *, Container: NINA.Sequencer.Container.SequentialContainer, Strategy: SequentialStrategy, Items[CREATED]: 12
2026-09-12T20:35:56.8534|INFO|MeridianFlipTrigger.cs|ShouldTrigger|204|Meridian Flip - Telescope is not tracking. Skip flip evaluation
2026-09-12T20:35:56.8540|INFO|SequenceItem.cs|Run|208|Starting Category: Fotocamera, Item: CoolCamera, Temperature: -10, Duration: 5
2026-09-12T20:35:56.8552|INFO|CameraVM.cs|CoolCamera|138|Cooling Camera. Target: -10 Duration: 00:05:00
2026-09-12T20:40:58.4637|INFO|SequenceItem.cs|Run|254|Finishing Category: Fotocamera, Item: CoolCamera, Temperature: -10, Duration: 5
2026-09-12T20:40:58.4639|INFO|MeridianFlipTrigger.cs|ShouldTrigger|204|Meridian Flip - Telescope is not tracking. Skip flip evaluation
2026-09-12T20:40:58.4640|INFO|SequenceItem.cs|Run|208|Starting Category: Utilità, Item: WaitForTime, Time: 20:55:31h, Offset: -10
2026-09-12T20:55:33.3793|INFO|SequenceItem.cs|Run|254|Finishing Category: Utilità, Item: WaitForTime, Time: 20:55:31h, Offset: -10
2026-09-12T20:55:33.3795|INFO|MeridianFlipTrigger.cs|ShouldTrigger|204|Meridian Flip - Telescope is not tracking. Skip flip evaluation
2026-09-12T20:55:33.3796|INFO|SequenceItem.cs|Run|208|Starting Category: Monitor Di Sicurezza, Item: WaitUntilSafe
2026-09-12T20:55:33.3797|INFO|SequenceItem.cs|Run|254|Finishing Category: Monitor Di Sicurezza, Item: WaitUntilSafe
2026-09-12T20:55:33.3798|INFO|MeridianFlipTrigger.cs|ShouldTrigger|204|Meridian Flip - Telescope is not tracking. Skip flip evaluation
2026-09-12T20:55:33.3803|INFO|SequenceItem.cs|Run|208|Starting Category: Osservatorio, Item: OpenDomeShutter
2026-09-12T20:55:33.3868|INFO|DomeVM.cs|OpenShutter|448|Opening dome shutter. Shutter state before opening ShutterClosed
2026-09-12T20:55:33.3901|INFO|AscomDome.cs|OpenShutter|206|Sending an OpenShutter request, since it is currently ShutterClosed
2026-09-12T20:56:19.9914|INFO|DomeVM.cs|OpenShutter|454|Opened dome shutter. Shutter state after opening ShutterOpen
2026-09-12T20:56:19.9944|INFO|SequenceItem.cs|Run|254|Finishing Category: Osservatorio, Item: OpenDomeShutter
2026-09-12T20:56:20.0028|INFO|MeridianFlipTrigger.cs|ShouldTrigger|204|Meridian Flip - Telescope is not tracking. Skip flip evaluation
2026-09-12T20:56:20.0035|INFO|SequenceItem.cs|Run|208|Starting Category: Telescopio, Item: UnparkScope
2026-09-12T20:56:20.0080|INFO|TelescopeVM.cs|UnparkTelescope|232|Mount ordered to unpark
2026-09-12T20:56:20.0330|INFO|TelescopeVM.cs|UnparkTelescope|277|Mount is already unparked
2026-09-12T20:56:20.0333|INFO|TelescopeVM.cs|UnparkTelescope|282|Mount has unparked
2026-09-12T20:56:20.0335|INFO|SequenceItem.cs|Run|254|Finishing Category: Telescopio, Item: UnparkScope
2026-09-12T20:56:20.0641|INFO|MeridianFlipTrigger.cs|ShouldTrigger|204|Meridian Flip - Telescope is not tracking. Skip flip evaluation
2026-09-12T20:56:20.0647|INFO|SequenceItem.cs|Run|208|Starting Category: Apparato per i Flat, Item: OpenCover
2026-09-12T20:56:20.0748|INFO|FlatDeviceVM.cs|OpenCover|312|Opening Flat Device Cover
2026-09-12T20:56:45.6077|INFO|SequenceItem.cs|Run|254|Finishing Category: Apparato per i Flat, Item: OpenCover
2026-09-12T20:56:45.6080|INFO|MeridianFlipTrigger.cs|ShouldTrigger|204|Meridian Flip - Telescope is not tracking. Skip flip evaluation
2026-09-12T20:56:45.6102|INFO|SequenceItem.cs|Run|208|Starting Category: Telescopio, Item: SetTracking, TrackingMode: Sidereal
2026-09-12T20:56:45.6427|INFO|SequenceItem.cs|Run|254|Finishing Category: Telescopio, Item: SetTracking, TrackingMode: Sidereal
2026-09-12T20:56:45.6430|INFO|MeridianFlipTrigger.cs|ShouldTrigger|204|Meridian Flip - Telescope is not tracking. Skip flip evaluation
2026-09-12T20:56:45.6436|INFO|SequenceItem.cs|Run|208|Starting Category: Ruota porta filtri, Item: SwitchFilter, Filter: L-Pro
2026-09-12T20:56:45.7745|INFO|SequenceItem.cs|Run|254|Finishing Category: Ruota porta filtri, Item: SwitchFilter, Filter: L-Pro
2026-09-12T20:56:45.7747|INFO|MeridianFlipTrigger.cs|ShouldTrigger|204|Meridian Flip - Telescope is not tracking. Skip flip evaluation
2026-09-12T20:56:45.7754|INFO|SequenceItem.cs|Run|208|Starting Category: Telescopio, Item: SlewScopeToAltAz, Coordinates: NINA.Astrometry.InputTopocentricCoordinates
2026-09-12T20:56:45.8074|INFO|PHD2Guider.cs|StopGuiding|704|Phd2 - Stop Guiding skipped, as the app is already in state Stopped
2026-09-12T20:56:45.8281|INFO|TelescopeVM.cs|SlewAsyncInternal|910|Slewing from RA: 23:55:59; Dec: 88° 41' 09"; Epoch: JNOW to RA: 20:55:16; Dec: 39° 23' 27"; Epoch: JNOW - Alt: 70° 00' 00"; Az: 90° 00' 00"
2026-09-12T20:57:19.2050|INFO|SequenceItem.cs|Run|254|Finishing Category: Telescopio, Item: SlewScopeToAltAz, Coordinates: NINA.Astrometry.InputTopocentricCoordinates
2026-09-12T20:57:19.2076|INFO|MeridianFlipTrigger.cs|ShouldTrigger|296|Meridian Flip - (Side of Pier usage is disabled) There is still time remaining. Max remaining time 01:42:34.0733208, next instruction time 60, next instruction Category: Utilità, Item: WaitForTimeSpan, Time: 60s
2026-09-12T20:57:19.2079|INFO|SequenceItem.cs|Run|208|Starting Category: Utilità, Item: WaitForTimeSpan, Time: 60s
2026-09-12T20:58:19.4495|INFO|SequenceItem.cs|Run|254|Finishing Category: Utilità, Item: WaitForTimeSpan, Time: 60s
2026-09-12T20:58:19.4689|INFO|MeridianFlipTrigger.cs|ShouldTrigger|296|Meridian Flip - (Side of Pier usage is disabled) There is still time remaining. Max remaining time 01:41:31.9275030, next instruction time 220, next instruction Category: Focheggiatore, Item: RunAutofocus
2026-09-12T20:58:19.4691|INFO|SequenceItem.cs|Run|208|Starting Category: Focheggiatore, Item: RunAutofocus
2026-09-12T20:58:19.7139|INFO|FocuserMediator.cs|BroadcastAutoFocusRunStarting|92|Autofocus starting notification received
2026-09-12T20:58:19.7351|INFO|PHD2Guider.cs|StopGuiding|704|Phd2 - Stop Guiding skipped, as the app is already in state Stopped
2026-09-12T20:58:19.7478|INFO|AutoFocusEngine.cs|RunAutoFocus|929|Starting AutoFocus with initial position 40024
2026-09-12T20:58:19.9094|INFO|CameraVM.cs|Capture|742|Starting Exposure - Exposure Time: 6s; Filter: L-Pro; Gain: 15; Offset 132; Binning: 2x2;
2026-09-12T20:58:27.3203|INFO|AutoFocusEngine.cs|StartBlindFocusPoints|769|Waiting on initial HFR analysis
2026-09-12T20:58:27.3653|INFO|FocuserVM.cs|MoveFocuserInternal|216|Moving Focuser to position 40824
2026-09-12T20:58:31.8586|INFO|HocusFocusStarDetection.cs|Detect|413|Average HFR: 2.2979130117531805, HFR MAD: 0.2009547177165425, Detected Stars 227, Region: 0
2026-09-12T20:58:32.5022|WARNING|DeviceUpdateTimer.cs|Run|115|Dome value update cycle took longer than the device poll interval (Total: 4.28s > 2s; Poll: 00:00:00.0030750; Update: 00:00:04.2816677)
2026-09-12T20:58:35.6779|INFO|CameraVM.cs|Capture|742|Starting Exposure - Exposure Time: 6s; Filter: L-Pro; Gain: 15; Offset 132; Binning: 2x2;
2026-09-12T20:58:42.9886|INFO|FocuserVM.cs|MoveFocuserInternal|216|Moving Focuser to position 40624
2026-09-12T20:58:43.9055|INFO|HocusFocusStarDetection.cs|Detect|413|Average HFR: 3.2774699611814575, HFR MAD: 0.2655690952664913, Detected Stars 213, Region: 0
2026-09-12T20:58:49.3299|INFO|CameraVM.cs|Capture|742|Starting Exposure - Exposure Time: 6s; Filter: L-Pro; Gain: 15; Offset 132; Binning: 2x2;
2026-09-12T20:58:56.6439|INFO|FocuserVM.cs|MoveFocuserInternal|216|Moving Focuser to position 40424
2026-09-12T20:58:57.3966|INFO|HocusFocusStarDetection.cs|Detect|413|Average HFR: 3.2978450926413045, HFR MAD: 0.2498003836987186, Detected Stars 199, Region: 0
2026-09-12T20:59:01.9139|INFO|CameraVM.cs|Capture|742|Starting Exposure - Exposure Time: 6s; Filter: L-Pro; Gain: 15; Offset 132; Binning: 2x2;
2026-09-12T20:59:09.2595|INFO|FocuserVM.cs|MoveFocuserInternal|216|Moving Focuser to position 40224
2026-09-12T20:59:11.4881|INFO|HocusFocusStarDetection.cs|Detect|413|Average HFR: 3.1732095593299405, HFR MAD: 0.23605454387376534, Detected Stars 210, Region: 0
2026-09-12T20:59:15.3729|INFO|CameraVM.cs|Capture|742|Starting Exposure - Exposure Time: 6s; Filter: L-Pro; Gain: 15; Offset 132; Binning: 2x2;
2026-09-12T20:59:22.7998|INFO|AutoFocusEngine.cs|StartBlindFocusPoints|797|Waiting on initial focuser move analyses
2026-09-12T20:59:23.5929|INFO|HocusFocusStarDetection.cs|Detect|413|Average HFR: 2.826981805512311, HFR MAD: 0.24439766976067423, Detected Stars 238, Region: 0
2026-09-12T20:59:23.6444|INFO|FocuserVM.cs|MoveFocuserInternal|216|Moving Focuser to position 40024
2026-09-12T20:59:29.3438|INFO|CameraVM.cs|Capture|742|Starting Exposure - Exposure Time: 6s; Filter: L-Pro; Gain: 15; Offset 132; Binning: 2x2;
2026-09-12T20:59:36.6570|INFO|AutoFocusEngine.cs|StartBlindFocusPoints|870|Waiting on next left movement analysis
2026-09-12T20:59:37.3866|INFO|HocusFocusStarDetection.cs|Detect|413|Average HFR: 2.4544129146844416, HFR MAD: 0.19646747204335702, Detected Stars 262, Region: 0
2026-09-12T20:59:37.4667|INFO|FocuserVM.cs|MoveFocuserInternal|216|Moving Focuser to position 39824
2026-09-12T20:59:43.3855|INFO|CameraVM.cs|Capture|742|Starting Exposure - Exposure Time: 6s; Filter: L-Pro; Gain: 15; Offset 132; Binning: 2x2;
2026-09-12T20:59:50.7137|INFO|AutoFocusEngine.cs|StartBlindFocusPoints|870|Waiting on next left movement analysis
2026-09-12T20:59:51.5453|INFO|HocusFocusStarDetection.cs|Detect|413|Average HFR: 2.1224369240439547, HFR MAD: 0.18177300349584335, Detected Stars 280, Region: 0
2026-09-12T20:59:51.5704|INFO|FocuserVM.cs|MoveFocuserInternal|216|Moving Focuser to position 39624
2026-09-12T20:59:57.3784|INFO|CameraVM.cs|Capture|742|Starting Exposure - Exposure Time: 6s; Filter: L-Pro; Gain: 15; Offset 132; Binning: 2x2;
2026-09-12T21:00:04.6931|INFO|AutoFocusEngine.cs|StartBlindFocusPoints|870|Waiting on next left movement analysis
2026-09-12T21:00:05.5656|INFO|HocusFocusStarDetection.cs|Detect|413|Average HFR: 1.8928007805871048, HFR MAD: 0.149908873147796, Detected Stars 278, Region: 0
2026-09-12T21:00:05.6284|INFO|FocuserVM.cs|MoveFocuserInternal|216|Moving Focuser to position 39424
2026-09-12T21:00:11.4013|INFO|CameraVM.cs|Capture|742|Starting Exposure - Exposure Time: 6s; Filter: L-Pro; Gain: 15; Offset 132; Binning: 2x2;
2026-09-12T21:00:18.7161|INFO|AutoFocusEngine.cs|StartBlindFocusPoints|870|Waiting on next left movement analysis
2026-09-12T21:00:19.5050|INFO|HocusFocusStarDetection.cs|Detect|413|Average HFR: 1.7625379345125214, HFR MAD: 0.11665964256388683, Detected Stars 225, Region: 0
2026-09-12T21:00:19.6035|INFO|FocuserVM.cs|MoveFocuserInternal|216|Moving Focuser to position 39224
2026-09-12T21:00:25.3619|INFO|CameraVM.cs|Capture|742|Starting Exposure - Exposure Time: 6s; Filter: L-Pro; Gain: 15; Offset 132; Binning: 2x2;
2026-09-12T21:00:32.7671|INFO|AutoFocusEngine.cs|StartBlindFocusPoints|870|Waiting on next left movement analysis
2026-09-12T21:00:33.5575|INFO|HocusFocusStarDetection.cs|Detect|413|Average HFR: 1.6637028885556142, HFR MAD: 0.0882056811477272, Detected Stars 184, Region: 0
2026-09-12T21:00:33.7853|INFO|FocuserVM.cs|MoveFocuserInternal|216|Moving Focuser to position 39024
2026-09-12T21:00:39.3634|INFO|CameraVM.cs|Capture|742|Starting Exposure - Exposure Time: 6s; Filter: L-Pro; Gain: 15; Offset 132; Binning: 2x2;
2026-09-12T21:00:46.7181|INFO|AutoFocusEngine.cs|StartBlindFocusPoints|870|Waiting on next left movement analysis
2026-09-12T21:00:47.4629|INFO|HocusFocusStarDetection.cs|Detect|413|Average HFR: 1.6305138841543902, HFR MAD: 0.0784850469538767, Detected Stars 173, Region: 0
2026-09-12T21:00:47.6524|INFO|FocuserVM.cs|MoveFocuserInternal|216|Moving Focuser to position 38824
2026-09-12T21:00:53.3575|INFO|CameraVM.cs|Capture|742|Starting Exposure - Exposure Time: 6s; Filter: L-Pro; Gain: 15; Offset 132; Binning: 2x2;
2026-09-12T21:01:00.6664|INFO|AutoFocusEngine.cs|StartBlindFocusPoints|870|Waiting on next left movement analysis
2026-09-12T21:01:01.5368|INFO|HocusFocusStarDetection.cs|Detect|413|Average HFR: 1.6933042939997776, HFR MAD: 0.09808660401577152, Detected Stars 214, Region: 0
2026-09-12T21:01:01.5829|INFO|FocuserVM.cs|MoveFocuserInternal|216|Moving Focuser to position 38624
2026-09-12T21:01:07.3458|INFO|CameraVM.cs|Capture|742|Starting Exposure - Exposure Time: 6s; Filter: L-Pro; Gain: 15; Offset 132; Binning: 2x2;
2026-09-12T21:01:14.6576|INFO|AutoFocusEngine.cs|StartBlindFocusPoints|870|Waiting on next left movement analysis
2026-09-12T21:01:15.6226|INFO|HocusFocusStarDetection.cs|Detect|413|Average HFR: 1.7046827008065646, HFR MAD: 0.10274791093500157, Detected Stars 229, Region: 0
2026-09-12T21:01:15.6526|INFO|FocuserVM.cs|MoveFocuserInternal|216|Moving Focuser to position 38424
2026-09-12T21:01:21.3590|INFO|CameraVM.cs|Capture|742|Starting Exposure - Exposure Time: 6s; Filter: L-Pro; Gain: 15; Offset 132; Binning: 2x2;
2026-09-12T21:01:28.7031|INFO|AutoFocusEngine.cs|StartBlindFocusPoints|870|Waiting on next left movement analysis
2026-09-12T21:01:29.4965|INFO|HocusFocusStarDetection.cs|Detect|413|Average HFR: 1.800737112340797, HFR MAD: 0.11549945106336201, Detected Stars 257, Region: 0
2026-09-12T21:01:29.6076|INFO|AutoFocusEngine.cs|StartBlindFocusPoints|841|Enough right trend points (7) with an established minimum (39024) to queue remaining left focus points down to 38224
2026-09-12T21:01:29.6081|INFO|FocuserVM.cs|MoveFocuserInternal|216|Moving Focuser to position 38224
2026-09-12T21:01:35.3631|INFO|CameraVM.cs|Capture|742|Starting Exposure - Exposure Time: 6s; Filter: L-Pro; Gain: 15; Offset 132; Binning: 2x2;
2026-09-12T21:01:42.7129|INFO|AutoFocusEngine.cs|StartBlindFocusPoints|896|Waiting on remaining AutoFocus analysis tasks
2026-09-12T21:01:43.5179|INFO|HocusFocusStarDetection.cs|Detect|413|Average HFR: 2.1119574369708802, HFR MAD: 0.1660865778713232, Detected Stars 274, Region: 0
2026-09-12T21:01:43.6132|INFO|FocuserVM.cs|MoveFocuserInternal|216|Moving Focuser to position 39033
2026-09-12T21:01:51.8032|INFO|AutoFocusEngine.cs|ValidateCalculatedFocusPosition|1141|Validating HFR at final focus position 39033
2026-09-12T21:01:51.9239|INFO|CameraVM.cs|Capture|742|Starting Exposure - Exposure Time: 6s; Filter: L-Pro; Gain: 15; Offset 132; Binning: 2x2;
2026-09-12T21:02:00.1345|INFO|HocusFocusStarDetection.cs|Detect|413|Average HFR: 1.907939540577812, HFR MAD: 0.13548244191823922, Detected Stars 261, Region: 0
2026-09-12T21:02:00.1973|INFO|HocusFocusVM.cs|AutoFocusEngine_Completed|473|AutoFocus completed with focuser starting at 40024 and ending at 39033
2026-09-12T21:02:00.3428|INFO|FocuserMediator.cs|BroadcastSuccessfulAutoFocusRun|46|Autofocus notification received - Temperature 26
2026-09-12T21:02:00.4892|INFO|AutoFocusEngine.cs|PerformPostAutoFocusActions|1022|Re-enabling temperature compensation after AutoFocus
2026-09-12T21:02:00.6029|INFO|SequenceItem.cs|Run|254|Finishing Category: Focheggiatore, Item: RunAutofocus
2026-09-12T21:02:00.6035|INFO|MeridianFlipTrigger.cs|ShouldTrigger|296|Meridian Flip - (Side of Pier usage is disabled) There is still time remaining. Max remaining time 01:37:51.2064874, next instruction time 0, next instruction Category: Telescopio, Item: SolveAndSync
2026-09-12T21:02:00.6038|INFO|SequenceItem.cs|Run|208|Starting Category: Telescopio, Item: SolveAndSync
2026-09-12T21:02:01.1383|INFO|CameraVM.cs|Capture|742|Starting Exposure - Exposure Time: 15s; Filter: L-Pro; Gain: 15; Offset 132; Binning: 1x1;
2026-09-12T21:02:20.3833|WARNING|DeviceUpdateTimer.cs|Run|115|Camera value update cycle took longer than the device poll interval (Total: 3.26s > 2s; Poll: 00:00:03.2593675; Update: 00:00:00.0004862)
2026-09-12T21:02:21.5609|INFO|ImageSolver.cs|Solve|41|Platesolving with parameters: FocalLength: 1260 PixelSize: 4.54 SearchRadius: 30 BlindFailoverEnabled: True Regions: 5000 DownSampleFactor: 2 MaxObjects: 500 Reference Coordinates RA: 20:54:15 Dec: 39° 17' 08" Epoch: J2000
2026-09-12T21:02:22.1650|INFO|BaseImageData.cs|SaveToDisk|346|Saved image to C:\Users\PrimaLuceLab\AppData\Local\NINA\PlateSolver\52zz5wdb.04r.fits
2026-09-12T21:02:23.7039|INFO|ImageSolver.cs|Solve|54|Platesolve successful: Coordinates: RA: 20:53:55; Dec: 39° 02' 57"; Epoch: J2000 - Position Angle: 252.35790231741788
2026-09-12T21:02:23.8790|INFO|TelescopeVM.cs|Sync|777|Syncing scope from RA: 20:55:17; Dec: 39° 23' 29"; Epoch: JNOW to RA: 20:54:57; Dec: 39° 09' 16"; Epoch: JNOW
2026-09-12T21:02:28.8855|INFO|SequenceItem.cs|Run|254|Finishing Category: Telescopio, Item: SolveAndSync
2026-09-12T21:02:28.8866|INFO|SequenceItem.cs|Run|254|Finishing Category: * Set di Istruzioni *, Container: NINA.Sequencer.Container.SequentialContainer, Strategy: SequentialStrategy, Items[FINISHED]: 12
2026-09-12T21:02:28.8867|INFO|SequenceItem.cs|Run|254|Finishing Category: * Set di Istruzioni *, Container: NINA.Sequencer.Container.SequentialContainer, Strategy: SequentialStrategy, Items[FINISHED]: 4
2026-09-12T21:02:28.8868|INFO|SequenceItem.cs|Run|254|Finishing Category: * Set di Istruzioni *, Container: NINA.Sequencer.Container.StartAreaContainer, Strategy: SequentialStrategy, Items[FINISHED]: 2
2026-09-12T21:02:28.8870|INFO|MeridianFlipTrigger.cs|ShouldTrigger|296|Meridian Flip - (Side of Pier usage is disabled) There is still time remaining. Max remaining time 01:37:03.9361995, next instruction time 0, next instruction Category: * Set di Istruzioni *, Container: NINA.Sequencer.Container.TargetAreaContainer, Strategy: SequentialStrategy, Items[CREATED]: 2
2026-09-12T21:02:28.8876|INFO|SequenceItem.cs|Run|208|Starting Category: * Set di Istruzioni *, Container: NINA.Sequencer.Container.TargetAreaContainer, Strategy: SequentialStrategy, Items[CREATED]: 2
2026-09-12T21:02:28.8878|INFO|MeridianFlipTrigger.cs|ShouldTrigger|296|Meridian Flip - (Side of Pier usage is disabled) There is still time remaining. Max remaining time 01:37:03.9361995, next instruction time 0, next instruction Category: * Set di Istruzioni *, Container: NINA.Sequencer.Container.SequentialContainer, Strategy: SequentialStrategy, Items[CREATED]: 10
2026-09-12T21:02:28.8879|INFO|SequenceItem.cs|Run|208|Starting Category: * Set di Istruzioni *, Container: NINA.Sequencer.Container.SequentialContainer, Strategy: SequentialStrategy, Items[CREATED]: 10
2026-09-12T21:02:28.8880|INFO|MeridianFlipTrigger.cs|ShouldTrigger|296|Meridian Flip - (Side of Pier usage is disabled) There is still time remaining. Max remaining time 01:37:03.9361995, next instruction time 0, next instruction Category: Utilità, Item: Annotation, Text: This is a Startup Sequence which can be pre-loaded at NINA Start-up.
2026-09-12T21:02:28.8880|INFO|SequenceItem.cs|Run|208|Starting Category: Utilità, Item: Annotation, Text: This is a Startup Sequence which can be pre-loaded at NINA Start-up.
2026-09-12T21:02:28.8880|INFO|SequenceItem.cs|Run|254|Finishing Category: Utilità, Item: Annotation, Text: This is a Startup Sequence which can be pre-loaded at NINA Start-up.
2026-09-12T21:02:28.8882|INFO|MeridianFlipTrigger.cs|ShouldTrigger|296|Meridian Flip - (Side of Pier usage is disabled) There is still time remaining. Max remaining time 01:37:03.9361995, next instruction time 0, next instruction Category: Utilità, Item: Annotation, Text: If you edit this Startup Sequence, you need to save the Entire Sequence using the Save Complete Sequence button at the bottom of the Advanced Sequencer page below.
2026-09-12T21:02:28.8882|INFO|SequenceItem.cs|Run|208|Starting Category: Utilità, Item: Annotation, Text: If you edit this Startup Sequence, you need to save the Entire Sequence using the Save Complete Sequence button at the bottom of the Advanced Sequencer page below.
2026-09-12T21:02:28.8882|INFO|SequenceItem.cs|Run|254|Finishing Category: Utilità, Item: Annotation, Text: If you edit this Startup Sequence, you need to save the Entire Sequence using the Save Complete Sequence button at the bottom of the Advanced Sequencer page below.
2026-09-12T21:02:28.8886|INFO|MeridianFlipTrigger.cs|ShouldTrigger|296|Meridian Flip - (Side of Pier usage is disabled) There is still time remaining. Max remaining time 01:37:03.9361995, next instruction time 0, next instruction Category: Utilità, Item: Annotation, Text: Go to: OPTIONS > IMAGING > SEQUENCE and select this DOME_SAFETY_STARTUP_PA.json file as the STARTUP SEQUENCE TEMPLATE
2026-09-12T21:02:28.8887|INFO|SequenceItem.cs|Run|208|Starting Category: Utilità, Item: Annotation, Text: Go to: OPTIONS > IMAGING > SEQUENCE and select this DOME_SAFETY_STARTUP_PA.json file as the STARTUP SEQUENCE TEMPLATE
2026-09-12T21:02:28.8887|INFO|SequenceItem.cs|Run|254|Finishing Category: Utilità, Item: Annotation, Text: Go to: OPTIONS > IMAGING > SEQUENCE and select this DOME_SAFETY_STARTUP_PA.json file as the STARTUP SEQUENCE TEMPLATE
2026-09-12T21:02:28.8889|INFO|MeridianFlipTrigger.cs|ShouldTrigger|296|Meridian Flip - (Side of Pier usage is disabled) There is still time remaining. Max remaining time 01:37:03.9361995, next instruction time 0, next instruction Category: Utilità, Item: Annotation, Text:      I also find setting COLLAPSE SEQUENCE TEMPLATES BY DEFAULT to ON is quite helpful.  (On the same options page)
2026-09-12T21:02:28.8889|INFO|SequenceItem.cs|Run|208|Starting Category: Utilità, Item: Annotation, Text:      I also find setting COLLAPSE SEQUENCE TEMPLATES BY DEFAULT to ON is quite helpful.  (On the same options page)
2026-09-12T21:02:28.8889|INFO|SequenceItem.cs|Run|254|Finishing Category: Utilità, Item: Annotation, Text:      I also find setting COLLAPSE SEQUENCE TEMPLATES BY DEFAULT to ON is quite helpful.  (On the same options page)
2026-09-12T21:02:28.8890|INFO|MeridianFlipTrigger.cs|ShouldTrigger|296|Meridian Flip - (Side of Pier usage is disabled) There is still time remaining. Max remaining time 01:37:03.9361995, next instruction time 0, next instruction Category: Utilità, Item: Annotation, Text: Any modification of this sequence as a Foundational Startup Template will need to be saved using the buttons at the bottom of this Advanced Sequencer Page below.
2026-09-12T21:02:28.8891|INFO|SequenceItem.cs|Run|208|Starting Category: Utilità, Item: Annotation, Text: Any modification of this sequence as a Foundational Startup Template will need to be saved using the buttons at the bottom of this Advanced Sequencer Page below.
2026-09-12T21:02:28.8891|INFO|SequenceItem.cs|Run|254|Finishing Category: Utilità, Item: Annotation, Text: Any modification of this sequence as a Foundational Startup Template will need to be saved using the buttons at the bottom of this Advanced Sequencer Page below.
2026-09-12T21:02:28.8891|INFO|MeridianFlipTrigger.cs|ShouldTrigger|296|Meridian Flip - (Side of Pier usage is disabled) There is still time remaining. Max remaining time 01:37:03.9361995, next instruction time 0, next instruction Category: Utilità, Item: Annotation, Text: The LOOP_ALL_NIGHT Sequence is a simple Loop until Nautical Dawn. Adjust as desired. This is an outer loop.
2026-09-12T21:02:28.8892|INFO|SequenceItem.cs|Run|208|Starting Category: Utilità, Item: Annotation, Text: The LOOP_ALL_NIGHT Sequence is a simple Loop until Nautical Dawn. Adjust as desired. This is an outer loop.
2026-09-12T21:02:28.8892|INFO|SequenceItem.cs|Run|254|Finishing Category: Utilità, Item: Annotation, Text: The LOOP_ALL_NIGHT Sequence is a simple Loop until Nautical Dawn. Adjust as desired. This is an outer loop.
2026-09-12T21:02:28.8893|INFO|MeridianFlipTrigger.cs|ShouldTrigger|296|Meridian Flip - (Side of Pier usage is disabled) There is still time remaining. Max remaining time 01:37:03.9361995, next instruction time 0, next instruction Category: Utilità, Item: Annotation, Text: The SAFE_LOOP Sequence runs while the System is Safe.
2026-09-12T21:02:28.8894|INFO|SequenceItem.cs|Run|208|Starting Category: Utilità, Item: Annotation, Text: The SAFE_LOOP Sequence runs while the System is Safe.
2026-09-12T21:02:28.8894|INFO|SequenceItem.cs|Run|254|Finishing Category: Utilità, Item: Annotation, Text: The SAFE_LOOP Sequence runs while the System is Safe.
2026-09-12T21:02:28.8898|INFO|MeridianFlipTrigger.cs|ShouldTrigger|296|Meridian Flip - (Side of Pier usage is disabled) There is still time remaining. Max remaining time 01:37:03.9361995, next instruction time 0, next instruction Category: Utilità, Item: Annotation, Text: The UNSAFE Sequence runs when the System is Unsafe and only proceeds back to SAFE_LOOP when it is once again deemed Safe.
2026-09-12T21:02:28.8898|INFO|SequenceItem.cs|Run|208|Starting Category: Utilità, Item: Annotation, Text: The UNSAFE Sequence runs when the System is Unsafe and only proceeds back to SAFE_LOOP when it is once again deemed Safe.
2026-09-12T21:02:28.8899|INFO|SequenceItem.cs|Run|254|Finishing Category: Utilità, Item: Annotation, Text: The UNSAFE Sequence runs when the System is Unsafe and only proceeds back to SAFE_LOOP when it is once again deemed Safe.
2026-09-12T21:02:28.8899|INFO|MeridianFlipTrigger.cs|ShouldTrigger|296|Meridian Flip - (Side of Pier usage is disabled) There is still time remaining. Max remaining time 01:37:03.9361995, next instruction time 0, next instruction Category: Utilità, Item: Annotation, Text: ..... ALL TARGETS should be placed within individual LOOP_ALL_NIGHT > SAFE_LOOP > TARGETS_CONTAINER > TARGET # containers below.....
2026-09-12T21:02:28.8900|INFO|SequenceItem.cs|Run|208|Starting Category: Utilità, Item: Annotation, Text: ..... ALL TARGETS should be placed within individual LOOP_ALL_NIGHT > SAFE_LOOP > TARGETS_CONTAINER > TARGET # containers below.....
2026-09-12T21:02:28.8900|INFO|SequenceItem.cs|Run|254|Finishing Category: Utilità, Item: Annotation, Text: ..... ALL TARGETS should be placed within individual LOOP_ALL_NIGHT > SAFE_LOOP > TARGETS_CONTAINER > TARGET # containers below.....
2026-09-12T21:02:28.8901|INFO|MeridianFlipTrigger.cs|ShouldTrigger|296|Meridian Flip - (Side of Pier usage is disabled) There is still time remaining. Max remaining time 01:37:03.9361995, next instruction time 0, next instruction Category: Utilità, Item: Annotation, Text: Each TARGET # Container should have a looping condition that is identical to the included target sequence.
2026-09-12T21:02:28.8901|INFO|SequenceItem.cs|Run|208|Starting Category: Utilità, Item: Annotation, Text: Each TARGET # Container should have a looping condition that is identical to the included target sequence.
2026-09-12T21:02:28.8902|INFO|SequenceItem.cs|Run|254|Finishing Category: Utilità, Item: Annotation, Text: Each TARGET # Container should have a looping condition that is identical to the included target sequence.
2026-09-12T21:02:28.8902|INFO|SequenceItem.cs|Run|254|Finishing Category: * Set di Istruzioni *, Container: NINA.Sequencer.Container.SequentialContainer, Strategy: SequentialStrategy, Items[FINISHED]: 10
2026-09-12T21:02:28.8913|INFO|MeridianFlipTrigger.cs|ShouldTrigger|296|Meridian Flip - (Side of Pier usage is disabled) There is still time remaining. Max remaining time 01:37:03.9361995, next instruction time 0, next instruction Category: * Set di Istruzioni *, Container: NINA.Sequencer.Container.SequentialContainer, Strategy: SequentialStrategy, Items[CREATED]: 2, Conditions: Condition: TimeCondition, Time: 2:40:25h, 
2026-09-12T21:02:28.8914|INFO|SequenceItem.cs|Run|208|Starting Category: * Set di Istruzioni *, Container: NINA.Sequencer.Container.SequentialContainer, Strategy: SequentialStrategy, Items[CREATED]: 2, Conditions: Condition: TimeCondition, Time: 2:40:25h, 
2026-09-12T21:02:28.9017|INFO|MeridianFlipTrigger.cs|ShouldTrigger|296|Meridian Flip - (Side of Pier usage is disabled) There is still time remaining. Max remaining time 01:37:03.9361995, next instruction time 0, next instruction Category: * Set di Istruzioni *, Container: NINA.Sequencer.Container.SequentialContainer, Strategy: SequentialStrategy, Items[CREATED]: 5, Conditions: Condition: SafetyMonitorCondition, 
2026-09-12T21:02:28.9019|INFO|SequenceItem.cs|Run|208|Starting Category: * Set di Istruzioni *, Container: NINA.Sequencer.Container.SequentialContainer, Strategy: SequentialStrategy, Items[CREATED]: 5, Conditions: Condition: SafetyMonitorCondition, 
2026-09-12T21:02:28.9036|INFO|MeridianFlipTrigger.cs|ShouldTrigger|296|Meridian Flip - (Side of Pier usage is disabled) There is still time remaining. Max remaining time 01:37:03.9361995, next instruction time 0, next instruction Category: * Set di Istruzioni *, Container: NINA.Sequencer.Container.SequentialContainer, Strategy: SequentialStrategy, Items[CREATED]: 7
2026-09-12T21:02:28.9037|INFO|SequenceItem.cs|Run|208|Starting Category: * Set di Istruzioni *, Container: NINA.Sequencer.Container.SequentialContainer, Strategy: SequentialStrategy, Items[CREATED]: 7
2026-09-12T21:02:28.9039|INFO|MeridianFlipTrigger.cs|ShouldTrigger|296|Meridian Flip - (Side of Pier usage is disabled) There is still time remaining. Max remaining time 01:37:03.9361995, next instruction time 0, next instruction Category: Utilità, Item: Annotation, Text: This brief sequence of instructions is required after returning to a Safe condifition from an Unsafe one. It will not negatively affect anything on its initial execution.
2026-09-12T21:02:28.9039|INFO|SequenceItem.cs|Run|208|Starting Category: Utilità, Item: Annotation, Text: This brief sequence of instructions is required after returning to a Safe condifition from an Unsafe one. It will not negatively affect anything on its initial execution.
2026-09-12T21:02:28.9040|INFO|SequenceItem.cs|Run|254|Finishing Category: Utilità, Item: Annotation, Text: This brief sequence of instructions is required after returning to a Safe condifition from an Unsafe one. It will not negatively affect anything on its initial execution.
2026-09-12T21:02:28.9041|INFO|MeridianFlipTrigger.cs|ShouldTrigger|296|Meridian Flip - (Side of Pier usage is disabled) There is still time remaining. Max remaining time 01:37:03.9361995, next instruction time 0, next instruction Category: Utilità, Item: Annotation, Text: The 5 minute wait here can be adjusted as desired. It is here to show 5 minutes of Safety prior to resetting the equipment.
2026-09-12T21:02:28.9041|INFO|SequenceItem.cs|Run|208|Starting Category: Utilità, Item: Annotation, Text: The 5 minute wait here can be adjusted as desired. It is here to show 5 minutes of Safety prior to resetting the equipment.
2026-09-12T21:02:28.9041|INFO|SequenceItem.cs|Run|254|Finishing Category: Utilità, Item: Annotation, Text: The 5 minute wait here can be adjusted as desired. It is here to show 5 minutes of Safety prior to resetting the equipment.
2026-09-12T21:02:28.9043|INFO|MeridianFlipTrigger.cs|ShouldTrigger|296|Meridian Flip - (Side of Pier usage is disabled) There is still time remaining. Max remaining time 01:37:03.9361995, next instruction time 300, next instruction Category: Utilità, Item: WaitForTimeSpan, Time: 300s
2026-09-12T21:02:28.9049|INFO|SequenceItem.cs|Run|208|Starting Category: Utilità, Item: WaitForTimeSpan, Time: 300s
2026-09-12T21:07:29.7393|INFO|SequenceItem.cs|Run|254|Finishing Category: Utilità, Item: WaitForTimeSpan, Time: 300s
2026-09-12T21:07:29.7406|INFO|MeridianFlipTrigger.cs|ShouldTrigger|296|Meridian Flip - (Side of Pier usage is disabled) There is still time remaining. Max remaining time 01:32:01.2911301, next instruction time 0, next instruction Category: Osservatorio, Item: OpenDomeShutter
2026-09-12T21:07:29.7407|INFO|SequenceItem.cs|Run|208|Starting Category: Osservatorio, Item: OpenDomeShutter
2026-09-12T21:07:29.7409|INFO|SequenceItem.cs|Run|254|Finishing Category: Osservatorio, Item: OpenDomeShutter
2026-09-12T21:07:29.7410|INFO|MeridianFlipTrigger.cs|ShouldTrigger|296|Meridian Flip - (Side of Pier usage is disabled) There is still time remaining. Max remaining time 01:32:01.2911301, next instruction time 0, next instruction Category: Telescopio, Item: UnparkScope
2026-09-12T21:07:29.7411|INFO|SequenceItem.cs|Run|208|Starting Category: Telescopio, Item: UnparkScope
2026-09-12T21:07:29.7412|INFO|TelescopeVM.cs|UnparkTelescope|232|Mount ordered to unpark
2026-09-12T21:07:29.7475|INFO|TelescopeVM.cs|UnparkTelescope|277|Mount is already unparked
2026-09-12T21:07:29.7476|INFO|TelescopeVM.cs|UnparkTelescope|282|Mount has unparked
2026-09-12T21:07:29.7477|INFO|SequenceItem.cs|Run|254|Finishing Category: Telescopio, Item: UnparkScope
2026-09-12T21:07:29.7481|INFO|MeridianFlipTrigger.cs|ShouldTrigger|296|Meridian Flip - (Side of Pier usage is disabled) There is still time remaining. Max remaining time 01:32:01.2911301, next instruction time 0, next instruction Category: Apparato per i Flat, Item: OpenCover
2026-09-12T21:07:29.7482|INFO|SequenceItem.cs|Run|208|Starting Category: Apparato per i Flat, Item: OpenCover
2026-09-12T21:07:29.7539|INFO|SequenceItem.cs|Run|254|Finishing Category: Apparato per i Flat, Item: OpenCover
2026-09-12T21:07:29.7547|INFO|MeridianFlipTrigger.cs|ShouldTrigger|296|Meridian Flip - (Side of Pier usage is disabled) There is still time remaining. Max remaining time 01:32:01.2911301, next instruction time 0, next instruction Category: Telescopio, Item: SetTracking, TrackingMode: Sidereal
2026-09-12T21:07:29.7548|INFO|SequenceItem.cs|Run|208|Starting Category: Telescopio, Item: SetTracking, TrackingMode: Sidereal
2026-09-12T21:07:29.7706|INFO|SequenceItem.cs|Run|254|Finishing Category: Telescopio, Item: SetTracking, TrackingMode: Sidereal
2026-09-12T21:07:29.7710|INFO|SequenceItem.cs|Run|254|Finishing Category: * Set di Istruzioni *, Container: NINA.Sequencer.Container.SequentialContainer, Strategy: SequentialStrategy, Items[FINISHED]: 7
2026-09-12T21:07:29.7713|INFO|MeridianFlipTrigger.cs|ShouldTrigger|296|Meridian Flip - (Side of Pier usage is disabled) There is still time remaining. Max remaining time 01:32:01.2911301, next instruction time 0, next instruction Category: * Set di Istruzioni *, Container: NINA.Sequencer.Container.SequentialContainer, Strategy: SequentialStrategy, Items[CREATED]: 2
2026-09-12T21:07:29.7713|INFO|SequenceItem.cs|Run|208|Starting Category: * Set di Istruzioni *, Container: NINA.Sequencer.Container.SequentialContainer, Strategy: SequentialStrategy, Items[CREATED]: 2
2026-09-12T21:07:29.7715|INFO|MeridianFlipTrigger.cs|ShouldTrigger|296|Meridian Flip - (Side of Pier usage is disabled) There is still time remaining. Max remaining time 01:32:01.2911301, next instruction time 0, next instruction Category: Utilità, Item: Annotation, Text: BE SURE TO MATCH EACH TARGET CONTAINER LOOP CONDITION TO THE NESTED TARGET SEQUENCE LOOP CONDITION
2026-09-12T21:07:29.7715|INFO|SequenceItem.cs|Run|208|Starting Category: Utilità, Item: Annotation, Text: BE SURE TO MATCH EACH TARGET CONTAINER LOOP CONDITION TO THE NESTED TARGET SEQUENCE LOOP CONDITION
2026-09-12T21:07:29.7716|INFO|SequenceItem.cs|Run|254|Finishing Category: Utilità, Item: Annotation, Text: BE SURE TO MATCH EACH TARGET CONTAINER LOOP CONDITION TO THE NESTED TARGET SEQUENCE LOOP CONDITION
2026-09-12T21:07:29.7717|INFO|MeridianFlipTrigger.cs|ShouldTrigger|296|Meridian Flip - (Side of Pier usage is disabled) There is still time remaining. Max remaining time 01:32:01.2911301, next instruction time 0, next instruction Category: * Set di Istruzioni *, Container: NINA.Sequencer.Container.SequentialContainer, Strategy: SequentialStrategy, Items[CREATED]: 3, Conditions: Condition: TimeCondition, Time: 2:40:25h, 
2026-09-12T21:07:29.7717|INFO|SequenceItem.cs|Run|208|Starting Category: * Set di Istruzioni *, Container: NINA.Sequencer.Container.SequentialContainer, Strategy: SequentialStrategy, Items[CREATED]: 3, Conditions: Condition: TimeCondition, Time: 2:40:25h, 
2026-09-12T21:07:29.7719|INFO|MeridianFlipTrigger.cs|ShouldTrigger|296|Meridian Flip - (Side of Pier usage is disabled) There is still time remaining. Max remaining time 01:32:01.2911301, next instruction time 0, next instruction Category: Utilità, Item: Annotation, Text: PLACE YOUR ...FIRST... TARGET SEQUENCE OF THE NIGHT ...BELOW... THIS LINE
2026-09-12T21:07:29.7720|INFO|SequenceItem.cs|Run|208|Starting Category: Utilità, Item: Annotation, Text: PLACE YOUR ...FIRST... TARGET SEQUENCE OF THE NIGHT ...BELOW... THIS LINE
2026-09-12T21:07:29.7720|INFO|SequenceItem.cs|Run|254|Finishing Category: Utilità, Item: Annotation, Text: PLACE YOUR ...FIRST... TARGET SEQUENCE OF THE NIGHT ...BELOW... THIS LINE
2026-09-12T21:07:29.7721|INFO|MeridianFlipTrigger.cs|ShouldTrigger|296|Meridian Flip - (Side of Pier usage is disabled) There is still time remaining. Max remaining time 01:32:01.2911301, next instruction time 0, next instruction Category: Utilità, Item: Annotation, Text: PLACE YOUR ...FIRST... TARGET SEQUENCE OF THE NIGHT ...ABOVE... THIS LINE
2026-09-12T21:07:29.7722|INFO|SequenceItem.cs|Run|208|Starting Category: Utilità, Item: Annotation, Text: PLACE YOUR ...FIRST... TARGET SEQUENCE OF THE NIGHT ...ABOVE... THIS LINE
2026-09-12T21:07:29.7722|INFO|SequenceItem.cs|Run|254|Finishing Category: Utilità, Item: Annotation, Text: PLACE YOUR ...FIRST... TARGET SEQUENCE OF THE NIGHT ...ABOVE... THIS LINE
2026-09-12T21:07:29.7761|INFO|MeridianFlipTrigger.cs|ShouldTrigger|296|Meridian Flip - (Side of Pier usage is disabled) There is still time remaining. Max remaining time 01:32:01.2911301, next instruction time 0, next instruction Category: * Set di Istruzioni *, Container: NINA.Sequencer.Container.DeepSkyObjectContainer, Strategy: SequentialStrategy, Items[CREATED]: 4, Triggers: Trigger: CenterAfterDriftTrigger, DistanceArcMinutes: 3, Target: M 27 RA: 19:59:36; Dec: 22° 43' 16"; Epoch: J2000 0
2026-09-12T21:07:29.7765|INFO|SequenceItem.cs|Run|208|Starting Category: * Set di Istruzioni *, Container: NINA.Sequencer.Container.DeepSkyObjectContainer, Strategy: SequentialStrategy, Items[CREATED]: 4, Triggers: Trigger: CenterAfterDriftTrigger, DistanceArcMinutes: 3, Target: M 27 RA: 19:59:36; Dec: 22° 43' 16"; Epoch: J2000 0
2026-09-12T21:07:29.7824|INFO|MeridianFlipTrigger.cs|ShouldTrigger|296|Meridian Flip - (Side of Pier usage is disabled) There is still time remaining. Max remaining time 01:32:01.2911301, next instruction time 0, next instruction Category: Telescopio, Item: Center, Coordinates RA: 19:59:36; Dec: 22° 43' 16"; Epoch: J2000
2026-09-12T21:07:29.7828|INFO|SequenceItem.cs|Run|208|Starting Category: Telescopio, Item: Center, Coordinates RA: 19:59:36; Dec: 22° 43' 16"; Epoch: J2000
2026-09-12T21:07:30.1272|INFO|PHD2Guider.cs|StopGuiding|704|Phd2 - Stop Guiding skipped, as the app is already in state Stopped
2026-09-12T21:07:30.2542|INFO|TelescopeVM.cs|SlewAsyncInternal|910|Slewing from RA: 20:54:58; Dec: 39° 09' 12"; Epoch: JNOW to RA: 20:00:47; Dec: 22° 47' 52"; Epoch: JNOW - Alt: 68° 38' 42"; Az: 154° 03' 08"
2026-09-12T21:07:49.8393|INFO|CameraVM.cs|Capture|742|Starting Exposure - Exposure Time: 15s; Filter: L-Pro; Gain: 15; Offset 132; Binning: 1x1;
2026-09-12T21:08:09.0287|WARNING|DeviceUpdateTimer.cs|Run|115|Camera value update cycle took longer than the device poll interval (Total: 3.91s > 2s; Poll: 00:00:03.9058760; Update: 00:00:00.0002724)
2026-09-12T21:08:10.2319|INFO|ImageSolver.cs|Solve|41|Platesolving with parameters: FocalLength: 1260 PixelSize: 4.54 SearchRadius: 30 BlindFailoverEnabled: True Regions: 5000 DownSampleFactor: 2 MaxObjects: 500 Reference Coordinates RA: 19:59:36 Dec: 22° 43' 16" Epoch: J2000
2026-09-12T21:08:10.5397|INFO|BaseImageData.cs|SaveToDisk|346|Saved image to C:\Users\PrimaLuceLab\AppData\Local\NINA\PlateSolver\x2mhoxh3.3f4.fits
2026-09-12T21:08:11.5944|INFO|ImageSolver.cs|Solve|54|Platesolve successful: Coordinates: RA: 19:59:24; Dec: 22° 37' 28"; Epoch: J2000 - Position Angle: 252.53671756190863
2026-09-12T21:08:11.6012|INFO|CenteringSolver.cs|Center|99|Centering Solver - Scope Position: RA: 20:00:47; Dec: 22° 47' 27"; Epoch: JNOW; Offset: RA: 00:00:00; Dec: 00° 00' 00"; Distance: 00° 00' 00"; Bearing: 00° 00' 00"; Centering Coordinates: RA: 20:00:47; Dec: 22° 47' 52"; Epoch: JNOW; Solved: RA: 20:00:35; Dec: 22° 42' 03"; Epoch: JNOW; Separation RA: 00:00:12; Dec: 00° 05' 49"; Distance: 00° 06' 25"; Bearing: 154° 46' 34"; Threshold: 1
2026-09-12T21:08:11.7189|INFO|TelescopeVM.cs|Sync|777|Syncing scope from RA: 20:00:47; Dec: 22° 47' 27"; Epoch: JNOW to RA: 20:00:35; Dec: 22° 42' 03"; Epoch: JNOW
2026-09-12T21:08:16.7213|INFO|CenteringSolver.cs|Center|132|Slewing to target after sync. Current Position: RA: 20:00:36; Dec: 22° 41' 38"; Epoch: JNOW; Target coordinates: RA: 20:00:47; Dec: 22° 47' 52"; Epoch: JNOW; Offset RA: 00:00:00; Dec: 00° 00' 00"; Distance: 00° 00' 00"; Bearing: 00° 00' 00"
2026-09-12T21:08:16.7308|INFO|TelescopeVM.cs|SlewAsyncInternal|910|Slewing from RA: 20:00:36; Dec: 22° 41' 38"; Epoch: JNOW to RA: 20:00:47; Dec: 22° 47' 52"; Epoch: JNOW - Alt: 68° 42' 26"; Az: 154° 30' 52"
2026-09-12T21:08:30.9749|INFO|CameraVM.cs|Capture|742|Starting Exposure - Exposure Time: 15s; Filter: L-Pro; Gain: 15; Offset 132; Binning: 1x1;
2026-09-12T21:08:51.3611|INFO|ImageSolver.cs|Solve|41|Platesolving with parameters: FocalLength: 1260 PixelSize: 4.54 SearchRadius: 30 BlindFailoverEnabled: True Regions: 5000 DownSampleFactor: 2 MaxObjects: 500 Reference Coordinates RA: 19:59:36 Dec: 22° 43' 16" Epoch: J2000
2026-09-12T21:08:51.6126|INFO|BaseImageData.cs|SaveToDisk|346|Saved image to C:\Users\PrimaLuceLab\AppData\Local\NINA\PlateSolver\ka2dtial.bvk.fits
2026-09-12T21:08:52.6530|INFO|ImageSolver.cs|Solve|54|Platesolve successful: Coordinates: RA: 19:59:36; Dec: 22° 43' 05"; Epoch: J2000 - Position Angle: 252.54085937776176
2026-09-12T21:08:52.6806|INFO|CenteringSolver.cs|Center|99|Centering Solver - Scope Position: RA: 20:00:47; Dec: 22° 47' 26"; Epoch: JNOW; Offset: RA: 00:00:00; Dec: 00° 00' 00"; Distance: 00° 00' 00"; Bearing: 00° 00' 00"; Centering Coordinates: RA: 20:00:47; Dec: 22° 47' 52"; Epoch: JNOW; Solved: RA: 20:00:46; Dec: 22° 47' 40"; Epoch: JNOW; Separation RA: 00:00:00; Dec: 00° 00' 11"; Distance: 00° 00' 13"; Bearing: 150° 00' 46"; Threshold: 1
2026-09-12T21:08:52.6814|INFO|CenteringSolver.cs|Center|165|Restoring filter to L-Pro after centering
2026-09-12T21:08:52.8182|INFO|SequenceItem.cs|Run|254|Finishing Category: Telescopio, Item: Center, Coordinates RA: 19:59:36; Dec: 22° 43' 16"; Epoch: J2000
2026-09-12T21:08:52.8503|INFO|MeridianFlipTrigger.cs|ShouldTrigger|296|Meridian Flip - (Side of Pier usage is disabled) There is still time remaining. Max remaining time 00:36:28.4829087, next instruction time 0, next instruction Category: Guida, Item: StartGuiding
2026-09-12T21:08:52.8506|INFO|SequenceItem.cs|Run|208|Starting Category: Guida, Item: StartGuiding
2026-09-12T21:08:52.9090|INFO|PHD2Guider.cs|TryStartGuideCommand|641|Phd2 - Requesting to start guiding. Recalibrate: False
2026-09-12T21:09:17.3336|INFO|SequenceItem.cs|Run|254|Finishing Category: Guida, Item: StartGuiding
2026-09-12T21:09:17.3340|INFO|MeridianFlipTrigger.cs|ShouldTrigger|296|Meridian Flip - (Side of Pier usage is disabled) There is still time remaining. Max remaining time 00:36:02.4627365, next instruction time 300, next instruction Category: Utilità, Item: WaitForTimeSpan, Time: 300s
2026-09-12T21:09:17.3341|INFO|SequenceItem.cs|Run|208|Starting Category: Utilità, Item: WaitForTimeSpan, Time: 300s
2026-09-12T21:14:18.3830|INFO|SequenceItem.cs|Run|254|Finishing Category: Utilità, Item: WaitForTimeSpan, Time: 300s
2026-09-12T21:14:18.4178|INFO|MeridianFlipTrigger.cs|ShouldTrigger|296|Meridian Flip - (Side of Pier usage is disabled) There is still time remaining. Max remaining time 00:31:02.0914273, next instruction time 600, next instruction Category: Fotocamera, Container: NINA.Sequencer.SequenceItem.Imaging.SmartExposure, Strategy: SequentialStrategy, Items[CREATED]: 2, Conditions: Condition: LoopCondition, Iterations: 0/40, , Triggers: Trigger: DitherAfterExposures, After Exposures: 1
2026-09-12T21:14:18.4182|INFO|SequenceItem.cs|Run|208|Starting Category: Fotocamera, Container: NINA.Sequencer.SequenceItem.Imaging.SmartExposure, Strategy: SequentialStrategy, Items[CREATED]: 2, Conditions: Condition: LoopCondition, Iterations: 0/40, , Triggers: Trigger: DitherAfterExposures, After Exposures: 1
2026-09-12T21:14:18.4205|INFO|MeridianFlipTrigger.cs|ShouldTrigger|296|Meridian Flip - (Side of Pier usage is disabled) There is still time remaining. Max remaining time 00:31:02.0914273, next instruction time 0, next instruction Category: Ruota porta filtri, Item: SwitchFilter, Filter: L-Pro
2026-09-12T21:14:18.4206|INFO|SequenceItem.cs|Run|208|Starting Category: Ruota porta filtri, Item: SwitchFilter, Filter: L-Pro
2026-09-12T21:14:18.5579|INFO|SequenceItem.cs|Run|254|Finishing Category: Ruota porta filtri, Item: SwitchFilter, Filter: L-Pro
2026-09-12T21:14:18.6330|INFO|MeridianFlipTrigger.cs|ShouldTrigger|296|Meridian Flip - (Side of Pier usage is disabled) There is still time remaining. Max remaining time 00:31:02.0914273, next instruction time 600, next instruction Category: Fotocamera, Item: TakeExposure, ExposureTime 600, Gain 15, Offset 132, ImageType LIGHT, Binning 1x1
2026-09-12T21:14:18.6352|INFO|SequenceTrigger.cs|Run|114|Starting Trigger: RestoreGuiding
2026-09-12T21:14:18.6377|INFO|SequenceItem.cs|Run|208|Starting Category: * Set di Istruzioni *, Container: NINA.Sequencer.Container.SequentialContainer, Strategy: SequentialStrategy, Items[CREATED]: 1
2026-09-12T21:14:18.6380|INFO|SequenceItem.cs|Run|208|Starting Category: Guida, Item: StartGuiding
2026-09-12T21:14:18.6652|INFO|PHD2Guider.cs|StartGuidingPrivate|504|Phd2 - App is already guiding. Skipping start guiding
2026-09-12T21:14:18.6653|INFO|SequenceItem.cs|Run|254|Finishing Category: Guida, Item: StartGuiding
2026-09-12T21:14:18.6655|INFO|SequenceItem.cs|Run|254|Finishing Category: * Set di Istruzioni *, Container: NINA.Sequencer.Container.SequentialContainer, Strategy: SequentialStrategy, Items[FINISHED]: 1
2026-09-12T21:14:18.6716|INFO|SequenceItem.cs|Run|208|Starting Category: Fotocamera, Item: TakeExposure, ExposureTime 600, Gain 15, Offset 132, ImageType LIGHT, Binning 1x1
2026-09-12T21:14:18.6792|INFO|CameraVM.cs|Capture|742|Starting Exposure - Exposure Time: 600s; Filter: ; Gain: 15; Offset 132; Binning: 1x1;
2026-09-12T21:24:20.6499|WARNING|DeviceUpdateTimer.cs|Run|115|Dome value update cycle took longer than the device poll interval (Total: 4.65s > 2s; Poll: 00:00:00.0055506; Update: 00:00:04.6461374)
2026-09-12T21:24:24.9527|WARNING|DeviceUpdateTimer.cs|Run|115|Camera value update cycle took longer than the device poll interval (Total: 11.82s > 2s; Poll: 00:00:11.7584489; Update: 00:00:00.0606571)
2026-09-12T21:24:24.9862|INFO|SequenceItem.cs|Run|254|Finishing Category: Fotocamera, Item: TakeExposure, ExposureTime 600, Gain 15, Offset 132, ImageType LIGHT, Binning 1x1
2026-09-12T21:24:24.9873|INFO|MeridianFlipTrigger.cs|ShouldTrigger|296|Meridian Flip - (Side of Pier usage is disabled) There is still time remaining. Max remaining time 00:20:55.5461061, next instruction time 0, next instruction Category: Ruota porta filtri, Item: SwitchFilter, Filter: L-Pro
2026-09-12T21:24:24.9874|INFO|SequenceItem.cs|Run|208|Starting Category: Ruota porta filtri, Item: SwitchFilter, Filter: L-Pro
2026-09-12T21:24:25.1795|INFO|SequenceItem.cs|Run|254|Finishing Category: Ruota porta filtri, Item: SwitchFilter, Filter: L-Pro
2026-09-12T21:24:25.1857|INFO|SequenceTrigger.cs|Run|114|Starting Trigger: DitherAfterExposures, After Exposures: 1
2026-09-12T21:24:25.1873|INFO|SequenceItem.cs|Run|208|Starting Category: * Set di Istruzioni *, Container: NINA.Sequencer.Container.SequentialContainer, Strategy: SequentialStrategy, Items[CREATED]: 1
2026-09-12T21:24:25.1881|INFO|SequenceItem.cs|Run|208|Starting Category: Guida, Item: Dither
2026-09-12T21:24:27.4444|INFO|HocusFocusStarDetection.cs|Detect|413|Average HFR: 7.5993212538620645, HFR MAD: 0.5513459708093711, Detected Stars 57, Region: 0
2026-09-12T21:24:28.4555|INFO|BaseImageData.cs|SaveToDisk|346|Saved image to D:\Images NINA\Target\LIGHT_1x1_600.00s_15_132_M 27_Celestron C8__-9.96C_L-Pro_0253_2026-09-12_21-14-18_FWHM_NaN_Fok_39033.xisf
2026-09-12T21:24:28.4559|INFO|ImageSaveController.cs|DoWork|97|Successfully saved file at D:\Images NINA\Target\LIGHT_1x1_600.00s_15_132_M 27_Celestron C8__-9.96C_L-Pro_0253_2026-09-12_21-14-18_FWHM_NaN_Fok_39033.xisf. Duration Total: 00:00:03.0812991; BeforeSave: 00:00:00.0199360; BeforeFinalizeImageSaved: 00:00:02.5042765; FinalizeSaveTime: 00:00:00.5570855
2026-09-12T21:24:46.5645|INFO|SequenceItem.cs|Run|254|Finishing Category: Guida, Item: Dither
2026-09-12T21:24:46.5647|INFO|SequenceItem.cs|Run|254|Finishing Category: * Set di Istruzioni *, Container: NINA.Sequencer.Container.SequentialContainer, Strategy: SequentialStrategy, Items[FINISHED]: 1
2026-09-12T21:24:46.5649|INFO|MeridianFlipTrigger.cs|ShouldTrigger|296|Meridian Flip - (Side of Pier usage is disabled) There is still time remaining. Max remaining time 00:20:32.3656783, next instruction time 600, next instruction Category: Fotocamera, Item: TakeExposure, ExposureTime 600, Gain 15, Offset 132, ImageType LIGHT, Binning 1x1
2026-09-12T21:24:46.5650|INFO|SequenceTrigger.cs|Run|114|Starting Trigger: RestoreGuiding
2026-09-12T21:24:46.5652|INFO|SequenceItem.cs|Run|208|Starting Category: * Set di Istruzioni *, Container: NINA.Sequencer.Container.SequentialContainer, Strategy: SequentialStrategy, Items[CREATED]: 1
2026-09-12T21:24:46.5653|INFO|SequenceItem.cs|Run|208|Starting Category: Guida, Item: StartGuiding
2026-09-12T21:24:46.6075|INFO|PHD2Guider.cs|StartGuidingPrivate|504|Phd2 - App is already guiding. Skipping start guiding
2026-09-12T21:24:46.6076|INFO|SequenceItem.cs|Run|254|Finishing Category: Guida, Item: StartGuiding
2026-09-12T21:24:46.6079|INFO|SequenceItem.cs|Run|254|Finishing Category: * Set di Istruzioni *, Container: NINA.Sequencer.Container.SequentialContainer, Strategy: SequentialStrategy, Items[FINISHED]: 1
2026-09-12T21:24:46.6354|INFO|SequenceItem.cs|Run|208|Starting Category: Fotocamera, Item: TakeExposure, ExposureTime 600, Gain 15, Offset 132, ImageType LIGHT, Binning 1x1
2026-09-12T21:24:46.6401|INFO|CameraVM.cs|Capture|742|Starting Exposure - Exposure Time: 600s; Filter: ; Gain: 15; Offset 132; Binning: 1x1;
2026-09-12T21:34:47.4018|WARNING|DeviceUpdateTimer.cs|Run|115|Dome value update cycle took longer than the device poll interval (Total: 2.84s > 2s; Poll: 00:00:00.0032643; Update: 00:00:02.8365249)
2026-09-12T21:34:52.8078|WARNING|DeviceUpdateTimer.cs|Run|115|Camera value update cycle took longer than the device poll interval (Total: 11.69s > 2s; Poll: 00:00:11.6853955; Update: 00:00:00.0002064)
2026-09-12T21:34:52.8844|INFO|SequenceItem.cs|Run|254|Finishing Category: Fotocamera, Item: TakeExposure, ExposureTime 600, Gain 15, Offset 132, ImageType LIGHT, Binning 1x1
2026-09-12T21:34:52.8850|INFO|MeridianFlipTrigger.cs|ShouldTrigger|296|Meridian Flip - (Side of Pier usage is disabled) There is still time remaining. Max remaining time 00:10:25.7257022, next instruction time 0, next instruction Category: Ruota porta filtri, Item: SwitchFilter, Filter: L-Pro
2026-09-12T21:34:52.8851|INFO|SequenceItem.cs|Run|208|Starting Category: Ruota porta filtri, Item: SwitchFilter, Filter: L-Pro
2026-09-12T21:34:53.0987|INFO|SequenceItem.cs|Run|254|Finishing Category: Ruota porta filtri, Item: SwitchFilter, Filter: L-Pro
2026-09-12T21:34:53.0992|WARNING|DitherAfterExposures.cs|ShouldTrigger|118|Dither should be triggered, however the meridian flip is too close to be executed
2026-09-12T21:34:53.1406|INFO|MeridianFlipTrigger.cs|ShouldTrigger|290|Meridian Flip - (Side of Pier usage is disabled) No more remaining time available before flip. Max remaining time 00:10:25.7257022, next instruction time 600, next instruction Category: Fotocamera, Item: TakeExposure, ExposureTime 600, Gain 15, Offset 132, ImageType LIGHT, Binning 1x1. Flip should happen now
2026-09-12T21:34:53.1411|INFO|SequenceTrigger.cs|Run|114|Starting Trigger: MeridianFlipTrigger
2026-09-12T21:34:53.1557|INFO|MeridianFlipVM.cs|DoMeridianFlip|160|Meridian Flip - Initializing Meridian Flip. 
Current target coordinates RA: 19:59:36 Dec: 22° 43' 16" Epoch: J2000
Remaining wait time: 00:17:25.7257022
Pause Time Before Meridian: 2
Minutes After Meridian: 5
Max Minutes After Meridian: 6
AutoFocus After Flip: True
Recenter: True
Use SideOfPier: False
Settle Time: 30
2026-09-12T21:34:53.1815|INFO|MeridianFlipVM.cs|StopAutoguider|348|Meridian Flip - Stopping Autoguider
2026-09-12T21:34:53.4083|INFO|MeridianFlipVM.cs|PassMeridian|257|Meridian Flip - Stopping tracking to pass meridian
2026-09-12T21:34:54.1966|INFO|HocusFocusStarDetection.cs|Detect|413|Average HFR: 6.464349257375235, HFR MAD: 0.7870869640891733, Detected Stars 8, Region: 0
2026-09-12T21:34:54.7195|INFO|BaseImageData.cs|SaveToDisk|346|Saved image to D:\Images NINA\Target\LIGHT_1x1_600.00s_15_132_M 27_Celestron C8__-9.96C_L-Pro_0254_2026-09-12_21-24-46_FWHM_NaN_Fok_39033.xisf
2026-09-12T21:34:54.7196|INFO|ImageSaveController.cs|DoWork|97|Successfully saved file at D:\Images NINA\Target\LIGHT_1x1_600.00s_15_132_M 27_Celestron C8__-9.96C_L-Pro_0254_2026-09-12_21-24-46_FWHM_NaN_Fok_39033.xisf. Duration Total: 00:00:01.4396361; BeforeSave: 00:00:00.0001174; BeforeFinalizeImageSaved: 00:00:01.3783894; FinalizeSaveTime: 00:00:00.0611285
2026-09-12T21:42:21.3537|INFO|SafetyMonitorVM.cs|UpdateMonitorValues|95|SafetyMonitorInfo state changed to Unsafe
2026-09-12T21:42:23.8904|INFO|SafetyMonitorCondition.cs|Check|96|SafetyMonitorCondition finished. Status=Unsafe
2026-09-12T21:42:23.8905|INFO|SafetyMonitorCondition.cs|InterruptWhenUnsafe|123|Unsafe conditions detected - Interrupting current Instruction Set
2026-09-12T21:42:23.8951|INFO|MeridianFlipVM.cs|DoMeridianFlip|202|Meridian Flip - Cancelled by user
2026-09-12T21:42:23.8955|INFO|MeridianFlipVM.cs|DoMeridianFlip|221|Meridian Flip - Exiting meridian flip
2026-09-12T21:42:24.0685|INFO|SequenceTrigger.cs|Run|114|Starting Trigger: RestoreGuiding
2026-09-12T21:42:24.0687|INFO|SequenceItem.cs|Run|208|Starting Category: * Set di Istruzioni *, Container: NINA.Sequencer.Container.SequentialContainer, Strategy: SequentialStrategy, Items[CREATED]: 1
2026-09-12T21:42:24.0764|INFO|SequenceItem.cs|Run|208|Starting Category: Fotocamera, Item: TakeExposure, ExposureTime 600, Gain 15, Offset 132, ImageType LIGHT, Binning 1x1
2026-09-12T21:42:24.1318|INFO|SequenceItem.cs|Run|254|Finishing Category: * Set di Istruzioni *, Container: NINA.Sequencer.Container.SequentialContainer, Strategy: SequentialStrategy, Items[FINISHED]: 1, Items[CREATED]: 4, Conditions: Condition: SafetyMonitorCondition, 
2026-09-12T21:42:24.1321|INFO|MeridianFlipTrigger.cs|ShouldTrigger|204|Meridian Flip - Telescope is not tracking. Skip flip evaluation
2026-09-12T21:42:24.1322|INFO|SequenceItem.cs|Run|208|Starting Category: * Set di Istruzioni *, Container: NINA.Sequencer.Container.SequentialContainer, Strategy: SequentialStrategy, Items[CREATED]: 6
2026-09-12T21:42:24.1325|INFO|MeridianFlipTrigger.cs|ShouldTrigger|204|Meridian Flip - Telescope is not tracking. Skip flip evaluation
2026-09-12T21:42:24.1329|INFO|SequenceItem.cs|Run|208|Starting Category: Guida, Item: StopGuiding
2026-09-12T21:42:24.1483|INFO|PHD2Guider.cs|StopGuiding|704|Phd2 - Stop Guiding skipped, as the app is already in state Stopped
2026-09-12T21:42:24.1484|INFO|SequenceItem.cs|Run|254|Finishing Category: Guida, Item: StopGuiding
2026-09-12T21:42:24.1487|INFO|MeridianFlipTrigger.cs|ShouldTrigger|204|Meridian Flip - Telescope is not tracking. Skip flip evaluation
2026-09-12T21:42:24.1488|INFO|SequenceItem.cs|Run|208|Starting Category: Telescopio, Item: SetTracking, TrackingMode: Stopped
2026-09-12T21:42:24.1550|INFO|SequenceItem.cs|Run|254|Finishing Category: Telescopio, Item: SetTracking, TrackingMode: Stopped
2026-09-12T21:42:24.1553|INFO|MeridianFlipTrigger.cs|ShouldTrigger|204|Meridian Flip - Telescope is not tracking. Skip flip evaluation
2026-09-12T21:42:24.1558|INFO|SequenceItem.cs|Run|208|Starting Category: Telescopio, Item: FindHome
2026-09-12T21:42:24.1927|INFO|PHD2Guider.cs|StopGuiding|704|Phd2 - Stop Guiding skipped, as the app is already in state Stopped
2026-09-12T21:42:24.1946|INFO|TelescopeVM.cs|FindHome|292|Mount ordered to locate home position
2026-09-12T21:43:03.3840|INFO|TelescopeVM.cs|FindHome|348|Mount has located its home position
2026-09-12T21:43:03.3842|INFO|SequenceItem.cs|Run|254|Finishing Category: Telescopio, Item: FindHome
2026-09-12T21:43:03.3845|INFO|MeridianFlipTrigger.cs|ShouldTrigger|197|Meridian Flip - Telescope is at home position. Skip flip evaluation
2026-09-12T21:43:03.3849|INFO|SequenceItem.cs|Run|208|Starting Category: Apparato per i Flat, Item: CloseCover
2026-09-12T21:43:03.3922|INFO|FlatDeviceVM.cs|CloseCover|341|Closing Flat Device Cover
2026-09-12T21:43:28.5701|INFO|SequenceItem.cs|Run|254|Finishing Category: Apparato per i Flat, Item: CloseCover
2026-09-12T21:43:28.5704|INFO|MeridianFlipTrigger.cs|ShouldTrigger|197|Meridian Flip - Telescope is at home position. Skip flip evaluation
2026-09-12T21:43:28.5709|INFO|SequenceItem.cs|Run|208|Starting Category: Osservatorio, Item: CloseDomeShutter
2026-09-12T21:43:28.5769|INFO|DomeVM.cs|CloseShutter|544|Closing dome shutter. Shutter state before closing ShutterOpen
2026-09-12T21:43:28.5984|INFO|AscomDome.cs|CloseShutter|245|Sending a CloseShutter request, since it is currently ShutterOpen
2026-09-12T21:44:16.7336|INFO|DomeVM.cs|CloseShutter|550|Closed dome shutter. Shutter state after closing ShutterClosed
2026-09-12T21:44:16.7340|INFO|SequenceItem.cs|Run|254|Finishing Category: Osservatorio, Item: CloseDomeShutter
2026-09-12T21:44:16.7343|INFO|MeridianFlipTrigger.cs|ShouldTrigger|197|Meridian Flip - Telescope is at home position. Skip flip evaluation
2026-09-12T21:44:16.7344|INFO|SequenceItem.cs|Run|208|Starting Category: Monitor Di Sicurezza, Item: WaitUntilSafe
2026-09-12T21:46:01.6932|WARNING|DeviceUpdateTimer.cs|Run|115|Dome value update cycle took longer than the device poll interval (Total: 3.13s > 2s; Poll: 00:00:00.0026847; Update: 00:00:03.1296683)
2026-09-12T21:48:21.4004|INFO|SafetyMonitorVM.cs|UpdateMonitorValues|95|SafetyMonitorInfo state changed to Safe
2026-09-12T21:48:23.9810|INFO|SequenceItem.cs|Run|254|Finishing Category: Monitor Di Sicurezza, Item: WaitUntilSafe
2026-09-12T21:48:23.9814|INFO|SequenceItem.cs|Run|254|Finishing Category: * Set di Istruzioni *, Container: NINA.Sequencer.Container.SequentialContainer, Strategy: SequentialStrategy, Items[FINISHED]: 6
2026-09-12T21:48:23.9845|INFO|MeridianFlipTrigger.cs|ShouldTrigger|197|Meridian Flip - Telescope is at home position. Skip flip evaluation
2026-09-12T21:48:23.9846|INFO|SequenceItem.cs|Run|208|Starting Category: * Set di Istruzioni *, Container: NINA.Sequencer.Container.SequentialContainer, Strategy: SequentialStrategy, Items[CREATED]: 5, Conditions: Condition: SafetyMonitorCondition, 
2026-09-12T21:48:23.9848|INFO|MeridianFlipTrigger.cs|ShouldTrigger|197|Meridian Flip - Telescope is at home position. Skip flip evaluation
2026-09-12T21:48:23.9849|INFO|SequenceItem.cs|Run|208|Starting Category: * Set di Istruzioni *, Container: NINA.Sequencer.Container.SequentialContainer, Strategy: SequentialStrategy, Items[CREATED]: 7
2026-09-12T21:48:23.9850|INFO|MeridianFlipTrigger.cs|ShouldTrigger|197|Meridian Flip - Telescope is at home position. Skip flip evaluation
2026-09-12T21:48:23.9850|INFO|SequenceItem.cs|Run|208|Starting Category: Utilità, Item: Annotation, Text: This brief sequence of instructions is required after returning to a Safe condifition from an Unsafe one. It will not negatively affect anything on its initial execution.
2026-09-12T21:48:23.9851|INFO|SequenceItem.cs|Run|254|Finishing Category: Utilità, Item: Annotation, Text: This brief sequence of instructions is required after returning to a Safe condifition from an Unsafe one. It will not negatively affect anything on its initial execution.
2026-09-12T21:48:23.9852|INFO|MeridianFlipTrigger.cs|ShouldTrigger|197|Meridian Flip - Telescope is at home position. Skip flip evaluation
2026-09-12T21:48:23.9852|INFO|SequenceItem.cs|Run|208|Starting Category: Utilità, Item: Annotation, Text: The 5 minute wait here can be adjusted as desired. It is here to show 5 minutes of Safety prior to resetting the equipment.
2026-09-12T21:48:23.9853|INFO|SequenceItem.cs|Run|254|Finishing Category: Utilità, Item: Annotation, Text: The 5 minute wait here can be adjusted as desired. It is here to show 5 minutes of Safety prior to resetting the equipment.
2026-09-12T21:48:23.9853|INFO|MeridianFlipTrigger.cs|ShouldTrigger|197|Meridian Flip - Telescope is at home position. Skip flip evaluation
2026-09-12T21:48:23.9854|INFO|SequenceItem.cs|Run|208|Starting Category: Utilità, Item: WaitForTimeSpan, Time: 300s
2026-09-12T21:53:24.9706|INFO|SequenceItem.cs|Run|254|Finishing Category: Utilità, Item: WaitForTimeSpan, Time: 300s
2026-09-12T21:53:24.9709|INFO|MeridianFlipTrigger.cs|ShouldTrigger|197|Meridian Flip - Telescope is at home position. Skip flip evaluation
2026-09-12T21:53:24.9710|INFO|SequenceItem.cs|Run|208|Starting Category: Osservatorio, Item: OpenDomeShutter
2026-09-12T21:53:24.9711|INFO|DomeVM.cs|OpenShutter|448|Opening dome shutter. Shutter state before opening ShutterClosed
2026-09-12T21:53:24.9721|INFO|AscomDome.cs|OpenShutter|206|Sending an OpenShutter request, since it is currently ShutterClosed
2026-09-12T21:54:10.7547|INFO|DomeVM.cs|OpenShutter|454|Opened dome shutter. Shutter state after opening ShutterOpen
2026-09-12T21:54:10.7550|INFO|SequenceItem.cs|Run|254|Finishing Category: Osservatorio, Item: OpenDomeShutter
2026-09-12T21:54:10.7552|INFO|MeridianFlipTrigger.cs|ShouldTrigger|197|Meridian Flip - Telescope is at home position. Skip flip evaluation
2026-09-12T21:54:10.7553|INFO|SequenceItem.cs|Run|208|Starting Category: Telescopio, Item: UnparkScope
2026-09-12T21:54:10.7553|INFO|TelescopeVM.cs|UnparkTelescope|232|Mount ordered to unpark
2026-09-12T21:54:10.7599|INFO|TelescopeVM.cs|UnparkTelescope|277|Mount is already unparked
2026-09-12T21:54:10.7600|INFO|TelescopeVM.cs|UnparkTelescope|282|Mount has unparked
2026-09-12T21:54:10.7600|INFO|SequenceItem.cs|Run|254|Finishing Category: Telescopio, Item: UnparkScope
2026-09-12T21:54:10.7603|INFO|MeridianFlipTrigger.cs|ShouldTrigger|197|Meridian Flip - Telescope is at home position. Skip flip evaluation
2026-09-12T21:54:10.7603|INFO|SequenceItem.cs|Run|208|Starting Category: Apparato per i Flat, Item: OpenCover
2026-09-12T21:54:10.7675|INFO|FlatDeviceVM.cs|OpenCover|312|Opening Flat Device Cover
2026-09-12T21:54:14.6154|WARNING|DeviceUpdateTimer.cs|Run|115|Dome value update cycle took longer than the device poll interval (Total: 2.06s > 2s; Poll: 00:00:00.0028897; Update: 00:00:02.0523048)
2026-09-12T21:54:36.5983|INFO|SequenceItem.cs|Run|254|Finishing Category: Apparato per i Flat, Item: OpenCover
2026-09-12T21:54:36.5987|INFO|MeridianFlipTrigger.cs|ShouldTrigger|197|Meridian Flip - Telescope is at home position. Skip flip evaluation
2026-09-12T21:54:36.5988|INFO|SequenceItem.cs|Run|208|Starting Category: Telescopio, Item: SetTracking, TrackingMode: Sidereal
2026-09-12T21:54:36.6789|INFO|SequenceItem.cs|Run|254|Finishing Category: Telescopio, Item: SetTracking, TrackingMode: Sidereal
2026-09-12T21:54:36.6792|INFO|SequenceItem.cs|Run|254|Finishing Category: * Set di Istruzioni *, Container: NINA.Sequencer.Container.SequentialContainer, Strategy: SequentialStrategy, Items[FINISHED]: 7
2026-09-12T21:54:36.6794|INFO|MeridianFlipTrigger.cs|ShouldTrigger|197|Meridian Flip - Telescope is at home position. Skip flip evaluation
2026-09-12T21:54:36.6795|INFO|SequenceItem.cs|Run|208|Starting Category: * Set di Istruzioni *, Container: NINA.Sequencer.Container.SequentialContainer, Strategy: SequentialStrategy, Items[CREATED]: 2
2026-09-12T21:54:36.6796|INFO|MeridianFlipTrigger.cs|ShouldTrigger|197|Meridian Flip - Telescope is at home position. Skip flip evaluation
2026-09-12T21:54:36.6796|INFO|SequenceItem.cs|Run|208|Starting Category: Utilità, Item: Annotation, Text: BE SURE TO MATCH EACH TARGET CONTAINER LOOP CONDITION TO THE NESTED TARGET SEQUENCE LOOP CONDITION
2026-09-12T21:54:36.6797|INFO|SequenceItem.cs|Run|254|Finishing Category: Utilità, Item: Annotation, Text: BE SURE TO MATCH EACH TARGET CONTAINER LOOP CONDITION TO THE NESTED TARGET SEQUENCE LOOP CONDITION
2026-09-12T21:54:36.6797|INFO|MeridianFlipTrigger.cs|ShouldTrigger|197|Meridian Flip - Telescope is at home position. Skip flip evaluation
2026-09-12T21:54:36.6798|INFO|SequenceItem.cs|Run|208|Starting Category: * Set di Istruzioni *, Container: NINA.Sequencer.Container.SequentialContainer, Strategy: SequentialStrategy, Items[CREATED]: 3, Conditions: Condition: TimeCondition, Time: 2:40:25h, 
2026-09-12T21:54:36.6800|INFO|MeridianFlipTrigger.cs|ShouldTrigger|197|Meridian Flip - Telescope is at home position. Skip flip evaluation
2026-09-12T21:54:36.6800|INFO|SequenceItem.cs|Run|208|Starting Category: Utilità, Item: Annotation, Text: PLACE YOUR ...FIRST... TARGET SEQUENCE OF THE NIGHT ...BELOW... THIS LINE
2026-09-12T21:54:36.6800|INFO|SequenceItem.cs|Run|254|Finishing Category: Utilità, Item: Annotation, Text: PLACE YOUR ...FIRST... TARGET SEQUENCE OF THE NIGHT ...BELOW... THIS LINE
2026-09-12T21:54:36.6801|INFO|MeridianFlipTrigger.cs|ShouldTrigger|197|Meridian Flip - Telescope is at home position. Skip flip evaluation
2026-09-12T21:54:36.6802|INFO|SequenceItem.cs|Run|208|Starting Category: Utilità, Item: Annotation, Text: PLACE YOUR ...FIRST... TARGET SEQUENCE OF THE NIGHT ...ABOVE... THIS LINE
2026-09-12T21:54:36.6802|INFO|SequenceItem.cs|Run|254|Finishing Category: Utilità, Item: Annotation, Text: PLACE YOUR ...FIRST... TARGET SEQUENCE OF THE NIGHT ...ABOVE... THIS LINE
2026-09-12T21:54:36.6803|INFO|MeridianFlipTrigger.cs|ShouldTrigger|197|Meridian Flip - Telescope is at home position. Skip flip evaluation
2026-09-12T21:54:36.6804|INFO|SequenceItem.cs|Run|208|Starting Category: * Set di Istruzioni *, Container: NINA.Sequencer.Container.DeepSkyObjectContainer, Strategy: SequentialStrategy, Items[CREATED]: 4, Triggers: Trigger: CenterAfterDriftTrigger, DistanceArcMinutes: 3, Target: M 27 RA: 19:59:36; Dec: 22° 43' 16"; Epoch: J2000 0
2026-09-12T21:54:36.6807|INFO|MeridianFlipTrigger.cs|ShouldTrigger|197|Meridian Flip - Telescope is at home position. Skip flip evaluation
2026-09-12T21:54:36.6808|INFO|SequenceItem.cs|Run|208|Starting Category: Telescopio, Item: Center, Coordinates RA: 19:59:36; Dec: 22° 43' 16"; Epoch: J2000
2026-09-12T21:54:37.0327|INFO|PHD2Guider.cs|StopGuiding|704|Phd2 - Stop Guiding skipped, as the app is already in state Stopped
2026-09-12T21:54:37.0520|INFO|TelescopeVM.cs|SlewAsyncInternal|910|Slewing from RA: 00:54:20; Dec: 88° 40' 45"; Epoch: JNOW to RA: 20:00:47; Dec: 22° 47' 52"; Epoch: JNOW - Alt: 70° 15' 25"; Az: 185° 04' 36"
2026-09-12T21:55:21.5244|INFO|CameraVM.cs|Capture|742|Starting Exposure - Exposure Time: 15s; Filter: L-Pro; Gain: 15; Offset 132; Binning: 1x1;
2026-09-12T21:55:40.7058|WARNING|DeviceUpdateTimer.cs|Run|115|Camera value update cycle took longer than the device poll interval (Total: 2.62s > 2s; Poll: 00:00:02.6247176; Update: 00:00:00.0002067)
2026-09-12T21:55:41.9553|INFO|ImageSolver.cs|Solve|41|Platesolving with parameters: FocalLength: 1260 PixelSize: 4.54 SearchRadius: 30 BlindFailoverEnabled: True Regions: 5000 DownSampleFactor: 2 MaxObjects: 500 Reference Coordinates RA: 19:59:36 Dec: 22° 43' 16" Epoch: J2000
2026-09-12T21:55:42.3091|INFO|BaseImageData.cs|SaveToDisk|346|Saved image to C:\Users\PrimaLuceLab\AppData\Local\NINA\PlateSolver\parb4hvk.ph0.fits
2026-09-12T21:55:43.5579|INFO|ImageSolver.cs|Solve|54|Platesolve successful: Coordinates: RA: 19:59:38; Dec: 22° 22' 39"; Epoch: J2000 - Position Angle: 73.1922835042759
2026-09-12T21:55:43.5720|INFO|CenteringSolver.cs|Center|99|Centering Solver - Scope Position: RA: 20:00:48; Dec: 22° 48' 46"; Epoch: JNOW; Offset: RA: 00:00:00; Dec: 00° 00' 00"; Distance: 00° 00' 00"; Bearing: 00° 00' 00"; Centering Coordinates: RA: 20:00:47; Dec: 22° 47' 52"; Epoch: JNOW; Solved: RA: 20:00:49; Dec: 22° 27' 14"; Epoch: JNOW; Separation RA: -00:00:02; Dec: 00° 20' 38"; Distance: 00° 20' 38"; Bearing: -178° 45' 32"; Threshold: 1
2026-09-12T21:55:43.7004|INFO|TelescopeVM.cs|Sync|777|Syncing scope from RA: 20:00:48; Dec: 22° 48' 46"; Epoch: JNOW to RA: 20:00:49; Dec: 22° 27' 14"; Epoch: JNOW
2026-09-12T21:55:48.7259|INFO|CenteringSolver.cs|Center|132|Slewing to target after sync. Current Position: RA: 20:00:49; Dec: 22° 28' 02"; Epoch: JNOW; Target coordinates: RA: 20:00:47; Dec: 22° 47' 52"; Epoch: JNOW; Offset RA: 00:00:00; Dec: 00° 00' 00"; Distance: 00° 00' 00"; Bearing: 00° 00' 00"
2026-09-12T21:55:48.8243|INFO|TelescopeVM.cs|SlewAsyncInternal|910|Slewing from RA: 20:00:49; Dec: 22° 28' 02"; Epoch: JNOW to RA: 20:00:47; Dec: 22° 47' 52"; Epoch: JNOW - Alt: 70° 14' 09"; Az: 185° 53' 29"
2026-09-12T21:56:03.1414|INFO|CameraVM.cs|Capture|742|Starting Exposure - Exposure Time: 15s; Filter: L-Pro; Gain: 15; Offset 132; Binning: 1x1;
2026-09-12T21:56:23.4561|INFO|ImageSolver.cs|Solve|41|Platesolving with parameters: FocalLength: 1260 PixelSize: 4.54 SearchRadius: 30 BlindFailoverEnabled: True Regions: 5000 DownSampleFactor: 2 MaxObjects: 500 Reference Coordinates RA: 19:59:36 Dec: 22° 43' 16" Epoch: J2000
2026-09-12T21:56:23.7415|INFO|BaseImageData.cs|SaveToDisk|346|Saved image to C:\Users\PrimaLuceLab\AppData\Local\NINA\PlateSolver\kgtfbstm.xhc.fits
2026-09-12T21:56:24.8403|INFO|ImageSolver.cs|Solve|54|Platesolve successful: Coordinates: RA: 19:59:37; Dec: 22° 43' 49"; Epoch: J2000 - Position Angle: 73.21079367613356
2026-09-12T21:56:24.8430|INFO|CenteringSolver.cs|Center|99|Centering Solver - Scope Position: RA: 20:00:47; Dec: 22° 48' 46"; Epoch: JNOW; Offset: RA: 00:00:00; Dec: 00° 00' 00"; Distance: 00° 00' 00"; Bearing: 00° 00' 00"; Centering Coordinates: RA: 20:00:47; Dec: 22° 47' 52"; Epoch: JNOW; Solved: RA: 20:00:47; Dec: 22° 48' 24"; Epoch: JNOW; Separation RA: -00:00:01; Dec: -00° 00' 32"; Distance: 00° 00' 34"; Bearing: -15° 59' 01"; Threshold: 1
2026-09-12T21:56:24.8431|INFO|CenteringSolver.cs|Center|165|Restoring filter to L-Pro after centering
2026-09-12T21:56:24.9865|INFO|SequenceItem.cs|Run|254|Finishing Category: Telescopio, Item: Center, Coordinates RA: 19:59:36; Dec: 22° 43' 16"; Epoch: J2000
2026-09-12T21:56:25.0654|INFO|MeridianFlipTrigger.cs|ShouldTrigger|211|Meridian Flip - Flip for the current target already happened at 09/12/2026 21:34:53. Skip flip evaluation
2026-09-12T21:56:25.0656|INFO|SequenceItem.cs|Run|208|Starting Category: Guida, Item: StartGuiding
2026-09-12T21:56:25.1362|INFO|PHD2Guider.cs|TryStartGuideCommand|641|Phd2 - Requesting to start guiding. Recalibrate: False
2026-09-12T21:56:48.7855|INFO|SequenceItem.cs|Run|254|Finishing Category: Guida, Item: StartGuiding
2026-09-12T21:56:48.7863|INFO|MeridianFlipTrigger.cs|ShouldTrigger|211|Meridian Flip - Flip for the current target already happened at 09/12/2026 21:34:53. Skip flip evaluation
2026-09-12T21:56:48.7864|INFO|SequenceItem.cs|Run|208|Starting Category: Utilità, Item: WaitForTimeSpan, Time: 300s
2026-09-12T21:59:49.4173|WARNING|DeviceUpdateTimer.cs|Run|115|Dome value update cycle took longer than the device poll interval (Total: 2.85s > 2s; Poll: 00:00:00.0265822; Update: 00:00:02.8240218)
2026-09-12T21:59:50.4146|WARNING|DeviceUpdateTimer.cs|Run|115|Mount value update cycle took longer than the device poll interval (Total: 2.88s > 2s; Poll: 00:00:02.8839244; Update: 00:00:00.0001074)
2026-09-12T22:00:15.9452|WARNING|DeviceUpdateTimer.cs|Run|115|FlatDevice value update cycle took longer than the device poll interval (Total: 4.35s > 2s; Poll: 00:00:04.3513403; Update: 00:00:00.0000735)
2026-09-12T22:01:49.0638|INFO|Thumbnail.cs|LoadOriginalImage|40|Reloading image from D:\Images NINA\Target\LIGHT_1x1_600.00s_15_132_M 27_Celestron C8__-9.96C_L-Pro_0254_2026-09-12_21-24-46_FWHM_NaN_Fok_39033.xisf
2026-09-12T22:01:54.0307|INFO|SequenceItem.cs|Run|254|Finishing Category: Utilità, Item: WaitForTimeSpan, Time: 300s
2026-09-12T22:01:54.0318|INFO|MeridianFlipTrigger.cs|ShouldTrigger|211|Meridian Flip - Flip for the current target already happened at 09/12/2026 21:34:53. Skip flip evaluation
2026-09-12T22:01:54.0320|INFO|SequenceItem.cs|Run|208|Starting Category: Fotocamera, Container: NINA.Sequencer.SequenceItem.Imaging.SmartExposure, Strategy: SequentialStrategy, Items[CREATED]: 2, Conditions: Condition: LoopCondition, Iterations: 0/40, , Triggers: Trigger: DitherAfterExposures, After Exposures: 1
2026-09-12T22:01:54.0325|INFO|MeridianFlipTrigger.cs|ShouldTrigger|211|Meridian Flip - Flip for the current target already happened at 09/12/2026 21:34:53. Skip flip evaluation
2026-09-12T22:01:54.0328|INFO|SequenceItem.cs|Run|208|Starting Category: Ruota porta filtri, Item: SwitchFilter, Filter: L-Pro
2026-09-12T22:01:54.1481|INFO|SequenceItem.cs|Run|254|Finishing Category: Ruota porta filtri, Item: SwitchFilter, Filter: L-Pro
2026-09-12T22:01:54.1486|INFO|SequenceTrigger.cs|Run|114|Starting Trigger: DitherAfterExposures, After Exposures: 1
2026-09-12T22:01:54.1487|INFO|SequenceItem.cs|Run|208|Starting Category: * Set di Istruzioni *, Container: NINA.Sequencer.Container.SequentialContainer, Strategy: SequentialStrategy, Items[CREATED]: 1
2026-09-12T22:01:54.1487|INFO|SequenceItem.cs|Run|208|Starting Category: Guida, Item: Dither
2026-09-12T22:02:27.0518|INFO|SequenceItem.cs|Run|254|Finishing Category: Guida, Item: Dither
2026-09-12T22:02:27.0521|INFO|SequenceItem.cs|Run|254|Finishing Category: * Set di Istruzioni *, Container: NINA.Sequencer.Container.SequentialContainer, Strategy: SequentialStrategy, Items[FINISHED]: 1
2026-09-12T22:02:27.0543|INFO|MeridianFlipTrigger.cs|ShouldTrigger|211|Meridian Flip - Flip for the current target already happened at 09/12/2026 21:34:53. Skip flip evaluation
2026-09-12T22:02:27.0544|INFO|SequenceTrigger.cs|Run|114|Starting Trigger: RestoreGuiding
2026-09-12T22:02:27.0545|INFO|SequenceItem.cs|Run|208|Starting Category: * Set di Istruzioni *, Container: NINA.Sequencer.Container.SequentialContainer, Strategy: SequentialStrategy, Items[CREATED]: 1
2026-09-12T22:02:27.0545|INFO|SequenceItem.cs|Run|208|Starting Category: Guida, Item: StartGuiding
2026-09-12T22:02:27.0951|INFO|PHD2Guider.cs|StartGuidingPrivate|504|Phd2 - App is already guiding. Skipping start guiding
2026-09-12T22:02:27.1012|INFO|SequenceItem.cs|Run|254|Finishing Category: Guida, Item: StartGuiding
2026-09-12T22:02:27.1022|INFO|SequenceItem.cs|Run|254|Finishing Category: * Set di Istruzioni *, Container: NINA.Sequencer.Container.SequentialContainer, Strategy: SequentialStrategy, Items[FINISHED]: 1
2026-09-12T22:02:27.1025|INFO|SequenceItem.cs|Run|208|Starting Category: Fotocamera, Item: TakeExposure, ExposureTime 600, Gain 15, Offset 132, ImageType LIGHT, Binning 1x1
2026-09-12T22:02:27.1030|INFO|CameraVM.cs|Capture|742|Starting Exposure - Exposure Time: 600s; Filter: ; Gain: 15; Offset 132; Binning: 1x1;
2026-09-12T22:12:33.3296|WARNING|DeviceUpdateTimer.cs|Run|115|Camera value update cycle took longer than the device poll interval (Total: 9.85s > 2s; Poll: 00:00:09.8308057; Update: 00:00:00.0154762)
2026-09-12T22:12:33.3454|INFO|SequenceItem.cs|Run|254|Finishing Category: Fotocamera, Item: TakeExposure, ExposureTime 600, Gain 15, Offset 132, ImageType LIGHT, Binning 1x1
2026-09-12T22:12:33.3463|INFO|MeridianFlipTrigger.cs|ShouldTrigger|211|Meridian Flip - Flip for the current target already happened at 09/12/2026 21:34:53. Skip flip evaluation
2026-09-12T22:12:33.3463|INFO|SequenceItem.cs|Run|208|Starting Category: Ruota porta filtri, Item: SwitchFilter, Filter: L-Pro
2026-09-12T22:12:33.6101|INFO|SequenceItem.cs|Run|254|Finishing Category: Ruota porta filtri, Item: SwitchFilter, Filter: L-Pro
2026-09-12T22:12:33.6105|INFO|SequenceTrigger.cs|Run|114|Starting Trigger: DitherAfterExposures, After Exposures: 1
2026-09-12T22:12:33.6107|INFO|SequenceItem.cs|Run|208|Starting Category: * Set di Istruzioni *, Container: NINA.Sequencer.Container.SequentialContainer, Strategy: SequentialStrategy, Items[CREATED]: 1
2026-09-12T22:12:33.6108|INFO|SequenceItem.cs|Run|208|Starting Category: Guida, Item: Dither
2026-09-12T22:12:35.2100|INFO|HocusFocusStarDetection.cs|Detect|413|Average HFR: 5.79610819893037, HFR MAD: 0.6016089965793556, Detected Stars 21, Region: 0
2026-09-12T22:12:35.7303|INFO|BaseImageData.cs|SaveToDisk|346|Saved image to D:\Images NINA\Target\LIGHT_1x1_600.00s_15_132_M 27_Celestron C8__-9.96C_L-Pro_0255_2026-09-12_22-02-27_FWHM_NaN_Fok_39033.xisf
2026-09-12T22:12:35.7304|INFO|ImageSaveController.cs|DoWork|97|Successfully saved file at D:\Images NINA\Target\LIGHT_1x1_600.00s_15_132_M 27_Celestron C8__-9.96C_L-Pro_0255_2026-09-12_22-02-27_FWHM_NaN_Fok_39033.xisf. Duration Total: 00:00:01.9121205; BeforeSave: 00:00:00.0000817; BeforeFinalizeImageSaved: 00:00:01.8868833; FinalizeSaveTime: 00:00:00.0251550
2026-09-12T22:12:46.6565|INFO|SequenceItem.cs|Run|254|Finishing Category: Guida, Item: Dither
2026-09-12T22:12:46.6567|INFO|SequenceItem.cs|Run|254|Finishing Category: * Set di Istruzioni *, Container: NINA.Sequencer.Container.SequentialContainer, Strategy: SequentialStrategy, Items[FINISHED]: 1
2026-09-12T22:12:46.6572|INFO|MeridianFlipTrigger.cs|ShouldTrigger|211|Meridian Flip - Flip for the current target already happened at 09/12/2026 21:34:53. Skip flip evaluation
2026-09-12T22:12:46.6587|INFO|SequenceTrigger.cs|Run|114|Starting Trigger: RestoreGuiding
2026-09-12T22:12:46.6588|INFO|SequenceItem.cs|Run|208|Starting Category: * Set di Istruzioni *, Container: NINA.Sequencer.Container.SequentialContainer, Strategy: SequentialStrategy, Items[CREATED]: 1
2026-09-12T22:12:46.6589|INFO|SequenceItem.cs|Run|208|Starting Category: Guida, Item: StartGuiding
2026-09-12T22:12:46.7072|INFO|PHD2Guider.cs|StartGuidingPrivate|504|Phd2 - App is already guiding. Skipping start guiding
2026-09-12T22:12:46.7103|INFO|SequenceItem.cs|Run|254|Finishing Category: Guida, Item: StartGuiding
2026-09-12T22:12:46.7108|INFO|SequenceItem.cs|Run|254|Finishing Category: * Set di Istruzioni *, Container: NINA.Sequencer.Container.SequentialContainer, Strategy: SequentialStrategy, Items[FINISHED]: 1
2026-09-12T22:12:46.7163|INFO|SequenceItem.cs|Run|208|Starting Category: Fotocamera, Item: TakeExposure, ExposureTime 600, Gain 15, Offset 132, ImageType LIGHT, Binning 1x1
2026-09-12T22:12:46.7250|INFO|CameraVM.cs|Capture|742|Starting Exposure - Exposure Time: 600s; Filter: ; Gain: 15; Offset 132; Binning: 1x1;
2026-09-12T22:22:46.9019|WARNING|DeviceUpdateTimer.cs|Run|115|Dome value update cycle took longer than the device poll interval (Total: 2.14s > 2s; Poll: 00:00:00.0041886; Update: 00:00:02.1335138)
2026-09-12T22:22:52.9252|WARNING|DeviceUpdateTimer.cs|Run|115|Camera value update cycle took longer than the device poll interval (Total: 11.80s > 2s; Poll: 00:00:11.8019200; Update: 00:00:00.0001635)
2026-09-12T22:22:52.9265|INFO|SequenceItem.cs|Run|254|Finishing Category: Fotocamera, Item: TakeExposure, ExposureTime 600, Gain 15, Offset 132, ImageType LIGHT, Binning 1x1
2026-09-12T22:22:52.9276|INFO|MeridianFlipTrigger.cs|ShouldTrigger|211|Meridian Flip - Flip for the current target already happened at 09/12/2026 21:34:53. Skip flip evaluation
2026-09-12T22:22:52.9280|INFO|SequenceItem.cs|Run|208|Starting Category: Ruota porta filtri, Item: SwitchFilter, Filter: L-Pro
2026-09-12T22:22:53.0783|INFO|SequenceItem.cs|Run|254|Finishing Category: Ruota porta filtri, Item: SwitchFilter, Filter: L-Pro
2026-09-12T22:22:53.0786|INFO|SequenceTrigger.cs|Run|114|Starting Trigger: DitherAfterExposures, After Exposures: 1
2026-09-12T22:22:53.0787|INFO|SequenceItem.cs|Run|208|Starting Category: * Set di Istruzioni *, Container: NINA.Sequencer.Container.SequentialContainer, Strategy: SequentialStrategy, Items[CREATED]: 1
2026-09-12T22:22:53.0788|INFO|SequenceItem.cs|Run|208|Starting Category: Guida, Item: Dither
2026-09-12T22:22:54.6337|INFO|HocusFocusStarDetection.cs|Detect|413|Average HFR: 5.678103575740513, HFR MAD: 0.7488119806658506, Detected Stars 15, Region: 0
2026-09-12T22:22:55.1024|INFO|BaseImageData.cs|SaveToDisk|346|Saved image to D:\Images NINA\Target\LIGHT_1x1_600.00s_15_132_M 27_Celestron C8__-9.96C_L-Pro_0256_2026-09-12_22-12-46_FWHM_NaN_Fok_39033.xisf
2026-09-12T22:22:55.1026|INFO|ImageSaveController.cs|DoWork|97|Successfully saved file at D:\Images NINA\Target\LIGHT_1x1_600.00s_15_132_M 27_Celestron C8__-9.96C_L-Pro_0256_2026-09-12_22-12-46_FWHM_NaN_Fok_39033.xisf. Duration Total: 00:00:01.8304268; BeforeSave: 00:00:00.0000845; BeforeFinalizeImageSaved: 00:00:01.7904642; FinalizeSaveTime: 00:00:00.0398777
2026-09-12T22:23:28.4149|INFO|SequenceItem.cs|Run|254|Finishing Category: Guida, Item: Dither
2026-09-12T22:23:28.4151|INFO|SequenceItem.cs|Run|254|Finishing Category: * Set di Istruzioni *, Container: NINA.Sequencer.Container.SequentialContainer, Strategy: SequentialStrategy, Items[FINISHED]: 1
2026-09-12T22:23:28.4182|INFO|MeridianFlipTrigger.cs|ShouldTrigger|211|Meridian Flip - Flip for the current target already happened at 09/12/2026 21:34:53. Skip flip evaluation
2026-09-12T22:23:28.4183|INFO|SequenceTrigger.cs|Run|114|Starting Trigger: RestoreGuiding
2026-09-12T22:23:28.4184|INFO|SequenceItem.cs|Run|208|Starting Category: * Set di Istruzioni *, Container: NINA.Sequencer.Container.SequentialContainer, Strategy: SequentialStrategy, Items[CREATED]: 1
2026-09-12T22:23:28.4185|INFO|SequenceItem.cs|Run|208|Starting Category: Guida, Item: StartGuiding
2026-09-12T22:23:28.4587|INFO|PHD2Guider.cs|StartGuidingPrivate|504|Phd2 - App is already guiding. Skipping start guiding
2026-09-12T22:23:28.4649|INFO|SequenceItem.cs|Run|254|Finishing Category: Guida, Item: StartGuiding
2026-09-12T22:23:28.4650|INFO|SequenceItem.cs|Run|254|Finishing Category: * Set di Istruzioni *, Container: NINA.Sequencer.Container.SequentialContainer, Strategy: SequentialStrategy, Items[FINISHED]: 1
2026-09-12T22:23:28.4654|INFO|SequenceItem.cs|Run|208|Starting Category: Fotocamera, Item: TakeExposure, ExposureTime 600, Gain 15, Offset 132, ImageType LIGHT, Binning 1x1
2026-09-12T22:23:28.4716|INFO|CameraVM.cs|Capture|742|Starting Exposure - Exposure Time: 600s; Filter: ; Gain: 15; Offset 132; Binning: 1x1;
2026-09-12T22:33:34.6816|WARNING|DeviceUpdateTimer.cs|Run|115|Camera value update cycle took longer than the device poll interval (Total: 11.55s > 2s; Poll: 00:00:11.5524482; Update: 00:00:00.0002614)
2026-09-12T22:33:34.7116|INFO|SequenceItem.cs|Run|254|Finishing Category: Fotocamera, Item: TakeExposure, ExposureTime 600, Gain 15, Offset 132, ImageType LIGHT, Binning 1x1
2026-09-12T22:33:34.7122|INFO|MeridianFlipTrigger.cs|ShouldTrigger|211|Meridian Flip - Flip for the current target already happened at 09/12/2026 21:34:53. Skip flip evaluation
2026-09-12T22:33:34.7123|INFO|SequenceItem.cs|Run|208|Starting Category: Ruota porta filtri, Item: SwitchFilter, Filter: L-Pro
2026-09-12T22:33:34.8792|INFO|SequenceItem.cs|Run|254|Finishing Category: Ruota porta filtri, Item: SwitchFilter, Filter: L-Pro
2026-09-12T22:33:34.8795|INFO|SequenceTrigger.cs|Run|114|Starting Trigger: DitherAfterExposures, After Exposures: 1
2026-09-12T22:33:34.8796|INFO|SequenceItem.cs|Run|208|Starting Category: * Set di Istruzioni *, Container: NINA.Sequencer.Container.SequentialContainer, Strategy: SequentialStrategy, Items[CREATED]: 1
2026-09-12T22:33:34.8796|INFO|SequenceItem.cs|Run|208|Starting Category: Guida, Item: Dither
2026-09-12T22:33:36.9502|INFO|HocusFocusStarDetection.cs|Detect|413|Average HFR: 5.653887929731019, HFR MAD: 0.6487849384761137, Detected Stars 31, Region: 0
2026-09-12T22:33:37.2322|INFO|BaseImageData.cs|SaveToDisk|346|Saved image to D:\Images NINA\Target\LIGHT_1x1_600.00s_15_132_M 27_Celestron C8__-9.96C_L-Pro_0257_2026-09-12_22-23-28_FWHM_NaN_Fok_39033.xisf
2026-09-12T22:33:37.2323|INFO|ImageSaveController.cs|DoWork|97|Successfully saved file at D:\Images NINA\Target\LIGHT_1x1_600.00s_15_132_M 27_Celestron C8__-9.96C_L-Pro_0257_2026-09-12_22-23-28_FWHM_NaN_Fok_39033.xisf. Duration Total: 00:00:02.1533205; BeforeSave: 00:00:00.0001675; BeforeFinalizeImageSaved: 00:00:02.1185973; FinalizeSaveTime: 00:00:00.0345554
2026-09-12T22:33:56.3579|INFO|SequenceItem.cs|Run|254|Finishing Category: Guida, Item: Dither
2026-09-12T22:33:56.3582|INFO|SequenceItem.cs|Run|254|Finishing Category: * Set di Istruzioni *, Container: NINA.Sequencer.Container.SequentialContainer, Strategy: SequentialStrategy, Items[FINISHED]: 1
2026-09-12T22:33:56.3591|INFO|MeridianFlipTrigger.cs|ShouldTrigger|211|Meridian Flip - Flip for the current target already happened at 09/12/2026 21:34:53. Skip flip evaluation
2026-09-12T22:33:56.3592|INFO|SequenceTrigger.cs|Run|114|Starting Trigger: RestoreGuiding
2026-09-12T22:33:56.3593|INFO|SequenceItem.cs|Run|208|Starting Category: * Set di Istruzioni *, Container: NINA.Sequencer.Container.SequentialContainer, Strategy: SequentialStrategy, Items[CREATED]: 1
2026-09-12T22:33:56.3594|INFO|SequenceItem.cs|Run|208|Starting Category: Guida, Item: StartGuiding
2026-09-12T22:33:56.3979|INFO|PHD2Guider.cs|StartGuidingPrivate|504|Phd2 - App is already guiding. Skipping start guiding
2026-09-12T22:33:56.4001|INFO|SequenceItem.cs|Run|254|Finishing Category: Guida, Item: StartGuiding
2026-09-12T22:33:56.4005|INFO|SequenceItem.cs|Run|254|Finishing Category: * Set di Istruzioni *, Container: NINA.Sequencer.Container.SequentialContainer, Strategy: SequentialStrategy, Items[FINISHED]: 1
2026-09-12T22:33:56.4010|INFO|SequenceItem.cs|Run|208|Starting Category: Fotocamera, Item: TakeExposure, ExposureTime 600, Gain 15, Offset 132, ImageType LIGHT, Binning 1x1
2026-09-12T22:33:56.4133|INFO|CameraVM.cs|Capture|742|Starting Exposure - Exposure Time: 600s; Filter: ; Gain: 15; Offset 132; Binning: 1x1;
2026-09-12T22:44:02.5927|WARNING|DeviceUpdateTimer.cs|Run|115|Camera value update cycle took longer than the device poll interval (Total: 11.47s > 2s; Poll: 00:00:11.4703894; Update: 00:00:00.0001786)
2026-09-12T22:44:02.6337|INFO|SequenceItem.cs|Run|254|Finishing Category: Fotocamera, Item: TakeExposure, ExposureTime 600, Gain 15, Offset 132, ImageType LIGHT, Binning 1x1
2026-09-12T22:44:02.6346|INFO|MeridianFlipTrigger.cs|ShouldTrigger|211|Meridian Flip - Flip for the current target already happened at 09/12/2026 21:34:53. Skip flip evaluation
2026-09-12T22:44:02.6346|INFO|SequenceItem.cs|Run|208|Starting Category: Ruota porta filtri, Item: SwitchFilter, Filter: L-Pro
2026-09-12T22:44:02.8772|INFO|SequenceItem.cs|Run|254|Finishing Category: Ruota porta filtri, Item: SwitchFilter, Filter: L-Pro
2026-09-12T22:44:02.8776|INFO|SequenceTrigger.cs|Run|114|Starting Trigger: DitherAfterExposures, After Exposures: 1
2026-09-12T22:44:02.8777|INFO|SequenceItem.cs|Run|208|Starting Category: * Set di Istruzioni *, Container: NINA.Sequencer.Container.SequentialContainer, Strategy: SequentialStrategy, Items[CREATED]: 1
2026-09-12T22:44:02.8778|INFO|SequenceItem.cs|Run|208|Starting Category: Guida, Item: Dither
2026-09-12T22:44:04.0688|INFO|HocusFocusStarDetection.cs|Detect|413|Average HFR: 5.896706256894746, HFR MAD: 0.6250304425562883, Detected Stars 21, Region: 0
2026-09-12T22:44:04.4894|INFO|BaseImageData.cs|SaveToDisk|346|Saved image to D:\Images NINA\Target\LIGHT_1x1_600.00s_15_132_M 27_Celestron C8__-9.96C_L-Pro_0258_2026-09-12_22-33-56_FWHM_NaN_Fok_39033.xisf
2026-09-12T22:44:04.4895|INFO|ImageSaveController.cs|DoWork|97|Successfully saved file at D:\Images NINA\Target\LIGHT_1x1_600.00s_15_132_M 27_Celestron C8__-9.96C_L-Pro_0258_2026-09-12_22-33-56_FWHM_NaN_Fok_39033.xisf. Duration Total: 00:00:01.4898218; BeforeSave: 00:00:00.0000926; BeforeFinalizeImageSaved: 00:00:01.4483589; FinalizeSaveTime: 00:00:00.0413699
2026-09-12T22:44:34.7962|INFO|SequenceItem.cs|Run|254|Finishing Category: Guida, Item: Dither
2026-09-12T22:44:34.7965|INFO|SequenceItem.cs|Run|254|Finishing Category: * Set di Istruzioni *, Container: NINA.Sequencer.Container.SequentialContainer, Strategy: SequentialStrategy, Items[FINISHED]: 1
2026-09-12T22:44:34.7970|INFO|MeridianFlipTrigger.cs|ShouldTrigger|211|Meridian Flip - Flip for the current target already happened at 09/12/2026 21:34:53. Skip flip evaluation
2026-09-12T22:44:34.7971|INFO|SequenceTrigger.cs|Run|114|Starting Trigger: RestoreGuiding
2026-09-12T22:44:34.7971|INFO|SequenceItem.cs|Run|208|Starting Category: * Set di Istruzioni *, Container: NINA.Sequencer.Container.SequentialContainer, Strategy: SequentialStrategy, Items[CREATED]: 1
2026-09-12T22:44:34.7972|INFO|SequenceItem.cs|Run|208|Starting Category: Guida, Item: StartGuiding
2026-09-12T22:44:34.8484|INFO|PHD2Guider.cs|StartGuidingPrivate|504|Phd2 - App is already guiding. Skipping start guiding
2026-09-12T22:44:34.8518|INFO|SequenceItem.cs|Run|254|Finishing Category: Guida, Item: StartGuiding
2026-09-12T22:44:34.8520|INFO|SequenceItem.cs|Run|254|Finishing Category: * Set di Istruzioni *, Container: NINA.Sequencer.Container.SequentialContainer, Strategy: SequentialStrategy, Items[FINISHED]: 1
2026-09-12T22:44:34.8522|INFO|SequenceItem.cs|Run|208|Starting Category: Fotocamera, Item: TakeExposure, ExposureTime 600, Gain 15, Offset 132, ImageType LIGHT, Binning 1x1
2026-09-12T22:44:34.8677|INFO|CameraVM.cs|Capture|742|Starting Exposure - Exposure Time: 600s; Filter: ; Gain: 15; Offset 132; Binning: 1x1;
2026-09-12T22:54:41.0369|WARNING|DeviceUpdateTimer.cs|Run|115|Camera value update cycle took longer than the device poll interval (Total: 11.91s > 2s; Poll: 00:00:11.9144156; Update: 00:00:00.0001380)
2026-09-12T22:54:41.0793|INFO|SequenceItem.cs|Run|254|Finishing Category: Fotocamera, Item: TakeExposure, ExposureTime 600, Gain 15, Offset 132, ImageType LIGHT, Binning 1x1
2026-09-12T22:54:41.0800|INFO|MeridianFlipTrigger.cs|ShouldTrigger|296|Meridian Flip - (Side of Pier usage is disabled) There is still time remaining. Max remaining time 10:50:20.6457643, next instruction time 0, next instruction Category: Ruota porta filtri, Item: SwitchFilter, Filter: L-Pro
2026-09-12T22:54:41.0800|INFO|SequenceItem.cs|Run|208|Starting Category: Ruota porta filtri, Item: SwitchFilter, Filter: L-Pro
2026-09-12T22:54:41.2124|INFO|SequenceItem.cs|Run|254|Finishing Category: Ruota porta filtri, Item: SwitchFilter, Filter: L-Pro
2026-09-12T22:54:41.2128|INFO|SequenceTrigger.cs|Run|114|Starting Trigger: DitherAfterExposures, After Exposures: 1
2026-09-12T22:54:41.2129|INFO|SequenceItem.cs|Run|208|Starting Category: * Set di Istruzioni *, Container: NINA.Sequencer.Container.SequentialContainer, Strategy: SequentialStrategy, Items[CREATED]: 1
2026-09-12T22:54:41.2130|INFO|SequenceItem.cs|Run|208|Starting Category: Guida, Item: Dither
2026-09-12T22:54:41.4181|INFO|ImageSolver.cs|Solve|41|Platesolving with parameters: FocalLength: 1260 PixelSize: 4.54 SearchRadius: 30 BlindFailoverEnabled: True Regions: 5000 DownSampleFactor: 2 MaxObjects: 500 Reference Coordinates RA: 19:59:35 Dec: 23° 06' 38" Epoch: J2000
2026-09-12T22:54:41.7830|INFO|BaseImageData.cs|SaveToDisk|346|Saved image to C:\Users\PrimaLuceLab\AppData\Local\NINA\PlateSolver\qr5ea0r4.okh.fits
2026-09-12T22:54:43.7631|INFO|HocusFocusStarDetection.cs|Detect|413|Average HFR: 5.944151474732317, HFR MAD: 0.694875685824031, Detected Stars 64, Region: 0
2026-09-12T22:54:44.0699|INFO|BaseImageData.cs|SaveToDisk|346|Saved image to D:\Images NINA\Target\LIGHT_1x1_600.00s_15_132_M 27_Celestron C8__-9.96C_L-Pro_0259_2026-09-12_22-44-34_FWHM_NaN_Fok_39033.xisf
2026-09-12T22:54:44.0701|INFO|ImageSaveController.cs|DoWork|97|Successfully saved file at D:\Images NINA\Target\LIGHT_1x1_600.00s_15_132_M 27_Celestron C8__-9.96C_L-Pro_0259_2026-09-12_22-44-34_FWHM_NaN_Fok_39033.xisf. Duration Total: 00:00:02.6549598; BeforeSave: 00:00:00.0003125; BeforeFinalizeImageSaved: 00:00:02.6096796; FinalizeSaveTime: 00:00:00.0449671
2026-09-12T22:54:59.0635|INFO|SequenceItem.cs|Run|254|Finishing Category: Guida, Item: Dither
2026-09-12T22:54:59.0637|INFO|SequenceItem.cs|Run|254|Finishing Category: * Set di Istruzioni *, Container: NINA.Sequencer.Container.SequentialContainer, Strategy: SequentialStrategy, Items[FINISHED]: 1
2026-09-12T22:54:59.0642|INFO|MeridianFlipTrigger.cs|ShouldTrigger|296|Meridian Flip - (Side of Pier usage is disabled) There is still time remaining. Max remaining time 10:50:03.1020011, next instruction time 600, next instruction Category: Fotocamera, Item: TakeExposure, ExposureTime 600, Gain 15, Offset 132, ImageType LIGHT, Binning 1x1
2026-09-12T22:54:59.0643|INFO|SequenceTrigger.cs|Run|114|Starting Trigger: RestoreGuiding
2026-09-12T22:54:59.0643|INFO|SequenceItem.cs|Run|208|Starting Category: * Set di Istruzioni *, Container: NINA.Sequencer.Container.SequentialContainer, Strategy: SequentialStrategy, Items[CREATED]: 1
2026-09-12T22:54:59.0644|INFO|SequenceItem.cs|Run|208|Starting Category: Guida, Item: StartGuiding
2026-09-12T22:54:59.1108|INFO|PHD2Guider.cs|StartGuidingPrivate|504|Phd2 - App is already guiding. Skipping start guiding
2026-09-12T22:54:59.1153|INFO|SequenceItem.cs|Run|254|Finishing Category: Guida, Item: StartGuiding
2026-09-12T22:54:59.1157|INFO|SequenceItem.cs|Run|254|Finishing Category: * Set di Istruzioni *, Container: NINA.Sequencer.Container.SequentialContainer, Strategy: SequentialStrategy, Items[FINISHED]: 1
2026-09-12T22:54:59.1159|INFO|SequenceItem.cs|Run|208|Starting Category: Fotocamera, Item: TakeExposure, ExposureTime 600, Gain 15, Offset 132, ImageType LIGHT, Binning 1x1
2026-09-12T22:54:59.1164|INFO|CameraVM.cs|Capture|742|Starting Exposure - Exposure Time: 600s; Filter: ; Gain: 15; Offset 132; Binning: 1x1;
2026-09-12T23:03:17.8048|ERROR|ASTAPSolver.cs|ReadResult|62|ASTAP - Plate solve failed.
 Star database limit was reached!

2026-09-12T23:03:17.8155|INFO|ImageSolver.cs|Solve|41|Platesolving with parameters: FocalLength: 1260 PixelSize: 4.54 SearchRadius: 30 BlindFailoverEnabled: True Regions: 5000 DownSampleFactor: 2 MaxObjects: 500 
2026-09-12T23:03:18.7355|INFO|BaseImageData.cs|SaveToDisk|346|Saved image to C:\Users\PrimaLuceLab\AppData\Local\NINA\PlateSolver\iw4ojop4.5p3.fits
2026-09-12T23:03:51.9725|INFO|AstrometryPlateSolver.cs|SubmitImageJob|166|Plate Solving: Astrometry.net: Submission 16057234 created for solving.
2026-09-12T23:04:18.1107|INFO|AstrometryPlateSolver.cs|GetJobResult|191|Plate Solving: Astrometry.net: Job 16870057 completed successfully.
2026-09-12T23:04:18.4945|INFO|AstrometryPlateSolver.cs|GetJobResult|201|Plate Solving: Astrometry.net: Job 16870057 successfully retrieved.
2026-09-12T23:04:18.4985|INFO|ImageSolver.cs|Solve|54|Platesolve successful: Coordinates: RA: 19:59:42; Dec: 22° 43' 01"; Epoch: J2000 - Position Angle: 73.21323019246302
2026-09-12T23:04:18.4987|INFO|ImageSolver.cs|Solve|54|Platesolve successful: Coordinates: RA: 19:59:42; Dec: 22° 43' 01"; Epoch: J2000 - Position Angle: 73.21323019246302
2026-09-12T23:04:18.4998|INFO|CenterAfterDriftTrigger.cs|PlatesolvingImageFollower_PropertyChanged|189|Drift: 1.26408032641692 / 3 arc minutes
2026-09-12T23:05:05.3315|WARNING|DeviceUpdateTimer.cs|Run|115|Camera value update cycle took longer than the device poll interval (Total: 10.21s > 2s; Poll: 00:00:10.2058664; Update: 00:00:00.0031580)
2026-09-12T23:05:05.3326|INFO|SequenceItem.cs|Run|254|Finishing Category: Fotocamera, Item: TakeExposure, ExposureTime 600, Gain 15, Offset 132, ImageType LIGHT, Binning 1x1
2026-09-12T23:05:05.3332|INFO|MeridianFlipTrigger.cs|ShouldTrigger|296|Meridian Flip - (Side of Pier usage is disabled) There is still time remaining. Max remaining time 10:39:55.7250470, next instruction time 0, next instruction Category: Ruota porta filtri, Item: SwitchFilter, Filter: L-Pro
2026-09-12T23:05:05.3333|INFO|SequenceItem.cs|Run|208|Starting Category: Ruota porta filtri, Item: SwitchFilter, Filter: L-Pro
2026-09-12T23:05:05.4932|INFO|SequenceItem.cs|Run|254|Finishing Category: Ruota porta filtri, Item: SwitchFilter, Filter: L-Pro
2026-09-12T23:05:05.4935|INFO|SequenceTrigger.cs|Run|114|Starting Trigger: DitherAfterExposures, After Exposures: 1
2026-09-12T23:05:05.4936|INFO|SequenceItem.cs|Run|208|Starting Category: * Set di Istruzioni *, Container: NINA.Sequencer.Container.SequentialContainer, Strategy: SequentialStrategy, Items[CREATED]: 1
2026-09-12T23:05:05.4937|INFO|SequenceItem.cs|Run|208|Starting Category: Guida, Item: Dither
2026-09-12T23:05:07.5154|INFO|HocusFocusStarDetection.cs|Detect|413|Average HFR: 5.845218730837125, HFR MAD: 0.6832209420064856, Detected Stars 79, Region: 0
2026-09-12T23:05:07.9052|INFO|BaseImageData.cs|SaveToDisk|346|Saved image to D:\Images NINA\Target\LIGHT_1x1_600.00s_15_132_M 27_Celestron C8__-9.96C_L-Pro_0260_2026-09-12_22-54-59_FWHM_NaN_Fok_39033.xisf
2026-09-12T23:05:07.9054|INFO|ImageSaveController.cs|DoWork|97|Successfully saved file at D:\Images NINA\Target\LIGHT_1x1_600.00s_15_132_M 27_Celestron C8__-9.96C_L-Pro_0260_2026-09-12_22-54-59_FWHM_NaN_Fok_39033.xisf. Duration Total: 00:00:02.1422590; BeforeSave: 00:00:00.0001218; BeforeFinalizeImageSaved: 00:00:02.0920662; FinalizeSaveTime: 00:00:00.0500703
2026-09-12T23:05:23.0900|INFO|SequenceItem.cs|Run|254|Finishing Category: Guida, Item: Dither
2026-09-12T23:05:23.0902|INFO|SequenceItem.cs|Run|254|Finishing Category: * Set di Istruzioni *, Container: NINA.Sequencer.Container.SequentialContainer, Strategy: SequentialStrategy, Items[FINISHED]: 1
2026-09-12T23:05:23.0909|INFO|MeridianFlipTrigger.cs|ShouldTrigger|296|Meridian Flip - (Side of Pier usage is disabled) There is still time remaining. Max remaining time 10:39:37.5102470, next instruction time 600, next instruction Category: Fotocamera, Item: TakeExposure, ExposureTime 600, Gain 15, Offset 132, ImageType LIGHT, Binning 1x1
2026-09-12T23:05:23.0909|INFO|SequenceTrigger.cs|Run|114|Starting Trigger: RestoreGuiding
2026-09-12T23:05:23.0910|INFO|SequenceItem.cs|Run|208|Starting Category: * Set di Istruzioni *, Container: NINA.Sequencer.Container.SequentialContainer, Strategy: SequentialStrategy, Items[CREATED]: 1
2026-09-12T23:05:23.0911|INFO|SequenceItem.cs|Run|208|Starting Category: Guida, Item: StartGuiding
2026-09-12T23:05:23.1282|INFO|PHD2Guider.cs|StartGuidingPrivate|504|Phd2 - App is already guiding. Skipping start guiding
2026-09-12T23:05:23.1284|INFO|SequenceItem.cs|Run|254|Finishing Category: Guida, Item: StartGuiding
2026-09-12T23:05:23.1285|INFO|SequenceItem.cs|Run|254|Finishing Category: * Set di Istruzioni *, Container: NINA.Sequencer.Container.SequentialContainer, Strategy: SequentialStrategy, Items[FINISHED]: 1
2026-09-12T23:05:23.1287|INFO|SequenceItem.cs|Run|208|Starting Category: Fotocamera, Item: TakeExposure, ExposureTime 600, Gain 15, Offset 132, ImageType LIGHT, Binning 1x1
2026-09-12T23:05:23.1341|INFO|CameraVM.cs|Capture|742|Starting Exposure - Exposure Time: 600s; Filter: ; Gain: 15; Offset 132; Binning: 1x1;
2026-09-12T23:15:24.7192|WARNING|DeviceUpdateTimer.cs|Run|115|Dome value update cycle took longer than the device poll interval (Total: 6.16s > 2s; Poll: 00:00:00.0027489; Update: 00:00:06.1565650)
2026-09-12T23:15:29.3161|WARNING|DeviceUpdateTimer.cs|Run|115|Camera value update cycle took longer than the device poll interval (Total: 7.15s > 2s; Poll: 00:00:07.1487517; Update: 00:00:00.0001298)
2026-09-12T23:15:29.3716|INFO|SequenceItem.cs|Run|254|Finishing Category: Fotocamera, Item: TakeExposure, ExposureTime 600, Gain 15, Offset 132, ImageType LIGHT, Binning 1x1
2026-09-12T23:15:29.3723|INFO|MeridianFlipTrigger.cs|ShouldTrigger|296|Meridian Flip - (Side of Pier usage is disabled) There is still time remaining. Max remaining time 10:29:28.9326687, next instruction time 0, next instruction Category: Ruota porta filtri, Item: SwitchFilter, Filter: L-Pro
2026-09-12T23:15:29.3728|INFO|SequenceItem.cs|Run|208|Starting Category: Ruota porta filtri, Item: SwitchFilter, Filter: L-Pro
2026-09-12T23:15:29.5860|INFO|SequenceItem.cs|Run|254|Finishing Category: Ruota porta filtri, Item: SwitchFilter, Filter: L-Pro
2026-09-12T23:15:29.5863|INFO|SequenceTrigger.cs|Run|114|Starting Trigger: DitherAfterExposures, After Exposures: 1
2026-09-12T23:15:29.5864|INFO|SequenceItem.cs|Run|208|Starting Category: * Set di Istruzioni *, Container: NINA.Sequencer.Container.SequentialContainer, Strategy: SequentialStrategy, Items[CREATED]: 1
2026-09-12T23:15:29.5865|INFO|SequenceItem.cs|Run|208|Starting Category: Guida, Item: Dither
2026-09-12T23:15:31.6225|INFO|HocusFocusStarDetection.cs|Detect|413|Average HFR: 5.50731863787404, HFR MAD: 0.6131432582894503, Detected Stars 119, Region: 0
2026-09-12T23:15:31.9004|INFO|BaseImageData.cs|SaveToDisk|346|Saved image to D:\Images NINA\Target\LIGHT_1x1_600.00s_15_132_M 27_Celestron C8__-9.96C_L-Pro_0261_2026-09-12_23-05-23_FWHM_9.32_Fok_39033.xisf
2026-09-12T23:15:31.9005|INFO|ImageSaveController.cs|DoWork|97|Successfully saved file at D:\Images NINA\Target\LIGHT_1x1_600.00s_15_132_M 27_Celestron C8__-9.96C_L-Pro_0261_2026-09-12_23-05-23_FWHM_9.32_Fok_39033.xisf. Duration Total: 00:00:02.1918833; BeforeSave: 00:00:00.0000761; BeforeFinalizeImageSaved: 00:00:02.1456470; FinalizeSaveTime: 00:00:00.0461598
2026-09-12T23:15:56.5448|INFO|SequenceItem.cs|Run|254|Finishing Category: Guida, Item: Dither
2026-09-12T23:15:56.5450|INFO|SequenceItem.cs|Run|254|Finishing Category: * Set di Istruzioni *, Container: NINA.Sequencer.Container.SequentialContainer, Strategy: SequentialStrategy, Items[FINISHED]: 1
2026-09-12T23:15:56.5456|INFO|MeridianFlipTrigger.cs|ShouldTrigger|296|Meridian Flip - (Side of Pier usage is disabled) There is still time remaining. Max remaining time 10:28:59.7026000, next instruction time 600, next instruction Category: Fotocamera, Item: TakeExposure, ExposureTime 600, Gain 15, Offset 132, ImageType LIGHT, Binning 1x1
2026-09-12T23:15:56.5456|INFO|SequenceTrigger.cs|Run|114|Starting Trigger: RestoreGuiding
2026-09-12T23:15:56.5457|INFO|SequenceItem.cs|Run|208|Starting Category: * Set di Istruzioni *, Container: NINA.Sequencer.Container.SequentialContainer, Strategy: SequentialStrategy, Items[CREATED]: 1
2026-09-12T23:15:56.5457|INFO|SequenceItem.cs|Run|208|Starting Category: Guida, Item: StartGuiding
2026-09-12T23:15:56.5807|INFO|PHD2Guider.cs|StartGuidingPrivate|504|Phd2 - App is already guiding. Skipping start guiding
2026-09-12T23:15:56.5857|INFO|SequenceItem.cs|Run|254|Finishing Category: Guida, Item: StartGuiding
2026-09-12T23:15:56.5868|INFO|SequenceItem.cs|Run|254|Finishing Category: * Set di Istruzioni *, Container: NINA.Sequencer.Container.SequentialContainer, Strategy: SequentialStrategy, Items[FINISHED]: 1
2026-09-12T23:15:56.5870|INFO|SequenceItem.cs|Run|208|Starting Category: Fotocamera, Item: TakeExposure, ExposureTime 600, Gain 15, Offset 132, ImageType LIGHT, Binning 1x1
2026-09-12T23:15:56.5987|INFO|CameraVM.cs|Capture|742|Starting Exposure - Exposure Time: 600s; Filter: ; Gain: 15; Offset 132; Binning: 1x1;
2026-09-12T23:26:02.7754|WARNING|DeviceUpdateTimer.cs|Run|115|Camera value update cycle took longer than the device poll interval (Total: 10.61s > 2s; Poll: 00:00:10.6130799; Update: 00:00:00.0001611)
2026-09-12T23:26:02.8383|INFO|SequenceItem.cs|Run|254|Finishing Category: Fotocamera, Item: TakeExposure, ExposureTime 600, Gain 15, Offset 132, ImageType LIGHT, Binning 1x1
2026-09-12T23:26:02.8391|INFO|MeridianFlipTrigger.cs|ShouldTrigger|296|Meridian Flip - (Side of Pier usage is disabled) There is still time remaining. Max remaining time 10:18:52.5236444, next instruction time 0, next instruction Category: Ruota porta filtri, Item: SwitchFilter, Filter: L-Pro
2026-09-12T23:26:02.8391|INFO|SequenceItem.cs|Run|208|Starting Category: Ruota porta filtri, Item: SwitchFilter, Filter: L-Pro
2026-09-12T23:26:03.1910|INFO|SequenceItem.cs|Run|254|Finishing Category: Ruota porta filtri, Item: SwitchFilter, Filter: L-Pro
2026-09-12T23:26:03.1916|INFO|SequenceTrigger.cs|Run|114|Starting Trigger: DitherAfterExposures, After Exposures: 1
2026-09-12T23:26:03.1917|INFO|SequenceItem.cs|Run|208|Starting Category: * Set di Istruzioni *, Container: NINA.Sequencer.Container.SequentialContainer, Strategy: SequentialStrategy, Items[CREATED]: 1
2026-09-12T23:26:03.1918|INFO|SequenceItem.cs|Run|208|Starting Category: Guida, Item: Dither
2026-09-12T23:26:05.4178|INFO|HocusFocusStarDetection.cs|Detect|413|Average HFR: 5.294371947637186, HFR MAD: 0.5430728902914508, Detected Stars 140, Region: 0
2026-09-12T23:26:05.8553|INFO|BaseImageData.cs|SaveToDisk|346|Saved image to D:\Images NINA\Target\LIGHT_1x1_600.00s_15_132_M 27_Celestron C8__-9.96C_L-Pro_0262_2026-09-12_23-15-56_FWHM_8.66_Fok_39033.xisf
2026-09-12T23:26:05.8555|INFO|ImageSaveController.cs|DoWork|97|Successfully saved file at D:\Images NINA\Target\LIGHT_1x1_600.00s_15_132_M 27_Celestron C8__-9.96C_L-Pro_0262_2026-09-12_23-15-56_FWHM_8.66_Fok_39033.xisf. Duration Total: 00:00:02.5343595; BeforeSave: 00:00:00.0000662; BeforeFinalizeImageSaved: 00:00:02.4937268; FinalizeSaveTime: 00:00:00.0405659
2026-09-12T23:26:24.5016|INFO|SequenceItem.cs|Run|254|Finishing Category: Guida, Item: Dither
2026-09-12T23:26:24.5019|INFO|SequenceItem.cs|Run|254|Finishing Category: * Set di Istruzioni *, Container: NINA.Sequencer.Container.SequentialContainer, Strategy: SequentialStrategy, Items[FINISHED]: 1
2026-09-12T23:26:24.5024|INFO|MeridianFlipTrigger.cs|ShouldTrigger|296|Meridian Flip - (Side of Pier usage is disabled) There is still time remaining. Max remaining time 10:18:29.4745038, next instruction time 600, next instruction Category: Fotocamera, Item: TakeExposure, ExposureTime 600, Gain 15, Offset 132, ImageType LIGHT, Binning 1x1
2026-09-12T23:26:24.5024|INFO|SequenceTrigger.cs|Run|114|Starting Trigger: RestoreGuiding
2026-09-12T23:26:24.5025|INFO|SequenceItem.cs|Run|208|Starting Category: * Set di Istruzioni *, Container: NINA.Sequencer.Container.SequentialContainer, Strategy: SequentialStrategy, Items[CREATED]: 1
2026-09-12T23:26:24.5025|INFO|SequenceItem.cs|Run|208|Starting Category: Guida, Item: StartGuiding
2026-09-12T23:26:24.5416|INFO|PHD2Guider.cs|StartGuidingPrivate|504|Phd2 - App is already guiding. Skipping start guiding
2026-09-12T23:26:24.5418|INFO|SequenceItem.cs|Run|254|Finishing Category: Guida, Item: StartGuiding
2026-09-12T23:26:24.5419|INFO|SequenceItem.cs|Run|254|Finishing Category: * Set di Istruzioni *, Container: NINA.Sequencer.Container.SequentialContainer, Strategy: SequentialStrategy, Items[FINISHED]: 1
2026-09-12T23:26:24.5421|INFO|SequenceItem.cs|Run|208|Starting Category: Fotocamera, Item: TakeExposure, ExposureTime 600, Gain 15, Offset 132, ImageType LIGHT, Binning 1x1
2026-09-12T23:26:24.5475|INFO|CameraVM.cs|Capture|742|Starting Exposure - Exposure Time: 600s; Filter: ; Gain: 15; Offset 132; Binning: 1x1;
2026-09-12T23:36:30.7100|WARNING|DeviceUpdateTimer.cs|Run|115|Camera value update cycle took longer than the device poll interval (Total: 10.55s > 2s; Poll: 00:00:10.5490939; Update: 00:00:00.0001898)
2026-09-12T23:36:30.7546|INFO|SequenceItem.cs|Run|254|Finishing Category: Fotocamera, Item: TakeExposure, ExposureTime 600, Gain 15, Offset 132, ImageType LIGHT, Binning 1x1
2026-09-12T23:36:30.7555|INFO|MeridianFlipTrigger.cs|ShouldTrigger|296|Meridian Flip - (Side of Pier usage is disabled) There is still time remaining. Max remaining time 10:08:22.2968931, next instruction time 0, next instruction Category: Ruota porta filtri, Item: SwitchFilter, Filter: L-Pro
2026-09-12T23:36:30.7555|INFO|SequenceItem.cs|Run|208|Starting Category: Ruota porta filtri, Item: SwitchFilter, Filter: L-Pro
2026-09-12T23:36:30.8847|INFO|SequenceItem.cs|Run|254|Finishing Category: Ruota porta filtri, Item: SwitchFilter, Filter: L-Pro
2026-09-12T23:36:30.8850|INFO|SequenceTrigger.cs|Run|114|Starting Trigger: DitherAfterExposures, After Exposures: 1
2026-09-12T23:36:30.8850|INFO|SequenceItem.cs|Run|208|Starting Category: * Set di Istruzioni *, Container: NINA.Sequencer.Container.SequentialContainer, Strategy: SequentialStrategy, Items[CREATED]: 1
2026-09-12T23:36:30.8851|INFO|SequenceItem.cs|Run|208|Starting Category: Guida, Item: Dither
2026-09-12T23:36:32.9957|INFO|HocusFocusStarDetection.cs|Detect|413|Average HFR: 5.30705864667836, HFR MAD: 0.5970449599295184, Detected Stars 135, Region: 0
2026-09-12T23:36:33.4144|INFO|BaseImageData.cs|SaveToDisk|346|Saved image to D:\Images NINA\Target\LIGHT_1x1_600.00s_15_132_M 27_Celestron C8__-9.96C_L-Pro_0263_2026-09-12_23-26-24_FWHM_8.40_Fok_39033.xisf
2026-09-12T23:36:33.4145|INFO|ImageSaveController.cs|DoWork|97|Successfully saved file at D:\Images NINA\Target\LIGHT_1x1_600.00s_15_132_M 27_Celestron C8__-9.96C_L-Pro_0263_2026-09-12_23-26-24_FWHM_8.40_Fok_39033.xisf. Duration Total: 00:00:02.2865882; BeforeSave: 00:00:00.0000869; BeforeFinalizeImageSaved: 00:00:02.2396715; FinalizeSaveTime: 00:00:00.0468294
2026-09-12T23:36:48.5072|INFO|SequenceItem.cs|Run|254|Finishing Category: Guida, Item: Dither
2026-09-12T23:36:48.5074|INFO|SequenceItem.cs|Run|254|Finishing Category: * Set di Istruzioni *, Container: NINA.Sequencer.Container.SequentialContainer, Strategy: SequentialStrategy, Items[FINISHED]: 1
2026-09-12T23:36:48.5084|INFO|MeridianFlipTrigger.cs|ShouldTrigger|296|Meridian Flip - (Side of Pier usage is disabled) There is still time remaining. Max remaining time 10:08:05.1384242, next instruction time 600, next instruction Category: Fotocamera, Item: TakeExposure, ExposureTime 600, Gain 15, Offset 132, ImageType LIGHT, Binning 1x1
2026-09-12T23:36:48.5084|INFO|SequenceTrigger.cs|Run|114|Starting Trigger: RestoreGuiding
2026-09-12T23:36:48.5085|INFO|SequenceItem.cs|Run|208|Starting Category: * Set di Istruzioni *, Container: NINA.Sequencer.Container.SequentialContainer, Strategy: SequentialStrategy, Items[CREATED]: 1
2026-09-12T23:36:48.5085|INFO|SequenceItem.cs|Run|208|Starting Category: Guida, Item: StartGuiding
2026-09-12T23:36:48.5356|INFO|PHD2Guider.cs|StartGuidingPrivate|504|Phd2 - App is already guiding. Skipping start guiding
2026-09-12T23:36:48.5382|INFO|SequenceItem.cs|Run|254|Finishing Category: Guida, Item: StartGuiding
2026-09-12T23:36:48.5402|INFO|SequenceItem.cs|Run|254|Finishing Category: * Set di Istruzioni *, Container: NINA.Sequencer.Container.SequentialContainer, Strategy: SequentialStrategy, Items[FINISHED]: 1
2026-09-12T23:36:48.5406|INFO|SequenceItem.cs|Run|208|Starting Category: Fotocamera, Item: TakeExposure, ExposureTime 600, Gain 15, Offset 132, ImageType LIGHT, Binning 1x1
2026-09-12T23:36:48.5509|INFO|CameraVM.cs|Capture|742|Starting Exposure - Exposure Time: 600s; Filter: ; Gain: 15; Offset 132; Binning: 1x1;
2026-09-12T23:46:48.3004|WARNING|DeviceUpdateTimer.cs|Run|115|Dome value update cycle took longer than the device poll interval (Total: 2.27s > 2s; Poll: 00:00:00.0028563; Update: 00:00:02.2712134)
2026-09-12T23:46:54.8080|WARNING|DeviceUpdateTimer.cs|Run|115|Camera value update cycle took longer than the device poll interval (Total: 10.27s > 2s; Poll: 00:00:10.2657380; Update: 00:00:00.0001396)
2026-09-12T23:46:54.8626|INFO|SequenceItem.cs|Run|254|Finishing Category: Fotocamera, Item: TakeExposure, ExposureTime 600, Gain 15, Offset 132, ImageType LIGHT, Binning 1x1
2026-09-12T23:46:54.8634|INFO|MeridianFlipTrigger.cs|ShouldTrigger|296|Meridian Flip - (Side of Pier usage is disabled) There is still time remaining. Max remaining time 09:57:57.4698466, next instruction time 0, next instruction Category: Ruota porta filtri, Item: SwitchFilter, Filter: L-Pro
2026-09-12T23:46:54.8634|INFO|SequenceItem.cs|Run|208|Starting Category: Ruota porta filtri, Item: SwitchFilter, Filter: L-Pro
2026-09-12T23:46:54.9992|INFO|SequenceItem.cs|Run|254|Finishing Category: Ruota porta filtri, Item: SwitchFilter, Filter: L-Pro
2026-09-12T23:46:54.9995|INFO|SequenceTrigger.cs|Run|114|Starting Trigger: DitherAfterExposures, After Exposures: 1
2026-09-12T23:46:54.9997|INFO|SequenceItem.cs|Run|208|Starting Category: * Set di Istruzioni *, Container: NINA.Sequencer.Container.SequentialContainer, Strategy: SequentialStrategy, Items[CREATED]: 1
2026-09-12T23:46:54.9998|INFO|SequenceItem.cs|Run|208|Starting Category: Guida, Item: Dither
2026-09-12T23:46:55.1691|INFO|ImageSolver.cs|Solve|41|Platesolving with parameters: FocalLength: 1260 PixelSize: 4.54 SearchRadius: 30 BlindFailoverEnabled: True Regions: 5000 DownSampleFactor: 2 MaxObjects: 500 Reference Coordinates RA: 19:59:35 Dec: 23° 33' 37" Epoch: J2000
2026-09-12T23:46:55.7160|INFO|BaseImageData.cs|SaveToDisk|346|Saved image to C:\Users\PrimaLuceLab\AppData\Local\NINA\PlateSolver\bwyad2qu.4s2.fits
2026-09-12T23:46:57.8857|INFO|HocusFocusStarDetection.cs|Detect|413|Average HFR: 5.377045046815169, HFR MAD: 0.5517886950040412, Detected Stars 130, Region: 0
2026-09-12T23:46:58.3393|INFO|BaseImageData.cs|SaveToDisk|346|Saved image to D:\Images NINA\Target\LIGHT_1x1_600.00s_15_132_M 27_Celestron C8__-9.96C_L-Pro_0264_2026-09-12_23-36-48_FWHM_8.69_Fok_39033.xisf
2026-09-12T23:46:58.3394|INFO|ImageSaveController.cs|DoWork|97|Successfully saved file at D:\Images NINA\Target\LIGHT_1x1_600.00s_15_132_M 27_Celestron C8__-9.96C_L-Pro_0264_2026-09-12_23-36-48_FWHM_8.69_Fok_39033.xisf. Duration Total: 00:00:03.1704903; BeforeSave: 00:00:00.0000787; BeforeFinalizeImageSaved: 00:00:03.0884439; FinalizeSaveTime: 00:00:00.0819673
2026-09-12T23:47:12.1040|INFO|SequenceItem.cs|Run|254|Finishing Category: Guida, Item: Dither
2026-09-12T23:47:12.1044|INFO|SequenceItem.cs|Run|254|Finishing Category: * Set di Istruzioni *, Container: NINA.Sequencer.Container.SequentialContainer, Strategy: SequentialStrategy, Items[FINISHED]: 1
2026-09-12T23:47:12.1064|INFO|MeridianFlipTrigger.cs|ShouldTrigger|296|Meridian Flip - (Side of Pier usage is disabled) There is still time remaining. Max remaining time 09:57:40.9246731, next instruction time 600, next instruction Category: Fotocamera, Item: TakeExposure, ExposureTime 600, Gain 15, Offset 132, ImageType LIGHT, Binning 1x1
2026-09-12T23:47:12.1065|INFO|SequenceTrigger.cs|Run|114|Starting Trigger: RestoreGuiding
2026-09-12T23:47:12.1066|INFO|SequenceItem.cs|Run|208|Starting Category: * Set di Istruzioni *, Container: NINA.Sequencer.Container.SequentialContainer, Strategy: SequentialStrategy, Items[CREATED]: 1
2026-09-12T23:47:12.1067|INFO|SequenceItem.cs|Run|208|Starting Category: Guida, Item: StartGuiding
2026-09-12T23:47:12.1366|INFO|PHD2Guider.cs|StartGuidingPrivate|504|Phd2 - App is already guiding. Skipping start guiding
2026-09-12T23:47:12.1367|INFO|SequenceItem.cs|Run|254|Finishing Category: Guida, Item: StartGuiding
2026-09-12T23:47:12.1369|INFO|SequenceItem.cs|Run|254|Finishing Category: * Set di Istruzioni *, Container: NINA.Sequencer.Container.SequentialContainer, Strategy: SequentialStrategy, Items[FINISHED]: 1
2026-09-12T23:47:12.1372|INFO|SequenceItem.cs|Run|208|Starting Category: Fotocamera, Item: TakeExposure, ExposureTime 600, Gain 15, Offset 132, ImageType LIGHT, Binning 1x1
2026-09-12T23:47:12.1410|INFO|CameraVM.cs|Capture|742|Starting Exposure - Exposure Time: 600s; Filter: ; Gain: 15; Offset 132; Binning: 1x1;
2026-09-12T23:52:47.2575|ERROR|ASTAPSolver.cs|ReadResult|62|ASTAP - Plate solve failed.
 Star database limit was reached!

2026-09-12T23:52:47.2628|INFO|ImageSolver.cs|Solve|41|Platesolving with parameters: FocalLength: 1260 PixelSize: 4.54 SearchRadius: 30 BlindFailoverEnabled: True Regions: 5000 DownSampleFactor: 2 MaxObjects: 500 
2026-09-12T23:52:48.1889|INFO|BaseImageData.cs|SaveToDisk|346|Saved image to C:\Users\PrimaLuceLab\AppData\Local\NINA\PlateSolver\lqe0bal3.kmh.fits
2026-09-12T23:53:15.9850|INFO|AstrometryPlateSolver.cs|SubmitImageJob|166|Plate Solving: Astrometry.net: Submission 16057519 created for solving.
2026-09-12T23:54:51.1317|INFO|AstrometryPlateSolver.cs|GetJobResult|191|Plate Solving: Astrometry.net: Job 16870312 completed successfully.
2026-09-12T23:54:51.5607|INFO|AstrometryPlateSolver.cs|GetJobResult|201|Plate Solving: Astrometry.net: Job 16870312 successfully retrieved.
2026-09-12T23:54:51.5609|INFO|ImageSolver.cs|Solve|54|Platesolve successful: Coordinates: RA: 19:59:45; Dec: 22° 43' 29"; Epoch: J2000 - Position Angle: 73.19619354676661
2026-09-12T23:54:51.5610|INFO|ImageSolver.cs|Solve|54|Platesolve successful: Coordinates: RA: 19:59:45; Dec: 22° 43' 29"; Epoch: J2000 - Position Angle: 73.19619354676661
2026-09-12T23:54:51.5610|INFO|CenterAfterDriftTrigger.cs|PlatesolvingImageFollower_PropertyChanged|189|Drift: 1.9344859430770736 / 3 arc minutes
2026-09-12T23:57:16.0561|WARNING|DeviceUpdateTimer.cs|Run|115|Dome value update cycle took longer than the device poll interval (Total: 9.35s > 2s; Poll: 00:00:00.0058164; Update: 00:00:09.3427227)
2026-09-12T23:57:18.4512|INFO|SequenceItem.cs|Run|254|Finishing Category: Fotocamera, Item: TakeExposure, ExposureTime 600, Gain 15, Offset 132, ImageType LIGHT, Binning 1x1
2026-09-12T23:57:18.4519|INFO|MeridianFlipTrigger.cs|ShouldTrigger|296|Meridian Flip - (Side of Pier usage is disabled) There is still time remaining. Max remaining time 09:47:36.4454833, next instruction time 0, next instruction Category: Ruota porta filtri, Item: SwitchFilter, Filter: L-Pro
2026-09-12T23:57:18.4520|INFO|SequenceItem.cs|Run|208|Starting Category: Ruota porta filtri, Item: SwitchFilter, Filter: L-Pro
2026-09-12T23:57:18.4528|WARNING|DeviceUpdateTimer.cs|Run|115|Camera value update cycle took longer than the device poll interval (Total: 3.29s > 2s; Poll: 00:00:03.2943902; Update: 00:00:00.0000927)
2026-09-12T23:57:18.5832|INFO|SequenceItem.cs|Run|254|Finishing Category: Ruota porta filtri, Item: SwitchFilter, Filter: L-Pro
2026-09-12T23:57:18.5834|INFO|SequenceTrigger.cs|Run|114|Starting Trigger: DitherAfterExposures, After Exposures: 1
2026-09-12T23:57:18.5835|INFO|SequenceItem.cs|Run|208|Starting Category: * Set di Istruzioni *, Container: NINA.Sequencer.Container.SequentialContainer, Strategy: SequentialStrategy, Items[CREATED]: 1
2026-09-12T23:57:18.5836|INFO|SequenceItem.cs|Run|208|Starting Category: Guida, Item: Dither
2026-09-12T23:57:21.5274|INFO|HocusFocusStarDetection.cs|Detect|413|Average HFR: 5.360998450473999, HFR MAD: 0.5594086808858201, Detected Stars 136, Region: 0
2026-09-12T23:57:21.9129|INFO|BaseImageData.cs|SaveToDisk|346|Saved image to D:\Images NINA\Target\LIGHT_1x1_600.00s_15_132_M 27_Celestron C8__-9.96C_L-Pro_0265_2026-09-12_23-47-12_FWHM_8.82_Fok_39033.xisf
2026-09-12T23:57:21.9131|INFO|ImageSaveController.cs|DoWork|97|Successfully saved file at D:\Images NINA\Target\LIGHT_1x1_600.00s_15_132_M 27_Celestron C8__-9.96C_L-Pro_0265_2026-09-12_23-47-12_FWHM_8.82_Fok_39033.xisf. Duration Total: 00:00:02.8761696; BeforeSave: 00:00:00.0000790; BeforeFinalizeImageSaved: 00:00:02.8320287; FinalizeSaveTime: 00:00:00.0440616
2026-09-12T23:57:37.8038|INFO|SequenceItem.cs|Run|254|Finishing Category: Guida, Item: Dither
2026-09-12T23:57:37.8043|INFO|SequenceItem.cs|Run|254|Finishing Category: * Set di Istruzioni *, Container: NINA.Sequencer.Container.SequentialContainer, Strategy: SequentialStrategy, Items[FINISHED]: 1
2026-09-12T23:57:37.8053|INFO|MeridianFlipTrigger.cs|ShouldTrigger|296|Meridian Flip - (Side of Pier usage is disabled) There is still time remaining. Max remaining time 09:47:11.6503883, next instruction time 600, next instruction Category: Fotocamera, Item: TakeExposure, ExposureTime 600, Gain 15, Offset 132, ImageType LIGHT, Binning 1x1
2026-09-12T23:57:37.8053|INFO|SequenceTrigger.cs|Run|114|Starting Trigger: RestoreGuiding
2026-09-12T23:57:37.8054|INFO|SequenceItem.cs|Run|208|Starting Category: * Set di Istruzioni *, Container: NINA.Sequencer.Container.SequentialContainer, Strategy: SequentialStrategy, Items[CREATED]: 1
2026-09-12T23:57:37.8055|INFO|SequenceItem.cs|Run|208|Starting Category: Guida, Item: StartGuiding
2026-09-12T23:57:37.8343|INFO|PHD2Guider.cs|StartGuidingPrivate|504|Phd2 - App is already guiding. Skipping start guiding
2026-09-12T23:57:37.8391|INFO|SequenceItem.cs|Run|254|Finishing Category: Guida, Item: StartGuiding
2026-09-12T23:57:37.8393|INFO|SequenceItem.cs|Run|254|Finishing Category: * Set di Istruzioni *, Container: NINA.Sequencer.Container.SequentialContainer, Strategy: SequentialStrategy, Items[FINISHED]: 1
2026-09-12T23:57:37.8396|INFO|SequenceItem.cs|Run|208|Starting Category: Fotocamera, Item: TakeExposure, ExposureTime 600, Gain 15, Offset 132, ImageType LIGHT, Binning 1x1
2026-09-12T23:57:37.8687|INFO|CameraVM.cs|Capture|742|Starting Exposure - Exposure Time: 600s; Filter: ; Gain: 15; Offset 132; Binning: 1x1;
2026-09-13T00:07:44.0381|WARNING|DeviceUpdateTimer.cs|Run|115|Camera value update cycle took longer than the device poll interval (Total: 10.94s > 2s; Poll: 00:00:10.9411686; Update: 00:00:00.0001373)
2026-09-13T00:07:44.0832|INFO|SequenceItem.cs|Run|254|Finishing Category: Fotocamera, Item: TakeExposure, ExposureTime 600, Gain 15, Offset 132, ImageType LIGHT, Binning 1x1
2026-09-13T00:07:44.0840|INFO|MeridianFlipTrigger.cs|ShouldTrigger|296|Meridian Flip - (Side of Pier usage is disabled) There is still time remaining. Max remaining time 09:37:03.6165472, next instruction time 0, next instruction Category: Ruota porta filtri, Item: SwitchFilter, Filter: L-Pro
2026-09-13T00:07:44.0840|INFO|SequenceItem.cs|Run|208|Starting Category: Ruota porta filtri, Item: SwitchFilter, Filter: L-Pro
2026-09-13T00:07:44.2008|INFO|SequenceItem.cs|Run|254|Finishing Category: Ruota porta filtri, Item: SwitchFilter, Filter: L-Pro
2026-09-13T00:07:44.2011|INFO|SequenceTrigger.cs|Run|114|Starting Trigger: DitherAfterExposures, After Exposures: 1
2026-09-13T00:07:44.2012|INFO|SequenceItem.cs|Run|208|Starting Category: * Set di Istruzioni *, Container: NINA.Sequencer.Container.SequentialContainer, Strategy: SequentialStrategy, Items[CREATED]: 1
2026-09-13T00:07:44.2013|INFO|SequenceItem.cs|Run|208|Starting Category: Guida, Item: Dither
2026-09-13T00:07:46.4349|INFO|HocusFocusStarDetection.cs|Detect|413|Average HFR: 5.401808988869943, HFR MAD: 0.593692831736087, Detected Stars 133, Region: 0
2026-09-13T00:07:46.8137|INFO|BaseImageData.cs|SaveToDisk|346|Saved image to D:\Images NINA\Target\LIGHT_1x1_600.00s_15_132_M 27_Celestron C8__-9.96C_L-Pro_0266_2026-09-12_23-57-37_FWHM_8.71_Fok_39033.xisf
2026-09-13T00:07:46.8138|INFO|ImageSaveController.cs|DoWork|97|Successfully saved file at D:\Images NINA\Target\LIGHT_1x1_600.00s_15_132_M 27_Celestron C8__-9.96C_L-Pro_0266_2026-09-12_23-57-37_FWHM_8.71_Fok_39033.xisf. Duration Total: 00:00:02.3855427; BeforeSave: 00:00:00.0000794; BeforeFinalizeImageSaved: 00:00:02.3492976; FinalizeSaveTime: 00:00:00.0361651
2026-09-13T00:07:58.8922|INFO|SequenceItem.cs|Run|254|Finishing Category: Guida, Item: Dither
2026-09-13T00:07:58.8924|INFO|SequenceItem.cs|Run|254|Finishing Category: * Set di Istruzioni *, Container: NINA.Sequencer.Container.SequentialContainer, Strategy: SequentialStrategy, Items[FINISHED]: 1
2026-09-13T00:07:58.8929|INFO|MeridianFlipTrigger.cs|ShouldTrigger|296|Meridian Flip - (Side of Pier usage is disabled) There is still time remaining. Max remaining time 09:36:49.5732277, next instruction time 600, next instruction Category: Fotocamera, Item: TakeExposure, ExposureTime 600, Gain 15, Offset 132, ImageType LIGHT, Binning 1x1
2026-09-13T00:07:58.8930|INFO|SequenceTrigger.cs|Run|114|Starting Trigger: RestoreGuiding
2026-09-13T00:07:58.8930|INFO|SequenceItem.cs|Run|208|Starting Category: * Set di Istruzioni *, Container: NINA.Sequencer.Container.SequentialContainer, Strategy: SequentialStrategy, Items[CREATED]: 1
2026-09-13T00:07:58.8931|INFO|SequenceItem.cs|Run|208|Starting Category: Guida, Item: StartGuiding
2026-09-13T00:07:58.9248|INFO|PHD2Guider.cs|StartGuidingPrivate|504|Phd2 - App is already guiding. Skipping start guiding
2026-09-13T00:07:58.9250|INFO|SequenceItem.cs|Run|254|Finishing Category: Guida, Item: StartGuiding
2026-09-13T00:07:58.9251|INFO|SequenceItem.cs|Run|254|Finishing Category: * Set di Istruzioni *, Container: NINA.Sequencer.Container.SequentialContainer, Strategy: SequentialStrategy, Items[FINISHED]: 1
2026-09-13T00:07:58.9254|INFO|SequenceItem.cs|Run|208|Starting Category: Fotocamera, Item: TakeExposure, ExposureTime 600, Gain 15, Offset 132, ImageType LIGHT, Binning 1x1
2026-09-13T00:07:58.9309|INFO|CameraVM.cs|Capture|742|Starting Exposure - Exposure Time: 600s; Filter: ; Gain: 15; Offset 132; Binning: 1x1;
2026-09-13T00:17:58.9040|WARNING|DeviceUpdateTimer.cs|Run|115|Dome value update cycle took longer than the device poll interval (Total: 3.74s > 2s; Poll: 00:00:00.0051403; Update: 00:00:03.7343663)
2026-09-13T00:18:05.1320|WARNING|DeviceUpdateTimer.cs|Run|115|Camera value update cycle took longer than the device poll interval (Total: 12.02s > 2s; Poll: 00:00:11.9929925; Update: 00:00:00.0230614)
2026-09-13T00:18:05.1393|INFO|SequenceItem.cs|Run|254|Finishing Category: Fotocamera, Item: TakeExposure, ExposureTime 600, Gain 15, Offset 132, ImageType LIGHT, Binning 1x1
2026-09-13T00:18:05.1401|INFO|MeridianFlipTrigger.cs|ShouldTrigger|296|Meridian Flip - (Side of Pier usage is disabled) There is still time remaining. Max remaining time 09:26:41.8057588, next instruction time 0, next instruction Category: Ruota porta filtri, Item: SwitchFilter, Filter: L-Pro
2026-09-13T00:18:05.1401|INFO|SequenceItem.cs|Run|208|Starting Category: Ruota porta filtri, Item: SwitchFilter, Filter: L-Pro
2026-09-13T00:18:05.3349|INFO|SequenceItem.cs|Run|254|Finishing Category: Ruota porta filtri, Item: SwitchFilter, Filter: L-Pro
2026-09-13T00:18:05.3354|INFO|SequenceTrigger.cs|Run|114|Starting Trigger: DitherAfterExposures, After Exposures: 1
2026-09-13T00:18:05.3355|INFO|SequenceItem.cs|Run|208|Starting Category: * Set di Istruzioni *, Container: NINA.Sequencer.Container.SequentialContainer, Strategy: SequentialStrategy, Items[CREATED]: 1
2026-09-13T00:18:05.3356|INFO|SequenceItem.cs|Run|208|Starting Category: Guida, Item: Dither
2026-09-13T00:18:07.5770|INFO|HocusFocusStarDetection.cs|Detect|413|Average HFR: 5.530654821741178, HFR MAD: 0.6186624654989643, Detected Stars 122, Region: 0
2026-09-13T00:18:07.9446|INFO|BaseImageData.cs|SaveToDisk|346|Saved image to D:\Images NINA\Target\LIGHT_1x1_600.00s_15_132_M 27_Celestron C8__-10.00C_L-Pro_0267_2026-09-13_00-07-59_FWHM_8.97_Fok_39033.xisf
2026-09-13T00:18:07.9447|INFO|ImageSaveController.cs|DoWork|97|Successfully saved file at D:\Images NINA\Target\LIGHT_1x1_600.00s_15_132_M 27_Celestron C8__-10.00C_L-Pro_0267_2026-09-13_00-07-59_FWHM_8.97_Fok_39033.xisf. Duration Total: 00:00:02.3212001; BeforeSave: 00:00:00.0000756; BeforeFinalizeImageSaved: 00:00:02.2902660; FinalizeSaveTime: 00:00:00.0308579
2026-09-13T00:18:22.5141|INFO|SequenceItem.cs|Run|254|Finishing Category: Guida, Item: Dither
2026-09-13T00:18:22.5163|INFO|SequenceItem.cs|Run|254|Finishing Category: * Set di Istruzioni *, Container: NINA.Sequencer.Container.SequentialContainer, Strategy: SequentialStrategy, Items[FINISHED]: 1
2026-09-13T00:18:22.5169|INFO|MeridianFlipTrigger.cs|ShouldTrigger|296|Meridian Flip - (Side of Pier usage is disabled) There is still time remaining. Max remaining time 09:26:23.9528734, next instruction time 600, next instruction Category: Fotocamera, Item: TakeExposure, ExposureTime 600, Gain 15, Offset 132, ImageType LIGHT, Binning 1x1
2026-09-13T00:18:22.5170|INFO|SequenceTrigger.cs|Run|114|Starting Trigger: RestoreGuiding
2026-09-13T00:18:22.5171|INFO|SequenceItem.cs|Run|208|Starting Category: * Set di Istruzioni *, Container: NINA.Sequencer.Container.SequentialContainer, Strategy: SequentialStrategy, Items[CREATED]: 1
2026-09-13T00:18:22.5171|INFO|SequenceItem.cs|Run|208|Starting Category: Guida, Item: StartGuiding
2026-09-13T00:18:22.5790|INFO|PHD2Guider.cs|StartGuidingPrivate|504|Phd2 - App is already guiding. Skipping start guiding
2026-09-13T00:18:22.5801|INFO|SequenceItem.cs|Run|254|Finishing Category: Guida, Item: StartGuiding
2026-09-13T00:18:22.5803|INFO|SequenceItem.cs|Run|254|Finishing Category: * Set di Istruzioni *, Container: NINA.Sequencer.Container.SequentialContainer, Strategy: SequentialStrategy, Items[FINISHED]: 1
2026-09-13T00:18:22.5808|INFO|SequenceItem.cs|Run|208|Starting Category: Fotocamera, Item: TakeExposure, ExposureTime 600, Gain 15, Offset 132, ImageType LIGHT, Binning 1x1
2026-09-13T00:18:22.5812|INFO|CameraVM.cs|Capture|742|Starting Exposure - Exposure Time: 600s; Filter: ; Gain: 15; Offset 132; Binning: 1x1;
2026-09-13T00:28:24.4026|WARNING|DeviceUpdateTimer.cs|Run|115|Dome value update cycle took longer than the device poll interval (Total: 4.19s > 2s; Poll: 00:00:00.0103366; Update: 00:00:04.1819587)
2026-09-13T00:28:28.7798|WARNING|DeviceUpdateTimer.cs|Run|115|Camera value update cycle took longer than the device poll interval (Total: 11.69s > 2s; Poll: 00:00:11.6853721; Update: 00:00:00.0033990)
2026-09-13T00:28:28.8196|INFO|SequenceItem.cs|Run|254|Finishing Category: Fotocamera, Item: TakeExposure, ExposureTime 600, Gain 15, Offset 132, ImageType LIGHT, Binning 1x1
2026-09-13T00:28:28.8203|INFO|MeridianFlipTrigger.cs|ShouldTrigger|296|Meridian Flip - (Side of Pier usage is disabled) There is still time remaining. Max remaining time 09:16:16.3991800, next instruction time 0, next instruction Category: Ruota porta filtri, Item: SwitchFilter, Filter: L-Pro
2026-09-13T00:28:28.8203|INFO|SequenceItem.cs|Run|208|Starting Category: Ruota porta filtri, Item: SwitchFilter, Filter: L-Pro
2026-09-13T00:28:28.9495|INFO|SequenceItem.cs|Run|254|Finishing Category: Ruota porta filtri, Item: SwitchFilter, Filter: L-Pro
2026-09-13T00:28:28.9498|INFO|SequenceTrigger.cs|Run|114|Starting Trigger: DitherAfterExposures, After Exposures: 1
2026-09-13T00:28:28.9499|INFO|SequenceItem.cs|Run|208|Starting Category: * Set di Istruzioni *, Container: NINA.Sequencer.Container.SequentialContainer, Strategy: SequentialStrategy, Items[CREATED]: 1
2026-09-13T00:28:28.9500|INFO|SequenceItem.cs|Run|208|Starting Category: Guida, Item: Dither
2026-09-13T00:28:31.4202|INFO|HocusFocusStarDetection.cs|Detect|413|Average HFR: 5.359149847391992, HFR MAD: 0.6079672322233041, Detected Stars 131, Region: 0
2026-09-13T00:28:31.8169|INFO|BaseImageData.cs|SaveToDisk|346|Saved image to D:\Images NINA\Target\LIGHT_1x1_600.00s_15_132_M 27_Celestron C8__-9.96C_L-Pro_0268_2026-09-13_00-18-22_FWHM_8.58_Fok_39033.xisf
2026-09-13T00:28:31.8170|INFO|ImageSaveController.cs|DoWork|97|Successfully saved file at D:\Images NINA\Target\LIGHT_1x1_600.00s_15_132_M 27_Celestron C8__-9.96C_L-Pro_0268_2026-09-13_00-18-22_FWHM_8.58_Fok_39033.xisf. Duration Total: 00:00:02.6787777; BeforeSave: 00:00:00.0001000; BeforeFinalizeImageSaved: 00:00:02.6362040; FinalizeSaveTime: 00:00:00.0424733
2026-09-13T00:28:51.4619|INFO|SequenceItem.cs|Run|254|Finishing Category: Guida, Item: Dither
2026-09-13T00:28:51.4621|INFO|SequenceItem.cs|Run|254|Finishing Category: * Set di Istruzioni *, Container: NINA.Sequencer.Container.SequentialContainer, Strategy: SequentialStrategy, Items[FINISHED]: 1
2026-09-13T00:28:51.4627|INFO|MeridianFlipTrigger.cs|ShouldTrigger|296|Meridian Flip - (Side of Pier usage is disabled) There is still time remaining. Max remaining time 09:15:51.3862409, next instruction time 600, next instruction Category: Fotocamera, Item: TakeExposure, ExposureTime 600, Gain 15, Offset 132, ImageType LIGHT, Binning 1x1
2026-09-13T00:28:51.4628|INFO|SequenceTrigger.cs|Run|114|Starting Trigger: RestoreGuiding
2026-09-13T00:28:51.4628|INFO|SequenceItem.cs|Run|208|Starting Category: * Set di Istruzioni *, Container: NINA.Sequencer.Container.SequentialContainer, Strategy: SequentialStrategy, Items[CREATED]: 1
2026-09-13T00:28:51.4629|INFO|SequenceItem.cs|Run|208|Starting Category: Guida, Item: StartGuiding
2026-09-13T00:28:51.5084|INFO|PHD2Guider.cs|StartGuidingPrivate|504|Phd2 - App is already guiding. Skipping start guiding
2026-09-13T00:28:51.5087|INFO|SequenceItem.cs|Run|254|Finishing Category: Guida, Item: StartGuiding
2026-09-13T00:28:51.5090|INFO|SequenceItem.cs|Run|254|Finishing Category: * Set di Istruzioni *, Container: NINA.Sequencer.Container.SequentialContainer, Strategy: SequentialStrategy, Items[FINISHED]: 1
2026-09-13T00:28:51.5100|INFO|SequenceItem.cs|Run|208|Starting Category: Fotocamera, Item: TakeExposure, ExposureTime 600, Gain 15, Offset 132, ImageType LIGHT, Binning 1x1
2026-09-13T00:28:51.5199|INFO|CameraVM.cs|Capture|742|Starting Exposure - Exposure Time: 600s; Filter: ; Gain: 15; Offset 132; Binning: 1x1;
2026-09-13T00:38:57.7131|WARNING|DeviceUpdateTimer.cs|Run|115|Camera value update cycle took longer than the device poll interval (Total: 10.55s > 2s; Poll: 00:00:10.5482171; Update: 00:00:00.0004687)
2026-09-13T00:38:57.7139|INFO|SequenceItem.cs|Run|254|Finishing Category: Fotocamera, Item: TakeExposure, ExposureTime 600, Gain 15, Offset 132, ImageType LIGHT, Binning 1x1
2026-09-13T00:38:57.7146|INFO|MeridianFlipTrigger.cs|ShouldTrigger|296|Meridian Flip - (Side of Pier usage is disabled) There is still time remaining. Max remaining time 09:05:44.0081789, next instruction time 0, next instruction Category: Ruota porta filtri, Item: SwitchFilter, Filter: L-Pro
2026-09-13T00:38:57.7146|INFO|SequenceItem.cs|Run|208|Starting Category: Ruota porta filtri, Item: SwitchFilter, Filter: L-Pro
2026-09-13T00:38:57.8578|INFO|SequenceItem.cs|Run|254|Finishing Category: Ruota porta filtri, Item: SwitchFilter, Filter: L-Pro
2026-09-13T00:38:57.8581|INFO|SequenceTrigger.cs|Run|114|Starting Trigger: DitherAfterExposures, After Exposures: 1
2026-09-13T00:38:57.8582|INFO|SequenceItem.cs|Run|208|Starting Category: * Set di Istruzioni *, Container: NINA.Sequencer.Container.SequentialContainer, Strategy: SequentialStrategy, Items[CREATED]: 1
2026-09-13T00:38:57.8582|INFO|SequenceItem.cs|Run|208|Starting Category: Guida, Item: Dither
2026-09-13T00:38:58.0295|INFO|ImageSolver.cs|Solve|41|Platesolving with parameters: FocalLength: 1260 PixelSize: 4.54 SearchRadius: 30 BlindFailoverEnabled: True Regions: 5000 DownSampleFactor: 2 MaxObjects: 500 Reference Coordinates RA: 19:59:34 Dec: 24° 00' 32" Epoch: J2000
2026-09-13T00:38:58.3973|INFO|BaseImageData.cs|SaveToDisk|346|Saved image to C:\Users\PrimaLuceLab\AppData\Local\NINA\PlateSolver\dul25hzl.51c.fits
2026-09-13T00:39:00.9011|INFO|HocusFocusStarDetection.cs|Detect|413|Average HFR: 5.546935950830454, HFR MAD: 0.6630733680063585, Detected Stars 119, Region: 0
2026-09-13T00:39:01.3726|INFO|BaseImageData.cs|SaveToDisk|346|Saved image to D:\Images NINA\Target\LIGHT_1x1_600.00s_15_132_M 27_Celestron C8__-9.96C_L-Pro_0269_2026-09-13_00-28-51_FWHM_9.22_Fok_39033.xisf
2026-09-13T00:39:01.3727|INFO|ImageSaveController.cs|DoWork|97|Successfully saved file at D:\Images NINA\Target\LIGHT_1x1_600.00s_15_132_M 27_Celestron C8__-9.96C_L-Pro_0269_2026-09-13_00-28-51_FWHM_9.22_Fok_39033.xisf. Duration Total: 00:00:03.3433905; BeforeSave: 00:00:00.0000840; BeforeFinalizeImageSaved: 00:00:03.3033782; FinalizeSaveTime: 00:00:00.0399276
2026-09-13T00:39:16.7206|INFO|SequenceItem.cs|Run|254|Finishing Category: Guida, Item: Dither
2026-09-13T00:39:16.7207|INFO|SequenceItem.cs|Run|254|Finishing Category: * Set di Istruzioni *, Container: NINA.Sequencer.Container.SequentialContainer, Strategy: SequentialStrategy, Items[FINISHED]: 1
2026-09-13T00:39:16.7213|INFO|MeridianFlipTrigger.cs|ShouldTrigger|296|Meridian Flip - (Side of Pier usage is disabled) There is still time remaining. Max remaining time 09:05:25.6423339, next instruction time 600, next instruction Category: Fotocamera, Item: TakeExposure, ExposureTime 600, Gain 15, Offset 132, ImageType LIGHT, Binning 1x1
2026-09-13T00:39:16.7213|INFO|SequenceTrigger.cs|Run|114|Starting Trigger: RestoreGuiding
2026-09-13T00:39:16.7214|INFO|SequenceItem.cs|Run|208|Starting Category: * Set di Istruzioni *, Container: NINA.Sequencer.Container.SequentialContainer, Strategy: SequentialStrategy, Items[CREATED]: 1
2026-09-13T00:39:16.7214|INFO|SequenceItem.cs|Run|208|Starting Category: Guida, Item: StartGuiding
2026-09-13T00:39:16.7622|INFO|PHD2Guider.cs|StartGuidingPrivate|504|Phd2 - App is already guiding. Skipping start guiding
2026-09-13T00:39:16.7640|INFO|SequenceItem.cs|Run|254|Finishing Category: Guida, Item: StartGuiding
2026-09-13T00:39:16.7643|INFO|SequenceItem.cs|Run|254|Finishing Category: * Set di Istruzioni *, Container: NINA.Sequencer.Container.SequentialContainer, Strategy: SequentialStrategy, Items[FINISHED]: 1
2026-09-13T00:39:16.7648|INFO|SequenceItem.cs|Run|208|Starting Category: Fotocamera, Item: TakeExposure, ExposureTime 600, Gain 15, Offset 132, ImageType LIGHT, Binning 1x1
2026-09-13T00:39:16.7656|INFO|CameraVM.cs|Capture|742|Starting Exposure - Exposure Time: 600s; Filter: ; Gain: 15; Offset 132; Binning: 1x1;
2026-09-13T00:46:40.1299|ERROR|ASTAPSolver.cs|ReadResult|62|ASTAP - Plate solve failed.
 Star database limit was reached!

2026-09-13T00:46:40.1368|INFO|ImageSolver.cs|Solve|41|Platesolving with parameters: FocalLength: 1260 PixelSize: 4.54 SearchRadius: 30 BlindFailoverEnabled: True Regions: 5000 DownSampleFactor: 2 MaxObjects: 500 
2026-09-13T00:46:40.9052|INFO|BaseImageData.cs|SaveToDisk|346|Saved image to C:\Users\PrimaLuceLab\AppData\Local\NINA\PlateSolver\abacftyz.2lm.fits
2026-09-13T00:47:13.4405|INFO|AstrometryPlateSolver.cs|SubmitImageJob|166|Plate Solving: Astrometry.net: Submission 16057741 created for solving.
2026-09-13T00:48:00.0995|INFO|AstrometryPlateSolver.cs|GetJobResult|191|Plate Solving: Astrometry.net: Job 16870575 completed successfully.
2026-09-13T00:48:00.5230|INFO|AstrometryPlateSolver.cs|GetJobResult|201|Plate Solving: Astrometry.net: Job 16870575 successfully retrieved.
2026-09-13T00:48:00.5233|INFO|ImageSolver.cs|Solve|54|Platesolve successful: Coordinates: RA: 19:59:45; Dec: 22° 43' 41"; Epoch: J2000 - Position Angle: 73.15628859671722
2026-09-13T00:48:00.5234|INFO|ImageSolver.cs|Solve|54|Platesolve successful: Coordinates: RA: 19:59:45; Dec: 22° 43' 41"; Epoch: J2000 - Position Angle: 73.15628859671722
2026-09-13T00:48:00.5235|INFO|CenterAfterDriftTrigger.cs|PlatesolvingImageFollower_PropertyChanged|189|Drift: 2.055323794827941 / 3 arc minutes
2026-09-13T00:49:22.9373|WARNING|DeviceUpdateTimer.cs|Run|115|Camera value update cycle took longer than the device poll interval (Total: 11.78s > 2s; Poll: 00:00:11.7828233; Update: 00:00:00.0001862)
2026-09-13T00:49:22.9839|INFO|SequenceItem.cs|Run|254|Finishing Category: Fotocamera, Item: TakeExposure, ExposureTime 600, Gain 15, Offset 132, ImageType LIGHT, Binning 1x1
2026-09-13T00:49:23.0630|INFO|MeridianFlipTrigger.cs|ShouldTrigger|296|Meridian Flip - (Side of Pier usage is disabled) There is still time remaining. Max remaining time 08:55:18.3651270, next instruction time 0, next instruction Category: Ruota porta filtri, Item: SwitchFilter, Filter: L-Pro
2026-09-13T00:49:23.0631|INFO|SequenceItem.cs|Run|208|Starting Category: Ruota porta filtri, Item: SwitchFilter, Filter: L-Pro
2026-09-13T00:49:23.3233|INFO|SequenceItem.cs|Run|254|Finishing Category: Ruota porta filtri, Item: SwitchFilter, Filter: L-Pro
2026-09-13T00:49:23.3238|INFO|SequenceTrigger.cs|Run|114|Starting Trigger: DitherAfterExposures, After Exposures: 1
2026-09-13T00:49:23.3239|INFO|SequenceItem.cs|Run|208|Starting Category: * Set di Istruzioni *, Container: NINA.Sequencer.Container.SequentialContainer, Strategy: SequentialStrategy, Items[CREATED]: 1
2026-09-13T00:49:23.3240|INFO|SequenceItem.cs|Run|208|Starting Category: Guida, Item: Dither
2026-09-13T00:49:25.4157|INFO|HocusFocusStarDetection.cs|Detect|413|Average HFR: 5.391501697268542, HFR MAD: 0.609426754389081, Detected Stars 135, Region: 0
2026-09-13T00:49:25.8215|INFO|BaseImageData.cs|SaveToDisk|346|Saved image to D:\Images NINA\Target\LIGHT_1x1_600.00s_15_132_M 27_Celestron C8__-9.96C_L-Pro_0270_2026-09-13_00-39-16_FWHM_9.08_Fok_39033.xisf
2026-09-13T00:49:25.8216|INFO|ImageSaveController.cs|DoWork|97|Successfully saved file at D:\Images NINA\Target\LIGHT_1x1_600.00s_15_132_M 27_Celestron C8__-9.96C_L-Pro_0270_2026-09-13_00-39-16_FWHM_9.08_Fok_39033.xisf. Duration Total: 00:00:02.5067669; BeforeSave: 00:00:00.0062525; BeforeFinalizeImageSaved: 00:00:02.4389431; FinalizeSaveTime: 00:00:00.0615708
2026-09-13T00:49:51.0884|INFO|SequenceItem.cs|Run|254|Finishing Category: Guida, Item: Dither
2026-09-13T00:49:51.0895|INFO|SequenceItem.cs|Run|254|Finishing Category: * Set di Istruzioni *, Container: NINA.Sequencer.Container.SequentialContainer, Strategy: SequentialStrategy, Items[FINISHED]: 1
2026-09-13T00:49:51.0904|INFO|MeridianFlipTrigger.cs|ShouldTrigger|296|Meridian Flip - (Side of Pier usage is disabled) There is still time remaining. Max remaining time 08:54:49.4203143, next instruction time 600, next instruction Category: Fotocamera, Item: TakeExposure, ExposureTime 600, Gain 15, Offset 132, ImageType LIGHT, Binning 1x1
2026-09-13T00:49:51.0905|INFO|SequenceTrigger.cs|Run|114|Starting Trigger: RestoreGuiding
2026-09-13T00:49:51.0906|INFO|SequenceItem.cs|Run|208|Starting Category: * Set di Istruzioni *, Container: NINA.Sequencer.Container.SequentialContainer, Strategy: SequentialStrategy, Items[CREATED]: 1
2026-09-13T00:49:51.0906|INFO|SequenceItem.cs|Run|208|Starting Category: Guida, Item: StartGuiding
2026-09-13T00:49:51.1238|INFO|PHD2Guider.cs|StartGuidingPrivate|504|Phd2 - App is already guiding. Skipping start guiding
2026-09-13T00:49:51.1259|INFO|SequenceItem.cs|Run|254|Finishing Category: Guida, Item: StartGuiding
2026-09-13T00:49:51.1262|INFO|SequenceItem.cs|Run|254|Finishing Category: * Set di Istruzioni *, Container: NINA.Sequencer.Container.SequentialContainer, Strategy: SequentialStrategy, Items[FINISHED]: 1
2026-09-13T00:49:51.1266|INFO|SequenceItem.cs|Run|208|Starting Category: Fotocamera, Item: TakeExposure, ExposureTime 600, Gain 15, Offset 132, ImageType LIGHT, Binning 1x1
2026-09-13T00:49:51.1277|INFO|CameraVM.cs|Capture|742|Starting Exposure - Exposure Time: 600s; Filter: ; Gain: 15; Offset 132; Binning: 1x1;
2026-09-13T00:59:57.3823|INFO|SequenceItem.cs|Run|254|Finishing Category: Fotocamera, Item: TakeExposure, ExposureTime 600, Gain 15, Offset 132, ImageType LIGHT, Binning 1x1
2026-09-13T00:59:57.3831|INFO|MeridianFlipTrigger.cs|ShouldTrigger|296|Meridian Flip - (Side of Pier usage is disabled) There is still time remaining. Max remaining time 08:44:40.5490213, next instruction time 0, next instruction Category: Ruota porta filtri, Item: SwitchFilter, Filter: L-Pro
2026-09-13T00:59:57.3831|INFO|SequenceItem.cs|Run|208|Starting Category: Ruota porta filtri, Item: SwitchFilter, Filter: L-Pro
2026-09-13T00:59:57.3835|WARNING|DeviceUpdateTimer.cs|Run|115|Camera value update cycle took longer than the device poll interval (Total: 9.99s > 2s; Poll: 00:00:09.9897565; Update: 00:00:00.0000659)
2026-09-13T00:59:57.5405|INFO|SequenceItem.cs|Run|254|Finishing Category: Ruota porta filtri, Item: SwitchFilter, Filter: L-Pro
2026-09-13T00:59:57.5408|INFO|SequenceTrigger.cs|Run|114|Starting Trigger: DitherAfterExposures, After Exposures: 1
2026-09-13T00:59:57.5408|INFO|SequenceItem.cs|Run|208|Starting Category: * Set di Istruzioni *, Container: NINA.Sequencer.Container.SequentialContainer, Strategy: SequentialStrategy, Items[CREATED]: 1
2026-09-13T00:59:57.5409|INFO|SequenceItem.cs|Run|208|Starting Category: Guida, Item: Dither
2026-09-13T00:59:59.6660|INFO|HocusFocusStarDetection.cs|Detect|413|Average HFR: 5.298369663996206, HFR MAD: 0.5978777003086311, Detected Stars 139, Region: 0
2026-09-13T01:00:00.1217|INFO|BaseImageData.cs|SaveToDisk|346|Saved image to D:\Images NINA\Target\LIGHT_1x1_600.00s_15_132_M 27_Celestron C8__-9.96C_L-Pro_0271_2026-09-13_00-49-51_FWHM_9.57_Fok_39033.xisf
2026-09-13T01:00:00.1218|INFO|ImageSaveController.cs|DoWork|97|Successfully saved file at D:\Images NINA\Target\LIGHT_1x1_600.00s_15_132_M 27_Celestron C8__-9.96C_L-Pro_0271_2026-09-13_00-49-51_FWHM_9.57_Fok_39033.xisf. Duration Total: 00:00:02.3379405; BeforeSave: 00:00:00.0000775; BeforeFinalizeImageSaved: 00:00:02.2865306; FinalizeSaveTime: 00:00:00.0513319
2026-09-13T01:00:29.3978|INFO|SequenceItem.cs|Run|254|Finishing Category: Guida, Item: Dither
2026-09-13T01:00:29.3995|INFO|SequenceItem.cs|Run|254|Finishing Category: * Set di Istruzioni *, Container: NINA.Sequencer.Container.SequentialContainer, Strategy: SequentialStrategy, Items[FINISHED]: 1
2026-09-13T01:00:29.4006|INFO|MeridianFlipTrigger.cs|ShouldTrigger|296|Meridian Flip - (Side of Pier usage is disabled) There is still time remaining. Max remaining time 08:44:09.2121614, next instruction time 600, next instruction Category: Fotocamera, Item: TakeExposure, ExposureTime 600, Gain 15, Offset 132, ImageType LIGHT, Binning 1x1
2026-09-13T01:00:29.4007|INFO|SequenceTrigger.cs|Run|114|Starting Trigger: RestoreGuiding
2026-09-13T01:00:29.4008|INFO|SequenceItem.cs|Run|208|Starting Category: * Set di Istruzioni *, Container: NINA.Sequencer.Container.SequentialContainer, Strategy: SequentialStrategy, Items[CREATED]: 1
2026-09-13T01:00:29.4010|INFO|SequenceItem.cs|Run|208|Starting Category: Guida, Item: StartGuiding
2026-09-13T01:00:29.4251|INFO|PHD2Guider.cs|StartGuidingPrivate|504|Phd2 - App is already guiding. Skipping start guiding
2026-09-13T01:00:29.4293|INFO|SequenceItem.cs|Run|254|Finishing Category: Guida, Item: StartGuiding
2026-09-13T01:00:29.4295|INFO|SequenceItem.cs|Run|254|Finishing Category: * Set di Istruzioni *, Container: NINA.Sequencer.Container.SequentialContainer, Strategy: SequentialStrategy, Items[FINISHED]: 1
2026-09-13T01:00:29.4298|INFO|SequenceItem.cs|Run|208|Starting Category: Fotocamera, Item: TakeExposure, ExposureTime 600, Gain 15, Offset 132, ImageType LIGHT, Binning 1x1
2026-09-13T01:00:29.4425|INFO|CameraVM.cs|Capture|742|Starting Exposure - Exposure Time: 600s; Filter: ; Gain: 15; Offset 132; Binning: 1x1;
2026-09-13T01:10:27.6639|WARNING|DeviceUpdateTimer.cs|Run|115|Dome value update cycle took longer than the device poll interval (Total: 2.50s > 2s; Poll: 00:00:00.1401377; Update: 00:00:02.3619773)
2026-09-13T01:10:35.7397|WARNING|DeviceUpdateTimer.cs|Run|115|Camera value update cycle took longer than the device poll interval (Total: 10.58s > 2s; Poll: 00:00:10.5811695; Update: 00:00:00.0001277)
2026-09-13T01:10:35.7817|INFO|SequenceItem.cs|Run|254|Finishing Category: Fotocamera, Item: TakeExposure, ExposureTime 600, Gain 15, Offset 132, ImageType LIGHT, Binning 1x1
2026-09-13T01:10:35.7824|INFO|MeridianFlipTrigger.cs|ShouldTrigger|296|Meridian Flip - (Side of Pier usage is disabled) There is still time remaining. Max remaining time 08:34:01.5094917, next instruction time 0, next instruction Category: Ruota porta filtri, Item: SwitchFilter, Filter: L-Pro
2026-09-13T01:10:35.7825|INFO|SequenceItem.cs|Run|208|Starting Category: Ruota porta filtri, Item: SwitchFilter, Filter: L-Pro
2026-09-13T01:10:35.9196|INFO|SequenceItem.cs|Run|254|Finishing Category: Ruota porta filtri, Item: SwitchFilter, Filter: L-Pro
2026-09-13T01:10:35.9199|INFO|SequenceTrigger.cs|Run|114|Starting Trigger: DitherAfterExposures, After Exposures: 1
2026-09-13T01:10:35.9200|INFO|SequenceItem.cs|Run|208|Starting Category: * Set di Istruzioni *, Container: NINA.Sequencer.Container.SequentialContainer, Strategy: SequentialStrategy, Items[CREATED]: 1
2026-09-13T01:10:35.9201|INFO|SequenceItem.cs|Run|208|Starting Category: Guida, Item: Dither
2026-09-13T01:10:38.1952|INFO|HocusFocusStarDetection.cs|Detect|413|Average HFR: 5.603953782687625, HFR MAD: 0.6316238493429926, Detected Stars 127, Region: 0
2026-09-13T01:10:38.5967|INFO|BaseImageData.cs|SaveToDisk|346|Saved image to D:\Images NINA\Target\LIGHT_1x1_600.00s_15_132_M 27_Celestron C8__-9.91C_L-Pro_0272_2026-09-13_01-00-29_FWHM_9.76_Fok_39033.xisf
2026-09-13T01:10:38.5968|INFO|ImageSaveController.cs|DoWork|97|Successfully saved file at D:\Images NINA\Target\LIGHT_1x1_600.00s_15_132_M 27_Celestron C8__-9.91C_L-Pro_0272_2026-09-13_01-00-29_FWHM_9.76_Fok_39033.xisf. Duration Total: 00:00:02.3348262; BeforeSave: 00:00:00.0000786; BeforeFinalizeImageSaved: 00:00:02.2909391; FinalizeSaveTime: 00:00:00.0438081
2026-09-13T01:10:52.7258|INFO|SequenceItem.cs|Run|254|Finishing Category: Guida, Item: Dither
2026-09-13T01:10:52.7278|INFO|SequenceItem.cs|Run|254|Finishing Category: * Set di Istruzioni *, Container: NINA.Sequencer.Container.SequentialContainer, Strategy: SequentialStrategy, Items[FINISHED]: 1
2026-09-13T01:10:52.7293|INFO|MeridianFlipTrigger.cs|ShouldTrigger|296|Meridian Flip - (Side of Pier usage is disabled) There is still time remaining. Max remaining time 08:33:45.3412474, next instruction time 600, next instruction Category: Fotocamera, Item: TakeExposure, ExposureTime 600, Gain 15, Offset 132, ImageType LIGHT, Binning 1x1
2026-09-13T01:10:52.7294|INFO|SequenceTrigger.cs|Run|114|Starting Trigger: RestoreGuiding
2026-09-13T01:10:52.7294|INFO|SequenceItem.cs|Run|208|Starting Category: * Set di Istruzioni *, Container: NINA.Sequencer.Container.SequentialContainer, Strategy: SequentialStrategy, Items[CREATED]: 1
2026-09-13T01:10:52.7295|INFO|SequenceItem.cs|Run|208|Starting Category: Guida, Item: StartGuiding
2026-09-13T01:10:52.7669|INFO|PHD2Guider.cs|StartGuidingPrivate|504|Phd2 - App is already guiding. Skipping start guiding
2026-09-13T01:10:52.7673|INFO|SequenceItem.cs|Run|254|Finishing Category: Guida, Item: StartGuiding
2026-09-13T01:10:52.7675|INFO|SequenceItem.cs|Run|254|Finishing Category: * Set di Istruzioni *, Container: NINA.Sequencer.Container.SequentialContainer, Strategy: SequentialStrategy, Items[FINISHED]: 1
2026-09-13T01:10:52.7678|INFO|SequenceItem.cs|Run|208|Starting Category: Fotocamera, Item: TakeExposure, ExposureTime 600, Gain 15, Offset 132, ImageType LIGHT, Binning 1x1
2026-09-13T01:10:52.7756|INFO|CameraVM.cs|Capture|742|Starting Exposure - Exposure Time: 600s; Filter: ; Gain: 15; Offset 132; Binning: 1x1;
2026-09-13T01:20:58.9639|WARNING|DeviceUpdateTimer.cs|Run|115|Camera value update cycle took longer than the device poll interval (Total: 11.61s > 2s; Poll: 00:00:11.6110909; Update: 00:00:00.0001917)
2026-09-13T01:20:58.9945|INFO|SequenceItem.cs|Run|254|Finishing Category: Fotocamera, Item: TakeExposure, ExposureTime 600, Gain 15, Offset 132, ImageType LIGHT, Binning 1x1
2026-09-13T01:20:58.9954|INFO|MeridianFlipTrigger.cs|ShouldTrigger|296|Meridian Flip - (Side of Pier usage is disabled) There is still time remaining. Max remaining time 08:23:36.6798440, next instruction time 0, next instruction Category: Ruota porta filtri, Item: SwitchFilter, Filter: L-Pro
2026-09-13T01:20:58.9955|INFO|SequenceItem.cs|Run|208|Starting Category: Ruota porta filtri, Item: SwitchFilter, Filter: L-Pro
2026-09-13T01:20:59.2271|INFO|SequenceItem.cs|Run|254|Finishing Category: Ruota porta filtri, Item: SwitchFilter, Filter: L-Pro
2026-09-13T01:20:59.2573|INFO|SequenceTrigger.cs|Run|114|Starting Trigger: DitherAfterExposures, After Exposures: 1
2026-09-13T01:20:59.2575|INFO|SequenceItem.cs|Run|208|Starting Category: * Set di Istruzioni *, Container: NINA.Sequencer.Container.SequentialContainer, Strategy: SequentialStrategy, Items[CREATED]: 1
2026-09-13T01:20:59.2576|INFO|SequenceItem.cs|Run|208|Starting Category: Guida, Item: Dither
2026-09-13T01:21:01.1581|INFO|HocusFocusStarDetection.cs|Detect|413|Average HFR: 5.831577345920532, HFR MAD: 0.6938414791525007, Detected Stars 113, Region: 0
2026-09-13T01:21:01.6395|INFO|BaseImageData.cs|SaveToDisk|346|Saved image to D:\Images NINA\Target\LIGHT_1x1_600.00s_15_132_M 27_Celestron C8__-9.96C_L-Pro_0273_2026-09-13_01-10-52_FWHM_10.37_Fok_39033.xisf
2026-09-13T01:21:01.6396|INFO|ImageSaveController.cs|DoWork|97|Successfully saved file at D:\Images NINA\Target\LIGHT_1x1_600.00s_15_132_M 27_Celestron C8__-9.96C_L-Pro_0273_2026-09-13_01-10-52_FWHM_10.37_Fok_39033.xisf. Duration Total: 00:00:02.3626070; BeforeSave: 00:00:00.0000943; BeforeFinalizeImageSaved: 00:00:02.2866005; FinalizeSaveTime: 00:00:00.0759114
2026-09-13T01:21:16.9020|INFO|SequenceItem.cs|Run|254|Finishing Category: Guida, Item: Dither
2026-09-13T01:21:16.9025|INFO|SequenceItem.cs|Run|254|Finishing Category: * Set di Istruzioni *, Container: NINA.Sequencer.Container.SequentialContainer, Strategy: SequentialStrategy, Items[FINISHED]: 1
2026-09-13T01:21:16.9038|INFO|MeridianFlipTrigger.cs|ShouldTrigger|296|Meridian Flip - (Side of Pier usage is disabled) There is still time remaining. Max remaining time 08:23:20.3457632, next instruction time 600, next instruction Category: Fotocamera, Item: TakeExposure, ExposureTime 600, Gain 15, Offset 132, ImageType LIGHT, Binning 1x1
2026-09-13T01:21:16.9038|INFO|SequenceTrigger.cs|Run|114|Starting Trigger: RestoreGuiding
2026-09-13T01:21:16.9039|INFO|SequenceItem.cs|Run|208|Starting Category: * Set di Istruzioni *, Container: NINA.Sequencer.Container.SequentialContainer, Strategy: SequentialStrategy, Items[CREATED]: 1
2026-09-13T01:21:16.9040|INFO|SequenceItem.cs|Run|208|Starting Category: Guida, Item: StartGuiding
2026-09-13T01:21:16.9561|INFO|PHD2Guider.cs|StartGuidingPrivate|504|Phd2 - App is already guiding. Skipping start guiding
2026-09-13T01:21:16.9602|INFO|SequenceItem.cs|Run|254|Finishing Category: Guida, Item: StartGuiding
2026-09-13T01:21:16.9605|INFO|SequenceItem.cs|Run|254|Finishing Category: * Set di Istruzioni *, Container: NINA.Sequencer.Container.SequentialContainer, Strategy: SequentialStrategy, Items[FINISHED]: 1
2026-09-13T01:21:16.9617|INFO|SequenceItem.cs|Run|208|Starting Category: Fotocamera, Item: TakeExposure, ExposureTime 600, Gain 15, Offset 132, ImageType LIGHT, Binning 1x1
2026-09-13T01:21:16.9697|INFO|CameraVM.cs|Capture|742|Starting Exposure - Exposure Time: 600s; Filter: ; Gain: 15; Offset 132; Binning: 1x1;
2026-09-13T01:31:22.9085|WARNING|DeviceUpdateTimer.cs|Run|115|Dome value update cycle took longer than the device poll interval (Total: 3.74s > 2s; Poll: 00:00:00.0032913; Update: 00:00:03.7385388)
2026-09-13T01:31:23.2857|WARNING|DeviceUpdateTimer.cs|Run|115|Camera value update cycle took longer than the device poll interval (Total: 8.53s > 2s; Poll: 00:00:08.5320164; Update: 00:00:00.0001378)
2026-09-13T01:31:23.3486|INFO|SequenceItem.cs|Run|254|Finishing Category: Fotocamera, Item: TakeExposure, ExposureTime 600, Gain 15, Offset 132, ImageType LIGHT, Binning 1x1
2026-09-13T01:31:23.3493|INFO|MeridianFlipTrigger.cs|ShouldTrigger|296|Meridian Flip - (Side of Pier usage is disabled) There is still time remaining. Max remaining time 08:13:11.1223850, next instruction time 0, next instruction Category: Ruota porta filtri, Item: SwitchFilter, Filter: L-Pro
2026-09-13T01:31:23.3494|INFO|SequenceItem.cs|Run|208|Starting Category: Ruota porta filtri, Item: SwitchFilter, Filter: L-Pro
2026-09-13T01:31:23.5642|INFO|SequenceItem.cs|Run|254|Finishing Category: Ruota porta filtri, Item: SwitchFilter, Filter: L-Pro
2026-09-13T01:31:23.5646|INFO|SequenceTrigger.cs|Run|114|Starting Trigger: DitherAfterExposures, After Exposures: 1
2026-09-13T01:31:23.5647|INFO|SequenceItem.cs|Run|208|Starting Category: * Set di Istruzioni *, Container: NINA.Sequencer.Container.SequentialContainer, Strategy: SequentialStrategy, Items[CREATED]: 1
2026-09-13T01:31:23.5647|INFO|SequenceItem.cs|Run|208|Starting Category: Guida, Item: Dither
2026-09-13T01:31:23.6573|INFO|ImageSolver.cs|Solve|41|Platesolving with parameters: FocalLength: 1260 PixelSize: 4.54 SearchRadius: 30 BlindFailoverEnabled: True Regions: 5000 DownSampleFactor: 2 MaxObjects: 500 Reference Coordinates RA: 19:59:36 Dec: 24° 26' 34" Epoch: J2000
2026-09-13T01:31:24.2680|INFO|BaseImageData.cs|SaveToDisk|346|Saved image to C:\Users\PrimaLuceLab\AppData\Local\NINA\PlateSolver\k2zpjeht.age.fits
2026-09-13T01:31:26.4356|INFO|HocusFocusStarDetection.cs|Detect|413|Average HFR: 5.780320525725774, HFR MAD: 0.669998995011766, Detected Stars 124, Region: 0
2026-09-13T01:31:27.0906|INFO|BaseImageData.cs|SaveToDisk|346|Saved image to D:\Images NINA\Target\LIGHT_1x1_600.00s_15_132_M 27_Celestron C8__-9.96C_L-Pro_0274_2026-09-13_01-21-17_FWHM_10.16_Fok_39033.xisf
2026-09-13T01:31:27.0908|INFO|ImageSaveController.cs|DoWork|97|Successfully saved file at D:\Images NINA\Target\LIGHT_1x1_600.00s_15_132_M 27_Celestron C8__-9.96C_L-Pro_0274_2026-09-13_01-21-17_FWHM_10.16_Fok_39033.xisf. Duration Total: 00:00:03.4335787; BeforeSave: 00:00:00.0000808; BeforeFinalizeImageSaved: 00:00:03.2881081; FinalizeSaveTime: 00:00:00.1453891
2026-09-13T01:31:40.8582|INFO|SequenceItem.cs|Run|254|Finishing Category: Guida, Item: Dither
2026-09-13T01:31:40.8584|INFO|SequenceItem.cs|Run|254|Finishing Category: * Set di Istruzioni *, Container: NINA.Sequencer.Container.SequentialContainer, Strategy: SequentialStrategy, Items[FINISHED]: 1
2026-09-13T01:31:40.8590|INFO|MeridianFlipTrigger.cs|ShouldTrigger|296|Meridian Flip - (Side of Pier usage is disabled) There is still time remaining. Max remaining time 08:12:53.8471060, next instruction time 600, next instruction Category: Fotocamera, Item: TakeExposure, ExposureTime 600, Gain 15, Offset 132, ImageType LIGHT, Binning 1x1
2026-09-13T01:31:40.8590|INFO|SequenceTrigger.cs|Run|114|Starting Trigger: RestoreGuiding
2026-09-13T01:31:40.8590|INFO|SequenceItem.cs|Run|208|Starting Category: * Set di Istruzioni *, Container: NINA.Sequencer.Container.SequentialContainer, Strategy: SequentialStrategy, Items[CREATED]: 1
2026-09-13T01:31:40.8591|INFO|SequenceItem.cs|Run|208|Starting Category: Guida, Item: StartGuiding
2026-09-13T01:31:40.8924|INFO|PHD2Guider.cs|StartGuidingPrivate|504|Phd2 - App is already guiding. Skipping start guiding
2026-09-13T01:31:40.8963|INFO|SequenceItem.cs|Run|254|Finishing Category: Guida, Item: StartGuiding
2026-09-13T01:31:40.8975|INFO|SequenceItem.cs|Run|254|Finishing Category: * Set di Istruzioni *, Container: NINA.Sequencer.Container.SequentialContainer, Strategy: SequentialStrategy, Items[FINISHED]: 1
2026-09-13T01:31:40.8976|INFO|SequenceItem.cs|Run|208|Starting Category: Fotocamera, Item: TakeExposure, ExposureTime 600, Gain 15, Offset 132, ImageType LIGHT, Binning 1x1
2026-09-13T01:31:40.9234|INFO|CameraVM.cs|Capture|742|Starting Exposure - Exposure Time: 600s; Filter: ; Gain: 15; Offset 132; Binning: 1x1;
2026-09-13T01:37:18.3943|ERROR|ASTAPSolver.cs|ReadResult|62|ASTAP - Plate solve failed.
 Star database limit was reached!

2026-09-13T01:37:18.4024|INFO|ImageSolver.cs|Solve|41|Platesolving with parameters: FocalLength: 1260 PixelSize: 4.54 SearchRadius: 30 BlindFailoverEnabled: True Regions: 5000 DownSampleFactor: 2 MaxObjects: 500 
2026-09-13T01:37:19.1998|INFO|BaseImageData.cs|SaveToDisk|346|Saved image to C:\Users\PrimaLuceLab\AppData\Local\NINA\PlateSolver\q0ikwgey.hk1.fits
2026-09-13T01:38:00.0108|INFO|AstrometryPlateSolver.cs|SubmitImageJob|166|Plate Solving: Astrometry.net: Submission 16057958 created for solving.
2026-09-13T01:38:25.1607|INFO|AstrometryPlateSolver.cs|GetJobResult|191|Plate Solving: Astrometry.net: Job 16870892 completed successfully.
2026-09-13T01:38:25.5905|INFO|AstrometryPlateSolver.cs|GetJobResult|201|Plate Solving: Astrometry.net: Job 16870892 successfully retrieved.
2026-09-13T01:38:25.5908|INFO|ImageSolver.cs|Solve|54|Platesolve successful: Coordinates: RA: 19:59:47; Dec: 22° 43' 33"; Epoch: J2000 - Position Angle: 73.16777136461656
2026-09-13T01:38:25.5909|INFO|ImageSolver.cs|Solve|54|Platesolve successful: Coordinates: RA: 19:59:47; Dec: 22° 43' 33"; Epoch: J2000 - Position Angle: 73.16777136461656
2026-09-13T01:38:25.5911|INFO|CenterAfterDriftTrigger.cs|PlatesolvingImageFollower_PropertyChanged|189|Drift: 2.3751295778296444 / 3 arc minutes
2026-09-13T01:41:37.5723|WARNING|DeviceUpdateTimer.cs|Run|115|Dome value update cycle took longer than the device poll interval (Total: 2.40s > 2s; Poll: 00:00:00.0037704; Update: 00:00:02.4004969)
2026-09-13T01:41:47.1183|WARNING|DeviceUpdateTimer.cs|Run|115|Camera value update cycle took longer than the device poll interval (Total: 11.93s > 2s; Poll: 00:00:11.9253191; Update: 00:00:00.0001279)
2026-09-13T01:41:47.1190|INFO|SequenceItem.cs|Run|254|Finishing Category: Fotocamera, Item: TakeExposure, ExposureTime 600, Gain 15, Offset 132, ImageType LIGHT, Binning 1x1
2026-09-13T01:41:47.1196|INFO|MeridianFlipTrigger.cs|ShouldTrigger|296|Meridian Flip - (Side of Pier usage is disabled) There is still time remaining. Max remaining time 08:02:46.2024743, next instruction time 0, next instruction Category: Ruota porta filtri, Item: SwitchFilter, Filter: L-Pro
2026-09-13T01:41:47.1197|INFO|SequenceItem.cs|Run|208|Starting Category: Ruota porta filtri, Item: SwitchFilter, Filter: L-Pro
2026-09-13T01:41:47.2757|INFO|SequenceItem.cs|Run|254|Finishing Category: Ruota porta filtri, Item: SwitchFilter, Filter: L-Pro
2026-09-13T01:41:47.2760|INFO|SequenceTrigger.cs|Run|114|Starting Trigger: DitherAfterExposures, After Exposures: 1
2026-09-13T01:41:47.2761|INFO|SequenceItem.cs|Run|208|Starting Category: * Set di Istruzioni *, Container: NINA.Sequencer.Container.SequentialContainer, Strategy: SequentialStrategy, Items[CREATED]: 1
2026-09-13T01:41:47.2761|INFO|SequenceItem.cs|Run|208|Starting Category: Guida, Item: Dither
2026-09-13T01:41:49.2473|INFO|HocusFocusStarDetection.cs|Detect|413|Average HFR: 5.99795709764404, HFR MAD: 0.6654625473381204, Detected Stars 105, Region: 0
2026-09-13T01:41:49.5450|INFO|BaseImageData.cs|SaveToDisk|346|Saved image to D:\Images NINA\Target\LIGHT_1x1_600.00s_15_132_M 27_Celestron C8__-9.96C_L-Pro_0275_2026-09-13_01-31-41_FWHM_10.55_Fok_39033.xisf
2026-09-13T01:41:49.5452|INFO|ImageSaveController.cs|DoWork|97|Successfully saved file at D:\Images NINA\Target\LIGHT_1x1_600.00s_15_132_M 27_Celestron C8__-9.96C_L-Pro_0275_2026-09-13_01-31-41_FWHM_10.55_Fok_39033.xisf. Duration Total: 00:00:02.0707439; BeforeSave: 00:00:00.0000665; BeforeFinalizeImageSaved: 00:00:02.0255705; FinalizeSaveTime: 00:00:00.0451062
2026-09-13T01:42:17.9553|INFO|SequenceItem.cs|Run|254|Finishing Category: Guida, Item: Dither
2026-09-13T01:42:17.9555|INFO|SequenceItem.cs|Run|254|Finishing Category: * Set di Istruzioni *, Container: NINA.Sequencer.Container.SequentialContainer, Strategy: SequentialStrategy, Items[FINISHED]: 1
2026-09-13T01:42:17.9560|INFO|MeridianFlipTrigger.cs|ShouldTrigger|296|Meridian Flip - (Side of Pier usage is disabled) There is still time remaining. Max remaining time 08:02:16.5038278, next instruction time 600, next instruction Category: Fotocamera, Item: TakeExposure, ExposureTime 600, Gain 15, Offset 132, ImageType LIGHT, Binning 1x1
2026-09-13T01:42:17.9561|INFO|SequenceTrigger.cs|Run|114|Starting Trigger: RestoreGuiding
2026-09-13T01:42:17.9561|INFO|SequenceItem.cs|Run|208|Starting Category: * Set di Istruzioni *, Container: NINA.Sequencer.Container.SequentialContainer, Strategy: SequentialStrategy, Items[CREATED]: 1
2026-09-13T01:42:17.9562|INFO|SequenceItem.cs|Run|208|Starting Category: Guida, Item: StartGuiding
2026-09-13T01:42:17.9884|INFO|PHD2Guider.cs|StartGuidingPrivate|504|Phd2 - App is already guiding. Skipping start guiding
2026-09-13T01:42:17.9933|INFO|SequenceItem.cs|Run|254|Finishing Category: Guida, Item: StartGuiding
2026-09-13T01:42:17.9935|INFO|SequenceItem.cs|Run|254|Finishing Category: * Set di Istruzioni *, Container: NINA.Sequencer.Container.SequentialContainer, Strategy: SequentialStrategy, Items[FINISHED]: 1
2026-09-13T01:42:17.9937|INFO|SequenceItem.cs|Run|208|Starting Category: Fotocamera, Item: TakeExposure, ExposureTime 600, Gain 15, Offset 132, ImageType LIGHT, Binning 1x1
2026-09-13T01:42:17.9945|INFO|CameraVM.cs|Capture|742|Starting Exposure - Exposure Time: 600s; Filter: ; Gain: 15; Offset 132; Binning: 1x1;
2026-09-13T01:52:18.9386|WARNING|DeviceUpdateTimer.cs|Run|115|Dome value update cycle took longer than the device poll interval (Total: 5.77s > 2s; Poll: 00:00:00.0058762; Update: 00:00:05.7651787)
2026-09-13T01:52:24.1619|WARNING|DeviceUpdateTimer.cs|Run|115|Camera value update cycle took longer than the device poll interval (Total: 9.79s > 2s; Poll: 00:00:09.7901489; Update: 00:00:00.0003849)
2026-09-13T01:52:24.2565|INFO|SequenceItem.cs|Run|254|Finishing Category: Fotocamera, Item: TakeExposure, ExposureTime 600, Gain 15, Offset 132, ImageType LIGHT, Binning 1x1
2026-09-13T01:52:24.2575|INFO|MeridianFlipTrigger.cs|ShouldTrigger|296|Meridian Flip - (Side of Pier usage is disabled) There is still time remaining. Max remaining time 07:52:08.5490764, next instruction time 0, next instruction Category: Ruota porta filtri, Item: SwitchFilter, Filter: L-Pro
2026-09-13T01:52:24.2575|INFO|SequenceItem.cs|Run|208|Starting Category: Ruota porta filtri, Item: SwitchFilter, Filter: L-Pro
2026-09-13T01:52:24.4133|INFO|SequenceItem.cs|Run|254|Finishing Category: Ruota porta filtri, Item: SwitchFilter, Filter: L-Pro
2026-09-13T01:52:24.4136|INFO|SequenceTrigger.cs|Run|114|Starting Trigger: DitherAfterExposures, After Exposures: 1
2026-09-13T01:52:24.4136|INFO|SequenceItem.cs|Run|208|Starting Category: * Set di Istruzioni *, Container: NINA.Sequencer.Container.SequentialContainer, Strategy: SequentialStrategy, Items[CREATED]: 1
2026-09-13T01:52:24.4137|INFO|SequenceItem.cs|Run|208|Starting Category: Guida, Item: Dither
2026-09-13T01:52:26.2811|INFO|HocusFocusStarDetection.cs|Detect|413|Average HFR: 5.98159341975183, HFR MAD: 0.6901277075994425, Detected Stars 107, Region: 0
2026-09-13T01:52:26.7010|INFO|BaseImageData.cs|SaveToDisk|346|Saved image to D:\Images NINA\Target\LIGHT_1x1_600.00s_15_132_M 27_Celestron C8__-9.91C_L-Pro_0276_2026-09-13_01-42-18_FWHM_10.39_Fok_39033.xisf
2026-09-13T01:52:26.7011|INFO|ImageSaveController.cs|DoWork|97|Successfully saved file at D:\Images NINA\Target\LIGHT_1x1_600.00s_15_132_M 27_Celestron C8__-9.91C_L-Pro_0276_2026-09-13_01-42-18_FWHM_10.39_Fok_39033.xisf. Duration Total: 00:00:02.1266026; BeforeSave: 00:00:00.0000738; BeforeFinalizeImageSaved: 00:00:02.0861831; FinalizeSaveTime: 00:00:00.0403451
2026-09-13T01:52:41.8094|INFO|SequenceItem.cs|Run|254|Finishing Category: Guida, Item: Dither
2026-09-13T01:52:41.8096|INFO|SequenceItem.cs|Run|254|Finishing Category: * Set di Istruzioni *, Container: NINA.Sequencer.Container.SequentialContainer, Strategy: SequentialStrategy, Items[FINISHED]: 1
2026-09-13T01:52:41.8102|INFO|MeridianFlipTrigger.cs|ShouldTrigger|296|Meridian Flip - (Side of Pier usage is disabled) There is still time remaining. Max remaining time 07:51:50.5418018, next instruction time 600, next instruction Category: Fotocamera, Item: TakeExposure, ExposureTime 600, Gain 15, Offset 132, ImageType LIGHT, Binning 1x1
2026-09-13T01:52:41.8102|INFO|SequenceTrigger.cs|Run|114|Starting Trigger: RestoreGuiding
2026-09-13T01:52:41.8103|INFO|SequenceItem.cs|Run|208|Starting Category: * Set di Istruzioni *, Container: NINA.Sequencer.Container.SequentialContainer, Strategy: SequentialStrategy, Items[CREATED]: 1
2026-09-13T01:52:41.8103|INFO|SequenceItem.cs|Run|208|Starting Category: Guida, Item: StartGuiding
2026-09-13T01:52:41.8551|INFO|PHD2Guider.cs|StartGuidingPrivate|504|Phd2 - App is already guiding. Skipping start guiding
2026-09-13T01:52:41.8553|INFO|SequenceItem.cs|Run|254|Finishing Category: Guida, Item: StartGuiding
2026-09-13T01:52:41.8554|INFO|SequenceItem.cs|Run|254|Finishing Category: * Set di Istruzioni *, Container: NINA.Sequencer.Container.SequentialContainer, Strategy: SequentialStrategy, Items[FINISHED]: 1
2026-09-13T01:52:41.8556|INFO|SequenceItem.cs|Run|208|Starting Category: Fotocamera, Item: TakeExposure, ExposureTime 600, Gain 15, Offset 132, ImageType LIGHT, Binning 1x1
2026-09-13T01:52:41.8560|INFO|CameraVM.cs|Capture|742|Starting Exposure - Exposure Time: 600s; Filter: ; Gain: 15; Offset 132; Binning: 1x1;
2026-09-13T02:02:48.0608|WARNING|DeviceUpdateTimer.cs|Run|115|Camera value update cycle took longer than the device poll interval (Total: 10.28s > 2s; Poll: 00:00:10.2493218; Update: 00:00:00.0269670)
2026-09-13T02:02:48.0816|INFO|SequenceItem.cs|Run|254|Finishing Category: Fotocamera, Item: TakeExposure, ExposureTime 600, Gain 15, Offset 132, ImageType LIGHT, Binning 1x1
2026-09-13T02:02:48.0824|INFO|MeridianFlipTrigger.cs|ShouldTrigger|296|Meridian Flip - (Side of Pier usage is disabled) There is still time remaining. Max remaining time 07:41:42.9262832, next instruction time 0, next instruction Category: Ruota porta filtri, Item: SwitchFilter, Filter: L-Pro
2026-09-13T02:02:48.0825|INFO|SequenceItem.cs|Run|208|Starting Category: Ruota porta filtri, Item: SwitchFilter, Filter: L-Pro
2026-09-13T02:02:48.2302|INFO|SequenceItem.cs|Run|254|Finishing Category: Ruota porta filtri, Item: SwitchFilter, Filter: L-Pro
2026-09-13T02:02:48.2306|INFO|SequenceTrigger.cs|Run|114|Starting Trigger: DitherAfterExposures, After Exposures: 1
2026-09-13T02:02:48.2307|INFO|SequenceItem.cs|Run|208|Starting Category: * Set di Istruzioni *, Container: NINA.Sequencer.Container.SequentialContainer, Strategy: SequentialStrategy, Items[CREATED]: 1
2026-09-13T02:02:48.2308|INFO|SequenceItem.cs|Run|208|Starting Category: Guida, Item: Dither
2026-09-13T02:02:50.2325|INFO|HocusFocusStarDetection.cs|Detect|413|Average HFR: 5.920237217541931, HFR MAD: 0.7477920127953475, Detected Stars 117, Region: 0
2026-09-13T02:02:50.6170|INFO|BaseImageData.cs|SaveToDisk|346|Saved image to D:\Images NINA\Target\LIGHT_1x1_600.00s_15_132_M 27_Celestron C8__-9.96C_L-Pro_0277_2026-09-13_01-52-41_FWHM_10.32_Fok_39033.xisf
2026-09-13T02:02:50.6171|INFO|ImageSaveController.cs|DoWork|97|Successfully saved file at D:\Images NINA\Target\LIGHT_1x1_600.00s_15_132_M 27_Celestron C8__-9.96C_L-Pro_0277_2026-09-13_01-52-41_FWHM_10.32_Fok_39033.xisf. Duration Total: 00:00:02.2517785; BeforeSave: 00:00:00.0000698; BeforeFinalizeImageSaved: 00:00:02.2247671; FinalizeSaveTime: 00:00:00.0269411
2026-09-13T02:03:06.2926|INFO|SequenceItem.cs|Run|254|Finishing Category: Guida, Item: Dither
2026-09-13T02:03:06.2928|INFO|SequenceItem.cs|Run|254|Finishing Category: * Set di Istruzioni *, Container: NINA.Sequencer.Container.SequentialContainer, Strategy: SequentialStrategy, Items[FINISHED]: 1
2026-09-13T02:03:06.2934|INFO|MeridianFlipTrigger.cs|ShouldTrigger|296|Meridian Flip - (Side of Pier usage is disabled) There is still time remaining. Max remaining time 07:41:25.5807154, next instruction time 600, next instruction Category: Fotocamera, Item: TakeExposure, ExposureTime 600, Gain 15, Offset 132, ImageType LIGHT, Binning 1x1
2026-09-13T02:03:06.2936|INFO|SequenceTrigger.cs|Run|114|Starting Trigger: RestoreGuiding
2026-09-13T02:03:06.2936|INFO|SequenceItem.cs|Run|208|Starting Category: * Set di Istruzioni *, Container: NINA.Sequencer.Container.SequentialContainer, Strategy: SequentialStrategy, Items[CREATED]: 1
2026-09-13T02:03:06.2937|INFO|SequenceItem.cs|Run|208|Starting Category: Guida, Item: StartGuiding
2026-09-13T02:03:06.3311|INFO|PHD2Guider.cs|StartGuidingPrivate|504|Phd2 - App is already guiding. Skipping start guiding
2026-09-13T02:03:06.3360|INFO|SequenceItem.cs|Run|254|Finishing Category: Guida, Item: StartGuiding
2026-09-13T02:03:06.3362|INFO|SequenceItem.cs|Run|254|Finishing Category: * Set di Istruzioni *, Container: NINA.Sequencer.Container.SequentialContainer, Strategy: SequentialStrategy, Items[FINISHED]: 1
2026-09-13T02:03:06.3364|INFO|SequenceItem.cs|Run|208|Starting Category: Fotocamera, Item: TakeExposure, ExposureTime 600, Gain 15, Offset 132, ImageType LIGHT, Binning 1x1
2026-09-13T02:03:06.3496|INFO|CameraVM.cs|Capture|742|Starting Exposure - Exposure Time: 600s; Filter: ; Gain: 15; Offset 132; Binning: 1x1;
2026-09-13T02:13:09.2956|WARNING|DeviceUpdateTimer.cs|Run|115|Dome value update cycle took longer than the device poll interval (Total: 4.69s > 2s; Poll: 00:00:00.0131544; Update: 00:00:04.6754679)
2026-09-13T02:13:12.5175|WARNING|DeviceUpdateTimer.cs|Run|115|Camera value update cycle took longer than the device poll interval (Total: 11.07s > 2s; Poll: 00:00:11.0689793; Update: 00:00:00.0001569)
2026-09-13T02:13:12.5628|INFO|SequenceItem.cs|Run|254|Finishing Category: Fotocamera, Item: TakeExposure, ExposureTime 600, Gain 15, Offset 132, ImageType LIGHT, Binning 1x1
2026-09-13T02:13:12.5636|INFO|MeridianFlipTrigger.cs|ShouldTrigger|296|Meridian Flip - (Side of Pier usage is disabled) There is still time remaining. Max remaining time 07:31:17.8159911, next instruction time 0, next instruction Category: Ruota porta filtri, Item: SwitchFilter, Filter: L-Pro
2026-09-13T02:13:12.5636|INFO|SequenceItem.cs|Run|208|Starting Category: Ruota porta filtri, Item: SwitchFilter, Filter: L-Pro
2026-09-13T02:13:12.6945|INFO|SequenceItem.cs|Run|254|Finishing Category: Ruota porta filtri, Item: SwitchFilter, Filter: L-Pro
2026-09-13T02:13:12.6948|INFO|SequenceTrigger.cs|Run|114|Starting Trigger: DitherAfterExposures, After Exposures: 1
2026-09-13T02:13:12.6949|INFO|SequenceItem.cs|Run|208|Starting Category: * Set di Istruzioni *, Container: NINA.Sequencer.Container.SequentialContainer, Strategy: SequentialStrategy, Items[CREATED]: 1
2026-09-13T02:13:12.6950|INFO|SequenceItem.cs|Run|208|Starting Category: Guida, Item: Dither
2026-09-13T02:13:14.6442|INFO|HocusFocusStarDetection.cs|Detect|413|Average HFR: 5.953192690764341, HFR MAD: 0.7175807823173583, Detected Stars 114, Region: 0
2026-09-13T02:13:15.1045|INFO|BaseImageData.cs|SaveToDisk|346|Saved image to D:\Images NINA\Target\LIGHT_1x1_600.00s_15_132_M 27_Celestron C8__-10.00C_L-Pro_0278_2026-09-13_02-03-06_FWHM_10.48_Fok_39033.xisf
2026-09-13T02:13:15.1046|INFO|ImageSaveController.cs|DoWork|97|Successfully saved file at D:\Images NINA\Target\LIGHT_1x1_600.00s_15_132_M 27_Celestron C8__-10.00C_L-Pro_0278_2026-09-13_02-03-06_FWHM_10.48_Fok_39033.xisf. Duration Total: 00:00:02.2096144; BeforeSave: 00:00:00.0001002; BeforeFinalizeImageSaved: 00:00:02.1135208; FinalizeSaveTime: 00:00:00.0959926
2026-09-13T02:13:41.8466|INFO|SequenceItem.cs|Run|254|Finishing Category: Guida, Item: Dither
2026-09-13T02:13:41.8468|INFO|SequenceItem.cs|Run|254|Finishing Category: * Set di Istruzioni *, Container: NINA.Sequencer.Container.SequentialContainer, Strategy: SequentialStrategy, Items[FINISHED]: 1
2026-09-13T02:13:41.8473|INFO|MeridianFlipTrigger.cs|ShouldTrigger|296|Meridian Flip - (Side of Pier usage is disabled) There is still time remaining. Max remaining time 07:30:48.6062839, next instruction time 600, next instruction Category: Fotocamera, Item: TakeExposure, ExposureTime 600, Gain 15, Offset 132, ImageType LIGHT, Binning 1x1
2026-09-13T02:13:41.8474|INFO|SequenceTrigger.cs|Run|114|Starting Trigger: RestoreGuiding
2026-09-13T02:13:41.8474|INFO|SequenceItem.cs|Run|208|Starting Category: * Set di Istruzioni *, Container: NINA.Sequencer.Container.SequentialContainer, Strategy: SequentialStrategy, Items[CREATED]: 1
2026-09-13T02:13:41.8475|INFO|SequenceItem.cs|Run|208|Starting Category: Guida, Item: StartGuiding
2026-09-13T02:13:41.8755|INFO|PHD2Guider.cs|StartGuidingPrivate|504|Phd2 - App is already guiding. Skipping start guiding
2026-09-13T02:13:41.8974|INFO|SequenceItem.cs|Run|254|Finishing Category: Guida, Item: StartGuiding
2026-09-13T02:13:41.8975|INFO|SequenceItem.cs|Run|254|Finishing Category: * Set di Istruzioni *, Container: NINA.Sequencer.Container.SequentialContainer, Strategy: SequentialStrategy, Items[FINISHED]: 1
2026-09-13T02:13:41.8978|INFO|SequenceItem.cs|Run|208|Starting Category: Fotocamera, Item: TakeExposure, ExposureTime 600, Gain 15, Offset 132, ImageType LIGHT, Binning 1x1
2026-09-13T02:13:41.8984|INFO|CameraVM.cs|Capture|742|Starting Exposure - Exposure Time: 600s; Filter: ; Gain: 15; Offset 132; Binning: 1x1;
2026-09-13T02:23:48.0872|WARNING|DeviceUpdateTimer.cs|Run|115|Camera value update cycle took longer than the device poll interval (Total: 10.99s > 2s; Poll: 00:00:10.9927111; Update: 00:00:00.0015939)
2026-09-13T02:23:48.1436|INFO|SequenceItem.cs|Run|254|Finishing Category: Fotocamera, Item: TakeExposure, ExposureTime 600, Gain 15, Offset 132, ImageType LIGHT, Binning 1x1
2026-09-13T02:23:48.1443|INFO|MeridianFlipTrigger.cs|ShouldTrigger|296|Meridian Flip - (Side of Pier usage is disabled) There is still time remaining. Max remaining time 07:20:40.9132385, next instruction time 0, next instruction Category: Ruota porta filtri, Item: SwitchFilter, Filter: L-Pro
2026-09-13T02:23:48.1444|INFO|SequenceItem.cs|Run|208|Starting Category: Ruota porta filtri, Item: SwitchFilter, Filter: L-Pro
2026-09-13T02:23:48.2819|INFO|SequenceItem.cs|Run|254|Finishing Category: Ruota porta filtri, Item: SwitchFilter, Filter: L-Pro
2026-09-13T02:23:48.2822|INFO|SequenceTrigger.cs|Run|114|Starting Trigger: DitherAfterExposures, After Exposures: 1
2026-09-13T02:23:48.2823|INFO|SequenceItem.cs|Run|208|Starting Category: * Set di Istruzioni *, Container: NINA.Sequencer.Container.SequentialContainer, Strategy: SequentialStrategy, Items[CREATED]: 1
2026-09-13T02:23:48.2823|INFO|SequenceItem.cs|Run|208|Starting Category: Guida, Item: Dither
2026-09-13T02:23:48.4136|INFO|ImageSolver.cs|Solve|41|Platesolving with parameters: FocalLength: 1260 PixelSize: 4.54 SearchRadius: 30 BlindFailoverEnabled: True Regions: 5000 DownSampleFactor: 2 MaxObjects: 500 Reference Coordinates RA: 19:59:38 Dec: 24° 52' 43" Epoch: J2000
2026-09-13T02:23:48.9287|INFO|BaseImageData.cs|SaveToDisk|346|Saved image to C:\Users\PrimaLuceLab\AppData\Local\NINA\PlateSolver\0r1laukg.aqf.fits
2026-09-13T02:23:50.9216|INFO|HocusFocusStarDetection.cs|Detect|413|Average HFR: 5.982307167882332, HFR MAD: 0.7438525944445429, Detected Stars 107, Region: 0
2026-09-13T02:23:51.4274|INFO|BaseImageData.cs|SaveToDisk|346|Saved image to D:\Images NINA\Target\LIGHT_1x1_600.00s_15_132_M 27_Celestron C8__-9.96C_L-Pro_0279_2026-09-13_02-13-42_FWHM_10.54_Fok_39033.xisf
2026-09-13T02:23:51.4276|INFO|ImageSaveController.cs|DoWork|97|Successfully saved file at D:\Images NINA\Target\LIGHT_1x1_600.00s_15_132_M 27_Celestron C8__-9.96C_L-Pro_0279_2026-09-13_02-13-42_FWHM_10.54_Fok_39033.xisf. Duration Total: 00:00:03.0141185; BeforeSave: 00:00:00.0000728; BeforeFinalizeImageSaved: 00:00:02.9577690; FinalizeSaveTime: 00:00:00.0562762
2026-09-13T02:24:12.0541|INFO|SequenceItem.cs|Run|254|Finishing Category: Guida, Item: Dither
2026-09-13T02:24:12.0546|INFO|SequenceItem.cs|Run|254|Finishing Category: * Set di Istruzioni *, Container: NINA.Sequencer.Container.SequentialContainer, Strategy: SequentialStrategy, Items[FINISHED]: 1
2026-09-13T02:24:12.0553|INFO|MeridianFlipTrigger.cs|ShouldTrigger|296|Meridian Flip - (Side of Pier usage is disabled) There is still time remaining. Max remaining time 07:20:17.7985956, next instruction time 600, next instruction Category: Fotocamera, Item: TakeExposure, ExposureTime 600, Gain 15, Offset 132, ImageType LIGHT, Binning 1x1
2026-09-13T02:24:12.0553|INFO|SequenceTrigger.cs|Run|114|Starting Trigger: RestoreGuiding
2026-09-13T02:24:12.0554|INFO|SequenceItem.cs|Run|208|Starting Category: * Set di Istruzioni *, Container: NINA.Sequencer.Container.SequentialContainer, Strategy: SequentialStrategy, Items[CREATED]: 1
2026-09-13T02:24:12.0556|INFO|SequenceItem.cs|Run|208|Starting Category: Guida, Item: StartGuiding
2026-09-13T02:24:12.0930|INFO|PHD2Guider.cs|StartGuidingPrivate|504|Phd2 - App is already guiding. Skipping start guiding
2026-09-13T02:24:12.0932|INFO|SequenceItem.cs|Run|254|Finishing Category: Guida, Item: StartGuiding
2026-09-13T02:24:12.0933|INFO|SequenceItem.cs|Run|254|Finishing Category: * Set di Istruzioni *, Container: NINA.Sequencer.Container.SequentialContainer, Strategy: SequentialStrategy, Items[FINISHED]: 1
2026-09-13T02:24:12.0936|INFO|AutofocusAfterHFRIncreaseTrigger.cs|ShouldTrigger|221|Autofocus after HFR change should be triggered, as current HFR trend is 5.25% higher compared to threshold of 5%
2026-09-13T02:24:12.0938|INFO|SequenceTrigger.cs|Run|114|Starting Trigger: AutofocusAfterHFRIncreaseTrigger, Amount: 5
2026-09-13T02:24:12.0947|INFO|SequenceItem.cs|Run|208|Starting Category: * Set di Istruzioni *, Container: NINA.Sequencer.Container.SequentialContainer, Strategy: SequentialStrategy, Items[CREATED]: 1
2026-09-13T02:24:12.0949|INFO|SequenceItem.cs|Run|208|Starting Category: Focheggiatore, Item: RunAutofocus
2026-09-13T02:24:12.3306|INFO|FocuserMediator.cs|BroadcastAutoFocusRunStarting|92|Autofocus starting notification received
2026-09-13T02:24:13.4667|INFO|AutoFocusEngine.cs|RunAutoFocus|929|Starting AutoFocus with initial position 39033
2026-09-13T02:24:13.6111|INFO|CameraVM.cs|Capture|742|Starting Exposure - Exposure Time: 6s; Filter: L-Pro; Gain: 15; Offset 132; Binning: 2x2;
2026-09-13T02:24:20.9312|INFO|AutoFocusEngine.cs|StartBlindFocusPoints|769|Waiting on initial HFR analysis
2026-09-13T02:24:20.9318|INFO|FocuserVM.cs|MoveFocuserInternal|216|Moving Focuser to position 39833
2026-09-13T02:24:21.8898|INFO|HocusFocusStarDetection.cs|Detect|413|Average HFR: 3.0397880523141563, HFR MAD: 0.3554486243274777, Detected Stars 145, Region: 0
2026-09-13T02:24:26.1142|WARNING|DeviceUpdateTimer.cs|Run|115|Dome value update cycle took longer than the device poll interval (Total: 4.72s > 2s; Poll: 00:00:00.0479127; Update: 00:00:04.6764432)
2026-09-13T02:24:30.3904|INFO|CameraVM.cs|Capture|742|Starting Exposure - Exposure Time: 6s; Filter: L-Pro; Gain: 15; Offset 132; Binning: 2x2;
2026-09-13T02:24:37.7018|INFO|FocuserVM.cs|MoveFocuserInternal|216|Moving Focuser to position 39633
2026-09-13T02:24:38.2865|INFO|HocusFocusStarDetection.cs|Detect|413|Average HFR: 2.2537183736894124, HFR MAD: 0.23979102432643984, Detected Stars 187, Region: 0
2026-09-13T02:24:44.5132|INFO|CameraVM.cs|Capture|742|Starting Exposure - Exposure Time: 6s; Filter: L-Pro; Gain: 15; Offset 132; Binning: 2x2;
2026-09-13T02:24:51.8408|INFO|FocuserVM.cs|MoveFocuserInternal|216|Moving Focuser to position 39433
2026-09-13T02:24:52.6297|INFO|HocusFocusStarDetection.cs|Detect|413|Average HFR: 2.2130325103492656, HFR MAD: 0.21568634694366007, Detected Stars 209, Region: 0
2026-09-13T02:24:58.3721|INFO|CameraVM.cs|Capture|742|Starting Exposure - Exposure Time: 6s; Filter: L-Pro; Gain: 15; Offset 132; Binning: 2x2;
2026-09-13T02:25:05.6922|INFO|FocuserVM.cs|MoveFocuserInternal|216|Moving Focuser to position 39233
2026-09-13T02:25:06.5308|INFO|HocusFocusStarDetection.cs|Detect|413|Average HFR: 2.3435577503176184, HFR MAD: 0.2562471366378287, Detected Stars 198, Region: 0
2026-09-13T02:25:12.4103|INFO|CameraVM.cs|Capture|742|Starting Exposure - Exposure Time: 6s; Filter: L-Pro; Gain: 15; Offset 132; Binning: 2x2;
2026-09-13T02:25:19.7225|INFO|AutoFocusEngine.cs|StartBlindFocusPoints|797|Waiting on initial focuser move analyses
2026-09-13T02:25:20.4379|INFO|HocusFocusStarDetection.cs|Detect|413|Average HFR: 2.721457093714294, HFR MAD: 0.32527555875817704, Detected Stars 166, Region: 0
2026-09-13T02:25:20.5072|INFO|FocuserVM.cs|MoveFocuserInternal|216|Moving Focuser to position 39033
2026-09-13T02:25:26.4590|INFO|CameraVM.cs|Capture|742|Starting Exposure - Exposure Time: 6s; Filter: L-Pro; Gain: 15; Offset 132; Binning: 2x2;
2026-09-13T02:25:33.9619|INFO|AutoFocusEngine.cs|StartBlindFocusPoints|870|Waiting on next left movement analysis
2026-09-13T02:25:34.6408|INFO|HocusFocusStarDetection.cs|Detect|413|Average HFR: 3.278103329532984, HFR MAD: 0.484460302674, Detected Stars 69, Region: 0
2026-09-13T02:25:34.6818|INFO|FocuserVM.cs|MoveFocuserInternal|216|Moving Focuser to position 38833
2026-09-13T02:25:40.3577|INFO|CameraVM.cs|Capture|742|Starting Exposure - Exposure Time: 6s; Filter: L-Pro; Gain: 15; Offset 132; Binning: 2x2;
2026-09-13T02:25:47.6709|INFO|AutoFocusEngine.cs|StartBlindFocusPoints|870|Waiting on next left movement analysis
2026-09-13T02:25:48.3804|INFO|HocusFocusStarDetection.cs|Detect|413|Average HFR: 3.0333250120253865, HFR MAD: 0.3426087901092174, Detected Stars 159, Region: 0
2026-09-13T02:25:48.4456|INFO|FocuserVM.cs|MoveFocuserInternal|216|Moving Focuser to position 38633
2026-09-13T02:25:54.4029|INFO|CameraVM.cs|Capture|742|Starting Exposure - Exposure Time: 6s; Filter: L-Pro; Gain: 15; Offset 132; Binning: 2x2;
2026-09-13T02:26:01.7146|INFO|AutoFocusEngine.cs|StartBlindFocusPoints|870|Waiting on next left movement analysis
2026-09-13T02:26:02.3852|INFO|HocusFocusStarDetection.cs|Detect|413|Average HFR: 3.4068902840224293, HFR MAD: 0.40953968642540506, Detected Stars 124, Region: 0
2026-09-13T02:26:02.5133|INFO|FocuserVM.cs|MoveFocuserInternal|216|Moving Focuser to position 40033
2026-09-13T02:26:14.3990|INFO|CameraVM.cs|Capture|742|Starting Exposure - Exposure Time: 6s; Filter: L-Pro; Gain: 15; Offset 132; Binning: 2x2;
2026-09-13T02:26:21.7143|INFO|AutoFocusEngine.cs|StartBlindFocusPoints|884|Waiting on next right movement analysis
2026-09-13T02:26:22.4387|INFO|HocusFocusStarDetection.cs|Detect|413|Average HFR: 2.2080573159404935, HFR MAD: 0.1986720586038504, Detected Stars 196, Region: 0
2026-09-13T02:26:22.7639|INFO|FocuserVM.cs|MoveFocuserInternal|216|Moving Focuser to position 40233
2026-09-13T02:26:28.4717|INFO|CameraVM.cs|Capture|742|Starting Exposure - Exposure Time: 6s; Filter: L-Pro; Gain: 15; Offset 132; Binning: 2x2;
2026-09-13T02:26:35.9372|INFO|AutoFocusEngine.cs|StartBlindFocusPoints|884|Waiting on next right movement analysis
2026-09-13T02:26:36.5748|INFO|HocusFocusStarDetection.cs|Detect|413|Average HFR: 2.6845396694355133, HFR MAD: 0.2682129971169287, Detected Stars 118, Region: 0
2026-09-13T02:26:36.7161|INFO|AutoFocusEngine.cs|StartBlindFocusPoints|823|Enough left trend points (4) with an established minimum (40033) to queue remaining right focus points up to 40833
2026-09-13T02:26:36.7165|INFO|FocuserVM.cs|MoveFocuserInternal|216|Moving Focuser to position 40433
2026-09-13T02:26:42.4151|INFO|CameraVM.cs|Capture|742|Starting Exposure - Exposure Time: 6s; Filter: L-Pro; Gain: 15; Offset 132; Binning: 2x2;
2026-09-13T02:26:49.7269|INFO|FocuserVM.cs|MoveFocuserInternal|216|Moving Focuser to position 40633
2026-09-13T02:26:50.5109|INFO|HocusFocusStarDetection.cs|Detect|413|Average HFR: 2.088055887633798, HFR MAD: 0.18604058925289224, Detected Stars 202, Region: 0
2026-09-13T02:26:55.4114|INFO|CameraVM.cs|Capture|742|Starting Exposure - Exposure Time: 6s; Filter: L-Pro; Gain: 15; Offset 132; Binning: 2x2;
2026-09-13T02:27:02.7819|INFO|FocuserVM.cs|MoveFocuserInternal|216|Moving Focuser to position 40833
2026-09-13T02:27:03.4664|INFO|HocusFocusStarDetection.cs|Detect|413|Average HFR: 1.90485296819294, HFR MAD: 0.16851856869385018, Detected Stars 202, Region: 0
2026-09-13T02:27:08.4644|INFO|CameraVM.cs|Capture|742|Starting Exposure - Exposure Time: 6s; Filter: L-Pro; Gain: 15; Offset 132; Binning: 2x2;
2026-09-13T02:27:15.7791|INFO|AutoFocusEngine.cs|StartBlindFocusPoints|896|Waiting on remaining AutoFocus analysis tasks
2026-09-13T02:27:16.4383|INFO|HocusFocusStarDetection.cs|Detect|413|Average HFR: 2.2361163564709434, HFR MAD: 0.2456375332239913, Detected Stars 158, Region: 0
2026-09-13T02:27:16.6446|INFO|FocuserVM.cs|MoveFocuserInternal|216|Moving Focuser to position 40604
2026-09-13T02:27:22.2360|INFO|AutoFocusEngine.cs|ValidateCalculatedFocusPosition|1141|Validating HFR at final focus position 40604
2026-09-13T02:27:22.3544|INFO|CameraVM.cs|Capture|742|Starting Exposure - Exposure Time: 6s; Filter: L-Pro; Gain: 15; Offset 132; Binning: 2x2;
2026-09-13T02:27:30.6892|INFO|HocusFocusStarDetection.cs|Detect|413|Average HFR: 3.458911801611002, HFR MAD: 0.6813246441599459, Detected Stars 22, Region: 0
2026-09-13T02:27:30.6899|INFO|HocusFocusVM.cs|AutoFocusEngine_Completed|473|AutoFocus completed with focuser starting at 39033 and ending at 40604
2026-09-13T02:27:30.7795|INFO|FocuserMediator.cs|BroadcastSuccessfulAutoFocusRun|46|Autofocus notification received - Temperature 20.75
2026-09-13T02:27:30.9832|INFO|AutoFocusEngine.cs|PerformPostAutoFocusActions|1022|Re-enabling temperature compensation after AutoFocus
2026-09-13T02:27:31.2982|INFO|PHD2Guider.cs|TryStartGuideCommand|641|Phd2 - Requesting to start guiding. Recalibrate: False
2026-09-13T02:27:56.5099|INFO|SequenceItem.cs|Run|254|Finishing Category: Focheggiatore, Item: RunAutofocus
2026-09-13T02:27:56.5101|INFO|SequenceItem.cs|Run|254|Finishing Category: * Set di Istruzioni *, Container: NINA.Sequencer.Container.SequentialContainer, Strategy: SequentialStrategy, Items[FINISHED]: 1
2026-09-13T02:27:56.5105|INFO|SequenceItem.cs|Run|208|Starting Category: Fotocamera, Item: TakeExposure, ExposureTime 600, Gain 15, Offset 132, ImageType LIGHT, Binning 1x1
2026-09-13T02:27:56.5112|INFO|CameraVM.cs|Capture|742|Starting Exposure - Exposure Time: 600s; Filter: ; Gain: 15; Offset 132; Binning: 1x1;
2026-09-13T02:28:26.9195|ERROR|ASTAPSolver.cs|ReadResult|62|ASTAP - Plate solve failed.
 Star database limit was reached!

2026-09-13T02:28:26.9262|INFO|ImageSolver.cs|Solve|41|Platesolving with parameters: FocalLength: 1260 PixelSize: 4.54 SearchRadius: 30 BlindFailoverEnabled: True Regions: 5000 DownSampleFactor: 2 MaxObjects: 500 
2026-09-13T02:28:27.7356|INFO|BaseImageData.cs|SaveToDisk|346|Saved image to C:\Users\PrimaLuceLab\AppData\Local\NINA\PlateSolver\u0atni3h.qha.fits
2026-09-13T02:28:57.2250|INFO|AstrometryPlateSolver.cs|SubmitImageJob|166|Plate Solving: Astrometry.net: Submission 16058115 created for solving.
2026-09-13T02:31:27.1622|INFO|AstrometryPlateSolver.cs|GetJobResult|191|Plate Solving: Astrometry.net: Job 16871094 completed successfully.
2026-09-13T02:31:27.5545|INFO|AstrometryPlateSolver.cs|GetJobResult|201|Plate Solving: Astrometry.net: Job 16871094 successfully retrieved.
2026-09-13T02:31:27.5547|INFO|ImageSolver.cs|Solve|54|Platesolve successful: Coordinates: RA: 19:59:49; Dec: 22° 43' 39"; Epoch: J2000 - Position Angle: 73.18244261617883
2026-09-13T02:31:27.5548|INFO|ImageSolver.cs|Solve|54|Platesolve successful: Coordinates: RA: 19:59:49; Dec: 22° 43' 39"; Epoch: J2000 - Position Angle: 73.18244261617883
2026-09-13T02:31:27.5549|INFO|CenterAfterDriftTrigger.cs|PlatesolvingImageFollower_PropertyChanged|189|Drift: 2.9100429866698887 / 3 arc minutes
2026-09-13T02:38:02.9245|WARNING|DeviceUpdateTimer.cs|Run|115|Camera value update cycle took longer than the device poll interval (Total: 9.39s > 2s; Poll: 00:00:09.3872610; Update: 00:00:00.0001939)
2026-09-13T02:38:02.9254|INFO|SequenceItem.cs|Run|254|Finishing Category: Fotocamera, Item: TakeExposure, ExposureTime 600, Gain 15, Offset 132, ImageType LIGHT, Binning 1x1
2026-09-13T02:38:02.9261|INFO|MeridianFlipTrigger.cs|ShouldTrigger|296|Meridian Flip - (Side of Pier usage is disabled) There is still time remaining. Max remaining time 07:06:25.2266306, next instruction time 0, next instruction Category: Ruota porta filtri, Item: SwitchFilter, Filter: L-Pro
2026-09-13T02:38:02.9262|INFO|SequenceItem.cs|Run|208|Starting Category: Ruota porta filtri, Item: SwitchFilter, Filter: L-Pro
2026-09-13T02:38:03.1020|INFO|SequenceItem.cs|Run|254|Finishing Category: Ruota porta filtri, Item: SwitchFilter, Filter: L-Pro
2026-09-13T02:38:03.1025|INFO|TimeCondition.cs|Check|248|No more time remaining. Remaining: 00:02:21.8977585, Next Item Scatta esposizione, Next Item Estimated Duration 00:10:00, Next Item Attempts: 1
2026-09-13T02:38:03.1025|INFO|TimeCondition.cs|Check|254|TimeCondition finished.
2026-09-13T02:38:03.1026|INFO|TimeCondition.cs|Check|248|No more time remaining. Remaining: 00:02:21.8973369, Next Item Scatta esposizione, Next Item Estimated Duration 00:10:00, Next Item Attempts: 1
2026-09-13T02:38:03.1026|INFO|TimeCondition.cs|Check|254|TimeCondition finished.
2026-09-13T02:38:03.1027|INFO|TimeCondition.cs|Check|248|No more time remaining. Remaining: 00:02:21.8972467, Next Item Scatta esposizione, Next Item Estimated Duration 00:10:00, Next Item Attempts: 1
2026-09-13T02:38:03.1027|INFO|TimeCondition.cs|Check|254|TimeCondition finished.
2026-09-13T02:38:03.1046|INFO|SequenceItem.cs|Run|254|Finishing Category: Fotocamera, Container: NINA.Sequencer.SequenceItem.Imaging.SmartExposure, Strategy: SequentialStrategy, Items[FINISHED]: 1, Items[SKIPPED]: 1, Conditions: Condition: LoopCondition, Iterations: 27/40, , Triggers: Trigger: DitherAfterExposures, After Exposures: 1
2026-09-13T02:38:03.1050|INFO|SequenceItem.cs|Run|254|Finishing Category: * Set di Istruzioni *, Container: NINA.Sequencer.Container.DeepSkyObjectContainer, Strategy: SequentialStrategy, Items[FINISHED]: 4, Triggers: Trigger: CenterAfterDriftTrigger, DistanceArcMinutes: 3, Target: M 27 RA: 19:59:36; Dec: 22° 43' 16"; Epoch: J2000 0
2026-09-13T02:38:03.1052|INFO|TimeCondition.cs|Check|254|TimeCondition finished.
2026-09-13T02:38:03.1052|INFO|SequenceItem.cs|Run|254|Finishing Category: * Set di Istruzioni *, Container: NINA.Sequencer.Container.SequentialContainer, Strategy: SequentialStrategy, Items[FINISHED]: 3, Conditions: Condition: TimeCondition, Time: 2:40:25h, 
2026-09-13T02:38:03.1053|INFO|SequenceItem.cs|Run|254|Finishing Category: * Set di Istruzioni *, Container: NINA.Sequencer.Container.SequentialContainer, Strategy: SequentialStrategy, Items[FINISHED]: 2
2026-09-13T02:38:03.1085|INFO|MeridianFlipTrigger.cs|ShouldTrigger|296|Meridian Flip - (Side of Pier usage is disabled) There is still time remaining. Max remaining time 07:06:22.3507710, next instruction time 0, next instruction Category: Utilità, Item: Annotation, Text: Note: This BLANK Script Instruction is here such that it will FAIL ON PURPOSE after the final Target is completed. This forces UNSAFE to be skipped so we can proceed to the END.
2026-09-13T02:38:03.1086|INFO|SequenceItem.cs|Run|208|Starting Category: Utilità, Item: Annotation, Text: Note: This BLANK Script Instruction is here such that it will FAIL ON PURPOSE after the final Target is completed. This forces UNSAFE to be skipped so we can proceed to the END.
2026-09-13T02:38:03.1086|INFO|SequenceItem.cs|Run|254|Finishing Category: Utilità, Item: Annotation, Text: Note: This BLANK Script Instruction is here such that it will FAIL ON PURPOSE after the final Target is completed. This forces UNSAFE to be skipped so we can proceed to the END.
2026-09-13T02:38:03.1092|INFO|MeridianFlipTrigger.cs|ShouldTrigger|296|Meridian Flip - (Side of Pier usage is disabled) There is still time remaining. Max remaining time 07:06:22.3507710, next instruction time 0, next instruction Category: Utilità, Item: Annotation, Text: DO NOT PLACE ANY TEXT IN THE EXTERNAL SCRIPT FIELD BELOW.
2026-09-13T02:38:03.1093|INFO|SequenceItem.cs|Run|208|Starting Category: Utilità, Item: Annotation, Text: DO NOT PLACE ANY TEXT IN THE EXTERNAL SCRIPT FIELD BELOW.
2026-09-13T02:38:03.1093|INFO|SequenceItem.cs|Run|254|Finishing Category: Utilità, Item: Annotation, Text: DO NOT PLACE ANY TEXT IN THE EXTERNAL SCRIPT FIELD BELOW.
2026-09-13T02:38:03.1103|INFO|MeridianFlipTrigger.cs|ShouldTrigger|296|Meridian Flip - (Side of Pier usage is disabled) There is still time remaining. Max remaining time 07:06:22.3507710, next instruction time 0, next instruction Category: Utilità, Item: ExternalScript, Script: 
2026-09-13T02:38:03.1105|INFO|SequenceItem.cs|Run|208|Starting Category: Utilità, Item: ExternalScript, Script: 
2026-09-13T02:38:03.1153|ERROR|ExternalCommandExecutor.cs|RunSequenceCompleteCommandTask|35|Command not found: 
2026-09-13T02:38:03.1189|ERROR|SequenceItem.cs|Run|263|Category: Utilità, Item: ExternalScript, Script:  - 
NINA.Core.Model.SequenceEntityFailedException: Comando esterno non è stato eseguito con successo
   at NINA.Sequencer.SequenceItem.Utility.ExternalScript.Execute(IProgress`1 progress, CancellationToken token) in /_/NINA.Sequencer/SequenceItem/Utility/ExternalScript.cs:line 92
   at NINA.Sequencer.SequenceItem.SequenceItem.Run(IProgress`1 progress, CancellationToken token) in /_/NINA.Sequencer/SequenceItem/SequenceItem.cs:line 249
2026-09-13T02:38:03.2287|ERROR|SequenceItem.cs|RunErrorBehavior|190|Instruction Script Esterno failed after 1 attempt. Error behavior is set to SkipToSequenceEndInstructions. Skipping to end of sequence instructions.
2026-09-13T02:38:03.2405|INFO|SequenceItem.cs|Run|254|Finishing Category: * Set di Istruzioni *, Container: NINA.Sequencer.Container.TargetAreaContainer, Strategy: SequentialStrategy, Items[FINISHED]: 1, Items[CREATED]: 1
2026-09-13T02:38:03.2414|INFO|MeridianFlipTrigger.cs|ShouldTrigger|296|Meridian Flip - (Side of Pier usage is disabled) There is still time remaining. Max remaining time 07:06:22.3507710, next instruction time 0, next instruction Category: * Set di Istruzioni *, Container: NINA.Sequencer.Container.EndAreaContainer, Strategy: SequentialStrategy, Items[CREATED]: 1
2026-09-13T02:38:03.2417|INFO|SequenceItem.cs|Run|208|Starting Category: * Set di Istruzioni *, Container: NINA.Sequencer.Container.EndAreaContainer, Strategy: SequentialStrategy, Items[CREATED]: 1
2026-09-13T02:38:03.2424|INFO|MeridianFlipTrigger.cs|ShouldTrigger|296|Meridian Flip - (Side of Pier usage is disabled) There is still time remaining. Max remaining time 07:06:22.3507710, next instruction time 0, next instruction Category: * Set di Istruzioni *, Container: NINA.Sequencer.Container.SequentialContainer, Strategy: SequentialStrategy, Items[CREATED]: 17
2026-09-13T02:38:03.2424|INFO|SequenceItem.cs|Run|208|Starting Category: * Set di Istruzioni *, Container: NINA.Sequencer.Container.SequentialContainer, Strategy: SequentialStrategy, Items[CREATED]: 17
2026-09-13T02:38:03.2430|INFO|MeridianFlipTrigger.cs|ShouldTrigger|296|Meridian Flip - (Side of Pier usage is disabled) There is still time remaining. Max remaining time 07:06:22.3507710, next instruction time 0, next instruction Category: Utilità, Item: Annotation, Text: VERSION: 1
2026-09-13T02:38:03.2430|INFO|SequenceItem.cs|Run|208|Starting Category: Utilità, Item: Annotation, Text: VERSION: 1
2026-09-13T02:38:03.2431|INFO|SequenceItem.cs|Run|254|Finishing Category: Utilità, Item: Annotation, Text: VERSION: 1
2026-09-13T02:38:03.2437|INFO|MeridianFlipTrigger.cs|ShouldTrigger|296|Meridian Flip - (Side of Pier usage is disabled) There is still time remaining. Max remaining time 07:06:22.3507710, next instruction time 0, next instruction Category: * Set di Istruzioni *, Container: NINA.Sequencer.Container.SequentialContainer, Strategy: SequentialStrategy, Items[CREATED]: 3
2026-09-13T02:38:03.2437|INFO|SequenceItem.cs|Run|208|Starting Category: * Set di Istruzioni *, Container: NINA.Sequencer.Container.SequentialContainer, Strategy: SequentialStrategy, Items[CREATED]: 3
2026-09-13T02:38:03.2441|INFO|MeridianFlipTrigger.cs|ShouldTrigger|296|Meridian Flip - (Side of Pier usage is disabled) There is still time remaining. Max remaining time 07:06:22.3507710, next instruction time 0, next instruction Category: Utilità, Item: Annotation, Text: This End Sequence ensures an ASCOM Safety Monitor will function in a sequence as expected.
2026-09-13T02:38:03.2442|INFO|SequenceItem.cs|Run|208|Starting Category: Utilità, Item: Annotation, Text: This End Sequence ensures an ASCOM Safety Monitor will function in a sequence as expected.
2026-09-13T02:38:03.2442|INFO|SequenceItem.cs|Run|254|Finishing Category: Utilità, Item: Annotation, Text: This End Sequence ensures an ASCOM Safety Monitor will function in a sequence as expected.
2026-09-13T02:38:03.2448|INFO|MeridianFlipTrigger.cs|ShouldTrigger|296|Meridian Flip - (Side of Pier usage is disabled) There is still time remaining. Max remaining time 07:06:22.3507710, next instruction time 0, next instruction Category: Utilità, Item: Annotation, Text: The CONNECTOR Plugin is used in this Sequence.
2026-09-13T02:38:03.2448|INFO|SequenceItem.cs|Run|208|Starting Category: Utilità, Item: Annotation, Text: The CONNECTOR Plugin is used in this Sequence.
2026-09-13T02:38:03.2448|INFO|SequenceItem.cs|Run|254|Finishing Category: Utilità, Item: Annotation, Text: The CONNECTOR Plugin is used in this Sequence.
2026-09-13T02:38:03.2453|INFO|MeridianFlipTrigger.cs|ShouldTrigger|296|Meridian Flip - (Side of Pier usage is disabled) There is still time remaining. Max remaining time 07:06:22.3507710, next instruction time 0, next instruction Category: Utilità, Item: Annotation, Text: A Switch is also used within this End Sequence.
2026-09-13T02:38:03.2453|INFO|SequenceItem.cs|Run|208|Starting Category: Utilità, Item: Annotation, Text: A Switch is also used within this End Sequence.
2026-09-13T02:38:03.2454|INFO|SequenceItem.cs|Run|254|Finishing Category: Utilità, Item: Annotation, Text: A Switch is also used within this End Sequence.
2026-09-13T02:38:03.2454|INFO|SequenceItem.cs|Run|254|Finishing Category: * Set di Istruzioni *, Container: NINA.Sequencer.Container.SequentialContainer, Strategy: SequentialStrategy, Items[FINISHED]: 3
2026-09-13T02:38:03.2461|INFO|MeridianFlipTrigger.cs|ShouldTrigger|296|Meridian Flip - (Side of Pier usage is disabled) There is still time remaining. Max remaining time 07:06:22.3507710, next instruction time 0, next instruction Category: Guida, Item: StopGuiding
2026-09-13T02:38:03.2461|INFO|SequenceItem.cs|Run|208|Starting Category: Guida, Item: StopGuiding
2026-09-13T02:38:05.4315|INFO|HocusFocusStarDetection.cs|Detect|413|Average HFR: 3.576288916476061, HFR MAD: 0.45458360074040005, Detected Stars 300, Region: 0
2026-09-13T02:38:05.8393|INFO|SequenceItem.cs|Run|254|Finishing Category: Guida, Item: StopGuiding
2026-09-13T02:38:05.8452|INFO|MeridianFlipTrigger.cs|ShouldTrigger|296|Meridian Flip - (Side of Pier usage is disabled) There is still time remaining. Max remaining time 07:06:20.9099578, next instruction time 0, next instruction Category: Telescopio, Item: SetTracking, TrackingMode: Stopped
2026-09-13T02:38:05.8453|INFO|SequenceItem.cs|Run|208|Starting Category: Telescopio, Item: SetTracking, TrackingMode: Stopped
2026-09-13T02:38:05.8855|INFO|BaseImageData.cs|SaveToDisk|346|Saved image to D:\Images NINA\Target\LIGHT_1x1_600.00s_15_132_M 27_Celestron C8__-9.96C_L-Pro_0280_2026-09-13_02-27-56_FWHM_5.45_Fok_40604.xisf
2026-09-13T02:38:05.8857|INFO|ImageSaveController.cs|DoWork|97|Successfully saved file at D:\Images NINA\Target\LIGHT_1x1_600.00s_15_132_M 27_Celestron C8__-9.96C_L-Pro_0280_2026-09-13_02-27-56_FWHM_5.45_Fok_40604.xisf. Duration Total: 00:00:02.4373964; BeforeSave: 00:00:00.0000448; BeforeFinalizeImageSaved: 00:00:02.3991105; FinalizeSaveTime: 00:00:00.0382402
2026-09-13T02:38:05.8875|INFO|SequenceItem.cs|Run|254|Finishing Category: Telescopio, Item: SetTracking, TrackingMode: Stopped
2026-09-13T02:38:05.8882|INFO|MeridianFlipTrigger.cs|ShouldTrigger|296|Meridian Flip - (Side of Pier usage is disabled) There is still time remaining. Max remaining time 07:06:20.9099578, next instruction time 0, next instruction Category: Telescopio, Item: FindHome
2026-09-13T02:38:05.8883|INFO|SequenceItem.cs|Run|208|Starting Category: Telescopio, Item: FindHome
2026-09-13T02:38:05.9093|INFO|PHD2Guider.cs|StopGuiding|704|Phd2 - Stop Guiding skipped, as the app is already in state Stopped
2026-09-13T02:38:05.9095|INFO|TelescopeVM.cs|FindHome|292|Mount ordered to locate home position
2026-09-13T02:38:06.4680|WARNING|DeviceUpdateTimer.cs|Run|115|Dome value update cycle took longer than the device poll interval (Total: 2.32s > 2s; Poll: 00:00:00.2598581; Update: 00:00:02.0578214)
2026-09-13T02:38:40.1609|INFO|TelescopeVM.cs|FindHome|348|Mount has located its home position
2026-09-13T02:38:40.1611|INFO|SequenceItem.cs|Run|254|Finishing Category: Telescopio, Item: FindHome
2026-09-13T02:38:40.1612|INFO|MeridianFlipTrigger.cs|ShouldTrigger|197|Meridian Flip - Telescope is at home position. Skip flip evaluation
2026-09-13T02:38:40.1612|INFO|SequenceItem.cs|Run|208|Starting Category: Apparato per i Flat, Item: CloseCover
2026-09-13T02:38:40.1614|INFO|FlatDeviceVM.cs|CloseCover|341|Closing Flat Device Cover
2026-09-13T02:39:06.1618|INFO|SequenceItem.cs|Run|254|Finishing Category: Apparato per i Flat, Item: CloseCover
2026-09-13T02:39:06.1620|INFO|MeridianFlipTrigger.cs|ShouldTrigger|197|Meridian Flip - Telescope is at home position. Skip flip evaluation
2026-09-13T02:39:06.1621|INFO|SequenceItem.cs|Run|208|Starting Category: Osservatorio, Item: CloseDomeShutter
2026-09-13T02:39:06.1624|INFO|DomeVM.cs|CloseShutter|544|Closing dome shutter. Shutter state before closing ShutterOpen
2026-09-13T02:39:06.1625|INFO|AscomDome.cs|CloseShutter|245|Sending a CloseShutter request, since it is currently ShutterOpen
2026-09-13T02:39:54.2730|INFO|DomeVM.cs|CloseShutter|550|Closed dome shutter. Shutter state after closing ShutterClosed
2026-09-13T02:39:54.2734|INFO|SequenceItem.cs|Run|254|Finishing Category: Osservatorio, Item: CloseDomeShutter
2026-09-13T02:39:54.2735|INFO|MeridianFlipTrigger.cs|ShouldTrigger|197|Meridian Flip - Telescope is at home position. Skip flip evaluation
2026-09-13T02:39:54.2765|INFO|SequenceItem.cs|Run|208|Starting Category: Fotocamera, Item: WarmCamera, Duration: 5
2026-09-13T02:39:54.2789|INFO|CameraVM.cs|WarmCamera|161|Warming Camera. Duration: 00:05:00
2026-09-13T02:46:57.5289|INFO|CameraVM.cs|WarmCamera|179|Could not reach warming temperature. Most likley due to ambient temperature being lower. Continuing...
2026-09-13T02:47:17.6349|INFO|CameraVM.cs|WarmCamera|186|Turning cooler off
2026-09-13T02:47:17.6360|INFO|SequenceItem.cs|Run|254|Finishing Category: Fotocamera, Item: WarmCamera, Duration: 5
2026-09-13T02:47:17.6361|INFO|MeridianFlipTrigger.cs|ShouldTrigger|197|Meridian Flip - Telescope is at home position. Skip flip evaluation
2026-09-13T02:47:17.6368|INFO|SequenceItem.cs|Run|208|Starting Category: Connetti, Item: DisconnectEquipment, Selected device: Camera
2026-09-13T02:47:17.6522|INFO|QHYCamera.cs|Disconnect|1057|QHYCCD: Closing camera 695A-M-0037ec709603ca4e3
2026-09-13T02:47:17.7013|INFO|CameraVM.cs|Disconnect|650|Disconnected Camera
2026-09-13T02:47:17.7015|INFO|SequenceItem.cs|Run|254|Finishing Category: Connetti, Item: DisconnectEquipment, Selected device: Camera
2026-09-13T02:47:17.7016|INFO|MeridianFlipTrigger.cs|ShouldTrigger|197|Meridian Flip - Telescope is at home position. Skip flip evaluation
2026-09-13T02:47:17.7016|INFO|SequenceItem.cs|Run|208|Starting Category: Connetti, Item: DisconnectEquipment, Selected device: Filter Wheel
2026-09-13T02:47:17.8639|INFO|FilterWheelVM.cs|Disconnect|333|Disconnected Filter Wheel
2026-09-13T02:47:17.8641|INFO|SequenceItem.cs|Run|254|Finishing Category: Connetti, Item: DisconnectEquipment, Selected device: Filter Wheel
2026-09-13T02:47:17.8643|INFO|MeridianFlipTrigger.cs|ShouldTrigger|197|Meridian Flip - Telescope is at home position. Skip flip evaluation
2026-09-13T02:47:17.8643|INFO|SequenceItem.cs|Run|208|Starting Category: Connetti, Item: DisconnectEquipment, Selected device: Focuser
2026-09-13T02:47:17.8916|INFO|AscomDevice.cs|Disconnect|378|Disconnecting from ASCOM.PegasusAstro.Focuser Pegasus Astro Focus Controller
2026-09-13T02:47:18.0402|INFO|FocuserVM.cs|Disconnect|441|Disconnected Focuser
2026-09-13T02:47:18.0410|INFO|SequenceItem.cs|Run|254|Finishing Category: Connetti, Item: DisconnectEquipment, Selected device: Focuser
2026-09-13T02:47:18.0609|INFO|MeridianFlipTrigger.cs|ShouldTrigger|197|Meridian Flip - Telescope is at home position. Skip flip evaluation
2026-09-13T02:47:18.0609|INFO|SequenceItem.cs|Run|208|Starting Category: Connetti, Item: DisconnectEquipment, Selected device: Mount
2026-09-13T02:47:18.0762|INFO|AscomDevice.cs|Disconnect|378|Disconnecting from ASCOM.Optec ASCOM.Telescope CPWI_ASCOM_Telescope
2026-09-13T02:47:18.1129|WARNING|QhyccdSdk.cs|SetControlValue|285|QHYCCD: Failed to Set Control CONTROL_MANULPWM with value 0
2026-09-13T02:47:18.1234|INFO|TelescopeVM.cs|Disconnect|740|Disconnected mount
2026-09-13T02:47:18.1238|INFO|SequenceItem.cs|Run|254|Finishing Category: Connetti, Item: DisconnectEquipment, Selected device: Mount
2026-09-13T02:47:18.1241|ERROR|MeridianFlipTrigger.cs|ShouldTrigger|183|Meridian Flip - Telescope is not connected to evaluate if a flip should happen!
2026-09-13T02:47:18.1242|INFO|SequenceItem.cs|Run|208|Starting Category: Connetti, Item: DisconnectEquipment, Selected device: Guider
2026-09-13T02:47:18.1287|INFO|SequenceItem.cs|Run|254|Finishing Category: Connetti, Item: DisconnectEquipment, Selected device: Guider
2026-09-13T02:47:18.1298|ERROR|MeridianFlipTrigger.cs|ShouldTrigger|183|Meridian Flip - Telescope is not connected to evaluate if a flip should happen!
2026-09-13T02:47:18.1299|INFO|SequenceItem.cs|Run|208|Starting Category: Connetti, Item: DisconnectEquipment, Selected device: Flat Panel
2026-09-13T02:47:18.1410|INFO|AscomDevice.cs|Disconnect|378|Disconnecting from ASCOM.WandererCover1.CoverCalibrator WandererEmpire Cover 1
2026-09-13T02:47:18.2031|INFO|FlatDeviceVM.cs|Disconnect|289|Disconnected Flat Device
2026-09-13T02:47:18.2036|INFO|SequenceItem.cs|Run|254|Finishing Category: Connetti, Item: DisconnectEquipment, Selected device: Flat Panel
2026-09-13T02:47:18.2043|ERROR|MeridianFlipTrigger.cs|ShouldTrigger|183|Meridian Flip - Telescope is not connected to evaluate if a flip should happen!
2026-09-13T02:47:18.2043|INFO|SequenceItem.cs|Run|208|Starting Category: Connetti, Item: DisconnectEquipment, Selected device: Weather
2026-09-13T02:47:18.2159|INFO|AscomDevice.cs|Disconnect|378|Disconnecting from ASCOM.CloudWatcher.ObservingConditions CloudWatcher ObsCond
2026-09-13T02:47:18.2770|INFO|WeatherDataVM.cs|Disconnect|305|Disconnected Weather Device
2026-09-13T02:47:18.2772|INFO|SequenceItem.cs|Run|254|Finishing Category: Connetti, Item: DisconnectEquipment, Selected device: Weather
2026-09-13T02:47:18.2773|ERROR|MeridianFlipTrigger.cs|ShouldTrigger|183|Meridian Flip - Telescope is not connected to evaluate if a flip should happen!
2026-09-13T02:47:18.2774|INFO|SequenceItem.cs|Run|208|Starting Category: Connetti, Item: DisconnectEquipment, Selected device: Dome
2026-09-13T02:47:18.6937|INFO|AscomDevice.cs|Disconnect|378|Disconnecting from ASCOM.TS_Shelter.Dome Shelter Dome
2026-09-13T02:47:19.0896|INFO|DomeVM.cs|Disconnect|355|Disconnected Dome Device
2026-09-13T02:47:19.0900|INFO|SequenceItem.cs|Run|254|Finishing Category: Connetti, Item: DisconnectEquipment, Selected device: Dome
2026-09-13T02:47:19.0901|ERROR|MeridianFlipTrigger.cs|ShouldTrigger|183|Meridian Flip - Telescope is not connected to evaluate if a flip should happen!
2026-09-13T02:47:19.0902|INFO|SequenceItem.cs|Run|208|Starting Category: Connetti, Item: DisconnectEquipment, Selected device: Safety Monitor
2026-09-13T02:47:19.0931|INFO|SafetyMonitorVM.cs|UpdateMonitorValues|95|SafetyMonitorInfo state changed to Unsafe
2026-09-13T02:47:19.0932|INFO|AscomDevice.cs|Disconnect|378|Disconnecting from ASCOM.Hub.SafetyMonitor Short driver name - please customise
2026-09-13T02:47:19.4403|INFO|SafetyMonitorVM.cs|Disconnect|221|Disconnected Safety Monitor
2026-09-13T02:47:19.4404|INFO|SequenceItem.cs|Run|254|Finishing Category: Connetti, Item: DisconnectEquipment, Selected device: Safety Monitor
2026-09-13T02:47:19.4407|INFO|SequenceItem.cs|Run|254|Finishing Category: * Set di Istruzioni *, Container: NINA.Sequencer.Container.SequentialContainer, Strategy: SequentialStrategy, Items[FINISHED]: 17
2026-09-13T02:47:19.4407|INFO|SequenceItem.cs|Run|254|Finishing Category: * Set di Istruzioni *, Container: NINA.Sequencer.Container.EndAreaContainer, Strategy: SequentialStrategy, Items[FINISHED]: 1
2026-09-13T02:47:19.4409|INFO|SequenceItem.cs|Run|254|Finishing Category: * Set di Istruzioni *, Container: NINA.Sequencer.Container.SequenceRootContainer, Strategy: SequentialStrategy, Items[FINISHED]: 3, Triggers: Trigger: MeridianFlipTriggerTrigger: RestoreGuidingTrigger: AutofocusAfterHFRIncreaseTrigger, Amount: 5Trigger: AutofocusAfterFilterChange
2026-09-13T02:47:19.4441|INFO|Sequence2VM.cs|StartSequence|548|Advanced Sequence finished
2026-09-13T03:19:09.3793|INFO|Thumbnail.cs|LoadOriginalImage|40|Reloading image from D:\Images NINA\Target\LIGHT_1x1_600.00s_15_132_M 27_Celestron C8__-10.00C_L-Pro_0278_2026-09-13_02-03-06_FWHM_10.48_Fok_39033.xisf
2026-09-13T03:19:14.3510|INFO|Thumbnail.cs|LoadOriginalImage|40|Reloading image from D:\Images NINA\Target\LIGHT_1x1_600.00s_15_132_M 27_Celestron C8__-9.96C_L-Pro_0274_2026-09-13_01-21-17_FWHM_10.16_Fok_39033.xisf
2026-09-13T03:19:19.7863|INFO|Thumbnail.cs|LoadOriginalImage|40|Reloading image from D:\Images NINA\Target\LIGHT_1x1_600.00s_15_132_M 27_Celestron C8__-9.96C_L-Pro_0273_2026-09-13_01-10-52_FWHM_10.37_Fok_39033.xisf
2026-09-13T03:19:24.5550|INFO|Thumbnail.cs|LoadOriginalImage|40|Reloading image from D:\Images NINA\Target\LIGHT_1x1_600.00s_15_132_M 27_Celestron C8__-9.96C_L-Pro_0270_2026-09-13_00-39-16_FWHM_9.08_Fok_39033.xisf
2026-09-13T03:19:32.5290|INFO|Thumbnail.cs|LoadOriginalImage|40|Reloading image from D:\Images NINA\Target\LIGHT_1x1_600.00s_15_132_M 27_Celestron C8__-9.96C_L-Pro_0266_2026-09-12_23-57-37_FWHM_8.71_Fok_39033.xisf
2026-09-13T03:19:41.5790|INFO|Thumbnail.cs|LoadOriginalImage|40|Reloading image from D:\Images NINA\Target\LIGHT_1x1_600.00s_15_132_M 27_Celestron C8__-9.96C_L-Pro_0256_2026-09-12_22-12-46_FWHM_NaN_Fok_39033.xisf
2026-09-13T03:19:44.6590|INFO|Thumbnail.cs|LoadOriginalImage|40|Reloading image from D:\Images NINA\Target\LIGHT_1x1_600.00s_15_132_M 27_Celestron C8__-9.96C_L-Pro_0254_2026-09-12_21-24-46_FWHM_NaN_Fok_39033.xisf
2026-09-13T03:19:50.2029|INFO|Thumbnail.cs|LoadOriginalImage|40|Reloading image from D:\Images NINA\Target\LIGHT_1x1_600.00s_15_132_M 27_Celestron C8__-9.96C_L-Pro_0266_2026-09-12_23-57-37_FWHM_8.71_Fok_39033.xisf
2026-09-13T03:20:07.9202|INFO|Thumbnail.cs|LoadOriginalImage|40|Reloading image from D:\Images NINA\Target\LIGHT_1x1_600.00s_15_132_M 27_Celestron C8__-9.96C_L-Pro_0273_2026-09-13_01-10-52_FWHM_10.37_Fok_39033.xisf
2026-09-13T03:20:12.3548|INFO|Thumbnail.cs|LoadOriginalImage|40|Reloading image from D:\Images NINA\Target\LIGHT_1x1_600.00s_15_132_M 27_Celestron C8__-9.96C_L-Pro_0280_2026-09-13_02-27-56_FWHM_5.45_Fok_40604.xisf
2026-09-13T03:21:44.5821|INFO|ApplicationDeviceConnectionVM.cs|UsbDeviceWatcher_DeviceRemoved|237|USB Device disconnected DeviceId: USB\VID_0424&PID_2807\5&144E4AB&0&4, PnpDeviceId: USB\VID_0424&PID_2807\5&144E4AB&0&4, Description: Hub USB generico, Name: Hub USB generico, Manufacturer: (HUB USB standard), Service: USBHUB3, Status: OK
2026-09-13T03:21:44.5822|INFO|ApplicationDeviceConnectionVM.cs|UsbDeviceWatcher_DeviceRemoved|237|USB Device disconnected DeviceId: USB\VID_0547&PID_1433\6&1727222E&0&3, PnpDeviceId: USB\VID_0547&PID_1433\6&1727222E&0&3, Description: Dispositivo WinUSB, Name: USB3.0 Camera, Manufacturer: Dispositivo WinUSB, Service: WINUSB, Status: OK
2026-09-13T03:21:44.5822|INFO|ApplicationDeviceConnectionVM.cs|UsbDeviceWatcher_DeviceRemoved|237|USB Device disconnected DeviceId: USB\VID_0403&PID_6015\PA47RVMY, PnpDeviceId: USB\VID_0403&PID_6015\PA47RVMY, Description: USB Serial Converter, Name: USB Serial Converter, Manufacturer: FTDI, Service: FTDIBUS, Status: OK
2026-09-13T03:21:44.5823|INFO|ApplicationDeviceConnectionVM.cs|UsbDeviceWatcher_DeviceRemoved|237|USB Device disconnected DeviceId: USB\VID_0403&PID_6015\PPBA671NR5, PnpDeviceId: USB\VID_0403&PID_6015\PPBA671NR5, Description: USB Serial Converter, Name: USB Serial Converter, Manufacturer: FTDI, Service: FTDIBUS, Status: OK
2026-09-13T03:21:44.5823|INFO|ApplicationDeviceConnectionVM.cs|UsbDeviceWatcher_DeviceRemoved|237|USB Device disconnected DeviceId: USB\VID_0403&PID_6015\UCH4OV5CO, PnpDeviceId: USB\VID_0403&PID_6015\UCH4OV5CO, Description: USB Serial Converter, Name: USB Serial Converter, Manufacturer: FTDI, Service: FTDIBUS, Status: OK
2026-09-13T03:21:44.5823|INFO|ApplicationDeviceConnectionVM.cs|UsbDeviceWatcher_DeviceRemoved|237|USB Device disconnected DeviceId: USB\VID_1A40&PID_0201\6&2CA8C582&0&2, PnpDeviceId: USB\VID_1A40&PID_0201\6&2CA8C582&0&2, Description: Hub USB generico, Name: Hub USB generico, Manufacturer: (HUB USB standard), Service: USBHUB3, Status: OK
2026-09-13T03:21:44.5823|INFO|ApplicationDeviceConnectionVM.cs|UsbDeviceWatcher_DeviceRemoved|237|USB Device disconnected DeviceId: USB\VID_1A86&PID_7523\6&2CA8C582&0&4, PnpDeviceId: USB\VID_1A86&PID_7523\6&2CA8C582&0&4, Description: USB-SERIAL CH340, Name: USB-SERIAL CH340 (COM34), Manufacturer: wch.cn, Service: CH341SER_A64, Status: OK
2026-09-13T03:21:44.5824|INFO|ApplicationDeviceConnectionVM.cs|UsbDeviceWatcher_DeviceRemoved|237|USB Device disconnected DeviceId: USB\VID_0403&PID_6010\7&7EA6B39&0&3, PnpDeviceId: USB\VID_0403&PID_6010\7&7EA6B39&0&3, Description: Dispositivo USB composito, Name: Dispositivo USB composito, Manufacturer: (Controller host USB standard), Service: usbccgp, Status: OK
2026-09-13T03:21:44.5824|INFO|ApplicationDeviceConnectionVM.cs|UsbDeviceWatcher_DeviceRemoved|237|USB Device disconnected DeviceId: USB\VID_0403&PID_6010&MI_01\8&367DB49&0&0001, PnpDeviceId: USB\VID_0403&PID_6010&MI_01\8&367DB49&0&0001, Description: USB Serial Converter B, Name: USB Serial Converter B, Manufacturer: FTDI, Service: FTDIBUS, Status: OK
2026-09-13T03:21:44.5824|INFO|ApplicationDeviceConnectionVM.cs|UsbDeviceWatcher_DeviceRemoved|237|USB Device disconnected DeviceId: USB\VID_1618&PID_0921\7&7EA6B39&0&1, PnpDeviceId: USB\VID_1618&PID_0921\7&7EA6B39&0&1, Description: QHY5II, Name: QHY5II, Manufacturer: QHY CCD, Service: QHY5II_IO, Status: OK
2026-09-13T03:21:44.5825|INFO|ApplicationDeviceConnectionVM.cs|UsbDeviceWatcher_DeviceRemoved|237|USB Device disconnected DeviceId: USB\VID_0403&PID_6010&MI_00\8&367DB49&0&0000, PnpDeviceId: USB\VID_0403&PID_6010&MI_00\8&367DB49&0&0000, Description: USB Serial Converter A, Name: USB Serial Converter A, Manufacturer: FTDI, Service: FTDIBUS, Status: OK
2026-09-13T03:21:44.5825|INFO|ApplicationDeviceConnectionVM.cs|UsbDeviceWatcher_DeviceRemoved|237|USB Device disconnected DeviceId: USB\VID_1618&PID_6953\7&7EA6B39&0&4, PnpDeviceId: USB\VID_1618&PID_6953\7&7EA6B39&0&4, Description: QHY695A, Name: QHY695A, Manufacturer: QHY CCD, Service: QHY695A_IO, Status: OK
2026-09-13T03:21:46.8590|INFO|ApplicationDeviceConnectionVM.cs|UsbDeviceWatcher_DeviceRemoved|237|USB Device disconnected DeviceId: USB\VID_2109&PID_0813\5&144E4AB&0&12, PnpDeviceId: USB\VID_2109&PID_0813\5&144E4AB&0&12, Description: Hub USB SuperSpeed generico, Name: Hub USB SuperSpeed generico, Manufacturer: (HUB USB standard), Service: USBHUB3, Status: OK
2026-09-13T03:21:46.8591|INFO|ApplicationDeviceConnectionVM.cs|UsbDeviceWatcher_DeviceRemoved|237|USB Device disconnected DeviceId: USB\VID_1A40&PID_0101\6&2EF655E5&0&3, PnpDeviceId: USB\VID_1A40&PID_0101\6&2EF655E5&0&3, Description: Hub USB generico, Name: Hub USB generico, Manufacturer: (HUB USB standard), Service: USBHUB3, Status: OK
2026-09-13T03:21:46.8592|INFO|ApplicationDeviceConnectionVM.cs|UsbDeviceWatcher_DeviceRemoved|237|USB Device disconnected DeviceId: USB\VID_2109&PID_2813\5&144E4AB&0&3, PnpDeviceId: USB\VID_2109&PID_2813\5&144E4AB&0&3, Description: Hub USB generico, Name: Hub USB generico, Manufacturer: (HUB USB standard), Service: USBHUB3, Status: Unknown
2026-09-13T03:21:46.8593|INFO|ApplicationDeviceConnectionVM.cs|UsbDeviceWatcher_DeviceRemoved|237|USB Device disconnected DeviceId: USB\VID_0547&PID_BF10\7&7EF1AA&0&3, PnpDeviceId: USB\VID_0547&PID_BF10\7&7EF1AA&0&3, Description: Dispositivo WinUSB, Name: FILTERWHEEL  , Manufacturer: Dispositivo WinUSB, Service: WINUSB, Status: Unknown
2026-09-13T03:21:46.8593|INFO|ApplicationDeviceConnectionVM.cs|UsbDeviceWatcher_DeviceRemoved|237|USB Device disconnected DeviceId: USB\VID_0424&PID_2412\6&2EF655E5&0&2, PnpDeviceId: USB\VID_0424&PID_2412\6&2EF655E5&0&2, Description: Hub USB generico, Name: Hub USB generico, Manufacturer: (HUB USB standard), Service: USBHUB3, Status: Unknown
2026-09-13T03:21:46.8593|INFO|ApplicationDeviceConnectionVM.cs|UsbDeviceWatcher_DeviceRemoved|237|USB Device disconnected DeviceId: USB\VID_1A86&PID_7523\7&38C2A16F&0&2, PnpDeviceId: USB\VID_1A86&PID_7523\7&38C2A16F&0&2, Description: USB-SERIAL CH340, Name: USB-SERIAL CH340 (COM44), Manufacturer: wch.cn, Service: CH341SER_A64, Status: Unknown
2026-09-13T03:21:46.8594|INFO|ApplicationDeviceConnectionVM.cs|UsbDeviceWatcher_DeviceRemoved|237|USB Device disconnected DeviceId: USB\VID_03C3&PID_120C\6&2EF655E5&0&4, PnpDeviceId: USB\VID_03C3&PID_120C\6&2EF655E5&0&4, Description: ZWO ASI120MM Mini Camera, Name: ZWO ASI120MM Mini Camera, Manufacturer: ZWO, Service: ASICAMUSB3, Status: Unknown
2026-09-13T03:21:46.8594|INFO|ApplicationDeviceConnectionVM.cs|UsbDeviceWatcher_DeviceRemoved|237|USB Device disconnected DeviceId: USB\VID_10C4&PID_EA60\28EAB5B658A6E9118D4DD6A44458CD37, PnpDeviceId: USB\VID_10C4&PID_EA60\28EAB5B658A6E9118D4DD6A44458CD37, Description: Silicon Labs CP210x USB to UART Bridge, Name: Silicon Labs CP210x USB to UART Bridge (COM16), Manufacturer: Silicon Labs, Service: silabser, Status: Unknown
2026-09-13T03:21:46.8594|INFO|ApplicationDeviceConnectionVM.cs|UsbDeviceWatcher_DeviceRemoved|237|USB Device disconnected DeviceId: USB\VID_0424&PID_5807\5&144E4AB&0&13, PnpDeviceId: USB\VID_0424&PID_5807\5&144E4AB&0&13, Description: Hub USB SuperSpeed generico, Name: Hub USB SuperSpeed generico, Manufacturer: (HUB USB standard), Service: USBHUB3, Status: Unknown
2026-09-13T03:22:23.8764|INFO|ApplicationDeviceConnectionVM.cs|UsbDeviceWatcher_DeviceRemoved|237|USB Device disconnected DeviceId: USB\VID_15A2&PID_A50F\_CGX_V1, PnpDeviceId: USB\VID_15A2&PID_A50F\_CGX_V1, Description: Dispositivo seriale USB, Name: USB Serial Device (COM15), Manufacturer: Microsoft, Service: usbser, Status: OK
