----------------------------------------------------------------------
--------------N.I.N.A. - Nighttime Imaging 'N' Astronomy--------------
--------------------------Version 3.2.0.9001--------------------------
-------------------------2026-09-13T18:31:56--------------------------
----------------------------------------------------------------------
---------------------Microsoft Windows 10.0.17763---------------------
-------------------------OS Architecture X64--------------------------
-----------------------Process Architecture X64-----------------------
-----------------------------.NET 8.0.21------------------------------
----------------------------------------------------------------------
--------------------------Processor Count 2---------------------------
--------------------Total Physical Memory 11.68 GB--------------------
----------------------------------------------------------------------
DATE|LEVEL|SOURCE|MEMBER|LINE|MESSAGE
2026-09-13T18:31:56.1220|INFO|CameraChooserVM.cs|GetEquipment|69|Found 1 ASI Cameras
2026-09-13T18:31:57.6317|INFO|CameraChooserVM.cs|GetEquipment|84|Found 1 Altair Cameras
2026-09-13T18:31:57.8103|INFO|CameraChooserVM.cs|GetEquipment|96|Found 0 Atik Cameras
2026-09-13T18:31:57.8116|INFO|CameraChooserVM.cs|GetEquipment|110|Found 0 FLI Cameras
2026-09-13T18:31:59.1421|INFO|CameraChooserVM.cs|GetEquipment|130|Found 2 QHYCCD Cameras
2026-09-13T18:32:01.2764|INFO|CameraChooserVM.cs|GetEquipment|158|Found 2 ToupTek Cameras
2026-09-13T18:32:01.5207|INFO|CameraChooserVM.cs|GetEquipment|173|Found 1 Ogma Cameras
2026-09-13T18:32:01.8725|INFO|CameraChooserVM.cs|GetEquipment|188|Found 2 Omegon Cameras
2026-09-13T18:32:01.8834|INFO|PluginLoader.cs|LoadPlugin|402|Successfully loaded plugin Connector version 2.1.0.2 by Stefan Berg @isbeorn
2026-09-13T18:32:02.3920|INFO|CameraChooserVM.cs|GetEquipment|203|Found 2 RisingCam Cameras
2026-09-13T18:32:02.7431|INFO|CameraChooserVM.cs|GetEquipment|218|Found 1 MallinCam Cameras
2026-09-13T18:32:02.9888|INFO|CameraChooserVM.cs|GetEquipment|243|Found 1 SVBony Cameras
2026-09-13T18:32:02.9925|INFO|CameraChooserVM.cs|GetEquipment|259|Found 0 SBIG Cameras
2026-09-13T18:32:03.4002|INFO|PluginLoader.cs|LoadPlugin|402|Successfully loaded plugin Digital StarGate Observatory Telemetry Exporter version 0.3.1.0 by Digital StarGate
2026-09-13T18:32:11.1033|INFO|PluginLoader.cs|LoadPlugin|402|Successfully loaded plugin Hocus Focus version 3.0.0.25 by George Hilios (jokogeo)
2026-09-13T18:32:12.2606|INFO|PluginLoader.cs|LoadPlugin|402|Successfully loaded plugin Remote Copy version 3.0.1.0 by Tom Palmer @tcpalmer
2026-09-13T18:32:42.4104|INFO|PluginLoader.cs|LoadPlugin|402|Successfully loaded plugin RTSP Client version 3.1.0.6 by Stefan Berg @isbeorn
2026-09-13T18:32:42.6900|INFO|PluginLoader.cs|LoadPlugin|402|Successfully loaded plugin Three Point Polar Alignment version 2.2.4.3 by Stefan Berg @isbeorn
2026-09-13T18:32:42.8970|INFO|PluginLoader.cs|LoadPlugin|402|Successfully loaded plugin WandererAstro Tools version 3.0.0.0 by WandererAstro
2026-09-13T18:32:42.9173|INFO|PluginFetcher.cs|RequestAll|43|Fetching plugin manifests from https://nighttime-imaging.eu/wp-json/nina/v1/plugins/manifests
2026-09-13T18:32:48.5080|INFO|ApplicationVM.cs|CheckASCOMPlatformVersion|81|ASCOM Platform 7.1.3.4851 installed
2026-09-13T18:32:49.0125|INFO|PluginFetcher.cs|RequestAll|57|Found 96 valid plugins at https://nighttime-imaging.eu/wp-json/nina/v1/plugins/manifests
2026-09-13T18:32:50.4231|INFO|CameraChooserVM.cs|GetEquipment|279|Found 0 SVBony Cameras
2026-09-13T18:32:50.5194|INFO|CameraChooserVM.cs|GetEquipment|279|Found 0 PlayerOne Cameras
2026-09-13T18:32:50.5693|INFO|CameraChooserVM.cs|GetEquipment|279|Found 0 ASTPAN Cameras
2026-09-13T18:32:50.5720|INFO|CameraChooserVM.cs|GetEquipment|293|Found 13 ASCOM Cameras
2026-09-13T18:32:50.7577|INFO|WeatherDataChooserVM.cs|GetEquipment|69|Found 0 Alpaca Observing Conditions
2026-09-13T18:32:50.9342|INFO|ApplicationVM.cs|CheckDiskInfo|100|Available Space on Drive C:\: 58.98 GB
2026-09-13T18:32:50.9345|INFO|ApplicationVM.cs|CheckDiskInfo|100|Available Space on Drive D:\: 319.54 GB
2026-09-13T18:32:51.8879|INFO|TelescopeChooserVM.cs|GetEquipment|69|Found 0 Alpaca Telescopes
2026-09-13T18:32:51.9337|INFO|FocuserChooserVM.cs|GetEquipment|84|Found 0 Alpaca Focusers
2026-09-13T18:32:52.0717|INFO|DomeChooserVM.cs|GetEquipment|67|Found 0 Alpaca Domes
2026-09-13T18:32:52.1556|INFO|FlatDeviceChooserVM.cs|GetEquipment|67|Found 0 Alpaca Cover Calibrators
2026-09-13T18:32:52.2599|INFO|FilterWheelChooserVM.cs|GetEquipment|193|Found 0 Alpaca Filter Wheels
2026-09-13T18:32:52.3638|INFO|SwitchChooserVM.cs|GetEquipment|71|Found 0 Alpaca Switch Hubs
2026-09-13T18:32:52.5758|INFO|CameraChooserVM.cs|GetEquipment|305|Found 0 Alpaca Cameras
2026-09-13T18:32:52.5794|INFO|CameraChooserVM.cs|GetEquipment|318|Found 0 Canon Cameras
2026-09-13T18:32:52.5872|INFO|RotatorChooserVM.cs|GetEquipment|68|Found 0 Alpaca Rotators
2026-09-13T18:32:52.7388|INFO|SafetyMonitorChooserVM.cs|GetEquipment|71|Found 0 Alpaca Safety Monitors
2026-09-13T18:32:55.8170|INFO|CameraVM.cs|Disconnect|650|Disconnected Camera
2026-09-13T18:32:55.8228|INFO|QHYCamera.cs|ConnectSync|766|QHYCCD: Connecting to 695A-M-0037ec709603ca4e3
2026-09-13T18:32:58.5858|INFO|FilterWheelVM.cs|Disconnect|333|Disconnected Filter Wheel
2026-09-13T18:32:58.8822|INFO|FilterWheelVM.cs|ChooseFW|279|Successfully connected Filter Wheel. Id: 695A-M-0037ec709603ca4e3 Name: 695A-M 8-Slot Filter Wheel DisplayName: 695A-M 8-Slot Filter Wheel Driver Version: 1.0
2026-09-13T18:33:00.6067|INFO|FocuserVM.cs|Disconnect|441|Disconnected Focuser
2026-09-13T18:33:02.8261|INFO|FocuserVM.cs|ChooseFocuser|333|Successfully connected Focuser. Id: ASCOM.PegasusAstro.Focuser Name: Pegasus Astro Focus Controller DisplayName: Pegasus Astro Focus Controller (ASCOM) Driver Version: 2.20
2026-09-13T18:33:04.6216|INFO|TelescopeVM.cs|Disconnect|740|Disconnected mount
2026-09-13T18:33:04.7757|INFO|AscomTelescope.cs|CheckMountTime|845|Mount UTC Time: 2026-09-13 16:33:04Z / System UTC Time: 2026-09-13 16:33:04Z; Difference: 0.004 seconds
2026-09-13T18:33:04.8218|INFO|AscomTelescope.cs|CheckMountTime|865|Mount driver does not allow the mount's time to be set.
2026-09-13T18:33:04.8678|INFO|AscomDevice.cs|GetProperty|527|Property Telescope.SiteElevation GET is not implemented in this driver (CPWI_ASCOM_Telescope)
2026-09-13T18:33:05.4257|INFO|TelescopeVM.cs|ChooseTelescope|535|Successfully connected mount. Id: ASCOM.Optec ASCOM.Telescope Name: CPWI_ASCOM_Telescope DisplayName: CPWI_ASCOM_Telescope (ASCOM) Driver Version: 2.5.9.99  with DLL Assembly Date: July_1_2020
2026-09-13T18:33:07.1330|INFO|PHD2Guider.cs|Connect|205|Connecting to PHD2 server at 127.0.0.1:4400
2026-09-13T18:33:09.7200|INFO|FlatDeviceVM.cs|Disconnect|289|Disconnected Flat Device
2026-09-13T18:33:16.8242|INFO|FlatDeviceVM.cs|Connect|241|Successfully connected flat device. Id: ASCOM.WandererCover1.CoverCalibrator Name: WandererEmpire Cover 1 DisplayName: WandererEmpire Cover 1 (ASCOM) Driver Version: 2.0
2026-09-13T18:33:21.7033|INFO|WeatherDataVM.cs|Disconnect|305|Disconnected Weather Device
2026-09-13T18:33:23.5909|INFO|AscomDevice.cs|GetProperty|527|Property ObservingConditions.SkyBrightness GET is not implemented in this driver (CloudWatcher ObsCond)
2026-09-13T18:33:23.6008|INFO|AscomDevice.cs|GetProperty|527|Property ObservingConditions.SkyQuality GET is not implemented in this driver (CloudWatcher ObsCond)
2026-09-13T18:33:23.6137|INFO|AscomDevice.cs|GetProperty|527|Property ObservingConditions.StarFWHM GET is not implemented in this driver (CloudWatcher ObsCond)
2026-09-13T18:33:23.6374|INFO|AscomDevice.cs|GetProperty|527|Property ObservingConditions.WindDirection GET is not implemented in this driver (CloudWatcher ObsCond)
2026-09-13T18:33:23.6482|INFO|WeatherDataVM.cs|ChooseWeatherData|150|Successfully connected Weather Device. Id: ASCOM.CloudWatcher.ObservingConditions Name: CloudWatcher ObsCond DisplayName: CloudWatcher ObsCond (ASCOM) Driver Version: 1.1
2026-09-13T18:33:29.4450|INFO|DomeVM.cs|Disconnect|355|Disconnected Dome Device
2026-09-13T18:33:29.5444|INFO|AscomDevice.cs|GetProperty|527|Property Dome.AtPark GET is not implemented in this driver (Shelter Dome)
2026-09-13T18:33:29.5563|INFO|AscomDevice.cs|GetProperty|527|Property Dome.AtHome GET is not implemented in this driver (Shelter Dome)
2026-09-13T18:33:29.5728|INFO|AscomDevice.cs|GetProperty|527|Property Dome.Azimuth GET is not implemented in this driver (Shelter Dome)
2026-09-13T18:33:29.7707|INFO|DomeVM.cs|ChooseDome|198|Successfully connected Dome. Id: ASCOM.TS_Shelter.Dome Name: Shelter Dome DisplayName: Shelter Dome (ASCOM) Driver Version: 6.6
2026-09-13T18:33:31.7723|INFO|AscomDevice.cs|GetProperty|527|Property Dome.Altitude GET is not implemented in this driver (Shelter Dome)
2026-09-13T18:33:33.3293|INFO|SafetyMonitorVM.cs|Disconnect|221|Disconnected Safety Monitor
2026-09-13T18:33:34.4057|INFO|SafetyMonitorVM.cs|Connect|175|Successfully connected Safety Monitor. Id: ASCOM.Hub.SafetyMonitor Name: Short driver name - please customise DisplayName: Short driver name - please customise (ASCOM) Driver Version: 6.4
2026-09-13T18:34:11.3968|INFO|QHYCamera.cs|ConnectSync|1020|QHYCCD: SDK version: 25-4-23-15
2026-09-13T18:34:11.3970|INFO|QHYCamera.cs|ConnectSync|1021|QHYCCD: USB driver version: 
2026-09-13T18:34:11.3971|INFO|QHYCamera.cs|ConnectSync|1022|QHYCCD: Camera firmware version: 18-10-24
2026-09-13T18:34:11.3972|INFO|QHYCamera.cs|ConnectSync|1023|QHYCCD: Camera FPGA versions: N/A
2026-09-13T18:34:11.4277|INFO|CameraVM.cs|ChooseCamera|455|Successfully connected Camera. Id: 695A-M-0037ec709603ca4e3 Name: 695A-M DisplayName: 695A-M (603ca4e3)Driver Version: 
2026-09-13T18:35:12.2054|INFO|Sequence2VM.cs|LockSequence|139|Sequencer unlocked
2026-09-13T18:35:14.6452|INFO|DockManagerVM.cs|InitializeAvalonDockLayout|366|Initializing imaging tab layout from C:\Users\PrimaLuceLab\AppData\Local\NINA\Profiles\21c45d14-58c2-4ca1-9053-4e23fb6d7dc4.dock.config
2026-09-13T18:35:41.2361|INFO|Sequence2VM.cs|StartSequence|543|Advanced Sequence starting
2026-09-13T18:35:41.3149|INFO|SequenceItem.cs|Run|208|Starting Category: * Set di Istruzioni *, Container: NINA.Sequencer.Container.SequenceRootContainer, Strategy: SequentialStrategy, Items[CREATED]: 3, Triggers: Trigger: MeridianFlipTriggerTrigger: RestoreGuidingTrigger: AutofocusAfterHFRIncreaseTrigger, Amount: 5Trigger: AutofocusAfterFilterChange
2026-09-13T18:35:41.3544|INFO|MeridianFlipTrigger.cs|ShouldTrigger|204|Meridian Flip - Telescope is not tracking. Skip flip evaluation
2026-09-13T18:35:41.5456|INFO|SequenceItem.cs|Run|208|Starting Category: * Set di Istruzioni *, Container: NINA.Sequencer.Container.StartAreaContainer, Strategy: SequentialStrategy, Items[CREATED]: 2
2026-09-13T18:35:41.5462|INFO|MeridianFlipTrigger.cs|ShouldTrigger|204|Meridian Flip - Telescope is not tracking. Skip flip evaluation
2026-09-13T18:35:41.5467|INFO|SequenceItem.cs|Run|208|Starting Category: Utilità, Item: Annotation, Text: VERSION: 1
2026-09-13T18:35:41.5473|INFO|SequenceItem.cs|Run|254|Finishing Category: Utilità, Item: Annotation, Text: VERSION: 1
2026-09-13T18:35:41.5500|INFO|MeridianFlipTrigger.cs|ShouldTrigger|204|Meridian Flip - Telescope is not tracking. Skip flip evaluation
2026-09-13T18:35:41.5503|INFO|SequenceItem.cs|Run|208|Starting Category: * Set di Istruzioni *, Container: NINA.Sequencer.Container.SequentialContainer, Strategy: SequentialStrategy, Items[CREATED]: 4
2026-09-13T18:35:41.5506|INFO|MeridianFlipTrigger.cs|ShouldTrigger|204|Meridian Flip - Telescope is not tracking. Skip flip evaluation
2026-09-13T18:35:41.5506|INFO|SequenceItem.cs|Run|208|Starting Category: Utilità, Item: Annotation, Text: VERSION: 1
2026-09-13T18:35:41.5507|INFO|SequenceItem.cs|Run|254|Finishing Category: Utilità, Item: Annotation, Text: VERSION: 1
2026-09-13T18:35:41.5510|INFO|MeridianFlipTrigger.cs|ShouldTrigger|204|Meridian Flip - Telescope is not tracking. Skip flip evaluation
2026-09-13T18:35:41.5510|INFO|SequenceItem.cs|Run|208|Starting Category: * Set di Istruzioni *, Container: NINA.Sequencer.Container.SequentialContainer, Strategy: SequentialStrategy, Items[CREATED]: 4
2026-09-13T18:35:41.5511|INFO|MeridianFlipTrigger.cs|ShouldTrigger|204|Meridian Flip - Telescope is not tracking. Skip flip evaluation
2026-09-13T18:35:41.5512|INFO|SequenceItem.cs|Run|208|Starting Category: Utilità, Item: Annotation, Text: This Startup Sequence ensures an ASCOM Safety Monitor will function in a sequence as expected.
2026-09-13T18:35:41.5512|INFO|SequenceItem.cs|Run|254|Finishing Category: Utilità, Item: Annotation, Text: This Startup Sequence ensures an ASCOM Safety Monitor will function in a sequence as expected.
2026-09-13T18:35:41.5513|INFO|MeridianFlipTrigger.cs|ShouldTrigger|204|Meridian Flip - Telescope is not tracking. Skip flip evaluation
2026-09-13T18:35:41.5513|INFO|SequenceItem.cs|Run|208|Starting Category: Utilità, Item: Annotation, Text: The CONNECTOR Plugin is used in this Sequence.
2026-09-13T18:35:41.5514|INFO|SequenceItem.cs|Run|254|Finishing Category: Utilità, Item: Annotation, Text: The CONNECTOR Plugin is used in this Sequence.
2026-09-13T18:35:41.5514|INFO|MeridianFlipTrigger.cs|ShouldTrigger|204|Meridian Flip - Telescope is not tracking. Skip flip evaluation
2026-09-13T18:35:41.5515|INFO|SequenceItem.cs|Run|208|Starting Category: Utilità, Item: Annotation, Text: A Switch is also used within this Startup Sequence.
2026-09-13T18:35:41.5515|INFO|SequenceItem.cs|Run|254|Finishing Category: Utilità, Item: Annotation, Text: A Switch is also used within this Startup Sequence.
2026-09-13T18:35:41.5516|INFO|MeridianFlipTrigger.cs|ShouldTrigger|204|Meridian Flip - Telescope is not tracking. Skip flip evaluation
2026-09-13T18:35:41.5516|INFO|SequenceItem.cs|Run|208|Starting Category: Utilità, Item: Annotation, Text: The sequence uses Nautical Dusk and Nautical Dawn along with a number of time offsets. Adjust this as desired.
2026-09-13T18:35:41.5517|INFO|SequenceItem.cs|Run|254|Finishing Category: Utilità, Item: Annotation, Text: The sequence uses Nautical Dusk and Nautical Dawn along with a number of time offsets. Adjust this as desired.
2026-09-13T18:35:41.5543|INFO|SequenceItem.cs|Run|254|Finishing Category: * Set di Istruzioni *, Container: NINA.Sequencer.Container.SequentialContainer, Strategy: SequentialStrategy, Items[FINISHED]: 4
2026-09-13T18:35:41.5547|INFO|MeridianFlipTrigger.cs|ShouldTrigger|204|Meridian Flip - Telescope is not tracking. Skip flip evaluation
2026-09-13T18:35:41.5549|INFO|SequenceItem.cs|Run|208|Starting Category: * Set di Istruzioni *, Container: NINA.Sequencer.Container.SequentialContainer, Strategy: SequentialStrategy, Items[CREATED]: 11
2026-09-13T18:35:41.5550|INFO|MeridianFlipTrigger.cs|ShouldTrigger|204|Meridian Flip - Telescope is not tracking. Skip flip evaluation
2026-09-13T18:35:41.5555|INFO|SequenceItem.cs|Run|208|Starting Category: Utilità, Item: WaitForTime, Time: 20:33:29h, Offset: -30
2026-09-13T19:42:36.8954|WARNING|DeviceUpdateTimer.cs|Run|115|Dome value update cycle took longer than the device poll interval (Total: 3.14s > 2s; Poll: 00:00:00.0032118; Update: 00:00:03.1337324)
2026-09-13T19:48:02.8679|WARNING|DeviceUpdateTimer.cs|Run|115|Dome value update cycle took longer than the device poll interval (Total: 3.11s > 2s; Poll: 00:00:00.0030164; Update: 00:00:03.1074592)
2026-09-13T20:09:22.4092|INFO|SafetyMonitorVM.cs|UpdateMonitorValues|95|SafetyMonitorInfo state changed to Safe
2026-09-13T20:33:48.3250|INFO|SequenceItem.cs|Run|254|Finishing Category: Utilità, Item: WaitForTime, Time: 20:33:29h, Offset: -30
2026-09-13T20:33:48.3253|INFO|MeridianFlipTrigger.cs|ShouldTrigger|204|Meridian Flip - Telescope is not tracking. Skip flip evaluation
2026-09-13T20:33:48.3260|INFO|SequenceItem.cs|Run|208|Starting Category: Connetti, Item: ConnectEquipment, Selected device: Weather, Selected device id: ASCOM.CloudWatcher.ObservingConditions
2026-09-13T20:33:48.3311|INFO|ConnectEquipment.cs|Execute|186|Weather is already connected
2026-09-13T20:33:48.3312|INFO|SequenceItem.cs|Run|254|Finishing Category: Connetti, Item: ConnectEquipment, Selected device: Weather, Selected device id: ASCOM.CloudWatcher.ObservingConditions
2026-09-13T20:33:48.3316|INFO|MeridianFlipTrigger.cs|ShouldTrigger|204|Meridian Flip - Telescope is not tracking. Skip flip evaluation
2026-09-13T20:33:48.3316|INFO|SequenceItem.cs|Run|208|Starting Category: Connetti, Item: ConnectEquipment, Selected device: Safety Monitor, Selected device id: ASCOM.Hub.SafetyMonitor
2026-09-13T20:33:48.3320|INFO|ConnectEquipment.cs|Execute|186|Safety Monitor is already connected
2026-09-13T20:33:48.3320|INFO|SequenceItem.cs|Run|254|Finishing Category: Connetti, Item: ConnectEquipment, Selected device: Safety Monitor, Selected device id: ASCOM.Hub.SafetyMonitor
2026-09-13T20:33:48.3321|INFO|MeridianFlipTrigger.cs|ShouldTrigger|204|Meridian Flip - Telescope is not tracking. Skip flip evaluation
2026-09-13T20:33:48.3324|INFO|SequenceItem.cs|Run|208|Starting Category: Monitor Di Sicurezza, Item: WaitUntilSafe
2026-09-13T20:33:48.3336|INFO|SequenceItem.cs|Run|254|Finishing Category: Monitor Di Sicurezza, Item: WaitUntilSafe
2026-09-13T20:33:48.3337|INFO|MeridianFlipTrigger.cs|ShouldTrigger|204|Meridian Flip - Telescope is not tracking. Skip flip evaluation
2026-09-13T20:33:48.3337|INFO|SequenceItem.cs|Run|208|Starting Category: Connetti, Item: ConnectEquipment, Selected device: Camera, Selected device id: 695A-M-0037ec709603ca4e3
2026-09-13T20:33:48.3340|INFO|ConnectEquipment.cs|Execute|186|Camera is already connected
2026-09-13T20:33:48.3340|INFO|SequenceItem.cs|Run|254|Finishing Category: Connetti, Item: ConnectEquipment, Selected device: Camera, Selected device id: 695A-M-0037ec709603ca4e3
2026-09-13T20:33:48.3341|INFO|MeridianFlipTrigger.cs|ShouldTrigger|204|Meridian Flip - Telescope is not tracking. Skip flip evaluation
2026-09-13T20:33:48.3342|INFO|SequenceItem.cs|Run|208|Starting Category: Connetti, Item: ConnectEquipment, Selected device: Focuser, Selected device id: ASCOM.PegasusAstro.Focuser
2026-09-13T20:33:48.3342|INFO|ConnectEquipment.cs|Execute|186|Focuser is already connected
2026-09-13T20:33:48.3342|INFO|SequenceItem.cs|Run|254|Finishing Category: Connetti, Item: ConnectEquipment, Selected device: Focuser, Selected device id: ASCOM.PegasusAstro.Focuser
2026-09-13T20:33:48.3343|INFO|MeridianFlipTrigger.cs|ShouldTrigger|204|Meridian Flip - Telescope is not tracking. Skip flip evaluation
2026-09-13T20:33:48.3344|INFO|SequenceItem.cs|Run|208|Starting Category: Connetti, Item: ConnectEquipment, Selected device: Filter Wheel, Selected device id: 695A-M-0037ec709603ca4e3
2026-09-13T20:33:48.3344|INFO|ConnectEquipment.cs|Execute|186|Filter Wheel is already connected
2026-09-13T20:33:48.3345|INFO|SequenceItem.cs|Run|254|Finishing Category: Connetti, Item: ConnectEquipment, Selected device: Filter Wheel, Selected device id: 695A-M-0037ec709603ca4e3
2026-09-13T20:33:48.3345|INFO|MeridianFlipTrigger.cs|ShouldTrigger|204|Meridian Flip - Telescope is not tracking. Skip flip evaluation
2026-09-13T20:33:48.3346|INFO|SequenceItem.cs|Run|208|Starting Category: Connetti, Item: ConnectEquipment, Selected device: Mount, Selected device id: ASCOM.Optec ASCOM.Telescope
2026-09-13T20:33:48.3347|INFO|ConnectEquipment.cs|Execute|186|Mount is already connected
2026-09-13T20:33:48.3347|INFO|SequenceItem.cs|Run|254|Finishing Category: Connetti, Item: ConnectEquipment, Selected device: Mount, Selected device id: ASCOM.Optec ASCOM.Telescope
2026-09-13T20:33:48.3348|INFO|MeridianFlipTrigger.cs|ShouldTrigger|204|Meridian Flip - Telescope is not tracking. Skip flip evaluation
2026-09-13T20:33:48.3348|INFO|SequenceItem.cs|Run|208|Starting Category: Connetti, Item: ConnectEquipment, Selected device: Dome, Selected device id: ASCOM.TS_Shelter.Dome
2026-09-13T20:33:48.3350|INFO|ConnectEquipment.cs|Execute|186|Dome is already connected
2026-09-13T20:33:48.3350|INFO|SequenceItem.cs|Run|254|Finishing Category: Connetti, Item: ConnectEquipment, Selected device: Dome, Selected device id: ASCOM.TS_Shelter.Dome
2026-09-13T20:33:48.3351|INFO|MeridianFlipTrigger.cs|ShouldTrigger|204|Meridian Flip - Telescope is not tracking. Skip flip evaluation
2026-09-13T20:33:48.3352|INFO|SequenceItem.cs|Run|208|Starting Category: Connetti, Item: ConnectEquipment, Selected device: Guider, Selected device id: PHD2_Single
2026-09-13T20:33:48.3352|INFO|ConnectEquipment.cs|Execute|186|Guider is already connected
2026-09-13T20:33:48.3352|INFO|SequenceItem.cs|Run|254|Finishing Category: Connetti, Item: ConnectEquipment, Selected device: Guider, Selected device id: PHD2_Single
2026-09-13T20:33:48.3353|INFO|MeridianFlipTrigger.cs|ShouldTrigger|204|Meridian Flip - Telescope is not tracking. Skip flip evaluation
2026-09-13T20:33:48.3354|INFO|SequenceItem.cs|Run|208|Starting Category: Connetti, Item: ConnectEquipment, Selected device: Flat Panel, Selected device id: ASCOM.WandererCover1.CoverCalibrator
2026-09-13T20:33:48.3354|INFO|ConnectEquipment.cs|Execute|186|Flat Panel is already connected
2026-09-13T20:33:48.3354|INFO|SequenceItem.cs|Run|254|Finishing Category: Connetti, Item: ConnectEquipment, Selected device: Flat Panel, Selected device id: ASCOM.WandererCover1.CoverCalibrator
2026-09-13T20:33:48.3358|INFO|SequenceItem.cs|Run|254|Finishing Category: * Set di Istruzioni *, Container: NINA.Sequencer.Container.SequentialContainer, Strategy: SequentialStrategy, Items[FINISHED]: 11
2026-09-13T20:33:48.3359|INFO|MeridianFlipTrigger.cs|ShouldTrigger|204|Meridian Flip - Telescope is not tracking. Skip flip evaluation
2026-09-13T20:33:48.3360|INFO|SequenceItem.cs|Run|208|Starting Category: * Set di Istruzioni *, Container: NINA.Sequencer.Container.SequentialContainer, Strategy: SequentialStrategy, Items[CREATED]: 12
2026-09-13T20:33:48.3362|INFO|MeridianFlipTrigger.cs|ShouldTrigger|204|Meridian Flip - Telescope is not tracking. Skip flip evaluation
2026-09-13T20:33:48.3367|INFO|SequenceItem.cs|Run|208|Starting Category: Fotocamera, Item: CoolCamera, Temperature: -10, Duration: 5
2026-09-13T20:33:48.3396|INFO|CameraVM.cs|CoolCamera|138|Cooling Camera. Target: -10 Duration: 00:05:00
2026-09-13T20:38:50.2261|INFO|SequenceItem.cs|Run|254|Finishing Category: Fotocamera, Item: CoolCamera, Temperature: -10, Duration: 5
2026-09-13T20:38:50.2264|INFO|MeridianFlipTrigger.cs|ShouldTrigger|204|Meridian Flip - Telescope is not tracking. Skip flip evaluation
2026-09-13T20:38:50.2265|INFO|SequenceItem.cs|Run|208|Starting Category: Utilità, Item: WaitForTime, Time: 20:53:29h, Offset: -10
2026-09-13T20:53:31.2345|INFO|SequenceItem.cs|Run|254|Finishing Category: Utilità, Item: WaitForTime, Time: 20:53:29h, Offset: -10
2026-09-13T20:53:31.2347|INFO|MeridianFlipTrigger.cs|ShouldTrigger|204|Meridian Flip - Telescope is not tracking. Skip flip evaluation
2026-09-13T20:53:31.2348|INFO|SequenceItem.cs|Run|208|Starting Category: Monitor Di Sicurezza, Item: WaitUntilSafe
2026-09-13T20:53:31.2350|INFO|SequenceItem.cs|Run|254|Finishing Category: Monitor Di Sicurezza, Item: WaitUntilSafe
2026-09-13T20:53:31.2351|INFO|MeridianFlipTrigger.cs|ShouldTrigger|204|Meridian Flip - Telescope is not tracking. Skip flip evaluation
2026-09-13T20:53:31.2355|INFO|SequenceItem.cs|Run|208|Starting Category: Osservatorio, Item: OpenDomeShutter
2026-09-13T20:53:31.2417|INFO|DomeVM.cs|OpenShutter|448|Opening dome shutter. Shutter state before opening ShutterClosed
2026-09-13T20:53:31.2470|INFO|AscomDome.cs|OpenShutter|206|Sending an OpenShutter request, since it is currently ShutterClosed
2026-09-13T20:54:15.9206|INFO|DomeVM.cs|OpenShutter|454|Opened dome shutter. Shutter state after opening ShutterOpen
2026-09-13T20:54:15.9220|INFO|SequenceItem.cs|Run|254|Finishing Category: Osservatorio, Item: OpenDomeShutter
2026-09-13T20:54:15.9223|INFO|MeridianFlipTrigger.cs|ShouldTrigger|204|Meridian Flip - Telescope is not tracking. Skip flip evaluation
2026-09-13T20:54:15.9227|INFO|SequenceItem.cs|Run|208|Starting Category: Telescopio, Item: UnparkScope
2026-09-13T20:54:15.9270|INFO|TelescopeVM.cs|UnparkTelescope|232|Mount ordered to unpark
2026-09-13T20:54:15.9318|INFO|TelescopeVM.cs|UnparkTelescope|277|Mount is already unparked
2026-09-13T20:54:15.9323|INFO|TelescopeVM.cs|UnparkTelescope|282|Mount has unparked
2026-09-13T20:54:15.9324|INFO|SequenceItem.cs|Run|254|Finishing Category: Telescopio, Item: UnparkScope
2026-09-13T20:54:15.9333|INFO|MeridianFlipTrigger.cs|ShouldTrigger|204|Meridian Flip - Telescope is not tracking. Skip flip evaluation
2026-09-13T20:54:15.9338|INFO|SequenceItem.cs|Run|208|Starting Category: Apparato per i Flat, Item: OpenCover
2026-09-13T20:54:15.9410|INFO|FlatDeviceVM.cs|OpenCover|312|Opening Flat Device Cover
2026-09-13T20:54:40.8434|INFO|SequenceItem.cs|Run|254|Finishing Category: Apparato per i Flat, Item: OpenCover
2026-09-13T20:54:40.8437|INFO|MeridianFlipTrigger.cs|ShouldTrigger|204|Meridian Flip - Telescope is not tracking. Skip flip evaluation
2026-09-13T20:54:40.8454|INFO|SequenceItem.cs|Run|208|Starting Category: Telescopio, Item: SetTracking, TrackingMode: Sidereal
2026-09-13T20:54:40.8756|INFO|SequenceItem.cs|Run|254|Finishing Category: Telescopio, Item: SetTracking, TrackingMode: Sidereal
2026-09-13T20:54:40.8758|INFO|MeridianFlipTrigger.cs|ShouldTrigger|204|Meridian Flip - Telescope is not tracking. Skip flip evaluation
2026-09-13T20:54:40.8809|INFO|SequenceItem.cs|Run|208|Starting Category: Ruota porta filtri, Item: SwitchFilter, Filter: L-Pro
2026-09-13T20:54:41.0055|INFO|SequenceItem.cs|Run|254|Finishing Category: Ruota porta filtri, Item: SwitchFilter, Filter: L-Pro
2026-09-13T20:54:41.0058|INFO|MeridianFlipTrigger.cs|ShouldTrigger|204|Meridian Flip - Telescope is not tracking. Skip flip evaluation
2026-09-13T20:54:41.0064|INFO|SequenceItem.cs|Run|208|Starting Category: Telescopio, Item: SlewScopeToAltAz, Coordinates: NINA.Astrometry.InputTopocentricCoordinates
2026-09-13T20:54:41.0362|INFO|PHD2Guider.cs|StopGuiding|704|Phd2 - Stop Guiding skipped, as the app is already in state Stopped
2026-09-13T20:54:41.0578|INFO|TelescopeVM.cs|SlewAsyncInternal|910|Slewing from RA: 23:57:51; Dec: 88° 41' 10"; Epoch: JNOW to RA: 20:57:07; Dec: 39° 23' 27"; Epoch: JNOW - Alt: 70° 00' 00"; Az: 90° 00' 00"
2026-09-13T20:54:56.6013|WARNING|DeviceUpdateTimer.cs|Run|115|Dome value update cycle took longer than the device poll interval (Total: 2.08s > 2s; Poll: 00:00:00.0036755; Update: 00:00:02.0809634)
2026-09-13T20:55:15.4660|INFO|SequenceItem.cs|Run|254|Finishing Category: Telescopio, Item: SlewScopeToAltAz, Coordinates: NINA.Astrometry.InputTopocentricCoordinates
2026-09-13T20:55:15.4776|INFO|MeridianFlipTrigger.cs|ShouldTrigger|296|Meridian Flip - (Side of Pier usage is disabled) There is still time remaining. Max remaining time 01:42:33.4380383, next instruction time 60, next instruction Category: Utilità, Item: WaitForTimeSpan, Time: 60s
2026-09-13T20:55:15.4780|INFO|SequenceItem.cs|Run|208|Starting Category: Utilità, Item: WaitForTimeSpan, Time: 60s
2026-09-13T20:56:15.6607|INFO|SequenceItem.cs|Run|254|Finishing Category: Utilità, Item: WaitForTimeSpan, Time: 60s
2026-09-13T20:56:15.6628|INFO|MeridianFlipTrigger.cs|ShouldTrigger|296|Meridian Flip - (Side of Pier usage is disabled) There is still time remaining. Max remaining time 01:41:31.2829196, next instruction time 220, next instruction Category: Focheggiatore, Item: RunAutofocus
2026-09-13T20:56:15.6630|INFO|SequenceItem.cs|Run|208|Starting Category: Focheggiatore, Item: RunAutofocus
2026-09-13T20:56:15.8579|INFO|FocuserMediator.cs|BroadcastAutoFocusRunStarting|92|Autofocus starting notification received
2026-09-13T20:56:15.8944|INFO|PHD2Guider.cs|StopGuiding|704|Phd2 - Stop Guiding skipped, as the app is already in state Stopped
2026-09-13T20:56:15.9232|INFO|AutoFocusEngine.cs|RunAutoFocus|929|Starting AutoFocus with initial position 40604
2026-09-13T20:56:16.0887|INFO|CameraVM.cs|Capture|742|Starting Exposure - Exposure Time: 6s; Filter: L-Pro; Gain: 15; Offset 132; Binning: 2x2;
2026-09-13T20:56:23.4464|INFO|AutoFocusEngine.cs|StartBlindFocusPoints|769|Waiting on initial HFR analysis
2026-09-13T20:56:23.5227|INFO|FocuserVM.cs|MoveFocuserInternal|216|Moving Focuser to position 41404
2026-09-13T20:56:27.1404|INFO|HocusFocusStarDetection.cs|Detect|413|Average HFR: 2.323947989435241, HFR MAD: 0.2027898810873956, Detected Stars 230, Region: 0
2026-09-13T20:56:31.9375|INFO|CameraVM.cs|Capture|742|Starting Exposure - Exposure Time: 6s; Filter: L-Pro; Gain: 15; Offset 132; Binning: 2x2;
2026-09-13T20:56:39.2548|INFO|FocuserVM.cs|MoveFocuserInternal|216|Moving Focuser to position 41204
2026-09-13T20:56:40.0748|INFO|HocusFocusStarDetection.cs|Detect|413|Average HFR: 3.369965162890785, HFR MAD: 0.20414114803270378, Detected Stars 166, Region: 0
2026-09-13T20:56:45.1449|INFO|CameraVM.cs|Capture|742|Starting Exposure - Exposure Time: 6s; Filter: L-Pro; Gain: 15; Offset 132; Binning: 2x2;
2026-09-13T20:56:52.4692|INFO|FocuserVM.cs|MoveFocuserInternal|216|Moving Focuser to position 41004
2026-09-13T20:56:53.2732|INFO|HocusFocusStarDetection.cs|Detect|413|Average HFR: 3.2890020302136067, HFR MAD: 0.2260292635388037, Detected Stars 205, Region: 0
2026-09-13T20:56:59.0436|INFO|CameraVM.cs|Capture|742|Starting Exposure - Exposure Time: 6s; Filter: L-Pro; Gain: 15; Offset 132; Binning: 2x2;
2026-09-13T20:57:06.3712|INFO|FocuserVM.cs|MoveFocuserInternal|216|Moving Focuser to position 40804
2026-09-13T20:57:07.1184|INFO|HocusFocusStarDetection.cs|Detect|413|Average HFR: 3.2736256367794208, HFR MAD: 0.23545798050385658, Detected Stars 209, Region: 0
2026-09-13T20:57:13.0451|INFO|CameraVM.cs|Capture|742|Starting Exposure - Exposure Time: 6s; Filter: L-Pro; Gain: 15; Offset 132; Binning: 2x2;
2026-09-13T20:57:20.3699|INFO|AutoFocusEngine.cs|StartBlindFocusPoints|797|Waiting on initial focuser move analyses
2026-09-13T20:57:21.2299|INFO|HocusFocusStarDetection.cs|Detect|413|Average HFR: 3.0878303285122497, HFR MAD: 0.21840715484091255, Detected Stars 216, Region: 0
2026-09-13T20:57:21.3713|INFO|FocuserVM.cs|MoveFocuserInternal|216|Moving Focuser to position 40604
2026-09-13T20:57:27.0134|INFO|CameraVM.cs|Capture|742|Starting Exposure - Exposure Time: 6s; Filter: L-Pro; Gain: 15; Offset 132; Binning: 2x2;
2026-09-13T20:57:34.3652|INFO|AutoFocusEngine.cs|StartBlindFocusPoints|870|Waiting on next left movement analysis
2026-09-13T20:57:35.2669|INFO|HocusFocusStarDetection.cs|Detect|413|Average HFR: 2.780980677568262, HFR MAD: 0.30707307978644094, Detected Stars 247, Region: 0
2026-09-13T20:57:35.3928|INFO|FocuserVM.cs|MoveFocuserInternal|216|Moving Focuser to position 40404
2026-09-13T20:57:41.0322|INFO|CameraVM.cs|Capture|742|Starting Exposure - Exposure Time: 6s; Filter: L-Pro; Gain: 15; Offset 132; Binning: 2x2;
2026-09-13T20:57:48.3630|INFO|AutoFocusEngine.cs|StartBlindFocusPoints|870|Waiting on next left movement analysis
2026-09-13T20:57:49.2005|INFO|HocusFocusStarDetection.cs|Detect|413|Average HFR: 2.2780190372001456, HFR MAD: 0.19188449071781433, Detected Stars 284, Region: 0
2026-09-13T20:57:49.2209|INFO|FocuserVM.cs|MoveFocuserInternal|216|Moving Focuser to position 40204
2026-09-13T20:57:55.0065|INFO|CameraVM.cs|Capture|742|Starting Exposure - Exposure Time: 6s; Filter: L-Pro; Gain: 15; Offset 132; Binning: 2x2;
2026-09-13T20:58:02.3395|INFO|AutoFocusEngine.cs|StartBlindFocusPoints|870|Waiting on next left movement analysis
2026-09-13T20:58:03.1025|INFO|HocusFocusStarDetection.cs|Detect|413|Average HFR: 2.0103458242502588, HFR MAD: 0.18758483720764563, Detected Stars 289, Region: 0
2026-09-13T20:58:03.1647|INFO|FocuserVM.cs|MoveFocuserInternal|216|Moving Focuser to position 40004
2026-09-13T20:58:09.0320|INFO|CameraVM.cs|Capture|742|Starting Exposure - Exposure Time: 6s; Filter: L-Pro; Gain: 15; Offset 132; Binning: 2x2;
2026-09-13T20:58:16.3675|INFO|AutoFocusEngine.cs|StartBlindFocusPoints|870|Waiting on next left movement analysis
2026-09-13T20:58:17.0679|INFO|HocusFocusStarDetection.cs|Detect|413|Average HFR: 1.956813711121774, HFR MAD: 0.16578086485202204, Detected Stars 269, Region: 0
2026-09-13T20:58:17.1808|INFO|FocuserVM.cs|MoveFocuserInternal|216|Moving Focuser to position 39804
2026-09-13T20:58:23.0269|INFO|CameraVM.cs|Capture|742|Starting Exposure - Exposure Time: 6s; Filter: L-Pro; Gain: 15; Offset 132; Binning: 2x2;
2026-09-13T20:58:30.4046|INFO|AutoFocusEngine.cs|StartBlindFocusPoints|870|Waiting on next left movement analysis
2026-09-13T20:58:31.0969|INFO|HocusFocusStarDetection.cs|Detect|413|Average HFR: 1.8216261417392345, HFR MAD: 0.12467724063386143, Detected Stars 266, Region: 0
2026-09-13T20:58:31.1610|INFO|FocuserVM.cs|MoveFocuserInternal|216|Moving Focuser to position 39604
2026-09-13T20:58:37.0240|INFO|CameraVM.cs|Capture|742|Starting Exposure - Exposure Time: 6s; Filter: L-Pro; Gain: 15; Offset 132; Binning: 2x2;
2026-09-13T20:58:44.3515|INFO|AutoFocusEngine.cs|StartBlindFocusPoints|870|Waiting on next left movement analysis
2026-09-13T20:58:45.1334|INFO|HocusFocusStarDetection.cs|Detect|413|Average HFR: 1.7881911072540688, HFR MAD: 0.11084771251952996, Detected Stars 245, Region: 0
2026-09-13T20:58:45.4080|INFO|FocuserVM.cs|MoveFocuserInternal|216|Moving Focuser to position 39404
2026-09-13T20:58:51.0978|INFO|CameraVM.cs|Capture|742|Starting Exposure - Exposure Time: 6s; Filter: L-Pro; Gain: 15; Offset 132; Binning: 2x2;
2026-09-13T20:58:58.4218|INFO|AutoFocusEngine.cs|StartBlindFocusPoints|870|Waiting on next left movement analysis
2026-09-13T20:58:59.1805|INFO|HocusFocusStarDetection.cs|Detect|413|Average HFR: 1.7989543417847749, HFR MAD: 0.11688670542751067, Detected Stars 267, Region: 0
2026-09-13T20:58:59.2582|INFO|FocuserVM.cs|MoveFocuserInternal|216|Moving Focuser to position 39204
2026-09-13T20:59:05.0168|INFO|CameraVM.cs|Capture|742|Starting Exposure - Exposure Time: 6s; Filter: L-Pro; Gain: 15; Offset 132; Binning: 2x2;
2026-09-13T20:59:12.3385|INFO|AutoFocusEngine.cs|StartBlindFocusPoints|870|Waiting on next left movement analysis
2026-09-13T20:59:13.1671|INFO|HocusFocusStarDetection.cs|Detect|413|Average HFR: 1.9375919275775044, HFR MAD: 0.14954672143554903, Detected Stars 284, Region: 0
2026-09-13T20:59:13.2777|INFO|AutoFocusEngine.cs|StartBlindFocusPoints|841|Enough right trend points (8) with an established minimum (39604) to queue remaining left focus points down to 38804
2026-09-13T20:59:13.2783|INFO|FocuserVM.cs|MoveFocuserInternal|216|Moving Focuser to position 39004
2026-09-13T20:59:19.0340|INFO|CameraVM.cs|Capture|742|Starting Exposure - Exposure Time: 6s; Filter: L-Pro; Gain: 15; Offset 132; Binning: 2x2;
2026-09-13T20:59:26.3639|INFO|FocuserVM.cs|MoveFocuserInternal|216|Moving Focuser to position 38804
2026-09-13T20:59:27.0418|INFO|HocusFocusStarDetection.cs|Detect|413|Average HFR: 2.112280100962039, HFR MAD: 0.1657983828990317, Detected Stars 275, Region: 0
2026-09-13T20:59:33.0188|INFO|CameraVM.cs|Capture|742|Starting Exposure - Exposure Time: 6s; Filter: L-Pro; Gain: 15; Offset 132; Binning: 2x2;
2026-09-13T20:59:40.3555|INFO|AutoFocusEngine.cs|StartBlindFocusPoints|896|Waiting on remaining AutoFocus analysis tasks
2026-09-13T20:59:41.1479|INFO|HocusFocusStarDetection.cs|Detect|413|Average HFR: 2.4196872809008347, HFR MAD: 0.20638356854361684, Detected Stars 272, Region: 0
2026-09-13T20:59:41.2711|INFO|FocuserVM.cs|MoveFocuserInternal|216|Moving Focuser to position 39584
2026-09-13T20:59:49.4940|INFO|AutoFocusEngine.cs|ValidateCalculatedFocusPosition|1141|Validating HFR at final focus position 39584
2026-09-13T20:59:49.6117|INFO|CameraVM.cs|Capture|742|Starting Exposure - Exposure Time: 6s; Filter: L-Pro; Gain: 15; Offset 132; Binning: 2x2;
2026-09-13T20:59:57.8958|INFO|HocusFocusStarDetection.cs|Detect|413|Average HFR: 2.154875157548556, HFR MAD: 0.18625834359665383, Detected Stars 284, Region: 0
2026-09-13T20:59:57.9125|INFO|HocusFocusVM.cs|AutoFocusEngine_Completed|473|AutoFocus completed with focuser starting at 40604 and ending at 39584
2026-09-13T20:59:58.0484|INFO|FocuserMediator.cs|BroadcastSuccessfulAutoFocusRun|46|Autofocus notification received - Temperature 25.5
2026-09-13T20:59:58.1839|INFO|AutoFocusEngine.cs|PerformPostAutoFocusActions|1022|Re-enabling temperature compensation after AutoFocus
2026-09-13T20:59:58.2302|INFO|SequenceItem.cs|Run|254|Finishing Category: Focheggiatore, Item: RunAutofocus
2026-09-13T20:59:58.2307|INFO|MeridianFlipTrigger.cs|ShouldTrigger|296|Meridian Flip - (Side of Pier usage is disabled) There is still time remaining. Max remaining time 01:37:48.5140719, next instruction time 0, next instruction Category: Telescopio, Item: SolveAndSync
2026-09-13T20:59:58.2310|INFO|SequenceItem.cs|Run|208|Starting Category: Telescopio, Item: SolveAndSync
2026-09-13T20:59:58.5304|INFO|CameraVM.cs|Capture|742|Starting Exposure - Exposure Time: 15s; Filter: L-Pro; Gain: 15; Offset 132; Binning: 1x1;
2026-09-13T21:00:17.7568|WARNING|DeviceUpdateTimer.cs|Run|115|Camera value update cycle took longer than the device poll interval (Total: 2.32s > 2s; Poll: 00:00:02.3239995; Update: 00:00:00.0001803)
2026-09-13T21:00:18.8022|INFO|ImageSolver.cs|Solve|41|Platesolving with parameters: FocalLength: 1260 PixelSize: 4.54 SearchRadius: 30 BlindFailoverEnabled: True Regions: 5000 DownSampleFactor: 2 MaxObjects: 500 Reference Coordinates RA: 20:56:07 Dec: 39° 17' 05" Epoch: J2000
2026-09-13T21:00:19.3679|INFO|BaseImageData.cs|SaveToDisk|346|Saved image to C:\Users\PrimaLuceLab\AppData\Local\NINA\PlateSolver\01gxanjn.kkg.fits
2026-09-13T21:00:23.8993|INFO|ImageSolver.cs|Solve|54|Platesolve successful: Coordinates: RA: 20:55:44; Dec: 35° 01' 11"; Epoch: J2000 - Position Angle: 252.38469421548905
2026-09-13T21:00:24.1398|INFO|TelescopeVM.cs|Sync|777|Syncing scope from RA: 20:57:09; Dec: 39° 23' 30"; Epoch: JNOW to RA: 20:56:50; Dec: 35° 07' 33"; Epoch: JNOW
2026-09-13T21:00:29.1454|INFO|SequenceItem.cs|Run|254|Finishing Category: Telescopio, Item: SolveAndSync
2026-09-13T21:00:29.1459|INFO|SequenceItem.cs|Run|254|Finishing Category: * Set di Istruzioni *, Container: NINA.Sequencer.Container.SequentialContainer, Strategy: SequentialStrategy, Items[FINISHED]: 12
2026-09-13T21:00:29.1461|INFO|SequenceItem.cs|Run|254|Finishing Category: * Set di Istruzioni *, Container: NINA.Sequencer.Container.SequentialContainer, Strategy: SequentialStrategy, Items[FINISHED]: 4
2026-09-13T21:00:29.1462|INFO|SequenceItem.cs|Run|254|Finishing Category: * Set di Istruzioni *, Container: NINA.Sequencer.Container.StartAreaContainer, Strategy: SequentialStrategy, Items[FINISHED]: 2
2026-09-13T21:00:29.1465|INFO|MeridianFlipTrigger.cs|ShouldTrigger|296|Meridian Flip - (Side of Pier usage is disabled) There is still time remaining. Max remaining time 01:37:00.1099768, next instruction time 0, next instruction Category: * Set di Istruzioni *, Container: NINA.Sequencer.Container.TargetAreaContainer, Strategy: SequentialStrategy, Items[CREATED]: 2
2026-09-13T21:00:29.1467|INFO|SequenceItem.cs|Run|208|Starting Category: * Set di Istruzioni *, Container: NINA.Sequencer.Container.TargetAreaContainer, Strategy: SequentialStrategy, Items[CREATED]: 2
2026-09-13T21:00:29.1469|INFO|MeridianFlipTrigger.cs|ShouldTrigger|296|Meridian Flip - (Side of Pier usage is disabled) There is still time remaining. Max remaining time 01:37:00.1099768, next instruction time 0, next instruction Category: * Set di Istruzioni *, Container: NINA.Sequencer.Container.SequentialContainer, Strategy: SequentialStrategy, Items[CREATED]: 10
2026-09-13T21:00:29.1470|INFO|SequenceItem.cs|Run|208|Starting Category: * Set di Istruzioni *, Container: NINA.Sequencer.Container.SequentialContainer, Strategy: SequentialStrategy, Items[CREATED]: 10
2026-09-13T21:00:29.1470|INFO|MeridianFlipTrigger.cs|ShouldTrigger|296|Meridian Flip - (Side of Pier usage is disabled) There is still time remaining. Max remaining time 01:37:00.1099768, next instruction time 0, next instruction Category: Utilità, Item: Annotation, Text: This is a Startup Sequence which can be pre-loaded at NINA Start-up.
2026-09-13T21:00:29.1471|INFO|SequenceItem.cs|Run|208|Starting Category: Utilità, Item: Annotation, Text: This is a Startup Sequence which can be pre-loaded at NINA Start-up.
2026-09-13T21:00:29.1471|INFO|SequenceItem.cs|Run|254|Finishing Category: Utilità, Item: Annotation, Text: This is a Startup Sequence which can be pre-loaded at NINA Start-up.
2026-09-13T21:00:29.1472|INFO|MeridianFlipTrigger.cs|ShouldTrigger|296|Meridian Flip - (Side of Pier usage is disabled) There is still time remaining. Max remaining time 01:37:00.1099768, next instruction time 0, next instruction Category: Utilità, Item: Annotation, Text: If you edit this Startup Sequence, you need to save the Entire Sequence using the Save Complete Sequence button at the bottom of the Advanced Sequencer page below.
2026-09-13T21:00:29.1473|INFO|SequenceItem.cs|Run|208|Starting Category: Utilità, Item: Annotation, Text: If you edit this Startup Sequence, you need to save the Entire Sequence using the Save Complete Sequence button at the bottom of the Advanced Sequencer page below.
2026-09-13T21:00:29.1473|INFO|SequenceItem.cs|Run|254|Finishing Category: Utilità, Item: Annotation, Text: If you edit this Startup Sequence, you need to save the Entire Sequence using the Save Complete Sequence button at the bottom of the Advanced Sequencer page below.
2026-09-13T21:00:29.1474|INFO|MeridianFlipTrigger.cs|ShouldTrigger|296|Meridian Flip - (Side of Pier usage is disabled) There is still time remaining. Max remaining time 01:37:00.1099768, next instruction time 0, next instruction Category: Utilità, Item: Annotation, Text: Go to: OPTIONS > IMAGING > SEQUENCE and select this DOME_SAFETY_STARTUP_PA.json file as the STARTUP SEQUENCE TEMPLATE
2026-09-13T21:00:29.1474|INFO|SequenceItem.cs|Run|208|Starting Category: Utilità, Item: Annotation, Text: Go to: OPTIONS > IMAGING > SEQUENCE and select this DOME_SAFETY_STARTUP_PA.json file as the STARTUP SEQUENCE TEMPLATE
2026-09-13T21:00:29.1475|INFO|SequenceItem.cs|Run|254|Finishing Category: Utilità, Item: Annotation, Text: Go to: OPTIONS > IMAGING > SEQUENCE and select this DOME_SAFETY_STARTUP_PA.json file as the STARTUP SEQUENCE TEMPLATE
2026-09-13T21:00:29.1476|INFO|MeridianFlipTrigger.cs|ShouldTrigger|296|Meridian Flip - (Side of Pier usage is disabled) There is still time remaining. Max remaining time 01:37:00.1099768, next instruction time 0, next instruction Category: Utilità, Item: Annotation, Text:      I also find setting COLLAPSE SEQUENCE TEMPLATES BY DEFAULT to ON is quite helpful.  (On the same options page)
2026-09-13T21:00:29.1476|INFO|SequenceItem.cs|Run|208|Starting Category: Utilità, Item: Annotation, Text:      I also find setting COLLAPSE SEQUENCE TEMPLATES BY DEFAULT to ON is quite helpful.  (On the same options page)
2026-09-13T21:00:29.1476|INFO|SequenceItem.cs|Run|254|Finishing Category: Utilità, Item: Annotation, Text:      I also find setting COLLAPSE SEQUENCE TEMPLATES BY DEFAULT to ON is quite helpful.  (On the same options page)
2026-09-13T21:00:29.1477|INFO|MeridianFlipTrigger.cs|ShouldTrigger|296|Meridian Flip - (Side of Pier usage is disabled) There is still time remaining. Max remaining time 01:37:00.1099768, next instruction time 0, next instruction Category: Utilità, Item: Annotation, Text: Any modification of this sequence as a Foundational Startup Template will need to be saved using the buttons at the bottom of this Advanced Sequencer Page below.
2026-09-13T21:00:29.1478|INFO|SequenceItem.cs|Run|208|Starting Category: Utilità, Item: Annotation, Text: Any modification of this sequence as a Foundational Startup Template will need to be saved using the buttons at the bottom of this Advanced Sequencer Page below.
2026-09-13T21:00:29.1478|INFO|SequenceItem.cs|Run|254|Finishing Category: Utilità, Item: Annotation, Text: Any modification of this sequence as a Foundational Startup Template will need to be saved using the buttons at the bottom of this Advanced Sequencer Page below.
2026-09-13T21:00:29.1479|INFO|MeridianFlipTrigger.cs|ShouldTrigger|296|Meridian Flip - (Side of Pier usage is disabled) There is still time remaining. Max remaining time 01:37:00.1099768, next instruction time 0, next instruction Category: Utilità, Item: Annotation, Text: The LOOP_ALL_NIGHT Sequence is a simple Loop until Nautical Dawn. Adjust as desired. This is an outer loop.
2026-09-13T21:00:29.1479|INFO|SequenceItem.cs|Run|208|Starting Category: Utilità, Item: Annotation, Text: The LOOP_ALL_NIGHT Sequence is a simple Loop until Nautical Dawn. Adjust as desired. This is an outer loop.
2026-09-13T21:00:29.1481|INFO|SequenceItem.cs|Run|254|Finishing Category: Utilità, Item: Annotation, Text: The LOOP_ALL_NIGHT Sequence is a simple Loop until Nautical Dawn. Adjust as desired. This is an outer loop.
2026-09-13T21:00:29.1483|INFO|MeridianFlipTrigger.cs|ShouldTrigger|296|Meridian Flip - (Side of Pier usage is disabled) There is still time remaining. Max remaining time 01:37:00.1099768, next instruction time 0, next instruction Category: Utilità, Item: Annotation, Text: The SAFE_LOOP Sequence runs while the System is Safe.
2026-09-13T21:00:29.1483|INFO|SequenceItem.cs|Run|208|Starting Category: Utilità, Item: Annotation, Text: The SAFE_LOOP Sequence runs while the System is Safe.
2026-09-13T21:00:29.1484|INFO|SequenceItem.cs|Run|254|Finishing Category: Utilità, Item: Annotation, Text: The SAFE_LOOP Sequence runs while the System is Safe.
2026-09-13T21:00:29.1484|INFO|MeridianFlipTrigger.cs|ShouldTrigger|296|Meridian Flip - (Side of Pier usage is disabled) There is still time remaining. Max remaining time 01:37:00.1099768, next instruction time 0, next instruction Category: Utilità, Item: Annotation, Text: The UNSAFE Sequence runs when the System is Unsafe and only proceeds back to SAFE_LOOP when it is once again deemed Safe.
2026-09-13T21:00:29.1485|INFO|SequenceItem.cs|Run|208|Starting Category: Utilità, Item: Annotation, Text: The UNSAFE Sequence runs when the System is Unsafe and only proceeds back to SAFE_LOOP when it is once again deemed Safe.
2026-09-13T21:00:29.1485|INFO|SequenceItem.cs|Run|254|Finishing Category: Utilità, Item: Annotation, Text: The UNSAFE Sequence runs when the System is Unsafe and only proceeds back to SAFE_LOOP when it is once again deemed Safe.
2026-09-13T21:00:29.1486|INFO|MeridianFlipTrigger.cs|ShouldTrigger|296|Meridian Flip - (Side of Pier usage is disabled) There is still time remaining. Max remaining time 01:37:00.1099768, next instruction time 0, next instruction Category: Utilità, Item: Annotation, Text: ..... ALL TARGETS should be placed within individual LOOP_ALL_NIGHT > SAFE_LOOP > TARGETS_CONTAINER > TARGET # containers below.....
2026-09-13T21:00:29.1486|INFO|SequenceItem.cs|Run|208|Starting Category: Utilità, Item: Annotation, Text: ..... ALL TARGETS should be placed within individual LOOP_ALL_NIGHT > SAFE_LOOP > TARGETS_CONTAINER > TARGET # containers below.....
2026-09-13T21:00:29.1486|INFO|SequenceItem.cs|Run|254|Finishing Category: Utilità, Item: Annotation, Text: ..... ALL TARGETS should be placed within individual LOOP_ALL_NIGHT > SAFE_LOOP > TARGETS_CONTAINER > TARGET # containers below.....
2026-09-13T21:00:29.1487|INFO|MeridianFlipTrigger.cs|ShouldTrigger|296|Meridian Flip - (Side of Pier usage is disabled) There is still time remaining. Max remaining time 01:37:00.1099768, next instruction time 0, next instruction Category: Utilità, Item: Annotation, Text: Each TARGET # Container should have a looping condition that is identical to the included target sequence.
2026-09-13T21:00:29.1488|INFO|SequenceItem.cs|Run|208|Starting Category: Utilità, Item: Annotation, Text: Each TARGET # Container should have a looping condition that is identical to the included target sequence.
2026-09-13T21:00:29.1488|INFO|SequenceItem.cs|Run|254|Finishing Category: Utilità, Item: Annotation, Text: Each TARGET # Container should have a looping condition that is identical to the included target sequence.
2026-09-13T21:00:29.1489|INFO|SequenceItem.cs|Run|254|Finishing Category: * Set di Istruzioni *, Container: NINA.Sequencer.Container.SequentialContainer, Strategy: SequentialStrategy, Items[FINISHED]: 10
2026-09-13T21:00:29.1493|INFO|MeridianFlipTrigger.cs|ShouldTrigger|296|Meridian Flip - (Side of Pier usage is disabled) There is still time remaining. Max remaining time 01:37:00.1099768, next instruction time 0, next instruction Category: * Set di Istruzioni *, Container: NINA.Sequencer.Container.SequentialContainer, Strategy: SequentialStrategy, Items[CREATED]: 2, Conditions: Condition: TimeCondition, Time: 2:40:25h, 
2026-09-13T21:00:29.1494|INFO|SequenceItem.cs|Run|208|Starting Category: * Set di Istruzioni *, Container: NINA.Sequencer.Container.SequentialContainer, Strategy: SequentialStrategy, Items[CREATED]: 2, Conditions: Condition: TimeCondition, Time: 2:40:25h, 
2026-09-13T21:00:29.1519|INFO|MeridianFlipTrigger.cs|ShouldTrigger|296|Meridian Flip - (Side of Pier usage is disabled) There is still time remaining. Max remaining time 01:37:00.1099768, next instruction time 0, next instruction Category: * Set di Istruzioni *, Container: NINA.Sequencer.Container.SequentialContainer, Strategy: SequentialStrategy, Items[CREATED]: 5, Conditions: Condition: SafetyMonitorCondition, 
2026-09-13T21:00:29.1520|INFO|SequenceItem.cs|Run|208|Starting Category: * Set di Istruzioni *, Container: NINA.Sequencer.Container.SequentialContainer, Strategy: SequentialStrategy, Items[CREATED]: 5, Conditions: Condition: SafetyMonitorCondition, 
2026-09-13T21:00:29.1526|INFO|MeridianFlipTrigger.cs|ShouldTrigger|296|Meridian Flip - (Side of Pier usage is disabled) There is still time remaining. Max remaining time 01:37:00.1099768, next instruction time 0, next instruction Category: * Set di Istruzioni *, Container: NINA.Sequencer.Container.SequentialContainer, Strategy: SequentialStrategy, Items[CREATED]: 7
2026-09-13T21:00:29.1527|INFO|SequenceItem.cs|Run|208|Starting Category: * Set di Istruzioni *, Container: NINA.Sequencer.Container.SequentialContainer, Strategy: SequentialStrategy, Items[CREATED]: 7
2026-09-13T21:00:29.1529|INFO|MeridianFlipTrigger.cs|ShouldTrigger|296|Meridian Flip - (Side of Pier usage is disabled) There is still time remaining. Max remaining time 01:37:00.1099768, next instruction time 0, next instruction Category: Utilità, Item: Annotation, Text: This brief sequence of instructions is required after returning to a Safe condifition from an Unsafe one. It will not negatively affect anything on its initial execution.
2026-09-13T21:00:29.1529|INFO|SequenceItem.cs|Run|208|Starting Category: Utilità, Item: Annotation, Text: This brief sequence of instructions is required after returning to a Safe condifition from an Unsafe one. It will not negatively affect anything on its initial execution.
2026-09-13T21:00:29.1529|INFO|SequenceItem.cs|Run|254|Finishing Category: Utilità, Item: Annotation, Text: This brief sequence of instructions is required after returning to a Safe condifition from an Unsafe one. It will not negatively affect anything on its initial execution.
2026-09-13T21:00:29.1530|INFO|MeridianFlipTrigger.cs|ShouldTrigger|296|Meridian Flip - (Side of Pier usage is disabled) There is still time remaining. Max remaining time 01:37:00.1099768, next instruction time 0, next instruction Category: Utilità, Item: Annotation, Text: The 5 minute wait here can be adjusted as desired. It is here to show 5 minutes of Safety prior to resetting the equipment.
2026-09-13T21:00:29.1533|INFO|SequenceItem.cs|Run|208|Starting Category: Utilità, Item: Annotation, Text: The 5 minute wait here can be adjusted as desired. It is here to show 5 minutes of Safety prior to resetting the equipment.
2026-09-13T21:00:29.1534|INFO|SequenceItem.cs|Run|254|Finishing Category: Utilità, Item: Annotation, Text: The 5 minute wait here can be adjusted as desired. It is here to show 5 minutes of Safety prior to resetting the equipment.
2026-09-13T21:00:29.1536|INFO|MeridianFlipTrigger.cs|ShouldTrigger|296|Meridian Flip - (Side of Pier usage is disabled) There is still time remaining. Max remaining time 01:37:00.1099768, next instruction time 300, next instruction Category: Utilità, Item: WaitForTimeSpan, Time: 300s
2026-09-13T21:00:29.1537|INFO|SequenceItem.cs|Run|208|Starting Category: Utilità, Item: WaitForTimeSpan, Time: 300s
2026-09-13T21:01:50.8972|INFO|MeridianFlipTrigger.cs|ShouldTrigger|296|Meridian Flip - (Side of Pier usage is disabled) There is still time remaining. Max remaining time 01:35:37.9166637, next instruction time 0, next instruction Category: Osservatorio, Item: OpenDomeShutter
2026-09-13T21:01:50.8973|INFO|SequenceItem.cs|Run|208|Starting Category: Osservatorio, Item: OpenDomeShutter
2026-09-13T21:01:50.8975|INFO|SequenceItem.cs|Run|254|Finishing Category: Osservatorio, Item: OpenDomeShutter
2026-09-13T21:01:50.8976|INFO|MeridianFlipTrigger.cs|ShouldTrigger|296|Meridian Flip - (Side of Pier usage is disabled) There is still time remaining. Max remaining time 01:35:37.9166637, next instruction time 0, next instruction Category: Telescopio, Item: UnparkScope
2026-09-13T21:01:50.8977|INFO|SequenceItem.cs|Run|208|Starting Category: Telescopio, Item: UnparkScope
2026-09-13T21:01:50.8978|INFO|TelescopeVM.cs|UnparkTelescope|232|Mount ordered to unpark
2026-09-13T21:01:50.9125|INFO|TelescopeVM.cs|UnparkTelescope|277|Mount is already unparked
2026-09-13T21:01:50.9126|INFO|TelescopeVM.cs|UnparkTelescope|282|Mount has unparked
2026-09-13T21:01:50.9126|INFO|SequenceItem.cs|Run|254|Finishing Category: Telescopio, Item: UnparkScope
2026-09-13T21:01:50.9130|INFO|MeridianFlipTrigger.cs|ShouldTrigger|296|Meridian Flip - (Side of Pier usage is disabled) There is still time remaining. Max remaining time 01:35:37.9166637, next instruction time 0, next instruction Category: Apparato per i Flat, Item: OpenCover
2026-09-13T21:01:50.9131|INFO|SequenceItem.cs|Run|208|Starting Category: Apparato per i Flat, Item: OpenCover
2026-09-13T21:01:50.9134|INFO|SequenceItem.cs|Run|254|Finishing Category: Apparato per i Flat, Item: OpenCover
2026-09-13T21:01:50.9136|INFO|MeridianFlipTrigger.cs|ShouldTrigger|296|Meridian Flip - (Side of Pier usage is disabled) There is still time remaining. Max remaining time 01:35:37.9166637, next instruction time 0, next instruction Category: Telescopio, Item: SetTracking, TrackingMode: Sidereal
2026-09-13T21:01:50.9136|INFO|SequenceItem.cs|Run|208|Starting Category: Telescopio, Item: SetTracking, TrackingMode: Sidereal
2026-09-13T21:01:50.9255|INFO|SequenceItem.cs|Run|254|Finishing Category: Telescopio, Item: SetTracking, TrackingMode: Sidereal
2026-09-13T21:01:50.9507|INFO|SequenceItem.cs|Run|254|Finishing Category: * Set di Istruzioni *, Container: NINA.Sequencer.Container.SequentialContainer, Strategy: SequentialStrategy, Items[FINISHED]: 6, Items[SKIPPED]: 1
2026-09-13T21:01:50.9510|INFO|MeridianFlipTrigger.cs|ShouldTrigger|296|Meridian Flip - (Side of Pier usage is disabled) There is still time remaining. Max remaining time 01:35:37.9166637, next instruction time 0, next instruction Category: * Set di Istruzioni *, Container: NINA.Sequencer.Container.SequentialContainer, Strategy: SequentialStrategy, Items[CREATED]: 2
2026-09-13T21:01:50.9510|INFO|SequenceItem.cs|Run|208|Starting Category: * Set di Istruzioni *, Container: NINA.Sequencer.Container.SequentialContainer, Strategy: SequentialStrategy, Items[CREATED]: 2
2026-09-13T21:01:50.9512|INFO|MeridianFlipTrigger.cs|ShouldTrigger|296|Meridian Flip - (Side of Pier usage is disabled) There is still time remaining. Max remaining time 01:35:37.9166637, next instruction time 0, next instruction Category: Utilità, Item: Annotation, Text: BE SURE TO MATCH EACH TARGET CONTAINER LOOP CONDITION TO THE NESTED TARGET SEQUENCE LOOP CONDITION
2026-09-13T21:01:50.9512|INFO|SequenceItem.cs|Run|208|Starting Category: Utilità, Item: Annotation, Text: BE SURE TO MATCH EACH TARGET CONTAINER LOOP CONDITION TO THE NESTED TARGET SEQUENCE LOOP CONDITION
2026-09-13T21:01:50.9516|INFO|SequenceItem.cs|Run|254|Finishing Category: Utilità, Item: Annotation, Text: BE SURE TO MATCH EACH TARGET CONTAINER LOOP CONDITION TO THE NESTED TARGET SEQUENCE LOOP CONDITION
2026-09-13T21:01:50.9517|INFO|MeridianFlipTrigger.cs|ShouldTrigger|296|Meridian Flip - (Side of Pier usage is disabled) There is still time remaining. Max remaining time 01:35:37.9166637, next instruction time 0, next instruction Category: * Set di Istruzioni *, Container: NINA.Sequencer.Container.SequentialContainer, Strategy: SequentialStrategy, Items[CREATED]: 3, Conditions: Condition: TimeCondition, Time: 2:40:25h, 
2026-09-13T21:01:50.9518|INFO|SequenceItem.cs|Run|208|Starting Category: * Set di Istruzioni *, Container: NINA.Sequencer.Container.SequentialContainer, Strategy: SequentialStrategy, Items[CREATED]: 3, Conditions: Condition: TimeCondition, Time: 2:40:25h, 
2026-09-13T21:01:50.9520|INFO|MeridianFlipTrigger.cs|ShouldTrigger|296|Meridian Flip - (Side of Pier usage is disabled) There is still time remaining. Max remaining time 01:35:37.9166637, next instruction time 0, next instruction Category: Utilità, Item: Annotation, Text: PLACE YOUR ...FIRST... TARGET SEQUENCE OF THE NIGHT ...BELOW... THIS LINE
2026-09-13T21:01:50.9521|INFO|SequenceItem.cs|Run|208|Starting Category: Utilità, Item: Annotation, Text: PLACE YOUR ...FIRST... TARGET SEQUENCE OF THE NIGHT ...BELOW... THIS LINE
2026-09-13T21:01:50.9521|INFO|SequenceItem.cs|Run|254|Finishing Category: Utilità, Item: Annotation, Text: PLACE YOUR ...FIRST... TARGET SEQUENCE OF THE NIGHT ...BELOW... THIS LINE
2026-09-13T21:01:50.9522|INFO|MeridianFlipTrigger.cs|ShouldTrigger|296|Meridian Flip - (Side of Pier usage is disabled) There is still time remaining. Max remaining time 01:35:37.9166637, next instruction time 0, next instruction Category: Utilità, Item: Annotation, Text: PLACE YOUR ...FIRST... TARGET SEQUENCE OF THE NIGHT ...ABOVE... THIS LINE
2026-09-13T21:01:50.9523|INFO|SequenceItem.cs|Run|208|Starting Category: Utilità, Item: Annotation, Text: PLACE YOUR ...FIRST... TARGET SEQUENCE OF THE NIGHT ...ABOVE... THIS LINE
2026-09-13T21:01:50.9523|INFO|SequenceItem.cs|Run|254|Finishing Category: Utilità, Item: Annotation, Text: PLACE YOUR ...FIRST... TARGET SEQUENCE OF THE NIGHT ...ABOVE... THIS LINE
2026-09-13T21:01:50.9539|INFO|MeridianFlipTrigger.cs|ShouldTrigger|296|Meridian Flip - (Side of Pier usage is disabled) There is still time remaining. Max remaining time 01:35:37.9166637, next instruction time 0, next instruction Category: * Set di Istruzioni *, Container: NINA.Sequencer.Container.DeepSkyObjectContainer, Strategy: SequentialStrategy, Items[CREATED]: 4, Triggers: Trigger: CenterAfterDriftTrigger, DistanceArcMinutes: 3, Target: M 27 RA: 19:59:36; Dec: 22° 43' 16"; Epoch: J2000 0
2026-09-13T21:01:50.9543|INFO|SequenceItem.cs|Run|208|Starting Category: * Set di Istruzioni *, Container: NINA.Sequencer.Container.DeepSkyObjectContainer, Strategy: SequentialStrategy, Items[CREATED]: 4, Triggers: Trigger: CenterAfterDriftTrigger, DistanceArcMinutes: 3, Target: M 27 RA: 19:59:36; Dec: 22° 43' 16"; Epoch: J2000 0
2026-09-13T21:01:50.9568|INFO|MeridianFlipTrigger.cs|ShouldTrigger|296|Meridian Flip - (Side of Pier usage is disabled) There is still time remaining. Max remaining time 01:35:37.9166637, next instruction time 0, next instruction Category: Telescopio, Item: Center, Coordinates RA: 19:59:36; Dec: 22° 43' 16"; Epoch: J2000
2026-09-13T21:01:50.9572|INFO|SequenceItem.cs|Run|208|Starting Category: Telescopio, Item: Center, Coordinates RA: 19:59:36; Dec: 22° 43' 16"; Epoch: J2000
2026-09-13T21:01:51.2318|INFO|PHD2Guider.cs|StopGuiding|704|Phd2 - Stop Guiding skipped, as the app is already in state Stopped
2026-09-13T21:01:51.3700|INFO|TelescopeVM.cs|SlewAsyncInternal|910|Slewing from RA: 20:56:50; Dec: 35° 07' 15"; Epoch: JNOW to RA: 20:00:47; Dec: 22° 47' 52"; Epoch: JNOW - Alt: 68° 30' 13"; Az: 153° 02' 16"
2026-09-13T21:02:10.9615|INFO|CameraVM.cs|Capture|742|Starting Exposure - Exposure Time: 15s; Filter: L-Pro; Gain: 15; Offset 132; Binning: 1x1;
2026-09-13T21:02:31.2367|INFO|ImageSolver.cs|Solve|41|Platesolving with parameters: FocalLength: 1260 PixelSize: 4.54 SearchRadius: 30 BlindFailoverEnabled: True Regions: 5000 DownSampleFactor: 2 MaxObjects: 500 Reference Coordinates RA: 19:59:36 Dec: 22° 43' 16" Epoch: J2000
2026-09-13T21:02:31.5362|INFO|BaseImageData.cs|SaveToDisk|346|Saved image to C:\Users\PrimaLuceLab\AppData\Local\NINA\PlateSolver\w1saypax.3bh.fits
2026-09-13T21:02:35.0242|INFO|ImageSolver.cs|Solve|54|Platesolve successful: Coordinates: RA: 19:59:18; Dec: 18° 34' 30"; Epoch: J2000 - Position Angle: 252.5511843198858
2026-09-13T21:02:35.0301|INFO|CenteringSolver.cs|Center|99|Centering Solver - Scope Position: RA: 20:00:47; Dec: 22° 47' 27"; Epoch: JNOW; Offset: RA: 00:00:00; Dec: 00° 00' 00"; Distance: 00° 00' 00"; Bearing: 00° 00' 00"; Centering Coordinates: RA: 20:00:47; Dec: 22° 47' 52"; Epoch: JNOW; Solved: RA: 20:00:31; Dec: 18° 39' 04"; Epoch: JNOW; Separation RA: 00:00:16; Dec: 04° 08' 48"; Distance: 04° 08' 49"; Bearing: 179° 08' 14"; Threshold: 1
2026-09-13T21:02:35.1379|INFO|TelescopeVM.cs|Sync|777|Syncing scope from RA: 20:00:47; Dec: 22° 47' 27"; Epoch: JNOW to RA: 20:00:31; Dec: 18° 39' 04"; Epoch: JNOW
2026-09-13T21:02:40.1391|INFO|CenteringSolver.cs|Center|132|Slewing to target after sync. Current Position: RA: 20:00:31; Dec: 18° 38' 40"; Epoch: JNOW; Target coordinates: RA: 20:00:47; Dec: 22° 47' 52"; Epoch: JNOW; Offset RA: 00:00:00; Dec: 00° 00' 00"; Distance: 00° 00' 00"; Bearing: 00° 00' 00"
2026-09-13T21:02:40.1462|INFO|TelescopeVM.cs|SlewAsyncInternal|910|Slewing from RA: 20:00:31; Dec: 18° 38' 40"; Epoch: JNOW to RA: 20:00:47; Dec: 22° 47' 52"; Epoch: JNOW - Alt: 68° 34' 17"; Az: 153° 31' 03"
2026-09-13T21:02:54.5447|INFO|CameraVM.cs|Capture|742|Starting Exposure - Exposure Time: 15s; Filter: L-Pro; Gain: 15; Offset 132; Binning: 1x1;
2026-09-13T21:03:13.7724|WARNING|DeviceUpdateTimer.cs|Run|115|Dome value update cycle took longer than the device poll interval (Total: 4.01s > 2s; Poll: 00:00:00.0825592; Update: 00:00:03.9314327)
2026-09-13T21:03:14.8380|INFO|ImageSolver.cs|Solve|41|Platesolving with parameters: FocalLength: 1260 PixelSize: 4.54 SearchRadius: 30 BlindFailoverEnabled: True Regions: 5000 DownSampleFactor: 2 MaxObjects: 500 Reference Coordinates RA: 19:59:36 Dec: 22° 43' 16" Epoch: J2000
2026-09-13T21:03:15.1142|INFO|BaseImageData.cs|SaveToDisk|346|Saved image to C:\Users\PrimaLuceLab\AppData\Local\NINA\PlateSolver\qxbmynm5.ix2.fits
2026-09-13T21:03:16.8858|INFO|ImageSolver.cs|Solve|54|Platesolve successful: Coordinates: RA: 19:59:34; Dec: 22° 38' 03"; Epoch: J2000 - Position Angle: 252.53597318872272
2026-09-13T21:03:16.8878|INFO|CenteringSolver.cs|Center|99|Centering Solver - Scope Position: RA: 20:00:47; Dec: 22° 47' 27"; Epoch: JNOW; Offset: RA: 00:00:00; Dec: 00° 00' 00"; Distance: 00° 00' 00"; Bearing: 00° 00' 00"; Centering Coordinates: RA: 20:00:47; Dec: 22° 47' 52"; Epoch: JNOW; Solved: RA: 20:00:45; Dec: 22° 42' 38"; Epoch: JNOW; Separation RA: 00:00:02; Dec: 00° 05' 14"; Distance: 00° 05' 15"; Bearing: 174° 54' 19"; Threshold: 1
2026-09-13T21:03:17.0397|INFO|TelescopeVM.cs|Sync|777|Syncing scope from RA: 20:00:47; Dec: 22° 47' 27"; Epoch: JNOW to RA: 20:00:45; Dec: 22° 42' 38"; Epoch: JNOW
2026-09-13T21:03:22.0431|INFO|CenteringSolver.cs|Center|132|Slewing to target after sync. Current Position: RA: 20:00:45; Dec: 22° 42' 13"; Epoch: JNOW; Target coordinates: RA: 20:00:47; Dec: 22° 47' 52"; Epoch: JNOW; Offset RA: 00:00:00; Dec: 00° 00' 00"; Distance: 00° 00' 00"; Bearing: 00° 00' 00"
2026-09-13T21:03:22.0614|INFO|TelescopeVM.cs|SlewAsyncInternal|910|Slewing from RA: 20:00:45; Dec: 22° 42' 13"; Epoch: JNOW to RA: 20:00:47; Dec: 22° 47' 52"; Epoch: JNOW - Alt: 68° 37' 43"; Az: 153° 55' 52"
2026-09-13T21:03:36.4668|INFO|CameraVM.cs|Capture|742|Starting Exposure - Exposure Time: 15s; Filter: L-Pro; Gain: 15; Offset 132; Binning: 1x1;
2026-09-13T21:03:56.8054|INFO|ImageSolver.cs|Solve|41|Platesolving with parameters: FocalLength: 1260 PixelSize: 4.54 SearchRadius: 30 BlindFailoverEnabled: True Regions: 5000 DownSampleFactor: 2 MaxObjects: 500 Reference Coordinates RA: 19:59:36 Dec: 22° 43' 16" Epoch: J2000
2026-09-13T21:03:57.1160|INFO|BaseImageData.cs|SaveToDisk|346|Saved image to C:\Users\PrimaLuceLab\AppData\Local\NINA\PlateSolver\regfludp.mlb.fits
2026-09-13T21:03:58.8758|INFO|ImageSolver.cs|Solve|54|Platesolve successful: Coordinates: RA: 19:59:37; Dec: 22° 43' 19"; Epoch: J2000 - Position Angle: 252.5429234521343
2026-09-13T21:03:58.8781|INFO|CenteringSolver.cs|Center|99|Centering Solver - Scope Position: RA: 20:00:47; Dec: 22° 47' 27"; Epoch: JNOW; Offset: RA: 00:00:00; Dec: 00° 00' 00"; Distance: 00° 00' 00"; Bearing: 00° 00' 00"; Centering Coordinates: RA: 20:00:47; Dec: 22° 47' 52"; Epoch: JNOW; Solved: RA: 20:00:47; Dec: 22° 47' 54"; Epoch: JNOW; Separation RA: -00:00:01; Dec: -00° 00' 02"; Distance: 00° 00' 08"; Bearing: -71° 07' 10"; Threshold: 1
2026-09-13T21:03:58.8790|INFO|CenteringSolver.cs|Center|165|Restoring filter to L-Pro after centering
2026-09-13T21:03:59.0055|INFO|SequenceItem.cs|Run|254|Finishing Category: Telescopio, Item: Center, Coordinates RA: 19:59:36; Dec: 22° 43' 16"; Epoch: J2000
2026-09-13T21:03:59.0066|INFO|MeridianFlipTrigger.cs|ShouldTrigger|296|Meridian Flip - (Side of Pier usage is disabled) There is still time remaining. Max remaining time 00:37:26.1380832, next instruction time 0, next instruction Category: Guida, Item: StartGuiding
2026-09-13T21:03:59.0071|INFO|SequenceItem.cs|Run|208|Starting Category: Guida, Item: StartGuiding
2026-09-13T21:03:59.0922|INFO|PHD2Guider.cs|TryStartGuideCommand|641|Phd2 - Requesting to start guiding. Recalibrate: False
2026-09-13T21:04:48.4681|ERROR|PHD2Guider.cs|ProcessEvent|937|PHD2 error:Guiding stopped
2026-09-13T21:04:48.5455|INFO|SequenceItem.cs|Run|254|Finishing Category: Guida, Item: StartGuiding
2026-09-13T21:04:48.5471|INFO|MeridianFlipTrigger.cs|ShouldTrigger|296|Meridian Flip - (Side of Pier usage is disabled) There is still time remaining. Max remaining time 00:36:36.1717632, next instruction time 300, next instruction Category: Utilità, Item: WaitForTimeSpan, Time: 300s
2026-09-13T21:04:48.5473|INFO|SequenceItem.cs|Run|208|Starting Category: Utilità, Item: WaitForTimeSpan, Time: 300s
2026-09-13T21:09:50.1668|INFO|SequenceItem.cs|Run|254|Finishing Category: Utilità, Item: WaitForTimeSpan, Time: 300s
2026-09-13T21:09:50.1698|INFO|MeridianFlipTrigger.cs|ShouldTrigger|296|Meridian Flip - (Side of Pier usage is disabled) There is still time remaining. Max remaining time 00:31:33.1883662, next instruction time 600, next instruction Category: Fotocamera, Container: NINA.Sequencer.SequenceItem.Imaging.SmartExposure, Strategy: SequentialStrategy, Items[CREATED]: 2, Conditions: Condition: LoopCondition, Iterations: 0/40, , Triggers: Trigger: DitherAfterExposures, After Exposures: 1
2026-09-13T21:09:50.1703|INFO|SequenceItem.cs|Run|208|Starting Category: Fotocamera, Container: NINA.Sequencer.SequenceItem.Imaging.SmartExposure, Strategy: SequentialStrategy, Items[CREATED]: 2, Conditions: Condition: LoopCondition, Iterations: 0/40, , Triggers: Trigger: DitherAfterExposures, After Exposures: 1
2026-09-13T21:09:50.2056|INFO|MeridianFlipTrigger.cs|ShouldTrigger|296|Meridian Flip - (Side of Pier usage is disabled) There is still time remaining. Max remaining time 00:31:33.1883662, next instruction time 0, next instruction Category: Ruota porta filtri, Item: SwitchFilter, Filter: L-Pro
2026-09-13T21:09:50.2058|INFO|SequenceItem.cs|Run|208|Starting Category: Ruota porta filtri, Item: SwitchFilter, Filter: L-Pro
2026-09-13T21:09:50.3256|INFO|SequenceItem.cs|Run|254|Finishing Category: Ruota porta filtri, Item: SwitchFilter, Filter: L-Pro
2026-09-13T21:09:50.3277|INFO|MeridianFlipTrigger.cs|ShouldTrigger|296|Meridian Flip - (Side of Pier usage is disabled) There is still time remaining. Max remaining time 00:31:33.1883662, next instruction time 600, next instruction Category: Fotocamera, Item: TakeExposure, ExposureTime 600, Gain 15, Offset 132, ImageType LIGHT, Binning 1x1
2026-09-13T21:09:50.3299|INFO|SequenceTrigger.cs|Run|114|Starting Trigger: RestoreGuiding
2026-09-13T21:09:50.3321|INFO|SequenceItem.cs|Run|208|Starting Category: * Set di Istruzioni *, Container: NINA.Sequencer.Container.SequentialContainer, Strategy: SequentialStrategy, Items[CREATED]: 1
2026-09-13T21:09:50.3323|INFO|SequenceItem.cs|Run|208|Starting Category: Guida, Item: StartGuiding
2026-09-13T21:09:50.3906|INFO|PHD2Guider.cs|StartGuidingPrivate|504|Phd2 - App is already guiding. Skipping start guiding
2026-09-13T21:09:50.3907|INFO|SequenceItem.cs|Run|254|Finishing Category: Guida, Item: StartGuiding
2026-09-13T21:09:50.3909|INFO|SequenceItem.cs|Run|254|Finishing Category: * Set di Istruzioni *, Container: NINA.Sequencer.Container.SequentialContainer, Strategy: SequentialStrategy, Items[FINISHED]: 1
2026-09-13T21:09:50.3929|INFO|SequenceItem.cs|Run|208|Starting Category: Fotocamera, Item: TakeExposure, ExposureTime 600, Gain 15, Offset 132, ImageType LIGHT, Binning 1x1
2026-09-13T21:09:50.3998|INFO|CameraVM.cs|Capture|742|Starting Exposure - Exposure Time: 600s; Filter: ; Gain: 15; Offset 132; Binning: 1x1;
2026-09-13T21:19:56.6157|WARNING|DeviceUpdateTimer.cs|Run|115|Camera value update cycle took longer than the device poll interval (Total: 10.10s > 2s; Poll: 00:00:10.0802975; Update: 00:00:00.0176207)
2026-09-13T21:19:56.6202|INFO|SequenceItem.cs|Run|254|Finishing Category: Fotocamera, Item: TakeExposure, ExposureTime 600, Gain 15, Offset 132, ImageType LIGHT, Binning 1x1
2026-09-13T21:19:56.6212|INFO|MeridianFlipTrigger.cs|ShouldTrigger|296|Meridian Flip - (Side of Pier usage is disabled) There is still time remaining. Max remaining time 00:21:25.7167485, next instruction time 0, next instruction Category: Ruota porta filtri, Item: SwitchFilter, Filter: L-Pro
2026-09-13T21:19:56.6213|INFO|SequenceItem.cs|Run|208|Starting Category: Ruota porta filtri, Item: SwitchFilter, Filter: L-Pro
2026-09-13T21:19:56.8184|INFO|SequenceItem.cs|Run|254|Finishing Category: Ruota porta filtri, Item: SwitchFilter, Filter: L-Pro
2026-09-13T21:19:56.8592|INFO|SequenceTrigger.cs|Run|114|Starting Trigger: DitherAfterExposures, After Exposures: 1
2026-09-13T21:19:56.8623|INFO|SequenceItem.cs|Run|208|Starting Category: * Set di Istruzioni *, Container: NINA.Sequencer.Container.SequentialContainer, Strategy: SequentialStrategy, Items[CREATED]: 1
2026-09-13T21:19:56.8630|INFO|SequenceItem.cs|Run|208|Starting Category: Guida, Item: Dither
2026-09-13T21:19:59.9575|WARNING|DeviceUpdateTimer.cs|Run|115|Dome value update cycle took longer than the device poll interval (Total: 2.06s > 2s; Poll: 00:00:00.0209153; Update: 00:00:02.0407754)
2026-09-13T21:20:00.0035|WARNING|DeviceUpdateTimer.cs|Run|115|Mount value update cycle took longer than the device poll interval (Total: 2.10s > 2s; Poll: 00:00:02.1038431; Update: 00:00:00.0001580)
2026-09-13T21:20:00.2009|INFO|HocusFocusStarDetection.cs|Detect|413|Average HFR: 4.858847605469793, HFR MAD: 0.623908043816753, Detected Stars 203, Region: 0
2026-09-13T21:20:01.2598|INFO|BaseImageData.cs|SaveToDisk|346|Saved image to D:\Images NINA\Target\LIGHT_1x1_600.00s_15_132_M 27_Celestron C8__-9.96C_L-Pro_0281_2026-09-13_21-09-50_FWHM_8.17_Fok_39584.xisf
2026-09-13T21:20:01.2603|INFO|ImageSaveController.cs|DoWork|97|Successfully saved file at D:\Images NINA\Target\LIGHT_1x1_600.00s_15_132_M 27_Celestron C8__-9.96C_L-Pro_0281_2026-09-13_21-09-50_FWHM_8.17_Fok_39584.xisf. Duration Total: 00:00:04.3782768; BeforeSave: 00:00:00.2638351; BeforeFinalizeImageSaved: 00:00:03.5413933; FinalizeSaveTime: 00:00:00.5730474
2026-09-13T21:20:38.5464|ERROR|PHD2Guider.cs|ProcessEvent|937|PHD2 error:timed-out waiting for guider to settle
2026-09-13T21:20:38.7547|INFO|SequenceItem.cs|Run|254|Finishing Category: Guida, Item: Dither
2026-09-13T21:20:38.7551|INFO|SequenceItem.cs|Run|254|Finishing Category: * Set di Istruzioni *, Container: NINA.Sequencer.Container.SequentialContainer, Strategy: SequentialStrategy, Items[FINISHED]: 1
2026-09-13T21:20:38.7555|INFO|MeridianFlipTrigger.cs|ShouldTrigger|296|Meridian Flip - (Side of Pier usage is disabled) There is still time remaining. Max remaining time 00:20:43.5391020, next instruction time 600, next instruction Category: Fotocamera, Item: TakeExposure, ExposureTime 600, Gain 15, Offset 132, ImageType LIGHT, Binning 1x1
2026-09-13T21:20:38.7556|INFO|SequenceTrigger.cs|Run|114|Starting Trigger: RestoreGuiding
2026-09-13T21:20:38.7556|INFO|SequenceItem.cs|Run|208|Starting Category: * Set di Istruzioni *, Container: NINA.Sequencer.Container.SequentialContainer, Strategy: SequentialStrategy, Items[CREATED]: 1
2026-09-13T21:20:38.7557|INFO|SequenceItem.cs|Run|208|Starting Category: Guida, Item: StartGuiding
2026-09-13T21:20:38.7965|INFO|PHD2Guider.cs|StartGuidingPrivate|504|Phd2 - App is already guiding. Skipping start guiding
2026-09-13T21:20:38.7967|INFO|SequenceItem.cs|Run|254|Finishing Category: Guida, Item: StartGuiding
2026-09-13T21:20:38.7969|INFO|SequenceItem.cs|Run|254|Finishing Category: * Set di Istruzioni *, Container: NINA.Sequencer.Container.SequentialContainer, Strategy: SequentialStrategy, Items[FINISHED]: 1
2026-09-13T21:20:38.8253|INFO|SequenceItem.cs|Run|208|Starting Category: Fotocamera, Item: TakeExposure, ExposureTime 600, Gain 15, Offset 132, ImageType LIGHT, Binning 1x1
2026-09-13T21:20:38.8259|INFO|CameraVM.cs|Capture|742|Starting Exposure - Exposure Time: 600s; Filter: ; Gain: 15; Offset 132; Binning: 1x1;
2026-09-13T21:27:46.7284|WARNING|DeviceUpdateTimer.cs|Run|115|Dome value update cycle took longer than the device poll interval (Total: 2.92s > 2s; Poll: 00:00:00.0904314; Update: 00:00:02.8329351)
2026-09-13T21:30:44.9884|WARNING|DeviceUpdateTimer.cs|Run|115|Camera value update cycle took longer than the device poll interval (Total: 11.26s > 2s; Poll: 00:00:11.2603262; Update: 00:00:00.0001300)
2026-09-13T21:30:45.0340|INFO|SequenceItem.cs|Run|254|Finishing Category: Fotocamera, Item: TakeExposure, ExposureTime 600, Gain 15, Offset 132, ImageType LIGHT, Binning 1x1
2026-09-13T21:30:45.0344|INFO|MeridianFlipTrigger.cs|ShouldTrigger|296|Meridian Flip - (Side of Pier usage is disabled) There is still time remaining. Max remaining time 00:10:36.2640458, next instruction time 0, next instruction Category: Ruota porta filtri, Item: SwitchFilter, Filter: L-Pro
2026-09-13T21:30:45.0344|INFO|SequenceItem.cs|Run|208|Starting Category: Ruota porta filtri, Item: SwitchFilter, Filter: L-Pro
2026-09-13T21:30:45.1677|INFO|SequenceItem.cs|Run|254|Finishing Category: Ruota porta filtri, Item: SwitchFilter, Filter: L-Pro
2026-09-13T21:30:45.2173|WARNING|DitherAfterExposures.cs|ShouldTrigger|118|Dither should be triggered, however the meridian flip is too close to be executed
2026-09-13T21:30:45.2174|INFO|MeridianFlipTrigger.cs|ShouldTrigger|290|Meridian Flip - (Side of Pier usage is disabled) No more remaining time available before flip. Max remaining time 00:10:36.2640458, next instruction time 600, next instruction Category: Fotocamera, Item: TakeExposure, ExposureTime 600, Gain 15, Offset 132, ImageType LIGHT, Binning 1x1. Flip should happen now
2026-09-13T21:30:45.2175|INFO|SequenceTrigger.cs|Run|114|Starting Trigger: MeridianFlipTrigger
2026-09-13T21:30:45.2602|INFO|MeridianFlipVM.cs|DoMeridianFlip|160|Meridian Flip - Initializing Meridian Flip. 
Current target coordinates RA: 19:59:36 Dec: 22° 43' 16" Epoch: J2000
Remaining wait time: 00:17:36.2640458
Pause Time Before Meridian: 2
Minutes After Meridian: 5
Max Minutes After Meridian: 6
AutoFocus After Flip: True
Recenter: True
Use SideOfPier: False
Settle Time: 30
2026-09-13T21:30:45.6631|INFO|MeridianFlipVM.cs|StopAutoguider|348|Meridian Flip - Stopping Autoguider
2026-09-13T21:30:47.6136|INFO|HocusFocusStarDetection.cs|Detect|413|Average HFR: 5.487304414957354, HFR MAD: 0.6765709893879999, Detected Stars 178, Region: 0
2026-09-13T21:30:48.2186|INFO|BaseImageData.cs|SaveToDisk|346|Saved image to D:\Images NINA\Target\LIGHT_1x1_600.00s_15_132_M 27_Celestron C8__-9.91C_L-Pro_0282_2026-09-13_21-20-38_FWHM_NaN_Fok_39584.xisf
2026-09-13T21:30:48.2187|INFO|ImageSaveController.cs|DoWork|97|Successfully saved file at D:\Images NINA\Target\LIGHT_1x1_600.00s_15_132_M 27_Celestron C8__-9.91C_L-Pro_0282_2026-09-13_21-20-38_FWHM_NaN_Fok_39584.xisf. Duration Total: 00:00:02.9775974; BeforeSave: 00:00:00.0412425; BeforeFinalizeImageSaved: 00:00:02.9025318; FinalizeSaveTime: 00:00:00.0338221
2026-09-13T21:30:48.2445|INFO|MeridianFlipVM.cs|PassMeridian|257|Meridian Flip - Stopping tracking to pass meridian
2026-09-13T21:30:48.8872|WARNING|DeviceUpdateTimer.cs|Run|115|Mount value update cycle took longer than the device poll interval (Total: 3.14s > 2s; Poll: 00:00:03.1405463; Update: 00:00:00.0001041)
2026-09-13T21:43:04.9545|WARNING|DeviceUpdateTimer.cs|Run|115|Dome value update cycle took longer than the device poll interval (Total: 3.19s > 2s; Poll: 00:00:00.0030117; Update: 00:00:03.1905501)
2026-09-13T21:48:25.5024|INFO|MeridianFlipVM.cs|PassMeridian|269|Meridian Flip - Resuming tracking after passing meridian
2026-09-13T21:48:25.5133|INFO|MeridianFlipVM.cs|DoFlip|124|Meridian Flip - Scope will flip to coordinates RA: 19:59:36 Dec: 22° 43' 16" Epoch: J2000
2026-09-13T21:48:25.5434|INFO|AscomTelescope.cs|MeridianFlip|351|Current side of pier is pierWest, which should be a counter weight down position already. Setting side of pier will be done after the first slew attempt if the mount did not flip the pier side by then.
2026-09-13T21:48:25.5435|INFO|AscomTelescope.cs|MeridianFlip|365|Slewing to coordinates RA: 20:00:47; Dec: 22° 47' 52"; Epoch: JNOW. Attempt 1 / 20
2026-09-13T21:49:33.5160|INFO|AscomTelescope.cs|MeridianFlip|380|Finished slewing to coordinates. Slew was successful. Setting pier side was successful
2026-09-13T21:49:35.8406|INFO|MeridianFlipVM.cs|Settle|335|Meridian Flip - Settling scope for 30
2026-09-13T21:50:04.9176|INFO|MeridianFlipVM.cs|AutoFocus|231|Meridian Flip - Running Autofocus
2026-09-13T21:50:05.1598|INFO|FocuserMediator.cs|BroadcastAutoFocusRunStarting|92|Autofocus starting notification received
2026-09-13T21:50:05.1953|INFO|PHD2Guider.cs|StopGuiding|704|Phd2 - Stop Guiding skipped, as the app is already in state Stopped
2026-09-13T21:50:05.1955|INFO|AutoFocusEngine.cs|RunAutoFocus|929|Starting AutoFocus with initial position 39584
2026-09-13T21:50:05.3254|INFO|CameraVM.cs|Capture|742|Starting Exposure - Exposure Time: 6s; Filter: L-Pro; Gain: 15; Offset 132; Binning: 2x2;
2026-09-13T21:50:12.6523|INFO|AutoFocusEngine.cs|StartBlindFocusPoints|769|Waiting on initial HFR analysis
2026-09-13T21:50:12.6528|INFO|FocuserVM.cs|MoveFocuserInternal|216|Moving Focuser to position 40384
2026-09-13T21:50:13.4479|INFO|HocusFocusStarDetection.cs|Detect|413|Average HFR: 2.6343966091705253, HFR MAD: 0.26491024700108934, Detected Stars 256, Region: 0
2026-09-13T21:50:21.9328|INFO|CameraVM.cs|Capture|742|Starting Exposure - Exposure Time: 6s; Filter: L-Pro; Gain: 15; Offset 132; Binning: 2x2;
2026-09-13T21:50:29.2405|INFO|FocuserVM.cs|MoveFocuserInternal|216|Moving Focuser to position 40184
2026-09-13T21:50:29.9838|INFO|HocusFocusStarDetection.cs|Detect|413|Average HFR: 1.6812853173794613, HFR MAD: 0.08948912497599681, Detected Stars 206, Region: 0
2026-09-13T21:50:35.9374|INFO|CameraVM.cs|Capture|742|Starting Exposure - Exposure Time: 6s; Filter: L-Pro; Gain: 15; Offset 132; Binning: 2x2;
2026-09-13T21:50:43.2450|INFO|FocuserVM.cs|MoveFocuserInternal|216|Moving Focuser to position 39984
2026-09-13T21:50:44.2913|INFO|HocusFocusStarDetection.cs|Detect|413|Average HFR: 1.6902364659940816, HFR MAD: 0.08794052768011618, Detected Stars 216, Region: 0
2026-09-13T21:50:49.9831|INFO|CameraVM.cs|Capture|742|Starting Exposure - Exposure Time: 6s; Filter: L-Pro; Gain: 15; Offset 132; Binning: 2x2;
2026-09-13T21:50:57.2919|INFO|FocuserVM.cs|MoveFocuserInternal|216|Moving Focuser to position 39784
2026-09-13T21:50:58.0778|INFO|HocusFocusStarDetection.cs|Detect|413|Average HFR: 1.7255577006388783, HFR MAD: 0.09842168876896129, Detected Stars 229, Region: 0
2026-09-13T21:51:02.6853|INFO|CameraVM.cs|Capture|742|Starting Exposure - Exposure Time: 6s; Filter: L-Pro; Gain: 15; Offset 132; Binning: 2x2;
2026-09-13T21:51:09.9942|INFO|AutoFocusEngine.cs|StartBlindFocusPoints|797|Waiting on initial focuser move analyses
2026-09-13T21:51:10.6966|INFO|HocusFocusStarDetection.cs|Detect|413|Average HFR: 1.8803410458002618, HFR MAD: 0.13497292632474256, Detected Stars 283, Region: 0
2026-09-13T21:51:10.9203|INFO|FocuserVM.cs|MoveFocuserInternal|216|Moving Focuser to position 39584
2026-09-13T21:51:16.3600|INFO|CameraVM.cs|Capture|742|Starting Exposure - Exposure Time: 6s; Filter: L-Pro; Gain: 15; Offset 132; Binning: 2x2;
2026-09-13T21:51:23.6682|INFO|AutoFocusEngine.cs|StartBlindFocusPoints|870|Waiting on next left movement analysis
2026-09-13T21:51:24.5706|INFO|HocusFocusStarDetection.cs|Detect|413|Average HFR: 2.0909948308099895, HFR MAD: 0.1690053665684923, Detected Stars 281, Region: 0
2026-09-13T21:51:24.7729|INFO|FocuserVM.cs|MoveFocuserInternal|216|Moving Focuser to position 39384
2026-09-13T21:51:30.1143|INFO|CameraVM.cs|Capture|742|Starting Exposure - Exposure Time: 6s; Filter: L-Pro; Gain: 15; Offset 132; Binning: 2x2;
2026-09-13T21:51:37.4296|INFO|AutoFocusEngine.cs|StartBlindFocusPoints|870|Waiting on next left movement analysis
2026-09-13T21:51:38.0999|INFO|HocusFocusStarDetection.cs|Detect|413|Average HFR: 2.322584966499986, HFR MAD: 0.24934327047019567, Detected Stars 298, Region: 0
2026-09-13T21:51:38.3775|INFO|FocuserVM.cs|MoveFocuserInternal|216|Moving Focuser to position 39184
2026-09-13T21:51:43.9585|INFO|CameraVM.cs|Capture|742|Starting Exposure - Exposure Time: 6s; Filter: L-Pro; Gain: 15; Offset 132; Binning: 2x2;
2026-09-13T21:51:51.2695|INFO|AutoFocusEngine.cs|StartBlindFocusPoints|870|Waiting on next left movement analysis
2026-09-13T21:51:52.0324|INFO|HocusFocusStarDetection.cs|Detect|413|Average HFR: 2.581258019959883, HFR MAD: 0.2769958053999644, Detected Stars 261, Region: 0
2026-09-13T21:51:52.2301|INFO|FocuserVM.cs|MoveFocuserInternal|216|Moving Focuser to position 40584
2026-09-13T21:52:03.9535|INFO|CameraVM.cs|Capture|742|Starting Exposure - Exposure Time: 6s; Filter: L-Pro; Gain: 15; Offset 132; Binning: 2x2;
2026-09-13T21:52:11.2620|INFO|AutoFocusEngine.cs|StartBlindFocusPoints|884|Waiting on next right movement analysis
2026-09-13T21:52:12.0546|INFO|HocusFocusStarDetection.cs|Detect|413|Average HFR: 1.6105059840213602, HFR MAD: 0.07183034061128102, Detected Stars 123, Region: 0
2026-09-13T21:52:12.1672|INFO|FocuserVM.cs|MoveFocuserInternal|216|Moving Focuser to position 40784
2026-09-13T21:52:17.9714|INFO|CameraVM.cs|Capture|742|Starting Exposure - Exposure Time: 6s; Filter: L-Pro; Gain: 15; Offset 132; Binning: 2x2;
2026-09-13T21:52:25.2780|INFO|AutoFocusEngine.cs|StartBlindFocusPoints|884|Waiting on next right movement analysis
2026-09-13T21:52:26.1368|INFO|HocusFocusStarDetection.cs|Detect|413|Average HFR: 1.6004078017017376, HFR MAD: 0.05416093805679156, Detected Stars 114, Region: 0
2026-09-13T21:52:26.1859|INFO|FocuserVM.cs|MoveFocuserInternal|216|Moving Focuser to position 40984
2026-09-13T21:52:31.9950|INFO|CameraVM.cs|Capture|742|Starting Exposure - Exposure Time: 6s; Filter: L-Pro; Gain: 15; Offset 132; Binning: 2x2;
2026-09-13T21:52:39.3055|INFO|AutoFocusEngine.cs|StartBlindFocusPoints|884|Waiting on next right movement analysis
2026-09-13T21:52:40.0743|INFO|HocusFocusStarDetection.cs|Detect|413|Average HFR: 1.6893195606995763, HFR MAD: 0.0904654612393414, Detected Stars 207, Region: 0
2026-09-13T21:52:40.1777|INFO|FocuserVM.cs|MoveFocuserInternal|216|Moving Focuser to position 41184
2026-09-13T21:52:46.0006|INFO|CameraVM.cs|Capture|742|Starting Exposure - Exposure Time: 6s; Filter: L-Pro; Gain: 15; Offset 132; Binning: 2x2;
2026-09-13T21:52:53.3093|INFO|AutoFocusEngine.cs|StartBlindFocusPoints|884|Waiting on next right movement analysis
2026-09-13T21:52:54.0052|INFO|HocusFocusStarDetection.cs|Detect|413|Average HFR: 1.7533556436959983, HFR MAD: 0.12111666174086877, Detected Stars 239, Region: 0
2026-09-13T21:52:54.1105|INFO|AutoFocusEngine.cs|StartBlindFocusPoints|823|Enough left trend points (5) with an established minimum (40784) to queue remaining right focus points up to 41584
2026-09-13T21:52:54.1109|INFO|FocuserVM.cs|MoveFocuserInternal|216|Moving Focuser to position 41384
2026-09-13T21:52:59.9738|INFO|CameraVM.cs|Capture|742|Starting Exposure - Exposure Time: 6s; Filter: L-Pro; Gain: 15; Offset 132; Binning: 2x2;
2026-09-13T21:53:07.2834|INFO|FocuserVM.cs|MoveFocuserInternal|216|Moving Focuser to position 41584
2026-09-13T21:53:08.0569|INFO|HocusFocusStarDetection.cs|Detect|413|Average HFR: 1.9568461227596636, HFR MAD: 0.15171068536399468, Detected Stars 278, Region: 0
2026-09-13T21:53:13.9907|INFO|CameraVM.cs|Capture|742|Starting Exposure - Exposure Time: 6s; Filter: L-Pro; Gain: 15; Offset 132; Binning: 2x2;
2026-09-13T21:53:21.3020|INFO|AutoFocusEngine.cs|StartBlindFocusPoints|896|Waiting on remaining AutoFocus analysis tasks
2026-09-13T21:53:22.0749|INFO|HocusFocusStarDetection.cs|Detect|413|Average HFR: 2.2037457194501457, HFR MAD: 0.18255588868863537, Detected Stars 283, Region: 0
2026-09-13T21:53:22.1528|INFO|FocuserVM.cs|MoveFocuserInternal|216|Moving Focuser to position 40635
2026-09-13T21:53:31.8462|INFO|AutoFocusEngine.cs|ValidateCalculatedFocusPosition|1141|Validating HFR at final focus position 40635
2026-09-13T21:53:31.9694|INFO|CameraVM.cs|Capture|742|Starting Exposure - Exposure Time: 6s; Filter: L-Pro; Gain: 15; Offset 132; Binning: 2x2;
2026-09-13T21:53:39.9871|INFO|HocusFocusStarDetection.cs|Detect|413|Average HFR: 1.7047917572506193, HFR MAD: 0.11042704402399228, Detected Stars 215, Region: 0
2026-09-13T21:53:39.9878|INFO|HocusFocusVM.cs|AutoFocusEngine_Completed|473|AutoFocus completed with focuser starting at 39584 and ending at 40635
2026-09-13T21:53:39.9894|INFO|FocuserMediator.cs|BroadcastSuccessfulAutoFocusRun|46|Autofocus notification received - Temperature 22
2026-09-13T21:53:40.1597|INFO|AutoFocusEngine.cs|PerformPostAutoFocusActions|1022|Re-enabling temperature compensation after AutoFocus
2026-09-13T21:53:40.1885|INFO|MeridianFlipVM.cs|Recenter|278|Meridian Flip - Recenter after meridian flip
2026-09-13T21:53:40.4363|INFO|CameraVM.cs|Capture|742|Starting Exposure - Exposure Time: 15s; Filter: L-Pro; Gain: 15; Offset 132; Binning: 1x1;
2026-09-13T21:53:59.4182|WARNING|DeviceUpdateTimer.cs|Run|115|Dome value update cycle took longer than the device poll interval (Total: 3.08s > 2s; Poll: 00:00:00.0027513; Update: 00:00:03.0784502)
2026-09-13T21:53:59.6783|WARNING|DeviceUpdateTimer.cs|Run|115|Camera value update cycle took longer than the device poll interval (Total: 2.30s > 2s; Poll: 00:00:02.3011234; Update: 00:00:00.0000612)
2026-09-13T21:54:00.5556|INFO|ImageSolver.cs|Solve|41|Platesolving with parameters: FocalLength: 1260 PixelSize: 4.54 SearchRadius: 30 BlindFailoverEnabled: True Regions: 5000 DownSampleFactor: 2 MaxObjects: 500 Reference Coordinates RA: 19:59:36 Dec: 22° 43' 16" Epoch: J2000
2026-09-13T21:54:00.8707|INFO|BaseImageData.cs|SaveToDisk|346|Saved image to C:\Users\PrimaLuceLab\AppData\Local\NINA\PlateSolver\vanqavyh.mi3.fits
2026-09-13T21:54:02.3416|INFO|ImageSolver.cs|Solve|54|Platesolve successful: Coordinates: RA: 19:59:39; Dec: 22° 06' 23"; Epoch: J2000 - Position Angle: 73.19886812885511
2026-09-13T21:54:02.3435|INFO|CenteringSolver.cs|Center|99|Centering Solver - Scope Position: RA: 20:00:48; Dec: 22° 49' 53"; Epoch: JNOW; Offset: RA: 00:00:00; Dec: 00° 00' 00"; Distance: 00° 00' 00"; Bearing: 00° 00' 00"; Centering Coordinates: RA: 20:00:47; Dec: 22° 47' 52"; Epoch: JNOW; Solved: RA: 20:00:50; Dec: 22° 10' 58"; Epoch: JNOW; Separation RA: -00:00:03; Dec: 00° 36' 53"; Distance: 00° 36' 54"; Bearing: -178° 49' 54"; Threshold: 1
2026-09-13T21:54:02.5539|INFO|TelescopeVM.cs|Sync|777|Syncing scope from RA: 20:00:48; Dec: 22° 49' 53"; Epoch: JNOW to RA: 20:00:50; Dec: 22° 10' 58"; Epoch: JNOW
2026-09-13T21:54:07.5606|INFO|CenteringSolver.cs|Center|132|Slewing to target after sync. Current Position: RA: 20:00:50; Dec: 22° 11' 46"; Epoch: JNOW; Target coordinates: RA: 20:00:47; Dec: 22° 47' 52"; Epoch: JNOW; Offset RA: 00:00:00; Dec: 00° 00' 00"; Distance: 00° 00' 00"; Bearing: 00° 00' 00"
2026-09-13T21:54:07.6451|INFO|TelescopeVM.cs|SlewAsyncInternal|910|Slewing from RA: 20:00:50; Dec: 22° 11' 46"; Epoch: JNOW to RA: 20:00:47; Dec: 22° 47' 52"; Epoch: JNOW - Alt: 70° 11' 16"; Az: 187° 25' 04"
2026-09-13T21:54:22.1424|INFO|CameraVM.cs|Capture|742|Starting Exposure - Exposure Time: 15s; Filter: L-Pro; Gain: 15; Offset 132; Binning: 1x1;
2026-09-13T21:54:42.2013|INFO|ImageSolver.cs|Solve|41|Platesolving with parameters: FocalLength: 1260 PixelSize: 4.54 SearchRadius: 30 BlindFailoverEnabled: True Regions: 5000 DownSampleFactor: 2 MaxObjects: 500 Reference Coordinates RA: 19:59:36 Dec: 22° 43' 16" Epoch: J2000
2026-09-13T21:54:42.5160|INFO|BaseImageData.cs|SaveToDisk|346|Saved image to C:\Users\PrimaLuceLab\AppData\Local\NINA\PlateSolver\1smeuueq.d5d.fits
2026-09-13T21:54:44.1322|INFO|ImageSolver.cs|Solve|54|Platesolve successful: Coordinates: RA: 19:59:36; Dec: 22° 44' 32"; Epoch: J2000 - Position Angle: 73.1998817502311
2026-09-13T21:54:44.1358|INFO|CenteringSolver.cs|Center|99|Centering Solver - Scope Position: RA: 20:00:47; Dec: 22° 48' 47"; Epoch: JNOW; Offset: RA: 00:00:00; Dec: 00° 00' 00"; Distance: 00° 00' 00"; Bearing: 00° 00' 00"; Centering Coordinates: RA: 20:00:47; Dec: 22° 47' 52"; Epoch: JNOW; Solved: RA: 20:00:47; Dec: 22° 49' 08"; Epoch: JNOW; Separation RA: 00:00:00; Dec: -00° 01' 16"; Distance: 00° 01' 16"; Bearing: 00° 43' 36"; Threshold: 1
2026-09-13T21:54:44.2503|INFO|TelescopeVM.cs|Sync|777|Syncing scope from RA: 20:00:47; Dec: 22° 48' 47"; Epoch: JNOW to RA: 20:00:47; Dec: 22° 49' 08"; Epoch: JNOW
2026-09-13T21:54:49.2544|INFO|CenteringSolver.cs|Center|132|Slewing to target after sync. Current Position: RA: 20:00:47; Dec: 22° 49' 56"; Epoch: JNOW; Target coordinates: RA: 20:00:47; Dec: 22° 47' 52"; Epoch: JNOW; Offset RA: 00:00:00; Dec: 00° 00' 00"; Distance: 00° 00' 00"; Bearing: 00° 00' 00"
2026-09-13T21:54:49.2613|INFO|TelescopeVM.cs|SlewAsyncInternal|910|Slewing from RA: 20:00:47; Dec: 22° 49' 56"; Epoch: JNOW to RA: 20:00:47; Dec: 22° 47' 52"; Epoch: JNOW - Alt: 70° 10' 14"; Az: 187° 53' 19"
2026-09-13T21:55:03.5304|INFO|CameraVM.cs|Capture|742|Starting Exposure - Exposure Time: 15s; Filter: L-Pro; Gain: 15; Offset 132; Binning: 1x1;
2026-09-13T21:55:23.5959|INFO|ImageSolver.cs|Solve|41|Platesolving with parameters: FocalLength: 1260 PixelSize: 4.54 SearchRadius: 30 BlindFailoverEnabled: True Regions: 5000 DownSampleFactor: 2 MaxObjects: 500 Reference Coordinates RA: 19:59:36 Dec: 22° 43' 16" Epoch: J2000
2026-09-13T21:55:23.8640|INFO|BaseImageData.cs|SaveToDisk|346|Saved image to C:\Users\PrimaLuceLab\AppData\Local\NINA\PlateSolver\eypblqdb.in3.fits
2026-09-13T21:55:25.3988|INFO|ImageSolver.cs|Solve|54|Platesolve successful: Coordinates: RA: 19:59:36; Dec: 22° 43' 06"; Epoch: J2000 - Position Angle: 73.203705135252
2026-09-13T21:55:25.4008|INFO|CenteringSolver.cs|Center|99|Centering Solver - Scope Position: RA: 20:00:47; Dec: 22° 48' 47"; Epoch: JNOW; Offset: RA: 00:00:00; Dec: 00° 00' 00"; Distance: 00° 00' 00"; Bearing: 00° 00' 00"; Centering Coordinates: RA: 20:00:47; Dec: 22° 47' 52"; Epoch: JNOW; Solved: RA: 20:00:46; Dec: 22° 47' 42"; Epoch: JNOW; Separation RA: 00:00:00; Dec: 00° 00' 10"; Distance: 00° 00' 11"; Bearing: 157° 09' 57"; Threshold: 1
2026-09-13T21:55:25.4009|INFO|CenteringSolver.cs|Center|165|Restoring filter to L-Pro after centering
2026-09-13T21:55:25.5498|INFO|MeridianFlipVM.cs|SelectNewGuideStar|329|Meridian Flip - Selecting new guide star
2026-09-13T21:55:43.2541|INFO|MeridianFlipVM.cs|ResumeAutoguider|321|Meridian Flip - Resuming Autoguider
2026-09-13T21:55:43.3198|INFO|PHD2Guider.cs|TryStartGuideCommand|641|Phd2 - Requesting to start guiding. Recalibrate: False
2026-09-13T21:56:21.3138|INFO|MeridianFlipVM.cs|Settle|335|Meridian Flip - Settling scope for 30
2026-09-13T21:56:50.6864|INFO|MeridianFlipVM.cs|DoMeridianFlip|221|Meridian Flip - Exiting meridian flip
2026-09-13T21:56:50.8146|INFO|SequenceTrigger.cs|Run|114|Starting Trigger: RestoreGuiding
2026-09-13T21:56:50.8148|INFO|SequenceItem.cs|Run|208|Starting Category: * Set di Istruzioni *, Container: NINA.Sequencer.Container.SequentialContainer, Strategy: SequentialStrategy, Items[CREATED]: 1
2026-09-13T21:56:50.8149|INFO|SequenceItem.cs|Run|208|Starting Category: Guida, Item: StartGuiding
2026-09-13T21:56:50.8884|INFO|PHD2Guider.cs|StartGuidingPrivate|504|Phd2 - App is already guiding. Skipping start guiding
2026-09-13T21:56:50.8940|INFO|SequenceItem.cs|Run|254|Finishing Category: Guida, Item: StartGuiding
2026-09-13T21:56:50.9477|INFO|SequenceItem.cs|Run|254|Finishing Category: * Set di Istruzioni *, Container: NINA.Sequencer.Container.SequentialContainer, Strategy: SequentialStrategy, Items[FINISHED]: 1
2026-09-13T21:56:50.9745|INFO|SequenceItem.cs|Run|208|Starting Category: Fotocamera, Item: TakeExposure, ExposureTime 600, Gain 15, Offset 132, ImageType LIGHT, Binning 1x1
2026-09-13T21:56:50.9751|INFO|CameraVM.cs|Capture|742|Starting Exposure - Exposure Time: 600s; Filter: ; Gain: 15; Offset 132; Binning: 1x1;
2026-09-13T22:06:51.7975|WARNING|DeviceUpdateTimer.cs|Run|115|Dome value update cycle took longer than the device poll interval (Total: 3.93s > 2s; Poll: 00:00:00.0033801; Update: 00:00:03.9271362)
2026-09-13T22:06:57.2314|WARNING|DeviceUpdateTimer.cs|Run|115|Camera value update cycle took longer than the device poll interval (Total: 11.49s > 2s; Poll: 00:00:11.4776670; Update: 00:00:00.0155201)
2026-09-13T22:06:57.2324|INFO|SequenceItem.cs|Run|254|Finishing Category: Fotocamera, Item: TakeExposure, ExposureTime 600, Gain 15, Offset 132, ImageType LIGHT, Binning 1x1
2026-09-13T22:06:57.2333|INFO|MeridianFlipTrigger.cs|ShouldTrigger|211|Meridian Flip - Flip for the current target already happened at 09/13/2026 21:30:45. Skip flip evaluation
2026-09-13T22:06:57.2334|INFO|SequenceItem.cs|Run|208|Starting Category: Ruota porta filtri, Item: SwitchFilter, Filter: L-Pro
2026-09-13T22:06:57.4133|INFO|SequenceItem.cs|Run|254|Finishing Category: Ruota porta filtri, Item: SwitchFilter, Filter: L-Pro
2026-09-13T22:06:57.4137|INFO|SequenceTrigger.cs|Run|114|Starting Trigger: DitherAfterExposures, After Exposures: 1
2026-09-13T22:06:57.4138|INFO|SequenceItem.cs|Run|208|Starting Category: * Set di Istruzioni *, Container: NINA.Sequencer.Container.SequentialContainer, Strategy: SequentialStrategy, Items[CREATED]: 1
2026-09-13T22:06:57.4139|INFO|SequenceItem.cs|Run|208|Starting Category: Guida, Item: Dither
2026-09-13T22:07:00.8655|INFO|HocusFocusStarDetection.cs|Detect|413|Average HFR: 2.8354238586948752, HFR MAD: 0.3328060051459012, Detected Stars 568, Region: 0
2026-09-13T22:07:01.3909|INFO|BaseImageData.cs|SaveToDisk|346|Saved image to D:\Images NINA\Target\LIGHT_1x1_600.00s_15_132_M 27_Celestron C8__-9.96C_L-Pro_0283_2026-09-13_21-56-51_FWHM_4.61_Fok_40635.xisf
2026-09-13T22:07:01.3910|INFO|ImageSaveController.cs|DoWork|97|Successfully saved file at D:\Images NINA\Target\LIGHT_1x1_600.00s_15_132_M 27_Celestron C8__-9.96C_L-Pro_0283_2026-09-13_21-56-51_FWHM_4.61_Fok_40635.xisf. Duration Total: 00:00:03.8831420; BeforeSave: 00:00:00.6420641; BeforeFinalizeImageSaved: 00:00:03.2127643; FinalizeSaveTime: 00:00:00.0283126
2026-09-13T22:07:02.7058|WARNING|DeviceUpdateTimer.cs|Run|115|Mount value update cycle took longer than the device poll interval (Total: 4.75s > 2s; Poll: 00:00:04.7543104; Update: 00:00:00.0002013)
2026-09-13T22:07:41.2771|ERROR|PHD2Guider.cs|ProcessEvent|937|PHD2 error:timed-out waiting for guider to settle
2026-09-13T22:07:41.4352|INFO|SequenceItem.cs|Run|254|Finishing Category: Guida, Item: Dither
2026-09-13T22:07:41.4355|INFO|SequenceItem.cs|Run|254|Finishing Category: * Set di Istruzioni *, Container: NINA.Sequencer.Container.SequentialContainer, Strategy: SequentialStrategy, Items[FINISHED]: 1
2026-09-13T22:07:41.4360|INFO|MeridianFlipTrigger.cs|ShouldTrigger|211|Meridian Flip - Flip for the current target already happened at 09/13/2026 21:30:45. Skip flip evaluation
2026-09-13T22:07:41.4361|INFO|SequenceTrigger.cs|Run|114|Starting Trigger: RestoreGuiding
2026-09-13T22:07:41.4361|INFO|SequenceItem.cs|Run|208|Starting Category: * Set di Istruzioni *, Container: NINA.Sequencer.Container.SequentialContainer, Strategy: SequentialStrategy, Items[CREATED]: 1
2026-09-13T22:07:41.4363|INFO|SequenceItem.cs|Run|208|Starting Category: Guida, Item: StartGuiding
2026-09-13T22:07:41.4644|INFO|PHD2Guider.cs|StartGuidingPrivate|504|Phd2 - App is already guiding. Skipping start guiding
2026-09-13T22:07:41.4762|INFO|SequenceItem.cs|Run|254|Finishing Category: Guida, Item: StartGuiding
2026-09-13T22:07:41.4765|INFO|SequenceItem.cs|Run|254|Finishing Category: * Set di Istruzioni *, Container: NINA.Sequencer.Container.SequentialContainer, Strategy: SequentialStrategy, Items[FINISHED]: 1
2026-09-13T22:07:41.4981|INFO|SequenceItem.cs|Run|208|Starting Category: Fotocamera, Item: TakeExposure, ExposureTime 600, Gain 15, Offset 132, ImageType LIGHT, Binning 1x1
2026-09-13T22:07:41.4994|INFO|CameraVM.cs|Capture|742|Starting Exposure - Exposure Time: 600s; Filter: ; Gain: 15; Offset 132; Binning: 1x1;
2026-09-13T22:17:47.7425|WARNING|DeviceUpdateTimer.cs|Run|115|Camera value update cycle took longer than the device poll interval (Total: 11.87s > 2s; Poll: 00:00:11.8588178; Update: 00:00:00.0136993)
2026-09-13T22:17:47.7918|INFO|SequenceItem.cs|Run|254|Finishing Category: Fotocamera, Item: TakeExposure, ExposureTime 600, Gain 15, Offset 132, ImageType LIGHT, Binning 1x1
2026-09-13T22:17:47.7929|INFO|MeridianFlipTrigger.cs|ShouldTrigger|211|Meridian Flip - Flip for the current target already happened at 09/13/2026 21:30:45. Skip flip evaluation
2026-09-13T22:17:47.7930|INFO|SequenceItem.cs|Run|208|Starting Category: Ruota porta filtri, Item: SwitchFilter, Filter: L-Pro
2026-09-13T22:17:47.9703|INFO|SequenceItem.cs|Run|254|Finishing Category: Ruota porta filtri, Item: SwitchFilter, Filter: L-Pro
2026-09-13T22:17:47.9715|INFO|SequenceTrigger.cs|Run|114|Starting Trigger: DitherAfterExposures, After Exposures: 1
2026-09-13T22:17:47.9717|INFO|SequenceItem.cs|Run|208|Starting Category: * Set di Istruzioni *, Container: NINA.Sequencer.Container.SequentialContainer, Strategy: SequentialStrategy, Items[CREATED]: 1
2026-09-13T22:17:47.9717|INFO|SequenceItem.cs|Run|208|Starting Category: Guida, Item: Dither
2026-09-13T22:17:51.0683|INFO|HocusFocusStarDetection.cs|Detect|413|Average HFR: 2.9554145339140607, HFR MAD: 0.3602927527972599, Detected Stars 525, Region: 0
2026-09-13T22:17:51.5962|INFO|BaseImageData.cs|SaveToDisk|346|Saved image to D:\Images NINA\Target\LIGHT_1x1_600.00s_15_132_M 27_Celestron C8__-9.96C_L-Pro_0284_2026-09-13_22-07-41_FWHM_4.81_Fok_40635.xisf
2026-09-13T22:17:51.5964|INFO|ImageSaveController.cs|DoWork|97|Successfully saved file at D:\Images NINA\Target\LIGHT_1x1_600.00s_15_132_M 27_Celestron C8__-9.96C_L-Pro_0284_2026-09-13_22-07-41_FWHM_4.81_Fok_40635.xisf. Duration Total: 00:00:03.3778923; BeforeSave: 00:00:00.0001030; BeforeFinalizeImageSaved: 00:00:03.3286126; FinalizeSaveTime: 00:00:00.0491765
2026-09-13T22:18:30.8969|ERROR|PHD2Guider.cs|ProcessEvent|937|PHD2 error:timed-out waiting for guider to settle
2026-09-13T22:18:31.1726|INFO|SequenceItem.cs|Run|254|Finishing Category: Guida, Item: Dither
2026-09-13T22:18:31.1728|INFO|SequenceItem.cs|Run|254|Finishing Category: * Set di Istruzioni *, Container: NINA.Sequencer.Container.SequentialContainer, Strategy: SequentialStrategy, Items[FINISHED]: 1
2026-09-13T22:18:31.1752|INFO|MeridianFlipTrigger.cs|ShouldTrigger|211|Meridian Flip - Flip for the current target already happened at 09/13/2026 21:30:45. Skip flip evaluation
2026-09-13T22:18:31.1753|INFO|SequenceTrigger.cs|Run|114|Starting Trigger: RestoreGuiding
2026-09-13T22:18:31.1754|INFO|SequenceItem.cs|Run|208|Starting Category: * Set di Istruzioni *, Container: NINA.Sequencer.Container.SequentialContainer, Strategy: SequentialStrategy, Items[CREATED]: 1
2026-09-13T22:18:31.1755|INFO|SequenceItem.cs|Run|208|Starting Category: Guida, Item: StartGuiding
2026-09-13T22:18:31.2060|INFO|PHD2Guider.cs|StartGuidingPrivate|504|Phd2 - App is already guiding. Skipping start guiding
2026-09-13T22:18:31.2111|INFO|SequenceItem.cs|Run|254|Finishing Category: Guida, Item: StartGuiding
2026-09-13T22:18:31.2122|INFO|SequenceItem.cs|Run|254|Finishing Category: * Set di Istruzioni *, Container: NINA.Sequencer.Container.SequentialContainer, Strategy: SequentialStrategy, Items[FINISHED]: 1
2026-09-13T22:18:31.2445|INFO|SequenceItem.cs|Run|208|Starting Category: Fotocamera, Item: TakeExposure, ExposureTime 600, Gain 15, Offset 132, ImageType LIGHT, Binning 1x1
2026-09-13T22:18:31.2451|INFO|CameraVM.cs|Capture|742|Starting Exposure - Exposure Time: 600s; Filter: ; Gain: 15; Offset 132; Binning: 1x1;
2026-09-13T22:28:30.4313|WARNING|DeviceUpdateTimer.cs|Run|115|Dome value update cycle took longer than the device poll interval (Total: 2.26s > 2s; Poll: 00:00:00.0028808; Update: 00:00:02.2598701)
2026-09-13T22:28:37.4315|WARNING|DeviceUpdateTimer.cs|Run|115|Camera value update cycle took longer than the device poll interval (Total: 11.62s > 2s; Poll: 00:00:11.6152648; Update: 00:00:00.0001621)
2026-09-13T22:28:37.4324|INFO|SequenceItem.cs|Run|254|Finishing Category: Fotocamera, Item: TakeExposure, ExposureTime 600, Gain 15, Offset 132, ImageType LIGHT, Binning 1x1
2026-09-13T22:28:37.4331|INFO|MeridianFlipTrigger.cs|ShouldTrigger|211|Meridian Flip - Flip for the current target already happened at 09/13/2026 21:30:45. Skip flip evaluation
2026-09-13T22:28:37.4332|INFO|SequenceItem.cs|Run|208|Starting Category: Ruota porta filtri, Item: SwitchFilter, Filter: L-Pro
2026-09-13T22:28:37.5809|INFO|SequenceItem.cs|Run|254|Finishing Category: Ruota porta filtri, Item: SwitchFilter, Filter: L-Pro
2026-09-13T22:28:37.5818|INFO|SequenceTrigger.cs|Run|114|Starting Trigger: DitherAfterExposures, After Exposures: 1
2026-09-13T22:28:37.5819|INFO|SequenceItem.cs|Run|208|Starting Category: * Set di Istruzioni *, Container: NINA.Sequencer.Container.SequentialContainer, Strategy: SequentialStrategy, Items[CREATED]: 1
2026-09-13T22:28:37.5819|INFO|SequenceItem.cs|Run|208|Starting Category: Guida, Item: Dither
2026-09-13T22:28:37.7971|INFO|ImageSolver.cs|Solve|41|Platesolving with parameters: FocalLength: 1260 PixelSize: 4.54 SearchRadius: 30 BlindFailoverEnabled: True Regions: 5000 DownSampleFactor: 2 MaxObjects: 500 Reference Coordinates RA: 19:59:33 Dec: 22° 56' 38" Epoch: J2000
2026-09-13T22:28:38.4761|INFO|BaseImageData.cs|SaveToDisk|346|Saved image to C:\Users\PrimaLuceLab\AppData\Local\NINA\PlateSolver\afdj2reb.icw.fits
2026-09-13T22:28:41.6371|INFO|HocusFocusStarDetection.cs|Detect|413|Average HFR: 2.8955467779368154, HFR MAD: 0.3513004728954203, Detected Stars 517, Region: 0
2026-09-13T22:28:42.2325|INFO|BaseImageData.cs|SaveToDisk|346|Saved image to D:\Images NINA\Target\LIGHT_1x1_600.00s_15_132_M 27_Celestron C8__-9.96C_L-Pro_0285_2026-09-13_22-18-31_FWHM_4.78_Fok_40635.xisf
2026-09-13T22:28:42.2326|INFO|ImageSaveController.cs|DoWork|97|Successfully saved file at D:\Images NINA\Target\LIGHT_1x1_600.00s_15_132_M 27_Celestron C8__-9.96C_L-Pro_0285_2026-09-13_22-18-31_FWHM_4.78_Fok_40635.xisf. Duration Total: 00:00:04.4382659; BeforeSave: 00:00:00.0000886; BeforeFinalizeImageSaved: 00:00:04.3917358; FinalizeSaveTime: 00:00:00.0464411
2026-09-13T22:29:18.2287|ERROR|PHD2Guider.cs|ProcessEvent|937|PHD2 error:timed-out waiting for guider to settle
2026-09-13T22:29:18.2293|INFO|SequenceItem.cs|Run|254|Finishing Category: Guida, Item: Dither
2026-09-13T22:29:18.2295|INFO|SequenceItem.cs|Run|254|Finishing Category: * Set di Istruzioni *, Container: NINA.Sequencer.Container.SequentialContainer, Strategy: SequentialStrategy, Items[FINISHED]: 1
2026-09-13T22:29:18.2300|INFO|MeridianFlipTrigger.cs|ShouldTrigger|211|Meridian Flip - Flip for the current target already happened at 09/13/2026 21:30:45. Skip flip evaluation
2026-09-13T22:29:18.2301|INFO|SequenceTrigger.cs|Run|114|Starting Trigger: RestoreGuiding
2026-09-13T22:29:18.2301|INFO|SequenceItem.cs|Run|208|Starting Category: * Set di Istruzioni *, Container: NINA.Sequencer.Container.SequentialContainer, Strategy: SequentialStrategy, Items[CREATED]: 1
2026-09-13T22:29:18.2302|INFO|SequenceItem.cs|Run|208|Starting Category: Guida, Item: StartGuiding
2026-09-13T22:29:18.2853|INFO|PHD2Guider.cs|StartGuidingPrivate|504|Phd2 - App is already guiding. Skipping start guiding
2026-09-13T22:29:18.2854|INFO|SequenceItem.cs|Run|254|Finishing Category: Guida, Item: StartGuiding
2026-09-13T22:29:18.2855|INFO|SequenceItem.cs|Run|254|Finishing Category: * Set di Istruzioni *, Container: NINA.Sequencer.Container.SequentialContainer, Strategy: SequentialStrategy, Items[FINISHED]: 1
2026-09-13T22:29:18.3143|INFO|SequenceItem.cs|Run|208|Starting Category: Fotocamera, Item: TakeExposure, ExposureTime 600, Gain 15, Offset 132, ImageType LIGHT, Binning 1x1
2026-09-13T22:29:18.3150|INFO|CameraVM.cs|Capture|742|Starting Exposure - Exposure Time: 600s; Filter: ; Gain: 15; Offset 132; Binning: 1x1;
2026-09-13T22:32:42.8858|ERROR|ASTAPSolver.cs|ReadResult|62|ASTAP - Plate solve failed.
 Star database limit was reached!

2026-09-13T22:32:42.8900|INFO|ImageSolver.cs|Solve|41|Platesolving with parameters: FocalLength: 1260 PixelSize: 4.54 SearchRadius: 30 BlindFailoverEnabled: True Regions: 5000 DownSampleFactor: 2 MaxObjects: 500 
2026-09-13T22:32:44.0580|INFO|BaseImageData.cs|SaveToDisk|346|Saved image to C:\Users\PrimaLuceLab\AppData\Local\NINA\PlateSolver\ds0jgg1g.rsi.fits
2026-09-13T22:33:12.7051|INFO|AstrometryPlateSolver.cs|SubmitImageJob|166|Plate Solving: Astrometry.net: Submission 16062473 created for solving.
2026-09-13T22:33:45.1341|INFO|AstrometryPlateSolver.cs|GetJobResult|191|Plate Solving: Astrometry.net: Job 16876259 completed successfully.
2026-09-13T22:33:45.5972|INFO|AstrometryPlateSolver.cs|GetJobResult|201|Plate Solving: Astrometry.net: Job 16876259 successfully retrieved.
2026-09-13T22:33:45.6021|INFO|ImageSolver.cs|Solve|54|Platesolve successful: Coordinates: RA: 19:59:36; Dec: 22° 43' 04"; Epoch: J2000 - Position Angle: 73.21255099095254
2026-09-13T22:33:45.6022|INFO|ImageSolver.cs|Solve|54|Platesolve successful: Coordinates: RA: 19:59:36; Dec: 22° 43' 04"; Epoch: J2000 - Position Angle: 73.21255099095254
2026-09-13T22:33:45.6219|INFO|CenterAfterDriftTrigger.cs|PlatesolvingImageFollower_PropertyChanged|189|Drift: 0.2150697740931638 / 3 arc minutes
2026-09-13T22:39:20.3785|WARNING|DeviceUpdateTimer.cs|Run|115|Dome value update cycle took longer than the device poll interval (Total: 3.21s > 2s; Poll: 00:00:00.0027036; Update: 00:00:03.2056881)
2026-09-13T22:39:24.5784|WARNING|DeviceUpdateTimer.cs|Run|115|Camera value update cycle took longer than the device poll interval (Total: 5.00s > 2s; Poll: 00:00:05.0003784; Update: 00:00:00.0017581)
2026-09-13T22:39:24.6252|INFO|SequenceItem.cs|Run|254|Finishing Category: Fotocamera, Item: TakeExposure, ExposureTime 600, Gain 15, Offset 132, ImageType LIGHT, Binning 1x1
2026-09-13T22:39:24.6264|INFO|MeridianFlipTrigger.cs|ShouldTrigger|211|Meridian Flip - Flip for the current target already happened at 09/13/2026 21:30:45. Skip flip evaluation
2026-09-13T22:39:24.6265|INFO|SequenceItem.cs|Run|208|Starting Category: Ruota porta filtri, Item: SwitchFilter, Filter: L-Pro
2026-09-13T22:39:24.7622|INFO|SequenceItem.cs|Run|254|Finishing Category: Ruota porta filtri, Item: SwitchFilter, Filter: L-Pro
2026-09-13T22:39:24.7625|INFO|SequenceTrigger.cs|Run|114|Starting Trigger: DitherAfterExposures, After Exposures: 1
2026-09-13T22:39:24.7626|INFO|SequenceItem.cs|Run|208|Starting Category: * Set di Istruzioni *, Container: NINA.Sequencer.Container.SequentialContainer, Strategy: SequentialStrategy, Items[CREATED]: 1
2026-09-13T22:39:24.7627|INFO|SequenceItem.cs|Run|208|Starting Category: Guida, Item: Dither
2026-09-13T22:39:28.0754|INFO|HocusFocusStarDetection.cs|Detect|413|Average HFR: 2.8454600893254685, HFR MAD: 0.35051473012950485, Detected Stars 556, Region: 0
2026-09-13T22:39:28.5743|INFO|BaseImageData.cs|SaveToDisk|346|Saved image to D:\Images NINA\Target\LIGHT_1x1_600.00s_15_132_M 27_Celestron C8__-9.96C_L-Pro_0286_2026-09-13_22-29-18_FWHM_4.52_Fok_40635.xisf
2026-09-13T22:39:28.5745|INFO|ImageSaveController.cs|DoWork|97|Successfully saved file at D:\Images NINA\Target\LIGHT_1x1_600.00s_15_132_M 27_Celestron C8__-9.96C_L-Pro_0286_2026-09-13_22-29-18_FWHM_4.52_Fok_40635.xisf. Duration Total: 00:00:03.6801407; BeforeSave: 00:00:00.1951537; BeforeFinalizeImageSaved: 00:00:03.4658667; FinalizeSaveTime: 00:00:00.0191195
2026-09-13T22:40:07.9101|ERROR|PHD2Guider.cs|ProcessEvent|937|PHD2 error:timed-out waiting for guider to settle
2026-09-13T22:40:08.3909|INFO|SequenceItem.cs|Run|254|Finishing Category: Guida, Item: Dither
2026-09-13T22:40:08.3911|INFO|SequenceItem.cs|Run|254|Finishing Category: * Set di Istruzioni *, Container: NINA.Sequencer.Container.SequentialContainer, Strategy: SequentialStrategy, Items[FINISHED]: 1
2026-09-13T22:40:08.3916|INFO|MeridianFlipTrigger.cs|ShouldTrigger|211|Meridian Flip - Flip for the current target already happened at 09/13/2026 21:30:45. Skip flip evaluation
2026-09-13T22:40:08.3917|INFO|SequenceTrigger.cs|Run|114|Starting Trigger: RestoreGuiding
2026-09-13T22:40:08.3918|INFO|SequenceItem.cs|Run|208|Starting Category: * Set di Istruzioni *, Container: NINA.Sequencer.Container.SequentialContainer, Strategy: SequentialStrategy, Items[CREATED]: 1
2026-09-13T22:40:08.3918|INFO|SequenceItem.cs|Run|208|Starting Category: Guida, Item: StartGuiding
2026-09-13T22:40:08.4341|INFO|PHD2Guider.cs|StartGuidingPrivate|504|Phd2 - App is already guiding. Skipping start guiding
2026-09-13T22:40:08.4343|INFO|SequenceItem.cs|Run|254|Finishing Category: Guida, Item: StartGuiding
2026-09-13T22:40:08.4344|INFO|SequenceItem.cs|Run|254|Finishing Category: * Set di Istruzioni *, Container: NINA.Sequencer.Container.SequentialContainer, Strategy: SequentialStrategy, Items[FINISHED]: 1
2026-09-13T22:40:08.4350|INFO|SequenceItem.cs|Run|208|Starting Category: Fotocamera, Item: TakeExposure, ExposureTime 600, Gain 15, Offset 132, ImageType LIGHT, Binning 1x1
2026-09-13T22:40:08.4355|INFO|CameraVM.cs|Capture|742|Starting Exposure - Exposure Time: 600s; Filter: ; Gain: 15; Offset 132; Binning: 1x1;
2026-09-13T22:50:10.9058|WARNING|DeviceUpdateTimer.cs|Run|115|Dome value update cycle took longer than the device poll interval (Total: 7.71s > 2s; Poll: 00:00:00.0060038; Update: 00:00:07.7017442)
2026-09-13T22:50:14.6507|WARNING|DeviceUpdateTimer.cs|Run|115|Camera value update cycle took longer than the device poll interval (Total: 8.90s > 2s; Poll: 00:00:08.8713765; Update: 00:00:00.0284545)
2026-09-13T22:50:14.6918|INFO|SequenceItem.cs|Run|254|Finishing Category: Fotocamera, Item: TakeExposure, ExposureTime 600, Gain 15, Offset 132, ImageType LIGHT, Binning 1x1
2026-09-13T22:50:14.6926|INFO|MeridianFlipTrigger.cs|ShouldTrigger|296|Meridian Flip - (Side of Pier usage is disabled) There is still time remaining. Max remaining time 10:50:47.7228493, next instruction time 0, next instruction Category: Ruota porta filtri, Item: SwitchFilter, Filter: L-Pro
2026-09-13T22:50:14.6926|INFO|SequenceItem.cs|Run|208|Starting Category: Ruota porta filtri, Item: SwitchFilter, Filter: L-Pro
2026-09-13T22:50:14.8204|INFO|SequenceItem.cs|Run|254|Finishing Category: Ruota porta filtri, Item: SwitchFilter, Filter: L-Pro
2026-09-13T22:50:14.8207|INFO|SequenceTrigger.cs|Run|114|Starting Trigger: DitherAfterExposures, After Exposures: 1
2026-09-13T22:50:14.8208|INFO|SequenceItem.cs|Run|208|Starting Category: * Set di Istruzioni *, Container: NINA.Sequencer.Container.SequentialContainer, Strategy: SequentialStrategy, Items[CREATED]: 1
2026-09-13T22:50:14.8209|INFO|SequenceItem.cs|Run|208|Starting Category: Guida, Item: Dither
2026-09-13T22:50:17.8993|INFO|HocusFocusStarDetection.cs|Detect|413|Average HFR: 2.732530555918415, HFR MAD: 0.33357437872806406, Detected Stars 604, Region: 0
2026-09-13T22:50:18.5019|INFO|BaseImageData.cs|SaveToDisk|346|Saved image to D:\Images NINA\Target\LIGHT_1x1_600.00s_15_132_M 27_Celestron C8__-9.96C_L-Pro_0287_2026-09-13_22-40-08_FWHM_4.37_Fok_40635.xisf
2026-09-13T22:50:18.5024|INFO|ImageSaveController.cs|DoWork|97|Successfully saved file at D:\Images NINA\Target\LIGHT_1x1_600.00s_15_132_M 27_Celestron C8__-9.96C_L-Pro_0287_2026-09-13_22-40-08_FWHM_4.37_Fok_40635.xisf. Duration Total: 00:00:03.4309778; BeforeSave: 00:00:00.0428190; BeforeFinalizeImageSaved: 00:00:03.3369008; FinalizeSaveTime: 00:00:00.0512574
2026-09-13T22:50:55.5234|ERROR|PHD2Guider.cs|ProcessEvent|937|PHD2 error:timed-out waiting for guider to settle
2026-09-13T22:50:55.7904|INFO|SequenceItem.cs|Run|254|Finishing Category: Guida, Item: Dither
2026-09-13T22:50:55.7906|INFO|SequenceItem.cs|Run|254|Finishing Category: * Set di Istruzioni *, Container: NINA.Sequencer.Container.SequentialContainer, Strategy: SequentialStrategy, Items[FINISHED]: 1
2026-09-13T22:50:55.7912|INFO|MeridianFlipTrigger.cs|ShouldTrigger|296|Meridian Flip - (Side of Pier usage is disabled) There is still time remaining. Max remaining time 10:50:05.7029268, next instruction time 600, next instruction Category: Fotocamera, Item: TakeExposure, ExposureTime 600, Gain 15, Offset 132, ImageType LIGHT, Binning 1x1
2026-09-13T22:50:55.7913|INFO|SequenceTrigger.cs|Run|114|Starting Trigger: RestoreGuiding
2026-09-13T22:50:55.7914|INFO|SequenceItem.cs|Run|208|Starting Category: * Set di Istruzioni *, Container: NINA.Sequencer.Container.SequentialContainer, Strategy: SequentialStrategy, Items[CREATED]: 1
2026-09-13T22:50:55.7914|INFO|SequenceItem.cs|Run|208|Starting Category: Guida, Item: StartGuiding
2026-09-13T22:50:55.8243|INFO|PHD2Guider.cs|StartGuidingPrivate|504|Phd2 - App is already guiding. Skipping start guiding
2026-09-13T22:50:55.8245|INFO|SequenceItem.cs|Run|254|Finishing Category: Guida, Item: StartGuiding
2026-09-13T22:50:55.8246|INFO|SequenceItem.cs|Run|254|Finishing Category: * Set di Istruzioni *, Container: NINA.Sequencer.Container.SequentialContainer, Strategy: SequentialStrategy, Items[FINISHED]: 1
2026-09-13T22:50:55.8419|INFO|SequenceItem.cs|Run|208|Starting Category: Fotocamera, Item: TakeExposure, ExposureTime 600, Gain 15, Offset 132, ImageType LIGHT, Binning 1x1
2026-09-13T22:50:55.8425|INFO|CameraVM.cs|Capture|742|Starting Exposure - Exposure Time: 600s; Filter: ; Gain: 15; Offset 132; Binning: 1x1;
2026-09-13T23:01:02.0806|WARNING|DeviceUpdateTimer.cs|Run|115|Camera value update cycle took longer than the device poll interval (Total: 10.74s > 2s; Poll: 00:00:10.6751336; Update: 00:00:00.0632075)
2026-09-13T23:01:02.0836|INFO|SequenceItem.cs|Run|254|Finishing Category: Fotocamera, Item: TakeExposure, ExposureTime 600, Gain 15, Offset 132, ImageType LIGHT, Binning 1x1
2026-09-13T23:01:02.0845|INFO|MeridianFlipTrigger.cs|ShouldTrigger|296|Meridian Flip - (Side of Pier usage is disabled) There is still time remaining. Max remaining time 10:39:57.2686226, next instruction time 0, next instruction Category: Ruota porta filtri, Item: SwitchFilter, Filter: L-Pro
2026-09-13T23:01:02.0846|INFO|SequenceItem.cs|Run|208|Starting Category: Ruota porta filtri, Item: SwitchFilter, Filter: L-Pro
2026-09-13T23:01:02.2365|INFO|SequenceItem.cs|Run|254|Finishing Category: Ruota porta filtri, Item: SwitchFilter, Filter: L-Pro
2026-09-13T23:01:02.2368|INFO|SequenceTrigger.cs|Run|114|Starting Trigger: DitherAfterExposures, After Exposures: 1
2026-09-13T23:01:02.2369|INFO|SequenceItem.cs|Run|208|Starting Category: * Set di Istruzioni *, Container: NINA.Sequencer.Container.SequentialContainer, Strategy: SequentialStrategy, Items[CREATED]: 1
2026-09-13T23:01:02.2370|INFO|SequenceItem.cs|Run|208|Starting Category: Guida, Item: Dither
2026-09-13T23:01:05.6715|INFO|HocusFocusStarDetection.cs|Detect|413|Average HFR: 2.6538456295059216, HFR MAD: 0.33916582389933403, Detected Stars 612, Region: 0
2026-09-13T23:01:06.3975|INFO|BaseImageData.cs|SaveToDisk|346|Saved image to D:\Images NINA\Target\LIGHT_1x1_600.00s_15_132_M 27_Celestron C8__-9.91C_L-Pro_0288_2026-09-13_22-50-55_FWHM_4.09_Fok_40635.xisf
2026-09-13T23:01:06.3976|INFO|ImageSaveController.cs|DoWork|97|Successfully saved file at D:\Images NINA\Target\LIGHT_1x1_600.00s_15_132_M 27_Celestron C8__-9.91C_L-Pro_0288_2026-09-13_22-50-55_FWHM_4.09_Fok_40635.xisf. Duration Total: 00:00:04.0583153; BeforeSave: 00:00:00.0113017; BeforeFinalizeImageSaved: 00:00:03.9733427; FinalizeSaveTime: 00:00:00.0736704
2026-09-13T23:01:06.4547|WARNING|DeviceUpdateTimer.cs|Run|115|Dome value update cycle took longer than the device poll interval (Total: 3.01s > 2s; Poll: 00:00:00.0996941; Update: 00:00:02.9127368)
2026-09-13T23:01:18.0692|INFO|SequenceItem.cs|Run|254|Finishing Category: Guida, Item: Dither
2026-09-13T23:01:18.0696|INFO|SequenceItem.cs|Run|254|Finishing Category: * Set di Istruzioni *, Container: NINA.Sequencer.Container.SequentialContainer, Strategy: SequentialStrategy, Items[FINISHED]: 1
2026-09-13T23:01:18.0702|INFO|MeridianFlipTrigger.cs|ShouldTrigger|296|Meridian Flip - (Side of Pier usage is disabled) There is still time remaining. Max remaining time 10:39:41.4759852, next instruction time 600, next instruction Category: Fotocamera, Item: TakeExposure, ExposureTime 600, Gain 15, Offset 132, ImageType LIGHT, Binning 1x1
2026-09-13T23:01:18.0703|INFO|SequenceTrigger.cs|Run|114|Starting Trigger: RestoreGuiding
2026-09-13T23:01:18.0703|INFO|SequenceItem.cs|Run|208|Starting Category: * Set di Istruzioni *, Container: NINA.Sequencer.Container.SequentialContainer, Strategy: SequentialStrategy, Items[CREATED]: 1
2026-09-13T23:01:18.0704|INFO|SequenceItem.cs|Run|208|Starting Category: Guida, Item: StartGuiding
2026-09-13T23:01:18.1004|INFO|PHD2Guider.cs|StartGuidingPrivate|504|Phd2 - App is already guiding. Skipping start guiding
2026-09-13T23:01:18.1031|INFO|SequenceItem.cs|Run|254|Finishing Category: Guida, Item: StartGuiding
2026-09-13T23:01:18.1046|INFO|SequenceItem.cs|Run|254|Finishing Category: * Set di Istruzioni *, Container: NINA.Sequencer.Container.SequentialContainer, Strategy: SequentialStrategy, Items[FINISHED]: 1
2026-09-13T23:01:18.1336|INFO|SequenceItem.cs|Run|208|Starting Category: Fotocamera, Item: TakeExposure, ExposureTime 600, Gain 15, Offset 132, ImageType LIGHT, Binning 1x1
2026-09-13T23:01:18.1341|INFO|CameraVM.cs|Capture|742|Starting Exposure - Exposure Time: 600s; Filter: ; Gain: 15; Offset 132; Binning: 1x1;
2026-09-13T23:11:17.1781|WARNING|DeviceUpdateTimer.cs|Run|115|Dome value update cycle took longer than the device poll interval (Total: 3.57s > 2s; Poll: 00:00:00.0290326; Update: 00:00:03.5360023)
2026-09-13T23:11:24.3024|WARNING|DeviceUpdateTimer.cs|Run|115|Camera value update cycle took longer than the device poll interval (Total: 8.92s > 2s; Poll: 00:00:08.9203993; Update: 00:00:00.0001347)
2026-09-13T23:11:24.4122|INFO|SequenceItem.cs|Run|254|Finishing Category: Fotocamera, Item: TakeExposure, ExposureTime 600, Gain 15, Offset 132, ImageType LIGHT, Binning 1x1
2026-09-13T23:11:24.4130|INFO|MeridianFlipTrigger.cs|ShouldTrigger|296|Meridian Flip - (Side of Pier usage is disabled) There is still time remaining. Max remaining time 10:29:33.4051720, next instruction time 0, next instruction Category: Ruota porta filtri, Item: SwitchFilter, Filter: L-Pro
2026-09-13T23:11:24.4131|INFO|SequenceItem.cs|Run|208|Starting Category: Ruota porta filtri, Item: SwitchFilter, Filter: L-Pro
2026-09-13T23:11:24.6520|INFO|SequenceItem.cs|Run|254|Finishing Category: Ruota porta filtri, Item: SwitchFilter, Filter: L-Pro
2026-09-13T23:11:24.6524|INFO|SequenceTrigger.cs|Run|114|Starting Trigger: DitherAfterExposures, After Exposures: 1
2026-09-13T23:11:24.6525|INFO|SequenceItem.cs|Run|208|Starting Category: * Set di Istruzioni *, Container: NINA.Sequencer.Container.SequentialContainer, Strategy: SequentialStrategy, Items[CREATED]: 1
2026-09-13T23:11:24.6528|INFO|SequenceItem.cs|Run|208|Starting Category: Guida, Item: Dither
2026-09-13T23:11:28.2383|INFO|HocusFocusStarDetection.cs|Detect|413|Average HFR: 2.6493994167641723, HFR MAD: 0.34249242533603086, Detected Stars 628, Region: 0
2026-09-13T23:11:28.7445|INFO|BaseImageData.cs|SaveToDisk|346|Saved image to D:\Images NINA\Target\LIGHT_1x1_600.00s_15_132_M 27_Celestron C8__-9.96C_L-Pro_0289_2026-09-13_23-01-18_FWHM_4.11_Fok_40635.xisf
2026-09-13T23:11:28.7446|INFO|ImageSaveController.cs|DoWork|97|Successfully saved file at D:\Images NINA\Target\LIGHT_1x1_600.00s_15_132_M 27_Celestron C8__-9.96C_L-Pro_0289_2026-09-13_23-01-18_FWHM_4.11_Fok_40635.xisf. Duration Total: 00:00:04.0007312; BeforeSave: 00:00:00.0000969; BeforeFinalizeImageSaved: 00:00:03.9681619; FinalizeSaveTime: 00:00:00.0324718
2026-09-13T23:12:07.1434|ERROR|PHD2Guider.cs|ProcessEvent|937|PHD2 error:timed-out waiting for guider to settle
2026-09-13T23:12:07.5904|INFO|SequenceItem.cs|Run|254|Finishing Category: Guida, Item: Dither
2026-09-13T23:12:07.5906|INFO|SequenceItem.cs|Run|254|Finishing Category: * Set di Istruzioni *, Container: NINA.Sequencer.Container.SequentialContainer, Strategy: SequentialStrategy, Items[FINISHED]: 1
2026-09-13T23:12:07.5912|INFO|MeridianFlipTrigger.cs|ShouldTrigger|296|Meridian Flip - (Side of Pier usage is disabled) There is still time remaining. Max remaining time 10:28:48.6653007, next instruction time 600, next instruction Category: Fotocamera, Item: TakeExposure, ExposureTime 600, Gain 15, Offset 132, ImageType LIGHT, Binning 1x1
2026-09-13T23:12:07.5913|INFO|SequenceTrigger.cs|Run|114|Starting Trigger: RestoreGuiding
2026-09-13T23:12:07.5913|INFO|SequenceItem.cs|Run|208|Starting Category: * Set di Istruzioni *, Container: NINA.Sequencer.Container.SequentialContainer, Strategy: SequentialStrategy, Items[CREATED]: 1
2026-09-13T23:12:07.5914|INFO|SequenceItem.cs|Run|208|Starting Category: Guida, Item: StartGuiding
2026-09-13T23:12:07.6241|INFO|PHD2Guider.cs|StartGuidingPrivate|504|Phd2 - App is already guiding. Skipping start guiding
2026-09-13T23:12:07.6243|INFO|SequenceItem.cs|Run|254|Finishing Category: Guida, Item: StartGuiding
2026-09-13T23:12:07.6244|INFO|SequenceItem.cs|Run|254|Finishing Category: * Set di Istruzioni *, Container: NINA.Sequencer.Container.SequentialContainer, Strategy: SequentialStrategy, Items[FINISHED]: 1
2026-09-13T23:12:07.6396|INFO|SequenceItem.cs|Run|208|Starting Category: Fotocamera, Item: TakeExposure, ExposureTime 600, Gain 15, Offset 132, ImageType LIGHT, Binning 1x1
2026-09-13T23:12:07.6404|INFO|CameraVM.cs|Capture|742|Starting Exposure - Exposure Time: 600s; Filter: ; Gain: 15; Offset 132; Binning: 1x1;
2026-09-13T23:22:13.9467|WARNING|DeviceUpdateTimer.cs|Run|115|Camera value update cycle took longer than the device poll interval (Total: 10.61s > 2s; Poll: 00:00:10.5809549; Update: 00:00:00.0257701)
2026-09-13T23:22:13.9474|INFO|SequenceItem.cs|Run|254|Finishing Category: Fotocamera, Item: TakeExposure, ExposureTime 600, Gain 15, Offset 132, ImageType LIGHT, Binning 1x1
2026-09-13T23:22:13.9482|INFO|MeridianFlipTrigger.cs|ShouldTrigger|296|Meridian Flip - (Side of Pier usage is disabled) There is still time remaining. Max remaining time 10:18:41.1529239, next instruction time 0, next instruction Category: Ruota porta filtri, Item: SwitchFilter, Filter: L-Pro
2026-09-13T23:22:13.9483|INFO|SequenceItem.cs|Run|208|Starting Category: Ruota porta filtri, Item: SwitchFilter, Filter: L-Pro
2026-09-13T23:22:14.1200|INFO|SequenceItem.cs|Run|254|Finishing Category: Ruota porta filtri, Item: SwitchFilter, Filter: L-Pro
2026-09-13T23:22:14.1205|INFO|SequenceTrigger.cs|Run|114|Starting Trigger: DitherAfterExposures, After Exposures: 1
2026-09-13T23:22:14.1206|INFO|SequenceItem.cs|Run|208|Starting Category: * Set di Istruzioni *, Container: NINA.Sequencer.Container.SequentialContainer, Strategy: SequentialStrategy, Items[CREATED]: 1
2026-09-13T23:22:14.1207|INFO|SequenceItem.cs|Run|208|Starting Category: Guida, Item: Dither
2026-09-13T23:22:14.2000|INFO|ImageSolver.cs|Solve|41|Platesolving with parameters: FocalLength: 1260 PixelSize: 4.54 SearchRadius: 30 BlindFailoverEnabled: True Regions: 5000 DownSampleFactor: 2 MaxObjects: 500 Reference Coordinates RA: 19:59:31 Dec: 23° 21' 58" Epoch: J2000
2026-09-13T23:22:14.6388|INFO|BaseImageData.cs|SaveToDisk|346|Saved image to C:\Users\PrimaLuceLab\AppData\Local\NINA\PlateSolver\02l0raqk.ah3.fits
2026-09-13T23:22:17.8137|WARNING|DeviceUpdateTimer.cs|Run|115|Mount value update cycle took longer than the device poll interval (Total: 2.38s > 2s; Poll: 00:00:02.3842776; Update: 00:00:00.0001020)
2026-09-13T23:22:18.0755|WARNING|DeviceUpdateTimer.cs|Run|115|Dome value update cycle took longer than the device poll interval (Total: 2.64s > 2s; Poll: 00:00:00.2639045; Update: 00:00:02.3805137)
2026-09-13T23:22:18.3106|INFO|HocusFocusStarDetection.cs|Detect|413|Average HFR: 2.643442530323201, HFR MAD: 0.3117311950477357, Detected Stars 671, Region: 0
2026-09-13T23:22:18.9863|INFO|BaseImageData.cs|SaveToDisk|346|Saved image to D:\Images NINA\Target\LIGHT_1x1_600.00s_15_132_M 27_Celestron C8__-10.00C_L-Pro_0290_2026-09-13_23-12-07_FWHM_4.21_Fok_40635.xisf
2026-09-13T23:22:18.9864|INFO|ImageSaveController.cs|DoWork|97|Successfully saved file at D:\Images NINA\Target\LIGHT_1x1_600.00s_15_132_M 27_Celestron C8__-10.00C_L-Pro_0290_2026-09-13_23-12-07_FWHM_4.21_Fok_40635.xisf. Duration Total: 00:00:04.7865464; BeforeSave: 00:00:00.0001017; BeforeFinalizeImageSaved: 00:00:04.7653255; FinalizeSaveTime: 00:00:00.0211186
2026-09-13T23:22:54.8519|ERROR|PHD2Guider.cs|ProcessEvent|937|PHD2 error:timed-out waiting for guider to settle
2026-09-13T23:22:55.4735|INFO|SequenceItem.cs|Run|254|Finishing Category: Guida, Item: Dither
2026-09-13T23:22:55.4737|INFO|SequenceItem.cs|Run|254|Finishing Category: * Set di Istruzioni *, Container: NINA.Sequencer.Container.SequentialContainer, Strategy: SequentialStrategy, Items[FINISHED]: 1
2026-09-13T23:22:55.4743|INFO|MeridianFlipTrigger.cs|ShouldTrigger|296|Meridian Flip - (Side of Pier usage is disabled) There is still time remaining. Max remaining time 10:17:58.6726258, next instruction time 600, next instruction Category: Fotocamera, Item: TakeExposure, ExposureTime 600, Gain 15, Offset 132, ImageType LIGHT, Binning 1x1
2026-09-13T23:22:55.4743|INFO|SequenceTrigger.cs|Run|114|Starting Trigger: RestoreGuiding
2026-09-13T23:22:55.4744|INFO|SequenceItem.cs|Run|208|Starting Category: * Set di Istruzioni *, Container: NINA.Sequencer.Container.SequentialContainer, Strategy: SequentialStrategy, Items[CREATED]: 1
2026-09-13T23:22:55.4744|INFO|SequenceItem.cs|Run|208|Starting Category: Guida, Item: StartGuiding
2026-09-13T23:22:55.5378|INFO|PHD2Guider.cs|StartGuidingPrivate|504|Phd2 - App is already guiding. Skipping start guiding
2026-09-13T23:22:55.5380|INFO|SequenceItem.cs|Run|254|Finishing Category: Guida, Item: StartGuiding
2026-09-13T23:22:55.5381|INFO|SequenceItem.cs|Run|254|Finishing Category: * Set di Istruzioni *, Container: NINA.Sequencer.Container.SequentialContainer, Strategy: SequentialStrategy, Items[FINISHED]: 1
2026-09-13T23:22:55.5596|INFO|SequenceItem.cs|Run|208|Starting Category: Fotocamera, Item: TakeExposure, ExposureTime 600, Gain 15, Offset 132, ImageType LIGHT, Binning 1x1
2026-09-13T23:22:55.5682|INFO|CameraVM.cs|Capture|742|Starting Exposure - Exposure Time: 600s; Filter: ; Gain: 15; Offset 132; Binning: 1x1;
2026-09-13T23:25:58.0138|ERROR|ASTAPSolver.cs|ReadResult|62|ASTAP - Plate solve failed.
 Star database limit was reached!

2026-09-13T23:25:58.0208|INFO|ImageSolver.cs|Solve|41|Platesolving with parameters: FocalLength: 1260 PixelSize: 4.54 SearchRadius: 30 BlindFailoverEnabled: True Regions: 5000 DownSampleFactor: 2 MaxObjects: 500 
2026-09-13T23:25:59.0439|INFO|BaseImageData.cs|SaveToDisk|346|Saved image to C:\Users\PrimaLuceLab\AppData\Local\NINA\PlateSolver\xmzxkkdz.l51.fits
2026-09-13T23:26:37.0989|INFO|AstrometryPlateSolver.cs|SubmitImageJob|166|Plate Solving: Astrometry.net: Submission 16062702 created for solving.
2026-09-13T23:27:56.7582|INFO|AstrometryPlateSolver.cs|GetJobResult|191|Plate Solving: Astrometry.net: Job 16876541 completed successfully.
2026-09-13T23:27:57.1780|INFO|AstrometryPlateSolver.cs|GetJobResult|201|Plate Solving: Astrometry.net: Job 16876541 successfully retrieved.
2026-09-13T23:27:57.1782|INFO|ImageSolver.cs|Solve|54|Platesolve successful: Coordinates: RA: 19:59:36; Dec: 22° 43' 02"; Epoch: J2000 - Position Angle: 73.21440645220912
2026-09-13T23:27:57.1782|INFO|ImageSolver.cs|Solve|54|Platesolve successful: Coordinates: RA: 19:59:36; Dec: 22° 43' 02"; Epoch: J2000 - Position Angle: 73.21440645220912
2026-09-13T23:27:57.1783|INFO|CenterAfterDriftTrigger.cs|PlatesolvingImageFollower_PropertyChanged|189|Drift: 0.24373177456918657 / 3 arc minutes
2026-09-13T23:33:02.2057|WARNING|DeviceUpdateTimer.cs|Run|115|Camera value update cycle took longer than the device poll interval (Total: 10.59s > 2s; Poll: 00:00:10.5230382; Update: 00:00:00.0691033)
2026-09-13T23:33:02.2077|INFO|SequenceItem.cs|Run|254|Finishing Category: Fotocamera, Item: TakeExposure, ExposureTime 600, Gain 15, Offset 132, ImageType LIGHT, Binning 1x1
2026-09-13T23:33:02.2099|INFO|MeridianFlipTrigger.cs|ShouldTrigger|296|Meridian Flip - (Side of Pier usage is disabled) There is still time remaining. Max remaining time 10:07:50.7617783, next instruction time 0, next instruction Category: Ruota porta filtri, Item: SwitchFilter, Filter: L-Pro
2026-09-13T23:33:02.2101|INFO|SequenceItem.cs|Run|208|Starting Category: Ruota porta filtri, Item: SwitchFilter, Filter: L-Pro
2026-09-13T23:33:02.3727|INFO|SequenceItem.cs|Run|254|Finishing Category: Ruota porta filtri, Item: SwitchFilter, Filter: L-Pro
2026-09-13T23:33:02.3730|INFO|SequenceTrigger.cs|Run|114|Starting Trigger: DitherAfterExposures, After Exposures: 1
2026-09-13T23:33:02.3732|INFO|SequenceItem.cs|Run|208|Starting Category: * Set di Istruzioni *, Container: NINA.Sequencer.Container.SequentialContainer, Strategy: SequentialStrategy, Items[CREATED]: 1
2026-09-13T23:33:02.3758|INFO|SequenceItem.cs|Run|208|Starting Category: Guida, Item: Dither
2026-09-13T23:33:05.8899|INFO|HocusFocusStarDetection.cs|Detect|413|Average HFR: 2.6926795891376663, HFR MAD: 0.32145739426657327, Detected Stars 627, Region: 0
2026-09-13T23:33:06.3666|INFO|BaseImageData.cs|SaveToDisk|346|Saved image to D:\Images NINA\Target\LIGHT_1x1_600.00s_15_132_M 27_Celestron C8__-9.96C_L-Pro_0291_2026-09-13_23-22-55_FWHM_4.29_Fok_40635.xisf
2026-09-13T23:33:06.3667|INFO|ImageSaveController.cs|DoWork|97|Successfully saved file at D:\Images NINA\Target\LIGHT_1x1_600.00s_15_132_M 27_Celestron C8__-9.96C_L-Pro_0291_2026-09-13_23-22-55_FWHM_4.29_Fok_40635.xisf. Duration Total: 00:00:03.7260632; BeforeSave: 00:00:00.0425031; BeforeFinalizeImageSaved: 00:00:03.6641582; FinalizeSaveTime: 00:00:00.0194014
2026-09-13T23:33:06.6781|WARNING|DeviceUpdateTimer.cs|Run|115|Dome value update cycle took longer than the device poll interval (Total: 3.24s > 2s; Poll: 00:00:00.1627777; Update: 00:00:03.0798455)
2026-09-13T23:33:43.2358|ERROR|PHD2Guider.cs|ProcessEvent|937|PHD2 error:timed-out waiting for guider to settle
2026-09-13T23:33:43.2618|INFO|SequenceItem.cs|Run|254|Finishing Category: Guida, Item: Dither
2026-09-13T23:33:43.2620|INFO|SequenceItem.cs|Run|254|Finishing Category: * Set di Istruzioni *, Container: NINA.Sequencer.Container.SequentialContainer, Strategy: SequentialStrategy, Items[FINISHED]: 1
2026-09-13T23:33:43.2641|INFO|MeridianFlipTrigger.cs|ShouldTrigger|296|Meridian Flip - (Side of Pier usage is disabled) There is still time remaining. Max remaining time 10:07:10.8460224, next instruction time 600, next instruction Category: Fotocamera, Item: TakeExposure, ExposureTime 600, Gain 15, Offset 132, ImageType LIGHT, Binning 1x1
2026-09-13T23:33:43.2642|INFO|SequenceTrigger.cs|Run|114|Starting Trigger: RestoreGuiding
2026-09-13T23:33:43.2642|INFO|SequenceItem.cs|Run|208|Starting Category: * Set di Istruzioni *, Container: NINA.Sequencer.Container.SequentialContainer, Strategy: SequentialStrategy, Items[CREATED]: 1
2026-09-13T23:33:43.2643|INFO|SequenceItem.cs|Run|208|Starting Category: Guida, Item: StartGuiding
2026-09-13T23:33:43.2945|INFO|PHD2Guider.cs|StartGuidingPrivate|504|Phd2 - App is already guiding. Skipping start guiding
2026-09-13T23:33:43.2947|INFO|SequenceItem.cs|Run|254|Finishing Category: Guida, Item: StartGuiding
2026-09-13T23:33:43.2948|INFO|SequenceItem.cs|Run|254|Finishing Category: * Set di Istruzioni *, Container: NINA.Sequencer.Container.SequentialContainer, Strategy: SequentialStrategy, Items[FINISHED]: 1
2026-09-13T23:33:43.2952|INFO|SequenceItem.cs|Run|208|Starting Category: Fotocamera, Item: TakeExposure, ExposureTime 600, Gain 15, Offset 132, ImageType LIGHT, Binning 1x1
2026-09-13T23:33:43.2964|INFO|CameraVM.cs|Capture|742|Starting Exposure - Exposure Time: 600s; Filter: ; Gain: 15; Offset 132; Binning: 1x1;
2026-09-13T23:43:49.6055|WARNING|DeviceUpdateTimer.cs|Run|115|Camera value update cycle took longer than the device poll interval (Total: 8.83s > 2s; Poll: 00:00:08.8281318; Update: 00:00:00.0001225)
2026-09-13T23:43:49.6064|INFO|SequenceItem.cs|Run|254|Finishing Category: Fotocamera, Item: TakeExposure, ExposureTime 600, Gain 15, Offset 132, ImageType LIGHT, Binning 1x1
2026-09-13T23:43:49.6072|INFO|MeridianFlipTrigger.cs|ShouldTrigger|296|Meridian Flip - (Side of Pier usage is disabled) There is still time remaining. Max remaining time 09:57:00.6220202, next instruction time 0, next instruction Category: Ruota porta filtri, Item: SwitchFilter, Filter: L-Pro
2026-09-13T23:43:49.6073|INFO|SequenceItem.cs|Run|208|Starting Category: Ruota porta filtri, Item: SwitchFilter, Filter: L-Pro
2026-09-13T23:43:49.8176|INFO|SequenceItem.cs|Run|254|Finishing Category: Ruota porta filtri, Item: SwitchFilter, Filter: L-Pro
2026-09-13T23:43:49.8537|INFO|SequenceTrigger.cs|Run|114|Starting Trigger: DitherAfterExposures, After Exposures: 1
2026-09-13T23:43:49.8543|INFO|SequenceItem.cs|Run|208|Starting Category: * Set di Istruzioni *, Container: NINA.Sequencer.Container.SequentialContainer, Strategy: SequentialStrategy, Items[CREATED]: 1
2026-09-13T23:43:49.8544|INFO|SequenceItem.cs|Run|208|Starting Category: Guida, Item: Dither
2026-09-13T23:43:53.5601|INFO|HocusFocusStarDetection.cs|Detect|413|Average HFR: 2.659047957511454, HFR MAD: 0.32772609325073, Detected Stars 650, Region: 0
2026-09-13T23:43:54.1240|INFO|BaseImageData.cs|SaveToDisk|346|Saved image to D:\Images NINA\Target\LIGHT_1x1_600.00s_15_132_M 27_Celestron C8__-9.96C_L-Pro_0292_2026-09-13_23-33-43_FWHM_4.23_Fok_40635.xisf
2026-09-13T23:43:54.1241|INFO|ImageSaveController.cs|DoWork|97|Successfully saved file at D:\Images NINA\Target\LIGHT_1x1_600.00s_15_132_M 27_Celestron C8__-9.96C_L-Pro_0292_2026-09-13_23-33-43_FWHM_4.23_Fok_40635.xisf. Duration Total: 00:00:04.1645706; BeforeSave: 00:00:00.0002141; BeforeFinalizeImageSaved: 00:00:04.1431275; FinalizeSaveTime: 00:00:00.0212285
2026-09-13T23:44:31.3519|ERROR|PHD2Guider.cs|ProcessEvent|937|PHD2 error:timed-out waiting for guider to settle
2026-09-13T23:44:31.5729|INFO|SequenceItem.cs|Run|254|Finishing Category: Guida, Item: Dither
2026-09-13T23:44:31.5738|INFO|SequenceItem.cs|Run|254|Finishing Category: * Set di Istruzioni *, Container: NINA.Sequencer.Container.SequentialContainer, Strategy: SequentialStrategy, Items[FINISHED]: 1
2026-09-13T23:44:31.5759|INFO|MeridianFlipTrigger.cs|ShouldTrigger|296|Meridian Flip - (Side of Pier usage is disabled) There is still time remaining. Max remaining time 09:56:18.5689208, next instruction time 600, next instruction Category: Fotocamera, Item: TakeExposure, ExposureTime 600, Gain 15, Offset 132, ImageType LIGHT, Binning 1x1
2026-09-13T23:44:31.5772|INFO|SequenceTrigger.cs|Run|114|Starting Trigger: RestoreGuiding
2026-09-13T23:44:31.5798|INFO|SequenceItem.cs|Run|208|Starting Category: * Set di Istruzioni *, Container: NINA.Sequencer.Container.SequentialContainer, Strategy: SequentialStrategy, Items[CREATED]: 1
2026-09-13T23:44:31.5802|INFO|SequenceItem.cs|Run|208|Starting Category: Guida, Item: StartGuiding
2026-09-13T23:44:31.6194|INFO|PHD2Guider.cs|StartGuidingPrivate|504|Phd2 - App is already guiding. Skipping start guiding
2026-09-13T23:44:31.6196|INFO|SequenceItem.cs|Run|254|Finishing Category: Guida, Item: StartGuiding
2026-09-13T23:44:31.6197|INFO|SequenceItem.cs|Run|254|Finishing Category: * Set di Istruzioni *, Container: NINA.Sequencer.Container.SequentialContainer, Strategy: SequentialStrategy, Items[FINISHED]: 1
2026-09-13T23:44:31.6374|INFO|SequenceItem.cs|Run|208|Starting Category: Fotocamera, Item: TakeExposure, ExposureTime 600, Gain 15, Offset 132, ImageType LIGHT, Binning 1x1
2026-09-13T23:44:31.6380|INFO|CameraVM.cs|Capture|742|Starting Exposure - Exposure Time: 600s; Filter: ; Gain: 15; Offset 132; Binning: 1x1;
2026-09-13T23:54:37.8674|WARNING|DeviceUpdateTimer.cs|Run|115|Camera value update cycle took longer than the device poll interval (Total: 10.53s > 2s; Poll: 00:00:10.5264367; Update: 00:00:00.0001701)
2026-09-13T23:54:37.8683|INFO|SequenceItem.cs|Run|254|Finishing Category: Fotocamera, Item: TakeExposure, ExposureTime 600, Gain 15, Offset 132, ImageType LIGHT, Binning 1x1
2026-09-13T23:54:37.8690|INFO|MeridianFlipTrigger.cs|ShouldTrigger|296|Meridian Flip - (Side of Pier usage is disabled) There is still time remaining. Max remaining time 09:46:10.2114317, next instruction time 0, next instruction Category: Ruota porta filtri, Item: SwitchFilter, Filter: L-Pro
2026-09-13T23:54:37.8690|INFO|SequenceItem.cs|Run|208|Starting Category: Ruota porta filtri, Item: SwitchFilter, Filter: L-Pro
2026-09-13T23:54:38.0033|INFO|SequenceItem.cs|Run|254|Finishing Category: Ruota porta filtri, Item: SwitchFilter, Filter: L-Pro
2026-09-13T23:54:38.0036|INFO|SequenceTrigger.cs|Run|114|Starting Trigger: DitherAfterExposures, After Exposures: 1
2026-09-13T23:54:38.0037|INFO|SequenceItem.cs|Run|208|Starting Category: * Set di Istruzioni *, Container: NINA.Sequencer.Container.SequentialContainer, Strategy: SequentialStrategy, Items[CREATED]: 1
2026-09-13T23:54:38.0038|INFO|SequenceItem.cs|Run|208|Starting Category: Guida, Item: Dither
2026-09-13T23:54:41.6520|INFO|HocusFocusStarDetection.cs|Detect|413|Average HFR: 2.632979526695439, HFR MAD: 0.33939523818011264, Detected Stars 637, Region: 0
2026-09-13T23:54:42.1374|INFO|BaseImageData.cs|SaveToDisk|346|Saved image to D:\Images NINA\Target\LIGHT_1x1_600.00s_15_132_M 27_Celestron C8__-9.91C_L-Pro_0293_2026-09-13_23-44-31_FWHM_4.16_Fok_40635.xisf
2026-09-13T23:54:42.1375|INFO|ImageSaveController.cs|DoWork|97|Successfully saved file at D:\Images NINA\Target\LIGHT_1x1_600.00s_15_132_M 27_Celestron C8__-9.91C_L-Pro_0293_2026-09-13_23-44-31_FWHM_4.16_Fok_40635.xisf. Duration Total: 00:00:04.0155584; BeforeSave: 00:00:00.1022583; BeforeFinalizeImageSaved: 00:00:03.8901990; FinalizeSaveTime: 00:00:00.0231002
2026-09-13T23:55:20.2334|ERROR|PHD2Guider.cs|ProcessEvent|937|PHD2 error:timed-out waiting for guider to settle
2026-09-13T23:55:20.6974|INFO|SequenceItem.cs|Run|254|Finishing Category: Guida, Item: Dither
2026-09-13T23:55:20.6975|INFO|SequenceItem.cs|Run|254|Finishing Category: * Set di Istruzioni *, Container: NINA.Sequencer.Container.SequentialContainer, Strategy: SequentialStrategy, Items[FINISHED]: 1
2026-09-13T23:55:20.6981|INFO|MeridianFlipTrigger.cs|ShouldTrigger|296|Meridian Flip - (Side of Pier usage is disabled) There is still time remaining. Max remaining time 09:45:28.0839771, next instruction time 600, next instruction Category: Fotocamera, Item: TakeExposure, ExposureTime 600, Gain 15, Offset 132, ImageType LIGHT, Binning 1x1
2026-09-13T23:55:20.6982|INFO|SequenceTrigger.cs|Run|114|Starting Trigger: RestoreGuiding
2026-09-13T23:55:20.6982|INFO|SequenceItem.cs|Run|208|Starting Category: * Set di Istruzioni *, Container: NINA.Sequencer.Container.SequentialContainer, Strategy: SequentialStrategy, Items[CREATED]: 1
2026-09-13T23:55:20.6983|INFO|SequenceItem.cs|Run|208|Starting Category: Guida, Item: StartGuiding
2026-09-13T23:55:20.7345|INFO|PHD2Guider.cs|StartGuidingPrivate|504|Phd2 - App is already guiding. Skipping start guiding
2026-09-13T23:55:20.7347|INFO|SequenceItem.cs|Run|254|Finishing Category: Guida, Item: StartGuiding
2026-09-13T23:55:20.7348|INFO|SequenceItem.cs|Run|254|Finishing Category: * Set di Istruzioni *, Container: NINA.Sequencer.Container.SequentialContainer, Strategy: SequentialStrategy, Items[FINISHED]: 1
2026-09-13T23:55:20.8072|INFO|SequenceItem.cs|Run|208|Starting Category: Fotocamera, Item: TakeExposure, ExposureTime 600, Gain 15, Offset 132, ImageType LIGHT, Binning 1x1
2026-09-13T23:55:20.8077|INFO|CameraVM.cs|Capture|742|Starting Exposure - Exposure Time: 600s; Filter: ; Gain: 15; Offset 132; Binning: 1x1;
2026-09-14T00:05:22.7088|WARNING|DeviceUpdateTimer.cs|Run|115|Dome value update cycle took longer than the device poll interval (Total: 4.33s > 2s; Poll: 00:00:00.0028561; Update: 00:00:04.3229943)
2026-09-14T00:05:27.0173|WARNING|DeviceUpdateTimer.cs|Run|115|Camera value update cycle took longer than the device poll interval (Total: 11.66s > 2s; Poll: 00:00:11.6363490; Update: 00:00:00.0285035)
2026-09-14T00:05:27.0551|INFO|SequenceItem.cs|Run|254|Finishing Category: Fotocamera, Item: TakeExposure, ExposureTime 600, Gain 15, Offset 132, ImageType LIGHT, Binning 1x1
2026-09-14T00:05:27.0559|INFO|MeridianFlipTrigger.cs|ShouldTrigger|296|Meridian Flip - (Side of Pier usage is disabled) There is still time remaining. Max remaining time 09:35:20.0686010, next instruction time 0, next instruction Category: Ruota porta filtri, Item: SwitchFilter, Filter: L-Pro
2026-09-14T00:05:27.0561|INFO|SequenceItem.cs|Run|208|Starting Category: Ruota porta filtri, Item: SwitchFilter, Filter: L-Pro
2026-09-14T00:05:27.2925|INFO|SequenceItem.cs|Run|254|Finishing Category: Ruota porta filtri, Item: SwitchFilter, Filter: L-Pro
2026-09-14T00:05:27.2928|INFO|SequenceTrigger.cs|Run|114|Starting Trigger: DitherAfterExposures, After Exposures: 1
2026-09-14T00:05:27.2929|INFO|SequenceItem.cs|Run|208|Starting Category: * Set di Istruzioni *, Container: NINA.Sequencer.Container.SequentialContainer, Strategy: SequentialStrategy, Items[CREATED]: 1
2026-09-14T00:05:27.2930|INFO|SequenceItem.cs|Run|208|Starting Category: Guida, Item: Dither
2026-09-14T00:05:30.8233|INFO|HocusFocusStarDetection.cs|Detect|413|Average HFR: 2.655611224570206, HFR MAD: 0.32677396149231175, Detected Stars 635, Region: 0
2026-09-14T00:05:31.3571|INFO|BaseImageData.cs|SaveToDisk|346|Saved image to D:\Images NINA\Target\LIGHT_1x1_600.00s_15_132_M 27_Celestron C8__-9.96C_L-Pro_0294_2026-09-13_23-55-20_FWHM_4.26_Fok_40635.xisf
2026-09-14T00:05:31.3572|INFO|ImageSaveController.cs|DoWork|97|Successfully saved file at D:\Images NINA\Target\LIGHT_1x1_600.00s_15_132_M 27_Celestron C8__-9.96C_L-Pro_0294_2026-09-13_23-55-20_FWHM_4.26_Fok_40635.xisf. Duration Total: 00:00:03.9854462; BeforeSave: 00:00:00.0000933; BeforeFinalizeImageSaved: 00:00:03.9480024; FinalizeSaveTime: 00:00:00.0373501
2026-09-14T00:06:08.7348|ERROR|PHD2Guider.cs|ProcessEvent|937|PHD2 error:timed-out waiting for guider to settle
2026-09-14T00:06:09.1606|INFO|SequenceItem.cs|Run|254|Finishing Category: Guida, Item: Dither
2026-09-14T00:06:09.1609|INFO|SequenceItem.cs|Run|254|Finishing Category: * Set di Istruzioni *, Container: NINA.Sequencer.Container.SequentialContainer, Strategy: SequentialStrategy, Items[FINISHED]: 1
2026-09-14T00:06:09.1614|INFO|MeridianFlipTrigger.cs|ShouldTrigger|296|Meridian Flip - (Side of Pier usage is disabled) There is still time remaining. Max remaining time 09:34:38.1292756, next instruction time 600, next instruction Category: Fotocamera, Item: TakeExposure, ExposureTime 600, Gain 15, Offset 132, ImageType LIGHT, Binning 1x1
2026-09-14T00:06:09.1615|INFO|SequenceTrigger.cs|Run|114|Starting Trigger: RestoreGuiding
2026-09-14T00:06:09.1616|INFO|SequenceItem.cs|Run|208|Starting Category: * Set di Istruzioni *, Container: NINA.Sequencer.Container.SequentialContainer, Strategy: SequentialStrategy, Items[CREATED]: 1
2026-09-14T00:06:09.1616|INFO|SequenceItem.cs|Run|208|Starting Category: Guida, Item: StartGuiding
2026-09-14T00:06:09.1876|INFO|PHD2Guider.cs|StartGuidingPrivate|504|Phd2 - App is already guiding. Skipping start guiding
2026-09-14T00:06:09.1900|INFO|SequenceItem.cs|Run|254|Finishing Category: Guida, Item: StartGuiding
2026-09-14T00:06:09.1919|INFO|SequenceItem.cs|Run|254|Finishing Category: * Set di Istruzioni *, Container: NINA.Sequencer.Container.SequentialContainer, Strategy: SequentialStrategy, Items[FINISHED]: 1
2026-09-14T00:06:09.2222|INFO|SequenceItem.cs|Run|208|Starting Category: Fotocamera, Item: TakeExposure, ExposureTime 600, Gain 15, Offset 132, ImageType LIGHT, Binning 1x1
2026-09-14T00:06:09.2228|INFO|CameraVM.cs|Capture|742|Starting Exposure - Exposure Time: 600s; Filter: ; Gain: 15; Offset 132; Binning: 1x1;
2026-09-14T00:16:08.9968|WARNING|DeviceUpdateTimer.cs|Run|115|Dome value update cycle took longer than the device poll interval (Total: 5.37s > 2s; Poll: 00:00:00.0106668; Update: 00:00:05.3608984)
2026-09-14T00:16:15.5225|WARNING|DeviceUpdateTimer.cs|Run|115|Camera value update cycle took longer than the device poll interval (Total: 9.60s > 2s; Poll: 00:00:09.5392408; Update: 00:00:00.0588357)
2026-09-14T00:16:15.5238|INFO|SequenceItem.cs|Run|254|Finishing Category: Fotocamera, Item: TakeExposure, ExposureTime 600, Gain 15, Offset 132, ImageType LIGHT, Binning 1x1
2026-09-14T00:16:15.5247|INFO|MeridianFlipTrigger.cs|ShouldTrigger|296|Meridian Flip - (Side of Pier usage is disabled) There is still time remaining. Max remaining time 09:24:27.9545221, next instruction time 0, next instruction Category: Ruota porta filtri, Item: SwitchFilter, Filter: L-Pro
2026-09-14T00:16:15.5248|INFO|SequenceItem.cs|Run|208|Starting Category: Ruota porta filtri, Item: SwitchFilter, Filter: L-Pro
2026-09-14T00:16:15.8189|INFO|ImageSolver.cs|Solve|41|Platesolving with parameters: FocalLength: 1260 PixelSize: 4.54 SearchRadius: 30 BlindFailoverEnabled: True Regions: 5000 DownSampleFactor: 2 MaxObjects: 500 Reference Coordinates RA: 19:59:29 Dec: 23° 50' 07" Epoch: J2000
2026-09-14T00:16:15.8469|INFO|SequenceItem.cs|Run|254|Finishing Category: Ruota porta filtri, Item: SwitchFilter, Filter: L-Pro
2026-09-14T00:16:15.8472|INFO|SequenceTrigger.cs|Run|114|Starting Trigger: DitherAfterExposures, After Exposures: 1
2026-09-14T00:16:15.8473|INFO|SequenceItem.cs|Run|208|Starting Category: * Set di Istruzioni *, Container: NINA.Sequencer.Container.SequentialContainer, Strategy: SequentialStrategy, Items[CREATED]: 1
2026-09-14T00:16:15.8474|INFO|SequenceItem.cs|Run|208|Starting Category: Guida, Item: Dither
2026-09-14T00:16:16.2963|INFO|BaseImageData.cs|SaveToDisk|346|Saved image to C:\Users\PrimaLuceLab\AppData\Local\NINA\PlateSolver\n3n4wgso.0u1.fits
2026-09-14T00:16:20.1965|INFO|HocusFocusStarDetection.cs|Detect|413|Average HFR: 2.846814536283828, HFR MAD: 0.34159434472494254, Detected Stars 563, Region: 0
2026-09-14T00:16:21.1447|INFO|BaseImageData.cs|SaveToDisk|346|Saved image to D:\Images NINA\Target\LIGHT_1x1_600.00s_15_132_M 27_Celestron C8__-9.91C_L-Pro_0295_2026-09-14_00-06-09_FWHM_4.44_Fok_40635.xisf
2026-09-14T00:16:21.1448|INFO|ImageSaveController.cs|DoWork|97|Successfully saved file at D:\Images NINA\Target\LIGHT_1x1_600.00s_15_132_M 27_Celestron C8__-9.91C_L-Pro_0295_2026-09-14_00-06-09_FWHM_4.44_Fok_40635.xisf. Duration Total: 00:00:05.3261162; BeforeSave: 00:00:00.0001020; BeforeFinalizeImageSaved: 00:00:05.2930891; FinalizeSaveTime: 00:00:00.0329248
2026-09-14T00:16:58.9996|ERROR|PHD2Guider.cs|ProcessEvent|937|PHD2 error:timed-out waiting for guider to settle
2026-09-14T00:16:59.3972|INFO|SequenceItem.cs|Run|254|Finishing Category: Guida, Item: Dither
2026-09-14T00:16:59.3978|INFO|SequenceItem.cs|Run|254|Finishing Category: * Set di Istruzioni *, Container: NINA.Sequencer.Container.SequentialContainer, Strategy: SequentialStrategy, Items[FINISHED]: 1
2026-09-14T00:16:59.3984|INFO|MeridianFlipTrigger.cs|ShouldTrigger|296|Meridian Flip - (Side of Pier usage is disabled) There is still time remaining. Max remaining time 09:23:45.4032046, next instruction time 600, next instruction Category: Fotocamera, Item: TakeExposure, ExposureTime 600, Gain 15, Offset 132, ImageType LIGHT, Binning 1x1
2026-09-14T00:16:59.3985|INFO|SequenceTrigger.cs|Run|114|Starting Trigger: RestoreGuiding
2026-09-14T00:16:59.3986|INFO|SequenceItem.cs|Run|208|Starting Category: * Set di Istruzioni *, Container: NINA.Sequencer.Container.SequentialContainer, Strategy: SequentialStrategy, Items[CREATED]: 1
2026-09-14T00:16:59.3986|INFO|SequenceItem.cs|Run|208|Starting Category: Guida, Item: StartGuiding
2026-09-14T00:16:59.4224|INFO|PHD2Guider.cs|StartGuidingPrivate|504|Phd2 - App is already guiding. Skipping start guiding
2026-09-14T00:16:59.4273|INFO|SequenceItem.cs|Run|254|Finishing Category: Guida, Item: StartGuiding
2026-09-14T00:16:59.4278|INFO|SequenceItem.cs|Run|254|Finishing Category: * Set di Istruzioni *, Container: NINA.Sequencer.Container.SequentialContainer, Strategy: SequentialStrategy, Items[FINISHED]: 1
2026-09-14T00:16:59.4714|INFO|SequenceItem.cs|Run|208|Starting Category: Fotocamera, Item: TakeExposure, ExposureTime 600, Gain 15, Offset 132, ImageType LIGHT, Binning 1x1
2026-09-14T00:16:59.4718|INFO|CameraVM.cs|Capture|742|Starting Exposure - Exposure Time: 600s; Filter: ; Gain: 15; Offset 132; Binning: 1x1;
2026-09-14T00:19:56.7102|ERROR|ASTAPSolver.cs|ReadResult|62|ASTAP - Plate solve failed.
 Star database limit was reached!

2026-09-14T00:19:56.7156|INFO|ImageSolver.cs|Solve|41|Platesolving with parameters: FocalLength: 1260 PixelSize: 4.54 SearchRadius: 30 BlindFailoverEnabled: True Regions: 5000 DownSampleFactor: 2 MaxObjects: 500 
2026-09-14T00:19:57.4758|INFO|BaseImageData.cs|SaveToDisk|346|Saved image to C:\Users\PrimaLuceLab\AppData\Local\NINA\PlateSolver\t4nchhl5.4kg.fits
2026-09-14T00:20:21.6379|INFO|AstrometryPlateSolver.cs|SubmitImageJob|166|Plate Solving: Astrometry.net: Submission 16062965 created for solving.
2026-09-14T00:20:59.1936|INFO|AstrometryPlateSolver.cs|GetJobResult|191|Plate Solving: Astrometry.net: Job 16876819 completed successfully.
2026-09-14T00:20:59.6700|INFO|AstrometryPlateSolver.cs|GetJobResult|201|Plate Solving: Astrometry.net: Job 16876819 successfully retrieved.
2026-09-14T00:20:59.6702|INFO|ImageSolver.cs|Solve|54|Platesolve successful: Coordinates: RA: 19:59:36; Dec: 22° 43' 08"; Epoch: J2000 - Position Angle: 73.2255360768113
2026-09-14T00:20:59.6702|INFO|ImageSolver.cs|Solve|54|Platesolve successful: Coordinates: RA: 19:59:36; Dec: 22° 43' 08"; Epoch: J2000 - Position Angle: 73.2255360768113
2026-09-14T00:20:59.6703|INFO|CenterAfterDriftTrigger.cs|PlatesolvingImageFollower_PropertyChanged|189|Drift: 0.21279680033850995 / 3 arc minutes
2026-09-14T00:26:58.6415|WARNING|DeviceUpdateTimer.cs|Run|115|Dome value update cycle took longer than the device poll interval (Total: 2.02s > 2s; Poll: 00:00:00.0034629; Update: 00:00:02.0149116)
2026-09-14T00:27:05.7400|WARNING|DeviceUpdateTimer.cs|Run|115|Camera value update cycle took longer than the device poll interval (Total: 10.20s > 2s; Poll: 00:00:10.2010710; Update: 00:00:00.0002516)
2026-09-14T00:27:05.7948|INFO|SequenceItem.cs|Run|254|Finishing Category: Fotocamera, Item: TakeExposure, ExposureTime 600, Gain 15, Offset 132, ImageType LIGHT, Binning 1x1
2026-09-14T00:27:05.7957|INFO|MeridianFlipTrigger.cs|ShouldTrigger|296|Meridian Flip - (Side of Pier usage is disabled) There is still time remaining. Max remaining time 09:13:35.1950015, next instruction time 0, next instruction Category: Ruota porta filtri, Item: SwitchFilter, Filter: L-Pro
2026-09-14T00:27:05.7957|INFO|SequenceItem.cs|Run|208|Starting Category: Ruota porta filtri, Item: SwitchFilter, Filter: L-Pro
2026-09-14T00:27:06.0018|INFO|SequenceItem.cs|Run|254|Finishing Category: Ruota porta filtri, Item: SwitchFilter, Filter: L-Pro
2026-09-14T00:27:06.0022|INFO|SequenceTrigger.cs|Run|114|Starting Trigger: DitherAfterExposures, After Exposures: 1
2026-09-14T00:27:06.0353|INFO|SequenceItem.cs|Run|208|Starting Category: * Set di Istruzioni *, Container: NINA.Sequencer.Container.SequentialContainer, Strategy: SequentialStrategy, Items[CREATED]: 1
2026-09-14T00:27:06.0355|INFO|SequenceItem.cs|Run|208|Starting Category: Guida, Item: Dither
2026-09-14T00:27:09.0848|INFO|HocusFocusStarDetection.cs|Detect|413|Average HFR: 2.946070772042161, HFR MAD: 0.35113799517640576, Detected Stars 515, Region: 0
2026-09-14T00:27:09.7146|INFO|BaseImageData.cs|SaveToDisk|346|Saved image to D:\Images NINA\Target\LIGHT_1x1_600.00s_15_132_M 27_Celestron C8__-9.96C_L-Pro_0296_2026-09-14_00-16-59_FWHM_4.68_Fok_40635.xisf
2026-09-14T00:27:09.7147|INFO|ImageSaveController.cs|DoWork|97|Successfully saved file at D:\Images NINA\Target\LIGHT_1x1_600.00s_15_132_M 27_Celestron C8__-9.96C_L-Pro_0296_2026-09-14_00-16-59_FWHM_4.68_Fok_40635.xisf. Duration Total: 00:00:03.5577110; BeforeSave: 00:00:00.0753907; BeforeFinalizeImageSaved: 00:00:03.4616976; FinalizeSaveTime: 00:00:00.0206218
2026-09-14T00:27:47.9104|ERROR|PHD2Guider.cs|ProcessEvent|937|PHD2 error:timed-out waiting for guider to settle
2026-09-14T00:27:48.3111|INFO|SequenceItem.cs|Run|254|Finishing Category: Guida, Item: Dither
2026-09-14T00:27:48.3114|INFO|SequenceItem.cs|Run|254|Finishing Category: * Set di Istruzioni *, Container: NINA.Sequencer.Container.SequentialContainer, Strategy: SequentialStrategy, Items[FINISHED]: 1
2026-09-14T00:27:48.3121|INFO|MeridianFlipTrigger.cs|ShouldTrigger|296|Meridian Flip - (Side of Pier usage is disabled) There is still time remaining. Max remaining time 09:12:53.3126357, next instruction time 600, next instruction Category: Fotocamera, Item: TakeExposure, ExposureTime 600, Gain 15, Offset 132, ImageType LIGHT, Binning 1x1
2026-09-14T00:27:48.3121|INFO|SequenceTrigger.cs|Run|114|Starting Trigger: RestoreGuiding
2026-09-14T00:27:48.3122|INFO|SequenceItem.cs|Run|208|Starting Category: * Set di Istruzioni *, Container: NINA.Sequencer.Container.SequentialContainer, Strategy: SequentialStrategy, Items[CREATED]: 1
2026-09-14T00:27:48.3123|INFO|SequenceItem.cs|Run|208|Starting Category: Guida, Item: StartGuiding
2026-09-14T00:27:48.3377|INFO|PHD2Guider.cs|StartGuidingPrivate|504|Phd2 - App is already guiding. Skipping start guiding
2026-09-14T00:27:48.3409|INFO|SequenceItem.cs|Run|254|Finishing Category: Guida, Item: StartGuiding
2026-09-14T00:27:48.3420|INFO|SequenceItem.cs|Run|254|Finishing Category: * Set di Istruzioni *, Container: NINA.Sequencer.Container.SequentialContainer, Strategy: SequentialStrategy, Items[FINISHED]: 1
2026-09-14T00:27:48.3753|INFO|SequenceItem.cs|Run|208|Starting Category: Fotocamera, Item: TakeExposure, ExposureTime 600, Gain 15, Offset 132, ImageType LIGHT, Binning 1x1
2026-09-14T00:27:48.3757|INFO|CameraVM.cs|Capture|742|Starting Exposure - Exposure Time: 600s; Filter: ; Gain: 15; Offset 132; Binning: 1x1;
2026-09-14T00:37:50.0425|WARNING|DeviceUpdateTimer.cs|Run|115|Dome value update cycle took longer than the device poll interval (Total: 3.64s > 2s; Poll: 00:00:00.0045093; Update: 00:00:03.6364060)
2026-09-14T00:37:54.5836|WARNING|DeviceUpdateTimer.cs|Run|115|Camera value update cycle took longer than the device poll interval (Total: 10.35s > 2s; Poll: 00:00:10.3536496; Update: 00:00:00.0002118)
2026-09-14T00:37:54.6361|INFO|SequenceItem.cs|Run|254|Finishing Category: Fotocamera, Item: TakeExposure, ExposureTime 600, Gain 15, Offset 132, ImageType LIGHT, Binning 1x1
2026-09-14T00:37:54.6369|INFO|MeridianFlipTrigger.cs|ShouldTrigger|296|Meridian Flip - (Side of Pier usage is disabled) There is still time remaining. Max remaining time 09:02:45.2203277, next instruction time 0, next instruction Category: Ruota porta filtri, Item: SwitchFilter, Filter: L-Pro
2026-09-14T00:37:54.6369|INFO|SequenceItem.cs|Run|208|Starting Category: Ruota porta filtri, Item: SwitchFilter, Filter: L-Pro
2026-09-14T00:37:54.7990|INFO|SequenceItem.cs|Run|254|Finishing Category: Ruota porta filtri, Item: SwitchFilter, Filter: L-Pro
2026-09-14T00:37:54.7994|INFO|SequenceTrigger.cs|Run|114|Starting Trigger: DitherAfterExposures, After Exposures: 1
2026-09-14T00:37:54.7994|INFO|SequenceItem.cs|Run|208|Starting Category: * Set di Istruzioni *, Container: NINA.Sequencer.Container.SequentialContainer, Strategy: SequentialStrategy, Items[CREATED]: 1
2026-09-14T00:37:54.7995|INFO|SequenceItem.cs|Run|208|Starting Category: Guida, Item: Dither
2026-09-14T00:37:57.9800|INFO|HocusFocusStarDetection.cs|Detect|413|Average HFR: 2.803856059266945, HFR MAD: 0.3163470176618226, Detected Stars 563, Region: 0
2026-09-14T00:37:58.6454|INFO|BaseImageData.cs|SaveToDisk|346|Saved image to D:\Images NINA\Target\LIGHT_1x1_600.00s_15_132_M 27_Celestron C8__-9.96C_L-Pro_0297_2026-09-14_00-27-48_FWHM_4.51_Fok_40635.xisf
2026-09-14T00:37:58.6455|INFO|ImageSaveController.cs|DoWork|97|Successfully saved file at D:\Images NINA\Target\LIGHT_1x1_600.00s_15_132_M 27_Celestron C8__-9.96C_L-Pro_0297_2026-09-14_00-27-48_FWHM_4.51_Fok_40635.xisf. Duration Total: 00:00:03.6639991; BeforeSave: 00:00:00.0001252; BeforeFinalizeImageSaved: 00:00:03.6244681; FinalizeSaveTime: 00:00:00.0394053
2026-09-14T00:38:36.5963|ERROR|PHD2Guider.cs|ProcessEvent|937|PHD2 error:timed-out waiting for guider to settle
2026-09-14T00:38:36.6059|INFO|SequenceItem.cs|Run|254|Finishing Category: Guida, Item: Dither
2026-09-14T00:38:36.6061|INFO|SequenceItem.cs|Run|254|Finishing Category: * Set di Istruzioni *, Container: NINA.Sequencer.Container.SequentialContainer, Strategy: SequentialStrategy, Items[FINISHED]: 1
2026-09-14T00:38:36.6292|INFO|MeridianFlipTrigger.cs|ShouldTrigger|296|Meridian Flip - (Side of Pier usage is disabled) There is still time remaining. Max remaining time 09:02:02.7120575, next instruction time 600, next instruction Category: Fotocamera, Item: TakeExposure, ExposureTime 600, Gain 15, Offset 132, ImageType LIGHT, Binning 1x1
2026-09-14T00:38:36.6293|INFO|SequenceTrigger.cs|Run|114|Starting Trigger: RestoreGuiding
2026-09-14T00:38:36.6294|INFO|SequenceItem.cs|Run|208|Starting Category: * Set di Istruzioni *, Container: NINA.Sequencer.Container.SequentialContainer, Strategy: SequentialStrategy, Items[CREATED]: 1
2026-09-14T00:38:36.6295|INFO|SequenceItem.cs|Run|208|Starting Category: Guida, Item: StartGuiding
2026-09-14T00:38:36.6904|INFO|PHD2Guider.cs|StartGuidingPrivate|504|Phd2 - App is already guiding. Skipping start guiding
2026-09-14T00:38:36.6932|INFO|SequenceItem.cs|Run|254|Finishing Category: Guida, Item: StartGuiding
2026-09-14T00:38:36.6934|INFO|SequenceItem.cs|Run|254|Finishing Category: * Set di Istruzioni *, Container: NINA.Sequencer.Container.SequentialContainer, Strategy: SequentialStrategy, Items[FINISHED]: 1
2026-09-14T00:38:36.6937|INFO|SequenceItem.cs|Run|208|Starting Category: Fotocamera, Item: TakeExposure, ExposureTime 600, Gain 15, Offset 132, ImageType LIGHT, Binning 1x1
2026-09-14T00:38:36.6943|INFO|CameraVM.cs|Capture|742|Starting Exposure - Exposure Time: 600s; Filter: ; Gain: 15; Offset 132; Binning: 1x1;
2026-09-14T00:48:42.8953|WARNING|DeviceUpdateTimer.cs|Run|115|Camera value update cycle took longer than the device poll interval (Total: 11.05s > 2s; Poll: 00:00:11.0527885; Update: 00:00:00.0001729)
2026-09-14T00:48:42.8962|INFO|SequenceItem.cs|Run|254|Finishing Category: Fotocamera, Item: TakeExposure, ExposureTime 600, Gain 15, Offset 132, ImageType LIGHT, Binning 1x1
2026-09-14T00:48:42.8970|INFO|MeridianFlipTrigger.cs|ShouldTrigger|296|Meridian Flip - (Side of Pier usage is disabled) There is still time remaining. Max remaining time 08:51:55.2595679, next instruction time 0, next instruction Category: Ruota porta filtri, Item: SwitchFilter, Filter: L-Pro
2026-09-14T00:48:42.8970|INFO|SequenceItem.cs|Run|208|Starting Category: Ruota porta filtri, Item: SwitchFilter, Filter: L-Pro
2026-09-14T00:48:43.0491|INFO|SequenceItem.cs|Run|254|Finishing Category: Ruota porta filtri, Item: SwitchFilter, Filter: L-Pro
2026-09-14T00:48:43.0494|INFO|SequenceTrigger.cs|Run|114|Starting Trigger: DitherAfterExposures, After Exposures: 1
2026-09-14T00:48:43.0496|INFO|SequenceItem.cs|Run|208|Starting Category: * Set di Istruzioni *, Container: NINA.Sequencer.Container.SequentialContainer, Strategy: SequentialStrategy, Items[CREATED]: 1
2026-09-14T00:48:43.0496|INFO|SequenceItem.cs|Run|208|Starting Category: Guida, Item: Dither
2026-09-14T00:48:46.7116|INFO|HocusFocusStarDetection.cs|Detect|413|Average HFR: 2.6246163288711006, HFR MAD: 0.3252142654969248, Detected Stars 598, Region: 0
2026-09-14T00:48:47.2911|INFO|BaseImageData.cs|SaveToDisk|346|Saved image to D:\Images NINA\Target\LIGHT_1x1_600.00s_15_132_M 27_Celestron C8__-10.00C_L-Pro_0298_2026-09-14_00-38-36_FWHM_4.12_Fok_40635.xisf
2026-09-14T00:48:47.2912|INFO|ImageSaveController.cs|DoWork|97|Successfully saved file at D:\Images NINA\Target\LIGHT_1x1_600.00s_15_132_M 27_Celestron C8__-10.00C_L-Pro_0298_2026-09-14_00-38-36_FWHM_4.12_Fok_40635.xisf. Duration Total: 00:00:04.1021726; BeforeSave: 00:00:00.0000965; BeforeFinalizeImageSaved: 00:00:04.0432168; FinalizeSaveTime: 00:00:00.0588588
2026-09-14T00:49:25.0792|ERROR|PHD2Guider.cs|ProcessEvent|937|PHD2 error:timed-out waiting for guider to settle
2026-09-14T00:49:25.1593|INFO|SequenceItem.cs|Run|254|Finishing Category: Guida, Item: Dither
2026-09-14T00:49:25.1595|INFO|SequenceItem.cs|Run|254|Finishing Category: * Set di Istruzioni *, Container: NINA.Sequencer.Container.SequentialContainer, Strategy: SequentialStrategy, Items[FINISHED]: 1
2026-09-14T00:49:25.1606|INFO|MeridianFlipTrigger.cs|ShouldTrigger|296|Meridian Flip - (Side of Pier usage is disabled) There is still time remaining. Max remaining time 08:51:12.7043222, next instruction time 600, next instruction Category: Fotocamera, Item: TakeExposure, ExposureTime 600, Gain 15, Offset 132, ImageType LIGHT, Binning 1x1
2026-09-14T00:49:25.1606|INFO|SequenceTrigger.cs|Run|114|Starting Trigger: RestoreGuiding
2026-09-14T00:49:25.1607|INFO|SequenceItem.cs|Run|208|Starting Category: * Set di Istruzioni *, Container: NINA.Sequencer.Container.SequentialContainer, Strategy: SequentialStrategy, Items[CREATED]: 1
2026-09-14T00:49:25.1608|INFO|SequenceItem.cs|Run|208|Starting Category: Guida, Item: StartGuiding
2026-09-14T00:49:25.1986|INFO|PHD2Guider.cs|StartGuidingPrivate|504|Phd2 - App is already guiding. Skipping start guiding
2026-09-14T00:49:25.1987|INFO|SequenceItem.cs|Run|254|Finishing Category: Guida, Item: StartGuiding
2026-09-14T00:49:25.1988|INFO|SequenceItem.cs|Run|254|Finishing Category: * Set di Istruzioni *, Container: NINA.Sequencer.Container.SequentialContainer, Strategy: SequentialStrategy, Items[FINISHED]: 1
2026-09-14T00:49:25.2203|INFO|SequenceItem.cs|Run|208|Starting Category: Fotocamera, Item: TakeExposure, ExposureTime 600, Gain 15, Offset 132, ImageType LIGHT, Binning 1x1
2026-09-14T00:49:25.2229|INFO|CameraVM.cs|Capture|742|Starting Exposure - Exposure Time: 600s; Filter: ; Gain: 15; Offset 132; Binning: 1x1;
2026-09-14T00:59:31.4711|WARNING|DeviceUpdateTimer.cs|Run|115|Camera value update cycle took longer than the device poll interval (Total: 10.13s > 2s; Poll: 00:00:10.0715318; Update: 00:00:00.0543004)
2026-09-14T00:59:31.5010|INFO|SequenceItem.cs|Run|254|Finishing Category: Fotocamera, Item: TakeExposure, ExposureTime 600, Gain 15, Offset 132, ImageType LIGHT, Binning 1x1
2026-09-14T00:59:31.5018|INFO|MeridianFlipTrigger.cs|ShouldTrigger|296|Meridian Flip - (Side of Pier usage is disabled) There is still time remaining. Max remaining time 08:41:05.2222233, next instruction time 0, next instruction Category: Ruota porta filtri, Item: SwitchFilter, Filter: L-Pro
2026-09-14T00:59:31.5019|INFO|SequenceItem.cs|Run|208|Starting Category: Ruota porta filtri, Item: SwitchFilter, Filter: L-Pro
2026-09-14T00:59:31.6339|INFO|SequenceItem.cs|Run|254|Finishing Category: Ruota porta filtri, Item: SwitchFilter, Filter: L-Pro
2026-09-14T00:59:31.6343|INFO|SequenceTrigger.cs|Run|114|Starting Trigger: DitherAfterExposures, After Exposures: 1
2026-09-14T00:59:31.6343|INFO|SequenceItem.cs|Run|208|Starting Category: * Set di Istruzioni *, Container: NINA.Sequencer.Container.SequentialContainer, Strategy: SequentialStrategy, Items[CREATED]: 1
2026-09-14T00:59:31.6344|INFO|SequenceItem.cs|Run|208|Starting Category: Guida, Item: Dither
2026-09-14T00:59:34.3588|INFO|HocusFocusStarDetection.cs|Detect|413|Average HFR: 2.905357484271489, HFR MAD: 0.3211165582681894, Detected Stars 474, Region: 0
2026-09-14T00:59:34.9853|INFO|BaseImageData.cs|SaveToDisk|346|Saved image to D:\Images NINA\Target\LIGHT_1x1_600.00s_15_132_M 27_Celestron C8__-9.96C_L-Pro_0299_2026-09-14_00-49-25_FWHM_4.72_Fok_40635.xisf
2026-09-14T00:59:34.9854|INFO|ImageSaveController.cs|DoWork|97|Successfully saved file at D:\Images NINA\Target\LIGHT_1x1_600.00s_15_132_M 27_Celestron C8__-9.96C_L-Pro_0299_2026-09-14_00-49-25_FWHM_4.72_Fok_40635.xisf. Duration Total: 00:00:03.0895390; BeforeSave: 00:00:00.0000985; BeforeFinalizeImageSaved: 00:00:02.9885681; FinalizeSaveTime: 00:00:00.1008720
2026-09-14T00:59:36.0506|WARNING|DeviceUpdateTimer.cs|Run|115|Dome value update cycle took longer than the device poll interval (Total: 2.40s > 2s; Poll: 00:00:00.0029483; Update: 00:00:02.3982422)
2026-09-14T00:59:59.7557|INFO|SequenceItem.cs|Run|254|Finishing Category: Guida, Item: Dither
2026-09-14T00:59:59.7559|INFO|SequenceItem.cs|Run|254|Finishing Category: * Set di Istruzioni *, Container: NINA.Sequencer.Container.SequentialContainer, Strategy: SequentialStrategy, Items[FINISHED]: 1
2026-09-14T00:59:59.7565|INFO|MeridianFlipTrigger.cs|ShouldTrigger|296|Meridian Flip - (Side of Pier usage is disabled) There is still time remaining. Max remaining time 08:40:34.6718495, next instruction time 600, next instruction Category: Fotocamera, Item: TakeExposure, ExposureTime 600, Gain 15, Offset 132, ImageType LIGHT, Binning 1x1
2026-09-14T00:59:59.7566|INFO|SequenceTrigger.cs|Run|114|Starting Trigger: RestoreGuiding
2026-09-14T00:59:59.7567|INFO|SequenceItem.cs|Run|208|Starting Category: * Set di Istruzioni *, Container: NINA.Sequencer.Container.SequentialContainer, Strategy: SequentialStrategy, Items[CREATED]: 1
2026-09-14T00:59:59.7567|INFO|SequenceItem.cs|Run|208|Starting Category: Guida, Item: StartGuiding
2026-09-14T00:59:59.7918|INFO|PHD2Guider.cs|StartGuidingPrivate|504|Phd2 - App is already guiding. Skipping start guiding
2026-09-14T00:59:59.7920|INFO|SequenceItem.cs|Run|254|Finishing Category: Guida, Item: StartGuiding
2026-09-14T00:59:59.7921|INFO|SequenceItem.cs|Run|254|Finishing Category: * Set di Istruzioni *, Container: NINA.Sequencer.Container.SequentialContainer, Strategy: SequentialStrategy, Items[FINISHED]: 1
2026-09-14T00:59:59.8148|INFO|SequenceItem.cs|Run|208|Starting Category: Fotocamera, Item: TakeExposure, ExposureTime 600, Gain 15, Offset 132, ImageType LIGHT, Binning 1x1
2026-09-14T00:59:59.8175|INFO|CameraVM.cs|Capture|742|Starting Exposure - Exposure Time: 600s; Filter: ; Gain: 15; Offset 132; Binning: 1x1;
2026-09-14T01:07:09.5898|WARNING|DeviceUpdateTimer.cs|Run|115|Mount value update cycle took longer than the device poll interval (Total: 2.09s > 2s; Poll: 00:00:02.0943651; Update: 00:00:00.0001022)
2026-09-14T01:07:11.7047|WARNING|DeviceUpdateTimer.cs|Run|115|Dome value update cycle took longer than the device poll interval (Total: 4.21s > 2s; Poll: 00:00:00.0100639; Update: 00:00:04.1974139)
2026-09-14T01:10:06.0244|WARNING|DeviceUpdateTimer.cs|Run|115|Camera value update cycle took longer than the device poll interval (Total: 10.70s > 2s; Poll: 00:00:10.6993594; Update: 00:00:00.0002041)
2026-09-14T01:10:06.0255|INFO|SequenceItem.cs|Run|254|Finishing Category: Fotocamera, Item: TakeExposure, ExposureTime 600, Gain 15, Offset 132, ImageType LIGHT, Binning 1x1
2026-09-14T01:10:06.0262|INFO|MeridianFlipTrigger.cs|ShouldTrigger|296|Meridian Flip - (Side of Pier usage is disabled) There is still time remaining. Max remaining time 08:30:26.9744580, next instruction time 0, next instruction Category: Ruota porta filtri, Item: SwitchFilter, Filter: L-Pro
2026-09-14T01:10:06.0263|INFO|SequenceItem.cs|Run|208|Starting Category: Ruota porta filtri, Item: SwitchFilter, Filter: L-Pro
2026-09-14T01:10:06.1673|INFO|SequenceItem.cs|Run|254|Finishing Category: Ruota porta filtri, Item: SwitchFilter, Filter: L-Pro
2026-09-14T01:10:06.1677|INFO|SequenceTrigger.cs|Run|114|Starting Trigger: DitherAfterExposures, After Exposures: 1
2026-09-14T01:10:06.1677|INFO|SequenceItem.cs|Run|208|Starting Category: * Set di Istruzioni *, Container: NINA.Sequencer.Container.SequentialContainer, Strategy: SequentialStrategy, Items[CREATED]: 1
2026-09-14T01:10:06.1678|INFO|SequenceItem.cs|Run|208|Starting Category: Guida, Item: Dither
2026-09-14T01:10:06.3690|INFO|ImageSolver.cs|Solve|41|Platesolving with parameters: FocalLength: 1260 PixelSize: 4.54 SearchRadius: 30 BlindFailoverEnabled: True Regions: 5000 DownSampleFactor: 2 MaxObjects: 500 Reference Coordinates RA: 19:59:27 Dec: 24° 17' 14" Epoch: J2000
2026-09-14T01:10:06.8958|INFO|BaseImageData.cs|SaveToDisk|346|Saved image to C:\Users\PrimaLuceLab\AppData\Local\NINA\PlateSolver\luk23bix.je5.fits
2026-09-14T01:10:09.8047|INFO|HocusFocusStarDetection.cs|Detect|413|Average HFR: 2.914705973209528, HFR MAD: 0.3261590081500554, Detected Stars 478, Region: 0
2026-09-14T01:10:10.2675|INFO|BaseImageData.cs|SaveToDisk|346|Saved image to D:\Images NINA\Target\LIGHT_1x1_600.00s_15_132_M 27_Celestron C8__-9.96C_L-Pro_0300_2026-09-14_00-59-59_FWHM_4.75_Fok_40635.xisf
2026-09-14T01:10:10.2676|INFO|ImageSaveController.cs|DoWork|97|Successfully saved file at D:\Images NINA\Target\LIGHT_1x1_600.00s_15_132_M 27_Celestron C8__-9.96C_L-Pro_0300_2026-09-14_00-59-59_FWHM_4.75_Fok_40635.xisf. Duration Total: 00:00:03.8987307; BeforeSave: 00:00:00.0000868; BeforeFinalizeImageSaved: 00:00:03.8771457; FinalizeSaveTime: 00:00:00.0214978
2026-09-14T01:10:13.9004|INFO|ImageSolver.cs|Solve|54|Platesolve successful: Coordinates: RA: 19:59:35; Dec: 22° 43' 06"; Epoch: J2000 - Position Angle: 73.24673002955757
2026-09-14T01:10:13.9005|INFO|CenterAfterDriftTrigger.cs|PlatesolvingImageFollower_PropertyChanged|189|Drift: 0.29614969630823684 / 3 arc minutes
2026-09-14T01:10:48.7675|ERROR|PHD2Guider.cs|ProcessEvent|937|PHD2 error:timed-out waiting for guider to settle
2026-09-14T01:10:49.1577|INFO|SequenceItem.cs|Run|254|Finishing Category: Guida, Item: Dither
2026-09-14T01:10:49.1579|INFO|SequenceItem.cs|Run|254|Finishing Category: * Set di Istruzioni *, Container: NINA.Sequencer.Container.SequentialContainer, Strategy: SequentialStrategy, Items[FINISHED]: 1
2026-09-14T01:10:49.1585|INFO|MeridianFlipTrigger.cs|ShouldTrigger|296|Meridian Flip - (Side of Pier usage is disabled) There is still time remaining. Max remaining time 08:29:45.3384725, next instruction time 600, next instruction Category: Fotocamera, Item: TakeExposure, ExposureTime 600, Gain 15, Offset 132, ImageType LIGHT, Binning 1x1
2026-09-14T01:10:49.1585|INFO|SequenceTrigger.cs|Run|114|Starting Trigger: RestoreGuiding
2026-09-14T01:10:49.1586|INFO|SequenceItem.cs|Run|208|Starting Category: * Set di Istruzioni *, Container: NINA.Sequencer.Container.SequentialContainer, Strategy: SequentialStrategy, Items[CREATED]: 1
2026-09-14T01:10:49.1586|INFO|SequenceItem.cs|Run|208|Starting Category: Guida, Item: StartGuiding
2026-09-14T01:10:49.1859|INFO|PHD2Guider.cs|StartGuidingPrivate|504|Phd2 - App is already guiding. Skipping start guiding
2026-09-14T01:10:49.1911|INFO|SequenceItem.cs|Run|254|Finishing Category: Guida, Item: StartGuiding
2026-09-14T01:10:49.1921|INFO|SequenceItem.cs|Run|254|Finishing Category: * Set di Istruzioni *, Container: NINA.Sequencer.Container.SequentialContainer, Strategy: SequentialStrategy, Items[FINISHED]: 1
2026-09-14T01:10:49.1927|INFO|AutofocusAfterHFRIncreaseTrigger.cs|ShouldTrigger|221|Autofocus after HFR change should be triggered, as current HFR trend is 5.56% higher compared to threshold of 5%
2026-09-14T01:10:49.1932|INFO|SequenceTrigger.cs|Run|114|Starting Trigger: AutofocusAfterHFRIncreaseTrigger, Amount: 5
2026-09-14T01:10:49.1943|INFO|SequenceItem.cs|Run|208|Starting Category: * Set di Istruzioni *, Container: NINA.Sequencer.Container.SequentialContainer, Strategy: SequentialStrategy, Items[CREATED]: 1
2026-09-14T01:10:49.1946|INFO|SequenceItem.cs|Run|208|Starting Category: Focheggiatore, Item: RunAutofocus
2026-09-14T01:10:49.3413|INFO|FocuserMediator.cs|BroadcastAutoFocusRunStarting|92|Autofocus starting notification received
2026-09-14T01:10:50.5012|INFO|AutoFocusEngine.cs|RunAutoFocus|929|Starting AutoFocus with initial position 40635
2026-09-14T01:10:50.6254|INFO|CameraVM.cs|Capture|742|Starting Exposure - Exposure Time: 6s; Filter: L-Pro; Gain: 15; Offset 132; Binning: 2x2;
2026-09-14T01:10:57.9487|INFO|AutoFocusEngine.cs|StartBlindFocusPoints|769|Waiting on initial HFR analysis
2026-09-14T01:10:57.9491|INFO|FocuserVM.cs|MoveFocuserInternal|216|Moving Focuser to position 41435
2026-09-14T01:10:58.6128|INFO|HocusFocusStarDetection.cs|Detect|413|Average HFR: 1.7112212307808587, HFR MAD: 0.1160333501281825, Detected Stars 145, Region: 0
2026-09-14T01:11:06.3599|INFO|CameraVM.cs|Capture|742|Starting Exposure - Exposure Time: 6s; Filter: L-Pro; Gain: 15; Offset 132; Binning: 2x2;
2026-09-14T01:11:13.6851|INFO|FocuserVM.cs|MoveFocuserInternal|216|Moving Focuser to position 41235
2026-09-14T01:11:14.2075|INFO|HocusFocusStarDetection.cs|Detect|413|Average HFR: 2.0119560123586764, HFR MAD: 0.149687491804126, Detected Stars 195, Region: 0
2026-09-14T01:11:19.5213|INFO|CameraVM.cs|Capture|742|Starting Exposure - Exposure Time: 6s; Filter: L-Pro; Gain: 15; Offset 132; Binning: 2x2;
2026-09-14T01:11:26.8227|INFO|FocuserVM.cs|MoveFocuserInternal|216|Moving Focuser to position 41035
2026-09-14T01:11:27.3885|INFO|HocusFocusStarDetection.cs|Detect|413|Average HFR: 2.1287558491552603, HFR MAD: 0.17450242278793215, Detected Stars 191, Region: 0
2026-09-14T01:11:32.1347|INFO|CameraVM.cs|Capture|742|Starting Exposure - Exposure Time: 6s; Filter: L-Pro; Gain: 15; Offset 132; Binning: 2x2;
2026-09-14T01:11:39.4643|INFO|FocuserVM.cs|MoveFocuserInternal|216|Moving Focuser to position 40835
2026-09-14T01:11:39.9839|INFO|HocusFocusStarDetection.cs|Detect|413|Average HFR: 1.9724429399615047, HFR MAD: 0.14925863772961834, Detected Stars 190, Region: 0
2026-09-14T01:11:45.5484|INFO|CameraVM.cs|Capture|742|Starting Exposure - Exposure Time: 6s; Filter: L-Pro; Gain: 15; Offset 132; Binning: 2x2;
2026-09-14T01:11:52.8590|INFO|AutoFocusEngine.cs|StartBlindFocusPoints|797|Waiting on initial focuser move analyses
2026-09-14T01:11:53.3802|INFO|HocusFocusStarDetection.cs|Detect|413|Average HFR: 1.7385256868481889, HFR MAD: 0.13097459655005994, Detected Stars 161, Region: 0
2026-09-14T01:11:53.4445|INFO|FocuserVM.cs|MoveFocuserInternal|216|Moving Focuser to position 40635
2026-09-14T01:11:59.5216|INFO|CameraVM.cs|Capture|742|Starting Exposure - Exposure Time: 6s; Filter: L-Pro; Gain: 15; Offset 132; Binning: 2x2;
2026-09-14T01:12:06.8268|INFO|AutoFocusEngine.cs|StartBlindFocusPoints|870|Waiting on next left movement analysis
2026-09-14T01:12:07.3182|INFO|HocusFocusStarDetection.cs|Detect|413|Average HFR: 1.6589547019277306, HFR MAD: 0.0918318707977619, Detected Stars 129, Region: 0
2026-09-14T01:12:07.3589|INFO|FocuserVM.cs|MoveFocuserInternal|216|Moving Focuser to position 40435
2026-09-14T01:12:13.5800|INFO|CameraVM.cs|Capture|742|Starting Exposure - Exposure Time: 6s; Filter: L-Pro; Gain: 15; Offset 132; Binning: 2x2;
2026-09-14T01:12:20.9119|INFO|AutoFocusEngine.cs|StartBlindFocusPoints|870|Waiting on next left movement analysis
2026-09-14T01:12:21.3962|INFO|HocusFocusStarDetection.cs|Detect|413|Average HFR: 1.68359237898667, HFR MAD: 0.11683913789108824, Detected Stars 141, Region: 0
2026-09-14T01:12:21.4994|INFO|FocuserVM.cs|MoveFocuserInternal|216|Moving Focuser to position 40235
2026-09-14T01:12:27.5241|INFO|CameraVM.cs|Capture|742|Starting Exposure - Exposure Time: 6s; Filter: L-Pro; Gain: 15; Offset 132; Binning: 2x2;
2026-09-14T01:12:34.8618|INFO|AutoFocusEngine.cs|StartBlindFocusPoints|870|Waiting on next left movement analysis
2026-09-14T01:12:35.3319|INFO|HocusFocusStarDetection.cs|Detect|413|Average HFR: 1.6396188004944572, HFR MAD: 0.08676371193267829, Detected Stars 117, Region: 0
2026-09-14T01:12:35.3977|INFO|FocuserVM.cs|MoveFocuserInternal|216|Moving Focuser to position 40035
2026-09-14T01:12:41.5315|INFO|CameraVM.cs|Capture|742|Starting Exposure - Exposure Time: 6s; Filter: L-Pro; Gain: 15; Offset 132; Binning: 2x2;
2026-09-14T01:12:48.8392|INFO|AutoFocusEngine.cs|StartBlindFocusPoints|870|Waiting on next left movement analysis
2026-09-14T01:12:49.3115|INFO|HocusFocusStarDetection.cs|Detect|413|Average HFR: 1.7238237746718823, HFR MAD: 0.11511898175562862, Detected Stars 135, Region: 0
2026-09-14T01:12:49.3406|INFO|FocuserVM.cs|MoveFocuserInternal|216|Moving Focuser to position 39835
2026-09-14T01:12:55.5692|INFO|CameraVM.cs|Capture|742|Starting Exposure - Exposure Time: 6s; Filter: L-Pro; Gain: 15; Offset 132; Binning: 2x2;
2026-09-14T01:13:02.8813|INFO|AutoFocusEngine.cs|StartBlindFocusPoints|870|Waiting on next left movement analysis
2026-09-14T01:13:03.4221|INFO|HocusFocusStarDetection.cs|Detect|413|Average HFR: 1.8831709148121223, HFR MAD: 0.1664286362760643, Detected Stars 178, Region: 0
2026-09-14T01:13:03.4829|INFO|FocuserVM.cs|MoveFocuserInternal|216|Moving Focuser to position 39635
2026-09-14T01:13:05.9525|WARNING|DeviceUpdateTimer.cs|Run|115|Dome value update cycle took longer than the device poll interval (Total: 2.15s > 2s; Poll: 00:00:00.0042708; Update: 00:00:02.1464653)
2026-09-14T01:13:09.5790|INFO|CameraVM.cs|Capture|742|Starting Exposure - Exposure Time: 6s; Filter: L-Pro; Gain: 15; Offset 132; Binning: 2x2;
2026-09-14T01:13:16.8917|INFO|AutoFocusEngine.cs|StartBlindFocusPoints|870|Waiting on next left movement analysis
2026-09-14T01:13:17.4193|INFO|HocusFocusStarDetection.cs|Detect|413|Average HFR: 2.0571941375997795, HFR MAD: 0.17847132680968714, Detected Stars 183, Region: 0
2026-09-14T01:13:17.5014|INFO|FocuserVM.cs|MoveFocuserInternal|216|Moving Focuser to position 39435
2026-09-14T01:13:23.5990|INFO|CameraVM.cs|Capture|742|Starting Exposure - Exposure Time: 6s; Filter: L-Pro; Gain: 15; Offset 132; Binning: 2x2;
2026-09-14T01:13:30.9119|INFO|AutoFocusEngine.cs|StartBlindFocusPoints|870|Waiting on next left movement analysis
2026-09-14T01:13:31.3786|INFO|HocusFocusStarDetection.cs|Detect|413|Average HFR: 2.3595436646363597, HFR MAD: 0.2517335816887516, Detected Stars 172, Region: 0
2026-09-14T01:13:31.5117|INFO|FocuserVM.cs|MoveFocuserInternal|216|Moving Focuser to position 39235
2026-09-14T01:13:37.5313|INFO|CameraVM.cs|Capture|742|Starting Exposure - Exposure Time: 6s; Filter: L-Pro; Gain: 15; Offset 132; Binning: 2x2;
2026-09-14T01:13:44.8373|INFO|AutoFocusEngine.cs|StartBlindFocusPoints|870|Waiting on next left movement analysis
2026-09-14T01:13:45.4365|INFO|HocusFocusStarDetection.cs|Detect|413|Average HFR: 2.580856351298325, HFR MAD: 0.2792512789156256, Detected Stars 163, Region: 0
2026-09-14T01:13:45.5058|INFO|AutoFocusEngine.cs|StartBlindFocusPoints|823|Enough left trend points (4) with an established minimum (40235) to queue remaining right focus points up to 41035
2026-09-14T01:13:45.5059|INFO|AutoFocusEngine.cs|StartBlindFocusPoints|896|Waiting on remaining AutoFocus analysis tasks
2026-09-14T01:13:45.5064|INFO|FocuserVM.cs|MoveFocuserInternal|216|Moving Focuser to position 40261
2026-09-14T01:13:55.6314|INFO|AutoFocusEngine.cs|ValidateCalculatedFocusPosition|1141|Validating HFR at final focus position 40261
2026-09-14T01:13:55.7472|INFO|CameraVM.cs|Capture|742|Starting Exposure - Exposure Time: 6s; Filter: L-Pro; Gain: 15; Offset 132; Binning: 2x2;
2026-09-14T01:14:03.6291|INFO|HocusFocusStarDetection.cs|Detect|413|Average HFR: 1.7938288646815506, HFR MAD: 0.11909367203433496, Detected Stars 169, Region: 0
2026-09-14T01:14:03.6295|INFO|HocusFocusVM.cs|AutoFocusEngine_Completed|473|AutoFocus completed with focuser starting at 40635 and ending at 40261
2026-09-14T01:14:03.6331|INFO|FocuserMediator.cs|BroadcastSuccessfulAutoFocusRun|46|Autofocus notification received - Temperature 18.5
2026-09-14T01:14:03.7653|INFO|AutoFocusEngine.cs|PerformPostAutoFocusActions|1022|Re-enabling temperature compensation after AutoFocus
2026-09-14T01:14:04.0746|INFO|PHD2Guider.cs|TryStartGuideCommand|641|Phd2 - Requesting to start guiding. Recalibrate: False
2026-09-14T01:15:00.2318|ERROR|PHD2Guider.cs|ProcessEvent|937|PHD2 error:timed-out waiting for guider to settle
2026-09-14T01:15:00.5401|INFO|SequenceItem.cs|Run|254|Finishing Category: Focheggiatore, Item: RunAutofocus
2026-09-14T01:15:00.5405|INFO|SequenceItem.cs|Run|254|Finishing Category: * Set di Istruzioni *, Container: NINA.Sequencer.Container.SequentialContainer, Strategy: SequentialStrategy, Items[FINISHED]: 1
2026-09-14T01:15:00.5409|INFO|SequenceItem.cs|Run|208|Starting Category: Fotocamera, Item: TakeExposure, ExposureTime 600, Gain 15, Offset 132, ImageType LIGHT, Binning 1x1
2026-09-14T01:15:00.5416|INFO|CameraVM.cs|Capture|742|Starting Exposure - Exposure Time: 600s; Filter: ; Gain: 15; Offset 132; Binning: 1x1;
2026-09-14T01:24:58.5035|WARNING|DeviceUpdateTimer.cs|Run|115|Dome value update cycle took longer than the device poll interval (Total: 2.11s > 2s; Poll: 00:00:00.0046334; Update: 00:00:02.1096164)
2026-09-14T01:25:06.7498|WARNING|DeviceUpdateTimer.cs|Run|115|Camera value update cycle took longer than the device poll interval (Total: 11.33s > 2s; Poll: 00:00:11.3197777; Update: 00:00:00.0105122)
2026-09-14T01:25:06.7508|INFO|SequenceItem.cs|Run|254|Finishing Category: Fotocamera, Item: TakeExposure, ExposureTime 600, Gain 15, Offset 132, ImageType LIGHT, Binning 1x1
2026-09-14T01:25:06.7519|INFO|MeridianFlipTrigger.cs|ShouldTrigger|296|Meridian Flip - (Side of Pier usage is disabled) There is still time remaining. Max remaining time 08:15:24.7273356, next instruction time 0, next instruction Category: Ruota porta filtri, Item: SwitchFilter, Filter: L-Pro
2026-09-14T01:25:06.7520|INFO|SequenceItem.cs|Run|208|Starting Category: Ruota porta filtri, Item: SwitchFilter, Filter: L-Pro
2026-09-14T01:25:06.9351|INFO|SequenceItem.cs|Run|254|Finishing Category: Ruota porta filtri, Item: SwitchFilter, Filter: L-Pro
2026-09-14T01:25:06.9354|INFO|SequenceTrigger.cs|Run|114|Starting Trigger: DitherAfterExposures, After Exposures: 1
2026-09-14T01:25:06.9355|INFO|SequenceItem.cs|Run|208|Starting Category: * Set di Istruzioni *, Container: NINA.Sequencer.Container.SequentialContainer, Strategy: SequentialStrategy, Items[CREATED]: 1
2026-09-14T01:25:06.9355|INFO|SequenceItem.cs|Run|208|Starting Category: Guida, Item: Dither
2026-09-14T01:25:09.8986|INFO|HocusFocusStarDetection.cs|Detect|413|Average HFR: 3.0909863336628653, HFR MAD: 0.33785630084495466, Detected Stars 458, Region: 0
2026-09-14T01:25:10.3658|INFO|BaseImageData.cs|SaveToDisk|346|Saved image to D:\Images NINA\Target\LIGHT_1x1_600.00s_15_132_M 27_Celestron C8__-9.96C_L-Pro_0301_2026-09-14_01-15-00_FWHM_4.77_Fok_40261.xisf
2026-09-14T01:25:10.3659|INFO|ImageSaveController.cs|DoWork|97|Successfully saved file at D:\Images NINA\Target\LIGHT_1x1_600.00s_15_132_M 27_Celestron C8__-9.96C_L-Pro_0301_2026-09-14_01-15-00_FWHM_4.77_Fok_40261.xisf. Duration Total: 00:00:03.1031395; BeforeSave: 00:00:00.0001600; BeforeFinalizeImageSaved: 00:00:03.0278154; FinalizeSaveTime: 00:00:00.0751633
2026-09-14T01:25:47.6370|ERROR|PHD2Guider.cs|ProcessEvent|937|PHD2 error:timed-out waiting for guider to settle
2026-09-14T01:25:47.7788|INFO|SequenceItem.cs|Run|254|Finishing Category: Guida, Item: Dither
2026-09-14T01:25:47.7791|INFO|SequenceItem.cs|Run|254|Finishing Category: * Set di Istruzioni *, Container: NINA.Sequencer.Container.SequentialContainer, Strategy: SequentialStrategy, Items[FINISHED]: 1
2026-09-14T01:25:47.7800|INFO|MeridianFlipTrigger.cs|ShouldTrigger|296|Meridian Flip - (Side of Pier usage is disabled) There is still time remaining. Max remaining time 08:14:42.9730348, next instruction time 600, next instruction Category: Fotocamera, Item: TakeExposure, ExposureTime 600, Gain 15, Offset 132, ImageType LIGHT, Binning 1x1
2026-09-14T01:25:47.7802|INFO|SequenceTrigger.cs|Run|114|Starting Trigger: RestoreGuiding
2026-09-14T01:25:47.7809|INFO|SequenceItem.cs|Run|208|Starting Category: * Set di Istruzioni *, Container: NINA.Sequencer.Container.SequentialContainer, Strategy: SequentialStrategy, Items[CREATED]: 1
2026-09-14T01:25:47.7816|INFO|SequenceItem.cs|Run|208|Starting Category: Guida, Item: StartGuiding
2026-09-14T01:25:47.8167|INFO|PHD2Guider.cs|StartGuidingPrivate|504|Phd2 - App is already guiding. Skipping start guiding
2026-09-14T01:25:47.8197|INFO|SequenceItem.cs|Run|254|Finishing Category: Guida, Item: StartGuiding
2026-09-14T01:25:47.8201|INFO|SequenceItem.cs|Run|254|Finishing Category: * Set di Istruzioni *, Container: NINA.Sequencer.Container.SequentialContainer, Strategy: SequentialStrategy, Items[FINISHED]: 1
2026-09-14T01:25:47.8214|INFO|SequenceItem.cs|Run|208|Starting Category: Fotocamera, Item: TakeExposure, ExposureTime 600, Gain 15, Offset 132, ImageType LIGHT, Binning 1x1
2026-09-14T01:25:47.8220|INFO|CameraVM.cs|Capture|742|Starting Exposure - Exposure Time: 600s; Filter: ; Gain: 15; Offset 132; Binning: 1x1;
2026-09-14T01:35:54.0280|INFO|SequenceItem.cs|Run|254|Finishing Category: Fotocamera, Item: TakeExposure, ExposureTime 600, Gain 15, Offset 132, ImageType LIGHT, Binning 1x1
2026-09-14T01:35:54.0289|INFO|MeridianFlipTrigger.cs|ShouldTrigger|296|Meridian Flip - (Side of Pier usage is disabled) There is still time remaining. Max remaining time 08:04:35.3286243, next instruction time 0, next instruction Category: Ruota porta filtri, Item: SwitchFilter, Filter: L-Pro
2026-09-14T01:35:54.0290|INFO|SequenceItem.cs|Run|208|Starting Category: Ruota porta filtri, Item: SwitchFilter, Filter: L-Pro
2026-09-14T01:35:54.0294|WARNING|DeviceUpdateTimer.cs|Run|115|Camera value update cycle took longer than the device poll interval (Total: 10.70s > 2s; Poll: 00:00:10.7005689; Update: 00:00:00.0000732)
2026-09-14T01:35:54.1694|INFO|SequenceItem.cs|Run|254|Finishing Category: Ruota porta filtri, Item: SwitchFilter, Filter: L-Pro
2026-09-14T01:35:54.1697|INFO|SequenceTrigger.cs|Run|114|Starting Trigger: DitherAfterExposures, After Exposures: 1
2026-09-14T01:35:54.1698|INFO|SequenceItem.cs|Run|208|Starting Category: * Set di Istruzioni *, Container: NINA.Sequencer.Container.SequentialContainer, Strategy: SequentialStrategy, Items[CREATED]: 1
2026-09-14T01:35:54.1699|INFO|SequenceItem.cs|Run|208|Starting Category: Guida, Item: Dither
2026-09-14T01:35:56.8951|INFO|HocusFocusStarDetection.cs|Detect|413|Average HFR: 3.2919820376069584, HFR MAD: 0.37590350039076714, Detected Stars 397, Region: 0
2026-09-14T01:35:57.1732|INFO|BaseImageData.cs|SaveToDisk|346|Saved image to D:\Images NINA\Target\LIGHT_1x1_600.00s_15_132_M 27_Celestron C8__-9.96C_L-Pro_0302_2026-09-14_01-25-47_FWHM_5.26_Fok_40261.xisf
2026-09-14T01:35:57.1733|INFO|ImageSaveController.cs|DoWork|97|Successfully saved file at D:\Images NINA\Target\LIGHT_1x1_600.00s_15_132_M 27_Celestron C8__-9.96C_L-Pro_0302_2026-09-14_01-25-47_FWHM_5.26_Fok_40261.xisf. Duration Total: 00:00:02.7854328; BeforeSave: 00:00:00.0000952; BeforeFinalizeImageSaved: 00:00:02.7543847; FinalizeSaveTime: 00:00:00.0309522
2026-09-14T01:36:36.2930|ERROR|PHD2Guider.cs|ProcessEvent|937|PHD2 error:timed-out waiting for guider to settle
2026-09-14T01:36:36.7099|INFO|SequenceItem.cs|Run|254|Finishing Category: Guida, Item: Dither
2026-09-14T01:36:36.7102|INFO|SequenceItem.cs|Run|254|Finishing Category: * Set di Istruzioni *, Container: NINA.Sequencer.Container.SequentialContainer, Strategy: SequentialStrategy, Items[FINISHED]: 1
2026-09-14T01:36:36.7108|INFO|MeridianFlipTrigger.cs|ShouldTrigger|296|Meridian Flip - (Side of Pier usage is disabled) There is still time remaining. Max remaining time 08:03:53.2536829, next instruction time 600, next instruction Category: Fotocamera, Item: TakeExposure, ExposureTime 600, Gain 15, Offset 132, ImageType LIGHT, Binning 1x1
2026-09-14T01:36:36.7109|INFO|SequenceTrigger.cs|Run|114|Starting Trigger: RestoreGuiding
2026-09-14T01:36:36.7109|INFO|SequenceItem.cs|Run|208|Starting Category: * Set di Istruzioni *, Container: NINA.Sequencer.Container.SequentialContainer, Strategy: SequentialStrategy, Items[CREATED]: 1
2026-09-14T01:36:36.7110|INFO|SequenceItem.cs|Run|208|Starting Category: Guida, Item: StartGuiding
2026-09-14T01:36:36.7363|INFO|PHD2Guider.cs|StartGuidingPrivate|504|Phd2 - App is already guiding. Skipping start guiding
2026-09-14T01:36:36.7401|INFO|SequenceItem.cs|Run|254|Finishing Category: Guida, Item: StartGuiding
2026-09-14T01:36:36.7411|INFO|SequenceItem.cs|Run|254|Finishing Category: * Set di Istruzioni *, Container: NINA.Sequencer.Container.SequentialContainer, Strategy: SequentialStrategy, Items[FINISHED]: 1
2026-09-14T01:36:36.7413|INFO|SequenceItem.cs|Run|208|Starting Category: Fotocamera, Item: TakeExposure, ExposureTime 600, Gain 15, Offset 132, ImageType LIGHT, Binning 1x1
2026-09-14T01:36:36.7521|INFO|CameraVM.cs|Capture|742|Starting Exposure - Exposure Time: 600s; Filter: ; Gain: 15; Offset 132; Binning: 1x1;
2026-09-14T01:46:42.9205|WARNING|DeviceUpdateTimer.cs|Run|115|Camera value update cycle took longer than the device poll interval (Total: 11.58s > 2s; Poll: 00:00:11.5778501; Update: 00:00:00.0001300)
2026-09-14T01:46:42.9618|INFO|SequenceItem.cs|Run|254|Finishing Category: Fotocamera, Item: TakeExposure, ExposureTime 600, Gain 15, Offset 132, ImageType LIGHT, Binning 1x1
2026-09-14T01:46:42.9627|INFO|MeridianFlipTrigger.cs|ShouldTrigger|296|Meridian Flip - (Side of Pier usage is disabled) There is still time remaining. Max remaining time 07:53:45.9983823, next instruction time 0, next instruction Category: Ruota porta filtri, Item: SwitchFilter, Filter: L-Pro
2026-09-14T01:46:42.9628|INFO|SequenceItem.cs|Run|208|Starting Category: Ruota porta filtri, Item: SwitchFilter, Filter: L-Pro
2026-09-14T01:46:43.1636|INFO|SequenceItem.cs|Run|254|Finishing Category: Ruota porta filtri, Item: SwitchFilter, Filter: L-Pro
2026-09-14T01:46:43.1639|INFO|SequenceTrigger.cs|Run|114|Starting Trigger: DitherAfterExposures, After Exposures: 1
2026-09-14T01:46:43.1640|INFO|SequenceItem.cs|Run|208|Starting Category: * Set di Istruzioni *, Container: NINA.Sequencer.Container.SequentialContainer, Strategy: SequentialStrategy, Items[CREATED]: 1
2026-09-14T01:46:43.1641|INFO|SequenceItem.cs|Run|208|Starting Category: Guida, Item: Dither
2026-09-14T01:46:45.7556|INFO|HocusFocusStarDetection.cs|Detect|413|Average HFR: 3.3724689593444905, HFR MAD: 0.3836222574649244, Detected Stars 362, Region: 0
2026-09-14T01:46:46.2488|INFO|BaseImageData.cs|SaveToDisk|346|Saved image to D:\Images NINA\Target\LIGHT_1x1_600.00s_15_132_M 27_Celestron C8__-9.96C_L-Pro_0303_2026-09-14_01-36-36_FWHM_5.53_Fok_40261.xisf
2026-09-14T01:46:46.2489|INFO|ImageSaveController.cs|DoWork|97|Successfully saved file at D:\Images NINA\Target\LIGHT_1x1_600.00s_15_132_M 27_Celestron C8__-9.96C_L-Pro_0303_2026-09-14_01-36-36_FWHM_5.53_Fok_40261.xisf. Duration Total: 00:00:03.0571764; BeforeSave: 00:00:00.0062609; BeforeFinalizeImageSaved: 00:00:02.9987195; FinalizeSaveTime: 00:00:00.0521951
2026-09-14T01:47:26.0372|ERROR|PHD2Guider.cs|ProcessEvent|937|PHD2 error:timed-out waiting for guider to settle
2026-09-14T01:47:26.5267|INFO|SequenceItem.cs|Run|254|Finishing Category: Guida, Item: Dither
2026-09-14T01:47:26.5270|INFO|SequenceItem.cs|Run|254|Finishing Category: * Set di Istruzioni *, Container: NINA.Sequencer.Container.SequentialContainer, Strategy: SequentialStrategy, Items[FINISHED]: 1
2026-09-14T01:47:26.5295|INFO|MeridianFlipTrigger.cs|ShouldTrigger|296|Meridian Flip - (Side of Pier usage is disabled) There is still time remaining. Max remaining time 07:53:01.9081894, next instruction time 600, next instruction Category: Fotocamera, Item: TakeExposure, ExposureTime 600, Gain 15, Offset 132, ImageType LIGHT, Binning 1x1
2026-09-14T01:47:26.5296|INFO|SequenceTrigger.cs|Run|114|Starting Trigger: RestoreGuiding
2026-09-14T01:47:26.5297|INFO|SequenceItem.cs|Run|208|Starting Category: * Set di Istruzioni *, Container: NINA.Sequencer.Container.SequentialContainer, Strategy: SequentialStrategy, Items[CREATED]: 1
2026-09-14T01:47:26.5298|INFO|SequenceItem.cs|Run|208|Starting Category: Guida, Item: StartGuiding
2026-09-14T01:47:26.5840|INFO|PHD2Guider.cs|StartGuidingPrivate|504|Phd2 - App is already guiding. Skipping start guiding
2026-09-14T01:47:26.5869|INFO|SequenceItem.cs|Run|254|Finishing Category: Guida, Item: StartGuiding
2026-09-14T01:47:26.5881|INFO|SequenceItem.cs|Run|254|Finishing Category: * Set di Istruzioni *, Container: NINA.Sequencer.Container.SequentialContainer, Strategy: SequentialStrategy, Items[FINISHED]: 1
2026-09-14T01:47:26.5883|INFO|AutofocusAfterHFRIncreaseTrigger.cs|ShouldTrigger|221|Autofocus after HFR change should be triggered, as current HFR trend is 9.76% higher compared to threshold of 5%
2026-09-14T01:47:26.5885|INFO|SequenceTrigger.cs|Run|114|Starting Trigger: AutofocusAfterHFRIncreaseTrigger, Amount: 5
2026-09-14T01:47:26.5885|INFO|SequenceItem.cs|Run|208|Starting Category: * Set di Istruzioni *, Container: NINA.Sequencer.Container.SequentialContainer, Strategy: SequentialStrategy, Items[CREATED]: 1
2026-09-14T01:47:26.5886|INFO|SequenceItem.cs|Run|208|Starting Category: Focheggiatore, Item: RunAutofocus
2026-09-14T01:47:26.8726|INFO|FocuserMediator.cs|BroadcastAutoFocusRunStarting|92|Autofocus starting notification received
2026-09-14T01:47:28.0320|INFO|AutoFocusEngine.cs|RunAutoFocus|929|Starting AutoFocus with initial position 40261
2026-09-14T01:47:28.1541|INFO|CameraVM.cs|Capture|742|Starting Exposure - Exposure Time: 6s; Filter: L-Pro; Gain: 15; Offset 132; Binning: 2x2;
2026-09-14T01:47:35.5112|INFO|AutoFocusEngine.cs|StartBlindFocusPoints|769|Waiting on initial HFR analysis
2026-09-14T01:47:35.5119|INFO|FocuserVM.cs|MoveFocuserInternal|216|Moving Focuser to position 41061
2026-09-14T01:47:36.0592|INFO|HocusFocusStarDetection.cs|Detect|413|Average HFR: 2.048844979606249, HFR MAD: 0.2028206623989821, Detected Stars 186, Region: 0
2026-09-14T01:47:45.5980|INFO|CameraVM.cs|Capture|742|Starting Exposure - Exposure Time: 6s; Filter: L-Pro; Gain: 15; Offset 132; Binning: 2x2;
2026-09-14T01:47:52.9279|INFO|FocuserVM.cs|MoveFocuserInternal|216|Moving Focuser to position 40861
2026-09-14T01:47:53.5221|INFO|HocusFocusStarDetection.cs|Detect|413|Average HFR: 1.8486031495722064, HFR MAD: 0.1262291753710818, Detected Stars 185, Region: 0
2026-09-14T01:47:58.1952|INFO|CameraVM.cs|Capture|742|Starting Exposure - Exposure Time: 6s; Filter: L-Pro; Gain: 15; Offset 132; Binning: 2x2;
2026-09-14T01:48:05.5225|INFO|FocuserVM.cs|MoveFocuserInternal|216|Moving Focuser to position 40661
2026-09-14T01:48:06.0558|INFO|HocusFocusStarDetection.cs|Detect|413|Average HFR: 1.7598174442074401, HFR MAD: 0.12406129148276857, Detected Stars 158, Region: 0
2026-09-14T01:48:11.5931|INFO|CameraVM.cs|Capture|742|Starting Exposure - Exposure Time: 6s; Filter: L-Pro; Gain: 15; Offset 132; Binning: 2x2;
2026-09-14T01:48:18.9238|INFO|FocuserVM.cs|MoveFocuserInternal|216|Moving Focuser to position 40461
2026-09-14T01:48:19.4101|INFO|HocusFocusStarDetection.cs|Detect|413|Average HFR: 1.7594542626568845, HFR MAD: 0.11534225607667259, Detected Stars 160, Region: 0
2026-09-14T01:48:24.2393|INFO|CameraVM.cs|Capture|742|Starting Exposure - Exposure Time: 6s; Filter: L-Pro; Gain: 15; Offset 132; Binning: 2x2;
2026-09-14T01:48:31.5673|INFO|AutoFocusEngine.cs|StartBlindFocusPoints|797|Waiting on initial focuser move analyses
2026-09-14T01:48:32.2073|INFO|HocusFocusStarDetection.cs|Detect|413|Average HFR: 1.757446798142316, HFR MAD: 0.12090756757337418, Detected Stars 176, Region: 0
2026-09-14T01:48:32.2302|INFO|FocuserVM.cs|MoveFocuserInternal|216|Moving Focuser to position 40261
2026-09-14T01:48:37.5362|INFO|CameraVM.cs|Capture|742|Starting Exposure - Exposure Time: 6s; Filter: L-Pro; Gain: 15; Offset 132; Binning: 2x2;
2026-09-14T01:48:44.8639|INFO|AutoFocusEngine.cs|StartBlindFocusPoints|870|Waiting on next left movement analysis
2026-09-14T01:48:45.4416|INFO|HocusFocusStarDetection.cs|Detect|413|Average HFR: 1.8770152677711875, HFR MAD: 0.14157245239049088, Detected Stars 169, Region: 0
2026-09-14T01:48:45.4500|WARNING|DeviceUpdateTimer.cs|Run|115|Dome value update cycle took longer than the device poll interval (Total: 2.02s > 2s; Poll: 00:00:00.0027442; Update: 00:00:02.0178907)
2026-09-14T01:48:45.4688|INFO|FocuserVM.cs|MoveFocuserInternal|216|Moving Focuser to position 40061
2026-09-14T01:48:51.5225|INFO|CameraVM.cs|Capture|742|Starting Exposure - Exposure Time: 6s; Filter: L-Pro; Gain: 15; Offset 132; Binning: 2x2;
2026-09-14T01:48:58.8328|INFO|AutoFocusEngine.cs|StartBlindFocusPoints|870|Waiting on next left movement analysis
2026-09-14T01:48:59.3070|INFO|HocusFocusStarDetection.cs|Detect|413|Average HFR: 2.0000530891085027, HFR MAD: 0.1824263356577307, Detected Stars 189, Region: 0
2026-09-14T01:48:59.3305|INFO|FocuserVM.cs|MoveFocuserInternal|216|Moving Focuser to position 39861
2026-09-14T01:49:05.5579|INFO|CameraVM.cs|Capture|742|Starting Exposure - Exposure Time: 6s; Filter: L-Pro; Gain: 15; Offset 132; Binning: 2x2;
2026-09-14T01:49:12.8704|INFO|AutoFocusEngine.cs|StartBlindFocusPoints|870|Waiting on next left movement analysis
2026-09-14T01:49:13.5131|INFO|HocusFocusStarDetection.cs|Detect|413|Average HFR: 2.1267663539521107, HFR MAD: 0.18087962925284207, Detected Stars 177, Region: 0
2026-09-14T01:49:13.5940|INFO|FocuserVM.cs|MoveFocuserInternal|216|Moving Focuser to position 39661
2026-09-14T01:49:19.5192|INFO|CameraVM.cs|Capture|742|Starting Exposure - Exposure Time: 6s; Filter: L-Pro; Gain: 15; Offset 132; Binning: 2x2;
2026-09-14T01:49:26.8342|INFO|AutoFocusEngine.cs|StartBlindFocusPoints|870|Waiting on next left movement analysis
2026-09-14T01:49:27.3484|INFO|HocusFocusStarDetection.cs|Detect|413|Average HFR: 2.2907855766565675, HFR MAD: 0.2442852471082695, Detected Stars 184, Region: 0
2026-09-14T01:49:27.4162|INFO|FocuserVM.cs|MoveFocuserInternal|216|Moving Focuser to position 41261
2026-09-14T01:49:39.7581|INFO|CameraVM.cs|Capture|742|Starting Exposure - Exposure Time: 6s; Filter: L-Pro; Gain: 15; Offset 132; Binning: 2x2;
2026-09-14T01:49:47.0659|INFO|AutoFocusEngine.cs|StartBlindFocusPoints|884|Waiting on next right movement analysis
2026-09-14T01:49:47.7030|INFO|HocusFocusStarDetection.cs|Detect|413|Average HFR: 1.9111203260259524, HFR MAD: 0.16963593637832908, Detected Stars 180, Region: 0
2026-09-14T01:49:47.7319|INFO|AutoFocusEngine.cs|StartBlindFocusPoints|823|Enough left trend points (4) with an established minimum (40661) to queue remaining right focus points up to 41461
2026-09-14T01:49:47.7323|INFO|FocuserVM.cs|MoveFocuserInternal|216|Moving Focuser to position 41461
2026-09-14T01:49:53.5133|INFO|CameraVM.cs|Capture|742|Starting Exposure - Exposure Time: 6s; Filter: L-Pro; Gain: 15; Offset 132; Binning: 2x2;
2026-09-14T01:50:00.8222|INFO|AutoFocusEngine.cs|StartBlindFocusPoints|896|Waiting on remaining AutoFocus analysis tasks
2026-09-14T01:50:01.3469|INFO|HocusFocusStarDetection.cs|Detect|413|Average HFR: 1.9685043717983681, HFR MAD: 0.16549741981610633, Detected Stars 167, Region: 0
2026-09-14T01:50:01.3792|INFO|FocuserVM.cs|MoveFocuserInternal|216|Moving Focuser to position 40582
2026-09-14T01:50:11.4316|INFO|AutoFocusEngine.cs|ValidateCalculatedFocusPosition|1141|Validating HFR at final focus position 40582
2026-09-14T01:50:11.5622|INFO|CameraVM.cs|Capture|742|Starting Exposure - Exposure Time: 6s; Filter: L-Pro; Gain: 15; Offset 132; Binning: 2x2;
2026-09-14T01:50:19.3542|INFO|HocusFocusStarDetection.cs|Detect|413|Average HFR: 1.9580552276294003, HFR MAD: 0.1757191180170452, Detected Stars 179, Region: 0
2026-09-14T01:50:19.3545|INFO|HocusFocusVM.cs|AutoFocusEngine_Completed|473|AutoFocus completed with focuser starting at 40261 and ending at 40582
2026-09-14T01:50:19.3562|INFO|FocuserMediator.cs|BroadcastSuccessfulAutoFocusRun|46|Autofocus notification received - Temperature 18.25
2026-09-14T01:50:19.4883|INFO|AutoFocusEngine.cs|PerformPostAutoFocusActions|1022|Re-enabling temperature compensation after AutoFocus
2026-09-14T01:50:19.5271|INFO|PHD2Guider.cs|TryStartGuideCommand|641|Phd2 - Requesting to start guiding. Recalibrate: False
2026-09-14T01:51:15.2821|ERROR|PHD2Guider.cs|ProcessEvent|937|PHD2 error:timed-out waiting for guider to settle
2026-09-14T01:51:15.7297|INFO|SequenceItem.cs|Run|254|Finishing Category: Focheggiatore, Item: RunAutofocus
2026-09-14T01:51:15.7298|INFO|SequenceItem.cs|Run|254|Finishing Category: * Set di Istruzioni *, Container: NINA.Sequencer.Container.SequentialContainer, Strategy: SequentialStrategy, Items[FINISHED]: 1
2026-09-14T01:51:15.7299|INFO|SequenceItem.cs|Run|208|Starting Category: Fotocamera, Item: TakeExposure, ExposureTime 600, Gain 15, Offset 132, ImageType LIGHT, Binning 1x1
2026-09-14T01:51:15.7304|INFO|CameraVM.cs|Capture|742|Starting Exposure - Exposure Time: 600s; Filter: ; Gain: 15; Offset 132; Binning: 1x1;
2026-09-14T02:01:15.1423|WARNING|DeviceUpdateTimer.cs|Run|115|Dome value update cycle took longer than the device poll interval (Total: 2.70s > 2s; Poll: 00:00:00.0038938; Update: 00:00:02.6947262)
2026-09-14T02:01:21.8879|WARNING|DeviceUpdateTimer.cs|Run|115|Camera value update cycle took longer than the device poll interval (Total: 6.93s > 2s; Poll: 00:00:06.9298100; Update: 00:00:00.0001295)
2026-09-14T02:01:21.9332|INFO|SequenceItem.cs|Run|254|Finishing Category: Fotocamera, Item: TakeExposure, ExposureTime 600, Gain 15, Offset 132, ImageType LIGHT, Binning 1x1
2026-09-14T02:01:21.9341|INFO|MeridianFlipTrigger.cs|ShouldTrigger|296|Meridian Flip - (Side of Pier usage is disabled) There is still time remaining. Max remaining time 07:39:03.1226653, next instruction time 0, next instruction Category: Ruota porta filtri, Item: SwitchFilter, Filter: L-Pro
2026-09-14T02:01:21.9342|INFO|SequenceItem.cs|Run|208|Starting Category: Ruota porta filtri, Item: SwitchFilter, Filter: L-Pro
2026-09-14T02:01:22.0530|INFO|SequenceItem.cs|Run|254|Finishing Category: Ruota porta filtri, Item: SwitchFilter, Filter: L-Pro
2026-09-14T02:01:22.0533|INFO|SequenceTrigger.cs|Run|114|Starting Trigger: DitherAfterExposures, After Exposures: 1
2026-09-14T02:01:22.0536|INFO|SequenceItem.cs|Run|208|Starting Category: * Set di Istruzioni *, Container: NINA.Sequencer.Container.SequentialContainer, Strategy: SequentialStrategy, Items[CREATED]: 1
2026-09-14T02:01:22.0536|INFO|SequenceItem.cs|Run|208|Starting Category: Guida, Item: Dither
2026-09-14T02:01:24.6199|INFO|HocusFocusStarDetection.cs|Detect|413|Average HFR: 2.988777514867775, HFR MAD: 0.35324273572458953, Detected Stars 456, Region: 0
2026-09-14T02:01:25.0113|INFO|BaseImageData.cs|SaveToDisk|346|Saved image to D:\Images NINA\Target\LIGHT_1x1_600.00s_15_132_M 27_Celestron C8__-9.96C_L-Pro_0304_2026-09-14_01-51-15_FWHM_4.86_Fok_40582.xisf
2026-09-14T02:01:25.0115|INFO|ImageSaveController.cs|DoWork|97|Successfully saved file at D:\Images NINA\Target\LIGHT_1x1_600.00s_15_132_M 27_Celestron C8__-9.96C_L-Pro_0304_2026-09-14_01-51-15_FWHM_4.86_Fok_40582.xisf. Duration Total: 00:00:02.7793672; BeforeSave: 00:00:00.0000639; BeforeFinalizeImageSaved: 00:00:02.6626987; FinalizeSaveTime: 00:00:00.1166039
2026-09-14T02:02:04.7781|ERROR|PHD2Guider.cs|ProcessEvent|937|PHD2 error:timed-out waiting for guider to settle
2026-09-14T02:02:04.8256|INFO|SequenceItem.cs|Run|254|Finishing Category: Guida, Item: Dither
2026-09-14T02:02:04.8279|INFO|SequenceItem.cs|Run|254|Finishing Category: * Set di Istruzioni *, Container: NINA.Sequencer.Container.SequentialContainer, Strategy: SequentialStrategy, Items[FINISHED]: 1
2026-09-14T02:02:04.8289|INFO|MeridianFlipTrigger.cs|ShouldTrigger|296|Meridian Flip - (Side of Pier usage is disabled) There is still time remaining. Max remaining time 07:38:20.6148771, next instruction time 600, next instruction Category: Fotocamera, Item: TakeExposure, ExposureTime 600, Gain 15, Offset 132, ImageType LIGHT, Binning 1x1
2026-09-14T02:02:04.8290|INFO|SequenceTrigger.cs|Run|114|Starting Trigger: RestoreGuiding
2026-09-14T02:02:04.8291|INFO|SequenceItem.cs|Run|208|Starting Category: * Set di Istruzioni *, Container: NINA.Sequencer.Container.SequentialContainer, Strategy: SequentialStrategy, Items[CREATED]: 1
2026-09-14T02:02:04.8303|INFO|SequenceItem.cs|Run|208|Starting Category: Guida, Item: StartGuiding
2026-09-14T02:02:04.8662|INFO|PHD2Guider.cs|StartGuidingPrivate|504|Phd2 - App is already guiding. Skipping start guiding
2026-09-14T02:02:04.8664|INFO|SequenceItem.cs|Run|254|Finishing Category: Guida, Item: StartGuiding
2026-09-14T02:02:04.8668|INFO|SequenceItem.cs|Run|254|Finishing Category: * Set di Istruzioni *, Container: NINA.Sequencer.Container.SequentialContainer, Strategy: SequentialStrategy, Items[FINISHED]: 1
2026-09-14T02:02:04.8689|INFO|SequenceItem.cs|Run|208|Starting Category: Fotocamera, Item: TakeExposure, ExposureTime 600, Gain 15, Offset 132, ImageType LIGHT, Binning 1x1
2026-09-14T02:02:04.8694|INFO|CameraVM.cs|Capture|742|Starting Exposure - Exposure Time: 600s; Filter: ; Gain: 15; Offset 132; Binning: 1x1;
2026-09-14T02:12:11.0666|WARNING|DeviceUpdateTimer.cs|Run|115|Camera value update cycle took longer than the device poll interval (Total: 11.74s > 2s; Poll: 00:00:11.7396961; Update: 00:00:00.0001861)
2026-09-14T02:12:11.0674|INFO|SequenceItem.cs|Run|254|Finishing Category: Fotocamera, Item: TakeExposure, ExposureTime 600, Gain 15, Offset 132, ImageType LIGHT, Binning 1x1
2026-09-14T02:12:11.0682|INFO|MeridianFlipTrigger.cs|ShouldTrigger|296|Meridian Flip - (Side of Pier usage is disabled) There is still time remaining. Max remaining time 07:28:12.6775232, next instruction time 0, next instruction Category: Ruota porta filtri, Item: SwitchFilter, Filter: L-Pro
2026-09-14T02:12:11.0682|INFO|SequenceItem.cs|Run|208|Starting Category: Ruota porta filtri, Item: SwitchFilter, Filter: L-Pro
2026-09-14T02:12:11.2004|INFO|SequenceItem.cs|Run|254|Finishing Category: Ruota porta filtri, Item: SwitchFilter, Filter: L-Pro
2026-09-14T02:12:11.2008|INFO|SequenceTrigger.cs|Run|114|Starting Trigger: DitherAfterExposures, After Exposures: 1
2026-09-14T02:12:11.2009|INFO|SequenceItem.cs|Run|208|Starting Category: * Set di Istruzioni *, Container: NINA.Sequencer.Container.SequentialContainer, Strategy: SequentialStrategy, Items[CREATED]: 1
2026-09-14T02:12:11.2011|INFO|SequenceItem.cs|Run|208|Starting Category: Guida, Item: Dither
2026-09-14T02:12:11.2723|INFO|SequenceItem.cs|Run|254|Finishing Category: Guida, Item: Dither
2026-09-14T02:12:11.2724|INFO|SequenceItem.cs|Run|254|Finishing Category: * Set di Istruzioni *, Container: NINA.Sequencer.Container.SequentialContainer, Strategy: SequentialStrategy, Items[FINISHED]: 1
2026-09-14T02:12:11.2730|INFO|MeridianFlipTrigger.cs|ShouldTrigger|296|Meridian Flip - (Side of Pier usage is disabled) There is still time remaining. Max remaining time 07:28:12.6775232, next instruction time 600, next instruction Category: Fotocamera, Item: TakeExposure, ExposureTime 600, Gain 15, Offset 132, ImageType LIGHT, Binning 1x1
2026-09-14T02:12:11.2730|INFO|SequenceTrigger.cs|Run|114|Starting Trigger: RestoreGuiding
2026-09-14T02:12:11.2731|INFO|SequenceItem.cs|Run|208|Starting Category: * Set di Istruzioni *, Container: NINA.Sequencer.Container.SequentialContainer, Strategy: SequentialStrategy, Items[CREATED]: 1
2026-09-14T02:12:11.2732|INFO|SequenceItem.cs|Run|208|Starting Category: Guida, Item: StartGuiding
2026-09-14T02:12:11.3001|INFO|PHD2Guider.cs|StartGuidingPrivate|509|Phd2 - App has lost guide star and needs to stop before starting guiding again
2026-09-14T02:12:11.4838|INFO|ImageSolver.cs|Solve|41|Platesolving with parameters: FocalLength: 1260 PixelSize: 4.54 SearchRadius: 30 BlindFailoverEnabled: True Regions: 5000 DownSampleFactor: 2 MaxObjects: 500 Reference Coordinates RA: 19:59:27 Dec: 24° 47' 49" Epoch: J2000
2026-09-14T02:12:12.0904|INFO|PHD2Guider.cs|TryStartGuideCommand|641|Phd2 - Requesting to start guiding. Recalibrate: False
2026-09-14T02:12:12.2652|INFO|BaseImageData.cs|SaveToDisk|346|Saved image to C:\Users\PrimaLuceLab\AppData\Local\NINA\PlateSolver\qwcpntmo.rlp.fits
2026-09-14T02:12:15.2433|INFO|HocusFocusStarDetection.cs|Detect|413|Average HFR: 2.9015474287045766, HFR MAD: 0.33642785832477795, Detected Stars 493, Region: 0
2026-09-14T02:12:15.8993|WARNING|DeviceUpdateTimer.cs|Run|115|Dome value update cycle took longer than the device poll interval (Total: 2.34s > 2s; Poll: 00:00:00.1096118; Update: 00:00:02.2286059)
2026-09-14T02:12:16.0003|INFO|BaseImageData.cs|SaveToDisk|346|Saved image to D:\Images NINA\Target\LIGHT_1x1_600.00s_15_132_M 27_Celestron C8__-10.00C_L-Pro_0305_2026-09-14_02-02-04_FWHM_4.71_Fok_40582.xisf
2026-09-14T02:12:16.0004|INFO|ImageSaveController.cs|DoWork|97|Successfully saved file at D:\Images NINA\Target\LIGHT_1x1_600.00s_15_132_M 27_Celestron C8__-10.00C_L-Pro_0305_2026-09-14_02-02-04_FWHM_4.71_Fok_40582.xisf. Duration Total: 00:00:04.5168434; BeforeSave: 00:00:00.0000870; BeforeFinalizeImageSaved: 00:00:04.4396063; FinalizeSaveTime: 00:00:00.0771493
2026-09-14T02:12:17.5209|INFO|ImageSolver.cs|Solve|54|Platesolve successful: Coordinates: RA: 19:59:34; Dec: 22° 43' 32"; Epoch: J2000 - Position Angle: 73.25461838821235
2026-09-14T02:12:17.5211|INFO|CenterAfterDriftTrigger.cs|PlatesolvingImageFollower_PropertyChanged|189|Drift: 0.5006633718119995 / 3 arc minutes
2026-09-14T02:13:09.0212|ERROR|PHD2Guider.cs|ProcessEvent|937|PHD2 error:timed-out waiting for guider to settle
2026-09-14T02:13:09.3593|INFO|SequenceItem.cs|Run|254|Finishing Category: Guida, Item: StartGuiding
2026-09-14T02:13:09.3596|INFO|SequenceItem.cs|Run|254|Finishing Category: * Set di Istruzioni *, Container: NINA.Sequencer.Container.SequentialContainer, Strategy: SequentialStrategy, Items[FINISHED]: 1
2026-09-14T02:13:09.3597|INFO|SequenceItem.cs|Run|208|Starting Category: Fotocamera, Item: TakeExposure, ExposureTime 600, Gain 15, Offset 132, ImageType LIGHT, Binning 1x1
2026-09-14T02:13:09.3710|INFO|CameraVM.cs|Capture|742|Starting Exposure - Exposure Time: 600s; Filter: ; Gain: 15; Offset 132; Binning: 1x1;
2026-09-14T02:23:08.8894|WARNING|DeviceUpdateTimer.cs|Run|115|Dome value update cycle took longer than the device poll interval (Total: 5.46s > 2s; Poll: 00:00:00.0026418; Update: 00:00:05.4542494)
2026-09-14T02:23:15.5545|WARNING|DeviceUpdateTimer.cs|Run|115|Camera value update cycle took longer than the device poll interval (Total: 8.13s > 2s; Poll: 00:00:08.1294923; Update: 00:00:00.0001910)
2026-09-14T02:23:15.5872|INFO|SequenceItem.cs|Run|254|Finishing Category: Fotocamera, Item: TakeExposure, ExposureTime 600, Gain 15, Offset 132, ImageType LIGHT, Binning 1x1
2026-09-14T02:23:15.5879|INFO|MeridianFlipTrigger.cs|ShouldTrigger|296|Meridian Flip - (Side of Pier usage is disabled) There is still time remaining. Max remaining time 07:17:05.7022935, next instruction time 0, next instruction Category: Ruota porta filtri, Item: SwitchFilter, Filter: L-Pro
2026-09-14T02:23:15.5880|INFO|SequenceItem.cs|Run|208|Starting Category: Ruota porta filtri, Item: SwitchFilter, Filter: L-Pro
2026-09-14T02:23:15.7088|INFO|SequenceItem.cs|Run|254|Finishing Category: Ruota porta filtri, Item: SwitchFilter, Filter: L-Pro
2026-09-14T02:23:15.7092|INFO|SequenceTrigger.cs|Run|114|Starting Trigger: DitherAfterExposures, After Exposures: 1
2026-09-14T02:23:15.7092|INFO|SequenceItem.cs|Run|208|Starting Category: * Set di Istruzioni *, Container: NINA.Sequencer.Container.SequentialContainer, Strategy: SequentialStrategy, Items[CREATED]: 1
2026-09-14T02:23:15.7093|INFO|SequenceItem.cs|Run|208|Starting Category: Guida, Item: Dither
2026-09-14T02:23:15.7765|INFO|SequenceItem.cs|Run|254|Finishing Category: Guida, Item: Dither
2026-09-14T02:23:15.7767|INFO|SequenceItem.cs|Run|254|Finishing Category: * Set di Istruzioni *, Container: NINA.Sequencer.Container.SequentialContainer, Strategy: SequentialStrategy, Items[FINISHED]: 1
2026-09-14T02:23:15.7772|INFO|MeridianFlipTrigger.cs|ShouldTrigger|296|Meridian Flip - (Side of Pier usage is disabled) There is still time remaining. Max remaining time 07:17:05.7022935, next instruction time 600, next instruction Category: Fotocamera, Item: TakeExposure, ExposureTime 600, Gain 15, Offset 132, ImageType LIGHT, Binning 1x1
2026-09-14T02:23:15.7773|INFO|SequenceTrigger.cs|Run|114|Starting Trigger: RestoreGuiding
2026-09-14T02:23:15.7773|INFO|SequenceItem.cs|Run|208|Starting Category: * Set di Istruzioni *, Container: NINA.Sequencer.Container.SequentialContainer, Strategy: SequentialStrategy, Items[CREATED]: 1
2026-09-14T02:23:15.7774|INFO|SequenceItem.cs|Run|208|Starting Category: Guida, Item: StartGuiding
2026-09-14T02:23:15.8053|INFO|PHD2Guider.cs|StartGuidingPrivate|509|Phd2 - App has lost guide star and needs to stop before starting guiding again
2026-09-14T02:23:16.4481|INFO|PHD2Guider.cs|TryStartGuideCommand|641|Phd2 - Requesting to start guiding. Recalibrate: False
2026-09-14T02:23:17.6370|INFO|HocusFocusStarDetection.cs|Detect|413|Average HFR: 2.7316267282961078, HFR MAD: 0.0725340389253688, Detected Stars 3, Region: 0
2026-09-14T02:23:17.9398|INFO|BaseImageData.cs|SaveToDisk|346|Saved image to D:\Images NINA\Target\LIGHT_1x1_600.00s_15_132_M 27_Celestron C8__-9.96C_L-Pro_0306_2026-09-14_02-13-09_FWHM_NaN_Fok_40582.xisf
2026-09-14T02:23:17.9399|INFO|ImageSaveController.cs|DoWork|97|Successfully saved file at D:\Images NINA\Target\LIGHT_1x1_600.00s_15_132_M 27_Celestron C8__-9.96C_L-Pro_0306_2026-09-14_02-13-09_FWHM_NaN_Fok_40582.xisf. Duration Total: 00:00:01.9576752; BeforeSave: 00:00:00.0001321; BeforeFinalizeImageSaved: 00:00:01.8997588; FinalizeSaveTime: 00:00:00.0577835
2026-09-14T02:24:10.1472|ERROR|PHD2Guider.cs|ProcessEvent|937|PHD2 error:timed-out waiting for guider to settle
2026-09-14T02:24:10.4525|INFO|SequenceItem.cs|Run|254|Finishing Category: Guida, Item: StartGuiding
2026-09-14T02:24:10.4529|INFO|SequenceItem.cs|Run|254|Finishing Category: * Set di Istruzioni *, Container: NINA.Sequencer.Container.SequentialContainer, Strategy: SequentialStrategy, Items[FINISHED]: 1
2026-09-14T02:24:10.4532|INFO|SequenceItem.cs|Run|208|Starting Category: Fotocamera, Item: TakeExposure, ExposureTime 600, Gain 15, Offset 132, ImageType LIGHT, Binning 1x1
2026-09-14T02:24:10.4536|INFO|CameraVM.cs|Capture|742|Starting Exposure - Exposure Time: 600s; Filter: ; Gain: 15; Offset 132; Binning: 1x1;
2026-09-14T02:34:16.6427|WARNING|DeviceUpdateTimer.cs|Run|115|Camera value update cycle took longer than the device poll interval (Total: 11.31s > 2s; Poll: 00:00:11.3066954; Update: 00:00:00.0001810)
2026-09-14T02:34:16.6862|INFO|SequenceItem.cs|Run|254|Finishing Category: Fotocamera, Item: TakeExposure, ExposureTime 600, Gain 15, Offset 132, ImageType LIGHT, Binning 1x1
2026-09-14T02:34:16.6869|INFO|MeridianFlipTrigger.cs|ShouldTrigger|296|Meridian Flip - (Side of Pier usage is disabled) There is still time remaining. Max remaining time 07:06:03.8971902, next instruction time 0, next instruction Category: Ruota porta filtri, Item: SwitchFilter, Filter: L-Pro
2026-09-14T02:34:16.6869|INFO|SequenceItem.cs|Run|208|Starting Category: Ruota porta filtri, Item: SwitchFilter, Filter: L-Pro
2026-09-14T02:34:16.8186|INFO|SequenceItem.cs|Run|254|Finishing Category: Ruota porta filtri, Item: SwitchFilter, Filter: L-Pro
2026-09-14T02:34:16.8192|INFO|TimeCondition.cs|Check|248|No more time remaining. Remaining: 00:06:08.1811067, Next Item Scatta esposizione, Next Item Estimated Duration 00:10:00, Next Item Attempts: 1
2026-09-14T02:34:16.8192|INFO|TimeCondition.cs|Check|254|TimeCondition finished.
2026-09-14T02:34:16.8196|INFO|TimeCondition.cs|Check|248|No more time remaining. Remaining: 00:06:08.1803711, Next Item Scatta esposizione, Next Item Estimated Duration 00:10:00, Next Item Attempts: 1
2026-09-14T02:34:16.8196|INFO|TimeCondition.cs|Check|254|TimeCondition finished.
2026-09-14T02:34:16.8197|INFO|TimeCondition.cs|Check|248|No more time remaining. Remaining: 00:06:08.1802691, Next Item Scatta esposizione, Next Item Estimated Duration 00:10:00, Next Item Attempts: 1
2026-09-14T02:34:16.8197|INFO|TimeCondition.cs|Check|254|TimeCondition finished.
2026-09-14T02:34:16.8214|INFO|SequenceItem.cs|Run|254|Finishing Category: Fotocamera, Container: NINA.Sequencer.SequenceItem.Imaging.SmartExposure, Strategy: SequentialStrategy, Items[FINISHED]: 1, Items[SKIPPED]: 1, Conditions: Condition: LoopCondition, Iterations: 28/40, , Triggers: Trigger: DitherAfterExposures, After Exposures: 1
2026-09-14T02:34:16.8231|INFO|SequenceItem.cs|Run|254|Finishing Category: * Set di Istruzioni *, Container: NINA.Sequencer.Container.DeepSkyObjectContainer, Strategy: SequentialStrategy, Items[FINISHED]: 4, Triggers: Trigger: CenterAfterDriftTrigger, DistanceArcMinutes: 3, Target: M 27 RA: 19:59:36; Dec: 22° 43' 16"; Epoch: J2000 0
2026-09-14T02:34:16.8234|INFO|TimeCondition.cs|Check|254|TimeCondition finished.
2026-09-14T02:34:16.8235|INFO|SequenceItem.cs|Run|254|Finishing Category: * Set di Istruzioni *, Container: NINA.Sequencer.Container.SequentialContainer, Strategy: SequentialStrategy, Items[FINISHED]: 3, Conditions: Condition: TimeCondition, Time: 2:40:25h, 
2026-09-14T02:34:16.8358|INFO|SequenceItem.cs|Run|254|Finishing Category: * Set di Istruzioni *, Container: NINA.Sequencer.Container.SequentialContainer, Strategy: SequentialStrategy, Items[FINISHED]: 2
2026-09-14T02:34:16.8364|INFO|MeridianFlipTrigger.cs|ShouldTrigger|296|Meridian Flip - (Side of Pier usage is disabled) There is still time remaining. Max remaining time 07:06:03.8971902, next instruction time 0, next instruction Category: Utilità, Item: Annotation, Text: Note: This BLANK Script Instruction is here such that it will FAIL ON PURPOSE after the final Target is completed. This forces UNSAFE to be skipped so we can proceed to the END.
2026-09-14T02:34:16.8365|INFO|SequenceItem.cs|Run|208|Starting Category: Utilità, Item: Annotation, Text: Note: This BLANK Script Instruction is here such that it will FAIL ON PURPOSE after the final Target is completed. This forces UNSAFE to be skipped so we can proceed to the END.
2026-09-14T02:34:16.8365|INFO|SequenceItem.cs|Run|254|Finishing Category: Utilità, Item: Annotation, Text: Note: This BLANK Script Instruction is here such that it will FAIL ON PURPOSE after the final Target is completed. This forces UNSAFE to be skipped so we can proceed to the END.
2026-09-14T02:34:16.8391|INFO|MeridianFlipTrigger.cs|ShouldTrigger|296|Meridian Flip - (Side of Pier usage is disabled) There is still time remaining. Max remaining time 07:06:03.8971902, next instruction time 0, next instruction Category: Utilità, Item: Annotation, Text: DO NOT PLACE ANY TEXT IN THE EXTERNAL SCRIPT FIELD BELOW.
2026-09-14T02:34:16.8393|INFO|SequenceItem.cs|Run|208|Starting Category: Utilità, Item: Annotation, Text: DO NOT PLACE ANY TEXT IN THE EXTERNAL SCRIPT FIELD BELOW.
2026-09-14T02:34:16.8393|INFO|SequenceItem.cs|Run|254|Finishing Category: Utilità, Item: Annotation, Text: DO NOT PLACE ANY TEXT IN THE EXTERNAL SCRIPT FIELD BELOW.
2026-09-14T02:34:16.8405|INFO|MeridianFlipTrigger.cs|ShouldTrigger|296|Meridian Flip - (Side of Pier usage is disabled) There is still time remaining. Max remaining time 07:06:03.8971902, next instruction time 0, next instruction Category: Utilità, Item: ExternalScript, Script: 
2026-09-14T02:34:16.8408|INFO|SequenceItem.cs|Run|208|Starting Category: Utilità, Item: ExternalScript, Script: 
2026-09-14T02:34:16.8452|ERROR|ExternalCommandExecutor.cs|RunSequenceCompleteCommandTask|35|Command not found: 
2026-09-14T02:34:16.8470|ERROR|SequenceItem.cs|Run|263|Category: Utilità, Item: ExternalScript, Script:  - 
NINA.Core.Model.SequenceEntityFailedException: Comando esterno non è stato eseguito con successo
   at NINA.Sequencer.SequenceItem.Utility.ExternalScript.Execute(IProgress`1 progress, CancellationToken token) in /_/NINA.Sequencer/SequenceItem/Utility/ExternalScript.cs:line 92
   at NINA.Sequencer.SequenceItem.SequenceItem.Run(IProgress`1 progress, CancellationToken token) in /_/NINA.Sequencer/SequenceItem/SequenceItem.cs:line 249
2026-09-14T02:34:16.9122|ERROR|SequenceItem.cs|RunErrorBehavior|190|Instruction Script Esterno failed after 1 attempt. Error behavior is set to SkipToSequenceEndInstructions. Skipping to end of sequence instructions.
2026-09-14T02:34:16.9263|INFO|SequenceItem.cs|Run|254|Finishing Category: * Set di Istruzioni *, Container: NINA.Sequencer.Container.TargetAreaContainer, Strategy: SequentialStrategy, Items[FINISHED]: 1, Items[CREATED]: 1
2026-09-14T02:34:16.9281|INFO|MeridianFlipTrigger.cs|ShouldTrigger|296|Meridian Flip - (Side of Pier usage is disabled) There is still time remaining. Max remaining time 07:06:03.8971902, next instruction time 0, next instruction Category: * Set di Istruzioni *, Container: NINA.Sequencer.Container.EndAreaContainer, Strategy: SequentialStrategy, Items[CREATED]: 1
2026-09-14T02:34:16.9284|INFO|SequenceItem.cs|Run|208|Starting Category: * Set di Istruzioni *, Container: NINA.Sequencer.Container.EndAreaContainer, Strategy: SequentialStrategy, Items[CREATED]: 1
2026-09-14T02:34:16.9290|INFO|MeridianFlipTrigger.cs|ShouldTrigger|296|Meridian Flip - (Side of Pier usage is disabled) There is still time remaining. Max remaining time 07:06:03.8971902, next instruction time 0, next instruction Category: * Set di Istruzioni *, Container: NINA.Sequencer.Container.SequentialContainer, Strategy: SequentialStrategy, Items[CREATED]: 17
2026-09-14T02:34:16.9291|INFO|SequenceItem.cs|Run|208|Starting Category: * Set di Istruzioni *, Container: NINA.Sequencer.Container.SequentialContainer, Strategy: SequentialStrategy, Items[CREATED]: 17
2026-09-14T02:34:16.9296|INFO|MeridianFlipTrigger.cs|ShouldTrigger|296|Meridian Flip - (Side of Pier usage is disabled) There is still time remaining. Max remaining time 07:06:03.8971902, next instruction time 0, next instruction Category: Utilità, Item: Annotation, Text: VERSION: 1
2026-09-14T02:34:16.9297|INFO|SequenceItem.cs|Run|208|Starting Category: Utilità, Item: Annotation, Text: VERSION: 1
2026-09-14T02:34:16.9297|INFO|SequenceItem.cs|Run|254|Finishing Category: Utilità, Item: Annotation, Text: VERSION: 1
2026-09-14T02:34:16.9302|INFO|MeridianFlipTrigger.cs|ShouldTrigger|296|Meridian Flip - (Side of Pier usage is disabled) There is still time remaining. Max remaining time 07:06:03.8971902, next instruction time 0, next instruction Category: * Set di Istruzioni *, Container: NINA.Sequencer.Container.SequentialContainer, Strategy: SequentialStrategy, Items[CREATED]: 3
2026-09-14T02:34:16.9304|INFO|SequenceItem.cs|Run|208|Starting Category: * Set di Istruzioni *, Container: NINA.Sequencer.Container.SequentialContainer, Strategy: SequentialStrategy, Items[CREATED]: 3
2026-09-14T02:34:17.0216|INFO|MeridianFlipTrigger.cs|ShouldTrigger|296|Meridian Flip - (Side of Pier usage is disabled) There is still time remaining. Max remaining time 07:06:03.8971902, next instruction time 0, next instruction Category: Utilità, Item: Annotation, Text: This End Sequence ensures an ASCOM Safety Monitor will function in a sequence as expected.
2026-09-14T02:34:17.0218|INFO|SequenceItem.cs|Run|208|Starting Category: Utilità, Item: Annotation, Text: This End Sequence ensures an ASCOM Safety Monitor will function in a sequence as expected.
2026-09-14T02:34:17.0218|INFO|SequenceItem.cs|Run|254|Finishing Category: Utilità, Item: Annotation, Text: This End Sequence ensures an ASCOM Safety Monitor will function in a sequence as expected.
2026-09-14T02:34:17.0225|INFO|MeridianFlipTrigger.cs|ShouldTrigger|296|Meridian Flip - (Side of Pier usage is disabled) There is still time remaining. Max remaining time 07:06:03.8971902, next instruction time 0, next instruction Category: Utilità, Item: Annotation, Text: The CONNECTOR Plugin is used in this Sequence.
2026-09-14T02:34:17.0225|INFO|SequenceItem.cs|Run|208|Starting Category: Utilità, Item: Annotation, Text: The CONNECTOR Plugin is used in this Sequence.
2026-09-14T02:34:17.0225|INFO|SequenceItem.cs|Run|254|Finishing Category: Utilità, Item: Annotation, Text: The CONNECTOR Plugin is used in this Sequence.
2026-09-14T02:34:17.0230|INFO|MeridianFlipTrigger.cs|ShouldTrigger|296|Meridian Flip - (Side of Pier usage is disabled) There is still time remaining. Max remaining time 07:06:03.8971902, next instruction time 0, next instruction Category: Utilità, Item: Annotation, Text: A Switch is also used within this End Sequence.
2026-09-14T02:34:17.0230|INFO|SequenceItem.cs|Run|208|Starting Category: Utilità, Item: Annotation, Text: A Switch is also used within this End Sequence.
2026-09-14T02:34:17.0230|INFO|SequenceItem.cs|Run|254|Finishing Category: Utilità, Item: Annotation, Text: A Switch is also used within this End Sequence.
2026-09-14T02:34:17.0232|INFO|SequenceItem.cs|Run|254|Finishing Category: * Set di Istruzioni *, Container: NINA.Sequencer.Container.SequentialContainer, Strategy: SequentialStrategy, Items[FINISHED]: 3
2026-09-14T02:34:17.0239|INFO|MeridianFlipTrigger.cs|ShouldTrigger|296|Meridian Flip - (Side of Pier usage is disabled) There is still time remaining. Max remaining time 07:06:03.8971902, next instruction time 0, next instruction Category: Guida, Item: StopGuiding
2026-09-14T02:34:17.0241|INFO|SequenceItem.cs|Run|208|Starting Category: Guida, Item: StopGuiding
2026-09-14T02:34:18.3197|INFO|SequenceItem.cs|Run|254|Finishing Category: Guida, Item: StopGuiding
2026-09-14T02:34:18.3207|INFO|MeridianFlipTrigger.cs|ShouldTrigger|296|Meridian Flip - (Side of Pier usage is disabled) There is still time remaining. Max remaining time 07:06:03.8971902, next instruction time 0, next instruction Category: Telescopio, Item: SetTracking, TrackingMode: Stopped
2026-09-14T02:34:18.3208|INFO|SequenceItem.cs|Run|208|Starting Category: Telescopio, Item: SetTracking, TrackingMode: Stopped
2026-09-14T02:34:18.6794|INFO|SequenceItem.cs|Run|254|Finishing Category: Telescopio, Item: SetTracking, TrackingMode: Stopped
2026-09-14T02:34:18.6803|INFO|MeridianFlipTrigger.cs|ShouldTrigger|296|Meridian Flip - (Side of Pier usage is disabled) There is still time remaining. Max remaining time 07:06:03.8971902, next instruction time 0, next instruction Category: Telescopio, Item: FindHome
2026-09-14T02:34:18.6806|INFO|SequenceItem.cs|Run|208|Starting Category: Telescopio, Item: FindHome
2026-09-14T02:34:18.8660|INFO|PHD2Guider.cs|StopGuiding|704|Phd2 - Stop Guiding skipped, as the app is already in state Stopped
2026-09-14T02:34:18.8683|INFO|TelescopeVM.cs|FindHome|292|Mount ordered to locate home position
2026-09-14T02:34:19.6091|WARNING|DeviceUpdateTimer.cs|Run|115|Dome value update cycle took longer than the device poll interval (Total: 2.12s > 2s; Poll: 00:00:00.3148386; Update: 00:00:01.8063715)
2026-09-14T02:34:20.1446|INFO|HocusFocusStarDetection.cs|Detect|413|Average HFR: 2.9845936950012724, HFR MAD: 0.3378142748340487, Detected Stars 491, Region: 0
2026-09-14T02:34:20.4390|INFO|BaseImageData.cs|SaveToDisk|346|Saved image to D:\Images NINA\Target\LIGHT_1x1_600.00s_15_132_M 27_Celestron C8__-9.96C_L-Pro_0307_2026-09-14_02-24-10_FWHM_4.87_Fok_40582.xisf
2026-09-14T02:34:20.4391|INFO|ImageSaveController.cs|DoWork|97|Successfully saved file at D:\Images NINA\Target\LIGHT_1x1_600.00s_15_132_M 27_Celestron C8__-9.96C_L-Pro_0307_2026-09-14_02-24-10_FWHM_4.87_Fok_40582.xisf. Duration Total: 00:00:03.3860098; BeforeSave: 00:00:00.0000987; BeforeFinalizeImageSaved: 00:00:03.3542219; FinalizeSaveTime: 00:00:00.0316885
2026-09-14T02:34:51.4786|INFO|TelescopeVM.cs|FindHome|348|Mount has located its home position
2026-09-14T02:34:51.4787|INFO|SequenceItem.cs|Run|254|Finishing Category: Telescopio, Item: FindHome
2026-09-14T02:34:51.4788|INFO|MeridianFlipTrigger.cs|ShouldTrigger|197|Meridian Flip - Telescope is at home position. Skip flip evaluation
2026-09-14T02:34:51.4792|INFO|SequenceItem.cs|Run|208|Starting Category: Apparato per i Flat, Item: CloseCover
2026-09-14T02:34:51.4899|INFO|FlatDeviceVM.cs|CloseCover|341|Closing Flat Device Cover
2026-09-14T02:35:17.3377|INFO|SequenceItem.cs|Run|254|Finishing Category: Apparato per i Flat, Item: CloseCover
2026-09-14T02:35:17.3379|INFO|MeridianFlipTrigger.cs|ShouldTrigger|197|Meridian Flip - Telescope is at home position. Skip flip evaluation
2026-09-14T02:35:17.3390|INFO|SequenceItem.cs|Run|208|Starting Category: Osservatorio, Item: CloseDomeShutter
2026-09-14T02:35:17.3484|INFO|DomeVM.cs|CloseShutter|544|Closing dome shutter. Shutter state before closing ShutterOpen
2026-09-14T02:35:17.3517|INFO|AscomDome.cs|CloseShutter|245|Sending a CloseShutter request, since it is currently ShutterOpen
2026-09-14T02:36:05.5809|INFO|DomeVM.cs|CloseShutter|550|Closed dome shutter. Shutter state after closing ShutterClosed
2026-09-14T02:36:05.5823|INFO|SequenceItem.cs|Run|254|Finishing Category: Osservatorio, Item: CloseDomeShutter
2026-09-14T02:36:05.5824|INFO|MeridianFlipTrigger.cs|ShouldTrigger|197|Meridian Flip - Telescope is at home position. Skip flip evaluation
2026-09-14T02:36:05.5830|INFO|SequenceItem.cs|Run|208|Starting Category: Fotocamera, Item: WarmCamera, Duration: 5
2026-09-14T02:36:05.5857|INFO|CameraVM.cs|WarmCamera|161|Warming Camera. Duration: 00:05:00
2026-09-14T02:43:08.0396|INFO|CameraVM.cs|WarmCamera|179|Could not reach warming temperature. Most likley due to ambient temperature being lower. Continuing...
2026-09-14T02:43:28.1202|INFO|CameraVM.cs|WarmCamera|186|Turning cooler off
2026-09-14T02:43:28.1205|INFO|SequenceItem.cs|Run|254|Finishing Category: Fotocamera, Item: WarmCamera, Duration: 5
2026-09-14T02:43:28.1206|INFO|MeridianFlipTrigger.cs|ShouldTrigger|197|Meridian Flip - Telescope is at home position. Skip flip evaluation
2026-09-14T02:43:28.1212|INFO|SequenceItem.cs|Run|208|Starting Category: Connetti, Item: DisconnectEquipment, Selected device: Camera
2026-09-14T02:43:28.1650|INFO|QHYCamera.cs|Disconnect|1057|QHYCCD: Closing camera 695A-M-0037ec709603ca4e3
2026-09-14T02:43:28.1994|INFO|CameraVM.cs|Disconnect|650|Disconnected Camera
2026-09-14T02:43:28.1995|INFO|SequenceItem.cs|Run|254|Finishing Category: Connetti, Item: DisconnectEquipment, Selected device: Camera
2026-09-14T02:43:28.1996|INFO|MeridianFlipTrigger.cs|ShouldTrigger|197|Meridian Flip - Telescope is at home position. Skip flip evaluation
2026-09-14T02:43:28.1997|INFO|SequenceItem.cs|Run|208|Starting Category: Connetti, Item: DisconnectEquipment, Selected device: Filter Wheel
2026-09-14T02:43:28.3406|INFO|FilterWheelVM.cs|Disconnect|333|Disconnected Filter Wheel
2026-09-14T02:43:28.3409|INFO|SequenceItem.cs|Run|254|Finishing Category: Connetti, Item: DisconnectEquipment, Selected device: Filter Wheel
2026-09-14T02:43:28.3411|INFO|MeridianFlipTrigger.cs|ShouldTrigger|197|Meridian Flip - Telescope is at home position. Skip flip evaluation
2026-09-14T02:43:28.3412|INFO|SequenceItem.cs|Run|208|Starting Category: Connetti, Item: DisconnectEquipment, Selected device: Focuser
2026-09-14T02:43:28.3459|INFO|AscomDevice.cs|Disconnect|378|Disconnecting from ASCOM.PegasusAstro.Focuser Pegasus Astro Focus Controller
2026-09-14T02:43:28.5330|INFO|FocuserVM.cs|Disconnect|441|Disconnected Focuser
2026-09-14T02:43:28.5333|INFO|SequenceItem.cs|Run|254|Finishing Category: Connetti, Item: DisconnectEquipment, Selected device: Focuser
2026-09-14T02:43:28.5335|INFO|MeridianFlipTrigger.cs|ShouldTrigger|197|Meridian Flip - Telescope is at home position. Skip flip evaluation
2026-09-14T02:43:28.5335|INFO|SequenceItem.cs|Run|208|Starting Category: Connetti, Item: DisconnectEquipment, Selected device: Mount
2026-09-14T02:43:28.5506|INFO|AscomDevice.cs|Disconnect|378|Disconnecting from ASCOM.Optec ASCOM.Telescope CPWI_ASCOM_Telescope
2026-09-14T02:43:28.5750|INFO|TelescopeVM.cs|Disconnect|740|Disconnected mount
2026-09-14T02:43:28.5751|INFO|SequenceItem.cs|Run|254|Finishing Category: Connetti, Item: DisconnectEquipment, Selected device: Mount
2026-09-14T02:43:28.5753|ERROR|MeridianFlipTrigger.cs|ShouldTrigger|183|Meridian Flip - Telescope is not connected to evaluate if a flip should happen!
2026-09-14T02:43:28.5753|INFO|SequenceItem.cs|Run|208|Starting Category: Connetti, Item: DisconnectEquipment, Selected device: Guider
2026-09-14T02:43:28.5823|INFO|SequenceItem.cs|Run|254|Finishing Category: Connetti, Item: DisconnectEquipment, Selected device: Guider
2026-09-14T02:43:28.5835|ERROR|MeridianFlipTrigger.cs|ShouldTrigger|183|Meridian Flip - Telescope is not connected to evaluate if a flip should happen!
2026-09-14T02:43:28.5842|INFO|SequenceItem.cs|Run|208|Starting Category: Connetti, Item: DisconnectEquipment, Selected device: Flat Panel
2026-09-14T02:43:28.5868|INFO|AscomDevice.cs|Disconnect|378|Disconnecting from ASCOM.WandererCover1.CoverCalibrator WandererEmpire Cover 1
2026-09-14T02:43:28.6161|INFO|FlatDeviceVM.cs|Disconnect|289|Disconnected Flat Device
2026-09-14T02:43:28.6164|INFO|SequenceItem.cs|Run|254|Finishing Category: Connetti, Item: DisconnectEquipment, Selected device: Flat Panel
2026-09-14T02:43:28.6165|ERROR|MeridianFlipTrigger.cs|ShouldTrigger|183|Meridian Flip - Telescope is not connected to evaluate if a flip should happen!
2026-09-14T02:43:28.6166|INFO|SequenceItem.cs|Run|208|Starting Category: Connetti, Item: DisconnectEquipment, Selected device: Weather
2026-09-14T02:43:28.6191|INFO|AscomDevice.cs|Disconnect|378|Disconnecting from ASCOM.CloudWatcher.ObservingConditions CloudWatcher ObsCond
2026-09-14T02:43:28.6295|INFO|WeatherDataVM.cs|Disconnect|305|Disconnected Weather Device
2026-09-14T02:43:28.6296|INFO|SequenceItem.cs|Run|254|Finishing Category: Connetti, Item: DisconnectEquipment, Selected device: Weather
2026-09-14T02:43:28.6297|ERROR|MeridianFlipTrigger.cs|ShouldTrigger|183|Meridian Flip - Telescope is not connected to evaluate if a flip should happen!
2026-09-14T02:43:28.6297|INFO|SequenceItem.cs|Run|208|Starting Category: Connetti, Item: DisconnectEquipment, Selected device: Dome
2026-09-14T02:43:28.8671|INFO|AscomDevice.cs|Disconnect|378|Disconnecting from ASCOM.TS_Shelter.Dome Shelter Dome
2026-09-14T02:43:29.0668|WARNING|QhyccdSdk.cs|SetControlValue|285|QHYCCD: Failed to Set Control CONTROL_MANULPWM with value 0
2026-09-14T02:43:29.2856|INFO|DomeVM.cs|Disconnect|355|Disconnected Dome Device
2026-09-14T02:43:29.2857|INFO|SequenceItem.cs|Run|254|Finishing Category: Connetti, Item: DisconnectEquipment, Selected device: Dome
2026-09-14T02:43:29.2858|ERROR|MeridianFlipTrigger.cs|ShouldTrigger|183|Meridian Flip - Telescope is not connected to evaluate if a flip should happen!
2026-09-14T02:43:29.2859|INFO|SequenceItem.cs|Run|208|Starting Category: Connetti, Item: DisconnectEquipment, Selected device: Safety Monitor
2026-09-14T02:43:29.2879|INFO|SafetyMonitorVM.cs|UpdateMonitorValues|95|SafetyMonitorInfo state changed to Unsafe
2026-09-14T02:43:29.2885|INFO|AscomDevice.cs|Disconnect|378|Disconnecting from ASCOM.Hub.SafetyMonitor Short driver name - please customise
2026-09-14T02:43:29.6059|INFO|SafetyMonitorVM.cs|Disconnect|221|Disconnected Safety Monitor
2026-09-14T02:43:29.6060|INFO|SequenceItem.cs|Run|254|Finishing Category: Connetti, Item: DisconnectEquipment, Selected device: Safety Monitor
2026-09-14T02:43:29.6064|INFO|SequenceItem.cs|Run|254|Finishing Category: * Set di Istruzioni *, Container: NINA.Sequencer.Container.SequentialContainer, Strategy: SequentialStrategy, Items[FINISHED]: 17
2026-09-14T02:43:29.6065|INFO|SequenceItem.cs|Run|254|Finishing Category: * Set di Istruzioni *, Container: NINA.Sequencer.Container.EndAreaContainer, Strategy: SequentialStrategy, Items[FINISHED]: 1
2026-09-14T02:43:29.6067|INFO|SequenceItem.cs|Run|254|Finishing Category: * Set di Istruzioni *, Container: NINA.Sequencer.Container.SequenceRootContainer, Strategy: SequentialStrategy, Items[FINISHED]: 3, Triggers: Trigger: MeridianFlipTriggerTrigger: RestoreGuidingTrigger: AutofocusAfterHFRIncreaseTrigger, Amount: 5Trigger: AutofocusAfterFilterChange
2026-09-14T02:43:29.6107|INFO|Sequence2VM.cs|StartSequence|548|Advanced Sequence finished
