PHD2 version 2.6.14dev1 [Windows], Log version 2.5. Log enabled at 2026-09-03 18:01:36
INFO: Guiding parameter change, MultiStar = true

Guiding Begins at 2026-09-03 21:27:37
Equipment Profile = SW4P_EVO
Dither = both axes, Dither scale = 1.000, Image noise reduction = 2x2 mean, Guide-frame time lapse = 0, Server enabled
Pixel scale = 2.91 arc-sec/px, Binning = 1, Focal length = 266 mm
Search region = 15 px, Star mass tolerance = 50.0%, Multi-star mode, list size = 12
 Camera = ZWO ASI120MM Mini (ASCOM), full size = 1280 x 960, have dark, dark dur = 2000, no defect map, pixel size = 3.8 um
Exposure = 2000 ms
Mount = GPUSB, connected, guiding enabled, AuxMount=CPWI_ASCOM_Telescope, xAngle = 154.0, xRate = 4.140, yAngle = -116.0, yRate = 4.762, parity = +/+
Norm rates RA = 13.1"/s @ dec 0, Dec = 13.8"/s; ortho.err. = 0.0 deg
X guide algorithm = Hysteresis, Hysteresis = 0.100, Aggression = 0.700, Minimum move = 0.130
Y guide algorithm = Resist Switch, Minimum move = 0.200 Aggression = 100% FastSwitch = enabled
Backlash comp = enabled, pulse = 1523 ms
Max RA duration = 2500, Max DEC duration = 2500, DEC guide mode = Auto
RA Guide Speed = 14.9 a-s/s, Dec Guide Speed = 14.9 a-s/s, Cal Dec = -0.0, Last Cal Issue = None, Timestamp = 31/08/2026 21:19:06
RA = 20.01 hr, Dec = 22.8 deg, Hour angle = -0.92 hr, Pier side = West, Rotator pos = N/A, Alt = 67.2 deg, Az = 145.4 deg
Lock position = 51.107, 687.547, Star position = 51.107, 687.547, HFD = 3.30 px
Frame,Time,mount,dx,dy,RARawDistance,DECRawDistance,RAGuideDistance,DECGuideDistance,RADuration,RADirection,DECDuration,DECDirection,XStep,YStep,StarMass,SNR,ErrorCode
INFO: SETTLING STATE CHANGE, Settling started
1,2.720,"Mount",-0.188,0.061,0.195,0.028,0.123,0.000,30,W,0,,,,556388,363.82,0
2,4.960,"Mount",0.112,-0.152,-0.167,0.087,-0.097,0.000,23,E,0,,,,563388,356.76,0
3,7.400,"Mount",-0.310,-0.005,0.277,0.141,0.168,0.000,40,W,0,,,,570128,329.47,0
4,9.768,"Mount",-0.279,0.187,0.333,-0.046,0.221,0.000,53,W,0,,,,567118,318.91,0
5,12.248,"Mount",-0.355,0.156,0.388,0.016,0.260,0.000,63,W,0,,,,558843,402.40,0
INFO: SETTLING STATE CHANGE, Settling complete
6,14.463,"Mount",0.092,-0.064,-0.111,0.017,0.000,0.000,0,,0,,,,556961,353.75,0
7,16.928,"Mount",0.540,-0.228,-0.585,-0.032,-0.369,0.000,89,E,0,,,,534550,319.63,0
8,19.224,"Mount",0.415,0.080,-0.338,-0.254,-0.239,0.000,58,E,0,,,,571854,377.91,0
9,21.616,"Mount",-0.035,0.119,0.084,-0.092,0.000,0.000,0,,0,,,,568426,407.44,0
10,24.019,"Mount",0.395,0.025,-0.344,-0.196,-0.217,0.000,52,E,0,,,,541244,333.44,0
11,26.512,"Mount",0.496,-0.094,-0.487,-0.133,-0.322,0.000,78,E,0,,,,549108,399.35,0
12,28.784,"Mount",0.261,-0.192,-0.319,0.058,-0.223,0.000,54,E,0,,,,557855,361.10,0
13,31.313,"Mount",-0.143,0.219,0.225,-0.134,0.126,0.000,30,W,0,,,,579281,367.26,0
14,33.619,"Mount",0.214,0.118,-0.141,-0.200,-0.080,0.000,19,E,0,,,,560571,360.06,0
15,36.088,"Mount",0.204,-0.407,-0.362,0.277,-0.234,0.000,56,E,0,,,,547053,364.49,0
16,38.448,"Mount",0.521,-0.385,-0.638,0.117,-0.418,0.000,101,E,0,,,,561743,350.10,0
17,40.849,"Mount",-0.152,-0.217,0.042,0.262,0.000,0.000,0,,0,,,,550076,374.83,0
18,43.264,"Mount",0.301,-0.400,-0.446,0.227,-0.281,0.000,68,E,0,,,,550173,348.32,0
19,45.744,"Mount",0.186,-0.196,-0.253,0.094,-0.179,0.000,43,E,0,,,,528827,321.77,0
20,47.947,"Mount",0.089,0.100,-0.036,-0.129,0.000,0.000,0,,0,,,,552339,327.05,0
21,50.400,"Mount",0.320,0.052,-0.265,-0.187,-0.167,0.000,40,E,0,,,,553505,364.28,0
22,52.608,"Mount",-0.013,0.069,0.042,-0.056,0.000,0.000,0,,0,,,,564065,361.79,0
23,54.996,"Mount",-0.007,0.127,0.062,-0.111,0.000,0.000,0,,0,,,,549370,363.41,0
24,57.272,"Mount",0.342,-0.068,-0.337,-0.089,-0.212,0.000,51,E,0,,,,532426,346.61,0
25,59.752,"Mount",0.292,-0.241,-0.368,0.089,-0.247,0.000,60,E,0,,,,543075,360.94,0
26,62.056,"Mount",0.310,-0.353,-0.433,0.182,-0.290,0.000,70,E,0,,,,552802,368.77,0
27,64.528,"Mount",0.364,-0.214,-0.421,0.033,-0.286,0.000,69,E,0,,,,530311,340.50,0
28,66.864,"Mount",0.352,-0.378,-0.482,0.185,-0.324,0.000,78,E,0,,,,541958,371.20,0
29,69.237,"Mount",-0.145,-0.113,0.080,0.166,0.000,0.000,0,,0,,,,541096,366.78,0
30,71.536,"Mount",-0.241,-0.090,0.177,0.186,0.111,0.000,27,W,0,,,,532839,344.08,0
31,73.978,"Mount",-0.217,-0.051,0.173,0.141,0.117,0.000,28,W,0,,,,546879,348.24,0
32,76.304,"Mount",-0.330,-0.038,0.279,0.179,0.184,0.000,44,W,0,,,,582062,389.82,0
33,78.768,"Mount",0.143,-0.193,-0.213,0.110,-0.121,0.000,29,E,0,,,,520724,326.60,0
34,81.104,"Mount",0.212,-0.247,-0.299,0.129,-0.197,0.000,48,E,0,,,,584501,380.92,0
35,83.616,"Mount",0.209,0.081,-0.152,-0.164,-0.110,0.000,26,E,0,,,,531681,357.52,0
36,85.880,"Mount",0.202,-0.116,-0.233,0.015,-0.154,0.000,37,E,0,,,,596419,365.94,0
37,88.265,"Mount",-0.100,0.028,0.102,0.019,0.000,0.000,0,,0,,,,567886,325.38,0
38,90.470,"Mount",-0.009,-0.082,-0.028,0.078,0.000,0.000,0,,0,,,,533467,369.00,0
39,92.905,"Mount",0.131,-0.102,-0.162,0.034,-0.102,0.000,25,E,0,,,,585947,391.67,0
40,95.252,"Mount",-0.294,-0.117,0.213,0.234,0.127,0.000,31,W,0,,,,592322,357.38,0
41,97.768,"Mount",-0.702,0.176,0.708,0.150,0.455,0.000,110,W,0,,,,548550,374.90,0
42,100.012,"Mount",0.014,-0.172,-0.088,0.148,0.000,0.000,0,,0,,,,600325,379.48,0
43,102.384,"Mount",-0.013,0.038,0.029,-0.028,0.000,0.000,0,,0,,,,523082,314.36,0
44,104.587,"Mount",-0.143,-0.116,0.078,0.167,0.000,0.000,0,,0,,,,515476,323.51,0
45,106.976,"Mount",0.033,-0.088,-0.068,0.065,0.000,0.000,0,,0,,,,541940,357.47,0
46,109.191,"Mount",0.122,-0.021,-0.118,-0.034,0.000,0.000,0,,0,,,,574768,376.03,0
47,111.588,"Mount",0.069,-0.062,-0.089,0.025,0.000,0.000,0,,0,,,,541234,364.01,0
48,113.784,"Mount",-0.018,-0.200,-0.071,0.187,0.000,0.000,0,,0,,,,553500,344.52,0
49,116.239,"Mount",0.005,0.002,-0.004,-0.004,0.000,0.000,0,,0,,,,556917,336.64,0
50,118.489,"Mount",-0.042,-0.076,0.005,0.087,0.000,0.000,0,,0,,,,560713,368.94,0
51,120.931,"Mount",-0.014,-0.087,-0.026,0.084,0.000,0.000,0,,0,,,,534776,343.49,0
52,123.153,"Mount",-0.011,-0.006,0.007,0.010,0.000,0.000,0,,0,,,,518821,320.59,0
53,125.550,"Mount",0.136,0.011,-0.117,-0.069,0.000,0.000,0,,0,,,,534023,343.15,0
54,127.824,"Mount",0.239,-0.206,-0.305,0.080,-0.192,0.000,46,E,0,,,,581638,400.08,0
55,130.182,"Mount",-0.110,-0.054,0.075,0.097,0.000,0.000,0,,0,,,,562181,372.92,0
56,132.373,"Mount",0.029,-0.106,-0.073,0.083,0.000,0.000,0,,0,,,,574358,375.13,0
57,134.816,"Mount",-0.149,0.015,0.141,0.052,0.089,0.000,21,W,0,,,,532318,346.03,0
58,137.037,"Mount",0.102,0.159,-0.021,-0.187,0.000,0.000,0,,0,,,,554303,359.61,0
59,139.415,"Mount",0.022,-0.025,-0.030,0.013,0.000,0.000,0,,0,,,,557453,361.08,0
60,141.622,"Mount",-0.019,-0.004,0.015,0.012,0.000,0.000,0,,0,,,,537156,372.06,0
61,144.051,"Mount",0.062,-0.013,-0.061,-0.015,0.000,0.000,0,,0,,,,540641,349.12,0
62,146.376,"Mount",0.172,-0.090,-0.194,0.006,-0.122,0.000,29,E,0,,,,568002,346.04,0
63,148.743,"Mount",-0.037,0.040,0.051,-0.019,0.000,0.000,0,,0,,,,515914,335.04,0
64,150.983,"Mount",-0.006,0.129,0.062,-0.113,0.000,0.000,0,,0,,,,541177,358.06,0
65,153.360,"Mount",0.093,-0.001,-0.084,-0.040,0.000,0.000,0,,0,,,,520050,357.68,0
66,155.583,"Mount",0.033,0.037,-0.013,-0.048,0.000,0.000,0,,0,,,,561045,354.16,0
67,158.040,"Mount",-0.439,0.081,0.430,0.120,0.271,0.000,65,W,0,,,,560358,379.28,0
68,160.243,"Mount",0.053,-0.008,-0.051,-0.016,0.000,0.000,0,,0,,,,530953,342.83,0
69,162.744,"Mount",-0.657,0.080,0.626,0.216,0.394,0.000,95,W,0,,,,554826,379.00,0
70,165.032,"Mount",-0.187,0.015,0.175,0.068,0.138,0.000,33,W,0,,,,562762,379.06,0
71,167.408,"Mount",0.004,0.019,0.005,-0.019,0.000,0.000,0,,0,,,,548115,386.95,0
72,169.632,"Mount",-0.102,-0.012,0.086,0.056,0.000,0.000,0,,0,,,,547756,359.89,0
73,172.014,"Mount",0.036,-0.035,-0.048,0.015,0.000,0.000,0,,0,,,,540705,351.05,0
74,174.219,"Mount",-0.056,0.059,0.076,-0.029,0.000,0.000,0,,0,,,,542024,341.06,0
75,176.664,"Mount",-0.007,-0.345,-0.145,0.313,-0.091,0.000,22,E,0,,,,572701,355.83,0
76,178.852,"Mount",0.153,0.056,-0.113,-0.117,0.000,0.000,0,,0,,,,561672,352.49,0
77,181.259,"Mount",-0.064,0.145,0.121,-0.102,0.000,0.000,0,,0,,,,559946,381.71,0
78,183.502,"Mount",-0.043,0.020,0.047,0.001,0.000,0.000,0,,0,,,,554200,363.95,0
79,185.883,"Mount",-0.015,0.042,0.032,-0.031,0.000,0.000,0,,0,,,,523786,355.17,0
80,188.067,"Mount",0.074,-0.075,-0.100,0.035,0.000,0.000,0,,0,,,,534918,373.36,0
81,190.498,"Mount",0.132,-0.111,-0.167,0.041,-0.105,0.000,25,E,0,,,,557609,374.72,0
82,192.816,"Mount",0.159,-0.132,-0.201,0.049,-0.134,0.000,32,E,0,,,,559081,336.32,0
83,195.198,"Mount",0.124,0.018,-0.104,-0.071,0.000,0.000,0,,0,,,,529410,380.96,0
84,197.415,"Mount",-0.010,0.071,0.040,-0.059,0.000,0.000,0,,0,,,,532055,338.83,0
85,199.784,"Mount",-0.013,0.012,0.017,-0.005,0.000,0.000,0,,0,,,,514979,353.81,0
86,202.048,"Mount",-0.154,0.087,0.177,-0.011,0.112,0.000,27,W,0,,,,552728,351.95,0
87,204.413,"Mount",-0.155,-0.159,0.069,0.211,0.000,0.000,0,,0,,,,560074,346.80,0
88,206.599,"Mount",-0.106,-0.112,0.047,0.147,0.000,0.000,0,,0,,,,559020,348.36,0
89,209.048,"Mount",0.059,-0.232,-0.155,0.182,-0.098,0.000,24,E,0,,,,567083,387.94,0
90,211.332,"Mount",0.113,-0.181,-0.181,0.113,-0.121,0.000,29,E,0,,,,603012,405.17,0
91,213.768,"Mount",-0.080,-0.160,0.002,0.179,0.000,0.000,0,,0,,,,546900,355.11,0
92,215.995,"Mount",-0.120,-0.092,0.067,0.135,0.000,0.000,0,,0,,,,542541,375.17,0
93,218.472,"Mount",-0.292,0.014,0.268,0.115,0.169,0.000,41,W,0,,,,555713,320.64,0
94,220.744,"Mount",-0.212,0.175,0.268,-0.064,0.180,0.000,44,W,0,,,,565844,352.64,0
95,223.232,"Mount",-0.385,-0.070,0.315,0.232,0.211,0.000,51,W,0,,,,530175,372.34,0
96,225.544,"Mount",-0.295,0.160,0.335,-0.015,0.226,0.000,55,W,0,,,,544026,343.95,0
97,227.912,"Mount",0.056,-0.127,-0.107,0.090,0.000,0.000,0,,0,,,,553475,377.01,0
98,230.120,"Mount",-0.034,-0.040,0.013,0.051,0.000,0.000,0,,0,,,,555009,375.39,0
99,232.486,"Mount",0.093,0.082,-0.048,-0.115,0.000,0.000,0,,0,,,,545862,359.21,0
100,234.713,"Mount",-0.094,-0.166,0.011,0.191,0.000,0.000,0,,0,,,,545173,336.03,0
101,237.089,"Mount",0.041,-0.098,-0.079,0.070,0.000,0.000,0,,0,,,,545261,347.63,0
102,239.392,"Mount",-0.199,0.004,0.181,0.083,0.114,0.000,27,W,0,,,,536795,382.26,0
103,241.873,"Mount",-0.339,0.141,0.367,0.022,0.239,0.000,58,W,0,,,,556706,334.13,0
104,244.184,"Mount",-0.556,-0.005,0.497,0.248,0.330,0.000,80,W,0,,,,552310,389.01,0
105,246.728,"Mount",-0.800,0.039,0.736,0.316,0.487,0.000,118,W,0,,,,555945,363.49,0
106,249.128,"Mount",-0.293,0.102,0.308,0.037,0.228,0.000,55,W,0,,,,524012,343.16,0
107,251.521,"Mount",-0.071,-0.046,0.044,0.072,0.000,0.000,0,,0,,,,552452,343.94,0
108,253.725,"Mount",-0.082,-0.111,0.025,0.136,0.000,0.000,0,,0,,,,537722,357.74,0
109,256.128,"Mount",-0.122,0.068,0.140,-0.008,0.088,0.000,21,W,0,,,,565513,356.84,0
110,258.448,"Mount",-0.281,0.145,0.316,-0.007,0.205,0.000,50,W,0,,,,576227,378.33,0
111,260.829,"Mount",0.017,0.026,-0.004,-0.031,0.000,0.000,0,,0,,,,550204,393.69,0
112,263.057,"Mount",0.067,-0.093,-0.101,0.055,0.000,0.000,0,,0,,,,558611,341.47,0
113,265.520,"Mount",-0.436,0.093,0.433,0.107,0.272,0.000,66,W,0,,,,556146,349.06,0
114,267.848,"Mount",-0.329,0.012,0.301,0.134,0.209,0.000,50,W,0,,,,548492,327.34,0
115,270.223,"Mount",0.052,0.097,-0.004,-0.110,0.000,0.000,0,,0,,,,545271,375.60,0
116,272.512,"Mount",0.190,-0.264,-0.287,0.154,-0.181,0.000,44,E,0,,,,549701,374.73,0
117,274.937,"Mount",0.095,-0.177,-0.163,0.117,-0.115,0.000,28,E,0,,,,556900,398.07,0
118,277.216,"Mount",0.022,-0.284,-0.144,0.245,-0.099,0.000,24,E,0,,,,556175,358.45,0
119,279.712,"Mount",-0.226,0.086,0.241,0.022,0.145,0.000,35,W,0,,,,534931,383.26,0
120,281.984,"Mount",0.098,-0.202,-0.177,0.139,-0.102,0.000,25,E,0,,,,536560,363.24,0
121,284.370,"Mount",-0.136,0.002,0.123,0.058,0.000,0.000,0,,0,,,,523311,349.20,0
122,286.624,"Mount",-0.190,-0.034,0.156,0.114,0.098,0.000,24,W,0,,,,530986,352.04,0
123,289.020,"Mount",-0.176,-0.127,0.103,0.191,0.000,0.000,0,,0,,,,526845,341.06,0
124,291.272,"Mount",-0.250,0.008,0.228,0.103,0.144,0.000,35,W,0,,,,530381,371.06,0
125,293.665,"Mount",0.006,-0.102,-0.050,0.089,0.000,0.000,0,,0,,,,541396,357.85,0
126,295.960,"Mount",0.243,-0.113,-0.268,-0.005,-0.169,0.000,41,E,0,,,,527210,363.82,0
127,298.344,"Mount",0.049,-0.183,-0.125,0.143,0.000,0.000,0,,0,,,,535823,353.35,0
128,300.645,"Mount",0.190,-0.293,-0.299,0.180,-0.188,0.000,45,E,0,,,,538987,337.89,0
129,303.058,"Mount",0.010,-0.144,-0.073,0.125,0.000,0.000,0,,0,,,,563078,352.65,0
130,305.255,"Mount",-0.033,-0.027,0.018,0.039,0.000,0.000,0,,0,,,,545358,365.15,0
131,307.720,"Mount",-0.246,0.143,0.284,-0.020,0.179,0.000,43,W,0,,,,529076,358.72,0
132,310.016,"Mount",-0.157,0.142,0.203,-0.058,0.141,0.000,34,W,0,,,,560464,373.60,0
133,312.456,"Mount",-0.242,0.019,0.226,0.089,0.152,0.000,37,W,0,,,,543590,399.97,0
134,314.736,"Mount",-0.190,0.064,0.199,0.026,0.136,0.000,33,W,0,,,,555318,354.87,0
135,317.208,"Mount",0.244,-0.407,-0.397,0.258,-0.241,0.000,58,E,0,,,,558196,373.88,0
136,319.536,"Mount",0.339,-0.240,-0.410,0.067,-0.275,0.000,66,E,0,,,,559519,364.65,0
137,322.024,"Mount",0.226,-0.155,-0.271,0.040,-0.190,0.000,46,E,0,,,,538553,327.15,0
138,324.320,"Mount",0.098,-0.450,-0.285,0.361,-0.193,0.000,47,E,0,,,,562224,359.53,0
139,327.000,"Mount",0.544,-0.498,-0.707,0.209,-0.459,0.209,111,E,44,S,,,597118,387.37,0
140,329.296,"Mount",0.243,-0.137,-0.279,0.016,-0.208,0.000,50,E,0,,,,566325,374.20,0
141,331.744,"Mount",0.181,-0.059,-0.188,-0.026,-0.133,0.000,32,E,0,,,,531582,346.86,0
142,334.024,"Mount",-0.233,-0.039,0.192,0.137,0.112,0.000,27,W,0,,,,526837,334.88,0
143,336.572,"Mount",0.133,-0.104,-0.165,0.035,-0.096,0.000,23,E,0,,,,551781,379.13,0
144,338.840,"Mount",0.199,-0.163,-0.251,0.059,-0.165,0.000,40,E,0,,,,552771,368.54,0
145,341.338,"Mount",0.379,-0.103,-0.386,-0.073,-0.255,0.000,62,E,0,,,,517030,340.69,0
146,343.672,"Mount",0.211,-0.120,-0.242,0.016,-0.170,0.000,41,E,0,,,,545035,346.17,0
147,346.053,"Mount",0.041,-0.066,-0.066,0.042,0.000,0.000,0,,0,,,,551639,362.42,0
148,348.353,"Mount",-0.038,-0.220,-0.063,0.215,0.000,0.215,0,,45,S,,,578045,355.73,0
149,350.816,"Mount",0.242,-0.296,-0.347,0.159,-0.219,0.000,53,E,0,,,,549863,371.21,0
150,353.030,"Mount",0.039,-0.178,-0.113,0.143,0.000,0.000,0,,0,,,,532723,356.49,0
151,355.434,"Mount",0.063,-0.149,-0.122,0.106,0.000,0.000,0,,0,,,,549398,384.05,0
152,357.748,"Mount",0.292,-0.342,-0.413,0.179,-0.260,0.000,63,E,0,,,,550213,339.75,0
153,360.416,"Mount",0.624,-0.733,-0.883,0.384,-0.574,0.384,139,E,81,S,,,564755,369.35,0
154,362.928,"Mount",0.252,-0.379,-0.393,0.230,-0.288,0.230,69,E,48,S,,,584093,383.84,0
155,365.400,"Mount",0.192,-0.102,-0.217,0.008,-0.157,0.000,38,E,0,,,,574390,385.74,0
156,367.690,"Mount",0.158,-0.203,-0.231,0.114,-0.157,0.000,38,E,0,,,,546080,338.34,0
157,370.072,"Mount",-0.125,-0.090,0.073,0.136,0.000,0.000,0,,0,,,,535551,359.99,0
158,372.344,"Mount",-0.268,0.018,0.248,0.102,0.156,0.000,38,W,0,,,,555272,361.80,0
159,374.784,"Mount",-0.316,0.102,0.329,0.047,0.218,0.000,53,W,0,,,,568062,354.85,0
160,376.986,"Mount",-0.087,-0.039,0.061,0.073,0.000,0.000,0,,0,,,,560540,369.65,0
161,379.465,"Mount",-0.082,-0.319,-0.066,0.322,0.000,0.322,0,,68,S,,,551645,369.74,0
162,381.784,"Mount",0.311,0.051,-0.257,-0.182,-0.162,0.000,39,E,0,,,,537825,353.61,0
163,384.384,"Mount",0.125,-0.506,-0.335,0.400,-0.222,0.400,54,E,84,S,,,537436,355.36,0
164,386.784,"Mount",0.417,-0.473,-0.583,0.242,-0.383,0.242,92,E,51,S,,,569500,354.50,0
165,389.398,"Mount",-0.155,-0.213,0.046,0.260,0.000,0.260,0,,55,S,,,543469,354.23,0
166,391.704,"Mount",-0.153,-0.246,0.030,0.288,0.000,0.288,0,,61,S,,,562072,363.72,0
167,394.128,"Mount",-0.281,-0.074,0.220,0.189,0.139,0.000,33,W,0,,,,542360,356.68,0
168,396.560,"Mount",-0.458,-0.035,0.397,0.232,0.260,0.232,63,W,49,S,,,540797,360.42,0
169,399.056,"Mount",-0.427,0.107,0.430,0.091,0.289,0.000,70,W,0,,,,537184,346.61,0
170,401.271,"Mount",-0.106,-0.166,0.022,0.196,0.000,0.000,0,,0,,,,538572,390.84,0
171,403.663,"Mount",-0.100,-0.035,0.075,0.076,0.000,0.000,0,,0,,,,521563,311.57,0
172,405.984,"Mount",0.162,-0.177,-0.223,0.088,-0.140,0.000,34,E,0,,,,519647,338.20,0
173,408.456,"Mount",-0.175,-0.270,0.039,0.320,0.000,0.320,0,,67,S,,,527887,343.65,0
174,410.678,"Mount",0.038,-0.164,-0.106,0.130,0.000,0.000,0,,0,,,,540418,332.49,0
175,413.144,"Mount",0.198,-0.254,-0.290,0.142,-0.183,0.000,44,E,0,,,,537771,393.53,0
176,415.448,"Mount",-0.060,-0.355,-0.102,0.346,0.000,0.346,0,,73,S,,,557401,375.34,0
177,417.946,"Mount",-0.305,0.302,0.406,-0.138,0.256,0.000,62,W,0,,,,560974,351.87,0
178,420.328,"Mount",-0.857,0.344,0.921,0.067,0.598,0.000,144,W,0,,,,545883,379.03,0
179,422.906,"Mount",0.264,-0.496,-0.455,0.330,-0.245,0.330,59,E,69,S,,,550096,390.21,0
180,425.416,"Mount",0.278,-0.793,-0.598,0.591,-0.394,0.591,95,E,124,S,,,565173,409.93,0
181,427.883,"Mount",-0.197,-0.221,0.080,0.285,0.000,0.285,0,,60,S,,,550890,393.42,0
182,430.176,"Mount",-0.369,0.052,0.354,0.116,0.223,0.000,54,W,0,,,,539713,348.68,0
183,432.555,"Mount",0.014,-0.037,-0.029,0.028,0.000,0.000,0,,0,,,,554119,407.29,0
184,434.761,"Mount",-0.110,-0.103,0.054,0.141,0.000,0.000,0,,0,,,,535407,367.19,0
185,437.280,"Mount",0.052,-0.276,-0.168,0.226,-0.106,0.226,25,E,47,S,,,554862,346.66,0
186,439.702,"Mount",-0.312,-0.269,0.163,0.379,0.095,0.379,23,W,80,S,,,546993,393.53,0
187,442.336,"Mount",-0.205,-0.414,0.002,0.462,0.000,0.462,0,,97,S,,,554871,344.54,0
188,444.618,"Mount",0.005,-0.277,-0.126,0.247,0.000,0.247,0,,52,S,,,537644,352.71,0
189,447.240,"Mount",0.142,-0.588,-0.386,0.466,-0.243,0.466,59,E,98,S,,,539457,356.81,0
190,449.776,"Mount",0.404,-0.838,-0.731,0.576,-0.478,0.576,115,E,121,S,,,561260,365.37,0
191,452.376,"Mount",0.016,-0.472,-0.221,0.418,-0.173,0.418,42,E,88,S,,,548232,380.62,0
192,454.688,"Mount",-0.034,-0.335,-0.117,0.316,0.000,0.316,0,,66,S,,,537677,359.96,0
193,457.240,"Mount",-0.310,-0.134,0.220,0.257,0.138,0.257,33,W,54,S,,,561758,391.69,0
194,459.483,"Mount",-0.127,-0.144,0.051,0.185,0.000,0.000,0,,0,,,,566171,366.24,0
195,462.176,"Mount",-0.874,-0.350,0.632,0.698,0.398,0.698,96,W,147,S,,,546644,349.34,0
196,464.704,"Mount",-0.333,-0.131,0.242,0.264,0.180,0.264,43,W,55,S,,,555004,368.55,0
197,467.083,"Mount",-0.001,-0.122,-0.052,0.110,0.000,0.000,0,,0,,,,577318,344.17,0
198,469.360,"Mount",-0.037,-0.254,-0.078,0.245,0.000,0.245,0,,51,S,,,561300,368.34,0
199,471.896,"Mount",0.378,-0.323,-0.482,0.124,-0.303,0.000,73,E,0,,,,562261,345.22,0
200,474.224,"Mount",0.103,-0.219,-0.189,0.152,-0.140,0.000,34,E,0,,,,574893,389.03,0
201,476.728,"Mount",0.208,-0.206,-0.278,0.094,-0.185,0.000,45,E,0,,,,532314,387.28,0
202,478.952,"Mount",0.061,-0.129,-0.111,0.089,0.000,0.000,0,,0,,,,540314,325.91,0
203,481.315,"Mount",-0.012,0.028,0.023,-0.020,0.000,0.000,0,,0,,,,526060,353.44,0
204,483.548,"Mount",0.019,0.080,0.018,-0.080,0.000,0.000,0,,0,,,,569172,388.89,0
205,485.918,"Mount",-0.138,0.004,0.125,0.057,0.000,0.000,0,,0,,,,550625,353.69,0
206,488.128,"Mount",-0.042,0.020,0.047,0.001,0.000,0.000,0,,0,,,,551979,369.95,0
207,490.599,"Mount",-0.130,-0.067,0.087,0.117,0.000,0.000,0,,0,,,,551369,370.32,0
208,492.840,"Mount",0.078,0.037,-0.054,-0.068,0.000,0.000,0,,0,,,,545180,341.11,0
209,495.312,"Mount",0.445,-0.340,-0.549,0.110,-0.346,0.000,84,E,0,,,,560871,348.07,0
210,497.608,"Mount",0.107,-0.170,-0.170,0.106,-0.132,0.000,32,E,0,,,,544379,369.44,0
211,500.032,"Mount",0.128,-0.150,-0.181,0.079,-0.123,0.000,30,E,0,,,,538913,356.31,0
212,502.312,"Mount",-0.281,0.030,0.266,0.096,0.159,0.000,38,W,0,,,,543748,339.97,0
213,504.880,"Mount",-0.251,-0.152,0.158,0.247,0.111,0.247,27,W,52,S,,,512892,343.31,0
214,507.184,"Mount",-0.159,-0.151,0.077,0.205,0.000,0.205,0,,43,S,,,540856,360.36,0
215,509.665,"Mount",0.234,-0.211,-0.303,0.087,-0.191,0.000,46,E,0,,,,541532,356.57,0
216,512.056,"Mount",0.022,-0.328,-0.163,0.285,-0.116,0.285,28,E,60,S,,,551953,352.60,0
217,514.512,"Mount",0.166,-0.139,-0.210,0.052,-0.141,0.000,34,E,0,,,,550724,360.90,0
218,516.737,"Mount",-0.075,0.110,0.116,-0.066,0.000,0.000,0,,0,,,,537321,371.32,0
219,519.264,"Mount",-0.275,-0.096,0.205,0.207,0.129,0.207,31,W,43,S,,,545640,364.12,0
220,521.576,"Mount",-0.147,0.252,0.243,-0.162,0.162,0.000,39,W,0,,,,560448,365.90,0
221,523.955,"Mount",-0.074,-0.062,0.039,0.088,0.000,0.000,0,,0,,,,537427,354.18,0
222,526.240,"Mount",-0.066,0.093,0.100,-0.055,0.000,0.000,0,,0,,,,517801,354.93,0
223,528.603,"Mount",-0.010,-0.185,-0.073,0.170,0.000,0.000,0,,0,,,,517763,366.48,0
224,530.812,"Mount",0.101,-0.054,-0.114,0.004,0.000,0.000,0,,0,,,,540218,360.09,0
225,533.288,"Mount",0.280,-0.264,-0.367,0.115,-0.231,0.000,56,E,0,,,,559588,369.07,0
226,535.720,"Mount",0.272,-0.440,-0.438,0.276,-0.292,0.276,71,E,58,S,,,568818,346.79,0
227,538.144,"Mount",0.094,-0.110,-0.133,0.058,-0.104,0.000,25,E,0,,,,526888,362.77,0
228,540.424,"Mount",-0.258,0.214,0.325,-0.079,0.198,0.000,48,W,0,,,,561823,387.28,0
229,542.896,"Mount",-0.337,0.223,0.401,-0.052,0.266,0.000,64,W,0,,,,579890,364.28,0
230,545.224,"Mount",-0.437,-0.007,0.390,0.198,0.264,0.000,64,W,0,,,,543076,377.34,0
231,547.768,"Mount",-0.506,0.231,0.556,0.014,0.369,0.000,89,W,0,,,,537865,341.68,0
232,550.048,"Mount",-0.181,0.018,0.170,0.064,0.133,0.000,32,W,0,,,,501974,353.04,0
233,552.407,"Mount",-0.041,-0.066,0.008,0.078,0.000,0.000,0,,0,,,,532569,359.74,0
234,554.762,"Mount",0.103,-0.356,-0.248,0.275,-0.156,0.275,38,E,58,S,,,554639,391.73,0
235,557.147,"Mount",-0.082,-0.035,0.058,0.068,0.000,0.000,0,,0,,,,543212,371.53,0
236,559.480,"Mount",0.031,-0.241,-0.134,0.203,-0.084,0.203,20,E,43,S,,,542278,372.32,0
237,562.008,"Mount",-0.272,0.137,0.304,-0.004,0.186,0.000,45,W,0,,,,523201,351.67,0
238,564.288,"Mount",-0.108,0.253,0.208,-0.180,0.144,0.000,35,W,0,,,,535663,337.62,0
239,566.800,"Mount",-0.589,0.304,0.663,-0.014,0.428,0.000,103,W,0,,,,534737,347.14,0
240,569.136,"Mount",-0.393,0.218,0.449,-0.023,0.313,0.000,75,W,0,,,,559493,387.80,0
241,571.600,"Mount",0.253,-0.138,-0.288,0.013,-0.160,0.000,39,E,0,,,,522996,337.74,0
242,573.944,"Mount",0.313,-0.260,-0.395,0.096,-0.260,0.000,63,E,0,,,,531941,346.61,0
243,576.432,"Mount",0.223,-0.178,-0.278,0.062,-0.194,0.000,47,E,0,,,,527110,357.78,0
244,578.752,"Mount",-0.132,0.062,0.146,0.002,0.078,0.000,19,W,0,,,,548057,356.01,0
245,581.208,"Mount",-0.179,0.054,0.185,0.030,0.122,0.000,29,W,0,,,,543530,369.06,0
246,583.520,"Mount",-0.236,0.048,0.233,0.060,0.156,0.000,38,W,0,,,,519101,338.50,0
247,585.947,"Mount",-0.003,-0.011,-0.002,0.011,0.000,0.000,0,,0,,,,539235,362.39,0
248,588.224,"Mount",-0.267,0.215,0.334,-0.076,0.210,0.000,51,W,0,,,,548884,354.66,0
249,590.701,"Mount",-0.261,0.209,0.326,-0.073,0.220,0.000,53,W,0,,,,530353,356.93,0
250,592.920,"Mount",-0.001,-0.011,-0.004,0.011,0.000,0.000,0,,0,,,,544874,382.21,0
251,595.360,"Mount",0.313,-0.098,-0.324,-0.049,-0.204,0.000,49,E,0,,,,504747,344.89,0
252,597.704,"Mount",0.286,-0.217,-0.352,0.070,-0.236,0.000,57,E,0,,,,535945,362.45,0
253,600.200,"Mount",0.373,-0.279,-0.458,0.088,-0.305,0.000,74,E,0,,,,542083,377.71,0
254,602.496,"Mount",0.242,-0.069,-0.247,-0.044,-0.177,0.000,43,E,0,,,,515469,344.05,0
255,604.928,"Mount",-0.129,0.148,0.181,-0.077,0.102,0.000,25,W,0,,,,529040,362.29,0
256,607.240,"Mount",-0.300,0.262,0.385,-0.104,0.250,0.000,60,W,0,,,,563197,370.09,0
257,609.760,"Mount",-0.122,0.168,0.183,-0.098,0.133,0.000,32,W,0,,,,563089,354.92,0
258,612.042,"Mount",-0.172,0.155,0.222,-0.064,0.149,0.000,36,W,0,,,,531785,337.78,0
259,614.413,"Mount",0.075,0.003,-0.065,-0.036,0.000,0.000,0,,0,,,,547634,348.40,0
260,616.680,"Mount",0.173,-0.243,-0.262,0.142,-0.165,0.000,40,E,0,,,,532499,348.58,0
261,619.161,"Mount",0.242,-0.226,-0.316,0.097,-0.211,0.000,51,E,0,,,,550622,355.00,0
262,621.520,"Mount",0.189,-0.339,-0.318,0.222,-0.215,0.222,52,E,47,S,,,546891,344.52,0
263,624.016,"Mount",0.279,-0.084,-0.287,-0.047,-0.196,0.000,47,E,0,,,,531276,350.86,0
264,626.336,"Mount",0.170,-0.225,-0.251,0.128,-0.172,0.000,42,E,0,,,,536175,355.44,0
265,628.707,"Mount",-0.117,0.025,0.115,0.029,0.000,0.000,0,,0,,,,544954,332.88,0
266,631.136,"Mount",-0.081,0.188,0.155,-0.133,0.097,0.000,24,W,0,,,,583165,356.23,0
267,633.602,"Mount",0.179,-0.081,-0.197,-0.006,-0.117,0.000,28,E,0,,,,549569,355.91,0
268,635.936,"Mount",0.463,-0.248,-0.525,0.020,-0.339,0.000,82,E,0,,,,551708,370.83,0
269,638.315,"Mount",0.173,0.127,-0.100,-0.190,0.000,0.000,0,,0,,,,547675,358.48,0
270,640.601,"Mount",0.251,-0.201,-0.314,0.071,-0.198,0.000,48,E,0,,,,549252,353.50,0
271,643.003,"Mount",0.123,-0.001,-0.111,-0.053,0.000,0.000,0,,0,,,,561328,380.75,0
272,645.264,"Mount",0.206,-0.237,-0.289,0.122,-0.182,0.000,44,E,0,,,,546873,363.69,0
273,647.712,"Mount",0.235,0.027,-0.200,-0.127,-0.138,0.000,33,E,0,,,,526089,335.74,0
274,649.988,"Mount",0.197,-0.137,-0.237,0.036,-0.159,0.000,38,E,0,,,,539673,374.22,0
275,652.450,"Mount",-0.311,0.123,0.333,0.026,0.199,0.000,48,W,0,,,,597438,373.22,0
276,654.736,"Mount",0.057,-0.220,-0.148,0.172,-0.079,0.000,19,E,0,,,,569409,382.79,0
277,657.178,"Mount",0.265,-0.144,-0.301,0.014,-0.195,0.000,47,E,0,,,,541371,383.21,0
278,659.528,"Mount",0.405,-0.285,-0.489,0.078,-0.322,0.000,78,E,0,,,,567633,370.54,0
279,662.000,"Mount",0.330,-0.089,-0.336,-0.065,-0.234,0.000,57,E,0,,,,543178,357.13,0
280,664.305,"Mount",0.328,-0.124,-0.349,-0.033,-0.236,0.000,57,E,0,,,,531310,353.75,0
281,666.776,"Mount",0.201,-0.083,-0.217,-0.013,-0.153,0.000,37,E,0,,,,532807,341.92,0
282,668.982,"Mount",0.018,0.097,0.027,-0.095,0.000,0.000,0,,0,,,,554875,369.81,0
283,671.361,"Mount",-0.156,-0.068,0.111,0.130,0.000,0.000,0,,0,,,,555624,392.73,0
284,673.592,"Mount",-0.142,-0.012,0.122,0.073,0.000,0.000,0,,0,,,,524671,337.16,0
285,675.975,"Mount",0.047,-0.117,-0.094,0.084,0.000,0.000,0,,0,,,,547704,398.40,0
286,678.249,"Mount",0.201,-0.203,-0.270,0.095,-0.170,0.000,41,E,0,,,,527008,375.34,0
287,680.690,"Mount",0.212,-0.067,-0.220,-0.032,-0.150,0.000,36,E,0,,,,556029,358.42,0
288,682.992,"Mount",0.353,-0.066,-0.346,-0.095,-0.228,0.000,55,E,0,,,,525116,358.71,0
289,685.465,"Mount",0.220,-0.262,-0.312,0.139,-0.213,0.000,51,E,0,,,,559089,370.64,0
290,687.809,"Mount",0.365,-0.155,-0.396,-0.021,-0.264,0.000,64,E,0,,,,546687,358.02,0
291,690.257,"Mount",0.164,-0.012,-0.152,-0.061,-0.115,0.000,28,E,0,,,,544453,362.02,0
292,692.536,"Mount",-0.141,0.096,0.169,-0.024,0.099,0.000,24,W,0,,,,555920,400.22,0
293,695.043,"Mount",-0.479,0.055,0.455,0.161,0.293,0.000,71,W,0,,,,566033,385.27,0
294,697.464,"Mount",-0.708,0.094,0.678,0.226,0.447,0.226,108,W,48,S,,,563106,367.85,0
295,699.952,"Mount",0.134,-0.207,-0.211,0.128,-0.102,0.000,25,E,0,,,,556405,399.87,0
296,702.156,"Mount",-0.039,-0.055,0.011,0.067,0.000,0.000,0,,0,,,,564197,376.42,0
297,704.657,"Mount",0.286,-0.126,-0.313,-0.013,-0.197,0.000,48,E,0,,,,521272,331.77,0
298,706.870,"Mount",0.017,-0.044,-0.034,0.032,0.000,0.000,0,,0,,,,540978,352.47,0
299,709.240,"Mount",-0.009,0.043,0.027,-0.035,0.000,0.000,0,,0,,,,540832,368.33,0
300,711.528,"Mount",-0.234,0.030,0.223,0.076,0.141,0.000,34,W,0,,,,547867,362.01,0
301,713.976,"Mount",-0.144,0.028,0.142,0.039,0.099,0.000,24,W,0,,,,530736,367.80,0
302,716.217,"Mount",0.077,0.013,-0.063,-0.046,0.000,0.000,0,,0,,,,555031,373.13,0
303,718.642,"Mount",-0.197,0.143,0.240,-0.042,0.151,0.000,36,W,0,,,,530411,370.43,0
304,720.992,"Mount",-0.143,0.056,0.153,0.013,0.107,0.000,26,W,0,,,,559954,383.74,0
305,723.456,"Mount",0.236,-0.033,-0.227,-0.074,-0.135,0.000,33,E,0,,,,542968,367.08,0
306,725.936,"Mount",0.180,-0.325,-0.304,0.213,-0.201,0.213,49,E,45,S,,,555702,345.90,0
307,728.312,"Mount",0.187,0.111,-0.119,-0.182,0.000,0.000,0,,0,,,,541403,392.93,0
308,730.530,"Mount",-0.097,-0.016,0.081,0.057,0.000,0.000,0,,0,,,,539819,371.51,0
309,732.940,"Mount",0.014,-0.082,-0.049,0.068,0.000,0.000,0,,0,,,,506241,359.05,0
310,735.216,"Mount",-0.152,0.280,0.259,-0.185,0.163,0.000,39,W,0,,,,576971,365.53,0
311,737.605,"Mount",-0.081,0.058,0.098,-0.017,0.000,0.000,0,,0,,,,571022,420.60,0
312,739.856,"Mount",-0.229,0.099,0.249,0.011,0.157,0.000,38,W,0,,,,542898,394.03,0
313,742.221,"Mount",0.029,-0.123,-0.080,0.098,0.000,0.000,0,,0,,,,541019,378.92,0
314,744.505,"Mount",0.287,-0.195,-0.343,0.050,-0.216,0.000,52,E,0,,,,535555,357.70,0
315,747.025,"Mount",0.328,-0.343,-0.445,0.164,-0.296,0.000,71,E,0,,,,534427,378.12,0
316,749.352,"Mount",0.418,-0.302,-0.509,0.088,-0.341,0.000,82,E,0,,,,550903,347.67,0
317,751.784,"Mount",0.191,-0.047,-0.192,-0.042,-0.145,0.000,35,E,0,,,,537492,361.29,0
318,754.005,"Mount",0.049,-0.143,-0.107,0.107,0.000,0.000,0,,0,,,,516114,354.59,0
319,756.514,"Mount",-0.374,0.037,0.353,0.131,0.222,0.000,54,W,0,,,,519147,366.31,0
320,758.793,"Mount",-0.247,0.118,0.274,0.003,0.188,0.000,45,W,0,,,,556410,394.17,0
321,761.256,"Mount",-0.229,-0.043,0.187,0.139,0.131,0.000,32,W,0,,,,513709,331.13,0
322,763.584,"Mount",-0.236,0.013,0.218,0.092,0.146,0.000,35,W,0,,,,541889,385.90,0
323,765.975,"Mount",0.152,0.030,-0.124,-0.093,0.000,0.000,0,,0,,,,536447,361.62,0
324,768.240,"Mount",0.365,-0.049,-0.349,-0.116,-0.220,0.000,53,E,0,,,,524646,348.32,0
325,770.706,"Mount",0.307,-0.156,-0.344,0.006,-0.232,0.000,56,E,0,,,,503691,380.90,0
326,773.026,"Mount",0.360,-0.069,-0.354,-0.096,-0.239,0.000,58,E,0,,,,551851,359.95,0
327,775.405,"Mount",-0.033,0.014,0.036,0.002,0.000,0.000,0,,0,,,,552161,384.47,0
328,777.762,"Mount",0.206,-0.197,-0.271,0.087,-0.171,0.000,41,E,0,,,,532255,323.39,0
329,780.145,"Mount",0.072,0.098,-0.021,-0.120,0.000,0.000,0,,0,,,,550510,371.54,0
330,782.432,"Mount",0.145,-0.134,-0.189,0.057,-0.119,0.000,29,E,0,,,,541472,366.32,0
331,784.856,"Mount",-0.224,0.004,0.203,0.094,0.120,0.000,29,W,0,,,,508759,360.22,0
332,787.144,"Mount",0.358,-0.078,-0.356,-0.087,-0.216,0.000,52,E,0,,,,557950,381.73,0
333,789.547,"Mount",-0.013,0.013,0.017,-0.006,0.000,0.000,0,,0,,,,547281,377.83,0
334,791.865,"Mount",0.135,-0.241,-0.227,0.158,-0.143,0.000,35,E,0,,,,568169,366.81,0
335,794.241,"Mount",0.070,0.020,-0.054,-0.048,0.000,0.000,0,,0,,,,529758,377.29,0
336,796.569,"Mount",0.232,0.038,-0.192,-0.136,-0.121,0.000,29,E,0,,,,507588,342.15,0
337,799.091,"Mount",0.075,-0.039,-0.085,0.002,0.000,0.000,0,,0,,,,541080,353.30,0
338,801.345,"Mount",-0.157,0.165,0.213,-0.079,0.134,0.000,32,W,0,,,,567157,378.63,0
339,803.808,"Mount",-0.180,0.137,0.222,-0.044,0.149,0.000,36,W,0,,,,539872,361.19,0
340,806.096,"Mount",-0.141,0.032,0.141,0.033,0.099,0.000,24,W,0,,,,558755,392.17,0
341,808.552,"Mount",0.196,-0.070,-0.207,-0.023,-0.123,0.000,30,E,0,,,,554053,382.76,0
342,810.888,"Mount",0.343,-0.065,-0.337,-0.092,-0.221,0.000,53,E,0,,,,545384,352.35,0
343,813.266,"Mount",0.085,-0.025,-0.088,-0.015,0.000,0.000,0,,0,,,,531935,350.55,0
344,815.560,"Mount",-0.170,0.113,0.203,-0.027,0.128,0.000,31,W,0,,,,570407,379.99,0
345,817.904,"Mount",-0.073,-0.076,0.032,0.101,0.000,0.000,0,,0,,,,558007,392.38,0
346,820.288,"Mount",-0.245,0.235,0.324,-0.104,0.204,0.000,49,W,0,,,,568499,375.95,0
347,822.808,"Mount",-0.346,0.091,0.351,0.070,0.235,0.000,57,W,0,,,,517550,326.37,0
348,825.176,"Mount",-0.736,0.170,0.735,0.170,0.480,0.000,116,W,0,,,,565179,386.34,0
349,827.665,"Mount",0.370,-0.094,-0.374,-0.078,-0.202,0.000,49,E,0,,,,534744,404.61,0
350,829.952,"Mount",0.285,0.001,-0.255,-0.126,-0.175,0.000,42,E,0,,,,556787,390.69,0
351,832.409,"Mount",0.281,-0.175,-0.329,0.034,-0.220,0.000,53,E,0,,,,533563,356.60,0
352,834.616,"Mount",-0.002,-0.013,-0.004,0.013,0.000,0.000,0,,0,,,,515459,345.60,0
353,837.074,"Mount",-0.138,0.131,0.182,-0.057,0.115,0.000,28,W,0,,,,557736,381.82,0
354,839.384,"Mount",-0.190,0.133,0.229,-0.036,0.153,0.000,37,W,0,,,,563015,393.60,0
355,841.875,"Mount",-0.277,0.246,0.357,-0.100,0.236,0.000,57,W,0,,,,567721,364.96,0
356,844.201,"Mount",-0.398,0.201,0.446,-0.006,0.298,0.000,72,W,0,,,,567251,422.85,0
357,846.712,"Mount",-0.413,0.290,0.499,-0.079,0.335,0.000,81,W,0,,,,575756,382.34,0
358,849.000,"Mount",-0.258,0.036,0.248,0.081,0.179,0.000,43,W,0,,,,534798,372.39,0
359,851.574,"Mount",-0.049,-0.048,0.023,0.064,0.000,0.000,0,,0,,,,543135,356.13,0
360,853.814,"Mount",0.027,0.073,0.008,-0.078,0.000,0.000,0,,0,,,,539380,354.19,0
361,856.297,"Mount",-0.301,0.238,0.375,-0.082,0.236,0.000,57,W,0,,,,544654,355.86,0
362,858.592,"Mount",-0.194,0.222,0.272,-0.114,0.188,0.000,45,W,0,,,,593948,358.18,0
363,861.088,"Mount",-0.307,0.207,0.367,-0.051,0.244,0.000,59,W,0,,,,544711,347.41,0
364,863.419,"Mount",-0.161,0.187,0.226,-0.097,0.160,0.000,39,W,0,,,,566247,378.13,0
365,865.928,"Mount",-0.551,0.297,0.626,-0.025,0.405,0.000,98,W,0,,,,568363,385.29,0
366,868.282,"Mount",-0.722,0.231,0.750,0.109,0.501,0.000,121,W,0,,,,571923,401.49,0
367,870.811,"Mount",-0.388,0.260,0.463,-0.063,0.327,0.000,79,W,0,,,,560043,367.05,0
368,873.097,"Mount",-0.153,0.022,0.147,0.047,0.116,0.000,28,W,0,,,,549544,370.42,0
369,875.568,"Mount",-0.123,0.142,0.173,-0.073,0.117,0.000,28,W,0,,,,540078,374.15,0
370,877.864,"Mount",-0.221,0.254,0.310,-0.131,0.203,0.000,49,W,0,,,,557877,412.29,0
371,880.321,"Mount",-0.270,0.203,0.332,-0.064,0.223,0.000,54,W,0,,,,566022,360.22,0
372,882.595,"Mount",-0.188,0.060,0.196,0.029,0.139,0.000,34,W,0,,,,547061,368.67,0
373,885.056,"Mount",-0.115,0.094,0.145,-0.034,0.101,0.000,24,W,0,,,,536510,347.86,0
374,887.247,"Mount",-0.093,0.083,0.121,-0.034,0.000,0.000,0,,0,,,,547361,379.54,0
375,889.713,"Mount",-0.224,0.235,0.304,-0.113,0.192,0.000,46,W,0,,,,560333,397.41,0
376,892.016,"Mount",-0.121,0.230,0.210,-0.153,0.146,0.000,35,W,0,,,,539001,355.41,0
377,894.449,"Mount",0.238,0.024,-0.203,-0.126,-0.118,0.000,29,E,0,,,,520553,352.58,0
378,896.825,"Mount",0.224,0.067,-0.172,-0.159,-0.117,0.000,28,E,0,,,,565660,392.51,0
379,899.291,"Mount",0.231,0.023,-0.198,-0.122,-0.133,0.000,32,E,0,,,,535884,360.45,0
380,901.568,"Mount",-0.136,0.062,0.149,0.004,0.085,0.000,20,W,0,,,,521861,341.57,0
381,903.985,"Mount",-0.092,-0.012,0.077,0.051,0.000,0.000,0,,0,,,,535783,392.35,0
382,906.296,"Mount",-0.339,0.067,0.334,0.088,0.211,0.000,51,W,0,,,,529091,393.71,0
383,908.655,"Mount",-0.099,0.063,0.116,-0.013,0.000,0.000,0,,0,,,,571951,429.82,0
384,911.066,"Mount",-0.461,0.233,0.516,-0.007,0.325,0.000,79,W,0,,,,554062,395.71,0
385,913.538,"Mount",0.003,-0.112,-0.052,0.099,0.000,0.000,0,,0,,,,535054,353.50,0
386,916.507,"Mount",0.218,-0.187,-0.277,0.072,-0.175,0.000,42,E,0,,,,521101,360.19,0
387,919.128,"Mount",0.174,-0.033,-0.171,-0.047,-0.120,0.000,29,E,0,,,,532118,363.20,0
388,921.531,"Mount",0.298,-0.092,-0.308,-0.049,-0.203,0.000,49,E,0,,,,541808,354.89,0
INFO: SET LOCK POSITION, new lock pos = 51.107, 687.547
INFO: DITHER by -4.987, 0.636, new lock pos = 55.309, 684.787
INFO: SETTLING STATE CHANGE, Settling started
389,928.024,"Mount",-4.203,2.760,4.987,-0.636,4.987,-0.636,1205,W,1657,N,,,541207,349.47,0
390,930.698,"Mount",1.574,-0.819,-1.774,0.045,-1.118,0.000,270,E,0,,,,524582,390.45,0
391,933.104,"Mount",0.869,-0.461,-0.983,0.033,-0.698,0.000,169,E,0,,,,578474,366.14,0
392,935.552,"Mount",0.343,0.029,-0.296,-0.176,-0.235,0.000,57,E,0,,,,574437,339.51,0
393,937.736,"Mount",0.090,0.025,-0.070,-0.062,0.000,0.000,0,,0,,,,551178,369.98,0
394,940.160,"Mount",0.210,0.018,-0.181,-0.109,-0.114,0.000,28,E,0,,,,548425,396.38,0
395,942.416,"Mount",0.262,0.142,-0.173,-0.243,-0.117,0.000,28,E,0,,,,545807,361.14,0
396,944.773,"Mount",0.016,0.136,0.046,-0.129,0.000,0.000,0,,0,,,,539471,371.85,0
INFO: SETTLING STATE CHANGE, Settling complete
397,947.143,"Mount",0.166,0.012,-0.144,-0.083,-0.091,0.000,22,E,0,,,,559549,399.70,0
398,949.664,"Mount",-0.011,0.035,0.025,-0.027,0.000,0.000,0,,0,,,,522743,353.42,0
399,951.917,"Mount",0.176,0.163,-0.087,-0.224,0.000,0.000,0,,0,,,,554184,344.34,0
400,954.408,"Mount",0.536,-0.223,-0.579,-0.035,-0.365,0.000,88,E,0,,,,542646,360.50,0
401,956.793,"Mount",0.500,-0.136,-0.509,-0.097,-0.346,0.000,84,E,0,,,,554491,383.27,0
402,959.289,"Mount",0.407,-0.115,-0.417,-0.075,-0.287,0.000,69,E,0,,,,558791,390.12,0
403,961.592,"Mount",0.271,-0.130,-0.300,-0.002,-0.209,0.000,51,E,0,,,,562704,392.99,0
404,963.982,"Mount",-0.047,-0.169,-0.032,0.172,0.000,0.000,0,,0,,,,548467,384.21,0
405,966.200,"Mount",-0.200,-0.170,0.106,0.241,0.000,0.000,0,,0,,,,538765,344.00,0
406,968.624,"Mount",-0.330,-0.135,0.237,0.266,0.150,0.000,36,W,0,,,,550156,350.18,0
407,970.849,"Mount",-0.039,-0.063,0.008,0.074,0.000,0.000,0,,0,,,,527513,387.91,0
408,973.244,"Mount",-0.017,-0.028,0.003,0.032,0.000,0.000,0,,0,,,,528224,338.10,0
409,975.569,"Mount",0.375,-0.246,-0.445,0.056,-0.280,0.000,68,E,0,,,,541085,377.19,0
410,978.024,"Mount",0.365,-0.033,-0.343,-0.131,-0.236,0.000,57,E,0,,,,569794,380.71,0
411,980.328,"Mount",0.204,-0.238,-0.287,0.124,-0.197,0.000,48,E,0,,,,558201,335.30,0
412,982.718,"Mount",0.054,0.060,-0.022,-0.077,0.000,0.000,0,,0,,,,549646,382.67,0
413,985.048,"Mount",0.280,-0.189,-0.334,0.047,-0.211,0.000,51,E,0,,,,554868,368.53,0
414,987.430,"Mount",0.052,0.101,-0.003,-0.114,0.000,0.000,0,,0,,,,569100,400.35,0
415,989.639,"Mount",0.138,0.042,-0.105,-0.098,0.000,0.000,0,,0,,,,528791,369.98,0
416,992.081,"Mount",-0.173,0.156,0.224,-0.064,0.141,0.000,34,W,0,,,,527317,361.74,0
417,994.344,"Mount",-0.128,0.254,0.226,-0.172,0.152,0.000,37,W,0,,,,535242,368.36,0
418,996.753,"Mount",-0.033,0.024,0.040,-0.007,0.000,0.000,0,,0,,,,554707,382.47,0
419,999.040,"Mount",0.124,-0.060,-0.138,-0.001,-0.087,0.000,21,E,0,,,,551030,368.42,0
420,1001.420,"Mount",-0.062,0.138,0.116,-0.097,0.000,0.000,0,,0,,,,534153,363.23,0
421,1003.650,"Mount",0.060,-0.080,-0.089,0.045,0.000,0.000,0,,0,,,,550462,366.28,0
422,1006.041,"Mount",-0.065,0.134,0.117,-0.092,0.000,0.000,0,,0,,,,532906,332.97,0
423,1008.234,"Mount",0.004,-0.022,-0.014,0.018,0.000,0.000,0,,0,,,,540182,368.02,0
424,1010.594,"Mount",-0.058,-0.158,-0.017,0.168,0.000,0.000,0,,0,,,,529303,356.47,0
425,1012.793,"Mount",-0.166,-0.071,0.118,0.137,0.000,0.000,0,,0,,,,559139,358.46,0
426,1015.225,"Mount",-0.096,0.215,0.181,-0.151,0.114,0.000,28,W,0,,,,539750,353.58,0
427,1017.520,"Mount",-0.201,0.099,0.224,-0.001,0.149,0.000,36,W,0,,,,544670,360.38,0
428,1019.895,"Mount",-0.027,0.048,0.045,-0.031,0.000,0.000,0,,0,,,,553742,360.53,0
429,1022.119,"Mount",-0.012,0.041,0.029,-0.031,0.000,0.000,0,,0,,,,561470,367.28,0
430,1024.545,"Mount",0.209,-0.084,-0.224,-0.016,-0.141,0.000,34,E,0,,,,557998,379.52,0
431,1026.791,"Mount",-0.024,0.096,0.064,-0.076,0.000,0.000,0,,0,,,,557829,371.93,0
432,1029.256,"Mount",-0.154,0.157,0.207,-0.074,0.130,0.000,31,W,0,,,,543947,404.88,0
433,1031.467,"Mount",0.029,0.170,0.048,-0.165,0.000,0.000,0,,0,,,,526571,317.77,0
434,1033.857,"Mount",-0.050,-0.004,0.043,0.025,0.000,0.000,0,,0,,,,552529,372.01,0
435,1036.153,"Mount",-0.270,0.219,0.338,-0.078,0.213,0.000,51,W,0,,,,527623,361.20,0
436,1038.619,"Mount",-0.279,0.052,0.273,0.075,0.187,0.000,45,W,0,,,,538062,391.05,0
437,1040.920,"Mount",-0.348,-0.125,0.257,0.265,0.175,0.000,42,W,0,,,,571038,361.26,0
438,1043.309,"Mount",0.219,0.197,-0.111,-0.273,0.000,0.000,0,,0,,,,528046,343.04,0
439,1045.601,"Mount",0.305,0.038,-0.258,-0.168,-0.162,0.000,39,E,0,,,,544768,361.53,0
440,1048.089,"Mount",0.496,-0.219,-0.541,-0.021,-0.352,0.000,85,E,0,,,,544907,333.27,0
441,1050.385,"Mount",0.251,-0.213,-0.319,0.081,-0.225,0.000,54,E,0,,,,542063,342.49,0
442,1052.841,"Mount",0.207,-0.202,-0.275,0.091,-0.189,0.000,46,E,0,,,,545283,368.50,0
443,1055.160,"Mount",-0.392,0.203,0.441,-0.010,0.265,0.000,64,W,0,,,,528997,339.06,0
444,1057.601,"Mount",-0.134,0.111,0.169,-0.041,0.125,0.000,30,W,0,,,,551266,385.77,0
445,1059.910,"Mount",-0.195,0.031,0.189,0.058,0.128,0.000,31,W,0,,,,537535,378.09,0
446,1062.417,"Mount",-0.143,0.073,0.161,-0.003,0.110,0.000,27,W,0,,,,535300,365.06,0
447,1064.620,"Mount",-0.027,0.195,0.110,-0.163,0.000,0.000,0,,0,,,,552104,365.68,0
448,1067.056,"Mount",0.202,0.092,-0.141,-0.171,-0.089,0.000,21,E,0,,,,532050,374.91,0
449,1069.328,"Mount",0.193,0.055,-0.149,-0.135,-0.100,0.000,24,E,0,,,,555197,394.48,0
450,1071.832,"Mount",0.243,0.039,-0.201,-0.142,-0.134,0.000,32,E,0,,,,548314,377.47,0
451,1074.112,"Mount",0.267,0.023,-0.230,-0.137,-0.154,0.000,37,E,0,,,,532214,386.16,0
452,1076.610,"Mount",0.166,0.175,-0.072,-0.231,0.000,0.000,0,,0,,,,547361,366.13,0
453,1078.806,"Mount",-0.026,-0.008,0.020,0.019,0.000,0.000,0,,0,,,,537913,373.85,0
454,1081.199,"Mount",0.062,0.009,-0.052,-0.035,0.000,0.000,0,,0,,,,525399,396.18,0
455,1083.459,"Mount",0.111,-0.045,-0.119,-0.008,0.000,0.000,0,,0,,,,543638,409.29,0
456,1085.928,"Mount",0.331,-0.194,-0.383,0.029,-0.241,0.000,58,E,0,,,,549623,383.01,0
457,1088.201,"Mount",0.159,-0.027,-0.154,-0.045,-0.114,0.000,28,E,0,,,,553759,361.45,0
458,1090.664,"Mount",0.307,-0.057,-0.301,-0.083,-0.198,0.000,48,E,0,,,,558997,392.64,0
459,1092.943,"Mount",0.079,0.046,-0.051,-0.075,0.000,0.000,0,,0,,,,549009,384.57,0
460,1095.301,"Mount",0.030,-0.044,-0.046,0.026,0.000,0.000,0,,0,,,,541955,363.16,0
461,1097.519,"Mount",0.076,-0.014,-0.074,-0.020,0.000,0.000,0,,0,,,,541187,373.11,0
462,1099.891,"Mount",0.003,0.009,0.002,-0.009,0.000,0.000,0,,0,,,,530300,356.58,0
463,1102.094,"Mount",-0.094,0.085,0.122,-0.036,0.000,0.000,0,,0,,,,535362,403.70,0
464,1104.569,"Mount",-0.220,0.040,0.215,0.061,0.136,0.000,33,W,0,,,,539813,374.31,0
465,1106.832,"Mount",-0.110,0.173,0.175,-0.107,0.120,0.000,29,W,0,,,,565519,375.04,0
466,1109.217,"Mount",-0.021,-0.039,0.002,0.044,0.000,0.000,0,,0,,,,549123,364.69,0
467,1111.498,"Mount",0.229,0.037,-0.189,-0.133,-0.119,0.000,29,E,0,,,,562774,365.75,0
468,1113.909,"Mount",-0.066,0.013,0.065,0.017,0.000,0.000,0,,0,,,,530587,349.02,0
469,1116.200,"Mount",-0.254,-0.078,0.194,0.181,0.122,0.000,30,W,0,,,,534795,363.28,0
470,1118.666,"Mount",-0.348,0.266,0.429,-0.086,0.279,0.000,67,W,0,,,,518342,377.44,0
471,1121.025,"Mount",-0.344,0.379,0.476,-0.189,0.319,0.000,77,W,0,,,,542985,367.53,0
472,1123.488,"Mount",-0.179,0.216,0.256,-0.115,0.184,0.000,44,W,0,,,,530299,345.99,0
473,1125.936,"Mount",-0.077,0.171,0.145,-0.120,0.104,0.000,25,W,0,,,,522907,326.22,0
474,1128.376,"Mount",-0.167,0.054,0.173,0.025,0.116,0.000,28,W,0,,,,543031,362.46,0
475,1130.583,"Mount",-0.091,0.044,0.101,0.000,0.000,0.000,0,,0,,,,547602,377.34,0
476,1132.987,"Mount",0.001,0.042,0.017,-0.038,0.000,0.000,0,,0,,,,545453,371.20,0
477,1135.184,"Mount",0.115,-0.056,-0.128,-0.000,0.000,0.000,0,,0,,,,544312,364.93,0
478,1137.564,"Mount",-0.051,-0.058,0.021,0.074,0.000,0.000,0,,0,,,,538610,338.76,0
479,1139.794,"Mount",-0.017,0.094,0.057,-0.077,0.000,0.000,0,,0,,,,547337,399.94,0
480,1142.264,"Mount",-0.303,0.154,0.340,-0.005,0.214,0.000,52,W,0,,,,544374,351.93,0
481,1144.616,"Mount",-0.639,0.287,0.700,0.022,0.456,0.000,110,W,0,,,,505859,354.79,0
482,1147.097,"Mount",-0.294,0.067,0.293,0.069,0.217,0.000,52,W,0,,,,545309,365.20,0
483,1149.440,"Mount",-0.466,0.217,0.514,0.009,0.339,0.000,82,W,0,,,,517366,323.79,0
484,1151.808,"Mount",0.033,-0.051,-0.052,0.032,0.000,0.000,0,,0,,,,542113,367.98,0
485,1154.089,"Mount",-0.152,0.085,0.174,-0.009,0.110,0.000,26,W,0,,,,525306,314.29,0
486,1156.552,"Mount",0.104,-0.134,-0.152,0.074,-0.088,0.000,21,E,0,,,,556491,371.96,0
487,1158.865,"Mount",-0.253,0.050,0.249,0.066,0.151,0.000,36,W,0,,,,543372,336.85,0
488,1161.255,"Mount",0.106,0.038,-0.078,-0.080,0.000,0.000,0,,0,,,,556368,400.33,0
489,1163.577,"Mount",-0.291,0.048,0.282,0.085,0.178,0.000,43,W,0,,,,544155,359.74,0
490,1166.042,"Mount",-0.204,0.295,0.313,-0.176,0.209,0.000,51,W,0,,,,529822,351.87,0
491,1168.296,"Mount",-0.249,0.116,0.274,0.005,0.187,0.000,45,W,0,,,,536928,363.96,0
492,1170.760,"Mount",-0.159,0.086,0.180,-0.008,0.127,0.000,31,W,0,,,,531829,352.75,0
493,1172.984,"Mount",-0.013,0.055,0.036,-0.044,0.000,0.000,0,,0,,,,526232,335.10,0
494,1175.349,"Mount",-0.106,0.057,0.120,-0.004,0.000,0.000,0,,0,,,,546890,385.28,0
495,1177.673,"Mount",-0.362,-0.053,0.302,0.207,0.190,0.000,46,W,0,,,,549852,380.72,0
496,1180.074,"Mount",0.122,0.087,-0.072,-0.132,0.000,0.000,0,,0,,,,537849,392.29,0
497,1182.303,"Mount",0.029,0.120,0.027,-0.121,0.000,0.000,0,,0,,,,553381,368.02,0
498,1184.663,"Mount",0.023,0.106,0.026,-0.105,0.000,0.000,0,,0,,,,533642,360.84,0
499,1186.961,"Mount",-0.281,0.188,0.335,-0.046,0.211,0.000,51,W,0,,,,526708,346.17,0
500,1189.571,"Mount",-0.285,0.082,0.292,0.052,0.199,0.000,48,W,0,,,,552325,379.89,0
501,1191.814,"Mount",-0.013,-0.088,-0.027,0.084,0.000,0.000,0,,0,,,,556091,373.48,0
502,1194.265,"Mount",0.271,-0.047,-0.264,-0.077,-0.166,0.000,40,E,0,,,,547511,361.54,0
503,1196.664,"Mount",0.434,-0.257,-0.502,0.041,-0.328,0.000,79,E,0,,,,539711,333.55,0
504,1199.128,"Mount",0.275,-0.044,-0.266,-0.081,-0.191,0.000,46,E,0,,,,562050,349.71,0
505,1201.489,"Mount",0.268,-0.101,-0.286,-0.027,-0.193,0.000,47,E,0,,,,561021,365.96,0
506,1204.033,"Mount",-0.416,0.064,0.402,0.126,0.240,0.000,58,W,0,,,,550981,350.61,0
507,1206.305,"Mount",-0.243,0.033,0.232,0.077,0.163,0.000,39,W,0,,,,553633,378.47,0
508,1208.681,"Mount",-0.105,0.075,0.127,-0.022,0.000,0.000,0,,0,,,,565241,358.71,0
509,1210.936,"Mount",-0.076,0.185,0.149,-0.133,0.094,0.000,23,W,0,,,,561639,371.21,0
510,1213.393,"Mount",0.215,-0.024,-0.203,-0.073,-0.122,0.000,29,E,0,,,,552069,359.32,0
511,1215.761,"Mount",0.350,-0.161,-0.385,-0.009,-0.251,0.000,61,E,0,,,,559239,381.62,0
512,1218.249,"Mount",0.417,-0.044,-0.394,-0.143,-0.266,0.000,64,E,0,,,,548382,361.98,0
513,1220.585,"Mount",0.445,-0.077,-0.434,-0.126,-0.292,0.000,70,E,0,,,,546525,370.70,0
514,1223.128,"Mount",0.626,-0.245,-0.670,-0.054,-0.443,0.000,107,E,0,,,,551211,357.79,0
515,1225.465,"Mount",0.476,-0.300,-0.559,0.061,-0.383,0.000,93,E,0,,,,548173,387.26,0
516,1227.885,"Mount",0.138,0.123,-0.070,-0.171,0.000,0.000,0,,0,,,,563770,346.49,0
517,1230.171,"Mount",0.102,0.097,-0.049,-0.132,0.000,0.000,0,,0,,,,543216,368.25,0
518,1232.616,"Mount",0.328,-0.182,-0.374,0.020,-0.236,0.000,57,E,0,,,,548260,357.72,0
519,1234.962,"Mount",0.516,-0.188,-0.546,-0.057,-0.361,0.000,87,E,0,,,,539100,357.23,0
520,1237.419,"Mount",0.265,0.008,-0.234,-0.123,-0.173,0.000,42,E,0,,,,571687,360.34,0
521,1239.752,"Mount",0.332,-0.190,-0.381,0.025,-0.252,0.000,61,E,0,,,,553803,366.31,0
522,1242.232,"Mount",0.349,-0.114,-0.364,-0.051,-0.247,0.000,60,E,0,,,,560283,347.24,0
523,1244.536,"Mount",0.378,-0.013,-0.345,-0.155,-0.235,0.000,57,E,0,,,,549288,375.31,0
524,1247.000,"Mount",0.197,-0.179,-0.256,0.074,-0.178,0.000,43,E,0,,,,542121,303.93,0
525,1249.281,"Mount",0.179,0.026,-0.149,-0.101,-0.106,0.000,26,E,0,,,,552517,391.13,0
526,1251.712,"Mount",-0.030,0.011,0.032,0.004,0.000,0.000,0,,0,,,,562314,414.09,0
527,1254.009,"Mount",0.193,-0.299,-0.304,0.184,-0.192,0.000,46,E,0,,,,541064,355.10,0
528,1256.586,"Mount",0.643,-0.369,-0.739,0.050,-0.479,0.000,116,E,0,,,,553396,405.73,0
529,1258.977,"Mount",0.572,-0.232,-0.616,-0.043,-0.421,0.000,102,E,0,,,,528754,374.50,0
530,1261.571,"Mount",0.193,-0.063,-0.201,-0.028,-0.156,0.000,38,E,0,,,,544106,344.69,0
531,1263.859,"Mount",0.056,-0.124,-0.105,0.087,0.000,0.000,0,,0,,,,542533,380.33,0
532,1266.321,"Mount",0.124,-0.083,-0.147,0.020,-0.093,0.000,22,E,0,,,,554996,364.63,0
533,1268.526,"Mount",-0.003,-0.124,-0.052,0.113,0.000,0.000,0,,0,,,,558703,345.88,0
534,1270.977,"Mount",-0.186,0.129,0.224,-0.035,0.141,0.000,34,W,0,,,,564455,403.94,0
535,1273.281,"Mount",-0.230,0.383,0.374,-0.243,0.246,0.000,59,W,0,,,,550075,347.55,0
536,1275.761,"Mount",0.323,-0.139,-0.351,-0.017,-0.204,0.000,49,E,0,,,,565730,372.24,0
537,1278.041,"Mount",0.240,-0.123,-0.270,0.005,-0.185,0.000,45,E,0,,,,561433,342.67,0
538,1280.497,"Mount",0.205,-0.424,-0.370,0.291,-0.246,0.000,59,E,0,,,,538131,352.27,0
539,1282.817,"Mount",0.132,-0.290,-0.246,0.202,-0.172,0.000,42,E,0,,,,534687,372.62,0
540,1285.241,"Mount",0.182,0.061,-0.137,-0.135,-0.098,0.000,24,E,0,,,,568353,395.85,0
541,1287.453,"Mount",0.102,-0.079,-0.126,0.026,0.000,0.000,0,,0,,,,575044,383.42,0
542,1289.801,"Mount",-0.023,0.026,0.032,-0.013,0.000,0.000,0,,0,,,,540841,348.67,0
543,1292.137,"Mount",-0.428,0.111,0.434,0.088,0.273,0.000,66,W,0,,,,540661,359.74,0
544,1294.601,"Mount",-0.416,0.016,0.380,0.168,0.259,0.000,62,W,0,,,,540772,358.64,0
545,1296.945,"Mount",-0.260,0.106,0.280,0.018,0.195,0.000,47,W,0,,,,537488,360.01,0
546,1299.417,"Mount",0.146,-0.259,-0.245,0.169,-0.141,0.000,34,E,0,,,,531159,356.42,0
547,1301.729,"Mount",0.208,-0.063,-0.215,-0.035,-0.145,0.000,35,E,0,,,,559723,365.09,0
548,1304.177,"Mount",0.095,-0.249,-0.194,0.182,-0.133,0.000,32,E,0,,,,529867,376.08,0
549,1306.481,"Mount",0.196,-0.116,-0.228,0.018,-0.153,0.000,37,E,0,,,,560112,377.00,0
550,1308.887,"Mount",-0.019,-0.032,0.003,0.037,0.000,0.000,0,,0,,,,541207,375.89,0
551,1311.118,"Mount",0.053,-0.023,-0.057,-0.003,0.000,0.000,0,,0,,,,534754,369.17,0
552,1313.535,"Mount",-0.059,0.069,0.083,-0.036,0.000,0.000,0,,0,,,,558537,355.39,0
553,1315.817,"Mount",-0.318,0.049,0.307,0.096,0.193,0.000,47,W,0,,,,549214,399.60,0
554,1318.257,"Mount",-0.120,0.051,0.130,0.007,0.096,0.000,23,W,0,,,,531525,358.22,0
555,1320.538,"Mount",0.071,-0.166,-0.137,0.118,-0.079,0.000,19,E,0,,,,564204,354.42,0
556,1322.932,"Mount",0.078,-0.041,-0.088,0.003,0.000,0.000,0,,0,,,,537148,386.82,0
557,1325.249,"Mount",0.249,-0.093,-0.265,-0.026,-0.167,0.000,40,E,0,,,,562917,377.49,0
558,1327.705,"Mount",-0.213,0.093,0.232,0.010,0.135,0.000,33,W,0,,,,558672,346.36,0
559,1329.969,"Mount",0.152,-0.066,-0.166,-0.007,-0.095,0.000,23,E,0,,,,562758,377.67,0
560,1332.343,"Mount",0.156,0.075,-0.107,-0.136,0.000,0.000,0,,0,,,,579678,363.60,0
561,1334.593,"Mount",-0.158,0.096,0.185,-0.017,0.116,0.000,28,W,0,,,,566484,368.87,0
562,1337.026,"Mount",-0.193,0.003,0.174,0.082,0.118,0.000,29,W,0,,,,526499,375.54,0
563,1339.231,"Mount",0.015,0.077,0.021,-0.076,0.000,0.000,0,,0,,,,542928,358.40,0
564,1341.630,"Mount",0.085,-0.049,-0.098,0.006,0.000,0.000,0,,0,,,,548450,352.22,0
565,1343.905,"Mount",0.153,-0.127,-0.193,0.047,-0.122,0.000,29,E,0,,,,562833,373.32,0
566,1346.329,"Mount",0.073,-0.087,-0.104,0.046,0.000,0.000,0,,0,,,,554153,389.11,0
567,1348.673,"Mount",0.592,-0.279,-0.655,-0.009,-0.413,0.000,100,E,0,,,,528168,340.60,0
568,1351.169,"Mount",0.295,-0.301,-0.397,0.141,-0.279,0.000,67,E,0,,,,549977,386.44,0
569,1353.457,"Mount",0.067,-0.217,-0.155,0.166,-0.117,0.000,28,E,0,,,,563135,359.42,0
570,1356.017,"Mount",-0.363,0.155,0.395,0.020,0.240,0.000,58,W,0,,,,549469,370.13,0
571,1358.345,"Mount",-0.420,0.068,0.407,0.124,0.273,0.000,66,W,0,,,,524600,351.77,0
572,1360.801,"Mount",-0.007,0.301,0.138,-0.268,0.106,0.000,26,W,0,,,,531692,341.28,0
573,1363.023,"Mount",-0.018,0.156,0.085,-0.133,0.000,0.000,0,,0,,,,549723,359.00,0
574,1365.473,"Mount",0.138,-0.159,-0.194,0.082,-0.122,0.000,30,E,0,,,,540096,342.36,0
575,1367.679,"Mount",0.098,-0.095,-0.130,0.042,0.000,0.000,0,,0,,,,560075,379.82,0
576,1370.119,"Mount",0.097,-0.157,-0.156,0.099,-0.099,0.000,24,E,0,,,,541955,378.17,0
577,1372.409,"Mount",0.121,-0.196,-0.195,0.123,-0.129,0.000,31,E,0,,,,562924,385.32,0
578,1374.889,"Mount",0.217,-0.030,-0.208,-0.068,-0.140,0.000,34,E,0,,,,563872,377.39,0
579,1377.191,"Mount",0.016,-0.102,-0.059,0.085,0.000,0.000,0,,0,,,,564971,377.83,0
580,1379.599,"Mount",0.039,-0.152,-0.102,0.119,0.000,0.000,0,,0,,,,569911,361.44,0
581,1381.803,"Mount",-0.068,0.113,0.110,-0.071,0.000,0.000,0,,0,,,,571969,369.80,0
582,1384.241,"Mount",0.122,-0.219,-0.206,0.143,-0.130,0.000,31,E,0,,,,543029,369.08,0
583,1386.545,"Mount",0.073,-0.219,-0.162,0.165,-0.111,0.000,27,E,0,,,,555040,335.16,0
584,1388.909,"Mount",0.178,0.088,-0.121,-0.157,0.000,0.000,0,,0,,,,561023,386.56,0
585,1391.129,"Mount",0.034,-0.201,-0.119,0.166,0.000,0.000,0,,0,,,,566185,405.03,0
586,1393.633,"Mount",0.349,-0.279,-0.436,0.097,-0.275,0.000,66,E,0,,,,564143,377.98,0
587,1395.953,"Mount",0.094,-0.288,-0.211,0.217,-0.152,0.000,37,E,0,,,,563338,400.48,0
588,1398.393,"Mount",0.034,-0.036,-0.047,0.017,0.000,0.000,0,,0,,,,552055,378.25,0
589,1400.649,"Mount",-0.177,-0.057,0.134,0.129,0.084,0.000,20,W,0,,,,571436,396.24,0
590,1403.045,"Mount",-0.049,-0.026,0.033,0.045,0.000,0.000,0,,0,,,,547944,340.57,0
591,1405.226,"Mount",-0.122,0.012,0.115,0.042,0.000,0.000,0,,0,,,,535693,357.46,0
592,1407.657,"Mount",0.117,-0.105,-0.151,0.043,-0.095,0.000,23,E,0,,,,562428,387.73,0
593,1409.880,"Mount",-0.078,0.041,0.088,-0.003,0.000,0.000,0,,0,,,,552670,415.85,0
594,1412.268,"Mount",-0.052,0.019,0.055,0.005,0.000,0.000,0,,0,,,,569732,381.46,0
595,1414.577,"Mount",-0.212,-0.013,0.185,0.105,0.116,0.000,28,W,0,,,,548268,364.72,0
596,1416.971,"Mount",-0.050,-0.005,0.043,0.027,0.000,0.000,0,,0,,,,538113,332.99,0
597,1419.410,"Mount",-0.681,0.124,0.667,0.188,0.420,0.000,101,W,0,,,,550140,355.77,0
598,1421.858,"Mount",-0.335,0.017,0.308,0.132,0.224,0.000,54,W,0,,,,542340,354.95,0
599,1424.057,"Mount",-0.077,0.129,0.126,-0.082,0.000,0.000,0,,0,,,,544525,377.54,0
600,1426.462,"Mount",0.071,-0.098,-0.107,0.057,0.000,0.000,0,,0,,,,537370,362.35,0
601,1428.660,"Mount",0.047,-0.048,-0.063,0.022,0.000,0.000,0,,0,,,,570381,343.24,0
602,1431.076,"Mount",-0.009,-0.123,-0.046,0.115,0.000,0.000,0,,0,,,,557472,372.28,0
603,1433.308,"Mount",-0.014,-0.035,-0.003,0.037,0.000,0.000,0,,0,,,,577138,389.15,0
604,1435.672,"Mount",-0.096,-0.174,0.009,0.199,0.000,0.000,0,,0,,,,535825,352.79,0
605,1437.913,"Mount",-0.128,-0.032,0.101,0.085,0.000,0.000,0,,0,,,,537689,361.87,0
606,1440.449,"Mount",-0.482,0.126,0.488,0.098,0.308,0.000,74,W,0,,,,569581,358.97,0
607,1442.801,"Mount",-0.645,0.367,0.741,-0.047,0.488,0.000,118,W,0,,,,531675,360.26,0
608,1445.345,"Mount",-0.544,0.364,0.649,-0.088,0.443,0.000,107,W,0,,,,545228,343.78,0
609,1447.657,"Mount",-0.165,-0.015,0.141,0.086,0.120,0.000,29,W,0,,,,539035,367.90,0
610,1450.040,"Mount",0.015,0.131,0.043,-0.124,0.000,0.000,0,,0,,,,528080,388.31,0
611,1452.252,"Mount",0.056,0.249,0.059,-0.249,0.000,0.000,0,,0,,,,541603,361.48,0
612,1454.689,"Mount",-0.189,0.126,0.225,-0.030,0.142,0.000,34,W,0,,,,545231,366.76,0
613,1456.918,"Mount",-0.013,0.056,0.036,-0.044,0.000,0.000,0,,0,,,,555511,384.69,0
614,1459.385,"Mount",-0.140,0.228,0.226,-0.144,0.142,0.000,34,W,0,,,,526432,340.69,0
615,1461.707,"Mount",-0.309,0.012,0.283,0.125,0.188,0.000,45,W,0,,,,555470,391.92,0
616,1464.153,"Mount",-0.238,0.010,0.218,0.096,0.150,0.000,36,W,0,,,,545480,380.93,0
617,1466.506,"Mount",-0.439,-0.152,0.328,0.329,0.217,0.000,53,W,0,,,,559693,367.69,0
618,1468.881,"Mount",0.026,-0.123,-0.078,0.099,0.000,0.000,0,,0,,,,529878,382.69,0
619,1471.111,"Mount",-0.051,-0.040,0.028,0.058,0.000,0.000,0,,0,,,,550240,356.90,0
620,1473.577,"Mount",0.211,-0.196,-0.275,0.083,-0.173,0.000,42,E,0,,,,544615,369.69,0
621,1475.783,"Mount",0.012,0.153,0.056,-0.143,0.000,0.000,0,,0,,,,528782,347.04,0
622,1478.241,"Mount",-0.197,0.137,0.237,-0.037,0.149,0.000,36,W,0,,,,551346,345.55,0
623,1480.453,"Mount",-0.018,0.177,0.094,-0.151,0.000,0.000,0,,0,,,,559729,368.08,0
624,1482.977,"Mount",-0.467,-0.024,0.409,0.226,0.258,0.000,62,W,0,,,,552271,360.57,0
625,1485.281,"Mount",-0.406,0.116,0.416,0.074,0.280,0.000,68,W,0,,,,535044,359.42,0
626,1487.745,"Mount",-0.277,-0.043,0.230,0.160,0.164,0.000,40,W,0,,,,548770,349.56,0
627,1489.951,"Mount",0.026,-0.098,-0.066,0.077,0.000,0.000,0,,0,,,,555745,361.51,0
628,1492.465,"Mount",0.306,-0.102,-0.320,-0.043,-0.202,0.000,49,E,0,,,,540207,352.56,0
629,1494.699,"Mount",0.045,-0.061,-0.067,0.035,0.000,0.000,0,,0,,,,574817,383.70,0
630,1497.193,"Mount",0.471,-0.213,-0.517,-0.015,-0.326,0.000,79,E,0,,,,533906,331.65,0
631,1499.521,"Mount",0.131,-0.199,-0.205,0.121,-0.152,0.000,37,E,0,,,,564657,375.38,0
632,1501.985,"Mount",0.055,-0.205,-0.139,0.160,-0.098,0.000,24,E,0,,,,569141,384.98,0
633,1504.265,"Mount",-0.183,0.165,0.237,-0.068,0.142,0.000,34,W,0,,,,515295,332.07,0
634,1506.777,"Mount",-0.311,0.050,0.301,0.091,0.200,0.000,48,W,0,,,,542424,393.77,0
635,1509.137,"Mount",-0.486,0.199,0.524,0.034,0.344,0.000,83,W,0,,,,535562,378.41,0
636,1511.609,"Mount",0.298,-0.106,-0.314,-0.036,-0.174,0.000,42,E,0,,,,556689,371.18,0
637,1513.921,"Mount",0.289,0.039,-0.242,-0.162,-0.165,0.000,40,E,0,,,,566462,365.18,0
638,1516.409,"Mount",0.309,-0.486,-0.491,0.301,-0.321,0.000,78,E,0,,,,539110,355.84,0
639,1518.626,"Mount",0.065,-0.120,-0.111,0.079,0.000,0.000,0,,0,,,,595640,389.37,0
640,1521.113,"Mount",0.209,-0.166,-0.261,0.058,-0.164,0.000,40,E,0,,,,561942,389.55,0
641,1523.441,"Mount",0.230,-0.100,-0.251,-0.011,-0.169,0.000,41,E,0,,,,555843,364.66,0
642,1525.865,"Mount",0.134,-0.065,-0.149,-0.001,-0.106,0.000,26,E,0,,,,552843,351.02,0
643,1528.076,"Mount",-0.020,-0.301,-0.114,0.279,0.000,0.000,0,,0,,,,545662,379.95,0
644,1530.521,"Mount",0.169,-0.138,-0.212,0.050,-0.134,0.000,32,E,0,,,,567911,383.18,0
645,1532.818,"Mount",0.200,-0.256,-0.292,0.142,-0.193,0.000,47,E,0,,,,520196,361.22,0
646,1535.314,"Mount",0.531,-0.100,-0.522,-0.143,-0.342,0.000,83,E,0,,,,570542,397.70,0
647,1537.593,"Mount",0.197,0.072,-0.145,-0.151,-0.116,0.000,28,E,0,,,,547774,360.30,0
648,1540.033,"Mount",0.134,-0.188,-0.203,0.110,-0.136,0.000,33,E,0,,,,518006,322.31,0
649,1542.457,"Mount",0.294,0.083,-0.227,-0.204,-0.153,0.000,37,E,0,,,,566469,383.55,0
650,1545.229,"Mount",0.174,-0.082,-0.192,-0.003,-0.132,0.000,32,E,0,,,,558023,369.95,0
651,1547.793,"Mount",0.146,-0.087,-0.169,0.015,-0.116,0.000,28,E,0,,,,584871,368.35,0
652,1550.359,"Mount",-0.078,-0.248,-0.038,0.257,0.000,0.000,0,,0,,,,530232,349.65,0
653,1552.731,"Mount",0.075,-0.270,-0.186,0.210,-0.117,0.000,28,E,0,,,,518355,335.99,0
INFO: SET LOCK POSITION, new lock pos = 55.309, 684.787
INFO: DITHER by -3.067, 3.087, new lock pos = 56.710, 680.667
INFO: SETTLING STATE CHANGE, Settling started
654,1557.153,"Mount",-1.401,4.120,3.067,-3.087,3.067,-3.087,741,W,648,N,,,542321,371.86,0
655,1560.385,"Mount",2.630,1.361,-1.766,-2.377,-1.113,-2.377,269,E,499,N,,,558568,361.06,0
656,1563.321,"Mount",1.842,1.804,-0.863,-2.429,-0.622,-2.429,150,E,510,N,,,588013,422.31,0
657,1566.025,"Mount",-0.042,1.049,0.498,-0.924,0.270,-0.924,65,W,194,N,,,574652,335.64,0
658,1568.577,"Mount",-0.573,0.984,0.946,-0.633,0.615,-0.633,149,W,133,N,,,561319,344.35,0
659,1571.138,"Mount",-0.225,0.349,0.355,-0.215,0.267,-0.215,64,W,45,N,,,547239,357.45,0
660,1573.425,"Mount",-0.286,0.286,0.383,-0.132,0.260,0.000,63,W,0,,,,559616,365.27,0
661,1575.843,"Mount",-0.059,-0.073,0.021,0.091,0.000,0.000,0,,0,,,,569120,382.94,0
662,1578.089,"Mount",0.249,-0.373,-0.387,0.226,-0.244,0.000,59,E,0,,,,526645,370.19,0
663,1580.454,"Mount",-0.033,-0.111,-0.019,0.114,0.000,0.000,0,,0,,,,572842,374.51,0
INFO: SETTLING STATE CHANGE, Settling complete
664,1582.737,"Mount",0.248,-0.126,-0.278,0.004,-0.175,0.000,42,E,0,,,,569011,372.11,0
665,1585.281,"Mount",-0.299,-0.027,0.257,0.155,0.150,0.000,36,W,0,,,,529374,356.26,0
666,1587.517,"Mount",-0.122,0.038,0.126,0.020,0.000,0.000,0,,0,,,,575400,382.35,0
667,1589.994,"Mount",-0.436,0.100,0.435,0.102,0.274,0.000,66,W,0,,,,549221,351.96,0
668,1592.310,"Mount",-0.376,0.143,0.400,0.037,0.271,0.000,66,W,0,,,,546098,378.74,0
669,1594.785,"Mount",-0.413,0.011,0.376,0.171,0.256,0.000,62,W,0,,,,559004,372.85,0
670,1597.065,"Mount",-0.179,0.198,0.247,-0.099,0.174,0.000,42,W,0,,,,558171,374.75,0
671,1599.521,"Mount",0.066,-0.212,-0.152,0.161,-0.084,0.000,20,E,0,,,,552697,379.13,0
672,1601.729,"Mount",-0.039,-0.256,-0.077,0.247,0.000,0.000,0,,0,,,,558815,408.64,0
673,1604.111,"Mount",-0.107,-0.005,0.094,0.051,0.000,0.000,0,,0,,,,542892,347.61,0
674,1606.325,"Mount",0.019,0.116,0.034,-0.112,0.000,0.000,0,,0,,,,541215,342.99,0
675,1608.770,"Mount",-0.218,0.050,0.218,0.051,0.137,0.000,33,W,0,,,,544475,368.32,0
676,1611.092,"Mount",-0.318,0.131,0.343,0.022,0.226,0.000,55,W,0,,,,526166,368.60,0
677,1613.684,"Mount",-0.171,0.366,0.314,-0.254,0.214,-0.254,52,W,53,N,,,532532,360.13,0
678,1615.895,"Mount",-0.063,0.087,0.095,-0.050,0.000,0.000,0,,0,,,,556410,383.76,0
679,1618.329,"Mount",0.184,-0.276,-0.286,0.168,-0.180,0.000,44,E,0,,,,530002,361.80,0
680,1620.601,"Mount",0.082,-0.348,-0.226,0.277,-0.155,0.000,37,E,0,,,,521983,353.11,0
681,1623.081,"Mount",0.191,-0.166,-0.245,0.066,-0.165,0.000,40,E,0,,,,544729,352.55,0
682,1625.370,"Mount",-0.315,0.023,0.293,0.118,0.173,0.000,42,W,0,,,,548633,354.32,0
683,1627.750,"Mount",0.061,-0.089,-0.094,0.053,0.000,0.000,0,,0,,,,529463,368.43,0
684,1629.957,"Mount",-0.091,-0.089,0.043,0.120,0.000,0.000,0,,0,,,,550353,393.78,0
685,1632.324,"Mount",0.078,-0.129,-0.127,0.082,0.000,0.000,0,,0,,,,537122,361.56,0
686,1634.587,"Mount",-0.345,0.128,0.366,0.037,0.230,0.000,56,W,0,,,,531406,352.22,0
687,1636.978,"Mount",0.135,-0.011,-0.126,-0.049,0.000,0.000,0,,0,,,,540400,370.71,0
688,1639.233,"Mount",0.098,-0.197,-0.174,0.134,-0.110,0.000,27,E,0,,,,504281,360.27,0
689,1641.699,"Mount",0.147,-0.237,-0.236,0.149,-0.156,0.000,38,E,0,,,,496908,342.72,0
690,1643.977,"Mount",0.083,-0.266,-0.191,0.203,-0.131,0.000,32,E,0,,,,488933,331.98,0
691,1646.465,"Mount",0.196,-0.348,-0.329,0.226,-0.217,0.000,52,E,0,,,,471163,333.66,0
692,1650.297,"Mount",-0.255,-0.321,0.089,0.401,0.000,0.401,0,,1607,S,,,450790,356.30,0
693,1653.081,"Mount",-0.980,-0.955,0.462,1.289,0.291,1.289,70,W,271,S,,,482816,339.75,0
694,1655.609,"Mount",-0.607,-0.911,0.145,1.085,0.112,1.085,27,W,228,S,,,467458,354.51,0
695,1658.241,"Mount",-0.485,-0.998,-0.002,1.110,0.000,1.110,0,,233,S,,,401446,291.66,0
696,1660.769,"Mount",-0.637,-0.737,0.249,0.942,0.157,0.942,38,W,198,S,,,386761,311.96,0
697,1663.385,"Mount",-0.419,-0.769,0.039,0.875,0.000,0.875,0,,184,S,,,396205,291.75,0
698,1665.881,"Mount",-0.163,-0.852,-0.228,0.838,-0.143,0.838,35,E,176,S,,,415337,310.39,0
699,1668.506,"Mount",-0.157,-0.827,-0.221,0.812,-0.150,0.812,36,E,171,S,,,440017,346.43,0
700,1670.937,"Mount",-0.409,-0.738,0.044,0.843,0.000,0.843,0,,177,S,,,439817,315.20,0
701,1673.553,"Mount",-0.027,-0.708,-0.287,0.647,-0.181,0.647,44,E,136,S,,,449826,340.31,0
702,1675.873,"Mount",-0.146,-0.560,-0.114,0.567,0.000,0.567,0,,119,S,,,458939,369.33,0
703,1678.457,"Mount",0.100,-0.626,-0.364,0.518,-0.229,0.518,55,E,109,S,,,449818,305.23,0
704,1680.692,"Mount",-0.008,-0.116,-0.044,0.108,0.000,0.000,0,,0,,,,478257,325.49,0
705,1683.137,"Mount",0.230,-0.277,-0.329,0.148,-0.207,0.000,50,E,0,,,,466276,335.44,0
706,1685.513,"Mount",0.114,-0.471,-0.309,0.374,-0.209,0.374,50,E,78,S,,,482552,343.31,0
707,1688.017,"Mount",0.030,-0.352,-0.182,0.303,-0.129,0.303,31,E,64,S,,,485070,339.40,0
708,1690.297,"Mount",-0.190,-0.202,0.082,0.265,0.000,0.265,0,,56,S,,,497888,334.58,0
709,1692.648,"Mount",-0.105,-0.149,0.029,0.180,0.000,0.000,0,,0,,,,526239,377.34,0
710,1694.945,"Mount",-0.027,-0.214,-0.070,0.204,0.000,0.204,0,,43,S,,,521712,397.69,0
711,1697.369,"Mount",0.116,-0.238,-0.209,0.163,-0.132,0.000,32,E,0,,,,510270,365.68,0
712,1699.577,"Mount",-0.120,-0.016,0.101,0.067,0.000,0.000,0,,0,,,,538481,355.91,0
713,1702.017,"Mount",-0.279,0.177,0.328,-0.036,0.207,0.000,50,W,0,,,,525629,356.59,0
714,1704.289,"Mount",-0.286,0.204,0.346,-0.058,0.232,0.000,56,W,0,,,,538039,386.74,0
715,1706.721,"Mount",0.335,-0.274,-0.421,0.099,-0.249,0.000,60,E,0,,,,509429,360.94,0
716,1708.907,"Mount",0.055,-0.009,-0.053,-0.016,0.000,0.000,0,,0,,,,555228,394.36,0
717,1711.322,"Mount",0.095,-0.184,-0.166,0.123,-0.105,0.000,25,E,0,,,,510439,367.11,0
718,1713.593,"Mount",-0.216,0.012,0.199,0.084,0.118,0.000,29,W,0,,,,532197,385.91,0
719,1715.993,"Mount",-0.152,0.098,0.180,-0.021,0.121,0.000,29,W,0,,,,539873,377.41,0
720,1718.169,"Mount",-0.035,0.005,0.034,0.011,0.000,0.000,0,,0,,,,530501,350.44,0
721,1720.625,"Mount",-0.415,0.221,0.470,-0.017,0.296,0.000,72,W,0,,,,536033,367.76,0
722,1723.017,"Mount",-0.301,-0.194,0.185,0.306,0.138,0.306,33,W,64,S,,,544134,399.24,0
723,1725.418,"Mount",0.065,-0.205,-0.149,0.155,-0.084,0.000,20,E,0,,,,538598,359.97,0
724,1727.777,"Mount",0.154,-0.399,-0.313,0.291,-0.203,0.291,49,E,61,S,,,537704,373.27,0
725,1730.185,"Mount",0.144,-0.187,-0.211,0.105,-0.147,0.000,36,E,0,,,,562627,377.46,0
726,1732.354,"Mount",-0.049,-0.190,-0.040,0.192,0.000,0.000,0,,0,,,,567122,396.70,0
727,1734.719,"Mount",0.082,0.034,-0.058,-0.067,0.000,0.000,0,,0,,,,576172,414.20,0
728,1736.977,"Mount",-0.278,0.043,0.268,0.083,0.169,0.000,41,W,0,,,,562243,364.69,0
729,1739.529,"Mount",-0.931,0.376,1.001,0.071,0.643,0.000,155,W,0,,,,578213,405.56,0
730,1741.809,"Mount",-0.316,0.180,0.363,-0.023,0.274,0.000,66,W,0,,,,570390,342.47,0
731,1744.241,"Mount",-0.375,0.203,0.427,-0.018,0.288,0.000,70,W,0,,,,557346,385.12,0
732,1746.537,"Mount",-0.396,0.258,0.469,-0.058,0.316,0.000,76,W,0,,,,569325,412.04,0
733,1749.001,"Mount",-0.454,0.173,0.484,0.044,0.327,0.000,79,W,0,,,,554655,361.53,0
734,1751.273,"Mount",-0.328,0.167,0.368,-0.006,0.255,0.000,62,W,0,,,,567733,436.97,0
735,1753.678,"Mount",0.007,0.192,0.078,-0.175,0.000,0.000,0,,0,,,,588888,365.91,0
736,1755.953,"Mount",-0.064,0.221,0.155,-0.170,0.097,0.000,24,W,0,,,,573882,391.79,0
737,1758.473,"Mount",-0.791,0.422,0.896,-0.032,0.571,0.000,138,W,0,,,,564673,345.36,0
738,1760.721,"Mount",-0.119,0.170,0.182,-0.101,0.155,0.000,37,W,0,,,,574347,374.08,0
739,1763.177,"Mount",-0.347,0.230,0.413,-0.055,0.271,0.000,65,W,0,,,,565919,407.76,0
740,1765.481,"Mount",-0.592,0.186,0.614,0.093,0.406,0.000,98,W,0,,,,565533,403.19,0
741,1767.860,"Mount",0.063,0.042,-0.038,-0.065,0.000,0.000,0,,0,,,,572587,403.40,0
742,1770.045,"Mount",-0.092,-0.057,0.057,0.092,0.000,0.000,0,,0,,,,564701,403.67,0
743,1772.441,"Mount",0.132,-0.071,-0.150,0.006,-0.094,0.000,23,E,0,,,,589374,379.35,0
744,1774.697,"Mount",-0.190,0.337,0.319,-0.219,0.194,0.000,47,W,0,,,,563133,353.24,0
745,1777.055,"Mount",-0.024,0.101,0.066,-0.080,0.000,0.000,0,,0,,,,588483,350.43,0
746,1779.236,"Mount",-0.114,0.050,0.125,0.005,0.000,0.000,0,,0,,,,567500,401.90,0
747,1781.665,"Mount",-0.201,0.237,0.284,-0.124,0.179,0.000,43,W,0,,,,563309,354.48,0
748,1783.946,"Mount",-0.348,0.213,0.406,-0.038,0.268,0.000,65,W,0,,,,574964,382.32,0
749,1786.305,"Mount",-0.080,0.026,0.083,0.012,0.000,0.000,0,,0,,,,558723,361.37,0
750,1788.577,"Mount",-0.363,-0.007,0.324,0.165,0.204,0.000,49,W,0,,,,537817,390.05,0
751,1791.010,"Mount",0.209,-0.294,-0.317,0.172,-0.185,0.000,45,E,0,,,,543026,350.87,0
752,1793.290,"Mount",-0.122,-0.242,0.004,0.271,0.000,0.271,0,,57,S,,,551598,374.79,0
753,1795.746,"Mount",0.450,-0.220,-0.501,0.001,-0.316,0.000,76,E,0,,,,553460,390.40,0
754,1797.977,"Mount",0.061,-0.240,-0.160,0.189,-0.123,0.000,30,E,0,,,,538007,366.99,0
755,1800.417,"Mount",0.328,-0.221,-0.392,0.054,-0.255,0.000,62,E,0,,,,530334,343.03,0
756,1802.599,"Mount",0.028,0.063,0.002,-0.069,0.000,0.000,0,,0,,,,577611,378.85,0
757,1805.009,"Mount",-0.195,0.188,0.258,-0.083,0.163,0.000,39,W,0,,,,559499,345.24,0
758,1807.297,"Mount",-0.347,0.340,0.461,-0.153,0.302,0.000,73,W,0,,,,547365,362.81,0
759,1809.703,"Mount",0.028,0.188,0.058,-0.181,0.000,0.000,0,,0,,,,566822,383.93,0
760,1811.879,"Mount",-0.040,-0.034,0.021,0.048,0.000,0.000,0,,0,,,,591114,380.32,0
761,1814.353,"Mount",0.434,-0.385,-0.559,0.156,-0.352,0.000,85,E,0,,,,544020,369.63,0
762,1816.641,"Mount",0.221,-0.176,-0.276,0.061,-0.199,0.000,48,E,0,,,,588832,399.60,0
763,1819.065,"Mount",0.143,-0.107,-0.176,0.033,-0.124,0.000,30,E,0,,,,559616,390.24,0
764,1821.361,"Mount",0.517,-0.274,-0.585,0.019,-0.377,0.000,91,E,0,,,,535775,372.99,0
765,1823.769,"Mount",0.133,-0.086,-0.157,0.019,-0.125,0.000,30,E,0,,,,567818,353.35,0
766,1826.009,"Mount",0.027,-0.107,-0.071,0.085,0.000,0.000,0,,0,,,,564315,382.17,0
767,1828.366,"Mount",0.118,0.104,-0.060,-0.146,0.000,0.000,0,,0,,,,555154,362.61,0
768,1830.534,"Mount",0.039,0.145,0.029,-0.148,0.000,0.000,0,,0,,,,556372,365.98,0
769,1833.001,"Mount",0.424,-0.309,-0.517,0.092,-0.326,0.000,79,E,0,,,,547073,361.60,0
770,1835.257,"Mount",0.193,-0.097,-0.216,0.002,-0.159,0.000,38,E,0,,,,561401,407.64,0
771,1837.689,"Mount",0.205,-0.306,-0.318,0.186,-0.212,0.000,51,E,0,,,,556122,389.22,0
772,1839.969,"Mount",0.208,-0.054,-0.211,-0.043,-0.147,0.000,36,E,0,,,,586604,395.68,0
773,1842.307,"Mount",0.043,-0.064,-0.066,0.038,0.000,0.000,0,,0,,,,560863,368.22,0
774,1844.553,"Mount",0.288,-0.198,-0.346,0.052,-0.218,0.000,53,E,0,,,,535474,345.41,0
775,1847.033,"Mount",0.122,-0.259,-0.223,0.180,-0.156,0.000,38,E,0,,,,543053,373.71,0
776,1849.273,"Mount",0.092,-0.124,-0.137,0.071,-0.097,0.000,23,E,0,,,,567386,375.03,0
777,1851.730,"Mount",0.114,-0.070,-0.133,0.012,-0.091,0.000,22,E,0,,,,570332,375.66,0
778,1853.985,"Mount",0.239,-0.180,-0.294,0.057,-0.191,0.000,46,E,0,,,,548252,355.28,0
779,1856.609,"Mount",0.078,-0.351,-0.224,0.281,-0.154,0.281,37,E,59,S,,,568279,389.95,0
780,1858.781,"Mount",0.022,0.020,-0.011,-0.028,0.000,0.000,0,,0,,,,571450,377.12,0
781,1861.241,"Mount",0.399,-0.190,-0.442,-0.004,-0.278,0.000,67,E,0,,,,539769,330.03,0
782,1863.436,"Mount",0.063,-0.153,-0.123,0.110,0.000,0.000,0,,0,,,,542432,360.40,0
783,1865.777,"Mount",0.079,-0.100,-0.115,0.055,0.000,0.000,0,,0,,,,583533,365.83,0
784,1868.017,"Mount",0.132,-0.222,-0.216,0.142,-0.136,0.000,33,E,0,,,,559595,379.04,0
785,1870.441,"Mount",-0.095,0.254,0.197,-0.187,0.115,0.000,28,W,0,,,,545593,369.70,0
786,1872.729,"Mount",0.405,-0.177,-0.441,-0.018,-0.270,0.000,65,E,0,,,,562470,390.24,0
787,1875.078,"Mount",0.110,-0.002,-0.100,-0.046,0.000,0.000,0,,0,,,,576095,387.37,0
788,1877.337,"Mount",0.236,-0.218,-0.308,0.092,-0.194,0.000,47,E,0,,,,563198,380.09,0
789,1879.681,"Mount",0.117,0.016,-0.098,-0.066,0.000,0.000,0,,0,,,,564447,360.99,0
790,1881.985,"Mount",0.451,-0.191,-0.489,-0.026,-0.308,0.000,74,E,0,,,,550470,400.01,0
791,1884.385,"Mount",0.164,-0.005,-0.149,-0.067,-0.116,0.000,28,E,0,,,,560935,355.45,0
792,1886.553,"Mount",-0.054,-0.174,-0.027,0.180,0.000,0.000,0,,0,,,,563103,380.03,0
793,1888.940,"Mount",0.010,0.217,0.086,-0.200,0.000,0.000,0,,0,,,,552608,342.06,0
794,1891.201,"Mount",-0.116,0.371,0.267,-0.283,0.168,0.000,41,W,0,,,,560387,344.24,0
795,1893.689,"Mount",-0.478,0.330,0.574,-0.087,0.373,0.000,90,W,0,,,,554635,357.52,0
796,1896.251,"Mount",-0.120,0.067,0.138,-0.008,0.113,0.000,27,W,0,,,,569267,379.42,0
797,1898.785,"Mount",0.094,-0.127,-0.141,0.073,-0.081,0.000,19,E,0,,,,555033,397.00,0
798,1901.219,"Mount",0.113,-0.063,-0.129,0.007,0.000,0.000,0,,0,,,,561654,364.80,0
799,1903.713,"Mount",0.214,-0.107,-0.239,0.002,-0.150,0.000,36,E,0,,,,542820,365.35,0
800,1906.073,"Mount",0.320,-0.155,-0.356,-0.002,-0.235,0.000,57,E,0,,,,550131,352.83,0
801,1908.504,"Mount",-0.069,0.104,0.108,-0.063,0.000,0.000,0,,0,,,,574347,386.43,0
802,1910.816,"Mount",-0.019,0.095,0.059,-0.077,0.000,0.000,0,,0,,,,570629,421.18,0
803,1913.246,"Mount",0.024,0.185,0.059,-0.177,0.000,0.000,0,,0,,,,556635,348.19,0
804,1915.532,"Mount",-0.003,-0.010,-0.002,0.011,0.000,0.000,0,,0,,,,561224,364.29,0
805,1918.086,"Mount",0.127,0.002,-0.113,-0.058,0.000,0.000,0,,0,,,,550132,390.93,0
806,1920.458,"Mount",0.106,-0.109,-0.143,0.052,-0.090,0.000,22,E,0,,,,559919,368.37,0
807,1922.905,"Mount",0.128,-0.117,-0.167,0.049,-0.111,0.000,27,E,0,,,,563473,363.55,0
808,1925.091,"Mount",-0.021,0.198,0.106,-0.168,0.000,0.000,0,,0,,,,568436,391.42,0
809,1927.445,"Mount",0.175,0.173,-0.082,-0.232,0.000,0.000,0,,0,,,,559388,443.34,0
810,1929.689,"Mount",0.248,0.012,-0.217,-0.120,-0.137,0.000,33,E,0,,,,564450,394.41,0
811,1932.038,"Mount",0.030,0.120,0.026,-0.121,0.000,0.000,0,,0,,,,589331,379.34,0
812,1934.313,"Mount",-0.107,0.351,0.250,-0.268,0.158,0.000,38,W,0,,,,569276,370.69,0
813,1936.713,"Mount",-0.075,0.160,0.138,-0.111,0.098,0.000,24,W,0,,,,589977,381.83,0
814,1940.705,"Mount",0.069,0.212,0.031,-0.220,0.000,-0.220,0,,1721,N,,,564172,368.04,0
815,1943.301,"Mount",0.273,-0.700,-0.553,0.509,-0.348,0.000,84,E,0,,,,550000,374.91,0
816,1945.649,"Mount",0.380,-0.736,-0.665,0.494,-0.443,0.000,107,E,0,,,,556898,373.99,0
817,1948.129,"Mount",0.180,-0.179,-0.241,0.082,-0.183,0.000,44,E,0,,,,541068,354.03,0
818,1950.401,"Mount",0.104,-0.207,-0.185,0.140,-0.129,0.000,31,E,0,,,,552384,334.46,0
819,1952.758,"Mount",-0.162,-0.057,0.120,0.123,0.000,0.000,0,,0,,,,570940,420.65,0
820,1955.025,"Mount",-0.372,0.081,0.370,0.090,0.233,0.000,56,W,0,,,,561237,387.94,0
821,1957.404,"Mount",-0.079,-0.030,0.058,0.061,0.000,0.000,0,,0,,,,544204,361.58,0
822,1959.611,"Mount",-0.057,-0.147,-0.013,0.157,0.000,0.000,0,,0,,,,573132,353.03,0
823,1962.009,"Mount",0.075,-0.176,-0.145,0.126,-0.091,0.000,22,E,0,,,,552310,396.34,0
824,1964.297,"Mount",0.205,-0.533,-0.418,0.389,-0.270,0.000,65,E,0,,,,574937,402.88,0
825,1968.537,"Mount",-0.007,-0.583,-0.249,0.527,-0.176,0.527,43,E,1786,S,,,562850,391.84,0
826,1971.107,"Mount",0.442,-0.253,-0.508,0.033,-0.333,0.000,80,E,0,,,,549864,362.07,0
827,1973.554,"Mount",0.497,-0.255,-0.558,0.011,-0.375,0.000,91,E,0,,,,562225,401.51,0
828,1976.045,"Mount",-0.215,0.129,0.250,-0.021,0.131,0.000,32,W,0,,,,567666,348.05,0
829,1978.337,"Mount",0.240,-0.018,-0.223,-0.089,-0.132,0.000,32,E,0,,,,544364,383.46,0
830,1980.754,"Mount",-0.004,0.147,0.068,-0.131,0.000,0.000,0,,0,,,,567386,377.41,0
831,1982.939,"Mount",0.134,0.036,-0.105,-0.091,0.000,0.000,0,,0,,,,573002,380.40,0
832,1985.369,"Mount",0.381,-0.012,-0.347,-0.156,-0.219,0.000,53,E,0,,,,584723,418.58,0
833,1987.558,"Mount",-0.042,-0.177,-0.040,0.178,0.000,0.000,0,,0,,,,550629,368.48,0
834,1989.985,"Mount",0.284,-0.013,-0.261,-0.113,-0.164,0.000,40,E,0,,,,548744,364.14,0
835,1992.162,"Mount",-0.059,0.034,0.068,-0.004,0.000,0.000,0,,0,,,,544889,356.64,0
836,1994.511,"Mount",0.024,0.230,0.080,-0.218,0.000,0.000,0,,0,,,,579873,371.85,0
837,1996.676,"Mount",0.054,0.127,0.007,-0.138,0.000,0.000,0,,0,,,,571102,382.37,0
838,1999.153,"Mount",-0.316,0.436,0.475,-0.254,0.299,0.000,72,W,0,,,,536708,378.83,0
839,2003.161,"Mount",-0.143,0.308,0.264,-0.214,0.187,-0.214,45,W,1720,N,,,550405,408.08,0
840,2005.569,"Mount",0.046,-0.351,-0.196,0.296,-0.110,0.000,27,E,0,,,,567018,369.33,0
841,2007.776,"Mount",-0.110,-0.277,-0.023,0.297,0.000,0.000,0,,0,,,,540966,367.46,0
842,2010.158,"Mount",-0.023,-0.145,-0.043,0.140,0.000,0.000,0,,0,,,,566661,384.91,0
843,2012.341,"Mount",-0.130,-0.009,0.113,0.065,0.000,0.000,0,,0,,,,575427,410.89,0
844,2014.689,"Mount",-0.138,-0.007,0.121,0.067,0.000,0.000,0,,0,,,,546353,384.89,0
845,2016.995,"Mount",-0.513,0.101,0.505,0.135,0.318,0.000,77,W,0,,,,564855,402.07,0
846,2019.465,"Mount",-0.445,0.198,0.487,0.017,0.329,0.000,79,W,0,,,,561235,383.64,0
847,2021.646,"Mount",-0.102,0.030,0.105,0.017,0.000,0.000,0,,0,,,,570610,339.03,0
848,2024.091,"Mount",-0.022,-0.127,-0.036,0.124,0.000,0.000,0,,0,,,,566169,376.15,0
849,2026.312,"Mount",0.089,-0.031,-0.094,-0.011,0.000,0.000,0,,0,,,,576291,413.28,0
850,2028.652,"Mount",0.027,-0.217,-0.120,0.183,0.000,0.000,0,,0,,,,551331,376.08,0
851,2030.937,"Mount",0.164,-0.335,-0.294,0.229,-0.185,0.000,45,E,0,,,,560339,372.87,0
852,2033.385,"Mount",0.173,-0.198,-0.242,0.102,-0.166,0.000,40,E,0,,,,563844,390.30,0
853,2035.625,"Mount",-0.235,-0.085,0.174,0.179,0.098,0.000,24,W,0,,,,551199,379.18,0
854,2038.074,"Mount",-0.514,-0.006,0.459,0.231,0.296,0.000,71,W,0,,,,558609,372.90,0
855,2042.233,"Mount",-1.069,0.102,1.005,0.377,0.654,0.377,158,W,1754,S,,,575176,411.12,0
856,2044.753,"Mount",-0.495,0.066,0.474,0.158,0.344,0.000,83,W,0,,,,556053,392.75,0
857,2046.932,"Mount",-0.094,0.010,0.089,0.032,0.000,0.000,0,,0,,,,568145,402.37,0
858,2049.263,"Mount",0.079,-0.104,-0.117,0.059,0.000,0.000,0,,0,,,,549585,345.26,0
859,2051.447,"Mount",-0.060,0.047,0.075,-0.016,0.000,0.000,0,,0,,,,555333,373.26,0
860,2053.780,"Mount",-0.122,-0.021,0.100,0.072,0.000,0.000,0,,0,,,,559929,369.86,0
861,2055.965,"Mount",-0.060,0.090,0.094,-0.055,0.000,0.000,0,,0,,,,555678,369.43,0
862,2058.377,"Mount",-0.086,0.321,0.218,-0.250,0.137,0.000,33,W,0,,,,539889,346.80,0
863,2060.641,"Mount",-0.331,0.336,0.445,-0.157,0.290,0.000,70,W,0,,,,553251,376.21,0
864,2063.137,"Mount",-0.400,0.364,0.519,-0.152,0.347,0.000,84,W,0,,,,578056,414.65,0
865,2065.498,"Mount",-0.445,0.321,0.541,-0.093,0.365,0.000,88,W,0,,,,560787,411.49,0
866,2067.858,"Mount",0.057,0.015,-0.045,-0.039,0.000,0.000,0,,0,,,,577762,371.62,0
867,2070.029,"Mount",-0.042,0.003,0.039,0.016,0.000,0.000,0,,0,,,,584339,375.43,0
868,2072.507,"Mount",0.116,-0.290,-0.232,0.210,-0.146,0.210,35,E,44,S,,,532181,346.67,0
869,2074.761,"Mount",-0.193,0.389,0.345,-0.265,0.207,0.000,50,W,0,,,,551110,346.40,0
870,2077.177,"Mount",-0.183,0.189,0.247,-0.089,0.170,0.000,41,W,0,,,,561109,363.45,0
871,2079.449,"Mount",-0.220,0.257,0.311,-0.134,0.208,0.000,50,W,0,,,,551687,364.67,0
872,2081.790,"Mount",-0.099,0.068,0.119,-0.018,0.000,0.000,0,,0,,,,576161,421.61,0
873,2084.049,"Mount",-0.137,0.432,0.313,-0.328,0.197,0.000,48,W,0,,,,580950,393.78,0
874,2086.497,"Mount",-0.140,0.098,0.169,-0.027,0.120,0.000,29,W,0,,,,568432,398.68,0
875,2088.753,"Mount",-0.052,0.264,0.162,-0.215,0.111,0.000,27,W,0,,,,562690,390.78,0
876,2091.185,"Mount",0.137,-0.269,-0.241,0.182,-0.144,0.000,35,E,0,,,,549367,391.21,0
877,2093.449,"Mount",0.199,-0.061,-0.205,-0.033,-0.139,0.000,34,E,0,,,,578507,377.99,0
878,2095.882,"Mount",0.387,0.095,-0.306,-0.256,-0.203,0.000,49,E,0,,,,554556,395.59,0
879,2098.121,"Mount",0.229,-0.038,-0.222,-0.067,-0.154,0.000,37,E,0,,,,574617,386.58,0
880,2100.457,"Mount",0.003,0.047,0.018,-0.044,0.000,0.000,0,,0,,,,580069,375.18,0
881,2102.706,"Mount",-0.116,0.250,0.214,-0.174,0.135,0.000,33,W,0,,,,578905,395.43,0
882,2105.129,"Mount",-0.102,0.203,0.181,-0.138,0.124,0.000,30,W,0,,,,579999,405.98,0
883,2107.371,"Mount",-0.129,0.181,0.196,-0.106,0.132,0.000,32,W,0,,,,562424,352.92,0
884,2109.817,"Mount",0.214,-0.024,-0.202,-0.073,-0.118,0.000,29,E,0,,,,569520,385.17,0
885,2112.121,"Mount",0.417,-0.365,-0.535,0.144,-0.345,0.000,83,E,0,,,,571519,405.96,0
886,2114.553,"Mount",0.350,-0.078,-0.349,-0.083,-0.244,0.000,59,E,0,,,,560407,391.80,0
887,2116.809,"Mount",0.256,0.093,-0.189,-0.196,-0.136,0.000,33,E,0,,,,562768,371.31,0
888,2119.257,"Mount",0.460,-0.131,-0.471,-0.084,-0.306,0.000,74,E,0,,,,562678,379.91,0
889,2121.537,"Mount",0.344,-0.082,-0.346,-0.077,-0.239,0.000,58,E,0,,,,559337,388.16,0
890,2123.961,"Mount",0.161,-0.150,-0.210,0.065,-0.149,0.000,36,E,0,,,,568624,372.27,0
891,2126.161,"Mount",0.068,0.082,-0.026,-0.104,0.000,0.000,0,,0,,,,571542,386.68,0
892,2128.553,"Mount",0.112,-0.082,-0.137,0.025,-0.086,0.000,21,E,0,,,,572621,343.48,0
893,2130.849,"Mount",0.333,0.004,-0.297,-0.149,-0.193,0.000,47,E,0,,,,548164,395.39,0
894,2133.441,"Mount",0.422,-0.556,-0.623,0.314,-0.406,0.314,98,E,66,S,,,560570,387.64,0
895,2135.689,"Mount",0.259,0.010,-0.228,-0.123,-0.172,0.000,42,E,0,,,,573405,384.66,0
896,2138.091,"Mount",0.119,-0.009,-0.110,-0.044,0.000,0.000,0,,0,,,,542425,383.75,0
897,2140.361,"Mount",0.250,-0.030,-0.238,-0.082,-0.150,0.000,36,E,0,,,,579955,396.15,0
898,2142.817,"Mount",0.330,0.029,-0.284,-0.171,-0.189,0.000,46,E,0,,,,560735,358.64,0
899,2145.089,"Mount",0.355,-0.114,-0.369,-0.054,-0.246,0.000,59,E,0,,,,558902,365.01,0
900,2147.434,"Mount",-0.018,-0.057,-0.009,0.059,0.000,0.000,0,,0,,,,602831,414.79,0
901,2149.616,"Mount",-0.022,0.068,0.050,-0.052,0.000,0.000,0,,0,,,,592378,391.51,0
902,2152.017,"Mount",0.171,0.047,-0.133,-0.117,-0.084,0.000,20,E,0,,,,564491,360.22,0
903,2154.273,"Mount",0.271,-0.057,-0.268,-0.067,-0.175,0.000,42,E,0,,,,595093,403.61,0
904,2156.738,"Mount",0.262,-0.098,-0.278,-0.027,-0.188,0.000,45,E,0,,,,560802,408.17,0
905,2158.965,"Mount",0.061,0.037,-0.038,-0.060,0.000,0.000,0,,0,,,,592537,381.99,0
906,2161.379,"Mount",0.276,-0.061,-0.274,-0.066,-0.173,0.000,42,E,0,,,,578092,368.39,0
907,2163.674,"Mount",0.223,-0.220,-0.297,0.100,-0.199,0.000,48,E,0,,,,583346,382.11,0
908,2166.089,"Mount",-0.123,0.157,0.179,-0.087,0.099,0.000,24,W,0,,,,600946,406.92,0
909,2168.355,"Mount",-0.249,0.252,0.335,-0.117,0.218,0.000,53,W,0,,,,549043,340.48,0
910,2170.785,"Mount",-0.140,0.265,0.242,-0.177,0.168,0.000,41,W,0,,,,583709,383.50,0
911,2172.979,"Mount",0.035,-0.134,-0.091,0.105,0.000,0.000,0,,0,,,,595262,415.32,0
912,2175.386,"Mount",0.199,-0.264,-0.294,0.150,-0.185,0.000,45,E,0,,,,563722,372.55,0
913,2177.697,"Mount",0.455,-0.127,-0.464,-0.086,-0.306,0.000,74,E,0,,,,557511,399.13,0
914,2180.137,"Mount",0.302,0.056,-0.247,-0.183,-0.177,0.000,43,E,0,,,,555862,370.57,0
915,2182.585,"Mount",0.393,-0.123,-0.407,-0.062,-0.269,0.000,65,E,0,,,,585854,377.52,0
916,2184.966,"Mount",0.008,0.186,0.074,-0.171,0.000,0.000,0,,0,,,,564601,367.24,0
917,2187.192,"Mount",-0.075,-0.090,0.028,0.114,0.000,0.000,0,,0,,,,560248,355.35,0
INFO: SET LOCK POSITION, new lock pos = 56.710, 680.667
INFO: DITHER by 0.850, -0.201, new lock pos = 56.035, 681.221
INFO: SETTLING STATE CHANGE, Settling started
918,2190.332,"Mount",0.676,-0.554,-0.850,0.201,-0.850,0.201,205,E,42,S,,,575690,429.87,0
919,2192.737,"Mount",-0.370,0.005,0.335,0.158,0.211,0.000,51,W,0,,,,567810,383.01,0
920,2195.241,"Mount",-0.642,0.078,0.612,0.211,0.400,0.000,97,W,0,,,,549782,389.45,0
921,2197.413,"Mount",-0.156,-0.183,0.060,0.233,0.000,0.000,0,,0,,,,557762,353.48,0
922,2199.873,"Mount",-0.081,-0.295,-0.056,0.300,0.000,0.300,0,,63,S,,,538139,383.84,0
INFO: SETTLING STATE CHANGE, Settling complete
923,2202.064,"Mount",0.006,-0.074,-0.038,0.064,0.000,0.000,0,,0,,,,560676,375.44,0
924,2204.508,"Mount",-0.065,0.010,0.063,0.020,0.000,0.000,0,,0,,,,546169,389.99,0
925,2206.682,"Mount",-0.107,-0.150,0.031,0.182,0.000,0.000,0,,0,,,,550692,353.31,0
926,2209.058,"Mount",0.001,-0.086,-0.039,0.077,0.000,0.000,0,,0,,,,541327,391.95,0
927,2211.313,"Mount",-0.165,0.103,0.194,-0.020,0.122,0.000,30,W,0,,,,548286,366.41,0
928,2213.753,"Mount",-0.154,0.154,0.206,-0.071,0.138,0.000,33,W,0,,,,570994,349.83,0
929,2215.948,"Mount",-0.095,0.010,0.089,0.033,0.000,0.000,0,,0,,,,590177,391.67,0
930,2218.369,"Mount",0.448,-0.056,-0.427,-0.146,-0.269,0.000,65,E,0,,,,566088,412.07,0
931,2220.626,"Mount",0.317,0.118,-0.233,-0.246,-0.166,0.000,40,E,0,,,,571849,386.69,0
932,2223.049,"Mount",0.242,0.165,-0.145,-0.254,-0.103,0.000,25,E,0,,,,551117,385.04,0
933,2225.313,"Mount",-0.318,0.362,0.445,-0.186,0.273,0.000,66,W,0,,,,571738,363.80,0
934,2227.661,"Mount",-0.004,-0.037,-0.013,0.035,0.000,0.000,0,,0,,,,546197,392.15,0
935,2229.945,"Mount",-0.240,0.172,0.291,-0.049,0.184,0.000,44,W,0,,,,559568,349.34,0
936,2232.294,"Mount",-0.037,0.036,0.049,-0.016,0.000,0.000,0,,0,,,,562530,405.13,0
937,2234.570,"Mount",-0.518,0.225,0.564,0.025,0.355,0.000,86,W,0,,,,540192,386.03,0
938,2236.928,"Mount",0.004,0.025,0.007,-0.025,0.000,0.000,0,,0,,,,572768,388.01,0
939,2239.118,"Mount",-0.056,-0.129,-0.007,0.141,0.000,0.000,0,,0,,,,552770,375.35,0
940,2241.462,"Mount",0.008,-0.269,-0.125,0.239,0.000,0.000,0,,0,,,,559530,381.10,0
941,2243.713,"Mount",0.181,-0.117,-0.214,0.026,-0.135,0.000,33,E,0,,,,543277,367.83,0
942,2246.137,"Mount",0.210,0.058,-0.163,-0.144,-0.112,0.000,27,E,0,,,,567098,365.13,0
943,2248.329,"Mount",-0.053,-0.088,0.009,0.103,0.000,0.000,0,,0,,,,579046,402.79,0
944,2250.706,"Mount",0.057,0.216,0.044,-0.219,0.000,0.000,0,,0,,,,547210,377.92,0
945,2252.993,"Mount",-0.380,0.256,0.454,-0.064,0.286,0.000,69,W,0,,,,571317,348.15,0
946,2255.418,"Mount",-0.229,0.083,0.242,0.026,0.172,0.000,42,W,0,,,,560210,356.99,0
947,2257.665,"Mount",-0.205,0.130,0.242,-0.026,0.164,0.000,40,W,0,,,,577477,387.73,0
948,2260.089,"Mount",-0.042,-0.220,-0.058,0.217,0.000,0.217,0,,45,S,,,540828,352.10,0
949,2262.353,"Mount",0.270,-0.153,-0.310,0.020,-0.195,0.000,47,E,0,,,,562378,364.94,0
950,2264.785,"Mount",0.380,-0.016,-0.349,-0.153,-0.233,0.000,56,E,0,,,,551153,385.47,0
951,2267.025,"Mount",0.122,-0.083,-0.146,0.021,-0.108,0.000,26,E,0,,,,579847,380.27,0
952,2269.441,"Mount",0.156,-0.002,-0.141,-0.067,-0.097,0.000,23,E,0,,,,570524,383.41,0
953,2271.644,"Mount",0.066,0.318,0.080,-0.315,0.000,0.000,0,,0,,,,565125,388.99,0
954,2274.021,"Mount",-0.068,0.132,0.119,-0.089,0.000,0.000,0,,0,,,,547273,384.49,0
955,2276.289,"Mount",-0.205,0.197,0.271,-0.087,0.171,0.000,41,W,0,,,,583709,396.57,0
956,2278.729,"Mount",-0.283,0.212,0.347,-0.066,0.231,0.000,56,W,0,,,,570308,394.19,0
957,2280.936,"Mount",0.053,0.149,0.018,-0.158,0.000,0.000,0,,0,,,,537716,350.62,0
958,2283.409,"Mount",0.431,0.053,-0.364,-0.237,-0.230,0.000,55,E,0,,,,554062,346.21,0
959,2285.590,"Mount",0.065,-0.041,-0.076,0.008,0.000,0.000,0,,0,,,,562867,383.42,0
960,2289.745,"Mount",0.274,0.198,-0.159,-0.298,-0.100,-0.298,24,E,1738,N,,,550547,356.60,0
961,2292.107,"Mount",-0.186,-0.228,0.067,0.286,0.000,0.000,0,,0,,,,579094,402.08,0
962,2294.393,"Mount",-0.392,-0.047,0.332,0.214,0.209,0.000,50,W,0,,,,585238,385.65,0
963,2296.725,"Mount",-0.176,-0.363,-0.001,0.403,0.000,0.000,0,,0,,,,578419,366.04,0
964,2299.001,"Mount",-0.534,-0.254,0.369,0.463,0.232,0.000,56,W,0,,,,558285,398.12,0
965,2303.193,"Mount",-0.402,-0.069,0.331,0.239,0.225,0.239,54,W,1725,S,,,563698,342.72,0
966,2305.617,"Mount",0.354,0.033,-0.303,-0.185,-0.175,0.000,42,E,0,,,,565475,349.49,0
967,2307.815,"Mount",-0.057,0.127,0.107,-0.089,0.000,0.000,0,,0,,,,554565,366.72,0
968,2310.281,"Mount",-0.296,0.179,0.344,-0.031,0.217,0.000,52,W,0,,,,542280,381.02,0
969,2312.554,"Mount",-0.320,-0.062,0.261,0.196,0.179,0.000,43,W,0,,,,554028,386.28,0
970,2315.123,"Mount",-0.361,-0.135,0.266,0.280,0.180,0.280,43,W,59,S,,,551089,359.80,0
971,2317.537,"Mount",-0.635,0.067,0.600,0.218,0.391,0.218,94,W,46,S,,,567987,380.66,0
972,2319.948,"Mount",0.093,0.279,0.039,-0.291,0.000,0.000,0,,0,,,,543502,331.34,0
973,2322.209,"Mount",0.197,0.104,-0.131,-0.179,-0.083,0.000,20,E,0,,,,556932,382.13,0
974,2324.633,"Mount",0.056,0.414,0.131,-0.396,0.077,0.000,19,W,0,,,,593509,424.18,0
975,2326.827,"Mount",0.207,0.198,-0.099,-0.269,0.000,0.000,0,,0,,,,581818,363.36,0
976,2329.190,"Mount",0.016,-0.119,-0.066,0.100,0.000,0.000,0,,0,,,,587219,371.45,0
977,2331.406,"Mount",-0.103,0.056,0.117,-0.005,0.000,0.000,0,,0,,,,577386,371.51,0
978,2333.914,"Mount",-0.358,0.545,0.561,-0.333,0.353,0.000,85,W,0,,,,579952,427.52,0
979,2336.260,"Mount",-0.439,0.079,0.429,0.122,0.295,0.000,71,W,0,,,,580767,375.14,0
980,2338.753,"Mount",-0.372,0.328,0.478,-0.132,0.322,0.000,78,W,0,,,,556866,336.03,0
981,2341.113,"Mount",-0.592,0.166,0.605,0.111,0.404,0.000,98,W,0,,,,589848,401.50,0
982,2343.593,"Mount",-0.132,0.252,0.230,-0.168,0.173,0.000,42,W,0,,,,562614,373.84,0
983,2345.866,"Mount",0.063,0.033,-0.042,-0.058,0.000,0.000,0,,0,,,,574180,383.79,0
984,2348.245,"Mount",0.068,0.069,-0.031,-0.092,0.000,0.000,0,,0,,,,562870,337.06,0
985,2350.545,"Mount",-0.289,0.277,0.381,-0.122,0.240,0.000,58,W,0,,,,599580,384.82,0
986,2353.025,"Mount",-0.144,0.191,0.213,-0.108,0.151,0.000,37,W,0,,,,594163,411.23,0
987,2355.208,"Mount",0.011,0.149,0.055,-0.139,0.000,0.000,0,,0,,,,576816,399.02,0
988,2357.682,"Mount",-0.370,0.291,0.460,-0.099,0.290,0.000,70,W,0,,,,569496,387.95,0
989,2359.986,"Mount",-0.269,0.246,0.350,-0.103,0.241,0.000,58,W,0,,,,575995,388.85,0
990,2362.352,"Mount",-0.020,0.188,0.101,-0.160,0.000,0.000,0,,0,,,,582180,373.80,0
991,2364.662,"Mount",-0.153,0.277,0.260,-0.182,0.164,0.000,40,W,0,,,,575136,385.58,0
992,2367.129,"Mount",0.186,-0.124,-0.221,0.029,-0.128,0.000,31,E,0,,,,562804,360.10,0
993,2369.373,"Mount",0.036,-0.000,-0.032,-0.016,0.000,0.000,0,,0,,,,564240,380.72,0
994,2371.737,"Mount",0.084,0.196,0.011,-0.213,0.000,0.000,0,,0,,,,579173,397.45,0
995,2374.018,"Mount",-0.205,0.127,0.240,-0.025,0.151,0.000,36,W,0,,,,553275,400.20,0
996,2376.402,"Mount",0.087,-0.031,-0.092,-0.010,0.000,0.000,0,,0,,,,556834,378.33,0
997,2378.657,"Mount",-0.191,0.010,0.176,0.074,0.111,0.000,27,W,0,,,,551715,385.38,0
998,2381.068,"Mount",0.026,-0.016,-0.030,0.003,0.000,0.000,0,,0,,,,564102,393.64,0
999,2383.353,"Mount",-0.181,0.187,0.244,-0.088,0.154,0.000,37,W,0,,,,544419,341.10,0
1000,2385.779,"Mount",0.088,0.175,-0.003,-0.196,0.000,0.000,0,,0,,,,542644,392.37,0
1001,2387.976,"Mount",0.199,0.156,-0.110,-0.227,0.000,0.000,0,,0,,,,572600,387.74,0
1002,2390.449,"Mount",0.296,-0.292,-0.394,0.132,-0.248,0.000,60,E,0,,,,614064,403.90,0
1003,2392.720,"Mount",0.087,-0.069,-0.108,0.024,0.000,0.000,0,,0,,,,551971,365.83,0
1004,2395.185,"Mount",0.340,-0.127,-0.361,-0.035,-0.228,0.000,55,E,0,,,,553219,358.83,0
1005,2397.378,"Mount",0.011,0.082,0.026,-0.079,0.000,0.000,0,,0,,,,562204,391.79,0
1006,2399.825,"Mount",0.125,-0.166,-0.185,0.094,-0.117,0.000,28,E,0,,,,569616,367.58,0
1007,2402.129,"Mount",-0.411,0.093,0.410,0.096,0.250,0.000,60,W,0,,,,553599,344.24,0
1008,2404.554,"Mount",-0.239,0.180,0.293,-0.057,0.202,0.000,49,W,0,,,,565396,374.84,0
1009,2406.867,"Mount",-0.344,-0.014,0.303,0.164,0.205,0.000,50,W,0,,,,570585,370.95,0
1010,2409.234,"Mount",0.072,-0.054,-0.089,0.017,0.000,0.000,0,,0,,,,556286,387.14,0
1011,2411.506,"Mount",0.311,-0.133,-0.338,-0.017,-0.213,0.000,51,E,0,,,,567192,366.53,0
1012,2413.969,"Mount",0.236,-0.139,-0.273,0.022,-0.187,0.000,45,E,0,,,,549258,373.82,0
1013,2416.174,"Mount",0.038,-0.114,-0.084,0.086,0.000,0.000,0,,0,,,,548626,388.02,0
1014,2418.674,"Mount",0.460,-0.059,-0.439,-0.149,-0.277,0.000,67,E,0,,,,570845,359.27,0
1015,2421.029,"Mount",0.436,-0.355,-0.548,0.128,-0.364,0.000,88,E,0,,,,577396,409.08,0
1016,2423.529,"Mount",0.081,-0.237,-0.177,0.177,-0.137,0.000,33,E,0,,,,580424,377.91,0
1017,2425.746,"Mount",0.107,-0.008,-0.100,-0.040,0.000,0.000,0,,0,,,,561364,367.40,0
1018,2428.193,"Mount",0.207,-0.105,-0.232,0.004,-0.146,0.000,35,E,0,,,,559868,366.07,0
1019,2430.505,"Mount",0.333,-0.146,-0.363,-0.015,-0.239,0.000,58,E,0,,,,577954,374.67,0
1020,2433.030,"Mount",0.430,-0.220,-0.483,0.009,-0.321,0.000,77,E,0,,,,549672,359.82,0
1021,2436.082,"Mount",0.176,-0.356,-0.314,0.243,-0.220,0.243,53,E,51,S,,,601131,408.47,0
1022,2438.497,"Mount",0.259,0.032,-0.219,-0.142,-0.153,0.000,37,E,0,,,,546950,369.57,0
1023,2440.761,"Mount",0.278,-0.155,-0.318,0.018,-0.211,0.000,51,E,0,,,,554319,395.74,0
1024,2443.188,"Mount",0.190,-0.098,-0.214,0.005,-0.150,0.000,36,E,0,,,,546192,349.84,0
1025,2445.441,"Mount",0.291,-0.071,-0.293,-0.064,-0.195,0.000,47,E,0,,,,552514,340.29,0
1026,2447.772,"Mount",0.183,0.264,-0.049,-0.318,0.000,0.000,0,,0,,,,572038,374.48,0
1027,2450.011,"Mount",0.157,-0.057,-0.166,-0.018,-0.105,0.000,25,E,0,,,,565401,373.40,0
1028,2452.352,"Mount",0.130,0.045,-0.097,-0.097,0.000,0.000,0,,0,,,,575872,393.26,0
1029,2454.602,"Mount",0.307,-0.081,-0.312,-0.062,-0.196,0.000,47,E,0,,,,571720,369.57,0
1030,2457.041,"Mount",0.335,-0.120,-0.353,-0.039,-0.236,0.000,57,E,0,,,,517707,347.81,0
1031,2459.330,"Mount",0.439,-0.008,-0.398,-0.185,-0.267,0.000,65,E,0,,,,548701,374.20,0
1032,2461.673,"Mount",0.057,0.105,-0.005,-0.119,0.000,0.000,0,,0,,,,550322,351.05,0
1033,2463.861,"Mount",-0.045,-0.008,0.037,0.027,0.000,0.000,0,,0,,,,583822,375.74,0
1034,2466.260,"Mount",0.189,0.059,-0.144,-0.136,-0.091,0.000,22,E,0,,,,542297,356.97,0
1035,2468.491,"Mount",-0.069,0.166,0.134,-0.119,0.078,0.000,19,W,0,,,,567013,358.20,0
1036,2470.953,"Mount",0.008,0.490,0.208,-0.444,0.137,0.000,33,W,0,,,,600497,393.38,0
1037,2473.201,"Mount",0.364,0.144,-0.264,-0.290,-0.157,0.000,38,E,0,,,,546260,357.34,0
1038,2475.609,"Mount",0.181,0.023,-0.153,-0.100,-0.107,0.000,26,E,0,,,,544466,367.68,0
1039,2477.857,"Mount",0.168,-0.136,-0.211,0.048,-0.140,0.000,34,E,0,,,,559956,372.28,0
1040,2480.265,"Mount",0.165,0.030,-0.135,-0.099,-0.095,0.000,23,E,0,,,,543009,368.91,0
1041,2484.217,"Mount",0.241,0.245,-0.109,-0.326,0.000,-0.326,0,,1743,N,,,560155,398.22,0
1042,2486.634,"Mount",-0.373,-0.059,0.309,0.216,0.195,0.000,47,W,0,,,,571314,375.01,0
1043,2488.914,"Mount",-0.411,0.047,0.391,0.138,0.260,0.000,63,W,0,,,,558253,392.25,0
1044,2491.392,"Mount",-0.493,-0.057,0.418,0.267,0.281,0.000,68,W,0,,,,560698,377.90,0
1045,2493.676,"Mount",-0.283,-0.147,0.190,0.256,0.139,0.000,34,W,0,,,,544779,375.14,0
1046,2496.026,"Mount",-0.243,-0.304,0.085,0.380,0.000,0.000,0,,0,,,,570478,384.99,0
1047,2500.001,"Mount",0.015,-0.278,-0.136,0.244,-0.086,0.244,21,E,1726,S,,,559447,324.68,0
1048,2502.341,"Mount",0.018,0.124,0.038,-0.119,0.000,0.000,0,,0,,,,560457,376.11,0
1049,2504.504,"Mount",0.267,0.280,-0.117,-0.368,0.000,0.000,0,,0,,,,579379,371.05,0
1050,2506.844,"Mount",0.217,0.348,-0.043,-0.408,0.000,0.000,0,,0,,,,582873,401.49,0
1051,2509.106,"Mount",0.324,-0.024,-0.301,-0.121,-0.190,0.000,46,E,0,,,,541018,378.47,0
1052,2511.465,"Mount",0.154,0.082,-0.102,-0.141,0.000,0.000,0,,0,,,,568523,387.75,0
1053,2513.633,"Mount",0.113,0.248,0.007,-0.273,0.000,0.000,0,,0,,,,529920,379.99,0
1054,2515.973,"Mount",0.049,0.216,0.051,-0.216,0.000,0.000,0,,0,,,,567492,374.83,0
1055,2518.131,"Mount",0.121,0.118,-0.057,-0.159,0.000,0.000,0,,0,,,,556737,373.01,0
1056,2522.305,"Mount",0.401,0.046,-0.340,-0.218,-0.214,-0.218,52,E,1721,N,,,576115,377.35,0
1057,2524.649,"Mount",-0.110,-0.168,0.025,0.200,0.000,0.000,0,,0,,,,568262,397.37,0
1058,2526.901,"Mount",0.063,-0.205,-0.146,0.157,-0.092,0.000,22,E,0,,,,564005,355.43,0
1059,2529.242,"Mount",-0.187,-0.176,0.090,0.240,0.000,0.000,0,,0,,,,566282,342.59,0
1060,2531.407,"Mount",-0.021,-0.126,-0.036,0.123,0.000,0.000,0,,0,,,,550714,394.54,0
1061,2533.841,"Mount",-0.418,-0.004,0.374,0.187,0.235,0.000,57,W,0,,,,544156,358.73,0
1062,2536.023,"Mount",-0.098,-0.108,0.041,0.140,0.000,0.000,0,,0,,,,562206,387.98,0
1063,2538.441,"Mount",-0.241,0.019,0.225,0.088,0.142,0.000,34,W,0,,,,556470,346.41,0
1064,2540.611,"Mount",0.073,-0.143,-0.128,0.097,0.000,0.000,0,,0,,,,556695,400.40,0
1065,2543.046,"Mount",0.225,-0.199,-0.290,0.080,-0.182,0.000,44,E,0,,,,575283,346.63,0
1066,2545.281,"Mount",0.179,-0.090,-0.201,0.002,-0.139,0.000,34,E,0,,,,555084,369.73,0
1067,2547.623,"Mount",-0.060,-0.213,-0.039,0.218,0.000,0.000,0,,0,,,,573876,422.56,0
1068,2549.788,"Mount",0.029,-0.093,-0.066,0.071,0.000,0.000,0,,0,,,,556306,379.61,0
1069,2552.209,"Mount",-0.432,0.083,0.425,0.116,0.268,0.000,65,W,0,,,,561873,376.77,0
1070,2554.373,"Mount",-0.092,0.063,0.110,-0.016,0.000,0.000,0,,0,,,,564949,387.02,0
1071,2556.719,"Mount",-0.092,-0.033,0.068,0.070,0.000,0.000,0,,0,,,,556553,364.15,0
1072,2558.962,"Mount",-0.270,0.059,0.268,0.065,0.169,0.000,41,W,0,,,,547204,357.61,0
1073,2561.316,"Mount",-0.144,-0.173,0.054,0.218,0.000,0.000,0,,0,,,,554349,380.83,0
1074,2563.499,"Mount",-0.021,-0.059,-0.007,0.062,0.000,0.000,0,,0,,,,538687,359.61,0
1075,2565.876,"Mount",-0.058,-0.140,-0.010,0.151,0.000,0.000,0,,0,,,,580045,409.60,0
1076,2569.867,"Mount",0.121,-0.302,-0.241,0.219,-0.152,0.219,37,E,1721,S,,,573343,354.30,0
1077,2572.322,"Mount",0.564,0.085,-0.469,-0.324,-0.306,0.000,74,E,0,,,,565469,394.71,0
1078,2574.561,"Mount",0.352,0.308,-0.181,-0.431,-0.135,0.000,33,E,0,,,,575412,425.60,0
1079,2576.977,"Mount",0.265,0.197,-0.152,-0.294,-0.105,0.000,25,E,0,,,,580216,361.12,0
1080,2579.233,"Mount",-0.051,0.464,0.249,-0.395,0.150,0.000,36,W,0,,,,570947,371.91,0
1081,2583.329,"Mount",0.270,0.292,-0.115,-0.381,0.000,-0.381,0,,1715,N,,,560645,401.19,0
1082,2585.737,"Mount",0.150,-0.125,-0.190,0.047,-0.119,0.000,29,E,0,,,,573823,397.29,0
1083,2587.903,"Mount",-0.036,-0.209,-0.059,0.204,0.000,0.000,0,,0,,,,566474,364.19,0
1084,2590.297,"Mount",-0.280,-0.223,0.154,0.323,0.097,0.000,23,W,0,,,,553335,359.02,0
1085,2592.513,"Mount",-0.061,-0.441,-0.138,0.423,-0.080,0.000,19,E,0,,,,575324,389.84,0
1086,2594.993,"Mount",0.179,-0.334,-0.308,0.222,-0.200,0.000,48,E,0,,,,571042,416.87,0
1087,2597.158,"Mount",-0.015,-0.164,-0.058,0.154,0.000,0.000,0,,0,,,,574208,380.29,0
1088,2599.496,"Mount",-0.077,-0.069,0.039,0.096,0.000,0.000,0,,0,,,,563620,375.34,0
1089,2601.777,"Mount",-0.274,0.164,0.319,-0.027,0.201,0.000,48,W,0,,,,567803,337.47,0
1090,2604.193,"Mount",0.256,-0.017,-0.238,-0.097,-0.136,0.000,33,E,0,,,,548871,346.47,0
1091,2606.409,"Mount",-0.015,-0.107,-0.033,0.103,0.000,0.000,0,,0,,,,564399,381.98,0
1092,2608.734,"Mount",0.004,-0.018,-0.011,0.014,0.000,0.000,0,,0,,,,547857,366.16,0
1093,2610.939,"Mount",-0.035,-0.088,-0.007,0.094,0.000,0.000,0,,0,,,,550818,398.41,0
1094,2613.269,"Mount",-0.006,-0.200,-0.082,0.182,0.000,0.000,0,,0,,,,563716,366.84,0
1095,2615.650,"Mount",-0.372,0.126,0.390,0.050,0.245,0.000,59,W,0,,,,548334,377.06,0
1096,2617.983,"Mount",-0.075,-0.031,0.054,0.061,0.000,0.000,0,,0,,,,556821,354.54,0
1097,2620.148,"Mount",-0.042,-0.170,-0.037,0.171,0.000,0.000,0,,0,,,,593596,388.79,0
1098,2622.524,"Mount",0.038,-0.259,-0.148,0.216,-0.093,0.000,22,E,0,,,,573110,377.72,0
1099,2624.698,"Mount",-0.133,-0.102,0.075,0.150,0.000,0.000,0,,0,,,,589934,373.49,0
1100,2627.105,"Mount",0.063,-0.474,-0.265,0.398,-0.167,0.000,40,E,0,,,,574093,380.73,0
1101,2631.066,"Mount",-0.018,-0.409,-0.163,0.375,-0.114,0.375,28,E,1683,S,,,562666,375.80,0
1102,2633.473,"Mount",0.226,0.107,-0.156,-0.195,-0.106,0.000,26,E,0,,,,563276,401.23,0
1103,2635.643,"Mount",0.159,0.194,-0.058,-0.244,0.000,0.000,0,,0,,,,578021,346.61,0
1104,2638.074,"Mount",-0.311,0.550,0.521,-0.358,0.328,0.000,79,W,0,,,,604287,406.62,0
1105,2640.386,"Mount",-0.482,0.496,0.651,-0.234,0.433,0.000,105,W,0,,,,578623,379.91,0
1106,2642.841,"Mount",-0.338,0.578,0.558,-0.371,0.382,0.000,92,W,0,,,,583832,417.44,0
1107,2645.097,"Mount",-0.129,0.370,0.279,-0.276,0.202,0.000,49,W,0,,,,571834,379.21,0
1108,2647.433,"Mount",-0.004,0.172,0.079,-0.153,0.000,0.000,0,,0,,,,568178,392.81,0
1109,2649.652,"Mount",-0.061,0.196,0.141,-0.149,0.089,0.000,21,W,0,,,,579744,380.06,0
1110,2652.081,"Mount",-0.196,0.186,0.258,-0.081,0.169,0.000,41,W,0,,,,599536,376.35,0
1111,2654.330,"Mount",0.221,-0.086,-0.236,-0.020,-0.137,0.000,33,E,0,,,,577769,350.88,0
1112,2656.722,"Mount",0.273,0.140,-0.184,-0.246,-0.125,0.000,30,E,0,,,,569859,354.65,0
1113,2658.970,"Mount",0.001,0.388,0.170,-0.349,0.098,0.000,24,W,0,,,,590637,384.83,0
1114,2663.090,"Mount",-0.112,0.495,0.318,-0.396,0.207,-0.396,50,W,1652,N,,,560450,371.65,0
1115,2665.507,"Mount",-0.234,0.114,0.260,0.000,0.178,0.000,43,W,0,,,,558570,332.24,0
1116,2667.794,"Mount",0.041,-0.090,-0.076,0.063,0.000,0.000,0,,0,,,,563683,363.18,0
1117,2670.226,"Mount",0.309,-0.259,-0.391,0.097,-0.246,0.000,59,E,0,,,,582808,384.79,0
1118,2672.390,"Mount",0.038,-0.192,-0.118,0.156,0.000,0.000,0,,0,,,,556771,346.36,0
1119,2674.720,"Mount",0.078,-0.124,-0.124,0.077,0.000,0.000,0,,0,,,,572242,392.78,0
1120,2676.970,"Mount",-0.145,0.206,0.221,-0.121,0.139,0.000,34,W,0,,,,560932,361.30,0
1121,2679.325,"Mount",0.014,0.053,0.011,-0.054,0.000,0.000,0,,0,,,,543198,342.85,0
1122,2681.504,"Mount",0.003,-0.063,-0.031,0.055,0.000,0.000,0,,0,,,,560728,378.85,0
1123,2683.898,"Mount",-0.121,0.055,0.133,0.004,0.084,0.000,20,W,0,,,,570676,413.64,0
1124,2686.080,"Mount",0.062,-0.084,-0.092,0.048,0.000,0.000,0,,0,,,,567110,348.06,0
1125,2688.529,"Mount",0.217,-0.147,-0.259,0.037,-0.163,0.000,39,E,0,,,,561923,344.08,0
1126,2690.793,"Mount",0.289,-0.233,-0.362,0.082,-0.239,0.000,58,E,0,,,,553463,361.49,0
1127,2693.266,"Mount",0.434,-0.156,-0.459,-0.050,-0.306,0.000,74,E,0,,,,594864,423.05,0
1128,2695.513,"Mount",0.228,-0.027,-0.217,-0.076,-0.158,0.000,38,E,0,,,,583427,390.08,0
1129,2697.880,"Mount",-0.052,0.116,0.098,-0.082,0.000,0.000,0,,0,,,,562442,355.59,0
1130,2700.193,"Mount",-0.018,0.346,0.168,-0.303,0.106,-0.303,26,W,64,N,,,559146,386.50,0
1131,2702.626,"Mount",-0.353,0.277,0.439,-0.094,0.284,0.000,69,W,0,,,,570354,396.26,0
1132,2704.930,"Mount",-0.575,0.310,0.653,-0.026,0.431,0.000,104,W,0,,,,575484,359.55,0
1133,2707.338,"Mount",-0.165,0.144,0.212,-0.056,0.164,0.000,40,W,0,,,,550399,388.88,0
1134,2709.594,"Mount",0.219,-0.078,-0.231,-0.026,-0.134,0.000,32,E,0,,,,540525,381.57,0
1135,2712.027,"Mount",0.257,-0.241,-0.337,0.104,-0.222,0.000,54,E,0,,,,570263,370.77,0
1136,2714.298,"Mount",0.282,-0.204,-0.343,0.060,-0.232,0.000,56,E,0,,,,559411,368.22,0
1137,2716.706,"Mount",0.138,-0.173,-0.199,0.095,-0.142,0.000,34,E,0,,,,584237,385.20,0
1138,2718.902,"Mount",-0.072,-0.053,0.042,0.079,0.000,0.000,0,,0,,,,566542,383.57,0
1139,2721.356,"Mount",0.369,-0.306,-0.466,0.113,-0.293,0.000,71,E,0,,,,599553,405.49,0
1140,2723.549,"Mount",-0.046,0.158,0.111,-0.122,0.000,0.000,0,,0,,,,570739,373.29,0
1141,2725.938,"Mount",-0.147,0.108,0.180,-0.033,0.113,0.000,27,W,0,,,,579372,374.31,0
1142,2728.101,"Mount",0.077,0.073,-0.037,-0.099,0.000,0.000,0,,0,,,,550520,350.50,0
1143,2730.523,"Mount",0.336,-0.151,-0.368,-0.012,-0.232,0.000,56,E,0,,,,558815,382.68,0
1144,2732.802,"Mount",0.371,-0.248,-0.442,0.060,-0.295,0.000,71,E,0,,,,558151,359.81,0
1145,2735.226,"Mount",0.353,-0.123,-0.371,-0.045,-0.255,0.000,61,E,0,,,,557416,380.92,0
1146,2737.473,"Mount",0.311,0.013,-0.274,-0.148,-0.191,0.000,46,E,0,,,,569206,392.35,0
1147,2739.946,"Mount",0.297,-0.104,-0.312,-0.037,-0.210,0.000,51,E,0,,,,579224,397.75,0
1148,2742.250,"Mount",0.212,-0.130,-0.248,0.024,-0.171,0.000,41,E,0,,,,575086,369.74,0
1149,2744.722,"Mount",0.233,0.169,-0.135,-0.254,-0.097,-0.254,23,E,53,N,,,551526,376.64,0
1150,2746.904,"Mount",0.047,0.039,-0.025,-0.056,0.000,0.000,0,,0,,,,547794,371.44,0
1151,2749.330,"Mount",0.404,0.024,-0.352,-0.198,-0.222,0.000,54,E,0,,,,580820,368.06,0
1152,2751.506,"Mount",-0.007,-0.016,-0.001,0.018,0.000,0.000,0,,0,,,,583339,368.04,0
1153,2754.002,"Mount",0.665,-0.538,-0.834,0.192,-0.525,0.000,127,E,0,,,,578947,401.80,0
1154,2756.267,"Mount",0.097,-0.200,-0.175,0.137,-0.147,0.000,36,E,0,,,,557816,353.71,0
1155,2758.608,"Mount",0.173,0.131,-0.098,-0.193,0.000,0.000,0,,0,,,,563816,379.09,0
1156,2761.002,"Mount",0.411,-0.064,-0.398,-0.123,-0.250,0.000,60,E,0,,,,565698,378.40,0
1157,2763.350,"Mount",0.049,-0.026,-0.055,0.002,0.000,0.000,0,,0,,,,575795,369.41,0
1158,2765.515,"Mount",0.064,0.058,-0.032,-0.080,0.000,0.000,0,,0,,,,548923,361.33,0
1159,2767.906,"Mount",-0.142,0.132,0.185,-0.056,0.117,0.000,28,W,0,,,,546788,384.14,0
1160,2770.080,"Mount",0.070,0.121,-0.010,-0.140,0.000,0.000,0,,0,,,,564369,388.61,0
1161,2772.490,"Mount",0.331,-0.080,-0.332,-0.073,-0.209,0.000,51,E,0,,,,556721,385.08,0
1162,2774.754,"Mount",0.367,-0.136,-0.390,-0.039,-0.260,0.000,63,E,0,,,,565717,361.49,0
1163,2777.194,"Mount",0.341,-0.148,-0.372,-0.017,-0.252,0.000,61,E,0,,,,586029,437.04,0
1164,2779.377,"Mount",-0.007,-0.136,-0.054,0.125,0.000,0.000,0,,0,,,,574791,387.68,0
1165,2781.794,"Mount",0.224,-0.096,-0.243,-0.012,-0.153,0.000,37,E,0,,,,566220,373.92,0
1166,2783.958,"Mount",0.038,0.050,-0.012,-0.062,0.000,0.000,0,,0,,,,554883,350.82,0
1167,2786.442,"Mount",-0.298,0.215,0.363,-0.063,0.228,0.000,55,W,0,,,,564568,367.09,0
1168,2788.722,"Mount",-0.411,0.313,0.506,-0.101,0.335,0.000,81,W,0,,,,566052,373.14,0
1169,2791.250,"Mount",-0.278,0.420,0.434,-0.255,0.297,-0.255,72,W,54,N,,,582965,388.27,0
1170,2793.490,"Mount",-0.067,0.185,0.141,-0.136,0.110,0.000,27,W,0,,,,543221,334.32,0
1171,2795.826,"Mount",0.093,-0.065,-0.112,0.018,0.000,0.000,0,,0,,,,580490,390.87,0
1172,2798.074,"Mount",0.268,-0.021,-0.250,-0.099,-0.158,0.000,38,E,0,,,,552806,379.78,0
1173,2800.425,"Mount",-0.042,0.034,0.052,-0.012,0.000,0.000,0,,0,,,,529799,382.87,0
1174,2802.614,"Mount",0.064,-0.024,-0.068,-0.007,0.000,0.000,0,,0,,,,569443,390.11,0
1175,2805.029,"Mount",-0.048,-0.230,-0.058,0.227,0.000,0.000,0,,0,,,,578801,362.28,0
1176,2807.258,"Mount",-0.064,0.183,0.138,-0.137,0.087,0.000,21,W,0,,,,567755,366.27,0
Guiding Ends at 2026-09-03 22:14:26

Guiding Begins at 2026-09-03 22:33:29
Equipment Profile = SW4P_EVO
Dither = both axes, Dither scale = 1.000, Image noise reduction = 2x2 mean, Guide-frame time lapse = 0, Server enabled
Pixel scale = 2.91 arc-sec/px, Binning = 1, Focal length = 266 mm
Search region = 15 px, Star mass tolerance = 50.0%, Multi-star mode, list size = 12
 Camera = ZWO ASI120MM Mini (ASCOM), full size = 1280 x 960, have dark, dark dur = 2000, no defect map, pixel size = 3.8 um
Exposure = 2000 ms
Mount = GPUSB, connected, guiding enabled, AuxMount=CPWI_ASCOM_Telescope, xAngle = -26.0, xRate = 4.140, yAngle = -116.0, yRate = 4.762, parity = +/-
Norm rates RA = 13.1"/s @ dec 0, Dec = 13.8"/s; ortho.err. = 0.0 deg
X guide algorithm = Hysteresis, Hysteresis = 0.100, Aggression = 0.700, Minimum move = 0.130
Y guide algorithm = Resist Switch, Minimum move = 0.200 Aggression = 100% FastSwitch = enabled
Backlash comp = enabled, pulse = 1569 ms
Max RA duration = 2500, Max DEC duration = 2500, DEC guide mode = Auto
RA Guide Speed = 14.9 a-s/s, Dec Guide Speed = 14.9 a-s/s, Cal Dec = -0.0, Last Cal Issue = None, Timestamp = 31/08/2026 21:19:06
RA = 20.01 hr, Dec = 22.8 deg, Hour angle = 0.18 hr, Pier side = East, Rotator pos = N/A, Alt = 70.2 deg, Az = 187.4 deg
Lock position = 673.846, 883.168, Star position = 673.846, 883.168, HFD = 2.88 px
Frame,Time,mount,dx,dy,RARawDistance,DECRawDistance,RAGuideDistance,DECGuideDistance,RADuration,RADirection,DECDuration,DECDirection,XStep,YStep,StarMass,SNR,ErrorCode
INFO: SETTLING STATE CHANGE, Settling started
1,2.419,"Mount",-0.083,0.114,-0.125,-0.066,0.000,0.000,0,,0,,,,462107,353.86,0
2,4.756,"Mount",0.069,0.018,0.054,-0.046,0.000,0.000,0,,0,,,,440033,315.92,0
3,6.917,"Mount",0.044,-0.055,0.064,0.030,0.000,0.000,0,,0,,,,458679,353.87,0
4,9.371,"Mount",0.341,-0.219,0.403,0.047,0.254,0.000,61,W,0,,,,447847,318.82,0
5,11.595,"Mount",0.197,0.082,0.141,-0.160,0.107,0.000,26,W,0,,,,457357,316.58,0
INFO: SETTLING STATE CHANGE, Settling complete
6,14.067,"Mount",0.440,-0.196,0.481,-0.017,0.310,0.000,75,W,0,,,,470912,333.84,0
7,16.220,"Mount",-0.001,0.063,-0.029,-0.056,0.000,0.000,0,,0,,,,443829,330.46,0
8,18.626,"Mount",-0.228,0.184,-0.286,-0.065,-0.180,0.000,43,E,0,,,,466673,340.66,0
9,20.851,"Mount",-0.076,0.180,-0.147,-0.129,-0.105,0.000,25,E,0,,,,456310,344.36,0
10,23.184,"Mount",-0.116,-0.082,-0.068,0.124,0.000,0.000,0,,0,,,,466605,355.54,0
11,25.342,"Mount",-0.128,-0.208,-0.023,0.243,0.000,0.000,0,,0,,,,482382,361.28,0
12,27.671,"Mount",-0.010,0.163,-0.080,-0.142,0.000,0.000,0,,0,,,,448804,343.07,0
13,29.971,"Mount",-0.116,0.076,-0.137,-0.018,-0.086,0.000,21,E,0,,,,462327,348.25,0
14,32.387,"Mount",-0.082,0.131,-0.131,-0.081,-0.089,0.000,21,E,0,,,,459242,357.53,0
15,34.557,"Mount",-0.022,0.128,-0.075,-0.105,0.000,0.000,0,,0,,,,464954,378.14,0
16,36.987,"Mount",-0.260,0.316,-0.372,-0.169,-0.234,0.000,57,E,0,,,,489351,357.99,0
17,39.161,"Mount",-0.011,0.227,-0.109,-0.200,0.000,0.000,0,,0,,,,470024,332.95,0
18,41.502,"Mount",0.044,-0.012,0.045,-0.009,0.000,0.000,0,,0,,,,454239,346.62,0
19,43.739,"Mount",-0.043,0.223,-0.137,-0.182,-0.086,0.000,21,E,0,,,,471987,334.05,0
20,46.094,"Mount",-0.001,0.099,-0.044,-0.088,0.000,0.000,0,,0,,,,463257,341.39,0
21,48.257,"Mount",0.001,0.130,-0.056,-0.117,0.000,0.000,0,,0,,,,467342,348.95,0
22,50.675,"Mount",-0.220,-0.024,-0.188,0.118,-0.118,0.000,29,E,0,,,,460016,355.53,0
23,52.839,"Mount",0.038,-0.093,0.075,0.067,0.000,0.000,0,,0,,,,463954,329.70,0
24,55.235,"Mount",-0.133,0.229,-0.220,-0.148,-0.139,0.000,34,E,0,,,,466388,354.35,0
25,57.407,"Mount",0.019,0.100,-0.027,-0.098,0.000,0.000,0,,0,,,,467271,340.54,0
26,59.827,"Mount",-0.208,0.213,-0.281,-0.100,-0.177,0.000,43,E,0,,,,468705,334.91,0
27,62.075,"Mount",-0.252,0.204,-0.316,-0.073,-0.212,0.000,51,E,0,,,,473834,341.87,0
28,64.483,"Mount",-0.189,0.150,-0.236,-0.052,-0.163,0.000,39,E,0,,,,475520,343.04,0
29,66.679,"Mount",0.109,-0.003,0.099,-0.045,0.000,0.000,0,,0,,,,479172,351.40,0
30,69.022,"Mount",0.139,0.162,0.054,-0.206,0.000,0.000,0,,0,,,,456925,339.18,0
31,71.186,"Mount",-0.000,0.045,-0.020,-0.040,0.000,0.000,0,,0,,,,445958,342.42,0
32,73.568,"Mount",0.013,-0.236,0.115,0.206,0.000,0.000,0,,0,,,,460438,357.66,0
33,75.805,"Mount",0.119,-0.155,0.175,0.087,0.110,0.000,27,W,0,,,,454016,345.76,0
34,78.251,"Mount",-0.206,0.356,-0.342,-0.229,-0.207,0.000,50,E,0,,,,471293,342.84,0
35,80.515,"Mount",-0.112,0.219,-0.196,-0.148,-0.138,0.000,33,E,0,,,,467329,356.15,0
36,82.907,"Mount",-0.108,0.184,-0.178,-0.118,-0.122,0.000,29,E,0,,,,471419,352.42,0
37,85.081,"Mount",0.098,0.133,0.029,-0.163,0.000,0.000,0,,0,,,,465407,344.05,0
38,87.491,"Mount",-0.050,0.258,-0.158,-0.210,-0.100,0.000,24,E,0,,,,468947,351.25,0
39,89.667,"Mount",0.068,-0.008,0.065,-0.023,0.000,0.000,0,,0,,,,449997,331.56,0
40,91.992,"Mount",-0.027,-0.085,0.013,0.089,0.000,0.000,0,,0,,,,456091,350.57,0
41,94.259,"Mount",0.415,-0.298,0.504,0.085,0.317,0.000,77,W,0,,,,461076,354.40,0
42,96.691,"Mount",0.221,-0.160,0.269,0.047,0.192,0.000,46,W,0,,,,456376,356.91,0
43,98.963,"Mount",0.337,-0.104,0.349,-0.055,0.233,0.000,56,W,0,,,,456320,337.49,0
44,101.379,"Mount",-0.077,0.148,-0.134,-0.099,-0.068,0.000,16,E,0,,,,455701,341.30,0
45,103.558,"Mount",0.099,0.100,0.045,-0.133,0.000,0.000,0,,0,,,,455428,360.19,0
46,105.897,"Mount",-0.053,0.031,-0.061,-0.004,0.000,0.000,0,,0,,,,464107,355.56,0
47,108.060,"Mount",0.107,0.086,0.058,-0.124,0.000,0.000,0,,0,,,,458399,328.34,0
48,110.437,"Mount",0.032,-0.027,0.040,0.010,0.000,0.000,0,,0,,,,448992,348.20,0
49,112.610,"Mount",-0.018,0.071,-0.048,-0.056,0.000,0.000,0,,0,,,,450914,355.99,0
50,114.949,"Mount",0.041,-0.201,0.125,0.162,0.000,0.000,0,,0,,,,462080,337.05,0
51,117.195,"Mount",0.200,-0.162,0.251,0.058,0.158,0.000,38,W,0,,,,452852,355.85,0
52,119.538,"Mount",0.014,0.032,-0.001,-0.035,0.000,0.000,0,,0,,,,455871,353.85,0
53,121.703,"Mount",-0.087,-0.052,-0.056,0.085,0.000,0.000,0,,0,,,,470312,349.42,0
54,124.171,"Mount",-0.220,0.059,-0.224,0.043,-0.141,0.000,34,E,0,,,,453133,342.53,0
55,126.338,"Mount",-0.066,0.004,-0.061,0.025,0.000,0.000,0,,0,,,,459972,348.95,0
56,128.696,"Mount",-0.117,0.003,-0.107,0.049,0.000,0.000,0,,0,,,,460918,350.95,0
57,130.867,"Mount",0.052,-0.184,0.128,0.143,0.000,0.000,0,,0,,,,443341,324.24,0
58,133.205,"Mount",-0.074,-0.109,-0.019,0.131,0.000,0.000,0,,0,,,,461050,336.77,0
59,135.435,"Mount",0.181,-0.230,0.264,0.127,0.166,0.000,40,W,0,,,,467120,339.56,0
60,137.772,"Mount",0.003,-0.107,0.050,0.095,0.000,0.000,0,,0,,,,462145,379.08,0
61,139.928,"Mount",-0.031,-0.181,0.051,0.176,0.000,0.000,0,,0,,,,469738,367.45,0
62,142.275,"Mount",0.054,0.008,0.045,-0.031,0.000,0.000,0,,0,,,,454471,332.87,0
63,144.449,"Mount",0.016,-0.056,0.039,0.043,0.000,0.000,0,,0,,,,451010,341.73,0
64,146.907,"Mount",-0.565,0.348,-0.661,-0.065,-0.416,0.000,101,E,0,,,,473944,344.92,0
65,149.153,"Mount",-0.012,0.086,-0.049,-0.073,0.000,0.000,0,,0,,,,469715,362.61,0
66,151.563,"Mount",-0.381,0.057,-0.368,0.116,-0.232,0.000,56,E,0,,,,455539,351.30,0
67,153.746,"Mount",0.008,0.064,-0.021,-0.061,0.000,0.000,0,,0,,,,451794,334.75,0
68,156.139,"Mount",0.275,-0.092,0.288,-0.038,0.181,0.000,44,W,0,,,,438561,316.98,0
69,158.462,"Mount",0.472,-0.214,0.518,-0.015,0.339,0.000,82,W,0,,,,446812,297.45,0
70,160.821,"Mount",0.021,-0.120,0.071,0.098,0.000,0.000,0,,0,,,,451420,333.95,0
71,163.043,"Mount",0.064,-0.203,0.147,0.154,0.093,0.000,22,W,0,,,,454843,328.97,0
72,165.370,"Mount",0.063,-0.010,0.061,-0.018,0.000,0.000,0,,0,,,,464307,349.61,0
73,167.533,"Mount",-0.062,-0.070,-0.025,0.090,0.000,0.000,0,,0,,,,466469,341.51,0
74,169.880,"Mount",-0.004,-0.058,0.022,0.054,0.000,0.000,0,,0,,,,458050,323.74,0
75,172.042,"Mount",-0.107,0.022,-0.106,0.027,0.000,0.000,0,,0,,,,456888,362.57,0
76,174.435,"Mount",-0.205,0.056,-0.209,0.040,-0.132,0.000,32,E,0,,,,465728,339.39,0
77,176.618,"Mount",-0.028,-0.008,-0.022,0.020,0.000,0.000,0,,0,,,,447888,332.09,0
78,178.955,"Mount",0.053,-0.112,0.097,0.078,0.000,0.000,0,,0,,,,462865,351.35,0
79,181.172,"Mount",0.044,-0.040,0.057,0.016,0.000,0.000,0,,0,,,,447436,352.42,0
80,183.517,"Mount",-0.022,-0.053,0.003,0.057,0.000,0.000,0,,0,,,,460377,347.25,0
81,185.673,"Mount",0.037,-0.078,0.067,0.054,0.000,0.000,0,,0,,,,467695,334.76,0
82,188.067,"Mount",-0.217,0.008,-0.198,0.088,-0.125,0.000,30,E,0,,,,468398,323.18,0
83,190.331,"Mount",0.061,-0.233,0.158,0.183,0.091,0.000,22,W,0,,,,481120,341.31,0
84,192.662,"Mount",-0.176,-0.090,-0.119,0.158,0.000,0.000,0,,0,,,,461878,323.29,0
85,194.820,"Mount",-0.011,-0.084,0.026,0.080,0.000,0.000,0,,0,,,,464826,341.42,0
86,197.160,"Mount",-0.040,-0.176,0.041,0.176,0.000,0.000,0,,0,,,,477221,344.19,0
87,199.411,"Mount",0.166,-0.209,0.241,0.115,0.152,0.000,37,W,0,,,,478279,363.82,0
88,201.755,"Mount",-0.017,-0.075,0.017,0.075,0.000,0.000,0,,0,,,,451809,350.61,0
89,203.962,"Mount",0.024,-0.197,0.108,0.167,0.000,0.000,0,,0,,,,455334,355.24,0
90,206.317,"Mount",0.022,-0.082,0.056,0.065,0.000,0.000,0,,0,,,,460483,369.35,0
91,208.563,"Mount",0.135,-0.208,0.213,0.128,0.134,0.000,32,W,0,,,,465267,357.91,0
92,210.991,"Mount",-0.120,0.028,-0.120,0.027,0.000,0.000,0,,0,,,,457123,343.17,0
93,213.165,"Mount",-0.057,-0.091,-0.011,0.107,0.000,0.000,0,,0,,,,452805,330.28,0
94,215.491,"Mount",-0.131,-0.162,-0.047,0.203,0.000,0.000,0,,0,,,,477327,372.04,0
95,217.665,"Mount",-0.032,-0.247,0.079,0.236,0.000,0.000,0,,0,,,,472511,372.62,0
96,220.107,"Mount",0.366,-0.394,0.502,0.193,0.316,0.000,76,W,0,,,,478278,354.25,0
97,222.451,"Mount",0.142,-0.372,0.291,0.272,0.205,0.272,50,W,57,S,,,475175,380.69,0
98,224.867,"Mount",0.189,-0.236,0.274,0.129,0.187,0.000,45,W,0,,,,458843,350.78,0
99,227.061,"Mount",-0.076,-0.100,-0.024,0.123,0.000,0.000,0,,0,,,,487959,371.74,0
100,229.467,"Mount",-0.278,0.007,-0.252,0.116,-0.159,0.000,38,E,0,,,,461081,345.21,0
101,231.805,"Mount",-0.250,-0.118,-0.173,0.216,-0.120,0.216,29,E,45,S,,,466488,383.05,0
102,234.147,"Mount",0.002,-0.023,0.011,0.020,0.000,0.000,0,,0,,,,455550,339.29,0
103,236.345,"Mount",-0.111,0.004,-0.102,0.045,0.000,0.000,0,,0,,,,472353,365.45,0
104,238.695,"Mount",0.028,-0.163,0.096,0.134,0.000,0.000,0,,0,,,,467244,339.97,0
105,240.877,"Mount",0.042,-0.122,0.091,0.091,0.000,0.000,0,,0,,,,447568,320.29,0
106,243.347,"Mount",0.626,-0.251,0.673,-0.049,0.424,0.000,102,W,0,,,,474860,369.32,0
107,245.635,"Mount",0.404,-0.286,0.488,0.080,0.337,0.000,81,W,0,,,,468016,367.74,0
108,248.051,"Mount",0.231,-0.216,0.302,0.092,0.214,0.000,52,W,0,,,,448278,334.96,0
109,250.222,"Mount",-0.108,-0.052,-0.074,0.094,0.000,0.000,0,,0,,,,458039,371.30,0
110,252.786,"Mount",0.064,-0.333,0.204,0.271,0.129,0.271,31,W,57,S,,,459825,362.27,0
111,255.035,"Mount",0.176,-0.189,0.241,0.092,0.161,0.000,39,W,0,,,,451876,330.91,0
112,257.570,"Mount",0.098,-0.317,0.227,0.242,0.154,0.242,37,W,51,S,,,459246,341.22,0
113,259.746,"Mount",0.038,-0.140,0.095,0.109,0.000,0.000,0,,0,,,,456080,334.17,0
114,262.275,"Mount",0.211,-0.475,0.398,0.334,0.251,0.334,61,W,70,S,,,466599,353.11,0
115,264.731,"Mount",0.691,-0.649,0.906,0.280,0.588,0.280,142,W,59,S,,,484167,368.56,0
116,267.219,"Mount",0.460,-0.390,0.585,0.148,0.409,0.000,99,W,0,,,,494982,387.19,0
117,269.587,"Mount",0.110,-0.349,0.252,0.266,0.187,0.266,45,W,56,S,,,487134,371.74,0
118,271.918,"Mount",0.061,-0.068,0.085,0.034,0.000,0.000,0,,0,,,,456128,335.42,0
119,274.163,"Mount",0.228,-0.080,0.240,-0.028,0.151,0.000,37,W,0,,,,456885,336.35,0
120,276.502,"Mount",-0.026,0.063,-0.051,-0.045,0.000,0.000,0,,0,,,,471378,356.65,0
121,278.747,"Mount",0.319,0.013,0.281,-0.151,0.177,0.000,43,W,0,,,,479340,346.13,0
122,281.171,"Mount",0.218,-0.138,0.256,0.029,0.174,0.000,42,W,0,,,,450975,350.43,0
123,283.419,"Mount",0.201,-0.030,0.194,-0.061,0.135,0.000,32,W,0,,,,466111,329.44,0
124,285.827,"Mount",0.217,-0.051,0.218,-0.049,0.146,0.000,35,W,0,,,,459188,339.41,0
125,288.059,"Mount",0.076,-0.185,0.149,0.133,0.104,0.000,25,W,0,,,,456402,346.83,0
126,290.449,"Mount",-0.115,0.032,-0.117,0.022,0.000,0.000,0,,0,,,,464991,364.47,0
127,292.610,"Mount",-0.101,0.032,-0.105,0.016,0.000,0.000,0,,0,,,,468104,339.09,0
128,295.019,"Mount",-0.277,0.139,-0.310,-0.004,-0.195,0.000,47,E,0,,,,461023,351.75,0
129,297.259,"Mount",-0.247,0.007,-0.225,0.103,-0.156,0.000,38,E,0,,,,465613,351.80,0
130,299.691,"Mount",-0.304,0.221,-0.370,-0.065,-0.244,0.000,59,E,0,,,,463493,368.27,0
131,301.907,"Mount",0.107,-0.116,0.147,0.058,0.076,0.000,18,W,0,,,,441303,314.07,0
132,304.303,"Mount",-0.088,-0.160,-0.009,0.182,0.000,0.000,0,,0,,,,466883,340.41,0
133,306.539,"Mount",0.170,-0.104,0.198,0.019,0.125,0.000,30,W,0,,,,460800,347.86,0
134,308.865,"Mount",0.008,-0.095,0.049,0.082,0.000,0.000,0,,0,,,,448387,365.33,0
135,311.123,"Mount",0.115,-0.184,0.184,0.115,0.116,0.000,28,W,0,,,,455548,310.32,0
136,313.461,"Mount",-0.007,-0.102,0.039,0.095,0.000,0.000,0,,0,,,,458647,330.36,0
137,315.691,"Mount",-0.218,-0.051,-0.173,0.142,-0.109,0.000,26,E,0,,,,468816,353.91,0
138,318.107,"Mount",-0.379,-0.012,-0.335,0.178,-0.219,0.000,53,E,0,,,,458589,335.67,0
139,320.320,"Mount",-0.099,-0.106,-0.042,0.138,0.000,0.000,0,,0,,,,476216,346.51,0
140,322.795,"Mount",-0.254,-0.162,-0.157,0.257,-0.099,0.257,24,E,54,S,,,463231,341.17,0
141,325.107,"Mount",-0.215,-0.180,-0.114,0.256,0.000,0.256,0,,54,S,,,469874,348.10,0
142,327.523,"Mount",-0.217,0.109,-0.243,-0.002,-0.153,0.000,37,E,0,,,,473906,346.72,0
143,329.691,"Mount",-0.061,-0.058,-0.030,0.079,0.000,0.000,0,,0,,,,449477,340.59,0
144,332.163,"Mount",-0.761,0.157,-0.753,0.193,-0.474,0.000,115,E,0,,,,446378,348.65,0
145,334.475,"Mount",-0.297,-0.093,-0.226,0.214,-0.176,0.214,42,E,45,S,,,474806,320.31,0
146,336.862,"Mount",-0.122,-0.133,-0.051,0.173,0.000,0.000,0,,0,,,,458397,383.15,0
147,339.035,"Mount",-0.060,-0.128,0.002,0.141,0.000,0.000,0,,0,,,,460312,324.76,0
148,341.483,"Mount",-0.222,-0.174,-0.123,0.254,0.000,0.254,0,,53,S,,,471546,346.94,0
149,343.771,"Mount",-0.109,-0.307,0.037,0.324,0.000,0.324,0,,68,S,,,499488,382.25,0
150,346.111,"Mount",-0.079,-0.049,-0.050,0.079,0.000,0.000,0,,0,,,,451393,337.52,0
151,348.275,"Mount",-0.033,-0.163,0.042,0.161,0.000,0.000,0,,0,,,,462895,354.96,0
152,350.633,"Mount",-0.039,0.070,-0.066,-0.046,0.000,0.000,0,,0,,,,466458,366.90,0
153,352.790,"Mount",-0.089,-0.081,-0.045,0.112,0.000,0.000,0,,0,,,,469442,381.76,0
154,355.275,"Mount",-0.278,-0.112,-0.201,0.222,-0.126,0.222,31,E,47,S,,,450378,351.83,0
155,357.515,"Mount",-0.236,-0.049,-0.190,0.148,-0.129,0.000,31,E,0,,,,449893,343.80,0
156,360.011,"Mount",-0.795,0.174,-0.791,0.192,-0.507,0.000,122,E,0,,,,450297,337.89,0
157,362.192,"Mount",-0.082,-0.111,-0.025,0.136,0.000,0.000,0,,0,,,,471755,345.59,0
158,364.531,"Mount",-0.132,-0.091,-0.079,0.140,0.000,0.000,0,,0,,,,461656,359.72,0
159,366.718,"Mount",-0.021,-0.177,0.058,0.168,0.000,0.000,0,,0,,,,442779,331.21,0
160,369.243,"Mount",0.052,-0.370,0.208,0.309,0.131,0.309,32,W,65,S,,,470098,347.34,0
161,371.603,"Mount",0.071,-0.287,0.190,0.227,0.129,0.227,31,W,48,S,,,465799,346.78,0
162,373.971,"Mount",-0.069,-0.184,0.018,0.195,0.000,0.000,0,,0,,,,473923,344.48,0
163,376.211,"Mount",-0.277,0.015,-0.255,0.108,-0.161,0.000,39,E,0,,,,457971,362.41,0
164,378.659,"Mount",-0.342,0.065,-0.336,0.091,-0.223,0.000,54,E,0,,,,449903,355.16,0
165,381.011,"Mount",-0.340,-0.069,-0.275,0.212,-0.189,0.212,46,E,44,S,,,465570,363.73,0
166,383.443,"Mount",-0.269,-0.026,-0.230,0.141,-0.158,0.000,38,E,0,,,,451742,317.14,0
167,385.675,"Mount",-0.201,-0.142,-0.118,0.216,0.000,0.216,0,,45,S,,,465914,334.29,0
168,388.179,"Mount",-0.368,-0.113,-0.281,0.263,-0.177,0.263,43,E,55,S,,,444210,349.09,0
169,390.467,"Mount",-0.221,-0.297,-0.068,0.363,0.000,0.363,0,,76,S,,,502076,338.21,0
170,392.963,"Mount",0.033,-0.366,0.190,0.315,0.120,0.315,29,W,66,S,,,478644,378.63,0
171,395.231,"Mount",-0.031,-0.280,0.094,0.265,0.000,0.265,0,,56,S,,,466052,338.42,0
172,397.675,"Mount",-0.034,-0.326,0.113,0.308,0.000,0.308,0,,65,S,,,475083,344.17,0
173,399.963,"Mount",-0.150,-0.335,0.013,0.367,0.000,0.367,0,,77,S,,,474145,341.69,0
174,402.411,"Mount",-0.132,-0.353,0.036,0.375,0.000,0.375,0,,79,S,,,487630,373.97,0
175,404.675,"Mount",-0.221,-0.170,-0.124,0.250,0.000,0.250,0,,52,S,,,462561,372.58,0
176,407.083,"Mount",0.083,-0.154,0.143,0.102,0.090,0.000,22,W,0,,,,450771,308.04,0
177,409.315,"Mount",-0.204,-0.022,-0.174,0.109,-0.103,0.000,25,E,0,,,,448174,368.37,0
178,411.658,"Mount",-0.050,-0.146,0.019,0.153,0.000,0.000,0,,0,,,,458628,348.84,0
179,413.833,"Mount",-0.093,-0.014,-0.078,0.053,0.000,0.000,0,,0,,,,452003,352.63,0
180,416.166,"Mount",0.031,-0.142,0.091,0.114,0.000,0.000,0,,0,,,,470895,332.35,0
181,418.333,"Mount",-0.089,-0.138,-0.019,0.163,0.000,0.000,0,,0,,,,467749,359.65,0
182,420.771,"Mount",-0.058,-0.233,0.050,0.235,0.000,0.235,0,,49,S,,,479198,358.95,0
183,423.019,"Mount",-0.102,-0.193,-0.007,0.219,0.000,0.219,0,,46,S,,,467185,353.35,0
184,425.389,"Mount",-0.040,-0.046,-0.016,0.059,0.000,0.000,0,,0,,,,450404,334.63,0
185,427.558,"Mount",-0.102,0.018,-0.099,0.028,0.000,0.000,0,,0,,,,445024,310.71,0
186,429.971,"Mount",0.253,-0.115,0.278,-0.007,0.175,0.000,42,W,0,,,,439278,330.99,0
187,432.140,"Mount",-0.002,-0.128,0.055,0.116,0.000,0.000,0,,0,,,,461307,345.46,0
188,434.651,"Mount",0.145,-0.330,0.275,0.233,0.173,0.233,42,W,49,S,,,463830,345.75,0
189,436.923,"Mount",-0.123,-0.241,-0.004,0.271,0.000,0.271,0,,57,S,,,468546,367.12,0
190,439.348,"Mount",0.249,-0.189,0.307,0.061,0.193,0.000,47,W,0,,,,447651,361.68,0
191,441.524,"Mount",0.082,0.045,0.054,-0.076,0.000,0.000,0,,0,,,,446068,310.00,0
192,443.857,"Mount",0.083,0.248,-0.034,-0.259,0.000,0.000,0,,0,,,,452086,335.47,0
193,446.099,"Mount",-0.227,0.026,-0.216,0.076,-0.136,0.000,33,E,0,,,,473680,399.48,0
194,448.587,"Mount",-0.220,-0.153,-0.130,0.234,-0.092,0.234,22,E,49,S,,,466780,341.53,0
195,450.837,"Mount",-0.240,-0.000,-0.215,0.105,-0.142,0.000,34,E,0,,,,454785,353.31,0
196,453.227,"Mount",0.053,-0.227,0.147,0.181,0.083,0.000,20,W,0,,,,456774,344.16,0
197,455.430,"Mount",-0.016,-0.183,0.066,0.172,0.000,0.000,0,,0,,,,475505,360.96,0
198,457.963,"Mount",0.391,-0.415,0.534,0.201,0.336,0.201,81,W,42,S,,,474241,359.84,0
199,460.136,"Mount",0.062,-0.136,0.115,0.095,0.000,0.000,0,,0,,,,460223,347.28,0
200,462.555,"Mount",0.273,-0.334,0.392,0.180,0.247,0.000,60,W,0,,,,460478,351.25,0
201,464.819,"Mount",0.309,-0.228,0.378,0.069,0.255,0.000,62,W,0,,,,469821,374.01,0
202,467.166,"Mount",-0.029,0.117,-0.077,-0.092,0.000,0.000,0,,0,,,,467336,371.50,0
203,469.330,"Mount",-0.091,-0.009,-0.078,0.048,0.000,0.000,0,,0,,,,444920,339.77,0
204,471.739,"Mount",-0.158,0.223,-0.240,-0.131,-0.151,0.000,36,E,0,,,,469230,392.43,0
205,474.003,"Mount",-0.139,0.024,-0.136,0.039,-0.096,0.000,23,E,0,,,,454378,315.23,0
206,476.443,"Mount",-0.270,-0.002,-0.242,0.120,-0.159,0.000,38,E,0,,,,456278,335.95,0
207,478.639,"Mount",-0.111,-0.066,-0.071,0.108,0.000,0.000,0,,0,,,,475278,357.50,0
208,480.999,"Mount",-0.087,0.027,-0.090,0.014,0.000,0.000,0,,0,,,,470366,351.14,0
209,483.173,"Mount",-0.057,-0.027,-0.040,0.049,0.000,0.000,0,,0,,,,452874,340.85,0
210,485.571,"Mount",-0.126,0.047,-0.134,0.013,-0.085,0.000,20,E,0,,,,473521,357.55,0
211,487.795,"Mount",-0.110,0.146,-0.163,-0.083,-0.109,0.000,26,E,0,,,,472911,359.27,0
212,490.131,"Mount",-0.007,-0.056,0.018,0.054,0.000,0.000,0,,0,,,,467566,370.37,0
213,492.312,"Mount",-0.101,-0.061,-0.063,0.099,0.000,0.000,0,,0,,,,463309,365.17,0
214,494.708,"Mount",-0.090,0.120,-0.134,-0.069,-0.084,0.000,20,E,0,,,,464784,367.74,0
215,496.891,"Mount",-0.033,0.078,-0.064,-0.056,0.000,0.000,0,,0,,,,455077,336.52,0
216,499.293,"Mount",-0.263,0.116,-0.288,0.011,-0.181,0.000,44,E,0,,,,465855,339.32,0
217,501.475,"Mount",0.029,-0.212,0.119,0.177,0.000,0.000,0,,0,,,,465107,328.76,0
218,503.963,"Mount",0.048,-0.308,0.178,0.256,0.112,0.256,27,W,54,S,,,475705,347.65,0
219,506.187,"Mount",0.131,-0.219,0.214,0.140,0.143,0.000,34,W,0,,,,466885,344.75,0
220,508.611,"Mount",0.169,-0.137,0.212,0.049,0.144,0.000,35,W,0,,,,459311,337.85,0
221,510.867,"Mount",0.155,-0.213,0.233,0.123,0.157,0.000,38,W,0,,,,465941,328.63,0
222,513.307,"Mount",-0.092,-0.264,0.033,0.277,0.000,0.277,0,,58,S,,,478509,357.86,0
223,515.563,"Mount",-0.041,-0.216,0.057,0.212,0.000,0.212,0,,44,S,,,476290,345.80,0
224,518.027,"Mount",0.039,-0.247,0.143,0.205,0.090,0.205,22,W,43,S,,,480620,347.26,0
225,520.331,"Mount",0.532,-0.320,0.619,0.054,0.396,0.000,96,W,0,,,,474050,382.18,0
226,522.687,"Mount",-0.025,-0.060,0.004,0.065,0.000,0.000,0,,0,,,,462848,334.74,0
227,524.939,"Mount",0.317,-0.197,0.371,0.038,0.234,0.000,56,W,0,,,,461665,381.84,0
228,527.380,"Mount",-0.355,0.006,-0.321,0.151,-0.186,0.000,45,E,0,,,,467028,349.27,0
229,529.549,"Mount",0.013,0.002,0.011,-0.007,0.000,0.000,0,,0,,,,459297,337.66,0
230,531.955,"Mount",0.007,0.093,-0.034,-0.086,0.000,0.000,0,,0,,,,469114,354.77,0
231,534.179,"Mount",0.106,-0.232,0.197,0.162,0.124,0.000,30,W,0,,,,470995,344.41,0
232,536.531,"Mount",-0.119,-0.045,-0.088,0.092,0.000,0.000,0,,0,,,,468150,330.63,0
233,538.712,"Mount",-0.034,-0.023,-0.020,0.036,0.000,0.000,0,,0,,,,470347,377.16,0
234,541.065,"Mount",0.025,-0.186,0.104,0.156,0.000,0.000,0,,0,,,,461606,352.35,0
235,543.348,"Mount",0.522,-0.316,0.608,0.055,0.383,0.000,93,W,0,,,,464119,357.24,0
236,545.780,"Mount",0.393,-0.214,0.447,0.020,0.309,0.000,75,W,0,,,,452375,325.63,0
237,548.035,"Mount",0.353,0.027,0.305,-0.179,0.214,0.000,52,W,0,,,,444905,340.06,0
238,550.366,"Mount",0.048,0.069,0.012,-0.083,0.000,0.000,0,,0,,,,464203,353.32,0
239,552.596,"Mount",-0.025,-0.093,0.018,0.095,0.000,0.000,0,,0,,,,464483,340.56,0
240,554.931,"Mount",0.098,-0.088,0.127,0.037,0.000,0.000,0,,0,,,,469112,330.95,0
241,557.182,"Mount",-0.091,-0.199,0.005,0.219,0.000,0.219,0,,46,S,,,456630,354.83,0
242,559.595,"Mount",0.267,-0.148,0.305,0.015,0.192,0.000,46,W,0,,,,464370,370.01,0
243,561.789,"Mount",0.044,-0.072,0.071,0.045,0.000,0.000,0,,0,,,,472922,336.58,0
244,564.171,"Mount",0.136,-0.247,0.230,0.162,0.145,0.000,35,W,0,,,,461756,349.87,0
245,566.376,"Mount",-0.014,-0.169,0.062,0.158,0.000,0.000,0,,0,,,,460226,370.45,0
246,568.867,"Mount",0.073,-0.275,0.186,0.215,0.117,0.215,28,W,45,S,,,463320,368.00,0
247,571.067,"Mount",0.053,-0.145,0.112,0.107,0.000,0.000,0,,0,,,,468794,358.85,0
248,573.539,"Mount",0.366,-0.255,0.440,0.069,0.277,0.000,67,W,0,,,,482927,344.44,0
249,575.703,"Mount",-0.069,-0.147,0.002,0.162,0.000,0.000,0,,0,,,,461935,350.24,0
250,578.147,"Mount",0.435,-0.385,0.559,0.155,0.352,0.000,85,W,0,,,,470031,369.17,0
251,580.306,"Mount",-0.154,-0.116,-0.088,0.172,0.000,0.000,0,,0,,,,464032,328.68,0
252,582.707,"Mount",0.066,-0.192,0.143,0.143,0.090,0.000,22,W,0,,,,472809,370.70,0
253,584.955,"Mount",-0.137,-0.159,-0.054,0.203,0.000,0.203,0,,43,S,,,482491,330.95,0
254,587.427,"Mount",-0.170,-0.188,-0.070,0.244,0.000,0.244,0,,51,S,,,483345,355.61,0
255,589.600,"Mount",-0.130,-0.108,-0.070,0.154,0.000,0.000,0,,0,,,,487320,367.15,0
256,592.027,"Mount",-0.123,-0.192,-0.026,0.227,0.000,0.227,0,,48,S,,,485647,360.22,0
257,594.275,"Mount",-0.233,0.116,-0.260,-0.002,-0.164,0.000,40,E,0,,,,481441,355.65,0
258,596.675,"Mount",-0.205,-0.087,-0.146,0.168,-0.104,0.000,25,E,0,,,,472697,350.84,0
259,598.963,"Mount",-0.561,0.277,-0.626,-0.003,-0.402,0.000,97,E,0,,,,461959,353.09,0
260,601.306,"Mount",-0.029,-0.184,0.055,0.178,0.000,0.000,0,,0,,,,472896,375.22,0
261,603.539,"Mount",-0.204,-0.007,-0.180,0.096,-0.114,0.000,27,E,0,,,,470734,325.88,0
262,606.035,"Mount",0.114,-0.308,0.238,0.227,0.142,0.227,34,W,48,S,,,469753,342.17,0
263,608.323,"Mount",-0.036,-0.218,0.064,0.211,0.000,0.211,0,,44,S,,,458144,322.85,0
264,610.755,"Mount",0.267,-0.346,0.392,0.193,0.247,0.000,60,W,0,,,,479139,342.50,0
265,612.929,"Mount",-0.088,-0.154,-0.012,0.177,0.000,0.000,0,,0,,,,477593,348.02,0
266,615.323,"Mount",-0.276,-0.078,-0.214,0.192,-0.135,0.000,33,E,0,,,,480376,355.66,0
267,617.739,"Mount",-0.772,0.072,-0.725,0.274,-0.466,0.274,113,E,58,S,,,465245,356.97,0
268,620.267,"Mount",-0.434,-0.083,-0.353,0.265,-0.255,0.265,62,E,56,S,,,470253,363.97,0
269,622.515,"Mount",-0.247,0.074,-0.254,0.042,-0.178,0.000,43,E,0,,,,465577,319.38,0
270,624.989,"Mount",-0.269,0.137,-0.302,-0.005,-0.203,0.000,49,E,0,,,,479326,368.40,0
271,627.235,"Mount",-0.200,0.090,-0.219,0.007,-0.152,0.000,37,E,0,,,,479832,360.52,0
272,629.574,"Mount",0.108,-0.003,0.099,-0.045,0.000,0.000,0,,0,,,,451069,316.78,0
273,631.803,"Mount",-0.092,0.256,-0.195,-0.189,-0.123,0.000,30,E,0,,,,465253,367.14,0
274,634.187,"Mount",-0.023,0.256,-0.133,-0.220,-0.092,0.000,22,E,0,,,,470249,350.56,0
275,636.451,"Mount",-0.346,0.306,-0.445,-0.123,-0.287,0.000,69,E,0,,,,477891,355.28,0
276,638.899,"Mount",-0.173,0.229,-0.256,-0.130,-0.182,0.000,44,E,0,,,,475539,338.65,0
277,641.172,"Mount",-0.283,0.051,-0.277,0.079,-0.187,0.000,45,E,0,,,,478149,376.84,0
278,643.627,"Mount",-0.029,0.250,-0.136,-0.212,-0.099,0.000,24,E,0,,,,478791,353.82,0
279,645.917,"Mount",-0.272,0.175,-0.321,-0.038,-0.209,0.000,51,E,0,,,,465921,320.28,0
280,648.280,"Mount",0.127,-0.010,0.119,-0.047,0.000,0.000,0,,0,,,,463564,344.36,0
INFO: SET LOCK POSITION, new lock pos = 673.846, 883.168
INFO: DITHER by -1.497, 3.960, new lock pos = 670.763, 880.267
INFO: SETTLING STATE CHANGE, Settling started
281,653.913,"Mount",3.083,2.901,1.497,-3.960,1.497,-3.960,362,W,2400,N,,,481611,360.10,0
282,657.171,"Mount",-0.866,2.615,-1.926,-1.970,-1.213,-1.970,293,E,414,N,,,465557,334.76,0
283,660.027,"Mount",-0.649,1.864,-1.401,-1.391,-0.968,-1.391,234,E,292,N,,,485940,323.45,0
284,664.331,"Mount",-0.571,-0.707,-0.203,0.886,-0.195,0.886,47,E,1755,S,,,473687,365.71,0
285,666.980,"Mount",0.030,-0.718,0.342,0.632,0.202,0.632,49,W,133,S,,,494866,370.80,0
286,669.411,"Mount",0.279,-0.565,0.499,0.385,0.328,0.385,79,W,81,S,,,480241,344.20,0
287,671.939,"Mount",-0.020,-0.373,0.145,0.344,0.115,0.344,28,W,72,S,,,474945,350.98,0
288,674.176,"Mount",0.083,-0.197,0.161,0.141,0.110,0.000,26,W,0,,,,464802,328.98,0
289,676.861,"Mount",-0.505,0.191,-0.538,0.050,-0.331,0.000,80,E,0,,,,469962,355.01,0
290,679.142,"Mount",-0.197,0.096,-0.219,0.000,-0.161,0.000,39,E,0,,,,471642,355.19,0
INFO: SETTLING STATE CHANGE, Settling complete
291,681.688,"Mount",-0.309,-0.157,-0.209,0.277,-0.143,0.277,35,E,58,S,,,484293,361.00,0
292,684.053,"Mount",-0.398,-0.045,-0.338,0.215,-0.223,0.215,54,E,45,S,,,469367,380.17,0
293,686.635,"Mount",-0.280,0.038,-0.268,0.088,-0.185,0.000,45,E,0,,,,480729,363.65,0
294,688.884,"Mount",0.110,-0.236,0.202,0.164,0.114,0.000,28,W,0,,,,464563,352.15,0
295,691.331,"Mount",0.257,-0.304,0.364,0.160,0.237,0.000,57,W,0,,,,479311,345.42,0
296,693.635,"Mount",0.459,-0.354,0.568,0.116,0.374,0.000,90,W,0,,,,461844,337.03,0
297,696.009,"Mount",0.035,-0.171,0.106,0.139,0.000,0.000,0,,0,,,,450393,343.34,0
298,698.188,"Mount",-0.101,-0.171,-0.016,0.198,0.000,0.000,0,,0,,,,467831,357.02,0
299,700.659,"Mount",0.079,-0.173,0.147,0.120,0.093,0.000,22,W,0,,,,468798,332.32,0
300,702.875,"Mount",0.056,0.050,0.028,-0.070,0.000,0.000,0,,0,,,,475473,355.19,0
301,705.230,"Mount",-0.120,-0.112,-0.058,0.153,0.000,0.000,0,,0,,,,468560,363.00,0
302,707.738,"Mount",-0.123,-0.332,0.035,0.352,0.000,0.352,0,,74,S,,,489845,365.57,0
303,710.150,"Mount",0.132,-0.268,0.236,0.183,0.149,0.000,36,W,0,,,,482984,385.51,0
304,712.411,"Mount",0.009,-0.261,0.122,0.231,0.000,0.231,0,,48,S,,,486686,354.73,0
305,714.926,"Mount",0.109,-0.343,0.248,0.261,0.156,0.261,38,W,55,S,,,469709,357.15,0
306,717.134,"Mount",-0.088,-0.093,-0.038,0.122,0.000,0.000,0,,0,,,,460549,350.13,0
307,719.501,"Mount",0.046,-0.056,0.066,0.031,0.000,0.000,0,,0,,,,472684,337.06,0
308,721.779,"Mount",-0.329,0.027,-0.308,0.120,-0.194,0.000,47,E,0,,,,465099,343.73,0
309,724.275,"Mount",0.022,-0.104,0.065,0.084,0.000,0.000,0,,0,,,,447948,312.86,0
310,726.525,"Mount",-0.220,0.171,-0.273,-0.057,-0.172,0.000,42,E,0,,,,457429,339.16,0
311,729.059,"Mount",0.244,-0.169,0.293,0.045,0.172,0.000,42,W,0,,,,455584,371.00,0
312,731.312,"Mount",-0.112,-0.085,-0.063,0.126,0.000,0.000,0,,0,,,,464512,327.68,0
313,733.666,"Mount",-0.067,-0.144,0.003,0.159,0.000,0.000,0,,0,,,,488021,374.25,0
314,735.948,"Mount",-0.101,-0.191,-0.007,0.216,0.000,0.216,0,,45,S,,,473141,335.07,0
315,738.300,"Mount",0.037,-0.080,0.068,0.055,0.000,0.000,0,,0,,,,460500,349.80,0
316,740.518,"Mount",-0.099,0.021,-0.098,0.025,0.000,0.000,0,,0,,,,464416,327.30,0
317,742.854,"Mount",0.042,-0.022,0.047,0.001,0.000,0.000,0,,0,,,,471710,335.77,0
318,745.129,"Mount",-0.211,0.096,-0.231,0.006,-0.146,0.000,35,E,0,,,,454499,347.04,0
319,747.571,"Mount",-0.225,-0.169,-0.128,0.251,0.000,0.251,0,,53,S,,,465639,349.05,0
320,750.100,"Mount",-0.801,0.218,-0.816,0.155,-0.514,0.000,124,E,0,,,,485169,349.97,0
321,752.572,"Mount",0.153,0.134,0.079,-0.187,0.000,0.000,0,,0,,,,477361,340.19,0
322,754.758,"Mount",0.137,0.077,0.089,-0.129,0.000,0.000,0,,0,,,,476211,383.50,0
323,757.315,"Mount",0.588,-0.349,0.682,0.056,0.429,0.000,104,W,0,,,,466756,347.47,0
324,759.547,"Mount",0.095,-0.112,0.134,0.059,0.115,0.000,28,W,0,,,,475505,367.04,0
325,761.971,"Mount",0.244,-0.256,0.332,0.123,0.217,0.000,52,W,0,,,,466748,354.92,0
326,764.143,"Mount",0.081,-0.108,0.120,0.062,0.000,0.000,0,,0,,,,431418,327.28,0
327,766.487,"Mount",0.089,0.087,0.042,-0.117,0.000,0.000,0,,0,,,,445329,304.59,0
328,768.700,"Mount",0.019,-0.090,0.057,0.072,0.000,0.000,0,,0,,,,459713,318.24,0
329,771.106,"Mount",0.064,-0.123,0.112,0.083,0.000,0.000,0,,0,,,,466374,321.71,0
330,773.364,"Mount",-0.116,-0.090,-0.065,0.132,0.000,0.000,0,,0,,,,485549,388.61,0
331,775.734,"Mount",0.021,-0.138,0.079,0.115,0.000,0.000,0,,0,,,,474733,366.61,0
332,777.919,"Mount",-0.012,-0.171,0.064,0.159,0.000,0.000,0,,0,,,,464871,343.20,0
333,780.333,"Mount",0.130,-0.035,0.133,-0.025,0.084,0.000,20,W,0,,,,481302,349.69,0
334,782.637,"Mount",-0.102,0.074,-0.124,-0.022,0.000,0.000,0,,0,,,,487024,387.64,0
335,784.977,"Mount",-0.119,0.009,-0.111,0.044,0.000,0.000,0,,0,,,,464355,319.12,0
336,787.275,"Mount",-0.260,0.056,-0.258,0.064,-0.162,0.000,39,E,0,,,,472607,363.90,0
337,789.699,"Mount",-0.141,0.099,-0.170,-0.027,-0.118,0.000,29,E,0,,,,478761,345.99,0
338,792.075,"Mount",-0.128,-0.149,-0.049,0.190,0.000,0.000,0,,0,,,,482104,345.09,0
339,794.547,"Mount",-0.202,0.027,-0.193,0.065,-0.122,0.000,29,E,0,,,,463203,345.24,0
340,796.753,"Mount",0.026,-0.028,0.035,0.014,0.000,0.000,0,,0,,,,461079,363.04,0
341,799.095,"Mount",0.103,0.046,0.072,-0.087,0.000,0.000,0,,0,,,,476682,391.00,0
342,801.290,"Mount",-0.112,0.003,-0.102,0.046,0.000,0.000,0,,0,,,,490353,348.29,0
343,803.685,"Mount",-0.033,-0.083,0.007,0.089,0.000,0.000,0,,0,,,,474217,346.61,0
344,806.091,"Mount",0.174,-0.378,0.322,0.263,0.203,0.263,49,W,55,S,,,484183,341.81,0
345,808.527,"Mount",-0.181,0.191,-0.247,-0.092,-0.141,0.000,34,E,0,,,,481490,356.88,0
346,810.832,"Mount",-0.101,0.244,-0.198,-0.175,-0.134,0.000,32,E,0,,,,486184,342.09,0
347,813.188,"Mount",-0.005,0.005,-0.007,-0.002,0.000,0.000,0,,0,,,,470748,371.01,0
348,815.434,"Mount",0.092,0.025,0.071,-0.063,0.000,0.000,0,,0,,,,465555,334.80,0
349,817.884,"Mount",0.436,-0.097,0.434,-0.104,0.274,0.000,66,W,0,,,,463751,363.64,0
350,820.171,"Mount",0.530,-0.213,0.570,-0.041,0.378,0.000,91,W,0,,,,474873,334.21,0
351,822.864,"Mount",0.301,-0.296,0.400,0.134,0.279,0.000,67,W,0,,,,465029,373.41,0
352,825.047,"Mount",-0.031,0.032,-0.042,-0.015,0.000,0.000,0,,0,,,,488959,353.90,0
353,827.571,"Mount",-0.403,0.210,-0.455,-0.011,-0.286,0.000,69,E,0,,,,462597,335.93,0
354,829.875,"Mount",-0.389,0.219,-0.446,-0.026,-0.301,0.000,73,E,0,,,,474542,351.87,0
355,832.225,"Mount",0.214,0.230,0.092,-0.301,0.000,0.000,0,,0,,,,474811,375.01,0
356,834.494,"Mount",0.108,0.057,0.072,-0.099,0.000,0.000,0,,0,,,,479278,375.15,0
357,836.850,"Mount",0.127,0.256,0.002,-0.286,0.000,0.000,0,,0,,,,484165,351.91,0
358,839.092,"Mount",0.107,0.080,0.061,-0.119,0.000,0.000,0,,0,,,,483754,364.92,0
359,841.507,"Mount",0.092,-0.208,0.174,0.146,0.109,0.000,26,W,0,,,,458597,350.81,0
360,844.017,"Mount",0.307,-0.440,0.469,0.260,0.303,0.000,73,W,0,,,,483669,376.27,0
361,846.563,"Mount",0.078,-0.302,0.203,0.237,0.149,0.237,36,W,50,S,,,473768,362.45,0
362,848.771,"Mount",-0.110,-0.116,-0.048,0.153,0.000,0.000,0,,0,,,,469947,354.63,0
363,851.209,"Mount",0.023,-0.077,0.055,0.059,0.000,0.000,0,,0,,,,465366,346.77,0
364,853.388,"Mount",0.042,0.142,-0.025,-0.146,0.000,0.000,0,,0,,,,474531,351.00,0
365,855.725,"Mount",-0.060,0.006,-0.057,0.021,0.000,0.000,0,,0,,,,473757,350.84,0
366,857.940,"Mount",-0.108,-0.084,-0.060,0.123,0.000,0.000,0,,0,,,,481064,370.59,0
367,860.427,"Mount",0.181,-0.229,0.263,0.126,0.166,0.000,40,W,0,,,,464368,368.00,0
368,862.740,"Mount",0.346,-0.179,0.389,0.009,0.257,0.000,62,W,0,,,,466762,318.09,0
369,865.268,"Mount",0.068,-0.237,0.165,0.183,0.122,0.000,29,W,0,,,,480793,337.17,0
370,867.465,"Mount",-0.120,-0.042,-0.090,0.090,0.000,0.000,0,,0,,,,477245,339.06,0
371,869.826,"Mount",-0.051,-0.176,0.032,0.181,0.000,0.000,0,,0,,,,482242,363.53,0
372,872.075,"Mount",0.214,-0.149,0.258,0.040,0.162,0.000,39,W,0,,,,476667,349.32,0
373,874.433,"Mount",0.005,0.006,0.002,-0.007,0.000,0.000,0,,0,,,,484153,367.44,0
374,876.684,"Mount",-0.027,-0.167,0.049,0.162,0.000,0.000,0,,0,,,,472941,325.72,0
375,879.275,"Mount",0.274,-0.476,0.455,0.307,0.287,0.307,69,W,64,S,,,489152,385.38,0
376,881.521,"Mount",-0.051,0.090,-0.085,-0.059,0.000,0.000,0,,0,,,,459385,341.32,0
377,884.005,"Mount",0.192,-0.009,0.176,-0.076,0.111,0.000,27,W,0,,,,464011,322.70,0
378,886.222,"Mount",0.126,0.096,0.071,-0.141,0.000,0.000,0,,0,,,,476624,370.46,0
379,888.621,"Mount",0.114,0.277,-0.019,-0.299,0.000,0.000,0,,0,,,,481394,331.07,0
380,890.799,"Mount",0.044,0.365,-0.120,-0.347,0.000,0.000,0,,0,,,,478942,342.82,0
381,893.307,"Mount",0.042,0.389,-0.133,-0.368,-0.084,0.000,20,E,0,,,,485342,356.31,0
382,897.148,"Mount",0.078,0.317,-0.069,-0.319,0.000,-0.319,0,,1636,N,,,500928,383.52,0
383,899.740,"Mount",-1.222,0.425,-1.284,0.154,-0.809,0.000,195,E,0,,,,496420,404.20,0
384,902.067,"Mount",-0.717,-0.127,-0.588,0.429,-0.427,0.000,103,E,0,,,,472528,318.13,0
385,904.510,"Mount",0.222,-0.248,0.308,0.125,0.164,0.000,40,W,0,,,,485794,382.60,0
386,907.006,"Mount",0.408,-0.384,0.535,0.166,0.348,0.000,84,W,0,,,,474776,341.12,0
387,909.359,"Mount",0.068,-0.137,0.121,0.093,0.000,0.000,0,,0,,,,490634,337.15,0
388,911.619,"Mount",0.044,-0.437,0.231,0.374,0.146,0.000,35,W,0,,,,472207,350.00,0
389,914.015,"Mount",-0.046,-0.153,0.025,0.158,0.000,0.000,0,,0,,,,481296,354.43,0
390,916.259,"Mount",-0.320,-0.170,-0.213,0.293,-0.134,0.000,32,E,0,,,,477886,328.79,0
391,920.403,"Mount",-0.300,-0.264,-0.154,0.369,-0.106,0.369,26,E,1646,S,,,467214,376.37,0
392,922.837,"Mount",0.072,0.407,-0.114,-0.398,0.000,0.000,0,,0,,,,474849,367.27,0
393,925.047,"Mount",-0.005,0.169,-0.079,-0.149,0.000,0.000,0,,0,,,,479851,360.96,0
394,927.703,"Mount",0.427,0.137,0.323,-0.310,0.204,0.000,49,W,0,,,,472404,344.30,0
395,929.893,"Mount",0.166,0.253,0.038,-0.300,0.000,0.000,0,,0,,,,486479,365.83,0
396,932.254,"Mount",0.017,0.314,-0.122,-0.290,0.000,0.000,0,,0,,,,475249,357.74,0
397,934.555,"Mount",-0.613,0.486,-0.764,-0.168,-0.481,0.000,116,E,0,,,,479851,361.57,0
398,936.934,"Mount",-0.014,0.210,-0.105,-0.183,0.000,0.000,0,,0,,,,483730,340.09,0
399,940.819,"Mount",-0.095,0.311,-0.222,-0.237,-0.140,-0.237,34,E,1598,N,,,491831,371.90,0
400,943.307,"Mount",-0.836,0.026,-0.763,0.344,-0.490,0.000,118,E,0,,,,446741,371.98,0
401,945.531,"Mount",0.035,-0.373,0.195,0.320,0.089,0.000,21,W,0,,,,494299,367.21,0
402,947.932,"Mount",0.035,-0.360,0.190,0.308,0.126,0.000,30,W,0,,,,483238,343.51,0
403,950.203,"Mount",0.032,-0.376,0.193,0.323,0.131,0.000,32,W,0,,,,483860,349.74,0
404,952.611,"Mount",-0.237,-0.011,-0.208,0.114,-0.122,0.000,29,E,0,,,,465337,337.06,0
405,954.868,"Mount",-0.330,-0.049,-0.275,0.189,-0.182,0.000,44,E,0,,,,467215,332.95,0
406,957.299,"Mount",-0.371,0.005,-0.336,0.158,-0.224,0.000,54,E,0,,,,458138,339.22,0
407,961.219,"Mount",-0.355,-0.184,-0.238,0.321,-0.166,0.321,40,E,1591,S,,,468690,384.26,0
408,963.570,"Mount",-0.030,-0.044,-0.007,0.053,0.000,0.000,0,,0,,,,470157,342.27,0
409,965.735,"Mount",-0.003,0.027,-0.015,-0.023,0.000,0.000,0,,0,,,,472292,344.59,0
410,968.163,"Mount",0.461,0.054,0.391,-0.251,0.246,0.000,59,W,0,,,,457928,345.49,0
411,970.451,"Mount",0.519,0.022,0.457,-0.248,0.305,0.000,74,W,0,,,,468428,346.43,0
412,972.875,"Mount",0.212,-0.145,0.254,0.038,0.182,0.000,44,W,0,,,,479971,369.22,0
413,975.131,"Mount",-0.127,0.170,-0.189,-0.097,-0.106,0.000,26,E,0,,,,466315,351.90,0
414,977.539,"Mount",-0.082,0.227,-0.174,-0.168,-0.117,0.000,28,E,0,,,,475422,358.65,0
415,979.795,"Mount",-0.156,0.281,-0.264,-0.184,-0.174,0.000,42,E,0,,,,482718,364.25,0
416,982.219,"Mount",-0.286,0.093,-0.298,0.042,-0.200,0.000,48,E,0,,,,464729,315.26,0
417,984.391,"Mount",-0.130,-0.113,-0.067,0.158,0.000,0.000,0,,0,,,,461468,352.29,0
418,986.719,"Mount",-0.082,0.121,-0.127,-0.073,0.000,0.000,0,,0,,,,474330,354.18,0
419,988.980,"Mount",0.155,-0.045,0.159,-0.027,0.100,0.000,24,W,0,,,,482448,341.83,0
420,991.436,"Mount",0.461,-0.242,0.520,0.015,0.335,0.000,81,W,0,,,,484779,354.97,0
421,993.699,"Mount",0.193,-0.151,0.240,0.051,0.174,0.000,42,W,0,,,,480810,325.74,0
422,996.037,"Mount",0.083,-0.059,0.100,0.017,0.000,0.000,0,,0,,,,463429,347.92,0
423,998.237,"Mount",-0.081,-0.087,-0.035,0.114,0.000,0.000,0,,0,,,,484762,361.74,0
424,1000.643,"Mount",0.107,-0.169,0.171,0.105,0.108,0.000,26,W,0,,,,471983,363.35,0
425,1002.818,"Mount",-0.008,-0.032,0.007,0.032,0.000,0.000,0,,0,,,,478992,382.00,0
426,1005.323,"Mount",0.184,-0.355,0.321,0.238,0.202,0.238,49,W,50,S,,,495870,354.04,0
427,1007.579,"Mount",0.265,-0.067,0.268,-0.056,0.183,0.000,44,W,0,,,,484869,355.20,0
428,1009.916,"Mount",0.018,0.012,0.011,-0.019,0.000,0.000,0,,0,,,,482181,355.53,0
429,1012.089,"Mount",0.029,-0.042,0.044,0.025,0.000,0.000,0,,0,,,,496490,380.85,0
430,1014.432,"Mount",0.009,-0.135,0.067,0.118,0.000,0.000,0,,0,,,,466683,357.12,0
431,1016.604,"Mount",-0.050,-0.045,-0.025,0.062,0.000,0.000,0,,0,,,,484173,332.53,0
432,1018.980,"Mount",0.054,-0.181,0.128,0.139,0.000,0.000,0,,0,,,,482320,333.71,0
433,1021.219,"Mount",0.094,-0.124,0.139,0.071,0.087,0.000,21,W,0,,,,481542,382.81,0
434,1023.611,"Mount",-0.057,0.185,-0.133,-0.141,-0.078,0.000,19,E,0,,,,471387,369.66,0
435,1025.783,"Mount",0.110,0.058,0.073,-0.101,0.000,0.000,0,,0,,,,472009,377.34,0
436,1028.125,"Mount",0.053,-0.022,0.058,-0.004,0.000,0.000,0,,0,,,,471505,356.37,0
437,1030.309,"Mount",-0.071,-0.006,-0.061,0.037,0.000,0.000,0,,0,,,,487307,391.87,0
438,1032.740,"Mount",0.386,-0.231,0.448,0.038,0.282,0.000,68,W,0,,,,467285,348.78,0
439,1034.995,"Mount",0.234,-0.179,0.289,0.058,0.202,0.000,49,W,0,,,,478369,364.86,0
440,1037.459,"Mount",-0.073,-0.204,0.024,0.215,0.000,0.215,0,,45,S,,,484885,347.28,0
441,1039.633,"Mount",-0.072,-0.057,-0.039,0.083,0.000,0.000,0,,0,,,,492536,353.54,0
442,1041.980,"Mount",-0.072,0.025,-0.076,0.009,0.000,0.000,0,,0,,,,488462,351.18,0
443,1044.212,"Mount",-0.196,0.136,-0.235,-0.036,-0.148,0.000,36,E,0,,,,475670,350.96,0
444,1046.619,"Mount",-0.203,0.060,-0.209,0.036,-0.142,0.000,34,E,0,,,,482595,376.45,0
445,1048.891,"Mount",-0.294,0.175,-0.341,-0.028,-0.225,0.000,54,E,0,,,,470951,368.10,0
446,1051.299,"Mount",-0.131,0.193,-0.203,-0.116,-0.143,0.000,35,E,0,,,,483525,367.45,0
447,1053.580,"Mount",0.255,-0.331,0.375,0.185,0.226,0.000,55,W,0,,,,488626,384.79,0
448,1056.052,"Mount",0.486,-0.385,0.606,0.133,0.398,0.000,96,W,0,,,,480592,381.91,0
449,1058.262,"Mount",0.046,-0.053,0.065,0.028,0.000,0.000,0,,0,,,,488984,354.64,0
450,1060.667,"Mount",-0.085,0.160,-0.146,-0.107,-0.092,0.000,22,E,0,,,,484633,350.64,0
451,1062.837,"Mount",-0.012,-0.067,0.019,0.065,0.000,0.000,0,,0,,,,474072,342.90,0
452,1065.176,"Mount",0.068,0.017,0.054,-0.045,0.000,0.000,0,,0,,,,469498,319.12,0
453,1067.379,"Mount",-0.146,-0.033,-0.117,0.093,0.000,0.000,0,,0,,,,474558,320.94,0
454,1069.779,"Mount",-0.223,-0.012,-0.195,0.109,-0.123,0.000,30,E,0,,,,460155,346.14,0
455,1071.953,"Mount",-0.162,-0.141,-0.084,0.198,0.000,0.000,0,,0,,,,475326,372.20,0
456,1074.460,"Mount",-0.430,-0.028,-0.374,0.214,-0.236,0.214,57,E,45,S,,,489237,363.77,0
457,1076.715,"Mount",-0.039,-0.216,0.060,0.211,0.000,0.211,0,,44,S,,,489773,373.09,0
458,1079.060,"Mount",0.100,0.096,0.048,-0.130,0.000,0.000,0,,0,,,,489956,358.26,0
459,1081.283,"Mount",-0.075,0.149,-0.133,-0.101,-0.084,0.000,20,E,0,,,,486241,356.22,0
460,1083.731,"Mount",-0.366,0.131,-0.387,0.043,-0.249,0.000,60,E,0,,,,475729,353.57,0
461,1086.003,"Mount",-0.326,0.181,-0.372,-0.020,-0.252,0.000,61,E,0,,,,476722,327.25,0
462,1088.380,"Mount",-0.044,-0.026,-0.028,0.042,0.000,0.000,0,,0,,,,470990,355.13,0
463,1090.576,"Mount",0.037,0.265,-0.083,-0.254,0.000,0.000,0,,0,,,,499274,393.19,0
464,1092.958,"Mount",-0.132,0.084,-0.156,-0.018,-0.098,0.000,24,E,0,,,,483567,381.97,0
465,1095.126,"Mount",0.170,0.109,0.104,-0.173,0.000,0.000,0,,0,,,,475788,366.75,0
466,1097.539,"Mount",-0.157,0.035,-0.156,0.037,-0.098,0.000,24,E,0,,,,489822,369.32,0
467,1099.718,"Mount",0.004,-0.209,0.096,0.185,0.000,0.000,0,,0,,,,489124,374.96,0
468,1102.057,"Mount",0.020,-0.148,0.083,0.124,0.000,0.000,0,,0,,,,478363,387.29,0
469,1104.292,"Mount",0.187,-0.256,0.281,0.148,0.177,0.000,43,W,0,,,,480567,372.29,0
470,1106.651,"Mount",-0.073,-0.186,0.016,0.199,0.000,0.000,0,,0,,,,478276,342.63,0
471,1108.817,"Mount",0.003,-0.123,0.057,0.109,0.000,0.000,0,,0,,,,476306,370.82,0
472,1111.167,"Mount",-0.001,-0.078,0.034,0.070,0.000,0.000,0,,0,,,,484336,369.42,0
473,1113.337,"Mount",-0.010,-0.095,0.033,0.089,0.000,0.000,0,,0,,,,480662,366.69,0
474,1115.747,"Mount",0.016,-0.234,0.117,0.203,0.000,0.203,0,,43,S,,,472477,359.21,0
475,1118.020,"Mount",0.347,-0.331,0.457,0.146,0.288,0.000,70,W,0,,,,485527,366.44,0
476,1120.452,"Mount",0.191,-0.295,0.301,0.182,0.210,0.000,51,W,0,,,,471164,347.43,0
477,1122.691,"Mount",0.079,-0.223,0.169,0.165,0.121,0.000,29,W,0,,,,485056,345.05,0
478,1125.118,"Mount",-0.372,-0.040,-0.316,0.199,-0.191,0.000,46,E,0,,,,469286,377.34,0
479,1127.343,"Mount",0.003,-0.002,0.004,0.000,0.000,0.000,0,,0,,,,480566,352.36,0
480,1129.678,"Mount",-0.113,-0.068,-0.072,0.110,0.000,0.000,0,,0,,,,481240,348.69,0
481,1131.963,"Mount",-0.248,-0.243,-0.116,0.328,0.000,0.328,0,,69,S,,,470967,349.36,0
482,1134.291,"Mount",0.005,0.236,-0.100,-0.214,0.000,0.000,0,,0,,,,475648,351.92,0
483,1136.475,"Mount",-0.073,0.127,-0.121,-0.082,0.000,0.000,0,,0,,,,485937,351.53,0
484,1138.822,"Mount",0.023,0.063,-0.007,-0.067,0.000,0.000,0,,0,,,,484679,354.55,0
485,1141.084,"Mount",0.194,-0.246,0.282,0.136,0.178,0.000,43,W,0,,,,475889,366.63,0
486,1143.499,"Mount",0.246,-0.046,0.242,-0.067,0.165,0.000,40,W,0,,,,472297,359.32,0
487,1145.763,"Mount",0.378,-0.142,0.402,-0.038,0.265,0.000,64,W,0,,,,478749,336.00,0
488,1148.099,"Mount",-0.003,0.107,-0.050,-0.095,0.000,0.000,0,,0,,,,472794,346.31,0
489,1150.363,"Mount",0.417,-0.086,0.412,-0.106,0.260,0.000,63,W,0,,,,479723,357.25,0
490,1152.709,"Mount",0.035,0.317,-0.108,-0.300,0.000,0.000,0,,0,,,,491300,364.17,0
491,1154.916,"Mount",-0.003,-0.084,0.034,0.076,0.000,0.000,0,,0,,,,464431,346.72,0
492,1157.278,"Mount",0.139,0.017,0.118,-0.076,0.000,0.000,0,,0,,,,468093,379.98,0
493,1159.443,"Mount",0.139,0.027,0.113,-0.085,0.000,0.000,0,,0,,,,465275,354.33,0
494,1161.939,"Mount",0.097,-0.286,0.213,0.214,0.134,0.214,32,W,45,S,,,449077,326.20,0
495,1164.179,"Mount",0.207,-0.236,0.290,0.121,0.192,0.000,46,W,0,,,,465798,370.51,0
496,1166.535,"Mount",-0.103,0.002,-0.093,0.043,0.000,0.000,0,,0,,,,485113,331.25,0
497,1168.787,"Mount",0.286,-0.123,0.311,-0.015,0.196,0.000,47,W,0,,,,475257,364.13,0
498,1171.251,"Mount",0.423,-0.086,0.418,-0.108,0.277,0.000,67,W,0,,,,472460,333.27,0
499,1173.431,"Mount",-0.075,-0.098,-0.024,0.121,0.000,0.000,0,,0,,,,477828,357.29,0
500,1175.836,"Mount",0.346,-0.085,0.348,-0.075,0.219,0.000,53,W,0,,,,478899,370.49,0
501,1178.083,"Mount",0.344,-0.110,0.358,-0.052,0.241,0.000,58,W,0,,,,463514,342.55,0
502,1180.429,"Mount",-0.077,-0.037,-0.053,0.067,0.000,0.000,0,,0,,,,493801,354.65,0
503,1182.595,"Mount",-0.083,-0.130,-0.017,0.153,0.000,0.000,0,,0,,,,478864,355.56,0
504,1184.923,"Mount",-0.042,-0.098,0.005,0.106,0.000,0.000,0,,0,,,,486818,371.73,0
505,1187.171,"Mount",-0.105,-0.198,-0.007,0.224,0.000,0.224,0,,47,S,,,492313,357.02,0
506,1189.579,"Mount",0.192,-0.064,0.200,-0.026,0.126,0.000,30,W,0,,,,465959,357.85,0
507,1191.761,"Mount",0.087,0.207,-0.012,-0.224,0.000,0.000,0,,0,,,,479940,340.18,0
508,1194.155,"Mount",-0.080,0.219,-0.168,-0.162,-0.106,0.000,26,E,0,,,,493114,366.43,0
509,1196.435,"Mount",-0.207,0.292,-0.314,-0.171,-0.205,0.000,50,E,0,,,,501665,321.65,0
510,1198.843,"Mount",-0.136,0.124,-0.176,-0.052,-0.125,0.000,30,E,0,,,,491587,364.81,0
511,1201.027,"Mount",0.137,0.113,0.074,-0.162,0.000,0.000,0,,0,,,,477122,373.33,0
512,1203.350,"Mount",0.057,0.000,0.051,-0.025,0.000,0.000,0,,0,,,,466094,331.71,0
513,1205.522,"Mount",0.013,0.086,-0.026,-0.083,0.000,0.000,0,,0,,,,457215,300.95,0
514,1207.923,"Mount",0.175,-0.168,0.232,0.074,0.146,0.000,35,W,0,,,,470483,348.44,0
515,1210.171,"Mount",0.253,-0.011,0.232,-0.101,0.156,0.000,38,W,0,,,,475078,387.25,0
516,1212.507,"Mount",-0.048,0.197,-0.130,-0.156,0.000,0.000,0,,0,,,,487013,356.18,0
517,1214.671,"Mount",0.051,0.133,-0.013,-0.141,0.000,0.000,0,,0,,,,490975,369.49,0
518,1217.075,"Mount",-0.142,0.119,-0.180,-0.044,-0.113,0.000,27,E,0,,,,484011,351.84,0
519,1219.249,"Mount",-0.031,0.179,-0.106,-0.148,0.000,0.000,0,,0,,,,497224,337.67,0
520,1221.660,"Mount",-0.134,0.299,-0.252,-0.210,-0.158,0.000,38,E,0,,,,490713,353.33,0
521,1223.939,"Mount",-0.357,0.226,-0.420,-0.046,-0.276,0.000,67,E,0,,,,487586,343.19,0
522,1226.371,"Mount",-0.007,0.360,-0.164,-0.320,-0.123,0.000,30,E,0,,,,476335,349.10,0
523,1228.620,"Mount",-0.194,0.121,-0.227,-0.024,-0.152,0.000,37,E,0,,,,491473,341.16,0
524,1231.075,"Mount",-0.430,0.095,-0.428,0.103,-0.280,0.000,68,E,0,,,,487671,360.15,0
525,1233.272,"Mount",0.052,0.011,0.042,-0.033,0.000,0.000,0,,0,,,,488434,362.52,0
526,1235.651,"Mount",-0.137,0.167,-0.196,-0.090,-0.124,0.000,30,E,0,,,,481559,368.62,0
527,1237.825,"Mount",-0.020,0.189,-0.101,-0.161,0.000,0.000,0,,0,,,,499244,377.55,0
528,1240.160,"Mount",0.057,0.065,0.022,-0.084,0.000,0.000,0,,0,,,,492111,375.96,0
529,1242.387,"Mount",-0.234,-0.001,-0.209,0.103,-0.132,0.000,32,E,0,,,,479548,380.70,0
530,1244.731,"Mount",-0.066,0.018,-0.067,0.013,0.000,0.000,0,,0,,,,480368,354.00,0
531,1246.910,"Mount",0.174,0.306,0.022,-0.351,0.000,0.000,0,,0,,,,487376,360.29,0
532,1249.260,"Mount",0.146,0.260,0.017,-0.298,0.000,0.000,0,,0,,,,495008,357.73,0
533,1253.107,"Mount",-0.106,0.326,-0.238,-0.247,-0.150,-0.247,36,E,1576,N,,,491331,390.70,0
534,1257.277,"Mount",-1.066,-0.171,-0.883,0.622,-0.567,0.622,137,E,1626,S,,,470186,348.97,0
535,1259.618,"Mount",0.162,0.152,0.079,-0.208,0.000,0.000,0,,0,,,,465267,379.20,0
536,1261.784,"Mount",0.011,0.142,-0.053,-0.132,0.000,0.000,0,,0,,,,476854,360.40,0
537,1264.219,"Mount",-0.090,0.199,-0.168,-0.139,-0.106,0.000,26,E,0,,,,489491,370.17,0
538,1266.427,"Mount",0.203,0.112,0.133,-0.190,0.077,0.000,19,W,0,,,,500702,351.32,0
539,1268.767,"Mount",0.090,-0.031,0.094,-0.012,0.000,0.000,0,,0,,,,479544,381.68,0
540,1271.036,"Mount",0.297,0.005,0.264,-0.135,0.166,0.000,40,W,0,,,,473737,321.28,0
541,1273.386,"Mount",0.031,-0.155,0.096,0.126,0.000,0.000,0,,0,,,,485507,344.94,0
542,1275.548,"Mount",-0.011,0.047,-0.031,-0.038,0.000,0.000,0,,0,,,,490556,352.37,0
543,1277.963,"Mount",-0.090,0.207,-0.172,-0.147,-0.108,0.000,26,E,0,,,,491739,371.16,0
544,1280.151,"Mount",0.017,0.114,-0.035,-0.110,0.000,0.000,0,,0,,,,481938,338.63,0
545,1282.507,"Mount",-0.108,-0.113,-0.047,0.149,0.000,0.000,0,,0,,,,493294,362.17,0
546,1284.693,"Mount",0.116,0.392,-0.068,-0.403,0.000,0.000,0,,0,,,,496165,344.56,0
547,1287.069,"Mount",-0.012,0.252,-0.122,-0.221,0.000,0.000,0,,0,,,,488342,334.28,0
INFO: SET LOCK POSITION, new lock pos = 670.763, 880.267
INFO: DITHER by 3.228, 2.466, new lock pos = 672.582, 876.635
INFO: SETTLING STATE CHANGE, Settling started
548,1292.377,"Mount",-1.819,3.633,-3.228,-2.466,-3.228,-2.466,780,E,1987,N,,,489977,369.50,0
549,1295.219,"Mount",0.642,1.814,-0.219,-1.911,-0.138,-1.911,33,E,401,N,,,463721,340.86,0
550,1297.651,"Mount",0.489,1.005,-0.001,-1.117,0.000,-1.117,0,,235,N,,,484325,340.57,0
551,1300.115,"Mount",0.275,0.385,0.078,-0.467,0.000,-0.467,0,,98,N,,,477889,347.25,0
552,1302.451,"Mount",-0.322,0.386,-0.459,-0.206,-0.289,-0.206,70,E,43,N,,,483817,338.70,0
553,1304.859,"Mount",0.252,0.052,0.204,-0.158,0.108,0.000,26,W,0,,,,489849,366.92,0
554,1307.091,"Mount",-0.076,0.170,-0.143,-0.119,-0.083,0.000,20,E,0,,,,499858,353.66,0
555,1309.499,"Mount",-0.214,0.057,-0.217,0.043,-0.143,0.000,34,E,0,,,,498033,347.76,0
INFO: SETTLING STATE CHANGE, Settling complete
556,1311.771,"Mount",-0.181,0.118,-0.215,-0.027,-0.145,0.000,35,E,0,,,,503652,340.63,0
557,1314.204,"Mount",0.342,-0.177,0.385,0.009,0.232,0.000,56,W,0,,,,472029,359.31,0
558,1316.534,"Mount",-0.090,0.033,-0.096,0.010,0.000,0.000,0,,0,,,,494005,379.06,0
559,1318.871,"Mount",-0.046,0.169,-0.116,-0.132,0.000,0.000,0,,0,,,,486971,362.97,0
560,1321.206,"Mount",-0.590,0.241,-0.636,0.042,-0.401,0.000,97,E,0,,,,481083,355.52,0
561,1323.603,"Mount",-0.098,0.128,-0.144,-0.072,-0.119,0.000,29,E,0,,,,496142,354.53,0
562,1325.955,"Mount",-0.988,0.363,-1.047,0.107,-0.668,0.000,161,E,0,,,,505154,344.00,0
563,1328.411,"Mount",0.489,-0.191,0.523,-0.043,0.282,0.000,68,W,0,,,,492166,359.95,0
564,1330.596,"Mount",0.096,-0.059,0.112,0.010,0.000,0.000,0,,0,,,,491265,375.11,0
565,1332.925,"Mount",-0.084,-0.078,-0.041,0.107,0.000,0.000,0,,0,,,,498778,389.72,0
566,1335.155,"Mount",-0.066,0.170,-0.134,-0.124,-0.085,0.000,20,E,0,,,,497896,387.30,0
567,1337.580,"Mount",0.233,-0.114,0.259,0.000,0.157,0.000,38,W,0,,,,475209,373.35,0
568,1339.759,"Mount",-0.014,0.084,-0.050,-0.069,0.000,0.000,0,,0,,,,496097,355.08,0
569,1342.179,"Mount",-0.021,0.253,-0.130,-0.219,0.000,-0.219,0,,46,N,,,468515,359.25,0
570,1344.435,"Mount",-0.288,0.322,-0.400,-0.162,-0.252,0.000,61,E,0,,,,474590,358.99,0
571,1346.867,"Mount",-0.308,0.166,-0.350,-0.014,-0.238,0.000,57,E,0,,,,473797,352.32,0
572,1349.156,"Mount",-0.559,-0.009,-0.498,0.253,-0.330,0.000,80,E,0,,,,501703,370.09,0
573,1351.495,"Mount",0.007,-0.088,0.045,0.076,0.000,0.000,0,,0,,,,491140,360.84,0
574,1353.652,"Mount",-0.040,-0.082,-0.000,0.092,0.000,0.000,0,,0,,,,475782,367.92,0
575,1356.228,"Mount",1.056,-0.446,1.145,-0.063,0.721,0.000,174,W,0,,,,489179,384.72,0
576,1358.437,"Mount",0.008,-0.085,0.045,0.073,0.000,0.000,0,,0,,,,517693,354.49,0
577,1360.776,"Mount",0.057,-0.004,0.053,-0.021,0.000,0.000,0,,0,,,,497040,345.55,0
578,1362.947,"Mount",-0.073,-0.094,-0.025,0.117,0.000,0.000,0,,0,,,,493550,341.92,0
579,1365.282,"Mount",-0.137,-0.197,-0.037,0.238,0.000,0.000,0,,0,,,,472339,348.86,0
580,1369.116,"Mount",-0.412,-0.067,-0.341,0.241,-0.215,0.241,52,E,1520,S,,,465269,351.12,0
581,1371.455,"Mount",-0.004,0.145,-0.067,-0.129,0.000,0.000,0,,0,,,,478006,342.27,0
582,1373.631,"Mount",0.193,0.306,0.039,-0.359,0.000,0.000,0,,0,,,,467372,375.85,0
583,1376.027,"Mount",-0.027,0.353,-0.179,-0.305,-0.113,0.000,27,E,0,,,,488932,355.41,0
584,1378.251,"Mount",0.231,0.118,0.156,-0.207,0.090,0.000,22,W,0,,,,473749,347.94,0
585,1380.659,"Mount",-0.123,0.216,-0.205,-0.141,-0.123,0.000,30,E,0,,,,477424,362.48,0
586,1382.902,"Mount",-0.025,0.272,-0.142,-0.234,-0.098,0.000,24,E,0,,,,463519,347.08,0
587,1386.919,"Mount",-0.194,0.523,-0.404,-0.384,-0.261,-0.384,63,E,1522,N,,,453940,364.87,0
588,1391.147,"Mount",-1.380,-0.480,-1.029,1.037,-0.666,1.037,161,E,1613,S,,,466406,360.86,0
589,1393.636,"Mount",0.191,0.056,0.147,-0.134,0.046,0.000,11,W,0,,,,508332,383.34,0
590,1396.059,"Mount",0.083,-0.655,0.362,0.552,0.231,0.552,56,W,116,S,,,499136,364.04,0
591,1398.427,"Mount",0.107,0.018,0.088,-0.063,0.000,0.000,0,,0,,,,494838,349.20,0
592,1400.603,"Mount",0.012,-0.055,0.035,0.044,0.000,0.000,0,,0,,,,504489,378.77,0
593,1402.987,"Mount",-0.119,0.080,-0.142,-0.019,-0.089,0.000,22,E,0,,,,483513,340.63,0
594,1405.228,"Mount",0.166,-0.077,0.183,-0.004,0.109,0.000,26,W,0,,,,490482,344.36,0
595,1407.559,"Mount",-0.015,0.241,-0.120,-0.210,0.000,0.000,0,,0,,,,467484,350.58,0
596,1409.811,"Mount",-0.186,0.220,-0.264,-0.116,-0.166,0.000,40,E,0,,,,478249,386.44,0
597,1412.151,"Mount",0.068,0.119,0.009,-0.136,0.000,0.000,0,,0,,,,488192,377.09,0
598,1414.321,"Mount",-0.041,0.103,-0.082,-0.075,0.000,0.000,0,,0,,,,481384,355.51,0
599,1416.652,"Mount",-0.023,-0.046,-0.001,0.051,0.000,0.000,0,,0,,,,498088,372.77,0
600,1419.019,"Mount",0.438,-0.447,0.589,0.209,0.371,0.209,90,W,44,S,,,475105,379.00,0
601,1421.423,"Mount",0.091,-0.073,0.114,0.026,0.000,0.000,0,,0,,,,498091,381.14,0
602,1423.787,"Mount",0.289,-0.425,0.446,0.255,0.281,0.255,68,W,54,S,,,471395,346.96,0
603,1426.181,"Mount",-0.133,0.241,-0.225,-0.158,-0.122,0.000,30,E,0,,,,491046,367.69,0
604,1428.427,"Mount",-0.131,0.210,-0.209,-0.131,-0.141,0.000,34,E,0,,,,484278,355.75,0
605,1430.764,"Mount",-0.189,-0.126,-0.115,0.196,0.000,0.000,0,,0,,,,482408,362.17,0
606,1432.932,"Mount",0.016,-0.000,0.014,-0.007,0.000,0.000,0,,0,,,,501663,382.49,0
607,1435.279,"Mount",0.086,0.072,0.045,-0.102,0.000,0.000,0,,0,,,,480737,358.65,0
608,1437.539,"Mount",-0.001,-0.266,0.115,0.239,0.000,0.239,0,,50,S,,,476095,336.63,0
609,1439.987,"Mount",0.511,-0.127,0.515,-0.110,0.325,0.000,78,W,0,,,,485225,349.15,0
610,1442.267,"Mount",0.425,-0.148,0.447,-0.054,0.304,0.000,74,W,0,,,,472967,369.35,0
611,1444.780,"Mount",0.684,-0.361,0.773,0.025,0.508,0.000,123,W,0,,,,473681,342.85,0
612,1447.028,"Mount",0.133,-0.028,0.132,-0.033,0.119,0.000,29,W,0,,,,489892,347.06,0
613,1449.361,"Mount",0.154,0.141,0.076,-0.194,0.000,0.000,0,,0,,,,479409,351.04,0
614,1451.527,"Mount",-0.100,0.063,-0.117,-0.012,0.000,0.000,0,,0,,,,485539,330.85,0
615,1453.889,"Mount",-0.033,-0.014,-0.023,0.027,0.000,0.000,0,,0,,,,482591,356.89,0
616,1456.116,"Mount",0.155,0.011,0.134,-0.078,0.085,0.000,20,W,0,,,,479702,358.79,0
617,1458.488,"Mount",0.107,0.163,0.024,-0.193,0.000,0.000,0,,0,,,,491684,375.22,0
618,1460.674,"Mount",0.013,0.181,-0.068,-0.168,0.000,0.000,0,,0,,,,487123,396.68,0
619,1463.108,"Mount",0.344,-0.313,0.446,0.130,0.281,0.000,68,W,0,,,,474412,345.01,0
620,1465.347,"Mount",-0.084,-0.207,0.015,0.223,0.000,0.223,0,,47,S,,,491978,337.39,0
621,1467.772,"Mount",0.125,-0.147,0.177,0.078,0.111,0.000,27,W,0,,,,473462,340.61,0
622,1469.953,"Mount",0.027,-0.164,0.096,0.135,0.000,0.000,0,,0,,,,478582,352.81,0
623,1472.324,"Mount",0.139,0.180,0.046,-0.223,0.000,0.000,0,,0,,,,492719,356.42,0
624,1474.580,"Mount",-0.042,0.339,-0.187,-0.287,-0.118,0.000,28,E,0,,,,468971,357.61,0
625,1477.053,"Mount",0.370,-0.170,0.407,-0.010,0.248,0.000,60,W,0,,,,480055,310.22,0
626,1479.230,"Mount",-0.007,0.015,-0.013,-0.010,0.000,0.000,0,,0,,,,487495,365.91,0
627,1481.652,"Mount",0.260,-0.084,0.271,-0.039,0.170,0.000,41,W,0,,,,475620,355.68,0
628,1483.848,"Mount",0.114,0.160,0.033,-0.194,0.000,0.000,0,,0,,,,483650,317.52,0
629,1486.236,"Mount",-0.139,0.080,-0.160,-0.011,-0.101,0.000,24,E,0,,,,482580,344.46,0
630,1488.422,"Mount",0.031,0.047,0.007,-0.055,0.000,0.000,0,,0,,,,483655,366.57,0
631,1490.768,"Mount",-0.106,-0.013,-0.090,0.058,0.000,0.000,0,,0,,,,484760,326.65,0
632,1492.933,"Mount",-0.000,-0.046,0.020,0.041,0.000,0.000,0,,0,,,,494485,377.92,0
633,1495.356,"Mount",-0.343,0.219,-0.404,-0.046,-0.254,0.000,61,E,0,,,,488147,332.59,0
634,1497.700,"Mount",-0.651,0.244,-0.692,0.066,-0.454,0.000,110,E,0,,,,500485,325.54,0
635,1500.108,"Mount",-0.113,-0.204,-0.013,0.233,0.000,0.233,0,,49,S,,,506570,362.75,0
636,1502.306,"Mount",0.099,0.038,0.073,-0.077,0.000,0.000,0,,0,,,,511073,372.32,0
637,1504.740,"Mount",0.363,-0.376,0.491,0.179,0.309,0.000,75,W,0,,,,471073,340.43,0
638,1507.022,"Mount",0.169,-0.097,0.194,0.013,0.144,0.000,35,W,0,,,,472701,350.03,0
639,1509.444,"Mount",0.228,-0.123,0.259,0.010,0.173,0.000,42,W,0,,,,487012,360.83,0
640,1511.691,"Mount",0.268,-0.027,0.252,-0.093,0.171,0.000,41,W,0,,,,477593,327.34,0
641,1514.156,"Mount",-0.355,0.252,-0.430,-0.071,-0.259,0.000,62,E,0,,,,483945,327.91,0
642,1516.388,"Mount",-0.257,0.209,-0.322,-0.075,-0.221,0.000,53,E,0,,,,478475,338.36,0
643,1518.735,"Mount",-0.020,0.061,-0.045,-0.046,0.000,0.000,0,,0,,,,503324,391.15,0
644,1520.910,"Mount",-0.069,-0.041,-0.044,0.067,0.000,0.000,0,,0,,,,475299,350.92,0
645,1523.340,"Mount",-0.285,-0.059,-0.230,0.179,-0.145,0.000,35,E,0,,,,478981,359.08,0
646,1525.612,"Mount",-0.414,0.208,-0.463,-0.005,-0.302,0.000,73,E,0,,,,498554,357.42,0
647,1528.011,"Mount",-0.091,0.025,-0.093,0.017,0.000,0.000,0,,0,,,,489372,371.47,0
648,1530.260,"Mount",-0.265,0.023,-0.248,0.095,-0.156,0.000,38,E,0,,,,494708,368.94,0
649,1532.660,"Mount",-0.105,0.134,-0.153,-0.074,-0.107,0.000,26,E,0,,,,486794,351.93,0
650,1534.932,"Mount",-0.291,0.266,-0.378,-0.111,-0.246,0.000,59,E,0,,,,466186,359.90,0
651,1537.356,"Mount",-0.223,0.055,-0.225,0.049,-0.159,0.000,38,E,0,,,,487889,340.89,0
652,1539.604,"Mount",-0.253,0.009,-0.231,0.103,-0.157,0.000,38,E,0,,,,461371,323.20,0
653,1541.933,"Mount",0.029,0.032,0.012,-0.042,0.000,0.000,0,,0,,,,492124,346.04,0
654,1544.166,"Mount",-0.201,-0.044,-0.161,0.128,-0.102,0.000,25,E,0,,,,490973,405.77,0
655,1546.512,"Mount",0.083,-0.003,0.076,-0.034,0.000,0.000,0,,0,,,,477762,377.25,0
656,1548.861,"Mount",-0.155,0.173,-0.215,-0.087,-0.136,0.000,33,E,0,,,,484327,341.62,0
657,1551.268,"Mount",-0.156,0.191,-0.224,-0.103,-0.150,0.000,36,E,0,,,,501270,369.64,0
658,1553.548,"Mount",-0.365,0.017,-0.336,0.144,-0.222,0.000,54,E,0,,,,480667,370.15,0
659,1555.964,"Mount",-0.243,0.006,-0.221,0.101,-0.155,0.000,37,E,0,,,,483989,355.95,0
660,1558.228,"Mount",-0.379,0.151,-0.407,0.030,-0.267,0.000,65,E,0,,,,468685,327.12,0
661,1560.692,"Mount",-0.423,0.232,-0.481,-0.023,-0.322,0.000,78,E,0,,,,489837,353.74,0
662,1562.948,"Mount",-0.258,0.135,-0.292,-0.008,-0.206,0.000,50,E,0,,,,496015,370.83,0
663,1565.314,"Mount",-0.008,-0.028,0.005,0.029,0.000,0.000,0,,0,,,,477771,334.17,0
664,1567.482,"Mount",0.036,-0.038,0.049,0.019,0.000,0.000,0,,0,,,,484325,360.93,0
665,1569.908,"Mount",0.301,-0.127,0.326,-0.018,0.206,0.000,50,W,0,,,,477610,356.03,0
666,1572.148,"Mount",0.252,-0.060,0.252,-0.057,0.173,0.000,42,W,0,,,,481765,367.28,0
667,1574.556,"Mount",-0.201,0.114,-0.230,-0.015,-0.133,0.000,32,E,0,,,,478447,384.27,0
668,1576.796,"Mount",-0.262,-0.085,-0.198,0.191,-0.134,0.000,32,E,0,,,,487429,357.26,0
669,1579.143,"Mount",-0.109,-0.034,-0.083,0.078,0.000,0.000,0,,0,,,,493786,351.93,0
670,1581.380,"Mount",-0.184,0.071,-0.196,0.017,-0.124,0.000,30,E,0,,,,476522,347.56,0
671,1583.828,"Mount",-0.307,0.283,-0.400,-0.119,-0.260,0.000,63,E,0,,,,478690,354.48,0
672,1586.076,"Mount",-0.229,-0.019,-0.198,0.118,-0.143,0.000,34,E,0,,,,489641,371.79,0
673,1588.500,"Mount",0.250,-0.230,0.326,0.097,0.195,0.000,47,W,0,,,,464861,332.76,0
674,1590.899,"Mount",0.317,-0.475,0.493,0.288,0.324,0.288,78,W,60,S,,,474783,359.49,0
675,1593.444,"Mount",0.413,-0.478,0.581,0.248,0.389,0.248,94,W,52,S,,,493630,353.56,0
676,1595.748,"Mount",0.540,-0.423,0.671,0.143,0.450,0.000,109,W,0,,,,478125,350.84,0
677,1598.086,"Mount",-0.054,-0.036,-0.032,0.056,0.000,0.000,0,,0,,,,477332,374.60,0
678,1600.295,"Mount",-0.095,-0.065,-0.057,0.100,0.000,0.000,0,,0,,,,493340,370.09,0
679,1602.625,"Mount",-0.077,0.041,-0.087,-0.003,0.000,0.000,0,,0,,,,494371,349.29,0
680,1604.964,"Mount",0.208,-0.357,0.343,0.230,0.216,0.230,52,W,48,S,,,495350,365.20,0
681,1607.329,"Mount",0.046,-0.015,0.048,-0.007,0.000,0.000,0,,0,,,,476380,364.07,0
682,1609.572,"Mount",0.143,-0.188,0.211,0.106,0.133,0.000,32,W,0,,,,473585,329.93,0
683,1611.908,"Mount",-0.019,-0.090,0.022,0.090,0.000,0.000,0,,0,,,,500059,354.82,0
684,1614.069,"Mount",-0.032,-0.022,-0.019,0.034,0.000,0.000,0,,0,,,,498689,353.46,0
685,1616.439,"Mount",-0.018,-0.101,0.028,0.099,0.000,0.000,0,,0,,,,503787,338.51,0
686,1618.623,"Mount",-0.023,-0.141,0.041,0.137,0.000,0.000,0,,0,,,,485976,349.10,0
687,1621.126,"Mount",-0.305,0.084,-0.311,0.059,-0.196,0.000,47,E,0,,,,490061,365.02,0
688,1623.372,"Mount",-0.219,0.127,-0.252,-0.018,-0.173,0.000,42,E,0,,,,488351,349.98,0
689,1625.859,"Mount",0.105,-0.281,0.218,0.206,0.125,0.206,30,W,43,S,,,495042,375.18,0
690,1628.092,"Mount",0.112,-0.080,0.135,0.023,0.094,0.000,23,W,0,,,,501118,358.20,0
691,1630.445,"Mount",-0.117,-0.160,-0.035,0.195,0.000,0.000,0,,0,,,,461602,351.61,0
692,1632.699,"Mount",-0.062,-0.245,0.052,0.247,0.000,0.247,0,,52,S,,,486693,357.21,0
693,1635.204,"Mount",0.152,-0.338,0.284,0.237,0.179,0.237,43,W,50,S,,,481086,351.58,0
694,1637.484,"Mount",-0.078,-0.202,0.019,0.216,0.000,0.216,0,,45,S,,,493637,343.01,0
695,1639.830,"Mount",0.104,0.066,0.064,-0.105,0.000,0.000,0,,0,,,,488643,368.45,0
696,1642.092,"Mount",-0.259,0.274,-0.353,-0.132,-0.223,0.000,54,E,0,,,,468229,367.46,0
697,1644.532,"Mount",-0.308,0.147,-0.342,0.003,-0.231,0.000,56,E,0,,,,494217,356.13,0
698,1646.780,"Mount",-0.200,0.021,-0.189,0.069,-0.135,0.000,33,E,0,,,,483213,346.34,0
699,1649.115,"Mount",0.008,-0.145,0.071,0.127,0.000,0.000,0,,0,,,,473201,353.02,0
700,1651.284,"Mount",-0.118,0.030,-0.119,0.024,0.000,0.000,0,,0,,,,478701,338.17,0
701,1653.931,"Mount",0.543,-0.688,0.789,0.380,0.497,0.380,120,W,80,S,,,496386,336.17,0
702,1656.156,"Mount",0.141,-0.213,0.220,0.129,0.174,0.000,42,W,0,,,,480557,370.36,0
703,1658.564,"Mount",0.172,-0.007,0.158,-0.069,0.111,0.000,27,W,0,,,,498879,355.73,0
704,1660.739,"Mount",-0.006,0.091,-0.046,-0.079,0.000,0.000,0,,0,,,,508558,343.69,0
705,1663.072,"Mount",0.124,-0.021,0.121,-0.035,0.000,0.000,0,,0,,,,470438,328.79,0
706,1665.224,"Mount",0.021,-0.032,0.033,0.020,0.000,0.000,0,,0,,,,518875,400.46,0
707,1667.567,"Mount",0.090,0.012,0.076,-0.050,0.000,0.000,0,,0,,,,489044,340.19,0
708,1669.828,"Mount",-0.320,0.129,-0.344,0.025,-0.217,0.000,52,E,0,,,,488897,340.13,0
709,1672.163,"Mount",-0.062,-0.112,-0.007,0.128,0.000,0.000,0,,0,,,,491051,335.70,0
710,1674.380,"Mount",0.153,-0.024,0.148,-0.046,0.093,0.000,23,W,0,,,,518712,373.23,0
711,1676.788,"Mount",0.284,0.106,0.208,-0.219,0.138,0.000,33,W,0,,,,491968,377.17,0
712,1679.020,"Mount",0.141,-0.094,0.168,0.023,0.115,0.000,28,W,0,,,,486124,361.02,0
713,1681.420,"Mount",-0.148,0.097,-0.176,-0.022,-0.103,0.000,25,E,0,,,,477033,335.92,0
714,1683.610,"Mount",0.133,0.070,0.089,-0.122,0.000,0.000,0,,0,,,,501076,346.86,0
715,1685.949,"Mount",-0.015,0.127,-0.069,-0.107,0.000,0.000,0,,0,,,,488264,387.59,0
716,1688.131,"Mount",0.012,-0.066,0.040,0.054,0.000,0.000,0,,0,,,,492689,378.50,0
717,1690.548,"Mount",0.124,-0.146,0.176,0.076,0.111,0.000,27,W,0,,,,471247,367.24,0
718,1692.772,"Mount",0.072,-0.152,0.132,0.105,0.091,0.000,22,W,0,,,,492293,388.21,0
719,1695.110,"Mount",0.012,0.108,-0.036,-0.102,0.000,0.000,0,,0,,,,492962,350.69,0
720,1697.356,"Mount",-0.137,0.033,-0.137,0.031,-0.087,0.000,21,E,0,,,,487226,356.77,0
721,1699.900,"Mount",0.395,-0.468,0.561,0.247,0.347,0.247,84,W,52,S,,,472245,331.35,0
722,1702.116,"Mount",0.067,-0.196,0.146,0.146,0.117,0.000,28,W,0,,,,485820,356.77,0
723,1704.456,"Mount",0.117,-0.034,0.120,-0.020,0.000,0.000,0,,0,,,,487664,360.76,0
724,1706.630,"Mount",0.073,0.206,-0.025,-0.217,0.000,0.000,0,,0,,,,472705,352.89,0
725,1708.950,"Mount",0.044,-0.060,0.066,0.035,0.000,0.000,0,,0,,,,477683,316.54,0
726,1711.145,"Mount",0.034,-0.084,0.067,0.060,0.000,0.000,0,,0,,,,497007,360.85,0
727,1713.532,"Mount",0.259,0.177,0.155,-0.273,0.098,0.000,24,W,0,,,,484038,366.02,0
728,1715.788,"Mount",0.366,-0.056,0.354,-0.110,0.230,0.000,55,W,0,,,,491233,360.38,0
729,1718.121,"Mount",-0.145,-0.112,-0.081,0.164,0.000,0.000,0,,0,,,,483387,341.42,0
730,1720.364,"Mount",0.184,-0.210,0.257,0.108,0.162,0.000,39,W,0,,,,466160,360.25,0
731,1722.764,"Mount",-0.247,0.058,-0.247,0.056,-0.145,0.000,35,E,0,,,,478351,358.94,0
732,1724.940,"Mount",-0.066,0.082,-0.095,-0.045,0.000,0.000,0,,0,,,,478728,362.39,0
733,1727.372,"Mount",-0.145,0.061,-0.157,0.009,-0.099,0.000,24,E,0,,,,478392,360.99,0
734,1729.604,"Mount",-0.144,0.030,-0.143,0.037,-0.097,0.000,23,E,0,,,,488196,390.94,0
735,1731.940,"Mount",0.044,-0.108,0.087,0.078,0.000,0.000,0,,0,,,,476998,369.73,0
736,1734.102,"Mount",-0.025,-0.117,0.029,0.116,0.000,0.000,0,,0,,,,487127,352.58,0
737,1736.540,"Mount",0.354,-0.107,0.365,-0.060,0.230,0.000,56,W,0,,,,478760,374.07,0
738,1738.923,"Mount",0.247,-0.500,0.442,0.341,0.294,0.341,71,W,72,S,,,483797,357.23,0
739,1741.388,"Mount",0.566,-0.279,0.631,0.003,0.418,0.000,101,W,0,,,,458511,308.78,0
740,1743.685,"Mount",0.413,-0.137,0.431,-0.058,0.301,0.000,73,W,0,,,,470818,354.94,0
741,1746.025,"Mount",-0.017,-0.107,0.032,0.104,0.000,0.000,0,,0,,,,491441,360.84,0
742,1748.187,"Mount",0.016,-0.049,0.036,0.037,0.000,0.000,0,,0,,,,485525,354.48,0
743,1750.598,"Mount",-0.032,0.000,-0.029,0.014,0.000,0.000,0,,0,,,,493146,359.79,0
744,1752.844,"Mount",0.236,-0.160,0.282,0.040,0.178,0.000,43,W,0,,,,473551,326.19,0
745,1755.173,"Mount",0.099,-0.075,0.122,0.024,0.000,0.000,0,,0,,,,475524,363.23,0
746,1757.374,"Mount",0.047,-0.116,0.093,0.084,0.000,0.000,0,,0,,,,504532,343.93,0
747,1759.706,"Mount",0.040,-0.095,0.077,0.068,0.000,0.000,0,,0,,,,496214,348.29,0
748,1761.996,"Mount",0.539,-0.381,0.652,0.106,0.411,0.000,99,W,0,,,,456504,330.87,0
749,1764.398,"Mount",0.104,-0.181,0.173,0.117,0.137,0.000,33,W,0,,,,491155,346.69,0
750,1766.586,"Mount",0.061,-0.006,0.058,-0.021,0.000,0.000,0,,0,,,,482032,357.14,0
751,1768.989,"Mount",-0.203,0.123,-0.237,-0.022,-0.149,0.000,36,E,0,,,,503480,362.77,0
752,1771.171,"Mount",0.014,0.050,-0.009,-0.051,0.000,0.000,0,,0,,,,494628,380.33,0
753,1773.511,"Mount",0.037,-0.167,0.107,0.134,0.000,0.000,0,,0,,,,484799,347.24,0
754,1775.748,"Mount",0.304,-0.122,0.326,-0.024,0.206,0.000,50,W,0,,,,462363,332.95,0
755,1778.088,"Mount",-0.063,-0.052,-0.034,0.074,0.000,0.000,0,,0,,,,487027,358.39,0
756,1780.332,"Mount",0.229,-0.161,0.277,0.044,0.174,0.000,42,W,0,,,,476749,343.48,0
757,1782.677,"Mount",-0.051,-0.048,-0.025,0.066,0.000,0.000,0,,0,,,,482366,366.50,0
758,1784.900,"Mount",-0.134,0.112,-0.170,-0.042,-0.107,0.000,26,E,0,,,,490599,334.49,0
759,1787.316,"Mount",-0.144,0.062,-0.157,0.008,-0.106,0.000,26,E,0,,,,497133,342.03,0
760,1789.564,"Mount",-0.278,-0.018,-0.242,0.138,-0.160,0.000,39,E,0,,,,482114,339.02,0
761,1792.020,"Mount",-0.471,0.214,-0.517,0.014,-0.337,0.000,81,E,0,,,,480865,366.93,0
762,1794.244,"Mount",-0.110,0.144,-0.162,-0.081,-0.125,0.000,30,E,0,,,,490363,395.42,0
763,1796.684,"Mount",-0.348,0.186,-0.395,-0.015,-0.258,0.000,62,E,0,,,,483259,348.25,0
764,1798.916,"Mount",-0.102,0.100,-0.136,-0.045,-0.103,0.000,25,E,0,,,,495556,357.16,0
765,1801.258,"Mount",0.025,-0.064,0.050,0.046,0.000,0.000,0,,0,,,,498919,395.26,0
766,1803.573,"Mount",0.036,-0.253,0.144,0.211,0.090,0.211,22,W,44,S,,,482905,366.25,0
767,1805.921,"Mount",-0.018,-0.033,-0.002,0.038,0.000,0.000,0,,0,,,,477878,333.08,0
768,1808.172,"Mount",0.339,0.030,0.292,-0.175,0.184,0.000,44,W,0,,,,496922,357.12,0
769,1810.580,"Mount",0.111,-0.152,0.167,0.087,0.118,0.000,28,W,0,,,,474920,346.78,0
770,1812.747,"Mount",0.079,0.067,0.041,-0.095,0.000,0.000,0,,0,,,,501657,351.79,0
771,1815.070,"Mount",0.031,0.107,-0.019,-0.110,0.000,0.000,0,,0,,,,484799,340.17,0
772,1817.332,"Mount",-0.088,0.163,-0.151,-0.108,-0.095,0.000,23,E,0,,,,475012,305.10,0
773,1819.756,"Mount",-0.234,0.113,-0.260,0.001,-0.170,0.000,41,E,0,,,,469692,347.22,0
774,1821.918,"Mount",-0.056,-0.020,-0.041,0.042,0.000,0.000,0,,0,,,,477255,345.17,0
775,1824.332,"Mount",-0.342,0.112,-0.357,0.050,-0.225,0.000,54,E,0,,,,477976,363.53,0
776,1826.511,"Mount",0.114,0.055,0.079,-0.099,0.000,0.000,0,,0,,,,488129,351.91,0
777,1828.900,"Mount",-0.238,0.007,-0.217,0.098,-0.137,0.000,33,E,0,,,,473698,328.17,0
778,1831.148,"Mount",-0.129,0.068,-0.146,-0.004,-0.102,0.000,25,E,0,,,,490365,366.36,0
779,1833.572,"Mount",-0.319,0.083,-0.323,0.065,-0.211,0.000,51,E,0,,,,472735,329.68,0
780,1835.740,"Mount",-0.067,0.080,-0.096,-0.042,0.000,0.000,0,,0,,,,502682,371.21,0
781,1838.141,"Mount",-0.185,0.104,-0.212,-0.012,-0.134,0.000,32,E,0,,,,482598,344.24,0
782,1840.323,"Mount",0.069,-0.101,0.106,0.061,0.000,0.000,0,,0,,,,497964,380.44,0
783,1842.657,"Mount",-0.029,-0.095,0.016,0.098,0.000,0.000,0,,0,,,,494312,377.41,0
784,1844.827,"Mount",0.001,-0.115,0.051,0.103,0.000,0.000,0,,0,,,,512621,383.89,0
785,1847.220,"Mount",-0.176,0.064,-0.186,0.020,-0.117,0.000,28,E,0,,,,498153,364.93,0
786,1849.408,"Mount",0.077,0.009,0.065,-0.042,0.000,0.000,0,,0,,,,502447,354.36,0
787,1851.743,"Mount",-0.100,-0.128,-0.034,0.159,0.000,0.000,0,,0,,,,482591,347.24,0
788,1854.028,"Mount",-0.023,-0.241,0.085,0.227,0.000,0.227,0,,48,S,,,483654,372.13,0
789,1856.468,"Mount",-0.264,0.077,-0.271,0.046,-0.171,0.000,41,E,0,,,,493645,355.85,0
790,1858.724,"Mount",-0.214,0.008,-0.196,0.087,-0.135,0.000,33,E,0,,,,477897,331.10,0
791,1861.196,"Mount",-0.438,0.106,-0.441,0.097,-0.287,0.000,69,E,0,,,,464935,314.56,0
792,1863.371,"Mount",0.041,-0.023,0.047,0.003,0.000,0.000,0,,0,,,,497084,363.15,0
793,1865.764,"Mount",0.150,-0.155,0.203,0.073,0.128,0.000,31,W,0,,,,512189,356.76,0
794,1868.004,"Mount",0.198,-0.235,0.281,0.125,0.186,0.000,45,W,0,,,,468286,362.55,0
795,1870.338,"Mount",-0.064,-0.040,-0.040,0.064,0.000,0.000,0,,0,,,,510574,357.51,0
796,1872.572,"Mount",-0.060,-0.218,0.042,0.222,0.000,0.222,0,,47,S,,,503096,381.76,0
797,1874.981,"Mount",-0.284,0.018,-0.263,0.108,-0.166,0.000,40,E,0,,,,494169,385.98,0
798,1877.167,"Mount",-0.136,-0.059,-0.096,0.112,0.000,0.000,0,,0,,,,484936,336.45,0
799,1879.724,"Mount",-0.308,-0.157,-0.208,0.276,-0.131,0.276,32,E,58,S,,,477218,384.75,0
800,1881.908,"Mount",-0.051,-0.053,-0.023,0.070,0.000,0.000,0,,0,,,,482863,372.97,0
801,1884.300,"Mount",-0.139,0.245,-0.233,-0.159,-0.147,0.000,35,E,0,,,,461219,322.19,0
802,1886.490,"Mount",0.052,0.096,0.005,-0.109,0.000,0.000,0,,0,,,,492373,358.90,0
803,1888.831,"Mount",-0.055,0.086,-0.087,-0.054,0.000,0.000,0,,0,,,,527160,381.50,0
804,1891.019,"Mount",0.072,-0.015,0.071,-0.018,0.000,0.000,0,,0,,,,486586,333.00,0
805,1893.452,"Mount",0.377,-0.263,0.454,0.071,0.286,0.000,69,W,0,,,,441969,323.03,0
806,1895.620,"Mount",0.094,-0.080,0.120,0.030,0.000,0.000,0,,0,,,,486757,340.58,0
807,1898.020,"Mount",0.236,-0.007,0.216,-0.097,0.136,0.000,33,W,0,,,,482480,324.22,0
808,1900.250,"Mount",0.193,0.129,0.116,-0.200,0.000,0.000,0,,0,,,,495746,352.16,0
809,1902.628,"Mount",0.121,-0.068,0.139,0.008,0.087,0.000,21,W,0,,,,488845,386.29,0
810,1904.787,"Mount",0.130,0.163,0.045,-0.203,0.000,0.000,0,,0,,,,494927,353.55,0
811,1907.153,"Mount",0.024,-0.099,0.065,0.079,0.000,0.000,0,,0,,,,463695,344.47,0
812,1910.901,"Mount",0.324,0.081,0.256,-0.215,0.161,-0.215,39,W,1440,N,,,489131,324.98,0
813,1913.306,"Mount",-0.175,-0.203,-0.068,0.259,0.000,0.000,0,,0,,,,477046,373.45,0
814,1915.556,"Mount",-0.255,-0.000,-0.229,0.112,-0.144,0.000,35,E,0,,,,483619,363.25,0
815,1918.012,"Mount",-0.526,-0.181,-0.393,0.394,-0.258,0.000,62,E,0,,,,487756,345.21,0
INFO: SET LOCK POSITION, new lock pos = 672.582, 876.635
INFO: DITHER by -3.259, 3.589, new lock pos = 668.079, 874.839
INFO: SETTLING STATE CHANGE, Settling started
816,1922.044,"Mount",4.504,1.795,3.259,-3.589,3.259,-3.589,787,W,754,N,,,489022,383.91,0
817,1925.028,"Mount",0.375,2.341,-0.690,-2.268,-0.435,-2.268,105,E,476,N,,,490859,357.23,0
818,1927.668,"Mount",0.337,1.562,-0.382,-1.551,-0.271,-1.551,66,E,326,N,,,504307,376.19,0
819,1930.076,"Mount",0.044,-0.533,0.273,0.459,0.153,0.000,37,W,0,,,,483857,367.76,0
820,1932.324,"Mount",-0.485,-0.340,-0.286,0.518,-0.170,0.000,41,E,0,,,,483771,366.50,0
821,1936.196,"Mount",-0.278,-0.756,0.082,0.802,0.000,0.802,0,,1496,S,,,484067,367.05,0
822,1938.580,"Mount",0.125,-0.552,0.354,0.441,0.223,0.441,54,W,93,S,,,445003,345.65,0
823,1941.013,"Mount",0.140,-0.187,0.208,0.107,0.146,0.000,35,W,0,,,,486491,360.50,0
INFO: SETTLING STATE CHANGE, Settling complete
824,1943.292,"Mount",-0.177,-0.381,0.008,0.420,0.000,0.420,0,,88,S,,,472077,349.02,0
825,1945.837,"Mount",-0.561,-0.168,-0.430,0.397,-0.271,0.397,65,E,83,S,,,489753,357.91,0
826,1948.156,"Mount",-0.138,-0.170,-0.050,0.213,0.000,0.213,0,,45,S,,,492848,329.49,0
827,1950.511,"Mount",-0.020,0.153,-0.085,-0.128,0.000,0.000,0,,0,,,,469475,343.30,0
828,1952.732,"Mount",0.143,-0.163,0.200,0.084,0.126,0.000,30,W,0,,,,481819,367.33,0
829,1955.132,"Mount",0.134,-0.120,0.173,0.049,0.118,0.000,28,W,0,,,,494472,362.85,0
830,1957.388,"Mount",0.171,-0.207,0.244,0.111,0.162,0.000,39,W,0,,,,490682,380.11,0
831,1959.743,"Mount",0.086,-0.081,0.112,0.035,0.000,0.000,0,,0,,,,473422,313.34,0
832,1962.068,"Mount",0.152,-0.333,0.283,0.232,0.178,0.232,43,W,49,S,,,511941,342.92,0
833,1964.525,"Mount",0.220,0.003,0.196,-0.099,0.136,0.000,33,W,0,,,,488550,328.48,0
834,1966.772,"Mount",-0.147,0.205,-0.222,-0.120,-0.131,0.000,32,E,0,,,,487421,344.88,0
835,1969.188,"Mount",-0.267,0.095,-0.282,0.032,-0.187,0.000,45,E,0,,,,506749,390.66,0
836,1971.360,"Mount",-0.000,0.182,-0.080,-0.163,0.000,0.000,0,,0,,,,498750,357.26,0
837,1973.812,"Mount",-0.210,0.331,-0.334,-0.205,-0.211,0.000,51,E,0,,,,491037,367.88,0
838,1976.220,"Mount",-0.714,-0.045,-0.622,0.354,-0.406,0.354,98,E,74,S,,,486043,367.95,0
839,1978.628,"Mount",0.144,-0.074,0.162,0.003,0.074,0.000,18,W,0,,,,488731,368.84,0
840,1980.884,"Mount",0.190,-0.028,0.183,-0.058,0.121,0.000,29,W,0,,,,478084,380.61,0
841,1983.284,"Mount",0.149,-0.104,0.179,0.028,0.122,0.000,29,W,0,,,,501194,372.18,0
842,1985.516,"Mount",0.142,-0.056,0.153,-0.012,0.105,0.000,25,W,0,,,,496549,396.57,0
843,1987.989,"Mount",-0.526,0.461,-0.675,-0.183,-0.418,0.000,101,E,0,,,,483536,342.83,0
844,1990.156,"Mount",-0.115,0.022,-0.113,0.030,0.000,0.000,0,,0,,,,474709,389.17,0
845,1992.556,"Mount",-0.070,0.239,-0.168,-0.184,-0.106,0.000,26,E,0,,,,494009,367.06,0
846,1994.780,"Mount",-0.140,0.063,-0.154,0.005,-0.104,0.000,25,E,0,,,,471315,343.12,0
847,1997.208,"Mount",0.384,-0.007,0.348,-0.162,0.212,0.000,51,W,0,,,,486631,372.72,0
848,1999.390,"Mount",0.002,0.081,-0.034,-0.074,0.000,0.000,0,,0,,,,516997,407.02,0
849,2001.804,"Mount",0.258,-0.035,0.247,-0.081,0.156,0.000,38,W,0,,,,477812,365.20,0
850,2004.076,"Mount",0.151,-0.237,0.239,0.146,0.162,0.000,39,W,0,,,,481825,380.47,0
851,2006.444,"Mount",-0.055,0.154,-0.117,-0.114,0.000,0.000,0,,0,,,,471154,323.11,0
852,2008.692,"Mount",-0.166,0.227,-0.249,-0.131,-0.157,0.000,38,E,0,,,,496430,353.96,0
853,2011.140,"Mount",-0.193,0.205,-0.264,-0.100,-0.177,0.000,43,E,0,,,,467473,339.61,0
854,2013.313,"Mount",0.115,0.027,0.092,-0.075,0.000,0.000,0,,0,,,,481767,338.98,0
855,2015.651,"Mount",0.080,-0.004,0.073,-0.031,0.000,0.000,0,,0,,,,488980,401.88,0
856,2017.823,"Mount",-0.111,-0.071,-0.069,0.113,0.000,0.000,0,,0,,,,510756,372.54,0
857,2020.252,"Mount",0.346,-0.044,0.330,-0.113,0.208,0.000,50,W,0,,,,508857,380.70,0
858,2022.500,"Mount",-0.239,0.178,-0.293,-0.055,-0.170,0.000,41,E,0,,,,467346,361.51,0
859,2024.948,"Mount",-0.339,0.292,-0.433,-0.114,-0.284,0.000,69,E,0,,,,492004,377.31,0
860,2027.252,"Mount",-0.535,0.073,-0.513,0.169,-0.343,0.000,83,E,0,,,,490315,355.69,0
861,2029.660,"Mount",0.162,-0.122,0.199,0.038,0.101,0.000,24,W,0,,,,488618,350.49,0
862,2031.835,"Mount",-0.028,0.129,-0.082,-0.104,0.000,0.000,0,,0,,,,477545,337.68,0
863,2034.260,"Mount",-0.287,0.246,-0.366,-0.095,-0.231,0.000,56,E,0,,,,515244,374.42,0
864,2036.560,"Mount",-0.294,0.245,-0.372,-0.091,-0.251,0.000,61,E,0,,,,485495,353.32,0
865,2039.020,"Mount",0.461,-0.259,0.528,0.031,0.315,0.000,76,W,0,,,,477836,367.84,0
866,2041.388,"Mount",0.364,-0.456,0.528,0.250,0.354,0.250,86,W,52,S,,,493472,370.59,0
867,2043.798,"Mount",0.181,-0.244,0.269,0.140,0.194,0.000,47,W,0,,,,491798,374.09,0
868,2046.036,"Mount",-0.079,0.156,-0.140,-0.105,-0.074,0.000,18,E,0,,,,510281,402.81,0
869,2048.476,"Mount",0.167,-0.050,0.172,-0.028,0.103,0.000,25,W,0,,,,499780,335.75,0
870,2050.670,"Mount",-0.100,0.035,-0.105,0.013,0.000,0.000,0,,0,,,,467557,339.72,0
871,2053.017,"Mount",-0.118,0.000,-0.106,0.052,0.000,0.000,0,,0,,,,492782,373.35,0
872,2055.325,"Mount",-0.223,0.056,-0.225,0.048,-0.141,0.000,34,E,0,,,,481855,374.36,0
873,2057.748,"Mount",0.132,-0.198,0.206,0.120,0.120,0.000,29,W,0,,,,480296,339.77,0
874,2059.919,"Mount",0.027,0.039,0.007,-0.047,0.000,0.000,0,,0,,,,482388,322.98,0
875,2062.324,"Mount",0.239,-0.062,0.242,-0.049,0.152,0.000,37,W,0,,,,488555,368.86,0
876,2064.509,"Mount",0.148,0.026,0.122,-0.088,0.000,0.000,0,,0,,,,472874,370.43,0
877,2066.854,"Mount",-0.049,-0.090,-0.004,0.103,0.000,0.000,0,,0,,,,484353,346.23,0
878,2069.092,"Mount",0.077,-0.175,0.146,0.123,0.092,0.000,22,W,0,,,,485576,368.08,0
879,2071.492,"Mount",-0.166,-0.040,-0.131,0.109,-0.076,0.000,18,E,0,,,,470129,365.51,0
880,2073.780,"Mount",0.193,-0.257,0.286,0.146,0.175,0.000,42,W,0,,,,473656,381.33,0
881,2076.220,"Mount",0.098,-0.167,0.162,0.107,0.114,0.000,28,W,0,,,,488996,349.30,0
882,2078.431,"Mount",-0.053,0.002,-0.048,0.021,0.000,0.000,0,,0,,,,479145,343.02,0
883,2080.916,"Mount",0.054,-0.306,0.183,0.251,0.115,0.251,28,W,53,S,,,458625,366.15,0
884,2083.148,"Mount",0.180,-0.035,0.177,-0.048,0.119,0.000,29,W,0,,,,505150,396.20,0
885,2085.467,"Mount",0.034,-0.019,0.039,0.002,0.000,0.000,0,,0,,,,487488,356.61,0
886,2087.716,"Mount",-0.102,0.178,-0.170,-0.115,-0.107,0.000,26,E,0,,,,503915,380.52,0
887,2090.148,"Mount",-0.416,0.087,-0.412,0.104,-0.267,0.000,65,E,0,,,,498531,330.75,0
888,2092.500,"Mount",-0.385,-0.137,-0.286,0.292,-0.199,0.292,48,E,61,S,,,510173,367.29,0
889,2094.932,"Mount",-0.287,0.209,-0.349,-0.062,-0.234,0.000,57,E,0,,,,469753,351.63,0
890,2097.180,"Mount",-0.157,0.128,-0.197,-0.046,-0.140,0.000,34,E,0,,,,493525,364.79,0
891,2099.526,"Mount",-0.094,0.018,-0.092,0.025,0.000,0.000,0,,0,,,,498875,371.54,0
892,2101.700,"Mount",0.045,0.139,-0.020,-0.145,0.000,0.000,0,,0,,,,496282,378.61,0
893,2104.172,"Mount",0.121,-0.148,0.174,0.080,0.110,0.000,26,W,0,,,,488926,370.63,0
894,2106.404,"Mount",0.209,-0.130,0.245,0.026,0.162,0.000,39,W,0,,,,483481,339.66,0
895,2108.812,"Mount",0.112,-0.113,0.150,0.052,0.106,0.000,26,W,0,,,,489719,359.83,0
896,2111.084,"Mount",-0.293,0.097,-0.306,0.041,-0.186,0.000,45,E,0,,,,502412,372.03,0
897,2113.500,"Mount",-0.286,0.159,-0.327,-0.017,-0.219,0.000,53,E,0,,,,480352,355.51,0
898,2115.740,"Mount",-0.312,0.015,-0.287,0.124,-0.196,0.000,47,E,0,,,,504825,360.41,0
899,2118.148,"Mount",-0.249,0.022,-0.233,0.090,-0.161,0.000,39,E,0,,,,513690,370.64,0
900,2120.420,"Mount",-0.232,-0.097,-0.166,0.189,-0.116,0.000,28,E,0,,,,475121,345.13,0
901,2122.828,"Mount",-0.299,-0.063,-0.241,0.188,-0.160,0.000,39,E,0,,,,492310,365.80,0
902,2125.008,"Mount",-0.036,-0.194,0.052,0.190,0.000,0.000,0,,0,,,,505772,356.09,0
903,2127.397,"Mount",-0.161,0.017,-0.152,0.056,-0.096,0.000,23,E,0,,,,486238,376.66,0
904,2129.628,"Mount",-0.229,-0.104,-0.160,0.194,-0.108,0.000,26,E,0,,,,482051,331.44,0
905,2132.036,"Mount",-0.289,0.070,-0.291,0.064,-0.191,0.000,46,E,0,,,,474073,353.53,0
906,2134.260,"Mount",-0.227,-0.102,-0.159,0.191,-0.113,0.000,27,E,0,,,,512611,377.10,0
907,2136.700,"Mount",-0.134,-0.237,-0.016,0.272,0.000,0.272,0,,57,S,,,494792,348.24,0
908,2138.964,"Mount",-0.032,-0.285,0.097,0.270,0.000,0.270,0,,57,S,,,479287,352.99,0
909,2141.334,"Mount",-0.019,-0.163,0.054,0.155,0.000,0.000,0,,0,,,,505396,371.85,0
910,2143.514,"Mount",-0.057,-0.077,-0.017,0.094,0.000,0.000,0,,0,,,,500359,350.86,0
911,2145.836,"Mount",-0.142,-0.011,-0.123,0.073,0.000,0.000,0,,0,,,,493575,375.78,0
912,2148.031,"Mount",0.044,-0.122,0.093,0.091,0.000,0.000,0,,0,,,,492288,350.57,0
913,2150.548,"Mount",-0.246,-0.127,-0.166,0.222,-0.104,0.222,25,E,47,S,,,491342,385.17,0
914,2152.780,"Mount",-0.207,0.081,-0.221,0.018,-0.147,0.000,35,E,0,,,,478230,357.90,0
915,2155.196,"Mount",-0.253,0.092,-0.268,0.028,-0.179,0.000,43,E,0,,,,494759,368.88,0
916,2157.367,"Mount",-0.057,-0.033,-0.036,0.055,0.000,0.000,0,,0,,,,491539,369.15,0
917,2159.796,"Mount",-0.390,0.076,-0.384,0.102,-0.242,0.000,58,E,0,,,,488559,341.57,0
918,2162.036,"Mount",-0.242,-0.017,-0.210,0.122,-0.149,0.000,36,E,0,,,,497349,356.29,0
919,2164.548,"Mount",0.061,-0.415,0.237,0.346,0.139,0.346,34,W,73,S,,,487504,366.37,0
920,2166.796,"Mount",0.174,-0.094,0.198,0.008,0.134,0.000,32,W,0,,,,487091,374.40,0
921,2169.220,"Mount",0.168,-0.082,0.187,0.000,0.127,0.000,31,W,0,,,,482726,362.71,0
922,2171.426,"Mount",0.103,0.008,0.089,-0.052,0.000,0.000,0,,0,,,,493265,363.33,0
923,2173.917,"Mount",-0.696,0.330,-0.770,0.009,-0.485,0.000,117,E,0,,,,475633,338.28,0
924,2176.252,"Mount",-0.241,0.250,-0.326,-0.119,-0.239,0.000,58,E,0,,,,471030,344.48,0
925,2178.692,"Mount",-0.153,0.131,-0.195,-0.051,-0.139,0.000,34,E,0,,,,478680,361.30,0
926,2180.948,"Mount",-0.022,-0.282,0.104,0.263,0.000,0.263,0,,55,S,,,495991,355.50,0
927,2183.314,"Mount",0.097,0.130,0.030,-0.159,0.000,0.000,0,,0,,,,470927,367.38,0
928,2185.540,"Mount",0.214,-0.014,0.198,-0.081,0.125,0.000,30,W,0,,,,483170,379.23,0
929,2187.891,"Mount",-0.095,0.003,-0.087,0.039,0.000,0.000,0,,0,,,,479522,350.19,0
930,2190.316,"Mount",0.433,-0.649,0.674,0.393,0.425,0.393,103,W,83,S,,,485321,363.89,0
931,2192.764,"Mount",0.546,-0.050,0.512,-0.195,0.353,0.000,85,W,0,,,,480383,332.26,0
932,2194.996,"Mount",-0.123,0.261,-0.225,-0.181,-0.117,0.000,28,E,0,,,,490991,360.02,0
933,2197.412,"Mount",-0.155,0.251,-0.249,-0.157,-0.165,0.000,40,E,0,,,,462331,323.32,0
934,2199.577,"Mount",-0.015,-0.024,-0.003,0.028,0.000,0.000,0,,0,,,,466061,370.21,0
935,2201.892,"Mount",0.077,0.419,-0.115,-0.411,0.000,0.000,0,,0,,,,476657,360.36,0
936,2204.140,"Mount",-0.134,0.305,-0.254,-0.215,-0.160,0.000,39,E,0,,,,490064,382.21,0
937,2206.494,"Mount",0.127,0.132,0.056,-0.174,0.000,0.000,0,,0,,,,474080,353.80,0
938,2208.740,"Mount",0.292,0.116,0.211,-0.232,0.133,0.000,32,W,0,,,,472104,320.72,0
939,2211.091,"Mount",0.138,0.023,0.114,-0.081,0.000,0.000,0,,0,,,,492844,351.94,0
940,2214.716,"Mount",0.154,0.323,-0.004,-0.358,0.000,-0.358,0,,1403,N,,,477687,352.72,0
941,2217.181,"Mount",-0.321,0.370,-0.451,-0.191,-0.284,0.000,69,E,0,,,,477593,350.80,0
942,2219.492,"Mount",-0.416,0.313,-0.512,-0.099,-0.342,0.000,83,E,0,,,,499810,376.22,0
943,2221.848,"Mount",0.049,0.059,0.018,-0.074,0.000,0.000,0,,0,,,,472859,314.25,0
944,2224.075,"Mount",-0.063,-0.050,-0.035,0.073,0.000,0.000,0,,0,,,,499138,383.22,0
945,2226.468,"Mount",0.108,-0.161,0.168,0.098,0.106,0.000,25,W,0,,,,492655,338.75,0
946,2228.650,"Mount",0.004,0.213,-0.090,-0.193,0.000,0.000,0,,0,,,,498210,355.86,0
947,2231.164,"Mount",0.159,0.178,0.065,-0.229,0.000,-0.229,0,,48,N,,,497182,368.81,0
948,2233.361,"Mount",0.159,0.059,0.117,-0.123,0.000,0.000,0,,0,,,,478228,346.27,0
949,2235.756,"Mount",0.151,-0.045,0.155,-0.026,0.098,0.000,24,W,0,,,,500404,357.44,0
950,2237.918,"Mount",0.002,0.085,-0.035,-0.077,0.000,0.000,0,,0,,,,482099,339.97,0
951,2240.364,"Mount",-0.184,0.201,-0.253,-0.100,-0.159,0.000,38,E,0,,,,470569,352.11,0
952,2242.588,"Mount",-0.122,0.154,-0.177,-0.085,-0.123,0.000,30,E,0,,,,501959,351.44,0
953,2245.052,"Mount",-0.534,0.405,-0.657,-0.129,-0.423,0.000,102,E,0,,,,505006,385.28,0
954,2247.284,"Mount",-0.184,0.092,-0.206,-0.001,-0.159,0.000,38,E,0,,,,482307,348.39,0
955,2249.625,"Mount",0.078,-0.112,0.119,0.067,0.000,0.000,0,,0,,,,494018,330.20,0
956,2251.964,"Mount",0.427,-0.361,0.542,0.137,0.342,0.000,82,W,0,,,,500911,370.93,0
957,2254.404,"Mount",0.346,-0.271,0.430,0.091,0.295,0.000,71,W,0,,,,476787,343.66,0
958,2256.700,"Mount",0.383,-0.237,0.448,0.045,0.303,0.000,73,W,0,,,,493088,380.52,0
959,2259.108,"Mount",0.089,-0.126,0.135,0.074,0.106,0.000,26,W,0,,,,474225,368.35,0
960,2261.315,"Mount",0.130,-0.012,0.122,-0.047,0.000,0.000,0,,0,,,,471407,351.97,0
961,2263.660,"Mount",-0.081,0.067,-0.102,-0.024,0.000,0.000,0,,0,,,,474461,371.18,0
962,2265.827,"Mount",-0.073,0.034,-0.080,0.002,0.000,0.000,0,,0,,,,494142,363.88,0
963,2268.212,"Mount",-0.239,-0.074,-0.182,0.171,-0.115,0.000,28,E,0,,,,508588,366.25,0
964,2270.413,"Mount",-0.085,-0.028,-0.064,0.063,0.000,0.000,0,,0,,,,493781,344.01,0
965,2272.820,"Mount",-0.299,0.174,-0.345,-0.025,-0.217,0.000,53,E,0,,,,477583,346.74,0
966,2274.996,"Mount",-0.006,-0.098,0.038,0.091,0.000,0.000,0,,0,,,,505836,366.30,0
967,2277.342,"Mount",0.088,-0.053,0.102,0.009,0.000,0.000,0,,0,,,,514241,336.87,0
968,2279.520,"Mount",0.045,-0.120,0.093,0.088,0.000,0.000,0,,0,,,,493184,384.22,0
969,2281.858,"Mount",-0.087,-0.255,0.033,0.267,0.000,0.000,0,,0,,,,485058,366.84,0
970,2284.213,"Mount",-0.547,-0.114,-0.442,0.343,-0.278,0.000,67,E,0,,,,500434,371.33,0
971,2286.636,"Mount",-0.363,-0.014,-0.320,0.172,-0.221,0.000,53,E,0,,,,511478,371.17,0
972,2288.894,"Mount",-0.273,0.040,-0.263,0.084,-0.181,0.000,44,E,0,,,,517016,331.40,0
973,2292.756,"Mount",0.072,-0.311,0.201,0.248,0.114,0.248,28,W,1380,S,,,489718,366.83,0
974,2295.028,"Mount",0.387,-0.308,0.483,0.107,0.312,0.000,75,W,0,,,,483394,363.54,0
975,2297.500,"Mount",0.365,-0.325,0.470,0.132,0.318,0.000,77,W,0,,,,488703,386.75,0
976,2299.672,"Mount",-0.022,0.048,-0.041,-0.033,0.000,0.000,0,,0,,,,497300,346.77,0
977,2302.009,"Mount",-0.002,-0.154,0.066,0.139,0.000,0.000,0,,0,,,,490185,340.76,0
978,2304.268,"Mount",0.291,-0.228,0.362,0.078,0.228,0.000,55,W,0,,,,488709,333.26,0
979,2306.617,"Mount",0.053,-0.005,0.050,-0.019,0.000,0.000,0,,0,,,,488630,374.38,0
980,2308.780,"Mount",0.039,0.000,0.035,-0.017,0.000,0.000,0,,0,,,,480336,354.48,0
981,2311.122,"Mount",0.018,-0.074,0.049,0.059,0.000,0.000,0,,0,,,,497375,396.23,0
982,2313.295,"Mount",0.007,-0.071,0.038,0.061,0.000,0.000,0,,0,,,,486753,348.45,0
983,2315.684,"Mount",0.247,-0.051,0.244,-0.062,0.154,0.000,37,W,0,,,,495970,378.70,0
984,2317.870,"Mount",-0.035,-0.117,0.020,0.121,0.000,0.000,0,,0,,,,484414,352.01,0
985,2320.276,"Mount",0.140,-0.286,0.251,0.196,0.158,0.000,38,W,0,,,,479515,360.47,0
986,2322.580,"Mount",-0.316,0.061,-0.311,0.084,-0.185,0.000,45,E,0,,,,488121,385.62,0
987,2324.919,"Mount",-0.032,0.141,-0.091,-0.113,0.000,0.000,0,,0,,,,486830,349.01,0
988,2327.188,"Mount",-0.307,-0.027,-0.264,0.159,-0.166,0.000,40,E,0,,,,489769,366.83,0
989,2329.534,"Mount",-0.017,-0.143,0.048,0.136,0.000,0.000,0,,0,,,,480357,412.38,0
990,2331.764,"Mount",-0.147,0.121,-0.185,-0.045,-0.117,0.000,28,E,0,,,,469639,348.61,0
991,2334.172,"Mount",0.251,-0.252,0.336,0.117,0.204,0.000,49,W,0,,,,501038,357.83,0
992,2336.468,"Mount",-0.018,-0.298,0.114,0.276,0.000,0.276,0,,58,S,,,496908,362.40,0
993,2338.956,"Mount",0.660,-0.340,0.742,0.016,0.468,0.000,113,W,0,,,,490540,336.12,0
994,2341.492,"Mount",1.002,-0.860,1.277,0.333,0.838,0.333,202,W,70,S,,,480545,329.16,0
995,2343.833,"Mount",0.115,0.076,0.070,-0.119,0.000,0.000,0,,0,,,,511972,354.66,0
996,2346.108,"Mount",0.383,-0.152,0.411,-0.031,0.259,0.000,62,W,0,,,,494159,329.59,0
997,2348.589,"Mount",-0.361,0.305,-0.458,-0.115,-0.270,0.000,65,E,0,,,,493146,355.45,0
998,2350.775,"Mount",-0.036,-0.030,-0.019,0.042,0.000,0.000,0,,0,,,,490833,335.00,0
999,2353.196,"Mount",0.336,0.078,0.268,-0.217,0.169,0.000,41,W,0,,,,483527,360.30,0
1000,2355.391,"Mount",-0.069,0.037,-0.078,-0.002,0.000,0.000,0,,0,,,,466639,341.40,0
1001,2357.727,"Mount",-0.048,0.026,-0.055,-0.002,0.000,0.000,0,,0,,,,474166,330.83,0
1002,2360.109,"Mount",0.543,-0.492,0.704,0.204,0.443,0.204,107,W,43,S,,,507576,401.53,0
1003,2362.500,"Mount",0.099,-0.100,0.133,0.046,0.115,0.000,28,W,0,,,,489232,356.32,0
1004,2364.740,"Mount",0.132,-0.277,0.240,0.191,0.159,0.000,38,W,0,,,,498630,354.07,0
1005,2367.089,"Mount",0.046,-0.015,0.048,-0.006,0.000,0.000,0,,0,,,,484413,376.56,0
1006,2369.348,"Mount",0.276,0.021,0.239,-0.140,0.151,0.000,36,W,0,,,,480190,346.29,0
1007,2371.756,"Mount",-0.164,0.254,-0.258,-0.157,-0.152,0.000,37,E,0,,,,454373,334.00,0
1008,2374.012,"Mount",0.117,-0.162,0.176,0.095,0.100,0.000,24,W,0,,,,492407,355.58,0
1009,2376.444,"Mount",0.397,-0.099,0.400,-0.085,0.259,0.000,63,W,0,,,,492692,339.05,0
1010,2378.741,"Mount",0.404,-0.187,0.445,-0.010,0.298,0.000,72,W,0,,,,473833,359.54,0
1011,2381.095,"Mount",0.067,-0.142,0.122,0.098,0.000,0.000,0,,0,,,,499124,348.78,0
1012,2383.348,"Mount",0.257,-0.230,0.332,0.094,0.209,0.000,51,W,0,,,,482587,364.72,0
1013,2385.740,"Mount",-0.081,0.202,-0.161,-0.146,-0.087,0.000,21,E,0,,,,490043,392.90,0
1014,2387.958,"Mount",0.124,-0.157,0.181,0.086,0.108,0.000,26,W,0,,,,478622,338.66,0
1015,2390.412,"Mount",-0.278,0.247,-0.358,-0.100,-0.218,0.000,53,E,0,,,,483669,369.44,0
1016,2392.593,"Mount",-0.065,0.044,-0.078,-0.011,0.000,0.000,0,,0,,,,492688,366.98,0
1017,2394.988,"Mount",-0.177,0.189,-0.242,-0.092,-0.153,0.000,37,E,0,,,,488304,360.81,0
1018,2397.167,"Mount",0.017,-0.137,0.076,0.116,0.000,0.000,0,,0,,,,502111,401.80,0
1019,2399.503,"Mount",0.114,-0.027,0.115,-0.026,0.000,0.000,0,,0,,,,490556,364.69,0
1020,2401.812,"Mount",0.630,-0.308,0.702,0.000,0.442,0.000,107,W,0,,,,497463,373.50,0
1021,2404.276,"Mount",0.193,-0.040,0.191,-0.048,0.151,0.000,37,W,0,,,,467626,361.75,0
1022,2406.524,"Mount",0.242,-0.089,0.256,-0.026,0.172,0.000,42,W,0,,,,512564,359.25,0
1023,2408.924,"Mount",-0.151,0.068,-0.165,0.006,-0.092,0.000,22,E,0,,,,483719,335.15,0
1024,2411.172,"Mount",-0.182,0.145,-0.227,-0.050,-0.149,0.000,36,E,0,,,,475495,351.62,0
1025,2413.580,"Mount",-0.131,0.226,-0.217,-0.145,-0.147,0.000,36,E,0,,,,472397,345.83,0
1026,2415.836,"Mount",-0.205,0.231,-0.286,-0.117,-0.190,0.000,46,E,0,,,,470696,370.56,0
1027,2418.236,"Mount",0.200,-0.136,0.240,0.035,0.138,0.000,33,W,0,,,,466151,323.41,0
1028,2420.431,"Mount",-0.081,0.090,-0.112,-0.046,0.000,0.000,0,,0,,,,512671,368.69,0
1029,2422.758,"Mount",-0.134,-0.033,-0.106,0.088,0.000,0.000,0,,0,,,,492560,390.18,0
1030,2424.996,"Mount",-0.248,0.090,-0.262,0.028,-0.165,0.000,40,E,0,,,,466201,319.77,0
1031,2427.493,"Mount",-0.598,0.452,-0.736,-0.144,-0.475,0.000,115,E,0,,,,493688,378.60,0
1032,2429.653,"Mount",0.097,0.055,0.063,-0.092,0.000,0.000,0,,0,,,,495470,364.01,0
1033,2432.268,"Mount",-0.854,-0.010,-0.763,0.383,-0.481,0.383,116,E,80,S,,,515226,374.05,0
1034,2434.532,"Mount",-0.133,0.300,-0.251,-0.211,-0.192,0.000,46,E,0,,,,482389,368.26,0
1035,2436.956,"Mount",0.243,-0.065,0.247,-0.048,0.142,0.000,34,W,0,,,,491716,389.24,0
1036,2439.228,"Mount",0.348,-0.025,0.324,-0.130,0.214,0.000,52,W,0,,,,486911,340.36,0
1037,2441.628,"Mount",-0.017,0.288,-0.142,-0.252,-0.075,0.000,18,E,0,,,,468788,362.27,0
1038,2443.824,"Mount",0.092,0.271,-0.036,-0.284,0.000,0.000,0,,0,,,,466391,351.95,0
1039,2446.154,"Mount",-0.132,0.024,-0.129,0.036,0.000,0.000,0,,0,,,,478087,351.06,0
1040,2448.383,"Mount",-0.053,0.093,-0.089,-0.061,0.000,0.000,0,,0,,,,455374,337.29,0
1041,2452.212,"Mount",-0.053,0.310,-0.184,-0.256,-0.116,-0.256,28,E,1382,N,,,475211,373.78,0
1042,2454.564,"Mount",-0.178,0.340,-0.310,-0.227,-0.203,-0.227,49,E,48,N,,,473678,352.59,0
1043,2457.052,"Mount",-0.656,0.166,-0.663,0.139,-0.432,0.000,104,E,0,,,,452568,340.12,0
1044,2459.356,"Mount",-0.307,0.114,-0.326,0.032,-0.236,0.000,57,E,0,,,,471812,352.49,0
1045,2461.693,"Mount",-0.019,-0.098,0.026,0.097,0.000,0.000,0,,0,,,,473441,339.84,0
1046,2464.012,"Mount",0.216,-0.254,0.306,0.133,0.193,0.000,47,W,0,,,,480419,332.27,0
1047,2466.420,"Mount",0.204,-0.166,0.256,0.059,0.175,0.000,42,W,0,,,,464614,355.41,0
1048,2468.605,"Mount",0.043,-0.041,0.056,0.018,0.000,0.000,0,,0,,,,480167,340.66,0
1049,2471.015,"Mount",-0.192,0.116,-0.223,-0.020,-0.141,0.000,34,E,0,,,,485499,348.31,0
1050,2473.308,"Mount",-0.487,0.144,-0.501,0.085,-0.325,0.000,79,E,0,,,,485140,350.48,0
1051,2475.708,"Mount",-0.267,-0.005,-0.237,0.122,-0.172,0.000,42,E,0,,,,472248,340.71,0
1052,2477.964,"Mount",-0.283,0.024,-0.264,0.103,-0.179,0.000,43,E,0,,,,513100,374.50,0
1053,2480.389,"Mount",0.072,-0.205,0.155,0.153,0.085,0.000,21,W,0,,,,478643,371.40,0
1054,2482.668,"Mount",-0.427,0.196,-0.469,0.011,-0.290,0.000,70,E,0,,,,499846,352.34,0
1055,2485.085,"Mount",0.176,-0.217,0.254,0.118,0.139,0.000,34,W,0,,,,476116,339.37,0
1056,2487.324,"Mount",0.180,-0.096,0.204,0.008,0.138,0.000,33,W,0,,,,469525,363.11,0
1057,2489.828,"Mount",0.229,-0.210,0.297,0.088,0.197,0.000,48,W,0,,,,472446,360.24,0
1058,2492.060,"Mount",0.101,-0.157,0.160,0.097,0.114,0.000,28,W,0,,,,480616,366.32,0
1059,2494.476,"Mount",-0.466,0.038,-0.436,0.170,-0.266,0.000,64,E,0,,,,493838,359.73,0
1060,2496.672,"Mount",-0.174,-0.129,-0.099,0.192,0.000,0.000,0,,0,,,,485085,323.41,0
1061,2499.092,"Mount",-0.214,0.194,-0.277,-0.080,-0.174,0.000,42,E,0,,,,507369,378.96,0
1062,2501.298,"Mount",-0.069,-0.220,0.035,0.228,0.000,0.000,0,,0,,,,488373,364.71,0
1063,2503.631,"Mount",-0.066,-0.089,-0.020,0.109,0.000,0.000,0,,0,,,,502481,343.98,0
1064,2505.794,"Mount",-0.183,-0.082,-0.129,0.154,0.000,0.000,0,,0,,,,506266,393.28,0
1065,2508.122,"Mount",-0.150,-0.111,-0.086,0.166,0.000,0.000,0,,0,,,,473217,358.13,0
1066,2510.500,"Mount",0.013,-0.294,0.141,0.258,0.089,0.000,21,W,0,,,,483513,381.03,0
1067,2514.260,"Mount",-0.089,-0.319,0.060,0.325,0.000,0.325,0,,1396,S,,,460354,323.85,0
1068,2516.455,"Mount",0.027,-0.110,0.072,0.087,0.000,0.000,0,,0,,,,474480,365.86,0
1069,2518.804,"Mount",0.059,-0.109,0.101,0.072,0.000,0.000,0,,0,,,,475185,337.80,0
1070,2520.964,"Mount",-0.045,-0.161,0.030,0.164,0.000,0.000,0,,0,,,,509622,366.82,0
1071,2523.343,"Mount",-0.016,-0.177,0.063,0.166,0.000,0.000,0,,0,,,,475329,382.19,0
1072,2525.564,"Mount",0.048,-0.243,0.150,0.197,0.095,0.000,23,W,0,,,,487928,330.63,0
1073,2527.972,"Mount",0.187,-0.270,0.287,0.160,0.187,0.000,45,W,0,,,,468171,363.22,0
1074,2530.143,"Mount",-0.142,-0.085,-0.090,0.138,0.000,0.000,0,,0,,,,509752,385.07,0
1075,2532.484,"Mount",0.098,0.070,0.058,-0.106,0.000,0.000,0,,0,,,,474060,356.88,0
1076,2534.732,"Mount",0.245,-0.280,0.343,0.144,0.216,0.000,52,W,0,,,,476272,353.01,0
1077,2537.071,"Mount",-0.072,0.025,-0.076,0.010,0.000,0.000,0,,0,,,,482721,327.46,0
1078,2539.340,"Mount",-0.306,0.034,-0.290,0.104,-0.183,0.000,44,E,0,,,,514561,364.92,0
1079,2541.877,"Mount",-0.082,-0.226,0.025,0.239,0.000,0.239,0,,50,S,,,498559,369.85,0
1080,2544.188,"Mount",-0.214,-0.201,-0.104,0.274,0.000,0.274,0,,58,S,,,475549,331.91,0
1081,2546.628,"Mount",-0.242,0.125,-0.273,-0.006,-0.172,0.000,41,E,0,,,,461899,351.34,0
1082,2548.830,"Mount",-0.138,-0.044,-0.105,0.100,0.000,0.000,0,,0,,,,467621,342.86,0
INFO: SET LOCK POSITION, new lock pos = 668.079, 874.839
INFO: DITHER by 2.105, 0.135, new lock pos = 669.911, 873.794
INFO: SETTLING STATE CHANGE, Settling started
1083,2553.796,"Mount",-1.832,1.045,-2.105,-0.135,-2.105,-0.135,508,E,1356,N,,,475088,382.50,0
1084,2556.285,"Mount",0.504,-0.660,0.742,0.372,0.468,0.000,113,W,0,,,,478483,364.98,0
1085,2558.565,"Mount",0.030,-0.463,0.230,0.403,0.178,0.000,43,W,0,,,,478301,342.79,0
1086,2562.452,"Mount",-0.037,-0.524,0.197,0.487,0.136,0.487,33,W,1430,S,,,454273,344.96,0
1087,2564.772,"Mount",-0.235,-0.440,-0.018,0.499,0.000,0.499,0,,105,S,,,472759,378.77,0
INFO: SETTLING STATE CHANGE, Settling complete
1088,2567.150,"Mount",0.012,0.069,-0.020,-0.067,0.000,0.000,0,,0,,,,473080,335.88,0
1089,2569.397,"Mount",0.057,0.022,0.042,-0.045,0.000,0.000,0,,0,,,,461934,343.16,0
1090,2571.766,"Mount",-0.157,-0.034,-0.126,0.100,0.000,0.000,0,,0,,,,458396,335.04,0
1091,2574.021,"Mount",-0.186,0.069,-0.197,0.019,-0.124,0.000,30,E,0,,,,464267,367.62,0
1092,2576.375,"Mount",-0.100,-0.002,-0.089,0.046,0.000,0.000,0,,0,,,,488531,367.68,0
1093,2578.557,"Mount",-0.042,0.066,-0.066,-0.041,0.000,0.000,0,,0,,,,453706,331.33,0
1094,2580.972,"Mount",-0.176,0.048,-0.179,0.034,-0.113,0.000,27,E,0,,,,471943,346.35,0
1095,2583.152,"Mount",-0.094,-0.019,-0.076,0.058,0.000,0.000,0,,0,,,,473560,340.85,0
1096,2585.493,"Mount",-0.128,-0.076,-0.082,0.124,0.000,0.000,0,,0,,,,477573,333.66,0
1097,2587.663,"Mount",-0.093,-0.107,-0.037,0.138,0.000,0.000,0,,0,,,,473517,376.40,0
1098,2590.060,"Mount",-0.212,0.008,-0.194,0.086,-0.122,0.000,30,E,0,,,,480990,352.34,0
1099,2592.232,"Mount",-0.096,-0.137,-0.026,0.166,0.000,0.000,0,,0,,,,484998,347.86,0
1100,2594.636,"Mount",-0.216,-0.016,-0.187,0.109,-0.118,0.000,28,E,0,,,,463661,339.13,0
1101,2596.818,"Mount",-0.078,0.075,-0.103,-0.033,0.000,0.000,0,,0,,,,481333,358.39,0
1102,2599.228,"Mount",-0.207,0.146,-0.250,-0.040,-0.158,0.000,38,E,0,,,,474624,331.13,0
1103,2601.461,"Mount",0.108,-0.089,0.136,0.032,0.075,0.000,18,W,0,,,,479636,355.34,0
1104,2603.840,"Mount",0.024,-0.034,0.036,0.020,0.000,0.000,0,,0,,,,493854,369.55,0
1105,2606.068,"Mount",0.129,-0.096,0.158,0.030,0.099,0.000,24,W,0,,,,455659,331.40,0
1106,2608.418,"Mount",-0.067,-0.014,-0.054,0.042,0.000,0.000,0,,0,,,,465974,328.73,0
1107,2610.652,"Mount",-0.218,-0.038,-0.179,0.130,-0.113,0.000,27,E,0,,,,478748,350.84,0
1108,2613.060,"Mount",0.172,-0.044,0.174,-0.036,0.102,0.000,25,W,0,,,,480814,342.13,0
1109,2615.332,"Mount",0.242,-0.292,0.346,0.156,0.225,0.000,54,W,0,,,,487382,360.43,0
1110,2617.690,"Mount",0.086,-0.074,0.110,0.029,0.000,0.000,0,,0,,,,466925,334.49,0
1111,2619.933,"Mount",0.175,-0.220,0.253,0.121,0.160,0.000,39,W,0,,,,479829,347.27,0
1112,2622.332,"Mount",-0.164,0.012,-0.153,0.061,-0.085,0.000,21,E,0,,,,472474,324.00,0
1113,2624.564,"Mount",0.157,-0.068,0.171,-0.008,0.101,0.000,25,W,0,,,,451282,326.68,0
1114,2626.989,"Mount",-0.339,-0.035,-0.289,0.180,-0.175,0.000,42,E,0,,,,489983,372.72,0
1115,2629.149,"Mount",-0.022,-0.034,-0.004,0.041,0.000,0.000,0,,0,,,,473399,348.34,0
1116,2631.500,"Mount",0.007,-0.008,0.010,0.004,0.000,0.000,0,,0,,,,471329,329.83,0
1117,2633.674,"Mount",-0.091,-0.107,-0.035,0.136,0.000,0.000,0,,0,,,,477672,380.36,0
1118,2636.173,"Mount",0.102,-0.327,0.236,0.249,0.148,0.249,36,W,52,S,,,460081,339.51,0
1119,2638.548,"Mount",0.314,-0.389,0.453,0.211,0.296,0.211,71,W,44,S,,,471170,319.87,0
1120,2640.980,"Mount",0.369,-0.101,0.376,-0.072,0.257,0.000,62,W,0,,,,457085,331.05,0
1121,2643.228,"Mount",0.165,-0.016,0.155,-0.058,0.116,0.000,28,W,0,,,,474493,364.35,0
1122,2645.628,"Mount",-0.213,0.148,-0.256,-0.039,-0.153,0.000,37,E,0,,,,488488,373.68,0
1123,2647.868,"Mount",0.161,-0.197,0.231,0.106,0.135,0.000,33,W,0,,,,480557,370.06,0
1124,2650.252,"Mount",0.131,-0.035,0.133,-0.026,0.093,0.000,23,W,0,,,,454434,366.91,0
1125,2652.508,"Mount",0.283,-0.113,0.304,-0.022,0.198,0.000,48,W,0,,,,437164,347.07,0
1126,2654.852,"Mount",0.066,0.072,0.028,-0.093,0.000,0.000,0,,0,,,,464261,344.73,0
1127,2657.108,"Mount",0.195,0.040,0.157,-0.122,0.099,0.000,24,W,0,,,,437884,349.81,0
1128,2659.476,"Mount",0.095,0.116,0.034,-0.146,0.000,0.000,0,,0,,,,446356,315.94,0
1129,2661.654,"Mount",0.089,0.049,0.059,-0.083,0.000,0.000,0,,0,,,,467430,343.53,0
1130,2664.124,"Mount",0.498,0.017,0.440,-0.234,0.277,0.000,67,W,0,,,,458300,369.56,0
1131,2666.390,"Mount",0.242,0.034,0.202,-0.136,0.147,0.000,35,W,0,,,,446823,318.90,0
1132,2668.804,"Mount",0.179,-0.011,0.166,-0.068,0.115,0.000,28,W,0,,,,456525,360.08,0
1133,2671.079,"Mount",0.020,0.086,-0.020,-0.086,0.000,0.000,0,,0,,,,458542,353.01,0
1134,2673.517,"Mount",0.413,-0.081,0.407,-0.108,0.257,0.000,62,W,0,,,,465396,340.17,0
1135,2675.727,"Mount",0.097,0.185,0.006,-0.208,0.000,0.000,0,,0,,,,457848,338.99,0
1136,2678.064,"Mount",0.070,-0.031,0.077,-0.003,0.000,0.000,0,,0,,,,467717,357.67,0
1137,2680.231,"Mount",-0.084,0.063,-0.103,-0.020,0.000,0.000,0,,0,,,,459016,351.81,0
1138,2682.636,"Mount",0.229,-0.062,0.233,-0.045,0.147,0.000,35,W,0,,,,468815,344.19,0
1139,2684.806,"Mount",-0.041,0.084,-0.074,-0.058,0.000,0.000,0,,0,,,,469917,350.74,0
1140,2687.253,"Mount",-0.244,0.062,-0.246,0.051,-0.155,0.000,37,E,0,,,,473263,343.11,0
1141,2689.492,"Mount",-0.145,0.115,-0.181,-0.040,-0.125,0.000,30,E,0,,,,442967,356.26,0
1142,2691.853,"Mount",-0.029,0.028,-0.038,-0.013,0.000,0.000,0,,0,,,,457672,321.10,0
1143,2694.164,"Mount",-0.424,0.102,-0.426,0.094,-0.268,0.000,65,E,0,,,,453959,345.19,0
1144,2696.567,"Mount",-0.061,-0.006,-0.052,0.032,0.000,0.000,0,,0,,,,472892,354.30,0
1145,2698.828,"Mount",-0.328,0.126,-0.350,0.031,-0.220,0.000,53,E,0,,,,483832,398.18,0
1146,2701.268,"Mount",0.293,-0.309,0.398,0.149,0.236,0.000,57,W,0,,,,478395,371.13,0
1147,2703.443,"Mount",-0.051,0.017,-0.053,0.007,0.000,0.000,0,,0,,,,444719,333.63,0
1148,2705.861,"Mount",0.293,-0.215,0.358,0.064,0.225,0.000,54,W,0,,,,477556,324.51,0
1149,2708.036,"Mount",0.088,0.030,0.066,-0.065,0.000,0.000,0,,0,,,,454454,347.86,0
1150,2710.372,"Mount",0.015,-0.025,0.025,0.016,0.000,0.000,0,,0,,,,452393,358.98,0
1151,2712.613,"Mount",-0.244,0.157,-0.288,-0.034,-0.181,0.000,44,E,0,,,,455332,364.99,0
1152,2715.020,"Mount",-0.197,0.147,-0.241,-0.045,-0.165,0.000,40,E,0,,,,463446,355.48,0
1153,2717.357,"Mount",-0.262,-0.015,-0.229,0.128,-0.156,0.000,38,E,0,,,,484332,369.21,0
1154,2719.756,"Mount",-0.120,0.080,-0.143,-0.019,-0.101,0.000,24,E,0,,,,443341,344.59,0
1155,2722.012,"Mount",-0.347,0.070,-0.342,0.090,-0.222,0.000,54,E,0,,,,497187,381.88,0
1156,2724.343,"Mount",0.069,-0.145,0.126,0.100,0.000,0.000,0,,0,,,,469965,342.51,0
1157,2726.588,"Mount",-0.272,0.071,-0.275,0.055,-0.173,0.000,42,E,0,,,,473144,343.78,0
1158,2728.980,"Mount",-0.140,0.031,-0.139,0.034,-0.100,0.000,24,E,0,,,,457870,322.24,0
1159,2731.268,"Mount",-0.423,0.195,-0.466,0.011,-0.301,0.000,73,E,0,,,,473265,360.64,0
1160,2733.678,"Mount",-0.154,0.091,-0.179,-0.014,-0.134,0.000,32,E,0,,,,486131,319.92,0
1161,2735.932,"Mount",-0.359,0.089,-0.362,0.078,-0.237,0.000,57,E,0,,,,474688,354.52,0
1162,2738.296,"Mount",-0.023,-0.054,0.003,0.059,0.000,0.000,0,,0,,,,464809,333.21,0
1163,2740.475,"Mount",-0.057,0.052,-0.074,-0.021,0.000,0.000,0,,0,,,,459602,339.43,0
1164,2742.900,"Mount",-0.195,0.082,-0.211,0.012,-0.133,0.000,32,E,0,,,,477166,333.12,0
1165,2745.172,"Mount",-0.391,0.013,-0.357,0.160,-0.234,0.000,57,E,0,,,,463373,348.54,0
1166,2747.572,"Mount",-0.161,-0.002,-0.144,0.072,-0.107,0.000,26,E,0,,,,484606,373.82,0
1167,2750.005,"Mount",-0.856,0.148,-0.834,0.243,-0.533,0.243,129,E,51,S,,,480429,322.41,0
1168,2752.380,"Mount",0.156,0.001,0.139,-0.070,0.050,0.000,12,W,0,,,,469938,396.20,0
1169,2754.652,"Mount",-0.333,0.184,-0.379,-0.019,-0.235,0.000,57,E,0,,,,480867,346.46,0
1170,2757.007,"Mount",-0.023,-0.056,0.004,0.061,0.000,0.000,0,,0,,,,450485,346.85,0
1171,2759.242,"Mount",-0.295,-0.046,-0.245,0.171,-0.154,0.000,37,E,0,,,,488226,336.67,0
1172,2761.578,"Mount",-0.155,-0.062,-0.112,0.123,0.000,0.000,0,,0,,,,476937,371.44,0
1173,2763.836,"Mount",-0.130,0.071,-0.148,-0.006,-0.093,0.000,22,E,0,,,,469399,353.51,0
1174,2766.236,"Mount",0.109,-0.173,0.174,0.107,0.103,0.000,25,W,0,,,,466006,330.39,0
1175,2768.571,"Mount",0.193,-0.204,0.263,0.099,0.173,0.000,42,W,0,,,,478159,360.43,0
1176,2771.028,"Mount",-0.467,0.154,-0.487,0.067,-0.295,0.000,71,E,0,,,,480263,342.29,0
1177,2773.300,"Mount",-0.304,0.226,-0.373,-0.070,-0.255,0.000,62,E,0,,,,467286,336.15,0
1178,2775.716,"Mount",-0.290,0.082,-0.297,0.054,-0.205,0.000,50,E,0,,,,479561,356.22,0
1179,2777.996,"Mount",-0.591,0.245,-0.639,0.039,-0.417,0.000,101,E,0,,,,487883,376.98,0
1180,2780.373,"Mount",-0.100,-0.008,-0.086,0.051,0.000,0.000,0,,0,,,,461311,352.93,0
1181,2782.613,"Mount",-0.366,0.034,-0.344,0.130,-0.217,0.000,52,E,0,,,,477820,327.17,0
1182,2785.020,"Mount",0.190,-0.210,0.263,0.106,0.150,0.000,36,W,0,,,,465515,339.16,0
1183,2787.252,"Mount",0.170,-0.058,0.178,-0.023,0.123,0.000,30,W,0,,,,464669,322.36,0
1184,2789.693,"Mount",0.329,-0.095,0.337,-0.059,0.221,0.000,53,W,0,,,,477637,368.24,0
1185,2791.940,"Mount",0.232,-0.077,0.242,-0.033,0.168,0.000,41,W,0,,,,474702,347.99,0
1186,2794.269,"Mount",-0.130,-0.089,-0.078,0.136,0.000,0.000,0,,0,,,,472748,341.54,0
1187,2796.437,"Mount",0.002,-0.170,0.076,0.152,0.000,0.000,0,,0,,,,462281,339.40,0
1188,2798.869,"Mount",-0.314,0.122,-0.336,0.028,-0.211,0.000,51,E,0,,,,485385,341.27,0
1189,2801.156,"Mount",-0.270,0.031,-0.256,0.091,-0.176,0.000,43,E,0,,,,489414,352.73,0
1190,2803.494,"Mount",0.045,-0.082,0.076,0.054,0.000,0.000,0,,0,,,,483932,349.15,0
1191,2805.724,"Mount",-0.313,0.038,-0.298,0.104,-0.188,0.000,45,E,0,,,,484084,335.46,0
1192,2808.140,"Mount",0.264,-0.220,0.334,0.082,0.197,0.000,48,W,0,,,,472946,354.58,0
1193,2810.420,"Mount",0.113,-0.274,0.221,0.196,0.153,0.000,37,W,0,,,,489146,368.52,0
1194,2812.812,"Mount",-0.294,-0.078,-0.230,0.200,-0.134,0.000,32,E,0,,,,504470,357.22,0
1195,2815.100,"Mount",-0.260,-0.309,-0.098,0.392,0.000,0.392,0,,82,S,,,457008,353.26,0
1196,2817.516,"Mount",-0.198,0.182,-0.258,-0.077,-0.162,0.000,39,E,0,,,,466971,309.78,0
1197,2819.698,"Mount",-0.067,0.108,-0.108,-0.068,0.000,0.000,0,,0,,,,466214,339.74,0
1198,2822.124,"Mount",-0.375,0.246,-0.445,-0.057,-0.280,0.000,68,E,0,,,,462376,332.85,0
1199,2824.364,"Mount",0.290,-0.087,0.299,-0.049,0.169,0.000,41,W,0,,,,467908,328.94,0
1200,2826.718,"Mount",0.068,0.092,0.020,-0.113,0.000,0.000,0,,0,,,,464052,362.30,0
1201,2828.956,"Mount",0.297,0.016,0.260,-0.144,0.164,0.000,40,W,0,,,,466699,360.12,0
1202,2831.335,"Mount",0.067,-0.052,0.083,0.017,0.000,0.000,0,,0,,,,484031,371.11,0
1203,2833.597,"Mount",0.350,-0.144,0.378,-0.024,0.238,0.000,58,W,0,,,,476974,350.35,0
1204,2836.037,"Mount",-0.403,0.088,-0.401,0.097,-0.236,0.000,57,E,0,,,,475626,350.71,0
1205,2838.223,"Mount",0.128,0.028,0.103,-0.081,0.000,0.000,0,,0,,,,477331,342.14,0
1206,2840.677,"Mount",-0.374,0.217,-0.431,-0.031,-0.271,0.000,66,E,0,,,,459717,342.34,0
1207,2842.932,"Mount",-0.271,0.246,-0.352,-0.102,-0.241,0.000,58,E,0,,,,453208,343.39,0
1208,2845.348,"Mount",-0.217,0.116,-0.246,-0.009,-0.172,0.000,41,E,0,,,,455987,339.09,0
1209,2847.597,"Mount",0.263,-0.111,0.285,-0.015,0.168,0.000,40,W,0,,,,472864,349.83,0
1210,2849.944,"Mount",-0.043,-0.008,-0.035,0.026,0.000,0.000,0,,0,,,,484393,362.41,0
1211,2852.260,"Mount",0.723,-0.285,0.775,-0.061,0.488,0.000,118,W,0,,,,478780,349.99,0
1212,2854.668,"Mount",0.121,-0.080,0.143,0.019,0.124,0.000,30,W,0,,,,472732,342.54,0
1213,2856.980,"Mount",0.371,-0.294,0.462,0.101,0.300,0.000,72,W,0,,,,478014,345.60,0
1214,2859.324,"Mount",-0.107,-0.006,-0.093,0.052,0.000,0.000,0,,0,,,,471838,359.74,0
1215,2861.503,"Mount",0.017,-0.060,0.042,0.046,0.000,0.000,0,,0,,,,474574,337.03,0
1216,2863.917,"Mount",-0.196,0.060,-0.203,0.032,-0.128,0.000,31,E,0,,,,466245,366.20,0
1217,2866.157,"Mount",-0.141,0.060,-0.153,0.008,-0.105,0.000,25,E,0,,,,495293,340.85,0
1218,2868.511,"Mount",0.018,0.020,0.007,-0.026,0.000,0.000,0,,0,,,,464447,346.40,0
1219,2870.685,"Mount",-0.007,0.000,-0.006,0.003,0.000,0.000,0,,0,,,,468954,345.94,0
1220,2873.024,"Mount",-0.030,0.067,-0.056,-0.047,0.000,0.000,0,,0,,,,469628,344.24,0
1221,2875.174,"Mount",0.063,0.023,0.046,-0.048,0.000,0.000,0,,0,,,,475384,349.66,0
1222,2877.588,"Mount",-0.191,-0.009,-0.168,0.092,-0.106,0.000,25,E,0,,,,473410,363.39,0
1223,2879.828,"Mount",0.255,-0.086,0.266,-0.035,0.160,0.000,39,W,0,,,,468203,362.23,0
1224,2882.271,"Mount",-0.279,0.120,-0.304,0.014,-0.180,0.000,43,E,0,,,,462892,330.85,0
1225,2884.605,"Mount",-0.310,-0.117,-0.227,0.241,-0.156,0.241,38,E,51,S,,,494293,365.97,0
1226,2887.036,"Mount",-0.281,0.153,-0.320,-0.014,-0.212,0.000,51,E,0,,,,460763,344.67,0
1227,2889.215,"Mount",0.003,0.246,-0.105,-0.222,0.000,0.000,0,,0,,,,455682,356.28,0
1228,2891.605,"Mount",-0.105,0.174,-0.170,-0.110,-0.107,0.000,26,E,0,,,,449025,309.02,0
1229,2893.782,"Mount",-0.012,0.056,-0.035,-0.045,0.000,0.000,0,,0,,,,470836,332.74,0
1230,2896.109,"Mount",0.041,0.013,0.031,-0.029,0.000,0.000,0,,0,,,,466910,351.51,0
1231,2898.283,"Mount",0.104,-0.029,0.106,-0.019,0.000,0.000,0,,0,,,,460786,350.33,0
1232,2900.676,"Mount",-0.072,0.176,-0.142,-0.126,-0.089,0.000,22,E,0,,,,445126,338.49,0
1233,2902.947,"Mount",0.268,0.061,0.214,-0.172,0.129,0.000,31,W,0,,,,474329,367.81,0
1234,2905.365,"Mount",-0.248,0.337,-0.371,-0.194,-0.225,0.000,54,E,0,,,,473559,359.99,0
1235,2907.605,"Mount",-0.126,0.124,-0.168,-0.056,-0.122,0.000,29,E,0,,,,472190,346.44,0
1236,2909.941,"Mount",-0.017,0.188,-0.098,-0.162,0.000,0.000,0,,0,,,,438671,316.44,0
1237,2912.111,"Mount",0.134,0.136,0.061,-0.181,0.000,0.000,0,,0,,,,449169,325.73,0
1238,2914.524,"Mount",0.281,0.008,0.249,-0.130,0.157,0.000,38,W,0,,,,477679,367.05,0
1239,2916.709,"Mount",0.091,0.000,0.081,-0.040,0.000,0.000,0,,0,,,,459546,378.95,0
1240,2919.116,"Mount",0.221,-0.092,0.239,-0.014,0.151,0.000,36,W,0,,,,461486,342.47,0
1241,2921.398,"Mount",-0.225,0.159,-0.272,-0.044,-0.161,0.000,39,E,0,,,,482806,358.52,0
1242,2923.901,"Mount",-0.132,0.186,-0.200,-0.110,-0.137,0.000,33,E,0,,,,460372,340.84,0
1243,2926.149,"Mount",-0.323,0.041,-0.309,0.105,-0.204,0.000,49,E,0,,,,492365,373.05,0
1244,2928.541,"Mount",-0.127,0.111,-0.163,-0.044,-0.117,0.000,28,E,0,,,,482049,376.37,0
1245,2930.720,"Mount",0.039,-0.068,0.065,0.044,0.000,0.000,0,,0,,,,453335,361.40,0
1246,2933.132,"Mount",0.255,-0.041,0.247,-0.076,0.156,0.000,38,W,0,,,,478568,347.13,0
1247,2935.289,"Mount",0.019,0.079,-0.017,-0.079,0.000,0.000,0,,0,,,,442051,324.42,0
1248,2937.717,"Mount",0.378,-0.004,0.341,-0.163,0.215,0.000,52,W,0,,,,463233,333.47,0
1249,2939.981,"Mount",0.529,-0.008,0.479,-0.225,0.317,0.000,77,W,0,,,,478557,347.57,0
1250,2942.429,"Mount",0.381,-0.033,0.357,-0.137,0.247,0.000,60,W,0,,,,468151,335.88,0
1251,2944.757,"Mount",0.338,-0.115,0.354,-0.045,0.241,0.000,58,W,0,,,,484466,362.52,0
1252,2947.107,"Mount",0.094,-0.035,0.099,-0.009,0.000,0.000,0,,0,,,,469009,339.50,0
1253,2949.275,"Mount",-0.082,0.002,-0.074,0.034,0.000,0.000,0,,0,,,,465259,339.13,0
1254,2951.622,"Mount",0.007,-0.030,0.019,0.024,0.000,0.000,0,,0,,,,454004,303.83,0
1255,2953.835,"Mount",0.048,-0.029,0.056,0.005,0.000,0.000,0,,0,,,,471902,363.15,0
1256,2956.162,"Mount",0.034,-0.011,0.035,-0.005,0.000,0.000,0,,0,,,,472110,318.35,0
1257,2958.397,"Mount",0.131,-0.077,0.151,0.012,0.095,0.000,23,W,0,,,,460011,328.07,0
1258,2960.837,"Mount",0.331,-0.182,0.378,0.019,0.245,0.000,59,W,0,,,,493180,351.88,0
1259,2963.093,"Mount",0.236,-0.045,0.231,-0.063,0.163,0.000,39,W,0,,,,467976,359.58,0
1260,2965.430,"Mount",-0.046,-0.002,-0.041,0.022,0.000,0.000,0,,0,,,,448023,318.60,0
1261,2967.594,"Mount",-0.035,-0.028,-0.019,0.040,0.000,0.000,0,,0,,,,465754,345.76,0
1262,2969.921,"Mount",0.006,-0.038,0.023,0.032,0.000,0.000,0,,0,,,,424068,322.50,0
1263,2972.087,"Mount",0.001,-0.002,0.002,0.001,0.000,0.000,0,,0,,,,482744,371.30,0
1264,2974.525,"Mount",0.372,-0.286,0.459,0.094,0.289,0.000,70,W,0,,,,462786,364.60,0
1265,2976.710,"Mount",0.047,-0.053,0.066,0.027,0.000,0.000,0,,0,,,,475130,362.19,0
1266,2979.108,"Mount",0.176,-0.155,0.226,0.062,0.142,0.000,34,W,0,,,,451728,371.65,0
1267,2981.317,"Mount",-0.005,-0.021,0.005,0.020,0.000,0.000,0,,0,,,,483686,354.35,0
1268,2983.651,"Mount",0.100,-0.079,0.124,0.027,0.000,0.000,0,,0,,,,470474,355.67,0
1269,2985.891,"Mount",-0.155,-0.043,-0.120,0.107,0.000,0.000,0,,0,,,,474048,345.89,0
1270,2988.389,"Mount",-0.296,-0.115,-0.216,0.233,-0.136,0.233,33,E,49,S,,,482760,344.43,0
1271,2990.645,"Mount",-0.236,0.005,-0.214,0.099,-0.144,0.000,35,E,0,,,,505884,369.09,0
1272,2993.093,"Mount",-0.461,0.095,-0.456,0.117,-0.297,0.000,72,E,0,,,,467214,351.63,0
1273,2995.333,"Mount",-0.221,0.073,-0.231,0.031,-0.166,0.000,40,E,0,,,,485092,374.37,0
1274,2997.674,"Mount",0.138,0.025,0.113,-0.083,0.000,0.000,0,,0,,,,448132,325.69,0
1275,2999.926,"Mount",0.280,-0.106,0.298,-0.028,0.188,0.000,45,W,0,,,,478608,361.33,0
1276,3002.357,"Mount",0.258,-0.012,0.237,-0.102,0.163,0.000,39,W,0,,,,476450,343.22,0
1277,3004.532,"Mount",0.031,-0.068,0.057,0.048,0.000,0.000,0,,0,,,,468567,328.74,0
1278,3007.022,"Mount",0.644,-0.268,0.696,-0.042,0.439,0.000,106,W,0,,,,501058,342.19,0
1279,3009.191,"Mount",0.089,-0.005,0.082,-0.034,0.000,0.000,0,,0,,,,459318,331.03,0
1280,3011.629,"Mount",-0.357,0.196,-0.407,-0.020,-0.256,0.000,62,E,0,,,,481199,343.76,0
1281,3013.877,"Mount",-0.127,0.091,-0.154,-0.026,-0.115,0.000,28,E,0,,,,471629,306.76,0
1282,3016.209,"Mount",-0.081,-0.007,-0.070,0.041,0.000,0.000,0,,0,,,,466795,316.91,0
1283,3018.374,"Mount",-0.054,0.014,-0.055,0.011,0.000,0.000,0,,0,,,,476966,328.51,0
1284,3020.797,"Mount",-0.355,0.181,-0.398,-0.007,-0.251,0.000,61,E,0,,,,481288,343.17,0
1285,3022.968,"Mount",-0.048,0.049,-0.064,-0.023,0.000,0.000,0,,0,,,,465383,372.36,0
1286,3025.295,"Mount",0.032,0.041,0.011,-0.050,0.000,0.000,0,,0,,,,453142,350.59,0
1287,3027.467,"Mount",-0.065,0.084,-0.095,-0.047,0.000,0.000,0,,0,,,,466596,332.05,0
1288,3029.926,"Mount",-0.351,0.149,-0.381,0.020,-0.240,0.000,58,E,0,,,,470123,329.14,0
1289,3032.189,"Mount",-0.339,0.102,-0.350,0.057,-0.237,0.000,57,E,0,,,,470711,342.34,0
1290,3034.530,"Mount",-0.030,-0.059,-0.001,0.066,0.000,0.000,0,,0,,,,477621,309.94,0
1291,3036.704,"Mount",-0.094,-0.056,-0.060,0.092,0.000,0.000,0,,0,,,,470726,320.01,0
1292,3039.101,"Mount",-0.230,-0.088,-0.168,0.180,-0.106,0.000,26,E,0,,,,480780,355.50,0
1293,3041.310,"Mount",-0.026,-0.037,-0.007,0.045,0.000,0.000,0,,0,,,,465662,343.29,0
1294,3043.717,"Mount",-0.235,0.031,-0.225,0.076,-0.142,0.000,34,E,0,,,,479921,337.18,0
1295,3045.973,"Mount",-0.228,0.006,-0.208,0.095,-0.141,0.000,34,E,0,,,,487057,363.12,0
1296,3048.349,"Mount",-0.148,0.005,-0.135,0.060,-0.095,0.000,23,E,0,,,,470348,347.00,0
1297,3050.589,"Mount",-0.164,0.004,-0.149,0.068,-0.101,0.000,24,E,0,,,,469757,330.54,0
1298,3053.005,"Mount",-0.341,0.077,-0.340,0.080,-0.221,0.000,53,E,0,,,,466122,321.78,0
1299,3055.277,"Mount",-0.432,0.053,-0.412,0.142,-0.275,0.000,66,E,0,,,,489805,346.57,0
1300,3057.611,"Mount",-0.136,-0.086,-0.085,0.137,0.000,0.000,0,,0,,,,487862,368.56,0
1301,3059.781,"Mount",-0.046,-0.041,-0.024,0.057,0.000,0.000,0,,0,,,,449937,282.35,0
1302,3062.157,"Mount",0.104,-0.097,0.136,0.041,0.086,0.000,21,W,0,,,,461984,348.72,0
1303,3064.413,"Mount",0.279,-0.331,0.396,0.175,0.256,0.000,62,W,0,,,,455902,359.07,0
1304,3066.837,"Mount",0.173,-0.218,0.251,0.120,0.176,0.000,43,W,0,,,,443776,342.04,0
1305,3069.077,"Mount",0.149,-0.104,0.179,0.028,0.125,0.000,30,W,0,,,,454899,320.48,0
1306,3071.557,"Mount",-0.419,0.172,-0.452,0.030,-0.276,0.000,67,E,0,,,,455523,351.09,0
1307,3073.837,"Mount",-0.347,0.013,-0.318,0.140,-0.220,0.000,53,E,0,,,,471812,355.96,0
1308,3076.167,"Mount",-0.079,-0.039,-0.054,0.069,0.000,0.000,0,,0,,,,469522,333.80,0
1309,3078.342,"Mount",-0.159,-0.063,-0.116,0.126,0.000,0.000,0,,0,,,,465211,326.22,0
1310,3080.773,"Mount",-0.379,0.083,-0.377,0.091,-0.237,0.000,57,E,0,,,,458500,327.63,0
1311,3083.005,"Mount",0.131,-0.123,0.171,0.053,0.091,0.000,22,W,0,,,,460819,305.28,0
1312,3085.421,"Mount",0.279,-0.148,0.315,0.010,0.205,0.000,50,W,0,,,,457339,358.62,0
1313,3087.725,"Mount",0.558,-0.241,0.607,-0.028,0.397,0.000,96,W,0,,,,473966,360.55,0
1314,3090.253,"Mount",0.383,-0.411,0.524,0.201,0.358,0.201,86,W,42,S,,,449347,363.97,0
1315,3092.557,"Mount",0.236,-0.287,0.338,0.154,0.238,0.000,58,W,0,,,,469139,342.65,0
1316,3094.941,"Mount",-0.123,0.052,-0.134,0.007,-0.067,0.000,16,E,0,,,,459184,341.84,0
1317,3097.133,"Mount",-0.003,-0.054,0.021,0.050,0.000,0.000,0,,0,,,,475721,362.12,0
1318,3099.530,"Mount",0.046,-0.076,0.074,0.048,0.000,0.000,0,,0,,,,473672,331.90,0
1319,3101.765,"Mount",0.264,-0.128,0.293,-0.001,0.185,0.000,45,W,0,,,,463490,342.17,0
1320,3104.087,"Mount",-0.008,-0.158,0.062,0.145,0.000,0.000,0,,0,,,,466790,370.42,0
1321,3106.301,"Mount",0.081,-0.206,0.164,0.150,0.103,0.000,25,W,0,,,,447911,326.52,0
1322,3108.657,"Mount",-0.004,-0.101,0.040,0.093,0.000,0.000,0,,0,,,,476430,350.57,0
1323,3110.949,"Mount",0.396,-0.309,0.492,0.104,0.310,0.000,75,W,0,,,,485056,376.43,0
1324,3113.381,"Mount",0.155,-0.173,0.215,0.088,0.157,0.000,38,W,0,,,,475025,364.98,0
1325,3115.613,"Mount",-0.231,0.069,-0.238,0.039,-0.139,0.000,34,E,0,,,,489347,394.19,0
1326,3118.029,"Mount",-0.354,-0.008,-0.314,0.162,-0.208,0.000,50,E,0,,,,483696,353.43,0
1327,3120.334,"Mount",-0.221,-0.005,-0.196,0.101,-0.138,0.000,33,E,0,,,,463220,336.71,0
1328,3122.757,"Mount",0.270,-0.211,0.335,0.071,0.201,0.000,49,W,0,,,,465148,355.81,0
1329,3125.021,"Mount",0.263,-0.121,0.290,-0.007,0.197,0.000,47,W,0,,,,447188,331.69,0
1330,3127.364,"Mount",0.065,-0.000,0.058,-0.028,0.000,0.000,0,,0,,,,457574,332.33,0
1331,3129.535,"Mount",-0.176,-0.080,-0.123,0.149,0.000,0.000,0,,0,,,,478235,362.84,0
1332,3131.862,"Mount",-0.000,-0.213,0.093,0.192,0.000,0.000,0,,0,,,,461587,323.07,0
1333,3134.059,"Mount",-0.043,-0.161,0.032,0.163,0.000,0.000,0,,0,,,,478055,350.56,0
1334,3136.372,"Mount",-0.084,-0.101,-0.031,0.128,0.000,0.000,0,,0,,,,508827,369.98,0
1335,3138.740,"Mount",-0.409,-0.039,-0.351,0.215,-0.221,0.215,53,E,45,S,,,490612,369.98,0
1336,3141.468,"Mount",-1.059,-0.110,-0.903,0.563,-0.585,0.563,141,E,118,S,,,492335,383.55,0
1337,3143.773,"Mount",-0.044,0.232,-0.141,-0.189,-0.130,0.000,31,E,0,,,,466588,334.82,0
1338,3146.205,"Mount",0.618,0.286,0.430,-0.528,0.262,0.000,63,W,0,,,,456959,321.29,0
1339,3148.469,"Mount",0.342,0.111,0.258,-0.250,0.181,0.000,44,W,0,,,,461941,334.41,0
1340,3151.030,"Mount",1.090,0.010,0.975,-0.487,0.627,0.000,151,W,0,,,,478195,343.17,0
1341,3153.317,"Mount",0.684,0.117,0.563,-0.405,0.399,0.000,96,W,0,,,,491287,386.51,0
1342,3157.092,"Mount",0.275,0.377,0.081,-0.459,0.000,-0.459,0,,1424,N,,,454021,357.71,0
1343,3159.421,"Mount",-0.150,0.351,-0.289,-0.250,-0.182,-0.250,44,E,52,N,,,463410,315.58,0
1344,3161.861,"Mount",-0.267,-0.010,-0.235,0.126,-0.161,0.000,39,E,0,,,,487003,327.09,0
1345,3164.157,"Mount",-0.239,0.094,-0.256,0.020,-0.172,0.000,42,E,0,,,,459947,345.06,0
1346,3166.513,"Mount",-0.180,-0.137,-0.102,0.202,0.000,0.000,0,,0,,,,478266,337.78,0
1347,3168.814,"Mount",0.282,-0.179,0.332,0.037,0.209,0.000,51,W,0,,,,477945,314.57,0
1348,3171.237,"Mount",-0.195,0.093,-0.216,0.002,-0.121,0.000,29,E,0,,,,474132,374.12,0
1349,3173.533,"Mount",0.214,-0.109,0.240,0.004,0.143,0.000,35,W,0,,,,468251,366.19,0
INFO: SET LOCK POSITION, new lock pos = 669.911, 873.794
INFO: DITHER by -1.960, -4.850, new lock pos = 670.278, 879.012
INFO: SETTLING STATE CHANGE, Settling started
1350,3179.258,"Mount",-0.367,-5.218,1.960,4.850,1.960,4.850,473,W,2347,S,,,459544,334.39,0
1351,3181.893,"Mount",-0.783,-0.299,-0.573,0.612,-0.361,0.612,87,E,129,S,,,494705,398.92,0
1352,3184.301,"Mount",-0.416,-0.045,-0.354,0.223,-0.248,0.223,60,E,47,S,,,464545,342.87,0
1353,3186.717,"Mount",0.188,-0.126,0.224,0.031,0.124,0.000,30,W,0,,,,485520,362.41,0
1354,3188.933,"Mount",-0.122,0.074,-0.142,-0.013,-0.081,0.000,20,E,0,,,,461545,363.54,0
1355,3191.309,"Mount",0.085,0.065,0.048,-0.096,0.000,0.000,0,,0,,,,457186,349.66,0
INFO: SETTLING STATE CHANGE, Settling complete
1356,3193.493,"Mount",-0.059,0.157,-0.122,-0.115,0.000,0.000,0,,0,,,,466964,363.58,0
1357,3195.925,"Mount",0.084,0.008,0.072,-0.044,0.000,0.000,0,,0,,,,465223,371.01,0
1358,3198.149,"Mount",-0.129,0.164,-0.188,-0.090,-0.118,0.000,29,E,0,,,,442677,341.67,0
1359,3200.500,"Mount",0.049,0.051,0.021,-0.068,0.000,0.000,0,,0,,,,482391,337.65,0
1360,3202.765,"Mount",-0.330,0.188,-0.379,-0.024,-0.239,0.000,58,E,0,,,,453776,365.95,0
1361,3205.115,"Mount",-0.019,0.047,-0.038,-0.034,0.000,0.000,0,,0,,,,463541,357.49,0
1362,3207.290,"Mount",-0.102,-0.006,-0.090,0.050,0.000,0.000,0,,0,,,,444906,347.83,0
1363,3209.693,"Mount",-0.124,0.143,-0.174,-0.074,-0.110,0.000,26,E,0,,,,454046,393.47,0
1364,3211.863,"Mount",0.021,0.070,-0.011,-0.072,0.000,0.000,0,,0,,,,449354,351.17,0
1365,3214.253,"Mount",0.134,-0.103,0.166,0.033,0.104,0.000,25,W,0,,,,488499,376.11,0
1366,3216.422,"Mount",0.109,0.031,0.084,-0.076,0.000,0.000,0,,0,,,,466969,334.42,0
1367,3218.821,"Mount",0.154,-0.245,0.245,0.152,0.155,0.000,37,W,0,,,,478192,357.74,0
1368,3221.073,"Mount",-0.229,-0.029,-0.193,0.126,-0.111,0.000,27,E,0,,,,455022,348.36,0
1369,3223.445,"Mount",-0.113,0.043,-0.121,0.011,0.000,0.000,0,,0,,,,451535,355.46,0
1370,3225.717,"Mount",-0.435,0.186,-0.473,0.024,-0.298,0.000,72,E,0,,,,460647,330.76,0
1371,3228.093,"Mount",0.155,-0.052,0.162,-0.021,0.081,0.000,20,W,0,,,,481930,354.33,0
1372,3230.365,"Mount",-0.162,-0.031,-0.132,0.098,-0.078,0.000,19,E,0,,,,467269,375.65,0
1373,3232.757,"Mount",0.125,-0.136,0.172,0.068,0.103,0.000,25,W,0,,,,481877,389.06,0
1374,3234.921,"Mount",0.016,-0.085,0.052,0.070,0.000,0.000,0,,0,,,,464435,361.77,0
1375,3237.421,"Mount",0.734,-0.385,0.828,0.024,0.522,0.000,126,W,0,,,,456653,333.02,0
1376,3239.685,"Mount",0.223,-0.316,0.339,0.186,0.250,0.000,60,W,0,,,,492718,360.08,0
1377,3242.021,"Mount",-0.063,-0.073,-0.025,0.093,0.000,0.000,0,,0,,,,453371,333.52,0
1378,3244.365,"Mount",0.113,-0.147,0.166,0.082,0.104,0.000,25,W,0,,,,466142,324.54,0
1379,3246.727,"Mount",0.074,-0.098,0.110,0.056,0.000,0.000,0,,0,,,,470186,356.29,0
1380,3248.949,"Mount",0.068,-0.164,0.133,0.117,0.084,0.000,20,W,0,,,,485091,352.27,0
1381,3251.312,"Mount",0.062,-0.117,0.107,0.078,0.000,0.000,0,,0,,,,486225,375.89,0
1382,3253.565,"Mount",0.266,-0.255,0.351,0.112,0.221,0.000,53,W,0,,,,488366,371.15,0
1383,3255.920,"Mount",-0.064,-0.116,-0.007,0.133,0.000,0.000,0,,0,,,,473949,325.08,0
1384,3258.088,"Mount",0.096,-0.036,0.102,-0.010,0.000,0.000,0,,0,,,,473078,353.92,0
1385,3260.549,"Mount",0.130,-0.165,0.189,0.091,0.119,0.000,29,W,0,,,,471964,352.04,0
1386,3262.813,"Mount",0.293,-0.230,0.364,0.078,0.238,0.000,57,W,0,,,,475863,363.81,0
1387,3265.221,"Mount",0.063,-0.224,0.155,0.174,0.115,0.000,28,W,0,,,,490344,369.77,0
1388,3267.390,"Mount",-0.058,-0.166,0.021,0.174,0.000,0.000,0,,0,,,,484012,367.97,0
1389,3269.732,"Mount",0.024,0.111,-0.027,-0.110,0.000,0.000,0,,0,,,,474569,378.55,0
1390,3271.989,"Mount",0.293,-0.158,0.332,0.014,0.209,0.000,51,W,0,,,,480055,347.10,0
1391,3274.327,"Mount",0.053,-0.092,0.088,0.060,0.000,0.000,0,,0,,,,484050,359.35,0
1392,3276.621,"Mount",0.186,-0.221,0.264,0.117,0.166,0.000,40,W,0,,,,482448,379.96,0
1393,3278.968,"Mount",-0.023,-0.030,-0.007,0.036,0.000,0.000,0,,0,,,,467281,355.45,0
1394,3281.226,"Mount",0.167,-0.231,0.251,0.135,0.158,0.000,38,W,0,,,,492582,356.22,0
1395,3283.575,"Mount",-0.075,-0.120,-0.015,0.141,0.000,0.000,0,,0,,,,448340,326.40,0
1396,3285.861,"Mount",-0.141,-0.165,-0.054,0.210,0.000,0.210,0,,44,S,,,455961,353.30,0
1397,3288.285,"Mount",-0.357,0.096,-0.362,0.070,-0.228,0.000,55,E,0,,,,443446,336.92,0
1398,3290.565,"Mount",-0.293,0.257,-0.376,-0.102,-0.253,0.000,61,E,0,,,,451921,322.56,0
1399,3292.981,"Mount",-0.236,0.174,-0.288,-0.053,-0.199,0.000,48,E,0,,,,454770,340.22,0
1400,3295.151,"Mount",-0.046,0.038,-0.058,-0.014,0.000,0.000,0,,0,,,,475336,366.36,0
1401,3297.549,"Mount",-0.233,-0.049,-0.188,0.146,-0.119,0.000,29,E,0,,,,458743,358.69,0
1402,3299.730,"Mount",0.090,0.054,0.057,-0.088,0.000,0.000,0,,0,,,,462659,363.59,0
1403,3302.149,"Mount",0.254,-0.324,0.370,0.180,0.233,0.000,56,W,0,,,,484217,372.15,0
1404,3304.429,"Mount",0.429,-0.311,0.522,0.091,0.345,0.000,83,W,0,,,,479260,384.89,0
1405,3306.775,"Mount",-0.103,-0.044,-0.073,0.084,0.000,0.000,0,,0,,,,461886,351.17,0
1406,3308.997,"Mount",-0.179,-0.020,-0.152,0.096,-0.096,0.000,23,E,0,,,,452577,335.48,0
1407,3311.362,"Mount",-0.103,-0.036,-0.077,0.078,0.000,0.000,0,,0,,,,454845,374.34,0
1408,3313.693,"Mount",-0.301,-0.178,-0.193,0.292,-0.121,0.292,29,E,61,S,,,480015,371.42,0
1409,3316.109,"Mount",-0.129,0.197,-0.202,-0.120,-0.136,0.000,33,E,0,,,,455956,361.76,0
1410,3318.278,"Mount",-0.036,0.184,-0.113,-0.150,0.000,0.000,0,,0,,,,451069,372.66,0
1411,3320.733,"Mount",-0.300,0.391,-0.441,-0.219,-0.278,0.000,67,E,0,,,,462156,353.37,0
1412,3322.905,"Mount",0.049,0.112,-0.005,-0.122,0.000,0.000,0,,0,,,,476120,364.60,0
1413,3325.301,"Mount",-0.216,0.233,-0.296,-0.114,-0.187,0.000,45,E,0,,,,453150,315.16,0
1414,3327.477,"Mount",0.002,0.147,-0.063,-0.133,0.000,0.000,0,,0,,,,474627,353.06,0
1415,3329.877,"Mount",-0.107,0.198,-0.183,-0.131,-0.115,0.000,28,E,0,,,,448657,350.64,0
1416,3332.039,"Mount",0.045,0.053,0.017,-0.067,0.000,0.000,0,,0,,,,468864,357.81,0
1417,3334.365,"Mount",0.044,0.019,0.032,-0.036,0.000,0.000,0,,0,,,,461575,381.16,0
1418,3336.543,"Mount",-0.033,0.182,-0.110,-0.149,0.000,0.000,0,,0,,,,476028,313.53,0
1419,3338.925,"Mount",-0.026,0.326,-0.166,-0.282,-0.105,0.000,25,E,0,,,,447595,324.19,0
1420,3341.109,"Mount",0.161,0.128,0.089,-0.186,0.000,0.000,0,,0,,,,477840,363.78,0
1421,3343.438,"Mount",-0.042,0.171,-0.113,-0.135,0.000,0.000,0,,0,,,,457533,324.81,0
1422,3345.672,"Mount",0.338,0.048,0.283,-0.192,0.178,0.000,43,W,0,,,,459812,362.35,0
1423,3348.149,"Mount",-0.297,0.266,-0.384,-0.108,-0.229,0.000,55,E,0,,,,458527,358.02,0
1424,3350.376,"Mount",-0.002,0.168,-0.075,-0.150,0.000,0.000,0,,0,,,,452838,352.28,0
1425,3352.821,"Mount",-0.382,0.423,-0.529,-0.212,-0.333,0.000,81,E,0,,,,467173,367.67,0
1426,3354.993,"Mount",0.051,0.189,-0.037,-0.192,0.000,0.000,0,,0,,,,456620,357.12,0
1427,3357.421,"Mount",-0.312,0.239,-0.386,-0.077,-0.243,0.000,59,E,0,,,,455752,357.89,0
1428,3359.653,"Mount",-0.146,0.190,-0.215,-0.107,-0.152,0.000,37,E,0,,,,445758,339.69,0
1429,3362.037,"Mount",0.124,-0.056,0.136,-0.004,0.075,0.000,18,W,0,,,,476568,346.87,0
1430,3364.229,"Mount",0.070,-0.084,0.100,0.044,0.000,0.000,0,,0,,,,477538,377.71,0
1431,3366.566,"Mount",-0.004,0.170,-0.078,-0.150,0.000,0.000,0,,0,,,,465681,358.25,0
1432,3368.797,"Mount",-0.102,0.195,-0.177,-0.131,-0.112,0.000,27,E,0,,,,470328,362.76,0
1433,3371.152,"Mount",0.059,0.193,-0.032,-0.199,0.000,0.000,0,,0,,,,469482,364.50,0
1434,3373.389,"Mount",-0.125,0.184,-0.193,-0.110,-0.122,0.000,29,E,0,,,,470001,335.48,0
1435,3375.829,"Mount",-0.419,0.106,-0.423,0.089,-0.275,0.000,66,E,0,,,,469999,337.67,0
1436,3377.991,"Mount",0.044,0.050,0.017,-0.064,0.000,0.000,0,,0,,,,470308,352.76,0
1437,3380.461,"Mount",-0.319,0.308,-0.421,-0.137,-0.266,0.000,64,E,0,,,,452155,342.48,0
1438,3382.638,"Mount",-0.010,0.154,-0.077,-0.134,0.000,0.000,0,,0,,,,459031,365.72,0
1439,3384.966,"Mount",0.122,-0.035,0.125,-0.022,0.000,0.000,0,,0,,,,478409,349.33,0
1440,3387.213,"Mount",0.285,-0.028,0.268,-0.100,0.169,0.000,41,W,0,,,,472709,349.05,0
1441,3389.637,"Mount",0.297,-0.153,0.334,0.007,0.222,0.000,54,W,0,,,,483931,382.99,0
1442,3391.909,"Mount",0.375,-0.054,0.361,-0.116,0.243,0.000,59,W,0,,,,455545,349.11,0
1443,3394.301,"Mount",0.106,-0.122,0.148,0.063,0.110,0.000,27,W,0,,,,480628,350.16,0
1444,3396.475,"Mount",-0.031,-0.027,-0.016,0.038,0.000,0.000,0,,0,,,,462734,371.49,0
1445,3398.806,"Mount",0.139,0.003,0.124,-0.063,0.000,0.000,0,,0,,,,462890,348.92,0
1446,3401.045,"Mount",0.196,-0.008,0.180,-0.079,0.113,0.000,27,W,0,,,,473991,380.72,0
1447,3403.387,"Mount",0.058,0.153,-0.014,-0.163,0.000,0.000,0,,0,,,,459671,356.33,0
1448,3405.674,"Mount",-0.518,0.327,-0.609,-0.067,-0.384,0.000,93,E,0,,,,475508,383.56,0
1449,3408.077,"Mount",0.270,-0.133,0.301,0.001,0.163,0.000,39,W,0,,,,463201,342.39,0
1450,3410.349,"Mount",0.123,-0.066,0.140,0.005,0.099,0.000,24,W,0,,,,467790,355.42,0
1451,3412.741,"Mount",0.066,-0.180,0.138,0.133,0.094,0.000,23,W,0,,,,476484,366.34,0
1452,3414.915,"Mount",-0.075,-0.003,-0.066,0.036,0.000,0.000,0,,0,,,,460182,392.92,0
1453,3417.309,"Mount",-0.147,0.031,-0.145,0.036,-0.092,0.000,22,E,0,,,,443861,341.12,0
1454,3419.494,"Mount",-0.095,0.094,-0.127,-0.043,0.000,0.000,0,,0,,,,454043,366.67,0
1455,3421.823,"Mount",0.078,-0.078,0.104,0.036,0.000,0.000,0,,0,,,,475989,367.17,0
1456,3424.049,"Mount",-0.036,0.001,-0.032,0.015,0.000,0.000,0,,0,,,,472914,368.87,0
1457,3426.388,"Mount",0.002,-0.162,0.073,0.145,0.000,0.000,0,,0,,,,481417,374.30,0
1458,3428.579,"Mount",-0.031,-0.127,0.028,0.128,0.000,0.000,0,,0,,,,470053,354.43,0
1459,3431.021,"Mount",-0.043,-0.354,0.117,0.337,0.000,0.337,0,,71,S,,,485474,356.37,0
1460,3433.184,"Mount",0.005,0.048,-0.017,-0.046,0.000,0.000,0,,0,,,,449466,310.67,0
1461,3435.597,"Mount",-0.318,0.284,-0.410,-0.115,-0.258,0.000,62,E,0,,,,462050,347.31,0
1462,3437.901,"Mount",-0.411,0.543,-0.608,-0.308,-0.401,0.000,97,E,0,,,,487190,361.31,0
1463,3440.265,"Mount",0.003,0.037,-0.013,-0.035,0.000,0.000,0,,0,,,,471433,349.99,0
1464,3442.533,"Mount",-0.339,0.428,-0.492,-0.236,-0.310,0.000,75,E,0,,,,459022,344.24,0
1465,3444.973,"Mount",-0.311,0.098,-0.323,0.049,-0.225,0.000,54,E,0,,,,453355,326.65,0
1466,3447.229,"Mount",-0.167,0.323,-0.292,-0.217,-0.199,0.000,48,E,0,,,,453185,345.11,0
1467,3449.621,"Mount",0.086,-0.177,0.155,0.122,0.084,0.000,20,W,0,,,,490253,376.25,0
1468,3451.861,"Mount",0.210,0.044,0.169,-0.131,0.113,0.000,27,W,0,,,,471462,373.89,0
1469,3454.253,"Mount",0.254,0.070,0.197,-0.174,0.132,0.000,32,W,0,,,,464006,347.03,0
1470,3456.420,"Mount",0.004,0.123,-0.051,-0.112,0.000,0.000,0,,0,,,,458965,304.16,0
1471,3458.761,"Mount",0.056,0.149,-0.016,-0.158,0.000,0.000,0,,0,,,,443823,325.83,0
1472,3461.021,"Mount",-0.247,0.222,-0.319,-0.091,-0.201,0.000,49,E,0,,,,463627,348.56,0
1473,3463.359,"Mount",-0.050,0.130,-0.102,-0.095,0.000,0.000,0,,0,,,,461297,334.62,0
1474,3465.637,"Mount",-0.396,0.562,-0.602,-0.332,-0.379,0.000,92,E,0,,,,462287,340.28,0
1475,3468.037,"Mount",0.207,-0.086,0.224,-0.013,0.115,0.000,28,W,0,,,,478073,353.36,0
1476,3470.313,"Mount",-0.105,0.004,-0.096,0.042,0.000,0.000,0,,0,,,,453690,347.85,0
1477,3472.647,"Mount",0.065,0.095,0.016,-0.113,0.000,0.000,0,,0,,,,458553,339.85,0
1478,3474.893,"Mount",-0.245,0.183,-0.300,-0.057,-0.189,0.000,46,E,0,,,,434135,331.94,0
1479,3477.252,"Mount",0.094,0.152,0.018,-0.178,0.000,0.000,0,,0,,,,473226,359.30,0
1480,3479.509,"Mount",-0.096,0.247,-0.195,-0.180,-0.123,0.000,30,E,0,,,,443128,341.23,0
1481,3481.848,"Mount",-0.036,0.181,-0.112,-0.147,0.000,0.000,0,,0,,,,446477,354.20,0
1482,3484.189,"Mount",-0.319,0.279,-0.409,-0.111,-0.258,0.000,62,E,0,,,,448734,349.61,0
1483,3486.621,"Mount",-0.290,0.173,-0.336,-0.028,-0.230,0.000,56,E,0,,,,457612,336.57,0
1484,3488.877,"Mount",-0.170,0.302,-0.286,-0.196,-0.196,0.000,47,E,0,,,,468416,357.83,0
1485,3491.341,"Mount",0.369,0.085,0.295,-0.238,0.172,0.000,42,W,0,,,,470476,338.76,0
1486,3493.549,"Mount",-0.060,0.247,-0.163,-0.195,-0.090,0.000,22,E,0,,,,481683,340.54,0
1487,3495.958,"Mount",0.224,0.063,0.174,-0.155,0.103,0.000,25,W,0,,,,474003,368.53,0
1488,3498.157,"Mount",-0.031,0.264,-0.143,-0.224,-0.083,0.000,20,E,0,,,,470179,341.39,0
1489,3500.496,"Mount",0.057,0.073,0.019,-0.091,0.000,0.000,0,,0,,,,480737,352.90,0
1490,3502.765,"Mount",-0.204,0.304,-0.316,-0.184,-0.199,0.000,48,E,0,,,,469935,364.64,0
1491,3505.120,"Mount",0.047,0.046,0.022,-0.062,0.000,0.000,0,,0,,,,489132,356.15,0
1492,3507.291,"Mount",-0.027,0.151,-0.090,-0.124,0.000,0.000,0,,0,,,,454822,345.00,0
1493,3509.631,"Mount",0.109,0.206,0.008,-0.233,0.000,0.000,0,,0,,,,469714,342.18,0
1494,3511.798,"Mount",-0.072,0.056,-0.089,-0.019,0.000,0.000,0,,0,,,,488342,345.28,0
1495,3514.205,"Mount",0.220,-0.200,0.286,0.083,0.180,0.000,43,W,0,,,,487226,378.08,0
1496,3516.437,"Mount",0.195,-0.020,0.184,-0.068,0.129,0.000,31,W,0,,,,493237,399.27,0
1497,3518.837,"Mount",-0.152,0.131,-0.194,-0.051,-0.113,0.000,27,E,0,,,,486985,379.36,0
1498,3521.119,"Mount",-0.421,0.139,-0.439,0.060,-0.284,0.000,69,E,0,,,,460260,356.21,0
1499,3523.519,"Mount",-0.052,0.099,-0.090,-0.066,0.000,0.000,0,,0,,,,477114,350.20,0
1500,3525.692,"Mount",-0.025,-0.103,0.022,0.103,0.000,0.000,0,,0,,,,464155,327.55,0
1501,3528.101,"Mount",-0.283,0.089,-0.294,0.044,-0.185,0.000,45,E,0,,,,446101,335.96,0
1502,3530.322,"Mount",-0.068,-0.047,-0.040,0.072,0.000,0.000,0,,0,,,,459998,353.46,0
1503,3532.733,"Mount",0.259,-0.283,0.357,0.141,0.225,0.000,54,W,0,,,,495874,367.35,0
1504,3534.981,"Mount",0.209,-0.166,0.260,0.057,0.180,0.000,43,W,0,,,,485213,382.55,0
1505,3537.461,"Mount",0.600,-0.369,0.701,0.068,0.454,0.000,110,W,0,,,,472378,344.89,0
1506,3539.781,"Mount",0.411,-0.276,0.490,0.068,0.341,0.000,82,W,0,,,,493968,399.06,0
1507,3542.114,"Mount",-0.016,-0.048,0.007,0.050,0.000,0.000,0,,0,,,,476504,375.11,0
1508,3544.389,"Mount",-0.229,-0.099,-0.162,0.190,-0.102,0.000,25,E,0,,,,468388,373.71,0
1509,3546.797,"Mount",0.138,-0.244,0.231,0.159,0.139,0.000,33,W,0,,,,496340,370.36,0
1510,3548.977,"Mount",0.037,-0.207,0.124,0.170,0.000,0.000,0,,0,,,,507953,353.99,0
1511,3551.355,"Mount",0.038,-0.149,0.099,0.118,0.000,0.000,0,,0,,,,477704,346.09,0
1512,3553.573,"Mount",0.081,-0.143,0.135,0.093,0.085,0.000,21,W,0,,,,486001,390.08,0
1513,3555.918,"Mount",0.009,-0.191,0.092,0.168,0.000,0.000,0,,0,,,,475806,360.20,0
1514,3558.181,"Mount",0.334,-0.322,0.441,0.143,0.278,0.000,67,W,0,,,,482138,338.47,0
1515,3560.533,"Mount",0.054,0.004,0.047,-0.028,0.000,0.000,0,,0,,,,469776,362.94,0
1516,3562.749,"Mount",0.056,-0.203,0.140,0.157,0.088,0.000,21,W,0,,,,478462,343.33,0
1517,3565.156,"Mount",0.071,-0.125,0.119,0.081,0.000,0.000,0,,0,,,,483106,364.05,0
1518,3567.397,"Mount",0.187,-0.149,0.234,0.052,0.147,0.000,36,W,0,,,,482441,359.70,0
1519,3569.797,"Mount",-0.254,0.066,-0.257,0.053,-0.152,0.000,37,E,0,,,,457114,347.85,0
1520,3572.045,"Mount",0.261,-0.299,0.366,0.154,0.220,0.000,53,W,0,,,,503836,395.21,0
1521,3574.382,"Mount",0.006,-0.022,0.016,0.017,0.000,0.000,0,,0,,,,471493,356.85,0
1522,3576.637,"Mount",0.222,-0.284,0.324,0.157,0.204,0.000,49,W,0,,,,488760,349.71,0
1523,3578.971,"Mount",-0.028,-0.096,0.017,0.099,0.000,0.000,0,,0,,,,455440,341.57,0
1524,3581.160,"Mount",0.038,0.012,0.029,-0.028,0.000,0.000,0,,0,,,,468250,390.15,0
1525,3583.573,"Mount",-0.259,0.106,-0.279,0.019,-0.176,0.000,42,E,0,,,,447140,342.77,0
1526,3585.812,"Mount",0.066,-0.111,0.108,0.071,0.000,0.000,0,,0,,,,465509,324.85,0
1527,3588.301,"Mount",-0.359,-0.057,-0.298,0.209,-0.187,0.209,45,E,44,S,,,457555,326.94,0
1528,3590.573,"Mount",-0.217,0.054,-0.218,0.047,-0.151,0.000,36,E,0,,,,436844,368.12,0
1529,3593.013,"Mount",-0.388,0.115,-0.399,0.067,-0.262,0.000,63,E,0,,,,456833,350.30,0
1530,3595.178,"Mount",-0.024,-0.036,-0.006,0.043,0.000,0.000,0,,0,,,,460777,343.80,0
1531,3597.509,"Mount",-0.041,0.192,-0.121,-0.154,0.000,0.000,0,,0,,,,443037,337.08,0
1532,3599.726,"Mount",0.111,-0.110,0.148,0.050,0.093,0.000,22,W,0,,,,478690,351.33,0
1533,3602.064,"Mount",-0.029,-0.161,0.044,0.157,0.000,0.000,0,,0,,,,438849,347.70,0
1534,3604.317,"Mount",0.203,-0.287,0.308,0.168,0.194,0.000,47,W,0,,,,488397,371.02,0
1535,3606.678,"Mount",0.031,-0.076,0.061,0.054,0.000,0.000,0,,0,,,,475067,371.22,0
1536,3608.901,"Mount",-0.232,-0.081,-0.172,0.175,-0.109,0.000,26,E,0,,,,452280,350.99,0
1537,3611.272,"Mount",-0.054,-0.001,-0.048,0.025,0.000,0.000,0,,0,,,,455321,366.28,0
1538,3613.437,"Mount",-0.127,-0.043,-0.096,0.094,0.000,0.000,0,,0,,,,455939,324.11,0
1539,3615.941,"Mount",-0.458,-0.106,-0.365,0.296,-0.230,0.296,56,E,62,S,,,460855,339.89,0
1540,3618.165,"Mount",-0.132,0.127,-0.174,-0.056,-0.126,0.000,30,E,0,,,,467282,347.46,0
1541,3620.605,"Mount",-0.185,0.401,-0.342,-0.279,-0.224,0.000,54,E,0,,,,465233,321.08,0
1542,3622.776,"Mount",0.034,0.267,-0.087,-0.254,0.000,0.000,0,,0,,,,478515,364.44,0
1543,3625.189,"Mount",-0.107,0.261,-0.211,-0.188,-0.133,0.000,32,E,0,,,,460050,352.72,0
1544,3627.364,"Mount",-0.038,0.088,-0.072,-0.063,0.000,0.000,0,,0,,,,455481,340.32,0
1545,3629.749,"Mount",-0.141,0.196,-0.213,-0.114,-0.134,0.000,32,E,0,,,,457261,317.30,0
1546,3631.997,"Mount",-0.179,0.239,-0.266,-0.137,-0.177,0.000,43,E,0,,,,460116,354.98,0
1547,3634.331,"Mount",-0.003,0.227,-0.102,-0.203,0.000,0.000,0,,0,,,,451876,347.95,0
1548,3636.557,"Mount",-0.063,0.189,-0.139,-0.142,-0.088,0.000,21,E,0,,,,463392,365.80,0
1549,3638.910,"Mount",-0.038,0.105,-0.080,-0.078,0.000,0.000,0,,0,,,,477333,374.84,0
1550,3641.090,"Mount",0.081,0.185,-0.009,-0.202,0.000,0.000,0,,0,,,,465674,362.36,0
1551,3643.433,"Mount",-0.014,0.108,-0.060,-0.091,0.000,0.000,0,,0,,,,470408,348.59,0
1552,3645.588,"Mount",-0.001,-0.073,0.032,0.066,0.000,0.000,0,,0,,,,470633,348.04,0
1553,3647.981,"Mount",-0.167,0.078,-0.184,0.004,-0.116,0.000,28,E,0,,,,454181,348.45,0
1554,3650.277,"Mount",-0.450,0.377,-0.570,-0.141,-0.367,0.000,89,E,0,,,,452035,350.12,0
1555,3652.765,"Mount",-0.641,0.442,-0.770,-0.115,-0.511,0.000,123,E,0,,,,479152,367.42,0
1556,3655.077,"Mount",-0.474,0.315,-0.565,-0.075,-0.392,0.000,95,E,0,,,,456186,345.20,0
1557,3657.416,"Mount",0.123,0.178,0.032,-0.214,0.000,0.000,0,,0,,,,459240,327.22,0
1558,3659.645,"Mount",0.223,0.035,0.185,-0.129,0.117,0.000,28,W,0,,,,469235,360.68,0
1559,3662.054,"Mount",0.318,-0.013,0.291,-0.128,0.191,0.000,46,W,0,,,,450259,349.72,0
1560,3664.226,"Mount",0.087,-0.068,0.108,0.023,0.000,0.000,0,,0,,,,483570,384.24,0
1561,3666.653,"Mount",0.405,-0.025,0.375,-0.155,0.236,0.000,57,W,0,,,,465213,317.37,0
1562,3668.857,"Mount",0.039,0.056,0.011,-0.067,0.000,0.000,0,,0,,,,476739,337.83,0
1563,3671.325,"Mount",-0.210,0.430,-0.377,-0.294,-0.238,0.000,57,E,0,,,,475273,346.50,0
1564,3673.565,"Mount",-0.138,0.188,-0.206,-0.109,-0.146,0.000,35,E,0,,,,447017,327.43,0
1565,3677.469,"Mount",-0.512,0.533,-0.694,-0.254,-0.448,-0.254,108,E,1381,N,,,470050,326.02,0
1566,3679.797,"Mount",-0.412,0.129,-0.426,0.065,-0.300,0.000,72,E,0,,,,486915,384.09,0
1567,3682.142,"Mount",-0.061,-0.300,0.077,0.296,0.000,0.000,0,,0,,,,474966,368.67,0
1568,3684.308,"Mount",-0.116,-0.173,-0.028,0.207,0.000,0.000,0,,0,,,,472765,358.46,0
1569,3686.773,"Mount",0.337,-0.526,0.533,0.325,0.336,0.000,81,W,0,,,,483271,402.10,0
1570,3689.077,"Mount",0.120,-0.360,0.266,0.271,0.191,0.000,46,W,0,,,,497629,368.56,0
1571,3692.893,"Mount",0.099,-0.282,0.212,0.210,0.147,0.210,36,W,1372,S,,,492769,358.15,0
1572,3695.055,"Mount",-0.091,-0.020,-0.073,0.058,0.000,0.000,0,,0,,,,441573,313.92,0
1573,3698.961,"Mount",0.358,0.771,-0.016,-0.850,0.000,-0.850,0,,1506,N,,,483120,340.33,0
1574,3701.381,"Mount",-0.058,0.658,-0.340,-0.566,-0.214,-0.566,52,E,119,N,,,474515,353.72,0
1575,3703.845,"Mount",-0.323,0.064,-0.319,0.084,-0.216,0.000,52,E,0,,,,441310,332.07,0
1576,3706.027,"Mount",0.021,-0.020,0.028,0.009,0.000,0.000,0,,0,,,,465859,314.23,0
1577,3708.461,"Mount",0.260,-0.298,0.364,0.154,0.229,0.000,55,W,0,,,,496075,372.02,0
1578,3710.650,"Mount",0.001,-0.014,0.007,0.012,0.000,0.000,0,,0,,,,456174,361.14,0
1579,3712.980,"Mount",-0.048,0.044,-0.063,-0.018,0.000,0.000,0,,0,,,,459770,344.42,0
1580,3715.221,"Mount",-0.238,0.159,-0.284,-0.039,-0.179,0.000,43,E,0,,,,467138,340.53,0
1581,3717.645,"Mount",-0.441,-0.055,-0.372,0.243,-0.247,0.000,60,E,0,,,,461632,351.23,0
1582,3719.882,"Mount",-0.101,-0.072,-0.059,0.109,0.000,0.000,0,,0,,,,453451,321.20,0
1583,3722.309,"Mount",0.261,-0.206,0.325,0.070,0.205,0.000,49,W,0,,,,480695,355.65,0
1584,3724.484,"Mount",0.036,-0.145,0.096,0.115,0.000,0.000,0,,0,,,,472632,361.56,0
1585,3726.901,"Mount",0.095,-0.171,0.160,0.112,0.101,0.000,24,W,0,,,,494056,387.16,0
1586,3729.088,"Mount",0.082,-0.111,0.122,0.063,0.000,0.000,0,,0,,,,470177,359.92,0
1587,3731.525,"Mount",0.203,-0.238,0.287,0.125,0.181,0.000,44,W,0,,,,517166,379.87,0
1588,3733.717,"Mount",-0.103,-0.143,-0.030,0.173,0.000,0.000,0,,0,,,,459455,336.58,0
1589,3736.133,"Mount",-0.255,0.076,-0.262,0.044,-0.165,0.000,40,E,0,,,,447022,305.14,0
1590,3738.405,"Mount",-0.448,-0.038,-0.386,0.230,-0.255,0.000,62,E,0,,,,470360,365.17,0
1591,3740.777,"Mount",-0.051,-0.038,-0.030,0.056,0.000,0.000,0,,0,,,,464211,354.70,0
1592,3743.045,"Mount",-0.562,0.052,-0.528,0.200,-0.333,0.000,80,E,0,,,,455350,323.97,0
1593,3746.861,"Mount",0.160,-0.323,0.285,0.221,0.156,0.221,38,W,1374,S,,,520077,350.56,0
1594,3749.133,"Mount",0.249,-0.294,0.353,0.155,0.233,0.000,56,W,0,,,,478300,364.88,0
1595,3751.637,"Mount",0.784,-0.345,0.856,-0.034,0.555,0.000,134,W,0,,,,467208,352.47,0
1596,3753.925,"Mount",0.332,-0.082,0.334,-0.072,0.249,0.000,60,W,0,,,,481461,363.77,0
1597,3756.263,"Mount",0.023,0.141,-0.041,-0.137,0.000,0.000,0,,0,,,,472859,366.40,0
1598,3758.471,"Mount",0.191,0.124,0.117,-0.196,0.000,0.000,0,,0,,,,458264,329.49,0
1599,3760.861,"Mount",-0.021,0.279,-0.141,-0.241,-0.089,0.000,22,E,0,,,,448017,329.98,0
1600,3763.117,"Mount",-0.160,0.297,-0.275,-0.196,-0.179,0.000,43,E,0,,,,448209,325.66,0
1601,3765.453,"Mount",-0.064,-0.063,-0.030,0.084,0.000,0.000,0,,0,,,,468695,355.59,0
1602,3767.685,"Mount",0.089,-0.130,0.137,0.077,0.086,0.000,21,W,0,,,,478431,341.34,0
1603,3770.032,"Mount",-0.094,0.087,-0.123,-0.037,0.000,0.000,0,,0,,,,455472,353.75,0
1604,3772.206,"Mount",0.100,-0.030,0.103,-0.017,0.000,0.000,0,,0,,,,457969,331.24,0
1605,3774.613,"Mount",-0.230,0.138,-0.268,-0.023,-0.169,0.000,41,E,0,,,,458723,383.99,0
1606,3776.776,"Mount",0.161,0.036,0.129,-0.103,0.000,0.000,0,,0,,,,464169,344.73,0
1607,3779.121,"Mount",0.074,-0.090,0.106,0.049,0.000,0.000,0,,0,,,,456642,344.60,0
1608,3781.333,"Mount",0.132,-0.038,0.135,-0.024,0.085,0.000,21,W,0,,,,458456,355.72,0
1609,3783.838,"Mount",-0.228,-0.114,-0.155,0.202,-0.092,0.202,22,E,42,S,,,464592,354.52,0
1610,3786.018,"Mount",0.016,0.103,-0.031,-0.100,0.000,0.000,0,,0,,,,458301,332.12,0
1611,3788.411,"Mount",0.008,-0.089,0.046,0.077,0.000,0.000,0,,0,,,,465754,333.05,0
1612,3790.670,"Mount",0.175,-0.161,0.228,0.068,0.143,0.000,35,W,0,,,,482954,367.94,0
1613,3793.058,"Mount",0.010,-0.082,0.045,0.069,0.000,0.000,0,,0,,,,463179,352.36,0
1614,3795.325,"Mount",0.216,-0.288,0.321,0.164,0.202,0.000,49,W,0,,,,503806,360.47,0
1615,3797.741,"Mount",-0.180,-0.006,-0.159,0.085,-0.086,0.000,21,E,0,,,,460094,318.19,0
1616,3799.981,"Mount",0.130,-0.103,0.162,0.036,0.096,0.000,23,W,0,,,,471399,361.87,0
INFO: SET LOCK POSITION, new lock pos = 670.278, 879.012
INFO: DITHER by -4.086, -1.355, new lock pos = 667.201, 882.023
INFO: SETTLING STATE CHANGE, Settling started
1617,3803.848,"Mount",3.077,-3.011,4.086,1.355,4.086,1.355,987,W,285,S,,,463492,353.20,0
1618,3806.621,"Mount",0.890,-1.871,1.621,1.291,1.021,1.291,247,W,271,S,,,495536,344.46,0
1619,3810.710,"Mount",-0.672,1.341,-1.193,-0.910,-0.680,-0.910,164,E,1519,N,,,452870,350.46,0
1620,3813.269,"Mount",-0.454,0.418,-0.592,-0.176,-0.420,0.000,102,E,0,,,,467275,338.46,0
1621,3815.525,"Mount",0.200,0.147,0.116,-0.220,0.000,-0.220,0,,46,N,,,470766,364.76,0
1622,3817.856,"Mount",0.062,0.050,0.033,-0.072,0.000,0.000,0,,0,,,,440953,307.75,0
1623,3820.069,"Mount",-0.060,0.200,-0.141,-0.153,-0.089,0.000,22,E,0,,,,460270,347.75,0
1624,3822.501,"Mount",0.067,0.295,-0.070,-0.294,0.000,-0.294,0,,62,N,,,444066,359.24,0
1625,3824.725,"Mount",-0.075,0.176,-0.145,-0.126,-0.091,0.000,22,E,0,,,,441247,351.31,0
INFO: SETTLING STATE CHANGE, Settling complete
1626,3827.087,"Mount",0.100,-0.006,0.092,-0.038,0.000,0.000,0,,0,,,,459229,346.70,0
1627,3829.405,"Mount",0.174,-0.060,0.183,-0.023,0.115,0.000,28,W,0,,,,473343,337.62,0
1628,3831.756,"Mount",0.094,0.108,0.037,-0.138,0.000,0.000,0,,0,,,,483020,369.44,0
1629,3834.053,"Mount",0.490,-0.146,0.505,-0.084,0.318,0.000,77,W,0,,,,472899,368.16,0
1630,3836.501,"Mount",0.421,-0.166,0.451,-0.036,0.307,0.000,74,W,0,,,,452075,334.91,0
1631,3838.861,"Mount",0.591,-0.256,0.643,-0.029,0.427,0.000,103,W,0,,,,488510,366.84,0
1632,3841.209,"Mount",-0.047,0.170,-0.117,-0.132,0.000,0.000,0,,0,,,,444316,343.34,0
1633,3843.378,"Mount",0.050,0.037,0.029,-0.055,0.000,0.000,0,,0,,,,451093,346.63,0
1634,3845.705,"Mount",0.040,0.199,-0.052,-0.196,0.000,0.000,0,,0,,,,443216,344.17,0
1635,3847.925,"Mount",-0.103,0.114,-0.142,-0.057,-0.090,0.000,22,E,0,,,,448976,336.34,0
1636,3850.264,"Mount",0.100,-0.076,0.123,0.024,0.000,0.000,0,,0,,,,449403,334.79,0
1637,3852.517,"Mount",0.307,-0.137,0.336,-0.012,0.212,0.000,51,W,0,,,,476531,358.16,0
1638,3854.857,"Mount",0.062,-0.104,0.102,0.067,0.000,0.000,0,,0,,,,480167,352.49,0
1639,3857.125,"Mount",0.268,-0.213,0.334,0.074,0.211,0.000,51,W,0,,,,475779,375.02,0
1640,3859.533,"Mount",0.062,-0.190,0.139,0.144,0.102,0.000,25,W,0,,,,495649,383.47,0
1641,3861.718,"Mount",0.034,-0.132,0.088,0.104,0.000,0.000,0,,0,,,,478098,332.48,0
1642,3864.041,"Mount",-0.108,-0.058,-0.071,0.100,0.000,0.000,0,,0,,,,472577,373.10,0
1643,3866.202,"Mount",-0.037,-0.114,0.017,0.118,0.000,0.000,0,,0,,,,471092,353.87,0
1644,3868.608,"Mount",-0.166,-0.097,-0.107,0.160,0.000,0.000,0,,0,,,,454077,344.52,0
1645,3870.894,"Mount",0.355,-0.171,0.394,-0.002,0.248,0.000,60,W,0,,,,495507,385.90,0
1646,3873.225,"Mount",-0.063,0.066,-0.085,-0.032,0.000,0.000,0,,0,,,,465654,367.19,0
1647,3875.453,"Mount",0.129,-0.069,0.147,0.005,0.092,0.000,22,W,0,,,,475762,350.67,0
1648,3877.797,"Mount",-0.129,-0.123,-0.062,0.167,0.000,0.000,0,,0,,,,484426,363.60,0
1649,3880.021,"Mount",0.054,-0.227,0.148,0.180,0.094,0.000,23,W,0,,,,492535,395.08,0
1650,3882.485,"Mount",-0.700,0.241,-0.735,0.091,-0.457,0.000,110,E,0,,,,470661,330.73,0
1651,3884.733,"Mount",-0.243,0.009,-0.222,0.099,-0.172,0.000,42,E,0,,,,468258,355.02,0
1652,3887.173,"Mount",-0.268,-0.017,-0.233,0.133,-0.159,0.000,38,E,0,,,,470062,364.05,0
1653,3889.437,"Mount",-0.271,0.168,-0.317,-0.032,-0.211,0.000,51,E,0,,,,451894,352.61,0
1654,3891.789,"Mount",-0.049,-0.044,-0.025,0.061,0.000,0.000,0,,0,,,,478224,355.36,0
1655,3893.984,"Mount",0.010,-0.017,0.016,0.011,0.000,0.000,0,,0,,,,463058,345.20,0
1656,3896.338,"Mount",0.005,-0.083,0.041,0.072,0.000,0.000,0,,0,,,,486147,365.47,0
1657,3898.590,"Mount",0.163,-0.312,0.283,0.208,0.178,0.000,43,W,0,,,,506049,372.28,0
1658,3900.958,"Mount",0.020,-0.170,0.092,0.144,0.000,0.000,0,,0,,,,480917,359.82,0
1659,3903.245,"Mount",0.221,-0.104,0.244,-0.003,0.154,0.000,37,W,0,,,,478962,340.85,0
1660,3905.580,"Mount",-0.131,-0.030,-0.104,0.084,0.000,0.000,0,,0,,,,462756,343.31,0
1661,3907.755,"Mount",-0.122,-0.134,-0.050,0.174,0.000,0.000,0,,0,,,,452895,341.88,0
1662,3910.173,"Mount",-0.386,0.032,-0.361,0.141,-0.228,0.000,55,E,0,,,,469167,366.90,0
1663,3912.429,"Mount",-0.322,0.136,-0.349,0.019,-0.236,0.000,57,E,0,,,,466179,373.34,0
1664,3914.759,"Mount",-0.003,0.009,-0.007,-0.007,0.000,0.000,0,,0,,,,457942,324.57,0
1665,3916.997,"Mount",-0.180,0.007,-0.165,0.072,-0.104,0.000,25,E,0,,,,472530,345.09,0
1666,3919.439,"Mount",-0.363,0.092,-0.367,0.077,-0.238,0.000,58,E,0,,,,469493,370.53,0
1667,3921.671,"Mount",0.093,-0.216,0.179,0.153,0.096,0.000,23,W,0,,,,457003,326.00,0
1668,3924.134,"Mount",-0.434,0.156,-0.459,0.050,-0.282,0.000,68,E,0,,,,475915,357.09,0
1669,3926.431,"Mount",-0.263,-0.012,-0.231,0.126,-0.165,0.000,40,E,0,,,,446243,333.40,0
1670,3928.869,"Mount",-0.386,-0.009,-0.342,0.178,-0.227,0.000,55,E,0,,,,464491,358.96,0
1671,3931.117,"Mount",-0.268,-0.201,-0.153,0.299,-0.112,0.000,27,E,0,,,,485081,350.95,0
1672,3933.462,"Mount",-0.174,-0.312,-0.019,0.356,0.000,0.000,0,,0,,,,481802,343.22,0
1673,3937.165,"Mount",0.033,-0.367,0.191,0.316,0.120,0.316,29,W,1437,S,,,474792,357.69,0
1674,3939.512,"Mount",0.045,0.124,-0.014,-0.131,0.000,0.000,0,,0,,,,471200,376.93,0
1675,3941.765,"Mount",-0.317,0.119,-0.337,0.032,-0.212,0.000,51,E,0,,,,468012,338.97,0
1676,3944.099,"Mount",-0.032,0.143,-0.091,-0.115,0.000,0.000,0,,0,,,,476812,366.72,0
1677,3946.414,"Mount",-0.792,0.304,-0.845,0.074,-0.532,0.000,129,E,0,,,,479564,338.24,0
1678,3948.829,"Mount",0.324,-0.033,0.306,-0.112,0.155,0.000,38,W,0,,,,466073,329.41,0
1679,3951.011,"Mount",0.063,0.190,-0.027,-0.198,0.000,0.000,0,,0,,,,474688,348.38,0
1680,3953.461,"Mount",-0.150,0.309,-0.270,-0.212,-0.170,0.000,41,E,0,,,,471413,338.03,0
1681,3955.710,"Mount",-0.262,0.141,-0.297,-0.012,-0.199,0.000,48,E,0,,,,431040,352.11,0
1682,3958.056,"Mount",0.067,-0.021,0.070,-0.011,0.000,0.000,0,,0,,,,503157,354.20,0
1683,3960.302,"Mount",0.311,-0.051,0.302,-0.090,0.190,0.000,46,W,0,,,,484496,373.48,0
1684,3962.733,"Mount",0.274,-0.091,0.286,-0.039,0.194,0.000,47,W,0,,,,488161,354.49,0
1685,3964.981,"Mount",0.183,-0.231,0.266,0.128,0.181,0.000,44,W,0,,,,486825,344.13,0
1686,3967.315,"Mount",-0.007,0.088,-0.045,-0.076,0.000,0.000,0,,0,,,,451177,334.95,0
1687,3969.573,"Mount",-0.235,0.269,-0.329,-0.138,-0.207,0.000,50,E,0,,,,462926,339.66,0
1688,3971.914,"Mount",-0.011,-0.032,0.004,0.034,0.000,0.000,0,,0,,,,479250,388.31,0
1689,3974.149,"Mount",-0.281,0.081,-0.288,0.051,-0.182,0.000,44,E,0,,,,461141,359.76,0
1690,3976.565,"Mount",0.245,-0.045,0.240,-0.067,0.139,0.000,33,W,0,,,,482972,352.44,0
1691,3978.837,"Mount",-0.230,0.323,-0.349,-0.189,-0.210,0.000,51,E,0,,,,465782,366.02,0
1692,3981.190,"Mount",0.088,-0.058,0.104,0.013,0.000,0.000,0,,0,,,,455335,336.64,0
1693,3983.478,"Mount",0.265,-0.208,0.330,0.071,0.208,0.000,50,W,0,,,,477147,351.60,0
1694,3985.910,"Mount",0.339,-0.101,0.349,-0.059,0.234,0.000,57,W,0,,,,478667,338.51,0
1695,3988.165,"Mount",0.359,-0.105,0.369,-0.063,0.249,0.000,60,W,0,,,,478649,361.49,0
1696,3990.693,"Mount",-0.242,0.267,-0.335,-0.133,-0.194,0.000,47,E,0,,,,455834,333.10,0
1697,3992.855,"Mount",0.157,0.070,0.110,-0.132,0.000,0.000,0,,0,,,,464685,355.93,0
1698,3995.253,"Mount",0.226,-0.065,0.231,-0.040,0.146,0.000,35,W,0,,,,476373,363.78,0
1699,3997.461,"Mount",0.152,0.013,0.131,-0.078,0.093,0.000,22,W,0,,,,480129,352.93,0
1700,3999.869,"Mount",-0.068,0.167,-0.135,-0.120,-0.078,0.000,19,E,0,,,,438200,330.09,0
1701,4002.093,"Mount",0.130,-0.177,0.195,0.102,0.117,0.000,28,W,0,,,,479006,345.89,0
1702,4004.541,"Mount",-0.213,0.170,-0.266,-0.059,-0.159,0.000,38,E,0,,,,467714,386.97,0
1703,4006.773,"Mount",0.107,-0.152,0.163,0.090,0.092,0.000,22,W,0,,,,479700,361.20,0
1704,4009.173,"Mount",-0.235,0.009,-0.215,0.095,-0.129,0.000,31,E,0,,,,456329,338.68,0
1705,4011.348,"Mount",0.098,0.061,0.061,-0.098,0.000,0.000,0,,0,,,,472718,373.65,0
1706,4013.685,"Mount",0.040,0.007,0.033,-0.024,0.000,0.000,0,,0,,,,480955,381.85,0
1707,4015.909,"Mount",-0.220,-0.097,-0.155,0.184,-0.098,0.000,24,E,0,,,,464671,365.19,0
1708,4018.325,"Mount",-0.221,-0.180,-0.120,0.259,0.000,0.259,0,,54,S,,,470054,331.54,0
1709,4020.557,"Mount",0.159,-0.184,0.224,0.096,0.141,0.000,34,W,0,,,,474935,362.41,0
1710,4022.941,"Mount",-0.103,0.111,-0.142,-0.055,-0.079,0.000,19,E,0,,,,439832,338.48,0
1711,4025.116,"Mount",-0.009,-0.005,-0.006,0.008,0.000,0.000,0,,0,,,,456339,339.41,0
1712,4027.509,"Mount",-0.179,0.025,-0.172,0.056,-0.108,0.000,26,E,0,,,,477464,329.01,0
1713,4029.757,"Mount",0.087,-0.240,0.183,0.177,0.108,0.000,26,W,0,,,,492590,355.22,0
1714,4032.165,"Mount",0.211,-0.184,0.270,0.073,0.178,0.000,43,W,0,,,,476470,326.97,0
1715,4034.372,"Mount",0.020,-0.010,0.022,0.000,0.000,0.000,0,,0,,,,449018,334.24,0
1716,4036.813,"Mount",-0.305,0.152,-0.341,-0.002,-0.215,0.000,52,E,0,,,,453132,328.39,0
1717,4038.977,"Mount",-0.157,-0.067,-0.112,0.129,0.000,0.000,0,,0,,,,478824,342.67,0
1718,4041.429,"Mount",-0.498,0.177,-0.525,0.060,-0.331,0.000,80,E,0,,,,470360,365.61,0
1719,4043.693,"Mount",-0.271,0.168,-0.317,-0.032,-0.223,0.000,54,E,0,,,,464616,358.26,0
1720,4046.093,"Mount",0.214,-0.056,0.217,-0.043,0.121,0.000,29,W,0,,,,481282,354.37,0
1721,4048.373,"Mount",0.414,-0.263,0.487,0.054,0.316,0.000,76,W,0,,,,487413,367.00,0
1722,4052.454,"Mount",0.029,-0.080,0.061,0.059,0.000,0.000,0,,0,,,,469027,362.76,0
1723,4056.372,"Mount",0.619,-0.452,0.754,0.134,0.475,0.000,115,W,0,,,,462071,343.57,0
1724,4058.949,"Mount",0.635,-0.366,0.731,0.050,0.494,0.000,119,W,0,,,,486017,372.24,0
1725,4061.749,"Mount",-1.788,0.642,-1.888,0.208,-1.155,0.208,279,E,44,S,,,495212,341.34,0
1726,4064.238,"Mount",-0.989,0.432,-1.079,0.046,-0.760,0.000,184,E,0,,,,508350,361.97,0
1727,4066.701,"Mount",0.118,-0.106,0.153,0.043,0.043,0.000,10,W,0,,,,493669,332.56,0
1728,4068.907,"Mount",-0.052,-0.103,-0.001,0.115,0.000,0.000,0,,0,,,,459579,334.83,0
1729,4071.344,"Mount",0.021,-0.135,0.078,0.112,0.000,0.000,0,,0,,,,471133,366.87,0
1730,4073.677,"Mount",-0.033,-0.040,-0.012,0.050,0.000,0.000,0,,0,,,,477542,361.34,0
1731,4076.031,"Mount",0.125,0.085,0.076,-0.131,0.000,0.000,0,,0,,,,478542,352.57,0
1732,4078.293,"Mount",-0.102,0.162,-0.163,-0.101,-0.103,0.000,25,E,0,,,,453747,343.02,0
1733,4080.917,"Mount",0.126,-0.223,0.211,0.145,0.126,0.000,30,W,0,,,,476514,357.60,0
1734,4083.479,"Mount",-0.315,0.043,-0.302,0.099,-0.182,0.000,44,E,0,,,,462824,366.31,0
1735,4085.887,"Mount",-0.149,-0.094,-0.093,0.150,0.000,0.000,0,,0,,,,464616,370.15,0
1736,4088.149,"Mount",0.002,0.029,-0.011,-0.027,0.000,0.000,0,,0,,,,459104,355.56,0
1737,4090.710,"Mount",-0.474,0.189,-0.509,0.038,-0.321,0.000,77,E,0,,,,470382,336.80,0
1738,4092.936,"Mount",0.081,-0.117,0.124,0.069,0.000,0.000,0,,0,,,,479167,352.37,0
1739,4095.414,"Mount",0.166,-0.137,0.209,0.050,0.132,0.000,32,W,0,,,,493461,325.34,0
1740,4097.685,"Mount",0.180,-0.237,0.265,0.134,0.176,0.000,43,W,0,,,,496990,382.07,0
1741,4100.033,"Mount",0.042,-0.029,0.051,0.008,0.000,0.000,0,,0,,,,457202,341.91,0
1742,4102.229,"Mount",-0.007,-0.059,0.020,0.056,0.000,0.000,0,,0,,,,456670,336.74,0
1743,4104.576,"Mount",-0.075,-0.009,-0.063,0.041,0.000,0.000,0,,0,,,,440920,328.41,0
1744,4106.837,"Mount",-0.194,-0.148,-0.110,0.218,0.000,0.218,0,,46,S,,,459319,373.46,0
1745,4109.170,"Mount",-0.139,-0.071,-0.093,0.125,0.000,0.000,0,,0,,,,472303,357.99,0
1746,4111.421,"Mount",0.068,-0.174,0.137,0.126,0.086,0.000,21,W,0,,,,469557,339.86,0
1747,4113.869,"Mount",0.092,-0.125,0.138,0.072,0.093,0.000,22,W,0,,,,458645,353.79,0
1748,4116.045,"Mount",0.038,-0.132,0.092,0.102,0.000,0.000,0,,0,,,,484218,378.96,0
1749,4118.509,"Mount",-0.278,0.038,-0.267,0.088,-0.168,0.000,41,E,0,,,,457487,314.36,0
1750,4120.840,"Mount",-0.083,-0.034,-0.060,0.068,0.000,0.000,0,,0,,,,442822,330.28,0
1751,4123.190,"Mount",-0.114,-0.077,-0.068,0.119,0.000,0.000,0,,0,,,,462365,344.80,0
1752,4125.469,"Mount",-0.170,-0.015,-0.146,0.088,-0.092,0.000,22,E,0,,,,453685,346.54,0
1753,4128.024,"Mount",-0.276,-0.053,-0.225,0.169,-0.148,0.000,36,E,0,,,,446826,336.88,0
1754,4130.269,"Mount",-0.125,-0.172,-0.036,0.209,0.000,0.209,0,,44,S,,,471042,383.48,0
1755,4132.717,"Mount",0.287,-0.347,0.410,0.186,0.258,0.000,62,W,0,,,,504442,364.12,0
1756,4135.087,"Mount",0.121,-0.391,0.281,0.298,0.195,0.298,47,W,63,S,,,487358,384.95,0
1757,4137.589,"Mount",0.797,-0.200,0.804,-0.170,0.520,0.000,126,W,0,,,,456389,356.15,0
1758,4139.861,"Mount",0.367,0.126,0.274,-0.274,0.209,0.000,51,W,0,,,,486985,316.32,0
1759,4142.302,"Mount",-0.189,0.336,-0.317,-0.219,-0.185,0.000,45,E,0,,,,462002,337.67,0
1760,4144.573,"Mount",-0.257,0.175,-0.308,-0.044,-0.207,0.000,50,E,0,,,,457874,344.39,0
1761,4147.094,"Mount",0.141,0.001,0.126,-0.063,0.000,0.000,0,,0,,,,464247,360.59,0
1762,4149.333,"Mount",-0.131,0.199,-0.205,-0.121,-0.129,0.000,31,E,0,,,,452836,362.94,0
1763,4151.747,"Mount",0.221,0.165,0.127,-0.245,0.000,0.000,0,,0,,,,487252,372.07,0
1764,4154.614,"Mount",0.125,0.004,0.110,-0.059,0.000,0.000,0,,0,,,,474237,378.68,0
1765,4157.469,"Mount",0.383,-0.075,0.377,-0.101,0.237,0.000,57,W,0,,,,470773,323.22,0
1766,4159.717,"Mount",0.185,0.051,0.144,-0.127,0.107,0.000,26,W,0,,,,472955,318.62,0
1767,4162.133,"Mount",-0.051,0.290,-0.174,-0.238,-0.102,0.000,25,E,0,,,,454029,310.51,0
1768,4164.302,"Mount",0.006,0.191,-0.078,-0.174,0.000,0.000,0,,0,,,,457105,330.54,0
1769,4168.221,"Mount",-0.126,0.412,-0.294,-0.315,-0.185,-0.315,45,E,1437,N,,,464117,338.85,0
1770,4170.478,"Mount",-0.107,0.107,-0.143,-0.049,-0.103,0.000,25,E,0,,,,473406,350.43,0
1771,4172.893,"Mount",-0.370,-0.134,-0.273,0.283,-0.179,0.000,43,E,0,,,,479758,366.37,0
1772,4175.084,"Mount",-0.227,-0.391,-0.033,0.451,0.000,0.000,0,,0,,,,474994,334.85,0
1773,4177.478,"Mount",-0.350,-0.409,-0.134,0.521,-0.085,0.000,20,E,0,,,,465317,346.25,0
1774,4179.741,"Mount",0.104,-0.489,0.308,0.394,0.188,0.000,45,W,0,,,,459596,332.26,0
1775,4183.573,"Mount",-0.590,-0.306,-0.396,0.533,-0.236,0.533,57,E,1365,S,,,501025,353.31,0
1776,4185.965,"Mount",-0.426,-0.366,-0.222,0.515,-0.157,0.515,38,E,108,S,,,481492,318.10,0
1777,4188.421,"Mount",-0.282,0.182,-0.333,-0.040,-0.221,0.000,53,E,0,,,,474891,368.36,0
1778,4190.725,"Mount",-0.399,0.245,-0.466,-0.045,-0.309,0.000,75,E,0,,,,453107,325.79,0
1779,4193.074,"Mount",-0.022,0.152,-0.086,-0.127,0.000,0.000,0,,0,,,,457554,332.20,0
1780,4195.318,"Mount",-0.199,0.153,-0.246,-0.050,-0.155,0.000,37,E,0,,,,453644,338.68,0
1781,4197.765,"Mount",0.315,-0.250,0.393,0.087,0.237,0.000,57,W,0,,,,501098,373.04,0
1782,4200.016,"Mount",0.205,-0.185,0.266,0.076,0.184,0.000,44,W,0,,,,485510,367.78,0
1783,4202.462,"Mount",0.112,-0.116,0.152,0.055,0.108,0.000,26,W,0,,,,471316,342.28,0
1784,4204.639,"Mount",-0.074,-0.089,-0.027,0.113,0.000,0.000,0,,0,,,,447461,332.72,0
1785,4207.103,"Mount",-0.276,0.170,-0.323,-0.031,-0.203,0.000,49,E,0,,,,433867,358.46,0
1786,4209.389,"Mount",-0.402,0.101,-0.405,0.086,-0.270,0.000,65,E,0,,,,463286,311.88,0
1787,4211.738,"Mount",-0.100,-0.074,-0.057,0.110,0.000,0.000,0,,0,,,,458871,359.54,0
1788,4214.021,"Mount",-0.318,0.043,-0.304,0.101,-0.192,0.000,46,E,0,,,,438873,336.64,0
1789,4216.360,"Mount",0.030,-0.054,0.051,0.035,0.000,0.000,0,,0,,,,456661,347.42,0
1790,4218.613,"Mount",-0.315,-0.019,-0.274,0.155,-0.173,0.000,42,E,0,,,,468774,336.85,0
1791,4221.046,"Mount",0.242,-0.252,0.328,0.121,0.195,0.000,47,W,0,,,,480536,355.83,0
1792,4223.325,"Mount",-0.331,-0.020,-0.289,0.163,-0.168,0.000,41,E,0,,,,450464,319.36,0
1793,4225.877,"Mount",-0.623,0.009,-0.564,0.265,-0.367,0.265,89,E,56,S,,,482398,359.61,0
1794,4228.043,"Mount",-0.117,-0.062,-0.078,0.107,0.000,0.000,0,,0,,,,457230,362.67,0
1795,4230.383,"Mount",-0.146,-0.114,-0.081,0.166,0.000,0.000,0,,0,,,,460385,335.82,0
1796,4232.669,"Mount",-0.328,0.092,-0.335,0.062,-0.211,0.000,51,E,0,,,,450947,361.69,0
1797,4235.025,"Mount",-0.053,-0.102,-0.003,0.115,0.000,0.000,0,,0,,,,456804,338.73,0
1798,4237.202,"Mount",-0.051,-0.001,-0.046,0.024,0.000,0.000,0,,0,,,,466607,347.87,0
1799,4239.536,"Mount",0.006,-0.079,0.040,0.069,0.000,0.000,0,,0,,,,448902,355.96,0
1800,4241.714,"Mount",-0.179,-0.081,-0.126,0.152,0.000,0.000,0,,0,,,,467223,339.12,0
1801,4244.045,"Mount",0.007,-0.191,0.090,0.169,0.000,0.000,0,,0,,,,480218,397.40,0
1802,4246.287,"Mount",-0.320,-0.005,-0.285,0.145,-0.179,0.000,43,E,0,,,,438895,325.48,0
1803,4248.655,"Mount",-0.160,-0.122,-0.090,0.180,0.000,0.000,0,,0,,,,459031,340.01,0
1804,4251.061,"Mount",-0.715,-0.013,-0.636,0.325,-0.401,0.325,97,E,68,S,,,473628,344.96,0
1805,4253.510,"Mount",-0.182,0.007,-0.167,0.074,-0.133,0.000,32,E,0,,,,461106,367.94,0
1806,4255.750,"Mount",-0.349,0.004,-0.316,0.150,-0.208,0.000,50,E,0,,,,467872,358.66,0
1807,4258.091,"Mount",0.021,-0.138,0.080,0.115,0.000,0.000,0,,0,,,,456571,341.20,0
1808,4260.374,"Mount",0.402,-0.213,0.455,0.015,0.287,0.000,69,W,0,,,,469520,335.64,0
1809,4262.797,"Mount",0.139,-0.129,0.182,0.055,0.135,0.000,32,W,0,,,,486597,352.66,0
1810,4265.125,"Mount",0.039,-0.237,0.139,0.196,0.097,0.000,23,W,0,,,,485738,389.04,0
1811,4267.557,"Mount",-0.351,-0.024,-0.305,0.175,-0.185,0.000,45,E,0,,,,454598,326.49,0
1812,4270.117,"Mount",-0.668,-0.030,-0.587,0.321,-0.383,0.321,92,E,67,S,,,470920,355.51,0
1813,4272.619,"Mount",-0.152,0.244,-0.244,-0.152,-0.180,0.000,44,E,0,,,,443540,327.35,0
1814,4274.949,"Mount",-0.022,0.262,-0.134,-0.226,-0.097,0.000,24,E,0,,,,466234,347.03,0
1815,4277.399,"Mount",-0.001,0.252,-0.112,-0.226,0.000,0.000,0,,0,,,,466409,387.54,0
1816,4279.589,"Mount",0.194,0.125,0.119,-0.198,0.000,0.000,0,,0,,,,456704,351.11,0
1817,4282.094,"Mount",0.246,0.168,0.147,-0.259,0.093,0.000,22,W,0,,,,455394,339.94,0
1818,4285.861,"Mount",0.430,0.069,0.356,-0.251,0.231,-0.251,56,W,1306,N,,,458636,328.46,0
1819,4288.213,"Mount",-0.026,-0.327,0.121,0.306,0.000,0.000,0,,0,,,,473086,350.00,0
1820,4290.390,"Mount",-0.172,-0.318,-0.015,0.361,0.000,0.000,0,,0,,,,471450,336.35,0
1821,4292.742,"Mount",-0.175,-0.171,-0.082,0.230,0.000,0.000,0,,0,,,,471510,385.43,0
1822,4294.911,"Mount",-0.272,-0.292,-0.116,0.382,0.000,0.000,0,,0,,,,473018,341.01,0
1823,4297.282,"Mount",-0.144,-0.379,0.037,0.404,0.000,0.000,0,,0,,,,448264,349.46,0
1824,4300.813,"Mount",-0.125,-0.287,0.014,0.312,0.000,0.312,0,,1319,S,,,467609,355.32,0
1825,4303.285,"Mount",0.670,0.099,0.558,-0.383,0.352,0.000,85,W,0,,,,458869,361.54,0
1826,4305.532,"Mount",0.219,0.247,0.089,-0.318,0.000,0.000,0,,0,,,,456666,341.78,0
1827,4307.957,"Mount",0.323,0.279,0.168,-0.392,0.106,0.000,26,W,0,,,,466551,334.79,0
1828,4310.150,"Mount",0.084,0.278,-0.046,-0.287,0.000,0.000,0,,0,,,,458148,356.54,0
1829,4312.522,"Mount",0.050,0.253,-0.066,-0.250,0.000,0.000,0,,0,,,,466001,337.98,0
1830,4315.173,"Mount",-0.009,0.366,-0.169,-0.325,-0.107,0.000,26,E,0,,,,460026,354.30,0
1831,4318.407,"Mount",-0.170,0.272,-0.272,-0.170,-0.179,0.000,43,E,0,,,,450466,314.42,0
1832,4321.950,"Mount",0.045,0.343,-0.110,-0.328,0.000,-0.328,0,,1322,N,,,492948,316.84,0
1833,4324.341,"Mount",-0.233,-0.154,-0.142,0.241,-0.089,0.000,22,E,0,,,,483227,369.09,0
1834,4326.581,"Mount",-0.003,-0.306,0.131,0.276,0.076,0.000,18,W,0,,,,486652,395.56,0
1835,4328.928,"Mount",-0.027,-0.009,-0.020,0.020,0.000,0.000,0,,0,,,,456501,330.59,0
1836,4331.166,"Mount",0.091,-0.148,0.146,0.093,0.092,0.000,22,W,0,,,,470504,353.05,0
1837,4333.638,"Mount",0.054,-0.268,0.166,0.217,0.111,0.000,27,W,0,,,,476384,383.84,0
1838,4335.998,"Mount",-0.572,-0.001,-0.513,0.252,-0.316,0.000,76,E,0,,,,473503,356.62,0
1839,4338.482,"Mount",-0.410,0.065,-0.397,0.122,-0.272,0.000,66,E,0,,,,455571,337.27,0
1840,4340.806,"Mount",-0.412,0.161,-0.441,0.037,-0.297,0.000,72,E,0,,,,460765,367.16,0
1841,4343.181,"Mount",0.057,-0.141,0.113,0.102,0.000,0.000,0,,0,,,,461849,339.38,0
1842,4345.469,"Mount",-0.212,-0.110,-0.142,0.192,-0.089,0.000,22,E,0,,,,458851,310.06,0
1843,4347.998,"Mount",0.612,-0.521,0.779,0.200,0.484,0.000,117,W,0,,,,457667,357.14,0
1844,4351.670,"Mount",0.099,-0.418,0.272,0.333,0.206,0.333,50,W,1323,S,,,501070,345.77,0
1845,4354.134,"Mount",0.385,0.120,0.294,-0.277,0.199,0.000,48,W,0,,,,455810,366.94,0
1846,4356.322,"Mount",0.191,0.104,0.126,-0.178,0.000,0.000,0,,0,,,,464722,376.27,0
1847,4358.757,"Mount",-0.051,0.259,-0.160,-0.211,-0.101,0.000,24,E,0,,,,439658,327.51,0
1848,4360.989,"Mount",-0.064,0.268,-0.175,-0.213,-0.117,0.000,28,E,0,,,,432669,332.89,0
1849,4363.329,"Mount",-0.062,0.162,-0.127,-0.118,0.000,0.000,0,,0,,,,450499,327.40,0
1850,4366.901,"Mount",-0.034,0.359,-0.189,-0.308,-0.119,-0.308,29,E,1318,N,,,453148,346.84,0
1851,4369.373,"Mount",-0.611,0.187,-0.631,0.100,-0.406,0.000,98,E,0,,,,485307,356.75,0
1852,4371.546,"Mount",0.002,-0.171,0.077,0.153,0.000,0.000,0,,0,,,,498923,374.25,0
1853,4373.975,"Mount",-0.239,-0.091,-0.175,0.187,-0.110,0.000,27,E,0,,,,472528,359.58,0
1854,4376.159,"Mount",0.018,-0.230,0.118,0.199,0.000,0.000,0,,0,,,,492859,360.30,0
1855,4378.613,"Mount",-0.561,-0.111,-0.455,0.346,-0.287,0.000,69,E,0,,,,474975,358.73,0
1856,4380.815,"Mount",-0.171,-0.091,-0.114,0.157,0.000,0.000,0,,0,,,,461696,342.43,0
1857,4383.221,"Mount",-0.427,-0.351,-0.230,0.503,-0.145,0.000,35,E,0,,,,471996,365.63,0
1858,4385.445,"Mount",0.053,-0.110,0.096,0.076,0.000,0.000,0,,0,,,,469011,359.92,0
1859,4387.795,"Mount",0.024,-0.232,0.123,0.198,0.000,0.000,0,,0,,,,477541,353.59,0
1860,4390.030,"Mount",0.148,-0.294,0.262,0.199,0.165,0.000,40,W,0,,,,492568,345.42,0
1861,4393.805,"Mount",0.016,-0.268,0.132,0.234,0.095,0.234,23,W,1302,S,,,496295,362.77,0
1862,4396.213,"Mount",0.064,-0.354,0.213,0.290,0.141,0.290,34,W,61,S,,,500066,371.34,0
1863,4398.561,"Mount",0.096,0.106,0.040,-0.137,0.000,0.000,0,,0,,,,507794,353.27,0
1864,4400.806,"Mount",-0.091,0.318,-0.222,-0.245,-0.140,0.000,34,E,0,,,,461910,335.53,0
1865,4403.144,"Mount",0.058,0.130,-0.005,-0.142,0.000,0.000,0,,0,,,,441378,324.86,0
1866,4405.353,"Mount",0.123,0.314,-0.028,-0.336,0.000,0.000,0,,0,,,,465579,349.74,0
1867,4407.712,"Mount",0.100,0.002,0.089,-0.046,0.000,0.000,0,,0,,,,468341,328.92,0
1868,4409.875,"Mount",0.190,0.109,0.123,-0.181,0.000,0.000,0,,0,,,,470547,361.32,0
1869,4412.341,"Mount",0.413,-0.093,0.412,-0.097,0.260,0.000,63,W,0,,,,469270,322.33,0
1870,4414.622,"Mount",0.433,-0.091,0.429,-0.108,0.288,0.000,70,W,0,,,,474067,347.93,0
1871,4416.977,"Mount",-0.059,0.057,-0.078,-0.025,0.000,0.000,0,,0,,,,458174,330.20,0
1872,4419.238,"Mount",-0.166,0.240,-0.254,-0.143,-0.160,0.000,39,E,0,,,,461609,328.51,0
1873,4421.677,"Mount",-0.239,0.155,-0.283,-0.035,-0.189,0.000,46,E,0,,,,483006,360.85,0
1874,4423.898,"Mount",-0.126,-0.014,-0.107,0.068,0.000,0.000,0,,0,,,,485902,386.05,0
1875,4426.258,"Mount",-0.032,0.133,-0.087,-0.105,0.000,0.000,0,,0,,,,473961,374.87,0
1876,4428.454,"Mount",-0.073,-0.162,0.005,0.177,0.000,0.000,0,,0,,,,491176,382.42,0
1877,4430.901,"Mount",0.302,-0.176,0.349,0.025,0.220,0.000,53,W,0,,,,487317,379.96,0
1878,4433.097,"Mount",0.051,-0.051,0.068,0.024,0.000,0.000,0,,0,,,,480265,380.70,0
INFO: SET LOCK POSITION, new lock pos = 667.201, 882.023
INFO: DITHER by -3.527, -3.341, new lock pos = 665.498, 886.573
INFO: SETTLING STATE CHANGE, Settling started
1879,4437.896,"Mount",1.703,-4.550,3.527,3.341,3.527,3.341,852,W,702,S,,,485730,374.33,0
1880,4440.533,"Mount",0.270,-0.056,0.267,-0.068,0.168,0.000,41,W,0,,,,470993,353.65,0
1881,4442.707,"Mount",-0.058,0.030,-0.066,-0.002,0.000,0.000,0,,0,,,,494879,357.90,0
1882,4445.174,"Mount",-0.374,0.024,-0.346,0.143,-0.218,0.000,53,E,0,,,,461578,324.02,0
1883,4447.429,"Mount",0.153,-0.265,0.254,0.170,0.145,0.000,35,W,0,,,,482019,361.17,0
1884,4449.870,"Mount",0.257,-0.078,0.265,-0.043,0.177,0.000,43,W,0,,,,468091,346.50,0
INFO: SETTLING STATE CHANGE, Settling complete
1885,4452.117,"Mount",0.357,-0.198,0.407,0.021,0.269,0.000,65,W,0,,,,450791,329.68,0
1886,4454.566,"Mount",0.351,-0.147,0.379,-0.022,0.258,0.000,62,W,0,,,,454757,340.71,0
1887,4456.848,"Mount",0.467,-0.066,0.449,-0.146,0.301,0.000,73,W,0,,,,465824,324.39,0
1888,4459.325,"Mount",0.087,0.093,0.038,-0.122,0.000,0.000,0,,0,,,,491301,346.63,0
1889,4461.590,"Mount",-0.243,0.044,-0.238,0.067,-0.150,0.000,36,E,0,,,,476724,352.01,0
1890,4464.020,"Mount",-0.028,-0.077,0.009,0.082,0.000,0.000,0,,0,,,,475516,339.80,0
1891,4466.207,"Mount",-0.095,-0.065,-0.057,0.100,0.000,0.000,0,,0,,,,486752,381.44,0
1892,4468.773,"Mount",0.128,-0.137,0.175,0.066,0.110,0.000,27,W,0,,,,483410,342.09,0
1893,4471.063,"Mount",0.280,-0.244,0.359,0.096,0.234,0.000,56,W,0,,,,467261,342.10,0
1894,4473.559,"Mount",0.473,-0.270,0.543,0.035,0.359,0.000,87,W,0,,,,466821,332.43,0
1895,4475.735,"Mount",-0.033,-0.010,-0.025,0.023,0.000,0.000,0,,0,,,,482004,353.12,0
1896,4478.076,"Mount",0.067,-0.056,0.085,0.021,0.000,0.000,0,,0,,,,485825,356.86,0
1897,4480.449,"Mount",-0.238,0.078,-0.248,0.035,-0.156,0.000,38,E,0,,,,482806,360.21,0
1898,4482.935,"Mount",-0.322,-0.087,-0.252,0.220,-0.169,0.000,41,E,0,,,,477169,341.35,0
1899,4485.170,"Mount",-0.024,-0.213,0.072,0.202,0.000,0.000,0,,0,,,,477482,338.00,0
1900,4487.607,"Mount",0.040,-0.048,0.057,0.026,0.000,0.000,0,,0,,,,484056,326.97,0
1901,4489.878,"Mount",-0.396,0.053,-0.379,0.126,-0.239,0.000,58,E,0,,,,483554,344.19,0
1902,4492.302,"Mount",0.249,-0.074,0.256,-0.042,0.145,0.000,35,W,0,,,,468705,358.27,0
1903,4494.479,"Mount",0.074,-0.081,0.102,0.040,0.000,0.000,0,,0,,,,474882,344.17,0
1904,4496.926,"Mount",0.275,-0.356,0.404,0.199,0.254,0.000,61,W,0,,,,461369,334.80,0
1905,4499.780,"Mount",0.063,-0.311,0.193,0.252,0.139,0.252,34,W,53,S,,,473434,349.63,0
1906,4502.382,"Mount",-0.002,-0.105,0.044,0.095,0.000,0.000,0,,0,,,,491466,331.71,0
1907,4504.555,"Mount",-0.057,0.017,-0.058,0.009,0.000,0.000,0,,0,,,,475653,338.30,0
1908,4507.006,"Mount",-0.419,0.125,-0.431,0.071,-0.272,0.000,66,E,0,,,,471904,348.88,0
1909,4509.254,"Mount",-0.145,0.104,-0.175,-0.030,-0.130,0.000,31,E,0,,,,492340,343.28,0
1910,4511.607,"Mount",0.038,-0.043,0.053,0.022,0.000,0.000,0,,0,,,,474094,334.51,0
1911,4513.787,"Mount",0.050,-0.044,0.064,0.018,0.000,0.000,0,,0,,,,481431,393.59,0
1912,4516.190,"Mount",-0.174,0.112,-0.205,-0.024,-0.129,0.000,31,E,0,,,,494639,365.31,0
1913,4518.370,"Mount",-0.121,-0.040,-0.091,0.089,0.000,0.000,0,,0,,,,485438,346.58,0
1914,4520.847,"Mount",-0.167,-0.033,-0.136,0.103,-0.086,0.000,21,E,0,,,,480468,342.78,0
1915,4523.059,"Mount",-0.110,-0.014,-0.093,0.061,0.000,0.000,0,,0,,,,462392,335.69,0
1916,4525.478,"Mount",-0.268,0.192,-0.325,-0.055,-0.205,0.000,49,E,0,,,,461133,326.25,0
1917,4527.675,"Mount",-0.069,0.127,-0.118,-0.084,0.000,0.000,0,,0,,,,495102,350.28,0
1918,4530.082,"Mount",-0.135,0.235,-0.224,-0.152,-0.141,0.000,34,E,0,,,,453591,310.85,0
1919,4532.305,"Mount",0.050,0.113,-0.004,-0.123,0.000,0.000,0,,0,,,,493784,342.72,0
1920,4534.750,"Mount",-0.424,0.177,-0.458,0.027,-0.289,0.000,70,E,0,,,,461174,346.07,0
1921,4537.030,"Mount",0.354,-0.135,0.378,-0.034,0.218,0.000,53,W,0,,,,454192,308.36,0
1922,4539.388,"Mount",0.072,0.016,0.058,-0.046,0.000,0.000,0,,0,,,,478694,323.25,0
1923,4541.638,"Mount",0.198,-0.001,0.179,-0.086,0.113,0.000,27,W,0,,,,486264,360.43,0
1924,4544.078,"Mount",-0.248,0.268,-0.340,-0.132,-0.207,0.000,50,E,0,,,,483589,342.20,0
1925,4546.318,"Mount",-0.227,0.076,-0.237,0.031,-0.164,0.000,40,E,0,,,,476966,334.70,0
1926,4548.766,"Mount",-0.307,0.176,-0.353,-0.024,-0.234,0.000,57,E,0,,,,481394,374.38,0
1927,4550.964,"Mount",-0.032,0.083,-0.065,-0.060,0.000,0.000,0,,0,,,,521148,373.65,0
1928,4553.336,"Mount",-0.063,0.154,-0.124,-0.110,0.000,0.000,0,,0,,,,511206,365.75,0
1929,4555.506,"Mount",0.065,0.117,0.007,-0.134,0.000,0.000,0,,0,,,,497429,309.68,0
1930,4557.950,"Mount",0.315,-0.201,0.372,0.042,0.234,0.000,57,W,0,,,,452204,332.60,0
1931,4560.238,"Mount",0.419,-0.269,0.494,0.058,0.328,0.000,79,W,0,,,,446089,325.00,0
1932,4562.597,"Mount",-0.010,0.093,-0.050,-0.079,0.000,0.000,0,,0,,,,499210,385.82,0
1933,4564.763,"Mount",-0.097,0.037,-0.103,0.009,0.000,0.000,0,,0,,,,490517,353.55,0
1934,4567.230,"Mount",-0.341,0.223,-0.404,-0.051,-0.255,0.000,61,E,0,,,,466611,339.81,0
1935,4569.478,"Mount",-0.174,0.170,-0.231,-0.076,-0.163,0.000,39,E,0,,,,470893,356.07,0
1936,4571.911,"Mount",-0.229,0.232,-0.308,-0.108,-0.205,0.000,50,E,0,,,,467344,343.96,0
1937,4574.095,"Mount",-0.021,0.023,-0.029,-0.012,0.000,0.000,0,,0,,,,496143,372.87,0
1938,4576.436,"Mount",-0.025,0.106,-0.069,-0.085,0.000,0.000,0,,0,,,,493799,356.36,0
1939,4578.629,"Mount",0.059,0.100,0.009,-0.115,0.000,0.000,0,,0,,,,513781,331.15,0
1940,4581.046,"Mount",0.120,-0.164,0.180,0.095,0.113,0.000,27,W,0,,,,482902,373.82,0
1941,4583.366,"Mount",0.261,-0.248,0.344,0.109,0.224,0.000,54,W,0,,,,472190,332.10,0
1942,4585.766,"Mount",0.136,-0.096,0.164,0.026,0.119,0.000,29,W,0,,,,481194,334.42,0
1943,4587.938,"Mount",-0.033,0.005,-0.032,0.010,0.000,0.000,0,,0,,,,469821,352.75,0
1944,4590.469,"Mount",-0.383,-0.129,-0.287,0.284,-0.181,0.284,44,E,60,S,,,471999,306.55,0
1945,4592.654,"Mount",0.000,0.003,-0.001,-0.003,0.000,0.000,0,,0,,,,476987,347.03,0
1946,4594.989,"Mount",0.033,0.011,0.025,-0.024,0.000,0.000,0,,0,,,,486839,372.77,0
1947,4597.222,"Mount",-0.115,0.093,-0.144,-0.033,-0.091,0.000,22,E,0,,,,490822,346.21,0
1948,4599.574,"Mount",-0.044,-0.002,-0.039,0.021,0.000,0.000,0,,0,,,,486351,334.63,0
1949,4601.822,"Mount",-0.176,0.149,-0.224,-0.056,-0.141,0.000,34,E,0,,,,496225,360.56,0
1950,4604.164,"Mount",0.141,-0.004,0.128,-0.058,0.000,0.000,0,,0,,,,463280,352.93,0
1951,4606.320,"Mount",-0.044,0.035,-0.055,-0.012,0.000,0.000,0,,0,,,,479705,366.02,0
1952,4608.693,"Mount",0.016,-0.015,0.021,0.006,0.000,0.000,0,,0,,,,477802,347.26,0
1953,4610.958,"Mount",-0.195,0.215,-0.270,-0.108,-0.170,0.000,41,E,0,,,,479827,357.02,0
1954,4613.730,"Mount",-0.247,0.154,-0.289,-0.030,-0.194,0.000,47,E,0,,,,479545,334.77,0
1955,4615.914,"Mount",0.011,0.072,-0.021,-0.069,0.000,0.000,0,,0,,,,505344,372.03,0
1956,4618.386,"Mount",0.595,-0.283,0.659,-0.006,0.415,0.000,100,W,0,,,,456867,322.15,0
1957,4620.583,"Mount",0.092,0.073,0.051,-0.106,0.000,0.000,0,,0,,,,511353,358.99,0
1958,4622.920,"Mount",0.038,0.000,0.034,-0.017,0.000,0.000,0,,0,,,,498048,336.03,0
1959,4625.102,"Mount",-0.078,0.053,-0.093,-0.013,0.000,0.000,0,,0,,,,485638,369.40,0
1960,4627.502,"Mount",0.168,-0.054,0.175,-0.025,0.110,0.000,27,W,0,,,,456434,347.91,0
1961,4629.750,"Mount",0.118,-0.089,0.145,0.028,0.099,0.000,24,W,0,,,,486359,358.21,0
1962,4632.150,"Mount",-0.162,0.043,-0.165,0.032,-0.097,0.000,23,E,0,,,,475179,346.74,0
1963,4634.414,"Mount",-0.204,0.009,-0.187,0.081,-0.125,0.000,30,E,0,,,,494498,369.46,0
1964,4636.814,"Mount",0.109,-0.087,0.136,0.031,0.077,0.000,19,W,0,,,,488041,350.01,0
1965,4639.110,"Mount",-0.413,0.135,-0.430,0.060,-0.266,0.000,64,E,0,,,,451928,313.13,0
1966,4641.534,"Mount",-0.221,0.078,-0.233,0.027,-0.166,0.000,40,E,0,,,,479399,361.71,0
1967,4643.870,"Mount",-0.359,0.052,-0.346,0.111,-0.229,0.000,55,E,0,,,,470541,335.77,0
1968,4646.342,"Mount",0.485,-0.170,0.511,-0.060,0.306,0.000,74,W,0,,,,458667,347.17,0
1969,4648.606,"Mount",0.259,-0.078,0.266,-0.044,0.189,0.000,46,W,0,,,,473593,345.38,0
1970,4651.014,"Mount",0.180,-0.143,0.224,0.050,0.155,0.000,37,W,0,,,,469458,344.42,0
1971,4653.203,"Mount",-0.074,-0.051,-0.044,0.078,0.000,0.000,0,,0,,,,479109,350.67,0
1972,4655.608,"Mount",-0.071,0.002,-0.065,0.030,0.000,0.000,0,,0,,,,495770,355.40,0
1973,4657.870,"Mount",-0.242,0.124,-0.272,-0.005,-0.172,0.000,41,E,0,,,,475114,364.31,0
1974,4660.310,"Mount",-0.286,-0.008,-0.254,0.133,-0.172,0.000,42,E,0,,,,456424,348.67,0
1975,4662.694,"Mount",-0.617,0.055,-0.579,0.221,-0.377,0.221,91,E,46,S,,,472465,355.68,0
1976,4665.046,"Mount",0.026,-0.113,0.073,0.090,0.000,0.000,0,,0,,,,474009,359.00,0
1977,4667.246,"Mount",0.020,0.024,0.008,-0.031,0.000,0.000,0,,0,,,,483308,349.21,0
1978,4669.662,"Mount",0.182,-0.031,0.177,-0.052,0.112,0.000,27,W,0,,,,476756,382.19,0
1979,4671.910,"Mount",-0.161,0.083,-0.181,-0.004,-0.106,0.000,26,E,0,,,,490170,330.18,0
1980,4674.268,"Mount",0.051,-0.005,0.048,-0.018,0.000,0.000,0,,0,,,,496828,349.20,0
1981,4676.507,"Mount",0.115,0.107,0.057,-0.146,0.000,0.000,0,,0,,,,493513,389.65,0
1982,4678.876,"Mount",0.058,-0.106,0.099,0.070,0.000,0.000,0,,0,,,,464131,341.79,0
1983,4681.081,"Mount",-0.074,0.041,-0.085,-0.004,0.000,0.000,0,,0,,,,496839,370.52,0
1984,4683.455,"Mount",-0.087,0.011,-0.083,0.028,0.000,0.000,0,,0,,,,511137,363.89,0
1985,4685.830,"Mount",-0.222,0.027,-0.211,0.073,-0.133,0.000,32,E,0,,,,479142,313.08,0
1986,4688.230,"Mount",0.139,-0.116,0.176,0.043,0.102,0.000,25,W,0,,,,477101,349.99,0
1987,4690.426,"Mount",-0.029,-0.061,0.000,0.068,0.000,0.000,0,,0,,,,468874,361.86,0
1988,4692.766,"Mount",0.050,-0.069,0.075,0.040,0.000,0.000,0,,0,,,,468167,327.67,0
1989,4694.917,"Mount",0.159,0.047,0.122,-0.112,0.000,0.000,0,,0,,,,466173,302.39,0
1990,4697.414,"Mount",0.353,-0.152,0.384,-0.018,0.242,0.000,58,W,0,,,,449129,336.99,0
1991,4699.591,"Mount",0.000,0.130,-0.057,-0.117,0.000,0.000,0,,0,,,,511687,365.44,0
1992,4701.927,"Mount",0.026,-0.040,0.041,0.025,0.000,0.000,0,,0,,,,475454,367.37,0
1993,4704.119,"Mount",-0.016,-0.048,0.007,0.050,0.000,0.000,0,,0,,,,471890,340.36,0
1994,4706.476,"Mount",0.009,-0.184,0.089,0.161,0.000,0.000,0,,0,,,,465796,372.76,0
1995,4708.742,"Mount",0.153,-0.155,0.206,0.072,0.130,0.000,31,W,0,,,,483566,334.40,0
1996,4711.190,"Mount",0.243,-0.198,0.305,0.071,0.201,0.000,49,W,0,,,,455660,340.55,0
1997,4713.462,"Mount",0.273,-0.235,0.348,0.091,0.233,0.000,56,W,0,,,,472159,361.98,0
1998,4715.862,"Mount",-0.188,0.063,-0.197,0.026,-0.108,0.000,26,E,0,,,,470081,357.15,0
1999,4718.027,"Mount",-0.110,-0.020,-0.090,0.067,0.000,0.000,0,,0,,,,461885,334.44,0
2000,4720.446,"Mount",-0.279,0.085,-0.288,0.046,-0.182,0.000,44,E,0,,,,460102,342.53,0
2001,4722.624,"Mount",-0.013,-0.032,0.003,0.034,0.000,0.000,0,,0,,,,459248,319.36,0
2002,4724.959,"Mount",-0.094,0.049,-0.106,-0.003,0.000,0.000,0,,0,,,,482847,352.03,0
2003,4727.214,"Mount",-0.248,0.058,-0.248,0.057,-0.157,0.000,38,E,0,,,,460142,350.40,0
2004,4729.646,"Mount",0.237,-0.148,0.278,0.029,0.164,0.000,40,W,0,,,,472543,367.93,0
2005,4731.902,"Mount",0.194,-0.231,0.275,0.123,0.185,0.000,45,W,0,,,,447449,352.19,0
2006,4734.310,"Mount",0.223,-0.279,0.322,0.153,0.216,0.000,52,W,0,,,,449805,322.49,0
2007,4736.606,"Mount",0.303,-0.288,0.399,0.126,0.266,0.000,64,W,0,,,,444029,315.67,0
2008,4738.950,"Mount",-0.041,-0.038,-0.020,0.052,0.000,0.000,0,,0,,,,471407,365.84,0
2009,4741.148,"Mount",0.054,-0.164,0.120,0.124,0.000,0.000,0,,0,,,,443465,318.22,0
2010,4743.558,"Mount",-0.258,-0.014,-0.226,0.126,-0.142,0.000,34,E,0,,,,461634,351.79,0
2011,4745.732,"Mount",0.074,-0.083,0.103,0.043,0.000,0.000,0,,0,,,,451699,356.14,0
2012,4748.053,"Mount",-0.116,-0.047,-0.084,0.093,0.000,0.000,0,,0,,,,458256,326.42,0
2013,4750.246,"Mount",-0.014,-0.143,0.051,0.134,0.000,0.000,0,,0,,,,464760,329.42,0
2014,4752.591,"Mount",-0.032,-0.140,0.033,0.140,0.000,0.000,0,,0,,,,470113,332.46,0
2015,4754.822,"Mount",0.190,-0.159,0.241,0.060,0.152,0.000,37,W,0,,,,459746,338.18,0
2016,4757.180,"Mount",0.001,-0.164,0.073,0.147,0.000,0.000,0,,0,,,,440675,335.87,0
2017,4759.414,"Mount",0.107,-0.196,0.182,0.130,0.115,0.000,28,W,0,,,,447415,351.20,0
2018,4761.766,"Mount",-0.106,-0.149,-0.030,0.180,0.000,0.000,0,,0,,,,447172,330.54,0
2019,4764.016,"Mount",0.047,-0.229,0.143,0.185,0.090,0.000,22,W,0,,,,444260,348.01,0
2020,4766.438,"Mount",0.083,-0.135,0.134,0.084,0.091,0.000,22,W,0,,,,456896,333.96,0
2021,4768.710,"Mount",0.189,-0.265,0.286,0.156,0.187,0.000,45,W,0,,,,439492,304.01,0
2022,4771.118,"Mount",-0.131,0.033,-0.132,0.027,-0.070,0.000,17,E,0,,,,436249,317.64,0
2023,4773.292,"Mount",0.034,-0.074,0.063,0.052,0.000,0.000,0,,0,,,,447408,313.78,0
2024,4775.634,"Mount",0.051,-0.173,0.122,0.133,0.000,0.000,0,,0,,,,446607,320.12,0
2025,4778.022,"Mount",0.359,-0.429,0.511,0.228,0.322,0.228,78,W,48,S,,,435459,305.87,0
2026,4780.438,"Mount",-0.254,0.071,-0.260,0.048,-0.141,0.000,34,E,0,,,,444826,313.85,0
2027,4782.686,"Mount",-0.175,0.004,-0.159,0.073,-0.110,0.000,27,E,0,,,,442958,303.24,0
2028,4785.110,"Mount",-0.254,0.059,-0.254,0.059,-0.168,0.000,40,E,0,,,,434970,305.44,0
2029,4787.390,"Mount",-0.242,0.025,-0.228,0.083,-0.156,0.000,38,E,0,,,,460854,310.05,0
2030,4789.739,"Mount",-0.131,0.014,-0.124,0.045,0.000,0.000,0,,0,,,,460016,348.32,0
2031,4791.912,"Mount",-0.074,0.071,-0.098,-0.032,0.000,0.000,0,,0,,,,466448,335.75,0
2032,4794.251,"Mount",-0.031,-0.021,-0.019,0.032,0.000,0.000,0,,0,,,,451140,324.34,0
2033,4796.526,"Mount",0.203,-0.190,0.266,0.082,0.167,0.000,40,W,0,,,,430958,350.09,0
2034,4798.926,"Mount",0.147,-0.203,0.221,0.117,0.151,0.000,36,W,0,,,,420259,327.92,0
2035,4801.255,"Mount",0.404,-0.344,0.514,0.132,0.334,0.000,81,W,0,,,,426533,336.72,0
2036,4803.610,"Mount",-0.098,-0.037,-0.071,0.076,0.000,0.000,0,,0,,,,451106,348.35,0
2037,4805.781,"Mount",-0.088,0.046,-0.100,-0.003,0.000,0.000,0,,0,,,,451043,346.69,0
2038,4808.190,"Mount",-0.228,0.085,-0.243,0.023,-0.153,0.000,37,E,0,,,,450548,330.07,0
2039,4810.446,"Mount",-0.235,0.089,-0.250,0.023,-0.168,0.000,41,E,0,,,,452034,318.74,0
2040,4812.879,"Mount",-0.286,0.105,-0.303,0.031,-0.203,0.000,49,E,0,,,,451314,307.63,0
2041,4815.126,"Mount",-0.093,0.118,-0.136,-0.065,-0.100,0.000,24,E,0,,,,463220,327.09,0
2042,4817.550,"Mount",-0.311,0.011,-0.284,0.126,-0.186,0.000,45,E,0,,,,448044,329.80,0
2043,4819.814,"Mount",-0.358,0.023,-0.332,0.137,-0.222,0.000,54,E,0,,,,442240,329.24,0
2044,4822.246,"Mount",-0.334,0.032,-0.314,0.118,-0.213,0.000,52,E,0,,,,436947,332.67,0
2045,4824.502,"Mount",-0.188,-0.003,-0.168,0.085,-0.121,0.000,29,E,0,,,,446351,355.27,0
2046,4826.847,"Mount",-0.005,0.013,-0.011,-0.010,0.000,0.000,0,,0,,,,479255,384.44,0
2047,4829.029,"Mount",-0.022,-0.024,-0.009,0.032,0.000,0.000,0,,0,,,,483277,350.77,0
2048,4831.422,"Mount",-0.202,-0.102,-0.137,0.180,-0.086,0.000,21,E,0,,,,444940,331.80,0
2049,4833.787,"Mount",-0.330,-0.090,-0.257,0.226,-0.168,0.226,41,E,47,S,,,424678,315.57,0
2050,4836.174,"Mount",-0.135,0.044,-0.140,0.020,-0.100,0.000,24,E,0,,,,446477,323.65,0
2051,4838.478,"Mount",-0.374,0.044,-0.356,0.125,-0.231,0.000,56,E,0,,,,452176,349.72,0
2052,4840.934,"Mount",0.157,-0.084,0.178,0.007,0.096,0.000,23,W,0,,,,452357,320.78,0
2053,4843.190,"Mount",-0.211,0.119,-0.242,-0.014,-0.146,0.000,35,E,0,,,,445918,318.90,0
2054,4845.638,"Mount",-0.302,0.220,-0.368,-0.065,-0.242,0.000,59,E,0,,,,434419,333.11,0
2055,4847.966,"Mount",-0.685,0.261,-0.730,0.066,-0.477,0.000,115,E,0,,,,444834,331.95,0
2056,4850.422,"Mount",-0.228,0.029,-0.217,0.074,-0.170,0.000,41,E,0,,,,453267,360.18,0
2057,4852.702,"Mount",-0.271,0.143,-0.306,-0.009,-0.205,0.000,50,E,0,,,,450535,339.28,0
2058,4855.143,"Mount",-0.234,0.055,-0.234,0.054,-0.162,0.000,39,E,0,,,,443618,276.38,0
2059,4857.326,"Mount",0.035,0.023,0.022,-0.036,0.000,0.000,0,,0,,,,459828,357.93,0
2060,4859.750,"Mount",0.222,-0.052,0.223,-0.051,0.140,0.000,34,W,0,,,,439586,315.19,0
2061,4861.966,"Mount",0.173,0.018,0.147,-0.092,0.102,0.000,25,W,0,,,,448852,343.81,0
2062,4864.294,"Mount",0.042,-0.022,0.048,0.001,0.000,0.000,0,,0,,,,475067,350.13,0
2063,4866.566,"Mount",-0.388,0.186,-0.430,0.003,-0.271,0.000,65,E,0,,,,436391,305.94,0
2064,4868.907,"Mount",-0.056,0.153,-0.117,-0.113,0.000,0.000,0,,0,,,,472346,348.01,0
2065,4871.215,"Mount",-0.461,0.131,-0.472,0.084,-0.297,0.000,72,E,0,,,,454805,329.42,0
2066,4873.646,"Mount",-0.176,0.110,-0.207,-0.022,-0.151,0.000,37,E,0,,,,450372,316.16,0
2067,4875.910,"Mount",-0.184,0.201,-0.253,-0.100,-0.170,0.000,41,E,0,,,,458154,353.99,0
2068,4878.264,"Mount",0.009,-0.000,0.009,-0.004,0.000,0.000,0,,0,,,,495837,346.17,0
2069,4880.484,"Mount",-0.031,-0.070,0.003,0.076,0.000,0.000,0,,0,,,,480094,354.84,0
2070,4882.912,"Mount",0.319,-0.199,0.374,0.039,0.236,0.000,57,W,0,,,,453589,341.22,0
2071,4885.190,"Mount",0.302,-0.178,0.349,0.028,0.237,0.000,57,W,0,,,,461985,358.76,0
2072,4887.540,"Mount",-0.029,-0.123,0.028,0.123,0.000,0.000,0,,0,,,,459473,337.50,0
2073,4889.774,"Mount",-0.193,-0.050,-0.151,0.129,-0.095,0.000,23,E,0,,,,454582,343.17,0
2074,4892.121,"Mount",0.047,-0.028,0.055,0.004,0.000,0.000,0,,0,,,,490282,370.59,0
2075,4894.383,"Mount",-0.353,0.189,-0.401,-0.015,-0.252,0.000,61,E,0,,,,450216,353.68,0
2076,4896.798,"Mount",0.106,-0.096,0.137,0.040,0.069,0.000,17,W,0,,,,451146,329.39,0
2077,4898.986,"Mount",-0.142,-0.021,-0.118,0.082,0.000,0.000,0,,0,,,,470933,358.14,0
2078,4901.355,"Mount",-0.136,-0.115,-0.072,0.163,0.000,0.000,0,,0,,,,460604,344.43,0
2079,4903.590,"Mount",-0.201,0.031,-0.194,0.060,-0.122,0.000,30,E,0,,,,458092,367.60,0
2080,4906.014,"Mount",-0.190,-0.023,-0.161,0.104,-0.110,0.000,27,E,0,,,,474053,360.76,0
2081,4908.192,"Mount",-0.091,0.082,-0.118,-0.034,0.000,0.000,0,,0,,,,486386,373.42,0
2082,4910.552,"Mount",-0.108,0.024,-0.107,0.026,0.000,0.000,0,,0,,,,471564,342.75,0
2083,4912.806,"Mount",-0.326,0.082,-0.329,0.069,-0.207,0.000,50,E,0,,,,449619,327.56,0
2084,4915.254,"Mount",-0.473,0.014,-0.431,0.196,-0.286,0.000,69,E,0,,,,480253,347.79,0
2085,4917.606,"Mount",-0.268,-0.136,-0.182,0.240,-0.134,0.240,32,E,50,S,,,462284,350.90,0
2086,4920.054,"Mount",0.364,-0.271,0.446,0.084,0.271,0.000,66,W,0,,,,451387,351.64,0
2087,4922.254,"Mount",-0.033,0.073,-0.062,-0.051,0.000,0.000,0,,0,,,,488690,346.11,0
2088,4924.592,"Mount",0.017,-0.001,0.016,-0.007,0.000,0.000,0,,0,,,,487057,343.79,0
2089,4926.854,"Mount",0.170,-0.111,0.202,0.025,0.127,0.000,31,W,0,,,,458096,340.65,0
2090,4929.197,"Mount",0.007,-0.010,0.010,0.006,0.000,0.000,0,,0,,,,493400,365.52,0
2091,4931.470,"Mount",-0.170,0.002,-0.153,0.073,-0.097,0.000,23,E,0,,,,477648,328.11,0
2092,4933.894,"Mount",-0.173,0.134,-0.214,-0.045,-0.142,0.000,34,E,0,,,,467292,328.76,0
2093,4936.150,"Mount",-0.158,0.219,-0.238,-0.127,-0.160,0.000,39,E,0,,,,454348,319.90,0
2094,4938.590,"Mount",-0.269,0.136,-0.301,-0.004,-0.201,0.000,48,E,0,,,,464772,336.84,0
2095,4940.775,"Mount",-0.125,-0.028,-0.100,0.080,0.000,0.000,0,,0,,,,485586,348.26,0
2096,4943.118,"Mount",0.031,-0.027,0.039,0.011,0.000,0.000,0,,0,,,,465096,366.41,0
2097,4945.367,"Mount",0.289,-0.190,0.343,0.044,0.216,0.000,52,W,0,,,,460669,340.59,0
2098,4947.830,"Mount",0.441,-0.207,0.487,-0.008,0.322,0.000,78,W,0,,,,450171,337.67,0
2099,4950.078,"Mount",0.237,-0.091,0.253,-0.022,0.182,0.000,44,W,0,,,,458462,299.48,0
2100,4952.430,"Mount",0.015,-0.122,0.067,0.103,0.000,0.000,0,,0,,,,468494,345.18,0
2101,4954.718,"Mount",0.236,-0.182,0.292,0.060,0.184,0.000,44,W,0,,,,476587,332.41,0
2102,4957.150,"Mount",-0.284,0.001,-0.256,0.124,-0.148,0.000,36,E,0,,,,470316,336.43,0
2103,4959.331,"Mount",-0.110,-0.064,-0.071,0.106,0.000,0.000,0,,0,,,,460742,313.96,0
2104,4961.750,"Mount",-0.217,-0.010,-0.191,0.104,-0.120,0.000,29,E,0,,,,445648,317.15,0
2105,4964.022,"Mount",-0.035,-0.213,0.062,0.207,0.000,0.207,0,,43,S,,,446720,336.66,0
2106,4966.528,"Mount",-0.120,0.080,-0.143,-0.019,-0.090,0.000,22,E,0,,,,476931,365.49,0
2107,4968.798,"Mount",0.385,0.008,0.343,-0.176,0.210,0.000,51,W,0,,,,474185,329.61,0
2108,4971.155,"Mount",0.022,0.062,-0.007,-0.066,0.000,0.000,0,,0,,,,472562,328.25,0
2109,4973.422,"Mount",0.233,0.032,0.196,-0.131,0.123,0.000,30,W,0,,,,454555,340.55,0
2110,4975.846,"Mount",-0.249,0.242,-0.330,-0.108,-0.199,0.000,48,E,0,,,,458446,346.85,0
2111,4978.014,"Mount",-0.032,0.097,-0.072,-0.073,0.000,0.000,0,,0,,,,470113,364.66,0
2112,4980.462,"Mount",-0.269,0.228,-0.342,-0.087,-0.215,0.000,52,E,0,,,,445620,328.66,0
2113,4982.642,"Mount",0.022,0.044,0.000,-0.049,0.000,0.000,0,,0,,,,482519,393.62,0
2114,4985.062,"Mount",-0.155,0.229,-0.240,-0.138,-0.151,0.000,36,E,0,,,,458946,330.78,0
2115,4987.330,"Mount",-0.012,-0.007,-0.008,0.012,0.000,0.000,0,,0,,,,476435,360.22,0
2116,4989.742,"Mount",-0.200,0.183,-0.260,-0.077,-0.164,0.000,39,E,0,,,,473170,382.67,0
2117,4991.912,"Mount",0.100,-0.013,0.096,-0.032,0.000,0.000,0,,0,,,,470900,343.54,0
2118,4994.277,"Mount",-0.012,0.046,-0.031,-0.036,0.000,0.000,0,,0,,,,465674,338.74,0
2119,4996.439,"Mount",0.062,-0.098,0.099,0.061,0.000,0.000,0,,0,,,,478257,343.32,0
2120,4998.878,"Mount",-0.321,0.100,-0.333,0.051,-0.210,0.000,51,E,0,,,,446380,317.17,0
2121,5001.063,"Mount",0.108,0.040,0.080,-0.083,0.000,0.000,0,,0,,,,480804,346.63,0
2122,5003.510,"Mount",-0.292,0.077,-0.296,0.059,-0.187,0.000,45,E,0,,,,454914,347.65,0
2123,5005.758,"Mount",0.293,-0.095,0.305,-0.043,0.179,0.000,43,W,0,,,,443947,327.27,0
2124,5008.190,"Mount",0.163,-0.158,0.216,0.070,0.149,0.000,36,W,0,,,,480945,363.09,0
2125,5010.478,"Mount",0.428,-0.191,0.468,-0.016,0.305,0.000,74,W,0,,,,436744,361.37,0
2126,5012.912,"Mount",0.191,-0.241,0.277,0.133,0.196,0.000,47,W,0,,,,460626,314.87,0
2127,5015.158,"Mount",-0.139,0.033,-0.139,0.031,-0.074,0.000,18,E,0,,,,494775,381.44,0
2128,5017.574,"Mount",-0.133,0.083,-0.156,-0.017,-0.104,0.000,25,E,0,,,,472812,348.51,0
2129,5019.760,"Mount",-0.024,-0.063,0.006,0.068,0.000,0.000,0,,0,,,,472261,317.39,0
2130,5022.092,"Mount",0.119,-0.009,0.111,-0.044,0.000,0.000,0,,0,,,,485355,336.85,0
2131,5024.296,"Mount",-0.028,-0.074,0.008,0.078,0.000,0.000,0,,0,,,,480887,324.96,0
2132,5026.702,"Mount",-0.176,-0.046,-0.138,0.119,-0.087,0.000,21,E,0,,,,463995,337.31,0
2133,5028.942,"Mount",0.143,-0.026,0.140,-0.039,0.082,0.000,20,W,0,,,,475504,349.53,0
2134,5031.358,"Mount",0.180,-0.034,0.177,-0.048,0.117,0.000,28,W,0,,,,467994,351.25,0
2135,5033.631,"Mount",0.231,-0.198,0.295,0.077,0.194,0.000,47,W,0,,,,460973,328.19,0
2136,5036.102,"Mount",-0.237,-0.359,-0.056,0.426,0.000,0.426,0,,90,S,,,476841,353.50,0
2137,5038.374,"Mount",0.413,-0.073,0.404,-0.115,0.254,0.000,61,W,0,,,,472698,370.29,0
2138,5040.749,"Mount",0.271,0.274,0.123,-0.365,0.000,0.000,0,,0,,,,468258,350.29,0
2139,5042.917,"Mount",0.114,0.403,-0.075,-0.413,0.000,0.000,0,,0,,,,454423,348.29,0
2140,5045.350,"Mount",0.316,0.059,0.258,-0.192,0.162,0.000,39,W,0,,,,462411,322.24,0
2141,5047.553,"Mount",0.235,0.210,0.119,-0.292,0.000,0.000,0,,0,,,,470684,326.34,0
2142,5051.382,"Mount",0.503,0.085,0.414,-0.297,0.261,-0.297,63,W,1315,N,,,449304,330.32,0
2143,5053.750,"Mount",-0.115,0.300,-0.235,-0.219,-0.130,-0.219,31,E,46,N,,,476516,373.58,0
2144,5056.128,"Mount",-0.096,-0.155,-0.019,0.181,0.000,0.000,0,,0,,,,468710,336.31,0
2145,5058.325,"Mount",-0.049,-0.118,0.008,0.128,0.000,0.000,0,,0,,,,448117,299.33,0
INFO: SET LOCK POSITION, new lock pos = 665.498, 886.573
INFO: DITHER by 4.885, -0.543, new lock pos = 670.126, 884.917
INFO: SETTLING STATE CHANGE, Settling started
2146,5063.818,"Mount",-4.628,1.656,-4.885,0.543,-4.885,0.543,1180,E,1367,S,,,444390,350.47,0
2147,5066.326,"Mount",0.888,-0.113,0.847,-0.288,0.534,0.000,129,W,0,,,,455348,357.54,0
2148,5068.670,"Mount",0.904,0.023,0.802,-0.418,0.543,0.000,131,W,0,,,,462285,347.76,0
2149,5072.415,"Mount",0.227,0.401,0.027,-0.460,0.000,-0.460,0,,1350,N,,,451575,360.00,0
2150,5074.750,"Mount",-0.005,0.346,-0.157,-0.309,-0.099,-0.309,24,E,65,N,,,476697,343.94,0
INFO: SETTLING STATE CHANGE, Settling complete
2151,5077.174,"Mount",-0.239,-0.047,-0.194,0.147,-0.129,0.000,31,E,0,,,,484227,367.01,0
2152,5079.445,"Mount",-0.152,-0.198,-0.050,0.245,0.000,0.000,0,,0,,,,472346,354.28,0
2153,5081.910,"Mount",-0.559,0.069,-0.533,0.183,-0.336,0.000,81,E,0,,,,496120,385.93,0
2154,5084.150,"Mount",0.194,-0.032,0.189,-0.057,0.095,0.000,23,W,0,,,,445248,357.00,0
2155,5086.598,"Mount",-0.528,0.151,-0.541,0.096,-0.334,0.000,81,E,0,,,,451768,341.34,0
2156,5088.894,"Mount",-0.515,-0.009,-0.459,0.235,-0.312,0.000,75,E,0,,,,499346,350.80,0
2157,5091.240,"Mount",-0.092,-0.100,-0.039,0.130,0.000,0.000,0,,0,,,,477814,366.52,0
2158,5093.446,"Mount",0.014,-0.099,0.056,0.083,0.000,0.000,0,,0,,,,475275,360.25,0
2159,5095.854,"Mount",0.190,-0.236,0.274,0.129,0.172,0.000,42,W,0,,,,468210,335.85,0
2160,5098.118,"Mount",0.232,-0.301,0.340,0.168,0.226,0.000,55,W,0,,,,479616,355.01,0
2161,5100.498,"Mount",-0.013,-0.137,0.049,0.128,0.000,0.000,0,,0,,,,449808,314.30,0
2162,5102.726,"Mount",0.125,-0.104,0.158,0.038,0.100,0.000,24,W,0,,,,466391,338.32,0
2163,5105.142,"Mount",-0.215,-0.060,-0.167,0.148,-0.098,0.000,24,E,0,,,,470265,406.33,0
2164,5107.382,"Mount",-0.216,-0.080,-0.159,0.167,-0.107,0.000,26,E,0,,,,485857,355.78,0
2165,5109.798,"Mount",-0.203,-0.002,-0.181,0.091,-0.122,0.000,29,E,0,,,,465901,330.65,0
2166,5112.062,"Mount",-0.222,0.031,-0.213,0.070,-0.143,0.000,35,E,0,,,,464740,351.41,0
2167,5114.414,"Mount",-0.149,-0.042,-0.115,0.103,0.000,0.000,0,,0,,,,465368,360.91,0
2168,5116.702,"Mount",-0.308,0.066,-0.306,0.076,-0.193,0.000,47,E,0,,,,477255,350.60,0
2169,5119.052,"Mount",-0.123,-0.359,0.047,0.376,0.000,0.000,0,,0,,,,470637,358.24,0
2170,5121.232,"Mount",-0.158,-0.295,-0.013,0.335,0.000,0.000,0,,0,,,,482109,378.03,0
2171,5123.664,"Mount",-0.271,-0.040,-0.226,0.154,-0.142,0.000,34,E,0,,,,450975,349.05,0
2172,5127.158,"Mount",-0.189,-0.146,-0.106,0.214,0.000,0.214,0,,1298,S,,,453314,358.94,0
2173,5129.566,"Mount",0.137,-0.023,0.133,-0.040,0.084,0.000,20,W,0,,,,452224,322.00,0
2174,5131.806,"Mount",-0.078,0.160,-0.141,-0.110,-0.083,0.000,20,E,0,,,,463020,358.24,0
2175,5134.156,"Mount",0.037,-0.037,0.050,0.017,0.000,0.000,0,,0,,,,466164,360.45,0
2176,5136.390,"Mount",-0.186,0.142,-0.229,-0.046,-0.145,0.000,35,E,0,,,,454487,339.20,0
2177,5138.738,"Mount",0.118,0.020,0.097,-0.070,0.000,0.000,0,,0,,,,452110,327.12,0
2178,5140.926,"Mount",-0.065,0.078,-0.093,-0.042,0.000,0.000,0,,0,,,,462600,347.01,0
2179,5143.342,"Mount",-0.173,0.248,-0.264,-0.147,-0.167,0.000,40,E,0,,,,467478,327.72,0
2180,5145.598,"Mount",-0.233,0.151,-0.276,-0.034,-0.186,0.000,45,E,0,,,,462916,360.27,0
2181,5147.928,"Mount",-0.038,0.017,-0.042,0.001,0.000,0.000,0,,0,,,,464101,332.57,0
2182,5150.182,"Mount",-0.343,0.206,-0.399,-0.035,-0.251,0.000,61,E,0,,,,503389,371.56,0
2183,5152.630,"Mount",-0.500,0.136,-0.509,0.097,-0.338,0.000,82,E,0,,,,475094,369.95,0
2184,5154.894,"Mount",-0.168,0.113,-0.200,-0.028,-0.150,0.000,36,E,0,,,,478821,338.54,0
2185,5157.318,"Mount",0.306,-0.048,0.296,-0.091,0.176,0.000,43,W,0,,,,478378,389.60,0
2186,5159.582,"Mount",0.361,-0.039,0.342,-0.123,0.228,0.000,55,W,0,,,,498470,346.86,0
2187,5162.030,"Mount",0.307,-0.070,0.307,-0.072,0.209,0.000,51,W,0,,,,474351,332.26,0
2188,5164.276,"Mount",-0.022,-0.053,0.004,0.057,0.000,0.000,0,,0,,,,464146,348.58,0
2189,5166.734,"Mount",-0.371,0.260,-0.447,-0.071,-0.282,0.000,68,E,0,,,,441151,325.76,0
2190,5169.054,"Mount",-0.654,0.183,-0.668,0.123,-0.440,0.000,106,E,0,,,,473898,370.81,0
2191,5171.510,"Mount",-0.217,0.195,-0.280,-0.080,-0.207,0.000,50,E,0,,,,477747,335.14,0
2192,5173.758,"Mount",-0.119,0.142,-0.169,-0.076,-0.121,0.000,29,E,0,,,,460098,324.31,0
2193,5176.174,"Mount",-0.278,0.023,-0.260,0.101,-0.172,0.000,42,E,0,,,,480823,353.73,0
2194,5178.414,"Mount",0.159,-0.088,0.181,0.010,0.102,0.000,25,W,0,,,,471482,359.25,0
2195,5180.838,"Mount",0.168,-0.113,0.200,0.028,0.133,0.000,32,W,0,,,,464097,333.86,0
2196,5183.136,"Mount",0.458,-0.185,0.493,-0.035,0.320,0.000,77,W,0,,,,478689,344.04,0
2197,5185.590,"Mount",0.583,-0.184,0.605,-0.091,0.403,0.000,97,W,0,,,,491979,357.47,0
2198,5187.878,"Mount",0.435,-0.035,0.406,-0.160,0.284,0.000,69,W,0,,,,507213,395.54,0
2199,5190.310,"Mount",-0.228,0.163,-0.277,-0.046,-0.155,0.000,37,E,0,,,,498464,358.66,0
2200,5192.497,"Mount",-0.039,0.040,-0.052,-0.019,0.000,0.000,0,,0,,,,473876,358.61,0
2201,5194.891,"Mount",-0.127,-0.018,-0.106,0.072,0.000,0.000,0,,0,,,,465941,343.68,0
2202,5197.150,"Mount",0.182,-0.045,0.183,-0.040,0.115,0.000,28,W,0,,,,476743,334.47,0
2203,5199.495,"Mount",0.085,0.039,0.059,-0.073,0.000,0.000,0,,0,,,,455019,343.56,0
2204,5201.743,"Mount",0.246,-0.141,0.284,0.019,0.179,0.000,43,W,0,,,,471932,356.96,0
2205,5204.150,"Mount",0.235,0.003,0.210,-0.106,0.145,0.000,35,W,0,,,,472682,395.30,0
2206,5206.398,"Mount",0.248,-0.006,0.226,-0.103,0.153,0.000,37,W,0,,,,484233,350.80,0
2207,5208.830,"Mount",0.137,-0.092,0.164,0.022,0.114,0.000,28,W,0,,,,451611,345.72,0
2208,5211.086,"Mount",-0.151,0.077,-0.170,-0.003,-0.099,0.000,24,E,0,,,,466039,339.79,0
2209,5213.526,"Mount",-0.222,0.058,-0.225,0.045,-0.149,0.000,36,E,0,,,,467984,347.90,0
2210,5215.690,"Mount",0.035,0.023,0.022,-0.036,0.000,0.000,0,,0,,,,449984,332.31,0
2211,5218.044,"Mount",0.110,-0.046,0.119,-0.006,0.000,0.000,0,,0,,,,461480,330.89,0
2212,5220.326,"Mount",0.365,-0.262,0.443,0.075,0.279,0.000,67,W,0,,,,475610,358.99,0
2213,5222.672,"Mount",0.020,-0.071,0.049,0.055,0.000,0.000,0,,0,,,,454803,346.77,0
2214,5224.894,"Mount",0.154,-0.051,0.161,-0.022,0.101,0.000,24,W,0,,,,460894,386.81,0
2215,5227.326,"Mount",0.273,-0.049,0.267,-0.076,0.175,0.000,42,W,0,,,,488510,339.52,0
2216,5229.574,"Mount",0.163,-0.083,0.183,0.003,0.128,0.000,31,W,0,,,,470387,342.97,0
2217,5231.974,"Mount",-0.105,0.112,-0.143,-0.054,-0.081,0.000,20,E,0,,,,476029,359.66,0
2218,5234.262,"Mount",-0.287,0.135,-0.317,0.005,-0.206,0.000,50,E,0,,,,483765,352.54,0
2219,5236.610,"Mount",-0.097,-0.105,-0.041,0.137,0.000,0.000,0,,0,,,,470196,326.43,0
2220,5238.870,"Mount",-0.309,0.028,-0.290,0.110,-0.182,0.000,44,E,0,,,,505089,342.64,0
2221,5241.278,"Mount",-0.165,0.063,-0.176,0.016,-0.124,0.000,30,E,0,,,,471183,346.76,0
2222,5243.582,"Mount",-0.414,0.095,-0.414,0.096,-0.269,0.000,65,E,0,,,,471858,343.30,0
2223,5246.039,"Mount",0.499,-0.219,0.544,-0.022,0.324,0.000,78,W,0,,,,475075,367.69,0
2224,5248.446,"Mount",0.520,-0.522,0.696,0.240,0.461,0.240,111,W,50,S,,,457154,321.29,0
2225,5251.086,"Mount",0.522,-0.691,0.773,0.391,0.519,0.391,125,W,82,S,,,455922,339.67,0
2226,5253.252,"Mount",0.098,-0.083,0.125,0.031,0.000,0.000,0,,0,,,,465304,382.51,0
2227,5255.588,"Mount",-0.075,-0.063,-0.039,0.089,0.000,0.000,0,,0,,,,455344,335.79,0
2228,5257.830,"Mount",-0.037,0.261,-0.147,-0.218,-0.093,0.000,22,E,0,,,,464752,355.48,0
2229,5260.185,"Mount",0.028,-0.003,0.026,-0.010,0.000,0.000,0,,0,,,,461408,352.79,0
2230,5262.430,"Mount",-0.291,0.178,-0.339,-0.032,-0.214,0.000,52,E,0,,,,487125,359.84,0
2231,5264.886,"Mount",0.568,-0.104,0.556,-0.156,0.336,0.000,81,W,0,,,,492561,359.21,0
2232,5267.334,"Mount",0.342,-0.018,0.316,-0.134,0.222,0.000,54,W,0,,,,490286,361.03,0
2233,5269.766,"Mount",0.351,-0.008,0.319,-0.147,0.216,0.000,52,W,0,,,,505280,376.57,0
2234,5271.998,"Mount",-0.175,0.076,-0.191,0.009,-0.105,0.000,25,E,0,,,,464041,333.39,0
2235,5274.414,"Mount",-0.226,0.121,-0.256,-0.010,-0.169,0.000,41,E,0,,,,466118,332.60,0
2236,5276.678,"Mount",-0.213,0.136,-0.251,-0.029,-0.170,0.000,41,E,0,,,,479147,349.19,0
2237,5279.027,"Mount",0.078,-0.037,0.086,-0.001,0.000,0.000,0,,0,,,,466086,330.74,0
2238,5281.211,"Mount",0.084,-0.024,0.086,-0.015,0.000,0.000,0,,0,,,,477052,340.42,0
2239,5283.557,"Mount",0.026,-0.075,0.056,0.056,0.000,0.000,0,,0,,,,463827,361.44,0
2240,5285.782,"Mount",0.213,0.052,0.169,-0.140,0.107,0.000,26,W,0,,,,470237,362.79,0
2241,5288.198,"Mount",0.224,-0.035,0.217,-0.067,0.144,0.000,35,W,0,,,,468321,368.31,0
2242,5290.383,"Mount",-0.087,0.116,-0.129,-0.067,0.000,0.000,0,,0,,,,435588,308.56,0
2243,5292.720,"Mount",0.133,0.031,0.105,-0.086,0.000,0.000,0,,0,,,,462455,364.28,0
2244,5294.944,"Mount",-0.098,0.129,-0.144,-0.074,-0.091,0.000,22,E,0,,,,447142,338.90,0
2245,5297.315,"Mount",-0.101,0.043,-0.110,0.006,0.000,0.000,0,,0,,,,468175,322.47,0
2246,5299.575,"Mount",-0.289,0.200,-0.348,-0.053,-0.219,0.000,53,E,0,,,,476525,347.33,0
2247,5301.931,"Mount",-0.035,0.111,-0.081,-0.085,0.000,0.000,0,,0,,,,461195,315.75,0
2248,5304.174,"Mount",-0.153,0.220,-0.234,-0.130,-0.147,0.000,36,E,0,,,,454430,338.43,0
2249,5306.534,"Mount",0.071,-0.136,0.123,0.091,0.000,0.000,0,,0,,,,469910,364.11,0
2250,5308.846,"Mount",0.304,-0.035,0.289,-0.102,0.182,0.000,44,W,0,,,,485108,361.20,0
2251,5311.246,"Mount",-0.178,0.013,-0.165,0.067,-0.091,0.000,22,E,0,,,,460437,341.65,0
2252,5313.486,"Mount",0.102,-0.107,0.139,0.052,0.081,0.000,20,W,0,,,,484107,366.04,0
2253,5315.894,"Mount",-0.178,0.186,-0.241,-0.090,-0.146,0.000,35,E,0,,,,467897,369.35,0
2254,5318.136,"Mount",-0.207,0.163,-0.258,-0.056,-0.173,0.000,42,E,0,,,,478961,354.91,0
2255,5320.590,"Mount",-0.298,0.232,-0.370,-0.078,-0.245,0.000,59,E,0,,,,450890,332.22,0
2256,5322.846,"Mount",-0.289,0.105,-0.306,0.033,-0.210,0.000,51,E,0,,,,479186,361.28,0
2257,5325.187,"Mount",0.084,0.001,0.075,-0.038,0.000,0.000,0,,0,,,,463243,345.31,0
2258,5327.381,"Mount",-0.083,-0.077,-0.040,0.105,0.000,0.000,0,,0,,,,460192,378.66,0
2259,5329.902,"Mount",0.219,-0.380,0.363,0.245,0.229,0.245,55,W,52,S,,,429298,335.81,0
2260,5332.230,"Mount",0.122,-0.299,0.241,0.215,0.168,0.215,41,W,45,S,,,461806,326.52,0
2261,5334.664,"Mount",0.363,-0.061,0.353,-0.104,0.234,0.000,57,W,0,,,,464116,343.04,0
2262,5336.934,"Mount",0.324,-0.019,0.300,-0.125,0.205,0.000,50,W,0,,,,456231,348.70,0
2263,5339.366,"Mount",-0.115,0.073,-0.136,-0.015,-0.071,0.000,17,E,0,,,,462979,335.79,0
2264,5341.550,"Mount",0.081,0.016,0.065,-0.050,0.000,0.000,0,,0,,,,459492,346.60,0
2265,5343.907,"Mount",-0.015,0.148,-0.079,-0.126,0.000,0.000,0,,0,,,,469715,341.71,0
2266,5346.158,"Mount",0.270,-0.109,0.291,-0.021,0.183,0.000,44,W,0,,,,451459,344.64,0
2267,5348.520,"Mount",-0.023,0.179,-0.099,-0.151,0.000,0.000,0,,0,,,,440926,345.29,0
2268,5350.774,"Mount",0.200,-0.067,0.209,-0.027,0.132,0.000,32,W,0,,,,464664,354.87,0
2269,5353.182,"Mount",0.160,0.030,0.131,-0.097,0.092,0.000,22,W,0,,,,467385,336.21,0
2270,5355.438,"Mount",0.385,-0.058,0.372,-0.117,0.240,0.000,58,W,0,,,,480368,348.10,0
2271,5357.785,"Mount",0.063,-0.051,0.078,0.018,0.000,0.000,0,,0,,,,454836,336.59,0
2272,5360.022,"Mount",0.302,-0.002,0.273,-0.131,0.172,0.000,41,W,0,,,,472816,348.18,0
2273,5362.424,"Mount",-0.091,-0.015,-0.075,0.054,0.000,0.000,0,,0,,,,489896,359.20,0
2274,5364.646,"Mount",-0.157,-0.007,-0.138,0.075,-0.087,0.000,21,E,0,,,,442743,342.29,0
2275,5367.070,"Mount",0.115,-0.222,0.201,0.149,0.120,0.000,29,W,0,,,,452524,339.26,0
2276,5369.358,"Mount",0.269,-0.111,0.291,-0.018,0.192,0.000,46,W,0,,,,467437,352.48,0
2277,5371.715,"Mount",-0.057,-0.040,-0.034,0.061,0.000,0.000,0,,0,,,,466157,321.24,0
2278,5374.009,"Mount",0.213,-0.084,0.228,-0.018,0.144,0.000,35,W,0,,,,463266,362.24,0
2279,5376.352,"Mount",0.044,0.051,0.017,-0.065,0.000,0.000,0,,0,,,,458200,335.31,0
2280,5378.598,"Mount",0.119,-0.110,0.155,0.047,0.098,0.000,24,W,0,,,,457712,337.73,0
2281,5381.011,"Mount",-0.158,-0.048,-0.121,0.112,0.000,0.000,0,,0,,,,451197,361.34,0
2282,5383.358,"Mount",-0.471,-0.009,-0.420,0.215,-0.264,0.215,64,E,45,S,,,483510,352.76,0
2283,5385.806,"Mount",-0.391,0.082,-0.387,0.098,-0.262,0.000,63,E,0,,,,471116,347.73,0
2284,5388.110,"Mount",-0.638,0.150,-0.639,0.146,-0.421,0.000,102,E,0,,,,451917,312.16,0
2285,5390.488,"Mount",0.112,-0.009,0.105,-0.041,0.000,0.000,0,,0,,,,449601,308.79,0
2286,5392.726,"Mount",0.148,-0.136,0.193,0.057,0.122,0.000,29,W,0,,,,457013,340.61,0
2287,5395.150,"Mount",0.194,-0.192,0.259,0.088,0.172,0.000,41,W,0,,,,462885,340.49,0
2288,5397.422,"Mount",0.350,-0.091,0.354,-0.072,0.235,0.000,57,W,0,,,,459743,346.44,0
2289,5399.838,"Mount",0.202,-0.066,0.210,-0.029,0.149,0.000,36,W,0,,,,458375,365.56,0
2290,5402.118,"Mount",0.251,-0.139,0.286,0.015,0.191,0.000,46,W,0,,,,472428,357.20,0
2291,5404.526,"Mount",-0.242,0.004,-0.220,0.103,-0.125,0.000,30,E,0,,,,449974,338.62,0
2292,5406.727,"Mount",-0.126,-0.017,-0.106,0.071,0.000,0.000,0,,0,,,,456163,325.00,0
2293,5409.135,"Mount",-0.191,0.131,-0.229,-0.034,-0.144,0.000,35,E,0,,,,443548,354.78,0
2294,5411.430,"Mount",-0.182,0.220,-0.260,-0.118,-0.174,0.000,42,E,0,,,,427859,340.31,0
2295,5413.870,"Mount",-0.170,0.097,-0.196,-0.012,-0.135,0.000,33,E,0,,,,424463,325.51,0
2296,5416.142,"Mount",-0.270,0.324,-0.385,-0.172,-0.252,0.000,61,E,0,,,,437279,340.87,0
2297,5418.498,"Mount",0.046,0.016,0.034,-0.034,0.000,0.000,0,,0,,,,456125,338.70,0
2298,5420.774,"Mount",-0.283,0.187,-0.336,-0.044,-0.212,0.000,51,E,0,,,,460237,331.46,0
2299,5423.124,"Mount",-0.125,0.030,-0.125,0.028,0.000,0.000,0,,0,,,,465277,338.24,0
2300,5425.374,"Mount",-0.273,0.163,-0.317,-0.026,-0.200,0.000,48,E,0,,,,475181,339.91,0
2301,5427.726,"Mount",-0.040,0.075,-0.069,-0.049,0.000,0.000,0,,0,,,,426865,318.35,0
2302,5429.958,"Mount",-0.205,0.050,-0.207,0.045,-0.130,0.000,31,E,0,,,,428922,299.18,0
2303,5432.331,"Mount",-0.096,-0.039,-0.070,0.077,0.000,0.000,0,,0,,,,456315,329.10,0
2304,5434.694,"Mount",-0.485,-0.030,-0.422,0.240,-0.266,0.240,64,E,50,S,,,461481,329.35,0
2305,5437.055,"Mount",0.068,-0.077,0.095,0.040,0.000,0.000,0,,0,,,,467762,334.03,0
2306,5439.210,"Mount",-0.104,-0.055,-0.069,0.095,0.000,0.000,0,,0,,,,461201,355.16,0
2307,5441.614,"Mount",0.155,-0.066,0.168,-0.009,0.106,0.000,26,W,0,,,,450269,359.56,0
2308,5443.825,"Mount",-0.122,-0.005,-0.108,0.058,0.000,0.000,0,,0,,,,455898,322.11,0
2309,5446.160,"Mount",-0.062,0.079,-0.090,-0.044,0.000,0.000,0,,0,,,,429012,343.76,0
2310,5448.423,"Mount",-0.283,0.247,-0.363,-0.098,-0.229,0.000,55,E,0,,,,441786,356.64,0
2311,5450.854,"Mount",-0.138,0.277,-0.246,-0.188,-0.171,0.000,41,E,0,,,,435270,345.31,0
2312,5453.143,"Mount",-0.362,0.477,-0.535,-0.270,-0.349,0.000,84,E,0,,,,437994,335.05,0
2313,5455.543,"Mount",0.233,-0.120,0.262,0.006,0.141,0.000,34,W,0,,,,434125,316.60,0
2314,5457.790,"Mount",0.185,0.063,0.138,-0.138,0.097,0.000,23,W,0,,,,437641,325.27,0
2315,5460.138,"Mount",-0.004,0.067,-0.032,-0.058,0.000,0.000,0,,0,,,,430427,334.81,0
2316,5462.355,"Mount",-0.034,-0.011,-0.026,0.025,0.000,0.000,0,,0,,,,446022,334.27,0
2317,5464.782,"Mount",-0.222,0.287,-0.325,-0.160,-0.205,0.000,49,E,0,,,,414493,300.32,0
2318,5466.976,"Mount",-0.016,-0.002,-0.014,0.009,0.000,0.000,0,,0,,,,430733,318.36,0
2319,5469.327,"Mount",0.083,-0.040,0.092,-0.000,0.000,0.000,0,,0,,,,424967,310.56,0
2320,5471.582,"Mount",-0.311,0.121,-0.333,0.028,-0.210,0.000,51,E,0,,,,430958,324.30,0
2321,5474.022,"Mount",-0.196,0.029,-0.189,0.060,-0.134,0.000,32,E,0,,,,443905,330.88,0
2322,5476.233,"Mount",-0.133,-0.086,-0.081,0.136,0.000,0.000,0,,0,,,,434673,328.54,0
2323,5478.591,"Mount",-0.065,0.051,-0.081,-0.018,0.000,0.000,0,,0,,,,445969,328.48,0
2324,5480.769,"Mount",-0.071,-0.062,-0.036,0.087,0.000,0.000,0,,0,,,,435774,344.97,0
2325,5483.184,"Mount",0.222,-0.168,0.273,0.054,0.172,0.000,42,W,0,,,,452083,318.52,0
2326,5485.463,"Mount",0.266,-0.149,0.305,0.017,0.204,0.000,49,W,0,,,,462979,347.81,0
2327,5487.825,"Mount",0.109,-0.007,0.100,-0.042,0.000,0.000,0,,0,,,,451603,357.20,0
2328,5489.982,"Mount",0.078,-0.010,0.075,-0.025,0.000,0.000,0,,0,,,,440085,341.15,0
2329,5492.415,"Mount",0.163,-0.009,0.150,-0.064,0.095,0.000,23,W,0,,,,436384,318.08,0
2330,5494.590,"Mount",-0.098,0.018,-0.096,0.027,0.000,0.000,0,,0,,,,438280,340.03,0
2331,5497.006,"Mount",-0.229,0.003,-0.207,0.098,-0.130,0.000,31,E,0,,,,430024,357.23,0
2332,5499.181,"Mount",0.001,-0.004,0.003,0.003,0.000,0.000,0,,0,,,,433466,319.55,0
2333,5501.533,"Mount",0.007,0.039,-0.011,-0.039,0.000,0.000,0,,0,,,,450174,319.04,0
2334,5503.713,"Mount",-0.011,-0.062,0.017,0.061,0.000,0.000,0,,0,,,,429796,335.72,0
2335,5506.110,"Mount",0.154,-0.141,0.200,0.059,0.126,0.000,30,W,0,,,,465594,362.55,0
2336,5508.284,"Mount",0.116,-0.034,0.119,-0.021,0.000,0.000,0,,0,,,,447896,339.37,0
2337,5510.751,"Mount",0.260,-0.169,0.308,0.038,0.194,0.000,47,W,0,,,,453197,333.25,0
2338,5512.916,"Mount",0.051,0.031,0.032,-0.050,0.000,0.000,0,,0,,,,455576,345.05,0
2339,5515.266,"Mount",-0.080,0.071,-0.103,-0.029,0.000,0.000,0,,0,,,,460654,359.67,0
2340,5517.494,"Mount",-0.221,-0.089,-0.160,0.177,-0.101,0.000,24,E,0,,,,459725,344.56,0
2341,5519.834,"Mount",-0.068,0.006,-0.064,0.024,0.000,0.000,0,,0,,,,445865,324.13,0
2342,5521.996,"Mount",0.021,-0.105,0.065,0.085,0.000,0.000,0,,0,,,,438510,338.78,0
2343,5524.324,"Mount",-0.031,-0.095,0.014,0.099,0.000,0.000,0,,0,,,,433123,339.67,0
2344,5526.566,"Mount",0.160,-0.066,0.173,-0.012,0.109,0.000,26,W,0,,,,450705,350.40,0
2345,5528.991,"Mount",0.163,-0.101,0.191,0.019,0.128,0.000,31,W,0,,,,436969,322.78,0
2346,5531.230,"Mount",0.139,-0.035,0.140,-0.030,0.097,0.000,24,W,0,,,,447234,327.75,0
2347,5533.572,"Mount",-0.112,-0.057,-0.075,0.100,0.000,0.000,0,,0,,,,457350,353.79,0
2348,5535.806,"Mount",-0.145,0.126,-0.186,-0.049,-0.117,0.000,28,E,0,,,,440620,358.43,0
2349,5538.263,"Mount",-0.493,0.057,-0.468,0.166,-0.303,0.000,73,E,0,,,,435360,328.66,0
2350,5540.590,"Mount",-0.399,0.143,-0.421,0.047,-0.287,0.000,69,E,0,,,,462717,350.41,0
2351,5542.998,"Mount",-0.173,-0.019,-0.147,0.093,-0.113,0.000,27,E,0,,,,449341,317.41,0
2352,5545.262,"Mount",0.244,-0.262,0.334,0.128,0.203,0.000,49,W,0,,,,451513,336.32,0
2353,5547.608,"Mount",0.016,-0.118,0.066,0.099,0.000,0.000,0,,0,,,,438712,316.44,0
2354,5549.966,"Mount",0.095,-0.384,0.253,0.303,0.160,0.303,39,W,64,S,,,439533,333.98,0
2355,5552.341,"Mount",0.081,-0.030,0.086,-0.009,0.000,0.000,0,,0,,,,443886,347.84,0
2356,5554.516,"Mount",-0.079,-0.038,-0.054,0.069,0.000,0.000,0,,0,,,,425469,330.49,0
2357,5556.985,"Mount",-0.299,0.190,-0.352,-0.040,-0.222,0.000,54,E,0,,,,432082,302.67,0
2358,5559.262,"Mount",-0.248,0.187,-0.305,-0.059,-0.208,0.000,50,E,0,,,,438025,345.10,0
2359,5561.711,"Mount",-0.213,0.231,-0.292,-0.114,-0.199,0.000,48,E,0,,,,454442,354.58,0
2360,5563.917,"Mount",0.029,-0.064,0.054,0.045,0.000,0.000,0,,0,,,,431990,320.96,0
2361,5566.335,"Mount",-0.332,0.232,-0.400,-0.062,-0.252,0.000,61,E,0,,,,450058,343.42,0
2362,5568.598,"Mount",-0.142,0.128,-0.184,-0.053,-0.134,0.000,32,E,0,,,,446339,352.87,0
2363,5571.022,"Mount",-0.184,0.005,-0.168,0.077,-0.115,0.000,28,E,0,,,,443201,334.46,0
2364,5573.208,"Mount",0.106,-0.027,0.108,-0.022,0.000,0.000,0,,0,,,,453125,357.02,0
2365,5575.633,"Mount",-0.192,0.000,-0.173,0.084,-0.109,0.000,26,E,0,,,,448593,381.70,0
2366,5577.899,"Mount",0.047,0.020,0.033,-0.038,0.000,0.000,0,,0,,,,446816,318.22,0
2367,5580.335,"Mount",-0.330,0.198,-0.384,-0.033,-0.242,0.000,58,E,0,,,,436339,327.38,0
2368,5582.512,"Mount",-0.012,-0.048,0.010,0.048,0.000,0.000,0,,0,,,,432526,315.63,0
2369,5584.845,"Mount",-0.043,0.177,-0.116,-0.140,0.000,0.000,0,,0,,,,434470,337.06,0
2370,5587.110,"Mount",-0.205,0.144,-0.247,-0.039,-0.156,0.000,38,E,0,,,,445398,348.00,0
2371,5589.455,"Mount",0.007,-0.018,0.014,0.013,0.000,0.000,0,,0,,,,439569,339.33,0
2372,5591.686,"Mount",0.078,-0.137,0.130,0.089,0.082,0.000,20,W,0,,,,450128,354.87,0
2373,5594.118,"Mount",-0.079,0.146,-0.135,-0.097,-0.079,0.000,19,E,0,,,,453504,363.70,0
2374,5596.291,"Mount",-0.062,-0.033,-0.041,0.057,0.000,0.000,0,,0,,,,451547,340.75,0
2375,5598.751,"Mount",-0.231,0.287,-0.333,-0.157,-0.210,0.000,51,E,0,,,,451792,317.80,0
2376,5600.933,"Mount",-0.054,0.135,-0.108,-0.097,0.000,0.000,0,,0,,,,440216,309.11,0
2377,5603.300,"Mount",-0.143,-0.018,-0.120,0.079,0.000,0.000,0,,0,,,,445586,341.40,0
2378,5605.466,"Mount",-0.080,0.040,-0.089,-0.001,0.000,0.000,0,,0,,,,445231,343.26,0
2379,5607.817,"Mount",-0.027,-0.019,-0.016,0.029,0.000,0.000,0,,0,,,,444105,334.20,0
2380,5610.158,"Mount",0.161,-0.359,0.302,0.252,0.191,0.252,46,W,53,S,,,421584,327.89,0
2381,5612.598,"Mount",0.242,-0.128,0.273,0.009,0.185,0.000,45,W,0,,,,448344,319.37,0
2382,5614.854,"Mount",-0.319,0.141,-0.349,0.014,-0.207,0.000,50,E,0,,,,459954,362.18,0
2383,5617.294,"Mount",-0.365,0.162,-0.399,0.015,-0.266,0.000,64,E,0,,,,449680,337.59,0
2384,5619.569,"Mount",-0.230,0.206,-0.297,-0.084,-0.206,0.000,50,E,0,,,,450610,349.39,0
2385,5622.016,"Mount",-0.187,0.202,-0.257,-0.100,-0.176,0.000,43,E,0,,,,449356,326.36,0
2386,5624.246,"Mount",-0.203,0.115,-0.233,-0.014,-0.159,0.000,38,E,0,,,,412881,298.52,0
2387,5626.678,"Mount",-0.216,0.109,-0.242,-0.003,-0.163,0.000,39,E,0,,,,407033,306.62,0
2388,5628.951,"Mount",0.304,-0.008,0.277,-0.126,0.163,0.000,39,W,0,,,,453152,323.54,0
2389,5631.304,"Mount",0.057,-0.115,0.101,0.078,0.000,0.000,0,,0,,,,448907,327.49,0
2390,5633.647,"Mount",0.770,-0.419,0.876,0.039,0.552,0.000,133,W,0,,,,425337,318.04,0
2391,5636.072,"Mount",0.244,-0.069,0.249,-0.045,0.196,0.000,47,W,0,,,,451949,352.88,0
2392,5638.253,"Mount",0.093,-0.085,0.121,0.035,0.000,0.000,0,,0,,,,453836,330.48,0
2393,5640.649,"Mount",-0.028,-0.055,-0.001,0.062,0.000,0.000,0,,0,,,,449878,354.77,0
2394,5642.818,"Mount",-0.049,-0.003,-0.043,0.024,0.000,0.000,0,,0,,,,454836,321.46,0
2395,5645.147,"Mount",0.202,0.226,0.083,-0.292,0.000,0.000,0,,0,,,,457070,366.08,0
2396,5647.329,"Mount",0.012,-0.029,0.023,0.021,0.000,0.000,0,,0,,,,449239,347.36,0
2397,5649.684,"Mount",0.098,-0.030,0.101,-0.016,0.000,0.000,0,,0,,,,441563,333.48,0
2398,5651.928,"Mount",0.204,-0.111,0.232,0.010,0.146,0.000,35,W,0,,,,454320,348.54,0
2399,5654.390,"Mount",0.386,-0.067,0.376,-0.109,0.247,0.000,60,W,0,,,,465218,364.21,0
2400,5656.638,"Mount",0.104,-0.120,0.146,0.062,0.109,0.000,26,W,0,,,,452279,339.69,0
2401,5659.073,"Mount",0.177,-0.100,0.203,0.012,0.136,0.000,33,W,0,,,,446497,324.27,0
2402,5661.340,"Mount",-0.111,0.014,-0.106,0.036,0.000,0.000,0,,0,,,,428969,315.84,0
2403,5663.790,"Mount",0.137,-0.048,0.145,-0.017,0.091,0.000,22,W,0,,,,463789,355.48,0
2404,5666.038,"Mount",-0.148,0.005,-0.135,0.060,-0.079,0.000,19,E,0,,,,427949,317.91,0
2405,5668.486,"Mount",0.338,-0.093,0.344,-0.065,0.211,0.000,51,W,0,,,,449547,333.28,0
2406,5670.691,"Mount",0.131,0.029,0.105,-0.084,0.000,0.000,0,,0,,,,443336,341.26,0
2407,5673.175,"Mount",0.467,-0.250,0.529,0.019,0.333,0.000,80,W,0,,,,461444,343.66,0
2408,5675.583,"Mount",0.123,-0.131,0.168,0.063,0.129,0.000,31,W,0,,,,457582,363.58,0
2409,5678.016,"Mount",0.183,-0.161,0.235,0.065,0.157,0.000,38,W,0,,,,455661,340.04,0
2410,5680.311,"Mount",-0.203,0.138,-0.243,-0.035,-0.142,0.000,34,E,0,,,,469056,361.12,0
2411,5682.679,"Mount",-0.120,-0.009,-0.104,0.061,0.000,0.000,0,,0,,,,456243,335.47,0
INFO: SET LOCK POSITION, new lock pos = 670.126, 884.917
INFO: DITHER by -3.809, -4.953, new lock pos = 668.877, 891.040
INFO: SETTLING STATE CHANGE, Settling started
2412,5687.294,"Mount",1.249,-6.122,3.809,4.953,3.809,4.953,920,W,1040,S,,,443112,330.41,0
2413,5690.094,"Mount",-1.599,0.028,-1.449,0.676,-0.913,0.676,221,E,142,S,,,434196,320.35,0
2414,5692.518,"Mount",-0.799,0.341,-0.868,0.045,-0.611,0.000,148,E,0,,,,454450,354.28,0
2415,5694.951,"Mount",0.530,0.022,0.467,-0.252,0.251,0.000,61,W,0,,,,454489,354.99,0
2416,5697.152,"Mount",0.014,0.287,-0.113,-0.264,0.000,0.000,0,,0,,,,434598,329.28,0
2417,5699.558,"Mount",0.321,0.079,0.254,-0.212,0.160,0.000,39,W,0,,,,440557,353.23,0
2418,5701.737,"Mount",0.122,0.158,0.041,-0.195,0.000,0.000,0,,0,,,,427696,340.41,0
INFO: SETTLING STATE CHANGE, Settling complete
2419,5704.238,"Mount",-0.133,0.436,-0.310,-0.333,-0.196,0.000,47,E,0,,,,448922,322.78,0
2420,5706.511,"Mount",-0.266,0.366,-0.400,-0.212,-0.266,0.000,64,E,0,,,,445756,314.13,0
2421,5708.951,"Mount",0.016,0.133,-0.044,-0.126,0.000,0.000,0,,0,,,,434688,317.67,0
2422,5711.183,"Mount",0.037,0.107,-0.014,-0.112,0.000,0.000,0,,0,,,,430798,335.25,0
2423,5713.638,"Mount",-0.277,0.254,-0.360,-0.107,-0.227,0.000,55,E,0,,,,450340,296.97,0
2424,5715.903,"Mount",-0.277,0.194,-0.334,-0.053,-0.226,0.000,55,E,0,,,,432591,339.89,0
2425,5718.334,"Mount",0.347,-0.167,0.385,-0.002,0.227,0.000,55,W,0,,,,451551,333.30,0
2426,5720.600,"Mount",-0.300,0.138,-0.330,0.008,-0.192,0.000,46,E,0,,,,464949,368.63,0
2427,5723.033,"Mount",-0.132,0.114,-0.169,-0.045,-0.120,0.000,29,E,0,,,,442642,354.58,0
2428,5725.294,"Mount",-0.260,0.212,-0.327,-0.077,-0.214,0.000,52,E,0,,,,449591,337.08,0
2429,5727.734,"Mount",-0.220,0.188,-0.280,-0.072,-0.191,0.000,46,E,0,,,,443809,381.88,0
2430,5729.998,"Mount",-0.404,0.186,-0.445,0.011,-0.294,0.000,71,E,0,,,,445301,358.53,0
2431,5732.377,"Mount",-0.077,0.001,-0.069,0.033,0.000,0.000,0,,0,,,,430053,323.95,0
2432,5734.556,"Mount",-0.058,0.066,-0.081,-0.034,0.000,0.000,0,,0,,,,439056,335.71,0
2433,5736.906,"Mount",-0.002,-0.022,0.008,0.021,0.000,0.000,0,,0,,,,431598,343.67,0
2434,5739.174,"Mount",-0.243,0.224,-0.317,-0.095,-0.200,0.000,48,E,0,,,,440312,366.27,0
2435,5741.528,"Mount",-0.132,-0.055,-0.094,0.107,0.000,0.000,0,,0,,,,436758,351.95,0
2436,5743.806,"Mount",-0.191,0.295,-0.301,-0.181,-0.189,0.000,46,E,0,,,,438225,360.16,0
2437,5746.144,"Mount",0.023,0.074,-0.012,-0.076,0.000,0.000,0,,0,,,,425871,322.46,0
2438,5748.422,"Mount",-0.362,0.329,-0.469,-0.137,-0.296,0.000,71,E,0,,,,443671,331.09,0
2439,5750.846,"Mount",-0.298,0.091,-0.308,0.049,-0.215,0.000,52,E,0,,,,457944,350.57,0
2440,5753.029,"Mount",-0.139,-0.060,-0.099,0.115,0.000,0.000,0,,0,,,,437719,338.11,0
2441,5755.365,"Mount",-0.055,0.001,-0.050,0.023,0.000,0.000,0,,0,,,,418270,319.58,0
2442,5757.598,"Mount",0.141,-0.035,0.142,-0.030,0.089,0.000,22,W,0,,,,434643,337.42,0
2443,5759.940,"Mount",0.050,-0.009,0.048,-0.014,0.000,0.000,0,,0,,,,411092,337.41,0
2444,5762.183,"Mount",0.205,-0.069,0.214,-0.028,0.135,0.000,33,W,0,,,,427274,338.08,0
2445,5764.599,"Mount",-0.102,0.005,-0.093,0.040,0.000,0.000,0,,0,,,,435243,338.15,0
2446,5766.903,"Mount",-0.362,0.219,-0.421,-0.038,-0.265,0.000,64,E,0,,,,459266,327.45,0
2447,5769.334,"Mount",-0.307,0.058,-0.301,0.083,-0.208,0.000,50,E,0,,,,444092,327.52,0
2448,5771.599,"Mount",-0.388,0.028,-0.361,0.145,-0.242,0.000,58,E,0,,,,446186,336.80,0
2449,5774.054,"Mount",-0.157,0.089,-0.180,-0.011,-0.130,0.000,31,E,0,,,,439229,346.96,0
2450,5776.219,"Mount",-0.074,-0.039,-0.050,0.067,0.000,0.000,0,,0,,,,411090,308.41,0
2451,5778.750,"Mount",-0.374,-0.144,-0.273,0.293,-0.172,0.293,42,E,62,S,,,451704,327.71,0
2452,5780.929,"Mount",-0.116,0.030,-0.117,0.024,0.000,0.000,0,,0,,,,447440,370.62,0
2453,5783.439,"Mount",0.712,-0.079,0.674,-0.242,0.425,0.000,103,W,0,,,,458717,342.98,0
2454,5785.774,"Mount",0.739,-0.015,0.671,-0.311,0.453,0.000,109,W,0,,,,439549,365.76,0
2455,5788.174,"Mount",-0.031,0.309,-0.164,-0.264,-0.071,0.000,17,E,0,,,,440879,329.29,0
2456,5790.349,"Mount",0.115,0.107,0.057,-0.147,0.000,0.000,0,,0,,,,440152,333.53,0
2457,5792.798,"Mount",-0.318,0.283,-0.410,-0.114,-0.258,0.000,62,E,0,,,,450398,356.70,0
2458,5795.039,"Mount",-0.107,0.087,-0.135,-0.031,-0.103,0.000,25,E,0,,,,451517,382.56,0
2459,5797.462,"Mount",-0.129,0.081,-0.152,-0.016,-0.103,0.000,25,E,0,,,,427133,327.33,0
2460,5799.718,"Mount",0.171,-0.219,0.250,0.122,0.150,0.000,36,W,0,,,,454616,338.67,0
2461,5802.054,"Mount",0.042,0.093,-0.003,-0.102,0.000,0.000,0,,0,,,,437455,359.76,0
2462,5804.350,"Mount",0.324,-0.036,0.307,-0.109,0.193,0.000,47,W,0,,,,445728,342.29,0
2463,5806.706,"Mount",0.005,0.220,-0.092,-0.200,0.000,0.000,0,,0,,,,425787,338.99,0
2464,5808.958,"Mount",-0.055,0.185,-0.130,-0.142,-0.082,0.000,20,E,0,,,,438536,316.65,0
2465,5811.390,"Mount",-0.266,0.213,-0.332,-0.074,-0.215,0.000,52,E,0,,,,447755,343.04,0
2466,5813.638,"Mount",-0.133,0.167,-0.192,-0.092,-0.136,0.000,33,E,0,,,,438967,361.70,0
2467,5816.046,"Mount",-0.089,0.140,-0.141,-0.087,-0.098,0.000,24,E,0,,,,427543,342.38,0
2468,5818.342,"Mount",0.439,-0.044,0.414,-0.153,0.254,0.000,61,W,0,,,,446347,333.41,0
2469,5820.801,"Mount",0.286,-0.103,0.302,-0.033,0.208,0.000,50,W,0,,,,432628,354.22,0
2470,5822.988,"Mount",-0.038,-0.017,-0.027,0.032,0.000,0.000,0,,0,,,,429987,303.59,0
2471,5825.376,"Mount",0.114,0.004,0.101,-0.053,0.000,0.000,0,,0,,,,423669,321.24,0
2472,5828.671,"Mount",0.275,-0.213,0.340,0.071,0.214,0.000,52,W,0,,,,467399,330.03,0
2473,5831.352,"Mount",-1.491,0.921,-1.744,-0.173,-1.084,0.000,262,E,0,,,,438518,325.43,0
2474,5833.918,"Mount",-1.119,0.738,-1.330,-0.172,-0.914,0.000,221,E,0,,,,457781,325.46,0
2475,5836.311,"Mount",0.264,-0.134,0.296,0.005,0.123,0.000,30,W,0,,,,433422,330.91,0
2476,5838.583,"Mount",-0.197,0.151,-0.244,-0.049,-0.145,0.000,35,E,0,,,,441077,330.07,0
2477,5841.015,"Mount",0.317,-0.063,0.313,-0.083,0.187,0.000,45,W,0,,,,432658,326.07,0
2478,5843.220,"Mount",0.023,0.051,-0.001,-0.056,0.000,0.000,0,,0,,,,439130,333.15,0
2479,5845.695,"Mount",0.729,-0.110,0.704,-0.221,0.443,0.000,107,W,0,,,,464748,354.60,0
2480,5847.938,"Mount",0.107,-0.073,0.128,0.018,0.000,0.000,0,,0,,,,450756,327.29,0
2481,5850.430,"Mount",0.661,-0.231,0.695,-0.082,0.438,0.000,106,W,0,,,,472344,348.24,0
2482,5852.766,"Mount",0.159,-0.232,0.244,0.139,0.184,0.000,45,W,0,,,,452979,345.27,0
2483,5855.511,"Mount",-0.611,0.378,-0.715,-0.072,-0.437,0.000,106,E,0,,,,427521,317.55,0
2484,5857.799,"Mount",-0.397,0.092,-0.397,0.091,-0.281,0.000,68,E,0,,,,461300,332.23,0
2485,5860.152,"Mount",0.070,-0.053,0.087,0.017,0.000,0.000,0,,0,,,,450365,351.85,0
2486,5862.382,"Mount",0.210,-0.016,0.196,-0.078,0.123,0.000,30,W,0,,,,437368,325.92,0
2487,5864.726,"Mount",0.064,-0.034,0.073,0.002,0.000,0.000,0,,0,,,,432787,347.04,0
2488,5867.000,"Mount",0.257,-0.194,0.316,0.061,0.199,0.000,48,W,0,,,,433741,325.99,0
2489,5869.555,"Mount",-0.303,0.071,-0.304,0.069,-0.177,0.000,43,E,0,,,,443056,348.95,0
2490,5871.775,"Mount",-0.032,-0.054,-0.005,0.062,0.000,0.000,0,,0,,,,432833,347.63,0
2491,5874.371,"Mount",-0.235,0.111,-0.260,0.003,-0.164,0.000,39,E,0,,,,461711,369.20,0
2492,5876.750,"Mount",-0.349,0.196,-0.400,-0.023,-0.263,0.000,64,E,0,,,,448712,351.33,0
2493,5879.414,"Mount",-0.282,0.066,-0.283,0.065,-0.196,0.000,47,E,0,,,,446049,354.99,0
2494,5881.607,"Mount",0.009,-0.108,0.056,0.093,0.000,0.000,0,,0,,,,467222,363.50,0
2495,5884.417,"Mount",-0.152,0.081,-0.172,-0.006,-0.109,0.000,26,E,0,,,,451464,346.30,0
2496,5886.942,"Mount",0.385,-0.299,0.477,0.100,0.293,0.000,71,W,0,,,,473214,353.92,0
2497,5889.415,"Mount",0.309,-0.174,0.354,0.021,0.243,0.000,59,W,0,,,,439845,333.85,0
2498,5891.678,"Mount",0.224,-0.132,0.260,0.020,0.181,0.000,44,W,0,,,,453308,340.01,0
2499,5894.095,"Mount",-0.273,0.007,-0.249,0.113,-0.144,0.000,35,E,0,,,,439451,339.64,0
2500,5896.359,"Mount",-0.080,-0.065,-0.044,0.094,0.000,0.000,0,,0,,,,453767,349.91,0
2501,5898.919,"Mount",-0.259,0.116,-0.284,0.009,-0.179,0.000,43,E,0,,,,456997,345.96,0
2502,5901.160,"Mount",-0.044,-0.187,0.043,0.188,0.000,0.000,0,,0,,,,456077,332.85,0
2503,5903.601,"Mount",0.341,-0.137,0.367,-0.027,0.231,0.000,56,W,0,,,,440891,382.31,0
2504,5905.791,"Mount",0.094,-0.069,0.115,0.021,0.000,0.000,0,,0,,,,449795,331.91,0
2505,5908.230,"Mount",0.291,-0.233,0.364,0.082,0.229,0.000,55,W,0,,,,460438,333.50,0
2506,5910.520,"Mount",0.243,-0.270,0.337,0.136,0.229,0.000,55,W,0,,,,451108,356.07,0
2507,5913.148,"Mount",-0.116,-0.137,-0.044,0.174,0.000,0.000,0,,0,,,,477204,356.40,0
2508,5915.991,"Mount",-0.352,-0.140,-0.255,0.280,-0.160,0.280,39,E,59,S,,,490230,373.56,0
2509,5918.495,"Mount",0.449,0.061,0.377,-0.252,0.226,0.000,55,W,0,,,,465675,326.29,0
2510,5920.759,"Mount",0.262,0.069,0.205,-0.177,0.145,0.000,35,W,0,,,,451434,342.19,0
2511,5923.132,"Mount",-0.040,0.146,-0.100,-0.114,0.000,0.000,0,,0,,,,440549,328.93,0
2512,5925.400,"Mount",0.085,0.266,-0.041,-0.276,0.000,0.000,0,,0,,,,458407,341.63,0
2513,5927.863,"Mount",0.690,0.111,0.572,-0.402,0.360,0.000,87,W,0,,,,438057,320.64,0
2514,5930.119,"Mount",0.274,0.079,0.211,-0.192,0.158,0.000,38,W,0,,,,450553,327.03,0
2515,5933.956,"Mount",0.567,0.115,0.459,-0.352,0.300,-0.352,73,W,1327,N,,,462393,348.81,0
2516,5936.263,"Mount",0.448,-0.197,0.489,-0.020,0.329,0.000,80,W,0,,,,484034,368.85,0
2517,5940.015,"Mount",-0.680,-0.191,-0.527,0.470,-0.309,0.000,75,E,0,,,,458899,363.68,0
2518,5942.841,"Mount",-0.054,-0.278,0.073,0.273,0.000,0.000,0,,0,,,,457774,368.92,0
2519,5945.583,"Mount",0.733,-0.717,0.973,0.322,0.613,0.000,148,W,0,,,,447869,323.73,0
2520,5948.267,"Mount",0.219,-0.453,0.395,0.311,0.292,0.000,71,W,0,,,,463723,350.07,0
2521,5950.803,"Mount",0.132,-0.339,0.267,0.246,0.189,0.000,46,W,0,,,,443137,331.71,0
2522,5953.504,"Mount",0.406,-0.416,0.547,0.196,0.358,0.000,86,W,0,,,,453163,352.11,0
2523,5957.327,"Mount",-0.181,-0.154,-0.095,0.218,0.000,0.218,0,,1299,S,,,446681,333.03,0
2524,5959.640,"Mount",-0.078,-0.255,0.042,0.264,0.000,0.264,0,,55,S,,,492077,384.23,0
2525,5962.311,"Mount",0.219,-0.078,0.231,-0.026,0.146,0.000,35,W,0,,,,469749,333.51,0
2526,5965.059,"Mount",-0.047,0.000,-0.043,0.020,0.000,0.000,0,,0,,,,453128,326.02,0
2527,5967.583,"Mount",0.276,-0.054,0.272,-0.073,0.171,0.000,41,W,0,,,,439512,358.74,0
2528,5969.975,"Mount",0.154,-0.065,0.167,-0.009,0.117,0.000,28,W,0,,,,462294,364.82,0
2529,5972.578,"Mount",0.226,-0.043,0.222,-0.061,0.148,0.000,36,W,0,,,,444603,342.67,0
2530,5975.342,"Mount",0.086,-0.050,0.099,0.007,0.000,0.000,0,,0,,,,416826,332.10,0
2531,5977.911,"Mount",-0.098,0.119,-0.141,-0.064,-0.089,0.000,21,E,0,,,,444403,317.03,0
2532,5980.204,"Mount",-0.065,0.038,-0.075,-0.006,0.000,0.000,0,,0,,,,457594,388.40,0
2533,5982.777,"Mount",-0.706,0.209,-0.726,0.122,-0.457,0.000,110,E,0,,,,471820,360.50,0
2534,5985.242,"Mount",-0.154,0.022,-0.149,0.048,-0.126,0.000,30,E,0,,,,469404,353.23,0
2535,5987.614,"Mount",-0.063,-0.099,-0.013,0.117,0.000,0.000,0,,0,,,,447251,351.19,0
2536,5989.879,"Mount",0.232,-0.105,0.255,-0.007,0.161,0.000,39,W,0,,,,460847,364.14,0
2537,5992.295,"Mount",-0.148,0.018,-0.141,0.049,-0.078,0.000,19,E,0,,,,466579,362.53,0
2538,5994.575,"Mount",0.333,-0.262,0.414,0.089,0.255,0.000,62,W,0,,,,480274,340.96,0
2539,5996.934,"Mount",-0.063,-0.086,-0.019,0.105,0.000,0.000,0,,0,,,,459021,351.05,0
2540,5999.117,"Mount",-0.109,-0.100,-0.054,0.138,0.000,0.000,0,,0,,,,464944,359.29,0
2541,6001.462,"Mount",-0.089,-0.017,-0.073,0.054,0.000,0.000,0,,0,,,,449138,332.84,0
2542,6003.645,"Mount",-0.043,0.045,-0.059,-0.021,0.000,0.000,0,,0,,,,451133,342.53,0
2543,6006.119,"Mount",-0.371,0.031,-0.347,0.135,-0.219,0.000,53,E,0,,,,445127,347.81,0
2544,6008.399,"Mount",-0.252,0.021,-0.236,0.092,-0.164,0.000,40,E,0,,,,462631,337.33,0
2545,6010.755,"Mount",-0.015,-0.023,-0.003,0.027,0.000,0.000,0,,0,,,,468444,362.32,0
2546,6013.007,"Mount",0.176,-0.069,0.188,-0.015,0.119,0.000,29,W,0,,,,465376,364.29,0
2547,6015.455,"Mount",-0.454,0.213,-0.501,0.008,-0.308,0.000,74,E,0,,,,445082,343.98,0
2548,6017.641,"Mount",-0.083,-0.015,-0.068,0.050,0.000,0.000,0,,0,,,,453952,320.77,0
2549,6020.103,"Mount",-0.514,0.182,-0.542,0.062,-0.341,0.000,82,E,0,,,,451874,348.39,0
2550,6022.438,"Mount",-0.316,-0.070,-0.253,0.201,-0.183,0.201,44,E,42,S,,,473471,337.48,0
2551,6024.887,"Mount",-0.339,-0.001,-0.304,0.149,-0.204,0.000,49,E,0,,,,464474,357.16,0
2552,6027.105,"Mount",-0.007,-0.104,0.039,0.097,0.000,0.000,0,,0,,,,480662,376.03,0
2553,6029.544,"Mount",-0.314,-0.065,-0.253,0.197,-0.160,0.000,39,E,0,,,,463958,323.32,0
2554,6031.862,"Mount",-0.233,-0.119,-0.157,0.209,-0.110,0.209,27,E,44,S,,,480423,341.54,0
2555,6034.210,"Mount",0.031,0.005,0.026,-0.018,0.000,0.000,0,,0,,,,446876,338.89,0
2556,6036.385,"Mount",0.012,0.034,-0.004,-0.035,0.000,0.000,0,,0,,,,447295,348.35,0
2557,6039.006,"Mount",-0.898,0.101,-0.851,0.303,-0.536,0.303,130,E,64,S,,,503116,392.91,0
2558,6041.311,"Mount",-0.303,0.161,-0.343,-0.012,-0.254,0.000,61,E,0,,,,471274,364.11,0
2559,6043.743,"Mount",-0.282,0.084,-0.290,0.048,-0.201,0.000,48,E,0,,,,484421,346.33,0
2560,6045.934,"Mount",0.029,0.331,-0.119,-0.310,0.000,0.000,0,,0,,,,467811,369.20,0
2561,6048.375,"Mount",-0.229,0.281,-0.329,-0.152,-0.207,0.000,50,E,0,,,,476240,350.29,0
2562,6050.574,"Mount",-0.045,0.143,-0.103,-0.109,0.000,0.000,0,,0,,,,451622,346.30,0
2563,6052.967,"Mount",-0.064,0.222,-0.155,-0.172,-0.097,0.000,24,E,0,,,,451414,327.97,0
2564,6055.280,"Mount",-0.714,0.152,-0.708,0.177,-0.453,0.000,109,E,0,,,,503812,369.61,0
2565,6057.792,"Mount",0.835,-0.019,0.759,-0.349,0.446,0.000,108,W,0,,,,463338,353.50,0
2566,6060.063,"Mount",0.295,-0.077,0.299,-0.061,0.219,0.000,53,W,0,,,,459170,325.37,0
2567,6062.503,"Mount",0.218,0.077,0.162,-0.165,0.117,0.000,28,W,0,,,,449978,344.09,0
2568,6064.743,"Mount",-0.118,0.254,-0.218,-0.176,-0.129,0.000,31,E,0,,,,476217,361.27,0
2569,6068.534,"Mount",-0.261,0.417,-0.417,-0.260,-0.272,-0.260,66,E,1308,N,,,483610,317.42,0
2570,6070.935,"Mount",-1.026,0.510,-1.146,-0.008,-0.741,0.000,179,E,0,,,,446201,356.27,0
2571,6073.439,"Mount",-0.743,0.213,-0.761,0.134,-0.531,0.000,128,E,0,,,,450319,333.61,0
2572,6075.687,"Mount",-0.263,-0.179,-0.158,0.276,-0.136,0.000,33,E,0,,,,503369,378.93,0
2573,6078.127,"Mount",0.302,-0.395,0.445,0.223,0.271,0.000,65,W,0,,,,454488,298.61,0
2574,6080.391,"Mount",-0.288,-0.276,-0.138,0.375,-0.068,0.000,16,E,0,,,,484402,346.08,0
2575,6084.192,"Mount",0.451,-0.518,0.633,0.268,0.394,0.268,95,W,1309,S,,,493634,375.40,0
2576,6086.543,"Mount",0.747,-0.322,0.813,-0.039,0.540,0.000,130,W,0,,,,476650,365.70,0
2577,6088.937,"Mount",-0.060,0.098,-0.097,-0.062,0.000,0.000,0,,0,,,,471001,374.83,0
2578,6091.125,"Mount",-0.073,0.031,-0.079,0.004,0.000,0.000,0,,0,,,,464730,315.78,0
2579,6093.528,"Mount",-0.206,0.094,-0.226,0.006,-0.143,0.000,34,E,0,,,,502870,363.10,0
2580,6095.703,"Mount",-0.145,-0.121,-0.077,0.172,0.000,0.000,0,,0,,,,477723,367.78,0
2581,6098.159,"Mount",0.730,0.033,0.642,-0.350,0.404,0.000,98,W,0,,,,459374,352.65,0
2582,6100.416,"Mount",0.283,0.008,0.251,-0.131,0.187,0.000,45,W,0,,,,424377,324.27,0
2583,6102.766,"Mount",0.173,0.092,0.115,-0.159,0.000,0.000,0,,0,,,,457674,331.88,0
2584,6104.991,"Mount",-0.053,0.332,-0.193,-0.275,-0.122,0.000,29,E,0,,,,466002,359.43,0
2585,6108.759,"Mount",0.259,0.108,0.185,-0.211,0.108,-0.211,26,W,1297,N,,,444434,367.92,0
2586,6111.031,"Mount",-0.308,0.126,-0.332,0.022,-0.201,0.000,49,E,0,,,,466100,332.06,0
2587,6113.495,"Mount",-0.342,-0.150,-0.242,0.285,-0.166,0.000,40,E,0,,,,465148,356.24,0
2588,6115.735,"Mount",0.121,-0.186,0.191,0.114,0.108,0.000,26,W,0,,,,454585,344.01,0
2589,6118.143,"Mount",0.116,-0.301,0.237,0.220,0.157,0.000,38,W,0,,,,459241,380.23,0
2590,6120.328,"Mount",0.006,-0.163,0.077,0.144,0.000,0.000,0,,0,,,,482164,385.76,0
2591,6122.685,"Mount",0.042,-0.043,0.057,0.021,0.000,0.000,0,,0,,,,443749,329.99,0
2592,6124.861,"Mount",0.014,-0.183,0.093,0.158,0.000,0.000,0,,0,,,,457827,372.43,0
2593,6127.279,"Mount",0.105,-0.366,0.255,0.283,0.161,0.000,39,W,0,,,,465294,348.85,0
2594,6130.855,"Mount",0.031,-0.254,0.139,0.215,0.099,0.215,24,W,1298,S,,,464758,333.00,0
2595,6133.255,"Mount",-0.061,0.230,-0.156,-0.180,-0.091,0.000,22,E,0,,,,451701,345.05,0
2596,6135.519,"Mount",-0.241,0.270,-0.335,-0.137,-0.217,0.000,52,E,0,,,,478324,370.12,0
2597,6138.017,"Mount",-0.566,0.568,-0.758,-0.262,-0.493,0.000,119,E,0,,,,463933,357.43,0
2598,6140.295,"Mount",-0.111,0.258,-0.213,-0.183,-0.169,0.000,41,E,0,,,,442159,355.29,0
2599,6142.696,"Mount",0.237,0.059,0.187,-0.157,0.106,0.000,26,W,0,,,,452319,352.08,0
2600,6144.983,"Mount",0.640,0.137,0.515,-0.404,0.332,0.000,80,W,0,,,,467453,325.82,0
2601,6147.399,"Mount",0.175,0.021,0.148,-0.096,0.116,0.000,28,W,0,,,,442074,342.25,0
2602,6149.565,"Mount",0.033,0.017,0.022,-0.030,0.000,0.000,0,,0,,,,449391,332.01,0
2603,6152.007,"Mount",0.408,-0.014,0.372,-0.166,0.235,0.000,57,W,0,,,,457722,352.78,0
2604,6154.279,"Mount",0.398,-0.039,0.375,-0.140,0.253,0.000,61,W,0,,,,454142,361.55,0
2605,6156.719,"Mount",-0.229,0.174,-0.282,-0.056,-0.160,0.000,39,E,0,,,,454625,341.47,0
2606,6158.895,"Mount",-0.036,0.071,-0.064,-0.048,0.000,0.000,0,,0,,,,462190,354.55,0
2607,6161.295,"Mount",-0.007,0.176,-0.084,-0.155,0.000,0.000,0,,0,,,,446081,326.13,0
2608,6163.535,"Mount",-0.111,0.262,-0.215,-0.186,-0.135,0.000,33,E,0,,,,459998,354.82,0
2609,6165.951,"Mount",-0.124,0.074,-0.143,-0.012,-0.100,0.000,24,E,0,,,,453651,332.46,0
2610,6168.129,"Mount",0.049,0.022,0.034,-0.042,0.000,0.000,0,,0,,,,446859,345.53,0
2611,6170.568,"Mount",-0.260,0.044,-0.253,0.075,-0.159,0.000,39,E,0,,,,449660,336.12,0
2612,6172.791,"Mount",0.125,-0.072,0.144,0.010,0.080,0.000,19,W,0,,,,435547,337.72,0
2613,6175.134,"Mount",0.096,0.030,0.073,-0.069,0.000,0.000,0,,0,,,,451751,343.72,0
2614,6177.399,"Mount",0.259,-0.257,0.346,0.117,0.218,0.000,53,W,0,,,,469809,333.15,0
2615,6179.807,"Mount",-0.147,0.110,-0.181,-0.035,-0.099,0.000,24,E,0,,,,455779,335.85,0
2616,6182.058,"Mount",0.015,0.136,-0.046,-0.129,0.000,0.000,0,,0,,,,431041,306.25,0
2617,6184.455,"Mount",-0.122,0.057,-0.135,0.002,-0.085,0.000,21,E,0,,,,451933,318.47,0
2618,6186.719,"Mount",-0.213,0.068,-0.222,0.032,-0.146,0.000,35,E,0,,,,469538,336.92,0
2619,6189.107,"Mount",0.020,-0.011,0.023,0.002,0.000,0.000,0,,0,,,,469690,356.60,0
2620,6191.367,"Mount",-0.202,0.011,-0.186,0.079,-0.117,0.000,28,E,0,,,,485845,339.80,0
2621,6193.825,"Mount",0.311,-0.159,0.349,0.006,0.212,0.000,51,W,0,,,,457310,324.15,0
2622,6196.007,"Mount",0.021,-0.092,0.059,0.073,0.000,0.000,0,,0,,,,461525,332.38,0
2623,6198.423,"Mount",-0.280,0.030,-0.265,0.096,-0.167,0.000,40,E,0,,,,491428,356.49,0
2624,6200.622,"Mount",-0.135,-0.087,-0.083,0.138,0.000,0.000,0,,0,,,,470165,338.14,0
2625,6203.062,"Mount",0.182,-0.050,0.185,-0.035,0.117,0.000,28,W,0,,,,440261,307.78,0
2626,6205.245,"Mount",0.112,-0.054,0.125,-0.000,0.000,0.000,0,,0,,,,450069,341.60,0
2627,6207.684,"Mount",0.331,-0.134,0.356,-0.025,0.224,0.000,54,W,0,,,,447329,319.42,0
2628,6209.870,"Mount",0.046,0.018,0.034,-0.037,0.000,0.000,0,,0,,,,455963,351.55,0
2629,6212.303,"Mount",-0.199,-0.017,-0.171,0.102,-0.108,0.000,26,E,0,,,,473496,354.98,0
2630,6214.486,"Mount",0.111,0.038,0.083,-0.083,0.000,0.000,0,,0,,,,439007,339.36,0
2631,6216.887,"Mount",-0.107,0.108,-0.143,-0.051,-0.090,0.000,22,E,0,,,,450519,353.48,0
2632,6219.159,"Mount",-0.394,0.089,-0.393,0.093,-0.254,0.000,61,E,0,,,,435148,331.42,0
2633,6221.591,"Mount",0.344,-0.065,0.338,-0.093,0.195,0.000,47,W,0,,,,449146,324.98,0
2634,6223.933,"Mount",0.034,-0.019,0.039,0.002,0.000,0.000,0,,0,,,,468629,369.16,0
2635,6226.273,"Mount",-0.063,0.037,-0.073,-0.006,0.000,0.000,0,,0,,,,440493,353.54,0
2636,6228.458,"Mount",0.029,0.016,0.019,-0.027,0.000,0.000,0,,0,,,,427736,352.45,0
2637,6230.811,"Mount",0.167,0.057,0.125,-0.124,0.000,0.000,0,,0,,,,460400,365.02,0
2638,6233.063,"Mount",0.289,-0.155,0.328,0.012,0.206,0.000,50,W,0,,,,462732,347.05,0
2639,6235.511,"Mount",0.521,-0.081,0.504,-0.156,0.332,0.000,80,W,0,,,,439456,326.94,0
2640,6237.701,"Mount",0.089,-0.048,0.101,0.004,0.000,0.000,0,,0,,,,458017,345.93,0
2641,6240.111,"Mount",0.259,-0.122,0.286,-0.004,0.180,0.000,43,W,0,,,,468562,368.75,0
2642,6242.423,"Mount",-0.178,0.097,-0.202,-0.009,-0.115,0.000,28,E,0,,,,462256,337.93,0
2643,6244.834,"Mount",-0.074,0.095,-0.108,-0.053,0.000,0.000,0,,0,,,,468213,340.49,0
2644,6247.127,"Mount",-0.145,0.027,-0.142,0.039,-0.090,0.000,22,E,0,,,,440166,320.68,0
2645,6249.503,"Mount",0.103,-0.042,0.111,-0.007,0.000,0.000,0,,0,,,,464183,350.02,0
2646,6251.768,"Mount",-0.162,0.022,-0.155,0.052,-0.098,0.000,24,E,0,,,,456715,363.92,0
2647,6254.255,"Mount",0.179,-0.306,0.295,0.196,0.179,0.000,43,W,0,,,,470204,331.40,0
2648,6256.477,"Mount",0.042,-0.061,0.065,0.036,0.000,0.000,0,,0,,,,458785,332.22,0
2649,6258.946,"Mount",0.272,-0.244,0.352,0.100,0.221,0.000,53,W,0,,,,446097,334.20,0
2650,6261.176,"Mount",-0.100,-0.037,-0.074,0.077,0.000,0.000,0,,0,,,,452154,321.25,0
2651,6263.846,"Mount",-1.142,0.089,-1.065,0.421,-0.671,0.421,162,E,88,S,,,486752,331.96,0
2652,6266.184,"Mount",0.128,-0.302,0.247,0.215,0.109,0.215,26,W,45,S,,,469020,357.43,0
2653,6268.639,"Mount",-0.419,0.069,-0.407,0.122,-0.249,0.000,60,E,0,,,,458008,323.71,0
2654,6270.932,"Mount",-0.136,0.265,-0.239,-0.178,-0.168,0.000,41,E,0,,,,495484,375.00,0
2655,6273.415,"Mount",-0.326,0.133,-0.351,0.023,-0.233,0.000,56,E,0,,,,507985,355.29,0
2656,6275.711,"Mount",0.285,0.099,0.212,-0.214,0.118,0.000,28,W,0,,,,479235,340.86,0
2657,6278.191,"Mount",0.670,0.079,0.567,-0.365,0.366,0.000,88,W,0,,,,483880,368.18,0
2658,6280.456,"Mount",0.407,0.253,0.254,-0.406,0.186,0.000,45,W,0,,,,456218,323.44,0
2659,6282.955,"Mount",-0.460,0.608,-0.680,-0.344,-0.415,0.000,100,E,0,,,,483397,358.81,0
2660,6286.663,"Mount",-0.482,0.654,-0.720,-0.376,-0.483,-0.376,117,E,1332,N,,,466780,347.95,0
2661,6289.335,"Mount",-0.657,-0.193,-0.506,0.461,-0.352,0.000,85,E,0,,,,479763,369.55,0
2662,6291.563,"Mount",-0.136,-0.251,-0.012,0.286,0.000,0.000,0,,0,,,,475214,368.14,0
2663,6294.017,"Mount",0.090,-0.310,0.217,0.239,0.137,0.000,33,W,0,,,,474310,336.55,0
2664,6296.263,"Mount",0.032,-0.223,0.126,0.187,0.000,0.000,0,,0,,,,492190,350.56,0
2665,6298.743,"Mount",0.322,-0.323,0.430,0.149,0.271,0.000,66,W,0,,,,473190,353.43,0
2666,6300.954,"Mount",0.039,-0.137,0.095,0.106,0.000,0.000,0,,0,,,,462989,332.75,0
2667,6303.409,"Mount",-0.253,-0.111,-0.178,0.211,-0.112,0.000,27,E,0,,,,476258,342.92,0
2668,6307.216,"Mount",-0.577,0.033,-0.533,0.223,-0.343,0.223,83,E,1300,S,,,453523,348.91,0
2669,6309.650,"Mount",0.045,0.049,0.019,-0.063,0.000,0.000,0,,0,,,,442590,355.90,0
INFO: SET LOCK POSITION, new lock pos = 668.877, 891.040
INFO: DITHER by -4.911, -1.221, new lock pos = 665.000, 894.292
INFO: SETTLING STATE CHANGE, Settling started
2670,6313.822,"Mount",3.877,-3.252,4.911,1.221,4.911,1.221,1186,W,256,S,,,445568,340.37,0
2671,6316.384,"Mount",-0.979,0.426,-1.067,0.047,-0.672,0.000,162,E,0,,,,454562,329.95,0
2672,6318.783,"Mount",-0.525,0.398,-0.647,-0.127,-0.454,0.000,110,E,0,,,,494077,367.81,0
2673,6321.223,"Mount",-0.124,0.105,-0.158,-0.040,-0.131,0.000,32,E,0,,,,430055,313.42,0
2674,6323.527,"Mount",-0.050,0.257,-0.157,-0.209,-0.108,0.000,26,E,0,,,,464092,346.80,0
2675,6325.895,"Mount",0.023,0.242,-0.086,-0.228,0.000,0.000,0,,0,,,,453055,361.13,0
INFO: SETTLING STATE CHANGE, Settling complete
2676,6328.167,"Mount",-0.289,0.308,-0.395,-0.150,-0.249,0.000,60,E,0,,,,460378,323.54,0
2677,6332.031,"Mount",0.197,0.200,0.090,-0.266,0.000,-0.266,0,,1309,N,,,446078,306.95,0
2678,6334.279,"Mount",-0.230,0.044,-0.226,0.061,-0.142,0.000,34,E,0,,,,457621,340.47,0
2679,6336.775,"Mount",-0.459,-0.180,-0.333,0.364,-0.220,0.000,53,E,0,,,,461206,333.77,0
2680,6339.015,"Mount",-0.279,-0.204,-0.162,0.306,-0.117,0.000,28,E,0,,,,452037,339.39,0
2681,6341.415,"Mount",-0.166,-0.196,-0.063,0.249,0.000,0.000,0,,0,,,,434567,344.37,0
2682,6343.712,"Mount",-0.202,0.045,-0.202,0.048,-0.127,0.000,31,E,0,,,,441946,341.67,0
2683,6346.151,"Mount",-0.375,0.079,-0.372,0.093,-0.243,0.000,59,E,0,,,,467056,337.62,0
2684,6348.575,"Mount",-0.405,0.040,-0.382,0.141,-0.257,0.000,62,E,0,,,,447728,336.22,0
2685,6352.474,"Mount",-0.616,-0.148,-0.489,0.403,-0.326,0.403,79,E,1338,S,,,448716,340.85,0
2686,6354.832,"Mount",-0.129,-0.135,-0.057,0.177,0.000,0.000,0,,0,,,,462499,352.98,0
2687,6358.631,"Mount",0.830,0.264,0.630,-0.601,0.397,-0.601,96,W,1267,N,,,451396,325.04,0
2688,6360.942,"Mount",0.109,0.236,-0.006,-0.260,0.000,-0.260,0,,55,N,,,460531,345.81,0
2689,6363.479,"Mount",-0.102,0.454,-0.291,-0.363,-0.183,-0.363,44,E,76,N,,,441443,330.10,0
2690,6365.879,"Mount",-0.219,0.361,-0.355,-0.228,-0.236,-0.228,57,E,48,N,,,445381,351.01,0
2691,6368.607,"Mount",-0.840,0.712,-1.067,-0.271,-0.689,-0.271,166,E,57,N,,,467793,338.64,0
2692,6371.016,"Mount",-0.375,0.442,-0.531,-0.233,-0.383,-0.233,92,E,49,N,,,482654,345.48,0
2693,6373.471,"Mount",-0.139,0.171,-0.200,-0.092,-0.153,0.000,37,E,0,,,,482637,342.60,0
2694,6375.719,"Mount",0.246,-0.218,0.317,0.088,0.189,0.000,46,W,0,,,,457870,327.13,0
2695,6378.207,"Mount",0.681,-0.225,0.711,-0.097,0.461,0.000,111,W,0,,,,438746,329.89,0
2696,6380.567,"Mount",0.695,-0.193,0.709,-0.132,0.479,0.000,116,W,0,,,,443733,367.45,0
2697,6382.999,"Mount",0.102,-0.252,0.202,0.181,0.161,0.000,39,W,0,,,,434954,313.66,0
2698,6385.239,"Mount",0.111,-0.157,0.168,0.092,0.117,0.000,28,W,0,,,,429956,325.55,0
2699,6387.582,"Mount",-0.098,-0.066,-0.059,0.102,0.000,0.000,0,,0,,,,454500,376.17,0
2700,6389.963,"Mount",-0.225,0.188,-0.285,-0.070,-0.179,0.000,43,E,0,,,,447706,334.08,0
2701,6392.360,"Mount",0.092,0.061,0.056,-0.095,0.000,0.000,0,,0,,,,442036,348.97,0
2702,6394.631,"Mount",0.322,-0.097,0.332,-0.054,0.209,0.000,50,W,0,,,,450526,336.42,0
2703,6397.007,"Mount",0.034,0.026,0.019,-0.038,0.000,0.000,0,,0,,,,433501,329.72,0
2704,6399.187,"Mount",0.044,0.065,0.011,-0.078,0.000,0.000,0,,0,,,,436379,332.62,0
2705,6401.530,"Mount",-0.089,-0.028,-0.068,0.065,0.000,0.000,0,,0,,,,440535,340.74,0
2706,6403.792,"Mount",-0.224,-0.004,-0.200,0.102,-0.126,0.000,30,E,0,,,,463580,368.60,0
2707,6406.199,"Mount",-0.163,0.080,-0.181,-0.000,-0.123,0.000,30,E,0,,,,445574,381.81,0
2708,6408.379,"Mount",0.046,-0.068,0.071,0.041,0.000,0.000,0,,0,,,,442341,359.91,0
2709,6410.879,"Mount",-0.348,0.097,-0.355,0.066,-0.224,0.000,54,E,0,,,,451357,357.42,0
2710,6413.189,"Mount",-0.490,0.132,-0.498,0.096,-0.330,0.000,80,E,0,,,,447674,331.83,0
2711,6415.599,"Mount",0.215,-0.350,0.347,0.220,0.195,0.000,47,W,0,,,,462671,372.34,0
2712,6417.879,"Mount",-0.384,-0.117,-0.293,0.273,-0.171,0.000,41,E,0,,,,474469,365.87,0
2713,6420.303,"Mount",0.251,-0.260,0.339,0.123,0.202,0.000,49,W,0,,,,450773,328.05,0
2714,6422.575,"Mount",0.302,-0.103,0.317,-0.040,0.214,0.000,52,W,0,,,,453141,320.49,0
2715,6425.015,"Mount",0.340,-0.222,0.403,0.050,0.269,0.000,65,W,0,,,,448846,331.88,0
2716,6427.263,"Mount",0.165,-0.034,0.163,-0.042,0.122,0.000,29,W,0,,,,432125,323.61,0
2717,6429.622,"Mount",0.091,0.042,0.064,-0.078,0.000,0.000,0,,0,,,,461118,347.49,0
2718,6431.911,"Mount",-0.428,0.248,-0.493,-0.035,-0.311,0.000,75,E,0,,,,481520,375.21,0
2719,6434.336,"Mount",-0.216,-0.067,-0.165,0.155,-0.125,0.000,30,E,0,,,,441484,338.76,0
2720,6436.599,"Mount",-0.390,0.043,-0.369,0.132,-0.241,0.000,58,E,0,,,,455521,329.27,0
2721,6439.007,"Mount",-0.178,0.014,-0.167,0.065,-0.122,0.000,29,E,0,,,,449435,326.28,0
2722,6441.191,"Mount",0.012,0.028,-0.001,-0.031,0.000,0.000,0,,0,,,,447548,331.75,0
2723,6443.607,"Mount",0.125,-0.259,0.225,0.178,0.142,0.000,34,W,0,,,,450324,344.58,0
2724,6445.888,"Mount",-0.584,-0.201,-0.437,0.437,-0.265,0.000,64,E,0,,,,472757,357.52,0
2725,6448.359,"Mount",0.485,-0.317,0.575,0.072,0.344,0.000,83,W,0,,,,488777,380.68,0
2726,6450.623,"Mount",0.098,-0.372,0.251,0.291,0.182,0.000,44,W,0,,,,469299,352.78,0
2727,6454.311,"Mount",-0.441,-0.241,-0.291,0.411,-0.170,0.411,41,E,1227,S,,,476688,342.38,0
2728,6456.583,"Mount",0.268,-0.209,0.333,0.071,0.198,0.000,48,W,0,,,,458268,328.90,0
2729,6458.933,"Mount",-0.013,0.033,-0.027,-0.024,0.000,0.000,0,,0,,,,438288,353.73,0
2730,6461.216,"Mount",0.240,-0.015,0.222,-0.092,0.140,0.000,34,W,0,,,,454425,337.62,0
2731,6463.696,"Mount",-0.323,0.582,-0.545,-0.381,-0.334,0.000,81,E,0,,,,489567,379.73,0
2732,6465.951,"Mount",0.230,0.014,0.200,-0.113,0.103,0.000,25,W,0,,,,474932,381.41,0
2733,6468.375,"Mount",-0.317,0.181,-0.364,-0.023,-0.222,0.000,54,E,0,,,,471448,334.73,0
2734,6470.655,"Mount",0.306,-0.137,0.335,-0.011,0.195,0.000,47,W,0,,,,466514,363.80,0
2735,6473.184,"Mount",-0.414,0.220,-0.468,-0.016,-0.281,0.000,68,E,0,,,,467163,377.62,0
2736,6475.463,"Mount",-0.443,0.122,-0.452,0.085,-0.304,0.000,73,E,0,,,,480403,347.26,0
2737,6477.835,"Mount",0.108,-0.031,0.111,-0.019,0.000,0.000,0,,0,,,,444684,336.21,0
2738,6480.059,"Mount",0.022,0.026,0.008,-0.033,0.000,0.000,0,,0,,,,454845,337.95,0
2739,6482.572,"Mount",-0.030,-0.022,-0.017,0.033,0.000,0.000,0,,0,,,,460335,357.06,0
2740,6484.831,"Mount",0.089,0.069,0.049,-0.101,0.000,0.000,0,,0,,,,456780,336.83,0
2741,6487.202,"Mount",0.166,0.117,0.098,-0.178,0.000,0.000,0,,0,,,,465455,379.34,0
2742,6489.514,"Mount",0.104,0.092,0.053,-0.128,0.000,0.000,0,,0,,,,460056,323.54,0
2743,6491.935,"Mount",0.228,-0.111,0.254,-0.001,0.160,0.000,39,W,0,,,,459307,352.19,0
2744,6494.139,"Mount",0.039,0.052,0.012,-0.064,0.000,0.000,0,,0,,,,432987,332.73,0
2745,6496.575,"Mount",-0.322,0.090,-0.329,0.060,-0.207,0.000,50,E,0,,,,453453,376.98,0
2746,6498.772,"Mount",-0.066,-0.003,-0.058,0.032,0.000,0.000,0,,0,,,,444740,326.33,0
2747,6501.215,"Mount",-0.182,0.032,-0.178,0.051,-0.112,0.000,27,E,0,,,,447972,329.77,0
2748,6503.435,"Mount",0.079,-0.048,0.092,0.008,0.000,0.000,0,,0,,,,458587,341.55,0
2749,6505.824,"Mount",0.200,-0.004,0.181,-0.084,0.114,0.000,28,W,0,,,,455064,355.62,0
2750,6508.143,"Mount",0.712,-0.186,0.722,-0.145,0.463,0.000,112,W,0,,,,451667,325.60,0
2751,6510.623,"Mount",0.384,-0.266,0.462,0.070,0.323,0.000,78,W,0,,,,444778,327.21,0
2752,6512.793,"Mount",0.004,-0.091,0.044,0.080,0.000,0.000,0,,0,,,,445292,349.92,0
2753,6515.247,"Mount",-0.372,0.082,-0.371,0.090,-0.233,0.000,56,E,0,,,,475099,342.43,0
2754,6517.479,"Mount",-0.110,0.094,-0.140,-0.036,-0.105,0.000,25,E,0,,,,442792,337.12,0
2755,6519.840,"Mount",0.023,-0.191,0.104,0.161,0.000,0.000,0,,0,,,,427518,330.23,0
2756,6522.055,"Mount",-0.183,-0.001,-0.164,0.082,-0.103,0.000,25,E,0,,,,485582,362.79,0
2757,6524.559,"Mount",0.120,-0.175,0.185,0.104,0.109,0.000,26,W,0,,,,469917,358.07,0
2758,6526.772,"Mount",-0.107,-0.115,-0.046,0.150,0.000,0.000,0,,0,,,,471655,350.29,0
2759,6529.335,"Mount",-0.030,-0.362,0.132,0.339,0.083,0.339,20,W,71,S,,,485612,348.45,0
2760,6531.623,"Mount",0.301,-0.257,0.383,0.099,0.247,0.000,60,W,0,,,,469352,334.49,0
2761,6534.175,"Mount",0.732,-0.427,0.846,0.062,0.550,0.000,133,W,0,,,,458818,345.96,0
2762,6536.455,"Mount",0.143,-0.081,0.164,0.010,0.142,0.000,34,W,0,,,,442515,325.03,0
2763,6538.914,"Mount",0.240,-0.068,0.246,-0.044,0.165,0.000,40,W,0,,,,471996,335.18,0
2764,6541.273,"Mount",-0.260,0.112,-0.283,0.013,-0.167,0.000,40,E,0,,,,455870,328.34,0
2765,6543.688,"Mount",0.141,-0.035,0.142,-0.030,0.078,0.000,19,W,0,,,,434620,330.07,0
2766,6546.009,"Mount",-0.226,0.098,-0.246,0.011,-0.150,0.000,36,E,0,,,,447463,342.81,0
2767,6548.487,"Mount",0.316,-0.248,0.393,0.084,0.237,0.000,57,W,0,,,,472108,332.06,0
2768,6550.676,"Mount",-0.045,-0.099,0.003,0.109,0.000,0.000,0,,0,,,,469214,352.68,0
2769,6553.119,"Mount",0.373,-0.237,0.439,0.049,0.277,0.000,67,W,0,,,,446847,339.87,0
2770,6555.333,"Mount",-0.094,-0.051,-0.062,0.088,0.000,0.000,0,,0,,,,448528,340.19,0
2771,6557.675,"Mount",0.023,0.022,0.011,-0.030,0.000,0.000,0,,0,,,,450524,365.33,0
2772,6559.919,"Mount",0.160,-0.079,0.179,0.000,0.112,0.000,27,W,0,,,,455249,358.93,0
2773,6562.487,"Mount",-0.655,0.065,-0.617,0.229,-0.381,0.229,92,E,48,S,,,468185,336.78,0
2774,6564.719,"Mount",0.135,-0.021,0.131,-0.040,0.056,0.000,13,W,0,,,,476543,341.81,0
2775,6567.094,"Mount",-0.090,-0.052,-0.058,0.086,0.000,0.000,0,,0,,,,447939,331.48,0
2776,6569.391,"Mount",0.340,-0.120,0.358,-0.042,0.225,0.000,54,W,0,,,,472503,374.05,0
2777,6571.823,"Mount",0.143,-0.259,0.242,0.170,0.168,0.000,41,W,0,,,,451339,346.61,0
2778,6574.119,"Mount",0.318,-0.282,0.410,0.114,0.270,0.000,65,W,0,,,,462675,363.43,0
2779,6576.568,"Mount",-0.458,0.098,-0.454,0.113,-0.267,0.000,65,E,0,,,,465900,349.87,0
2780,6578.849,"Mount",-0.201,0.120,-0.233,-0.020,-0.166,0.000,40,E,0,,,,456972,343.96,0
2781,6581.343,"Mount",-0.581,0.083,-0.559,0.180,-0.363,0.000,88,E,0,,,,467059,345.35,0
2782,6583.534,"Mount",0.068,-0.107,0.109,0.067,0.000,0.000,0,,0,,,,461024,349.80,0
2783,6585.984,"Mount",-0.312,0.148,-0.345,0.004,-0.217,0.000,53,E,0,,,,471269,376.86,0
2784,6588.270,"Mount",-0.024,-0.110,0.027,0.109,0.000,0.000,0,,0,,,,460942,354.47,0
2785,6590.777,"Mount",0.227,-0.312,0.340,0.181,0.214,0.000,52,W,0,,,,458652,365.36,0
2786,6593.219,"Mount",0.477,-0.325,0.572,0.082,0.375,0.000,91,W,0,,,,478340,372.71,0
2787,6595.639,"Mount",-0.213,0.157,-0.260,-0.048,-0.138,0.000,33,E,0,,,,461036,324.75,0
2788,6598.047,"Mount",0.127,-0.340,0.264,0.249,0.156,0.249,38,W,52,S,,,467007,340.09,0
2789,6600.479,"Mount",-0.237,-0.069,-0.182,0.166,-0.104,0.000,25,E,0,,,,455175,350.75,0
2790,6602.655,"Mount",-0.030,0.002,-0.028,0.011,0.000,0.000,0,,0,,,,448034,327.30,0
2791,6605.087,"Mount",-0.278,0.239,-0.354,-0.093,-0.223,0.000,54,E,0,,,,486143,363.60,0
2792,6607.262,"Mount",-0.074,-0.048,-0.045,0.076,0.000,0.000,0,,0,,,,453978,352.45,0
2793,6609.655,"Mount",0.106,-0.100,0.139,0.043,0.088,0.000,21,W,0,,,,451833,340.28,0
2794,6611.935,"Mount",-0.373,0.053,-0.359,0.116,-0.220,0.000,53,E,0,,,,475920,374.46,0
2795,6614.367,"Mount",0.154,-0.060,0.164,-0.014,0.088,0.000,21,W,0,,,,469787,325.92,0
2796,6616.623,"Mount",0.199,-0.062,0.206,-0.032,0.136,0.000,33,W,0,,,,449815,335.47,0
2797,6619.095,"Mount",-0.164,0.129,-0.204,-0.043,-0.119,0.000,29,E,0,,,,478020,345.21,0
2798,6621.335,"Mount",-0.224,0.060,-0.228,0.044,-0.152,0.000,37,E,0,,,,469324,350.57,0
2799,6623.783,"Mount",0.402,-0.183,0.442,-0.012,0.268,0.000,65,W,0,,,,470032,354.92,0
2800,6625.977,"Mount",0.025,-0.169,0.096,0.141,0.000,0.000,0,,0,,,,493529,361.46,0
2801,6628.407,"Mount",-0.324,0.076,-0.324,0.074,-0.204,0.000,49,E,0,,,,494525,376.29,0
2802,6630.601,"Mount",0.135,0.010,0.117,-0.068,0.000,0.000,0,,0,,,,461524,355.11,0
2803,6632.940,"Mount",0.017,0.061,-0.011,-0.062,0.000,0.000,0,,0,,,,450552,329.01,0
2804,6635.120,"Mount",0.119,-0.022,0.117,-0.032,0.000,0.000,0,,0,,,,448610,325.04,0
2805,6637.527,"Mount",-0.243,0.033,-0.233,0.077,-0.147,0.000,35,E,0,,,,471798,347.38,0
2806,6639.797,"Mount",-0.059,-0.101,-0.009,0.117,0.000,0.000,0,,0,,,,463895,353.38,0
2807,6642.132,"Mount",-0.075,0.044,-0.087,-0.007,0.000,0.000,0,,0,,,,446505,346.36,0
2808,6644.407,"Mount",-0.214,0.006,-0.195,0.089,-0.123,0.000,30,E,0,,,,468782,365.85,0
2809,6646.823,"Mount",-0.180,0.108,-0.209,-0.018,-0.140,0.000,34,E,0,,,,478371,346.34,0
2810,6649.071,"Mount",-0.140,0.026,-0.137,0.038,-0.096,0.000,23,E,0,,,,471195,338.42,0
2811,6651.575,"Mount",-0.253,-0.142,-0.166,0.238,-0.111,0.238,27,E,50,S,,,465647,367.89,0
2812,6653.777,"Mount",0.045,0.024,0.030,-0.042,0.000,0.000,0,,0,,,,479866,366.50,0
2813,6656.215,"Mount",0.389,-0.247,0.458,0.051,0.289,0.000,70,W,0,,,,465256,343.84,0
2814,6658.519,"Mount",0.512,-0.151,0.526,-0.089,0.352,0.000,85,W,0,,,,463661,311.38,0
2815,6660.943,"Mount",-0.309,-0.008,-0.274,0.143,-0.148,0.000,36,E,0,,,,464268,336.49,0
2816,6663.183,"Mount",-0.148,0.040,-0.150,0.029,-0.105,0.000,25,E,0,,,,455917,309.22,0
2817,6665.504,"Mount",0.047,-0.102,0.087,0.071,0.000,0.000,0,,0,,,,473707,357.86,0
2818,6667.799,"Mount",-0.362,0.121,-0.378,0.050,-0.238,0.000,58,E,0,,,,466323,351.45,0
2819,6670.207,"Mount",0.232,-0.012,0.213,-0.091,0.118,0.000,28,W,0,,,,461821,322.14,0
2820,6672.378,"Mount",0.094,0.101,0.040,-0.132,0.000,0.000,0,,0,,,,457030,336.75,0
2821,6674.712,"Mount",0.130,0.009,0.113,-0.065,0.000,0.000,0,,0,,,,464010,345.71,0
2822,6676.890,"Mount",0.083,-0.002,0.075,-0.035,0.000,0.000,0,,0,,,,452318,355.68,0
2823,6679.225,"Mount",0.091,-0.101,0.126,0.051,0.000,0.000,0,,0,,,,466656,363.27,0
2824,6681.551,"Mount",0.617,-0.081,0.590,-0.198,0.372,0.000,90,W,0,,,,476822,364.72,0
2825,6684.039,"Mount",0.351,-0.278,0.437,0.095,0.302,0.000,73,W,0,,,,477037,320.64,0
2826,6686.279,"Mount",-0.119,0.148,-0.172,-0.081,-0.087,0.000,21,E,0,,,,458890,349.12,0
2827,6688.641,"Mount",-0.036,0.060,-0.058,-0.038,0.000,0.000,0,,0,,,,465824,374.34,0
2828,6690.871,"Mount",-0.141,0.071,-0.158,-0.002,-0.100,0.000,24,E,0,,,,457043,337.01,0
2829,6693.226,"Mount",-0.015,-0.119,0.039,0.114,0.000,0.000,0,,0,,,,433940,307.60,0
2830,6695.511,"Mount",-0.318,0.094,-0.327,0.055,-0.206,0.000,50,E,0,,,,489794,374.79,0
2831,6697.859,"Mount",-0.078,-0.120,-0.017,0.142,0.000,0.000,0,,0,,,,475242,372.04,0
2832,6700.021,"Mount",-0.072,-0.010,-0.060,0.041,0.000,0.000,0,,0,,,,478337,357.81,0
2833,6702.423,"Mount",0.107,-0.159,0.166,0.096,0.105,0.000,25,W,0,,,,454279,345.27,0
2834,6704.719,"Mount",-0.518,0.086,-0.503,0.150,-0.310,0.000,75,E,0,,,,489593,357.76,0
2835,6707.223,"Mount",-0.611,0.227,-0.649,0.065,-0.430,0.000,104,E,0,,,,488043,366.31,0
2836,6709.463,"Mount",-0.119,0.094,-0.148,-0.032,-0.124,0.000,30,E,0,,,,479377,342.92,0
2837,6711.915,"Mount",0.393,-0.185,0.434,-0.006,0.265,0.000,64,W,0,,,,472832,359.77,0
2838,6714.175,"Mount",0.214,-0.085,0.229,-0.018,0.163,0.000,39,W,0,,,,481675,348.28,0
2839,6716.591,"Mount",0.165,-0.077,0.182,-0.003,0.126,0.000,30,W,0,,,,469170,396.82,0
2840,6718.771,"Mount",0.014,0.090,-0.027,-0.087,0.000,0.000,0,,0,,,,465153,341.81,0
2841,6721.207,"Mount",0.213,-0.119,0.244,0.013,0.154,0.000,37,W,0,,,,469928,349.63,0
2842,6723.439,"Mount",-0.137,0.055,-0.147,0.011,-0.082,0.000,20,E,0,,,,455588,344.73,0
2843,6725.967,"Mount",-0.392,-0.124,-0.297,0.284,-0.193,0.284,47,E,60,S,,,490645,357.98,0
2844,6728.235,"Mount",-0.269,-0.010,-0.237,0.127,-0.163,0.000,39,E,0,,,,478189,381.51,0
2845,6730.697,"Mount",-0.433,0.230,-0.490,-0.017,-0.320,0.000,77,E,0,,,,499185,369.74,0
2846,6733.015,"Mount",0.271,-0.128,0.299,-0.004,0.166,0.000,40,W,0,,,,483290,368.09,0
2847,6735.439,"Mount",-0.166,0.424,-0.335,-0.308,-0.199,0.000,48,E,0,,,,493887,379.14,0
2848,6737.625,"Mount",0.103,0.095,0.051,-0.130,0.000,0.000,0,,0,,,,480814,331.46,0
2849,6740.039,"Mount",-0.323,0.161,-0.361,-0.003,-0.228,0.000,55,E,0,,,,471115,376.04,0
2850,6742.295,"Mount",-0.290,-0.026,-0.249,0.151,-0.173,0.000,42,E,0,,,,481416,347.58,0
2851,6744.847,"Mount",1.177,-0.144,1.121,-0.387,0.694,0.000,168,W,0,,,,446375,362.88,0
2852,6747.159,"Mount",0.743,0.176,0.590,-0.484,0.420,0.000,102,W,0,,,,478884,327.27,0
2853,6749.568,"Mount",-0.238,0.092,-0.255,0.022,-0.131,0.000,32,E,0,,,,458238,351.12,0
2854,6751.748,"Mount",0.166,0.046,0.129,-0.114,0.000,0.000,0,,0,,,,467417,355.66,0
2855,6754.191,"Mount",-0.353,0.247,-0.425,-0.067,-0.268,0.000,65,E,0,,,,481186,342.74,0
2856,6756.357,"Mount",-0.094,0.065,-0.113,-0.017,0.000,0.000,0,,0,,,,479401,340.92,0
2857,6758.831,"Mount",-0.559,0.221,-0.600,0.047,-0.378,0.000,91,E,0,,,,492617,373.96,0
2858,6761.026,"Mount",-0.008,-0.086,0.030,0.081,0.000,0.000,0,,0,,,,491323,350.19,0
2859,6763.439,"Mount",-0.180,0.186,-0.243,-0.088,-0.153,0.000,37,E,0,,,,480308,367.76,0
2860,6765.703,"Mount",0.446,-0.134,0.460,-0.075,0.279,0.000,67,W,0,,,,453638,338.52,0
2861,6768.163,"Mount",-0.487,0.166,-0.510,0.064,-0.302,0.000,73,E,0,,,,493599,376.30,0
2862,6770.383,"Mount",0.087,-0.069,0.108,0.024,0.000,0.000,0,,0,,,,470106,335.66,0
2863,6772.720,"Mount",-0.127,-0.025,-0.103,0.079,0.000,0.000,0,,0,,,,454467,354.32,0
2864,6774.967,"Mount",-0.107,0.180,-0.175,-0.114,-0.110,0.000,27,E,0,,,,468399,357.01,0
2865,6777.391,"Mount",0.267,-0.051,0.262,-0.072,0.157,0.000,38,W,0,,,,470811,358.22,0
2866,6779.631,"Mount",0.194,-0.018,0.182,-0.068,0.126,0.000,30,W,0,,,,465305,355.80,0
2867,6781.967,"Mount",-0.061,0.041,-0.073,-0.010,0.000,0.000,0,,0,,,,458876,375.21,0
2868,6784.279,"Mount",-0.333,0.122,-0.352,0.037,-0.222,0.000,54,E,0,,,,469880,351.47,0
2869,6786.632,"Mount",-0.045,-0.077,-0.007,0.089,0.000,0.000,0,,0,,,,447719,316.56,0
2870,6788.810,"Mount",0.024,0.016,0.014,-0.025,0.000,0.000,0,,0,,,,468038,363.64,0
2871,6791.271,"Mount",0.380,-0.182,0.421,-0.003,0.265,0.000,64,W,0,,,,461132,327.81,0
2872,6793.503,"Mount",-0.165,0.100,-0.192,-0.018,-0.102,0.000,25,E,0,,,,445636,327.23,0
2873,6795.919,"Mount",-0.144,0.076,-0.163,-0.005,-0.110,0.000,26,E,0,,,,462481,360.38,0
2874,6798.183,"Mount",-0.304,-0.071,-0.242,0.197,-0.160,0.000,39,E,0,,,,474355,377.56,0
2875,6800.555,"Mount",-0.158,-0.133,-0.084,0.189,0.000,0.000,0,,0,,,,477930,354.98,0
2876,6802.913,"Mount",-0.548,0.036,-0.508,0.208,-0.320,0.208,77,E,44,S,,,496361,377.33,0
2877,6805.439,"Mount",0.890,-0.348,0.953,-0.078,0.578,0.000,140,W,0,,,,462880,357.17,0
2878,6807.728,"Mount",0.531,0.063,0.450,-0.290,0.324,0.000,78,W,0,,,,478794,349.84,0
2879,6810.135,"Mount",0.456,0.212,0.317,-0.391,0.222,0.000,54,W,0,,,,480198,354.21,0
2880,6812.431,"Mount",-0.208,0.340,-0.336,-0.214,-0.196,0.000,47,E,0,,,,466295,337.06,0
2881,6816.079,"Mount",0.008,0.413,-0.174,-0.374,-0.123,-0.374,30,E,1220,N,,,463924,345.56,0
2882,6818.400,"Mount",-0.300,0.255,-0.382,-0.097,-0.249,0.000,60,E,0,,,,457666,352.38,0
2883,6820.911,"Mount",-0.841,0.009,-0.760,0.361,-0.496,0.000,120,E,0,,,,463174,317.75,0
2884,6823.159,"Mount",0.105,-0.155,0.162,0.093,0.068,0.000,16,W,0,,,,480296,363.40,0
2885,6825.559,"Mount",0.110,-0.307,0.233,0.228,0.152,0.000,37,W,0,,,,468391,373.46,0
2886,6827.895,"Mount",0.660,-0.434,0.784,0.100,0.504,0.000,122,W,0,,,,479100,362.42,0
2887,6830.415,"Mount",0.553,-0.330,0.642,0.054,0.440,0.000,106,W,0,,,,474721,370.08,0
2888,6832.743,"Mount",0.573,-0.487,0.728,0.186,0.489,0.000,118,W,0,,,,472555,348.75,0
2889,6835.101,"Mount",-0.202,-0.299,-0.050,0.357,0.000,0.000,0,,0,,,,464200,350.82,0
2890,6838.423,"Mount",-0.040,-0.232,0.066,0.226,0.000,0.226,0,,1087,S,,,451909,320.16,0
2891,6840.790,"Mount",-0.089,-0.127,-0.025,0.154,0.000,0.000,0,,0,,,,438708,319.62,0
2892,6843.039,"Mount",0.148,-0.159,0.203,0.078,0.128,0.000,31,W,0,,,,455048,353.37,0
2893,6845.504,"Mount",-0.304,0.048,-0.294,0.090,-0.176,0.000,43,E,0,,,,484767,387.93,0
2894,6847.751,"Mount",-0.245,-0.090,-0.181,0.188,-0.126,0.000,31,E,0,,,,462129,345.30,0
2895,6850.215,"Mount",-0.171,-0.307,-0.019,0.350,0.000,0.350,0,,74,S,,,466150,356.64,0
2896,6852.519,"Mount",0.537,-0.377,0.648,0.103,0.408,0.000,99,W,0,,,,475177,337.04,0
2897,6854.912,"Mount",-0.126,0.061,-0.140,0.001,-0.060,0.000,14,E,0,,,,464718,346.19,0
2898,6857.246,"Mount",0.046,-0.128,0.097,0.095,0.000,0.000,0,,0,,,,458534,333.45,0
2899,6859.783,"Mount",-0.264,-0.098,-0.194,0.204,-0.122,0.204,30,E,43,S,,,457318,338.36,0
2900,6862.023,"Mount",-0.224,0.053,-0.224,0.050,-0.150,0.000,36,E,0,,,,481087,357.70,0
2901,6864.495,"Mount",0.586,0.102,0.482,-0.349,0.293,0.000,71,W,0,,,,471579,343.88,0
2902,6866.759,"Mount",0.246,0.203,0.132,-0.291,0.104,0.000,25,W,0,,,,485150,357.82,0
2903,6869.127,"Mount",0.131,0.072,0.086,-0.122,0.000,0.000,0,,0,,,,457536,330.13,0
2904,6871.290,"Mount",-0.054,0.143,-0.111,-0.105,0.000,0.000,0,,0,,,,451753,343.80,0
2905,6873.735,"Mount",-0.213,0.236,-0.295,-0.119,-0.186,0.000,45,E,0,,,,478662,369.32,0
2906,6875.924,"Mount",0.073,0.180,-0.013,-0.194,0.000,0.000,0,,0,,,,500732,357.66,0
2907,6878.318,"Mount",0.053,0.176,-0.029,-0.181,0.000,0.000,0,,0,,,,475157,338.75,0
2908,6880.583,"Mount",0.304,-0.152,0.339,0.003,0.214,0.000,52,W,0,,,,467403,357.91,0
2909,6883.015,"Mount",-0.231,0.303,-0.340,-0.171,-0.200,0.000,48,E,0,,,,483101,346.10,0
2910,6885.399,"Mount",-0.919,0.700,-1.133,-0.225,-0.728,0.000,176,E,0,,,,486582,356.19,0
2911,6888.935,"Mount",0.318,0.207,0.195,-0.325,0.072,-0.325,17,W,1108,N,,,460361,340.88,0
2912,6891.311,"Mount",0.338,0.311,0.167,-0.428,0.110,-0.428,27,W,90,N,,,460423,353.84,0
2913,6893.650,"Mount",-0.085,0.031,-0.090,0.010,0.000,0.000,0,,0,,,,438075,317.77,0
2914,6895.911,"Mount",0.330,-0.257,0.410,0.086,0.258,0.000,62,W,0,,,,452210,350.97,0
2915,6898.407,"Mount",0.595,-0.217,0.630,-0.066,0.415,0.000,100,W,0,,,,450849,351.09,0
2916,6900.683,"Mount",-0.327,-0.140,-0.233,0.269,-0.118,0.000,28,E,0,,,,438453,316.82,0
2917,6903.144,"Mount",-0.417,0.109,-0.423,0.086,-0.275,0.000,66,E,0,,,,440297,345.39,0
2918,6905.463,"Mount",-0.381,0.133,-0.401,0.048,-0.272,0.000,66,E,0,,,,434811,357.41,0
2919,6907.821,"Mount",0.050,-0.115,0.096,0.082,0.000,0.000,0,,0,,,,435598,327.03,0
2920,6910.031,"Mount",-0.274,-0.118,-0.194,0.226,-0.122,0.000,30,E,0,,,,442209,306.96,0
2921,6912.447,"Mount",-0.397,0.090,-0.396,0.093,-0.258,0.000,62,E,0,,,,438719,337.91,0
2922,6914.695,"Mount",-0.158,0.193,-0.227,-0.104,-0.161,0.000,39,E,0,,,,456890,351.62,0
2923,6917.112,"Mount",-0.168,0.001,-0.151,0.073,-0.106,0.000,26,E,0,,,,433726,312.42,0
2924,6919.455,"Mount",0.116,-0.342,0.255,0.257,0.153,0.000,37,W,0,,,,436991,336.96,0
2925,6923.001,"Mount",-0.219,-0.143,-0.134,0.225,-0.073,0.225,18,E,1087,S,,,432652,330.95,0
2926,6925.279,"Mount",0.185,-0.143,0.229,0.047,0.139,0.000,34,W,0,,,,431169,313.55,0
2927,6927.735,"Mount",-0.326,0.116,-0.344,0.039,-0.207,0.000,50,E,0,,,,440219,353.46,0
2928,6930.079,"Mount",-0.343,-0.004,-0.306,0.154,-0.207,0.000,50,E,0,,,,446981,321.95,0
2929,6932.471,"Mount",-0.104,-0.029,-0.081,0.072,0.000,0.000,0,,0,,,,433010,333.40,0
2930,6934.751,"Mount",-0.404,0.057,-0.388,0.126,-0.244,0.000,59,E,0,,,,436320,335.58,0
INFO: SET LOCK POSITION, new lock pos = 665.000, 894.292
INFO: DITHER by 0.317, 0.712, new lock pos = 664.972, 893.514
INFO: SETTLING STATE CHANGE, Settling started
2931,6938.636,"Mount",0.028,0.779,-0.317,-0.712,-0.317,-0.712,76,E,1189,N,,,431212,363.04,0
2932,6941.119,"Mount",0.218,0.875,-0.188,-0.882,-0.118,-0.882,29,E,185,N,,,423493,317.99,0
2933,6943.631,"Mount",-0.293,0.375,-0.427,-0.208,-0.278,-0.208,67,E,44,N,,,425953,305.68,0
2934,6945.976,"Mount",-0.614,0.516,-0.778,-0.194,-0.509,0.000,123,E,0,,,,427404,323.46,0
INFO: SETTLING STATE CHANGE, Settling complete
2935,6948.503,"Mount",0.507,0.104,0.410,-0.316,0.223,-0.316,54,W,66,N,,,437632,348.83,0
2936,6950.896,"Mount",0.245,0.279,0.098,-0.358,0.000,-0.358,0,,75,N,,,436158,321.36,0
2937,6953.293,"Mount",-0.031,0.010,-0.032,0.004,0.000,0.000,0,,0,,,,432277,334.08,0
2938,6955.503,"Mount",0.076,-0.146,0.132,0.098,0.083,0.000,20,W,0,,,,422816,318.06,0
2939,6957.983,"Mount",-0.491,0.380,-0.608,-0.126,-0.377,0.000,91,E,0,,,,425093,333.59,0
2940,6960.167,"Mount",-0.068,-0.124,-0.007,0.141,0.000,0.000,0,,0,,,,405391,315.99,0
2941,6962.508,"Mount",0.035,0.141,-0.030,-0.142,0.000,0.000,0,,0,,,,399357,313.79,0
2942,6964.759,"Mount",-0.273,0.030,-0.259,0.093,-0.163,0.000,39,E,0,,,,415841,337.22,0
2943,6967.344,"Mount",-1.194,0.198,-1.160,0.346,-0.742,0.000,179,E,0,,,,410759,340.41,0
2944,6969.695,"Mount",-0.733,0.392,-0.831,-0.031,-0.576,0.000,139,E,0,,,,418104,296.18,0
2945,6972.111,"Mount",0.206,-0.310,0.321,0.188,0.162,0.000,39,W,0,,,,413208,308.28,0
2946,6974.323,"Mount",0.022,-0.017,0.027,0.005,0.000,0.000,0,,0,,,,424308,347.90,0
2947,6976.679,"Mount",-0.045,-0.012,-0.035,0.030,0.000,0.000,0,,0,,,,412709,327.51,0
2948,6979.015,"Mount",0.533,-0.477,0.688,0.195,0.433,0.000,105,W,0,,,,393577,304.41,0
2949,6981.447,"Mount",0.244,-0.124,0.274,0.004,0.203,0.000,49,W,0,,,,411957,306.54,0
2950,6983.635,"Mount",-0.057,-0.040,-0.033,0.061,0.000,0.000,0,,0,,,,382058,303.35,0
2951,6985.984,"Mount",-0.048,-0.254,0.068,0.249,0.000,0.000,0,,0,,,,376093,295.02,0
2952,6988.247,"Mount",-0.456,0.114,-0.460,0.097,-0.290,0.000,70,E,0,,,,398576,332.79,0
2953,6990.775,"Mount",-0.784,0.193,-0.789,0.170,-0.517,0.000,125,E,0,,,,371470,292.93,0
2954,6992.958,"Mount",-0.058,-0.144,0.011,0.154,0.000,0.000,0,,0,,,,372387,295.57,0
2955,6995.407,"Mount",-0.510,-0.198,-0.372,0.402,-0.234,0.000,57,E,0,,,,389384,332.48,0
2956,6998.823,"Mount",0.205,-0.453,0.383,0.316,0.225,0.316,54,W,1106,S,,,406316,325.85,0
2957,7001.263,"Mount",0.341,0.076,0.273,-0.218,0.187,0.000,45,W,0,,,,398267,316.77,0
2958,7003.437,"Mount",0.151,0.024,0.125,-0.088,0.000,0.000,0,,0,,,,420804,316.75,0
2959,7005.790,"Mount",-0.029,-0.060,0.000,0.067,0.000,0.000,0,,0,,,,427012,315.64,0
2960,7008.031,"Mount",0.164,-0.299,0.278,0.197,0.175,0.000,42,W,0,,,,410049,295.94,0
2961,7010.503,"Mount",-0.230,0.062,-0.234,0.046,-0.135,0.000,33,E,0,,,,419581,352.37,0
2962,7012.684,"Mount",-0.039,0.130,-0.092,-0.100,0.000,0.000,0,,0,,,,397788,288.73,0
2963,7015.042,"Mount",0.044,-0.187,0.122,0.149,0.000,0.000,0,,0,,,,392587,295.40,0
2964,7017.255,"Mount",-0.186,0.012,-0.172,0.071,-0.108,0.000,26,E,0,,,,424244,333.39,0
2965,7019.605,"Mount",-0.035,0.092,-0.072,-0.068,0.000,0.000,0,,0,,,,391415,306.53,0
2966,7021.879,"Mount",0.021,-0.234,0.121,0.201,0.000,0.201,0,,42,S,,,379987,310.88,0
2967,7024.306,"Mount",0.114,-0.192,0.187,0.122,0.118,0.000,28,W,0,,,,397965,342.92,0
2968,7026.488,"Mount",-0.010,-0.068,0.021,0.065,0.000,0.000,0,,0,,,,371458,328.23,0
2969,7028.914,"Mount",-0.280,0.069,-0.282,0.061,-0.178,0.000,43,E,0,,,,409914,323.78,0
2970,7031.219,"Mount",-0.421,0.167,-0.452,0.035,-0.297,0.000,72,E,0,,,,419865,320.05,0
2971,7033.735,"Mount",-0.222,0.266,-0.316,-0.142,-0.220,0.000,53,E,0,,,,395804,321.51,0
2972,7036.048,"Mount",-0.635,0.123,-0.624,0.168,-0.409,0.000,99,E,0,,,,401352,317.52,0
2973,7038.396,"Mount",-0.144,-0.098,-0.086,0.151,0.000,0.000,0,,0,,,,413017,303.90,0
2974,7040.751,"Mount",-0.499,-0.120,-0.396,0.327,-0.249,0.327,60,E,69,S,,,405073,323.86,0
2975,7043.303,"Mount",1.058,-0.596,1.212,0.071,0.746,0.000,180,W,0,,,,405692,334.20,0
2976,7045.543,"Mount",0.125,-0.079,0.147,0.016,0.145,0.000,35,W,0,,,,430833,340.02,0
2977,7047.999,"Mount",0.401,-0.165,0.433,-0.028,0.283,0.000,68,W,0,,,,417534,345.24,0
2978,7050.185,"Mount",-0.040,-0.119,0.016,0.124,0.000,0.000,0,,0,,,,396946,307.52,0
2979,7052.615,"Mount",-0.204,0.113,-0.233,-0.012,-0.147,0.000,35,E,0,,,,405871,337.17,0
2980,7054.781,"Mount",0.032,-0.020,0.037,0.004,0.000,0.000,0,,0,,,,407141,328.08,0
2981,7057.408,"Mount",-0.913,-0.010,-0.816,0.410,-0.514,0.410,124,E,86,S,,,440181,356.37,0
2982,7059.711,"Mount",0.049,-0.269,0.162,0.220,0.066,0.220,16,W,46,S,,,421583,308.59,0
2983,7062.129,"Mount",0.313,-0.214,0.375,0.055,0.241,0.000,58,W,0,,,,427461,316.37,0
2984,7064.399,"Mount",0.107,-0.187,0.178,0.121,0.129,0.000,31,W,0,,,,417472,345.33,0
2985,7066.752,"Mount",0.027,0.044,0.005,-0.052,0.000,0.000,0,,0,,,,406892,319.33,0
2986,7068.920,"Mount",-0.080,-0.017,-0.064,0.050,0.000,0.000,0,,0,,,,424765,296.69,0
2987,7071.285,"Mount",0.045,-0.076,0.074,0.048,0.000,0.000,0,,0,,,,407725,322.46,0
2988,7073.464,"Mount",0.044,0.043,0.020,-0.058,0.000,0.000,0,,0,,,,407109,298.26,0
2989,7075.871,"Mount",-0.228,0.168,-0.278,-0.051,-0.175,0.000,42,E,0,,,,433565,343.25,0
2990,7078.103,"Mount",-0.164,-0.002,-0.147,0.073,-0.105,0.000,25,E,0,,,,414416,311.75,0
2991,7080.511,"Mount",-0.197,-0.094,-0.136,0.171,-0.093,0.000,22,E,0,,,,434150,321.51,0
2992,7082.743,"Mount",0.205,-0.311,0.321,0.190,0.196,0.000,47,W,0,,,,413276,337.84,0
2993,7085.092,"Mount",0.033,-0.040,0.048,0.021,0.000,0.000,0,,0,,,,426148,331.74,0
2994,7087.276,"Mount",0.089,-0.071,0.112,0.025,0.000,0.000,0,,0,,,,414303,330.09,0
2995,7089.620,"Mount",-0.052,-0.144,0.016,0.153,0.000,0.000,0,,0,,,,432545,339.28,0
2996,7091.871,"Mount",-0.233,0.048,-0.230,0.059,-0.145,0.000,35,E,0,,,,429979,328.20,0
2997,7094.254,"Mount",-0.027,0.029,-0.037,-0.014,0.000,0.000,0,,0,,,,445251,318.43,0
2998,7096.479,"Mount",-0.183,-0.071,-0.133,0.144,-0.084,0.000,20,E,0,,,,417568,308.76,0
2999,7098.825,"Mount",-0.131,0.016,-0.124,0.043,0.000,0.000,0,,0,,,,431186,359.27,0
3000,7101.226,"Mount",-1.008,0.329,-1.050,0.147,-0.662,0.000,160,E,0,,,,444652,317.76,0
3001,7103.784,"Mount",0.337,-0.394,0.475,0.206,0.253,0.206,61,W,43,S,,,452429,342.29,0
3002,7106.144,"Mount",0.807,-0.522,0.954,0.115,0.619,0.000,149,W,0,,,,445825,326.88,0
3003,7108.624,"Mount",0.405,-0.236,0.467,0.034,0.338,0.000,82,W,0,,,,430978,332.31,0
3004,7110.887,"Mount",-0.179,0.005,-0.163,0.074,-0.079,0.000,19,E,0,,,,472476,352.88,0
3005,7113.375,"Mount",-0.708,0.207,-0.727,0.124,-0.464,0.000,112,E,0,,,,477779,329.15,0
3006,7115.615,"Mount",-0.297,-0.008,-0.263,0.137,-0.198,0.000,48,E,0,,,,447807,331.88,0
3007,7118.039,"Mount",-0.265,0.112,-0.287,0.016,-0.195,0.000,47,E,0,,,,477436,348.66,0
3008,7120.271,"Mount",0.106,-0.261,0.210,0.188,0.119,0.000,29,W,0,,,,454286,348.15,0
3009,7122.687,"Mount",-0.195,0.009,-0.180,0.078,-0.105,0.000,25,E,0,,,,474385,380.11,0
3010,7124.868,"Mount",-0.044,-0.082,-0.004,0.093,0.000,0.000,0,,0,,,,450490,383.75,0
3011,7127.335,"Mount",-0.053,-0.236,0.055,0.235,0.000,0.235,0,,49,S,,,436795,325.01,0
3012,7129.615,"Mount",0.382,-0.172,0.419,-0.013,0.264,0.000,64,W,0,,,,489719,357.61,0
3013,7131.958,"Mount",-0.184,-0.110,-0.117,0.180,0.000,0.000,0,,0,,,,493251,351.08,0
3014,7134.131,"Mount",-0.087,-0.085,-0.041,0.115,0.000,0.000,0,,0,,,,466670,343.10,0
3015,7136.543,"Mount",0.191,-0.168,0.245,0.067,0.155,0.000,37,W,0,,,,448457,356.61,0
3016,7138.863,"Mount",0.047,-0.231,0.144,0.187,0.101,0.000,24,W,0,,,,464071,368.21,0
3017,7141.225,"Mount",0.038,-0.165,0.107,0.131,0.000,0.000,0,,0,,,,437528,313.21,0
3018,7143.409,"Mount",0.032,-0.145,0.092,0.116,0.000,0.000,0,,0,,,,447445,326.34,0
3019,7145.745,"Mount",0.045,-0.198,0.128,0.158,0.000,0.000,0,,0,,,,461291,334.81,0
3020,7147.975,"Mount",-0.207,-0.007,-0.183,0.098,-0.115,0.000,28,E,0,,,,464045,372.91,0
3021,7150.323,"Mount",-0.077,-0.004,-0.067,0.038,0.000,0.000,0,,0,,,,482371,367.09,0
3022,7152.536,"Mount",0.036,-0.240,0.138,0.200,0.087,0.000,21,W,0,,,,452865,313.63,0
3023,7154.959,"Mount",0.169,-0.242,0.258,0.143,0.168,0.000,41,W,0,,,,460923,356.11,0
3024,7157.212,"Mount",0.132,-0.241,0.224,0.159,0.153,0.000,37,W,0,,,,466149,336.89,0
3025,7159.634,"Mount",-0.248,0.081,-0.258,0.036,-0.152,0.000,37,E,0,,,,482854,353.77,0
3026,7161.822,"Mount",-0.093,0.003,-0.085,0.039,0.000,0.000,0,,0,,,,469801,350.84,0
3027,7164.297,"Mount",0.533,-0.253,0.590,-0.006,0.372,0.000,90,W,0,,,,449724,334.68,0
3028,7166.559,"Mount",0.139,-0.184,0.206,0.104,0.156,0.000,38,W,0,,,,457738,339.61,0
3029,7168.983,"Mount",-0.008,-0.281,0.116,0.256,0.000,0.256,0,,54,S,,,456831,341.05,0
3030,7171.288,"Mount",-0.243,-0.287,-0.093,0.365,0.000,0.365,0,,77,S,,,456948,313.48,0
3031,7173.736,"Mount",-0.263,-0.016,-0.230,0.130,-0.145,0.000,35,E,0,,,,484501,363.50,0
3032,7175.920,"Mount",-0.043,-0.196,0.047,0.195,0.000,0.000,0,,0,,,,473794,365.57,0
3033,7178.367,"Mount",-0.180,0.162,-0.232,-0.066,-0.146,0.000,35,E,0,,,,463932,322.46,0
3034,7180.563,"Mount",-0.083,0.044,-0.094,-0.003,0.000,0.000,0,,0,,,,464002,330.41,0
3035,7182.999,"Mount",-0.273,0.181,-0.325,-0.043,-0.205,0.000,49,E,0,,,,467077,365.65,0
3036,7185.239,"Mount",-0.158,0.186,-0.223,-0.098,-0.155,0.000,37,E,0,,,,470609,347.60,0
3037,7187.598,"Mount",0.043,-0.167,0.112,0.131,0.000,0.000,0,,0,,,,447949,341.08,0
3038,7189.871,"Mount",-0.263,0.199,-0.324,-0.064,-0.204,0.000,49,E,0,,,,478471,362.91,0
3039,7192.303,"Mount",0.413,-0.115,0.422,-0.078,0.251,0.000,61,W,0,,,,444655,301.24,0
3040,7194.551,"Mount",0.233,-0.129,0.266,0.014,0.185,0.000,45,W,0,,,,459381,355.61,0
3041,7196.976,"Mount",0.154,-0.214,0.232,0.124,0.159,0.000,38,W,0,,,,428238,335.86,0
3042,7199.233,"Mount",-0.048,0.082,-0.079,-0.052,0.000,0.000,0,,0,,,,456885,385.07,0
3043,7201.799,"Mount",-0.734,0.093,-0.700,0.239,-0.441,0.239,106,E,50,S,,,456216,345.38,0
3044,7204.050,"Mount",-0.044,0.066,-0.068,-0.040,0.000,0.000,0,,0,,,,445792,342.05,0
3045,7206.394,"Mount",-0.048,-0.065,-0.015,0.079,0.000,0.000,0,,0,,,,434407,339.76,0
3046,7208.578,"Mount",-0.127,0.026,-0.126,0.032,0.000,0.000,0,,0,,,,447125,329.78,0
3047,7210.993,"Mount",-0.100,0.127,-0.146,-0.071,-0.092,0.000,22,E,0,,,,443609,357.78,0
3048,7213.279,"Mount",-0.423,0.200,-0.468,0.006,-0.301,0.000,73,E,0,,,,454940,318.95,0
3049,7215.687,"Mount",-0.199,0.036,-0.195,0.055,-0.144,0.000,35,E,0,,,,443948,342.54,0
3050,7218.119,"Mount",-0.772,-0.016,-0.687,0.353,-0.443,0.353,107,E,74,S,,,452007,315.53,0
3051,7221.015,"Mount",-2.102,0.307,-2.023,0.647,-1.306,0.647,315,E,136,S,,,442100,325.09,0
3052,7223.407,"Mount",-0.906,0.789,-1.160,-0.312,-0.822,0.000,199,E,0,,,,441296,299.51,0
3053,7227.183,"Mount",1.404,0.185,1.180,-0.782,0.686,-0.782,166,W,1204,N,,,461690,327.10,0
3054,7229.639,"Mount",-0.210,0.417,-0.372,-0.283,-0.186,-0.283,45,E,59,N,,,472817,325.05,0
3055,7232.271,"Mount",0.992,0.057,0.866,-0.486,0.533,-0.486,129,W,102,N,,,456288,339.46,0
3056,7234.639,"Mount",0.329,0.324,0.154,-0.436,0.134,-0.436,32,W,92,N,,,441196,307.51,0
Guiding Ends at 2026-09-04 00:34:06

Guiding Begins at 2026-09-04 00:47:59
Equipment Profile = SW4P_EVO
Dither = both axes, Dither scale = 1.000, Image noise reduction = 2x2 mean, Guide-frame time lapse = 0, Server enabled
Pixel scale = 2.91 arc-sec/px, Binning = 1, Focal length = 266 mm
Search region = 15 px, Star mass tolerance = 50.0%, Multi-star mode, list size = 12
 Camera = ZWO ASI120MM Mini (ASCOM), full size = 1280 x 960, have dark, dark dur = 2000, no defect map, pixel size = 3.8 um
Exposure = 2000 ms
Mount = GPUSB, connected, guiding enabled, AuxMount=CPWI_ASCOM_Telescope, xAngle = -26.0, xRate = 4.140, yAngle = -116.0, yRate = 4.762, parity = +/-
Norm rates RA = 13.1"/s @ dec 0, Dec = 13.8"/s; ortho.err. = 0.0 deg
X guide algorithm = Hysteresis, Hysteresis = 0.100, Aggression = 0.700, Minimum move = 0.130
Y guide algorithm = Resist Switch, Minimum move = 0.200 Aggression = 100% FastSwitch = enabled
Backlash comp = enabled, pulse = 1060 ms
Max RA duration = 2500, Max DEC duration = 2500, DEC guide mode = Auto
RA Guide Speed = 14.9 a-s/s, Dec Guide Speed = 14.9 a-s/s, Cal Dec = -0.0, Last Cal Issue = None, Timestamp = 31/08/2026 21:19:06
RA = 20.01 hr, Dec = 22.8 deg, Hour angle = 2.43 hr, Pier side = East, Rotator pos = N/A, Alt = 54.0 deg, Az = 248.6 deg
Lock position = 1099.460, 475.237, Star position = 1099.460, 475.237, HFD = 3.06 px
Frame,Time,mount,dx,dy,RARawDistance,DECRawDistance,RAGuideDistance,DECGuideDistance,RADuration,RADirection,DECDuration,DECDirection,XStep,YStep,StarMass,SNR,ErrorCode
INFO: SETTLING STATE CHANGE, Settling started
1,2.659,"Mount",0.153,-0.158,0.207,0.075,0.130,0.000,31,W,0,,,,403061,308.90,0
2,4.848,"Mount",-0.041,0.177,-0.114,-0.141,0.000,0.000,0,,0,,,,402406,323.36,0
3,7.232,"Mount",-0.037,0.135,-0.093,-0.105,0.000,0.000,0,,0,,,,405895,321.08,0
4,9.416,"Mount",-0.075,0.043,-0.086,-0.006,0.000,0.000,0,,0,,,,381049,286.12,0
5,11.769,"Mount",-0.027,0.143,-0.087,-0.117,0.000,0.000,0,,0,,,,403746,315.22,0
INFO: SETTLING STATE CHANGE, Settling complete
6,14.051,"Mount",-0.547,0.371,-0.654,-0.093,-0.412,0.000,100,E,0,,,,399330,291.56,0
7,16.483,"Mount",0.582,-0.193,0.608,-0.082,0.354,0.000,86,W,0,,,,398132,287.93,0
8,18.731,"Mount",0.245,-0.121,0.273,0.001,0.197,0.000,48,W,0,,,,418545,292.69,0
9,21.187,"Mount",0.337,0.021,0.294,-0.166,0.199,0.000,48,W,0,,,,397882,274.89,0
10,23.451,"Mount",0.400,0.078,0.325,-0.245,0.219,0.000,53,W,0,,,,365346,278.88,0
11,25.867,"Mount",-0.094,0.292,-0.213,-0.221,-0.119,0.000,29,E,0,,,,385228,302.26,0
12,28.236,"Mount",-0.652,0.539,-0.822,-0.198,-0.526,0.000,127,E,0,,,,408649,319.54,0
13,30.656,"Mount",0.045,-0.053,0.064,0.028,0.000,0.000,0,,0,,,,393591,287.45,0
14,32.854,"Mount",0.010,0.008,0.006,-0.012,0.000,0.000,0,,0,,,,400493,294.93,0
15,35.195,"Mount",-0.028,0.043,-0.044,-0.027,0.000,0.000,0,,0,,,,381630,271.99,0
16,37.508,"Mount",-0.674,0.218,-0.701,0.100,-0.442,0.000,107,E,0,,,,390361,300.59,0
17,39.988,"Mount",0.679,-0.054,0.634,-0.249,0.368,0.000,89,W,0,,,,392234,299.99,0
18,42.291,"Mount",-0.333,0.188,-0.381,-0.023,-0.214,0.000,52,E,0,,,,407118,309.94,0
19,44.755,"Mount",0.364,-0.141,0.389,-0.033,0.230,0.000,56,W,0,,,,393415,317.88,0
20,46.995,"Mount",-0.158,0.190,-0.225,-0.101,-0.126,0.000,30,E,0,,,,375104,284.19,0
21,49.429,"Mount",-0.172,0.047,-0.175,0.033,-0.119,0.000,29,E,0,,,,388970,292.69,0
22,51.755,"Mount",-0.702,0.163,-0.703,0.162,-0.451,0.000,109,E,0,,,,385345,311.73,0
23,54.235,"Mount",-0.115,0.244,-0.210,-0.169,-0.164,0.000,40,E,0,,,,404658,308.75,0
24,56.483,"Mount",-0.218,0.201,-0.284,-0.085,-0.190,0.000,46,E,0,,,,402602,294.27,0
25,58.894,"Mount",-0.022,0.217,-0.115,-0.185,0.000,0.000,0,,0,,,,406565,281.80,0
26,61.188,"Mount",-0.411,0.261,-0.484,-0.054,-0.305,0.000,74,E,0,,,,399610,291.99,0
27,63.603,"Mount",-0.285,-0.012,-0.251,0.136,-0.179,0.000,43,E,0,,,,417917,301.79,0
28,65.788,"Mount",-0.114,-0.012,-0.097,0.061,0.000,0.000,0,,0,,,,389199,319.13,0
29,68.235,"Mount",-0.442,0.202,-0.486,0.013,-0.306,0.000,74,E,0,,,,375035,257.19,0
30,70.539,"Mount",-0.414,0.092,-0.412,0.099,-0.281,0.000,68,E,0,,,,378585,302.32,0
31,72.955,"Mount",-0.251,0.026,-0.237,0.086,-0.169,0.000,41,E,0,,,,389755,283.01,0
32,75.211,"Mount",0.168,0.028,0.139,-0.099,0.076,0.000,18,W,0,,,,397611,292.64,0
33,77.567,"Mount",0.106,0.117,0.044,-0.151,0.000,0.000,0,,0,,,,388515,296.99,0
34,79.965,"Mount",0.482,-0.086,0.471,-0.134,0.297,0.000,72,W,0,,,,373748,296.39,0
35,82.363,"Mount",-0.164,0.003,-0.149,0.069,-0.073,0.000,18,E,0,,,,371142,294.52,0
36,84.611,"Mount",0.147,-0.068,0.163,-0.003,0.097,0.000,23,W,0,,,,381911,277.12,0
37,87.035,"Mount",-0.361,0.200,-0.412,-0.021,-0.253,0.000,61,E,0,,,,376433,285.45,0
38,89.339,"Mount",-0.524,0.066,-0.500,0.171,-0.332,0.000,80,E,0,,,,403870,316.70,0
39,91.795,"Mount",-0.257,0.117,-0.282,0.008,-0.201,0.000,49,E,0,,,,373313,265.11,0
40,94.020,"Mount",0.111,-0.185,0.181,0.118,0.100,0.000,24,W,0,,,,403151,303.75,0
41,96.420,"Mount",0.080,-0.157,0.140,0.106,0.095,0.000,23,W,0,,,,389557,282.78,0
42,98.596,"Mount",-0.005,0.027,-0.016,-0.022,0.000,0.000,0,,0,,,,396654,289.98,0
43,100.995,"Mount",-0.138,0.024,-0.135,0.039,-0.085,0.000,21,E,0,,,,375698,293.22,0
44,103.163,"Mount",-0.107,-0.259,0.018,0.280,0.000,0.000,0,,0,,,,395318,294.02,0
45,105.495,"Mount",0.026,-0.176,0.101,0.146,0.000,0.000,0,,0,,,,398481,314.20,0
46,107.782,"Mount",0.302,-0.351,0.425,0.183,0.268,0.000,65,W,0,,,,410378,331.69,0
47,110.195,"Mount",-0.368,-0.052,-0.308,0.209,-0.175,0.000,42,E,0,,,,397222,310.43,0
48,112.539,"Mount",-0.405,-0.031,-0.350,0.205,-0.233,0.205,56,E,43,S,,,399897,320.03,0
49,114.972,"Mount",-0.284,-0.029,-0.242,0.150,-0.169,0.000,41,E,0,,,,395723,294.75,0
50,117.348,"Mount",-0.272,-0.194,-0.159,0.294,-0.112,0.294,27,E,62,S,,,382945,304.38,0
51,119.851,"Mount",0.233,-0.402,0.386,0.259,0.235,0.259,57,W,54,S,,,399035,302.90,0
52,122.172,"Mount",0.555,-0.387,0.669,0.104,0.438,0.000,106,W,0,,,,396744,288.16,0
53,124.580,"Mount",-0.126,0.046,-0.134,0.014,-0.054,0.000,13,E,0,,,,396383,287.67,0
54,126.767,"Mount",0.086,0.038,0.061,-0.071,0.000,0.000,0,,0,,,,390220,265.87,0
55,129.291,"Mount",0.157,-0.338,0.289,0.235,0.182,0.235,44,W,49,S,,,408337,304.09,0
56,131.478,"Mount",-0.128,-0.074,-0.083,0.122,0.000,0.000,0,,0,,,,382328,275.54,0
57,133.883,"Mount",-0.196,0.009,-0.180,0.078,-0.114,0.000,27,E,0,,,,388821,283.23,0
58,136.054,"Mount",-0.050,-0.100,-0.001,0.111,0.000,0.000,0,,0,,,,378943,304.56,0
59,138.409,"Mount",0.044,0.073,0.008,-0.085,0.000,0.000,0,,0,,,,379338,271.94,0
60,140.643,"Mount",0.120,-0.159,0.178,0.091,0.112,0.000,27,W,0,,,,404008,281.37,0
61,142.999,"Mount",-0.004,-0.069,0.027,0.064,0.000,0.000,0,,0,,,,385008,282.75,0
62,145.246,"Mount",-0.268,-0.034,-0.226,0.148,-0.142,0.000,34,E,0,,,,392545,324.92,0
63,147.581,"Mount",0.009,-0.090,0.047,0.077,0.000,0.000,0,,0,,,,369482,291.87,0
64,149.984,"Mount",0.643,-0.346,0.730,0.029,0.460,0.000,111,W,0,,,,385277,303.13,0
65,152.353,"Mount",-0.113,-0.045,-0.082,0.090,0.000,0.000,0,,0,,,,364400,315.28,0
66,154.640,"Mount",-0.284,-0.037,-0.239,0.158,-0.151,0.000,36,E,0,,,,372011,296.78,0
67,157.035,"Mount",-0.197,-0.047,-0.156,0.129,-0.109,0.000,26,E,0,,,,385710,294.55,0
68,159.307,"Mount",-0.216,0.086,-0.232,0.018,-0.154,0.000,37,E,0,,,,384019,297.24,0
69,161.661,"Mount",-0.070,0.027,-0.075,0.006,0.000,0.000,0,,0,,,,373291,283.77,0
70,163.900,"Mount",-0.150,0.042,-0.153,0.028,-0.096,0.000,23,E,0,,,,377907,318.87,0
71,166.307,"Mount",0.192,-0.223,0.270,0.116,0.163,0.000,39,W,0,,,,399707,296.11,0
72,168.564,"Mount",-0.288,-0.023,-0.249,0.147,-0.145,0.000,35,E,0,,,,397350,285.85,0
73,171.067,"Mount",0.030,-0.311,0.164,0.266,0.093,0.266,22,W,56,S,,,410690,310.49,0
74,173.492,"Mount",-0.009,-0.369,0.154,0.336,0.103,0.336,25,W,71,S,,,405556,311.91,0
75,175.939,"Mount",0.322,-0.303,0.422,0.131,0.273,0.000,66,W,0,,,,409609,292.44,0
76,178.124,"Mount",-0.118,-0.088,-0.067,0.130,0.000,0.000,0,,0,,,,382060,282.69,0
77,180.564,"Mount",-0.319,0.297,-0.417,-0.127,-0.263,0.000,63,E,0,,,,368891,299.74,0
78,182.735,"Mount",0.074,-0.120,0.119,0.076,0.000,0.000,0,,0,,,,390747,307.00,0
79,185.115,"Mount",0.168,-0.127,0.207,0.040,0.130,0.000,31,W,0,,,,385533,266.75,0
80,187.467,"Mount",-0.464,-0.002,-0.416,0.205,-0.253,0.205,61,E,43,S,,,367535,268.66,0
81,189.828,"Mount",0.074,-0.117,0.118,0.073,0.000,0.000,0,,0,,,,373519,266.33,0
82,192.116,"Mount",-0.218,0.046,-0.216,0.054,-0.136,0.000,33,E,0,,,,368399,306.42,0
83,194.472,"Mount",0.101,-0.027,0.102,-0.020,0.000,0.000,0,,0,,,,388241,343.13,0
84,196.653,"Mount",-0.118,-0.162,-0.035,0.197,0.000,0.000,0,,0,,,,390115,297.21,0
85,199.075,"Mount",-0.205,-0.175,-0.107,0.247,0.000,0.247,0,,52,S,,,361657,325.43,0
86,201.531,"Mount",-0.734,-0.066,-0.631,0.381,-0.397,0.381,96,E,80,S,,,384367,281.86,0
87,204.006,"Mount",-0.296,-0.009,-0.262,0.138,-0.193,0.000,47,E,0,,,,353900,285.61,0
88,206.260,"Mount",-0.340,-0.041,-0.287,0.186,-0.195,0.000,47,E,0,,,,363691,282.49,0
89,208.691,"Mount",0.170,-0.261,0.267,0.160,0.155,0.000,37,W,0,,,,361866,283.73,0
90,210.866,"Mount",0.130,0.007,0.114,-0.063,0.000,0.000,0,,0,,,,369570,301.15,0
91,213.307,"Mount",0.191,-0.162,0.243,0.062,0.153,0.000,37,W,0,,,,357111,282.69,0
92,215.477,"Mount",-0.093,-0.010,-0.079,0.050,0.000,0.000,0,,0,,,,360219,283.20,0
93,217.833,"Mount",-0.124,-0.114,-0.062,0.157,0.000,0.000,0,,0,,,,357385,298.11,0
94,220.156,"Mount",-0.291,-0.091,-0.222,0.209,-0.140,0.209,34,E,44,S,,,356652,279.62,0
95,222.636,"Mount",0.556,-0.321,0.641,0.044,0.394,0.000,95,W,0,,,,351111,278.60,0
96,224.892,"Mount",-0.283,0.099,-0.298,0.035,-0.160,0.000,39,E,0,,,,355264,277.65,0
97,227.324,"Mount",0.283,-0.108,0.302,-0.027,0.179,0.000,43,W,0,,,,341973,254.50,0
98,229.579,"Mount",0.108,-0.164,0.169,0.100,0.119,0.000,29,W,0,,,,348570,276.67,0
99,232.100,"Mount",0.796,-0.395,0.889,0.005,0.568,0.000,137,W,0,,,,347981,281.66,0
100,234.349,"Mount",0.173,0.066,0.127,-0.135,0.000,0.000,0,,0,,,,355479,270.95,0
101,236.694,"Mount",-0.056,0.064,-0.079,-0.033,0.000,0.000,0,,0,,,,337647,255.08,0
102,238.874,"Mount",-0.007,0.058,-0.032,-0.049,0.000,0.000,0,,0,,,,344386,254.19,0
103,241.222,"Mount",-0.142,-0.046,-0.107,0.103,0.000,0.000,0,,0,,,,329251,246.02,0
104,243.556,"Mount",-0.410,-0.036,-0.352,0.213,-0.222,0.213,54,E,45,S,,,342945,243.29,0
105,246.084,"Mount",-0.135,0.166,-0.194,-0.089,-0.138,0.000,33,E,0,,,,332927,277.01,0
106,248.372,"Mount",-0.408,0.079,-0.401,0.108,-0.262,0.000,63,E,0,,,,327838,259.09,0
107,250.883,"Mount",-0.270,-0.168,-0.169,0.269,-0.125,0.269,30,E,57,S,,,330117,274.39,0
108,253.204,"Mount",0.642,-0.346,0.728,0.029,0.450,0.000,109,W,0,,,,342888,267.27,0
109,255.724,"Mount",0.823,-0.488,0.954,0.078,0.632,0.000,153,W,0,,,,324610,241.85,0
110,258.011,"Mount",-0.118,-0.274,0.014,0.298,0.000,0.298,0,,63,S,,,352095,282.13,0
111,260.428,"Mount",0.189,-0.144,0.233,0.046,0.147,0.000,35,W,0,,,,342543,267.29,0
112,262.708,"Mount",0.427,-0.021,0.393,-0.168,0.258,0.000,62,W,0,,,,355533,303.67,0
113,265.155,"Mount",-0.213,-0.301,-0.059,0.364,0.000,0.364,0,,76,S,,,353772,279.24,0
114,267.475,"Mount",-0.130,-0.438,0.076,0.451,0.000,0.451,0,,95,S,,,352112,275.42,0
115,270.091,"Mount",-0.713,-0.225,-0.543,0.515,-0.342,0.515,83,E,108,S,,,333684,229.13,0
116,272.266,"Mount",-0.006,-0.178,0.073,0.162,0.000,0.000,0,,0,,,,348682,284.51,0
117,274.764,"Mount",0.290,-0.307,0.396,0.149,0.249,0.000,60,W,0,,,,342533,267.12,0
118,277.148,"Mount",0.116,-0.308,0.240,0.225,0.168,0.225,41,W,47,S,,,353730,255.94,0
119,279.699,"Mount",-0.491,-0.031,-0.427,0.243,-0.257,0.243,62,E,51,S,,,342631,285.94,0
120,282.124,"Mount",-0.508,-0.342,-0.306,0.530,-0.211,0.530,51,E,111,S,,,352962,265.60,0
121,284.748,"Mount",0.357,-0.614,0.590,0.395,0.357,0.395,86,W,83,S,,,351277,299.47,0
122,287.027,"Mount",-0.166,-0.269,-0.031,0.315,0.000,0.315,0,,66,S,,,357490,281.60,0
123,289.595,"Mount",0.307,-0.415,0.458,0.238,0.288,0.238,70,W,50,S,,,363481,283.40,0
124,291.797,"Mount",-0.136,-0.101,-0.077,0.150,0.000,0.000,0,,0,,,,355512,251.01,0
125,294.484,"Mount",-1.142,0.163,-1.098,0.354,-0.692,0.354,167,E,74,S,,,369640,293.17,0
126,296.843,"Mount",0.062,-0.398,0.230,0.331,0.097,0.331,23,W,70,S,,,361233,302.69,0
127,299.284,"Mount",0.328,-0.244,0.402,0.076,0.260,0.000,63,W,0,,,,364064,309.63,0
128,301.564,"Mount",0.272,-0.067,0.274,-0.059,0.191,0.000,46,W,0,,,,372951,306.78,0
129,303.988,"Mount",-0.285,0.129,-0.313,0.009,-0.184,0.000,44,E,0,,,,347577,265.66,0
130,306.292,"Mount",-0.324,0.190,-0.375,-0.029,-0.249,0.000,60,E,0,,,,355279,290.52,0
131,308.748,"Mount",-0.455,0.094,-0.451,0.115,-0.301,0.000,73,E,0,,,,345960,253.29,0
132,311.004,"Mount",-0.224,0.094,-0.242,0.014,-0.174,0.000,42,E,0,,,,347829,304.71,0
133,313.344,"Mount",-0.057,0.101,-0.096,-0.066,0.000,0.000,0,,0,,,,366342,284.56,0
134,315.620,"Mount",0.201,-0.116,0.232,0.016,0.146,0.000,35,W,0,,,,366930,279.75,0
135,318.034,"Mount",-0.075,-0.045,-0.047,0.074,0.000,0.000,0,,0,,,,362458,283.98,0
136,320.247,"Mount",-0.026,-0.089,0.015,0.091,0.000,0.000,0,,0,,,,372619,310.18,0
137,322.604,"Mount",0.140,0.011,0.121,-0.071,0.000,0.000,0,,0,,,,350548,260.13,0
138,324.807,"Mount",0.137,0.050,0.101,-0.105,0.000,0.000,0,,0,,,,385259,300.18,0
139,327.268,"Mount",-0.277,0.290,-0.376,-0.140,-0.237,0.000,57,E,0,,,,374952,284.89,0
140,329.573,"Mount",-0.548,0.128,-0.548,0.126,-0.362,0.000,87,E,0,,,,360971,266.26,0
141,332.004,"Mount",-0.226,0.121,-0.257,-0.010,-0.187,0.000,45,E,0,,,,351030,285.06,0
142,334.187,"Mount",-0.115,-0.046,-0.083,0.092,0.000,0.000,0,,0,,,,350492,266.14,0
143,336.588,"Mount",-0.115,0.241,-0.209,-0.166,-0.132,0.000,32,E,0,,,,342683,275.37,0
144,338.766,"Mount",-0.047,0.100,-0.086,-0.069,0.000,0.000,0,,0,,,,367265,277.31,0
145,341.202,"Mount",-0.403,0.158,-0.431,0.034,-0.272,0.000,66,E,0,,,,324649,264.57,0
146,343.392,"Mount",0.050,-0.059,0.071,0.031,0.000,0.000,0,,0,,,,355626,260.69,0
147,345.796,"Mount",-0.199,-0.058,-0.154,0.139,-0.097,0.000,23,E,0,,,,333697,254.66,0
148,348.220,"Mount",-0.711,0.084,-0.676,0.237,-0.433,0.237,104,E,50,S,,,337375,262.95,0
149,350.572,"Mount",0.001,-0.102,0.045,0.092,0.000,0.000,0,,0,,,,346881,290.57,0
150,352.734,"Mount",-0.010,0.053,-0.032,-0.043,0.000,0.000,0,,0,,,,326810,251.94,0
151,355.060,"Mount",0.065,0.069,0.028,-0.091,0.000,0.000,0,,0,,,,331016,259.53,0
152,357.293,"Mount",0.197,0.076,0.144,-0.155,0.090,0.000,22,W,0,,,,328699,264.16,0
153,359.772,"Mount",-0.239,0.200,-0.302,-0.075,-0.184,0.000,44,E,0,,,,291690,235.73,0
154,361.963,"Mount",0.071,0.032,0.049,-0.060,0.000,0.000,0,,0,,,,319408,274.76,0
155,364.372,"Mount",-0.246,0.101,-0.266,0.017,-0.167,0.000,40,E,0,,,,296644,265.91,0
156,366.629,"Mount",-0.241,0.032,-0.230,0.077,-0.157,0.000,38,E,0,,,,297718,266.79,0
157,369.180,"Mount",-0.976,0.273,-0.997,0.183,-0.639,0.000,154,E,0,,,,294784,256.24,0
158,371.368,"Mount",-0.038,-0.000,-0.034,0.017,0.000,0.000,0,,0,,,,284488,231.51,0
159,373.836,"Mount",-0.583,0.277,-0.646,0.007,-0.407,0.000,98,E,0,,,,294553,258.12,0
160,376.060,"Mount",0.137,-0.134,0.182,0.060,0.086,0.000,21,W,0,,,,295717,244.79,0
161,378.492,"Mount",0.153,-0.172,0.213,0.087,0.140,0.000,34,W,0,,,,288677,259.20,0
162,380.772,"Mount",0.334,-0.214,0.394,0.046,0.258,0.000,62,W,0,,,,289210,257.63,0
163,383.196,"Mount",0.278,-0.110,0.298,-0.023,0.206,0.000,50,W,0,,,,295995,238.89,0
164,385.394,"Mount",0.006,0.038,-0.012,-0.037,0.000,0.000,0,,0,,,,265714,223.49,0
165,387.836,"Mount",-0.359,0.284,-0.447,-0.098,-0.282,0.000,68,E,0,,,,276717,224.06,0
166,390.148,"Mount",-0.312,0.079,-0.315,0.066,-0.218,0.000,53,E,0,,,,276484,223.74,0
167,392.748,"Mount",-0.757,-0.007,-0.677,0.339,-0.442,0.339,107,E,71,S,,,271391,253.53,0
168,395.012,"Mount",-0.180,0.017,-0.170,0.064,-0.138,0.000,33,E,0,,,,272274,220.32,0
169,397.363,"Mount",-0.000,-0.095,0.042,0.086,0.000,0.000,0,,0,,,,271622,232.20,0
170,399.739,"Mount",0.259,-0.409,0.412,0.253,0.260,0.253,63,W,53,S,,,250445,231.13,0
171,402.121,"Mount",0.099,-0.093,0.130,0.040,0.000,0.000,0,,0,,,,248740,207.81,0
172,404.396,"Mount",0.395,-0.331,0.500,0.124,0.315,0.000,76,W,0,,,,252091,219.12,0
173,406.868,"Mount",0.565,-0.263,0.623,-0.012,0.415,0.000,100,W,0,,,,247733,209.77,0
174,409.140,"Mount",0.270,-0.278,0.365,0.131,0.259,0.000,63,W,0,,,,223592,196.88,0
175,411.660,"Mount",-0.225,0.335,-0.349,-0.203,-0.202,0.000,49,E,0,,,,228198,179.22,0
176,413.966,"Mount",-0.526,0.238,-0.577,0.018,-0.378,0.000,91,E,0,,,,234106,208.69,0
177,416.372,"Mount",0.254,-0.066,0.257,-0.053,0.135,0.000,33,W,0,,,,217701,208.85,0
178,418.852,"Mount",-0.849,-0.242,-0.657,0.590,-0.404,0.590,98,E,124,S,,,211927,203.28,0
179,421.332,"Mount",0.562,-0.185,0.586,-0.080,0.341,0.000,82,W,0,,,,214978,194.45,0
180,423.731,"Mount",0.531,-0.491,0.692,0.208,0.460,0.208,111,W,44,S,,,230121,208.16,0
181,426.108,"Mount",-0.038,-0.039,-0.017,0.052,0.000,0.000,0,,0,,,,208846,217.60,0
182,428.277,"Mount",-0.050,-0.093,-0.004,0.105,0.000,0.000,0,,0,,,,198364,204.35,0
183,430.633,"Mount",0.013,0.034,-0.004,-0.036,0.000,0.000,0,,0,,,,190316,187.51,0
184,432.868,"Mount",-0.187,0.189,-0.251,-0.087,-0.158,0.000,38,E,0,,,,191316,186.83,0
185,435.228,"Mount",-0.143,-0.033,-0.114,0.092,0.000,0.000,0,,0,,,,165257,159.92,0
186,437.492,"Mount",-0.197,0.246,-0.285,-0.135,-0.180,0.000,43,E,0,,,,171669,161.47,0
187,439.908,"Mount",0.202,-0.197,0.268,0.088,0.156,0.000,38,W,0,,,,175630,177.17,0
188,442.237,"Mount",-0.149,0.058,-0.159,0.013,-0.089,0.000,22,E,0,,,,162265,160.39,0
189,444.700,"Mount",0.367,-0.027,0.342,-0.137,0.209,0.000,51,W,0,,,,161211,152.27,0
190,446.929,"Mount",0.051,0.081,0.011,-0.095,0.000,0.000,0,,0,,,,155802,163.33,0
191,449.287,"Mount",0.021,-0.126,0.074,0.104,0.000,0.000,0,,0,,,,162602,152.27,0
192,451.548,"Mount",-0.256,-0.065,-0.201,0.171,-0.127,0.000,31,E,0,,,,163827,176.39,0
193,453.988,"Mount",-0.386,0.092,-0.387,0.087,-0.253,0.000,61,E,0,,,,174389,181.98,0
194,456.169,"Mount",-0.076,0.090,-0.108,-0.048,0.000,0.000,0,,0,,,,143218,143.43,0
195,458.628,"Mount",-0.374,0.159,-0.406,0.021,-0.256,0.000,62,E,0,,,,166152,161.18,0
196,460.924,"Mount",-0.474,0.187,-0.508,0.039,-0.338,0.000,82,E,0,,,,193565,193.65,0
197,463.412,"Mount",0.180,0.022,0.153,-0.099,0.072,0.000,18,W,0,,,,191030,177.39,0
198,465.676,"Mount",0.360,0.049,0.302,-0.202,0.195,0.000,47,W,0,,,,226364,206.85,0
199,468.204,"Mount",0.628,-0.340,0.714,0.030,0.463,0.000,112,W,0,,,,235668,227.91,0
200,470.399,"Mount",0.065,-0.136,0.118,0.093,0.000,0.000,0,,0,,,,252332,237.88,0
201,472.796,"Mount",0.080,-0.170,0.147,0.118,0.092,0.000,22,W,0,,,,238220,207.05,0
202,475.045,"Mount",0.139,-0.030,0.138,-0.034,0.094,0.000,23,W,0,,,,243731,208.33,0
203,477.516,"Mount",-0.172,0.171,-0.229,-0.079,-0.138,0.000,33,E,0,,,,300170,249.68,0
204,479.964,"Mount",-0.841,0.158,-0.825,0.227,-0.529,0.227,128,E,48,S,,,306529,262.49,0
205,482.312,"DROP",,,,,,,,,,,,,352350,262.97,7,"Stella per per cambiamento di massa"
206,484.742,"DROP",,,,,,,,,,,,,403943,316.22,7,"Stella per per cambiamento di massa"
207,487.213,"DROP",,,,,,,,,,,,,388215,327.96,7,"Stella per per cambiamento di massa"
208,489.668,"Mount",0.450,-0.192,0.489,-0.025,0.271,0.000,65,W,0,,,,394646,287.07,0
209,492.277,"Mount",-0.551,-0.095,-0.453,0.327,-0.266,0.327,64,E,69,S,,,410558,288.29,0
210,494.651,"Mount",-0.277,-0.200,-0.162,0.301,-0.120,0.301,29,E,63,S,,,409091,325.23,0
211,497.188,"Mount",-0.472,-0.014,-0.418,0.220,-0.272,0.220,66,E,46,S,,,416340,323.45,0
212,499.414,"Mount",0.037,-0.074,0.066,0.050,0.000,0.000,0,,0,,,,417072,311.29,0
213,501.884,"Mount",0.091,-0.149,0.147,0.094,0.093,0.000,22,W,0,,,,426416,318.31,0
214,504.175,"Mount",0.012,-0.015,0.017,0.008,0.000,0.000,0,,0,,,,444122,328.94,0
215,506.821,"Mount",-0.137,-0.275,-0.002,0.307,0.000,0.307,0,,65,S,,,440067,295.68,0
216,509.160,"Mount",0.333,0.018,0.291,-0.162,0.184,0.000,44,W,0,,,,409793,320.73,0
217,511.565,"Mount",-0.012,0.193,-0.095,-0.168,0.000,0.000,0,,0,,,,451156,323.78,0
218,513.828,"Mount",-0.160,0.184,-0.225,-0.095,-0.142,0.000,34,E,0,,,,423480,305.74,0
219,516.219,"Mount",-0.135,-0.005,-0.119,0.064,0.000,0.000,0,,0,,,,458783,335.30,0
220,518.508,"Mount",-0.259,0.114,-0.283,0.011,-0.178,0.000,43,E,0,,,,440926,325.95,0
221,520.893,"Mount",-0.023,0.140,-0.082,-0.116,0.000,0.000,0,,0,,,,422638,330.43,0
222,523.148,"Mount",-0.157,0.167,-0.214,-0.081,-0.135,0.000,33,E,0,,,,422067,327.34,0
223,525.510,"Mount",0.151,0.117,0.084,-0.171,0.000,0.000,0,,0,,,,426992,332.46,0
224,527.804,"Mount",-0.136,0.178,-0.200,-0.101,-0.126,0.000,30,E,0,,,,434684,301.35,0
225,530.179,"Mount",0.076,-0.023,0.078,-0.012,0.000,0.000,0,,0,,,,444300,346.11,0
226,532.468,"Mount",0.284,-0.209,0.347,0.063,0.219,0.000,53,W,0,,,,446905,326.09,0
227,535.132,"Mount",-0.772,-0.185,-0.612,0.505,-0.371,0.505,89,E,106,S,,,444822,314.66,0
228,537.357,"Mount",-0.011,0.241,-0.115,-0.212,0.000,0.000,0,,0,,,,456295,333.23,0
229,539.736,"Mount",0.173,0.202,0.067,-0.258,0.000,0.000,0,,0,,,,450549,308.98,0
230,542.236,"Mount",-0.134,0.350,-0.274,-0.255,-0.173,0.000,42,E,0,,,,454571,344.41,0
231,545.855,"Mount",-0.126,0.337,-0.261,-0.248,-0.176,-0.248,43,E,1112,N,,,435124,297.98,0
232,548.332,"Mount",-0.303,0.467,-0.477,-0.287,-0.313,-0.287,76,E,60,N,,,456886,303.63,0
233,550.740,"Mount",-0.113,0.106,-0.148,-0.046,-0.115,0.000,28,E,0,,,,418024,327.33,0
234,553.028,"Mount",0.499,-0.080,0.484,-0.147,0.297,0.000,72,W,0,,,,429647,283.74,0
235,555.492,"Mount",0.406,-0.182,0.444,-0.015,0.301,0.000,73,W,0,,,,411474,306.59,0
236,557.780,"Mount",0.339,-0.174,0.381,0.008,0.261,0.000,63,W,0,,,,419639,320.00,0
237,560.252,"Mount",0.198,0.271,0.059,-0.330,0.000,-0.330,0,,69,N,,,445770,327.49,0
238,562.804,"Mount",0.239,0.135,0.156,-0.226,0.098,-0.226,24,W,47,N,,,420275,301.47,0
239,565.268,"Mount",-0.595,0.124,-0.589,0.149,-0.364,0.000,88,E,0,,,,433515,325.67,0
240,567.499,"Mount",-0.096,0.041,-0.104,0.005,0.000,0.000,0,,0,,,,412662,323.97,0
241,569.853,"Mount",0.100,-0.019,0.098,-0.027,0.000,0.000,0,,0,,,,419509,324.22,0
242,572.124,"Mount",0.238,-0.071,0.245,-0.040,0.154,0.000,37,W,0,,,,426169,329.92,0
243,574.610,"Mount",0.321,-0.130,0.345,-0.023,0.228,0.000,55,W,0,,,,432914,318.92,0
244,576.908,"Mount",0.362,-0.325,0.468,0.133,0.311,0.000,75,W,0,,,,431469,347.42,0
245,579.356,"Mount",0.381,-0.021,0.351,-0.148,0.243,0.000,59,W,0,,,,414594,310.02,0
246,581.620,"Mount",0.266,-0.042,0.257,-0.079,0.179,0.000,43,W,0,,,,414626,288.79,0
247,584.060,"Mount",-0.459,0.196,-0.499,0.025,-0.302,0.000,73,E,0,,,,412333,310.36,0
248,586.324,"Mount",-0.405,0.066,-0.393,0.119,-0.268,0.000,65,E,0,,,,435268,302.62,0
249,588.748,"Mount",0.120,-0.217,0.203,0.142,0.109,0.000,26,W,0,,,,425374,368.06,0
250,590.989,"Mount",0.087,-0.135,0.137,0.083,0.094,0.000,23,W,0,,,,433233,320.57,0
251,593.412,"Mount",-0.288,0.042,-0.277,0.088,-0.168,0.000,41,E,0,,,,431768,295.89,0
252,595.660,"Mount",0.211,-0.051,0.212,-0.047,0.122,0.000,29,W,0,,,,419016,350.33,0
253,598.076,"Mount",0.187,-0.039,0.185,-0.047,0.125,0.000,30,W,0,,,,432036,322.29,0
254,600.259,"Mount",-0.012,-0.006,-0.008,0.010,0.000,0.000,0,,0,,,,422362,348.90,0
255,602.676,"Mount",-0.238,0.017,-0.222,0.089,-0.140,0.000,34,E,0,,,,387069,291.81,0
256,604.964,"Mount",-0.518,0.161,-0.536,0.083,-0.347,0.000,84,E,0,,,,406213,307.87,0
257,607.452,"Mount",-0.457,0.220,-0.508,0.003,-0.344,0.000,83,E,0,,,,400772,292.74,0
258,609.748,"Mount",-0.463,0.263,-0.532,-0.033,-0.359,0.000,87,E,0,,,,395078,294.44,0
259,612.244,"Mount",0.440,-0.009,0.399,-0.185,0.226,0.000,55,W,0,,,,402229,304.25,0
260,614.430,"Mount",0.132,0.004,0.117,-0.061,0.000,0.000,0,,0,,,,412086,282.77,0
261,616.868,"Mount",0.295,-0.281,0.388,0.123,0.244,0.000,59,W,0,,,,421764,335.47,0
262,619.046,"Mount",0.035,-0.043,0.050,0.024,0.000,0.000,0,,0,,,,421609,296.04,0
263,621.532,"Mount",0.366,-0.203,0.418,0.022,0.263,0.000,64,W,0,,,,405256,309.32,0
264,623.702,"Mount",0.013,0.024,0.001,-0.027,0.000,0.000,0,,0,,,,401968,301.88,0
265,626.116,"Mount",-0.424,-0.093,-0.341,0.269,-0.215,0.000,52,E,0,,,,405322,272.44,0
266,628.396,"Mount",-0.503,0.051,-0.475,0.175,-0.314,0.000,76,E,0,,,,383630,302.62,0
267,630.737,"Mount",-0.122,-0.054,-0.086,0.102,0.000,0.000,0,,0,,,,380074,272.71,0
268,632.976,"Mount",-0.216,0.065,-0.222,0.036,-0.140,0.000,34,E,0,,,,396206,307.92,0
269,635.336,"Mount",0.089,-0.004,0.082,-0.035,0.000,0.000,0,,0,,,,413265,309.04,0
270,637.580,"Mount",-0.256,0.050,-0.252,0.067,-0.159,0.000,38,E,0,,,,379021,277.47,0
271,639.996,"Mount",0.251,-0.076,0.259,-0.042,0.152,0.000,37,W,0,,,,420579,293.78,0
272,642.316,"Mount",-0.490,0.139,-0.501,0.090,-0.305,0.000,74,E,0,,,,417951,331.91,0
273,644.677,"Mount",-0.252,-0.224,-0.128,0.311,0.000,0.000,0,,0,,,,418852,318.60,0
274,646.844,"Mount",-0.099,0.030,-0.102,0.017,0.000,0.000,0,,0,,,,414165,295.82,0
275,649.191,"Mount",-0.050,-0.015,-0.039,0.036,0.000,0.000,0,,0,,,,420789,327.27,0
276,651.444,"Mount",-0.270,-0.055,-0.219,0.168,-0.138,0.000,33,E,0,,,,391711,286.00,0
277,653.797,"Mount",0.003,-0.201,0.091,0.179,0.000,0.000,0,,0,,,,439380,330.35,0
278,655.968,"Mount",-0.079,-0.009,-0.067,0.042,0.000,0.000,0,,0,,,,406026,316.18,0
279,658.306,"Mount",-0.109,-0.219,-0.002,0.245,0.000,0.000,0,,0,,,,430740,308.04,0
280,661.724,"Mount",0.084,-0.315,0.213,0.246,0.134,0.246,32,W,1112,S,,,433008,305.31,0
281,664.073,"Mount",-0.063,0.009,-0.061,0.020,0.000,0.000,0,,0,,,,434717,313.13,0
282,666.300,"Mount",0.161,0.034,0.130,-0.101,0.082,0.000,20,W,0,,,,421985,303.70,0
283,668.740,"Mount",-0.272,0.215,-0.339,-0.074,-0.208,0.000,50,E,0,,,,400112,320.27,0
284,670.988,"Mount",-0.093,0.171,-0.158,-0.113,-0.114,0.000,28,E,0,,,,433113,338.16,0
285,673.412,"Mount",-0.246,-0.045,-0.202,0.149,-0.135,0.000,33,E,0,,,,395351,295.73,0
286,675.581,"Mount",-0.071,0.012,-0.069,0.021,0.000,0.000,0,,0,,,,423503,325.80,0
287,678.012,"Mount",0.206,-0.235,0.288,0.121,0.181,0.000,44,W,0,,,,444560,344.48,0
288,680.268,"Mount",0.337,-0.195,0.388,0.028,0.257,0.000,62,W,0,,,,415542,298.75,0
289,682.616,"Mount",0.041,-0.114,0.087,0.085,0.000,0.000,0,,0,,,,416010,310.27,0
290,684.876,"Mount",0.238,-0.155,0.282,0.035,0.178,0.000,43,W,0,,,,407153,327.82,0
291,687.340,"Mount",-0.430,0.119,-0.438,0.082,-0.264,0.000,64,E,0,,,,420063,315.93,0
292,689.588,"Mount",-0.163,0.123,-0.201,-0.039,-0.145,0.000,35,E,0,,,,399069,313.42,0
293,692.004,"Mount",-0.141,0.024,-0.137,0.041,-0.097,0.000,23,E,0,,,,417029,293.62,0
294,694.189,"Mount",0.030,-0.026,0.038,0.010,0.000,0.000,0,,0,,,,417528,313.72,0
295,696.531,"Mount",0.027,-0.142,0.086,0.116,0.000,0.000,0,,0,,,,410798,283.19,0
296,698.756,"Mount",0.158,-0.110,0.190,0.029,0.120,0.000,29,W,0,,,,407964,290.47,0
297,701.177,"Mount",0.215,-0.203,0.282,0.088,0.186,0.000,45,W,0,,,,403126,285.54,0
298,703.476,"Mount",0.392,-0.326,0.495,0.121,0.325,0.000,79,W,0,,,,416314,331.69,0
299,705.892,"Mount",0.057,-0.235,0.154,0.187,0.120,0.000,29,W,0,,,,428162,359.31,0
300,708.188,"Mount",0.172,-0.216,0.249,0.118,0.165,0.000,40,W,0,,,,440270,311.62,0
301,710.536,"Mount",-0.054,0.025,-0.059,0.001,0.000,0.000,0,,0,,,,419949,309.76,0
302,712.710,"Mount",0.103,0.015,0.085,-0.059,0.000,0.000,0,,0,,,,410196,334.25,0
303,715.038,"Mount",0.063,-0.099,0.100,0.061,0.000,0.000,0,,0,,,,418949,292.02,0
304,717.227,"Mount",0.122,-0.019,0.118,-0.036,0.000,0.000,0,,0,,,,418244,297.10,0
305,719.644,"Mount",-0.237,0.006,-0.215,0.099,-0.136,0.000,33,E,0,,,,400912,307.03,0
306,721.964,"Mount",-0.215,-0.143,-0.130,0.223,-0.092,0.223,22,E,47,S,,,427719,303.54,0
307,724.380,"Mount",0.187,-0.264,0.284,0.155,0.173,0.000,42,W,0,,,,421533,311.30,0
308,726.660,"Mount",0.325,-0.291,0.419,0.119,0.276,0.000,67,W,0,,,,415020,295.41,0
309,729.045,"Mount",0.098,-0.064,0.116,0.014,0.000,0.000,0,,0,,,,408667,290.11,0
310,731.310,"Mount",-0.262,0.161,-0.306,-0.030,-0.193,0.000,47,E,0,,,,405214,317.79,0
311,733.900,"Mount",-0.752,0.202,-0.765,0.148,-0.495,0.000,120,E,0,,,,402607,287.55,0
312,736.180,"Mount",-0.462,0.043,-0.434,0.164,-0.308,0.000,74,E,0,,,,384893,277.51,0
313,738.604,"Mount",0.236,-0.309,0.348,0.174,0.197,0.000,48,W,0,,,,412035,323.14,0
314,740.908,"Mount",-0.244,-0.155,-0.151,0.246,-0.082,0.246,20,E,52,S,,,402575,322.28,0
315,743.316,"Mount",0.094,-0.255,0.196,0.188,0.118,0.000,28,W,0,,,,431894,275.98,0
316,745.564,"Mount",0.254,-0.082,0.265,-0.038,0.175,0.000,42,W,0,,,,403392,302.86,0
317,747.996,"Mount",0.191,-0.105,0.218,0.010,0.149,0.000,36,W,0,,,,395182,320.44,0
318,750.284,"Mount",-0.294,0.133,-0.322,0.010,-0.192,0.000,46,E,0,,,,398725,317.24,0
319,752.708,"Mount",-0.215,0.144,-0.257,-0.035,-0.175,0.000,42,E,0,,,,404401,333.70,0
320,755.052,"Mount",-0.332,0.136,-0.358,0.023,-0.238,0.000,57,E,0,,,,387045,289.90,0
321,757.708,"Mount",-0.884,-0.112,-0.745,0.489,-0.486,0.489,117,E,103,S,,,417761,289.85,0
322,759.988,"Mount",-0.379,0.101,-0.385,0.076,-0.277,0.000,67,E,0,,,,403496,276.29,0
323,762.342,"Mount",0.187,0.099,0.125,-0.171,0.000,0.000,0,,0,,,,412699,306.37,0
324,764.538,"Mount",0.094,-0.020,0.093,-0.023,0.000,0.000,0,,0,,,,402582,274.86,0
325,767.013,"Mount",0.547,-0.006,0.494,-0.235,0.311,0.000,75,W,0,,,,418059,305.19,0
326,769.308,"Mount",0.496,-0.039,0.463,-0.183,0.313,0.000,76,W,0,,,,424712,313.68,0
327,771.658,"Mount",0.139,0.159,0.055,-0.204,0.000,0.000,0,,0,,,,414277,262.48,0
328,773.836,"Mount",0.067,0.009,0.056,-0.037,0.000,0.000,0,,0,,,,399467,255.30,0
329,776.163,"Mount",-0.071,0.125,-0.118,-0.081,0.000,0.000,0,,0,,,,392927,284.34,0
330,778.460,"Mount",-0.502,0.161,-0.522,0.076,-0.329,0.000,79,E,0,,,,407628,333.78,0
331,781.940,"Mount",0.158,0.146,0.078,-0.201,0.000,-0.201,0,,1102,N,,,412545,311.90,0
332,784.188,"Mount",-0.140,0.075,-0.159,-0.006,-0.100,0.000,24,E,0,,,,384730,278.61,0
333,786.684,"Mount",-0.743,0.239,-0.773,0.112,-0.494,0.000,119,E,0,,,,410647,295.83,0
334,788.973,"Mount",-0.440,0.035,-0.411,0.161,-0.293,0.000,71,E,0,,,,409356,300.06,0
335,791.412,"Mount",0.204,-0.115,0.234,0.014,0.127,0.000,31,W,0,,,,423799,318.92,0
336,793.644,"Mount",0.104,-0.099,0.137,0.043,0.095,0.000,23,W,0,,,,413431,317.44,0
337,796.076,"Mount",-0.223,0.002,-0.201,0.096,-0.120,0.000,29,E,0,,,,384359,294.75,0
338,798.254,"Mount",-0.010,-0.078,0.025,0.074,0.000,0.000,0,,0,,,,383770,303.47,0
339,800.593,"Mount",-0.120,0.022,-0.117,0.033,0.000,0.000,0,,0,,,,383211,281.32,0
340,802.754,"Mount",-0.142,-0.059,-0.102,0.115,0.000,0.000,0,,0,,,,355739,257.37,0
341,805.180,"Mount",-0.381,0.037,-0.359,0.134,-0.226,0.000,55,E,0,,,,391031,292.21,0
342,807.433,"Mount",0.024,-0.127,0.077,0.104,0.000,0.000,0,,0,,,,386816,302.31,0
343,809.860,"Mount",-0.239,0.090,-0.254,0.024,-0.160,0.000,39,E,0,,,,380917,302.34,0
344,812.108,"Mount",0.155,-0.224,0.238,0.133,0.138,0.000,33,W,0,,,,392247,309.81,0
345,814.464,"Mount",0.045,-0.088,0.079,0.059,0.000,0.000,0,,0,,,,384705,290.86,0
346,816.692,"Mount",0.051,-0.178,0.123,0.137,0.000,0.000,0,,0,,,,397668,307.23,0
347,819.074,"Mount",-0.136,-0.008,-0.119,0.067,0.000,0.000,0,,0,,,,413374,316.24,0
348,821.396,"Mount",-0.685,0.135,-0.675,0.180,-0.425,0.000,103,E,0,,,,434917,304.93,0
349,823.813,"Mount",0.073,-0.423,0.251,0.348,0.128,0.000,31,W,0,,,,443528,315.61,0
350,825.976,"Mount",-0.160,-0.340,0.006,0.376,0.000,0.000,0,,0,,,,437888,298.62,0
351,829.548,"Mount",0.049,-0.300,0.176,0.248,0.111,0.248,27,W,1112,S,,,412233,282.93,0
352,831.884,"Mount",0.649,-0.259,0.697,-0.053,0.447,0.000,108,W,0,,,,413405,281.86,0
353,835.636,"Mount",0.902,0.464,0.607,-0.813,0.414,-0.813,100,W,1231,N,,,421807,314.63,0
354,838.028,"Mount",-0.046,0.527,-0.272,-0.454,-0.143,-0.454,34,E,95,N,,,402582,286.43,0
355,840.580,"Mount",-0.258,0.443,-0.427,-0.284,-0.279,-0.284,67,E,60,N,,,426517,330.37,0
356,842.924,"Mount",-0.216,0.346,-0.346,-0.216,-0.238,-0.216,57,E,45,N,,,432939,317.49,0
357,845.436,"Mount",-0.108,0.296,-0.227,-0.219,-0.160,-0.219,39,E,46,N,,,421068,305.91,0
358,847.825,"Mount",0.125,0.234,0.009,-0.265,0.000,-0.265,0,,56,N,,,427230,328.84,0
359,850.276,"Mount",0.385,-0.184,0.427,-0.003,0.269,0.000,65,W,0,,,,407967,296.07,0
360,852.524,"Mount",0.204,0.018,0.175,-0.106,0.129,0.000,31,W,0,,,,403126,285.90,0
361,854.940,"Mount",0.394,-0.095,0.396,-0.088,0.258,0.000,62,W,0,,,,406840,309.81,0
362,857.252,"Mount",0.547,-0.339,0.640,0.065,0.421,0.000,102,W,0,,,,441662,337.71,0
363,859.701,"Mount",0.247,-0.114,0.272,-0.005,0.201,0.000,49,W,0,,,,412927,318.11,0
364,861.948,"Mount",0.250,-0.034,0.240,-0.079,0.165,0.000,40,W,0,,,,418911,313.93,0
365,864.289,"Mount",0.040,-0.042,0.054,0.020,0.000,0.000,0,,0,,,,424542,303.05,0
366,866.457,"Mount",0.148,0.058,0.107,-0.117,0.000,0.000,0,,0,,,,424883,317.78,0
367,868.860,"Mount",-0.168,0.069,-0.181,0.012,-0.114,0.000,28,E,0,,,,420239,318.95,0
368,871.100,"Mount",0.181,-0.058,0.188,-0.028,0.110,0.000,27,W,0,,,,429324,298.24,0
369,873.440,"Mount",0.181,0.082,0.127,-0.154,0.000,0.000,0,,0,,,,428380,298.70,0
370,875.684,"Mount",0.278,0.039,0.233,-0.157,0.147,0.000,35,W,0,,,,431018,308.96,0
371,878.092,"Mount",-0.200,0.026,-0.191,0.065,-0.110,0.000,27,E,0,,,,428115,327.34,0
372,880.340,"Mount",-0.096,0.137,-0.147,-0.081,-0.100,0.000,24,E,0,,,,432534,303.94,0
373,882.764,"Mount",0.349,-0.103,0.359,-0.061,0.219,0.000,53,W,0,,,,428597,323.50,0
374,884.943,"Mount",0.103,-0.012,0.098,-0.035,0.000,0.000,0,,0,,,,417777,308.75,0
375,887.348,"Mount",0.120,-0.160,0.178,0.091,0.112,0.000,27,W,0,,,,429746,353.61,0
376,889.644,"Mount",0.317,-0.137,0.345,-0.016,0.225,0.000,54,W,0,,,,415856,285.52,0
377,892.007,"Mount",-0.036,0.012,-0.038,0.005,0.000,0.000,0,,0,,,,428799,331.19,0
378,894.372,"Mount",-0.159,-0.012,-0.137,0.081,-0.087,0.000,21,E,0,,,,412972,295.31,0
379,896.721,"Mount",-0.004,-0.116,0.048,0.106,0.000,0.000,0,,0,,,,436006,306.45,0
380,898.894,"Mount",-0.036,-0.164,0.040,0.163,0.000,0.000,0,,0,,,,439319,311.63,0
381,901.300,"Mount",-0.178,-0.062,-0.133,0.133,-0.084,0.000,20,E,0,,,,401714,314.92,0
382,903.474,"Mount",-0.139,-0.048,-0.104,0.104,0.000,0.000,0,,0,,,,430988,329.67,0
383,905.884,"Mount",-0.267,-0.057,-0.215,0.168,-0.136,0.000,33,E,0,,,,418285,315.71,0
384,908.156,"Mount",-0.420,0.153,-0.444,0.047,-0.289,0.000,70,E,0,,,,445931,355.50,0
385,910.639,"Mount",-0.341,0.105,-0.353,0.055,-0.243,0.000,59,E,0,,,,404664,311.71,0
386,912.919,"Mount",-0.172,0.178,-0.233,-0.085,-0.164,0.000,40,E,0,,,,450607,344.86,0
387,915.315,"Mount",0.032,0.005,0.027,-0.018,0.000,0.000,0,,0,,,,439947,305.42,0
388,917.606,"Mount",0.404,-0.107,0.410,-0.081,0.258,0.000,62,W,0,,,,425345,284.85,0
389,920.038,"Mount",0.041,-0.280,0.160,0.233,0.119,0.000,29,W,0,,,,468424,339.33,0
INFO: SET LOCK POSITION, new lock pos = 1099.460, 475.237
INFO: DITHER by 1.018, 1.072, new lock pos = 1099.904, 473.827
INFO: SETTLING STATE CHANGE, Settling started
390,923.430,"Mount",-0.444,1.410,-1.018,-1.072,-1.018,-1.072,246,E,225,N,,,444261,331.39,0
391,925.972,"Mount",0.424,0.601,0.117,-0.726,0.000,-0.726,0,,152,N,,,427747,304.78,0
392,928.364,"Mount",0.044,0.574,-0.213,-0.535,-0.134,-0.535,32,E,112,N,,,440135,318.14,0
393,930.972,"Mount",-0.277,0.610,-0.517,-0.427,-0.335,-0.427,81,E,90,N,,,440167,330.15,0
394,933.284,"Mount",-0.243,0.262,-0.333,-0.129,-0.233,0.000,56,E,0,,,,452233,340.21,0
395,935.773,"Mount",-0.677,0.295,-0.738,0.032,-0.481,0.000,116,E,0,,,,436731,312.63,0
INFO: SETTLING STATE CHANGE, Settling complete
396,938.060,"Mount",-0.347,0.320,-0.452,-0.135,-0.318,0.000,77,E,0,,,,462032,367.95,0
397,940.519,"Mount",0.014,0.131,-0.045,-0.123,0.000,0.000,0,,0,,,,439674,313.97,0
398,942.756,"Mount",-0.285,0.090,-0.295,0.044,-0.186,0.000,45,E,0,,,,453200,324.08,0
399,945.236,"Mount",0.469,-0.033,0.436,-0.176,0.262,0.000,63,W,0,,,,457432,343.91,0
400,947.532,"Mount",0.537,-0.103,0.528,-0.143,0.351,0.000,85,W,0,,,,455280,329.23,0
401,949.972,"Mount",-0.279,0.267,-0.367,-0.117,-0.207,0.000,50,E,0,,,,430092,307.60,0
402,952.244,"Mount",-0.310,0.166,-0.351,-0.013,-0.235,0.000,57,E,0,,,,435639,307.74,0
403,954.692,"Mount",-0.088,0.219,-0.175,-0.158,-0.127,0.000,31,E,0,,,,437014,297.32,0
404,956.864,"Mount",0.016,0.007,0.011,-0.013,0.000,0.000,0,,0,,,,443818,342.53,0
405,959.226,"Mount",0.030,0.081,-0.008,-0.086,0.000,0.000,0,,0,,,,440444,310.97,0
406,961.428,"Mount",0.064,0.070,0.027,-0.091,0.000,0.000,0,,0,,,,418940,320.39,0
407,963.774,"Mount",0.014,0.073,-0.020,-0.072,0.000,0.000,0,,0,,,,430335,314.08,0
408,965.929,"Mount",0.126,0.153,0.046,-0.193,0.000,0.000,0,,0,,,,448944,305.86,0
409,968.356,"Mount",-0.133,0.156,-0.188,-0.082,-0.118,0.000,29,E,0,,,,438141,333.39,0
410,970.545,"Mount",0.010,0.073,-0.023,-0.070,0.000,0.000,0,,0,,,,421401,275.32,0
411,972.972,"Mount",-0.252,0.234,-0.329,-0.099,-0.207,0.000,50,E,0,,,,438439,329.13,0
412,975.244,"Mount",-0.093,0.150,-0.149,-0.094,-0.109,0.000,26,E,0,,,,442668,322.78,0
413,977.660,"Mount",0.246,0.040,0.203,-0.144,0.120,0.000,29,W,0,,,,431408,302.51,0
414,979.853,"Mount",0.069,0.037,0.046,-0.063,0.000,0.000,0,,0,,,,464906,310.97,0
415,982.203,"Mount",-0.100,-0.151,-0.024,0.180,0.000,0.000,0,,0,,,,483852,348.16,0
416,984.452,"Mount",-0.323,-0.067,-0.261,0.201,-0.164,0.000,40,E,0,,,,480914,340.71,0
417,986.868,"Mount",-0.221,0.044,-0.217,0.058,-0.148,0.000,36,E,0,,,,455140,338.63,0
418,989.039,"Mount",0.056,-0.008,0.054,-0.018,0.000,0.000,0,,0,,,,440761,326.52,0
419,991.468,"Mount",-0.202,0.098,-0.224,0.000,-0.141,0.000,34,E,0,,,,433685,306.06,0
420,993.680,"Mount",0.053,-0.025,0.058,-0.001,0.000,0.000,0,,0,,,,433942,347.24,0
421,996.172,"Mount",-0.458,0.273,-0.531,-0.045,-0.335,0.000,81,E,0,,,,439150,315.63,0
422,998.428,"Mount",-0.238,0.131,-0.272,-0.013,-0.195,0.000,47,E,0,,,,457931,373.44,0
423,1000.776,"Mount",0.047,-0.065,0.070,0.038,0.000,0.000,0,,0,,,,429447,340.52,0
424,1003.004,"Mount",0.130,-0.050,0.139,-0.012,0.088,0.000,21,W,0,,,,474158,298.67,0
425,1005.436,"Mount",0.313,-0.070,0.312,-0.074,0.202,0.000,49,W,0,,,,443676,324.83,0
426,1007.780,"Mount",0.435,0.013,0.385,-0.203,0.257,-0.203,62,W,43,N,,,441014,344.78,0
427,1010.188,"Mount",-0.201,0.066,-0.209,0.029,-0.114,0.000,28,E,0,,,,441861,317.07,0
428,1012.374,"Mount",-0.118,-0.059,-0.080,0.105,0.000,0.000,0,,0,,,,438515,301.39,0
429,1014.836,"Mount",-0.291,0.075,-0.294,0.060,-0.185,0.000,45,E,0,,,,432591,304.35,0
430,1017.025,"Mount",-0.165,-0.064,-0.120,0.130,0.000,0.000,0,,0,,,,464746,325.19,0
431,1019.452,"Mount",-0.309,-0.090,-0.238,0.217,-0.150,0.000,36,E,0,,,,458268,323.15,0
432,1021.733,"Mount",-0.291,0.147,-0.326,-0.004,-0.216,0.000,52,E,0,,,,450172,294.16,0
433,1024.122,"Mount",-0.086,0.025,-0.088,0.015,0.000,0.000,0,,0,,,,462250,334.01,0
434,1026.396,"Mount",0.227,-0.014,0.210,-0.087,0.132,0.000,32,W,0,,,,459052,323.98,0
435,1028.796,"Mount",-0.206,0.069,-0.215,0.028,-0.126,0.000,31,E,0,,,,460258,302.35,0
436,1031.092,"Mount",-0.555,-0.075,-0.466,0.311,-0.302,0.000,73,E,0,,,,465323,315.96,0
437,1033.516,"Mount",-0.256,0.161,-0.300,-0.033,-0.210,0.000,51,E,0,,,,472761,339.44,0
438,1035.788,"Mount",-0.372,0.031,-0.348,0.135,-0.234,0.000,56,E,0,,,,471155,333.40,0
439,1039.430,"Mount",-0.249,-0.154,-0.156,0.248,-0.114,0.248,28,E,1141,S,,,447956,286.41,0
440,1041.732,"Mount",0.369,-0.311,0.468,0.117,0.287,0.000,69,W,0,,,,455293,323.00,0
441,1044.113,"Mount",0.076,0.047,0.048,-0.076,0.000,0.000,0,,0,,,,438669,343.89,0
442,1046.281,"Mount",0.111,0.043,0.081,-0.088,0.000,0.000,0,,0,,,,450310,285.03,0
443,1048.724,"Mount",0.250,-0.093,0.266,-0.027,0.167,0.000,40,W,0,,,,461043,347.79,0
444,1051.052,"Mount",-0.679,0.440,-0.804,-0.097,-0.495,0.000,119,E,0,,,,447676,367.36,0
445,1053.500,"Mount",-0.430,0.030,-0.400,0.162,-0.287,0.000,69,E,0,,,,450625,325.10,0
446,1055.764,"Mount",-0.328,0.071,-0.325,0.080,-0.225,0.000,54,E,0,,,,452422,300.03,0
447,1058.292,"Mount",-0.413,-0.075,-0.338,0.249,-0.229,0.249,55,E,52,S,,,448723,316.14,0
448,1060.487,"Mount",-0.077,0.039,-0.086,-0.001,0.000,0.000,0,,0,,,,455657,350.16,0
449,1062.900,"Mount",0.289,-0.182,0.339,0.036,0.214,0.000,52,W,0,,,,460974,325.90,0
450,1065.184,"Mount",0.278,-0.099,0.293,-0.033,0.200,0.000,48,W,0,,,,430484,307.91,0
451,1067.630,"Mount",0.274,-0.199,0.334,0.059,0.224,0.000,54,W,0,,,,453710,318.58,0
452,1069.812,"Mount",0.049,-0.002,0.045,-0.020,0.000,0.000,0,,0,,,,442319,310.87,0
453,1072.151,"Mount",0.109,-0.024,0.108,-0.026,0.000,0.000,0,,0,,,,434569,308.55,0
454,1074.396,"Mount",0.265,0.002,0.237,-0.118,0.149,0.000,36,W,0,,,,428492,307.93,0
455,1076.743,"Mount",-0.019,-0.039,0.001,0.044,0.000,0.000,0,,0,,,,442160,312.75,0
456,1079.004,"Mount",-0.235,0.147,-0.276,-0.029,-0.174,0.000,42,E,0,,,,457953,322.56,0
457,1081.460,"Mount",-0.281,-0.064,-0.224,0.181,-0.153,0.000,37,E,0,,,,450208,307.58,0
458,1083.708,"Mount",-0.290,-0.048,-0.239,0.171,-0.161,0.000,39,E,0,,,,449354,308.31,0
459,1086.236,"Mount",-0.283,0.007,-0.258,0.118,-0.174,0.000,42,E,0,,,,458561,332.61,0
460,1088.532,"Mount",0.393,-0.194,0.438,0.002,0.264,0.000,64,W,0,,,,447693,327.75,0
461,1090.876,"Mount",-0.028,-0.098,0.018,0.100,0.000,0.000,0,,0,,,,448266,305.94,0
462,1093.110,"Mount",-0.199,0.021,-0.187,0.069,-0.118,0.000,29,E,0,,,,421521,297.72,0
463,1095.532,"Mount",-0.374,0.078,-0.370,0.095,-0.242,0.000,58,E,0,,,,461360,333.82,0
464,1097.900,"Mount",-0.470,-0.004,-0.421,0.209,-0.282,0.209,68,E,44,S,,,450439,328.22,0
465,1100.246,"Mount",-0.088,-0.056,-0.055,0.089,0.000,0.000,0,,0,,,,447134,335.44,0
466,1102.500,"Mount",-0.259,-0.018,-0.225,0.130,-0.142,0.000,34,E,0,,,,449295,380.83,0
467,1104.908,"Mount",0.147,-0.155,0.200,0.074,0.116,0.000,28,W,0,,,,430977,304.58,0
468,1107.196,"Mount",0.112,-0.199,0.188,0.130,0.127,0.000,31,W,0,,,,428578,306.04,0
469,1109.612,"Mount",-0.215,-0.055,-0.169,0.144,-0.097,0.000,24,E,0,,,,460401,331.48,0
470,1111.868,"Mount",0.086,-0.212,0.170,0.153,0.100,0.000,24,W,0,,,,430708,334.55,0
471,1114.222,"Mount",0.028,-0.066,0.055,0.047,0.000,0.000,0,,0,,,,443976,299.23,0
472,1116.468,"Mount",-0.022,-0.257,0.093,0.240,0.000,0.240,0,,50,S,,,433448,305.48,0
473,1119.060,"Mount",-0.736,-0.058,-0.636,0.375,-0.401,0.375,97,E,79,S,,,473653,299.71,0
474,1121.356,"Mount",-0.209,-0.278,-0.066,0.341,0.000,0.341,0,,72,S,,,452239,322.44,0
475,1123.740,"Mount",-0.155,0.020,-0.148,0.050,-0.093,0.000,23,E,0,,,,452705,296.34,0
476,1125.988,"Mount",0.111,-0.135,0.159,0.072,0.094,0.000,23,W,0,,,,433100,326.31,0
477,1128.336,"Mount",0.041,-0.040,0.054,0.018,0.000,0.000,0,,0,,,,455023,327.14,0
478,1130.620,"Mount",0.418,-0.133,0.434,-0.064,0.273,0.000,66,W,0,,,,451709,309.28,0
479,1133.084,"Mount",0.352,-0.291,0.443,0.107,0.299,0.000,72,W,0,,,,442605,336.83,0
480,1135.272,"Mount",0.090,-0.077,0.115,0.030,0.000,0.000,0,,0,,,,471889,329.29,0
481,1137.814,"Mount",-0.337,0.210,-0.395,-0.041,-0.249,0.000,60,E,0,,,,439496,310.68,0
482,1140.028,"Mount",-0.098,-0.074,-0.055,0.110,0.000,0.000,0,,0,,,,439680,339.08,0
483,1142.543,"Mount",-0.919,0.245,-0.933,0.183,-0.588,0.000,142,E,0,,,,444692,292.60,0
484,1144.829,"Mount",0.305,-0.072,0.306,-0.070,0.151,0.000,37,W,0,,,,480384,373.69,0
485,1147.247,"Mount",-0.184,-0.141,-0.104,0.207,0.000,0.207,0,,44,S,,,447203,315.63,0
486,1149.508,"Mount",0.230,-0.075,0.240,-0.034,0.151,0.000,36,W,0,,,,425904,314.75,0
487,1151.877,"Mount",-0.048,0.064,-0.071,-0.037,0.000,0.000,0,,0,,,,447911,300.24,0
488,1154.164,"Mount",0.440,-0.301,0.527,0.077,0.332,0.000,80,W,0,,,,469890,322.60,0
489,1156.629,"Mount",0.593,-0.159,0.603,-0.118,0.403,0.000,97,W,0,,,,454340,326.16,0
490,1158.876,"Mount",0.231,-0.054,0.231,-0.053,0.174,0.000,42,W,0,,,,437888,291.61,0
491,1161.242,"Mount",0.079,-0.083,0.108,0.040,0.000,0.000,0,,0,,,,442343,295.13,0
492,1163.484,"Mount",-0.232,0.014,-0.215,0.090,-0.135,0.000,33,E,0,,,,447743,359.44,0
493,1165.831,"Mount",0.042,0.020,0.029,-0.037,0.000,0.000,0,,0,,,,423768,296.07,0
494,1168.013,"Mount",-0.066,-0.014,-0.053,0.042,0.000,0.000,0,,0,,,,441045,289.47,0
495,1170.358,"Mount",-0.013,-0.109,0.036,0.103,0.000,0.000,0,,0,,,,441741,330.55,0
496,1172.545,"Mount",0.086,-0.003,0.079,-0.035,0.000,0.000,0,,0,,,,451301,351.07,0
497,1175.052,"Mount",0.444,-0.223,0.497,0.006,0.313,0.000,76,W,0,,,,471093,344.10,0
498,1177.300,"Mount",0.150,-0.155,0.203,0.074,0.150,0.000,36,W,0,,,,461967,355.20,0
499,1179.656,"Mount",0.054,-0.067,0.078,0.036,0.000,0.000,0,,0,,,,455514,335.61,0
500,1181.857,"Mount",-0.147,-0.057,-0.107,0.115,0.000,0.000,0,,0,,,,445298,304.10,0
501,1184.293,"Mount",-0.402,0.040,-0.378,0.141,-0.238,0.000,58,E,0,,,,451063,332.11,0
502,1186.516,"Mount",-0.072,-0.073,-0.033,0.097,0.000,0.000,0,,0,,,,434387,328.45,0
503,1188.972,"Mount",0.360,-0.229,0.424,0.048,0.267,0.000,64,W,0,,,,459001,325.10,0
504,1191.268,"Mount",-0.226,-0.098,-0.161,0.187,-0.083,0.000,20,E,0,,,,472238,303.65,0
505,1193.668,"Mount",0.164,-0.054,0.171,-0.024,0.102,0.000,25,W,0,,,,441719,315.53,0
506,1195.866,"Mount",-0.125,-0.067,-0.083,0.115,0.000,0.000,0,,0,,,,454072,328.09,0
507,1198.214,"Mount",-0.004,0.007,-0.007,-0.004,0.000,0.000,0,,0,,,,457945,319.79,0
508,1200.446,"Mount",-0.125,-0.131,-0.055,0.172,0.000,0.000,0,,0,,,,443849,331.87,0
509,1202.950,"Mount",-0.386,-0.108,-0.299,0.266,-0.189,0.266,46,E,56,S,,,447934,323.48,0
510,1205.237,"Mount",-0.452,0.058,-0.431,0.146,-0.285,0.000,69,E,0,,,,447829,325.96,0
511,1207.733,"Mount",-0.208,-0.122,-0.133,0.201,-0.104,0.201,25,E,42,S,,,456006,329.96,0
512,1210.197,"Mount",-0.947,0.076,-0.885,0.348,-0.565,0.348,136,E,73,S,,,462103,339.85,0
513,1212.669,"Mount",0.594,-0.278,0.655,-0.011,0.373,0.000,90,W,0,,,,443786,319.37,0
514,1215.012,"Mount",-0.254,-0.171,-0.153,0.265,-0.070,0.265,17,E,56,S,,,467168,327.70,0
515,1217.493,"Mount",0.661,-0.033,0.608,-0.260,0.378,0.000,91,W,0,,,,447493,322.59,0
516,1219.796,"Mount",0.455,0.001,0.408,-0.201,0.283,0.000,68,W,0,,,,460044,338.02,0
517,1222.204,"Mount",0.119,-0.055,0.131,-0.002,0.102,0.000,25,W,0,,,,447186,307.58,0
518,1224.476,"Mount",-0.254,0.123,-0.282,0.001,-0.171,0.000,41,E,0,,,,453588,326.82,0
519,1227.020,"Mount",-1.033,0.505,-1.150,-0.001,-0.737,0.000,178,E,0,,,,478844,341.79,0
520,1229.348,"Mount",-0.434,0.362,-0.549,-0.135,-0.397,0.000,96,E,0,,,,449472,335.28,0
521,1231.829,"Mount",0.592,-0.176,0.609,-0.102,0.356,0.000,86,W,0,,,,473137,347.00,0
522,1234.068,"Mount",0.140,-0.050,0.148,-0.017,0.118,0.000,29,W,0,,,,439776,278.69,0
523,1236.492,"Mount",-0.355,0.073,-0.351,0.090,-0.213,0.000,51,E,0,,,,443371,318.12,0
524,1238.673,"Mount",-0.132,-0.055,-0.095,0.107,0.000,0.000,0,,0,,,,452139,342.14,0
525,1241.084,"Mount",-0.258,0.032,-0.246,0.085,-0.155,0.000,37,E,0,,,,458351,336.31,0
526,1243.266,"Mount",-0.056,-0.068,-0.021,0.086,0.000,0.000,0,,0,,,,450297,316.40,0
527,1245.701,"Mount",-0.388,0.223,-0.446,-0.030,-0.281,0.000,68,E,0,,,,450104,339.28,0
528,1248.004,"Mount",-0.395,0.212,-0.448,-0.017,-0.302,0.000,73,E,0,,,,433179,305.17,0
529,1250.516,"Mount",-0.333,-0.135,-0.240,0.267,-0.172,0.267,42,E,56,S,,,440971,339.52,0
530,1252.704,"Mount",0.011,-0.034,0.025,0.025,0.000,0.000,0,,0,,,,465545,341.78,0
531,1255.044,"Mount",-0.004,0.007,-0.007,-0.004,0.000,0.000,0,,0,,,,450576,324.75,0
532,1257.230,"Mount",0.003,0.113,-0.047,-0.103,0.000,0.000,0,,0,,,,431850,303.28,0
533,1259.788,"Mount",-0.660,0.028,-0.605,0.264,-0.381,0.264,92,E,56,S,,,460643,345.69,0
534,1261.989,"Mount",-0.027,-0.139,0.037,0.136,0.000,0.000,0,,0,,,,462916,352.90,0
535,1264.330,"Mount",-0.077,0.090,-0.109,-0.047,0.000,0.000,0,,0,,,,456642,330.53,0
536,1266.509,"Mount",0.102,0.016,0.085,-0.059,0.000,0.000,0,,0,,,,457688,322.20,0
537,1268.918,"Mount",-0.261,0.106,-0.281,0.019,-0.177,0.000,43,E,0,,,,457119,362.93,0
538,1271.208,"Mount",-0.406,0.157,-0.434,0.037,-0.286,0.000,69,E,0,,,,457560,316.32,0
539,1273.676,"Mount",-0.554,0.139,-0.559,0.118,-0.372,0.000,90,E,0,,,,459549,312.15,0
540,1276.044,"Mount",-0.633,0.098,-0.612,0.190,-0.412,0.000,99,E,0,,,,455579,372.53,0
541,1278.452,"Mount",0.224,-0.062,0.229,-0.043,0.115,0.000,28,W,0,,,,464089,324.19,0
542,1280.635,"Mount",-0.145,-0.116,-0.080,0.168,0.000,0.000,0,,0,,,,463769,315.19,0
543,1283.140,"Mount",0.356,0.006,0.317,-0.162,0.200,0.000,48,W,0,,,,466797,343.76,0
544,1285.484,"Mount",0.865,-0.224,0.875,-0.178,0.565,0.000,137,W,0,,,,465450,343.03,0
545,1287.996,"Mount",-0.440,-0.077,-0.361,0.262,-0.188,0.262,45,E,55,S,,,461852,335.76,0
546,1290.276,"Mount",-0.157,0.056,-0.166,0.019,-0.118,0.000,28,E,0,,,,447806,337.69,0
547,1292.740,"Mount",-0.443,0.128,-0.454,0.080,-0.295,0.000,71,E,0,,,,448789,297.99,0
548,1295.004,"Mount",0.202,-0.042,0.200,-0.051,0.105,0.000,25,W,0,,,,436272,344.67,0
549,1297.445,"Mount",0.224,-0.087,0.240,-0.020,0.159,0.000,38,W,0,,,,465973,301.01,0
550,1299.628,"Mount",0.059,-0.053,0.076,0.022,0.000,0.000,0,,0,,,,452440,333.43,0
551,1302.013,"Mount",-0.065,-0.189,0.025,0.199,0.000,0.000,0,,0,,,,447580,335.27,0
552,1304.268,"Mount",0.176,-0.144,0.221,0.052,0.139,0.000,34,W,0,,,,446057,333.39,0
553,1306.756,"Mount",0.703,-0.187,0.714,-0.140,0.459,0.000,111,W,0,,,,454912,349.73,0
554,1309.012,"Mount",0.203,-0.085,0.219,-0.013,0.170,0.000,41,W,0,,,,448526,323.88,0
555,1311.444,"Mount",-0.295,0.064,-0.293,0.072,-0.173,0.000,42,E,0,,,,465932,332.39,0
556,1313.701,"Mount",-0.300,-0.007,-0.267,0.138,-0.180,0.000,44,E,0,,,,467111,331.42,0
557,1316.220,"Mount",-0.404,-0.057,-0.338,0.229,-0.226,0.229,55,E,48,S,,,447902,323.93,0
558,1318.476,"Mount",-0.048,-0.209,0.048,0.209,0.000,0.209,0,,44,S,,,458402,324.47,0
559,1320.818,"Mount",-0.016,-0.154,0.053,0.146,0.000,0.000,0,,0,,,,460691,327.82,0
560,1323.092,"Mount",0.096,-0.170,0.161,0.111,0.102,0.000,25,W,0,,,,487117,325.51,0
561,1325.581,"Mount",0.665,-0.063,0.625,-0.235,0.401,0.000,97,W,0,,,,452659,323.27,0
562,1327.768,"Mount",0.065,0.045,0.039,-0.069,0.000,0.000,0,,0,,,,452417,319.49,0
563,1330.109,"Mount",0.103,-0.020,0.101,-0.027,0.000,0.000,0,,0,,,,449606,347.62,0
564,1332.340,"Mount",-0.214,-0.017,-0.185,0.109,-0.117,0.000,28,E,0,,,,439062,326.42,0
565,1334.718,"Mount",-0.073,-0.011,-0.061,0.041,0.000,0.000,0,,0,,,,442492,312.84,0
566,1336.988,"Mount",-0.431,0.082,-0.423,0.115,-0.266,0.000,64,E,0,,,,436481,314.06,0
567,1339.344,"Mount",0.018,-0.117,0.067,0.097,0.000,0.000,0,,0,,,,452022,354.16,0
568,1341.509,"Mount",0.050,-0.123,0.099,0.088,0.000,0.000,0,,0,,,,449463,300.15,0
569,1343.871,"Mount",0.033,-0.139,0.091,0.111,0.000,0.000,0,,0,,,,453238,345.69,0
570,1346.172,"Mount",0.014,-0.295,0.142,0.259,0.090,0.259,22,W,54,S,,,453200,305.43,0
571,1348.660,"Mount",0.665,-0.250,0.707,-0.067,0.452,0.000,109,W,0,,,,435852,338.33,0
572,1350.972,"Mount",0.594,-0.239,0.638,-0.046,0.434,0.000,105,W,0,,,,462523,314.77,0
573,1353.389,"Mount",-0.221,0.184,-0.279,-0.069,-0.145,0.000,35,E,0,,,,450956,318.54,0
574,1355.720,"Mount",-0.415,0.072,-0.404,0.118,-0.265,0.000,64,E,0,,,,474985,308.90,0
575,1358.140,"Mount",-0.082,0.151,-0.140,-0.100,-0.107,0.000,26,E,0,,,,426488,298.46,0
576,1360.380,"Mount",-0.223,-0.074,-0.168,0.164,-0.113,0.000,27,E,0,,,,445485,306.14,0
577,1362.924,"Mount",-0.421,-0.179,-0.300,0.346,-0.197,0.346,48,E,73,S,,,440470,344.05,0
578,1365.236,"Mount",0.353,-0.223,0.415,0.045,0.248,0.000,60,W,0,,,,449721,312.55,0
579,1367.579,"Mount",-0.009,-0.036,0.008,0.037,0.000,0.000,0,,0,,,,454030,311.47,0
580,1369.956,"Mount",0.924,-0.402,1.007,-0.044,0.634,0.000,153,W,0,,,,440231,306.23,0
581,1372.396,"Mount",0.238,-0.178,0.292,0.056,0.228,0.000,55,W,0,,,,467034,346.95,0
582,1374.584,"Mount",-0.033,0.015,-0.036,0.001,0.000,0.000,0,,0,,,,434954,277.60,0
583,1376.916,"Mount",0.100,-0.063,0.118,0.012,0.000,0.000,0,,0,,,,450984,356.12,0
584,1379.181,"Mount",0.313,-0.061,0.308,-0.083,0.194,0.000,47,W,0,,,,446148,359.97,0
585,1381.555,"Mount",0.000,0.139,-0.061,-0.125,0.000,0.000,0,,0,,,,433676,338.95,0
586,1383.796,"Mount",-0.059,0.185,-0.134,-0.140,-0.084,0.000,20,E,0,,,,435389,310.06,0
587,1386.244,"Mount",-0.308,0.044,-0.296,0.095,-0.192,0.000,46,E,0,,,,466561,303.71,0
588,1388.433,"Mount",-0.116,0.040,-0.121,0.015,0.000,0.000,0,,0,,,,442174,296.38,0
589,1390.860,"Mount",-0.364,0.145,-0.391,0.029,-0.246,0.000,59,E,0,,,,446317,304.90,0
590,1393.245,"Mount",0.281,-0.267,0.369,0.117,0.215,0.000,52,W,0,,,,456635,314.57,0
591,1395.632,"Mount",0.049,-0.018,0.052,-0.005,0.000,0.000,0,,0,,,,454630,357.74,0
592,1397.882,"Mount",-0.037,0.141,-0.095,-0.110,0.000,0.000,0,,0,,,,457368,330.39,0
593,1400.281,"Mount",-0.068,0.077,-0.095,-0.039,0.000,0.000,0,,0,,,,448231,306.34,0
594,1402.662,"Mount",-0.255,0.013,-0.235,0.100,-0.148,0.000,36,E,0,,,,466487,323.54,0
595,1405.004,"Mount",-0.116,-0.003,-0.103,0.054,0.000,0.000,0,,0,,,,472651,331.12,0
596,1407.308,"Mount",0.290,-0.305,0.394,0.146,0.248,0.000,60,W,0,,,,447391,344.76,0
597,1409.650,"Mount",-0.081,-0.054,-0.049,0.084,0.000,0.000,0,,0,,,,451843,340.15,0
598,1411.925,"Mount",0.207,-0.088,0.225,-0.012,0.141,0.000,34,W,0,,,,450931,325.08,0
599,1414.264,"Mount",-0.022,0.080,-0.055,-0.062,0.000,0.000,0,,0,,,,436864,325.08,0
600,1416.501,"Mount",0.128,-0.081,0.150,0.017,0.095,0.000,23,W,0,,,,436045,325.76,0
601,1418.943,"Mount",-0.405,0.162,-0.435,0.032,-0.267,0.000,65,E,0,,,,464544,319.02,0
602,1421.188,"Mount",-0.195,0.023,-0.186,0.065,-0.136,0.000,33,E,0,,,,439864,319.53,0
603,1423.692,"Mount",-0.427,-0.033,-0.369,0.217,-0.242,0.217,58,E,46,S,,,456039,336.35,0
604,1425.881,"Mount",-0.072,0.014,-0.071,0.019,0.000,0.000,0,,0,,,,474231,336.30,0
605,1428.500,"Mount",0.523,-0.162,0.541,-0.083,0.341,0.000,82,W,0,,,,446820,345.89,0
606,1430.804,"Mount",0.486,-0.120,0.490,-0.105,0.332,0.000,80,W,0,,,,459501,316.69,0
607,1433.236,"Mount",0.239,-0.073,0.247,-0.040,0.179,0.000,43,W,0,,,,450920,321.86,0
608,1435.524,"Mount",-0.529,0.144,-0.539,0.102,-0.327,0.000,79,E,0,,,,446946,300.04,0
609,1437.890,"Mount",-0.004,0.089,-0.042,-0.078,0.000,0.000,0,,0,,,,484442,328.05,0
610,1440.212,"Mount",0.418,-0.117,0.427,-0.079,0.269,0.000,65,W,0,,,,467834,307.73,0
611,1442.644,"Mount",-0.313,0.192,-0.365,-0.035,-0.211,0.000,51,E,0,,,,460658,319.61,0
612,1444.996,"Mount",-0.270,-0.196,-0.156,0.294,-0.113,0.294,27,E,62,S,,,474373,311.24,0
613,1447.412,"Mount",0.191,-0.035,0.187,-0.052,0.110,0.000,26,W,0,,,,432837,314.97,0
614,1449.676,"Mount",0.405,0.297,0.234,-0.445,0.155,0.000,37,W,0,,,,452314,338.94,0
615,1452.148,"Mount",0.429,0.180,0.307,-0.350,0.204,0.000,49,W,0,,,,469233,325.09,0
616,1454.452,"Mount",0.474,0.072,0.394,-0.273,0.262,0.000,63,W,0,,,,436673,349.67,0
617,1458.020,"Mount",-0.059,0.277,-0.174,-0.223,-0.091,-0.223,22,E,1136,N,,,443362,300.98,0
618,1460.364,"Mount",-0.721,0.333,-0.794,0.017,-0.507,0.000,122,E,0,,,,454239,307.15,0
619,1462.718,"Mount",0.045,-0.170,0.115,0.133,0.000,0.000,0,,0,,,,432000,289.10,0
620,1464.988,"Mount",0.341,-0.153,0.373,-0.012,0.235,0.000,57,W,0,,,,452146,337.46,0
621,1467.412,"Mount",0.223,0.041,0.182,-0.135,0.131,0.000,32,W,0,,,,430742,304.11,0
622,1469.607,"Mount",0.068,-0.026,0.073,-0.007,0.000,0.000,0,,0,,,,429605,307.50,0
623,1472.044,"Mount",0.336,-0.181,0.382,0.015,0.240,0.000,58,W,0,,,,432962,320.43,0
624,1474.214,"Mount",0.032,-0.030,0.042,0.013,0.000,0.000,0,,0,,,,437997,325.11,0
625,1476.556,"Mount",-0.079,0.068,-0.101,-0.026,0.000,0.000,0,,0,,,,414656,300.70,0
626,1478.821,"Mount",0.381,-0.178,0.420,-0.007,0.265,0.000,64,W,0,,,,445198,328.02,0
627,1481.176,"Mount",-0.113,-0.010,-0.097,0.059,0.000,0.000,0,,0,,,,433746,319.58,0
628,1483.347,"Mount",-0.050,0.033,-0.060,-0.007,0.000,0.000,0,,0,,,,424871,321.54,0
629,1485.748,"Mount",-0.245,0.079,-0.255,0.036,-0.161,0.000,39,E,0,,,,428891,290.16,0
630,1488.013,"Mount",0.383,-0.063,0.372,-0.112,0.223,0.000,54,W,0,,,,443891,311.05,0
631,1490.351,"Mount",-0.026,0.118,-0.075,-0.095,0.000,0.000,0,,0,,,,417979,294.41,0
632,1492.612,"Mount",-0.271,-0.020,-0.235,0.136,-0.148,0.000,36,E,0,,,,421541,298.66,0
633,1494.960,"Mount",0.009,0.022,-0.001,-0.024,0.000,0.000,0,,0,,,,421179,318.55,0
634,1497.212,"Mount",-0.181,0.027,-0.174,0.055,-0.110,0.000,27,E,0,,,,430445,305.01,0
635,1499.565,"Mount",-0.077,-0.132,-0.011,0.152,0.000,0.000,0,,0,,,,427434,293.00,0
636,1501.765,"Mount",0.125,0.014,0.106,-0.067,0.000,0.000,0,,0,,,,415601,295.88,0
637,1504.108,"Mount",0.006,0.147,-0.059,-0.134,0.000,0.000,0,,0,,,,435190,372.63,0
638,1506.364,"Mount",-0.426,0.067,-0.412,0.126,-0.260,0.000,63,E,0,,,,437031,313.36,0
639,1508.805,"Mount",-0.409,0.327,-0.511,-0.114,-0.340,0.000,82,E,0,,,,427215,335.50,0
640,1511.060,"Mount",-0.193,-0.068,-0.144,0.146,-0.114,0.000,28,E,0,,,,434022,320.42,0
641,1513.407,"Mount",-0.107,0.057,-0.121,-0.004,0.000,0.000,0,,0,,,,451038,309.63,0
642,1515.668,"Mount",0.326,-0.177,0.370,0.016,0.233,0.000,56,W,0,,,,425544,335.41,0
643,1518.061,"Mount",0.069,0.043,0.043,-0.069,0.000,0.000,0,,0,,,,433279,296.60,0
644,1520.248,"Mount",-0.089,-0.165,-0.008,0.188,0.000,0.000,0,,0,,,,452920,303.57,0
645,1522.684,"Mount",0.219,-0.266,0.314,0.143,0.198,0.000,48,W,0,,,,447297,330.38,0
646,1524.956,"Mount",-0.590,0.009,-0.534,0.251,-0.323,0.000,78,E,0,,,,455635,324.70,0
647,1527.373,"Mount",-0.343,-0.225,-0.209,0.353,-0.154,0.000,37,E,0,,,,465193,311.21,0
648,1529.620,"Mount",-0.186,0.085,-0.204,0.005,-0.139,0.000,34,E,0,,,,435470,330.50,0
649,1532.038,"Mount",-0.256,0.012,-0.235,0.102,-0.158,0.000,38,E,0,,,,444871,322.81,0
650,1534.253,"Mount",0.098,-0.055,0.112,0.006,0.000,0.000,0,,0,,,,464625,347.84,0
651,1536.700,"Mount",-0.232,0.090,-0.248,0.021,-0.156,0.000,38,E,0,,,,456836,302.18,0
652,1538.976,"Mount",0.202,-0.239,0.286,0.126,0.169,0.000,41,W,0,,,,447760,342.57,0
653,1541.421,"Mount",-0.257,-0.084,-0.194,0.188,-0.110,0.000,27,E,0,,,,456094,316.26,0
654,1543.669,"Mount",0.101,-0.119,0.143,0.062,0.082,0.000,20,W,0,,,,455376,307.92,0
INFO: SET LOCK POSITION, new lock pos = 1099.904, 473.827
INFO: DITHER by -3.338, 1.630, new lock pos = 1096.190, 473.827
INFO: SETTLING STATE CHANGE, Settling started
655,1547.547,"Mount",3.715,0.000,3.338,-1.630,3.338,-1.630,806,W,342,N,,,440346,313.27,0
656,1550.228,"Mount",1.406,0.804,0.910,-1.339,0.574,-1.339,139,W,281,N,,,435054,329.48,0
657,1553.093,"Mount",-2.770,1.480,-3.138,-0.114,-1.937,0.000,468,E,0,,,,441092,312.54,0
658,1555.748,"Mount",-1.482,1.163,-1.842,-0.395,-1.296,-0.395,313,E,83,N,,,451482,318.29,0
659,1558.308,"Mount",0.539,0.333,0.338,-0.536,0.122,-0.536,30,W,112,N,,,429648,300.95,0
660,1560.788,"Mount",0.788,0.290,0.581,-0.606,0.375,-0.606,91,W,127,N,,,432340,301.43,0
661,1563.405,"Mount",0.281,0.205,0.162,-0.307,0.128,-0.307,31,W,64,N,,,454238,358.32,0
662,1565.644,"Mount",0.289,0.021,0.251,-0.145,0.167,0.000,40,W,0,,,,454163,362.71,0
663,1568.084,"Mount",-0.562,0.009,-0.509,0.239,-0.309,0.000,75,E,0,,,,440432,334.62,0
664,1570.348,"Mount",-0.194,0.185,-0.256,-0.081,-0.183,0.000,44,E,0,,,,431346,309.49,0
INFO: SETTLING STATE CHANGE, Settling complete
665,1572.756,"Mount",-0.247,0.122,-0.276,-0.001,-0.186,0.000,45,E,0,,,,439518,329.71,0
666,1575.054,"Mount",-0.132,-0.105,-0.073,0.152,0.000,0.000,0,,0,,,,453843,355.31,0
667,1577.477,"Mount",0.155,0.159,0.069,-0.211,0.000,-0.211,0,,44,N,,,441891,286.48,0
668,1579.740,"Mount",-0.132,0.079,-0.154,-0.013,-0.097,0.000,23,E,0,,,,447518,336.36,0
669,1582.101,"Mount",0.126,0.004,0.111,-0.059,0.000,0.000,0,,0,,,,450453,328.76,0
670,1584.306,"Mount",-0.048,-0.084,-0.007,0.097,0.000,0.000,0,,0,,,,446221,335.06,0
671,1586.764,"Mount",-0.454,-0.138,-0.348,0.324,-0.219,0.000,53,E,0,,,,469239,324.38,0
672,1588.942,"Mount",0.036,0.018,0.024,-0.032,0.000,0.000,0,,0,,,,460519,346.13,0
673,1591.356,"Mount",-0.206,0.017,-0.193,0.075,-0.121,0.000,29,E,0,,,,454159,357.62,0
674,1593.604,"Mount",-0.216,0.125,-0.249,-0.018,-0.165,0.000,40,E,0,,,,458105,333.16,0
675,1596.052,"Mount",-0.469,0.062,-0.449,0.150,-0.294,0.000,71,E,0,,,,459305,336.59,0
676,1598.340,"Mount",0.421,-0.253,0.489,0.043,0.288,0.000,69,W,0,,,,443995,302.08,0
677,1600.772,"Mount",0.264,-0.183,0.317,0.049,0.220,0.000,53,W,0,,,,436702,308.68,0
678,1603.028,"Mount",0.185,-0.172,0.242,0.074,0.168,0.000,40,W,0,,,,453397,308.12,0
679,1605.468,"Mount",0.275,-0.338,0.395,0.183,0.261,0.000,63,W,0,,,,444960,309.97,0
680,1607.655,"Mount",0.024,0.033,0.007,-0.040,0.000,0.000,0,,0,,,,450612,319.00,0
681,1609.992,"Mount",0.010,-0.154,0.077,0.134,0.000,0.000,0,,0,,,,451757,299.28,0
682,1612.170,"Mount",0.074,-0.067,0.096,0.028,0.000,0.000,0,,0,,,,457395,329.05,0
683,1614.588,"Mount",0.072,-0.168,0.139,0.119,0.087,0.000,21,W,0,,,,456349,309.15,0
684,1616.829,"Mount",-0.215,-0.073,-0.161,0.160,-0.095,0.000,23,E,0,,,,467509,322.27,0
685,1619.194,"Mount",-0.059,-0.042,-0.034,0.063,0.000,0.000,0,,0,,,,448723,314.46,0
686,1621.453,"Mount",-0.306,-0.060,-0.248,0.188,-0.157,0.000,38,E,0,,,,431702,318.33,0
687,1623.806,"Mount",-0.079,-0.356,0.085,0.355,0.000,0.000,0,,0,,,,462028,373.82,0
688,1626.003,"Mount",-0.048,-0.077,-0.009,0.090,0.000,0.000,0,,0,,,,443565,323.17,0
689,1628.430,"Mount",0.267,-0.209,0.331,0.071,0.209,0.000,50,W,0,,,,449507,296.80,0
690,1630.629,"Mount",0.050,-0.024,0.056,0.000,0.000,0.000,0,,0,,,,452904,335.22,0
691,1632.969,"Mount",-0.124,-0.065,-0.083,0.113,0.000,0.000,0,,0,,,,438334,329.01,0
692,1635.178,"Mount",-0.147,-0.070,-0.102,0.128,0.000,0.000,0,,0,,,,430767,309.90,0
693,1637.588,"Mount",0.180,-0.113,0.211,0.022,0.133,0.000,32,W,0,,,,450091,296.86,0
694,1639.785,"Mount",-0.058,0.110,-0.100,-0.074,0.000,0.000,0,,0,,,,435017,303.64,0
695,1642.130,"Mount",-0.069,-0.101,-0.018,0.121,0.000,0.000,0,,0,,,,435767,324.34,0
696,1644.356,"Mount",-0.236,-0.032,-0.198,0.132,-0.125,0.000,30,E,0,,,,450046,303.28,0
697,1646.805,"Mount",0.305,-0.454,0.474,0.274,0.290,0.000,70,W,0,,,,447585,317.40,0
698,1648.978,"Mount",-0.033,-0.345,0.122,0.325,0.000,0.000,0,,0,,,,444769,333.30,0
699,1651.327,"Mount",0.034,-0.205,0.120,0.169,0.000,0.000,0,,0,,,,434721,298.50,0
700,1653.556,"Mount",-0.171,0.027,-0.166,0.051,-0.104,0.000,25,E,0,,,,440759,315.73,0
701,1657.172,"Mount",-0.382,-0.126,-0.288,0.281,-0.189,0.281,46,E,1148,S,,,447167,340.46,0
702,1659.564,"Mount",-0.551,0.030,-0.508,0.214,-0.334,0.214,81,E,45,S,,,470776,342.06,0
703,1662.005,"Mount",-0.037,0.327,-0.177,-0.278,-0.135,0.000,33,E,0,,,,446287,337.71,0
704,1664.269,"Mount",0.259,-0.091,0.273,-0.031,0.162,0.000,39,W,0,,,,455914,347.42,0
705,1666.701,"Mount",0.323,0.036,0.275,-0.174,0.184,0.000,45,W,0,,,,445467,335.16,0
706,1668.885,"Mount",0.052,-0.084,0.084,0.053,0.000,0.000,0,,0,,,,441528,317.05,0
707,1671.437,"Mount",0.241,-0.468,0.422,0.315,0.266,0.315,64,W,66,S,,,439581,310.63,0
708,1673.685,"Mount",0.171,-0.191,0.238,0.097,0.168,0.000,41,W,0,,,,433949,297.90,0
709,1676.025,"Mount",-0.001,0.053,-0.024,-0.047,0.000,0.000,0,,0,,,,436083,349.52,0
710,1678.201,"Mount",0.043,0.141,-0.024,-0.146,0.000,0.000,0,,0,,,,419574,306.24,0
711,1680.607,"Mount",-0.078,0.252,-0.181,-0.192,-0.114,0.000,28,E,0,,,,423364,292.24,0
712,1682.807,"Mount",0.099,0.366,-0.071,-0.373,0.000,0.000,0,,0,,,,422728,337.78,0
713,1685.245,"Mount",-0.169,0.327,-0.295,-0.219,-0.186,0.000,45,E,0,,,,420991,315.20,0
714,1687.473,"Mount",0.025,0.150,-0.043,-0.145,0.000,0.000,0,,0,,,,428470,337.30,0
715,1689.941,"Mount",-0.230,0.190,-0.290,-0.070,-0.183,0.000,44,E,0,,,,433091,306.47,0
716,1692.262,"Mount",0.154,-0.000,0.138,-0.067,0.074,0.000,18,W,0,,,,440524,283.18,0
717,1694.650,"Mount",-0.038,0.138,-0.095,-0.107,0.000,0.000,0,,0,,,,455279,347.83,0
718,1696.844,"Mount",0.016,0.072,-0.018,-0.072,0.000,0.000,0,,0,,,,445581,324.09,0
719,1699.840,"Mount",-0.269,0.193,-0.326,-0.055,-0.205,0.000,50,E,0,,,,424571,330.60,0
720,1702.110,"Mount",-0.153,-0.145,-0.074,0.197,0.000,0.000,0,,0,,,,457105,352.33,0
721,1704.443,"Mount",-0.096,0.080,-0.121,-0.030,0.000,0.000,0,,0,,,,424411,324.49,0
722,1706.608,"Mount",0.048,0.252,-0.068,-0.248,0.000,0.000,0,,0,,,,422725,337.26,0
723,1709.004,"Mount",-0.046,0.281,-0.165,-0.232,-0.104,0.000,25,E,0,,,,416766,295.65,0
724,1711.252,"Mount",-0.097,0.107,-0.134,-0.053,-0.092,0.000,22,E,0,,,,420061,314.53,0
725,1713.676,"Mount",-0.455,0.041,-0.427,0.163,-0.275,0.000,67,E,0,,,,429952,349.83,0
726,1715.856,"Mount",-0.109,-0.027,-0.086,0.072,0.000,0.000,0,,0,,,,443017,323.98,0
727,1718.261,"Mount",-0.247,-0.009,-0.218,0.116,-0.137,0.000,33,E,0,,,,428718,335.27,0
728,1720.509,"Mount",0.152,-0.212,0.229,0.124,0.135,0.000,33,W,0,,,,434664,341.23,0
729,1722.835,"Mount",-0.078,-0.019,-0.062,0.052,0.000,0.000,0,,0,,,,429173,309.62,0
730,1725.085,"Mount",-0.183,0.165,-0.237,-0.068,-0.149,0.000,36,E,0,,,,420913,296.83,0
731,1727.425,"Mount",0.080,-0.020,0.081,-0.017,0.000,0.000,0,,0,,,,416870,272.46,0
732,1729.629,"Mount",-0.017,-0.075,0.017,0.075,0.000,0.000,0,,0,,,,426200,318.44,0
733,1731.964,"Mount",0.032,-0.184,0.109,0.151,0.000,0.000,0,,0,,,,449711,340.87,0
734,1734.179,"Mount",0.025,0.061,-0.004,-0.065,0.000,0.000,0,,0,,,,445607,354.09,0
735,1736.605,"Mount",-0.405,0.065,-0.393,0.120,-0.247,0.000,60,E,0,,,,421306,316.83,0
736,1738.773,"Mount",-0.010,-0.047,0.011,0.047,0.000,0.000,0,,0,,,,425639,301.12,0
737,1741.309,"Mount",-0.987,0.454,-1.086,0.026,-0.684,0.000,165,E,0,,,,426279,317.06,0
738,1743.597,"Mount",-0.571,0.095,-0.555,0.166,-0.397,0.000,96,E,0,,,,437861,347.22,0
739,1746.029,"Mount",0.289,-0.134,0.319,-0.007,0.173,0.000,42,W,0,,,,453838,351.24,0
740,1748.277,"Mount",0.130,-0.126,0.172,0.056,0.121,0.000,29,W,0,,,,458260,358.19,0
741,1750.619,"Mount",0.004,-0.212,0.096,0.189,0.000,0.000,0,,0,,,,413090,300.69,0
742,1752.989,"Mount",0.403,-0.451,0.560,0.229,0.353,0.229,85,W,48,S,,,420342,288.84,0
743,1755.327,"Mount",0.085,-0.103,0.121,0.055,0.000,0.000,0,,0,,,,436608,320.92,0
744,1757.589,"Mount",0.277,-0.244,0.356,0.097,0.224,0.000,54,W,0,,,,405916,291.68,0
745,1759.989,"Mount",0.113,-0.141,0.163,0.078,0.119,0.000,29,W,0,,,,424300,308.72,0
746,1762.213,"Mount",-0.134,0.139,-0.182,-0.066,-0.106,0.000,26,E,0,,,,438116,338.60,0
747,1764.908,"Mount",-1.286,0.231,-1.257,0.357,-0.799,0.357,193,E,75,S,,,431435,301.69,0
748,1767.181,"Mount",0.269,-0.221,0.339,0.080,0.158,0.000,38,W,0,,,,428812,313.50,0
749,1769.661,"Mount",0.484,-0.288,0.561,0.047,0.365,0.000,88,W,0,,,,408758,302.50,0
750,1771.840,"Mount",-0.050,-0.131,0.013,0.140,0.000,0.000,0,,0,,,,415052,308.33,0
751,1774.237,"Mount",0.068,-0.255,0.173,0.199,0.109,0.000,26,W,0,,,,413578,304.73,0
752,1776.397,"Mount",0.022,-0.082,0.056,0.064,0.000,0.000,0,,0,,,,415682,328.18,0
753,1778.821,"Mount",0.292,-0.281,0.386,0.124,0.243,0.000,59,W,0,,,,434312,304.23,0
754,1781.149,"Mount",-0.418,0.122,-0.430,0.074,-0.254,0.000,61,E,0,,,,433292,346.07,0
755,1783.487,"Mount",-0.017,-0.093,0.025,0.091,0.000,0.000,0,,0,,,,407714,331.98,0
756,1785.667,"Mount",-0.144,-0.067,-0.100,0.123,0.000,0.000,0,,0,,,,411307,304.57,0
757,1788.173,"Mount",0.536,-0.285,0.607,0.021,0.382,0.000,92,W,0,,,,406701,325.17,0
758,1790.354,"Mount",-0.029,-0.162,0.045,0.158,0.000,0.000,0,,0,,,,407007,280.00,0
759,1792.757,"Mount",0.180,-0.010,0.166,-0.069,0.105,0.000,25,W,0,,,,419418,299.62,0
760,1794.933,"Mount",-0.065,0.083,-0.095,-0.046,0.000,0.000,0,,0,,,,403596,297.46,0
761,1797.271,"Mount",-0.007,-0.140,0.055,0.129,0.000,0.000,0,,0,,,,427070,309.46,0
762,1799.509,"Mount",0.077,-0.143,0.132,0.094,0.083,0.000,20,W,0,,,,415345,318.95,0
763,1802.013,"Mount",-0.214,0.054,-0.216,0.045,-0.130,0.000,31,E,0,,,,416858,320.64,0
764,1804.461,"Mount",-0.981,0.173,-0.957,0.275,-0.612,0.275,148,E,58,S,,,415204,301.81,0
765,1807.005,"Mount",-0.479,0.004,-0.432,0.206,-0.315,0.206,76,E,43,S,,,415455,297.13,0
766,1809.317,"Mount",-0.306,0.175,-0.352,-0.023,-0.244,0.000,59,E,0,,,,401957,312.76,0
767,1811.665,"Mount",-0.064,0.011,-0.063,0.018,0.000,0.000,0,,0,,,,396575,273.81,0
768,1813.837,"Mount",0.100,0.127,0.034,-0.158,0.000,0.000,0,,0,,,,414202,289.19,0
769,1816.229,"Mount",0.111,-0.144,0.163,0.081,0.103,0.000,25,W,0,,,,405081,302.04,0
770,1818.517,"Mount",0.474,-0.253,0.537,0.020,0.345,0.000,83,W,0,,,,418619,326.21,0
771,1820.983,"Mount",0.583,-0.245,0.632,-0.036,0.422,0.000,102,W,0,,,,413161,305.53,0
772,1823.159,"Mount",0.029,0.172,-0.050,-0.167,0.000,0.000,0,,0,,,,381349,286.96,0
773,1825.573,"Mount",-0.313,0.177,-0.359,-0.021,-0.226,0.000,55,E,0,,,,392627,303.60,0
774,1827.845,"Mount",-0.356,0.080,-0.355,0.084,-0.239,0.000,58,E,0,,,,401993,287.27,0
775,1830.293,"Mount",-0.284,0.120,-0.308,0.017,-0.211,0.000,51,E,0,,,,382232,298.93,0
776,1832.467,"Mount",-0.034,0.103,-0.076,-0.077,0.000,0.000,0,,0,,,,414457,311.41,0
777,1834.981,"Mount",-0.304,0.215,-0.367,-0.059,-0.231,0.000,56,E,0,,,,396800,312.96,0
778,1837.124,"Mount",-0.094,0.101,-0.129,-0.049,0.000,0.000,0,,0,,,,403823,298.59,0
779,1839.491,"Mount",-0.042,-0.021,-0.028,0.038,0.000,0.000,0,,0,,,,406957,296.93,0
780,1841.659,"Mount",-0.056,0.046,-0.070,-0.017,0.000,0.000,0,,0,,,,384791,306.61,0
781,1844.069,"Mount",-0.291,0.088,-0.301,0.048,-0.189,0.000,46,E,0,,,,395521,294.27,0
782,1846.564,"Mount",-1.088,0.144,-1.041,0.348,-0.669,0.348,162,E,73,S,,,411920,304.18,0
783,1848.901,"Mount",-0.046,-0.166,0.032,0.169,0.000,0.000,0,,0,,,,391256,318.54,0
784,1851.188,"Mount",-0.143,-0.209,-0.037,0.251,0.000,0.251,0,,53,S,,,382439,304.89,0
785,1853.635,"Mount",-0.090,0.137,-0.141,-0.084,-0.089,0.000,21,E,0,,,,397137,304.52,0
786,1855.901,"Mount",0.341,-0.266,0.423,0.090,0.260,0.000,63,W,0,,,,393887,310.93,0
787,1858.248,"Mount",0.126,0.077,0.080,-0.124,0.000,0.000,0,,0,,,,382029,312.54,0
788,1860.421,"Mount",-0.115,-0.137,-0.043,0.173,0.000,0.000,0,,0,,,,393406,308.98,0
789,1862.829,"Mount",-0.269,0.055,-0.266,0.069,-0.167,0.000,40,E,0,,,,378442,298.32,0
790,1865.002,"Mount",-0.000,0.229,-0.101,-0.205,0.000,0.000,0,,0,,,,380357,291.68,0
791,1867.469,"Mount",-0.447,0.280,-0.525,-0.055,-0.330,0.000,80,E,0,,,,356421,301.80,0
792,1869.757,"Mount",-0.417,0.263,-0.490,-0.053,-0.332,0.000,80,E,0,,,,370577,309.37,0
793,1872.229,"Mount",-0.378,0.133,-0.398,0.046,-0.274,0.000,66,E,0,,,,369136,302.05,0
794,1874.474,"Mount",-0.035,-0.069,-0.001,0.077,0.000,0.000,0,,0,,,,360224,289.44,0
795,1876.893,"Mount",0.391,-0.130,0.408,-0.055,0.257,0.000,62,W,0,,,,338528,262.66,0
796,1879.149,"Mount",0.306,-0.122,0.328,-0.025,0.225,0.000,54,W,0,,,,347359,280.23,0
797,1881.491,"Mount",-0.084,0.080,-0.111,-0.035,0.000,0.000,0,,0,,,,343184,265.95,0
798,1883.655,"Mount",0.053,0.058,0.022,-0.075,0.000,0.000,0,,0,,,,354524,301.59,0
799,1886.077,"Mount",-0.313,0.133,-0.340,0.018,-0.214,0.000,52,E,0,,,,364680,326.48,0
800,1888.349,"Mount",-0.354,0.071,-0.350,0.091,-0.235,0.000,57,E,0,,,,349034,278.33,0
801,1890.757,"Mount",-0.224,0.009,-0.205,0.090,-0.146,0.000,35,E,0,,,,352622,253.46,0
802,1892.919,"Mount",-0.138,-0.126,-0.069,0.174,0.000,0.000,0,,0,,,,349045,277.32,0
803,1895.597,"Mount",-1.045,0.163,-1.010,0.312,-0.636,0.312,154,E,66,S,,,343248,257.86,0
804,1897.788,"Mount",0.011,0.098,-0.033,-0.093,0.000,0.000,0,,0,,,,361980,289.29,0
805,1900.189,"Mount",0.129,-0.229,0.217,0.149,0.137,0.000,33,W,0,,,,347496,279.49,0
806,1902.541,"Mount",0.298,-0.382,0.435,0.213,0.284,0.213,69,W,45,S,,,355402,273.06,0
807,1904.995,"Mount",0.311,-0.283,0.404,0.118,0.274,0.000,66,W,0,,,,358005,261.82,0
808,1907.285,"Mount",0.414,-0.188,0.455,-0.013,0.306,0.000,74,W,0,,,,348646,256.41,0
809,1909.628,"Mount",-0.015,-0.011,-0.009,0.016,0.000,0.000,0,,0,,,,349457,265.92,0
810,1911.802,"Mount",-0.004,-0.145,0.060,0.132,0.000,0.000,0,,0,,,,348001,291.28,0
811,1914.172,"Mount",0.087,-0.011,0.083,-0.028,0.000,0.000,0,,0,,,,343184,291.00,0
812,1916.335,"Mount",0.007,-0.021,0.016,0.016,0.000,0.000,0,,0,,,,382213,300.67,0
813,1918.748,"Mount",-0.087,-0.231,0.023,0.246,0.000,0.246,0,,52,S,,,361223,269.23,0
814,1920.928,"Mount",-0.017,-0.009,-0.012,0.016,0.000,0.000,0,,0,,,,353429,273.32,0
815,1923.257,"Mount",0.024,-0.202,0.110,0.171,0.000,0.000,0,,0,,,,361824,280.02,0
816,1925.501,"Mount",0.270,-0.106,0.289,-0.023,0.182,0.000,44,W,0,,,,361557,310.63,0
817,1927.855,"Mount",0.081,-0.129,0.129,0.080,0.000,0.000,0,,0,,,,362912,277.13,0
818,1930.101,"Mount",-0.309,0.121,-0.331,0.027,-0.208,0.000,50,E,0,,,,356801,260.81,0
819,1932.541,"Mount",-0.379,0.062,-0.368,0.111,-0.247,0.000,60,E,0,,,,361070,265.32,0
820,1934.901,"Mount",-0.350,-0.060,-0.288,0.207,-0.199,0.207,48,E,43,S,,,370194,301.28,0
821,1937.240,"Mount",-0.048,-0.088,-0.004,0.100,0.000,0.000,0,,0,,,,382922,305.03,0
822,1939.432,"Mount",-0.088,-0.152,-0.013,0.175,0.000,0.000,0,,0,,,,364136,271.07,0
823,1941.857,"Mount",0.192,-0.257,0.286,0.147,0.180,0.000,43,W,0,,,,358507,265.88,0
824,1944.204,"Mount",0.067,-0.260,0.174,0.204,0.122,0.204,30,W,43,S,,,367135,298.35,0
825,1946.542,"Mount",-0.082,0.012,-0.079,0.025,0.000,0.000,0,,0,,,,384208,312.55,0
826,1948.701,"Mount",-0.010,-0.138,0.052,0.128,0.000,0.000,0,,0,,,,357145,301.98,0
827,1951.032,"Mount",-0.128,-0.068,-0.085,0.118,0.000,0.000,0,,0,,,,366430,261.23,0
828,1953.309,"Mount",-0.446,0.028,-0.413,0.170,-0.260,0.000,63,E,0,,,,370363,301.59,0
829,1955.643,"Mount",-0.043,-0.153,0.028,0.157,0.000,0.000,0,,0,,,,362479,251.62,0
830,1957.869,"Mount",-0.134,0.116,-0.171,-0.045,-0.108,0.000,26,E,0,,,,363857,295.81,0
831,1960.389,"Mount",-0.376,-0.230,-0.237,0.372,-0.157,0.372,38,E,78,S,,,365334,274.29,0
832,1962.645,"Mount",-0.215,0.127,-0.249,-0.019,-0.168,0.000,41,E,0,,,,366689,296.70,0
833,1965.109,"Mount",0.491,-0.354,0.597,0.103,0.364,0.000,88,W,0,,,,381986,306.57,0
834,1967.389,"Mount",0.403,-0.021,0.371,-0.158,0.259,0.000,63,W,0,,,,369920,284.01,0
835,1969.813,"Mount",0.234,0.163,0.138,-0.249,0.105,0.000,25,W,0,,,,360553,286.19,0
836,1971.973,"Mount",-0.079,0.018,-0.079,0.018,0.000,0.000,0,,0,,,,371336,298.56,0
837,1974.337,"Mount",0.036,-0.132,0.090,0.103,0.000,0.000,0,,0,,,,375915,307.92,0
838,1976.581,"Mount",-0.148,0.356,-0.289,-0.254,-0.182,0.000,44,E,0,,,,349737,283.16,0
839,1978.922,"Mount",0.054,-0.048,0.070,0.019,0.000,0.000,0,,0,,,,382938,312.73,0
840,1981.082,"Mount",-0.027,0.019,-0.033,-0.005,0.000,0.000,0,,0,,,,361346,273.24,0
841,1983.527,"Mount",-0.498,-0.172,-0.372,0.373,-0.234,0.000,57,E,0,,,,372104,273.50,0
842,1986.012,"Mount",-1.059,0.032,-0.966,0.436,-0.625,0.436,151,E,92,S,,,382905,283.05,0
843,1988.477,"Mount",0.294,-0.145,0.328,0.001,0.163,0.000,39,W,0,,,,373408,269.46,0
844,1990.725,"Mount",0.206,0.042,0.166,-0.128,0.116,0.000,28,W,0,,,,378884,286.81,0
845,1993.067,"Mount",-0.055,-0.021,-0.041,0.043,0.000,0.000,0,,0,,,,372434,297.83,0
846,1995.239,"Mount",0.047,-0.063,0.069,0.036,0.000,0.000,0,,0,,,,410494,318.70,0
847,1997.569,"Mount",-0.157,-0.140,-0.080,0.195,0.000,0.000,0,,0,,,,372908,277.03,0
848,2000.029,"Mount",-0.483,-0.207,-0.343,0.398,-0.216,0.398,52,E,84,S,,,386148,311.62,0
849,2002.363,"Mount",0.181,0.093,0.122,-0.163,0.000,0.000,0,,0,,,,385652,290.34,0
850,2004.621,"Mount",0.390,0.101,0.306,-0.262,0.193,0.000,47,W,0,,,,383226,304.11,0
851,2006.981,"Mount",0.203,0.466,-0.022,-0.508,0.000,0.000,0,,0,,,,382941,311.97,0
852,2009.245,"Mount",-0.059,0.427,-0.241,-0.358,-0.152,0.000,37,E,0,,,,384811,311.06,0
853,2011.685,"Mount",0.319,0.033,0.272,-0.169,0.161,0.000,39,W,0,,,,393899,302.22,0
854,2013.966,"Mount",-0.308,0.366,-0.437,-0.194,-0.264,0.000,64,E,0,,,,401732,306.68,0
855,2017.477,"Mount",0.090,0.252,-0.030,-0.266,0.000,-0.266,0,,1145,N,,,391183,287.72,0
856,2019.829,"Mount",-0.639,0.386,-0.743,-0.066,-0.468,0.000,113,E,0,,,,393584,315.01,0
857,2022.206,"Mount",-0.067,0.104,-0.106,-0.064,0.000,0.000,0,,0,,,,378527,309.70,0
858,2024.437,"Mount",-0.150,0.149,-0.200,-0.068,-0.126,0.000,30,E,0,,,,397178,315.01,0
859,2026.784,"Mount",0.017,-0.008,0.019,-0.001,0.000,0.000,0,,0,,,,378827,288.04,0
860,2029.053,"Mount",0.396,-0.304,0.489,0.099,0.308,0.000,74,W,0,,,,389941,284.62,0
861,2031.509,"Mount",0.315,-0.217,0.379,0.057,0.260,0.000,63,W,0,,,,395755,323.59,0
862,2033.781,"Mount",0.410,-0.238,0.473,0.034,0.316,0.000,76,W,0,,,,374574,312.34,0
863,2036.115,"Mount",-0.024,0.040,-0.039,-0.025,0.000,0.000,0,,0,,,,392309,301.50,0
864,2038.389,"Mount",-0.425,0.153,-0.449,0.049,-0.283,0.000,68,E,0,,,,385810,305.83,0
865,2040.853,"Mount",-0.439,0.272,-0.514,-0.052,-0.344,0.000,83,E,0,,,,391512,307.35,0
866,2043.165,"Mount",-0.344,0.150,-0.375,0.016,-0.260,0.000,63,E,0,,,,392406,316.73,0
867,2045.494,"Mount",-0.019,-0.222,0.081,0.208,0.000,0.000,0,,0,,,,382619,289.00,0
868,2047.765,"Mount",0.183,-0.188,0.247,0.089,0.156,0.000,38,W,0,,,,379473,260.58,0
869,2050.205,"Mount",0.339,0.007,0.302,-0.155,0.201,0.000,49,W,0,,,,358687,269.66,0
870,2052.517,"Mount",0.588,-0.280,0.652,-0.006,0.425,0.000,103,W,0,,,,364828,271.45,0
871,2055.013,"Mount",0.687,-0.398,0.792,0.056,0.529,0.000,128,W,0,,,,347609,267.20,0
872,2057.277,"Mount",0.219,-0.404,0.374,0.267,0.272,0.000,66,W,0,,,,364917,274.83,0
873,2059.709,"Mount",-0.322,0.021,-0.298,0.122,-0.169,0.000,41,E,0,,,,344957,270.51,0
874,2061.989,"Mount",-0.322,0.231,-0.390,-0.066,-0.258,0.000,62,E,0,,,,346037,260.74,0
875,2064.328,"Mount",0.065,-0.061,0.085,0.026,0.000,0.000,0,,0,,,,368867,275.28,0
876,2066.486,"Mount",-0.005,-0.098,0.038,0.090,0.000,0.000,0,,0,,,,360712,270.67,0
877,2069.005,"Mount",0.394,0.055,0.330,-0.222,0.208,-0.222,50,W,47,N,,,383008,291.43,0
878,2071.325,"Mount",0.224,-0.200,0.289,0.082,0.197,0.000,47,W,0,,,,393257,302.61,0
879,2073.745,"Mount",0.121,-0.446,0.304,0.348,0.205,0.000,50,W,0,,,,396409,347.77,0
880,2076.013,"Mount",0.254,-0.420,0.412,0.266,0.274,0.000,66,W,0,,,,403528,300.50,0
881,2078.352,"Mount",-0.148,-0.127,-0.077,0.179,0.000,0.000,0,,0,,,,399248,287.62,0
882,2080.605,"Mount",-0.365,-0.099,-0.284,0.249,-0.179,0.000,43,E,0,,,,404526,315.88,0
883,2083.013,"Mount",0.101,-0.252,0.201,0.182,0.114,0.000,28,W,0,,,,411726,296.23,0
884,2086.397,"Mount",-0.134,-0.170,-0.046,0.212,0.000,0.212,0,,1133,S,,,404824,308.48,0
885,2088.861,"Mount",0.572,-0.391,0.686,0.100,0.432,0.000,104,W,0,,,,390153,292.88,0
886,2091.205,"Mount",0.487,-0.192,0.522,-0.041,0.359,0.000,87,W,0,,,,393633,281.87,0
887,2093.613,"Mount",0.192,-0.045,0.192,-0.044,0.146,0.000,35,W,0,,,,399321,305.15,0
888,2095.861,"Mount",0.236,-0.092,0.253,-0.021,0.169,0.000,41,W,0,,,,404700,309.62,0
889,2098.201,"Mount",0.134,0.039,0.103,-0.093,0.000,0.000,0,,0,,,,399453,315.45,0
890,2100.368,"Mount",0.114,-0.060,0.128,0.004,0.000,0.000,0,,0,,,,404718,316.32,0
891,2102.695,"Mount",-0.066,-0.132,-0.001,0.148,0.000,0.000,0,,0,,,,414707,320.07,0
892,2104.917,"Mount",-0.152,0.053,-0.160,0.019,-0.101,0.000,24,E,0,,,,399230,295.50,0
893,2107.342,"Mount",-0.207,0.168,-0.260,-0.061,-0.171,0.000,41,E,0,,,,384466,292.93,0
894,2109.516,"Mount",0.070,-0.007,0.066,-0.024,0.000,0.000,0,,0,,,,415342,302.62,0
895,2111.862,"Mount",-0.032,-0.084,0.008,0.089,0.000,0.000,0,,0,,,,420106,342.68,0
896,2114.117,"Mount",0.199,-0.227,0.278,0.117,0.175,0.000,42,W,0,,,,411378,307.56,0
897,2116.637,"Mount",0.234,-0.384,0.379,0.242,0.251,0.242,61,W,51,S,,,409998,269.54,0
898,2118.917,"Mount",0.571,-0.049,0.535,-0.207,0.355,0.000,86,W,0,,,,418134,326.02,0
899,2121.258,"Mount",0.064,-0.131,0.115,0.090,0.000,0.000,0,,0,,,,432319,312.63,0
900,2123.517,"Mount",-0.145,-0.243,-0.024,0.282,0.000,0.282,0,,59,S,,,423271,299.18,0
901,2125.957,"Mount",-0.360,0.299,-0.455,-0.110,-0.287,0.000,69,E,0,,,,415188,326.05,0
902,2128.229,"Mount",-0.320,0.186,-0.370,-0.027,-0.253,0.000,61,E,0,,,,443839,372.14,0
903,2130.573,"Mount",0.008,-0.080,0.043,0.069,0.000,0.000,0,,0,,,,417451,295.82,0
904,2132.789,"Mount",0.179,0.003,0.160,-0.081,0.101,0.000,24,W,0,,,,421938,344.62,0
905,2135.205,"Mount",-0.152,0.230,-0.238,-0.140,-0.143,0.000,35,E,0,,,,398041,304.82,0
906,2137.388,"Mount",0.081,0.087,0.035,-0.113,0.000,0.000,0,,0,,,,418481,301.29,0
907,2139.853,"Mount",-0.465,0.282,-0.541,-0.049,-0.341,0.000,82,E,0,,,,403430,308.42,0
908,2142.133,"Mount",-0.100,-0.192,-0.006,0.216,0.000,0.216,0,,45,S,,,420287,322.41,0
909,2144.613,"Mount",-0.459,0.386,-0.581,-0.146,-0.366,0.000,88,E,0,,,,413364,311.15,0
910,2146.785,"Mount",0.043,0.141,-0.024,-0.146,0.000,0.000,0,,0,,,,399599,310.03,0
911,2149.218,"Mount",-0.202,0.321,-0.322,-0.200,-0.203,0.000,49,E,0,,,,418851,336.95,0
912,2151.423,"Mount",-0.016,0.079,-0.049,-0.064,0.000,0.000,0,,0,,,,391101,333.39,0
913,2153.813,"Mount",0.051,0.108,-0.001,-0.119,0.000,0.000,0,,0,,,,403972,312.45,0
914,2155.975,"Mount",0.039,0.234,-0.068,-0.227,0.000,0.000,0,,0,,,,407627,326.10,0
915,2158.306,"Mount",-0.004,0.190,-0.087,-0.169,0.000,0.000,0,,0,,,,397394,332.21,0
916,2160.484,"Mount",0.053,0.165,-0.025,-0.172,0.000,0.000,0,,0,,,,397933,284.97,0
917,2162.909,"Mount",-0.328,0.337,-0.442,-0.159,-0.279,0.000,67,E,0,,,,396804,314.33,0
918,2165.357,"Mount",-0.986,0.148,-0.951,0.299,-0.619,0.299,149,E,63,S,,,403323,297.80,0
919,2167.821,"Mount",-0.031,0.485,-0.241,-0.422,-0.195,0.000,47,E,0,,,,397032,345.11,0
920,2170.049,"Mount",0.179,0.429,-0.028,-0.464,0.000,0.000,0,,0,,,,402577,307.64,0
921,2173.733,"Mount",-0.064,0.567,-0.307,-0.481,-0.193,-0.481,47,E,1190,N,,,402894,292.87,0
922,2176.214,"Mount",-0.217,0.603,-0.459,-0.447,-0.303,-0.447,73,E,94,N,,,393775,283.88,0
923,2178.661,"Mount",0.096,-0.300,0.218,0.228,0.116,0.000,28,W,0,,,,367802,284.25,0
INFO: SET LOCK POSITION, new lock pos = 1096.190, 473.827
INFO: DITHER by -0.492, -1.479, new lock pos = 1096.396, 475.372
INFO: SETTLING STATE CHANGE, Settling started
924,2183.021,"Mount",-0.207,-1.545,0.492,1.479,0.492,1.479,119,W,1347,S,,,389102,272.83,0
925,2185.741,"Mount",-0.390,-1.245,0.196,1.290,0.124,1.290,30,W,271,S,,,370540,309.13,0
926,2188.173,"Mount",-0.124,-0.793,0.236,0.767,0.158,0.767,38,W,161,S,,,376409,281.59,0
927,2190.669,"Mount",-0.443,0.869,-0.780,-0.586,-0.480,0.000,116,E,0,,,,378753,287.06,0
928,2192.893,"Mount",0.140,0.599,-0.137,-0.600,-0.120,0.000,29,E,0,,,,358037,283.28,0
929,2195.365,"Mount",0.044,0.539,-0.196,-0.503,-0.132,0.000,32,E,0,,,,363049,293.53,0
INFO: SETTLING STATE CHANGE, Settling complete
930,2198.877,"Mount",0.670,0.379,0.435,-0.635,0.265,-0.635,64,W,1169,N,,,330547,258.66,0
931,2201.423,"Mount",0.120,0.360,-0.050,-0.377,0.000,-0.377,0,,79,N,,,303425,258.62,0
932,2203.600,"Mount",-0.087,-0.162,-0.007,0.183,0.000,0.000,0,,0,,,,328066,291.69,0
933,2206.037,"Mount",0.509,-0.108,0.505,-0.126,0.318,0.000,77,W,0,,,,338143,280.45,0
934,2208.285,"Mount",-0.206,-0.063,-0.158,0.147,-0.077,0.000,19,E,0,,,,320975,272.73,0
935,2210.693,"Mount",-0.138,0.144,-0.187,-0.068,-0.124,0.000,30,E,0,,,,312708,243.74,0
936,2212.925,"Mount",-0.092,0.167,-0.156,-0.109,-0.107,0.000,26,E,0,,,,330177,258.59,0
937,2215.365,"Mount",0.375,-0.228,0.437,0.040,0.268,0.000,65,W,0,,,,331411,284.18,0
938,2217.597,"Mount",-0.285,-0.111,-0.208,0.224,-0.112,0.000,27,E,0,,,,298471,232.44,0
939,2219.962,"Mount",-0.105,-0.101,-0.050,0.137,0.000,0.000,0,,0,,,,305460,263.54,0
940,2222.133,"Mount",-0.055,-0.128,0.007,0.140,0.000,0.000,0,,0,,,,323516,278.33,0
941,2224.541,"Mount",0.150,-0.203,0.224,0.116,0.141,0.000,34,W,0,,,,335237,249.26,0
942,2226.710,"Mount",0.123,0.138,0.050,-0.178,0.000,0.000,0,,0,,,,334810,289.53,0
943,2229.081,"Mount",-0.174,-0.084,-0.119,0.152,0.000,0.000,0,,0,,,,324078,287.91,0
944,2231.253,"Mount",-0.038,0.150,-0.100,-0.118,0.000,0.000,0,,0,,,,328712,251.59,0
945,2233.582,"Mount",-0.100,-0.025,-0.079,0.066,0.000,0.000,0,,0,,,,323629,272.47,0
946,2235.829,"Mount",-0.290,-0.060,-0.235,0.181,-0.148,0.000,36,E,0,,,,319030,251.89,0
947,2238.261,"Mount",0.097,-0.135,0.146,0.079,0.082,0.000,20,W,0,,,,322332,260.59,0
948,2240.517,"Mount",-0.295,0.086,-0.303,0.053,-0.185,0.000,45,E,0,,,,325624,264.13,0
949,2242.859,"Mount",0.066,0.173,-0.017,-0.184,0.000,0.000,0,,0,,,,317475,258.59,0
950,2245.085,"Mount",0.131,-0.200,0.205,0.122,0.129,0.000,31,W,0,,,,312113,256.07,0
951,2247.445,"Mount",-0.115,-0.115,-0.053,0.154,0.000,0.000,0,,0,,,,314348,246.93,0
952,2249.608,"Mount",-0.059,0.121,-0.106,-0.083,0.000,0.000,0,,0,,,,314734,228.97,0
953,2251.947,"Mount",0.046,0.143,-0.022,-0.148,0.000,0.000,0,,0,,,,326742,248.01,0
954,2254.197,"Mount",-0.294,-0.081,-0.229,0.202,-0.144,0.000,35,E,0,,,,307016,244.08,0
955,2256.537,"Mount",-0.139,-0.131,-0.068,0.178,0.000,0.000,0,,0,,,,326036,289.40,0
956,2258.773,"Mount",-0.339,-0.128,-0.249,0.264,-0.157,0.000,38,E,0,,,,319003,279.36,0
957,2261.114,"Mount",-0.055,0.086,-0.087,-0.054,0.000,0.000,0,,0,,,,321631,242.12,0
958,2263.357,"Mount",-0.278,0.095,-0.291,0.036,-0.184,0.000,44,E,0,,,,312374,243.84,0
959,2265.838,"Mount",0.700,-0.297,0.759,-0.040,0.465,0.000,112,W,0,,,,329418,280.11,0
960,2268.109,"Mount",0.172,-0.114,0.204,0.027,0.161,0.000,39,W,0,,,,314797,267.42,0
961,2270.517,"Mount",0.327,0.021,0.284,-0.163,0.190,0.000,46,W,0,,,,301369,230.46,0
962,2272.757,"Mount",0.242,0.108,0.170,-0.204,0.120,0.000,29,W,0,,,,305149,235.62,0
963,2275.173,"Mount",-0.328,-0.005,-0.292,0.148,-0.176,0.000,42,E,0,,,,307962,255.98,0
964,2277.353,"Mount",0.051,0.002,0.045,-0.024,0.000,0.000,0,,0,,,,312475,250.33,0
965,2279.749,"Mount",-0.319,-0.105,-0.240,0.234,-0.151,0.000,37,E,0,,,,322268,278.13,0
966,2282.005,"Mount",-0.328,-0.194,-0.210,0.318,-0.143,0.000,34,E,0,,,,301251,263.40,0
967,2284.431,"Mount",-0.293,0.126,-0.318,0.015,-0.211,0.000,51,E,0,,,,318442,241.89,0
968,2286.685,"Mount",-0.355,-0.077,-0.286,0.225,-0.195,0.000,47,E,0,,,,304361,262.21,0
969,2290.269,"Mount",-0.280,-0.163,-0.180,0.269,-0.127,0.269,31,E,1092,S,,,318715,263.97,0
970,2292.525,"Mount",0.410,0.007,0.365,-0.187,0.221,0.000,53,W,0,,,,313265,250.41,0
971,2294.990,"Mount",0.363,0.085,0.289,-0.236,0.198,0.000,48,W,0,,,,318390,268.97,0
972,2297.167,"Mount",0.194,0.183,0.094,-0.250,0.000,0.000,0,,0,,,,319469,260.30,0
973,2299.669,"Mount",-0.352,-0.195,-0.230,0.329,-0.145,0.329,35,E,69,S,,,312214,267.97,0
974,2301.859,"Mount",0.181,0.183,0.083,-0.244,0.000,0.000,0,,0,,,,327109,273.04,0
975,2304.278,"Mount",0.213,-0.070,0.222,-0.031,0.140,0.000,34,W,0,,,,333876,276.64,0
976,2306.510,"Mount",-0.184,0.016,-0.173,0.067,-0.099,0.000,24,E,0,,,,331989,261.01,0
977,2308.941,"Mount",-0.340,0.054,-0.329,0.101,-0.214,0.000,52,E,0,,,,365253,282.86,0
978,2311.120,"Mount",-0.011,0.119,-0.062,-0.102,0.000,0.000,0,,0,,,,354371,279.62,0
979,2313.453,"Mount",0.197,0.219,0.081,-0.283,0.000,0.000,0,,0,,,,360205,276.88,0
980,2315.702,"Mount",0.376,-0.148,0.403,-0.032,0.254,0.000,61,W,0,,,,346524,253.40,0
981,2318.117,"Mount",-0.227,0.157,-0.273,-0.042,-0.154,0.000,37,E,0,,,,360907,289.62,0
982,2320.357,"Mount",-0.199,0.035,-0.194,0.056,-0.133,0.000,32,E,0,,,,373167,313.26,0
983,2322.687,"Mount",0.037,0.007,0.030,-0.023,0.000,0.000,0,,0,,,,374320,310.64,0
984,2324.850,"Mount",-0.050,-0.129,0.011,0.138,0.000,0.000,0,,0,,,,375635,276.16,0
985,2327.188,"Mount",0.090,0.128,0.025,-0.154,0.000,0.000,0,,0,,,,375524,291.91,0
986,2329.453,"Mount",0.318,-0.075,0.319,-0.073,0.201,0.000,49,W,0,,,,381163,277.82,0
987,2331.870,"Mount",-0.071,0.197,-0.150,-0.146,-0.081,0.000,20,E,0,,,,388874,289.26,0
988,2334.141,"Mount",-0.153,0.152,-0.204,-0.070,-0.134,0.000,32,E,0,,,,392319,283.62,0
989,2336.525,"Mount",0.146,-0.036,0.147,-0.032,0.083,0.000,20,W,0,,,,388343,270.95,0
990,2338.704,"Mount",0.141,0.072,0.095,-0.127,0.000,0.000,0,,0,,,,381629,299.91,0
991,2341.049,"Mount",-0.044,0.044,-0.058,-0.020,0.000,0.000,0,,0,,,,400077,292.16,0
992,2343.293,"Mount",0.206,-0.134,0.244,0.030,0.153,0.000,37,W,0,,,,397856,318.63,0
993,2345.789,"Mount",-0.303,-0.165,-0.200,0.282,-0.115,0.282,28,E,59,S,,,391958,289.67,0
994,2347.958,"Mount",0.086,0.036,0.062,-0.070,0.000,0.000,0,,0,,,,403924,292.86,0
995,2350.526,"Mount",-0.420,-0.301,-0.245,0.455,-0.154,0.455,37,E,96,S,,,395777,288.68,0
996,2352.781,"Mount",0.422,-0.047,0.400,-0.143,0.241,0.000,58,W,0,,,,410081,321.57,0
997,2356.437,"Mount",0.616,0.374,0.389,-0.606,0.262,-0.606,63,W,1163,N,,,407477,305.89,0
998,2358.618,"Mount",0.073,-0.113,0.115,0.070,0.000,0.000,0,,0,,,,393347,314.63,0
999,2361.085,"Mount",0.171,-0.078,0.188,-0.005,0.118,0.000,29,W,0,,,,403249,330.09,0
1000,2363.253,"Mount",-0.002,-0.060,0.025,0.055,0.000,0.000,0,,0,,,,400614,281.13,0
1001,2365.653,"Mount",0.228,-0.002,0.205,-0.098,0.129,0.000,31,W,0,,,,397139,308.28,0
1002,2367.949,"Mount",-0.369,0.100,-0.376,0.072,-0.228,0.000,55,E,0,,,,406546,295.38,0
1003,2370.445,"Mount",0.271,0.202,0.155,-0.300,0.082,-0.300,20,W,63,N,,,411320,310.33,0
1004,2372.627,"Mount",-0.040,0.153,-0.103,-0.120,0.000,0.000,0,,0,,,,411563,317.90,0
1005,2375.069,"Mount",0.213,-0.005,0.193,-0.088,0.122,0.000,29,W,0,,,,385518,320.14,0
1006,2377.333,"Mount",0.369,-0.080,0.367,-0.090,0.240,0.000,58,W,0,,,,371251,299.17,0
1007,2379.672,"Mount",-0.109,0.030,-0.111,0.021,0.000,0.000,0,,0,,,,396428,280.15,0
1008,2381.929,"Mount",0.177,-0.084,0.196,-0.003,0.123,0.000,30,W,0,,,,386023,273.88,0
1009,2384.268,"Mount",-0.152,-0.061,-0.110,0.122,0.000,0.000,0,,0,,,,367283,286.13,0
1010,2386.517,"Mount",0.145,-0.108,0.178,0.033,0.112,0.000,27,W,0,,,,396349,292.72,0
1011,2388.957,"Mount",-0.453,0.071,-0.438,0.135,-0.268,0.000,65,E,0,,,,391475,314.74,0
1012,2391.183,"Mount",0.007,-0.005,0.008,0.002,0.000,0.000,0,,0,,,,397983,302.63,0
1013,2393.509,"Mount",0.041,-0.066,0.066,0.041,0.000,0.000,0,,0,,,,399280,309.87,0
1014,2395.741,"Mount",0.193,-0.165,0.246,0.064,0.155,0.000,37,W,0,,,,381526,265.63,0
1015,2398.102,"Mount",-0.052,-0.055,-0.023,0.072,0.000,0.000,0,,0,,,,376879,292.03,0
1016,2400.267,"Mount",-0.198,-0.316,-0.039,0.371,0.000,0.000,0,,0,,,,387301,281.43,0
1017,2402.669,"Mount",-0.233,0.081,-0.245,0.029,-0.154,0.000,37,E,0,,,,383713,329.28,0
1018,2404.876,"Mount",-0.025,0.172,-0.098,-0.144,0.000,0.000,0,,0,,,,372464,304.80,0
1019,2407.381,"Mount",-0.839,0.367,-0.915,0.038,-0.576,0.000,139,E,0,,,,370861,317.61,0
1020,2409.555,"Mount",-0.122,-0.003,-0.108,0.057,0.000,0.000,0,,0,,,,371988,306.47,0
1021,2411.966,"Mount",-0.270,0.064,-0.271,0.061,-0.171,0.000,41,E,0,,,,381876,303.44,0
1022,2414.230,"Mount",0.350,0.034,0.300,-0.184,0.177,0.000,43,W,0,,,,365751,289.12,0
1023,2416.569,"Mount",-0.163,-0.284,-0.021,0.326,0.000,0.000,0,,0,,,,366641,286.41,0
1024,2418.813,"Mount",0.309,0.062,0.251,-0.192,0.158,0.000,38,W,0,,,,372563,272.14,0
1025,2421.189,"Mount",0.020,0.079,-0.017,-0.080,0.000,0.000,0,,0,,,,374688,279.96,0
1026,2423.366,"Mount",-0.046,0.014,-0.047,0.008,0.000,0.000,0,,0,,,,373045,297.36,0
1027,2425.813,"Mount",-0.541,0.073,-0.518,0.171,-0.327,0.000,79,E,0,,,,348147,276.70,0
1028,2428.085,"Mount",-0.432,-0.044,-0.369,0.229,-0.255,0.000,62,E,0,,,,355868,282.16,0
1029,2430.589,"Mount",-0.656,0.367,-0.751,-0.042,-0.491,0.000,119,E,0,,,,347954,266.26,0
1030,2432.751,"Mount",-0.020,0.092,-0.058,-0.074,0.000,0.000,0,,0,,,,344953,270.29,0
1031,2436.309,"Mount",-0.408,-0.056,-0.342,0.230,-0.216,0.230,52,E,1084,S,,,344640,264.94,0
1032,2438.486,"Mount",-0.117,-0.127,-0.050,0.165,0.000,0.000,0,,0,,,,342305,269.72,0
1033,2440.817,"Mount",-0.057,0.094,-0.093,-0.059,0.000,0.000,0,,0,,,,329140,264.41,0
1034,2442.991,"Mount",-0.032,-0.154,0.039,0.153,0.000,0.000,0,,0,,,,326172,276.33,0
1035,2445.469,"Mount",-0.661,0.292,-0.722,0.028,-0.455,0.000,110,E,0,,,,324098,247.91,0
1036,2447.642,"Mount",-0.094,0.011,-0.089,0.032,0.000,0.000,0,,0,,,,339825,286.94,0
1037,2449.972,"Mount",-0.112,-0.041,-0.082,0.086,0.000,0.000,0,,0,,,,307301,230.96,0
1038,2452.141,"Mount",-0.025,-0.195,0.063,0.187,0.000,0.000,0,,0,,,,323864,277.99,0
1039,2454.573,"Mount",-0.358,0.030,-0.335,0.130,-0.211,0.000,51,E,0,,,,319877,258.20,0
1040,2456.885,"Mount",-0.211,-0.120,-0.137,0.201,-0.101,0.201,24,E,42,S,,,333779,262.28,0
1041,2459.231,"Mount",-0.141,-0.149,-0.061,0.196,0.000,0.000,0,,0,,,,337717,267.49,0
1042,2461.549,"Mount",-0.245,-0.192,-0.136,0.281,-0.086,0.281,21,E,59,S,,,328205,273.03,0
1043,2463.949,"Mount",-0.213,-0.002,-0.191,0.095,-0.126,0.000,30,E,0,,,,322886,265.49,0
1044,2466.301,"Mount",-0.559,0.263,-0.618,0.009,-0.398,0.000,96,E,0,,,,315129,277.75,0
1045,2468.837,"Mount",-0.972,0.312,-1.010,0.146,-0.664,0.000,160,E,0,,,,316703,255.80,0
1046,2471.077,"Mount",-0.188,0.028,-0.181,0.058,-0.161,0.000,39,E,0,,,,332892,275.77,0
1047,2473.428,"Mount",-0.025,-0.155,0.045,0.151,0.000,0.000,0,,0,,,,305555,233.32,0
1048,2475.604,"Mount",-0.089,-0.154,-0.012,0.177,0.000,0.000,0,,0,,,,315245,259.78,0
1049,2478.021,"Mount",-0.082,0.142,-0.136,-0.092,-0.086,0.000,21,E,0,,,,302450,242.51,0
1050,2480.261,"Mount",0.161,-0.095,0.187,0.015,0.112,0.000,27,W,0,,,,294246,241.80,0
1051,2482.610,"Mount",0.078,0.017,0.063,-0.050,0.000,0.000,0,,0,,,,299388,255.60,0
1052,2484.905,"Mount",-0.015,0.034,-0.028,-0.024,0.000,0.000,0,,0,,,,293389,238.51,0
1053,2487.437,"Mount",-0.345,-0.209,-0.219,0.339,-0.138,0.339,33,E,71,S,,,272606,264.01,0
1054,2489.685,"Mount",-0.185,0.173,-0.242,-0.074,-0.162,0.000,39,E,0,,,,290359,261.79,0
1055,2492.157,"Mount",-0.613,0.209,-0.643,0.081,-0.416,0.000,101,E,0,,,,288635,245.62,0
1056,2494.469,"Mount",-0.586,0.264,-0.642,0.020,-0.434,0.000,105,E,0,,,,258778,232.35,0
1057,2496.810,"Mount",0.102,0.072,0.060,-0.109,0.000,0.000,0,,0,,,,259449,225.90,0
1058,2499.085,"Mount",0.348,-0.178,0.391,0.007,0.246,0.000,59,W,0,,,,263754,221.29,0
1059,2501.541,"Mount",0.529,0.077,0.442,-0.302,0.295,0.000,71,W,0,,,,282500,247.51,0
1060,2503.797,"Mount",0.279,-0.084,0.287,-0.047,0.202,0.000,49,W,0,,,,301056,273.10,0
1061,2506.130,"Mount",0.102,0.093,0.051,-0.129,0.000,0.000,0,,0,,,,312173,261.43,0
1062,2508.303,"Mount",-0.040,0.062,-0.064,-0.038,0.000,0.000,0,,0,,,,327088,280.28,0
1063,2510.638,"Mount",0.066,0.079,0.025,-0.100,0.000,0.000,0,,0,,,,322979,271.29,0
1064,2512.861,"Mount",-0.164,0.061,-0.175,0.017,-0.110,0.000,27,E,0,,,,323432,249.16,0
1065,2515.310,"Mount",0.379,-0.159,0.410,-0.023,0.251,0.000,61,W,0,,,,323855,261.89,0
1066,2517.653,"Mount",-0.288,-0.269,-0.140,0.368,-0.071,0.368,17,E,77,S,,,325745,255.66,0
1067,2520.109,"Mount",0.410,0.126,0.314,-0.293,0.193,0.000,47,W,0,,,,345204,261.74,0
1068,2522.283,"Mount",0.005,-0.017,0.012,0.013,0.000,0.000,0,,0,,,,365738,302.99,0
1069,2524.658,"Mount",0.110,-0.037,0.115,-0.015,0.000,0.000,0,,0,,,,375999,275.83,0
1070,2526.925,"Mount",0.390,-0.192,0.435,0.002,0.274,0.000,66,W,0,,,,374582,291.47,0
1071,2529.349,"Mount",-0.337,0.027,-0.315,0.123,-0.179,0.000,43,E,0,,,,363119,315.85,0
1072,2531.597,"Mount",-0.218,-0.062,-0.169,0.151,-0.119,0.000,29,E,0,,,,360794,281.71,0
1073,2534.037,"Mount",-0.365,0.158,-0.397,0.018,-0.259,0.000,62,E,0,,,,378558,302.22,0
1074,2536.201,"Mount",-0.079,-0.107,-0.024,0.131,0.000,0.000,0,,0,,,,387524,294.36,0
1075,2538.613,"Mount",0.139,-0.068,0.155,0.000,0.098,0.000,24,W,0,,,,356081,252.76,0
1076,2540.773,"Mount",0.086,-0.039,0.095,-0.003,0.000,0.000,0,,0,,,,357961,268.90,0
1077,2543.103,"Mount",0.061,-0.113,0.105,0.075,0.000,0.000,0,,0,,,,362052,267.01,0
1078,2545.266,"Mount",-0.108,-0.046,-0.077,0.089,0.000,0.000,0,,0,,,,338495,246.85,0
1079,2547.979,"Mount",0.228,0.113,0.155,-0.202,0.098,0.000,24,W,0,,,,363712,293.23,0
1080,2551.177,"Mount",-0.137,-0.078,-0.089,0.130,0.000,0.000,0,,0,,,,352769,256.55,0
1081,2554.041,"Mount",-0.462,0.149,-0.481,0.068,-0.303,0.000,73,E,0,,,,362002,307.23,0
1082,2557.104,"Mount",-0.463,0.060,-0.442,0.149,-0.300,0.000,72,E,0,,,,349047,274.54,0
1083,2559.509,"Mount",-0.083,-0.068,-0.045,0.097,0.000,0.000,0,,0,,,,345291,269.42,0
1084,2561.918,"Mount",-0.440,0.104,-0.441,0.099,-0.278,0.000,67,E,0,,,,350811,298.79,0
1085,2564.399,"Mount",0.435,-0.124,0.445,-0.079,0.261,0.000,63,W,0,,,,335188,267.18,0
1086,2566.709,"Mount",0.335,-0.187,0.383,0.021,0.260,0.000,63,W,0,,,,358018,308.14,0
1087,2569.230,"Mount",0.264,-0.134,0.296,0.004,0.205,0.000,50,W,0,,,,368026,291.96,0
1088,2571.485,"Mount",-0.244,-0.033,-0.205,0.137,-0.115,0.000,28,E,0,,,,350146,273.42,0
1089,2573.905,"Mount",-0.074,-0.155,0.002,0.172,0.000,0.000,0,,0,,,,364481,257.08,0
1090,2576.189,"Mount",-0.449,0.037,-0.419,0.164,-0.264,0.000,64,E,0,,,,355761,291.98,0
1091,2578.669,"Mount",0.124,-0.062,0.138,0.001,0.069,0.000,17,W,0,,,,340942,266.28,0
1092,2580.917,"Mount",-0.134,0.124,-0.175,-0.053,-0.105,0.000,25,E,0,,,,357493,279.46,0
1093,2583.278,"Mount",0.057,0.071,0.020,-0.089,0.000,0.000,0,,0,,,,351245,254.13,0
1094,2585.509,"Mount",-0.105,0.017,-0.102,0.031,0.000,0.000,0,,0,,,,351961,267.07,0
1095,2587.941,"Mount",0.155,-0.126,0.194,0.045,0.122,0.000,30,W,0,,,,346398,299.58,0
1096,2590.277,"Mount",-0.270,-0.120,-0.190,0.226,-0.111,0.226,27,E,48,S,,,328999,272.86,0
1097,2592.638,"Mount",0.046,-0.092,0.082,0.063,0.000,0.000,0,,0,,,,323490,285.74,0
1098,2594.942,"Mount",-0.172,0.116,-0.205,-0.029,-0.129,0.000,31,E,0,,,,328371,258.81,0
1099,2597.304,"Mount",-0.050,0.013,-0.050,0.010,0.000,0.000,0,,0,,,,321558,269.20,0
1100,2599.638,"Mount",-0.331,0.292,-0.425,-0.117,-0.268,0.000,65,E,0,,,,324385,273.03,0
1101,2602.587,"Mount",-0.061,0.058,-0.081,-0.025,0.000,0.000,0,,0,,,,316760,272.51,0
1102,2604.871,"Mount",-0.299,-0.075,-0.236,0.198,-0.148,0.000,36,E,0,,,,321469,257.45,0
1103,2607.333,"Mount",-0.352,0.048,-0.337,0.111,-0.223,0.000,54,E,0,,,,318834,251.55,0
1104,2610.023,"Mount",-0.146,-0.044,-0.112,0.104,0.000,0.000,0,,0,,,,306616,251.63,0
1105,2612.632,"Mount",0.078,-0.071,0.101,0.030,0.000,0.000,0,,0,,,,312914,281.40,0
1106,2615.873,"Mount",-0.228,-0.153,-0.137,0.238,-0.086,0.238,21,E,50,S,,,301651,250.09,0
1107,2618.349,"Mount",0.536,0.033,0.467,-0.265,0.288,0.000,70,W,0,,,,293251,256.62,0
1108,2620.610,"Mount",0.132,0.405,-0.059,-0.422,0.000,0.000,0,,0,,,,297283,254.29,0
1109,2623.109,"Mount",-0.270,0.348,-0.395,-0.194,-0.249,0.000,60,E,0,,,,297431,233.04,0
1110,2625.397,"Mount",-0.234,0.428,-0.399,-0.282,-0.269,0.000,65,E,0,,,,292869,253.06,0
1111,2629.005,"Mount",0.493,0.152,0.377,-0.353,0.218,-0.353,53,W,1110,N,,,299188,253.34,0
1112,2631.460,"Mount",0.176,0.094,0.117,-0.162,0.000,0.000,0,,0,,,,308783,268.25,0
1113,2633.817,"Mount",0.070,0.108,0.015,-0.128,0.000,0.000,0,,0,,,,279955,217.23,0
1114,2636.085,"Mount",-0.294,0.216,-0.359,-0.065,-0.226,0.000,55,E,0,,,,264898,234.25,0
1115,2638.509,"Mount",0.197,0.025,0.166,-0.108,0.089,0.000,21,W,0,,,,271593,243.91,0
1116,2640.800,"Mount",-0.470,0.209,-0.514,0.019,-0.318,0.000,77,E,0,,,,281197,232.92,0
1117,2643.265,"Mount",-0.100,-0.028,-0.077,0.069,0.000,0.000,0,,0,,,,285140,237.32,0
1118,2645.509,"Mount",-0.147,0.063,-0.159,0.007,-0.100,0.000,24,E,0,,,,290946,248.65,0
1119,2648.013,"Mount",0.321,0.024,0.278,-0.162,0.168,0.000,41,W,0,,,,281090,221.56,0
1120,2650.382,"Mount",0.389,0.106,0.303,-0.266,0.203,-0.266,49,W,56,N,,,250117,214.56,0
1121,2652.854,"Mount",0.465,-0.082,0.454,-0.131,0.300,0.000,72,W,0,,,,235037,224.37,0
1122,2655.253,"Mount",0.372,-0.248,0.444,0.060,0.300,0.000,73,W,0,,,,228535,204.58,0
1123,2657.702,"Mount",-0.431,0.006,-0.390,0.183,-0.225,0.000,54,E,0,,,,222165,209.80,0
1124,2659.968,"Mount",0.165,0.088,0.110,-0.152,0.000,0.000,0,,0,,,,237584,199.00,0
1125,2662.574,"Mount",-0.139,0.179,-0.204,-0.100,-0.128,0.000,31,E,0,,,,214026,183.84,0
1126,2664.885,"Mount",0.260,-0.176,0.310,0.044,0.186,0.000,45,W,0,,,,215002,209.86,0
1127,2667.502,"Mount",-0.234,0.028,-0.223,0.077,-0.127,0.000,31,E,0,,,,226231,205.45,0
1128,2669.780,"Mount",0.058,0.015,0.046,-0.039,0.000,0.000,0,,0,,,,242028,234.61,0
1129,2672.229,"Mount",0.210,-0.041,0.207,-0.056,0.130,0.000,32,W,0,,,,256254,219.71,0
1130,2674.517,"Mount",0.183,-0.072,0.196,-0.016,0.133,0.000,32,W,0,,,,238977,218.74,0
1131,2676.880,"Mount",0.013,0.161,-0.059,-0.150,0.000,0.000,0,,0,,,,233870,213.05,0
1132,2679.373,"Mount",0.774,0.096,0.653,-0.426,0.411,-0.426,99,W,89,N,,,239062,218.35,0
1133,2681.756,"Mount",0.011,-0.018,0.018,0.011,0.000,0.000,0,,0,,,,207430,171.16,0
1134,2684.013,"Mount",-0.297,0.026,-0.278,0.107,-0.175,0.000,42,E,0,,,,230972,227.66,0
1135,2686.421,"Mount",0.347,-0.060,0.338,-0.098,0.201,0.000,48,W,0,,,,256760,230.82,0
1136,2688.693,"Mount",0.290,-0.020,0.269,-0.109,0.184,0.000,44,W,0,,,,269635,231.99,0
1137,2691.090,"Mount",-0.095,0.007,-0.088,0.036,0.000,0.000,0,,0,,,,308268,250.19,0
1138,2693.376,"Mount",0.123,-0.009,0.115,-0.046,0.000,0.000,0,,0,,,,328896,274.60,0
1139,2695.837,"Mount",0.379,-0.192,0.425,0.006,0.268,0.000,65,W,0,,,,330127,260.55,0
1140,2698.077,"Mount",0.137,-0.024,0.133,-0.039,0.103,0.000,25,W,0,,,,306831,263.19,0
1141,2700.428,"Mount",-0.063,0.013,-0.062,0.016,0.000,0.000,0,,0,,,,313620,254.31,0
1142,2702.702,"Mount",-0.363,0.286,-0.452,-0.098,-0.285,0.000,69,E,0,,,,286162,244.91,0
1143,2705.109,"Mount",-0.305,-0.038,-0.257,0.168,-0.182,0.000,44,E,0,,,,294833,261.45,0
1144,2707.390,"Mount",-0.417,0.162,-0.446,0.038,-0.294,0.000,71,E,0,,,,320828,260.49,0
1145,2709.734,"Mount",0.052,0.175,-0.030,-0.180,0.000,0.000,0,,0,,,,336190,267.94,0
1146,2712.091,"Mount",-0.369,-0.136,-0.272,0.284,-0.172,0.000,41,E,0,,,,327875,274.20,0
1147,2714.533,"Mount",0.305,-0.078,0.308,-0.064,0.182,0.000,44,W,0,,,,355816,272.37,0
1148,2716.805,"Mount",0.192,0.195,0.087,-0.259,0.000,-0.259,0,,54,N,,,347424,254.73,0
1149,2719.216,"Mount",0.172,-0.082,0.191,-0.002,0.120,0.000,29,W,0,,,,365565,288.40,0
1150,2721.495,"Mount",-0.306,0.172,-0.350,-0.020,-0.212,0.000,51,E,0,,,,384174,282.35,0
1151,2723.902,"Mount",0.181,-0.212,0.255,0.111,0.146,0.000,35,W,0,,,,381655,307.68,0
1152,2726.186,"Mount",-0.110,0.201,-0.187,-0.132,-0.108,0.000,26,E,0,,,,392639,299.92,0
1153,2728.632,"Mount",0.118,-0.088,0.145,0.027,0.084,0.000,20,W,0,,,,382437,299.41,0
1154,2731.830,"Mount",-0.098,0.190,-0.172,-0.128,-0.102,0.000,25,E,0,,,,380921,305.55,0
1155,2735.565,"Mount",-0.787,-0.817,-0.348,1.080,-0.227,1.080,55,E,1263,S,,,392459,276.42,0
1156,2737.973,"Mount",-0.356,-0.103,-0.275,0.249,-0.189,0.249,46,E,52,S,,,381653,265.17,0
1157,2740.477,"Mount",0.945,-0.048,0.870,-0.372,0.535,0.000,129,W,0,,,,383902,294.59,0
1158,2743.957,"Mount",-0.225,1.070,-0.672,-0.863,-0.386,-0.863,93,E,1155,N,,,388653,299.15,0
1159,2746.597,"Mount",-0.238,0.890,-0.604,-0.695,-0.408,-0.695,98,E,146,N,,,369721,277.26,0
1160,2749.101,"Mount",0.128,1.039,-0.341,-0.990,-0.243,-0.990,59,E,208,N,,,385937,282.20,0
1161,2751.693,"Mount",0.010,0.694,-0.296,-0.628,-0.203,-0.628,49,E,132,N,,,394775,302.73,0
Guiding Ends at 2026-09-04 01:33:53

Guiding Begins at 2026-09-04 01:47:51
Equipment Profile = SW4P_EVO
Dither = both axes, Dither scale = 1.000, Image noise reduction = 2x2 mean, Guide-frame time lapse = 0, Server enabled
Pixel scale = 2.91 arc-sec/px, Binning = 1, Focal length = 266 mm
Search region = 15 px, Star mass tolerance = 50.0%, Multi-star mode, list size = 12
 Camera = ZWO ASI120MM Mini (ASCOM), full size = 1280 x 960, have dark, dark dur = 2000, no defect map, pixel size = 3.8 um
Exposure = 2000 ms
Mount = GPUSB, connected, guiding enabled, AuxMount=CPWI_ASCOM_Telescope, xAngle = -26.0, xRate = 4.140, yAngle = -116.0, yRate = 4.762, parity = +/-
Norm rates RA = 13.1"/s @ dec 0, Dec = 13.8"/s; ortho.err. = 0.0 deg
X guide algorithm = Hysteresis, Hysteresis = 0.100, Aggression = 0.700, Minimum move = 0.130
Y guide algorithm = Resist Switch, Minimum move = 0.200 Aggression = 100% FastSwitch = enabled
Backlash comp = enabled, pulse = 1006 ms
Max RA duration = 2500, Max DEC duration = 2500, DEC guide mode = Auto
RA Guide Speed = 14.9 a-s/s, Dec Guide Speed = 14.9 a-s/s, Cal Dec = -0.0, Last Cal Issue = None, Timestamp = 31/08/2026 21:19:06
RA = 20.01 hr, Dec = 22.8 deg, Hour angle = 3.43 hr, Pier side = East, Rotator pos = N/A, Alt = 43.3 deg, Az = 261.9 deg
Lock position = 626.951, 901.312, Star position = 626.951, 901.312, HFD = 3.30 px
Frame,Time,mount,dx,dy,RARawDistance,DECRawDistance,RAGuideDistance,DECGuideDistance,RADuration,RADirection,DECDuration,DECDirection,XStep,YStep,StarMass,SNR,ErrorCode
INFO: SETTLING STATE CHANGE, Settling started
1,2.693,"Mount",0.606,-0.324,0.686,0.025,0.432,0.000,104,W,0,,,,463315,340.92,0
2,4.865,"Mount",-0.274,-0.305,-0.112,0.394,0.000,0.000,0,,0,,,,461928,345.07,0
3,7.316,"Mount",-0.534,-0.128,-0.424,0.349,-0.267,0.000,65,E,0,,,,470511,322.28,0
4,9.772,"Mount",-0.848,-0.214,-0.668,0.564,-0.440,0.564,106,E,118,S,,,470883,329.29,0
5,12.139,"Mount",-0.155,-0.054,-0.115,0.117,0.000,0.000,0,,0,,,,476871,348.86,0
INFO: SETTLING STATE CHANGE, Settling complete
6,14.476,"Mount",-0.409,-0.052,-0.345,0.227,-0.217,0.227,52,E,48,S,,,475866,353.95,0
7,16.816,"Mount",-0.023,-0.205,0.069,0.194,0.000,0.000,0,,0,,,,453459,349.72,0
8,19.220,"Mount",0.327,-0.415,0.475,0.229,0.299,0.229,72,W,48,S,,,485609,342.02,0
9,21.629,"Mount",-0.354,-0.048,-0.297,0.198,-0.166,0.000,40,E,0,,,,468889,352.84,0
10,23.785,"Mount",0.117,-0.027,0.117,-0.027,0.000,0.000,0,,0,,,,422613,324.68,0
11,26.189,"Mount",0.387,0.038,0.331,-0.204,0.209,0.000,50,W,0,,,,448691,319.25,0
12,28.437,"Mount",-0.017,-0.076,0.018,0.076,0.000,0.000,0,,0,,,,449307,348.32,0
13,30.917,"Mount",-0.179,-0.058,-0.136,0.131,-0.086,0.000,21,E,0,,,,449219,319.25,0
14,33.087,"Mount",-0.135,0.018,-0.129,0.042,0.000,0.000,0,,0,,,,459306,343.92,0
15,35.493,"Mount",-0.228,-0.051,-0.182,0.146,-0.115,0.000,28,E,0,,,,452410,341.83,0
16,37.781,"Mount",-0.423,0.046,-0.400,0.144,-0.260,0.000,63,E,0,,,,467223,326.24,0
17,40.138,"Mount",-0.033,-0.132,0.028,0.133,0.000,0.000,0,,0,,,,477931,336.66,0
18,42.588,"Mount",-0.357,-0.131,-0.264,0.274,-0.166,0.274,40,E,58,S,,,472426,314.20,0
19,45.236,"Mount",-0.965,-0.104,-0.822,0.517,-0.529,0.517,128,E,109,S,,,461706,317.33,0
20,47.612,"Mount",-0.506,-0.071,-0.423,0.285,-0.304,0.285,73,E,60,S,,,460908,364.39,0
21,50.180,"Mount",0.142,-0.599,0.390,0.476,0.225,0.476,54,W,100,S,,,460168,321.36,0
22,52.421,"Mount",0.135,-0.090,0.161,0.022,0.117,0.000,28,W,0,,,,441624,336.18,0
23,54.837,"Mount",-0.153,0.166,-0.211,-0.082,-0.124,0.000,30,E,0,,,,464358,322.39,0
24,57.077,"Mount",-0.215,0.059,-0.219,0.042,-0.147,0.000,35,E,0,,,,480955,357.15,0
25,59.516,"Mount",0.364,0.020,0.318,-0.178,0.190,0.000,46,W,0,,,,441707,334.89,0
26,61.797,"Mount",-0.205,0.266,-0.301,-0.148,-0.176,0.000,43,E,0,,,,464329,354.17,0
27,64.237,"Mount",-0.533,0.239,-0.584,0.019,-0.380,0.000,92,E,0,,,,476289,370.49,0
28,66.403,"Mount",-0.011,0.086,-0.047,-0.072,0.000,0.000,0,,0,,,,463834,329.42,0
29,68.747,"Mount",-0.024,0.023,-0.032,-0.010,0.000,0.000,0,,0,,,,454149,315.48,0
30,71.189,"Mount",0.055,-0.791,0.396,0.687,0.250,0.687,60,W,144,S,,,463160,331.44,0
31,73.637,"Mount",-0.447,0.070,-0.432,0.133,-0.255,0.000,62,E,0,,,,455534,320.77,0
32,76.148,"Mount",-1.279,0.171,-1.224,0.407,-0.789,0.407,191,E,86,S,,,448122,329.84,0
33,78.746,"Mount",-0.695,-0.022,-0.614,0.324,-0.442,0.324,107,E,68,S,,,460261,339.21,0
34,81.133,"Mount",1.158,-0.534,1.275,-0.029,0.772,0.000,187,W,0,,,,459912,338.53,0
35,83.581,"Mount",0.334,-0.202,0.389,0.035,0.299,0.000,72,W,0,,,,460463,338.40,0
36,85.821,"Mount",-0.131,0.147,-0.182,-0.075,-0.094,0.000,23,E,0,,,,453487,372.24,0
37,88.153,"Mount",0.029,-0.090,0.065,0.068,0.000,0.000,0,,0,,,,476757,347.04,0
38,90.468,"Mount",0.295,-0.201,0.353,0.051,0.223,0.000,54,W,0,,,,442296,302.83,0
39,92.809,"Mount",0.131,-0.010,0.122,-0.049,0.000,0.000,0,,0,,,,415768,322.94,0
40,95.100,"Mount",-0.172,-0.141,-0.092,0.202,0.000,0.202,0,,42,S,,,474138,344.51,0
41,97.557,"Mount",0.446,-0.330,0.545,0.101,0.343,0.000,83,W,0,,,,464585,314.40,0
42,99.813,"Mount",-0.386,0.119,-0.399,0.063,-0.227,0.000,55,E,0,,,,468646,337.87,0
43,102.281,"Mount",-0.094,0.131,-0.142,-0.076,-0.105,0.000,25,E,0,,,,454759,310.60,0
44,104.439,"Mount",0.012,-0.111,0.059,0.094,0.000,0.000,0,,0,,,,459194,319.11,0
45,106.885,"Mount",-0.326,0.224,-0.392,-0.058,-0.247,0.000,60,E,0,,,,464180,350.24,0
46,109.109,"Mount",0.174,0.037,0.140,-0.109,0.071,0.000,17,W,0,,,,449775,330.83,0
47,111.710,"Mount",0.988,-0.274,1.008,-0.187,0.640,0.000,155,W,0,,,,466299,371.90,0
48,113.941,"Mount",0.079,-0.137,0.131,0.089,0.127,0.000,31,W,0,,,,447846,332.04,0
49,116.333,"Mount",-0.122,0.155,-0.178,-0.086,-0.103,0.000,25,E,0,,,,439980,327.40,0
50,118.542,"Mount",-0.028,-0.029,-0.013,0.038,0.000,0.000,0,,0,,,,448205,331.10,0
51,120.885,"Mount",0.004,-0.130,0.060,0.115,0.000,0.000,0,,0,,,,452856,327.42,0
52,123.292,"Mount",-0.720,-0.062,-0.620,0.372,-0.391,0.372,94,E,78,S,,,444987,312.38,0
53,125.836,"Mount",-0.371,-0.274,-0.213,0.409,-0.162,0.409,39,E,86,S,,,452037,359.35,0
54,128.117,"Mount",-0.578,0.071,-0.551,0.190,-0.358,0.000,87,E,0,,,,458565,342.80,0
55,130.709,"Mount",0.677,-0.634,0.886,0.273,0.533,0.273,129,W,57,S,,,466657,358.19,0
56,133.005,"Mount",0.404,-0.326,0.506,0.116,0.356,0.000,86,W,0,,,,462646,323.75,0
57,135.437,"Mount",-0.338,0.213,-0.397,-0.043,-0.225,0.000,54,E,0,,,,458317,346.93,0
58,137.709,"Mount",-0.309,0.171,-0.353,-0.018,-0.238,0.000,57,E,0,,,,465047,329.29,0
59,140.412,"Mount",-1.471,0.316,-1.461,0.362,-0.937,0.362,226,E,76,S,,,453665,342.49,0
60,142.781,"Mount",0.331,-0.229,0.398,0.060,0.185,0.000,45,W,0,,,,442719,326.01,0
61,145.421,"Mount",-1.177,0.269,-1.176,0.275,-0.728,0.275,176,E,58,S,,,445305,333.37,0
62,147.709,"Mount",0.515,-0.360,0.621,0.098,0.340,0.000,82,W,0,,,,466249,337.85,0
63,150.156,"Mount",-0.027,-0.301,0.108,0.282,0.000,0.282,0,,59,S,,,457595,346.90,0
64,152.597,"Mount",0.146,-0.656,0.419,0.525,0.264,0.525,64,W,110,S,,,444438,327.14,0
65,155.053,"Mount",0.433,-0.161,0.460,-0.045,0.308,0.000,74,W,0,,,,467472,327.27,0
66,157.317,"Mount",0.320,-0.100,0.332,-0.051,0.231,0.000,56,W,0,,,,454013,345.08,0
67,159.646,"Mount",-0.081,-0.067,-0.044,0.096,0.000,0.000,0,,0,,,,434165,308.81,0
68,161.985,"Mount",-0.639,0.363,-0.734,-0.046,-0.462,0.000,112,E,0,,,,459469,305.17,0
69,164.325,"Mount",0.107,-0.051,0.118,-0.001,0.000,0.000,0,,0,,,,449669,323.18,0
70,166.542,"Mount",-0.006,-0.037,0.011,0.036,0.000,0.000,0,,0,,,,422159,349.51,0
71,168.981,"Mount",0.232,-0.129,0.265,0.014,0.167,0.000,40,W,0,,,,438506,329.82,0
72,171.292,"Mount",0.113,-0.301,0.234,0.221,0.159,0.221,38,W,46,S,,,441415,343.41,0
73,173.797,"Mount",0.643,-0.092,0.618,-0.199,0.401,0.000,97,W,0,,,,444546,344.41,0
74,176.077,"Mount",0.414,-0.110,0.420,-0.083,0.293,0.000,71,W,0,,,,446658,326.96,0
75,178.511,"Mount",0.404,-0.062,0.391,-0.122,0.267,0.000,64,W,0,,,,426671,341.46,0
76,180.773,"Mount",-0.314,0.180,-0.362,-0.024,-0.209,0.000,51,E,0,,,,446841,325.41,0
77,183.182,"Mount",-0.225,-0.029,-0.189,0.125,-0.134,0.000,32,E,0,,,,435647,325.20,0
78,185.452,"Mount",-0.160,-0.206,-0.053,0.255,0.000,0.255,0,,54,S,,,447514,336.72,0
79,187.973,"Mount",-0.863,0.326,-0.918,0.086,-0.579,0.000,140,E,0,,,,440769,360.76,0
80,190.269,"Mount",-0.445,0.299,-0.531,-0.073,-0.375,0.000,91,E,0,,,,444226,328.29,0
81,192.781,"Mount",-0.391,-0.059,-0.326,0.225,-0.231,0.225,56,E,47,S,,,452928,322.31,0
82,195.037,"Mount",0.316,-0.067,0.313,-0.079,0.181,0.000,44,W,0,,,,448846,325.32,0
83,197.477,"Mount",0.346,-0.081,0.347,-0.080,0.231,0.000,56,W,0,,,,455640,336.04,0
84,199.797,"Mount",0.396,-0.060,0.382,-0.120,0.257,0.000,62,W,0,,,,439848,320.26,0
85,202.237,"Mount",-0.347,-0.006,-0.309,0.157,-0.177,0.000,43,E,0,,,,466903,306.27,0
86,204.756,"Mount",-0.808,-0.413,-0.544,0.726,-0.355,0.726,86,E,152,S,,,467294,342.45,0
87,207.205,"Mount",-0.336,0.149,-0.367,0.014,-0.256,0.000,62,E,0,,,,457040,330.28,0
88,209.461,"Mount",0.248,-0.214,0.316,0.084,0.181,0.000,44,W,0,,,,482384,357.98,0
89,211.909,"Mount",-0.426,0.133,-0.441,0.067,-0.265,0.000,64,E,0,,,,466932,341.72,0
90,214.073,"Mount",-0.150,-0.074,-0.103,0.132,0.000,0.000,0,,0,,,,473488,337.37,0
91,216.461,"Mount",-0.186,-0.015,-0.161,0.095,-0.101,0.000,24,E,0,,,,458128,306.85,0
92,218.635,"Mount",-0.046,0.063,-0.069,-0.036,0.000,0.000,0,,0,,,,473162,290.74,0
93,221.021,"Mount",0.154,-0.055,0.163,-0.018,0.103,0.000,25,W,0,,,,456180,313.17,0
94,223.348,"Mount",-0.273,-0.164,-0.173,0.267,-0.102,0.267,25,E,56,S,,,462601,347.11,0
95,225.773,"Mount",-0.251,0.068,-0.256,0.049,-0.168,0.000,41,E,0,,,,459338,340.22,0
96,227.957,"Mount",-0.088,-0.041,-0.061,0.076,0.000,0.000,0,,0,,,,444350,324.34,0
97,230.349,"Mount",0.218,-0.104,0.242,-0.002,0.152,0.000,37,W,0,,,,452482,346.60,0
98,232.629,"Mount",0.200,-0.072,0.211,-0.023,0.144,0.000,35,W,0,,,,444740,339.35,0
99,235.029,"Mount",-0.190,-0.091,-0.131,0.165,-0.072,0.000,17,E,0,,,,450358,343.70,0
100,237.309,"Mount",0.377,-0.168,0.413,-0.015,0.255,0.000,62,W,0,,,,434865,322.17,0
101,239.749,"Mount",-0.525,0.221,-0.569,0.032,-0.340,0.000,82,E,0,,,,478891,325.36,0
102,241.924,"Mount",0.125,0.001,0.112,-0.055,0.000,0.000,0,,0,,,,436398,340.18,0
103,244.365,"Mount",-0.529,0.163,-0.547,0.086,-0.345,0.000,83,E,0,,,,452515,323.99,0
104,246.605,"Mount",-0.229,-0.090,-0.166,0.181,-0.129,0.000,31,E,0,,,,476844,352.84,0
105,248.960,"Mount",0.180,0.120,0.109,-0.187,0.000,0.000,0,,0,,,,479564,341.31,0
106,251.213,"Mount",-0.222,0.211,-0.292,-0.092,-0.184,0.000,44,E,0,,,,446464,323.50,0
107,253.637,"Mount",-0.144,0.137,-0.189,-0.060,-0.132,0.000,32,E,0,,,,467615,333.34,0
108,255.885,"Mount",0.182,-0.186,0.245,0.087,0.145,0.000,35,W,0,,,,460499,363.88,0
109,258.341,"Mount",0.390,-0.228,0.450,0.034,0.294,0.000,71,W,0,,,,443069,345.27,0
110,260.605,"Mount",0.367,-0.000,0.330,-0.161,0.229,0.000,55,W,0,,,,454500,340.61,0
111,263.045,"Mount",-0.375,0.205,-0.427,-0.020,-0.253,0.000,61,E,0,,,,467633,355.89,0
112,265.229,"Mount",0.057,-0.065,0.080,0.034,0.000,0.000,0,,0,,,,437525,321.50,0
113,267.636,"Mount",-0.041,-0.210,0.055,0.207,0.000,0.207,0,,43,S,,,458964,389.12,0
114,269.818,"Mount",-0.001,-0.051,0.021,0.046,0.000,0.000,0,,0,,,,440313,351.78,0
115,272.184,"Mount",-0.117,-0.092,-0.064,0.134,0.000,0.000,0,,0,,,,467479,353.82,0
116,274.532,"Mount",-0.507,-0.141,-0.394,0.349,-0.248,0.349,60,E,73,S,,,449544,314.67,0
117,276.964,"Mount",0.052,-0.126,0.101,0.090,0.000,0.000,0,,0,,,,487130,341.95,0
118,279.309,"Mount",0.767,-0.204,0.779,-0.154,0.491,0.000,119,W,0,,,,466942,338.05,0
119,281.685,"Mount",-0.151,0.018,-0.144,0.050,-0.056,0.000,14,E,0,,,,465638,348.00,0
120,283.851,"Mount",0.104,-0.027,0.105,-0.022,0.000,0.000,0,,0,,,,473265,327.92,0
121,286.548,"Mount",-1.256,-0.075,-1.095,0.619,-0.690,0.619,167,E,130,S,,,474902,345.25,0
122,288.746,"Mount",0.046,0.001,0.041,-0.021,0.000,0.000,0,,0,,,,454494,299.34,0
123,291.205,"Mount",-0.637,0.132,-0.630,0.161,-0.397,0.000,96,E,0,,,,465648,327.45,0
124,293.380,"Mount",-0.029,0.004,-0.027,0.009,0.000,0.000,0,,0,,,,454482,334.19,0
125,295.813,"Mount",0.232,-0.082,0.244,-0.028,0.154,0.000,37,W,0,,,,463703,353.84,0
126,298.077,"Mount",0.338,-0.175,0.381,0.009,0.251,0.000,61,W,0,,,,461321,332.95,0
127,300.598,"Mount",0.827,-0.469,0.949,0.058,0.615,0.000,149,W,0,,,,476624,335.43,0
128,302.845,"Mount",0.088,-0.140,0.140,0.088,0.131,0.000,32,W,0,,,,482933,339.60,0
129,305.317,"Mount",-0.611,0.292,-0.677,0.006,-0.417,0.000,101,E,0,,,,473443,342.62,0
130,307.621,"Mount",-0.566,0.191,-0.592,0.076,-0.402,0.000,97,E,0,,,,468040,339.44,0
131,310.021,"Mount",0.225,-0.158,0.272,0.043,0.143,0.000,35,W,0,,,,452698,341.38,0
132,312.333,"Mount",-0.544,0.212,-0.582,0.048,-0.356,0.000,86,E,0,,,,465907,369.99,0
133,314.820,"Mount",-0.306,-0.187,-0.193,0.302,-0.146,0.302,35,E,63,S,,,484370,347.69,0
134,317.085,"Mount",0.243,-0.024,0.229,-0.085,0.134,0.000,32,W,0,,,,478994,359.54,0
135,319.532,"Mount",-0.181,-0.236,-0.059,0.291,0.000,0.291,0,,61,S,,,462495,316.32,0
136,321.838,"Mount",0.509,-0.386,0.626,0.123,0.395,0.000,95,W,0,,,,467372,324.13,0
137,324.195,"Mount",0.085,0.001,0.076,-0.038,0.000,0.000,0,,0,,,,451152,308.73,0
138,326.453,"Mount",0.504,-0.164,0.525,-0.074,0.331,0.000,80,W,0,,,,455278,362.67,0
139,328.933,"Mount",-0.234,0.134,-0.269,-0.018,-0.147,0.000,35,E,0,,,,452699,348.58,0
140,331.173,"Mount",-0.330,-0.036,-0.281,0.178,-0.187,0.000,45,E,0,,,,470855,331.50,0
141,333.510,"Mount",0.078,0.181,-0.010,-0.196,0.000,0.000,0,,0,,,,434460,317.90,0
142,335.765,"Mount",-0.173,0.379,-0.322,-0.264,-0.203,0.000,49,E,0,,,,476529,360.43,0
143,338.109,"Mount",-0.127,-0.023,-0.104,0.076,0.000,0.000,0,,0,,,,470665,342.56,0
144,340.405,"Mount",-0.613,0.200,-0.638,0.089,-0.402,0.000,97,E,0,,,,468344,326.78,0
145,342.752,"Mount",0.022,-0.054,0.044,0.038,0.000,0.000,0,,0,,,,479138,376.52,0
146,344.997,"Mount",-0.154,0.188,-0.220,-0.101,-0.139,0.000,34,E,0,,,,477407,342.27,0
147,347.345,"Mount",0.048,-0.117,0.094,0.084,0.000,0.000,0,,0,,,,451590,349.04,0
148,349.838,"Mount",-0.520,-0.087,-0.429,0.306,-0.270,0.306,65,E,64,S,,,468530,332.67,0
149,352.261,"Mount",0.219,-0.009,0.201,-0.088,0.108,0.000,26,W,0,,,,455806,323.04,0
150,354.541,"Mount",-0.543,0.240,-0.593,0.023,-0.366,0.000,88,E,0,,,,476956,369.45,0
151,357.069,"Mount",-0.979,0.299,-1.011,0.161,-0.663,0.000,160,E,0,,,,463707,306.22,0
152,359.335,"Mount",-0.188,0.153,-0.237,-0.055,-0.195,0.000,47,E,0,,,,466902,341.61,0
153,361.845,"Mount",-0.243,-0.401,-0.043,0.468,0.000,0.468,0,,98,S,,,462350,366.33,0
154,364.085,"Mount",-0.274,0.063,-0.274,0.064,-0.173,0.000,42,E,0,,,,465928,325.06,0
155,366.477,"Mount",0.179,0.005,0.158,-0.083,0.088,0.000,21,W,0,,,,472132,376.81,0
156,368.757,"Mount",-0.270,0.349,-0.396,-0.195,-0.243,0.000,59,E,0,,,,482762,367.84,0
157,371.098,"Mount",0.031,0.058,0.002,-0.066,0.000,0.000,0,,0,,,,478705,343.21,0
158,373.461,"Mount",-0.444,-0.124,-0.345,0.306,-0.217,0.306,52,E,64,S,,,445625,321.71,0
159,377.069,"Mount",-0.016,0.714,-0.328,-0.635,-0.222,-0.635,54,E,1139,N,,,480023,357.62,0
160,379.413,"Mount",-0.384,0.400,-0.521,-0.191,-0.344,0.000,83,E,0,,,,493908,368.37,0
161,381.751,"Mount",0.170,0.136,0.093,-0.197,0.000,0.000,0,,0,,,,449404,335.75,0
162,384.021,"Mount",0.549,-0.062,0.521,-0.186,0.328,0.000,79,W,0,,,,461635,376.74,0
163,386.429,"Mount",0.404,0.025,0.352,-0.200,0.245,0.000,59,W,0,,,,459376,320.65,0
164,388.781,"Mount",0.275,0.159,0.177,-0.264,0.129,-0.264,31,W,55,N,,,472486,385.43,0
165,391.501,"Mount",-2.284,0.696,-2.358,0.377,-1.477,0.000,357,E,0,,,,484688,349.74,0
166,393.797,"Mount",0.207,0.358,0.029,-0.412,0.000,-0.412,0,,87,N,,,475074,316.22,0
167,396.205,"Mount",-0.128,0.270,-0.234,-0.186,-0.147,0.000,36,E,0,,,,466156,356.90,0
168,398.371,"Mount",0.173,0.067,0.126,-0.136,0.000,0.000,0,,0,,,,467750,341.41,0
169,400.789,"Mount",-0.117,0.093,-0.146,-0.032,-0.092,0.000,22,E,0,,,,463081,347.11,0
170,403.053,"Mount",0.349,-0.137,0.374,-0.031,0.229,0.000,55,W,0,,,,469189,346.33,0
171,405.517,"Mount",0.488,-0.069,0.469,-0.152,0.311,0.000,75,W,0,,,,472243,336.84,0
172,407.973,"Mount",1.001,-0.178,0.978,-0.280,0.638,-0.280,154,W,59,N,,,438484,327.59,0
173,410.429,"Mount",0.387,-0.207,0.438,0.016,0.321,0.000,78,W,0,,,,469536,326.05,0
174,412.685,"Mount",-0.138,0.249,-0.233,-0.163,-0.124,0.000,30,E,0,,,,452902,335.38,0
175,415.245,"Mount",0.530,0.217,0.381,-0.428,0.231,-0.428,56,W,90,N,,,479411,343.33,0
176,417.606,"Mount",-0.271,0.475,-0.452,-0.308,-0.268,-0.308,65,E,65,N,,,471992,346.37,0
177,419.957,"Mount",0.073,0.079,0.031,-0.103,0.000,0.000,0,,0,,,,424594,323.64,0
178,422.245,"Mount",-0.253,0.216,-0.322,-0.084,-0.203,0.000,49,E,0,,,,472776,335.72,0
179,424.586,"Mount",-0.044,0.133,-0.098,-0.100,0.000,0.000,0,,0,,,,466944,357.83,0
180,426.779,"Mount",0.047,-0.005,0.045,-0.017,0.000,0.000,0,,0,,,,463357,333.64,0
181,429.316,"Mount",0.531,-0.012,0.483,-0.222,0.304,-0.222,73,W,47,N,,,467481,333.09,0
182,431.494,"Mount",-0.045,0.101,-0.085,-0.070,0.000,0.000,0,,0,,,,471804,337.77,0
183,433.957,"Mount",-0.559,0.378,-0.668,-0.094,-0.421,0.000,102,E,0,,,,470955,324.37,0
184,436.253,"Mount",-0.592,-0.049,-0.511,0.304,-0.351,0.000,85,E,0,,,,464484,305.98,0
185,438.592,"Mount",-0.153,-0.176,-0.060,0.226,0.000,0.000,0,,0,,,,494810,333.55,0
186,440.837,"Mount",-0.162,0.239,-0.251,-0.143,-0.158,0.000,38,E,0,,,,457695,341.87,0
187,443.277,"Mount",0.445,-0.200,0.487,-0.015,0.296,0.000,72,W,0,,,,450169,320.99,0
188,445.533,"Mount",-0.207,0.069,-0.217,0.029,-0.116,0.000,28,E,0,,,,445582,335.45,0
189,448.021,"Mount",-0.011,0.312,-0.147,-0.276,-0.101,-0.276,24,E,58,N,,,458279,372.56,0
190,450.293,"Mount",0.292,-0.243,0.370,0.090,0.226,0.000,55,W,0,,,,468295,324.73,0
191,452.701,"Mount",0.206,-0.148,0.250,0.043,0.173,0.000,42,W,0,,,,461788,349.78,0
192,454.941,"Mount",-0.227,-0.118,-0.152,0.206,-0.084,0.000,20,E,0,,,,455322,330.76,0
193,457.389,"Mount",-0.383,0.174,-0.421,0.011,-0.271,0.000,65,E,0,,,,473302,375.74,0
194,459.653,"Mount",-0.430,0.029,-0.399,0.163,-0.271,0.000,65,E,0,,,,462863,349.10,0
195,462.085,"Mount",0.150,-0.506,0.356,0.389,0.206,0.000,50,W,0,,,,473599,377.86,0
196,464.421,"Mount",-0.785,0.305,-0.839,0.071,-0.514,0.000,124,E,0,,,,495856,341.67,0
197,466.869,"Mount",-0.375,0.023,-0.347,0.144,-0.255,0.000,61,E,0,,,,461894,352.83,0
198,469.042,"Mount",-0.235,-0.282,-0.087,0.356,0.000,0.000,0,,0,,,,461659,340.66,0
199,471.517,"Mount",0.513,-0.440,0.654,0.170,0.412,0.000,99,W,0,,,,479750,343.60,0
200,473.806,"Mount",0.332,-0.214,0.392,0.047,0.276,0.000,67,W,0,,,,463146,338.13,0
201,476.229,"Mount",0.263,-0.143,0.299,0.014,0.208,0.000,50,W,0,,,,441261,326.45,0
202,478.400,"Mount",-0.034,-0.020,-0.022,0.033,0.000,0.000,0,,0,,,,444513,352.31,0
203,480.813,"Mount",-0.240,0.160,-0.286,-0.038,-0.180,0.000,44,E,0,,,,442877,349.72,0
204,482.984,"Mount",-0.126,0.024,-0.124,0.034,0.000,0.000,0,,0,,,,429734,313.71,0
205,485.398,"Mount",-0.162,-0.028,-0.133,0.096,-0.084,0.000,20,E,0,,,,438626,348.82,0
206,487.669,"Mount",-0.176,-0.005,-0.156,0.081,-0.104,0.000,25,E,0,,,,452443,339.70,0
207,490.014,"Mount",-0.058,-0.267,0.065,0.266,0.000,0.000,0,,0,,,,444779,328.47,0
208,492.277,"Mount",-0.323,-0.207,-0.199,0.328,-0.125,0.000,30,E,0,,,,456486,362.75,0
209,495.909,"Mount",-1.107,0.193,-1.079,0.312,-0.689,0.312,166,E,1071,S,,,451532,316.81,0
210,498.173,"Mount",0.295,-0.254,0.376,0.099,0.189,0.000,46,W,0,,,,448622,327.86,0
211,500.805,"Mount",0.650,-0.704,0.893,0.347,0.575,0.347,139,W,73,S,,,452831,335.23,0
212,502.968,"Mount",-0.107,-0.081,-0.061,0.119,0.000,0.000,0,,0,,,,451659,314.67,0
213,505.462,"Mount",-0.726,0.155,-0.721,0.179,-0.454,0.000,110,E,0,,,,472142,339.72,0
214,507.717,"Mount",-0.206,-0.133,-0.127,0.210,0.000,0.210,0,,44,S,,,472007,346.96,0
215,510.060,"Mount",0.009,0.036,-0.008,-0.036,0.000,0.000,0,,0,,,,464994,341.07,0
216,512.341,"Mount",-0.199,-0.012,-0.174,0.099,-0.109,0.000,26,E,0,,,,458433,352.93,0
217,514.789,"Mount",-0.217,-0.015,-0.188,0.108,-0.126,0.000,31,E,0,,,,466395,331.24,0
218,517.061,"Mount",-0.420,0.014,-0.383,0.172,-0.250,0.000,60,E,0,,,,461240,351.07,0
219,519.493,"Mount",-0.070,-0.190,0.021,0.201,0.000,0.201,0,,42,S,,,455994,333.22,0
220,521.885,"Mount",0.206,-0.491,0.400,0.351,0.252,0.351,61,W,74,S,,,454890,363.51,0
221,524.318,"Mount",-0.330,0.163,-0.368,-0.002,-0.214,0.000,52,E,0,,,,452116,319.37,0
222,526.757,"Mount",-0.847,-0.001,-0.761,0.373,-0.494,0.373,119,E,78,S,,,445490,342.03,0
223,529.229,"Mount",0.602,-0.327,0.684,0.029,0.397,0.000,96,W,0,,,,448290,347.89,0
224,531.557,"Mount",0.663,-0.297,0.726,-0.024,0.485,0.000,117,W,0,,,,454438,341.45,0
225,533.982,"Mount",0.280,-0.150,0.318,0.012,0.234,0.000,57,W,0,,,,431986,313.54,0
226,536.221,"Mount",0.101,-0.147,0.155,0.088,0.114,0.000,28,W,0,,,,416737,335.54,0
227,538.693,"Mount",-0.066,-0.333,0.087,0.328,0.000,0.328,0,,69,S,,,464036,329.31,0
228,540.941,"Mount",-0.289,0.080,-0.295,0.055,-0.186,0.000,45,E,0,,,,434413,326.02,0
229,543.349,"Mount",-0.175,0.059,-0.183,0.024,-0.128,0.000,31,E,0,,,,436587,331.09,0
230,545.621,"Mount",-0.371,0.195,-0.420,-0.013,-0.273,0.000,66,E,0,,,,477275,363.58,0
231,548.022,"Mount",0.139,-0.037,0.141,-0.028,0.070,0.000,17,W,0,,,,429610,310.29,0
232,550.253,"Mount",-0.233,0.088,-0.248,0.023,-0.151,0.000,37,E,0,,,,463477,348.88,0
233,552.669,"Mount",0.280,-0.168,0.326,0.028,0.195,0.000,47,W,0,,,,433061,320.99,0
234,554.959,"Mount",0.370,-0.197,0.419,0.015,0.278,0.000,67,W,0,,,,442363,334.90,0
235,557.398,"Mount",0.272,-0.350,0.398,0.195,0.270,0.000,65,W,0,,,,452523,333.47,0
236,559.725,"Mount",0.404,-0.314,0.501,0.105,0.334,0.000,81,W,0,,,,438684,326.45,0
237,562.068,"Mount",-0.058,0.118,-0.104,-0.081,0.000,0.000,0,,0,,,,443444,334.42,0
238,564.303,"Mount",-0.231,-0.065,-0.180,0.160,-0.113,0.000,27,E,0,,,,460710,348.22,0
239,566.783,"Mount",-0.457,0.121,-0.464,0.092,-0.300,0.000,72,E,0,,,,459709,329.26,0
240,569.285,"Mount",-0.912,-0.330,-0.675,0.697,-0.446,0.697,108,E,146,S,,,438502,312.55,0
241,571.717,"Mount",0.135,-0.092,0.162,0.023,0.071,0.000,17,W,0,,,,405590,295.64,0
242,573.965,"Mount",0.184,-0.299,0.296,0.189,0.192,0.000,46,W,0,,,,425393,322.89,0
243,576.306,"Mount",0.066,0.045,0.040,-0.069,0.000,0.000,0,,0,,,,418340,326.80,0
244,578.621,"Mount",0.684,-0.207,0.706,-0.115,0.445,0.000,107,W,0,,,,443690,340.01,0
245,581.109,"Mount",0.651,-0.314,0.722,-0.003,0.486,0.000,117,W,0,,,,425910,328.23,0
246,583.373,"Mount",0.243,-0.258,0.332,0.126,0.243,0.000,59,W,0,,,,418790,317.45,0
247,585.708,"Mount",-0.090,-0.034,-0.066,0.070,0.000,0.000,0,,0,,,,421711,327.32,0
248,587.877,"Mount",-0.036,0.051,-0.054,-0.030,0.000,0.000,0,,0,,,,415928,329.41,0
249,590.293,"Mount",-0.300,0.162,-0.340,-0.014,-0.214,0.000,52,E,0,,,,382565,294.06,0
250,592.455,"Mount",0.073,-0.077,0.100,0.037,0.000,0.000,0,,0,,,,390815,304.69,0
251,594.792,"Mount",0.113,0.182,0.021,-0.213,0.000,0.000,0,,0,,,,381602,291.84,0
252,597.045,"Mount",0.243,-0.061,0.245,-0.052,0.155,0.000,37,W,0,,,,385584,315.83,0
253,599.461,"Mount",-0.139,0.043,-0.144,0.022,-0.080,0.000,19,E,0,,,,382119,295.41,0
254,601.733,"Mount",0.217,0.032,0.181,-0.124,0.108,0.000,26,W,0,,,,395613,280.82,0
255,604.213,"Mount",-0.291,-0.092,-0.222,0.210,-0.132,0.210,32,E,44,S,,,405679,305.69,0
256,606.445,"Mount",0.232,-0.125,0.263,0.010,0.156,0.000,38,W,0,,,,401274,329.77,0
257,608.811,"Mount",-0.140,-0.131,-0.069,0.179,0.000,0.000,0,,0,,,,402368,324.51,0
258,611.029,"Mount",-0.193,-0.027,-0.161,0.109,-0.101,0.000,25,E,0,,,,371796,281.78,0
259,613.495,"Mount",-0.453,0.230,-0.508,-0.008,-0.327,0.000,79,E,0,,,,368799,291.98,0
260,615.665,"Mount",0.130,-0.008,0.120,-0.050,0.000,0.000,0,,0,,,,382985,338.06,0
261,618.085,"Mount",-0.203,-0.139,-0.122,0.214,0.000,0.214,0,,45,S,,,402422,296.90,0
262,620.343,"Mount",0.268,-0.299,0.371,0.151,0.234,0.000,57,W,0,,,,409113,313.78,0
263,622.789,"Mount",0.297,-0.059,0.293,-0.077,0.201,0.000,49,W,0,,,,393125,312.47,0
264,625.061,"Mount",0.404,0.037,0.347,-0.211,0.233,0.000,56,W,0,,,,391478,298.93,0
265,627.501,"Mount",-0.410,-0.004,-0.367,0.184,-0.215,0.000,52,E,0,,,,397047,317.03,0
266,629.925,"Mount",-0.795,0.055,-0.739,0.300,-0.480,0.300,116,E,63,S,,,394419,323.23,0
267,632.405,"Mount",0.596,0.121,0.483,-0.371,0.270,0.000,65,W,0,,,,410093,305.49,0
268,634.614,"Mount",0.164,0.362,-0.011,-0.397,0.000,0.000,0,,0,,,,381134,339.14,0
269,637.069,"Mount",-0.397,0.095,-0.398,0.089,-0.251,0.000,61,E,0,,,,398066,320.63,0
270,639.375,"Mount",0.071,-0.095,0.105,0.055,0.000,0.000,0,,0,,,,407678,318.46,0
271,641.703,"Mount",0.111,0.072,0.069,-0.113,0.000,0.000,0,,0,,,,404880,313.31,0
272,643.859,"Mount",0.004,0.109,-0.044,-0.099,0.000,0.000,0,,0,,,,400630,319.28,0
273,647.389,"Mount",0.336,0.135,0.243,-0.269,0.153,-0.269,37,W,1099,N,,,416052,336.43,0
274,649.831,"Mount",-0.031,-0.082,0.009,0.087,0.000,0.000,0,,0,,,,383120,283.84,0
275,652.333,"Mount",-0.612,0.418,-0.733,-0.107,-0.462,0.000,112,E,0,,,,391030,303.75,0
276,654.597,"Mount",-0.226,0.256,-0.316,-0.131,-0.231,0.000,56,E,0,,,,404594,333.82,0
277,656.948,"Mount",-0.016,0.179,-0.093,-0.153,0.000,0.000,0,,0,,,,418201,348.19,0
278,659.173,"Mount",-0.100,0.123,-0.144,-0.067,-0.090,0.000,22,E,0,,,,413100,326.90,0
279,661.536,"Mount",0.036,-0.056,0.056,0.035,0.000,0.000,0,,0,,,,414373,305.71,0
280,663.757,"Mount",0.141,-0.015,0.134,-0.048,0.084,0.000,20,W,0,,,,404916,340.22,0
281,666.173,"Mount",0.193,-0.017,0.181,-0.070,0.120,0.000,29,W,0,,,,401919,313.28,0
282,668.437,"Mount",-0.294,0.271,-0.383,-0.114,-0.233,0.000,56,E,0,,,,433823,325.16,0
283,670.909,"Mount",-0.462,0.401,-0.591,-0.158,-0.388,0.000,94,E,0,,,,431774,320.48,0
284,673.165,"Mount",-0.325,0.136,-0.351,0.020,-0.249,0.000,60,E,0,,,,454390,350.82,0
285,675.573,"Mount",-0.224,0.083,-0.238,0.023,-0.167,0.000,40,E,0,,,,424072,342.47,0
286,677.957,"Mount",-1.113,0.389,-1.171,0.139,-0.749,0.000,181,E,0,,,,435892,323.75,0
287,680.381,"Mount",0.353,-0.159,0.387,-0.012,0.191,0.000,46,W,0,,,,417796,309.51,0
288,682.661,"Mount",0.312,-0.230,0.381,0.070,0.254,0.000,61,W,0,,,,401894,293.29,0
289,685.149,"Mount",0.645,-0.163,0.651,-0.137,0.428,0.000,103,W,0,,,,418174,329.21,0
290,687.413,"Mount",-0.423,0.002,-0.381,0.184,-0.210,0.000,51,E,0,,,,420772,297.34,0
291,689.853,"Mount",-0.431,0.072,-0.419,0.124,-0.279,0.000,67,E,0,,,,413271,321.04,0
292,692.133,"Mount",-0.370,-0.019,-0.325,0.179,-0.224,0.000,54,E,0,,,,433875,310.21,0
293,694.541,"Mount",-0.085,0.220,-0.173,-0.160,-0.125,0.000,30,E,0,,,,421715,344.77,0
294,696.789,"Mount",-0.154,0.062,-0.166,0.012,-0.113,0.000,27,E,0,,,,420393,337.77,0
295,699.205,"Mount",-0.171,0.026,-0.165,0.051,-0.112,0.000,27,E,0,,,,430430,356.65,0
296,701.478,"Mount",-0.085,-0.178,0.002,0.197,0.000,0.000,0,,0,,,,442293,306.86,0
297,703.802,"Mount",0.051,-0.020,0.054,-0.005,0.000,0.000,0,,0,,,,410309,330.70,0
298,706.037,"Mount",0.191,-0.145,0.235,0.047,0.148,0.000,36,W,0,,,,399293,304.38,0
299,708.453,"Mount",0.361,-0.119,0.377,-0.051,0.248,0.000,60,W,0,,,,426099,298.64,0
300,710.710,"Mount",0.319,-0.050,0.309,-0.095,0.212,0.000,51,W,0,,,,420374,297.75,0
301,713.125,"Mount",-0.327,0.196,-0.380,-0.033,-0.224,0.000,54,E,0,,,,447607,299.37,0
302,715.373,"Mount",-0.186,-0.021,-0.158,0.100,-0.115,0.000,28,E,0,,,,429663,295.36,0
303,717.723,"Mount",-0.015,0.068,-0.043,-0.055,0.000,0.000,0,,0,,,,420755,338.28,0
304,719.912,"Mount",0.055,-0.086,0.087,0.053,0.000,0.000,0,,0,,,,419943,313.34,0
305,722.298,"Mount",-0.173,-0.242,-0.049,0.293,0.000,0.000,0,,0,,,,424822,338.40,0
306,724.468,"Mount",-0.200,-0.447,0.016,0.489,0.000,0.000,0,,0,,,,439742,338.46,0
307,727.957,"Mount",-0.182,-0.242,-0.057,0.297,0.000,0.297,0,,1105,S,,,438403,345.86,0
308,730.277,"Mount",-0.241,0.217,-0.312,-0.090,-0.196,0.000,47,E,0,,,,430313,303.41,0
309,732.619,"Mount",0.092,-0.042,0.101,-0.003,0.000,0.000,0,,0,,,,454927,324.45,0
310,734.853,"Mount",0.134,-0.051,0.143,-0.013,0.090,0.000,22,W,0,,,,451364,345.54,0
311,737.199,"Mount",-0.007,0.117,-0.058,-0.102,0.000,0.000,0,,0,,,,453161,377.43,0
312,739.520,"Mount",-0.433,0.440,-0.582,-0.205,-0.367,0.000,89,E,0,,,,442188,353.63,0
313,741.933,"Mount",0.321,0.034,0.273,-0.171,0.147,0.000,35,W,0,,,,443185,346.95,0
314,744.173,"Mount",-0.198,0.103,-0.223,-0.005,-0.130,0.000,31,E,0,,,,448044,335.50,0
315,746.517,"Mount",0.160,0.104,0.098,-0.164,0.000,0.000,0,,0,,,,447314,359.08,0
316,748.781,"Mount",0.104,-0.102,0.138,0.046,0.087,0.000,21,W,0,,,,428686,325.02,0
317,751.165,"Mount",0.193,0.010,0.168,-0.094,0.112,0.000,27,W,0,,,,446970,330.83,0
318,753.405,"Mount",0.172,0.006,0.152,-0.081,0.104,0.000,25,W,0,,,,444469,322.43,0
319,755.755,"Mount",-0.060,-0.005,-0.051,0.031,0.000,0.000,0,,0,,,,438413,309.13,0
320,758.045,"Mount",-0.602,0.101,-0.585,0.174,-0.369,0.000,89,E,0,,,,471687,329.15,0
321,760.445,"Mount",-0.146,0.105,-0.178,-0.031,-0.138,0.000,33,E,0,,,,464305,360.13,0
322,762.829,"Mount",-1.126,0.366,-1.172,0.165,-0.748,0.000,181,E,0,,,,482038,322.62,0
323,765.269,"Mount",0.402,-0.115,0.411,-0.073,0.207,0.000,50,W,0,,,,465438,306.57,0
324,767.501,"Mount",-0.111,0.120,-0.152,-0.059,-0.081,0.000,20,E,0,,,,420661,331.72,0
325,769.957,"Mount",0.417,-0.374,0.539,0.153,0.334,0.000,81,W,0,,,,435490,313.06,0
326,772.253,"Mount",0.393,-0.180,0.432,-0.010,0.296,0.000,71,W,0,,,,441763,337.49,0
327,774.661,"Mount",0.236,-0.233,0.315,0.106,0.219,0.000,53,W,0,,,,446784,335.65,0
328,776.849,"Mount",-0.061,-0.094,-0.013,0.112,0.000,0.000,0,,0,,,,455981,301.08,0
329,779.203,"Mount",-0.091,0.020,-0.090,0.022,0.000,0.000,0,,0,,,,440312,305.40,0
330,781.371,"Mount",-0.016,0.017,-0.022,-0.008,0.000,0.000,0,,0,,,,455310,357.16,0
331,783.695,"Mount",-0.059,0.045,-0.073,-0.014,0.000,0.000,0,,0,,,,428722,329.39,0
332,785.941,"Mount",-0.218,0.060,-0.222,0.042,-0.140,0.000,34,E,0,,,,449459,347.04,0
333,788.581,"Mount",-1.159,0.244,-1.148,0.289,-0.733,0.289,177,E,61,S,,,452709,329.27,0
334,790.838,"Mount",0.197,-0.153,0.244,0.052,0.102,0.000,25,W,0,,,,452675,319.71,0
335,793.290,"Mount",0.376,-0.287,0.464,0.092,0.300,0.000,72,W,0,,,,465189,357.50,0
336,795.549,"Mount",-0.355,0.085,-0.356,0.079,-0.203,0.000,49,E,0,,,,475727,364.99,0
337,797.912,"Mount",-0.063,-0.039,-0.040,0.063,0.000,0.000,0,,0,,,,449947,344.95,0
338,800.143,"Mount",0.041,-0.166,0.110,0.132,0.000,0.000,0,,0,,,,445183,327.80,0
339,802.533,"Mount",0.165,-0.234,0.251,0.137,0.158,0.000,38,W,0,,,,453060,338.12,0
340,804.723,"Mount",0.047,0.059,0.016,-0.073,0.000,0.000,0,,0,,,,443780,322.14,0
341,807.141,"Mount",0.142,-0.150,0.194,0.073,0.122,0.000,29,W,0,,,,429580,339.95,0
342,809.478,"Mount",-0.312,-0.087,-0.243,0.215,-0.144,0.215,35,E,45,S,,,456411,336.08,0
343,811.885,"Mount",0.119,-0.214,0.201,0.140,0.116,0.000,28,W,0,,,,430298,331.01,0
344,814.056,"Mount",-0.133,-0.034,-0.105,0.089,0.000,0.000,0,,0,,,,457769,334.49,0
345,816.393,"Mount",-0.010,0.110,-0.058,-0.095,0.000,0.000,0,,0,,,,464204,390.05,0
346,818.571,"Mount",0.133,0.048,0.098,-0.102,0.000,0.000,0,,0,,,,431216,336.59,0
347,820.906,"Mount",-0.057,0.002,-0.052,0.023,0.000,0.000,0,,0,,,,419606,321.01,0
348,823.150,"Mount",-0.115,0.152,-0.170,-0.086,-0.107,0.000,26,E,0,,,,460404,318.46,0
349,825.560,"Mount",-0.025,0.137,-0.082,-0.112,0.000,0.000,0,,0,,,,435968,339.67,0
350,827.845,"Mount",-0.376,0.307,-0.473,-0.111,-0.298,0.000,72,E,0,,,,434088,321.38,0
351,830.269,"Mount",-0.280,0.247,-0.360,-0.099,-0.248,0.000,60,E,0,,,,420145,309.63,0
352,832.501,"Mount",0.162,-0.113,0.195,0.030,0.106,0.000,25,W,0,,,,419152,306.00,0
353,834.933,"Mount",0.374,-0.018,0.344,-0.148,0.224,0.000,54,W,0,,,,428715,332.62,0
354,837.221,"Mount",-0.086,-0.265,0.039,0.276,0.000,0.276,0,,58,S,,,432355,314.23,0
355,839.565,"Mount",0.047,0.219,-0.054,-0.217,0.000,0.000,0,,0,,,,441097,320.51,0
356,841.747,"Mount",0.142,0.053,0.104,-0.110,0.000,0.000,0,,0,,,,416829,317.25,0
357,844.157,"Mount",-0.415,0.166,-0.445,0.033,-0.281,0.000,68,E,0,,,,420044,313.34,0
358,846.352,"Mount",-0.007,0.165,-0.078,-0.145,0.000,0.000,0,,0,,,,419346,349.50,0
359,848.765,"Mount",0.275,0.176,0.170,-0.279,0.107,0.000,26,W,0,,,,421741,325.63,0
360,851.005,"Mount",-0.117,0.223,-0.202,-0.149,-0.120,0.000,29,E,0,,,,426807,334.11,0
361,853.446,"Mount",-0.283,0.117,-0.305,0.019,-0.201,0.000,48,E,0,,,,440481,337.83,0
362,855.743,"Mount",0.464,-0.268,0.535,0.037,0.323,0.000,78,W,0,,,,463622,334.65,0
363,858.213,"Mount",0.666,0.152,0.531,-0.429,0.357,0.000,86,W,0,,,,432099,295.36,0
364,860.597,"Mount",1.105,-0.434,1.183,-0.095,0.770,0.000,186,W,0,,,,425912,343.78,0
365,862.944,"Mount",-0.088,0.057,-0.104,-0.012,0.000,0.000,0,,0,,,,429054,336.49,0
366,866.373,"Mount",-0.078,0.566,-0.319,-0.475,-0.201,-0.475,49,E,1143,N,,,423618,308.87,0
367,868.901,"Mount",-0.425,0.423,-0.568,-0.194,-0.372,0.000,90,E,0,,,,433000,329.94,0
368,871.173,"Mount",-0.406,0.117,-0.417,0.073,-0.289,0.000,70,E,0,,,,426640,335.81,0
369,873.653,"Mount",0.296,0.126,0.211,-0.243,0.112,-0.243,27,W,51,N,,,426973,323.43,0
370,875.917,"Mount",-0.375,0.129,-0.393,0.049,-0.240,0.000,58,E,0,,,,446073,349.99,0
371,878.251,"Mount",-0.042,0.028,-0.051,-0.007,0.000,0.000,0,,0,,,,434626,304.64,0
372,880.429,"Mount",0.049,-0.188,0.126,0.147,0.000,0.000,0,,0,,,,421015,332.88,0
373,882.885,"Mount",0.517,-0.231,0.565,-0.020,0.356,0.000,86,W,0,,,,424655,310.73,0
374,885.182,"Mount",0.467,-0.087,0.458,-0.127,0.314,0.000,76,W,0,,,,421009,312.98,0
375,887.571,"Mount",0.009,0.022,-0.002,-0.024,0.000,0.000,0,,0,,,,403927,301.45,0
376,889.813,"Mount",0.180,0.051,0.139,-0.124,0.088,0.000,21,W,0,,,,406080,296.30,0
377,892.253,"Mount",0.338,-0.191,0.387,0.023,0.250,0.000,60,W,0,,,,405978,295.58,0
378,894.525,"Mount",-0.512,0.109,-0.508,0.127,-0.302,0.000,73,E,0,,,,452501,322.65,0
379,896.872,"Mount",0.063,-0.021,0.066,-0.009,0.000,0.000,0,,0,,,,403555,309.79,0
380,899.061,"Mount",-0.119,0.012,-0.113,0.041,0.000,0.000,0,,0,,,,425117,328.59,0
381,901.405,"Mount",0.054,-0.006,0.051,-0.018,0.000,0.000,0,,0,,,,420152,340.79,0
382,903.637,"Mount",0.190,-0.052,0.194,-0.037,0.122,0.000,29,W,0,,,,414987,286.81,0
383,906.053,"Mount",0.300,-0.006,0.272,-0.126,0.180,0.000,43,W,0,,,,413420,333.47,0
384,908.325,"Mount",-0.172,0.095,-0.196,-0.010,-0.111,0.000,27,E,0,,,,436890,300.01,0
385,910.730,"Mount",0.079,-0.054,0.095,0.014,0.000,0.000,0,,0,,,,418067,334.28,0
386,912.911,"Mount",-0.115,-0.146,-0.039,0.182,0.000,0.000,0,,0,,,,430324,335.63,0
387,915.421,"Mount",-0.570,0.206,-0.603,0.065,-0.380,0.000,92,E,0,,,,426114,328.26,0
388,917.861,"Mount",-1.240,0.368,-1.276,0.213,-0.830,0.000,201,E,0,,,,451837,312.11,0
389,920.317,"Mount",0.510,-0.222,0.556,-0.025,0.292,0.000,71,W,0,,,,424720,331.62,0
INFO: SET LOCK POSITION, new lock pos = 626.951, 901.312
INFO: DITHER by -4.430, 1.077, new lock pos = 622.498, 902.289
INFO: SETTLING STATE CHANGE, Settling started
390,924.352,"Mount",4.453,-0.976,4.430,-1.077,4.430,-1.077,1070,W,226,N,,,416389,342.30,0
391,926.965,"Mount",0.014,0.751,-0.317,-0.681,-0.200,-0.681,48,E,143,N,,,455684,303.61,0
392,929.317,"Mount",0.385,0.588,0.088,-0.697,0.000,-0.697,0,,146,N,,,469412,351.90,0
393,932.069,"Mount",-0.953,1.012,-1.300,-0.491,-0.819,-0.491,198,E,103,N,,,445467,297.72,0
394,934.589,"Mount",-0.510,0.939,-0.870,-0.620,-0.605,-0.620,146,E,130,N,,,458491,342.52,0
INFO: SETTLING STATE CHANGE, Settling complete
395,937.120,"Mount",0.927,-0.244,0.941,-0.187,0.550,0.000,133,W,0,,,,458078,346.47,0
396,939.582,"Mount",-0.134,0.308,-0.256,-0.218,-0.123,-0.218,30,E,46,N,,,475020,339.14,0
397,941.935,"Mount",-0.037,-0.111,0.016,0.116,0.000,0.000,0,,0,,,,463873,327.52,0
398,944.157,"Mount",-0.137,0.096,-0.165,-0.026,-0.104,0.000,25,E,0,,,,455905,373.16,0
399,946.565,"Mount",0.118,-0.120,0.158,0.056,0.093,0.000,22,W,0,,,,435844,330.28,0
400,948.829,"Mount",-0.323,0.018,-0.298,0.126,-0.181,0.000,44,E,0,,,,461517,338.35,0
401,951.421,"Mount",-1.337,0.644,-1.484,0.008,-0.948,0.000,229,E,0,,,,449221,327.01,0
402,953.725,"Mount",-0.581,0.280,-0.644,0.003,-0.472,0.000,114,E,0,,,,454919,351.45,0
403,956.181,"Mount",-0.579,-0.104,-0.475,0.347,-0.332,0.000,80,E,0,,,,459982,351.92,0
404,958.437,"Mount",0.260,-0.522,0.463,0.355,0.268,0.000,65,W,0,,,,447642,326.59,0
405,960.901,"Mount",-0.624,0.155,-0.629,0.135,-0.377,0.000,91,E,0,,,,448005,317.83,0
406,963.197,"Mount",-0.645,0.176,-0.657,0.125,-0.440,0.000,106,E,0,,,,444610,322.95,0
407,966.709,"Mount",-0.100,-0.267,0.027,0.284,0.000,0.284,0,,1134,S,,,459769,340.01,0
408,969.005,"Mount",0.472,-0.001,0.425,-0.206,0.267,0.000,65,W,0,,,,440438,340.59,0
409,971.583,"Mount",-0.670,-0.144,-0.539,0.424,-0.321,0.424,77,E,89,S,,,454425,349.29,0
410,973.997,"Mount",-1.132,0.822,-1.378,-0.242,-0.890,0.000,215,E,0,,,,450946,343.49,0
411,976.373,"Mount",0.207,-0.021,0.195,-0.072,0.061,0.000,15,W,0,,,,467082,312.42,0
412,978.645,"Mount",0.512,0.105,0.413,-0.319,0.265,0.000,64,W,0,,,,437755,324.23,0
413,980.978,"Mount",0.222,0.218,0.104,-0.293,0.000,0.000,0,,0,,,,447276,356.02,0
414,984.405,"Mount",0.335,0.321,0.161,-0.435,0.101,-0.435,24,W,1165,N,,,453417,341.58,0
415,986.788,"Mount",-0.052,0.039,-0.064,-0.013,0.000,0.000,0,,0,,,,448243,310.02,0
416,988.968,"Mount",-0.159,-0.223,-0.045,0.270,0.000,0.000,0,,0,,,,449062,341.88,0
417,991.314,"Mount",-0.040,-0.032,-0.022,0.046,0.000,0.000,0,,0,,,,437115,342.39,0
418,993.701,"Mount",-1.219,0.350,-1.249,0.221,-0.787,0.000,190,E,0,,,,441842,316.07,0
419,996.157,"Mount",-0.254,-0.082,-0.193,0.185,-0.176,0.000,43,E,0,,,,430523,339.92,0
420,998.397,"Mount",0.115,0.188,0.021,-0.219,0.000,-0.219,0,,46,N,,,424880,354.00,0
421,1000.754,"Mount",0.031,-0.119,0.080,0.093,0.000,0.000,0,,0,,,,407319,311.92,0
422,1002.938,"Mount",0.047,0.124,-0.012,-0.132,0.000,0.000,0,,0,,,,425498,337.70,0
423,1005.280,"Mount",-0.232,-0.283,-0.084,0.356,0.000,0.000,0,,0,,,,450454,360.44,0
424,1007.541,"Mount",0.308,-0.310,0.413,0.143,0.260,0.000,63,W,0,,,,439321,305.44,0
425,1009.882,"Mount",-0.061,-0.088,-0.016,0.106,0.000,0.000,0,,0,,,,427752,301.18,0
426,1012.165,"Mount",-0.423,-0.296,-0.250,0.451,-0.158,0.000,38,E,0,,,,428087,308.15,0
427,1014.595,"Mount",-0.090,-0.095,-0.039,0.125,0.000,0.000,0,,0,,,,443068,354.11,0
428,1016.779,"Mount",-0.145,-0.143,-0.068,0.192,0.000,0.000,0,,0,,,,429333,326.07,0
429,1019.189,"Mount",-0.291,-0.202,-0.172,0.309,-0.109,0.000,26,E,0,,,,424073,301.27,0
430,1022.477,"Mount",-0.177,-0.282,-0.035,0.331,0.000,0.331,0,,1076,S,,,456152,333.98,0
431,1025.021,"Mount",-0.414,-0.192,-0.288,0.355,-0.181,0.355,44,E,74,S,,,432945,286.65,0
432,1027.333,"Mount",0.509,-0.468,0.663,0.197,0.405,0.000,98,W,0,,,,458236,312.30,0
433,1029.845,"Mount",-0.317,-0.198,-0.198,0.317,-0.096,0.317,23,E,67,S,,,457383,342.82,0
434,1032.101,"Mount",0.180,-0.204,0.251,0.104,0.152,0.000,37,W,0,,,,442325,333.87,0
435,1034.582,"Mount",0.052,-0.261,0.161,0.212,0.112,0.212,27,W,45,S,,,455077,339.43,0
436,1036.845,"Mount",-0.085,0.163,-0.148,-0.109,-0.085,0.000,21,E,0,,,,448094,318.90,0
437,1039.269,"Mount",-0.194,-0.009,-0.171,0.093,-0.113,0.000,27,E,0,,,,446256,336.73,0
438,1041.621,"Mount",-0.412,-0.164,-0.299,0.328,-0.196,0.328,47,E,69,S,,,439259,338.19,0
439,1043.954,"Mount",0.070,-0.145,0.126,0.100,0.000,0.000,0,,0,,,,432971,372.50,0
440,1046.124,"Mount",0.004,-0.000,0.004,-0.002,0.000,0.000,0,,0,,,,421864,319.46,0
441,1048.448,"Mount",0.022,0.056,-0.005,-0.061,0.000,0.000,0,,0,,,,432838,341.46,0
442,1050.701,"Mount",0.237,-0.032,0.227,-0.075,0.143,0.000,35,W,0,,,,429506,331.20,0
443,1053.197,"Mount",0.382,-0.155,0.411,-0.028,0.269,0.000,65,W,0,,,,451399,328.06,0
444,1055.445,"Mount",0.230,-0.067,0.236,-0.040,0.167,0.000,40,W,0,,,,454976,318.46,0
445,1057.918,"Mount",-0.636,0.106,-0.618,0.184,-0.378,0.000,91,E,0,,,,429732,329.60,0
446,1060.094,"Mount",-0.035,-0.058,-0.006,0.067,0.000,0.000,0,,0,,,,433039,313.11,0
447,1062.557,"Mount",-0.373,0.043,-0.353,0.125,-0.223,0.000,54,E,0,,,,454462,327.76,0
448,1064.797,"Mount",-0.145,0.103,-0.175,-0.029,-0.126,0.000,30,E,0,,,,468020,346.25,0
449,1067.213,"Mount",-0.269,0.043,-0.260,0.080,-0.173,0.000,42,E,0,,,,480425,353.80,0
450,1069.533,"Mount",0.743,-0.143,0.731,-0.198,0.448,0.000,108,W,0,,,,452637,330.36,0
451,1071.883,"Mount",0.043,0.071,0.007,-0.082,0.000,0.000,0,,0,,,,478673,343.19,0
452,1074.229,"Mount",0.851,-0.448,0.962,0.029,0.606,0.000,146,W,0,,,,456770,327.15,0
453,1076.733,"Mount",-0.361,-0.234,-0.222,0.369,-0.097,0.369,23,E,77,S,,,474337,359.90,0
454,1078.997,"Mount",-0.195,0.077,-0.209,0.016,-0.138,0.000,33,E,0,,,,444533,338.07,0
455,1081.405,"Mount",-0.186,0.039,-0.184,0.047,-0.125,0.000,30,E,0,,,,452571,324.94,0
456,1083.630,"Mount",-0.111,0.107,-0.147,-0.047,-0.101,0.000,24,E,0,,,,456158,330.13,0
457,1086.045,"Mount",-0.212,-0.103,-0.146,0.186,-0.099,0.000,24,E,0,,,,453749,341.61,0
458,1088.293,"Mount",-0.306,-0.005,-0.273,0.139,-0.179,0.000,43,E,0,,,,466812,377.67,0
459,1090.661,"Mount",-0.093,0.030,-0.097,0.013,0.000,0.000,0,,0,,,,460428,328.78,0
460,1092.832,"Mount",0.010,0.116,-0.042,-0.108,0.000,0.000,0,,0,,,,446288,336.78,0
461,1095.160,"Mount",0.042,-0.122,0.091,0.091,0.000,0.000,0,,0,,,,458513,329.20,0
462,1097.354,"Mount",0.048,-0.074,0.076,0.046,0.000,0.000,0,,0,,,,489460,355.92,0
463,1099.861,"Mount",-0.693,0.189,-0.705,0.134,-0.444,0.000,107,E,0,,,,464245,345.27,0
464,1102.141,"Mount",-0.192,-0.040,-0.155,0.120,-0.129,0.000,31,E,0,,,,478365,333.65,0
465,1104.538,"Mount",0.091,-0.031,0.095,-0.012,0.000,0.000,0,,0,,,,453108,335.03,0
466,1106.714,"Mount",-0.035,-0.133,0.027,0.135,0.000,0.000,0,,0,,,,446040,326.66,0
467,1109.110,"Mount",-0.186,0.052,-0.190,0.035,-0.120,0.000,29,E,0,,,,414950,291.31,0
468,1111.373,"Mount",-0.213,-0.109,-0.143,0.191,-0.099,0.000,24,E,0,,,,448964,333.93,0
469,1113.781,"Mount",0.224,-0.183,0.281,0.066,0.170,0.000,41,W,0,,,,469873,339.34,0
470,1116.009,"Mount",-0.057,0.008,-0.055,0.018,0.000,0.000,0,,0,,,,433600,305.48,0
471,1118.341,"Mount",-0.074,-0.022,-0.057,0.052,0.000,0.000,0,,0,,,,458258,346.21,0
472,1120.701,"Mount",-0.324,-0.137,-0.231,0.265,-0.146,0.265,35,E,56,S,,,450462,333.71,0
473,1123.197,"Mount",-0.290,-0.119,-0.209,0.234,-0.142,0.234,34,E,49,S,,,458381,334.11,0
474,1125.501,"Mount",-0.146,0.090,-0.171,-0.017,-0.118,0.000,28,E,0,,,,468136,348.92,0
475,1127.909,"Mount",-0.245,-0.019,-0.212,0.124,-0.142,0.000,34,E,0,,,,463641,343.41,0
476,1130.166,"Mount",0.324,-0.111,0.340,-0.042,0.204,0.000,49,W,0,,,,456982,341.21,0
477,1132.525,"Mount",0.202,0.140,0.120,-0.215,0.000,0.000,0,,0,,,,469516,333.13,0
478,1134.829,"Mount",0.773,-0.053,0.717,-0.292,0.452,0.000,109,W,0,,,,453903,325.75,0
479,1137.175,"Mount",0.129,0.152,0.049,-0.193,0.000,0.000,0,,0,,,,466902,334.62,0
480,1139.509,"Mount",-0.219,-0.213,-0.104,0.288,0.000,0.288,0,,60,S,,,477628,338.73,0
481,1142.045,"Mount",-1.018,0.366,-1.075,0.118,-0.677,0.000,164,E,0,,,,451220,316.51,0
482,1144.302,"Mount",-0.236,-0.011,-0.207,0.114,-0.178,0.000,43,E,0,,,,470690,336.80,0
483,1146.765,"Mount",0.637,-0.144,0.635,-0.150,0.388,0.000,94,W,0,,,,433666,336.31,0
484,1148.955,"Mount",0.041,0.118,-0.015,-0.124,0.000,0.000,0,,0,,,,455006,333.81,0
485,1151.373,"Mount",0.273,-0.154,0.313,0.018,0.197,0.000,48,W,0,,,,472330,330.16,0
486,1153.645,"Mount",0.225,-0.012,0.208,-0.088,0.145,0.000,35,W,0,,,,460842,346.97,0
487,1156.109,"Mount",-0.223,-0.140,-0.139,0.224,-0.077,0.224,19,E,47,S,,,456011,324.45,0
488,1158.349,"Mount",-0.263,-0.053,-0.213,0.163,-0.140,0.000,34,E,0,,,,476513,348.42,0
489,1160.765,"Mount",0.327,-0.198,0.380,0.034,0.230,0.000,56,W,0,,,,456200,338.14,0
490,1163.125,"Mount",-0.455,-0.122,-0.355,0.309,-0.208,0.309,50,E,65,S,,,467871,315.05,0
491,1165.526,"Mount",0.238,0.060,0.188,-0.158,0.104,0.000,25,W,0,,,,455601,330.90,0
492,1167.757,"Mount",-0.144,0.030,-0.143,0.036,-0.083,0.000,20,E,0,,,,452920,328.31,0
493,1170.197,"Mount",0.300,-0.225,0.368,0.071,0.226,0.000,55,W,0,,,,480058,324.89,0
494,1172.429,"Mount",0.261,0.023,0.225,-0.135,0.158,0.000,38,W,0,,,,463648,304.85,0
495,1174.837,"Mount",0.152,-0.013,0.142,-0.054,0.101,0.000,24,W,0,,,,464519,348.43,0
496,1177.082,"Mount",0.059,0.152,-0.014,-0.162,0.000,0.000,0,,0,,,,459259,310.50,0
497,1179.493,"Mount",0.174,0.009,0.152,-0.085,0.096,0.000,23,W,0,,,,436373,321.71,0
498,1181.670,"Mount",-0.025,-0.104,0.023,0.105,0.000,0.000,0,,0,,,,433303,331.25,0
499,1184.009,"Mount",0.119,0.119,0.055,-0.159,0.000,0.000,0,,0,,,,447749,324.66,0
500,1186.237,"Mount",-0.125,0.066,-0.141,-0.004,-0.089,0.000,21,E,0,,,,445818,324.22,0
501,1188.573,"Mount",0.058,-0.074,0.084,0.041,0.000,0.000,0,,0,,,,444375,347.36,0
502,1190.743,"Mount",-0.071,0.042,-0.082,-0.006,0.000,0.000,0,,0,,,,417275,318.15,0
503,1193.091,"Mount",0.009,-0.154,0.076,0.135,0.000,0.000,0,,0,,,,430804,309.71,0
504,1195.349,"Mount",0.141,-0.056,0.151,-0.011,0.095,0.000,23,W,0,,,,450351,338.86,0
505,1197.756,"Mount",0.094,0.142,0.022,-0.169,0.000,0.000,0,,0,,,,445394,321.70,0
506,1199.965,"Mount",0.075,-0.121,0.120,0.076,0.000,0.000,0,,0,,,,441194,331.09,0
507,1202.469,"Mount",0.499,-0.326,0.592,0.074,0.373,0.000,90,W,0,,,,452708,349.14,0
508,1204.658,"Mount",-0.071,-0.017,-0.056,0.046,0.000,0.000,0,,0,,,,447650,342.66,0
509,1207.150,"Mount",-0.795,0.191,-0.798,0.178,-0.503,0.000,121,E,0,,,,460908,318.21,0
510,1209.341,"Mount",-0.046,-0.133,0.017,0.140,0.000,0.000,0,,0,,,,457129,348.20,0
511,1211.909,"Mount",-0.755,0.085,-0.716,0.255,-0.451,0.255,109,E,54,S,,,455609,347.61,0
512,1214.181,"Mount",-0.388,0.185,-0.429,0.004,-0.302,0.000,73,E,0,,,,427329,324.60,0
513,1216.629,"Mount",0.373,-0.099,0.379,-0.075,0.217,0.000,53,W,0,,,,408636,314.18,0
514,1218.958,"Mount",0.708,-0.162,0.707,-0.165,0.461,0.000,111,W,0,,,,425741,314.24,0
515,1221.494,"Mount",-0.484,-0.069,-0.405,0.274,-0.223,0.274,54,E,58,S,,,433703,327.04,0
516,1223.733,"Mount",0.247,-0.154,0.289,0.030,0.167,0.000,40,W,0,,,,442877,338.90,0
517,1226.141,"Mount",0.244,0.024,0.208,-0.128,0.143,0.000,35,W,0,,,,433626,334.75,0
518,1228.482,"Mount",0.139,-0.310,0.261,0.218,0.175,0.218,42,W,46,S,,,426052,311.62,0
519,1231.005,"Mount",-0.500,0.008,-0.453,0.212,-0.273,0.212,66,E,45,S,,,417044,320.56,0
520,1233.430,"Mount",-1.171,0.636,-1.331,-0.057,-0.858,0.000,207,E,0,,,,441278,315.73,0
521,1235.846,"Mount",-0.250,-0.038,-0.208,0.144,-0.191,0.000,46,E,0,,,,412008,289.54,0
522,1238.025,"Mount",-0.058,0.135,-0.111,-0.096,0.000,0.000,0,,0,,,,422614,322.66,0
523,1240.422,"Mount",0.336,0.170,0.227,-0.301,0.143,0.000,35,W,0,,,,401583,315.03,0
524,1242.587,"Mount",0.027,-0.009,0.028,-0.004,0.000,0.000,0,,0,,,,448736,328.38,0
525,1245.133,"Mount",-0.504,-0.148,-0.388,0.354,-0.244,0.354,59,E,74,S,,,411510,316.60,0
526,1247.429,"Mount",-0.487,0.320,-0.578,-0.073,-0.381,0.000,92,E,0,,,,416197,312.77,0
527,1249.795,"Mount",0.145,0.141,0.068,-0.190,0.000,0.000,0,,0,,,,425347,340.48,0
528,1252.005,"Mount",0.256,0.216,0.135,-0.306,0.085,0.000,21,W,0,,,,415932,314.91,0
529,1254.421,"Mount",-0.179,0.323,-0.303,-0.212,-0.185,0.000,45,E,0,,,,413852,294.29,0
530,1257.717,"Mount",-0.000,0.267,-0.117,-0.240,0.000,-0.240,0,,1084,N,,,400145,302.49,0
531,1260.173,"Mount",-0.309,-0.106,-0.231,0.230,-0.146,0.000,35,E,0,,,,393780,280.18,0
532,1262.398,"Mount",-0.190,-0.042,-0.153,0.121,-0.106,0.000,26,E,0,,,,391666,309.93,0
533,1264.746,"Mount",-0.066,0.056,-0.084,-0.021,0.000,0.000,0,,0,,,,387400,295.80,0
534,1267.037,"Mount",-0.326,0.298,-0.424,-0.125,-0.267,0.000,65,E,0,,,,416575,316.52,0
535,1269.388,"Mount",-0.015,-0.034,0.002,0.037,0.000,0.000,0,,0,,,,392749,287.92,0
536,1271.677,"Mount",-0.539,0.383,-0.652,-0.107,-0.411,0.000,99,E,0,,,,400760,304.29,0
537,1274.085,"Mount",-0.058,0.189,-0.135,-0.144,-0.114,0.000,28,E,0,,,,392954,306.29,0
538,1276.256,"Mount",0.185,0.083,0.130,-0.155,0.000,0.000,0,,0,,,,398709,324.49,0
539,1278.646,"Mount",-0.196,-0.083,-0.139,0.161,-0.088,0.000,21,E,0,,,,367201,286.59,0
540,1280.833,"Mount",0.078,-0.108,0.118,0.062,0.000,0.000,0,,0,,,,398931,308.59,0
541,1283.229,"Mount",0.215,-0.067,0.223,-0.034,0.140,0.000,34,W,0,,,,394599,283.44,0
542,1285.400,"Mount",-0.036,-0.143,0.030,0.144,0.000,0.000,0,,0,,,,401909,287.04,0
543,1287.821,"Mount",0.347,0.040,0.294,-0.188,0.186,0.000,45,W,0,,,,385323,273.71,0
544,1290.085,"Mount",-0.410,0.093,-0.410,0.096,-0.245,0.000,59,E,0,,,,394459,285.98,0
545,1292.493,"Mount",-0.457,0.020,-0.420,0.182,-0.282,0.000,68,E,0,,,,384541,308.26,0
546,1294.846,"Mount",-0.609,0.399,-0.723,-0.091,-0.475,0.000,115,E,0,,,,398444,295.66,0
547,1297.357,"Mount",0.393,0.070,0.323,-0.235,0.170,-0.235,41,W,49,N,,,377858,314.75,0
548,1299.686,"Mount",0.242,0.167,0.144,-0.256,0.103,-0.256,25,W,54,N,,,402617,338.92,0
549,1302.030,"Mount",0.109,0.104,0.052,-0.142,0.000,0.000,0,,0,,,,402567,310.42,0
550,1304.277,"Mount",0.283,-0.063,0.282,-0.068,0.177,0.000,43,W,0,,,,387967,328.02,0
551,1306.829,"Mount",0.401,0.186,0.279,-0.343,0.188,-0.343,45,W,72,N,,,388409,304.11,0
552,1309.229,"Mount",0.581,0.079,0.487,-0.326,0.320,-0.326,77,W,69,N,,,358310,274.50,0
553,1311.726,"Mount",0.302,0.007,0.269,-0.139,0.192,0.000,46,W,0,,,,364082,301.41,0
554,1313.887,"Mount",0.157,0.104,0.095,-0.163,0.000,0.000,0,,0,,,,366724,288.37,0
555,1316.270,"Mount",-0.189,-0.042,-0.151,0.120,-0.095,0.000,23,E,0,,,,388219,306.78,0
556,1318.511,"Mount",0.185,-0.090,0.206,0.000,0.123,0.000,30,W,0,,,,382010,314.57,0
557,1320.852,"Mount",0.049,-0.041,0.062,0.015,0.000,0.000,0,,0,,,,389844,295.90,0
558,1323.101,"Mount",0.049,-0.256,0.156,0.208,0.098,0.000,24,W,0,,,,388744,317.84,0
559,1325.501,"Mount",-0.245,-0.146,-0.156,0.239,-0.092,0.000,22,E,0,,,,392171,302.29,0
560,1327.698,"Mount",0.006,-0.263,0.121,0.234,0.000,0.000,0,,0,,,,382302,297.06,0
561,1330.157,"Mount",0.468,-0.349,0.573,0.108,0.361,0.000,87,W,0,,,,381018,270.19,0
562,1332.501,"Mount",0.336,0.068,0.272,-0.209,0.197,0.000,48,W,0,,,,410928,308.46,0
563,1334.926,"Mount",0.283,-0.028,0.267,-0.099,0.182,0.000,44,W,0,,,,405140,331.50,0
564,1337.173,"Mount",-0.456,-0.259,-0.296,0.433,-0.174,0.000,42,E,0,,,,392636,301.27,0
565,1340.845,"Mount",-0.741,-0.198,-0.579,0.503,-0.377,0.503,91,E,1140,S,,,384541,306.82,0
566,1343.157,"Mount",-0.084,-0.344,0.075,0.346,0.000,0.346,0,,73,S,,,390461,331.06,0
567,1345.622,"Mount",0.396,-0.100,0.400,-0.084,0.252,0.000,61,W,0,,,,385118,306.11,0
568,1347.918,"Mount",0.684,-0.048,0.636,-0.257,0.418,0.000,101,W,0,,,,368154,281.45,0
569,1350.309,"Mount",0.278,0.162,0.179,-0.267,0.142,0.000,34,W,0,,,,363122,320.78,0
570,1352.541,"Mount",0.148,-0.062,0.160,-0.009,0.111,0.000,27,W,0,,,,348824,268.58,0
571,1354.957,"Mount",-0.248,-0.053,-0.200,0.157,-0.118,0.000,29,E,0,,,,357651,315.41,0
572,1357.213,"Mount",-0.135,-0.166,-0.048,0.209,0.000,0.209,0,,44,S,,,346107,295.27,0
573,1359.555,"Mount",0.004,-0.005,0.006,0.003,0.000,0.000,0,,0,,,,347737,290.61,0
574,1361.789,"Mount",-0.162,0.103,-0.191,-0.021,-0.120,0.000,29,E,0,,,,351055,272.76,0
575,1364.206,"Mount",-0.171,0.091,-0.193,-0.007,-0.130,0.000,31,E,0,,,,355361,277.44,0
576,1366.429,"Mount",0.171,-0.105,0.200,0.019,0.117,0.000,28,W,0,,,,380708,275.26,0
577,1368.853,"Mount",0.357,0.141,0.259,-0.283,0.171,0.000,41,W,0,,,,353988,284.80,0
578,1371.069,"Mount",0.304,0.312,0.137,-0.414,0.098,0.000,24,W,0,,,,350824,318.08,0
579,1373.494,"Mount",0.368,-0.115,0.382,-0.058,0.247,0.000,60,W,0,,,,351716,286.77,0
580,1375.813,"Mount",-0.126,-0.306,0.021,0.330,0.000,0.330,0,,69,S,,,355456,308.13,0
581,1378.214,"Mount",-0.221,-0.036,-0.182,0.129,-0.115,0.000,28,E,0,,,,362315,294.28,0
582,1380.445,"Mount",0.210,-0.084,0.226,-0.017,0.134,0.000,32,W,0,,,,358037,301.42,0
583,1382.776,"Mount",0.080,0.156,0.004,-0.175,0.000,0.000,0,,0,,,,371281,319.38,0
584,1385.006,"Mount",-0.099,0.114,-0.139,-0.059,-0.087,0.000,21,E,0,,,,370618,290.84,0
585,1387.334,"Mount",0.058,-0.147,0.116,0.106,0.000,0.000,0,,0,,,,381368,309.86,0
586,1389.710,"Mount",-0.427,-0.174,-0.308,0.344,-0.194,0.344,47,E,72,S,,,376057,290.61,0
587,1392.101,"Mount",0.302,0.279,0.149,-0.384,0.080,0.000,19,W,0,,,,361215,295.69,0
588,1394.323,"Mount",-0.049,0.081,-0.080,-0.051,0.000,0.000,0,,0,,,,355748,289.01,0
589,1396.757,"Mount",-0.049,0.290,-0.172,-0.239,-0.108,0.000,26,E,0,,,,348480,279.91,0
590,1399.037,"Mount",-0.237,0.390,-0.384,-0.246,-0.249,0.000,60,E,0,,,,356723,293.52,0
591,1401.478,"Mount",-0.220,0.324,-0.340,-0.195,-0.231,0.000,56,E,0,,,,352533,289.63,0
592,1404.845,"Mount",-0.007,0.367,-0.167,-0.327,-0.122,-0.327,29,E,1103,N,,,346916,274.16,0
593,1407.253,"Mount",-0.145,0.151,-0.197,-0.072,-0.132,0.000,32,E,0,,,,368484,276.42,0
594,1409.509,"Mount",-0.224,-0.001,-0.201,0.099,-0.136,0.000,33,E,0,,,,400019,317.68,0
595,1411.860,"Mount",-0.056,0.110,-0.098,-0.074,0.000,0.000,0,,0,,,,343145,275.72,0
596,1414.024,"Mount",-0.100,0.077,-0.123,-0.025,0.000,0.000,0,,0,,,,356049,274.08,0
597,1416.430,"Mount",-0.163,0.053,-0.170,0.024,-0.107,0.000,26,E,0,,,,385000,312.22,0
598,1418.595,"Mount",0.002,-0.019,0.010,0.016,0.000,0.000,0,,0,,,,364348,275.82,0
599,1421.109,"Mount",-0.256,0.363,-0.390,-0.214,-0.246,-0.214,59,E,45,N,,,373114,305.37,0
600,1423.357,"Mount",-0.333,-0.067,-0.270,0.207,-0.187,0.000,45,E,0,,,,375704,303.00,0
601,1425.708,"Mount",0.041,-0.110,0.085,0.081,0.000,0.000,0,,0,,,,409420,322.18,0
602,1427.925,"Mount",-0.107,0.089,-0.135,-0.033,-0.085,0.000,21,E,0,,,,402068,312.43,0
603,1430.374,"Mount",-0.620,-0.053,-0.534,0.320,-0.342,0.000,83,E,0,,,,408944,312.61,0
604,1432.613,"Mount",-0.143,0.004,-0.130,0.059,-0.106,0.000,26,E,0,,,,398052,328.54,0
605,1435.173,"Mount",0.647,0.024,0.571,-0.306,0.352,-0.306,85,W,64,N,,,398147,326.39,0
606,1437.453,"Mount",0.415,-0.015,0.379,-0.169,0.264,0.000,64,W,0,,,,395351,302.34,0
607,1439.845,"Mount",-0.292,-0.092,-0.222,0.211,-0.122,0.000,29,E,0,,,,392960,278.76,0
608,1442.126,"Mount",-0.351,-0.117,-0.264,0.260,-0.175,0.000,42,E,0,,,,394720,314.69,0
609,1445.711,"Mount",-0.528,-0.047,-0.454,0.274,-0.298,0.274,72,E,1092,S,,,407636,298.00,0
610,1447.973,"Mount",0.359,-0.172,0.398,-0.003,0.230,0.000,56,W,0,,,,417089,307.88,0
611,1450.366,"Mount",-0.108,0.132,-0.155,-0.071,-0.081,0.000,20,E,0,,,,418098,301.02,0
612,1452.589,"Mount",0.173,-0.016,0.163,-0.061,0.097,0.000,23,W,0,,,,391720,278.31,0
613,1454.974,"Mount",0.106,-0.083,0.132,0.028,0.090,0.000,22,W,0,,,,420028,328.00,0
614,1457.155,"Mount",-0.129,-0.097,-0.074,0.143,0.000,0.000,0,,0,,,,416052,290.33,0
615,1459.606,"Mount",0.397,0.276,0.235,-0.422,0.148,0.000,36,W,0,,,,403415,330.22,0
616,1461.782,"Mount",0.099,0.125,0.034,-0.155,0.000,0.000,0,,0,,,,382124,306.89,0
617,1464.189,"Mount",0.447,0.136,0.342,-0.318,0.216,0.000,52,W,0,,,,404149,320.94,0
618,1466.445,"Mount",0.292,-0.003,0.263,-0.126,0.181,0.000,44,W,0,,,,399874,301.21,0
619,1468.861,"Mount",0.180,0.022,0.152,-0.098,0.108,0.000,26,W,0,,,,428312,331.54,0
620,1471.141,"Mount",-0.473,0.335,-0.572,-0.093,-0.352,0.000,85,E,0,,,,403976,295.54,0
621,1473.474,"Mount",-0.014,-0.242,0.094,0.223,0.000,0.000,0,,0,,,,402142,275.80,0
622,1475.701,"Mount",0.250,0.102,0.180,-0.202,0.113,0.000,27,W,0,,,,409098,328.60,0
623,1478.246,"Mount",1.079,-0.284,1.094,-0.218,0.697,0.000,168,W,0,,,,419461,343.45,0
624,1480.486,"Mount",-0.219,-0.098,-0.154,0.184,-0.048,0.000,12,E,0,,,,432438,342.48,0
625,1482.950,"Mount",0.534,-0.239,0.584,-0.019,0.365,0.000,88,W,0,,,,417717,340.00,0
626,1485.125,"Mount",-0.228,-0.620,0.067,0.657,0.000,0.000,0,,0,,,,425300,309.02,0
627,1487.513,"Mount",-0.136,-0.110,-0.074,0.158,0.000,0.000,0,,0,,,,422391,329.92,0
628,1489.726,"Mount",-0.091,-0.093,-0.042,0.123,0.000,0.000,0,,0,,,,423037,315.41,0
629,1492.077,"Mount",-0.034,-0.038,-0.013,0.049,0.000,0.000,0,,0,,,,445169,332.77,0
630,1494.373,"Mount",-0.538,0.275,-0.604,-0.011,-0.381,0.000,92,E,0,,,,450934,325.35,0
631,1496.808,"Mount",0.365,-0.151,0.394,-0.025,0.222,0.000,54,W,0,,,,436091,310.06,0
632,1499.237,"Mount",-0.747,-0.073,-0.639,0.393,-0.387,0.393,94,E,83,S,,,419144,305.28,0
633,1501.805,"Mount",-0.477,-0.118,-0.377,0.315,-0.264,0.315,64,E,66,S,,,401142,290.13,0
634,1504.045,"Mount",0.432,0.131,0.331,-0.307,0.190,0.000,46,W,0,,,,423085,329.54,0
635,1506.494,"Mount",0.568,0.003,0.509,-0.252,0.334,0.000,81,W,0,,,,412164,282.71,0
636,1508.735,"Mount",0.307,0.177,0.198,-0.294,0.148,0.000,36,W,0,,,,416919,318.76,0
637,1511.174,"Mount",-0.451,0.259,-0.519,-0.035,-0.316,0.000,76,E,0,,,,402046,312.52,0
638,1513.480,"Mount",-0.390,0.449,-0.547,-0.233,-0.367,0.000,89,E,0,,,,409698,317.02,0
639,1515.831,"Mount",0.023,0.002,0.020,-0.012,0.000,0.000,0,,0,,,,437489,323.09,0
640,1518.077,"Mount",0.355,0.212,0.226,-0.347,0.142,0.000,34,W,0,,,,406381,336.41,0
641,1521.685,"Mount",0.597,0.099,0.493,-0.351,0.321,-0.351,77,W,1108,N,,,418786,296.36,0
642,1524.037,"Mount",0.343,0.328,0.164,-0.445,0.126,-0.445,30,W,94,N,,,426468,319.76,0
643,1526.373,"Mount",-0.018,0.074,-0.049,-0.059,0.000,0.000,0,,0,,,,388635,327.11,0
644,1528.646,"Mount",-0.485,-0.188,-0.354,0.382,-0.223,0.000,54,E,0,,,,416128,308.87,0
645,1531.046,"Mount",-0.128,0.171,-0.190,-0.097,-0.136,0.000,33,E,0,,,,416381,334.39,0
646,1533.422,"Mount",-0.890,0.429,-0.988,0.005,-0.632,0.000,153,E,0,,,,366371,304.19,0
647,1535.838,"Mount",0.185,-0.040,0.184,-0.045,0.072,0.000,17,W,0,,,,422894,326.97,0
648,1538.037,"Mount",0.021,0.144,-0.044,-0.138,0.000,0.000,0,,0,,,,398016,298.39,0
649,1540.407,"Mount",-0.005,0.153,-0.071,-0.135,0.000,0.000,0,,0,,,,382706,303.25,0
650,1542.593,"Mount",0.145,0.022,0.121,-0.083,0.000,0.000,0,,0,,,,369181,290.36,0
INFO: SET LOCK POSITION, new lock pos = 622.498, 902.289
INFO: DITHER by 2.833, 3.026, new lock pos = 623.716, 898.326
INFO: SETTLING STATE CHANGE, Settling started
651,1546.613,"Mount",-1.218,3.962,-2.833,-3.026,-2.833,-3.026,684,E,635,N,,,403107,300.73,0
652,1549.687,"Mount",0.116,2.410,-0.953,-2.216,-0.600,-2.216,145,E,465,N,,,395474,253.20,0
653,1552.461,"Mount",0.242,2.005,-0.662,-1.907,-0.459,-1.907,111,E,401,N,,,392875,291.64,0
654,1554.846,"Mount",0.154,-0.000,0.138,-0.067,0.055,0.000,13,W,0,,,,368895,291.57,0
655,1557.028,"Mount",-0.032,0.048,-0.050,-0.029,0.000,0.000,0,,0,,,,370349,301.92,0
656,1559.374,"Mount",0.091,0.169,0.007,-0.191,0.000,0.000,0,,0,,,,379818,297.01,0
657,1561.638,"Mount",0.319,0.038,0.270,-0.174,0.170,0.000,41,W,0,,,,374704,284.15,0
658,1563.966,"Mount",0.011,0.141,-0.052,-0.132,0.000,0.000,0,,0,,,,374812,283.78,0
659,1566.115,"Mount",0.003,0.180,-0.076,-0.163,0.000,0.000,0,,0,,,,396892,300.73,0
INFO: SETTLING STATE CHANGE, Settling complete
660,1568.598,"Mount",-0.504,0.256,-0.565,-0.009,-0.356,0.000,86,E,0,,,,397330,305.61,0
661,1570.862,"Mount",0.099,-0.004,0.091,-0.039,0.000,0.000,0,,0,,,,402928,322.23,0
662,1573.253,"Mount",-0.149,0.108,-0.181,-0.031,-0.114,0.000,27,E,0,,,,404205,306.40,0
663,1575.425,"Mount",-0.072,0.017,-0.073,0.016,0.000,0.000,0,,0,,,,383908,305.50,0
664,1577.846,"Mount",-0.259,0.260,-0.346,-0.120,-0.218,0.000,53,E,0,,,,392692,300.19,0
665,1580.126,"Mount",-0.306,0.275,-0.395,-0.113,-0.264,0.000,64,E,0,,,,405430,304.11,0
666,1582.458,"Mount",0.097,0.056,0.063,-0.093,0.000,0.000,0,,0,,,,365495,294.10,0
667,1584.669,"Mount",0.176,0.041,0.140,-0.114,0.088,0.000,21,W,0,,,,369826,305.89,0
668,1587.033,"Mount",0.005,0.007,0.002,-0.008,0.000,0.000,0,,0,,,,381000,307.60,0
669,1589.286,"Mount",0.175,-0.016,0.164,-0.063,0.103,0.000,25,W,0,,,,370371,273.64,0
670,1591.766,"Mount",-0.540,0.086,-0.523,0.160,-0.322,0.000,78,E,0,,,,403507,312.06,0
671,1594.110,"Mount",-0.799,0.423,-0.904,-0.030,-0.592,0.000,143,E,0,,,,373500,280.49,0
672,1596.443,"Mount",-0.090,-0.125,-0.026,0.152,0.000,0.000,0,,0,,,,394640,304.21,0
673,1598.613,"Mount",0.036,-0.201,0.121,0.165,0.000,0.000,0,,0,,,,414724,313.71,0
674,1600.952,"Mount",-0.026,0.044,-0.043,-0.029,0.000,0.000,0,,0,,,,417389,339.66,0
675,1603.175,"Mount",0.062,-0.073,0.087,0.039,0.000,0.000,0,,0,,,,394448,307.01,0
676,1605.513,"Mount",0.024,0.174,-0.055,-0.167,0.000,0.000,0,,0,,,,403431,295.09,0
677,1607.806,"Mount",0.509,-0.307,0.592,0.052,0.373,0.000,90,W,0,,,,391802,272.28,0
678,1610.214,"Mount",0.119,-0.325,0.250,0.240,0.184,0.000,44,W,0,,,,429339,350.40,0
679,1612.385,"Mount",0.029,-0.018,0.034,0.003,0.000,0.000,0,,0,,,,430056,315.17,0
680,1614.806,"Mount",0.225,-0.230,0.303,0.108,0.191,0.000,46,W,0,,,,427047,325.65,0
681,1616.988,"Mount",-0.063,-0.183,0.024,0.192,0.000,0.000,0,,0,,,,440849,317.39,0
682,1619.430,"Mount",0.222,-0.267,0.317,0.143,0.199,0.000,48,W,0,,,,406169,295.31,0
683,1621.624,"Mount",-0.060,-0.253,0.057,0.254,0.000,0.000,0,,0,,,,397103,329.43,0
684,1623.950,"Mount",0.115,0.030,0.090,-0.077,0.000,0.000,0,,0,,,,418274,320.33,0
685,1626.198,"Mount",-0.061,0.234,-0.157,-0.184,-0.099,0.000,24,E,0,,,,417922,303.83,0
686,1628.544,"Mount",-0.111,-0.163,-0.028,0.195,0.000,0.000,0,,0,,,,425209,307.59,0
687,1630.768,"Mount",-0.024,-0.082,0.014,0.084,0.000,0.000,0,,0,,,,418370,329.25,0
688,1633.123,"Mount",0.140,0.111,0.077,-0.161,0.000,0.000,0,,0,,,,405456,296.21,0
689,1635.297,"Mount",0.031,-0.065,0.056,0.045,0.000,0.000,0,,0,,,,402330,283.39,0
690,1637.638,"Mount",-0.019,0.072,-0.048,-0.056,0.000,0.000,0,,0,,,,409979,278.38,0
691,1640.070,"Mount",-0.848,0.233,-0.864,0.163,-0.544,0.000,131,E,0,,,,417736,300.99,0
692,1642.463,"Mount",0.027,-0.474,0.233,0.414,0.108,0.000,26,W,0,,,,424032,325.21,0
693,1644.631,"Mount",-0.118,-0.202,-0.017,0.233,0.000,0.000,0,,0,,,,419031,307.46,0
694,1647.054,"Mount",-0.284,0.122,-0.309,0.014,-0.194,0.000,47,E,0,,,,431717,330.16,0
695,1649.318,"Mount",-0.283,0.009,-0.258,0.116,-0.176,0.000,42,E,0,,,,432178,322.41,0
696,1651.814,"Mount",0.423,-0.407,0.559,0.180,0.340,0.000,82,W,0,,,,426871,352.86,0
697,1655.197,"Mount",-0.052,-0.439,0.145,0.417,0.115,0.417,28,W,1122,S,,,428075,309.68,0
698,1658.862,"Mount",-0.192,0.785,-0.517,-0.621,-0.318,-0.621,77,E,1164,N,,,423579,315.82,0
699,1661.221,"Mount",0.011,0.417,-0.173,-0.380,-0.131,-0.380,32,E,80,N,,,401816,303.85,0
700,1663.854,"Mount",-0.944,0.378,-1.014,0.074,-0.648,0.000,157,E,0,,,,424525,292.89,0
701,1666.174,"Mount",-0.643,0.295,-0.707,0.017,-0.491,0.000,119,E,0,,,,416489,333.43,0
702,1668.509,"Mount",0.046,-0.177,0.119,0.139,0.000,0.000,0,,0,,,,429534,294.12,0
703,1670.734,"Mount",0.102,-0.226,0.191,0.158,0.120,0.000,29,W,0,,,,407855,279.19,0
704,1673.072,"Mount",0.034,-0.035,0.046,0.016,0.000,0.000,0,,0,,,,393019,308.82,0
705,1675.486,"Mount",1.084,-0.863,1.353,0.299,0.852,0.000,206,W,0,,,,432425,309.42,0
706,1677.934,"Mount",-0.567,0.184,-0.590,0.084,-0.312,0.000,75,E,0,,,,453022,336.80,0
707,1680.262,"Mount",-0.691,0.264,-0.737,0.066,-0.486,0.000,117,E,0,,,,448357,325.46,0
708,1682.647,"Mount",0.048,-0.323,0.185,0.270,0.082,0.000,20,W,0,,,,430654,325.31,0
709,1686.085,"Mount",-0.478,-0.322,-0.288,0.499,-0.176,0.499,42,E,1139,S,,,421123,269.59,0
710,1688.558,"Mount",-0.574,0.258,-0.628,0.020,-0.408,0.000,99,E,0,,,,418762,335.70,0
711,1690.854,"Mount",-0.370,0.125,-0.388,0.050,-0.273,0.000,66,E,0,,,,421026,342.42,0
712,1693.302,"Mount",0.551,-0.127,0.551,-0.127,0.328,0.000,79,W,0,,,,426066,310.61,0
713,1695.526,"Mount",-0.056,0.198,-0.137,-0.153,-0.064,0.000,15,E,0,,,,447054,335.48,0
714,1697.866,"Mount",0.025,-0.005,0.025,-0.006,0.000,0.000,0,,0,,,,402774,295.79,0
715,1700.142,"Mount",-0.432,0.253,-0.499,-0.038,-0.315,0.000,76,E,0,,,,399187,303.30,0
716,1702.526,"Mount",-0.067,0.220,-0.157,-0.168,-0.121,0.000,29,E,0,,,,451032,330.11,0
717,1704.838,"Mount",-0.572,0.267,-0.631,0.011,-0.406,0.000,98,E,0,,,,411533,313.89,0
718,1707.254,"Mount",0.196,-0.134,0.235,0.034,0.120,0.000,29,W,0,,,,409624,302.75,0
719,1709.443,"Mount",0.156,0.144,0.077,-0.198,0.000,0.000,0,,0,,,,442478,350.29,0
720,1711.776,"Mount",-0.049,0.104,-0.089,-0.072,0.000,0.000,0,,0,,,,420625,318.77,0
721,1713.932,"Mount",0.034,0.057,0.006,-0.067,0.000,0.000,0,,0,,,,425011,324.69,0
722,1716.256,"Mount",-0.037,0.041,-0.051,-0.021,0.000,0.000,0,,0,,,,400139,292.08,0
723,1718.417,"Mount",0.131,-0.016,0.125,-0.043,0.000,0.000,0,,0,,,,437595,318.61,0
724,1720.871,"Mount",0.383,-0.125,0.400,-0.056,0.252,0.000,61,W,0,,,,405632,315.48,0
725,1723.158,"Mount",-0.378,0.231,-0.441,-0.041,-0.260,0.000,63,E,0,,,,425326,316.96,0
726,1725.614,"Mount",0.225,-0.153,0.269,0.039,0.151,0.000,37,W,0,,,,432596,323.13,0
727,1727.801,"Mount",0.026,0.227,-0.076,-0.215,0.000,0.000,0,,0,,,,434752,359.75,0
728,1730.230,"Mount",-0.393,0.335,-0.500,-0.129,-0.315,0.000,76,E,0,,,,455234,328.89,0
729,1732.389,"Mount",-0.039,0.098,-0.078,-0.071,0.000,0.000,0,,0,,,,420311,335.16,0
730,1734.822,"Mount",0.381,-0.191,0.426,0.005,0.268,0.000,65,W,0,,,,417190,317.51,0
731,1737.021,"Mount",0.110,-0.049,0.120,-0.004,0.000,0.000,0,,0,,,,411326,286.33,0
732,1739.381,"Mount",0.113,0.046,0.081,-0.091,0.000,0.000,0,,0,,,,441230,364.92,0
733,1741.622,"Mount",-0.161,0.109,-0.193,-0.027,-0.121,0.000,29,E,0,,,,422114,330.26,0
734,1744.014,"Mount",-0.219,0.076,-0.231,0.028,-0.154,0.000,37,E,0,,,,452458,320.83,0
735,1746.334,"Mount",-0.201,0.126,-0.236,-0.025,-0.160,0.000,39,E,0,,,,449366,335.53,0
736,1748.673,"Mount",-0.083,0.070,-0.105,-0.026,0.000,0.000,0,,0,,,,468208,337.08,0
737,1750.918,"Mount",-0.265,0.027,-0.250,0.092,-0.157,0.000,38,E,0,,,,434579,297.39,0
738,1753.249,"Mount",0.020,0.239,-0.087,-0.224,0.000,0.000,0,,0,,,,454085,364.11,0
739,1755.424,"Mount",0.052,-0.100,0.090,0.067,0.000,0.000,0,,0,,,,450749,334.85,0
740,1757.886,"Mount",0.564,-0.255,0.618,-0.018,0.390,0.000,94,W,0,,,,419625,301.60,0
741,1760.182,"Mount",0.392,-0.335,0.499,0.129,0.342,0.000,83,W,0,,,,448705,333.74,0
742,1762.630,"Mount",-0.230,-0.242,-0.101,0.319,0.000,0.319,0,,67,S,,,443310,312.48,0
743,1764.878,"Mount",-0.239,0.061,-0.241,0.050,-0.152,0.000,37,E,0,,,,430268,310.37,0
744,1767.230,"Mount",0.090,0.163,0.009,-0.186,0.000,0.000,0,,0,,,,448986,321.83,0
745,1769.486,"Mount",0.100,-0.250,0.199,0.181,0.126,0.000,30,W,0,,,,418677,326.05,0
746,1771.842,"Mount",0.002,0.138,-0.059,-0.125,0.000,0.000,0,,0,,,,446582,338.88,0
747,1774.086,"Mount",0.264,-0.156,0.306,0.024,0.192,0.000,46,W,0,,,,444147,323.89,0
748,1776.430,"Mount",0.029,-0.197,0.113,0.164,0.000,0.000,0,,0,,,,461210,342.96,0
749,1778.670,"Mount",0.112,-0.156,0.169,0.091,0.106,0.000,26,W,0,,,,437268,323.97,0
750,1781.126,"Mount",0.444,-0.273,0.519,0.051,0.335,0.000,81,W,0,,,,427534,330.05,0
751,1783.382,"Mount",0.161,-0.177,0.222,0.089,0.163,0.000,39,W,0,,,,424044,327.49,0
752,1785.713,"Mount",-0.102,-0.020,-0.082,0.063,0.000,0.000,0,,0,,,,427438,297.67,0
753,1788.045,"Mount",-0.142,-0.207,-0.037,0.248,0.000,0.248,0,,52,S,,,453994,349.04,0
754,1790.438,"Mount",-0.190,-0.090,-0.131,0.164,-0.083,0.000,20,E,0,,,,414688,300.52,0
755,1792.652,"Mount",-0.117,0.007,-0.109,0.045,0.000,0.000,0,,0,,,,446410,345.41,0
756,1795.158,"Mount",-0.302,-0.428,-0.083,0.517,0.000,0.517,0,,108,S,,,464204,329.31,0
757,1797.565,"Mount",-0.645,0.014,-0.585,0.271,-0.369,0.271,89,E,57,S,,,453592,360.28,0
758,1800.030,"Mount",0.496,-0.260,0.560,0.016,0.327,0.000,79,W,0,,,,443359,335.29,0
759,1802.383,"Mount",0.505,-0.351,0.608,0.094,0.406,0.000,98,W,0,,,,435436,368.83,0
760,1804.806,"Mount",-0.165,-0.017,-0.141,0.087,-0.060,0.000,15,E,0,,,,440827,324.52,0
761,1807.158,"Mount",-0.839,0.397,-0.929,0.011,-0.589,0.000,142,E,0,,,,437931,327.57,0
762,1809.558,"Mount",0.164,-0.185,0.228,0.094,0.102,0.000,25,W,0,,,,417985,299.70,0
763,1811.727,"Mount",0.076,0.057,0.043,-0.085,0.000,0.000,0,,0,,,,423928,300.09,0
764,1814.174,"Mount",-0.545,0.221,-0.586,0.041,-0.369,0.000,89,E,0,,,,449311,340.40,0
765,1816.454,"Mount",-0.379,0.212,-0.434,-0.024,-0.299,0.000,72,E,0,,,,464513,327.11,0
766,1818.876,"Mount",-0.072,-0.016,-0.057,0.046,0.000,0.000,0,,0,,,,457016,302.70,0
767,1821.141,"Mount",-0.227,-0.202,-0.115,0.281,0.000,0.281,0,,59,S,,,433171,329.66,0
768,1823.558,"Mount",0.181,-0.307,0.298,0.196,0.188,0.000,45,W,0,,,,419891,310.70,0
769,1825.744,"Mount",-0.018,0.038,-0.032,-0.026,0.000,0.000,0,,0,,,,456881,351.14,0
770,1828.076,"Mount",0.020,0.147,-0.047,-0.141,0.000,0.000,0,,0,,,,428135,332.42,0
771,1830.358,"Mount",-0.250,0.216,-0.320,-0.084,-0.201,0.000,49,E,0,,,,452634,302.04,0
772,1832.742,"Mount",-0.253,-0.044,-0.208,0.150,-0.145,0.000,35,E,0,,,,426210,304.34,0
773,1834.924,"Mount",-0.056,0.061,-0.077,-0.030,0.000,0.000,0,,0,,,,425541,338.48,0
774,1837.278,"Mount",0.001,0.004,-0.001,-0.004,0.000,0.000,0,,0,,,,465983,350.96,0
775,1839.670,"Mount",-0.556,0.068,-0.529,0.183,-0.333,0.000,81,E,0,,,,456363,323.38,0
776,1842.122,"Mount",0.279,0.020,0.242,-0.140,0.129,0.000,31,W,0,,,,407827,309.83,0
777,1844.309,"Mount",-0.013,0.099,-0.055,-0.083,0.000,0.000,0,,0,,,,440040,327.08,0
778,1846.766,"Mount",-0.269,0.078,-0.276,0.048,-0.174,0.000,42,E,0,,,,429810,309.84,0
779,1849.022,"Mount",-0.202,0.052,-0.204,0.042,-0.141,0.000,34,E,0,,,,452282,357.19,0
780,1851.373,"Mount",0.053,0.091,0.008,-0.105,0.000,0.000,0,,0,,,,436616,331.03,0
781,1853.528,"Mount",-0.009,0.049,-0.029,-0.040,0.000,0.000,0,,0,,,,437811,313.63,0
782,1856.070,"Mount",0.177,-0.397,0.333,0.279,0.210,0.279,51,W,59,S,,,399148,317.42,0
783,1858.244,"Mount",-0.129,0.002,-0.117,0.055,0.000,0.000,0,,0,,,,433636,309.63,0
784,1860.678,"Mount",-0.419,0.029,-0.389,0.158,-0.245,0.000,59,E,0,,,,432478,318.06,0
785,1863.062,"Mount",-0.006,-0.565,0.243,0.511,0.136,0.511,33,W,107,S,,,434771,284.23,0
786,1865.408,"Mount",0.002,-0.009,0.006,0.007,0.000,0.000,0,,0,,,,426318,314.63,0
787,1867.686,"Mount",-0.221,0.213,-0.292,-0.094,-0.184,0.000,44,E,0,,,,416790,300.83,0
788,1870.094,"Mount",-0.184,0.084,-0.202,0.006,-0.140,0.000,34,E,0,,,,420271,321.32,0
789,1872.422,"Mount",-0.335,0.383,-0.469,-0.197,-0.305,0.000,74,E,0,,,,403394,307.49,0
790,1874.870,"Mount",-0.356,0.230,-0.420,-0.050,-0.286,0.000,69,E,0,,,,411656,290.46,0
791,1877.238,"Mount",-0.444,-0.140,-0.337,0.321,-0.232,0.321,56,E,67,S,,,381945,295.28,0
792,1879.686,"Mount",-0.263,0.077,-0.270,0.046,-0.186,0.000,45,E,0,,,,396877,299.61,0
793,1881.982,"Mount",-0.196,-0.333,-0.030,0.385,0.000,0.385,0,,81,S,,,400597,307.28,0
794,1884.438,"Mount",0.446,-0.353,0.556,0.122,0.350,0.000,85,W,0,,,,419928,311.72,0
795,1886.822,"Mount",1.014,-0.474,1.119,-0.019,0.730,0.000,176,W,0,,,,419577,296.26,0
796,1889.286,"Mount",-0.626,0.175,-0.640,0.118,-0.352,0.000,85,E,0,,,,405173,304.28,0
797,1891.566,"Mount",-0.497,0.093,-0.488,0.135,-0.332,0.000,80,E,0,,,,429059,298.88,0
798,1893.966,"Mount",-0.228,0.051,-0.227,0.054,-0.166,0.000,40,E,0,,,,438657,352.68,0
799,1896.342,"Mount",-0.538,0.281,-0.607,-0.016,-0.394,0.000,95,E,0,,,,415540,306.56,0
800,1898.688,"Mount",-0.019,-0.017,-0.010,0.023,0.000,0.000,0,,0,,,,415316,320.28,0
801,1900.950,"Mount",-0.414,0.032,-0.386,0.153,-0.243,0.000,59,E,0,,,,427656,302.86,0
802,1903.486,"Mount",-0.364,-0.172,-0.251,0.314,-0.175,0.314,42,E,66,S,,,410913,297.77,0
803,1905.663,"Mount",-0.047,0.012,-0.048,0.010,0.000,0.000,0,,0,,,,450030,345.52,0
804,1908.150,"Mount",0.643,-0.310,0.714,-0.004,0.450,0.000,109,W,0,,,,458622,346.70,0
805,1910.534,"Mount",1.142,-0.501,1.246,-0.051,0.816,0.000,197,W,0,,,,415868,313.77,0
806,1912.990,"Mount",-0.553,0.172,-0.573,0.088,-0.304,0.000,73,E,0,,,,423366,317.07,0
807,1915.294,"Mount",-0.589,0.074,-0.562,0.192,-0.375,0.000,91,E,0,,,,433952,323.23,0
808,1917.634,"Mount",0.021,-0.015,0.026,0.004,0.000,0.000,0,,0,,,,418370,321.89,0
809,1919.896,"Mount",0.362,-0.248,0.434,0.064,0.274,0.000,66,W,0,,,,424514,325.72,0
810,1922.662,"Mount",-0.642,-0.447,-0.381,0.684,-0.221,0.684,53,E,144,S,,,438532,301.06,0
811,1924.842,"Mount",0.003,-0.028,0.014,0.024,0.000,0.000,0,,0,,,,439901,317.42,0
812,1927.172,"Mount",0.068,0.275,-0.059,-0.277,0.000,0.000,0,,0,,,,425747,335.88,0
813,1929.454,"Mount",0.349,0.125,0.259,-0.266,0.163,0.000,39,W,0,,,,427469,310.12,0
814,1931.794,"Mount",0.145,0.055,0.106,-0.113,0.000,0.000,0,,0,,,,419226,317.60,0
815,1933.964,"Mount",0.113,0.281,-0.022,-0.302,0.000,0.000,0,,0,,,,449611,320.74,0
816,1937.430,"Mount",0.225,0.250,0.092,-0.324,0.000,-0.324,0,,1102,N,,,420816,324.81,0
817,1939.936,"Mount",-0.097,0.362,-0.246,-0.282,-0.155,-0.282,37,E,59,N,,,411734,306.36,0
818,1942.366,"Mount",0.161,-0.035,0.160,-0.039,0.090,0.000,22,W,0,,,,390229,325.88,0
819,1944.530,"Mount",-0.088,-0.053,-0.056,0.086,0.000,0.000,0,,0,,,,443824,340.09,0
820,1947.006,"Mount",0.559,-0.221,0.599,-0.047,0.377,0.000,91,W,0,,,,433461,346.09,0
821,1949.294,"Mount",0.133,0.314,-0.018,-0.340,0.000,-0.340,0,,71,N,,,424543,319.53,0
822,1951.662,"Mount",-0.041,0.022,-0.046,-0.002,0.000,0.000,0,,0,,,,437171,321.25,0
823,1953.934,"Mount",-0.541,0.067,-0.515,0.177,-0.325,0.000,78,E,0,,,,419031,320.04,0
824,1956.374,"Mount",-0.414,0.004,-0.374,0.178,-0.258,0.000,62,E,0,,,,425858,323.60,0
825,1958.743,"Mount",-1.098,0.100,-1.030,0.392,-0.667,0.000,161,E,0,,,,393964,311.95,0
826,1961.246,"Mount",-0.716,0.222,-0.741,0.114,-0.513,0.000,124,E,0,,,,415207,327.82,0
827,1963.590,"Mount",-0.475,0.253,-0.538,-0.019,-0.375,0.000,91,E,0,,,,409164,296.18,0
828,1965.944,"Mount",0.010,-0.200,0.097,0.176,0.000,0.000,0,,0,,,,418779,314.81,0
829,1968.114,"Mount",-0.163,-0.156,-0.078,0.212,0.000,0.000,0,,0,,,,395622,294.25,0
830,1970.614,"Mount",0.856,-0.313,0.906,-0.094,0.571,0.000,138,W,0,,,,408279,320.57,0
831,1972.910,"Mount",0.485,-0.272,0.555,0.032,0.389,0.000,94,W,0,,,,394528,273.73,0
832,1975.358,"Mount",0.180,-0.173,0.238,0.077,0.177,0.000,43,W,0,,,,392491,296.33,0
833,1977.526,"Mount",0.012,0.038,-0.006,-0.040,0.000,0.000,0,,0,,,,361583,262.60,0
834,1979.851,"Mount",-0.004,0.157,-0.073,-0.140,0.000,0.000,0,,0,,,,394895,308.68,0
835,1982.034,"Mount",-0.027,0.084,-0.062,-0.064,0.000,0.000,0,,0,,,,388763,292.79,0
836,1984.509,"Mount",-0.309,0.109,-0.326,0.037,-0.205,0.000,50,E,0,,,,373843,302.06,0
837,1986.750,"Mount",-0.342,-0.209,-0.216,0.338,-0.150,0.000,36,E,0,,,,374127,268.16,0
838,1989.198,"Mount",-0.370,0.115,-0.383,0.059,-0.252,0.000,61,E,0,,,,352530,281.25,0
839,1991.486,"Mount",-0.486,0.063,-0.465,0.157,-0.310,0.000,75,E,0,,,,373034,292.40,0
840,1993.926,"Mount",0.391,-0.281,0.475,0.081,0.277,0.000,67,W,0,,,,374021,284.67,0
841,1996.104,"Mount",-0.065,-0.157,0.010,0.169,0.000,0.000,0,,0,,,,380093,293.18,0
842,1998.437,"Mount",-0.145,-0.274,-0.010,0.310,0.000,0.000,0,,0,,,,376432,286.58,0
843,2000.589,"Mount",-0.045,-0.055,-0.016,0.069,0.000,0.000,0,,0,,,,372063,288.77,0
844,2002.930,"Mount",-0.023,-0.179,0.058,0.171,0.000,0.000,0,,0,,,,369612,297.90,0
845,2005.135,"Mount",-0.008,-0.007,-0.004,0.010,0.000,0.000,0,,0,,,,374148,282.48,0
846,2007.473,"Mount",-0.004,0.176,-0.081,-0.157,0.000,0.000,0,,0,,,,356247,282.15,0
847,2009.647,"Mount",0.027,-0.018,0.032,0.005,0.000,0.000,0,,0,,,,346948,277.49,0
848,2011.986,"Mount",-0.073,-0.003,-0.065,0.035,0.000,0.000,0,,0,,,,345418,286.94,0
849,2014.222,"Mount",-0.273,-0.187,-0.163,0.288,-0.103,0.000,25,E,0,,,,344140,256.65,0
850,2017.774,"Mount",-0.301,-0.278,-0.148,0.382,-0.101,0.382,24,E,1114,S,,,334319,290.38,0
851,2019.951,"Mount",-0.040,-0.047,-0.015,0.060,0.000,0.000,0,,0,,,,353673,285.03,0
852,2022.454,"Mount",0.404,-0.242,0.469,0.040,0.295,0.000,71,W,0,,,,352097,314.39,0
853,2024.718,"Mount",0.312,-0.211,0.373,0.053,0.256,0.000,62,W,0,,,,377416,300.32,0
854,2027.230,"Mount",-0.276,-0.212,-0.155,0.312,-0.080,0.312,19,E,65,S,,,369042,278.48,0
855,2029.526,"Mount",0.468,-0.091,0.460,-0.124,0.284,0.000,69,W,0,,,,338030,294.62,0
856,2031.874,"Mount",-0.005,0.215,-0.099,-0.191,0.000,0.000,0,,0,,,,323548,265.92,0
857,2034.035,"Mount",0.030,0.114,-0.023,-0.116,0.000,0.000,0,,0,,,,324556,284.35,0
858,2036.470,"Mount",0.514,0.066,0.432,-0.285,0.272,0.000,66,W,0,,,,342173,270.61,0
859,2038.734,"Mount",0.281,0.067,0.223,-0.184,0.160,0.000,39,W,0,,,,335467,248.87,0
860,2041.066,"Mount",-0.075,0.048,-0.089,-0.010,0.000,0.000,0,,0,,,,346778,268.90,0
861,2043.336,"Mount",-0.230,0.225,-0.305,-0.101,-0.192,0.000,46,E,0,,,,347325,282.67,0
862,2045.758,"Mount",-0.274,0.176,-0.323,-0.038,-0.217,0.000,52,E,0,,,,320985,250.29,0
863,2047.941,"Mount",0.153,0.121,0.084,-0.176,0.000,0.000,0,,0,,,,322707,266.74,0
864,2050.267,"Mount",0.086,-0.010,0.082,-0.029,0.000,0.000,0,,0,,,,317448,274.60,0
865,2052.518,"Mount",0.447,0.106,0.355,-0.292,0.224,0.000,54,W,0,,,,315264,265.83,0
866,2054.950,"Mount",0.378,0.092,0.299,-0.248,0.204,0.000,49,W,0,,,,317960,259.63,0
867,2057.230,"Mount",0.425,-0.041,0.400,-0.150,0.267,0.000,64,W,0,,,,311428,273.38,0
868,2059.718,"Mount",0.391,-0.213,0.445,0.020,0.299,0.000,72,W,0,,,,323681,266.60,0
869,2061.902,"Mount",0.006,0.116,-0.046,-0.106,0.000,0.000,0,,0,,,,322980,264.02,0
870,2064.243,"Mount",-0.012,0.098,-0.054,-0.083,0.000,0.000,0,,0,,,,327261,253.99,0
871,2066.409,"Mount",-0.004,-0.016,0.004,0.016,0.000,0.000,0,,0,,,,322407,269.50,0
872,2068.754,"Mount",-0.125,-0.302,0.021,0.326,0.000,0.000,0,,0,,,,332492,263.45,0
873,2071.222,"Mount",-1.003,0.180,-0.980,0.278,-0.617,0.278,149,E,58,S,,,324495,246.68,0
874,2073.647,"Mount",0.403,-0.065,0.391,-0.119,0.203,0.000,49,W,0,,,,337253,270.61,0
875,2075.878,"Mount",0.265,0.152,0.171,-0.253,0.122,0.000,30,W,0,,,,325694,258.44,0
876,2078.318,"Mount",0.528,-0.032,0.488,-0.203,0.316,0.000,76,W,0,,,,320475,245.27,0
877,2080.598,"Mount",0.228,-0.042,0.223,-0.062,0.162,0.000,39,W,0,,,,319706,256.01,0
878,2082.949,"Mount",0.107,0.226,-0.003,-0.249,0.000,0.000,0,,0,,,,300743,271.14,0
879,2085.142,"Mount",0.077,0.056,0.045,-0.084,0.000,0.000,0,,0,,,,306503,233.29,0
880,2087.535,"Mount",-0.230,0.012,-0.212,0.090,-0.133,0.000,32,E,0,,,,307160,261.86,0
881,2089.742,"Mount",0.166,0.180,0.070,-0.235,0.000,0.000,0,,0,,,,327308,258.53,0
882,2092.294,"Mount",1.097,-0.355,1.141,-0.162,0.719,0.000,174,W,0,,,,337568,278.59,0
883,2094.518,"Mount",-0.193,0.208,-0.265,-0.102,-0.117,0.000,28,E,0,,,,313442,262.06,0
884,2096.999,"Mount",-0.543,0.210,-0.580,0.049,-0.374,0.000,90,E,0,,,,326432,260.57,0
885,2099.262,"Mount",-0.234,-0.069,-0.181,0.165,-0.140,0.000,34,E,0,,,,336271,252.11,0
886,2101.759,"Mount",0.534,-0.258,0.593,-0.002,0.364,0.000,88,W,0,,,,356166,286.00,0
887,2104.022,"Mount",0.337,-0.199,0.390,0.031,0.271,0.000,65,W,0,,,,355583,292.81,0
888,2106.543,"Mount",-0.967,0.339,-1.018,0.120,-0.622,0.000,150,E,0,,,,349504,275.26,0
889,2108.902,"Mount",-0.326,-0.095,-0.251,0.228,-0.202,0.228,49,E,48,S,,,352397,283.31,0
890,2111.318,"Mount",-0.170,0.323,-0.295,-0.215,-0.200,0.000,48,E,0,,,,339013,292.05,0
891,2113.590,"Mount",-0.206,0.282,-0.309,-0.163,-0.208,0.000,50,E,0,,,,347067,301.52,0
892,2116.014,"Mount",-0.189,0.237,-0.274,-0.130,-0.187,0.000,45,E,0,,,,337702,265.29,0
893,2118.369,"Mount",-0.464,-0.065,-0.389,0.263,-0.258,0.263,62,E,55,S,,,341265,280.32,0
894,2120.758,"Mount",0.121,-0.076,0.142,0.015,0.071,0.000,17,W,0,,,,366970,273.09,0
895,2123.014,"Mount",0.282,-0.325,0.396,0.169,0.254,0.000,61,W,0,,,,349526,263.04,0
896,2125.478,"Mount",0.468,-0.204,0.510,-0.022,0.339,0.000,82,W,0,,,,347234,295.21,0
897,2127.734,"Mount",0.326,0.053,0.270,-0.191,0.194,0.000,47,W,0,,,,354336,295.81,0
898,2130.090,"Mount",0.016,0.096,-0.028,-0.093,0.000,0.000,0,,0,,,,356072,265.24,0
899,2132.358,"Mount",-0.027,0.572,-0.275,-0.502,-0.174,0.000,42,E,0,,,,336832,265.92,0
900,2134.830,"Mount",-0.391,0.234,-0.454,-0.039,-0.298,0.000,72,E,0,,,,335784,272.73,0
901,2137.118,"Mount",-0.288,0.353,-0.414,-0.191,-0.282,0.000,68,E,0,,,,343032,293.38,0
902,2139.606,"Mount",-0.029,0.377,-0.192,-0.325,-0.140,0.000,34,E,0,,,,338629,278.52,0
903,2141.774,"Mount",0.083,-0.027,0.086,-0.012,0.000,0.000,0,,0,,,,340499,283.21,0
904,2144.182,"Mount",-0.186,0.217,-0.263,-0.114,-0.166,0.000,40,E,0,,,,351898,282.74,0
905,2146.352,"Mount",0.161,0.092,0.105,-0.153,0.000,0.000,0,,0,,,,346583,267.53,0
906,2148.670,"Mount",0.072,0.052,0.042,-0.079,0.000,0.000,0,,0,,,,337338,256.52,0
907,2150.918,"Mount",-0.115,0.228,-0.204,-0.155,-0.128,0.000,31,E,0,,,,347919,276.65,0
908,2153.334,"Mount",-0.347,0.117,-0.363,0.047,-0.238,0.000,57,E,0,,,,318010,232.77,0
909,2155.630,"Mount",-0.293,0.239,-0.369,-0.086,-0.249,0.000,60,E,0,,,,322774,248.24,0
910,2157.977,"Mount",-0.087,0.030,-0.091,0.011,0.000,0.000,0,,0,,,,305788,249.93,0
911,2160.218,"Mount",-0.044,0.057,-0.065,-0.032,0.000,0.000,0,,0,,,,329735,272.99,0
912,2162.766,"Mount",-0.989,0.857,-1.264,-0.336,-0.797,0.000,192,E,0,,,,316702,253.76,0
913,2165.062,"Mount",0.480,-0.101,0.476,-0.120,0.244,0.000,59,W,0,,,,314461,276.75,0
914,2167.522,"Mount",-0.471,0.235,-0.526,-0.005,-0.314,0.000,76,E,0,,,,318368,273.30,0
915,2169.822,"Mount",0.196,-0.124,0.231,0.025,0.123,0.000,30,W,0,,,,319823,269.13,0
916,2172.318,"Mount",-0.342,0.200,-0.395,-0.030,-0.240,0.000,58,E,0,,,,330755,268.39,0
917,2174.501,"Mount",0.065,0.074,0.026,-0.095,0.000,0.000,0,,0,,,,342532,256.57,0
INFO: SET LOCK POSITION, new lock pos = 623.716, 898.326
INFO: DITHER by 0.199, -1.980, new lock pos = 624.764, 900.019
INFO: SETTLING STATE CHANGE, Settling started
918,2177.766,"Mount",-1.048,-1.692,-0.199,1.980,-0.199,1.980,48,E,416,S,,,334596,251.03,0
919,2180.399,"Mount",-1.065,-1.135,-0.459,1.487,-0.289,1.487,70,E,312,S,,,345846,268.57,0
920,2182.927,"Mount",1.035,-0.041,0.948,-0.417,0.577,0.000,139,W,0,,,,316442,285.52,0
921,2185.093,"Mount",0.240,0.364,0.056,-0.432,0.000,0.000,0,,0,,,,335045,270.91,0
922,2187.434,"Mount",0.086,0.286,-0.048,-0.294,0.000,0.000,0,,0,,,,320721,236.24,0
923,2189.686,"Mount",-0.138,0.624,-0.398,-0.500,-0.250,0.000,60,E,0,,,,326159,256.76,0
924,2192.086,"Mount",0.270,0.213,0.149,-0.310,0.077,0.000,19,W,0,,,,322139,254.55,0
INFO: SETTLING STATE CHANGE, Settling complete
925,2194.382,"Mount",-0.512,0.378,-0.626,-0.115,-0.389,0.000,94,E,0,,,,335806,250.80,0
926,2196.822,"Mount",0.567,0.030,0.496,-0.276,0.285,0.000,69,W,0,,,,327315,288.67,0
927,2199.134,"Mount",-0.444,0.522,-0.628,-0.274,-0.376,0.000,91,E,0,,,,327341,269.99,0
928,2202.862,"Mount",-0.100,0.445,-0.285,-0.356,-0.206,-0.356,50,E,1109,N,,,336462,271.42,0
929,2205.182,"Mount",0.290,0.094,0.219,-0.211,0.124,-0.211,30,W,44,N,,,349998,276.96,0
930,2207.646,"Mount",0.572,-0.172,0.590,-0.096,0.380,0.000,92,W,0,,,,326998,267.46,0
931,2210.070,"Mount",0.755,0.020,0.670,-0.349,0.448,-0.349,108,W,73,N,,,318641,279.52,0
932,2212.518,"Mount",0.514,-0.091,0.502,-0.144,0.348,0.000,84,W,0,,,,327799,289.89,0
933,2214.782,"Mount",-0.384,0.168,-0.419,0.018,-0.239,0.000,58,E,0,,,,349564,259.15,0
934,2217.126,"Mount",-0.090,-0.089,-0.041,0.120,0.000,0.000,0,,0,,,,351389,281.67,0
935,2219.382,"Mount",-0.316,-0.022,-0.274,0.159,-0.173,0.000,42,E,0,,,,356998,264.06,0
936,2221.798,"Mount",-0.096,0.169,-0.160,-0.110,-0.113,0.000,27,E,0,,,,378492,301.71,0
937,2223.966,"Mount",-0.023,0.098,-0.064,-0.078,0.000,0.000,0,,0,,,,376334,267.16,0
938,2226.367,"Mount",-0.192,0.087,-0.211,0.006,-0.133,0.000,32,E,0,,,,371815,278.98,0
939,2228.534,"Mount",-0.090,-0.111,-0.032,0.139,0.000,0.000,0,,0,,,,361100,281.47,0
940,2230.889,"Mount",0.009,-0.058,0.034,0.048,0.000,0.000,0,,0,,,,380287,301.58,0
941,2233.126,"Mount",-0.229,0.132,-0.264,-0.018,-0.166,0.000,40,E,0,,,,347660,300.06,0
942,2235.458,"Mount",-0.012,-0.033,0.004,0.035,0.000,0.000,0,,0,,,,366479,315.27,0
943,2237.702,"Mount",0.182,-0.125,0.218,0.033,0.138,0.000,33,W,0,,,,356611,294.40,0
944,2240.238,"Mount",-0.986,0.599,-1.149,-0.106,-0.714,0.000,173,E,0,,,,377921,284.21,0
945,2242.496,"Mount",0.408,-0.295,0.497,0.086,0.263,0.000,63,W,0,,,,380413,325.29,0
946,2244.842,"Mount",-0.114,-0.019,-0.094,0.067,0.000,0.000,0,,0,,,,351510,305.08,0
947,2247.118,"Mount",0.368,-0.334,0.477,0.139,0.301,0.000,73,W,0,,,,376265,300.24,0
948,2249.526,"Mount",-0.164,0.097,-0.190,-0.015,-0.099,0.000,24,E,0,,,,369456,305.46,0
949,2251.806,"Mount",0.205,-0.288,0.311,0.169,0.189,0.000,46,W,0,,,,385755,313.86,0
950,2254.155,"Mount",0.130,0.005,0.114,-0.062,0.000,0.000,0,,0,,,,377214,308.22,0
951,2256.316,"Mount",0.049,-0.097,0.086,0.066,0.000,0.000,0,,0,,,,395791,310.15,0
952,2258.642,"Mount",-0.281,-0.468,-0.047,0.544,0.000,0.000,0,,0,,,,378204,295.45,0
953,2260.862,"Mount",-0.215,0.005,-0.196,0.090,-0.123,0.000,30,E,0,,,,382646,293.55,0
954,2263.326,"Mount",-0.531,-0.153,-0.410,0.371,-0.267,0.000,65,E,0,,,,387248,282.23,0
955,2266.726,"Mount",-0.325,-0.197,-0.206,0.320,-0.148,0.320,36,E,1126,S,,,373894,317.09,0
956,2269.150,"Mount",0.355,-0.110,0.368,-0.057,0.221,0.000,53,W,0,,,,360013,304.27,0
957,2271.446,"Mount",-0.258,0.039,-0.249,0.078,-0.141,0.000,34,E,0,,,,400869,291.31,0
958,2274.036,"Mount",0.919,-0.293,0.954,-0.140,0.591,0.000,143,W,0,,,,398620,307.90,0
959,2276.406,"Mount",0.848,-0.403,0.939,-0.010,0.633,0.000,153,W,0,,,,380885,279.66,0
960,2278.822,"Mount",-0.274,0.031,-0.260,0.092,-0.119,0.000,29,E,0,,,,375698,291.93,0
961,2281.175,"Mount",-0.346,-0.226,-0.211,0.355,-0.142,0.355,34,E,74,S,,,381570,329.57,0
962,2283.718,"Mount",-0.550,-0.136,-0.434,0.364,-0.283,0.364,68,E,76,S,,,376119,317.77,0
963,2285.926,"Mount",0.151,-0.145,0.200,0.064,0.106,0.000,26,W,0,,,,356491,278.19,0
964,2288.350,"Mount",0.235,-0.065,0.240,-0.045,0.158,0.000,38,W,0,,,,382331,279.03,0
965,2290.606,"Mount",-0.237,-0.033,-0.198,0.133,-0.114,0.000,28,E,0,,,,393313,316.73,0
966,2293.006,"Mount",0.165,-0.061,0.176,-0.017,0.103,0.000,25,W,0,,,,366943,266.98,0
967,2295.246,"Mount",-0.173,-0.029,-0.142,0.102,-0.082,0.000,20,E,0,,,,386056,318.03,0
968,2297.579,"Mount",-0.006,-0.177,0.072,0.161,0.000,0.000,0,,0,,,,359869,283.43,0
969,2299.879,"Mount",-0.541,0.115,-0.537,0.134,-0.338,0.000,82,E,0,,,,401744,310.55,0
970,2302.310,"Mount",-0.210,-0.080,-0.153,0.163,-0.120,0.000,29,E,0,,,,386818,290.41,0
971,2304.478,"Mount",-0.065,0.054,-0.082,-0.020,0.000,0.000,0,,0,,,,381315,294.08,0
972,2307.006,"Mount",-0.413,-0.029,-0.359,0.207,-0.226,0.207,55,E,44,S,,,368036,287.35,0
973,2309.326,"Mount",-0.601,0.119,-0.592,0.157,-0.389,0.000,94,E,0,,,,391672,292.64,0
974,2311.750,"Mount",-0.077,0.162,-0.140,-0.112,-0.115,0.000,28,E,0,,,,375722,289.06,0
975,2314.039,"Mount",-0.626,0.136,-0.622,0.152,-0.400,0.000,97,E,0,,,,376445,282.72,0
976,2316.558,"Mount",0.951,-0.304,0.988,-0.144,0.595,0.000,144,W,0,,,,369643,298.20,0
977,2318.822,"Mount",0.303,0.091,0.232,-0.214,0.188,0.000,45,W,0,,,,367023,287.84,0
978,2321.214,"Mount",0.159,-0.066,0.172,-0.011,0.121,0.000,29,W,0,,,,340940,298.94,0
979,2323.390,"Mount",-0.124,-0.090,-0.072,0.136,0.000,0.000,0,,0,,,,369124,292.60,0
980,2325.767,"Mount",-0.046,0.030,-0.055,-0.007,0.000,0.000,0,,0,,,,367069,290.69,0
981,2327.943,"Mount",0.029,-0.106,0.073,0.083,0.000,0.000,0,,0,,,,339255,280.95,0
982,2330.374,"Mount",0.535,0.010,0.477,-0.244,0.300,0.000,73,W,0,,,,341331,286.86,0
983,2332.615,"Mount",-0.129,0.070,-0.147,-0.006,-0.072,0.000,17,E,0,,,,317537,255.87,0
984,2334.968,"Mount",-0.006,-0.066,0.024,0.062,0.000,0.000,0,,0,,,,327764,284.02,0
985,2337.232,"Mount",-0.304,0.010,-0.277,0.124,-0.175,0.000,42,E,0,,,,304842,240.66,0
986,2339.702,"Mount",-0.527,0.390,-0.645,-0.119,-0.418,0.000,101,E,0,,,,308737,255.28,0
987,2341.883,"Mount",0.039,0.050,0.013,-0.062,0.000,0.000,0,,0,,,,320842,267.51,0
988,2344.270,"Mount",-0.050,0.200,-0.133,-0.158,-0.084,0.000,20,E,0,,,,337552,246.99,0
989,2346.446,"Mount",-0.096,0.030,-0.099,0.015,0.000,0.000,0,,0,,,,308018,256.00,0
990,2348.806,"Mount",-0.007,0.081,-0.042,-0.070,0.000,0.000,0,,0,,,,332164,285.05,0
991,2351.054,"Mount",-0.327,0.194,-0.379,-0.031,-0.239,0.000,58,E,0,,,,318185,284.47,0
992,2353.455,"Mount",0.353,0.098,0.275,-0.243,0.156,0.000,38,W,0,,,,343051,291.40,0
993,2355.718,"Mount",0.405,0.068,0.335,-0.239,0.222,0.000,54,W,0,,,,328995,247.52,0
994,2358.055,"Mount",0.003,0.121,-0.051,-0.110,0.000,0.000,0,,0,,,,351977,278.70,0
995,2361.486,"Mount",0.643,-0.080,0.613,-0.210,0.386,-0.210,93,W,1103,N,,,338781,259.09,0
996,2363.854,"Mount",-0.202,-0.017,-0.174,0.104,-0.083,0.000,20,E,0,,,,324921,266.40,0
997,2366.134,"Mount",-0.403,0.131,-0.419,0.059,-0.270,0.000,65,E,0,,,,314514,266.58,0
998,2368.468,"Mount",-0.173,-0.140,-0.094,0.202,0.000,0.000,0,,0,,,,333666,271.21,0
999,2370.661,"Mount",-0.138,-0.051,-0.102,0.106,0.000,0.000,0,,0,,,,340500,266.31,0
1000,2373.126,"Mount",-0.472,0.147,-0.489,0.075,-0.308,0.000,74,E,0,,,,311931,244.69,0
1001,2375.329,"Mount",-0.126,-0.035,-0.098,0.087,0.000,0.000,0,,0,,,,334638,277.87,0
1002,2377.750,"Mount",-0.263,-0.086,-0.198,0.193,-0.125,0.000,30,E,0,,,,355873,274.35,0
1003,2379.931,"Mount",-0.106,-0.146,-0.031,0.177,0.000,0.000,0,,0,,,,342449,255.37,0
1004,2382.422,"Mount",0.136,-0.142,0.185,0.068,0.117,0.000,28,W,0,,,,330928,247.10,0
1005,2384.638,"Mount",-0.236,-0.132,-0.154,0.223,-0.089,0.000,21,E,0,,,,346333,291.32,0
1006,2387.054,"Mount",0.279,-0.307,0.385,0.153,0.236,0.000,57,W,0,,,,319059,257.99,0
1007,2390.550,"Mount",-0.891,0.110,-0.849,0.292,-0.518,0.292,125,E,1120,S,,,320844,259.96,0
1008,2393.062,"Mount",0.601,-0.316,0.679,0.021,0.391,0.000,95,W,0,,,,310356,284.32,0
1009,2395.273,"Mount",0.079,0.134,0.012,-0.155,0.000,0.000,0,,0,,,,309428,241.42,0
1010,2397.622,"Mount",0.083,0.141,0.013,-0.163,0.000,0.000,0,,0,,,,307771,235.73,0
1011,2399.799,"Mount",0.015,0.099,-0.030,-0.095,0.000,0.000,0,,0,,,,297124,230.02,0
1012,2402.286,"Mount",0.530,-0.198,0.563,-0.055,0.355,0.000,86,W,0,,,,278638,237.96,0
1013,2404.590,"Mount",-0.241,-0.188,-0.134,0.275,-0.060,0.275,14,E,58,S,,,300727,235.98,0
1014,2407.094,"Mount",-0.691,0.235,-0.724,0.092,-0.460,0.000,111,E,0,,,,320042,269.61,0
1015,2409.502,"Mount",-0.621,0.277,-0.680,0.023,-0.461,0.000,111,E,0,,,,313318,272.39,0
1016,2412.086,"Mount",-0.533,0.018,-0.487,0.218,-0.339,0.218,82,E,46,S,,,317451,251.19,0
1017,2414.478,"Mount",-0.605,0.040,-0.561,0.230,-0.377,0.230,91,E,48,S,,,317917,262.07,0
1018,2416.910,"Mount",-0.110,0.272,-0.219,-0.196,-0.164,0.000,40,E,0,,,,346027,271.18,0
1019,2419.086,"Mount",0.166,0.244,0.043,-0.292,0.000,0.000,0,,0,,,,351739,258.23,0
1020,2421.542,"Mount",0.780,0.184,0.620,-0.508,0.391,0.000,94,W,0,,,,358144,289.63,0
1021,2423.807,"Mount",0.465,0.211,0.325,-0.394,0.232,0.000,56,W,0,,,,365417,290.57,0
1022,2426.246,"Mount",-0.442,0.192,-0.482,0.021,-0.287,0.000,69,E,0,,,,344445,276.93,0
1023,2428.519,"Mount",0.347,-0.062,0.339,-0.096,0.193,0.000,47,W,0,,,,331432,266.00,0
1024,2430.966,"Mount",-0.416,0.332,-0.520,-0.116,-0.314,0.000,76,E,0,,,,336849,280.65,0
1025,2433.230,"Mount",0.427,-0.054,0.407,-0.139,0.235,0.000,57,W,0,,,,343290,268.93,0
1026,2435.663,"Mount",-0.281,0.267,-0.369,-0.117,-0.216,0.000,52,E,0,,,,323649,262.68,0
1027,2437.842,"Mount",0.218,0.303,0.063,-0.368,0.000,0.000,0,,0,,,,342748,277.44,0
1028,2440.254,"Mount",-0.150,0.297,-0.266,-0.201,-0.167,0.000,40,E,0,,,,327135,261.64,0
1029,2443.662,"Mount",0.143,0.301,-0.004,-0.333,0.000,-0.333,0,,1129,N,,,310629,276.34,0
1030,2446.247,"Mount",-0.935,0.505,-1.062,-0.044,-0.669,0.000,162,E,0,,,,314149,268.59,0
1031,2448.418,"Mount",-0.098,0.023,-0.098,0.022,0.000,0.000,0,,0,,,,295650,255.02,0
1032,2450.814,"Mount",-0.234,-0.023,-0.200,0.123,-0.126,0.000,30,E,0,,,,272319,234.11,0
1033,2453.118,"Mount",-0.699,0.148,-0.694,0.174,-0.446,0.000,108,E,0,,,,289732,244.96,0
1034,2455.484,"Mount",-0.123,0.000,-0.110,0.053,0.000,0.000,0,,0,,,,251789,245.79,0
1035,2457.655,"Mount",-0.104,0.038,-0.110,0.012,0.000,0.000,0,,0,,,,266615,238.70,0
1036,2460.142,"Mount",-0.395,0.032,-0.369,0.145,-0.233,0.000,56,E,0,,,,271383,220.53,0
1037,2462.438,"Mount",-0.412,-0.007,-0.367,0.187,-0.248,0.000,60,E,0,,,,280291,229.22,0
1038,2464.854,"Mount",-0.252,-0.036,-0.210,0.143,-0.150,0.000,36,E,0,,,,284471,231.26,0
1039,2467.025,"Mount",0.060,0.168,-0.020,-0.178,0.000,0.000,0,,0,,,,276426,232.70,0
1040,2469.438,"Mount",-0.204,-0.045,-0.163,0.130,-0.103,0.000,25,E,0,,,,286119,255.09,0
1041,2471.694,"Mount",-0.373,-0.052,-0.312,0.210,-0.204,0.000,49,E,0,,,,282229,240.78,0
1042,2474.048,"Mount",-0.126,-0.217,-0.018,0.250,0.000,0.000,0,,0,,,,268138,235.67,0
1043,2476.224,"Mount",-0.112,-0.131,-0.044,0.167,0.000,0.000,0,,0,,,,261161,245.78,0
1044,2479.790,"Mount",-0.299,-0.203,-0.179,0.314,-0.113,0.314,27,E,1125,S,,,252014,221.73,0
1045,2482.030,"Mount",0.191,-0.032,0.186,-0.055,0.109,0.000,26,W,0,,,,239028,218.35,0
1046,2484.462,"Mount",0.243,-0.098,0.261,-0.019,0.172,0.000,42,W,0,,,,243965,214.38,0
1047,2486.775,"Mount",0.542,-0.167,0.560,-0.087,0.365,0.000,88,W,0,,,,260804,230.62,0
1048,2489.123,"Mount",-0.104,0.037,-0.110,0.012,0.000,0.000,0,,0,,,,245172,228.93,0
1049,2491.438,"Mount",-0.512,0.139,-0.521,0.100,-0.328,0.000,79,E,0,,,,246944,216.16,0
1050,2493.769,"Mount",-0.007,0.135,-0.066,-0.118,0.000,0.000,0,,0,,,,222197,208.38,0
1051,2495.954,"Mount",-0.144,-0.018,-0.121,0.079,0.000,0.000,0,,0,,,,203029,203.29,0
1052,2498.462,"Mount",-0.438,-0.084,-0.357,0.267,-0.225,0.267,54,E,56,S,,,181976,176.54,0
1053,2500.830,"Mount",-0.383,-0.137,-0.284,0.291,-0.194,0.291,47,E,61,S,,,186724,180.85,0
1054,2503.262,"Mount",0.431,-0.021,0.396,-0.170,0.236,0.000,57,W,0,,,,190006,200.47,0
1055,2505.431,"Mount",0.168,0.141,0.089,-0.201,0.000,0.000,0,,0,,,,212603,215.21,0
1056,2507.838,"Mount",0.304,0.037,0.257,-0.166,0.162,0.000,39,W,0,,,,222767,199.56,0
1057,2510.126,"Mount",0.483,-0.054,0.457,-0.163,0.299,0.000,72,W,0,,,,216165,220.69,0
1058,2512.542,"Mount",-0.044,0.261,-0.154,-0.215,-0.076,0.000,18,E,0,,,,204624,201.13,0
1059,2514.725,"Mount",-0.022,0.176,-0.097,-0.148,0.000,0.000,0,,0,,,,207756,199.67,0
1060,2517.073,"Mount",0.025,0.130,-0.034,-0.128,0.000,0.000,0,,0,,,,206289,193.53,0
1061,2519.264,"Mount",0.035,-0.141,0.093,0.111,0.000,0.000,0,,0,,,,219795,188.04,0
1062,2521.751,"Mount",-0.367,0.339,-0.479,-0.144,-0.302,0.000,73,E,0,,,,229093,197.75,0
1063,2523.910,"Mount",-0.079,0.017,-0.079,0.019,0.000,0.000,0,,0,,,,212479,210.03,0
1064,2526.337,"Mount",-0.361,0.113,-0.374,0.056,-0.235,0.000,57,E,0,,,,222941,209.05,0
1065,2528.638,"Mount",0.488,-0.124,0.493,-0.102,0.294,0.000,71,W,0,,,,199586,186.19,0
1066,2531.046,"Mount",0.314,0.041,0.264,-0.175,0.187,0.000,45,W,0,,,,207741,203.90,0
1067,2533.294,"Mount",0.277,0.006,0.246,-0.127,0.168,0.000,41,W,0,,,,199601,204.92,0
1068,2535.726,"Mount",-0.231,0.344,-0.359,-0.208,-0.214,0.000,52,E,0,,,,215494,206.06,0
1069,2537.899,"Mount",0.068,0.163,-0.011,-0.177,0.000,0.000,0,,0,,,,218454,201.16,0
1070,2540.318,"Mount",-0.314,0.274,-0.403,-0.108,-0.254,0.000,61,E,0,,,,244601,209.56,0
1071,2542.598,"Mount",0.239,0.122,0.161,-0.214,0.084,0.000,20,W,0,,,,194523,187.20,0
1072,2545.022,"Mount",-0.254,0.064,-0.256,0.053,-0.155,0.000,38,E,0,,,,165490,163.32,0
1073,2548.350,"Mount",0.072,0.220,-0.032,-0.229,0.000,-0.229,0,,1107,N,,,151577,148.44,0
1074,2550.703,"Mount",-0.067,-0.195,0.025,0.204,0.000,0.000,0,,0,,,,135593,132.77,0
1075,2552.865,"Mount",-0.138,-0.068,-0.094,0.122,0.000,0.000,0,,0,,,,122065,130.40,0
1076,2555.224,"Mount",-0.102,-0.002,-0.091,0.046,0.000,0.000,0,,0,,,,125749,130.58,0
1077,2557.455,"Mount",-0.246,-0.065,-0.193,0.166,-0.121,0.000,29,E,0,,,,121469,126.46,0
1078,2559.878,"Mount",-0.254,0.109,-0.276,0.014,-0.182,0.000,44,E,0,,,,111290,125.11,0
1079,2562.190,"Mount",-0.492,0.178,-0.521,0.056,-0.341,0.000,82,E,0,,,,121351,131.73,0
1080,2564.615,"Mount",-0.366,-0.100,-0.285,0.251,-0.203,0.000,49,E,0,,,,113335,125.93,0
1081,2566.902,"Mount",-0.398,0.044,-0.377,0.135,-0.252,0.000,61,E,0,,,,110594,109.22,0
1082,2569.250,"Mount",0.042,-0.194,0.122,0.156,0.000,0.000,0,,0,,,,96741,113.78,0
1083,2571.575,"Mount",0.515,-0.412,0.644,0.145,0.406,0.000,98,W,0,,,,91534,106.36,0
1084,2574.174,"Mount",0.557,-0.038,0.517,-0.210,0.354,-0.210,85,W,44,N,,,82487,100.40,0
1085,2576.432,"Mount",0.258,-0.030,0.245,-0.086,0.179,0.000,43,W,0,,,,91113,112.85,0
1086,2578.785,"Mount",-0.041,0.169,-0.111,-0.134,0.000,0.000,0,,0,,,,99215,108.33,0
1087,2580.949,"Mount",-0.206,-0.160,-0.115,0.234,0.000,0.000,0,,0,,,,105821,118.41,0
1088,2583.358,"Mount",-0.343,-0.027,-0.296,0.175,-0.187,0.000,45,E,0,,,,138725,155.03,0
1089,2585.638,"Mount",-0.526,-0.018,-0.465,0.247,-0.306,0.000,74,E,0,,,,180987,173.55,0
1090,2588.062,"Mount",-0.379,-0.049,-0.319,0.210,-0.222,0.000,54,E,0,,,,198711,199.71,0
1091,2591.486,"Mount",-0.557,-0.051,-0.478,0.290,-0.317,0.290,77,E,1120,S,,,193137,191.38,0
1092,2593.826,"Mount",-0.016,-0.015,-0.008,0.020,0.000,0.000,0,,0,,,,202162,167.70,0
1093,2596.003,"Mount",0.078,-0.044,0.090,0.005,0.000,0.000,0,,0,,,,199211,206.22,0
1094,2598.415,"Mount",-0.196,0.102,-0.221,-0.006,-0.140,0.000,34,E,0,,,,210787,191.52,0
1095,2600.670,"Mount",-0.325,0.115,-0.343,0.039,-0.226,0.000,54,E,0,,,,215169,186.79,0
1096,2603.086,"Mount",-0.340,-0.014,-0.300,0.162,-0.205,0.000,49,E,0,,,,215803,203.76,0
1097,2605.262,"Mount",-0.085,0.087,-0.115,-0.041,0.000,0.000,0,,0,,,,226382,208.19,0
1098,2607.662,"Mount",-0.256,-0.062,-0.203,0.168,-0.128,0.000,31,E,0,,,,229920,205.94,0
1099,2609.832,"Mount",0.162,0.109,0.098,-0.169,0.000,0.000,0,,0,,,,217986,184.81,0
1100,2612.262,"Mount",0.303,0.085,0.235,-0.210,0.148,0.000,36,W,0,,,,217342,184.53,0
1101,2614.443,"Mount",-0.122,-0.066,-0.081,0.113,0.000,0.000,0,,0,,,,230529,223.29,0
1102,2616.846,"Mount",0.183,0.014,0.159,-0.093,0.100,0.000,24,W,0,,,,210113,180.74,0
1103,2619.183,"Mount",0.037,-0.323,0.175,0.274,0.117,0.274,28,W,57,S,,,202592,184.15,0
1104,2621.574,"Mount",0.058,-0.179,0.131,0.136,0.091,0.000,22,W,0,,,,218198,186.96,0
1105,2623.910,"Mount",-0.296,-0.150,-0.200,0.265,-0.120,0.265,29,E,56,S,,,216811,204.64,0
1106,2626.438,"Mount",-0.447,-0.114,-0.351,0.298,-0.230,0.298,55,E,63,S,,,233087,212.58,0
1107,2628.687,"Mount",-0.263,0.037,-0.253,0.082,-0.175,0.000,42,E,0,,,,233959,217.58,0
1108,2631.032,"Mount",0.021,0.009,0.015,-0.017,0.000,0.000,0,,0,,,,256693,216.30,0
1109,2633.294,"Mount",0.383,-0.139,0.405,-0.043,0.255,0.000,62,W,0,,,,232038,214.73,0
1110,2635.718,"Mount",0.134,-0.028,0.132,-0.034,0.101,0.000,24,W,0,,,,233240,243.64,0
1111,2637.974,"Mount",0.303,0.103,0.227,-0.225,0.150,0.000,36,W,0,,,,253392,231.00,0
1112,2640.374,"Mount",-0.173,0.009,-0.159,0.068,-0.090,0.000,22,E,0,,,,262472,236.83,0
1113,2642.542,"Mount",0.108,-0.024,0.108,-0.026,0.000,0.000,0,,0,,,,277658,242.85,0
1114,2644.958,"Mount",-0.269,-0.027,-0.230,0.142,-0.145,0.000,35,E,0,,,,273025,242.15,0
1115,2647.303,"Mount",-0.330,-0.089,-0.257,0.225,-0.172,0.225,42,E,47,S,,,276686,257.67,0
1116,2649.644,"Mount",0.149,0.046,0.114,-0.106,0.000,0.000,0,,0,,,,280520,224.60,0
1117,2651.870,"Mount",0.161,0.005,0.143,-0.075,0.090,0.000,22,W,0,,,,292169,231.64,0
1118,2654.212,"Mount",0.143,0.007,0.125,-0.069,0.000,0.000,0,,0,,,,280768,210.89,0
1119,2656.446,"Mount",0.334,0.107,0.253,-0.243,0.159,0.000,39,W,0,,,,288994,248.46,0
1120,2658.982,"Mount",0.948,-0.010,0.856,-0.407,0.550,0.000,133,W,0,,,,256629,223.73,0
1121,2661.294,"Mount",0.636,-0.054,0.595,-0.230,0.413,0.000,100,W,0,,,,253133,230.83,0
1122,2663.775,"Mount",-0.719,0.287,-0.772,0.058,-0.457,0.000,110,E,0,,,,262155,215.47,0
1123,2667.174,"Mount",-0.036,0.317,-0.171,-0.269,-0.140,-0.269,34,E,1116,N,,,260551,219.56,0
1124,2669.516,"Mount",-0.203,-0.256,-0.071,0.319,0.000,0.000,0,,0,,,,258430,204.86,0
1125,2671.716,"Mount",0.015,0.155,-0.054,-0.145,0.000,0.000,0,,0,,,,292508,239.18,0
1126,2674.048,"Mount",0.097,0.119,0.035,-0.150,0.000,0.000,0,,0,,,,274600,221.19,0
1127,2676.208,"Mount",0.130,0.156,0.048,-0.197,0.000,0.000,0,,0,,,,283198,264.67,0
1128,2678.622,"Mount",0.171,-0.258,0.267,0.157,0.168,0.000,41,W,0,,,,271608,228.15,0
1129,2680.870,"Mount",0.104,-0.372,0.256,0.288,0.173,0.000,42,W,0,,,,266854,231.52,0
1130,2683.254,"Mount",-0.368,-0.264,-0.215,0.399,-0.123,0.000,30,E,0,,,,298459,240.28,0
1131,2686.686,"Mount",-0.464,-0.117,-0.365,0.309,-0.239,0.309,58,E,1124,S,,,288577,256.83,0
1132,2689.111,"Mount",0.406,0.122,0.311,-0.287,0.179,0.000,43,W,0,,,,302085,285.16,0
1133,2691.350,"Mount",0.212,0.091,0.151,-0.175,0.108,0.000,26,W,0,,,,306531,256.70,0
1134,2693.758,"Mount",0.350,0.039,0.298,-0.189,0.195,0.000,47,W,0,,,,285040,246.34,0
1135,2695.991,"Mount",0.207,0.118,0.134,-0.197,0.098,0.000,24,W,0,,,,269922,263.31,0
1136,2698.391,"Mount",0.323,0.097,0.248,-0.229,0.163,0.000,39,W,0,,,,276690,238.15,0
1137,2700.622,"Mount",0.178,-0.055,0.184,-0.028,0.128,0.000,31,W,0,,,,276942,216.98,0
1138,2703.014,"Mount",0.249,0.166,0.151,-0.258,0.104,0.000,25,W,0,,,,313037,270.80,0
1139,2705.278,"Mount",-0.248,0.225,-0.322,-0.094,-0.196,0.000,47,E,0,,,,285198,223.89,0
1140,2707.702,"Mount",-0.126,0.113,-0.163,-0.046,-0.116,0.000,28,E,0,,,,280253,234.54,0
1141,2709.872,"Mount",-0.082,-0.025,-0.063,0.058,0.000,0.000,0,,0,,,,262563,218.92,0
1142,2712.358,"Mount",-0.402,0.485,-0.574,-0.259,-0.361,0.000,87,E,0,,,,281782,253.31,0
1143,2714.517,"Mount",-0.030,0.086,-0.065,-0.064,0.000,0.000,0,,0,,,,284542,234.97,0
1144,2716.958,"Mount",0.434,-0.037,0.407,-0.157,0.256,0.000,62,W,0,,,,267116,220.77,0
1145,2719.246,"Mount",-0.509,0.056,-0.481,0.173,-0.285,0.000,69,E,0,,,,270590,225.28,0
1146,2721.654,"Mount",0.272,0.065,0.216,-0.178,0.116,0.000,28,W,0,,,,275120,227.79,0
1147,2723.886,"Mount",0.339,0.005,0.303,-0.154,0.199,0.000,48,W,0,,,,283647,240.82,0
1148,2726.318,"Mount",0.539,0.140,0.423,-0.363,0.280,0.000,68,W,0,,,,287040,244.85,0
1149,2729.646,"Mount",0.164,0.207,0.057,-0.258,0.000,-0.258,0,,1113,N,,,279195,251.33,0
1150,2732.110,"Mount",-0.444,-0.047,-0.379,0.237,-0.238,0.000,58,E,0,,,,276203,247.03,0
1151,2734.296,"Mount",0.110,0.044,0.080,-0.088,0.000,0.000,0,,0,,,,284357,250.95,0
1152,2736.631,"Mount",0.057,-0.125,0.106,0.087,0.000,0.000,0,,0,,,,275915,225.34,0
1153,2738.807,"Mount",0.021,0.109,-0.029,-0.107,0.000,0.000,0,,0,,,,275599,240.50,0
1154,2741.116,"Mount",-0.085,-0.032,-0.063,0.066,0.000,0.000,0,,0,,,,272830,235.49,0
1155,2743.367,"Mount",0.127,-0.173,0.190,0.100,0.120,0.000,29,W,0,,,,275963,261.12,0
1156,2745.782,"Mount",-0.299,0.007,-0.271,0.125,-0.163,0.000,39,E,0,,,,301360,235.92,0
1157,2748.014,"Mount",0.139,-0.038,0.142,-0.026,0.078,0.000,19,W,0,,,,293575,251.47,0
1158,2750.406,"Mount",-0.236,0.022,-0.222,0.084,-0.134,0.000,32,E,0,,,,300332,220.53,0
1159,2752.595,"Mount",-0.031,0.010,-0.032,0.005,0.000,0.000,0,,0,,,,275459,236.64,0
1160,2755.030,"Mount",-0.447,0.067,-0.431,0.136,-0.271,0.000,66,E,0,,,,266696,222.71,0
1161,2757.229,"Mount",-0.085,-0.091,-0.037,0.119,0.000,0.000,0,,0,,,,273041,211.80,0
1162,2759.654,"Mount",-0.268,0.158,-0.310,-0.025,-0.195,0.000,47,E,0,,,,287889,244.91,0
1163,2761.830,"Mount",0.031,0.116,-0.023,-0.118,0.000,0.000,0,,0,,,,285898,241.59,0
1164,2764.230,"Mount",0.096,-0.175,0.163,0.115,0.103,0.000,25,W,0,,,,300809,262.92,0
1165,2766.470,"Mount",-0.209,0.093,-0.228,0.008,-0.137,0.000,33,E,0,,,,303899,277.09,0
1166,2768.974,"Mount",0.254,0.128,0.172,-0.227,0.099,-0.227,24,W,48,N,,,293124,250.05,0
1167,2771.146,"Mount",-0.057,-0.024,-0.041,0.047,0.000,0.000,0,,0,,,,299722,237.06,0
1168,2773.671,"Mount",-1.042,0.439,-1.129,0.062,-0.711,0.000,172,E,0,,,,283421,231.06,0
1169,2775.942,"Mount",-0.455,-0.207,-0.318,0.386,-0.250,0.000,60,E,0,,,,279954,216.89,0
1170,2778.358,"Mount",-0.226,0.069,-0.233,0.037,-0.164,0.000,40,E,0,,,,288523,253.85,0
1171,2780.590,"Mount",-0.179,0.043,-0.180,0.040,-0.125,0.000,30,E,0,,,,306724,273.42,0
1172,2782.982,"Mount",0.117,-0.085,0.143,0.025,0.081,0.000,20,W,0,,,,285748,229.26,0
1173,2785.262,"Mount",0.420,-0.343,0.528,0.124,0.338,0.000,82,W,0,,,,294529,257.07,0
1174,2787.662,"Mount",-0.319,-0.312,-0.150,0.420,-0.071,0.000,17,E,0,,,,319902,257.53,0
1175,2789.966,"Mount",-0.349,0.176,-0.391,-0.006,-0.251,0.000,61,E,0,,,,305629,250.95,0
1176,2792.487,"Mount",-0.537,0.081,-0.518,0.163,-0.344,0.000,83,E,0,,,,324403,242.49,0
1177,2794.791,"Mount",-0.289,-0.019,-0.251,0.143,-0.182,0.000,44,E,0,,,,325868,261.72,0
1178,2797.232,"Mount",0.200,-0.125,0.235,0.025,0.135,0.000,33,W,0,,,,326225,276.71,0
1179,2799.432,"Mount",-0.050,0.009,-0.049,0.013,0.000,0.000,0,,0,,,,312202,281.63,0
INFO: SET LOCK POSITION, new lock pos = 624.764, 900.019
INFO: DITHER by 3.760, 2.267, new lock pos = 627.148, 896.332
INFO: SETTLING STATE CHANGE, Settling started
1180,2803.590,"Mount",-2.384,3.687,-3.760,-2.267,-3.760,-2.267,908,E,476,N,,,305879,245.46,0
1181,2806.542,"Mount",1.571,1.546,0.733,-2.078,0.462,-2.078,112,W,436,N,,,335721,287.23,0
1182,2809.176,"Mount",1.214,0.810,0.735,-1.261,0.495,-1.261,120,W,265,N,,,345737,296.46,0
1183,2811.585,"Mount",-0.246,0.131,-0.278,-0.010,-0.141,0.000,34,E,0,,,,345314,279.07,0
1184,2813.822,"Mount",-0.264,0.230,-0.338,-0.090,-0.223,0.000,54,E,0,,,,353748,293.26,0
1185,2816.302,"Mount",0.431,0.026,0.376,-0.213,0.221,-0.213,53,W,45,N,,,342600,270.24,0
1186,2818.542,"Mount",-0.293,0.068,-0.293,0.068,-0.169,0.000,41,E,0,,,,366213,279.09,0
1187,2820.959,"Mount",-0.247,0.095,-0.264,0.023,-0.178,0.000,43,E,0,,,,362357,308.18,0
INFO: SETTLING STATE CHANGE, Settling complete
1188,2823.183,"Mount",-0.199,-0.011,-0.174,0.097,-0.122,0.000,29,E,0,,,,368805,277.91,0
1189,2825.662,"Mount",0.156,-0.262,0.255,0.167,0.152,0.000,37,W,0,,,,346836,273.07,0
1190,2827.894,"Mount",-0.119,0.177,-0.185,-0.107,-0.106,0.000,26,E,0,,,,355246,273.87,0
1191,2830.227,"Mount",0.037,0.094,-0.008,-0.101,0.000,0.000,0,,0,,,,360259,289.21,0
1192,2832.551,"Mount",-0.811,0.072,-0.761,0.291,-0.479,0.000,116,E,0,,,,360807,294.24,0
1193,2834.897,"Mount",-0.118,-0.024,-0.095,0.073,0.000,0.000,0,,0,,,,368084,279.71,0
1194,2837.066,"Mount",0.021,0.026,0.008,-0.032,0.000,0.000,0,,0,,,,367993,284.25,0
1195,2839.421,"Mount",-0.163,-0.203,-0.057,0.254,0.000,0.000,0,,0,,,,367112,274.81,0
1196,2841.678,"Mount",-0.298,0.001,-0.268,0.130,-0.169,0.000,41,E,0,,,,382741,289.49,0
1197,2844.103,"Mount",0.307,-0.283,0.400,0.120,0.240,0.000,58,W,0,,,,386986,310.06,0
1198,2847.398,"Mount",-0.146,-0.260,-0.017,0.298,0.000,0.298,0,,1097,S,,,404716,295.14,0
1199,2849.814,"Mount",-0.192,-0.151,-0.107,0.220,0.000,0.220,0,,46,S,,,363062,281.15,0
1200,2851.993,"Mount",0.127,0.151,0.048,-0.191,0.000,0.000,0,,0,,,,385704,287.99,0
1201,2854.398,"Mount",0.279,0.131,0.194,-0.240,0.122,0.000,29,W,0,,,,409056,313.11,0
1202,2856.574,"Mount",0.085,0.093,0.036,-0.121,0.000,0.000,0,,0,,,,386018,304.32,0
1203,2859.015,"Mount",-0.266,0.345,-0.391,-0.193,-0.246,0.000,59,E,0,,,,373975,301.53,0
1204,2861.186,"Mount",0.122,0.103,0.064,-0.146,0.000,0.000,0,,0,,,,377991,313.78,0
1205,2863.606,"Mount",-0.241,0.216,-0.312,-0.088,-0.196,0.000,47,E,0,,,,385915,322.07,0
1206,2865.782,"Mount",0.001,0.169,-0.073,-0.153,0.000,0.000,0,,0,,,,370994,296.37,0
1207,2868.190,"Mount",-0.134,0.224,-0.219,-0.142,-0.138,0.000,33,E,0,,,,385580,280.92,0
1208,2870.422,"Mount",0.264,0.099,0.194,-0.205,0.112,0.000,27,W,0,,,,371638,326.80,0
1209,2872.854,"Mount",0.287,-0.033,0.272,-0.097,0.179,0.000,43,W,0,,,,390182,314.08,0
1210,2875.134,"Mount",0.437,-0.042,0.411,-0.154,0.271,0.000,66,W,0,,,,378026,302.95,0
1211,2877.472,"Mount",0.085,0.091,0.036,-0.119,0.000,0.000,0,,0,,,,387414,287.37,0
1212,2879.686,"Mount",0.236,0.085,0.175,-0.179,0.110,0.000,27,W,0,,,,394852,310.18,0
1213,2882.118,"Mount",-0.278,0.156,-0.318,-0.018,-0.193,0.000,47,E,0,,,,390910,307.15,0
1214,2884.295,"Mount",-0.091,-0.104,-0.036,0.133,0.000,0.000,0,,0,,,,378908,275.03,0
1215,2886.636,"Mount",-0.074,-0.024,-0.055,0.054,0.000,0.000,0,,0,,,,397255,297.26,0
1216,2888.810,"Mount",0.075,-0.130,0.125,0.084,0.000,0.000,0,,0,,,,377992,285.63,0
1217,2891.254,"Mount",-0.401,0.251,-0.471,-0.049,-0.297,0.000,72,E,0,,,,400735,313.90,0
1218,2893.487,"Mount",0.250,0.035,0.209,-0.141,0.111,0.000,27,W,0,,,,394113,316.14,0
1219,2895.833,"Mount",-0.000,0.093,-0.041,-0.083,0.000,0.000,0,,0,,,,388115,302.35,0
1220,2898.150,"Mount",0.182,-0.055,0.187,-0.030,0.118,0.000,28,W,0,,,,407241,319.28,0
1221,2900.542,"Mount",-0.183,-0.014,-0.158,0.093,-0.092,0.000,22,E,0,,,,398841,292.64,0
1222,2902.737,"Mount",-0.097,-0.054,-0.063,0.091,0.000,0.000,0,,0,,,,412812,305.06,0
1223,2905.069,"Mount",0.024,0.070,-0.009,-0.074,0.000,0.000,0,,0,,,,385282,277.84,0
1224,2907.350,"Mount",-0.155,-0.268,-0.022,0.309,0.000,0.309,0,,65,S,,,411909,347.21,0
1225,2909.698,"Mount",-0.017,0.170,-0.090,-0.145,0.000,0.000,0,,0,,,,398987,286.38,0
1226,2911.934,"Mount",-0.098,0.216,-0.183,-0.151,-0.115,0.000,28,E,0,,,,408546,321.85,0
1227,2914.276,"Mount",0.013,0.019,0.004,-0.023,0.000,0.000,0,,0,,,,399523,305.28,0
1228,2916.526,"Mount",0.335,-0.079,0.335,-0.076,0.211,0.000,51,W,0,,,,398851,304.04,0
1229,2918.863,"Mount",0.133,-0.000,0.120,-0.058,0.000,0.000,0,,0,,,,378498,284.68,0
1230,2921.119,"Mount",0.229,-0.099,0.249,-0.012,0.157,0.000,38,W,0,,,,388605,304.92,0
1231,2923.534,"Mount",-0.340,-0.005,-0.304,0.153,-0.180,0.000,44,E,0,,,,400745,297.51,0
1232,2925.792,"Mount",-0.364,0.006,-0.330,0.154,-0.220,0.000,53,E,0,,,,404990,325.45,0
1233,2928.231,"Mount",-0.360,0.036,-0.339,0.126,-0.229,0.000,55,E,0,,,,418745,335.28,0
1234,2930.425,"Mount",0.134,0.005,0.118,-0.063,0.000,0.000,0,,0,,,,384257,307.46,0
1235,2932.765,"Mount",-0.074,0.010,-0.071,0.023,0.000,0.000,0,,0,,,,391122,308.29,0
1236,2934.943,"Mount",0.024,-0.004,0.024,-0.007,0.000,0.000,0,,0,,,,390189,282.83,0
1237,2937.358,"Mount",0.305,0.020,0.265,-0.151,0.167,0.000,40,W,0,,,,383622,299.62,0
1238,2939.533,"Mount",-0.037,-0.071,-0.002,0.081,0.000,0.000,0,,0,,,,390143,275.31,0
1239,2941.974,"Mount",-0.416,-0.006,-0.371,0.188,-0.234,0.000,56,E,0,,,,404177,306.18,0
1240,2944.155,"Mount",-0.016,0.067,-0.044,-0.053,0.000,0.000,0,,0,,,,400407,288.16,0
1241,2946.558,"Mount",-0.126,0.034,-0.128,0.025,0.000,0.000,0,,0,,,,405491,321.22,0
1242,2948.766,"Mount",0.051,0.100,0.002,-0.112,0.000,0.000,0,,0,,,,410446,329.75,0
1243,2951.182,"Mount",-0.358,0.127,-0.377,0.043,-0.238,0.000,57,E,0,,,,412139,327.01,0
1244,2953.542,"Mount",0.119,-0.442,0.301,0.345,0.173,0.345,42,W,73,S,,,445418,339.27,0
1245,2955.883,"Mount",0.092,0.065,0.055,-0.099,0.000,0.000,0,,0,,,,425842,306.46,0
1246,2958.062,"Mount",-0.067,-0.018,-0.052,0.046,0.000,0.000,0,,0,,,,418083,308.51,0
1247,2960.550,"Mount",0.645,-0.332,0.726,0.015,0.457,0.000,110,W,0,,,,440287,337.23,0
1248,2962.830,"Mount",0.235,-0.158,0.281,0.038,0.209,0.000,50,W,0,,,,442704,322.97,0
1249,2965.174,"Mount",0.016,0.020,0.006,-0.025,0.000,0.000,0,,0,,,,422814,314.92,0
1250,2967.430,"Mount",-0.016,0.012,-0.019,-0.004,0.000,0.000,0,,0,,,,416835,313.40,0
1251,2969.918,"Mount",-0.262,-0.125,-0.181,0.228,-0.114,0.228,28,E,48,S,,,441790,325.12,0
1252,2972.103,"Mount",-0.031,-0.034,-0.013,0.044,0.000,0.000,0,,0,,,,415603,307.00,0
1253,2974.440,"Mount",0.125,0.068,0.082,-0.116,0.000,0.000,0,,0,,,,418286,324.34,0
1254,2976.621,"Mount",0.044,-0.069,0.070,0.043,0.000,0.000,0,,0,,,,402909,303.71,0
1255,2979.070,"Mount",0.442,-0.120,0.449,-0.086,0.283,0.000,68,W,0,,,,425865,321.63,0
1256,2981.350,"Mount",0.444,-0.065,0.427,-0.136,0.289,0.000,70,W,0,,,,435760,336.06,0
1257,2983.798,"Mount",0.328,0.149,0.229,-0.278,0.165,0.000,40,W,0,,,,413334,283.30,0
1258,2985.986,"Mount",0.170,0.173,0.077,-0.230,0.000,0.000,0,,0,,,,409491,334.52,0
1259,2988.402,"Mount",0.065,0.157,-0.011,-0.170,0.000,0.000,0,,0,,,,396858,315.52,0
1260,2990.591,"Mount",-0.093,-0.109,-0.036,0.139,0.000,0.000,0,,0,,,,406128,275.76,0
1261,2992.983,"Mount",0.215,-0.025,0.204,-0.072,0.129,0.000,31,W,0,,,,410152,281.58,0
1262,2995.230,"Mount",-0.088,0.161,-0.150,-0.106,-0.086,0.000,21,E,0,,,,420100,331.06,0
1263,2997.598,"Mount",-0.104,0.053,-0.117,-0.002,0.000,0.000,0,,0,,,,413073,316.80,0
1264,2999.871,"Mount",-0.405,-0.006,-0.361,0.184,-0.228,0.000,55,E,0,,,,399870,318.78,0
1265,3002.318,"Mount",0.219,-0.165,0.269,0.052,0.153,0.000,37,W,0,,,,396337,295.83,0
1266,3004.497,"Mount",0.112,0.074,0.069,-0.116,0.000,0.000,0,,0,,,,400436,290.67,0
1267,3006.958,"Mount",-0.085,-0.281,0.047,0.290,0.000,0.290,0,,61,S,,,404762,281.16,0
1268,3009.271,"Mount",-0.202,-0.357,-0.025,0.409,0.000,0.409,0,,86,S,,,426278,322.96,0
1269,3011.610,"Mount",-0.094,-0.137,-0.024,0.164,0.000,0.000,0,,0,,,,433921,323.03,0
1270,3013.911,"Mount",-0.723,0.287,-0.776,0.059,-0.489,0.000,118,E,0,,,,428055,317.55,0
1271,3016.335,"Mount",-0.226,0.174,-0.279,-0.057,-0.210,0.000,51,E,0,,,,404728,301.93,0
1272,3018.507,"Mount",-0.119,0.030,-0.120,0.026,0.000,0.000,0,,0,,,,417759,347.84,0
1273,3020.844,"Mount",0.141,0.035,0.112,-0.093,0.000,0.000,0,,0,,,,407722,322.91,0
1274,3023.002,"Mount",-0.061,-0.006,-0.052,0.032,0.000,0.000,0,,0,,,,408717,322.96,0
1275,3025.448,"Mount",0.423,-0.077,0.414,-0.117,0.261,0.000,63,W,0,,,,397178,282.29,0
1276,3027.622,"Mount",0.062,-0.134,0.114,0.094,0.000,0.000,0,,0,,,,413683,329.46,0
1277,3029.957,"Mount",-0.117,0.052,-0.128,0.004,0.000,0.000,0,,0,,,,413254,329.79,0
1278,3032.271,"Mount",-0.072,-0.273,0.055,0.277,0.000,0.277,0,,58,S,,,392694,279.92,0
1279,3034.728,"Mount",-0.437,0.013,-0.398,0.180,-0.251,0.000,61,E,0,,,,401456,297.78,0
1280,3036.983,"Mount",-0.235,-0.016,-0.204,0.118,-0.146,0.000,35,E,0,,,,430906,326.76,0
1281,3039.479,"Mount",-0.572,0.189,-0.596,0.081,-0.386,0.000,93,E,0,,,,451193,323.86,0
1282,3041.783,"Mount",-0.586,0.102,-0.572,0.165,-0.387,0.000,94,E,0,,,,437116,335.54,0
1283,3044.121,"Mount",-0.154,-0.077,-0.105,0.136,0.000,0.000,0,,0,,,,409407,306.92,0
1284,3046.282,"Mount",0.039,-0.047,0.056,0.025,0.000,0.000,0,,0,,,,422196,304.86,0
1285,3048.703,"Mount",0.330,-0.095,0.338,-0.059,0.213,0.000,51,W,0,,,,429502,329.13,0
1286,3050.967,"Mount",-0.262,0.054,-0.260,0.066,-0.149,0.000,36,E,0,,,,440222,304.35,0
1287,3053.315,"Mount",-0.033,0.112,-0.079,-0.086,0.000,0.000,0,,0,,,,427219,306.90,0
1288,3055.499,"Mount",-0.065,0.018,-0.066,0.012,0.000,0.000,0,,0,,,,438112,323.23,0
1289,3058.046,"Mount",-0.442,-0.169,-0.323,0.346,-0.203,0.346,49,E,73,S,,,451815,347.71,0
1290,3060.430,"Mount",-0.442,-0.154,-0.330,0.332,-0.222,0.332,54,E,70,S,,,434685,301.37,0
1291,3062.785,"Mount",0.055,0.078,0.015,-0.095,0.000,0.000,0,,0,,,,435056,303.53,0
1292,3064.951,"Mount",0.149,0.241,0.028,-0.282,0.000,0.000,0,,0,,,,407647,290.75,0
1293,3067.288,"Mount",0.010,0.203,-0.079,-0.187,0.000,0.000,0,,0,,,,431149,327.80,0
1294,3069.449,"Mount",-0.068,0.072,-0.092,-0.035,0.000,0.000,0,,0,,,,436679,308.02,0
1295,3071.911,"Mount",-0.622,0.093,-0.599,0.189,-0.378,0.000,91,E,0,,,,434893,299.18,0
1296,3074.207,"Mount",-0.508,0.129,-0.513,0.107,-0.350,0.000,84,E,0,,,,459235,343.08,0
1297,3076.671,"Mount",-0.247,0.020,-0.231,0.091,-0.170,0.000,41,E,0,,,,440000,346.32,0
1298,3078.935,"Mount",-0.210,0.093,-0.229,0.008,-0.156,0.000,38,E,0,,,,423974,316.41,0
1299,3081.447,"Mount",-0.226,0.005,-0.205,0.094,-0.140,0.000,34,E,0,,,,433451,337.18,0
1300,3083.616,"Mount",-0.061,-0.008,-0.051,0.034,0.000,0.000,0,,0,,,,418721,342.06,0
1301,3086.175,"Mount",-0.475,-0.211,-0.334,0.397,-0.210,0.397,51,E,83,S,,,438062,316.77,0
1302,3088.326,"Mount",0.060,-0.094,0.095,0.059,0.000,0.000,0,,0,,,,422647,315.05,0
1303,3090.751,"Mount",-0.206,-0.044,-0.166,0.130,-0.104,0.000,25,E,0,,,,408444,323.30,0
1304,3092.991,"Mount",-0.192,0.012,-0.178,0.074,-0.119,0.000,29,E,0,,,,410033,299.74,0
1305,3095.407,"Mount",-0.245,0.019,-0.229,0.091,-0.152,0.000,37,E,0,,,,412634,308.54,0
1306,3097.694,"Mount",-0.133,-0.185,-0.038,0.225,0.000,0.225,0,,47,S,,,407323,264.74,0
1307,3100.167,"Mount",-0.681,0.126,-0.667,0.185,-0.420,0.000,102,E,0,,,,445972,335.13,0
1308,3102.511,"Mount",-0.253,0.091,-0.267,0.029,-0.198,0.000,48,E,0,,,,435029,327.55,0
1309,3104.863,"Mount",0.119,0.025,0.096,-0.075,0.000,0.000,0,,0,,,,453484,324.58,0
1310,3107.111,"Mount",0.176,-0.268,0.275,0.163,0.174,0.000,42,W,0,,,,444174,333.67,0
1311,3109.543,"Mount",0.274,-0.257,0.359,0.110,0.238,0.000,57,W,0,,,,448326,339.65,0
1312,3111.815,"Mount",0.270,-0.327,0.386,0.175,0.260,0.000,63,W,0,,,,438555,316.83,0
1313,3114.173,"Mount",-0.073,-0.085,-0.028,0.108,0.000,0.000,0,,0,,,,448798,342.85,0
1314,3116.346,"Mount",-0.101,0.003,-0.093,0.042,0.000,0.000,0,,0,,,,444175,323.04,0
1315,3118.930,"Mount",-0.714,0.114,-0.692,0.211,-0.436,0.211,105,E,44,S,,,420009,329.83,0
1316,3121.190,"Mount",-0.211,-0.190,-0.106,0.263,0.000,0.263,0,,55,S,,,443057,322.73,0
1317,3123.623,"Mount",-0.541,0.168,-0.559,0.086,-0.352,0.000,85,E,0,,,,430889,317.35,0
1318,3125.805,"Mount",-0.035,0.066,-0.060,-0.044,0.000,0.000,0,,0,,,,434565,294.10,0
1319,3128.149,"Mount",0.219,0.295,0.068,-0.361,0.000,0.000,0,,0,,,,450518,337.62,0
1320,3130.314,"Mount",0.019,0.013,0.012,-0.020,0.000,0.000,0,,0,,,,433425,320.28,0
1321,3132.703,"Mount",0.204,-0.073,0.215,-0.024,0.136,0.000,33,W,0,,,,419893,291.28,0
1322,3134.943,"Mount",0.199,0.093,0.138,-0.171,0.096,0.000,23,W,0,,,,421093,310.26,0
1323,3137.351,"Mount",-0.306,-0.043,-0.256,0.173,-0.154,0.000,37,E,0,,,,433809,305.53,0
1324,3139.719,"Mount",-0.468,0.003,-0.421,0.203,-0.276,0.203,67,E,43,S,,,445139,343.21,0
1325,3142.143,"Mount",0.227,0.051,0.182,-0.146,0.095,0.000,23,W,0,,,,451221,340.63,0
1326,3144.383,"Mount",0.156,-0.057,0.165,-0.018,0.111,0.000,27,W,0,,,,432066,334.15,0
1327,3146.717,"Mount",0.023,0.086,-0.017,-0.087,0.000,0.000,0,,0,,,,415038,307.89,0
1328,3148.916,"Mount",0.052,0.153,-0.021,-0.160,0.000,0.000,0,,0,,,,405072,298.64,0
1329,3151.295,"Mount",-0.089,0.133,-0.139,-0.081,-0.087,0.000,21,E,0,,,,409242,280.50,0
1330,3153.527,"Mount",0.248,-0.082,0.259,-0.035,0.157,0.000,38,W,0,,,,423055,311.00,0
1331,3155.868,"Mount",0.139,0.031,0.111,-0.089,0.000,0.000,0,,0,,,,420213,323.73,0
1332,3158.104,"Mount",-0.173,0.073,-0.187,0.010,-0.118,0.000,29,E,0,,,,452573,350.60,0
1333,3160.551,"Mount",-0.453,0.322,-0.548,-0.090,-0.353,0.000,85,E,0,,,,446454,316.48,0
1334,3162.823,"Mount",-0.442,0.005,-0.399,0.190,-0.276,0.000,67,E,0,,,,438108,316.41,0
1335,3165.197,"Mount",-0.081,0.054,-0.097,-0.013,0.000,0.000,0,,0,,,,415699,284.48,0
1336,3167.373,"Mount",0.214,0.156,0.124,-0.234,0.000,0.000,0,,0,,,,429055,331.21,0
1337,3169.791,"Mount",0.264,0.215,0.143,-0.309,0.090,0.000,22,W,0,,,,457110,392.51,0
1338,3172.082,"Mount",0.377,-0.045,0.358,-0.125,0.232,0.000,56,W,0,,,,438468,336.46,0
1339,3174.559,"Mount",0.233,0.101,0.165,-0.193,0.120,0.000,29,W,0,,,,437906,311.78,0
1340,3177.943,"Mount",0.359,0.144,0.260,-0.287,0.172,-0.287,42,W,1095,N,,,436134,338.36,0
1341,3180.343,"Mount",-0.347,-0.142,-0.250,0.280,-0.145,0.000,35,E,0,,,,397748,306.28,0
1342,3182.591,"Mount",-0.452,0.075,-0.439,0.131,-0.287,0.000,69,E,0,,,,437953,327.76,0
1343,3185.079,"Mount",-0.397,0.008,-0.360,0.167,-0.247,0.000,60,E,0,,,,432641,337.04,0
1344,3187.383,"Mount",-0.653,0.075,-0.620,0.219,-0.408,0.000,99,E,0,,,,419855,321.77,0
1345,3189.791,"Mount",0.126,-0.505,0.335,0.399,0.182,0.000,44,W,0,,,,456145,349.64,0
1346,3192.055,"Mount",0.067,-0.292,0.189,0.233,0.132,0.000,32,W,0,,,,437385,313.37,0
1347,3195.614,"Mount",0.257,-0.496,0.449,0.332,0.292,0.332,71,W,1083,S,,,440752,330.02,0
1348,3197.871,"Mount",-0.307,-0.005,-0.274,0.139,-0.152,0.000,37,E,0,,,,438428,342.75,0
1349,3200.205,"Mount",0.059,0.013,0.047,-0.038,0.000,0.000,0,,0,,,,419524,317.31,0
1350,3202.401,"Mount",-0.108,-0.080,-0.062,0.120,0.000,0.000,0,,0,,,,405799,294.30,0
1351,3204.799,"Mount",-0.236,-0.102,-0.167,0.196,-0.105,0.000,25,E,0,,,,405006,308.73,0
1352,3207.158,"Mount",-0.487,0.012,-0.443,0.202,-0.286,0.202,69,E,43,S,,,446189,305.99,0
1353,3209.511,"Mount",-0.026,-0.014,-0.017,0.024,0.000,0.000,0,,0,,,,402171,301.16,0
1354,3211.722,"Mount",-0.011,0.152,-0.077,-0.132,0.000,0.000,0,,0,,,,406191,315.15,0
1355,3214.103,"Mount",-0.171,0.055,-0.178,0.026,-0.112,0.000,27,E,0,,,,404224,302.66,0
1356,3216.276,"Mount",0.018,-0.006,0.019,-0.002,0.000,0.000,0,,0,,,,405631,291.62,0
1357,3218.618,"Mount",0.039,0.100,-0.009,-0.107,0.000,0.000,0,,0,,,,398919,262.71,0
1358,3220.831,"Mount",0.178,0.029,0.147,-0.104,0.092,0.000,22,W,0,,,,421465,326.40,0
1359,3223.279,"Mount",-0.482,0.141,-0.495,0.085,-0.305,0.000,74,E,0,,,,408272,282.68,0
1360,3225.623,"Mount",-0.274,-0.175,-0.169,0.278,-0.128,0.278,31,E,58,S,,,429412,314.71,0
1361,3228.031,"Mount",0.311,0.074,0.247,-0.203,0.147,0.000,35,W,0,,,,426771,305.07,0
1362,3230.279,"Mount",0.338,0.105,0.258,-0.243,0.173,0.000,42,W,0,,,,448066,303.40,0
1363,3232.642,"Mount",0.049,0.070,0.013,-0.085,0.000,0.000,0,,0,,,,392460,288.61,0
1364,3234.879,"Mount",0.223,0.070,0.169,-0.160,0.107,0.000,26,W,0,,,,412383,305.15,0
1365,3237.226,"Mount",-0.002,-0.076,0.031,0.070,0.000,0.000,0,,0,,,,420912,288.27,0
1366,3239.487,"Mount",0.298,-0.167,0.341,0.019,0.215,0.000,52,W,0,,,,410858,326.80,0
1367,3241.911,"Mount",-0.290,-0.064,-0.233,0.185,-0.132,0.000,32,E,0,,,,396100,304.18,0
1368,3244.214,"Mount",-0.289,-0.121,-0.207,0.235,-0.139,0.235,34,E,49,S,,,445380,352.05,0
1369,3246.679,"Mount",-0.419,0.206,-0.467,-0.002,-0.304,0.000,73,E,0,,,,436078,336.22,0
1370,3248.951,"Mount",-0.189,0.188,-0.252,-0.086,-0.180,0.000,43,E,0,,,,405867,309.90,0
1371,3251.296,"Mount",0.073,0.147,0.002,-0.164,0.000,0.000,0,,0,,,,407885,292.01,0
1372,3253.535,"Mount",0.308,0.073,0.245,-0.201,0.155,0.000,37,W,0,,,,403065,301.88,0
1373,3255.951,"Mount",-0.274,0.235,-0.349,-0.091,-0.209,0.000,50,E,0,,,,388263,299.13,0
1374,3258.191,"Mount",0.316,0.160,0.213,-0.282,0.120,0.000,29,W,0,,,,410715,323.59,0
1375,3260.663,"Mount",0.612,-0.203,0.639,-0.086,0.411,0.000,99,W,0,,,,387497,307.35,0
1376,3262.850,"Mount",0.052,0.050,0.025,-0.068,0.000,0.000,0,,0,,,,401638,294.27,0
1377,3265.351,"Mount",-0.332,-0.099,-0.254,0.235,-0.160,0.235,39,E,49,S,,,389789,306.88,0
1378,3267.663,"Mount",0.190,0.066,0.142,-0.143,0.078,0.000,19,W,0,,,,378903,278.73,0
1379,3270.071,"Mount",-0.068,0.160,-0.132,-0.114,-0.078,0.000,19,E,0,,,,376331,285.68,0
1380,3272.278,"Mount",0.084,0.083,0.039,-0.111,0.000,0.000,0,,0,,,,389333,271.66,0
1381,3274.629,"Mount",-0.079,0.020,-0.080,0.017,0.000,0.000,0,,0,,,,365727,291.84,0
1382,3276.809,"Mount",0.111,0.008,0.096,-0.056,0.000,0.000,0,,0,,,,374462,284.21,0
1383,3279.135,"Mount",0.177,0.160,0.089,-0.221,0.000,0.000,0,,0,,,,367711,305.39,0
1384,3281.415,"Mount",0.398,0.074,0.325,-0.242,0.205,0.000,50,W,0,,,,368302,269.85,0
1385,3283.887,"Mount",0.567,-0.140,0.571,-0.123,0.374,0.000,90,W,0,,,,365207,306.71,0
1386,3286.074,"Mount",0.144,0.078,0.095,-0.133,0.000,0.000,0,,0,,,,381170,294.96,0
1387,3288.406,"Mount",-0.062,0.148,-0.120,-0.106,0.000,0.000,0,,0,,,,373914,296.90,0
1388,3290.639,"Mount",-0.253,-0.009,-0.223,0.119,-0.141,0.000,34,E,0,,,,370823,295.66,0
1389,3292.978,"Mount",0.107,-0.062,0.123,0.009,0.000,0.000,0,,0,,,,352293,263.89,0
1390,3295.147,"Mount",-0.024,-0.033,-0.007,0.040,0.000,0.000,0,,0,,,,381175,305.01,0
1391,3297.543,"Mount",0.219,0.059,0.171,-0.149,0.108,0.000,26,W,0,,,,366257,312.52,0
1392,3299.721,"Mount",0.078,0.151,0.004,-0.170,0.000,0.000,0,,0,,,,357165,287.20,0
1393,3302.159,"Mount",0.337,-0.229,0.403,0.058,0.254,0.000,61,W,0,,,,373297,310.77,0
1394,3304.527,"Mount",0.880,-0.646,1.074,0.194,0.694,0.000,168,W,0,,,,384803,282.52,0
1395,3307.063,"Mount",-1.055,0.445,-1.143,0.063,-0.672,0.000,162,E,0,,,,364993,289.75,0
1396,3309.527,"Mount",-0.717,0.296,-0.775,0.048,-0.535,0.000,129,E,0,,,,382295,250.52,0
1397,3311.927,"Mount",-0.071,0.165,-0.137,-0.117,-0.124,0.000,30,E,0,,,,371995,279.06,0
1398,3314.223,"Mount",-0.603,0.169,-0.616,0.113,-0.397,0.000,96,E,0,,,,372720,279.78,0
1399,3316.783,"Mount",-0.583,-0.007,-0.521,0.263,-0.356,0.263,86,E,55,S,,,391827,299.20,0
1400,3318.977,"Mount",-0.057,0.016,-0.058,0.010,0.000,0.000,0,,0,,,,380029,293.57,0
1401,3321.415,"Mount",0.416,0.110,0.326,-0.282,0.205,0.000,50,W,0,,,,369328,281.28,0
1402,3323.576,"Mount",0.123,-0.013,0.116,-0.042,0.000,0.000,0,,0,,,,361504,274.63,0
1403,3326.015,"Mount",0.505,-0.015,0.461,-0.208,0.290,0.000,70,W,0,,,,359579,285.08,0
1404,3328.187,"Mount",0.124,0.158,0.042,-0.196,0.000,0.000,0,,0,,,,375492,280.18,0
1405,3330.512,"Mount",-0.017,-0.114,0.035,0.110,0.000,0.000,0,,0,,,,357448,264.84,0
1406,3332.775,"Mount",-0.396,0.313,-0.493,-0.108,-0.311,0.000,75,E,0,,,,351729,286.25,0
1407,3335.170,"Mount",-0.082,0.246,-0.181,-0.185,-0.136,0.000,33,E,0,,,,355672,285.94,0
1408,3337.415,"Mount",-0.254,-0.077,-0.195,0.181,-0.132,0.000,32,E,0,,,,377831,303.15,0
1409,3339.810,"Mount",-0.257,-0.167,-0.158,0.263,-0.109,0.000,26,E,0,,,,362306,284.55,0
1410,3342.175,"Mount",-0.462,0.345,-0.567,-0.107,-0.365,0.000,88,E,0,,,,362045,283.51,0
1411,3344.567,"Mount",0.069,-0.219,0.158,0.167,0.074,0.000,18,W,0,,,,354367,275.38,0
1412,3346.831,"Mount",-0.238,0.062,-0.241,0.048,-0.147,0.000,35,E,0,,,,368556,304.04,0
1413,3349.247,"Mount",0.204,-0.066,0.212,-0.030,0.123,0.000,30,W,0,,,,372618,315.34,0
1414,3351.422,"Mount",-0.079,0.095,-0.113,-0.051,0.000,0.000,0,,0,,,,359276,268.13,0
1415,3353.762,"Mount",-0.121,0.016,-0.115,0.039,0.000,0.000,0,,0,,,,376475,327.73,0
1416,3356.063,"Mount",-0.260,-0.107,-0.186,0.211,-0.117,0.211,28,E,44,S,,,390112,325.21,0
1417,3358.472,"Mount",0.243,-0.232,0.320,0.102,0.193,0.000,47,W,0,,,,387109,295.34,0
1418,3360.863,"Mount",-0.454,-0.011,-0.403,0.209,-0.241,0.209,58,E,44,S,,,384283,337.36,0
1419,3363.351,"Mount",-0.621,0.418,-0.741,-0.103,-0.484,0.000,117,E,0,,,,412657,326.26,0
1420,3365.591,"Mount",-0.197,0.012,-0.182,0.075,-0.149,0.000,36,E,0,,,,385418,301.06,0
1421,3368.015,"Mount",0.483,0.138,0.373,-0.336,0.225,0.000,54,W,0,,,,394117,307.33,0
1422,3370.182,"Mount",0.108,0.181,0.017,-0.209,0.000,0.000,0,,0,,,,373815,272.22,0
1423,3372.647,"Mount",-0.429,0.739,-0.709,-0.476,-0.447,0.000,108,E,0,,,,411694,296.72,0
1424,3374.959,"Mount",-0.441,0.430,-0.585,-0.193,-0.400,0.000,97,E,0,,,,377405,315.84,0
1425,3377.315,"Mount",0.031,-0.003,0.029,-0.011,0.000,0.000,0,,0,,,,387265,286.32,0
1426,3379.599,"Mount",-0.433,0.162,-0.460,0.045,-0.290,0.000,70,E,0,,,,409720,323.00,0
1427,3383.063,"Mount",0.246,0.291,0.094,-0.370,0.000,-0.370,0,,1091,N,,,401395,312.31,0
1428,3385.407,"Mount",0.354,0.118,0.267,-0.261,0.168,-0.261,41,W,55,N,,,412795,322.81,0
1429,3387.887,"Mount",0.235,0.113,0.162,-0.205,0.114,-0.205,27,W,43,N,,,409123,307.64,0
1430,3390.067,"Mount",-0.082,0.090,-0.113,-0.045,0.000,0.000,0,,0,,,,394814,327.00,0
1431,3392.559,"Mount",-0.538,0.085,-0.521,0.160,-0.328,0.000,79,E,0,,,,415382,306.10,0
1432,3394.791,"Mount",0.151,-0.026,0.147,-0.043,0.070,0.000,17,W,0,,,,426357,323.07,0
1433,3397.271,"Mount",-0.728,0.281,-0.778,0.068,-0.485,0.000,117,E,0,,,,423925,307.35,0
1434,3399.511,"Mount",-0.165,-0.015,-0.142,0.086,-0.123,0.000,30,E,0,,,,425329,293.72,0
1435,3401.857,"Mount",-0.103,-0.200,-0.005,0.225,0.000,0.000,0,,0,,,,407823,283.74,0
1436,3404.014,"Mount",-0.190,-0.313,-0.033,0.365,0.000,0.000,0,,0,,,,420403,314.22,0
1437,3406.415,"Mount",0.279,-0.066,0.280,-0.063,0.176,0.000,43,W,0,,,,415358,281.69,0
1438,3408.687,"Mount",0.434,-0.108,0.437,-0.093,0.288,0.000,70,W,0,,,,410077,305.43,0
1439,3411.136,"Mount",0.572,-0.066,0.543,-0.191,0.362,0.000,87,W,0,,,,416957,302.32,0
1440,3413.383,"Mount",0.228,-0.076,0.238,-0.031,0.175,0.000,42,W,0,,,,414966,307.18,0
1441,3417.087,"Mount",-0.778,-0.110,-0.651,0.441,-0.398,0.441,96,E,1106,S,,,434637,317.23,0
1442,3419.375,"Mount",-0.210,-0.029,-0.176,0.118,-0.139,0.000,33,E,0,,,,417282,330.89,0
1443,3421.871,"Mount",0.461,-0.207,0.505,-0.017,0.309,0.000,75,W,0,,,,440120,335.01,0
1444,3424.103,"Mount",0.227,0.072,0.173,-0.165,0.130,0.000,32,W,0,,,,417826,297.65,0
1445,3426.551,"Mount",0.370,-0.087,0.371,-0.084,0.243,0.000,59,W,0,,,,422181,322.97,0
1446,3428.823,"Mount",0.295,0.104,0.219,-0.223,0.155,0.000,37,W,0,,,,432938,331.82,0
INFO: SET LOCK POSITION, new lock pos = 627.148, 896.332
INFO: DITHER by 4.559, 4.257, new lock pos = 629.376, 890.506
INFO: SETTLING STATE CHANGE, Settling started
1447,3434.792,"Mount",-2.228,5.826,-4.559,-4.257,-4.559,-4.257,1101,E,1907,N,,,422414,302.58,0
1448,3437.871,"Mount",1.518,2.602,0.222,-3.004,0.140,-3.004,34,W,631,N,,,398258,297.75,0
1449,3440.479,"Mount",0.776,1.718,-0.056,-1.884,0.000,-1.884,0,,396,N,,,455582,346.82,0
1450,3442.825,"Mount",0.170,0.133,0.094,-0.194,0.000,0.000,0,,0,,,,440112,338.99,0
1451,3445.135,"Mount",0.748,-0.284,0.796,-0.073,0.502,0.000,121,W,0,,,,402876,299.01,0
1452,3447.511,"Mount",-0.181,-0.046,-0.142,0.121,-0.055,0.000,13,E,0,,,,396269,278.42,0
1453,3449.676,"Mount",-0.091,-0.197,0.004,0.217,0.000,0.000,0,,0,,,,398275,295.92,0
1454,3452.079,"Mount",0.175,-0.226,0.256,0.126,0.161,0.000,39,W,0,,,,411908,314.62,0
1455,3454.415,"Mount",0.240,-0.341,0.365,0.201,0.241,0.000,58,W,0,,,,401307,286.69,0
1456,3456.831,"Mount",-0.313,-0.211,-0.189,0.327,-0.102,0.000,25,E,0,,,,412769,309.37,0
INFO: SETTLING STATE CHANGE, Settling complete
1457,3459.088,"Mount",-0.028,-0.455,0.175,0.421,0.103,0.000,25,W,0,,,,447941,358.89,0
1458,3461.551,"Mount",-0.694,0.029,-0.636,0.278,-0.394,0.000,95,E,0,,,,416237,311.76,0
1459,3464.959,"Mount",-0.451,-0.319,-0.265,0.484,-0.195,0.484,47,E,1115,S,,,436161,311.53,0
1460,3467.382,"Mount",0.138,0.043,0.105,-0.100,0.000,0.000,0,,0,,,,433838,348.64,0
1461,3469.626,"Mount",0.071,0.110,0.015,-0.130,0.000,0.000,0,,0,,,,426984,309.81,0
1462,3472.119,"Mount",0.791,-0.249,0.820,-0.124,0.517,0.000,125,W,0,,,,393159,298.14,0
1463,3474.407,"Mount",0.377,-0.191,0.422,0.006,0.302,0.000,73,W,0,,,,395489,298.95,0
1464,3476.823,"Mount",0.234,-0.020,0.219,-0.085,0.159,0.000,38,W,0,,,,396784,304.80,0
1465,3479.047,"Mount",-0.152,0.048,-0.157,0.023,-0.088,0.000,21,E,0,,,,406952,290.15,0
1466,3481.447,"Mount",0.163,-0.042,0.165,-0.034,0.098,0.000,24,W,0,,,,401448,321.15,0
1467,3483.687,"Mount",-0.196,0.131,-0.233,-0.032,-0.140,0.000,34,E,0,,,,393204,313.77,0
1468,3486.095,"Mount",-0.178,0.004,-0.161,0.074,-0.112,0.000,27,E,0,,,,384676,297.26,0
1469,3488.407,"Mount",-0.302,-0.098,-0.228,0.221,-0.152,0.221,37,E,46,S,,,391872,296.91,0
1470,3490.823,"Mount",0.259,0.042,0.214,-0.151,0.124,0.000,30,W,0,,,,406924,328.36,0
1471,3492.994,"Mount",0.036,-0.145,0.096,0.114,0.000,0.000,0,,0,,,,393062,293.78,0
1472,3495.370,"Mount",-0.010,-0.061,0.018,0.060,0.000,0.000,0,,0,,,,404435,294.82,0
1473,3497.623,"Mount",-0.386,0.068,-0.377,0.108,-0.237,0.000,57,E,0,,,,402453,293.78,0
1474,3500.023,"Mount",0.152,-0.142,0.199,0.061,0.109,0.000,26,W,0,,,,420617,303.90,0
1475,3502.327,"Mount",-0.343,0.233,-0.410,-0.059,-0.251,0.000,61,E,0,,,,423990,317.60,0
1476,3504.657,"Mount",-0.108,0.018,-0.105,0.031,0.000,0.000,0,,0,,,,427164,319.49,0
1477,3506.927,"Mount",-0.252,0.237,-0.331,-0.102,-0.208,0.000,50,E,0,,,,415909,315.66,0
1478,3509.284,"Mount",-0.012,-0.087,0.028,0.083,0.000,0.000,0,,0,,,,397196,283.83,0
1479,3511.530,"Mount",0.048,-0.045,0.063,0.019,0.000,0.000,0,,0,,,,418971,314.12,0
1480,3513.935,"Mount",-0.233,0.231,-0.311,-0.105,-0.196,0.000,47,E,0,,,,414444,305.12,0
1481,3516.153,"Mount",-0.019,-0.089,0.022,0.088,0.000,0.000,0,,0,,,,403263,317.76,0
1482,3518.535,"Mount",0.081,-0.135,0.133,0.086,0.084,0.000,20,W,0,,,,412369,334.25,0
1483,3520.887,"Mount",0.019,-0.296,0.147,0.257,0.099,0.257,24,W,54,S,,,405823,310.48,0
1484,3523.327,"Mount",-0.579,0.238,-0.625,0.040,-0.387,0.000,93,E,0,,,,408201,297.03,0
1485,3525.607,"Mount",-0.299,0.357,-0.426,-0.190,-0.295,0.000,71,E,0,,,,433285,324.02,0
1486,3527.949,"Mount",-0.036,0.030,-0.046,-0.011,0.000,0.000,0,,0,,,,423286,308.08,0
1487,3530.199,"Mount",-0.244,0.190,-0.303,-0.063,-0.191,0.000,46,E,0,,,,423603,346.88,0
1488,3532.655,"Mount",-0.240,0.005,-0.218,0.101,-0.151,0.000,36,E,0,,,,403236,305.73,0
1489,3534.959,"Mount",0.306,-0.281,0.398,0.118,0.240,0.000,58,W,0,,,,426220,334.52,0
1490,3537.407,"Mount",0.405,-0.336,0.512,0.124,0.339,0.000,82,W,0,,,,416063,311.73,0
1491,3539.585,"Mount",-0.039,0.005,-0.037,0.012,0.000,0.000,0,,0,,,,424675,323.14,0
1492,3542.231,"Mount",-0.947,-0.120,-0.798,0.523,-0.503,0.523,121,E,110,S,,,414849,319.26,0
1493,3544.393,"Mount",-0.017,0.176,-0.093,-0.151,0.000,0.000,0,,0,,,,430428,335.35,0
1494,3546.839,"Mount",-0.379,0.124,-0.395,0.055,-0.249,0.000,60,E,0,,,,436056,337.42,0
1495,3549.033,"Mount",-0.055,0.038,-0.066,-0.010,0.000,0.000,0,,0,,,,433265,328.30,0
1496,3551.366,"Mount",0.032,-0.138,0.089,0.110,0.000,0.000,0,,0,,,,412952,323.66,0
1497,3553.711,"Mount",-0.032,-0.394,0.145,0.368,0.091,0.368,22,W,77,S,,,432640,343.90,0
1498,3556.103,"Mount",-0.157,0.004,-0.142,0.066,-0.083,0.000,20,E,0,,,,433172,316.41,0
1499,3558.351,"Mount",0.191,-0.128,0.228,0.031,0.138,0.000,33,W,0,,,,429328,340.99,0
1500,3560.759,"Mount",0.309,-0.097,0.320,-0.049,0.211,0.000,51,W,0,,,,416657,332.43,0
1501,3563.023,"Mount",0.200,-0.243,0.286,0.130,0.195,0.000,47,W,0,,,,437950,325.34,0
1502,3565.375,"Mount",-0.033,-0.072,0.002,0.079,0.000,0.000,0,,0,,,,417287,343.08,0
1503,3567.608,"Mount",-0.114,0.098,-0.145,-0.039,-0.092,0.000,22,E,0,,,,456753,325.77,0
1504,3569.954,"Mount",-0.073,-0.139,-0.005,0.157,0.000,0.000,0,,0,,,,440957,320.50,0
1505,3572.199,"Mount",0.213,-0.083,0.228,-0.019,0.144,0.000,35,W,0,,,,424871,319.74,0
1506,3574.680,"Mount",-0.564,0.212,-0.600,0.057,-0.368,0.000,89,E,0,,,,430382,331.37,0
1507,3576.951,"Mount",-0.185,-0.057,-0.141,0.133,-0.115,0.000,28,E,0,,,,428010,296.48,0
1508,3579.431,"Mount",0.466,-0.358,0.576,0.117,0.355,0.000,86,W,0,,,,423645,289.65,0
1509,3581.679,"Mount",0.140,-0.272,0.245,0.183,0.179,0.000,43,W,0,,,,455813,347.07,0
1510,3584.120,"Mount",0.449,-0.260,0.518,0.037,0.339,0.000,82,W,0,,,,423389,324.51,0
1511,3586.286,"Mount",-0.040,-0.032,-0.022,0.047,0.000,0.000,0,,0,,,,431824,324.59,0
1512,3588.719,"Mount",-0.146,0.000,-0.131,0.064,-0.082,0.000,20,E,0,,,,423551,345.09,0
1513,3591.071,"Mount",-0.352,-0.207,-0.226,0.341,-0.148,0.341,36,E,72,S,,,417744,309.54,0
1514,3593.463,"Mount",0.094,-0.142,0.147,0.086,0.082,0.000,20,W,0,,,,447586,292.40,0
1515,3595.700,"Mount",-0.076,-0.053,-0.045,0.081,0.000,0.000,0,,0,,,,432120,326.55,0
1516,3598.047,"Mount",-0.070,0.096,-0.105,-0.056,0.000,0.000,0,,0,,,,447124,351.01,0
1517,3600.215,"Mount",-0.007,-0.048,0.015,0.046,0.000,0.000,0,,0,,,,428997,324.79,0
1518,3602.744,"Mount",0.256,-0.368,0.391,0.218,0.247,0.218,60,W,46,S,,,440111,332.80,0
1519,3605.023,"Mount",0.278,-0.246,0.358,0.099,0.243,0.000,59,W,0,,,,444343,353.58,0
1520,3607.415,"Mount",-0.170,0.026,-0.164,0.052,-0.087,0.000,21,E,0,,,,462290,329.10,0
1521,3609.719,"Mount",-0.363,0.059,-0.352,0.106,-0.228,0.000,55,E,0,,,,434083,362.76,0
1522,3612.167,"Mount",-0.130,0.205,-0.207,-0.127,-0.146,0.000,35,E,0,,,,441108,362.57,0
1523,3614.400,"Mount",-0.082,0.195,-0.160,-0.139,-0.111,0.000,27,E,0,,,,445673,349.24,0
1524,3616.831,"Mount",-0.137,0.178,-0.201,-0.100,-0.135,0.000,33,E,0,,,,429744,339.75,0
1525,3619.005,"Mount",-0.048,-0.043,-0.024,0.060,0.000,0.000,0,,0,,,,433083,332.68,0
1526,3621.439,"Mount",0.254,-0.221,0.325,0.088,0.205,0.000,49,W,0,,,,404044,309.71,0
1527,3623.687,"Mount",0.260,-0.182,0.314,0.049,0.212,0.000,51,W,0,,,,410206,305.99,0
1528,3626.175,"Mount",0.100,-0.292,0.218,0.218,0.152,0.218,37,W,46,S,,,419247,325.22,0
1529,3628.423,"Mount",0.062,-0.226,0.155,0.176,0.109,0.000,26,W,0,,,,436714,319.07,0
1530,3630.831,"Mount",-0.275,-0.024,-0.236,0.142,-0.141,0.000,34,E,0,,,,404019,318.18,0
1531,3633.087,"Mount",-0.273,0.003,-0.246,0.117,-0.165,0.000,40,E,0,,,,392093,328.65,0
1532,3635.438,"Mount",-0.012,-0.104,0.035,0.098,0.000,0.000,0,,0,,,,424814,333.27,0
1533,3637.638,"Mount",-0.027,-0.058,0.001,0.064,0.000,0.000,0,,0,,,,412279,328.17,0
1534,3639.976,"Mount",0.071,-0.079,0.099,0.040,0.000,0.000,0,,0,,,,412285,317.96,0
1535,3642.423,"Mount",-0.877,0.173,-0.864,0.229,-0.544,0.229,131,E,48,S,,,407474,280.64,0
1536,3644.766,"Mount",0.048,0.013,0.038,-0.032,0.000,0.000,0,,0,,,,405931,298.34,0
1537,3646.952,"Mount",-0.035,0.058,-0.057,-0.037,0.000,0.000,0,,0,,,,402640,316.44,0
1538,3649.383,"Mount",-0.171,-0.179,-0.075,0.236,0.000,0.236,0,,49,S,,,402225,286.28,0
1539,3651.631,"Mount",-0.283,0.145,-0.318,-0.006,-0.200,0.000,48,E,0,,,,396617,328.87,0
1540,3654.047,"Mount",-0.232,0.220,-0.305,-0.096,-0.206,0.000,50,E,0,,,,403715,296.08,0
1541,3656.303,"Mount",-0.164,-0.199,-0.060,0.251,0.000,0.251,0,,53,S,,,395794,320.37,0
1542,3658.823,"Mount",-0.250,-0.126,-0.170,0.223,-0.107,0.223,26,E,47,S,,,407015,312.71,0
1543,3661.135,"Mount",-0.077,-0.246,0.038,0.255,0.000,0.255,0,,53,S,,,412153,353.87,0
1544,3663.481,"Mount",0.013,-0.085,0.048,0.070,0.000,0.000,0,,0,,,,385608,313.71,0
1545,3665.719,"Mount",-0.246,0.043,-0.240,0.070,-0.151,0.000,37,E,0,,,,383784,297.22,0
1546,3668.263,"Mount",0.161,-0.484,0.357,0.364,0.215,0.364,52,W,77,S,,,404763,302.51,0
1547,3670.487,"Mount",-0.116,0.063,-0.131,-0.005,-0.068,0.000,16,E,0,,,,408606,326.39,0
1548,3673.024,"Mount",-0.444,-0.093,-0.359,0.279,-0.231,0.279,56,E,58,S,,,412641,296.78,0
1549,3675.415,"Mount",-0.528,-0.053,-0.451,0.279,-0.300,0.279,73,E,59,S,,,406329,270.81,0
1550,3677.758,"Mount",-0.125,-0.049,-0.091,0.099,0.000,0.000,0,,0,,,,409901,334.02,0
1551,3679.929,"Mount",0.041,0.024,0.026,-0.040,0.000,0.000,0,,0,,,,438288,335.14,0
1552,3682.280,"Mount",-0.018,0.131,-0.074,-0.110,0.000,0.000,0,,0,,,,412090,285.78,0
1553,3684.446,"Mount",-0.012,-0.048,0.011,0.048,0.000,0.000,0,,0,,,,435221,343.44,0
1554,3686.792,"Mount",0.002,0.061,-0.025,-0.056,0.000,0.000,0,,0,,,,415865,334.87,0
1555,3688.965,"Mount",0.046,-0.078,0.076,0.050,0.000,0.000,0,,0,,,,442636,343.71,0
1556,3691.351,"Mount",-0.216,0.062,-0.222,0.039,-0.140,0.000,34,E,0,,,,432969,328.25,0
1557,3693.575,"Mount",-0.098,0.147,-0.152,-0.090,-0.106,0.000,26,E,0,,,,426887,302.31,0
1558,3695.919,"Mount",-0.133,-0.026,-0.108,0.082,0.000,0.000,0,,0,,,,436893,311.09,0
1559,3698.263,"Mount",-0.368,-0.117,-0.279,0.266,-0.176,0.266,43,E,56,S,,,430893,330.81,0
1560,3700.633,"Mount",0.001,0.168,-0.073,-0.151,0.000,0.000,0,,0,,,,419440,363.14,0
1561,3702.911,"Mount",-0.327,0.318,-0.433,-0.142,-0.273,0.000,66,E,0,,,,423662,317.66,0
1562,3705.327,"Mount",0.067,-0.192,0.145,0.143,0.072,0.000,17,W,0,,,,437669,373.66,0
1563,3707.575,"Mount",0.225,-0.104,0.248,-0.005,0.161,0.000,39,W,0,,,,420044,308.47,0
1564,3709.983,"Mount",0.159,-0.055,0.167,-0.020,0.116,0.000,28,W,0,,,,460268,331.89,0
1565,3712.231,"Mount",0.428,0.018,0.377,-0.204,0.246,0.000,59,W,0,,,,431993,327.19,0
1566,3714.564,"Mount",-0.068,0.132,-0.119,-0.088,0.000,0.000,0,,0,,,,438380,328.46,0
1567,3716.807,"Mount",0.123,-0.089,0.150,0.026,0.095,0.000,23,W,0,,,,456856,363.30,0
1568,3719.215,"Mount",-0.108,0.299,-0.228,-0.221,-0.137,0.000,33,E,0,,,,442637,349.61,0
1569,3721.384,"Mount",-0.059,0.002,-0.055,0.024,0.000,0.000,0,,0,,,,446559,326.52,0
1570,3723.815,"Mount",-0.391,0.073,-0.383,0.106,-0.242,0.000,58,E,0,,,,424217,306.67,0
1571,3725.990,"Mount",-0.028,0.199,-0.113,-0.166,0.000,0.000,0,,0,,,,448503,319.60,0
1572,3728.323,"Mount",-0.082,-0.081,-0.038,0.109,0.000,0.000,0,,0,,,,420745,316.50,0
1573,3730.599,"Mount",-0.391,-0.049,-0.330,0.215,-0.208,0.000,50,E,0,,,,412274,325.11,0
1574,3732.973,"Mount",0.107,-0.036,0.112,-0.015,0.000,0.000,0,,0,,,,448017,344.07,0
1575,3735.303,"Mount",0.547,-0.408,0.670,0.127,0.422,0.000,102,W,0,,,,441168,332.63,0
1576,3737.679,"Mount",-0.076,0.201,-0.157,-0.147,-0.069,0.000,17,E,0,,,,416322,309.15,0
1577,3739.943,"Mount",-0.378,0.015,-0.346,0.153,-0.223,0.000,54,E,0,,,,471530,322.93,0
1578,3742.375,"Mount",-0.138,-0.165,-0.051,0.209,0.000,0.209,0,,44,S,,,437638,306.41,0
1579,3744.547,"Mount",0.051,0.066,0.017,-0.081,0.000,0.000,0,,0,,,,447605,315.99,0
1580,3747.007,"Mount",-0.434,0.199,-0.477,0.012,-0.301,0.000,73,E,0,,,,455064,356.24,0
1581,3749.196,"Mount",0.024,0.006,0.019,-0.016,0.000,0.000,0,,0,,,,445028,337.58,0
1582,3751.549,"Mount",-0.065,-0.084,-0.022,0.104,0.000,0.000,0,,0,,,,430616,307.72,0
1583,3753.711,"Mount",-0.095,-0.141,-0.023,0.168,0.000,0.000,0,,0,,,,435815,316.82,0
1584,3756.239,"Mount",0.183,-0.377,0.330,0.259,0.208,0.259,50,W,54,S,,,458640,329.40,0
1585,3758.409,"Mount",0.008,0.007,0.004,-0.009,0.000,0.000,0,,0,,,,434930,358.13,0
1586,3760.839,"Mount",-0.249,0.272,-0.344,-0.135,-0.216,0.000,52,E,0,,,,429011,333.51,0
1587,3763.127,"Mount",-0.224,0.442,-0.395,-0.299,-0.264,0.000,64,E,0,,,,415263,309.97,0
1588,3765.623,"Mount",-0.766,0.343,-0.839,0.029,-0.547,0.000,132,E,0,,,,420296,302.57,0
1589,3767.911,"Mount",-0.147,0.008,-0.135,0.057,-0.123,0.000,30,E,0,,,,458536,368.53,0
1590,3770.247,"Mount",0.010,0.067,-0.020,-0.065,0.000,0.000,0,,0,,,,438512,294.49,0
1591,3772.487,"Mount",0.279,-0.019,0.259,-0.105,0.163,0.000,39,W,0,,,,448566,346.26,0
1592,3774.897,"Mount",0.065,-0.188,0.141,0.141,0.100,0.000,24,W,0,,,,453021,328.30,0
1593,3777.167,"Mount",0.343,-0.073,0.340,-0.084,0.221,0.000,53,W,0,,,,432762,328.31,0
1594,3779.567,"Mount",-0.224,0.020,-0.210,0.081,-0.117,0.000,28,E,0,,,,436277,356.73,0
1595,3781.750,"Mount",-0.074,-0.050,-0.045,0.077,0.000,0.000,0,,0,,,,422715,342.37,0
1596,3784.151,"Mount",-0.154,0.203,-0.228,-0.114,-0.143,0.000,35,E,0,,,,444027,319.47,0
1597,3786.415,"Mount",-0.339,0.328,-0.449,-0.146,-0.293,0.000,71,E,0,,,,439460,316.58,0
1598,3788.831,"Mount",-0.193,-0.016,-0.166,0.099,-0.125,0.000,30,E,0,,,,451537,310.35,0
1599,3791.055,"Mount",-0.096,0.132,-0.144,-0.076,-0.099,0.000,24,E,0,,,,470623,338.60,0
1600,3793.535,"Mount",-0.384,0.093,-0.386,0.085,-0.250,0.000,60,E,0,,,,437452,330.09,0
1601,3795.871,"Mount",-0.190,-0.246,-0.063,0.304,0.000,0.304,0,,64,S,,,427798,340.46,0
1602,3798.205,"Mount",0.001,-0.031,0.014,0.027,0.000,0.000,0,,0,,,,444417,337.53,0
1603,3800.359,"Mount",0.031,0.020,0.019,-0.032,0.000,0.000,0,,0,,,,428596,301.67,0
1604,3802.783,"Mount",-0.102,0.166,-0.165,-0.105,-0.104,0.000,25,E,0,,,,444876,332.12,0
1605,3804.964,"Mount",-0.078,0.105,-0.116,-0.060,0.000,0.000,0,,0,,,,450639,342.33,0
1606,3807.399,"Mount",-0.243,0.436,-0.409,-0.285,-0.258,0.000,62,E,0,,,,429450,312.54,0
1607,3809.775,"Mount",-0.379,-0.291,-0.213,0.428,-0.152,0.428,37,E,90,S,,,422939,324.67,0
1608,3812.215,"Mount",0.026,0.466,-0.181,-0.430,-0.125,0.000,30,E,0,,,,422486,311.58,0
1609,3814.487,"Mount",-0.195,0.689,-0.478,-0.534,-0.310,0.000,75,E,0,,,,413267,300.20,0
1610,3816.919,"Mount",0.313,0.202,0.193,-0.319,0.100,0.000,24,W,0,,,,449187,345.46,0
1611,3820.319,"Mount",0.363,0.268,0.208,-0.400,0.138,-0.400,33,W,1097,N,,,435558,291.23,0
1612,3822.951,"Mount",-0.205,0.479,-0.394,-0.341,-0.239,-0.341,58,E,72,N,,,424511,356.08,0
1613,3825.407,"Mount",-0.639,0.715,-0.887,-0.362,-0.576,-0.362,139,E,76,N,,,440034,323.21,0
1614,3827.911,"Mount",-0.124,0.284,-0.236,-0.201,-0.189,-0.201,46,E,42,N,,,442257,325.01,0
1615,3830.239,"Mount",-0.373,0.286,-0.460,-0.094,-0.303,0.000,73,E,0,,,,420533,323.84,0
1616,3832.655,"Mount",-0.104,0.088,-0.132,-0.033,-0.104,0.000,25,E,0,,,,425910,311.30,0
1617,3835.019,"Mount",0.277,-0.318,0.389,0.164,0.237,0.000,57,W,0,,,,437499,304.13,0
1618,3837.527,"Mount",0.508,-0.221,0.553,-0.024,0.365,0.000,88,W,0,,,,412292,320.23,0
1619,3839.807,"Mount",0.360,-0.148,0.388,-0.025,0.270,0.000,65,W,0,,,,412442,306.06,0
1620,3842.274,"Mount",-0.412,0.306,-0.504,-0.094,-0.299,0.000,72,E,0,,,,436663,326.64,0
1621,3844.559,"Mount",-0.404,0.275,-0.483,-0.070,-0.325,0.000,79,E,0,,,,451685,325.52,0
1622,3847.087,"Mount",-0.909,0.302,-0.949,0.127,-0.621,0.000,150,E,0,,,,442414,355.22,0
1623,3849.383,"Mount",-0.377,0.258,-0.452,-0.066,-0.328,0.000,79,E,0,,,,435711,313.37,0
1624,3851.831,"Mount",-0.414,0.215,-0.466,-0.011,-0.317,0.000,77,E,0,,,,440698,333.69,0
1625,3853.999,"Mount",0.075,0.036,0.051,-0.066,0.000,0.000,0,,0,,,,431627,302.33,0
1626,3856.322,"Mount",0.128,-0.020,0.124,-0.038,0.000,0.000,0,,0,,,,446240,321.67,0
1627,3858.618,"Mount",0.461,-0.260,0.528,0.031,0.333,0.000,80,W,0,,,,439206,311.48,0
1628,3861.175,"Mount",1.079,-0.436,1.161,-0.081,0.755,0.000,182,W,0,,,,414299,309.72,0
1629,3863.447,"Mount",0.276,-0.163,0.320,0.025,0.254,0.000,61,W,0,,,,442449,350.18,0
1630,3865.872,"Mount",-0.269,0.121,-0.295,0.009,-0.168,0.000,41,E,0,,,,407091,352.94,0
1631,3868.057,"Mount",-0.006,0.084,-0.043,-0.073,0.000,0.000,0,,0,,,,432585,311.97,0
1632,3870.479,"Mount",-0.281,0.207,-0.343,-0.063,-0.216,0.000,52,E,0,,,,411110,303.80,0
1633,3872.646,"Mount",0.092,0.072,0.051,-0.105,0.000,0.000,0,,0,,,,403503,341.68,0
1634,3875.087,"Mount",-0.446,0.261,-0.515,-0.039,-0.324,0.000,78,E,0,,,,424640,311.12,0
1635,3877.327,"Mount",0.290,-0.232,0.362,0.081,0.206,0.000,50,W,0,,,,395361,325.41,0
1636,3879.767,"Mount",0.293,-0.200,0.352,0.051,0.236,0.000,57,W,0,,,,382047,300.84,0
1637,3882.063,"Mount",0.391,-0.377,0.517,0.167,0.342,0.000,83,W,0,,,,380613,322.35,0
1638,3884.406,"Mount",0.066,0.081,0.024,-0.101,0.000,0.000,0,,0,,,,372562,279.82,0
1639,3886.687,"Mount",-0.180,0.048,-0.183,0.036,-0.115,0.000,28,E,0,,,,395615,329.89,0
1640,3889.094,"Mount",-0.042,-0.113,0.012,0.119,0.000,0.000,0,,0,,,,378302,307.50,0
1641,3891.268,"Mount",-0.031,-0.005,-0.025,0.018,0.000,0.000,0,,0,,,,385115,297.52,0
1642,3893.679,"Mount",0.198,-0.172,0.253,0.067,0.159,0.000,39,W,0,,,,389182,313.65,0
1643,3895.919,"Mount",-0.175,0.113,-0.207,-0.025,-0.119,0.000,29,E,0,,,,384064,288.83,0
1644,3898.250,"Mount",0.059,0.026,0.041,-0.049,0.000,0.000,0,,0,,,,379740,306.93,0
1645,3900.503,"Mount",0.326,-0.329,0.437,0.152,0.276,0.000,67,W,0,,,,389541,307.89,0
1646,3902.919,"Mount",0.101,-0.274,0.211,0.202,0.152,0.000,37,W,0,,,,398939,317.32,0
1647,3905.099,"Mount",0.039,-0.095,0.077,0.068,0.000,0.000,0,,0,,,,413155,318.61,0
1648,3907.435,"Mount",-0.003,-0.045,0.017,0.042,0.000,0.000,0,,0,,,,390795,307.19,0
1649,3909.745,"Mount",-0.219,0.205,-0.287,-0.088,-0.181,0.000,44,E,0,,,,428241,317.63,0
1650,3912.183,"Mount",-0.321,-0.007,-0.285,0.147,-0.192,0.000,46,E,0,,,,408292,344.92,0
1651,3914.447,"Mount",-0.458,0.077,-0.446,0.132,-0.294,0.000,71,E,0,,,,408180,313.51,0
1652,3916.855,"Mount",-0.158,0.068,-0.172,0.009,-0.129,0.000,31,E,0,,,,413451,307.83,0
1653,3919.119,"Mount",-0.210,-0.098,-0.146,0.180,-0.101,0.000,24,E,0,,,,397910,297.12,0
1654,3921.454,"Mount",-0.131,-0.268,0.000,0.298,0.000,0.000,0,,0,,,,412199,335.10,0
1655,3923.628,"Mount",-0.018,-0.090,0.023,0.089,0.000,0.000,0,,0,,,,407575,317.01,0
1656,3926.031,"Mount",0.022,-0.387,0.190,0.338,0.120,0.000,29,W,0,,,,434431,337.44,0
1657,3929.280,"Mount",0.017,-0.239,0.120,0.207,0.000,0.207,0,,1057,S,,,398771,310.48,0
1658,3931.642,"Mount",-0.087,-0.020,-0.069,0.056,0.000,0.000,0,,0,,,,436593,307.48,0
1659,3933.871,"Mount",-0.115,0.228,-0.204,-0.154,-0.128,0.000,31,E,0,,,,452811,325.63,0
1660,3936.407,"Mount",-0.564,0.000,-0.507,0.247,-0.328,0.247,79,E,52,S,,,426242,321.97,0
1661,3938.815,"Mount",-0.553,-0.250,-0.387,0.468,-0.267,0.468,65,E,98,S,,,430311,295.61,0
1662,3941.153,"Mount",0.156,0.086,0.102,-0.146,0.000,0.000,0,,0,,,,433858,355.60,0
1663,3943.575,"Mount",-0.761,0.010,-0.688,0.325,-0.434,0.325,105,E,68,S,,,435036,319.25,0
1664,3946.031,"Mount",0.579,-0.105,0.566,-0.160,0.326,0.000,79,W,0,,,,427818,319.62,0
1665,3948.295,"Mount",0.312,0.049,0.259,-0.181,0.186,0.000,45,W,0,,,,456105,321.64,0
1666,3950.695,"Mount",-0.037,0.301,-0.166,-0.255,-0.091,0.000,22,E,0,,,,449080,331.03,0
1667,3952.975,"Mount",-0.296,0.578,-0.520,-0.390,-0.334,0.000,81,E,0,,,,441038,352.19,0
1668,3955.329,"Mount",0.064,0.222,-0.040,-0.227,0.000,0.000,0,,0,,,,453363,358.63,0
1669,3957.575,"Mount",-0.366,0.189,-0.412,-0.009,-0.260,0.000,63,E,0,,,,466033,345.69,0
1670,3959.975,"Mount",-0.059,0.237,-0.157,-0.187,-0.117,0.000,28,E,0,,,,459620,372.78,0
1671,3962.161,"Mount",0.064,0.007,0.055,-0.034,0.000,0.000,0,,0,,,,469120,356.24,0
1672,3964.490,"Mount",-0.033,0.039,-0.047,-0.021,0.000,0.000,0,,0,,,,440254,346.86,0
1673,3966.768,"Mount",-0.108,0.239,-0.202,-0.168,-0.127,0.000,31,E,0,,,,436582,337.55,0
1674,3969.191,"Mount",-0.068,0.220,-0.158,-0.168,-0.108,0.000,26,E,0,,,,431712,319.15,0
1675,3971.487,"Mount",-0.445,0.411,-0.580,-0.174,-0.373,0.000,90,E,0,,,,438222,328.89,0
1676,3973.887,"Mount",-0.047,0.242,-0.148,-0.197,-0.120,0.000,29,E,0,,,,446139,325.47,0
1677,3976.061,"Mount",0.106,0.343,-0.055,-0.355,0.000,0.000,0,,0,,,,447600,367.68,0
1678,3978.406,"Mount",0.016,0.013,0.009,-0.019,0.000,0.000,0,,0,,,,432477,342.03,0
1679,3980.655,"Mount",-0.308,0.051,-0.299,0.089,-0.188,0.000,46,E,0,,,,445048,342.42,0
1680,3982.986,"Mount",-0.112,-0.115,-0.051,0.152,0.000,0.000,0,,0,,,,436844,303.46,0
1681,3985.303,"Mount",0.062,-0.266,0.172,0.212,0.108,0.212,26,W,44,S,,,454562,319.09,0
1682,3987.643,"Mount",0.101,-0.075,0.124,0.024,0.000,0.000,0,,0,,,,455741,316.16,0
1683,3989.887,"Mount",0.287,0.037,0.242,-0.159,0.152,0.000,37,W,0,,,,427301,308.22,0
1684,3992.263,"Mount",0.034,0.085,-0.007,-0.091,0.000,0.000,0,,0,,,,436428,329.46,0
1685,3994.495,"Mount",-0.149,0.221,-0.231,-0.133,-0.145,0.000,35,E,0,,,,441845,344.33,0
1686,3996.975,"Mount",-0.470,0.338,-0.571,-0.098,-0.370,0.000,89,E,0,,,,447046,342.89,0
1687,3999.264,"Mount",-0.440,0.272,-0.515,-0.051,-0.350,0.000,85,E,0,,,,449165,308.04,0
1688,4001.607,"Mount",-0.018,-0.050,0.006,0.053,0.000,0.000,0,,0,,,,413839,321.50,0
1689,4003.774,"Mount",-0.028,-0.029,-0.012,0.039,0.000,0.000,0,,0,,,,456488,338.56,0
1690,4006.119,"Mount",-0.080,0.029,-0.085,0.009,0.000,0.000,0,,0,,,,440010,324.70,0
1691,4008.344,"Mount",0.224,0.037,0.185,-0.131,0.117,0.000,28,W,0,,,,444042,304.25,0
1692,4010.776,"Mount",0.374,-0.136,0.395,-0.042,0.257,0.000,62,W,0,,,,443182,321.60,0
1693,4013.055,"Mount",0.416,-0.089,0.413,-0.103,0.278,0.000,67,W,0,,,,430816,318.01,0
1694,4015.414,"Mount",0.084,0.225,-0.024,-0.239,0.000,0.000,0,,0,,,,446177,344.82,0
1695,4017.583,"Mount",0.016,-0.060,0.041,0.047,0.000,0.000,0,,0,,,,427217,326.18,0
1696,4020.031,"Mount",-0.393,0.290,-0.481,-0.088,-0.303,0.000,73,E,0,,,,426754,316.77,0
1697,4022.295,"Mount",-0.092,0.233,-0.185,-0.169,-0.138,0.000,33,E,0,,,,444702,345.97,0
1698,4024.662,"Mount",0.022,0.110,-0.029,-0.108,0.000,0.000,0,,0,,,,451107,331.55,0
1699,4026.839,"Mount",-0.040,-0.172,0.040,0.172,0.000,0.000,0,,0,,,,448652,335.58,0
1700,4029.279,"Mount",0.104,-0.190,0.177,0.125,0.111,0.000,27,W,0,,,,423964,315.94,0
1701,4031.552,"Mount",0.356,-0.056,0.344,-0.106,0.225,0.000,54,W,0,,,,431883,316.95,0
1702,4033.999,"Mount",0.227,-0.033,0.218,-0.070,0.153,0.000,37,W,0,,,,428166,336.44,0
1703,4036.247,"Mount",-0.216,0.046,-0.214,0.054,-0.124,0.000,30,E,0,,,,430502,307.47,0
1704,4038.583,"Mount",-0.060,-0.019,-0.046,0.043,0.000,0.000,0,,0,,,,407941,295.24,0
1705,4040.756,"Mount",-0.120,-0.035,-0.093,0.085,0.000,0.000,0,,0,,,,437257,326.20,0
1706,4043.191,"Mount",-0.401,0.141,-0.422,0.049,-0.266,0.000,64,E,0,,,,415059,321.02,0
1707,4045.396,"Mount",0.049,-0.087,0.082,0.057,0.000,0.000,0,,0,,,,436991,356.93,0
1708,4047.791,"Mount",-0.187,0.024,-0.179,0.061,-0.113,0.000,27,E,0,,,,413526,302.66,0
1709,4049.966,"Mount",-0.080,-0.007,-0.068,0.042,0.000,0.000,0,,0,,,,429220,319.18,0
1710,4052.320,"Mount",0.128,0.108,0.068,-0.153,0.000,0.000,0,,0,,,,444417,328.63,0
1711,4054.663,"Mount",0.295,-0.227,0.364,0.074,0.230,0.000,55,W,0,,,,415577,337.70,0
1712,4057.128,"Mount",-0.212,0.113,-0.241,-0.008,-0.135,0.000,33,E,0,,,,451992,347.21,0
1713,4059.330,"Mount",-0.033,0.006,-0.033,0.009,0.000,0.000,0,,0,,,,416161,308.13,0
1714,4061.697,"Mount",0.046,0.100,-0.003,-0.110,0.000,0.000,0,,0,,,,427533,313.19,0
1715,4063.951,"Mount",-0.222,0.115,-0.250,-0.006,-0.157,0.000,38,E,0,,,,430388,330.09,0
INFO: SET LOCK POSITION, new lock pos = 629.376, 890.506
INFO: DITHER by 0.394, -3.577, new lock pos = 631.299, 893.547
INFO: SETTLING STATE CHANGE, Settling started
1716,4067.763,"Mount",-1.923,-3.041,-0.394,3.577,-0.394,3.577,95,E,751,S,,,440295,302.99,0
1717,4070.719,"Mount",-1.721,-2.428,-0.481,2.937,-0.303,2.937,73,E,617,S,,,440212,343.44,0
1718,4074.655,"Mount",1.744,1.019,1.120,-1.681,0.684,-1.681,165,W,1366,N,,,445720,320.24,0
1719,4077.311,"Mount",0.960,1.428,0.236,-1.704,0.196,-1.704,47,W,358,N,,,431610,341.49,0
1720,4080.031,"Mount",0.049,1.222,-0.492,-1.119,-0.296,-1.119,72,E,235,N,,,443997,341.47,0
1721,4082.431,"Mount",0.277,0.716,-0.066,-0.764,0.000,-0.764,0,,161,N,,,426218,343.59,0
1722,4084.975,"Mount",0.072,0.534,-0.169,-0.512,-0.107,-0.512,26,E,108,N,,,397733,308.16,0
1723,4087.327,"Mount",-0.251,0.410,-0.405,-0.258,-0.263,-0.258,63,E,54,N,,,436776,325.41,0
1724,4089.879,"Mount",0.075,0.559,-0.177,-0.535,-0.130,-0.535,31,E,112,N,,,411270,343.59,0
1725,4092.119,"Mount",0.151,-0.040,0.153,-0.030,0.087,0.000,21,W,0,,,,429176,358.88,0
1726,4094.459,"Mount",-0.060,-0.290,0.073,0.287,0.000,0.000,0,,0,,,,420314,307.79,0
INFO: SETTLING STATE CHANGE, Settling complete
1727,4096.750,"Mount",0.140,-0.358,0.283,0.260,0.178,0.000,43,W,0,,,,424149,317.00,0
1728,4099.180,"Mount",-0.073,-0.199,0.022,0.211,0.000,0.000,0,,0,,,,417568,346.74,0
1729,4101.471,"Mount",-0.389,0.143,-0.413,0.042,-0.260,0.000,63,E,0,,,,420593,334.50,0
1730,4103.928,"Mount",-0.553,0.087,-0.535,0.165,-0.356,0.000,86,E,0,,,,434905,334.95,0
1731,4106.231,"Mount",-0.207,-0.031,-0.173,0.119,-0.134,0.000,32,E,0,,,,438484,315.66,0
1732,4108.655,"Mount",0.163,-0.136,0.207,0.051,0.121,0.000,29,W,0,,,,430810,328.34,0
1733,4110.836,"Mount",-0.061,-0.091,-0.015,0.108,0.000,0.000,0,,0,,,,416026,316.59,0
1734,4114.355,"Mount",-0.196,-0.555,0.067,0.585,0.000,0.585,0,,1136,S,,,432942,316.62,0
1735,4116.863,"Mount",-0.372,-0.204,-0.245,0.346,-0.154,0.346,37,E,73,S,,,444917,350.65,0
1736,4119.329,"Mount",0.281,-0.324,0.394,0.168,0.238,0.000,57,W,0,,,,421586,294.74,0
1737,4121.592,"Mount",0.494,0.266,0.327,-0.456,0.222,0.000,54,W,0,,,,447677,357.50,0
1738,4123.967,"Mount",-0.123,0.107,-0.158,-0.042,-0.084,0.000,20,E,0,,,,420637,291.55,0
1739,4126.231,"Mount",-0.251,0.269,-0.344,-0.132,-0.223,0.000,54,E,0,,,,431098,332.30,0
1740,4128.579,"Mount",0.029,-0.043,0.045,0.026,0.000,0.000,0,,0,,,,422219,325.82,0
1741,4130.823,"Mount",-0.194,-0.017,-0.167,0.101,-0.105,0.000,25,E,0,,,,441142,298.25,0
1742,4133.239,"Mount",0.308,-0.239,0.382,0.080,0.233,0.000,56,W,0,,,,412288,298.90,0
1743,4135.527,"Mount",0.323,-0.141,0.352,-0.015,0.238,0.000,58,W,0,,,,429935,326.30,0
1744,4137.959,"Mount",0.346,-0.236,0.414,0.061,0.278,0.000,67,W,0,,,,429830,303.22,0
1745,4140.240,"Mount",0.291,-0.230,0.362,0.079,0.248,0.000,60,W,0,,,,436795,306.37,0
1746,4142.647,"Mount",-0.278,-0.048,-0.229,0.165,-0.127,0.000,31,E,0,,,,396181,291.71,0
1747,4144.831,"Mount",-0.131,-0.047,-0.097,0.100,0.000,0.000,0,,0,,,,416131,298.87,0
1748,4147.301,"Mount",-0.444,0.158,-0.468,0.052,-0.295,0.000,71,E,0,,,,420504,275.32,0
1749,4149.481,"Mount",-0.058,0.013,-0.057,0.014,0.000,0.000,0,,0,,,,423975,322.44,0
1750,4151.817,"Mount",0.063,0.146,-0.008,-0.159,0.000,0.000,0,,0,,,,448750,344.34,0
1751,4154.048,"Mount",0.236,-0.060,0.238,-0.049,0.150,0.000,36,W,0,,,,423922,299.88,0
1752,4156.385,"Mount",-0.058,-0.074,-0.020,0.092,0.000,0.000,0,,0,,,,434277,353.04,0
1753,4158.748,"Mount",0.123,-0.376,0.275,0.284,0.173,0.284,42,W,60,S,,,427415,296.87,0
1754,4161.199,"Mount",0.455,-0.156,0.477,-0.060,0.313,0.000,76,W,0,,,,394473,301.23,0
1755,4163.495,"Mount",0.399,-0.236,0.462,0.037,0.313,0.000,76,W,0,,,,424527,302.70,0
1756,4165.911,"Mount",0.215,-0.004,0.195,-0.090,0.145,0.000,35,W,0,,,,418860,328.56,0
1757,4168.108,"Mount",0.115,0.012,0.098,-0.061,0.000,0.000,0,,0,,,,418850,345.61,0
1758,4170.442,"Mount",-0.006,-0.084,0.032,0.078,0.000,0.000,0,,0,,,,430434,343.19,0
1759,4172.672,"Mount",0.167,-0.109,0.198,0.024,0.125,0.000,30,W,0,,,,444167,309.76,0
1760,4175.026,"Mount",-0.144,-0.151,-0.063,0.199,0.000,0.000,0,,0,,,,429406,297.03,0
1761,4177.241,"Mount",0.161,0.032,0.131,-0.100,0.082,0.000,20,W,0,,,,448516,343.20,0
1762,4179.655,"Mount",0.156,-0.056,0.164,-0.018,0.109,0.000,26,W,0,,,,429072,333.52,0
1763,4181.919,"Mount",0.248,-0.233,0.325,0.100,0.212,0.000,51,W,0,,,,433272,301.70,0
1764,4184.367,"Mount",0.291,-0.346,0.414,0.183,0.276,0.000,67,W,0,,,,420281,322.04,0
1765,4186.567,"Mount",-0.048,-0.032,-0.029,0.050,0.000,0.000,0,,0,,,,441525,328.86,0
1766,4189.112,"Mount",-0.263,0.016,-0.243,0.101,-0.153,0.000,37,E,0,,,,418811,334.03,0
1767,4191.351,"Mount",-0.161,0.034,-0.159,0.040,-0.111,0.000,27,E,0,,,,426631,346.77,0
1768,4193.855,"Mount",0.139,-0.350,0.279,0.253,0.168,0.253,41,W,53,S,,,452751,340.56,0
1769,4196.095,"Mount",0.071,-0.221,0.161,0.167,0.113,0.000,27,W,0,,,,440617,311.77,0
1770,4198.527,"Mount",-0.115,-0.192,-0.019,0.223,0.000,0.223,0,,47,S,,,423577,336.91,0
1771,4200.706,"Mount",-0.020,-0.067,0.012,0.069,0.000,0.000,0,,0,,,,427192,346.23,0
1772,4203.143,"Mount",0.442,-0.259,0.511,0.039,0.322,0.000,78,W,0,,,,422822,282.50,0
1773,4205.341,"Mount",-0.124,-0.129,-0.055,0.170,0.000,0.000,0,,0,,,,440596,349.38,0
1774,4207.872,"Mount",-0.379,-0.070,-0.310,0.229,-0.195,0.229,47,E,48,S,,,422024,297.38,0
1775,4210.151,"Mount",-0.447,0.087,-0.440,0.118,-0.291,0.000,70,E,0,,,,453217,319.14,0
1776,4212.567,"Mount",0.204,-0.047,0.204,-0.047,0.108,0.000,26,W,0,,,,430688,338.26,0
1777,4214.868,"Mount",-0.447,0.347,-0.554,-0.116,-0.341,0.000,82,E,0,,,,437263,332.68,0
1778,4217.271,"Mount",0.130,-0.074,0.149,0.009,0.070,0.000,17,W,0,,,,449418,319.56,0
1779,4219.584,"Mount",-0.561,0.144,-0.567,0.117,-0.352,0.000,85,E,0,,,,429355,326.51,0
1780,4221.991,"Mount",0.232,-0.147,0.273,0.030,0.148,0.000,36,W,0,,,,413986,333.48,0
1781,4224.231,"Mount",0.207,0.021,0.177,-0.110,0.122,0.000,29,W,0,,,,421922,343.22,0
1782,4226.687,"Mount",0.488,-0.315,0.577,0.069,0.372,0.000,90,W,0,,,,443085,331.19,0
1783,4228.911,"Mount",-0.123,0.050,-0.133,0.009,-0.058,0.000,14,E,0,,,,422042,320.56,0
1784,4231.351,"Mount",-0.374,0.229,-0.436,-0.042,-0.279,0.000,67,E,0,,,,419190,327.36,0
1785,4233.807,"Mount",-0.763,-0.399,-0.511,0.694,-0.341,0.694,82,E,146,S,,,445028,322.01,0
1786,4236.343,"Mount",-0.321,-0.268,-0.171,0.382,-0.131,0.382,32,E,80,S,,,433692,325.07,0
1787,4238.575,"Mount",-0.186,0.001,-0.168,0.081,-0.115,0.000,28,E,0,,,,408253,323.67,0
1788,4241.031,"Mount",0.145,-0.066,0.159,-0.004,0.092,0.000,22,W,0,,,,425508,313.85,0
1789,4243.188,"Mount",0.148,0.012,0.128,-0.075,0.000,0.000,0,,0,,,,449507,329.97,0
1790,4245.647,"Mount",-0.329,0.205,-0.386,-0.039,-0.243,0.000,59,E,0,,,,438817,335.64,0
1791,4247.897,"Mount",-0.234,-0.009,-0.206,0.111,-0.147,0.000,35,E,0,,,,435074,307.76,0
1792,4250.319,"Mount",-0.277,0.285,-0.374,-0.134,-0.246,0.000,59,E,0,,,,419825,314.89,0
1793,4252.591,"Mount",-0.336,0.172,-0.377,-0.007,-0.255,0.000,62,E,0,,,,419537,311.65,0
1794,4255.007,"Mount",-0.212,0.224,-0.288,-0.108,-0.199,0.000,48,E,0,,,,446704,326.86,0
1795,4257.263,"Mount",-0.190,0.053,-0.195,0.036,-0.137,0.000,33,E,0,,,,420122,325.63,0
1796,4259.607,"Mount",0.019,0.014,0.011,-0.021,0.000,0.000,0,,0,,,,417402,316.02,0
1797,4261.919,"Mount",-0.205,0.107,-0.231,-0.006,-0.146,0.000,35,E,0,,,,439866,320.54,0
1798,4264.327,"Mount",-0.276,-0.071,-0.217,0.185,-0.147,0.000,35,E,0,,,,410607,323.12,0
1799,4266.567,"Mount",-0.208,0.026,-0.199,0.068,-0.135,0.000,33,E,0,,,,409924,315.56,0
1800,4269.024,"Mount",0.129,-0.205,0.206,0.127,0.120,0.000,29,W,0,,,,413318,299.49,0
1801,4271.189,"Mount",0.019,0.021,0.007,-0.027,0.000,0.000,0,,0,,,,404822,303.87,0
1802,4273.601,"Mount",-0.144,0.174,-0.205,-0.093,-0.129,0.000,31,E,0,,,,423881,289.60,0
1803,4275.880,"Mount",-0.365,0.136,-0.387,0.038,-0.253,0.000,61,E,0,,,,448469,347.55,0
1804,4278.226,"Mount",-0.147,-0.147,-0.068,0.196,0.000,0.000,0,,0,,,,409502,301.48,0
1805,4280.463,"Mount",-0.225,-0.048,-0.181,0.142,-0.114,0.000,28,E,0,,,,435626,317.86,0
1806,4282.991,"Mount",0.253,-0.379,0.393,0.230,0.240,0.230,58,W,48,S,,,439679,315.62,0
1807,4285.232,"Mount",0.191,-0.082,0.208,-0.010,0.148,0.000,36,W,0,,,,450084,323.79,0
1808,4287.580,"Mount",-0.005,-0.051,0.018,0.048,0.000,0.000,0,,0,,,,410548,318.06,0
1809,4289.807,"Mount",0.091,-0.265,0.198,0.198,0.125,0.000,30,W,0,,,,426097,326.46,0
1810,4292.272,"Mount",-0.351,0.022,-0.325,0.134,-0.196,0.000,47,E,0,,,,426120,301.98,0
1811,4294.543,"Mount",-0.392,0.148,-0.417,0.039,-0.277,0.000,67,E,0,,,,432687,327.73,0
1812,4297.016,"Mount",-0.466,0.085,-0.456,0.128,-0.307,0.000,74,E,0,,,,430201,302.04,0
1813,4299.304,"Mount",-0.387,0.085,-0.385,0.093,-0.264,0.000,64,E,0,,,,421372,317.14,0
1814,4301.727,"Mount",-0.291,-0.076,-0.228,0.195,-0.162,0.000,39,E,0,,,,402250,305.80,0
1815,4303.889,"Mount",-0.059,0.062,-0.080,-0.030,0.000,0.000,0,,0,,,,406709,297.67,0
1816,4306.223,"Mount",0.136,0.030,0.109,-0.086,0.000,0.000,0,,0,,,,422534,327.61,0
1817,4308.472,"Mount",0.257,-0.238,0.336,0.101,0.211,0.000,51,W,0,,,,421724,338.25,0
1818,4311.055,"Mount",0.116,-0.543,0.343,0.437,0.231,0.437,56,W,92,S,,,422661,338.96,0
1819,4313.503,"Mount",0.247,-0.393,0.395,0.245,0.265,0.245,64,W,51,S,,,434857,313.65,0
1820,4315.983,"Mount",-0.283,-0.093,-0.214,0.208,-0.116,0.208,28,E,44,S,,,405896,308.61,0
1821,4318.158,"Mount",0.022,-0.070,0.050,0.053,0.000,0.000,0,,0,,,,411795,323.83,0
1822,4320.552,"Mount",-0.087,0.164,-0.150,-0.109,-0.094,0.000,23,E,0,,,,438260,332.24,0
1823,4322.791,"Mount",0.239,-0.090,0.254,-0.024,0.154,0.000,37,W,0,,,,439601,324.16,0
1824,4325.142,"Mount",-0.020,-0.038,-0.002,0.043,0.000,0.000,0,,0,,,,413647,291.40,0
1825,4327.400,"Mount",-0.355,-0.004,-0.317,0.159,-0.200,0.000,48,E,0,,,,432315,322.86,0
1826,4329.740,"Mount",0.057,-0.075,0.084,0.042,0.000,0.000,0,,0,,,,431740,336.42,0
1827,4331.994,"Mount",0.291,0.019,0.253,-0.145,0.159,0.000,38,W,0,,,,425321,335.08,0
1828,4334.415,"Mount",0.317,-0.120,0.337,-0.031,0.224,0.000,54,W,0,,,,422516,278.71,0
1829,4336.638,"Mount",-0.009,0.013,-0.014,-0.008,0.000,0.000,0,,0,,,,405733,320.43,0
1830,4338.978,"Mount",0.005,0.002,0.003,-0.004,0.000,0.000,0,,0,,,,424906,349.08,0
1831,4341.193,"Mount",-0.217,0.022,-0.204,0.075,-0.129,0.000,31,E,0,,,,417893,327.07,0
1832,4343.616,"Mount",0.220,-0.285,0.322,0.160,0.194,0.000,47,W,0,,,,436530,345.22,0
1833,4345.879,"Mount",-0.041,-0.291,0.091,0.280,0.000,0.280,0,,59,S,,,398216,291.53,0
1834,4348.217,"Mount",-0.168,-0.075,-0.118,0.141,0.000,0.000,0,,0,,,,432002,316.62,0
1835,4350.393,"Mount",-0.086,-0.071,-0.046,0.102,0.000,0.000,0,,0,,,,429312,326.38,0
1836,4352.847,"Mount",0.505,-0.060,0.480,-0.168,0.302,0.000,73,W,0,,,,458864,342.11,0
1837,4355.028,"Mount",-0.086,-0.060,-0.051,0.092,0.000,0.000,0,,0,,,,419771,308.85,0
1838,4357.423,"Mount",-0.162,-0.027,-0.134,0.095,-0.084,0.000,20,E,0,,,,425400,302.96,0
1839,4359.775,"Mount",-0.401,-0.137,-0.300,0.299,-0.195,0.299,47,E,63,S,,,433634,340.71,0
1840,4362.139,"Mount",-0.031,-0.043,-0.009,0.052,0.000,0.000,0,,0,,,,390027,275.36,0
1841,4364.391,"Mount",-0.262,0.155,-0.303,-0.024,-0.191,0.000,46,E,0,,,,445760,322.38,0
1842,4366.761,"Mount",-0.005,0.119,-0.057,-0.105,0.000,0.000,0,,0,,,,427755,315.34,0
1843,4369.135,"Mount",-0.390,-0.043,-0.331,0.210,-0.209,0.210,50,E,44,S,,,450667,314.62,0
1844,4371.527,"Mount",0.191,0.040,0.154,-0.120,0.083,0.000,20,W,0,,,,420450,297.24,0
1845,4373.686,"Mount",-0.080,-0.032,-0.057,0.064,0.000,0.000,0,,0,,,,401589,298.91,0
1846,4376.160,"Mount",0.544,-0.135,0.548,-0.118,0.345,0.000,83,W,0,,,,412073,290.80,0
1847,4378.384,"Mount",0.190,-0.113,0.221,0.018,0.163,0.000,39,W,0,,,,465435,340.54,0
1848,4380.791,"Mount",0.254,0.057,0.203,-0.163,0.139,0.000,34,W,0,,,,431404,335.83,0
1849,4383.056,"Mount",-0.384,0.266,-0.462,-0.071,-0.282,0.000,68,E,0,,,,435415,313.22,0
1850,4385.495,"Mount",-0.162,0.355,-0.301,-0.248,-0.209,0.000,51,E,0,,,,448901,322.47,0
1851,4387.864,"Mount",-0.662,0.595,-0.856,-0.244,-0.554,0.000,134,E,0,,,,416188,314.45,0
1852,4390.202,"Mount",0.008,-0.018,0.015,0.013,0.000,0.000,0,,0,,,,451831,328.93,0
1853,4392.439,"Mount",-0.339,0.037,-0.321,0.116,-0.202,0.000,49,E,0,,,,441397,295.25,0
1854,4394.839,"Mount",-0.233,-0.087,-0.172,0.181,-0.122,0.000,30,E,0,,,,442105,320.40,0
1855,4397.018,"Mount",-0.056,-0.062,-0.023,0.080,0.000,0.000,0,,0,,,,439538,334.26,0
1856,4399.487,"Mount",0.601,-0.132,0.597,-0.145,0.376,0.000,91,W,0,,,,446358,322.82,0
1857,4401.660,"Mount",0.181,0.084,0.126,-0.155,0.000,0.000,0,,0,,,,436277,335.38,0
1858,4403.989,"Mount",0.060,0.087,0.016,-0.105,0.000,0.000,0,,0,,,,418451,342.67,0
1859,4406.279,"Mount",-0.465,0.163,-0.489,0.058,-0.308,0.000,74,E,0,,,,416461,296.65,0
1860,4408.649,"Mount",-0.097,0.067,-0.116,-0.018,0.000,0.000,0,,0,,,,419100,307.31,0
1861,4410.887,"Mount",-0.262,0.155,-0.304,-0.024,-0.191,0.000,46,E,0,,,,431861,299.19,0
1862,4413.232,"Mount",0.038,0.084,-0.003,-0.092,0.000,0.000,0,,0,,,,439576,335.63,0
1863,4415.520,"Mount",-0.375,0.375,-0.502,-0.172,-0.316,0.000,76,E,0,,,,404139,312.59,0
1864,4417.928,"Mount",0.083,-0.174,0.151,0.120,0.073,0.000,18,W,0,,,,454508,312.49,0
1865,4420.106,"Mount",0.061,-0.160,0.125,0.117,0.000,0.000,0,,0,,,,437449,312.66,0
1866,4422.551,"Mount",0.445,0.071,0.368,-0.259,0.232,0.000,56,W,0,,,,450751,348.90,0
1867,4424.729,"Mount",0.087,0.143,0.015,-0.167,0.000,0.000,0,,0,,,,424763,322.75,0
1868,4427.111,"Mount",0.007,0.078,-0.028,-0.074,0.000,0.000,0,,0,,,,405760,290.66,0
1869,4429.383,"Mount",-0.382,0.062,-0.371,0.112,-0.233,0.000,56,E,0,,,,439291,328.21,0
1870,4431.720,"Mount",-0.051,0.045,-0.066,-0.018,0.000,0.000,0,,0,,,,424423,314.43,0
1871,4433.868,"Mount",0.100,0.034,0.076,-0.074,0.000,0.000,0,,0,,,,461605,345.52,0
1872,4436.298,"Mount",0.194,-0.251,0.284,0.140,0.179,0.000,43,W,0,,,,428172,356.24,0
1873,4438.479,"Mount",0.035,-0.076,0.065,0.053,0.000,0.000,0,,0,,,,439543,305.76,0
1874,4440.820,"Mount",-0.095,-0.076,-0.052,0.110,0.000,0.000,0,,0,,,,404840,304.69,0
1875,4442.996,"Mount",-0.160,-0.120,-0.091,0.178,0.000,0.000,0,,0,,,,432215,309.33,0
1876,4445.347,"Mount",0.021,-0.079,0.054,0.061,0.000,0.000,0,,0,,,,432347,339.76,0
1877,4447.687,"Mount",-0.317,-0.109,-0.237,0.237,-0.149,0.237,36,E,50,S,,,453165,303.09,0
1878,4450.033,"Mount",-0.008,-0.073,0.025,0.069,0.000,0.000,0,,0,,,,440757,332.50,0
1879,4452.304,"Mount",-0.160,0.158,-0.213,-0.072,-0.134,0.000,32,E,0,,,,427611,311.06,0
1880,4454.641,"Mount",0.240,0.210,0.124,-0.294,0.000,0.000,0,,0,,,,442084,337.55,0
1881,4456.895,"Mount",0.186,-0.147,0.231,0.050,0.146,0.000,35,W,0,,,,415996,329.87,0
1882,4459.295,"Mount",0.137,-0.059,0.149,-0.008,0.104,0.000,25,W,0,,,,427378,311.34,0
1883,4461.576,"Mount",0.500,-0.176,0.527,-0.061,0.339,0.000,82,W,0,,,,419054,324.76,0
1884,4463.907,"Mount",0.057,-0.060,0.077,0.029,0.000,0.000,0,,0,,,,421193,297.08,0
1885,4466.077,"Mount",0.066,-0.116,0.110,0.075,0.000,0.000,0,,0,,,,401658,292.95,0
1886,4468.430,"Mount",0.013,-0.149,0.077,0.128,0.000,0.000,0,,0,,,,397966,316.34,0
1887,4470.595,"Mount",0.060,0.118,0.002,-0.133,0.000,0.000,0,,0,,,,404923,319.56,0
1888,4473.008,"Mount",-0.274,0.074,-0.279,0.053,-0.175,0.000,42,E,0,,,,434350,323.06,0
1889,4475.247,"Mount",-0.160,0.013,-0.150,0.059,-0.107,0.000,26,E,0,,,,432537,332.34,0
1890,4477.751,"Mount",0.036,-0.289,0.159,0.244,0.093,0.244,22,W,51,S,,,449131,323.05,0
1891,4479.928,"Mount",-0.013,-0.054,0.012,0.054,0.000,0.000,0,,0,,,,414481,292.56,0
1892,4482.399,"Mount",0.208,-0.144,0.250,0.038,0.158,0.000,38,W,0,,,,430082,301.93,0
1893,4484.640,"Mount",0.259,-0.192,0.317,0.059,0.211,0.000,51,W,0,,,,422893,306.85,0
1894,4487.056,"Mount",-0.261,0.048,-0.255,0.071,-0.146,0.000,35,E,0,,,,423192,329.79,0
1895,4489.365,"Mount",0.101,0.248,-0.018,-0.267,0.000,0.000,0,,0,,,,427929,346.82,0
1896,4491.776,"Mount",-0.187,0.286,-0.293,-0.175,-0.185,0.000,45,E,0,,,,427539,331.48,0
1897,4493.940,"Mount",-0.041,-0.111,0.012,0.117,0.000,0.000,0,,0,,,,450245,327.45,0
1898,4496.264,"Mount",-0.037,-0.006,-0.030,0.021,0.000,0.000,0,,0,,,,421683,319.71,0
1899,4498.434,"Mount",-0.022,-0.066,0.009,0.069,0.000,0.000,0,,0,,,,425123,354.63,0
1900,4500.769,"Mount",-0.031,0.023,-0.038,-0.007,0.000,0.000,0,,0,,,,397101,328.23,0
1901,4502.940,"Mount",-0.085,-0.050,-0.055,0.083,0.000,0.000,0,,0,,,,440449,358.38,0
1902,4505.351,"Mount",0.188,-0.110,0.217,0.017,0.137,0.000,33,W,0,,,,447494,309.65,0
1903,4507.550,"Mount",-0.043,-0.136,0.021,0.141,0.000,0.000,0,,0,,,,426726,311.46,0
1904,4510.063,"Mount",-0.547,0.197,-0.577,0.063,-0.364,0.000,88,E,0,,,,426066,309.47,0
1905,4512.360,"Mount",-0.371,-0.003,-0.332,0.165,-0.235,0.000,57,E,0,,,,445583,320.52,0
1906,4514.872,"Mount",-0.355,-0.068,-0.289,0.217,-0.199,0.217,48,E,46,S,,,445497,343.61,0
1907,4517.135,"Mount",-0.276,0.140,-0.310,-0.005,-0.209,0.000,50,E,0,,,,426777,305.88,0
1908,4519.472,"Mount",-0.058,-0.045,-0.032,0.065,0.000,0.000,0,,0,,,,421912,330.89,0
1909,4521.760,"Mount",0.212,-0.138,0.251,0.031,0.158,0.000,38,W,0,,,,415647,315.84,0
1910,4524.178,"Mount",0.246,-0.004,0.223,-0.104,0.151,0.000,37,W,0,,,,432067,333.18,0
1911,4526.527,"Mount",0.284,-0.368,0.417,0.206,0.273,0.206,66,W,43,S,,,419969,305.30,0
1912,4528.951,"Mount",-0.257,0.255,-0.343,-0.117,-0.197,0.000,48,E,0,,,,432923,308.57,0
1913,4531.216,"Mount",-0.247,0.384,-0.391,-0.236,-0.260,0.000,63,E,0,,,,426993,329.07,0
1914,4533.704,"Mount",-0.642,0.460,-0.779,-0.131,-0.509,0.000,123,E,0,,,,422852,301.37,0
1915,4536.008,"Mount",-0.478,0.301,-0.561,-0.061,-0.389,0.000,94,E,0,,,,451682,311.18,0
1916,4538.416,"Mount",-0.299,-0.021,-0.259,0.150,-0.191,0.000,46,E,0,,,,402390,303.32,0
1917,4540.784,"Mount",-0.529,0.091,-0.516,0.150,-0.338,0.000,82,E,0,,,,414676,314.15,0
1918,4543.191,"Mount",-0.170,0.237,-0.257,-0.138,-0.185,0.000,45,E,0,,,,428027,321.11,0
1919,4545.384,"Mount",0.188,0.151,0.103,-0.219,0.000,0.000,0,,0,,,,438439,326.63,0
1920,4547.724,"Mount",0.173,0.104,0.110,-0.170,0.000,0.000,0,,0,,,,436465,346.71,0
1921,4549.887,"Mount",0.016,0.135,-0.045,-0.128,0.000,0.000,0,,0,,,,421962,335.95,0
1922,4552.376,"Mount",-0.429,0.360,-0.543,-0.135,-0.342,0.000,83,E,0,,,,417364,280.19,0
1923,4554.632,"Mount",-0.181,0.445,-0.358,-0.320,-0.249,0.000,60,E,0,,,,413360,296.52,0
1924,4557.088,"Mount",-0.285,0.190,-0.339,-0.046,-0.231,0.000,56,E,0,,,,428950,295.48,0
1925,4559.359,"Mount",-0.209,0.157,-0.256,-0.049,-0.178,0.000,43,E,0,,,,437166,328.79,0
1926,4561.805,"Mount",0.015,-0.054,0.037,0.042,0.000,0.000,0,,0,,,,455525,330.23,0
1927,4563.964,"Mount",0.162,0.107,0.099,-0.167,0.000,0.000,0,,0,,,,432778,317.87,0
1928,4566.360,"Mount",-0.216,-0.078,-0.159,0.165,-0.100,0.000,24,E,0,,,,396095,305.62,0
1929,4568.600,"Mount",0.095,-0.200,0.173,0.138,0.102,0.000,25,W,0,,,,444712,331.74,0
1930,4571.024,"Mount",-0.294,0.144,-0.328,-0.000,-0.199,0.000,48,E,0,,,,425255,342.45,0
1931,4573.173,"Mount",0.102,0.062,0.064,-0.101,0.000,0.000,0,,0,,,,433972,315.54,0
1932,4575.600,"Mount",-0.139,0.332,-0.270,-0.238,-0.170,0.000,41,E,0,,,,441376,326.94,0
1933,4577.840,"Mount",-0.195,-0.047,-0.155,0.128,-0.109,0.000,26,E,0,,,,417482,304.39,0
1934,4580.248,"Mount",-0.299,-0.024,-0.258,0.153,-0.170,0.000,41,E,0,,,,438737,313.34,0
1935,4582.504,"Mount",0.191,-0.027,0.184,-0.060,0.104,0.000,25,W,0,,,,432669,322.91,0
1936,4584.851,"Mount",-0.017,-0.090,0.025,0.088,0.000,0.000,0,,0,,,,411153,308.16,0
1937,4587.128,"Mount",0.428,-0.234,0.487,0.022,0.307,0.000,74,W,0,,,,455237,330.51,0
1938,4589.552,"Mount",0.226,-0.261,0.318,0.135,0.222,0.000,54,W,0,,,,437606,317.20,0
1939,4591.742,"Mount",-0.118,-0.134,-0.047,0.172,0.000,0.000,0,,0,,,,437200,316.08,0
1940,4594.247,"Mount",-0.430,-0.038,-0.370,0.223,-0.233,0.223,56,E,47,S,,,434952,320.60,0
1941,4596.512,"Mount",-0.434,0.015,-0.397,0.177,-0.266,0.000,64,E,0,,,,426425,303.94,0
1942,4598.860,"Mount",0.109,0.242,-0.008,-0.265,0.000,0.000,0,,0,,,,434020,312.75,0
1943,4601.017,"Mount",-0.100,-0.089,-0.050,0.124,0.000,0.000,0,,0,,,,390145,303.84,0
1944,4603.472,"Mount",-0.442,0.075,-0.430,0.126,-0.271,0.000,65,E,0,,,,413944,306.16,0
1945,4605.654,"Mount",-0.025,-0.057,0.003,0.062,0.000,0.000,0,,0,,,,413686,291.74,0
1946,4608.056,"Mount",0.195,-0.123,0.230,0.025,0.145,0.000,35,W,0,,,,420700,305.94,0
1947,4610.320,"Mount",0.328,-0.139,0.356,-0.019,0.235,0.000,57,W,0,,,,429675,331.71,0
1948,4612.690,"Mount",-0.010,-0.102,0.036,0.096,0.000,0.000,0,,0,,,,458747,367.29,0
1949,4614.870,"Mount",0.042,0.001,0.037,-0.019,0.000,0.000,0,,0,,,,435008,326.34,0
1950,4617.210,"Mount",-0.035,0.103,-0.077,-0.077,0.000,0.000,0,,0,,,,422207,347.41,0
1951,4619.488,"Mount",-0.291,0.279,-0.384,-0.123,-0.242,0.000,58,E,0,,,,449309,361.75,0
1952,4621.912,"Mount",-0.164,0.091,-0.188,-0.009,-0.135,0.000,33,E,0,,,,418523,301.09,0
1953,4624.075,"Mount",-0.104,0.027,-0.105,0.022,0.000,0.000,0,,0,,,,405226,289.45,0
1954,4626.488,"Mount",-0.155,0.146,-0.204,-0.063,-0.128,0.000,31,E,0,,,,425458,309.91,0
1955,4628.653,"Mount",-0.084,0.021,-0.085,0.018,0.000,0.000,0,,0,,,,421993,303.83,0
1956,4631.056,"Mount",0.384,0.201,0.257,-0.349,0.162,0.000,39,W,0,,,,422514,345.49,0
1957,4633.298,"Mount",0.200,-0.203,0.269,0.095,0.181,0.000,44,W,0,,,,431289,316.70,0
1958,4635.644,"Mount",-0.055,-0.022,-0.040,0.044,0.000,0.000,0,,0,,,,418929,312.59,0
1959,4637.936,"Mount",-0.518,0.053,-0.489,0.180,-0.308,0.000,74,E,0,,,,423157,328.05,0
1960,4640.383,"Mount",-0.227,-0.335,-0.057,0.401,0.000,0.401,0,,84,S,,,419742,335.91,0
1961,4642.680,"Mount",-0.245,-0.216,-0.126,0.302,0.000,0.302,0,,63,S,,,440282,342.63,0
1962,4645.136,"Mount",0.484,0.120,0.382,-0.320,0.241,0.000,58,W,0,,,,428537,347.14,0
1963,4648.607,"Mount",-0.054,0.803,-0.401,-0.698,-0.236,-0.698,57,E,1160,N,,,426660,335.00,0
1964,4651.096,"Mount",-0.555,0.415,-0.680,-0.129,-0.445,0.000,108,E,0,,,,425555,310.90,0
1965,4653.266,"Mount",-0.094,0.081,-0.120,-0.031,0.000,0.000,0,,0,,,,449520,317.64,0
1966,4655.799,"Mount",0.471,0.161,0.352,-0.351,0.222,-0.351,54,W,74,N,,,435297,327.17,0
1967,4658.168,"Mount",0.357,0.314,0.183,-0.439,0.131,-0.439,32,W,92,N,,,415610,332.56,0
1968,4660.609,"Mount",-0.330,0.146,-0.361,0.014,-0.218,0.000,53,E,0,,,,439915,314.80,0
1969,4662.896,"Mount",0.184,0.355,0.010,-0.399,0.000,-0.399,0,,84,N,,,436718,322.23,0
1970,4665.376,"Mount",-0.419,0.316,-0.515,-0.100,-0.324,0.000,78,E,0,,,,414136,339.57,0
1971,4667.582,"Mount",-0.090,-0.004,-0.079,0.043,0.000,0.000,0,,0,,,,407895,308.68,0
1972,4670.112,"Mount",-0.414,0.448,-0.569,-0.221,-0.358,-0.221,87,E,46,N,,,410153,324.54,0
1973,4672.504,"Mount",0.376,0.222,0.240,-0.365,0.126,-0.365,31,W,77,N,,,424157,333.79,0
1974,4674.968,"Mount",0.438,-0.243,0.500,0.026,0.324,0.000,78,W,0,,,,433615,335.95,0
1975,4677.264,"Mount",0.483,-0.131,0.492,-0.094,0.332,0.000,80,W,0,,,,427791,307.52,0
1976,4679.704,"Mount",-0.258,0.273,-0.351,-0.132,-0.198,0.000,48,E,0,,,,416485,312.12,0
1977,4682.016,"Mount",0.252,0.385,0.058,-0.457,0.000,-0.457,0,,96,N,,,428437,308.90,0
1978,4684.457,"Mount",-0.414,0.020,-0.380,0.164,-0.240,0.000,58,E,0,,,,415617,270.84,0
1979,4686.736,"Mount",-0.475,-0.027,-0.415,0.233,-0.278,0.000,67,E,0,,,,407174,318.02,0
1980,4689.096,"Mount",-0.170,-0.177,-0.075,0.234,0.000,0.000,0,,0,,,,415499,296.66,0
1981,4691.344,"Mount",-0.290,-0.113,-0.211,0.229,-0.133,0.000,32,E,0,,,,403119,313.14,0
1982,4693.734,"Mount",-0.063,0.104,-0.102,-0.066,0.000,0.000,0,,0,,,,411463,338.62,0
1983,4695.954,"Mount",-0.030,0.025,-0.038,-0.009,0.000,0.000,0,,0,,,,418303,324.00,0
1984,4698.416,"Mount",-0.520,-0.071,-0.436,0.292,-0.275,0.000,66,E,0,,,,423223,310.85,0
1985,4700.618,"Mount",0.112,-0.030,0.114,-0.022,0.000,0.000,0,,0,,,,419458,328.76,0
INFO: SET LOCK POSITION, new lock pos = 631.299, 893.547
INFO: DITHER by -0.379, -2.647, new lock pos = 632.120, 896.092
INFO: SETTLING STATE CHANGE, Settling started
1986,4704.351,"Mount",-0.367,-0.063,-0.302,0.218,-0.190,0.218,46,E,1116,S,,,409614,292.20,0
1987,4707.592,"Mount",-0.821,-2.545,0.379,2.647,0.379,2.647,92,W,556,S,,,399465,311.54,0
1988,4710.576,"Mount",-1.415,-1.938,-0.421,2.362,-0.265,2.362,64,E,496,S,,,405454,322.47,0
1989,4713.175,"Mount",-0.872,-1.128,-0.288,1.397,-0.200,1.397,48,E,293,S,,,393224,278.18,0
1990,4716.936,"Mount",0.275,1.115,-0.242,-1.122,-0.167,-1.122,40,E,1306,N,,,394710,312.28,0
1991,4719.311,"Mount",0.407,0.598,0.104,-0.716,0.000,-0.716,0,,150,N,,,388499,296.40,0
1992,4721.767,"Mount",0.135,0.429,-0.067,-0.444,0.000,-0.444,0,,93,N,,,411082,281.12,0
1993,4724.112,"Mount",0.404,0.300,0.232,-0.446,0.146,-0.446,35,W,94,N,,,386473,315.88,0
1994,4726.568,"Mount",-0.490,0.200,-0.528,0.036,-0.322,0.000,78,E,0,,,,382640,293.60,0
1995,4728.951,"Mount",0.013,0.468,-0.194,-0.426,-0.145,-0.426,35,E,89,N,,,381966,312.09,0
INFO: SETTLING STATE CHANGE, Settling complete
1996,4731.480,"Mount",-0.288,0.398,-0.434,-0.231,-0.283,-0.231,68,E,49,N,,,359658,264.04,0
1997,4733.855,"Mount",0.251,0.361,0.067,-0.435,0.000,-0.435,0,,91,N,,,384277,299.80,0
1998,4736.273,"Mount",0.247,-0.213,0.315,0.083,0.199,0.000,48,W,0,,,,374414,305.25,0
1999,4738.536,"Mount",0.167,-0.428,0.338,0.311,0.227,0.000,55,W,0,,,,382398,315.22,0
2000,4740.952,"Mount",0.261,-0.189,0.317,0.055,0.216,0.000,52,W,0,,,,379129,280.36,0
2001,4743.208,"Mount",-0.346,0.090,-0.351,0.071,-0.206,0.000,50,E,0,,,,370667,310.62,0
2002,4745.546,"Mount",-0.209,-0.245,-0.080,0.311,0.000,0.000,0,,0,,,,358400,273.23,0
2003,4747.888,"Mount",-0.724,0.128,-0.707,0.203,-0.446,0.000,108,E,0,,,,339259,259.43,0
2004,4750.304,"Mount",0.217,-0.308,0.330,0.182,0.177,0.000,43,W,0,,,,358450,287.67,0
2005,4752.466,"Mount",-0.157,-0.243,-0.034,0.287,0.000,0.000,0,,0,,,,349776,274.75,0
2006,4754.864,"Mount",0.266,0.100,0.195,-0.206,0.123,0.000,30,W,0,,,,351532,265.88,0
2007,4757.042,"Mount",-0.047,-0.380,0.125,0.362,0.000,0.000,0,,0,,,,339282,268.51,0
2008,4759.467,"Mount",0.220,-0.345,0.349,0.214,0.220,0.000,53,W,0,,,,392321,325.74,0
2009,4761.784,"Mount",0.664,-0.358,0.754,0.030,0.490,0.000,118,W,0,,,,356977,299.17,0
2010,4764.176,"Mount",-0.135,0.024,-0.132,0.038,-0.049,0.000,12,E,0,,,,337662,277.85,0
2011,4766.416,"Mount",0.230,-0.187,0.289,0.067,0.179,0.000,43,W,0,,,,360254,270.44,0
2012,4768.872,"Mount",-0.178,0.134,-0.219,-0.042,-0.126,0.000,30,E,0,,,,335508,267.35,0
2013,4771.128,"Mount",-0.365,0.094,-0.370,0.076,-0.242,0.000,58,E,0,,,,363215,295.89,0
2014,4774.743,"Mount",-0.213,-0.388,-0.021,0.442,0.000,0.442,0,,1246,S,,,373507,288.24,0
2015,4777.031,"Mount",-0.136,-0.266,-0.006,0.299,0.000,0.299,0,,63,S,,,365988,291.74,0
2016,4779.456,"Mount",0.138,-0.196,0.210,0.115,0.132,0.000,32,W,0,,,,384099,308.77,0
2017,4781.744,"Mount",0.321,-0.310,0.424,0.138,0.277,0.000,67,W,0,,,,367415,290.80,0
2018,4784.076,"Mount",-0.101,-0.173,-0.014,0.200,0.000,0.000,0,,0,,,,365401,280.15,0
2019,4786.376,"Mount",0.367,-0.314,0.468,0.121,0.295,0.000,71,W,0,,,,375879,277.44,0
2020,4788.920,"Mount",-0.615,0.078,-0.587,0.200,-0.349,0.200,84,E,42,S,,,386252,323.27,0
2021,4791.177,"Mount",-0.301,0.024,-0.281,0.110,-0.201,0.000,49,E,0,,,,409620,324.76,0
2022,4793.664,"Mount",0.579,-0.438,0.713,0.139,0.435,0.000,105,W,0,,,,365995,285.03,0
2023,4795.841,"Mount",-0.001,-0.211,0.092,0.190,0.000,0.000,0,,0,,,,384876,328.08,0
2024,4798.248,"Mount",0.102,-0.254,0.203,0.184,0.128,0.000,31,W,0,,,,370377,274.30,0
2025,4800.480,"Mount",0.080,-0.248,0.180,0.188,0.123,0.000,30,W,0,,,,380215,279.24,0
2026,4802.980,"Mount",0.025,-0.285,0.148,0.245,0.102,0.245,25,W,52,S,,,383607,286.34,0
2027,4805.276,"Mount",0.154,-0.222,0.236,0.132,0.156,0.000,38,W,0,,,,386042,276.34,0
2028,4807.704,"Mount",-0.190,0.139,-0.232,-0.042,-0.135,0.000,33,E,0,,,,384322,309.88,0
2029,4810.010,"Mount",-0.388,0.172,-0.424,0.016,-0.277,0.000,67,E,0,,,,395322,303.44,0
2030,4812.464,"Mount",-0.433,0.118,-0.441,0.084,-0.297,0.000,72,E,0,,,,401185,297.24,0
2031,4814.736,"Mount",-0.407,0.037,-0.382,0.145,-0.262,0.000,63,E,0,,,,388331,302.83,0
2032,4817.207,"Mount",-0.202,-0.334,-0.035,0.388,0.000,0.388,0,,82,S,,,369626,287.53,0
2033,4819.760,"Mount",-0.186,-1.176,0.349,1.139,0.220,1.139,53,W,239,S,,,381450,275.77,0
2034,4822.176,"Mount",0.221,-0.095,0.240,-0.012,0.166,0.000,40,W,0,,,,360451,286.23,0
2035,4824.440,"Mount",0.492,0.086,0.405,-0.293,0.266,0.000,64,W,0,,,,358519,280.81,0
2036,4826.976,"Mount",0.925,-0.187,0.913,-0.238,0.594,0.000,143,W,0,,,,377067,272.65,0
2037,4829.232,"Mount",0.137,-0.024,0.133,-0.038,0.126,0.000,30,W,0,,,,384259,282.66,0
2038,4831.664,"Mount",-0.249,-0.036,-0.208,0.142,-0.122,0.000,30,E,0,,,,408006,294.01,0
2039,4833.888,"Mount",-0.146,0.009,-0.135,0.056,-0.094,0.000,23,E,0,,,,413019,299.28,0
2040,4836.288,"Mount",-0.088,0.161,-0.150,-0.106,-0.101,0.000,24,E,0,,,,412207,298.35,0
2041,4838.576,"Mount",-0.428,0.270,-0.503,-0.055,-0.324,0.000,78,E,0,,,,412930,298.89,0
2042,4840.959,"Mount",0.012,0.103,-0.034,-0.098,0.000,0.000,0,,0,,,,399888,299.93,0
2043,4843.122,"Mount",0.011,0.294,-0.119,-0.269,0.000,0.000,0,,0,,,,415803,318.68,0
2044,4845.544,"Mount",0.328,-0.070,0.326,-0.081,0.205,0.000,50,W,0,,,,437655,326.91,0
2045,4847.730,"Mount",-0.071,0.103,-0.109,-0.061,0.000,0.000,0,,0,,,,410061,303.29,0
2046,4850.159,"Mount",-0.235,-0.206,-0.120,0.288,0.000,0.288,0,,61,S,,,391922,305.15,0
2047,4852.448,"Mount",-0.169,0.175,-0.229,-0.083,-0.144,0.000,35,E,0,,,,434143,302.70,0
2048,4854.936,"Mount",-0.262,-0.150,-0.170,0.250,-0.117,0.250,28,E,52,S,,,409503,336.93,0
2049,4857.216,"Mount",-0.292,0.223,-0.361,-0.072,-0.235,0.000,57,E,0,,,,403063,318.68,0
2050,4859.556,"Mount",0.124,0.205,0.022,-0.238,0.000,0.000,0,,0,,,,421463,316.44,0
2051,4861.843,"Mount",-0.014,0.174,-0.089,-0.150,0.000,0.000,0,,0,,,,411249,306.23,0
2052,4864.224,"Mount",-0.218,-0.115,-0.146,0.199,-0.092,0.000,22,E,0,,,,434383,323.92,0
2053,4866.387,"Mount",-0.043,-0.196,0.047,0.195,0.000,0.000,0,,0,,,,423281,345.75,0
2054,4868.741,"Mount",0.098,0.091,0.049,-0.125,0.000,0.000,0,,0,,,,414877,328.89,0
2055,4870.914,"Mount",0.026,0.060,-0.003,-0.066,0.000,0.000,0,,0,,,,429650,321.70,0
2056,4873.250,"Mount",0.020,0.197,-0.069,-0.186,0.000,0.000,0,,0,,,,409199,291.61,0
2057,4875.520,"Mount",-0.375,0.468,-0.542,-0.256,-0.342,0.000,83,E,0,,,,416133,304.68,0
2058,4877.928,"Mount",-0.074,0.157,-0.135,-0.109,-0.109,0.000,26,E,0,,,,431126,319.34,0
2059,4881.432,"Mount",-0.196,0.366,-0.337,-0.243,-0.220,-0.243,53,E,1204,N,,,426363,342.23,0
2060,4883.840,"Mount",-0.186,0.147,-0.231,-0.050,-0.161,0.000,39,E,0,,,,404483,312.11,0
2061,4886.096,"Mount",0.177,-0.282,0.283,0.176,0.167,0.000,40,W,0,,,,396158,289.34,0
2062,4888.536,"Mount",0.252,-0.235,0.329,0.101,0.219,0.000,53,W,0,,,,421046,322.28,0
2063,4890.722,"Mount",-0.056,-0.170,0.025,0.177,0.000,0.000,0,,0,,,,417556,301.26,0
2064,4893.044,"Mount",0.014,-0.007,0.015,0.000,0.000,0.000,0,,0,,,,407390,340.51,0
2065,4895.225,"Mount",-0.017,-0.082,0.021,0.081,0.000,0.000,0,,0,,,,407130,298.81,0
2066,4897.648,"Mount",-0.161,-0.006,-0.142,0.076,-0.090,0.000,22,E,0,,,,420483,320.74,0
2067,4899.822,"Mount",-0.061,0.096,-0.097,-0.059,0.000,0.000,0,,0,,,,393898,308.38,0
2068,4902.258,"Mount",-0.176,0.229,-0.258,-0.129,-0.163,0.000,39,E,0,,,,410191,323.70,0
2069,4904.424,"Mount",0.033,-0.085,0.067,0.062,0.000,0.000,0,,0,,,,399570,287.15,0
2070,4906.856,"Mount",0.232,-0.044,0.227,-0.063,0.143,0.000,35,W,0,,,,420306,322.00,0
2071,4909.128,"Mount",0.394,-0.183,0.434,-0.009,0.284,0.000,69,W,0,,,,441654,335.80,0
2072,4911.552,"Mount",0.064,-0.557,0.302,0.472,0.210,0.000,51,W,0,,,,409350,325.69,0
2073,4913.716,"Mount",-0.084,-0.215,0.019,0.230,0.000,0.000,0,,0,,,,410242,324.64,0
2074,4916.057,"Mount",0.052,-0.090,0.087,0.058,0.000,0.000,0,,0,,,,421743,340.36,0
2075,4918.229,"Mount",0.054,-0.083,0.085,0.051,0.000,0.000,0,,0,,,,398478,323.46,0
2076,4920.561,"Mount",-0.105,-0.120,-0.042,0.154,0.000,0.000,0,,0,,,,418045,320.73,0
2077,4923.992,"Mount",-0.079,-0.292,0.057,0.297,0.000,0.297,0,,1215,S,,,420335,334.39,0
2078,4926.318,"Mount",0.007,-0.113,0.056,0.099,0.000,0.000,0,,0,,,,428138,323.56,0
2079,4928.494,"Mount",-0.065,0.107,-0.105,-0.068,0.000,0.000,0,,0,,,,404643,299.00,0
2080,4930.833,"Mount",0.021,0.158,-0.050,-0.151,0.000,0.000,0,,0,,,,413655,314.69,0
2081,4932.992,"Mount",-0.123,-0.089,-0.071,0.134,0.000,0.000,0,,0,,,,391407,317.14,0
2082,4935.357,"Mount",-0.042,-0.125,0.017,0.130,0.000,0.000,0,,0,,,,405028,320.52,0
2083,4937.704,"Mount",-0.438,-0.099,-0.350,0.282,-0.221,0.282,53,E,59,S,,,424958,310.08,0
2084,4940.104,"Mount",-0.125,0.144,-0.176,-0.074,-0.126,0.000,30,E,0,,,,426764,304.07,0
2085,4942.480,"Mount",-0.389,-0.069,-0.319,0.233,-0.210,0.233,51,E,49,S,,,423832,333.23,0
2086,4944.888,"Mount",0.119,-0.163,0.179,0.094,0.098,0.000,24,W,0,,,,416646,292.96,0
2087,4947.063,"Mount",-0.007,0.196,-0.093,-0.173,0.000,0.000,0,,0,,,,423432,317.97,0
2088,4949.464,"Mount",-0.098,0.180,-0.167,-0.119,-0.105,0.000,25,E,0,,,,402229,313.71,0
2089,4951.768,"Mount",-0.202,-0.203,-0.093,0.271,0.000,0.271,0,,57,S,,,377904,271.14,0
2090,4954.152,"Mount",0.063,-0.239,0.161,0.187,0.102,0.000,25,W,0,,,,409324,317.06,0
2091,4956.324,"Mount",-0.024,0.039,-0.038,-0.024,0.000,0.000,0,,0,,,,406451,313.27,0
2092,4958.736,"Mount",-0.203,0.216,-0.277,-0.105,-0.175,0.000,42,E,0,,,,399144,306.77,0
2093,4960.976,"Mount",-0.050,0.249,-0.155,-0.202,-0.110,0.000,26,E,0,,,,426634,297.62,0
2094,4963.368,"Mount",-0.135,0.023,-0.132,0.038,-0.091,0.000,22,E,0,,,,416641,329.90,0
2095,4965.624,"Mount",-0.249,0.137,-0.284,-0.013,-0.185,0.000,45,E,0,,,,400812,316.75,0
2096,4967.966,"Mount",0.014,-0.054,0.037,0.042,0.000,0.000,0,,0,,,,420160,338.33,0
2097,4970.224,"Mount",-0.322,0.114,-0.339,0.039,-0.214,0.000,52,E,0,,,,407978,313.31,0
2098,4972.603,"Mount",0.091,0.065,0.054,-0.098,0.000,0.000,0,,0,,,,416658,311.42,0
2099,4974.772,"Mount",0.109,-0.024,0.108,-0.027,0.000,0.000,0,,0,,,,416981,325.35,0
2100,4977.208,"Mount",0.327,-0.221,0.391,0.055,0.246,0.000,59,W,0,,,,397545,301.59,0
2101,4979.432,"Mount",0.151,-0.091,0.175,0.015,0.128,0.000,31,W,0,,,,389881,311.59,0
2102,4981.840,"Mount",0.106,-0.274,0.216,0.200,0.145,0.000,35,W,0,,,,415709,291.33,0
2103,4984.064,"Mount",-0.078,0.144,-0.133,-0.095,-0.074,0.000,18,E,0,,,,455024,327.58,0
2104,4986.464,"Mount",-0.084,0.290,-0.203,-0.224,-0.133,0.000,32,E,0,,,,439239,352.31,0
2105,4988.648,"Mount",-0.004,0.012,-0.009,-0.009,0.000,0.000,0,,0,,,,418143,333.03,0
2106,4990.975,"Mount",0.100,-0.022,0.099,-0.024,0.000,0.000,0,,0,,,,413681,307.81,0
2107,4993.140,"Mount",-0.047,0.051,-0.065,-0.025,0.000,0.000,0,,0,,,,423625,289.83,0
2108,4995.485,"Mount",0.034,-0.050,0.053,0.030,0.000,0.000,0,,0,,,,417318,326.86,0
2109,4997.663,"Mount",-0.118,0.031,-0.119,0.024,0.000,0.000,0,,0,,,,440842,343.86,0
2110,4999.998,"Mount",-0.046,-0.001,-0.040,0.021,0.000,0.000,0,,0,,,,420908,310.89,0
2111,5002.256,"Mount",-0.103,0.190,-0.176,-0.126,-0.111,0.000,27,E,0,,,,442162,326.48,0
2112,5004.688,"Mount",-0.314,0.273,-0.402,-0.108,-0.261,0.000,63,E,0,,,,409633,273.87,0
2113,5007.120,"Mount",-0.473,-0.006,-0.422,0.213,-0.284,0.213,69,E,45,S,,,421078,306.54,0
2114,5009.600,"Mount",-0.554,0.213,-0.591,0.052,-0.392,0.000,95,E,0,,,,427214,344.81,0
2115,5011.904,"Mount",-0.226,0.077,-0.236,0.030,-0.176,0.000,43,E,0,,,,408136,306.24,0
2116,5014.248,"Mount",-0.014,-0.034,0.002,0.037,0.000,0.000,0,,0,,,,388572,298.52,0
2117,5016.472,"Mount",-0.144,0.144,-0.192,-0.066,-0.121,0.000,29,E,0,,,,394263,295.07,0
2118,5018.897,"Mount",0.170,-0.274,0.273,0.172,0.164,0.000,39,W,0,,,,424546,329.51,0
2119,5021.063,"Mount",0.009,-0.149,0.074,0.130,0.000,0.000,0,,0,,,,419357,276.03,0
2120,5023.464,"Mount",0.181,-0.139,0.224,0.046,0.141,0.000,34,W,0,,,,410436,331.80,0
2121,5025.637,"Mount",-0.033,0.007,-0.033,0.008,0.000,0.000,0,,0,,,,421867,308.41,0
2122,5028.040,"Mount",-0.106,0.164,-0.168,-0.101,-0.106,0.000,26,E,0,,,,439501,350.86,0
2123,5030.202,"Mount",0.015,0.208,-0.077,-0.193,0.000,0.000,0,,0,,,,414827,313.89,0
2124,5032.543,"Mount",0.124,0.207,0.021,-0.240,0.000,0.000,0,,0,,,,404776,343.85,0
2125,5034.768,"Mount",0.123,-0.198,0.197,0.124,0.124,0.000,30,W,0,,,,429755,357.95,0
2126,5037.118,"Mount",0.004,-0.175,0.080,0.155,0.000,0.000,0,,0,,,,438595,333.14,0
2127,5039.384,"Mount",0.267,0.044,0.221,-0.156,0.139,0.000,34,W,0,,,,432522,326.08,0
2128,5041.746,"Mount",-0.010,-0.147,0.055,0.136,0.000,0.000,0,,0,,,,429232,324.21,0
2129,5043.968,"Mount",-0.185,-0.033,-0.152,0.111,-0.096,0.000,23,E,0,,,,434894,305.17,0
2130,5046.299,"Mount",-0.068,-0.129,-0.005,0.146,0.000,0.000,0,,0,,,,431122,316.72,0
2131,5048.482,"Mount",-0.077,-0.037,-0.053,0.067,0.000,0.000,0,,0,,,,432125,329.39,0
2132,5050.810,"Mount",-0.019,0.066,-0.046,-0.051,0.000,0.000,0,,0,,,,419240,331.31,0
2133,5053.024,"Mount",-0.087,0.123,-0.133,-0.073,-0.084,0.000,20,E,0,,,,423604,319.69,0
2134,5055.378,"Mount",-0.042,-0.117,0.014,0.124,0.000,0.000,0,,0,,,,436386,313.14,0
2135,5057.546,"Mount",0.041,-0.061,0.064,0.037,0.000,0.000,0,,0,,,,425827,341.28,0
2136,5060.096,"Mount",0.418,-0.496,0.593,0.262,0.374,0.262,90,W,55,S,,,396895,314.28,0
2137,5062.416,"Mount",0.581,-0.196,0.609,-0.079,0.410,0.000,99,W,0,,,,408645,301.14,0
2138,5064.824,"Mount",0.156,-0.129,0.197,0.048,0.153,0.000,37,W,0,,,,427102,338.04,0
2139,5067.010,"Mount",0.067,-0.100,0.105,0.061,0.000,0.000,0,,0,,,,395663,289.96,0
2140,5069.364,"Mount",-0.145,-0.020,-0.122,0.082,0.000,0.000,0,,0,,,,414538,305.49,0
2141,5071.547,"Mount",-0.089,-0.050,-0.058,0.084,0.000,0.000,0,,0,,,,413620,296.67,0
2142,5073.867,"Mount",-0.086,-0.030,-0.065,0.064,0.000,0.000,0,,0,,,,419550,306.68,0
2143,5076.036,"Mount",-0.129,0.030,-0.129,0.030,0.000,0.000,0,,0,,,,422357,328.35,0
2144,5078.545,"Mount",-0.386,-0.098,-0.304,0.257,-0.191,0.257,46,E,54,S,,,425458,310.56,0
2145,5080.752,"Mount",-0.147,-0.039,-0.115,0.100,0.000,0.000,0,,0,,,,409106,336.71,0
2146,5083.168,"Mount",0.222,-0.197,0.286,0.080,0.180,0.000,43,W,0,,,,427576,322.07,0
2147,5085.424,"Mount",0.076,-0.197,0.155,0.144,0.110,0.000,27,W,0,,,,449176,361.46,0
2148,5087.800,"Mount",0.093,-0.111,0.133,0.059,0.091,0.000,22,W,0,,,,406127,334.11,0
2149,5089.977,"Mount",0.060,-0.172,0.129,0.128,0.000,0.000,0,,0,,,,426994,317.39,0
2150,5092.375,"Mount",0.023,-0.129,0.078,0.106,0.000,0.000,0,,0,,,,413810,326.10,0
2151,5094.592,"Mount",0.099,-0.147,0.154,0.088,0.097,0.000,23,W,0,,,,379136,305.84,0
2152,5097.008,"Mount",-0.204,0.173,-0.259,-0.065,-0.157,0.000,38,E,0,,,,416891,304.46,0
2153,5099.192,"Mount",-0.042,0.184,-0.119,-0.147,0.000,0.000,0,,0,,,,427468,334.87,0
2154,5101.568,"Mount",-0.038,-0.130,0.023,0.133,0.000,0.000,0,,0,,,,423984,311.47,0
2155,5103.725,"Mount",0.006,-0.193,0.090,0.171,0.000,0.000,0,,0,,,,418037,308.28,0
2156,5106.081,"Mount",0.108,-0.054,0.121,0.001,0.000,0.000,0,,0,,,,412776,315.82,0
2157,5108.246,"Mount",-0.021,-0.051,0.003,0.055,0.000,0.000,0,,0,,,,421688,321.22,0
2158,5110.682,"Mount",-0.159,0.152,-0.210,-0.067,-0.132,0.000,32,E,0,,,,409933,309.15,0
2159,5112.858,"Mount",-0.064,0.105,-0.103,-0.066,0.000,0.000,0,,0,,,,386677,306.39,0
2160,5115.392,"Mount",-0.573,0.033,-0.529,0.222,-0.333,0.222,81,E,47,S,,,426859,321.76,0
2161,5117.640,"Mount",-0.285,0.041,-0.274,0.088,-0.196,0.000,47,E,0,,,,438096,302.07,0
2162,5120.064,"Mount",-0.287,0.010,-0.262,0.117,-0.179,0.000,43,E,0,,,,444938,302.82,0
2163,5122.312,"Mount",0.113,-0.115,0.152,0.054,0.083,0.000,20,W,0,,,,424175,326.50,0
2164,5124.643,"Mount",-0.025,0.014,-0.028,-0.001,0.000,0.000,0,,0,,,,436968,311.33,0
2165,5126.897,"Mount",0.202,-0.214,0.276,0.104,0.174,0.000,42,W,0,,,,434584,310.52,0
2166,5129.312,"Mount",0.100,-0.146,0.153,0.087,0.109,0.000,26,W,0,,,,432326,322.41,0
2167,5131.486,"Mount",0.106,-0.049,0.117,-0.003,0.000,0.000,0,,0,,,,406839,276.20,0
2168,5133.888,"Mount",-0.236,0.062,-0.239,0.048,-0.151,0.000,36,E,0,,,,426213,301.71,0
2169,5136.128,"Mount",-0.231,-0.039,-0.190,0.137,-0.130,0.000,31,E,0,,,,407635,324.82,0
2170,5138.458,"Mount",-0.001,0.147,-0.065,-0.131,0.000,0.000,0,,0,,,,440657,336.69,0
2171,5140.728,"Mount",-0.207,0.255,-0.298,-0.138,-0.188,0.000,45,E,0,,,,437839,318.29,0
2172,5143.168,"Mount",-0.413,0.069,-0.401,0.120,-0.266,0.000,64,E,0,,,,403540,284.03,0
2173,5145.409,"Mount",-0.147,0.039,-0.149,0.029,-0.113,0.000,27,E,0,,,,398010,303.41,0
2174,5147.816,"Mount",-0.169,0.037,-0.168,0.040,-0.114,0.000,27,E,0,,,,400540,286.48,0
2175,5149.988,"Mount",-0.061,0.027,-0.067,0.002,0.000,0.000,0,,0,,,,404977,337.22,0
2176,5152.450,"Mount",-0.345,0.135,-0.369,0.030,-0.233,0.000,56,E,0,,,,436059,349.22,0
2177,5154.614,"Mount",-0.057,0.062,-0.079,-0.031,0.000,0.000,0,,0,,,,440282,352.12,0
2178,5156.993,"Mount",0.052,-0.041,0.064,0.014,0.000,0.000,0,,0,,,,407846,320.42,0
2179,5159.178,"Mount",0.038,0.134,-0.025,-0.137,0.000,0.000,0,,0,,,,436068,322.91,0
2180,5161.602,"Mount",-0.163,0.025,-0.157,0.049,-0.099,0.000,24,E,0,,,,415105,321.30,0
2181,5163.771,"Mount",-0.044,0.037,-0.056,-0.014,0.000,0.000,0,,0,,,,408143,292.36,0
2182,5166.312,"Mount",-0.421,-0.295,-0.249,0.450,-0.157,0.450,38,E,94,S,,,420359,311.47,0
2183,5168.498,"Mount",-0.088,0.039,-0.096,0.003,0.000,0.000,0,,0,,,,407403,306.67,0
2184,5170.897,"Mount",-0.005,0.298,-0.135,-0.265,-0.085,0.000,21,E,0,,,,408576,295.42,0
2185,5173.059,"Mount",0.148,0.308,-0.002,-0.341,0.000,0.000,0,,0,,,,414463,305.11,0
2186,5175.504,"Mount",-0.189,0.463,-0.373,-0.333,-0.235,0.000,57,E,0,,,,411441,323.21,0
2187,5178.992,"Mount",-0.047,0.313,-0.180,-0.261,-0.130,-0.261,31,E,1208,N,,,430831,314.03,0
2188,5181.472,"Mount",-0.524,0.374,-0.635,-0.106,-0.409,0.000,99,E,0,,,,409790,333.86,0
2189,5183.848,"Mount",-1.142,0.344,-1.177,0.192,-0.770,0.000,186,E,0,,,,428148,342.42,0
2190,5186.179,"Mount",0.036,-0.124,0.087,0.096,0.000,0.000,0,,0,,,,422420,343.00,0
2191,5188.400,"Mount",0.175,-0.084,0.194,-0.002,0.123,0.000,30,W,0,,,,437865,316.58,0
2192,5190.808,"Mount",0.131,-0.049,0.139,-0.014,0.096,0.000,23,W,0,,,,443936,320.95,0
2193,5193.147,"Mount",-0.204,0.145,-0.247,-0.041,-0.149,0.000,36,E,0,,,,416015,282.88,0
2194,5195.544,"Mount",-0.064,0.219,-0.154,-0.169,-0.107,0.000,26,E,0,,,,420970,343.48,0
2195,5197.824,"Mount",-0.193,0.184,-0.254,-0.080,-0.167,0.000,40,E,0,,,,403300,320.13,0
2196,5200.264,"Mount",-0.368,0.163,-0.403,0.015,-0.265,0.000,64,E,0,,,,437300,321.44,0
2197,5202.624,"Mount",-0.489,0.228,-0.539,0.010,-0.358,0.000,87,E,0,,,,426797,318.68,0
2198,5205.080,"Mount",-0.462,-0.126,-0.360,0.316,-0.252,0.000,61,E,0,,,,421243,301.87,0
2199,5207.352,"Mount",-0.159,0.085,-0.180,-0.007,-0.131,0.000,32,E,0,,,,441749,366.38,0
2200,5209.768,"Mount",0.222,0.009,0.195,-0.106,0.114,0.000,28,W,0,,,,445164,313.04,0
2201,5212.072,"Mount",0.553,-0.150,0.562,-0.108,0.362,0.000,88,W,0,,,,451095,353.66,0
2202,5214.402,"Mount",0.057,-0.162,0.122,0.120,0.000,0.000,0,,0,,,,422473,319.24,0
2203,5216.587,"Mount",-0.034,-0.088,0.008,0.094,0.000,0.000,0,,0,,,,433901,319.29,0
2204,5218.946,"Mount",-0.008,-0.170,0.068,0.156,0.000,0.000,0,,0,,,,420486,350.77,0
2205,5221.160,"Mount",0.088,-0.152,0.146,0.098,0.092,0.000,22,W,0,,,,393689,306.97,0
2206,5223.492,"Mount",-0.085,-0.123,-0.023,0.148,0.000,0.000,0,,0,,,,429852,318.70,0
2207,5225.728,"Mount",-0.199,0.059,-0.205,0.034,-0.129,0.000,31,E,0,,,,421999,318.82,0
2208,5228.072,"Mount",-0.057,0.110,-0.100,-0.073,0.000,0.000,0,,0,,,,416715,303.06,0
2209,5230.229,"Mount",-0.073,-0.081,-0.030,0.105,0.000,0.000,0,,0,,,,413555,326.20,0
2210,5232.556,"Mount",0.044,-0.110,0.088,0.079,0.000,0.000,0,,0,,,,405460,301.78,0
2211,5234.734,"Mount",-0.157,-0.174,-0.065,0.225,0.000,0.000,0,,0,,,,431843,328.26,0
2212,5237.144,"Mount",-0.272,0.091,-0.284,0.037,-0.179,0.000,43,E,0,,,,419489,297.34,0
2213,5239.416,"Mount",-0.284,0.109,-0.303,0.026,-0.204,0.000,49,E,0,,,,408770,296.45,0
2214,5241.848,"Mount",-0.244,0.286,-0.344,-0.150,-0.231,0.000,56,E,0,,,,404970,299.82,0
2215,5244.089,"Mount",-0.173,0.053,-0.179,0.028,-0.129,0.000,31,E,0,,,,422130,318.03,0
2216,5246.480,"Mount",0.028,-0.260,0.140,0.222,0.079,0.000,19,W,0,,,,429724,290.28,0
2217,5250.056,"Mount",-0.417,-0.336,-0.227,0.485,-0.138,0.485,33,E,1255,S,,,417852,348.47,0
2218,5252.449,"Mount",-0.037,-0.102,0.011,0.108,0.000,0.000,0,,0,,,,414399,343.04,0
2219,5254.744,"Mount",0.226,-0.266,0.320,0.140,0.202,0.000,49,W,0,,,,432533,325.92,0
2220,5257.090,"Mount",0.054,-0.057,0.074,0.028,0.000,0.000,0,,0,,,,396333,326.24,0
2221,5259.336,"Mount",0.096,-0.124,0.141,0.069,0.089,0.000,21,W,0,,,,426550,313.28,0
2222,5261.793,"Mount",-0.514,0.115,-0.512,0.122,-0.316,0.000,76,E,0,,,,411740,280.63,0
2223,5264.064,"Mount",-0.319,0.358,-0.443,-0.181,-0.301,0.000,73,E,0,,,,416192,330.27,0
2224,5266.520,"Mount",-0.370,0.168,-0.406,0.012,-0.277,0.000,67,E,0,,,,389830,302.64,0
2225,5268.674,"Mount",-0.073,0.017,-0.073,0.017,0.000,0.000,0,,0,,,,423009,314.18,0
2226,5271.027,"Mount",-0.097,-0.060,-0.061,0.096,0.000,0.000,0,,0,,,,437566,314.52,0
2227,5273.256,"Mount",0.185,-0.076,0.199,-0.013,0.125,0.000,30,W,0,,,,414208,346.74,0
2228,5275.800,"Mount",0.230,-0.091,0.247,-0.019,0.164,0.000,40,W,0,,,,410435,301.62,0
2229,5278.112,"Mount",0.565,-0.373,0.671,0.088,0.434,0.000,105,W,0,,,,403680,335.96,0
2230,5280.449,"Mount",-0.086,-0.081,-0.042,0.110,0.000,0.000,0,,0,,,,426729,327.58,0
2231,5282.606,"Mount",-0.098,0.068,-0.118,-0.019,0.000,0.000,0,,0,,,,405292,304.72,0
2232,5285.064,"Mount",-0.562,0.102,-0.549,0.155,-0.346,0.000,84,E,0,,,,418857,345.61,0
2233,5287.296,"Mount",-0.133,0.065,-0.148,0.000,-0.117,0.000,28,E,0,,,,415976,301.48,0
2234,5289.712,"Mount",-0.153,-0.167,-0.065,0.217,0.000,0.217,0,,46,S,,,417875,331.35,0
2235,5291.998,"Mount",-0.236,-0.190,-0.129,0.275,0.000,0.275,0,,58,S,,,428767,303.81,0
2236,5294.384,"Mount",-0.112,0.120,-0.153,-0.058,-0.097,0.000,23,E,0,,,,398607,284.71,0
2237,5296.594,"Mount",-0.030,-0.135,0.032,0.134,0.000,0.000,0,,0,,,,436541,338.18,0
2238,5298.992,"Mount",0.137,-0.044,0.143,-0.021,0.090,0.000,22,W,0,,,,403143,309.79,0
2239,5301.216,"Mount",0.127,-0.044,0.133,-0.016,0.090,0.000,22,W,0,,,,399938,323.50,0
2240,5303.608,"Mount",-0.116,0.075,-0.137,-0.016,-0.080,0.000,19,E,0,,,,431783,326.05,0
2241,5305.783,"Mount",0.116,0.292,-0.024,-0.313,0.000,0.000,0,,0,,,,404795,317.97,0
2242,5308.209,"Mount",-0.158,0.297,-0.272,-0.197,-0.171,0.000,41,E,0,,,,406792,309.42,0
2243,5310.378,"Mount",0.033,0.264,-0.086,-0.252,0.000,0.000,0,,0,,,,425553,302.55,0
2244,5312.784,"Mount",-0.329,-0.044,-0.276,0.184,-0.174,0.000,42,E,0,,,,415788,316.63,0
2245,5314.963,"Mount",-0.126,0.002,-0.113,0.054,0.000,0.000,0,,0,,,,430724,358.18,0
2246,5317.303,"Mount",-0.023,0.202,-0.109,-0.171,0.000,0.000,0,,0,,,,425107,321.85,0
2247,5319.470,"Mount",-0.123,-0.120,-0.058,0.161,0.000,0.000,0,,0,,,,408649,304.98,0
2248,5321.848,"Mount",-0.113,0.070,-0.132,-0.013,-0.083,0.000,20,E,0,,,,411056,301.31,0
2249,5324.012,"Mount",0.039,0.041,0.017,-0.054,0.000,0.000,0,,0,,,,405887,329.52,0
2250,5326.362,"Mount",0.051,0.207,-0.045,-0.209,0.000,0.000,0,,0,,,,400205,299.25,0
2251,5328.688,"Mount",-0.286,0.163,-0.328,-0.021,-0.207,0.000,50,E,0,,,,413847,280.35,0
2252,5331.232,"Mount",-0.357,0.136,-0.381,0.034,-0.254,0.000,61,E,0,,,,398866,313.77,0
2253,5333.504,"Mount",-0.274,-0.004,-0.245,0.124,-0.172,0.000,42,E,0,,,,415617,314.42,0
2254,5335.992,"Mount",0.126,-0.069,0.144,0.006,0.078,0.000,19,W,0,,,,413447,339.44,0
INFO: SET LOCK POSITION, new lock pos = 632.120, 896.092
INFO: DITHER by 3.622, -2.904, new lock pos = 636.649, 897.111
INFO: SETTLING STATE CHANGE, Settling started
2255,5340.056,"Mount",-4.529,-1.020,-3.622,2.904,-3.622,2.904,875,E,610,S,,,422623,324.83,0
2256,5342.662,"Mount",1.066,-0.171,1.033,-0.314,0.651,0.000,157,W,0,,,,417680,303.97,0
2257,5344.840,"Mount",-0.078,0.115,-0.121,-0.069,0.000,0.000,0,,0,,,,431532,300.92,0
2258,5347.305,"Mount",-0.704,-0.003,-0.631,0.311,-0.398,0.000,96,E,0,,,,415882,311.54,0
2259,5349.568,"Mount",-0.384,0.078,-0.379,0.099,-0.267,0.000,64,E,0,,,,422281,311.92,0
2260,5351.968,"Mount",0.197,-0.142,0.240,0.041,0.132,0.000,32,W,0,,,,431863,311.84,0
INFO: SETTLING STATE CHANGE, Settling complete
2261,5354.232,"Mount",-0.414,0.095,-0.414,0.096,-0.251,0.000,61,E,0,,,,409984,333.94,0
2262,5356.710,"Mount",-0.021,0.203,-0.108,-0.173,0.000,0.000,0,,0,,,,420475,311.71,0
2263,5358.898,"Mount",-0.043,-0.004,-0.037,0.022,0.000,0.000,0,,0,,,,419571,310.78,0
2264,5361.376,"Mount",0.820,0.073,0.705,-0.425,0.444,0.000,107,W,0,,,,445706,303.94,0
2265,5363.672,"Mount",0.619,-0.199,0.643,-0.093,0.436,0.000,105,W,0,,,,415344,302.97,0
2266,5366.013,"Mount",0.130,0.018,0.109,-0.074,0.000,0.000,0,,0,,,,396989,292.13,0
2267,5368.190,"Mount",0.041,-0.139,0.098,0.107,0.000,0.000,0,,0,,,,420310,298.11,0
2268,5370.517,"Mount",-0.031,-0.259,0.086,0.246,0.000,0.000,0,,0,,,,442152,330.03,0
2269,5372.697,"Mount",-0.032,-0.210,0.064,0.203,0.000,0.000,0,,0,,,,430402,295.99,0
2270,5375.104,"Mount",0.198,-0.153,0.245,0.050,0.154,0.000,37,W,0,,,,415609,316.99,0
2271,5377.352,"Mount",0.245,0.023,0.210,-0.129,0.143,0.000,35,W,0,,,,410157,321.23,0
2272,5379.768,"Mount",0.168,-0.129,0.208,0.042,0.141,0.000,34,W,0,,,,413302,313.03,0
2273,5382.024,"Mount",0.118,-0.345,0.257,0.258,0.172,0.000,42,W,0,,,,406116,309.14,0
2274,5384.424,"Mount",0.233,-0.042,0.228,-0.065,0.156,0.000,38,W,0,,,,420284,307.90,0
2275,5386.712,"Mount",0.176,-0.208,0.249,0.110,0.168,0.000,41,W,0,,,,428591,299.10,0
2276,5389.392,"Mount",-0.906,-0.143,-0.751,0.526,-0.462,0.526,112,E,111,S,,,417674,326.11,0
2277,5391.648,"Mount",-0.249,0.283,-0.348,-0.145,-0.252,0.000,61,E,0,,,,416680,298.19,0
2278,5394.083,"Mount",0.326,0.279,0.171,-0.394,0.090,0.000,22,W,0,,,,426647,326.81,0
2279,5396.344,"Mount",0.456,0.126,0.354,-0.314,0.230,0.000,55,W,0,,,,411611,278.64,0
2280,5398.709,"Mount",0.152,0.502,-0.083,-0.518,0.000,0.000,0,,0,,,,400855,305.32,0
2281,5400.879,"Mount",0.232,0.483,-0.004,-0.536,0.000,0.000,0,,0,,,,424642,330.64,0
2282,5404.560,"Mount",0.409,0.277,0.246,-0.429,0.155,-0.429,37,W,1243,N,,,411277,316.10,0
2283,5406.816,"Mount",0.206,-0.018,0.193,-0.074,0.133,0.000,32,W,0,,,,410063,319.36,0
2284,5409.392,"Mount",-0.337,0.390,-0.474,-0.203,-0.290,-0.203,70,E,43,N,,,404945,302.63,0
2285,5411.825,"Mount",-0.340,0.657,-0.594,-0.441,-0.394,-0.441,95,E,93,N,,,414050,335.68,0
2286,5414.400,"Mount",-0.178,0.500,-0.379,-0.371,-0.267,-0.371,64,E,78,N,,,424610,332.09,0
2287,5416.856,"Mount",-0.501,0.568,-0.699,-0.291,-0.459,-0.291,111,E,61,N,,,423995,309.75,0
2288,5419.273,"Mount",-0.227,0.097,-0.247,0.012,-0.188,0.000,45,E,0,,,,438474,321.92,0
2289,5421.553,"Mount",-0.349,0.388,-0.483,-0.195,-0.318,0.000,77,E,0,,,,441361,311.84,0
2290,5424.128,"Mount",1.287,-0.622,1.429,-0.006,0.878,0.000,212,W,0,,,,432709,323.35,0
2291,5426.480,"Mount",0.673,-0.408,0.784,0.071,0.555,0.000,134,W,0,,,,434733,316.45,0
2292,5428.976,"Mount",0.269,0.417,0.059,-0.492,0.000,-0.492,0,,103,N,,,422599,319.58,0
2293,5431.288,"Mount",-0.451,0.237,-0.509,-0.015,-0.321,0.000,78,E,0,,,,432705,303.86,0
2294,5433.688,"Mount",-0.190,-0.064,-0.143,0.141,-0.113,0.000,27,E,0,,,,405826,310.53,0
2295,5436.016,"Mount",-0.567,0.200,-0.597,0.070,-0.384,0.000,93,E,0,,,,409335,319.15,0
2296,5438.416,"Mount",-0.137,0.042,-0.142,0.022,-0.116,0.000,28,E,0,,,,408860,311.41,0
2297,5440.680,"Mount",-0.246,0.095,-0.263,0.022,-0.174,0.000,42,E,0,,,,418514,309.52,0
2298,5443.104,"Mount",-0.337,0.171,-0.378,-0.006,-0.250,0.000,60,E,0,,,,413913,320.21,0
2299,5445.338,"Mount",-0.151,-0.012,-0.131,0.077,-0.100,0.000,24,E,0,,,,440603,324.89,0
2300,5447.728,"Mount",0.046,-0.247,0.150,0.202,0.087,0.000,21,W,0,,,,415083,322.65,0
2301,5450.016,"Mount",-0.435,0.206,-0.481,0.006,-0.297,0.000,72,E,0,,,,436211,304.46,0
2302,5452.424,"Mount",-0.173,-0.011,-0.150,0.086,-0.116,0.000,28,E,0,,,,398704,311.60,0
2303,5454.680,"Mount",-0.528,-0.310,-0.339,0.510,-0.221,0.000,53,E,0,,,,423822,320.46,0
2304,5457.088,"Mount",-0.132,0.120,-0.172,-0.050,-0.124,0.000,30,E,0,,,,407194,337.10,0
2305,5459.400,"Mount",-0.426,0.056,-0.408,0.137,-0.265,0.000,64,E,0,,,,411191,327.83,0
2306,5461.880,"Mount",0.111,-0.249,0.209,0.175,0.113,0.000,27,W,0,,,,413402,310.47,0
2307,5464.107,"Mount",0.162,-0.085,0.183,0.005,0.123,0.000,30,W,0,,,,441286,326.14,0
2308,5466.441,"Mount",0.048,-0.009,0.047,-0.013,0.000,0.000,0,,0,,,,431430,327.61,0
2309,5468.672,"Mount",0.119,-0.180,0.186,0.110,0.117,0.000,28,W,0,,,,424098,309.69,0
2310,5471.002,"Mount",-0.014,-0.241,0.093,0.222,0.000,0.000,0,,0,,,,400941,305.74,0
2311,5473.232,"Mount",0.132,-0.217,0.214,0.137,0.135,0.000,33,W,0,,,,408676,307.57,0
2312,5476.977,"Mount",-0.614,-0.003,-0.550,0.272,-0.337,0.272,81,E,1254,S,,,424517,301.86,0
2313,5479.160,"Mount",0.067,0.080,0.025,-0.101,0.000,0.000,0,,0,,,,443266,328.11,0
2314,5481.720,"Mount",-0.678,-0.053,-0.586,0.345,-0.369,0.345,89,E,72,S,,,438061,310.79,0
2315,5483.952,"Mount",-0.158,0.071,-0.174,0.005,-0.135,0.000,33,E,0,,,,416928,315.77,0
2316,5486.424,"Mount",0.091,-0.269,0.199,0.202,0.116,0.202,28,W,42,S,,,434042,314.14,0
2317,5488.712,"Mount",0.216,-0.296,0.324,0.172,0.212,0.000,51,W,0,,,,410385,315.14,0
2318,5491.037,"Mount",-0.038,-0.009,-0.030,0.024,0.000,0.000,0,,0,,,,411237,310.64,0
2319,5493.296,"Mount",-0.261,0.107,-0.282,0.018,-0.177,0.000,43,E,0,,,,411107,325.51,0
2320,5495.840,"Mount",-0.491,-0.085,-0.404,0.291,-0.267,0.291,64,E,61,S,,,432165,320.46,0
2321,5498.128,"Mount",-0.511,0.099,-0.502,0.136,-0.335,0.000,81,E,0,,,,431571,305.03,0
2322,5500.568,"Mount",-0.487,0.024,-0.448,0.192,-0.306,0.000,74,E,0,,,,394993,270.19,0
2323,5503.026,"Mount",-0.031,-0.827,0.335,0.757,0.190,0.757,46,W,159,S,,,412798,285.74,0
2324,5505.408,"Mount",0.083,0.104,0.029,-0.129,0.000,0.000,0,,0,,,,413124,283.37,0
2325,5507.688,"Mount",-0.087,0.225,-0.177,-0.165,-0.111,0.000,27,E,0,,,,425114,323.18,0
2326,5510.128,"Mount",0.505,0.130,0.397,-0.339,0.242,0.000,58,W,0,,,,395023,302.07,0
2327,5512.424,"Mount",0.312,-0.192,0.365,0.036,0.247,0.000,60,W,0,,,,418697,307.22,0
2328,5514.880,"Mount",0.483,-0.041,0.452,-0.175,0.302,0.000,73,W,0,,,,421146,298.36,0
2329,5517.128,"Mount",0.322,0.188,0.207,-0.311,0.151,0.000,37,W,0,,,,408354,311.74,0
2330,5519.498,"Mount",-0.016,0.115,-0.065,-0.096,0.000,0.000,0,,0,,,,434965,318.48,0
2331,5521.792,"Mount",-0.170,0.702,-0.461,-0.556,-0.290,0.000,70,E,0,,,,404107,283.98,0
2332,5524.134,"Mount",0.033,0.096,-0.012,-0.100,0.000,0.000,0,,0,,,,415104,301.64,0
2333,5526.296,"Mount",-0.033,0.058,-0.055,-0.037,0.000,0.000,0,,0,,,,417517,324.65,0
2334,5528.639,"Mount",0.079,0.067,0.042,-0.095,0.000,0.000,0,,0,,,,391975,304.95,0
2335,5530.805,"Mount",0.111,0.134,0.041,-0.169,0.000,0.000,0,,0,,,,431820,316.95,0
2336,5533.216,"Mount",0.267,-0.201,0.328,0.063,0.207,0.000,50,W,0,,,,393430,298.27,0
2337,5535.456,"Mount",0.099,-0.202,0.177,0.138,0.126,0.000,30,W,0,,,,443654,328.80,0
2338,5537.805,"Mount",-0.031,0.210,-0.121,-0.175,0.000,0.000,0,,0,,,,426187,287.80,0
2339,5540.072,"Mount",-0.256,0.296,-0.360,-0.154,-0.227,0.000,55,E,0,,,,420048,318.43,0
2340,5542.409,"Mount",0.078,-0.016,0.077,-0.020,0.000,0.000,0,,0,,,,441610,321.49,0
2341,5544.608,"Mount",-0.165,-0.072,-0.117,0.137,0.000,0.000,0,,0,,,,408368,309.82,0
2342,5547.072,"Mount",0.416,0.044,0.355,-0.222,0.224,0.000,54,W,0,,,,426667,316.10,0
2343,5549.296,"Mount",-0.057,0.211,-0.144,-0.165,-0.075,0.000,18,E,0,,,,401513,292.24,0
2344,5551.680,"Mount",0.034,-0.201,0.119,0.166,0.000,0.000,0,,0,,,,413904,311.50,0
2345,5553.842,"Mount",-0.044,-0.010,-0.035,0.029,0.000,0.000,0,,0,,,,409245,277.87,0
2346,5556.336,"Mount",0.869,-0.170,0.856,-0.228,0.539,0.000,130,W,0,,,,430891,291.92,0
2347,5559.840,"Mount",0.139,0.287,-0.002,-0.319,0.000,-0.319,0,,1298,N,,,421593,327.47,0
2348,5562.360,"Mount",-0.579,0.174,-0.596,0.098,-0.376,0.000,91,E,0,,,,410629,290.33,0
2349,5564.592,"Mount",0.298,-0.107,0.314,-0.035,0.172,0.000,41,W,0,,,,436205,292.25,0
2350,5567.032,"Mount",-0.429,0.228,-0.486,-0.017,-0.294,0.000,71,E,0,,,,425299,309.02,0
2351,5569.222,"Mount",-0.067,-0.086,-0.023,0.106,0.000,0.000,0,,0,,,,405499,285.11,0
2352,5571.558,"Mount",0.066,0.156,-0.009,-0.169,0.000,0.000,0,,0,,,,401683,297.96,0
2353,5573.824,"Mount",0.376,-0.204,0.427,0.018,0.269,0.000,65,W,0,,,,407672,300.65,0
2354,5576.299,"Mount",0.605,-0.220,0.640,-0.067,0.422,0.000,102,W,0,,,,416241,302.75,0
2355,5578.568,"Mount",0.228,-0.121,0.258,0.009,0.192,0.000,46,W,0,,,,412468,298.51,0
2356,5580.976,"Mount",-0.230,0.020,-0.216,0.083,-0.123,0.000,30,E,0,,,,405616,296.17,0
2357,5583.174,"Mount",-0.045,-0.121,0.013,0.129,0.000,0.000,0,,0,,,,431868,332.05,0
2358,5585.505,"Mount",0.020,0.033,0.003,-0.039,0.000,0.000,0,,0,,,,401828,285.52,0
2359,5587.705,"Mount",0.075,0.058,0.042,-0.085,0.000,0.000,0,,0,,,,397845,297.55,0
2360,5590.041,"Mount",-0.013,0.118,-0.064,-0.101,0.000,0.000,0,,0,,,,403418,279.83,0
2361,5592.218,"Mount",-0.013,0.027,-0.024,-0.018,0.000,0.000,0,,0,,,,409795,288.04,0
2362,5594.550,"Mount",-0.105,0.081,-0.130,-0.026,0.000,0.000,0,,0,,,,415993,296.53,0
2363,5596.792,"Mount",0.127,-0.174,0.191,0.100,0.120,0.000,29,W,0,,,,425166,296.75,0
2364,5599.256,"Mount",-0.520,0.179,-0.546,0.067,-0.336,0.000,81,E,0,,,,409867,280.05,0
2365,5601.425,"Mount",0.066,0.030,0.046,-0.056,0.000,0.000,0,,0,,,,401109,304.08,0
2366,5603.816,"Mount",-0.279,-0.033,-0.237,0.152,-0.149,0.000,36,E,0,,,,390493,268.98,0
2367,5605.999,"Mount",-0.114,-0.214,-0.009,0.242,0.000,0.000,0,,0,,,,415093,301.24,0
2368,5608.392,"Mount",-0.442,-0.367,-0.236,0.524,-0.149,0.000,36,E,0,,,,415219,307.11,0
2369,5611.872,"Mount",-0.010,-0.228,0.091,0.209,0.000,0.209,0,,1275,S,,,408881,318.10,0
2370,5614.217,"Mount",0.116,-0.049,0.125,-0.007,0.000,0.000,0,,0,,,,430383,318.60,0
2371,5616.387,"Mount",0.053,-0.044,0.067,0.017,0.000,0.000,0,,0,,,,404477,298.56,0
2372,5618.800,"Mount",0.096,-0.214,0.180,0.150,0.114,0.000,27,W,0,,,,439486,305.05,0
2373,5620.973,"Mount",0.082,0.032,0.060,-0.065,0.000,0.000,0,,0,,,,393804,302.44,0
2374,5623.384,"Mount",0.132,-0.034,0.133,-0.027,0.084,0.000,20,W,0,,,,384467,309.49,0
2375,5625.632,"Mount",-0.269,0.073,-0.274,0.052,-0.167,0.000,40,E,0,,,,400694,292.73,0
2376,5628.144,"Mount",-0.402,-0.083,-0.325,0.251,-0.216,0.251,52,E,53,S,,,410232,276.53,0
2377,5630.310,"Mount",-0.051,0.182,-0.125,-0.142,0.000,0.000,0,,0,,,,427903,323.62,0
2378,5632.776,"Mount",0.401,-0.064,0.389,-0.118,0.245,0.000,59,W,0,,,,402527,287.05,0
2379,5634.941,"Mount",-0.021,-0.139,0.043,0.134,0.000,0.000,0,,0,,,,400319,300.79,0
2380,5637.472,"Mount",-0.312,-0.208,-0.190,0.324,-0.119,0.324,29,E,68,S,,,395338,287.74,0
2381,5639.662,"Mount",-0.000,-0.045,0.019,0.041,0.000,0.000,0,,0,,,,400234,301.75,0
2382,5641.997,"Mount",0.056,-0.020,0.059,-0.006,0.000,0.000,0,,0,,,,423291,316.38,0
2383,5644.232,"Mount",-0.028,0.318,-0.165,-0.273,-0.104,0.000,25,E,0,,,,398560,284.29,0
2384,5646.856,"Mount",-0.776,-0.275,-0.577,0.587,-0.371,0.587,90,E,123,S,,,393163,273.53,0
2385,5649.113,"Mount",-0.185,0.222,-0.264,-0.118,-0.192,0.000,46,E,0,,,,411781,305.13,0
2386,5652.880,"Mount",0.316,0.710,-0.028,-0.776,0.000,-0.776,0,,1394,N,,,407865,291.15,0
2387,5655.456,"Mount",-0.121,1.144,-0.611,-0.975,-0.385,-0.975,93,E,205,N,,,405700,311.66,0
2388,5658.096,"Mount",0.241,0.908,-0.182,-0.921,-0.142,-0.921,34,E,193,N,,,400222,314.89,0
2389,5660.440,"Mount",0.326,0.173,0.218,-0.298,0.127,-0.298,31,W,63,N,,,382284,296.64,0
2390,5662.904,"Mount",0.446,-0.118,0.452,-0.090,0.294,0.000,71,W,0,,,,408901,306.88,0
2391,5665.224,"Mount",0.273,0.135,0.186,-0.241,0.138,-0.241,33,W,51,N,,,409964,323.05,0
2392,5667.656,"Mount",0.062,0.277,-0.066,-0.276,0.000,-0.276,0,,58,N,,,377125,279.78,0
2393,5669.831,"Mount",0.062,-0.042,0.074,0.011,0.000,0.000,0,,0,,,,389525,305.47,0
2394,5672.171,"Mount",0.033,-0.137,0.090,0.108,0.000,0.000,0,,0,,,,390068,299.29,0
2395,5674.342,"Mount",0.192,0.099,0.129,-0.173,0.000,0.000,0,,0,,,,384344,279.91,0
2396,5676.832,"Mount",-0.055,0.316,-0.188,-0.259,-0.119,-0.259,29,E,54,N,,,411393,318.22,0
2397,5679.156,"Mount",0.226,0.184,0.122,-0.265,0.000,-0.265,0,,56,N,,,416038,348.58,0
2398,5681.498,"Mount",0.146,0.077,0.097,-0.134,0.000,0.000,0,,0,,,,389616,302.82,0
2399,5683.776,"Mount",0.272,-0.129,0.301,-0.004,0.189,0.000,46,W,0,,,,389755,274.22,0
2400,5686.209,"Mount",0.207,-0.565,0.434,0.417,0.287,0.000,69,W,0,,,,420725,342.28,0
2401,5688.440,"Mount",0.115,-0.193,0.188,0.123,0.138,0.000,33,W,0,,,,415472,308.63,0
2402,5690.840,"Mount",-0.272,0.039,-0.262,0.084,-0.155,0.000,37,E,0,,,,411454,314.79,0
2403,5693.072,"Mount",-0.190,0.073,-0.203,0.018,-0.139,0.000,34,E,0,,,,416512,288.75,0
2404,5695.552,"Mount",0.603,-0.409,0.722,0.103,0.445,0.000,107,W,0,,,,382388,268.48,0
2405,5697.721,"Mount",-0.054,0.018,-0.056,0.007,0.000,0.000,0,,0,,,,391305,278.76,0
2406,5700.164,"Mount",-0.120,-0.532,0.126,0.531,0.000,0.000,0,,0,,,,410238,283.34,0
2407,5703.744,"Mount",-0.251,-0.305,-0.091,0.385,0.000,0.385,0,,1343,S,,,397304,295.75,0
2408,5706.200,"Mount",0.376,-0.308,0.474,0.112,0.298,0.000,72,W,0,,,,412333,341.14,0
2409,5708.456,"Mount",-0.151,-0.201,-0.047,0.247,0.000,0.247,0,,52,S,,,396632,305.34,0
2410,5710.904,"Mount",-0.429,0.043,-0.404,0.150,-0.255,0.000,62,E,0,,,,395738,317.43,0
2411,5713.256,"Mount",-0.391,-0.048,-0.331,0.214,-0.226,0.214,55,E,45,S,,,394861,303.06,0
2412,5715.704,"Mount",-0.440,0.092,-0.436,0.110,-0.290,0.000,70,E,0,,,,401852,276.00,0
2413,5718.064,"Mount",-0.376,-0.145,-0.274,0.296,-0.193,0.296,47,E,62,S,,,396752,276.10,0
2414,5720.496,"Mount",-0.285,0.147,-0.320,-0.007,-0.215,0.000,52,E,0,,,,403843,304.98,0
2415,5722.703,"Mount",0.105,-0.059,0.120,0.007,0.000,0.000,0,,0,,,,425345,328.41,0
2416,5725.072,"Mount",0.070,-0.169,0.137,0.121,0.086,0.000,21,W,0,,,,409007,324.71,0
2417,5727.369,"Mount",0.408,-0.402,0.543,0.182,0.348,0.000,84,W,0,,,,426315,308.35,0
2418,5729.816,"Mount",0.446,-0.170,0.475,-0.043,0.324,0.000,78,W,0,,,,416682,330.68,0
2419,5732.161,"Mount",0.251,-0.186,0.307,0.057,0.216,0.000,52,W,0,,,,401923,315.70,0
2420,5734.696,"Mount",-0.849,0.518,-0.990,-0.092,-0.609,0.000,147,E,0,,,,424627,337.00,0
2421,5737.024,"Mount",-0.661,0.160,-0.664,0.147,-0.461,0.000,111,E,0,,,,425275,332.78,0
2422,5739.367,"Mount",-0.068,0.074,-0.094,-0.037,0.000,0.000,0,,0,,,,393974,263.89,0
2423,5741.640,"Mount",-0.243,0.250,-0.328,-0.119,-0.207,0.000,50,E,0,,,,387260,305.51,0
2424,5744.090,"Mount",-0.294,0.403,-0.441,-0.233,-0.292,0.000,71,E,0,,,,390061,294.23,0
2425,5746.253,"Mount",-0.103,-0.001,-0.093,0.046,0.000,0.000,0,,0,,,,407993,329.44,0
2426,5748.582,"Mount",0.044,0.302,-0.093,-0.291,0.000,0.000,0,,0,,,,396075,293.52,0
2427,5750.758,"Mount",0.031,0.044,0.009,-0.054,0.000,0.000,0,,0,,,,386273,312.04,0
2428,5753.160,"Mount",-0.232,0.114,-0.259,-0.001,-0.163,0.000,39,E,0,,,,395497,284.83,0
2429,5755.342,"Mount",-0.020,0.033,-0.032,-0.021,0.000,0.000,0,,0,,,,400823,332.11,0
2430,5757.683,"Mount",0.033,-0.002,0.030,-0.013,0.000,0.000,0,,0,,,,387769,323.79,0
2431,5759.872,"Mount",0.082,-0.057,0.099,0.016,0.000,0.000,0,,0,,,,414534,303.65,0
2432,5762.280,"Mount",-0.258,-0.024,-0.221,0.135,-0.139,0.000,34,E,0,,,,380918,302.72,0
2433,5764.446,"Mount",0.019,0.008,0.014,-0.015,0.000,0.000,0,,0,,,,376680,303.33,0
2434,5766.872,"Mount",-0.293,0.136,-0.323,0.007,-0.204,0.000,49,E,0,,,,385028,288.60,0
2435,5769.104,"Mount",0.102,-0.231,0.193,0.163,0.107,0.000,26,W,0,,,,386230,292.89,0
2436,5771.496,"Mount",-0.199,0.020,-0.188,0.069,-0.111,0.000,27,E,0,,,,387186,294.91,0
2437,5773.784,"Mount",0.261,-0.113,0.284,-0.013,0.171,0.000,41,W,0,,,,362026,281.36,0
2438,5776.232,"Mount",-0.494,0.184,-0.525,0.051,-0.318,0.000,77,E,0,,,,364787,298.96,0
2439,5778.512,"Mount",-0.361,0.122,-0.378,0.049,-0.260,0.000,63,E,0,,,,368933,282.08,0
2440,5780.920,"Mount",-0.260,-0.046,-0.213,0.156,-0.153,0.000,37,E,0,,,,399897,303.59,0
2441,5783.200,"Mount",-0.464,0.144,-0.481,0.074,-0.313,0.000,76,E,0,,,,379079,286.86,0
2442,5785.648,"Mount",-0.096,-0.184,-0.005,0.208,0.000,0.208,0,,44,S,,,402408,280.94,0
2443,5787.898,"Mount",0.268,-0.116,0.292,-0.013,0.184,0.000,44,W,0,,,,386784,299.35,0
2444,5790.309,"Mount",0.195,-0.126,0.230,0.028,0.158,0.000,38,W,0,,,,390672,327.27,0
2445,5792.474,"Mount",0.070,-0.067,0.092,0.029,0.000,0.000,0,,0,,,,379670,323.58,0
2446,5794.856,"Mount",-0.110,0.096,-0.141,-0.038,-0.089,0.000,21,E,0,,,,387478,294.40,0
2447,5797.136,"Mount",-0.300,0.317,-0.409,-0.153,-0.264,0.000,64,E,0,,,,368643,284.72,0
2448,5799.601,"Mount",-0.476,0.152,-0.495,0.073,-0.330,0.000,80,E,0,,,,363645,276.03,0
2449,5801.848,"Mount",-0.249,0.061,-0.251,0.055,-0.181,0.000,44,E,0,,,,384517,290.55,0
2450,5804.385,"Mount",-0.517,0.027,-0.476,0.203,-0.313,0.203,75,E,43,S,,,392450,297.29,0
2451,5806.768,"Mount",-0.324,-0.147,-0.227,0.274,-0.165,0.274,40,E,58,S,,,393613,314.13,0
2452,5809.210,"Mount",0.386,-0.136,0.407,-0.047,0.245,0.000,59,W,0,,,,386088,291.94,0
2453,5811.464,"Mount",0.251,-0.261,0.340,0.124,0.232,0.000,56,W,0,,,,376424,266.71,0
2454,5813.904,"Mount",0.337,-0.100,0.346,-0.058,0.234,0.000,57,W,0,,,,405388,316.39,0
2455,5816.264,"Mount",0.135,-0.387,0.291,0.288,0.200,0.288,48,W,60,S,,,364342,255.48,0
2456,5818.688,"Mount",0.095,-0.157,0.155,0.100,0.111,0.000,27,W,0,,,,359102,276.44,0
2457,5820.854,"Mount",-0.129,-0.108,-0.068,0.154,0.000,0.000,0,,0,,,,390598,317.19,0
2458,5823.196,"Mount",-0.024,-0.102,0.023,0.102,0.000,0.000,0,,0,,,,366402,273.26,0
2459,5825.504,"Mount",-0.349,0.082,-0.350,0.080,-0.220,0.000,53,E,0,,,,389443,312.72,0
2460,5827.854,"Mount",0.040,0.059,0.010,-0.071,0.000,0.000,0,,0,,,,383448,292.91,0
2461,5830.030,"Mount",-0.097,0.026,-0.099,0.019,0.000,0.000,0,,0,,,,371571,279.79,0
2462,5832.357,"Mount",0.009,0.162,-0.063,-0.149,0.000,0.000,0,,0,,,,401808,276.36,0
2463,5834.515,"Mount",-0.068,0.124,-0.115,-0.081,0.000,0.000,0,,0,,,,397870,331.41,0
2464,5836.920,"Mount",0.195,0.038,0.159,-0.120,0.100,0.000,24,W,0,,,,355253,271.11,0
2465,5839.160,"Mount",-0.234,-0.014,-0.204,0.116,-0.121,0.000,29,E,0,,,,386157,285.30,0
2466,5841.576,"Mount",-0.103,-0.176,-0.015,0.203,0.000,0.203,0,,43,S,,,371333,292.84,0
2467,5843.832,"Mount",-0.303,0.121,-0.326,0.024,-0.205,0.000,50,E,0,,,,368664,288.61,0
2468,5846.264,"Mount",0.266,-0.313,0.377,0.164,0.223,0.000,54,W,0,,,,372883,271.75,0
2469,5848.481,"Mount",-0.167,-0.021,-0.141,0.093,-0.073,0.000,18,E,0,,,,374317,311.41,0
2470,5850.888,"Mount",-0.199,0.071,-0.210,0.023,-0.137,0.000,33,E,0,,,,362374,305.98,0
2471,5853.216,"Mount",-0.360,-0.068,-0.293,0.219,-0.194,0.219,47,E,46,S,,,370509,289.87,0
2472,5855.688,"Mount",0.697,-0.198,0.713,-0.127,0.436,0.000,105,W,0,,,,380577,287.88,0
2473,5857.929,"Mount",0.156,-0.246,0.248,0.153,0.187,0.000,45,W,0,,,,382058,286.74,0
2474,5860.257,"Mount",0.021,0.064,-0.010,-0.067,0.000,0.000,0,,0,,,,367611,296.72,0
2475,5862.680,"Mount",-0.499,-0.193,-0.364,0.392,-0.229,0.392,55,E,82,S,,,380773,275.77,0
2476,5865.164,"Mount",-0.386,0.338,-0.496,-0.134,-0.328,0.000,79,E,0,,,,371728,288.54,0
2477,5867.592,"Mount",-0.768,0.093,-0.731,0.253,-0.483,0.253,117,E,53,S,,,373570,273.72,0
2478,5870.000,"Mount",-0.049,0.199,-0.132,-0.158,-0.117,0.000,28,E,0,,,,373903,277.74,0
2479,5872.197,"Mount",0.265,0.305,0.105,-0.390,0.000,0.000,0,,0,,,,380057,271.61,0
2480,5876.152,"Mount",1.110,0.197,0.911,-0.664,0.574,-0.664,139,W,1428,N,,,365592,271.64,0
2481,5878.357,"Mount",0.135,0.023,0.111,-0.080,0.000,0.000,0,,0,,,,386513,299.76,0
2482,5880.776,"Mount",-0.290,0.126,-0.316,0.015,-0.199,0.000,48,E,0,,,,408658,299.34,0
2483,5882.952,"Mount",-0.005,0.006,-0.008,-0.003,0.000,0.000,0,,0,,,,383772,314.72,0
2484,5885.384,"Mount",-0.402,0.152,-0.428,0.040,-0.270,0.000,65,E,0,,,,381575,288.35,0
2485,5887.579,"Mount",-0.025,-0.093,0.018,0.095,0.000,0.000,0,,0,,,,366995,313.30,0
2486,5890.017,"Mount",-0.513,0.016,-0.468,0.211,-0.295,0.000,71,E,0,,,,379555,269.29,0
2487,5892.361,"Mount",-0.718,0.042,-0.663,0.277,-0.438,0.000,106,E,0,,,,389742,268.79,0
2488,5894.776,"Mount",-0.226,0.110,-0.251,0.001,-0.189,0.000,46,E,0,,,,358328,263.88,0
2489,5896.957,"Mount",-0.098,-0.004,-0.086,0.047,0.000,0.000,0,,0,,,,374089,320.03,0
2490,5899.284,"Mount",-0.090,0.047,-0.102,-0.002,0.000,0.000,0,,0,,,,386865,295.45,0
2491,5901.477,"Mount",0.037,-0.178,0.111,0.143,0.000,0.000,0,,0,,,,361537,268.31,0
2492,5903.872,"Mount",-0.089,0.250,-0.189,-0.185,-0.119,0.000,29,E,0,,,,350512,267.50,0
2493,5906.112,"Mount",-0.283,-0.150,-0.189,0.259,-0.127,0.000,31,E,0,,,,354266,270.82,0
2494,5908.544,"Mount",-0.276,-0.005,-0.246,0.125,-0.164,0.000,40,E,0,,,,358592,293.00,0
2495,5910.817,"Mount",-0.363,0.051,-0.348,0.113,-0.231,0.000,56,E,0,,,,382872,334.34,0
2496,5914.576,"Mount",-0.221,-0.152,-0.132,0.233,-0.099,0.233,24,E,1338,S,,,379398,281.97,0
2497,5916.964,"Mount",-0.166,0.040,-0.167,0.037,-0.112,0.000,27,E,0,,,,377570,310.16,0
2498,5919.339,"Mount",0.090,0.011,0.077,-0.049,0.000,0.000,0,,0,,,,380565,290.20,0
2499,5921.664,"Mount",0.214,-0.349,0.345,0.220,0.218,0.220,53,W,46,S,,,367672,324.66,0
2500,5924.089,"Mount",0.329,-0.170,0.370,0.008,0.248,0.000,60,W,0,,,,394050,279.52,0
2501,5926.352,"Mount",-0.408,0.242,-0.473,-0.039,-0.281,0.000,68,E,0,,,,374803,301.23,0
2502,5928.760,"Mount",-0.274,0.069,-0.276,0.058,-0.194,0.000,47,E,0,,,,370587,285.13,0
2503,5931.040,"Mount",-0.479,0.098,-0.474,0.122,-0.312,0.000,75,E,0,,,,382385,309.39,0
2504,5933.388,"Mount",-0.029,-0.169,0.048,0.165,0.000,0.000,0,,0,,,,396242,301.18,0
2505,5935.632,"Mount",0.127,-0.081,0.149,0.017,0.094,0.000,23,W,0,,,,385536,279.86,0
2506,5937.970,"Mount",0.091,0.047,0.062,-0.082,0.000,0.000,0,,0,,,,388923,293.67,0
2507,5940.149,"Mount",0.083,-0.111,0.123,0.064,0.000,0.000,0,,0,,,,365937,293.38,0
2508,5942.569,"Mount",0.277,-0.038,0.265,-0.088,0.167,0.000,40,W,0,,,,410516,323.83,0
2509,5944.840,"Mount",-0.351,0.070,-0.346,0.091,-0.206,0.000,50,E,0,,,,373675,292.15,0
2510,5947.320,"Mount",-0.604,0.157,-0.611,0.123,-0.400,0.000,97,E,0,,,,387765,276.66,0
2511,5949.648,"Mount",-0.682,0.128,-0.669,0.185,-0.449,0.000,109,E,0,,,,417551,330.28,0
2512,5952.074,"Mount",-0.149,-0.102,-0.089,0.157,0.000,0.000,0,,0,,,,398438,300.93,0
2513,5954.535,"Mount",-0.250,-0.125,-0.170,0.222,-0.107,0.222,26,E,47,S,,,383917,270.84,0
2514,5956.917,"Mount",0.080,0.163,0.000,-0.181,0.000,0.000,0,,0,,,,368621,251.95,0
2515,5959.200,"Mount",-0.010,-0.311,0.127,0.284,0.000,0.284,0,,60,S,,,386498,301.08,0
INFO: SET LOCK POSITION, new lock pos = 636.649, 897.111
INFO: DITHER by 2.797, 3.437, new lock pos = 637.654, 892.796
INFO: SETTLING STATE CHANGE, Settling started
2516,5964.617,"Mount",-1.005,4.315,-2.797,-3.437,-2.797,-3.437,675,E,2038,N,,,412328,299.01,0
2517,5967.680,"Mount",1.873,1.667,0.951,-2.320,0.599,-2.320,145,W,487,N,,,392883,259.05,0
2518,5970.233,"Mount",0.819,1.507,0.074,-1.713,0.000,-1.713,0,,360,N,,,391679,281.88,0
2519,5972.681,"Mount",-0.521,-0.002,-0.467,0.231,-0.294,0.000,71,E,0,,,,398299,324.80,0
2520,5974.953,"Mount",0.261,-0.571,0.485,0.398,0.285,0.000,69,W,0,,,,385956,278.01,0
2521,5977.384,"Mount",0.021,-0.630,0.295,0.557,0.206,0.000,50,W,0,,,,420828,303.03,0
2522,5979.563,"Mount",0.027,-0.126,0.079,0.102,0.000,0.000,0,,0,,,,422864,324.20,0
2523,5981.945,"Mount",-0.267,-0.010,-0.236,0.126,-0.148,0.000,36,E,0,,,,408320,298.64,0
2524,5984.200,"Mount",-0.422,-0.062,-0.352,0.241,-0.232,0.000,56,E,0,,,,410808,301.93,0
INFO: SETTLING STATE CHANGE, Settling complete
2525,5986.609,"Mount",0.025,-0.521,0.251,0.457,0.142,0.000,34,W,0,,,,411596,327.85,0
2526,5988.796,"Mount",-0.145,-0.485,0.083,0.499,0.000,0.000,0,,0,,,,417821,310.61,0
2527,5992.712,"Mount",-0.003,-0.402,0.174,0.362,0.110,0.362,26,W,1392,S,,,443687,340.86,0
2528,5994.902,"Mount",0.015,-0.150,0.080,0.128,0.000,0.000,0,,0,,,,413569,289.52,0
2529,5997.361,"Mount",0.610,0.173,0.472,-0.423,0.297,0.000,72,W,0,,,,422260,325.13,0
2530,5999.595,"Mount",0.099,0.446,-0.107,-0.445,0.000,0.000,0,,0,,,,437089,347.00,0
2531,6002.089,"Mount",0.777,0.125,0.643,-0.453,0.405,0.000,98,W,0,,,,397459,296.88,0
2532,6004.337,"Mount",0.362,0.329,0.181,-0.455,0.142,0.000,34,W,0,,,,428014,319.68,0
2533,6006.785,"Mount",0.414,-0.068,0.402,-0.120,0.263,0.000,64,W,0,,,,399858,293.70,0
2534,6009.081,"Mount",-0.387,0.463,-0.551,-0.246,-0.329,0.000,79,E,0,,,,400008,273.20,0
2535,6011.593,"Mount",-0.726,0.594,-0.913,-0.215,-0.598,0.000,145,E,0,,,,433678,308.79,0
2536,6015.280,"Mount",0.009,0.543,-0.231,-0.492,-0.187,-0.492,45,E,1419,N,,,436586,315.02,0
2537,6017.825,"Mount",-1.188,0.208,-1.159,0.334,-0.743,0.000,180,E,0,,,,418376,317.22,0
2538,6019.997,"Mount",-0.092,-0.144,-0.019,0.170,0.000,0.000,0,,0,,,,410314,346.03,0
2539,6022.449,"Mount",-0.347,-0.051,-0.289,0.198,-0.182,0.000,44,E,0,,,,426893,322.67,0
2540,6024.680,"Mount",-0.021,-0.434,0.171,0.399,0.095,0.000,23,W,0,,,,414480,342.03,0
2541,6027.137,"Mount",0.493,-0.210,0.536,-0.028,0.344,0.000,83,W,0,,,,430891,318.70,0
2542,6029.521,"Mount",0.758,-0.659,0.970,0.259,0.635,0.000,153,W,0,,,,413010,311.15,0
2543,6031.945,"Mount",-0.171,0.126,-0.209,-0.039,-0.087,0.000,21,E,0,,,,404751,319.43,0
2544,6034.210,"Mount",-0.551,0.093,-0.535,0.158,-0.343,0.000,83,E,0,,,,408994,301.77,0
2545,6037.945,"Mount",-0.214,-0.158,-0.123,0.236,0.000,0.236,0,,1366,S,,,414253,306.53,0
2546,6040.298,"Mount",-0.364,-0.141,-0.265,0.287,-0.167,0.287,40,E,60,S,,,426986,310.86,0
2547,6042.688,"Mount",-0.085,0.205,-0.167,-0.147,-0.117,0.000,28,E,0,,,,404421,303.15,0
2548,6044.878,"Mount",-0.038,0.112,-0.084,-0.084,0.000,0.000,0,,0,,,,397243,288.24,0
2549,6047.205,"Mount",-0.110,0.037,-0.115,0.015,0.000,0.000,0,,0,,,,424016,298.59,0
2550,6049.481,"Mount",-0.337,0.154,-0.371,0.010,-0.234,0.000,56,E,0,,,,400571,287.42,0
2551,6051.921,"Mount",-0.231,0.055,-0.232,0.052,-0.162,0.000,39,E,0,,,,409550,321.69,0
2552,6054.095,"Mount",-0.140,-0.076,-0.092,0.129,0.000,0.000,0,,0,,,,403575,318.26,0
2553,6056.422,"Mount",-0.038,0.123,-0.088,-0.094,0.000,0.000,0,,0,,,,375866,289.45,0
2554,6058.729,"Mount",-0.308,0.130,-0.334,0.018,-0.210,0.000,51,E,0,,,,414053,297.37,0
2555,6061.161,"Mount",-0.264,0.258,-0.351,-0.116,-0.236,0.000,57,E,0,,,,434487,339.82,0
2556,6063.330,"Mount",0.060,0.151,-0.012,-0.162,0.000,0.000,0,,0,,,,397043,303.01,0
2557,6065.658,"Mount",-0.121,0.012,-0.114,0.042,0.000,0.000,0,,0,,,,418614,304.55,0
2558,6067.905,"Mount",-0.371,-0.021,-0.324,0.181,-0.204,0.000,49,E,0,,,,415478,335.64,0
2559,6070.232,"Mount",0.001,0.037,-0.016,-0.034,0.000,0.000,0,,0,,,,416200,311.44,0
2560,6072.408,"Mount",-0.010,-0.058,0.017,0.056,0.000,0.000,0,,0,,,,394108,287.17,0
2561,6074.809,"Mount",0.196,0.003,0.175,-0.088,0.110,0.000,27,W,0,,,,401375,307.84,0
2562,6077.211,"Mount",-1.139,0.473,-1.231,0.075,-0.768,0.000,186,E,0,,,,404854,301.78,0
2563,6079.566,"Mount",0.030,-0.131,0.085,0.105,0.000,0.000,0,,0,,,,406787,282.21,0
2564,6081.912,"Mount",-0.380,-0.216,-0.247,0.361,-0.155,0.361,38,E,76,S,,,429406,320.39,0
2565,6084.329,"Mount",-0.247,0.010,-0.226,0.100,-0.153,0.000,37,E,0,,,,416947,310.05,0
2566,6086.665,"Mount",-0.279,-0.128,-0.195,0.238,-0.133,0.238,32,E,50,S,,,395242,288.22,0
2567,6089.065,"Mount",-0.034,0.244,-0.137,-0.204,-0.096,0.000,23,E,0,,,,403022,310.85,0
2568,6091.305,"Mount",-0.219,0.026,-0.209,0.072,-0.138,0.000,33,E,0,,,,391363,287.93,0
2569,6093.633,"Mount",-0.109,-0.163,-0.026,0.194,0.000,0.000,0,,0,,,,419462,319.41,0
2570,6095.809,"Mount",0.081,0.165,0.000,-0.184,0.000,0.000,0,,0,,,,416461,324.20,0
2571,6098.147,"Mount",0.099,-0.042,0.107,-0.006,0.000,0.000,0,,0,,,,398637,303.66,0
2572,6100.385,"Mount",-0.327,-0.049,-0.272,0.187,-0.171,0.000,41,E,0,,,,399719,322.07,0
2573,6102.731,"Mount",0.004,-0.181,0.083,0.160,0.000,0.000,0,,0,,,,396550,305.79,0
2574,6104.996,"Mount",-0.243,0.181,-0.298,-0.056,-0.188,0.000,45,E,0,,,,407367,336.40,0
2575,6107.393,"Mount",0.075,-0.159,0.137,0.110,0.073,0.000,18,W,0,,,,380756,278.55,0
2576,6109.768,"Mount",0.012,-0.287,0.137,0.252,0.091,0.252,22,W,53,S,,,423245,327.96,0
2577,6112.217,"Mount",0.253,-0.241,0.333,0.105,0.216,0.000,52,W,0,,,,405176,298.23,0
2578,6114.379,"Mount",0.133,-0.020,0.129,-0.041,0.000,0.000,0,,0,,,,411469,302.71,0
2579,6116.777,"Mount",0.098,-0.126,0.143,0.070,0.090,0.000,22,W,0,,,,444070,330.74,0
2580,6119.025,"Mount",-0.187,0.082,-0.204,0.008,-0.122,0.000,30,E,0,,,,403907,307.60,0
2581,6121.433,"Mount",0.099,-0.134,0.148,0.077,0.085,0.000,20,W,0,,,,407782,289.79,0
2582,6123.799,"Mount",-0.407,-0.257,-0.253,0.410,-0.153,0.410,37,E,86,S,,,429906,309.71,0
2583,6126.241,"Mount",-0.270,0.022,-0.252,0.099,-0.170,0.000,41,E,0,,,,424860,316.19,0
2584,6128.497,"Mount",-0.281,0.069,-0.283,0.061,-0.190,0.000,46,E,0,,,,427351,300.26,0
2585,6130.838,"Mount",0.061,0.022,0.045,-0.046,0.000,0.000,0,,0,,,,399165,324.13,0
2586,6133.120,"Mount",-0.082,-0.389,0.097,0.386,0.000,0.386,0,,81,S,,,425672,316.77,0
2587,6135.537,"Mount",-0.274,0.030,-0.260,0.093,-0.164,0.000,40,E,0,,,,381447,309.78,0
2588,6137.785,"Mount",-0.188,-0.131,-0.112,0.200,0.000,0.200,0,,42,S,,,460826,359.24,0
2589,6140.233,"Mount",-0.108,-0.343,0.053,0.356,0.000,0.356,0,,75,S,,,420934,331.59,0
2590,6142.398,"Mount",-0.058,-0.139,0.008,0.150,0.000,0.000,0,,0,,,,418216,290.06,0
2591,6144.881,"Mount",-0.455,0.100,-0.453,0.110,-0.285,0.000,69,E,0,,,,418216,310.28,0
2592,6147.121,"Mount",-0.191,-0.073,-0.140,0.149,-0.108,0.000,26,E,0,,,,428414,335.77,0
2593,6149.529,"Mount",0.121,-0.181,0.188,0.110,0.111,0.000,27,W,0,,,,414535,328.70,0
2594,6151.801,"Mount",-0.142,0.274,-0.248,-0.184,-0.148,0.000,36,E,0,,,,422987,314.94,0
2595,6154.125,"Mount",-0.020,-0.107,0.029,0.106,0.000,0.000,0,,0,,,,411010,335.54,0
2596,6156.369,"Mount",0.361,-0.055,0.348,-0.109,0.219,0.000,53,W,0,,,,383095,324.30,0
2597,6158.701,"Mount",0.018,0.049,-0.005,-0.052,0.000,0.000,0,,0,,,,421929,312.40,0
2598,6160.891,"Mount",0.087,0.052,0.055,-0.085,0.000,0.000,0,,0,,,,431712,351.36,0
2599,6163.328,"Mount",-0.069,-0.244,0.045,0.249,0.000,0.249,0,,52,S,,,395483,275.17,0
2600,6165.608,"Mount",0.034,0.080,-0.004,-0.087,0.000,0.000,0,,0,,,,415951,345.43,0
2601,6168.057,"Mount",-0.462,0.221,-0.512,0.004,-0.323,0.000,78,E,0,,,,446823,316.94,0
2602,6170.321,"Mount",-0.459,0.107,-0.459,0.105,-0.312,0.000,75,E,0,,,,414893,319.19,0
2603,6172.685,"Mount",0.037,0.274,-0.087,-0.263,0.000,0.000,0,,0,,,,430598,305.82,0
2604,6174.852,"Mount",0.032,-0.013,0.035,-0.002,0.000,0.000,0,,0,,,,423367,324.97,0
2605,6177.183,"Mount",-0.068,0.042,-0.079,-0.008,0.000,0.000,0,,0,,,,405261,309.74,0
2606,6179.529,"Mount",0.728,-0.244,0.761,-0.100,0.479,0.000,116,W,0,,,,424064,334.12,0
2607,6181.985,"Mount",0.203,-0.303,0.316,0.183,0.232,0.000,56,W,0,,,,408156,288.40,0
2608,6184.225,"Mount",0.118,-0.060,0.132,0.002,0.099,0.000,24,W,0,,,,394957,292.49,0
2609,6186.648,"Mount",-0.210,-0.184,-0.108,0.258,0.000,0.258,0,,54,S,,,424587,330.45,0
2610,6188.897,"Mount",-0.268,-0.008,-0.237,0.125,-0.150,0.000,36,E,0,,,,418768,313.21,0
2611,6191.329,"Mount",-0.401,0.040,-0.377,0.140,-0.248,0.000,60,E,0,,,,407811,296.70,0
2612,6193.585,"Mount",0.125,-0.083,0.149,0.020,0.076,0.000,18,W,0,,,,403503,286.05,0
2613,6195.985,"Mount",-0.182,-0.070,-0.133,0.143,-0.078,0.000,19,E,0,,,,397433,307.39,0
2614,6198.225,"Mount",0.088,-0.233,0.181,0.171,0.109,0.000,26,W,0,,,,386793,267.11,0
2615,6200.769,"Mount",-0.444,-0.229,-0.298,0.401,-0.180,0.401,44,E,84,S,,,435083,342.60,0
2616,6203.049,"Mount",-0.420,0.059,-0.403,0.131,-0.267,0.000,64,E,0,,,,407385,303.59,0
2617,6205.498,"Mount",-0.386,0.102,-0.392,0.078,-0.266,0.000,64,E,0,,,,383967,283.28,0
2618,6207.769,"Mount",-0.333,0.180,-0.378,-0.015,-0.257,0.000,62,E,0,,,,414264,312.67,0
2619,6210.130,"Mount",-0.025,0.157,-0.091,-0.130,0.000,0.000,0,,0,,,,403215,311.49,0
2620,6212.336,"Mount",0.010,-0.196,0.095,0.172,0.000,0.000,0,,0,,,,399455,312.37,0
2621,6214.784,"Mount",-0.149,-0.198,-0.048,0.243,0.000,0.243,0,,51,S,,,409962,310.24,0
2622,6217.058,"Mount",-0.081,0.097,-0.116,-0.051,0.000,0.000,0,,0,,,,396603,294.23,0
2623,6219.410,"Mount",0.041,0.018,0.029,-0.034,0.000,0.000,0,,0,,,,429934,314.34,0
2624,6221.649,"Mount",0.356,0.070,0.289,-0.219,0.182,0.000,44,W,0,,,,411258,315.75,0
2625,6224.041,"Mount",0.204,0.075,0.151,-0.157,0.108,0.000,26,W,0,,,,411334,307.82,0
2626,6226.305,"Mount",-0.400,0.208,-0.451,-0.012,-0.276,0.000,67,E,0,,,,417013,348.43,0
2627,6228.881,"Mount",-1.044,0.774,-1.278,-0.237,-0.824,0.000,199,E,0,,,,381210,274.12,0
2628,6231.194,"Mount",-0.689,0.211,-0.712,0.113,-0.506,0.000,122,E,0,,,,418892,302.61,0
2629,6233.601,"Mount",0.227,-0.162,0.275,0.046,0.138,0.000,33,W,0,,,,405347,312.28,0
2630,6235.791,"Mount",0.014,-0.167,0.086,0.144,0.000,0.000,0,,0,,,,426663,299.70,0
2631,6238.118,"Mount",0.152,0.048,0.116,-0.110,0.000,0.000,0,,0,,,,435131,316.77,0
2632,6240.285,"Mount",-0.211,-0.287,-0.064,0.351,0.000,0.000,0,,0,,,,417059,312.82,0
2633,6242.681,"Mount",0.260,-0.142,0.296,0.013,0.186,0.000,45,W,0,,,,419300,310.84,0
2634,6244.993,"Mount",0.463,-0.235,0.519,0.008,0.340,0.000,82,W,0,,,,410490,311.43,0
2635,6247.339,"Mount",-0.198,-0.123,-0.124,0.198,0.000,0.000,0,,0,,,,425170,302.58,0
2636,6249.640,"Mount",-0.249,-0.386,-0.054,0.456,0.000,0.456,0,,96,S,,,410167,320.12,0
2637,6252.073,"Mount",0.202,-0.164,0.254,0.059,0.160,0.000,39,W,0,,,,425361,284.67,0
2638,6254.256,"Mount",0.027,0.062,-0.003,-0.068,0.000,0.000,0,,0,,,,407060,322.93,0
2639,6256.681,"Mount",0.217,0.108,0.148,-0.193,0.093,0.000,22,W,0,,,,383688,296.62,0
2640,6258.937,"Mount",-0.169,0.229,-0.252,-0.131,-0.152,0.000,37,E,0,,,,393773,294.55,0
2641,6261.274,"Mount",0.187,0.106,0.122,-0.177,0.000,0.000,0,,0,,,,426350,312.79,0
2642,6263.610,"Mount",0.852,-0.084,0.802,-0.298,0.505,0.000,122,W,0,,,,412016,337.16,0
2643,6266.121,"Mount",0.838,-0.080,0.788,-0.296,0.532,0.000,128,W,0,,,,411519,304.75,0
2644,6268.285,"Mount",0.029,0.158,-0.043,-0.155,0.000,0.000,0,,0,,,,429631,289.64,0
2645,6270.682,"Mount",0.298,0.162,0.197,-0.277,0.124,0.000,30,W,0,,,,422823,322.73,0
2646,6272.937,"Mount",-0.165,0.285,-0.273,-0.183,-0.164,0.000,39,E,0,,,,423090,318.55,0
2647,6275.282,"Mount",0.112,0.031,0.087,-0.077,0.000,0.000,0,,0,,,,419536,334.35,0
2648,6277.447,"Mount",0.148,0.138,0.072,-0.189,0.000,0.000,0,,0,,,,393075,290.97,0
2649,6279.779,"Mount",0.083,0.267,-0.042,-0.277,0.000,0.000,0,,0,,,,440150,343.30,0
2650,6281.952,"Mount",0.146,0.133,0.073,-0.184,0.000,0.000,0,,0,,,,407022,321.83,0
2651,6284.385,"Mount",0.290,-0.361,0.419,0.197,0.264,0.000,64,W,0,,,,424402,341.57,0
2652,6286.586,"Mount",0.128,0.288,-0.011,-0.315,0.000,0.000,0,,0,,,,425250,300.99,0
2653,6288.993,"Mount",0.155,-0.133,0.197,0.052,0.124,0.000,30,W,0,,,,422258,326.91,0
2654,6291.168,"Mount",-0.030,0.020,-0.036,-0.005,0.000,0.000,0,,0,,,,394904,297.72,0
2655,6293.495,"Mount",0.113,0.126,0.046,-0.162,0.000,0.000,0,,0,,,,427203,316.99,0
2656,6295.753,"Mount",-0.101,0.139,-0.152,-0.081,-0.096,0.000,23,E,0,,,,412934,289.61,0
2657,6298.153,"Mount",0.158,-0.086,0.180,0.008,0.106,0.000,26,W,0,,,,422371,315.62,0
2658,6300.315,"Mount",0.053,-0.011,0.052,-0.013,0.000,0.000,0,,0,,,,420826,310.36,0
2659,6302.697,"Mount",0.272,0.248,0.135,-0.343,0.085,0.000,21,W,0,,,,419791,337.49,0
2660,6304.868,"Mount",0.108,-0.018,0.105,-0.031,0.000,0.000,0,,0,,,,411175,319.27,0
2661,6307.337,"Mount",0.452,-0.288,0.533,0.061,0.336,0.000,81,W,0,,,,433506,341.76,0
2662,6309.569,"Mount",0.144,-0.251,0.240,0.163,0.174,0.000,42,W,0,,,,417437,319.54,0
2663,6311.996,"Mount",-0.071,-0.190,0.020,0.202,0.000,0.202,0,,42,S,,,396805,282.88,0
2664,6314.257,"Mount",-0.257,0.311,-0.368,-0.166,-0.232,0.000,56,E,0,,,,406493,306.17,0
2665,6316.737,"Mount",-0.421,0.098,-0.421,0.097,-0.282,0.000,68,E,0,,,,421124,330.78,0
2666,6318.940,"Mount",-0.020,0.004,-0.020,0.005,0.000,0.000,0,,0,,,,406687,303.95,0
2667,6321.345,"Mount",-0.107,0.166,-0.169,-0.103,-0.106,0.000,26,E,0,,,,415825,325.16,0
2668,6323.510,"Mount",0.094,-0.003,0.086,-0.038,0.000,0.000,0,,0,,,,398221,276.95,0
2669,6325.921,"Mount",0.317,0.051,0.262,-0.185,0.165,0.000,40,W,0,,,,429185,307.43,0
2670,6328.201,"Mount",0.266,-0.076,0.272,-0.048,0.183,0.000,44,W,0,,,,411944,314.27,0
2671,6330.625,"Mount",0.348,-0.023,0.323,-0.132,0.217,0.000,52,W,0,,,,432443,297.37,0
2672,6332.796,"Mount",0.082,0.081,0.038,-0.109,0.000,0.000,0,,0,,,,408859,327.86,0
2673,6335.185,"Mount",-0.017,0.268,-0.133,-0.234,-0.084,0.000,20,E,0,,,,403191,323.44,0
2674,6337.378,"Mount",-0.100,0.089,-0.128,-0.036,0.000,0.000,0,,0,,,,409961,309.66,0
2675,6339.777,"Mount",-0.190,0.179,-0.249,-0.078,-0.157,0.000,38,E,0,,,,418403,310.24,0
2676,6342.017,"Mount",-0.114,0.063,-0.130,-0.006,-0.093,0.000,22,E,0,,,,418226,326.94,0
2677,6344.350,"Mount",0.029,0.177,-0.051,-0.172,0.000,0.000,0,,0,,,,412347,307.96,0
2678,6346.601,"Mount",-0.192,-0.022,-0.163,0.104,-0.103,0.000,25,E,0,,,,418461,319.76,0
2679,6348.951,"Mount",-0.030,0.096,-0.069,-0.073,0.000,0.000,0,,0,,,,394156,285.86,0
2680,6351.193,"Mount",-0.182,0.093,-0.204,-0.004,-0.129,0.000,31,E,0,,,,408371,320.14,0
2681,6353.601,"Mount",-0.377,0.196,-0.424,-0.010,-0.276,0.000,67,E,0,,,,421521,315.50,0
2682,6355.905,"Mount",-0.430,0.054,-0.410,0.141,-0.278,0.000,67,E,0,,,,418843,314.78,0
2683,6358.353,"Mount",-0.427,0.056,-0.409,0.137,-0.277,0.000,67,E,0,,,,404640,311.68,0
2684,6360.522,"Mount",-0.073,0.019,-0.074,0.015,0.000,0.000,0,,0,,,,398786,298.48,0
2685,6362.898,"Mount",-0.073,0.169,-0.140,-0.120,-0.088,0.000,21,E,0,,,,404843,282.57,0
2686,6365.297,"Mount",-0.322,0.240,-0.394,-0.074,-0.255,0.000,62,E,0,,,,413367,333.80,0
2687,6367.745,"Mount",-0.302,-0.075,-0.239,0.200,-0.168,0.000,41,E,0,,,,400799,305.74,0
2688,6370.001,"Mount",-0.214,-0.151,-0.126,0.230,0.000,0.230,0,,48,S,,,384067,284.40,0
2689,6372.497,"Mount",-0.471,0.104,-0.469,0.113,-0.296,0.000,71,E,0,,,,418854,308.48,0
2690,6374.737,"Mount",-0.203,0.174,-0.259,-0.067,-0.184,0.000,44,E,0,,,,415905,311.08,0
2691,6377.233,"Mount",-0.655,0.307,-0.723,0.012,-0.468,0.000,113,E,0,,,,399417,296.91,0
2692,6379.497,"Mount",-0.215,-0.050,-0.172,0.139,-0.141,0.000,34,E,0,,,,413181,320.35,0
2693,6381.913,"Mount",-0.123,0.287,-0.236,-0.204,-0.159,0.000,38,E,0,,,,409515,318.57,0
2694,6384.145,"Mount",-0.158,0.015,-0.148,0.055,-0.105,0.000,25,E,0,,,,415474,337.50,0
2695,6386.569,"Mount",-0.111,-0.251,0.010,0.274,0.000,0.274,0,,57,S,,,403524,309.48,0
2696,6388.754,"Mount",-0.053,-0.038,-0.031,0.057,0.000,0.000,0,,0,,,,418523,307.53,0
2697,6391.088,"Mount",-0.030,-0.014,-0.021,0.025,0.000,0.000,0,,0,,,,409107,303.65,0
2698,6393.277,"Mount",-0.096,-0.058,-0.061,0.094,0.000,0.000,0,,0,,,,406470,330.05,0
2699,6395.623,"Mount",-0.052,0.085,-0.084,-0.054,0.000,0.000,0,,0,,,,413512,295.57,0
2700,6397.792,"Mount",0.150,0.204,0.045,-0.250,0.000,0.000,0,,0,,,,407486,279.23,0
2701,6400.115,"Mount",-0.022,-0.177,0.058,0.168,0.000,0.000,0,,0,,,,434050,302.63,0
2702,6402.357,"Mount",0.144,0.182,0.049,-0.227,0.000,0.000,0,,0,,,,412351,301.45,0
2703,6404.687,"Mount",0.090,0.224,-0.018,-0.240,0.000,0.000,0,,0,,,,400633,291.50,0
2704,6406.876,"Mount",0.076,0.173,-0.008,-0.189,0.000,0.000,0,,0,,,,412630,270.93,0
2705,6409.232,"Mount",0.107,0.052,0.073,-0.093,0.000,0.000,0,,0,,,,413256,283.19,0
2706,6412.801,"Mount",0.133,0.211,0.027,-0.248,0.000,-0.248,0,,1368,N,,,414921,300.99,0
2707,6415.257,"Mount",0.435,-0.331,0.536,0.107,0.338,0.000,82,W,0,,,,405683,304.16,0
2708,6417.425,"Mount",0.055,0.002,0.048,-0.026,0.000,0.000,0,,0,,,,414743,299.68,0
2709,6419.760,"Mount",-0.072,-0.128,-0.008,0.147,0.000,0.000,0,,0,,,,424923,289.66,0
2710,6422.009,"Mount",-0.308,-0.140,-0.215,0.261,-0.135,0.000,33,E,0,,,,417880,321.81,0
2711,6424.357,"Mount",-0.204,-0.202,-0.095,0.271,0.000,0.000,0,,0,,,,405396,311.54,0
2712,6426.529,"Mount",-0.132,-0.280,0.004,0.310,0.000,0.000,0,,0,,,,408757,320.96,0
2713,6430.290,"Mount",-0.218,-0.196,-0.110,0.272,0.000,0.272,0,,1373,S,,,426056,288.21,0
2714,6432.561,"Mount",-0.254,-0.092,-0.188,0.194,-0.118,0.000,29,E,0,,,,395885,306.96,0
2715,6434.969,"Mount",0.189,0.048,0.149,-0.126,0.086,0.000,21,W,0,,,,447069,342.81,0
2716,6437.217,"Mount",0.108,-0.247,0.205,0.174,0.135,0.000,33,W,0,,,,418042,340.17,0
2717,6439.589,"Mount",-0.014,-0.059,0.013,0.060,0.000,0.000,0,,0,,,,388535,278.89,0
2718,6441.759,"Mount",-0.045,-0.052,-0.017,0.066,0.000,0.000,0,,0,,,,416338,340.83,0
2719,6444.153,"Mount",-0.182,0.036,-0.179,0.048,-0.113,0.000,27,E,0,,,,390014,316.85,0
2720,6446.401,"Mount",-0.112,-0.220,-0.004,0.246,0.000,0.246,0,,52,S,,,430469,349.26,0
2721,6448.768,"Mount",0.123,0.005,0.108,-0.059,0.000,0.000,0,,0,,,,433758,321.25,0
2722,6450.938,"Mount",-0.041,-0.002,-0.035,0.020,0.000,0.000,0,,0,,,,427207,336.32,0
2723,6453.287,"Mount",-0.079,-0.021,-0.062,0.053,0.000,0.000,0,,0,,,,399087,319.54,0
2724,6455.465,"Mount",-0.139,-0.125,-0.070,0.174,0.000,0.000,0,,0,,,,406059,285.67,0
2725,6457.866,"Mount",0.194,-0.140,0.236,0.041,0.149,0.000,36,W,0,,,,410419,333.02,0
2726,6460.039,"Mount",0.068,0.001,0.061,-0.030,0.000,0.000,0,,0,,,,425762,308.12,0
2727,6462.617,"Mount",-0.284,-0.234,-0.152,0.335,-0.096,0.335,23,E,70,S,,,430094,335.77,0
2728,6464.792,"Mount",-0.107,0.027,-0.108,0.022,0.000,0.000,0,,0,,,,410845,280.04,0
2729,6467.211,"Mount",-0.098,0.270,-0.206,-0.199,-0.130,0.000,31,E,0,,,,411429,296.51,0
2730,6469.465,"Mount",-0.272,0.231,-0.346,-0.089,-0.227,0.000,55,E,0,,,,418957,316.22,0
2731,6471.929,"Mount",-0.538,0.213,-0.577,0.044,-0.379,0.000,92,E,0,,,,408620,296.24,0
2732,6474.185,"Mount",-0.022,-0.233,0.083,0.219,0.000,0.219,0,,46,S,,,414873,322.49,0
2733,6476.516,"Mount",0.110,0.211,0.006,-0.238,0.000,0.000,0,,0,,,,408494,312.28,0
2734,6478.785,"Mount",0.181,0.018,0.155,-0.096,0.097,0.000,24,W,0,,,,408358,278.46,0
2735,6481.113,"Mount",0.157,0.178,0.063,-0.229,0.000,0.000,0,,0,,,,390710,299.82,0
2736,6483.385,"Mount",0.417,0.007,0.371,-0.190,0.234,0.000,57,W,0,,,,422779,323.35,0
2737,6485.736,"Mount",0.123,-0.030,0.124,-0.027,0.000,0.000,0,,0,,,,390596,293.30,0
2738,6487.916,"Mount",0.131,0.263,0.002,-0.293,0.000,0.000,0,,0,,,,411224,300.89,0
2739,6491.697,"Mount",-0.028,0.280,-0.148,-0.240,-0.093,-0.240,23,E,1366,N,,,404973,316.98,0
2740,6494.017,"Mount",-0.032,0.268,-0.146,-0.227,-0.099,-0.227,24,E,48,N,,,377168,301.00,0
2741,6496.473,"Mount",-0.373,-0.002,-0.335,0.166,-0.218,0.000,53,E,0,,,,367872,264.85,0
2742,6498.650,"Mount",-0.256,-0.251,-0.120,0.338,0.000,0.000,0,,0,,,,412576,296.70,0
2743,6500.993,"Mount",-0.013,-0.182,0.068,0.169,0.000,0.000,0,,0,,,,403076,331.43,0
2744,6503.156,"Mount",-0.207,-0.131,-0.129,0.209,0.000,0.000,0,,0,,,,397784,276.31,0
2745,6505.554,"Mount",-0.341,-0.117,-0.255,0.254,-0.161,0.000,39,E,0,,,,421067,306.46,0
2746,6507.724,"Mount",-0.137,-0.030,-0.110,0.087,0.000,0.000,0,,0,,,,427444,320.52,0
2747,6510.161,"Mount",-0.466,-0.028,-0.407,0.229,-0.256,0.000,62,E,0,,,,396488,297.09,0
2748,6513.873,"Mount",-0.509,-0.051,-0.435,0.269,-0.292,0.269,71,E,1373,S,,,387427,301.94,0
2749,6516.218,"Mount",-0.001,0.142,-0.063,-0.127,0.000,0.000,0,,0,,,,401197,293.77,0
2750,6518.433,"Mount",-0.156,0.004,-0.142,0.065,-0.089,0.000,22,E,0,,,,412589,315.73,0
2751,6520.787,"Mount",0.032,0.165,-0.044,-0.162,0.000,0.000,0,,0,,,,412415,327.41,0
2752,6523.033,"Mount",0.400,0.019,0.351,-0.192,0.221,0.000,53,W,0,,,,400723,318.80,0
2753,6525.497,"Mount",0.489,-0.093,0.481,-0.131,0.318,0.000,77,W,0,,,,391591,294.33,0
2754,6527.741,"Mount",0.089,-0.079,0.115,0.032,0.000,0.000,0,,0,,,,395803,319.80,0
2755,6530.073,"Mount",0.001,0.017,-0.006,-0.016,0.000,0.000,0,,0,,,,384715,306.03,0
2756,6532.329,"Mount",-0.127,0.175,-0.191,-0.101,-0.120,0.000,29,E,0,,,,401924,279.00,0
2757,6534.658,"Mount",-0.113,0.054,-0.126,0.001,0.000,0.000,0,,0,,,,410293,320.64,0
2758,6536.836,"Mount",0.032,0.297,-0.101,-0.281,0.000,0.000,0,,0,,,,389393,290.43,0
2759,6539.179,"Mount",-0.003,0.150,-0.068,-0.133,0.000,0.000,0,,0,,,,423643,305.42,0
2760,6541.362,"Mount",0.134,0.100,0.077,-0.148,0.000,0.000,0,,0,,,,404518,334.27,0
2761,6543.745,"Mount",0.199,0.108,0.132,-0.184,0.083,0.000,20,W,0,,,,399395,318.10,0
2762,6545.918,"Mount",-0.057,-0.036,-0.035,0.057,0.000,0.000,0,,0,,,,417068,304.26,0
2763,6548.410,"Mount",-0.077,-0.244,0.038,0.253,0.000,0.253,0,,53,S,,,410651,298.41,0
2764,6550.699,"Mount",-0.309,0.034,-0.292,0.105,-0.184,0.000,44,E,0,,,,417652,316.13,0
2765,6553.039,"Mount",0.034,0.051,0.008,-0.061,0.000,0.000,0,,0,,,,424584,343.96,0
2766,6555.276,"Mount",-0.131,0.271,-0.237,-0.186,-0.149,0.000,36,E,0,,,,415522,322.82,0
2767,6557.624,"Mount",-0.043,0.000,-0.039,0.019,0.000,0.000,0,,0,,,,395067,304.93,0
2768,6559.865,"Mount",-0.249,-0.026,-0.212,0.133,-0.134,0.000,32,E,0,,,,402114,303.75,0
2769,6562.313,"Mount",0.362,0.040,0.308,-0.195,0.184,0.000,45,W,0,,,,410128,270.32,0
2770,6564.586,"Mount",0.398,-0.212,0.451,0.016,0.297,0.000,72,W,0,,,,386471,322.91,0
2771,6566.940,"Mount",0.147,0.030,0.119,-0.091,0.000,0.000,0,,0,,,,403987,314.49,0
2772,6569.226,"Mount",-0.127,0.158,-0.184,-0.087,-0.116,0.000,28,E,0,,,,389294,314.15,0
2773,6571.591,"Mount",-0.009,-0.039,0.009,0.039,0.000,0.000,0,,0,,,,410697,318.53,0
2774,6573.741,"Mount",0.076,-0.037,0.084,-0.000,0.000,0.000,0,,0,,,,407654,310.93,0
2775,6576.217,"Mount",-0.427,0.390,-0.555,-0.163,-0.349,0.000,84,E,0,,,,402391,311.42,0
2776,6578.497,"Mount",-0.420,0.152,-0.444,0.048,-0.304,0.000,73,E,0,,,,409341,327.51,0
2777,6580.834,"Mount",-0.128,-0.036,-0.099,0.088,0.000,0.000,0,,0,,,,388642,317.83,0
2778,6583.105,"Mount",-0.351,-0.048,-0.294,0.197,-0.185,0.000,45,E,0,,,,409473,281.55,0
2779,6585.499,"Mount",0.071,-0.003,0.066,-0.028,0.000,0.000,0,,0,,,,413499,284.24,0
2780,6587.785,"Mount",0.230,-0.128,0.263,0.014,0.166,0.000,40,W,0,,,,394379,311.20,0
2781,6590.313,"Mount",0.583,-0.301,0.656,0.015,0.425,0.000,103,W,0,,,,409616,328.15,0
2782,6592.489,"Mount",0.117,0.085,0.068,-0.128,0.000,0.000,0,,0,,,,387931,289.97,0
INFO: SET LOCK POSITION, new lock pos = 637.654, 892.796
INFO: DITHER by 4.968, 4.997, new lock pos = 639.925, 886.126
INFO: SETTLING STATE CHANGE, Settling started
2783,6599.161,"Mount",-2.271,6.670,-4.968,-4.997,-4.968,-4.997,1200,E,2365,N,,,389189,280.62,0
2784,6602.289,"Mount",1.303,2.968,-0.132,-3.239,-0.083,-3.239,20,E,680,N,,,397770,273.97,0
2785,6604.946,"Mount",0.890,1.971,-0.065,-2.161,0.000,-2.161,0,,454,N,,,393293,318.56,0
2786,6607.293,"Mount",-0.288,-0.310,-0.123,0.405,0.000,0.000,0,,0,,,,394503,317.74,0
2787,6609.460,"Mount",-0.338,-0.478,-0.094,0.578,0.000,0.000,0,,0,,,,395506,301.20,0
2788,6611.857,"Mount",-0.411,-0.390,-0.198,0.531,-0.125,0.000,30,E,0,,,,395126,312.84,0
2789,6614.145,"Mount",-0.721,-0.284,-0.523,0.572,-0.338,0.000,82,E,0,,,,412273,266.93,0
2790,6618.121,"Mount",-0.805,-0.451,-0.525,0.758,-0.355,0.758,86,E,1475,S,,,379114,274.28,0
2791,6620.370,"Mount",-0.152,-0.214,-0.042,0.259,0.000,0.259,0,,54,S,,,388916,291.13,0
INFO: SETTLING STATE CHANGE, Settling complete
2792,6622.833,"Mount",-0.298,0.359,-0.425,-0.191,-0.268,0.000,65,E,0,,,,392497,287.24,0
2793,6625.088,"Mount",0.173,0.390,-0.016,-0.426,0.000,0.000,0,,0,,,,430415,324.94,0
2794,6627.427,"Mount",0.029,-0.036,0.042,0.020,0.000,0.000,0,,0,,,,406258,287.57,0
2795,6629.753,"Mount",0.169,-0.307,0.287,0.202,0.181,0.202,44,W,42,S,,,395227,291.10,0
2796,6632.249,"Mount",0.768,0.012,0.685,-0.348,0.444,0.000,107,W,0,,,,407820,314.28,0
2797,6634.420,"Mount",0.176,0.121,0.105,-0.186,0.000,0.000,0,,0,,,,421788,297.88,0
2798,6636.866,"Mount",-0.431,0.098,-0.430,0.101,-0.271,0.000,65,E,0,,,,431976,320.36,0
2799,6639.233,"Mount",-0.840,0.607,-1.021,-0.177,-0.662,0.000,160,E,0,,,,391090,285.91,0
2800,6641.785,"Mount",-0.445,-0.028,-0.387,0.220,-0.290,0.220,70,E,46,S,,,417176,312.70,0
2801,6644.009,"Mount",-0.028,0.308,-0.160,-0.265,-0.121,0.000,29,E,0,,,,409896,277.18,0
2802,6646.425,"Mount",-0.246,0.288,-0.348,-0.150,-0.228,0.000,55,E,0,,,,404280,344.56,0
2803,6648.681,"Mount",-0.262,-0.067,-0.206,0.175,-0.146,0.000,35,E,0,,,,400354,295.27,0
2804,6651.098,"Mount",0.326,-0.135,0.352,-0.021,0.212,0.000,51,W,0,,,,419882,318.63,0
2805,6653.377,"Mount",-0.274,0.240,-0.352,-0.096,-0.207,0.000,50,E,0,,,,408030,312.09,0
2806,6655.889,"Mount",-0.755,0.180,-0.757,0.170,-0.492,0.000,119,E,0,,,,380660,281.41,0
2807,6658.305,"Mount",-0.780,0.141,-0.762,0.216,-0.515,0.216,124,E,45,S,,,399995,297.14,0
2808,6660.714,"Mount",-0.062,0.202,-0.144,-0.154,-0.127,0.000,31,E,0,,,,376884,284.15,0
2809,6662.886,"Mount",-0.026,-0.048,-0.003,0.055,0.000,0.000,0,,0,,,,407404,321.21,0
2810,6665.241,"Mount",0.128,0.022,0.106,-0.076,0.000,0.000,0,,0,,,,407726,315.66,0
2811,6667.537,"Mount",-0.550,0.284,-0.619,-0.014,-0.390,0.000,94,E,0,,,,419473,325.97,0
2812,6669.994,"Mount",-0.465,0.207,-0.509,0.018,-0.348,0.000,84,E,0,,,,399281,319.40,0
2813,6672.274,"Mount",0.306,-0.020,0.284,-0.117,0.155,0.000,37,W,0,,,,395689,297.31,0
2814,6674.614,"Mount",-0.034,-0.077,0.003,0.084,0.000,0.000,0,,0,,,,421328,322.45,0
2815,6676.857,"Mount",-0.156,0.029,-0.153,0.042,-0.096,0.000,23,E,0,,,,433858,318.89,0
2816,6679.369,"Mount",-0.583,0.579,-0.778,-0.265,-0.497,0.000,120,E,0,,,,382032,291.79,0
2817,6681.641,"Mount",-0.196,0.224,-0.274,-0.116,-0.208,0.000,50,E,0,,,,411645,277.78,0
2818,6684.097,"Mount",-0.420,0.026,-0.389,0.161,-0.260,0.000,63,E,0,,,,392331,283.61,0
2819,6686.417,"Mount",-0.363,-0.130,-0.269,0.276,-0.188,0.276,45,E,58,S,,,391646,297.74,0
2820,6688.833,"Mount",0.186,-0.024,0.177,-0.060,0.099,0.000,24,W,0,,,,403694,308.39,0
2821,6690.993,"Mount",0.124,-0.025,0.122,-0.032,0.000,0.000,0,,0,,,,450208,331.09,0
2822,6693.497,"Mount",0.458,-0.230,0.513,0.005,0.323,0.000,78,W,0,,,,432822,315.09,0
2823,6695.817,"Mount",0.573,-0.292,0.644,0.011,0.428,0.000,103,W,0,,,,399750,278.05,0
2824,6698.313,"Mount",-0.300,-0.126,-0.215,0.245,-0.105,0.245,25,E,51,S,,,414778,312.99,0
2825,6700.769,"Mount",-0.968,0.196,-0.956,0.249,-0.610,0.249,147,E,52,S,,,402779,290.72,0
2826,6703.227,"Mount",-0.437,0.203,-0.482,0.010,-0.346,0.000,84,E,0,,,,428449,352.90,0
2827,6705.521,"Mount",-0.123,-0.235,-0.008,0.265,0.000,0.265,0,,56,S,,,380786,295.38,0
2828,6708.001,"Mount",-0.279,-0.090,-0.212,0.203,-0.133,0.203,32,E,43,S,,,394647,307.45,0
2829,6710.233,"Mount",0.181,0.021,0.153,-0.099,0.087,0.000,21,W,0,,,,369129,271.63,0
2830,6712.591,"Mount",-0.060,0.105,-0.100,-0.069,0.000,0.000,0,,0,,,,432292,302.28,0
2831,6714.953,"Mount",0.942,-0.494,1.063,0.030,0.670,0.000,162,W,0,,,,405955,302.62,0
2832,6717.361,"Mount",-0.236,0.076,-0.246,0.035,-0.108,0.000,26,E,0,,,,395199,270.93,0
2833,6719.531,"Mount",-0.026,-0.191,0.061,0.183,0.000,0.000,0,,0,,,,404062,310.64,0
2834,6721.937,"Mount",0.144,-0.053,0.153,-0.015,0.096,0.000,23,W,0,,,,380794,289.17,0
2835,6724.213,"Mount",0.053,-0.165,0.120,0.125,0.000,0.000,0,,0,,,,404154,323.70,0
2836,6726.555,"Mount",-0.011,-0.185,0.072,0.171,0.000,0.000,0,,0,,,,397800,297.46,0
2837,6728.801,"Mount",-0.264,0.041,-0.255,0.079,-0.161,0.000,39,E,0,,,,414099,341.05,0
2838,6731.273,"Mount",-0.298,-0.133,-0.209,0.250,-0.143,0.250,35,E,53,S,,,390039,303.96,0
2839,6733.513,"Mount",-0.229,0.090,-0.245,0.019,-0.165,0.000,40,E,0,,,,398862,307.17,0
2840,6735.921,"Mount",0.199,-0.243,0.286,0.131,0.168,0.000,41,W,0,,,,403536,297.61,0
2841,6738.169,"Mount",0.185,-0.133,0.224,0.038,0.153,0.000,37,W,0,,,,392744,283.08,0
2842,6740.561,"Mount",-0.219,-0.012,-0.192,0.107,-0.110,0.000,27,E,0,,,,409309,297.63,0
2843,6742.801,"Mount",0.129,-0.045,0.136,-0.017,0.078,0.000,19,W,0,,,,388828,318.31,0
2844,6745.265,"Mount",-0.365,0.328,-0.472,-0.134,-0.292,0.000,71,E,0,,,,398498,327.51,0
2845,6747.585,"Mount",-0.551,0.404,-0.673,-0.121,-0.444,0.000,107,E,0,,,,418143,294.27,0
2846,6750.081,"Mount",0.194,-0.326,0.318,0.208,0.169,0.208,41,W,44,S,,,397117,261.19,0
2847,6752.287,"Mount",0.120,-0.001,0.108,-0.052,0.000,0.000,0,,0,,,,399441,284.30,0
2848,6754.713,"Mount",-0.176,0.204,-0.248,-0.106,-0.156,0.000,38,E,0,,,,396753,270.47,0
2849,6756.897,"Mount",0.064,0.054,0.034,-0.077,0.000,0.000,0,,0,,,,415061,295.03,0
2850,6759.465,"Mount",0.373,-0.458,0.536,0.248,0.338,0.248,82,W,52,S,,,402672,294.29,0
2851,6761.689,"Mount",0.134,-0.050,0.142,-0.014,0.113,0.000,27,W,0,,,,414411,311.54,0
2852,6764.114,"Mount",-0.312,0.115,-0.331,0.034,-0.201,0.000,48,E,0,,,,407785,333.96,0
2853,6766.387,"Mount",-0.438,0.224,-0.492,-0.009,-0.324,0.000,78,E,0,,,,415387,292.20,0
2854,6768.857,"Mount",-0.485,0.038,-0.453,0.179,-0.308,0.000,74,E,0,,,,397770,315.44,0
2855,6771.097,"Mount",0.305,-0.114,0.324,-0.031,0.183,0.000,44,W,0,,,,403626,277.92,0
2856,6773.521,"Mount",-0.380,0.155,-0.409,0.028,-0.245,0.000,59,E,0,,,,406416,290.20,0
2857,6775.833,"Mount",0.179,-0.271,0.280,0.165,0.159,0.000,38,W,0,,,,393906,296.68,0
2858,6778.173,"Mount",0.028,0.110,-0.023,-0.111,0.000,0.000,0,,0,,,,386793,280.51,0
2859,6780.441,"Mount",0.289,-0.277,0.381,0.123,0.240,0.000,58,W,0,,,,405743,269.93,0
2860,6782.929,"Mount",0.697,-0.228,0.727,-0.101,0.475,0.000,115,W,0,,,,387805,291.33,0
2861,6785.165,"Mount",-0.186,-0.003,-0.166,0.085,-0.071,0.000,17,E,0,,,,403431,306.24,0
2862,6787.585,"Mount",-0.145,0.131,-0.188,-0.054,-0.123,0.000,30,E,0,,,,391888,303.89,0
2863,6789.961,"Mount",-0.565,-0.014,-0.502,0.261,-0.325,0.261,78,E,55,S,,,420301,296.83,0
2864,6792.417,"Mount",-0.389,0.056,-0.374,0.120,-0.258,0.000,62,E,0,,,,403261,295.92,0
2865,6794.649,"Mount",0.182,-0.093,0.204,0.004,0.111,0.000,27,W,0,,,,415394,295.99,0
2866,6797.121,"Mount",-0.629,0.088,-0.604,0.197,-0.373,0.000,90,E,0,,,,396691,303.36,0
2867,6799.665,"Mount",-1.123,0.312,-1.146,0.213,-0.748,0.213,181,E,45,S,,,420026,306.86,0
2868,6802.006,"Mount",-0.018,-0.126,0.039,0.121,0.000,0.000,0,,0,,,,402980,313.05,0
2869,6804.273,"Mount",0.143,-0.291,0.257,0.199,0.162,0.000,39,W,0,,,,370861,266.20,0
2870,6806.799,"Mount",-0.445,0.229,-0.500,-0.010,-0.304,0.000,73,E,0,,,,414148,311.63,0
2871,6808.980,"Mount",0.049,-0.098,0.087,0.066,0.000,0.000,0,,0,,,,401918,305.15,0
2872,6811.450,"Mount",-0.553,0.253,-0.607,0.016,-0.383,0.000,92,E,0,,,,414208,331.25,0
2873,6813.881,"Mount",-0.807,0.117,-0.776,0.249,-0.516,0.249,125,E,52,S,,,406638,285.62,0
2874,6816.329,"Mount",0.558,-0.118,0.553,-0.139,0.312,0.000,75,W,0,,,,396647,289.80,0
2875,6818.609,"Mount",0.495,-0.154,0.512,-0.079,0.345,0.000,83,W,0,,,,418673,263.15,0
2876,6821.145,"Mount",-0.919,0.726,-1.145,-0.249,-0.697,0.000,168,E,0,,,,401878,298.47,0
2877,6823.417,"Mount",0.477,-0.189,0.511,-0.039,0.273,0.000,66,W,0,,,,357895,276.63,0
2878,6825.763,"Mount",0.081,-0.041,0.090,0.001,0.000,0.000,0,,0,,,,361601,279.11,0
2879,6827.922,"Mount",-0.120,-0.085,-0.070,0.129,0.000,0.000,0,,0,,,,396541,300.14,0
2880,6830.249,"Mount",-0.100,-0.030,-0.077,0.070,0.000,0.000,0,,0,,,,383142,278.68,0
2881,6832.585,"Mount",-0.666,0.402,-0.775,-0.069,-0.488,0.000,118,E,0,,,,395753,285.37,0
2882,6835.033,"Mount",-0.388,0.213,-0.442,-0.021,-0.313,0.000,76,E,0,,,,379829,297.37,0
2883,6837.281,"Mount",-0.144,-0.175,-0.053,0.221,0.000,0.221,0,,46,S,,,395314,298.29,0
2884,6839.721,"Mount",0.317,-0.244,0.392,0.080,0.247,0.000,60,W,0,,,,380261,295.89,0
2885,6842.033,"Mount",0.491,-0.259,0.555,0.018,0.367,0.000,89,W,0,,,,408730,289.56,0
Guiding Ends at 2026-09-04 03:41:55

Guiding Begins at 2026-09-04 03:55:54
Equipment Profile = SW4P_EVO
Dither = both axes, Dither scale = 1.000, Image noise reduction = 2x2 mean, Guide-frame time lapse = 0, Server enabled
Pixel scale = 2.91 arc-sec/px, Binning = 1, Focal length = 266 mm
Search region = 15 px, Star mass tolerance = 50.0%, Multi-star mode, list size = 12
 Camera = ZWO ASI120MM Mini (ASCOM), full size = 1280 x 960, have dark, dark dur = 2000, no defect map, pixel size = 3.8 um
Exposure = 2000 ms
Mount = GPUSB, connected, guiding enabled, AuxMount=CPWI_ASCOM_Telescope, xAngle = -26.0, xRate = 4.140, yAngle = -116.0, yRate = 4.762, parity = +/-
Norm rates RA = 13.1"/s @ dec 0, Dec = 13.8"/s; ortho.err. = 0.0 deg
X guide algorithm = Hysteresis, Hysteresis = 0.100, Aggression = 0.700, Minimum move = 0.130
Y guide algorithm = Resist Switch, Minimum move = 0.200 Aggression = 100% FastSwitch = enabled
Backlash comp = enabled, pulse = 1316 ms
Max RA duration = 2500, Max DEC duration = 2500, DEC guide mode = Auto
RA Guide Speed = 14.9 a-s/s, Dec Guide Speed = 14.9 a-s/s, Cal Dec = -0.0, Last Cal Issue = None, Timestamp = 31/08/2026 21:19:06
RA = 20.01 hr, Dec = 22.8 deg, Hour angle = 5.57 hr, Pier side = East, Rotator pos = N/A, Alt = 19.8 deg, Az = 283.3 deg
Lock position = 628.940, 895.731, Star position = 628.940, 895.731, HFD = 2.71 px
Frame,Time,mount,dx,dy,RARawDistance,DECRawDistance,RAGuideDistance,DECGuideDistance,RADuration,RADirection,DECDuration,DECDirection,XStep,YStep,StarMass,SNR,ErrorCode
INFO: SETTLING STATE CHANGE, Settling started
1,2.652,"Mount",-0.029,-0.135,0.033,0.134,0.000,0.000,0,,0,,,,328743,255.77,0
2,4.909,"Mount",0.250,-0.073,0.257,-0.044,0.162,0.000,39,W,0,,,,343389,259.95,0
3,7.309,"Mount",-0.236,0.158,-0.281,-0.038,-0.166,0.000,40,E,0,,,,373237,296.35,0
4,9.542,"Mount",-0.210,0.061,-0.216,0.037,-0.147,0.000,36,E,0,,,,353336,263.71,0
5,11.889,"Mount",-0.092,-0.079,-0.049,0.111,0.000,0.000,0,,0,,,,351841,270.56,0
INFO: SETTLING STATE CHANGE, Settling complete
6,14.117,"Mount",-0.149,0.122,-0.187,-0.044,-0.118,0.000,28,E,0,,,,388101,283.40,0
7,16.621,"Mount",-0.510,0.541,-0.696,-0.263,-0.447,0.000,108,E,0,,,,337636,252.43,0
8,18.791,"Mount",-0.211,-0.386,-0.020,0.439,0.000,0.000,0,,0,,,,352432,256.23,0
9,21.229,"Mount",-0.551,-0.235,-0.392,0.453,-0.247,0.000,60,E,0,,,,366172,286.68,0
10,23.478,"Mount",-0.500,-0.275,-0.328,0.467,-0.224,0.000,54,E,0,,,,346565,273.40,0
11,26.086,"Mount",0.693,-0.591,0.882,0.227,0.540,0.227,130,W,48,S,,,375716,277.37,0
12,28.413,"Mount",-0.223,-0.184,-0.119,0.263,0.000,0.263,0,,55,S,,,347895,272.93,0
13,30.929,"Mount",-0.007,-0.402,0.170,0.365,0.107,0.365,26,W,77,S,,,370881,276.88,0
14,33.181,"Mount",-0.010,-0.307,0.126,0.280,0.000,0.280,0,,59,S,,,377432,282.39,0
15,35.597,"Mount",-0.120,-0.171,-0.033,0.206,0.000,0.206,0,,43,S,,,369420,295.26,0
16,37.942,"Mount",-0.350,-0.095,-0.273,0.239,-0.172,0.239,42,E,50,S,,,355302,297.17,0
17,40.359,"Mount",0.249,-0.125,0.278,0.003,0.163,0.000,39,W,0,,,,383315,291.76,0
18,42.621,"Mount",0.217,-0.242,0.301,0.123,0.201,0.000,49,W,0,,,,373160,293.29,0
19,45.045,"Mount",-0.177,0.262,-0.274,-0.158,-0.159,0.000,38,E,0,,,,382711,280.78,0
20,47.285,"Mount",-0.133,0.075,-0.152,-0.009,-0.107,0.000,26,E,0,,,,359873,295.16,0
21,49.636,"Mount",0.106,0.006,0.093,-0.052,0.000,0.000,0,,0,,,,372250,285.98,0
22,51.868,"Mount",0.070,0.010,0.058,-0.040,0.000,0.000,0,,0,,,,356084,296.64,0
23,54.309,"Mount",0.348,-0.125,0.368,-0.040,0.232,0.000,56,W,0,,,,369184,291.09,0
24,56.484,"Mount",0.009,-0.063,0.035,0.052,0.000,0.000,0,,0,,,,374806,272.77,0
25,58.833,"Mount",-0.080,0.044,-0.091,-0.005,0.000,0.000,0,,0,,,,354101,264.76,0
26,61.093,"Mount",0.342,-0.372,0.470,0.184,0.296,0.000,72,W,0,,,,374704,276.50,0
27,63.533,"Mount",-0.487,0.016,-0.445,0.200,-0.259,0.000,63,E,0,,,,361961,290.61,0
28,65.716,"Mount",-0.066,0.047,-0.080,-0.013,0.000,0.000,0,,0,,,,368954,264.62,0
29,68.253,"Mount",-0.473,-0.157,-0.356,0.349,-0.224,0.349,54,E,73,S,,,353175,278.05,0
30,70.501,"Mount",-0.135,0.218,-0.217,-0.137,-0.152,0.000,37,E,0,,,,342328,261.63,0
31,72.917,"Mount",0.112,-0.171,0.175,0.104,0.100,0.000,24,W,0,,,,358200,299.83,0
32,75.157,"Mount",-0.263,0.124,-0.291,0.004,-0.176,0.000,43,E,0,,,,351691,284.11,0
33,77.501,"Mount",-0.042,-0.041,-0.020,0.055,0.000,0.000,0,,0,,,,368459,301.20,0
34,79.773,"Mount",0.377,-0.288,0.465,0.094,0.293,0.000,71,W,0,,,,346439,277.61,0
35,82.222,"Mount",0.294,-0.310,0.400,0.149,0.273,0.000,66,W,0,,,,357956,280.19,0
36,84.621,"Mount",0.094,-0.474,0.292,0.385,0.203,0.385,49,W,81,S,,,332747,262.62,0
37,87.037,"Mount",0.112,-0.274,0.221,0.197,0.153,0.000,37,W,0,,,,333080,255.61,0
38,89.277,"Mount",-0.230,-0.106,-0.160,0.196,-0.090,0.000,22,E,0,,,,342638,265.61,0
39,91.693,"Mount",-0.082,-0.185,0.007,0.202,0.000,0.202,0,,42,S,,,352311,248.54,0
40,93.973,"Mount",-0.324,-0.026,-0.280,0.166,-0.176,0.000,43,E,0,,,,327455,268.75,0
41,96.517,"Mount",-0.292,-0.290,-0.135,0.389,-0.097,0.389,24,E,82,S,,,317583,266.31,0
42,98.829,"Mount",-0.217,-0.142,-0.133,0.223,-0.091,0.223,22,E,47,S,,,333662,272.84,0
43,101.565,"Mount",-1.456,0.079,-1.343,0.568,-0.853,0.568,206,E,119,S,,,326322,229.18,0
44,103.966,"Mount",0.367,-0.201,0.418,0.019,0.204,0.000,49,W,0,,,,352462,278.58,0
45,106.525,"Mount",-0.593,-0.051,-0.511,0.307,-0.307,0.307,74,E,64,S,,,323364,231.15,0
46,108.997,"Mount",0.604,-0.799,0.893,0.453,0.541,0.453,131,W,95,S,,,344339,265.19,0
47,111.421,"Mount",-0.393,0.068,-0.383,0.111,-0.203,0.000,49,E,0,,,,339999,252.90,0
48,113.790,"Mount",0.279,-0.399,0.426,0.236,0.254,0.236,61,W,50,S,,,316173,253.08,0
49,116.253,"Mount",-0.174,-0.281,-0.033,0.329,0.000,0.329,0,,69,S,,,338332,266.37,0
50,118.460,"Mount",-0.038,-0.128,0.022,0.132,0.000,0.000,0,,0,,,,352748,270.23,0
51,120.781,"Mount",0.036,-0.084,0.069,0.060,0.000,0.000,0,,0,,,,337590,223.84,0
52,123.021,"Mount",0.120,-0.189,0.191,0.117,0.120,0.000,29,W,0,,,,346564,244.25,0
53,125.589,"Mount",0.274,-0.568,0.495,0.390,0.320,0.390,77,W,82,S,,,329562,268.75,0
54,127.877,"Mount",0.372,-0.265,0.451,0.075,0.306,0.000,74,W,0,,,,331719,252.62,0
55,130.437,"Mount",-0.662,-0.047,-0.575,0.333,-0.341,0.333,82,E,70,S,,,327733,237.27,0
56,132.701,"Mount",-0.360,-0.021,-0.314,0.176,-0.222,0.000,54,E,0,,,,321115,266.14,0
57,135.229,"Mount",-0.869,0.276,-0.902,0.134,-0.584,0.000,141,E,0,,,,350624,268.25,0
58,137.402,"Mount",-0.134,-0.052,-0.097,0.106,0.000,0.000,0,,0,,,,317419,265.05,0
59,139.805,"Mount",0.085,-0.199,0.164,0.142,0.104,0.000,25,W,0,,,,324758,279.28,0
60,142.047,"Mount",0.221,-0.119,0.250,0.010,0.165,0.000,40,W,0,,,,330248,291.41,0
61,144.461,"Mount",-0.260,0.117,-0.285,0.009,-0.168,0.000,41,E,0,,,,329798,279.53,0
62,146.647,"Mount",-0.016,0.108,-0.062,-0.090,0.000,0.000,0,,0,,,,327262,272.71,0
63,149.117,"Mount",0.309,-0.335,0.425,0.166,0.268,0.000,65,W,0,,,,340953,251.29,0
64,151.387,"Mount",-0.506,0.141,-0.516,0.095,-0.307,0.000,74,E,0,,,,348017,259.90,0
65,153.845,"Mount",-0.545,0.094,-0.531,0.155,-0.356,0.000,86,E,0,,,,319673,237.79,0
66,156.158,"Mount",-0.450,0.052,-0.427,0.151,-0.294,0.000,71,E,0,,,,339134,252.74,0
67,158.653,"Mount",-0.344,-0.129,-0.252,0.266,-0.179,0.266,43,E,56,S,,,351018,282.29,0
68,160.989,"Mount",-0.039,-0.427,0.153,0.401,0.084,0.401,20,W,84,S,,,318243,257.96,0
69,163.509,"Mount",-0.285,-0.574,-0.004,0.641,0.000,0.641,0,,135,S,,,320581,246.75,0
70,165.893,"Mount",-0.215,-0.205,-0.103,0.279,0.000,0.279,0,,58,S,,,326995,224.59,0
71,168.341,"Mount",-0.414,0.243,-0.479,-0.036,-0.301,0.000,73,E,0,,,,315239,247.75,0
72,170.685,"Mount",-0.416,-0.053,-0.351,0.230,-0.242,0.230,58,E,48,S,,,326025,253.76,0
73,173.093,"Mount",-0.158,0.044,-0.161,0.030,-0.119,0.000,29,E,0,,,,332669,262.32,0
74,175.374,"Mount",0.433,-0.267,0.506,0.050,0.311,0.000,75,W,0,,,,332320,271.68,0
75,177.997,"Mount",0.530,-0.682,0.776,0.380,0.511,0.380,123,W,80,S,,,300621,230.62,0
76,180.293,"Mount",-0.519,0.265,-0.583,-0.010,-0.332,0.000,80,E,0,,,,290233,232.47,0
77,182.901,"Mount",-0.846,0.031,-0.774,0.344,-0.511,0.344,123,E,72,S,,,331043,267.45,0
78,185.301,"Mount",-0.657,-0.027,-0.578,0.312,-0.400,0.312,97,E,66,S,,,321234,271.72,0
79,187.797,"Mount",0.200,-0.327,0.323,0.206,0.176,0.206,42,W,43,S,,,327483,252.10,0
80,189.989,"Mount",-0.017,-0.100,0.028,0.097,0.000,0.000,0,,0,,,,326697,245.27,0
81,192.541,"Mount",-0.616,0.041,-0.572,0.233,-0.360,0.233,87,E,49,S,,,330012,238.52,0
82,194.727,"Mount",0.031,-0.039,0.045,0.022,0.000,0.000,0,,0,,,,328431,247.84,0
83,197.685,"Mount",0.354,-0.344,0.469,0.154,0.296,0.000,71,W,0,,,,320947,250.88,0
84,200.061,"Mount",0.243,-0.422,0.403,0.272,0.275,0.272,66,W,57,S,,,310999,224.79,0
85,202.685,"Mount",-0.975,0.160,-0.946,0.284,-0.577,0.284,139,E,60,S,,,342405,286.26,0
86,204.858,"Mount",-0.082,-0.166,-0.001,0.186,0.000,0.000,0,,0,,,,332018,252.65,0
87,207.302,"Mount",0.354,-0.217,0.414,0.040,0.261,0.000,63,W,0,,,,323021,254.18,0
88,209.542,"Mount",0.190,-0.149,0.237,0.050,0.167,0.000,40,W,0,,,,334364,248.08,0
89,211.966,"Mount",-0.248,-0.048,-0.202,0.151,-0.115,0.000,28,E,0,,,,353145,294.81,0
90,214.221,"Mount",-0.298,0.069,-0.298,0.069,-0.196,0.000,47,E,0,,,,312909,259.31,0
91,216.837,"Mount",0.230,-0.842,0.577,0.656,0.350,0.656,84,W,138,S,,,345050,275.84,0
92,219.301,"Mount",-1.119,0.268,-1.123,0.250,-0.683,0.250,165,E,53,S,,,326233,285.38,0
93,221.741,"Mount",-0.295,0.241,-0.371,-0.087,-0.281,0.000,68,E,0,,,,345736,245.67,0
94,224.094,"Mount",-0.390,-0.047,-0.330,0.213,-0.228,0.213,55,E,45,S,,,330531,267.80,0
95,226.533,"Mount",-0.269,-0.019,-0.233,0.135,-0.163,0.000,39,E,0,,,,346238,272.73,0
96,228.973,"Mount",0.531,-0.636,0.756,0.338,0.465,0.338,112,W,71,S,,,334745,261.38,0
97,231.413,"Mount",0.401,-0.101,0.405,-0.085,0.288,0.000,70,W,0,,,,337275,283.74,0
98,233.709,"Mount",0.470,-0.193,0.507,-0.033,0.339,0.000,82,W,0,,,,337184,281.12,0
99,236.381,"Mount",-1.170,0.123,-1.105,0.402,-0.673,0.402,162,E,85,S,,,297495,218.28,0
100,238.669,"Mount",0.100,-0.111,0.139,0.056,0.040,0.000,10,W,0,,,,342444,282.93,0
101,241.006,"Mount",-0.052,0.019,-0.055,0.006,0.000,0.000,0,,0,,,,339739,259.42,0
102,243.317,"Mount",-0.648,0.220,-0.679,0.087,-0.428,0.000,103,E,0,,,,329206,248.52,0
103,245.749,"Mount",-0.267,0.022,-0.250,0.097,-0.188,0.000,45,E,0,,,,348218,268.10,0
104,247.981,"Mount",-0.237,-0.058,-0.188,0.156,-0.131,0.000,32,E,0,,,,340708,238.44,0
105,250.388,"Mount",-0.152,0.140,-0.198,-0.059,-0.134,0.000,32,E,0,,,,297470,234.86,0
106,252.645,"Mount",0.494,0.176,0.367,-0.375,0.222,0.000,54,W,0,,,,353286,287.91,0
107,254.994,"Mount",0.005,-0.085,0.042,0.074,0.000,0.000,0,,0,,,,330402,247.21,0
108,257.156,"Mount",0.101,0.137,0.031,-0.167,0.000,0.000,0,,0,,,,335075,263.09,0
109,259.523,"Mount",0.142,0.053,0.104,-0.110,0.000,0.000,0,,0,,,,344002,273.95,0
110,261.760,"Mount",-0.121,0.322,-0.250,-0.236,-0.158,0.000,38,E,0,,,,349715,277.14,0
111,264.197,"Mount",0.281,-0.020,0.261,-0.105,0.153,0.000,37,W,0,,,,329886,263.22,0
112,266.375,"Mount",0.040,0.071,0.005,-0.082,0.000,0.000,0,,0,,,,325293,263.68,0
113,268.722,"Mount",0.093,0.145,0.020,-0.171,0.000,0.000,0,,0,,,,332753,247.78,0
114,272.333,"Mount",-0.030,0.271,-0.145,-0.230,-0.092,-0.230,22,E,1364,N,,,345953,278.04,0
115,274.821,"Mount",-0.271,0.238,-0.348,-0.095,-0.225,0.000,54,E,0,,,,342619,260.30,0
116,277.061,"Mount",0.163,-0.169,0.221,0.080,0.123,0.000,30,W,0,,,,327636,256.95,0
117,279.461,"Mount",0.165,-0.116,0.199,0.032,0.134,0.000,32,W,0,,,,359616,265.27,0
118,281.725,"Mount",-0.404,-0.009,-0.359,0.185,-0.217,0.000,52,E,0,,,,357045,273.20,0
119,284.165,"Mount",-0.474,0.039,-0.443,0.173,-0.294,0.000,71,E,0,,,,333816,246.81,0
120,286.469,"Mount",-0.385,0.195,-0.431,-0.006,-0.292,0.000,71,E,0,,,,342957,289.55,0
121,288.885,"Mount",0.187,-0.373,0.332,0.254,0.189,0.000,46,W,0,,,,321870,252.77,0
122,291.189,"Mount",-0.267,-0.131,-0.182,0.234,-0.102,0.000,25,E,0,,,,330026,241.89,0
123,293.661,"Mount",0.589,-0.288,0.655,0.001,0.406,0.000,98,W,0,,,,340569,291.76,0
124,295.917,"Mount",0.138,-0.223,0.222,0.139,0.168,0.000,41,W,0,,,,317296,255.92,0
125,298.255,"Mount",-0.137,-0.007,-0.120,0.066,0.000,0.000,0,,0,,,,328012,232.02,0
126,300.550,"Mount",-0.351,0.124,-0.369,0.043,-0.233,0.000,56,E,0,,,,297771,237.98,0
127,302.990,"Mount",0.238,-0.347,0.366,0.208,0.214,0.000,52,W,0,,,,307293,259.00,0
128,306.662,"Mount",0.001,-0.467,0.206,0.420,0.145,0.420,35,W,1404,S,,,302647,255.89,0
129,309.133,"Mount",-0.210,0.042,-0.208,0.055,-0.121,0.000,29,E,0,,,,314904,239.25,0
130,311.421,"Mount",-0.256,0.399,-0.405,-0.246,-0.263,0.000,64,E,0,,,,319642,257.19,0
131,313.861,"Mount",-0.192,0.205,-0.262,-0.100,-0.184,0.000,44,E,0,,,,318608,239.51,0
132,316.149,"Mount",-0.220,0.234,-0.300,-0.114,-0.202,0.000,49,E,0,,,,329980,269.61,0
133,318.654,"Mount",-0.455,0.835,-0.776,-0.551,-0.503,0.000,121,E,0,,,,326194,269.92,0
134,320.994,"Mount",0.761,0.039,0.667,-0.369,0.385,0.000,93,W,0,,,,319657,275.74,0
135,323.542,"Mount",-1.000,0.714,-1.211,-0.202,-0.736,0.000,178,E,0,,,,351579,273.84,0
136,327.085,"Mount",0.056,0.351,-0.104,-0.340,0.000,-0.340,0,,1317,N,,,320150,249.57,0
137,329.434,"Mount",0.064,0.099,0.014,-0.117,0.000,0.000,0,,0,,,,326515,256.40,0
138,331.670,"Mount",-0.221,0.113,-0.249,-0.005,-0.157,0.000,38,E,0,,,,329037,254.77,0
139,334.102,"Mount",0.130,-0.257,0.229,0.174,0.134,0.000,32,W,0,,,,353776,274.85,0
140,336.478,"Mount",-0.202,0.437,-0.374,-0.304,-0.226,-0.304,55,E,64,N,,,320582,258.84,0
141,338.893,"Mount",0.315,-0.217,0.378,0.056,0.223,0.000,54,W,0,,,,331450,250.58,0
142,341.264,"Mount",-0.362,0.432,-0.515,-0.230,-0.309,-0.230,75,E,48,N,,,333901,267.23,0
143,343.643,"Mount",-0.051,0.013,-0.052,0.011,0.000,0.000,0,,0,,,,324568,273.07,0
144,345.910,"Mount",-0.209,0.211,-0.280,-0.098,-0.176,0.000,43,E,0,,,,306944,241.40,0
145,348.317,"Mount",-0.114,0.147,-0.167,-0.082,-0.117,0.000,28,E,0,,,,316688,269.23,0
146,350.582,"Mount",0.395,-0.243,0.461,0.045,0.282,0.000,68,W,0,,,,316096,256.94,0
147,353.021,"Mount",-0.453,0.118,-0.459,0.093,-0.269,0.000,65,E,0,,,,322924,260.47,0
148,355.293,"Mount",-0.329,0.332,-0.441,-0.154,-0.297,0.000,72,E,0,,,,310342,267.47,0
149,357.758,"Mount",-0.478,0.288,-0.555,-0.049,-0.371,0.000,90,E,0,,,,316133,238.34,0
150,360.046,"Mount",-0.258,-0.038,-0.216,0.147,-0.162,0.000,39,E,0,,,,305428,233.77,0
151,362.541,"Mount",0.235,-0.178,0.290,0.057,0.171,0.000,41,W,0,,,,310422,254.45,0
152,364.797,"Mount",0.233,-0.201,0.298,0.078,0.200,0.000,48,W,0,,,,309760,242.48,0
153,367.253,"Mount",-0.626,0.073,-0.595,0.209,-0.361,0.000,87,E,0,,,,331680,248.62,0
154,369.573,"Mount",-0.701,0.272,-0.749,0.063,-0.497,0.000,120,E,0,,,,318132,235.31,0
155,372.029,"Mount",-0.514,0.069,-0.493,0.163,-0.345,0.000,83,E,0,,,,310963,242.22,0
156,374.205,"Mount",-0.129,-0.235,-0.013,0.268,0.000,0.000,0,,0,,,,317339,238.03,0
157,376.653,"Mount",-0.349,-0.021,-0.304,0.172,-0.192,0.000,46,E,0,,,,325034,244.17,0
158,380.270,"Mount",-0.503,-0.030,-0.439,0.247,-0.290,0.247,70,E,1298,S,,,321896,263.21,0
159,382.949,"Mount",0.788,-0.893,1.100,0.457,0.673,0.457,162,W,96,S,,,312497,244.47,0
160,385.221,"Mount",0.288,-0.253,0.370,0.101,0.280,0.000,68,W,0,,,,320512,277.76,0
161,387.653,"Mount",-0.417,0.139,-0.436,0.058,-0.255,0.000,62,E,0,,,,325562,253.48,0
162,389.821,"Mount",-0.082,-0.062,-0.046,0.091,0.000,0.000,0,,0,,,,318199,249.48,0
163,392.169,"Mount",-0.097,-0.139,-0.026,0.167,0.000,0.000,0,,0,,,,305910,238.65,0
164,394.357,"Mount",0.077,-0.087,0.108,0.044,0.000,0.000,0,,0,,,,333152,269.88,0
165,396.870,"Mount",0.167,-0.377,0.315,0.265,0.199,0.265,48,W,56,S,,,313494,273.95,0
166,399.198,"Mount",0.131,-0.266,0.235,0.181,0.162,0.000,39,W,0,,,,340342,247.41,0
167,401.701,"Mount",-0.015,-0.389,0.158,0.356,0.111,0.356,27,W,75,S,,,333749,253.15,0
168,403.973,"Mount",-0.307,-0.050,-0.254,0.180,-0.152,0.000,37,E,0,,,,315975,234.14,0
169,406.374,"Mount",0.102,-0.092,0.132,0.038,0.072,0.000,17,W,0,,,,352841,293.62,0
170,408.717,"Mount",-0.320,-0.081,-0.252,0.213,-0.154,0.213,37,E,45,S,,,322926,260.37,0
171,411.069,"Mount",-0.137,-0.040,-0.105,0.096,0.000,0.000,0,,0,,,,342214,290.86,0
172,413.438,"Mount",-0.501,-0.101,-0.406,0.310,-0.256,0.310,62,E,65,S,,,339004,262.24,0
173,415.845,"Mount",0.098,-0.160,0.158,0.100,0.082,0.000,20,W,0,,,,329161,250.87,0
174,418.009,"Mount",-0.080,-0.035,-0.056,0.067,0.000,0.000,0,,0,,,,310989,250.73,0
175,420.397,"Mount",0.206,-0.165,0.257,0.058,0.162,0.000,39,W,0,,,,319163,254.91,0
176,422.663,"Mount",0.320,-0.261,0.402,0.094,0.265,0.000,64,W,0,,,,353457,285.81,0
177,425.141,"Mount",0.588,-0.328,0.672,0.037,0.442,0.000,107,W,0,,,,330252,270.56,0
178,427.397,"Mount",0.251,-0.054,0.249,-0.061,0.188,0.000,45,W,0,,,,315825,241.45,0
179,429.989,"Mount",-0.827,0.131,-0.801,0.245,-0.491,0.245,119,E,51,S,,,333509,236.78,0
180,432.261,"Mount",-0.308,0.105,-0.322,0.041,-0.238,0.000,57,E,0,,,,321277,276.20,0
181,434.766,"Mount",-0.438,0.345,-0.545,-0.118,-0.360,0.000,87,E,0,,,,310140,234.70,0
182,437.054,"Mount",-0.542,0.077,-0.521,0.169,-0.353,0.000,85,E,0,,,,330107,251.29,0
183,439.462,"Mount",0.197,-0.131,0.234,0.032,0.123,0.000,30,W,0,,,,329115,292.58,0
184,441.758,"Mount",-0.519,0.103,-0.511,0.135,-0.314,0.000,76,E,0,,,,300969,237.75,0
185,444.286,"Mount",0.084,-0.407,0.255,0.329,0.138,0.329,33,W,69,S,,,297350,242.01,0
186,446.613,"Mount",0.617,-0.429,0.743,0.115,0.478,0.000,115,W,0,,,,312782,241.39,0
187,449.118,"Mount",0.546,-0.398,0.665,0.118,0.453,0.000,109,W,0,,,,304364,241.20,0
188,451.354,"Mount",-0.199,0.160,-0.249,-0.056,-0.125,0.000,30,E,0,,,,302911,239.79,0
189,453.885,"Mount",-0.850,0.464,-0.967,-0.044,-0.618,0.000,149,E,0,,,,319711,243.26,0
190,456.181,"Mount",-0.040,-0.224,0.062,0.219,0.000,0.219,0,,46,S,,,312628,223.19,0
191,458.621,"Mount",-0.466,0.045,-0.439,0.164,-0.276,0.000,67,E,0,,,,317200,255.58,0
192,461.053,"Mount",-0.908,0.096,-0.858,0.312,-0.560,0.312,135,E,66,S,,,320380,266.53,0
193,463.453,"Mount",0.130,-0.061,0.144,-0.002,0.052,0.000,12,W,0,,,,303773,263.69,0
194,465.869,"Mount",0.252,0.046,0.206,-0.152,0.134,0.000,32,W,0,,,,300171,278.75,0
195,468.194,"Mount",0.047,0.027,0.031,-0.045,0.000,0.000,0,,0,,,,319919,245.33,0
196,470.437,"Mount",-0.045,0.399,-0.216,-0.339,-0.136,0.000,33,E,0,,,,306203,229.71,0
197,474.446,"Mount",-0.946,1.144,-1.353,-0.613,-0.862,-0.613,208,E,1375,N,,,286413,195.34,0
198,476.981,"Mount",0.258,0.106,0.185,-0.209,0.056,-0.209,14,W,44,N,,,311703,237.28,0
199,479.177,"Mount",-0.055,0.025,-0.060,0.001,0.000,0.000,0,,0,,,,319078,266.25,0
200,481.758,"Mount",-0.317,0.508,-0.508,-0.317,-0.320,-0.317,77,E,67,N,,,315895,243.96,0
201,484.142,"Mount",-0.863,0.623,-1.049,-0.181,-0.683,0.000,165,E,0,,,,296024,230.22,0
202,486.566,"Mount",0.146,0.024,0.121,-0.085,0.000,0.000,0,,0,,,,273520,212.29,0
203,488.838,"Mount",0.371,-0.172,0.408,-0.008,0.257,0.000,62,W,0,,,,300257,269.12,0
204,491.253,"Mount",-0.176,0.061,-0.185,0.023,-0.098,0.000,24,E,0,,,,301514,248.20,0
205,493.533,"Mount",-0.216,0.151,-0.260,-0.041,-0.171,0.000,41,E,0,,,,301198,235.40,0
206,495.990,"Mount",-0.435,0.375,-0.555,-0.146,-0.362,0.000,87,E,0,,,,288744,218.08,0
207,498.302,"Mount",-0.441,0.374,-0.561,-0.143,-0.379,0.000,91,E,0,,,,272320,218.91,0
208,500.709,"Mount",0.273,-0.082,0.282,-0.047,0.151,0.000,36,W,0,,,,289446,247.61,0
209,502.950,"Mount",0.162,-0.032,0.159,-0.042,0.111,0.000,27,W,0,,,,318683,286.87,0
210,505.293,"Mount",-0.098,0.009,-0.092,0.035,0.000,0.000,0,,0,,,,312511,213.35,0
211,507.510,"Mount",0.148,-0.162,0.204,0.080,0.129,0.000,31,W,0,,,,301661,259.30,0
212,509.934,"Mount",0.351,-0.170,0.390,-0.001,0.255,0.000,62,W,0,,,,280174,256.41,0
213,512.189,"Mount",0.292,-0.131,0.320,-0.011,0.219,0.000,53,W,0,,,,338025,300.15,0
214,514.669,"Mount",-0.395,0.220,-0.451,-0.025,-0.269,0.000,65,E,0,,,,302841,257.32,0
215,517.022,"Mount",-0.264,0.358,-0.394,-0.206,-0.267,-0.206,65,E,43,N,,,288688,231.99,0
216,519.437,"Mount",-0.232,0.187,-0.290,-0.066,-0.202,0.000,49,E,0,,,,274204,232.16,0
217,521.709,"Mount",-0.317,0.261,-0.399,-0.096,-0.266,0.000,64,E,0,,,,288967,242.82,0
218,524.125,"Mount",0.273,-0.014,0.251,-0.108,0.140,0.000,34,W,0,,,,287936,238.24,0
219,526.311,"Mount",-0.018,-0.063,0.011,0.064,0.000,0.000,0,,0,,,,285679,220.85,0
220,528.798,"Mount",-0.672,0.397,-0.778,-0.062,-0.490,0.000,118,E,0,,,,298886,239.18,0
221,530.962,"Mount",0.016,0.001,0.014,-0.008,0.000,0.000,0,,0,,,,264585,217.53,0
222,533.300,"Mount",-0.136,-0.130,-0.066,0.176,0.000,0.000,0,,0,,,,290263,233.27,0
223,535.550,"Mount",0.213,0.108,0.144,-0.190,0.090,0.000,22,W,0,,,,275652,202.31,0
224,538.094,"Mount",0.761,-0.617,0.954,0.221,0.608,0.000,147,W,0,,,,299339,224.86,0
225,540.350,"Mount",0.145,-0.056,0.155,-0.013,0.140,0.000,34,W,0,,,,282326,233.21,0
Guiding Ends at 2026-09-04 04:04:57

Guiding Begins at 2026-09-04 05:08:00
Equipment Profile = SW4P_EVO
Dither = both axes, Dither scale = 1.000, Image noise reduction = 2x2 mean, Guide-frame time lapse = 0, Server enabled
Pixel scale = 2.91 arc-sec/px, Binning = 1, Focal length = 266 mm
Search region = 15 px, Star mass tolerance = 50.0%, Multi-star mode, list size = 12
 Camera = ZWO ASI120MM Mini (ASCOM), full size = 1280 x 960, have dark, dark dur = 2000, no defect map, pixel size = 3.8 um
Exposure = 2000 ms
Mount = GPUSB, connected, guiding enabled, AuxMount=CPWI_ASCOM_Telescope, xAngle = -26.0, xRate = 4.140, yAngle = -116.0, yRate = 4.762, parity = +/-
Norm rates RA = 13.1"/s @ dec 0, Dec = 13.8"/s; ortho.err. = 0.0 deg
X guide algorithm = Hysteresis, Hysteresis = 0.100, Aggression = 0.700, Minimum move = 0.130
Y guide algorithm = Resist Switch, Minimum move = 0.200 Aggression = 100% FastSwitch = enabled
Backlash comp = enabled, pulse = 1274 ms
Max RA duration = 2500, Max DEC duration = 2500, DEC guide mode = Auto
RA Guide Speed = 14.9 a-s/s, Dec Guide Speed = 14.9 a-s/s, Cal Dec = -0.0, Last Cal Issue = None, Timestamp = 31/08/2026 21:19:06
RA = 20.01 hr, Dec = 22.8 deg, Hour angle = 6.78 hr, Pier side = East, Rotator pos = N/A, Alt = 7.2 deg, Az = 294.5 deg
Lock position = 765.535, 810.730, Star position = 765.535, 810.730, HFD = 3.94 px
Frame,Time,mount,dx,dy,RARawDistance,DECRawDistance,RAGuideDistance,DECGuideDistance,RADuration,RADirection,DECDuration,DECDirection,XStep,YStep,StarMass,SNR,ErrorCode
INFO: SETTLING STATE CHANGE, Settling started
1,2.694,"Mount",-0.472,-0.075,-0.392,0.275,-0.247,0.000,60,E,0,,,,827547,427.86,0
2,4.905,"Mount",-0.297,-0.348,-0.114,0.443,0.000,0.000,0,,0,,,,738180,410.37,0
3,7.526,"Mount",-0.062,-0.831,0.309,0.774,0.194,0.774,47,W,163,S,,,725629,358.95,0
4,9.973,"Mount",-0.538,-0.907,-0.086,1.051,0.000,1.051,0,,221,S,,,741989,380.69,0
5,12.622,"Mount",-0.826,-0.441,-0.549,0.759,-0.346,0.759,83,E,159,S,,,734541,388.26,0
INFO: SETTLING STATE CHANGE, Settling complete
6,15.241,"Mount",-0.980,-1.159,-0.372,1.471,-0.258,1.471,62,E,309,S,,,801420,401.33,0
7,17.966,"Mount",-0.236,-1.282,0.351,1.256,0.203,1.256,49,W,264,S,,,803436,390.27,0
8,20.517,"Mount",-0.810,-1.019,-0.280,1.271,-0.162,1.271,39,E,267,S,,,730963,389.12,0
9,23.093,"Mount",-0.352,-0.833,0.049,0.903,0.000,0.903,0,,190,S,,,762163,407.56,0
10,25.461,"Mount",-0.242,-0.533,0.017,0.585,0.000,0.585,0,,123,S,,,885145,487.76,0
11,28.093,"Mount",-0.801,-0.395,-0.546,0.706,-0.344,0.706,83,E,148,S,,,730614,409.59,0
12,30.589,"Mount",-0.627,-0.701,-0.256,0.905,-0.185,0.905,45,E,190,S,,,750603,334.75,0
13,33.286,"Mount",0.419,-1.095,0.857,0.800,0.527,0.800,127,W,168,S,,,767735,410.69,0
14,35.935,"Mount",0.028,-1.305,0.597,1.160,0.413,1.160,100,W,244,S,,,735712,394.86,0
15,38.590,"Mount",0.429,-0.895,0.778,0.616,0.519,0.616,125,W,129,S,,,727262,391.38,0
16,40.965,"Mount",-0.038,-0.250,0.075,0.241,0.000,0.241,0,,51,S,,,749625,410.89,0
17,43.430,"Mount",-0.402,0.329,-0.505,-0.119,-0.318,0.000,77,E,0,,,,707139,376.14,0
18,45.687,"Mount",-0.347,0.130,-0.368,0.036,-0.254,0.000,61,E,0,,,,752874,396.94,0
19,48.142,"Mount",-0.286,0.279,-0.380,-0.125,-0.257,0.000,62,E,0,,,,753101,396.51,0
20,50.405,"Mount",0.291,-0.229,0.362,0.078,0.210,0.000,51,W,0,,,,757168,422.29,0
21,53.183,"Mount",-1.531,0.045,-1.395,0.632,-0.864,0.632,209,E,133,S,,,744721,390.76,0
22,55.645,"Mount",0.065,-0.885,0.447,0.767,0.221,0.767,53,W,161,S,,,709035,337.19,0
23,58.102,"Mount",-0.270,0.612,-0.511,-0.432,-0.306,0.000,74,E,0,,,,726768,403.29,0
24,60.421,"Mount",-0.237,0.259,-0.327,-0.128,-0.227,0.000,55,E,0,,,,708281,389.06,0
25,62.902,"Mount",-0.624,0.203,-0.650,0.091,-0.425,0.000,103,E,0,,,,759220,376.36,0
26,65.230,"Mount",-0.614,0.423,-0.737,-0.111,-0.494,0.000,119,E,0,,,,745604,371.10,0
27,67.683,"Mount",0.682,0.140,0.551,-0.425,0.312,0.000,75,W,0,,,,736781,359.03,0
28,69.856,"Mount",0.145,0.057,0.105,-0.115,0.000,0.000,0,,0,,,,770193,440.85,0
29,72.262,"Mount",-0.146,0.108,-0.179,-0.032,-0.113,0.000,27,E,0,,,,742498,395.88,0
30,74.510,"Mount",0.249,-0.130,0.281,0.008,0.169,0.000,41,W,0,,,,762102,395.59,0
31,77.062,"Mount",-0.552,0.652,-0.782,-0.344,-0.481,0.000,116,E,0,,,,686150,367.14,0
32,79.390,"Mount",-0.661,0.208,-0.685,0.103,-0.465,0.000,112,E,0,,,,698362,372.36,0
33,81.822,"Mount",0.211,-0.520,0.418,0.375,0.231,0.000,56,W,0,,,,754171,408.15,0
34,84.150,"Mount",-0.004,-0.338,0.145,0.305,0.107,0.305,26,W,64,S,,,735773,410.53,0
35,86.654,"Mount",-0.793,0.403,-0.890,-0.014,-0.553,0.000,134,E,0,,,,756782,410.77,0
36,88.934,"Mount",-0.153,0.137,-0.198,-0.056,-0.163,0.000,39,E,0,,,,708356,379.54,0
37,91.566,"Mount",-0.729,-0.225,-0.556,0.522,-0.362,0.522,87,E,110,S,,,740003,379.20,0
38,93.926,"Mount",-0.622,0.647,-0.843,-0.308,-0.557,0.000,134,E,0,,,,709644,337.91,0
39,96.390,"Mount",-0.470,0.266,-0.539,-0.033,-0.379,0.000,91,E,0,,,,732278,355.46,0
40,98.798,"Mount",0.099,-0.611,0.357,0.505,0.199,0.505,48,W,106,S,,,740636,350.47,0
41,101.302,"Mount",0.236,-0.385,0.381,0.242,0.254,0.242,61,W,51,S,,,738369,358.65,0
42,103.510,"Mount",-0.030,-0.162,0.044,0.159,0.000,0.000,0,,0,,,,703050,402.22,0
43,105.839,"Mount",0.216,0.224,0.096,-0.296,0.000,0.000,0,,0,,,,711017,350.44,0
44,108.104,"Mount",0.148,0.269,0.015,-0.306,0.000,0.000,0,,0,,,,755286,395.69,0
45,110.566,"Mount",-0.487,0.026,-0.449,0.191,-0.283,0.000,68,E,0,,,,747596,371.59,0
46,112.870,"Mount",-0.485,0.057,-0.461,0.162,-0.310,0.000,75,E,0,,,,712819,381.63,0
47,115.365,"Mount",-0.304,-0.124,-0.219,0.245,-0.159,0.245,39,E,51,S,,,806122,429.44,0
48,117.773,"Mount",-0.614,-0.164,-0.480,0.417,-0.314,0.417,76,E,88,S,,,714626,397.47,0
49,120.126,"Mount",0.050,-0.010,0.049,-0.012,0.000,0.000,0,,0,,,,662700,345.60,0
50,122.407,"Mount",0.418,-0.352,0.530,0.133,0.334,0.000,81,W,0,,,,745010,346.60,0
51,125.053,"Mount",0.240,-0.793,0.564,0.607,0.379,0.607,91,W,128,S,,,727874,357.82,0
52,127.318,"Mount",0.255,-0.116,0.280,-0.008,0.203,0.000,49,W,0,,,,729389,396.34,0
53,129.830,"Mount",-0.873,0.351,-0.938,0.067,-0.577,0.000,139,E,0,,,,722584,385.98,0
54,132.279,"Mount",-0.917,0.137,-0.884,0.279,-0.598,0.279,144,E,59,S,,,719914,346.76,0
55,134.797,"Mount",-0.323,-0.273,-0.171,0.387,-0.150,0.387,36,E,81,S,,,712583,350.62,0
56,137.326,"Mount",-1.186,0.036,-1.081,0.488,-0.691,0.488,167,E,103,S,,,751324,378.07,0
57,139.774,"Mount",-0.309,0.301,-0.410,-0.135,-0.307,0.000,74,E,0,,,,664740,366.51,0
58,142.030,"Mount",-0.180,0.297,-0.292,-0.188,-0.206,0.000,50,E,0,,,,698997,344.30,0
59,144.558,"Mount",0.202,-0.410,0.361,0.280,0.213,0.280,51,W,59,S,,,708983,358.64,0
60,146.791,"Mount",0.244,0.122,0.166,-0.216,0.119,0.000,29,W,0,,,,731768,392.65,0
61,149.206,"Mount",0.399,0.209,0.267,-0.363,0.177,0.000,43,W,0,,,,699817,354.00,0
62,151.534,"Mount",-0.329,-0.098,-0.253,0.232,-0.147,0.232,36,E,49,S,,,632307,317.37,0
63,154.022,"Mount",-0.388,0.742,-0.674,-0.496,-0.435,0.000,105,E,0,,,,640123,334.72,0
64,156.195,"Mount",0.183,0.327,0.021,-0.374,0.000,0.000,0,,0,,,,781518,389.46,0
65,158.622,"Mount",-0.327,0.192,-0.378,-0.029,-0.238,0.000,58,E,0,,,,700765,371.02,0
66,160.950,"Mount",-0.542,0.175,-0.564,0.081,-0.372,0.000,90,E,0,,,,782553,387.71,0
67,164.734,"Mount",0.238,0.626,-0.061,-0.667,0.000,-0.667,0,,1414,N,,,790116,379.32,0
68,167.142,"Mount",0.086,0.532,-0.156,-0.516,-0.098,-0.516,24,E,108,N,,,697190,344.59,0
69,170.886,"Mount",-0.420,-0.563,-0.130,0.690,-0.089,0.690,21,E,1321,S,,,731308,379.93,0
70,173.285,"Mount",-0.535,-0.269,-0.363,0.476,-0.235,0.476,57,E,100,S,,,720170,439.20,0
71,175.618,"Mount",-0.041,-0.097,0.006,0.105,0.000,0.000,0,,0,,,,784569,363.63,0
72,178.054,"Mount",-0.914,0.087,-0.859,0.323,-0.541,0.323,131,E,68,S,,,735326,405.51,0
73,180.678,"Mount",-0.757,0.230,-0.781,0.125,-0.530,0.000,128,E,0,,,,781487,423.29,0
74,183.198,"Mount",-0.777,-0.698,-0.392,0.968,-0.284,0.968,69,E,203,S,,,726760,404.18,0
75,185.750,"Mount",0.356,-0.556,0.563,0.343,0.335,0.343,81,W,72,S,,,737473,321.60,0
76,188.030,"Mount",0.175,-0.296,0.287,0.189,0.204,0.000,49,W,0,,,,737874,384.97,0
77,190.440,"Mount",-0.106,0.101,-0.139,-0.044,-0.073,0.000,18,E,0,,,,786797,344.83,0
78,192.718,"Mount",-0.074,-0.347,0.086,0.344,0.000,0.344,0,,72,S,,,713491,348.88,0
79,195.118,"Mount",-0.232,0.201,-0.297,-0.079,-0.187,0.000,45,E,0,,,,708684,423.99,0
80,197.398,"Mount",-0.253,0.479,-0.438,-0.320,-0.289,0.000,70,E,0,,,,740574,392.77,0
81,199.910,"Mount",-0.472,0.542,-0.662,-0.280,-0.437,0.000,106,E,0,,,,731565,406.45,0
82,203.702,"Mount",-0.448,1.155,-0.909,-0.841,-0.604,-0.841,146,E,1403,N,,,782532,425.37,0
83,207.598,"Mount",-0.662,-0.628,-0.319,0.855,-0.243,0.855,59,E,1405,S,,,728298,358.54,0
84,210.054,"Mount",-0.610,-0.420,-0.363,0.645,-0.246,0.645,59,E,135,S,,,758474,430.18,0
85,212.686,"Mount",-0.637,-0.525,-0.342,0.752,-0.233,0.752,56,E,158,S,,,655322,322.43,0
86,215.510,"Mount",-1.825,-1.144,-1.138,1.829,-0.733,1.829,177,E,384,S,,,645397,333.46,0
87,217.942,"Mount",0.194,0.041,0.156,-0.122,0.047,0.000,11,W,0,,,,709877,362.19,0
88,220.326,"Mount",-0.572,0.019,-0.522,0.234,-0.326,0.234,79,E,49,S,,,771825,339.60,0
89,222.750,"Mount",-0.255,0.090,-0.269,0.031,-0.192,0.000,46,E,0,,,,667785,304.32,0
90,225.022,"Mount",-0.304,0.439,-0.466,-0.261,-0.307,0.000,74,E,0,,,,766461,391.38,0
91,228.838,"Mount",0.394,0.777,0.013,-0.871,0.000,-0.871,0,,1446,N,,,723710,343.51,0
92,231.254,"Mount",0.478,0.778,0.088,-0.909,0.000,-0.909,0,,191,N,,,727274,327.37,0
93,233.926,"Mount",-0.212,1.033,-0.643,-0.835,-0.405,-0.835,98,E,175,N,,,779317,430.42,0
94,236.190,"Mount",0.072,0.218,-0.031,-0.228,0.000,-0.228,0,,48,N,,,845908,371.18,0
95,238.537,"Mount",0.028,-0.016,0.032,0.002,0.000,0.000,0,,0,,,,714945,358.01,0
96,240.707,"Mount",-0.075,0.040,-0.084,-0.003,0.000,0.000,0,,0,,,,716675,361.00,0
97,243.110,"Mount",-0.065,0.206,-0.149,-0.157,-0.094,0.000,23,E,0,,,,788951,376.17,0
98,245.262,"Mount",-0.124,-0.057,-0.086,0.105,0.000,0.000,0,,0,,,,789750,408.22,0
99,247.670,"Mount",0.184,0.025,0.155,-0.103,0.098,0.000,24,W,0,,,,758872,407.70,0
100,249.926,"Mount",-0.381,-0.063,-0.314,0.224,-0.191,0.000,46,E,0,,,,751088,425.98,0
101,252.350,"Mount",0.001,-0.632,0.278,0.567,0.162,0.000,39,W,0,,,,667124,372.57,0
102,254.530,"Mount",-0.020,0.182,-0.098,-0.155,0.000,0.000,0,,0,,,,706462,414.29,0
103,256.898,"Mount",-0.131,-0.196,-0.032,0.234,0.000,0.000,0,,0,,,,737547,418.56,0
104,260.606,"Mount",-0.492,-0.286,-0.317,0.473,-0.199,0.473,48,E,1421,S,,,707315,308.23,0
105,263.078,"Mount",-0.240,-0.196,-0.130,0.281,0.000,0.281,0,,59,S,,,688870,330.32,0
106,265.567,"Mount",-1.142,0.188,-1.109,0.332,-0.698,0.332,169,E,70,S,,,717789,346.11,0
107,268.134,"Mount",-0.484,-0.176,-0.357,0.371,-0.274,0.371,66,E,78,S,,,749102,370.50,0
108,270.502,"Mount",-0.028,-0.529,0.207,0.488,0.111,0.488,27,W,102,S,,,789262,445.00,0
109,272.950,"Mount",0.474,-0.113,0.476,-0.107,0.307,0.000,74,W,0,,,,714625,349.33,0
110,275.206,"Mount",0.191,-0.278,0.294,0.166,0.207,0.000,50,W,0,,,,700942,343.21,0
111,277.622,"Mount",0.275,-0.164,0.320,0.027,0.216,0.000,52,W,0,,,,807059,386.76,0
112,279.894,"Mount",0.387,-0.132,0.406,-0.051,0.271,0.000,65,W,0,,,,746867,359.67,0
113,282.334,"Mount",-0.411,0.112,-0.418,0.079,-0.245,0.000,59,E,0,,,,770155,395.09,0
114,284.622,"Mount",-0.177,-0.337,-0.011,0.381,0.000,0.381,0,,80,S,,,716838,403.47,0
115,288.534,"Mount",0.264,0.699,-0.069,-0.744,0.000,-0.744,0,,1537,N,,,743589,350.44,0
116,291.014,"Mount",-0.273,0.390,-0.416,-0.230,-0.262,-0.230,63,E,48,N,,,793155,381.51,0
117,294.982,"Mount",-1.127,-0.343,-0.862,0.803,-0.562,0.803,136,E,1394,S,,,761328,367.90,0
118,297.270,"Mount",-0.425,0.056,-0.406,0.136,-0.295,0.000,71,E,0,,,,731048,381.60,0
119,299.710,"Mount",0.174,-0.077,0.191,-0.007,0.099,0.000,24,W,0,,,,715879,384.43,0
120,301.911,"Mount",0.251,0.218,0.130,-0.306,0.000,0.000,0,,0,,,,768660,411.83,0
121,304.251,"Mount",-0.107,-0.102,-0.051,0.139,0.000,0.000,0,,0,,,,746632,365.35,0
122,306.542,"Mount",-0.397,0.273,-0.477,-0.071,-0.300,0.000,73,E,0,,,,694824,378.50,0
123,309.022,"Mount",-0.676,0.264,-0.724,0.059,-0.477,0.000,115,E,0,,,,785149,385.59,0
124,311.334,"Mount",-0.588,0.283,-0.652,0.004,-0.444,0.000,107,E,0,,,,695548,382.89,0
125,313.766,"Mount",-0.153,-0.355,0.019,0.386,0.000,0.386,0,,81,S,,,685049,356.93,0
126,316.198,"Mount",-0.020,-0.724,0.299,0.659,0.189,0.659,46,W,138,S,,,707750,405.45,0
127,318.710,"Mount",-0.381,-0.514,-0.117,0.629,0.000,0.629,0,,132,S,,,665615,354.53,0
128,321.126,"Mount",-0.505,-0.483,-0.242,0.655,-0.152,0.655,37,E,138,S,,,711722,386.67,0
129,323.598,"Mount",-0.295,0.477,-0.475,-0.299,-0.310,0.000,75,E,0,,,,748104,383.18,0
130,325.910,"Mount",-0.311,0.343,-0.430,-0.172,-0.292,0.000,71,E,0,,,,664510,374.79,0
131,328.454,"Mount",-0.743,0.820,-1.027,-0.411,-0.667,0.000,161,E,0,,,,715451,321.00,0
132,330.783,"Mount",-0.367,0.809,-0.685,-0.566,-0.478,0.000,115,E,0,,,,751338,347.37,0
133,333.119,"Mount",0.332,0.476,0.089,-0.573,0.000,0.000,0,,0,,,,708974,391.95,0
134,335.566,"Mount",1.460,-0.438,1.504,-0.247,0.947,0.000,229,W,0,,,,709350,347.14,0
135,338.054,"Mount",0.574,0.093,0.475,-0.335,0.366,0.000,88,W,0,,,,632536,359.76,0
136,340.286,"Mount",0.210,-0.043,0.208,-0.053,0.157,0.000,38,W,0,,,,734025,381.85,0
137,342.630,"Mount",-0.093,-0.148,-0.018,0.174,0.000,0.000,0,,0,,,,660921,334.16,0
138,344.854,"Mount",-0.175,0.187,-0.239,-0.091,-0.151,0.000,36,E,0,,,,713683,347.40,0
139,347.334,"Mount",-0.422,0.605,-0.645,-0.358,-0.417,0.000,101,E,0,,,,749696,440.94,0
140,349.606,"Mount",-0.173,0.544,-0.394,-0.413,-0.278,0.000,67,E,0,,,,646519,340.72,0
141,352.030,"Mount",-0.174,0.283,-0.281,-0.178,-0.196,0.000,47,E,0,,,,730515,351.69,0
142,354.302,"Mount",-0.337,0.279,-0.425,-0.103,-0.282,0.000,68,E,0,,,,655254,352.97,0
143,356.702,"Mount",0.094,-0.281,0.208,0.212,0.111,0.000,27,W,0,,,,709222,333.94,0
144,358.966,"Mount",-0.170,0.198,-0.240,-0.104,-0.143,0.000,35,E,0,,,,683617,404.33,0
145,361.414,"Mount",-0.321,0.427,-0.476,-0.243,-0.310,0.000,75,E,0,,,,741151,394.02,0
146,365.038,"Mount",-0.190,0.478,-0.380,-0.346,-0.261,-0.346,63,E,1298,N,,,744482,354.30,0
147,367.614,"Mount",-0.305,0.580,-0.529,-0.388,-0.352,-0.388,85,E,81,N,,,734368,345.76,0
148,369.934,"Mount",-0.678,0.117,-0.661,0.193,-0.441,0.000,106,E,0,,,,704738,353.87,0
149,372.439,"Mount",-0.665,0.366,-0.758,-0.037,-0.508,0.000,123,E,0,,,,706892,381.18,0
150,376.142,"Mount",-0.794,-0.314,-0.576,0.631,-0.398,0.631,96,E,1357,S,,,707970,340.89,0
151,378.694,"Mount",-0.365,-0.295,-0.198,0.426,-0.153,0.426,37,E,89,S,,,764312,392.11,0
152,381.006,"Mount",-0.214,-0.405,-0.014,0.458,0.000,0.458,0,,96,S,,,678682,305.54,0
153,383.486,"Mount",0.428,-0.277,0.506,0.062,0.319,0.000,77,W,0,,,,716115,397.34,0
154,385.693,"Mount",0.023,-0.016,0.027,0.005,0.000,0.000,0,,0,,,,687658,359.32,0
155,388.206,"Mount",-0.334,-0.072,-0.269,0.212,-0.169,0.212,41,E,44,S,,,626927,313.98,0
156,390.574,"Mount",-0.624,0.418,-0.744,-0.102,-0.480,0.000,116,E,0,,,,704996,353.95,0
157,393.070,"Mount",-0.582,0.417,-0.706,-0.119,-0.479,0.000,116,E,0,,,,663366,336.68,0
158,395.342,"Mount",-0.334,0.533,-0.534,-0.332,-0.370,0.000,89,E,0,,,,717422,375.07,0
159,397.830,"Mount",-0.390,0.093,-0.391,0.088,-0.272,0.000,66,E,0,,,,718573,374.93,0
160,400.102,"Mount",0.546,0.117,0.440,-0.345,0.258,0.000,62,W,0,,,,643889,340.81,0
161,402.450,"Mount",0.180,0.076,0.128,-0.147,0.000,0.000,0,,0,,,,718800,384.96,0
162,404.766,"Mount",-0.245,-0.460,-0.018,0.521,0.000,0.521,0,,109,S,,,734852,337.97,0
163,407.318,"Mount",-0.520,-0.124,-0.413,0.340,-0.260,0.340,63,E,71,S,,,631599,327.85,0
164,409.726,"Mount",-0.546,-0.370,-0.329,0.572,-0.225,0.572,54,E,120,S,,,674198,339.47,0
165,412.150,"Mount",-0.127,0.609,-0.381,-0.492,-0.256,0.000,62,E,0,,,,615830,312.63,0
166,414.319,"Mount",0.235,0.404,0.034,-0.466,0.000,0.000,0,,0,,,,762920,410.11,0
167,416.758,"Mount",-0.241,0.616,-0.487,-0.447,-0.307,0.000,74,E,0,,,,692263,328.57,0
168,419.046,"Mount",-0.379,0.230,-0.441,-0.041,-0.299,0.000,72,E,0,,,,723048,409.20,0
169,421.438,"Mount",0.144,-0.094,0.171,0.021,0.087,0.000,21,W,0,,,,668730,345.74,0
170,423.766,"Mount",-0.241,-0.129,-0.160,0.222,-0.095,0.222,23,E,47,S,,,788024,369.05,0
171,426.262,"Mount",0.814,-0.000,0.732,-0.357,0.454,0.000,110,W,0,,,,633507,362.17,0
172,428.694,"Mount",0.041,-0.428,0.225,0.367,0.174,0.367,42,W,77,S,,,735075,353.04,0
173,431.279,"Mount",-0.812,0.125,-0.785,0.244,-0.482,0.244,116,E,51,S,,,630969,317.95,0
174,433.870,"Mount",-2.060,0.832,-2.216,0.156,-1.430,0.000,345,E,0,,,,595360,269.03,0
175,436.219,"Mount",-0.080,-0.171,0.003,0.189,0.000,0.000,0,,0,,,,653694,324.52,0
176,438.462,"Mount",0.165,-0.110,0.197,0.027,0.124,0.000,30,W,0,,,,656209,364.95,0
177,440.862,"Mount",-0.071,0.193,-0.149,-0.142,-0.085,0.000,21,E,0,,,,641684,305.92,0
178,443.126,"Mount",-0.187,0.278,-0.290,-0.168,-0.189,0.000,46,E,0,,,,746501,359.91,0
179,445.464,"Mount",0.123,0.024,0.100,-0.075,0.000,0.000,0,,0,,,,683747,323.17,0
180,448.559,"Mount",-4.717,1.860,-5.055,0.398,-3.185,0.398,769,E,84,S,,,631423,287.18,0
181,451.534,"Mount",2.904,-1.961,3.470,0.487,1.963,0.487,474,W,102,S,,,721512,331.80,0
182,454.158,"Mount",1.580,-1.140,1.920,0.330,1.347,0.330,325,W,69,S,,,776327,375.44,0
183,456.894,"Mount",-1.242,-0.523,-0.887,1.015,-0.464,1.015,112,E,213,S,,,720033,332.14,0
184,460.670,"Mount",-0.120,0.876,-0.493,-0.735,-0.343,-0.735,83,E,1438,N,,,735910,340.43,0
185,463.374,"Mount",0.289,1.147,-0.244,-1.158,-0.178,-1.158,43,E,243,N,,,693002,308.56,0
186,465.622,"Mount",0.156,0.211,0.047,-0.258,0.000,-0.258,0,,54,N,,,618700,314.39,0
187,468.214,"Mount",0.458,0.540,0.174,-0.686,0.110,-0.686,27,W,144,N,,,711738,354.95,0
188,470.678,"Mount",0.201,0.875,-0.203,-0.875,-0.120,-0.875,29,E,184,N,,,644879,309.62,0
189,474.150,"Mount",-4.910,3.266,-5.845,-0.780,-3.691,-0.780,891,E,164,N,,,560471,281.90,0
190,476.758,"Mount",1.732,0.276,1.436,-1.008,0.646,-1.008,156,W,212,N,,,747266,366.08,0
191,480.110,"Mount",-5.874,2.876,-6.540,-0.007,-4.075,0.000,984,E,0,,,,566940,331.86,0
192,484.102,"Mount",1.678,-1.521,2.175,0.630,1.085,0.630,262,W,1495,S,,,628745,314.04,0
193,487.318,"Mount",3.897,-2.313,4.517,0.368,2.922,0.368,706,W,77,S,,,658326,314.79,0
194,490.281,"Mount",1.911,-2.311,2.731,1.238,1.925,1.238,465,W,260,S,,,636600,324.45,0
195,492.926,"Mount",-0.128,-0.625,0.159,0.618,0.235,0.618,57,W,130,S,,,684552,354.07,0
196,495.294,"Mount",-0.059,-0.473,0.155,0.450,0.114,0.450,27,W,95,S,,,668574,324.58,0
197,497.766,"Mount",-0.601,0.242,-0.646,0.046,-0.399,0.000,96,E,0,,,,703895,351.40,0
198,500.222,"Mount",-0.593,-0.389,-0.362,0.610,-0.256,0.610,62,E,128,S,,,657336,352.28,0
199,502.766,"Mount",-0.537,-0.008,-0.479,0.243,-0.320,0.243,77,E,51,S,,,724565,330.23,0
200,506.534,"Mount",0.222,0.582,-0.056,-0.621,0.000,-0.621,0,,1570,N,,,744932,390.30,0
201,508.982,"Mount",-0.237,0.048,-0.234,0.060,-0.147,0.000,36,E,0,,,,682928,316.26,0
202,511.302,"Mount",-0.533,-0.155,-0.411,0.373,-0.269,0.000,65,E,0,,,,632379,318.44,0
203,513.694,"Mount",-0.207,0.048,-0.207,0.048,-0.149,0.000,36,E,0,,,,742962,397.97,0
204,516.006,"Mount",0.142,0.517,-0.099,-0.527,0.000,-0.527,0,,111,N,,,734107,344.28,0
205,519.046,"Mount",-3.225,1.877,-3.721,-0.271,-2.344,-0.271,566,E,57,N,,,564858,301.34,0
206,522.926,"Mount",-0.178,-0.841,0.209,0.834,-0.032,0.834,8,E,1615,S,,,718660,315.98,0
207,525.534,"Mount",0.268,-0.702,0.549,0.513,0.344,0.513,83,W,108,S,,,641054,351.70,0
208,527.709,"Mount",-0.012,-0.038,0.006,0.039,0.000,0.000,0,,0,,,,620173,317.01,0
209,530.270,"Mount",-0.612,-0.009,-0.546,0.277,-0.344,0.277,83,E,58,S,,,641287,394.80,0
210,532.630,"Mount",-0.301,-0.649,0.015,0.715,0.000,0.715,0,,150,S,,,711603,368.36,0
211,535.190,"Mount",-0.104,-0.643,0.189,0.623,0.119,0.623,29,W,131,S,,,677781,314.71,0
212,537.422,"Mount",0.094,-0.151,0.151,0.094,0.103,0.000,25,W,0,,,,620327,380.53,0
213,539.990,"Mount",-0.490,-0.324,-0.298,0.506,-0.181,0.506,44,E,106,S,,,639532,291.44,0
214,542.382,"Mount",0.057,-0.331,0.197,0.273,0.111,0.273,27,W,57,S,,,676768,341.70,0
215,546.646,"Mount",-0.391,1.059,-0.816,-0.780,-0.506,-0.780,122,E,1695,N,,,724733,383.25,0
216,549.078,"Mount",-0.492,-0.120,-0.389,0.324,-0.281,0.000,68,E,0,,,,667351,341.23,0
217,553.086,"Mount",-0.830,-0.315,-0.607,0.647,-0.402,0.647,97,E,1667,S,,,575728,297.23,0
218,555.518,"Mount",0.246,-0.060,0.247,-0.054,0.127,0.000,31,W,0,,,,625833,371.90,0
219,557.838,"Mount",0.529,-0.178,0.553,-0.072,0.357,0.000,86,W,0,,,,661674,306.54,0
220,560.262,"Mount",0.233,-0.063,0.237,-0.046,0.174,0.000,42,W,0,,,,611724,327.06,0
221,562.518,"Mount",-0.145,0.401,-0.306,-0.297,-0.181,0.000,44,E,0,,,,628168,315.73,0
222,564.910,"Mount",-0.093,0.108,-0.131,-0.056,-0.095,0.000,23,E,0,,,,670167,359.67,0
223,567.318,"Mount",-0.697,-0.066,-0.597,0.365,-0.383,0.365,93,E,77,S,,,582077,317.21,0
224,570.110,"Mount",0.064,-1.486,0.710,1.308,0.420,1.308,101,W,275,S,,,658156,328.65,0
225,572.614,"Mount",-0.921,-0.430,-0.639,0.790,-0.373,0.790,90,E,166,S,,,667964,324.45,0
226,575.078,"Mount",-0.415,0.419,-0.557,-0.194,-0.377,0.000,91,E,0,,,,602563,344.58,0
227,577.374,"Mount",0.604,-0.061,0.570,-0.210,0.333,0.000,80,W,0,,,,641456,317.05,0
228,579.782,"Mount",-0.309,-0.002,-0.277,0.137,-0.151,0.000,37,E,0,,,,617877,334.46,0
229,582.153,"Mount",0.021,-0.479,0.228,0.421,0.133,0.421,32,W,88,S,,,634132,333.00,0
230,584.622,"Mount",-0.113,-0.437,0.090,0.442,0.000,0.442,0,,93,S,,,615029,314.05,0
231,586.982,"Mount",-0.650,0.416,-0.767,-0.088,-0.483,0.000,117,E,0,,,,622253,326.26,0
232,589.494,"Mount",-0.485,0.870,-0.818,-0.569,-0.549,0.000,133,E,0,,,,668290,367.21,0
233,593.518,"Mount",-0.076,0.944,-0.482,-0.815,-0.342,-0.815,83,E,1702,N,,,579046,309.31,0
234,595.982,"Mount",0.228,-0.420,0.390,0.277,0.222,0.000,54,W,0,,,,674906,330.71,0
235,598.155,"Mount",-0.129,-0.403,0.061,0.418,0.000,0.000,0,,0,,,,612678,348.24,0
236,600.574,"Mount",0.038,-0.408,0.214,0.350,0.135,0.000,33,W,0,,,,694620,328.28,0
237,602.822,"Mount",0.151,-0.326,0.278,0.227,0.185,0.000,45,W,0,,,,626500,361.21,0
238,606.878,"Mount",-0.373,-0.665,-0.043,0.761,0.000,0.761,0,,1691,S,,,670639,307.80,0
239,609.470,"Mount",-0.546,-0.262,-0.376,0.475,-0.237,0.475,57,E,100,S,,,671521,337.90,0
240,611.806,"Mount",-0.316,-0.530,-0.052,0.615,0.000,0.615,0,,129,S,,,687218,341.95,0
241,614.140,"Mount",0.127,-0.037,0.130,-0.023,0.000,0.000,0,,0,,,,623263,306.80,0
242,616.299,"Mount",0.169,0.390,-0.020,-0.425,0.000,0.000,0,,0,,,,625360,328.75,0
243,618.766,"Mount",0.684,0.076,0.581,-0.368,0.366,0.000,88,W,0,,,,674886,353.14,0
244,621.046,"Mount",0.399,-0.096,0.400,-0.089,0.278,0.000,67,W,0,,,,674889,441.81,0
245,623.470,"Mount",-0.095,0.111,-0.134,-0.058,-0.065,0.000,16,E,0,,,,683310,398.97,0
246,625.649,"Mount",0.103,0.359,-0.065,-0.368,0.000,0.000,0,,0,,,,688107,386.88,0
247,628.190,"Mount",-0.932,0.288,-0.963,0.150,-0.607,0.000,147,E,0,,,,625872,324.91,0
248,630.552,"Mount",-0.675,0.490,-0.822,-0.144,-0.560,0.000,135,E,0,,,,679960,315.16,0
249,633.030,"Mount",-0.652,-0.127,-0.530,0.401,-0.373,0.000,90,E,0,,,,690895,357.43,0
250,635.196,"Mount",-0.289,-0.529,-0.028,0.602,0.000,0.000,0,,0,,,,601747,306.65,0
251,637.766,"Mount",0.111,-0.707,0.410,0.586,0.258,0.586,62,W,123,S,,,633502,368.99,0
252,640.184,"Mount",0.349,-0.527,0.545,0.321,0.361,0.321,87,W,67,S,,,682116,313.05,0
253,642.630,"Mount",0.313,-0.278,0.403,0.112,0.279,0.000,67,W,0,,,,644441,383.92,0
254,644.918,"Mount",-0.113,-0.437,0.090,0.442,0.000,0.442,0,,93,S,,,699436,360.43,0
255,647.446,"Mount",0.294,-0.420,0.448,0.248,0.282,0.248,68,W,52,S,,,642474,290.89,0
256,649.670,"Mount",-0.149,0.110,-0.182,-0.034,-0.095,0.000,23,E,0,,,,651388,346.14,0
257,652.142,"Mount",-0.590,0.134,-0.589,0.139,-0.378,0.000,91,E,0,,,,585706,308.16,0
258,654.374,"Mount",-0.060,0.233,-0.156,-0.183,-0.125,0.000,30,E,0,,,,632546,324.24,0
259,658.550,"Mount",0.111,0.899,-0.295,-0.856,-0.195,-0.856,47,E,1711,N,,,655496,345.13,0
260,660.942,"Mount",0.061,-0.252,0.166,0.199,0.091,0.000,22,W,0,,,,617274,314.27,0
261,663.198,"Mount",-0.307,-0.314,-0.138,0.417,-0.081,0.000,20,E,0,,,,682624,401.13,0
262,665.548,"Mount",-0.174,-0.147,-0.091,0.208,0.000,0.000,0,,0,,,,699019,337.89,0
263,667.935,"Mount",-0.111,0.403,-0.277,-0.314,-0.174,-0.314,42,E,66,N,,,679275,367.52,0
264,670.292,"Mount",-0.104,-0.107,-0.047,0.142,0.000,0.000,0,,0,,,,557466,327.01,0
265,674.342,"Mount",-1.121,-0.196,-0.921,0.668,-0.580,0.668,140,E,1671,S,,,684440,385.42,0
266,676.823,"Mount",-0.484,0.138,-0.495,0.088,-0.352,0.000,85,E,0,,,,600923,365.91,0
267,679.110,"Mount",-0.502,0.049,-0.473,0.177,-0.323,0.000,78,E,0,,,,615843,314.67,0
268,681.702,"Mount",-1.174,0.805,-1.408,-0.209,-0.910,0.000,220,E,0,,,,585579,317.58,0
269,683.950,"Mount",0.306,-0.334,0.422,0.166,0.202,0.000,49,W,0,,,,676020,320.18,0
270,686.422,"Mount",-0.288,-0.229,-0.158,0.332,-0.085,0.332,21,E,70,S,,,648725,326.40,0
271,688.886,"Mount",0.089,-0.795,0.429,0.675,0.264,0.675,64,W,142,S,,,616998,347.67,0
272,691.398,"Mount",-0.382,-0.136,-0.284,0.290,-0.160,0.290,39,E,61,S,,,734056,383.27,0
273,693.661,"Mount",-0.098,0.054,-0.112,-0.005,0.000,0.000,0,,0,,,,610550,313.75,0
274,696.295,"Mount",-0.951,-0.059,-0.829,0.470,-0.522,0.470,126,E,99,S,,,646859,307.91,0
275,698.598,"Mount",-0.567,0.083,-0.546,0.174,-0.381,0.000,92,E,0,,,,635248,322.28,0
276,701.014,"Mount",-0.140,0.138,-0.187,-0.063,-0.144,0.000,35,E,0,,,,618713,297.64,0
277,703.201,"Mount",0.203,0.173,0.106,-0.245,0.000,0.000,0,,0,,,,602851,351.85,0
278,705.630,"Mount",0.218,-0.320,0.336,0.192,0.212,0.000,51,W,0,,,,603618,358.94,0
279,707.953,"Mount",-0.463,0.005,-0.418,0.199,-0.248,0.000,60,E,0,,,,631224,340.36,0
280,710.670,"Mount",-0.884,-0.710,-0.483,1.026,-0.321,1.026,78,E,215,S,,,574871,318.31,0
281,713.022,"Mount",-0.289,-0.260,-0.146,0.361,-0.114,0.361,28,E,76,S,,,654653,331.80,0
282,715.380,"Mount",0.135,0.305,-0.012,-0.333,0.000,0.000,0,,0,,,,619190,296.78,0
283,719.358,"Mount",-0.115,0.805,-0.457,-0.673,-0.288,-0.673,69,E,1672,N,,,658305,328.04,0
284,721.814,"Mount",0.067,0.316,-0.079,-0.313,0.000,-0.313,0,,66,N,,,573231,264.43,0
285,724.190,"Mount",-0.221,0.445,-0.394,-0.303,-0.248,-0.303,60,E,64,N,,,626973,301.39,0
286,726.556,"Mount",-0.040,0.095,-0.077,-0.068,0.000,0.000,0,,0,,,,592551,285.63,0
287,728.926,"Mount",0.639,-0.361,0.733,0.044,0.462,0.000,111,W,0,,,,579946,318.78,0
288,731.374,"Mount",0.180,0.272,0.043,-0.324,0.000,-0.324,0,,68,N,,,594524,331.70,0
289,733.614,"Mount",0.216,-0.235,0.297,0.116,0.187,0.000,45,W,0,,,,659222,328.57,0
290,736.110,"Mount",-0.793,0.235,-0.815,0.137,-0.501,0.000,121,E,0,,,,644000,343.40,0
291,738.967,"Mount",-3.907,1.497,-4.167,0.369,-2.660,0.000,643,E,0,,,,579284,286.83,0
292,743.582,"Mount",0.620,-2.678,1.732,2.134,0.905,2.134,219,W,1979,S,,,574293,289.11,0
293,746.238,"Mount",0.721,-0.666,0.940,0.282,0.655,0.282,158,W,59,S,,,632976,341.57,0
294,748.575,"Mount",0.053,-0.294,0.176,0.241,0.157,0.241,38,W,51,S,,,548623,295.20,0
295,751.158,"Mount",0.686,-0.560,0.862,0.202,0.554,0.202,134,W,42,S,,,559782,294.04,0
296,753.527,"Mount",0.544,-0.035,0.504,-0.207,0.356,0.000,86,W,0,,,,578236,287.49,0
297,755.905,"Mount",-0.072,0.312,-0.202,-0.249,-0.102,0.000,25,E,0,,,,647015,319.14,0
298,758.287,"Mount",-0.799,0.647,-1.002,-0.231,-0.638,0.000,154,E,0,,,,543080,274.06,0
299,760.750,"Mount",-0.174,0.420,-0.341,-0.301,-0.259,0.000,63,E,0,,,,553374,284.31,0
300,763.030,"Mount",-0.343,0.244,-0.416,-0.069,-0.280,0.000,68,E,0,,,,555667,272.72,0
301,767.534,"Mount",-2.094,1.755,-2.652,-0.658,-1.690,-0.658,408,E,1669,N,,,528953,255.14,0
302,772.606,"Mount",-4.979,1.226,-5.012,1.083,-3.276,1.083,791,E,1758,S,,,527906,274.40,0
303,775.974,"Mount",4.383,-3.275,5.376,1.020,3.158,1.020,763,W,214,S,,,586676,316.41,0
304,778.910,"Mount",2.313,-2.065,2.984,0.841,2.101,0.841,508,W,177,S,,,526116,299.82,0
305,781.374,"Mount",-0.673,0.303,-0.737,0.023,-0.318,0.000,77,E,0,,,,502005,262.39,0
306,785.510,"Mount",-0.751,1.170,-1.189,-0.722,-0.771,-0.722,186,E,1683,N,,,487593,263.73,0
307,788.198,"Mount",-0.646,0.640,-0.861,-0.291,-0.597,-0.291,144,E,61,N,,,557874,266.36,0
308,790.606,"Mount",0.582,-0.060,0.550,-0.201,0.305,-0.201,74,W,42,N,,,576291,285.21,0
309,793.038,"Mount",-0.520,-0.107,-0.421,0.324,-0.244,0.000,59,E,0,,,,556460,302.57,0
310,795.926,"Mount",-4.117,1.926,-4.544,0.076,-2.880,0.000,696,E,0,,,,495500,258.51,0
311,798.806,"Mount",3.211,-1.754,3.655,0.167,2.101,0.000,507,W,0,,,,538187,326.09,0
312,801.494,"Mount",2.236,-1.137,2.508,0.040,1.727,0.000,417,W,0,,,,576055,295.75,0
313,804.031,"Mount",-1.192,0.457,-1.271,0.112,-0.680,0.000,164,E,0,,,,531999,313.58,0
314,806.454,"Mount",-1.376,0.255,-1.348,0.375,-0.897,0.000,217,E,0,,,,574947,284.09,0
315,809.022,"Mount",-0.857,0.421,-0.955,-0.002,-0.664,0.000,160,E,0,,,,595902,333.66,0
316,811.326,"Mount",-0.340,0.056,-0.330,0.099,-0.254,0.000,61,E,0,,,,482433,285.72,0
317,813.766,"Mount",0.012,-0.581,0.266,0.516,0.150,0.000,36,W,0,,,,553759,304.27,0
318,817.710,"Mount",-0.068,-0.647,0.223,0.611,0.151,0.611,36,W,1659,S,,,557129,330.58,0
319,820.182,"Mount",0.718,0.292,0.517,-0.578,0.336,0.000,81,W,0,,,,538530,299.43,0
320,822.630,"Mount",-0.691,-0.287,-0.496,0.561,-0.289,0.561,70,E,118,S,,,537975,279.82,0
321,825.214,"Mount",-0.770,-0.023,-0.682,0.359,-0.450,0.359,109,E,75,S,,,587049,325.41,0
322,827.590,"Mount",-0.417,-0.270,-0.256,0.426,-0.193,0.426,47,E,89,S,,,545931,338.55,0
323,830.054,"Mount",-0.366,0.041,-0.346,0.124,-0.232,0.000,56,E,0,,,,518289,240.96,0
324,832.286,"Mount",-0.280,-0.057,-0.227,0.175,-0.159,0.000,38,E,0,,,,552498,304.72,0
325,834.694,"Mount",-0.254,0.050,-0.250,0.067,-0.169,0.000,41,E,0,,,,476216,263.36,0
326,837.102,"Mount",1.126,-0.764,1.347,0.192,0.837,0.000,202,W,0,,,,461349,247.56,0
327,839.782,"Mount",-1.957,0.902,-2.155,0.048,-1.299,0.000,314,E,0,,,,421963,194.90,0
328,843.006,"Mount",-4.961,1.453,-5.095,0.871,-3.301,0.871,797,E,183,S,,,436703,271.62,0
329,847.191,"Mount",0.089,0.699,-0.227,-0.667,-0.374,-0.667,90,E,1671,N,,,467038,248.34,0
330,851.862,"Mount",-3.577,0.699,-3.521,0.942,-2.244,0.942,542,E,1729,S,,,527109,251.83,0
331,854.326,"Mount",-0.276,0.332,-0.394,-0.177,-0.405,0.000,98,E,0,,,,581245,268.33,0
332,858.438,"Mount",-0.791,1.113,-1.199,-0.653,-0.784,-0.653,189,E,1668,N,,,548302,321.75,0
333,862.726,"Mount",0.838,-1.378,1.358,0.870,0.801,0.870,193,W,1680,S,,,463638,280.40,0
334,865.294,"Mount",-0.835,0.122,-0.804,0.257,-0.451,0.257,109,E,54,S,,,472463,262.91,0
335,867.798,"Mount",-1.799,0.656,-1.904,0.200,-1.231,0.000,297,E,0,,,,500338,310.45,0
336,870.456,"Mount",-0.695,-0.452,-0.426,0.711,-0.355,0.711,86,E,149,S,,,405641,207.69,0
337,872.758,"Mount",-0.660,0.204,-0.683,0.106,-0.455,0.000,110,E,0,,,,384184,223.32,0
338,875.422,"Mount",0.793,-0.860,1.090,0.425,0.655,0.425,158,W,89,S,,,421358,230.88,0
339,878.590,"Mount",3.447,-2.977,4.403,1.163,2.820,1.163,681,W,244,S,,,454705,245.32,0
340,881.519,"Mount",2.960,-1.300,3.230,-0.130,2.233,0.000,539,W,0,,,,448540,234.83,0
341,884.102,"Mount",1.787,-0.325,1.749,-0.492,1.258,0.000,304,W,0,,,,415350,259.01,0
342,887.334,"Mount",-4.337,1.315,-4.474,0.722,-2.731,0.722,660,E,152,S,,,398943,216.25,0
343,889.774,"Mount",-1.090,0.733,-1.301,-0.180,-1.011,0.000,244,E,0,,,,505350,269.53,0
344,894.022,"Mount",1.581,-0.022,1.430,-0.674,0.830,-0.674,201,W,1638,N,,,417764,206.88,0
345,896.462,"Mount",0.151,-0.331,0.281,0.231,0.235,0.000,57,W,0,,,,358740,218.45,0
346,900.686,"Mount",1.222,-1.772,1.876,1.056,1.198,1.056,289,W,1677,S,,,478894,253.50,0
347,904.958,"Mount",-1.058,1.526,-1.620,-0.907,-0.937,-0.907,226,E,1579,N,,,466461,245.39,0
348,907.398,"Mount",0.163,0.215,0.052,-0.264,0.000,-0.264,0,,55,N,,,436224,262.46,0
349,909.854,"Mount",0.551,0.674,0.200,-0.847,0.126,-0.847,30,W,178,N,,,454106,255.13,0
350,912.638,"Mount",2.072,-1.613,2.570,0.541,1.628,0.000,393,W,0,,,,504893,277.15,0
351,915.054,"Mount",0.177,0.420,-0.025,-0.455,0.000,-0.455,0,,96,N,,,357955,225.77,0
352,917.606,"Mount",0.509,0.068,0.428,-0.285,0.269,-0.285,65,W,60,N,,,388598,271.55,0
353,919.999,"Mount",0.220,0.153,0.131,-0.234,0.101,-0.234,24,W,49,N,,,403174,235.04,0
INFO: SET LOCK POSITION, new lock pos = 765.535, 810.730
INFO: DITHER by 1.115, -1.076, new lock pos = 767.009, 811.207
INFO: SETTLING STATE CHANGE, Settling started
354,924.391,"Mount",1.298,-1.393,1.778,0.683,1.127,0.683,272,W,1531,S,,,453279,241.62,0
355,927.359,"Mount",-1.474,-0.477,-1.115,1.076,-1.115,1.076,269,E,226,S,,,421387,241.05,0
356,930.054,"Mount",-1.506,-0.951,-0.936,1.515,-0.590,1.515,142,E,318,S,,,437022,239.87,0
357,932.878,"Mount",-1.935,0.113,-1.788,0.748,-1.168,0.748,282,E,157,S,,,407174,232.93,0
358,935.134,"Mount",0.393,-0.240,0.459,0.043,0.207,0.000,50,W,0,,,,393251,220.26,0
359,937.575,"Mount",-0.441,0.312,-0.533,-0.087,-0.322,0.000,78,E,0,,,,449262,266.93,0
360,940.174,"Mount",-2.275,1.288,-2.609,-0.159,-1.666,0.000,402,E,0,,,,383980,212.25,0
361,943.496,"Mount",-3.477,-0.679,-2.826,2.136,-1.897,2.136,458,E,448,S,,,340993,210.25,0
362,946.142,"Mount",-1.577,0.112,-1.466,0.591,-1.056,0.591,255,E,124,S,,,297550,208.92,0
363,950.254,"Mount",0.935,0.869,0.458,-1.191,0.215,-1.191,52,W,1638,N,,,257190,190.69,0
364,953.294,"Mount",3.310,-1.100,3.457,-0.465,2.193,-0.465,530,W,98,N,,,356206,241.05,0
365,955.990,"Mount",2.049,-0.498,2.059,-0.452,1.451,-0.452,350,W,95,N,,,369175,227.53,0
366,959.167,"Mount",-5.173,1.939,-5.500,0.528,-3.363,0.000,812,E,0,,,,319245,193.77,0
367,961.982,"Mount",-3.305,1.610,-3.676,0.004,-2.551,0.000,616,E,0,,,,365685,236.47,0
INFO: SETTLING STATE CHANGE, Settling failed
368,964.438,"Mount",0.553,-0.652,0.783,0.343,0.315,0.000,76,W,0,,,,356681,238.63,0
Guiding Ends at 2026-09-04 05:24:06

Guiding Begins at 2026-09-04 05:25:29
Equipment Profile = SW4P_EVO
Dither = both axes, Dither scale = 1.000, Image noise reduction = 2x2 mean, Guide-frame time lapse = 0, Server enabled
Pixel scale = 2.91 arc-sec/px, Binning = 1, Focal length = 266 mm
Search region = 15 px, Star mass tolerance = 50.0%, Multi-star mode, list size = 12
 Camera = ZWO ASI120MM Mini (ASCOM), full size = 1280 x 960, have dark, dark dur = 2000, no defect map, pixel size = 3.8 um
Exposure = 2000 ms
Mount = GPUSB, connected, guiding enabled, AuxMount=CPWI_ASCOM_Telescope, xAngle = -26.0, xRate = 4.140, yAngle = -116.0, yRate = 4.762, parity = +/-
Norm rates RA = 13.1"/s @ dec 0, Dec = 13.8"/s; ortho.err. = 0.0 deg
X guide algorithm = Hysteresis, Hysteresis = 0.100, Aggression = 0.700, Minimum move = 0.130
Y guide algorithm = Resist Switch, Minimum move = 0.200 Aggression = 100% FastSwitch = enabled
Backlash comp = enabled, pulse = 1388 ms
Max RA duration = 2500, Max DEC duration = 2500, DEC guide mode = Auto
RA Guide Speed = 14.9 a-s/s, Dec Guide Speed = 14.9 a-s/s, Cal Dec = -0.0, Last Cal Issue = None, Timestamp = 31/08/2026 21:19:06
RA = 20.01 hr, Dec = 22.8 deg, Hour angle = 7.07 hr, Pier side = East, Rotator pos = N/A, Alt = 4.3 deg, Az = 297.3 deg
Lock position = 19.671, 814.714, Star position = 19.671, 814.714, HFD = 5.41 px
Frame,Time,mount,dx,dy,RARawDistance,DECRawDistance,RAGuideDistance,DECGuideDistance,RADuration,RADirection,DECDuration,DECDirection,XStep,YStep,StarMass,SNR,ErrorCode
INFO: SETTLING STATE CHANGE, Settling started
1,2.617,"Mount",0.271,0.234,0.141,-0.329,0.089,0.000,21,W,0,,,,225988,162.03,0
2,5.129,"Mount",-0.702,-0.565,-0.383,0.816,-0.235,0.816,57,E,171,S,,,242567,162.43,0
3,7.609,"Mount",0.635,-0.336,0.718,0.023,0.436,0.000,105,W,0,,,,231192,164.30,0
4,9.780,"Mount",-0.013,-0.196,0.075,0.181,0.000,0.000,0,,0,,,,235004,152.43,0
5,12.274,"Mount",-0.646,0.308,-0.715,0.006,-0.451,0.000,109,E,0,,,,235000,191.06,0
INFO: SETTLING STATE CHANGE, Settling complete
6,14.793,"Mount",-1.101,-0.136,-0.930,0.605,-0.618,0.605,149,E,127,S,,,214823,149.96,0
7,17.337,"Mount",0.376,-0.489,0.552,0.275,0.305,0.275,74,W,58,S,,,209540,183.91,0
8,19.641,"Mount",-0.205,-0.390,-0.013,0.441,0.000,0.441,0,,93,S,,,190080,134.08,0
9,22.153,"Mount",-0.379,-0.638,-0.060,0.739,0.000,0.739,0,,155,S,,,215965,141.59,0
10,24.394,"Mount",0.236,0.008,0.209,-0.111,0.132,0.000,32,W,0,,,,222636,165.57,0
11,27.009,"Mount",0.505,-0.792,0.801,0.490,0.514,0.490,124,W,103,S,,,240845,171.12,0
12,29.450,"Mount",0.203,-0.724,0.500,0.562,0.351,0.562,85,W,118,S,,,228456,179.11,0
13,32.257,"Mount",-1.289,-0.776,-0.818,1.263,-0.491,1.263,119,E,265,S,,,211469,157.87,0
14,35.009,"Mount",-1.888,-0.459,-1.495,1.241,-0.976,1.241,236,E,261,S,,,215147,159.79,0
15,37.705,"Mount",-0.421,-0.540,-0.141,0.670,-0.157,0.670,38,E,141,S,,,216822,153.33,0
16,40.217,"Mount",-1.049,-0.085,-0.906,0.536,-0.582,0.536,140,E,113,S,,,211211,152.60,0
17,42.865,"Mount",0.599,-0.771,0.876,0.430,0.511,0.430,124,W,90,S,,,208789,153.45,0
18,45.449,"Mount",-0.304,-1.105,0.211,1.126,0.169,1.126,41,W,237,S,,,210710,161.87,0
19,47.937,"Mount",-0.243,-0.335,-0.071,0.408,0.000,0.408,0,,86,S,,,188725,129.94,0
20,50.132,"Mount",-0.040,0.072,-0.067,-0.047,0.000,0.000,0,,0,,,,215364,162.98,0
21,52.776,"Mount",-0.085,-0.837,0.291,0.789,0.184,0.789,44,W,166,S,,,210662,157.83,0
22,55.402,"Mount",-1.165,-0.768,-0.710,1.202,-0.434,1.202,105,E,252,S,,,227849,161.74,0
23,59.577,"Mount",-0.362,1.188,-0.847,-0.908,-0.564,-0.908,136,E,1579,N,,,191205,131.20,0
24,62.290,"Mount",-1.842,0.426,-1.842,0.426,-1.200,0.000,290,E,0,,,,199155,149.11,0
25,64.770,"Mount",-1.168,0.714,-1.363,-0.129,-0.943,0.000,228,E,0,,,,196638,139.57,0
26,67.249,"Mount",0.646,-0.455,0.780,0.126,0.426,0.000,103,W,0,,,,233284,170.26,0
27,71.137,"Mount",0.364,-0.940,0.739,0.685,0.496,0.685,120,W,1473,S,,,165836,127.18,0
28,73.650,"Mount",-0.729,0.267,-0.772,0.080,-0.452,0.000,109,E,0,,,,194272,145.39,0
29,77.505,"Mount",-0.204,0.972,-0.610,-0.784,-0.416,-0.784,100,E,1494,N,,,173689,121.29,0
30,79.977,"Mount",0.420,-0.643,0.660,0.393,0.387,0.000,93,W,0,,,,161093,113.90,0
31,82.394,"Mount",0.363,0.233,0.224,-0.369,0.168,-0.369,41,W,77,N,,,139342,104.93,0
32,84.906,"Mount",0.525,-0.315,0.609,0.053,0.396,0.000,96,W,0,,,,184899,137.24,0
33,87.938,"Mount",4.735,-2.179,5.211,-0.120,3.310,0.000,800,W,0,,,,128283,100.27,0
34,90.308,"Mount",-0.248,-0.439,-0.031,0.504,0.000,0.000,0,,0,,,,98086,78.92,0
35,92.446,"DROP",,,,,,,,,,,,,91113,81.17,7,"Stella per per cambiamento di massa"
36,94.890,"DROP",,,,,,,,,,,,,33875,36.13,7,"Stella per per cambiamento di massa"
37,97.165,"DROP",,,,,,,,,,,,,29089,36.00,7,"Stella per per cambiamento di massa"
38,99.597,"DROP",,,,,,,,,,,,,0,0.00,2,"Stella persa per SNR basso"
39,101.865,"DROP",,,,,,,,,,,,,0,0.00,2,"Stella persa per SNR basso"
40,104.316,"DROP",,,,,,,,,,,,,2223,9.25,7,"Stella per per cambiamento di massa"
41,106.588,"DROP",,,,,,,,,,,,,0,0.00,2,"Stella persa per SNR basso"
42,109.020,"DROP",,,,,,,,,,,,,2571,10.23,7,"Stella per per cambiamento di massa"
43,111.302,"DROP",,,,,,,,,,,,,0,0.00,3,"Stella persa per bassa massa"
44,113.817,"DROP",,,,,,,,,,,,,0,0.00,2,"Stella persa per SNR basso"
45,116.091,"DROP",,,,,,,,,,,,,0,0.00,4,"Star lost - low HFD"
46,118.521,"DROP",,,,,,,,,,,,,0,0.00,2,"Stella persa per SNR basso"
47,120.787,"DROP",,,,,,,,,,,,,0,0.00,2,"Stella persa per SNR basso"
48,123.233,"DROP",,,,,,,,,,,,,0,0.00,2,"Stella persa per SNR basso"
49,125.502,"DROP",,,,,,,,,,,,,4196,11.78,7,"Stella per per cambiamento di massa"
50,127.956,"DROP",,,,,,,,,,,,,12226,24.10,7,"Stella per per cambiamento di massa"
51,130.231,"DROP",,,,,,,,,,,,,13754,25.02,7,"Stella per per cambiamento di massa"
52,132.683,"DROP",,,,,,,,,,,,,8405,18.66,7,"Stella per per cambiamento di massa"
53,134.986,"DROP",,,,,,,,,,,,,0,0.00,2,"Stella persa per SNR basso"
54,137.438,"DROP",,,,,,,,,,,,,5469,14.59,7,"Stella per per cambiamento di massa"
55,139.722,"DROP",,,,,,,,,,,,,3756,12.97,7,"Stella per per cambiamento di massa"
56,142.157,"DROP",,,,,,,,,,,,,0,0.00,2,"Stella persa per SNR basso"
57,144.443,"DROP",,,,,,,,,,,,,3933,12.89,7,"Stella per per cambiamento di massa"
58,146.938,"DROP",,,,,,,,,,,,,0,0.00,4,"Star lost - low HFD"
59,149.215,"DROP",,,,,,,,,,,,,0,0.00,2,"Stella persa per SNR basso"
60,151.663,"DROP",,,,,,,,,,,,,0,0.00,2,"Stella persa per SNR basso"
61,153.931,"DROP",,,,,,,,,,,,,0,0.00,2,"Stella persa per SNR basso"
62,156.357,"DROP",,,,,,,,,,,,,0,0.00,3,"Stella persa per bassa massa"
63,161.713,"Mount",-7.889,-8.809,-3.223,11.377,-2.030,11.377,490,E,2500,S,,,2449,10.42,0
64,164.038,"DROP",,,,,,,,,,,,,0,0.00,2,"Stella persa per SNR basso"
65,166.303,"DROP",,,,,,,,,,,,,0,0.00,2,"Stella persa per SNR basso"
66,168.727,"DROP",,,,,,,,,,,,,0,0.00,2,"Stella persa per SNR basso"
67,171.028,"DROP",,,,,,,,,,,,,0,0.00,2,"Stella persa per SNR basso"
68,173.446,"DROP",,,,,,,,,,,,,0,0.00,2,"Stella persa per SNR basso"
69,175.755,"DROP",,,,,,,,,,,,,0,0.00,3,"Stella persa per bassa massa"
70,178.177,"DROP",,,,,,,,,,,,,0,0.00,2,"Stella persa per SNR basso"
71,180.446,"DROP",,,,,,,,,,,,,0,0.00,2,"Stella persa per SNR basso"
72,182.904,"DROP",,,,,,,,,,,,,0,0.00,2,"Stella persa per SNR basso"
73,185.181,"DROP",,,,,,,,,,,,,0,0.00,2,"Stella persa per SNR basso"
74,191.707,"Mount",-0.795,-24.379,9.984,22.255,6.148,22.255,1485,W,2500,S,,,3762,12.90,0
75,194.044,"DROP",,,,,,,,,,,,,0,0.00,2,"Stella persa per SNR basso"
76,196.425,"DROP",,,,,,,,,,,,,0,0.00,2,"Stella persa per SNR basso"
77,198.863,"DROP",,,,,,,,,,,,,0,0.00,2,"Stella persa per SNR basso"
78,201.141,"DROP",,,,,,,,,,,,,0,0.00,2,"Stella persa per SNR basso"
79,203.582,"DROP",,,,,,,,,,,,,0,0.00,2,"Stella persa per SNR basso"
80,205.837,"DROP",,,,,,,,,,,,,0,0.00,2,"Stella persa per SNR basso"
81,208.264,"DROP",,,,,,,,,,,,,0,0.00,2,"Stella persa per SNR basso"
82,210.531,"DROP",,,,,,,,,,,,,0,0.00,2,"Stella persa per SNR basso"
83,212.983,"DROP",,,,,,,,,,,,,0,0.00,2,"Stella persa per SNR basso"
84,215.251,"DROP",,,,,,,,,,,,,0,0.00,2,"Stella persa per SNR basso"
85,217.709,"DROP",,,,,,,,,,,,,0,0.00,2,"Stella persa per SNR basso"
86,219.972,"DROP",,,,,,,,,,,,,0,0.00,2,"Stella persa per SNR basso"
87,226.401,"Mount",-10.196,-40.032,8.406,40.446,5.726,40.446,1383,W,2500,S,,,2842,11.95,0
88,228.695,"DROP",,,,,,,,,,,,,0,0.00,2,"Stella persa per SNR basso"
89,231.013,"DROP",,,,,,,,,,,,,0,0.00,2,"Stella persa per SNR basso"
90,233.446,"DROP",,,,,,,,,,,,,0,0.00,2,"Stella persa per SNR basso"
91,235.717,"DROP",,,,,,,,,,,,,0,0.00,2,"Stella persa per SNR basso"
92,238.154,"DROP",,,,,,,,,,,,,0,0.00,2,"Stella persa per SNR basso"
93,240.425,"DROP",,,,,,,,,,,,,0,0.00,3,"Stella persa per bassa massa"
94,242.877,"DROP",,,,,,,,,,,,,0,0.00,2,"Stella persa per SNR basso"
95,249.051,"Mount",-10.654,-39.692,7.845,40.341,5.343,40.341,1291,W,2500,S,,,3473,11.25,0
96,255.457,"Mount",-9.287,-39.908,9.169,39.936,6.150,39.936,1486,W,2500,S,,,5842,15.67,0
97,262.010,"Mount",-10.123,-43.692,10.077,43.703,6.779,43.703,1637,W,2500,S,,,3418,12.06,0
98,264.328,"DROP",,,,,,,,,,,,,0,0.00,4,"Star lost - low HFD"
99,266.611,"DROP",,,,,,,,,,,,,0,0.00,2,"Stella persa per SNR basso"
100,269.034,"DROP",,,,,,,,,,,,,0,0.00,2,"Stella persa per SNR basso"
101,271.309,"DROP",,,,,,,,,,,,,0,0.00,2,"Stella persa per SNR basso"
102,277.850,"Mount",-8.647,-38.271,9.025,38.184,6.160,38.184,1488,W,2500,S,,,4049,13.76,0
103,280.147,"DROP",,,,,,,,,,,,,0,0.00,2,"Stella persa per SNR basso"
104,282.412,"DROP",,,,,,,,,,,,,0,0.00,2,"Stella persa per SNR basso"
105,284.829,"DROP",,,,,,,,,,,,,0,0.00,5,"Nessuna stella trovata"
106,287.092,"DROP",,,,,,,,,,,,,0,0.00,2,"Stella persa per SNR basso"
107,293.497,"Mount",-10.858,-40.946,8.213,41.558,5.605,41.558,1354,W,2500,S,,,4056,13.50,0
108,295.790,"DROP",,,,,,,,,,,,,0,0.00,2,"Stella persa per SNR basso"
109,298.053,"DROP",,,,,,,,,,,,,0,0.00,2,"Stella persa per SNR basso"
110,300.476,"DROP",,,,,,,,,,,,,0,0.00,2,"Stella persa per SNR basso"
111,302.734,"DROP",,,,,,,,,,,,,0,0.00,2,"Stella persa per SNR basso"
112,309.634,"Mount",-3.265,-32.724,11.426,30.838,7.591,30.838,1834,W,2500,S,,,3125,11.60,0
113,311.967,"DROP",,,,,,,,,,,,,0,0.00,2,"Stella persa per SNR basso"
114,314.226,"DROP",,,,,,,,,,,,,0,0.00,2,"Stella persa per SNR basso"
115,321.089,"Mount",-7.574,-40.537,10.983,39.749,7.451,39.749,1800,W,2500,S,,,2659,9.60,0
116,327.370,"Mount",-4.517,-27.651,8.076,26.828,5.609,26.828,1355,W,2500,S,,,2183,10.22,0
117,329.699,"DROP",,,,,,,,,,,,,0,0.00,2,"Stella persa per SNR basso"
118,331.970,"DROP",,,,,,,,,,,,,0,0.00,2,"Stella persa per SNR basso"
119,334.410,"DROP",,,,,,,,,,,,,0,0.00,2,"Stella persa per SNR basso"
120,341.737,"Mount",-1.784,-38.449,15.270,35.332,10.013,35.332,2418,W,2500,S,,,3577,11.60,0
121,347.642,"Mount",-10.855,-33.975,5.156,35.293,3.949,35.293,954,W,2500,S,,,2482,10.48,0
122,349.943,"DROP",,,,,,,,,,,,,0,0.00,2,"Stella persa per SNR basso"
123,356.009,"Mount",-9.697,-36.115,7.135,36.707,4.772,36.707,1153,W,2500,S,,,2491,10.42,0
124,358.303,"DROP",,,,,,,,,,,,,0,0.00,2,"Stella persa per SNR basso"
125,360.562,"DROP",,,,,,,,,,,,,0,0.00,2,"Stella persa per SNR basso"
126,363.008,"DROP",,,,,,,,,,,,,0,0.00,2,"Stella persa per SNR basso"
127,365.286,"DROP",,,,,,,,,,,,,0,0.00,2,"Stella persa per SNR basso"
128,367.734,"DROP",,,,,,,,,,,,,0,0.00,2,"Stella persa per SNR basso"
129,370.000,"DROP",,,,,,,,,,,,,0,0.00,2,"Stella persa per SNR basso"
130,372.429,"DROP",,,,,,,,,,,,,0,0.00,2,"Stella persa per SNR basso"
131,378.370,"Mount",-6.425,-27.605,6.341,27.624,4.329,27.624,1046,W,2500,S,,,2525,11.29,0
132,380.659,"DROP",,,,,,,,,,,,,0,0.00,4,"Star lost - low HFD"
133,382.925,"DROP",,,,,,,,,,,,,0,0.00,2,"Stella persa per SNR basso"
134,385.356,"DROP",,,,,,,,,,,,,0,0.00,2,"Stella persa per SNR basso"
135,387.648,"DROP",,,,,,,,,,,,,0,0.00,2,"Stella persa per SNR basso"
136,390.088,"DROP",,,,,,,,,,,,,0,0.00,2,"Stella persa per SNR basso"
137,395.442,"Mount",-11.766,-29.106,2.201,31.317,1.689,31.317,408,W,2500,S,,,5403,15.22,0
138,397.753,"DROP",,,,,,,,,,,,,0,0.00,4,"Star lost - low HFD"
139,400.017,"DROP",,,,,,,,,,,,,0,0.00,2,"Stella persa per SNR basso"
140,402.506,"DROP",,,,,,,,,,,,,0,0.00,3,"Stella persa per bassa massa"
141,409.193,"Mount",-5.843,-37.249,11.096,36.034,7.109,36.034,1717,W,2500,S,,,3489,12.86,0
142,411.498,"DROP",,,,,,,,,,,,,0,0.00,2,"Stella persa per SNR basso"
143,413.758,"DROP",,,,,,,,,,,,,0,0.00,2,"Stella persa per SNR basso"
144,419.714,"Mount",-13.326,-38.392,4.873,40.346,3.568,40.346,862,W,2500,S,,,1869,8.90,0
145,422.005,"DROP",,,,,,,,,,,,,0,0.00,2,"Stella persa per SNR basso"
146,428.513,"Mount",-8.748,-41.092,10.172,40.763,6.658,40.763,1608,W,2500,S,,,4627,13.28,0
147,430.825,"DROP",,,,,,,,,,,,,0,0.00,2,"Stella persa per SNR basso"
148,438.122,"Mount",-11.152,-57.225,15.092,56.314,9.974,56.314,2409,W,2500,S,,,2502,10.12,0
149,445.145,"Mount",-13.651,-56.530,12.542,56.787,8.599,56.787,2077,W,2500,S,,,2698,10.38,0
150,447.447,"DROP",,,,,,,,,,,,,0,0.00,2,"Stella persa per SNR basso"
151,449.715,"DROP",,,,,,,,,,,,,0,0.00,2,"Stella persa per SNR basso"
152,452.157,"DROP",,,,,,,,,,,,,0,0.00,2,"Stella persa per SNR basso"
153,454.475,"DROP",,,,,,,,,,,,,0,0.00,2,"Stella persa per SNR basso"
154,456.906,"DROP",,,,,,,,,,,,,0,0.00,2,"Stella persa per SNR basso"
155,464.321,"Mount",-9.138,-68.559,21.875,65.615,14.383,65.615,2500,W,2500,S,,,4277,13.27,0
156,466.629,"DROP",,,,,,,,,,,,,0,0.00,2,"Stella persa per SNR basso"
157,468.899,"DROP",,,,,,,,,,,,,0,0.00,2,"Stella persa per SNR basso"
158,471.341,"DROP",,,,,,,,,,,,,0,0.00,2,"Stella persa per SNR basso"
159,473.594,"DROP",,,,,,,,,,,,,0,0.00,3,"Stella persa per bassa massa"
160,476.021,"DROP",,,,,,,,,,,,,0,0.00,2,"Stella persa per SNR basso"
161,478.289,"DROP",,,,,,,,,,,,,0,0.00,2,"Stella persa per SNR basso"
162,480.710,"DROP",,,,,,,,,,,,,0,0.00,2,"Stella persa per SNR basso"
163,483.001,"DROP",,,,,,,,,,,,,0,0.00,2,"Stella persa per SNR basso"
164,490.570,"Mount",-15.910,-70.508,16.645,70.338,11.493,70.338,2500,W,2500,S,,,2447,9.78,0
165,492.869,"DROP",,,,,,,,,,,,,0,0.00,3,"Stella persa per bassa massa"
166,495.186,"DROP",,,,,,,,,,,,,0,0.00,2,"Stella persa per SNR basso"
167,497.631,"DROP",,,,,,,,,,,,,0,0.00,2,"Stella persa per SNR basso"
168,499.891,"DROP",,,,,,,,,,,,,0,0.00,2,"Stella persa per SNR basso"
169,502.328,"DROP",,,,,,,,,,,,,0,0.00,2,"Stella persa per SNR basso"
170,504.622,"DROP",,,,,,,,,,,,,0,0.00,2,"Stella persa per SNR basso"
171,507.079,"DROP",,,,,,,,,,,,,0,0.00,2,"Stella persa per SNR basso"
172,509.352,"DROP",,,,,,,,,,,,,0,0.00,2,"Stella persa per SNR basso"
173,511.818,"DROP",,,,,,,,,,,,,0,0.00,2,"Stella persa per SNR basso"
174,514.079,"DROP",,,,,,,,,,,,,0,0.00,2,"Stella persa per SNR basso"
175,516.519,"DROP",,,,,,,,,,,,,0,0.00,2,"Stella persa per SNR basso"
176,518.778,"DROP",,,,,,,,,,,,,0,0.00,2,"Stella persa per SNR basso"
177,521.228,"DROP",,,,,,,,,,,,,0,0.00,2,"Stella persa per SNR basso"
178,523.490,"DROP",,,,,,,,,,,,,0,0.00,2,"Stella persa per SNR basso"
179,525.914,"DROP",,,,,,,,,,,,,0,0.00,2,"Stella persa per SNR basso"
180,528.185,"DROP",,,,,,,,,,,,,0,0.00,2,"Stella persa per SNR basso"
181,535.762,"Mount",-2.600,-82.144,33.712,74.953,22.043,74.953,2500,W,2500,S,,,2630,9.58,0
182,543.194,"Mount",-14.905,-79.301,21.408,77.798,15.030,77.798,2500,W,2500,S,,,1968,8.91,0
183,545.494,"DROP",,,,,,,,,,,,,0,0.00,2,"Stella persa per SNR basso"
184,547.760,"DROP",,,,,,,,,,,,,0,0.00,2,"Stella persa per SNR basso"
185,550.195,"DROP",,,,,,,,,,,,,0,0.00,2,"Stella persa per SNR basso"
186,552.487,"DROP",,,,,,,,,,,,,0,0.00,2,"Stella persa per SNR basso"
187,554.939,"DROP",,,,,,,,,,,,,0,0.00,2,"Stella persa per SNR basso"
188,557.302,"DROP",,,,,,,,,,,,,0,0.00,2,"Stella persa per SNR basso"
189,559.749,"DROP",,,,,,,,,,,,,0,0.00,2,"Stella persa per SNR basso"
190,562.011,"DROP",,,,,,,,,,,,,0,0.00,2,"Stella persa per SNR basso"
191,569.634,"Mount",-14.892,-77.565,20.657,76.233,14.066,76.233,2500,W,2500,S,,,4559,13.81,0
192,571.938,"DROP",,,,,,,,,,,,,0,0.00,2,"Stella persa per SNR basso"
193,574.214,"DROP",,,,,,,,,,,,,0,0.00,3,"Stella persa per bassa massa"
194,576.658,"DROP",,,,,,,,,,,,,2152,8.82,8,"Nessuna stella trovata"
195,578.954,"DROP",,,,,,,,,,,,,0,0.00,2,"Stella persa per SNR basso"
196,581.386,"DROP",,,,,,,,,,,,,0,0.00,2,"Stella persa per SNR basso"
197,583.654,"DROP",,,,,,,,,,,,,0,0.00,3,"Stella persa per bassa massa"
198,586.076,"DROP",,,,,,,,,,,,,0,0.00,2,"Stella persa per SNR basso"
199,588.343,"DROP",,,,,,,,,,,,,0,0.00,2,"Stella persa per SNR basso"
200,590.773,"DROP",,,,,,,,,,,,,0,0.00,2,"Stella persa per SNR basso"
201,598.194,"Mount",-5.254,-67.315,24.820,62.793,16.621,62.793,2500,W,2500,S,,,1851,8.05,0
202,600.499,"DROP",,,,,,,,,,,,,0,0.00,2,"Stella persa per SNR basso"
203,602.755,"DROP",,,,,,,,,,,,,0,0.00,2,"Stella persa per SNR basso"
204,605.212,"DROP",,,,,,,,,,,,,0,0.00,2,"Stella persa per SNR basso"
205,607.484,"DROP",,,,,,,,,,,,,0,0.00,2,"Stella persa per SNR basso"
206,609.936,"DROP",,,,,,,,,,,,,0,0.00,2,"Stella persa per SNR basso"
207,612.216,"DROP",,,,,,,,,,,,,0,0.00,2,"Stella persa per SNR basso"
208,614.710,"DROP",,,,,,,,,,,,,0,0.00,2,"Stella persa per SNR basso"
209,617.003,"DROP",,,,,,,,,,,,,0,0.00,3,"Stella persa per bassa massa"
210,619.484,"DROP",,,,,,,,,,,,,0,0.00,3,"Stella persa per bassa massa"
Guiding Ends at 2026-09-04 05:35:50
