----------------------------------------------------------------------
--------------N.I.N.A. - Nighttime Imaging 'N' Astronomy--------------
--------------------------Version 3.2.0.9001--------------------------
-------------------------2026-09-15T17:32:21--------------------------
----------------------------------------------------------------------
---------------------Microsoft Windows 10.0.17763---------------------
-------------------------OS Architecture X64--------------------------
-----------------------Process Architecture X64-----------------------
-----------------------------.NET 8.0.21------------------------------
----------------------------------------------------------------------
--------------------------Processor Count 2---------------------------
--------------------Total Physical Memory 11.68 GB--------------------
----------------------------------------------------------------------
DATE|LEVEL|SOURCE|MEMBER|LINE|MESSAGE
2026-09-15T17:32:21.7309|INFO|CameraChooserVM.cs|GetEquipment|69|Found 0 ASI Cameras
2026-09-15T17:32:22.7216|INFO|CameraChooserVM.cs|GetEquipment|84|Found 0 Altair Cameras
2026-09-15T17:32:22.9825|INFO|CameraChooserVM.cs|GetEquipment|96|Found 0 Atik Cameras
2026-09-15T17:32:23.0382|INFO|CameraChooserVM.cs|GetEquipment|110|Found 0 FLI Cameras
2026-09-15T17:32:24.3027|INFO|CameraChooserVM.cs|GetEquipment|130|Found 0 QHYCCD Cameras
2026-09-15T17:32:26.1279|INFO|CameraChooserVM.cs|GetEquipment|158|Found 0 ToupTek Cameras
2026-09-15T17:32:26.3100|INFO|CameraChooserVM.cs|GetEquipment|173|Found 0 Ogma Cameras
2026-09-15T17:32:26.5969|INFO|CameraChooserVM.cs|GetEquipment|188|Found 0 Omegon Cameras
2026-09-15T17:32:27.0258|INFO|CameraChooserVM.cs|GetEquipment|203|Found 0 RisingCam Cameras
2026-09-15T17:32:27.2925|INFO|CameraChooserVM.cs|GetEquipment|218|Found 0 MallinCam Cameras
2026-09-15T17:32:27.4486|INFO|CameraChooserVM.cs|GetEquipment|243|Found 0 SVBony Cameras
2026-09-15T17:32:27.4519|INFO|CameraChooserVM.cs|GetEquipment|259|Found 0 SBIG Cameras
2026-09-15T17:32:27.8892|INFO|PluginLoader.cs|LoadPlugin|402|Successfully loaded plugin Connector version 2.1.0.2 by Stefan Berg @isbeorn
2026-09-15T17:32:28.7839|INFO|PluginLoader.cs|LoadPlugin|402|Successfully loaded plugin Digital StarGate Observatory Telemetry Exporter version 0.3.1.0 by Digital StarGate
2026-09-15T17:32:35.7639|INFO|PluginLoader.cs|LoadPlugin|402|Successfully loaded plugin Hocus Focus version 3.0.0.25 by George Hilios (jokogeo)
2026-09-15T17:32:36.8376|INFO|PluginLoader.cs|LoadPlugin|402|Successfully loaded plugin Remote Copy version 3.0.1.0 by Tom Palmer @tcpalmer
2026-09-15T17:33:04.3808|INFO|PluginLoader.cs|LoadPlugin|402|Successfully loaded plugin RTSP Client version 3.1.0.6 by Stefan Berg @isbeorn
2026-09-15T17:33:04.6714|INFO|PluginLoader.cs|LoadPlugin|402|Successfully loaded plugin Three Point Polar Alignment version 2.2.4.3 by Stefan Berg @isbeorn
2026-09-15T17:33:04.8794|INFO|PluginLoader.cs|LoadPlugin|402|Successfully loaded plugin WandererAstro Tools version 3.0.0.0 by WandererAstro
2026-09-15T17:33:07.1597|INFO|PluginFetcher.cs|RequestAll|43|Fetching plugin manifests from https://nighttime-imaging.eu/wp-json/nina/v1/plugins/manifests
2026-09-15T17:33:09.6308|INFO|ApplicationVM.cs|CheckASCOMPlatformVersion|81|ASCOM Platform 7.1.3.4851 installed
2026-09-15T17:33:10.9630|INFO|CameraChooserVM.cs|GetEquipment|279|Found 0 SVBony Cameras
2026-09-15T17:33:11.0751|INFO|CameraChooserVM.cs|GetEquipment|279|Found 0 PlayerOne Cameras
2026-09-15T17:33:11.1241|INFO|CameraChooserVM.cs|GetEquipment|279|Found 0 ASTPAN Cameras
2026-09-15T17:33:11.1273|INFO|CameraChooserVM.cs|GetEquipment|293|Found 13 ASCOM Cameras
2026-09-15T17:33:11.7743|INFO|ApplicationVM.cs|CheckDiskInfo|100|Available Space on Drive C:\: 56.23 GB
2026-09-15T17:33:11.7746|INFO|ApplicationVM.cs|CheckDiskInfo|100|Available Space on Drive D:\: 319.01 GB
2026-09-15T17:33:12.5859|INFO|SafetyMonitorChooserVM.cs|GetEquipment|71|Found 0 Alpaca Safety Monitors
2026-09-15T17:33:12.6745|INFO|TelescopeChooserVM.cs|GetEquipment|69|Found 0 Alpaca Telescopes
2026-09-15T17:33:13.1055|INFO|WeatherDataChooserVM.cs|GetEquipment|69|Found 0 Alpaca Observing Conditions
2026-09-15T17:33:13.1539|INFO|CameraChooserVM.cs|GetEquipment|305|Found 0 Alpaca Cameras
2026-09-15T17:33:13.1577|INFO|CameraChooserVM.cs|GetEquipment|318|Found 0 Canon Cameras
2026-09-15T17:33:13.6906|INFO|DomeChooserVM.cs|GetEquipment|67|Found 0 Alpaca Domes
2026-09-15T17:33:13.6996|INFO|FlatDeviceChooserVM.cs|GetEquipment|67|Found 0 Alpaca Cover Calibrators
2026-09-15T17:33:13.7320|INFO|SwitchChooserVM.cs|GetEquipment|71|Found 0 Alpaca Switch Hubs
2026-09-15T17:33:13.7366|INFO|FilterWheelChooserVM.cs|GetEquipment|193|Found 0 Alpaca Filter Wheels
2026-09-15T17:33:14.4813|INFO|PluginFetcher.cs|RequestAll|57|Found 96 valid plugins at https://nighttime-imaging.eu/wp-json/nina/v1/plugins/manifests
2026-09-15T17:33:14.4943|INFO|RotatorChooserVM.cs|GetEquipment|68|Found 0 Alpaca Rotators
2026-09-15T17:33:14.5119|INFO|FocuserChooserVM.cs|GetEquipment|84|Found 0 Alpaca Focusers
2026-09-15T17:33:58.6531|INFO|CameraChooserVM.cs|GetEquipment|69|Found 0 ASI Cameras
2026-09-15T17:33:58.6892|INFO|CameraChooserVM.cs|GetEquipment|84|Found 0 Altair Cameras
2026-09-15T17:33:58.6893|INFO|CameraChooserVM.cs|GetEquipment|96|Found 0 Atik Cameras
2026-09-15T17:33:58.6903|INFO|CameraChooserVM.cs|GetEquipment|110|Found 0 FLI Cameras
2026-09-15T17:33:58.6906|INFO|CameraChooserVM.cs|GetEquipment|130|Found 0 QHYCCD Cameras
2026-09-15T17:33:59.0052|INFO|CameraChooserVM.cs|GetEquipment|158|Found 0 ToupTek Cameras
2026-09-15T17:33:59.0163|INFO|CameraChooserVM.cs|GetEquipment|173|Found 0 Ogma Cameras
2026-09-15T17:33:59.0366|INFO|CameraChooserVM.cs|GetEquipment|188|Found 0 Omegon Cameras
2026-09-15T17:33:59.3297|INFO|CameraChooserVM.cs|GetEquipment|203|Found 0 RisingCam Cameras
2026-09-15T17:33:59.3521|INFO|CameraChooserVM.cs|GetEquipment|218|Found 0 MallinCam Cameras
2026-09-15T17:33:59.3541|INFO|CameraChooserVM.cs|GetEquipment|243|Found 0 SVBony Cameras
2026-09-15T17:33:59.3564|INFO|CameraChooserVM.cs|GetEquipment|259|Found 0 SBIG Cameras
2026-09-15T17:33:59.3569|INFO|CameraChooserVM.cs|GetEquipment|279|Found 0 SVBony Cameras
2026-09-15T17:33:59.3572|INFO|CameraChooserVM.cs|GetEquipment|279|Found 0 PlayerOne Cameras
2026-09-15T17:33:59.3581|INFO|CameraChooserVM.cs|GetEquipment|279|Found 0 ASTPAN Cameras
2026-09-15T17:33:59.3602|INFO|CameraChooserVM.cs|GetEquipment|293|Found 13 ASCOM Cameras
2026-09-15T17:34:00.7061|INFO|SwitchChooserVM.cs|GetEquipment|71|Found 0 Alpaca Switch Hubs
2026-09-15T17:34:00.7100|INFO|FilterWheelChooserVM.cs|GetEquipment|193|Found 0 Alpaca Filter Wheels
2026-09-15T17:34:00.7686|INFO|FocuserChooserVM.cs|GetEquipment|84|Found 0 Alpaca Focusers
2026-09-15T17:34:00.8678|INFO|RotatorChooserVM.cs|GetEquipment|68|Found 0 Alpaca Rotators
2026-09-15T17:34:00.9498|INFO|WeatherDataChooserVM.cs|GetEquipment|69|Found 0 Alpaca Observing Conditions
2026-09-15T17:34:00.9971|INFO|DomeChooserVM.cs|GetEquipment|67|Found 0 Alpaca Domes
2026-09-15T17:34:01.3673|INFO|CameraChooserVM.cs|GetEquipment|305|Found 0 Alpaca Cameras
2026-09-15T17:34:01.3678|INFO|CameraChooserVM.cs|GetEquipment|318|Found 0 Canon Cameras
2026-09-15T17:34:01.5966|INFO|TelescopeChooserVM.cs|GetEquipment|69|Found 0 Alpaca Telescopes
2026-09-15T17:34:01.6479|INFO|FlatDeviceChooserVM.cs|GetEquipment|67|Found 0 Alpaca Cover Calibrators
2026-09-15T17:34:01.6711|INFO|SafetyMonitorChooserVM.cs|GetEquipment|71|Found 0 Alpaca Safety Monitors
2026-09-15T17:35:33.6442|INFO|CameraChooserVM.cs|GetEquipment|69|Found 0 ASI Cameras
2026-09-15T17:35:33.6905|INFO|CameraChooserVM.cs|GetEquipment|84|Found 0 Altair Cameras
2026-09-15T17:35:33.6907|INFO|CameraChooserVM.cs|GetEquipment|96|Found 0 Atik Cameras
2026-09-15T17:35:33.6918|INFO|CameraChooserVM.cs|GetEquipment|110|Found 0 FLI Cameras
2026-09-15T17:35:33.6919|INFO|CameraChooserVM.cs|GetEquipment|130|Found 0 QHYCCD Cameras
2026-09-15T17:35:34.0246|INFO|CameraChooserVM.cs|GetEquipment|158|Found 0 ToupTek Cameras
2026-09-15T17:35:34.0316|INFO|CameraChooserVM.cs|GetEquipment|173|Found 0 Ogma Cameras
2026-09-15T17:35:34.0674|INFO|CameraChooserVM.cs|GetEquipment|188|Found 0 Omegon Cameras
2026-09-15T17:35:34.3480|INFO|CameraChooserVM.cs|GetEquipment|203|Found 0 RisingCam Cameras
2026-09-15T17:35:34.3680|INFO|CameraChooserVM.cs|GetEquipment|218|Found 0 MallinCam Cameras
2026-09-15T17:35:34.3699|INFO|CameraChooserVM.cs|GetEquipment|243|Found 0 SVBony Cameras
2026-09-15T17:35:34.3723|INFO|CameraChooserVM.cs|GetEquipment|259|Found 0 SBIG Cameras
2026-09-15T17:35:34.3724|INFO|CameraChooserVM.cs|GetEquipment|279|Found 0 SVBony Cameras
2026-09-15T17:35:34.3725|INFO|CameraChooserVM.cs|GetEquipment|279|Found 0 PlayerOne Cameras
2026-09-15T17:35:34.3734|INFO|CameraChooserVM.cs|GetEquipment|279|Found 0 ASTPAN Cameras
2026-09-15T17:35:34.3749|INFO|CameraChooserVM.cs|GetEquipment|293|Found 13 ASCOM Cameras
2026-09-15T17:35:35.6972|INFO|SwitchChooserVM.cs|GetEquipment|71|Found 0 Alpaca Switch Hubs
2026-09-15T17:35:36.3798|INFO|CameraChooserVM.cs|GetEquipment|305|Found 0 Alpaca Cameras
2026-09-15T17:35:36.3803|INFO|CameraChooserVM.cs|GetEquipment|318|Found 0 Canon Cameras
2026-09-15T17:35:36.3965|INFO|FilterWheelChooserVM.cs|GetEquipment|193|Found 0 Alpaca Filter Wheels
2026-09-15T17:35:36.4163|INFO|FocuserChooserVM.cs|GetEquipment|84|Found 0 Alpaca Focusers
2026-09-15T17:35:36.4196|INFO|RotatorChooserVM.cs|GetEquipment|68|Found 0 Alpaca Rotators
2026-09-15T17:35:36.6566|INFO|WeatherDataChooserVM.cs|GetEquipment|69|Found 0 Alpaca Observing Conditions
2026-09-15T17:35:36.7253|INFO|DomeChooserVM.cs|GetEquipment|67|Found 0 Alpaca Domes
2026-09-15T17:35:36.7943|INFO|TelescopeChooserVM.cs|GetEquipment|69|Found 0 Alpaca Telescopes
2026-09-15T17:35:36.8288|INFO|FlatDeviceChooserVM.cs|GetEquipment|67|Found 0 Alpaca Cover Calibrators
2026-09-15T17:35:36.8463|INFO|SafetyMonitorChooserVM.cs|GetEquipment|71|Found 0 Alpaca Safety Monitors
2026-09-15T18:53:19.0098|INFO|ApplicationDeviceConnectionVM.cs|UsbDeviceWatcher_DeviceInserted|232|New USB device detected DeviceId: USB\VID_2109&PID_0813\5&144E4AB&0&12, PnpDeviceId: USB\VID_2109&PID_0813\5&144E4AB&0&12, Description: Hub USB SuperSpeed generico, Name: Hub USB SuperSpeed generico, Manufacturer: (HUB USB standard), Service: USBHUB3, Status: OK
2026-09-15T18:53:21.7290|INFO|ApplicationDeviceConnectionVM.cs|UsbDeviceWatcher_DeviceInserted|232|New USB device detected DeviceId: USB\VID_0424&PID_2807\5&144E4AB&0&4, PnpDeviceId: USB\VID_0424&PID_2807\5&144E4AB&0&4, Description: Hub USB generico, Name: Hub USB generico, Manufacturer: (HUB USB standard), Service: USBHUB3, Status: OK
2026-09-15T18:53:21.7292|INFO|ApplicationDeviceConnectionVM.cs|UsbDeviceWatcher_DeviceInserted|232|New USB device detected DeviceId: USB\VID_2109&PID_2813\5&144E4AB&0&3, PnpDeviceId: USB\VID_2109&PID_2813\5&144E4AB&0&3, Description: Hub USB generico, Name: Hub USB generico, Manufacturer: (HUB USB standard), Service: USBHUB3, Status: OK
2026-09-15T18:53:21.7292|INFO|ApplicationDeviceConnectionVM.cs|UsbDeviceWatcher_DeviceInserted|232|New USB device detected DeviceId: USB\VID_0403&PID_6015\PPBA671NR5, PnpDeviceId: USB\VID_0403&PID_6015\PPBA671NR5, Description: USB Serial Converter, Name: USB Serial Converter, Manufacturer: FTDI, Service: FTDIBUS, Status: OK
2026-09-15T18:53:21.7293|INFO|ApplicationDeviceConnectionVM.cs|UsbDeviceWatcher_DeviceInserted|232|New USB device detected DeviceId: USB\VID_0403&PID_6015\UCH4OV5CO, PnpDeviceId: USB\VID_0403&PID_6015\UCH4OV5CO, Description: USB Serial Converter, Name: USB Serial Converter, Manufacturer: FTDI, Service: FTDIBUS, Status: OK
2026-09-15T18:53:21.7293|INFO|ApplicationDeviceConnectionVM.cs|UsbDeviceWatcher_DeviceInserted|232|New USB device detected DeviceId: USB\VID_0424&PID_5807\5&144E4AB&0&13, PnpDeviceId: USB\VID_0424&PID_5807\5&144E4AB&0&13, Description: Hub USB SuperSpeed generico, Name: Hub USB SuperSpeed generico, Manufacturer: (HUB USB standard), Service: USBHUB3, Status: OK
2026-09-15T18:53:24.6102|INFO|ApplicationDeviceConnectionVM.cs|UsbDeviceWatcher_DeviceInserted|232|New USB device detected DeviceId: USB\VID_1A40&PID_0101\6&2EF655E5&0&3, PnpDeviceId: USB\VID_1A40&PID_0101\6&2EF655E5&0&3, Description: Hub USB generico, Name: Hub USB generico, Manufacturer: (HUB USB standard), Service: USBHUB3, Status: OK
2026-09-15T18:53:24.6104|INFO|ApplicationDeviceConnectionVM.cs|UsbDeviceWatcher_DeviceInserted|232|New USB device detected DeviceId: USB\VID_0547&PID_1433\6&1727222E&0&3, PnpDeviceId: USB\VID_0547&PID_1433\6&1727222E&0&3, Description: Dispositivo WinUSB, Name: USB3.0 Camera, Manufacturer: Dispositivo WinUSB, Service: WINUSB, Status: OK
2026-09-15T18:53:24.6104|INFO|ApplicationDeviceConnectionVM.cs|UsbDeviceWatcher_DeviceInserted|232|New USB device detected DeviceId: USB\VID_0403&PID_6015\PA47RVMY, PnpDeviceId: USB\VID_0403&PID_6015\PA47RVMY, Description: USB Serial Converter, Name: USB Serial Converter, Manufacturer: FTDI, Service: FTDIBUS, Status: OK
2026-09-15T18:53:24.6105|INFO|ApplicationDeviceConnectionVM.cs|UsbDeviceWatcher_DeviceInserted|232|New USB device detected DeviceId: USB\VID_1A40&PID_0201\6&2CA8C582&0&2, PnpDeviceId: USB\VID_1A40&PID_0201\6&2CA8C582&0&2, Description: Hub USB generico, Name: Hub USB generico, Manufacturer: (HUB USB standard), Service: USBHUB3, Status: OK
2026-09-15T18:53:24.6105|INFO|ApplicationDeviceConnectionVM.cs|UsbDeviceWatcher_DeviceInserted|232|New USB device detected DeviceId: USB\VID_0424&PID_2412\6&2EF655E5&0&2, PnpDeviceId: USB\VID_0424&PID_2412\6&2EF655E5&0&2, Description: Hub USB generico, Name: Hub USB generico, Manufacturer: (HUB USB standard), Service: USBHUB3, Status: OK
2026-09-15T18:53:24.6105|INFO|ApplicationDeviceConnectionVM.cs|UsbDeviceWatcher_DeviceInserted|232|New USB device detected DeviceId: USB\VID_1A86&PID_7523\6&2CA8C582&0&4, PnpDeviceId: USB\VID_1A86&PID_7523\6&2CA8C582&0&4, Description: USB-SERIAL CH340, Name: USB-SERIAL CH340 (COM34), Manufacturer: wch.cn, Service: CH341SER_A64, Status: OK
2026-09-15T18:53:24.6106|INFO|ApplicationDeviceConnectionVM.cs|UsbDeviceWatcher_DeviceInserted|232|New USB device detected DeviceId: USB\VID_03C3&PID_120C\6&2EF655E5&0&4, PnpDeviceId: USB\VID_03C3&PID_120C\6&2EF655E5&0&4, Description: ZWO ASI120MM Mini Camera, Name: ZWO ASI120MM Mini Camera, Manufacturer: ZWO, Service: ASICAMUSB3, Status: OK
2026-09-15T18:53:27.0019|INFO|ApplicationDeviceConnectionVM.cs|UsbDeviceWatcher_DeviceInserted|232|New USB device detected DeviceId: USB\VID_1618&PID_0920\7&7EA6B39&0&1, PnpDeviceId: USB\VID_1618&PID_0920\7&7EA6B39&0&1, Description: QHY5II, Name: QHY5II, Manufacturer: QHY CCD, Service: QHY5II_FW, Status: Unknown
2026-09-15T18:53:27.0020|INFO|ApplicationDeviceConnectionVM.cs|UsbDeviceWatcher_DeviceInserted|232|New USB device detected DeviceId: USB\VID_1A86&PID_7523\7&38C2A16F&0&2, PnpDeviceId: USB\VID_1A86&PID_7523\7&38C2A16F&0&2, Description: USB-SERIAL CH340, Name: USB-SERIAL CH340 (COM44), Manufacturer: wch.cn, Service: CH341SER_A64, Status: OK
2026-09-15T18:53:27.0020|INFO|ApplicationDeviceConnectionVM.cs|UsbDeviceWatcher_DeviceInserted|232|New USB device detected DeviceId: USB\VID_1618&PID_6952\7&7EA6B39&0&4, PnpDeviceId: USB\VID_1618&PID_6952\7&7EA6B39&0&4, Description: QHY695A, Name: QHY695A, Manufacturer: QHY CCD, Service: QHY695A_FW, Status: Unknown
2026-09-15T18:53:27.0020|INFO|ApplicationDeviceConnectionVM.cs|UsbDeviceWatcher_DeviceInserted|232|New USB device detected DeviceId: USB\VID_0403&PID_6010\7&7EA6B39&0&3, PnpDeviceId: USB\VID_0403&PID_6010\7&7EA6B39&0&3, Description: Dispositivo USB composito, Name: Dispositivo USB composito, Manufacturer: (Controller host USB standard), Service: usbccgp, Status: OK
2026-09-15T18:53:27.0021|INFO|ApplicationDeviceConnectionVM.cs|UsbDeviceWatcher_DeviceInserted|232|New USB device detected DeviceId: USB\VID_0403&PID_6010&MI_01\8&367DB49&0&0001, PnpDeviceId: USB\VID_0403&PID_6010&MI_01\8&367DB49&0&0001, Description: USB Serial Converter B, Name: USB Serial Converter B, Manufacturer: FTDI, Service: FTDIBUS, Status: OK
2026-09-15T18:53:27.0021|INFO|ApplicationDeviceConnectionVM.cs|UsbDeviceWatcher_DeviceInserted|232|New USB device detected DeviceId: USB\VID_0403&PID_6010&MI_00\8&367DB49&0&0000, PnpDeviceId: USB\VID_0403&PID_6010&MI_00\8&367DB49&0&0000, Description: USB Serial Converter A, Name: USB Serial Converter A, Manufacturer: FTDI, Service: FTDIBUS, Status: OK
2026-09-15T18:53:27.0022|INFO|ApplicationDeviceConnectionVM.cs|UsbDeviceWatcher_DeviceInserted|232|New USB device detected DeviceId: USB\VID_10C4&PID_EA60\28EAB5B658A6E9118D4DD6A44458CD37, PnpDeviceId: USB\VID_10C4&PID_EA60\28EAB5B658A6E9118D4DD6A44458CD37, Description: Silicon Labs CP210x USB to UART Bridge, Name: Silicon Labs CP210x USB to UART Bridge (COM16), Manufacturer: Silicon Labs, Service: silabser, Status: OK
2026-09-15T18:53:28.0193|INFO|ApplicationDeviceConnectionVM.cs|UsbDeviceWatcher_DeviceRemoved|237|USB Device disconnected DeviceId: USB\VID_1618&PID_0920\7&7EA6B39&0&1, PnpDeviceId: USB\VID_1618&PID_0920\7&7EA6B39&0&1, Description: QHY5II, Name: QHY5II, Manufacturer: QHY CCD, Service: QHY5II_FW, Status: Unknown
2026-09-15T18:53:28.0194|INFO|ApplicationDeviceConnectionVM.cs|UsbDeviceWatcher_DeviceRemoved|237|USB Device disconnected DeviceId: USB\VID_1618&PID_6952\7&7EA6B39&0&4, PnpDeviceId: USB\VID_1618&PID_6952\7&7EA6B39&0&4, Description: QHY695A, Name: QHY695A, Manufacturer: QHY CCD, Service: QHY695A_FW, Status: Unknown
2026-09-15T18:53:54.7621|INFO|ApplicationDeviceConnectionVM.cs|UsbDeviceWatcher_DeviceInserted|232|New USB device detected DeviceId: USB\VID_15A2&PID_A50F\_CGX_V1, PnpDeviceId: USB\VID_15A2&PID_A50F\_CGX_V1, Description: Dispositivo seriale USB, Name: USB Serial Device (COM15), Manufacturer: Microsoft, Service: usbser, Status: OK
2026-09-15T18:56:28.4843|INFO|CameraChooserVM.cs|GetEquipment|69|Found 1 ASI Cameras
2026-09-15T18:56:28.5681|INFO|CameraChooserVM.cs|GetEquipment|84|Found 1 Altair Cameras
2026-09-15T18:56:28.7240|INFO|CameraChooserVM.cs|GetEquipment|96|Found 0 Atik Cameras
2026-09-15T18:56:28.7251|INFO|CameraChooserVM.cs|GetEquipment|110|Found 0 FLI Cameras
2026-09-15T18:56:28.7252|INFO|CameraChooserVM.cs|GetEquipment|130|Found 2 QHYCCD Cameras
2026-09-15T18:56:29.0442|INFO|CameraChooserVM.cs|GetEquipment|158|Found 2 ToupTek Cameras
2026-09-15T18:56:29.0565|INFO|CameraChooserVM.cs|GetEquipment|173|Found 1 Ogma Cameras
2026-09-15T18:56:29.0898|INFO|CameraChooserVM.cs|GetEquipment|188|Found 2 Omegon Cameras
2026-09-15T18:56:29.3487|INFO|CameraChooserVM.cs|GetEquipment|203|Found 2 RisingCam Cameras
2026-09-15T18:56:29.3737|INFO|CameraChooserVM.cs|GetEquipment|218|Found 1 MallinCam Cameras
2026-09-15T18:56:29.3809|INFO|CameraChooserVM.cs|GetEquipment|243|Found 1 SVBony Cameras
2026-09-15T18:56:29.3836|INFO|CameraChooserVM.cs|GetEquipment|259|Found 0 SBIG Cameras
2026-09-15T18:56:29.3837|INFO|CameraChooserVM.cs|GetEquipment|279|Found 0 SVBony Cameras
2026-09-15T18:56:29.3838|INFO|CameraChooserVM.cs|GetEquipment|279|Found 0 PlayerOne Cameras
2026-09-15T18:56:29.3878|INFO|CameraChooserVM.cs|GetEquipment|279|Found 0 ASTPAN Cameras
2026-09-15T18:56:29.3892|INFO|CameraChooserVM.cs|GetEquipment|293|Found 13 ASCOM Cameras
2026-09-15T18:56:31.3944|INFO|CameraChooserVM.cs|GetEquipment|305|Found 0 Alpaca Cameras
2026-09-15T18:56:31.3954|INFO|CameraChooserVM.cs|GetEquipment|318|Found 0 Canon Cameras
2026-09-15T18:56:33.0675|INFO|CameraVM.cs|Disconnect|650|Disconnected Camera
2026-09-15T18:56:33.0733|INFO|QHYCamera.cs|ConnectSync|766|QHYCCD: Connecting to 695A-M-0037ec709603ca4e3
2026-09-15T18:56:38.4135|INFO|FilterWheelChooserVM.cs|GetEquipment|193|Found 0 Alpaca Filter Wheels
2026-09-15T18:56:39.6511|INFO|FilterWheelVM.cs|Disconnect|333|Disconnected Filter Wheel
2026-09-15T18:56:39.9460|INFO|FilterWheelVM.cs|ChooseFW|279|Successfully connected Filter Wheel. Id: 695A-M-0037ec709603ca4e3 Name: 695A-M 8-Slot Filter Wheel DisplayName: 695A-M 8-Slot Filter Wheel Driver Version: 1.0
2026-09-15T18:56:42.3978|INFO|FocuserVM.cs|Disconnect|441|Disconnected Focuser
2026-09-15T18:56:44.7609|INFO|FocuserVM.cs|ChooseFocuser|333|Successfully connected Focuser. Id: ASCOM.PegasusAstro.Focuser Name: Pegasus Astro Focus Controller DisplayName: Pegasus Astro Focus Controller (ASCOM) Driver Version: 2.20
2026-09-15T18:56:56.9037|INFO|TelescopeVM.cs|Disconnect|740|Disconnected mount
2026-09-15T18:56:57.0815|INFO|AscomTelescope.cs|CheckMountTime|845|Mount UTC Time: 2026-09-15 16:56:57Z / System UTC Time: 2026-09-15 16:56:57Z; Difference: 0.004 seconds
2026-09-15T18:56:57.1278|INFO|AscomTelescope.cs|CheckMountTime|865|Mount driver does not allow the mount's time to be set.
2026-09-15T18:56:57.1798|INFO|AscomDevice.cs|GetProperty|527|Property Telescope.SiteElevation GET is not implemented in this driver (CPWI_ASCOM_Telescope)
2026-09-15T18:56:57.7559|INFO|TelescopeVM.cs|ChooseTelescope|535|Successfully connected mount. Id: ASCOM.Optec ASCOM.Telescope Name: CPWI_ASCOM_Telescope DisplayName: CPWI_ASCOM_Telescope (ASCOM) Driver Version: 2.5.9.99  with DLL Assembly Date: July_1_2020
2026-09-15T18:57:03.0475|INFO|PHD2Guider.cs|Connect|205|Connecting to PHD2 server at 127.0.0.1:4400
2026-09-15T18:57:07.6048|INFO|FlatDeviceVM.cs|Disconnect|289|Disconnected Flat Device
2026-09-15T18:57:15.5943|INFO|FlatDeviceVM.cs|Connect|241|Successfully connected flat device. Id: ASCOM.WandererCover1.CoverCalibrator Name: WandererEmpire Cover 1 DisplayName: WandererEmpire Cover 1 (ASCOM) Driver Version: 2.0
2026-09-15T18:57:21.9584|INFO|WeatherDataVM.cs|Disconnect|305|Disconnected Weather Device
2026-09-15T18:57:23.9415|INFO|AscomDevice.cs|GetProperty|527|Property ObservingConditions.SkyBrightness GET is not implemented in this driver (CloudWatcher ObsCond)
2026-09-15T18:57:23.9527|INFO|AscomDevice.cs|GetProperty|527|Property ObservingConditions.SkyQuality GET is not implemented in this driver (CloudWatcher ObsCond)
2026-09-15T18:57:23.9708|INFO|AscomDevice.cs|GetProperty|527|Property ObservingConditions.StarFWHM GET is not implemented in this driver (CloudWatcher ObsCond)
2026-09-15T18:57:23.9873|INFO|AscomDevice.cs|GetProperty|527|Property ObservingConditions.WindDirection GET is not implemented in this driver (CloudWatcher ObsCond)
2026-09-15T18:57:24.0057|INFO|WeatherDataVM.cs|ChooseWeatherData|150|Successfully connected Weather Device. Id: ASCOM.CloudWatcher.ObservingConditions Name: CloudWatcher ObsCond DisplayName: CloudWatcher ObsCond (ASCOM) Driver Version: 1.1
2026-09-15T18:57:30.6714|INFO|DomeVM.cs|Disconnect|355|Disconnected Dome Device
2026-09-15T18:57:31.8101|INFO|AscomDevice.cs|GetProperty|527|Property Dome.AtPark GET is not implemented in this driver (Shelter Dome)
2026-09-15T18:57:31.8180|INFO|AscomDevice.cs|GetProperty|527|Property Dome.AtHome GET is not implemented in this driver (Shelter Dome)
2026-09-15T18:57:31.8415|INFO|AscomDevice.cs|GetProperty|527|Property Dome.Azimuth GET is not implemented in this driver (Shelter Dome)
2026-09-15T18:57:32.1063|INFO|DomeVM.cs|ChooseDome|198|Successfully connected Dome. Id: ASCOM.TS_Shelter.Dome Name: Shelter Dome DisplayName: Shelter Dome (ASCOM) Driver Version: 6.6
2026-09-15T18:57:34.1277|INFO|AscomDevice.cs|GetProperty|527|Property Dome.Altitude GET is not implemented in this driver (Shelter Dome)
2026-09-15T18:57:40.2720|INFO|QHYCamera.cs|ConnectSync|1020|QHYCCD: SDK version: 25-4-23-15
2026-09-15T18:57:40.2722|INFO|QHYCamera.cs|ConnectSync|1021|QHYCCD: USB driver version: 
2026-09-15T18:57:40.2723|INFO|QHYCamera.cs|ConnectSync|1022|QHYCCD: Camera firmware version: 18-10-24
2026-09-15T18:57:40.2724|INFO|QHYCamera.cs|ConnectSync|1023|QHYCCD: Camera FPGA versions: N/A
2026-09-15T18:57:41.5783|WARNING|DeviceUpdateTimer.cs|Run|115|Dome value update cycle took longer than the device poll interval (Total: 3.47s > 2s; Poll: 00:00:00.0028475; Update: 00:00:03.4622882)
2026-09-15T18:57:42.1319|INFO|CameraVM.cs|ChooseCamera|455|Successfully connected Camera. Id: 695A-M-0037ec709603ca4e3 Name: 695A-M DisplayName: 695A-M (603ca4e3)Driver Version: 
2026-09-15T18:59:43.9107|INFO|Sequence2VM.cs|LockSequence|139|Sequencer unlocked
2026-09-15T18:59:47.7278|INFO|DockManagerVM.cs|InitializeAvalonDockLayout|366|Initializing imaging tab layout from C:\Users\PrimaLuceLab\AppData\Local\NINA\Profiles\21c45d14-58c2-4ca1-9053-4e23fb6d7dc4.dock.config
2026-09-15T19:00:24.7092|INFO|CameraVM.cs|CoolCamera|138|Cooling Camera. Target: -10 Duration: 00:05:00
2026-09-15T19:25:47.2618|WARNING|DeviceUpdateTimer.cs|Run|115|Dome value update cycle took longer than the device poll interval (Total: 3.16s > 2s; Poll: 00:00:00.0040481; Update: 00:00:03.1511528)
2026-09-15T20:10:27.1224|WARNING|DeviceUpdateTimer.cs|Run|115|Dome value update cycle took longer than the device poll interval (Total: 5.01s > 2s; Poll: 00:00:00.0149235; Update: 00:00:04.9981381)
2026-09-15T20:10:47.7411|INFO|SafetyMonitorVM.cs|Disconnect|221|Disconnected Safety Monitor
2026-09-15T20:10:51.0623|INFO|SafetyMonitorVM.cs|Connect|175|Successfully connected Safety Monitor. Id: ASCOM.Hub.SafetyMonitor Name: Short driver name - please customise DisplayName: Short driver name - please customise (ASCOM) Driver Version: 6.4
2026-09-15T20:11:08.4228|INFO|DomeVM.cs|OpenShutter|448|Opening dome shutter. Shutter state before opening ShutterClosed
2026-09-15T20:11:08.4257|INFO|AscomDome.cs|OpenShutter|206|Sending an OpenShutter request, since it is currently ShutterClosed
2026-09-15T20:11:52.2921|INFO|DomeVM.cs|OpenShutter|454|Opened dome shutter. Shutter state after opening ShutterOpen
2026-09-15T20:11:56.0209|INFO|Sequence2VM.cs|StartSequence|543|Advanced Sequence starting
2026-09-15T20:11:56.0573|INFO|SequenceItem.cs|Run|208|Starting Category: * Set di Istruzioni *, Container: NINA.Sequencer.Container.SequenceRootContainer, Strategy: SequentialStrategy, Items[CREATED]: 3, Triggers: Trigger: MeridianFlipTriggerTrigger: RestoreGuidingTrigger: AutofocusAfterHFRIncreaseTrigger, Amount: 5Trigger: AutofocusAfterFilterChange
2026-09-15T20:11:56.0696|INFO|MeridianFlipTrigger.cs|ShouldTrigger|204|Meridian Flip - Telescope is not tracking. Skip flip evaluation
2026-09-15T20:11:56.0735|INFO|SequenceItem.cs|Run|208|Starting Category: * Set di Istruzioni *, Container: NINA.Sequencer.Container.StartAreaContainer, Strategy: SequentialStrategy, Items[CREATED]: 2
2026-09-15T20:11:56.0743|INFO|MeridianFlipTrigger.cs|ShouldTrigger|204|Meridian Flip - Telescope is not tracking. Skip flip evaluation
2026-09-15T20:11:56.0747|INFO|SequenceItem.cs|Run|208|Starting Category: Utilità, Item: Annotation, Text: VERSION: 1
2026-09-15T20:11:56.0752|INFO|SequenceItem.cs|Run|254|Finishing Category: Utilità, Item: Annotation, Text: VERSION: 1
2026-09-15T20:11:56.0835|INFO|MeridianFlipTrigger.cs|ShouldTrigger|204|Meridian Flip - Telescope is not tracking. Skip flip evaluation
2026-09-15T20:11:56.0839|INFO|SequenceItem.cs|Run|208|Starting Category: * Set di Istruzioni *, Container: NINA.Sequencer.Container.SequentialContainer, Strategy: SequentialStrategy, Items[CREATED]: 4
2026-09-15T20:11:56.0841|INFO|MeridianFlipTrigger.cs|ShouldTrigger|204|Meridian Flip - Telescope is not tracking. Skip flip evaluation
2026-09-15T20:11:56.0841|INFO|SequenceItem.cs|Run|208|Starting Category: Utilità, Item: Annotation, Text: VERSION: 1
2026-09-15T20:11:56.0843|INFO|SequenceItem.cs|Run|254|Finishing Category: Utilità, Item: Annotation, Text: VERSION: 1
2026-09-15T20:11:56.0845|INFO|MeridianFlipTrigger.cs|ShouldTrigger|204|Meridian Flip - Telescope is not tracking. Skip flip evaluation
2026-09-15T20:11:56.0846|INFO|SequenceItem.cs|Run|208|Starting Category: * Set di Istruzioni *, Container: NINA.Sequencer.Container.SequentialContainer, Strategy: SequentialStrategy, Items[CREATED]: 4
2026-09-15T20:11:56.0846|INFO|MeridianFlipTrigger.cs|ShouldTrigger|204|Meridian Flip - Telescope is not tracking. Skip flip evaluation
2026-09-15T20:11:56.0847|INFO|SequenceItem.cs|Run|208|Starting Category: Utilità, Item: Annotation, Text: This Startup Sequence ensures an ASCOM Safety Monitor will function in a sequence as expected.
2026-09-15T20:11:56.0847|INFO|SequenceItem.cs|Run|254|Finishing Category: Utilità, Item: Annotation, Text: This Startup Sequence ensures an ASCOM Safety Monitor will function in a sequence as expected.
2026-09-15T20:11:56.0848|INFO|MeridianFlipTrigger.cs|ShouldTrigger|204|Meridian Flip - Telescope is not tracking. Skip flip evaluation
2026-09-15T20:11:56.0848|INFO|SequenceItem.cs|Run|208|Starting Category: Utilità, Item: Annotation, Text: The CONNECTOR Plugin is used in this Sequence.
2026-09-15T20:11:56.0849|INFO|SequenceItem.cs|Run|254|Finishing Category: Utilità, Item: Annotation, Text: The CONNECTOR Plugin is used in this Sequence.
2026-09-15T20:11:56.0850|INFO|MeridianFlipTrigger.cs|ShouldTrigger|204|Meridian Flip - Telescope is not tracking. Skip flip evaluation
2026-09-15T20:11:56.0850|INFO|SequenceItem.cs|Run|208|Starting Category: Utilità, Item: Annotation, Text: A Switch is also used within this Startup Sequence.
2026-09-15T20:11:56.0850|INFO|SequenceItem.cs|Run|254|Finishing Category: Utilità, Item: Annotation, Text: A Switch is also used within this Startup Sequence.
2026-09-15T20:11:56.0851|INFO|MeridianFlipTrigger.cs|ShouldTrigger|204|Meridian Flip - Telescope is not tracking. Skip flip evaluation
2026-09-15T20:11:56.0851|INFO|SequenceItem.cs|Run|208|Starting Category: Utilità, Item: Annotation, Text: The sequence uses Nautical Dusk and Nautical Dawn along with a number of time offsets. Adjust this as desired.
2026-09-15T20:11:56.0852|INFO|SequenceItem.cs|Run|254|Finishing Category: Utilità, Item: Annotation, Text: The sequence uses Nautical Dusk and Nautical Dawn along with a number of time offsets. Adjust this as desired.
2026-09-15T20:11:56.0906|INFO|SequenceItem.cs|Run|254|Finishing Category: * Set di Istruzioni *, Container: NINA.Sequencer.Container.SequentialContainer, Strategy: SequentialStrategy, Items[FINISHED]: 4
2026-09-15T20:11:56.0909|INFO|MeridianFlipTrigger.cs|ShouldTrigger|204|Meridian Flip - Telescope is not tracking. Skip flip evaluation
2026-09-15T20:11:56.0910|INFO|SequenceItem.cs|Run|208|Starting Category: * Set di Istruzioni *, Container: NINA.Sequencer.Container.SequentialContainer, Strategy: SequentialStrategy, Items[CREATED]: 11
2026-09-15T20:11:56.0912|INFO|MeridianFlipTrigger.cs|ShouldTrigger|204|Meridian Flip - Telescope is not tracking. Skip flip evaluation
2026-09-15T20:11:56.0920|INFO|SequenceItem.cs|Run|208|Starting Category: Utilità, Item: WaitForTime, Time: 20:29:28h, Offset: -30
2026-09-15T20:29:31.5107|INFO|SequenceItem.cs|Run|254|Finishing Category: Utilità, Item: WaitForTime, Time: 20:29:28h, Offset: -30
2026-09-15T20:29:31.5131|INFO|MeridianFlipTrigger.cs|ShouldTrigger|204|Meridian Flip - Telescope is not tracking. Skip flip evaluation
2026-09-15T20:29:31.5145|INFO|SequenceItem.cs|Run|208|Starting Category: Connetti, Item: ConnectEquipment, Selected device: Weather, Selected device id: ASCOM.CloudWatcher.ObservingConditions
2026-09-15T20:29:31.5173|INFO|ConnectEquipment.cs|Execute|186|Weather is already connected
2026-09-15T20:29:31.5174|INFO|SequenceItem.cs|Run|254|Finishing Category: Connetti, Item: ConnectEquipment, Selected device: Weather, Selected device id: ASCOM.CloudWatcher.ObservingConditions
2026-09-15T20:29:31.5176|INFO|MeridianFlipTrigger.cs|ShouldTrigger|204|Meridian Flip - Telescope is not tracking. Skip flip evaluation
2026-09-15T20:29:31.5176|INFO|SequenceItem.cs|Run|208|Starting Category: Connetti, Item: ConnectEquipment, Selected device: Safety Monitor, Selected device id: ASCOM.Hub.SafetyMonitor
2026-09-15T20:29:31.5178|INFO|ConnectEquipment.cs|Execute|186|Safety Monitor is already connected
2026-09-15T20:29:31.5178|INFO|SequenceItem.cs|Run|254|Finishing Category: Connetti, Item: ConnectEquipment, Selected device: Safety Monitor, Selected device id: ASCOM.Hub.SafetyMonitor
2026-09-15T20:29:31.5179|INFO|MeridianFlipTrigger.cs|ShouldTrigger|204|Meridian Flip - Telescope is not tracking. Skip flip evaluation
2026-09-15T20:29:31.5183|INFO|SequenceItem.cs|Run|208|Starting Category: Monitor Di Sicurezza, Item: WaitUntilSafe
2026-09-15T20:29:31.5335|INFO|SequenceItem.cs|Run|254|Finishing Category: Monitor Di Sicurezza, Item: WaitUntilSafe
2026-09-15T20:29:31.5338|INFO|MeridianFlipTrigger.cs|ShouldTrigger|204|Meridian Flip - Telescope is not tracking. Skip flip evaluation
2026-09-15T20:29:31.5339|INFO|SequenceItem.cs|Run|208|Starting Category: Connetti, Item: ConnectEquipment, Selected device: Camera, Selected device id: 695A-M-0037ec709603ca4e3
2026-09-15T20:29:31.5341|INFO|ConnectEquipment.cs|Execute|186|Camera is already connected
2026-09-15T20:29:31.5341|INFO|SequenceItem.cs|Run|254|Finishing Category: Connetti, Item: ConnectEquipment, Selected device: Camera, Selected device id: 695A-M-0037ec709603ca4e3
2026-09-15T20:29:31.5342|INFO|MeridianFlipTrigger.cs|ShouldTrigger|204|Meridian Flip - Telescope is not tracking. Skip flip evaluation
2026-09-15T20:29:31.5342|INFO|SequenceItem.cs|Run|208|Starting Category: Connetti, Item: ConnectEquipment, Selected device: Focuser, Selected device id: ASCOM.PegasusAstro.Focuser
2026-09-15T20:29:31.5343|INFO|ConnectEquipment.cs|Execute|186|Focuser is already connected
2026-09-15T20:29:31.5343|INFO|SequenceItem.cs|Run|254|Finishing Category: Connetti, Item: ConnectEquipment, Selected device: Focuser, Selected device id: ASCOM.PegasusAstro.Focuser
2026-09-15T20:29:31.5343|INFO|MeridianFlipTrigger.cs|ShouldTrigger|204|Meridian Flip - Telescope is not tracking. Skip flip evaluation
2026-09-15T20:29:31.5344|INFO|SequenceItem.cs|Run|208|Starting Category: Connetti, Item: ConnectEquipment, Selected device: Filter Wheel, Selected device id: 695A-M-0037ec709603ca4e3
2026-09-15T20:29:31.5344|INFO|ConnectEquipment.cs|Execute|186|Filter Wheel is already connected
2026-09-15T20:29:31.5345|INFO|SequenceItem.cs|Run|254|Finishing Category: Connetti, Item: ConnectEquipment, Selected device: Filter Wheel, Selected device id: 695A-M-0037ec709603ca4e3
2026-09-15T20:29:31.5345|INFO|MeridianFlipTrigger.cs|ShouldTrigger|204|Meridian Flip - Telescope is not tracking. Skip flip evaluation
2026-09-15T20:29:31.5346|INFO|SequenceItem.cs|Run|208|Starting Category: Connetti, Item: ConnectEquipment, Selected device: Mount, Selected device id: ASCOM.Optec ASCOM.Telescope
2026-09-15T20:29:31.5350|INFO|ConnectEquipment.cs|Execute|186|Mount is already connected
2026-09-15T20:29:31.5350|INFO|SequenceItem.cs|Run|254|Finishing Category: Connetti, Item: ConnectEquipment, Selected device: Mount, Selected device id: ASCOM.Optec ASCOM.Telescope
2026-09-15T20:29:31.5351|INFO|MeridianFlipTrigger.cs|ShouldTrigger|204|Meridian Flip - Telescope is not tracking. Skip flip evaluation
2026-09-15T20:29:31.5352|INFO|SequenceItem.cs|Run|208|Starting Category: Connetti, Item: ConnectEquipment, Selected device: Dome, Selected device id: ASCOM.TS_Shelter.Dome
2026-09-15T20:29:31.5353|INFO|ConnectEquipment.cs|Execute|186|Dome is already connected
2026-09-15T20:29:31.5353|INFO|SequenceItem.cs|Run|254|Finishing Category: Connetti, Item: ConnectEquipment, Selected device: Dome, Selected device id: ASCOM.TS_Shelter.Dome
2026-09-15T20:29:31.5354|INFO|MeridianFlipTrigger.cs|ShouldTrigger|204|Meridian Flip - Telescope is not tracking. Skip flip evaluation
2026-09-15T20:29:31.5354|INFO|SequenceItem.cs|Run|208|Starting Category: Connetti, Item: ConnectEquipment, Selected device: Guider, Selected device id: PHD2_Single
2026-09-15T20:29:31.5355|INFO|ConnectEquipment.cs|Execute|186|Guider is already connected
2026-09-15T20:29:31.5355|INFO|SequenceItem.cs|Run|254|Finishing Category: Connetti, Item: ConnectEquipment, Selected device: Guider, Selected device id: PHD2_Single
2026-09-15T20:29:31.5355|INFO|MeridianFlipTrigger.cs|ShouldTrigger|204|Meridian Flip - Telescope is not tracking. Skip flip evaluation
2026-09-15T20:29:31.5356|INFO|SequenceItem.cs|Run|208|Starting Category: Connetti, Item: ConnectEquipment, Selected device: Flat Panel, Selected device id: ASCOM.WandererCover1.CoverCalibrator
2026-09-15T20:29:31.5356|INFO|ConnectEquipment.cs|Execute|186|Flat Panel is already connected
2026-09-15T20:29:31.5357|INFO|SequenceItem.cs|Run|254|Finishing Category: Connetti, Item: ConnectEquipment, Selected device: Flat Panel, Selected device id: ASCOM.WandererCover1.CoverCalibrator
2026-09-15T20:29:31.5362|INFO|SequenceItem.cs|Run|254|Finishing Category: * Set di Istruzioni *, Container: NINA.Sequencer.Container.SequentialContainer, Strategy: SequentialStrategy, Items[FINISHED]: 11
2026-09-15T20:29:31.5363|INFO|MeridianFlipTrigger.cs|ShouldTrigger|204|Meridian Flip - Telescope is not tracking. Skip flip evaluation
2026-09-15T20:29:31.5363|INFO|SequenceItem.cs|Run|208|Starting Category: * Set di Istruzioni *, Container: NINA.Sequencer.Container.SequentialContainer, Strategy: SequentialStrategy, Items[CREATED]: 12
2026-09-15T20:29:31.5366|INFO|MeridianFlipTrigger.cs|ShouldTrigger|204|Meridian Flip - Telescope is not tracking. Skip flip evaluation
2026-09-15T20:29:31.5372|INFO|SequenceItem.cs|Run|208|Starting Category: Fotocamera, Item: CoolCamera, Temperature: -10, Duration: 5
2026-09-15T20:29:31.5385|INFO|CameraVM.cs|CoolCamera|138|Cooling Camera. Target: -10 Duration: 00:05:00
2026-09-15T20:29:31.5497|INFO|SequenceItem.cs|Run|254|Finishing Category: Fotocamera, Item: CoolCamera, Temperature: -10, Duration: 5
2026-09-15T20:29:31.5500|INFO|MeridianFlipTrigger.cs|ShouldTrigger|204|Meridian Flip - Telescope is not tracking. Skip flip evaluation
2026-09-15T20:29:31.5500|INFO|SequenceItem.cs|Run|208|Starting Category: Utilità, Item: WaitForTime, Time: 20:49:28h, Offset: -10
2026-09-15T20:49:31.6159|INFO|SequenceItem.cs|Run|254|Finishing Category: Utilità, Item: WaitForTime, Time: 20:49:28h, Offset: -10
2026-09-15T20:49:31.6162|INFO|MeridianFlipTrigger.cs|ShouldTrigger|204|Meridian Flip - Telescope is not tracking. Skip flip evaluation
2026-09-15T20:49:31.6163|INFO|SequenceItem.cs|Run|208|Starting Category: Monitor Di Sicurezza, Item: WaitUntilSafe
2026-09-15T20:49:31.6164|INFO|SequenceItem.cs|Run|254|Finishing Category: Monitor Di Sicurezza, Item: WaitUntilSafe
2026-09-15T20:49:31.6164|INFO|MeridianFlipTrigger.cs|ShouldTrigger|204|Meridian Flip - Telescope is not tracking. Skip flip evaluation
2026-09-15T20:49:31.6169|INFO|SequenceItem.cs|Run|208|Starting Category: Osservatorio, Item: OpenDomeShutter
2026-09-15T20:49:31.6184|INFO|SequenceItem.cs|Run|254|Finishing Category: Osservatorio, Item: OpenDomeShutter
2026-09-15T20:49:31.6185|INFO|MeridianFlipTrigger.cs|ShouldTrigger|204|Meridian Flip - Telescope is not tracking. Skip flip evaluation
2026-09-15T20:49:31.6189|INFO|SequenceItem.cs|Run|208|Starting Category: Telescopio, Item: UnparkScope
2026-09-15T20:49:31.6218|INFO|TelescopeVM.cs|UnparkTelescope|232|Mount ordered to unpark
2026-09-15T20:49:31.6287|INFO|TelescopeVM.cs|UnparkTelescope|277|Mount is already unparked
2026-09-15T20:49:31.6292|INFO|TelescopeVM.cs|UnparkTelescope|282|Mount has unparked
2026-09-15T20:49:31.6295|INFO|SequenceItem.cs|Run|254|Finishing Category: Telescopio, Item: UnparkScope
2026-09-15T20:49:31.6309|INFO|MeridianFlipTrigger.cs|ShouldTrigger|204|Meridian Flip - Telescope is not tracking. Skip flip evaluation
2026-09-15T20:49:31.6437|INFO|SequenceItem.cs|Run|208|Starting Category: Apparato per i Flat, Item: OpenCover
2026-09-15T20:49:31.6535|INFO|FlatDeviceVM.cs|OpenCover|312|Opening Flat Device Cover
2026-09-15T20:49:55.9548|INFO|SequenceItem.cs|Run|254|Finishing Category: Apparato per i Flat, Item: OpenCover
2026-09-15T20:49:55.9550|INFO|MeridianFlipTrigger.cs|ShouldTrigger|204|Meridian Flip - Telescope is not tracking. Skip flip evaluation
2026-09-15T20:49:55.9568|INFO|SequenceItem.cs|Run|208|Starting Category: Telescopio, Item: SetTracking, TrackingMode: Sidereal
2026-09-15T20:49:56.0228|INFO|SequenceItem.cs|Run|254|Finishing Category: Telescopio, Item: SetTracking, TrackingMode: Sidereal
2026-09-15T20:49:56.0292|INFO|MeridianFlipTrigger.cs|ShouldTrigger|204|Meridian Flip - Telescope is not tracking. Skip flip evaluation
2026-09-15T20:49:56.0301|INFO|SequenceItem.cs|Run|208|Starting Category: Ruota porta filtri, Item: SwitchFilter, Filter: L-Pro
2026-09-15T20:49:56.1545|INFO|SequenceItem.cs|Run|254|Finishing Category: Ruota porta filtri, Item: SwitchFilter, Filter: L-Pro
2026-09-15T20:49:56.1548|INFO|MeridianFlipTrigger.cs|ShouldTrigger|204|Meridian Flip - Telescope is not tracking. Skip flip evaluation
2026-09-15T20:49:56.1554|INFO|SequenceItem.cs|Run|208|Starting Category: Telescopio, Item: SlewScopeToAltAz, Coordinates: NINA.Astrometry.InputTopocentricCoordinates
2026-09-15T20:49:56.2755|INFO|PHD2Guider.cs|StopGuiding|704|Phd2 - Stop Guiding skipped, as the app is already in state Stopped
2026-09-15T20:49:56.3408|INFO|TelescopeVM.cs|SlewAsyncInternal|910|Slewing from RA: 00:00:53; Dec: 88° 41' 15"; Epoch: JNOW to RA: 21:00:15; Dec: 39° 23' 27"; Epoch: JNOW - Alt: 70° 00' 00"; Az: 90° 00' 00"
2026-09-15T20:50:29.6369|INFO|SequenceItem.cs|Run|254|Finishing Category: Telescopio, Item: SlewScopeToAltAz, Coordinates: NINA.Astrometry.InputTopocentricCoordinates
2026-09-15T20:50:29.6398|INFO|MeridianFlipTrigger.cs|ShouldTrigger|296|Meridian Flip - (Side of Pier usage is disabled) There is still time remaining. Max remaining time 01:42:33.3255230, next instruction time 60, next instruction Category: Utilità, Item: WaitForTimeSpan, Time: 60s
2026-09-15T20:50:29.6402|INFO|SequenceItem.cs|Run|208|Starting Category: Utilità, Item: WaitForTimeSpan, Time: 60s
2026-09-15T20:50:40.2442|INFO|MeridianFlipTrigger.cs|ShouldTrigger|296|Meridian Flip - (Side of Pier usage is disabled) There is still time remaining. Max remaining time 01:42:21.2761350, next instruction time 220, next instruction Category: Focheggiatore, Item: RunAutofocus
2026-09-15T20:50:40.2445|INFO|SequenceItem.cs|Run|208|Starting Category: Focheggiatore, Item: RunAutofocus
2026-09-15T20:50:40.4530|INFO|FocuserMediator.cs|BroadcastAutoFocusRunStarting|92|Autofocus starting notification received
2026-09-15T20:50:40.4935|INFO|PHD2Guider.cs|StopGuiding|704|Phd2 - Stop Guiding skipped, as the app is already in state Stopped
2026-09-15T20:50:40.5479|INFO|AutoFocusEngine.cs|RunAutoFocus|929|Starting AutoFocus with initial position 39870
2026-09-15T20:50:40.7260|INFO|CameraVM.cs|Capture|742|Starting Exposure - Exposure Time: 6s; Filter: L-Pro; Gain: 15; Offset 132; Binning: 2x2;
2026-09-15T20:50:48.0899|INFO|AutoFocusEngine.cs|StartBlindFocusPoints|769|Waiting on initial HFR analysis
2026-09-15T20:50:48.1016|INFO|FocuserVM.cs|MoveFocuserInternal|216|Moving Focuser to position 40670
2026-09-15T20:50:49.6708|INFO|HocusFocusStarDetection.cs|Detect|413|Average HFR: 2.366072053010764, HFR MAD: 0.21844477974781018, Detected Stars 217, Region: 0
2026-09-15T20:50:56.9763|INFO|CameraVM.cs|Capture|742|Starting Exposure - Exposure Time: 6s; Filter: L-Pro; Gain: 15; Offset 132; Binning: 2x2;
2026-09-15T20:51:04.3069|INFO|FocuserVM.cs|MoveFocuserInternal|216|Moving Focuser to position 40470
2026-09-15T20:51:05.0978|INFO|HocusFocusStarDetection.cs|Detect|413|Average HFR: 1.6191807133074292, HFR MAD: 0.075003118173397, Detected Stars 138, Region: 0
2026-09-15T20:51:09.6282|INFO|CameraVM.cs|Capture|742|Starting Exposure - Exposure Time: 6s; Filter: L-Pro; Gain: 15; Offset 132; Binning: 2x2;
2026-09-15T20:51:16.9531|INFO|FocuserVM.cs|MoveFocuserInternal|216|Moving Focuser to position 40270
2026-09-15T20:51:17.5104|INFO|HocusFocusStarDetection.cs|Detect|413|Average HFR: 1.5958618953866122, HFR MAD: 0.05961719172567048, Detected Stars 124, Region: 0
2026-09-15T20:51:22.9742|INFO|CameraVM.cs|Capture|742|Starting Exposure - Exposure Time: 6s; Filter: L-Pro; Gain: 15; Offset 132; Binning: 2x2;
2026-09-15T20:51:30.3147|INFO|FocuserVM.cs|MoveFocuserInternal|216|Moving Focuser to position 40070
2026-09-15T20:51:30.9839|INFO|HocusFocusStarDetection.cs|Detect|413|Average HFR: 1.6078421115645543, HFR MAD: 0.05520197989298614, Detected Stars 128, Region: 0
2026-09-15T20:51:36.9667|INFO|CameraVM.cs|Capture|742|Starting Exposure - Exposure Time: 6s; Filter: L-Pro; Gain: 15; Offset 132; Binning: 2x2;
2026-09-15T20:51:44.2919|INFO|AutoFocusEngine.cs|StartBlindFocusPoints|797|Waiting on initial focuser move analyses
2026-09-15T20:51:44.9040|INFO|HocusFocusStarDetection.cs|Detect|413|Average HFR: 1.6084394130868243, HFR MAD: 0.055575503049323904, Detected Stars 155, Region: 0
2026-09-15T20:51:44.9907|INFO|FocuserVM.cs|MoveFocuserInternal|216|Moving Focuser to position 39870
2026-09-15T20:51:51.0206|INFO|CameraVM.cs|Capture|742|Starting Exposure - Exposure Time: 6s; Filter: L-Pro; Gain: 15; Offset 132; Binning: 2x2;
2026-09-15T20:51:58.3295|INFO|AutoFocusEngine.cs|StartBlindFocusPoints|870|Waiting on next left movement analysis
2026-09-15T20:51:58.9095|INFO|HocusFocusStarDetection.cs|Detect|413|Average HFR: 1.7167391090600213, HFR MAD: 0.0922647189816248, Detected Stars 247, Region: 0
2026-09-15T20:51:58.9609|INFO|FocuserVM.cs|MoveFocuserInternal|216|Moving Focuser to position 39670
2026-09-15T20:52:01.2447|WARNING|DeviceUpdateTimer.cs|Run|115|Dome value update cycle took longer than the device poll interval (Total: 2.22s > 2s; Poll: 00:00:00.0055568; Update: 00:00:02.2165532)
2026-09-15T20:52:04.9698|INFO|CameraVM.cs|Capture|742|Starting Exposure - Exposure Time: 6s; Filter: L-Pro; Gain: 15; Offset 132; Binning: 2x2;
2026-09-15T20:52:12.2886|INFO|AutoFocusEngine.cs|StartBlindFocusPoints|870|Waiting on next left movement analysis
2026-09-15T20:52:12.9290|INFO|HocusFocusStarDetection.cs|Detect|413|Average HFR: 1.9410720994089883, HFR MAD: 0.14385211507132656, Detected Stars 264, Region: 0
2026-09-15T20:52:12.9628|INFO|FocuserVM.cs|MoveFocuserInternal|216|Moving Focuser to position 39470
2026-09-15T20:52:18.9798|INFO|CameraVM.cs|Capture|742|Starting Exposure - Exposure Time: 6s; Filter: L-Pro; Gain: 15; Offset 132; Binning: 2x2;
2026-09-15T20:52:26.3081|INFO|AutoFocusEngine.cs|StartBlindFocusPoints|870|Waiting on next left movement analysis
2026-09-15T20:52:26.9868|INFO|HocusFocusStarDetection.cs|Detect|413|Average HFR: 2.2320646516407554, HFR MAD: 0.18166993221558503, Detected Stars 258, Region: 0
2026-09-15T20:52:27.0538|INFO|FocuserVM.cs|MoveFocuserInternal|216|Moving Focuser to position 39270
2026-09-15T20:52:32.9774|INFO|CameraVM.cs|Capture|742|Starting Exposure - Exposure Time: 6s; Filter: L-Pro; Gain: 15; Offset 132; Binning: 2x2;
2026-09-15T20:52:40.3061|INFO|AutoFocusEngine.cs|StartBlindFocusPoints|870|Waiting on next left movement analysis
2026-09-15T20:52:40.8538|INFO|HocusFocusStarDetection.cs|Detect|413|Average HFR: 2.4862204282261446, HFR MAD: 0.23791805947789335, Detected Stars 242, Region: 0
2026-09-15T20:52:40.9107|INFO|FocuserVM.cs|MoveFocuserInternal|216|Moving Focuser to position 40870
2026-09-15T20:52:53.2437|INFO|CameraVM.cs|Capture|742|Starting Exposure - Exposure Time: 6s; Filter: L-Pro; Gain: 15; Offset 132; Binning: 2x2;
2026-09-15T20:53:00.5697|INFO|AutoFocusEngine.cs|StartBlindFocusPoints|884|Waiting on next right movement analysis
2026-09-15T20:53:01.1984|INFO|HocusFocusStarDetection.cs|Detect|413|Average HFR: 1.6238935061271884, HFR MAD: 0.08449587764497646, Detected Stars 110, Region: 0
2026-09-15T20:53:01.2445|INFO|FocuserVM.cs|MoveFocuserInternal|216|Moving Focuser to position 41070
2026-09-15T20:53:06.9855|INFO|CameraVM.cs|Capture|742|Starting Exposure - Exposure Time: 6s; Filter: L-Pro; Gain: 15; Offset 132; Binning: 2x2;
2026-09-15T20:53:14.3113|INFO|AutoFocusEngine.cs|StartBlindFocusPoints|884|Waiting on next right movement analysis
2026-09-15T20:53:14.9546|INFO|HocusFocusStarDetection.cs|Detect|413|Average HFR: 1.6202401683275975, HFR MAD: 0.07471098297846845, Detected Stars 141, Region: 0
2026-09-15T20:53:14.9841|INFO|FocuserVM.cs|MoveFocuserInternal|216|Moving Focuser to position 41270
2026-09-15T20:53:20.9902|INFO|CameraVM.cs|Capture|742|Starting Exposure - Exposure Time: 6s; Filter: L-Pro; Gain: 15; Offset 132; Binning: 2x2;
2026-09-15T20:53:28.3170|INFO|AutoFocusEngine.cs|StartBlindFocusPoints|884|Waiting on next right movement analysis
2026-09-15T20:53:28.9281|INFO|HocusFocusStarDetection.cs|Detect|413|Average HFR: 1.6830043646700446, HFR MAD: 0.10426692245316982, Detected Stars 193, Region: 0
2026-09-15T20:53:28.9743|INFO|FocuserVM.cs|MoveFocuserInternal|216|Moving Focuser to position 41470
2026-09-15T20:53:34.9967|INFO|CameraVM.cs|Capture|742|Starting Exposure - Exposure Time: 6s; Filter: L-Pro; Gain: 15; Offset 132; Binning: 2x2;
2026-09-15T20:53:42.3070|INFO|AutoFocusEngine.cs|StartBlindFocusPoints|884|Waiting on next right movement analysis
2026-09-15T20:53:42.8776|INFO|HocusFocusStarDetection.cs|Detect|413|Average HFR: 1.7724425608258203, HFR MAD: 0.1334950037041731, Detected Stars 241, Region: 0
2026-09-15T20:53:42.9251|INFO|FocuserVM.cs|MoveFocuserInternal|216|Moving Focuser to position 41670
2026-09-15T20:53:48.9932|INFO|CameraVM.cs|Capture|742|Starting Exposure - Exposure Time: 6s; Filter: L-Pro; Gain: 15; Offset 132; Binning: 2x2;
2026-09-15T20:53:56.3166|INFO|AutoFocusEngine.cs|StartBlindFocusPoints|884|Waiting on next right movement analysis
2026-09-15T20:53:56.9780|INFO|HocusFocusStarDetection.cs|Detect|413|Average HFR: 2.0303078203709934, HFR MAD: 0.16702159397601601, Detected Stars 275, Region: 0
2026-09-15T20:53:57.0648|INFO|AutoFocusEngine.cs|StartBlindFocusPoints|823|Enough left trend points (4) with an established minimum (40470) to queue remaining right focus points up to 41270
2026-09-15T20:53:57.0649|INFO|AutoFocusEngine.cs|StartBlindFocusPoints|896|Waiting on remaining AutoFocus analysis tasks
2026-09-15T20:53:57.0749|INFO|FocuserVM.cs|MoveFocuserInternal|216|Moving Focuser to position 40189
2026-09-15T20:54:09.2746|INFO|AutoFocusEngine.cs|ValidateCalculatedFocusPosition|1141|Validating HFR at final focus position 40189
2026-09-15T20:54:09.3922|INFO|CameraVM.cs|Capture|742|Starting Exposure - Exposure Time: 6s; Filter: L-Pro; Gain: 15; Offset 132; Binning: 2x2;
2026-09-15T20:54:17.3334|INFO|HocusFocusStarDetection.cs|Detect|413|Average HFR: 1.6025332435180173, HFR MAD: 0.05523275099821823, Detected Stars 112, Region: 0
2026-09-15T20:54:17.3628|INFO|HocusFocusVM.cs|AutoFocusEngine_Completed|473|AutoFocus completed with focuser starting at 39870 and ending at 40189
2026-09-15T20:54:17.4811|INFO|FocuserMediator.cs|BroadcastSuccessfulAutoFocusRun|46|Autofocus notification received - Temperature 23
2026-09-15T20:54:17.6106|INFO|AutoFocusEngine.cs|PerformPostAutoFocusActions|1022|Re-enabling temperature compensation after AutoFocus
2026-09-15T20:54:17.6939|INFO|SequenceItem.cs|Run|254|Finishing Category: Focheggiatore, Item: RunAutofocus
2026-09-15T20:54:17.6945|INFO|MeridianFlipTrigger.cs|ShouldTrigger|296|Meridian Flip - (Side of Pier usage is disabled) There is still time remaining. Max remaining time 01:38:44.7949776, next instruction time 0, next instruction Category: Telescopio, Item: SolveAndSync
2026-09-15T20:54:17.6948|INFO|SequenceItem.cs|Run|208|Starting Category: Telescopio, Item: SolveAndSync
2026-09-15T20:54:18.0768|INFO|CameraVM.cs|Capture|742|Starting Exposure - Exposure Time: 15s; Filter: L-Pro; Gain: 15; Offset 132; Binning: 1x1;
2026-09-15T20:54:37.3261|WARNING|DeviceUpdateTimer.cs|Run|115|Camera value update cycle took longer than the device poll interval (Total: 3.19s > 2s; Poll: 00:00:03.1927568; Update: 00:00:00.0010350)
2026-09-15T20:54:38.4496|INFO|ImageSolver.cs|Solve|41|Platesolving with parameters: FocalLength: 1260 PixelSize: 4.54 SearchRadius: 30 BlindFailoverEnabled: True Regions: 5000 DownSampleFactor: 2 MaxObjects: 500 Reference Coordinates RA: 20:59:13 Dec: 39° 16' 54" Epoch: J2000
2026-09-15T20:54:39.0042|INFO|BaseImageData.cs|SaveToDisk|346|Saved image to C:\Users\PrimaLuceLab\AppData\Local\NINA\PlateSolver\nq0s2gtv.0wa.fits
2026-09-15T20:54:40.7038|INFO|ImageSolver.cs|Solve|54|Platesolve successful: Coordinates: RA: 20:58:44; Dec: 39° 02' 18"; Epoch: J2000 - Position Angle: 252.36048242699115
2026-09-15T20:54:40.9230|INFO|TelescopeVM.cs|Sync|777|Syncing scope from RA: 21:00:16; Dec: 39° 23' 25"; Epoch: JNOW to RA: 20:59:46; Dec: 39° 08' 45"; Epoch: JNOW
2026-09-15T20:54:45.9262|INFO|SequenceItem.cs|Run|254|Finishing Category: Telescopio, Item: SolveAndSync
2026-09-15T20:54:45.9268|INFO|SequenceItem.cs|Run|254|Finishing Category: * Set di Istruzioni *, Container: NINA.Sequencer.Container.SequentialContainer, Strategy: SequentialStrategy, Items[FINISHED]: 11, Items[SKIPPED]: 1
2026-09-15T20:54:45.9270|INFO|SequenceItem.cs|Run|254|Finishing Category: * Set di Istruzioni *, Container: NINA.Sequencer.Container.SequentialContainer, Strategy: SequentialStrategy, Items[FINISHED]: 4
2026-09-15T20:54:45.9271|INFO|SequenceItem.cs|Run|254|Finishing Category: * Set di Istruzioni *, Container: NINA.Sequencer.Container.StartAreaContainer, Strategy: SequentialStrategy, Items[FINISHED]: 2
2026-09-15T20:54:45.9273|INFO|MeridianFlipTrigger.cs|ShouldTrigger|296|Meridian Flip - (Side of Pier usage is disabled) There is still time remaining. Max remaining time 01:37:48.2578754, next instruction time 0, next instruction Category: * Set di Istruzioni *, Container: NINA.Sequencer.Container.TargetAreaContainer, Strategy: SequentialStrategy, Items[CREATED]: 2
2026-09-15T20:54:45.9281|INFO|SequenceItem.cs|Run|208|Starting Category: * Set di Istruzioni *, Container: NINA.Sequencer.Container.TargetAreaContainer, Strategy: SequentialStrategy, Items[CREATED]: 2
2026-09-15T20:54:45.9284|INFO|MeridianFlipTrigger.cs|ShouldTrigger|296|Meridian Flip - (Side of Pier usage is disabled) There is still time remaining. Max remaining time 01:37:48.2578754, next instruction time 0, next instruction Category: * Set di Istruzioni *, Container: NINA.Sequencer.Container.SequentialContainer, Strategy: SequentialStrategy, Items[CREATED]: 10
2026-09-15T20:54:45.9285|INFO|SequenceItem.cs|Run|208|Starting Category: * Set di Istruzioni *, Container: NINA.Sequencer.Container.SequentialContainer, Strategy: SequentialStrategy, Items[CREATED]: 10
2026-09-15T20:54:45.9285|INFO|MeridianFlipTrigger.cs|ShouldTrigger|296|Meridian Flip - (Side of Pier usage is disabled) There is still time remaining. Max remaining time 01:37:48.2578754, next instruction time 0, next instruction Category: Utilità, Item: Annotation, Text: This is a Startup Sequence which can be pre-loaded at NINA Start-up.
2026-09-15T20:54:45.9286|INFO|SequenceItem.cs|Run|208|Starting Category: Utilità, Item: Annotation, Text: This is a Startup Sequence which can be pre-loaded at NINA Start-up.
2026-09-15T20:54:45.9286|INFO|SequenceItem.cs|Run|254|Finishing Category: Utilità, Item: Annotation, Text: This is a Startup Sequence which can be pre-loaded at NINA Start-up.
2026-09-15T20:54:45.9306|INFO|MeridianFlipTrigger.cs|ShouldTrigger|296|Meridian Flip - (Side of Pier usage is disabled) There is still time remaining. Max remaining time 01:37:48.2578754, next instruction time 0, next instruction Category: Utilità, Item: Annotation, Text: If you edit this Startup Sequence, you need to save the Entire Sequence using the Save Complete Sequence button at the bottom of the Advanced Sequencer page below.
2026-09-15T20:54:45.9307|INFO|SequenceItem.cs|Run|208|Starting Category: Utilità, Item: Annotation, Text: If you edit this Startup Sequence, you need to save the Entire Sequence using the Save Complete Sequence button at the bottom of the Advanced Sequencer page below.
2026-09-15T20:54:45.9307|INFO|SequenceItem.cs|Run|254|Finishing Category: Utilità, Item: Annotation, Text: If you edit this Startup Sequence, you need to save the Entire Sequence using the Save Complete Sequence button at the bottom of the Advanced Sequencer page below.
2026-09-15T20:54:45.9308|INFO|MeridianFlipTrigger.cs|ShouldTrigger|296|Meridian Flip - (Side of Pier usage is disabled) There is still time remaining. Max remaining time 01:37:48.2578754, next instruction time 0, next instruction Category: Utilità, Item: Annotation, Text: Go to: OPTIONS > IMAGING > SEQUENCE and select this DOME_SAFETY_STARTUP_PA.json file as the STARTUP SEQUENCE TEMPLATE
2026-09-15T20:54:45.9308|INFO|SequenceItem.cs|Run|208|Starting Category: Utilità, Item: Annotation, Text: Go to: OPTIONS > IMAGING > SEQUENCE and select this DOME_SAFETY_STARTUP_PA.json file as the STARTUP SEQUENCE TEMPLATE
2026-09-15T20:54:45.9309|INFO|SequenceItem.cs|Run|254|Finishing Category: Utilità, Item: Annotation, Text: Go to: OPTIONS > IMAGING > SEQUENCE and select this DOME_SAFETY_STARTUP_PA.json file as the STARTUP SEQUENCE TEMPLATE
2026-09-15T20:54:45.9309|INFO|MeridianFlipTrigger.cs|ShouldTrigger|296|Meridian Flip - (Side of Pier usage is disabled) There is still time remaining. Max remaining time 01:37:48.2578754, next instruction time 0, next instruction Category: Utilità, Item: Annotation, Text:      I also find setting COLLAPSE SEQUENCE TEMPLATES BY DEFAULT to ON is quite helpful.  (On the same options page)
2026-09-15T20:54:45.9310|INFO|SequenceItem.cs|Run|208|Starting Category: Utilità, Item: Annotation, Text:      I also find setting COLLAPSE SEQUENCE TEMPLATES BY DEFAULT to ON is quite helpful.  (On the same options page)
2026-09-15T20:54:45.9310|INFO|SequenceItem.cs|Run|254|Finishing Category: Utilità, Item: Annotation, Text:      I also find setting COLLAPSE SEQUENCE TEMPLATES BY DEFAULT to ON is quite helpful.  (On the same options page)
2026-09-15T20:54:45.9311|INFO|MeridianFlipTrigger.cs|ShouldTrigger|296|Meridian Flip - (Side of Pier usage is disabled) There is still time remaining. Max remaining time 01:37:48.2578754, next instruction time 0, next instruction Category: Utilità, Item: Annotation, Text: Any modification of this sequence as a Foundational Startup Template will need to be saved using the buttons at the bottom of this Advanced Sequencer Page below.
2026-09-15T20:54:45.9312|INFO|SequenceItem.cs|Run|208|Starting Category: Utilità, Item: Annotation, Text: Any modification of this sequence as a Foundational Startup Template will need to be saved using the buttons at the bottom of this Advanced Sequencer Page below.
2026-09-15T20:54:45.9312|INFO|SequenceItem.cs|Run|254|Finishing Category: Utilità, Item: Annotation, Text: Any modification of this sequence as a Foundational Startup Template will need to be saved using the buttons at the bottom of this Advanced Sequencer Page below.
2026-09-15T20:54:45.9312|INFO|MeridianFlipTrigger.cs|ShouldTrigger|296|Meridian Flip - (Side of Pier usage is disabled) There is still time remaining. Max remaining time 01:37:48.2578754, next instruction time 0, next instruction Category: Utilità, Item: Annotation, Text: The LOOP_ALL_NIGHT Sequence is a simple Loop until Nautical Dawn. Adjust as desired. This is an outer loop.
2026-09-15T20:54:45.9313|INFO|SequenceItem.cs|Run|208|Starting Category: Utilità, Item: Annotation, Text: The LOOP_ALL_NIGHT Sequence is a simple Loop until Nautical Dawn. Adjust as desired. This is an outer loop.
2026-09-15T20:54:45.9313|INFO|SequenceItem.cs|Run|254|Finishing Category: Utilità, Item: Annotation, Text: The LOOP_ALL_NIGHT Sequence is a simple Loop until Nautical Dawn. Adjust as desired. This is an outer loop.
2026-09-15T20:54:45.9314|INFO|MeridianFlipTrigger.cs|ShouldTrigger|296|Meridian Flip - (Side of Pier usage is disabled) There is still time remaining. Max remaining time 01:37:48.2578754, next instruction time 0, next instruction Category: Utilità, Item: Annotation, Text: The SAFE_LOOP Sequence runs while the System is Safe.
2026-09-15T20:54:45.9314|INFO|SequenceItem.cs|Run|208|Starting Category: Utilità, Item: Annotation, Text: The SAFE_LOOP Sequence runs while the System is Safe.
2026-09-15T20:54:45.9315|INFO|SequenceItem.cs|Run|254|Finishing Category: Utilità, Item: Annotation, Text: The SAFE_LOOP Sequence runs while the System is Safe.
2026-09-15T20:54:45.9315|INFO|MeridianFlipTrigger.cs|ShouldTrigger|296|Meridian Flip - (Side of Pier usage is disabled) There is still time remaining. Max remaining time 01:37:48.2578754, next instruction time 0, next instruction Category: Utilità, Item: Annotation, Text: The UNSAFE Sequence runs when the System is Unsafe and only proceeds back to SAFE_LOOP when it is once again deemed Safe.
2026-09-15T20:54:45.9316|INFO|SequenceItem.cs|Run|208|Starting Category: Utilità, Item: Annotation, Text: The UNSAFE Sequence runs when the System is Unsafe and only proceeds back to SAFE_LOOP when it is once again deemed Safe.
2026-09-15T20:54:45.9316|INFO|SequenceItem.cs|Run|254|Finishing Category: Utilità, Item: Annotation, Text: The UNSAFE Sequence runs when the System is Unsafe and only proceeds back to SAFE_LOOP when it is once again deemed Safe.
2026-09-15T20:54:45.9316|INFO|MeridianFlipTrigger.cs|ShouldTrigger|296|Meridian Flip - (Side of Pier usage is disabled) There is still time remaining. Max remaining time 01:37:48.2578754, next instruction time 0, next instruction Category: Utilità, Item: Annotation, Text: ..... ALL TARGETS should be placed within individual LOOP_ALL_NIGHT > SAFE_LOOP > TARGETS_CONTAINER > TARGET # containers below.....
2026-09-15T20:54:45.9317|INFO|SequenceItem.cs|Run|208|Starting Category: Utilità, Item: Annotation, Text: ..... ALL TARGETS should be placed within individual LOOP_ALL_NIGHT > SAFE_LOOP > TARGETS_CONTAINER > TARGET # containers below.....
2026-09-15T20:54:45.9317|INFO|SequenceItem.cs|Run|254|Finishing Category: Utilità, Item: Annotation, Text: ..... ALL TARGETS should be placed within individual LOOP_ALL_NIGHT > SAFE_LOOP > TARGETS_CONTAINER > TARGET # containers below.....
2026-09-15T20:54:45.9318|INFO|MeridianFlipTrigger.cs|ShouldTrigger|296|Meridian Flip - (Side of Pier usage is disabled) There is still time remaining. Max remaining time 01:37:48.2578754, next instruction time 0, next instruction Category: Utilità, Item: Annotation, Text: Each TARGET # Container should have a looping condition that is identical to the included target sequence.
2026-09-15T20:54:45.9318|INFO|SequenceItem.cs|Run|208|Starting Category: Utilità, Item: Annotation, Text: Each TARGET # Container should have a looping condition that is identical to the included target sequence.
2026-09-15T20:54:45.9318|INFO|SequenceItem.cs|Run|254|Finishing Category: Utilità, Item: Annotation, Text: Each TARGET # Container should have a looping condition that is identical to the included target sequence.
2026-09-15T20:54:45.9319|INFO|SequenceItem.cs|Run|254|Finishing Category: * Set di Istruzioni *, Container: NINA.Sequencer.Container.SequentialContainer, Strategy: SequentialStrategy, Items[FINISHED]: 10
2026-09-15T20:54:45.9324|INFO|MeridianFlipTrigger.cs|ShouldTrigger|296|Meridian Flip - (Side of Pier usage is disabled) There is still time remaining. Max remaining time 01:37:48.2578754, next instruction time 0, next instruction Category: * Set di Istruzioni *, Container: NINA.Sequencer.Container.SequentialContainer, Strategy: SequentialStrategy, Items[CREATED]: 2, Conditions: Condition: TimeCondition, Time: 2:40:25h, 
2026-09-15T20:54:45.9325|INFO|SequenceItem.cs|Run|208|Starting Category: * Set di Istruzioni *, Container: NINA.Sequencer.Container.SequentialContainer, Strategy: SequentialStrategy, Items[CREATED]: 2, Conditions: Condition: TimeCondition, Time: 2:40:25h, 
2026-09-15T20:54:45.9351|INFO|MeridianFlipTrigger.cs|ShouldTrigger|296|Meridian Flip - (Side of Pier usage is disabled) There is still time remaining. Max remaining time 01:37:48.2578754, next instruction time 0, next instruction Category: * Set di Istruzioni *, Container: NINA.Sequencer.Container.SequentialContainer, Strategy: SequentialStrategy, Items[CREATED]: 5, Conditions: Condition: SafetyMonitorCondition, 
2026-09-15T20:54:45.9352|INFO|SequenceItem.cs|Run|208|Starting Category: * Set di Istruzioni *, Container: NINA.Sequencer.Container.SequentialContainer, Strategy: SequentialStrategy, Items[CREATED]: 5, Conditions: Condition: SafetyMonitorCondition, 
2026-09-15T20:54:45.9359|INFO|MeridianFlipTrigger.cs|ShouldTrigger|296|Meridian Flip - (Side of Pier usage is disabled) There is still time remaining. Max remaining time 01:37:48.2578754, next instruction time 0, next instruction Category: * Set di Istruzioni *, Container: NINA.Sequencer.Container.SequentialContainer, Strategy: SequentialStrategy, Items[CREATED]: 7
2026-09-15T20:54:45.9360|INFO|SequenceItem.cs|Run|208|Starting Category: * Set di Istruzioni *, Container: NINA.Sequencer.Container.SequentialContainer, Strategy: SequentialStrategy, Items[CREATED]: 7
2026-09-15T20:54:45.9361|INFO|MeridianFlipTrigger.cs|ShouldTrigger|296|Meridian Flip - (Side of Pier usage is disabled) There is still time remaining. Max remaining time 01:37:48.2578754, next instruction time 0, next instruction Category: Utilità, Item: Annotation, Text: This brief sequence of instructions is required after returning to a Safe condifition from an Unsafe one. It will not negatively affect anything on its initial execution.
2026-09-15T20:54:45.9362|INFO|SequenceItem.cs|Run|208|Starting Category: Utilità, Item: Annotation, Text: This brief sequence of instructions is required after returning to a Safe condifition from an Unsafe one. It will not negatively affect anything on its initial execution.
2026-09-15T20:54:45.9363|INFO|SequenceItem.cs|Run|254|Finishing Category: Utilità, Item: Annotation, Text: This brief sequence of instructions is required after returning to a Safe condifition from an Unsafe one. It will not negatively affect anything on its initial execution.
2026-09-15T20:54:45.9364|INFO|MeridianFlipTrigger.cs|ShouldTrigger|296|Meridian Flip - (Side of Pier usage is disabled) There is still time remaining. Max remaining time 01:37:48.2578754, next instruction time 0, next instruction Category: Utilità, Item: Annotation, Text: The 5 minute wait here can be adjusted as desired. It is here to show 5 minutes of Safety prior to resetting the equipment.
2026-09-15T20:54:45.9365|INFO|SequenceItem.cs|Run|208|Starting Category: Utilità, Item: Annotation, Text: The 5 minute wait here can be adjusted as desired. It is here to show 5 minutes of Safety prior to resetting the equipment.
2026-09-15T20:54:45.9365|INFO|SequenceItem.cs|Run|254|Finishing Category: Utilità, Item: Annotation, Text: The 5 minute wait here can be adjusted as desired. It is here to show 5 minutes of Safety prior to resetting the equipment.
2026-09-15T20:54:45.9366|INFO|MeridianFlipTrigger.cs|ShouldTrigger|296|Meridian Flip - (Side of Pier usage is disabled) There is still time remaining. Max remaining time 01:37:48.2578754, next instruction time 300, next instruction Category: Utilità, Item: WaitForTimeSpan, Time: 300s
2026-09-15T20:54:45.9367|INFO|SequenceItem.cs|Run|208|Starting Category: Utilità, Item: WaitForTimeSpan, Time: 300s
2026-09-15T20:55:01.4054|INFO|MeridianFlipTrigger.cs|ShouldTrigger|296|Meridian Flip - (Side of Pier usage is disabled) There is still time remaining. Max remaining time 01:37:32.2292456, next instruction time 0, next instruction Category: Osservatorio, Item: OpenDomeShutter
2026-09-15T20:55:01.4055|INFO|SequenceItem.cs|Run|208|Starting Category: Osservatorio, Item: OpenDomeShutter
2026-09-15T20:55:01.4057|INFO|SequenceItem.cs|Run|254|Finishing Category: Osservatorio, Item: OpenDomeShutter
2026-09-15T20:55:01.4059|INFO|MeridianFlipTrigger.cs|ShouldTrigger|296|Meridian Flip - (Side of Pier usage is disabled) There is still time remaining. Max remaining time 01:37:32.2292456, next instruction time 0, next instruction Category: Telescopio, Item: UnparkScope
2026-09-15T20:55:01.4059|INFO|SequenceItem.cs|Run|208|Starting Category: Telescopio, Item: UnparkScope
2026-09-15T20:55:01.4061|INFO|TelescopeVM.cs|UnparkTelescope|232|Mount ordered to unpark
2026-09-15T20:55:01.4196|INFO|TelescopeVM.cs|UnparkTelescope|277|Mount is already unparked
2026-09-15T20:55:01.4197|INFO|TelescopeVM.cs|UnparkTelescope|282|Mount has unparked
2026-09-15T20:55:01.4197|INFO|SequenceItem.cs|Run|254|Finishing Category: Telescopio, Item: UnparkScope
2026-09-15T20:55:01.4201|INFO|MeridianFlipTrigger.cs|ShouldTrigger|296|Meridian Flip - (Side of Pier usage is disabled) There is still time remaining. Max remaining time 01:37:32.2292456, next instruction time 0, next instruction Category: Apparato per i Flat, Item: OpenCover
2026-09-15T20:55:01.4202|INFO|SequenceItem.cs|Run|208|Starting Category: Apparato per i Flat, Item: OpenCover
2026-09-15T20:55:01.4258|INFO|SequenceItem.cs|Run|254|Finishing Category: Apparato per i Flat, Item: OpenCover
2026-09-15T20:55:01.4262|INFO|MeridianFlipTrigger.cs|ShouldTrigger|296|Meridian Flip - (Side of Pier usage is disabled) There is still time remaining. Max remaining time 01:37:32.2292456, next instruction time 0, next instruction Category: Telescopio, Item: SetTracking, TrackingMode: Sidereal
2026-09-15T20:55:01.4263|INFO|SequenceItem.cs|Run|208|Starting Category: Telescopio, Item: SetTracking, TrackingMode: Sidereal
2026-09-15T20:55:01.5142|INFO|SequenceItem.cs|Run|254|Finishing Category: Telescopio, Item: SetTracking, TrackingMode: Sidereal
2026-09-15T20:55:01.5146|INFO|SequenceItem.cs|Run|254|Finishing Category: * Set di Istruzioni *, Container: NINA.Sequencer.Container.SequentialContainer, Strategy: SequentialStrategy, Items[FINISHED]: 6, Items[SKIPPED]: 1
2026-09-15T20:55:01.5148|INFO|MeridianFlipTrigger.cs|ShouldTrigger|296|Meridian Flip - (Side of Pier usage is disabled) There is still time remaining. Max remaining time 01:37:32.2292456, next instruction time 0, next instruction Category: * Set di Istruzioni *, Container: NINA.Sequencer.Container.SequentialContainer, Strategy: SequentialStrategy, Items[CREATED]: 2
2026-09-15T20:55:01.5148|INFO|SequenceItem.cs|Run|208|Starting Category: * Set di Istruzioni *, Container: NINA.Sequencer.Container.SequentialContainer, Strategy: SequentialStrategy, Items[CREATED]: 2
2026-09-15T20:55:01.5150|INFO|MeridianFlipTrigger.cs|ShouldTrigger|296|Meridian Flip - (Side of Pier usage is disabled) There is still time remaining. Max remaining time 01:37:32.2292456, next instruction time 0, next instruction Category: Utilità, Item: Annotation, Text: BE SURE TO MATCH EACH TARGET CONTAINER LOOP CONDITION TO THE NESTED TARGET SEQUENCE LOOP CONDITION
2026-09-15T20:55:01.5152|INFO|SequenceItem.cs|Run|208|Starting Category: Utilità, Item: Annotation, Text: BE SURE TO MATCH EACH TARGET CONTAINER LOOP CONDITION TO THE NESTED TARGET SEQUENCE LOOP CONDITION
2026-09-15T20:55:01.5152|INFO|SequenceItem.cs|Run|254|Finishing Category: Utilità, Item: Annotation, Text: BE SURE TO MATCH EACH TARGET CONTAINER LOOP CONDITION TO THE NESTED TARGET SEQUENCE LOOP CONDITION
2026-09-15T20:55:01.5153|INFO|MeridianFlipTrigger.cs|ShouldTrigger|296|Meridian Flip - (Side of Pier usage is disabled) There is still time remaining. Max remaining time 01:37:32.2292456, next instruction time 0, next instruction Category: * Set di Istruzioni *, Container: NINA.Sequencer.Container.SequentialContainer, Strategy: SequentialStrategy, Items[CREATED]: 3, Conditions: Condition: TimeCondition, Time: 2:40:25h, 
2026-09-15T20:55:01.5154|INFO|SequenceItem.cs|Run|208|Starting Category: * Set di Istruzioni *, Container: NINA.Sequencer.Container.SequentialContainer, Strategy: SequentialStrategy, Items[CREATED]: 3, Conditions: Condition: TimeCondition, Time: 2:40:25h, 
2026-09-15T20:55:01.5156|INFO|MeridianFlipTrigger.cs|ShouldTrigger|296|Meridian Flip - (Side of Pier usage is disabled) There is still time remaining. Max remaining time 01:37:32.2292456, next instruction time 0, next instruction Category: Utilità, Item: Annotation, Text: PLACE YOUR ...FIRST... TARGET SEQUENCE OF THE NIGHT ...BELOW... THIS LINE
2026-09-15T20:55:01.5156|INFO|SequenceItem.cs|Run|208|Starting Category: Utilità, Item: Annotation, Text: PLACE YOUR ...FIRST... TARGET SEQUENCE OF THE NIGHT ...BELOW... THIS LINE
2026-09-15T20:55:01.5157|INFO|SequenceItem.cs|Run|254|Finishing Category: Utilità, Item: Annotation, Text: PLACE YOUR ...FIRST... TARGET SEQUENCE OF THE NIGHT ...BELOW... THIS LINE
2026-09-15T20:55:01.5158|INFO|MeridianFlipTrigger.cs|ShouldTrigger|296|Meridian Flip - (Side of Pier usage is disabled) There is still time remaining. Max remaining time 01:37:32.2292456, next instruction time 0, next instruction Category: Utilità, Item: Annotation, Text: PLACE YOUR ...FIRST... TARGET SEQUENCE OF THE NIGHT ...ABOVE... THIS LINE
2026-09-15T20:55:01.5158|INFO|SequenceItem.cs|Run|208|Starting Category: Utilità, Item: Annotation, Text: PLACE YOUR ...FIRST... TARGET SEQUENCE OF THE NIGHT ...ABOVE... THIS LINE
2026-09-15T20:55:01.5158|INFO|SequenceItem.cs|Run|254|Finishing Category: Utilità, Item: Annotation, Text: PLACE YOUR ...FIRST... TARGET SEQUENCE OF THE NIGHT ...ABOVE... THIS LINE
2026-09-15T20:55:01.5174|INFO|MeridianFlipTrigger.cs|ShouldTrigger|296|Meridian Flip - (Side of Pier usage is disabled) There is still time remaining. Max remaining time 01:37:32.2292456, next instruction time 0, next instruction Category: * Set di Istruzioni *, Container: NINA.Sequencer.Container.DeepSkyObjectContainer, Strategy: SequentialStrategy, Items[CREATED]: 4, Triggers: Trigger: CenterAfterDriftTrigger, DistanceArcMinutes: 3, Target: M 27 RA: 19:59:36; Dec: 22° 43' 16"; Epoch: J2000 0
2026-09-15T20:55:01.5319|INFO|SequenceItem.cs|Run|208|Starting Category: * Set di Istruzioni *, Container: NINA.Sequencer.Container.DeepSkyObjectContainer, Strategy: SequentialStrategy, Items[CREATED]: 4, Triggers: Trigger: CenterAfterDriftTrigger, DistanceArcMinutes: 3, Target: M 27 RA: 19:59:36; Dec: 22° 43' 16"; Epoch: J2000 0
2026-09-15T20:55:01.5344|INFO|MeridianFlipTrigger.cs|ShouldTrigger|296|Meridian Flip - (Side of Pier usage is disabled) There is still time remaining. Max remaining time 01:37:32.2292456, next instruction time 0, next instruction Category: Telescopio, Item: Center, Coordinates RA: 19:59:36; Dec: 22° 43' 16"; Epoch: J2000
2026-09-15T20:55:01.5348|INFO|SequenceItem.cs|Run|208|Starting Category: Telescopio, Item: Center, Coordinates RA: 19:59:36; Dec: 22° 43' 16"; Epoch: J2000
2026-09-15T20:55:01.7605|INFO|PHD2Guider.cs|StopGuiding|704|Phd2 - Stop Guiding skipped, as the app is already in state Stopped
2026-09-15T20:55:01.8733|INFO|TelescopeVM.cs|SlewAsyncInternal|910|Slewing from RA: 20:59:47; Dec: 39° 08' 19"; Epoch: JNOW to RA: 20:00:47; Dec: 22° 47' 52"; Epoch: JNOW - Alt: 68° 35' 24"; Az: 153° 39' 01"
2026-09-15T20:55:21.3727|INFO|CameraVM.cs|Capture|742|Starting Exposure - Exposure Time: 15s; Filter: L-Pro; Gain: 15; Offset 132; Binning: 1x1;
2026-09-15T20:55:41.5875|INFO|ImageSolver.cs|Solve|41|Platesolving with parameters: FocalLength: 1260 PixelSize: 4.54 SearchRadius: 30 BlindFailoverEnabled: True Regions: 5000 DownSampleFactor: 2 MaxObjects: 500 Reference Coordinates RA: 19:59:36 Dec: 22° 43' 16" Epoch: J2000
2026-09-15T20:55:41.9823|INFO|BaseImageData.cs|SaveToDisk|346|Saved image to C:\Users\PrimaLuceLab\AppData\Local\NINA\PlateSolver\4grbl4qc.zcf.fits
2026-09-15T20:55:43.7132|INFO|ImageSolver.cs|Solve|54|Platesolve successful: Coordinates: RA: 19:59:14; Dec: 22° 36' 24"; Epoch: J2000 - Position Angle: 252.5327224084092
2026-09-15T20:55:43.7216|INFO|CenteringSolver.cs|Center|99|Centering Solver - Scope Position: RA: 20:00:47; Dec: 22° 47' 27"; Epoch: JNOW; Offset: RA: 00:00:00; Dec: 00° 00' 00"; Distance: 00° 00' 00"; Bearing: 00° 00' 00"; Centering Coordinates: RA: 20:00:47; Dec: 22° 47' 52"; Epoch: JNOW; Solved: RA: 20:00:24; Dec: 22° 40' 59"; Epoch: JNOW; Separation RA: 00:00:23; Dec: 00° 06' 53"; Distance: 00° 08' 38"; Bearing: 142° 56' 02"; Threshold: 1
2026-09-15T20:55:43.8741|INFO|TelescopeVM.cs|Sync|777|Syncing scope from RA: 20:00:47; Dec: 22° 47' 27"; Epoch: JNOW to RA: 20:00:24; Dec: 22° 40' 59"; Epoch: JNOW
2026-09-15T20:55:48.8795|INFO|CenteringSolver.cs|Center|132|Slewing to target after sync. Current Position: RA: 20:00:25; Dec: 22° 40' 34"; Epoch: JNOW; Target coordinates: RA: 20:00:47; Dec: 22° 47' 52"; Epoch: JNOW; Offset RA: 00:00:00; Dec: 00° 00' 00"; Distance: 00° 00' 00"; Bearing: 00° 00' 00"
2026-09-15T20:55:48.8989|INFO|TelescopeVM.cs|SlewAsyncInternal|910|Slewing from RA: 20:00:25; Dec: 22° 40' 34"; Epoch: JNOW to RA: 20:00:47; Dec: 22° 47' 52"; Epoch: JNOW - Alt: 68° 39' 14"; Az: 154° 06' 58"
2026-09-15T20:56:03.4448|INFO|CameraVM.cs|Capture|742|Starting Exposure - Exposure Time: 15s; Filter: L-Pro; Gain: 15; Offset 132; Binning: 1x1;
2026-09-15T20:56:23.5473|INFO|ImageSolver.cs|Solve|41|Platesolving with parameters: FocalLength: 1260 PixelSize: 4.54 SearchRadius: 30 BlindFailoverEnabled: True Regions: 5000 DownSampleFactor: 2 MaxObjects: 500 Reference Coordinates RA: 19:59:36 Dec: 22° 43' 16" Epoch: J2000
2026-09-15T20:56:23.8653|INFO|BaseImageData.cs|SaveToDisk|346|Saved image to C:\Users\PrimaLuceLab\AppData\Local\NINA\PlateSolver\lo0rqz3r.zeo.fits
2026-09-15T20:56:25.5704|INFO|ImageSolver.cs|Solve|54|Platesolve successful: Coordinates: RA: 19:59:36; Dec: 22° 43' 16"; Epoch: J2000 - Position Angle: 252.53487277744472
2026-09-15T20:56:25.5723|INFO|CenteringSolver.cs|Center|99|Centering Solver - Scope Position: RA: 20:00:47; Dec: 22° 47' 27"; Epoch: JNOW; Offset: RA: 00:00:00; Dec: 00° 00' 00"; Distance: 00° 00' 00"; Bearing: 00° 00' 00"; Centering Coordinates: RA: 20:00:47; Dec: 22° 47' 52"; Epoch: JNOW; Solved: RA: 20:00:46; Dec: 22° 47' 51"; Epoch: JNOW; Separation RA: 00:00:01; Dec: 00° 00' 01"; Distance: 00° 00' 10"; Bearing: 93° 19' 42"; Threshold: 1
2026-09-15T20:56:25.5789|INFO|CenteringSolver.cs|Center|165|Restoring filter to L-Pro after centering
2026-09-15T20:56:25.7122|INFO|SequenceItem.cs|Run|254|Finishing Category: Telescopio, Item: Center, Coordinates RA: 19:59:36; Dec: 22° 43' 16"; Epoch: J2000
2026-09-15T20:56:25.7130|INFO|MeridianFlipTrigger.cs|ShouldTrigger|296|Meridian Flip - (Side of Pier usage is disabled) There is still time remaining. Max remaining time 00:37:07.9425847, next instruction time 0, next instruction Category: Guida, Item: StartGuiding
2026-09-15T20:56:25.7132|INFO|SequenceItem.cs|Run|208|Starting Category: Guida, Item: StartGuiding
2026-09-15T20:56:25.7973|INFO|PHD2Guider.cs|TryStartGuideCommand|641|Phd2 - Requesting to start guiding. Recalibrate: False
2026-09-15T20:57:35.0333|INFO|SequenceItem.cs|Run|254|Finishing Category: Guida, Item: StartGuiding
2026-09-15T20:57:35.0750|INFO|MeridianFlipTrigger.cs|ShouldTrigger|296|Meridian Flip - (Side of Pier usage is disabled) There is still time remaining. Max remaining time 00:35:58.0112305, next instruction time 300, next instruction Category: Utilità, Item: WaitForTimeSpan, Time: 300s
2026-09-15T20:57:35.0752|INFO|SequenceItem.cs|Run|208|Starting Category: Utilità, Item: WaitForTimeSpan, Time: 300s
2026-09-15T20:58:29.3682|INFO|MeridianFlipTrigger.cs|ShouldTrigger|296|Meridian Flip - (Side of Pier usage is disabled) There is still time remaining. Max remaining time 00:35:03.3736749, next instruction time 600, next instruction Category: Fotocamera, Container: NINA.Sequencer.SequenceItem.Imaging.SmartExposure, Strategy: SequentialStrategy, Items[CREATED]: 2, Conditions: Condition: LoopCondition, Iterations: 0/40, , Triggers: Trigger: DitherAfterExposures, After Exposures: 1
2026-09-15T20:58:29.3685|INFO|SequenceItem.cs|Run|208|Starting Category: Fotocamera, Container: NINA.Sequencer.SequenceItem.Imaging.SmartExposure, Strategy: SequentialStrategy, Items[CREATED]: 2, Conditions: Condition: LoopCondition, Iterations: 0/40, , Triggers: Trigger: DitherAfterExposures, After Exposures: 1
2026-09-15T20:58:29.3705|INFO|MeridianFlipTrigger.cs|ShouldTrigger|296|Meridian Flip - (Side of Pier usage is disabled) There is still time remaining. Max remaining time 00:35:03.3736749, next instruction time 0, next instruction Category: Ruota porta filtri, Item: SwitchFilter, Filter: L-Pro
2026-09-15T20:58:29.3706|INFO|SequenceItem.cs|Run|208|Starting Category: Ruota porta filtri, Item: SwitchFilter, Filter: L-Pro
2026-09-15T20:58:29.4859|INFO|SequenceItem.cs|Run|254|Finishing Category: Ruota porta filtri, Item: SwitchFilter, Filter: L-Pro
2026-09-15T20:58:29.4872|INFO|MeridianFlipTrigger.cs|ShouldTrigger|296|Meridian Flip - (Side of Pier usage is disabled) There is still time remaining. Max remaining time 00:35:03.3736749, next instruction time 600, next instruction Category: Fotocamera, Item: TakeExposure, ExposureTime 600, Gain 15, Offset 132, ImageType LIGHT, Binning 1x1
2026-09-15T20:58:29.4893|INFO|SequenceTrigger.cs|Run|114|Starting Trigger: RestoreGuiding
2026-09-15T20:58:29.4924|INFO|SequenceItem.cs|Run|208|Starting Category: * Set di Istruzioni *, Container: NINA.Sequencer.Container.SequentialContainer, Strategy: SequentialStrategy, Items[CREATED]: 1
2026-09-15T20:58:29.4927|INFO|SequenceItem.cs|Run|208|Starting Category: Guida, Item: StartGuiding
2026-09-15T20:58:29.5518|INFO|PHD2Guider.cs|StartGuidingPrivate|504|Phd2 - App is already guiding. Skipping start guiding
2026-09-15T20:58:29.5524|INFO|SequenceItem.cs|Run|254|Finishing Category: Guida, Item: StartGuiding
2026-09-15T20:58:29.5525|INFO|SequenceItem.cs|Run|254|Finishing Category: * Set di Istruzioni *, Container: NINA.Sequencer.Container.SequentialContainer, Strategy: SequentialStrategy, Items[FINISHED]: 1
2026-09-15T20:58:29.5547|INFO|SequenceItem.cs|Run|208|Starting Category: Fotocamera, Item: TakeExposure, ExposureTime 600, Gain 15, Offset 132, ImageType LIGHT, Binning 1x1
2026-09-15T20:58:29.5596|INFO|CameraVM.cs|Capture|742|Starting Exposure - Exposure Time: 600s; Filter: ; Gain: 15; Offset 132; Binning: 1x1;
2026-09-15T21:08:33.4825|WARNING|DeviceUpdateTimer.cs|Run|115|Dome value update cycle took longer than the device poll interval (Total: 9.37s > 2s; Poll: 00:00:00.0061519; Update: 00:00:09.3660845)
2026-09-15T21:08:35.7831|WARNING|DeviceUpdateTimer.cs|Run|115|Camera value update cycle took longer than the device poll interval (Total: 11.65s > 2s; Poll: 00:00:11.6154890; Update: 00:00:00.0321747)
2026-09-15T21:08:35.8009|INFO|SequenceItem.cs|Run|254|Finishing Category: Fotocamera, Item: TakeExposure, ExposureTime 600, Gain 15, Offset 132, ImageType LIGHT, Binning 1x1
2026-09-15T21:08:35.9495|INFO|MeridianFlipTrigger.cs|ShouldTrigger|296|Meridian Flip - (Side of Pier usage is disabled) There is still time remaining. Max remaining time 00:24:59.2300432, next instruction time 0, next instruction Category: Ruota porta filtri, Item: SwitchFilter, Filter: L-Pro
2026-09-15T21:08:35.9496|INFO|SequenceItem.cs|Run|208|Starting Category: Ruota porta filtri, Item: SwitchFilter, Filter: L-Pro
2026-09-15T21:08:36.0994|INFO|SequenceItem.cs|Run|254|Finishing Category: Ruota porta filtri, Item: SwitchFilter, Filter: L-Pro
2026-09-15T21:08:36.1353|INFO|SequenceTrigger.cs|Run|114|Starting Trigger: DitherAfterExposures, After Exposures: 1
2026-09-15T21:08:36.1363|INFO|SequenceItem.cs|Run|208|Starting Category: * Set di Istruzioni *, Container: NINA.Sequencer.Container.SequentialContainer, Strategy: SequentialStrategy, Items[CREATED]: 1
2026-09-15T21:08:36.1367|INFO|SequenceItem.cs|Run|208|Starting Category: Guida, Item: Dither
2026-09-15T21:08:38.9798|WARNING|DeviceUpdateTimer.cs|Run|115|Mount value update cycle took longer than the device poll interval (Total: 3.83s > 2s; Poll: 00:00:03.8310164; Update: 00:00:00.0001590)
2026-09-15T21:08:39.6107|INFO|HocusFocusStarDetection.cs|Detect|413|Average HFR: 2.6774217165313363, HFR MAD: 0.3496340728480689, Detected Stars 576, Region: 0
2026-09-15T21:08:40.5931|INFO|BaseImageData.cs|SaveToDisk|346|Saved image to D:\Images NINA\Target\LIGHT_1x1_600.00s_15_132_M 27_Celestron C8__-9.96C_L-Pro_0329_2026-09-15_20-58-29_FWHM_4.22_Fok_40189.xisf
2026-09-15T21:08:40.5937|INFO|ImageSaveController.cs|DoWork|97|Successfully saved file at D:\Images NINA\Target\LIGHT_1x1_600.00s_15_132_M 27_Celestron C8__-9.96C_L-Pro_0329_2026-09-15_20-58-29_FWHM_4.22_Fok_40189.xisf. Duration Total: 00:00:04.4895017; BeforeSave: 00:00:00.0042482; BeforeFinalizeImageSaved: 00:00:03.8489352; FinalizeSaveTime: 00:00:00.6363174
2026-09-15T21:09:19.1095|ERROR|PHD2Guider.cs|ProcessEvent|937|PHD2 error:timed-out waiting for guider to settle
2026-09-15T21:09:19.3622|INFO|SequenceItem.cs|Run|254|Finishing Category: Guida, Item: Dither
2026-09-15T21:09:19.3625|INFO|SequenceItem.cs|Run|254|Finishing Category: * Set di Istruzioni *, Container: NINA.Sequencer.Container.SequentialContainer, Strategy: SequentialStrategy, Items[FINISHED]: 1
2026-09-15T21:09:19.3628|INFO|MeridianFlipTrigger.cs|ShouldTrigger|296|Meridian Flip - (Side of Pier usage is disabled) There is still time remaining. Max remaining time 00:24:10.6163900, next instruction time 600, next instruction Category: Fotocamera, Item: TakeExposure, ExposureTime 600, Gain 15, Offset 132, ImageType LIGHT, Binning 1x1
2026-09-15T21:09:19.3628|INFO|SequenceTrigger.cs|Run|114|Starting Trigger: RestoreGuiding
2026-09-15T21:09:19.3629|INFO|SequenceItem.cs|Run|208|Starting Category: * Set di Istruzioni *, Container: NINA.Sequencer.Container.SequentialContainer, Strategy: SequentialStrategy, Items[CREATED]: 1
2026-09-15T21:09:19.3630|INFO|SequenceItem.cs|Run|208|Starting Category: Guida, Item: StartGuiding
2026-09-15T21:09:19.4053|INFO|PHD2Guider.cs|StartGuidingPrivate|504|Phd2 - App is already guiding. Skipping start guiding
2026-09-15T21:09:19.4055|INFO|SequenceItem.cs|Run|254|Finishing Category: Guida, Item: StartGuiding
2026-09-15T21:09:19.4057|INFO|SequenceItem.cs|Run|254|Finishing Category: * Set di Istruzioni *, Container: NINA.Sequencer.Container.SequentialContainer, Strategy: SequentialStrategy, Items[FINISHED]: 1
2026-09-15T21:09:19.4124|INFO|SequenceItem.cs|Run|208|Starting Category: Fotocamera, Item: TakeExposure, ExposureTime 600, Gain 15, Offset 132, ImageType LIGHT, Binning 1x1
2026-09-15T21:09:19.4234|INFO|CameraVM.cs|Capture|742|Starting Exposure - Exposure Time: 600s; Filter: ; Gain: 15; Offset 132; Binning: 1x1;
2026-09-15T21:19:25.6242|WARNING|DeviceUpdateTimer.cs|Run|115|Camera value update cycle took longer than the device poll interval (Total: 10.65s > 2s; Poll: 00:00:10.6455392; Update: 00:00:00.0001447)
2026-09-15T21:19:25.7378|INFO|SequenceItem.cs|Run|254|Finishing Category: Fotocamera, Item: TakeExposure, ExposureTime 600, Gain 15, Offset 132, ImageType LIGHT, Binning 1x1
2026-09-15T21:19:25.7382|INFO|MeridianFlipTrigger.cs|ShouldTrigger|296|Meridian Flip - (Side of Pier usage is disabled) There is still time remaining. Max remaining time 00:14:03.8536205, next instruction time 0, next instruction Category: Ruota porta filtri, Item: SwitchFilter, Filter: L-Pro
2026-09-15T21:19:25.7383|INFO|SequenceItem.cs|Run|208|Starting Category: Ruota porta filtri, Item: SwitchFilter, Filter: L-Pro
2026-09-15T21:19:26.0008|INFO|SequenceItem.cs|Run|254|Finishing Category: Ruota porta filtri, Item: SwitchFilter, Filter: L-Pro
2026-09-15T21:19:26.0012|WARNING|DitherAfterExposures.cs|ShouldTrigger|118|Dither should be triggered, however the meridian flip is too close to be executed
2026-09-15T21:19:26.0013|INFO|MeridianFlipTrigger.cs|ShouldTrigger|296|Meridian Flip - (Side of Pier usage is disabled) There is still time remaining. Max remaining time 00:14:03.8536205, next instruction time 600, next instruction Category: Fotocamera, Item: TakeExposure, ExposureTime 600, Gain 15, Offset 132, ImageType LIGHT, Binning 1x1
2026-09-15T21:19:26.0013|INFO|SequenceTrigger.cs|Run|114|Starting Trigger: RestoreGuiding
2026-09-15T21:19:26.0014|INFO|SequenceItem.cs|Run|208|Starting Category: * Set di Istruzioni *, Container: NINA.Sequencer.Container.SequentialContainer, Strategy: SequentialStrategy, Items[CREATED]: 1
2026-09-15T21:19:26.0015|INFO|SequenceItem.cs|Run|208|Starting Category: Guida, Item: StartGuiding
2026-09-15T21:19:26.0572|INFO|PHD2Guider.cs|StartGuidingPrivate|504|Phd2 - App is already guiding. Skipping start guiding
2026-09-15T21:19:26.0574|INFO|SequenceItem.cs|Run|254|Finishing Category: Guida, Item: StartGuiding
2026-09-15T21:19:26.0576|INFO|SequenceItem.cs|Run|254|Finishing Category: * Set di Istruzioni *, Container: NINA.Sequencer.Container.SequentialContainer, Strategy: SequentialStrategy, Items[FINISHED]: 1
2026-09-15T21:19:26.0577|INFO|SequenceItem.cs|Run|208|Starting Category: Fotocamera, Item: TakeExposure, ExposureTime 600, Gain 15, Offset 132, ImageType LIGHT, Binning 1x1
2026-09-15T21:19:26.0581|INFO|CameraVM.cs|Capture|742|Starting Exposure - Exposure Time: 600s; Filter: ; Gain: 15; Offset 132; Binning: 1x1;
2026-09-15T21:19:28.7553|INFO|HocusFocusStarDetection.cs|Detect|413|Average HFR: 2.6268823958294485, HFR MAD: 0.3201736653189782, Detected Stars 662, Region: 0
2026-09-15T21:19:29.2345|WARNING|DeviceUpdateTimer.cs|Run|115|Dome value update cycle took longer than the device poll interval (Total: 2.19s > 2s; Poll: 00:00:00.4064000; Update: 00:00:01.7793132)
2026-09-15T21:19:29.3013|WARNING|DeviceUpdateTimer.cs|Run|115|Mount value update cycle took longer than the device poll interval (Total: 2.27s > 2s; Poll: 00:00:02.2726214; Update: 00:00:00.0001100)
2026-09-15T21:19:29.3488|INFO|BaseImageData.cs|SaveToDisk|346|Saved image to D:\Images NINA\Target\LIGHT_1x1_600.00s_15_132_M 27_Celestron C8__-9.96C_L-Pro_0330_2026-09-15_21-09-19_FWHM_4.10_Fok_40189.xisf
2026-09-15T21:19:29.3489|INFO|ImageSaveController.cs|DoWork|97|Successfully saved file at D:\Images NINA\Target\LIGHT_1x1_600.00s_15_132_M 27_Celestron C8__-9.96C_L-Pro_0330_2026-09-15_21-09-19_FWHM_4.10_Fok_40189.xisf. Duration Total: 00:00:03.2850183; BeforeSave: 00:00:00.0001485; BeforeFinalizeImageSaved: 00:00:03.2443460; FinalizeSaveTime: 00:00:00.0405231
2026-09-15T21:29:29.4449|WARNING|DeviceUpdateTimer.cs|Run|115|Dome value update cycle took longer than the device poll interval (Total: 6.68s > 2s; Poll: 00:00:00.0027995; Update: 00:00:06.6742220)
2026-09-15T21:29:32.2987|WARNING|DeviceUpdateTimer.cs|Run|115|Camera value update cycle took longer than the device poll interval (Total: 5.31s > 2s; Poll: 00:00:05.3080723; Update: 00:00:00.0011194)
2026-09-15T21:29:32.3686|INFO|SequenceItem.cs|Run|254|Finishing Category: Fotocamera, Item: TakeExposure, ExposureTime 600, Gain 15, Offset 132, ImageType LIGHT, Binning 1x1
2026-09-15T21:29:32.3689|INFO|MeridianFlipTrigger.cs|ShouldTrigger|296|Meridian Flip - (Side of Pier usage is disabled) There is still time remaining. Max remaining time 00:03:57.8592070, next instruction time 0, next instruction Category: Ruota porta filtri, Item: SwitchFilter, Filter: L-Pro
2026-09-15T21:29:32.3690|INFO|SequenceItem.cs|Run|208|Starting Category: Ruota porta filtri, Item: SwitchFilter, Filter: L-Pro
2026-09-15T21:29:32.4846|INFO|SequenceItem.cs|Run|254|Finishing Category: Ruota porta filtri, Item: SwitchFilter, Filter: L-Pro
2026-09-15T21:29:32.4849|WARNING|DitherAfterExposures.cs|ShouldTrigger|118|Dither should be triggered, however the meridian flip is too close to be executed
2026-09-15T21:29:32.4850|INFO|MeridianFlipTrigger.cs|ShouldTrigger|290|Meridian Flip - (Side of Pier usage is disabled) No more remaining time available before flip. Max remaining time 00:03:55.3500818, next instruction time 600, next instruction Category: Fotocamera, Item: TakeExposure, ExposureTime 600, Gain 15, Offset 132, ImageType LIGHT, Binning 1x1. Flip should happen now
2026-09-15T21:29:32.4850|INFO|SequenceTrigger.cs|Run|114|Starting Trigger: MeridianFlipTrigger
2026-09-15T21:29:32.4939|INFO|MeridianFlipVM.cs|DoMeridianFlip|160|Meridian Flip - Initializing Meridian Flip. 
Current target coordinates RA: 19:59:36 Dec: 22° 43' 16" Epoch: J2000
Remaining wait time: 00:10:55.3500818
Pause Time Before Meridian: 2
Minutes After Meridian: 5
Max Minutes After Meridian: 6
AutoFocus After Flip: True
Recenter: True
Use SideOfPier: False
Settle Time: 30
2026-09-15T21:29:32.5388|INFO|MeridianFlipVM.cs|StopAutoguider|348|Meridian Flip - Stopping Autoguider
2026-09-15T21:29:34.4901|INFO|MeridianFlipVM.cs|PassMeridian|257|Meridian Flip - Stopping tracking to pass meridian
2026-09-15T21:29:35.8389|WARNING|DeviceUpdateTimer.cs|Run|115|Mount value update cycle took longer than the device poll interval (Total: 2.98s > 2s; Poll: 00:00:02.9834623; Update: 00:00:00.0001459)
2026-09-15T21:29:36.3019|INFO|HocusFocusStarDetection.cs|Detect|413|Average HFR: 2.7027577970256504, HFR MAD: 0.3276638816393991, Detected Stars 610, Region: 0
2026-09-15T21:29:36.7649|INFO|BaseImageData.cs|SaveToDisk|346|Saved image to D:\Images NINA\Target\LIGHT_1x1_600.00s_15_132_M 27_Celestron C8__-9.96C_L-Pro_0331_2026-09-15_21-19-26_FWHM_4.26_Fok_40189.xisf
2026-09-15T21:29:36.7650|INFO|ImageSaveController.cs|DoWork|97|Successfully saved file at D:\Images NINA\Target\LIGHT_1x1_600.00s_15_132_M 27_Celestron C8__-9.96C_L-Pro_0331_2026-09-15_21-19-26_FWHM_4.26_Fok_40189.xisf. Duration Total: 00:00:04.0897972; BeforeSave: 00:00:00.0000829; BeforeFinalizeImageSaved: 00:00:04.0236577; FinalizeSaveTime: 00:00:00.0660562
2026-09-15T21:40:30.3500|INFO|MeridianFlipVM.cs|PassMeridian|269|Meridian Flip - Resuming tracking after passing meridian
2026-09-15T21:40:30.3601|INFO|MeridianFlipVM.cs|DoFlip|124|Meridian Flip - Scope will flip to coordinates RA: 19:59:36 Dec: 22° 43' 16" Epoch: J2000
2026-09-15T21:40:30.3958|INFO|AscomTelescope.cs|MeridianFlip|351|Current side of pier is pierWest, which should be a counter weight down position already. Setting side of pier will be done after the first slew attempt if the mount did not flip the pier side by then.
2026-09-15T21:40:30.3959|INFO|AscomTelescope.cs|MeridianFlip|365|Slewing to coordinates RA: 20:00:47; Dec: 22° 47' 52"; Epoch: JNOW. Attempt 1 / 20
2026-09-15T21:40:34.1976|WARNING|DeviceUpdateTimer.cs|Run|115|Dome value update cycle took longer than the device poll interval (Total: 3.13s > 2s; Poll: 00:00:00.0031795; Update: 00:00:03.1295516)
2026-09-15T21:41:39.4547|INFO|AscomTelescope.cs|MeridianFlip|380|Finished slewing to coordinates. Slew was successful. Setting pier side was successful
2026-09-15T21:41:42.8886|INFO|MeridianFlipVM.cs|Settle|335|Meridian Flip - Settling scope for 30
2026-09-15T21:42:11.9939|INFO|MeridianFlipVM.cs|AutoFocus|231|Meridian Flip - Running Autofocus
2026-09-15T21:42:12.2253|INFO|FocuserMediator.cs|BroadcastAutoFocusRunStarting|92|Autofocus starting notification received
2026-09-15T21:42:12.2958|INFO|PHD2Guider.cs|StopGuiding|704|Phd2 - Stop Guiding skipped, as the app is already in state Stopped
2026-09-15T21:42:12.2960|INFO|AutoFocusEngine.cs|RunAutoFocus|929|Starting AutoFocus with initial position 40189
2026-09-15T21:42:12.4112|INFO|CameraVM.cs|Capture|742|Starting Exposure - Exposure Time: 6s; Filter: L-Pro; Gain: 15; Offset 132; Binning: 2x2;
2026-09-15T21:42:19.7424|INFO|AutoFocusEngine.cs|StartBlindFocusPoints|769|Waiting on initial HFR analysis
2026-09-15T21:42:19.7876|INFO|FocuserVM.cs|MoveFocuserInternal|216|Moving Focuser to position 40989
2026-09-15T21:42:20.4797|INFO|HocusFocusStarDetection.cs|Detect|413|Average HFR: 1.7272116069612953, HFR MAD: 0.11198257800474143, Detected Stars 281, Region: 0
2026-09-15T21:42:29.0848|INFO|CameraVM.cs|Capture|742|Starting Exposure - Exposure Time: 6s; Filter: L-Pro; Gain: 15; Offset 132; Binning: 2x2;
2026-09-15T21:42:36.3942|INFO|FocuserVM.cs|MoveFocuserInternal|216|Moving Focuser to position 40789
2026-09-15T21:42:37.0072|INFO|HocusFocusStarDetection.cs|Detect|413|Average HFR: 1.6871180078107426, HFR MAD: 0.10704569562380128, Detected Stars 242, Region: 0
2026-09-15T21:42:41.7223|INFO|CameraVM.cs|Capture|742|Starting Exposure - Exposure Time: 6s; Filter: L-Pro; Gain: 15; Offset 132; Binning: 2x2;
2026-09-15T21:42:49.0518|INFO|FocuserVM.cs|MoveFocuserInternal|216|Moving Focuser to position 40589
2026-09-15T21:42:49.7204|INFO|HocusFocusStarDetection.cs|Detect|413|Average HFR: 1.6571295459056001, HFR MAD: 0.10131269015438082, Detected Stars 200, Region: 0
2026-09-15T21:42:55.1570|INFO|CameraVM.cs|Capture|742|Starting Exposure - Exposure Time: 6s; Filter: L-Pro; Gain: 15; Offset 132; Binning: 2x2;
2026-09-15T21:43:02.4638|INFO|FocuserVM.cs|MoveFocuserInternal|216|Moving Focuser to position 40389
2026-09-15T21:43:03.0711|INFO|HocusFocusStarDetection.cs|Detect|413|Average HFR: 1.639470496677613, HFR MAD: 0.08160440874914565, Detected Stars 179, Region: 0
2026-09-15T21:43:09.0648|INFO|CameraVM.cs|Capture|742|Starting Exposure - Exposure Time: 6s; Filter: L-Pro; Gain: 15; Offset 132; Binning: 2x2;
2026-09-15T21:43:16.4498|INFO|AutoFocusEngine.cs|StartBlindFocusPoints|797|Waiting on initial focuser move analyses
2026-09-15T21:43:17.0945|INFO|HocusFocusStarDetection.cs|Detect|413|Average HFR: 1.6461572305977001, HFR MAD: 0.09129433759196459, Detected Stars 206, Region: 0
2026-09-15T21:43:17.1367|INFO|FocuserVM.cs|MoveFocuserInternal|216|Moving Focuser to position 40189
2026-09-15T21:43:23.0026|INFO|CameraVM.cs|Capture|742|Starting Exposure - Exposure Time: 6s; Filter: L-Pro; Gain: 15; Offset 132; Binning: 2x2;
2026-09-15T21:43:30.3101|INFO|AutoFocusEngine.cs|StartBlindFocusPoints|870|Waiting on next left movement analysis
2026-09-15T21:43:30.9659|INFO|HocusFocusStarDetection.cs|Detect|413|Average HFR: 1.6489629095013758, HFR MAD: 0.08356178607126985, Detected Stars 191, Region: 0
2026-09-15T21:43:31.0287|INFO|FocuserVM.cs|MoveFocuserInternal|216|Moving Focuser to position 39989
2026-09-15T21:43:37.0205|INFO|CameraVM.cs|Capture|742|Starting Exposure - Exposure Time: 6s; Filter: L-Pro; Gain: 15; Offset 132; Binning: 2x2;
2026-09-15T21:43:44.3297|INFO|AutoFocusEngine.cs|StartBlindFocusPoints|870|Waiting on next left movement analysis
2026-09-15T21:43:44.9640|INFO|HocusFocusStarDetection.cs|Detect|413|Average HFR: 1.7111617931858691, HFR MAD: 0.10306406804356039, Detected Stars 256, Region: 0
2026-09-15T21:43:45.0161|INFO|FocuserVM.cs|MoveFocuserInternal|216|Moving Focuser to position 39789
2026-09-15T21:43:51.0246|INFO|CameraVM.cs|Capture|742|Starting Exposure - Exposure Time: 6s; Filter: L-Pro; Gain: 15; Offset 132; Binning: 2x2;
2026-09-15T21:43:58.3337|INFO|AutoFocusEngine.cs|StartBlindFocusPoints|870|Waiting on next left movement analysis
2026-09-15T21:43:58.9208|INFO|HocusFocusStarDetection.cs|Detect|413|Average HFR: 1.8234662078829784, HFR MAD: 0.13830506378820084, Detected Stars 308, Region: 0
2026-09-15T21:43:58.9481|INFO|FocuserVM.cs|MoveFocuserInternal|216|Moving Focuser to position 39589
2026-09-15T21:44:05.0474|INFO|CameraVM.cs|Capture|742|Starting Exposure - Exposure Time: 6s; Filter: L-Pro; Gain: 15; Offset 132; Binning: 2x2;
2026-09-15T21:44:12.3587|INFO|AutoFocusEngine.cs|StartBlindFocusPoints|870|Waiting on next left movement analysis
2026-09-15T21:44:12.9576|INFO|HocusFocusStarDetection.cs|Detect|413|Average HFR: 2.076574503243864, HFR MAD: 0.1745755027800593, Detected Stars 323, Region: 0
2026-09-15T21:44:13.0664|INFO|FocuserVM.cs|MoveFocuserInternal|216|Moving Focuser to position 39389
2026-09-15T21:44:19.0573|INFO|CameraVM.cs|Capture|742|Starting Exposure - Exposure Time: 6s; Filter: L-Pro; Gain: 15; Offset 132; Binning: 2x2;
2026-09-15T21:44:26.3719|INFO|AutoFocusEngine.cs|StartBlindFocusPoints|870|Waiting on next left movement analysis
2026-09-15T21:44:27.1242|INFO|HocusFocusStarDetection.cs|Detect|413|Average HFR: 2.308967282385913, HFR MAD: 0.23135801517463106, Detected Stars 324, Region: 0
2026-09-15T21:44:27.1526|INFO|FocuserVM.cs|MoveFocuserInternal|216|Moving Focuser to position 39189
2026-09-15T21:44:33.0149|INFO|CameraVM.cs|Capture|742|Starting Exposure - Exposure Time: 6s; Filter: L-Pro; Gain: 15; Offset 132; Binning: 2x2;
2026-09-15T21:44:40.3304|INFO|AutoFocusEngine.cs|StartBlindFocusPoints|870|Waiting on next left movement analysis
2026-09-15T21:44:40.9939|INFO|HocusFocusStarDetection.cs|Detect|413|Average HFR: 2.5778711500445715, HFR MAD: 0.2673747838136711, Detected Stars 290, Region: 0
2026-09-15T21:44:41.0456|INFO|FocuserVM.cs|MoveFocuserInternal|216|Moving Focuser to position 41189
2026-09-15T21:44:55.3314|INFO|CameraVM.cs|Capture|742|Starting Exposure - Exposure Time: 6s; Filter: L-Pro; Gain: 15; Offset 132; Binning: 2x2;
2026-09-15T21:45:02.6382|INFO|AutoFocusEngine.cs|StartBlindFocusPoints|884|Waiting on next right movement analysis
2026-09-15T21:45:03.1822|INFO|HocusFocusStarDetection.cs|Detect|413|Average HFR: 1.788492948041739, HFR MAD: 0.1390880490682178, Detected Stars 300, Region: 0
2026-09-15T21:45:03.2097|INFO|AutoFocusEngine.cs|StartBlindFocusPoints|823|Enough left trend points (4) with an established minimum (40589) to queue remaining right focus points up to 41389
2026-09-15T21:45:03.2101|INFO|FocuserVM.cs|MoveFocuserInternal|216|Moving Focuser to position 41389
2026-09-15T21:45:09.1004|INFO|CameraVM.cs|Capture|742|Starting Exposure - Exposure Time: 6s; Filter: L-Pro; Gain: 15; Offset 132; Binning: 2x2;
2026-09-15T21:45:16.4101|INFO|AutoFocusEngine.cs|StartBlindFocusPoints|896|Waiting on remaining AutoFocus analysis tasks
2026-09-15T21:45:17.1649|INFO|HocusFocusStarDetection.cs|Detect|413|Average HFR: 1.9220448609285727, HFR MAD: 0.16804931424663216, Detected Stars 325, Region: 0
2026-09-15T21:45:17.1964|INFO|FocuserVM.cs|MoveFocuserInternal|216|Moving Focuser to position 40335
2026-09-15T21:45:27.3607|INFO|AutoFocusEngine.cs|ValidateCalculatedFocusPosition|1141|Validating HFR at final focus position 40335
2026-09-15T21:45:27.4774|INFO|CameraVM.cs|Capture|742|Starting Exposure - Exposure Time: 6s; Filter: L-Pro; Gain: 15; Offset 132; Binning: 2x2;
2026-09-15T21:45:35.5683|INFO|HocusFocusStarDetection.cs|Detect|413|Average HFR: 1.6813790902250045, HFR MAD: 0.10935899972740382, Detected Stars 248, Region: 0
2026-09-15T21:45:35.5738|INFO|HocusFocusVM.cs|AutoFocusEngine_Completed|473|AutoFocus completed with focuser starting at 40189 and ending at 40335
2026-09-15T21:45:35.5766|INFO|FocuserMediator.cs|BroadcastSuccessfulAutoFocusRun|46|Autofocus notification received - Temperature 21.25
2026-09-15T21:45:35.7030|INFO|AutoFocusEngine.cs|PerformPostAutoFocusActions|1022|Re-enabling temperature compensation after AutoFocus
2026-09-15T21:45:35.7689|INFO|MeridianFlipVM.cs|Recenter|278|Meridian Flip - Recenter after meridian flip
2026-09-15T21:45:36.0008|INFO|CameraVM.cs|Capture|742|Starting Exposure - Exposure Time: 15s; Filter: L-Pro; Gain: 15; Offset 132; Binning: 1x1;
2026-09-15T21:45:55.2157|WARNING|DeviceUpdateTimer.cs|Run|115|Camera value update cycle took longer than the device poll interval (Total: 2.42s > 2s; Poll: 00:00:02.4163440; Update: 00:00:00.0002130)
2026-09-15T21:45:55.8917|INFO|ImageSolver.cs|Solve|41|Platesolving with parameters: FocalLength: 1260 PixelSize: 4.54 SearchRadius: 30 BlindFailoverEnabled: True Regions: 5000 DownSampleFactor: 2 MaxObjects: 500 Reference Coordinates RA: 19:59:36 Dec: 22° 43' 16" Epoch: J2000
2026-09-15T21:45:56.1493|INFO|BaseImageData.cs|SaveToDisk|346|Saved image to C:\Users\PrimaLuceLab\AppData\Local\NINA\PlateSolver\3jiq4edq.i3h.fits
2026-09-15T21:45:58.7695|INFO|ImageSolver.cs|Solve|54|Platesolve successful: Coordinates: RA: 19:59:33; Dec: 20° 35' 53"; Epoch: J2000 - Position Angle: 73.19232613410065
2026-09-15T21:45:58.7715|INFO|CenteringSolver.cs|Center|99|Centering Solver - Scope Position: RA: 20:00:48; Dec: 22° 49' 51"; Epoch: JNOW; Offset: RA: 00:00:00; Dec: 00° 00' 00"; Distance: 00° 00' 00"; Bearing: 00° 00' 00"; Centering Coordinates: RA: 20:00:47; Dec: 22° 47' 52"; Epoch: JNOW; Solved: RA: 20:00:45; Dec: 20° 40' 28"; Epoch: JNOW; Separation RA: 00:00:02; Dec: 02° 07' 24"; Distance: 02° 07' 24"; Bearing: 179° 49' 47"; Threshold: 1
2026-09-15T21:45:58.9971|INFO|TelescopeVM.cs|Sync|777|Syncing scope from RA: 20:00:48; Dec: 22° 49' 51"; Epoch: JNOW to RA: 20:00:45; Dec: 20° 40' 28"; Epoch: JNOW
2026-09-15T21:46:03.9999|INFO|CenteringSolver.cs|Center|132|Slewing to target after sync. Current Position: RA: 20:00:45; Dec: 20° 41' 14"; Epoch: JNOW; Target coordinates: RA: 20:00:47; Dec: 22° 47' 52"; Epoch: JNOW; Offset RA: 00:00:00; Dec: 00° 00' 00"; Distance: 00° 00' 00"; Bearing: 00° 00' 00"
2026-09-15T21:46:04.0129|INFO|TelescopeVM.cs|SlewAsyncInternal|910|Slewing from RA: 20:00:45; Dec: 20° 41' 14"; Epoch: JNOW to RA: 20:00:47; Dec: 22° 47' 52"; Epoch: JNOW - Alt: 70° 11' 33"; Az: 187° 17' 07"
2026-09-15T21:46:18.4251|INFO|CameraVM.cs|Capture|742|Starting Exposure - Exposure Time: 15s; Filter: L-Pro; Gain: 15; Offset 132; Binning: 1x1;
2026-09-15T21:46:38.3640|INFO|ImageSolver.cs|Solve|41|Platesolving with parameters: FocalLength: 1260 PixelSize: 4.54 SearchRadius: 30 BlindFailoverEnabled: True Regions: 5000 DownSampleFactor: 2 MaxObjects: 500 Reference Coordinates RA: 19:59:36 Dec: 22° 43' 16" Epoch: J2000
2026-09-15T21:46:38.6724|INFO|BaseImageData.cs|SaveToDisk|346|Saved image to C:\Users\PrimaLuceLab\AppData\Local\NINA\PlateSolver\h3snhrx5.wbw.fits
2026-09-15T21:46:40.3957|INFO|ImageSolver.cs|Solve|54|Platesolve successful: Coordinates: RA: 19:59:36; Dec: 22° 48' 26"; Epoch: J2000 - Position Angle: 73.19846476780032
2026-09-15T21:46:40.3977|INFO|CenteringSolver.cs|Center|99|Centering Solver - Scope Position: RA: 20:00:47; Dec: 22° 48' 47"; Epoch: JNOW; Offset: RA: 00:00:00; Dec: 00° 00' 00"; Distance: 00° 00' 00"; Bearing: 00° 00' 00"; Centering Coordinates: RA: 20:00:47; Dec: 22° 47' 52"; Epoch: JNOW; Solved: RA: 20:00:46; Dec: 22° 53' 02"; Epoch: JNOW; Separation RA: 00:00:01; Dec: -00° 05' 10"; Distance: 00° 05' 10"; Bearing: 01° 46' 43"; Threshold: 1
2026-09-15T21:46:40.5115|INFO|TelescopeVM.cs|Sync|777|Syncing scope from RA: 20:00:47; Dec: 22° 48' 47"; Epoch: JNOW to RA: 20:00:46; Dec: 22° 53' 02"; Epoch: JNOW
2026-09-15T21:46:45.5182|INFO|CenteringSolver.cs|Center|132|Slewing to target after sync. Current Position: RA: 20:00:46; Dec: 22° 53' 50"; Epoch: JNOW; Target coordinates: RA: 20:00:47; Dec: 22° 47' 52"; Epoch: JNOW; Offset RA: 00:00:00; Dec: 00° 00' 00"; Distance: 00° 00' 00"; Bearing: 00° 00' 00"
2026-09-15T21:46:45.6288|INFO|TelescopeVM.cs|SlewAsyncInternal|910|Slewing from RA: 20:00:46; Dec: 22° 53' 50"; Epoch: JNOW to RA: 20:00:47; Dec: 22° 47' 52"; Epoch: JNOW - Alt: 70° 10' 32"; Az: 187° 45' 16"
2026-09-15T21:46:59.0950|INFO|CameraVM.cs|Capture|742|Starting Exposure - Exposure Time: 15s; Filter: L-Pro; Gain: 15; Offset 132; Binning: 1x1;
2026-09-15T21:47:18.9792|INFO|ImageSolver.cs|Solve|41|Platesolving with parameters: FocalLength: 1260 PixelSize: 4.54 SearchRadius: 30 BlindFailoverEnabled: True Regions: 5000 DownSampleFactor: 2 MaxObjects: 500 Reference Coordinates RA: 19:59:36 Dec: 22° 43' 16" Epoch: J2000
2026-09-15T21:47:19.3336|INFO|BaseImageData.cs|SaveToDisk|346|Saved image to C:\Users\PrimaLuceLab\AppData\Local\NINA\PlateSolver\yxaez3lx.4zy.fits
2026-09-15T21:47:21.0936|INFO|ImageSolver.cs|Solve|54|Platesolve successful: Coordinates: RA: 19:59:37; Dec: 22° 42' 57"; Epoch: J2000 - Position Angle: 73.20347800263403
2026-09-15T21:47:21.0956|INFO|CenteringSolver.cs|Center|99|Centering Solver - Scope Position: RA: 20:00:47; Dec: 22° 48' 47"; Epoch: JNOW; Offset: RA: 00:00:00; Dec: 00° 00' 00"; Distance: 00° 00' 00"; Bearing: 00° 00' 00"; Centering Coordinates: RA: 20:00:47; Dec: 22° 47' 52"; Epoch: JNOW; Solved: RA: 20:00:47; Dec: 22° 47' 33"; Epoch: JNOW; Separation RA: -00:00:00; Dec: 00° 00' 19"; Distance: 00° 00' 19"; Bearing: -172° 03' 45"; Threshold: 1
2026-09-15T21:47:21.0957|INFO|CenteringSolver.cs|Center|165|Restoring filter to L-Pro after centering
2026-09-15T21:47:21.2168|INFO|MeridianFlipVM.cs|SelectNewGuideStar|329|Meridian Flip - Selecting new guide star
2026-09-15T21:47:39.3435|INFO|MeridianFlipVM.cs|ResumeAutoguider|321|Meridian Flip - Resuming Autoguider
2026-09-15T21:47:39.4114|INFO|PHD2Guider.cs|TryStartGuideCommand|641|Phd2 - Requesting to start guiding. Recalibrate: False
2026-09-15T21:48:21.6175|ERROR|PHD2Guider.cs|ProcessEvent|937|PHD2 error:timed-out waiting for guider to settle
2026-09-15T21:48:21.7564|INFO|MeridianFlipVM.cs|Settle|335|Meridian Flip - Settling scope for 30
2026-09-15T21:48:50.9849|INFO|MeridianFlipVM.cs|DoMeridianFlip|221|Meridian Flip - Exiting meridian flip
2026-09-15T21:48:51.1285|INFO|SequenceTrigger.cs|Run|114|Starting Trigger: RestoreGuiding
2026-09-15T21:48:51.1288|INFO|SequenceItem.cs|Run|208|Starting Category: * Set di Istruzioni *, Container: NINA.Sequencer.Container.SequentialContainer, Strategy: SequentialStrategy, Items[CREATED]: 1
2026-09-15T21:48:51.1288|INFO|SequenceItem.cs|Run|208|Starting Category: Guida, Item: StartGuiding
2026-09-15T21:48:51.1617|INFO|PHD2Guider.cs|StartGuidingPrivate|504|Phd2 - App is already guiding. Skipping start guiding
2026-09-15T21:48:51.1622|INFO|SequenceItem.cs|Run|254|Finishing Category: Guida, Item: StartGuiding
2026-09-15T21:48:51.1623|INFO|SequenceItem.cs|Run|254|Finishing Category: * Set di Istruzioni *, Container: NINA.Sequencer.Container.SequentialContainer, Strategy: SequentialStrategy, Items[FINISHED]: 1
2026-09-15T21:48:51.1624|INFO|SequenceItem.cs|Run|208|Starting Category: Fotocamera, Item: TakeExposure, ExposureTime 600, Gain 15, Offset 132, ImageType LIGHT, Binning 1x1
2026-09-15T21:48:51.1629|INFO|CameraVM.cs|Capture|742|Starting Exposure - Exposure Time: 600s; Filter: ; Gain: 15; Offset 132; Binning: 1x1;
2026-09-15T21:56:30.2836|WARNING|DeviceUpdateTimer.cs|Run|115|Dome value update cycle took longer than the device poll interval (Total: 3.28s > 2s; Poll: 00:00:00.0029722; Update: 00:00:03.2732585)
2026-09-15T21:58:57.4050|WARNING|DeviceUpdateTimer.cs|Run|115|Camera value update cycle took longer than the device poll interval (Total: 9.93s > 2s; Poll: 00:00:09.9262206; Update: 00:00:00.0001121)
2026-09-15T21:58:57.4501|INFO|SequenceItem.cs|Run|254|Finishing Category: Fotocamera, Item: TakeExposure, ExposureTime 600, Gain 15, Offset 132, ImageType LIGHT, Binning 1x1
2026-09-15T21:58:57.4508|INFO|MeridianFlipTrigger.cs|ShouldTrigger|211|Meridian Flip - Flip for the current target already happened at 09/15/2026 21:29:32. Skip flip evaluation
2026-09-15T21:58:57.4509|INFO|SequenceItem.cs|Run|208|Starting Category: Ruota porta filtri, Item: SwitchFilter, Filter: L-Pro
2026-09-15T21:58:57.5677|INFO|SequenceItem.cs|Run|254|Finishing Category: Ruota porta filtri, Item: SwitchFilter, Filter: L-Pro
2026-09-15T21:58:57.5681|INFO|SequenceTrigger.cs|Run|114|Starting Trigger: DitherAfterExposures, After Exposures: 1
2026-09-15T21:58:57.5682|INFO|SequenceItem.cs|Run|208|Starting Category: * Set di Istruzioni *, Container: NINA.Sequencer.Container.SequentialContainer, Strategy: SequentialStrategy, Items[CREATED]: 1
2026-09-15T21:58:57.5682|INFO|SequenceItem.cs|Run|208|Starting Category: Guida, Item: Dither
2026-09-15T21:59:01.6042|INFO|HocusFocusStarDetection.cs|Detect|413|Average HFR: 2.471952375904554, HFR MAD: 0.29129941579545493, Detected Stars 722, Region: 0
2026-09-15T21:59:02.0267|INFO|BaseImageData.cs|SaveToDisk|346|Saved image to D:\Images NINA\Target\LIGHT_1x1_600.00s_15_132_M 27_Celestron C8__-9.96C_L-Pro_0332_2026-09-15_21-48-51_FWHM_3.85_Fok_40335.xisf
2026-09-15T21:59:02.0268|INFO|ImageSaveController.cs|DoWork|97|Successfully saved file at D:\Images NINA\Target\LIGHT_1x1_600.00s_15_132_M 27_Celestron C8__-9.96C_L-Pro_0332_2026-09-15_21-48-51_FWHM_3.85_Fok_40335.xisf. Duration Total: 00:00:04.2911520; BeforeSave: 00:00:00.0001469; BeforeFinalizeImageSaved: 00:00:04.2596943; FinalizeSaveTime: 00:00:00.0313104
2026-09-15T21:59:39.7720|INFO|SequenceItem.cs|Run|254|Finishing Category: Guida, Item: Dither
2026-09-15T21:59:39.7724|INFO|SequenceItem.cs|Run|254|Finishing Category: * Set di Istruzioni *, Container: NINA.Sequencer.Container.SequentialContainer, Strategy: SequentialStrategy, Items[FINISHED]: 1
2026-09-15T21:59:39.7729|INFO|MeridianFlipTrigger.cs|ShouldTrigger|211|Meridian Flip - Flip for the current target already happened at 09/15/2026 21:29:32. Skip flip evaluation
2026-09-15T21:59:39.7730|INFO|SequenceTrigger.cs|Run|114|Starting Trigger: RestoreGuiding
2026-09-15T21:59:39.7730|INFO|SequenceItem.cs|Run|208|Starting Category: * Set di Istruzioni *, Container: NINA.Sequencer.Container.SequentialContainer, Strategy: SequentialStrategy, Items[CREATED]: 1
2026-09-15T21:59:39.7731|INFO|SequenceItem.cs|Run|208|Starting Category: Guida, Item: StartGuiding
2026-09-15T21:59:39.8162|INFO|PHD2Guider.cs|StartGuidingPrivate|504|Phd2 - App is already guiding. Skipping start guiding
2026-09-15T21:59:39.8184|INFO|SequenceItem.cs|Run|254|Finishing Category: Guida, Item: StartGuiding
2026-09-15T21:59:39.8186|INFO|SequenceItem.cs|Run|254|Finishing Category: * Set di Istruzioni *, Container: NINA.Sequencer.Container.SequentialContainer, Strategy: SequentialStrategy, Items[FINISHED]: 1
2026-09-15T21:59:39.8187|INFO|SequenceItem.cs|Run|208|Starting Category: Fotocamera, Item: TakeExposure, ExposureTime 600, Gain 15, Offset 132, ImageType LIGHT, Binning 1x1
2026-09-15T21:59:39.8204|INFO|CameraVM.cs|Capture|742|Starting Exposure - Exposure Time: 600s; Filter: ; Gain: 15; Offset 132; Binning: 1x1;
2026-09-15T21:59:47.6817|WARNING|DeviceUpdateTimer.cs|Run|115|Mount value update cycle took longer than the device poll interval (Total: 2.38s > 2s; Poll: 00:00:02.3840336; Update: 00:00:00.0001234)
2026-09-15T22:09:46.0594|WARNING|DeviceUpdateTimer.cs|Run|115|Camera value update cycle took longer than the device poll interval (Total: 11.12s > 2s; Poll: 00:00:11.1168598; Update: 00:00:00.0001289)
2026-09-15T22:09:46.0614|INFO|SequenceItem.cs|Run|254|Finishing Category: Fotocamera, Item: TakeExposure, ExposureTime 600, Gain 15, Offset 132, ImageType LIGHT, Binning 1x1
2026-09-15T22:09:46.0622|INFO|MeridianFlipTrigger.cs|ShouldTrigger|211|Meridian Flip - Flip for the current target already happened at 09/15/2026 21:29:32. Skip flip evaluation
2026-09-15T22:09:46.0623|INFO|SequenceItem.cs|Run|208|Starting Category: Ruota porta filtri, Item: SwitchFilter, Filter: L-Pro
2026-09-15T22:09:46.2214|INFO|SequenceItem.cs|Run|254|Finishing Category: Ruota porta filtri, Item: SwitchFilter, Filter: L-Pro
2026-09-15T22:09:46.2224|INFO|SequenceTrigger.cs|Run|114|Starting Trigger: DitherAfterExposures, After Exposures: 1
2026-09-15T22:09:46.2226|INFO|SequenceItem.cs|Run|208|Starting Category: * Set di Istruzioni *, Container: NINA.Sequencer.Container.SequentialContainer, Strategy: SequentialStrategy, Items[CREATED]: 1
2026-09-15T22:09:46.2227|INFO|SequenceItem.cs|Run|208|Starting Category: Guida, Item: Dither
2026-09-15T22:09:46.3735|INFO|ImageSolver.cs|Solve|41|Platesolving with parameters: FocalLength: 1260 PixelSize: 4.54 SearchRadius: 30 BlindFailoverEnabled: True Regions: 5000 DownSampleFactor: 2 MaxObjects: 500 Reference Coordinates RA: 19:59:33 Dec: 22° 52' 23" Epoch: J2000
2026-09-15T22:09:47.3136|INFO|BaseImageData.cs|SaveToDisk|346|Saved image to C:\Users\PrimaLuceLab\AppData\Local\NINA\PlateSolver\niylbzov.w52.fits
2026-09-15T22:09:50.5473|INFO|HocusFocusStarDetection.cs|Detect|413|Average HFR: 2.538539159894738, HFR MAD: 0.3060795702025403, Detected Stars 693, Region: 0
2026-09-15T22:09:51.2505|INFO|BaseImageData.cs|SaveToDisk|346|Saved image to D:\Images NINA\Target\LIGHT_1x1_600.00s_15_132_M 27_Celestron C8__-9.96C_L-Pro_0333_2026-09-15_21-59-39_FWHM_3.97_Fok_40335.xisf
2026-09-15T22:09:51.2506|INFO|ImageSaveController.cs|DoWork|97|Successfully saved file at D:\Images NINA\Target\LIGHT_1x1_600.00s_15_132_M 27_Celestron C8__-9.96C_L-Pro_0333_2026-09-15_21-59-39_FWHM_3.97_Fok_40335.xisf. Duration Total: 00:00:04.8800446; BeforeSave: 00:00:00.0000964; BeforeFinalizeImageSaved: 00:00:04.8168665; FinalizeSaveTime: 00:00:00.0630813
2026-09-15T22:09:52.3113|INFO|ImageSolver.cs|Solve|54|Platesolve successful: Coordinates: RA: 19:59:36; Dec: 22° 42' 56"; Epoch: J2000 - Position Angle: 73.20121917368687
2026-09-15T22:09:52.3121|INFO|CenterAfterDriftTrigger.cs|PlatesolvingImageFollower_PropertyChanged|189|Drift: 0.3410741019357307 / 3 arc minutes
2026-09-15T22:10:29.2030|ERROR|PHD2Guider.cs|ProcessEvent|937|PHD2 error:timed-out waiting for guider to settle
2026-09-15T22:10:29.6909|INFO|SequenceItem.cs|Run|254|Finishing Category: Guida, Item: Dither
2026-09-15T22:10:29.6911|INFO|SequenceItem.cs|Run|254|Finishing Category: * Set di Istruzioni *, Container: NINA.Sequencer.Container.SequentialContainer, Strategy: SequentialStrategy, Items[FINISHED]: 1
2026-09-15T22:10:29.6916|INFO|MeridianFlipTrigger.cs|ShouldTrigger|211|Meridian Flip - Flip for the current target already happened at 09/15/2026 21:29:32. Skip flip evaluation
2026-09-15T22:10:29.6916|INFO|SequenceTrigger.cs|Run|114|Starting Trigger: RestoreGuiding
2026-09-15T22:10:29.6917|INFO|SequenceItem.cs|Run|208|Starting Category: * Set di Istruzioni *, Container: NINA.Sequencer.Container.SequentialContainer, Strategy: SequentialStrategy, Items[CREATED]: 1
2026-09-15T22:10:29.6918|INFO|SequenceItem.cs|Run|208|Starting Category: Guida, Item: StartGuiding
2026-09-15T22:10:29.7300|INFO|PHD2Guider.cs|StartGuidingPrivate|504|Phd2 - App is already guiding. Skipping start guiding
2026-09-15T22:10:29.7304|INFO|SequenceItem.cs|Run|254|Finishing Category: Guida, Item: StartGuiding
2026-09-15T22:10:29.7305|INFO|SequenceItem.cs|Run|254|Finishing Category: * Set di Istruzioni *, Container: NINA.Sequencer.Container.SequentialContainer, Strategy: SequentialStrategy, Items[FINISHED]: 1
2026-09-15T22:10:29.7535|INFO|SequenceItem.cs|Run|208|Starting Category: Fotocamera, Item: TakeExposure, ExposureTime 600, Gain 15, Offset 132, ImageType LIGHT, Binning 1x1
2026-09-15T22:10:29.7540|INFO|CameraVM.cs|Capture|742|Starting Exposure - Exposure Time: 600s; Filter: ; Gain: 15; Offset 132; Binning: 1x1;
2026-09-15T22:20:35.9554|WARNING|DeviceUpdateTimer.cs|Run|115|Camera value update cycle took longer than the device poll interval (Total: 11.01s > 2s; Poll: 00:00:11.0099232; Update: 00:00:00.0001833)
2026-09-15T22:20:35.9564|INFO|SequenceItem.cs|Run|254|Finishing Category: Fotocamera, Item: TakeExposure, ExposureTime 600, Gain 15, Offset 132, ImageType LIGHT, Binning 1x1
2026-09-15T22:20:35.9571|INFO|MeridianFlipTrigger.cs|ShouldTrigger|211|Meridian Flip - Flip for the current target already happened at 09/15/2026 21:29:32. Skip flip evaluation
2026-09-15T22:20:35.9571|INFO|SequenceItem.cs|Run|208|Starting Category: Ruota porta filtri, Item: SwitchFilter, Filter: L-Pro
2026-09-15T22:20:36.1547|INFO|SequenceItem.cs|Run|254|Finishing Category: Ruota porta filtri, Item: SwitchFilter, Filter: L-Pro
2026-09-15T22:20:36.1551|INFO|SequenceTrigger.cs|Run|114|Starting Trigger: DitherAfterExposures, After Exposures: 1
2026-09-15T22:20:36.1552|INFO|SequenceItem.cs|Run|208|Starting Category: * Set di Istruzioni *, Container: NINA.Sequencer.Container.SequentialContainer, Strategy: SequentialStrategy, Items[CREATED]: 1
2026-09-15T22:20:36.1552|INFO|SequenceItem.cs|Run|208|Starting Category: Guida, Item: Dither
2026-09-15T22:20:39.5084|INFO|HocusFocusStarDetection.cs|Detect|413|Average HFR: 2.6011293731319025, HFR MAD: 0.3166954887344988, Detected Stars 666, Region: 0
2026-09-15T22:20:40.0209|INFO|BaseImageData.cs|SaveToDisk|346|Saved image to D:\Images NINA\Target\LIGHT_1x1_600.00s_15_132_M 27_Celestron C8__-9.91C_L-Pro_0334_2026-09-15_22-10-29_FWHM_4.12_Fok_40335.xisf
2026-09-15T22:20:40.0210|INFO|ImageSaveController.cs|DoWork|97|Successfully saved file at D:\Images NINA\Target\LIGHT_1x1_600.00s_15_132_M 27_Celestron C8__-9.91C_L-Pro_0334_2026-09-15_22-10-29_FWHM_4.12_Fok_40335.xisf. Duration Total: 00:00:03.7194518; BeforeSave: 00:00:00.0149092; BeforeFinalizeImageSaved: 00:00:03.6732104; FinalizeSaveTime: 00:00:00.0313318
2026-09-15T22:21:18.2979|ERROR|PHD2Guider.cs|ProcessEvent|937|PHD2 error:timed-out waiting for guider to settle
2026-09-15T22:21:18.7698|INFO|SequenceItem.cs|Run|254|Finishing Category: Guida, Item: Dither
2026-09-15T22:21:18.7700|INFO|SequenceItem.cs|Run|254|Finishing Category: * Set di Istruzioni *, Container: NINA.Sequencer.Container.SequentialContainer, Strategy: SequentialStrategy, Items[FINISHED]: 1
2026-09-15T22:21:18.7705|INFO|MeridianFlipTrigger.cs|ShouldTrigger|211|Meridian Flip - Flip for the current target already happened at 09/15/2026 21:29:32. Skip flip evaluation
2026-09-15T22:21:18.7706|INFO|SequenceTrigger.cs|Run|114|Starting Trigger: RestoreGuiding
2026-09-15T22:21:18.7706|INFO|SequenceItem.cs|Run|208|Starting Category: * Set di Istruzioni *, Container: NINA.Sequencer.Container.SequentialContainer, Strategy: SequentialStrategy, Items[CREATED]: 1
2026-09-15T22:21:18.7707|INFO|SequenceItem.cs|Run|208|Starting Category: Guida, Item: StartGuiding
2026-09-15T22:21:18.8024|INFO|PHD2Guider.cs|StartGuidingPrivate|504|Phd2 - App is already guiding. Skipping start guiding
2026-09-15T22:21:18.8026|INFO|SequenceItem.cs|Run|254|Finishing Category: Guida, Item: StartGuiding
2026-09-15T22:21:18.8027|INFO|SequenceItem.cs|Run|254|Finishing Category: * Set di Istruzioni *, Container: NINA.Sequencer.Container.SequentialContainer, Strategy: SequentialStrategy, Items[FINISHED]: 1
2026-09-15T22:21:18.8069|INFO|AutofocusAfterHFRIncreaseTrigger.cs|ShouldTrigger|221|Autofocus after HFR change should be triggered, as current HFR trend is 5.25% higher compared to threshold of 5%
2026-09-15T22:21:18.8071|INFO|SequenceTrigger.cs|Run|114|Starting Trigger: AutofocusAfterHFRIncreaseTrigger, Amount: 5
2026-09-15T22:21:18.8086|INFO|SequenceItem.cs|Run|208|Starting Category: * Set di Istruzioni *, Container: NINA.Sequencer.Container.SequentialContainer, Strategy: SequentialStrategy, Items[CREATED]: 1
2026-09-15T22:21:18.8088|INFO|SequenceItem.cs|Run|208|Starting Category: Focheggiatore, Item: RunAutofocus
2026-09-15T22:21:19.0179|INFO|FocuserMediator.cs|BroadcastAutoFocusRunStarting|92|Autofocus starting notification received
2026-09-15T22:21:20.1470|INFO|AutoFocusEngine.cs|RunAutoFocus|929|Starting AutoFocus with initial position 40335
2026-09-15T22:21:20.2710|INFO|CameraVM.cs|Capture|742|Starting Exposure - Exposure Time: 6s; Filter: L-Pro; Gain: 15; Offset 132; Binning: 2x2;
2026-09-15T22:21:27.6070|INFO|AutoFocusEngine.cs|StartBlindFocusPoints|769|Waiting on initial HFR analysis
2026-09-15T22:21:27.6074|INFO|FocuserVM.cs|MoveFocuserInternal|216|Moving Focuser to position 41135
2026-09-15T22:21:28.2537|INFO|HocusFocusStarDetection.cs|Detect|413|Average HFR: 1.6592833584705884, HFR MAD: 0.0863819350085493, Detected Stars 145, Region: 0
2026-09-15T22:21:37.1749|INFO|CameraVM.cs|Capture|742|Starting Exposure - Exposure Time: 6s; Filter: L-Pro; Gain: 15; Offset 132; Binning: 2x2;
2026-09-15T22:21:44.4898|INFO|FocuserVM.cs|MoveFocuserInternal|216|Moving Focuser to position 40935
2026-09-15T22:21:45.1584|INFO|HocusFocusStarDetection.cs|Detect|413|Average HFR: 1.9213829187820435, HFR MAD: 0.16359548259292533, Detected Stars 202, Region: 0
2026-09-15T22:21:49.7700|INFO|CameraVM.cs|Capture|742|Starting Exposure - Exposure Time: 6s; Filter: L-Pro; Gain: 15; Offset 132; Binning: 2x2;
2026-09-15T22:21:57.1128|INFO|FocuserVM.cs|MoveFocuserInternal|216|Moving Focuser to position 40735
2026-09-15T22:21:57.7626|INFO|HocusFocusStarDetection.cs|Detect|413|Average HFR: 1.9306999501901305, HFR MAD: 0.1585166650581269, Detected Stars 211, Region: 0
2026-09-15T22:22:03.1956|INFO|CameraVM.cs|Capture|742|Starting Exposure - Exposure Time: 6s; Filter: L-Pro; Gain: 15; Offset 132; Binning: 2x2;
2026-09-15T22:22:10.5072|INFO|FocuserVM.cs|MoveFocuserInternal|216|Moving Focuser to position 40535
2026-09-15T22:22:11.2202|INFO|HocusFocusStarDetection.cs|Detect|413|Average HFR: 1.834037075998888, HFR MAD: 0.14185657587771705, Detected Stars 191, Region: 0
2026-09-15T22:22:15.8161|INFO|CameraVM.cs|Capture|742|Starting Exposure - Exposure Time: 6s; Filter: L-Pro; Gain: 15; Offset 132; Binning: 2x2;
2026-09-15T22:22:23.1450|INFO|AutoFocusEngine.cs|StartBlindFocusPoints|797|Waiting on initial focuser move analyses
2026-09-15T22:22:23.7776|INFO|HocusFocusStarDetection.cs|Detect|413|Average HFR: 1.8079576987474748, HFR MAD: 0.16053648595803938, Detected Stars 198, Region: 0
2026-09-15T22:22:23.8074|INFO|FocuserVM.cs|MoveFocuserInternal|216|Moving Focuser to position 40335
2026-09-15T22:22:29.2404|INFO|CameraVM.cs|Capture|742|Starting Exposure - Exposure Time: 6s; Filter: L-Pro; Gain: 15; Offset 132; Binning: 2x2;
2026-09-15T22:22:36.5510|INFO|AutoFocusEngine.cs|StartBlindFocusPoints|870|Waiting on next left movement analysis
2026-09-15T22:22:37.1758|INFO|HocusFocusStarDetection.cs|Detect|413|Average HFR: 1.687186512331126, HFR MAD: 0.11379918375031983, Detected Stars 155, Region: 0
2026-09-15T22:22:37.2373|INFO|FocuserVM.cs|MoveFocuserInternal|216|Moving Focuser to position 40135
2026-09-15T22:22:43.2191|INFO|CameraVM.cs|Capture|742|Starting Exposure - Exposure Time: 6s; Filter: L-Pro; Gain: 15; Offset 132; Binning: 2x2;
2026-09-15T22:22:50.5328|INFO|AutoFocusEngine.cs|StartBlindFocusPoints|870|Waiting on next left movement analysis
2026-09-15T22:22:51.1645|INFO|HocusFocusStarDetection.cs|Detect|413|Average HFR: 1.6541210801659751, HFR MAD: 0.07743168121067079, Detected Stars 121, Region: 0
2026-09-15T22:22:51.2700|INFO|FocuserVM.cs|MoveFocuserInternal|216|Moving Focuser to position 39935
2026-09-15T22:22:57.2303|INFO|CameraVM.cs|Capture|742|Starting Exposure - Exposure Time: 6s; Filter: L-Pro; Gain: 15; Offset 132; Binning: 2x2;
2026-09-15T22:23:04.5447|INFO|AutoFocusEngine.cs|StartBlindFocusPoints|870|Waiting on next left movement analysis
2026-09-15T22:23:05.2168|INFO|HocusFocusStarDetection.cs|Detect|413|Average HFR: 1.7609373033852105, HFR MAD: 0.1223365269057115, Detected Stars 192, Region: 0
2026-09-15T22:23:05.3647|INFO|AutoFocusEngine.cs|StartBlindFocusPoints|841|Enough right trend points (4) with an established minimum (40135) to queue remaining left focus points down to 39335
2026-09-15T22:23:05.3659|INFO|FocuserVM.cs|MoveFocuserInternal|216|Moving Focuser to position 39735
2026-09-15T22:23:11.2923|INFO|CameraVM.cs|Capture|742|Starting Exposure - Exposure Time: 6s; Filter: L-Pro; Gain: 15; Offset 132; Binning: 2x2;
2026-09-15T22:23:18.6084|INFO|FocuserVM.cs|MoveFocuserInternal|216|Moving Focuser to position 39535
2026-09-15T22:23:19.3840|INFO|HocusFocusStarDetection.cs|Detect|413|Average HFR: 1.7698982898264626, HFR MAD: 0.12675789153674488, Detected Stars 191, Region: 0
2026-09-15T22:23:23.9551|INFO|CameraVM.cs|Capture|742|Starting Exposure - Exposure Time: 6s; Filter: L-Pro; Gain: 15; Offset 132; Binning: 2x2;
2026-09-15T22:23:31.2850|INFO|FocuserVM.cs|MoveFocuserInternal|216|Moving Focuser to position 39335
2026-09-15T22:23:31.8846|INFO|HocusFocusStarDetection.cs|Detect|413|Average HFR: 1.949896337715352, HFR MAD: 0.14994296720443145, Detected Stars 207, Region: 0
2026-09-15T22:23:37.2035|INFO|CameraVM.cs|Capture|742|Starting Exposure - Exposure Time: 6s; Filter: L-Pro; Gain: 15; Offset 132; Binning: 2x2;
2026-09-15T22:23:44.5177|INFO|AutoFocusEngine.cs|StartBlindFocusPoints|896|Waiting on remaining AutoFocus analysis tasks
2026-09-15T22:23:45.2881|INFO|HocusFocusStarDetection.cs|Detect|413|Average HFR: 2.125898596257337, HFR MAD: 0.2190829872248785, Detected Stars 212, Region: 0
2026-09-15T22:23:45.3277|INFO|FocuserVM.cs|MoveFocuserInternal|216|Moving Focuser to position 40122
2026-09-15T22:23:53.8990|INFO|AutoFocusEngine.cs|ValidateCalculatedFocusPosition|1141|Validating HFR at final focus position 40122
2026-09-15T22:23:54.0236|INFO|CameraVM.cs|Capture|742|Starting Exposure - Exposure Time: 6s; Filter: L-Pro; Gain: 15; Offset 132; Binning: 2x2;
2026-09-15T22:24:01.9423|INFO|HocusFocusStarDetection.cs|Detect|413|Average HFR: 1.8433836344894783, HFR MAD: 0.1434312278255947, Detected Stars 197, Region: 0
2026-09-15T22:24:01.9426|INFO|HocusFocusVM.cs|AutoFocusEngine_Completed|473|AutoFocus completed with focuser starting at 40335 and ending at 40122
2026-09-15T22:24:01.9929|INFO|FocuserMediator.cs|BroadcastSuccessfulAutoFocusRun|46|Autofocus notification received - Temperature 21
2026-09-15T22:24:02.1158|INFO|AutoFocusEngine.cs|PerformPostAutoFocusActions|1022|Re-enabling temperature compensation after AutoFocus
2026-09-15T22:24:02.1486|INFO|PHD2Guider.cs|TryStartGuideCommand|641|Phd2 - Requesting to start guiding. Recalibrate: False
2026-09-15T22:24:58.6411|ERROR|PHD2Guider.cs|ProcessEvent|937|PHD2 error:timed-out waiting for guider to settle
2026-09-15T22:24:58.8615|INFO|SequenceItem.cs|Run|254|Finishing Category: Focheggiatore, Item: RunAutofocus
2026-09-15T22:24:58.8620|INFO|SequenceItem.cs|Run|254|Finishing Category: * Set di Istruzioni *, Container: NINA.Sequencer.Container.SequentialContainer, Strategy: SequentialStrategy, Items[FINISHED]: 1
2026-09-15T22:24:58.8629|INFO|SequenceItem.cs|Run|208|Starting Category: Fotocamera, Item: TakeExposure, ExposureTime 600, Gain 15, Offset 132, ImageType LIGHT, Binning 1x1
2026-09-15T22:24:58.8637|INFO|CameraVM.cs|Capture|742|Starting Exposure - Exposure Time: 600s; Filter: ; Gain: 15; Offset 132; Binning: 1x1;
2026-09-15T22:35:05.1239|WARNING|DeviceUpdateTimer.cs|Run|115|Camera value update cycle took longer than the device poll interval (Total: 10.18s > 2s; Poll: 00:00:10.1789611; Update: 00:00:00.0001306)
2026-09-15T22:35:05.2059|INFO|SequenceItem.cs|Run|254|Finishing Category: Fotocamera, Item: TakeExposure, ExposureTime 600, Gain 15, Offset 132, ImageType LIGHT, Binning 1x1
2026-09-15T22:35:05.2074|INFO|MeridianFlipTrigger.cs|ShouldTrigger|211|Meridian Flip - Flip for the current target already happened at 09/15/2026 21:29:32. Skip flip evaluation
2026-09-15T22:35:05.2075|INFO|SequenceItem.cs|Run|208|Starting Category: Ruota porta filtri, Item: SwitchFilter, Filter: L-Pro
2026-09-15T22:35:05.4414|INFO|SequenceItem.cs|Run|254|Finishing Category: Ruota porta filtri, Item: SwitchFilter, Filter: L-Pro
2026-09-15T22:35:05.4417|INFO|SequenceTrigger.cs|Run|114|Starting Trigger: DitherAfterExposures, After Exposures: 1
2026-09-15T22:35:05.4418|INFO|SequenceItem.cs|Run|208|Starting Category: * Set di Istruzioni *, Container: NINA.Sequencer.Container.SequentialContainer, Strategy: SequentialStrategy, Items[CREATED]: 1
2026-09-15T22:35:05.4418|INFO|SequenceItem.cs|Run|208|Starting Category: Guida, Item: Dither
2026-09-15T22:35:08.4377|INFO|HocusFocusStarDetection.cs|Detect|413|Average HFR: 2.8045237455394787, HFR MAD: 0.3532549483785914, Detected Stars 575, Region: 0
2026-09-15T22:35:08.9762|INFO|BaseImageData.cs|SaveToDisk|346|Saved image to D:\Images NINA\Target\LIGHT_1x1_600.00s_15_132_M 27_Celestron C8__-9.96C_L-Pro_0335_2026-09-15_22-24-58_FWHM_4.43_Fok_40122.xisf
2026-09-15T22:35:08.9763|INFO|ImageSaveController.cs|DoWork|97|Successfully saved file at D:\Images NINA\Target\LIGHT_1x1_600.00s_15_132_M 27_Celestron C8__-9.96C_L-Pro_0335_2026-09-15_22-24-58_FWHM_4.43_Fok_40122.xisf. Duration Total: 00:00:03.3903231; BeforeSave: 00:00:00.0000952; BeforeFinalizeImageSaved: 00:00:03.3483000; FinalizeSaveTime: 00:00:00.0419271
2026-09-15T22:35:47.7980|ERROR|PHD2Guider.cs|ProcessEvent|937|PHD2 error:timed-out waiting for guider to settle
2026-09-15T22:35:47.8033|INFO|SequenceItem.cs|Run|254|Finishing Category: Guida, Item: Dither
2026-09-15T22:35:47.8035|INFO|SequenceItem.cs|Run|254|Finishing Category: * Set di Istruzioni *, Container: NINA.Sequencer.Container.SequentialContainer, Strategy: SequentialStrategy, Items[FINISHED]: 1
2026-09-15T22:35:47.8040|INFO|MeridianFlipTrigger.cs|ShouldTrigger|211|Meridian Flip - Flip for the current target already happened at 09/15/2026 21:29:32. Skip flip evaluation
2026-09-15T22:35:47.8040|INFO|SequenceTrigger.cs|Run|114|Starting Trigger: RestoreGuiding
2026-09-15T22:35:47.8042|INFO|SequenceItem.cs|Run|208|Starting Category: * Set di Istruzioni *, Container: NINA.Sequencer.Container.SequentialContainer, Strategy: SequentialStrategy, Items[CREATED]: 1
2026-09-15T22:35:47.8042|INFO|SequenceItem.cs|Run|208|Starting Category: Guida, Item: StartGuiding
2026-09-15T22:35:47.8414|INFO|PHD2Guider.cs|StartGuidingPrivate|504|Phd2 - App is already guiding. Skipping start guiding
2026-09-15T22:35:47.8415|INFO|SequenceItem.cs|Run|254|Finishing Category: Guida, Item: StartGuiding
2026-09-15T22:35:47.8416|INFO|SequenceItem.cs|Run|254|Finishing Category: * Set di Istruzioni *, Container: NINA.Sequencer.Container.SequentialContainer, Strategy: SequentialStrategy, Items[FINISHED]: 1
2026-09-15T22:35:47.8502|INFO|SequenceItem.cs|Run|208|Starting Category: Fotocamera, Item: TakeExposure, ExposureTime 600, Gain 15, Offset 132, ImageType LIGHT, Binning 1x1
2026-09-15T22:35:47.8507|INFO|CameraVM.cs|Capture|742|Starting Exposure - Exposure Time: 600s; Filter: ; Gain: 15; Offset 132; Binning: 1x1;
2026-09-15T22:44:17.7854|WARNING|DeviceUpdateTimer.cs|Run|115|Dome value update cycle took longer than the device poll interval (Total: 2.80s > 2s; Poll: 00:00:00.0075331; Update: 00:00:02.7943467)
2026-09-15T22:44:20.5549|WARNING|DeviceUpdateTimer.cs|Run|115|Mount value update cycle took longer than the device poll interval (Total: 5.60s > 2s; Poll: 00:00:05.5801179; Update: 00:00:00.0189486)
2026-09-15T22:45:54.0151|WARNING|DeviceUpdateTimer.cs|Run|115|Camera value update cycle took longer than the device poll interval (Total: 10.02s > 2s; Poll: 00:00:10.0157616; Update: 00:00:00.0013657)
2026-09-15T22:45:54.0588|INFO|SequenceItem.cs|Run|254|Finishing Category: Fotocamera, Item: TakeExposure, ExposureTime 600, Gain 15, Offset 132, ImageType LIGHT, Binning 1x1
2026-09-15T22:45:54.0601|INFO|MeridianFlipTrigger.cs|ShouldTrigger|296|Meridian Flip - (Side of Pier usage is disabled) There is still time remaining. Max remaining time 10:47:14.1657581, next instruction time 0, next instruction Category: Ruota porta filtri, Item: SwitchFilter, Filter: L-Pro
2026-09-15T22:45:54.0601|INFO|SequenceItem.cs|Run|208|Starting Category: Ruota porta filtri, Item: SwitchFilter, Filter: L-Pro
2026-09-15T22:45:54.1764|INFO|SequenceItem.cs|Run|254|Finishing Category: Ruota porta filtri, Item: SwitchFilter, Filter: L-Pro
2026-09-15T22:45:54.1767|INFO|SequenceTrigger.cs|Run|114|Starting Trigger: DitherAfterExposures, After Exposures: 1
2026-09-15T22:45:54.1768|INFO|SequenceItem.cs|Run|208|Starting Category: * Set di Istruzioni *, Container: NINA.Sequencer.Container.SequentialContainer, Strategy: SequentialStrategy, Items[CREATED]: 1
2026-09-15T22:45:54.1769|INFO|SequenceItem.cs|Run|208|Starting Category: Guida, Item: Dither
2026-09-15T22:45:57.0565|INFO|HocusFocusStarDetection.cs|Detect|413|Average HFR: 2.6044940815554805, HFR MAD: 0.2524749062674201, Detected Stars 393, Region: 0
2026-09-15T22:45:57.4108|INFO|BaseImageData.cs|SaveToDisk|346|Saved image to D:\Images NINA\Target\LIGHT_1x1_600.00s_15_132_M 27_Celestron C8__-9.96C_L-Pro_0336_2026-09-15_22-35-47_FWHM_4.21_Fok_40122.xisf
2026-09-15T22:45:57.4109|INFO|ImageSaveController.cs|DoWork|97|Successfully saved file at D:\Images NINA\Target\LIGHT_1x1_600.00s_15_132_M 27_Celestron C8__-9.96C_L-Pro_0336_2026-09-15_22-35-47_FWHM_4.21_Fok_40122.xisf. Duration Total: 00:00:02.9042869; BeforeSave: 00:00:00.0000755; BeforeFinalizeImageSaved: 00:00:02.8578074; FinalizeSaveTime: 00:00:00.0464037
2026-09-15T22:46:35.9860|ERROR|PHD2Guider.cs|ProcessEvent|937|PHD2 error:timed-out waiting for guider to settle
2026-09-15T22:46:36.0270|INFO|SequenceItem.cs|Run|254|Finishing Category: Guida, Item: Dither
2026-09-15T22:46:36.0272|INFO|SequenceItem.cs|Run|254|Finishing Category: * Set di Istruzioni *, Container: NINA.Sequencer.Container.SequentialContainer, Strategy: SequentialStrategy, Items[FINISHED]: 1
2026-09-15T22:46:36.0277|INFO|MeridianFlipTrigger.cs|ShouldTrigger|296|Meridian Flip - (Side of Pier usage is disabled) There is still time remaining. Max remaining time 10:46:32.0344247, next instruction time 600, next instruction Category: Fotocamera, Item: TakeExposure, ExposureTime 600, Gain 15, Offset 132, ImageType LIGHT, Binning 1x1
2026-09-15T22:46:36.0278|INFO|SequenceTrigger.cs|Run|114|Starting Trigger: RestoreGuiding
2026-09-15T22:46:36.0278|INFO|SequenceItem.cs|Run|208|Starting Category: * Set di Istruzioni *, Container: NINA.Sequencer.Container.SequentialContainer, Strategy: SequentialStrategy, Items[CREATED]: 1
2026-09-15T22:46:36.0279|INFO|SequenceItem.cs|Run|208|Starting Category: Guida, Item: StartGuiding
2026-09-15T22:46:36.0810|INFO|PHD2Guider.cs|StartGuidingPrivate|504|Phd2 - App is already guiding. Skipping start guiding
2026-09-15T22:46:36.0811|INFO|SequenceItem.cs|Run|254|Finishing Category: Guida, Item: StartGuiding
2026-09-15T22:46:36.0812|INFO|SequenceItem.cs|Run|254|Finishing Category: * Set di Istruzioni *, Container: NINA.Sequencer.Container.SequentialContainer, Strategy: SequentialStrategy, Items[FINISHED]: 1
2026-09-15T22:46:36.0814|INFO|SequenceItem.cs|Run|208|Starting Category: Fotocamera, Item: TakeExposure, ExposureTime 600, Gain 15, Offset 132, ImageType LIGHT, Binning 1x1
2026-09-15T22:46:36.0873|INFO|CameraVM.cs|Capture|742|Starting Exposure - Exposure Time: 600s; Filter: ; Gain: 15; Offset 132; Binning: 1x1;
2026-09-15T22:48:45.1928|INFO|Thumbnail.cs|LoadOriginalImage|40|Reloading image from D:\Images NINA\Target\LIGHT_1x1_600.00s_15_132_M 27_Celestron C8__-9.96C_L-Pro_0335_2026-09-15_22-24-58_FWHM_4.43_Fok_40122.xisf
2026-09-15T22:48:48.3505|INFO|Thumbnail.cs|LoadOriginalImage|40|Reloading image from D:\Images NINA\Target\LIGHT_1x1_600.00s_15_132_M 27_Celestron C8__-9.91C_L-Pro_0334_2026-09-15_22-10-29_FWHM_4.12_Fok_40335.xisf
2026-09-15T22:48:52.8523|INFO|Thumbnail.cs|LoadOriginalImage|40|Reloading image from D:\Images NINA\Target\LIGHT_1x1_600.00s_15_132_M 27_Celestron C8__-9.96C_L-Pro_0333_2026-09-15_21-59-39_FWHM_3.97_Fok_40335.xisf
2026-09-15T22:48:56.0503|INFO|Thumbnail.cs|LoadOriginalImage|40|Reloading image from D:\Images NINA\Target\LIGHT_1x1_600.00s_15_132_M 27_Celestron C8__-9.96C_L-Pro_0332_2026-09-15_21-48-51_FWHM_3.85_Fok_40335.xisf
2026-09-15T22:56:42.2941|INFO|SequenceItem.cs|Run|254|Finishing Category: Fotocamera, Item: TakeExposure, ExposureTime 600, Gain 15, Offset 132, ImageType LIGHT, Binning 1x1
2026-09-15T22:56:42.3073|WARNING|DeviceUpdateTimer.cs|Run|115|Camera value update cycle took longer than the device poll interval (Total: 10.44s > 2s; Poll: 00:00:10.4386590; Update: 00:00:00.0001046)
2026-09-15T22:56:42.3077|INFO|MeridianFlipTrigger.cs|ShouldTrigger|296|Meridian Flip - (Side of Pier usage is disabled) There is still time remaining. Max remaining time 10:36:22.8575961, next instruction time 0, next instruction Category: Ruota porta filtri, Item: SwitchFilter, Filter: L-Pro
2026-09-15T22:56:42.3077|INFO|SequenceItem.cs|Run|208|Starting Category: Ruota porta filtri, Item: SwitchFilter, Filter: L-Pro
2026-09-15T22:56:42.4699|INFO|SequenceItem.cs|Run|254|Finishing Category: Ruota porta filtri, Item: SwitchFilter, Filter: L-Pro
2026-09-15T22:56:42.5619|INFO|SequenceTrigger.cs|Run|114|Starting Trigger: DitherAfterExposures, After Exposures: 1
2026-09-15T22:56:42.5621|INFO|SequenceItem.cs|Run|208|Starting Category: * Set di Istruzioni *, Container: NINA.Sequencer.Container.SequentialContainer, Strategy: SequentialStrategy, Items[CREATED]: 1
2026-09-15T22:56:42.5623|INFO|SequenceItem.cs|Run|208|Starting Category: Guida, Item: Dither
2026-09-15T22:56:46.0303|INFO|HocusFocusStarDetection.cs|Detect|413|Average HFR: 2.507121858786135, HFR MAD: 0.30509212324712376, Detected Stars 673, Region: 0
2026-09-15T22:56:46.5868|INFO|BaseImageData.cs|SaveToDisk|346|Saved image to D:\Images NINA\Target\LIGHT_1x1_600.00s_15_132_M 27_Celestron C8__-9.96C_L-Pro_0337_2026-09-15_22-46-36_FWHM_3.76_Fok_40122.xisf
2026-09-15T22:56:46.5869|INFO|ImageSaveController.cs|DoWork|97|Successfully saved file at D:\Images NINA\Target\LIGHT_1x1_600.00s_15_132_M 27_Celestron C8__-9.96C_L-Pro_0337_2026-09-15_22-46-36_FWHM_3.76_Fok_40122.xisf. Duration Total: 00:00:04.0510351; BeforeSave: 00:00:00.0000822; BeforeFinalizeImageSaved: 00:00:04.0234034; FinalizeSaveTime: 00:00:00.0275488
2026-09-15T22:56:47.7718|WARNING|DeviceUpdateTimer.cs|Run|115|Mount value update cycle took longer than the device poll interval (Total: 2.69s > 2s; Poll: 00:00:02.6855890; Update: 00:00:00.0001620)
2026-09-15T22:57:25.1895|ERROR|PHD2Guider.cs|ProcessEvent|937|PHD2 error:timed-out waiting for guider to settle
2026-09-15T22:57:25.6855|INFO|SequenceItem.cs|Run|254|Finishing Category: Guida, Item: Dither
2026-09-15T22:57:25.6857|INFO|SequenceItem.cs|Run|254|Finishing Category: * Set di Istruzioni *, Container: NINA.Sequencer.Container.SequentialContainer, Strategy: SequentialStrategy, Items[FINISHED]: 1
2026-09-15T22:57:25.6863|INFO|MeridianFlipTrigger.cs|ShouldTrigger|296|Meridian Flip - (Side of Pier usage is disabled) There is still time remaining. Max remaining time 10:35:39.1242951, next instruction time 600, next instruction Category: Fotocamera, Item: TakeExposure, ExposureTime 600, Gain 15, Offset 132, ImageType LIGHT, Binning 1x1
2026-09-15T22:57:25.6863|INFO|SequenceTrigger.cs|Run|114|Starting Trigger: RestoreGuiding
2026-09-15T22:57:25.6864|INFO|SequenceItem.cs|Run|208|Starting Category: * Set di Istruzioni *, Container: NINA.Sequencer.Container.SequentialContainer, Strategy: SequentialStrategy, Items[CREATED]: 1
2026-09-15T22:57:25.6864|INFO|SequenceItem.cs|Run|208|Starting Category: Guida, Item: StartGuiding
2026-09-15T22:57:25.7233|INFO|PHD2Guider.cs|StartGuidingPrivate|504|Phd2 - App is already guiding. Skipping start guiding
2026-09-15T22:57:25.7234|INFO|SequenceItem.cs|Run|254|Finishing Category: Guida, Item: StartGuiding
2026-09-15T22:57:25.7236|INFO|SequenceItem.cs|Run|254|Finishing Category: * Set di Istruzioni *, Container: NINA.Sequencer.Container.SequentialContainer, Strategy: SequentialStrategy, Items[FINISHED]: 1
2026-09-15T22:57:25.7345|INFO|SequenceItem.cs|Run|208|Starting Category: Fotocamera, Item: TakeExposure, ExposureTime 600, Gain 15, Offset 132, ImageType LIGHT, Binning 1x1
2026-09-15T22:57:25.7350|INFO|CameraVM.cs|Capture|742|Starting Exposure - Exposure Time: 600s; Filter: ; Gain: 15; Offset 132; Binning: 1x1;
2026-09-15T23:07:24.7801|WARNING|DeviceUpdateTimer.cs|Run|115|Dome value update cycle took longer than the device poll interval (Total: 3.78s > 2s; Poll: 00:00:00.1747270; Update: 00:00:03.6088993)
2026-09-15T23:07:26.7385|WARNING|DeviceUpdateTimer.cs|Run|115|Mount value update cycle took longer than the device poll interval (Total: 2.11s > 2s; Poll: 00:00:02.1052149; Update: 00:00:00.0001299)
2026-09-15T23:07:31.9360|WARNING|DeviceUpdateTimer.cs|Run|115|Camera value update cycle took longer than the device poll interval (Total: 10.98s > 2s; Poll: 00:00:10.9777596; Update: 00:00:00.0001463)
2026-09-15T23:07:31.9807|INFO|SequenceItem.cs|Run|254|Finishing Category: Fotocamera, Item: TakeExposure, ExposureTime 600, Gain 15, Offset 132, ImageType LIGHT, Binning 1x1
2026-09-15T23:07:31.9816|INFO|MeridianFlipTrigger.cs|ShouldTrigger|296|Meridian Flip - (Side of Pier usage is disabled) There is still time remaining. Max remaining time 10:25:30.2702656, next instruction time 0, next instruction Category: Ruota porta filtri, Item: SwitchFilter, Filter: L-Pro
2026-09-15T23:07:31.9816|INFO|SequenceItem.cs|Run|208|Starting Category: Ruota porta filtri, Item: SwitchFilter, Filter: L-Pro
2026-09-15T23:07:32.1291|INFO|SequenceItem.cs|Run|254|Finishing Category: Ruota porta filtri, Item: SwitchFilter, Filter: L-Pro
2026-09-15T23:07:32.1294|INFO|SequenceTrigger.cs|Run|114|Starting Trigger: DitherAfterExposures, After Exposures: 1
2026-09-15T23:07:32.1295|INFO|SequenceItem.cs|Run|208|Starting Category: * Set di Istruzioni *, Container: NINA.Sequencer.Container.SequentialContainer, Strategy: SequentialStrategy, Items[CREATED]: 1
2026-09-15T23:07:32.1296|INFO|SequenceItem.cs|Run|208|Starting Category: Guida, Item: Dither
2026-09-15T23:07:32.4902|INFO|ImageSolver.cs|Solve|41|Platesolving with parameters: FocalLength: 1260 PixelSize: 4.54 SearchRadius: 30 BlindFailoverEnabled: True Regions: 5000 DownSampleFactor: 2 MaxObjects: 500 Reference Coordinates RA: 19:59:28 Dec: 23° 18' 35" Epoch: J2000
2026-09-15T23:07:33.4283|INFO|BaseImageData.cs|SaveToDisk|346|Saved image to C:\Users\PrimaLuceLab\AppData\Local\NINA\PlateSolver\as3zo1w4.ynh.fits
2026-09-15T23:07:37.5873|INFO|HocusFocusStarDetection.cs|Detect|413|Average HFR: 2.57222571178962, HFR MAD: 0.30757215441348196, Detected Stars 677, Region: 0
2026-09-15T23:07:38.3208|INFO|BaseImageData.cs|SaveToDisk|346|Saved image to D:\Images NINA\Target\LIGHT_1x1_600.00s_15_132_M 27_Celestron C8__-9.96C_L-Pro_0338_2026-09-15_22-57-25_FWHM_3.85_Fok_40122.xisf
2026-09-15T23:07:38.3209|INFO|ImageSaveController.cs|DoWork|97|Successfully saved file at D:\Images NINA\Target\LIGHT_1x1_600.00s_15_132_M 27_Celestron C8__-9.96C_L-Pro_0338_2026-09-15_22-57-25_FWHM_3.85_Fok_40122.xisf. Duration Total: 00:00:05.8308858; BeforeSave: 00:00:00.0000824; BeforeFinalizeImageSaved: 00:00:05.7310690; FinalizeSaveTime: 00:00:00.0997337
2026-09-15T23:08:13.8915|ERROR|PHD2Guider.cs|ProcessEvent|937|PHD2 error:timed-out waiting for guider to settle
2026-09-15T23:08:14.2042|INFO|SequenceItem.cs|Run|254|Finishing Category: Guida, Item: Dither
2026-09-15T23:08:14.2044|INFO|SequenceItem.cs|Run|254|Finishing Category: * Set di Istruzioni *, Container: NINA.Sequencer.Container.SequentialContainer, Strategy: SequentialStrategy, Items[FINISHED]: 1
2026-09-15T23:08:14.2051|INFO|MeridianFlipTrigger.cs|ShouldTrigger|296|Meridian Flip - (Side of Pier usage is disabled) There is still time remaining. Max remaining time 10:24:48.3478441, next instruction time 600, next instruction Category: Fotocamera, Item: TakeExposure, ExposureTime 600, Gain 15, Offset 132, ImageType LIGHT, Binning 1x1
2026-09-15T23:08:14.2051|INFO|SequenceTrigger.cs|Run|114|Starting Trigger: RestoreGuiding
2026-09-15T23:08:14.2051|INFO|SequenceItem.cs|Run|208|Starting Category: * Set di Istruzioni *, Container: NINA.Sequencer.Container.SequentialContainer, Strategy: SequentialStrategy, Items[CREATED]: 1
2026-09-15T23:08:14.2052|INFO|SequenceItem.cs|Run|208|Starting Category: Guida, Item: StartGuiding
2026-09-15T23:08:14.2669|INFO|PHD2Guider.cs|StartGuidingPrivate|504|Phd2 - App is already guiding. Skipping start guiding
2026-09-15T23:08:14.2672|INFO|SequenceItem.cs|Run|254|Finishing Category: Guida, Item: StartGuiding
2026-09-15T23:08:14.2673|INFO|SequenceItem.cs|Run|254|Finishing Category: * Set di Istruzioni *, Container: NINA.Sequencer.Container.SequentialContainer, Strategy: SequentialStrategy, Items[FINISHED]: 1
2026-09-15T23:08:14.2675|INFO|SequenceItem.cs|Run|208|Starting Category: Fotocamera, Item: TakeExposure, ExposureTime 600, Gain 15, Offset 132, ImageType LIGHT, Binning 1x1
2026-09-15T23:08:14.2679|INFO|CameraVM.cs|Capture|742|Starting Exposure - Exposure Time: 600s; Filter: ; Gain: 15; Offset 132; Binning: 1x1;
2026-09-15T23:10:51.1396|ERROR|ASTAPSolver.cs|ReadResult|62|ASTAP - Plate solve failed.
 Star database limit was reached!

2026-09-15T23:10:51.1432|INFO|ImageSolver.cs|Solve|41|Platesolving with parameters: FocalLength: 1260 PixelSize: 4.54 SearchRadius: 30 BlindFailoverEnabled: True Regions: 5000 DownSampleFactor: 2 MaxObjects: 500 
2026-09-15T23:10:52.2403|INFO|BaseImageData.cs|SaveToDisk|346|Saved image to C:\Users\PrimaLuceLab\AppData\Local\NINA\PlateSolver\eni3fhxn.uqw.fits
2026-09-15T23:11:25.3396|INFO|AstrometryPlateSolver.cs|SubmitImageJob|166|Plate Solving: Astrometry.net: Submission 16073701 created for solving.
2026-09-15T23:11:52.2157|INFO|AstrometryPlateSolver.cs|GetJobResult|191|Plate Solving: Astrometry.net: Job 16889731 completed successfully.
2026-09-15T23:11:55.6779|INFO|AstrometryPlateSolver.cs|GetJobResult|201|Plate Solving: Astrometry.net: Job 16889731 successfully retrieved.
2026-09-15T23:11:55.6814|INFO|ImageSolver.cs|Solve|54|Platesolve successful: Coordinates: RA: 19:59:35; Dec: 22° 43' 11"; Epoch: J2000 - Position Angle: 73.23291407547231
2026-09-15T23:11:55.6815|INFO|ImageSolver.cs|Solve|54|Platesolve successful: Coordinates: RA: 19:59:35; Dec: 22° 43' 11"; Epoch: J2000 - Position Angle: 73.23291407547231
2026-09-15T23:11:55.6817|INFO|CenterAfterDriftTrigger.cs|PlatesolvingImageFollower_PropertyChanged|189|Drift: 0.24903908287771873 / 3 arc minutes
2026-09-15T23:18:20.5790|WARNING|DeviceUpdateTimer.cs|Run|115|Camera value update cycle took longer than the device poll interval (Total: 11.59s > 2s; Poll: 00:00:11.5907089; Update: 00:00:00.0001384)
2026-09-15T23:18:20.5958|INFO|SequenceItem.cs|Run|254|Finishing Category: Fotocamera, Item: TakeExposure, ExposureTime 600, Gain 15, Offset 132, ImageType LIGHT, Binning 1x1
2026-09-15T23:18:20.5965|INFO|MeridianFlipTrigger.cs|ShouldTrigger|296|Meridian Flip - (Side of Pier usage is disabled) There is still time remaining. Max remaining time 10:14:40.5649554, next instruction time 0, next instruction Category: Ruota porta filtri, Item: SwitchFilter, Filter: L-Pro
2026-09-15T23:18:20.5966|INFO|SequenceItem.cs|Run|208|Starting Category: Ruota porta filtri, Item: SwitchFilter, Filter: L-Pro
2026-09-15T23:18:20.7232|INFO|SequenceItem.cs|Run|254|Finishing Category: Ruota porta filtri, Item: SwitchFilter, Filter: L-Pro
2026-09-15T23:18:20.7235|INFO|SequenceTrigger.cs|Run|114|Starting Trigger: DitherAfterExposures, After Exposures: 1
2026-09-15T23:18:20.7236|INFO|SequenceItem.cs|Run|208|Starting Category: * Set di Istruzioni *, Container: NINA.Sequencer.Container.SequentialContainer, Strategy: SequentialStrategy, Items[CREATED]: 1
2026-09-15T23:18:20.7237|INFO|SequenceItem.cs|Run|208|Starting Category: Guida, Item: Dither
2026-09-15T23:18:24.2338|INFO|HocusFocusStarDetection.cs|Detect|413|Average HFR: 2.4722286331716727, HFR MAD: 0.31582988807247414, Detected Stars 624, Region: 0
2026-09-15T23:18:24.8037|INFO|BaseImageData.cs|SaveToDisk|346|Saved image to D:\Images NINA\Target\LIGHT_1x1_600.00s_15_132_M 27_Celestron C8__-9.96C_L-Pro_0339_2026-09-15_23-08-14_FWHM_3.68_Fok_40122.xisf
2026-09-15T23:18:24.8038|INFO|ImageSaveController.cs|DoWork|97|Successfully saved file at D:\Images NINA\Target\LIGHT_1x1_600.00s_15_132_M 27_Celestron C8__-9.96C_L-Pro_0339_2026-09-15_23-08-14_FWHM_3.68_Fok_40122.xisf. Duration Total: 00:00:03.8627620; BeforeSave: 00:00:00.0117963; BeforeFinalizeImageSaved: 00:00:03.7639176; FinalizeSaveTime: 00:00:00.0870472
2026-09-15T23:19:03.3410|ERROR|PHD2Guider.cs|ProcessEvent|937|PHD2 error:timed-out waiting for guider to settle
2026-09-15T23:19:03.4210|INFO|SequenceItem.cs|Run|254|Finishing Category: Guida, Item: Dither
2026-09-15T23:19:03.4212|INFO|SequenceItem.cs|Run|254|Finishing Category: * Set di Istruzioni *, Container: NINA.Sequencer.Container.SequentialContainer, Strategy: SequentialStrategy, Items[FINISHED]: 1
2026-09-15T23:19:03.4218|INFO|MeridianFlipTrigger.cs|ShouldTrigger|296|Meridian Flip - (Side of Pier usage is disabled) There is still time remaining. Max remaining time 10:13:55.6317674, next instruction time 600, next instruction Category: Fotocamera, Item: TakeExposure, ExposureTime 600, Gain 15, Offset 132, ImageType LIGHT, Binning 1x1
2026-09-15T23:19:03.4218|INFO|SequenceTrigger.cs|Run|114|Starting Trigger: RestoreGuiding
2026-09-15T23:19:03.4219|INFO|SequenceItem.cs|Run|208|Starting Category: * Set di Istruzioni *, Container: NINA.Sequencer.Container.SequentialContainer, Strategy: SequentialStrategy, Items[CREATED]: 1
2026-09-15T23:19:03.4220|INFO|SequenceItem.cs|Run|208|Starting Category: Guida, Item: StartGuiding
2026-09-15T23:19:03.4632|INFO|PHD2Guider.cs|StartGuidingPrivate|504|Phd2 - App is already guiding. Skipping start guiding
2026-09-15T23:19:03.4633|INFO|SequenceItem.cs|Run|254|Finishing Category: Guida, Item: StartGuiding
2026-09-15T23:19:03.4634|INFO|SequenceItem.cs|Run|254|Finishing Category: * Set di Istruzioni *, Container: NINA.Sequencer.Container.SequentialContainer, Strategy: SequentialStrategy, Items[FINISHED]: 1
2026-09-15T23:19:03.4639|INFO|SequenceItem.cs|Run|208|Starting Category: Fotocamera, Item: TakeExposure, ExposureTime 600, Gain 15, Offset 132, ImageType LIGHT, Binning 1x1
2026-09-15T23:19:03.4645|INFO|CameraVM.cs|Capture|742|Starting Exposure - Exposure Time: 600s; Filter: ; Gain: 15; Offset 132; Binning: 1x1;
2026-09-15T23:29:09.6309|WARNING|DeviceUpdateTimer.cs|Run|115|Camera value update cycle took longer than the device poll interval (Total: 9.98s > 2s; Poll: 00:00:09.9766456; Update: 00:00:00.0010941)
2026-09-15T23:29:09.7242|INFO|SequenceItem.cs|Run|254|Finishing Category: Fotocamera, Item: TakeExposure, ExposureTime 600, Gain 15, Offset 132, ImageType LIGHT, Binning 1x1
2026-09-15T23:29:09.7261|INFO|MeridianFlipTrigger.cs|ShouldTrigger|296|Meridian Flip - (Side of Pier usage is disabled) There is still time remaining. Max remaining time 10:03:47.4739932, next instruction time 0, next instruction Category: Ruota porta filtri, Item: SwitchFilter, Filter: L-Pro
2026-09-15T23:29:09.7261|INFO|SequenceItem.cs|Run|208|Starting Category: Ruota porta filtri, Item: SwitchFilter, Filter: L-Pro
2026-09-15T23:29:09.9623|INFO|SequenceItem.cs|Run|254|Finishing Category: Ruota porta filtri, Item: SwitchFilter, Filter: L-Pro
2026-09-15T23:29:09.9626|INFO|SequenceTrigger.cs|Run|114|Starting Trigger: DitherAfterExposures, After Exposures: 1
2026-09-15T23:29:09.9630|INFO|SequenceItem.cs|Run|208|Starting Category: * Set di Istruzioni *, Container: NINA.Sequencer.Container.SequentialContainer, Strategy: SequentialStrategy, Items[CREATED]: 1
2026-09-15T23:29:09.9631|INFO|SequenceItem.cs|Run|208|Starting Category: Guida, Item: Dither
2026-09-15T23:29:13.3791|INFO|HocusFocusStarDetection.cs|Detect|413|Average HFR: 2.670422038960656, HFR MAD: 0.35479078836575795, Detected Stars 635, Region: 0
2026-09-15T23:29:14.0390|INFO|BaseImageData.cs|SaveToDisk|346|Saved image to D:\Images NINA\Target\LIGHT_1x1_600.00s_15_132_M 27_Celestron C8__-9.96C_L-Pro_0340_2026-09-15_23-19-03_FWHM_4.06_Fok_40122.xisf
2026-09-15T23:29:14.0396|INFO|ImageSaveController.cs|DoWork|97|Successfully saved file at D:\Images NINA\Target\LIGHT_1x1_600.00s_15_132_M 27_Celestron C8__-9.96C_L-Pro_0340_2026-09-15_23-19-03_FWHM_4.06_Fok_40122.xisf. Duration Total: 00:00:03.8552346; BeforeSave: 00:00:00.0000893; BeforeFinalizeImageSaved: 00:00:03.8022371; FinalizeSaveTime: 00:00:00.0529079
2026-09-15T23:29:52.4560|ERROR|PHD2Guider.cs|ProcessEvent|937|PHD2 error:timed-out waiting for guider to settle
2026-09-15T23:29:52.8961|INFO|SequenceItem.cs|Run|254|Finishing Category: Guida, Item: Dither
2026-09-15T23:29:52.8963|INFO|SequenceItem.cs|Run|254|Finishing Category: * Set di Istruzioni *, Container: NINA.Sequencer.Container.SequentialContainer, Strategy: SequentialStrategy, Items[FINISHED]: 1
2026-09-15T23:29:52.8969|INFO|MeridianFlipTrigger.cs|ShouldTrigger|296|Meridian Flip - (Side of Pier usage is disabled) There is still time remaining. Max remaining time 10:03:05.1045044, next instruction time 600, next instruction Category: Fotocamera, Item: TakeExposure, ExposureTime 600, Gain 15, Offset 132, ImageType LIGHT, Binning 1x1
2026-09-15T23:29:52.8970|INFO|SequenceTrigger.cs|Run|114|Starting Trigger: RestoreGuiding
2026-09-15T23:29:52.8970|INFO|SequenceItem.cs|Run|208|Starting Category: * Set di Istruzioni *, Container: NINA.Sequencer.Container.SequentialContainer, Strategy: SequentialStrategy, Items[CREATED]: 1
2026-09-15T23:29:52.8971|INFO|SequenceItem.cs|Run|208|Starting Category: Guida, Item: StartGuiding
2026-09-15T23:29:52.9382|INFO|PHD2Guider.cs|StartGuidingPrivate|504|Phd2 - App is already guiding. Skipping start guiding
2026-09-15T23:29:52.9405|INFO|SequenceItem.cs|Run|254|Finishing Category: Guida, Item: StartGuiding
2026-09-15T23:29:52.9425|INFO|SequenceItem.cs|Run|254|Finishing Category: * Set di Istruzioni *, Container: NINA.Sequencer.Container.SequentialContainer, Strategy: SequentialStrategy, Items[FINISHED]: 1
2026-09-15T23:29:52.9870|INFO|SequenceItem.cs|Run|208|Starting Category: Fotocamera, Item: TakeExposure, ExposureTime 600, Gain 15, Offset 132, ImageType LIGHT, Binning 1x1
2026-09-15T23:29:53.0181|INFO|CameraVM.cs|Capture|742|Starting Exposure - Exposure Time: 600s; Filter: ; Gain: 15; Offset 132; Binning: 1x1;
2026-09-15T23:39:59.2549|WARNING|DeviceUpdateTimer.cs|Run|115|Camera value update cycle took longer than the device poll interval (Total: 7.76s > 2s; Poll: 00:00:07.7542963; Update: 00:00:00.0009287)
2026-09-15T23:39:59.3489|INFO|SequenceItem.cs|Run|254|Finishing Category: Fotocamera, Item: TakeExposure, ExposureTime 600, Gain 15, Offset 132, ImageType LIGHT, Binning 1x1
2026-09-15T23:39:59.3497|INFO|MeridianFlipTrigger.cs|ShouldTrigger|296|Meridian Flip - (Side of Pier usage is disabled) There is still time remaining. Max remaining time 09:52:54.9543313, next instruction time 0, next instruction Category: Ruota porta filtri, Item: SwitchFilter, Filter: L-Pro
2026-09-15T23:39:59.3497|INFO|SequenceItem.cs|Run|208|Starting Category: Ruota porta filtri, Item: SwitchFilter, Filter: L-Pro
2026-09-15T23:39:59.5484|INFO|SequenceItem.cs|Run|254|Finishing Category: Ruota porta filtri, Item: SwitchFilter, Filter: L-Pro
2026-09-15T23:39:59.5487|INFO|SequenceTrigger.cs|Run|114|Starting Trigger: DitherAfterExposures, After Exposures: 1
2026-09-15T23:39:59.5488|INFO|SequenceItem.cs|Run|208|Starting Category: * Set di Istruzioni *, Container: NINA.Sequencer.Container.SequentialContainer, Strategy: SequentialStrategy, Items[CREATED]: 1
2026-09-15T23:39:59.5489|INFO|SequenceItem.cs|Run|208|Starting Category: Guida, Item: Dither
2026-09-15T23:40:02.7551|INFO|HocusFocusStarDetection.cs|Detect|413|Average HFR: 2.508978052717187, HFR MAD: 0.31580313599615506, Detected Stars 703, Region: 0
2026-09-15T23:40:03.1678|INFO|BaseImageData.cs|SaveToDisk|346|Saved image to D:\Images NINA\Target\LIGHT_1x1_600.00s_15_132_M 27_Celestron C8__-9.96C_L-Pro_0341_2026-09-15_23-29-53_FWHM_3.84_Fok_40122.xisf
2026-09-15T23:40:03.1679|INFO|ImageSaveController.cs|DoWork|97|Successfully saved file at D:\Images NINA\Target\LIGHT_1x1_600.00s_15_132_M 27_Celestron C8__-9.96C_L-Pro_0341_2026-09-15_23-29-53_FWHM_3.84_Fok_40122.xisf. Duration Total: 00:00:03.4162879; BeforeSave: 00:00:00.0222707; BeforeFinalizeImageSaved: 00:00:03.3600860; FinalizeSaveTime: 00:00:00.0339306
2026-09-15T23:40:39.9516|INFO|SequenceItem.cs|Run|254|Finishing Category: Guida, Item: Dither
2026-09-15T23:40:39.9545|INFO|SequenceItem.cs|Run|254|Finishing Category: * Set di Istruzioni *, Container: NINA.Sequencer.Container.SequentialContainer, Strategy: SequentialStrategy, Items[FINISHED]: 1
2026-09-15T23:40:39.9562|INFO|MeridianFlipTrigger.cs|ShouldTrigger|296|Meridian Flip - (Side of Pier usage is disabled) There is still time remaining. Max remaining time 09:52:15.3444421, next instruction time 600, next instruction Category: Fotocamera, Item: TakeExposure, ExposureTime 600, Gain 15, Offset 132, ImageType LIGHT, Binning 1x1
2026-09-15T23:40:39.9563|INFO|SequenceTrigger.cs|Run|114|Starting Trigger: RestoreGuiding
2026-09-15T23:40:39.9565|INFO|SequenceItem.cs|Run|208|Starting Category: * Set di Istruzioni *, Container: NINA.Sequencer.Container.SequentialContainer, Strategy: SequentialStrategy, Items[CREATED]: 1
2026-09-15T23:40:39.9571|INFO|SequenceItem.cs|Run|208|Starting Category: Guida, Item: StartGuiding
2026-09-15T23:40:39.9967|INFO|PHD2Guider.cs|StartGuidingPrivate|504|Phd2 - App is already guiding. Skipping start guiding
2026-09-15T23:40:39.9974|INFO|SequenceItem.cs|Run|254|Finishing Category: Guida, Item: StartGuiding
2026-09-15T23:40:39.9976|INFO|SequenceItem.cs|Run|254|Finishing Category: * Set di Istruzioni *, Container: NINA.Sequencer.Container.SequentialContainer, Strategy: SequentialStrategy, Items[FINISHED]: 1
2026-09-15T23:40:40.0124|INFO|SequenceItem.cs|Run|208|Starting Category: Fotocamera, Item: TakeExposure, ExposureTime 600, Gain 15, Offset 132, ImageType LIGHT, Binning 1x1
2026-09-15T23:40:40.0131|INFO|CameraVM.cs|Capture|742|Starting Exposure - Exposure Time: 600s; Filter: ; Gain: 15; Offset 132; Binning: 1x1;
2026-09-15T23:50:46.2054|WARNING|DeviceUpdateTimer.cs|Run|115|Camera value update cycle took longer than the device poll interval (Total: 11.10s > 2s; Poll: 00:00:11.0951989; Update: 00:00:00.0070209)
2026-09-15T23:50:46.2064|INFO|SequenceItem.cs|Run|254|Finishing Category: Fotocamera, Item: TakeExposure, ExposureTime 600, Gain 15, Offset 132, ImageType LIGHT, Binning 1x1
2026-09-15T23:50:46.2071|INFO|MeridianFlipTrigger.cs|ShouldTrigger|296|Meridian Flip - (Side of Pier usage is disabled) There is still time remaining. Max remaining time 09:42:07.2548794, next instruction time 0, next instruction Category: Ruota porta filtri, Item: SwitchFilter, Filter: L-Pro
2026-09-15T23:50:46.2071|INFO|SequenceItem.cs|Run|208|Starting Category: Ruota porta filtri, Item: SwitchFilter, Filter: L-Pro
2026-09-15T23:50:46.3425|INFO|SequenceItem.cs|Run|254|Finishing Category: Ruota porta filtri, Item: SwitchFilter, Filter: L-Pro
2026-09-15T23:50:46.3428|INFO|SequenceTrigger.cs|Run|114|Starting Trigger: DitherAfterExposures, After Exposures: 1
2026-09-15T23:50:46.3429|INFO|SequenceItem.cs|Run|208|Starting Category: * Set di Istruzioni *, Container: NINA.Sequencer.Container.SequentialContainer, Strategy: SequentialStrategy, Items[CREATED]: 1
2026-09-15T23:50:46.3430|INFO|SequenceItem.cs|Run|208|Starting Category: Guida, Item: Dither
2026-09-15T23:50:50.0266|INFO|HocusFocusStarDetection.cs|Detect|413|Average HFR: 2.360842463050635, HFR MAD: 0.2902826788818764, Detected Stars 731, Region: 0
2026-09-15T23:50:50.6878|INFO|BaseImageData.cs|SaveToDisk|346|Saved image to D:\Images NINA\Target\LIGHT_1x1_600.00s_15_132_M 27_Celestron C8__-10.00C_L-Pro_0342_2026-09-15_23-40-40_FWHM_3.51_Fok_40122.xisf
2026-09-15T23:50:50.6879|INFO|ImageSaveController.cs|DoWork|97|Successfully saved file at D:\Images NINA\Target\LIGHT_1x1_600.00s_15_132_M 27_Celestron C8__-10.00C_L-Pro_0342_2026-09-15_23-40-40_FWHM_3.51_Fok_40122.xisf. Duration Total: 00:00:04.1466461; BeforeSave: 00:00:00.0380561; BeforeFinalizeImageSaved: 00:00:04.0237246; FinalizeSaveTime: 00:00:00.0848647
2026-09-15T23:51:28.6462|ERROR|PHD2Guider.cs|ProcessEvent|937|PHD2 error:timed-out waiting for guider to settle
2026-09-15T23:51:28.6466|INFO|SequenceItem.cs|Run|254|Finishing Category: Guida, Item: Dither
2026-09-15T23:51:28.6467|INFO|SequenceItem.cs|Run|254|Finishing Category: * Set di Istruzioni *, Container: NINA.Sequencer.Container.SequentialContainer, Strategy: SequentialStrategy, Items[FINISHED]: 1
2026-09-15T23:51:28.6477|INFO|MeridianFlipTrigger.cs|ShouldTrigger|296|Meridian Flip - (Side of Pier usage is disabled) There is still time remaining. Max remaining time 09:41:24.7058355, next instruction time 600, next instruction Category: Fotocamera, Item: TakeExposure, ExposureTime 600, Gain 15, Offset 132, ImageType LIGHT, Binning 1x1
2026-09-15T23:51:28.6478|INFO|SequenceTrigger.cs|Run|114|Starting Trigger: RestoreGuiding
2026-09-15T23:51:28.6478|INFO|SequenceItem.cs|Run|208|Starting Category: * Set di Istruzioni *, Container: NINA.Sequencer.Container.SequentialContainer, Strategy: SequentialStrategy, Items[CREATED]: 1
2026-09-15T23:51:28.6479|INFO|SequenceItem.cs|Run|208|Starting Category: Guida, Item: StartGuiding
2026-09-15T23:51:28.6748|INFO|PHD2Guider.cs|StartGuidingPrivate|504|Phd2 - App is already guiding. Skipping start guiding
2026-09-15T23:51:28.6782|INFO|SequenceItem.cs|Run|254|Finishing Category: Guida, Item: StartGuiding
2026-09-15T23:51:28.6794|INFO|SequenceItem.cs|Run|254|Finishing Category: * Set di Istruzioni *, Container: NINA.Sequencer.Container.SequentialContainer, Strategy: SequentialStrategy, Items[FINISHED]: 1
2026-09-15T23:51:28.7058|INFO|SequenceItem.cs|Run|208|Starting Category: Fotocamera, Item: TakeExposure, ExposureTime 600, Gain 15, Offset 132, ImageType LIGHT, Binning 1x1
2026-09-15T23:51:28.7222|INFO|CameraVM.cs|Capture|742|Starting Exposure - Exposure Time: 600s; Filter: ; Gain: 15; Offset 132; Binning: 1x1;
2026-09-16T00:01:34.9195|INFO|SequenceItem.cs|Run|254|Finishing Category: Fotocamera, Item: TakeExposure, ExposureTime 600, Gain 15, Offset 132, ImageType LIGHT, Binning 1x1
2026-09-16T00:01:34.9204|INFO|MeridianFlipTrigger.cs|ShouldTrigger|296|Meridian Flip - (Side of Pier usage is disabled) There is still time remaining. Max remaining time 09:31:16.7375752, next instruction time 0, next instruction Category: Ruota porta filtri, Item: SwitchFilter, Filter: L-Pro
2026-09-16T00:01:34.9204|INFO|SequenceItem.cs|Run|208|Starting Category: Ruota porta filtri, Item: SwitchFilter, Filter: L-Pro
2026-09-16T00:01:34.9212|WARNING|DeviceUpdateTimer.cs|Run|115|Camera value update cycle took longer than the device poll interval (Total: 11.95s > 2s; Poll: 00:00:11.9502311; Update: 00:00:00.0001023)
2026-09-16T00:01:35.0678|INFO|SequenceItem.cs|Run|254|Finishing Category: Ruota porta filtri, Item: SwitchFilter, Filter: L-Pro
2026-09-16T00:01:35.0681|INFO|SequenceTrigger.cs|Run|114|Starting Trigger: DitherAfterExposures, After Exposures: 1
2026-09-16T00:01:35.0682|INFO|SequenceItem.cs|Run|208|Starting Category: * Set di Istruzioni *, Container: NINA.Sequencer.Container.SequentialContainer, Strategy: SequentialStrategy, Items[CREATED]: 1
2026-09-16T00:01:35.0683|INFO|SequenceItem.cs|Run|208|Starting Category: Guida, Item: Dither
2026-09-16T00:01:35.2993|INFO|ImageSolver.cs|Solve|41|Platesolving with parameters: FocalLength: 1260 PixelSize: 4.54 SearchRadius: 30 BlindFailoverEnabled: True Regions: 5000 DownSampleFactor: 2 MaxObjects: 500 Reference Coordinates RA: 19:59:26 Dec: 23° 46' 43" Epoch: J2000
2026-09-16T00:01:35.9828|INFO|BaseImageData.cs|SaveToDisk|346|Saved image to C:\Users\PrimaLuceLab\AppData\Local\NINA\PlateSolver\ueldc5c1.yjd.fits
2026-09-16T00:01:39.3989|INFO|HocusFocusStarDetection.cs|Detect|413|Average HFR: 2.434248549617427, HFR MAD: 0.2992222783787497, Detected Stars 700, Region: 0
2026-09-16T00:01:40.0384|INFO|BaseImageData.cs|SaveToDisk|346|Saved image to D:\Images NINA\Target\LIGHT_1x1_600.00s_15_132_M 27_Celestron C8__-9.96C_L-Pro_0343_2026-09-15_23-51-28_FWHM_3.61_Fok_40122.xisf
2026-09-16T00:01:40.0385|INFO|ImageSaveController.cs|DoWork|97|Successfully saved file at D:\Images NINA\Target\LIGHT_1x1_600.00s_15_132_M 27_Celestron C8__-9.96C_L-Pro_0343_2026-09-15_23-51-28_FWHM_3.61_Fok_40122.xisf. Duration Total: 00:00:04.7393391; BeforeSave: 00:00:00.0000772; BeforeFinalizeImageSaved: 00:00:04.7079899; FinalizeSaveTime: 00:00:00.0312718
2026-09-16T00:01:41.1823|WARNING|DeviceUpdateTimer.cs|Run|115|Dome value update cycle took longer than the device poll interval (Total: 4.17s > 2s; Poll: 00:00:01.4147068; Update: 00:00:02.7587613)
2026-09-16T00:01:41.6615|INFO|ImageSolver.cs|Solve|54|Platesolve successful: Coordinates: RA: 19:59:35; Dec: 22° 43' 20"; Epoch: J2000 - Position Angle: 73.21872471103921
2026-09-16T00:01:41.6617|INFO|CenterAfterDriftTrigger.cs|PlatesolvingImageFollower_PropertyChanged|189|Drift: 0.3126562831175676 / 3 arc minutes
2026-09-16T00:02:15.1940|INFO|SequenceItem.cs|Run|254|Finishing Category: Guida, Item: Dither
2026-09-16T00:02:15.1942|INFO|SequenceItem.cs|Run|254|Finishing Category: * Set di Istruzioni *, Container: NINA.Sequencer.Container.SequentialContainer, Strategy: SequentialStrategy, Items[FINISHED]: 1
2026-09-16T00:02:15.1948|INFO|MeridianFlipTrigger.cs|ShouldTrigger|296|Meridian Flip - (Side of Pier usage is disabled) There is still time remaining. Max remaining time 09:30:34.4439461, next instruction time 600, next instruction Category: Fotocamera, Item: TakeExposure, ExposureTime 600, Gain 15, Offset 132, ImageType LIGHT, Binning 1x1
2026-09-16T00:02:15.1948|INFO|SequenceTrigger.cs|Run|114|Starting Trigger: RestoreGuiding
2026-09-16T00:02:15.1949|INFO|SequenceItem.cs|Run|208|Starting Category: * Set di Istruzioni *, Container: NINA.Sequencer.Container.SequentialContainer, Strategy: SequentialStrategy, Items[CREATED]: 1
2026-09-16T00:02:15.1950|INFO|SequenceItem.cs|Run|208|Starting Category: Guida, Item: StartGuiding
2026-09-16T00:02:15.2307|INFO|PHD2Guider.cs|StartGuidingPrivate|504|Phd2 - App is already guiding. Skipping start guiding
2026-09-16T00:02:15.2308|INFO|SequenceItem.cs|Run|254|Finishing Category: Guida, Item: StartGuiding
2026-09-16T00:02:15.2309|INFO|SequenceItem.cs|Run|254|Finishing Category: * Set di Istruzioni *, Container: NINA.Sequencer.Container.SequentialContainer, Strategy: SequentialStrategy, Items[FINISHED]: 1
2026-09-16T00:02:15.2454|INFO|SequenceItem.cs|Run|208|Starting Category: Fotocamera, Item: TakeExposure, ExposureTime 600, Gain 15, Offset 132, ImageType LIGHT, Binning 1x1
2026-09-16T00:02:15.2463|INFO|CameraVM.cs|Capture|742|Starting Exposure - Exposure Time: 600s; Filter: ; Gain: 15; Offset 132; Binning: 1x1;
2026-09-16T00:08:10.4598|WARNING|DeviceUpdateTimer.cs|Run|115|Dome value update cycle took longer than the device poll interval (Total: 3.01s > 2s; Poll: 00:00:00.0035407; Update: 00:00:03.0110366)
2026-09-16T00:08:12.2482|WARNING|DeviceUpdateTimer.cs|Run|115|Mount value update cycle took longer than the device poll interval (Total: 5.13s > 2s; Poll: 00:00:05.1257194; Update: 00:00:00.0001240)
2026-09-16T00:08:33.7152|INFO|Thumbnail.cs|LoadOriginalImage|40|Reloading image from D:\Images NINA\Target\LIGHT_1x1_600.00s_15_132_M 27_Celestron C8__-10.00C_L-Pro_0342_2026-09-15_23-40-40_FWHM_3.51_Fok_40122.xisf
2026-09-16T00:12:21.4997|WARNING|DeviceUpdateTimer.cs|Run|115|Camera value update cycle took longer than the device poll interval (Total: 10.55s > 2s; Poll: 00:00:10.5509402; Update: 00:00:00.0001900)
2026-09-16T00:12:21.5448|INFO|SequenceItem.cs|Run|254|Finishing Category: Fotocamera, Item: TakeExposure, ExposureTime 600, Gain 15, Offset 132, ImageType LIGHT, Binning 1x1
2026-09-16T00:12:21.5455|INFO|MeridianFlipTrigger.cs|ShouldTrigger|296|Meridian Flip - (Side of Pier usage is disabled) There is still time remaining. Max remaining time 09:20:28.6887115, next instruction time 0, next instruction Category: Ruota porta filtri, Item: SwitchFilter, Filter: L-Pro
2026-09-16T00:12:21.5455|INFO|SequenceItem.cs|Run|208|Starting Category: Ruota porta filtri, Item: SwitchFilter, Filter: L-Pro
2026-09-16T00:12:21.6623|INFO|SequenceItem.cs|Run|254|Finishing Category: Ruota porta filtri, Item: SwitchFilter, Filter: L-Pro
2026-09-16T00:12:21.6626|INFO|SequenceTrigger.cs|Run|114|Starting Trigger: DitherAfterExposures, After Exposures: 1
2026-09-16T00:12:21.6627|INFO|SequenceItem.cs|Run|208|Starting Category: * Set di Istruzioni *, Container: NINA.Sequencer.Container.SequentialContainer, Strategy: SequentialStrategy, Items[CREATED]: 1
2026-09-16T00:12:21.6628|INFO|SequenceItem.cs|Run|208|Starting Category: Guida, Item: Dither
2026-09-16T00:12:25.5821|INFO|HocusFocusStarDetection.cs|Detect|413|Average HFR: 2.4579548916535163, HFR MAD: 0.2933229592450939, Detected Stars 696, Region: 0
2026-09-16T00:12:26.1056|INFO|BaseImageData.cs|SaveToDisk|346|Saved image to D:\Images NINA\Target\LIGHT_1x1_600.00s_15_132_M 27_Celestron C8__-9.96C_L-Pro_0344_2026-09-16_00-02-15_FWHM_3.73_Fok_40122.xisf
2026-09-16T00:12:26.1058|INFO|ImageSaveController.cs|DoWork|97|Successfully saved file at D:\Images NINA\Target\LIGHT_1x1_600.00s_15_132_M 27_Celestron C8__-9.96C_L-Pro_0344_2026-09-16_00-02-15_FWHM_3.73_Fok_40122.xisf. Duration Total: 00:00:04.0810525; BeforeSave: 00:00:00.0000794; BeforeFinalizeImageSaved: 00:00:04.0335130; FinalizeSaveTime: 00:00:00.0474595
2026-09-16T00:13:03.8803|ERROR|PHD2Guider.cs|ProcessEvent|937|PHD2 error:timed-out waiting for guider to settle
2026-09-16T00:13:04.3763|INFO|SequenceItem.cs|Run|254|Finishing Category: Guida, Item: Dither
2026-09-16T00:13:04.3765|INFO|SequenceItem.cs|Run|254|Finishing Category: * Set di Istruzioni *, Container: NINA.Sequencer.Container.SequentialContainer, Strategy: SequentialStrategy, Items[FINISHED]: 1
2026-09-16T00:13:04.3771|INFO|MeridianFlipTrigger.cs|ShouldTrigger|296|Meridian Flip - (Side of Pier usage is disabled) There is still time remaining. Max remaining time 09:19:44.9580717, next instruction time 600, next instruction Category: Fotocamera, Item: TakeExposure, ExposureTime 600, Gain 15, Offset 132, ImageType LIGHT, Binning 1x1
2026-09-16T00:13:04.3771|INFO|SequenceTrigger.cs|Run|114|Starting Trigger: RestoreGuiding
2026-09-16T00:13:04.3772|INFO|SequenceItem.cs|Run|208|Starting Category: * Set di Istruzioni *, Container: NINA.Sequencer.Container.SequentialContainer, Strategy: SequentialStrategy, Items[CREATED]: 1
2026-09-16T00:13:04.3772|INFO|SequenceItem.cs|Run|208|Starting Category: Guida, Item: StartGuiding
2026-09-16T00:13:04.4238|INFO|PHD2Guider.cs|StartGuidingPrivate|504|Phd2 - App is already guiding. Skipping start guiding
2026-09-16T00:13:04.4253|INFO|SequenceItem.cs|Run|254|Finishing Category: Guida, Item: StartGuiding
2026-09-16T00:13:04.4255|INFO|SequenceItem.cs|Run|254|Finishing Category: * Set di Istruzioni *, Container: NINA.Sequencer.Container.SequentialContainer, Strategy: SequentialStrategy, Items[FINISHED]: 1
2026-09-16T00:13:04.4257|INFO|SequenceItem.cs|Run|208|Starting Category: Fotocamera, Item: TakeExposure, ExposureTime 600, Gain 15, Offset 132, ImageType LIGHT, Binning 1x1
2026-09-16T00:13:04.4264|INFO|CameraVM.cs|Capture|742|Starting Exposure - Exposure Time: 600s; Filter: ; Gain: 15; Offset 132; Binning: 1x1;
2026-09-16T00:23:10.5760|WARNING|DeviceUpdateTimer.cs|Run|115|Camera value update cycle took longer than the device poll interval (Total: 11.61s > 2s; Poll: 00:00:11.6078553; Update: 00:00:00.0002188)
2026-09-16T00:23:10.7209|INFO|SequenceItem.cs|Run|254|Finishing Category: Fotocamera, Item: TakeExposure, ExposureTime 600, Gain 15, Offset 132, ImageType LIGHT, Binning 1x1
2026-09-16T00:23:10.7216|INFO|MeridianFlipTrigger.cs|ShouldTrigger|296|Meridian Flip - (Side of Pier usage is disabled) There is still time remaining. Max remaining time 09:09:37.1723987, next instruction time 0, next instruction Category: Ruota porta filtri, Item: SwitchFilter, Filter: L-Pro
2026-09-16T00:23:10.7217|INFO|SequenceItem.cs|Run|208|Starting Category: Ruota porta filtri, Item: SwitchFilter, Filter: L-Pro
2026-09-16T00:23:10.8593|INFO|SequenceItem.cs|Run|254|Finishing Category: Ruota porta filtri, Item: SwitchFilter, Filter: L-Pro
2026-09-16T00:23:10.8595|INFO|SequenceTrigger.cs|Run|114|Starting Trigger: DitherAfterExposures, After Exposures: 1
2026-09-16T00:23:10.8596|INFO|SequenceItem.cs|Run|208|Starting Category: * Set di Istruzioni *, Container: NINA.Sequencer.Container.SequentialContainer, Strategy: SequentialStrategy, Items[CREATED]: 1
2026-09-16T00:23:10.8597|INFO|SequenceItem.cs|Run|208|Starting Category: Guida, Item: Dither
2026-09-16T00:23:13.7072|INFO|HocusFocusStarDetection.cs|Detect|413|Average HFR: 2.999596215895633, HFR MAD: 0.36380102577897677, Detected Stars 476, Region: 0
2026-09-16T00:23:14.3436|INFO|BaseImageData.cs|SaveToDisk|346|Saved image to D:\Images NINA\Target\LIGHT_1x1_600.00s_15_132_M 27_Celestron C8__-10.00C_L-Pro_0345_2026-09-16_00-13-04_FWHM_4.91_Fok_40122.xisf
2026-09-16T00:23:14.3437|INFO|ImageSaveController.cs|DoWork|97|Successfully saved file at D:\Images NINA\Target\LIGHT_1x1_600.00s_15_132_M 27_Celestron C8__-10.00C_L-Pro_0345_2026-09-16_00-13-04_FWHM_4.91_Fok_40122.xisf. Duration Total: 00:00:03.1854357; BeforeSave: 00:00:00.0000850; BeforeFinalizeImageSaved: 00:00:03.0987536; FinalizeSaveTime: 00:00:00.0865965
2026-09-16T00:23:51.7616|ERROR|PHD2Guider.cs|ProcessEvent|937|PHD2 error:timed-out waiting for guider to settle
2026-09-16T00:23:52.1230|INFO|SequenceItem.cs|Run|254|Finishing Category: Guida, Item: Dither
2026-09-16T00:23:52.1233|INFO|SequenceItem.cs|Run|254|Finishing Category: * Set di Istruzioni *, Container: NINA.Sequencer.Container.SequentialContainer, Strategy: SequentialStrategy, Items[FINISHED]: 1
2026-09-16T00:23:52.1244|INFO|MeridianFlipTrigger.cs|ShouldTrigger|296|Meridian Flip - (Side of Pier usage is disabled) There is still time remaining. Max remaining time 09:08:54.9165542, next instruction time 600, next instruction Category: Fotocamera, Item: TakeExposure, ExposureTime 600, Gain 15, Offset 132, ImageType LIGHT, Binning 1x1
2026-09-16T00:23:52.1244|INFO|SequenceTrigger.cs|Run|114|Starting Trigger: RestoreGuiding
2026-09-16T00:23:52.1245|INFO|SequenceItem.cs|Run|208|Starting Category: * Set di Istruzioni *, Container: NINA.Sequencer.Container.SequentialContainer, Strategy: SequentialStrategy, Items[CREATED]: 1
2026-09-16T00:23:52.1245|INFO|SequenceItem.cs|Run|208|Starting Category: Guida, Item: StartGuiding
2026-09-16T00:23:52.1515|INFO|PHD2Guider.cs|StartGuidingPrivate|504|Phd2 - App is already guiding. Skipping start guiding
2026-09-16T00:23:52.1541|INFO|SequenceItem.cs|Run|254|Finishing Category: Guida, Item: StartGuiding
2026-09-16T00:23:52.1557|INFO|SequenceItem.cs|Run|254|Finishing Category: * Set di Istruzioni *, Container: NINA.Sequencer.Container.SequentialContainer, Strategy: SequentialStrategy, Items[FINISHED]: 1
2026-09-16T00:23:52.1560|INFO|AutofocusAfterHFRIncreaseTrigger.cs|ShouldTrigger|221|Autofocus after HFR change should be triggered, as current HFR trend is 8.92% higher compared to threshold of 5%
2026-09-16T00:23:52.1561|INFO|SequenceTrigger.cs|Run|114|Starting Trigger: AutofocusAfterHFRIncreaseTrigger, Amount: 5
2026-09-16T00:23:52.1562|INFO|SequenceItem.cs|Run|208|Starting Category: * Set di Istruzioni *, Container: NINA.Sequencer.Container.SequentialContainer, Strategy: SequentialStrategy, Items[CREATED]: 1
2026-09-16T00:23:52.1562|INFO|SequenceItem.cs|Run|208|Starting Category: Focheggiatore, Item: RunAutofocus
2026-09-16T00:23:52.4064|INFO|FocuserMediator.cs|BroadcastAutoFocusRunStarting|92|Autofocus starting notification received
2026-09-16T00:23:53.5334|INFO|AutoFocusEngine.cs|RunAutoFocus|929|Starting AutoFocus with initial position 40122
2026-09-16T00:23:53.6545|INFO|CameraVM.cs|Capture|742|Starting Exposure - Exposure Time: 6s; Filter: L-Pro; Gain: 15; Offset 132; Binning: 2x2;
2026-09-16T00:24:00.9868|INFO|AutoFocusEngine.cs|StartBlindFocusPoints|769|Waiting on initial HFR analysis
2026-09-16T00:24:00.9876|INFO|FocuserVM.cs|MoveFocuserInternal|216|Moving Focuser to position 40922
2026-09-16T00:24:01.7498|INFO|HocusFocusStarDetection.cs|Detect|413|Average HFR: 1.7419111248294261, HFR MAD: 0.12217119553603517, Detected Stars 167, Region: 0
2026-09-16T00:24:09.3042|INFO|CameraVM.cs|Capture|742|Starting Exposure - Exposure Time: 6s; Filter: L-Pro; Gain: 15; Offset 132; Binning: 2x2;
2026-09-16T00:24:16.6192|INFO|FocuserVM.cs|MoveFocuserInternal|216|Moving Focuser to position 40722
2026-09-16T00:24:17.2779|INFO|HocusFocusStarDetection.cs|Detect|413|Average HFR: 1.7913334050586696, HFR MAD: 0.13831668622495075, Detected Stars 190, Region: 0
2026-09-16T00:24:21.9021|INFO|CameraVM.cs|Capture|742|Starting Exposure - Exposure Time: 6s; Filter: L-Pro; Gain: 15; Offset 132; Binning: 2x2;
2026-09-16T00:24:29.2354|INFO|FocuserVM.cs|MoveFocuserInternal|216|Moving Focuser to position 40522
2026-09-16T00:24:29.8652|INFO|HocusFocusStarDetection.cs|Detect|413|Average HFR: 1.8150213489883391, HFR MAD: 0.13746617615921997, Detected Stars 198, Region: 0
2026-09-16T00:24:35.1746|INFO|CameraVM.cs|Capture|742|Starting Exposure - Exposure Time: 6s; Filter: L-Pro; Gain: 15; Offset 132; Binning: 2x2;
2026-09-16T00:24:42.4869|INFO|FocuserVM.cs|MoveFocuserInternal|216|Moving Focuser to position 40322
2026-09-16T00:24:43.1291|INFO|HocusFocusStarDetection.cs|Detect|413|Average HFR: 1.6954316403027683, HFR MAD: 0.11748089137218365, Detected Stars 172, Region: 0
2026-09-16T00:24:47.8188|INFO|CameraVM.cs|Capture|742|Starting Exposure - Exposure Time: 6s; Filter: L-Pro; Gain: 15; Offset 132; Binning: 2x2;
2026-09-16T00:24:55.1414|INFO|AutoFocusEngine.cs|StartBlindFocusPoints|797|Waiting on initial focuser move analyses
2026-09-16T00:24:55.7805|INFO|HocusFocusStarDetection.cs|Detect|413|Average HFR: 1.6859578882639905, HFR MAD: 0.0971850934164964, Detected Stars 170, Region: 0
2026-09-16T00:24:55.8513|INFO|FocuserVM.cs|MoveFocuserInternal|216|Moving Focuser to position 40122
2026-09-16T00:25:01.1587|INFO|CameraVM.cs|Capture|742|Starting Exposure - Exposure Time: 6s; Filter: L-Pro; Gain: 15; Offset 132; Binning: 2x2;
2026-09-16T00:25:08.4875|INFO|AutoFocusEngine.cs|StartBlindFocusPoints|870|Waiting on next left movement analysis
2026-09-16T00:25:09.2065|INFO|HocusFocusStarDetection.cs|Detect|413|Average HFR: 1.6831283264203876, HFR MAD: 0.10666052493948452, Detected Stars 171, Region: 0
2026-09-16T00:25:09.2617|INFO|FocuserVM.cs|MoveFocuserInternal|216|Moving Focuser to position 39922
2026-09-16T00:25:15.2501|INFO|CameraVM.cs|Capture|742|Starting Exposure - Exposure Time: 6s; Filter: L-Pro; Gain: 15; Offset 132; Binning: 2x2;
2026-09-16T00:25:22.5624|INFO|AutoFocusEngine.cs|StartBlindFocusPoints|870|Waiting on next left movement analysis
2026-09-16T00:25:23.1958|INFO|HocusFocusStarDetection.cs|Detect|413|Average HFR: 1.784909895799592, HFR MAD: 0.1201848407725743, Detected Stars 189, Region: 0
2026-09-16T00:25:23.2964|INFO|FocuserVM.cs|MoveFocuserInternal|216|Moving Focuser to position 39722
2026-09-16T00:25:29.2051|INFO|CameraVM.cs|Capture|742|Starting Exposure - Exposure Time: 6s; Filter: L-Pro; Gain: 15; Offset 132; Binning: 2x2;
2026-09-16T00:25:36.5203|INFO|AutoFocusEngine.cs|StartBlindFocusPoints|870|Waiting on next left movement analysis
2026-09-16T00:25:37.1534|INFO|HocusFocusStarDetection.cs|Detect|413|Average HFR: 2.0070504952184263, HFR MAD: 0.21352755430076975, Detected Stars 211, Region: 0
2026-09-16T00:25:37.2154|INFO|FocuserVM.cs|MoveFocuserInternal|216|Moving Focuser to position 39522
2026-09-16T00:25:43.2109|INFO|CameraVM.cs|Capture|742|Starting Exposure - Exposure Time: 6s; Filter: L-Pro; Gain: 15; Offset 132; Binning: 2x2;
2026-09-16T00:25:50.5233|INFO|AutoFocusEngine.cs|StartBlindFocusPoints|870|Waiting on next left movement analysis
2026-09-16T00:25:51.1384|INFO|HocusFocusStarDetection.cs|Detect|413|Average HFR: 2.070936091638019, HFR MAD: 0.2172808269765656, Detected Stars 215, Region: 0
2026-09-16T00:25:51.2854|INFO|FocuserVM.cs|MoveFocuserInternal|216|Moving Focuser to position 39322
2026-09-16T00:25:57.1872|INFO|CameraVM.cs|Capture|742|Starting Exposure - Exposure Time: 6s; Filter: L-Pro; Gain: 15; Offset 132; Binning: 2x2;
2026-09-16T00:26:04.4976|INFO|AutoFocusEngine.cs|StartBlindFocusPoints|870|Waiting on next left movement analysis
2026-09-16T00:26:05.0618|INFO|HocusFocusStarDetection.cs|Detect|413|Average HFR: 2.271873068638476, HFR MAD: 0.23658423464454037, Detected Stars 204, Region: 0
2026-09-16T00:26:05.1549|INFO|FocuserVM.cs|MoveFocuserInternal|216|Moving Focuser to position 39122
2026-09-16T00:26:11.2679|INFO|CameraVM.cs|Capture|742|Starting Exposure - Exposure Time: 6s; Filter: L-Pro; Gain: 15; Offset 132; Binning: 2x2;
2026-09-16T00:26:18.6425|INFO|AutoFocusEngine.cs|StartBlindFocusPoints|870|Waiting on next left movement analysis
2026-09-16T00:26:19.3739|INFO|HocusFocusStarDetection.cs|Detect|413|Average HFR: 2.516988962121186, HFR MAD: 0.27234333241601094, Detected Stars 194, Region: 0
2026-09-16T00:26:19.4127|INFO|AutoFocusEngine.cs|StartBlindFocusPoints|823|Enough left trend points (4) with an established minimum (40322) to queue remaining right focus points up to 41122
2026-09-16T00:26:19.4131|INFO|FocuserVM.cs|MoveFocuserInternal|216|Moving Focuser to position 41122
2026-09-16T00:26:33.8308|INFO|CameraVM.cs|Capture|742|Starting Exposure - Exposure Time: 6s; Filter: L-Pro; Gain: 15; Offset 132; Binning: 2x2;
2026-09-16T00:26:41.1581|INFO|AutoFocusEngine.cs|StartBlindFocusPoints|896|Waiting on remaining AutoFocus analysis tasks
2026-09-16T00:26:41.8237|INFO|HocusFocusStarDetection.cs|Detect|413|Average HFR: 1.89557877834977, HFR MAD: 0.15972701366491648, Detected Stars 208, Region: 0
2026-09-16T00:26:41.8479|INFO|FocuserVM.cs|MoveFocuserInternal|216|Moving Focuser to position 40180
2026-09-16T00:26:51.1332|INFO|AutoFocusEngine.cs|ValidateCalculatedFocusPosition|1141|Validating HFR at final focus position 40180
2026-09-16T00:26:51.2780|INFO|CameraVM.cs|Capture|742|Starting Exposure - Exposure Time: 6s; Filter: L-Pro; Gain: 15; Offset 132; Binning: 2x2;
2026-09-16T00:26:59.3227|INFO|HocusFocusStarDetection.cs|Detect|413|Average HFR: 1.7323578525506889, HFR MAD: 0.11086913256419662, Detected Stars 181, Region: 0
2026-09-16T00:26:59.3447|INFO|HocusFocusVM.cs|AutoFocusEngine_Completed|473|AutoFocus completed with focuser starting at 40122 and ending at 40180
2026-09-16T00:26:59.3473|INFO|FocuserMediator.cs|BroadcastSuccessfulAutoFocusRun|46|Autofocus notification received - Temperature 20.75
2026-09-16T00:26:59.5567|INFO|AutoFocusEngine.cs|PerformPostAutoFocusActions|1022|Re-enabling temperature compensation after AutoFocus
2026-09-16T00:26:59.5891|INFO|PHD2Guider.cs|TryStartGuideCommand|641|Phd2 - Requesting to start guiding. Recalibrate: False
2026-09-16T00:27:52.2389|ERROR|PHD2Guider.cs|ProcessEvent|937|PHD2 error:timed-out waiting for guider to settle
2026-09-16T00:27:52.3072|INFO|SequenceItem.cs|Run|254|Finishing Category: Focheggiatore, Item: RunAutofocus
2026-09-16T00:27:52.3075|INFO|SequenceItem.cs|Run|254|Finishing Category: * Set di Istruzioni *, Container: NINA.Sequencer.Container.SequentialContainer, Strategy: SequentialStrategy, Items[FINISHED]: 1
2026-09-16T00:27:52.3076|INFO|SequenceItem.cs|Run|208|Starting Category: Fotocamera, Item: TakeExposure, ExposureTime 600, Gain 15, Offset 132, ImageType LIGHT, Binning 1x1
2026-09-16T00:27:52.3083|INFO|CameraVM.cs|Capture|742|Starting Exposure - Exposure Time: 600s; Filter: ; Gain: 15; Offset 132; Binning: 1x1;
2026-09-16T00:37:51.4126|WARNING|DeviceUpdateTimer.cs|Run|115|Dome value update cycle took longer than the device poll interval (Total: 3.70s > 2s; Poll: 00:00:00.0027736; Update: 00:00:03.6978872)
2026-09-16T00:37:58.5879|INFO|SequenceItem.cs|Run|254|Finishing Category: Fotocamera, Item: TakeExposure, ExposureTime 600, Gain 15, Offset 132, ImageType LIGHT, Binning 1x1
2026-09-16T00:37:58.5887|INFO|MeridianFlipTrigger.cs|ShouldTrigger|296|Meridian Flip - (Side of Pier usage is disabled) There is still time remaining. Max remaining time 08:54:46.3962908, next instruction time 0, next instruction Category: Ruota porta filtri, Item: SwitchFilter, Filter: L-Pro
2026-09-16T00:37:58.5887|INFO|SequenceItem.cs|Run|208|Starting Category: Ruota porta filtri, Item: SwitchFilter, Filter: L-Pro
2026-09-16T00:37:58.6590|WARNING|DeviceUpdateTimer.cs|Run|115|Camera value update cycle took longer than the device poll interval (Total: 11.57s > 2s; Poll: 00:00:11.4962199; Update: 00:00:00.0700424)
2026-09-16T00:37:58.7559|INFO|SequenceItem.cs|Run|254|Finishing Category: Ruota porta filtri, Item: SwitchFilter, Filter: L-Pro
2026-09-16T00:37:58.7562|INFO|SequenceTrigger.cs|Run|114|Starting Trigger: DitherAfterExposures, After Exposures: 1
2026-09-16T00:37:58.7563|INFO|SequenceItem.cs|Run|208|Starting Category: * Set di Istruzioni *, Container: NINA.Sequencer.Container.SequentialContainer, Strategy: SequentialStrategy, Items[CREATED]: 1
2026-09-16T00:37:58.7564|INFO|SequenceItem.cs|Run|208|Starting Category: Guida, Item: Dither
2026-09-16T00:38:02.0585|INFO|HocusFocusStarDetection.cs|Detect|413|Average HFR: 2.692987305745538, HFR MAD: 0.3429647833608236, Detected Stars 591, Region: 0
2026-09-16T00:38:02.6458|INFO|BaseImageData.cs|SaveToDisk|346|Saved image to D:\Images NINA\Target\LIGHT_1x1_600.00s_15_132_M 27_Celestron C8__-9.96C_L-Pro_0346_2026-09-16_00-27-52_FWHM_4.30_Fok_40180.xisf
2026-09-16T00:38:02.6459|INFO|ImageSaveController.cs|DoWork|97|Successfully saved file at D:\Images NINA\Target\LIGHT_1x1_600.00s_15_132_M 27_Celestron C8__-9.96C_L-Pro_0346_2026-09-16_00-27-52_FWHM_4.30_Fok_40180.xisf. Duration Total: 00:00:03.5462921; BeforeSave: 00:00:00.0002064; BeforeFinalizeImageSaved: 00:00:03.4974685; FinalizeSaveTime: 00:00:00.0486165
2026-09-16T00:38:41.1551|ERROR|PHD2Guider.cs|ProcessEvent|937|PHD2 error:timed-out waiting for guider to settle
2026-09-16T00:38:41.1849|INFO|SequenceItem.cs|Run|254|Finishing Category: Guida, Item: Dither
2026-09-16T00:38:41.1851|INFO|SequenceItem.cs|Run|254|Finishing Category: * Set di Istruzioni *, Container: NINA.Sequencer.Container.SequentialContainer, Strategy: SequentialStrategy, Items[FINISHED]: 1
2026-09-16T00:38:41.1858|INFO|MeridianFlipTrigger.cs|ShouldTrigger|296|Meridian Flip - (Side of Pier usage is disabled) There is still time remaining. Max remaining time 08:54:02.0376478, next instruction time 600, next instruction Category: Fotocamera, Item: TakeExposure, ExposureTime 600, Gain 15, Offset 132, ImageType LIGHT, Binning 1x1
2026-09-16T00:38:41.1858|INFO|SequenceTrigger.cs|Run|114|Starting Trigger: RestoreGuiding
2026-09-16T00:38:41.1858|INFO|SequenceItem.cs|Run|208|Starting Category: * Set di Istruzioni *, Container: NINA.Sequencer.Container.SequentialContainer, Strategy: SequentialStrategy, Items[CREATED]: 1
2026-09-16T00:38:41.1859|INFO|SequenceItem.cs|Run|208|Starting Category: Guida, Item: StartGuiding
2026-09-16T00:38:41.2123|INFO|PHD2Guider.cs|StartGuidingPrivate|504|Phd2 - App is already guiding. Skipping start guiding
2026-09-16T00:38:41.2149|INFO|SequenceItem.cs|Run|254|Finishing Category: Guida, Item: StartGuiding
2026-09-16T00:38:41.2166|INFO|SequenceItem.cs|Run|254|Finishing Category: * Set di Istruzioni *, Container: NINA.Sequencer.Container.SequentialContainer, Strategy: SequentialStrategy, Items[FINISHED]: 1
2026-09-16T00:38:41.2170|INFO|SequenceItem.cs|Run|208|Starting Category: Fotocamera, Item: TakeExposure, ExposureTime 600, Gain 15, Offset 132, ImageType LIGHT, Binning 1x1
2026-09-16T00:38:41.2304|INFO|CameraVM.cs|Capture|742|Starting Exposure - Exposure Time: 600s; Filter: ; Gain: 15; Offset 132; Binning: 1x1;
2026-09-16T00:48:45.9702|WARNING|DeviceUpdateTimer.cs|Run|115|Dome value update cycle took longer than the device poll interval (Total: 2.65s > 2s; Poll: 00:00:00.0039187; Update: 00:00:02.6491262)
2026-09-16T00:48:47.4747|WARNING|DeviceUpdateTimer.cs|Run|115|Camera value update cycle took longer than the device poll interval (Total: 10.50s > 2s; Poll: 00:00:10.4752875; Update: 00:00:00.0231592)
2026-09-16T00:48:47.5287|INFO|SequenceItem.cs|Run|254|Finishing Category: Fotocamera, Item: TakeExposure, ExposureTime 600, Gain 15, Offset 132, ImageType LIGHT, Binning 1x1
2026-09-16T00:48:47.5294|INFO|MeridianFlipTrigger.cs|ShouldTrigger|296|Meridian Flip - (Side of Pier usage is disabled) There is still time remaining. Max remaining time 08:43:54.6338269, next instruction time 0, next instruction Category: Ruota porta filtri, Item: SwitchFilter, Filter: L-Pro
2026-09-16T00:48:47.5294|INFO|SequenceItem.cs|Run|208|Starting Category: Ruota porta filtri, Item: SwitchFilter, Filter: L-Pro
2026-09-16T00:48:47.7142|INFO|SequenceItem.cs|Run|254|Finishing Category: Ruota porta filtri, Item: SwitchFilter, Filter: L-Pro
2026-09-16T00:48:47.7145|INFO|SequenceTrigger.cs|Run|114|Starting Trigger: DitherAfterExposures, After Exposures: 1
2026-09-16T00:48:47.7146|INFO|SequenceItem.cs|Run|208|Starting Category: * Set di Istruzioni *, Container: NINA.Sequencer.Container.SequentialContainer, Strategy: SequentialStrategy, Items[CREATED]: 1
2026-09-16T00:48:47.7146|INFO|SequenceItem.cs|Run|208|Starting Category: Guida, Item: Dither
2026-09-16T00:48:50.9765|INFO|HocusFocusStarDetection.cs|Detect|413|Average HFR: 2.800786471455357, HFR MAD: 0.33640026042227067, Detected Stars 555, Region: 0
2026-09-16T00:48:51.3933|INFO|BaseImageData.cs|SaveToDisk|346|Saved image to D:\Images NINA\Target\LIGHT_1x1_600.00s_15_132_M 27_Celestron C8__-9.91C_L-Pro_0347_2026-09-16_00-38-41_FWHM_4.48_Fok_40180.xisf
2026-09-16T00:48:51.3935|INFO|ImageSaveController.cs|DoWork|97|Successfully saved file at D:\Images NINA\Target\LIGHT_1x1_600.00s_15_132_M 27_Celestron C8__-9.91C_L-Pro_0347_2026-09-16_00-38-41_FWHM_4.48_Fok_40180.xisf. Duration Total: 00:00:03.5629299; BeforeSave: 00:00:00.0000628; BeforeFinalizeImageSaved: 00:00:03.4749353; FinalizeSaveTime: 00:00:00.0879315
2026-09-16T00:49:28.7846|ERROR|PHD2Guider.cs|ProcessEvent|937|PHD2 error:timed-out waiting for guider to settle
2026-09-16T00:49:28.8043|INFO|SequenceItem.cs|Run|254|Finishing Category: Guida, Item: Dither
2026-09-16T00:49:28.8045|INFO|SequenceItem.cs|Run|254|Finishing Category: * Set di Istruzioni *, Container: NINA.Sequencer.Container.SequentialContainer, Strategy: SequentialStrategy, Items[FINISHED]: 1
2026-09-16T00:49:28.8051|INFO|MeridianFlipTrigger.cs|ShouldTrigger|296|Meridian Flip - (Side of Pier usage is disabled) There is still time remaining. Max remaining time 08:43:14.0034597, next instruction time 600, next instruction Category: Fotocamera, Item: TakeExposure, ExposureTime 600, Gain 15, Offset 132, ImageType LIGHT, Binning 1x1
2026-09-16T00:49:28.8051|INFO|SequenceTrigger.cs|Run|114|Starting Trigger: RestoreGuiding
2026-09-16T00:49:28.8052|INFO|SequenceItem.cs|Run|208|Starting Category: * Set di Istruzioni *, Container: NINA.Sequencer.Container.SequentialContainer, Strategy: SequentialStrategy, Items[CREATED]: 1
2026-09-16T00:49:28.8052|INFO|SequenceItem.cs|Run|208|Starting Category: Guida, Item: StartGuiding
2026-09-16T00:49:28.8354|INFO|PHD2Guider.cs|StartGuidingPrivate|504|Phd2 - App is already guiding. Skipping start guiding
2026-09-16T00:49:28.8355|INFO|SequenceItem.cs|Run|254|Finishing Category: Guida, Item: StartGuiding
2026-09-16T00:49:28.8357|INFO|SequenceItem.cs|Run|254|Finishing Category: * Set di Istruzioni *, Container: NINA.Sequencer.Container.SequentialContainer, Strategy: SequentialStrategy, Items[FINISHED]: 1
2026-09-16T00:49:28.8358|INFO|SequenceItem.cs|Run|208|Starting Category: Fotocamera, Item: TakeExposure, ExposureTime 600, Gain 15, Offset 132, ImageType LIGHT, Binning 1x1
2026-09-16T00:49:28.8362|INFO|CameraVM.cs|Capture|742|Starting Exposure - Exposure Time: 600s; Filter: ; Gain: 15; Offset 132; Binning: 1x1;
2026-09-16T00:59:35.0376|WARNING|DeviceUpdateTimer.cs|Run|115|Camera value update cycle took longer than the device poll interval (Total: 10.06s > 2s; Poll: 00:00:10.0485500; Update: 00:00:00.0110400)
2026-09-16T00:59:35.0589|INFO|SequenceItem.cs|Run|254|Finishing Category: Fotocamera, Item: TakeExposure, ExposureTime 600, Gain 15, Offset 132, ImageType LIGHT, Binning 1x1
2026-09-16T00:59:35.0597|INFO|MeridianFlipTrigger.cs|ShouldTrigger|296|Meridian Flip - (Side of Pier usage is disabled) There is still time remaining. Max remaining time 08:33:06.8418914, next instruction time 0, next instruction Category: Ruota porta filtri, Item: SwitchFilter, Filter: L-Pro
2026-09-16T00:59:35.0597|INFO|SequenceItem.cs|Run|208|Starting Category: Ruota porta filtri, Item: SwitchFilter, Filter: L-Pro
2026-09-16T00:59:35.2189|INFO|SequenceItem.cs|Run|254|Finishing Category: Ruota porta filtri, Item: SwitchFilter, Filter: L-Pro
2026-09-16T00:59:35.2192|INFO|SequenceTrigger.cs|Run|114|Starting Trigger: DitherAfterExposures, After Exposures: 1
2026-09-16T00:59:35.2193|INFO|SequenceItem.cs|Run|208|Starting Category: * Set di Istruzioni *, Container: NINA.Sequencer.Container.SequentialContainer, Strategy: SequentialStrategy, Items[CREATED]: 1
2026-09-16T00:59:35.2194|INFO|SequenceItem.cs|Run|208|Starting Category: Guida, Item: Dither
2026-09-16T00:59:35.5919|INFO|ImageSolver.cs|Solve|41|Platesolving with parameters: FocalLength: 1260 PixelSize: 4.54 SearchRadius: 30 BlindFailoverEnabled: True Regions: 5000 DownSampleFactor: 2 MaxObjects: 500 Reference Coordinates RA: 19:59:26 Dec: 24° 16' 06" Epoch: J2000
2026-09-16T00:59:36.1936|INFO|BaseImageData.cs|SaveToDisk|346|Saved image to C:\Users\PrimaLuceLab\AppData\Local\NINA\PlateSolver\xdxphiz0.045.fits
2026-09-16T00:59:39.4648|INFO|HocusFocusStarDetection.cs|Detect|413|Average HFR: 2.7569024040348795, HFR MAD: 0.3467766699060033, Detected Stars 600, Region: 0
2026-09-16T00:59:40.2288|INFO|BaseImageData.cs|SaveToDisk|346|Saved image to D:\Images NINA\Target\LIGHT_1x1_600.00s_15_132_M 27_Celestron C8__-9.96C_L-Pro_0348_2026-09-16_00-49-28_FWHM_4.37_Fok_40180.xisf
2026-09-16T00:59:40.2290|INFO|ImageSaveController.cs|DoWork|97|Successfully saved file at D:\Images NINA\Target\LIGHT_1x1_600.00s_15_132_M 27_Celestron C8__-9.96C_L-Pro_0348_2026-09-16_00-49-28_FWHM_4.37_Fok_40180.xisf. Duration Total: 00:00:04.6372880; BeforeSave: 00:00:00.0001245; BeforeFinalizeImageSaved: 00:00:04.5871363; FinalizeSaveTime: 00:00:00.0500266
2026-09-16T00:59:40.4493|WARNING|DeviceUpdateTimer.cs|Run|115|Dome value update cycle took longer than the device poll interval (Total: 3.07s > 2s; Poll: 00:00:00.2662557; Update: 00:00:02.8049582)
2026-09-16T00:59:42.0191|INFO|ImageSolver.cs|Solve|54|Platesolve successful: Coordinates: RA: 19:59:35; Dec: 22° 43' 10"; Epoch: J2000 - Position Angle: 73.22808098461934
2026-09-16T00:59:42.0193|INFO|CenterAfterDriftTrigger.cs|PlatesolvingImageFollower_PropertyChanged|189|Drift: 0.25721493422224706 / 3 arc minutes
2026-09-16T01:00:16.8148|ERROR|PHD2Guider.cs|ProcessEvent|937|PHD2 error:timed-out waiting for guider to settle
2026-09-16T01:00:17.2561|INFO|SequenceItem.cs|Run|254|Finishing Category: Guida, Item: Dither
2026-09-16T01:00:17.2564|INFO|SequenceItem.cs|Run|254|Finishing Category: * Set di Istruzioni *, Container: NINA.Sequencer.Container.SequentialContainer, Strategy: SequentialStrategy, Items[FINISHED]: 1
2026-09-16T01:00:17.2569|INFO|MeridianFlipTrigger.cs|ShouldTrigger|296|Meridian Flip - (Side of Pier usage is disabled) There is still time remaining. Max remaining time 08:32:22.5219159, next instruction time 600, next instruction Category: Fotocamera, Item: TakeExposure, ExposureTime 600, Gain 15, Offset 132, ImageType LIGHT, Binning 1x1
2026-09-16T01:00:17.2570|INFO|SequenceTrigger.cs|Run|114|Starting Trigger: RestoreGuiding
2026-09-16T01:00:17.2570|INFO|SequenceItem.cs|Run|208|Starting Category: * Set di Istruzioni *, Container: NINA.Sequencer.Container.SequentialContainer, Strategy: SequentialStrategy, Items[CREATED]: 1
2026-09-16T01:00:17.2571|INFO|SequenceItem.cs|Run|208|Starting Category: Guida, Item: StartGuiding
2026-09-16T01:00:17.2891|INFO|PHD2Guider.cs|StartGuidingPrivate|504|Phd2 - App is already guiding. Skipping start guiding
2026-09-16T01:00:17.2892|INFO|SequenceItem.cs|Run|254|Finishing Category: Guida, Item: StartGuiding
2026-09-16T01:00:17.2893|INFO|SequenceItem.cs|Run|254|Finishing Category: * Set di Istruzioni *, Container: NINA.Sequencer.Container.SequentialContainer, Strategy: SequentialStrategy, Items[FINISHED]: 1
2026-09-16T01:00:17.2896|INFO|SequenceItem.cs|Run|208|Starting Category: Fotocamera, Item: TakeExposure, ExposureTime 600, Gain 15, Offset 132, ImageType LIGHT, Binning 1x1
2026-09-16T01:00:17.2915|INFO|CameraVM.cs|Capture|742|Starting Exposure - Exposure Time: 600s; Filter: ; Gain: 15; Offset 132; Binning: 1x1;
2026-09-16T01:10:19.8496|WARNING|DeviceUpdateTimer.cs|Run|115|Dome value update cycle took longer than the device poll interval (Total: 2.40s > 2s; Poll: 00:00:00.0048834; Update: 00:00:02.3916882)
2026-09-16T01:10:23.5331|WARNING|DeviceUpdateTimer.cs|Run|115|Camera value update cycle took longer than the device poll interval (Total: 10.46s > 2s; Poll: 00:00:10.4600077; Update: 00:00:00.0000525)
2026-09-16T01:10:23.5377|INFO|SequenceItem.cs|Run|254|Finishing Category: Fotocamera, Item: TakeExposure, ExposureTime 600, Gain 15, Offset 132, ImageType LIGHT, Binning 1x1
2026-09-16T01:10:23.5385|INFO|MeridianFlipTrigger.cs|ShouldTrigger|296|Meridian Flip - (Side of Pier usage is disabled) There is still time remaining. Max remaining time 08:22:14.8317967, next instruction time 0, next instruction Category: Ruota porta filtri, Item: SwitchFilter, Filter: L-Pro
2026-09-16T01:10:23.5385|INFO|SequenceItem.cs|Run|208|Starting Category: Ruota porta filtri, Item: SwitchFilter, Filter: L-Pro
2026-09-16T01:10:23.7537|INFO|SequenceItem.cs|Run|254|Finishing Category: Ruota porta filtri, Item: SwitchFilter, Filter: L-Pro
2026-09-16T01:10:23.7540|INFO|SequenceTrigger.cs|Run|114|Starting Trigger: DitherAfterExposures, After Exposures: 1
2026-09-16T01:10:23.7541|INFO|SequenceItem.cs|Run|208|Starting Category: * Set di Istruzioni *, Container: NINA.Sequencer.Container.SequentialContainer, Strategy: SequentialStrategy, Items[CREATED]: 1
2026-09-16T01:10:23.7541|INFO|SequenceItem.cs|Run|208|Starting Category: Guida, Item: Dither
2026-09-16T01:10:27.4473|INFO|HocusFocusStarDetection.cs|Detect|413|Average HFR: 2.6325282826701777, HFR MAD: 0.3194974301707565, Detected Stars 648, Region: 0
2026-09-16T01:10:27.9332|INFO|BaseImageData.cs|SaveToDisk|346|Saved image to D:\Images NINA\Target\LIGHT_1x1_600.00s_15_132_M 27_Celestron C8__-9.96C_L-Pro_0349_2026-09-16_01-00-17_FWHM_4.19_Fok_40180.xisf
2026-09-16T01:10:27.9339|INFO|ImageSaveController.cs|DoWork|97|Successfully saved file at D:\Images NINA\Target\LIGHT_1x1_600.00s_15_132_M 27_Celestron C8__-9.96C_L-Pro_0349_2026-09-16_01-00-17_FWHM_4.19_Fok_40180.xisf. Duration Total: 00:00:04.0225505; BeforeSave: 00:00:00.0001458; BeforeFinalizeImageSaved: 00:00:03.9815033; FinalizeSaveTime: 00:00:00.0409002
2026-09-16T01:11:05.8218|ERROR|PHD2Guider.cs|ProcessEvent|937|PHD2 error:timed-out waiting for guider to settle
2026-09-16T01:11:06.2761|INFO|SequenceItem.cs|Run|254|Finishing Category: Guida, Item: Dither
2026-09-16T01:11:06.2763|INFO|SequenceItem.cs|Run|254|Finishing Category: * Set di Istruzioni *, Container: NINA.Sequencer.Container.SequentialContainer, Strategy: SequentialStrategy, Items[FINISHED]: 1
2026-09-16T01:11:06.2768|INFO|MeridianFlipTrigger.cs|ShouldTrigger|296|Meridian Flip - (Side of Pier usage is disabled) There is still time remaining. Max remaining time 08:21:32.7154605, next instruction time 600, next instruction Category: Fotocamera, Item: TakeExposure, ExposureTime 600, Gain 15, Offset 132, ImageType LIGHT, Binning 1x1
2026-09-16T01:11:06.2768|INFO|SequenceTrigger.cs|Run|114|Starting Trigger: RestoreGuiding
2026-09-16T01:11:06.2769|INFO|SequenceItem.cs|Run|208|Starting Category: * Set di Istruzioni *, Container: NINA.Sequencer.Container.SequentialContainer, Strategy: SequentialStrategy, Items[CREATED]: 1
2026-09-16T01:11:06.2770|INFO|SequenceItem.cs|Run|208|Starting Category: Guida, Item: StartGuiding
2026-09-16T01:11:06.3149|INFO|PHD2Guider.cs|StartGuidingPrivate|504|Phd2 - App is already guiding. Skipping start guiding
2026-09-16T01:11:06.3150|INFO|SequenceItem.cs|Run|254|Finishing Category: Guida, Item: StartGuiding
2026-09-16T01:11:06.3151|INFO|SequenceItem.cs|Run|254|Finishing Category: * Set di Istruzioni *, Container: NINA.Sequencer.Container.SequentialContainer, Strategy: SequentialStrategy, Items[FINISHED]: 1
2026-09-16T01:11:06.3152|INFO|SequenceItem.cs|Run|208|Starting Category: Fotocamera, Item: TakeExposure, ExposureTime 600, Gain 15, Offset 132, ImageType LIGHT, Binning 1x1
2026-09-16T01:11:06.3395|INFO|CameraVM.cs|Capture|742|Starting Exposure - Exposure Time: 600s; Filter: ; Gain: 15; Offset 132; Binning: 1x1;
2026-09-16T01:21:09.4133|WARNING|DeviceUpdateTimer.cs|Run|115|Dome value update cycle took longer than the device poll interval (Total: 5.90s > 2s; Poll: 00:00:00.0028107; Update: 00:00:05.8981060)
2026-09-16T01:21:12.5443|WARNING|DeviceUpdateTimer.cs|Run|115|Camera value update cycle took longer than the device poll interval (Total: 11.52s > 2s; Poll: 00:00:11.5231329; Update: 00:00:00.0016613)
2026-09-16T01:21:12.5452|INFO|SequenceItem.cs|Run|254|Finishing Category: Fotocamera, Item: TakeExposure, ExposureTime 600, Gain 15, Offset 132, ImageType LIGHT, Binning 1x1
2026-09-16T01:21:12.5461|INFO|MeridianFlipTrigger.cs|ShouldTrigger|296|Meridian Flip - (Side of Pier usage is disabled) There is still time remaining. Max remaining time 08:11:25.0516372, next instruction time 0, next instruction Category: Ruota porta filtri, Item: SwitchFilter, Filter: L-Pro
2026-09-16T01:21:12.5461|INFO|SequenceItem.cs|Run|208|Starting Category: Ruota porta filtri, Item: SwitchFilter, Filter: L-Pro
2026-09-16T01:21:12.6924|INFO|SequenceItem.cs|Run|254|Finishing Category: Ruota porta filtri, Item: SwitchFilter, Filter: L-Pro
2026-09-16T01:21:12.6927|INFO|SequenceTrigger.cs|Run|114|Starting Trigger: DitherAfterExposures, After Exposures: 1
2026-09-16T01:21:12.6928|INFO|SequenceItem.cs|Run|208|Starting Category: * Set di Istruzioni *, Container: NINA.Sequencer.Container.SequentialContainer, Strategy: SequentialStrategy, Items[CREATED]: 1
2026-09-16T01:21:12.6929|INFO|SequenceItem.cs|Run|208|Starting Category: Guida, Item: Dither
2026-09-16T01:21:16.4827|INFO|HocusFocusStarDetection.cs|Detect|413|Average HFR: 2.6457429410265014, HFR MAD: 0.31400647532433545, Detected Stars 651, Region: 0
2026-09-16T01:21:16.8409|INFO|BaseImageData.cs|SaveToDisk|346|Saved image to D:\Images NINA\Target\LIGHT_1x1_600.00s_15_132_M 27_Celestron C8__-9.96C_L-Pro_0350_2026-09-16_01-11-06_FWHM_4.21_Fok_40180.xisf
2026-09-16T01:21:16.8411|INFO|ImageSaveController.cs|DoWork|97|Successfully saved file at D:\Images NINA\Target\LIGHT_1x1_600.00s_15_132_M 27_Celestron C8__-9.96C_L-Pro_0350_2026-09-16_01-11-06_FWHM_4.21_Fok_40180.xisf. Duration Total: 00:00:03.9859478; BeforeSave: 00:00:00.0000764; BeforeFinalizeImageSaved: 00:00:03.9380234; FinalizeSaveTime: 00:00:00.0478472
2026-09-16T01:21:55.6450|ERROR|PHD2Guider.cs|ProcessEvent|937|PHD2 error:timed-out waiting for guider to settle
2026-09-16T01:21:55.8772|INFO|SequenceItem.cs|Run|254|Finishing Category: Guida, Item: Dither
2026-09-16T01:21:55.8774|INFO|SequenceItem.cs|Run|254|Finishing Category: * Set di Istruzioni *, Container: NINA.Sequencer.Container.SequentialContainer, Strategy: SequentialStrategy, Items[FINISHED]: 1
2026-09-16T01:21:55.8779|INFO|MeridianFlipTrigger.cs|ShouldTrigger|296|Meridian Flip - (Side of Pier usage is disabled) There is still time remaining. Max remaining time 08:10:40.8656602, next instruction time 600, next instruction Category: Fotocamera, Item: TakeExposure, ExposureTime 600, Gain 15, Offset 132, ImageType LIGHT, Binning 1x1
2026-09-16T01:21:55.8780|INFO|SequenceTrigger.cs|Run|114|Starting Trigger: RestoreGuiding
2026-09-16T01:21:55.8780|INFO|SequenceItem.cs|Run|208|Starting Category: * Set di Istruzioni *, Container: NINA.Sequencer.Container.SequentialContainer, Strategy: SequentialStrategy, Items[CREATED]: 1
2026-09-16T01:21:55.8781|INFO|SequenceItem.cs|Run|208|Starting Category: Guida, Item: StartGuiding
2026-09-16T01:21:55.9201|INFO|PHD2Guider.cs|StartGuidingPrivate|504|Phd2 - App is already guiding. Skipping start guiding
2026-09-16T01:21:55.9202|INFO|SequenceItem.cs|Run|254|Finishing Category: Guida, Item: StartGuiding
2026-09-16T01:21:55.9207|INFO|SequenceItem.cs|Run|254|Finishing Category: * Set di Istruzioni *, Container: NINA.Sequencer.Container.SequentialContainer, Strategy: SequentialStrategy, Items[FINISHED]: 1
2026-09-16T01:21:55.9210|INFO|SequenceItem.cs|Run|208|Starting Category: Fotocamera, Item: TakeExposure, ExposureTime 600, Gain 15, Offset 132, ImageType LIGHT, Binning 1x1
2026-09-16T01:21:55.9484|INFO|CameraVM.cs|Capture|742|Starting Exposure - Exposure Time: 600s; Filter: ; Gain: 15; Offset 132; Binning: 1x1;
2026-09-16T01:32:02.1322|WARNING|DeviceUpdateTimer.cs|Run|115|Camera value update cycle took longer than the device poll interval (Total: 11.15s > 2s; Poll: 00:00:11.1411240; Update: 00:00:00.0047846)
2026-09-16T01:32:02.1941|INFO|SequenceItem.cs|Run|254|Finishing Category: Fotocamera, Item: TakeExposure, ExposureTime 600, Gain 15, Offset 132, ImageType LIGHT, Binning 1x1
2026-09-16T01:32:02.1948|INFO|MeridianFlipTrigger.cs|ShouldTrigger|296|Meridian Flip - (Side of Pier usage is disabled) There is still time remaining. Max remaining time 08:00:33.2278551, next instruction time 0, next instruction Category: Ruota porta filtri, Item: SwitchFilter, Filter: L-Pro
2026-09-16T01:32:02.1949|INFO|SequenceItem.cs|Run|208|Starting Category: Ruota porta filtri, Item: SwitchFilter, Filter: L-Pro
2026-09-16T01:32:02.3661|INFO|SequenceItem.cs|Run|254|Finishing Category: Ruota porta filtri, Item: SwitchFilter, Filter: L-Pro
2026-09-16T01:32:02.3664|INFO|SequenceTrigger.cs|Run|114|Starting Trigger: DitherAfterExposures, After Exposures: 1
2026-09-16T01:32:02.3665|INFO|SequenceItem.cs|Run|208|Starting Category: * Set di Istruzioni *, Container: NINA.Sequencer.Container.SequentialContainer, Strategy: SequentialStrategy, Items[CREATED]: 1
2026-09-16T01:32:02.3665|INFO|SequenceItem.cs|Run|208|Starting Category: Guida, Item: Dither
2026-09-16T01:32:05.8047|INFO|HocusFocusStarDetection.cs|Detect|413|Average HFR: 2.805813812313723, HFR MAD: 0.3421096622985651, Detected Stars 555, Region: 0
2026-09-16T01:32:06.2253|INFO|BaseImageData.cs|SaveToDisk|346|Saved image to D:\Images NINA\Target\LIGHT_1x1_600.00s_15_132_M 27_Celestron C8__-10.00C_L-Pro_0351_2026-09-16_01-21-56_FWHM_4.43_Fok_40180.xisf
2026-09-16T01:32:06.2254|INFO|ImageSaveController.cs|DoWork|97|Successfully saved file at D:\Images NINA\Target\LIGHT_1x1_600.00s_15_132_M 27_Celestron C8__-10.00C_L-Pro_0351_2026-09-16_01-21-56_FWHM_4.43_Fok_40180.xisf. Duration Total: 00:00:03.7356461; BeforeSave: 00:00:00.0000770; BeforeFinalizeImageSaved: 00:00:03.6985181; FinalizeSaveTime: 00:00:00.0370501
2026-09-16T01:32:43.1858|ERROR|PHD2Guider.cs|ProcessEvent|937|PHD2 error:timed-out waiting for guider to settle
2026-09-16T01:32:43.5819|INFO|SequenceItem.cs|Run|254|Finishing Category: Guida, Item: Dither
2026-09-16T01:32:43.5821|INFO|SequenceItem.cs|Run|254|Finishing Category: * Set di Istruzioni *, Container: NINA.Sequencer.Container.SequentialContainer, Strategy: SequentialStrategy, Items[FINISHED]: 1
2026-09-16T01:32:43.5827|INFO|MeridianFlipTrigger.cs|ShouldTrigger|296|Meridian Flip - (Side of Pier usage is disabled) There is still time remaining. Max remaining time 07:59:51.6663103, next instruction time 600, next instruction Category: Fotocamera, Item: TakeExposure, ExposureTime 600, Gain 15, Offset 132, ImageType LIGHT, Binning 1x1
2026-09-16T01:32:43.5827|INFO|SequenceTrigger.cs|Run|114|Starting Trigger: RestoreGuiding
2026-09-16T01:32:43.5828|INFO|SequenceItem.cs|Run|208|Starting Category: * Set di Istruzioni *, Container: NINA.Sequencer.Container.SequentialContainer, Strategy: SequentialStrategy, Items[CREATED]: 1
2026-09-16T01:32:43.5828|INFO|SequenceItem.cs|Run|208|Starting Category: Guida, Item: StartGuiding
2026-09-16T01:32:43.6135|INFO|PHD2Guider.cs|StartGuidingPrivate|504|Phd2 - App is already guiding. Skipping start guiding
2026-09-16T01:32:43.6136|INFO|SequenceItem.cs|Run|254|Finishing Category: Guida, Item: StartGuiding
2026-09-16T01:32:43.6137|INFO|SequenceItem.cs|Run|254|Finishing Category: * Set di Istruzioni *, Container: NINA.Sequencer.Container.SequentialContainer, Strategy: SequentialStrategy, Items[FINISHED]: 1
2026-09-16T01:32:43.6139|INFO|SequenceItem.cs|Run|208|Starting Category: Fotocamera, Item: TakeExposure, ExposureTime 600, Gain 15, Offset 132, ImageType LIGHT, Binning 1x1
2026-09-16T01:32:43.6210|INFO|CameraVM.cs|Capture|742|Starting Exposure - Exposure Time: 600s; Filter: ; Gain: 15; Offset 132; Binning: 1x1;
2026-09-16T01:42:41.3445|WARNING|DeviceUpdateTimer.cs|Run|115|Dome value update cycle took longer than the device poll interval (Total: 2.74s > 2s; Poll: 00:00:00.0034268; Update: 00:00:02.7328839)
2026-09-16T01:42:49.7952|WARNING|DeviceUpdateTimer.cs|Run|115|Camera value update cycle took longer than the device poll interval (Total: 8.35s > 2s; Poll: 00:00:08.3508478; Update: 00:00:00.0009253)
2026-09-16T01:42:49.8220|INFO|SequenceItem.cs|Run|254|Finishing Category: Fotocamera, Item: TakeExposure, ExposureTime 600, Gain 15, Offset 132, ImageType LIGHT, Binning 1x1
2026-09-16T01:42:49.8243|INFO|MeridianFlipTrigger.cs|ShouldTrigger|296|Meridian Flip - (Side of Pier usage is disabled) There is still time remaining. Max remaining time 07:49:43.2386777, next instruction time 0, next instruction Category: Ruota porta filtri, Item: SwitchFilter, Filter: L-Pro
2026-09-16T01:42:49.8244|INFO|SequenceItem.cs|Run|208|Starting Category: Ruota porta filtri, Item: SwitchFilter, Filter: L-Pro
2026-09-16T01:42:50.0051|INFO|SequenceItem.cs|Run|254|Finishing Category: Ruota porta filtri, Item: SwitchFilter, Filter: L-Pro
2026-09-16T01:42:50.0054|INFO|SequenceTrigger.cs|Run|114|Starting Trigger: DitherAfterExposures, After Exposures: 1
2026-09-16T01:42:50.0055|INFO|SequenceItem.cs|Run|208|Starting Category: * Set di Istruzioni *, Container: NINA.Sequencer.Container.SequentialContainer, Strategy: SequentialStrategy, Items[CREATED]: 1
2026-09-16T01:42:50.0056|INFO|SequenceItem.cs|Run|208|Starting Category: Guida, Item: Dither
2026-09-16T01:42:52.9339|INFO|HocusFocusStarDetection.cs|Detect|413|Average HFR: 2.8733079096046423, HFR MAD: 0.33609481018301235, Detected Stars 535, Region: 0
2026-09-16T01:42:53.3331|INFO|BaseImageData.cs|SaveToDisk|346|Saved image to D:\Images NINA\Target\LIGHT_1x1_600.00s_15_132_M 27_Celestron C8__-9.96C_L-Pro_0352_2026-09-16_01-32-43_FWHM_4.70_Fok_40180.xisf
2026-09-16T01:42:53.3332|INFO|ImageSaveController.cs|DoWork|97|Successfully saved file at D:\Images NINA\Target\LIGHT_1x1_600.00s_15_132_M 27_Celestron C8__-9.96C_L-Pro_0352_2026-09-16_01-32-43_FWHM_4.70_Fok_40180.xisf. Duration Total: 00:00:03.2351839; BeforeSave: 00:00:00.0000767; BeforeFinalizeImageSaved: 00:00:03.1812482; FinalizeSaveTime: 00:00:00.0538583
2026-09-16T01:43:30.8073|ERROR|PHD2Guider.cs|ProcessEvent|937|PHD2 error:timed-out waiting for guider to settle
2026-09-16T01:43:31.2792|INFO|SequenceItem.cs|Run|254|Finishing Category: Guida, Item: Dither
2026-09-16T01:43:31.2799|INFO|SequenceItem.cs|Run|254|Finishing Category: * Set di Istruzioni *, Container: NINA.Sequencer.Container.SequentialContainer, Strategy: SequentialStrategy, Items[FINISHED]: 1
2026-09-16T01:43:31.2809|INFO|MeridianFlipTrigger.cs|ShouldTrigger|296|Meridian Flip - (Side of Pier usage is disabled) There is still time remaining. Max remaining time 07:49:03.7720257, next instruction time 600, next instruction Category: Fotocamera, Item: TakeExposure, ExposureTime 600, Gain 15, Offset 132, ImageType LIGHT, Binning 1x1
2026-09-16T01:43:31.2810|INFO|SequenceTrigger.cs|Run|114|Starting Trigger: RestoreGuiding
2026-09-16T01:43:31.2811|INFO|SequenceItem.cs|Run|208|Starting Category: * Set di Istruzioni *, Container: NINA.Sequencer.Container.SequentialContainer, Strategy: SequentialStrategy, Items[CREATED]: 1
2026-09-16T01:43:31.2811|INFO|SequenceItem.cs|Run|208|Starting Category: Guida, Item: StartGuiding
2026-09-16T01:43:31.3141|INFO|PHD2Guider.cs|StartGuidingPrivate|504|Phd2 - App is already guiding. Skipping start guiding
2026-09-16T01:43:31.3142|INFO|SequenceItem.cs|Run|254|Finishing Category: Guida, Item: StartGuiding
2026-09-16T01:43:31.3143|INFO|SequenceItem.cs|Run|254|Finishing Category: * Set di Istruzioni *, Container: NINA.Sequencer.Container.SequentialContainer, Strategy: SequentialStrategy, Items[FINISHED]: 1
2026-09-16T01:43:31.3145|INFO|AutofocusAfterHFRIncreaseTrigger.cs|ShouldTrigger|221|Autofocus after HFR change should be triggered, as current HFR trend is 6.02% higher compared to threshold of 5%
2026-09-16T01:43:31.3146|INFO|SequenceTrigger.cs|Run|114|Starting Trigger: AutofocusAfterHFRIncreaseTrigger, Amount: 5
2026-09-16T01:43:31.3146|INFO|SequenceItem.cs|Run|208|Starting Category: * Set di Istruzioni *, Container: NINA.Sequencer.Container.SequentialContainer, Strategy: SequentialStrategy, Items[CREATED]: 1
2026-09-16T01:43:31.3147|INFO|SequenceItem.cs|Run|208|Starting Category: Focheggiatore, Item: RunAutofocus
2026-09-16T01:43:31.5077|INFO|FocuserMediator.cs|BroadcastAutoFocusRunStarting|92|Autofocus starting notification received
2026-09-16T01:43:32.1162|INFO|AutoFocusEngine.cs|RunAutoFocus|929|Starting AutoFocus with initial position 40180
2026-09-16T01:43:32.2723|INFO|CameraVM.cs|Capture|742|Starting Exposure - Exposure Time: 6s; Filter: L-Pro; Gain: 15; Offset 132; Binning: 2x2;
2026-09-16T01:43:39.6204|INFO|AutoFocusEngine.cs|StartBlindFocusPoints|769|Waiting on initial HFR analysis
2026-09-16T01:43:39.6208|INFO|FocuserVM.cs|MoveFocuserInternal|216|Moving Focuser to position 40980
2026-09-16T01:43:40.2507|INFO|HocusFocusStarDetection.cs|Detect|413|Average HFR: 1.6839343659947876, HFR MAD: 0.09700861659515714, Detected Stars 138, Region: 0
2026-09-16T01:43:47.9767|INFO|CameraVM.cs|Capture|742|Starting Exposure - Exposure Time: 6s; Filter: L-Pro; Gain: 15; Offset 132; Binning: 2x2;
2026-09-16T01:43:55.2939|INFO|FocuserVM.cs|MoveFocuserInternal|216|Moving Focuser to position 40780
2026-09-16T01:43:55.8796|INFO|HocusFocusStarDetection.cs|Detect|413|Average HFR: 1.7890390210113836, HFR MAD: 0.12635630985392687, Detected Stars 184, Region: 0
2026-09-16T01:44:01.5500|INFO|CameraVM.cs|Capture|742|Starting Exposure - Exposure Time: 6s; Filter: L-Pro; Gain: 15; Offset 132; Binning: 2x2;
2026-09-16T01:44:08.8627|INFO|FocuserVM.cs|MoveFocuserInternal|216|Moving Focuser to position 40580
2026-09-16T01:44:09.7383|INFO|HocusFocusStarDetection.cs|Detect|413|Average HFR: 1.8024398809857585, HFR MAD: 0.14429239167973118, Detected Stars 198, Region: 0
2026-09-16T01:44:14.2341|INFO|CameraVM.cs|Capture|742|Starting Exposure - Exposure Time: 6s; Filter: L-Pro; Gain: 15; Offset 132; Binning: 2x2;
2026-09-16T01:44:21.5904|INFO|FocuserVM.cs|MoveFocuserInternal|216|Moving Focuser to position 40380
2026-09-16T01:44:23.2678|INFO|HocusFocusStarDetection.cs|Detect|413|Average HFR: 1.6896495920008903, HFR MAD: 0.10195702889478575, Detected Stars 146, Region: 0
2026-09-16T01:44:27.5642|INFO|CameraVM.cs|Capture|742|Starting Exposure - Exposure Time: 6s; Filter: L-Pro; Gain: 15; Offset 132; Binning: 2x2;
2026-09-16T01:44:34.8674|INFO|AutoFocusEngine.cs|StartBlindFocusPoints|797|Waiting on initial focuser move analyses
2026-09-16T01:44:35.5562|INFO|HocusFocusStarDetection.cs|Detect|413|Average HFR: 1.682873716235632, HFR MAD: 0.0988543062770324, Detected Stars 158, Region: 0
2026-09-16T01:44:35.6380|INFO|FocuserVM.cs|MoveFocuserInternal|216|Moving Focuser to position 40180
2026-09-16T01:44:41.5382|INFO|CameraVM.cs|Capture|742|Starting Exposure - Exposure Time: 6s; Filter: L-Pro; Gain: 15; Offset 132; Binning: 2x2;
2026-09-16T01:44:48.8516|INFO|AutoFocusEngine.cs|StartBlindFocusPoints|870|Waiting on next left movement analysis
2026-09-16T01:44:49.4456|INFO|HocusFocusStarDetection.cs|Detect|413|Average HFR: 1.8157883791381455, HFR MAD: 0.13621137062716104, Detected Stars 181, Region: 0
2026-09-16T01:44:49.5064|INFO|FocuserVM.cs|MoveFocuserInternal|216|Moving Focuser to position 39980
2026-09-16T01:44:55.5728|INFO|CameraVM.cs|Capture|742|Starting Exposure - Exposure Time: 6s; Filter: L-Pro; Gain: 15; Offset 132; Binning: 2x2;
2026-09-16T01:45:02.8923|INFO|AutoFocusEngine.cs|StartBlindFocusPoints|870|Waiting on next left movement analysis
2026-09-16T01:45:03.6080|INFO|HocusFocusStarDetection.cs|Detect|413|Average HFR: 1.7879804034482716, HFR MAD: 0.13091116581068385, Detected Stars 204, Region: 0
2026-09-16T01:45:03.6430|INFO|FocuserVM.cs|MoveFocuserInternal|216|Moving Focuser to position 39780
2026-09-16T01:45:09.5143|INFO|CameraVM.cs|Capture|742|Starting Exposure - Exposure Time: 6s; Filter: L-Pro; Gain: 15; Offset 132; Binning: 2x2;
2026-09-16T01:45:16.8307|INFO|AutoFocusEngine.cs|StartBlindFocusPoints|870|Waiting on next left movement analysis
2026-09-16T01:45:17.4530|INFO|HocusFocusStarDetection.cs|Detect|413|Average HFR: 1.9014069787085315, HFR MAD: 0.16125955055604435, Detected Stars 204, Region: 0
2026-09-16T01:45:17.5382|INFO|FocuserVM.cs|MoveFocuserInternal|216|Moving Focuser to position 39580
2026-09-16T01:45:23.5445|INFO|CameraVM.cs|Capture|742|Starting Exposure - Exposure Time: 6s; Filter: L-Pro; Gain: 15; Offset 132; Binning: 2x2;
2026-09-16T01:45:30.8606|INFO|AutoFocusEngine.cs|StartBlindFocusPoints|870|Waiting on next left movement analysis
2026-09-16T01:45:31.5199|INFO|HocusFocusStarDetection.cs|Detect|413|Average HFR: 2.1409652487300885, HFR MAD: 0.18165241948632715, Detected Stars 197, Region: 0
2026-09-16T01:45:31.5483|INFO|AutoFocusEngine.cs|StartBlindFocusPoints|823|Enough left trend points (4) with an established minimum (40380) to queue remaining right focus points up to 41180
2026-09-16T01:45:31.5486|INFO|FocuserVM.cs|MoveFocuserInternal|216|Moving Focuser to position 41180
2026-09-16T01:45:43.9723|INFO|CameraVM.cs|Capture|742|Starting Exposure - Exposure Time: 6s; Filter: L-Pro; Gain: 15; Offset 132; Binning: 2x2;
2026-09-16T01:45:51.2801|INFO|AutoFocusEngine.cs|StartBlindFocusPoints|896|Waiting on remaining AutoFocus analysis tasks
2026-09-16T01:45:51.9800|INFO|HocusFocusStarDetection.cs|Detect|413|Average HFR: 1.9491734323381187, HFR MAD: 0.15040773106722582, Detected Stars 191, Region: 0
2026-09-16T01:45:52.0137|INFO|FocuserVM.cs|MoveFocuserInternal|216|Moving Focuser to position 40453
2026-09-16T01:46:00.2047|INFO|AutoFocusEngine.cs|ValidateCalculatedFocusPosition|1141|Validating HFR at final focus position 40453
2026-09-16T01:46:00.3257|INFO|CameraVM.cs|Capture|742|Starting Exposure - Exposure Time: 6s; Filter: L-Pro; Gain: 15; Offset 132; Binning: 2x2;
2026-09-16T01:46:08.2568|INFO|HocusFocusStarDetection.cs|Detect|413|Average HFR: 1.6910797784781226, HFR MAD: 0.0948848375448259, Detected Stars 156, Region: 0
2026-09-16T01:46:08.2574|INFO|HocusFocusVM.cs|AutoFocusEngine_Completed|473|AutoFocus completed with focuser starting at 40180 and ending at 40453
2026-09-16T01:46:08.2588|INFO|FocuserMediator.cs|BroadcastSuccessfulAutoFocusRun|46|Autofocus notification received - Temperature 20
2026-09-16T01:46:08.3840|INFO|AutoFocusEngine.cs|PerformPostAutoFocusActions|1022|Re-enabling temperature compensation after AutoFocus
2026-09-16T01:46:08.4773|INFO|PHD2Guider.cs|TryStartGuideCommand|641|Phd2 - Requesting to start guiding. Recalibrate: False
2026-09-16T01:47:02.0832|ERROR|PHD2Guider.cs|ProcessEvent|937|PHD2 error:timed-out waiting for guider to settle
2026-09-16T01:47:02.5800|INFO|SequenceItem.cs|Run|254|Finishing Category: Focheggiatore, Item: RunAutofocus
2026-09-16T01:47:02.5802|INFO|SequenceItem.cs|Run|254|Finishing Category: * Set di Istruzioni *, Container: NINA.Sequencer.Container.SequentialContainer, Strategy: SequentialStrategy, Items[FINISHED]: 1
2026-09-16T01:47:02.5803|INFO|SequenceItem.cs|Run|208|Starting Category: Fotocamera, Item: TakeExposure, ExposureTime 600, Gain 15, Offset 132, ImageType LIGHT, Binning 1x1
2026-09-16T01:47:02.5808|INFO|CameraVM.cs|Capture|742|Starting Exposure - Exposure Time: 600s; Filter: ; Gain: 15; Offset 132; Binning: 1x1;
2026-09-16T01:57:08.7775|WARNING|DeviceUpdateTimer.cs|Run|115|Camera value update cycle took longer than the device poll interval (Total: 11.42s > 2s; Poll: 00:00:11.4199067; Update: 00:00:00.0026549)
2026-09-16T01:57:08.9213|INFO|SequenceItem.cs|Run|254|Finishing Category: Fotocamera, Item: TakeExposure, ExposureTime 600, Gain 15, Offset 132, ImageType LIGHT, Binning 1x1
2026-09-16T01:57:08.9229|INFO|MeridianFlipTrigger.cs|ShouldTrigger|296|Meridian Flip - (Side of Pier usage is disabled) There is still time remaining. Max remaining time 07:35:22.8028521, next instruction time 0, next instruction Category: Ruota porta filtri, Item: SwitchFilter, Filter: L-Pro
2026-09-16T01:57:08.9230|INFO|SequenceItem.cs|Run|208|Starting Category: Ruota porta filtri, Item: SwitchFilter, Filter: L-Pro
2026-09-16T01:57:09.2062|INFO|ImageSolver.cs|Solve|41|Platesolving with parameters: FocalLength: 1260 PixelSize: 4.54 SearchRadius: 30 BlindFailoverEnabled: True Regions: 5000 DownSampleFactor: 2 MaxObjects: 500 Reference Coordinates RA: 19:59:26 Dec: 24° 44' 18" Epoch: J2000
2026-09-16T01:57:09.3102|INFO|SequenceItem.cs|Run|254|Finishing Category: Ruota porta filtri, Item: SwitchFilter, Filter: L-Pro
2026-09-16T01:57:09.3105|INFO|SequenceTrigger.cs|Run|114|Starting Trigger: DitherAfterExposures, After Exposures: 1
2026-09-16T01:57:09.3105|INFO|SequenceItem.cs|Run|208|Starting Category: * Set di Istruzioni *, Container: NINA.Sequencer.Container.SequentialContainer, Strategy: SequentialStrategy, Items[CREATED]: 1
2026-09-16T01:57:09.3106|INFO|SequenceItem.cs|Run|208|Starting Category: Guida, Item: Dither
2026-09-16T01:57:09.8309|INFO|BaseImageData.cs|SaveToDisk|346|Saved image to C:\Users\PrimaLuceLab\AppData\Local\NINA\PlateSolver\tfcic2i2.dmv.fits
2026-09-16T01:57:13.0268|WARNING|DeviceUpdateTimer.cs|Run|115|Dome value update cycle took longer than the device poll interval (Total: 2.37s > 2s; Poll: 00:00:00.1212855; Update: 00:00:02.2458788)
2026-09-16T01:57:13.2004|INFO|HocusFocusStarDetection.cs|Detect|413|Average HFR: 2.8619773227502883, HFR MAD: 0.3388191505049085, Detected Stars 538, Region: 0
2026-09-16T01:57:13.8261|INFO|BaseImageData.cs|SaveToDisk|346|Saved image to D:\Images NINA\Target\LIGHT_1x1_600.00s_15_132_M 27_Celestron C8__-9.96C_L-Pro_0353_2026-09-16_01-47-02_FWHM_4.65_Fok_40453.xisf
2026-09-16T01:57:13.8262|INFO|ImageSaveController.cs|DoWork|97|Successfully saved file at D:\Images NINA\Target\LIGHT_1x1_600.00s_15_132_M 27_Celestron C8__-9.96C_L-Pro_0353_2026-09-16_01-47-02_FWHM_4.65_Fok_40453.xisf. Duration Total: 00:00:04.6329645; BeforeSave: 00:00:00.0128393; BeforeFinalizeImageSaved: 00:00:04.5525455; FinalizeSaveTime: 00:00:00.0675791
2026-09-16T01:57:15.6903|INFO|ImageSolver.cs|Solve|54|Platesolve successful: Coordinates: RA: 19:59:35; Dec: 22° 43' 20"; Epoch: J2000 - Position Angle: 73.24411831178747
2026-09-16T01:57:15.6904|INFO|CenterAfterDriftTrigger.cs|PlatesolvingImageFollower_PropertyChanged|189|Drift: 0.362663921509072 / 3 arc minutes
2026-09-16T01:57:51.2565|ERROR|PHD2Guider.cs|ProcessEvent|937|PHD2 error:timed-out waiting for guider to settle
2026-09-16T01:57:51.2723|INFO|SequenceItem.cs|Run|254|Finishing Category: Guida, Item: Dither
2026-09-16T01:57:51.2725|INFO|SequenceItem.cs|Run|254|Finishing Category: * Set di Istruzioni *, Container: NINA.Sequencer.Container.SequentialContainer, Strategy: SequentialStrategy, Items[FINISHED]: 1
2026-09-16T01:57:51.2732|INFO|MeridianFlipTrigger.cs|ShouldTrigger|296|Meridian Flip - (Side of Pier usage is disabled) There is still time remaining. Max remaining time 07:34:41.0231182, next instruction time 600, next instruction Category: Fotocamera, Item: TakeExposure, ExposureTime 600, Gain 15, Offset 132, ImageType LIGHT, Binning 1x1
2026-09-16T01:57:51.2745|INFO|SequenceTrigger.cs|Run|114|Starting Trigger: RestoreGuiding
2026-09-16T01:57:51.2791|INFO|SequenceItem.cs|Run|208|Starting Category: * Set di Istruzioni *, Container: NINA.Sequencer.Container.SequentialContainer, Strategy: SequentialStrategy, Items[CREATED]: 1
2026-09-16T01:57:51.2795|INFO|SequenceItem.cs|Run|208|Starting Category: Guida, Item: StartGuiding
2026-09-16T01:57:51.3147|INFO|PHD2Guider.cs|StartGuidingPrivate|504|Phd2 - App is already guiding. Skipping start guiding
2026-09-16T01:57:51.3149|INFO|SequenceItem.cs|Run|254|Finishing Category: Guida, Item: StartGuiding
2026-09-16T01:57:51.3150|INFO|SequenceItem.cs|Run|254|Finishing Category: * Set di Istruzioni *, Container: NINA.Sequencer.Container.SequentialContainer, Strategy: SequentialStrategy, Items[FINISHED]: 1
2026-09-16T01:57:51.3158|INFO|SequenceItem.cs|Run|208|Starting Category: Fotocamera, Item: TakeExposure, ExposureTime 600, Gain 15, Offset 132, ImageType LIGHT, Binning 1x1
2026-09-16T01:57:51.3226|INFO|CameraVM.cs|Capture|742|Starting Exposure - Exposure Time: 600s; Filter: ; Gain: 15; Offset 132; Binning: 1x1;
2026-09-16T02:07:57.5681|WARNING|DeviceUpdateTimer.cs|Run|115|Camera value update cycle took longer than the device poll interval (Total: 10.22s > 2s; Poll: 00:00:10.2181802; Update: 00:00:00.0002538)
2026-09-16T02:07:57.5691|INFO|SequenceItem.cs|Run|254|Finishing Category: Fotocamera, Item: TakeExposure, ExposureTime 600, Gain 15, Offset 132, ImageType LIGHT, Binning 1x1
2026-09-16T02:07:57.5698|INFO|MeridianFlipTrigger.cs|ShouldTrigger|296|Meridian Flip - (Side of Pier usage is disabled) There is still time remaining. Max remaining time 07:24:31.2837322, next instruction time 0, next instruction Category: Ruota porta filtri, Item: SwitchFilter, Filter: L-Pro
2026-09-16T02:07:57.5698|INFO|SequenceItem.cs|Run|208|Starting Category: Ruota porta filtri, Item: SwitchFilter, Filter: L-Pro
2026-09-16T02:07:57.8487|INFO|SequenceItem.cs|Run|254|Finishing Category: Ruota porta filtri, Item: SwitchFilter, Filter: L-Pro
2026-09-16T02:07:57.8497|INFO|SequenceTrigger.cs|Run|114|Starting Trigger: DitherAfterExposures, After Exposures: 1
2026-09-16T02:07:57.8498|INFO|SequenceItem.cs|Run|208|Starting Category: * Set di Istruzioni *, Container: NINA.Sequencer.Container.SequentialContainer, Strategy: SequentialStrategy, Items[CREATED]: 1
2026-09-16T02:07:57.8499|INFO|SequenceItem.cs|Run|208|Starting Category: Guida, Item: Dither
2026-09-16T02:08:00.9364|INFO|HocusFocusStarDetection.cs|Detect|413|Average HFR: 2.8983786755910677, HFR MAD: 0.3519558733274155, Detected Stars 507, Region: 0
2026-09-16T02:08:01.4601|INFO|BaseImageData.cs|SaveToDisk|346|Saved image to D:\Images NINA\Target\LIGHT_1x1_600.00s_15_132_M 27_Celestron C8__-9.91C_L-Pro_0354_2026-09-16_01-57-51_FWHM_4.66_Fok_40453.xisf
2026-09-16T02:08:01.4609|INFO|ImageSaveController.cs|DoWork|97|Successfully saved file at D:\Images NINA\Target\LIGHT_1x1_600.00s_15_132_M 27_Celestron C8__-9.91C_L-Pro_0354_2026-09-16_01-57-51_FWHM_4.66_Fok_40453.xisf. Duration Total: 00:00:03.4476898; BeforeSave: 00:00:00.0000810; BeforeFinalizeImageSaved: 00:00:03.4165271; FinalizeSaveTime: 00:00:00.0310810
2026-09-16T02:08:40.2735|ERROR|PHD2Guider.cs|ProcessEvent|937|PHD2 error:timed-out waiting for guider to settle
2026-09-16T02:08:40.7388|INFO|SequenceItem.cs|Run|254|Finishing Category: Guida, Item: Dither
2026-09-16T02:08:40.7390|INFO|SequenceItem.cs|Run|254|Finishing Category: * Set di Istruzioni *, Container: NINA.Sequencer.Container.SequentialContainer, Strategy: SequentialStrategy, Items[FINISHED]: 1
2026-09-16T02:08:40.7397|INFO|MeridianFlipTrigger.cs|ShouldTrigger|296|Meridian Flip - (Side of Pier usage is disabled) There is still time remaining. Max remaining time 07:23:49.2664038, next instruction time 600, next instruction Category: Fotocamera, Item: TakeExposure, ExposureTime 600, Gain 15, Offset 132, ImageType LIGHT, Binning 1x1
2026-09-16T02:08:40.7397|INFO|SequenceTrigger.cs|Run|114|Starting Trigger: RestoreGuiding
2026-09-16T02:08:40.7397|INFO|SequenceItem.cs|Run|208|Starting Category: * Set di Istruzioni *, Container: NINA.Sequencer.Container.SequentialContainer, Strategy: SequentialStrategy, Items[CREATED]: 1
2026-09-16T02:08:40.7398|INFO|SequenceItem.cs|Run|208|Starting Category: Guida, Item: StartGuiding
2026-09-16T02:08:40.7758|INFO|PHD2Guider.cs|StartGuidingPrivate|504|Phd2 - App is already guiding. Skipping start guiding
2026-09-16T02:08:40.7791|INFO|SequenceItem.cs|Run|254|Finishing Category: Guida, Item: StartGuiding
2026-09-16T02:08:40.7803|INFO|SequenceItem.cs|Run|254|Finishing Category: * Set di Istruzioni *, Container: NINA.Sequencer.Container.SequentialContainer, Strategy: SequentialStrategy, Items[FINISHED]: 1
2026-09-16T02:08:40.7805|INFO|SequenceItem.cs|Run|208|Starting Category: Fotocamera, Item: TakeExposure, ExposureTime 600, Gain 15, Offset 132, ImageType LIGHT, Binning 1x1
2026-09-16T02:08:40.8083|INFO|CameraVM.cs|Capture|742|Starting Exposure - Exposure Time: 600s; Filter: ; Gain: 15; Offset 132; Binning: 1x1;
2026-09-16T02:18:47.0171|INFO|SequenceItem.cs|Run|254|Finishing Category: Fotocamera, Item: TakeExposure, ExposureTime 600, Gain 15, Offset 132, ImageType LIGHT, Binning 1x1
2026-09-16T02:18:47.0179|INFO|MeridianFlipTrigger.cs|ShouldTrigger|296|Meridian Flip - (Side of Pier usage is disabled) There is still time remaining. Max remaining time 07:13:41.5497786, next instruction time 0, next instruction Category: Ruota porta filtri, Item: SwitchFilter, Filter: L-Pro
2026-09-16T02:18:47.0179|INFO|SequenceItem.cs|Run|208|Starting Category: Ruota porta filtri, Item: SwitchFilter, Filter: L-Pro
2026-09-16T02:18:47.0182|WARNING|DeviceUpdateTimer.cs|Run|115|Camera value update cycle took longer than the device poll interval (Total: 11.66s > 2s; Poll: 00:00:11.6637476; Update: 00:00:00.0000782)
2026-09-16T02:18:47.1491|INFO|SequenceItem.cs|Run|254|Finishing Category: Ruota porta filtri, Item: SwitchFilter, Filter: L-Pro
2026-09-16T02:18:47.1495|INFO|SequenceTrigger.cs|Run|114|Starting Trigger: DitherAfterExposures, After Exposures: 1
2026-09-16T02:18:47.1495|INFO|SequenceItem.cs|Run|208|Starting Category: * Set di Istruzioni *, Container: NINA.Sequencer.Container.SequentialContainer, Strategy: SequentialStrategy, Items[CREATED]: 1
2026-09-16T02:18:47.1496|INFO|SequenceItem.cs|Run|208|Starting Category: Guida, Item: Dither
2026-09-16T02:18:49.9942|INFO|HocusFocusStarDetection.cs|Detect|413|Average HFR: 3.0233165491191603, HFR MAD: 0.34687474245680505, Detected Stars 476, Region: 0
2026-09-16T02:18:50.6357|INFO|BaseImageData.cs|SaveToDisk|346|Saved image to D:\Images NINA\Target\LIGHT_1x1_600.00s_15_132_M 27_Celestron C8__-10.00C_L-Pro_0355_2026-09-16_02-08-40_FWHM_5.05_Fok_40453.xisf
2026-09-16T02:18:50.6358|INFO|ImageSaveController.cs|DoWork|97|Successfully saved file at D:\Images NINA\Target\LIGHT_1x1_600.00s_15_132_M 27_Celestron C8__-10.00C_L-Pro_0355_2026-09-16_02-08-40_FWHM_5.05_Fok_40453.xisf. Duration Total: 00:00:03.2984269; BeforeSave: 00:00:00.0000784; BeforeFinalizeImageSaved: 00:00:03.2477741; FinalizeSaveTime: 00:00:00.0505736
2026-09-16T02:19:27.5584|INFO|SequenceItem.cs|Run|254|Finishing Category: Guida, Item: Dither
2026-09-16T02:19:27.5586|INFO|SequenceItem.cs|Run|254|Finishing Category: * Set di Istruzioni *, Container: NINA.Sequencer.Container.SequentialContainer, Strategy: SequentialStrategy, Items[FINISHED]: 1
2026-09-16T02:19:27.5592|INFO|MeridianFlipTrigger.cs|ShouldTrigger|296|Meridian Flip - (Side of Pier usage is disabled) There is still time remaining. Max remaining time 07:12:59.2955159, next instruction time 600, next instruction Category: Fotocamera, Item: TakeExposure, ExposureTime 600, Gain 15, Offset 132, ImageType LIGHT, Binning 1x1
2026-09-16T02:19:27.5592|INFO|SequenceTrigger.cs|Run|114|Starting Trigger: RestoreGuiding
2026-09-16T02:19:27.5593|INFO|SequenceItem.cs|Run|208|Starting Category: * Set di Istruzioni *, Container: NINA.Sequencer.Container.SequentialContainer, Strategy: SequentialStrategy, Items[CREATED]: 1
2026-09-16T02:19:27.5593|INFO|SequenceItem.cs|Run|208|Starting Category: Guida, Item: StartGuiding
2026-09-16T02:19:27.6001|INFO|PHD2Guider.cs|StartGuidingPrivate|504|Phd2 - App is already guiding. Skipping start guiding
2026-09-16T02:19:27.6002|INFO|SequenceItem.cs|Run|254|Finishing Category: Guida, Item: StartGuiding
2026-09-16T02:19:27.6003|INFO|SequenceItem.cs|Run|254|Finishing Category: * Set di Istruzioni *, Container: NINA.Sequencer.Container.SequentialContainer, Strategy: SequentialStrategy, Items[FINISHED]: 1
2026-09-16T02:19:27.6004|INFO|AutofocusAfterHFRIncreaseTrigger.cs|ShouldTrigger|221|Autofocus after HFR change should be triggered, as current HFR trend is 5.12% higher compared to threshold of 5%
2026-09-16T02:19:27.6005|INFO|SequenceTrigger.cs|Run|114|Starting Trigger: AutofocusAfterHFRIncreaseTrigger, Amount: 5
2026-09-16T02:19:27.6006|INFO|SequenceItem.cs|Run|208|Starting Category: * Set di Istruzioni *, Container: NINA.Sequencer.Container.SequentialContainer, Strategy: SequentialStrategy, Items[CREATED]: 1
2026-09-16T02:19:27.6006|INFO|SequenceItem.cs|Run|208|Starting Category: Focheggiatore, Item: RunAutofocus
2026-09-16T02:19:27.7502|INFO|FocuserMediator.cs|BroadcastAutoFocusRunStarting|92|Autofocus starting notification received
2026-09-16T02:19:28.8934|INFO|AutoFocusEngine.cs|RunAutoFocus|929|Starting AutoFocus with initial position 40453
2026-09-16T02:19:29.0454|INFO|CameraVM.cs|Capture|742|Starting Exposure - Exposure Time: 6s; Filter: L-Pro; Gain: 15; Offset 132; Binning: 2x2;
2026-09-16T02:19:36.3914|INFO|AutoFocusEngine.cs|StartBlindFocusPoints|769|Waiting on initial HFR analysis
2026-09-16T02:19:36.3918|INFO|FocuserVM.cs|MoveFocuserInternal|216|Moving Focuser to position 41253
2026-09-16T02:19:37.0497|INFO|HocusFocusStarDetection.cs|Detect|413|Average HFR: 1.6282492300088731, HFR MAD: 0.08873863631346501, Detected Stars 128, Region: 0
2026-09-16T02:19:45.5337|INFO|CameraVM.cs|Capture|742|Starting Exposure - Exposure Time: 6s; Filter: L-Pro; Gain: 15; Offset 132; Binning: 2x2;
2026-09-16T02:19:52.8742|INFO|FocuserVM.cs|MoveFocuserInternal|216|Moving Focuser to position 41053
2026-09-16T02:19:53.5298|INFO|HocusFocusStarDetection.cs|Detect|413|Average HFR: 1.9859332121765205, HFR MAD: 0.16888255435964572, Detected Stars 188, Region: 0
2026-09-16T02:19:58.1882|INFO|CameraVM.cs|Capture|742|Starting Exposure - Exposure Time: 6s; Filter: L-Pro; Gain: 15; Offset 132; Binning: 2x2;
2026-09-16T02:20:05.5444|INFO|FocuserVM.cs|MoveFocuserInternal|216|Moving Focuser to position 40853
2026-09-16T02:20:06.2474|INFO|HocusFocusStarDetection.cs|Detect|413|Average HFR: 1.8503767701808087, HFR MAD: 0.14172494263478375, Detected Stars 191, Region: 0
2026-09-16T02:20:11.5879|INFO|CameraVM.cs|Capture|742|Starting Exposure - Exposure Time: 6s; Filter: L-Pro; Gain: 15; Offset 132; Binning: 2x2;
2026-09-16T02:20:18.9121|INFO|FocuserVM.cs|MoveFocuserInternal|216|Moving Focuser to position 40653
2026-09-16T02:20:19.6107|INFO|HocusFocusStarDetection.cs|Detect|413|Average HFR: 1.7964803250275616, HFR MAD: 0.12546169644166238, Detected Stars 196, Region: 0
2026-09-16T02:20:24.2845|INFO|CameraVM.cs|Capture|742|Starting Exposure - Exposure Time: 6s; Filter: L-Pro; Gain: 15; Offset 132; Binning: 2x2;
2026-09-16T02:20:31.6105|INFO|AutoFocusEngine.cs|StartBlindFocusPoints|797|Waiting on initial focuser move analyses
2026-09-16T02:20:32.1991|INFO|HocusFocusStarDetection.cs|Detect|413|Average HFR: 1.78425785079085, HFR MAD: 0.1334823017885347, Detected Stars 191, Region: 0
2026-09-16T02:20:32.3356|INFO|FocuserVM.cs|MoveFocuserInternal|216|Moving Focuser to position 40453
2026-09-16T02:20:37.7074|INFO|CameraVM.cs|Capture|742|Starting Exposure - Exposure Time: 6s; Filter: L-Pro; Gain: 15; Offset 132; Binning: 2x2;
2026-09-16T02:20:45.0381|INFO|AutoFocusEngine.cs|StartBlindFocusPoints|870|Waiting on next left movement analysis
2026-09-16T02:20:45.8989|INFO|HocusFocusStarDetection.cs|Detect|413|Average HFR: 1.7642183218916971, HFR MAD: 0.11695122440753081, Detected Stars 174, Region: 0
2026-09-16T02:20:45.9877|INFO|FocuserVM.cs|MoveFocuserInternal|216|Moving Focuser to position 40253
2026-09-16T02:20:51.5669|INFO|CameraVM.cs|Capture|742|Starting Exposure - Exposure Time: 6s; Filter: L-Pro; Gain: 15; Offset 132; Binning: 2x2;
2026-09-16T02:20:58.8797|INFO|AutoFocusEngine.cs|StartBlindFocusPoints|870|Waiting on next left movement analysis
2026-09-16T02:20:59.6543|INFO|HocusFocusStarDetection.cs|Detect|413|Average HFR: 1.8860399831180685, HFR MAD: 0.1505965470736974, Detected Stars 186, Region: 0
2026-09-16T02:20:59.7106|INFO|FocuserVM.cs|MoveFocuserInternal|216|Moving Focuser to position 40053
2026-09-16T02:21:05.5528|INFO|CameraVM.cs|Capture|742|Starting Exposure - Exposure Time: 6s; Filter: L-Pro; Gain: 15; Offset 132; Binning: 2x2;
2026-09-16T02:21:12.9324|INFO|AutoFocusEngine.cs|StartBlindFocusPoints|870|Waiting on next left movement analysis
2026-09-16T02:21:13.5810|INFO|HocusFocusStarDetection.cs|Detect|413|Average HFR: 1.9159074049622906, HFR MAD: 0.15615925368823258, Detected Stars 190, Region: 0
2026-09-16T02:21:13.6311|INFO|FocuserVM.cs|MoveFocuserInternal|216|Moving Focuser to position 39853
2026-09-16T02:21:19.5802|INFO|CameraVM.cs|Capture|742|Starting Exposure - Exposure Time: 6s; Filter: L-Pro; Gain: 15; Offset 132; Binning: 2x2;
2026-09-16T02:21:26.8931|INFO|AutoFocusEngine.cs|StartBlindFocusPoints|870|Waiting on next left movement analysis
2026-09-16T02:21:27.5486|INFO|HocusFocusStarDetection.cs|Detect|413|Average HFR: 2.018892220962294, HFR MAD: 0.17998947337027826, Detected Stars 199, Region: 0
2026-09-16T02:21:27.6181|INFO|FocuserVM.cs|MoveFocuserInternal|216|Moving Focuser to position 39653
2026-09-16T02:21:33.5456|INFO|CameraVM.cs|Capture|742|Starting Exposure - Exposure Time: 6s; Filter: L-Pro; Gain: 15; Offset 132; Binning: 2x2;
2026-09-16T02:21:40.8552|INFO|AutoFocusEngine.cs|StartBlindFocusPoints|870|Waiting on next left movement analysis
2026-09-16T02:21:41.4596|INFO|HocusFocusStarDetection.cs|Detect|413|Average HFR: 2.1758139186562926, HFR MAD: 0.21146026236304927, Detected Stars 185, Region: 0
2026-09-16T02:21:41.5852|INFO|AutoFocusEngine.cs|StartBlindFocusPoints|823|Enough left trend points (4) with an established minimum (40453) to queue remaining right focus points up to 41253
2026-09-16T02:21:41.5853|INFO|AutoFocusEngine.cs|StartBlindFocusPoints|896|Waiting on remaining AutoFocus analysis tasks
2026-09-16T02:21:41.5857|INFO|FocuserVM.cs|MoveFocuserInternal|216|Moving Focuser to position 40686
2026-09-16T02:21:51.6389|INFO|AutoFocusEngine.cs|ValidateCalculatedFocusPosition|1141|Validating HFR at final focus position 40686
2026-09-16T02:21:51.7559|INFO|CameraVM.cs|Capture|742|Starting Exposure - Exposure Time: 6s; Filter: L-Pro; Gain: 15; Offset 132; Binning: 2x2;
2026-09-16T02:21:59.8073|INFO|HocusFocusStarDetection.cs|Detect|413|Average HFR: 1.7891956008196823, HFR MAD: 0.12125642672002601, Detected Stars 174, Region: 0
2026-09-16T02:21:59.8601|INFO|HocusFocusVM.cs|AutoFocusEngine_Completed|473|AutoFocus completed with focuser starting at 40453 and ending at 40686
2026-09-16T02:21:59.8623|INFO|FocuserMediator.cs|BroadcastSuccessfulAutoFocusRun|46|Autofocus notification received - Temperature 19.75
2026-09-16T02:21:59.9993|INFO|AutoFocusEngine.cs|PerformPostAutoFocusActions|1022|Re-enabling temperature compensation after AutoFocus
2026-09-16T02:22:00.0497|INFO|PHD2Guider.cs|TryStartGuideCommand|641|Phd2 - Requesting to start guiding. Recalibrate: False
2026-09-16T02:22:26.7126|INFO|SequenceItem.cs|Run|254|Finishing Category: Focheggiatore, Item: RunAutofocus
2026-09-16T02:22:26.7128|INFO|SequenceItem.cs|Run|254|Finishing Category: * Set di Istruzioni *, Container: NINA.Sequencer.Container.SequentialContainer, Strategy: SequentialStrategy, Items[FINISHED]: 1
2026-09-16T02:22:26.7129|INFO|SequenceItem.cs|Run|208|Starting Category: Fotocamera, Item: TakeExposure, ExposureTime 600, Gain 15, Offset 132, ImageType LIGHT, Binning 1x1
2026-09-16T02:22:26.7134|INFO|CameraVM.cs|Capture|742|Starting Exposure - Exposure Time: 600s; Filter: ; Gain: 15; Offset 132; Binning: 1x1;
2026-09-16T02:32:27.3026|WARNING|DeviceUpdateTimer.cs|Run|115|Dome value update cycle took longer than the device poll interval (Total: 2.51s > 2s; Poll: 00:00:00.0060524; Update: 00:00:02.5035967)
2026-09-16T02:32:32.9399|WARNING|DeviceUpdateTimer.cs|Run|115|Camera value update cycle took longer than the device poll interval (Total: 10.03s > 2s; Poll: 00:00:10.0261143; Update: 00:00:00.0046047)
2026-09-16T02:32:32.9410|INFO|SequenceItem.cs|Run|254|Finishing Category: Fotocamera, Item: TakeExposure, ExposureTime 600, Gain 15, Offset 132, ImageType LIGHT, Binning 1x1
2026-09-16T02:32:32.9416|INFO|MeridianFlipTrigger.cs|ShouldTrigger|296|Meridian Flip - (Side of Pier usage is disabled) There is still time remaining. Max remaining time 06:59:52.9345151, next instruction time 0, next instruction Category: Ruota porta filtri, Item: SwitchFilter, Filter: L-Pro
2026-09-16T02:32:32.9417|INFO|SequenceItem.cs|Run|208|Starting Category: Ruota porta filtri, Item: SwitchFilter, Filter: L-Pro
2026-09-16T02:32:33.1106|INFO|SequenceItem.cs|Run|254|Finishing Category: Ruota porta filtri, Item: SwitchFilter, Filter: L-Pro
2026-09-16T02:32:33.1112|INFO|TimeCondition.cs|Check|248|No more time remaining. Remaining: 00:07:51.8891897, Next Item Scatta esposizione, Next Item Estimated Duration 00:10:00, Next Item Attempts: 1
2026-09-16T02:32:33.1113|INFO|TimeCondition.cs|Check|254|TimeCondition finished.
2026-09-16T02:32:33.1117|INFO|TimeCondition.cs|Check|248|No more time remaining. Remaining: 00:07:51.8882824, Next Item Scatta esposizione, Next Item Estimated Duration 00:10:00, Next Item Attempts: 1
2026-09-16T02:32:33.1117|INFO|TimeCondition.cs|Check|254|TimeCondition finished.
2026-09-16T02:32:33.1118|INFO|TimeCondition.cs|Check|248|No more time remaining. Remaining: 00:07:51.8881866, Next Item Scatta esposizione, Next Item Estimated Duration 00:10:00, Next Item Attempts: 1
2026-09-16T02:32:33.1118|INFO|TimeCondition.cs|Check|254|TimeCondition finished.
2026-09-16T02:32:33.1134|INFO|SequenceItem.cs|Run|254|Finishing Category: Fotocamera, Container: NINA.Sequencer.SequenceItem.Imaging.SmartExposure, Strategy: SequentialStrategy, Items[FINISHED]: 1, Items[SKIPPED]: 1, Conditions: Condition: LoopCondition, Iterations: 29/40, , Triggers: Trigger: DitherAfterExposures, After Exposures: 1
2026-09-16T02:32:33.1146|INFO|SequenceItem.cs|Run|254|Finishing Category: * Set di Istruzioni *, Container: NINA.Sequencer.Container.DeepSkyObjectContainer, Strategy: SequentialStrategy, Items[FINISHED]: 3, Items[SKIPPED]: 1, Triggers: Trigger: CenterAfterDriftTrigger, DistanceArcMinutes: 3, Target: M 27 RA: 19:59:36; Dec: 22° 43' 16"; Epoch: J2000 0
2026-09-16T02:32:33.1149|INFO|TimeCondition.cs|Check|254|TimeCondition finished.
2026-09-16T02:32:33.1149|INFO|SequenceItem.cs|Run|254|Finishing Category: * Set di Istruzioni *, Container: NINA.Sequencer.Container.SequentialContainer, Strategy: SequentialStrategy, Items[FINISHED]: 3, Conditions: Condition: TimeCondition, Time: 2:40:25h, 
2026-09-16T02:32:33.1150|INFO|SequenceItem.cs|Run|254|Finishing Category: * Set di Istruzioni *, Container: NINA.Sequencer.Container.SequentialContainer, Strategy: SequentialStrategy, Items[FINISHED]: 2
2026-09-16T02:32:33.1155|INFO|MeridianFlipTrigger.cs|ShouldTrigger|296|Meridian Flip - (Side of Pier usage is disabled) There is still time remaining. Max remaining time 06:59:52.9345151, next instruction time 0, next instruction Category: Utilità, Item: Annotation, Text: Note: This BLANK Script Instruction is here such that it will FAIL ON PURPOSE after the final Target is completed. This forces UNSAFE to be skipped so we can proceed to the END.
2026-09-16T02:32:33.1156|INFO|SequenceItem.cs|Run|208|Starting Category: Utilità, Item: Annotation, Text: Note: This BLANK Script Instruction is here such that it will FAIL ON PURPOSE after the final Target is completed. This forces UNSAFE to be skipped so we can proceed to the END.
2026-09-16T02:32:33.1156|INFO|SequenceItem.cs|Run|254|Finishing Category: Utilità, Item: Annotation, Text: Note: This BLANK Script Instruction is here such that it will FAIL ON PURPOSE after the final Target is completed. This forces UNSAFE to be skipped so we can proceed to the END.
2026-09-16T02:32:33.1161|INFO|MeridianFlipTrigger.cs|ShouldTrigger|296|Meridian Flip - (Side of Pier usage is disabled) There is still time remaining. Max remaining time 06:59:52.9345151, next instruction time 0, next instruction Category: Utilità, Item: Annotation, Text: DO NOT PLACE ANY TEXT IN THE EXTERNAL SCRIPT FIELD BELOW.
2026-09-16T02:32:33.1161|INFO|SequenceItem.cs|Run|208|Starting Category: Utilità, Item: Annotation, Text: DO NOT PLACE ANY TEXT IN THE EXTERNAL SCRIPT FIELD BELOW.
2026-09-16T02:32:33.1162|INFO|SequenceItem.cs|Run|254|Finishing Category: Utilità, Item: Annotation, Text: DO NOT PLACE ANY TEXT IN THE EXTERNAL SCRIPT FIELD BELOW.
2026-09-16T02:32:33.1170|INFO|MeridianFlipTrigger.cs|ShouldTrigger|296|Meridian Flip - (Side of Pier usage is disabled) There is still time remaining. Max remaining time 06:59:52.9345151, next instruction time 0, next instruction Category: Utilità, Item: ExternalScript, Script: 
2026-09-16T02:32:33.1172|INFO|SequenceItem.cs|Run|208|Starting Category: Utilità, Item: ExternalScript, Script: 
2026-09-16T02:32:33.1225|ERROR|ExternalCommandExecutor.cs|RunSequenceCompleteCommandTask|35|Command not found: 
2026-09-16T02:32:33.1243|ERROR|SequenceItem.cs|Run|263|Category: Utilità, Item: ExternalScript, Script:  - 
NINA.Core.Model.SequenceEntityFailedException: Comando esterno non è stato eseguito con successo
   at NINA.Sequencer.SequenceItem.Utility.ExternalScript.Execute(IProgress`1 progress, CancellationToken token) in /_/NINA.Sequencer/SequenceItem/Utility/ExternalScript.cs:line 92
   at NINA.Sequencer.SequenceItem.SequenceItem.Run(IProgress`1 progress, CancellationToken token) in /_/NINA.Sequencer/SequenceItem/SequenceItem.cs:line 249
2026-09-16T02:32:33.2064|ERROR|SequenceItem.cs|RunErrorBehavior|190|Instruction Script Esterno failed after 1 attempt. Error behavior is set to SkipToSequenceEndInstructions. Skipping to end of sequence instructions.
2026-09-16T02:32:33.2885|INFO|SequenceItem.cs|Run|254|Finishing Category: * Set di Istruzioni *, Container: NINA.Sequencer.Container.TargetAreaContainer, Strategy: SequentialStrategy, Items[FINISHED]: 1, Items[CREATED]: 1
2026-09-16T02:32:33.2896|INFO|MeridianFlipTrigger.cs|ShouldTrigger|296|Meridian Flip - (Side of Pier usage is disabled) There is still time remaining. Max remaining time 06:59:52.9345151, next instruction time 0, next instruction Category: * Set di Istruzioni *, Container: NINA.Sequencer.Container.EndAreaContainer, Strategy: SequentialStrategy, Items[CREATED]: 1
2026-09-16T02:32:33.2900|INFO|SequenceItem.cs|Run|208|Starting Category: * Set di Istruzioni *, Container: NINA.Sequencer.Container.EndAreaContainer, Strategy: SequentialStrategy, Items[CREATED]: 1
2026-09-16T02:32:33.2912|INFO|MeridianFlipTrigger.cs|ShouldTrigger|296|Meridian Flip - (Side of Pier usage is disabled) There is still time remaining. Max remaining time 06:59:52.9345151, next instruction time 0, next instruction Category: * Set di Istruzioni *, Container: NINA.Sequencer.Container.SequentialContainer, Strategy: SequentialStrategy, Items[CREATED]: 17
2026-09-16T02:32:33.2912|INFO|SequenceItem.cs|Run|208|Starting Category: * Set di Istruzioni *, Container: NINA.Sequencer.Container.SequentialContainer, Strategy: SequentialStrategy, Items[CREATED]: 17
2026-09-16T02:32:33.2923|INFO|MeridianFlipTrigger.cs|ShouldTrigger|296|Meridian Flip - (Side of Pier usage is disabled) There is still time remaining. Max remaining time 06:59:52.9345151, next instruction time 0, next instruction Category: Utilità, Item: Annotation, Text: VERSION: 1
2026-09-16T02:32:33.2923|INFO|SequenceItem.cs|Run|208|Starting Category: Utilità, Item: Annotation, Text: VERSION: 1
2026-09-16T02:32:33.2924|INFO|SequenceItem.cs|Run|254|Finishing Category: Utilità, Item: Annotation, Text: VERSION: 1
2026-09-16T02:32:33.2935|INFO|MeridianFlipTrigger.cs|ShouldTrigger|296|Meridian Flip - (Side of Pier usage is disabled) There is still time remaining. Max remaining time 06:59:52.9345151, next instruction time 0, next instruction Category: * Set di Istruzioni *, Container: NINA.Sequencer.Container.SequentialContainer, Strategy: SequentialStrategy, Items[CREATED]: 3
2026-09-16T02:32:33.2935|INFO|SequenceItem.cs|Run|208|Starting Category: * Set di Istruzioni *, Container: NINA.Sequencer.Container.SequentialContainer, Strategy: SequentialStrategy, Items[CREATED]: 3
2026-09-16T02:32:33.2943|INFO|MeridianFlipTrigger.cs|ShouldTrigger|296|Meridian Flip - (Side of Pier usage is disabled) There is still time remaining. Max remaining time 06:59:52.9345151, next instruction time 0, next instruction Category: Utilità, Item: Annotation, Text: This End Sequence ensures an ASCOM Safety Monitor will function in a sequence as expected.
2026-09-16T02:32:33.2944|INFO|SequenceItem.cs|Run|208|Starting Category: Utilità, Item: Annotation, Text: This End Sequence ensures an ASCOM Safety Monitor will function in a sequence as expected.
2026-09-16T02:32:33.2944|INFO|SequenceItem.cs|Run|254|Finishing Category: Utilità, Item: Annotation, Text: This End Sequence ensures an ASCOM Safety Monitor will function in a sequence as expected.
2026-09-16T02:32:33.2952|INFO|MeridianFlipTrigger.cs|ShouldTrigger|296|Meridian Flip - (Side of Pier usage is disabled) There is still time remaining. Max remaining time 06:59:52.9345151, next instruction time 0, next instruction Category: Utilità, Item: Annotation, Text: The CONNECTOR Plugin is used in this Sequence.
2026-09-16T02:32:33.2952|INFO|SequenceItem.cs|Run|208|Starting Category: Utilità, Item: Annotation, Text: The CONNECTOR Plugin is used in this Sequence.
2026-09-16T02:32:33.2952|INFO|SequenceItem.cs|Run|254|Finishing Category: Utilità, Item: Annotation, Text: The CONNECTOR Plugin is used in this Sequence.
2026-09-16T02:32:33.2957|INFO|MeridianFlipTrigger.cs|ShouldTrigger|296|Meridian Flip - (Side of Pier usage is disabled) There is still time remaining. Max remaining time 06:59:52.9345151, next instruction time 0, next instruction Category: Utilità, Item: Annotation, Text: A Switch is also used within this End Sequence.
2026-09-16T02:32:33.2957|INFO|SequenceItem.cs|Run|208|Starting Category: Utilità, Item: Annotation, Text: A Switch is also used within this End Sequence.
2026-09-16T02:32:33.2957|INFO|SequenceItem.cs|Run|254|Finishing Category: Utilità, Item: Annotation, Text: A Switch is also used within this End Sequence.
2026-09-16T02:32:33.2958|INFO|SequenceItem.cs|Run|254|Finishing Category: * Set di Istruzioni *, Container: NINA.Sequencer.Container.SequentialContainer, Strategy: SequentialStrategy, Items[FINISHED]: 3
2026-09-16T02:32:33.2970|INFO|MeridianFlipTrigger.cs|ShouldTrigger|296|Meridian Flip - (Side of Pier usage is disabled) There is still time remaining. Max remaining time 06:59:52.9345151, next instruction time 0, next instruction Category: Guida, Item: StopGuiding
2026-09-16T02:32:33.2973|INFO|SequenceItem.cs|Run|208|Starting Category: Guida, Item: StopGuiding
2026-09-16T02:32:34.5501|INFO|SequenceItem.cs|Run|254|Finishing Category: Guida, Item: StopGuiding
2026-09-16T02:32:34.5510|INFO|MeridianFlipTrigger.cs|ShouldTrigger|296|Meridian Flip - (Side of Pier usage is disabled) There is still time remaining. Max remaining time 06:59:50.5697678, next instruction time 0, next instruction Category: Telescopio, Item: SetTracking, TrackingMode: Stopped
2026-09-16T02:32:34.5511|INFO|SequenceItem.cs|Run|208|Starting Category: Telescopio, Item: SetTracking, TrackingMode: Stopped
2026-09-16T02:32:34.7084|INFO|SequenceItem.cs|Run|254|Finishing Category: Telescopio, Item: SetTracking, TrackingMode: Stopped
2026-09-16T02:32:34.7094|INFO|MeridianFlipTrigger.cs|ShouldTrigger|296|Meridian Flip - (Side of Pier usage is disabled) There is still time remaining. Max remaining time 06:59:50.5697678, next instruction time 0, next instruction Category: Telescopio, Item: FindHome
2026-09-16T02:32:34.7097|INFO|SequenceItem.cs|Run|208|Starting Category: Telescopio, Item: FindHome
2026-09-16T02:32:34.7287|INFO|PHD2Guider.cs|StopGuiding|704|Phd2 - Stop Guiding skipped, as the app is already in state Stopped
2026-09-16T02:32:34.7987|INFO|TelescopeVM.cs|FindHome|292|Mount ordered to locate home position
2026-09-16T02:32:35.5213|INFO|HocusFocusStarDetection.cs|Detect|413|Average HFR: 3.0970139019424288, HFR MAD: 0.36422634004363985, Detected Stars 444, Region: 0
2026-09-16T02:32:36.0432|INFO|BaseImageData.cs|SaveToDisk|346|Saved image to D:\Images NINA\Target\LIGHT_1x1_600.00s_15_132_M 27_Celestron C8__-9.96C_L-Pro_0356_2026-09-16_02-22-26_FWHM_5.12_Fok_40686.xisf
2026-09-16T02:32:36.0433|INFO|ImageSaveController.cs|DoWork|97|Successfully saved file at D:\Images NINA\Target\LIGHT_1x1_600.00s_15_132_M 27_Celestron C8__-9.96C_L-Pro_0356_2026-09-16_02-22-26_FWHM_5.12_Fok_40686.xisf. Duration Total: 00:00:02.7835683; BeforeSave: 00:00:00.0000493; BeforeFinalizeImageSaved: 00:00:02.7097929; FinalizeSaveTime: 00:00:00.0737254
2026-09-16T02:33:07.4186|INFO|TelescopeVM.cs|FindHome|348|Mount has located its home position
2026-09-16T02:33:07.4187|INFO|SequenceItem.cs|Run|254|Finishing Category: Telescopio, Item: FindHome
2026-09-16T02:33:07.4188|INFO|MeridianFlipTrigger.cs|ShouldTrigger|197|Meridian Flip - Telescope is at home position. Skip flip evaluation
2026-09-16T02:33:07.4192|INFO|SequenceItem.cs|Run|208|Starting Category: Apparato per i Flat, Item: CloseCover
2026-09-16T02:33:07.4231|INFO|FlatDeviceVM.cs|CloseCover|341|Closing Flat Device Cover
2026-09-16T02:33:33.3592|INFO|SequenceItem.cs|Run|254|Finishing Category: Apparato per i Flat, Item: CloseCover
2026-09-16T02:33:33.3594|INFO|MeridianFlipTrigger.cs|ShouldTrigger|197|Meridian Flip - Telescope is at home position. Skip flip evaluation
2026-09-16T02:33:33.3598|INFO|SequenceItem.cs|Run|208|Starting Category: Osservatorio, Item: CloseDomeShutter
2026-09-16T02:33:33.3652|INFO|DomeVM.cs|CloseShutter|544|Closing dome shutter. Shutter state before closing ShutterOpen
2026-09-16T02:33:33.3680|INFO|AscomDome.cs|CloseShutter|245|Sending a CloseShutter request, since it is currently ShutterOpen
2026-09-16T02:34:20.8328|INFO|DomeVM.cs|CloseShutter|550|Closed dome shutter. Shutter state after closing ShutterClosed
2026-09-16T02:34:20.8334|INFO|SequenceItem.cs|Run|254|Finishing Category: Osservatorio, Item: CloseDomeShutter
2026-09-16T02:34:20.8335|INFO|MeridianFlipTrigger.cs|ShouldTrigger|197|Meridian Flip - Telescope is at home position. Skip flip evaluation
2026-09-16T02:34:20.8341|INFO|SequenceItem.cs|Run|208|Starting Category: Fotocamera, Item: WarmCamera, Duration: 5
2026-09-16T02:34:20.8368|INFO|CameraVM.cs|WarmCamera|161|Warming Camera. Duration: 00:05:00
2026-09-16T02:41:23.9618|INFO|CameraVM.cs|WarmCamera|179|Could not reach warming temperature. Most likley due to ambient temperature being lower. Continuing...
2026-09-16T02:41:44.0464|INFO|CameraVM.cs|WarmCamera|186|Turning cooler off
2026-09-16T02:41:44.0466|INFO|SequenceItem.cs|Run|254|Finishing Category: Fotocamera, Item: WarmCamera, Duration: 5
2026-09-16T02:41:44.0467|INFO|MeridianFlipTrigger.cs|ShouldTrigger|197|Meridian Flip - Telescope is at home position. Skip flip evaluation
2026-09-16T02:41:44.0474|INFO|SequenceItem.cs|Run|208|Starting Category: Connetti, Item: DisconnectEquipment, Selected device: Camera
2026-09-16T02:41:44.0890|INFO|QHYCamera.cs|Disconnect|1057|QHYCCD: Closing camera 695A-M-0037ec709603ca4e3
2026-09-16T02:41:44.1063|INFO|CameraVM.cs|Disconnect|650|Disconnected Camera
2026-09-16T02:41:44.1064|INFO|SequenceItem.cs|Run|254|Finishing Category: Connetti, Item: DisconnectEquipment, Selected device: Camera
2026-09-16T02:41:44.1066|INFO|MeridianFlipTrigger.cs|ShouldTrigger|197|Meridian Flip - Telescope is at home position. Skip flip evaluation
2026-09-16T02:41:44.1066|INFO|SequenceItem.cs|Run|208|Starting Category: Connetti, Item: DisconnectEquipment, Selected device: Filter Wheel
2026-09-16T02:41:44.2894|INFO|FilterWheelVM.cs|Disconnect|333|Disconnected Filter Wheel
2026-09-16T02:41:44.2896|INFO|SequenceItem.cs|Run|254|Finishing Category: Connetti, Item: DisconnectEquipment, Selected device: Filter Wheel
2026-09-16T02:41:44.2897|INFO|MeridianFlipTrigger.cs|ShouldTrigger|197|Meridian Flip - Telescope is at home position. Skip flip evaluation
2026-09-16T02:41:44.2897|INFO|SequenceItem.cs|Run|208|Starting Category: Connetti, Item: DisconnectEquipment, Selected device: Focuser
2026-09-16T02:41:44.2953|INFO|AscomDevice.cs|Disconnect|378|Disconnecting from ASCOM.PegasusAstro.Focuser Pegasus Astro Focus Controller
2026-09-16T02:41:44.4774|INFO|FocuserVM.cs|Disconnect|441|Disconnected Focuser
2026-09-16T02:41:44.4778|INFO|SequenceItem.cs|Run|254|Finishing Category: Connetti, Item: DisconnectEquipment, Selected device: Focuser
2026-09-16T02:41:44.4779|INFO|MeridianFlipTrigger.cs|ShouldTrigger|197|Meridian Flip - Telescope is at home position. Skip flip evaluation
2026-09-16T02:41:44.4780|INFO|SequenceItem.cs|Run|208|Starting Category: Connetti, Item: DisconnectEquipment, Selected device: Mount
2026-09-16T02:41:44.4930|INFO|AscomDevice.cs|Disconnect|378|Disconnecting from ASCOM.Optec ASCOM.Telescope CPWI_ASCOM_Telescope
2026-09-16T02:41:44.5444|INFO|TelescopeVM.cs|Disconnect|740|Disconnected mount
2026-09-16T02:41:44.5447|INFO|SequenceItem.cs|Run|254|Finishing Category: Connetti, Item: DisconnectEquipment, Selected device: Mount
2026-09-16T02:41:44.5448|ERROR|MeridianFlipTrigger.cs|ShouldTrigger|183|Meridian Flip - Telescope is not connected to evaluate if a flip should happen!
2026-09-16T02:41:44.5449|INFO|SequenceItem.cs|Run|208|Starting Category: Connetti, Item: DisconnectEquipment, Selected device: Guider
2026-09-16T02:41:44.5640|INFO|SequenceItem.cs|Run|254|Finishing Category: Connetti, Item: DisconnectEquipment, Selected device: Guider
2026-09-16T02:41:44.5642|ERROR|MeridianFlipTrigger.cs|ShouldTrigger|183|Meridian Flip - Telescope is not connected to evaluate if a flip should happen!
2026-09-16T02:41:44.5642|INFO|SequenceItem.cs|Run|208|Starting Category: Connetti, Item: DisconnectEquipment, Selected device: Flat Panel
2026-09-16T02:41:44.5668|INFO|AscomDevice.cs|Disconnect|378|Disconnecting from ASCOM.WandererCover1.CoverCalibrator WandererEmpire Cover 1
2026-09-16T02:41:44.6163|INFO|FlatDeviceVM.cs|Disconnect|289|Disconnected Flat Device
2026-09-16T02:41:44.6165|INFO|SequenceItem.cs|Run|254|Finishing Category: Connetti, Item: DisconnectEquipment, Selected device: Flat Panel
2026-09-16T02:41:44.6166|ERROR|MeridianFlipTrigger.cs|ShouldTrigger|183|Meridian Flip - Telescope is not connected to evaluate if a flip should happen!
2026-09-16T02:41:44.6169|INFO|SequenceItem.cs|Run|208|Starting Category: Connetti, Item: DisconnectEquipment, Selected device: Weather
2026-09-16T02:41:44.6205|INFO|AscomDevice.cs|Disconnect|378|Disconnecting from ASCOM.CloudWatcher.ObservingConditions CloudWatcher ObsCond
2026-09-16T02:41:44.6354|INFO|WeatherDataVM.cs|Disconnect|305|Disconnected Weather Device
2026-09-16T02:41:44.6355|INFO|SequenceItem.cs|Run|254|Finishing Category: Connetti, Item: DisconnectEquipment, Selected device: Weather
2026-09-16T02:41:44.6356|ERROR|MeridianFlipTrigger.cs|ShouldTrigger|183|Meridian Flip - Telescope is not connected to evaluate if a flip should happen!
2026-09-16T02:41:44.6357|INFO|SequenceItem.cs|Run|208|Starting Category: Connetti, Item: DisconnectEquipment, Selected device: Dome
2026-09-16T02:41:44.9461|INFO|AscomDevice.cs|Disconnect|378|Disconnecting from ASCOM.TS_Shelter.Dome Shelter Dome
2026-09-16T02:41:45.0008|WARNING|QhyccdSdk.cs|SetControlValue|285|QHYCCD: Failed to Set Control CONTROL_MANULPWM with value 0
2026-09-16T02:41:45.2842|INFO|DomeVM.cs|Disconnect|355|Disconnected Dome Device
2026-09-16T02:41:45.2846|INFO|SequenceItem.cs|Run|254|Finishing Category: Connetti, Item: DisconnectEquipment, Selected device: Dome
2026-09-16T02:41:45.2848|ERROR|MeridianFlipTrigger.cs|ShouldTrigger|183|Meridian Flip - Telescope is not connected to evaluate if a flip should happen!
2026-09-16T02:41:45.2848|INFO|SequenceItem.cs|Run|208|Starting Category: Connetti, Item: DisconnectEquipment, Selected device: Safety Monitor
2026-09-16T02:41:45.3005|INFO|SafetyMonitorVM.cs|UpdateMonitorValues|95|SafetyMonitorInfo state changed to Unsafe
2026-09-16T02:41:45.3006|INFO|AscomDevice.cs|Disconnect|378|Disconnecting from ASCOM.Hub.SafetyMonitor Short driver name - please customise
2026-09-16T02:41:45.6807|INFO|SafetyMonitorVM.cs|Disconnect|221|Disconnected Safety Monitor
2026-09-16T02:41:45.6812|INFO|SequenceItem.cs|Run|254|Finishing Category: Connetti, Item: DisconnectEquipment, Selected device: Safety Monitor
2026-09-16T02:41:45.6815|INFO|SequenceItem.cs|Run|254|Finishing Category: * Set di Istruzioni *, Container: NINA.Sequencer.Container.SequentialContainer, Strategy: SequentialStrategy, Items[FINISHED]: 17
2026-09-16T02:41:45.6816|INFO|SequenceItem.cs|Run|254|Finishing Category: * Set di Istruzioni *, Container: NINA.Sequencer.Container.EndAreaContainer, Strategy: SequentialStrategy, Items[FINISHED]: 1
2026-09-16T02:41:45.6819|INFO|SequenceItem.cs|Run|254|Finishing Category: * Set di Istruzioni *, Container: NINA.Sequencer.Container.SequenceRootContainer, Strategy: SequentialStrategy, Items[FINISHED]: 3, Triggers: Trigger: MeridianFlipTriggerTrigger: RestoreGuidingTrigger: AutofocusAfterHFRIncreaseTrigger, Amount: 5Trigger: AutofocusAfterFilterChange
2026-09-16T02:41:45.6846|INFO|Sequence2VM.cs|StartSequence|548|Advanced Sequence finished
