----------------------------------------------------------------------
--------------N.I.N.A. - Nighttime Imaging 'N' Astronomy--------------
--------------------------Version 3.2.0.9001--------------------------
-------------------------2026-07-16T16:47:17--------------------------
----------------------------------------------------------------------
---------------------Microsoft Windows 10.0.17763---------------------
-------------------------OS Architecture X64--------------------------
-----------------------Process Architecture X64-----------------------
-----------------------------.NET 8.0.21------------------------------
----------------------------------------------------------------------
--------------------------Processor Count 2---------------------------
--------------------Total Physical Memory 11.68 GB--------------------
----------------------------------------------------------------------
DATE|LEVEL|SOURCE|MEMBER|LINE|MESSAGE
2026-07-16T16:47:17.3529|INFO|CameraChooserVM.cs|GetEquipment|69|Found 1 ASI Cameras
2026-07-16T16:47:17.9105|INFO|CameraChooserVM.cs|GetEquipment|84|Found 1 Altair Cameras
2026-07-16T16:47:18.4300|INFO|CameraChooserVM.cs|GetEquipment|96|Found 0 Atik Cameras
2026-07-16T16:47:18.5392|INFO|CameraChooserVM.cs|GetEquipment|110|Found 0 FLI Cameras
2026-07-16T16:47:22.2625|INFO|CameraChooserVM.cs|GetEquipment|130|Found 2 QHYCCD Cameras
2026-07-16T16:47:22.2656|ERROR|FilterWheelChooserVM.cs|GetEquipment|122
QHYCCD.QhySdk+QHYCameraException: Error 'QHY SDK returned an error status' from call to 
QHYGetId(index=1, id=System.Object[])
   at QHYCCD.QhySdk.CheckReturn(UInt32 code, MethodBase callingMethod, Object[] parameters) in /_/NINA.Equipment/SDK/CameraSDKs/QHYSDK/QhyccdSdk.cs:line 419
   at QHYCCD.QhySdk.GetId(UInt32 index, StringBuilder id) in /_/NINA.Equipment/SDK/CameraSDKs/QHYSDK/QhyccdSdk.cs:line 169
   at QHYCCD.QHYFilterWheels.GetFilterWheels() in /_/NINA.Equipment/SDK/CameraSDKs/QHYSDK/QHYFilterWheels.cs:line 39
   at NINA.WPF.Base.ViewModel.Equipment.FilterWheel.FilterWheelChooserVM.GetEquipment() in /_/NINA.WPF.Base/ViewModel/Equipment/FilterWheel/FilterWheelChooserVM.cs:line 109
2026-07-16T16:47:25.1456|INFO|CameraChooserVM.cs|GetEquipment|158|Found 2 ToupTek Cameras
2026-07-16T16:47:25.5250|INFO|CameraChooserVM.cs|GetEquipment|173|Found 1 Ogma Cameras
2026-07-16T16:47:25.8904|INFO|CameraChooserVM.cs|GetEquipment|188|Found 2 Omegon Cameras
2026-07-16T16:47:26.4226|INFO|PluginLoader.cs|LoadPlugin|402|Successfully loaded plugin Connector version 2.1.0.2 by Stefan Berg @isbeorn
2026-07-16T16:47:26.8502|INFO|CameraChooserVM.cs|GetEquipment|203|Found 2 RisingCam Cameras
2026-07-16T16:47:27.2819|INFO|CameraChooserVM.cs|GetEquipment|218|Found 1 MallinCam Cameras
2026-07-16T16:47:27.5092|INFO|CameraChooserVM.cs|GetEquipment|243|Found 1 SVBony Cameras
2026-07-16T16:47:27.5127|INFO|CameraChooserVM.cs|GetEquipment|259|Found 0 SBIG Cameras
2026-07-16T16:47:37.9898|INFO|PluginLoader.cs|LoadPlugin|402|Successfully loaded plugin Hocus Focus version 3.0.0.25 by George Hilios (jokogeo)
2026-07-16T16:47:39.4724|INFO|PluginLoader.cs|LoadPlugin|402|Successfully loaded plugin Remote Copy version 3.0.1.0 by Tom Palmer @tcpalmer
2026-07-16T16:48:15.7361|INFO|PluginLoader.cs|LoadPlugin|402|Successfully loaded plugin RTSP Client version 3.1.0.6 by Stefan Berg @isbeorn
2026-07-16T16:48:16.0982|INFO|PluginLoader.cs|LoadPlugin|402|Successfully loaded plugin Three Point Polar Alignment version 2.2.4.3 by Stefan Berg @isbeorn
2026-07-16T16:48:16.3838|INFO|PluginLoader.cs|LoadPlugin|402|Successfully loaded plugin WandererAstro Tools version 3.0.0.0 by WandererAstro
2026-07-16T16:48:16.6485|INFO|CameraChooserVM.cs|GetEquipment|279|Found 0 SVBony Cameras
2026-07-16T16:48:16.7917|INFO|CameraChooserVM.cs|GetEquipment|279|Found 0 PlayerOne Cameras
2026-07-16T16:48:17.1013|INFO|CameraChooserVM.cs|GetEquipment|279|Found 0 ASTPAN Cameras
2026-07-16T16:48:18.5101|INFO|CameraChooserVM.cs|GetEquipment|293|Found 13 ASCOM Cameras
2026-07-16T16:48:18.7597|INFO|PluginFetcher.cs|RequestAll|43|Fetching plugin manifests from https://nighttime-imaging.eu/wp-json/nina/v1/plugins/manifests
2026-07-16T16:48:21.9635|INFO|FocuserChooserVM.cs|GetEquipment|84|Found 0 Alpaca Focusers
2026-07-16T16:48:22.4053|INFO|SafetyMonitorChooserVM.cs|GetEquipment|71|Found 0 Alpaca Safety Monitors
2026-07-16T16:48:22.4133|INFO|FlatDeviceChooserVM.cs|GetEquipment|67|Found 0 Alpaca Cover Calibrators
2026-07-16T16:48:22.4786|INFO|ApplicationVM.cs|CheckASCOMPlatformVersion|81|ASCOM Platform 7.1.3.4851 installed
2026-07-16T16:48:22.5181|INFO|ApplicationVM.cs|CheckDiskInfo|100|Available Space on Drive C:\: 27.48 GB
2026-07-16T16:48:22.5183|INFO|ApplicationVM.cs|CheckDiskInfo|100|Available Space on Drive D:\: 334.3 GB
2026-07-16T16:48:24.3185|INFO|FilterWheelChooserVM.cs|GetEquipment|193|Found 0 Alpaca Filter Wheels
2026-07-16T16:48:25.7422|INFO|TelescopeChooserVM.cs|GetEquipment|69|Found 0 Alpaca Telescopes
2026-07-16T16:48:25.7485|INFO|RotatorChooserVM.cs|GetEquipment|68|Found 0 Alpaca Rotators
2026-07-16T16:48:25.7565|INFO|PluginFetcher.cs|RequestAll|57|Found 92 valid plugins at https://nighttime-imaging.eu/wp-json/nina/v1/plugins/manifests
2026-07-16T16:48:25.7714|INFO|DomeChooserVM.cs|GetEquipment|67|Found 0 Alpaca Domes
2026-07-16T16:48:25.7776|INFO|WeatherDataChooserVM.cs|GetEquipment|69|Found 0 Alpaca Observing Conditions
2026-07-16T16:48:25.8364|INFO|SwitchChooserVM.cs|GetEquipment|71|Found 0 Alpaca Switch Hubs
2026-07-16T16:48:25.8627|INFO|CameraChooserVM.cs|GetEquipment|305|Found 0 Alpaca Cameras
2026-07-16T16:48:25.8672|INFO|CameraChooserVM.cs|GetEquipment|318|Found 0 Canon Cameras
2026-07-16T16:49:12.6669|INFO|CameraVM.cs|Disconnect|650|Disconnected Camera
2026-07-16T16:49:12.8816|ERROR|ToupTekAlikeCamera.cs|TemperatureSetPoint|104|ToupTek - Could not set TemperatureSetPoint to 1000
2026-07-16T16:49:13.3807|ERROR|ToupTekAlikeCamera.cs|LEDLights|806|ToupTek - Could not set LED Lights option to True
2026-07-16T16:49:13.4606|INFO|CameraVM.cs|ChooseCamera|455|Successfully connected Camera. Id: ToupTek_\\?\usb#vid_0547&pid_1433#6&1727222e&0&3 Name: ATR294C DisplayName: ATR294C (222e&0&3)Driver Version: 60.31631.20260606
2026-07-16T16:49:37.0171|INFO|CameraVM.cs|CoolCamera|138|Cooling Camera. Target: 5 Duration: 00:30:00
2026-07-16T16:49:37.4446|ERROR|ToupTekAlikeCamera.cs|TemperatureSetPoint|104|ToupTek - Could not set TemperatureSetPoint to 410
2026-07-16T16:49:52.5077|ERROR|ToupTekAlikeCamera.cs|TemperatureSetPoint|104|ToupTek - Could not set TemperatureSetPoint to 410
2026-07-16T16:50:07.6067|ERROR|ToupTekAlikeCamera.cs|TemperatureSetPoint|104|ToupTek - Could not set TemperatureSetPoint to 410
2026-07-16T17:25:18.7169|INFO|FilterWheelVM.cs|Disconnect|333|Disconnected Filter Wheel
2026-07-16T17:25:20.8789|INFO|FilterWheelVM.cs|ChooseFW|279|Successfully connected Filter Wheel. Id: ASCOM.ToupTek.FilterWheel Name: ASCOM.ToupTek.FilterWheel DisplayName: ASCOM.ToupTek.FilterWheel (ASCOM) Driver Version: 6.5
2026-07-16T17:25:22.9482|INFO|FocuserVM.cs|Disconnect|441|Disconnected Focuser
2026-07-16T17:25:27.3825|INFO|TelescopeVM.cs|Disconnect|740|Disconnected mount
2026-07-16T17:25:27.7613|INFO|AscomTelescope.cs|CheckMountTime|845|Mount UTC Time: 2026-07-16 15:25:27Z / System UTC Time: 2026-07-16 15:25:27Z; Difference: 0.004 seconds
2026-07-16T17:25:27.8286|INFO|AscomTelescope.cs|CheckMountTime|865|Mount driver does not allow the mount's time to be set.
2026-07-16T17:25:27.8902|INFO|AscomDevice.cs|GetProperty|527|Property Telescope.SiteElevation GET is not implemented in this driver (CPWI_ASCOM_Telescope)
2026-07-16T17:25:29.8563|INFO|TelescopeVM.cs|ChooseTelescope|535|Successfully connected mount. Id: ASCOM.Optec ASCOM.Telescope Name: CPWI_ASCOM_Telescope DisplayName: CPWI_ASCOM_Telescope (ASCOM) Driver Version: 2.5.6.99  with DLL Assembly Date: July_1_2020
2026-07-16T17:25:32.2586|INFO|FocuserVM.cs|ChooseFocuser|333|Successfully connected Focuser. Id: ASCOM.ArcoEsatto.Focuser Name: PLL Focuser v3.7 DisplayName: PLL Focuser v3.7 (ASCOM) Driver Version: 3.7
2026-07-16T17:25:32.3924|INFO|PHD2Guider.cs|Connect|205|Connecting to PHD2 server at 127.0.0.1:4400
2026-07-16T17:25:35.1900|INFO|FlatDeviceVM.cs|Disconnect|289|Disconnected Flat Device
2026-07-16T17:25:38.3839|INFO|WeatherDataVM.cs|Disconnect|305|Disconnected Weather Device
2026-07-16T17:25:41.6507|INFO|AscomDevice.cs|GetProperty|527|Property ObservingConditions.SkyBrightness GET is not implemented in this driver (CloudWatcher ObsCond)
2026-07-16T17:25:41.6885|INFO|AscomDevice.cs|GetProperty|527|Property ObservingConditions.SkyQuality GET is not implemented in this driver (CloudWatcher ObsCond)
2026-07-16T17:25:41.7032|INFO|AscomDevice.cs|GetProperty|527|Property ObservingConditions.StarFWHM GET is not implemented in this driver (CloudWatcher ObsCond)
2026-07-16T17:25:41.7159|INFO|AscomDevice.cs|GetProperty|527|Property ObservingConditions.WindDirection GET is not implemented in this driver (CloudWatcher ObsCond)
2026-07-16T17:25:41.7320|INFO|WeatherDataVM.cs|ChooseWeatherData|150|Successfully connected Weather Device. Id: ASCOM.CloudWatcher.ObservingConditions Name: CloudWatcher ObsCond DisplayName: CloudWatcher ObsCond (ASCOM) Driver Version: 1.1
2026-07-16T17:25:43.0532|INFO|DomeVM.cs|Disconnect|355|Disconnected Dome Device
2026-07-16T17:25:43.2549|INFO|AscomDevice.cs|GetProperty|527|Property Dome.AtPark GET is not implemented in this driver (Shelter Dome)
2026-07-16T17:25:43.2640|INFO|AscomDevice.cs|GetProperty|527|Property Dome.AtHome GET is not implemented in this driver (Shelter Dome)
2026-07-16T17:25:43.2884|INFO|AscomDevice.cs|GetProperty|527|Property Dome.Azimuth GET is not implemented in this driver (Shelter Dome)
2026-07-16T17:25:43.3357|INFO|DomeVM.cs|ChooseDome|198|Successfully connected Dome. Id: ASCOM.TS_Shelter.Dome Name: Shelter Dome DisplayName: Shelter Dome (ASCOM) Driver Version: 6.6
2026-07-16T17:25:44.3303|INFO|FlatDeviceVM.cs|Connect|241|Successfully connected flat device. Id: ASCOM.WandererCover2.CoverCalibrator Name: WandererEmpire Cover 2 DisplayName: WandererEmpire Cover 2 (ASCOM) Driver Version: 2.0
2026-07-16T17:25:45.3390|INFO|AscomDevice.cs|GetProperty|527|Property Dome.Altitude GET is not implemented in this driver (Shelter Dome)
2026-07-16T17:25:48.9846|INFO|SafetyMonitorVM.cs|Disconnect|221|Disconnected Safety Monitor
2026-07-16T17:25:50.2563|INFO|SafetyMonitorVM.cs|Connect|175|Successfully connected Safety Monitor. Id: ASCOM.Hub.SafetyMonitor Name: Short driver name - please customise DisplayName: Short driver name - please customise (ASCOM) Driver Version: 6.4
2026-07-16T17:29:39.2636|INFO|Sequence2VM.cs|LockSequence|139|Sequencer unlocked
2026-07-16T17:30:02.0555|INFO|FlatDeviceVM.cs|SetBrightness|153|Setting brightness to 1
2026-07-16T17:30:04.5356|INFO|DockManagerVM.cs|InitializeAvalonDockLayout|366|Initializing imaging tab layout from C:\Users\PrimaLuceLab\AppData\Local\NINA\Profiles\34340171-83bd-4865-9381-6b1dd342fa62.dock.config
2026-07-16T17:30:10.7946|INFO|CameraVM.cs|Capture|742|Starting Exposure - Exposure Time: 1s; Filter: LPRO; Gain: 910; Offset 99; Binning: 1x1;
2026-07-16T17:30:47.9550|INFO|FlatDeviceVM.cs|SetBrightness|153|Setting brightness to 0
2026-07-16T18:52:34.5603|WARNING|DeviceUpdateTimer.cs|Run|115|Mount value update cycle took longer than the device poll interval (Total: 2.61s > 2s; Poll: 00:00:02.6053658; Update: 00:00:00.0000937)
2026-07-16T18:52:42.4493|INFO|FlatDeviceVM.cs|SetBrightness|153|Setting brightness to 1
2026-07-16T18:52:50.9131|INFO|CameraVM.cs|Capture|742|Starting Exposure - Exposure Time: 1s; Filter: LPRO; Gain: 910; Offset 99; Binning: 1x1;
2026-07-16T18:53:17.5754|INFO|CameraVM.cs|CoolCamera|138|Cooling Camera. Target: 0 Duration: 00:30:00
2026-07-16T20:15:47.6417|WARNING|DeviceUpdateTimer.cs|Run|115|Mount value update cycle took longer than the device poll interval (Total: 3.77s > 2s; Poll: 00:00:03.7678972; Update: 00:00:00.0000982)
2026-07-16T20:16:03.6087|INFO|CameraVM.cs|Capture|742|Starting Exposure - Exposure Time: 1s; Filter: LPRO; Gain: 910; Offset 99; Binning: 1x1;
2026-07-16T20:16:28.2450|INFO|CameraVM.cs|SetDewHeater|863|Setting camera dew heater to off
2026-07-16T20:16:33.1701|INFO|CameraVM.cs|SetDewHeater|863|Setting camera dew heater to on
2026-07-16T20:17:17.2924|INFO|FlatDeviceVM.cs|SetBrightness|153|Setting brightness to 0
2026-07-16T20:17:53.8176|INFO|Sequence2VM.cs|StartSequence|543|Advanced Sequence starting
2026-07-16T20:17:53.8453|INFO|SequenceItem.cs|Run|208|Starting Category: * Set di Istruzioni *, Container: NINA.Sequencer.Container.SequenceRootContainer, Strategy: SequentialStrategy, Items[CREATED]: 3, Triggers: Trigger: MeridianFlipTriggerTrigger: RestoreGuidingTrigger: AutofocusAfterHFRIncreaseTrigger, Amount: 10Trigger: AutofocusAfterFilterChange
2026-07-16T20:17:53.8777|INFO|MeridianFlipTrigger.cs|ShouldTrigger|204|Meridian Flip - Telescope is not tracking. Skip flip evaluation
2026-07-16T20:17:53.8924|INFO|SequenceItem.cs|Run|208|Starting Category: * Set di Istruzioni *, Container: NINA.Sequencer.Container.StartAreaContainer, Strategy: SequentialStrategy, Items[CREATED]: 2
2026-07-16T20:17:53.8942|INFO|MeridianFlipTrigger.cs|ShouldTrigger|204|Meridian Flip - Telescope is not tracking. Skip flip evaluation
2026-07-16T20:17:53.8951|INFO|SequenceItem.cs|Run|208|Starting Category: Utilità, Item: Annotation, Text: VERSION: 1
2026-07-16T20:17:53.8957|INFO|SequenceItem.cs|Run|254|Finishing Category: Utilità, Item: Annotation, Text: VERSION: 1
2026-07-16T20:17:53.9107|INFO|MeridianFlipTrigger.cs|ShouldTrigger|204|Meridian Flip - Telescope is not tracking. Skip flip evaluation
2026-07-16T20:17:53.9110|INFO|SequenceItem.cs|Run|208|Starting Category: * Set di Istruzioni *, Container: NINA.Sequencer.Container.SequentialContainer, Strategy: SequentialStrategy, Items[CREATED]: 4
2026-07-16T20:17:53.9112|INFO|MeridianFlipTrigger.cs|ShouldTrigger|204|Meridian Flip - Telescope is not tracking. Skip flip evaluation
2026-07-16T20:17:53.9112|INFO|SequenceItem.cs|Run|208|Starting Category: Utilità, Item: Annotation, Text: VERSION: 1
2026-07-16T20:17:53.9114|INFO|SequenceItem.cs|Run|254|Finishing Category: Utilità, Item: Annotation, Text: VERSION: 1
2026-07-16T20:17:53.9117|INFO|MeridianFlipTrigger.cs|ShouldTrigger|204|Meridian Flip - Telescope is not tracking. Skip flip evaluation
2026-07-16T20:17:53.9117|INFO|SequenceItem.cs|Run|208|Starting Category: * Set di Istruzioni *, Container: NINA.Sequencer.Container.SequentialContainer, Strategy: SequentialStrategy, Items[CREATED]: 4
2026-07-16T20:17:53.9118|INFO|MeridianFlipTrigger.cs|ShouldTrigger|204|Meridian Flip - Telescope is not tracking. Skip flip evaluation
2026-07-16T20:17:53.9118|INFO|SequenceItem.cs|Run|208|Starting Category: Utilità, Item: Annotation, Text: This Startup Sequence ensures an ASCOM Safety Monitor will function in a sequence as expected.
2026-07-16T20:17:53.9119|INFO|SequenceItem.cs|Run|254|Finishing Category: Utilità, Item: Annotation, Text: This Startup Sequence ensures an ASCOM Safety Monitor will function in a sequence as expected.
2026-07-16T20:17:53.9214|INFO|MeridianFlipTrigger.cs|ShouldTrigger|204|Meridian Flip - Telescope is not tracking. Skip flip evaluation
2026-07-16T20:17:53.9214|INFO|SequenceItem.cs|Run|208|Starting Category: Utilità, Item: Annotation, Text: The CONNECTOR Plugin is used in this Sequence.
2026-07-16T20:17:53.9215|INFO|SequenceItem.cs|Run|254|Finishing Category: Utilità, Item: Annotation, Text: The CONNECTOR Plugin is used in this Sequence.
2026-07-16T20:17:53.9215|INFO|MeridianFlipTrigger.cs|ShouldTrigger|204|Meridian Flip - Telescope is not tracking. Skip flip evaluation
2026-07-16T20:17:53.9216|INFO|SequenceItem.cs|Run|208|Starting Category: Utilità, Item: Annotation, Text: A Switch is also used within this Startup Sequence.
2026-07-16T20:17:53.9216|INFO|SequenceItem.cs|Run|254|Finishing Category: Utilità, Item: Annotation, Text: A Switch is also used within this Startup Sequence.
2026-07-16T20:17:53.9217|INFO|MeridianFlipTrigger.cs|ShouldTrigger|204|Meridian Flip - Telescope is not tracking. Skip flip evaluation
2026-07-16T20:17:53.9217|INFO|SequenceItem.cs|Run|208|Starting Category: Utilità, Item: Annotation, Text: The sequence uses Nautical Dusk and Nautical Dawn along with a number of time offsets. Adjust this as desired.
2026-07-16T20:17:53.9219|INFO|SequenceItem.cs|Run|254|Finishing Category: Utilità, Item: Annotation, Text: The sequence uses Nautical Dusk and Nautical Dawn along with a number of time offsets. Adjust this as desired.
2026-07-16T20:17:53.9298|INFO|SequenceItem.cs|Run|254|Finishing Category: * Set di Istruzioni *, Container: NINA.Sequencer.Container.SequentialContainer, Strategy: SequentialStrategy, Items[FINISHED]: 4
2026-07-16T20:17:53.9335|INFO|MeridianFlipTrigger.cs|ShouldTrigger|204|Meridian Flip - Telescope is not tracking. Skip flip evaluation
2026-07-16T20:17:53.9337|INFO|SequenceItem.cs|Run|208|Starting Category: * Set di Istruzioni *, Container: NINA.Sequencer.Container.SequentialContainer, Strategy: SequentialStrategy, Items[CREATED]: 11
2026-07-16T20:17:53.9339|INFO|MeridianFlipTrigger.cs|ShouldTrigger|204|Meridian Flip - Telescope is not tracking. Skip flip evaluation
2026-07-16T20:17:53.9352|INFO|SequenceItem.cs|Run|208|Starting Category: Utilità, Item: WaitForTime, Time: 21:34:33h, Offset: -30
2026-07-16T21:22:59.3706|WARNING|DeviceUpdateTimer.cs|Run|115|Mount value update cycle took longer than the device poll interval (Total: 3.56s > 2s; Poll: 00:00:03.5617315; Update: 00:00:00.0001119)
2026-07-16T21:34:12.2824|INFO|SafetyMonitorVM.cs|UpdateMonitorValues|95|SafetyMonitorInfo state changed to Safe
2026-07-16T21:34:49.6905|INFO|SequenceItem.cs|Run|254|Finishing Category: Utilità, Item: WaitForTime, Time: 21:34:33h, Offset: -30
2026-07-16T21:34:49.6908|INFO|MeridianFlipTrigger.cs|ShouldTrigger|204|Meridian Flip - Telescope is not tracking. Skip flip evaluation
2026-07-16T21:34:49.6920|INFO|SequenceItem.cs|Run|208|Starting Category: Connetti, Item: ConnectEquipment, Selected device: Weather, Selected device id: ASCOM.CloudWatcher.ObservingConditions
2026-07-16T21:34:49.6943|INFO|ConnectEquipment.cs|Execute|186|Weather is already connected
2026-07-16T21:34:49.6944|INFO|SequenceItem.cs|Run|254|Finishing Category: Connetti, Item: ConnectEquipment, Selected device: Weather, Selected device id: ASCOM.CloudWatcher.ObservingConditions
2026-07-16T21:34:49.6966|INFO|MeridianFlipTrigger.cs|ShouldTrigger|204|Meridian Flip - Telescope is not tracking. Skip flip evaluation
2026-07-16T21:34:49.6967|INFO|SequenceItem.cs|Run|208|Starting Category: Connetti, Item: ConnectEquipment, Selected device: Safety Monitor, Selected device id: ASCOM.Hub.SafetyMonitor
2026-07-16T21:34:49.6970|INFO|ConnectEquipment.cs|Execute|186|Safety Monitor is already connected
2026-07-16T21:34:49.6970|INFO|SequenceItem.cs|Run|254|Finishing Category: Connetti, Item: ConnectEquipment, Selected device: Safety Monitor, Selected device id: ASCOM.Hub.SafetyMonitor
2026-07-16T21:34:49.6975|INFO|MeridianFlipTrigger.cs|ShouldTrigger|204|Meridian Flip - Telescope is not tracking. Skip flip evaluation
2026-07-16T21:34:49.6980|INFO|SequenceItem.cs|Run|208|Starting Category: Monitor Di Sicurezza, Item: WaitUntilSafe
2026-07-16T21:34:49.7007|INFO|SequenceItem.cs|Run|254|Finishing Category: Monitor Di Sicurezza, Item: WaitUntilSafe
2026-07-16T21:34:49.7009|INFO|MeridianFlipTrigger.cs|ShouldTrigger|204|Meridian Flip - Telescope is not tracking. Skip flip evaluation
2026-07-16T21:34:49.7010|INFO|SequenceItem.cs|Run|208|Starting Category: Connetti, Item: ConnectEquipment, Selected device: Camera, Selected device id: ToupTek_\\?\usb#vid_0547&pid_1433#6&1727222e&0&3
2026-07-16T21:34:49.7011|INFO|ConnectEquipment.cs|Execute|186|Camera is already connected
2026-07-16T21:34:49.7011|INFO|SequenceItem.cs|Run|254|Finishing Category: Connetti, Item: ConnectEquipment, Selected device: Camera, Selected device id: ToupTek_\\?\usb#vid_0547&pid_1433#6&1727222e&0&3
2026-07-16T21:34:49.7012|INFO|MeridianFlipTrigger.cs|ShouldTrigger|204|Meridian Flip - Telescope is not tracking. Skip flip evaluation
2026-07-16T21:34:49.7013|INFO|SequenceItem.cs|Run|208|Starting Category: Connetti, Item: ConnectEquipment, Selected device: Focuser, Selected device id: ASCOM.ArcoEsatto.Focuser
2026-07-16T21:34:49.7013|INFO|ConnectEquipment.cs|Execute|186|Focuser is already connected
2026-07-16T21:34:49.7013|INFO|SequenceItem.cs|Run|254|Finishing Category: Connetti, Item: ConnectEquipment, Selected device: Focuser, Selected device id: ASCOM.ArcoEsatto.Focuser
2026-07-16T21:34:49.7014|INFO|MeridianFlipTrigger.cs|ShouldTrigger|204|Meridian Flip - Telescope is not tracking. Skip flip evaluation
2026-07-16T21:34:49.7014|INFO|SequenceItem.cs|Run|208|Starting Category: Connetti, Item: ConnectEquipment, Selected device: Filter Wheel, Selected device id: ASCOM.ToupTek.FilterWheel
2026-07-16T21:34:49.7015|INFO|ConnectEquipment.cs|Execute|186|Filter Wheel is already connected
2026-07-16T21:34:49.7015|INFO|SequenceItem.cs|Run|254|Finishing Category: Connetti, Item: ConnectEquipment, Selected device: Filter Wheel, Selected device id: ASCOM.ToupTek.FilterWheel
2026-07-16T21:34:49.7016|INFO|MeridianFlipTrigger.cs|ShouldTrigger|204|Meridian Flip - Telescope is not tracking. Skip flip evaluation
2026-07-16T21:34:49.7016|INFO|SequenceItem.cs|Run|208|Starting Category: Connetti, Item: ConnectEquipment, Selected device: Mount, Selected device id: ASCOM.Optec ASCOM.Telescope
2026-07-16T21:34:49.7017|INFO|ConnectEquipment.cs|Execute|186|Mount is already connected
2026-07-16T21:34:49.7017|INFO|SequenceItem.cs|Run|254|Finishing Category: Connetti, Item: ConnectEquipment, Selected device: Mount, Selected device id: ASCOM.Optec ASCOM.Telescope
2026-07-16T21:34:49.7018|INFO|MeridianFlipTrigger.cs|ShouldTrigger|204|Meridian Flip - Telescope is not tracking. Skip flip evaluation
2026-07-16T21:34:49.7018|INFO|SequenceItem.cs|Run|208|Starting Category: Connetti, Item: ConnectEquipment, Selected device: Dome, Selected device id: ASCOM.TS_Shelter.Dome
2026-07-16T21:34:49.7018|INFO|ConnectEquipment.cs|Execute|186|Dome is already connected
2026-07-16T21:34:49.7019|INFO|SequenceItem.cs|Run|254|Finishing Category: Connetti, Item: ConnectEquipment, Selected device: Dome, Selected device id: ASCOM.TS_Shelter.Dome
2026-07-16T21:34:49.7019|INFO|MeridianFlipTrigger.cs|ShouldTrigger|204|Meridian Flip - Telescope is not tracking. Skip flip evaluation
2026-07-16T21:34:49.7020|INFO|SequenceItem.cs|Run|208|Starting Category: Connetti, Item: ConnectEquipment, Selected device: Guider, Selected device id: PHD2_Single
2026-07-16T21:34:49.7020|INFO|ConnectEquipment.cs|Execute|186|Guider is already connected
2026-07-16T21:34:49.7021|INFO|SequenceItem.cs|Run|254|Finishing Category: Connetti, Item: ConnectEquipment, Selected device: Guider, Selected device id: PHD2_Single
2026-07-16T21:34:49.7021|INFO|MeridianFlipTrigger.cs|ShouldTrigger|204|Meridian Flip - Telescope is not tracking. Skip flip evaluation
2026-07-16T21:34:49.7022|INFO|SequenceItem.cs|Run|208|Starting Category: Connetti, Item: ConnectEquipment, Selected device: Flat Panel, Selected device id: ASCOM.WandererCover2.CoverCalibrator
2026-07-16T21:34:49.7022|INFO|ConnectEquipment.cs|Execute|186|Flat Panel is already connected
2026-07-16T21:34:49.7022|INFO|SequenceItem.cs|Run|254|Finishing Category: Connetti, Item: ConnectEquipment, Selected device: Flat Panel, Selected device id: ASCOM.WandererCover2.CoverCalibrator
2026-07-16T21:34:49.7027|INFO|SequenceItem.cs|Run|254|Finishing Category: * Set di Istruzioni *, Container: NINA.Sequencer.Container.SequentialContainer, Strategy: SequentialStrategy, Items[FINISHED]: 11
2026-07-16T21:34:49.7027|INFO|MeridianFlipTrigger.cs|ShouldTrigger|204|Meridian Flip - Telescope is not tracking. Skip flip evaluation
2026-07-16T21:34:49.7028|INFO|SequenceItem.cs|Run|208|Starting Category: * Set di Istruzioni *, Container: NINA.Sequencer.Container.SequentialContainer, Strategy: SequentialStrategy, Items[CREATED]: 12
2026-07-16T21:34:49.7030|INFO|MeridianFlipTrigger.cs|ShouldTrigger|204|Meridian Flip - Telescope is not tracking. Skip flip evaluation
2026-07-16T21:34:49.7035|INFO|SequenceItem.cs|Run|208|Starting Category: Fotocamera, Item: CoolCamera, Temperature: -10, Duration: 5
2026-07-16T21:34:49.7051|INFO|CameraVM.cs|CoolCamera|138|Cooling Camera. Target: -10 Duration: 00:05:00
2026-07-16T21:41:09.1293|INFO|DomeVM.cs|OpenShutter|448|Opening dome shutter. Shutter state before opening ShutterClosed
2026-07-16T21:41:09.1321|INFO|AscomDome.cs|OpenShutter|206|Sending an OpenShutter request, since it is currently ShutterClosed
2026-07-16T21:41:53.3410|INFO|DomeVM.cs|OpenShutter|454|Opened dome shutter. Shutter state after opening ShutterOpen
2026-07-16T21:42:01.0959|INFO|FlatDeviceVM.cs|OpenCover|312|Opening Flat Device Cover
2026-07-16T21:58:37.9304|INFO|SequenceItem.cs|Run|254|Finishing Category: Fotocamera, Item: CoolCamera, Temperature: -10, Duration: 5
2026-07-16T21:58:37.9307|INFO|MeridianFlipTrigger.cs|ShouldTrigger|204|Meridian Flip - Telescope is not tracking. Skip flip evaluation
2026-07-16T21:58:37.9308|INFO|SequenceItem.cs|Run|208|Starting Category: Utilità, Item: WaitForTime, Time: 21:54:33h, Offset: -10
2026-07-16T21:58:37.9316|INFO|SequenceItem.cs|Run|254|Finishing Category: Utilità, Item: WaitForTime, Time: 21:54:33h, Offset: -10
2026-07-16T21:58:37.9317|INFO|MeridianFlipTrigger.cs|ShouldTrigger|204|Meridian Flip - Telescope is not tracking. Skip flip evaluation
2026-07-16T21:58:37.9318|INFO|SequenceItem.cs|Run|208|Starting Category: Monitor Di Sicurezza, Item: WaitUntilSafe
2026-07-16T21:58:37.9319|INFO|SequenceItem.cs|Run|254|Finishing Category: Monitor Di Sicurezza, Item: WaitUntilSafe
2026-07-16T21:58:37.9320|INFO|MeridianFlipTrigger.cs|ShouldTrigger|204|Meridian Flip - Telescope is not tracking. Skip flip evaluation
2026-07-16T21:58:37.9323|INFO|SequenceItem.cs|Run|208|Starting Category: Osservatorio, Item: OpenDomeShutter
2026-07-16T21:58:37.9338|INFO|SequenceItem.cs|Run|254|Finishing Category: Osservatorio, Item: OpenDomeShutter
2026-07-16T21:58:37.9378|INFO|MeridianFlipTrigger.cs|ShouldTrigger|204|Meridian Flip - Telescope is not tracking. Skip flip evaluation
2026-07-16T21:58:37.9385|INFO|SequenceItem.cs|Run|208|Starting Category: Telescopio, Item: UnparkScope
2026-07-16T21:58:37.9414|INFO|TelescopeVM.cs|UnparkTelescope|232|Mount ordered to unpark
2026-07-16T21:58:37.9568|INFO|TelescopeVM.cs|UnparkTelescope|277|Mount is already unparked
2026-07-16T21:58:37.9571|INFO|TelescopeVM.cs|UnparkTelescope|282|Mount has unparked
2026-07-16T21:58:37.9572|INFO|SequenceItem.cs|Run|254|Finishing Category: Telescopio, Item: UnparkScope
2026-07-16T21:58:37.9686|INFO|MeridianFlipTrigger.cs|ShouldTrigger|204|Meridian Flip - Telescope is not tracking. Skip flip evaluation
2026-07-16T21:58:37.9692|INFO|SequenceItem.cs|Run|208|Starting Category: Apparato per i Flat, Item: OpenCover
2026-07-16T21:58:37.9768|INFO|SequenceItem.cs|Run|254|Finishing Category: Apparato per i Flat, Item: OpenCover
2026-07-16T21:58:37.9777|INFO|MeridianFlipTrigger.cs|ShouldTrigger|204|Meridian Flip - Telescope is not tracking. Skip flip evaluation
2026-07-16T21:58:37.9796|INFO|SequenceItem.cs|Run|208|Starting Category: Telescopio, Item: SetTracking, TrackingMode: Sidereal
2026-07-16T21:58:38.0428|INFO|SequenceItem.cs|Run|254|Finishing Category: Telescopio, Item: SetTracking, TrackingMode: Sidereal
2026-07-16T21:58:38.0430|INFO|MeridianFlipTrigger.cs|ShouldTrigger|204|Meridian Flip - Telescope is not tracking. Skip flip evaluation
2026-07-16T21:58:38.0437|INFO|SequenceItem.cs|Run|208|Starting Category: Ruota porta filtri, Item: SwitchFilter, Filter: LPRO
2026-07-16T21:58:38.0460|INFO|SequenceItem.cs|Run|254|Finishing Category: Ruota porta filtri, Item: SwitchFilter, Filter: LPRO
2026-07-16T21:58:38.0462|INFO|MeridianFlipTrigger.cs|ShouldTrigger|204|Meridian Flip - Telescope is not tracking. Skip flip evaluation
2026-07-16T21:58:38.0469|INFO|SequenceItem.cs|Run|208|Starting Category: Telescopio, Item: SlewScopeToAltAz, Coordinates: NINA.Astrometry.InputTopocentricCoordinates
2026-07-16T21:58:38.1743|INFO|PHD2Guider.cs|StopGuiding|704|Phd2 - Stop Guiding skipped, as the app is already in state Stopped
2026-07-16T21:58:38.2702|INFO|TelescopeVM.cs|SlewAsyncInternal|910|Slewing from RA: 18:46:41; Dec: 89° 02' 59"; Epoch: JNOW to RA: 18:08:38; Dec: 39° 23' 27"; Epoch: JNOW - Alt: 70° 00' 00"; Az: 90° 00' 00"
2026-07-16T21:59:09.6007|INFO|SequenceItem.cs|Run|254|Finishing Category: Telescopio, Item: SlewScopeToAltAz, Coordinates: NINA.Astrometry.InputTopocentricCoordinates
2026-07-16T21:59:09.6029|INFO|MeridianFlipTrigger.cs|ShouldTrigger|296|Meridian Flip - (Side of Pier usage is disabled) There is still time remaining. Max remaining time 01:42:36.0018380, next instruction time 60, next instruction Category: Utilità, Item: WaitForTimeSpan, Time: 60s
2026-07-16T21:59:09.6032|INFO|SequenceItem.cs|Run|208|Starting Category: Utilità, Item: WaitForTimeSpan, Time: 60s
2026-07-16T22:00:09.7536|INFO|SequenceItem.cs|Run|254|Finishing Category: Utilità, Item: WaitForTimeSpan, Time: 60s
2026-07-16T22:00:09.7552|INFO|MeridianFlipTrigger.cs|ShouldTrigger|296|Meridian Flip - (Side of Pier usage is disabled) There is still time remaining. Max remaining time 01:41:35.6789597, next instruction time 160, next instruction Category: Focheggiatore, Item: RunAutofocus
2026-07-16T22:00:09.7560|INFO|SequenceItem.cs|Run|208|Starting Category: Focheggiatore, Item: RunAutofocus
2026-07-16T22:00:09.9993|INFO|FocuserMediator.cs|BroadcastAutoFocusRunStarting|92|Autofocus starting notification received
2026-07-16T22:00:10.0528|INFO|PHD2Guider.cs|StopGuiding|704|Phd2 - Stop Guiding skipped, as the app is already in state Stopped
2026-07-16T22:00:10.0652|INFO|AutoFocusEngine.cs|RunAutoFocus|929|Starting AutoFocus with initial position 115741
2026-07-16T22:00:10.0802|INFO|CameraVM.cs|Capture|742|Starting Exposure - Exposure Time: 5s; Filter: LPRO; Gain: 910; Offset 99; Binning: 1x1;
2026-07-16T22:00:15.3466|INFO|AutoFocusEngine.cs|StartBlindFocusPoints|769|Waiting on initial HFR analysis
2026-07-16T22:00:15.4274|INFO|FocuserVM.cs|MoveFocuserInternal|216|Moving Focuser to position 130741
2026-07-16T22:00:20.9894|INFO|CameraVM.cs|Capture|742|Starting Exposure - Exposure Time: 5s; Filter: LPRO; Gain: 910; Offset 99; Binning: 1x1;
2026-07-16T22:00:26.2939|INFO|FocuserVM.cs|MoveFocuserInternal|216|Moving Focuser to position 125741
2026-07-16T22:00:26.5609|INFO|HocusFocusStarDetection.cs|Detect|413|Average HFR: 2.2152195110688826, HFR MAD: 0.18012359112987042, Detected Stars 202, Region: 0
2026-07-16T22:00:32.4576|INFO|CameraVM.cs|Capture|742|Starting Exposure - Exposure Time: 5s; Filter: LPRO; Gain: 910; Offset 99; Binning: 1x1;
2026-07-16T22:00:36.7872|INFO|HocusFocusStarDetection.cs|Detect|413|Average HFR: 9.37421733952126, HFR MAD: 0.520572565381265, Detected Stars 9, Region: 0
2026-07-16T22:00:37.7620|INFO|FocuserVM.cs|MoveFocuserInternal|216|Moving Focuser to position 120741
2026-07-16T22:00:43.1510|INFO|CameraVM.cs|Capture|742|Starting Exposure - Exposure Time: 5s; Filter: LPRO; Gain: 910; Offset 99; Binning: 1x1;
2026-07-16T22:00:48.2822|INFO|HocusFocusStarDetection.cs|Detect|413|Average HFR: 6.199847318902426, HFR MAD: 0.3874568818454218, Detected Stars 49, Region: 0
2026-07-16T22:00:48.3519|INFO|AutoFocusEngine.cs|StartBlindFocusPoints|797|Waiting on initial focuser move analyses
2026-07-16T22:00:58.5694|INFO|HocusFocusStarDetection.cs|Detect|413|Average HFR: 3.972702681507201, HFR MAD: 0.25348951782114915, Detected Stars 120, Region: 0
2026-07-16T22:00:59.0038|INFO|FocuserVM.cs|MoveFocuserInternal|216|Moving Focuser to position 115741
2026-07-16T22:01:04.4095|INFO|CameraVM.cs|Capture|742|Starting Exposure - Exposure Time: 5s; Filter: LPRO; Gain: 910; Offset 99; Binning: 1x1;
2026-07-16T22:01:09.6372|INFO|AutoFocusEngine.cs|StartBlindFocusPoints|870|Waiting on next left movement analysis
2026-07-16T22:01:19.7582|INFO|HocusFocusStarDetection.cs|Detect|413|Average HFR: 2.2136614935529435, HFR MAD: 0.18060126729660286, Detected Stars 228, Region: 0
2026-07-16T22:01:19.9600|INFO|FocuserVM.cs|MoveFocuserInternal|216|Moving Focuser to position 110741
2026-07-16T22:01:25.2752|INFO|CameraVM.cs|Capture|742|Starting Exposure - Exposure Time: 5s; Filter: LPRO; Gain: 910; Offset 99; Binning: 1x1;
2026-07-16T22:01:30.4655|INFO|AutoFocusEngine.cs|StartBlindFocusPoints|870|Waiting on next left movement analysis
2026-07-16T22:01:40.7299|INFO|HocusFocusStarDetection.cs|Detect|413|Average HFR: 2.714704047466073, HFR MAD: 0.22647042572578968, Detected Stars 202, Region: 0
2026-07-16T22:01:40.8246|INFO|AutoFocusEngine.cs|StartBlindFocusPoints|841|Enough right trend points (3) with an established minimum (115741) to queue remaining left focus points down to 100741
2026-07-16T22:01:40.8787|INFO|FocuserVM.cs|MoveFocuserInternal|216|Moving Focuser to position 105741
2026-07-16T22:01:46.3987|INFO|CameraVM.cs|Capture|742|Starting Exposure - Exposure Time: 5s; Filter: LPRO; Gain: 910; Offset 99; Binning: 1x1;
2026-07-16T22:01:51.7479|INFO|FocuserVM.cs|MoveFocuserInternal|216|Moving Focuser to position 100741
2026-07-16T22:01:57.6043|INFO|CameraVM.cs|Capture|742|Starting Exposure - Exposure Time: 5s; Filter: LPRO; Gain: 910; Offset 99; Binning: 1x1;
2026-07-16T22:02:02.1847|INFO|HocusFocusStarDetection.cs|Detect|413|Average HFR: 4.838091696200116, HFR MAD: 0.3157099021825056, Detected Stars 99, Region: 0
2026-07-16T22:02:02.9188|INFO|AutoFocusEngine.cs|StartBlindFocusPoints|896|Waiting on remaining AutoFocus analysis tasks
2026-07-16T22:02:13.1105|INFO|HocusFocusStarDetection.cs|Detect|413|Average HFR: 7.4955638390895905, HFR MAD: 0.24835268216978168, Detected Stars 19, Region: 0
2026-07-16T22:02:13.2638|INFO|FocuserVM.cs|MoveFocuserInternal|216|Moving Focuser to position 114243
2026-07-16T22:02:18.5142|INFO|AutoFocusEngine.cs|ValidateCalculatedFocusPosition|1141|Validating HFR at final focus position 114243
2026-07-16T22:02:18.5573|INFO|CameraVM.cs|Capture|742|Starting Exposure - Exposure Time: 5s; Filter: LPRO; Gain: 910; Offset 99; Binning: 1x1;
2026-07-16T22:02:34.2807|INFO|HocusFocusStarDetection.cs|Detect|413|Average HFR: 2.196836837568436, HFR MAD: 0.1924825275229991, Detected Stars 245, Region: 0
2026-07-16T22:02:34.2869|INFO|HocusFocusVM.cs|AutoFocusEngine_Completed|473|AutoFocus completed with focuser starting at 115741 and ending at 114243
2026-07-16T22:02:34.4028|INFO|FocuserMediator.cs|BroadcastSuccessfulAutoFocusRun|46|Autofocus notification received - Temperature 28.57
2026-07-16T22:02:34.4234|INFO|SequenceItem.cs|Run|254|Finishing Category: Focheggiatore, Item: RunAutofocus
2026-07-16T22:02:34.4239|INFO|MeridianFlipTrigger.cs|ShouldTrigger|296|Meridian Flip - (Side of Pier usage is disabled) There is still time remaining. Max remaining time 01:39:08.9291422, next instruction time 0, next instruction Category: Telescopio, Item: SolveAndSync
2026-07-16T22:02:34.4242|INFO|SequenceItem.cs|Run|208|Starting Category: Telescopio, Item: SolveAndSync
2026-07-16T22:02:34.7217|INFO|CameraVM.cs|Capture|742|Starting Exposure - Exposure Time: 10s; Filter: ; Gain: 910; Offset 99; Binning: 1x1;
2026-07-16T22:02:50.6865|INFO|ImageSolver.cs|Solve|41|Platesolving with parameters: FocalLength: 760 PixelSize: 4.63 SearchRadius: 30 BlindFailoverEnabled: True Regions: 5000 DownSampleFactor: 2 MaxObjects: 500 Reference Coordinates RA: 18:07:45 Dec: 39° 23' 08" Epoch: J2000
2026-07-16T22:02:51.6727|INFO|BaseImageData.cs|SaveToDisk|346|Saved image to C:\Users\PrimaLuceLab\AppData\Local\NINA\PlateSolver\oyzauc0t.300.fits
2026-07-16T22:02:54.6670|INFO|ImageSolver.cs|Solve|54|Platesolve successful: Coordinates: RA: 18:13:16; Dec: 34° 25' 32"; Epoch: J2000 - Position Angle: 275.9463767989253
2026-07-16T22:02:54.9243|INFO|TelescopeVM.cs|Sync|777|Syncing scope from RA: 18:08:39; Dec: 39° 23' 26"; Epoch: JNOW to RA: 18:14:15; Dec: 34° 26' 03"; Epoch: JNOW
2026-07-16T22:02:59.9265|INFO|SequenceItem.cs|Run|254|Finishing Category: Telescopio, Item: SolveAndSync
2026-07-16T22:02:59.9294|INFO|SequenceItem.cs|Run|254|Finishing Category: * Set di Istruzioni *, Container: NINA.Sequencer.Container.SequentialContainer, Strategy: SequentialStrategy, Items[FINISHED]: 12
2026-07-16T22:02:59.9296|INFO|SequenceItem.cs|Run|254|Finishing Category: * Set di Istruzioni *, Container: NINA.Sequencer.Container.SequentialContainer, Strategy: SequentialStrategy, Items[FINISHED]: 4
2026-07-16T22:02:59.9297|INFO|SequenceItem.cs|Run|254|Finishing Category: * Set di Istruzioni *, Container: NINA.Sequencer.Container.StartAreaContainer, Strategy: SequentialStrategy, Items[FINISHED]: 2
2026-07-16T22:02:59.9299|INFO|MeridianFlipTrigger.cs|ShouldTrigger|296|Meridian Flip - (Side of Pier usage is disabled) There is still time remaining. Max remaining time 01:44:19.2075288, next instruction time 0, next instruction Category: * Set di Istruzioni *, Container: NINA.Sequencer.Container.TargetAreaContainer, Strategy: SequentialStrategy, Items[CREATED]: 2
2026-07-16T22:02:59.9302|INFO|SequenceItem.cs|Run|208|Starting Category: * Set di Istruzioni *, Container: NINA.Sequencer.Container.TargetAreaContainer, Strategy: SequentialStrategy, Items[CREATED]: 2
2026-07-16T22:02:59.9303|INFO|MeridianFlipTrigger.cs|ShouldTrigger|296|Meridian Flip - (Side of Pier usage is disabled) There is still time remaining. Max remaining time 01:44:19.2075288, next instruction time 0, next instruction Category: * Set di Istruzioni *, Container: NINA.Sequencer.Container.SequentialContainer, Strategy: SequentialStrategy, Items[CREATED]: 10
2026-07-16T22:02:59.9304|INFO|SequenceItem.cs|Run|208|Starting Category: * Set di Istruzioni *, Container: NINA.Sequencer.Container.SequentialContainer, Strategy: SequentialStrategy, Items[CREATED]: 10
2026-07-16T22:02:59.9305|INFO|MeridianFlipTrigger.cs|ShouldTrigger|296|Meridian Flip - (Side of Pier usage is disabled) There is still time remaining. Max remaining time 01:44:19.2075288, next instruction time 0, next instruction Category: Utilità, Item: Annotation, Text: This is a Startup Sequence which can be pre-loaded at NINA Start-up.
2026-07-16T22:02:59.9305|INFO|SequenceItem.cs|Run|208|Starting Category: Utilità, Item: Annotation, Text: This is a Startup Sequence which can be pre-loaded at NINA Start-up.
2026-07-16T22:02:59.9305|INFO|SequenceItem.cs|Run|254|Finishing Category: Utilità, Item: Annotation, Text: This is a Startup Sequence which can be pre-loaded at NINA Start-up.
2026-07-16T22:02:59.9307|INFO|MeridianFlipTrigger.cs|ShouldTrigger|296|Meridian Flip - (Side of Pier usage is disabled) There is still time remaining. Max remaining time 01:44:19.2075288, next instruction time 0, next instruction Category: Utilità, Item: Annotation, Text: If you edit this Startup Sequence, you need to save the Entire Sequence using the Save Complete Sequence button at the bottom of the Advanced Sequencer page below.
2026-07-16T22:02:59.9307|INFO|SequenceItem.cs|Run|208|Starting Category: Utilità, Item: Annotation, Text: If you edit this Startup Sequence, you need to save the Entire Sequence using the Save Complete Sequence button at the bottom of the Advanced Sequencer page below.
2026-07-16T22:02:59.9307|INFO|SequenceItem.cs|Run|254|Finishing Category: Utilità, Item: Annotation, Text: If you edit this Startup Sequence, you need to save the Entire Sequence using the Save Complete Sequence button at the bottom of the Advanced Sequencer page below.
2026-07-16T22:02:59.9308|INFO|MeridianFlipTrigger.cs|ShouldTrigger|296|Meridian Flip - (Side of Pier usage is disabled) There is still time remaining. Max remaining time 01:44:19.2075288, next instruction time 0, next instruction Category: Utilità, Item: Annotation, Text: Go to: OPTIONS > IMAGING > SEQUENCE and select this DOME_SAFETY_STARTUP_PA.json file as the STARTUP SEQUENCE TEMPLATE
2026-07-16T22:02:59.9308|INFO|SequenceItem.cs|Run|208|Starting Category: Utilità, Item: Annotation, Text: Go to: OPTIONS > IMAGING > SEQUENCE and select this DOME_SAFETY_STARTUP_PA.json file as the STARTUP SEQUENCE TEMPLATE
2026-07-16T22:02:59.9309|INFO|SequenceItem.cs|Run|254|Finishing Category: Utilità, Item: Annotation, Text: Go to: OPTIONS > IMAGING > SEQUENCE and select this DOME_SAFETY_STARTUP_PA.json file as the STARTUP SEQUENCE TEMPLATE
2026-07-16T22:02:59.9309|INFO|MeridianFlipTrigger.cs|ShouldTrigger|296|Meridian Flip - (Side of Pier usage is disabled) There is still time remaining. Max remaining time 01:44:19.2075288, next instruction time 0, next instruction Category: Utilità, Item: Annotation, Text:      I also find setting COLLAPSE SEQUENCE TEMPLATES BY DEFAULT to ON is quite helpful.  (On the same options page)
2026-07-16T22:02:59.9309|INFO|SequenceItem.cs|Run|208|Starting Category: Utilità, Item: Annotation, Text:      I also find setting COLLAPSE SEQUENCE TEMPLATES BY DEFAULT to ON is quite helpful.  (On the same options page)
2026-07-16T22:02:59.9310|INFO|SequenceItem.cs|Run|254|Finishing Category: Utilità, Item: Annotation, Text:      I also find setting COLLAPSE SEQUENCE TEMPLATES BY DEFAULT to ON is quite helpful.  (On the same options page)
2026-07-16T22:02:59.9310|INFO|MeridianFlipTrigger.cs|ShouldTrigger|296|Meridian Flip - (Side of Pier usage is disabled) There is still time remaining. Max remaining time 01:44:19.2075288, next instruction time 0, next instruction Category: Utilità, Item: Annotation, Text: Any modification of this sequence as a Foundational Startup Template will need to be saved using the buttons at the bottom of this Advanced Sequencer Page below.
2026-07-16T22:02:59.9311|INFO|SequenceItem.cs|Run|208|Starting Category: Utilità, Item: Annotation, Text: Any modification of this sequence as a Foundational Startup Template will need to be saved using the buttons at the bottom of this Advanced Sequencer Page below.
2026-07-16T22:02:59.9311|INFO|SequenceItem.cs|Run|254|Finishing Category: Utilità, Item: Annotation, Text: Any modification of this sequence as a Foundational Startup Template will need to be saved using the buttons at the bottom of this Advanced Sequencer Page below.
2026-07-16T22:02:59.9311|INFO|MeridianFlipTrigger.cs|ShouldTrigger|296|Meridian Flip - (Side of Pier usage is disabled) There is still time remaining. Max remaining time 01:44:19.2075288, next instruction time 0, next instruction Category: Utilità, Item: Annotation, Text: The LOOP_ALL_NIGHT Sequence is a simple Loop until Nautical Dawn. Adjust as desired. This is an outer loop.
2026-07-16T22:02:59.9312|INFO|SequenceItem.cs|Run|208|Starting Category: Utilità, Item: Annotation, Text: The LOOP_ALL_NIGHT Sequence is a simple Loop until Nautical Dawn. Adjust as desired. This is an outer loop.
2026-07-16T22:02:59.9312|INFO|SequenceItem.cs|Run|254|Finishing Category: Utilità, Item: Annotation, Text: The LOOP_ALL_NIGHT Sequence is a simple Loop until Nautical Dawn. Adjust as desired. This is an outer loop.
2026-07-16T22:02:59.9313|INFO|MeridianFlipTrigger.cs|ShouldTrigger|296|Meridian Flip - (Side of Pier usage is disabled) There is still time remaining. Max remaining time 01:44:19.2075288, next instruction time 0, next instruction Category: Utilità, Item: Annotation, Text: The SAFE_LOOP Sequence runs while the System is Safe.
2026-07-16T22:02:59.9314|INFO|SequenceItem.cs|Run|208|Starting Category: Utilità, Item: Annotation, Text: The SAFE_LOOP Sequence runs while the System is Safe.
2026-07-16T22:02:59.9314|INFO|SequenceItem.cs|Run|254|Finishing Category: Utilità, Item: Annotation, Text: The SAFE_LOOP Sequence runs while the System is Safe.
2026-07-16T22:02:59.9314|INFO|MeridianFlipTrigger.cs|ShouldTrigger|296|Meridian Flip - (Side of Pier usage is disabled) There is still time remaining. Max remaining time 01:44:19.2075288, next instruction time 0, next instruction Category: Utilità, Item: Annotation, Text: The UNSAFE Sequence runs when the System is Unsafe and only proceeds back to SAFE_LOOP when it is once again deemed Safe.
2026-07-16T22:02:59.9315|INFO|SequenceItem.cs|Run|208|Starting Category: Utilità, Item: Annotation, Text: The UNSAFE Sequence runs when the System is Unsafe and only proceeds back to SAFE_LOOP when it is once again deemed Safe.
2026-07-16T22:02:59.9315|INFO|SequenceItem.cs|Run|254|Finishing Category: Utilità, Item: Annotation, Text: The UNSAFE Sequence runs when the System is Unsafe and only proceeds back to SAFE_LOOP when it is once again deemed Safe.
2026-07-16T22:02:59.9316|INFO|MeridianFlipTrigger.cs|ShouldTrigger|296|Meridian Flip - (Side of Pier usage is disabled) There is still time remaining. Max remaining time 01:44:19.2075288, next instruction time 0, next instruction Category: Utilità, Item: Annotation, Text: ..... ALL TARGETS should be placed within individual LOOP_ALL_NIGHT > SAFE_LOOP > TARGETS_CONTAINER > TARGET # containers below.....
2026-07-16T22:02:59.9316|INFO|SequenceItem.cs|Run|208|Starting Category: Utilità, Item: Annotation, Text: ..... ALL TARGETS should be placed within individual LOOP_ALL_NIGHT > SAFE_LOOP > TARGETS_CONTAINER > TARGET # containers below.....
2026-07-16T22:02:59.9316|INFO|SequenceItem.cs|Run|254|Finishing Category: Utilità, Item: Annotation, Text: ..... ALL TARGETS should be placed within individual LOOP_ALL_NIGHT > SAFE_LOOP > TARGETS_CONTAINER > TARGET # containers below.....
2026-07-16T22:02:59.9317|INFO|MeridianFlipTrigger.cs|ShouldTrigger|296|Meridian Flip - (Side of Pier usage is disabled) There is still time remaining. Max remaining time 01:44:19.2075288, next instruction time 0, next instruction Category: Utilità, Item: Annotation, Text: Each TARGET # Container should have a looping condition that is identical to the included target sequence.
2026-07-16T22:02:59.9317|INFO|SequenceItem.cs|Run|208|Starting Category: Utilità, Item: Annotation, Text: Each TARGET # Container should have a looping condition that is identical to the included target sequence.
2026-07-16T22:02:59.9318|INFO|SequenceItem.cs|Run|254|Finishing Category: Utilità, Item: Annotation, Text: Each TARGET # Container should have a looping condition that is identical to the included target sequence.
2026-07-16T22:02:59.9318|INFO|SequenceItem.cs|Run|254|Finishing Category: * Set di Istruzioni *, Container: NINA.Sequencer.Container.SequentialContainer, Strategy: SequentialStrategy, Items[FINISHED]: 10
2026-07-16T22:02:59.9323|INFO|MeridianFlipTrigger.cs|ShouldTrigger|296|Meridian Flip - (Side of Pier usage is disabled) There is still time remaining. Max remaining time 01:44:19.2075288, next instruction time 0, next instruction Category: * Set di Istruzioni *, Container: NINA.Sequencer.Container.SequentialContainer, Strategy: SequentialStrategy, Items[CREATED]: 2, Conditions: Condition: TimeCondition, Time: 4:35:12h, 
2026-07-16T22:02:59.9324|INFO|SequenceItem.cs|Run|208|Starting Category: * Set di Istruzioni *, Container: NINA.Sequencer.Container.SequentialContainer, Strategy: SequentialStrategy, Items[CREATED]: 2, Conditions: Condition: TimeCondition, Time: 4:35:12h, 
2026-07-16T22:02:59.9349|INFO|MeridianFlipTrigger.cs|ShouldTrigger|296|Meridian Flip - (Side of Pier usage is disabled) There is still time remaining. Max remaining time 01:44:19.2075288, next instruction time 0, next instruction Category: * Set di Istruzioni *, Container: NINA.Sequencer.Container.SequentialContainer, Strategy: SequentialStrategy, Items[CREATED]: 5, Conditions: Condition: SafetyMonitorCondition, 
2026-07-16T22:02:59.9351|INFO|SequenceItem.cs|Run|208|Starting Category: * Set di Istruzioni *, Container: NINA.Sequencer.Container.SequentialContainer, Strategy: SequentialStrategy, Items[CREATED]: 5, Conditions: Condition: SafetyMonitorCondition, 
2026-07-16T22:02:59.9357|INFO|MeridianFlipTrigger.cs|ShouldTrigger|296|Meridian Flip - (Side of Pier usage is disabled) There is still time remaining. Max remaining time 01:44:19.2075288, next instruction time 0, next instruction Category: * Set di Istruzioni *, Container: NINA.Sequencer.Container.SequentialContainer, Strategy: SequentialStrategy, Items[CREATED]: 7
2026-07-16T22:02:59.9358|INFO|SequenceItem.cs|Run|208|Starting Category: * Set di Istruzioni *, Container: NINA.Sequencer.Container.SequentialContainer, Strategy: SequentialStrategy, Items[CREATED]: 7
2026-07-16T22:02:59.9360|INFO|MeridianFlipTrigger.cs|ShouldTrigger|296|Meridian Flip - (Side of Pier usage is disabled) There is still time remaining. Max remaining time 01:44:19.2075288, next instruction time 0, next instruction Category: Utilità, Item: Annotation, Text: This brief sequence of instructions is required after returning to a Safe condifition from an Unsafe one. It will not negatively affect anything on its initial execution.
2026-07-16T22:02:59.9361|INFO|SequenceItem.cs|Run|208|Starting Category: Utilità, Item: Annotation, Text: This brief sequence of instructions is required after returning to a Safe condifition from an Unsafe one. It will not negatively affect anything on its initial execution.
2026-07-16T22:02:59.9361|INFO|SequenceItem.cs|Run|254|Finishing Category: Utilità, Item: Annotation, Text: This brief sequence of instructions is required after returning to a Safe condifition from an Unsafe one. It will not negatively affect anything on its initial execution.
2026-07-16T22:02:59.9607|INFO|MeridianFlipTrigger.cs|ShouldTrigger|296|Meridian Flip - (Side of Pier usage is disabled) There is still time remaining. Max remaining time 01:44:19.2075288, next instruction time 0, next instruction Category: Utilità, Item: Annotation, Text: The 5 minute wait here can be adjusted as desired. It is here to show 5 minutes of Safety prior to resetting the equipment.
2026-07-16T22:02:59.9608|INFO|SequenceItem.cs|Run|208|Starting Category: Utilità, Item: Annotation, Text: The 5 minute wait here can be adjusted as desired. It is here to show 5 minutes of Safety prior to resetting the equipment.
2026-07-16T22:02:59.9609|INFO|SequenceItem.cs|Run|254|Finishing Category: Utilità, Item: Annotation, Text: The 5 minute wait here can be adjusted as desired. It is here to show 5 minutes of Safety prior to resetting the equipment.
2026-07-16T22:02:59.9619|INFO|MeridianFlipTrigger.cs|ShouldTrigger|296|Meridian Flip - (Side of Pier usage is disabled) There is still time remaining. Max remaining time 01:44:19.2075288, next instruction time 300, next instruction Category: Utilità, Item: WaitForTimeSpan, Time: 300s
2026-07-16T22:02:59.9620|INFO|SequenceItem.cs|Run|208|Starting Category: Utilità, Item: WaitForTimeSpan, Time: 300s
2026-07-16T22:08:00.6423|INFO|SequenceItem.cs|Run|254|Finishing Category: Utilità, Item: WaitForTimeSpan, Time: 300s
2026-07-16T22:08:00.6429|INFO|MeridianFlipTrigger.cs|ShouldTrigger|296|Meridian Flip - (Side of Pier usage is disabled) There is still time remaining. Max remaining time 01:39:17.9613233, next instruction time 0, next instruction Category: Osservatorio, Item: OpenDomeShutter
2026-07-16T22:08:00.6429|INFO|SequenceItem.cs|Run|208|Starting Category: Osservatorio, Item: OpenDomeShutter
2026-07-16T22:08:00.6432|INFO|SequenceItem.cs|Run|254|Finishing Category: Osservatorio, Item: OpenDomeShutter
2026-07-16T22:08:00.6434|INFO|MeridianFlipTrigger.cs|ShouldTrigger|296|Meridian Flip - (Side of Pier usage is disabled) There is still time remaining. Max remaining time 01:39:17.9613233, next instruction time 0, next instruction Category: Telescopio, Item: UnparkScope
2026-07-16T22:08:00.6434|INFO|SequenceItem.cs|Run|208|Starting Category: Telescopio, Item: UnparkScope
2026-07-16T22:08:00.6435|INFO|TelescopeVM.cs|UnparkTelescope|232|Mount ordered to unpark
2026-07-16T22:08:00.6477|INFO|TelescopeVM.cs|UnparkTelescope|277|Mount is already unparked
2026-07-16T22:08:00.6478|INFO|TelescopeVM.cs|UnparkTelescope|282|Mount has unparked
2026-07-16T22:08:00.6479|INFO|SequenceItem.cs|Run|254|Finishing Category: Telescopio, Item: UnparkScope
2026-07-16T22:08:00.6483|INFO|MeridianFlipTrigger.cs|ShouldTrigger|296|Meridian Flip - (Side of Pier usage is disabled) There is still time remaining. Max remaining time 01:39:17.9613233, next instruction time 0, next instruction Category: Apparato per i Flat, Item: OpenCover
2026-07-16T22:08:00.6483|INFO|SequenceItem.cs|Run|208|Starting Category: Apparato per i Flat, Item: OpenCover
2026-07-16T22:08:00.6522|INFO|SequenceItem.cs|Run|254|Finishing Category: Apparato per i Flat, Item: OpenCover
2026-07-16T22:08:00.6526|INFO|MeridianFlipTrigger.cs|ShouldTrigger|296|Meridian Flip - (Side of Pier usage is disabled) There is still time remaining. Max remaining time 01:39:17.9613233, next instruction time 0, next instruction Category: Telescopio, Item: SetTracking, TrackingMode: Sidereal
2026-07-16T22:08:00.6526|INFO|SequenceItem.cs|Run|208|Starting Category: Telescopio, Item: SetTracking, TrackingMode: Sidereal
2026-07-16T22:08:00.6710|INFO|SequenceItem.cs|Run|254|Finishing Category: Telescopio, Item: SetTracking, TrackingMode: Sidereal
2026-07-16T22:08:00.6714|INFO|SequenceItem.cs|Run|254|Finishing Category: * Set di Istruzioni *, Container: NINA.Sequencer.Container.SequentialContainer, Strategy: SequentialStrategy, Items[FINISHED]: 7
2026-07-16T22:08:00.6716|INFO|MeridianFlipTrigger.cs|ShouldTrigger|296|Meridian Flip - (Side of Pier usage is disabled) There is still time remaining. Max remaining time 01:39:17.9613233, next instruction time 0, next instruction Category: * Set di Istruzioni *, Container: NINA.Sequencer.Container.SequentialContainer, Strategy: SequentialStrategy, Items[CREATED]: 2
2026-07-16T22:08:00.6717|INFO|SequenceItem.cs|Run|208|Starting Category: * Set di Istruzioni *, Container: NINA.Sequencer.Container.SequentialContainer, Strategy: SequentialStrategy, Items[CREATED]: 2
2026-07-16T22:08:00.6718|INFO|MeridianFlipTrigger.cs|ShouldTrigger|296|Meridian Flip - (Side of Pier usage is disabled) There is still time remaining. Max remaining time 01:39:17.9613233, next instruction time 0, next instruction Category: Utilità, Item: Annotation, Text: BE SURE TO MATCH EACH TARGET CONTAINER LOOP CONDITION TO THE NESTED TARGET SEQUENCE LOOP CONDITION
2026-07-16T22:08:00.6719|INFO|SequenceItem.cs|Run|208|Starting Category: Utilità, Item: Annotation, Text: BE SURE TO MATCH EACH TARGET CONTAINER LOOP CONDITION TO THE NESTED TARGET SEQUENCE LOOP CONDITION
2026-07-16T22:08:00.6719|INFO|SequenceItem.cs|Run|254|Finishing Category: Utilità, Item: Annotation, Text: BE SURE TO MATCH EACH TARGET CONTAINER LOOP CONDITION TO THE NESTED TARGET SEQUENCE LOOP CONDITION
2026-07-16T22:08:00.6720|INFO|MeridianFlipTrigger.cs|ShouldTrigger|296|Meridian Flip - (Side of Pier usage is disabled) There is still time remaining. Max remaining time 01:39:17.9613233, next instruction time 0, next instruction Category: * Set di Istruzioni *, Container: NINA.Sequencer.Container.SequentialContainer, Strategy: SequentialStrategy, Items[CREATED]: 3, Conditions: Condition: TimeCondition, Time: 4:35:12h, 
2026-07-16T22:08:00.6721|INFO|SequenceItem.cs|Run|208|Starting Category: * Set di Istruzioni *, Container: NINA.Sequencer.Container.SequentialContainer, Strategy: SequentialStrategy, Items[CREATED]: 3, Conditions: Condition: TimeCondition, Time: 4:35:12h, 
2026-07-16T22:08:00.6723|INFO|MeridianFlipTrigger.cs|ShouldTrigger|296|Meridian Flip - (Side of Pier usage is disabled) There is still time remaining. Max remaining time 01:39:17.9613233, next instruction time 0, next instruction Category: Utilità, Item: Annotation, Text: PLACE YOUR ...FIRST... TARGET SEQUENCE OF THE NIGHT ...BELOW... THIS LINE
2026-07-16T22:08:00.6723|INFO|SequenceItem.cs|Run|208|Starting Category: Utilità, Item: Annotation, Text: PLACE YOUR ...FIRST... TARGET SEQUENCE OF THE NIGHT ...BELOW... THIS LINE
2026-07-16T22:08:00.6723|INFO|SequenceItem.cs|Run|254|Finishing Category: Utilità, Item: Annotation, Text: PLACE YOUR ...FIRST... TARGET SEQUENCE OF THE NIGHT ...BELOW... THIS LINE
2026-07-16T22:08:00.6724|INFO|MeridianFlipTrigger.cs|ShouldTrigger|296|Meridian Flip - (Side of Pier usage is disabled) There is still time remaining. Max remaining time 01:39:17.9613233, next instruction time 0, next instruction Category: Utilità, Item: Annotation, Text: PLACE YOUR ...FIRST... TARGET SEQUENCE OF THE NIGHT ...ABOVE... THIS LINE
2026-07-16T22:08:00.6725|INFO|SequenceItem.cs|Run|208|Starting Category: Utilità, Item: Annotation, Text: PLACE YOUR ...FIRST... TARGET SEQUENCE OF THE NIGHT ...ABOVE... THIS LINE
2026-07-16T22:08:00.6725|INFO|SequenceItem.cs|Run|254|Finishing Category: Utilità, Item: Annotation, Text: PLACE YOUR ...FIRST... TARGET SEQUENCE OF THE NIGHT ...ABOVE... THIS LINE
2026-07-16T22:08:00.6810|INFO|MeridianFlipTrigger.cs|ShouldTrigger|296|Meridian Flip - (Side of Pier usage is disabled) There is still time remaining. Max remaining time 01:39:17.9613233, next instruction time 0, next instruction Category: * Set di Istruzioni *, Container: NINA.Sequencer.Container.DeepSkyObjectContainer, Strategy: SequentialStrategy, Items[CREATED]: 4, Triggers: Trigger: CenterAfterDriftTrigger, DistanceArcMinutes: 3, Target: LDN 1320 RA: 04:15:12; Dec: 85° 37' 59"; Epoch: J2000 276.95
2026-07-16T22:08:00.6814|INFO|SequenceItem.cs|Run|208|Starting Category: * Set di Istruzioni *, Container: NINA.Sequencer.Container.DeepSkyObjectContainer, Strategy: SequentialStrategy, Items[CREATED]: 4, Triggers: Trigger: CenterAfterDriftTrigger, DistanceArcMinutes: 3, Target: LDN 1320 RA: 04:15:12; Dec: 85° 37' 59"; Epoch: J2000 276.95
2026-07-16T22:08:00.6851|INFO|MeridianFlipTrigger.cs|ShouldTrigger|296|Meridian Flip - (Side of Pier usage is disabled) There is still time remaining. Max remaining time 01:39:17.9613233, next instruction time 0, next instruction Category: Telescopio, Item: Center, Coordinates RA: 04:15:12; Dec: 85° 37' 59"; Epoch: J2000
2026-07-16T22:08:00.6856|INFO|SequenceItem.cs|Run|208|Starting Category: Telescopio, Item: Center, Coordinates RA: 04:15:12; Dec: 85° 37' 59"; Epoch: J2000
2026-07-16T22:08:00.9180|INFO|PHD2Guider.cs|StopGuiding|704|Phd2 - Stop Guiding skipped, as the app is already in state Stopped
2026-07-16T22:08:01.2601|INFO|TelescopeVM.cs|SlewAsyncInternal|910|Slewing from RA: 18:14:15; Dec: 34° 26' 01"; Epoch: JNOW to RA: 04:23:26; Dec: 85° 41' 39"; Epoch: JNOW - Alt: 38° 10' 40"; Az: 00° 13' 41"
2026-07-16T22:09:05.6503|INFO|CameraVM.cs|Capture|742|Starting Exposure - Exposure Time: 10s; Filter: ; Gain: 100; Offset 99; Binning: 1x1;
2026-07-16T22:09:21.3545|INFO|ImageSolver.cs|Solve|41|Platesolving with parameters: FocalLength: 760 PixelSize: 4.63 SearchRadius: 30 BlindFailoverEnabled: True Regions: 5000 DownSampleFactor: 2 MaxObjects: 500 Reference Coordinates RA: 04:15:12 Dec: 85° 37' 59" Epoch: J2000
2026-07-16T22:09:21.9049|INFO|BaseImageData.cs|SaveToDisk|346|Saved image to C:\Users\PrimaLuceLab\AppData\Local\NINA\PlateSolver\xjc0ryzn.3xo.fits
2026-07-16T22:09:24.1582|INFO|ImageSolver.cs|Solve|54|Platesolve successful: Coordinates: RA: 04:55:42; Dec: 80° 34' 59"; Epoch: J2000 - Position Angle: 273.96391732598676
2026-07-16T22:09:24.1658|INFO|CenteringSolver.cs|Center|99|Centering Solver - Scope Position: RA: 04:23:26; Dec: 85° 41' 39"; Epoch: JNOW; Offset: RA: 00:00:00; Dec: 00° 00' 00"; Distance: 00° 00' 00"; Bearing: 00° 00' 00"; Centering Coordinates: RA: 04:23:26; Dec: 85° 41' 39"; Epoch: JNOW; Solved: RA: 05:00:25; Dec: 80° 37' 18"; Epoch: JNOW; Separation RA: -00:36:59; Dec: 05° 04' 21"; Distance: 05° 10' 29"; Bearing: -163° 07' 19"; Threshold: 1
2026-07-16T22:09:24.4328|INFO|TelescopeVM.cs|Sync|777|Syncing scope from RA: 04:23:26; Dec: 85° 41' 39"; Epoch: JNOW to RA: 05:00:25; Dec: 80° 37' 18"; Epoch: JNOW
2026-07-16T22:09:29.4348|INFO|CenteringSolver.cs|Center|132|Slewing to target after sync. Current Position: RA: 05:00:25; Dec: 80° 37' 18"; Epoch: JNOW; Target coordinates: RA: 04:23:26; Dec: 85° 41' 39"; Epoch: JNOW; Offset RA: 00:00:00; Dec: 00° 00' 00"; Distance: 00° 00' 00"; Bearing: 00° 00' 00"
2026-07-16T22:09:29.4528|INFO|TelescopeVM.cs|SlewAsyncInternal|910|Slewing from RA: 05:00:25; Dec: 80° 37' 18"; Epoch: JNOW to RA: 04:23:26; Dec: 85° 41' 39"; Epoch: JNOW - Alt: 38° 10' 44"; Az: 00° 15' 48"
2026-07-16T22:10:37.8012|INFO|CameraVM.cs|Capture|742|Starting Exposure - Exposure Time: 10s; Filter: ; Gain: 100; Offset 99; Binning: 1x1;
2026-07-16T22:10:53.4510|INFO|ImageSolver.cs|Solve|41|Platesolving with parameters: FocalLength: 760 PixelSize: 4.63 SearchRadius: 30 BlindFailoverEnabled: True Regions: 5000 DownSampleFactor: 2 MaxObjects: 500 Reference Coordinates RA: 04:15:12 Dec: 85° 37' 59" Epoch: J2000
2026-07-16T22:10:53.9942|INFO|BaseImageData.cs|SaveToDisk|346|Saved image to C:\Users\PrimaLuceLab\AppData\Local\NINA\PlateSolver\khtc4ngo.0fw.fits
2026-07-16T22:11:00.6001|ERROR|ASTAPSolver.cs|ReadResult|62|ASTAP - Plate solve failed.


2026-07-16T22:11:00.6143|INFO|ImageSolver.cs|Solve|41|Platesolving with parameters: FocalLength: 760 PixelSize: 4.63 SearchRadius: 30 BlindFailoverEnabled: True Regions: 5000 DownSampleFactor: 2 MaxObjects: 500 
2026-07-16T22:11:01.6674|INFO|BaseImageData.cs|SaveToDisk|346|Saved image to C:\Users\PrimaLuceLab\AppData\Local\NINA\PlateSolver\0f3gikgs.wm3.fits
2026-07-16T22:12:18.4165|INFO|AstrometryPlateSolver.cs|SubmitImageJob|166|Plate Solving: Astrometry.net: Submission 15608380 created for solving.
2026-07-16T22:12:47.4470|INFO|AstrometryPlateSolver.cs|GetJobResult|191|Plate Solving: Astrometry.net: Job 16396400 completed successfully.
2026-07-16T22:12:48.4102|INFO|AstrometryPlateSolver.cs|GetJobResult|201|Plate Solving: Astrometry.net: Job 16396400 successfully retrieved.
2026-07-16T22:12:48.4142|INFO|ImageSolver.cs|Solve|54|Platesolve successful: Coordinates: RA: 17:21:36; Dec: 67° 12' 35"; Epoch: J2000 - Position Angle: 276.7077839799165
2026-07-16T22:12:48.4143|INFO|ImageSolver.cs|Solve|54|Platesolve successful: Coordinates: RA: 17:21:36; Dec: 67° 12' 35"; Epoch: J2000 - Position Angle: 276.7077839799165
2026-07-16T22:12:48.4456|INFO|CenteringSolver.cs|Center|99|Centering Solver - Scope Position: RA: 17:09:38; Dec: 72° 12' 55"; Epoch: JNOW; Offset: RA: 00:00:00; Dec: 00° 00' 00"; Distance: 00° 00' 00"; Bearing: 00° 00' 00"; Centering Coordinates: RA: 04:23:26; Dec: 85° 41' 39"; Epoch: JNOW; Solved: RA: 17:21:37; Dec: 67° 11' 09"; Epoch: JNOW; Separation RA: -12:58:11; Dec: 18° 30' 30"; Distance: 27° 00' 09"; Bearing: 12° 23' 14"; Threshold: 1
2026-07-16T22:12:48.8858|INFO|TelescopeVM.cs|Sync|777|Syncing scope from RA: 17:09:38; Dec: 72° 12' 55"; Epoch: JNOW to RA: 17:21:37; Dec: 67° 11' 09"; Epoch: JNOW
2026-07-16T22:12:53.8881|INFO|CenteringSolver.cs|Center|132|Slewing to target after sync. Current Position: RA: 17:21:38; Dec: 67° 11' 09"; Epoch: JNOW; Target coordinates: RA: 04:23:26; Dec: 85° 41' 39"; Epoch: JNOW; Offset RA: 00:00:00; Dec: 00° 00' 00"; Distance: 00° 00' 00"; Bearing: 00° 00' 00"
2026-07-16T22:12:53.8891|INFO|TelescopeVM.cs|SlewAsyncInternal|910|Slewing from RA: 17:21:38; Dec: 67° 11' 09"; Epoch: JNOW to RA: 04:23:26; Dec: 85° 41' 39"; Epoch: JNOW - Alt: 38° 10' 56"; Az: 00° 20' 41"
2026-07-16T22:14:03.3433|INFO|CameraVM.cs|Capture|742|Starting Exposure - Exposure Time: 10s; Filter: ; Gain: 100; Offset 99; Binning: 1x1;
2026-07-16T22:14:19.1311|INFO|ImageSolver.cs|Solve|41|Platesolving with parameters: FocalLength: 760 PixelSize: 4.63 SearchRadius: 30 BlindFailoverEnabled: True Regions: 5000 DownSampleFactor: 2 MaxObjects: 500 Reference Coordinates RA: 04:15:12 Dec: 85° 37' 59" Epoch: J2000
2026-07-16T22:14:19.6777|INFO|BaseImageData.cs|SaveToDisk|346|Saved image to C:\Users\PrimaLuceLab\AppData\Local\NINA\PlateSolver\ydvi42ot.sbp.fits
2026-07-16T22:14:21.7105|INFO|ImageSolver.cs|Solve|54|Platesolve successful: Coordinates: RA: 04:55:45; Dec: 80° 34' 59"; Epoch: J2000 - Position Angle: 273.9705008036744
2026-07-16T22:14:21.7132|INFO|CenteringSolver.cs|Center|99|Centering Solver - Scope Position: RA: 04:23:26; Dec: 85° 41' 39"; Epoch: JNOW; Offset: RA: 00:00:00; Dec: 00° 00' 00"; Distance: 00° 00' 00"; Bearing: 00° 00' 00"; Centering Coordinates: RA: 04:23:26; Dec: 85° 41' 39"; Epoch: JNOW; Solved: RA: 05:00:28; Dec: 80° 37' 18"; Epoch: JNOW; Separation RA: -00:37:02; Dec: 05° 04' 21"; Distance: 05° 10' 30"; Bearing: -163° 05' 55"; Threshold: 1
2026-07-16T22:14:22.0942|INFO|TelescopeVM.cs|Sync|777|Syncing scope from RA: 04:23:26; Dec: 85° 41' 39"; Epoch: JNOW to RA: 05:00:28; Dec: 80° 37' 18"; Epoch: JNOW
2026-07-16T22:14:27.0951|INFO|CenteringSolver.cs|Center|132|Slewing to target after sync. Current Position: RA: 05:00:28; Dec: 80° 37' 18"; Epoch: JNOW; Target coordinates: RA: 04:23:26; Dec: 85° 41' 39"; Epoch: JNOW; Offset RA: 00:00:00; Dec: 00° 00' 00"; Distance: 00° 00' 00"; Bearing: 00° 00' 00"
2026-07-16T22:14:27.1036|INFO|TelescopeVM.cs|SlewAsyncInternal|910|Slewing from RA: 05:00:28; Dec: 80° 37' 18"; Epoch: JNOW to RA: 04:23:26; Dec: 85° 41' 39"; Epoch: JNOW - Alt: 38° 11' 03"; Az: 00° 22' 55"
2026-07-16T22:15:35.4040|INFO|CameraVM.cs|Capture|742|Starting Exposure - Exposure Time: 10s; Filter: ; Gain: 100; Offset 99; Binning: 1x1;
2026-07-16T22:15:51.2227|INFO|ImageSolver.cs|Solve|41|Platesolving with parameters: FocalLength: 760 PixelSize: 4.63 SearchRadius: 30 BlindFailoverEnabled: True Regions: 5000 DownSampleFactor: 2 MaxObjects: 500 Reference Coordinates RA: 04:15:12 Dec: 85° 37' 59" Epoch: J2000
2026-07-16T22:15:51.7460|INFO|BaseImageData.cs|SaveToDisk|346|Saved image to C:\Users\PrimaLuceLab\AppData\Local\NINA\PlateSolver\xnjaesff.dtp.fits
2026-07-16T22:15:56.8580|ERROR|ASTAPSolver.cs|ReadResult|62|ASTAP - Plate solve failed.


2026-07-16T22:15:56.8649|INFO|ImageSolver.cs|Solve|41|Platesolving with parameters: FocalLength: 760 PixelSize: 4.63 SearchRadius: 30 BlindFailoverEnabled: True Regions: 5000 DownSampleFactor: 2 MaxObjects: 500 
2026-07-16T22:15:58.0389|INFO|BaseImageData.cs|SaveToDisk|346|Saved image to C:\Users\PrimaLuceLab\AppData\Local\NINA\PlateSolver\n5udepbt.fnm.fits
2026-07-16T22:17:08.7187|INFO|AstrometryPlateSolver.cs|SubmitImageJob|166|Plate Solving: Astrometry.net: Submission 15608428 created for solving.
2026-07-16T22:17:35.1062|INFO|AstrometryPlateSolver.cs|GetJobResult|191|Plate Solving: Astrometry.net: Job 16396514 completed successfully.
2026-07-16T22:17:35.5194|INFO|AstrometryPlateSolver.cs|GetJobResult|201|Plate Solving: Astrometry.net: Job 16396514 successfully retrieved.
2026-07-16T22:17:35.5196|INFO|ImageSolver.cs|Solve|54|Platesolve successful: Coordinates: RA: 17:21:32; Dec: 67° 12' 42"; Epoch: J2000 - Position Angle: 275.684595333553
2026-07-16T22:17:35.5197|INFO|ImageSolver.cs|Solve|54|Platesolve successful: Coordinates: RA: 17:21:32; Dec: 67° 12' 42"; Epoch: J2000 - Position Angle: 275.684595333553
2026-07-16T22:17:35.5366|INFO|CenteringSolver.cs|Center|99|Centering Solver - Scope Position: RA: 17:09:36; Dec: 72° 12' 51"; Epoch: JNOW; Offset: RA: 00:00:00; Dec: 00° 00' 00"; Distance: 00° 00' 00"; Bearing: 00° 00' 00"; Centering Coordinates: RA: 04:23:26; Dec: 85° 41' 39"; Epoch: JNOW; Solved: RA: 17:21:34; Dec: 67° 11' 16"; Epoch: JNOW; Separation RA: -12:58:08; Dec: 18° 30' 23"; Distance: 27° 00' 02"; Bearing: 12° 22' 29"; Threshold: 1
2026-07-16T22:17:35.8223|INFO|TelescopeVM.cs|Sync|777|Syncing scope from RA: 17:09:36; Dec: 72° 12' 51"; Epoch: JNOW to RA: 17:21:34; Dec: 67° 11' 16"; Epoch: JNOW
2026-07-16T22:17:40.8242|INFO|CenteringSolver.cs|Center|132|Slewing to target after sync. Current Position: RA: 17:21:34; Dec: 67° 11' 16"; Epoch: JNOW; Target coordinates: RA: 04:23:26; Dec: 85° 41' 39"; Epoch: JNOW; Offset RA: 00:00:00; Dec: 00° 00' 00"; Distance: 00° 00' 00"; Bearing: 00° 00' 00"
2026-07-16T22:17:40.8347|INFO|TelescopeVM.cs|SlewAsyncInternal|910|Slewing from RA: 17:21:34; Dec: 67° 11' 16"; Epoch: JNOW to RA: 04:23:26; Dec: 85° 41' 39"; Epoch: JNOW - Alt: 38° 11' 19"; Az: 00° 27' 33"
2026-07-16T22:18:50.0660|INFO|CameraVM.cs|Capture|742|Starting Exposure - Exposure Time: 10s; Filter: ; Gain: 100; Offset 99; Binning: 1x1;
2026-07-16T22:19:05.6016|INFO|ImageSolver.cs|Solve|41|Platesolving with parameters: FocalLength: 760 PixelSize: 4.63 SearchRadius: 30 BlindFailoverEnabled: True Regions: 5000 DownSampleFactor: 2 MaxObjects: 500 Reference Coordinates RA: 04:15:12 Dec: 85° 37' 59" Epoch: J2000
2026-07-16T22:19:06.1191|INFO|BaseImageData.cs|SaveToDisk|346|Saved image to C:\Users\PrimaLuceLab\AppData\Local\NINA\PlateSolver\xqlbukqv.rso.fits
2026-07-16T22:19:08.2989|INFO|ImageSolver.cs|Solve|54|Platesolve successful: Coordinates: RA: 04:55:49; Dec: 80° 34' 54"; Epoch: J2000 - Position Angle: 273.97911361058607
2026-07-16T22:19:08.3203|INFO|CenteringSolver.cs|Center|99|Centering Solver - Scope Position: RA: 04:23:26; Dec: 85° 41' 39"; Epoch: JNOW; Offset: RA: 00:00:00; Dec: 00° 00' 00"; Distance: 00° 00' 00"; Bearing: 00° 00' 00"; Centering Coordinates: RA: 04:23:26; Dec: 85° 41' 39"; Epoch: JNOW; Solved: RA: 05:00:32; Dec: 80° 37' 13"; Epoch: JNOW; Separation RA: -00:37:06; Dec: 05° 04' 26"; Distance: 05° 10' 36"; Bearing: -163° 04' 20"; Threshold: 1
2026-07-16T22:19:08.5639|INFO|TelescopeVM.cs|Sync|777|Syncing scope from RA: 04:23:26; Dec: 85° 41' 39"; Epoch: JNOW to RA: 05:00:32; Dec: 80° 37' 13"; Epoch: JNOW
2026-07-16T22:19:13.5667|INFO|CenteringSolver.cs|Center|132|Slewing to target after sync. Current Position: RA: 05:00:32; Dec: 80° 37' 13"; Epoch: JNOW; Target coordinates: RA: 04:23:26; Dec: 85° 41' 39"; Epoch: JNOW; Offset RA: 00:00:00; Dec: 00° 00' 00"; Distance: 00° 00' 00"; Bearing: 00° 00' 00"
2026-07-16T22:19:13.5748|INFO|TelescopeVM.cs|SlewAsyncInternal|910|Slewing from RA: 05:00:32; Dec: 80° 37' 13"; Epoch: JNOW to RA: 04:23:26; Dec: 85° 41' 39"; Epoch: JNOW - Alt: 38° 11' 27"; Az: 00° 29' 45"
2026-07-16T22:20:21.8067|INFO|CameraVM.cs|Capture|742|Starting Exposure - Exposure Time: 10s; Filter: ; Gain: 100; Offset 99; Binning: 1x1;
2026-07-16T22:20:37.3574|INFO|ImageSolver.cs|Solve|41|Platesolving with parameters: FocalLength: 760 PixelSize: 4.63 SearchRadius: 30 BlindFailoverEnabled: True Regions: 5000 DownSampleFactor: 2 MaxObjects: 500 Reference Coordinates RA: 04:15:12 Dec: 85° 37' 59" Epoch: J2000
2026-07-16T22:20:37.9180|INFO|BaseImageData.cs|SaveToDisk|346|Saved image to C:\Users\PrimaLuceLab\AppData\Local\NINA\PlateSolver\cbdiakj1.2nt.fits
2026-07-16T22:20:42.9465|ERROR|ASTAPSolver.cs|ReadResult|62|ASTAP - Plate solve failed.


2026-07-16T22:20:42.9530|INFO|ImageSolver.cs|Solve|41|Platesolving with parameters: FocalLength: 760 PixelSize: 4.63 SearchRadius: 30 BlindFailoverEnabled: True Regions: 5000 DownSampleFactor: 2 MaxObjects: 500 
2026-07-16T22:20:44.4317|INFO|BaseImageData.cs|SaveToDisk|346|Saved image to C:\Users\PrimaLuceLab\AppData\Local\NINA\PlateSolver\rmkglumy.xcv.fits
2026-07-16T22:21:56.3529|INFO|AstrometryPlateSolver.cs|SubmitImageJob|166|Plate Solving: Astrometry.net: Submission 15608491 created for solving.
2026-07-16T22:22:35.7617|INFO|AstrometryPlateSolver.cs|GetJobResult|191|Plate Solving: Astrometry.net: Job 16396655 completed successfully.
2026-07-16T22:22:36.1712|INFO|AstrometryPlateSolver.cs|GetJobResult|201|Plate Solving: Astrometry.net: Job 16396655 successfully retrieved.
2026-07-16T22:22:36.1715|INFO|ImageSolver.cs|Solve|54|Platesolve successful: Coordinates: RA: 17:21:27; Dec: 67° 12' 40"; Epoch: J2000 - Position Angle: 275.6905263307788
2026-07-16T22:22:36.1715|INFO|ImageSolver.cs|Solve|54|Platesolve successful: Coordinates: RA: 17:21:27; Dec: 67° 12' 40"; Epoch: J2000 - Position Angle: 275.6905263307788
2026-07-16T22:22:36.1755|INFO|CenteringSolver.cs|Center|99|Centering Solver - Scope Position: RA: 17:09:33; Dec: 72° 12' 42"; Epoch: JNOW; Offset: RA: 00:00:00; Dec: 00° 00' 00"; Distance: 00° 00' 00"; Bearing: 00° 00' 00"; Centering Coordinates: RA: 04:23:26; Dec: 85° 41' 39"; Epoch: JNOW; Solved: RA: 17:21:29; Dec: 67° 11' 14"; Epoch: JNOW; Separation RA: -12:58:03; Dec: 18° 30' 25"; Distance: 27° 00' 06"; Bearing: 12° 21' 25"; Threshold: 1
2026-07-16T22:22:36.4911|INFO|TelescopeVM.cs|Sync|777|Syncing scope from RA: 17:09:33; Dec: 72° 12' 42"; Epoch: JNOW to RA: 17:21:29; Dec: 67° 11' 14"; Epoch: JNOW
2026-07-16T22:22:41.4941|INFO|CenteringSolver.cs|Center|132|Slewing to target after sync. Current Position: RA: 17:21:29; Dec: 67° 11' 14"; Epoch: JNOW; Target coordinates: RA: 04:23:26; Dec: 85° 41' 39"; Epoch: JNOW; Offset RA: 00:00:00; Dec: 00° 00' 00"; Distance: 00° 00' 00"; Bearing: 00° 00' 00"
2026-07-16T22:22:41.5014|INFO|TelescopeVM.cs|SlewAsyncInternal|910|Slewing from RA: 17:21:29; Dec: 67° 11' 14"; Epoch: JNOW to RA: 04:23:26; Dec: 85° 41' 39"; Epoch: JNOW - Alt: 38° 11' 49"; Az: 00° 34' 43"
2026-07-16T22:23:50.8675|INFO|CameraVM.cs|Capture|742|Starting Exposure - Exposure Time: 10s; Filter: ; Gain: 100; Offset 99; Binning: 1x1;
2026-07-16T22:24:06.7243|INFO|ImageSolver.cs|Solve|41|Platesolving with parameters: FocalLength: 760 PixelSize: 4.63 SearchRadius: 30 BlindFailoverEnabled: True Regions: 5000 DownSampleFactor: 2 MaxObjects: 500 Reference Coordinates RA: 04:15:12 Dec: 85° 37' 59" Epoch: J2000
2026-07-16T22:24:07.2305|INFO|BaseImageData.cs|SaveToDisk|346|Saved image to C:\Users\PrimaLuceLab\AppData\Local\NINA\PlateSolver\macolstj.mdb.fits
2026-07-16T22:24:09.3642|INFO|ImageSolver.cs|Solve|54|Platesolve successful: Coordinates: RA: 04:55:54; Dec: 80° 34' 50"; Epoch: J2000 - Position Angle: 273.9963075505371
2026-07-16T22:24:09.3835|INFO|CenteringSolver.cs|Center|99|Centering Solver - Scope Position: RA: 04:23:26; Dec: 85° 41' 39"; Epoch: JNOW; Offset: RA: 00:00:00; Dec: 00° 00' 00"; Distance: 00° 00' 00"; Bearing: 00° 00' 00"; Centering Coordinates: RA: 04:23:26; Dec: 85° 41' 39"; Epoch: JNOW; Solved: RA: 05:00:37; Dec: 80° 37' 09"; Epoch: JNOW; Separation RA: -00:37:11; Dec: 05° 04' 30"; Distance: 05° 10' 42"; Bearing: -163° 02' 13"; Threshold: 1
2026-07-16T22:24:09.4942|INFO|TelescopeVM.cs|Sync|777|Syncing scope from RA: 04:23:26; Dec: 85° 41' 39"; Epoch: JNOW to RA: 05:00:37; Dec: 80° 37' 09"; Epoch: JNOW
2026-07-16T22:24:14.4968|INFO|CenteringSolver.cs|Center|132|Slewing to target after sync. Current Position: RA: 05:00:37; Dec: 80° 37' 09"; Epoch: JNOW; Target coordinates: RA: 04:23:26; Dec: 85° 41' 39"; Epoch: JNOW; Offset RA: 00:00:00; Dec: 00° 00' 00"; Distance: 00° 00' 00"; Bearing: 00° 00' 00"
2026-07-16T22:24:14.5575|INFO|TelescopeVM.cs|SlewAsyncInternal|910|Slewing from RA: 05:00:37; Dec: 80° 37' 09"; Epoch: JNOW to RA: 04:23:26; Dec: 85° 41' 39"; Epoch: JNOW - Alt: 38° 12' 00"; Az: 00° 36' 56"
2026-07-16T22:25:23.7395|INFO|CameraVM.cs|Capture|742|Starting Exposure - Exposure Time: 10s; Filter: ; Gain: 100; Offset 99; Binning: 1x1;
2026-07-16T22:25:39.3972|INFO|ImageSolver.cs|Solve|41|Platesolving with parameters: FocalLength: 760 PixelSize: 4.63 SearchRadius: 30 BlindFailoverEnabled: True Regions: 5000 DownSampleFactor: 2 MaxObjects: 500 Reference Coordinates RA: 04:15:12 Dec: 85° 37' 59" Epoch: J2000
2026-07-16T22:25:39.9351|INFO|BaseImageData.cs|SaveToDisk|346|Saved image to C:\Users\PrimaLuceLab\AppData\Local\NINA\PlateSolver\rrixzyls.cw5.fits
2026-07-16T22:25:45.1880|ERROR|ASTAPSolver.cs|ReadResult|62|ASTAP - Plate solve failed.


2026-07-16T22:25:45.1948|INFO|ImageSolver.cs|Solve|41|Platesolving with parameters: FocalLength: 760 PixelSize: 4.63 SearchRadius: 30 BlindFailoverEnabled: True Regions: 5000 DownSampleFactor: 2 MaxObjects: 500 
2026-07-16T22:25:46.1976|INFO|BaseImageData.cs|SaveToDisk|346|Saved image to C:\Users\PrimaLuceLab\AppData\Local\NINA\PlateSolver\nostg3zc.5ug.fits
2026-07-16T22:26:55.2116|INFO|AstrometryPlateSolver.cs|SubmitImageJob|166|Plate Solving: Astrometry.net: Submission 15608550 created for solving.
2026-07-16T22:27:38.1039|INFO|AstrometryPlateSolver.cs|GetJobResult|191|Plate Solving: Astrometry.net: Job 16396779 completed successfully.
2026-07-16T22:27:38.5723|INFO|AstrometryPlateSolver.cs|GetJobResult|201|Plate Solving: Astrometry.net: Job 16396779 successfully retrieved.
2026-07-16T22:27:38.5726|INFO|ImageSolver.cs|Solve|54|Platesolve successful: Coordinates: RA: 17:21:21; Dec: 67° 12' 39"; Epoch: J2000 - Position Angle: 275.71449679595617
2026-07-16T22:27:38.5726|INFO|ImageSolver.cs|Solve|54|Platesolve successful: Coordinates: RA: 17:21:21; Dec: 67° 12' 39"; Epoch: J2000 - Position Angle: 275.71449679595617
2026-07-16T22:27:38.5744|INFO|CenteringSolver.cs|Center|99|Centering Solver - Scope Position: RA: 17:09:29; Dec: 72° 12' 33"; Epoch: JNOW; Offset: RA: 00:00:00; Dec: 00° 00' 00"; Distance: 00° 00' 00"; Bearing: 00° 00' 00"; Centering Coordinates: RA: 04:23:26; Dec: 85° 41' 39"; Epoch: JNOW; Solved: RA: 17:21:23; Dec: 67° 11' 13"; Epoch: JNOW; Separation RA: -12:57:57; Dec: 18° 30' 26"; Distance: 27° 00' 09"; Bearing: 12° 20' 07"; Threshold: 1
2026-07-16T22:27:38.8170|INFO|TelescopeVM.cs|Sync|777|Syncing scope from RA: 17:09:29; Dec: 72° 12' 33"; Epoch: JNOW to RA: 17:21:23; Dec: 67° 11' 13"; Epoch: JNOW
2026-07-16T22:27:43.8178|INFO|CenteringSolver.cs|Center|132|Slewing to target after sync. Current Position: RA: 17:21:23; Dec: 67° 11' 13"; Epoch: JNOW; Target coordinates: RA: 04:23:26; Dec: 85° 41' 39"; Epoch: JNOW; Offset RA: 00:00:00; Dec: 00° 00' 00"; Distance: 00° 00' 00"; Bearing: 00° 00' 00"
2026-07-16T22:27:43.8301|INFO|TelescopeVM.cs|SlewAsyncInternal|910|Slewing from RA: 17:21:23; Dec: 67° 11' 13"; Epoch: JNOW to RA: 04:23:26; Dec: 85° 41' 39"; Epoch: JNOW - Alt: 38° 12' 26"; Az: 00° 41' 55"
2026-07-16T22:28:53.0670|INFO|CameraVM.cs|Capture|742|Starting Exposure - Exposure Time: 10s; Filter: ; Gain: 100; Offset 99; Binning: 1x1;
2026-07-16T22:29:08.7405|INFO|ImageSolver.cs|Solve|41|Platesolving with parameters: FocalLength: 760 PixelSize: 4.63 SearchRadius: 30 BlindFailoverEnabled: True Regions: 5000 DownSampleFactor: 2 MaxObjects: 500 Reference Coordinates RA: 04:15:12 Dec: 85° 37' 59" Epoch: J2000
2026-07-16T22:29:09.2851|INFO|BaseImageData.cs|SaveToDisk|346|Saved image to C:\Users\PrimaLuceLab\AppData\Local\NINA\PlateSolver\m5ycw0kq.jq3.fits
2026-07-16T22:29:11.3494|INFO|ImageSolver.cs|Solve|54|Platesolve successful: Coordinates: RA: 04:55:58; Dec: 80° 34' 46"; Epoch: J2000 - Position Angle: 274.00760158533217
2026-07-16T22:29:11.3517|INFO|CenteringSolver.cs|Center|99|Centering Solver - Scope Position: RA: 04:23:26; Dec: 85° 41' 39"; Epoch: JNOW; Offset: RA: 00:00:00; Dec: 00° 00' 00"; Distance: 00° 00' 00"; Bearing: 00° 00' 00"; Centering Coordinates: RA: 04:23:26; Dec: 85° 41' 39"; Epoch: JNOW; Solved: RA: 05:00:41; Dec: 80° 37' 04"; Epoch: JNOW; Separation RA: -00:37:15; Dec: 05° 04' 35"; Distance: 05° 10' 48"; Bearing: -163° 00' 33"; Threshold: 1
2026-07-16T22:29:11.5899|INFO|TelescopeVM.cs|Sync|777|Syncing scope from RA: 04:23:26; Dec: 85° 41' 39"; Epoch: JNOW to RA: 05:00:41; Dec: 80° 37' 04"; Epoch: JNOW
2026-07-16T22:29:16.5920|INFO|CenteringSolver.cs|Center|132|Slewing to target after sync. Current Position: RA: 05:00:41; Dec: 80° 37' 04"; Epoch: JNOW; Target coordinates: RA: 04:23:26; Dec: 85° 41' 39"; Epoch: JNOW; Offset RA: 00:00:00; Dec: 00° 00' 00"; Distance: 00° 00' 00"; Bearing: 00° 00' 00"
2026-07-16T22:29:16.6002|INFO|TelescopeVM.cs|SlewAsyncInternal|910|Slewing from RA: 05:00:41; Dec: 80° 37' 04"; Epoch: JNOW to RA: 04:23:26; Dec: 85° 41' 39"; Epoch: JNOW - Alt: 38° 12' 39"; Az: 00° 44' 07"
2026-07-16T22:29:31.7835|INFO|Sequencer.cs|Start|85|Sequence run was cancelled
2026-07-16T22:29:31.7864|INFO|Sequence2VM.cs|StartSequence|548|Advanced Sequence finished
2026-07-16T22:31:05.1333|INFO|AscomDevice.cs|Disconnect|378|Disconnecting from ASCOM.Optec ASCOM.Telescope CPWI_ASCOM_Telescope
2026-07-16T22:31:05.2306|INFO|TelescopeVM.cs|Disconnect|740|Disconnected mount
2026-07-16T22:32:35.2926|INFO|TelescopeVM.cs|Disconnect|740|Disconnected mount
2026-07-16T22:32:35.4388|INFO|AscomTelescope.cs|CheckMountTime|845|Mount UTC Time: 2026-07-16 20:32:35Z / System UTC Time: 2026-07-16 20:32:35Z; Difference: 0.002 seconds
2026-07-16T22:32:35.5069|INFO|AscomTelescope.cs|CheckMountTime|865|Mount driver does not allow the mount's time to be set.
2026-07-16T22:32:35.5316|INFO|AscomDevice.cs|GetProperty|527|Property Telescope.SiteElevation GET is not implemented in this driver (CPWI_ASCOM_Telescope)
2026-07-16T22:32:35.8315|INFO|TelescopeVM.cs|ChooseTelescope|535|Successfully connected mount. Id: ASCOM.Optec ASCOM.Telescope Name: CPWI_ASCOM_Telescope DisplayName: CPWI_ASCOM_Telescope (ASCOM) Driver Version: 2.5.6.99  with DLL Assembly Date: July_1_2020
2026-07-16T22:32:40.0111|INFO|PHD2Guider.cs|Connect|205|Connecting to PHD2 server at 127.0.0.1:4400
2026-07-16T22:33:52.7451|INFO|Sequence2VM.cs|UnlockSequence|144|Sequencer locked
2026-07-16T22:34:24.1886|INFO|Sequence2VM.cs|StartSequence|543|Advanced Sequence starting
2026-07-16T22:34:24.1907|INFO|SequenceItem.cs|Run|208|Starting Category: * Set di Istruzioni *, Container: NINA.Sequencer.Container.SequenceRootContainer, Strategy: SequentialStrategy, Items[CREATED]: 3, Triggers: Trigger: MeridianFlipTriggerTrigger: RestoreGuidingTrigger: AutofocusAfterHFRIncreaseTrigger, Amount: 10Trigger: AutofocusAfterFilterChange
2026-07-16T22:34:24.1910|INFO|MeridianFlipTrigger.cs|ShouldTrigger|204|Meridian Flip - Telescope is not tracking. Skip flip evaluation
2026-07-16T22:34:24.1911|INFO|SequenceItem.cs|Run|208|Starting Category: * Set di Istruzioni *, Container: NINA.Sequencer.Container.StartAreaContainer, Strategy: SequentialStrategy, Items[CREATED]: 2
2026-07-16T22:34:24.1911|INFO|MeridianFlipTrigger.cs|ShouldTrigger|204|Meridian Flip - Telescope is not tracking. Skip flip evaluation
2026-07-16T22:34:24.1912|INFO|SequenceItem.cs|Run|208|Starting Category: Utilità, Item: Annotation, Text: VERSION: 1
2026-07-16T22:34:24.1912|INFO|SequenceItem.cs|Run|254|Finishing Category: Utilità, Item: Annotation, Text: VERSION: 1
2026-07-16T22:34:24.1913|INFO|MeridianFlipTrigger.cs|ShouldTrigger|204|Meridian Flip - Telescope is not tracking. Skip flip evaluation
2026-07-16T22:34:24.1915|INFO|SequenceItem.cs|Run|208|Starting Category: * Set di Istruzioni *, Container: NINA.Sequencer.Container.SequentialContainer, Strategy: SequentialStrategy, Items[CREATED]: 4
2026-07-16T22:34:24.1915|INFO|MeridianFlipTrigger.cs|ShouldTrigger|204|Meridian Flip - Telescope is not tracking. Skip flip evaluation
2026-07-16T22:34:24.1916|INFO|SequenceItem.cs|Run|208|Starting Category: Utilità, Item: Annotation, Text: VERSION: 1
2026-07-16T22:34:24.1916|INFO|SequenceItem.cs|Run|254|Finishing Category: Utilità, Item: Annotation, Text: VERSION: 1
2026-07-16T22:34:24.1916|INFO|MeridianFlipTrigger.cs|ShouldTrigger|204|Meridian Flip - Telescope is not tracking. Skip flip evaluation
2026-07-16T22:34:24.1917|INFO|SequenceItem.cs|Run|208|Starting Category: * Set di Istruzioni *, Container: NINA.Sequencer.Container.SequentialContainer, Strategy: SequentialStrategy, Items[CREATED]: 4
2026-07-16T22:34:24.1918|INFO|MeridianFlipTrigger.cs|ShouldTrigger|204|Meridian Flip - Telescope is not tracking. Skip flip evaluation
2026-07-16T22:34:24.1918|INFO|SequenceItem.cs|Run|208|Starting Category: Utilità, Item: Annotation, Text: This Startup Sequence ensures an ASCOM Safety Monitor will function in a sequence as expected.
2026-07-16T22:34:24.1918|INFO|SequenceItem.cs|Run|254|Finishing Category: Utilità, Item: Annotation, Text: This Startup Sequence ensures an ASCOM Safety Monitor will function in a sequence as expected.
2026-07-16T22:34:24.1919|INFO|MeridianFlipTrigger.cs|ShouldTrigger|204|Meridian Flip - Telescope is not tracking. Skip flip evaluation
2026-07-16T22:34:24.1919|INFO|SequenceItem.cs|Run|208|Starting Category: Utilità, Item: Annotation, Text: The CONNECTOR Plugin is used in this Sequence.
2026-07-16T22:34:24.1920|INFO|SequenceItem.cs|Run|254|Finishing Category: Utilità, Item: Annotation, Text: The CONNECTOR Plugin is used in this Sequence.
2026-07-16T22:34:24.1920|INFO|MeridianFlipTrigger.cs|ShouldTrigger|204|Meridian Flip - Telescope is not tracking. Skip flip evaluation
2026-07-16T22:34:24.1921|INFO|SequenceItem.cs|Run|208|Starting Category: Utilità, Item: Annotation, Text: A Switch is also used within this Startup Sequence.
2026-07-16T22:34:24.1921|INFO|SequenceItem.cs|Run|254|Finishing Category: Utilità, Item: Annotation, Text: A Switch is also used within this Startup Sequence.
2026-07-16T22:34:24.1921|INFO|MeridianFlipTrigger.cs|ShouldTrigger|204|Meridian Flip - Telescope is not tracking. Skip flip evaluation
2026-07-16T22:34:24.1922|INFO|SequenceItem.cs|Run|208|Starting Category: Utilità, Item: Annotation, Text: The sequence uses Nautical Dusk and Nautical Dawn along with a number of time offsets. Adjust this as desired.
2026-07-16T22:34:24.1922|INFO|SequenceItem.cs|Run|254|Finishing Category: Utilità, Item: Annotation, Text: The sequence uses Nautical Dusk and Nautical Dawn along with a number of time offsets. Adjust this as desired.
2026-07-16T22:34:24.1923|INFO|SequenceItem.cs|Run|254|Finishing Category: * Set di Istruzioni *, Container: NINA.Sequencer.Container.SequentialContainer, Strategy: SequentialStrategy, Items[FINISHED]: 4
2026-07-16T22:34:24.1923|INFO|MeridianFlipTrigger.cs|ShouldTrigger|204|Meridian Flip - Telescope is not tracking. Skip flip evaluation
2026-07-16T22:34:24.1924|INFO|SequenceItem.cs|Run|208|Starting Category: * Set di Istruzioni *, Container: NINA.Sequencer.Container.SequentialContainer, Strategy: SequentialStrategy, Items[CREATED]: 11
2026-07-16T22:34:24.1925|INFO|MeridianFlipTrigger.cs|ShouldTrigger|204|Meridian Flip - Telescope is not tracking. Skip flip evaluation
2026-07-16T22:34:24.1926|INFO|SequenceItem.cs|Run|208|Starting Category: Utilità, Item: WaitForTime, Time: 21:34:33h, Offset: -30
2026-07-16T22:34:24.1926|INFO|SequenceItem.cs|Run|254|Finishing Category: Utilità, Item: WaitForTime, Time: 21:34:33h, Offset: -30
2026-07-16T22:34:24.1927|INFO|MeridianFlipTrigger.cs|ShouldTrigger|204|Meridian Flip - Telescope is not tracking. Skip flip evaluation
2026-07-16T22:34:24.1927|INFO|SequenceItem.cs|Run|208|Starting Category: Connetti, Item: ConnectEquipment, Selected device: Weather, Selected device id: ASCOM.CloudWatcher.ObservingConditions
2026-07-16T22:34:24.1928|INFO|ConnectEquipment.cs|Execute|186|Weather is already connected
2026-07-16T22:34:24.1928|INFO|SequenceItem.cs|Run|254|Finishing Category: Connetti, Item: ConnectEquipment, Selected device: Weather, Selected device id: ASCOM.CloudWatcher.ObservingConditions
2026-07-16T22:34:24.1929|INFO|MeridianFlipTrigger.cs|ShouldTrigger|204|Meridian Flip - Telescope is not tracking. Skip flip evaluation
2026-07-16T22:34:24.1929|INFO|SequenceItem.cs|Run|208|Starting Category: Connetti, Item: ConnectEquipment, Selected device: Safety Monitor, Selected device id: ASCOM.Hub.SafetyMonitor
2026-07-16T22:34:24.1930|INFO|ConnectEquipment.cs|Execute|186|Safety Monitor is already connected
2026-07-16T22:34:24.1930|INFO|SequenceItem.cs|Run|254|Finishing Category: Connetti, Item: ConnectEquipment, Selected device: Safety Monitor, Selected device id: ASCOM.Hub.SafetyMonitor
2026-07-16T22:34:24.1931|INFO|MeridianFlipTrigger.cs|ShouldTrigger|204|Meridian Flip - Telescope is not tracking. Skip flip evaluation
2026-07-16T22:34:24.1931|INFO|SequenceItem.cs|Run|208|Starting Category: Monitor Di Sicurezza, Item: WaitUntilSafe
2026-07-16T22:34:24.1932|INFO|SequenceItem.cs|Run|254|Finishing Category: Monitor Di Sicurezza, Item: WaitUntilSafe
2026-07-16T22:34:24.1932|INFO|MeridianFlipTrigger.cs|ShouldTrigger|204|Meridian Flip - Telescope is not tracking. Skip flip evaluation
2026-07-16T22:34:24.1933|INFO|SequenceItem.cs|Run|208|Starting Category: Connetti, Item: ConnectEquipment, Selected device: Camera, Selected device id: ToupTek_\\?\usb#vid_0547&pid_1433#6&1727222e&0&3
2026-07-16T22:34:24.1933|INFO|ConnectEquipment.cs|Execute|186|Camera is already connected
2026-07-16T22:34:24.1933|INFO|SequenceItem.cs|Run|254|Finishing Category: Connetti, Item: ConnectEquipment, Selected device: Camera, Selected device id: ToupTek_\\?\usb#vid_0547&pid_1433#6&1727222e&0&3
2026-07-16T22:34:24.1934|INFO|MeridianFlipTrigger.cs|ShouldTrigger|204|Meridian Flip - Telescope is not tracking. Skip flip evaluation
2026-07-16T22:34:24.1934|INFO|SequenceItem.cs|Run|208|Starting Category: Connetti, Item: ConnectEquipment, Selected device: Focuser, Selected device id: ASCOM.ArcoEsatto.Focuser
2026-07-16T22:34:24.1935|INFO|ConnectEquipment.cs|Execute|186|Focuser is already connected
2026-07-16T22:34:24.1935|INFO|SequenceItem.cs|Run|254|Finishing Category: Connetti, Item: ConnectEquipment, Selected device: Focuser, Selected device id: ASCOM.ArcoEsatto.Focuser
2026-07-16T22:34:24.1936|INFO|MeridianFlipTrigger.cs|ShouldTrigger|204|Meridian Flip - Telescope is not tracking. Skip flip evaluation
2026-07-16T22:34:24.1936|INFO|SequenceItem.cs|Run|208|Starting Category: Connetti, Item: ConnectEquipment, Selected device: Filter Wheel, Selected device id: ASCOM.ToupTek.FilterWheel
2026-07-16T22:34:24.1936|INFO|ConnectEquipment.cs|Execute|186|Filter Wheel is already connected
2026-07-16T22:34:24.1937|INFO|SequenceItem.cs|Run|254|Finishing Category: Connetti, Item: ConnectEquipment, Selected device: Filter Wheel, Selected device id: ASCOM.ToupTek.FilterWheel
2026-07-16T22:34:24.1937|INFO|MeridianFlipTrigger.cs|ShouldTrigger|204|Meridian Flip - Telescope is not tracking. Skip flip evaluation
2026-07-16T22:34:24.1938|INFO|SequenceItem.cs|Run|208|Starting Category: Connetti, Item: ConnectEquipment, Selected device: Mount, Selected device id: ASCOM.Optec ASCOM.Telescope
2026-07-16T22:34:24.1938|INFO|ConnectEquipment.cs|Execute|186|Mount is already connected
2026-07-16T22:34:24.1939|INFO|SequenceItem.cs|Run|254|Finishing Category: Connetti, Item: ConnectEquipment, Selected device: Mount, Selected device id: ASCOM.Optec ASCOM.Telescope
2026-07-16T22:34:24.1939|INFO|MeridianFlipTrigger.cs|ShouldTrigger|204|Meridian Flip - Telescope is not tracking. Skip flip evaluation
2026-07-16T22:34:24.1940|INFO|SequenceItem.cs|Run|208|Starting Category: Connetti, Item: ConnectEquipment, Selected device: Dome, Selected device id: ASCOM.TS_Shelter.Dome
2026-07-16T22:34:24.1940|INFO|ConnectEquipment.cs|Execute|186|Dome is already connected
2026-07-16T22:34:24.1940|INFO|SequenceItem.cs|Run|254|Finishing Category: Connetti, Item: ConnectEquipment, Selected device: Dome, Selected device id: ASCOM.TS_Shelter.Dome
2026-07-16T22:34:24.1941|INFO|MeridianFlipTrigger.cs|ShouldTrigger|204|Meridian Flip - Telescope is not tracking. Skip flip evaluation
2026-07-16T22:34:24.1941|INFO|SequenceItem.cs|Run|208|Starting Category: Connetti, Item: ConnectEquipment, Selected device: Guider, Selected device id: PHD2_Single
2026-07-16T22:34:24.1954|INFO|ConnectEquipment.cs|Execute|186|Guider is already connected
2026-07-16T22:34:24.1955|INFO|SequenceItem.cs|Run|254|Finishing Category: Connetti, Item: ConnectEquipment, Selected device: Guider, Selected device id: PHD2_Single
2026-07-16T22:34:24.1957|INFO|MeridianFlipTrigger.cs|ShouldTrigger|204|Meridian Flip - Telescope is not tracking. Skip flip evaluation
2026-07-16T22:34:24.1958|INFO|SequenceItem.cs|Run|208|Starting Category: Connetti, Item: ConnectEquipment, Selected device: Flat Panel, Selected device id: ASCOM.WandererCover2.CoverCalibrator
2026-07-16T22:34:24.1958|INFO|ConnectEquipment.cs|Execute|186|Flat Panel is already connected
2026-07-16T22:34:24.1959|INFO|SequenceItem.cs|Run|254|Finishing Category: Connetti, Item: ConnectEquipment, Selected device: Flat Panel, Selected device id: ASCOM.WandererCover2.CoverCalibrator
2026-07-16T22:34:24.1961|INFO|SequenceItem.cs|Run|254|Finishing Category: * Set di Istruzioni *, Container: NINA.Sequencer.Container.SequentialContainer, Strategy: SequentialStrategy, Items[FINISHED]: 11
2026-07-16T22:34:24.1962|INFO|MeridianFlipTrigger.cs|ShouldTrigger|204|Meridian Flip - Telescope is not tracking. Skip flip evaluation
2026-07-16T22:34:24.1963|INFO|SequenceItem.cs|Run|208|Starting Category: * Set di Istruzioni *, Container: NINA.Sequencer.Container.SequentialContainer, Strategy: SequentialStrategy, Items[CREATED]: 12
2026-07-16T22:34:24.1964|INFO|MeridianFlipTrigger.cs|ShouldTrigger|204|Meridian Flip - Telescope is not tracking. Skip flip evaluation
2026-07-16T22:34:24.1965|INFO|SequenceItem.cs|Run|208|Starting Category: Fotocamera, Item: CoolCamera, Temperature: -10, Duration: 5
2026-07-16T22:34:24.1966|INFO|CameraVM.cs|CoolCamera|138|Cooling Camera. Target: -10 Duration: 00:05:00
2026-07-16T22:39:25.5772|INFO|SequenceItem.cs|Run|254|Finishing Category: Fotocamera, Item: CoolCamera, Temperature: -10, Duration: 5
2026-07-16T22:39:25.5774|INFO|MeridianFlipTrigger.cs|ShouldTrigger|204|Meridian Flip - Telescope is not tracking. Skip flip evaluation
2026-07-16T22:39:25.5775|INFO|SequenceItem.cs|Run|208|Starting Category: Utilità, Item: WaitForTime, Time: 21:54:33h, Offset: -10
2026-07-16T22:39:25.5776|INFO|SequenceItem.cs|Run|254|Finishing Category: Utilità, Item: WaitForTime, Time: 21:54:33h, Offset: -10
2026-07-16T22:39:25.5776|INFO|MeridianFlipTrigger.cs|ShouldTrigger|204|Meridian Flip - Telescope is not tracking. Skip flip evaluation
2026-07-16T22:39:25.5777|INFO|SequenceItem.cs|Run|208|Starting Category: Monitor Di Sicurezza, Item: WaitUntilSafe
2026-07-16T22:39:25.5779|INFO|SequenceItem.cs|Run|254|Finishing Category: Monitor Di Sicurezza, Item: WaitUntilSafe
2026-07-16T22:39:25.5780|INFO|MeridianFlipTrigger.cs|ShouldTrigger|204|Meridian Flip - Telescope is not tracking. Skip flip evaluation
2026-07-16T22:39:25.5780|INFO|SequenceItem.cs|Run|208|Starting Category: Osservatorio, Item: OpenDomeShutter
2026-07-16T22:39:25.5781|INFO|SequenceItem.cs|Run|254|Finishing Category: Osservatorio, Item: OpenDomeShutter
2026-07-16T22:39:25.5781|INFO|MeridianFlipTrigger.cs|ShouldTrigger|204|Meridian Flip - Telescope is not tracking. Skip flip evaluation
2026-07-16T22:39:25.5782|INFO|SequenceItem.cs|Run|208|Starting Category: Telescopio, Item: UnparkScope
2026-07-16T22:39:25.5782|INFO|TelescopeVM.cs|UnparkTelescope|232|Mount ordered to unpark
2026-07-16T22:39:25.5852|INFO|TelescopeVM.cs|UnparkTelescope|277|Mount is already unparked
2026-07-16T22:39:25.5854|INFO|TelescopeVM.cs|UnparkTelescope|282|Mount has unparked
2026-07-16T22:39:25.5854|INFO|SequenceItem.cs|Run|254|Finishing Category: Telescopio, Item: UnparkScope
2026-07-16T22:39:25.5858|INFO|MeridianFlipTrigger.cs|ShouldTrigger|204|Meridian Flip - Telescope is not tracking. Skip flip evaluation
2026-07-16T22:39:25.5859|INFO|SequenceItem.cs|Run|208|Starting Category: Apparato per i Flat, Item: OpenCover
2026-07-16T22:39:25.5896|INFO|SequenceItem.cs|Run|254|Finishing Category: Apparato per i Flat, Item: OpenCover
2026-07-16T22:39:25.5898|INFO|MeridianFlipTrigger.cs|ShouldTrigger|204|Meridian Flip - Telescope is not tracking. Skip flip evaluation
2026-07-16T22:39:25.5898|INFO|SequenceItem.cs|Run|208|Starting Category: Telescopio, Item: SetTracking, TrackingMode: Sidereal
2026-07-16T22:39:25.6383|INFO|SequenceItem.cs|Run|254|Finishing Category: Telescopio, Item: SetTracking, TrackingMode: Sidereal
2026-07-16T22:39:25.6395|INFO|MeridianFlipTrigger.cs|ShouldTrigger|204|Meridian Flip - Telescope is not tracking. Skip flip evaluation
2026-07-16T22:39:25.6396|INFO|SequenceItem.cs|Run|208|Starting Category: Ruota porta filtri, Item: SwitchFilter, Filter: LPRO
2026-07-16T22:39:25.6412|INFO|SequenceItem.cs|Run|254|Finishing Category: Ruota porta filtri, Item: SwitchFilter, Filter: LPRO
2026-07-16T22:39:25.6418|INFO|MeridianFlipTrigger.cs|ShouldTrigger|204|Meridian Flip - Telescope is not tracking. Skip flip evaluation
2026-07-16T22:39:25.6420|INFO|SequenceItem.cs|Run|208|Starting Category: Telescopio, Item: SlewScopeToAltAz, Coordinates: NINA.Astrometry.InputTopocentricCoordinates
2026-07-16T22:39:25.6992|INFO|PHD2Guider.cs|StopGuiding|704|Phd2 - Stop Guiding skipped, as the app is already in state Stopped
2026-07-16T22:39:25.7185|INFO|TelescopeVM.cs|SlewAsyncInternal|910|Slewing from RA: 19:28:11; Dec: 89° 02' 53"; Epoch: JNOW to RA: 18:49:33; Dec: 39° 23' 27"; Epoch: JNOW - Alt: 70° 00' 00"; Az: 90° 00' 00"
2026-07-16T22:39:57.1015|INFO|SequenceItem.cs|Run|254|Finishing Category: Telescopio, Item: SlewScopeToAltAz, Coordinates: NINA.Astrometry.InputTopocentricCoordinates
2026-07-16T22:39:57.1018|INFO|MeridianFlipTrigger.cs|ShouldTrigger|296|Meridian Flip - (Side of Pier usage is disabled) There is still time remaining. Max remaining time 01:42:35.5014911, next instruction time 60, next instruction Category: Utilità, Item: WaitForTimeSpan, Time: 60s
2026-07-16T22:39:57.1019|INFO|SequenceItem.cs|Run|208|Starting Category: Utilità, Item: WaitForTimeSpan, Time: 60s
2026-07-16T22:40:57.2872|INFO|SequenceItem.cs|Run|254|Finishing Category: Utilità, Item: WaitForTimeSpan, Time: 60s
2026-07-16T22:40:57.2877|INFO|MeridianFlipTrigger.cs|ShouldTrigger|296|Meridian Flip - (Side of Pier usage is disabled) There is still time remaining. Max remaining time 01:41:35.2496508, next instruction time 160, next instruction Category: Focheggiatore, Item: RunAutofocus
2026-07-16T22:40:57.2878|INFO|SequenceItem.cs|Run|208|Starting Category: Focheggiatore, Item: RunAutofocus
2026-07-16T22:40:57.4864|INFO|FocuserMediator.cs|BroadcastAutoFocusRunStarting|92|Autofocus starting notification received
2026-07-16T22:40:57.5635|INFO|PHD2Guider.cs|StopGuiding|704|Phd2 - Stop Guiding skipped, as the app is already in state Stopped
2026-07-16T22:40:57.5637|INFO|AutoFocusEngine.cs|RunAutoFocus|929|Starting AutoFocus with initial position 114243
2026-07-16T22:40:57.5649|INFO|CameraVM.cs|Capture|742|Starting Exposure - Exposure Time: 5s; Filter: LPRO; Gain: 910; Offset 99; Binning: 1x1;
2026-07-16T22:41:02.8225|INFO|AutoFocusEngine.cs|StartBlindFocusPoints|769|Waiting on initial HFR analysis
2026-07-16T22:41:02.9321|INFO|FocuserVM.cs|MoveFocuserInternal|216|Moving Focuser to position 129243
2026-07-16T22:41:08.6515|INFO|CameraVM.cs|Capture|742|Starting Exposure - Exposure Time: 5s; Filter: LPRO; Gain: 910; Offset 99; Binning: 1x1;
2026-07-16T22:41:13.9503|INFO|HocusFocusStarDetection.cs|Detect|413|Average HFR: 2.037146084978362, HFR MAD: 0.1591801829595232, Detected Stars 403, Region: 0
2026-07-16T22:41:14.2415|INFO|FocuserVM.cs|MoveFocuserInternal|216|Moving Focuser to position 124243
2026-07-16T22:41:20.5495|INFO|CameraVM.cs|Capture|742|Starting Exposure - Exposure Time: 5s; Filter: LPRO; Gain: 910; Offset 99; Binning: 1x1;
2026-07-16T22:41:25.2591|INFO|HocusFocusStarDetection.cs|Detect|413|Average HFR: 7.7971931093434215, HFR MAD: 0.38404549802916854, Detected Stars 48, Region: 0
2026-07-16T22:41:26.0572|INFO|FocuserVM.cs|MoveFocuserInternal|216|Moving Focuser to position 119243
2026-07-16T22:41:31.6890|INFO|CameraVM.cs|Capture|742|Starting Exposure - Exposure Time: 5s; Filter: LPRO; Gain: 910; Offset 99; Binning: 1x1;
2026-07-16T22:41:36.9664|INFO|AutoFocusEngine.cs|StartBlindFocusPoints|797|Waiting on initial focuser move analyses
2026-07-16T22:41:37.0934|INFO|HocusFocusStarDetection.cs|Detect|413|Average HFR: 4.83962818280947, HFR MAD: 0.3169161065933448, Detected Stars 216, Region: 0
2026-07-16T22:41:47.8697|INFO|HocusFocusStarDetection.cs|Detect|413|Average HFR: 2.560337758161934, HFR MAD: 0.23132104368962736, Detected Stars 456, Region: 0
2026-07-16T22:41:47.9734|INFO|FocuserVM.cs|MoveFocuserInternal|216|Moving Focuser to position 114243
2026-07-16T22:41:54.3998|INFO|CameraVM.cs|Capture|742|Starting Exposure - Exposure Time: 5s; Filter: LPRO; Gain: 910; Offset 99; Binning: 1x1;
2026-07-16T22:41:59.6192|INFO|AutoFocusEngine.cs|StartBlindFocusPoints|870|Waiting on next left movement analysis
2026-07-16T22:42:10.5656|INFO|HocusFocusStarDetection.cs|Detect|413|Average HFR: 2.0546490909089394, HFR MAD: 0.16013373859917568, Detected Stars 362, Region: 0
2026-07-16T22:42:10.9813|INFO|FocuserVM.cs|MoveFocuserInternal|216|Moving Focuser to position 109243
2026-07-16T22:42:16.4214|INFO|CameraVM.cs|Capture|742|Starting Exposure - Exposure Time: 5s; Filter: LPRO; Gain: 910; Offset 99; Binning: 1x1;
2026-07-16T22:42:21.6521|INFO|AutoFocusEngine.cs|StartBlindFocusPoints|870|Waiting on next left movement analysis
2026-07-16T22:42:32.6738|INFO|HocusFocusStarDetection.cs|Detect|413|Average HFR: 3.6415615228327907, HFR MAD: 0.2732084995328976, Detected Stars 288, Region: 0
2026-07-16T22:42:32.7922|INFO|AutoFocusEngine.cs|StartBlindFocusPoints|841|Enough right trend points (3) with an established minimum (114243) to queue remaining left focus points down to 99243
2026-07-16T22:42:32.8991|INFO|FocuserVM.cs|MoveFocuserInternal|216|Moving Focuser to position 104243
2026-07-16T22:42:38.4183|INFO|CameraVM.cs|Capture|742|Starting Exposure - Exposure Time: 5s; Filter: LPRO; Gain: 910; Offset 99; Binning: 1x1;
2026-07-16T22:42:43.9152|INFO|FocuserVM.cs|MoveFocuserInternal|216|Moving Focuser to position 99243
2026-07-16T22:42:49.7579|INFO|CameraVM.cs|Capture|742|Starting Exposure - Exposure Time: 5s; Filter: LPRO; Gain: 910; Offset 99; Binning: 1x1;
2026-07-16T22:42:55.0851|INFO|AutoFocusEngine.cs|StartBlindFocusPoints|896|Waiting on remaining AutoFocus analysis tasks
2026-07-16T22:42:55.7575|INFO|HocusFocusStarDetection.cs|Detect|413|Average HFR: 6.576376935619884, HFR MAD: 0.35019650312599193, Detected Stars 93, Region: 0
2026-07-16T22:43:06.3989|INFO|HocusFocusStarDetection.cs|Detect|413|Average HFR: 9.772399458209524, HFR MAD: 0.2789842288780058, Detected Stars 23, Region: 0
2026-07-16T22:43:06.5592|INFO|FocuserVM.cs|MoveFocuserInternal|216|Moving Focuser to position 115507
2026-07-16T22:43:12.7971|INFO|AutoFocusEngine.cs|ValidateCalculatedFocusPosition|1141|Validating HFR at final focus position 115507
2026-07-16T22:43:12.8000|INFO|CameraVM.cs|Capture|742|Starting Exposure - Exposure Time: 5s; Filter: LPRO; Gain: 910; Offset 99; Binning: 1x1;
2026-07-16T22:43:29.0052|INFO|HocusFocusStarDetection.cs|Detect|413|Average HFR: 2.017173647005768, HFR MAD: 0.1680115492486678, Detected Stars 386, Region: 0
2026-07-16T22:43:29.0058|INFO|HocusFocusVM.cs|AutoFocusEngine_Completed|473|AutoFocus completed with focuser starting at 114243 and ending at 115507
2026-07-16T22:43:29.0076|INFO|FocuserMediator.cs|BroadcastSuccessfulAutoFocusRun|46|Autofocus notification received - Temperature 27.21
2026-07-16T22:43:29.0248|INFO|SequenceItem.cs|Run|254|Finishing Category: Focheggiatore, Item: RunAutofocus
2026-07-16T22:43:29.0251|INFO|MeridianFlipTrigger.cs|ShouldTrigger|296|Meridian Flip - (Side of Pier usage is disabled) There is still time remaining. Max remaining time 01:39:02.6342466, next instruction time 0, next instruction Category: Telescopio, Item: SolveAndSync
2026-07-16T22:43:29.0252|INFO|SequenceItem.cs|Run|208|Starting Category: Telescopio, Item: SolveAndSync
2026-07-16T22:43:29.4066|INFO|CameraVM.cs|Capture|742|Starting Exposure - Exposure Time: 10s; Filter: ; Gain: 910; Offset 99; Binning: 1x1;
2026-07-16T22:43:45.7990|INFO|ImageSolver.cs|Solve|41|Platesolving with parameters: FocalLength: 760 PixelSize: 4.63 SearchRadius: 30 BlindFailoverEnabled: True Regions: 5000 DownSampleFactor: 2 MaxObjects: 500 Reference Coordinates RA: 18:48:38 Dec: 39° 21' 35" Epoch: J2000
2026-07-16T22:43:46.3169|INFO|BaseImageData.cs|SaveToDisk|346|Saved image to C:\Users\PrimaLuceLab\AppData\Local\NINA\PlateSolver\lab2u5km.2hf.fits
2026-07-16T22:43:48.4453|INFO|ImageSolver.cs|Solve|54|Platesolve successful: Coordinates: RA: 18:53:53; Dec: 39° 26' 35"; Epoch: J2000 - Position Angle: 275.96442342477366
2026-07-16T22:43:48.7159|INFO|TelescopeVM.cs|Sync|777|Syncing scope from RA: 18:49:33; Dec: 39° 23' 26"; Epoch: JNOW to RA: 18:54:49; Dec: 39° 28' 38"; Epoch: JNOW
2026-07-16T22:43:53.7164|INFO|SequenceItem.cs|Run|254|Finishing Category: Telescopio, Item: SolveAndSync
2026-07-16T22:43:53.7168|INFO|SequenceItem.cs|Run|254|Finishing Category: * Set di Istruzioni *, Container: NINA.Sequencer.Container.SequentialContainer, Strategy: SequentialStrategy, Items[FINISHED]: 12
2026-07-16T22:43:53.7170|INFO|SequenceItem.cs|Run|254|Finishing Category: * Set di Istruzioni *, Container: NINA.Sequencer.Container.SequentialContainer, Strategy: SequentialStrategy, Items[FINISHED]: 4
2026-07-16T22:43:53.7170|INFO|SequenceItem.cs|Run|254|Finishing Category: * Set di Istruzioni *, Container: NINA.Sequencer.Container.StartAreaContainer, Strategy: SequentialStrategy, Items[FINISHED]: 2
2026-07-16T22:43:53.7172|INFO|MeridianFlipTrigger.cs|ShouldTrigger|296|Meridian Flip - (Side of Pier usage is disabled) There is still time remaining. Max remaining time 01:43:53.9804279, next instruction time 0, next instruction Category: * Set di Istruzioni *, Container: NINA.Sequencer.Container.TargetAreaContainer, Strategy: SequentialStrategy, Items[CREATED]: 2
2026-07-16T22:43:53.7172|INFO|SequenceItem.cs|Run|208|Starting Category: * Set di Istruzioni *, Container: NINA.Sequencer.Container.TargetAreaContainer, Strategy: SequentialStrategy, Items[CREATED]: 2
2026-07-16T22:43:53.7173|INFO|MeridianFlipTrigger.cs|ShouldTrigger|296|Meridian Flip - (Side of Pier usage is disabled) There is still time remaining. Max remaining time 01:43:53.9804279, next instruction time 0, next instruction Category: * Set di Istruzioni *, Container: NINA.Sequencer.Container.SequentialContainer, Strategy: SequentialStrategy, Items[CREATED]: 10
2026-07-16T22:43:53.7174|INFO|SequenceItem.cs|Run|208|Starting Category: * Set di Istruzioni *, Container: NINA.Sequencer.Container.SequentialContainer, Strategy: SequentialStrategy, Items[CREATED]: 10
2026-07-16T22:43:53.7182|INFO|MeridianFlipTrigger.cs|ShouldTrigger|296|Meridian Flip - (Side of Pier usage is disabled) There is still time remaining. Max remaining time 01:43:53.9804279, next instruction time 0, next instruction Category: Utilità, Item: Annotation, Text: This is a Startup Sequence which can be pre-loaded at NINA Start-up.
2026-07-16T22:43:53.7183|INFO|SequenceItem.cs|Run|208|Starting Category: Utilità, Item: Annotation, Text: This is a Startup Sequence which can be pre-loaded at NINA Start-up.
2026-07-16T22:43:53.7183|INFO|SequenceItem.cs|Run|254|Finishing Category: Utilità, Item: Annotation, Text: This is a Startup Sequence which can be pre-loaded at NINA Start-up.
2026-07-16T22:43:53.7185|INFO|MeridianFlipTrigger.cs|ShouldTrigger|296|Meridian Flip - (Side of Pier usage is disabled) There is still time remaining. Max remaining time 01:43:53.9804279, next instruction time 0, next instruction Category: Utilità, Item: Annotation, Text: If you edit this Startup Sequence, you need to save the Entire Sequence using the Save Complete Sequence button at the bottom of the Advanced Sequencer page below.
2026-07-16T22:43:53.7186|INFO|SequenceItem.cs|Run|208|Starting Category: Utilità, Item: Annotation, Text: If you edit this Startup Sequence, you need to save the Entire Sequence using the Save Complete Sequence button at the bottom of the Advanced Sequencer page below.
2026-07-16T22:43:53.7186|INFO|SequenceItem.cs|Run|254|Finishing Category: Utilità, Item: Annotation, Text: If you edit this Startup Sequence, you need to save the Entire Sequence using the Save Complete Sequence button at the bottom of the Advanced Sequencer page below.
2026-07-16T22:43:53.7187|INFO|MeridianFlipTrigger.cs|ShouldTrigger|296|Meridian Flip - (Side of Pier usage is disabled) There is still time remaining. Max remaining time 01:43:53.9804279, next instruction time 0, next instruction Category: Utilità, Item: Annotation, Text: Go to: OPTIONS > IMAGING > SEQUENCE and select this DOME_SAFETY_STARTUP_PA.json file as the STARTUP SEQUENCE TEMPLATE
2026-07-16T22:43:53.7189|INFO|SequenceItem.cs|Run|208|Starting Category: Utilità, Item: Annotation, Text: Go to: OPTIONS > IMAGING > SEQUENCE and select this DOME_SAFETY_STARTUP_PA.json file as the STARTUP SEQUENCE TEMPLATE
2026-07-16T22:43:53.7189|INFO|SequenceItem.cs|Run|254|Finishing Category: Utilità, Item: Annotation, Text: Go to: OPTIONS > IMAGING > SEQUENCE and select this DOME_SAFETY_STARTUP_PA.json file as the STARTUP SEQUENCE TEMPLATE
2026-07-16T22:43:53.7190|INFO|MeridianFlipTrigger.cs|ShouldTrigger|296|Meridian Flip - (Side of Pier usage is disabled) There is still time remaining. Max remaining time 01:43:53.9804279, next instruction time 0, next instruction Category: Utilità, Item: Annotation, Text:      I also find setting COLLAPSE SEQUENCE TEMPLATES BY DEFAULT to ON is quite helpful.  (On the same options page)
2026-07-16T22:43:53.7193|INFO|SequenceItem.cs|Run|208|Starting Category: Utilità, Item: Annotation, Text:      I also find setting COLLAPSE SEQUENCE TEMPLATES BY DEFAULT to ON is quite helpful.  (On the same options page)
2026-07-16T22:43:53.7193|INFO|SequenceItem.cs|Run|254|Finishing Category: Utilità, Item: Annotation, Text:      I also find setting COLLAPSE SEQUENCE TEMPLATES BY DEFAULT to ON is quite helpful.  (On the same options page)
2026-07-16T22:43:53.7355|INFO|MeridianFlipTrigger.cs|ShouldTrigger|296|Meridian Flip - (Side of Pier usage is disabled) There is still time remaining. Max remaining time 01:43:53.9804279, next instruction time 0, next instruction Category: Utilità, Item: Annotation, Text: Any modification of this sequence as a Foundational Startup Template will need to be saved using the buttons at the bottom of this Advanced Sequencer Page below.
2026-07-16T22:43:53.7356|INFO|SequenceItem.cs|Run|208|Starting Category: Utilità, Item: Annotation, Text: Any modification of this sequence as a Foundational Startup Template will need to be saved using the buttons at the bottom of this Advanced Sequencer Page below.
2026-07-16T22:43:53.7357|INFO|SequenceItem.cs|Run|254|Finishing Category: Utilità, Item: Annotation, Text: Any modification of this sequence as a Foundational Startup Template will need to be saved using the buttons at the bottom of this Advanced Sequencer Page below.
2026-07-16T22:43:53.7358|INFO|MeridianFlipTrigger.cs|ShouldTrigger|296|Meridian Flip - (Side of Pier usage is disabled) There is still time remaining. Max remaining time 01:43:53.9804279, next instruction time 0, next instruction Category: Utilità, Item: Annotation, Text: The LOOP_ALL_NIGHT Sequence is a simple Loop until Nautical Dawn. Adjust as desired. This is an outer loop.
2026-07-16T22:43:53.7358|INFO|SequenceItem.cs|Run|208|Starting Category: Utilità, Item: Annotation, Text: The LOOP_ALL_NIGHT Sequence is a simple Loop until Nautical Dawn. Adjust as desired. This is an outer loop.
2026-07-16T22:43:53.7359|INFO|SequenceItem.cs|Run|254|Finishing Category: Utilità, Item: Annotation, Text: The LOOP_ALL_NIGHT Sequence is a simple Loop until Nautical Dawn. Adjust as desired. This is an outer loop.
2026-07-16T22:43:53.7359|INFO|MeridianFlipTrigger.cs|ShouldTrigger|296|Meridian Flip - (Side of Pier usage is disabled) There is still time remaining. Max remaining time 01:43:53.9804279, next instruction time 0, next instruction Category: Utilità, Item: Annotation, Text: The SAFE_LOOP Sequence runs while the System is Safe.
2026-07-16T22:43:53.7360|INFO|SequenceItem.cs|Run|208|Starting Category: Utilità, Item: Annotation, Text: The SAFE_LOOP Sequence runs while the System is Safe.
2026-07-16T22:43:53.7360|INFO|SequenceItem.cs|Run|254|Finishing Category: Utilità, Item: Annotation, Text: The SAFE_LOOP Sequence runs while the System is Safe.
2026-07-16T22:43:53.7360|INFO|MeridianFlipTrigger.cs|ShouldTrigger|296|Meridian Flip - (Side of Pier usage is disabled) There is still time remaining. Max remaining time 01:43:53.9804279, next instruction time 0, next instruction Category: Utilità, Item: Annotation, Text: The UNSAFE Sequence runs when the System is Unsafe and only proceeds back to SAFE_LOOP when it is once again deemed Safe.
2026-07-16T22:43:53.7361|INFO|SequenceItem.cs|Run|208|Starting Category: Utilità, Item: Annotation, Text: The UNSAFE Sequence runs when the System is Unsafe and only proceeds back to SAFE_LOOP when it is once again deemed Safe.
2026-07-16T22:43:53.7361|INFO|SequenceItem.cs|Run|254|Finishing Category: Utilità, Item: Annotation, Text: The UNSAFE Sequence runs when the System is Unsafe and only proceeds back to SAFE_LOOP when it is once again deemed Safe.
2026-07-16T22:43:53.7362|INFO|MeridianFlipTrigger.cs|ShouldTrigger|296|Meridian Flip - (Side of Pier usage is disabled) There is still time remaining. Max remaining time 01:43:53.9804279, next instruction time 0, next instruction Category: Utilità, Item: Annotation, Text: ..... ALL TARGETS should be placed within individual LOOP_ALL_NIGHT > SAFE_LOOP > TARGETS_CONTAINER > TARGET # containers below.....
2026-07-16T22:43:53.7362|INFO|SequenceItem.cs|Run|208|Starting Category: Utilità, Item: Annotation, Text: ..... ALL TARGETS should be placed within individual LOOP_ALL_NIGHT > SAFE_LOOP > TARGETS_CONTAINER > TARGET # containers below.....
2026-07-16T22:43:53.7363|INFO|SequenceItem.cs|Run|254|Finishing Category: Utilità, Item: Annotation, Text: ..... ALL TARGETS should be placed within individual LOOP_ALL_NIGHT > SAFE_LOOP > TARGETS_CONTAINER > TARGET # containers below.....
2026-07-16T22:43:53.7363|INFO|MeridianFlipTrigger.cs|ShouldTrigger|296|Meridian Flip - (Side of Pier usage is disabled) There is still time remaining. Max remaining time 01:43:53.9804279, next instruction time 0, next instruction Category: Utilità, Item: Annotation, Text: Each TARGET # Container should have a looping condition that is identical to the included target sequence.
2026-07-16T22:43:53.7364|INFO|SequenceItem.cs|Run|208|Starting Category: Utilità, Item: Annotation, Text: Each TARGET # Container should have a looping condition that is identical to the included target sequence.
2026-07-16T22:43:53.7364|INFO|SequenceItem.cs|Run|254|Finishing Category: Utilità, Item: Annotation, Text: Each TARGET # Container should have a looping condition that is identical to the included target sequence.
2026-07-16T22:43:53.7365|INFO|SequenceItem.cs|Run|254|Finishing Category: * Set di Istruzioni *, Container: NINA.Sequencer.Container.SequentialContainer, Strategy: SequentialStrategy, Items[FINISHED]: 10
2026-07-16T22:43:53.7366|INFO|MeridianFlipTrigger.cs|ShouldTrigger|296|Meridian Flip - (Side of Pier usage is disabled) There is still time remaining. Max remaining time 01:43:53.9804279, next instruction time 0, next instruction Category: * Set di Istruzioni *, Container: NINA.Sequencer.Container.SequentialContainer, Strategy: SequentialStrategy, Items[CREATED]: 2, Conditions: Condition: TimeCondition, Time: 4:35:12h, 
2026-07-16T22:43:53.7367|INFO|SequenceItem.cs|Run|208|Starting Category: * Set di Istruzioni *, Container: NINA.Sequencer.Container.SequentialContainer, Strategy: SequentialStrategy, Items[CREATED]: 2, Conditions: Condition: TimeCondition, Time: 4:35:12h, 
2026-07-16T22:43:53.7368|INFO|MeridianFlipTrigger.cs|ShouldTrigger|296|Meridian Flip - (Side of Pier usage is disabled) There is still time remaining. Max remaining time 01:43:53.9804279, next instruction time 0, next instruction Category: * Set di Istruzioni *, Container: NINA.Sequencer.Container.SequentialContainer, Strategy: SequentialStrategy, Items[CREATED]: 5, Conditions: Condition: SafetyMonitorCondition, 
2026-07-16T22:43:53.7369|INFO|SequenceItem.cs|Run|208|Starting Category: * Set di Istruzioni *, Container: NINA.Sequencer.Container.SequentialContainer, Strategy: SequentialStrategy, Items[CREATED]: 5, Conditions: Condition: SafetyMonitorCondition, 
2026-07-16T22:43:53.7371|INFO|MeridianFlipTrigger.cs|ShouldTrigger|296|Meridian Flip - (Side of Pier usage is disabled) There is still time remaining. Max remaining time 01:43:53.9804279, next instruction time 0, next instruction Category: * Set di Istruzioni *, Container: NINA.Sequencer.Container.SequentialContainer, Strategy: SequentialStrategy, Items[CREATED]: 7
2026-07-16T22:43:53.7371|INFO|SequenceItem.cs|Run|208|Starting Category: * Set di Istruzioni *, Container: NINA.Sequencer.Container.SequentialContainer, Strategy: SequentialStrategy, Items[CREATED]: 7
2026-07-16T22:43:53.7373|INFO|MeridianFlipTrigger.cs|ShouldTrigger|296|Meridian Flip - (Side of Pier usage is disabled) There is still time remaining. Max remaining time 01:43:53.9804279, next instruction time 0, next instruction Category: Utilità, Item: Annotation, Text: This brief sequence of instructions is required after returning to a Safe condifition from an Unsafe one. It will not negatively affect anything on its initial execution.
2026-07-16T22:43:53.7373|INFO|SequenceItem.cs|Run|208|Starting Category: Utilità, Item: Annotation, Text: This brief sequence of instructions is required after returning to a Safe condifition from an Unsafe one. It will not negatively affect anything on its initial execution.
2026-07-16T22:43:53.7373|INFO|SequenceItem.cs|Run|254|Finishing Category: Utilità, Item: Annotation, Text: This brief sequence of instructions is required after returning to a Safe condifition from an Unsafe one. It will not negatively affect anything on its initial execution.
2026-07-16T22:43:53.7374|INFO|MeridianFlipTrigger.cs|ShouldTrigger|296|Meridian Flip - (Side of Pier usage is disabled) There is still time remaining. Max remaining time 01:43:53.9804279, next instruction time 0, next instruction Category: Utilità, Item: Annotation, Text: The 5 minute wait here can be adjusted as desired. It is here to show 5 minutes of Safety prior to resetting the equipment.
2026-07-16T22:43:53.7375|INFO|SequenceItem.cs|Run|208|Starting Category: Utilità, Item: Annotation, Text: The 5 minute wait here can be adjusted as desired. It is here to show 5 minutes of Safety prior to resetting the equipment.
2026-07-16T22:43:53.7375|INFO|SequenceItem.cs|Run|254|Finishing Category: Utilità, Item: Annotation, Text: The 5 minute wait here can be adjusted as desired. It is here to show 5 minutes of Safety prior to resetting the equipment.
2026-07-16T22:43:53.7376|INFO|MeridianFlipTrigger.cs|ShouldTrigger|296|Meridian Flip - (Side of Pier usage is disabled) There is still time remaining. Max remaining time 01:43:53.9804279, next instruction time 300, next instruction Category: Utilità, Item: WaitForTimeSpan, Time: 300s
2026-07-16T22:43:53.7376|INFO|SequenceItem.cs|Run|208|Starting Category: Utilità, Item: WaitForTimeSpan, Time: 300s
2026-07-16T22:48:54.7668|INFO|SequenceItem.cs|Run|254|Finishing Category: Utilità, Item: WaitForTimeSpan, Time: 300s
2026-07-16T22:48:54.7674|INFO|MeridianFlipTrigger.cs|ShouldTrigger|296|Meridian Flip - (Side of Pier usage is disabled) There is still time remaining. Max remaining time 01:38:50.7276755, next instruction time 0, next instruction Category: Osservatorio, Item: OpenDomeShutter
2026-07-16T22:48:54.7675|INFO|SequenceItem.cs|Run|208|Starting Category: Osservatorio, Item: OpenDomeShutter
2026-07-16T22:48:54.7676|INFO|SequenceItem.cs|Run|254|Finishing Category: Osservatorio, Item: OpenDomeShutter
2026-07-16T22:48:54.7677|INFO|MeridianFlipTrigger.cs|ShouldTrigger|296|Meridian Flip - (Side of Pier usage is disabled) There is still time remaining. Max remaining time 01:38:50.7276755, next instruction time 0, next instruction Category: Telescopio, Item: UnparkScope
2026-07-16T22:48:54.7678|INFO|SequenceItem.cs|Run|208|Starting Category: Telescopio, Item: UnparkScope
2026-07-16T22:48:54.7678|INFO|TelescopeVM.cs|UnparkTelescope|232|Mount ordered to unpark
2026-07-16T22:48:54.7760|INFO|TelescopeVM.cs|UnparkTelescope|277|Mount is already unparked
2026-07-16T22:48:54.7761|INFO|TelescopeVM.cs|UnparkTelescope|282|Mount has unparked
2026-07-16T22:48:54.7761|INFO|SequenceItem.cs|Run|254|Finishing Category: Telescopio, Item: UnparkScope
2026-07-16T22:48:54.7779|INFO|MeridianFlipTrigger.cs|ShouldTrigger|296|Meridian Flip - (Side of Pier usage is disabled) There is still time remaining. Max remaining time 01:38:50.7276755, next instruction time 0, next instruction Category: Apparato per i Flat, Item: OpenCover
2026-07-16T22:48:54.7780|INFO|SequenceItem.cs|Run|208|Starting Category: Apparato per i Flat, Item: OpenCover
2026-07-16T22:48:54.7816|INFO|SequenceItem.cs|Run|254|Finishing Category: Apparato per i Flat, Item: OpenCover
2026-07-16T22:48:54.7819|INFO|MeridianFlipTrigger.cs|ShouldTrigger|296|Meridian Flip - (Side of Pier usage is disabled) There is still time remaining. Max remaining time 01:38:50.7276755, next instruction time 0, next instruction Category: Telescopio, Item: SetTracking, TrackingMode: Sidereal
2026-07-16T22:48:54.7820|INFO|SequenceItem.cs|Run|208|Starting Category: Telescopio, Item: SetTracking, TrackingMode: Sidereal
2026-07-16T22:48:54.7969|INFO|SequenceItem.cs|Run|254|Finishing Category: Telescopio, Item: SetTracking, TrackingMode: Sidereal
2026-07-16T22:48:54.7973|INFO|SequenceItem.cs|Run|254|Finishing Category: * Set di Istruzioni *, Container: NINA.Sequencer.Container.SequentialContainer, Strategy: SequentialStrategy, Items[FINISHED]: 7
2026-07-16T22:48:54.7975|INFO|MeridianFlipTrigger.cs|ShouldTrigger|296|Meridian Flip - (Side of Pier usage is disabled) There is still time remaining. Max remaining time 01:38:50.7276755, next instruction time 0, next instruction Category: * Set di Istruzioni *, Container: NINA.Sequencer.Container.SequentialContainer, Strategy: SequentialStrategy, Items[CREATED]: 2
2026-07-16T22:48:54.7976|INFO|SequenceItem.cs|Run|208|Starting Category: * Set di Istruzioni *, Container: NINA.Sequencer.Container.SequentialContainer, Strategy: SequentialStrategy, Items[CREATED]: 2
2026-07-16T22:48:54.7977|INFO|MeridianFlipTrigger.cs|ShouldTrigger|296|Meridian Flip - (Side of Pier usage is disabled) There is still time remaining. Max remaining time 01:38:50.7276755, next instruction time 0, next instruction Category: Utilità, Item: Annotation, Text: BE SURE TO MATCH EACH TARGET CONTAINER LOOP CONDITION TO THE NESTED TARGET SEQUENCE LOOP CONDITION
2026-07-16T22:48:54.7978|INFO|SequenceItem.cs|Run|208|Starting Category: Utilità, Item: Annotation, Text: BE SURE TO MATCH EACH TARGET CONTAINER LOOP CONDITION TO THE NESTED TARGET SEQUENCE LOOP CONDITION
2026-07-16T22:48:54.7978|INFO|SequenceItem.cs|Run|254|Finishing Category: Utilità, Item: Annotation, Text: BE SURE TO MATCH EACH TARGET CONTAINER LOOP CONDITION TO THE NESTED TARGET SEQUENCE LOOP CONDITION
2026-07-16T22:48:54.7979|INFO|MeridianFlipTrigger.cs|ShouldTrigger|296|Meridian Flip - (Side of Pier usage is disabled) There is still time remaining. Max remaining time 01:38:50.7276755, next instruction time 0, next instruction Category: * Set di Istruzioni *, Container: NINA.Sequencer.Container.SequentialContainer, Strategy: SequentialStrategy, Items[CREATED]: 3, Conditions: Condition: TimeCondition, Time: 4:35:12h, 
2026-07-16T22:48:54.7983|INFO|SequenceItem.cs|Run|208|Starting Category: * Set di Istruzioni *, Container: NINA.Sequencer.Container.SequentialContainer, Strategy: SequentialStrategy, Items[CREATED]: 3, Conditions: Condition: TimeCondition, Time: 4:35:12h, 
2026-07-16T22:48:54.7985|INFO|MeridianFlipTrigger.cs|ShouldTrigger|296|Meridian Flip - (Side of Pier usage is disabled) There is still time remaining. Max remaining time 01:38:50.7276755, next instruction time 0, next instruction Category: Utilità, Item: Annotation, Text: PLACE YOUR ...FIRST... TARGET SEQUENCE OF THE NIGHT ...BELOW... THIS LINE
2026-07-16T22:48:54.7986|INFO|SequenceItem.cs|Run|208|Starting Category: Utilità, Item: Annotation, Text: PLACE YOUR ...FIRST... TARGET SEQUENCE OF THE NIGHT ...BELOW... THIS LINE
2026-07-16T22:48:54.7986|INFO|SequenceItem.cs|Run|254|Finishing Category: Utilità, Item: Annotation, Text: PLACE YOUR ...FIRST... TARGET SEQUENCE OF THE NIGHT ...BELOW... THIS LINE
2026-07-16T22:48:54.7988|INFO|MeridianFlipTrigger.cs|ShouldTrigger|296|Meridian Flip - (Side of Pier usage is disabled) There is still time remaining. Max remaining time 01:38:50.7276755, next instruction time 0, next instruction Category: Utilità, Item: Annotation, Text: PLACE YOUR ...FIRST... TARGET SEQUENCE OF THE NIGHT ...ABOVE... THIS LINE
2026-07-16T22:48:54.7989|INFO|SequenceItem.cs|Run|208|Starting Category: Utilità, Item: Annotation, Text: PLACE YOUR ...FIRST... TARGET SEQUENCE OF THE NIGHT ...ABOVE... THIS LINE
2026-07-16T22:48:54.7989|INFO|SequenceItem.cs|Run|254|Finishing Category: Utilità, Item: Annotation, Text: PLACE YOUR ...FIRST... TARGET SEQUENCE OF THE NIGHT ...ABOVE... THIS LINE
2026-07-16T22:48:54.7994|INFO|MeridianFlipTrigger.cs|ShouldTrigger|296|Meridian Flip - (Side of Pier usage is disabled) There is still time remaining. Max remaining time 01:38:50.7276755, next instruction time 0, next instruction Category: * Set di Istruzioni *, Container: NINA.Sequencer.Container.DeepSkyObjectContainer, Strategy: SequentialStrategy, Items[CREATED]: 4, Triggers: Trigger: CenterAfterDriftTrigger, DistanceArcMinutes: 3, Target: LDN 1320 RA: 04:15:12; Dec: 85° 37' 59"; Epoch: J2000 276.95
2026-07-16T22:48:54.7997|INFO|SequenceItem.cs|Run|208|Starting Category: * Set di Istruzioni *, Container: NINA.Sequencer.Container.DeepSkyObjectContainer, Strategy: SequentialStrategy, Items[CREATED]: 4, Triggers: Trigger: CenterAfterDriftTrigger, DistanceArcMinutes: 3, Target: LDN 1320 RA: 04:15:12; Dec: 85° 37' 59"; Epoch: J2000 276.95
2026-07-16T22:48:54.8001|INFO|MeridianFlipTrigger.cs|ShouldTrigger|296|Meridian Flip - (Side of Pier usage is disabled) There is still time remaining. Max remaining time 01:38:50.7276755, next instruction time 0, next instruction Category: Telescopio, Item: Center, Coordinates RA: 04:15:12; Dec: 85° 37' 59"; Epoch: J2000
2026-07-16T22:48:54.8002|INFO|SequenceItem.cs|Run|208|Starting Category: Telescopio, Item: Center, Coordinates RA: 04:15:12; Dec: 85° 37' 59"; Epoch: J2000
2026-07-16T22:48:55.3704|INFO|PHD2Guider.cs|StopGuiding|704|Phd2 - Stop Guiding skipped, as the app is already in state Stopped
2026-07-16T22:48:55.5029|INFO|TelescopeVM.cs|SlewAsyncInternal|910|Slewing from RA: 18:54:48; Dec: 39° 28' 37"; Epoch: JNOW to RA: 04:23:26; Dec: 85° 41' 39"; Epoch: JNOW - Alt: 38° 16' 20"; Az: 01° 11' 58"
2026-07-16T22:49:56.7133|INFO|CameraVM.cs|Capture|742|Starting Exposure - Exposure Time: 10s; Filter: ; Gain: 100; Offset 99; Binning: 1x1;
2026-07-16T22:50:12.5673|INFO|ImageSolver.cs|Solve|41|Platesolving with parameters: FocalLength: 760 PixelSize: 4.63 SearchRadius: 30 BlindFailoverEnabled: True Regions: 5000 DownSampleFactor: 2 MaxObjects: 500 Reference Coordinates RA: 04:15:12 Dec: 85° 37' 59" Epoch: J2000
2026-07-16T22:50:13.1311|INFO|BaseImageData.cs|SaveToDisk|346|Saved image to C:\Users\PrimaLuceLab\AppData\Local\NINA\PlateSolver\ttfgr2tb.fsw.fits
2026-07-16T22:50:15.1139|INFO|ImageSolver.cs|Solve|54|Platesolve successful: Coordinates: RA: 04:49:12; Dec: 85° 36' 40"; Epoch: J2000 - Position Angle: 272.43460148626025
2026-07-16T22:50:15.1199|INFO|CenteringSolver.cs|Center|99|Centering Solver - Scope Position: RA: 04:23:26; Dec: 85° 41' 39"; Epoch: JNOW; Offset: RA: 00:00:00; Dec: 00° 00' 00"; Distance: 00° 00' 00"; Bearing: 00° 00' 00"; Centering Coordinates: RA: 04:23:26; Dec: 85° 41' 39"; Epoch: JNOW; Solved: RA: 04:57:46; Dec: 85° 39' 08"; Epoch: JNOW; Separation RA: -00:34:21; Dec: 00° 02' 31"; Distance: 00° 38' 55"; Bearing: -89° 25' 06"; Threshold: 1
2026-07-16T22:50:15.5578|INFO|TelescopeVM.cs|Sync|777|Syncing scope from RA: 04:23:26; Dec: 85° 41' 39"; Epoch: JNOW to RA: 04:57:46; Dec: 85° 39' 08"; Epoch: JNOW
2026-07-16T22:50:20.5634|INFO|CenteringSolver.cs|Center|132|Slewing to target after sync. Current Position: RA: 04:57:46; Dec: 85° 39' 08"; Epoch: JNOW; Target coordinates: RA: 04:23:26; Dec: 85° 41' 39"; Epoch: JNOW; Offset RA: 00:00:00; Dec: 00° 00' 00"; Distance: 00° 00' 00"; Bearing: 00° 00' 00"
2026-07-16T22:50:20.5935|INFO|TelescopeVM.cs|SlewAsyncInternal|910|Slewing from RA: 04:57:46; Dec: 85° 39' 08"; Epoch: JNOW to RA: 04:23:26; Dec: 85° 41' 39"; Epoch: JNOW - Alt: 38° 16' 40"; Az: 01° 13' 58"
2026-07-16T22:50:33.0499|INFO|CameraVM.cs|Capture|742|Starting Exposure - Exposure Time: 10s; Filter: ; Gain: 100; Offset 99; Binning: 1x1;
2026-07-16T22:50:49.1742|INFO|ImageSolver.cs|Solve|41|Platesolving with parameters: FocalLength: 760 PixelSize: 4.63 SearchRadius: 30 BlindFailoverEnabled: True Regions: 5000 DownSampleFactor: 2 MaxObjects: 500 Reference Coordinates RA: 04:15:12 Dec: 85° 37' 59" Epoch: J2000
2026-07-16T22:50:49.7195|INFO|BaseImageData.cs|SaveToDisk|346|Saved image to C:\Users\PrimaLuceLab\AppData\Local\NINA\PlateSolver\v1snvat4.zou.fits
2026-07-16T22:50:51.7783|INFO|ImageSolver.cs|Solve|54|Platesolve successful: Coordinates: RA: 04:16:35; Dec: 85° 37' 16"; Epoch: J2000 - Position Angle: 272.7532404412043
2026-07-16T22:50:51.8116|INFO|CenteringSolver.cs|Center|99|Centering Solver - Scope Position: RA: 04:23:26; Dec: 85° 41' 39"; Epoch: JNOW; Offset: RA: 00:00:00; Dec: 00° 00' 00"; Distance: 00° 00' 00"; Bearing: 00° 00' 00"; Centering Coordinates: RA: 04:23:26; Dec: 85° 41' 39"; Epoch: JNOW; Solved: RA: 04:24:49; Dec: 85° 40' 54"; Epoch: JNOW; Separation RA: -00:01:23; Dec: 00° 00' 45"; Distance: 00° 01' 44"; Bearing: -115° 26' 56"; Threshold: 1
2026-07-16T22:50:52.2230|INFO|TelescopeVM.cs|Sync|777|Syncing scope from RA: 04:23:26; Dec: 85° 41' 39"; Epoch: JNOW to RA: 04:24:49; Dec: 85° 40' 54"; Epoch: JNOW
2026-07-16T22:50:57.2242|INFO|CenteringSolver.cs|Center|132|Slewing to target after sync. Current Position: RA: 04:24:49; Dec: 85° 40' 54"; Epoch: JNOW; Target coordinates: RA: 04:23:26; Dec: 85° 41' 39"; Epoch: JNOW; Offset RA: 00:00:00; Dec: 00° 00' 00"; Distance: 00° 00' 00"; Bearing: 00° 00' 00"
2026-07-16T22:50:57.2882|INFO|TelescopeVM.cs|SlewAsyncInternal|910|Slewing from RA: 04:24:49; Dec: 85° 40' 54"; Epoch: JNOW to RA: 04:23:26; Dec: 85° 41' 39"; Epoch: JNOW - Alt: 38° 16' 49"; Az: 01° 14' 49"
2026-07-16T22:51:07.5512|INFO|CameraVM.cs|Capture|742|Starting Exposure - Exposure Time: 10s; Filter: ; Gain: 100; Offset 99; Binning: 1x1;
2026-07-16T22:51:23.6769|INFO|ImageSolver.cs|Solve|41|Platesolving with parameters: FocalLength: 760 PixelSize: 4.63 SearchRadius: 30 BlindFailoverEnabled: True Regions: 5000 DownSampleFactor: 2 MaxObjects: 500 Reference Coordinates RA: 04:15:12 Dec: 85° 37' 59" Epoch: J2000
2026-07-16T22:51:24.2959|INFO|BaseImageData.cs|SaveToDisk|346|Saved image to C:\Users\PrimaLuceLab\AppData\Local\NINA\PlateSolver\4xovvyqb.y4s.fits
2026-07-16T22:51:26.3815|INFO|ImageSolver.cs|Solve|54|Platesolve successful: Coordinates: RA: 04:15:21; Dec: 85° 37' 56"; Epoch: J2000 - Position Angle: 272.75981952620486
2026-07-16T22:51:26.3836|INFO|CenteringSolver.cs|Center|99|Centering Solver - Scope Position: RA: 04:23:26; Dec: 85° 41' 39"; Epoch: JNOW; Offset: RA: 00:00:00; Dec: 00° 00' 00"; Distance: 00° 00' 00"; Bearing: 00° 00' 00"; Centering Coordinates: RA: 04:23:26; Dec: 85° 41' 39"; Epoch: JNOW; Solved: RA: 04:23:35; Dec: 85° 41' 36"; Epoch: JNOW; Separation RA: -00:00:09; Dec: 00° 00' 03"; Distance: 00° 00' 11"; Bearing: -104° 09' 19"; Threshold: 1
2026-07-16T22:51:26.3845|INFO|SequenceItem.cs|Run|254|Finishing Category: Telescopio, Item: Center, Coordinates RA: 04:15:12; Dec: 85° 37' 59"; Epoch: J2000
2026-07-16T22:51:26.3963|INFO|MeridianFlipTrigger.cs|ShouldTrigger|296|Meridian Flip - (Side of Pier usage is disabled) There is still time remaining. Max remaining time 11:04:55.7506623, next instruction time 0, next instruction Category: Guida, Item: StartGuiding
2026-07-16T22:51:26.3966|INFO|SequenceItem.cs|Run|208|Starting Category: Guida, Item: StartGuiding
2026-07-16T22:51:26.5374|INFO|PHD2Guider.cs|TryStartGuideCommand|641|Phd2 - Requesting to start guiding. Recalibrate: False
2026-07-16T22:51:49.2416|INFO|SequenceItem.cs|Run|254|Finishing Category: Guida, Item: StartGuiding
2026-07-16T22:51:49.2420|INFO|MeridianFlipTrigger.cs|ShouldTrigger|296|Meridian Flip - (Side of Pier usage is disabled) There is still time remaining. Max remaining time 11:04:32.0774166, next instruction time 300, next instruction Category: Utilità, Item: WaitForTimeSpan, Time: 300s
2026-07-16T22:51:49.2420|INFO|SequenceItem.cs|Run|208|Starting Category: Utilità, Item: WaitForTimeSpan, Time: 300s
2026-07-16T22:56:53.7495|INFO|SequenceItem.cs|Run|254|Finishing Category: Utilità, Item: WaitForTimeSpan, Time: 300s
2026-07-16T22:56:53.7937|INFO|MeridianFlipTrigger.cs|ShouldTrigger|296|Meridian Flip - (Side of Pier usage is disabled) There is still time remaining. Max remaining time 10:59:19.6603626, next instruction time 600, next instruction Category: Fotocamera, Container: NINA.Sequencer.SequenceItem.Imaging.SmartExposure, Strategy: SequentialStrategy, Items[CREATED]: 2, Conditions: Condition: LoopCondition, Iterations: 0/45, , Triggers: Trigger: DitherAfterExposures, After Exposures: 1
2026-07-16T22:56:53.7941|INFO|SequenceItem.cs|Run|208|Starting Category: Fotocamera, Container: NINA.Sequencer.SequenceItem.Imaging.SmartExposure, Strategy: SequentialStrategy, Items[CREATED]: 2, Conditions: Condition: LoopCondition, Iterations: 0/45, , Triggers: Trigger: DitherAfterExposures, After Exposures: 1
2026-07-16T22:56:53.7962|INFO|MeridianFlipTrigger.cs|ShouldTrigger|296|Meridian Flip - (Side of Pier usage is disabled) There is still time remaining. Max remaining time 10:59:19.6603626, next instruction time 0, next instruction Category: Ruota porta filtri, Item: SwitchFilter, Filter: LPRO
2026-07-16T22:56:53.7963|INFO|SequenceItem.cs|Run|208|Starting Category: Ruota porta filtri, Item: SwitchFilter, Filter: LPRO
2026-07-16T22:56:53.7970|INFO|SequenceItem.cs|Run|254|Finishing Category: Ruota porta filtri, Item: SwitchFilter, Filter: LPRO
2026-07-16T22:56:53.7982|INFO|MeridianFlipTrigger.cs|ShouldTrigger|296|Meridian Flip - (Side of Pier usage is disabled) There is still time remaining. Max remaining time 10:59:19.6603626, next instruction time 600, next instruction Category: Fotocamera, Item: TakeExposure, ExposureTime 600, Gain 910, Offset 99, ImageType LIGHT, Binning 1x1
2026-07-16T22:56:53.8004|INFO|SequenceTrigger.cs|Run|114|Starting Trigger: RestoreGuiding
2026-07-16T22:56:53.8012|INFO|SequenceItem.cs|Run|208|Starting Category: * Set di Istruzioni *, Container: NINA.Sequencer.Container.SequentialContainer, Strategy: SequentialStrategy, Items[CREATED]: 1
2026-07-16T22:56:53.8014|INFO|SequenceItem.cs|Run|208|Starting Category: Guida, Item: StartGuiding
2026-07-16T22:56:53.8335|INFO|PHD2Guider.cs|StartGuidingPrivate|504|Phd2 - App is already guiding. Skipping start guiding
2026-07-16T22:56:53.8336|INFO|SequenceItem.cs|Run|254|Finishing Category: Guida, Item: StartGuiding
2026-07-16T22:56:53.8338|INFO|SequenceItem.cs|Run|254|Finishing Category: * Set di Istruzioni *, Container: NINA.Sequencer.Container.SequentialContainer, Strategy: SequentialStrategy, Items[FINISHED]: 1
2026-07-16T22:56:53.8430|INFO|SequenceItem.cs|Run|208|Starting Category: Fotocamera, Item: TakeExposure, ExposureTime 600, Gain 910, Offset 99, ImageType LIGHT, Binning 1x1
2026-07-16T22:56:53.8632|INFO|CameraVM.cs|Capture|742|Starting Exposure - Exposure Time: 600s; Filter: ; Gain: 910; Offset 99; Binning: 1x1;
2026-07-16T23:05:18.3024|WARNING|DeviceUpdateTimer.cs|Run|115|Mount value update cycle took longer than the device poll interval (Total: 2.45s > 2s; Poll: 00:00:02.4059327; Update: 00:00:00.0436671)
2026-07-16T23:06:54.3313|INFO|SequenceItem.cs|Run|254|Finishing Category: Fotocamera, Item: TakeExposure, ExposureTime 600, Gain 910, Offset 99, ImageType LIGHT, Binning 1x1
2026-07-16T23:06:54.3347|INFO|MeridianFlipTrigger.cs|ShouldTrigger|296|Meridian Flip - (Side of Pier usage is disabled) There is still time remaining. Max remaining time 10:48:57.3566760, next instruction time 0, next instruction Category: Ruota porta filtri, Item: SwitchFilter, Filter: LPRO
2026-07-16T23:06:54.3348|INFO|SequenceItem.cs|Run|208|Starting Category: Ruota porta filtri, Item: SwitchFilter, Filter: LPRO
2026-07-16T23:06:54.3355|INFO|SequenceItem.cs|Run|254|Finishing Category: Ruota porta filtri, Item: SwitchFilter, Filter: LPRO
2026-07-16T23:06:54.3412|INFO|SequenceTrigger.cs|Run|114|Starting Trigger: DitherAfterExposures, After Exposures: 1
2026-07-16T23:06:54.3421|INFO|SequenceItem.cs|Run|208|Starting Category: * Set di Istruzioni *, Container: NINA.Sequencer.Container.SequentialContainer, Strategy: SequentialStrategy, Items[CREATED]: 1
2026-07-16T23:06:54.3427|INFO|SequenceItem.cs|Run|208|Starting Category: Guida, Item: Dither
2026-07-16T23:07:08.0912|INFO|HocusFocusStarDetection.cs|Detect|413|Average HFR: 2.529028116511678, HFR MAD: 0.2453990221179403, Detected Stars 361, Region: 0
2026-07-16T23:07:09.7551|INFO|BaseImageData.cs|SaveToDisk|346|Saved image to D:\Images NINA\Target\LIGHT_1x1_600.00s_910_99_LDN 1320_Skywatcher quattro 200p__-9.40C_LPRO_0133_2026-07-16_22-56-53_FWHM_6.37_Fok_115507.xisf
2026-07-16T23:07:09.7555|INFO|ImageSaveController.cs|DoWork|97|Successfully saved file at D:\Images NINA\Target\LIGHT_1x1_600.00s_910_99_LDN 1320_Skywatcher quattro 200p__-9.40C_LPRO_0133_2026-07-16_22-56-53_FWHM_6.37_Fok_115507.xisf. Duration Total: 00:00:14.8530759; BeforeSave: 00:00:00.0038711; BeforeFinalizeImageSaved: 00:00:14.1134046; FinalizeSaveTime: 00:00:00.7357994
2026-07-16T23:07:39.2168|ERROR|PHD2Guider.cs|ProcessEvent|937|PHD2 error:timed-out waiting for guider to settle
2026-07-16T23:07:39.3834|INFO|SequenceItem.cs|Run|254|Finishing Category: Guida, Item: Dither
2026-07-16T23:07:39.3837|INFO|SequenceItem.cs|Run|254|Finishing Category: * Set di Istruzioni *, Container: NINA.Sequencer.Container.SequentialContainer, Strategy: SequentialStrategy, Items[FINISHED]: 1
2026-07-16T23:07:39.3839|INFO|MeridianFlipTrigger.cs|ShouldTrigger|296|Meridian Flip - (Side of Pier usage is disabled) There is still time remaining. Max remaining time 10:47:54.6445520, next instruction time 600, next instruction Category: Fotocamera, Item: TakeExposure, ExposureTime 600, Gain 910, Offset 99, ImageType LIGHT, Binning 1x1
2026-07-16T23:07:39.3841|INFO|SequenceTrigger.cs|Run|114|Starting Trigger: RestoreGuiding
2026-07-16T23:07:39.3842|INFO|SequenceItem.cs|Run|208|Starting Category: * Set di Istruzioni *, Container: NINA.Sequencer.Container.SequentialContainer, Strategy: SequentialStrategy, Items[CREATED]: 1
2026-07-16T23:07:39.3842|INFO|SequenceItem.cs|Run|208|Starting Category: Guida, Item: StartGuiding
2026-07-16T23:07:39.4210|INFO|PHD2Guider.cs|StartGuidingPrivate|504|Phd2 - App is already guiding. Skipping start guiding
2026-07-16T23:07:39.4211|INFO|SequenceItem.cs|Run|254|Finishing Category: Guida, Item: StartGuiding
2026-07-16T23:07:39.4214|INFO|SequenceItem.cs|Run|254|Finishing Category: * Set di Istruzioni *, Container: NINA.Sequencer.Container.SequentialContainer, Strategy: SequentialStrategy, Items[FINISHED]: 1
2026-07-16T23:07:39.4232|INFO|SequenceItem.cs|Run|208|Starting Category: Fotocamera, Item: TakeExposure, ExposureTime 600, Gain 910, Offset 99, ImageType LIGHT, Binning 1x1
2026-07-16T23:07:39.4241|INFO|CameraVM.cs|Capture|742|Starting Exposure - Exposure Time: 600s; Filter: ; Gain: 910; Offset 99; Binning: 1x1;
2026-07-16T23:17:39.6478|INFO|SequenceItem.cs|Run|254|Finishing Category: Fotocamera, Item: TakeExposure, ExposureTime 600, Gain 910, Offset 99, ImageType LIGHT, Binning 1x1
2026-07-16T23:17:39.6484|INFO|MeridianFlipTrigger.cs|ShouldTrigger|296|Meridian Flip - (Side of Pier usage is disabled) There is still time remaining. Max remaining time 10:37:33.9070937, next instruction time 0, next instruction Category: Ruota porta filtri, Item: SwitchFilter, Filter: LPRO
2026-07-16T23:17:39.6484|INFO|SequenceItem.cs|Run|208|Starting Category: Ruota porta filtri, Item: SwitchFilter, Filter: LPRO
2026-07-16T23:17:39.6513|INFO|SequenceItem.cs|Run|254|Finishing Category: Ruota porta filtri, Item: SwitchFilter, Filter: LPRO
2026-07-16T23:17:39.6518|INFO|SequenceTrigger.cs|Run|114|Starting Trigger: DitherAfterExposures, After Exposures: 1
2026-07-16T23:17:39.6519|INFO|SequenceItem.cs|Run|208|Starting Category: * Set di Istruzioni *, Container: NINA.Sequencer.Container.SequentialContainer, Strategy: SequentialStrategy, Items[CREATED]: 1
2026-07-16T23:17:39.6519|INFO|SequenceItem.cs|Run|208|Starting Category: Guida, Item: Dither
2026-07-16T23:17:43.9395|WARNING|DeviceUpdateTimer.cs|Run|115|Mount value update cycle took longer than the device poll interval (Total: 4.08s > 2s; Poll: 00:00:04.0826459; Update: 00:00:00.0002915)
2026-07-16T23:17:52.7906|INFO|HocusFocusStarDetection.cs|Detect|413|Average HFR: 2.5434115438822134, HFR MAD: 0.2563858762050857, Detected Stars 411, Region: 0
2026-07-16T23:17:53.4231|INFO|BaseImageData.cs|SaveToDisk|346|Saved image to D:\Images NINA\Target\LIGHT_1x1_600.00s_910_99_LDN 1320_Skywatcher quattro 200p__-9.50C_LPRO_0134_2026-07-16_23-07-39_FWHM_6.37_Fok_115507.xisf
2026-07-16T23:17:53.4232|INFO|ImageSaveController.cs|DoWork|97|Successfully saved file at D:\Images NINA\Target\LIGHT_1x1_600.00s_910_99_LDN 1320_Skywatcher quattro 200p__-9.50C_LPRO_0134_2026-07-16_23-07-39_FWHM_6.37_Fok_115507.xisf. Duration Total: 00:00:12.8008505; BeforeSave: 00:00:00.0001591; BeforeFinalizeImageSaved: 00:00:12.6479198; FinalizeSaveTime: 00:00:00.1527709
2026-07-16T23:18:11.9139|INFO|SequenceItem.cs|Run|254|Finishing Category: Guida, Item: Dither
2026-07-16T23:18:11.9150|INFO|SequenceItem.cs|Run|254|Finishing Category: * Set di Istruzioni *, Container: NINA.Sequencer.Container.SequentialContainer, Strategy: SequentialStrategy, Items[FINISHED]: 1
2026-07-16T23:18:11.9159|INFO|MeridianFlipTrigger.cs|ShouldTrigger|296|Meridian Flip - (Side of Pier usage is disabled) There is still time remaining. Max remaining time 10:36:42.2979585, next instruction time 600, next instruction Category: Fotocamera, Item: TakeExposure, ExposureTime 600, Gain 910, Offset 99, ImageType LIGHT, Binning 1x1
2026-07-16T23:18:11.9160|INFO|SequenceTrigger.cs|Run|114|Starting Trigger: RestoreGuiding
2026-07-16T23:18:11.9161|INFO|SequenceItem.cs|Run|208|Starting Category: * Set di Istruzioni *, Container: NINA.Sequencer.Container.SequentialContainer, Strategy: SequentialStrategy, Items[CREATED]: 1
2026-07-16T23:18:11.9163|INFO|SequenceItem.cs|Run|208|Starting Category: Guida, Item: StartGuiding
2026-07-16T23:18:11.9506|INFO|PHD2Guider.cs|StartGuidingPrivate|504|Phd2 - App is already guiding. Skipping start guiding
2026-07-16T23:18:11.9508|INFO|SequenceItem.cs|Run|254|Finishing Category: Guida, Item: StartGuiding
2026-07-16T23:18:11.9509|INFO|SequenceItem.cs|Run|254|Finishing Category: * Set di Istruzioni *, Container: NINA.Sequencer.Container.SequentialContainer, Strategy: SequentialStrategy, Items[FINISHED]: 1
2026-07-16T23:18:11.9518|INFO|SequenceItem.cs|Run|208|Starting Category: Fotocamera, Item: TakeExposure, ExposureTime 600, Gain 910, Offset 99, ImageType LIGHT, Binning 1x1
2026-07-16T23:18:11.9524|INFO|CameraVM.cs|Capture|742|Starting Exposure - Exposure Time: 600s; Filter: ; Gain: 910; Offset 99; Binning: 1x1;
2026-07-16T23:28:12.2796|INFO|SequenceItem.cs|Run|254|Finishing Category: Fotocamera, Item: TakeExposure, ExposureTime 600, Gain 910, Offset 99, ImageType LIGHT, Binning 1x1
2026-07-16T23:28:12.2820|INFO|MeridianFlipTrigger.cs|ShouldTrigger|296|Meridian Flip - (Side of Pier usage is disabled) There is still time remaining. Max remaining time 10:26:24.7112840, next instruction time 0, next instruction Category: Ruota porta filtri, Item: SwitchFilter, Filter: LPRO
2026-07-16T23:28:12.2821|INFO|SequenceItem.cs|Run|208|Starting Category: Ruota porta filtri, Item: SwitchFilter, Filter: LPRO
2026-07-16T23:28:12.2830|INFO|SequenceItem.cs|Run|254|Finishing Category: Ruota porta filtri, Item: SwitchFilter, Filter: LPRO
2026-07-16T23:28:12.2833|INFO|SequenceTrigger.cs|Run|114|Starting Trigger: DitherAfterExposures, After Exposures: 1
2026-07-16T23:28:12.2834|INFO|SequenceItem.cs|Run|208|Starting Category: * Set di Istruzioni *, Container: NINA.Sequencer.Container.SequentialContainer, Strategy: SequentialStrategy, Items[CREATED]: 1
2026-07-16T23:28:12.2834|INFO|SequenceItem.cs|Run|208|Starting Category: Guida, Item: Dither
2026-07-16T23:28:12.8253|INFO|ImageSolver.cs|Solve|41|Platesolving with parameters: FocalLength: 760 PixelSize: 4.63 SearchRadius: 30 BlindFailoverEnabled: True Regions: 5000 DownSampleFactor: 2 MaxObjects: 500 Reference Coordinates RA: 04:13:33 Dec: 85° 37' 46" Epoch: J2000
2026-07-16T23:28:13.4146|INFO|BaseImageData.cs|SaveToDisk|346|Saved image to C:\Users\PrimaLuceLab\AppData\Local\NINA\PlateSolver\i0eoj1bl.qyn.fits
2026-07-16T23:28:16.5887|WARNING|DeviceUpdateTimer.cs|Run|115|Mount value update cycle took longer than the device poll interval (Total: 4.76s > 2s; Poll: 00:00:04.7167721; Update: 00:00:00.0428291)
2026-07-16T23:28:21.4489|INFO|ImageSolver.cs|Solve|54|Platesolve successful: Coordinates: RA: 04:14:57; Dec: 85° 37' 21"; Epoch: J2000 - Position Angle: 273.02749697148624
2026-07-16T23:28:21.4499|INFO|CenterAfterDriftTrigger.cs|PlatesolvingImageFollower_PropertyChanged|189|Drift: 0.6940830273204409 / 3 arc minutes
2026-07-16T23:28:25.9238|INFO|HocusFocusStarDetection.cs|Detect|413|Average HFR: 2.6007282169940407, HFR MAD: 0.25827876189319454, Detected Stars 329, Region: 0
2026-07-16T23:28:26.5706|INFO|BaseImageData.cs|SaveToDisk|346|Saved image to D:\Images NINA\Target\LIGHT_1x1_600.00s_910_99_LDN 1320_Skywatcher quattro 200p__-9.60C_LPRO_0135_2026-07-16_23-18-11_FWHM_6.32_Fok_115507.xisf
2026-07-16T23:28:26.5707|INFO|ImageSaveController.cs|DoWork|97|Successfully saved file at D:\Images NINA\Target\LIGHT_1x1_600.00s_910_99_LDN 1320_Skywatcher quattro 200p__-9.60C_LPRO_0135_2026-07-16_23-18-11_FWHM_6.32_Fok_115507.xisf. Duration Total: 00:00:13.7484489; BeforeSave: 00:00:00.0000880; BeforeFinalizeImageSaved: 00:00:13.5958771; FinalizeSaveTime: 00:00:00.1524831
2026-07-16T23:28:27.9862|INFO|SequenceItem.cs|Run|254|Finishing Category: Guida, Item: Dither
2026-07-16T23:28:27.9865|INFO|SequenceItem.cs|Run|254|Finishing Category: * Set di Istruzioni *, Container: NINA.Sequencer.Container.SequentialContainer, Strategy: SequentialStrategy, Items[FINISHED]: 1
2026-07-16T23:28:27.9867|INFO|MeridianFlipTrigger.cs|ShouldTrigger|296|Meridian Flip - (Side of Pier usage is disabled) There is still time remaining. Max remaining time 10:26:08.5620425, next instruction time 600, next instruction Category: Fotocamera, Item: TakeExposure, ExposureTime 600, Gain 910, Offset 99, ImageType LIGHT, Binning 1x1
2026-07-16T23:28:27.9867|INFO|SequenceTrigger.cs|Run|114|Starting Trigger: RestoreGuiding
2026-07-16T23:28:27.9868|INFO|SequenceItem.cs|Run|208|Starting Category: * Set di Istruzioni *, Container: NINA.Sequencer.Container.SequentialContainer, Strategy: SequentialStrategy, Items[CREATED]: 1
2026-07-16T23:28:27.9868|INFO|SequenceItem.cs|Run|208|Starting Category: Guida, Item: StartGuiding
2026-07-16T23:28:28.0121|INFO|PHD2Guider.cs|StartGuidingPrivate|504|Phd2 - App is already guiding. Skipping start guiding
2026-07-16T23:28:28.0122|INFO|SequenceItem.cs|Run|254|Finishing Category: Guida, Item: StartGuiding
2026-07-16T23:28:28.0123|INFO|SequenceItem.cs|Run|254|Finishing Category: * Set di Istruzioni *, Container: NINA.Sequencer.Container.SequentialContainer, Strategy: SequentialStrategy, Items[FINISHED]: 1
2026-07-16T23:28:28.0544|INFO|SequenceItem.cs|Run|208|Starting Category: Fotocamera, Item: TakeExposure, ExposureTime 600, Gain 910, Offset 99, ImageType LIGHT, Binning 1x1
2026-07-16T23:28:28.0548|INFO|CameraVM.cs|Capture|742|Starting Exposure - Exposure Time: 600s; Filter: ; Gain: 910; Offset 99; Binning: 1x1;
2026-07-16T23:38:28.7236|INFO|SequenceItem.cs|Run|254|Finishing Category: Fotocamera, Item: TakeExposure, ExposureTime 600, Gain 910, Offset 99, ImageType LIGHT, Binning 1x1
2026-07-16T23:38:28.7240|INFO|MeridianFlipTrigger.cs|ShouldTrigger|296|Meridian Flip - (Side of Pier usage is disabled) There is still time remaining. Max remaining time 10:15:48.0722857, next instruction time 0, next instruction Category: Ruota porta filtri, Item: SwitchFilter, Filter: LPRO
2026-07-16T23:38:28.7240|INFO|SequenceItem.cs|Run|208|Starting Category: Ruota porta filtri, Item: SwitchFilter, Filter: LPRO
2026-07-16T23:38:28.7900|INFO|SequenceItem.cs|Run|254|Finishing Category: Ruota porta filtri, Item: SwitchFilter, Filter: LPRO
2026-07-16T23:38:28.7903|INFO|SequenceTrigger.cs|Run|114|Starting Trigger: DitherAfterExposures, After Exposures: 1
2026-07-16T23:38:28.7903|INFO|SequenceItem.cs|Run|208|Starting Category: * Set di Istruzioni *, Container: NINA.Sequencer.Container.SequentialContainer, Strategy: SequentialStrategy, Items[CREATED]: 1
2026-07-16T23:38:28.7904|INFO|SequenceItem.cs|Run|208|Starting Category: Guida, Item: Dither
2026-07-16T23:38:42.5146|INFO|HocusFocusStarDetection.cs|Detect|413|Average HFR: 2.492404037347125, HFR MAD: 0.256325614030231, Detected Stars 370, Region: 0
2026-07-16T23:38:43.2403|INFO|BaseImageData.cs|SaveToDisk|346|Saved image to D:\Images NINA\Target\LIGHT_1x1_600.00s_910_99_LDN 1320_Skywatcher quattro 200p__-9.80C_LPRO_0136_2026-07-16_23-28-28_FWHM_6.12_Fok_115507.xisf
2026-07-16T23:38:43.2404|INFO|ImageSaveController.cs|DoWork|97|Successfully saved file at D:\Images NINA\Target\LIGHT_1x1_600.00s_910_99_LDN 1320_Skywatcher quattro 200p__-9.80C_LPRO_0136_2026-07-16_23-28-28_FWHM_6.12_Fok_115507.xisf. Duration Total: 00:00:13.4533591; BeforeSave: 00:00:00.0366924; BeforeFinalizeImageSaved: 00:00:13.2039621; FinalizeSaveTime: 00:00:00.2127036
2026-07-16T23:38:54.3684|INFO|SequenceItem.cs|Run|254|Finishing Category: Guida, Item: Dither
2026-07-16T23:38:54.3686|INFO|SequenceItem.cs|Run|254|Finishing Category: * Set di Istruzioni *, Container: NINA.Sequencer.Container.SequentialContainer, Strategy: SequentialStrategy, Items[FINISHED]: 1
2026-07-16T23:38:54.3687|INFO|MeridianFlipTrigger.cs|ShouldTrigger|296|Meridian Flip - (Side of Pier usage is disabled) There is still time remaining. Max remaining time 10:15:11.9822352, next instruction time 600, next instruction Category: Fotocamera, Item: TakeExposure, ExposureTime 600, Gain 910, Offset 99, ImageType LIGHT, Binning 1x1
2026-07-16T23:38:54.3687|INFO|SequenceTrigger.cs|Run|114|Starting Trigger: RestoreGuiding
2026-07-16T23:38:54.3688|INFO|SequenceItem.cs|Run|208|Starting Category: * Set di Istruzioni *, Container: NINA.Sequencer.Container.SequentialContainer, Strategy: SequentialStrategy, Items[CREATED]: 1
2026-07-16T23:38:54.3688|INFO|SequenceItem.cs|Run|208|Starting Category: Guida, Item: StartGuiding
2026-07-16T23:38:54.4091|INFO|PHD2Guider.cs|StartGuidingPrivate|504|Phd2 - App is already guiding. Skipping start guiding
2026-07-16T23:38:54.4093|INFO|SequenceItem.cs|Run|254|Finishing Category: Guida, Item: StartGuiding
2026-07-16T23:38:54.4094|INFO|SequenceItem.cs|Run|254|Finishing Category: * Set di Istruzioni *, Container: NINA.Sequencer.Container.SequentialContainer, Strategy: SequentialStrategy, Items[FINISHED]: 1
2026-07-16T23:38:54.4436|INFO|SequenceItem.cs|Run|208|Starting Category: Fotocamera, Item: TakeExposure, ExposureTime 600, Gain 910, Offset 99, ImageType LIGHT, Binning 1x1
2026-07-16T23:38:54.4442|INFO|CameraVM.cs|Capture|742|Starting Exposure - Exposure Time: 600s; Filter: ; Gain: 910; Offset 99; Binning: 1x1;
2026-07-16T23:48:55.1551|INFO|SequenceItem.cs|Run|254|Finishing Category: Fotocamera, Item: TakeExposure, ExposureTime 600, Gain 910, Offset 99, ImageType LIGHT, Binning 1x1
2026-07-16T23:48:55.2554|INFO|MeridianFlipTrigger.cs|ShouldTrigger|296|Meridian Flip - (Side of Pier usage is disabled) There is still time remaining. Max remaining time 10:04:51.8997579, next instruction time 0, next instruction Category: Ruota porta filtri, Item: SwitchFilter, Filter: LPRO
2026-07-16T23:48:55.2555|INFO|SequenceItem.cs|Run|208|Starting Category: Ruota porta filtri, Item: SwitchFilter, Filter: LPRO
2026-07-16T23:48:55.2678|INFO|SequenceItem.cs|Run|254|Finishing Category: Ruota porta filtri, Item: SwitchFilter, Filter: LPRO
2026-07-16T23:48:55.2681|INFO|SequenceTrigger.cs|Run|114|Starting Trigger: DitherAfterExposures, After Exposures: 1
2026-07-16T23:48:55.2682|INFO|SequenceItem.cs|Run|208|Starting Category: * Set di Istruzioni *, Container: NINA.Sequencer.Container.SequentialContainer, Strategy: SequentialStrategy, Items[CREATED]: 1
2026-07-16T23:48:55.2682|INFO|SequenceItem.cs|Run|208|Starting Category: Guida, Item: Dither
2026-07-16T23:49:08.4199|INFO|HocusFocusStarDetection.cs|Detect|413|Average HFR: 2.587591680848485, HFR MAD: 0.2717934105369233, Detected Stars 345, Region: 0
2026-07-16T23:49:09.0295|INFO|BaseImageData.cs|SaveToDisk|346|Saved image to D:\Images NINA\Target\LIGHT_1x1_600.00s_910_99_LDN 1320_Skywatcher quattro 200p__-9.60C_LPRO_0137_2026-07-16_23-38-54_FWHM_6.51_Fok_115507.xisf
2026-07-16T23:49:09.0296|INFO|ImageSaveController.cs|DoWork|97|Successfully saved file at D:\Images NINA\Target\LIGHT_1x1_600.00s_910_99_LDN 1320_Skywatcher quattro 200p__-9.60C_LPRO_0137_2026-07-16_23-38-54_FWHM_6.51_Fok_115507.xisf. Duration Total: 00:00:13.0930577; BeforeSave: 00:00:00.0003049; BeforeFinalizeImageSaved: 00:00:12.9807142; FinalizeSaveTime: 00:00:00.1120378
2026-07-16T23:49:29.5549|INFO|SequenceItem.cs|Run|254|Finishing Category: Guida, Item: Dither
2026-07-16T23:49:29.5552|INFO|SequenceItem.cs|Run|254|Finishing Category: * Set di Istruzioni *, Container: NINA.Sequencer.Container.SequentialContainer, Strategy: SequentialStrategy, Items[FINISHED]: 1
2026-07-16T23:49:29.5825|INFO|MeridianFlipTrigger.cs|ShouldTrigger|296|Meridian Flip - (Side of Pier usage is disabled) There is still time remaining. Max remaining time 10:04:19.3147454, next instruction time 600, next instruction Category: Fotocamera, Item: TakeExposure, ExposureTime 600, Gain 910, Offset 99, ImageType LIGHT, Binning 1x1
2026-07-16T23:49:29.5827|INFO|SequenceTrigger.cs|Run|114|Starting Trigger: RestoreGuiding
2026-07-16T23:49:29.5827|INFO|SequenceItem.cs|Run|208|Starting Category: * Set di Istruzioni *, Container: NINA.Sequencer.Container.SequentialContainer, Strategy: SequentialStrategy, Items[CREATED]: 1
2026-07-16T23:49:29.5828|INFO|SequenceItem.cs|Run|208|Starting Category: Guida, Item: StartGuiding
2026-07-16T23:49:29.6499|INFO|PHD2Guider.cs|StartGuidingPrivate|504|Phd2 - App is already guiding. Skipping start guiding
2026-07-16T23:49:29.6521|INFO|SequenceItem.cs|Run|254|Finishing Category: Guida, Item: StartGuiding
2026-07-16T23:49:29.6542|INFO|SequenceItem.cs|Run|254|Finishing Category: * Set di Istruzioni *, Container: NINA.Sequencer.Container.SequentialContainer, Strategy: SequentialStrategy, Items[FINISHED]: 1
2026-07-16T23:49:29.6549|INFO|SequenceItem.cs|Run|208|Starting Category: Fotocamera, Item: TakeExposure, ExposureTime 600, Gain 910, Offset 99, ImageType LIGHT, Binning 1x1
2026-07-16T23:49:29.6555|INFO|CameraVM.cs|Capture|742|Starting Exposure - Exposure Time: 600s; Filter: ; Gain: 910; Offset 99; Binning: 1x1;
2026-07-16T23:59:29.9889|INFO|SequenceItem.cs|Run|254|Finishing Category: Fotocamera, Item: TakeExposure, ExposureTime 600, Gain 910, Offset 99, ImageType LIGHT, Binning 1x1
2026-07-16T23:59:29.9893|INFO|MeridianFlipTrigger.cs|ShouldTrigger|296|Meridian Flip - (Side of Pier usage is disabled) There is still time remaining. Max remaining time 09:54:01.2413182, next instruction time 0, next instruction Category: Ruota porta filtri, Item: SwitchFilter, Filter: LPRO
2026-07-16T23:59:29.9894|INFO|SequenceItem.cs|Run|208|Starting Category: Ruota porta filtri, Item: SwitchFilter, Filter: LPRO
2026-07-16T23:59:29.9916|INFO|SequenceItem.cs|Run|254|Finishing Category: Ruota porta filtri, Item: SwitchFilter, Filter: LPRO
2026-07-16T23:59:29.9919|INFO|SequenceTrigger.cs|Run|114|Starting Trigger: DitherAfterExposures, After Exposures: 1
2026-07-16T23:59:29.9920|INFO|SequenceItem.cs|Run|208|Starting Category: * Set di Istruzioni *, Container: NINA.Sequencer.Container.SequentialContainer, Strategy: SequentialStrategy, Items[CREATED]: 1
2026-07-16T23:59:29.9922|INFO|SequenceItem.cs|Run|208|Starting Category: Guida, Item: Dither
2026-07-16T23:59:30.8798|INFO|ImageSolver.cs|Solve|41|Platesolving with parameters: FocalLength: 760 PixelSize: 4.63 SearchRadius: 30 BlindFailoverEnabled: True Regions: 5000 DownSampleFactor: 2 MaxObjects: 500 Reference Coordinates RA: 04:12:34 Dec: 85° 37' 39" Epoch: J2000
2026-07-16T23:59:31.9092|INFO|BaseImageData.cs|SaveToDisk|346|Saved image to C:\Users\PrimaLuceLab\AppData\Local\NINA\PlateSolver\roj535pe.wpm.fits
2026-07-16T23:59:35.2511|INFO|ImageSolver.cs|Solve|54|Platesolve successful: Coordinates: RA: 04:15:05; Dec: 85° 37' 10"; Epoch: J2000 - Position Angle: 273.2912335618478
2026-07-16T23:59:35.2514|INFO|CenterAfterDriftTrigger.cs|PlatesolvingImageFollower_PropertyChanged|189|Drift: 0.81378854331213 / 3 arc minutes
2026-07-16T23:59:45.0768|INFO|HocusFocusStarDetection.cs|Detect|413|Average HFR: 2.601746187237075, HFR MAD: 0.24903353192675182, Detected Stars 364, Region: 0
2026-07-16T23:59:45.6168|INFO|BaseImageData.cs|SaveToDisk|346|Saved image to D:\Images NINA\Target\LIGHT_1x1_600.00s_910_99_LDN 1320_Skywatcher quattro 200p__-9.30C_LPRO_0138_2026-07-16_23-49-29_FWHM_6.37_Fok_115507.xisf
2026-07-16T23:59:45.6169|INFO|ImageSaveController.cs|DoWork|97|Successfully saved file at D:\Images NINA\Target\LIGHT_1x1_600.00s_910_99_LDN 1320_Skywatcher quattro 200p__-9.30C_LPRO_0138_2026-07-16_23-49-29_FWHM_6.37_Fok_115507.xisf. Duration Total: 00:00:14.7380194; BeforeSave: 00:00:00.0008098; BeforeFinalizeImageSaved: 00:00:14.6296888; FinalizeSaveTime: 00:00:00.1075200
2026-07-16T23:59:55.5496|INFO|SequenceItem.cs|Run|254|Finishing Category: Guida, Item: Dither
2026-07-16T23:59:55.5498|INFO|SequenceItem.cs|Run|254|Finishing Category: * Set di Istruzioni *, Container: NINA.Sequencer.Container.SequentialContainer, Strategy: SequentialStrategy, Items[FINISHED]: 1
2026-07-16T23:59:55.6185|INFO|MeridianFlipTrigger.cs|ShouldTrigger|296|Meridian Flip - (Side of Pier usage is disabled) There is still time remaining. Max remaining time 09:53:17.8965487, next instruction time 600, next instruction Category: Fotocamera, Item: TakeExposure, ExposureTime 600, Gain 910, Offset 99, ImageType LIGHT, Binning 1x1
2026-07-16T23:59:55.6186|INFO|SequenceTrigger.cs|Run|114|Starting Trigger: RestoreGuiding
2026-07-16T23:59:55.6187|INFO|SequenceItem.cs|Run|208|Starting Category: * Set di Istruzioni *, Container: NINA.Sequencer.Container.SequentialContainer, Strategy: SequentialStrategy, Items[CREATED]: 1
2026-07-16T23:59:55.6188|INFO|SequenceItem.cs|Run|208|Starting Category: Guida, Item: StartGuiding
2026-07-16T23:59:55.6547|INFO|PHD2Guider.cs|StartGuidingPrivate|504|Phd2 - App is already guiding. Skipping start guiding
2026-07-16T23:59:55.6586|INFO|SequenceItem.cs|Run|254|Finishing Category: Guida, Item: StartGuiding
2026-07-16T23:59:55.6615|INFO|SequenceItem.cs|Run|254|Finishing Category: * Set di Istruzioni *, Container: NINA.Sequencer.Container.SequentialContainer, Strategy: SequentialStrategy, Items[FINISHED]: 1
2026-07-16T23:59:55.6620|INFO|SequenceItem.cs|Run|208|Starting Category: Fotocamera, Item: TakeExposure, ExposureTime 600, Gain 910, Offset 99, ImageType LIGHT, Binning 1x1
2026-07-16T23:59:55.6628|INFO|CameraVM.cs|Capture|742|Starting Exposure - Exposure Time: 600s; Filter: ; Gain: 910; Offset 99; Binning: 1x1;
2026-07-17T00:09:56.2478|INFO|SequenceItem.cs|Run|254|Finishing Category: Fotocamera, Item: TakeExposure, ExposureTime 600, Gain 910, Offset 99, ImageType LIGHT, Binning 1x1
2026-07-17T00:09:56.2484|INFO|MeridianFlipTrigger.cs|ShouldTrigger|296|Meridian Flip - (Side of Pier usage is disabled) There is still time remaining. Max remaining time 09:42:59.3098559, next instruction time 0, next instruction Category: Ruota porta filtri, Item: SwitchFilter, Filter: LPRO
2026-07-17T00:09:56.2485|INFO|SequenceItem.cs|Run|208|Starting Category: Ruota porta filtri, Item: SwitchFilter, Filter: LPRO
2026-07-17T00:09:56.3888|INFO|SequenceItem.cs|Run|254|Finishing Category: Ruota porta filtri, Item: SwitchFilter, Filter: LPRO
2026-07-17T00:09:56.3927|INFO|SequenceTrigger.cs|Run|114|Starting Trigger: DitherAfterExposures, After Exposures: 1
2026-07-17T00:09:56.3928|INFO|SequenceItem.cs|Run|208|Starting Category: * Set di Istruzioni *, Container: NINA.Sequencer.Container.SequentialContainer, Strategy: SequentialStrategy, Items[CREATED]: 1
2026-07-17T00:09:56.3929|INFO|SequenceItem.cs|Run|208|Starting Category: Guida, Item: Dither
2026-07-17T00:10:09.9615|INFO|HocusFocusStarDetection.cs|Detect|413|Average HFR: 2.529326196298157, HFR MAD: 0.24001371689134166, Detected Stars 331, Region: 0
2026-07-17T00:10:10.5849|INFO|BaseImageData.cs|SaveToDisk|346|Saved image to D:\Images NINA\Target\LIGHT_1x1_600.00s_910_99_LDN 1320_Skywatcher quattro 200p__-9.50C_LPRO_0139_2026-07-16_23-59-55_FWHM_6.15_Fok_115507.xisf
2026-07-17T00:10:10.5851|INFO|ImageSaveController.cs|DoWork|97|Successfully saved file at D:\Images NINA\Target\LIGHT_1x1_600.00s_910_99_LDN 1320_Skywatcher quattro 200p__-9.50C_LPRO_0139_2026-07-16_23-59-55_FWHM_6.15_Fok_115507.xisf. Duration Total: 00:00:13.4565351; BeforeSave: 00:00:00.0223111; BeforeFinalizeImageSaved: 00:00:13.2835909; FinalizeSaveTime: 00:00:00.1506321
2026-07-17T00:10:19.0565|INFO|SequenceItem.cs|Run|254|Finishing Category: Guida, Item: Dither
2026-07-17T00:10:19.0567|INFO|SequenceItem.cs|Run|254|Finishing Category: * Set di Istruzioni *, Container: NINA.Sequencer.Container.SequentialContainer, Strategy: SequentialStrategy, Items[FINISHED]: 1
2026-07-17T00:10:19.0568|INFO|MeridianFlipTrigger.cs|ShouldTrigger|296|Meridian Flip - (Side of Pier usage is disabled) There is still time remaining. Max remaining time 09:42:35.3944918, next instruction time 600, next instruction Category: Fotocamera, Item: TakeExposure, ExposureTime 600, Gain 910, Offset 99, ImageType LIGHT, Binning 1x1
2026-07-17T00:10:19.0569|INFO|SequenceTrigger.cs|Run|114|Starting Trigger: RestoreGuiding
2026-07-17T00:10:19.0570|INFO|SequenceItem.cs|Run|208|Starting Category: * Set di Istruzioni *, Container: NINA.Sequencer.Container.SequentialContainer, Strategy: SequentialStrategy, Items[CREATED]: 1
2026-07-17T00:10:19.0571|INFO|SequenceItem.cs|Run|208|Starting Category: Guida, Item: StartGuiding
2026-07-17T00:10:19.1517|INFO|PHD2Guider.cs|StartGuidingPrivate|504|Phd2 - App is already guiding. Skipping start guiding
2026-07-17T00:10:19.1545|INFO|SequenceItem.cs|Run|254|Finishing Category: Guida, Item: StartGuiding
2026-07-17T00:10:19.1551|INFO|SequenceItem.cs|Run|254|Finishing Category: * Set di Istruzioni *, Container: NINA.Sequencer.Container.SequentialContainer, Strategy: SequentialStrategy, Items[FINISHED]: 1
2026-07-17T00:10:19.1564|INFO|SequenceItem.cs|Run|208|Starting Category: Fotocamera, Item: TakeExposure, ExposureTime 600, Gain 910, Offset 99, ImageType LIGHT, Binning 1x1
2026-07-17T00:10:19.1713|INFO|CameraVM.cs|Capture|742|Starting Exposure - Exposure Time: 600s; Filter: ; Gain: 910; Offset 99; Binning: 1x1;
2026-07-17T00:20:19.6039|INFO|SequenceItem.cs|Run|254|Finishing Category: Fotocamera, Item: TakeExposure, ExposureTime 600, Gain 910, Offset 99, ImageType LIGHT, Binning 1x1
2026-07-17T00:20:19.6045|INFO|MeridianFlipTrigger.cs|ShouldTrigger|296|Meridian Flip - (Side of Pier usage is disabled) There is still time remaining. Max remaining time 09:32:16.8137334, next instruction time 0, next instruction Category: Ruota porta filtri, Item: SwitchFilter, Filter: LPRO
2026-07-17T00:20:19.6046|INFO|SequenceItem.cs|Run|208|Starting Category: Ruota porta filtri, Item: SwitchFilter, Filter: LPRO
2026-07-17T00:20:19.7209|INFO|SequenceItem.cs|Run|254|Finishing Category: Ruota porta filtri, Item: SwitchFilter, Filter: LPRO
2026-07-17T00:20:19.7218|INFO|SequenceTrigger.cs|Run|114|Starting Trigger: DitherAfterExposures, After Exposures: 1
2026-07-17T00:20:19.7219|INFO|SequenceItem.cs|Run|208|Starting Category: * Set di Istruzioni *, Container: NINA.Sequencer.Container.SequentialContainer, Strategy: SequentialStrategy, Items[CREATED]: 1
2026-07-17T00:20:19.7220|INFO|SequenceItem.cs|Run|208|Starting Category: Guida, Item: Dither
2026-07-17T00:20:33.1208|INFO|HocusFocusStarDetection.cs|Detect|413|Average HFR: 2.6367776455361267, HFR MAD: 0.2709284815326458, Detected Stars 310, Region: 0
2026-07-17T00:20:33.7703|INFO|BaseImageData.cs|SaveToDisk|346|Saved image to D:\Images NINA\Target\LIGHT_1x1_600.00s_910_99_LDN 1320_Skywatcher quattro 200p__-9.60C_LPRO_0140_2026-07-17_00-10-19_FWHM_6.43_Fok_115507.xisf
2026-07-17T00:20:33.7705|INFO|ImageSaveController.cs|DoWork|97|Successfully saved file at D:\Images NINA\Target\LIGHT_1x1_600.00s_910_99_LDN 1320_Skywatcher quattro 200p__-9.60C_LPRO_0140_2026-07-17_00-10-19_FWHM_6.43_Fok_115507.xisf. Duration Total: 00:00:12.4297938; BeforeSave: 00:00:00.0000956; BeforeFinalizeImageSaved: 00:00:12.2611226; FinalizeSaveTime: 00:00:00.1685747
2026-07-17T00:20:41.3428|INFO|SequenceItem.cs|Run|254|Finishing Category: Guida, Item: Dither
2026-07-17T00:20:41.3430|INFO|SequenceItem.cs|Run|254|Finishing Category: * Set di Istruzioni *, Container: NINA.Sequencer.Container.SequentialContainer, Strategy: SequentialStrategy, Items[FINISHED]: 1
2026-07-17T00:20:41.3431|INFO|MeridianFlipTrigger.cs|ShouldTrigger|296|Meridian Flip - (Side of Pier usage is disabled) There is still time remaining. Max remaining time 09:31:50.8669705, next instruction time 600, next instruction Category: Fotocamera, Item: TakeExposure, ExposureTime 600, Gain 910, Offset 99, ImageType LIGHT, Binning 1x1
2026-07-17T00:20:41.3432|INFO|SequenceTrigger.cs|Run|114|Starting Trigger: RestoreGuiding
2026-07-17T00:20:41.3432|INFO|SequenceItem.cs|Run|208|Starting Category: * Set di Istruzioni *, Container: NINA.Sequencer.Container.SequentialContainer, Strategy: SequentialStrategy, Items[CREATED]: 1
2026-07-17T00:20:41.3433|INFO|SequenceItem.cs|Run|208|Starting Category: Guida, Item: StartGuiding
2026-07-17T00:20:41.3856|INFO|PHD2Guider.cs|StartGuidingPrivate|504|Phd2 - App is already guiding. Skipping start guiding
2026-07-17T00:20:41.3858|INFO|SequenceItem.cs|Run|254|Finishing Category: Guida, Item: StartGuiding
2026-07-17T00:20:41.3867|INFO|SequenceItem.cs|Run|254|Finishing Category: * Set di Istruzioni *, Container: NINA.Sequencer.Container.SequentialContainer, Strategy: SequentialStrategy, Items[FINISHED]: 1
2026-07-17T00:20:41.4010|INFO|SequenceItem.cs|Run|208|Starting Category: Fotocamera, Item: TakeExposure, ExposureTime 600, Gain 910, Offset 99, ImageType LIGHT, Binning 1x1
2026-07-17T00:20:41.4016|INFO|CameraVM.cs|Capture|742|Starting Exposure - Exposure Time: 600s; Filter: ; Gain: 910; Offset 99; Binning: 1x1;
2026-07-17T00:30:41.6503|INFO|SequenceItem.cs|Run|254|Finishing Category: Fotocamera, Item: TakeExposure, ExposureTime 600, Gain 910, Offset 99, ImageType LIGHT, Binning 1x1
2026-07-17T00:30:41.6508|INFO|MeridianFlipTrigger.cs|ShouldTrigger|296|Meridian Flip - (Side of Pier usage is disabled) There is still time remaining. Max remaining time 09:21:27.0550573, next instruction time 0, next instruction Category: Ruota porta filtri, Item: SwitchFilter, Filter: LPRO
2026-07-17T00:30:41.6508|INFO|SequenceItem.cs|Run|208|Starting Category: Ruota porta filtri, Item: SwitchFilter, Filter: LPRO
2026-07-17T00:30:41.6970|INFO|SequenceItem.cs|Run|254|Finishing Category: Ruota porta filtri, Item: SwitchFilter, Filter: LPRO
2026-07-17T00:30:41.6975|INFO|SequenceTrigger.cs|Run|114|Starting Trigger: DitherAfterExposures, After Exposures: 1
2026-07-17T00:30:41.6977|INFO|SequenceItem.cs|Run|208|Starting Category: * Set di Istruzioni *, Container: NINA.Sequencer.Container.SequentialContainer, Strategy: SequentialStrategy, Items[CREATED]: 1
2026-07-17T00:30:41.6977|INFO|SequenceItem.cs|Run|208|Starting Category: Guida, Item: Dither
2026-07-17T00:30:42.8123|INFO|ImageSolver.cs|Solve|41|Platesolving with parameters: FocalLength: 760 PixelSize: 4.63 SearchRadius: 30 BlindFailoverEnabled: True Regions: 5000 DownSampleFactor: 2 MaxObjects: 500 Reference Coordinates RA: 04:11:18 Dec: 85° 37' 09" Epoch: J2000
2026-07-17T00:30:43.8526|INFO|BaseImageData.cs|SaveToDisk|346|Saved image to C:\Users\PrimaLuceLab\AppData\Local\NINA\PlateSolver\4mtsxx0m.nji.fits
2026-07-17T00:30:47.2331|INFO|ImageSolver.cs|Solve|54|Platesolve successful: Coordinates: RA: 04:14:57; Dec: 85° 36' 28"; Epoch: J2000 - Position Angle: 273.56654369063574
2026-07-17T00:30:47.2332|INFO|CenterAfterDriftTrigger.cs|PlatesolvingImageFollower_PropertyChanged|189|Drift: 1.5297292800688453 / 3 arc minutes
2026-07-17T00:30:56.9419|INFO|HocusFocusStarDetection.cs|Detect|413|Average HFR: 2.7552971416249816, HFR MAD: 0.259140195211085, Detected Stars 264, Region: 0
2026-07-17T00:30:57.6639|INFO|BaseImageData.cs|SaveToDisk|346|Saved image to D:\Images NINA\Target\LIGHT_1x1_600.00s_910_99_LDN 1320_Skywatcher quattro 200p__-10.00C_LPRO_0141_2026-07-17_00-20-41_FWHM_6.90_Fok_115507.xisf
2026-07-17T00:30:57.6640|INFO|ImageSaveController.cs|DoWork|97|Successfully saved file at D:\Images NINA\Target\LIGHT_1x1_600.00s_910_99_LDN 1320_Skywatcher quattro 200p__-10.00C_LPRO_0141_2026-07-17_00-20-41_FWHM_6.90_Fok_115507.xisf. Duration Total: 00:00:14.8843888; BeforeSave: 00:00:00.0326026; BeforeFinalizeImageSaved: 00:00:14.6312698; FinalizeSaveTime: 00:00:00.2205154
2026-07-17T00:31:14.1507|INFO|SequenceItem.cs|Run|254|Finishing Category: Guida, Item: Dither
2026-07-17T00:31:14.1509|INFO|SequenceItem.cs|Run|254|Finishing Category: * Set di Istruzioni *, Container: NINA.Sequencer.Container.SequentialContainer, Strategy: SequentialStrategy, Items[FINISHED]: 1
2026-07-17T00:31:14.1510|INFO|MeridianFlipTrigger.cs|ShouldTrigger|296|Meridian Flip - (Side of Pier usage is disabled) There is still time remaining. Max remaining time 09:20:39.9777865, next instruction time 600, next instruction Category: Fotocamera, Item: TakeExposure, ExposureTime 600, Gain 910, Offset 99, ImageType LIGHT, Binning 1x1
2026-07-17T00:31:14.1511|INFO|SequenceTrigger.cs|Run|114|Starting Trigger: RestoreGuiding
2026-07-17T00:31:14.1511|INFO|SequenceItem.cs|Run|208|Starting Category: * Set di Istruzioni *, Container: NINA.Sequencer.Container.SequentialContainer, Strategy: SequentialStrategy, Items[CREATED]: 1
2026-07-17T00:31:14.1512|INFO|SequenceItem.cs|Run|208|Starting Category: Guida, Item: StartGuiding
2026-07-17T00:31:14.1883|INFO|PHD2Guider.cs|StartGuidingPrivate|504|Phd2 - App is already guiding. Skipping start guiding
2026-07-17T00:31:14.1885|INFO|SequenceItem.cs|Run|254|Finishing Category: Guida, Item: StartGuiding
2026-07-17T00:31:14.1887|INFO|SequenceItem.cs|Run|254|Finishing Category: * Set di Istruzioni *, Container: NINA.Sequencer.Container.SequentialContainer, Strategy: SequentialStrategy, Items[FINISHED]: 1
2026-07-17T00:31:14.2091|INFO|SequenceItem.cs|Run|208|Starting Category: Fotocamera, Item: TakeExposure, ExposureTime 600, Gain 910, Offset 99, ImageType LIGHT, Binning 1x1
2026-07-17T00:31:14.2097|INFO|CameraVM.cs|Capture|742|Starting Exposure - Exposure Time: 600s; Filter: ; Gain: 910; Offset 99; Binning: 1x1;
2026-07-17T00:41:14.6711|INFO|SequenceItem.cs|Run|254|Finishing Category: Fotocamera, Item: TakeExposure, ExposureTime 600, Gain 910, Offset 99, ImageType LIGHT, Binning 1x1
2026-07-17T00:41:14.6715|INFO|MeridianFlipTrigger.cs|ShouldTrigger|296|Meridian Flip - (Side of Pier usage is disabled) There is still time remaining. Max remaining time 09:10:17.1625724, next instruction time 0, next instruction Category: Ruota porta filtri, Item: SwitchFilter, Filter: LPRO
2026-07-17T00:41:14.6716|INFO|SequenceItem.cs|Run|208|Starting Category: Ruota porta filtri, Item: SwitchFilter, Filter: LPRO
2026-07-17T00:41:14.6724|INFO|SequenceItem.cs|Run|254|Finishing Category: Ruota porta filtri, Item: SwitchFilter, Filter: LPRO
2026-07-17T00:41:14.6726|INFO|SequenceTrigger.cs|Run|114|Starting Trigger: DitherAfterExposures, After Exposures: 1
2026-07-17T00:41:14.6727|INFO|SequenceItem.cs|Run|208|Starting Category: * Set di Istruzioni *, Container: NINA.Sequencer.Container.SequentialContainer, Strategy: SequentialStrategy, Items[CREATED]: 1
2026-07-17T00:41:14.6728|INFO|SequenceItem.cs|Run|208|Starting Category: Guida, Item: Dither
2026-07-17T00:41:28.2357|INFO|HocusFocusStarDetection.cs|Detect|413|Average HFR: 2.6122576007443508, HFR MAD: 0.2463239329256819, Detected Stars 363, Region: 0
2026-07-17T00:41:29.2757|INFO|BaseImageData.cs|SaveToDisk|346|Saved image to D:\Images NINA\Target\LIGHT_1x1_600.00s_910_99_LDN 1320_Skywatcher quattro 200p__-9.80C_LPRO_0142_2026-07-17_00-31-14_FWHM_6.53_Fok_115507.xisf
2026-07-17T00:41:29.2759|INFO|ImageSaveController.cs|DoWork|97|Successfully saved file at D:\Images NINA\Target\LIGHT_1x1_600.00s_910_99_LDN 1320_Skywatcher quattro 200p__-9.80C_LPRO_0142_2026-07-17_00-31-14_FWHM_6.53_Fok_115507.xisf. Duration Total: 00:00:13.6996759; BeforeSave: 00:00:00.0000902; BeforeFinalizeImageSaved: 00:00:13.4654568; FinalizeSaveTime: 00:00:00.2341281
2026-07-17T00:41:44.6652|INFO|SequenceItem.cs|Run|254|Finishing Category: Guida, Item: Dither
2026-07-17T00:41:44.6654|INFO|SequenceItem.cs|Run|254|Finishing Category: * Set di Istruzioni *, Container: NINA.Sequencer.Container.SequentialContainer, Strategy: SequentialStrategy, Items[FINISHED]: 1
2026-07-17T00:41:44.6656|INFO|MeridianFlipTrigger.cs|ShouldTrigger|296|Meridian Flip - (Side of Pier usage is disabled) There is still time remaining. Max remaining time 09:09:37.3472481, next instruction time 600, next instruction Category: Fotocamera, Item: TakeExposure, ExposureTime 600, Gain 910, Offset 99, ImageType LIGHT, Binning 1x1
2026-07-17T00:41:44.6656|INFO|SequenceTrigger.cs|Run|114|Starting Trigger: RestoreGuiding
2026-07-17T00:41:44.6657|INFO|SequenceItem.cs|Run|208|Starting Category: * Set di Istruzioni *, Container: NINA.Sequencer.Container.SequentialContainer, Strategy: SequentialStrategy, Items[CREATED]: 1
2026-07-17T00:41:44.6657|INFO|SequenceItem.cs|Run|208|Starting Category: Guida, Item: StartGuiding
2026-07-17T00:41:44.7105|INFO|PHD2Guider.cs|StartGuidingPrivate|504|Phd2 - App is already guiding. Skipping start guiding
2026-07-17T00:41:44.7107|INFO|SequenceItem.cs|Run|254|Finishing Category: Guida, Item: StartGuiding
2026-07-17T00:41:44.7108|INFO|SequenceItem.cs|Run|254|Finishing Category: * Set di Istruzioni *, Container: NINA.Sequencer.Container.SequentialContainer, Strategy: SequentialStrategy, Items[FINISHED]: 1
2026-07-17T00:41:44.7488|INFO|SequenceItem.cs|Run|208|Starting Category: Fotocamera, Item: TakeExposure, ExposureTime 600, Gain 910, Offset 99, ImageType LIGHT, Binning 1x1
2026-07-17T00:41:44.7498|INFO|CameraVM.cs|Capture|742|Starting Exposure - Exposure Time: 600s; Filter: ; Gain: 910; Offset 99; Binning: 1x1;
2026-07-17T00:51:45.2809|INFO|SequenceItem.cs|Run|254|Finishing Category: Fotocamera, Item: TakeExposure, ExposureTime 600, Gain 910, Offset 99, ImageType LIGHT, Binning 1x1
2026-07-17T00:51:45.2822|INFO|MeridianFlipTrigger.cs|ShouldTrigger|296|Meridian Flip - (Side of Pier usage is disabled) There is still time remaining. Max remaining time 08:59:14.5677264, next instruction time 0, next instruction Category: Ruota porta filtri, Item: SwitchFilter, Filter: LPRO
2026-07-17T00:51:45.2822|INFO|SequenceItem.cs|Run|208|Starting Category: Ruota porta filtri, Item: SwitchFilter, Filter: LPRO
2026-07-17T00:51:45.3508|INFO|SequenceItem.cs|Run|254|Finishing Category: Ruota porta filtri, Item: SwitchFilter, Filter: LPRO
2026-07-17T00:51:45.3511|INFO|SequenceTrigger.cs|Run|114|Starting Trigger: DitherAfterExposures, After Exposures: 1
2026-07-17T00:51:45.3511|INFO|SequenceItem.cs|Run|208|Starting Category: * Set di Istruzioni *, Container: NINA.Sequencer.Container.SequentialContainer, Strategy: SequentialStrategy, Items[CREATED]: 1
2026-07-17T00:51:45.3512|INFO|SequenceItem.cs|Run|208|Starting Category: Guida, Item: Dither
2026-07-17T00:52:04.7323|INFO|HocusFocusStarDetection.cs|Detect|413|Average HFR: 2.6436624935137574, HFR MAD: 0.272721837538064, Detected Stars 270, Region: 0
2026-07-17T00:52:05.6845|INFO|BaseImageData.cs|SaveToDisk|346|Saved image to D:\Images NINA\Target\LIGHT_1x1_600.00s_910_99_LDN 1320_Skywatcher quattro 200p__-9.30C_LPRO_0143_2026-07-17_00-41-44_FWHM_6.31_Fok_115507.xisf
2026-07-17T00:52:05.6846|INFO|ImageSaveController.cs|DoWork|97|Successfully saved file at D:\Images NINA\Target\LIGHT_1x1_600.00s_910_99_LDN 1320_Skywatcher quattro 200p__-9.30C_LPRO_0143_2026-07-17_00-41-44_FWHM_6.31_Fok_115507.xisf. Duration Total: 00:00:18.3257288; BeforeSave: 00:00:00.0001603; BeforeFinalizeImageSaved: 00:00:18.1828255; FinalizeSaveTime: 00:00:00.1427419
2026-07-17T00:52:25.4470|INFO|SequenceItem.cs|Run|254|Finishing Category: Guida, Item: Dither
2026-07-17T00:52:25.4472|INFO|SequenceItem.cs|Run|254|Finishing Category: * Set di Istruzioni *, Container: NINA.Sequencer.Container.SequentialContainer, Strategy: SequentialStrategy, Items[FINISHED]: 1
2026-07-17T00:52:25.4772|INFO|MeridianFlipTrigger.cs|ShouldTrigger|296|Meridian Flip - (Side of Pier usage is disabled) There is still time remaining. Max remaining time 08:58:42.0676931, next instruction time 600, next instruction Category: Fotocamera, Item: TakeExposure, ExposureTime 600, Gain 910, Offset 99, ImageType LIGHT, Binning 1x1
2026-07-17T00:52:25.4773|INFO|SequenceTrigger.cs|Run|114|Starting Trigger: RestoreGuiding
2026-07-17T00:52:25.4774|INFO|SequenceItem.cs|Run|208|Starting Category: * Set di Istruzioni *, Container: NINA.Sequencer.Container.SequentialContainer, Strategy: SequentialStrategy, Items[CREATED]: 1
2026-07-17T00:52:25.4775|INFO|SequenceItem.cs|Run|208|Starting Category: Guida, Item: StartGuiding
2026-07-17T00:52:25.5085|INFO|PHD2Guider.cs|StartGuidingPrivate|504|Phd2 - App is already guiding. Skipping start guiding
2026-07-17T00:52:25.5127|INFO|SequenceItem.cs|Run|254|Finishing Category: Guida, Item: StartGuiding
2026-07-17T00:52:25.5211|INFO|SequenceItem.cs|Run|254|Finishing Category: * Set di Istruzioni *, Container: NINA.Sequencer.Container.SequentialContainer, Strategy: SequentialStrategy, Items[FINISHED]: 1
2026-07-17T00:52:25.5218|INFO|SequenceItem.cs|Run|208|Starting Category: Fotocamera, Item: TakeExposure, ExposureTime 600, Gain 910, Offset 99, ImageType LIGHT, Binning 1x1
2026-07-17T00:52:25.5222|INFO|CameraVM.cs|Capture|742|Starting Exposure - Exposure Time: 600s; Filter: ; Gain: 910; Offset 99; Binning: 1x1;
2026-07-17T01:02:25.9119|INFO|SequenceItem.cs|Run|254|Finishing Category: Fotocamera, Item: TakeExposure, ExposureTime 600, Gain 910, Offset 99, ImageType LIGHT, Binning 1x1
2026-07-17T01:02:25.9126|INFO|MeridianFlipTrigger.cs|ShouldTrigger|296|Meridian Flip - (Side of Pier usage is disabled) There is still time remaining. Max remaining time 08:48:24.8188441, next instruction time 0, next instruction Category: Ruota porta filtri, Item: SwitchFilter, Filter: LPRO
2026-07-17T01:02:25.9127|INFO|SequenceItem.cs|Run|208|Starting Category: Ruota porta filtri, Item: SwitchFilter, Filter: LPRO
2026-07-17T01:02:25.9136|INFO|SequenceItem.cs|Run|254|Finishing Category: Ruota porta filtri, Item: SwitchFilter, Filter: LPRO
2026-07-17T01:02:25.9138|INFO|SequenceTrigger.cs|Run|114|Starting Trigger: DitherAfterExposures, After Exposures: 1
2026-07-17T01:02:25.9139|INFO|SequenceItem.cs|Run|208|Starting Category: * Set di Istruzioni *, Container: NINA.Sequencer.Container.SequentialContainer, Strategy: SequentialStrategy, Items[CREATED]: 1
2026-07-17T01:02:25.9141|INFO|SequenceItem.cs|Run|208|Starting Category: Guida, Item: Dither
2026-07-17T01:02:26.5964|INFO|ImageSolver.cs|Solve|41|Platesolving with parameters: FocalLength: 760 PixelSize: 4.63 SearchRadius: 30 BlindFailoverEnabled: True Regions: 5000 DownSampleFactor: 2 MaxObjects: 500 Reference Coordinates RA: 04:10:08 Dec: 85° 36' 19" Epoch: J2000
2026-07-17T01:02:27.6639|INFO|BaseImageData.cs|SaveToDisk|346|Saved image to C:\Users\PrimaLuceLab\AppData\Local\NINA\PlateSolver\5tq5bf52.kyq.fits
2026-07-17T01:02:31.5536|INFO|ImageSolver.cs|Solve|54|Platesolve successful: Coordinates: RA: 04:14:51; Dec: 85° 35' 34"; Epoch: J2000 - Position Angle: 273.8478754593648
2026-07-17T01:02:31.5538|INFO|CenterAfterDriftTrigger.cs|PlatesolvingImageFollower_PropertyChanged|189|Drift: 2.452362396949098 / 3 arc minutes
2026-07-17T01:02:41.1170|INFO|HocusFocusStarDetection.cs|Detect|413|Average HFR: 2.7741144554109303, HFR MAD: 0.2502324048583833, Detected Stars 266, Region: 0
2026-07-17T01:02:41.9025|INFO|BaseImageData.cs|SaveToDisk|346|Saved image to D:\Images NINA\Target\LIGHT_1x1_600.00s_910_99_LDN 1320_Skywatcher quattro 200p__-9.30C_LPRO_0144_2026-07-17_00-52-25_FWHM_6.75_Fok_115507.xisf
2026-07-17T01:02:41.9027|INFO|ImageSaveController.cs|DoWork|97|Successfully saved file at D:\Images NINA\Target\LIGHT_1x1_600.00s_910_99_LDN 1320_Skywatcher quattro 200p__-9.30C_LPRO_0144_2026-07-17_00-52-25_FWHM_6.75_Fok_115507.xisf. Duration Total: 00:00:15.3064050; BeforeSave: 00:00:00.0000959; BeforeFinalizeImageSaved: 00:00:15.1201683; FinalizeSaveTime: 00:00:00.1861402
2026-07-17T01:02:59.5479|INFO|SequenceItem.cs|Run|254|Finishing Category: Guida, Item: Dither
2026-07-17T01:02:59.5482|INFO|SequenceItem.cs|Run|254|Finishing Category: * Set di Istruzioni *, Container: NINA.Sequencer.Container.SequentialContainer, Strategy: SequentialStrategy, Items[FINISHED]: 1
2026-07-17T01:02:59.5483|INFO|MeridianFlipTrigger.cs|ShouldTrigger|296|Meridian Flip - (Side of Pier usage is disabled) There is still time remaining. Max remaining time 08:47:39.1828080, next instruction time 600, next instruction Category: Fotocamera, Item: TakeExposure, ExposureTime 600, Gain 910, Offset 99, ImageType LIGHT, Binning 1x1
2026-07-17T01:02:59.5483|INFO|SequenceTrigger.cs|Run|114|Starting Trigger: RestoreGuiding
2026-07-17T01:02:59.5484|INFO|SequenceItem.cs|Run|208|Starting Category: * Set di Istruzioni *, Container: NINA.Sequencer.Container.SequentialContainer, Strategy: SequentialStrategy, Items[CREATED]: 1
2026-07-17T01:02:59.5485|INFO|SequenceItem.cs|Run|208|Starting Category: Guida, Item: StartGuiding
2026-07-17T01:02:59.6037|INFO|PHD2Guider.cs|StartGuidingPrivate|504|Phd2 - App is already guiding. Skipping start guiding
2026-07-17T01:02:59.6038|INFO|SequenceItem.cs|Run|254|Finishing Category: Guida, Item: StartGuiding
2026-07-17T01:02:59.6039|INFO|SequenceItem.cs|Run|254|Finishing Category: * Set di Istruzioni *, Container: NINA.Sequencer.Container.SequentialContainer, Strategy: SequentialStrategy, Items[FINISHED]: 1
2026-07-17T01:02:59.6191|INFO|SequenceItem.cs|Run|208|Starting Category: Fotocamera, Item: TakeExposure, ExposureTime 600, Gain 910, Offset 99, ImageType LIGHT, Binning 1x1
2026-07-17T01:02:59.6196|INFO|CameraVM.cs|Capture|742|Starting Exposure - Exposure Time: 600s; Filter: ; Gain: 910; Offset 99; Binning: 1x1;
2026-07-17T01:12:59.8609|INFO|SequenceItem.cs|Run|254|Finishing Category: Fotocamera, Item: TakeExposure, ExposureTime 600, Gain 910, Offset 99, ImageType LIGHT, Binning 1x1
2026-07-17T01:12:59.8614|INFO|MeridianFlipTrigger.cs|ShouldTrigger|296|Meridian Flip - (Side of Pier usage is disabled) There is still time remaining. Max remaining time 08:37:12.8421808, next instruction time 0, next instruction Category: Ruota porta filtri, Item: SwitchFilter, Filter: LPRO
2026-07-17T01:12:59.8614|INFO|SequenceItem.cs|Run|208|Starting Category: Ruota porta filtri, Item: SwitchFilter, Filter: LPRO
2026-07-17T01:12:59.8640|INFO|SequenceItem.cs|Run|254|Finishing Category: Ruota porta filtri, Item: SwitchFilter, Filter: LPRO
2026-07-17T01:12:59.8643|INFO|SequenceTrigger.cs|Run|114|Starting Trigger: DitherAfterExposures, After Exposures: 1
2026-07-17T01:12:59.8644|INFO|SequenceItem.cs|Run|208|Starting Category: * Set di Istruzioni *, Container: NINA.Sequencer.Container.SequentialContainer, Strategy: SequentialStrategy, Items[CREATED]: 1
2026-07-17T01:12:59.8645|INFO|SequenceItem.cs|Run|208|Starting Category: Guida, Item: Dither
2026-07-17T01:13:13.2536|INFO|HocusFocusStarDetection.cs|Detect|413|Average HFR: 2.6137331811474587, HFR MAD: 0.24954637420525838, Detected Stars 374, Region: 0
2026-07-17T01:13:13.9723|INFO|BaseImageData.cs|SaveToDisk|346|Saved image to D:\Images NINA\Target\LIGHT_1x1_600.00s_910_99_LDN 1320_Skywatcher quattro 200p__-9.60C_LPRO_0145_2026-07-17_01-02-59_FWHM_6.40_Fok_115507.xisf
2026-07-17T01:13:13.9725|INFO|ImageSaveController.cs|DoWork|97|Successfully saved file at D:\Images NINA\Target\LIGHT_1x1_600.00s_910_99_LDN 1320_Skywatcher quattro 200p__-9.60C_LPRO_0145_2026-07-17_01-02-59_FWHM_6.40_Fok_115507.xisf. Duration Total: 00:00:13.3527280; BeforeSave: 00:00:00.0000900; BeforeFinalizeImageSaved: 00:00:13.0455056; FinalizeSaveTime: 00:00:00.3071318
2026-07-17T01:13:38.3248|INFO|SequenceItem.cs|Run|254|Finishing Category: Guida, Item: Dither
2026-07-17T01:13:38.3250|INFO|SequenceItem.cs|Run|254|Finishing Category: * Set di Istruzioni *, Container: NINA.Sequencer.Container.SequentialContainer, Strategy: SequentialStrategy, Items[FINISHED]: 1
2026-07-17T01:13:38.3280|INFO|MeridianFlipTrigger.cs|ShouldTrigger|296|Meridian Flip - (Side of Pier usage is disabled) There is still time remaining. Max remaining time 08:36:24.4369950, next instruction time 600, next instruction Category: Fotocamera, Item: TakeExposure, ExposureTime 600, Gain 910, Offset 99, ImageType LIGHT, Binning 1x1
2026-07-17T01:13:38.3281|INFO|SequenceTrigger.cs|Run|114|Starting Trigger: RestoreGuiding
2026-07-17T01:13:38.3281|INFO|SequenceItem.cs|Run|208|Starting Category: * Set di Istruzioni *, Container: NINA.Sequencer.Container.SequentialContainer, Strategy: SequentialStrategy, Items[CREATED]: 1
2026-07-17T01:13:38.3283|INFO|SequenceItem.cs|Run|208|Starting Category: Guida, Item: StartGuiding
2026-07-17T01:13:38.3687|INFO|PHD2Guider.cs|StartGuidingPrivate|504|Phd2 - App is already guiding. Skipping start guiding
2026-07-17T01:13:38.3736|INFO|SequenceItem.cs|Run|254|Finishing Category: Guida, Item: StartGuiding
2026-07-17T01:13:38.3745|INFO|SequenceItem.cs|Run|254|Finishing Category: * Set di Istruzioni *, Container: NINA.Sequencer.Container.SequentialContainer, Strategy: SequentialStrategy, Items[FINISHED]: 1
2026-07-17T01:13:38.4103|INFO|SequenceItem.cs|Run|208|Starting Category: Fotocamera, Item: TakeExposure, ExposureTime 600, Gain 910, Offset 99, ImageType LIGHT, Binning 1x1
2026-07-17T01:13:38.4110|INFO|CameraVM.cs|Capture|742|Starting Exposure - Exposure Time: 600s; Filter: ; Gain: 910; Offset 99; Binning: 1x1;
2026-07-17T01:23:38.9253|INFO|SequenceItem.cs|Run|254|Finishing Category: Fotocamera, Item: TakeExposure, ExposureTime 600, Gain 910, Offset 99, ImageType LIGHT, Binning 1x1
2026-07-17T01:23:38.9287|INFO|MeridianFlipTrigger.cs|ShouldTrigger|296|Meridian Flip - (Side of Pier usage is disabled) There is still time remaining. Max remaining time 08:26:02.5940371, next instruction time 0, next instruction Category: Ruota porta filtri, Item: SwitchFilter, Filter: LPRO
2026-07-17T01:23:38.9290|INFO|SequenceItem.cs|Run|208|Starting Category: Ruota porta filtri, Item: SwitchFilter, Filter: LPRO
2026-07-17T01:23:38.9321|INFO|SequenceItem.cs|Run|254|Finishing Category: Ruota porta filtri, Item: SwitchFilter, Filter: LPRO
2026-07-17T01:23:39.0461|INFO|SequenceTrigger.cs|Run|114|Starting Trigger: DitherAfterExposures, After Exposures: 1
2026-07-17T01:23:39.0462|INFO|SequenceItem.cs|Run|208|Starting Category: * Set di Istruzioni *, Container: NINA.Sequencer.Container.SequentialContainer, Strategy: SequentialStrategy, Items[CREATED]: 1
2026-07-17T01:23:39.0463|INFO|SequenceItem.cs|Run|208|Starting Category: Guida, Item: Dither
2026-07-17T01:23:51.5289|INFO|SequenceItem.cs|Run|254|Finishing Category: Guida, Item: Dither
2026-07-17T01:23:51.5291|INFO|SequenceItem.cs|Run|254|Finishing Category: * Set di Istruzioni *, Container: NINA.Sequencer.Container.SequentialContainer, Strategy: SequentialStrategy, Items[FINISHED]: 1
2026-07-17T01:23:51.5292|INFO|MeridianFlipTrigger.cs|ShouldTrigger|296|Meridian Flip - (Side of Pier usage is disabled) There is still time remaining. Max remaining time 08:25:46.4983963, next instruction time 600, next instruction Category: Fotocamera, Item: TakeExposure, ExposureTime 600, Gain 910, Offset 99, ImageType LIGHT, Binning 1x1
2026-07-17T01:23:51.5293|INFO|SequenceTrigger.cs|Run|114|Starting Trigger: RestoreGuiding
2026-07-17T01:23:51.5293|INFO|SequenceItem.cs|Run|208|Starting Category: * Set di Istruzioni *, Container: NINA.Sequencer.Container.SequentialContainer, Strategy: SequentialStrategy, Items[CREATED]: 1
2026-07-17T01:23:51.5294|INFO|SequenceItem.cs|Run|208|Starting Category: Guida, Item: StartGuiding
2026-07-17T01:23:51.6001|INFO|PHD2Guider.cs|StartGuidingPrivate|504|Phd2 - App is already guiding. Skipping start guiding
2026-07-17T01:23:51.6028|INFO|SequenceItem.cs|Run|254|Finishing Category: Guida, Item: StartGuiding
2026-07-17T01:23:51.6031|INFO|SequenceItem.cs|Run|254|Finishing Category: * Set di Istruzioni *, Container: NINA.Sequencer.Container.SequentialContainer, Strategy: SequentialStrategy, Items[FINISHED]: 1
2026-07-17T01:23:51.6052|INFO|SequenceItem.cs|Run|208|Starting Category: Fotocamera, Item: TakeExposure, ExposureTime 600, Gain 910, Offset 99, ImageType LIGHT, Binning 1x1
2026-07-17T01:23:51.6060|INFO|CameraVM.cs|Capture|742|Starting Exposure - Exposure Time: 600s; Filter: ; Gain: 910; Offset 99; Binning: 1x1;
2026-07-17T01:23:53.7561|INFO|HocusFocusStarDetection.cs|Detect|413|Average HFR: 2.684692212187051, HFR MAD: 0.2892724783339866, Detected Stars 304, Region: 0
2026-07-17T01:23:54.6615|INFO|BaseImageData.cs|SaveToDisk|346|Saved image to D:\Images NINA\Target\LIGHT_1x1_600.00s_910_99_LDN 1320_Skywatcher quattro 200p__-9.90C_LPRO_0146_2026-07-17_01-13-38_FWHM_6.41_Fok_115507.xisf
2026-07-17T01:23:54.6617|INFO|ImageSaveController.cs|DoWork|97|Successfully saved file at D:\Images NINA\Target\LIGHT_1x1_600.00s_910_99_LDN 1320_Skywatcher quattro 200p__-9.90C_LPRO_0146_2026-07-17_01-13-38_FWHM_6.41_Fok_115507.xisf. Duration Total: 00:00:14.7124179; BeforeSave: 00:00:00.0000904; BeforeFinalizeImageSaved: 00:00:14.4008359; FinalizeSaveTime: 00:00:00.3114909
2026-07-17T01:33:51.8746|INFO|SequenceItem.cs|Run|254|Finishing Category: Fotocamera, Item: TakeExposure, ExposureTime 600, Gain 910, Offset 99, ImageType LIGHT, Binning 1x1
2026-07-17T01:33:51.8750|INFO|MeridianFlipTrigger.cs|ShouldTrigger|296|Meridian Flip - (Side of Pier usage is disabled) There is still time remaining. Max remaining time 08:15:25.8435731, next instruction time 0, next instruction Category: Ruota porta filtri, Item: SwitchFilter, Filter: LPRO
2026-07-17T01:33:51.8751|INFO|SequenceItem.cs|Run|208|Starting Category: Ruota porta filtri, Item: SwitchFilter, Filter: LPRO
2026-07-17T01:33:51.9131|INFO|SequenceItem.cs|Run|254|Finishing Category: Ruota porta filtri, Item: SwitchFilter, Filter: LPRO
2026-07-17T01:33:51.9134|INFO|SequenceTrigger.cs|Run|114|Starting Trigger: DitherAfterExposures, After Exposures: 1
2026-07-17T01:33:51.9135|INFO|SequenceItem.cs|Run|208|Starting Category: * Set di Istruzioni *, Container: NINA.Sequencer.Container.SequentialContainer, Strategy: SequentialStrategy, Items[CREATED]: 1
2026-07-17T01:33:51.9136|INFO|SequenceItem.cs|Run|208|Starting Category: Guida, Item: Dither
2026-07-17T01:33:53.0989|INFO|ImageSolver.cs|Solve|41|Platesolving with parameters: FocalLength: 760 PixelSize: 4.63 SearchRadius: 30 BlindFailoverEnabled: True Regions: 5000 DownSampleFactor: 2 MaxObjects: 500 Reference Coordinates RA: 04:08:42 Dec: 85° 35' 31" Epoch: J2000
2026-07-17T01:33:54.1848|INFO|BaseImageData.cs|SaveToDisk|346|Saved image to C:\Users\PrimaLuceLab\AppData\Local\NINA\PlateSolver\pnmzub3f.4vz.fits
2026-07-17T01:33:57.1528|INFO|ImageSolver.cs|Solve|54|Platesolve successful: Coordinates: RA: 04:14:25; Dec: 85° 34' 33"; Epoch: J2000 - Position Angle: 274.081037135381
2026-07-17T01:33:57.1530|INFO|CenterAfterDriftTrigger.cs|PlatesolvingImageFollower_PropertyChanged|189|Drift: 3.545146357550468 / 3 arc minutes
2026-07-17T01:34:08.0688|INFO|HocusFocusStarDetection.cs|Detect|413|Average HFR: 2.5020069589143072, HFR MAD: 0.23571256989542944, Detected Stars 483, Region: 0
2026-07-17T01:34:08.8265|INFO|BaseImageData.cs|SaveToDisk|346|Saved image to D:\Images NINA\Target\LIGHT_1x1_600.00s_910_99_LDN 1320_Skywatcher quattro 200p__-9.90C_LPRO_0147_2026-07-17_01-23-51_FWHM_6.28_Fok_115507.xisf
2026-07-17T01:34:08.8266|INFO|ImageSaveController.cs|DoWork|97|Successfully saved file at D:\Images NINA\Target\LIGHT_1x1_600.00s_910_99_LDN 1320_Skywatcher quattro 200p__-9.90C_LPRO_0147_2026-07-17_01-23-51_FWHM_6.28_Fok_115507.xisf. Duration Total: 00:00:15.7279241; BeforeSave: 00:00:00.0000971; BeforeFinalizeImageSaved: 00:00:15.5814032; FinalizeSaveTime: 00:00:00.1464230
2026-07-17T01:34:10.6707|INFO|SequenceItem.cs|Run|254|Finishing Category: Guida, Item: Dither
2026-07-17T01:34:10.6709|INFO|SequenceItem.cs|Run|254|Finishing Category: * Set di Istruzioni *, Container: NINA.Sequencer.Container.SequentialContainer, Strategy: SequentialStrategy, Items[FINISHED]: 1
2026-07-17T01:34:10.6710|INFO|CenterAfterDriftTrigger.cs|ShouldTrigger|214|Drift exceeded threshold: 3.545146357550468 / 3 arc minutes
2026-07-17T01:34:10.6745|INFO|SequenceTrigger.cs|Run|114|Starting Trigger: CenterAfterDriftTrigger, DistanceArcMinutes: 3
2026-07-17T01:34:13.1638|INFO|TelescopeVM.cs|SlewAsyncInternal|910|Slewing from RA: 04:16:45; Dec: 85° 39' 33"; Epoch: JNOW to RA: 04:23:26; Dec: 85° 41' 39"; Epoch: JNOW - Alt: 39° 51' 44"; Az: 04° 32' 36"
2026-07-17T01:34:24.4273|INFO|CameraVM.cs|Capture|742|Starting Exposure - Exposure Time: 10s; Filter: ; Gain: 100; Offset 99; Binning: 1x1;
2026-07-17T01:34:40.1337|INFO|ImageSolver.cs|Solve|41|Platesolving with parameters: FocalLength: 760 PixelSize: 4.63 SearchRadius: 30 BlindFailoverEnabled: True Regions: 5000 DownSampleFactor: 2 MaxObjects: 500 Reference Coordinates RA: 04:15:12 Dec: 85° 37' 59" Epoch: J2000
2026-07-17T01:34:40.7315|INFO|BaseImageData.cs|SaveToDisk|346|Saved image to C:\Users\PrimaLuceLab\AppData\Local\NINA\PlateSolver\dp3eupm5.ikd.fits
2026-07-17T01:34:42.2041|INFO|ImageSolver.cs|Solve|54|Platesolve successful: Coordinates: RA: 04:21:04; Dec: 85° 36' 35"; Epoch: J2000 - Position Angle: 274.0554654393185
2026-07-17T01:34:42.2063|INFO|CenteringSolver.cs|Center|99|Centering Solver - Scope Position: RA: 04:23:26; Dec: 85° 41' 39"; Epoch: JNOW; Offset: RA: 00:00:00; Dec: 00° 00' 00"; Distance: 00° 00' 00"; Bearing: 00° 00' 00"; Centering Coordinates: RA: 04:23:26; Dec: 85° 41' 39"; Epoch: JNOW; Solved: RA: 04:29:20; Dec: 85° 40' 03"; Epoch: JNOW; Separation RA: -00:05:55; Dec: 00° 01' 36"; Distance: 00° 06' 52"; Bearing: -102° 44' 22"; Threshold: 1
2026-07-17T01:34:42.4096|INFO|TelescopeVM.cs|Sync|777|Syncing scope from RA: 04:23:26; Dec: 85° 41' 39"; Epoch: JNOW to RA: 04:29:20; Dec: 85° 40' 03"; Epoch: JNOW
2026-07-17T01:34:47.4113|INFO|CenteringSolver.cs|Center|132|Slewing to target after sync. Current Position: RA: 04:29:21; Dec: 85° 40' 03"; Epoch: JNOW; Target coordinates: RA: 04:23:26; Dec: 85° 41' 39"; Epoch: JNOW; Offset RA: 00:00:00; Dec: 00° 00' 00"; Distance: 00° 00' 00"; Bearing: 00° 00' 00"
2026-07-17T01:34:47.4181|INFO|TelescopeVM.cs|SlewAsyncInternal|910|Slewing from RA: 04:29:21; Dec: 85° 40' 03"; Epoch: JNOW to RA: 04:23:26; Dec: 85° 41' 39"; Epoch: JNOW - Alt: 39° 52' 14"; Az: 04° 33' 08"
2026-07-17T01:34:57.6457|INFO|CameraVM.cs|Capture|742|Starting Exposure - Exposure Time: 10s; Filter: ; Gain: 100; Offset 99; Binning: 1x1;
2026-07-17T01:35:14.0037|INFO|ImageSolver.cs|Solve|41|Platesolving with parameters: FocalLength: 760 PixelSize: 4.63 SearchRadius: 30 BlindFailoverEnabled: True Regions: 5000 DownSampleFactor: 2 MaxObjects: 500 Reference Coordinates RA: 04:15:12 Dec: 85° 37' 59" Epoch: J2000
2026-07-17T01:35:14.7018|INFO|BaseImageData.cs|SaveToDisk|346|Saved image to C:\Users\PrimaLuceLab\AppData\Local\NINA\PlateSolver\bli4loys.hm2.fits
2026-07-17T01:35:16.2495|INFO|ImageSolver.cs|Solve|54|Platesolve successful: Coordinates: RA: 04:15:38; Dec: 85° 37' 58"; Epoch: J2000 - Position Angle: 274.09726975077535
2026-07-17T01:35:16.2534|INFO|CenteringSolver.cs|Center|99|Centering Solver - Scope Position: RA: 04:23:26; Dec: 85° 41' 39"; Epoch: JNOW; Offset: RA: 00:00:00; Dec: 00° 00' 00"; Distance: 00° 00' 00"; Bearing: 00° 00' 00"; Centering Coordinates: RA: 04:23:26; Dec: 85° 41' 39"; Epoch: JNOW; Solved: RA: 04:23:52; Dec: 85° 41' 37"; Epoch: JNOW; Separation RA: -00:00:27; Dec: 00° 00' 02"; Distance: 00° 00' 30"; Bearing: -93° 43' 17"; Threshold: 1
2026-07-17T01:35:16.3229|INFO|PHD2Guider.cs|TryStartGuideCommand|641|Phd2 - Requesting to start guiding. Recalibrate: False
2026-07-17T01:35:37.5869|INFO|MeridianFlipTrigger.cs|ShouldTrigger|296|Meridian Flip - (Side of Pier usage is disabled) There is still time remaining. Max remaining time 08:20:18.8893616, next instruction time 600, next instruction Category: Fotocamera, Item: TakeExposure, ExposureTime 600, Gain 910, Offset 99, ImageType LIGHT, Binning 1x1
2026-07-17T01:35:37.5870|INFO|SequenceTrigger.cs|Run|114|Starting Trigger: RestoreGuiding
2026-07-17T01:35:37.5871|INFO|SequenceItem.cs|Run|208|Starting Category: * Set di Istruzioni *, Container: NINA.Sequencer.Container.SequentialContainer, Strategy: SequentialStrategy, Items[CREATED]: 1
2026-07-17T01:35:37.5872|INFO|SequenceItem.cs|Run|208|Starting Category: Guida, Item: StartGuiding
2026-07-17T01:35:37.6122|INFO|PHD2Guider.cs|StartGuidingPrivate|504|Phd2 - App is already guiding. Skipping start guiding
2026-07-17T01:35:37.6124|INFO|SequenceItem.cs|Run|254|Finishing Category: Guida, Item: StartGuiding
2026-07-17T01:35:37.6125|INFO|SequenceItem.cs|Run|254|Finishing Category: * Set di Istruzioni *, Container: NINA.Sequencer.Container.SequentialContainer, Strategy: SequentialStrategy, Items[FINISHED]: 1
2026-07-17T01:35:37.6128|INFO|SequenceItem.cs|Run|208|Starting Category: Fotocamera, Item: TakeExposure, ExposureTime 600, Gain 910, Offset 99, ImageType LIGHT, Binning 1x1
2026-07-17T01:35:37.6201|INFO|CameraVM.cs|Capture|742|Starting Exposure - Exposure Time: 600s; Filter: ; Gain: 910; Offset 99; Binning: 1x1;
2026-07-17T01:45:37.9733|INFO|SequenceItem.cs|Run|254|Finishing Category: Fotocamera, Item: TakeExposure, ExposureTime 600, Gain 910, Offset 99, ImageType LIGHT, Binning 1x1
2026-07-17T01:45:37.9738|INFO|MeridianFlipTrigger.cs|ShouldTrigger|296|Meridian Flip - (Side of Pier usage is disabled) There is still time remaining. Max remaining time 08:10:02.8019621, next instruction time 0, next instruction Category: Ruota porta filtri, Item: SwitchFilter, Filter: LPRO
2026-07-17T01:45:37.9738|INFO|SequenceItem.cs|Run|208|Starting Category: Ruota porta filtri, Item: SwitchFilter, Filter: LPRO
2026-07-17T01:45:37.9745|INFO|SequenceItem.cs|Run|254|Finishing Category: Ruota porta filtri, Item: SwitchFilter, Filter: LPRO
2026-07-17T01:45:37.9748|INFO|SequenceTrigger.cs|Run|114|Starting Trigger: DitherAfterExposures, After Exposures: 1
2026-07-17T01:45:37.9748|INFO|SequenceItem.cs|Run|208|Starting Category: * Set di Istruzioni *, Container: NINA.Sequencer.Container.SequentialContainer, Strategy: SequentialStrategy, Items[CREATED]: 1
2026-07-17T01:45:37.9749|INFO|SequenceItem.cs|Run|208|Starting Category: Guida, Item: Dither
2026-07-17T01:45:51.9076|INFO|HocusFocusStarDetection.cs|Detect|413|Average HFR: 2.867458856957828, HFR MAD: 0.25451150078749185, Detected Stars 206, Region: 0
2026-07-17T01:45:53.0112|INFO|BaseImageData.cs|SaveToDisk|346|Saved image to D:\Images NINA\Target\LIGHT_1x1_600.00s_910_99_LDN 1320_Skywatcher quattro 200p__-10.00C_LPRO_0148_2026-07-17_01-35-37_FWHM_6.85_Fok_115507.xisf
2026-07-17T01:45:53.0113|INFO|ImageSaveController.cs|DoWork|97|Successfully saved file at D:\Images NINA\Target\LIGHT_1x1_600.00s_910_99_LDN 1320_Skywatcher quattro 200p__-10.00C_LPRO_0148_2026-07-17_01-35-37_FWHM_6.85_Fok_115507.xisf. Duration Total: 00:00:13.5990617; BeforeSave: 00:00:00.0469464; BeforeFinalizeImageSaved: 00:00:13.3705526; FinalizeSaveTime: 00:00:00.1815617
2026-07-17T01:46:09.4503|INFO|SequenceItem.cs|Run|254|Finishing Category: Guida, Item: Dither
2026-07-17T01:46:09.4506|INFO|SequenceItem.cs|Run|254|Finishing Category: * Set di Istruzioni *, Container: NINA.Sequencer.Container.SequentialContainer, Strategy: SequentialStrategy, Items[FINISHED]: 1
2026-07-17T01:46:09.4507|INFO|MeridianFlipTrigger.cs|ShouldTrigger|296|Meridian Flip - (Side of Pier usage is disabled) There is still time remaining. Max remaining time 08:09:21.2952607, next instruction time 600, next instruction Category: Fotocamera, Item: TakeExposure, ExposureTime 600, Gain 910, Offset 99, ImageType LIGHT, Binning 1x1
2026-07-17T01:46:09.4508|INFO|SequenceTrigger.cs|Run|114|Starting Trigger: RestoreGuiding
2026-07-17T01:46:09.4508|INFO|SequenceItem.cs|Run|208|Starting Category: * Set di Istruzioni *, Container: NINA.Sequencer.Container.SequentialContainer, Strategy: SequentialStrategy, Items[CREATED]: 1
2026-07-17T01:46:09.4509|INFO|SequenceItem.cs|Run|208|Starting Category: Guida, Item: StartGuiding
2026-07-17T01:46:09.5343|INFO|PHD2Guider.cs|StartGuidingPrivate|504|Phd2 - App is already guiding. Skipping start guiding
2026-07-17T01:46:09.5345|INFO|SequenceItem.cs|Run|254|Finishing Category: Guida, Item: StartGuiding
2026-07-17T01:46:09.5346|INFO|SequenceItem.cs|Run|254|Finishing Category: * Set di Istruzioni *, Container: NINA.Sequencer.Container.SequentialContainer, Strategy: SequentialStrategy, Items[FINISHED]: 1
2026-07-17T01:46:09.5351|INFO|SequenceItem.cs|Run|208|Starting Category: Fotocamera, Item: TakeExposure, ExposureTime 600, Gain 910, Offset 99, ImageType LIGHT, Binning 1x1
2026-07-17T01:46:09.5355|INFO|CameraVM.cs|Capture|742|Starting Exposure - Exposure Time: 600s; Filter: ; Gain: 910; Offset 99; Binning: 1x1;
2026-07-17T01:56:09.9010|INFO|SequenceItem.cs|Run|254|Finishing Category: Fotocamera, Item: TakeExposure, ExposureTime 600, Gain 910, Offset 99, ImageType LIGHT, Binning 1x1
2026-07-17T01:56:09.9015|INFO|MeridianFlipTrigger.cs|ShouldTrigger|296|Meridian Flip - (Side of Pier usage is disabled) There is still time remaining. Max remaining time 07:59:03.5431171, next instruction time 0, next instruction Category: Ruota porta filtri, Item: SwitchFilter, Filter: LPRO
2026-07-17T01:56:09.9015|INFO|SequenceItem.cs|Run|208|Starting Category: Ruota porta filtri, Item: SwitchFilter, Filter: LPRO
2026-07-17T01:56:09.9022|INFO|SequenceItem.cs|Run|254|Finishing Category: Ruota porta filtri, Item: SwitchFilter, Filter: LPRO
2026-07-17T01:56:09.9024|INFO|SequenceTrigger.cs|Run|114|Starting Trigger: DitherAfterExposures, After Exposures: 1
2026-07-17T01:56:09.9024|INFO|SequenceItem.cs|Run|208|Starting Category: * Set di Istruzioni *, Container: NINA.Sequencer.Container.SequentialContainer, Strategy: SequentialStrategy, Items[CREATED]: 1
2026-07-17T01:56:09.9025|INFO|SequenceItem.cs|Run|208|Starting Category: Guida, Item: Dither
2026-07-17T01:56:24.0980|INFO|HocusFocusStarDetection.cs|Detect|413|Average HFR: 2.7469569068593644, HFR MAD: 0.26378258921176867, Detected Stars 322, Region: 0
2026-07-17T01:56:24.9441|INFO|BaseImageData.cs|SaveToDisk|346|Saved image to D:\Images NINA\Target\LIGHT_1x1_600.00s_910_99_LDN 1320_Skywatcher quattro 200p__-10.00C_LPRO_0149_2026-07-17_01-46-09_FWHM_6.60_Fok_115507.xisf
2026-07-17T01:56:24.9442|INFO|ImageSaveController.cs|DoWork|97|Successfully saved file at D:\Images NINA\Target\LIGHT_1x1_600.00s_910_99_LDN 1320_Skywatcher quattro 200p__-10.00C_LPRO_0149_2026-07-17_01-46-09_FWHM_6.60_Fok_115507.xisf. Duration Total: 00:00:14.2138925; BeforeSave: 00:00:00.0000926; BeforeFinalizeImageSaved: 00:00:13.9626939; FinalizeSaveTime: 00:00:00.2511054
2026-07-17T01:56:25.2784|INFO|SequenceItem.cs|Run|254|Finishing Category: Guida, Item: Dither
2026-07-17T01:56:25.2786|INFO|SequenceItem.cs|Run|254|Finishing Category: * Set di Istruzioni *, Container: NINA.Sequencer.Container.SequentialContainer, Strategy: SequentialStrategy, Items[FINISHED]: 1
2026-07-17T01:56:25.2788|INFO|MeridianFlipTrigger.cs|ShouldTrigger|296|Meridian Flip - (Side of Pier usage is disabled) There is still time remaining. Max remaining time 07:58:46.4926605, next instruction time 600, next instruction Category: Fotocamera, Item: TakeExposure, ExposureTime 600, Gain 910, Offset 99, ImageType LIGHT, Binning 1x1
2026-07-17T01:56:25.2789|INFO|SequenceTrigger.cs|Run|114|Starting Trigger: RestoreGuiding
2026-07-17T01:56:25.2790|INFO|SequenceItem.cs|Run|208|Starting Category: * Set di Istruzioni *, Container: NINA.Sequencer.Container.SequentialContainer, Strategy: SequentialStrategy, Items[CREATED]: 1
2026-07-17T01:56:25.2790|INFO|SequenceItem.cs|Run|208|Starting Category: Guida, Item: StartGuiding
2026-07-17T01:56:25.3093|INFO|PHD2Guider.cs|StartGuidingPrivate|504|Phd2 - App is already guiding. Skipping start guiding
2026-07-17T01:56:25.3095|INFO|SequenceItem.cs|Run|254|Finishing Category: Guida, Item: StartGuiding
2026-07-17T01:56:25.3097|INFO|SequenceItem.cs|Run|254|Finishing Category: * Set di Istruzioni *, Container: NINA.Sequencer.Container.SequentialContainer, Strategy: SequentialStrategy, Items[FINISHED]: 1
2026-07-17T01:56:25.3541|INFO|SequenceItem.cs|Run|208|Starting Category: Fotocamera, Item: TakeExposure, ExposureTime 600, Gain 910, Offset 99, ImageType LIGHT, Binning 1x1
2026-07-17T01:56:25.3550|INFO|CameraVM.cs|Capture|742|Starting Exposure - Exposure Time: 600s; Filter: ; Gain: 910; Offset 99; Binning: 1x1;
2026-07-17T02:06:25.7882|INFO|SequenceItem.cs|Run|254|Finishing Category: Fotocamera, Item: TakeExposure, ExposureTime 600, Gain 910, Offset 99, ImageType LIGHT, Binning 1x1
2026-07-17T02:06:25.7890|INFO|MeridianFlipTrigger.cs|ShouldTrigger|296|Meridian Flip - (Side of Pier usage is disabled) There is still time remaining. Max remaining time 07:48:29.2678500, next instruction time 0, next instruction Category: Ruota porta filtri, Item: SwitchFilter, Filter: LPRO
2026-07-17T02:06:25.7890|INFO|SequenceItem.cs|Run|208|Starting Category: Ruota porta filtri, Item: SwitchFilter, Filter: LPRO
2026-07-17T02:06:25.8436|INFO|SequenceItem.cs|Run|254|Finishing Category: Ruota porta filtri, Item: SwitchFilter, Filter: LPRO
2026-07-17T02:06:25.8439|INFO|SequenceTrigger.cs|Run|114|Starting Trigger: DitherAfterExposures, After Exposures: 1
2026-07-17T02:06:25.8440|INFO|SequenceItem.cs|Run|208|Starting Category: * Set di Istruzioni *, Container: NINA.Sequencer.Container.SequentialContainer, Strategy: SequentialStrategy, Items[CREATED]: 1
2026-07-17T02:06:25.8441|INFO|SequenceItem.cs|Run|208|Starting Category: Guida, Item: Dither
2026-07-17T02:06:26.9602|INFO|ImageSolver.cs|Solve|41|Platesolving with parameters: FocalLength: 760 PixelSize: 4.63 SearchRadius: 30 BlindFailoverEnabled: True Regions: 5000 DownSampleFactor: 2 MaxObjects: 500 Reference Coordinates RA: 04:14:19 Dec: 85° 36' 31" Epoch: J2000
2026-07-17T02:06:28.1169|INFO|BaseImageData.cs|SaveToDisk|346|Saved image to C:\Users\PrimaLuceLab\AppData\Local\NINA\PlateSolver\tvevm4fl.2db.fits
2026-07-17T02:06:31.2162|INFO|ImageSolver.cs|Solve|54|Platesolve successful: Coordinates: RA: 04:15:33; Dec: 85° 37' 21"; Epoch: J2000 - Position Angle: 274.296950903147
2026-07-17T02:06:31.2164|INFO|CenterAfterDriftTrigger.cs|PlatesolvingImageFollower_PropertyChanged|189|Drift: 0.7420674244116122 / 3 arc minutes
2026-07-17T02:06:40.8472|INFO|HocusFocusStarDetection.cs|Detect|413|Average HFR: 2.5835241289204323, HFR MAD: 0.22742082359735383, Detected Stars 417, Region: 0
2026-07-17T02:06:41.4569|INFO|BaseImageData.cs|SaveToDisk|346|Saved image to D:\Images NINA\Target\LIGHT_1x1_600.00s_910_99_LDN 1320_Skywatcher quattro 200p__-9.90C_LPRO_0150_2026-07-17_01-56-25_FWHM_6.35_Fok_115507.xisf
2026-07-17T02:06:41.4571|INFO|ImageSaveController.cs|DoWork|97|Successfully saved file at D:\Images NINA\Target\LIGHT_1x1_600.00s_910_99_LDN 1320_Skywatcher quattro 200p__-9.90C_LPRO_0150_2026-07-17_01-56-25_FWHM_6.35_Fok_115507.xisf. Duration Total: 00:00:14.4970282; BeforeSave: 00:00:00.0000942; BeforeFinalizeImageSaved: 00:00:14.3345221; FinalizeSaveTime: 00:00:00.1624110
2026-07-17T02:07:05.9374|INFO|SequenceItem.cs|Run|254|Finishing Category: Guida, Item: Dither
2026-07-17T02:07:05.9376|INFO|SequenceItem.cs|Run|254|Finishing Category: * Set di Istruzioni *, Container: NINA.Sequencer.Container.SequentialContainer, Strategy: SequentialStrategy, Items[FINISHED]: 1
2026-07-17T02:07:05.9377|INFO|MeridianFlipTrigger.cs|ShouldTrigger|296|Meridian Flip - (Side of Pier usage is disabled) There is still time remaining. Max remaining time 07:47:31.2464769, next instruction time 600, next instruction Category: Fotocamera, Item: TakeExposure, ExposureTime 600, Gain 910, Offset 99, ImageType LIGHT, Binning 1x1
2026-07-17T02:07:05.9378|INFO|SequenceTrigger.cs|Run|114|Starting Trigger: RestoreGuiding
2026-07-17T02:07:05.9379|INFO|SequenceItem.cs|Run|208|Starting Category: * Set di Istruzioni *, Container: NINA.Sequencer.Container.SequentialContainer, Strategy: SequentialStrategy, Items[CREATED]: 1
2026-07-17T02:07:05.9379|INFO|SequenceItem.cs|Run|208|Starting Category: Guida, Item: StartGuiding
2026-07-17T02:07:06.0294|INFO|PHD2Guider.cs|StartGuidingPrivate|504|Phd2 - App is already guiding. Skipping start guiding
2026-07-17T02:07:06.0296|INFO|SequenceItem.cs|Run|254|Finishing Category: Guida, Item: StartGuiding
2026-07-17T02:07:06.0297|INFO|SequenceItem.cs|Run|254|Finishing Category: * Set di Istruzioni *, Container: NINA.Sequencer.Container.SequentialContainer, Strategy: SequentialStrategy, Items[FINISHED]: 1
2026-07-17T02:07:06.0310|INFO|SequenceItem.cs|Run|208|Starting Category: Fotocamera, Item: TakeExposure, ExposureTime 600, Gain 910, Offset 99, ImageType LIGHT, Binning 1x1
2026-07-17T02:07:06.0314|INFO|CameraVM.cs|Capture|742|Starting Exposure - Exposure Time: 600s; Filter: ; Gain: 910; Offset 99; Binning: 1x1;
2026-07-17T02:17:06.4076|INFO|SequenceItem.cs|Run|254|Finishing Category: Fotocamera, Item: TakeExposure, ExposureTime 600, Gain 910, Offset 99, ImageType LIGHT, Binning 1x1
2026-07-17T02:17:06.4081|INFO|MeridianFlipTrigger.cs|ShouldTrigger|296|Meridian Flip - (Side of Pier usage is disabled) There is still time remaining. Max remaining time 07:37:17.0697572, next instruction time 0, next instruction Category: Ruota porta filtri, Item: SwitchFilter, Filter: LPRO
2026-07-17T02:17:06.4082|INFO|SequenceItem.cs|Run|208|Starting Category: Ruota porta filtri, Item: SwitchFilter, Filter: LPRO
2026-07-17T02:17:06.4088|INFO|SequenceItem.cs|Run|254|Finishing Category: Ruota porta filtri, Item: SwitchFilter, Filter: LPRO
2026-07-17T02:17:06.4089|INFO|SequenceTrigger.cs|Run|114|Starting Trigger: DitherAfterExposures, After Exposures: 1
2026-07-17T02:17:06.4091|INFO|SequenceItem.cs|Run|208|Starting Category: * Set di Istruzioni *, Container: NINA.Sequencer.Container.SequentialContainer, Strategy: SequentialStrategy, Items[CREATED]: 1
2026-07-17T02:17:06.4091|INFO|SequenceItem.cs|Run|208|Starting Category: Guida, Item: Dither
2026-07-17T02:17:20.3683|INFO|HocusFocusStarDetection.cs|Detect|413|Average HFR: 2.7010496216619178, HFR MAD: 0.2515996340846378, Detected Stars 330, Region: 0
2026-07-17T02:17:21.0595|INFO|BaseImageData.cs|SaveToDisk|346|Saved image to D:\Images NINA\Target\LIGHT_1x1_600.00s_910_99_LDN 1320_Skywatcher quattro 200p__-9.90C_LPRO_0151_2026-07-17_02-07-06_FWHM_6.64_Fok_115507.xisf
2026-07-17T02:17:21.0596|INFO|ImageSaveController.cs|DoWork|97|Successfully saved file at D:\Images NINA\Target\LIGHT_1x1_600.00s_910_99_LDN 1320_Skywatcher quattro 200p__-9.90C_LPRO_0151_2026-07-17_02-07-06_FWHM_6.64_Fok_115507.xisf. Duration Total: 00:00:13.1467585; BeforeSave: 00:00:00.0000891; BeforeFinalizeImageSaved: 00:00:13.0160091; FinalizeSaveTime: 00:00:00.1306596
2026-07-17T02:17:35.0445|INFO|SequenceItem.cs|Run|254|Finishing Category: Guida, Item: Dither
2026-07-17T02:17:35.0447|INFO|SequenceItem.cs|Run|254|Finishing Category: * Set di Istruzioni *, Container: NINA.Sequencer.Container.SequentialContainer, Strategy: SequentialStrategy, Items[FINISHED]: 1
2026-07-17T02:17:35.0449|INFO|MeridianFlipTrigger.cs|ShouldTrigger|296|Meridian Flip - (Side of Pier usage is disabled) There is still time remaining. Max remaining time 07:36:49.0792260, next instruction time 600, next instruction Category: Fotocamera, Item: TakeExposure, ExposureTime 600, Gain 910, Offset 99, ImageType LIGHT, Binning 1x1
2026-07-17T02:17:35.0449|INFO|SequenceTrigger.cs|Run|114|Starting Trigger: RestoreGuiding
2026-07-17T02:17:35.0450|INFO|SequenceItem.cs|Run|208|Starting Category: * Set di Istruzioni *, Container: NINA.Sequencer.Container.SequentialContainer, Strategy: SequentialStrategy, Items[CREATED]: 1
2026-07-17T02:17:35.0450|INFO|SequenceItem.cs|Run|208|Starting Category: Guida, Item: StartGuiding
2026-07-17T02:17:35.0840|INFO|PHD2Guider.cs|StartGuidingPrivate|504|Phd2 - App is already guiding. Skipping start guiding
2026-07-17T02:17:35.0842|INFO|SequenceItem.cs|Run|254|Finishing Category: Guida, Item: StartGuiding
2026-07-17T02:17:35.0843|INFO|SequenceItem.cs|Run|254|Finishing Category: * Set di Istruzioni *, Container: NINA.Sequencer.Container.SequentialContainer, Strategy: SequentialStrategy, Items[FINISHED]: 1
2026-07-17T02:17:35.1071|INFO|SequenceItem.cs|Run|208|Starting Category: Fotocamera, Item: TakeExposure, ExposureTime 600, Gain 910, Offset 99, ImageType LIGHT, Binning 1x1
2026-07-17T02:17:35.1076|INFO|CameraVM.cs|Capture|742|Starting Exposure - Exposure Time: 600s; Filter: ; Gain: 910; Offset 99; Binning: 1x1;
2026-07-17T02:27:35.4185|INFO|SequenceItem.cs|Run|254|Finishing Category: Fotocamera, Item: TakeExposure, ExposureTime 600, Gain 910, Offset 99, ImageType LIGHT, Binning 1x1
2026-07-17T02:27:35.4190|INFO|MeridianFlipTrigger.cs|ShouldTrigger|296|Meridian Flip - (Side of Pier usage is disabled) There is still time remaining. Max remaining time 07:26:35.3379480, next instruction time 0, next instruction Category: Ruota porta filtri, Item: SwitchFilter, Filter: LPRO
2026-07-17T02:27:35.4190|INFO|SequenceItem.cs|Run|208|Starting Category: Ruota porta filtri, Item: SwitchFilter, Filter: LPRO
2026-07-17T02:27:35.4198|INFO|SequenceItem.cs|Run|254|Finishing Category: Ruota porta filtri, Item: SwitchFilter, Filter: LPRO
2026-07-17T02:27:35.4203|INFO|SequenceTrigger.cs|Run|114|Starting Trigger: DitherAfterExposures, After Exposures: 1
2026-07-17T02:27:35.4204|INFO|SequenceItem.cs|Run|208|Starting Category: * Set di Istruzioni *, Container: NINA.Sequencer.Container.SequentialContainer, Strategy: SequentialStrategy, Items[CREATED]: 1
2026-07-17T02:27:35.4204|INFO|SequenceItem.cs|Run|208|Starting Category: Guida, Item: Dither
2026-07-17T02:27:49.8369|INFO|HocusFocusStarDetection.cs|Detect|413|Average HFR: 2.9498180406221586, HFR MAD: 0.2523033244673427, Detected Stars 188, Region: 0
2026-07-17T02:27:50.6761|INFO|BaseImageData.cs|SaveToDisk|346|Saved image to D:\Images NINA\Target\LIGHT_1x1_600.00s_910_99_LDN 1320_Skywatcher quattro 200p__-9.90C_LPRO_0152_2026-07-17_02-17-35_FWHM_6.92_Fok_115507.xisf
2026-07-17T02:27:50.6762|INFO|ImageSaveController.cs|DoWork|97|Successfully saved file at D:\Images NINA\Target\LIGHT_1x1_600.00s_910_99_LDN 1320_Skywatcher quattro 200p__-9.90C_LPRO_0152_2026-07-17_02-17-35_FWHM_6.92_Fok_115507.xisf. Duration Total: 00:00:13.0237760; BeforeSave: 00:00:00.0948233; BeforeFinalizeImageSaved: 00:00:12.6644766; FinalizeSaveTime: 00:00:00.2644750
2026-07-17T02:27:51.9616|INFO|SequenceItem.cs|Run|254|Finishing Category: Guida, Item: Dither
2026-07-17T02:27:51.9618|INFO|SequenceItem.cs|Run|254|Finishing Category: * Set di Istruzioni *, Container: NINA.Sequencer.Container.SequentialContainer, Strategy: SequentialStrategy, Items[FINISHED]: 1
2026-07-17T02:27:51.9780|INFO|MeridianFlipTrigger.cs|ShouldTrigger|296|Meridian Flip - (Side of Pier usage is disabled) There is still time remaining. Max remaining time 07:26:14.9312192, next instruction time 600, next instruction Category: Fotocamera, Item: TakeExposure, ExposureTime 600, Gain 910, Offset 99, ImageType LIGHT, Binning 1x1
2026-07-17T02:27:51.9781|INFO|SequenceTrigger.cs|Run|114|Starting Trigger: RestoreGuiding
2026-07-17T02:27:51.9782|INFO|SequenceItem.cs|Run|208|Starting Category: * Set di Istruzioni *, Container: NINA.Sequencer.Container.SequentialContainer, Strategy: SequentialStrategy, Items[CREATED]: 1
2026-07-17T02:27:51.9782|INFO|SequenceItem.cs|Run|208|Starting Category: Guida, Item: StartGuiding
2026-07-17T02:27:52.0447|INFO|PHD2Guider.cs|StartGuidingPrivate|504|Phd2 - App is already guiding. Skipping start guiding
2026-07-17T02:27:52.0448|INFO|SequenceItem.cs|Run|254|Finishing Category: Guida, Item: StartGuiding
2026-07-17T02:27:52.0450|INFO|SequenceItem.cs|Run|254|Finishing Category: * Set di Istruzioni *, Container: NINA.Sequencer.Container.SequentialContainer, Strategy: SequentialStrategy, Items[FINISHED]: 1
2026-07-17T02:27:52.0452|INFO|AutofocusAfterHFRIncreaseTrigger.cs|ShouldTrigger|221|Autofocus after HFR change should be triggered, as current HFR trend is 11.1% higher compared to threshold of 10%
2026-07-17T02:27:52.0454|INFO|SequenceTrigger.cs|Run|114|Starting Trigger: AutofocusAfterHFRIncreaseTrigger, Amount: 10
2026-07-17T02:27:52.0464|INFO|SequenceItem.cs|Run|208|Starting Category: * Set di Istruzioni *, Container: NINA.Sequencer.Container.SequentialContainer, Strategy: SequentialStrategy, Items[CREATED]: 1
2026-07-17T02:27:52.0466|INFO|SequenceItem.cs|Run|208|Starting Category: Focheggiatore, Item: RunAutofocus
2026-07-17T02:27:52.3263|INFO|FocuserMediator.cs|BroadcastAutoFocusRunStarting|92|Autofocus starting notification received
2026-07-17T02:27:53.4787|INFO|AutoFocusEngine.cs|RunAutoFocus|929|Starting AutoFocus with initial position 115507
2026-07-17T02:27:53.4815|INFO|CameraVM.cs|Capture|742|Starting Exposure - Exposure Time: 5s; Filter: LPRO; Gain: 910; Offset 99; Binning: 1x1;
2026-07-17T02:27:58.7666|INFO|AutoFocusEngine.cs|StartBlindFocusPoints|769|Waiting on initial HFR analysis
2026-07-17T02:27:58.8467|INFO|FocuserVM.cs|MoveFocuserInternal|216|Moving Focuser to position 130507
2026-07-17T02:28:04.4334|INFO|CameraVM.cs|Capture|742|Starting Exposure - Exposure Time: 5s; Filter: LPRO; Gain: 910; Offset 99; Binning: 1x1;
2026-07-17T02:28:09.8061|INFO|FocuserVM.cs|MoveFocuserInternal|216|Moving Focuser to position 125507
2026-07-17T02:28:09.8883|INFO|HocusFocusStarDetection.cs|Detect|413|Average HFR: 2.0095037685940045, HFR MAD: 0.17577788608249278, Detected Stars 121, Region: 0
2026-07-17T02:28:15.6107|INFO|CameraVM.cs|Capture|742|Starting Exposure - Exposure Time: 5s; Filter: LPRO; Gain: 910; Offset 99; Binning: 1x1;
2026-07-17T02:28:21.0367|INFO|FocuserVM.cs|MoveFocuserInternal|216|Moving Focuser to position 120507
2026-07-17T02:28:21.4246|INFO|HocusFocusStarDetection.cs|Detect|413|Average HFR: 8.525677849606842, HFR MAD: 0.30181844777700384, Detected Stars 13, Region: 0
2026-07-17T02:28:26.5473|INFO|CameraVM.cs|Capture|742|Starting Exposure - Exposure Time: 5s; Filter: LPRO; Gain: 910; Offset 99; Binning: 1x1;
2026-07-17T02:28:31.8783|INFO|AutoFocusEngine.cs|StartBlindFocusPoints|797|Waiting on initial focuser move analyses
2026-07-17T02:28:33.7047|INFO|HocusFocusStarDetection.cs|Detect|413|Average HFR: 5.472160440801298, HFR MAD: 0.399497663463972, Detected Stars 56, Region: 0
2026-07-17T02:28:44.0622|INFO|HocusFocusStarDetection.cs|Detect|413|Average HFR: 2.888599542780815, HFR MAD: 0.29049707705476147, Detected Stars 132, Region: 0
2026-07-17T02:28:44.1923|INFO|FocuserVM.cs|MoveFocuserInternal|216|Moving Focuser to position 115507
2026-07-17T02:28:50.3868|INFO|CameraVM.cs|Capture|742|Starting Exposure - Exposure Time: 5s; Filter: LPRO; Gain: 910; Offset 99; Binning: 1x1;
2026-07-17T02:28:55.6422|INFO|AutoFocusEngine.cs|StartBlindFocusPoints|870|Waiting on next left movement analysis
2026-07-17T02:29:06.8654|INFO|HocusFocusStarDetection.cs|Detect|413|Average HFR: 2.114068270415088, HFR MAD: 0.1469983373526107, Detected Stars 138, Region: 0
2026-07-17T02:29:06.9655|INFO|FocuserVM.cs|MoveFocuserInternal|216|Moving Focuser to position 110507
2026-07-17T02:29:12.3848|INFO|CameraVM.cs|Capture|742|Starting Exposure - Exposure Time: 5s; Filter: LPRO; Gain: 910; Offset 99; Binning: 1x1;
2026-07-17T02:29:17.7056|INFO|AutoFocusEngine.cs|StartBlindFocusPoints|870|Waiting on next left movement analysis
2026-07-17T02:29:29.3351|INFO|HocusFocusStarDetection.cs|Detect|413|Average HFR: 3.3949994201929394, HFR MAD: 0.27694621367571237, Detected Stars 110, Region: 0
2026-07-17T02:29:29.4523|INFO|FocuserVM.cs|MoveFocuserInternal|216|Moving Focuser to position 105507
2026-07-17T02:29:34.8493|INFO|CameraVM.cs|Capture|742|Starting Exposure - Exposure Time: 5s; Filter: LPRO; Gain: 910; Offset 99; Binning: 1x1;
2026-07-17T02:29:40.0500|INFO|AutoFocusEngine.cs|StartBlindFocusPoints|870|Waiting on next left movement analysis
2026-07-17T02:29:51.3809|INFO|HocusFocusStarDetection.cs|Detect|413|Average HFR: 5.914828281747566, HFR MAD: 0.37664538959771043, Detected Stars 48, Region: 0
2026-07-17T02:29:51.4406|INFO|AutoFocusEngine.cs|StartBlindFocusPoints|841|Enough right trend points (3) with an established minimum (115507) to queue remaining left focus points down to 100507
2026-07-17T02:29:51.4951|INFO|FocuserVM.cs|MoveFocuserInternal|216|Moving Focuser to position 100507
2026-07-17T02:29:56.8268|INFO|CameraVM.cs|Capture|742|Starting Exposure - Exposure Time: 5s; Filter: LPRO; Gain: 910; Offset 99; Binning: 1x1;
2026-07-17T02:30:02.0483|INFO|AutoFocusEngine.cs|StartBlindFocusPoints|896|Waiting on remaining AutoFocus analysis tasks
2026-07-17T02:30:13.3812|INFO|HocusFocusStarDetection.cs|Detect|413|Average HFR: 9.02422483600343, HFR MAD: 0.16006060375609366, Detected Stars 10, Region: 0
2026-07-17T02:30:13.4754|INFO|FocuserVM.cs|MoveFocuserInternal|216|Moving Focuser to position 116189
2026-07-17T02:30:20.3904|INFO|AutoFocusEngine.cs|ValidateCalculatedFocusPosition|1141|Validating HFR at final focus position 116189
2026-07-17T02:30:20.3917|INFO|CameraVM.cs|Capture|742|Starting Exposure - Exposure Time: 5s; Filter: LPRO; Gain: 910; Offset 99; Binning: 1x1;
2026-07-17T02:30:37.2913|INFO|HocusFocusStarDetection.cs|Detect|413|Average HFR: 2.0636498317922483, HFR MAD: 0.18076466595218976, Detected Stars 135, Region: 0
2026-07-17T02:30:37.2917|INFO|HocusFocusVM.cs|AutoFocusEngine_Completed|473|AutoFocus completed with focuser starting at 115507 and ending at 116189
2026-07-17T02:30:37.2979|INFO|FocuserMediator.cs|BroadcastSuccessfulAutoFocusRun|46|Autofocus notification received - Temperature 24.2
2026-07-17T02:30:37.3379|INFO|PHD2Guider.cs|TryStartGuideCommand|641|Phd2 - Requesting to start guiding. Recalibrate: False
2026-07-17T02:30:59.8701|INFO|SequenceItem.cs|Run|254|Finishing Category: Focheggiatore, Item: RunAutofocus
2026-07-17T02:30:59.8703|INFO|SequenceItem.cs|Run|254|Finishing Category: * Set di Istruzioni *, Container: NINA.Sequencer.Container.SequentialContainer, Strategy: SequentialStrategy, Items[FINISHED]: 1
2026-07-17T02:30:59.8707|INFO|SequenceItem.cs|Run|208|Starting Category: Fotocamera, Item: TakeExposure, ExposureTime 600, Gain 910, Offset 99, ImageType LIGHT, Binning 1x1
2026-07-17T02:30:59.8718|INFO|CameraVM.cs|Capture|742|Starting Exposure - Exposure Time: 600s; Filter: ; Gain: 910; Offset 99; Binning: 1x1;
2026-07-17T02:41:00.2280|INFO|SequenceItem.cs|Run|254|Finishing Category: Fotocamera, Item: TakeExposure, ExposureTime 600, Gain 910, Offset 99, ImageType LIGHT, Binning 1x1
2026-07-17T02:41:00.2284|INFO|MeridianFlipTrigger.cs|ShouldTrigger|296|Meridian Flip - (Side of Pier usage is disabled) There is still time remaining. Max remaining time 07:12:49.2556579, next instruction time 0, next instruction Category: Ruota porta filtri, Item: SwitchFilter, Filter: LPRO
2026-07-17T02:41:00.2285|INFO|SequenceItem.cs|Run|208|Starting Category: Ruota porta filtri, Item: SwitchFilter, Filter: LPRO
2026-07-17T02:41:00.3043|INFO|SequenceItem.cs|Run|254|Finishing Category: Ruota porta filtri, Item: SwitchFilter, Filter: LPRO
2026-07-17T02:41:00.3047|INFO|SequenceTrigger.cs|Run|114|Starting Trigger: DitherAfterExposures, After Exposures: 1
2026-07-17T02:41:00.3048|INFO|SequenceItem.cs|Run|208|Starting Category: * Set di Istruzioni *, Container: NINA.Sequencer.Container.SequentialContainer, Strategy: SequentialStrategy, Items[CREATED]: 1
2026-07-17T02:41:00.3048|INFO|SequenceItem.cs|Run|208|Starting Category: Guida, Item: Dither
2026-07-17T02:41:01.0600|INFO|ImageSolver.cs|Solve|41|Platesolving with parameters: FocalLength: 760 PixelSize: 4.63 SearchRadius: 30 BlindFailoverEnabled: True Regions: 5000 DownSampleFactor: 2 MaxObjects: 500 Reference Coordinates RA: 04:13:23 Dec: 85° 35' 32" Epoch: J2000
2026-07-17T02:41:02.5403|INFO|BaseImageData.cs|SaveToDisk|346|Saved image to C:\Users\PrimaLuceLab\AppData\Local\NINA\PlateSolver\djt5xqfn.hyp.fits
2026-07-17T02:41:05.7149|INFO|ImageSolver.cs|Solve|54|Platesolve successful: Coordinates: RA: 04:15:35; Dec: 85° 36' 54"; Epoch: J2000 - Position Angle: 274.53640886799565
2026-07-17T02:41:05.7150|INFO|CenterAfterDriftTrigger.cs|PlatesolvingImageFollower_PropertyChanged|189|Drift: 1.1634400353496983 / 3 arc minutes
2026-07-17T02:41:16.0167|INFO|HocusFocusStarDetection.cs|Detect|413|Average HFR: 2.6421567840439666, HFR MAD: 0.24296401881952123, Detected Stars 546, Region: 0
2026-07-17T02:41:16.6727|INFO|BaseImageData.cs|SaveToDisk|346|Saved image to D:\Images NINA\Target\LIGHT_1x1_600.00s_910_99_LDN 1320_Skywatcher quattro 200p__-9.90C_LPRO_0153_2026-07-17_02-30-59_FWHM_6.44_Fok_116189.xisf
2026-07-17T02:41:16.6728|INFO|ImageSaveController.cs|DoWork|97|Successfully saved file at D:\Images NINA\Target\LIGHT_1x1_600.00s_910_99_LDN 1320_Skywatcher quattro 200p__-9.90C_LPRO_0153_2026-07-17_02-30-59_FWHM_6.44_Fok_116189.xisf. Duration Total: 00:00:15.6214670; BeforeSave: 00:00:00.0001078; BeforeFinalizeImageSaved: 00:00:15.4967004; FinalizeSaveTime: 00:00:00.1246581
2026-07-17T02:41:32.3494|INFO|SequenceItem.cs|Run|254|Finishing Category: Guida, Item: Dither
2026-07-17T02:41:32.3496|INFO|SequenceItem.cs|Run|254|Finishing Category: * Set di Istruzioni *, Container: NINA.Sequencer.Container.SequentialContainer, Strategy: SequentialStrategy, Items[FINISHED]: 1
2026-07-17T02:41:32.3498|INFO|MeridianFlipTrigger.cs|ShouldTrigger|296|Meridian Flip - (Side of Pier usage is disabled) There is still time remaining. Max remaining time 07:12:21.8037200, next instruction time 600, next instruction Category: Fotocamera, Item: TakeExposure, ExposureTime 600, Gain 910, Offset 99, ImageType LIGHT, Binning 1x1
2026-07-17T02:41:32.3499|INFO|SequenceTrigger.cs|Run|114|Starting Trigger: RestoreGuiding
2026-07-17T02:41:32.3500|INFO|SequenceItem.cs|Run|208|Starting Category: * Set di Istruzioni *, Container: NINA.Sequencer.Container.SequentialContainer, Strategy: SequentialStrategy, Items[CREATED]: 1
2026-07-17T02:41:32.3500|INFO|SequenceItem.cs|Run|208|Starting Category: Guida, Item: StartGuiding
2026-07-17T02:41:32.3906|INFO|PHD2Guider.cs|StartGuidingPrivate|504|Phd2 - App is already guiding. Skipping start guiding
2026-07-17T02:41:32.3907|INFO|SequenceItem.cs|Run|254|Finishing Category: Guida, Item: StartGuiding
2026-07-17T02:41:32.3908|INFO|SequenceItem.cs|Run|254|Finishing Category: * Set di Istruzioni *, Container: NINA.Sequencer.Container.SequentialContainer, Strategy: SequentialStrategy, Items[FINISHED]: 1
2026-07-17T02:41:32.4155|INFO|SequenceItem.cs|Run|208|Starting Category: Fotocamera, Item: TakeExposure, ExposureTime 600, Gain 910, Offset 99, ImageType LIGHT, Binning 1x1
2026-07-17T02:41:32.4166|INFO|CameraVM.cs|Capture|742|Starting Exposure - Exposure Time: 600s; Filter: ; Gain: 910; Offset 99; Binning: 1x1;
2026-07-17T02:51:32.8174|INFO|SequenceItem.cs|Run|254|Finishing Category: Fotocamera, Item: TakeExposure, ExposureTime 600, Gain 910, Offset 99, ImageType LIGHT, Binning 1x1
2026-07-17T02:51:32.8178|INFO|MeridianFlipTrigger.cs|ShouldTrigger|296|Meridian Flip - (Side of Pier usage is disabled) There is still time remaining. Max remaining time 07:02:08.5826249, next instruction time 0, next instruction Category: Ruota porta filtri, Item: SwitchFilter, Filter: LPRO
2026-07-17T02:51:32.8179|INFO|SequenceItem.cs|Run|208|Starting Category: Ruota porta filtri, Item: SwitchFilter, Filter: LPRO
2026-07-17T02:51:32.8636|INFO|SequenceItem.cs|Run|254|Finishing Category: Ruota porta filtri, Item: SwitchFilter, Filter: LPRO
2026-07-17T02:51:32.8640|INFO|SequenceTrigger.cs|Run|114|Starting Trigger: DitherAfterExposures, After Exposures: 1
2026-07-17T02:51:32.8641|INFO|SequenceItem.cs|Run|208|Starting Category: * Set di Istruzioni *, Container: NINA.Sequencer.Container.SequentialContainer, Strategy: SequentialStrategy, Items[CREATED]: 1
2026-07-17T02:51:32.8642|INFO|SequenceItem.cs|Run|208|Starting Category: Guida, Item: Dither
2026-07-17T02:51:47.5745|INFO|HocusFocusStarDetection.cs|Detect|413|Average HFR: 2.446298778546403, HFR MAD: 0.22154580173384364, Detected Stars 549, Region: 0
2026-07-17T02:51:48.3397|INFO|BaseImageData.cs|SaveToDisk|346|Saved image to D:\Images NINA\Target\LIGHT_1x1_600.00s_910_99_LDN 1320_Skywatcher quattro 200p__-9.90C_LPRO_0154_2026-07-17_02-41-32_FWHM_6.25_Fok_116189.xisf
2026-07-17T02:51:48.3398|INFO|ImageSaveController.cs|DoWork|97|Successfully saved file at D:\Images NINA\Target\LIGHT_1x1_600.00s_910_99_LDN 1320_Skywatcher quattro 200p__-9.90C_LPRO_0154_2026-07-17_02-41-32_FWHM_6.25_Fok_116189.xisf. Duration Total: 00:00:14.2606410; BeforeSave: 00:00:00.0834344; BeforeFinalizeImageSaved: 00:00:13.9588219; FinalizeSaveTime: 00:00:00.2183840
2026-07-17T02:52:10.9282|INFO|SequenceItem.cs|Run|254|Finishing Category: Guida, Item: Dither
2026-07-17T02:52:10.9296|INFO|SequenceItem.cs|Run|254|Finishing Category: * Set di Istruzioni *, Container: NINA.Sequencer.Container.SequentialContainer, Strategy: SequentialStrategy, Items[FINISHED]: 1
2026-07-17T02:52:10.9297|INFO|MeridianFlipTrigger.cs|ShouldTrigger|296|Meridian Flip - (Side of Pier usage is disabled) There is still time remaining. Max remaining time 07:01:36.0966858, next instruction time 600, next instruction Category: Fotocamera, Item: TakeExposure, ExposureTime 600, Gain 910, Offset 99, ImageType LIGHT, Binning 1x1
2026-07-17T02:52:10.9298|INFO|SequenceTrigger.cs|Run|114|Starting Trigger: RestoreGuiding
2026-07-17T02:52:10.9299|INFO|SequenceItem.cs|Run|208|Starting Category: * Set di Istruzioni *, Container: NINA.Sequencer.Container.SequentialContainer, Strategy: SequentialStrategy, Items[CREATED]: 1
2026-07-17T02:52:10.9299|INFO|SequenceItem.cs|Run|208|Starting Category: Guida, Item: StartGuiding
2026-07-17T02:52:10.9743|INFO|PHD2Guider.cs|StartGuidingPrivate|504|Phd2 - App is already guiding. Skipping start guiding
2026-07-17T02:52:10.9744|INFO|SequenceItem.cs|Run|254|Finishing Category: Guida, Item: StartGuiding
2026-07-17T02:52:10.9745|INFO|SequenceItem.cs|Run|254|Finishing Category: * Set di Istruzioni *, Container: NINA.Sequencer.Container.SequentialContainer, Strategy: SequentialStrategy, Items[FINISHED]: 1
2026-07-17T02:52:10.9841|INFO|SequenceItem.cs|Run|208|Starting Category: Fotocamera, Item: TakeExposure, ExposureTime 600, Gain 910, Offset 99, ImageType LIGHT, Binning 1x1
2026-07-17T02:52:10.9846|INFO|CameraVM.cs|Capture|742|Starting Exposure - Exposure Time: 600s; Filter: ; Gain: 910; Offset 99; Binning: 1x1;
2026-07-17T03:02:11.3609|INFO|SequenceItem.cs|Run|254|Finishing Category: Fotocamera, Item: TakeExposure, ExposureTime 600, Gain 910, Offset 99, ImageType LIGHT, Binning 1x1
2026-07-17T03:02:11.3614|INFO|MeridianFlipTrigger.cs|ShouldTrigger|296|Meridian Flip - (Side of Pier usage is disabled) There is still time remaining. Max remaining time 06:51:23.5009284, next instruction time 0, next instruction Category: Ruota porta filtri, Item: SwitchFilter, Filter: LPRO
2026-07-17T03:02:11.3615|INFO|SequenceItem.cs|Run|208|Starting Category: Ruota porta filtri, Item: SwitchFilter, Filter: LPRO
2026-07-17T03:02:11.3623|INFO|SequenceItem.cs|Run|254|Finishing Category: Ruota porta filtri, Item: SwitchFilter, Filter: LPRO
2026-07-17T03:02:11.3625|INFO|SequenceTrigger.cs|Run|114|Starting Trigger: DitherAfterExposures, After Exposures: 1
2026-07-17T03:02:11.3626|INFO|SequenceItem.cs|Run|208|Starting Category: * Set di Istruzioni *, Container: NINA.Sequencer.Container.SequentialContainer, Strategy: SequentialStrategy, Items[CREATED]: 1
2026-07-17T03:02:11.3626|INFO|SequenceItem.cs|Run|208|Starting Category: Guida, Item: Dither
2026-07-17T03:02:26.5550|INFO|HocusFocusStarDetection.cs|Detect|413|Average HFR: 2.4954328519803255, HFR MAD: 0.21934039848726483, Detected Stars 517, Region: 0
2026-07-17T03:02:27.2489|INFO|BaseImageData.cs|SaveToDisk|346|Saved image to D:\Images NINA\Target\LIGHT_1x1_600.00s_910_99_LDN 1320_Skywatcher quattro 200p__-9.90C_LPRO_0155_2026-07-17_02-52-10_FWHM_6.26_Fok_116189.xisf
2026-07-17T03:02:27.2490|INFO|ImageSaveController.cs|DoWork|97|Successfully saved file at D:\Images NINA\Target\LIGHT_1x1_600.00s_910_99_LDN 1320_Skywatcher quattro 200p__-9.90C_LPRO_0155_2026-07-17_02-52-10_FWHM_6.26_Fok_116189.xisf. Duration Total: 00:00:15.1493829; BeforeSave: 00:00:00.0000896; BeforeFinalizeImageSaved: 00:00:15.0119418; FinalizeSaveTime: 00:00:00.1373506
2026-07-17T03:02:28.2841|INFO|SequenceItem.cs|Run|254|Finishing Category: Guida, Item: Dither
2026-07-17T03:02:28.2843|INFO|SequenceItem.cs|Run|254|Finishing Category: * Set di Istruzioni *, Container: NINA.Sequencer.Container.SequentialContainer, Strategy: SequentialStrategy, Items[FINISHED]: 1
2026-07-17T03:02:28.2845|INFO|MeridianFlipTrigger.cs|ShouldTrigger|296|Meridian Flip - (Side of Pier usage is disabled) There is still time remaining. Max remaining time 06:51:08.6805802, next instruction time 600, next instruction Category: Fotocamera, Item: TakeExposure, ExposureTime 600, Gain 910, Offset 99, ImageType LIGHT, Binning 1x1
2026-07-17T03:02:28.2845|INFO|SequenceTrigger.cs|Run|114|Starting Trigger: RestoreGuiding
2026-07-17T03:02:28.2912|INFO|SequenceItem.cs|Run|208|Starting Category: * Set di Istruzioni *, Container: NINA.Sequencer.Container.SequentialContainer, Strategy: SequentialStrategy, Items[CREATED]: 1
2026-07-17T03:02:28.3108|INFO|SequenceItem.cs|Run|208|Starting Category: Guida, Item: StartGuiding
2026-07-17T03:02:28.7545|INFO|PHD2Guider.cs|StartGuidingPrivate|504|Phd2 - App is already guiding. Skipping start guiding
2026-07-17T03:02:28.7570|INFO|SequenceItem.cs|Run|254|Finishing Category: Guida, Item: StartGuiding
2026-07-17T03:02:28.7752|INFO|SequenceItem.cs|Run|254|Finishing Category: * Set di Istruzioni *, Container: NINA.Sequencer.Container.SequentialContainer, Strategy: SequentialStrategy, Items[FINISHED]: 1
2026-07-17T03:02:28.7755|INFO|SequenceItem.cs|Run|208|Starting Category: Fotocamera, Item: TakeExposure, ExposureTime 600, Gain 910, Offset 99, ImageType LIGHT, Binning 1x1
2026-07-17T03:02:28.7760|INFO|CameraVM.cs|Capture|742|Starting Exposure - Exposure Time: 600s; Filter: ; Gain: 910; Offset 99; Binning: 1x1;
2026-07-17T03:12:29.3394|INFO|SequenceItem.cs|Run|254|Finishing Category: Fotocamera, Item: TakeExposure, ExposureTime 600, Gain 910, Offset 99, ImageType LIGHT, Binning 1x1
2026-07-17T03:12:29.3398|INFO|MeridianFlipTrigger.cs|ShouldTrigger|296|Meridian Flip - (Side of Pier usage is disabled) There is still time remaining. Max remaining time 06:40:48.4399065, next instruction time 0, next instruction Category: Ruota porta filtri, Item: SwitchFilter, Filter: LPRO
2026-07-17T03:12:29.3398|INFO|SequenceItem.cs|Run|208|Starting Category: Ruota porta filtri, Item: SwitchFilter, Filter: LPRO
2026-07-17T03:12:29.4929|INFO|SequenceItem.cs|Run|254|Finishing Category: Ruota porta filtri, Item: SwitchFilter, Filter: LPRO
2026-07-17T03:12:29.4934|INFO|SequenceTrigger.cs|Run|114|Starting Trigger: DitherAfterExposures, After Exposures: 1
2026-07-17T03:12:29.4934|INFO|SequenceItem.cs|Run|208|Starting Category: * Set di Istruzioni *, Container: NINA.Sequencer.Container.SequentialContainer, Strategy: SequentialStrategy, Items[CREATED]: 1
2026-07-17T03:12:29.4935|INFO|SequenceItem.cs|Run|208|Starting Category: Guida, Item: Dither
2026-07-17T03:12:30.1862|INFO|ImageSolver.cs|Solve|41|Platesolving with parameters: FocalLength: 760 PixelSize: 4.63 SearchRadius: 30 BlindFailoverEnabled: True Regions: 5000 DownSampleFactor: 2 MaxObjects: 500 Reference Coordinates RA: 04:12:56 Dec: 85° 35' 03" Epoch: J2000
2026-07-17T03:12:31.3746|INFO|BaseImageData.cs|SaveToDisk|346|Saved image to C:\Users\PrimaLuceLab\AppData\Local\NINA\PlateSolver\giq2vzi3.feb.fits
2026-07-17T03:12:34.7414|INFO|ImageSolver.cs|Solve|54|Platesolve successful: Coordinates: RA: 04:15:55; Dec: 85° 36' 48"; Epoch: J2000 - Position Angle: 274.71061256538553
2026-07-17T03:12:34.7415|INFO|CenterAfterDriftTrigger.cs|PlatesolvingImageFollower_PropertyChanged|189|Drift: 1.4442477700944891 / 3 arc minutes
2026-07-17T03:12:45.8476|INFO|HocusFocusStarDetection.cs|Detect|413|Average HFR: 2.4219007244600665, HFR MAD: 0.22133709952008918, Detected Stars 583, Region: 0
2026-07-17T03:12:46.7912|INFO|BaseImageData.cs|SaveToDisk|346|Saved image to D:\Images NINA\Target\LIGHT_1x1_600.00s_910_99_LDN 1320_Skywatcher quattro 200p__-9.90C_LPRO_0156_2026-07-17_03-02-28_FWHM_6.31_Fok_116189.xisf
2026-07-17T03:12:46.7914|INFO|ImageSaveController.cs|DoWork|97|Successfully saved file at D:\Images NINA\Target\LIGHT_1x1_600.00s_910_99_LDN 1320_Skywatcher quattro 200p__-9.90C_LPRO_0156_2026-07-17_03-02-28_FWHM_6.31_Fok_116189.xisf. Duration Total: 00:00:16.6053150; BeforeSave: 00:00:00.0001025; BeforeFinalizeImageSaved: 00:00:16.4270833; FinalizeSaveTime: 00:00:00.1781282
2026-07-17T03:12:48.2828|INFO|SequenceItem.cs|Run|254|Finishing Category: Guida, Item: Dither
2026-07-17T03:12:48.2836|INFO|SequenceItem.cs|Run|254|Finishing Category: * Set di Istruzioni *, Container: NINA.Sequencer.Container.SequentialContainer, Strategy: SequentialStrategy, Items[FINISHED]: 1
2026-07-17T03:12:48.2837|INFO|MeridianFlipTrigger.cs|ShouldTrigger|296|Meridian Flip - (Side of Pier usage is disabled) There is still time remaining. Max remaining time 06:40:31.5446848, next instruction time 600, next instruction Category: Fotocamera, Item: TakeExposure, ExposureTime 600, Gain 910, Offset 99, ImageType LIGHT, Binning 1x1
2026-07-17T03:12:48.2838|INFO|SequenceTrigger.cs|Run|114|Starting Trigger: RestoreGuiding
2026-07-17T03:12:48.2838|INFO|SequenceItem.cs|Run|208|Starting Category: * Set di Istruzioni *, Container: NINA.Sequencer.Container.SequentialContainer, Strategy: SequentialStrategy, Items[CREATED]: 1
2026-07-17T03:12:48.2839|INFO|SequenceItem.cs|Run|208|Starting Category: Guida, Item: StartGuiding
2026-07-17T03:12:48.4601|INFO|PHD2Guider.cs|StartGuidingPrivate|504|Phd2 - App is already guiding. Skipping start guiding
2026-07-17T03:12:48.4604|INFO|SequenceItem.cs|Run|254|Finishing Category: Guida, Item: StartGuiding
2026-07-17T03:12:48.4713|INFO|SequenceItem.cs|Run|254|Finishing Category: * Set di Istruzioni *, Container: NINA.Sequencer.Container.SequentialContainer, Strategy: SequentialStrategy, Items[FINISHED]: 1
2026-07-17T03:12:48.4735|INFO|SequenceItem.cs|Run|208|Starting Category: Fotocamera, Item: TakeExposure, ExposureTime 600, Gain 910, Offset 99, ImageType LIGHT, Binning 1x1
2026-07-17T03:12:48.4740|INFO|CameraVM.cs|Capture|742|Starting Exposure - Exposure Time: 600s; Filter: ; Gain: 910; Offset 99; Binning: 1x1;
2026-07-17T03:22:48.7986|INFO|SequenceItem.cs|Run|254|Finishing Category: Fotocamera, Item: TakeExposure, ExposureTime 600, Gain 910, Offset 99, ImageType LIGHT, Binning 1x1
2026-07-17T03:22:48.7992|INFO|MeridianFlipTrigger.cs|ShouldTrigger|296|Meridian Flip - (Side of Pier usage is disabled) There is still time remaining. Max remaining time 06:30:15.4474841, next instruction time 0, next instruction Category: Ruota porta filtri, Item: SwitchFilter, Filter: LPRO
2026-07-17T03:22:48.7992|INFO|SequenceItem.cs|Run|208|Starting Category: Ruota porta filtri, Item: SwitchFilter, Filter: LPRO
2026-07-17T03:22:48.8003|INFO|SequenceItem.cs|Run|254|Finishing Category: Ruota porta filtri, Item: SwitchFilter, Filter: LPRO
2026-07-17T03:22:48.8006|INFO|SequenceTrigger.cs|Run|114|Starting Trigger: DitherAfterExposures, After Exposures: 1
2026-07-17T03:22:48.8007|INFO|SequenceItem.cs|Run|208|Starting Category: * Set di Istruzioni *, Container: NINA.Sequencer.Container.SequentialContainer, Strategy: SequentialStrategy, Items[CREATED]: 1
2026-07-17T03:22:48.8007|INFO|SequenceItem.cs|Run|208|Starting Category: Guida, Item: Dither
2026-07-17T03:23:02.8740|INFO|HocusFocusStarDetection.cs|Detect|413|Average HFR: 2.4663633783569354, HFR MAD: 0.214015883809604, Detected Stars 527, Region: 0
2026-07-17T03:23:03.7941|INFO|BaseImageData.cs|SaveToDisk|346|Saved image to D:\Images NINA\Target\LIGHT_1x1_600.00s_910_99_LDN 1320_Skywatcher quattro 200p__-9.90C_LPRO_0157_2026-07-17_03-12-48_FWHM_6.10_Fok_116189.xisf
2026-07-17T03:23:03.7942|INFO|ImageSaveController.cs|DoWork|97|Successfully saved file at D:\Images NINA\Target\LIGHT_1x1_600.00s_910_99_LDN 1320_Skywatcher quattro 200p__-9.90C_LPRO_0157_2026-07-17_03-12-48_FWHM_6.10_Fok_116189.xisf. Duration Total: 00:00:12.5482841; BeforeSave: 00:00:00.0001342; BeforeFinalizeImageSaved: 00:00:12.2976122; FinalizeSaveTime: 00:00:00.2505365
2026-07-17T03:23:20.8867|INFO|SequenceItem.cs|Run|254|Finishing Category: Guida, Item: Dither
2026-07-17T03:23:20.8869|INFO|SequenceItem.cs|Run|254|Finishing Category: * Set di Istruzioni *, Container: NINA.Sequencer.Container.SequentialContainer, Strategy: SequentialStrategy, Items[FINISHED]: 1
2026-07-17T03:23:20.8889|INFO|MeridianFlipTrigger.cs|ShouldTrigger|296|Meridian Flip - (Side of Pier usage is disabled) There is still time remaining. Max remaining time 06:29:50.4318481, next instruction time 600, next instruction Category: Fotocamera, Item: TakeExposure, ExposureTime 600, Gain 910, Offset 99, ImageType LIGHT, Binning 1x1
2026-07-17T03:23:20.8890|INFO|SequenceTrigger.cs|Run|114|Starting Trigger: RestoreGuiding
2026-07-17T03:23:20.8890|INFO|SequenceItem.cs|Run|208|Starting Category: * Set di Istruzioni *, Container: NINA.Sequencer.Container.SequentialContainer, Strategy: SequentialStrategy, Items[CREATED]: 1
2026-07-17T03:23:20.8891|INFO|SequenceItem.cs|Run|208|Starting Category: Guida, Item: StartGuiding
2026-07-17T03:23:20.9296|INFO|PHD2Guider.cs|StartGuidingPrivate|504|Phd2 - App is already guiding. Skipping start guiding
2026-07-17T03:23:20.9298|INFO|SequenceItem.cs|Run|254|Finishing Category: Guida, Item: StartGuiding
2026-07-17T03:23:20.9299|INFO|SequenceItem.cs|Run|254|Finishing Category: * Set di Istruzioni *, Container: NINA.Sequencer.Container.SequentialContainer, Strategy: SequentialStrategy, Items[FINISHED]: 1
2026-07-17T03:23:20.9498|INFO|SequenceItem.cs|Run|208|Starting Category: Fotocamera, Item: TakeExposure, ExposureTime 600, Gain 910, Offset 99, ImageType LIGHT, Binning 1x1
2026-07-17T03:23:20.9504|INFO|CameraVM.cs|Capture|742|Starting Exposure - Exposure Time: 600s; Filter: ; Gain: 910; Offset 99; Binning: 1x1;
2026-07-17T03:33:21.4226|INFO|SequenceItem.cs|Run|254|Finishing Category: Fotocamera, Item: TakeExposure, ExposureTime 600, Gain 910, Offset 99, ImageType LIGHT, Binning 1x1
2026-07-17T03:33:21.4238|INFO|MeridianFlipTrigger.cs|ShouldTrigger|296|Meridian Flip - (Side of Pier usage is disabled) There is still time remaining. Max remaining time 06:19:39.2832288, next instruction time 0, next instruction Category: Ruota porta filtri, Item: SwitchFilter, Filter: LPRO
2026-07-17T03:33:21.4267|INFO|SequenceItem.cs|Run|208|Starting Category: Ruota porta filtri, Item: SwitchFilter, Filter: LPRO
2026-07-17T03:33:21.7058|INFO|SequenceItem.cs|Run|254|Finishing Category: Ruota porta filtri, Item: SwitchFilter, Filter: LPRO
2026-07-17T03:33:21.7069|INFO|SequenceTrigger.cs|Run|114|Starting Trigger: DitherAfterExposures, After Exposures: 1
2026-07-17T03:33:21.7070|INFO|SequenceItem.cs|Run|208|Starting Category: * Set di Istruzioni *, Container: NINA.Sequencer.Container.SequentialContainer, Strategy: SequentialStrategy, Items[CREATED]: 1
2026-07-17T03:33:21.7070|INFO|SequenceItem.cs|Run|208|Starting Category: Guida, Item: Dither
2026-07-17T03:33:35.9953|INFO|HocusFocusStarDetection.cs|Detect|413|Average HFR: 2.3368721395522156, HFR MAD: 0.20720431852192345, Detected Stars 614, Region: 0
2026-07-17T03:33:36.7057|INFO|BaseImageData.cs|SaveToDisk|346|Saved image to D:\Images NINA\Target\LIGHT_1x1_600.00s_910_99_LDN 1320_Skywatcher quattro 200p__-9.90C_LPRO_0158_2026-07-17_03-23-20_FWHM_5.89_Fok_116189.xisf
2026-07-17T03:33:36.7058|INFO|ImageSaveController.cs|DoWork|97|Successfully saved file at D:\Images NINA\Target\LIGHT_1x1_600.00s_910_99_LDN 1320_Skywatcher quattro 200p__-9.90C_LPRO_0158_2026-07-17_03-23-20_FWHM_5.89_Fok_116189.xisf. Duration Total: 00:00:14.5042175; BeforeSave: 00:00:00.0446291; BeforeFinalizeImageSaved: 00:00:14.2915826; FinalizeSaveTime: 00:00:00.1680046
2026-07-17T03:33:54.2363|INFO|SequenceItem.cs|Run|254|Finishing Category: Guida, Item: Dither
2026-07-17T03:33:54.2397|INFO|SequenceItem.cs|Run|254|Finishing Category: * Set di Istruzioni *, Container: NINA.Sequencer.Container.SequentialContainer, Strategy: SequentialStrategy, Items[FINISHED]: 1
2026-07-17T03:33:54.2399|INFO|MeridianFlipTrigger.cs|ShouldTrigger|296|Meridian Flip - (Side of Pier usage is disabled) There is still time remaining. Max remaining time 06:19:08.6842482, next instruction time 600, next instruction Category: Fotocamera, Item: TakeExposure, ExposureTime 600, Gain 910, Offset 99, ImageType LIGHT, Binning 1x1
2026-07-17T03:33:54.2400|INFO|SequenceTrigger.cs|Run|114|Starting Trigger: RestoreGuiding
2026-07-17T03:33:54.2400|INFO|SequenceItem.cs|Run|208|Starting Category: * Set di Istruzioni *, Container: NINA.Sequencer.Container.SequentialContainer, Strategy: SequentialStrategy, Items[CREATED]: 1
2026-07-17T03:33:54.2401|INFO|SequenceItem.cs|Run|208|Starting Category: Guida, Item: StartGuiding
2026-07-17T03:33:54.2836|INFO|PHD2Guider.cs|StartGuidingPrivate|504|Phd2 - App is already guiding. Skipping start guiding
2026-07-17T03:33:54.2975|INFO|SequenceItem.cs|Run|254|Finishing Category: Guida, Item: StartGuiding
2026-07-17T03:33:54.2976|INFO|SequenceItem.cs|Run|254|Finishing Category: * Set di Istruzioni *, Container: NINA.Sequencer.Container.SequentialContainer, Strategy: SequentialStrategy, Items[FINISHED]: 1
2026-07-17T03:33:54.3149|INFO|SequenceItem.cs|Run|208|Starting Category: Fotocamera, Item: TakeExposure, ExposureTime 600, Gain 910, Offset 99, ImageType LIGHT, Binning 1x1
2026-07-17T03:33:54.3154|INFO|CameraVM.cs|Capture|742|Starting Exposure - Exposure Time: 600s; Filter: ; Gain: 910; Offset 99; Binning: 1x1;
2026-07-17T03:43:54.8508|INFO|SequenceItem.cs|Run|254|Finishing Category: Fotocamera, Item: TakeExposure, ExposureTime 600, Gain 910, Offset 99, ImageType LIGHT, Binning 1x1
2026-07-17T03:43:54.8512|INFO|MeridianFlipTrigger.cs|ShouldTrigger|296|Meridian Flip - (Side of Pier usage is disabled) There is still time remaining. Max remaining time 06:08:55.1798413, next instruction time 0, next instruction Category: Ruota porta filtri, Item: SwitchFilter, Filter: LPRO
2026-07-17T03:43:54.8512|INFO|SequenceItem.cs|Run|208|Starting Category: Ruota porta filtri, Item: SwitchFilter, Filter: LPRO
2026-07-17T03:43:54.8534|INFO|SequenceItem.cs|Run|254|Finishing Category: Ruota porta filtri, Item: SwitchFilter, Filter: LPRO
2026-07-17T03:43:54.8537|INFO|SequenceTrigger.cs|Run|114|Starting Trigger: DitherAfterExposures, After Exposures: 1
2026-07-17T03:43:54.8538|INFO|SequenceItem.cs|Run|208|Starting Category: * Set di Istruzioni *, Container: NINA.Sequencer.Container.SequentialContainer, Strategy: SequentialStrategy, Items[CREATED]: 1
2026-07-17T03:43:54.8539|INFO|SequenceItem.cs|Run|208|Starting Category: Guida, Item: Dither
2026-07-17T03:43:55.5745|INFO|ImageSolver.cs|Solve|41|Platesolving with parameters: FocalLength: 760 PixelSize: 4.63 SearchRadius: 30 BlindFailoverEnabled: True Regions: 5000 DownSampleFactor: 2 MaxObjects: 500 Reference Coordinates RA: 04:12:37 Dec: 85° 33' 37" Epoch: J2000
2026-07-17T03:43:57.2354|INFO|BaseImageData.cs|SaveToDisk|346|Saved image to C:\Users\PrimaLuceLab\AppData\Local\NINA\PlateSolver\2w20l4fw.h52.fits
2026-07-17T03:44:00.2133|INFO|ImageSolver.cs|Solve|54|Platesolve successful: Coordinates: RA: 04:16:07; Dec: 85° 36' 23"; Epoch: J2000 - Position Angle: 274.8775259450911
2026-07-17T03:44:00.2135|INFO|CenterAfterDriftTrigger.cs|PlatesolvingImageFollower_PropertyChanged|189|Drift: 1.9152088675932128 / 3 arc minutes
2026-07-17T03:44:09.9667|INFO|HocusFocusStarDetection.cs|Detect|413|Average HFR: 2.35419838184389, HFR MAD: 0.2085428373447571, Detected Stars 485, Region: 0
2026-07-17T03:44:10.6632|INFO|BaseImageData.cs|SaveToDisk|346|Saved image to D:\Images NINA\Target\LIGHT_1x1_600.00s_910_99_LDN 1320_Skywatcher quattro 200p__-9.90C_LPRO_0159_2026-07-17_03-33-54_FWHM_5.98_Fok_116189.xisf
2026-07-17T03:44:10.6633|INFO|ImageSaveController.cs|DoWork|97|Successfully saved file at D:\Images NINA\Target\LIGHT_1x1_600.00s_910_99_LDN 1320_Skywatcher quattro 200p__-9.90C_LPRO_0159_2026-07-17_03-33-54_FWHM_5.98_Fok_116189.xisf. Duration Total: 00:00:15.0890086; BeforeSave: 00:00:00.0000899; BeforeFinalizeImageSaved: 00:00:14.9113168; FinalizeSaveTime: 00:00:00.1776012
2026-07-17T03:44:37.8445|INFO|SequenceItem.cs|Run|254|Finishing Category: Guida, Item: Dither
2026-07-17T03:44:37.8515|INFO|SequenceItem.cs|Run|254|Finishing Category: * Set di Istruzioni *, Container: NINA.Sequencer.Container.SequentialContainer, Strategy: SequentialStrategy, Items[FINISHED]: 1
2026-07-17T03:44:37.8522|INFO|MeridianFlipTrigger.cs|ShouldTrigger|296|Meridian Flip - (Side of Pier usage is disabled) There is still time remaining. Max remaining time 06:08:20.8794893, next instruction time 600, next instruction Category: Fotocamera, Item: TakeExposure, ExposureTime 600, Gain 910, Offset 99, ImageType LIGHT, Binning 1x1
2026-07-17T03:44:37.8546|INFO|SequenceTrigger.cs|Run|114|Starting Trigger: RestoreGuiding
2026-07-17T03:44:37.8551|INFO|SequenceItem.cs|Run|208|Starting Category: * Set di Istruzioni *, Container: NINA.Sequencer.Container.SequentialContainer, Strategy: SequentialStrategy, Items[CREATED]: 1
2026-07-17T03:44:37.8552|INFO|SequenceItem.cs|Run|208|Starting Category: Guida, Item: StartGuiding
2026-07-17T03:44:37.9145|INFO|PHD2Guider.cs|StartGuidingPrivate|504|Phd2 - App is already guiding. Skipping start guiding
2026-07-17T03:44:37.9146|INFO|SequenceItem.cs|Run|254|Finishing Category: Guida, Item: StartGuiding
2026-07-17T03:44:37.9147|INFO|SequenceItem.cs|Run|254|Finishing Category: * Set di Istruzioni *, Container: NINA.Sequencer.Container.SequentialContainer, Strategy: SequentialStrategy, Items[FINISHED]: 1
2026-07-17T03:44:37.9261|INFO|SequenceItem.cs|Run|208|Starting Category: Fotocamera, Item: TakeExposure, ExposureTime 600, Gain 910, Offset 99, ImageType LIGHT, Binning 1x1
2026-07-17T03:44:37.9268|INFO|CameraVM.cs|Capture|742|Starting Exposure - Exposure Time: 600s; Filter: ; Gain: 910; Offset 99; Binning: 1x1;
2026-07-17T03:54:38.5289|INFO|SequenceItem.cs|Run|254|Finishing Category: Fotocamera, Item: TakeExposure, ExposureTime 600, Gain 910, Offset 99, ImageType LIGHT, Binning 1x1
2026-07-17T03:54:38.5293|INFO|MeridianFlipTrigger.cs|ShouldTrigger|296|Meridian Flip - (Side of Pier usage is disabled) There is still time remaining. Max remaining time 05:58:09.0822258, next instruction time 0, next instruction Category: Ruota porta filtri, Item: SwitchFilter, Filter: LPRO
2026-07-17T03:54:38.5293|INFO|SequenceItem.cs|Run|208|Starting Category: Ruota porta filtri, Item: SwitchFilter, Filter: LPRO
2026-07-17T03:54:38.5750|INFO|SequenceItem.cs|Run|254|Finishing Category: Ruota porta filtri, Item: SwitchFilter, Filter: LPRO
2026-07-17T03:54:38.5753|INFO|SequenceTrigger.cs|Run|114|Starting Trigger: DitherAfterExposures, After Exposures: 1
2026-07-17T03:54:38.5754|INFO|SequenceItem.cs|Run|208|Starting Category: * Set di Istruzioni *, Container: NINA.Sequencer.Container.SequentialContainer, Strategy: SequentialStrategy, Items[CREATED]: 1
2026-07-17T03:54:38.5755|INFO|SequenceItem.cs|Run|208|Starting Category: Guida, Item: Dither
2026-07-17T03:54:53.0763|INFO|HocusFocusStarDetection.cs|Detect|413|Average HFR: 2.201259009730288, HFR MAD: 0.18770218609934952, Detected Stars 602, Region: 0
2026-07-17T03:54:53.8491|INFO|BaseImageData.cs|SaveToDisk|346|Saved image to D:\Images NINA\Target\LIGHT_1x1_600.00s_910_99_LDN 1320_Skywatcher quattro 200p__-9.90C_LPRO_0160_2026-07-17_03-44-37_FWHM_5.79_Fok_116189.xisf
2026-07-17T03:54:53.8492|INFO|ImageSaveController.cs|DoWork|97|Successfully saved file at D:\Images NINA\Target\LIGHT_1x1_600.00s_910_99_LDN 1320_Skywatcher quattro 200p__-9.90C_LPRO_0160_2026-07-17_03-44-37_FWHM_5.79_Fok_116189.xisf. Duration Total: 00:00:14.4478288; BeforeSave: 00:00:00.0000726; BeforeFinalizeImageSaved: 00:00:14.2586750; FinalizeSaveTime: 00:00:00.1890804
2026-07-17T03:54:56.2839|INFO|SequenceItem.cs|Run|254|Finishing Category: Guida, Item: Dither
2026-07-17T03:54:56.2871|INFO|SequenceItem.cs|Run|254|Finishing Category: * Set di Istruzioni *, Container: NINA.Sequencer.Container.SequentialContainer, Strategy: SequentialStrategy, Items[FINISHED]: 1
2026-07-17T03:54:56.2873|INFO|MeridianFlipTrigger.cs|ShouldTrigger|296|Meridian Flip - (Side of Pier usage is disabled) There is still time remaining. Max remaining time 05:57:50.5348014, next instruction time 600, next instruction Category: Fotocamera, Item: TakeExposure, ExposureTime 600, Gain 910, Offset 99, ImageType LIGHT, Binning 1x1
2026-07-17T03:54:56.2873|INFO|SequenceTrigger.cs|Run|114|Starting Trigger: RestoreGuiding
2026-07-17T03:54:56.2874|INFO|SequenceItem.cs|Run|208|Starting Category: * Set di Istruzioni *, Container: NINA.Sequencer.Container.SequentialContainer, Strategy: SequentialStrategy, Items[CREATED]: 1
2026-07-17T03:54:56.2874|INFO|SequenceItem.cs|Run|208|Starting Category: Guida, Item: StartGuiding
2026-07-17T03:54:56.3417|INFO|PHD2Guider.cs|StartGuidingPrivate|504|Phd2 - App is already guiding. Skipping start guiding
2026-07-17T03:54:56.3419|INFO|SequenceItem.cs|Run|254|Finishing Category: Guida, Item: StartGuiding
2026-07-17T03:54:56.3421|INFO|SequenceItem.cs|Run|254|Finishing Category: * Set di Istruzioni *, Container: NINA.Sequencer.Container.SequentialContainer, Strategy: SequentialStrategy, Items[FINISHED]: 1
2026-07-17T03:54:56.3451|INFO|SequenceItem.cs|Run|208|Starting Category: Fotocamera, Item: TakeExposure, ExposureTime 600, Gain 910, Offset 99, ImageType LIGHT, Binning 1x1
2026-07-17T03:54:56.4093|INFO|CameraVM.cs|Capture|742|Starting Exposure - Exposure Time: 600s; Filter: ; Gain: 910; Offset 99; Binning: 1x1;
2026-07-17T04:04:56.7750|INFO|SequenceItem.cs|Run|254|Finishing Category: Fotocamera, Item: TakeExposure, ExposureTime 600, Gain 910, Offset 99, ImageType LIGHT, Binning 1x1
2026-07-17T04:04:56.7756|INFO|MeridianFlipTrigger.cs|ShouldTrigger|296|Meridian Flip - (Side of Pier usage is disabled) There is still time remaining. Max remaining time 05:47:40.7501087, next instruction time 0, next instruction Category: Ruota porta filtri, Item: SwitchFilter, Filter: LPRO
2026-07-17T04:04:56.7756|INFO|SequenceItem.cs|Run|208|Starting Category: Ruota porta filtri, Item: SwitchFilter, Filter: LPRO
2026-07-17T04:04:56.8186|INFO|SequenceItem.cs|Run|254|Finishing Category: Ruota porta filtri, Item: SwitchFilter, Filter: LPRO
2026-07-17T04:04:56.8196|INFO|SequenceTrigger.cs|Run|114|Starting Trigger: DitherAfterExposures, After Exposures: 1
2026-07-17T04:04:56.8197|INFO|SequenceItem.cs|Run|208|Starting Category: * Set di Istruzioni *, Container: NINA.Sequencer.Container.SequentialContainer, Strategy: SequentialStrategy, Items[CREATED]: 1
2026-07-17T04:04:56.8197|INFO|SequenceItem.cs|Run|208|Starting Category: Guida, Item: Dither
2026-07-17T04:05:10.5245|INFO|HocusFocusStarDetection.cs|Detect|413|Average HFR: 2.40740867352425, HFR MAD: 0.2260057306222687, Detected Stars 329, Region: 0
2026-07-17T04:05:11.3939|INFO|BaseImageData.cs|SaveToDisk|346|Saved image to D:\Images NINA\Target\LIGHT_1x1_600.00s_910_99_LDN 1320_Skywatcher quattro 200p__-10.00C_LPRO_0161_2026-07-17_03-54-56_FWHM_6.14_Fok_116189.xisf
2026-07-17T04:05:11.3941|INFO|ImageSaveController.cs|DoWork|97|Successfully saved file at D:\Images NINA\Target\LIGHT_1x1_600.00s_910_99_LDN 1320_Skywatcher quattro 200p__-10.00C_LPRO_0161_2026-07-17_03-54-56_FWHM_6.14_Fok_116189.xisf. Duration Total: 00:00:13.6988178; BeforeSave: 00:00:00.0657337; BeforeFinalizeImageSaved: 00:00:13.4357198; FinalizeSaveTime: 00:00:00.1973633
2026-07-17T04:05:37.5020|INFO|SequenceItem.cs|Run|254|Finishing Category: Guida, Item: Dither
2026-07-17T04:05:37.5022|INFO|SequenceItem.cs|Run|254|Finishing Category: * Set di Istruzioni *, Container: NINA.Sequencer.Container.SequentialContainer, Strategy: SequentialStrategy, Items[FINISHED]: 1
2026-07-17T04:05:37.5023|INFO|MeridianFlipTrigger.cs|ShouldTrigger|296|Meridian Flip - (Side of Pier usage is disabled) There is still time remaining. Max remaining time 05:46:56.7754806, next instruction time 600, next instruction Category: Fotocamera, Item: TakeExposure, ExposureTime 600, Gain 910, Offset 99, ImageType LIGHT, Binning 1x1
2026-07-17T04:05:37.5024|INFO|SequenceTrigger.cs|Run|114|Starting Trigger: RestoreGuiding
2026-07-17T04:05:37.5025|INFO|SequenceItem.cs|Run|208|Starting Category: * Set di Istruzioni *, Container: NINA.Sequencer.Container.SequentialContainer, Strategy: SequentialStrategy, Items[CREATED]: 1
2026-07-17T04:05:37.5025|INFO|SequenceItem.cs|Run|208|Starting Category: Guida, Item: StartGuiding
2026-07-17T04:05:37.5370|INFO|PHD2Guider.cs|StartGuidingPrivate|504|Phd2 - App is already guiding. Skipping start guiding
2026-07-17T04:05:37.5371|INFO|SequenceItem.cs|Run|254|Finishing Category: Guida, Item: StartGuiding
2026-07-17T04:05:37.5372|INFO|SequenceItem.cs|Run|254|Finishing Category: * Set di Istruzioni *, Container: NINA.Sequencer.Container.SequentialContainer, Strategy: SequentialStrategy, Items[FINISHED]: 1
2026-07-17T04:05:37.5374|INFO|SequenceItem.cs|Run|208|Starting Category: Fotocamera, Item: TakeExposure, ExposureTime 600, Gain 910, Offset 99, ImageType LIGHT, Binning 1x1
2026-07-17T04:05:37.5383|INFO|CameraVM.cs|Capture|742|Starting Exposure - Exposure Time: 600s; Filter: ; Gain: 910; Offset 99; Binning: 1x1;
2026-07-17T04:15:38.2878|INFO|SequenceItem.cs|Run|254|Finishing Category: Fotocamera, Item: TakeExposure, ExposureTime 600, Gain 910, Offset 99, ImageType LIGHT, Binning 1x1
2026-07-17T04:15:38.2882|INFO|MeridianFlipTrigger.cs|ShouldTrigger|296|Meridian Flip - (Side of Pier usage is disabled) There is still time remaining. Max remaining time 05:36:45.5067113, next instruction time 0, next instruction Category: Ruota porta filtri, Item: SwitchFilter, Filter: LPRO
2026-07-17T04:15:38.2882|INFO|SequenceItem.cs|Run|208|Starting Category: Ruota porta filtri, Item: SwitchFilter, Filter: LPRO
2026-07-17T04:15:38.6109|INFO|SequenceItem.cs|Run|254|Finishing Category: Ruota porta filtri, Item: SwitchFilter, Filter: LPRO
2026-07-17T04:15:38.6112|INFO|SequenceTrigger.cs|Run|114|Starting Trigger: DitherAfterExposures, After Exposures: 1
2026-07-17T04:15:38.6113|INFO|SequenceItem.cs|Run|208|Starting Category: * Set di Istruzioni *, Container: NINA.Sequencer.Container.SequentialContainer, Strategy: SequentialStrategy, Items[CREATED]: 1
2026-07-17T04:15:38.6113|INFO|SequenceItem.cs|Run|208|Starting Category: Guida, Item: Dither
2026-07-17T04:15:39.2927|INFO|ImageSolver.cs|Solve|41|Platesolving with parameters: FocalLength: 760 PixelSize: 4.63 SearchRadius: 30 BlindFailoverEnabled: True Regions: 5000 DownSampleFactor: 2 MaxObjects: 500 Reference Coordinates RA: 04:12:16 Dec: 85° 32' 31" Epoch: J2000
2026-07-17T04:15:40.2953|INFO|BaseImageData.cs|SaveToDisk|346|Saved image to C:\Users\PrimaLuceLab\AppData\Local\NINA\PlateSolver\aglm2msv.4qa.fits
2026-07-17T04:15:43.3655|INFO|ImageSolver.cs|Solve|54|Platesolve successful: Coordinates: RA: 04:16:12; Dec: 85° 36' 11"; Epoch: J2000 - Position Angle: 275.005367867823
2026-07-17T04:15:43.3662|INFO|CenterAfterDriftTrigger.cs|PlatesolvingImageFollower_PropertyChanged|189|Drift: 2.140262306723228 / 3 arc minutes
2026-07-17T04:15:53.6535|INFO|HocusFocusStarDetection.cs|Detect|413|Average HFR: 2.297305213469464, HFR MAD: 0.20182102465311935, Detected Stars 490, Region: 0
2026-07-17T04:15:54.3546|INFO|BaseImageData.cs|SaveToDisk|346|Saved image to D:\Images NINA\Target\LIGHT_1x1_600.00s_910_99_LDN 1320_Skywatcher quattro 200p__-9.90C_LPRO_0162_2026-07-17_04-05-37_FWHM_6.03_Fok_116189.xisf
2026-07-17T04:15:54.3547|INFO|ImageSaveController.cs|DoWork|97|Successfully saved file at D:\Images NINA\Target\LIGHT_1x1_600.00s_910_99_LDN 1320_Skywatcher quattro 200p__-9.90C_LPRO_0162_2026-07-17_04-05-37_FWHM_6.03_Fok_116189.xisf. Duration Total: 00:00:15.0621865; BeforeSave: 00:00:00.0000909; BeforeFinalizeImageSaved: 00:00:14.9162290; FinalizeSaveTime: 00:00:00.1458657
2026-07-17T04:16:05.9426|INFO|SequenceItem.cs|Run|254|Finishing Category: Guida, Item: Dither
2026-07-17T04:16:05.9428|INFO|SequenceItem.cs|Run|254|Finishing Category: * Set di Istruzioni *, Container: NINA.Sequencer.Container.SequentialContainer, Strategy: SequentialStrategy, Items[FINISHED]: 1
2026-07-17T04:16:05.9430|INFO|MeridianFlipTrigger.cs|ShouldTrigger|296|Meridian Flip - (Side of Pier usage is disabled) There is still time remaining. Max remaining time 05:36:22.8552499, next instruction time 600, next instruction Category: Fotocamera, Item: TakeExposure, ExposureTime 600, Gain 910, Offset 99, ImageType LIGHT, Binning 1x1
2026-07-17T04:16:05.9430|INFO|SequenceTrigger.cs|Run|114|Starting Trigger: RestoreGuiding
2026-07-17T04:16:05.9431|INFO|SequenceItem.cs|Run|208|Starting Category: * Set di Istruzioni *, Container: NINA.Sequencer.Container.SequentialContainer, Strategy: SequentialStrategy, Items[CREATED]: 1
2026-07-17T04:16:05.9431|INFO|SequenceItem.cs|Run|208|Starting Category: Guida, Item: StartGuiding
2026-07-17T04:16:05.9877|INFO|PHD2Guider.cs|StartGuidingPrivate|504|Phd2 - App is already guiding. Skipping start guiding
2026-07-17T04:16:05.9879|INFO|SequenceItem.cs|Run|254|Finishing Category: Guida, Item: StartGuiding
2026-07-17T04:16:05.9880|INFO|SequenceItem.cs|Run|254|Finishing Category: * Set di Istruzioni *, Container: NINA.Sequencer.Container.SequentialContainer, Strategy: SequentialStrategy, Items[FINISHED]: 1
2026-07-17T04:16:06.0281|INFO|SequenceItem.cs|Run|208|Starting Category: Fotocamera, Item: TakeExposure, ExposureTime 600, Gain 910, Offset 99, ImageType LIGHT, Binning 1x1
2026-07-17T04:16:06.0307|INFO|CameraVM.cs|Capture|742|Starting Exposure - Exposure Time: 600s; Filter: ; Gain: 910; Offset 99; Binning: 1x1;
2026-07-17T04:26:06.4134|INFO|SequenceItem.cs|Run|254|Finishing Category: Fotocamera, Item: TakeExposure, ExposureTime 600, Gain 910, Offset 99, ImageType LIGHT, Binning 1x1
2026-07-17T04:26:06.4608|INFO|MeridianFlipTrigger.cs|ShouldTrigger|296|Meridian Flip - (Side of Pier usage is disabled) There is still time remaining. Max remaining time 05:26:13.1187439, next instruction time 0, next instruction Category: Ruota porta filtri, Item: SwitchFilter, Filter: LPRO
2026-07-17T04:26:06.4609|INFO|SequenceItem.cs|Run|208|Starting Category: Ruota porta filtri, Item: SwitchFilter, Filter: LPRO
2026-07-17T04:26:06.4616|INFO|SequenceItem.cs|Run|254|Finishing Category: Ruota porta filtri, Item: SwitchFilter, Filter: LPRO
2026-07-17T04:26:06.4619|INFO|TimeCondition.cs|Check|248|No more time remaining. Remaining: 00:09:05.5382978, Next Item Scatta esposizione, Next Item Estimated Duration 00:10:00, Next Item Attempts: 1
2026-07-17T04:26:06.4620|INFO|TimeCondition.cs|Check|254|TimeCondition finished.
2026-07-17T04:26:06.4621|INFO|TimeCondition.cs|Check|248|No more time remaining. Remaining: 00:09:05.5378895, Next Item Scatta esposizione, Next Item Estimated Duration 00:10:00, Next Item Attempts: 1
2026-07-17T04:26:06.4621|INFO|TimeCondition.cs|Check|254|TimeCondition finished.
2026-07-17T04:26:06.4621|INFO|TimeCondition.cs|Check|248|No more time remaining. Remaining: 00:09:05.5378081, Next Item Scatta esposizione, Next Item Estimated Duration 00:10:00, Next Item Attempts: 1
2026-07-17T04:26:06.4622|INFO|TimeCondition.cs|Check|254|TimeCondition finished.
2026-07-17T04:26:06.4639|INFO|SequenceItem.cs|Run|254|Finishing Category: Fotocamera, Container: NINA.Sequencer.SequenceItem.Imaging.SmartExposure, Strategy: SequentialStrategy, Items[FINISHED]: 1, Items[SKIPPED]: 1, Conditions: Condition: LoopCondition, Iterations: 32/45, , Triggers: Trigger: DitherAfterExposures, After Exposures: 1
2026-07-17T04:26:06.4643|INFO|SequenceItem.cs|Run|254|Finishing Category: * Set di Istruzioni *, Container: NINA.Sequencer.Container.DeepSkyObjectContainer, Strategy: SequentialStrategy, Items[FINISHED]: 4, Triggers: Trigger: CenterAfterDriftTrigger, DistanceArcMinutes: 3, Target: LDN 1320 RA: 04:15:12; Dec: 85° 37' 59"; Epoch: J2000 276.95
2026-07-17T04:26:06.4645|INFO|TimeCondition.cs|Check|254|TimeCondition finished.
2026-07-17T04:26:06.4646|INFO|SequenceItem.cs|Run|254|Finishing Category: * Set di Istruzioni *, Container: NINA.Sequencer.Container.SequentialContainer, Strategy: SequentialStrategy, Items[FINISHED]: 3, Conditions: Condition: TimeCondition, Time: 4:35:12h, 
2026-07-17T04:26:06.4647|INFO|SequenceItem.cs|Run|254|Finishing Category: * Set di Istruzioni *, Container: NINA.Sequencer.Container.SequentialContainer, Strategy: SequentialStrategy, Items[FINISHED]: 2
2026-07-17T04:26:06.4648|INFO|MeridianFlipTrigger.cs|ShouldTrigger|296|Meridian Flip - (Side of Pier usage is disabled) There is still time remaining. Max remaining time 05:26:13.1187439, next instruction time 0, next instruction Category: Utilità, Item: Annotation, Text: Note: This BLANK Script Instruction is here such that it will FAIL ON PURPOSE after the final Target is completed. This forces UNSAFE to be skipped so we can proceed to the END.
2026-07-17T04:26:06.4648|INFO|SequenceItem.cs|Run|208|Starting Category: Utilità, Item: Annotation, Text: Note: This BLANK Script Instruction is here such that it will FAIL ON PURPOSE after the final Target is completed. This forces UNSAFE to be skipped so we can proceed to the END.
2026-07-17T04:26:06.4649|INFO|SequenceItem.cs|Run|254|Finishing Category: Utilità, Item: Annotation, Text: Note: This BLANK Script Instruction is here such that it will FAIL ON PURPOSE after the final Target is completed. This forces UNSAFE to be skipped so we can proceed to the END.
2026-07-17T04:26:06.4650|INFO|MeridianFlipTrigger.cs|ShouldTrigger|296|Meridian Flip - (Side of Pier usage is disabled) There is still time remaining. Max remaining time 05:26:13.1187439, next instruction time 0, next instruction Category: Utilità, Item: Annotation, Text: DO NOT PLACE ANY TEXT IN THE EXTERNAL SCRIPT FIELD BELOW.
2026-07-17T04:26:06.4650|INFO|SequenceItem.cs|Run|208|Starting Category: Utilità, Item: Annotation, Text: DO NOT PLACE ANY TEXT IN THE EXTERNAL SCRIPT FIELD BELOW.
2026-07-17T04:26:06.4650|INFO|SequenceItem.cs|Run|254|Finishing Category: Utilità, Item: Annotation, Text: DO NOT PLACE ANY TEXT IN THE EXTERNAL SCRIPT FIELD BELOW.
2026-07-17T04:26:06.4654|INFO|MeridianFlipTrigger.cs|ShouldTrigger|296|Meridian Flip - (Side of Pier usage is disabled) There is still time remaining. Max remaining time 05:26:13.1187439, next instruction time 0, next instruction Category: Utilità, Item: ExternalScript, Script: 
2026-07-17T04:26:06.4660|INFO|SequenceItem.cs|Run|208|Starting Category: Utilità, Item: ExternalScript, Script: 
2026-07-17T04:26:06.4704|ERROR|ExternalCommandExecutor.cs|RunSequenceCompleteCommandTask|35|Command not found: 
2026-07-17T04:26:06.4720|ERROR|SequenceItem.cs|Run|263|Category: Utilità, Item: ExternalScript, Script:  - 
NINA.Core.Model.SequenceEntityFailedException: Comando esterno non è stato eseguito con successo
   at NINA.Sequencer.SequenceItem.Utility.ExternalScript.Execute(IProgress`1 progress, CancellationToken token) in /_/NINA.Sequencer/SequenceItem/Utility/ExternalScript.cs:line 92
   at NINA.Sequencer.SequenceItem.SequenceItem.Run(IProgress`1 progress, CancellationToken token) in /_/NINA.Sequencer/SequenceItem/SequenceItem.cs:line 249
2026-07-17T04:26:06.4958|ERROR|SequenceItem.cs|RunErrorBehavior|190|Instruction Script Esterno failed after 1 attempt. Error behavior is set to SkipToSequenceEndInstructions. Skipping to end of sequence instructions.
2026-07-17T04:26:06.5076|INFO|SequenceItem.cs|Run|254|Finishing Category: * Set di Istruzioni *, Container: NINA.Sequencer.Container.TargetAreaContainer, Strategy: SequentialStrategy, Items[FINISHED]: 1, Items[CREATED]: 1
2026-07-17T04:26:06.5078|INFO|MeridianFlipTrigger.cs|ShouldTrigger|296|Meridian Flip - (Side of Pier usage is disabled) There is still time remaining. Max remaining time 05:26:13.1187439, next instruction time 0, next instruction Category: * Set di Istruzioni *, Container: NINA.Sequencer.Container.EndAreaContainer, Strategy: SequentialStrategy, Items[CREATED]: 1
2026-07-17T04:26:06.5081|INFO|SequenceItem.cs|Run|208|Starting Category: * Set di Istruzioni *, Container: NINA.Sequencer.Container.EndAreaContainer, Strategy: SequentialStrategy, Items[CREATED]: 1
2026-07-17T04:26:06.5083|INFO|MeridianFlipTrigger.cs|ShouldTrigger|296|Meridian Flip - (Side of Pier usage is disabled) There is still time remaining. Max remaining time 05:26:13.1187439, next instruction time 0, next instruction Category: * Set di Istruzioni *, Container: NINA.Sequencer.Container.SequentialContainer, Strategy: SequentialStrategy, Items[CREATED]: 17
2026-07-17T04:26:06.5083|INFO|SequenceItem.cs|Run|208|Starting Category: * Set di Istruzioni *, Container: NINA.Sequencer.Container.SequentialContainer, Strategy: SequentialStrategy, Items[CREATED]: 17
2026-07-17T04:26:06.5085|INFO|MeridianFlipTrigger.cs|ShouldTrigger|296|Meridian Flip - (Side of Pier usage is disabled) There is still time remaining. Max remaining time 05:26:13.1187439, next instruction time 0, next instruction Category: Utilità, Item: Annotation, Text: VERSION: 1
2026-07-17T04:26:06.5086|INFO|SequenceItem.cs|Run|208|Starting Category: Utilità, Item: Annotation, Text: VERSION: 1
2026-07-17T04:26:06.5086|INFO|SequenceItem.cs|Run|254|Finishing Category: Utilità, Item: Annotation, Text: VERSION: 1
2026-07-17T04:26:06.5087|INFO|MeridianFlipTrigger.cs|ShouldTrigger|296|Meridian Flip - (Side of Pier usage is disabled) There is still time remaining. Max remaining time 05:26:13.1187439, next instruction time 0, next instruction Category: * Set di Istruzioni *, Container: NINA.Sequencer.Container.SequentialContainer, Strategy: SequentialStrategy, Items[CREATED]: 3
2026-07-17T04:26:06.5087|INFO|SequenceItem.cs|Run|208|Starting Category: * Set di Istruzioni *, Container: NINA.Sequencer.Container.SequentialContainer, Strategy: SequentialStrategy, Items[CREATED]: 3
2026-07-17T04:26:06.5088|INFO|MeridianFlipTrigger.cs|ShouldTrigger|296|Meridian Flip - (Side of Pier usage is disabled) There is still time remaining. Max remaining time 05:26:13.1187439, next instruction time 0, next instruction Category: Utilità, Item: Annotation, Text: This End Sequence ensures an ASCOM Safety Monitor will function in a sequence as expected.
2026-07-17T04:26:06.5088|INFO|SequenceItem.cs|Run|208|Starting Category: Utilità, Item: Annotation, Text: This End Sequence ensures an ASCOM Safety Monitor will function in a sequence as expected.
2026-07-17T04:26:06.5089|INFO|SequenceItem.cs|Run|254|Finishing Category: Utilità, Item: Annotation, Text: This End Sequence ensures an ASCOM Safety Monitor will function in a sequence as expected.
2026-07-17T04:26:06.5089|INFO|MeridianFlipTrigger.cs|ShouldTrigger|296|Meridian Flip - (Side of Pier usage is disabled) There is still time remaining. Max remaining time 05:26:13.1187439, next instruction time 0, next instruction Category: Utilità, Item: Annotation, Text: The CONNECTOR Plugin is used in this Sequence.
2026-07-17T04:26:06.5090|INFO|SequenceItem.cs|Run|208|Starting Category: Utilità, Item: Annotation, Text: The CONNECTOR Plugin is used in this Sequence.
2026-07-17T04:26:06.5090|INFO|SequenceItem.cs|Run|254|Finishing Category: Utilità, Item: Annotation, Text: The CONNECTOR Plugin is used in this Sequence.
2026-07-17T04:26:06.5090|INFO|MeridianFlipTrigger.cs|ShouldTrigger|296|Meridian Flip - (Side of Pier usage is disabled) There is still time remaining. Max remaining time 05:26:13.1187439, next instruction time 0, next instruction Category: Utilità, Item: Annotation, Text: A Switch is also used within this End Sequence.
2026-07-17T04:26:06.5091|INFO|SequenceItem.cs|Run|208|Starting Category: Utilità, Item: Annotation, Text: A Switch is also used within this End Sequence.
2026-07-17T04:26:06.5091|INFO|SequenceItem.cs|Run|254|Finishing Category: Utilità, Item: Annotation, Text: A Switch is also used within this End Sequence.
2026-07-17T04:26:06.5092|INFO|SequenceItem.cs|Run|254|Finishing Category: * Set di Istruzioni *, Container: NINA.Sequencer.Container.SequentialContainer, Strategy: SequentialStrategy, Items[FINISHED]: 3
2026-07-17T04:26:06.5096|INFO|MeridianFlipTrigger.cs|ShouldTrigger|296|Meridian Flip - (Side of Pier usage is disabled) There is still time remaining. Max remaining time 05:26:13.1187439, next instruction time 0, next instruction Category: Guida, Item: StopGuiding
2026-07-17T04:26:06.5097|INFO|SequenceItem.cs|Run|208|Starting Category: Guida, Item: StopGuiding
2026-07-17T04:26:09.1002|INFO|SequenceItem.cs|Run|254|Finishing Category: Guida, Item: StopGuiding
2026-07-17T04:26:09.1006|INFO|MeridianFlipTrigger.cs|ShouldTrigger|296|Meridian Flip - (Side of Pier usage is disabled) There is still time remaining. Max remaining time 05:26:10.7703498, next instruction time 0, next instruction Category: Telescopio, Item: SetTracking, TrackingMode: Stopped
2026-07-17T04:26:09.1006|INFO|SequenceItem.cs|Run|208|Starting Category: Telescopio, Item: SetTracking, TrackingMode: Stopped
2026-07-17T04:26:09.1357|INFO|SequenceItem.cs|Run|254|Finishing Category: Telescopio, Item: SetTracking, TrackingMode: Stopped
2026-07-17T04:26:09.1411|INFO|MeridianFlipTrigger.cs|ShouldTrigger|296|Meridian Flip - (Side of Pier usage is disabled) There is still time remaining. Max remaining time 05:26:10.7703498, next instruction time 0, next instruction Category: Telescopio, Item: FindHome
2026-07-17T04:26:09.1415|INFO|SequenceItem.cs|Run|208|Starting Category: Telescopio, Item: FindHome
2026-07-17T04:26:09.1659|INFO|PHD2Guider.cs|StopGuiding|704|Phd2 - Stop Guiding skipped, as the app is already in state Stopped
2026-07-17T04:26:09.1699|INFO|TelescopeVM.cs|FindHome|292|Mount ordered to locate home position
2026-07-17T04:26:23.2406|INFO|TelescopeVM.cs|FindHome|348|Mount has located its home position
2026-07-17T04:26:23.2407|INFO|SequenceItem.cs|Run|254|Finishing Category: Telescopio, Item: FindHome
2026-07-17T04:26:23.2409|INFO|MeridianFlipTrigger.cs|ShouldTrigger|197|Meridian Flip - Telescope is at home position. Skip flip evaluation
2026-07-17T04:26:23.2413|INFO|SequenceItem.cs|Run|208|Starting Category: Apparato per i Flat, Item: CloseCover
2026-07-17T04:26:23.2658|INFO|HocusFocusStarDetection.cs|Detect|413|Average HFR: 2.127958961859938, HFR MAD: 0.19324456277254498, Detected Stars 331, Region: 0
2026-07-17T04:26:23.8974|INFO|FlatDeviceVM.cs|CloseCover|341|Closing Flat Device Cover
2026-07-17T04:26:24.1096|INFO|BaseImageData.cs|SaveToDisk|346|Saved image to D:\Images NINA\Target\LIGHT_1x1_600.00s_910_99_LDN 1320_Skywatcher quattro 200p__-10.00C_LPRO_0163_2026-07-17_04-16-06_FWHM_5.77_Fok_116189.xisf
2026-07-17T04:26:24.1097|INFO|ImageSaveController.cs|DoWork|97|Successfully saved file at D:\Images NINA\Target\LIGHT_1x1_600.00s_910_99_LDN 1320_Skywatcher quattro 200p__-10.00C_LPRO_0163_2026-07-17_04-16-06_FWHM_5.77_Fok_116189.xisf. Duration Total: 00:00:16.5865593; BeforeSave: 00:00:00.0000486; BeforeFinalizeImageSaved: 00:00:16.4140005; FinalizeSaveTime: 00:00:00.1725094
2026-07-17T04:26:48.8375|INFO|SequenceItem.cs|Run|254|Finishing Category: Apparato per i Flat, Item: CloseCover
2026-07-17T04:26:48.8377|INFO|MeridianFlipTrigger.cs|ShouldTrigger|197|Meridian Flip - Telescope is at home position. Skip flip evaluation
2026-07-17T04:26:48.8381|INFO|SequenceItem.cs|Run|208|Starting Category: Osservatorio, Item: CloseDomeShutter
2026-07-17T04:26:48.8462|INFO|DomeVM.cs|CloseShutter|544|Closing dome shutter. Shutter state before closing ShutterOpen
2026-07-17T04:26:48.8493|INFO|AscomDome.cs|CloseShutter|245|Sending a CloseShutter request, since it is currently ShutterOpen
2026-07-17T04:27:38.8633|INFO|DomeVM.cs|CloseShutter|550|Closed dome shutter. Shutter state after closing ShutterClosed
2026-07-17T04:27:38.8639|INFO|SequenceItem.cs|Run|254|Finishing Category: Osservatorio, Item: CloseDomeShutter
2026-07-17T04:27:38.8641|INFO|MeridianFlipTrigger.cs|ShouldTrigger|197|Meridian Flip - Telescope is at home position. Skip flip evaluation
2026-07-17T04:27:38.8647|INFO|SequenceItem.cs|Run|208|Starting Category: Fotocamera, Item: WarmCamera, Duration: 5
2026-07-17T04:27:38.8676|INFO|CameraVM.cs|WarmCamera|161|Warming Camera. Duration: 00:05:00
2026-07-17T04:33:00.6262|INFO|CameraVM.cs|WarmCamera|186|Turning cooler off
2026-07-17T04:33:00.6741|INFO|SequenceItem.cs|Run|254|Finishing Category: Fotocamera, Item: WarmCamera, Duration: 5
2026-07-17T04:33:00.6744|INFO|MeridianFlipTrigger.cs|ShouldTrigger|197|Meridian Flip - Telescope is at home position. Skip flip evaluation
2026-07-17T04:33:00.6751|INFO|SequenceItem.cs|Run|208|Starting Category: Connetti, Item: DisconnectEquipment, Selected device: Camera
2026-07-17T04:33:00.9721|INFO|CameraVM.cs|Disconnect|650|Disconnected Camera
2026-07-17T04:33:00.9724|INFO|SequenceItem.cs|Run|254|Finishing Category: Connetti, Item: DisconnectEquipment, Selected device: Camera
2026-07-17T04:33:00.9725|INFO|MeridianFlipTrigger.cs|ShouldTrigger|197|Meridian Flip - Telescope is at home position. Skip flip evaluation
2026-07-17T04:33:00.9726|INFO|SequenceItem.cs|Run|208|Starting Category: Connetti, Item: DisconnectEquipment, Selected device: Filter Wheel
2026-07-17T04:33:00.9730|INFO|AscomDevice.cs|Disconnect|378|Disconnecting from ASCOM.ToupTek.FilterWheel ASCOM.ToupTek.FilterWheel
2026-07-17T04:33:00.9837|INFO|FilterWheelVM.cs|Disconnect|333|Disconnected Filter Wheel
2026-07-17T04:33:00.9839|INFO|SequenceItem.cs|Run|254|Finishing Category: Connetti, Item: DisconnectEquipment, Selected device: Filter Wheel
2026-07-17T04:33:00.9840|INFO|MeridianFlipTrigger.cs|ShouldTrigger|197|Meridian Flip - Telescope is at home position. Skip flip evaluation
2026-07-17T04:33:00.9841|INFO|SequenceItem.cs|Run|208|Starting Category: Connetti, Item: DisconnectEquipment, Selected device: Focuser
2026-07-17T04:33:00.9872|INFO|AscomDevice.cs|Disconnect|378|Disconnecting from ASCOM.ArcoEsatto.Focuser PLL Focuser v3.7
2026-07-17T04:33:01.0188|INFO|FocuserVM.cs|Disconnect|441|Disconnected Focuser
2026-07-17T04:33:01.0192|INFO|SequenceItem.cs|Run|254|Finishing Category: Connetti, Item: DisconnectEquipment, Selected device: Focuser
2026-07-17T04:33:01.0194|INFO|MeridianFlipTrigger.cs|ShouldTrigger|197|Meridian Flip - Telescope is at home position. Skip flip evaluation
2026-07-17T04:33:01.0194|INFO|SequenceItem.cs|Run|208|Starting Category: Connetti, Item: DisconnectEquipment, Selected device: Mount
2026-07-17T04:33:01.0689|INFO|AscomDevice.cs|Disconnect|378|Disconnecting from ASCOM.Optec ASCOM.Telescope CPWI_ASCOM_Telescope
2026-07-17T04:33:01.2971|INFO|TelescopeVM.cs|Disconnect|740|Disconnected mount
2026-07-17T04:33:01.2975|INFO|SequenceItem.cs|Run|254|Finishing Category: Connetti, Item: DisconnectEquipment, Selected device: Mount
2026-07-17T04:33:01.2977|ERROR|MeridianFlipTrigger.cs|ShouldTrigger|183|Meridian Flip - Telescope is not connected to evaluate if a flip should happen!
2026-07-17T04:33:01.2977|INFO|SequenceItem.cs|Run|208|Starting Category: Connetti, Item: DisconnectEquipment, Selected device: Guider
2026-07-17T04:33:01.2997|INFO|SequenceItem.cs|Run|254|Finishing Category: Connetti, Item: DisconnectEquipment, Selected device: Guider
2026-07-17T04:33:01.2999|ERROR|MeridianFlipTrigger.cs|ShouldTrigger|183|Meridian Flip - Telescope is not connected to evaluate if a flip should happen!
2026-07-17T04:33:01.3000|INFO|SequenceItem.cs|Run|208|Starting Category: Connetti, Item: DisconnectEquipment, Selected device: Flat Panel
2026-07-17T04:33:01.3091|INFO|AscomDevice.cs|Disconnect|378|Disconnecting from ASCOM.WandererCover2.CoverCalibrator WandererEmpire Cover 2
2026-07-17T04:33:01.4125|INFO|FlatDeviceVM.cs|Disconnect|289|Disconnected Flat Device
2026-07-17T04:33:01.4127|INFO|SequenceItem.cs|Run|254|Finishing Category: Connetti, Item: DisconnectEquipment, Selected device: Flat Panel
2026-07-17T04:33:01.4128|ERROR|MeridianFlipTrigger.cs|ShouldTrigger|183|Meridian Flip - Telescope is not connected to evaluate if a flip should happen!
2026-07-17T04:33:01.4129|INFO|SequenceItem.cs|Run|208|Starting Category: Connetti, Item: DisconnectEquipment, Selected device: Weather
2026-07-17T04:33:01.4313|INFO|AscomDevice.cs|Disconnect|378|Disconnecting from ASCOM.CloudWatcher.ObservingConditions CloudWatcher ObsCond
2026-07-17T04:33:01.4931|INFO|WeatherDataVM.cs|Disconnect|305|Disconnected Weather Device
2026-07-17T04:33:01.4933|INFO|SequenceItem.cs|Run|254|Finishing Category: Connetti, Item: DisconnectEquipment, Selected device: Weather
2026-07-17T04:33:01.4934|ERROR|MeridianFlipTrigger.cs|ShouldTrigger|183|Meridian Flip - Telescope is not connected to evaluate if a flip should happen!
2026-07-17T04:33:01.4935|INFO|SequenceItem.cs|Run|208|Starting Category: Connetti, Item: DisconnectEquipment, Selected device: Dome
2026-07-17T04:33:01.4960|INFO|AscomDevice.cs|Disconnect|378|Disconnecting from ASCOM.TS_Shelter.Dome Shelter Dome
2026-07-17T04:33:01.8118|INFO|DomeVM.cs|Disconnect|355|Disconnected Dome Device
2026-07-17T04:33:01.8120|INFO|SequenceItem.cs|Run|254|Finishing Category: Connetti, Item: DisconnectEquipment, Selected device: Dome
2026-07-17T04:33:01.8122|ERROR|MeridianFlipTrigger.cs|ShouldTrigger|183|Meridian Flip - Telescope is not connected to evaluate if a flip should happen!
2026-07-17T04:33:01.8122|INFO|SequenceItem.cs|Run|208|Starting Category: Connetti, Item: DisconnectEquipment, Selected device: Safety Monitor
2026-07-17T04:33:01.8148|INFO|SafetyMonitorVM.cs|UpdateMonitorValues|95|SafetyMonitorInfo state changed to Unsafe
2026-07-17T04:33:01.8150|INFO|AscomDevice.cs|Disconnect|378|Disconnecting from ASCOM.Hub.SafetyMonitor Short driver name - please customise
2026-07-17T04:33:02.7027|INFO|SafetyMonitorVM.cs|Disconnect|221|Disconnected Safety Monitor
2026-07-17T04:33:02.7030|INFO|SequenceItem.cs|Run|254|Finishing Category: Connetti, Item: DisconnectEquipment, Selected device: Safety Monitor
2026-07-17T04:33:02.7034|INFO|SequenceItem.cs|Run|254|Finishing Category: * Set di Istruzioni *, Container: NINA.Sequencer.Container.SequentialContainer, Strategy: SequentialStrategy, Items[FINISHED]: 17
2026-07-17T04:33:02.7034|INFO|SequenceItem.cs|Run|254|Finishing Category: * Set di Istruzioni *, Container: NINA.Sequencer.Container.EndAreaContainer, Strategy: SequentialStrategy, Items[FINISHED]: 1
2026-07-17T04:33:02.7036|INFO|SequenceItem.cs|Run|254|Finishing Category: * Set di Istruzioni *, Container: NINA.Sequencer.Container.SequenceRootContainer, Strategy: SequentialStrategy, Items[FINISHED]: 3, Triggers: Trigger: MeridianFlipTriggerTrigger: RestoreGuidingTrigger: AutofocusAfterHFRIncreaseTrigger, Amount: 10Trigger: AutofocusAfterFilterChange
2026-07-17T04:33:02.7047|INFO|Sequence2VM.cs|StartSequence|548|Advanced Sequence finished
