"Date","Time","Cloud Condition","Rain Condition","Brightness Condition","Cloud Value","Cloud Sensor Temperature","Rain Value","Brightness Value","Ambient Temperature","Rain Heating Percentage","Rain Sensor Temperature","Heating Status","Switch Status","Read Cycle","Timeout Errors","Safe Status","Wind Condition","Wind Value","Relative Humidity","Dew Point","Raw IR Temperature","Absolute Pressure","Relative Pressure"
"2026-08-14","19:00:06","Clear","Dry","Very Light","1.5","35.0","3328","2","36.8","23%","39.8","","Opened","7.458","11","Unsafe","Calm","6.4","26","14.3","17.7","996.6","1007.6"
"2026-08-14","19:00:16","Clear","Dry","Very Light","1.5","35.0","3328","2","36.8","23%","39.7","Heating UP","Opened","7.502","11","Unsafe","Calm","6.5","26","14.4","17.7","996.5","1007.5"
"2026-08-14","19:00:26","Clear","Dry","Very Light","1.2","34.9","3328","2","36.7","24%","39.7","Heating UP","Opened","7.487","11","Unsafe","Calm","6.9","26","14.4","17.4","996.6","1007.6"
"2026-08-14","19:00:36","Clear","Dry","Very Light","1.2","34.9","3328","2","36.7","25%","39.6","Heating UP","Opened","7.490","11","Unsafe","Calm","7.8","26","14.3","17.3","996.6","1007.6"
"2026-08-14","19:00:46","Clear","Dry","Very Light","1.1","34.8","3328","2","36.6","26%","39.4","Heating UP","Opened","7.495","11","Unsafe","Windy","8.7","26","14.3","17.2","996.5","1007.5"
"2026-08-14","19:00:56","Clear","Dry","Very Light","1.4","34.7","3328","2","36.4","28%","39.3","Heating UP","Opened","7.499","11","Unsafe","Windy","8.6","27","14.2","17.4","996.7","1007.7"
"2026-08-14","19:01:06","Clear","Dry","Very Light","1.6","34.6","3328","2","36.4","30%","39.4","","Opened","7.489","11","Unsafe","Windy","8.3","27","14.2","17.5","996.6","1007.6"
"2026-08-14","19:01:16","Clear","Dry","Very Light","1.5","34.6","3328","2","36.4","30%","39.6","","Opened","7.279","11","Unsafe","Windy","8.0","27","14.2","17.5","996.5","1007.6"
"2026-08-14","19:01:26","Clear","Dry","Very Light","1.2","34.5","3328","2","36.3","30%","39.4","Heating UP","Opened","7.466","11","Unsafe","Windy","8.2","27","14.3","17.2","996.6","1007.6"
"2026-08-14","19:01:36","Clear","Dry","Very Light","1.5","34.5","3328","2","36.3","31%","39.4","Heating UP","Opened","7.440","11","Unsafe","Windy","7.9","27","14.2","17.4","996.4","1007.4"
"2026-08-14","19:01:46","Clear","Dry","Very Light","1.3","34.4","3328","2","36.2","33%","39.6","","Opened","7.312","11","Unsafe","Windy","7.8","27","14.2","17.2","996.6","1007.6"
"2026-08-14","19:01:56","Clear","Dry","Very Light","1.5","34.4","3328","2","36.2","33%","39.4","Heating UP","Opened","7.392","11","Unsafe","Windy","7.6","27","14.2","17.4","996.5","1007.6"
"2026-08-14","19:02:06","Clear","Dry","Very Light","1.6","34.3","3327","2","36.1","35%","39.4","Heating UP","Opened","7.539","11","Unsafe","Windy","8.0","27","14.2","17.4","996.6","1007.6"
"2026-08-14","19:02:16","Clear","Dry","Very Light","1.5","34.3","3328","2","36.1","37%","39.6","","Opened","7.385","11","Unsafe","Windy","8.7","27","14.2","17.3","996.6","1007.7"
"2026-08-14","19:02:26","Clear","Dry","Very Light","1.5","34.2","3328","2","36.0","37%","39.6","Heating UP","Opened","7.462","11","Unsafe","Windy","8.7","27","14.2","17.3","996.6","1007.6"
"2026-08-14","19:02:36","Clear","Dry","Very Light","1.6","34.2","3328","2","35.9","38%","39.6","Heating UP","Opened","7.446","11","Unsafe","Windy","8.9","27","14.2","17.3","996.6","1007.7"
"2026-08-14","19:02:46","Clear","Dry","Very Light","1.6","34.1","3328","2","35.9","39%","39.6","Heating UP","Opened","7.452","11","Unsafe","Calm","8.2","27","14.3","17.3","996.6","1007.7"
"2026-08-14","19:02:56","Clear","Dry","Very Light","1.7","34.1","3328","2","35.8","40%","39.7","","Opened","7.323","11","Unsafe","Calm","8.0","27","14.2","17.4","996.6","1007.6"
"2026-08-14","19:03:06","Clear","Dry","Very Light","1.6","34.1","3328","2","35.8","40%","39.8","","Opened","7.397","11","Unsafe","Calm","8.0","27","14.2","17.3","996.6","1007.6"
"2026-08-14","19:03:16","Clear","Dry","Very Light","1.6","34.1","3328","2","35.8","40%","39.8","","Opened","7.351","11","Unsafe","Calm","7.8","28","14.3","17.3","996.6","1007.7"
"2026-08-14","19:03:26","Clear","Dry","Very Light","1.7","34.1","3328","2","35.7","40%","39.9","","Opened","7.284","11","Unsafe","Calm","7.2","28","14.2","17.3","996.6","1007.6"
"2026-08-14","19:03:36","Clear","Dry","Very Light","1.8","34.1","3328","2","35.7","40%","40.0","Heating DOWN","Opened","7.480","11","Unsafe","Calm","6.6","28","14.2","17.4","996.6","1007.6"
"2026-08-14","19:03:46","Clear","Dry","Very Light","1.7","34.0","3328","2","35.7","39%","40.2","Heating DOWN","Opened","7.476","11","Unsafe","Calm","6.8","28","14.2","17.3","996.6","1007.7"
"2026-08-14","19:03:56","Clear","Dry","Very Light","1.7","34.0","3328","2","35.7","38%","40.2","Heating DOWN","Opened","7.479","11","Unsafe","Calm","6.9","28","14.3","17.3","996.6","1007.7"
"2026-08-14","19:04:06","Clear","Dry","Very Light","1.7","34.0","3328","2","35.6","37%","40.2","Heating DOWN","Opened","7.639","11","Unsafe","Calm","7.1","28","14.2","17.3","996.6","1007.6"
"2026-08-14","19:04:16","Clear","Dry","Very Light","1.7","34.0","3328","2","35.6","35%","40.2","Heating DOWN","Opened","7.482","11","Unsafe","Calm","7.1","28","14.3","17.3","996.5","1007.6"
"2026-08-14","19:04:26","Clear","Dry","Very Light","1.7","33.9","3328","2","35.5","33%","40.0","","Opened","7.338","11","Unsafe","Windy","8.3","28","14.2","17.2","996.5","1007.6"
"2026-08-14","19:04:36","Clear","Dry","Very Light","1.6","33.9","3328","2","35.5","33%","39.8","","Opened","7.281","11","Unsafe","Windy","8.9","28","14.3","17.1","996.6","1007.6"
"2026-08-14","19:04:46","Clear","Dry","Very Light","1.8","33.9","3328","2","35.4","33%","39.8","Heating DOWN","Opened","7.483","11","Unsafe","Windy","8.9","28","14.2","17.3","996.5","1007.6"
"2026-08-14","19:04:56","Clear","Dry","Very Light","1.9","33.9","3328","2","35.3","32%","39.8","Heating DOWN","Opened","7.469","11","Unsafe","Windy","8.9","28","14.2","17.3","996.5","1007.6"
"2026-08-14","19:05:06","Clear","Dry","Very Light","1.7","33.9","3328","2","35.3","31%","39.8","Heating DOWN","Opened","7.633","11","Unsafe","Windy","9.0","28","14.4","17.2","996.5","1007.6"
"2026-08-14","19:05:16","Clear","Dry","Very Light","1.8","33.9","3328","2","35.3","30%","39.7","","Opened","7.342","11","Unsafe","Windy","9.0","29","14.3","17.2","996.5","1007.6"
"2026-08-14","19:05:26","Clear","Dry","Very Light","1.9","33.8","3328","2","35.2","30%","39.7","Heating DOWN","Opened","7.398","11","Unsafe","Calm","8.3","28","14.3","17.2","996.5","1007.6"
"2026-08-14","19:05:36","Clear","Dry","Very Light","1.9","33.8","3328","2","35.2","30%","39.6","","Opened","7.265","11","Unsafe","Calm","8.2","29","14.3","17.3","996.5","1007.6"
"2026-08-14","19:05:46","Clear","Dry","Very Light","1.9","33.8","3328","2","35.2","30%","39.6","Heating DOWN","Opened","7.468","11","Unsafe","Calm","8.2","29","14.3","17.2","996.5","1007.6"
"2026-08-14","19:05:56","Clear","Dry","Very Light","1.8","33.8","3328","2","35.2","29%","39.4","","Opened","7.337","11","Unsafe","Windy","8.9","29","14.3","17.2","996.6","1007.7"
"2026-08-14","19:06:06","Clear","Dry","Very Light","1.9","33.8","3328","2","35.1","29%","39.4","Heating DOWN","Opened","7.581","11","Unsafe","Windy","8.6","29","14.4","17.2","996.6","1007.7"
"2026-08-14","19:06:16","Clear","Dry","Very Light","2.0","33.8","3328","2","35.1","28%","39.3","","Opened","7.284","11","Unsafe","Windy","8.3","29","14.3","17.3","996.5","1007.6"
"2026-08-14","19:06:26","Clear","Dry","Very Light","1.9","33.7","3328","2","35.1","28%","39.3","","Opened","7.345","11","Unsafe","Windy","8.3","29","14.3","17.2","996.6","1007.7"
"2026-08-14","19:06:36","Clear","Dry","Very Light","2.0","33.8","3328","2","35.0","28%","39.2","","Opened","7.284","11","Unsafe","Windy","8.6","29","14.3","17.2","996.5","1007.6"
"2026-08-14","19:06:46","Clear","Dry","Very Light","1.9","33.7","3328","2","35.0","28%","39.1","","Opened","7.355","11","Unsafe","Windy","9.0","29","14.4","17.2","996.6","1007.7"
"2026-08-14","19:06:56","Clear","Dry","Very Light","2.0","33.7","3328","2","35.0","28%","39.1","","Opened","7.312","11","Unsafe","Calm","8.0","29","14.4","17.2","996.6","1007.7"
"2026-08-14","19:07:06","Clear","Dry","Very Light","2.0","33.7","3328","2","34.9","28%","39.1","","Opened","7.532","11","Unsafe","Calm","7.8","29","14.4","17.2","996.5","1007.6"
"2026-08-14","19:07:16","Cloudy","Dry","Very Light","2.0","33.7","3328","2","34.9","28%","39.1","","Opened","7.302","11","Unsafe","Calm","8.5","29","14.4","17.3","996.6","1007.7"
"2026-08-14","19:07:26","Cloudy","Dry","Very Light","2.0","33.7","3328","2","34.9","28%","39.0","","Opened","7.375","11","Unsafe","Calm","8.2","29","14.5","17.3","996.6","1007.7"
"2026-08-14","19:07:36","Cloudy","Dry","Very Light","2.0","33.6","3328","2","34.9","28%","39.0","","Opened","7.301","11","Unsafe","Calm","7.6","29","14.5","17.2","996.5","1007.6"
"2026-08-14","19:07:46","Cloudy","Dry","Very Light","2.1","33.7","3328","2","34.9","28%","39.0","","Opened","7.248","11","Unsafe","Calm","7.2","30","14.5","17.3","996.6","1007.7"
"2026-08-14","19:07:56","Cloudy","Dry","Very Light","2.0","33.7","3328","2","34.8","28%","39.0","","Opened","7.330","11","Unsafe","Calm","7.8","30","14.5","17.2","996.6","1007.7"
"2026-08-14","19:08:06","Cloudy","Dry","Very Light","2.1","33.6","3328","2","34.8","28%","38.8","","Opened","7.411","11","Unsafe","Calm","8.0","30","14.5","17.2","996.6","1007.7"
"2026-08-14","19:08:16","Cloudy","Dry","Very Light","2.1","33.6","3328","2","34.8","28%","38.8","","Opened","7.340","11","Unsafe","Calm","7.5","30","14.5","17.2","996.5","1007.6"
"2026-08-14","19:08:26","Cloudy","Dry","Very Light","2.1","33.6","3328","2","34.8","28%","39.0","","Opened","7.287","11","Unsafe","Calm","7.1","30","14.5","17.3","996.6","1007.7"
"2026-08-14","19:08:36","Cloudy","Dry","Very Light","2.1","33.6","3328","2","34.8","28%","39.0","","Opened","7.348","11","Unsafe","Calm","6.9","30","14.5","17.3","996.5","1007.6"
"2026-08-14","19:08:46","Clear","Dry","Very Light","2.0","33.6","3328","2","34.8","28%","38.8","","Opened","7.275","11","Unsafe","Calm","6.8","30","14.6","17.2","996.5","1007.6"
"2026-08-14","19:08:56","Cloudy","Dry","Very Light","2.0","33.5","3328","2","34.8","28%","38.8","","Opened","7.349","11","Unsafe","Calm","6.6","30","14.6","17.2","996.6","1007.7"
"2026-08-14","19:09:06","Cloudy","Dry","Very Light","2.0","33.6","3328","2","34.8","28%","38.8","","Opened","7.432","11","Unsafe","Calm","6.4","30","14.6","17.2","996.6","1007.7"
"2026-08-14","19:09:16","Cloudy","Dry","Very Light","2.0","33.5","3328","2","34.8","28%","38.8","","Opened","7.355","11","Unsafe","Calm","6.8","30","14.6","17.2","996.6","1007.7"
"2026-08-14","19:09:26","Cloudy","Dry","Very Light","2.1","33.5","3328","2","34.7","28%","38.8","","Opened","7.287","11","Unsafe","Calm","6.6","30","14.5","17.2","996.4","1007.5"
"2026-08-14","19:09:36","Cloudy","Dry","Very Light","2.1","33.5","3328","2","34.7","28%","38.8","","Opened","7.347","11","Unsafe","Calm","6.8","30","14.5","17.3","996.5","1007.6"
"2026-08-14","19:09:46","Cloudy","Dry","Very Light","2.0","33.5","3328","2","34.7","28%","38.8","","Opened","7.283","11","Unsafe","Calm","6.6","30","14.6","17.2","996.6","1007.7"
"2026-08-14","19:09:56","Cloudy","Dry","Very Light","2.1","33.5","3328","2","34.7","28%","38.8","","Opened","7.365","11","Unsafe","Calm","6.8","30","14.6","17.2","996.6","1007.7"
"2026-08-14","19:10:06","Cloudy","Dry","Very Light","2.1","33.5","3328","2","34.7","28%","38.8","","Opened","7.452","11","Unsafe","Calm","7.3","30","14.6","17.2","996.6","1007.7"
"2026-08-14","19:10:16","Cloudy","Dry","Very Light","2.2","33.5","3328","2","34.7","28%","38.7","","Opened","7.375","11","Unsafe","Calm","7.2","30","14.5","17.3","996.5","1007.6"
"2026-08-14","19:10:26","Cloudy","Dry","Very Light","2.1","33.5","3328","2","34.7","28%","38.7","","Opened","7.316","11","Unsafe","Calm","7.3","30","14.5","17.2","996.6","1007.7"
"2026-08-14","19:10:36","Cloudy","Dry","Very Light","2.1","33.4","3328","2","34.7","28%","38.7","","Opened","7.259","11","Unsafe","Calm","7.6","30","14.6","17.2","996.6","1007.7"
"2026-08-14","19:10:46","Cloudy","Dry","Very Light","2.2","33.5","3328","2","34.7","28%","38.7","","Opened","7.321","11","Unsafe","Calm","8.0","30","14.6","17.3","996.6","1007.7"
"2026-08-14","19:10:56","Cloudy","Dry","Very Light","2.2","33.5","3328","2","34.7","28%","38.7","","Opened","7.267","11","Unsafe","Calm","7.8","30","14.6","17.3","996.6","1007.7"
"2026-08-14","19:11:06","Cloudy","Dry","Very Light","2.1","33.4","3328","2","34.6","28%","38.7","","Opened","7.506","11","Unsafe","Calm","7.5","30","14.6","17.2","996.6","1007.7"
"2026-08-14","19:11:16","Cloudy","Dry","Very Light","2.2","33.4","3328","2","34.7","28%","38.7","","Opened","7.282","11","Unsafe","Calm","7.3","30","14.6","17.3","996.6","1007.7"
"2026-08-14","19:11:26","Cloudy","Dry","Very Light","2.2","33.4","3328","2","34.6","28%","38.7","","Opened","7.375","11","Unsafe","Calm","7.6","30","14.6","17.3","996.6","1007.7"
"2026-08-14","19:11:36","Cloudy","Dry","Very Light","2.1","33.4","3328","2","34.6","28%","38.7","","Opened","7.320","11","Unsafe","Calm","7.5","30","14.6","17.1","996.6","1007.7"
"2026-08-14","19:11:46","Cloudy","Dry","Very Light","2.2","33.4","3328","2","34.6","28%","38.7","","Opened","7.269","11","Unsafe","Calm","6.9","30","14.7","17.3","996.6","1007.7"
"2026-08-14","19:11:56","Cloudy","Dry","Very Light","2.2","33.4","3328","2","34.6","28%","38.8","","Opened","7.331","11","Unsafe","Calm","6.5","30","14.6","17.3","996.5","1007.6"
"2026-08-14","19:12:06","Cloudy","Dry","Very Light","2.2","33.4","3328","2","34.7","28%","38.8","","Opened","7.436","11","Unsafe","Calm","5.8","30","14.7","17.3","996.6","1007.7"
"2026-08-14","19:12:16","Cloudy","Dry","Very Light","2.2","33.4","3328","2","34.6","28%","38.8","","Opened","7.358","11","Unsafe","Calm","5.7","30","14.7","17.3","996.6","1007.7"
"2026-08-14","19:12:26","Cloudy","Dry","Very Light","2.2","33.4","3328","2","34.6","28%","38.8","","Opened","7.309","11","Unsafe","Calm","5.8","30","14.7","17.3","996.6","1007.7"
"2026-08-14","19:12:36","Cloudy","Dry","Very Light","2.1","33.4","3328","2","34.7","28%","38.7","","Opened","7.384","11","Unsafe","Calm","6.1","30","14.7","17.2","996.6","1007.7"
"2026-08-14","19:12:46","Cloudy","Dry","Very Light","2.1","33.4","3328","2","34.6","28%","38.7","","Opened","7.331","11","Unsafe","Calm","6.6","30","14.7","17.2","996.6","1007.7"
"2026-08-14","19:12:56","Cloudy","Dry","Very Light","2.1","33.4","3328","2","34.6","28%","38.7","","Opened","7.294","11","Unsafe","Calm","6.9","30","14.8","17.2","996.6","1007.7"
"2026-08-14","19:13:06","Cloudy","Dry","Very Light","2.2","33.3","3328","2","34.6","28%","38.6","","Opened","7.486","11","Unsafe","Calm","7.9","30","14.7","17.2","996.5","1007.6"
"2026-08-14","19:13:16","Cloudy","Dry","Very Light","2.2","33.3","3328","2","34.6","28%","38.6","","Opened","7.303","11","Unsafe","Calm","8.2","31","14.8","17.2","996.6","1007.7"
"2026-08-14","19:13:26","Cloudy","Dry","Very Light","2.1","33.3","3328","2","34.6","28%","38.6","","Opened","7.381","11","Unsafe","Calm","7.9","30","14.7","17.2","996.6","1007.7"
"2026-08-14","19:13:36","Cloudy","Dry","Very Light","2.1","33.3","3328","2","34.6","28%","38.6","","Opened","7.315","11","Unsafe","Calm","7.8","30","14.7","17.2","996.5","1007.6"
"2026-08-14","19:13:46","Cloudy","Dry","Very Light","2.2","33.3","3328","2","34.6","28%","38.6","","Opened","7.276","11","Unsafe","Calm","7.5","31","14.8","17.2","996.6","1007.7"
"2026-08-14","19:13:56","Cloudy","Dry","Very Light","2.2","33.3","3328","2","34.5","28%","38.6","","Opened","7.351","11","Unsafe","Calm","7.2","31","14.7","17.2","996.6","1007.7"
"2026-08-14","19:14:06","Cloudy","Dry","Very Light","2.2","33.3","3328","2","34.6","28%","38.6","","Opened","7.427","11","Unsafe","Calm","7.1","30","14.7","17.2","996.6","1007.7"
"2026-08-14","19:14:16","Cloudy","Dry","Very Light","2.1","33.3","3328","2","34.6","28%","38.6","","Opened","7.364","11","Unsafe","Calm","6.6","31","14.8","17.2","996.7","1007.8"
"2026-08-14","19:14:26","Cloudy","Dry","Very Light","2.1","33.3","3328","2","34.5","28%","38.6","","Opened","7.301","11","Unsafe","Calm","6.6","31","14.7","17.2","996.5","1007.6"
"2026-08-14","19:14:36","Cloudy","Dry","Very Light","2.1","33.3","3328","2","34.5","28%","38.6","","Opened","7.261","11","Unsafe","Calm","6.5","31","14.8","17.2","996.6","1007.7"
"2026-08-14","19:14:46","Cloudy","Dry","Very Light","2.1","33.2","3328","2","34.5","28%","38.6","","Opened","7.337","11","Unsafe","Calm","6.6","31","14.8","17.1","996.6","1007.7"
"2026-08-14","19:14:56","Cloudy","Dry","Very Light","2.1","33.2","3328","2","34.5","28%","38.6","","Opened","7.281","11","Unsafe","Calm","6.8","31","14.8","17.2","996.6","1007.7"
"2026-08-14","19:15:06","Cloudy","Dry","Very Light","2.2","33.2","3328","2","34.5","28%","38.6","","Opened","7.505","11","Unsafe","Calm","6.2","31","14.8","17.2","996.6","1007.7"
"2026-08-14","19:15:16","Cloudy","Dry","Very Light","2.3","33.2","3328","2","34.5","28%","38.6","","Opened","7.295","11","Unsafe","Calm","6.4","31","14.8","17.3","996.5","1007.6"
"2026-08-14","19:15:26","Cloudy","Dry","Very Light","2.1","33.2","3328","2","34.5","28%","38.6","","Opened","7.368","11","Unsafe","Calm","5.9","31","14.8","17.2","996.6","1007.7"
"2026-08-14","19:15:36","Cloudy","Dry","Very Light","2.2","33.2","3328","2","34.5","28%","38.7","","Opened","7.318","11","Unsafe","Calm","5.8","31","14.8","17.3","996.5","1007.6"
"2026-08-14","19:15:46","Cloudy","Dry","Very Light","2.1","33.2","3328","2","34.6","28%","38.6","","Opened","7.269","11","Unsafe","Calm","5.2","31","14.9","17.2","996.6","1007.7"
"2026-08-14","19:15:56","Cloudy","Dry","Very Light","2.1","33.2","3328","2","34.6","28%","38.7","","Opened","7.336","11","Unsafe","Calm","5.4","31","14.9","17.2","996.6","1007.7"
"2026-08-14","19:16:06","Cloudy","Dry","Very Light","2.2","33.2","3328","2","34.6","28%","38.7","","Opened","7.425","11","Unsafe","Calm","5.4","31","14.9","17.2","996.6","1007.7"
"2026-08-14","19:16:16","Cloudy","Dry","Very Light","2.1","33.2","3328","2","34.6","28%","38.6","","Opened","7.327","11","Unsafe","Calm","5.5","31","14.9","17.1","996.6","1007.7"
"2026-08-14","19:16:26","Cloudy","Dry","Very Light","2.2","33.2","3328","2","34.5","28%","38.6","","Opened","7.264","11","Unsafe","Calm","5.8","31","14.9","17.2","996.5","1007.6"
"2026-08-14","19:16:36","Cloudy","Dry","Very Light","2.2","33.2","3328","2","34.5","28%","38.6","","Opened","7.336","11","Unsafe","Calm","5.5","31","14.9","17.2","996.5","1007.6"
"2026-08-14","19:16:46","Cloudy","Dry","Very Light","2.1","33.2","3328","2","34.6","28%","38.7","","Opened","7.270","11","Unsafe","Calm","5.9","31","14.9","17.2","996.5","1007.6"
"2026-08-14","19:16:56","Cloudy","Dry","Very Light","2.1","33.2","3328","2","34.5","28%","38.6","","Opened","7.352","11","Unsafe","Calm","6.5","31","15.0","17.1","996.6","1007.7"
"2026-08-14","19:17:06","Cloudy","Dry","Very Light","2.1","33.1","3328","2","34.5","28%","38.5","","Opened","7.432","11","Unsafe","Calm","6.6","31","15.0","17.1","996.5","1007.6"
"2026-08-14","19:17:16","Cloudy","Dry","Very Light","2.1","33.1","3328","2","34.5","28%","38.6","","Opened","7.364","11","Unsafe","Calm","6.4","31","15.0","17.2","996.6","1007.7"
"2026-08-14","19:17:26","Cloudy","Dry","Very Light","2.2","33.1","3328","2","34.5","28%","38.6","","Opened","7.326","11","Unsafe","Calm","6.4","31","14.9","17.2","996.6","1007.7"
"2026-08-14","19:17:36","Cloudy","Dry","Very Light","2.2","33.1","3328","2","34.5","28%","38.6","","Opened","7.263","11","Unsafe","Calm","6.8","31","15.0","17.2","996.6","1007.7"
"2026-08-14","19:17:46","Cloudy","Dry","Very Light","2.2","33.1","3328","2","34.5","28%","38.6","","Opened","7.331","11","Unsafe","Calm","6.8","31","15.0","17.2","996.6","1007.7"
"2026-08-14","19:17:56","Cloudy","Dry","Very Light","2.2","33.1","3328","2","34.5","28%","38.6","","Opened","7.372","11","Unsafe","Calm","5.9","31","15.0","17.2","996.6","1007.7"
"2026-08-14","19:18:06","Cloudy","Dry","Very Light","2.1","33.1","3328","2","34.5","28%","38.6","","Opened","7.470","11","Unsafe","Calm","5.7","31","14.9","17.1","996.6","1007.7"
"2026-08-14","19:18:16","Cloudy","Dry","Very Light","2.1","33.1","3328","2","34.5","28%","38.6","","Opened","7.270","11","Unsafe","Calm","5.8","31","15.1","17.1","996.6","1007.7"
"2026-08-14","19:18:26","Cloudy","Dry","Very Light","2.3","33.1","3328","2","34.5","28%","38.6","","Opened","7.359","11","Unsafe","Calm","6.4","31","15.0","17.3","996.6","1007.7"
"2026-08-14","19:18:36","Cloudy","Dry","Very Light","2.1","33.1","3328","2","34.5","28%","38.6","","Opened","7.304","11","Unsafe","Calm","6.1","31","15.0","17.1","996.6","1007.7"
"2026-08-14","19:18:46","Cloudy","Dry","Very Light","2.2","33.1","3328","2","34.5","28%","38.6","","Opened","7.365","11","Unsafe","Calm","6.1","31","15.0","17.2","996.6","1007.7"
"2026-08-14","19:18:56","Cloudy","Dry","Very Light","2.1","33.1","3328","2","34.5","28%","38.6","","Opened","7.322","11","Unsafe","Windy","7.3","31","15.0","17.1","996.6","1007.7"
"2026-08-14","19:19:06","Cloudy","Dry","Very Light","2.1","33.1","3328","2","34.5","28%","38.5","","Opened","7.514","11","Unsafe","Windy","7.9","31","15.1","17.1","996.6","1007.7"
"2026-08-14","19:19:16","Cloudy","Dry","Very Light","2.1","33.0","3328","2","34.4","28%","38.4","","Opened","7.318","11","Unsafe","Windy","8.3","31","15.1","17.0","996.6","1007.7"
"2026-08-14","19:19:26","Cloudy","Dry","Very Light","2.2","33.0","3328","2","34.4","28%","38.4","","Opened","7.253","11","Unsafe","Windy","8.0","31","15.1","17.1","996.6","1007.7"
"2026-08-14","19:19:36","Cloudy","Dry","Very Light","2.3","33.0","3328","2","34.4","28%","38.4","","Opened","7.313","11","Unsafe","Windy","8.2","31","15.1","17.2","996.6","1007.7"
"2026-08-14","19:19:46","Cloudy","Dry","Very Light","2.3","33.1","3328","2","34.4","28%","38.4","","Opened","7.256","11","Unsafe","Windy","8.2","31","15.1","17.2","996.6","1007.7"
"2026-08-14","19:19:56","Cloudy","Dry","Very Light","2.2","33.0","3328","2","34.4","28%","38.4","","Opened","7.343","11","Unsafe","Calm","7.1","31","15.1","17.2","996.6","1007.7"
"2026-08-14","19:20:06","Cloudy","Dry","Very Light","2.2","33.0","3328","2","34.4","28%","38.4","","Opened","7.435","11","Unsafe","Calm","6.6","31","15.1","17.2","996.6","1007.7"
"2026-08-14","19:20:16","Cloudy","Dry","Very Light","2.2","33.0","3328","2","34.4","28%","38.4","","Opened","7.366","11","Unsafe","Calm","5.9","32","15.1","17.1","996.6","1007.7"
"2026-08-14","19:20:26","Cloudy","Dry","Very Light","2.2","33.0","3328","2","34.4","28%","38.5","","Opened","7.312","11","Unsafe","Calm","5.5","31","15.1","17.1","996.6","1007.7"
"2026-08-14","19:20:36","Cloudy","Dry","Very Light","2.2","33.0","3328","2","34.4","28%","38.5","","Opened","7.255","11","Unsafe","Calm","5.4","31","15.1","17.2","996.6","1007.7"
"2026-08-14","19:20:46","Cloudy","Dry","Very Light","2.2","33.0","3328","2","34.4","28%","38.5","","Opened","7.326","11","Unsafe","Calm","5.1","32","15.1","17.2","996.6","1007.7"
"2026-08-14","19:20:56","Cloudy","Dry","Very Light","2.2","33.0","3328","2","34.4","28%","38.5","","Opened","7.256","11","Unsafe","Calm","4.8","32","15.1","17.1","996.5","1007.6"
"2026-08-14","19:21:06","Cloudy","Dry","Very Light","2.1","33.0","3328","2","34.4","28%","38.5","","Opened","7.494","11","Unsafe","Calm","4.7","32","15.1","17.1","996.6","1007.7"
"2026-08-14","19:21:16","Cloudy","Dry","Very Light","2.2","33.0","3328","2","34.4","28%","38.6","","Opened","7.283","11","Unsafe","Calm","5.0","32","15.2","17.1","996.6","1007.7"
"2026-08-14","19:21:26","Cloudy","Dry","Very Light","2.1","33.0","3328","2","34.4","28%","38.6","","Opened","7.354","11","Unsafe","Calm","5.0","32","15.2","17.1","996.5","1007.6"
"2026-08-14","19:21:36","Cloudy","Dry","Very Light","2.1","33.0","3328","2","34.4","28%","38.6","","Opened","7.317","11","Unsafe","Calm","4.7","31","15.1","17.1","996.5","1007.6"
"2026-08-14","19:21:46","Cloudy","Dry","Very Light","2.2","32.9","3328","2","34.4","28%","38.6","","Opened","7.374","11","Unsafe","Calm","4.5","31","15.1","17.1","996.6","1007.7"
"2026-08-14","19:21:56","Cloudy","Dry","Very Light","2.2","32.9","3328","2","34.4","28%","38.6","","Opened","7.316","11","Unsafe","Calm","4.7","32","15.1","17.2","996.6","1007.7"
"2026-08-14","19:22:06","Cloudy","Dry","Very Light","2.1","32.9","3328","2","34.4","28%","38.6","","Opened","7.426","11","Unsafe","Calm","5.0","32","15.2","17.1","996.5","1007.6"
"2026-08-14","19:22:16","Cloudy","Dry","Very Light","2.2","32.9","3328","2","34.4","28%","38.6","","Opened","7.340","11","Unsafe","Calm","5.1","32","15.2","17.1","996.6","1007.7"
"2026-08-14","19:22:26","Cloudy","Dry","Very Light","2.3","32.9","3328","2","34.4","28%","38.5","","Opened","7.285","11","Unsafe","Calm","5.7","32","15.2","17.2","996.7","1007.8"
"2026-08-14","19:22:36","Cloudy","Dry","Very Light","2.2","32.9","3328","2","34.4","28%","38.5","","Opened","7.348","11","Unsafe","Calm","6.1","32","15.2","17.1","996.5","1007.6"
"2026-08-14","19:22:46","Cloudy","Dry","Very Light","2.2","32.9","3328","2","34.4","28%","38.4","","Opened","7.300","11","Unsafe","Calm","6.9","32","15.2","17.1","996.5","1007.6"
"2026-08-14","19:22:56","Cloudy","Dry","Very Light","2.1","32.9","3328","2","34.3","28%","38.3","","Opened","7.375","11","Unsafe","Calm","7.6","32","15.3","17.0","996.5","1007.6"
"2026-08-14","19:23:06","Cloudy","Dry","Very Light","2.3","32.9","3328","2","34.3","28%","38.3","","Opened","7.464","11","Unsafe","Calm","7.6","32","15.3","17.2","996.5","1007.6"
"2026-08-14","19:23:16","Cloudy","Dry","Very Light","2.2","32.9","3328","2","34.3","28%","38.3","","Opened","7.267","11","Unsafe","Calm","7.5","32","15.2","17.1","996.5","1007.6"
"2026-08-14","19:23:26","Cloudy","Dry","Very Light","2.2","32.9","3328","2","34.3","28%","38.3","","Opened","7.357","11","Unsafe","Calm","7.5","32","15.3","17.1","996.6","1007.8"
"2026-08-14","19:23:36","Cloudy","Dry","Very Light","2.2","32.9","3328","2","34.3","28%","38.1","","Opened","7.289","11","Unsafe","Calm","7.6","32","15.3","17.1","996.6","1007.7"
"2026-08-14","19:23:46","Cloudy","Dry","Very Light","2.2","32.9","3328","2","34.3","28%","38.1","","Opened","7.370","11","Unsafe","Calm","7.1","32","15.3","17.1","996.6","1007.7"
"2026-08-14","19:23:56","Cloudy","Dry","Very Light","2.3","32.9","3328","2","34.3","28%","38.3","","Opened","7.313","11","Unsafe","Calm","6.4","32","15.2","17.2","996.6","1007.7"
"2026-08-14","19:24:06","Cloudy","Dry","Very Light","2.2","32.9","3328","2","34.3","28%","38.3","","Opened","7.400","11","Unsafe","Calm","6.5","32","15.2","17.1","996.5","1007.6"
"2026-08-14","19:24:16","Cloudy","Dry","Very Light","2.2","32.9","3328","2","34.3","28%","38.1","","Opened","7.348","11","Unsafe","Calm","6.8","32","15.3","17.1","996.5","1007.6"
"2026-08-14","19:24:26","Cloudy","Dry","Very Light","2.1","32.9","3328","2","34.2","28%","38.1","","Opened","7.276","11","Unsafe","Calm","6.8","32","15.3","17.0","996.6","1007.7"
"2026-08-14","19:24:36","Cloudy","Dry","Very Light","2.2","32.8","3328","2","34.2","28%","38.1","","Opened","7.367","11","Unsafe","Calm","6.8","32","15.3","17.1","996.5","1007.6"
"2026-08-14","19:24:46","Cloudy","Dry","Very Light","2.1","32.9","3328","2","34.2","28%","38.1","","Opened","7.311","11","Unsafe","Calm","6.8","32","15.3","17.0","996.6","1007.7"
"2026-08-14","19:24:56","Cloudy","Dry","Very Light","2.1","32.8","3328","2","34.2","28%","38.1","","Opened","7.252","11","Unsafe","Calm","6.9","32","15.3","17.0","996.5","1007.6"
"2026-08-14","19:25:06","Cloudy","Dry","Very Light","2.1","32.8","3328","2","34.2","28%","38.1","","Opened","7.473","11","Unsafe","Calm","6.6","32","15.3","17.0","996.6","1007.7"
"2026-08-14","19:25:16","Cloudy","Dry","Very Light","2.1","32.8","3328","2","34.2","28%","38.1","","Opened","7.273","11","Unsafe","Calm","6.1","32","15.3","17.0","996.5","1007.6"
"2026-08-14","19:25:26","Cloudy","Dry","Very Light","2.1","32.8","3328","2","34.2","28%","38.3","","Opened","7.352","11","Unsafe","Calm","5.9","32","15.3","17.0","996.5","1007.6"
"2026-08-14","19:25:36","Cloudy","Dry","Very Light","2.1","32.8","3328","2","34.2","28%","38.3","","Opened","7.304","11","Unsafe","Calm","5.8","32","15.3","16.9","996.5","1007.6"
"2026-08-14","19:25:46","Cloudy","Dry","Very Light","2.2","32.8","3328","2","34.2","28%","38.1","","Opened","7.363","11","Unsafe","Calm","6.1","32","15.4","17.0","996.6","1007.7"
"2026-08-14","19:25:56","Cloudy","Dry","Very Light","2.2","32.8","3328","2","34.1","28%","38.1","","Opened","7.324","11","Unsafe","Calm","6.4","33","15.4","17.0","996.6","1007.7"
"2026-08-14","19:26:06","Cloudy","Dry","Very Light","2.2","32.8","3328","2","34.2","28%","38.1","","Opened","7.412","11","Unsafe","Calm","6.6","33","15.4","17.0","996.5","1007.6"
"2026-08-14","19:26:16","Cloudy","Dry","Very Light","2.1","32.8","3328","2","34.1","28%","38.0","","Opened","7.343","11","Unsafe","Calm","6.9","33","15.4","16.9","996.6","1007.7"
"2026-08-14","19:26:26","Cloudy","Dry","Very Light","2.2","32.8","3328","2","34.1","28%","38.0","","Opened","7.292","11","Unsafe","Windy","7.6","33","15.5","17.0","996.6","1007.7"
"2026-08-14","19:26:36","Cloudy","Dry","Very Light","2.3","32.8","3328","2","34.1","28%","38.0","","Opened","7.365","11","Unsafe","Windy","7.8","33","15.5","17.0","996.6","1007.7"
"2026-08-14","19:26:46","Cloudy","Dry","Very Light","2.1","32.7","3328","2","34.1","28%","37.9","","Opened","7.326","11","Unsafe","Windy","7.8","33","15.4","16.9","996.5","1007.6"
"2026-08-14","19:26:56","Cloudy","Dry","Very Light","2.1","32.7","3328","2","34.1","28%","37.9","","Opened","7.259","11","Unsafe","Windy","7.9","33","15.5","16.9","996.6","1007.7"
"2026-08-14","19:27:06","Cloudy","Dry","Very Light","2.1","32.7","3328","2","34.1","28%","37.9","","Opened","7.482","11","Unsafe","Windy","8.0","33","15.5","16.9","996.6","1007.7"
"2026-08-14","19:27:16","Cloudy","Dry","Very Light","2.2","32.7","3328","2","34.0","28%","37.9","","Opened","7.267","11","Unsafe","Windy","8.9","33","15.5","16.9","996.5","1007.6"
"2026-08-14","19:27:26","Cloudy","Dry","Very Light","2.2","32.7","3328","2","34.0","28%","37.9","","Opened","7.345","11","Unsafe","Windy","8.2","33","15.5","17.0","996.6","1007.7"
"2026-08-14","19:27:36","Cloudy","Dry","Very Light","2.2","32.7","3328","2","34.0","28%","37.9","","Opened","7.283","11","Unsafe","Windy","8.0","33","15.5","16.9","996.6","1007.7"
"2026-08-14","19:27:46","Cloudy","Dry","Very Light","2.2","32.7","3328","2","34.0","28%","37.9","","Opened","7.375","11","Unsafe","Windy","8.3","33","15.5","16.9","996.5","1007.6"
"2026-08-14","19:27:56","Cloudy","Dry","Very Light","2.2","32.7","3328","2","34.0","28%","37.8","","Opened","7.313","11","Unsafe","Windy","8.3","33","15.5","16.9","996.6","1007.7"
"2026-08-14","19:28:06","Cloudy","Dry","Very Light","2.2","32.7","3328","2","34.0","28%","37.8","","Opened","7.540","11","Unsafe","Windy","7.8","33","15.6","16.9","996.6","1007.7"
"2026-08-14","19:28:16","Cloudy","Dry","Very Light","2.1","32.7","3328","2","34.0","28%","37.9","","Opened","7.334","11","Unsafe","Calm","6.6","33","15.5","16.8","996.5","1007.6"
"2026-08-14","19:28:26","Cloudy","Dry","Very Light","2.1","32.6","3328","2","34.0","28%","38.0","","Opened","7.278","11","Unsafe","Calm","6.2","33","15.5","16.9","996.6","1007.7"
"2026-08-14","19:28:36","Cloudy","Dry","Very Light","2.2","32.6","3328","2","34.0","28%","38.0","","Opened","7.348","11","Unsafe","Calm","6.2","33","15.5","16.9","996.6","1007.7"
"2026-08-14","19:28:46","Cloudy","Dry","Very Light","2.2","32.6","3328","2","34.0","28%","38.0","","Opened","7.298","11","Unsafe","Calm","5.8","33","15.5","16.9","996.6","1007.7"
"2026-08-14","19:28:56","Cloudy","Dry","Very Light","2.3","32.6","3328","2","34.0","28%","38.0","","Opened","7.386","11","Unsafe","Calm","5.5","33","15.5","17.0","996.5","1007.6"
"2026-08-14","19:29:06","Cloudy","Dry","Very Light","2.1","32.6","3328","2","34.0","28%","37.9","","Opened","7.471","11","Unsafe","Calm","5.7","33","15.6","16.8","996.6","1007.8"
"2026-08-14","19:29:16","Cloudy","Dry","Very Light","2.1","32.6","3328","2","34.0","28%","37.9","","Opened","7.263","11","Unsafe","Calm","5.8","33","15.5","16.9","996.5","1007.6"
"2026-08-14","19:29:26","Cloudy","Dry","Very Light","2.1","32.6","3328","2","34.0","28%","37.9","","Opened","7.357","11","Unsafe","Calm","6.2","33","15.6","16.8","996.6","1007.7"
"2026-08-14","19:29:36","Cloudy","Dry","Very Light","2.2","32.6","3328","2","34.0","28%","37.9","","Opened","7.299","11","Unsafe","Calm","6.2","33","15.6","16.9","996.5","1007.6"
"2026-08-14","19:29:46","Cloudy","Dry","Very Light","2.2","32.6","3328","2","33.9","28%","37.9","","Opened","7.374","11","Unsafe","Calm","6.5","33","15.5","16.9","996.5","1007.6"
"2026-08-14","19:29:56","Cloudy","Dry","Very Light","2.1","32.6","3328","2","33.9","28%","37.9","","Opened","7.311","11","Unsafe","Calm","6.6","33","15.6","16.8","996.5","1007.6"
"2026-08-14","19:30:06","Cloudy","Dry","Very Light","2.1","32.5","3328","2","33.9","28%","37.9","","Opened","7.513","11","Unsafe","Calm","6.9","33","15.6","16.8","996.5","1007.6"
"2026-08-14","19:30:16","Cloudy","Dry","Very Light","2.1","32.5","3328","2","33.9","28%","37.9","","Opened","7.328","11","Unsafe","Calm","7.1","33","15.6","16.8","996.4","1007.6"
"2026-08-14","19:30:26","Cloudy","Dry","Very Light","2.1","32.5","3328","2","33.9","28%","37.8","","Opened","7.275","11","Unsafe","Calm","6.9","33","15.6","16.8","996.6","1007.8"
"2026-08-14","19:30:36","Cloudy","Dry","Very Light","2.2","32.5","3328","2","33.9","28%","37.8","","Opened","7.344","11","Unsafe","Calm","6.9","33","15.6","16.9","996.5","1007.6"
"2026-08-14","19:30:46","Cloudy","Dry","Very Light","2.1","32.5","3328","2","33.9","28%","37.9","","Opened","7.289","11","Unsafe","Calm","6.4","33","15.5","16.8","996.6","1007.7"
"2026-08-14","19:30:56","Cloudy","Dry","Very Light","2.1","32.5","3328","2","33.9","28%","37.9","","Opened","7.366","11","Unsafe","Calm","5.9","33","15.5","16.8","996.6","1007.7"
"2026-08-14","19:31:06","Cloudy","Dry","Very Light","2.2","32.5","3328","2","33.9","28%","37.9","","Opened","7.457","11","Unsafe","Calm","5.7","33","15.5","16.9","996.6","1007.7"
"2026-08-14","19:31:16","Cloudy","Dry","Very Light","2.2","32.5","3328","2","33.9","28%","37.9","","Opened","7.358","11","Unsafe","Calm","5.4","33","15.6","16.9","996.5","1007.6"
"2026-08-14","19:31:26","Cloudy","Dry","Very Light","2.2","32.5","3328","2","33.9","28%","38.0","","Opened","7.295","11","Unsafe","Calm","5.1","33","15.5","16.9","996.6","1007.7"
"2026-08-14","19:31:36","Cloudy","Dry","Very Light","2.1","32.5","3328","2","33.9","28%","38.0","","Opened","7.372","11","Unsafe","Calm","4.7","33","15.6","16.8","996.5","1007.6"
"2026-08-14","19:31:46","Cloudy","Dry","Very Light","2.2","32.4","3328","2","33.9","28%","38.0","","Opened","7.316","11","Unsafe","Calm","4.8","34","15.6","16.9","996.5","1007.6"
"2026-08-14","19:31:56","Cloudy","Dry","Very Light","2.1","32.4","3328","2","33.9","28%","38.0","","Opened","7.282","11","Unsafe","Calm","5.0","34","15.6","16.8","996.4","1007.6"
"2026-08-14","19:32:06","Cloudy","Dry","Very Light","2.1","32.4","3328","2","33.9","28%","37.9","","Opened","7.493","11","Unsafe","Calm","4.8","33","15.6","16.8","996.5","1007.6"
"2026-08-14","19:32:16","Cloudy","Dry","Very Light","2.1","32.4","3328","2","33.9","28%","38.0","","Opened","7.292","11","Unsafe","Calm","4.8","33","15.5","16.8","996.5","1007.6"
"2026-08-14","19:32:26","Cloudy","Dry","Very Light","2.1","32.4","3328","2","33.9","28%","38.0","","Opened","7.371","11","Unsafe","Calm","5.4","34","15.7","16.8","996.5","1007.6"
"2026-08-14","19:32:36","Cloudy","Dry","Very Light","2.2","32.4","3328","2","33.9","28%","37.9","","Opened","7.326","11","Unsafe","Calm","6.1","34","15.7","16.8","996.4","1007.6"
"2026-08-14","19:32:46","Cloudy","Dry","Very Light","2.1","32.4","3328","2","33.8","28%","37.9","","Opened","7.264","11","Unsafe","Calm","6.1","34","15.7","16.7","996.5","1007.6"
"2026-08-14","19:32:56","Cloudy","Dry","Very Light","2.1","32.4","3328","2","33.8","28%","37.9","","Opened","7.332","11","Unsafe","Calm","5.9","34","15.7","16.8","996.6","1007.7"
"2026-08-14","19:33:06","Cloudy","Dry","Very Light","2.2","32.4","3328","2","33.8","28%","37.9","","Opened","7.422","11","Unsafe","Calm","6.1","34","15.7","16.8","996.6","1007.7"
"2026-08-14","19:33:16","Cloudy","Dry","Very Light","2.2","32.4","3328","2","33.8","28%","37.9","","Opened","7.362","11","Unsafe","Calm","6.1","34","15.7","16.9","996.5","1007.6"
"2026-08-14","19:33:26","Cloudy","Dry","Very Light","2.3","32.4","3328","2","33.8","28%","37.9","","Opened","7.299","11","Unsafe","Calm","5.8","34","15.7","16.9","996.5","1007.6"
"2026-08-14","19:33:36","Cloudy","Dry","Very Light","2.2","32.4","3328","2","33.8","28%","37.8","","Opened","7.260","11","Unsafe","Calm","6.1","34","15.7","16.8","996.5","1007.6"
"2026-08-14","19:33:46","Cloudy","Dry","Very Light","2.1","32.4","3328","2","33.8","28%","37.8","","Opened","7.326","11","Unsafe","Calm","6.5","34","15.8","16.8","996.5","1007.6"
"2026-08-14","19:33:56","Cloudy","Dry","Very Light","2.2","32.4","3328","2","33.7","28%","37.7","","Opened","7.269","11","Unsafe","Calm","6.9","34","15.8","16.8","996.6","1007.7"
"2026-08-14","19:34:06","Cloudy","Dry","Very Light","2.2","32.4","3328","2","33.7","28%","37.7","","Opened","7.486","11","Unsafe","Calm","7.1","34","15.7","16.8","996.5","1007.6"
"2026-08-14","19:34:16","Cloudy","Dry","Very Light","2.2","32.4","3328","2","33.7","28%","37.7","","Opened","7.287","11","Unsafe","Calm","7.1","34","15.8","16.8","996.4","1007.6"
"2026-08-14","19:34:26","Cloudy","Dry","Very Light","2.1","32.3","3328","2","33.7","28%","37.7","","Opened","7.343","11","Unsafe","Calm","7.1","34","15.7","16.7","996.5","1007.6"
"2026-08-14","19:34:36","Cloudy","Dry","Very Light","2.2","32.3","3328","2","33.7","28%","37.7","","Opened","7.295","11","Unsafe","Calm","6.2","34","15.8","16.8","996.5","1007.6"
"2026-08-14","19:34:46","Cloudy","Dry","Very Light","2.2","32.3","3328","2","33.7","28%","37.8","","Opened","7.373","11","Unsafe","Calm","4.9","34","15.7","16.7","996.4","1007.6"
"2026-08-14","19:34:56","Cloudy","Dry","Very Light","2.2","32.3","3328","2","33.7","28%","37.8","","Opened","7.313","11","Unsafe","Calm","5.0","34","15.7","16.8","996.5","1007.6"
"2026-08-14","19:35:06","Cloudy","Dry","Very Light","2.2","32.3","3328","2","33.7","28%","37.7","","Opened","7.521","11","Unsafe","Calm","5.4","34","15.8","16.8","996.4","1007.6"
"2026-08-14","19:35:16","Cloudy","Dry","Very Light","2.2","32.3","3328","2","33.7","28%","37.7","","Opened","7.341","11","Unsafe","Calm","5.9","34","15.8","16.8","996.5","1007.6"
"2026-08-14","19:35:26","Cloudy","Dry","Very Light","2.2","32.3","3328","2","33.7","28%","37.7","","Opened","7.267","11","Unsafe","Calm","5.7","34","15.8","16.7","996.5","1007.6"
"2026-08-14","19:35:36","Cloudy","Dry","Very Light","2.2","32.3","3328","2","33.7","28%","37.7","","Opened","7.356","11","Unsafe","Calm","5.9","34","15.8","16.8","996.4","1007.6"
"2026-08-14","19:35:46","Cloudy","Dry","Very Light","2.3","32.3","3328","2","33.7","28%","37.7","","Opened","7.307","11","Unsafe","Calm","6.6","34","15.7","16.8","996.5","1007.6"
"2026-08-14","19:35:56","Cloudy","Dry","Very Light","2.2","32.3","3328","2","33.7","28%","37.7","","Opened","7.375","11","Unsafe","Calm","6.1","34","15.8","16.8","996.5","1007.6"
"2026-08-14","19:36:06","Cloudy","Dry","Very Light","2.2","32.2","3328","2","33.7","28%","37.8","","Opened","7.464","11","Unsafe","Calm","5.2","34","15.8","16.8","996.4","1007.6"
"2026-08-14","19:36:16","Cloudy","Dry","Very Light","2.1","32.2","3328","2","33.7","28%","37.9","","Opened","7.282","11","Unsafe","Calm","4.0","34","15.7","16.7","996.5","1007.6"
"2026-08-14","19:36:26","Cloudy","Dry","Very Light","2.3","32.2","3328","2","33.7","28%","37.9","","Opened","7.353","11","Unsafe","Calm","3.8","34","15.7","16.8","996.4","1007.6"
"2026-08-14","19:36:36","Cloudy","Dry","Very Light","2.2","32.2","3328","2","33.7","28%","37.9","","Opened","7.304","11","Unsafe","Calm","3.5","34","15.8","16.7","996.6","1007.7"
"2026-08-14","19:36:46","Cloudy","Dry","Very Light","2.1","32.2","3328","2","33.7","28%","37.9","","Opened","7.369","11","Unsafe","Calm","3.3","34","15.8","16.7","996.5","1007.6"
"2026-08-14","19:36:56","Cloudy","Dry","Very Light","2.2","32.2","3328","2","33.7","28%","37.9","","Opened","7.325","11","Unsafe","Calm","3.5","34","15.8","16.8","996.5","1007.6"
"2026-08-14","19:37:06","Cloudy","Dry","Very Light","2.2","32.2","3328","2","33.7","28%","37.9","","Opened","7.418","11","Unsafe","Calm","3.8","34","15.8","16.8","996.5","1007.6"
"2026-08-14","19:37:16","Cloudy","Dry","Very Light","2.3","32.2","3328","2","33.7","28%","37.9","","Opened","7.314","11","Unsafe","Calm","4.4","34","15.7","16.9","996.6","1007.8"
"2026-08-14","19:37:26","Cloudy","Dry","Very Light","2.3","32.2","3328","2","33.7","28%","37.9","","Opened","7.266","11","Unsafe","Calm","5.0","34","15.7","16.8","996.4","1007.6"
"2026-08-14","19:37:36","Cloudy","Dry","Very Light","2.4","32.2","3328","2","33.7","28%","37.8","","Opened","7.326","11","Unsafe","Calm","5.5","34","15.8","16.9","996.6","1007.7"
"2026-08-14","19:37:46","Cloudy","Dry","Very Light","2.2","32.2","3328","2","33.7","28%","37.8","","Opened","7.271","11","Unsafe","Calm","5.8","34","15.8","16.8","996.5","1007.6"
"2026-08-14","19:37:56","Cloudy","Dry","Very Light","2.3","32.2","3328","2","33.7","28%","37.8","","Opened","7.343","11","Unsafe","Calm","5.8","34","15.9","16.9","996.4","1007.6"
"2026-08-14","19:38:06","Cloudy","Dry","Very Light","2.1","32.1","3328","2","33.6","28%","37.8","","Opened","7.429","11","Unsafe","Calm","5.5","34","15.9","16.7","996.5","1007.6"
"2026-08-14","19:38:16","Cloudy","Dry","Very Light","2.2","32.1","3328","2","33.6","28%","37.9","","Opened","7.362","11","Unsafe","Calm","5.5","34","15.8","16.8","996.5","1007.6"
"2026-08-14","19:38:26","Cloudy","Dry","Very Light","2.2","32.1","3328","2","33.7","28%","37.9","","Opened","7.317","11","Unsafe","Calm","5.0","34","15.8","16.7","996.6","1007.7"
"2026-08-14","19:38:36","Cloudy","Dry","Very Light","2.3","32.1","3328","2","33.7","28%","37.9","","Opened","7.377","11","Unsafe","Calm","4.7","34","15.9","16.8","996.5","1007.6"
"2026-08-14","19:38:46","Cloudy","Dry","Very Light","2.2","32.1","3328","2","33.6","28%","37.8","","Opened","7.318","11","Unsafe","Calm","4.8","35","15.9","16.8","996.5","1007.6"
"2026-08-14","19:38:56","Cloudy","Dry","Very Light","2.2","32.1","3328","2","33.6","28%","37.8","","Opened","7.270","11","Unsafe","Calm","4.8","35","15.9","16.8","996.5","1007.6"
"2026-08-14","19:39:06","Cloudy","Dry","Very Light","2.3","32.1","3328","2","33.6","28%","37.8","","Opened","7.470","11","Unsafe","Calm","5.1","35","15.9","16.9","996.6","1007.7"
"2026-08-14","19:39:16","Cloudy","Dry","Very Light","2.2","32.1","3328","2","33.6","28%","37.8","","Opened","7.281","11","Unsafe","Calm","5.5","35","15.9","16.8","996.5","1007.7"
"2026-08-14","19:39:26","Cloudy","Dry","Very Light","2.2","32.1","3328","2","33.6","28%","37.7","","Opened","7.341","11","Unsafe","Calm","5.8","35","15.9","16.8","996.5","1007.6"
"2026-08-14","19:39:36","Cloudy","Dry","Very Light","2.2","32.1","3328","2","33.6","28%","37.7","","Opened","7.284","11","Unsafe","Calm","5.5","35","15.9","16.7","996.5","1007.6"
"2026-08-14","19:39:46","Cloudy","Dry","Very Light","2.2","32.1","3328","2","33.6","28%","37.8","","Opened","7.361","11","Unsafe","Calm","5.1","35","15.9","16.7","996.5","1007.6"
"2026-08-14","19:39:56","Cloudy","Dry","Very Light","2.1","32.0","3328","2","33.6","28%","37.8","","Opened","7.284","11","Unsafe","Calm","4.2","34","15.8","16.7","996.4","1007.6"
"2026-08-14","19:40:06","Cloudy","Dry","Very Light","2.3","32.0","3328","2","33.6","28%","37.8","","Opened","7.502","11","Unsafe","Calm","4.0","35","15.8","16.8","996.5","1007.7"
"2026-08-14","19:40:16","Cloudy","Dry","Very Light","2.3","32.0","3328","2","33.6","28%","37.8","","Opened","7.319","11","Unsafe","Calm","4.0","35","15.9","16.9","996.5","1007.7"
"2026-08-14","19:40:26","Cloudy","Dry","Very Light","2.4","32.0","3328","2","33.6","28%","37.8","","Opened","7.267","11","Unsafe","Calm","4.5","35","15.9","16.9","996.5","1007.7"
"2026-08-14","19:40:36","Cloudy","Dry","Very Light","2.3","32.0","3328","2","33.6","28%","37.7","","Opened","7.337","11","Unsafe","Calm","4.9","35","16.0","16.9","996.5","1007.7"
"2026-08-14","19:40:46","Cloudy","Dry","Very Light","2.4","32.0","3328","2","33.5","28%","37.7","","Opened","7.300","11","Unsafe","Calm","5.2","35","15.9","16.9","996.6","1007.7"
"2026-08-14","19:40:56","Cloudy","Dry","Very Light","2.4","32.0","3328","2","33.6","28%","37.7","","Opened","7.357","11","Unsafe","Calm","6.1","35","16.0","16.9","996.5","1007.7"
"2026-08-14","19:41:06","Cloudy","Dry","Very Light","2.3","32.0","3328","2","33.6","28%","37.7","","Opened","7.460","11","Unsafe","Calm","5.9","35","15.9","16.9","996.5","1007.7"
"2026-08-14","19:41:16","Cloudy","Dry","Very Light","2.3","32.0","3328","2","33.5","28%","37.8","","Opened","7.374","11","Unsafe","Calm","5.5","35","15.8","16.8","996.5","1007.7"
"2026-08-14","19:41:26","Cloudy","Dry","Very Light","2.3","32.0","3328","2","33.5","28%","37.7","","Opened","7.312","11","Unsafe","Calm","4.8","35","16.0","16.8","996.5","1007.7"
"2026-08-14","19:41:36","Cloudy","Dry","Very Light","2.3","32.0","3328","2","33.5","28%","37.8","","Opened","7.272","11","Unsafe","Calm","4.4","35","15.9","16.8","996.6","1007.7"
"2026-08-14","19:41:46","Cloudy","Dry","Very Light","2.4","32.0","3328","2","33.5","28%","37.7","","Opened","7.341","11","Unsafe","Calm","4.8","35","16.0","16.9","996.5","1007.7"
"2026-08-14","19:41:56","Cloudy","Dry","Very Light","2.4","32.0","3328","2","33.5","28%","37.6","","Opened","7.263","11","Unsafe","Calm","5.0","35","16.1","16.9","996.6","1007.7"
"2026-08-14","19:42:06","Cloudy","Dry","Very Light","2.4","32.0","3328","2","33.5","28%","37.6","","Opened","7.487","11","Unsafe","Calm","5.1","35","16.0","16.9","996.5","1007.7"
"2026-08-14","19:42:16","Cloudy","Dry","Very Light","2.3","31.9","3328","2","33.5","28%","37.6","","Opened","7.284","11","Unsafe","Calm","5.2","35","16.0","16.8","996.5","1007.7"
"2026-08-14","19:42:26","Cloudy","Dry","Very Light","2.4","31.9","3328","2","33.5","28%","37.7","","Opened","7.345","11","Unsafe","Calm","5.4","35","16.0","16.8","996.6","1007.7"
"2026-08-14","19:42:36","Cloudy","Dry","Very Light","2.5","31.9","3328","2","33.5","28%","37.7","","Opened","7.274","11","Unsafe","Calm","5.9","35","16.0","17.0","996.6","1007.7"
"2026-08-14","19:42:46","Cloudy","Dry","Very Light","2.4","31.9","3328","2","33.5","28%","37.6","","Opened","7.330","11","Unsafe","Calm","5.7","35","16.1","16.9","996.5","1007.7"
"2026-08-14","19:42:56","Cloudy","Dry","Very Light","2.4","31.9","3328","2","33.5","28%","37.6","","Opened","7.278","11","Unsafe","Calm","5.7","35","16.0","16.8","996.5","1007.7"
"2026-08-14","19:43:06","Cloudy","Dry","Very Light","2.4","31.9","3328","2","33.4","28%","37.6","","Opened","7.499","11","Unsafe","Calm","5.9","35","16.0","16.8","996.6","1007.7"
"2026-08-14","19:43:16","Cloudy","Dry","Very Light","2.4","31.9","3328","2","33.4","28%","37.6","","Opened","7.305","11","Unsafe","Calm","5.9","35","16.1","16.8","996.6","1007.7"
"2026-08-14","19:43:26","Cloudy","Dry","Very Light","2.3","31.9","3328","2","33.4","28%","37.6","","Opened","7.381","11","Unsafe","Calm","5.9","35","16.0","16.8","996.6","1007.7"
"2026-08-14","19:43:36","Cloudy","Dry","Very Light","2.4","31.9","3328","2","33.4","28%","37.6","","Opened","7.327","11","Unsafe","Calm","5.4","35","16.0","16.8","996.5","1007.7"
"2026-08-14","19:43:46","Cloudy","Dry","Very Light","2.3","31.9","3328","2","33.5","28%","37.7","","Opened","7.264","11","Unsafe","Calm","5.0","35","16.1","16.8","996.6","1007.7"
"2026-08-14","19:43:56","Cloudy","Dry","Very Light","2.4","31.9","3328","2","33.4","28%","37.7","","Opened","7.340","11","Unsafe","Calm","4.7","35","16.1","16.8","996.5","1007.7"
"2026-08-14","19:44:06","Cloudy","Dry","Very Light","2.4","31.9","3328","2","33.5","28%","37.7","","Opened","7.416","11","Unsafe","Calm","4.5","35","16.1","16.9","996.6","1007.7"
"2026-08-14","19:44:16","Cloudy","Dry","Very Light","2.4","31.8","3328","2","33.4","28%","37.6","","Opened","7.361","11","Unsafe","Calm","4.7","36","16.2","16.9","996.6","1007.7"
"2026-08-14","19:44:26","Cloudy","Dry","Very Light","2.4","31.9","3328","2","33.5","28%","37.6","","Opened","7.299","11","Unsafe","Calm","4.5","35","16.1","16.8","996.5","1007.7"
"2026-08-14","19:44:36","Cloudy","Dry","Very Light","2.4","31.8","3328","2","33.4","28%","37.6","","Opened","7.371","11","Unsafe","Calm","4.7","36","16.2","16.8","996.6","1007.8"
"2026-08-14","19:44:46","Cloudy","Dry","Very Light","2.4","31.8","3328","2","33.4","28%","37.6","","Opened","7.297","11","Unsafe","Calm","4.8","35","16.1","16.8","996.5","1007.7"
"2026-08-14","19:44:56","Cloudy","Dry","Very Light","2.3","31.8","3328","2","33.4","28%","37.6","","Opened","7.258","11","Unsafe","Calm","4.8","36","16.2","16.7","996.5","1007.7"
"2026-08-14","19:45:06","Cloudy","Dry","Very Light","2.4","31.8","3328","2","33.4","28%","37.6","","Opened","7.470","11","Unsafe","Calm","4.5","36","16.2","16.8","996.6","1007.7"
"2026-08-14","19:45:16","Cloudy","Dry","Very Light","2.3","31.8","3328","2","33.4","28%","37.6","","Opened","7.267","11","Unsafe","Calm","3.6","35","16.1","16.7","996.6","1007.7"
"2026-08-14","19:45:26","Cloudy","Dry","Very Light","2.3","31.8","3328","2","33.4","28%","37.7","","Opened","7.350","11","Unsafe","Calm","3.0","35","16.1","16.8","996.6","1007.7"
"2026-08-14","19:45:36","Cloudy","Dry","Very Light","2.3","31.8","3328","2","33.5","28%","37.7","","Opened","7.289","11","Unsafe","Calm","2.8","36","16.2","16.8","996.6","1007.7"
"2026-08-14","19:45:46","Cloudy","Dry","Very Light","2.3","31.8","3328","2","33.4","28%","37.7","","Opened","7.354","11","Unsafe","Calm","2.1","36","16.2","16.8","996.5","1007.7"
"2026-08-14","19:45:56","Cloudy","Dry","Very Light","2.3","31.7","3328","2","33.4","28%","37.7","","Opened","7.290","11","Unsafe","Calm","1.3","36","16.2","16.7","996.5","1007.7"
"2026-08-14","19:46:06","Cloudy","Dry","Very Light","2.4","31.7","3328","2","33.4","28%","37.7","","Opened","7.538","11","Unsafe","Calm","1.7","36","16.2","16.8","996.5","1007.7"
"2026-08-14","19:46:16","Cloudy","Dry","Very Light","2.3","31.7","3327","2","33.4","28%","37.6","","Opened","7.273","11","Unsafe","Calm","2.3","36","16.2","16.7","996.5","1007.7"
"2026-08-14","19:46:26","Cloudy","Dry","Very Light","2.3","31.7","3328","2","33.4","28%","37.7","","Opened","7.323","11","Unsafe","Calm","3.0","36","16.2","16.7","996.6","1007.7"
"2026-08-14","19:46:36","Cloudy","Dry","Very Light","2.3","31.7","3328","2","33.4","28%","37.7","","Opened","7.289","11","Unsafe","Calm","3.1","36","16.2","16.8","996.6","1007.7"
"2026-08-14","19:46:46","Cloudy","Dry","Very Light","2.3","31.7","3328","2","33.4","28%","37.6","","Opened","7.356","11","Unsafe","Calm","3.8","36","16.3","16.8","996.5","1007.7"
"2026-08-14","19:46:56","Cloudy","Dry","Very Light","2.3","31.7","3328","2","33.4","28%","37.6","","Opened","7.301","11","Unsafe","Calm","4.5","36","16.3","16.7","996.6","1007.7"
"2026-08-14","19:47:06","Cloudy","Dry","Very Light","2.3","31.7","3328","2","33.4","28%","37.6","","Opened","7.523","11","Unsafe","Calm","4.3","36","16.2","16.8","996.6","1007.7"
"2026-08-14","19:47:16","Cloudy","Dry","Very Light","2.3","31.7","3328","2","33.4","28%","37.6","","Opened","7.329","11","Unsafe","Calm","4.3","36","16.3","16.7","996.6","1007.7"
"2026-08-14","19:47:26","Cloudy","Dry","Very Light","2.3","31.7","3328","2","33.4","28%","37.6","","Opened","7.276","11","Unsafe","Calm","3.6","36","16.2","16.7","996.6","1007.7"
"2026-08-14","19:47:36","Cloudy","Dry","Very Light","2.3","31.7","3328","2","33.4","28%","37.6","","Opened","7.343","11","Unsafe","Calm","2.8","36","16.2","16.7","996.5","1007.7"
"2026-08-14","19:47:46","Cloudy","Dry","Very Light","2.3","31.7","3328","2","33.5","28%","37.6","","Opened","7.296","11","Unsafe","Calm","2.8","36","16.2","16.7","996.6","1007.7"
"2026-08-14","19:47:56","Cloudy","Dry","Very Light","2.2","31.7","3328","2","33.4","28%","37.6","","Opened","7.368","11","Unsafe","Calm","2.1","36","16.2","16.7","996.6","1007.7"
"2026-08-14","19:48:06","Cloudy","Dry","Very Light","2.3","31.7","3328","2","33.5","28%","37.6","","Opened","7.465","11","Unsafe","Calm","1.3","36","16.3","16.7","996.6","1007.8"
"2026-08-14","19:48:16","Cloudy","Dry","Very Light","2.4","31.6","3328","2","33.5","28%","37.7","","Opened","7.268","11","Unsafe","Calm","1.4","36","16.3","16.9","996.5","1007.7"
"2026-08-14","19:48:26","Cloudy","Dry","Very Light","2.4","31.6","3328","2","33.4","28%","37.6","","Opened","7.346","11","Unsafe","Calm","2.3","36","16.3","16.8","996.6","1007.8"
"2026-08-14","19:48:36","Cloudy","Dry","Very Light","2.3","31.6","3328","2","33.5","28%","37.4","","Opened","7.282","11","Unsafe","Calm","3.0","36","16.3","16.8","996.6","1007.7"
"2026-08-14","19:48:46","Cloudy","Dry","Very Light","2.3","31.6","3328","2","33.5","28%","37.4","","Opened","7.369","11","Unsafe","Calm","3.1","36","16.3","16.7","996.6","1007.7"
"2026-08-14","19:48:56","Cloudy","Dry","Very Light","2.3","31.6","3328","2","33.5","28%","37.4","","Opened","7.299","11","Unsafe","Calm","3.8","36","16.3","16.7","996.5","1007.7"
"2026-08-14","19:49:06","Cloudy","Dry","Very Light","2.3","31.6","3328","2","33.5","28%","37.4","","Opened","7.527","11","Unsafe","Calm","4.4","36","16.3","16.7","996.6","1007.7"
"2026-08-14","19:49:16","Cloudy","Dry","Very Light","2.4","31.6","3328","2","33.5","28%","37.4","","Opened","7.329","11","Unsafe","Calm","4.5","36","16.3","16.9","996.5","1007.7"
"2026-08-14","19:49:26","Cloudy","Dry","Very Light","2.3","31.7","3328","2","33.5","28%","37.4","","Opened","7.275","11","Unsafe","Calm","4.4","36","16.3","16.7","996.5","1007.7"
"2026-08-14","19:49:36","Cloudy","Dry","Very Light","2.3","31.6","3328","2","33.5","28%","37.4","","Opened","7.358","11","Unsafe","Calm","4.5","36","16.3","16.8","996.6","1007.7"
"2026-08-14","19:49:46","Cloudy","Dry","Very Light","2.3","31.6","3328","2","33.5","28%","37.4","","Opened","7.304","11","Unsafe","Calm","4.4","36","16.3","16.8","996.6","1007.7"
"2026-08-14","19:49:56","Cloudy","Dry","Very Light","2.2","31.6","3328","2","33.5","28%","37.4","","Opened","7.354","11","Unsafe","Calm","4.5","36","16.3","16.7","996.6","1007.7"
"2026-08-14","19:50:06","Cloudy","Dry","Very Light","2.3","31.6","3328","2","33.5","28%","37.4","","Opened","7.461","11","Unsafe","Calm","5.0","36","16.3","16.8","996.6","1007.7"
"2026-08-14","19:50:16","Cloudy","Dry","Very Light","2.3","31.6","3328","2","33.5","28%","37.3","","Opened","7.259","11","Unsafe","Calm","4.8","36","16.3","16.8","996.5","1007.7"
"2026-08-14","19:50:26","Cloudy","Dry","Very Light","2.3","31.6","3328","2","33.5","28%","37.3","","Opened","7.331","11","Unsafe","Calm","4.8","36","16.3","16.7","996.6","1007.8"
"2026-08-14","19:50:36","Cloudy","Dry","Very Light","2.2","31.6","3328","2","33.5","28%","37.3","","Opened","7.279","11","Unsafe","Calm","4.7","36","16.3","16.7","996.6","1007.7"
"2026-08-14","19:50:46","Cloudy","Dry","Very Light","2.2","31.6","3328","2","33.5","28%","37.3","","Opened","7.356","11","Unsafe","Calm","4.8","36","16.3","16.7","996.6","1007.7"
"2026-08-14","19:50:56","Cloudy","Dry","Very Light","2.2","31.6","3328","2","33.5","28%","37.3","","Opened","7.298","11","Unsafe","Calm","4.7","36","16.3","16.7","996.6","1007.7"
"2026-08-14","19:51:06","Cloudy","Dry","Very Light","2.3","31.6","3328","2","33.5","28%","37.3","","Opened","7.499","11","Unsafe","Calm","4.4","36","16.3","16.8","996.5","1007.7"
"2026-08-14","19:51:16","Cloudy","Dry","Very Light","2.3","31.6","3328","2","33.5","28%","37.3","","Opened","7.301","11","Unsafe","Calm","4.5","36","16.3","16.8","996.5","1007.7"
"2026-08-14","19:51:26","Cloudy","Dry","Very Light","2.2","31.6","3328","2","33.5","28%","37.3","","Opened","7.386","11","Unsafe","Calm","4.5","36","16.4","16.7","996.6","1007.7"
"2026-08-14","19:51:36","Cloudy","Dry","Very Light","2.2","31.6","3328","2","33.5","28%","37.3","","Opened","7.339","11","Unsafe","Calm","4.7","36","16.3","16.7","996.5","1007.7"
"2026-08-14","19:51:46","Cloudy","Dry","Very Light","2.3","31.6","3328","2","33.5","28%","37.3","","Opened","7.284","11","Unsafe","Calm","5.0","36","16.4","16.8","996.5","1007.7"
"2026-08-14","19:51:56","Cloudy","Dry","Very Light","2.2","31.6","3328","2","33.5","28%","37.2","","Opened","7.360","11","Unsafe","Calm","5.1","36","16.4","16.7","996.6","1007.7"
"2026-08-14","19:52:06","Cloudy","Dry","Very Light","2.2","31.6","3328","2","33.5","28%","37.2","","Opened","7.447","11","Unsafe","Calm","5.1","36","16.3","16.7","996.6","1007.7"
"2026-08-14","19:52:16","Cloudy","Dry","Very Light","2.3","31.5","3328","2","33.5","28%","37.2","","Opened","7.376","11","Unsafe","Calm","5.0","36","16.4","16.7","996.5","1007.7"
"2026-08-14","19:52:26","Cloudy","Dry","Very Light","2.2","31.5","3328","2","33.4","28%","37.2","","Opened","7.328","11","Unsafe","Calm","4.8","36","16.3","16.7","996.6","1007.8"
"2026-08-14","19:52:36","Cloudy","Dry","Very Light","2.2","31.5","3328","2","33.5","28%","37.3","","Opened","7.274","11","Unsafe","Calm","4.8","36","16.3","16.7","996.6","1007.7"
"2026-08-14","19:52:46","Cloudy","Dry","Very Light","2.2","31.5","3328","2","33.5","28%","37.2","","Opened","7.342","11","Unsafe","Calm","4.7","36","16.4","16.7","996.6","1007.7"
"2026-08-14","19:52:56","Cloudy","Dry","Very Light","2.3","31.5","3328","2","33.5","28%","37.2","","Opened","7.303","11","Unsafe","Calm","4.7","36","16.3","16.7","996.6","1007.7"
"2026-08-14","19:53:06","Cloudy","Dry","Very Light","2.2","31.5","3328","2","33.5","28%","37.2","","Opened","7.511","11","Unsafe","Calm","4.8","36","16.3","16.7","996.6","1007.8"
"2026-08-14","19:53:16","Cloudy","Dry","Very Light","2.2","31.5","3328","2","33.5","28%","37.2","","Opened","7.305","11","Unsafe","Calm","5.0","36","16.3","16.7","996.5","1007.7"
"2026-08-14","19:53:26","Cloudy","Dry","Very Light","2.2","31.5","3328","2","33.4","28%","37.1","Heating UP","Opened","7.389","11","Unsafe","Calm","5.2","36","16.4","16.7","996.5","1007.7"
"2026-08-14","19:53:36","Cloudy","Dry","Very Light","2.4","31.5","3328","2","33.4","29%","37.1","Heating UP","Opened","7.387","11","Unsafe","Calm","5.4","36","16.4","16.8","996.6","1007.7"
"2026-08-14","19:53:46","Cloudy","Dry","Very Light","2.4","31.5","3328","2","33.4","30%","37.1","Heating UP","Opened","7.393","11","Unsafe","Calm","5.5","36","16.4","16.9","996.5","1007.7"
"2026-08-14","19:53:56","Cloudy","Dry","Very Light","2.3","31.5","3328","2","33.4","30%","37.1","","Opened","7.275","11","Unsafe","Calm","5.5","36","16.4","16.8","996.6","1007.7"
"2026-08-14","19:54:07","Cloudy","Dry","Very Light","2.4","31.5","3328","2","33.4","30%","37.1","Heating UP","Opened","7.637","11","Unsafe","Calm","5.7","36","16.3","16.8","996.6","1007.7"
"2026-08-14","19:54:16","Cloudy","Dry","Very Light","2.3","31.5","3328","2","33.4","31%","37.1","","Opened","7.345","11","Unsafe","Calm","5.9","36","16.4","16.7","996.6","1007.7"
"2026-08-14","19:54:26","Cloudy","Dry","Very Light","2.3","31.5","3328","2","33.4","31%","37.1","","Opened","7.300","11","Unsafe","Calm","5.8","36","16.4","16.7","996.6","1007.7"
"2026-08-14","19:54:36","Cloudy","Dry","Very Light","2.3","31.5","3328","2","33.4","31%","37.1","","Opened","7.362","11","Unsafe","Calm","5.7","36","16.3","16.7","996.6","1007.7"
"2026-08-14","19:54:46","Cloudy","Dry","Very Light","2.3","31.5","3328","2","33.3","31%","37.2","","Opened","7.308","11","Unsafe","Calm","5.2","36","16.3","16.7","996.6","1007.7"
"2026-08-14","19:54:56","Cloudy","Dry","Very Light","2.2","31.5","3328","2","33.4","31%","37.2","","Opened","7.254","11","Unsafe","Calm","4.5","36","16.3","16.6","996.6","1007.7"
"2026-08-14","19:55:06","Cloudy","Dry","Very Light","2.2","31.4","3328","2","33.4","31%","37.3","","Opened","7.458","11","Unsafe","Calm","3.4","36","16.3","16.6","996.5","1007.7"
"2026-08-14","19:55:16","Cloudy","Dry","Very Light","2.2","31.4","3328","2","33.4","31%","37.3","","Opened","7.267","11","Unsafe","Calm","2.8","36","16.3","16.6","996.6","1007.7"
"2026-08-14","19:55:26","Cloudy","Dry","Very Light","2.2","31.4","3328","2","33.3","31%","37.4","","Opened","7.350","11","Unsafe","Calm","3.1","36","16.4","16.6","996.6","1007.7"
"2026-08-14","19:55:36","Cloudy","Dry","Very Light","2.3","31.4","3328","2","33.3","31%","37.3","","Opened","7.293","11","Unsafe","Calm","3.3","36","16.4","16.7","996.6","1007.7"
"2026-08-14","19:55:46","Cloudy","Dry","Very Light","2.2","31.4","3328","2","33.3","31%","37.4","","Opened","7.353","11","Unsafe","Calm","3.3","36","16.3","16.6","996.5","1007.7"
"2026-08-14","19:55:56","Cloudy","Dry","Very Light","2.5","31.4","3328","2","33.3","31%","37.4","","Opened","7.318","11","Unsafe","Calm","4.2","36","16.3","16.9","996.6","1007.7"
"2026-08-14","19:56:06","Cloudy","Dry","Very Light","2.3","31.4","3328","2","33.3","31%","37.4","","Opened","7.405","11","Unsafe","Calm","5.1","36","16.3","16.6","996.6","1007.7"
"2026-08-14","19:56:16","Cloudy","Dry","Very Light","2.2","31.4","3328","2","33.3","31%","37.4","","Opened","7.326","11","Unsafe","Calm","5.2","36","16.4","16.6","996.6","1007.7"
"2026-08-14","19:56:26","Cloudy","Dry","Very Light","2.3","31.4","3328","2","33.3","31%","37.4","","Opened","7.280","11","Unsafe","Calm","5.0","36","16.4","16.7","996.6","1007.7"
"2026-08-14","19:56:36","Cloudy","Dry","Very Light","2.2","31.4","3328","2","33.3","31%","37.4","","Opened","7.368","11","Unsafe","Calm","4.8","36","16.4","16.6","996.6","1007.7"
"2026-08-14","19:56:46","Cloudy","Dry","Very Light","2.2","31.4","3328","2","33.3","31%","37.3","","Opened","7.291","11","Unsafe","Calm","5.1","36","16.4","16.6","996.6","1007.7"
"2026-08-14","19:56:56","Cloudy","Dry","Very Light","2.2","31.4","3328","2","33.2","31%","37.4","","Opened","7.374","11","Unsafe","Calm","4.2","36","16.3","16.5","996.6","1007.7"
"2026-08-14","19:57:06","Cloudy","Dry","Very Light","2.3","31.4","3328","2","33.2","31%","37.4","","Opened","7.470","11","Unsafe","Calm","4.3","36","16.3","16.7","996.5","1007.7"
"2026-08-14","19:57:16","Cloudy","Dry","Very Light","2.3","31.4","3328","2","33.2","31%","37.4","","Opened","7.280","11","Unsafe","Calm","4.5","37","16.4","16.6","996.6","1007.7"
"2026-08-14","19:57:26","Cloudy","Dry","Very Light","2.3","31.3","3328","2","33.2","31%","37.3","","Opened","7.333","11","Unsafe","Calm","4.5","37","16.4","16.6","996.6","1007.7"
"2026-08-14","19:57:36","Cloudy","Dry","Very Light","2.3","31.3","3328","2","33.2","31%","37.4","","Opened","7.296","11","Unsafe","Calm","4.3","37","16.3","16.6","996.6","1007.7"
"2026-08-14","19:57:46","Cloudy","Dry","Very Light","2.2","31.3","3328","2","33.2","31%","37.4","","Opened","7.364","11","Unsafe","Calm","4.2","36","16.3","16.5","996.7","1007.9"
"2026-08-14","19:57:56","Cloudy","Dry","Very Light","2.4","31.3","3328","2","33.1","31%","37.4","Heating DOWN","Opened","7.436","11","Unsafe","Calm","5.7","37","16.3","16.7","996.4","1007.6"
"2026-08-14","19:58:06","Cloudy","Dry","Very Light","2.2","31.3","3328","2","33.1","30%","37.3","","Opened","7.447","11","Unsafe","Calm","5.4","37","16.4","16.5","996.6","1007.7"
"2026-08-14","19:58:16","Cloudy","Dry","Very Light","2.4","31.3","3328","2","33.1","30%","37.4","Heating DOWN","Opened","7.385","11","Unsafe","Calm","5.4","37","16.4","16.7","996.6","1007.8"
"2026-08-14","19:58:26","Cloudy","Dry","Very Light","2.3","31.3","3328","2","33.1","30%","37.3","","Opened","7.367","11","Unsafe","Calm","5.4","37","16.4","16.6","996.6","1007.7"
"2026-08-14","19:58:36","Cloudy","Dry","Very Light","2.3","31.2","3328","2","33.1","30%","37.3","","Opened","7.330","11","Unsafe","Calm","5.7","37","16.3","16.6","996.6","1007.7"
"2026-08-14","19:58:46","Cloudy","Dry","Very Light","2.3","31.2","3328","2","33.0","30%","37.3","","Opened","7.261","11","Unsafe","Calm","5.7","37","16.4","16.6","996.6","1007.7"
"2026-08-14","19:58:56","Cloudy","Dry","Very Light","2.4","31.2","3328","2","33.0","30%","37.2","","Opened","7.347","11","Unsafe","Calm","5.4","37","16.4","16.7","996.6","1007.7"
"2026-08-14","19:59:06","Cloudy","Dry","Very Light","2.3","31.2","3328","2","33.0","30%","37.2","","Opened","7.435","11","Unsafe","Calm","5.5","37","16.5","16.5","996.6","1007.7"
"2026-08-14","19:59:16","Cloudy","Dry","Very Light","2.4","31.2","3328","2","33.0","30%","37.2","","Opened","7.383","11","Unsafe","Calm","5.2","37","16.5","16.6","996.6","1007.7"
"2026-08-14","19:59:26","Cloudy","Dry","Very Light","2.3","31.2","3328","2","32.9","30%","37.2","","Opened","7.318","11","Unsafe","Calm","5.2","37","16.5","16.5","996.6","1007.8"
"2026-08-14","19:59:36","Cloudy","Dry","Very Light","2.4","31.2","3328","2","32.9","30%","37.2","","Opened","7.282","11","Unsafe","Calm","5.4","37","16.5","16.6","996.6","1007.8"
"2026-08-14","19:59:46","Cloudy","Dry","Very Light","2.4","31.2","3328","2","32.9","30%","37.1","","Opened","7.344","11","Unsafe","Calm","5.5","37","16.5","16.6","996.6","1007.7"
"2026-08-14","19:59:56","Cloudy","Dry","Very Light","2.5","31.2","3328","2","32.9","30%","37.1","","Opened","7.293","11","Unsafe","Calm","5.8","38","16.5","16.7","996.6","1007.7"
"2026-08-14","20:00:06","Cloudy","Dry","Very Light","2.4","31.2","3328","2","32.9","30%","37.0","","Opened","7.501","11","Unsafe","Calm","5.9","38","16.6","16.6","996.6","1007.7"
"2026-08-14","20:00:16","Cloudy","Dry","Very Light","2.4","31.2","3328","2","32.8","30%","37.0","","Opened","7.322","11","Unsafe","Calm","6.2","38","16.6","16.5","996.6","1007.7"
"2026-08-14","20:00:26","Cloudy","Dry","Very Light","2.4","31.2","3328","2","32.8","30%","37.0","","Opened","7.261","11","Unsafe","Calm","6.4","38","16.6","16.5","996.5","1007.7"
"2026-08-14","20:00:36","Cloudy","Dry","Very Light","2.4","31.2","3328","2","32.8","30%","37.0","","Opened","7.331","11","Unsafe","Calm","5.9","38","16.5","16.5","996.6","1007.7"
"2026-08-14","20:00:46","Cloudy","Dry","Very Light","2.5","31.2","3328","2","32.8","30%","37.0","","Opened","7.283","11","Unsafe","Calm","5.8","38","16.5","16.6","996.5","1007.7"
"2026-08-14","20:00:56","Cloudy","Dry","Very Light","2.5","31.2","3328","2","32.8","30%","37.0","","Opened","7.351","11","Unsafe","Calm","5.5","38","16.6","16.6","996.5","1007.7"
"2026-08-14","20:01:06","Cloudy","Dry","Very Light","2.4","31.1","3328","2","32.7","30%","37.0","","Opened","7.435","11","Unsafe","Calm","5.2","38","16.6","16.5","996.6","1007.7"
"2026-08-14","20:01:16","Cloudy","Dry","Very Light","2.5","31.1","3328","2","32.7","30%","37.0","","Opened","7.364","11","Unsafe","Calm","5.7","38","16.6","16.6","996.6","1007.7"
"2026-08-14","20:01:26","Cloudy","Dry","Very Light","2.5","31.1","3328","2","32.7","30%","36.9","","Opened","7.314","11","Unsafe","Calm","5.7","38","16.6","16.5","996.6","1007.7"
"2026-08-14","20:01:36","Cloudy","Dry","Very Light","2.5","31.1","3328","2","32.6","30%","36.9","","Opened","7.264","11","Unsafe","Calm","6.1","38","16.6","16.6","996.7","1007.9"
"2026-08-14","20:01:46","Cloudy","Dry","Very Light","2.4","31.1","3328","2","32.6","30%","36.9","","Opened","7.329","11","Unsafe","Calm","6.1","38","16.6","16.5","996.6","1007.7"
"2026-08-14","20:01:56","Cloudy","Dry","Very Light","2.4","31.1","3328","2","32.6","30%","36.8","","Opened","7.279","11","Unsafe","Calm","5.8","38","16.7","16.4","996.6","1007.8"
"2026-08-14","20:02:06","Cloudy","Dry","Very Light","2.4","31.1","3328","2","32.6","30%","36.9","","Opened","7.501","11","Unsafe","Calm","5.7","38","16.6","16.4","996.5","1007.7"
"2026-08-14","20:02:16","Cloudy","Dry","Very Light","2.4","31.0","3328","2","32.6","30%","36.9","","Opened","7.312","11","Unsafe","Calm","5.1","38","16.6","16.4","996.6","1007.8"
"2026-08-14","20:02:26","Cloudy","Dry","Very Light","2.5","31.0","3328","2","32.6","30%","37.0","Heating DOWN","Opened","7.388","11","Unsafe","Calm","5.0","38","16.6","16.5","996.5","1007.7"
"2026-08-14","20:02:36","Cloudy","Dry","Very Light","2.4","31.0","3328","2","32.6","29%","36.9","","Opened","7.257","11","Unsafe","Calm","4.7","38","16.7","16.4","996.6","1007.8"
"2026-08-14","20:02:46","Cloudy","Dry","Very Light","2.4","31.0","3328","2","32.6","29%","36.9","Heating DOWN","Opened","7.447","11","Unsafe","Calm","5.1","39","16.7","16.4","996.5","1007.7"
"2026-08-14","20:02:56","Cloudy","Dry","Very Light","2.5","31.0","3328","2","32.5","28%","36.8","","Opened","7.314","11","Unsafe","Calm","5.2","39","16.7","16.5","996.6","1007.8"
"2026-08-14","20:03:06","Cloudy","Dry","Very Light","2.4","31.0","3328","2","32.5","28%","36.6","","Opened","7.392","11","Unsafe","Calm","5.5","39","16.8","16.4","996.5","1007.7"
"2026-08-14","20:03:16","Cloudy","Dry","Very Light","2.4","31.0","3328","2","32.5","28%","36.6","","Opened","7.326","11","Unsafe","Calm","5.5","39","16.7","16.4","996.6","1007.8"
"2026-08-14","20:03:26","Cloudy","Dry","Very Light","2.4","31.0","3328","2","32.5","28%","36.6","","Opened","7.290","11","Unsafe","Calm","5.7","39","16.7","16.4","996.6","1007.8"
"2026-08-14","20:03:37","Cloudy","Dry","Very Light","2.4","30.9","3328","2","32.5","28%","36.6","","Opened","7.833","11","Unsafe","Calm","5.9","39","16.8","16.4","996.6","1007.8"
"2026-08-14","20:03:46","Cloudy","Dry","Very Light","2.6","31.0","3328","2","32.4","28%","36.5","","Opened","7.282","11","Unsafe","Calm","5.9","39","16.7","16.5","996.6","1007.8"
"2026-08-14","20:03:56","Cloudy","Dry","Very Light","2.5","30.9","3328","2","32.4","28%","36.5","","Opened","7.344","11","Unsafe","Calm","5.8","39","16.8","16.4","996.6","1007.8"
"2026-08-14","20:04:06","Cloudy","Dry","Very Light","2.6","30.9","3328","2","32.4","28%","36.5","","Opened","7.207","11","Unsafe","Calm","5.7","39","16.8","16.5","996.6","1007.8"
"2026-08-14","20:04:16","Cloudy","Dry","Very Light","2.6","30.9","3328","2","32.4","28%","36.5","","Opened","7.279","11","Unsafe","Calm","5.8","39","16.7","16.5","996.5","1007.7"
"2026-08-14","20:04:28","Cloudy","Dry","Very Light","2.6","30.9","3328","2","32.4","28%","36.5","","Opened","9.108","11","Unsafe","Calm","5.9","39","16.7","16.5","996.6","1007.8"
"2026-08-14","20:04:36","Cloudy","Dry","Very Light","2.7","30.9","3328","2","32.4","28%","36.5","","Opened","7.404","11","Unsafe","Calm","5.9","39","16.8","16.6","996.6","1007.8"
"2026-08-14","20:04:46","Cloudy","Dry","Very Light","2.5","30.9","3328","2","32.4","28%","36.5","","Opened","7.403","11","Unsafe","Calm","5.8","39","16.8","16.4","996.6","1007.8"
"2026-08-14","20:04:56","Cloudy","Dry","Very Light","2.5","30.9","3328","2","32.3","28%","36.4","","Opened","7.357","11","Unsafe","Calm","5.8","39","16.8","16.4","996.6","1007.8"
"2026-08-14","20:05:06","Cloudy","Dry","Very Light","2.5","30.9","3328","2","32.3","28%","36.4","","Opened","7.483","11","Unsafe","Calm","5.8","39","16.8","16.3","996.6","1007.8"
"2026-08-14","20:05:16","Cloudy","Dry","Very Light","2.5","30.8","3328","2","32.3","28%","36.4","","Opened","7.248","11","Unsafe","Calm","5.8","39","16.8","16.4","996.6","1007.8"
"2026-08-14","20:05:26","Cloudy","Dry","Very Light","2.6","30.8","3328","2","32.3","28%","36.4","","Opened","7.357","11","Unsafe","Calm","6.1","39","16.8","16.5","996.6","1007.8"
"2026-08-14","20:05:36","Cloudy","Dry","Very Light","2.5","30.8","3328","2","32.3","28%","36.4","","Opened","7.309","11","Unsafe","Calm","5.8","40","16.8","16.4","996.6","1007.8"
"2026-08-14","20:05:46","Cloudy","Dry","Very Light","2.6","30.8","3328","2","32.3","28%","36.4","","Opened","7.263","11","Unsafe","Calm","5.9","40","16.8","16.5","996.6","1007.8"
"2026-08-14","20:05:57","Cloudy","Dry","Very Light","2.6","30.8","3328","2","32.3","28%","36.3","","Opened","7.764","11","Unsafe","Calm","5.9","40","16.8","16.4","996.6","1007.8"
"2026-08-14","20:06:06","Cloudy","Dry","Very Light","2.5","30.8","3328","2","32.3","28%","36.3","","Opened","7.513","11","Unsafe","Calm","5.9","40","16.8","16.4","996.6","1007.8"
"2026-08-14","20:06:16","Cloudy","Dry","Very Light","2.6","30.8","3328","2","32.2","28%","36.3","","Opened","7.310","11","Unsafe","Calm","5.9","40","16.8","16.5","996.6","1007.8"
"2026-08-14","20:06:26","Cloudy","Dry","Very Light","2.7","30.8","3328","2","32.2","28%","36.3","","Opened","7.279","11","Unsafe","Calm","5.7","40","16.8","16.5","996.6","1007.8"
"2026-08-14","20:06:36","Cloudy","Dry","Very Light","2.6","30.8","3328","2","32.2","28%","36.2","","Opened","7.375","11","Unsafe","Calm","5.9","40","16.8","16.4","996.6","1007.8"
"2026-08-14","20:06:46","Cloudy","Dry","Very Light","2.6","30.8","3328","2","32.2","28%","36.2","","Opened","7.315","11","Unsafe","Calm","5.8","40","16.8","16.4","996.6","1007.8"
"2026-08-14","20:06:56","Cloudy","Dry","Very Light","2.6","30.8","3328","2","32.2","28%","36.2","","Opened","7.268","11","Unsafe","Calm","5.7","40","16.9","16.4","996.6","1007.8"
"2026-08-14","20:07:06","Cloudy","Dry","Very Light","2.5","30.8","3328","2","32.2","28%","36.2","","Opened","7.356","11","Unsafe","Calm","5.5","40","16.7","16.3","996.7","1007.9"
"2026-08-14","20:07:16","Cloudy","Dry","Very Light","2.5","30.8","3328","2","32.2","28%","36.3","","Opened","7.279","11","Unsafe","Calm","4.6","40","16.7","16.3","996.6","1007.8"
"2026-08-14","20:07:26","Cloudy","Dry","Very Light","2.5","30.7","3328","2","32.1","28%","36.3","","Opened","7.452","11","Unsafe","Calm","4.2","40","16.7","16.3","996.6","1007.8"
"2026-08-14","20:07:36","Cloudy","Dry","Very Light","2.6","30.7","3328","2","32.2","28%","36.3","","Opened","7.247","11","Unsafe","Calm","3.9","40","16.8","16.4","996.6","1007.8"
"2026-08-14","20:07:47","Cloudy","Dry","Very Light","2.6","30.7","3328","2","32.1","28%","36.3","","Opened","8.154","12","Unsafe","Calm","3.9","40","16.8","16.4","996.6","1007.8"
"2026-08-14","20:07:52","Cloudy","Dry","Very Light","2.6","30.7","3328","2","32.1","28%","36.3","","Opened","3.279","13","Unsafe","Calm","3.9","40","16.8","16.4","996.6","1007.8"
"2026-08-14","20:07:57","Cloudy","Dry","Very Light","2.6","30.7","3328","2","32.1","28%","36.3","","Opened","8.465","14","Unsafe","Calm","3.9","40","16.8","16.4","996.6","1007.8"
"2026-08-14","20:08:02","Cloudy","Dry","Very Light","2.6","30.7","3328","2","32.1","28%","36.3","","Opened","3.593","15","Unsafe","Calm","3.9","40","16.8","16.4","996.6","1007.8"
"2026-08-14","20:08:08","Cloudy","Dry","Very Light","2.6","30.7","3328","2","32.1","28%","36.3","","Opened","8.716","16","Unsafe","Calm","3.9","40","16.8","16.4","996.6","1007.8"
"2026-08-14","20:08:13","Cloudy","Dry","Very Light","2.6","30.7","3328","2","32.1","28%","36.3","","Opened","3.856","17","Unsafe","Calm","3.9","40","16.8","16.4","996.6","1007.8"
"2026-08-14","20:08:18","Cloudy","Dry","Very Light","2.6","30.7","3328","2","32.1","28%","36.3","","Opened","9.102","18","Unsafe","Calm","3.9","40","16.8","16.4","996.6","1007.8"
"2026-08-14","20:08:23","Cloudy","Dry","Very Light","2.6","30.7","3328","2","32.1","28%","36.3","","Opened","4.218","19","Unsafe","Calm","3.9","40","16.8","16.4","996.6","1007.8"
"2026-08-14","20:09:50","Unknown","Unknown","Unknown","0.0","0.0","0","0","0.0","0%","0.0","","Closed","5.139","2","Safe","Unknown","0.0","50","0.0","0.0","1000.0","1000.0"
"2026-08-14","20:09:56","Unknown","Unknown","Unknown","0.0","0.0","0","0","0.0","0%","0.0","","Closed","0.947","3","Safe","Unknown","0.0","50","0.0","0.0","1000.0","1000.0"
"2026-08-14","20:10:01","Unknown","Unknown","Unknown","0.0","0.0","0","0","0.0","0%","0.0","","Closed","6.063","4","Safe","Unknown","0.0","50","0.0","0.0","1000.0","1000.0"
"2026-08-14","20:10:06","Unknown","Unknown","Unknown","0.0","0.0","0","0","0.0","0%","0.0","","Closed","1.171","5","Safe","Unknown","0.0","50","0.0","0.0","1000.0","1000.0"
"2026-08-14","20:10:11","Unknown","Unknown","Unknown","0.0","0.0","0","0","0.0","0%","0.0","","Closed","6.295","6","Safe","Unknown","0.0","50","0.0","0.0","1000.0","1000.0"
"2026-08-14","20:10:16","Unknown","Unknown","Unknown","0.0","0.0","0","0","0.0","0%","0.0","","Closed","1.547","7","Safe","Unknown","0.0","50","0.0","0.0","1000.0","1000.0"
"2026-08-14","20:10:22","Unknown","Unknown","Unknown","0.0","0.0","0","0","0.0","0%","0.0","","Closed","6.795","8","Safe","Unknown","0.0","50","0.0","0.0","1000.0","1000.0"
"2026-08-14","20:10:27","Unknown","Unknown","Unknown","0.0","0.0","0","0","0.0","0%","0.0","","Closed","1.891","9","Safe","Unknown","0.0","50","0.0","0.0","1000.0","1000.0"
"2026-08-14","20:10:32","Unknown","Unknown","Unknown","0.0","0.0","0","0","0.0","0%","0.0","","Closed","7.010","10","Safe","Unknown","0.0","50","0.0","0.0","1000.0","1000.0"
"2026-08-14","20:10:37","Unknown","Unknown","Unknown","0.0","0.0","0","0","0.0","0%","0.0","","Closed","2.140","11","Safe","Unknown","0.0","50","0.0","0.0","1000.0","1000.0"
"2026-08-14","20:10:42","Unknown","Unknown","Unknown","0.0","0.0","0","0","0.0","0%","0.0","","Closed","7.262","12","Safe","Unknown","0.0","50","0.0","0.0","1000.0","1000.0"
"2026-08-14","20:10:47","Unknown","Unknown","Unknown","0.0","0.0","0","0","0.0","0%","0.0","","Closed","2.359","13","Safe","Unknown","0.0","50","0.0","0.0","1000.0","1000.0"
"2026-08-14","20:10:52","Unknown","Unknown","Unknown","0.0","0.0","0","0","0.0","0%","0.0","","Closed","7.482","14","Safe","Unknown","0.0","50","0.0","0.0","1000.0","1000.0"
"2026-08-14","20:10:57","Unknown","Unknown","Unknown","0.0","0.0","0","0","0.0","0%","0.0","","Closed","2.593","15","Safe","Unknown","0.0","50","0.0","0.0","1000.0","1000.0"
"2026-08-14","20:11:03","Unknown","Unknown","Unknown","0.0","0.0","0","0","0.0","0%","0.0","","Closed","7.701","16","Safe","Unknown","0.0","50","0.0","0.0","1000.0","1000.0"
"2026-08-14","20:11:08","Unknown","Unknown","Unknown","0.0","0.0","0","0","0.0","0%","0.0","","Closed","2.935","17","Safe","Unknown","0.0","50","0.0","0.0","1000.0","1000.0"
"2026-08-14","20:11:13","Unknown","Unknown","Unknown","0.0","0.0","0","0","0.0","0%","0.0","","Closed","8.184","18","Safe","Unknown","0.0","50","0.0","0.0","1000.0","1000.0"
"2026-08-14","20:11:18","Unknown","Unknown","Unknown","0.0","0.0","0","0","0.0","0%","0.0","","Closed","3.437","19","Safe","Unknown","0.0","50","0.0","0.0","1000.0","1000.0"
"2026-08-14","20:11:24","Unknown","Unknown","Unknown","999.0","999.0","-1","99999","999.0","0%","999.0","","Closed","8.732","20","Unsafe","Calm","0.0","50","0.0","999.0","1000.0","1000.0"
"2026-08-14","20:11:29","Unknown","Unknown","Unknown","999.0","999.0","-1","99999","999.0","0%","999.0","","Closed","3.935","21","Unsafe","Calm","0.0","50","0.0","999.0","1000.0","1000.0"
"2026-08-14","20:11:34","Unknown","Unknown","Unknown","999.0","999.0","-1","99999","999.0","0%","999.0","","Closed","9.185","22","Unsafe","Calm","0.0","50","0.0","999.0","1000.0","1000.0"
"2026-08-14","20:11:39","Unknown","Unknown","Unknown","999.0","999.0","-1","99999","999.0","0%","999.0","","Closed","4.421","23","Unsafe","Calm","0.0","50","0.0","999.0","1000.0","1000.0"
"2026-08-14","20:11:45","Unknown","Unknown","Unknown","999.0","999.0","-1","99999","999.0","0%","999.0","","Closed","9.669","24","Unsafe","Calm","0.0","50","0.0","999.0","1000.0","1000.0"
"2026-08-14","20:11:50","Unknown","Unknown","Unknown","999.0","999.0","-1","99999","999.0","0%","999.0","","Closed","4.921","25","Unsafe","Calm","0.0","50","0.0","999.0","1000.0","1000.0"
"2026-08-14","20:11:55","Unknown","Unknown","Unknown","999.0","999.0","-1","99999","999.0","0%","999.0","","Closed","10.185","26","Unsafe","Calm","0.0","50","0.0","999.0","1000.0","1000.0"
"2026-08-14","20:12:00","Unknown","Unknown","Unknown","999.0","999.0","-1","99999","999.0","0%","999.0","","Closed","5.233","27","Unsafe","Calm","0.0","50","0.0","999.0","1000.0","1000.0"
"2026-08-14","20:12:06","Unknown","Unknown","Unknown","999.0","999.0","-1","99999","999.0","0%","999.0","","Closed","0.562","28","Unsafe","Calm","0.0","50","0.0","999.0","1000.0","1000.0"
"2026-08-14","20:12:11","Unknown","Unknown","Unknown","999.0","999.0","-1","99999","999.0","0%","999.0","","Closed","5.731","29","Unsafe","Calm","0.0","50","0.0","999.0","1000.0","1000.0"
"2026-08-14","20:12:16","Unknown","Unknown","Unknown","999.0","999.0","-1","99999","999.0","0%","999.0","","Closed","0.969","30","Unsafe","Calm","0.0","50","0.0","999.0","1000.0","1000.0"
"2026-08-14","20:12:21","Unknown","Unknown","Unknown","999.0","999.0","-1","99999","999.0","0%","999.0","","Closed","6.217","31","Unsafe","Calm","0.0","50","0.0","999.0","1000.0","1000.0"
"2026-08-14","20:12:27","Unknown","Unknown","Unknown","999.0","999.0","-1","99999","999.0","0%","999.0","","Closed","1.515","32","Unsafe","Calm","0.0","50","0.0","999.0","1000.0","1000.0"
"2026-08-14","20:12:32","Unknown","Unknown","Unknown","999.0","999.0","-1","99999","999.0","0%","999.0","","Closed","6.732","33","Unsafe","Calm","0.0","50","0.0","999.0","1000.0","1000.0"
"2026-08-14","20:12:37","Unknown","Unknown","Unknown","999.0","999.0","-1","99999","999.0","0%","999.0","","Closed","1.822","34","Unsafe","Calm","0.0","50","0.0","999.0","1000.0","1000.0"
"2026-08-14","20:12:42","Unknown","Unknown","Unknown","999.0","999.0","-1","99999","999.0","0%","999.0","","Closed","6.993","35","Unsafe","Calm","0.0","50","0.0","999.0","1000.0","1000.0"
"2026-08-14","20:13:02","Cloudy","Dry","Very Light","2.8","29.7","3328","2","31.4","1%","31.9","Heating UP","Opened","6.606","35","Unsafe","Calm","0.0","42","17.0","16.2","996.9","1008.1"
"2026-08-14","20:13:13","Cloudy","Dry","Very Light","2.8","29.7","3328","2","31.4","11%","31.9","Heating UP","Opened","7.544","35","Unsafe","Calm","0.8","42","16.9","16.2","996.8","1008.0"
"2026-08-14","20:13:23","Cloudy","Dry","Very Light","2.8","29.7","3328","2","31.5","21%","31.9","Heating UP","Opened","7.685","35","Unsafe","Calm","1.4","42","16.9","16.2","996.8","1008.0"
"2026-08-14","20:13:32","Cloudy","Dry","Very Light","2.8","29.8","3328","2","31.5","31%","32.0","","Opened","7.279","35","Unsafe","Calm","2.2","42","16.9","16.3","996.8","1008.0"
"2026-08-14","20:13:42","Cloudy","Dry","Very Light","2.8","29.8","3328","2","31.5","31%","32.2","","Opened","7.357","35","Unsafe","Calm","3.0","42","16.9","16.2","996.8","1008.0"
"2026-08-14","20:13:52","Cloudy","Dry","Very Light","2.8","29.8","3328","2","31.5","31%","32.4","","Opened","7.310","35","Unsafe","Calm","4.3","42","17.0","16.2","996.8","1008.0"
"2026-08-14","20:14:03","Cloudy","Dry","Very Light","2.8","29.8","3328","2","31.5","31%","32.6","","Opened","7.467","35","Unsafe","Calm","5.2","42","17.0","16.2","996.8","1008.0"
"2026-08-14","20:14:12","Cloudy","Dry","Very Light","2.8","29.8","3328","2","31.5","31%","32.9","","Opened","7.357","35","Unsafe","Calm","5.8","42","17.0","16.3","996.8","1008.0"
"2026-08-14","20:14:22","Cloudy","Dry","Very Light","2.9","29.8","3328","2","31.5","31%","33.1","","Opened","7.310","35","Unsafe","Calm","6.4","42","17.0","16.3","996.8","1008.0"
"2026-08-14","20:14:32","Cloudy","Dry","Very Light","2.8","29.8","3328","2","31.5","31%","33.2","","Opened","7.388","35","Unsafe","Calm","6.5","42","17.0","16.2","996.8","1008.0"
"2026-08-14","20:14:42","Cloudy","Dry","Very Light","2.8","29.8","3328","2","31.5","31%","33.4","","Opened","7.326","35","Unsafe","Calm","6.6","42","16.9","16.2","996.8","1008.0"
"2026-08-14","20:14:52","Cloudy","Dry","Very Light","2.8","29.8","3328","2","31.5","31%","33.5","","Opened","7.279","35","Unsafe","Calm","6.2","42","17.0","16.2","996.9","1008.1"
"2026-08-14","20:15:03","Cloudy","Dry","Very Light","2.9","29.8","3328","2","31.5","31%","33.6","","Opened","7.481","35","Unsafe","Calm","6.4","42","17.1","16.4","996.9","1008.1"
"2026-08-14","20:15:12","Cloudy","Dry","Very Light","2.8","29.8","3328","2","31.5","31%","33.8","","Opened","7.374","35","Unsafe","Calm","6.1","42","17.0","16.2","996.8","1008.0"
"2026-08-14","20:15:22","Cloudy","Dry","Very Light","2.9","29.8","3328","2","31.5","31%","34.0","","Opened","7.325","35","Unsafe","Calm","5.8","42","17.0","16.4","996.8","1008.0"
"2026-08-14","20:15:32","Cloudy","Dry","Very Light","2.8","29.8","3328","2","31.5","31%","34.1","","Opened","7.263","35","Unsafe","Calm","5.8","42","17.0","16.2","996.9","1008.1"
"2026-08-14","20:15:43","Cloudy","Dry","Very Light","2.7","29.8","3328","2","31.5","31%","34.1","Heating UP","Opened","7.467","35","Unsafe","Calm","6.2","42","17.0","16.1","996.8","1008.0"
"2026-08-14","20:15:52","Cloudy","Dry","Very Light","2.8","29.9","3328","2","31.5","35%","34.2","","Opened","7.342","35","Unsafe","Calm","6.2","42","17.0","16.2","996.9","1008.1"
"2026-08-14","20:16:02","Cloudy","Dry","Very Light","2.7","29.9","3328","2","31.5","35%","34.3","","Opened","7.420","35","Unsafe","Calm","6.2","42","17.0","16.1","996.9","1008.1"
"2026-08-14","20:16:12","Cloudy","Dry","Very Light","2.7","29.9","3328","2","31.5","35%","34.4","","Opened","7.357","35","Unsafe","Calm","6.1","42","17.0","16.1","996.9","1008.1"
"2026-08-14","20:16:22","Cloudy","Dry","Very Light","2.7","29.9","3328","2","31.4","35%","34.5","","Opened","7.311","35","Unsafe","Calm","6.1","42","17.0","16.1","996.8","1008.0"
"2026-08-14","20:16:32","Cloudy","Dry","Very Light","2.8","29.9","3328","2","31.4","35%","34.6","","Opened","7.264","35","Unsafe","Calm","6.5","42","17.0","16.2","996.9","1008.1"
"2026-08-14","20:16:43","Cloudy","Dry","Very Light","2.8","29.9","3328","2","31.4","35%","34.6","Heating UP","Opened","7.467","35","Unsafe","Calm","6.5","42","17.0","16.3","996.8","1008.0"
"2026-08-14","20:16:52","Cloudy","Dry","Very Light","2.8","29.9","3328","2","31.4","37%","34.7","","Opened","7.340","35","Unsafe","Calm","6.8","42","17.0","16.2","996.9","1008.1"
"2026-08-14","20:17:03","Cloudy","Dry","Very Light","2.9","29.9","3328","2","31.4","37%","34.7","Heating UP","Opened","7.529","35","Unsafe","Calm","6.9","42","17.0","16.3","996.9","1008.1"
"2026-08-14","20:17:12","Cloudy","Dry","Very Light","3.1","29.9","3328","2","31.4","39%","34.8","","Opened","7.263","35","Unsafe","Calm","7.1","42","17.0","16.5","996.8","1008.0"
"2026-08-14","20:17:22","Cloudy","Dry","Very Light","2.8","29.9","3328","2","31.4","39%","35.0","","Opened","7.357","35","Unsafe","Calm","7.1","42","17.0","16.2","996.8","1008.0"
"2026-08-14","20:17:32","Cloudy","Dry","Very Light","2.8","29.9","3328","2","31.4","39%","35.1","","Opened","7.294","35","Unsafe","Calm","5.7","42","16.9","16.2","996.8","1008.0"
"2026-08-14","20:17:42","Cloudy","Dry","Very Light","2.9","29.9","3328","2","31.4","39%","35.2","","Opened","7.372","35","Unsafe","Calm","5.3","42","16.9","16.3","996.8","1008.0"
"2026-08-14","20:17:52","Cloudy","Dry","Very Light","2.8","29.9","3328","2","31.4","39%","35.3","","Opened","7.326","35","Unsafe","Calm","5.0","42","17.0","16.2","996.8","1008.0"
"2026-08-14","20:18:04","Cloudy","Dry","Very Light","2.9","29.9","3328","2","31.4","39%","35.4","","Opened","8.420","35","Unsafe","Calm","5.0","42","17.0","16.3","996.8","1008.0"
"2026-08-14","20:18:13","Cloudy","Dry","Very Light","2.8","29.9","3328","2","31.4","39%","35.4","","Opened","8.373","35","Unsafe","Calm","4.7","42","17.0","16.2","996.9","1008.2"
"2026-08-14","20:18:22","Cloudy","Dry","Very Light","2.9","29.9","3328","2","31.4","39%","35.5","","Opened","7.357","35","Unsafe","Calm","4.6","42","17.0","16.3","996.9","1008.1"
"2026-08-14","20:18:32","Cloudy","Dry","Very Light","2.8","29.9","3328","2","31.4","39%","35.5","","Opened","7.347","35","Unsafe","Calm","5.5","42","17.0","16.2","996.8","1008.0"
"2026-08-14","20:18:42","Cloudy","Dry","Very Light","2.9","30.0","3328","2","31.4","39%","35.5","","Opened","7.319","35","Unsafe","Calm","5.9","42","17.0","16.3","996.8","1008.0"
"2026-08-14","20:18:52","Cloudy","Dry","Very Light","2.8","30.0","3328","2","31.4","39%","35.5","","Opened","7.360","35","Unsafe","Calm","5.8","42","17.0","16.2","996.8","1008.0"
"2026-08-14","20:19:04","Cloudy","Dry","Very Light","2.8","30.0","3328","2","31.4","39%","35.6","","Opened","9.038","35","Unsafe","Calm","5.2","42","17.0","16.2","996.8","1008.0"
"2026-08-14","20:19:14","Cloudy","Dry","Very Light","3.0","30.0","3328","2","31.4","39%","35.7","Heating DOWN","Opened","8.481","35","Unsafe","Calm","5.5","42","17.0","16.3","997.0","1008.2"
"2026-08-14","20:19:23","Cloudy","Dry","Very Light","2.9","30.0","3328","2","31.4","38%","35.7","Heating DOWN","Opened","7.469","35","Unsafe","Calm","5.5","42","17.0","16.3","996.8","1008.0"
"2026-08-14","20:19:33","Cloudy","Dry","Very Light","2.9","30.0","3328","2","31.4","37%","35.7","Heating DOWN","Opened","7.520","35","Unsafe","Calm","5.5","42","17.0","16.2","996.9","1008.1"
"2026-08-14","20:19:43","Cloudy","Dry","Very Light","2.8","30.0","3328","2","31.3","36%","35.7","Heating DOWN","Opened","7.584","35","Unsafe","Calm","5.1","42","17.0","16.1","996.9","1008.1"
"2026-08-14","20:19:53","Cloudy","Dry","Very Light","2.9","30.0","3328","2","31.4","35%","35.8","Heating DOWN","Opened","7.507","35","Unsafe","Calm","5.5","42","17.0","16.3","996.9","1008.2"
"2026-08-14","20:20:03","Cloudy","Dry","Very Light","2.8","30.0","3328","2","31.4","34%","35.7","","Opened","7.676","35","Unsafe","Calm","5.8","42","17.0","16.2","996.8","1008.0"
"2026-08-14","20:20:13","Cloudy","Dry","Very Light","3.0","30.0","3328","2","31.3","34%","35.8","Heating DOWN","Opened","7.640","35","Unsafe","Calm","5.7","42","17.0","16.3","996.8","1008.0"
"2026-08-14","20:20:23","Cloudy","Dry","Very Light","2.8","30.0","3328","2","31.3","32%","35.7","","Opened","7.511","35","Unsafe","Calm","5.7","42","17.0","16.2","996.8","1008.0"
"2026-08-14","20:20:32","Cloudy","Dry","Very Light","2.7","30.0","3328","2","31.4","32%","35.7","Heating DOWN","Opened","7.420","35","Unsafe","Calm","5.4","42","17.0","16.1","996.8","1008.0"
"2026-08-14","20:20:43","Cloudy","Dry","Very Light","2.7","30.0","3328","2","31.4","31%","35.8","Heating DOWN","Opened","7.488","35","Unsafe","Calm","5.1","42","17.0","16.1","996.8","1008.0"
"2026-08-14","20:20:52","Cloudy","Dry","Very Light","2.9","30.0","3328","2","31.3","30%","35.7","","Opened","7.388","35","Unsafe","Calm","4.8","42","17.0","16.2","996.9","1008.1"
"2026-08-14","20:21:03","Cloudy","Dry","Very Light","2.8","30.0","3328","2","31.3","30%","35.7","Heating DOWN","Opened","7.620","35","Unsafe","Calm","4.8","42","17.0","16.1","996.8","1008.0"
"2026-08-14","20:21:13","Cloudy","Dry","Very Light","2.9","30.0","3328","2","31.3","29%","35.6","","Opened","7.466","35","Unsafe","Calm","5.1","42","17.0","16.3","996.8","1008.0"
"2026-08-14","20:21:23","Cloudy","Dry","Very Light","2.8","30.0","3328","2","31.3","29%","35.5","","Opened","7.849","35","Unsafe","Calm","5.4","42","17.0","16.2","996.8","1008.0"
"2026-08-14","20:21:32","Cloudy","Dry","Very Light","2.9","30.0","3328","2","31.3","29%","35.5","","Opened","7.410","35","Unsafe","Calm","5.5","42","17.0","16.2","996.8","1008.1"
"2026-08-14","20:21:42","Cloudy","Dry","Very Light","2.8","30.0","3328","2","31.3","29%","35.5","","Opened","7.328","35","Unsafe","Calm","5.9","42","17.0","16.2","996.9","1008.2"
"2026-08-14","20:21:52","Cloudy","Dry","Very Light","3.0","30.0","3328","2","31.3","29%","35.4","","Opened","7.303","35","Unsafe","Calm","6.1","42","17.0","16.4","996.8","1008.1"
"2026-08-14","20:22:03","Cloudy","Dry","Very Light","2.8","30.0","3328","2","31.3","29%","35.4","","Opened","7.520","35","Unsafe","Calm","5.9","42","17.0","16.2","996.8","1008.1"
"2026-08-14","20:22:12","Cloudy","Dry","Very Light","2.8","30.0","3328","2","31.3","29%","35.4","","Opened","7.344","35","Unsafe","Calm","5.5","42","17.0","16.2","997.0","1008.2"
"2026-08-14","20:22:22","Cloudy","Dry","Very Light","2.7","30.0","3328","2","31.3","29%","35.4","","Opened","7.304","35","Unsafe","Calm","5.1","42","17.0","16.1","996.8","1008.1"
"2026-08-14","20:22:33","Cloudy","Dry","Very Light","2.9","30.0","3328","2","31.3","29%","35.4","","Opened","7.433","35","Unsafe","Calm","5.2","42","17.0","16.2","996.8","1008.1"
"2026-08-14","20:22:42","Cloudy","Dry","Very Light","2.8","30.0","3328","2","31.3","29%","35.4","","Opened","7.280","35","Unsafe","Calm","5.0","42","17.0","16.1","996.9","1008.1"
"2026-08-14","20:22:52","Cloudy","Dry","Very Light","2.9","30.0","3328","2","31.3","29%","35.4","","Opened","7.385","35","Unsafe","Calm","5.0","42","17.0","16.2","996.9","1008.1"
"2026-08-14","20:23:03","Cloudy","Dry","Very Light","2.8","30.0","3328","2","31.3","29%","35.3","","Opened","7.475","35","Unsafe","Calm","5.4","43","17.0","16.2","996.9","1008.1"
"2026-08-14","20:23:12","Cloudy","Dry","Very Light","2.9","30.0","3328","2","31.3","29%","35.3","","Opened","7.335","35","Unsafe","Calm","5.8","43","17.1","16.2","996.8","1008.1"
"2026-08-14","20:23:22","Cloudy","Dry","Very Light","2.8","30.0","3328","2","31.3","29%","35.2","","Opened","7.296","35","Unsafe","Calm","6.1","43","17.1","16.2","996.9","1008.2"
"2026-08-14","20:23:32","Cloudy","Dry","Very Light","2.8","30.0","3328","2","31.2","29%","35.2","","Opened","7.382","35","Unsafe","Calm","6.2","43","17.0","16.1","996.9","1008.1"
"2026-08-14","20:23:42","Cloudy","Dry","Very Light","2.7","30.0","3328","2","31.2","29%","35.2","","Opened","7.329","35","Unsafe","Calm","6.2","43","17.0","16.1","996.8","1008.1"
"2026-08-14","20:23:52","Cloudy","Dry","Very Light","2.9","29.9","3328","2","31.2","29%","35.2","","Opened","7.317","35","Unsafe","Calm","6.1","43","17.1","16.3","996.8","1008.1"
"2026-08-14","20:24:03","Cloudy","Dry","Very Light","3.0","29.9","3328","2","31.2","29%","35.2","","Opened","7.459","35","Unsafe","Calm","5.8","43","17.0","16.3","996.8","1008.1"
"2026-08-14","20:24:12","Cloudy","Dry","Very Light","2.9","30.0","3328","2","31.2","29%","35.2","","Opened","7.370","35","Unsafe","Calm","5.7","43","17.0","16.2","996.8","1008.1"
"2026-08-14","20:24:22","Cloudy","Dry","Very Light","2.8","30.0","3328","2","31.2","29%","35.2","","Opened","7.314","35","Unsafe","Calm","5.5","43","17.1","16.1","996.8","1008.1"
"2026-08-14","20:24:32","Cloudy","Dry","Very Light","2.9","29.9","3328","2","31.2","29%","35.2","","Opened","7.300","35","Unsafe","Calm","5.5","43","17.0","16.1","996.8","1008.1"
"2026-08-14","20:24:42","Cloudy","Dry","Very Light","2.9","29.9","3328","2","31.2","29%","35.1","","Opened","7.375","35","Unsafe","Calm","5.7","43","17.0","16.2","996.8","1008.1"
"2026-08-14","20:24:52","Cloudy","Dry","Very Light","2.9","29.9","3328","2","31.2","29%","35.1","","Opened","7.319","35","Unsafe","Calm","5.7","43","17.0","16.2","996.9","1008.1"
"2026-08-14","20:25:03","Cloudy","Dry","Very Light","2.8","30.0","3328","2","31.2","29%","35.1","","Opened","7.439","35","Unsafe","Calm","5.8","43","17.1","16.1","996.8","1008.1"
"2026-08-14","20:25:12","Cloudy","Dry","Very Light","2.9","29.9","3328","2","31.2","29%","35.1","","Opened","7.358","35","Unsafe","Calm","5.7","43","17.1","16.2","996.8","1008.1"
"2026-08-14","20:25:22","Cloudy","Dry","Very Light","2.9","29.9","3328","2","31.2","29%","35.1","","Opened","7.305","35","Unsafe","Calm","5.7","43","17.0","16.2","996.8","1008.1"
"2026-08-14","20:25:32","Cloudy","Dry","Very Light","2.7","29.9","3328","2","31.2","29%","35.2","","Opened","7.382","35","Unsafe","Calm","5.2","43","17.0","16.0","996.9","1008.1"
"2026-08-14","20:25:42","Cloudy","Dry","Very Light","2.8","29.9","3328","2","31.2","29%","35.2","","Opened","7.328","35","Unsafe","Calm","5.2","43","17.0","16.1","996.9","1008.1"
"2026-08-14","20:25:52","Cloudy","Dry","Very Light","3.0","29.9","3328","2","31.1","29%","35.2","","Opened","7.279","35","Unsafe","Calm","5.5","43","17.0","16.2","996.8","1008.1"
"2026-08-14","20:26:03","Cloudy","Dry","Very Light","3.0","29.9","3328","2","31.2","29%","35.1","","Opened","7.524","35","Unsafe","Calm","5.5","43","17.1","16.3","996.9","1008.1"
"2026-08-14","20:26:12","Cloudy","Dry","Very Light","2.9","29.9","3328","2","31.1","29%","35.1","","Opened","7.316","35","Unsafe","Calm","5.5","43","17.0","16.2","996.8","1008.1"
"2026-08-14","20:26:22","Cloudy","Dry","Very Light","2.9","29.9","3328","2","31.2","29%","35.1","","Opened","7.264","35","Unsafe","Calm","5.8","43","17.1","16.1","996.8","1008.1"
"2026-08-14","20:26:32","Cloudy","Dry","Very Light","2.9","29.9","3328","2","31.2","29%","35.1","","Opened","7.367","35","Unsafe","Calm","6.1","43","17.1","16.1","996.8","1008.1"
"2026-08-14","20:26:42","Cloudy","Dry","Very Light","2.7","29.9","3328","2","31.2","29%","35.1","","Opened","7.312","35","Unsafe","Calm","6.1","43","17.1","16.0","996.8","1008.1"
"2026-08-14","20:26:52","Cloudy","Dry","Very Light","2.8","29.9","3328","2","31.1","29%","35.1","","Opened","7.274","35","Unsafe","Calm","5.5","43","17.1","16.1","996.8","1008.1"
"2026-08-14","20:27:03","Cloudy","Dry","Very Light","2.9","29.9","3328","2","31.1","29%","35.2","","Opened","7.504","35","Unsafe","Calm","5.7","43","17.0","16.2","996.8","1008.1"
"2026-08-14","20:27:12","Cloudy","Dry","Very Light","2.8","29.9","3328","2","31.1","29%","35.1","","Opened","7.305","35","Unsafe","Calm","5.5","43","17.1","16.0","996.8","1008.1"
"2026-08-14","20:27:22","Cloudy","Dry","Very Light","2.8","29.9","3328","2","31.1","29%","35.1","","Opened","7.381","35","Unsafe","Calm","5.1","43","17.0","16.0","996.8","1008.1"
"2026-08-14","20:27:32","Cloudy","Dry","Very Light","2.9","29.9","3328","2","31.1","29%","35.1","","Opened","7.339","35","Unsafe","Calm","5.5","43","17.0","16.1","996.9","1008.1"
"2026-08-14","20:27:42","Cloudy","Dry","Very Light","2.8","29.8","3328","2","31.1","29%","35.1","","Opened","7.277","35","Unsafe","Calm","5.7","43","17.1","16.0","996.9","1008.1"
"2026-08-14","20:27:52","Cloudy","Dry","Very Light","2.8","29.8","3328","2","31.1","29%","35.1","","Opened","7.359","35","Unsafe","Calm","6.1","43","17.0","16.0","996.9","1008.1"
"2026-08-14","20:28:03","Cloudy","Dry","Very Light","2.8","29.8","3328","2","31.1","29%","35.1","","Opened","7.476","35","Unsafe","Calm","5.8","43","17.1","16.0","996.8","1008.1"
"2026-08-14","20:28:12","Cloudy","Dry","Very Light","2.8","29.8","3328","2","31.1","29%","35.1","","Opened","7.260","35","Unsafe","Calm","5.8","43","17.1","16.0","996.8","1008.1"
"2026-08-14","20:28:22","Cloudy","Dry","Very Light","2.8","29.8","3328","2","31.1","29%","35.1","","Opened","7.344","35","Unsafe","Calm","5.8","43","17.1","16.0","996.9","1008.1"
"2026-08-14","20:28:32","Cloudy","Dry","Very Light","2.8","29.8","3328","2","31.1","29%","35.2","","Opened","7.294","35","Unsafe","Calm","5.4","43","17.0","16.0","996.9","1008.2"
"2026-08-14","20:28:42","Cloudy","Dry","Very Light","2.7","29.8","3328","2","31.1","29%","35.2","","Opened","7.365","35","Unsafe","Calm","5.2","43","17.0","16.0","996.9","1008.2"
"2026-08-14","20:28:52","Cloudy","Dry","Very Light","2.8","29.8","3328","2","31.1","29%","35.2","","Opened","7.338","35","Unsafe","Calm","5.2","43","17.1","16.0","996.8","1008.1"
"2026-08-14","20:29:03","Cloudy","Dry","Very Light","2.8","29.8","3328","2","31.0","29%","35.1","","Opened","7.464","35","Unsafe","Calm","5.1","43","17.0","16.0","996.8","1008.1"
"2026-08-14","20:29:12","Cloudy","Dry","Very Light","2.7","29.7","3328","2","31.1","29%","35.1","","Opened","7.375","35","Unsafe","Calm","5.1","43","17.1","16.0","996.8","1008.1"
"2026-08-14","20:29:22","Cloudy","Dry","Very Light","2.8","29.7","3328","2","31.1","29%","35.2","","Opened","7.338","35","Unsafe","Calm","5.2","43","17.1","16.0","996.8","1008.1"
"2026-08-14","20:29:32","Cloudy","Dry","Very Light","2.8","29.7","3328","2","31.0","29%","35.2","","Opened","7.298","35","Unsafe","Calm","5.1","43","17.0","16.0","996.8","1008.1"
"2026-08-14","20:29:42","Cloudy","Dry","Very Light","2.9","29.7","3328","2","31.1","29%","35.1","","Opened","7.377","35","Unsafe","Calm","5.2","43","17.1","16.1","996.8","1008.1"
"2026-08-14","20:29:52","Cloudy","Dry","Very Light","2.9","29.7","3328","2","31.0","29%","35.1","","Opened","7.334","35","Unsafe","Calm","5.2","43","17.1","16.1","996.9","1008.1"
"2026-08-14","20:30:03","Cloudy","Dry","Very Light","2.9","29.8","3328","2","31.0","29%","35.0","","Opened","7.439","35","Unsafe","Calm","5.5","43","17.1","16.1","996.8","1008.1"
"2026-08-14","20:30:12","Cloudy","Dry","Very Light","2.9","29.8","3328","2","31.0","29%","35.0","","Opened","7.360","35","Unsafe","Calm","5.8","43","17.1","16.1","996.8","1008.1"
"2026-08-14","20:30:22","Cloudy","Dry","Very Light","2.9","29.7","3328","2","31.0","29%","35.0","","Opened","7.306","35","Unsafe","Calm","6.2","43","17.1","16.1","996.8","1008.1"
"2026-08-14","20:30:32","Cloudy","Dry","Very Light","2.8","29.7","3328","2","31.0","29%","35.0","","Opened","7.377","35","Unsafe","Calm","6.4","43","17.1","15.9","996.9","1008.1"
"2026-08-14","20:30:42","Cloudy","Dry","Very Light","2.9","29.7","3328","2","31.0","29%","35.0","","Opened","7.324","35","Unsafe","Calm","6.2","43","17.1","16.1","996.9","1008.1"
"2026-08-14","20:30:52","Cloudy","Dry","Very Light","2.8","29.7","3328","2","31.0","29%","35.0","","Opened","7.275","35","Unsafe","Calm","5.9","43","17.1","16.0","996.9","1008.1"
"2026-08-14","20:31:03","Cloudy","Dry","Very Light","2.9","29.7","3328","2","31.0","29%","35.0","","Opened","7.516","35","Unsafe","Calm","5.7","43","17.1","16.1","996.9","1008.1"
"2026-08-14","20:31:12","Cloudy","Dry","Very Light","2.8","29.7","3328","2","31.0","29%","35.1","","Opened","7.305","35","Unsafe","Calm","4.6","43","17.1","15.9","996.9","1008.2"
"2026-08-14","20:31:22","Cloudy","Dry","Very Light","2.8","29.7","3328","2","31.0","29%","35.1","","Opened","7.391","35","Unsafe","Calm","4.3","43","17.1","16.0","996.9","1008.1"
"2026-08-14","20:31:32","Cloudy","Dry","Very Light","2.9","29.7","3328","2","31.0","29%","35.1","","Opened","7.325","35","Unsafe","Calm","4.2","43","17.1","16.1","996.8","1008.1"
"2026-08-14","20:31:42","Cloudy","Dry","Very Light","3.1","29.7","3328","2","31.0","29%","35.0","","Opened","7.272","35","Unsafe","Calm","4.5","43","17.1","16.2","996.8","1008.1"
"2026-08-14","20:31:52","Cloudy","Dry","Very Light","2.8","29.7","3328","2","30.9","29%","35.0","","Opened","7.352","35","Unsafe","Calm","4.6","44","17.1","16.0","996.9","1008.1"
"2026-08-14","20:32:03","Cloudy","Dry","Very Light","2.9","29.7","3328","2","30.9","29%","35.0","","Opened","7.453","35","Unsafe","Calm","4.7","43","17.1","16.0","996.9","1008.1"
"2026-08-14","20:32:12","Cloudy","Dry","Very Light","2.9","29.7","3328","2","30.9","29%","35.0","","Opened","7.373","35","Unsafe","Calm","5.4","44","17.1","16.0","996.8","1008.1"
"2026-08-14","20:32:22","Cloudy","Dry","Very Light","2.7","29.7","3328","4","30.9","29%","35.0","","Opened","7.353","35","Unsafe","Calm","5.5","43","17.1","15.9","996.8","1008.1"
"2026-08-14","20:32:32","Cloudy","Dry","Light","2.8","29.7","3328","6","30.9","29%","35.0","","Opened","7.310","35","Unsafe","Calm","5.5","44","17.1","16.0","996.9","1008.1"
"2026-08-14","20:32:42","Cloudy","Dry","Light","3.0","29.6","3328","8","31.0","29%","35.0","","Opened","7.389","35","Unsafe","Calm","5.7","43","17.1","16.1","996.9","1008.1"
"2026-08-14","20:32:52","Cloudy","Dry","Light","2.9","29.7","3328","10","30.9","29%","35.0","","Opened","7.354","35","Unsafe","Calm","5.9","44","17.2","16.0","997.0","1008.3"
"2026-08-14","20:33:03","Cloudy","Dry","Light","2.9","29.7","3328","12","30.9","29%","34.8","","Opened","7.474","35","Unsafe","Calm","6.2","44","17.1","16.0","997.0","1008.3"
"2026-08-14","20:33:12","Cloudy","Dry","Light","2.8","29.7","3328","15","30.9","29%","34.8","","Opened","7.390","35","Unsafe","Calm","6.5","44","17.2","15.9","996.9","1008.1"
"2026-08-14","20:33:22","Cloudy","Dry","Light","2.8","29.7","3328","17","30.9","29%","34.8","","Opened","7.366","35","Unsafe","Calm","6.4","44","17.1","15.9","996.9","1008.2"
"2026-08-14","20:33:32","Cloudy","Dry","Light","2.8","29.6","3328","20","30.9","29%","35.0","","Opened","7.325","35","Unsafe","Calm","6.4","44","17.1","15.9","996.9","1008.1"
"2026-08-14","20:33:42","Cloudy","Dry","Light","2.8","29.6","3328","22","30.9","29%","35.0","","Opened","7.279","35","Unsafe","Calm","6.2","44","17.1","15.9","996.8","1008.1"
"2026-08-14","20:33:52","Cloudy","Dry","Light","2.8","29.6","3328","25","30.9","29%","35.0","","Opened","7.361","35","Unsafe","Calm","5.8","44","17.1","15.9","996.9","1008.1"
"2026-08-14","20:34:03","Cloudy","Dry","Light","2.8","29.6","3328","28","30.9","29%","35.0","","Opened","7.500","35","Unsafe","Calm","5.4","44","17.1","15.9","996.9","1008.2"
"2026-08-14","20:34:12","Cloudy","Dry","Light","2.8","29.6","3328","31","30.9","29%","35.0","","Opened","7.331","35","Unsafe","Calm","5.2","44","17.2","15.9","996.8","1008.1"
"2026-08-14","20:34:22","Cloudy","Dry","Light","2.9","29.6","3328","34","30.8","29%","35.0","","Opened","7.271","35","Unsafe","Calm","5.1","44","17.1","16.0","996.9","1008.2"
"2026-08-14","20:34:32","Cloudy","Dry","Light","2.9","29.5","3328","37","30.9","29%","35.0","","Opened","7.368","35","Unsafe","Calm","5.5","44","17.1","16.0","996.9","1008.1"
"2026-08-14","20:34:42","Cloudy","Dry","Light","2.8","29.5","3328","40","30.9","29%","35.0","","Opened","7.331","35","Unsafe","Calm","5.4","44","17.1","15.9","996.9","1008.1"
"2026-08-14","20:34:52","Cloudy","Dry","Light","2.9","29.5","3328","44","30.8","29%","34.8","","Opened","7.329","35","Unsafe","Calm","5.5","44","17.1","16.0","996.8","1008.1"
"2026-08-14","20:35:03","Cloudy","Dry","Light","2.9","29.5","3328","47","30.9","29%","34.8","","Opened","7.443","35","Unsafe","Calm","5.5","44","17.1","16.0","996.9","1008.1"
"2026-08-14","20:35:12","Cloudy","Dry","Light","2.8","29.5","3328","51","30.8","29%","34.8","","Opened","7.367","35","Unsafe","Calm","5.4","44","17.1","15.9","996.9","1008.2"
"2026-08-14","20:35:22","Cloudy","Dry","Light","2.8","29.5","3328","55","30.8","29%","35.0","","Opened","7.332","35","Unsafe","Calm","5.2","44","17.1","15.9","996.9","1008.1"
"2026-08-14","20:35:32","Cloudy","Dry","Light","3.0","29.5","3328","59","30.8","29%","35.0","","Opened","7.283","35","Unsafe","Calm","5.2","44","17.1","16.1","997.0","1008.3"
"2026-08-14","20:35:42","Cloudy","Dry","Light","2.9","29.5","3328","63","30.8","29%","34.8","","Opened","7.369","35","Unsafe","Calm","5.2","44","17.2","16.0","996.9","1008.1"
"2026-08-14","20:35:52","Cloudy","Dry","Light","2.9","29.5","3328","67","30.8","29%","34.8","","Opened","7.334","35","Unsafe","Calm","5.2","44","17.2","16.0","996.9","1008.1"
"2026-08-14","20:36:03","Cloudy","Dry","Light","2.8","29.5","3328","72","30.8","29%","34.8","","Opened","7.440","35","Unsafe","Calm","5.4","44","17.2","15.9","996.9","1008.2"
"2026-08-14","20:36:12","Cloudy","Dry","Light","2.8","29.5","3328","77","30.8","29%","34.8","","Opened","7.368","35","Unsafe","Calm","5.5","44","17.2","15.9","996.9","1008.2"
"2026-08-14","20:36:22","Cloudy","Dry","Light","2.9","29.5","3328","82","30.8","29%","34.8","","Opened","7.326","35","Unsafe","Calm","6.2","44","17.2","16.0","996.9","1008.1"
"2026-08-14","20:36:32","Cloudy","Dry","Light","2.8","29.5","3328","86","30.8","29%","34.8","","Opened","7.285","35","Unsafe","Calm","5.9","44","17.2","15.9","996.9","1008.1"
"2026-08-14","20:36:42","Cloudy","Dry","Light","2.9","29.5","3328","92","30.8","29%","34.8","","Opened","7.368","35","Unsafe","Calm","5.9","44","17.2","16.0","996.9","1008.1"
"2026-08-14","20:36:52","Cloudy","Dry","Light","2.7","29.5","3328","97","30.8","29%","34.8","","Opened","7.216","35","Unsafe","Calm","5.7","44","17.2","15.8","996.9","1008.1"
"2026-08-14","20:37:03","Cloudy","Dry","Light","2.7","29.4","3328","103","30.8","29%","34.8","","Opened","7.455","35","Unsafe","Calm","4.7","44","17.1","15.8","996.9","1008.2"
"2026-08-14","20:37:12","Cloudy","Dry","Light","2.8","29.4","3328","108","30.8","29%","34.8","","Opened","7.383","35","Unsafe","Calm","4.6","44","17.1","15.8","997.0","1008.3"
"2026-08-14","20:37:22","Cloudy","Dry","Light","2.9","29.4","3328","114","30.8","29%","35.0","","Opened","7.340","35","Unsafe","Calm","3.3","44","17.1","15.9","996.9","1008.2"
"2026-08-14","20:37:32","Cloudy","Dry","Light","2.8","29.4","3328","120","30.7","29%","35.0","","Opened","7.337","35","Unsafe","Calm","3.0","44","17.1","15.8","996.9","1008.1"
"2026-08-14","20:37:42","Cloudy","Dry","Light","2.9","29.4","3328","127","30.8","29%","35.0","","Opened","7.340","35","Unsafe","Calm","2.6","44","17.1","15.9","996.9","1008.2"
"2026-08-14","20:37:52","Cloudy","Dry","Light","2.8","29.4","3328","133","30.7","29%","35.0","","Opened","7.293","35","Unsafe","Calm","2.6","44","17.1","15.9","996.9","1008.2"
"2026-08-14","20:38:03","Cloudy","Dry","Light","2.9","29.4","3328","140","30.8","29%","35.0","","Opened","7.536","35","Unsafe","Calm","3.5","44","17.1","15.9","996.9","1008.2"
"2026-08-14","20:38:12","Cloudy","Dry","Light","2.9","29.4","3328","147","30.7","29%","35.0","","Opened","7.342","35","Unsafe","Calm","3.9","44","17.1","15.9","996.9","1008.2"
"2026-08-14","20:38:22","Cloudy","Dry","Light","2.8","29.4","3328","153","30.7","29%","34.8","","Opened","7.323","35","Unsafe","Calm","4.8","44","17.2","15.9","996.9","1008.1"
"2026-08-14","20:38:32","Cloudy","Dry","Light","3.1","29.4","3328","161","30.7","29%","34.8","","Opened","7.273","35","Unsafe","Calm","5.5","44","17.2","16.1","996.9","1008.2"
"2026-08-14","20:38:42","Cloudy","Dry","Light","3.0","29.4","3328","169","30.7","29%","34.7","","Opened","7.363","35","Unsafe","Calm","6.5","44","17.2","16.0","996.9","1008.1"
"2026-08-14","20:38:52","Cloudy","Dry","Light","2.9","29.4","3328","178","30.7","29%","34.7","","Opened","7.316","35","Unsafe","Calm","6.6","44","17.1","15.9","997.0","1008.3"
"2026-08-14","20:39:03","Cloudy","Dry","Light","2.7","29.4","3328","185","30.7","29%","34.7","","Opened","7.552","35","Unsafe","Calm","6.4","44","17.2","15.8","996.9","1008.2"
"2026-08-14","20:39:12","Cloudy","Dry","Light","3.1","29.4","3328","193","30.7","29%","34.7","","Opened","7.340","35","Unsafe","Calm","6.5","44","17.1","16.2","996.9","1008.2"
"2026-08-14","20:39:22","Cloudy","Dry","Light","2.7","29.4","3328","201","30.7","29%","34.7","","Opened","7.334","35","Unsafe","Calm","6.4","44","17.2","15.8","996.9","1008.1"
"2026-08-14","20:39:32","Cloudy","Dry","Light","3.0","29.4","3328","211","30.7","29%","34.7","","Opened","7.280","35","Unsafe","Calm","5.8","44","17.1","16.1","996.9","1008.2"
"2026-08-14","20:39:42","Cloudy","Dry","Light","3.0","29.4","3328","221","30.7","29%","34.7","","Opened","7.366","35","Unsafe","Calm","5.2","44","17.2","16.1","997.1","1008.3"
"2026-08-14","20:39:52","Cloudy","Dry","Light","2.8","29.4","3328","230","30.7","29%","34.7","","Opened","7.324","35","Unsafe","Calm","5.2","44","17.1","15.8","996.9","1008.2"
"2026-08-14","20:40:03","Cloudy","Dry","Light","2.9","29.4","3328","240","30.7","29%","34.7","","Opened","7.455","35","Unsafe","Calm","5.5","44","17.2","15.9","996.9","1008.2"
"2026-08-14","20:40:12","Cloudy","Dry","Light","2.8","29.4","3328","250","30.7","29%","34.7","","Opened","7.385","35","Unsafe","Calm","5.1","44","17.2","15.8","997.0","1008.3"
"2026-08-14","20:40:22","Cloudy","Dry","Light","2.9","29.4","3328","261","30.7","29%","34.7","","Opened","7.337","35","Unsafe","Calm","5.2","44","17.2","15.9","996.9","1008.1"
"2026-08-14","20:40:32","Cloudy","Dry","Light","3.2","29.4","3328","273","30.6","29%","34.7","","Opened","7.289","35","Unsafe","Calm","5.7","44","17.2","16.2","996.9","1008.2"
"2026-08-14","20:40:42","Cloudy","Dry","Light","3.1","29.4","3328","283","30.6","29%","34.6","","Opened","7.373","35","Unsafe","Calm","5.7","45","17.2","16.1","996.9","1008.2"
"2026-08-14","20:40:52","Cloudy","Dry","Light","2.9","29.4","3328","295","30.6","29%","34.6","","Opened","7.208","35","Unsafe","Calm","5.7","45","17.2","15.9","996.9","1008.2"
"2026-08-14","20:41:03","Cloudy","Dry","Light","2.9","29.4","3328","309","30.7","29%","34.6","","Opened","7.442","35","Unsafe","Calm","5.5","45","17.2","15.9","996.9","1008.2"
"2026-08-14","20:41:12","Cloudy","Dry","Light","2.9","29.4","3328","320","30.6","29%","34.6","","Opened","7.362","35","Unsafe","Calm","5.9","44","17.1","15.9","996.9","1008.2"
"2026-08-14","20:41:22","Cloudy","Dry","Light","2.9","29.4","3328","335","30.6","29%","34.6","","Opened","7.332","35","Unsafe","Calm","6.1","44","17.2","15.9","996.9","1008.2"
"2026-08-14","20:41:32","Cloudy","Dry","Light","3.0","29.4","3328","349","30.6","29%","34.6","","Opened","7.291","35","Unsafe","Calm","6.2","45","17.2","16.0","996.9","1008.2"
"2026-08-14","20:41:42","Cloudy","Dry","Light","2.9","29.4","3328","361","30.6","29%","34.6","","Opened","7.371","35","Unsafe","Calm","5.9","45","17.2","15.9","997.0","1008.3"
"2026-08-14","20:41:52","Cloudy","Dry","Light","3.0","29.4","3328","378","30.6","29%","34.6","","Opened","7.337","35","Unsafe","Calm","6.2","45","17.2","16.0","996.9","1008.2"
"2026-08-14","20:42:03","Cloudy","Dry","Light","2.9","29.4","3328","390","30.6","29%","34.6","","Opened","7.473","35","Unsafe","Calm","6.4","45","17.2","15.9","997.0","1008.3"
"2026-08-14","20:42:12","Cloudy","Dry","Light","3.2","29.4","3328","406","30.6","29%","34.6","","Opened","7.369","35","Unsafe","Calm","6.5","45","17.2","16.2","997.0","1008.3"
"2026-08-14","20:42:22","Cloudy","Dry","Light","3.1","29.4","3328","425","30.6","29%","34.5","","Opened","7.325","35","Unsafe","Calm","6.5","45","17.2","16.1","996.9","1008.2"
"2026-08-14","20:42:32","Cloudy","Dry","Light","3.2","29.4","3328","441","30.6","29%","34.5","","Opened","7.286","35","Unsafe","Calm","6.2","45","17.2","16.1","996.9","1008.1"
"2026-08-14","20:42:42","Cloudy","Dry","Light","2.9","29.4","3328","460","30.6","29%","34.5","","Opened","7.364","35","Unsafe","Calm","6.4","45","17.2","15.9","996.9","1008.2"
"2026-08-14","20:42:52","Cloudy","Dry","Light","3.0","29.4","3328","474","30.6","29%","34.5","","Opened","7.342","35","Unsafe","Calm","6.2","45","17.2","16.0","997.0","1008.3"
"2026-08-14","20:43:03","Cloudy","Dry","Light","3.0","29.4","3328","492","30.6","29%","34.6","","Opened","7.457","35","Unsafe","Calm","6.2","44","17.2","16.0","996.9","1008.2"
"2026-08-14","20:43:12","Cloudy","Dry","Light","3.0","29.4","3328","514","30.6","29%","34.6","","Opened","7.384","35","Unsafe","Calm","5.8","45","17.2","16.0","997.1","1008.3"
"2026-08-14","20:43:22","Cloudy","Dry","Light","3.0","29.4","3328","535","30.6","29%","34.6","","Opened","7.362","35","Unsafe","Calm","5.7","45","17.2","16.0","997.0","1008.3"
"2026-08-14","20:43:32","Cloudy","Dry","Light","3.0","29.4","3328","553","30.6","29%","34.5","","Opened","7.360","35","Unsafe","Calm","5.5","45","17.2","16.0","996.9","1008.2"
"2026-08-14","20:43:42","Cloudy","Dry","Light","3.1","29.4","3328","574","30.6","29%","34.6","","Opened","7.345","35","Unsafe","Calm","5.7","45","17.2","16.0","997.0","1008.3"
"2026-08-14","20:43:52","Cloudy","Dry","Light","3.1","29.4","3328","595","30.6","29%","34.6","","Opened","7.298","35","Unsafe","Calm","5.7","45","17.2","16.1","996.9","1008.2"
"2026-08-14","20:44:03","Cloudy","Dry","Light","3.0","29.4","3328","614","30.6","29%","34.6","","Opened","7.555","35","Unsafe","Calm","5.8","45","17.1","15.9","997.1","1008.3"
"2026-08-14","20:44:12","Cloudy","Dry","Light","3.0","29.4","3328","643","30.6","29%","34.6","","Opened","7.356","35","Unsafe","Calm","5.9","45","17.2","16.0","996.9","1008.2"
"2026-08-14","20:44:22","Cloudy","Dry","Light","3.1","29.4","3328","660","30.6","29%","34.6","","Opened","7.306","35","Unsafe","Calm","5.8","45","17.2","16.0","997.0","1008.3"
"2026-08-14","20:44:32","Cloudy","Dry","Light","2.9","29.4","3328","688","30.6","29%","34.6","","Opened","7.381","35","Unsafe","Calm","5.7","44","17.1","15.9","997.0","1008.3"
"2026-08-14","20:44:42","Cloudy","Dry","Light","3.1","29.4","3328","718","30.6","29%","34.6","","Opened","7.350","35","Unsafe","Calm","5.4","44","17.1","16.1","996.9","1008.2"
"2026-08-14","20:44:52","Cloudy","Dry","Light","2.9","29.4","3328","740","30.6","29%","34.6","","Opened","7.304","35","Unsafe","Calm","5.1","44","17.2","15.9","996.9","1008.2"
"2026-08-14","20:45:03","Cloudy","Dry","Light","2.9","29.4","3328","774","30.6","29%","34.7","","Opened","7.546","35","Unsafe","Calm","5.0","44","17.1","15.9","997.0","1008.3"
"2026-08-14","20:45:12","Cloudy","Dry","Light","3.1","29.4","3328","799","30.6","29%","34.6","","Opened","7.340","35","Unsafe","Calm","4.8","45","17.2","16.0","997.0","1008.3"
"2026-08-14","20:45:22","Cloudy","Dry","Light","3.1","29.4","3328","825","30.6","29%","34.6","","Opened","7.291","35","Unsafe","Calm","5.1","44","17.1","16.0","997.0","1008.3"
"2026-08-14","20:45:32","Cloudy","Dry","Light","3.0","29.4","3328","868","30.6","29%","34.6","","Opened","7.410","35","Unsafe","Calm","5.1","44","17.1","16.0","997.0","1008.3"
"2026-08-14","20:45:42","Cloudy","Dry","Light","3.2","29.4","3328","899","30.6","29%","34.6","","Opened","7.354","35","Unsafe","Calm","5.2","44","17.1","16.1","996.9","1008.2"
"2026-08-14","20:45:52","Cloudy","Dry","Light","3.0","29.4","3328","932","30.6","29%","34.6","","Opened","7.303","35","Unsafe","Calm","5.7","44","17.1","16.0","997.0","1008.3"
"2026-08-14","20:46:03","Cloudy","Dry","Light","3.0","29.4","3328","958","30.6","29%","34.6","","Opened","7.543","35","Unsafe","Calm","5.8","44","17.1","16.0","996.9","1008.2"
"2026-08-14","20:46:12","Cloudy","Dry","Light","3.1","29.4","3328","1005","30.6","29%","34.6","","Opened","7.347","35","Unsafe","Calm","5.9","44","17.1","16.1","997.0","1008.3"
"2026-08-14","20:46:22","Cloudy","Dry","Light","3.1","29.4","3328","1046","30.6","29%","34.5","","Opened","7.303","35","Unsafe","Calm","5.9","44","17.1","16.1","997.0","1008.3"
"2026-08-14","20:46:32","Cloudy","Dry","Light","3.0","29.4","3328","1090","30.6","29%","34.5","","Opened","7.383","35","Unsafe","Calm","6.1","44","17.1","15.9","997.0","1008.3"
"2026-08-14","20:46:42","Cloudy","Dry","Light","3.0","29.5","3328","1113","30.6","29%","34.6","","Opened","7.342","35","Unsafe","Calm","6.5","44","17.1","16.0","997.0","1008.3"
"2026-08-14","20:46:52","Cloudy","Dry","Light","3.0","29.4","3328","1163","30.6","29%","34.6","","Opened","7.294","35","Unsafe","Calm","6.4","44","17.1","16.0","997.1","1008.3"
"2026-08-14","20:47:03","Cloudy","Dry","Light","3.0","29.4","3328","1189","30.6","29%","34.6","","Opened","7.595","35","Unsafe","Calm","6.2","44","17.1","16.0","997.0","1008.3"
"2026-08-14","20:47:12","Cloudy","Dry","Light","3.0","29.4","3328","1246","30.6","29%","34.6","","Opened","7.366","35","Unsafe","Calm","6.2","44","17.1","15.9","997.1","1008.3"
"2026-08-14","20:47:22","Cloudy","Dry","Light","3.0","29.4","3328","1276","30.6","29%","34.6","","Opened","7.321","35","Unsafe","Calm","6.2","44","17.0","15.9","997.0","1008.3"
"2026-08-14","20:47:32","Cloudy","Dry","Light","2.9","29.4","3328","1341","30.6","29%","34.6","","Opened","7.273","35","Unsafe","Calm","6.2","44","17.1","15.9","997.1","1008.3"
"2026-08-14","20:47:42","Cloudy","Dry","Light","3.0","29.4","3328","1413","30.6","29%","34.6","","Opened","7.357","35","Unsafe","Calm","5.9","44","17.0","16.0","997.0","1008.3"
"2026-08-14","20:47:52","Cloudy","Dry","Light","2.9","29.4","3328","1452","30.6","29%","34.6","","Opened","7.310","35","Unsafe","Calm","5.8","44","17.1","15.9","997.1","1008.3"
"2026-08-14","20:48:03","Cloudy","Dry","Light","2.9","29.4","3328","1492","30.6","29%","34.6","","Opened","7.557","35","Unsafe","Calm","5.9","44","17.1","15.9","997.0","1008.3"
"2026-08-14","20:48:12","Cloudy","Dry","Light","2.9","29.4","3328","1535","30.6","29%","34.6","","Opened","7.347","35","Unsafe","Calm","5.8","44","17.0","15.9","997.0","1008.3"
"2026-08-14","20:48:22","Cloudy","Dry","Light","2.8","29.4","3328","1629","30.6","29%","34.7","","Opened","7.361","35","Unsafe","Calm","5.7","44","17.0","15.8","997.1","1008.3"
"2026-08-14","20:48:32","Cloudy","Dry","Light","2.8","29.4","3328","1680","30.6","29%","34.7","","Opened","7.320","35","Unsafe","Calm","5.8","44","17.0","15.8","997.0","1008.3"
"2026-08-14","20:48:42","Cloudy","Dry","Light","3.0","29.4","3328","1734","30.6","29%","34.6","","Opened","7.266","35","Unsafe","Calm","5.7","44","17.1","16.0","997.0","1008.3"
"2026-08-14","20:48:52","Cloudy","Dry","Light","2.9","29.4","3328","1792","30.6","29%","34.6","","Opened","7.347","35","Unsafe","Calm","5.8","44","17.1","15.9","997.0","1008.3"
"2026-08-14","20:49:03","Cloudy","Dry","Light","2.8","29.4","3328","1854","30.6","29%","34.7","","Opened","7.462","35","Unsafe","Calm","5.4","44","17.0","15.8","997.0","1008.3"
"2026-08-14","20:49:12","Cloudy","Dry","Light","2.9","29.4","3328","1919","30.6","29%","34.7","","Opened","7.379","35","Unsafe","Calm","4.5","44","17.0","15.8","997.0","1008.3"
"2026-08-14","20:49:22","Cloudy","Dry","Light","2.9","29.3","3328","1990","30.6","29%","34.7","","Opened","7.336","35","Unsafe","Calm","4.3","44","17.0","15.8","997.1","1008.3"
"2026-08-14","20:49:32","Cloudy","Dry","Light","2.8","29.3","3328","2066","30.6","29%","34.8","","Opened","7.292","35","Unsafe","Calm","3.9","44","17.0","15.8","996.9","1008.1"
"2026-08-14","20:49:42","Cloudy","Dry","Light","3.0","29.3","3328","2147","30.6","29%","34.8","","Opened","7.370","35","Unsafe","Calm","3.9","44","17.0","16.0","997.1","1008.3"
"2026-08-14","20:49:52","Cloudy","Dry","Light","2.8","29.3","3328","2236","30.6","29%","34.8","","Opened","7.333","35","Unsafe","Calm","3.8","44","17.0","15.8","997.0","1008.3"
"2026-08-14","20:50:03","Cloudy","Dry","Light","2.9","29.3","3328","2331","30.6","29%","34.8","","Opened","7.447","35","Unsafe","Calm","3.1","44","17.0","15.9","997.1","1008.3"
"2026-08-14","20:50:12","Cloudy","Dry","Light","2.9","29.3","3328","2435","30.6","29%","34.7","","Opened","7.370","35","Unsafe","Calm","3.9","44","17.0","15.9","997.1","1008.3"
"2026-08-14","20:50:22","Cloudy","Dry","Light","2.9","29.3","3328","2435","30.6","29%","34.7","","Opened","7.336","35","Unsafe","Calm","3.9","44","17.0","15.9","997.0","1008.3"
"2026-08-14","20:50:32","Cloudy","Dry","Light","2.8","29.3","3328","2548","30.6","29%","34.7","","Opened","7.290","35","Unsafe","Calm","3.9","44","16.9","15.8","997.0","1008.3"
"2026-08-14","20:50:42","Cloudy","Dry","Light","2.7","29.3","3328","2672","30.6","29%","34.7","","Opened","7.374","35","Unsafe","Calm","3.0","44","16.9","15.7","997.0","1008.3"
"2026-08-14","20:50:52","Cloudy","Dry","Light","2.9","29.3","3328","2672","30.6","29%","34.8","","Opened","7.336","35","Unsafe","Calm","3.0","44","16.9","15.9","997.0","1008.3"
"2026-08-14","20:51:03","Cloudy","Dry","Light","2.8","29.3","3328","2808","30.5","29%","34.8","Heating DOWN","Opened","7.604","35","Unsafe","Calm","3.0","44","16.9","15.7","996.9","1008.2"
"2026-08-14","20:51:12","Cloudy","Dry","Light","3.1","29.3","3328","2959","30.6","28%","34.8","","Opened","7.337","35","Unsafe","Calm","3.1","44","16.9","16.0","997.0","1008.3"
"2026-08-14","20:51:22","Cloudy","Dry","Light","2.9","29.3","3328","3127","30.5","28%","34.7","","Opened","7.306","35","Unsafe","Calm","3.3","44","16.9","15.8","997.1","1008.3"
"2026-08-14","20:51:32","Cloudy","Dry","Light","2.9","29.3","3328","3127","30.5","28%","34.7","","Opened","7.391","35","Unsafe","Calm","3.7","44","16.9","15.8","997.0","1008.3"
"2026-08-14","20:51:42","Cloudy","Dry","Light","2.8","29.3","3328","3314","30.6","28%","34.6","","Opened","7.347","35","Unsafe","Calm","4.5","44","16.9","15.8","997.0","1008.3"
"2026-08-14","20:51:52","Cloudy","Dry","Light","2.9","29.2","3328","3314","30.5","28%","34.6","","Opened","7.296","35","Unsafe","Calm","3.7","44","16.8","15.8","997.0","1008.3"
"2026-08-14","20:52:03","Cloudy","Dry","Light","2.9","29.3","3328","3525","30.5","28%","34.7","","Opened","7.628","35","Unsafe","Calm","4.6","44","16.8","15.9","997.0","1008.3"
"2026-08-14","20:52:12","Cloudy","Dry","Light","2.9","29.3","3328","3763","30.5","28%","34.6","","Opened","7.373","35","Unsafe","Calm","4.6","44","16.8","15.8","996.9","1008.2"
"2026-08-14","20:52:22","Cloudy","Dry","Light","2.8","29.2","3328","3763","30.5","28%","34.6","","Opened","7.347","35","Unsafe","Calm","4.5","44","16.8","15.8","997.0","1008.3"
"2026-08-14","20:52:32","Cloudy","Dry","Light","2.8","29.2","3328","4036","30.5","28%","34.6","","Opened","7.308","35","Unsafe","Calm","4.2","44","16.8","15.7","997.1","1008.3"
"2026-08-14","20:52:42","Cloudy","Dry","Light","2.7","29.2","3328","4351","30.5","28%","34.6","","Opened","7.393","35","Unsafe","Calm","4.0","44","16.8","15.7","997.1","1008.3"
"2026-08-14","20:52:52","Cloudy","Dry","Light","2.9","29.2","3328","4351","30.5","28%","34.6","","Opened","7.350","35","Unsafe","Calm","4.7","44","16.8","15.9","997.0","1008.3"
"2026-08-14","20:53:03","Cloudy","Dry","Light","2.9","29.2","3328","4351","30.5","28%","34.6","","Opened","7.466","35","Unsafe","Calm","4.8","44","16.8","15.9","997.1","1008.3"
"2026-08-14","20:53:12","Cloudy","Dry","Light","2.8","29.2","3328","4351","30.5","28%","34.6","","Opened","7.283","35","Unsafe","Calm","4.7","44","16.8","15.7","997.1","1008.3"
"2026-08-14","20:53:22","Cloudy","Dry","Light","2.8","29.2","3328","4718","30.5","28%","34.6","","Opened","7.391","35","Unsafe","Calm","4.5","44","16.7","15.7","997.0","1008.3"
"2026-08-14","20:53:32","Cloudy","Dry","Light","2.9","29.2","3328","4718","30.5","28%","34.6","","Opened","7.360","35","Unsafe","Calm","4.8","44","16.7","15.8","997.0","1008.3"
"2026-08-14","20:53:42","Cloudy","Dry","Dark","3.0","29.2","3328","5152","30.5","28%","34.6","","Opened","7.355","35","Unsafe","Calm","5.1","44","16.7","15.9","997.0","1008.3"
"2026-08-14","20:53:52","Cloudy","Dry","Dark","3.0","29.2","3328","5152","30.5","28%","34.5","","Opened","7.305","35","Unsafe","Calm","5.5","44","16.8","15.9","997.0","1008.3"
"2026-08-14","20:54:03","Cloudy","Dry","Dark","2.8","29.2","3328","5673","30.5","28%","34.5","","Opened","7.546","35","Unsafe","Calm","5.1","44","16.7","15.7","997.0","1008.3"
"2026-08-14","20:54:12","Cloudy","Dry","Dark","2.7","29.2","3328","5673","30.5","28%","34.6","","Opened","7.333","35","Unsafe","Calm","4.3","43","16.7","15.7","997.0","1008.3"
"2026-08-14","20:54:22","Cloudy","Dry","Dark","2.9","29.2","3328","5673","30.5","28%","34.6","","Opened","7.290","35","Unsafe","Calm","4.5","43","16.7","15.8","997.1","1008.3"
"2026-08-14","20:54:32","Cloudy","Dry","Dark","2.9","29.2","3328","6309","30.5","28%","34.6","","Opened","7.378","35","Unsafe","Calm","4.0","44","16.7","15.8","997.0","1008.3"
"2026-08-14","20:54:42","Cloudy","Dry","Dark","2.9","29.1","3328","6309","30.5","28%","34.6","","Opened","7.357","35","Unsafe","Calm","3.8","44","16.7","15.8","997.1","1008.3"
"2026-08-14","20:54:52","Cloudy","Dry","Dark","2.8","29.1","3328","6309","30.5","28%","34.6","","Opened","7.337","35","Unsafe","Calm","3.6","44","16.7","15.7","997.1","1008.3"
"2026-08-14","20:55:03","Cloudy","Dry","Dark","2.8","29.1","3328","6309","30.5","28%","34.6","","Opened","7.454","35","Unsafe","Calm","3.9","44","16.8","15.8","996.9","1008.2"
"2026-08-14","20:55:12","Cloudy","Dry","Dark","2.9","29.1","3328","7105","30.5","28%","34.6","","Opened","7.384","35","Unsafe","Calm","4.7","44","16.8","15.8","996.9","1008.2"
"2026-08-14","20:55:22","Cloudy","Dry","Dark","2.8","29.1","3328","7105","30.5","28%","34.6","","Opened","7.345","35","Unsafe","Calm","4.5","44","16.8","15.7","997.1","1008.3"
"2026-08-14","20:55:32","Cloudy","Dry","Dark","3.0","29.1","3328","7105","30.5","28%","34.6","","Opened","7.310","35","Unsafe","Calm","5.1","44","16.8","15.9","997.0","1008.3"
"2026-08-14","20:55:42","Cloudy","Dry","Dark","2.8","29.1","3328","8128","30.5","28%","34.6","","Opened","7.396","35","Unsafe","Calm","5.4","44","16.8","15.7","997.0","1008.3"
"2026-08-14","20:55:52","Cloudy","Dry","Dark","2.9","29.1","3328","8128","30.5","28%","34.6","","Opened","7.230","35","Unsafe","Calm","5.4","44","16.8","15.9","996.9","1008.2"
"2026-08-14","20:56:03","Cloudy","Dry","Dark","2.9","29.1","3328","8128","30.5","28%","34.5","","Opened","7.498","35","Unsafe","Calm","5.2","44","16.8","15.8","996.9","1008.2"
"2026-08-14","20:56:12","Cloudy","Dry","Dark","2.8","29.1","3328","8128","30.5","28%","34.5","","Opened","7.338","35","Unsafe","Calm","5.1","44","16.8","15.7","996.9","1008.2"
"2026-08-14","20:56:22","Cloudy","Dry","Dark","2.8","29.1","3328","9492","30.4","28%","34.6","","Opened","7.354","35","Unsafe","Calm","5.1","44","16.8","15.7","996.9","1008.2"
"2026-08-14","20:56:32","Cloudy","Dry","Dark","2.8","29.1","3328","9492","30.5","28%","34.6","","Opened","7.314","35","Unsafe","Calm","4.5","44","16.8","15.7","996.9","1008.2"
"2026-08-14","20:56:42","Cloudy","Dry","Dark","2.9","29.1","3328","9492","30.5","28%","34.6","","Opened","7.268","35","Unsafe","Calm","4.3","44","16.8","15.8","997.0","1008.3"
"2026-08-14","20:56:52","Cloudy","Dry","Dark","2.9","29.1","3328","9492","30.4","28%","34.6","","Opened","7.359","35","Unsafe","Calm","4.0","44","16.8","15.8","997.0","1008.3"
"2026-08-14","20:57:03","Cloudy","Dry","Dark","2.7","29.1","3328","9492","30.5","28%","34.6","","Opened","7.607","35","Unsafe","Calm","4.0","44","16.8","15.6","997.0","1008.3"
"2026-08-14","20:57:12","Cloudy","Dry","Dark","2.8","29.1","3328","9492","30.5","28%","34.6","","Opened","7.353","35","Unsafe","Calm","4.1","44","16.8","15.7","997.0","1008.3"
"2026-08-14","20:57:22","Cloudy","Dry","Dark","2.9","29.1","3328","11402","30.4","28%","34.6","","Opened","7.346","35","Unsafe","Calm","4.1","44","16.8","15.8","996.9","1008.2"
"2026-08-14","20:57:32","Cloudy","Dry","Dark","2.8","29.1","3328","11402","30.4","28%","34.6","","Opened","7.311","35","Unsafe","Calm","4.4","44","16.8","15.7","997.0","1008.3"
"2026-08-14","20:57:42","Cloudy","Dry","Dark","2.7","29.1","3328","11402","30.4","28%","34.6","","Opened","7.391","35","Unsafe","Calm","4.4","44","16.8","15.6","996.9","1008.2"
"2026-08-14","20:57:52","Cloudy","Dry","Dark","2.7","29.1","3328","11402","30.4","28%","34.6","","Opened","7.349","35","Unsafe","Calm","3.8","44","16.8","15.6","997.1","1008.3"
"2026-08-14","20:58:03","Cloudy","Dry","Dark","2.8","29.1","3328","11402","30.5","28%","34.6","","Opened","7.460","35","Unsafe","Calm","3.0","44","16.8","15.7","997.0","1008.3"
"2026-08-14","20:58:12","Cloudy","Dry","Dark","2.7","29.0","3328","14266","30.4","28%","34.6","","Opened","7.391","35","Unsafe","Calm","2.8","44","16.8","15.6","996.9","1008.2"
"2026-08-14","20:58:22","Cloudy","Dry","Dark","2.8","29.0","3328","14266","30.4","28%","34.6","","Opened","7.354","35","Unsafe","Calm","2.2","44","16.8","15.7","997.0","1008.3"
"2026-08-14","20:58:32","Cloudy","Dry","Dark","2.8","29.0","3328","14266","30.5","28%","34.6","","Opened","7.311","35","Unsafe","Calm","1.3","44","16.8","15.7","996.9","1008.2"
"2026-08-14","20:58:42","Cloudy","Dry","Dark","2.8","29.0","3328","14266","30.4","28%","34.6","","Opened","7.288","35","Safe","Calm","1.3","44","16.8","15.7","997.1","1008.3"
"2026-08-14","20:58:52","Cloudy","Dry","Dark","2.8","29.0","3328","14266","30.4","28%","34.6","","Opened","7.348","35","Safe","Calm","1.3","44","16.8","15.6","996.9","1008.2"
"2026-08-14","20:59:03","Cloudy","Dry","Dark","2.6","29.0","3328","14266","30.4","28%","34.6","","Opened","7.472","35","Safe","Calm","1.3","44","16.8","15.5","996.9","1008.2"
"2026-08-14","20:59:12","Cloudy","Dry","Dark","2.6","29.0","3328","14266","30.4","28%","34.7","","Opened","7.382","35","Safe","Calm","0.6","44","16.8","15.5","996.9","1008.2"
"2026-08-14","20:59:23","Cloudy","Dry","Dark","2.6","29.0","3328","19040","30.4","28%","34.7","Heating DOWN","Opened","7.471","35","Safe","Calm","0.6","44","16.8","15.5","997.0","1008.3"
"2026-08-14","20:59:33","Cloudy","Dry","Dark","2.9","29.0","3328","14266","30.4","27%","34.7","Heating DOWN","Opened","7.475","35","Safe","Calm","1.3","44","16.8","15.7","996.9","1008.2"
"2026-08-14","20:59:43","Cloudy","Dry","Dark","2.7","29.0","3328","19040","30.4","26%","34.7","Heating DOWN","Opened","7.487","35","Safe","Calm","0.6","44","16.8","15.6","997.0","1008.3"
"2026-08-14","20:59:53","Cloudy","Dry","Dark","2.7","29.0","3328","19040","30.4","25%","34.7","Heating DOWN","Opened","7.492","35","Safe","Calm","0.6","44","16.8","15.6","996.9","1008.2"
"2026-08-14","21:00:03","Cloudy","Dry","Dark","2.7","28.9","3328","19040","30.4","24%","34.7","Heating DOWN","Opened","7.685","35","Safe","Calm","0.6","44","16.8","15.6","997.0","1008.3"
"2026-08-14","21:00:13","Cloudy","Dry","Dark","2.7","28.9","3328","19040","30.4","23%","34.7","Heating DOWN","Opened","7.509","35","Safe","Calm","0.6","44","16.8","15.6","997.0","1008.3"
"2026-08-14","21:00:23","Cloudy","Dry","Dark","2.9","28.9","3328","19040","30.4","22%","34.7","Heating DOWN","Opened","7.501","35","Safe","Calm","1.4","44","16.8","15.7","997.0","1008.3"
"2026-08-14","21:00:32","Cloudy","Dry","Dark","2.8","29.0","3328","19040","30.4","21%","34.5","","Opened","7.395","35","Safe","Calm","1.6","44","16.9","15.7","997.0","1008.3"
"2026-08-14","21:00:42","Cloudy","Dry","Dark","2.8","28.9","3328","19040","30.4","21%","34.5","","Opened","7.358","35","Safe","Calm","2.5","44","16.9","15.7","997.0","1008.3"
"2026-08-14","21:00:52","Cloudy","Dry","Dark","2.8","29.0","3328","19040","30.4","21%","34.3","","Opened","7.371","35","Safe","Calm","3.4","44","16.9","15.7","996.9","1008.1"
"2026-08-14","21:01:03","Cloudy","Dry","Dark","2.8","29.0","3328","28588","30.4","21%","34.3","","Opened","7.514","35","Safe","Calm","4.2","44","16.9","15.7","996.9","1008.2"
"2026-08-14","21:01:12","Cloudy","Dry","Dark","2.7","29.0","3328","19040","30.4","21%","34.2","","Opened","7.313","35","Safe","Calm","5.0","44","16.9","15.6","997.0","1008.3"
"2026-08-14","21:01:22","Cloudy","Dry","Dark","2.7","28.9","3328","28588","30.4","21%","34.2","","Opened","7.270","35","Safe","Calm","4.2","44","16.8","15.5","997.0","1008.3"
"2026-08-14","21:01:33","Cloudy","Dry","Dark","2.6","28.9","3328","28588","30.4","21%","34.1","Heating UP","Opened","7.484","35","Safe","Calm","3.4","44","16.9","15.4","996.9","1008.2"
"2026-08-14","21:01:42","Cloudy","Dry","Dark","2.7","28.9","3328","28588","30.4","22%","34.2","","Opened","7.360","35","Safe","Calm","2.5","44","16.8","15.6","996.9","1008.2"
"2026-08-14","21:01:53","Cloudy","Dry","Dark","2.7","28.9","3328","28588","30.4","22%","34.1","Heating UP","Opened","7.452","35","Safe","Calm","1.6","44","16.8","15.6","997.0","1008.3"
"2026-08-14","21:02:03","Cloudy","Dry","Dark","2.7","28.9","3328","28588","30.4","23%","34.1","Heating UP","Opened","7.672","35","Safe","Calm","0.8","44","16.8","15.6","997.0","1008.3"
"2026-08-14","21:02:12","Cloudy","Dry","Dark","2.7","28.9","3328","28588","30.4","24%","34.1","","Opened","7.328","35","Safe","Calm","0.0","44","16.8","15.5","996.9","1008.2"
"2026-08-14","21:02:22","Cloudy","Dry","Dark","2.7","28.8","3328","28588","30.4","24%","34.1","Heating UP","Opened","7.414","35","Safe","Calm","0.0","44","16.9","15.5","997.0","1008.3"
"2026-08-14","21:02:33","Cloudy","Dry","Dark","2.6","28.8","3328","28588","30.4","25%","34.1","Heating UP","Opened","7.423","35","Safe","Calm","0.0","44","16.8","15.5","996.9","1008.2"
"2026-08-14","21:02:42","Cloudy","Dry","Dark","2.7","28.8","3328","28588","30.3","26%","34.1","","Opened","7.292","35","Safe","Calm","0.0","44","16.7","15.6","996.9","1008.2"
"2026-08-14","21:02:53","Cloudy","Dry","Dark","2.8","28.8","3328","28588","30.4","26%","34.1","Heating UP","Opened","7.500","35","Safe","Calm","0.0","44","16.9","15.6","996.9","1008.2"
"2026-08-14","21:03:03","Cloudy","Dry","Dark","2.7","28.8","3328","28588","30.4","27%","34.1","","Opened","7.536","35","Safe","Calm","0.0","44","16.9","15.5","997.0","1008.3"
"2026-08-14","21:03:12","Cloudy","Dry","Dark","2.7","28.8","3328","28588","30.3","27%","34.1","","Opened","7.354","35","Safe","Calm","0.6","44","16.9","15.5","997.0","1008.3"
"2026-08-14","21:03:22","Cloudy","Dry","Dark","2.8","28.8","3328","28588","30.3","27%","34.2","","Opened","7.357","35","Safe","Calm","0.6","44","16.9","15.6","997.0","1008.3"
"2026-08-14","21:03:32","Cloudy","Dry","Dark","2.7","28.8","3328","28588","30.3","27%","34.2","","Opened","7.323","35","Safe","Calm","0.6","44","16.9","15.5","996.9","1008.2"
"2026-08-14","21:03:42","Cloudy","Dry","Dark","2.7","28.8","3328","28588","30.3","27%","34.2","","Opened","7.283","35","Safe","Calm","0.6","44","16.9","15.5","997.0","1008.3"
"2026-08-14","21:03:52","Cloudy","Dry","Dark","2.7","28.7","3328","57232","30.3","27%","34.3","","Opened","7.371","35","Safe","Calm","0.6","44","16.8","15.5","997.0","1008.3"
"2026-08-14","21:04:03","Cloudy","Dry","Dark","2.7","28.7","3328","57232","30.3","27%","34.3","","Opened","7.493","35","Safe","Calm","0.6","44","16.8","15.6","997.0","1008.3"
"2026-08-14","21:04:12","Cloudy","Dry","Dark","2.7","28.7","3328","57232","30.3","27%","34.3","","Opened","7.296","35","Safe","Calm","0.0","44","16.8","15.5","997.0","1008.3"
"2026-08-14","21:04:22","Cloudy","Dry","Dark","2.7","28.7","3328","57232","30.3","27%","34.4","","Opened","7.387","35","Safe","Calm","0.0","44","16.8","15.5","996.9","1008.2"
"2026-08-14","21:04:33","Cloudy","Dry","Dark","2.8","28.7","3328","57232","30.3","27%","34.3","","Opened","7.460","35","Safe","Calm","0.6","44","16.9","15.6","997.1","1008.3"
"2026-08-14","21:04:42","Cloudy","Dry","Dark","2.8","28.7","3328","57232","30.3","27%","34.3","","Opened","7.043","35","Safe","Calm","1.6","44","16.9","15.6","997.1","1008.3"
"2026-08-14","21:04:52","Clear","Dry","Dark","2.7","28.7","3328","57232","30.3","27%","34.3","","Opened","6.872","35","Safe","Calm","2.3","45","17.0","15.5","997.1","1008.3"
"2026-08-14","21:05:02","Clear","Dry","Dark","2.7","28.7","3328","57232","30.3","27%","34.3","","Opened","7.276","35","Safe","Calm","3.0","45","16.9","15.5","996.9","1008.2"
"2026-08-14","21:05:12","Clear","Dry","Dark","2.7","28.7","3328","57232","30.3","27%","34.3","","Opened","7.322","35","Safe","Calm","3.0","45","16.9","15.6","997.1","1008.3"
"2026-08-14","21:05:22","Clear","Dry","Dark","2.6","28.7","3328","57232","30.3","27%","34.3","","Opened","7.273","35","Safe","Calm","3.6","45","16.9","15.5","997.0","1008.3"
"2026-08-14","21:05:32","Clear","Dry","Dark","3.0","28.7","3328","57232","30.3","27%","34.3","","Opened","7.360","35","Safe","Calm","3.6","45","16.9","15.8","997.1","1008.3"
"2026-08-14","21:05:42","Clear","Dry","Dark","2.7","28.7","3328","57232","30.3","27%","34.3","","Opened","7.361","35","Safe","Calm","3.3","45","16.9","15.6","997.0","1008.3"
"2026-08-14","21:05:52","Clear","Dry","Dark","2.7","28.7","3328","57232","30.3","27%","34.3","","Opened","7.317","35","Safe","Calm","2.6","45","16.9","15.5","997.1","1008.3"
"2026-08-14","21:06:03","Clear","Dry","Dark","2.7","28.7","3328","57232","30.3","27%","34.3","","Opened","7.468","35","Safe","Calm","1.9","45","16.9","15.5","997.0","1008.3"
"2026-08-14","21:06:12","Clear","Dry","Dark","2.7","28.7","3328","57232","30.2","27%","34.3","","Opened","7.391","35","Safe","Calm","1.9","45","16.9","15.5","997.1","1008.4"
"2026-08-14","21:06:22","Clear","Dry","Dark","2.8","28.6","3328","57232","30.2","27%","34.3","","Opened","7.350","35","Safe","Calm","1.3","45","16.9","15.6","997.0","1008.3"
"2026-08-14","21:06:32","Clear","Dry","Dark","2.7","28.6","3328","57232","30.2","27%","34.3","","Opened","7.310","35","Safe","Calm","0.6","45","16.9","15.5","997.0","1008.3"
"2026-08-14","21:06:42","Clear","Dry","Dark","2.7","28.6","3328","57232","30.2","27%","34.4","","Opened","7.389","35","Safe","Calm","0.0","45","16.9","15.5","997.1","1008.3"
"2026-08-14","21:06:52","Clear","Dry","Dark","2.6","28.6","3328","57232","30.3","27%","34.5","","Opened","7.340","35","Safe","Calm","0.0","45","16.9","15.4","997.0","1008.3"
"2026-08-14","21:07:03","Clear","Dry","Dark","2.8","28.6","3328","57232","30.2","27%","34.5","","Opened","7.516","35","Safe","Calm","0.0","45","16.9","15.6","997.1","1008.3"
"2026-08-14","21:07:12","Clear","Dry","Dark","2.8","28.6","3328","57232","30.2","27%","34.4","","Opened","7.385","35","Safe","Calm","0.0","45","17.0","15.6","997.1","1008.3"
"2026-08-14","21:07:22","Clear","Dry","Dark","2.8","28.6","3328","57232","30.2","27%","34.4","","Opened","7.338","35","Safe","Calm","0.0","45","17.0","15.6","997.1","1008.4"
"2026-08-14","21:07:32","Clear","Dry","Dark","2.8","28.6","3328","57232","30.2","27%","34.4","","Opened","7.291","35","Safe","Calm","0.0","45","16.9","15.6","997.0","1008.3"
"2026-08-14","21:07:42","Clear","Dry","Dark","2.7","28.6","3328","57232","30.2","27%","34.4","","Opened","7.372","35","Safe","Calm","0.0","45","16.9","15.5","997.1","1008.3"
"2026-08-14","21:07:52","Clear","Dry","Dark","2.8","28.6","3328","57232","30.2","27%","34.4","","Opened","7.337","35","Safe","Calm","0.0","45","16.9","15.6","997.0","1008.3"
"2026-08-14","21:08:03","Clear","Dry","Dark","2.7","28.6","3328","57232","30.2","27%","34.4","","Opened","7.467","35","Safe","Calm","0.0","45","16.9","15.5","997.1","1008.3"
"2026-08-14","21:08:12","Clear","Dry","Dark","2.9","28.6","3328","57232","30.2","27%","34.4","","Opened","7.390","35","Safe","Calm","0.0","45","16.9","15.7","997.1","1008.4"
"2026-08-14","21:08:22","Clear","Dry","Dark","2.8","28.6","3328","57232","30.2","27%","34.4","","Opened","7.343","35","Safe","Calm","0.0","45","16.9","15.6","997.1","1008.3"
"2026-08-14","21:08:32","Clear","Dry","Dark","2.8","28.6","3328","57232","30.2","27%","34.4","","Opened","7.309","35","Safe","Calm","0.0","45","17.0","15.6","997.1","1008.3"
"2026-08-14","21:08:42","Clear","Dry","Dark","2.8","28.6","3328","57232","30.2","27%","34.4","","Opened","7.393","35","Safe","Calm","0.0","45","17.0","15.6","997.2","1008.5"
"2026-08-14","21:08:52","Clear","Dry","Dark","2.8","28.6","3328","57232","30.2","27%","34.4","","Opened","7.348","35","Safe","Calm","0.0","45","17.0","15.6","997.1","1008.3"
"2026-08-14","21:09:03","Clear","Dry","Dark","2.8","28.6","3328","57232","30.2","27%","34.4","","Opened","7.463","35","Safe","Calm","0.0","45","17.0","15.6","997.0","1008.3"
"2026-08-14","21:09:12","Clear","Dry","Dark","2.8","28.6","3328","57232","30.2","27%","34.4","","Opened","7.380","35","Safe","Calm","0.0","45","17.0","15.5","997.0","1008.3"
"2026-08-14","21:09:22","Clear","Dry","Dark","2.8","28.6","3328","57232","30.2","27%","34.4","","Opened","7.352","35","Safe","Calm","0.0","45","16.9","15.6","997.0","1008.3"
"2026-08-14","21:09:32","Clear","Dry","Dark","2.9","28.6","3328","57232","30.2","27%","34.4","","Opened","7.311","35","Safe","Calm","0.0","45","16.9","15.7","997.0","1008.3"
"2026-08-14","21:09:42","Clear","Dry","Dark","2.9","28.6","3328","57232","30.2","27%","34.4","","Opened","7.391","35","Safe","Calm","0.0","45","17.0","15.7","997.1","1008.4"
"2026-08-14","21:09:53","Clear","Dry","Dark","2.8","28.6","3328","57232","30.2","27%","34.5","Heating DOWN","Opened","7.500","35","Safe","Calm","0.6","45","16.9","15.6","997.1","1008.3"
"2026-08-14","21:10:03","Clear","Dry","Dark","2.8","28.6","3328","57232","30.2","26%","34.4","","Opened","7.538","35","Safe","Calm","1.3","45","17.0","15.5","997.1","1008.3"
"2026-08-14","21:10:12","Clear","Dry","Dark","2.8","28.6","3328","57232","30.2","26%","34.4","","Opened","7.341","35","Safe","Calm","1.9","45","17.0","15.6","997.1","1008.4"
"2026-08-14","21:10:22","Clear","Dry","Dark","3.0","28.6","3328","57232","30.2","26%","34.4","","Opened","7.308","35","Safe","Calm","2.7","45","17.0","15.8","997.2","1008.5"
"2026-08-14","21:10:32","Clear","Dry","Dark","2.9","28.6","3328","57232","30.2","26%","34.3","","Opened","7.388","35","Safe","Calm","3.5","45","17.1","15.7","997.1","1008.3"
"2026-08-14","21:10:42","Cloudy","Dry","Dark","3.0","28.7","3328","57232","30.2","26%","34.3","","Opened","7.340","35","Safe","Calm","4.4","45","17.0","15.8","997.1","1008.4"
"2026-08-14","21:10:52","Clear","Dry","Dark","2.8","28.7","3328","57232","30.2","26%","34.3","","Opened","7.291","35","Safe","Calm","3.8","45","17.0","15.6","997.1","1008.3"
"2026-08-14","21:11:03","Clear","Dry","Dark","3.0","28.7","3328","57232","30.2","26%","34.3","","Opened","7.540","35","Safe","Calm","3.8","45","17.0","15.7","997.1","1008.3"
"2026-08-14","21:11:12","Clear","Dry","Dark","2.8","28.7","3328","57232","30.2","26%","34.2","","Opened","7.340","35","Safe","Calm","3.1","45","17.1","15.5","997.1","1008.4"
"2026-08-14","21:11:22","Clear","Dry","Dark","3.0","28.7","3328","57232","30.2","26%","34.2","","Opened","7.296","35","Safe","Calm","3.0","45","17.1","15.8","997.1","1008.3"
"2026-08-14","21:11:32","Clear","Dry","Dark","2.8","28.7","3328","57232","30.2","26%","34.2","","Opened","7.384","35","Safe","Calm","2.2","45","17.1","15.6","997.1","1008.3"
"2026-08-14","21:11:42","Clear","Dry","Dark","2.8","28.7","3328","57232","30.2","26%","34.3","","Opened","7.329","35","Safe","Calm","1.3","45","17.1","15.5","997.1","1008.4"
"2026-08-14","21:11:52","Clear","Dry","Dark","2.8","28.7","3328","57232","30.2","26%","34.3","","Opened","7.284","35","Safe","Calm","1.3","45","17.0","15.6","997.1","1008.3"
"2026-08-14","21:12:02","Clear","Dry","Dark","2.9","28.7","3328","57232","30.2","26%","34.3","","Opened","7.397","35","Safe","Calm","0.6","45","17.0","15.7","997.1","1008.4"
"2026-08-14","21:12:12","Cloudy","Dry","Dark","3.0","28.7","3328","57232","30.2","26%","34.3","","Opened","7.326","35","Safe","Calm","1.3","45","17.1","15.8","997.1","1008.4"
"2026-08-14","21:12:22","Clear","Dry","Dark","2.9","28.7","3328","57232","30.2","26%","34.2","","Opened","7.291","35","Safe","Calm","1.3","45","17.1","15.7","997.1","1008.4"
"2026-08-14","21:12:32","Clear","Dry","Dark","2.9","28.7","3328","57232","30.2","26%","34.2","","Opened","7.373","35","Safe","Calm","1.9","45","17.1","15.7","997.1","1008.4"
"2026-08-14","21:12:42","Clear","Dry","Dark","2.9","28.7","3328","57232","30.2","26%","34.2","","Opened","7.319","35","Safe","Calm","2.6","45","17.1","15.7","997.1","1008.3"
"2026-08-14","21:12:52","Cloudy","Dry","Dark","3.0","28.8","3328","57232","30.2","26%","34.2","","Opened","7.291","35","Safe","Calm","3.2","45","17.1","15.8","997.1","1008.4"
"2026-08-14","21:13:03","Clear","Dry","Dark","3.0","28.7","3328","57232","30.2","26%","34.2","","Opened","7.540","35","Safe","Calm","3.8","45","17.1","15.7","997.1","1008.3"
"2026-08-14","21:13:12","Clear","Dry","Dark","2.8","28.7","3328","57232","30.2","26%","34.2","","Opened","7.336","35","Safe","Calm","3.8","45","17.1","15.6","997.1","1008.4"
"2026-08-14","21:13:22","Clear","Dry","Dark","2.7","28.8","3328","57232","30.2","26%","34.2","","Opened","7.297","35","Safe","Calm","3.2","46","17.1","15.5","997.2","1008.5"
"2026-08-14","21:13:32","Clear","Dry","Dark","2.7","28.7","3328","57232","30.2","26%","34.2","","Opened","7.369","35","Safe","Calm","2.6","45","17.1","15.5","997.1","1008.3"
"2026-08-14","21:13:42","Clear","Dry","Dark","2.7","28.7","3328","57232","30.2","26%","34.2","","Opened","7.326","35","Safe","Calm","2.6","45","17.1","15.5","997.1","1008.3"
"2026-08-14","21:13:52","Clear","Dry","Dark","2.8","28.7","3328","57232","30.2","26%","34.2","","Opened","7.323","35","Safe","Calm","2.6","45","17.1","15.6","997.2","1008.5"
"2026-08-14","21:14:03","Clear","Dry","Dark","2.8","28.7","3328","57232","30.2","26%","34.2","","Opened","7.459","35","Safe","Calm","2.6","45","17.1","15.6","997.1","1008.4"
"2026-08-14","21:14:12","Clear","Dry","Dark","2.8","28.7","3328","57232","30.2","26%","34.1","","Opened","7.374","35","Safe","Calm","2.6","45","17.1","15.6","997.1","1008.4"
"2026-08-14","21:14:22","Clear","Dry","Dark","2.7","28.7","3328","57232","30.2","26%","34.1","","Opened","7.358","35","Safe","Calm","2.6","45","17.1","15.5","997.1","1008.4"
"2026-08-14","21:14:32","Clear","Dry","Dark","2.7","28.7","3328","57232","30.2","26%","34.1","","Opened","7.308","35","Safe","Calm","3.2","45","17.1","15.5","997.3","1008.5"
"2026-08-14","21:14:42","Clear","Dry","Dark","2.6","28.6","3328","57232","30.2","26%","34.2","","Opened","7.390","35","Safe","Calm","2.6","45","17.0","15.4","997.2","1008.5"
"2026-08-14","21:14:52","Clear","Dry","Dark","2.7","28.7","3328","57232","30.2","26%","34.2","","Opened","7.337","35","Safe","Calm","1.9","45","17.0","15.4","997.2","1008.5"
"2026-08-14","21:15:03","Clear","Dry","Dark","2.7","28.6","3328","57232","30.1","26%","34.2","","Opened","7.448","35","Safe","Calm","1.3","45","17.1","15.4","997.1","1008.4"
"2026-08-14","21:15:12","Clear","Dry","Dark","2.7","28.6","3328","57232","30.2","26%","34.2","","Opened","7.375","35","Safe","Calm","0.6","45","17.0","15.4","997.1","1008.4"
"2026-08-14","21:15:22","Clear","Dry","Dark","2.7","28.6","3328","57232","30.1","26%","34.1","","Opened","7.354","35","Safe","Calm","0.6","45","17.0","15.4","997.1","1008.4"
"2026-08-14","21:15:32","Clear","Dry","Dark","2.7","28.6","3328","57232","30.1","26%","34.1","","Opened","7.312","35","Safe","Calm","0.0","45","17.0","15.4","997.1","1008.4"
"2026-08-14","21:15:42","Clear","Dry","Dark","2.7","28.6","3328","57232","30.1","26%","34.1","","Opened","7.269","35","Safe","Calm","0.0","45","17.1","15.4","997.1","1008.4"
"2026-08-14","21:15:52","Clear","Dry","Dark","2.7","28.6","3328","57232","30.1","26%","34.1","","Opened","7.346","35","Safe","Calm","0.0","45","17.0","15.4","997.2","1008.5"
"2026-08-14","21:16:03","Clear","Dry","Dark","2.6","28.6","3328","57232","30.1","26%","34.1","","Opened","7.471","35","Safe","Calm","0.0","45","17.0","15.3","997.3","1008.5"
"2026-08-14","21:16:12","Clear","Dry","Dark","2.7","28.5","3328","57232","30.1","26%","34.1","","Opened","7.395","35","Safe","Calm","0.0","45","17.0","15.4","997.3","1008.5"
"2026-08-14","21:16:22","Clear","Dry","Dark","2.6","28.5","3328","57232","30.1","26%","34.1","","Opened","7.353","35","Safe","Calm","0.0","45","17.0","15.3","997.2","1008.5"
"2026-08-14","21:16:32","Clear","Dry","Dark","2.6","28.5","3328","57232","30.1","26%","34.1","","Opened","7.307","35","Safe","Calm","0.0","46","17.0","15.3","997.2","1008.5"
"2026-08-14","21:16:42","Clear","Dry","Dark","2.7","28.5","3328","57232","30.0","26%","34.1","","Opened","7.383","35","Safe","Calm","0.6","46","17.0","15.4","997.1","1008.4"
"2026-08-14","21:16:52","Clear","Dry","Dark","2.6","28.5","3328","57232","30.0","26%","34.0","","Opened","7.339","35","Safe","Calm","0.6","46","17.0","15.3","997.3","1008.5"
"2026-08-14","21:17:03","Clear","Dry","Dark","2.7","28.5","3328","57232","30.0","26%","34.0","","Opened","7.466","35","Safe","Calm","0.6","45","17.0","15.4","997.2","1008.5"
"2026-08-14","21:17:12","Clear","Dry","Dark","2.6","28.4","3328","57232","30.0","26%","34.0","","Opened","7.371","35","Safe","Calm","0.6","46","17.0","15.3","997.1","1008.4"
"2026-08-14","21:17:22","Clear","Dry","Dark","2.7","28.4","3328","57232","30.0","26%","34.1","","Opened","7.341","35","Safe","Calm","0.6","46","17.0","15.4","997.3","1008.6"
"2026-08-14","21:17:32","Clear","Dry","Dark","2.7","28.4","3328","57232","30.0","26%","34.0","","Opened","7.298","35","Safe","Calm","0.6","46","17.0","15.4","997.1","1008.4"
"2026-08-14","21:17:42","Clear","Dry","Dark","2.7","28.4","3328","57232","30.0","26%","34.0","","Opened","7.369","35","Safe","Calm","0.0","46","17.0","15.4","997.2","1008.5"
"2026-08-14","21:17:52","Clear","Dry","Dark","2.6","28.4","3328","57232","30.0","26%","34.0","","Opened","7.324","35","Safe","Calm","0.0","46","17.0","15.3","997.1","1008.4"
"2026-08-14","21:18:03","Clear","Dry","Dark","2.7","28.4","3328","57232","29.9","26%","34.0","","Opened","7.450","35","Safe","Calm","0.0","46","17.0","15.3","997.2","1008.5"
"2026-08-14","21:18:12","Clear","Dry","Dark","2.6","28.4","3328","57232","30.0","26%","34.0","","Opened","7.364","35","Safe","Calm","0.0","46","17.0","15.3","997.1","1008.4"
"2026-08-14","21:18:22","Clear","Dry","Dark","2.6","28.4","3328","57232","29.9","26%","34.0","","Opened","7.324","35","Safe","Calm","0.0","46","17.0","15.2","997.1","1008.4"
"2026-08-14","21:18:32","Clear","Dry","Dark","2.8","28.4","3328","57232","29.9","26%","34.0","","Opened","7.284","35","Safe","Calm","0.0","46","17.0","15.4","997.1","1008.4"
"2026-08-14","21:18:42","Clear","Dry","Dark","2.6","28.3","3328","57232","29.9","26%","34.0","","Opened","7.370","35","Safe","Calm","0.0","46","17.0","15.2","997.3","1008.5"
"2026-08-14","21:18:52","Clear","Dry","Dark","2.7","28.3","3328","57232","29.9","26%","34.0","","Opened","7.330","35","Safe","Calm","0.0","46","17.0","15.3","997.1","1008.4"
"2026-08-14","21:19:03","Clear","Dry","Dark","2.7","28.3","3328","57232","29.9","26%","34.0","","Opened","7.447","35","Safe","Calm","0.0","46","16.9","15.3","997.1","1008.4"
"2026-08-14","21:19:12","Clear","Dry","Dark","2.5","28.3","3328","57232","29.9","26%","34.0","","Opened","7.385","35","Safe","Calm","0.0","46","16.9","15.1","997.2","1008.5"
"2026-08-14","21:19:22","Clear","Dry","Dark","2.6","28.3","3328","57232","29.9","26%","34.0","","Opened","7.338","35","Safe","Calm","0.0","46","16.9","15.2","997.2","1008.5"
"2026-08-14","21:19:32","Clear","Dry","Dark","2.7","28.3","3328","57232","29.9","26%","34.0","","Opened","7.285","35","Safe","Calm","0.0","46","16.8","15.3","997.1","1008.4"
"2026-08-14","21:19:42","Clear","Dry","Dark","2.8","28.2","3328","57232","29.9","26%","34.0","","Opened","7.367","35","Safe","Calm","0.8","46","17.0","15.4","997.2","1008.5"
"2026-08-14","21:19:52","Clear","Dry","Dark","2.5","28.3","3328","57232","29.8","26%","34.0","","Opened","7.324","35","Safe","Calm","0.8","46","17.0","15.1","997.2","1008.5"
"2026-08-14","21:20:03","Clear","Dry","Dark","2.6","28.2","3328","57232","29.8","26%","34.0","","Opened","7.453","35","Safe","Calm","0.8","46","16.9","15.2","997.2","1008.5"
"2026-08-14","21:20:12","Clear","Dry","Dark","2.6","28.2","3328","57232","29.8","26%","34.0","","Opened","7.370","35","Safe","Calm","0.8","46","16.9","15.1","997.2","1008.5"
"2026-08-14","21:20:22","Clear","Dry","Dark","2.7","28.2","3328","57232","29.8","26%","33.8","","Opened","7.325","35","Safe","Calm","0.8","46","17.0","15.2","997.2","1008.5"
"2026-08-14","21:20:32","Clear","Dry","Dark","2.8","28.2","3328","57232","29.8","26%","33.8","","Opened","7.282","35","Safe","Calm","1.4","46","16.9","15.3","997.1","1008.4"
"2026-08-14","21:20:42","Clear","Dry","Dark","2.8","28.2","3328","57232","29.8","26%","33.8","","Opened","7.362","35","Safe","Calm","1.4","46","17.0","15.3","997.1","1008.4"
"2026-08-14","21:20:52","Clear","Dry","Dark","2.7","28.2","3328","57232","29.7","26%","33.8","","Opened","7.354","35","Safe","Calm","1.4","46","16.9","15.2","997.1","1008.4"
"2026-08-14","21:21:03","Clear","Dry","Dark","2.9","28.2","3328","57232","29.7","26%","33.7","","Opened","7.479","35","Safe","Calm","1.4","46","17.0","15.4","997.1","1008.4"
"2026-08-14","21:21:12","Clear","Dry","Dark","2.7","28.2","3328","57232","29.7","26%","33.7","","Opened","7.390","35","Safe","Calm","1.4","46","17.0","15.3","997.3","1008.6"
"2026-08-14","21:21:22","Clear","Dry","Dark","2.8","28.2","3328","57232","29.7","26%","33.7","","Opened","7.349","35","Safe","Calm","1.4","46","16.9","15.3","997.1","1008.4"
"2026-08-14","21:21:32","Clear","Dry","Dark","2.8","28.2","3328","57232","29.7","26%","33.6","","Opened","7.313","35","Safe","Calm","0.8","46","17.0","15.3","997.1","1008.4"
"2026-08-14","21:21:42","Clear","Dry","Dark","2.8","28.2","3328","57232","29.7","26%","33.6","","Opened","7.392","35","Safe","Calm","0.0","46","17.0","15.3","997.1","1008.4"
"2026-08-14","21:21:52","Clear","Dry","Dark","2.7","28.2","3328","57232","29.7","26%","33.6","","Opened","7.343","35","Safe","Calm","0.0","46","17.0","15.2","997.1","1008.4"
"2026-08-14","21:22:03","Clear","Dry","Dark","2.8","28.2","3328","57232","29.7","26%","33.6","","Opened","7.469","35","Safe","Calm","0.0","46","16.9","15.3","997.2","1008.5"
"2026-08-14","21:22:12","Clear","Dry","Dark","2.8","28.2","3328","57232","29.7","26%","33.6","","Opened","7.279","35","Safe","Calm","0.0","46","17.0","15.3","997.2","1008.5"
"2026-08-14","21:22:22","Clear","Dry","Dark","2.7","28.2","3328","57232","29.6","26%","33.6","","Opened","7.369","35","Safe","Calm","0.0","46","16.9","15.2","997.1","1008.4"
"2026-08-14","21:22:32","Clear","Dry","Dark","2.9","28.2","3328","57232","29.6","26%","33.6","","Opened","7.363","35","Safe","Calm","0.0","46","16.9","15.4","997.1","1008.4"
"2026-08-14","21:22:42","Clear","Dry","Dark","2.7","28.2","3327","57232","29.6","26%","33.6","","Opened","7.336","35","Safe","Calm","0.0","47","17.0","15.2","997.1","1008.4"
"2026-08-14","21:22:52","Clear","Dry","Dark","2.7","28.2","3328","57232","29.6","26%","33.6","","Opened","7.294","35","Safe","Calm","0.0","46","16.9","15.2","997.2","1008.5"
"2026-08-14","21:23:03","Clear","Dry","Dark","2.9","28.2","3328","57232","29.6","26%","33.7","","Opened","7.553","35","Safe","Calm","0.0","46","16.9","15.3","997.1","1008.4"
"2026-08-14","21:23:12","Clear","Dry","Dark","2.8","28.1","3328","57232","29.6","26%","33.6","","Opened","7.317","35","Safe","Calm","0.0","47","16.9","15.3","997.2","1008.5"
"2026-08-14","21:23:22","Clear","Dry","Dark","2.8","28.1","3328","57232","29.6","26%","33.6","","Opened","7.271","35","Safe","Calm","0.0","47","17.0","15.3","997.1","1008.4"
"2026-08-14","21:23:32","Clear","Dry","Dark","2.9","28.1","3328","57232","29.6","26%","33.6","","Opened","7.358","35","Safe","Calm","0.0","47","16.9","15.3","997.1","1008.4"
"2026-08-14","21:23:42","Clear","Dry","Dark","2.8","28.1","3328","57232","29.6","26%","33.5","","Opened","7.332","35","Safe","Calm","0.0","47","17.0","15.2","997.3","1008.6"
"2026-08-14","21:23:52","Clear","Dry","Dark","2.8","28.1","3328","57232","29.6","26%","33.5","","Opened","7.300","35","Safe","Calm","0.0","47","17.0","15.2","997.2","1008.5"
"2026-08-14","21:24:03","Clear","Dry","Dark","2.9","28.1","3328","57232","29.6","26%","33.5","","Opened","7.538","35","Safe","Calm","0.0","47","17.0","15.3","997.1","1008.4"
"2026-08-14","21:24:12","Clear","Dry","Dark","2.7","28.1","3328","57232","29.6","26%","33.5","","Opened","7.321","35","Safe","Calm","0.0","47","17.0","15.2","997.2","1008.5"
"2026-08-14","21:24:22","Clear","Dry","Dark","2.9","28.1","3328","57232","29.6","26%","33.5","","Opened","7.276","35","Safe","Calm","0.0","47","17.0","15.3","997.1","1008.4"
"2026-08-14","21:24:32","Clear","Dry","Dark","2.8","28.1","3328","57232","29.5","26%","33.5","","Opened","7.375","35","Safe","Calm","0.0","47","16.9","15.2","997.2","1008.5"
"2026-08-14","21:24:42","Clear","Dry","Dark","2.8","28.1","3328","57232","29.6","26%","33.5","","Opened","7.349","35","Safe","Calm","0.0","47","17.0","15.2","997.2","1008.5"
"2026-08-14","21:24:52","Clear","Dry","Dark","2.9","28.1","3328","57232","29.5","26%","33.4","","Opened","7.308","35","Safe","Calm","0.0","47","17.0","15.3","997.1","1008.4"
"2026-08-14","21:25:03","Clear","Dry","Dark","2.9","28.1","3328","57232","29.5","26%","33.4","","Opened","7.554","35","Safe","Calm","0.0","47","16.9","15.3","997.1","1008.4"
"2026-08-14","21:25:12","Clear","Dry","Dark","2.7","28.1","3328","57232","29.5","26%","33.4","","Opened","7.355","35","Safe","Calm","0.0","47","17.0","15.1","997.2","1008.5"
"2026-08-14","21:25:22","Clear","Dry","Dark","2.8","28.1","3328","57232","29.5","26%","33.4","","Opened","7.322","35","Safe","Calm","0.0","47","17.0","15.2","997.1","1008.4"
"2026-08-14","21:25:32","Clear","Dry","Dark","2.7","28.1","3328","57232","29.5","26%","33.5","","Opened","7.273","35","Safe","Calm","0.0","47","17.0","15.1","997.3","1008.6"
"2026-08-14","21:25:42","Clear","Dry","Dark","2.8","28.1","3328","57232","29.5","26%","33.5","","Opened","7.354","35","Safe","Calm","0.0","47","16.9","15.2","997.1","1008.4"
"2026-08-14","21:25:52","Clear","Dry","Dark","2.8","28.1","3328","57232","29.5","26%","33.5","","Opened","7.313","35","Safe","Calm","0.0","47","17.0","15.2","997.3","1008.6"
"2026-08-14","21:26:03","Clear","Dry","Dark","3.0","28.0","3328","57232","29.5","26%","33.5","","Opened","7.574","35","Safe","Calm","0.0","47","17.0","15.4","997.1","1008.4"
"2026-08-14","21:26:12","Clear","Dry","Dark","2.9","28.1","3328","57232","29.5","26%","33.4","","Opened","7.366","35","Safe","Calm","0.0","47","17.0","15.3","997.2","1008.5"
"2026-08-14","21:26:22","Clear","Dry","Dark","2.9","28.0","3328","57232","29.5","26%","33.4","","Opened","7.339","35","Safe","Calm","0.0","47","17.0","15.2","997.2","1008.5"
"2026-08-14","21:26:32","Clear","Dry","Dark","2.7","28.0","3328","57232","29.5","26%","33.4","","Opened","7.306","35","Safe","Calm","0.0","47","17.0","15.1","997.1","1008.4"
"2026-08-14","21:26:42","Clear","Dry","Dark","2.9","28.0","3328","57232","29.5","26%","33.5","","Opened","7.383","35","Safe","Calm","0.0","47","16.9","15.3","997.2","1008.5"
"2026-08-14","21:26:52","Clear","Dry","Dark","2.7","28.0","3328","57232","29.5","26%","33.5","","Opened","7.334","35","Safe","Calm","0.0","47","17.0","15.1","997.1","1008.4"
"2026-08-14","21:27:03","Clear","Dry","Dark","2.9","28.0","3328","57232","29.5","26%","33.4","","Opened","7.469","35","Safe","Calm","0.0","47","17.0","15.3","997.3","1008.6"
"2026-08-14","21:27:12","Clear","Dry","Dark","2.8","28.0","3328","57232","29.4","26%","33.4","","Opened","7.388","35","Safe","Calm","0.0","47","17.0","15.2","997.2","1008.5"
"2026-08-14","21:27:22","Clear","Dry","Dark","2.9","28.0","3328","57232","29.4","26%","33.5","","Opened","7.350","35","Safe","Calm","0.0","47","17.0","15.3","997.3","1008.6"
"2026-08-14","21:27:32","Cloudy","Dry","Dark","3.1","28.0","3328","57232","29.4","26%","33.5","","Opened","7.293","35","Safe","Calm","0.6","47","17.0","15.4","997.1","1008.4"
"2026-08-14","21:27:42","Clear","Dry","Dark","2.8","28.0","3328","57232","29.4","26%","33.5","","Opened","7.372","35","Safe","Calm","0.6","47","17.0","15.2","997.1","1008.4"
"2026-08-14","21:27:52","Clear","Dry","Dark","2.9","28.0","3328","57232","29.4","26%","33.5","","Opened","7.361","35","Safe","Calm","0.6","47","17.0","15.3","997.2","1008.5"
"2026-08-14","21:28:03","Clear","Dry","Dark","2.8","28.0","3328","57232","29.4","26%","33.6","","Opened","7.487","35","Safe","Calm","0.6","47","17.0","15.2","997.1","1008.4"
"2026-08-14","21:28:12","Clear","Dry","Dark","3.0","28.0","3328","57232","29.4","26%","33.6","","Opened","7.292","35","Safe","Calm","0.6","47","17.0","15.4","997.1","1008.4"
"2026-08-14","21:28:22","Cloudy","Dry","Dark","3.1","28.0","3328","57232","29.4","26%","33.6","","Opened","7.379","35","Safe","Calm","1.3","47","17.1","15.5","997.1","1008.4"
"2026-08-14","21:28:32","Clear","Dry","Dark","2.9","28.0","3328","57232","29.4","26%","33.6","","Opened","7.328","35","Safe","Calm","0.6","47","17.0","15.2","997.2","1008.5"
"2026-08-14","21:28:42","Clear","Dry","Dark","2.9","28.0","3328","57232","29.4","26%","33.6","","Opened","7.291","35","Safe","Calm","0.6","47","17.0","15.3","997.2","1008.5"
"2026-08-14","21:28:52","Clear","Dry","Dark","2.9","28.0","3328","57232","29.4","26%","33.6","","Opened","7.384","35","Safe","Calm","0.6","47","17.0","15.3","997.3","1008.6"
"2026-08-14","21:29:02","Clear","Dry","Dark","3.0","28.0","3328","57232","29.4","26%","33.6","","Opened","7.366","35","Safe","Calm","0.6","47","17.0","15.3","997.3","1008.6"
"2026-08-14","21:29:12","Clear","Dry","Dark","2.9","28.0","3328","57232","29.4","26%","33.6","","Opened","7.287","35","Safe","Calm","0.6","47","17.1","15.2","997.1","1008.4"
"2026-08-14","21:29:22","Cloudy","Dry","Dark","3.1","28.0","3328","57232","29.4","26%","33.6","","Opened","7.375","35","Safe","Calm","0.0","47","17.0","15.4","997.2","1008.5"
"2026-08-14","21:29:32","Clear","Dry","Dark","3.0","28.0","3328","57232","29.4","26%","33.6","","Opened","7.322","35","Safe","Calm","0.0","47","17.1","15.4","997.3","1008.6"
"2026-08-14","21:29:42","Cloudy","Dry","Dark","3.1","28.0","3328","57232","29.4","26%","33.6","","Opened","7.282","35","Safe","Calm","0.6","47","17.1","15.4","997.1","1008.4"
"2026-08-14","21:29:52","Clear","Dry","Dark","2.9","28.1","3328","57232","29.5","26%","33.5","","Opened","7.368","35","Safe","Calm","0.6","47","17.1","15.3","997.2","1008.5"
"2026-08-14","21:30:03","Cloudy","Dry","Dark","3.1","28.0","3328","57232","29.4","26%","33.6","","Opened","7.487","35","Safe","Calm","0.6","47","17.1","15.5","997.2","1008.5"
"2026-08-14","21:30:12","Cloudy","Dry","Dark","3.1","28.1","3328","57232","29.4","26%","33.6","","Opened","7.284","35","Safe","Calm","0.6","47","17.1","15.4","997.3","1008.6"
"2026-08-14","21:30:22","Cloudy","Dry","Dark","3.0","28.1","3328","57232","29.4","26%","33.6","","Opened","7.364","35","Safe","Calm","0.6","47","17.1","15.4","997.2","1008.5"
"2026-08-14","21:30:32","Cloudy","Dry","Dark","3.1","28.1","3328","57232","29.4","26%","33.6","","Opened","7.343","35","Safe","Calm","0.6","47","17.1","15.5","997.3","1008.6"
"2026-08-14","21:30:42","Clear","Dry","Dark","2.9","28.1","3328","57232","29.4","26%","33.5","","Opened","7.301","35","Safe","Calm","0.0","47","17.1","15.3","997.1","1008.4"
"2026-08-14","21:30:52","Cloudy","Dry","Dark","3.1","28.1","3328","57232","29.4","26%","33.6","","Opened","7.380","35","Safe","Calm","0.0","47","17.1","15.4","997.3","1008.6"
"2026-08-14","21:31:03","Clear","Dry","Dark","2.9","28.1","3328","57232","29.4","26%","33.6","","Opened","7.497","35","Safe","Calm","0.0","47","17.1","15.2","997.2","1008.5"
"2026-08-14","21:31:12","Cloudy","Dry","Dark","3.1","28.1","3328","57232","29.4","26%","33.6","","Opened","7.284","35","Safe","Calm","0.0","47","17.0","15.5","997.2","1008.5"
"2026-08-14","21:31:22","Cloudy","Dry","Dark","3.4","28.1","3328","57232","29.4","26%","33.6","","Opened","7.359","35","Safe","Calm","0.9","47","17.0","15.8","997.1","1008.4"
"2026-08-14","21:31:32","Cloudy","Dry","Dark","3.2","28.1","3328","57232","29.4","26%","33.6","","Opened","7.317","35","Safe","Calm","1.8","48","17.2","15.6","997.2","1008.5"
"2026-08-14","21:31:42","Cloudy","Dry","Dark","3.0","28.1","3328","57232","29.5","26%","33.5","","Opened","7.278","35","Safe","Calm","2.5","48","17.2","15.4","997.2","1008.5"
"2026-08-14","21:31:52","Cloudy","Dry","Dark","3.2","28.1","3328","57232","29.4","26%","33.5","","Opened","7.360","35","Safe","Calm","3.1","47","17.1","15.5","997.2","1008.5"
"2026-08-14","21:32:02","Cloudy","Dry","Dark","3.2","28.2","3328","57232","29.5","26%","33.5","","Opened","7.359","35","Safe","Calm","3.1","47","17.1","15.6","997.1","1008.4"
"2026-08-14","21:32:12","Cloudy","Dry","Dark","3.1","28.1","3328","57232","29.5","26%","33.6","","Opened","7.289","35","Safe","Calm","3.1","47","17.1","15.5","997.3","1008.6"
"2026-08-14","21:32:22","Cloudy","Dry","Dark","3.1","28.1","3328","57232","29.5","26%","33.6","","Opened","7.375","35","Safe","Calm","2.2","47","17.1","15.4","997.2","1008.5"
"2026-08-14","21:32:32","Cloudy","Dry","Dark","3.1","28.2","3328","57232","29.5","26%","33.6","","Opened","7.350","35","Safe","Calm","1.3","47","17.1","15.5","997.2","1008.5"
"2026-08-14","21:32:42","Cloudy","Dry","Dark","3.1","28.2","3328","57232","29.5","26%","33.6","","Opened","7.300","35","Safe","Calm","1.3","47","17.1","15.5","997.1","1008.4"
"2026-08-14","21:32:52","Cloudy","Dry","Dark","3.2","28.2","3328","57232","29.5","26%","33.6","","Opened","7.385","35","Safe","Calm","1.3","47","17.1","15.5","997.3","1008.6"
"2026-08-14","21:33:03","Cloudy","Dry","Dark","3.1","28.2","3328","57232","29.5","26%","33.6","","Opened","7.520","35","Safe","Calm","1.3","47","17.1","15.5","997.1","1008.4"
"2026-08-14","21:33:12","Cloudy","Dry","Dark","3.2","28.2","3328","57232","29.5","26%","33.6","","Opened","7.315","35","Safe","Calm","1.9","47","17.1","15.6","997.1","1008.4"
"2026-08-14","21:33:22","Cloudy","Dry","Dark","3.1","28.2","3328","57232","29.5","26%","33.5","","Opened","7.270","35","Safe","Calm","2.6","47","17.1","15.5","997.2","1008.5"
"2026-08-14","21:33:32","Cloudy","Dry","Dark","3.2","28.2","3328","57232","29.5","26%","33.5","","Opened","7.351","35","Safe","Calm","3.2","47","17.1","15.5","997.3","1008.6"
"2026-08-14","21:33:42","Cloudy","Dry","Dark","3.1","28.2","3328","57232","29.5","26%","33.5","","Opened","7.320","35","Safe","Calm","2.6","47","17.2","15.5","997.1","1008.4"
"2026-08-14","21:33:52","Cloudy","Dry","Dark","3.2","28.3","3328","57232","29.5","26%","33.5","","Opened","7.277","35","Safe","Calm","2.7","47","17.2","15.6","997.2","1008.5"
"2026-08-14","21:34:03","Cloudy","Dry","Dark","3.3","28.3","3328","57232","29.5","26%","33.5","","Opened","7.518","35","Safe","Calm","3.6","48","17.2","15.7","997.2","1008.5"
"2026-08-14","21:34:12","Cloudy","Dry","Dark","3.1","28.3","3328","57232","29.5","26%","33.5","","Opened","7.343","35","Safe","Calm","3.8","48","17.2","15.5","997.2","1008.5"
"2026-08-14","21:34:22","Cloudy","Dry","Dark","3.2","28.3","3328","57232","29.5","26%","33.5","","Opened","7.185","35","Safe","Calm","3.8","47","17.2","15.6","997.1","1008.4"
"2026-08-14","21:34:32","Cloudy","Dry","Dark","3.2","28.3","3328","57232","29.5","26%","33.5","","Opened","7.297","35","Safe","Calm","3.1","47","17.2","15.6","997.3","1008.6"
"2026-08-14","21:34:42","Cloudy","Dry","Dark","3.2","28.3","3328","57232","29.5","26%","33.5","","Opened","7.296","35","Safe","Calm","3.9","47","17.2","15.6","997.2","1008.5"
"2026-08-14","21:34:52","Cloudy","Dry","Dark","3.0","28.3","3328","57232","29.6","26%","33.5","","Opened","7.374","35","Safe","Calm","3.8","47","17.2","15.4","997.3","1008.6"
"2026-08-14","21:35:03","Clear","Dry","Dark","3.0","28.3","3328","57232","29.6","26%","33.5","","Opened","7.487","35","Safe","Calm","2.8","47","17.2","15.4","997.2","1008.5"
"2026-08-14","21:35:12","Cloudy","Dry","Dark","3.1","28.3","3328","57232","29.6","26%","33.6","","Opened","7.277","35","Safe","Calm","2.1","47","17.2","15.5","997.1","1008.4"
"2026-08-14","21:35:22","Cloudy","Dry","Dark","3.1","28.3","3328","57232","29.6","26%","33.6","","Opened","7.357","35","Safe","Calm","1.4","47","17.2","15.6","997.1","1008.4"
"2026-08-14","21:35:32","Cloudy","Dry","Dark","3.4","28.3","3328","57232","29.6","26%","33.6","","Opened","7.305","35","Safe","Calm","2.1","47","17.2","15.8","997.2","1008.5"
"2026-08-14","21:35:42","Clear","Dry","Dark","3.0","28.4","3328","57232","29.6","26%","33.5","","Opened","7.393","35","Safe","Calm","1.9","47","17.2","15.4","997.1","1008.4"
"2026-08-14","21:35:52","Cloudy","Dry","Dark","3.0","28.3","3328","57232","29.6","26%","33.6","","Opened","7.340","35","Safe","Calm","1.3","47","17.2","15.4","997.1","1008.4"
"2026-08-14","21:36:03","Cloudy","Dry","Dark","3.0","28.3","3328","57232","29.6","26%","33.7","","Opened","7.453","35","Safe","Calm","1.3","47","17.2","15.5","997.1","1008.4"
"2026-08-14","21:36:12","Cloudy","Dry","Dark","3.0","28.3","3328","57232","29.6","26%","33.7","","Opened","7.367","35","Safe","Calm","1.3","47","17.2","15.5","997.2","1008.5"
"2026-08-14","21:36:22","Cloudy","Dry","Dark","3.2","28.4","3328","57232","29.6","26%","33.6","","Opened","7.337","35","Safe","Calm","2.1","47","17.2","15.6","997.2","1008.5"
"2026-08-14","21:36:32","Cloudy","Dry","Dark","3.1","28.4","3328","57232","29.6","26%","33.6","","Opened","7.286","35","Safe","Calm","2.1","47","17.2","15.5","997.1","1008.4"
"2026-08-14","21:36:42","Cloudy","Dry","Dark","3.3","28.4","3328","57232","29.6","26%","33.6","","Opened","7.393","35","Safe","Calm","2.3","47","17.2","15.8","997.1","1008.4"
"2026-08-14","21:36:52","Cloudy","Dry","Dark","3.3","28.4","3328","57232","29.6","26%","33.6","","Opened","7.349","35","Safe","Calm","3.4","47","17.2","15.8","997.2","1008.5"
"2026-08-14","21:37:03","Cloudy","Dry","Dark","3.0","28.4","3328","57232","29.6","26%","33.6","","Opened","7.470","35","Safe","Calm","4.0","47","17.2","15.5","997.2","1008.5"
"2026-08-14","21:37:12","Cloudy","Dry","Dark","3.0","28.4","3328","57232","29.6","26%","33.6","","Opened","7.267","35","Safe","Calm","4.0","47","17.2","15.5","997.2","1008.5"
"2026-08-14","21:37:22","Clear","Dry","Dark","3.0","28.4","3328","57232","29.6","26%","33.7","","Opened","7.353","35","Safe","Calm","3.3","47","17.2","15.5","997.2","1008.5"
"2026-08-14","21:37:32","Cloudy","Dry","Dark","3.1","28.3","3328","57232","29.6","26%","33.7","","Opened","7.309","35","Safe","Calm","2.6","47","17.2","15.5","997.3","1008.6"
"2026-08-14","21:37:42","Cloudy","Dry","Dark","3.1","28.4","3328","57232","29.6","26%","33.7","","Opened","7.385","35","Safe","Calm","1.7","47","17.2","15.6","997.2","1008.5"
"2026-08-14","21:37:52","Cloudy","Dry","Dark","3.1","28.4","3328","57232","29.6","26%","33.7","","Opened","7.334","35","Safe","Calm","0.6","47","17.2","15.6","997.3","1008.6"
"2026-08-14","21:38:03","Cloudy","Dry","Dark","3.0","28.4","3328","57232","29.6","26%","33.7","","Opened","7.460","35","Safe","Calm","0.0","47","17.2","15.5","997.2","1008.5"
"2026-08-14","21:38:12","Cloudy","Dry","Dark","3.1","28.4","3328","57232","29.6","26%","33.6","","Opened","7.373","35","Safe","Calm","0.0","47","17.2","15.6","997.2","1008.5"
"2026-08-14","21:38:22","Cloudy","Dry","Dark","3.1","28.4","3328","57232","29.6","26%","33.6","","Opened","7.328","35","Safe","Calm","0.0","47","17.2","15.5","997.3","1008.6"
"2026-08-14","21:38:32","Cloudy","Dry","Dark","3.0","28.4","3328","57232","29.7","26%","33.7","","Opened","7.276","35","Safe","Calm","0.0","47","17.2","15.5","997.2","1008.5"
"2026-08-14","21:38:42","Cloudy","Dry","Dark","3.1","28.4","3328","57232","29.7","26%","33.7","","Opened","7.358","35","Safe","Calm","0.0","47","17.2","15.6","997.2","1008.5"
"2026-08-14","21:38:52","Cloudy","Dry","Dark","3.2","28.4","3328","57232","29.7","26%","33.6","","Opened","7.309","35","Safe","Calm","0.0","47","17.3","15.7","997.3","1008.6"
"2026-08-14","21:39:03","Cloudy","Dry","Dark","3.2","28.4","3328","57232","29.6","26%","33.6","","Opened","7.546","35","Safe","Calm","0.0","47","17.2","15.7","997.2","1008.5"
"2026-08-14","21:39:12","Cloudy","Dry","Dark","3.3","28.4","3328","57232","29.7","26%","33.6","","Opened","7.341","35","Safe","Calm","0.0","47","17.2","15.8","997.1","1008.4"
"2026-08-14","21:39:22","Cloudy","Dry","Dark","3.0","28.4","3328","57232","29.7","26%","33.6","","Opened","7.325","35","Safe","Calm","0.0","47","17.3","15.5","997.2","1008.5"
"2026-08-14","21:39:32","Cloudy","Dry","Dark","3.1","28.4","3328","57232","29.7","26%","33.6","","Opened","7.272","35","Safe","Calm","0.0","47","17.3","15.6","997.2","1008.5"
"2026-08-14","21:39:42","Cloudy","Dry","Dark","3.1","28.4","3328","57232","29.7","26%","33.6","","Opened","7.356","35","Safe","Calm","0.0","47","17.2","15.6","997.2","1008.5"
"2026-08-14","21:39:52","Cloudy","Dry","Dark","3.1","28.4","3328","57232","29.7","26%","33.6","","Opened","7.316","35","Safe","Calm","0.0","47","17.2","15.5","997.1","1008.4"
"2026-08-14","21:40:03","Cloudy","Dry","Dark","3.2","28.4","3328","57232","29.7","26%","33.6","","Opened","7.567","35","Safe","Calm","0.0","47","17.2","15.7","997.3","1008.6"
"2026-08-14","21:40:12","Cloudy","Dry","Dark","3.0","28.4","3328","57232","29.7","26%","33.7","","Opened","7.359","35","Safe","Calm","0.0","47","17.2","15.5","997.2","1008.5"
"2026-08-14","21:40:22","Cloudy","Dry","Dark","3.4","28.4","3328","57232","29.7","26%","33.6","","Opened","7.315","35","Safe","Calm","0.0","47","17.3","15.9","997.3","1008.6"
"2026-08-14","21:40:32","Cloudy","Dry","Dark","3.3","28.4","3328","57232","29.7","26%","33.6","","Opened","7.264","35","Safe","Calm","0.0","47","17.3","15.8","997.3","1008.6"
"2026-08-14","21:40:42","Cloudy","Dry","Dark","3.1","28.4","3328","57232","29.7","26%","33.6","","Opened","7.352","35","Safe","Calm","0.0","47","17.3","15.6","997.3","1008.6"
"2026-08-14","21:40:52","Cloudy","Dry","Dark","3.1","28.4","3328","57232","29.7","26%","33.6","","Opened","7.336","35","Safe","Calm","0.0","47","17.2","15.6","997.3","1008.6"
"2026-08-14","21:41:03","Cloudy","Dry","Dark","3.0","28.4","3328","57232","29.7","26%","33.6","","Opened","7.455","35","Safe","Calm","0.0","47","17.3","15.5","997.3","1008.6"
"2026-08-14","21:41:12","Cloudy","Dry","Dark","3.2","28.4","3328","57232","29.7","26%","33.6","","Opened","7.378","35","Safe","Calm","0.0","47","17.3","15.7","997.2","1008.5"
"2026-08-14","21:41:22","Cloudy","Dry","Dark","3.3","28.4","3328","57232","29.7","26%","33.6","","Opened","7.340","35","Safe","Calm","0.9","47","17.3","15.8","997.2","1008.5"
"2026-08-14","21:41:32","Cloudy","Dry","Dark","3.0","28.4","3328","57232","29.7","26%","33.6","","Opened","7.294","35","Safe","Calm","1.6","47","17.3","15.5","997.2","1008.5"
"2026-08-14","21:41:42","Cloudy","Dry","Dark","3.2","28.5","3328","57232","29.7","26%","33.6","","Opened","7.393","35","Safe","Calm","2.3","47","17.3","15.7","997.1","1008.4"
"2026-08-14","21:41:52","Cloudy","Dry","Dark","3.3","28.5","3328","57232","29.7","26%","33.6","","Opened","7.348","35","Safe","Calm","3.1","47","17.2","15.8","997.1","1008.4"
"2026-08-14","21:42:03","Cloudy","Dry","Dark","3.1","28.5","3328","57232","29.7","26%","33.6","","Opened","7.469","35","Safe","Calm","3.8","47","17.2","15.6","997.2","1008.5"
"2026-08-14","21:42:12","Cloudy","Dry","Dark","3.1","28.5","3328","57232","29.7","26%","33.6","","Opened","7.398","35","Safe","Calm","4.5","47","17.2","15.6","997.3","1008.6"
"2026-08-14","21:42:22","Cloudy","Dry","Dark","3.1","28.5","3328","57232","29.7","26%","33.6","","Opened","7.350","35","Safe","Calm","4.3","47","17.2","15.6","997.1","1008.4"
"2026-08-14","21:42:32","Cloudy","Dry","Dark","3.3","28.5","3328","57232","29.7","26%","33.6","","Opened","7.330","35","Safe","Calm","4.5","47","17.2","15.8","997.2","1008.5"
"2026-08-14","21:42:42","Cloudy","Dry","Dark","3.1","28.5","3328","57232","29.7","26%","33.5","","Opened","7.164","35","Safe","Calm","4.5","47","17.2","15.6","997.2","1008.5"
"2026-08-14","21:42:52","Cloudy","Dry","Dark","3.1","28.5","3328","57232","29.7","26%","33.5","","Opened","7.382","35","Safe","Calm","4.4","47","17.2","15.6","997.3","1008.6"
"2026-08-14","21:43:03","Cloudy","Dry","Dark","3.2","28.5","3328","57232","29.7","26%","33.5","","Opened","7.512","35","Safe","Calm","4.4","47","17.2","15.7","997.2","1008.5"
"2026-08-14","21:43:12","Cloudy","Dry","Dark","3.1","28.5","3328","57232","29.7","26%","33.6","","Opened","7.319","35","Safe","Calm","4.3","47","17.2","15.6","997.3","1008.6"
"2026-08-14","21:43:22","Cloudy","Dry","Dark","3.1","28.5","3328","57232","29.7","26%","33.6","","Opened","7.272","35","Safe","Calm","4.3","47","17.2","15.6","997.3","1008.6"
"2026-08-14","21:43:32","Cloudy","Dry","Dark","3.1","28.5","3328","57232","29.7","26%","33.6","","Opened","7.356","35","Safe","Calm","4.0","47","17.3","15.6","997.1","1008.4"
"2026-08-14","21:43:42","Cloudy","Dry","Dark","3.3","28.5","3328","57232","29.7","26%","33.6","","Opened","7.305","35","Safe","Calm","4.0","47","17.2","15.8","997.2","1008.5"
"2026-08-14","21:43:52","Cloudy","Dry","Dark","3.2","28.5","3328","57232","29.7","26%","33.6","","Opened","7.386","35","Safe","Calm","4.1","47","17.2","15.7","997.2","1008.5"
"2026-08-14","21:44:03","Cloudy","Dry","Dark","3.1","28.5","3328","57232","29.7","26%","33.5","","Opened","7.524","35","Safe","Calm","4.1","47","17.3","15.6","997.2","1008.5"
"2026-08-14","21:44:12","Cloudy","Dry","Dark","3.1","28.5","3328","57232","29.7","26%","33.6","","Opened","7.339","35","Safe","Calm","3.5","47","17.2","15.7","997.2","1008.5"
"2026-08-14","21:44:22","Cloudy","Dry","Dark","3.2","28.5","3328","57232","29.8","26%","33.6","","Opened","7.364","35","Safe","Calm","3.5","47","17.2","15.7","997.2","1008.5"
"2026-08-14","21:44:32","Cloudy","Dry","Dark","3.2","28.5","3328","57232","29.8","26%","33.6","","Opened","7.321","35","Safe","Calm","3.5","47","17.2","15.8","997.1","1008.4"
"2026-08-14","21:44:42","Cloudy","Dry","Dark","3.3","28.5","3328","57232","29.7","26%","33.6","","Opened","7.290","35","Safe","Calm","3.5","47","17.2","15.8","997.1","1008.4"
"2026-08-14","21:44:52","Cloudy","Dry","Dark","3.1","28.5","3328","57232","29.8","26%","33.6","","Opened","7.368","35","Safe","Calm","3.3","47","17.2","15.6","997.1","1008.4"
"2026-08-14","21:45:03","Cloudy","Dry","Dark","3.1","28.5","3328","57232","29.7","26%","33.7","","Opened","7.493","35","Safe","Calm","2.7","47","17.2","15.7","997.2","1008.5"
"2026-08-14","21:45:12","Cloudy","Dry","Dark","3.1","28.5","3328","57232","29.7","26%","33.7","","Opened","7.291","35","Safe","Calm","2.7","47","17.2","15.6","997.1","1008.4"
"2026-08-14","21:45:22","Cloudy","Dry","Dark","3.2","28.5","3328","57232","29.8","26%","33.7","","Opened","7.380","35","Safe","Calm","2.8","47","17.2","15.7","997.2","1008.5"
"2026-08-14","21:45:32","Cloudy","Dry","Dark","3.4","28.5","3328","57232","29.8","26%","33.7","","Opened","7.338","35","Safe","Calm","3.1","47","17.3","15.9","997.2","1008.5"
"2026-08-14","21:45:42","Cloudy","Dry","Dark","3.1","28.6","3328","57232","29.7","26%","33.7","","Opened","7.169","35","Safe","Calm","3.0","47","17.3","15.7","997.3","1008.6"
"2026-08-14","21:45:52","Cloudy","Dry","Dark","3.3","28.6","3328","57232","29.8","26%","33.7","","Opened","7.380","35","Safe","Calm","3.1","47","17.3","15.8","997.3","1008.6"
"2026-08-14","21:46:03","Cloudy","Dry","Dark","3.1","28.6","3328","57232","29.8","26%","33.6","","Opened","7.511","35","Safe","Calm","3.8","47","17.3","15.6","997.1","1008.4"
"2026-08-14","21:46:12","Cloudy","Dry","Dark","3.0","28.6","3328","57232","29.8","26%","33.7","","Opened","7.315","35","Safe","Calm","4.4","47","17.2","15.6","997.2","1008.5"
"2026-08-14","21:46:22","Cloudy","Dry","Dark","3.1","28.6","3328","57232","29.8","26%","33.7","","Opened","7.264","35","Safe","Calm","4.3","47","17.3","15.7","997.2","1008.5"
"2026-08-14","21:46:32","Cloudy","Dry","Dark","3.1","28.6","3328","57232","29.8","26%","33.7","","Opened","7.360","35","Safe","Calm","4.3","47","17.3","15.6","997.1","1008.4"
"2026-08-14","21:46:42","Cloudy","Dry","Dark","3.1","28.6","3328","57232","29.8","26%","33.7","","Opened","7.311","35","Safe","Calm","4.3","47","17.2","15.7","997.2","1008.5"
"2026-08-14","21:46:52","Cloudy","Dry","Dark","3.1","28.6","3328","57232","29.8","26%","33.7","","Opened","7.389","35","Safe","Calm","4.1","47","17.3","15.7","997.1","1008.4"
"2026-08-14","21:47:03","Cloudy","Dry","Dark","3.3","28.6","3328","57232","29.8","26%","33.6","","Opened","7.526","35","Safe","Calm","4.4","47","17.2","15.8","997.2","1008.5"
"2026-08-14","21:47:12","Cloudy","Dry","Dark","3.0","28.6","3328","57232","29.8","26%","33.6","","Opened","7.309","35","Safe","Calm","4.7","47","17.2","15.6","997.2","1008.5"
"2026-08-14","21:47:22","Cloudy","Dry","Dark","3.0","28.6","3328","57232","29.8","26%","33.7","","Opened","7.287","35","Safe","Calm","4.7","47","17.3","15.6","997.2","1008.5"
"2026-08-14","21:47:32","Clear","Dry","Dark","2.9","28.6","3328","57232","29.8","26%","33.7","","Opened","7.356","35","Safe","Calm","4.4","47","17.2","15.4","997.3","1008.6"
"2026-08-14","21:47:42","Clear","Dry","Dark","2.9","28.5","3328","57232","29.8","26%","33.7","","Opened","7.306","35","Safe","Calm","4.4","47","17.2","15.4","997.2","1008.5"
"2026-08-14","21:47:52","Clear","Dry","Dark","2.9","28.5","3328","57232","29.8","26%","33.6","","Opened","7.404","35","Safe","Calm","4.5","47","17.2","15.4","997.2","1008.5"
"2026-08-14","21:48:03","Clear","Dry","Dark","2.8","28.5","3328","57232","29.8","26%","33.6","","Opened","7.529","35","Safe","Calm","4.3","47","17.2","15.3","997.2","1008.5"
"2026-08-14","21:48:12","Clear","Dry","Dark","2.8","28.5","3328","57232","29.8","26%","33.6","","Opened","7.346","35","Safe","Calm","3.3","47","17.2","15.3","997.3","1008.6"
"2026-08-14","21:48:22","Clear","Dry","Dark","2.8","28.5","3328","57232","29.7","26%","33.6","","Opened","7.306","35","Safe","Calm","3.5","47","17.2","15.3","997.2","1008.5"
"2026-08-14","21:48:32","Clear","Dry","Dark","2.7","28.4","3328","57232","29.7","26%","33.5","","Opened","7.381","35","Safe","Calm","3.5","47","17.2","15.2","997.2","1008.5"
"2026-08-14","21:48:42","Clear","Dry","Dark","2.7","28.4","3328","57232","29.7","26%","33.6","","Opened","7.339","35","Safe","Calm","2.8","47","17.2","15.2","997.2","1008.5"
"2026-08-14","21:48:52","Clear","Dry","Dark","2.8","28.4","3328","57232","29.7","26%","33.6","","Opened","7.302","35","Safe","Calm","2.1","47","17.1","15.3","997.2","1008.5"
"2026-08-14","21:49:03","Clear","Dry","Dark","2.8","28.4","3328","57232","29.7","26%","33.7","","Opened","7.572","35","Safe","Calm","1.4","47","17.1","15.3","997.2","1008.5"
"2026-08-14","21:49:12","Clear","Dry","Dark","2.7","28.3","3328","57232","29.7","26%","33.7","","Opened","7.336","35","Safe","Calm","1.4","47","17.2","15.2","997.2","1008.5"
"2026-08-14","21:49:22","Clear","Dry","Dark","2.8","28.3","3328","57232","29.7","26%","33.7","","Opened","7.326","35","Safe","Calm","0.6","47","17.1","15.3","997.3","1008.6"
"2026-08-14","21:49:32","Clear","Dry","Dark","2.8","28.3","3328","57232","29.7","26%","33.7","","Opened","7.288","35","Safe","Calm","0.0","47","17.1","15.3","997.3","1008.6"
"2026-08-14","21:49:42","Clear","Dry","Dark","2.7","28.3","3328","57232","29.7","26%","33.6","","Opened","7.369","35","Safe","Calm","0.0","47","17.2","15.2","997.3","1008.6"
"2026-08-14","21:49:52","Clear","Dry","Dark","2.7","28.3","3328","57232","29.7","26%","33.7","","Opened","7.352","35","Safe","Calm","0.0","47","17.2","15.2","997.3","1008.6"
"2026-08-14","21:50:03","Clear","Dry","Dark","2.8","28.2","3328","57232","29.6","26%","33.6","","Opened","7.470","35","Safe","Calm","0.0","47","17.2","15.2","997.2","1008.5"
"2026-08-14","21:50:12","Clear","Dry","Dark","2.7","28.2","3328","57232","29.6","26%","33.6","","Opened","7.383","35","Safe","Calm","0.0","47","17.1","15.1","997.2","1008.5"
"2026-08-14","21:50:22","Clear","Dry","Dark","2.8","28.2","3328","57232","29.6","26%","33.6","","Opened","7.333","35","Safe","Calm","0.0","47","17.1","15.2","997.2","1008.5"
"2026-08-14","21:50:32","Clear","Dry","Dark","2.8","28.2","3328","57232","29.6","26%","33.6","","Opened","7.292","35","Safe","Calm","0.0","47","17.1","15.2","997.3","1008.6"
"2026-08-14","21:50:42","Clear","Dry","Dark","2.7","28.1","3328","57232","29.6","26%","33.6","","Opened","7.370","35","Safe","Calm","0.0","47","17.1","15.2","997.2","1008.5"
"2026-08-14","21:50:52","Clear","Dry","Dark","2.7","28.1","3328","57232","29.6","26%","33.6","","Opened","7.337","35","Safe","Calm","0.0","47","17.1","15.2","997.2","1008.5"
"2026-08-14","21:51:03","Clear","Dry","Dark","2.8","28.1","3328","57232","29.6","26%","33.5","","Opened","7.457","35","Safe","Calm","0.0","47","17.1","15.3","997.3","1008.6"
"2026-08-14","21:51:12","Clear","Dry","Dark","2.7","28.1","3328","57232","29.6","26%","33.5","","Opened","7.379","35","Safe","Calm","0.0","47","17.1","15.1","997.2","1008.5"
"2026-08-14","21:51:22","Clear","Dry","Dark","2.7","28.1","3328","57232","29.5","26%","33.5","","Opened","7.356","35","Safe","Calm","0.0","47","17.1","15.1","997.3","1008.6"
"2026-08-14","21:51:32","Clear","Dry","Dark","2.7","28.0","3328","57232","29.5","26%","33.5","","Opened","7.321","35","Safe","Calm","0.0","47","17.1","15.1","997.3","1008.6"
"2026-08-14","21:51:42","Clear","Dry","Dark","2.7","28.0","3328","57232","29.5","26%","33.5","","Opened","7.273","35","Safe","Calm","0.0","47","17.1","15.1","997.3","1008.6"
"2026-08-14","21:51:52","Clear","Dry","Dark","2.7","28.0","3328","57232","29.5","26%","33.5","","Opened","7.353","35","Safe","Calm","0.0","47","17.1","15.1","997.2","1008.5"
"2026-08-14","21:52:03","Clear","Dry","Dark","2.8","28.0","3328","57232","29.5","26%","33.5","","Opened","7.485","35","Safe","Calm","0.0","47","17.1","15.2","997.2","1008.5"
"2026-08-14","21:52:12","Clear","Dry","Dark","2.8","28.0","3328","57232","29.5","26%","33.4","","Opened","7.265","35","Safe","Calm","0.0","47","17.1","15.1","997.3","1008.6"
"2026-08-14","21:52:22","Clear","Dry","Dark","2.6","27.9","3328","57232","29.5","26%","33.4","","Opened","7.355","35","Safe","Calm","0.0","48","17.2","15.0","997.2","1008.5"
"2026-08-14","21:52:32","Clear","Dry","Dark","2.7","27.9","3328","57232","29.4","26%","33.4","","Opened","7.310","35","Safe","Calm","0.0","48","17.1","15.1","997.2","1008.5"
"2026-08-14","21:52:42","Clear","Dry","Dark","2.7","27.9","3328","57232","29.4","26%","33.4","","Opened","7.276","35","Safe","Calm","0.0","47","17.1","15.0","997.3","1008.6"
"2026-08-14","21:52:52","Clear","Dry","Dark","2.7","27.9","3328","57232","29.4","26%","33.5","","Opened","7.400","35","Safe","Calm","0.0","47","17.0","15.0","997.2","1008.5"
"2026-08-14","21:53:03","Clear","Dry","Dark","2.7","27.9","3328","57232","29.4","26%","33.5","","Opened","7.527","35","Safe","Calm","0.0","47","17.0","15.1","997.2","1008.5"
"2026-08-14","21:53:12","Clear","Dry","Dark","2.8","27.9","3328","57232","29.4","26%","33.5","","Opened","7.348","35","Safe","Calm","0.0","47","17.0","15.1","997.1","1008.4"
"2026-08-14","21:53:22","Clear","Dry","Dark","2.9","27.8","3328","57232","29.3","26%","33.4","","Opened","7.309","35","Safe","Calm","0.0","47","17.0","15.2","997.2","1008.5"
"2026-08-14","21:53:32","Clear","Dry","Dark","2.8","27.8","3328","57232","29.3","26%","33.4","","Opened","7.392","35","Safe","Calm","0.0","48","17.1","15.1","997.2","1008.5"
"2026-08-14","21:53:42","Clear","Dry","Dark","2.8","27.8","3328","57232","29.3","26%","33.3","","Opened","7.339","35","Safe","Calm","0.0","48","17.1","15.1","997.3","1008.6"
"2026-08-14","21:53:52","Clear","Dry","Dark","2.8","27.8","3328","57232","29.3","26%","33.3","","Opened","7.312","35","Safe","Calm","0.0","48","17.1","15.1","997.2","1008.5"
"2026-08-14","21:54:03","Clear","Dry","Dark","2.7","27.8","3328","57232","29.3","26%","33.3","","Opened","7.434","35","Safe","Calm","0.0","48","17.1","15.0","997.3","1008.6"
"2026-08-14","21:54:12","Clear","Dry","Dark","2.8","27.8","3328","57232","29.2","26%","33.3","","Opened","7.361","35","Safe","Calm","0.0","48","17.1","15.1","997.1","1008.4"
"2026-08-14","21:54:22","Clear","Dry","Dark","2.7","27.8","3328","57232","29.2","26%","33.3","","Opened","7.357","35","Safe","Calm","0.0","48","17.1","15.0","997.2","1008.5"
"2026-08-14","21:54:32","Clear","Dry","Dark","2.8","27.8","3328","57232","29.2","26%","33.3","","Opened","7.314","35","Safe","Calm","0.0","48","17.1","15.1","997.2","1008.5"
"2026-08-14","21:54:42","Clear","Dry","Dark","2.7","27.8","3328","57232","29.2","26%","33.3","","Opened","7.275","35","Safe","Calm","0.0","48","17.1","15.0","997.3","1008.6"
"2026-08-14","21:54:52","Clear","Dry","Dark","2.8","27.7","3328","57232","29.2","26%","33.3","","Opened","7.361","35","Safe","Calm","0.0","48","17.0","15.0","997.1","1008.4"
"2026-08-14","21:55:03","Clear","Dry","Dark","2.8","27.7","3328","57232","29.2","26%","33.3","","Opened","7.480","35","Safe","Calm","0.0","48","17.0","15.0","997.3","1008.6"
"2026-08-14","21:55:12","Clear","Dry","Dark","2.8","27.7","3328","57232","29.2","26%","33.3","","Opened","7.267","35","Safe","Calm","0.0","48","17.0","15.0","997.3","1008.6"
"2026-08-14","21:55:22","Clear","Dry","Dark","2.9","27.7","3328","57232","29.2","26%","33.3","","Opened","7.357","35","Safe","Calm","0.8","48","17.1","15.1","997.1","1008.4"
"2026-08-14","21:55:32","Clear","Dry","Dark","2.7","27.7","3328","57232","29.2","26%","33.2","","Opened","7.314","35","Safe","Calm","1.6","48","17.1","15.0","997.2","1008.5"
"2026-08-14","21:55:42","Clear","Dry","Dark","2.9","27.7","3328","57232","29.2","26%","33.2","","Opened","7.271","35","Safe","Calm","2.3","48","17.2","15.1","997.1","1008.4"
"2026-08-14","21:55:52","Clear","Dry","Dark","2.9","27.7","3328","57232","29.2","26%","33.1","","Opened","7.357","35","Safe","Calm","3.3","48","17.2","15.1","997.3","1008.6"
"2026-08-14","21:56:03","Clear","Dry","Dark","3.0","27.7","3328","57232","29.1","26%","33.0","","Opened","7.518","35","Safe","Calm","4.5","48","17.2","15.2","997.2","1008.5"
"2026-08-14","21:56:12","Clear","Dry","Dark","3.0","27.7","3328","57232","29.1","26%","33.0","","Opened","7.302","35","Safe","Calm","5.5","49","17.2","15.2","997.3","1008.6"
"2026-08-14","21:56:22","Clear","Dry","Dark","2.8","27.7","3328","57232","29.1","26%","32.9","","Opened","7.380","35","Safe","Calm","5.4","49","17.2","15.0","997.1","1008.5"
"2026-08-14","21:56:32","Clear","Dry","Dark","2.8","27.7","3328","57232","29.1","26%","32.9","","Opened","7.349","35","Safe","Calm","5.4","49","17.2","14.9","997.3","1008.6"
"2026-08-14","21:56:42","Clear","Dry","Dark","2.9","27.7","3328","57232","29.1","26%","32.9","","Opened","7.320","35","Safe","Calm","5.4","49","17.2","15.1","997.3","1008.6"
"2026-08-14","21:56:52","Clear","Dry","Dark","2.9","27.7","3328","57232","29.0","26%","32.9","","Opened","7.304","35","Safe","Calm","5.1","49","17.2","15.1","997.1","1008.5"
"2026-08-14","21:57:03","Clear","Dry","Dark","3.0","27.7","3328","57232","29.0","26%","32.9","","Opened","7.817","35","Safe","Calm","4.7","49","17.2","15.1","997.2","1008.5"
"2026-08-14","21:57:12","Clear","Dry","Dark","2.9","27.7","3328","57232","29.0","26%","32.8","","Opened","7.309","35","Safe","Calm","4.3","49","17.2","15.1","997.1","1008.5"
"2026-08-14","21:57:22","Clear","Dry","Dark","2.9","27.7","3328","57232","29.0","26%","32.8","","Opened","7.318","35","Safe","Calm","4.3","49","17.2","15.1","997.1","1008.5"
"2026-08-14","21:57:32","Clear","Dry","Dark","2.9","27.7","3328","57232","29.0","26%","32.8","","Opened","7.264","35","Safe","Calm","3.5","49","17.2","15.1","997.2","1008.5"
"2026-08-14","21:57:42","Clear","Dry","Dark","2.9","27.7","3328","57232","29.0","26%","32.9","","Opened","7.356","35","Safe","Calm","3.5","49","17.2","15.0","997.2","1008.5"
"2026-08-14","21:57:52","Clear","Dry","Dark","3.0","27.7","3328","57232","29.0","26%","32.8","","Opened","7.342","35","Safe","Calm","3.5","49","17.2","15.1","997.2","1008.5"
"2026-08-14","21:58:03","Clear","Dry","Dark","2.9","27.7","3328","57232","29.0","26%","32.8","","Opened","7.604","35","Safe","Calm","2.7","49","17.2","15.0","997.2","1008.5"
"2026-08-14","21:58:13","Clear","Dry","Dark","2.9","27.7","3328","57232","28.9","26%","32.9","","Opened","7.521","35","Safe","Calm","2.1","49","17.2","15.1","997.3","1008.6"
"2026-08-14","21:58:22","Clear","Dry","Dark","2.9","27.6","3328","57232","29.0","26%","32.8","","Opened","7.352","35","Safe","Calm","2.1","49","17.2","15.0","997.1","1008.5"
"2026-08-14","21:58:32","Clear","Dry","Dark","3.0","27.7","3328","57232","28.9","26%","32.8","","Opened","7.314","35","Safe","Calm","3.1","49","17.2","15.1","997.2","1008.5"
"2026-08-14","21:58:42","Clear","Dry","Dark","3.0","27.6","3328","57232","28.9","26%","32.8","","Opened","7.337","35","Safe","Calm","3.1","49","17.2","15.0","997.2","1008.5"
"2026-08-14","21:58:52","Clear","Dry","Dark","2.9","27.7","3328","57232","28.9","26%","32.8","","Opened","7.300","35","Safe","Calm","3.1","49","17.2","15.0","997.2","1008.5"
"2026-08-14","21:59:03","Clear","Dry","Dark","2.9","27.7","3328","57232","28.9","26%","32.6","","Opened","7.449","35","Safe","Calm","3.9","49","17.2","15.0","997.1","1008.5"
"2026-08-14","21:59:12","Clear","Dry","Dark","2.9","27.7","3328","57232","28.9","26%","32.6","","Opened","7.377","35","Safe","Calm","3.9","49","17.2","15.0","997.2","1008.5"
"2026-08-14","21:59:22","Clear","Dry","Dark","2.9","27.6","3328","57232","28.9","26%","32.8","","Opened","7.355","35","Safe","Calm","3.3","49","17.2","15.0","997.2","1008.5"
"2026-08-14","21:59:32","Clear","Dry","Dark","2.9","27.6","3328","57232","28.9","26%","32.6","","Opened","7.305","35","Safe","Calm","2.2","49","17.2","15.0","997.1","1008.5"
"2026-08-14","21:59:43","Clear","Dry","Dark","2.9","27.6","3328","57232","28.9","26%","32.6","","Opened","7.516","35","Safe","Calm","1.4","49","17.2","15.0","997.2","1008.5"
"2026-08-14","21:59:52","Clear","Dry","Dark","2.9","27.6","3328","57232","28.9","26%","32.6","","Opened","7.360","35","Safe","Calm","0.8","49","17.2","15.0","997.3","1008.6"
"2026-08-14","22:00:03","Clear","Dry","Dark","2.9","27.6","3328","57232","28.8","26%","32.6","","Opened","7.474","35","Safe","Calm","0.0","49","17.2","14.9","997.1","1008.5"
"2026-08-14","22:00:12","Clear","Dry","Dark","2.9","27.6","3328","57232","28.9","26%","32.6","","Opened","7.372","35","Safe","Calm","0.0","49","17.2","15.0","997.2","1008.5"
"2026-08-14","22:00:23","Clear","Dry","Dark","2.9","27.6","3328","57232","28.8","26%","32.5","Heating UP","Opened","7.467","35","Safe","Calm","0.0","50","17.2","14.9","997.2","1008.5"
"2026-08-14","22:00:33","Clear","Dry","Dark","2.9","27.6","3328","57232","28.8","27%","32.5","Heating UP","Opened","7.436","35","Safe","Calm","0.0","49","17.2","15.0","997.2","1008.5"
"2026-08-14","22:00:42","Clear","Dry","Dark","2.9","27.6","3328","57232","28.8","28%","32.5","","Opened","7.348","35","Safe","Calm","0.0","49","17.2","15.0","997.2","1008.5"
"2026-08-14","22:00:52","Clear","Dry","Dark","3.0","27.5","3328","57232","28.8","28%","32.5","","Opened","7.362","35","Safe","Calm","0.0","49","17.2","15.0","997.2","1008.5"
"2026-08-14","22:01:03","Cloudy","Dry","Dark","3.1","27.6","3328","57232","28.8","28%","32.5","","Opened","7.528","35","Safe","Calm","0.0","50","17.2","15.1","997.2","1008.5"
"2026-08-14","22:01:12","Clear","Dry","Dark","3.0","27.5","3328","57232","28.8","28%","32.5","","Opened","7.352","35","Safe","Calm","0.0","50","17.2","15.0","997.2","1008.5"
"2026-08-14","22:01:22","Clear","Dry","Dark","3.0","27.6","3328","57232","28.8","28%","32.5","","Opened","7.346","35","Safe","Calm","0.0","50","17.2","15.0","997.2","1008.5"
"2026-08-14","22:01:32","Cloudy","Dry","Dark","3.1","27.6","3328","57232","28.8","28%","32.5","","Opened","7.301","35","Safe","Calm","0.0","50","17.3","15.1","997.2","1008.5"
"2026-08-14","22:01:42","Cloudy","Dry","Dark","3.1","27.6","3328","57232","28.8","28%","32.5","","Opened","7.384","35","Safe","Calm","0.0","50","17.2","15.1","997.2","1008.5"
"2026-08-14","22:01:53","Cloudy","Dry","Dark","3.1","27.6","3328","57232","28.8","28%","32.5","","Opened","7.460","35","Safe","Calm","0.0","50","17.3","15.1","997.3","1008.6"
"2026-08-14","22:02:03","Cloudy","Dry","Dark","3.1","27.6","3328","57232","28.7","28%","32.5","","Opened","7.455","35","Safe","Calm","0.0","50","17.2","15.1","997.2","1008.5"
"2026-08-14","22:02:12","Cloudy","Dry","Dark","3.0","27.6","3328","57232","28.7","28%","32.6","","Opened","7.379","35","Safe","Calm","0.0","50","17.2","15.0","997.2","1008.5"
"2026-08-14","22:02:22","Cloudy","Dry","Dark","3.4","27.6","3328","57232","28.7","28%","32.8","","Opened","7.365","35","Safe","Calm","0.0","50","17.1","15.4","997.3","1008.6"
"2026-08-14","22:02:32","Cloudy","Dry","Dark","3.3","27.6","3328","57232","28.7","28%","32.8","","Opened","7.413","35","Safe","Calm","0.8","50","17.2","15.3","997.2","1008.5"
"2026-08-14","22:02:42","Cloudy","Dry","Dark","3.3","27.6","3328","57232","28.8","28%","32.8","","Opened","7.375","35","Safe","Calm","1.7","50","17.2","15.3","997.2","1008.5"
"2026-08-14","22:02:52","Cloudy","Dry","Dark","3.1","27.6","3328","57232","28.8","28%","32.8","","Opened","7.369","35","Safe","Calm","2.5","50","17.2","15.1","997.2","1008.5"
"2026-08-14","22:03:03","Cloudy","Dry","Dark","3.3","27.6","3328","57232","28.8","28%","32.8","","Opened","7.591","35","Safe","Calm","3.1","50","17.2","15.3","997.2","1008.5"
"2026-08-14","22:03:12","Cloudy","Dry","Dark","3.4","27.6","3328","57232","28.7","28%","32.8","","Opened","7.373","35","Safe","Calm","4.0","50","17.2","15.4","997.3","1008.6"
"2026-08-14","22:03:22","Cloudy","Dry","Dark","3.3","27.6","3328","57232","28.8","28%","32.8","","Opened","7.403","35","Safe","Calm","4.8","50","17.2","15.3","997.3","1008.7"
"2026-08-14","22:03:32","Cloudy","Dry","Dark","3.4","27.6","3328","57232","28.8","28%","32.8","","Opened","7.396","35","Safe","Calm","5.0","50","17.2","15.4","997.3","1008.6"
"2026-08-14","22:03:43","Cloudy","Dry","Dark","3.2","27.7","3328","57232","28.8","28%","32.8","","Opened","7.465","35","Safe","Calm","4.7","50","17.2","15.2","997.3","1008.6"
"2026-08-14","22:03:52","Cloudy","Dry","Dark","3.2","27.7","3328","57232","28.8","28%","32.8","","Opened","7.350","35","Safe","Calm","4.7","50","17.2","15.2","997.4","1008.7"
"2026-08-14","22:04:03","Cloudy","Dry","Dark","3.2","27.7","3328","57232","28.8","28%","32.8","","Opened","7.774","35","Safe","Calm","4.8","50","17.2","15.2","997.3","1008.6"
"2026-08-14","22:04:12","Cloudy","Dry","Dark","3.4","27.7","3328","57232","28.8","28%","32.8","","Opened","7.408","35","Safe","Calm","4.8","50","17.2","15.4","997.1","1008.5"
"2026-08-14","22:04:23","Cloudy","Dry","Dark","3.2","27.7","3328","57232","28.8","28%","32.8","","Opened","7.434","35","Safe","Calm","4.8","50","17.2","15.2","997.2","1008.5"
"2026-08-14","22:04:32","Cloudy","Dry","Dark","3.2","27.7","3328","57232","28.8","28%","32.8","","Opened","7.318","35","Safe","Calm","4.7","50","17.2","15.2","997.2","1008.5"
"2026-08-14","22:04:42","Cloudy","Dry","Dark","3.4","27.7","3328","57232","28.8","28%","32.8","","Opened","7.376","35","Safe","Calm","5.1","50","17.3","15.4","997.2","1008.5"
"2026-08-14","22:04:53","Cloudy","Dry","Dark","3.1","27.7","3328","57232","28.8","28%","32.8","","Opened","7.416","35","Safe","Calm","5.2","50","17.3","15.1","997.2","1008.5"
"2026-08-14","22:05:03","Cloudy","Dry","Dark","3.1","27.7","3328","57232","28.8","28%","32.8","","Opened","7.740","35","Safe","Calm","5.1","50","17.3","15.1","997.2","1008.5"
"2026-08-14","22:05:12","Cloudy","Dry","Dark","3.1","27.7","3328","57232","28.8","28%","32.8","","Opened","7.399","35","Safe","Calm","4.8","50","17.3","15.2","997.2","1008.5"
"2026-08-14","22:05:23","Cloudy","Dry","Dark","3.3","27.7","3328","57232","28.8","28%","32.8","","Opened","7.416","35","Safe","Calm","4.8","50","17.3","15.3","997.2","1008.5"
"2026-08-14","22:05:32","Cloudy","Dry","Dark","3.3","27.8","3328","57232","28.8","28%","32.8","","Opened","7.392","35","Safe","Calm","5.1","50","17.3","15.3","997.3","1008.6"
"2026-08-14","22:05:43","Cloudy","Dry","Dark","3.1","27.7","3328","57232","28.8","28%","32.8","","Opened","7.458","35","Safe","Calm","4.7","50","17.3","15.2","997.3","1008.7"
"2026-08-14","22:05:53","Cloudy","Dry","Dark","3.2","27.7","3328","57232","28.8","28%","32.8","","Opened","7.417","35","Safe","Calm","4.4","50","17.3","15.2","997.2","1008.5"
"2026-08-14","22:06:03","Cloudy","Dry","Dark","3.2","27.7","3328","57232","28.8","28%","32.8","","Opened","7.754","35","Safe","Calm","4.4","50","17.3","15.2","997.1","1008.5"
"2026-08-14","22:06:12","Cloudy","Dry","Dark","3.2","27.7","3328","57232","28.8","28%","32.8","","Opened","7.353","35","Safe","Calm","4.4","50","17.3","15.2","997.2","1008.5"
"2026-08-14","22:06:23","Cloudy","Dry","Dark","3.2","27.7","3328","57232","28.8","28%","32.8","","Opened","7.509","35","Safe","Calm","4.5","50","17.2","15.2","997.1","1008.5"
"2026-08-14","22:06:33","Cloudy","Dry","Dark","3.2","27.7","3328","57232","28.8","28%","32.8","","Opened","7.509","35","Safe","Calm","4.3","50","17.3","15.2","997.2","1008.5"
"2026-08-14","22:06:43","Cloudy","Dry","Dark","3.3","27.7","3328","57232","28.8","28%","32.8","","Opened","7.530","35","Safe","Calm","4.4","50","17.3","15.3","997.2","1008.5"
"2026-08-14","22:06:52","Cloudy","Dry","Dark","3.1","27.7","3328","57232","28.8","28%","32.8","","Opened","7.309","35","Safe","Calm","4.5","50","17.3","15.1","997.3","1008.6"
"2026-08-14","22:07:03","Cloudy","Dry","Dark","3.1","27.7","3328","57232","28.8","28%","32.8","","Opened","7.679","35","Safe","Calm","4.7","50","17.3","15.1","997.3","1008.6"
"2026-08-14","22:07:13","Cloudy","Dry","Dark","3.0","27.7","3328","57232","28.8","28%","32.9","","Opened","7.463","35","Safe","Calm","4.7","50","17.3","15.0","997.2","1008.5"
"2026-08-14","22:07:23","Cloudy","Dry","Dark","3.1","27.7","3328","57232","28.8","28%","32.9","","Opened","7.419","35","Safe","Calm","4.4","50","17.3","15.1","997.1","1008.5"
"2026-08-14","22:07:32","Clear","Dry","Dark","3.0","27.7","3328","57232","28.8","28%","32.9","","Opened","7.313","35","Safe","Calm","4.3","50","17.3","15.0","997.3","1008.6"
"2026-08-14","22:07:43","Cloudy","Dry","Dark","3.2","27.7","3328","57232","28.8","28%","32.9","","Opened","7.459","35","Safe","Calm","4.4","50","17.4","15.3","997.3","1008.6"
"2026-08-14","22:07:53","Clear","Dry","Dark","3.0","27.7","3328","57232","28.8","28%","32.9","","Opened","7.531","35","Safe","Calm","4.4","50","17.3","15.0","997.2","1008.5"
"2026-08-14","22:08:03","Cloudy","Dry","Dark","3.1","27.7","3328","57232","28.8","28%","32.9","","Opened","7.759","35","Safe","Calm","4.3","50","17.3","15.2","997.2","1008.5"
"2026-08-14","22:08:13","Cloudy","Dry","Dark","3.0","27.7","3328","57232","28.8","28%","32.9","","Opened","7.477","35","Safe","Calm","4.3","50","17.4","15.1","997.2","1008.5"
"2026-08-14","22:08:23","Cloudy","Dry","Dark","3.1","27.7","3328","57232","28.8","28%","32.9","","Opened","7.419","35","Safe","Calm","4.3","50","17.3","15.1","997.1","1008.5"
"2026-08-14","22:08:32","Cloudy","Dry","Dark","3.1","27.7","3328","57232","28.7","28%","32.9","","Opened","7.394","35","Safe","Calm","4.3","50","17.3","15.1","997.2","1008.5"
"2026-08-14","22:08:43","Cloudy","Dry","Dark","3.1","27.7","3328","57232","28.8","28%","33.0","","Opened","7.490","35","Safe","Calm","3.3","50","17.3","15.1","997.2","1008.5"
"2026-08-14","22:08:52","Cloudy","Dry","Dark","3.1","27.7","3328","57232","28.8","28%","32.9","","Opened","7.391","35","Safe","Calm","2.6","50","17.3","15.1","997.1","1008.5"
"2026-08-14","22:09:03","Clear","Dry","Dark","3.0","27.7","3328","57232","28.8","28%","32.9","","Opened","7.652","35","Safe","Calm","1.9","50","17.3","15.0","997.2","1008.5"
"2026-08-14","22:09:13","Clear","Dry","Dark","3.0","27.6","3328","57232","28.8","28%","33.0","","Opened","7.531","35","Safe","Calm","1.3","50","17.2","15.0","997.1","1008.5"
"2026-08-14","22:09:23","Cloudy","Dry","Dark","3.2","27.6","3328","57232","28.7","28%","32.9","","Opened","7.556","35","Safe","Calm","1.4","50","17.3","15.2","997.2","1008.5"
"2026-08-14","22:09:32","Clear","Dry","Dark","3.0","27.6","3328","57232","28.8","28%","32.9","","Opened","7.385","35","Safe","Calm","1.4","50","17.3","15.0","997.2","1008.5"
"2026-08-14","22:09:43","Cloudy","Dry","Dark","3.1","27.7","3328","57232","28.8","28%","32.9","","Opened","7.495","35","Safe","Calm","2.2","50","17.3","15.1","997.1","1008.5"
"2026-08-14","22:09:53","Cloudy","Dry","Dark","3.0","27.6","3328","57232","28.7","28%","32.9","","Opened","7.438","35","Safe","Calm","3.0","50","17.3","15.0","997.3","1008.6"
"2026-08-14","22:10:03","Clear","Dry","Dark","3.0","27.6","3328","57232","28.7","28%","32.9","","Opened","7.978","35","Safe","Calm","3.6","50","17.3","15.0","997.2","1008.5"
"2026-08-14","22:10:12","Cloudy","Dry","Dark","3.1","27.6","3328","57232","28.7","28%","32.9","","Opened","7.384","35","Safe","Calm","4.3","50","17.3","15.1","997.1","1008.5"
"2026-08-14","22:10:22","Cloudy","Dry","Dark","3.0","27.6","3328","57232","28.7","28%","32.9","","Opened","7.341","35","Safe","Calm","3.5","50","17.3","15.0","997.2","1008.5"
"2026-08-14","22:10:33","Clear","Dry","Dark","3.0","27.6","3328","57232","28.7","28%","32.9","","Opened","7.446","35","Safe","Calm","2.8","50","17.3","15.0","997.2","1008.5"
"2026-08-14","22:10:42","Cloudy","Dry","Dark","3.1","27.6","3328","57232","28.7","28%","32.8","","Opened","7.362","35","Safe","Calm","2.7","50","17.3","15.1","997.1","1008.5"
"2026-08-14","22:10:53","Cloudy","Dry","Dark","3.0","27.6","3328","57232","28.7","28%","32.8","","Opened","7.397","35","Safe","Calm","2.7","50","17.3","15.0","997.1","1008.5"
"2026-08-14","22:11:03","Clear","Dry","Dark","3.0","27.6","3328","57232","28.7","28%","32.8","","Opened","7.641","35","Safe","Calm","2.8","50","17.4","15.0","997.2","1008.5"
"2026-08-14","22:11:12","Clear","Dry","Dark","3.0","27.6","3328","57232","28.7","28%","32.8","","Opened","7.338","35","Safe","Calm","2.8","50","17.3","14.9","997.1","1008.5"
"2026-08-14","22:11:23","Cloudy","Dry","Dark","3.1","27.6","3328","57232","28.7","28%","32.6","","Opened","7.422","35","Safe","Calm","3.6","50","17.3","15.0","997.2","1008.5"
"2026-08-14","22:11:32","Clear","Dry","Dark","2.9","27.6","3328","57232","28.7","28%","32.8","","Opened","7.348","35","Safe","Calm","4.3","50","17.4","14.9","997.1","1008.5"
"2026-08-14","22:11:43","Clear","Dry","Dark","2.9","27.6","3328","57232","28.7","28%","32.8","","Opened","7.449","35","Safe","Calm","4.3","50","17.3","14.9","997.1","1008.5"
"2026-08-14","22:11:53","Cloudy","Dry","Dark","3.0","27.5","3328","57232","28.7","28%","32.8","","Opened","7.473","35","Safe","Calm","4.3","50","17.3","15.0","997.2","1008.5"
"2026-08-14","22:12:03","Cloudy","Dry","Dark","3.0","27.5","3328","57232","28.7","28%","32.8","","Opened","7.760","35","Safe","Calm","4.1","50","17.3","15.0","997.2","1008.5"
"2026-08-14","22:12:13","Cloudy","Dry","Dark","3.1","27.5","3328","57232","28.7","28%","32.8","","Opened","7.411","35","Safe","Calm","4.3","50","17.3","15.0","997.2","1008.5"
"2026-08-14","22:12:23","Cloudy","Dry","Dark","3.0","27.5","3328","57232","28.6","28%","32.6","","Opened","7.395","35","Safe","Calm","4.3","50","17.3","15.0","997.3","1008.6"
"2026-08-14","22:12:33","Clear","Dry","Dark","2.9","27.5","3328","57232","28.7","28%","32.8","","Opened","7.481","35","Safe","Calm","3.6","50","17.3","14.9","997.3","1008.6"
"2026-08-14","22:12:43","Clear","Dry","Dark","3.0","27.5","3328","57232","28.6","28%","32.8","","Opened","7.414","35","Safe","Calm","3.6","50","17.3","14.9","997.1","1008.5"
"2026-08-14","22:12:53","Clear","Dry","Dark","2.9","27.5","3328","57232","28.6","28%","32.8","","Opened","7.496","35","Safe","Calm","2.8","50","17.3","14.8","997.1","1008.5"
"2026-08-14","22:13:03","Cloudy","Dry","Dark","3.0","27.5","3328","57232","28.6","28%","32.8","","Opened","7.852","35","Safe","Calm","3.0","50","17.3","15.0","997.2","1008.5"
"2026-08-14","22:13:12","Clear","Dry","Dark","2.9","27.5","3328","57232","28.7","28%","32.8","","Opened","7.335","35","Safe","Calm","3.0","50","17.4","14.9","997.1","1008.5"
"2026-08-14","22:13:23","Clear","Dry","Dark","3.0","27.5","3328","57232","28.6","28%","32.8","","Opened","7.533","35","Safe","Calm","3.0","50","17.3","14.9","997.2","1008.5"
"2026-08-14","22:13:33","Cloudy","Dry","Dark","3.1","27.5","3328","57232","28.6","28%","32.8","","Opened","7.457","35","Safe","Calm","3.8","50","17.3","15.1","997.2","1008.5"
"2026-08-14","22:13:42","Clear","Dry","Dark","3.0","27.5","3328","57232","28.6","28%","32.6","","Opened","7.378","35","Safe","Calm","3.9","51","17.4","14.9","997.2","1008.5"
"2026-08-14","22:13:53","Cloudy","Dry","Dark","3.0","27.5","3328","57232","28.6","28%","32.6","","Opened","7.399","35","Safe","Calm","4.5","51","17.3","14.9","997.2","1008.5"
"2026-08-14","22:14:03","Cloudy","Dry","Dark","3.0","27.5","3328","57232","28.6","28%","32.8","","Opened","7.774","35","Safe","Calm","3.8","50","17.3","14.9","997.1","1008.5"
"2026-08-14","22:14:12","Clear","Dry","Dark","3.0","27.4","3328","57232","28.6","28%","32.8","","Opened","7.255","35","Safe","Calm","3.0","51","17.3","14.9","997.2","1008.5"
"2026-08-14","22:14:23","Clear","Dry","Dark","2.9","27.4","3328","57232","28.6","28%","32.8","","Opened","7.412","35","Safe","Calm","2.2","50","17.3","14.9","997.2","1008.5"
"2026-08-14","22:14:33","Clear","Dry","Dark","3.0","27.4","3328","57232","28.6","28%","32.9","","Opened","7.445","35","Safe","Calm","1.4","50","17.3","14.9","997.3","1008.6"
"2026-08-14","22:14:43","Cloudy","Dry","Dark","3.1","27.4","3328","57232","28.6","28%","32.8","","Opened","7.461","35","Safe","Calm","0.6","50","17.3","15.1","997.3","1008.6"
"2026-08-14","22:14:53","Cloudy","Dry","Dark","3.1","27.4","3328","57232","28.6","28%","32.8","","Opened","7.454","35","Safe","Calm","1.1","51","17.4","15.1","997.3","1008.6"
"2026-08-14","22:15:03","Clear","Dry","Dark","2.9","27.4","3328","57232","28.6","28%","32.6","","Opened","7.659","35","Safe","Calm","1.7","51","17.5","14.8","997.2","1008.5"
"2026-08-14","22:15:13","Cloudy","Dry","Dark","3.0","27.4","3328","57232","28.6","28%","32.8","","Opened","7.430","35","Safe","Calm","2.3","51","17.4","14.9","997.2","1008.5"
"2026-08-14","22:15:23","Cloudy","Dry","Dark","3.1","27.4","3328","57232","28.6","28%","32.6","","Opened","7.422","35","Safe","Calm","3.3","51","17.4","15.1","997.2","1008.5"
"2026-08-14","22:15:33","Cloudy","Dry","Dark","3.1","27.4","3328","57232","28.6","28%","32.6","","Opened","7.417","35","Safe","Calm","4.2","51","17.4","15.0","997.2","1008.5"
"2026-08-14","22:15:42","Clear","Dry","Dark","3.0","27.5","3328","57232","28.6","28%","32.6","","Opened","7.357","35","Safe","Calm","5.0","51","17.5","14.9","997.2","1008.5"
"2026-08-14","22:15:53","Clear","Dry","Dark","3.0","27.4","3328","57232","28.6","28%","32.6","","Opened","7.429","35","Safe","Calm","4.7","51","17.4","14.9","997.1","1008.5"
"2026-08-14","22:16:03","Clear","Dry","Dark","2.9","27.5","3328","57232","28.6","28%","32.6","","Opened","7.755","35","Safe","Calm","4.7","51","17.4","14.8","997.3","1008.6"
"2026-08-14","22:16:13","Clear","Dry","Dark","2.9","27.4","3328","57232","28.6","28%","32.6","","Opened","7.441","35","Safe","Calm","4.0","51","17.4","14.8","997.1","1008.5"
"2026-08-14","22:16:22","Clear","Dry","Dark","3.0","27.4","3328","57232","28.6","28%","32.6","","Opened","7.346","35","Safe","Calm","3.1","51","17.4","14.9","997.1","1008.5"
"2026-08-14","22:16:33","Cloudy","Dry","Dark","3.0","27.4","3328","57232","28.6","28%","32.6","","Opened","7.431","35","Safe","Calm","2.8","51","17.4","14.9","997.2","1008.5"
"2026-08-14","22:16:43","Clear","Dry","Dark","3.0","27.4","3328","57232","28.6","28%","32.6","","Opened","7.432","35","Safe","Calm","2.1","51","17.4","14.9","997.3","1008.6"
"2026-08-14","22:16:53","Clear","Dry","Dark","2.9","27.4","3328","57232","28.6","28%","32.6","","Opened","7.478","35","Safe","Calm","1.9","51","17.4","14.8","997.2","1008.5"
"2026-08-14","22:17:03","Clear","Dry","Dark","2.9","27.4","3328","57232","28.6","28%","32.8","","Opened","8.093","35","Safe","Calm","1.3","51","17.4","14.8","997.2","1008.5"
"2026-08-14","22:17:13","Clear","Dry","Dark","2.9","27.4","3328","57232","28.6","28%","32.8","","Opened","7.418","35","Safe","Calm","1.3","51","17.4","14.8","997.2","1008.5"
"2026-08-14","22:17:23","Clear","Dry","Dark","2.9","27.4","3328","57232","28.6","28%","32.6","","Opened","7.417","35","Safe","Calm","1.3","51","17.4","14.8","997.2","1008.5"
"2026-08-14","22:17:33","Cloudy","Dry","Dark","3.1","27.4","3328","57232","28.5","28%","32.8","","Opened","7.376","35","Safe","Calm","0.6","51","17.4","15.0","997.2","1008.5"
"2026-08-14","22:17:43","Cloudy","Dry","Dark","3.0","27.4","3328","57232","28.6","28%","32.8","","Opened","7.441","35","Safe","Calm","0.6","51","17.5","15.0","997.2","1008.5"
"2026-08-14","22:17:53","Cloudy","Dry","Dark","3.0","27.4","3328","57232","28.5","28%","32.6","","Opened","7.464","35","Safe","Calm","0.9","51","17.5","14.9","997.2","1008.5"
"2026-08-14","22:18:03","Clear","Dry","Dark","3.0","27.5","3328","57232","28.6","28%","32.6","","Opened","7.828","35","Safe","Calm","1.6","51","17.5","14.9","997.3","1008.6"
"2026-08-14","22:18:14","Cloudy","Dry","Dark","3.0","27.4","3328","57232","28.6","28%","32.6","","Opened","8.846","35","Safe","Calm","2.3","51","17.5","14.9","997.2","1008.5"
"2026-08-14","22:18:22","Clear","Dry","Dark","2.9","27.4","3328","57232","28.6","28%","32.6","","Opened","7.299","35","Safe","Calm","3.0","51","17.5","14.8","997.2","1008.5"
"2026-08-14","22:18:33","Clear","Dry","Dark","3.0","27.5","3328","57232","28.5","28%","32.6","","Opened","7.420","35","Safe","Calm","3.8","51","17.5","14.9","997.2","1008.5"
"2026-08-14","22:18:42","Clear","Dry","Dark","3.0","27.5","3328","57232","28.6","28%","32.6","","Opened","7.334","35","Safe","Calm","4.4","51","17.5","14.9","997.3","1008.6"
"2026-08-14","22:18:53","Clear","Dry","Dark","2.9","27.4","3328","57232","28.6","28%","32.6","","Opened","7.349","35","Safe","Calm","4.3","51","17.5","14.8","997.3","1008.6"
"2026-08-14","22:19:03","Clear","Dry","Dark","2.8","27.5","3328","57232","28.5","28%","32.6","","Opened","7.754","35","Safe","Calm","4.3","51","17.5","14.7","997.1","1008.5"
"2026-08-14","22:19:13","Clear","Dry","Dark","2.9","27.5","3328","57232","28.6","28%","32.6","","Opened","7.382","35","Safe","Calm","4.3","51","17.5","14.8","997.1","1008.5"
"2026-08-14","22:19:23","Clear","Dry","Dark","2.9","27.5","3328","57232","28.5","28%","32.6","","Opened","7.598","35","Safe","Calm","4.3","51","17.5","14.8","997.2","1008.5"
"2026-08-14","22:19:33","Cloudy","Dry","Dark","3.1","27.4","3328","57232","28.5","28%","32.6","","Opened","7.405","35","Safe","Calm","4.5","51","17.5","15.0","997.2","1008.5"
"2026-08-14","22:19:43","Clear","Dry","Dark","2.9","27.5","3328","57232","28.5","28%","32.5","","Opened","7.459","35","Safe","Calm","4.7","51","17.4","14.8","997.2","1008.5"
"2026-08-14","22:19:53","Clear","Dry","Dark","2.9","27.4","3328","57232","28.5","28%","32.6","","Opened","7.454","35","Safe","Calm","4.5","51","17.5","14.8","997.2","1008.5"
"2026-08-14","22:20:03","Cloudy","Dry","Dark","3.1","27.4","3328","57232","28.5","28%","32.6","","Opened","7.738","35","Safe","Calm","3.9","51","17.4","15.0","997.2","1008.5"
"2026-08-14","22:20:13","Clear","Dry","Dark","2.9","27.4","3328","57232","28.6","28%","32.8","","Opened","7.414","35","Safe","Calm","3.1","51","17.4","14.8","997.3","1008.6"
"2026-08-14","22:20:23","Clear","Dry","Dark","2.9","27.4","3328","57232","28.6","28%","32.8","","Opened","7.414","35","Safe","Calm","2.5","51","17.5","14.8","997.2","1008.5"
"2026-08-14","22:20:33","Cloudy","Dry","Dark","3.0","27.4","3328","57232","28.6","28%","32.8","","Opened","7.498","35","Safe","Calm","2.2","51","17.5","14.9","997.1","1008.5"
"2026-08-14","22:20:43","Cloudy","Dry","Dark","3.0","27.4","3328","57232","28.6","28%","32.6","","Opened","7.369","35","Safe","Calm","2.3","51","17.6","14.9","997.2","1008.5"
"2026-08-14","22:20:53","Clear","Dry","Dark","3.0","27.5","3328","57232","28.6","28%","32.5","","Opened","7.473","35","Safe","Calm","2.6","51","17.6","14.9","997.1","1008.5"
"2026-08-14","22:21:03","Clear","Dry","Dark","2.9","27.5","3328","57232","28.5","28%","32.6","","Opened","7.738","35","Safe","Calm","3.4","51","17.5","14.8","997.1","1008.5"
"2026-08-14","22:21:13","Cloudy","Dry","Dark","3.0","27.5","3328","57232","28.5","28%","32.6","","Opened","7.543","35","Safe","Calm","4.2","51","17.5","14.9","997.2","1008.5"
"2026-08-14","22:21:23","Clear","Dry","Dark","2.9","27.5","3328","57232","28.5","28%","32.6","","Opened","7.460","35","Safe","Calm","4.8","51","17.5","14.8","997.1","1008.5"
"2026-08-14","22:21:33","Clear","Dry","Dark","3.0","27.5","3328","57232","28.5","28%","32.6","","Opened","7.441","35","Safe","Calm","4.7","51","17.5","14.9","997.2","1008.5"
"2026-08-14","22:21:43","Clear","Dry","Dark","3.0","27.5","3328","57232","28.5","28%","32.6","","Opened","7.418","35","Safe","Calm","4.4","51","17.5","14.9","997.2","1008.5"
"2026-08-14","22:21:53","Cloudy","Dry","Dark","3.2","27.5","3328","57232","28.6","28%","32.6","","Opened","7.465","35","Safe","Calm","4.4","51","17.6","15.1","997.2","1008.5"
"2026-08-14","22:22:03","Clear","Dry","Dark","3.0","27.5","3328","57232","28.6","28%","32.6","","Opened","7.713","35","Safe","Calm","4.4","52","17.6","14.9","997.2","1008.5"
"2026-08-14","22:22:13","Cloudy","Dry","Dark","3.0","27.5","3328","57232","28.6","28%","32.6","","Opened","7.442","35","Safe","Calm","4.7","52","17.6","14.9","997.3","1008.6"
"2026-08-14","22:22:23","Clear","Dry","Dark","3.0","27.5","3328","57232","28.5","28%","32.5","","Opened","7.440","35","Safe","Calm","5.0","52","17.6","14.9","997.2","1008.5"
"2026-08-14","22:22:33","Cloudy","Dry","Dark","3.1","27.5","3328","57232","28.5","28%","32.5","","Opened","7.368","35","Safe","Calm","5.2","52","17.6","15.0","997.2","1008.5"
"2026-08-14","22:22:43","Cloudy","Dry","Dark","3.1","27.5","3328","57232","28.5","28%","32.5","","Opened","7.445","35","Safe","Calm","5.5","52","17.6","14.9","997.3","1008.6"
"2026-08-14","22:22:53","Cloudy","Dry","Dark","3.0","27.5","3328","57232","28.6","28%","32.5","","Opened","7.436","35","Safe","Calm","5.4","52","17.7","14.9","997.2","1008.5"
"2026-08-14","22:23:03","Cloudy","Dry","Dark","3.1","27.5","3328","57232","28.6","28%","32.5","","Opened","7.978","35","Safe","Calm","5.2","52","17.7","15.0","997.2","1008.5"
"2026-08-14","22:23:13","Cloudy","Dry","Dark","3.0","27.5","3328","57232","28.6","28%","32.5","","Opened","7.392","35","Safe","Calm","4.8","52","17.7","14.9","997.2","1008.5"
"2026-08-14","22:23:23","Clear","Dry","Dark","2.9","27.5","3328","57232","28.5","28%","32.6","","Opened","7.436","35","Safe","Calm","4.5","52","17.7","14.8","997.2","1008.5"
"2026-08-14","22:23:33","Clear","Dry","Dark","2.9","27.5","3328","57232","28.6","28%","32.8","","Opened","7.374","35","Safe","Calm","4.3","52","17.6","14.8","997.1","1008.5"
"2026-08-14","22:23:43","Clear","Dry","Dark","2.9","27.5","3328","57232","28.6","28%","32.8","","Opened","7.402","35","Safe","Calm","3.3","51","17.6","14.8","997.2","1008.5"
"2026-08-14","22:23:53","Clear","Dry","Dark","3.0","27.5","3328","57232","28.6","28%","32.8","","Opened","7.334","35","Safe","Calm","3.2","51","17.6","14.9","997.3","1008.6"
"2026-08-14","22:24:03","Clear","Dry","Dark","2.9","27.5","3328","57232","28.6","28%","32.8","","Opened","7.753","35","Safe","Calm","3.2","52","17.6","14.9","997.2","1008.5"
"2026-08-14","22:24:13","Cloudy","Dry","Dark","3.1","27.5","3328","57232","28.6","28%","32.8","","Opened","7.326","35","Safe","Calm","3.5","52","17.7","15.0","997.3","1008.6"
"2026-08-14","22:24:23","Clear","Dry","Dark","2.9","27.5","3328","57232","28.6","28%","32.8","","Opened","7.324","35","Safe","Calm","3.5","52","17.7","14.8","997.3","1008.6"
"2026-08-14","22:24:32","Clear","Dry","Dark","2.9","27.5","3328","57232","28.6","28%","32.8","","Opened","7.280","35","Safe","Calm","2.8","52","17.7","14.8","997.2","1008.5"
"2026-08-14","22:24:43","Clear","Dry","Dark","2.9","27.5","3328","57232","28.6","28%","32.8","","Opened","7.378","35","Safe","Calm","3.5","52","17.7","14.9","997.2","1008.5"
"2026-08-14","22:24:53","Clear","Dry","Dark","2.8","27.5","3328","57232","28.6","28%","32.8","","Opened","7.366","35","Safe","Calm","3.6","52","17.7","14.8","997.2","1008.5"
"2026-08-14","22:25:03","Clear","Dry","Dark","2.9","27.5","3328","57232","28.6","28%","32.8","","Opened","7.656","35","Safe","Calm","3.0","52","17.7","14.8","997.3","1008.6"
"2026-08-14","22:25:13","Clear","Dry","Dark","2.8","27.5","3328","57232","28.6","28%","32.9","","Opened","7.368","35","Safe","Calm","2.1","52","17.6","14.7","997.2","1008.5"
"2026-08-14","22:25:23","Clear","Dry","Dark","2.9","27.5","3328","57232","28.6","28%","33.0","Heating DOWN","Opened","7.492","35","Safe","Calm","2.1","51","17.6","14.8","997.2","1008.5"
"2026-08-14","22:25:33","Clear","Dry","Dark","2.9","27.5","3328","57232","28.6","27%","33.0","Heating DOWN","Opened","7.542","35","Safe","Calm","2.1","51","17.6","14.8","997.3","1008.6"
"2026-08-14","22:25:42","Clear","Dry","Dark","2.9","27.5","3328","57232","28.6","26%","32.9","","Opened","7.302","35","Safe","Calm","2.1","52","17.6","14.8","997.2","1008.5"
"2026-08-14","22:25:53","Clear","Dry","Dark","3.0","27.5","3328","57232","28.6","26%","33.0","Heating DOWN","Opened","7.529","35","Safe","Calm","2.2","52","17.7","14.9","997.2","1008.5"
"2026-08-14","22:26:03","Clear","Dry","Dark","3.0","27.5","3328","57232","28.6","25%","32.9","","Opened","7.615","35","Safe","Calm","3.0","52","17.7","14.9","997.2","1008.5"
"2026-08-14","22:26:13","Clear","Dry","Dark","3.0","27.5","3328","57232","28.6","25%","32.9","","Opened","7.329","35","Safe","Calm","3.6","52","17.7","14.9","997.2","1008.5"
"2026-08-14","22:26:23","Cloudy","Dry","Dark","3.0","27.5","3328","57232","28.6","25%","32.9","","Opened","7.312","35","Safe","Calm","3.8","52","17.7","14.9","997.3","1008.6"
"2026-08-14","22:26:33","Cloudy","Dry","Dark","3.0","27.6","3328","57232","28.6","25%","32.8","","Opened","7.311","35","Safe","Calm","4.5","52","17.7","15.0","997.3","1008.6"
"2026-08-14","22:26:43","Clear","Dry","Dark","2.9","27.5","3328","57232","28.6","25%","32.8","","Opened","7.376","35","Safe","Calm","3.9","52","17.7","14.8","997.2","1008.5"
"2026-08-14","22:26:53","Clear","Dry","Dark","2.9","27.5","3328","57232","28.7","25%","32.8","","Opened","7.380","35","Safe","Calm","3.0","51","17.7","14.9","997.2","1008.5"
"2026-08-14","22:27:03","Clear","Dry","Dark","2.7","27.5","3328","57232","28.7","25%","32.8","","Opened","7.633","35","Safe","Calm","2.2","51","17.7","14.7","997.3","1008.6"
"2026-08-14","22:27:13","Clear","Dry","Dark","2.7","27.5","3328","57232","28.7","25%","32.8","","Opened","7.386","35","Safe","Calm","1.6","52","17.7","14.7","997.3","1008.6"
"2026-08-14","22:27:23","Clear","Dry","Dark","2.6","27.5","3328","57232","28.7","25%","32.8","","Opened","7.358","35","Safe","Calm","0.8","51","17.7","14.6","997.2","1008.5"
"2026-08-14","22:27:33","Clear","Dry","Dark","2.7","27.5","3328","57232","28.7","25%","32.8","","Opened","7.366","35","Safe","Calm","0.0","52","17.7","14.7","997.3","1008.6"
"2026-08-14","22:27:43","Clear","Dry","Dark","2.7","27.5","3328","57232","28.7","25%","32.8","","Opened","7.399","35","Safe","Calm","0.0","51","17.7","14.7","997.2","1008.5"
"2026-08-14","22:27:53","Clear","Dry","Dark","2.7","27.5","3328","57232","28.7","25%","32.8","","Opened","7.350","35","Safe","Calm","0.0","51","17.7","14.7","997.3","1008.7"
"2026-08-14","22:28:03","Clear","Dry","Dark","2.7","27.5","3328","57232","28.7","25%","32.6","","Opened","7.588","35","Safe","Calm","0.0","51","17.7","14.6","997.3","1008.6"
"2026-08-14","22:28:13","Clear","Dry","Dark","2.8","27.5","3328","57232","28.7","25%","32.6","","Opened","7.325","35","Safe","Calm","0.0","51","17.7","14.7","997.3","1008.6"
"2026-08-14","22:28:23","Clear","Dry","Dark","2.8","27.5","3328","57232","28.7","25%","32.6","","Opened","7.315","35","Safe","Calm","0.0","51","17.6","14.7","997.3","1008.6"
"2026-08-14","22:28:32","Clear","Dry","Dark","2.6","27.5","3328","57232","28.7","25%","32.6","","Opened","7.273","35","Safe","Calm","0.0","51","17.6","14.6","997.4","1008.7"
"2026-08-14","22:28:43","Clear","Dry","Dark","2.7","27.5","3328","57232","28.7","25%","32.6","","Opened","7.309","35","Safe","Calm","0.0","51","17.7","14.7","997.3","1008.6"
"2026-08-14","22:28:52","Clear","Dry","Dark","2.7","27.5","3328","57232","28.7","25%","32.6","","Opened","7.277","35","Safe","Calm","0.0","51","17.6","14.7","997.3","1008.6"
"2026-08-14","22:29:03","Clear","Dry","Dark","2.7","27.5","3328","57232","28.7","25%","32.6","","Opened","7.623","35","Safe","Calm","0.0","51","17.6","14.7","997.3","1008.7"
"2026-08-14","22:29:13","Clear","Dry","Dark","2.8","27.5","3328","57232","28.7","25%","32.6","","Opened","7.329","35","Safe","Calm","0.0","51","17.6","14.8","997.3","1008.6"
"2026-08-14","22:29:23","Clear","Dry","Dark","2.7","27.5","3328","57232","28.7","25%","32.5","","Opened","7.343","35","Safe","Calm","0.0","51","17.6","14.7","997.3","1008.6"
"2026-08-14","22:29:33","Clear","Dry","Dark","2.7","27.5","3328","57232","28.7","25%","32.5","","Opened","7.345","35","Safe","Calm","0.0","51","17.6","14.7","997.4","1008.7"
"2026-08-14","22:29:43","Clear","Dry","Dark","2.7","27.5","3328","57232","28.7","25%","32.5","","Opened","7.351","35","Safe","Calm","0.0","51","17.6","14.7","997.2","1008.5"
"2026-08-14","22:29:53","Clear","Dry","Dark","2.8","27.5","3328","57232","28.7","25%","32.5","","Opened","7.407","35","Safe","Calm","0.0","51","17.6","14.8","997.3","1008.7"
"2026-08-14","22:30:03","Clear","Dry","Dark","2.9","27.5","3328","57232","28.7","25%","32.5","","Opened","7.652","35","Safe","Calm","0.8","51","17.6","14.9","997.3","1008.7"
"2026-08-14","22:30:13","Clear","Dry","Dark","2.7","27.5","3328","57232","28.7","25%","32.5","","Opened","7.429","35","Safe","Calm","1.6","51","17.6","14.7","997.2","1008.5"
"2026-08-14","22:30:23","Clear","Dry","Dark","2.7","27.5","3328","57232","28.7","25%","32.5","","Opened","7.449","35","Safe","Calm","1.6","51","17.6","14.7","997.3","1008.6"
"2026-08-14","22:30:33","Cloudy","Dry","Dark","3.1","27.5","3328","57232","28.7","25%","32.5","","Opened","7.679","35","Safe","Calm","2.6","51","17.6","15.1","997.3","1008.6"
"2026-08-14","22:30:43","Clear","Dry","Dark","2.8","27.5","3328","57232","28.7","25%","32.4","","Opened","7.561","35","Safe","Calm","3.4","51","17.6","14.8","997.3","1008.6"
"2026-08-14","22:30:53","Clear","Dry","Dark","2.9","27.5","3328","57232","28.7","25%","32.5","","Opened","7.480","35","Safe","Calm","4.0","51","17.6","14.8","997.3","1008.6"
"2026-08-14","22:31:03","Clear","Dry","Dark","2.9","27.6","3328","57232","28.7","25%","32.5","","Opened","7.684","35","Safe","Calm","4.0","51","17.5","14.9","997.3","1008.7"
"2026-08-14","22:31:13","Clear","Dry","Dark","2.9","27.5","3328","57232","28.7","25%","32.5","","Opened","7.522","35","Safe","Calm","3.9","51","17.6","14.9","997.2","1008.5"
"2026-08-14","22:31:23","Clear","Dry","Dark","2.9","27.6","3328","57232","28.7","25%","32.5","","Opened","7.510","35","Safe","Calm","4.7","51","17.6","14.9","997.3","1008.6"
"2026-08-14","22:31:33","Clear","Dry","Dark","2.8","27.6","3328","57232","28.7","25%","32.4","","Opened","7.494","35","Safe","Calm","4.3","51","17.6","14.8","997.3","1008.6"
"2026-08-14","22:31:43","Clear","Dry","Dark","2.8","27.6","3328","57232","28.7","25%","32.4","","Opened","7.404","35","Safe","Calm","4.3","51","17.6","14.8","997.3","1008.6"
"2026-08-14","22:31:53","Clear","Dry","Dark","2.9","27.6","3328","57232","28.7","25%","32.4","","Opened","7.419","35","Safe","Calm","4.4","51","17.6","14.9","997.3","1008.7"
"2026-08-14","22:32:03","Clear","Dry","Dark","2.8","27.6","3328","57232","28.7","25%","32.4","Heating UP","Opened","7.711","35","Safe","Calm","4.4","51","17.6","14.8","997.3","1008.6"
"2026-08-14","22:32:13","Clear","Dry","Dark","2.7","27.6","3328","57232","28.7","26%","32.4","","Opened","7.409","35","Safe","Calm","4.5","51","17.6","14.7","997.3","1008.6"
"2026-08-14","22:32:23","Clear","Dry","Dark","2.8","27.6","3328","57232","28.7","26%","32.4","Heating UP","Opened","7.553","35","Safe","Calm","4.5","51","17.6","14.8","997.3","1008.7"
"2026-08-14","22:32:33","Clear","Dry","Dark","2.8","27.6","3328","57232","28.7","27%","32.4","Heating UP","Opened","7.567","35","Safe","Calm","4.5","51","17.6","14.8","997.3","1008.6"
"2026-08-14","22:32:43","Clear","Dry","Dark","2.8","27.6","3328","57232","28.7","28%","32.4","","Opened","7.519","35","Safe","Calm","4.5","51","17.6","14.8","997.3","1008.6"
"2026-08-14","22:32:53","Clear","Dry","Dark","2.7","27.6","3328","57232","28.7","28%","32.4","","Opened","7.438","35","Safe","Calm","4.4","51","17.6","14.7","997.3","1008.7"
"2026-08-14","22:33:03","Clear","Dry","Dark","2.5","27.6","3328","57232","28.7","28%","32.5","","Opened","7.844","35","Safe","Calm","3.6","51","17.6","14.5","997.3","1008.6"
"2026-08-14","22:33:13","Clear","Dry","Dark","2.7","27.6","3328","57232","28.7","28%","32.5","","Opened","7.517","35","Safe","Calm","2.8","51","17.5","14.7","997.3","1008.6"
"2026-08-14","22:33:23","Clear","Dry","Dark","2.6","27.6","3328","57232","28.7","28%","32.5","","Opened","7.489","35","Safe","Calm","2.1","51","17.5","14.6","997.3","1008.6"
"2026-08-14","22:33:33","Clear","Dry","Dark","2.7","27.6","3328","57232","28.7","28%","32.6","","Opened","7.404","35","Safe","Calm","1.4","51","17.5","14.7","997.3","1008.6"
"2026-08-14","22:33:43","Clear","Dry","Dark","2.6","27.5","3328","57232","28.8","28%","32.6","","Opened","7.417","35","Safe","Calm","1.3","51","17.5","14.6","997.3","1008.7"
"2026-08-14","22:33:53","Clear","Dry","Dark","2.7","27.5","3328","57232","28.8","28%","32.8","","Opened","7.416","35","Safe","Calm","0.6","51","17.5","14.7","997.3","1008.6"
"2026-08-14","22:34:03","Clear","Dry","Dark","2.7","27.5","3328","57232","28.8","28%","32.6","","Opened","7.697","35","Safe","Calm","1.3","51","17.5","14.7","997.3","1008.6"
"2026-08-14","22:34:13","Clear","Dry","Dark","2.6","27.5","3328","57232","28.8","28%","32.8","","Opened","7.493","35","Safe","Calm","1.3","51","17.5","14.6","997.3","1008.6"
"2026-08-14","22:34:23","Clear","Dry","Dark","2.5","27.5","3328","57232","28.8","28%","32.9","","Opened","7.412","35","Safe","Calm","1.3","50","17.5","14.5","997.3","1008.6"
"2026-08-14","22:34:33","Clear","Dry","Dark","2.6","27.5","3328","57232","28.7","28%","32.9","","Opened","7.552","35","Safe","Calm","1.3","50","17.4","14.6","997.3","1008.6"
"2026-08-14","22:34:43","Clear","Dry","Dark","2.6","27.5","3328","57232","28.7","28%","33.0","","Opened","7.531","35","Safe","Calm","0.6","50","17.4","14.6","997.3","1008.6"
"2026-08-14","22:34:53","Clear","Dry","Dark","2.5","27.4","3328","57232","28.8","28%","33.0","","Opened","7.617","35","Safe","Calm","0.6","50","17.4","14.5","997.3","1008.6"
"2026-08-14","22:35:03","Clear","Dry","Dark","2.5","27.4","3328","57232","28.7","28%","33.0","","Opened","7.914","35","Safe","Calm","0.0","50","17.4","14.5","997.3","1008.7"
"2026-08-14","22:35:13","Clear","Dry","Dark","2.5","27.4","3328","57232","28.8","28%","33.0","","Opened","7.476","35","Safe","Calm","0.0","50","17.5","14.5","997.3","1008.6"
"2026-08-14","22:35:23","Clear","Dry","Dark","2.6","27.4","3328","57232","28.7","28%","33.0","","Opened","7.650","35","Safe","Calm","0.0","50","17.4","14.6","997.3","1008.7"
"2026-08-14","22:35:33","Clear","Dry","Dark","2.4","27.4","3328","57232","28.8","28%","33.0","","Opened","7.546","35","Safe","Calm","0.0","50","17.4","14.4","997.3","1008.6"
"2026-08-14","22:35:43","Clear","Dry","Dark","2.4","27.4","3328","57232","28.7","28%","33.1","Heating DOWN","Opened","7.567","35","Safe","Calm","0.0","50","17.4","14.4","997.3","1008.7"
"2026-08-14","22:35:53","Clear","Dry","Dark","2.4","27.3","3328","57232","28.7","27%","33.1","Heating DOWN","Opened","7.537","35","Safe","Calm","0.0","50","17.4","14.4","997.3","1008.6"
"2026-08-14","22:36:03","Clear","Dry","Dark","2.4","27.3","3328","57232","28.8","26%","33.2","Heating DOWN","Opened","8.030","35","Safe","Calm","0.0","50","17.4","14.4","997.3","1008.6"
"2026-08-14","22:36:13","Clear","Dry","Dark","2.4","27.3","3328","57232","28.7","25%","33.2","Heating DOWN","Opened","7.546","35","Safe","Calm","0.0","50","17.4","14.4","997.3","1008.7"
"2026-08-14","22:36:23","Clear","Dry","Dark","2.5","27.3","3328","57232","28.7","24%","33.2","Heating DOWN","Opened","7.544","35","Safe","Calm","0.0","50","17.4","14.5","997.3","1008.6"
"2026-08-14","22:36:33","Clear","Dry","Dark","2.5","27.3","3328","57232","28.8","23%","33.2","Heating DOWN","Opened","7.640","35","Safe","Calm","0.0","50","17.4","14.5","997.3","1008.6"
"2026-08-14","22:36:43","Clear","Dry","Dark","2.4","27.3","3328","57232","28.8","22%","33.2","Heating DOWN","Opened","7.540","35","Safe","Calm","0.0","50","17.4","14.4","997.3","1008.7"
"2026-08-14","22:36:53","Clear","Dry","Dark","2.4","27.3","3328","57232","28.8","21%","33.1","","Opened","7.464","35","Safe","Calm","0.0","50","17.4","14.4","997.3","1008.6"
"2026-08-14","22:37:03","Clear","Dry","Dark","2.4","27.2","3328","57232","28.8","21%","33.0","","Opened","7.798","35","Safe","Calm","0.0","50","17.4","14.4","997.3","1008.7"
"2026-08-14","22:37:13","Clear","Dry","Dark","2.3","27.3","3328","57232","28.7","21%","33.0","","Opened","7.373","35","Safe","Calm","0.0","50","17.4","14.3","997.3","1008.7"
"2026-08-14","22:37:23","Clear","Dry","Dark","2.3","27.3","3328","57232","28.7","21%","32.9","","Opened","7.539","35","Safe","Calm","0.0","50","17.4","14.3","997.3","1008.6"
"2026-08-14","22:37:33","Clear","Dry","Dark","2.3","27.2","3328","57232","28.7","21%","32.8","","Opened","7.406","35","Safe","Calm","0.0","50","17.4","14.3","997.3","1008.6"
"2026-08-14","22:37:43","Clear","Dry","Dark","2.3","27.2","3328","57232","28.7","21%","32.6","","Opened","7.412","35","Safe","Calm","0.0","50","17.4","14.3","997.3","1008.7"
"2026-08-14","22:37:53","Clear","Dry","Dark","2.4","27.2","3328","57232","28.7","21%","32.6","","Opened","7.339","35","Safe","Calm","0.0","50","17.4","14.4","997.3","1008.6"
"2026-08-14","22:38:03","Clear","Dry","Dark","2.4","27.2","3328","57232","28.7","21%","32.5","","Opened","8.090","35","Safe","Calm","0.0","50","17.4","14.4","997.3","1008.7"
"2026-08-14","22:38:13","Clear","Dry","Dark","2.4","27.2","3328","57232","28.7","21%","32.4","","Opened","7.527","35","Safe","Calm","0.0","50","17.4","14.4","997.4","1008.7"
"2026-08-14","22:38:23","Clear","Dry","Dark","2.3","27.2","3328","57232","28.7","21%","32.4","","Opened","7.467","35","Safe","Calm","0.0","50","17.4","14.3","997.3","1008.7"
"2026-08-14","22:38:33","Clear","Dry","Dark","2.3","27.2","3328","57232","28.7","21%","32.4","","Opened","7.490","35","Safe","Calm","0.0","50","17.4","14.3","997.3","1008.7"
"2026-08-14","22:38:43","Clear","Dry","Dark","2.4","27.2","3328","57232","28.7","21%","32.4","","Opened","7.514","35","Safe","Calm","0.0","50","17.4","14.3","997.4","1008.7"
"2026-08-14","22:38:53","Clear","Dry","Dark","2.3","27.2","3328","57232","28.7","21%","32.4","","Opened","7.553","35","Safe","Calm","0.0","50","17.3","14.3","997.3","1008.6"
"2026-08-14","22:39:04","Clear","Dry","Dark","2.3","27.2","3328","57232","28.7","21%","32.4","","Opened","8.550","35","Safe","Calm","0.0","50","17.3","14.3","997.4","1008.7"
"2026-08-14","22:39:13","Clear","Dry","Dark","2.3","27.2","3328","57232","28.7","21%","32.3","Heating UP","Opened","7.487","35","Safe","Calm","0.0","50","17.3","14.3","997.4","1008.7"
"2026-08-14","22:39:23","Clear","Dry","Dark","2.3","27.2","3328","57232","28.7","22%","32.3","Heating UP","Opened","7.633","35","Safe","Calm","0.0","50","17.4","14.3","997.3","1008.7"
"2026-08-14","22:39:33","Clear","Dry","Dark","2.3","27.1","3328","57232","28.7","23%","32.3","Heating UP","Opened","7.598","35","Safe","Calm","0.0","50","17.4","14.3","997.4","1008.7"
"2026-08-14","22:39:43","Clear","Dry","Dark","2.4","27.2","3328","57232","28.7","24%","32.2","Heating UP","Opened","7.695","35","Safe","Calm","0.0","51","17.4","14.4","997.3","1008.7"
"2026-08-14","22:39:53","Clear","Dry","Dark","2.2","27.1","3328","57232","28.7","25%","32.2","Heating UP","Opened","7.547","35","Safe","Calm","0.0","51","17.4","14.2","997.3","1008.6"
"2026-08-14","22:40:03","Clear","Dry","Dark","2.3","27.1","3328","57232","28.6","26%","32.3","","Opened","7.756","35","Safe","Calm","0.0","50","17.3","14.3","997.3","1008.7"
"2026-08-14","22:40:13","Clear","Dry","Dark","2.5","27.1","3328","57232","28.6","26%","32.3","Heating UP","Opened","7.540","35","Safe","Calm","0.0","50","17.3","14.4","997.3","1008.6"
"2026-08-14","22:40:23","Clear","Dry","Dark","2.7","27.1","3328","57232","28.6","27%","32.3","","Opened","7.523","35","Safe","Calm","0.0","51","17.4","14.6","997.3","1008.7"
"2026-08-14","22:40:33","Clear","Dry","Dark","2.6","27.2","3325","57232","28.6","27%","32.2","Heating UP","Opened","7.584","35","Safe","Calm","0.6","51","17.4","14.5","997.3","1008.7"
"2026-08-14","22:40:43","Clear","Dry","Dark","3.0","27.2","3328","57232","28.6","28%","32.2","Heating UP","Opened","7.598","35","Safe","Calm","0.6","51","17.4","14.9","997.3","1008.6"
"2026-08-14","22:40:53","Cloudy","Dry","Dark","3.0","27.2","3328","57232","28.6","29%","32.3","","Opened","7.429","35","Safe","Calm","1.3","51","17.4","14.9","997.3","1008.7"
"2026-08-14","22:41:03","Clear","Dry","Dark","2.5","27.2","3328","57232","28.6","29%","32.3","","Opened","7.912","35","Safe","Calm","1.3","51","17.4","14.5","997.4","1008.7"
"2026-08-14","22:41:13","Clear","Dry","Dark","2.6","27.2","3328","57232","28.6","29%","32.4","","Opened","7.370","35","Safe","Calm","1.3","51","17.4","14.5","997.4","1008.8"
"2026-08-14","22:41:23","Clear","Dry","Dark","2.5","27.2","3328","57232","28.6","29%","32.4","","Opened","7.426","35","Safe","Calm","1.3","51","17.3","14.4","997.3","1008.7"
"2026-08-14","22:41:33","Clear","Dry","Dark","2.6","27.2","3328","57232","28.6","29%","32.5","","Opened","7.371","35","Safe","Calm","0.6","51","17.3","14.5","997.4","1008.7"
"2026-08-14","22:41:43","Clear","Dry","Dark","2.6","27.2","3328","57232","28.6","29%","32.5","","Opened","7.435","35","Safe","Calm","0.6","51","17.4","14.5","997.3","1008.7"
"2026-08-14","22:41:53","Clear","Dry","Dark","2.5","27.2","3328","57232","28.6","29%","32.6","","Opened","7.424","35","Safe","Calm","0.0","51","17.4","14.5","997.3","1008.7"
"2026-08-14","22:42:03","Clear","Dry","Dark","2.5","27.2","3328","57232","28.6","29%","32.6","","Opened","8.031","35","Safe","Calm","0.0","51","17.4","14.4","997.3","1008.7"
"2026-08-14","22:42:13","Clear","Dry","Dark","2.6","27.2","3328","57232","28.6","29%","32.8","","Opened","7.398","35","Safe","Calm","0.0","51","17.3","14.5","997.3","1008.7"
"2026-08-14","22:42:23","Clear","Dry","Dark","2.6","27.2","3328","57232","28.6","29%","32.8","","Opened","7.390","35","Safe","Calm","0.0","51","17.4","14.5","997.3","1008.6"
"2026-08-14","22:42:33","Clear","Dry","Dark","2.5","27.2","3328","57232","28.6","29%","32.8","","Opened","7.434","35","Safe","Calm","0.0","51","17.4","14.4","997.4","1008.7"
"2026-08-14","22:42:43","Clear","Dry","Dark","2.4","27.2","3328","57232","28.6","29%","32.8","","Opened","7.341","35","Safe","Calm","0.0","51","17.4","14.3","997.3","1008.7"
"2026-08-14","22:42:53","Clear","Dry","Dark","2.5","27.2","3328","57232","28.6","29%","32.8","","Opened","7.406","35","Safe","Calm","0.0","51","17.4","14.4","997.3","1008.7"
"2026-08-14","22:43:03","Clear","Dry","Dark","2.5","27.2","3328","57232","28.6","29%","32.8","","Opened","7.898","35","Safe","Calm","0.0","51","17.4","14.4","997.4","1008.7"
"2026-08-14","22:43:13","Clear","Dry","Dark","2.5","27.2","3328","57232","28.6","29%","32.8","","Opened","7.417","35","Safe","Calm","0.0","51","17.4","14.4","997.4","1008.7"
"2026-08-14","22:43:23","Clear","Dry","Dark","2.4","27.2","3328","57232","28.6","29%","32.8","","Opened","7.397","35","Safe","Calm","0.0","51","17.4","14.3","997.3","1008.7"
"2026-08-14","22:43:33","Clear","Dry","Dark","2.5","27.2","3328","57232","28.6","29%","32.8","","Opened","7.390","35","Safe","Calm","0.0","51","17.4","14.4","997.4","1008.7"
"2026-08-14","22:43:43","Clear","Dry","Dark","2.4","27.2","3328","57232","28.5","29%","32.8","","Opened","7.437","35","Safe","Calm","0.0","51","17.4","14.3","997.4","1008.7"
"2026-08-14","22:43:53","Clear","Dry","Dark","2.3","27.2","3328","57232","28.6","29%","32.8","","Opened","7.409","35","Safe","Calm","0.0","51","17.4","14.3","997.4","1008.7"
"2026-08-14","22:44:03","Clear","Dry","Dark","2.4","27.2","3328","57232","28.6","29%","32.8","","Opened","7.843","35","Safe","Calm","0.0","51","17.4","14.3","997.4","1008.7"
"2026-08-14","22:44:13","Clear","Dry","Dark","2.5","27.2","3328","57232","28.6","29%","32.8","","Opened","7.537","35","Safe","Calm","0.0","51","17.4","14.4","997.4","1008.8"
"2026-08-14","22:44:23","Clear","Dry","Dark","2.4","27.2","3328","57232","28.5","29%","32.8","","Opened","7.462","35","Safe","Calm","0.0","51","17.4","14.3","997.4","1008.8"
"2026-08-14","22:44:33","Clear","Dry","Dark","2.6","27.2","3328","57232","28.6","29%","32.8","","Opened","7.579","35","Safe","Calm","0.0","51","17.4","14.5","997.4","1008.7"
"2026-08-14","22:44:43","Clear","Dry","Dark","2.7","27.2","3328","57232","28.5","29%","32.8","","Opened","7.365","35","Safe","Calm","0.0","51","17.4","14.6","997.4","1008.7"
"2026-08-14","22:44:53","Clear","Dry","Dark","2.6","27.2","3328","57232","28.5","29%","32.8","","Opened","7.422","35","Safe","Calm","0.0","51","17.4","14.5","997.4","1008.7"
"2026-08-14","22:45:03","Clear","Dry","Dark","2.6","27.2","3328","57232","28.5","29%","32.8","","Opened","7.698","35","Safe","Calm","0.0","51","17.4","14.5","997.3","1008.7"
"2026-08-14","22:45:13","Clear","Dry","Dark","2.7","27.2","3328","57232","28.5","29%","32.8","","Opened","7.473","35","Safe","Calm","0.0","51","17.4","14.6","997.4","1008.8"
"2026-08-14","22:45:23","Clear","Dry","Dark","2.9","27.3","3328","57232","28.6","29%","32.8","","Opened","7.413","35","Safe","Calm","0.0","51","17.4","14.8","997.4","1008.7"
"2026-08-14","22:45:33","Clear","Dry","Dark","2.7","27.3","3328","57232","28.5","29%","32.8","","Opened","7.392","35","Safe","Calm","0.0","51","17.4","14.6","997.4","1008.7"
"2026-08-14","22:45:43","Clear","Dry","Dark","2.5","27.3","3328","57232","28.6","29%","32.8","","Opened","7.475","35","Safe","Calm","0.0","51","17.4","14.4","997.4","1008.8"
"2026-08-14","22:45:53","Clear","Dry","Dark","2.8","27.3","3328","57232","28.6","29%","32.8","","Opened","7.400","35","Safe","Calm","0.0","51","17.4","14.7","997.3","1008.7"
"2026-08-14","22:46:03","Clear","Dry","Dark","2.7","27.3","3328","57232","28.5","29%","32.9","Heating DOWN","Opened","7.930","35","Safe","Calm","0.0","51","17.4","14.6","997.4","1008.7"
"2026-08-14","22:46:13","Clear","Dry","Dark","2.6","27.3","3328","57232","28.6","28%","32.9","","Opened","7.525","35","Safe","Calm","0.0","51","17.4","14.5","997.4","1008.7"
"2026-08-14","22:46:23","Clear","Dry","Dark","2.6","27.3","3328","57232","28.6","28%","32.9","","Opened","7.433","35","Safe","Calm","0.0","51","17.4","14.5","997.4","1008.7"
"2026-08-14","22:46:33","Clear","Dry","Dark","2.4","27.3","3328","57232","28.6","28%","32.9","","Opened","7.389","35","Safe","Calm","0.0","51","17.4","14.4","997.4","1008.8"
"2026-08-14","22:46:43","Clear","Dry","Dark","2.4","27.3","3328","57232","28.6","28%","33.0","Heating DOWN","Opened","7.479","35","Safe","Calm","0.0","51","17.4","14.4","997.3","1008.7"
"2026-08-14","22:46:53","Clear","Dry","Dark","2.6","27.3","3328","57232","28.6","27%","33.1","Heating DOWN","Opened","7.584","35","Safe","Calm","0.0","51","17.4","14.5","997.4","1008.7"
"2026-08-14","22:47:03","Clear","Dry","Dark","2.5","27.3","3328","57232","28.6","26%","33.1","Heating DOWN","Opened","7.904","35","Safe","Calm","0.0","51","17.4","14.4","997.4","1008.8"
"2026-08-14","22:47:13","Clear","Dry","Dark","2.4","27.3","3328","57232","28.6","25%","33.1","Heating DOWN","Opened","7.621","35","Safe","Calm","0.0","51","17.4","14.4","997.4","1008.7"
"2026-08-14","22:47:23","Clear","Dry","Dark","2.3","27.3","3328","57232","28.6","24%","33.1","Heating DOWN","Opened","7.471","35","Safe","Calm","0.0","51","17.4","14.3","997.4","1008.7"
"2026-08-14","22:47:33","Clear","Dry","Dark","2.6","27.3","3328","57232","28.6","23%","33.1","Heating DOWN","Opened","7.509","35","Safe","Calm","0.0","51","17.4","14.5","997.3","1008.7"
"2026-08-14","22:47:43","Clear","Dry","Dark","2.4","27.3","3328","57232","28.6","22%","33.0","","Opened","7.308","35","Safe","Calm","0.0","51","17.4","14.4","997.4","1008.7"
"2026-08-14","22:47:53","Clear","Dry","Dark","2.3","27.3","3328","57232","28.6","22%","32.9","","Opened","7.368","35","Safe","Calm","0.0","51","17.4","14.2","997.4","1008.8"
"2026-08-14","22:48:03","Clear","Dry","Dark","2.3","27.3","3328","57232","28.6","22%","32.9","","Opened","7.564","35","Safe","Calm","0.0","51","17.4","14.2","997.4","1008.8"
"2026-08-14","22:48:13","Clear","Dry","Dark","2.5","27.3","3328","57232","28.6","22%","32.8","","Opened","7.373","35","Safe","Calm","0.0","51","17.4","14.4","997.4","1008.7"
"2026-08-14","22:48:23","Clear","Dry","Dark","2.4","27.3","3328","57232","28.6","22%","32.6","","Opened","7.508","35","Safe","Calm","0.0","51","17.4","14.3","997.4","1008.7"
"2026-08-14","22:48:33","Clear","Dry","Dark","2.4","27.3","3328","57232","28.6","22%","32.6","","Opened","7.334","35","Safe","Calm","0.0","51","17.4","14.3","997.4","1008.7"
"2026-08-14","22:48:43","Clear","Dry","Dark","2.4","27.3","3328","57232","28.6","22%","32.5","","Opened","7.352","35","Safe","Calm","0.0","51","17.4","14.3","997.4","1008.7"
"2026-08-14","22:48:53","Clear","Dry","Dark","2.4","27.3","3328","57232","28.6","22%","32.5","","Opened","7.392","35","Safe","Calm","0.0","51","17.4","14.4","997.4","1008.8"
"2026-08-14","22:49:03","Clear","Dry","Dark","2.4","27.2","3328","57232","28.6","22%","32.4","","Opened","7.725","35","Safe","Calm","0.0","51","17.4","14.3","997.4","1008.8"
"2026-08-14","22:49:13","Clear","Dry","Dark","2.4","27.2","3328","57232","28.6","22%","32.4","","Opened","7.497","35","Safe","Calm","0.0","51","17.4","14.3","997.4","1008.7"
"2026-08-14","22:49:23","Clear","Dry","Dark","2.4","27.2","3328","57232","28.6","22%","32.3","","Opened","7.556","35","Safe","Calm","0.0","51","17.4","14.4","997.4","1008.7"
"2026-08-14","22:49:33","Clear","Dry","Dark","2.5","27.2","3328","57232","28.6","22%","32.2","Heating UP","Opened","7.729","35","Safe","Calm","0.0","51","17.4","14.4","997.3","1008.7"
"2026-08-14","22:49:43","Clear","Dry","Dark","2.5","27.2","3321","57232","28.6","23%","32.1","Heating UP","Opened","7.488","35","Safe","Calm","0.0","51","17.4","14.4","997.4","1008.8"
"2026-08-14","22:49:53","Clear","Dry","Dark","2.3","27.2","3328","57232","28.6","24%","32.1","Heating UP","Opened","7.581","35","Safe","Calm","0.0","51","17.4","14.2","997.4","1008.7"
"2026-08-14","22:50:03","Clear","Dry","Dark","2.3","27.2","3328","57232","28.6","25%","32.1","Heating UP","Opened","7.885","35","Safe","Calm","0.0","51","17.4","14.2","997.4","1008.7"
"2026-08-14","22:50:13","Clear","Dry","Dark","2.3","27.2","3328","57232","28.6","26%","32.1","Heating UP","Opened","7.570","35","Safe","Calm","0.0","51","17.4","14.2","997.4","1008.7"
"2026-08-14","22:50:23","Clear","Dry","Dark","2.4","27.2","3317","57232","28.6","27%","32.2","","Opened","7.336","35","Safe","Calm","0.0","51","17.4","14.3","997.4","1008.7"
"2026-08-14","22:50:33","Clear","Dry","Dark","2.3","27.2","3318","57232","28.6","27%","32.1","Heating UP","Opened","7.742","35","Safe","Calm","0.0","51","17.4","14.2","997.4","1008.8"
"2026-08-14","22:50:43","Clear","Dry","Dark","2.4","27.2","3328","57232","28.6","28%","32.2","","Opened","7.384","35","Safe","Calm","0.0","51","17.4","14.3","997.3","1008.7"
"2026-08-14","22:50:53","Clear","Dry","Dark","2.3","27.2","3328","57232","28.6","28%","32.2","Heating UP","Opened","7.675","35","Safe","Calm","0.0","51","17.4","14.2","997.4","1008.7"
"2026-08-14","22:51:03","Clear","Dry","Dark","2.3","27.2","3328","57232","28.5","29%","32.2","Heating UP","Opened","7.928","35","Safe","Calm","0.0","51","17.4","14.2","997.4","1008.8"
"2026-08-14","22:51:13","Clear","Dry","Dark","2.4","27.2","3328","57232","28.5","30%","32.2","Heating UP","Opened","7.606","35","Safe","Calm","0.0","51","17.4","14.3","997.4","1008.8"
"2026-08-14","22:51:23","Clear","Dry","Dark","2.4","27.2","3315","57232","28.5","31%","32.3","","Opened","7.415","35","Safe","Calm","0.0","51","17.4","14.3","997.4","1008.7"
"2026-08-14","22:51:33","Clear","Dry","Dark","2.4","27.1","3315","57232","28.5","31%","32.3","","Opened","7.415","35","Safe","Calm","0.0","51","17.4","14.3","997.5","1008.9"
"2026-08-14","22:51:43","Clear","Dry","Dark","2.4","27.1","3316","57232","28.5","31%","32.3","","Opened","7.405","35","Safe","Calm","0.0","51","17.4","14.3","997.4","1008.7"
"2026-08-14","22:51:53","Clear","Dry","Dark","2.5","27.1","3316","57232","28.5","31%","32.3","","Opened","7.363","35","Safe","Calm","0.0","51","17.4","14.4","997.4","1008.8"
"2026-08-14","22:52:03","Clear","Dry","Dark","2.3","27.1","3318","57232","28.5","31%","32.4","","Opened","7.681","35","Safe","Calm","0.0","51","17.4","14.2","997.4","1008.7"
"2026-08-14","22:52:13","Clear","Dry","Dark","2.3","27.1","3318","57232","28.5","31%","32.5","","Opened","7.642","35","Safe","Calm","0.0","51","17.4","14.2","997.5","1008.9"
"2026-08-14","22:52:23","Clear","Dry","Dark","2.5","27.1","3319","57232","28.5","31%","32.5","","Opened","7.510","35","Safe","Calm","0.0","51","17.4","14.4","997.4","1008.8"
"2026-08-14","22:52:33","Clear","Dry","Dark","2.5","27.1","3319","57232","28.5","31%","32.6","","Opened","7.364","35","Safe","Calm","0.0","51","17.4","14.3","997.4","1008.7"
"2026-08-14","22:52:43","Clear","Dry","Dark","2.3","27.1","3320","57232","28.5","31%","32.6","","Opened","7.424","35","Safe","Calm","0.0","51","17.4","14.2","997.4","1008.7"
"2026-08-14","22:52:53","Clear","Dry","Dark","2.5","27.1","3320","57232","28.5","31%","32.6","","Opened","7.389","35","Safe","Calm","0.0","51","17.4","14.3","997.4","1008.8"
"2026-08-14","22:53:03","Clear","Dry","Dark","2.5","27.1","3321","57232","28.5","31%","32.6","","Opened","7.500","35","Safe","Calm","0.0","51","17.4","14.4","997.4","1008.7"
"2026-08-14","22:53:13","Clear","Dry","Dark","2.4","27.1","3321","57232","28.5","31%","32.8","","Opened","7.362","35","Safe","Calm","0.0","51","17.4","14.3","997.3","1008.7"
"2026-08-14","22:53:23","Clear","Dry","Dark","2.3","27.1","3321","57232","28.5","31%","32.8","","Opened","7.317","35","Safe","Calm","0.0","51","17.4","14.2","997.4","1008.7"
"2026-08-14","22:53:33","Clear","Dry","Dark","2.4","27.1","3322","57232","28.5","31%","32.8","","Opened","7.268","35","Safe","Calm","0.0","51","17.4","14.3","997.5","1008.9"
"2026-08-14","22:53:43","Clear","Dry","Dark","2.3","27.1","3322","57232","28.5","31%","32.8","","Opened","7.358","35","Safe","Calm","0.0","51","17.4","14.2","997.4","1008.8"
"2026-08-14","22:53:53","Clear","Dry","Dark","2.2","27.1","3322","57232","28.5","31%","32.8","","Opened","7.327","35","Safe","Calm","0.0","51","17.4","14.1","997.4","1008.8"
"2026-08-14","22:54:03","Clear","Dry","Dark","2.3","27.1","3323","57232","28.5","31%","32.8","","Opened","7.488","35","Safe","Calm","0.0","51","17.4","14.1","997.4","1008.8"
"2026-08-14","22:54:13","Clear","Dry","Dark","2.4","27.1","3322","57232","28.5","31%","32.8","","Opened","7.373","35","Safe","Calm","0.0","51","17.4","14.2","997.4","1008.7"
"2026-08-14","22:54:23","Clear","Dry","Dark","2.4","27.1","3320","57232","28.5","31%","32.8","","Opened","7.305","35","Safe","Calm","0.0","51","17.4","14.3","997.4","1008.7"
"2026-08-14","22:54:33","Clear","Dry","Dark","2.5","27.0","3321","57232","28.4","31%","32.8","Heating DOWN","Opened","7.410","35","Safe","Calm","0.0","51","17.4","14.3","997.4","1008.7"
"2026-08-14","22:54:43","Clear","Dry","Dark","2.5","27.1","3328","57232","28.5","30%","32.8","","Opened","7.280","35","Safe","Calm","0.0","51","17.5","14.3","997.4","1008.7"
"2026-08-14","22:54:53","Clear","Dry","Dark","2.6","27.1","3328","57232","28.4","30%","32.8","Heating DOWN","Opened","7.494","35","Safe","Calm","0.0","51","17.4","14.5","997.4","1008.7"
"2026-08-14","22:55:03","Clear","Dry","Dark","2.5","27.1","3328","57232","28.5","29%","32.8","","Opened","7.591","35","Safe","Calm","0.0","51","17.5","14.4","997.4","1008.7"
"2026-08-14","22:55:13","Clear","Dry","Dark","2.6","27.1","3328","57232","28.4","29%","32.6","","Opened","7.321","35","Safe","Calm","0.0","51","17.5","14.4","997.4","1008.7"
"2026-08-14","22:55:23","Clear","Dry","Dark","2.5","27.1","3328","57232","28.4","29%","32.6","","Opened","7.319","35","Safe","Calm","0.0","51","17.4","14.4","997.4","1008.7"
"2026-08-14","22:55:33","Clear","Dry","Dark","2.6","27.1","3328","57232","28.4","29%","32.6","","Opened","7.267","35","Safe","Calm","0.0","51","17.5","14.4","997.4","1008.8"
"2026-08-14","22:55:43","Clear","Dry","Dark","2.7","27.1","3328","57232","28.4","29%","32.6","","Opened","7.363","35","Safe","Calm","0.0","51","17.5","14.5","997.4","1008.7"
"2026-08-14","22:55:53","Clear","Dry","Dark","2.4","27.2","3328","57232","28.4","29%","32.5","","Opened","7.317","35","Safe","Calm","0.0","52","17.5","14.3","997.4","1008.7"
"2026-08-14","22:56:03","Clear","Dry","Dark","2.7","27.2","3328","57232","28.4","29%","32.5","","Opened","7.485","35","Safe","Calm","0.0","51","17.5","14.5","997.3","1008.7"
"2026-08-14","22:56:13","Clear","Dry","Dark","2.5","27.2","3328","57232","28.4","29%","32.5","","Opened","7.313","35","Safe","Calm","0.0","52","17.5","14.3","997.4","1008.7"
"2026-08-14","22:56:23","Clear","Dry","Dark","2.5","27.2","3328","57232","28.4","29%","32.5","","Opened","7.261","35","Safe","Calm","0.0","51","17.4","14.3","997.4","1008.8"
"2026-08-14","22:56:33","Clear","Dry","Dark","2.6","27.2","3328","57232","28.4","29%","32.5","","Opened","7.349","35","Safe","Calm","0.0","51","17.4","14.5","997.4","1008.7"
"2026-08-14","22:56:43","Clear","Dry","Dark","2.6","27.2","3328","57232","28.4","29%","32.4","","Opened","7.286","35","Safe","Calm","0.0","51","17.4","14.4","997.4","1008.7"
"2026-08-14","22:56:53","Clear","Dry","Dark","2.5","27.2","3328","57232","28.4","29%","32.4","","Opened","7.377","35","Safe","Calm","0.0","52","17.5","14.3","997.4","1008.7"
"2026-08-14","22:57:03","Clear","Dry","Dark","2.6","27.2","3328","57232","28.4","29%","32.4","","Opened","7.535","35","Safe","Calm","0.0","52","17.5","14.4","997.4","1008.8"
"2026-08-14","22:57:13","Clear","Dry","Dark","2.5","27.2","3328","57232","28.4","29%","32.4","","Opened","7.300","35","Safe","Calm","0.0","52","17.5","14.3","997.4","1008.7"
"2026-08-14","22:57:23","Clear","Dry","Dark","2.5","27.2","3328","57232","28.4","29%","32.5","","Opened","7.254","35","Safe","Calm","0.0","51","17.4","14.3","997.4","1008.8"
"2026-08-14","22:57:33","Clear","Dry","Dark","2.7","27.2","3328","57232","28.4","29%","32.4","","Opened","7.349","35","Safe","Calm","0.0","52","17.5","14.5","997.4","1008.8"
"2026-08-14","22:57:43","Clear","Dry","Dark","2.7","27.2","3328","57232","28.4","29%","32.4","","Opened","7.344","35","Safe","Calm","0.0","52","17.5","14.5","997.4","1008.7"
"2026-08-14","22:57:53","Clear","Dry","Dark","2.6","27.2","3328","57232","28.4","29%","32.4","","Opened","7.304","35","Safe","Calm","0.0","52","17.4","14.4","997.3","1008.7"
"2026-08-14","22:58:03","Clear","Dry","Dark","2.5","27.2","3328","57232","28.4","29%","32.4","","Opened","7.690","35","Safe","Calm","0.0","52","17.5","14.4","997.4","1008.7"
"2026-08-14","22:58:13","Clear","Dry","Dark","2.6","27.2","3328","57232","28.4","29%","32.4","","Opened","7.281","35","Safe","Calm","0.0","52","17.5","14.4","997.4","1008.8"
"2026-08-14","22:58:23","Clear","Dry","Dark","2.5","27.2","3328","57232","28.4","29%","32.4","","Opened","7.345","35","Safe","Calm","0.0","52","17.5","14.3","997.4","1008.8"
"2026-08-14","22:58:33","Clear","Dry","Dark","2.4","27.2","3328","57232","28.4","29%","32.4","","Opened","7.327","35","Safe","Calm","0.0","52","17.5","14.2","997.5","1008.9"
"2026-08-14","22:58:43","Clear","Dry","Dark","2.5","27.2","3328","57232","28.4","29%","32.4","","Opened","7.279","35","Safe","Calm","0.0","52","17.5","14.3","997.4","1008.7"
"2026-08-14","22:58:53","Clear","Dry","Dark","2.5","27.2","3328","57232","28.4","29%","32.4","","Opened","7.346","35","Safe","Calm","0.0","52","17.5","14.3","997.4","1008.7"
"2026-08-14","22:59:03","Clear","Dry","Dark","2.4","27.2","3328","57232","28.4","29%","32.4","","Opened","7.465","35","Safe","Calm","0.0","51","17.4","14.2","997.4","1008.7"
"2026-08-14","22:59:13","Clear","Dry","Dark","2.5","27.2","3328","57232","28.4","29%","32.4","","Opened","7.313","35","Safe","Calm","0.0","51","17.4","14.3","997.4","1008.8"
"2026-08-14","22:59:23","Clear","Dry","Dark","2.5","27.2","3328","57232","28.4","29%","32.3","","Opened","7.344","35","Safe","Calm","0.0","51","17.5","14.3","997.4","1008.8"
"2026-08-14","22:59:33","Clear","Dry","Dark","2.7","27.2","3328","57232","28.4","29%","32.4","","Opened","7.274","35","Safe","Calm","0.0","51","17.4","14.5","997.4","1008.7"
"2026-08-14","22:59:43","Clear","Dry","Dark","2.6","27.2","3328","57232","28.4","29%","32.4","","Opened","7.385","35","Safe","Calm","0.0","51","17.4","14.4","997.4","1008.8"
"2026-08-14","22:59:53","Clear","Dry","Dark","2.6","27.2","3328","57232","28.4","29%","32.4","","Opened","7.331","35","Safe","Calm","0.0","51","17.5","14.5","997.4","1008.7"
"2026-08-14","23:00:03","Clear","Dry","Dark","2.5","27.2","3328","57232","28.4","29%","32.4","","Opened","7.534","35","Safe","Calm","0.0","51","17.4","14.3","997.4","1008.7"
"2026-08-14","23:00:13","Clear","Dry","Dark","2.7","27.2","3328","57232","28.4","29%","32.4","","Opened","7.262","35","Safe","Calm","0.0","51","17.4","14.6","997.4","1008.7"
"2026-08-14","23:00:23","Clear","Dry","Dark","2.5","27.2","3328","57232","28.4","29%","32.4","","Opened","7.385","35","Safe","Calm","0.0","51","17.4","14.3","997.4","1008.7"
"2026-08-14","23:00:33","Clear","Dry","Dark","2.5","27.2","3328","57232","28.4","29%","32.4","","Opened","7.362","35","Safe","Calm","0.0","51","17.4","14.3","997.4","1008.7"
"2026-08-14","23:00:43","Clear","Dry","Dark","2.4","27.2","3328","57232","28.4","29%","32.5","","Opened","7.326","35","Safe","Calm","0.0","51","17.4","14.3","997.4","1008.7"
"2026-08-14","23:00:53","Clear","Dry","Dark","2.3","27.2","3328","57232","28.4","29%","32.5","","Opened","7.302","35","Safe","Calm","0.0","51","17.4","14.1","997.4","1008.8"
"2026-08-14","23:01:03","Clear","Dry","Dark","2.4","27.2","3328","57232","28.4","29%","32.6","","Opened","7.659","35","Safe","Calm","0.0","51","17.4","14.2","997.3","1008.7"
"2026-08-14","23:01:13","Clear","Dry","Dark","2.3","27.2","3328","57232","28.4","29%","32.6","","Opened","7.309","35","Safe","Calm","0.0","51","17.4","14.1","997.4","1008.7"
"2026-08-14","23:01:23","Clear","Dry","Dark","2.4","27.2","3328","57232","28.4","29%","32.5","","Opened","7.330","35","Safe","Calm","0.0","51","17.4","14.2","997.4","1008.7"
"2026-08-14","23:01:33","Clear","Dry","Dark","2.4","27.2","3328","57232","28.4","29%","32.5","","Opened","7.292","35","Safe","Calm","0.0","51","17.4","14.3","997.4","1008.7"
"2026-08-14","23:01:43","Clear","Dry","Dark","2.4","27.2","3328","57232","28.4","29%","32.5","","Opened","7.298","35","Safe","Calm","0.0","51","17.4","14.2","997.4","1008.7"
"2026-08-14","23:01:53","Clear","Dry","Dark","2.3","27.2","3328","57232","28.4","29%","32.5","","Opened","7.257","35","Safe","Calm","0.0","51","17.4","14.1","997.4","1008.7"
"2026-08-14","23:02:03","Clear","Dry","Dark","2.4","27.1","3328","57232","28.4","29%","32.5","","Opened","7.562","35","Safe","Calm","0.0","51","17.4","14.2","997.4","1008.7"
"2026-08-14","23:02:13","Clear","Dry","Dark","2.5","27.1","3328","57232","28.4","29%","32.6","","Opened","7.341","35","Safe","Calm","0.0","51","17.4","14.3","997.5","1008.9"
"2026-08-14","23:02:23","Clear","Dry","Dark","2.5","27.1","3328","57232","28.4","29%","32.6","","Opened","7.333","35","Safe","Calm","0.0","51","17.4","14.3","997.5","1008.9"
"2026-08-14","23:02:33","Clear","Dry","Dark","2.3","27.2","3328","57232","28.4","29%","32.5","","Opened","7.310","35","Safe","Calm","0.0","51","17.4","14.2","997.4","1008.7"
"2026-08-14","23:02:43","Clear","Dry","Dark","2.3","27.1","3328","57232","28.4","29%","32.6","","Opened","7.285","35","Safe","Calm","0.0","51","17.4","14.1","997.4","1008.8"
"2026-08-14","23:02:53","Clear","Dry","Dark","2.4","27.1","3328","57232","28.4","29%","32.6","","Opened","7.342","35","Safe","Calm","0.0","51","17.4","14.2","997.4","1008.7"
"2026-08-14","23:03:03","Clear","Dry","Dark","2.5","27.1","3328","57232","28.4","29%","32.6","","Opened","7.546","35","Safe","Calm","0.0","51","17.4","14.3","997.5","1008.9"
"2026-08-14","23:03:13","Clear","Dry","Dark","2.3","27.1","3328","57232","28.4","29%","32.8","Heating DOWN","Opened","7.432","35","Safe","Calm","0.0","51","17.3","14.1","997.4","1008.7"
"2026-08-14","23:03:23","Clear","Dry","Dark","2.5","27.1","3328","57232","28.4","28%","32.8","Heating DOWN","Opened","7.425","35","Safe","Calm","0.0","51","17.3","14.3","997.4","1008.8"
"2026-08-14","23:03:33","Clear","Dry","Dark","2.4","27.1","3328","57232","28.4","27%","32.6","","Opened","7.333","35","Safe","Calm","0.0","51","17.3","14.2","997.4","1008.7"
"2026-08-14","23:03:43","Clear","Dry","Dark","2.4","27.1","3328","57232","28.4","27%","32.6","","Opened","7.342","35","Safe","Calm","0.0","51","17.3","14.2","997.4","1008.8"
"2026-08-14","23:03:53","Clear","Dry","Dark","2.5","27.1","3328","57232","28.4","27%","32.5","","Opened","7.312","35","Safe","Calm","0.0","51","17.3","14.3","997.4","1008.8"
"2026-08-14","23:04:03","Clear","Dry","Dark","2.3","27.1","3328","57232","28.4","27%","32.5","","Opened","7.741","35","Safe","Calm","0.0","51","17.3","14.1","997.4","1008.8"
"2026-08-14","23:04:13","Clear","Dry","Dark","2.3","27.1","3328","57232","28.4","27%","32.5","","Opened","7.298","35","Safe","Calm","0.0","51","17.3","14.1","997.4","1008.7"
"2026-08-14","23:04:23","Clear","Dry","Dark","2.4","27.1","3328","57232","28.4","27%","32.5","","Opened","7.293","35","Safe","Calm","0.0","51","17.3","14.2","997.4","1008.8"
"2026-08-14","23:04:33","Clear","Dry","Dark","2.5","27.1","3328","57232","28.4","27%","32.4","","Opened","7.428","35","Safe","Calm","0.0","51","17.3","14.3","997.4","1008.7"
"2026-08-14","23:04:43","Clear","Dry","Dark","2.5","27.2","3328","57232","28.4","27%","32.4","","Opened","7.294","35","Safe","Calm","0.0","51","17.3","14.3","997.4","1008.7"
"2026-08-14","23:04:53","Clear","Dry","Dark","2.4","27.1","3328","57232","28.4","27%","32.4","","Opened","7.275","35","Safe","Calm","0.0","51","17.3","14.2","997.4","1008.8"
"2026-08-14","23:05:03","Clear","Dry","Dark","2.3","27.1","3328","57232","28.4","27%","32.4","","Opened","7.618","35","Safe","Calm","0.0","51","17.2","14.1","997.4","1008.8"
"2026-08-14","23:05:13","Clear","Dry","Dark","2.4","27.1","3328","57232","28.4","27%","32.4","","Opened","7.379","35","Safe","Calm","0.0","51","17.2","14.2","997.4","1008.8"
"2026-08-14","23:05:23","Clear","Dry","Dark","2.4","27.1","3328","57232","28.4","27%","32.5","","Opened","7.321","35","Safe","Calm","0.0","51","17.2","14.2","997.4","1008.7"
"2026-08-14","23:05:33","Clear","Dry","Dark","2.4","27.1","3328","57232","28.4","27%","32.4","","Opened","7.317","35","Safe","Calm","0.0","51","17.2","14.2","997.4","1008.8"
"2026-08-14","23:05:43","Clear","Dry","Dark","2.3","27.1","3328","57232","28.4","27%","32.5","","Opened","7.283","35","Safe","Calm","0.0","51","17.2","14.1","997.4","1008.7"
"2026-08-14","23:05:53","Clear","Dry","Dark","2.2","27.1","3328","57232","28.4","27%","32.5","","Opened","7.383","35","Safe","Calm","0.0","51","17.2","14.0","997.4","1008.8"
"2026-08-14","23:06:03","Clear","Dry","Dark","2.3","27.1","3328","57232","28.4","27%","32.5","","Opened","7.737","35","Safe","Calm","0.0","51","17.2","14.1","997.4","1008.7"
"2026-08-14","23:06:13","Clear","Dry","Dark","2.3","27.0","3328","57232","28.4","27%","32.5","","Opened","7.312","35","Safe","Calm","0.0","51","17.2","14.1","997.4","1008.7"
"2026-08-14","23:06:23","Clear","Dry","Dark","2.4","27.1","3328","57232","28.4","27%","32.5","","Opened","7.253","35","Safe","Calm","0.0","51","17.2","14.2","997.4","1008.8"
"2026-08-14","23:06:33","Clear","Dry","Dark","2.2","27.0","3328","57232","28.4","27%","32.5","","Opened","7.350","35","Safe","Calm","0.0","51","17.2","14.0","997.4","1008.7"
"2026-08-14","23:06:43","Clear","Dry","Dark","2.2","27.0","3328","57232","28.4","27%","32.6","","Opened","7.329","35","Safe","Calm","0.0","51","17.1","14.0","997.4","1008.7"
"2026-08-14","23:06:53","Clear","Dry","Dark","2.4","27.0","3328","57232","28.4","27%","32.6","","Opened","7.276","35","Safe","Calm","0.0","51","17.1","14.2","997.4","1008.8"
"2026-08-14","23:07:03","Clear","Dry","Dark","2.3","27.0","3328","57232","28.4","27%","32.6","","Opened","7.737","35","Safe","Calm","0.0","51","17.2","14.1","997.4","1008.7"
"2026-08-14","23:07:13","Clear","Dry","Dark","2.2","27.0","3328","57232","28.4","27%","32.6","","Opened","7.327","35","Safe","Calm","0.0","50","17.1","14.1","997.4","1008.8"
"2026-08-14","23:07:23","Clear","Dry","Dark","2.2","27.0","3328","57232","28.4","27%","32.6","","Opened","7.291","35","Safe","Calm","0.0","50","17.1","14.0","997.4","1008.7"
"2026-08-14","23:07:33","Clear","Dry","Dark","2.4","27.0","3328","57232","28.4","27%","32.8","Heating DOWN","Opened","7.446","35","Safe","Calm","0.0","50","17.1","14.2","997.4","1008.7"
"2026-08-14","23:07:43","Clear","Dry","Dark","2.3","27.0","3328","57232","28.4","26%","32.8","Heating DOWN","Opened","7.511","35","Safe","Calm","0.0","50","17.1","14.1","997.4","1008.7"
"2026-08-14","23:07:53","Clear","Dry","Dark","2.4","27.0","3328","57232","28.4","25%","32.6","","Opened","7.304","35","Safe","Calm","0.0","51","17.1","14.2","997.4","1008.7"
"2026-08-14","23:08:03","Clear","Dry","Dark","2.2","26.9","3328","57232","28.4","25%","32.8","Heating DOWN","Opened","7.660","35","Safe","Calm","0.0","51","17.1","14.0","997.4","1008.7"
"2026-08-14","23:08:13","Clear","Dry","Dark","2.4","26.9","3328","57232","28.4","24%","32.6","","Opened","7.314","35","Safe","Calm","0.0","50","17.1","14.2","997.4","1008.7"
"2026-08-14","23:08:23","Clear","Dry","Dark","2.1","26.9","3328","57232","28.4","24%","32.6","","Opened","7.265","35","Safe","Calm","0.0","50","17.1","13.9","997.4","1008.7"
"2026-08-14","23:08:33","Clear","Dry","Dark","2.2","26.9","3328","57232","28.4","24%","32.5","","Opened","7.375","35","Safe","Calm","0.0","50","17.1","14.0","997.4","1008.8"
"2026-08-14","23:08:43","Clear","Dry","Dark","2.4","26.9","3328","57232","28.4","24%","32.5","","Opened","7.373","35","Safe","Calm","0.0","50","17.1","14.2","997.4","1008.7"
"2026-08-14","23:08:53","Clear","Dry","Dark","2.3","26.9","3328","57232","28.4","24%","32.4","","Opened","7.357","35","Safe","Calm","0.0","50","17.1","14.1","997.4","1008.7"
"2026-08-14","23:09:03","Clear","Dry","Dark","2.3","27.0","3328","57232","28.4","24%","32.4","","Opened","7.582","35","Safe","Calm","0.0","50","17.1","14.1","997.4","1008.8"
"2026-08-14","23:09:13","Clear","Dry","Dark","2.3","27.0","3328","57232","28.3","24%","32.4","","Opened","7.297","35","Safe","Calm","0.0","50","17.1","14.1","997.4","1008.7"
"2026-08-14","23:09:23","Clear","Dry","Dark","2.5","27.0","3328","57232","28.3","24%","32.4","","Opened","7.429","35","Safe","Calm","0.0","51","17.1","14.3","997.4","1008.8"
"2026-08-14","23:09:33","Clear","Dry","Dark","2.4","27.0","3328","57232","28.3","24%","32.3","","Opened","7.383","35","Safe","Calm","0.0","51","17.1","14.1","997.4","1008.7"
"2026-08-14","23:09:43","Clear","Dry","Dark","2.4","27.0","3328","57232","28.4","24%","32.3","","Opened","7.354","35","Safe","Calm","0.0","50","17.1","14.2","997.4","1008.7"
"2026-08-14","23:09:53","Clear","Dry","Dark","2.1","27.0","3328","57232","28.3","24%","32.3","","Opened","7.345","35","Safe","Calm","0.0","50","17.1","13.9","997.4","1008.7"
"2026-08-14","23:10:03","Clear","Dry","Dark","2.3","27.0","3328","57232","28.3","24%","32.3","","Opened","7.561","35","Safe","Calm","0.0","50","17.0","14.1","997.4","1008.7"
"2026-08-14","23:10:13","Clear","Dry","Dark","2.3","27.0","3328","57232","28.3","24%","32.3","","Opened","7.301","35","Safe","Calm","0.0","50","17.0","14.1","997.4","1008.7"
"2026-08-14","23:10:23","Clear","Dry","Dark","2.4","27.0","3328","57232","28.3","24%","32.3","","Opened","7.447","35","Safe","Calm","0.0","50","17.0","14.1","997.4","1008.7"
"2026-08-14","23:10:33","Clear","Dry","Dark","2.2","26.9","3328","57232","28.3","24%","32.3","","Opened","7.309","35","Safe","Calm","0.0","50","17.0","14.0","997.3","1008.7"
"2026-08-14","23:10:43","Clear","Dry","Dark","2.4","27.0","3328","57232","28.3","24%","32.3","","Opened","7.378","35","Safe","Calm","0.0","50","17.0","14.2","997.4","1008.7"
"2026-08-14","23:10:53","Clear","Dry","Dark","2.7","26.9","3328","57232","28.3","24%","32.3","","Opened","7.324","35","Safe","Calm","0.0","50","17.0","14.5","997.4","1008.7"
"2026-08-14","23:11:03","Clear","Dry","Dark","2.4","27.0","3328","57232","28.3","24%","32.3","","Opened","7.663","35","Safe","Calm","0.0","50","16.9","14.2","997.4","1008.7"
"2026-08-14","23:11:13","Clear","Dry","Dark","2.7","27.0","3328","57232","28.3","24%","32.2","","Opened","7.395","35","Safe","Calm","0.0","50","16.9","14.5","997.4","1008.7"
"2026-08-14","23:11:23","Clear","Dry","Dark","2.5","27.0","3328","57232","28.3","24%","32.3","","Opened","7.321","35","Safe","Calm","0.0","49","16.8","14.3","997.3","1008.7"
"2026-08-14","23:11:33","Clear","Dry","Dark","2.5","27.0","3328","57232","28.3","24%","32.3","","Opened","7.310","35","Safe","Calm","0.0","49","16.7","14.3","997.3","1008.7"
"2026-08-14","23:11:43","Clear","Dry","Dark","2.5","27.0","3328","57232","28.3","24%","32.3","","Opened","7.277","35","Safe","Calm","0.0","49","16.7","14.3","997.4","1008.7"
"2026-08-14","23:11:53","Clear","Dry","Dark","2.3","27.0","3328","57232","28.3","24%","32.3","","Opened","7.350","35","Safe","Calm","0.0","49","16.7","14.1","997.4","1008.7"
"2026-08-14","23:12:03","Clear","Dry","Dark","2.2","27.0","3328","57232","28.3","24%","32.3","","Opened","7.519","35","Safe","Calm","0.0","49","16.6","14.0","997.4","1008.8"
"2026-08-14","23:12:13","Clear","Dry","Dark","2.3","27.0","3328","57232","28.3","24%","32.4","","Opened","7.315","35","Safe","Calm","0.0","49","16.6","14.0","997.3","1008.7"
"2026-08-14","23:12:23","Clear","Dry","Dark","2.2","27.0","3328","57232","28.3","24%","32.4","","Opened","7.418","35","Safe","Calm","0.0","49","16.6","14.0","997.4","1008.7"
"2026-08-14","23:12:33","Clear","Dry","Dark","2.2","26.9","3328","57232","28.3","24%","32.4","","Opened","7.404","35","Safe","Calm","0.0","49","16.6","14.0","997.3","1008.7"
"2026-08-14","23:12:43","Clear","Dry","Dark","2.2","26.9","3328","57232","28.3","24%","32.5","","Opened","7.261","35","Safe","Calm","0.0","49","16.6","14.0","997.4","1008.7"
"2026-08-14","23:12:53","Clear","Dry","Dark","2.2","26.9","3328","57232","28.3","24%","32.4","","Opened","7.348","35","Safe","Calm","0.0","49","16.6","14.0","997.4","1008.7"
"2026-08-14","23:13:03","Clear","Dry","Dark","2.1","26.9","3328","57232","28.4","24%","32.4","","Opened","7.531","35","Safe","Calm","0.0","49","16.7","14.0","997.4","1008.7"
"2026-08-14","23:13:13","Clear","Dry","Dark","2.2","26.9","3328","57232","28.4","24%","32.4","","Opened","7.326","35","Safe","Calm","0.0","49","16.6","14.0","997.4","1008.7"
"2026-08-14","23:13:23","Clear","Dry","Dark","2.2","26.9","3328","57232","28.4","24%","32.4","","Opened","7.284","35","Safe","Calm","0.0","49","16.7","14.0","997.4","1008.8"
"2026-08-14","23:13:33","Clear","Dry","Dark","2.3","26.9","3328","57232","28.4","24%","32.4","","Opened","7.271","35","Safe","Calm","0.0","49","16.7","14.1","997.6","1008.9"
"2026-08-14","23:13:43","Clear","Dry","Dark","2.4","26.9","3328","57232","28.4","24%","32.4","","Opened","7.270","35","Safe","Calm","0.0","49","16.6","14.2","997.4","1008.7"
"2026-08-14","23:13:53","Clear","Dry","Dark","2.5","26.9","3328","57232","28.4","24%","32.3","","Opened","7.359","35","Safe","Calm","0.6","49","16.6","14.3","997.4","1008.7"
"2026-08-14","23:14:03","Clear","Dry","Dark","2.6","26.9","3328","57232","28.4","24%","32.3","","Opened","7.585","35","Safe","Calm","1.3","49","16.6","14.4","997.4","1008.8"
"2026-08-14","23:14:13","Clear","Dry","Dark","2.3","26.9","3328","57232","28.4","24%","32.2","","Opened","7.297","35","Safe","Calm","1.9","49","16.5","14.1","997.4","1008.7"
"2026-08-14","23:14:23","Clear","Dry","Dark","2.3","26.9","3328","57232","28.4","24%","32.3","","Opened","7.271","35","Safe","Calm","1.9","49","16.5","14.1","997.3","1008.7"
"2026-08-14","23:14:33","Clear","Dry","Dark","2.5","26.9","3328","57232","28.3","24%","32.2","","Opened","7.355","35","Safe","Calm","2.6","48","16.5","14.3","997.4","1008.7"
"2026-08-14","23:14:43","Clear","Dry","Dark","2.5","27.0","3328","57232","28.3","24%","32.2","","Opened","7.327","35","Safe","Calm","3.2","48","16.3","14.3","997.3","1008.7"
"2026-08-14","23:14:53","Clear","Dry","Dark","2.4","27.0","3328","57232","28.3","24%","32.2","","Opened","7.290","35","Safe","Calm","2.6","48","16.3","14.2","997.4","1008.7"
"2026-08-14","23:15:03","Clear","Dry","Dark","2.5","27.1","3328","57232","28.3","24%","32.2","","Opened","7.633","35","Safe","Calm","2.6","48","16.3","14.3","997.4","1008.7"
"2026-08-14","23:15:13","Clear","Dry","Dark","3.0","27.1","3328","57232","28.4","24%","32.2","","Opened","7.364","35","Safe","Calm","3.0","48","16.2","14.8","997.4","1008.7"
"2026-08-14","23:15:23","Clear","Dry","Dark","2.5","27.2","3328","57232","28.4","24%","32.1","","Opened","7.366","35","Safe","Calm","3.9","47","16.0","14.4","997.3","1008.7"
"2026-08-14","23:15:33","Clear","Dry","Dark","2.4","27.2","3328","57232","28.4","24%","32.1","","Opened","7.330","35","Safe","Calm","3.3","47","16.0","14.2","997.4","1008.7"
"2026-08-14","23:15:43","Clear","Dry","Dark","2.4","27.1","3328","57232","28.4","24%","32.2","","Opened","7.296","35","Safe","Calm","2.6","47","16.1","14.2","997.3","1008.7"
"2026-08-14","23:15:53","Clear","Dry","Dark","2.7","27.2","3328","57232","28.4","24%","32.2","","Opened","7.284","35","Safe","Calm","3.3","47","16.0","14.5","997.4","1008.7"
"2026-08-14","23:16:03","Clear","Dry","Dark","2.6","27.2","3328","57232","28.4","24%","32.2","","Opened","7.635","35","Safe","Calm","3.3","47","16.0","14.4","997.4","1008.7"
"2026-08-14","23:16:13","Clear","Dry","Dark","2.8","27.2","3328","57232","28.4","24%","32.2","","Opened","7.342","35","Safe","Calm","3.0","47","16.0","14.6","997.4","1008.7"
"2026-08-14","23:16:23","Clear","Dry","Dark","2.8","27.2","3328","57232","28.4","24%","32.1","","Opened","7.365","35","Safe","Calm","2.8","47","15.9","14.6","997.4","1008.8"
"2026-08-14","23:16:33","Clear","Dry","Dark","2.6","27.3","3328","57232","28.4","24%","32.1","Heating UP","Opened","7.469","35","Safe","Calm","3.5","46","15.8","14.4","997.3","1008.7"
"2026-08-14","23:16:43","Clear","Dry","Dark","2.5","27.3","3328","57232","28.4","25%","32.2","","Opened","7.354","35","Safe","Calm","4.1","46","15.9","14.3","997.5","1008.9"
"2026-08-14","23:16:53","Clear","Dry","Dark","2.7","27.3","3328","57232","28.4","25%","32.2","","Opened","7.296","35","Safe","Calm","4.1","47","15.9","14.5","997.4","1008.7"
"2026-08-14","23:17:03","Clear","Dry","Dark","2.6","27.3","3328","57232","28.4","25%","32.2","","Opened","7.737","35","Safe","Calm","4.1","46","15.8","14.4","997.4","1008.7"
"2026-08-14","23:17:13","Clear","Dry","Dark","2.5","27.3","3328","57232","28.4","25%","32.2","","Opened","7.349","35","Safe","Calm","3.3","46","15.7","14.3","997.3","1008.7"
"2026-08-14","23:17:23","Clear","Dry","Dark","2.6","27.3","3328","57232","28.4","25%","32.2","","Opened","7.307","35","Safe","Calm","2.6","46","15.7","14.4","997.4","1008.7"
"2026-08-14","23:17:33","Clear","Dry","Dark","2.5","27.3","3328","57232","28.5","25%","32.1","Heating UP","Opened","7.500","35","Safe","Calm","1.9","46","15.6","14.3","997.4","1008.7"
"2026-08-14","23:17:43","Clear","Dry","Dark","2.5","27.3","3328","57232","28.4","26%","32.1","Heating UP","Opened","7.498","35","Safe","Calm","1.3","46","15.6","14.3","997.3","1008.7"
"2026-08-14","23:17:53","Clear","Dry","Dark","2.4","27.3","3328","57232","28.5","27%","32.2","","Opened","7.360","35","Safe","Calm","0.6","46","15.6","14.3","997.4","1008.7"
"2026-08-14","23:18:03","Clear","Dry","Dark","2.5","27.3","3328","57232","28.5","27%","32.2","","Opened","7.529","35","Safe","Calm","0.0","46","15.6","14.3","997.3","1008.7"
"2026-08-14","23:18:13","Clear","Dry","Dark","2.5","27.3","3328","57232","28.5","27%","32.2","","Opened","7.302","35","Safe","Calm","0.0","46","15.6","14.3","997.4","1008.8"
"2026-08-14","23:18:23","Clear","Dry","Dark","2.3","27.3","3328","57232","28.5","27%","32.3","","Opened","7.413","35","Safe","Calm","0.0","45","15.5","14.2","997.4","1008.7"
"2026-08-14","23:18:33","Clear","Dry","Dark","2.4","27.3","3328","57232","28.5","27%","32.3","","Opened","7.382","35","Safe","Calm","0.0","45","15.5","14.3","997.4","1008.7"
"2026-08-14","23:18:43","Clear","Dry","Dark","2.6","27.3","3328","57232","28.5","27%","32.3","","Opened","7.347","35","Safe","Calm","0.0","45","15.5","14.5","997.4","1008.7"
"2026-08-14","23:18:53","Clear","Dry","Dark","2.6","27.3","3328","57232","28.5","27%","32.3","","Opened","7.306","35","Safe","Calm","0.0","45","15.4","14.5","997.4","1008.7"
"2026-08-14","23:19:03","Clear","Dry","Dark","2.6","27.3","3328","57232","28.5","27%","32.3","","Opened","7.581","35","Safe","Calm","0.0","45","15.3","14.5","997.3","1008.7"
"2026-08-14","23:19:13","Clear","Dry","Dark","2.7","27.3","3328","57232","28.5","27%","32.3","","Opened","7.326","35","Safe","Calm","0.0","45","15.3","14.6","997.3","1008.7"
"2026-08-14","23:19:23","Clear","Dry","Dark","2.6","27.3","3328","57232","28.5","27%","32.3","","Opened","7.285","35","Safe","Calm","0.0","44","15.3","14.5","997.3","1008.7"
"2026-08-14","23:19:33","Clear","Dry","Dark","2.7","27.3","3328","57232","28.5","27%","32.3","","Opened","7.397","35","Safe","Calm","0.0","44","15.2","14.5","997.3","1008.7"
"2026-08-14","23:19:43","Clear","Dry","Dark","2.5","27.4","3328","57232","28.6","27%","32.3","","Opened","7.289","35","Safe","Calm","0.0","44","15.2","14.4","997.4","1008.7"
"2026-08-14","23:19:53","Clear","Dry","Dark","2.5","27.4","3328","57232","28.5","27%","32.4","","Opened","7.381","35","Safe","Calm","0.0","44","15.2","14.4","997.4","1008.8"
"2026-08-14","23:20:03","Clear","Dry","Dark","2.6","27.4","3328","57232","28.5","27%","32.4","","Opened","7.507","35","Safe","Calm","0.0","44","15.2","14.5","997.4","1008.7"
"2026-08-14","23:20:13","Clear","Dry","Dark","2.5","27.4","3328","57232","28.6","27%","32.4","","Opened","7.259","35","Safe","Calm","0.0","44","15.2","14.4","997.3","1008.7"
"2026-08-14","23:20:23","Clear","Dry","Dark","2.6","27.4","3328","57232","28.6","27%","32.4","","Opened","7.348","35","Safe","Calm","0.0","44","15.2","14.5","997.4","1008.7"
"2026-08-14","23:20:33","Clear","Dry","Dark","2.6","27.4","3328","57232","28.6","27%","32.4","","Opened","7.284","35","Safe","Calm","0.0","44","15.1","14.5","997.4","1008.7"
"2026-08-14","23:20:43","Clear","Dry","Dark","2.5","27.4","3328","57232","28.6","27%","32.4","","Opened","7.351","35","Safe","Calm","0.0","44","15.0","14.4","997.3","1008.7"
"2026-08-14","23:20:53","Clear","Dry","Dark","2.6","27.4","3328","57232","28.6","27%","32.4","","Opened","7.300","35","Safe","Calm","0.0","44","15.0","14.5","997.3","1008.7"
"2026-08-14","23:21:03","Clear","Dry","Dark","2.6","27.4","3328","57232","28.6","27%","32.4","","Opened","7.555","35","Safe","Calm","0.0","44","15.0","14.6","997.3","1008.6"
"2026-08-14","23:21:13","Clear","Dry","Dark","2.5","27.4","3328","57232","28.6","27%","32.4","","Opened","7.351","35","Safe","Calm","0.0","43","15.0","14.4","997.3","1008.7"
"2026-08-14","23:21:23","Clear","Dry","Dark","2.6","27.4","3328","57232","28.6","27%","32.5","","Opened","7.299","35","Safe","Calm","0.0","43","15.0","14.5","997.4","1008.7"
"2026-08-14","23:21:33","Clear","Dry","Dark","2.4","27.4","3328","57232","28.6","27%","32.5","","Opened","7.288","35","Safe","Calm","0.0","43","14.9","14.4","997.4","1008.7"
"2026-08-14","23:21:43","Clear","Dry","Dark","2.5","27.4","3328","57232","28.6","27%","32.5","","Opened","7.390","35","Safe","Calm","0.0","43","15.0","14.4","997.3","1008.7"
"2026-08-14","23:21:53","Clear","Dry","Dark","2.5","27.4","3328","57232","28.6","27%","32.5","","Opened","7.338","35","Safe","Calm","0.0","43","14.9","14.5","997.3","1008.7"
"2026-08-14","23:22:03","Clear","Dry","Dark","2.7","27.4","3328","57232","28.6","27%","32.5","","Opened","7.522","35","Safe","Calm","0.0","43","14.9","14.6","997.3","1008.7"
"2026-08-14","23:22:13","Clear","Dry","Dark","2.6","27.5","3328","57232","28.6","27%","32.5","","Opened","7.366","35","Safe","Calm","0.0","43","14.9","14.6","997.3","1008.7"
"2026-08-14","23:22:23","Clear","Dry","Dark","2.4","27.5","3328","57232","28.7","27%","32.5","","Opened","7.354","35","Safe","Calm","0.0","43","14.9","14.3","997.4","1008.7"
"2026-08-14","23:22:33","Clear","Dry","Dark","2.5","27.5","3328","57232","28.7","27%","32.5","","Opened","7.314","35","Safe","Calm","0.0","43","14.9","14.4","997.3","1008.7"
"2026-08-14","23:22:43","Clear","Dry","Dark","2.6","27.5","3328","57232","28.6","27%","32.5","","Opened","7.275","35","Safe","Calm","0.0","43","14.9","14.6","997.3","1008.7"
"2026-08-14","23:22:53","Clear","Dry","Dark","2.5","27.5","3328","57232","28.7","27%","32.5","","Opened","7.353","35","Safe","Calm","0.0","43","14.9","14.5","997.3","1008.6"
"2026-08-14","23:23:03","Clear","Dry","Dark","2.4","27.5","3328","57232","28.7","27%","32.5","","Opened","7.514","35","Safe","Calm","0.0","43","14.9","14.4","997.3","1008.7"
"2026-08-14","23:23:13","Clear","Dry","Dark","2.4","27.5","3328","57232","28.7","27%","32.6","","Opened","7.369","35","Safe","Calm","0.0","43","14.9","14.3","997.3","1008.6"
"2026-08-14","23:23:23","Clear","Dry","Dark","2.4","27.5","3328","57232","28.7","27%","32.6","","Opened","7.315","35","Safe","Calm","0.0","43","14.9","14.4","997.3","1008.7"
"2026-08-14","23:23:33","Clear","Dry","Dark","2.4","27.5","3328","57232","28.7","27%","32.6","","Opened","7.278","35","Safe","Calm","0.0","43","14.9","14.3","997.3","1008.7"
"2026-08-14","23:23:43","Clear","Dry","Dark","2.4","27.4","3328","57232","28.7","27%","32.8","","Opened","7.365","35","Safe","Calm","0.0","43","14.9","14.3","997.3","1008.7"
"2026-08-14","23:23:53","Clear","Dry","Dark","2.2","27.4","3328","57232","28.7","27%","32.8","","Opened","7.356","35","Safe","Calm","0.0","43","15.0","14.2","997.4","1008.7"
"2026-08-14","23:24:03","Clear","Dry","Dark","2.5","27.4","3328","57232","28.7","27%","32.8","","Opened","7.495","35","Safe","Calm","0.0","43","14.9","14.5","997.3","1008.7"
"2026-08-14","23:24:13","Clear","Dry","Dark","2.4","27.4","3328","57232","28.7","27%","32.8","","Opened","7.275","35","Safe","Calm","0.0","43","14.9","14.4","997.3","1008.7"
"2026-08-14","23:24:23","Clear","Dry","Dark","2.4","27.4","3328","57232","28.7","27%","32.8","","Opened","7.336","35","Safe","Calm","0.0","43","14.8","14.4","997.3","1008.7"
"2026-08-14","23:24:33","Clear","Dry","Dark","2.2","27.4","3328","57232","28.7","27%","32.8","","Opened","7.346","35","Safe","Calm","0.0","43","14.9","14.2","997.3","1008.7"
"2026-08-14","23:24:43","Clear","Dry","Dark","2.4","27.4","3328","57232","28.7","27%","32.9","","Opened","7.303","35","Safe","Calm","0.0","43","14.9","14.4","997.4","1008.7"
"2026-08-14","23:24:53","Clear","Dry","Dark","2.4","27.4","3328","57232","28.7","27%","32.9","","Opened","7.326","35","Safe","Calm","0.0","43","14.9","14.3","997.3","1008.7"
"2026-08-14","23:25:03","Clear","Dry","Dark","2.3","27.4","3328","57232","28.7","27%","32.9","","Opened","7.488","35","Safe","Calm","0.0","43","14.8","14.2","997.3","1008.7"
"2026-08-14","23:25:13","Clear","Dry","Dark","2.4","27.4","3328","57232","28.7","27%","32.9","","Opened","7.338","35","Safe","Calm","0.0","43","14.8","14.4","997.3","1008.7"
"2026-08-14","23:25:23","Clear","Dry","Dark","2.5","27.4","3328","57232","28.7","27%","32.9","","Opened","7.384","35","Safe","Calm","0.0","43","14.8","14.5","997.4","1008.8"
"2026-08-14","23:25:33","Clear","Dry","Dark","2.7","27.4","3328","57232","28.7","27%","32.9","","Opened","7.335","35","Safe","Calm","0.0","43","14.8","14.7","997.4","1008.7"
"2026-08-14","23:25:43","Clear","Dry","Dark","2.5","27.4","3328","57232","28.8","27%","32.9","","Opened","7.290","35","Safe","Calm","0.0","42","14.7","14.5","997.4","1008.8"
"2026-08-14","23:25:53","Clear","Dry","Dark","2.4","27.4","3328","57232","28.7","27%","32.9","","Opened","7.412","35","Safe","Calm","0.0","42","14.7","14.4","997.4","1008.7"
"2026-08-14","23:26:03","Clear","Dry","Dark","2.4","27.4","3328","57232","28.8","27%","33.0","","Opened","7.560","35","Safe","Calm","0.0","42","14.7","14.4","997.4","1008.7"
"2026-08-14","23:26:13","Clear","Dry","Dark","2.4","27.4","3328","57232","28.7","27%","33.0","","Opened","7.337","35","Safe","Calm","0.0","42","14.7","14.4","997.3","1008.7"
"2026-08-14","23:26:23","Clear","Dry","Dark","2.6","27.4","3328","57232","28.8","27%","33.0","","Opened","7.282","35","Safe","Calm","0.0","42","14.7","14.6","997.3","1008.7"
"2026-08-14","23:26:33","Clear","Dry","Dark","2.6","27.5","3328","57232","28.8","27%","33.0","","Opened","7.355","35","Safe","Calm","0.0","42","14.6","14.6","997.3","1008.7"
"2026-08-14","23:26:43","Clear","Dry","Dark","2.5","27.5","3328","57232","28.8","27%","33.0","","Opened","7.291","35","Safe","Calm","0.0","42","14.6","14.5","997.4","1008.7"
"2026-08-14","23:26:53","Clear","Dry","Dark","2.5","27.5","3328","57232","28.8","27%","33.0","","Opened","7.377","35","Safe","Calm","0.0","42","14.6","14.6","997.3","1008.7"
"2026-08-14","23:27:03","Clear","Dry","Dark","2.5","27.5","3328","57232","28.8","27%","33.0","","Opened","7.661","35","Safe","Calm","0.0","42","14.6","14.5","997.4","1008.7"
"2026-08-14","23:27:13","Clear","Dry","Dark","2.7","27.5","3328","57232","28.8","27%","33.0","","Opened","7.321","35","Safe","Calm","0.0","42","14.6","14.7","997.3","1008.7"
"2026-08-14","23:27:23","Clear","Dry","Dark","2.6","27.5","3328","57232","28.8","27%","33.0","","Opened","7.286","35","Safe","Calm","0.0","42","14.6","14.6","997.3","1008.7"
"2026-08-14","23:27:33","Clear","Dry","Dark","2.6","27.5","3328","57232","28.8","27%","33.0","","Opened","7.384","35","Safe","Calm","0.0","42","14.6","14.6","997.3","1008.7"
"2026-08-14","23:27:43","Clear","Dry","Dark","2.6","27.5","3328","57232","28.8","27%","33.0","","Opened","7.327","35","Safe","Calm","0.0","42","14.6","14.6","997.4","1008.7"
"2026-08-14","23:27:53","Clear","Dry","Dark","2.4","27.6","3328","57232","28.8","27%","33.0","","Opened","7.285","35","Safe","Calm","0.0","42","14.6","14.5","997.4","1008.7"
"2026-08-14","23:28:03","Clear","Dry","Dark","2.5","27.6","3328","57232","28.8","27%","33.1","","Opened","7.533","35","Safe","Calm","0.0","42","14.6","14.5","997.3","1008.6"
"2026-08-14","23:28:13","Clear","Dry","Dark","2.4","27.6","3328","57232","28.8","27%","33.1","","Opened","7.310","35","Safe","Calm","0.0","42","14.6","14.4","997.3","1008.6"
"2026-08-14","23:28:23","Clear","Dry","Dark","2.3","27.6","3328","57232","28.9","27%","33.1","","Opened","7.281","35","Safe","Calm","0.0","42","14.6","14.4","997.4","1008.7"
"2026-08-14","23:28:33","Clear","Dry","Dark","2.4","27.6","3328","57232","28.9","27%","33.1","","Opened","7.361","35","Safe","Calm","0.0","42","14.6","14.5","997.4","1008.8"
"2026-08-14","23:28:43","Clear","Dry","Dark","2.2","27.6","3328","57232","28.9","27%","33.2","Heating DOWN","Opened","7.492","35","Safe","Calm","0.0","42","14.6","14.2","997.3","1008.6"
"2026-08-14","23:28:53","Clear","Dry","Dark","2.2","27.5","3328","57232","28.9","26%","33.2","Heating DOWN","Opened","7.485","35","Safe","Calm","0.0","42","14.6","14.3","997.3","1008.6"
"2026-08-14","23:29:03","Clear","Dry","Dark","2.3","27.5","3328","57232","28.9","25%","33.3","Heating DOWN","Opened","7.779","35","Safe","Calm","0.0","42","14.6","14.4","997.3","1008.6"
"2026-08-14","23:29:13","Clear","Dry","Dark","2.5","27.5","3328","57232","28.9","24%","33.2","","Opened","7.382","35","Safe","Calm","0.0","42","14.6","14.6","997.4","1008.8"
"2026-08-14","23:29:23","Clear","Dry","Dark","2.5","27.6","3328","57232","28.9","24%","33.2","","Opened","7.357","35","Safe","Calm","0.0","42","14.6","14.6","997.4","1008.7"
"2026-08-14","23:29:33","Clear","Dry","Dark","2.2","27.6","3328","57232","28.9","24%","33.2","","Opened","7.309","35","Safe","Calm","0.0","42","14.6","14.3","997.3","1008.6"
"2026-08-14","23:29:43","Clear","Dry","Dark","2.3","27.6","3328","57232","28.9","24%","33.2","","Opened","7.406","35","Safe","Calm","0.0","42","14.6","14.4","997.4","1008.7"
"2026-08-14","23:29:53","Clear","Dry","Dark","2.1","27.5","3328","57232","28.9","24%","33.2","","Opened","7.352","35","Safe","Calm","0.0","41","14.5","14.2","997.4","1008.7"
"2026-08-14","23:30:03","Clear","Dry","Dark","2.1","27.5","3328","57232","28.9","24%","33.2","","Opened","7.500","35","Safe","Calm","0.0","41","14.5","14.2","997.4","1008.7"
"2026-08-14","23:30:13","Clear","Dry","Dark","2.2","27.5","3328","57232","28.9","24%","33.2","","Opened","7.364","35","Safe","Calm","0.0","42","14.6","14.3","997.4","1008.7"
"2026-08-14","23:30:23","Clear","Dry","Dark","2.1","27.5","3328","57232","28.9","24%","33.2","","Opened","7.308","35","Safe","Calm","0.0","42","14.6","14.2","997.3","1008.6"
"2026-08-14","23:30:33","Clear","Dry","Dark","2.0","27.5","3328","57232","28.9","24%","33.2","","Opened","7.270","35","Safe","Calm","0.0","42","14.6","14.1","997.3","1008.6"
"2026-08-14","23:30:43","Clear","Dry","Dark","2.1","27.5","3328","57232","28.9","24%","33.2","","Opened","7.277","35","Safe","Calm","0.0","42","14.6","14.2","997.4","1008.7"
"2026-08-14","23:30:53","Clear","Dry","Dark","2.0","27.5","3328","57232","28.9","24%","33.2","","Opened","7.373","35","Safe","Calm","0.0","42","14.6","14.1","997.4","1008.8"
"2026-08-14","23:31:03","Clear","Dry","Dark","2.0","27.4","3328","57232","29.0","24%","33.2","","Opened","7.657","35","Safe","Calm","0.0","42","14.6","14.1","997.4","1008.7"
"2026-08-14","23:31:13","Clear","Dry","Dark","1.9","27.4","3328","57232","28.9","24%","33.2","","Opened","7.375","35","Safe","Calm","0.0","42","14.6","14.0","997.6","1009.0"
"2026-08-14","23:31:23","Clear","Dry","Dark","2.0","27.4","3328","57232","29.0","24%","33.2","","Opened","7.327","35","Safe","Calm","0.0","41","14.6","14.1","997.3","1008.6"
"2026-08-14","23:31:33","Clear","Dry","Dark","2.0","27.4","3328","57232","28.9","24%","33.2","","Opened","7.275","35","Safe","Calm","0.0","42","14.6","14.1","997.3","1008.6"
"2026-08-14","23:31:43","Clear","Dry","Dark","2.0","27.4","3328","57232","29.0","24%","33.2","","Opened","7.355","35","Safe","Calm","0.0","42","14.6","14.1","997.3","1008.6"
"2026-08-14","23:31:53","Clear","Dry","Dark","1.8","27.4","3328","57232","28.9","24%","33.2","","Opened","7.306","35","Safe","Calm","0.0","42","14.6","13.9","997.4","1008.7"
"2026-08-14","23:32:03","Clear","Dry","Dark","2.1","27.4","3328","57232","28.9","24%","33.2","","Opened","7.535","35","Safe","Calm","0.0","42","14.6","14.2","997.3","1008.6"
"2026-08-14","23:32:13","Clear","Dry","Dark","1.9","27.4","3328","57232","28.9","24%","33.2","","Opened","7.330","35","Safe","Calm","0.0","42","14.7","14.0","997.4","1008.7"
"2026-08-14","23:32:23","Clear","Dry","Dark","1.8","27.3","3328","57232","29.0","24%","33.2","","Opened","7.271","35","Safe","Calm","0.0","42","14.8","13.9","997.4","1008.7"
"2026-08-14","23:32:33","Clear","Dry","Dark","1.7","27.3","3328","57232","28.9","24%","33.2","","Opened","7.385","35","Safe","Calm","0.0","42","14.8","13.8","997.3","1008.6"
"2026-08-14","23:32:43","Clear","Dry","Dark","1.9","27.3","3328","57232","29.0","24%","33.2","","Opened","7.327","35","Safe","Calm","0.0","42","14.8","14.0","997.4","1008.7"
"2026-08-14","23:32:53","Clear","Dry","Dark","2.0","27.3","3328","57232","29.0","24%","33.1","","Opened","7.274","35","Safe","Calm","0.0","42","14.9","14.1","997.3","1008.6"
"2026-08-14","23:33:03","Clear","Dry","Dark","1.8","27.3","3328","57232","28.9","24%","33.0","","Opened","7.510","35","Safe","Calm","0.0","43","15.0","13.9","997.3","1008.6"
"2026-08-14","23:33:13","Clear","Dry","Dark","1.8","27.3","3328","57232","28.9","24%","33.0","","Opened","7.293","35","Safe","Calm","0.0","43","15.2","13.9","997.3","1008.6"
"2026-08-14","23:33:23","Clear","Dry","Dark","1.8","27.3","3328","57232","28.9","24%","32.9","","Opened","7.376","35","Safe","Calm","0.0","43","15.2","13.9","997.3","1008.6"
"2026-08-14","23:33:33","Clear","Dry","Dark","1.7","27.2","3328","57232","28.9","24%","32.8","","Opened","7.320","35","Safe","Calm","0.0","43","15.3","13.8","997.3","1008.6"
"2026-08-14","23:33:43","Clear","Dry","Dark","1.6","27.2","3328","57232","28.9","24%","32.9","","Opened","7.267","35","Safe","Calm","0.0","44","15.4","13.7","997.4","1008.7"
"2026-08-14","23:33:53","Clear","Dry","Dark","1.8","27.2","3327","57232","28.9","24%","32.9","","Opened","7.351","35","Safe","Calm","0.0","44","15.5","13.9","997.4","1008.7"
"2026-08-14","23:34:03","Clear","Dry","Dark","1.7","27.2","3328","57232","28.9","24%","32.9","","Opened","7.446","35","Safe","Calm","0.0","44","15.5","13.8","997.4","1008.7"
"2026-08-14","23:34:13","Clear","Dry","Dark","1.8","27.2","3328","57232","28.9","24%","33.0","","Opened","7.370","35","Safe","Calm","0.0","44","15.5","13.8","997.4","1008.7"
"2026-08-14","23:34:23","Clear","Dry","Dark","1.8","27.1","3328","57232","28.9","24%","32.9","","Opened","7.314","35","Safe","Calm","0.0","44","15.5","13.8","997.4","1008.7"
"2026-08-14","23:34:33","Clear","Dry","Dark","2.0","27.1","3328","57232","28.9","24%","32.9","","Opened","7.273","35","Safe","Calm","0.0","44","15.5","14.0","997.3","1008.6"
"2026-08-14","23:34:43","Clear","Dry","Dark","2.0","27.1","3328","57232","28.9","24%","32.9","","Opened","7.349","35","Safe","Calm","0.0","44","15.5","14.1","997.4","1008.8"
"2026-08-14","23:34:53","Clear","Dry","Dark","1.9","27.1","3328","57232","28.8","24%","32.9","","Opened","7.292","35","Safe","Calm","0.0","44","15.4","13.9","997.4","1008.7"
"2026-08-14","23:35:03","Clear","Dry","Dark","1.7","27.1","3328","57232","28.9","24%","32.9","","Opened","7.531","35","Safe","Calm","0.0","44","15.4","13.8","997.3","1008.6"
"2026-08-14","23:35:13","Clear","Dry","Dark","2.0","27.1","3328","57232","28.9","24%","32.9","","Opened","7.317","35","Safe","Calm","0.0","44","15.4","14.1","997.3","1008.6"
"2026-08-14","23:35:23","Clear","Dry","Dark","1.8","27.1","3328","57232","28.8","24%","32.9","","Opened","7.269","35","Safe","Calm","0.0","44","15.4","13.9","997.4","1008.8"
"2026-08-14","23:35:33","Clear","Dry","Dark","1.9","27.1","3328","57232","28.8","24%","32.9","","Opened","7.332","35","Safe","Calm","0.0","44","15.4","14.0","997.4","1008.7"
"2026-08-14","23:35:43","Clear","Dry","Dark","1.8","27.1","3328","57232","28.8","24%","32.8","","Opened","7.279","35","Safe","Calm","0.0","44","15.4","13.9","997.4","1008.8"
"2026-08-14","23:35:53","Clear","Dry","Dark","1.9","27.1","3328","57232","28.8","24%","32.8","","Opened","7.363","35","Safe","Calm","0.0","44","15.4","13.9","997.4","1008.7"
"2026-08-14","23:36:03","Clear","Dry","Dark","2.2","27.1","3328","57232","28.8","24%","32.8","","Opened","7.474","35","Safe","Calm","0.0","44","15.3","14.2","997.3","1008.6"
"2026-08-14","23:36:13","Clear","Dry","Dark","2.1","27.1","3328","57232","28.8","24%","32.8","","Opened","7.380","35","Safe","Calm","0.0","43","15.2","14.1","997.3","1008.6"
"2026-08-14","23:36:23","Clear","Dry","Dark","2.1","27.2","3328","57232","28.8","24%","32.8","","Opened","7.328","35","Safe","Calm","0.0","43","15.0","14.2","997.4","1008.8"
"2026-08-14","23:36:33","Clear","Dry","Dark","2.3","27.2","3328","57232","28.8","24%","32.6","","Opened","7.289","35","Safe","Calm","0.8","43","15.0","14.3","997.3","1008.6"
"2026-08-14","23:36:43","Clear","Dry","Dark","2.0","27.2","3328","57232","28.8","24%","32.5","","Opened","7.353","35","Safe","Calm","1.4","44","15.2","14.0","997.4","1008.7"
"2026-08-14","23:36:53","Clear","Dry","Dark","1.9","27.2","3328","57232","28.8","24%","32.6","","Opened","7.307","35","Safe","Calm","1.4","44","15.2","14.0","997.4","1008.7"
"2026-08-14","23:37:03","Clear","Dry","Dark","1.9","27.2","3328","57232","28.8","24%","32.5","","Opened","7.417","35","Safe","Calm","1.4","44","15.3","14.0","997.3","1008.6"
"2026-08-14","23:37:13","Clear","Dry","Dark","2.0","27.2","3328","57232","28.8","24%","32.4","Heating UP","Opened","7.462","35","Safe","Calm","1.4","44","15.3","14.1","997.4","1008.7"
"2026-08-14","23:37:23","Clear","Dry","Dark","1.7","27.2","3328","57232","28.8","25%","32.5","","Opened","7.339","35","Safe","Calm","1.4","44","15.3","13.7","997.3","1008.7"
"2026-08-14","23:37:33","Clear","Dry","Dark","1.8","27.2","3328","57232","28.8","25%","32.5","","Opened","7.282","35","Safe","Calm","0.6","44","15.3","13.8","997.3","1008.7"
"2026-08-14","23:37:43","Clear","Dry","Dark","1.9","27.2","3328","57232","28.8","25%","32.5","","Opened","7.357","35","Safe","Calm","0.0","44","15.3","13.9","997.4","1008.8"
"2026-08-14","23:37:53","Clear","Dry","Dark","1.9","27.2","3328","57232","28.8","25%","32.5","","Opened","7.295","35","Safe","Calm","0.0","44","15.3","13.9","997.3","1008.7"
"2026-08-14","23:38:03","Clear","Dry","Dark","1.9","27.1","3328","57232","28.8","25%","32.5","","Opened","7.524","35","Safe","Calm","0.0","44","15.4","13.9","997.3","1008.7"
"2026-08-14","23:38:13","Clear","Dry","Dark","2.0","27.1","3328","57232","28.7","25%","32.5","","Opened","7.325","35","Safe","Calm","0.0","44","15.4","14.0","997.4","1008.7"
"2026-08-14","23:38:23","Clear","Dry","Dark","2.0","27.1","3328","57232","28.7","25%","32.5","","Opened","7.272","35","Safe","Calm","0.0","44","15.5","14.0","997.4","1008.7"
"2026-08-14","23:38:33","Clear","Dry","Dark","1.9","27.1","3328","57232","28.7","25%","32.5","","Opened","7.343","35","Safe","Calm","0.0","44","15.4","13.9","997.3","1008.7"
"2026-08-14","23:38:43","Clear","Dry","Dark","1.9","27.1","3328","57232","28.7","25%","32.6","","Opened","7.291","35","Safe","Calm","0.0","44","15.4","13.9","997.4","1008.7"
"2026-08-14","23:38:53","Clear","Dry","Dark","1.9","27.1","3328","57232","28.7","25%","32.5","","Opened","7.370","35","Safe","Calm","0.0","44","15.4","13.9","997.4","1008.8"
"2026-08-14","23:39:03","Clear","Dry","Dark","1.8","27.0","3328","57232","28.7","25%","32.6","","Opened","7.452","35","Safe","Calm","0.0","44","15.4","13.8","997.4","1008.8"
"2026-08-14","23:39:13","Clear","Dry","Dark","1.7","27.0","3328","57232","28.7","25%","32.6","","Opened","7.374","35","Safe","Calm","0.0","44","15.4","13.7","997.3","1008.7"
"2026-08-14","23:39:23","Clear","Dry","Dark","1.8","27.0","3328","57232","28.7","25%","32.8","","Opened","7.327","35","Safe","Calm","0.0","44","15.4","13.8","997.4","1008.7"
"2026-08-14","23:39:33","Clear","Dry","Dark","1.7","26.9","3328","57232","28.7","25%","32.8","","Opened","7.273","35","Safe","Calm","0.0","44","15.4","13.7","997.3","1008.7"
"2026-08-14","23:39:43","Clear","Dry","Dark","1.8","26.9","3328","57232","28.7","25%","32.8","","Opened","7.354","35","Safe","Calm","0.0","44","15.4","13.8","997.3","1008.7"
"2026-08-14","23:39:53","Clear","Dry","Dark","1.9","26.9","3328","57232","28.7","25%","32.9","","Opened","7.310","35","Safe","Calm","0.0","44","15.4","13.9","997.4","1008.7"
"2026-08-14","23:40:03","Clear","Dry","Dark","1.8","26.9","3328","57232","28.7","25%","32.9","","Opened","7.561","35","Safe","Calm","0.0","44","15.4","13.8","997.4","1008.8"
"2026-08-14","23:40:13","Clear","Dry","Dark","1.6","26.9","3328","57232","28.7","25%","32.9","","Opened","7.335","35","Safe","Calm","0.0","44","15.4","13.6","997.4","1008.7"
"2026-08-14","23:40:23","Clear","Dry","Dark","2.2","26.9","3328","57232","28.7","25%","32.9","","Opened","7.287","35","Safe","Calm","0.0","44","15.4","14.2","997.4","1008.7"
"2026-08-14","23:40:33","Clear","Dry","Dark","1.8","26.9","3328","57232","28.7","25%","32.9","","Opened","7.368","35","Safe","Calm","0.0","44","15.4","13.8","997.3","1008.7"
"2026-08-14","23:40:43","Clear","Dry","Dark","1.9","26.9","3328","57232","28.7","25%","32.9","","Opened","7.309","35","Safe","Calm","0.0","44","15.4","13.8","997.5","1008.8"
"2026-08-14","23:40:53","Clear","Dry","Dark","1.8","26.9","3328","57232","28.7","25%","32.9","","Opened","7.390","35","Safe","Calm","0.0","44","15.4","13.8","997.3","1008.7"
"2026-08-14","23:41:03","Clear","Dry","Dark","1.8","26.9","3328","57232","28.7","25%","32.9","","Opened","7.496","35","Safe","Calm","0.0","44","15.4","13.8","997.4","1008.7"
"2026-08-14","23:41:13","Clear","Dry","Dark","2.1","26.9","3328","57232","28.7","25%","32.9","","Opened","7.293","35","Safe","Calm","0.0","44","15.4","14.1","997.4","1008.7"
"2026-08-14","23:41:23","Clear","Dry","Dark","2.1","26.9","3328","57232","28.7","25%","32.9","","Opened","7.359","35","Safe","Calm","0.0","44","15.4","14.1","997.4","1008.7"
"2026-08-14","23:41:33","Clear","Dry","Dark","1.9","26.9","3328","57232","28.7","25%","32.8","","Opened","7.316","35","Safe","Calm","0.0","44","15.3","13.8","997.4","1008.7"
"2026-08-14","23:41:43","Clear","Dry","Dark","1.8","26.9","3328","57232","28.7","25%","32.8","","Opened","7.275","35","Safe","Calm","0.0","44","15.4","13.8","997.4","1008.8"
"2026-08-14","23:41:53","Clear","Dry","Dark","2.2","27.0","3328","57232","28.7","25%","32.8","","Opened","7.347","35","Safe","Calm","0.0","44","15.3","14.1","997.4","1008.7"
"2026-08-14","23:42:03","Clear","Dry","Dark","2.1","27.0","3328","57232","28.7","25%","32.6","","Opened","7.470","35","Safe","Calm","0.0","44","15.3","14.0","997.4","1008.7"
"2026-08-14","23:42:13","Clear","Dry","Dark","1.8","27.0","3328","57232","28.7","25%","32.8","","Opened","7.375","35","Safe","Calm","0.0","44","15.3","13.8","997.3","1008.7"
"2026-08-14","23:42:23","Clear","Dry","Dark","1.8","27.0","3328","57232","28.7","25%","32.8","","Opened","7.336","35","Safe","Calm","0.0","44","15.3","13.8","997.4","1008.7"
"2026-08-14","23:42:33","Clear","Dry","Dark","1.9","26.9","3328","57232","28.7","25%","32.8","","Opened","7.279","35","Safe","Calm","0.0","44","15.3","13.9","997.4","1008.7"
"2026-08-14","23:42:43","Clear","Dry","Dark","2.2","27.0","3328","57232","28.7","25%","32.8","","Opened","7.361","35","Safe","Calm","0.0","44","15.3","14.2","997.4","1008.8"
"2026-08-14","23:42:53","Clear","Dry","Dark","2.0","27.0","3328","57232","28.7","25%","32.6","","Opened","7.307","35","Safe","Calm","0.0","44","15.3","14.0","997.4","1008.7"
"2026-08-14","23:43:03","Clear","Dry","Dark","2.0","27.0","3328","57232","28.7","25%","32.6","","Opened","7.538","35","Safe","Calm","0.0","44","15.2","14.0","997.4","1008.7"
"2026-08-14","23:43:13","Clear","Dry","Dark","1.9","27.1","3328","57232","28.7","25%","32.6","","Opened","7.333","35","Safe","Calm","0.0","44","15.2","13.9","997.4","1008.7"
"2026-08-14","23:43:23","Clear","Dry","Dark","1.8","27.1","3328","57232","28.7","25%","32.8","","Opened","7.283","35","Safe","Calm","0.0","44","15.2","13.8","997.4","1008.7"
"2026-08-14","23:43:33","Clear","Dry","Dark","2.0","27.1","3328","57232","28.7","25%","32.8","","Opened","7.364","35","Safe","Calm","0.0","44","15.2","14.0","997.3","1008.7"
"2026-08-14","23:43:43","Clear","Dry","Dark","2.0","27.1","3328","57232","28.7","25%","32.6","","Opened","7.314","35","Safe","Calm","0.0","44","15.2","13.9","997.4","1008.7"
"2026-08-14","23:43:53","Clear","Dry","Dark","1.8","27.0","3328","57232","28.7","25%","32.6","","Opened","7.386","35","Safe","Calm","0.0","44","15.2","13.8","997.3","1008.7"
"2026-08-14","23:44:03","Clear","Dry","Dark","2.0","27.1","3328","57232","28.7","25%","32.8","","Opened","7.500","35","Safe","Calm","0.0","44","15.2","13.9","997.3","1008.7"
"2026-08-14","23:44:13","Clear","Dry","Dark","2.0","27.0","3328","57232","28.7","25%","32.6","","Opened","7.288","35","Safe","Calm","0.0","44","15.3","13.9","997.4","1008.7"
"2026-08-14","23:44:23","Clear","Dry","Dark","2.1","27.1","3328","57232","28.7","25%","32.6","","Opened","7.362","35","Safe","Calm","0.0","44","15.3","14.1","997.4","1008.8"
"2026-08-14","23:44:33","Clear","Dry","Dark","2.1","27.1","3328","57232","28.6","25%","32.5","","Opened","7.311","35","Safe","Calm","0.0","44","15.3","14.1","997.4","1008.8"
"2026-08-14","23:44:43","Clear","Dry","Dark","1.8","27.1","3328","57232","28.6","25%","32.5","","Opened","7.263","35","Safe","Calm","0.0","44","15.3","13.8","997.3","1008.7"
"2026-08-14","23:44:53","Clear","Dry","Dark","1.8","27.0","3328","57232","28.7","25%","32.6","","Opened","7.330","35","Safe","Calm","0.0","44","15.3","13.7","997.4","1008.7"
"2026-08-14","23:45:03","Clear","Dry","Dark","1.9","27.0","3328","57232","28.7","25%","32.8","","Opened","7.435","35","Safe","Calm","0.0","44","15.3","13.9","997.3","1008.7"
"2026-08-14","23:45:13","Clear","Dry","Dark","2.0","27.0","3328","57232","28.7","25%","32.6","","Opened","7.365","35","Safe","Calm","0.0","44","15.3","13.9","997.4","1008.7"
"2026-08-14","23:45:23","Clear","Dry","Dark","1.9","27.0","3328","57232","28.6","25%","32.6","","Opened","7.311","35","Safe","Calm","0.0","44","15.3","13.8","997.4","1008.7"
"2026-08-14","23:45:33","Clear","Dry","Dark","1.9","27.0","3328","57232","28.6","25%","32.6","","Opened","7.384","35","Safe","Calm","0.0","44","15.3","13.9","997.4","1008.7"
"2026-08-14","23:45:43","Clear","Dry","Dark","1.8","27.0","3328","57232","28.6","25%","32.6","","Opened","7.339","35","Safe","Calm","0.0","44","15.3","13.8","997.4","1008.7"
"2026-08-14","23:45:53","Clear","Dry","Dark","1.9","27.0","3328","57232","28.7","25%","32.6","","Opened","7.281","35","Safe","Calm","0.0","44","15.3","13.8","997.4","1008.7"
"2026-08-14","23:46:03","Clear","Dry","Dark","1.9","27.0","3328","57232","28.6","25%","32.6","","Opened","7.503","35","Safe","Calm","0.0","44","15.3","13.8","997.3","1008.7"
"2026-08-14","23:46:13","Clear","Dry","Dark","1.9","27.0","3328","57232","28.6","25%","32.6","","Opened","7.296","35","Safe","Calm","0.0","44","15.3","13.9","997.4","1008.7"
"2026-08-14","23:46:23","Clear","Dry","Dark","1.8","26.9","3328","57232","28.6","25%","32.6","","Opened","7.378","35","Safe","Calm","0.0","44","15.3","13.7","997.4","1008.8"
"2026-08-14","23:46:33","Clear","Dry","Dark","1.8","27.0","3328","57232","28.6","25%","32.6","","Opened","7.327","35","Safe","Calm","0.0","44","15.4","13.7","997.3","1008.7"
"2026-08-14","23:46:43","Clear","Dry","Dark","1.8","26.9","3328","57232","28.6","25%","32.5","","Opened","7.294","35","Safe","Calm","0.0","44","15.3","13.8","997.4","1008.8"
"2026-08-14","23:46:53","Clear","Dry","Dark","1.9","26.9","3328","57232","28.6","25%","32.5","","Opened","7.366","35","Safe","Calm","0.0","44","15.3","13.8","997.5","1008.8"
"2026-08-14","23:47:03","Clear","Dry","Dark","1.8","26.9","3328","57232","28.6","25%","32.5","","Opened","7.564","35","Safe","Calm","0.0","44","15.3","13.7","997.4","1008.7"
"2026-08-14","23:47:13","Clear","Dry","Dark","1.7","26.9","3328","57232","28.6","25%","32.6","","Opened","7.262","35","Safe","Calm","0.0","44","15.3","13.6","997.4","1008.7"
"2026-08-14","23:47:23","Clear","Dry","Dark","1.7","26.9","3328","57232","28.6","25%","32.6","","Opened","7.335","35","Safe","Calm","0.0","44","15.3","13.7","997.4","1008.7"
"2026-08-14","23:47:33","Clear","Dry","Dark","1.8","26.9","3328","57232","28.6","25%","32.6","","Opened","7.279","35","Safe","Calm","0.0","44","15.3","13.8","997.4","1008.7"
"2026-08-14","23:47:43","Clear","Dry","Dark","1.8","26.9","3328","57232","28.6","25%","32.6","","Opened","7.359","35","Safe","Calm","0.0","44","15.3","13.7","997.4","1008.8"
"2026-08-14","23:47:53","Clear","Dry","Dark","1.8","26.8","3328","57232","28.6","25%","32.6","","Opened","7.309","35","Safe","Calm","0.0","44","15.3","13.7","997.4","1008.7"
"2026-08-14","23:48:03","Clear","Dry","Dark","1.8","26.8","3328","57232","28.6","25%","32.6","","Opened","7.420","35","Safe","Calm","0.0","44","15.2","13.7","997.3","1008.7"
"2026-08-14","23:48:13","Clear","Dry","Dark","1.9","26.8","3328","57232","28.6","25%","32.8","","Opened","7.338","35","Safe","Calm","0.0","44","15.2","13.8","997.4","1008.7"
"2026-08-14","23:48:23","Clear","Dry","Dark","1.8","26.8","3328","57232","28.6","25%","32.8","","Opened","7.284","35","Safe","Calm","0.0","44","15.2","13.7","997.4","1008.7"
"2026-08-14","23:48:33","Clear","Dry","Dark","1.7","26.8","3328","57232","28.6","25%","32.8","","Opened","7.366","35","Safe","Calm","0.0","44","15.1","13.7","997.4","1008.7"
"2026-08-14","23:48:43","Clear","Dry","Dark","1.9","26.8","3328","57232","28.6","25%","32.6","","Opened","7.305","35","Safe","Calm","0.0","44","15.1","13.8","997.4","1008.8"
"2026-08-14","23:48:53","Clear","Dry","Dark","2.0","26.8","3328","57232","28.6","25%","32.6","","Opened","7.383","35","Safe","Calm","0.0","44","15.1","13.9","997.3","1008.7"
"2026-08-14","23:49:03","Clear","Dry","Dark","2.1","26.8","3328","57232","28.6","25%","32.5","","Opened","7.478","35","Safe","Calm","0.0","44","15.0","14.0","997.4","1008.7"
"2026-08-14","23:49:13","Clear","Dry","Dark","2.1","26.8","3328","57232","28.6","25%","32.4","","Opened","7.283","35","Safe","Calm","0.0","43","14.9","14.0","997.4","1008.7"
"2026-08-14","23:49:23","Clear","Dry","Dark","2.1","26.8","3328","57232","28.6","25%","32.4","","Opened","7.363","35","Safe","Calm","0.0","43","14.9","14.0","997.4","1008.7"
"2026-08-14","23:49:33","Clear","Dry","Dark","2.0","26.9","3328","57232","28.5","25%","32.4","","Opened","7.302","35","Safe","Calm","0.0","43","14.7","13.9","997.4","1008.7"
"2026-08-14","23:49:43","Clear","Dry","Dark","2.2","26.8","3328","57232","28.6","25%","32.4","","Opened","7.375","35","Safe","Calm","0.0","43","14.8","14.1","997.4","1008.8"
"2026-08-14","23:49:53","Clear","Dry","Dark","2.0","26.9","3328","57232","28.6","25%","32.4","","Opened","7.330","35","Safe","Calm","0.0","43","14.9","13.9","997.4","1008.8"
"2026-08-14","23:50:03","Clear","Dry","Dark","2.2","26.9","3328","57232","28.5","25%","32.4","","Opened","7.432","35","Safe","Calm","0.0","43","14.8","14.1","997.4","1008.7"
"2026-08-14","23:50:13","Clear","Dry","Dark","1.9","26.9","3328","57232","28.5","25%","32.5","","Opened","7.347","35","Safe","Calm","0.0","43","14.8","13.8","997.4","1008.7"
"2026-08-14","23:50:23","Clear","Dry","Dark","2.0","26.9","3328","57232","28.5","25%","32.5","","Opened","7.296","35","Safe","Calm","0.0","43","14.8","13.9","997.4","1008.7"
"2026-08-14","23:50:33","Clear","Dry","Dark","2.0","26.9","3328","57232","28.6","25%","32.5","","Opened","7.374","35","Safe","Calm","0.0","43","14.8","13.9","997.4","1008.8"
"2026-08-14","23:50:43","Clear","Dry","Dark","1.9","26.9","3328","57232","28.6","25%","32.5","","Opened","7.315","35","Safe","Calm","0.0","43","14.7","13.8","997.4","1008.8"
"2026-08-14","23:50:53","Clear","Dry","Dark","1.8","26.9","3328","57232","28.5","25%","32.6","","Opened","7.298","35","Safe","Calm","0.0","43","14.8","13.7","997.3","1008.7"
"2026-08-14","23:51:03","Clear","Dry","Dark","2.0","26.9","3328","57232","28.6","25%","32.6","","Opened","7.526","35","Safe","Calm","0.0","43","14.8","13.9","997.4","1008.8"
"2026-08-14","23:51:13","Clear","Dry","Dark","1.9","26.9","3328","57232","28.5","25%","32.6","","Opened","7.321","35","Safe","Calm","0.0","43","14.7","13.8","997.4","1008.8"
"2026-08-14","23:51:23","Clear","Dry","Dark","2.1","26.8","3328","57232","28.5","25%","32.6","","Opened","7.272","35","Safe","Calm","0.0","43","14.8","14.0","997.4","1008.8"
"2026-08-14","23:51:33","Clear","Dry","Dark","2.2","26.9","3328","57232","28.5","25%","32.5","","Opened","7.344","35","Safe","Calm","0.0","43","14.6","14.1","997.4","1008.8"
"2026-08-14","23:51:43","Clear","Dry","Dark","2.2","26.9","3328","57232","28.5","25%","32.5","","Opened","7.294","35","Safe","Calm","0.0","42","14.5","14.0","997.4","1008.7"
"2026-08-14","23:51:53","Clear","Dry","Dark","2.0","26.9","3328","57232","28.5","25%","32.5","","Opened","7.366","35","Safe","Calm","0.0","42","14.5","13.9","997.4","1008.7"
"2026-08-14","23:52:03","Clear","Dry","Dark","2.0","26.9","3328","57232","28.5","25%","32.6","","Opened","7.462","35","Safe","Calm","0.0","42","14.5","13.9","997.4","1008.8"
"2026-08-14","23:52:13","Clear","Dry","Dark","1.9","26.9","3328","57232","28.5","25%","32.6","","Opened","7.391","35","Safe","Calm","0.0","42","14.6","13.8","997.4","1008.8"
"2026-08-14","23:52:23","Clear","Dry","Dark","1.9","26.9","3328","57232","28.6","25%","32.8","","Opened","7.347","35","Safe","Calm","0.0","42","14.6","13.8","997.4","1008.8"
"2026-08-14","23:52:33","Clear","Dry","Dark","1.9","26.8","3328","57232","28.5","25%","32.8","","Opened","7.287","35","Safe","Calm","0.0","42","14.5","13.8","997.4","1008.8"
"2026-08-14","23:52:43","Clear","Dry","Dark","1.9","26.9","3328","57232","28.5","25%","32.8","","Opened","7.362","35","Safe","Calm","0.0","42","14.6","13.8","997.4","1008.8"
"2026-08-14","23:52:53","Clear","Dry","Dark","1.9","26.8","3328","57232","28.6","25%","32.8","","Opened","7.310","35","Safe","Calm","0.0","42","14.6","13.8","997.4","1008.8"
"2026-08-14","23:53:03","Clear","Dry","Dark","1.8","26.8","3328","57232","28.6","25%","32.8","","Opened","7.530","35","Safe","Calm","0.0","43","14.7","13.7","997.4","1008.7"
"2026-08-14","23:53:13","Clear","Dry","Dark","1.9","26.8","3328","57232","28.6","25%","32.8","","Opened","7.332","35","Safe","Calm","0.0","43","14.7","13.8","997.4","1008.8"
"2026-08-14","23:53:23","Clear","Dry","Dark","1.9","26.8","3328","57232","28.6","25%","32.8","","Opened","7.296","35","Safe","Calm","0.0","43","14.7","13.8","997.4","1008.8"
"2026-08-14","23:53:33","Clear","Dry","Dark","2.0","26.8","3328","57232","28.6","25%","32.8","","Opened","7.377","35","Safe","Calm","0.0","43","14.8","13.9","997.4","1008.8"
"2026-08-14","23:53:43","Clear","Dry","Dark","1.8","26.8","3328","57232","28.5","25%","32.8","","Opened","7.324","35","Safe","Calm","0.0","43","14.8","13.7","997.6","1008.9"
"2026-08-14","23:53:53","Clear","Dry","Dark","1.8","26.7","3328","57232","28.6","25%","32.6","","Opened","7.266","35","Safe","Calm","0.0","43","14.9","13.7","997.4","1008.7"
"2026-08-14","23:54:03","Clear","Dry","Dark","1.9","26.7","3328","57232","28.6","25%","32.5","","Opened","7.546","35","Safe","Calm","0.0","43","14.9","13.8","997.3","1008.7"
"2026-08-14","23:54:13","Clear","Dry","Dark","2.9","26.7","3328","57232","28.5","25%","32.5","","Opened","7.273","35","Safe","Calm","0.8","43","14.9","14.8","997.4","1008.7"
"2026-08-14","23:54:23","Clear","Dry","Dark","2.3","26.8","3328","57232","28.5","25%","32.5","","Opened","7.369","35","Safe","Calm","1.4","42","14.4","14.2","997.4","1008.7"
"2026-08-14","23:54:33","Clear","Dry","Dark","2.0","26.8","3328","57232","28.6","25%","32.5","","Opened","7.320","35","Safe","Calm","1.4","42","14.5","13.9","997.4","1008.7"
"2026-08-14","23:54:43","Clear","Dry","Dark","2.0","26.9","3328","57232","28.5","25%","32.5","","Opened","7.286","35","Safe","Calm","1.4","42","14.5","13.9","997.4","1008.7"
"2026-08-14","23:54:53","Clear","Dry","Dark","2.0","26.9","3328","57232","28.6","25%","32.5","","Opened","7.368","35","Safe","Calm","1.4","42","14.6","13.9","997.4","1008.8"
"2026-08-14","23:55:03","Clear","Dry","Dark","2.1","26.9","3328","57232","28.6","25%","32.5","","Opened","7.574","35","Safe","Calm","1.4","42","14.6","14.0","997.4","1008.7"
"2026-08-14","23:55:13","Clear","Dry","Dark","2.0","26.9","3328","57232","28.6","25%","32.4","","Opened","7.302","35","Safe","Calm","0.6","42","14.5","13.9","997.4","1008.7"
"2026-08-14","23:55:23","Clear","Dry","Dark","2.0","26.9","3328","57232","28.6","25%","32.4","","Opened","7.382","35","Safe","Calm","0.0","42","14.5","13.9","997.4","1008.8"
"2026-08-14","23:55:33","Clear","Dry","Dark","2.0","26.9","3328","57232","28.6","25%","32.5","","Opened","7.321","35","Safe","Calm","0.0","42","14.5","13.9","997.4","1008.8"
"2026-08-14","23:55:43","Clear","Dry","Dark","1.9","26.9","3328","57232","28.6","25%","32.6","","Opened","7.290","35","Safe","Calm","0.0","42","14.5","13.8","997.4","1008.7"
"2026-08-14","23:55:53","Clear","Dry","Dark","2.1","26.9","3328","57232","28.6","25%","32.6","","Opened","7.379","35","Safe","Calm","0.0","42","14.5","14.0","997.4","1008.7"
"2026-08-14","23:56:03","Clear","Dry","Dark","2.2","26.9","3328","57232","28.5","25%","32.6","","Opened","7.612","35","Safe","Calm","0.0","42","14.5","14.1","997.4","1008.8"
"2026-08-14","23:56:13","Clear","Dry","Dark","2.1","26.9","3328","57232","28.6","25%","32.6","","Opened","7.378","35","Safe","Calm","0.0","42","14.4","14.0","997.4","1008.7"
"2026-08-14","23:56:23","Clear","Dry","Dark","2.2","26.9","3328","57232","28.6","25%","32.6","","Opened","7.359","35","Safe","Calm","0.0","42","14.4","14.1","997.4","1008.8"
"2026-08-14","23:56:33","Clear","Dry","Dark","2.1","26.9","3328","57232","28.6","25%","32.6","","Opened","7.307","35","Safe","Calm","0.0","42","14.3","14.0","997.4","1008.7"
"2026-08-14","23:56:43","Clear","Dry","Dark","2.5","26.9","3328","57232","28.6","25%","32.8","","Opened","7.418","35","Safe","Calm","0.0","42","14.3","14.4","997.4","1008.8"
"2026-08-14","23:56:53","Clear","Dry","Dark","2.7","27.0","3328","57232","28.6","25%","32.8","","Opened","7.284","35","Safe","Calm","0.0","41","14.2","14.6","997.4","1008.8"
"2026-08-14","23:57:03","Clear","Dry","Dark","2.4","27.0","3328","57232","28.6","25%","32.8","","Opened","7.584","35","Safe","Calm","0.0","41","14.2","14.3","997.4","1008.7"
"2026-08-14","23:57:13","Clear","Dry","Dark","2.5","27.1","3328","57232","28.6","25%","32.8","","Opened","7.334","35","Safe","Calm","0.0","41","14.1","14.5","997.4","1008.7"
"2026-08-14","23:57:23","Clear","Dry","Dark","2.2","27.1","3328","57232","28.6","25%","32.9","","Opened","7.279","35","Safe","Calm","0.0","41","14.2","14.1","997.4","1008.8"
"2026-08-14","23:57:33","Clear","Dry","Dark","2.1","27.1","3328","57232","28.6","25%","32.9","","Opened","7.354","35","Safe","Calm","0.0","41","14.2","14.0","997.4","1008.8"
"2026-08-14","23:57:43","Clear","Dry","Dark","2.2","27.0","3328","57232","28.6","25%","32.9","","Opened","7.340","35","Safe","Calm","0.0","41","14.2","14.1","997.4","1008.8"
"2026-08-14","23:57:53","Clear","Dry","Dark","2.1","27.1","3328","57232","28.7","25%","33.0","Heating DOWN","Opened","7.413","35","Safe","Calm","0.0","41","14.2","14.1","997.4","1008.8"
"2026-08-14","23:58:03","Clear","Dry","Dark","2.1","27.0","3328","57232","28.7","24%","33.0","Heating DOWN","Opened","7.893","35","Safe","Calm","0.0","41","14.2","14.1","997.5","1008.8"
"2026-08-14","23:58:13","Clear","Dry","Dark","2.0","27.0","3328","57232","28.7","23%","33.0","Heating DOWN","Opened","7.425","35","Safe","Calm","0.0","41","14.3","14.0","997.4","1008.8"
"2026-08-14","23:58:23","Clear","Dry","Dark","2.0","27.0","3328","57232","28.7","22%","33.0","","Opened","7.361","35","Safe","Calm","0.0","41","14.3","13.9","997.4","1008.7"
"2026-08-14","23:58:33","Clear","Dry","Dark","2.0","26.9","3328","57232","28.7","22%","33.0","","Opened","7.298","35","Safe","Calm","0.0","41","14.3","13.9","997.4","1008.8"
"2026-08-14","23:58:43","Clear","Dry","Dark","2.2","27.0","3328","57232","28.7","22%","33.0","Heating DOWN","Opened","7.379","35","Safe","Calm","0.0","41","14.3","14.2","997.4","1008.8"
"2026-08-14","23:58:53","Clear","Dry","Dark","2.2","27.0","3328","57232","28.7","21%","32.9","","Opened","7.274","35","Safe","Calm","0.0","41","14.3","14.1","997.4","1008.7"
"2026-08-14","23:59:03","Clear","Dry","Dark","2.1","27.0","3328","57232","28.7","21%","32.9","","Opened","7.624","35","Safe","Calm","0.0","41","14.2","14.1","997.4","1008.8"
"2026-08-14","23:59:13","Clear","Dry","Dark","2.3","27.0","3328","57232","28.7","21%","32.9","","Opened","7.342","35","Safe","Calm","0.0","41","14.0","14.3","997.5","1008.8"
"2026-08-14","23:59:23","Clear","Dry","Dark","2.0","27.0","3328","57232","28.7","21%","32.9","","Opened","7.283","35","Safe","Calm","0.0","41","14.2","14.0","997.4","1008.7"
"2026-08-14","23:59:33","Clear","Dry","Dark","2.2","27.0","3328","57232","28.7","21%","32.8","","Opened","7.365","35","Safe","Calm","0.0","41","14.2","14.2","997.4","1008.8"
"2026-08-14","23:59:43","Clear","Dry","Dark","2.1","27.0","3328","57232","28.7","21%","32.8","","Opened","7.291","35","Safe","Calm","0.0","41","14.1","14.0","997.4","1008.7"
"2026-08-14","23:59:53","Clear","Dry","Dark","2.0","27.0","3328","57232","28.7","21%","32.8","","Opened","7.262","35","Safe","Calm","0.0","41","14.1","14.0","997.4","1008.7"
"2026-08-15","00:00:03","Clear","Dry","Dark","2.7","27.0","3328","57232","28.7","21%","32.8","","Opened","7.639","35","Safe","Calm","0.0","41","14.1","14.7","997.4","1008.8"
"2026-08-15","00:00:13","Clear","Dry","Dark","2.5","27.1","3328","57232","28.7","21%","32.6","","Opened","7.309","35","Safe","Calm","0.0","40","13.8","14.5","997.5","1008.8"
"2026-08-15","00:00:23","Clear","Dry","Dark","2.2","27.1","3328","57232","28.7","21%","32.6","","Opened","7.386","35","Safe","Calm","0.0","40","13.8","14.2","997.4","1008.8"
"2026-08-15","00:00:33","Clear","Dry","Dark","2.3","27.1","3328","57232","28.7","21%","32.6","","Opened","7.377","35","Safe","Calm","0.0","40","13.8","14.3","997.4","1008.8"
"2026-08-15","00:00:43","Clear","Dry","Dark","2.2","27.1","3328","57232","28.8","21%","32.5","","Opened","7.346","35","Safe","Calm","0.0","40","13.9","14.2","997.4","1008.8"
"2026-08-15","00:00:53","Clear","Dry","Dark","2.2","27.1","3328","57232","28.8","21%","32.5","","Opened","7.331","35","Safe","Calm","0.0","40","13.9","14.2","997.4","1008.8"
"2026-08-15","00:01:03","Clear","Dry","Dark","2.1","27.1","3328","57232","28.8","21%","32.5","","Opened","7.530","35","Safe","Calm","0.0","40","14.0","14.1","997.4","1008.8"
"2026-08-15","00:01:13","Clear","Dry","Dark","1.9","27.1","3328","57232","28.8","21%","32.5","","Opened","7.316","35","Safe","Calm","0.0","40","14.0","14.0","997.4","1008.8"
"2026-08-15","00:01:23","Clear","Dry","Dark","2.1","27.0","3328","57232","28.8","21%","32.5","","Opened","7.282","35","Safe","Calm","0.0","40","14.0","14.2","997.4","1008.8"
"2026-08-15","00:01:33","Clear","Dry","Dark","2.3","27.0","3328","57232","28.8","21%","32.6","","Opened","7.393","35","Safe","Calm","0.0","40","14.0","14.3","997.4","1008.8"
"2026-08-15","00:01:43","Clear","Dry","Dark","2.0","27.0","3328","57232","28.8","21%","32.6","","Opened","7.333","35","Safe","Calm","0.0","40","13.9","14.0","997.4","1008.8"
"2026-08-15","00:01:53","Clear","Dry","Dark","2.0","27.0","3328","57232","28.8","21%","32.5","","Opened","7.287","35","Safe","Calm","0.0","40","14.0","14.0","997.6","1008.9"
"2026-08-15","00:02:03","Clear","Dry","Dark","2.0","27.0","3328","57232","28.8","21%","32.5","","Opened","7.589","35","Safe","Calm","0.0","41","14.1","14.0","997.4","1008.8"
"2026-08-15","00:02:13","Clear","Dry","Dark","2.1","26.9","3328","57232","28.8","21%","32.5","","Opened","7.303","35","Safe","Calm","0.0","41","14.1","14.1","997.4","1008.8"
"2026-08-15","00:02:23","Clear","Dry","Dark","2.5","27.0","3328","57232","28.8","21%","32.5","","Opened","7.287","35","Safe","Calm","0.0","41","14.0","14.5","997.4","1008.8"
"2026-08-15","00:02:33","Clear","Dry","Dark","2.6","27.0","3328","57232","28.8","21%","32.4","Heating UP","Opened","7.440","35","Safe","Calm","0.0","40","13.9","14.6","997.4","1008.8"
"2026-08-15","00:02:43","Clear","Dry","Dark","2.8","27.1","3328","57232","28.8","22%","32.4","Heating UP","Opened","7.463","35","Safe","Calm","0.0","39","13.6","14.8","997.4","1008.8"
"2026-08-15","00:02:53","Clear","Dry","Dark","3.0","27.2","3328","57232","28.8","23%","32.5","","Opened","7.320","35","Safe","Calm","0.0","39","13.5","15.0","997.4","1008.7"
"2026-08-15","00:03:03","Clear","Dry","Dark","2.5","27.2","3328","57232","28.8","23%","32.5","","Opened","7.493","35","Safe","Calm","0.0","39","13.4","14.5","997.4","1008.8"
"2026-08-15","00:03:13","Clear","Dry","Dark","2.3","27.2","3328","57232","28.8","23%","32.5","","Opened","7.359","35","Safe","Calm","0.0","39","13.5","14.3","997.4","1008.8"
"2026-08-15","00:03:23","Clear","Dry","Dark","2.3","27.2","3328","57232","28.8","23%","32.6","","Opened","7.302","35","Safe","Calm","0.0","39","13.6","14.3","997.4","1008.7"
"2026-08-15","00:03:33","Clear","Dry","Dark","2.3","27.2","3328","57232","28.8","23%","32.6","","Opened","7.388","35","Safe","Calm","0.0","39","13.6","14.3","997.4","1008.7"
"2026-08-15","00:03:43","Clear","Dry","Dark","2.2","27.2","3328","57232","28.8","23%","32.6","","Opened","7.359","35","Safe","Calm","0.0","39","13.6","14.3","997.4","1008.7"
"2026-08-15","00:03:53","Clear","Dry","Dark","2.5","27.2","3328","57232","28.9","23%","32.6","","Opened","7.293","35","Safe","Calm","0.0","39","13.7","14.5","997.4","1008.7"
"2026-08-15","00:04:03","Clear","Dry","Dark","2.7","27.3","3328","57232","28.8","23%","32.6","","Opened","7.673","35","Safe","Calm","0.6","39","13.6","14.8","997.4","1008.8"
"2026-08-15","00:04:13","Clear","Dry","Dark","2.5","27.3","3328","57232","28.9","23%","32.6","","Opened","7.297","35","Safe","Calm","0.6","39","13.5","14.6","997.4","1008.8"
"2026-08-15","00:04:23","Clear","Dry","Dark","2.4","27.3","3328","57232","28.9","23%","32.6","","Opened","7.372","35","Safe","Calm","0.6","39","13.5","14.4","997.5","1008.8"
"2026-08-15","00:04:33","Clear","Dry","Dark","2.5","27.3","3328","57232","28.9","23%","32.8","","Opened","7.343","35","Safe","Calm","0.6","39","13.6","14.6","997.5","1008.8"
"2026-08-15","00:04:43","Clear","Dry","Dark","2.6","27.3","3328","57232","28.9","23%","32.8","","Opened","7.296","35","Safe","Calm","0.6","39","13.5","14.7","997.4","1008.8"
"2026-08-15","00:04:53","Clear","Dry","Dark","2.4","27.3","3328","57232","28.9","23%","32.9","","Opened","7.372","35","Safe","Calm","0.6","38","13.3","14.5","997.4","1008.7"
"2026-08-15","00:05:03","Clear","Dry","Dark","2.6","27.3","3328","57232","28.9","23%","32.9","","Opened","7.543","35","Safe","Calm","0.0","38","13.3","14.7","997.4","1008.7"
"2026-08-15","00:05:13","Clear","Dry","Dark","2.5","27.3","3328","57232","29.0","23%","32.9","","Opened","7.292","35","Safe","Calm","0.0","38","13.4","14.6","997.5","1008.8"
"2026-08-15","00:05:23","Clear","Dry","Dark","2.6","27.4","3328","57232","29.0","23%","32.9","","Opened","7.376","35","Safe","Calm","0.0","39","13.5","14.7","997.4","1008.8"
"2026-08-15","00:05:33","Clear","Dry","Dark","2.8","27.4","3328","57232","29.0","23%","32.9","","Opened","7.317","35","Safe","Calm","0.0","38","13.3","14.9","997.4","1008.7"
"2026-08-15","00:05:43","Clear","Dry","Dark","2.5","27.4","3328","57232","29.0","23%","32.9","","Opened","7.286","35","Safe","Calm","0.0","38","13.2","14.7","997.4","1008.8"
"2026-08-15","00:05:53","Clear","Dry","Dark","2.9","27.5","3328","57232","29.0","23%","32.9","","Opened","7.272","35","Safe","Calm","0.0","38","13.2","15.1","997.4","1008.7"
"2026-08-15","00:06:03","Cloudy","Dry","Dark","3.1","27.6","3328","57232","29.0","23%","32.9","","Opened","7.653","35","Safe","Calm","0.0","37","13.0","15.2","997.4","1008.7"
"2026-08-15","00:06:13","Cloudy","Dry","Dark","3.0","27.7","3328","57232","29.1","23%","32.8","Heating UP","Opened","7.458","35","Safe","Calm","0.0","37","12.8","15.2","997.4","1008.8"
"2026-08-15","00:06:23","Clear","Dry","Dark","2.9","27.8","3328","57232","29.1","24%","32.8","Heating UP","Opened","7.468","35","Safe","Calm","0.0","37","13.0","15.1","997.4","1008.7"
"2026-08-15","00:06:33","Clear","Dry","Dark","2.7","27.8","3328","57232","29.2","25%","32.9","","Opened","7.373","35","Safe","Calm","0.0","37","13.0","14.9","997.4","1008.7"
"2026-08-15","00:06:43","Clear","Dry","Dark","2.9","27.9","3328","57232","29.2","25%","32.9","Heating UP","Opened","7.531","35","Safe","Calm","0.0","37","13.0","15.1","997.4","1008.7"
"2026-08-15","00:06:53","Cloudy","Dry","Dark","3.2","27.9","3328","57232","29.2","26%","32.9","Heating UP","Opened","7.416","35","Safe","Calm","0.9","37","13.0","15.5","997.4","1008.7"
"2026-08-15","00:07:03","Clear","Dry","Dark","2.8","28.0","3328","57232","29.2","27%","32.9","Heating UP","Opened","7.718","35","Safe","Calm","2.0","37","12.9","15.1","997.4","1008.7"
"2026-08-15","00:07:13","Clear","Dry","Dark","2.6","28.0","3328","57232","29.2","28%","32.9","Heating UP","Opened","7.432","35","Safe","Calm","2.6","37","12.9","14.8","997.4","1008.8"
"2026-08-15","00:07:23","Clear","Dry","Dark","2.5","28.0","3328","57232","29.3","29%","33.0","","Opened","7.350","35","Safe","Calm","3.4","37","13.0","14.8","997.4","1008.7"
"2026-08-15","00:07:33","Clear","Dry","Dark","2.6","28.1","3328","57232","29.3","29%","33.1","","Opened","7.312","35","Safe","Calm","4.0","37","13.0","14.9","997.4","1008.7"
"2026-08-15","00:07:43","Clear","Dry","Dark","2.7","28.1","3328","57232","29.3","29%","33.1","","Opened","7.380","35","Safe","Calm","4.0","37","13.0","15.0","997.5","1008.8"
"2026-08-15","00:07:53","Clear","Dry","Dark","2.4","28.0","3328","57232","29.3","29%","33.2","","Opened","7.369","35","Safe","Calm","3.1","37","13.1","14.7","997.4","1008.7"
"2026-08-15","00:08:03","Clear","Dry","Dark","2.4","28.1","3328","57232","29.3","29%","33.3","","Opened","7.597","35","Safe","Calm","2.1","37","13.1","14.8","997.5","1008.8"
"2026-08-15","00:08:13","Clear","Dry","Dark","2.6","28.1","3328","57232","29.4","29%","33.3","","Opened","7.310","35","Safe","Calm","1.4","37","13.0","14.9","997.4","1008.7"
"2026-08-15","00:08:23","Clear","Dry","Dark","2.5","28.1","3328","57232","29.4","29%","33.4","","Opened","7.276","35","Safe","Calm","0.6","36","13.0","14.9","997.4","1008.8"
"2026-08-15","00:08:33","Clear","Dry","Dark","3.0","28.1","3328","57232","29.4","29%","33.5","","Opened","7.404","35","Safe","Calm","0.8","37","13.1","15.3","997.4","1008.8"
"2026-08-15","00:08:43","Clear","Dry","Dark","2.7","28.2","3328","57232","29.4","29%","33.5","","Opened","7.391","35","Safe","Calm","1.8","36","12.9","15.1","997.3","1008.6"
"2026-08-15","00:08:53","Clear","Dry","Dark","2.6","28.2","3328","57232","29.5","29%","33.4","","Opened","7.335","35","Safe","Calm","3.3","36","12.8","15.0","997.4","1008.7"
"2026-08-15","00:09:03","Clear","Dry","Dark","2.7","28.3","3328","57232","29.5","29%","33.4","","Opened","7.495","35","Safe","Calm","4.7","36","12.8","15.1","997.4","1008.8"
"2026-08-15","00:09:13","Clear","Dry","Dark","2.7","28.4","3328","57232","29.5","29%","33.4","","Opened","7.375","35","Safe","Calm","5.6","36","12.7","15.1","997.4","1008.7"
"2026-08-15","00:09:23","Clear","Dry","Dark","2.7","28.4","3328","57232","29.6","29%","33.4","","Opened","7.361","35","Safe","Calm","6.8","36","12.8","15.2","997.4","1008.7"
"2026-08-15","00:09:33","Clear","Dry","Dark","3.0","28.5","3328","57232","29.6","29%","33.4","","Opened","7.293","35","Safe","Calm","7.3","36","12.8","15.4","997.4","1008.7"
"2026-08-15","00:09:43","Clear","Dry","Dark","3.0","28.6","3328","57232","29.6","29%","33.4","","Opened","7.300","35","Safe","Calm","7.6","35","12.8","15.4","997.3","1008.6"
"2026-08-15","00:09:53","Clear","Dry","Dark","2.9","28.6","3328","57232","29.6","29%","33.4","","Opened","7.284","35","Safe","Calm","7.3","35","12.7","15.4","997.4","1008.7"
"2026-08-15","00:10:03","Clear","Dry","Dark","2.9","28.7","3328","57232","29.7","29%","33.4","","Opened","7.718","35","Safe","Calm","7.2","35","12.8","15.4","997.4","1008.7"
"2026-08-15","00:10:13","Cloudy","Dry","Dark","3.0","28.7","3328","57232","29.7","29%","33.4","","Opened","7.391","35","Safe","Calm","7.8","35","12.7","15.5","997.3","1008.6"
"2026-08-15","00:10:23","Clear","Dry","Dark","2.7","28.8","3328","57232","29.7","29%","33.4","Heating UP","Opened","7.473","35","Safe","Calm","7.8","35","12.7","15.2","997.3","1008.6"
"2026-08-15","00:10:33","Clear","Dry","Dark","2.5","28.8","3328","57232","29.8","30%","33.4","Heating UP","Opened","7.476","35","Safe","Calm","7.3","35","12.8","15.0","997.4","1008.7"
"2026-08-15","00:10:43","Clear","Dry","Dark","2.5","28.8","3328","57232","29.8","31%","33.5","","Opened","7.403","35","Safe","Calm","6.6","35","12.9","15.1","997.4","1008.7"
"2026-08-15","00:10:53","Clear","Dry","Dark","2.4","28.8","3328","57232","29.8","31%","33.6","","Opened","7.352","35","Safe","Calm","6.1","35","12.9","15.0","997.4","1008.7"
"2026-08-15","00:11:03","Clear","Dry","Dark","3.0","28.8","3328","57232","29.8","31%","33.6","","Opened","7.606","35","Safe","Windy","6.6","35","12.8","15.5","997.5","1008.8"
"2026-08-15","00:11:13","Clear","Dry","Dark","2.6","28.9","3328","57232","29.8","31%","33.6","","Opened","7.292","35","Safe","Windy","6.4","35","12.7","15.2","997.3","1008.6"
"2026-08-15","00:11:23","Clear","Dry","Dark","2.4","28.9","3328","57232","29.9","31%","33.6","","Opened","7.362","35","Safe","Windy","6.1","35","12.8","15.1","997.3","1008.6"
"2026-08-15","00:11:33","Clear","Dry","Dark","2.6","28.9","3328","57232","29.9","31%","33.7","","Opened","7.329","35","Safe","Windy","6.4","35","12.8","15.2","997.3","1008.6"
"2026-08-15","00:11:43","Clear","Dry","Dark","2.5","29.0","3328","57232","29.9","31%","33.7","","Opened","7.340","35","Safe","Windy","7.3","35","12.8","15.2","997.4","1008.7"
"2026-08-15","00:11:53","Clear","Dry","Dark","2.6","29.0","3328","57232","29.9","31%","33.7","","Opened","7.318","35","Safe","Windy","7.9","35","12.8","15.3","997.3","1008.6"
"2026-08-15","00:12:03","Clear","Dry","Dark","2.6","29.0","3328","57232","30.0","31%","33.7","","Opened","7.535","35","Safe","Calm","7.2","35","12.8","15.2","997.4","1008.7"
"2026-08-15","00:12:13","Clear","Dry","Dark","2.4","29.0","3328","57232","30.0","31%","33.8","","Opened","7.340","35","Safe","Calm","7.1","35","12.8","15.1","997.4","1008.7"
"2026-08-15","00:12:23","Clear","Dry","Dark","2.4","29.0","3328","57232","30.0","31%","33.8","","Opened","7.281","35","Safe","Calm","7.1","35","12.8","15.0","997.4","1008.7"
"2026-08-15","00:12:33","Clear","Dry","Dark","2.4","29.0","3328","57232","30.0","31%","33.8","","Opened","7.396","35","Safe","Calm","6.8","35","12.8","15.1","997.4","1008.7"
"2026-08-15","00:12:43","Clear","Dry","Dark","2.8","29.1","3328","57232","30.0","31%","33.8","","Opened","7.365","35","Safe","Calm","6.5","35","12.7","15.5","997.4","1008.7"
"2026-08-15","00:12:53","Clear","Dry","Dark","2.7","29.1","3328","57232","30.1","31%","33.8","","Opened","7.312","35","Safe","Calm","6.8","34","12.6","15.4","997.3","1008.6"
"2026-08-15","00:13:03","Clear","Dry","Dark","2.5","29.1","3328","57232","30.0","31%","33.8","","Opened","7.627","35","Safe","Calm","6.8","34","12.7","15.2","997.3","1008.5"
"2026-08-15","00:13:13","Clear","Dry","Dark","2.5","29.1","3328","57232","30.1","31%","33.8","","Opened","7.359","35","Safe","Calm","6.5","34","12.7","15.2","997.3","1008.6"
"2026-08-15","00:13:23","Clear","Dry","Dark","2.4","29.1","3328","57232","30.1","31%","34.0","","Opened","7.324","35","Safe","Calm","6.5","34","12.7","15.1","997.3","1008.6"
"2026-08-15","00:13:33","Clear","Dry","Dark","2.5","29.2","3328","57232","30.1","31%","34.0","","Opened","7.308","35","Safe","Calm","7.1","34","12.7","15.3","997.4","1008.7"
"2026-08-15","00:13:43","Clear","Dry","Dark","2.4","29.2","3328","57232","30.1","31%","34.0","","Opened","7.270","35","Safe","Calm","6.8","34","12.7","15.1","997.3","1008.6"
"2026-08-15","00:13:53","Clear","Dry","Dark","2.5","29.2","3328","57232","30.1","31%","34.0","","Opened","7.380","35","Safe","Calm","6.6","34","12.7","15.3","997.4","1008.7"
"2026-08-15","00:14:03","Clear","Dry","Dark","2.5","29.2","3328","57232","30.2","31%","34.0","","Opened","7.491","35","Safe","Calm","6.9","34","12.7","15.2","997.4","1008.7"
"2026-08-15","00:14:13","Clear","Dry","Dark","2.4","29.2","3328","57232","30.2","31%","34.0","","Opened","7.280","35","Safe","Calm","7.3","34","12.7","15.2","997.4","1008.7"
"2026-08-15","00:14:23","Clear","Dry","Dark","2.7","29.3","3328","57232","30.2","31%","34.0","","Opened","7.371","35","Safe","Calm","7.9","34","12.6","15.4","997.4","1008.7"
"2026-08-15","00:14:33","Clear","Dry","Dark","2.5","29.3","3328","57232","30.2","31%","34.0","","Opened","7.353","35","Safe","Calm","7.8","34","12.7","15.3","997.4","1008.7"
"2026-08-15","00:14:43","Clear","Dry","Dark","2.4","29.3","3328","57232","30.2","31%","34.0","","Opened","7.334","35","Safe","Calm","7.6","34","12.6","15.1","997.4","1008.7"
"2026-08-15","00:14:53","Clear","Dry","Dark","2.4","29.3","3328","57232","30.2","31%","34.0","","Opened","7.292","35","Safe","Calm","7.5","34","12.7","15.2","997.3","1008.6"
"2026-08-15","00:15:03","Clear","Dry","Dark","2.9","29.4","3328","57232","30.2","31%","34.0","","Opened","7.619","35","Safe","Windy","7.9","34","12.7","15.7","997.4","1008.7"
"2026-08-15","00:15:13","Clear","Dry","Dark","2.4","29.4","3328","57232","30.3","31%","34.0","Heating UP","Opened","7.469","35","Safe","Windy","7.9","34","12.7","15.2","997.3","1008.5"
"2026-08-15","00:15:23","Clear","Dry","Dark","2.5","29.4","3328","57232","30.3","32%","34.1","","Opened","7.338","35","Safe","Windy","7.3","34","12.7","15.3","997.3","1008.6"
"2026-08-15","00:15:33","Clear","Dry","Dark","2.6","29.4","3328","57232","30.3","32%","34.1","","Opened","7.294","35","Safe","Windy","7.2","34","12.7","15.4","997.4","1008.7"
"2026-08-15","00:15:43","Clear","Dry","Dark","2.3","29.4","3328","57232","30.3","32%","34.2","","Opened","7.361","35","Safe","Windy","7.6","34","12.7","15.1","997.4","1008.7"
"2026-08-15","00:15:53","Clear","Dry","Dark","2.3","29.4","3328","57232","30.3","32%","34.2","","Opened","7.326","35","Safe","Windy","7.8","34","12.7","15.1","997.4","1008.7"
"2026-08-15","00:16:03","Clear","Dry","Dark","2.4","29.4","3328","57232","30.3","32%","34.2","","Opened","7.426","35","Safe","Calm","7.1","34","12.7","15.2","997.3","1008.6"
"2026-08-15","00:16:13","Clear","Dry","Dark","2.4","29.4","3328","57232","30.3","32%","34.2","","Opened","7.375","35","Safe","Calm","7.3","34","12.6","15.2","997.4","1008.7"
"2026-08-15","00:16:23","Clear","Dry","Dark","2.8","29.4","3328","57232","30.3","32%","34.2","","Opened","7.327","35","Safe","Windy","8.3","34","12.7","15.6","997.4","1008.7"
"2026-08-15","00:16:33","Clear","Dry","Dark","2.6","29.4","3328","57232","30.3","32%","34.2","","Opened","7.273","35","Safe","Windy","8.5","34","12.6","15.4","997.4","1008.7"
"2026-08-15","00:16:43","Clear","Dry","Dark","2.6","29.5","3328","57232","30.3","32%","34.2","","Opened","7.385","35","Safe","Windy","8.3","34","12.6","15.4","997.4","1008.7"
"2026-08-15","00:16:53","Clear","Dry","Dark","2.2","29.4","3328","57232","30.4","32%","34.2","","Opened","7.383","35","Safe","Windy","7.8","34","12.6","15.1","997.3","1008.6"
"2026-08-15","00:17:03","Clear","Dry","Dark","2.5","29.4","3328","57232","30.4","32%","34.3","","Opened","7.619","35","Safe","Windy","7.8","34","12.7","15.4","997.4","1008.7"
"2026-08-15","00:17:13","Clear","Dry","Dark","2.5","29.4","3328","57232","30.4","32%","34.3","","Opened","7.346","35","Safe","Windy","7.6","34","12.7","15.4","997.4","1008.7"
"2026-08-15","00:17:23","Clear","Dry","Dark","2.1","29.4","3328","57232","30.4","32%","34.3","","Opened","7.328","35","Safe","Calm","6.9","34","12.7","15.0","997.4","1008.7"
"2026-08-15","00:17:33","Clear","Dry","Dark","2.6","29.4","3328","57232","30.4","32%","34.3","","Opened","7.280","35","Safe","Calm","7.1","34","12.7","15.5","997.4","1008.7"
"2026-08-15","00:17:43","Clear","Dry","Dark","2.3","29.4","3328","57232","30.4","32%","34.3","","Opened","7.387","35","Safe","Calm","6.8","34","12.7","15.2","997.3","1008.6"
"2026-08-15","00:17:53","Clear","Dry","Dark","2.4","29.4","3328","57232","30.4","32%","34.4","","Opened","7.351","35","Safe","Calm","7.5","34","12.7","15.3","997.4","1008.7"
"2026-08-15","00:18:03","Clear","Dry","Dark","2.4","29.5","3328","57232","30.4","32%","34.3","","Opened","7.457","35","Safe","Calm","7.8","34","12.7","15.3","997.3","1008.6"
"2026-08-15","00:18:13","Clear","Dry","Dark","2.3","29.5","3328","57232","30.4","32%","34.3","","Opened","7.421","35","Safe","Calm","7.6","34","12.7","15.2","997.4","1008.7"
"2026-08-15","00:18:23","Clear","Dry","Dark","2.3","29.5","3328","57232","30.4","32%","34.3","","Opened","7.267","35","Safe","Calm","7.6","34","12.7","15.2","997.4","1008.7"
"2026-08-15","00:18:33","Clear","Dry","Dark","2.5","29.5","3328","57232","30.4","32%","34.3","","Opened","7.360","35","Safe","Calm","7.6","34","12.7","15.4","997.3","1008.6"
"2026-08-15","00:18:43","Clear","Dry","Dark","2.5","29.5","3328","57232","30.4","32%","34.3","","Opened","7.305","35","Safe","Windy","8.6","34","12.7","15.3","997.4","1008.7"
"2026-08-15","00:18:53","Clear","Dry","Dark","2.3","29.5","3328","57232","30.4","32%","34.2","","Opened","7.288","35","Safe","Windy","8.2","34","12.7","15.1","997.6","1008.8"
"2026-08-15","00:19:03","Clear","Dry","Dark","2.2","29.5","3328","57232","30.4","32%","34.2","","Opened","7.594","35","Safe","Windy","7.9","34","12.7","15.1","997.3","1008.6"
"2026-08-15","00:19:13","Clear","Dry","Dark","2.3","29.5","3328","57232","30.4","32%","34.3","","Opened","7.344","35","Safe","Windy","7.8","34","12.7","15.2","997.4","1008.7"
"2026-08-15","00:19:23","Clear","Dry","Dark","2.5","29.5","3328","57232","30.4","32%","34.2","","Opened","7.296","35","Safe","Windy","8.0","34","12.7","15.3","997.4","1008.7"
"2026-08-15","00:19:33","Clear","Dry","Dark","2.4","29.6","3328","57232","30.4","32%","34.2","","Opened","7.266","35","Safe","Windy","8.2","34","12.7","15.2","997.3","1008.5"
"2026-08-15","00:19:43","Clear","Dry","Dark","2.4","29.6","3328","57232","30.4","32%","34.2","","Opened","7.341","35","Safe","Calm","7.9","34","12.7","15.3","997.3","1008.6"
"2026-08-15","00:19:53","Clear","Dry","Dark","2.4","29.6","3328","57232","30.4","32%","34.1","Heating UP","Opened","7.447","35","Safe","Calm","8.0","34","12.7","15.2","997.4","1008.7"
"2026-08-15","00:20:03","Clear","Dry","Dark","2.3","29.6","3328","57232","30.4","33%","34.2","","Opened","7.525","35","Safe","Calm","8.2","34","12.7","15.1","997.3","1008.6"
"2026-08-15","00:20:13","Clear","Dry","Dark","2.1","29.5","3328","57232","30.4","33%","34.2","","Opened","7.272","35","Safe","Calm","8.2","34","12.7","15.0","997.5","1008.8"
"2026-08-15","00:20:23","Clear","Dry","Dark","2.3","29.5","3328","57232","30.4","33%","34.3","","Opened","7.374","35","Safe","Calm","8.0","34","12.8","15.2","997.4","1008.7"
"2026-08-15","00:20:33","Clear","Dry","Dark","2.3","29.6","3328","57232","30.4","33%","34.3","","Opened","7.322","35","Safe","Calm","7.8","34","12.7","15.1","997.3","1008.6"
"2026-08-15","00:20:43","Clear","Dry","Dark","2.3","29.6","3328","57232","30.4","33%","34.2","","Opened","7.297","35","Safe","Calm","7.5","34","12.7","15.2","997.4","1008.7"
"2026-08-15","00:20:53","Clear","Dry","Dark","2.3","29.5","3328","57232","30.4","33%","34.2","","Opened","7.289","35","Safe","Windy","8.3","34","12.7","15.2","997.4","1008.7"
"2026-08-15","00:21:03","Clear","Dry","Dark","2.1","29.6","3328","57232","30.4","33%","34.2","","Opened","7.669","35","Safe","Windy","8.3","34","12.7","15.0","997.4","1008.7"
"2026-08-15","00:21:13","Clear","Dry","Dark","2.2","29.5","3328","57232","30.4","33%","34.3","","Opened","7.276","35","Safe","Windy","8.3","34","12.8","15.1","997.3","1008.6"
"2026-08-15","00:21:23","Clear","Dry","Dark","2.2","29.5","3328","57232","30.4","33%","34.3","","Opened","7.365","35","Safe","Windy","8.2","34","12.7","15.1","997.4","1008.7"
"2026-08-15","00:21:33","Clear","Dry","Dark","2.2","29.5","3328","57232","30.4","33%","34.2","","Opened","7.361","35","Safe","Windy","7.9","34","12.7","15.1","997.4","1008.7"
"2026-08-15","00:21:43","Clear","Dry","Dark","2.1","29.5","3328","57232","30.4","33%","34.3","","Opened","7.322","35","Safe","Windy","7.5","34","12.7","15.0","997.4","1008.7"
"2026-08-15","00:21:53","Clear","Dry","Dark","2.3","29.5","3328","57232","30.4","33%","34.3","","Opened","7.284","35","Safe","Calm","6.5","34","12.8","15.2","997.4","1008.7"
"2026-08-15","00:22:03","Clear","Dry","Dark","2.1","29.5","3328","57232","30.4","33%","34.3","","Opened","7.642","35","Safe","Calm","6.2","34","12.7","14.9","997.3","1008.6"
"2026-08-15","00:22:13","Clear","Dry","Dark","2.2","29.5","3328","57232","30.3","33%","34.3","","Opened","7.343","35","Safe","Calm","6.4","34","12.7","15.0","997.4","1008.7"
"2026-08-15","00:22:23","Clear","Dry","Dark","2.2","29.5","3328","57232","30.4","33%","34.3","","Opened","7.287","35","Safe","Calm","6.2","34","12.7","15.0","997.3","1008.6"
"2026-08-15","00:22:33","Clear","Dry","Dark","2.1","29.4","3328","57232","30.4","33%","34.4","","Opened","7.376","35","Safe","Calm","6.2","34","12.7","15.0","997.4","1008.7"
"2026-08-15","00:22:43","Clear","Dry","Dark","2.4","29.4","3328","57232","30.3","33%","34.4","","Opened","7.381","35","Safe","Calm","6.5","34","12.7","15.2","997.4","1008.7"
"2026-08-15","00:22:53","Clear","Dry","Dark","2.4","29.4","3328","57232","30.4","33%","34.4","","Opened","7.349","35","Safe","Calm","6.8","34","12.7","15.2","997.4","1008.7"
"2026-08-15","00:23:03","Clear","Dry","Dark","2.2","29.4","3328","57232","30.3","33%","34.4","","Opened","7.652","35","Safe","Calm","6.6","34","12.7","15.1","997.4","1008.7"
"2026-08-15","00:23:13","Clear","Dry","Dark","2.3","29.4","3328","57232","30.3","33%","34.4","","Opened","7.305","35","Safe","Calm","6.5","34","12.7","15.1","997.4","1008.7"
"2026-08-15","00:23:23","Clear","Dry","Dark","2.3","29.4","3328","57232","30.3","33%","34.4","","Opened","7.399","35","Safe","Calm","6.8","34","12.7","15.2","997.4","1008.7"
"2026-08-15","00:23:33","Clear","Dry","Dark","2.5","29.4","3328","57232","30.3","33%","34.4","","Opened","7.372","35","Safe","Windy","7.5","34","12.7","15.4","997.4","1008.7"
"2026-08-15","00:23:43","Clear","Dry","Dark","2.5","29.5","3328","57232","30.4","33%","34.4","","Opened","7.328","35","Safe","Windy","8.0","34","12.6","15.3","997.4","1008.7"
"2026-08-15","00:23:53","Clear","Dry","Dark","2.3","29.5","3328","57232","30.3","33%","34.3","","Opened","7.296","35","Safe","Windy","7.8","34","12.6","15.1","997.3","1008.6"
"2026-08-15","00:24:03","Clear","Dry","Dark","2.6","29.5","3328","57232","30.4","33%","34.3","","Opened","7.680","35","Safe","Windy","8.5","34","12.7","15.4","997.4","1008.7"
"2026-08-15","00:24:13","Clear","Dry","Dark","2.3","29.5","3328","57232","30.3","33%","34.3","","Opened","7.334","35","Safe","Windy","9.3","34","12.6","15.1","997.4","1008.7"
"2026-08-15","00:24:23","Clear","Dry","Dark","2.4","29.5","3328","57232","30.3","33%","34.3","","Opened","7.315","35","Safe","Windy","9.6","34","12.6","15.2","997.4","1008.7"
"2026-08-15","00:24:33","Clear","Dry","Dark","2.4","29.5","3328","57232","30.3","33%","34.3","","Opened","7.277","35","Safe","Windy","9.2","34","12.6","15.2","997.3","1008.6"
"2026-08-15","00:24:43","Clear","Dry","Dark","2.4","29.6","3328","57232","30.3","33%","34.3","","Opened","7.351","35","Safe","Windy","8.9","34","12.6","15.3","997.3","1008.6"
"2026-08-15","00:24:53","Clear","Dry","Dark","2.4","29.6","3328","57232","30.4","33%","34.3","","Opened","7.327","35","Safe","Windy","9.2","34","12.7","15.2","997.3","1008.6"
"2026-08-15","00:25:03","Clear","Dry","Dark","2.3","29.6","3328","57232","30.4","33%","34.3","","Opened","7.525","35","Safe","Windy","8.7","34","12.7","15.2","997.4","1008.7"
"2026-08-15","00:25:13","Clear","Dry","Dark","2.1","29.6","3328","57232","30.4","33%","34.3","","Opened","7.378","35","Safe","Calm","7.8","34","12.7","15.0","997.4","1008.7"
"2026-08-15","00:25:23","Clear","Dry","Dark","2.3","29.5","3328","57232","30.4","33%","34.4","","Opened","7.379","35","Safe","Calm","7.3","34","12.7","15.2","997.4","1008.7"
"2026-08-15","00:25:33","Clear","Dry","Dark","2.2","29.5","3328","57232","30.3","33%","34.4","","Opened","7.359","35","Safe","Calm","7.2","34","12.7","15.1","997.3","1008.6"
"2026-08-15","00:25:43","Clear","Dry","Dark","2.1","29.5","3328","57232","30.4","33%","34.4","","Opened","7.309","35","Safe","Calm","6.9","34","12.7","14.9","997.4","1008.7"
"2026-08-15","00:25:53","Clear","Dry","Dark","2.2","29.5","3328","57232","30.4","33%","34.4","","Opened","7.257","35","Safe","Calm","6.8","34","12.7","15.0","997.3","1008.5"
"2026-08-15","00:26:03","Clear","Dry","Dark","2.3","29.5","3328","57232","30.4","33%","34.4","","Opened","7.619","35","Safe","Calm","7.1","34","12.7","15.2","997.4","1008.7"
"2026-08-15","00:26:13","Clear","Dry","Dark","2.3","29.5","3328","57232","30.4","33%","34.4","","Opened","7.339","35","Safe","Calm","7.2","34","12.7","15.1","997.4","1008.7"
"2026-08-15","00:26:23","Clear","Dry","Dark","2.4","29.5","3328","57232","30.4","33%","34.4","","Opened","7.298","35","Safe","Calm","6.9","34","12.7","15.2","997.3","1008.6"
"2026-08-15","00:26:33","Clear","Dry","Dark","2.1","29.5","3328","57232","30.4","33%","34.4","","Opened","7.372","35","Safe","Calm","6.9","34","12.7","15.0","997.4","1008.7"
"2026-08-15","00:26:43","Clear","Dry","Dark","2.3","29.5","3328","57232","30.4","33%","34.4","","Opened","7.376","35","Safe","Calm","6.8","34","12.7","15.1","997.4","1008.7"
"2026-08-15","00:26:53","Clear","Dry","Dark","2.3","29.5","3328","57232","30.4","33%","34.5","","Opened","7.331","35","Safe","Calm","6.5","34","12.7","15.1","997.4","1008.7"
"2026-08-15","00:27:03","Clear","Dry","Dark","2.2","29.4","3328","57232","30.4","33%","34.5","","Opened","7.586","35","Safe","Calm","5.9","34","12.7","15.1","997.4","1008.7"
"2026-08-15","00:27:13","Clear","Dry","Dark","2.3","29.4","3328","57232","30.4","33%","34.5","","Opened","7.268","35","Safe","Calm","5.9","34","12.7","15.1","997.4","1008.7"
"2026-08-15","00:27:23","Clear","Dry","Dark","2.1","29.4","3328","57232","30.4","33%","34.5","","Opened","7.266","35","Safe","Calm","6.2","34","12.7","15.0","997.4","1008.7"
"2026-08-15","00:27:33","Clear","Dry","Dark","2.4","29.4","3328","57232","30.3","33%","34.5","","Opened","7.367","35","Safe","Calm","6.2","34","12.7","15.2","997.4","1008.7"
"2026-08-15","00:27:43","Clear","Dry","Dark","2.3","29.4","3328","57232","30.4","33%","34.5","","Opened","7.327","35","Safe","Calm","6.6","34","12.7","15.1","997.3","1008.6"
"2026-08-15","00:27:53","Clear","Dry","Dark","2.2","29.4","3328","57232","30.4","33%","34.5","","Opened","7.346","35","Safe","Calm","6.8","34","12.7","15.0","997.3","1008.6"
"2026-08-15","00:28:03","Clear","Dry","Dark","2.2","29.4","3328","57232","30.3","33%","34.5","","Opened","7.603","35","Safe","Calm","7.5","34","12.7","15.0","997.3","1008.6"
"2026-08-15","00:28:13","Clear","Dry","Dark","2.3","29.4","3328","57232","30.3","33%","34.4","","Opened","7.279","35","Safe","Calm","7.8","34","12.7","15.1","997.3","1008.6"
"2026-08-15","00:28:23","Clear","Dry","Dark","2.6","29.5","3328","57232","30.3","33%","34.4","","Opened","7.356","35","Safe","Windy","8.5","34","12.7","15.4","997.3","1008.5"
"2026-08-15","00:28:33","Clear","Dry","Dark","2.3","29.5","3328","57232","30.3","33%","34.3","","Opened","7.295","35","Safe","Windy","8.7","34","12.7","15.1","997.3","1008.6"
"2026-08-15","00:28:43","Clear","Dry","Dark","2.3","29.5","3328","57232","30.3","33%","34.3","","Opened","7.282","35","Safe","Windy","8.9","34","12.7","15.1","997.4","1008.7"
"2026-08-15","00:28:53","Clear","Dry","Dark","2.3","29.5","3328","57232","30.3","33%","34.3","","Opened","7.262","35","Safe","Windy","9.2","34","12.7","15.1","997.4","1008.7"
"2026-08-15","00:29:03","Clear","Dry","Dark","2.4","29.5","3328","57232","30.3","33%","34.3","","Opened","7.738","35","Safe","Windy","9.4","34","12.7","15.3","997.3","1008.5"
"2026-08-15","00:29:13","Clear","Dry","Dark","2.4","29.5","3328","57232","30.3","33%","34.3","","Opened","7.378","35","Safe","Windy","10.4","34","12.7","15.3","997.4","1008.7"
"2026-08-15","00:29:23","Clear","Dry","Dark","2.6","29.6","3328","57232","30.3","33%","34.2","","Opened","7.333","35","Safe","Windy","10.4","34","12.7","15.4","997.4","1008.7"
"2026-08-15","00:29:33","Clear","Dry","Dark","2.4","29.6","3328","57232","30.3","33%","34.2","","Opened","7.280","35","Safe","Windy","10.6","34","12.7","15.2","997.3","1008.6"
"2026-08-15","00:29:43","Clear","Dry","Dark","2.4","29.6","3328","57232","30.4","33%","34.2","","Opened","7.297","35","Safe","Windy","10.4","34","12.7","15.3","997.3","1008.6"
"2026-08-15","00:29:53","Clear","Dry","Dark","2.3","29.6","3328","57232","30.4","33%","34.2","","Opened","7.284","35","Safe","Windy","10.8","34","12.7","15.2","997.4","1008.7"
"2026-08-15","00:30:04","Clear","Dry","Dark","2.4","29.6","3328","57232","30.4","33%","34.2","","Opened","8.477","35","Safe","Windy","10.3","34","12.7","15.2","997.4","1008.7"
"2026-08-15","00:30:13","Clear","Dry","Dark","2.4","29.6","3328","57232","30.4","33%","34.2","","Opened","7.628","35","Safe","Windy","9.4","34","12.7","15.2","997.3","1008.6"
"2026-08-15","00:30:23","Clear","Dry","Dark","2.4","29.6","3328","57232","30.4","33%","34.2","","Opened","7.558","35","Safe","Windy","8.7","34","12.7","15.2","997.3","1008.5"
"2026-08-15","00:30:32","Clear","Dry","Dark","2.2","29.6","3328","57232","30.4","33%","34.3","","Opened","6.681","35","Safe","Windy","8.6","34","12.7","15.0","997.3","1008.6"
"2026-08-15","00:30:42","Clear","Dry","Dark","2.1","29.6","3328","57232","30.4","33%","34.3","","Opened","7.117","35","Safe","Windy","8.0","34","12.7","14.9","997.4","1008.7"
"2026-08-15","00:30:53","Clear","Dry","Dark","2.2","29.6","3328","57232","30.4","33%","34.3","","Opened","7.294","35","Safe","Calm","7.2","34","12.8","15.0","997.4","1008.7"
"2026-08-15","00:31:03","Clear","Dry","Dark","2.4","29.6","3328","57232","30.4","33%","34.3","","Opened","7.808","35","Safe","Windy","7.8","34","12.7","15.2","997.4","1008.7"
"2026-08-15","00:31:12","Clear","Dry","Dark","2.4","29.6","3328","57232","30.4","33%","34.3","","Opened","6.952","35","Safe","Windy","7.8","34","12.6","15.3","997.4","1008.7"
"2026-08-15","00:31:22","Clear","Dry","Dark","2.5","29.6","3328","57232","30.4","33%","34.3","","Opened","6.993","35","Safe","Windy","7.9","34","12.6","15.3","997.3","1008.6"
"2026-08-15","00:31:33","Clear","Dry","Dark","2.2","29.6","3328","57232","30.4","33%","34.3","","Opened","7.351","35","Safe","Windy","7.5","34","12.6","15.1","997.3","1008.6"
"2026-08-15","00:31:43","Clear","Dry","Dark","2.5","29.6","3328","57232","30.4","33%","34.3","","Opened","7.251","35","Safe","Windy","8.2","34","12.6","15.3","997.4","1008.7"
"2026-08-15","00:31:52","Clear","Dry","Dark","2.3","29.6","3328","57232","30.4","33%","34.3","","Opened","7.017","35","Safe","Windy","8.9","34","12.6","15.2","997.3","1008.6"
"2026-08-15","00:32:03","Clear","Dry","Dark","2.3","29.6","3328","57232","30.4","33%","34.3","","Opened","7.463","35","Safe","Calm","8.7","34","12.7","15.2","997.4","1008.7"
"2026-08-15","00:32:13","Clear","Dry","Dark","2.3","29.6","3328","57232","30.4","33%","34.3","","Opened","7.192","35","Safe","Calm","8.6","34","12.6","15.1","997.3","1008.5"
"2026-08-15","00:32:23","Clear","Dry","Dark","2.5","29.6","3328","57232","30.4","33%","34.3","","Opened","7.436","35","Safe","Windy","9.3","34","12.6","15.4","997.3","1008.6"
"2026-08-15","00:32:33","Clear","Dry","Dark","2.4","29.6","3328","57232","30.4","33%","34.3","","Opened","7.347","35","Safe","Windy","9.6","34","12.6","15.3","997.4","1008.7"
"2026-08-15","00:32:43","Clear","Dry","Dark","2.3","29.6","3328","57232","30.4","33%","34.3","","Opened","7.388","35","Safe","Windy","9.3","34","12.6","15.2","997.4","1008.7"
"2026-08-15","00:32:53","Clear","Dry","Dark","2.3","29.6","3328","57232","30.4","33%","34.3","","Opened","7.344","35","Safe","Windy","8.7","34","12.6","15.2","997.3","1008.6"
"2026-08-15","00:33:03","Clear","Dry","Dark","2.1","29.6","3328","57232","30.4","33%","34.3","","Opened","7.629","35","Safe","Windy","8.0","34","12.6","15.0","997.3","1008.6"
"2026-08-15","00:33:13","Clear","Dry","Dark","2.4","29.6","3327","57232","30.4","33%","34.4","","Opened","7.325","35","Safe","Windy","7.6","34","12.6","15.2","997.4","1008.7"
"2026-08-15","00:33:23","Clear","Dry","Dark","2.4","29.6","3328","57232","30.4","33%","34.4","","Opened","7.374","35","Safe","Calm","7.2","34","12.6","15.3","997.3","1008.6"
"2026-08-15","00:33:33","Clear","Dry","Dark","2.3","29.6","3328","57232","30.4","33%","34.3","","Opened","7.322","35","Safe","Calm","7.3","34","12.7","15.2","997.3","1008.5"
"2026-08-15","00:33:43","Clear","Dry","Dark","2.4","29.6","3328","57232","30.4","33%","34.3","","Opened","7.263","35","Safe","Calm","7.6","34","12.6","15.3","997.3","1008.6"
"2026-08-15","00:33:53","Clear","Dry","Dark","2.3","29.6","3328","57232","30.4","33%","34.3","","Opened","7.333","35","Safe","Calm","7.6","34","12.6","15.2","997.4","1008.7"
"2026-08-15","00:34:03","Clear","Dry","Dark","2.2","29.6","3328","57232","30.4","33%","34.3","","Opened","7.548","35","Safe","Calm","8.2","34","12.6","15.1","997.4","1008.7"
"2026-08-15","00:34:13","Clear","Dry","Dark","2.4","29.6","3328","57232","30.4","33%","34.3","","Opened","7.370","35","Safe","Calm","8.9","34","12.6","15.3","997.3","1008.6"
"2026-08-15","00:34:23","Clear","Dry","Dark","2.2","29.6","3328","57232","30.4","33%","34.3","","Opened","7.335","35","Safe","Calm","8.5","34","12.6","15.0","997.3","1008.6"
"2026-08-15","00:34:33","Clear","Dry","Dark","2.2","29.6","3328","57232","30.4","33%","34.3","","Opened","7.299","35","Safe","Calm","8.0","34","12.6","15.1","997.4","1008.7"
"2026-08-15","00:34:43","Clear","Dry","Dark","2.2","29.6","3328","57232","30.4","33%","34.3","","Opened","7.394","35","Safe","Calm","7.3","34","12.6","15.1","997.4","1008.7"
"2026-08-15","00:34:53","Clear","Dry","Dark","2.3","29.6","3328","57232","30.4","33%","34.4","","Opened","7.355","35","Safe","Calm","7.8","33","12.6","15.2","997.3","1008.6"
"2026-08-15","00:35:03","Clear","Dry","Dark","2.1","29.6","3328","57232","30.4","33%","34.4","","Opened","7.522","35","Safe","Calm","7.2","34","12.6","15.0","997.4","1008.7"
"2026-08-15","00:35:13","Clear","Dry","Dark","2.4","29.6","3328","57232","30.4","33%","34.4","","Opened","7.289","35","Safe","Calm","6.9","34","12.6","15.2","997.4","1008.7"
"2026-08-15","00:35:23","Clear","Dry","Dark","2.4","29.5","3328","57232","30.4","33%","34.4","","Opened","7.375","35","Safe","Calm","7.2","34","12.6","15.2","997.3","1008.6"
"2026-08-15","00:35:33","Clear","Dry","Dark","2.4","29.5","3328","57232","30.4","33%","34.4","","Opened","7.316","35","Safe","Calm","7.5","34","12.6","15.2","997.3","1008.6"
"2026-08-15","00:35:43","Clear","Dry","Dark","2.4","29.6","3328","57232","30.4","33%","34.3","","Opened","7.267","35","Safe","Windy","8.6","34","12.6","15.3","997.3","1008.6"
"2026-08-15","00:35:53","Clear","Dry","Dark","2.3","29.6","3328","57232","30.4","33%","34.3","","Opened","7.335","35","Safe","Windy","8.6","34","12.6","15.2","997.4","1008.7"
"2026-08-15","00:36:03","Clear","Dry","Dark","2.2","29.6","3328","57232","30.4","33%","34.3","","Opened","7.501","35","Safe","Windy","8.9","34","12.6","15.1","997.3","1008.6"
"2026-08-15","00:36:13","Clear","Dry","Dark","2.2","29.6","3328","57232","30.4","33%","34.3","","Opened","7.383","35","Safe","Windy","8.6","34","12.6","15.1","997.4","1008.7"
"2026-08-15","00:36:23","Clear","Dry","Dark","2.2","29.6","3328","57232","30.4","33%","34.3","","Opened","7.325","35","Safe","Windy","8.5","34","12.6","15.1","997.4","1008.7"
"2026-08-15","00:36:33","Clear","Dry","Dark","2.4","29.6","3328","57232","30.4","33%","34.3","","Opened","7.292","35","Safe","Windy","8.7","34","12.6","15.2","997.3","1008.6"
"2026-08-15","00:36:43","Clear","Dry","Dark","2.2","29.6","3328","57232","30.4","33%","34.3","","Opened","7.380","35","Safe","Calm","7.8","34","12.6","15.1","997.4","1008.7"
"2026-08-15","00:36:53","Clear","Dry","Dark","2.2","29.6","3328","57232","30.4","33%","34.3","","Opened","7.365","35","Safe","Calm","7.8","34","12.7","15.0","997.3","1008.6"
"2026-08-15","00:37:03","Clear","Dry","Dark","2.1","29.6","3328","57232","30.4","33%","34.4","","Opened","7.514","35","Safe","Windy","8.3","34","12.6","15.0","997.4","1008.7"
"2026-08-15","00:37:13","Clear","Dry","Dark","2.4","29.6","3328","57232","30.4","33%","34.3","","Opened","7.268","35","Safe","Windy","9.2","34","12.6","15.3","997.3","1008.6"
"2026-08-15","00:37:23","Clear","Dry","Dark","2.4","29.6","3328","57232","30.4","33%","34.2","","Opened","7.361","35","Safe","Windy","9.9","34","12.6","15.3","997.3","1008.6"
"2026-08-15","00:37:33","Clear","Dry","Dark","2.4","29.7","3328","57232","30.4","33%","34.2","","Opened","7.318","35","Safe","Windy","10.0","34","12.6","15.2","997.4","1008.7"
"2026-08-15","00:37:43","Clear","Dry","Dark","2.2","29.7","3328","57232","30.4","33%","34.2","","Opened","7.260","35","Safe","Windy","10.4","34","12.6","15.1","997.4","1008.7"
"2026-08-15","00:37:53","Clear","Dry","Dark","2.2","29.7","3328","57232","30.4","33%","34.2","","Opened","7.364","35","Safe","Windy","10.4","34","12.6","15.1","997.3","1008.6"
"2026-08-15","00:38:03","Clear","Dry","Dark","2.1","29.6","3328","57232","30.4","33%","34.2","","Opened","7.520","35","Safe","Windy","9.7","34","12.6","15.0","997.4","1008.7"
"2026-08-15","00:38:13","Clear","Dry","Dark","2.2","29.6","3328","57232","30.4","33%","34.3","","Opened","7.311","35","Safe","Windy","9.2","34","12.7","15.1","997.4","1008.7"
"2026-08-15","00:38:23","Clear","Dry","Dark","2.2","29.6","3328","57232","30.4","33%","34.3","","Opened","7.265","35","Safe","Windy","8.2","34","12.6","15.0","997.4","1008.7"
"2026-08-15","00:38:33","Clear","Dry","Dark","2.3","29.6","3328","57232","30.4","33%","34.3","","Opened","7.346","35","Safe","Windy","8.2","34","12.6","15.2","997.3","1008.6"
"2026-08-15","00:38:43","Clear","Dry","Dark","2.2","29.6","3328","57232","30.4","33%","34.3","","Opened","7.304","35","Safe","Windy","7.9","34","12.6","15.0","997.3","1008.6"
"2026-08-15","00:38:53","Clear","Dry","Dark","2.2","29.6","3328","57232","30.4","33%","34.3","","Opened","7.271","35","Safe","Windy","7.8","34","12.6","15.0","997.3","1008.6"
"2026-08-15","00:39:03","Clear","Dry","Dark","2.2","29.6","3328","57232","30.4","33%","34.3","","Opened","7.535","35","Safe","Windy","7.8","34","12.6","15.0","997.4","1008.7"
"2026-08-15","00:39:13","Clear","Dry","Dark","2.3","29.6","3328","57232","30.4","33%","34.3","","Opened","7.314","35","Safe","Windy","8.0","34","12.6","15.2","997.3","1008.6"
"2026-08-15","00:39:23","Clear","Dry","Dark","2.1","29.6","3328","57232","30.4","33%","34.3","","Opened","7.287","35","Safe","Windy","8.0","33","12.6","15.0","997.3","1008.6"
"2026-08-15","00:39:33","Clear","Dry","Dark","2.3","29.6","3328","57232","30.4","33%","34.3","","Opened","7.372","35","Safe","Windy","8.3","34","12.6","15.2","997.4","1008.7"
"2026-08-15","00:39:43","Clear","Dry","Dark","2.4","29.6","3328","57232","30.4","33%","34.3","","Opened","7.318","35","Safe","Windy","8.9","33","12.5","15.3","997.3","1008.6"
"2026-08-15","00:39:53","Clear","Dry","Dark","2.2","29.6","3328","57232","30.4","33%","34.2","","Opened","7.260","35","Safe","Windy","8.7","33","12.5","15.1","997.3","1008.6"
"2026-08-15","00:40:03","Clear","Dry","Dark","2.3","29.6","3328","57232","30.4","33%","34.3","","Opened","7.563","35","Safe","Windy","8.7","33","12.5","15.1","997.3","1008.6"
"2026-08-15","00:40:13","Clear","Dry","Dark","2.4","29.6","3328","57232","30.4","33%","34.3","","Opened","7.305","35","Safe","Windy","8.6","33","12.5","15.3","997.3","1008.6"
"2026-08-15","00:40:23","Clear","Dry","Dark","2.1","29.6","3328","57232","30.4","33%","34.3","","Opened","7.383","35","Safe","Windy","8.6","33","12.5","15.0","997.4","1008.7"
"2026-08-15","00:40:33","Clear","Dry","Dark","2.2","29.6","3328","57232","30.4","33%","34.4","","Opened","7.330","35","Safe","Windy","7.6","33","12.5","15.0","997.4","1008.7"
"2026-08-15","00:40:43","Clear","Dry","Dark","2.4","29.6","3328","57232","30.4","33%","34.4","","Opened","7.278","35","Safe","Calm","7.3","33","12.5","15.2","997.4","1008.7"
"2026-08-15","00:40:53","Clear","Dry","Dark","2.3","29.6","3328","57232","30.4","33%","34.4","","Opened","7.397","35","Safe","Calm","7.8","33","12.5","15.1","997.3","1008.6"
"2026-08-15","00:41:03","Clear","Dry","Dark","2.3","29.6","3328","57232","30.4","33%","34.3","","Opened","7.577","35","Safe","Calm","8.0","33","12.4","15.1","997.3","1008.6"
"2026-08-15","00:41:13","Clear","Dry","Dark","2.1","29.6","3328","57232","30.4","33%","34.3","","Opened","7.318","35","Safe","Calm","7.6","33","12.4","15.0","997.3","1008.5"
"2026-08-15","00:41:23","Clear","Dry","Dark","2.2","29.6","3328","57232","30.4","33%","34.4","","Opened","7.292","35","Safe","Calm","7.8","33","12.5","15.1","997.4","1008.7"
"2026-08-15","00:41:33","Clear","Dry","Dark","2.2","29.5","3328","57232","30.4","33%","34.4","","Opened","7.413","35","Safe","Calm","8.3","33","12.5","15.1","997.3","1008.6"
"2026-08-15","00:41:43","Clear","Dry","Dark","2.4","29.6","3328","57232","30.4","33%","34.3","","Opened","7.354","35","Safe","Calm","8.5","33","12.4","15.3","997.3","1008.6"
"2026-08-15","00:41:53","Clear","Dry","Dark","2.3","29.6","3328","57232","30.4","33%","34.3","","Opened","7.338","35","Safe","Calm","8.0","33","12.4","15.1","997.3","1008.6"
"2026-08-15","00:42:03","Clear","Dry","Dark","2.3","29.6","3328","57232","30.4","33%","34.3","","Opened","7.528","35","Safe","Calm","8.2","33","12.4","15.2","997.3","1008.6"
"2026-08-15","00:42:13","Clear","Dry","Dark","2.4","29.6","3328","57232","30.4","33%","34.3","","Opened","7.369","35","Safe","Calm","8.6","33","12.3","15.3","997.3","1008.5"
"2026-08-15","00:42:23","Clear","Dry","Dark","2.4","29.6","3328","57232","30.4","33%","34.3","","Opened","7.342","35","Safe","Calm","8.7","33","12.3","15.2","997.3","1008.5"
"2026-08-15","00:42:33","Clear","Dry","Dark","2.5","29.6","3328","57232","30.4","33%","34.3","","Opened","7.303","35","Safe","Calm","8.6","33","12.4","15.4","997.3","1008.6"
"2026-08-15","00:42:43","Clear","Dry","Dark","2.4","29.6","3328","57232","30.4","33%","34.3","","Opened","7.380","35","Safe","Calm","8.6","33","12.3","15.3","997.3","1008.5"
"2026-08-15","00:42:53","Clear","Dry","Dark","2.5","29.7","3328","57232","30.4","33%","34.3","","Opened","7.329","35","Safe","Calm","8.9","33","12.3","15.3","997.3","1008.6"
"2026-08-15","00:43:03","Clear","Dry","Dark","2.4","29.7","3328","57232","30.4","33%","34.2","","Opened","7.539","35","Safe","Calm","9.0","33","12.3","15.3","997.4","1008.7"
"2026-08-15","00:43:13","Clear","Dry","Dark","2.2","29.7","3328","57232","30.4","33%","34.2","","Opened","7.260","35","Safe","Calm","8.9","33","12.3","15.1","997.3","1008.5"
"2026-08-15","00:43:23","Clear","Dry","Dark","2.3","29.7","3328","57232","30.4","33%","34.3","","Opened","7.310","35","Safe","Calm","8.6","33","12.3","15.1","997.3","1008.5"
"2026-08-15","00:43:33","Clear","Dry","Dark","2.3","29.7","3328","57232","30.4","33%","34.3","","Opened","7.304","35","Safe","Calm","8.3","33","12.3","15.2","997.3","1008.6"
"2026-08-15","00:43:43","Clear","Dry","Dark","2.3","29.7","3328","57232","30.4","33%","34.3","","Opened","7.370","35","Safe","Calm","8.0","33","12.3","15.2","997.3","1008.6"
"2026-08-15","00:43:53","Clear","Dry","Dark","2.4","29.7","3328","57232","30.4","33%","34.3","","Opened","7.329","35","Safe","Calm","7.9","33","12.3","15.3","997.3","1008.6"
"2026-08-15","00:44:03","Clear","Dry","Dark","2.3","29.7","3328","57232","30.4","33%","34.3","","Opened","7.508","35","Safe","Calm","7.5","33","12.3","15.2","997.4","1008.7"
"2026-08-15","00:44:13","Clear","Dry","Dark","2.3","29.7","3328","57232","30.4","33%","34.3","","Opened","7.315","35","Safe","Calm","7.8","33","12.3","15.2","997.3","1008.5"
"2026-08-15","00:44:23","Clear","Dry","Dark","2.3","29.7","3328","57232","30.4","33%","34.3","","Opened","7.278","35","Safe","Calm","7.9","33","12.3","15.2","997.3","1008.5"
"2026-08-15","00:44:33","Clear","Dry","Dark","2.4","29.7","3328","57232","30.4","33%","34.3","","Opened","7.394","35","Safe","Windy","8.5","33","12.3","15.3","997.3","1008.6"
"2026-08-15","00:44:43","Clear","Dry","Dark","2.4","29.7","3328","57232","30.5","33%","34.3","","Opened","7.391","35","Safe","Windy","8.9","33","12.2","15.3","997.4","1008.7"
"2026-08-15","00:44:53","Clear","Dry","Dark","2.3","29.7","3328","57232","30.4","33%","34.2","","Opened","7.349","35","Safe","Windy","9.0","33","12.2","15.2","997.3","1008.5"
"2026-08-15","00:45:03","Clear","Dry","Dark","2.2","29.7","3328","57232","30.5","33%","34.3","","Opened","7.459","35","Safe","Windy","8.7","33","12.2","15.1","997.2","1008.5"
"2026-08-15","00:45:13","Clear","Dry","Dark","2.6","29.7","3328","57232","30.5","33%","34.3","","Opened","7.396","35","Safe","Windy","8.7","33","12.3","15.5","997.3","1008.5"
"2026-08-15","00:45:23","Clear","Dry","Dark","2.5","29.7","3328","57232","30.5","33%","34.3","","Opened","7.373","35","Safe","Windy","9.0","33","12.2","15.4","997.3","1008.5"
"2026-08-15","00:45:33","Clear","Dry","Dark","2.4","29.7","3328","57232","30.5","33%","34.3","","Opened","7.331","35","Safe","Windy","8.6","33","12.2","15.3","997.3","1008.5"
"2026-08-15","00:45:43","Clear","Dry","Dark","2.4","29.7","3328","57232","30.5","33%","34.3","","Opened","7.273","35","Safe","Calm","8.3","33","12.2","15.3","997.3","1008.5"
"2026-08-15","00:45:53","Clear","Dry","Dark","2.4","29.7","3328","57232","30.5","33%","34.3","","Opened","7.341","35","Safe","Calm","8.3","33","12.2","15.4","997.3","1008.5"
"2026-08-15","00:46:03","Clear","Dry","Dark","2.4","29.7","3328","57232","30.5","33%","34.3","","Opened","7.540","35","Safe","Calm","8.7","33","12.2","15.3","997.2","1008.5"
"2026-08-15","00:46:13","Clear","Dry","Dark","2.3","29.7","3328","57232","30.5","33%","34.3","","Opened","7.385","35","Safe","Calm","8.3","33","12.2","15.2","997.3","1008.5"
"2026-08-15","00:46:23","Clear","Dry","Dark","2.4","29.7","3328","57232","30.5","33%","34.3","","Opened","7.355","35","Safe","Calm","8.3","33","12.2","15.3","997.3","1008.6"
"2026-08-15","00:46:33","Clear","Dry","Dark","2.2","29.7","3328","57232","30.5","33%","34.3","","Opened","7.303","35","Safe","Windy","8.7","33","12.3","15.2","997.2","1008.5"
"2026-08-15","00:46:43","Clear","Dry","Dark","2.5","29.8","3328","57232","30.5","33%","34.3","","Opened","7.268","35","Safe","Windy","8.9","32","12.2","15.4","997.3","1008.6"
"2026-08-15","00:46:53","Clear","Dry","Dark","2.3","29.8","3328","57232","30.5","33%","34.3","","Opened","7.373","35","Safe","Windy","9.3","32","12.2","15.2","997.3","1008.5"
"2026-08-15","00:47:03","Clear","Dry","Dark","2.2","29.8","3328","57232","30.5","33%","34.3","","Opened","7.563","35","Safe","Windy","9.3","33","12.2","15.1","997.3","1008.6"
"2026-08-15","00:47:13","Clear","Dry","Dark","2.2","29.8","3328","57232","30.5","33%","34.3","","Opened","7.382","35","Safe","Windy","9.3","33","12.2","15.1","997.3","1008.6"
"2026-08-15","00:47:23","Clear","Dry","Dark","2.3","29.7","3328","57232","30.5","33%","34.3","","Opened","7.342","35","Safe","Windy","9.4","33","12.2","15.2","997.3","1008.5"
"2026-08-15","00:47:33","Clear","Dry","Dark","2.5","29.8","3328","57232","30.5","33%","34.3","","Opened","7.290","35","Safe","Windy","9.4","32","12.2","15.4","997.3","1008.5"
"2026-08-15","00:47:43","Clear","Dry","Dark","2.1","29.8","3328","57232","30.5","33%","34.3","","Opened","7.351","35","Safe","Windy","8.9","33","12.2","15.1","997.3","1008.5"
"2026-08-15","00:47:53","Clear","Dry","Dark","2.2","29.7","3328","57232","30.5","33%","34.4","","Opened","7.321","35","Safe","Windy","7.9","33","12.2","15.1","997.3","1008.6"
"2026-08-15","00:48:03","Clear","Dry","Dark","2.2","29.7","3328","57232","30.5","33%","34.4","","Opened","7.535","35","Safe","Windy","7.6","33","12.2","15.1","997.4","1008.6"
"2026-08-15","00:48:13","Clear","Dry","Dark","2.3","29.7","3328","57232","30.5","33%","34.4","","Opened","7.344","35","Safe","Windy","7.9","32","12.2","15.3","997.3","1008.6"
"2026-08-15","00:48:23","Clear","Dry","Dark","2.4","29.7","3328","57232","30.5","33%","34.4","","Opened","7.299","35","Safe","Windy","7.8","32","12.2","15.3","997.2","1008.5"
"2026-08-15","00:48:33","Clear","Dry","Dark","2.2","29.7","3328","57232","30.5","33%","34.4","","Opened","7.371","35","Safe","Windy","7.8","32","12.2","15.1","997.2","1008.5"
"2026-08-15","00:48:43","Clear","Dry","Dark","2.3","29.7","3328","57232","30.5","33%","34.4","","Opened","7.338","35","Safe","Windy","8.3","32","12.2","15.3","997.3","1008.5"
"2026-08-15","00:48:53","Clear","Dry","Dark","2.2","29.7","3328","57232","30.5","33%","34.4","","Opened","7.299","35","Safe","Windy","9.0","32","12.2","15.2","997.3","1008.5"
"2026-08-15","00:49:03","Clear","Dry","Dark","2.4","29.7","3328","57232","30.6","33%","34.4","","Opened","7.661","35","Safe","Windy","9.4","32","12.2","15.4","997.3","1008.5"
"2026-08-15","00:49:13","Clear","Dry","Dark","2.3","29.7","3328","57232","30.5","33%","34.4","","Opened","7.355","35","Safe","Windy","9.7","32","12.1","15.3","997.3","1008.5"
"2026-08-15","00:49:23","Clear","Dry","Dark","2.4","29.8","3328","57232","30.5","33%","34.4","","Opened","7.308","35","Safe","Windy","9.9","32","12.2","15.3","997.3","1008.6"
"2026-08-15","00:49:33","Clear","Dry","Dark","2.2","29.7","3328","57232","30.6","33%","34.4","","Opened","7.392","35","Safe","Windy","9.3","32","12.2","15.2","997.3","1008.5"
"2026-08-15","00:49:43","Clear","Dry","Dark","2.2","29.8","3328","57232","30.6","33%","34.4","","Opened","7.340","35","Safe","Windy","9.0","32","12.2","15.2","997.4","1008.6"
"2026-08-15","00:49:53","Clear","Dry","Dark","2.2","29.8","3328","57232","30.6","33%","34.4","","Opened","7.281","35","Safe","Windy","8.7","32","12.2","15.1","997.3","1008.6"
"2026-08-15","00:50:03","Clear","Dry","Dark","2.1","29.7","3328","57232","30.6","33%","34.5","","Opened","7.635","35","Safe","Windy","8.3","32","12.2","15.1","997.3","1008.6"
"2026-08-15","00:50:13","Clear","Dry","Dark","2.2","29.7","3328","57232","30.6","33%","34.5","","Opened","7.314","35","Safe","Calm","7.6","32","12.2","15.1","997.3","1008.5"
"2026-08-15","00:50:23","Clear","Dry","Dark","2.4","29.7","3328","57232","30.5","33%","34.5","","Opened","7.291","35","Safe","Windy","7.9","32","12.2","15.3","997.3","1008.6"
"2026-08-15","00:50:33","Clear","Dry","Dark","2.4","29.7","3328","57232","30.6","33%","34.4","","Opened","7.373","35","Safe","Windy","8.6","32","12.1","15.4","997.3","1008.5"
"2026-08-15","00:50:43","Clear","Dry","Dark","2.2","29.8","3328","57232","30.6","33%","34.4","","Opened","7.338","35","Safe","Windy","8.5","32","12.1","15.2","997.3","1008.5"
"2026-08-15","00:50:53","Clear","Dry","Dark","2.4","29.8","3328","57232","30.6","33%","34.4","","Opened","7.291","35","Safe","Windy","8.6","32","12.1","15.3","997.3","1008.5"
"2026-08-15","00:51:03","Clear","Dry","Dark","2.2","29.8","3328","57232","30.6","33%","34.4","","Opened","7.623","35","Safe","Windy","8.6","32","12.1","15.1","997.2","1008.5"
"2026-08-15","00:51:13","Clear","Dry","Dark","2.4","29.8","3328","57232","30.6","33%","34.4","","Opened","7.368","35","Safe","Windy","9.3","32","12.2","15.3","997.3","1008.5"
"2026-08-15","00:51:23","Clear","Dry","Dark","2.3","29.8","3328","57232","30.6","33%","34.4","","Opened","7.350","35","Safe","Windy","9.3","32","12.2","15.2","997.3","1008.6"
"2026-08-15","00:51:33","Clear","Dry","Dark","2.3","29.8","3328","57232","30.6","33%","34.4","","Opened","7.355","35","Safe","Windy","9.2","32","12.2","15.2","997.3","1008.5"
"2026-08-15","00:51:43","Clear","Dry","Dark","2.3","29.8","3328","57232","30.6","33%","34.4","","Opened","7.308","35","Safe","Windy","9.7","32","12.2","15.2","997.3","1008.6"
"2026-08-15","00:51:53","Clear","Dry","Dark","2.4","29.8","3328","57232","30.6","33%","34.4","","Opened","7.301","35","Safe","Windy","10.1","32","12.2","15.3","997.2","1008.5"
"2026-08-15","00:52:03","Clear","Dry","Dark","2.0","29.8","3328","57232","30.6","33%","34.3","","Opened","7.622","35","Safe","Windy","10.3","32","12.2","15.0","997.3","1008.6"
"2026-08-15","00:52:13","Clear","Dry","Dark","2.2","29.8","3328","57232","30.6","33%","34.4","","Opened","7.359","35","Safe","Windy","10.1","32","12.2","15.2","997.3","1008.5"
"2026-08-15","00:52:23","Clear","Dry","Dark","2.2","29.7","3328","57232","30.6","33%","34.3","","Opened","7.342","35","Safe","Windy","9.6","32","12.2","15.2","997.3","1008.6"
"2026-08-15","00:52:33","Clear","Dry","Dark","2.2","29.8","3328","57232","30.6","33%","34.3","","Opened","7.295","35","Safe","Windy","9.2","32","12.2","15.2","997.1","1008.4"
"2026-08-15","00:52:43","Clear","Dry","Dark","2.5","29.8","3328","57232","30.6","33%","34.3","","Opened","7.365","35","Safe","Windy","9.3","32","12.1","15.4","997.3","1008.5"
"2026-08-15","00:52:53","Clear","Dry","Dark","2.3","29.8","3328","57232","30.6","33%","34.3","","Opened","7.324","35","Safe","Windy","9.2","32","12.1","15.2","997.2","1008.5"
"2026-08-15","00:53:03","Clear","Dry","Dark","2.3","29.8","3328","57232","30.6","33%","34.3","","Opened","7.466","35","Safe","Windy","9.6","32","12.2","15.2","997.2","1008.5"
"2026-08-15","00:53:13","Clear","Dry","Dark","2.2","29.8","3328","57232","30.5","33%","34.3","","Opened","7.342","35","Safe","Windy","9.4","32","12.1","15.2","997.2","1008.5"
"2026-08-15","00:53:23","Clear","Dry","Dark","2.4","29.8","3328","57232","30.6","33%","34.2","Heating UP","Opened","7.474","35","Safe","Windy","10.1","32","12.1","15.4","997.3","1008.6"
"2026-08-15","00:53:33","Clear","Dry","Dark","2.3","29.8","3328","57232","30.6","34%","34.2","Heating UP","Opened","7.475","35","Safe","Windy","10.7","32","12.1","15.3","997.3","1008.5"
"2026-08-15","00:53:43","Clear","Dry","Dark","2.3","29.9","3328","57232","30.6","35%","34.2","Heating UP","Opened","7.471","35","Safe","Windy","10.1","32","12.1","15.2","997.3","1008.6"
"2026-08-15","00:53:53","Clear","Dry","Dark","2.3","29.8","3328","57232","30.6","36%","34.3","","Opened","7.362","35","Safe","Windy","9.7","32","12.1","15.3","997.2","1008.5"
"2026-08-15","00:54:03","Clear","Dry","Dark","2.7","29.9","3328","57232","30.6","36%","34.3","","Opened","7.476","35","Safe","Windy","10.3","32","12.1","15.6","997.3","1008.5"
"2026-08-15","00:54:13","Clear","Dry","Dark","2.4","29.9","3328","57232","30.6","36%","34.3","","Opened","7.400","35","Safe","Windy","10.8","32","12.0","15.4","997.3","1008.6"
"2026-08-15","00:54:23","Clear","Dry","Dark","2.6","29.9","3328","57232","30.6","36%","34.3","","Opened","7.386","35","Safe","Windy","11.1","32","12.0","15.5","997.2","1008.5"
"2026-08-15","00:54:33","Clear","Dry","Dark","2.5","30.0","3328","57232","30.6","36%","34.3","Heating UP","Opened","7.442","35","Safe","Windy","11.4","32","12.0","15.5","997.3","1008.5"
"2026-08-15","00:54:43","Clear","Dry","Dark","2.4","30.0","3328","57232","30.6","37%","34.3","Heating UP","Opened","7.438","35","Safe","Windy","11.7","32","11.9","15.4","997.1","1008.4"
"2026-08-15","00:54:53","Clear","Dry","Dark","2.3","30.0","3328","57232","30.6","38%","34.4","","Opened","7.321","35","Safe","Windy","11.5","32","11.9","15.3","997.3","1008.5"
"2026-08-15","00:55:03","Clear","Dry","Dark","2.4","30.0","3328","57232","30.7","38%","34.4","","Opened","7.544","35","Safe","Windy","11.1","32","12.0","15.4","997.3","1008.5"
"2026-08-15","00:55:13","Clear","Dry","Dark","2.3","30.0","3328","57232","30.7","38%","34.4","","Opened","7.364","35","Safe","Windy","10.8","32","12.0","15.3","997.3","1008.5"
"2026-08-15","00:55:23","Clear","Dry","Dark","2.4","30.0","3328","57232","30.7","38%","34.5","","Opened","7.328","35","Safe","Windy","10.1","32","12.0","15.4","997.3","1008.6"
"2026-08-15","00:55:33","Clear","Dry","Dark","2.5","30.0","3328","57232","30.6","38%","34.5","","Opened","7.274","35","Safe","Windy","10.0","32","12.0","15.5","997.2","1008.5"
"2026-08-15","00:55:43","Clear","Dry","Dark","2.4","30.0","3328","57232","30.7","38%","34.5","","Opened","7.346","35","Safe","Windy","10.0","32","12.0","15.4","997.2","1008.5"
"2026-08-15","00:55:53","Clear","Dry","Dark","2.4","30.0","3328","57232","30.7","38%","34.5","","Opened","7.311","35","Safe","Windy","10.4","32","12.0","15.4","997.3","1008.6"
"2026-08-15","00:56:03","Clear","Dry","Dark","2.4","30.0","3328","57232","30.7","38%","34.5","","Opened","7.443","35","Safe","Windy","10.4","32","12.0","15.4","997.3","1008.5"
"2026-08-15","00:56:13","Clear","Dry","Dark","2.3","30.0","3328","57232","30.7","38%","34.5","","Opened","7.328","35","Safe","Windy","10.1","32","12.1","15.3","997.3","1008.5"
"2026-08-15","00:56:23","Clear","Dry","Dark","2.2","30.0","3328","57232","30.7","38%","34.5","","Opened","7.314","35","Safe","Windy","9.9","32","12.1","15.3","997.3","1008.5"
"2026-08-15","00:56:33","Clear","Dry","Dark","2.2","29.9","3328","57232","30.7","38%","34.6","","Opened","7.277","35","Safe","Windy","9.2","32","12.1","15.2","997.4","1008.6"
"2026-08-15","00:56:43","Clear","Dry","Dark","2.3","29.9","3328","57232","30.7","38%","34.6","","Opened","7.367","35","Safe","Windy","9.3","32","12.1","15.4","997.3","1008.6"
"2026-08-15","00:56:53","Clear","Dry","Dark","2.3","29.9","3328","57232","30.7","38%","34.6","","Opened","7.334","35","Safe","Windy","9.3","32","12.1","15.3","997.3","1008.5"
"2026-08-15","00:57:03","Clear","Dry","Dark","2.1","29.9","3328","57232","30.7","38%","34.6","","Opened","7.527","35","Safe","Windy","8.7","32","12.0","15.1","997.3","1008.5"
"2026-08-15","00:57:13","Clear","Dry","Dark","2.4","30.0","3328","57232","30.7","38%","34.6","","Opened","7.373","35","Safe","Windy","9.3","32","12.1","15.4","997.3","1008.6"
"2026-08-15","00:57:23","Clear","Dry","Dark","2.3","30.0","3328","57232","30.7","38%","34.6","","Opened","7.347","35","Safe","Windy","9.6","32","12.0","15.3","997.3","1008.5"
"2026-08-15","00:57:33","Clear","Dry","Dark","2.2","30.0","3328","57232","30.7","38%","34.6","","Opened","7.317","35","Safe","Windy","9.4","32","12.1","15.2","997.3","1008.6"
"2026-08-15","00:57:43","Clear","Dry","Dark","2.3","30.0","3328","57232","30.6","38%","34.6","","Opened","7.253","35","Safe","Windy","9.3","32","12.1","15.3","997.3","1008.6"
"2026-08-15","00:57:53","Clear","Dry","Dark","2.2","29.9","3328","57232","30.7","38%","34.7","","Opened","7.348","35","Safe","Windy","9.2","32","12.1","15.2","997.3","1008.6"
"2026-08-15","00:58:03","Clear","Dry","Dark","2.3","29.9","3328","57232","30.7","38%","34.7","","Opened","7.471","35","Safe","Windy","9.6","32","12.1","15.3","997.3","1008.5"
"2026-08-15","00:58:13","Clear","Dry","Dark","2.2","29.9","3328","57232","30.7","38%","34.7","","Opened","7.377","35","Safe","Calm","8.7","32","12.1","15.2","997.3","1008.6"
"2026-08-15","00:58:23","Clear","Dry","Dark","2.3","29.9","3328","57232","30.6","38%","34.7","","Opened","7.339","35","Safe","Calm","8.5","32","12.1","15.3","997.4","1008.7"
"2026-08-15","00:58:33","Clear","Dry","Dark","2.1","29.9","3328","57232","30.7","38%","34.8","","Opened","7.300","35","Safe","Calm","8.6","32","12.1","15.1","997.3","1008.6"
"2026-08-15","00:58:43","Clear","Dry","Dark","2.1","29.9","3328","57232","30.6","38%","34.8","","Opened","7.382","35","Safe","Windy","8.7","32","12.1","15.1","997.3","1008.6"
"2026-08-15","00:58:53","Clear","Dry","Dark","2.2","29.9","3328","57232","30.6","38%","34.7","","Opened","7.325","35","Safe","Windy","8.9","32","12.1","15.2","997.4","1008.6"
"2026-08-15","00:59:03","Clear","Dry","Dark","2.1","29.9","3328","57232","30.6","38%","34.7","","Opened","7.469","35","Safe","Windy","8.6","32","12.1","15.1","997.3","1008.5"
"2026-08-15","00:59:13","Clear","Dry","Dark","2.2","29.9","3328","57232","30.6","38%","34.8","","Opened","7.383","35","Safe","Windy","8.5","32","12.2","15.2","997.3","1008.6"
"2026-08-15","00:59:23","Clear","Dry","Dark","2.2","29.9","3328","57232","30.6","38%","34.8","","Opened","7.341","35","Safe","Windy","9.0","32","12.2","15.2","997.3","1008.5"
"2026-08-15","00:59:33","Clear","Dry","Dark","2.1","29.9","3328","57232","30.6","38%","34.8","","Opened","7.349","35","Safe","Windy","9.2","32","12.2","15.1","997.2","1008.5"
"2026-08-15","00:59:43","Clear","Dry","Dark","2.2","29.9","3328","57232","30.6","38%","34.8","","Opened","7.310","35","Safe","Windy","8.7","32","12.1","15.2","997.3","1008.6"
"2026-08-15","00:59:53","Clear","Dry","Dark","2.1","29.9","3328","57232","30.6","38%","34.8","","Opened","7.277","35","Safe","Windy","8.6","32","12.2","15.1","997.3","1008.6"
"2026-08-15","01:00:03","Clear","Dry","Dark","2.0","29.8","3328","57232","30.6","38%","34.8","","Opened","7.592","35","Safe","Windy","8.5","32","12.2","15.0","997.4","1008.6"
"2026-08-15","01:00:13","Clear","Dry","Dark","2.0","29.8","3328","57232","30.6","38%","35.0","Heating DOWN","Opened","7.457","35","Safe","Windy","8.6","32","12.2","15.0","997.3","1008.6"
"2026-08-15","01:00:23","Clear","Dry","Dark","2.3","29.8","3328","57232","30.6","37%","35.0","Heating DOWN","Opened","7.445","35","Safe","Windy","8.6","32","12.2","15.3","997.4","1008.6"
"2026-08-15","01:00:33","Clear","Dry","Dark","2.1","29.8","3328","57232","30.6","36%","35.0","Heating DOWN","Opened","7.451","35","Safe","Windy","8.5","32","12.2","15.1","997.4","1008.6"
"2026-08-15","01:00:43","Clear","Dry","Dark","2.0","29.8","3328","57232","30.6","35%","35.0","Heating DOWN","Opened","7.487","35","Safe","Windy","8.0","32","12.2","15.0","997.4","1008.6"
"2026-08-15","01:00:53","Clear","Dry","Dark","1.9","29.7","3328","57232","30.6","34%","35.1","Heating DOWN","Opened","7.467","35","Safe","Windy","7.3","32","12.2","14.9","997.3","1008.6"
"2026-08-15","01:01:03","Clear","Dry","Dark","2.1","29.7","3328","57232","30.6","33%","35.1","Heating DOWN","Opened","7.695","35","Safe","Windy","7.1","32","12.2","15.0","997.3","1008.6"
"2026-08-15","01:01:13","Clear","Dry","Dark","2.2","29.7","3328","57232","30.6","32%","35.1","Heating DOWN","Opened","7.521","35","Safe","Windy","6.8","32","12.2","15.1","997.3","1008.5"
"2026-08-15","01:01:23","Clear","Dry","Dark","2.0","29.7","3328","57232","30.6","31%","35.1","Heating DOWN","Opened","7.392","35","Safe","Calm","5.5","32","12.2","15.0","997.3","1008.6"
"2026-08-15","01:01:33","Clear","Dry","Dark","2.5","29.7","3328","57232","30.6","30%","35.1","Heating DOWN","Opened","7.395","35","Safe","Windy","6.4","32","12.2","15.5","997.3","1008.5"
"2026-08-15","01:01:43","Clear","Dry","Dark","2.0","29.7","3328","57232","30.6","29%","35.0","","Opened","7.413","35","Safe","Windy","6.6","32","12.1","14.9","997.3","1008.6"
"2026-08-15","01:01:53","Clear","Dry","Dark","2.0","29.7","3328","57232","30.6","29%","34.8","","Opened","7.298","35","Safe","Windy","7.2","32","12.1","15.0","997.3","1008.5"
"2026-08-15","01:02:03","Clear","Dry","Dark","2.1","29.7","3328","57232","30.6","29%","34.8","","Opened","7.600","35","Safe","Windy","8.2","32","12.1","15.0","997.3","1008.6"
"2026-08-15","01:02:13","Clear","Dry","Dark","2.3","29.7","3328","57232","30.6","29%","34.6","","Opened","7.321","35","Safe","Windy","9.2","32","12.1","15.2","997.3","1008.5"
"2026-08-15","01:02:23","Clear","Dry","Dark","2.2","29.7","3328","57232","30.5","29%","34.6","","Opened","7.270","35","Safe","Windy","9.9","32","12.1","15.2","997.3","1008.5"
"2026-08-15","01:02:33","Clear","Dry","Dark","2.1","29.7","3328","57232","30.5","29%","34.5","","Opened","7.364","35","Safe","Windy","8.6","32","12.1","15.0","997.2","1008.5"
"2026-08-15","01:02:43","Clear","Dry","Dark","2.1","29.7","3328","57232","30.5","29%","34.5","","Opened","7.331","35","Safe","Windy","8.9","32","12.1","15.1","997.3","1008.6"
"2026-08-15","01:02:53","Clear","Dry","Dark","2.1","29.7","3328","57232","30.6","29%","34.5","","Opened","7.286","35","Safe","Windy","8.7","32","12.1","15.1","997.3","1008.5"
"2026-08-15","01:03:03","Clear","Dry","Dark","2.2","29.7","3328","57232","30.5","29%","34.5","","Opened","7.630","35","Safe","Windy","8.5","32","12.1","15.1","997.3","1008.5"
"2026-08-15","01:03:13","Clear","Dry","Dark","2.2","29.7","3328","57232","30.5","29%","34.4","","Opened","7.333","35","Safe","Calm","8.0","32","12.1","15.1","997.4","1008.6"
"2026-08-15","01:03:23","Clear","Dry","Dark","2.3","29.7","3328","57232","30.5","29%","34.3","","Opened","7.311","35","Safe","Calm","8.0","32","12.1","15.3","997.3","1008.5"
"2026-08-15","01:03:33","Clear","Dry","Dark","2.4","29.7","3328","57232","30.5","29%","34.3","","Opened","7.295","35","Safe","Calm","8.7","32","12.1","15.4","997.3","1008.6"
"2026-08-15","01:03:43","Clear","Dry","Dark","2.3","29.7","3328","57232","30.5","29%","34.3","","Opened","7.387","35","Safe","Windy","9.0","32","12.1","15.3","997.3","1008.5"
"2026-08-15","01:03:53","Clear","Dry","Dark","2.3","29.7","3328","57232","30.5","29%","34.2","Heating UP","Opened","7.457","35","Safe","Windy","9.9","32","12.1","15.2","997.3","1008.6"
"2026-08-15","01:04:03","Clear","Dry","Dark","2.4","29.7","3328","57232","30.5","30%","34.2","Heating UP","Opened","7.689","35","Safe","Windy","10.0","32","12.1","15.4","997.2","1008.5"
"2026-08-15","01:04:13","Clear","Dry","Dark","2.3","29.7","3328","57232","30.5","31%","34.2","Heating UP","Opened","7.481","35","Safe","Windy","10.0","32","12.1","15.3","997.3","1008.5"
"2026-08-15","01:04:23","Clear","Dry","Dark","2.4","29.7","3328","57232","30.5","32%","34.1","Heating UP","Opened","7.475","35","Safe","Windy","10.1","32","12.1","15.3","997.3","1008.6"
"2026-08-15","01:04:33","Clear","Dry","Dark","2.3","29.7","3328","57232","30.5","33%","34.1","Heating UP","Opened","7.506","35","Safe","Windy","10.0","32","12.1","15.2","997.2","1008.5"
"2026-08-15","01:04:43","Clear","Dry","Dark","2.3","29.7","3328","57232","30.5","34%","34.1","Heating UP","Opened","7.498","35","Safe","Windy","9.7","32","12.1","15.2","997.3","1008.5"
"2026-08-15","01:04:53","Clear","Dry","Dark","2.3","29.7","3328","57232","30.5","35%","34.2","","Opened","7.404","35","Safe","Windy","9.4","32","12.1","15.2","997.3","1008.5"
"2026-08-15","01:05:03","Clear","Dry","Dark","2.5","29.7","3328","57232","30.5","35%","34.1","Heating UP","Opened","7.684","35","Safe","Windy","10.3","32","12.1","15.4","997.4","1008.7"
"2026-08-15","01:05:13","Clear","Dry","Dark","2.4","29.8","3328","57232","30.5","36%","34.1","Heating UP","Opened","7.480","35","Safe","Windy","10.8","32","12.1","15.3","997.2","1008.5"
"2026-08-15","01:05:23","Clear","Dry","Dark","2.2","29.8","3328","57232","30.5","37%","34.1","Heating UP","Opened","7.479","35","Safe","Windy","12.0","32","12.1","15.1","997.1","1008.4"
"2026-08-15","01:05:33","Clear","Dry","Dark","2.5","29.8","3328","57232","30.5","38%","34.1","Heating UP","Opened","7.506","35","Safe","Windy","12.8","32","12.2","15.4","997.3","1008.5"
"2026-08-15","01:05:43","Clear","Dry","Dark","2.3","29.8","3328","57232","30.5","39%","34.1","Heating UP","Opened","7.506","35","Safe","Windy","12.9","32","12.1","15.3","997.3","1008.5"
"2026-08-15","01:05:53","Clear","Dry","Dark","2.2","29.8","3328","57232","30.5","40%","34.1","Heating UP","Opened","7.409","35","Safe","Windy","12.5","32","12.1","15.2","997.3","1008.6"
"2026-08-15","01:06:03","Clear","Dry","Dark","2.3","29.8","3328","57232","30.5","41%","34.2","","Opened","7.488","35","Safe","Windy","11.7","32","12.1","15.2","997.1","1008.4"
"2026-08-15","01:06:13","Clear","Dry","Dark","2.3","29.8","3328","57232","30.5","41%","34.2","","Opened","7.365","35","Safe","Windy","11.8","32","12.1","15.2","997.3","1008.5"
"2026-08-15","01:06:23","Clear","Dry","Dark","2.3","29.8","3328","57232","30.5","41%","34.3","","Opened","7.344","35","Safe","Windy","11.5","32","12.1","15.2","997.3","1008.5"
"2026-08-15","01:06:33","Clear","Dry","Dark","2.4","29.8","3328","57232","30.5","41%","34.3","","Opened","7.315","35","Safe","Windy","11.0","32","12.0","15.3","997.3","1008.5"
"2026-08-15","01:06:43","Clear","Dry","Dark","2.3","29.8","3328","57232","30.5","41%","34.3","","Opened","7.391","35","Safe","Windy","11.4","32","12.0","15.2","997.3","1008.6"
"2026-08-15","01:06:53","Clear","Dry","Dark","2.3","29.8","3328","57232","30.5","41%","34.3","","Opened","7.376","35","Safe","Windy","11.8","32","12.0","15.2","997.1","1008.4"
"2026-08-15","01:07:03","Clear","Dry","Dark","2.2","29.8","3328","57232","30.5","41%","34.4","","Opened","7.585","35","Safe","Windy","11.5","32","12.0","15.1","997.3","1008.5"
"2026-08-15","01:07:13","Clear","Dry","Dark","2.3","29.8","3328","57232","30.5","41%","34.4","","Opened","7.336","35","Safe","Windy","11.1","32","12.0","15.2","997.3","1008.5"
"2026-08-15","01:07:23","Clear","Dry","Dark","2.5","29.8","3328","57232","30.5","41%","34.4","","Opened","7.285","35","Safe","Windy","11.0","32","12.0","15.4","997.3","1008.6"
"2026-08-15","01:07:33","Clear","Dry","Dark","2.2","29.8","3328","57232","30.5","41%","34.5","","Opened","7.402","35","Safe","Windy","10.7","32","12.0","15.1","997.4","1008.7"
"2026-08-15","01:07:43","Clear","Dry","Dark","2.3","29.8","3328","57232","30.5","41%","34.5","","Opened","7.281","35","Safe","Windy","10.3","32","12.0","15.2","997.3","1008.5"
"2026-08-15","01:07:53","Clear","Dry","Dark","2.3","29.8","3328","57232","30.5","41%","34.6","","Opened","7.385","35","Safe","Windy","10.6","32","11.9","15.3","997.3","1008.6"
"2026-08-15","01:08:03","Clear","Dry","Dark","2.3","29.8","3328","57232","30.5","41%","34.6","","Opened","7.557","35","Safe","Windy","11.5","32","12.0","15.2","997.3","1008.6"
"2026-08-15","01:08:13","Clear","Dry","Dark","2.3","29.9","3328","57232","30.5","41%","34.6","","Opened","7.369","35","Safe","Windy","12.0","32","12.0","15.3","997.3","1008.6"
"2026-08-15","01:08:23","Clear","Dry","Dark","2.3","29.9","3328","57232","30.5","41%","34.6","","Opened","7.351","35","Safe","Windy","11.5","32","12.0","15.2","997.4","1008.6"
"2026-08-15","01:08:33","Clear","Dry","Dark","2.2","29.9","3328","57232","30.5","41%","34.6","","Opened","7.297","35","Safe","Windy","11.8","32","12.0","15.2","997.3","1008.5"
"2026-08-15","01:08:43","Clear","Dry","Dark","2.2","29.9","3328","57232","30.5","41%","34.6","","Opened","7.377","35","Safe","Windy","12.0","32","11.9","15.2","997.3","1008.5"
"2026-08-15","01:08:53","Clear","Dry","Dark","2.2","29.9","3328","57232","30.5","41%","34.7","","Opened","7.321","35","Safe","Windy","11.5","32","12.0","15.1","997.3","1008.5"
"2026-08-15","01:09:03","Clear","Dry","Dark","2.1","29.8","3328","57232","30.5","41%","34.7","","Opened","7.459","35","Safe","Windy","10.3","32","12.0","15.0","997.3","1008.6"
"2026-08-15","01:09:13","Clear","Dry","Dark","2.1","29.8","3328","57232","30.5","41%","34.8","Heating DOWN","Opened","7.483","35","Safe","Windy","9.2","32","12.0","15.1","997.3","1008.6"
"2026-08-15","01:09:23","Clear","Dry","Dark","2.1","29.8","3328","57232","30.5","40%","34.8","Heating DOWN","Opened","7.498","35","Safe","Windy","8.7","32","12.0","15.1","997.3","1008.6"
"2026-08-15","01:09:33","Clear","Dry","Dark","2.4","29.8","3328","57232","30.5","39%","34.8","Heating DOWN","Opened","7.498","35","Safe","Windy","8.7","32","12.0","15.4","997.3","1008.5"
"2026-08-15","01:09:43","Clear","Dry","Dark","2.4","29.8","3328","57232","30.5","38%","34.8","Heating DOWN","Opened","7.490","35","Safe","Windy","8.6","32","12.0","15.3","997.3","1008.5"
"2026-08-15","01:09:53","Clear","Dry","Dark","2.2","29.8","3328","57232","30.5","37%","34.8","Heating DOWN","Opened","7.472","35","Safe","Windy","8.2","32","12.0","15.2","997.1","1008.4"
"2026-08-15","01:10:03","Clear","Dry","Dark","2.3","29.8","3328","57232","30.5","36%","34.8","Heating DOWN","Opened","7.711","35","Safe","Windy","8.5","32","12.0","15.2","997.3","1008.5"
"2026-08-15","01:10:13","Clear","Dry","Dark","2.2","29.8","3328","57232","30.5","35%","34.8","Heating DOWN","Opened","7.458","35","Safe","Windy","8.6","32","12.0","15.2","997.3","1008.5"
"2026-08-15","01:10:23","Clear","Dry","Dark","2.1","29.8","3328","57232","30.5","34%","34.8","Heating DOWN","Opened","7.444","35","Safe","Windy","8.5","32","12.0","15.1","997.3","1008.6"
"2026-08-15","01:10:33","Clear","Dry","Dark","2.4","29.8","3328","57232","30.5","33%","34.8","Heating DOWN","Opened","7.482","35","Safe","Windy","8.5","32","12.0","15.3","997.3","1008.6"
"2026-08-15","01:10:43","Clear","Dry","Dark","2.2","29.8","3328","57232","30.5","32%","34.7","","Opened","7.359","35","Safe","Windy","8.0","32","12.1","15.1","997.3","1008.5"
"2026-08-15","01:10:53","Clear","Dry","Dark","2.2","29.8","3328","57232","30.5","32%","34.7","","Opened","7.300","35","Safe","Windy","7.9","32","12.1","15.1","997.3","1008.5"
"2026-08-15","01:11:03","Clear","Dry","Dark","2.2","29.8","3328","57232","30.5","32%","34.7","","Opened","7.647","35","Safe","Windy","7.3","32","12.1","15.1","997.3","1008.5"
"2026-08-15","01:11:13","Clear","Dry","Dark","2.2","29.7","3328","57232","30.5","32%","34.7","","Opened","7.344","35","Safe","Windy","7.2","32","12.1","15.1","997.3","1008.6"
"2026-08-15","01:11:23","Clear","Dry","Dark","2.3","29.7","3328","57232","30.5","32%","34.6","","Opened","7.337","35","Safe","Windy","7.5","32","12.1","15.2","997.3","1008.6"
"2026-08-15","01:11:33","Clear","Dry","Dark","2.4","29.7","3328","57232","30.5","32%","34.6","","Opened","7.320","35","Safe","Calm","7.3","32","12.1","15.4","997.3","1008.6"
"2026-08-15","01:11:43","Clear","Dry","Dark","2.3","29.7","3328","57232","30.5","32%","34.5","","Opened","7.269","35","Safe","Calm","7.6","32","12.1","15.2","997.3","1008.5"
"2026-08-15","01:11:53","Clear","Dry","Dark","2.3","29.7","3328","57232","30.5","32%","34.5","","Opened","7.355","35","Safe","Calm","8.0","32","12.1","15.2","997.3","1008.5"
"2026-08-15","01:12:03","Clear","Dry","Dark","2.3","29.7","3328","57232","30.5","32%","34.5","","Opened","7.620","35","Safe","Calm","8.3","32","12.1","15.2","997.4","1008.7"
"2026-08-15","01:12:13","Clear","Dry","Dark","2.3","29.7","3328","57232","30.4","32%","34.4","","Opened","7.300","35","Safe","Calm","8.6","32","12.1","15.1","997.4","1008.7"
"2026-08-15","01:12:23","Clear","Dry","Dark","2.1","29.7","3328","57232","30.5","32%","34.5","","Opened","7.383","35","Safe","Calm","8.0","32","12.2","15.0","997.3","1008.6"
"2026-08-15","01:12:33","Clear","Dry","Dark","2.1","29.7","3328","57232","30.5","32%","34.5","","Opened","7.325","35","Safe","Calm","7.5","32","12.2","15.0","997.3","1008.6"
"2026-08-15","01:12:43","Clear","Dry","Dark","2.2","29.7","3328","57232","30.5","32%","34.5","","Opened","7.274","35","Safe","Calm","7.3","32","12.1","15.1","997.3","1008.6"
"2026-08-15","01:12:53","Clear","Dry","Dark","2.3","29.7","3328","57232","30.4","32%","34.5","","Opened","7.395","35","Safe","Calm","7.2","32","12.1","15.2","997.4","1008.7"
"2026-08-15","01:13:03","Clear","Dry","Dark","2.1","29.7","3328","57232","30.5","32%","34.5","","Opened","7.539","35","Safe","Calm","7.1","32","12.1","15.0","997.4","1008.7"
"2026-08-15","01:13:13","Clear","Dry","Dark","2.1","29.6","3328","57232","30.5","32%","34.5","","Opened","7.295","35","Safe","Calm","6.5","32","12.1","15.0","997.3","1008.6"
"2026-08-15","01:13:23","Clear","Dry","Dark","2.3","29.6","3328","57232","30.4","32%","34.5","","Opened","7.361","35","Safe","Calm","6.6","32","12.1","15.2","997.4","1008.7"
"2026-08-15","01:13:33","Clear","Dry","Dark","2.1","29.6","3328","57232","30.4","32%","34.6","","Opened","7.338","35","Safe","Calm","6.2","33","12.2","15.0","997.3","1008.5"
"2026-08-15","01:13:43","Clear","Dry","Dark","2.3","29.6","3328","57232","30.4","32%","34.6","","Opened","7.293","35","Safe","Calm","6.2","32","12.1","15.2","997.3","1008.6"
"2026-08-15","01:13:53","Clear","Dry","Dark","2.4","29.6","3328","57232","30.5","32%","34.5","","Opened","7.381","35","Safe","Calm","6.2","32","12.2","15.3","997.3","1008.6"
"2026-08-15","01:14:03","Clear","Dry","Dark","2.3","29.6","3328","57232","30.4","32%","34.5","","Opened","7.549","35","Safe","Calm","6.4","32","12.1","15.2","997.3","1008.5"
"2026-08-15","01:14:13","Clear","Dry","Dark","2.3","29.6","3328","57232","30.4","32%","34.5","","Opened","7.260","35","Safe","Calm","6.6","32","12.1","15.2","997.3","1008.6"
"2026-08-15","01:14:23","Clear","Dry","Dark","2.4","29.6","3328","57232","30.4","32%","34.5","","Opened","7.333","35","Safe","Calm","7.1","32","12.1","15.3","997.3","1008.5"
"2026-08-15","01:14:33","Clear","Dry","Dark","2.4","29.6","3328","57232","30.4","32%","34.4","","Opened","7.289","35","Safe","Calm","8.0","32","12.1","15.3","997.3","1008.5"
"2026-08-15","01:14:43","Clear","Dry","Dark","2.6","29.7","3328","57232","30.4","32%","34.4","","Opened","7.371","35","Safe","Windy","8.5","32","12.1","15.5","997.3","1008.5"
"2026-08-15","01:14:53","Clear","Dry","Dark","2.2","29.7","3328","57232","30.4","32%","34.4","","Opened","7.310","35","Safe","Windy","8.3","32","12.1","15.1","997.3","1008.5"
"2026-08-15","01:15:03","Clear","Dry","Dark","2.2","29.7","3328","57232","30.4","32%","34.4","","Opened","7.569","35","Safe","Windy","8.9","33","12.1","15.1","997.3","1008.6"
"2026-08-15","01:15:13","Clear","Dry","Dark","2.2","29.7","3328","57232","30.4","32%","34.4","","Opened","7.368","35","Safe","Windy","9.2","33","12.2","15.1","997.3","1008.5"
"2026-08-15","01:15:23","Clear","Dry","Dark","2.3","29.7","3328","57232","30.5","32%","34.4","","Opened","7.309","35","Safe","Windy","8.9","33","12.2","15.2","997.3","1008.6"
"2026-08-15","01:15:33","Clear","Dry","Dark","2.2","29.7","3328","57232","30.5","32%","34.4","","Opened","7.381","35","Safe","Windy","8.5","33","12.2","15.1","997.3","1008.6"
"2026-08-15","01:15:43","Clear","Dry","Dark","2.3","29.6","3328","57232","30.4","32%","34.5","","Opened","7.324","35","Safe","Windy","7.6","33","12.2","15.2","997.4","1008.7"
"2026-08-15","01:15:53","Clear","Dry","Dark","2.3","29.6","3328","57232","30.4","32%","34.5","","Opened","7.312","35","Safe","Windy","7.3","33","12.2","15.2","997.3","1008.5"
"2026-08-15","01:16:03","Clear","Dry","Dark","2.2","29.6","3328","57232","30.4","32%","34.5","","Opened","7.531","35","Safe","Calm","7.1","33","12.2","15.1","997.3","1008.6"
"2026-08-15","01:16:13","Clear","Dry","Dark","2.3","29.6","3328","57232","30.5","32%","34.5","","Opened","7.271","35","Safe","Calm","7.1","33","12.2","15.2","997.3","1008.6"
"2026-08-15","01:16:23","Clear","Dry","Dark","2.3","29.6","3328","57232","30.4","32%","34.5","","Opened","7.357","35","Safe","Calm","7.1","33","12.2","15.2","997.3","1008.6"
"2026-08-15","01:16:33","Clear","Dry","Dark","2.1","29.6","3328","57232","30.4","32%","34.5","","Opened","7.311","35","Safe","Calm","6.8","33","12.2","15.0","997.3","1008.6"
"2026-08-15","01:16:43","Clear","Dry","Dark","2.2","29.6","3328","57232","30.5","32%","34.6","","Opened","7.252","35","Safe","Calm","6.5","33","12.2","15.1","997.4","1008.7"
"2026-08-15","01:16:53","Clear","Dry","Dark","2.3","29.5","3328","57232","30.5","32%","34.6","","Opened","7.330","35","Safe","Calm","6.5","33","12.2","15.2","997.3","1008.6"
"2026-08-15","01:17:03","Clear","Dry","Dark","2.1","29.5","3328","57232","30.5","32%","34.6","","Opened","7.517","35","Safe","Calm","5.9","33","12.3","15.1","997.3","1008.6"
"2026-08-15","01:17:13","Clear","Dry","Dark","2.3","29.5","3328","57232","30.5","32%","34.6","","Opened","7.264","35","Safe","Calm","5.8","33","12.3","15.2","997.3","1008.5"
"2026-08-15","01:17:23","Clear","Dry","Dark","2.4","29.5","3328","57232","30.4","32%","34.5","","Opened","7.335","35","Safe","Calm","6.2","33","12.2","15.3","997.3","1008.6"
"2026-08-15","01:17:33","Clear","Dry","Dark","2.3","29.5","3328","57232","30.4","32%","34.5","","Opened","7.287","35","Safe","Calm","6.4","33","12.3","15.1","997.3","1008.6"
"2026-08-15","01:17:43","Clear","Dry","Dark","2.5","29.5","3328","57232","30.5","32%","34.5","","Opened","7.373","35","Safe","Calm","7.1","33","12.3","15.4","997.3","1008.5"
"2026-08-15","01:17:53","Clear","Dry","Dark","2.3","29.5","3328","57232","30.4","32%","34.5","","Opened","7.328","35","Safe","Calm","7.8","33","12.2","15.1","997.3","1008.5"
"2026-08-15","01:18:03","Clear","Dry","Dark","2.2","29.5","3328","57232","30.4","32%","34.5","","Opened","7.585","35","Safe","Calm","8.0","33","12.3","15.1","997.3","1008.6"
"2026-08-15","01:18:13","Clear","Dry","Dark","2.2","29.5","3328","57232","30.4","32%","34.4","","Opened","7.395","35","Safe","Calm","8.0","33","12.3","15.1","997.3","1008.5"
"2026-08-15","01:18:23","Clear","Dry","Dark","2.4","29.5","3328","57232","30.4","32%","34.4","","Opened","7.359","35","Safe","Calm","7.8","33","12.3","15.2","997.3","1008.5"
"2026-08-15","01:18:33","Clear","Dry","Dark","2.3","29.5","3328","57232","30.4","32%","34.4","","Opened","7.304","35","Safe","Calm","8.0","33","12.3","15.1","997.3","1008.5"
"2026-08-15","01:18:43","Clear","Dry","Dark","2.4","29.5","3328","57232","30.4","32%","34.4","","Opened","7.370","35","Safe","Windy","8.5","33","12.3","15.2","997.3","1008.5"
"2026-08-15","01:18:53","Clear","Dry","Dark","2.4","29.5","3328","57232","30.4","32%","34.3","","Opened","7.335","35","Safe","Windy","8.5","33","12.3","15.3","997.2","1008.5"
"2026-08-15","01:19:03","Clear","Dry","Dark","2.1","29.5","3328","57232","30.4","32%","34.3","","Opened","7.496","35","Safe","Windy","8.3","33","12.4","15.0","997.4","1008.7"
"2026-08-15","01:19:13","Clear","Dry","Dark","2.3","29.5","3328","57232","30.4","32%","34.3","","Opened","7.282","35","Safe","Windy","8.3","33","12.4","15.2","997.3","1008.6"
"2026-08-15","01:19:23","Clear","Dry","Dark","2.2","29.5","3328","57232","30.4","32%","34.3","","Opened","7.385","35","Safe","Windy","8.2","33","12.4","15.1","997.4","1008.7"
"2026-08-15","01:19:33","Clear","Dry","Dark","2.4","29.5","3328","57232","30.4","32%","34.3","","Opened","7.350","35","Safe","Windy","8.2","33","12.4","15.2","997.4","1008.7"
"2026-08-15","01:19:43","Clear","Dry","Dark","2.3","29.5","3328","57232","30.4","32%","34.3","","Opened","7.377","35","Safe","Calm","7.8","33","12.4","15.1","997.3","1008.6"
"2026-08-15","01:19:53","Clear","Dry","Dark","2.2","29.5","3328","57232","30.4","32%","34.2","","Opened","7.356","35","Safe","Calm","7.6","33","12.4","15.1","997.3","1008.6"
"2026-08-15","01:20:03","Clear","Dry","Dark","2.2","29.5","3328","57232","30.4","32%","34.2","","Opened","7.430","35","Safe","Calm","8.0","33","12.4","15.1","997.2","1008.5"
"2026-08-15","01:20:13","Clear","Dry","Dark","2.3","29.5","3328","57232","30.4","32%","34.2","","Opened","7.344","35","Safe","Calm","8.3","33","12.4","15.2","997.3","1008.6"
"2026-08-15","01:20:23","Clear","Dry","Dark","2.5","29.5","3328","57232","30.4","32%","34.2","","Opened","7.328","35","Safe","Windy","9.0","33","12.4","15.3","997.3","1008.6"
"2026-08-15","01:20:33","Clear","Dry","Dark","2.2","29.5","3328","57232","30.4","32%","34.1","","Opened","7.353","35","Safe","Windy","9.6","33","12.4","15.1","997.3","1008.5"
"2026-08-15","01:20:43","Clear","Dry","Dark","2.3","29.6","3328","57232","30.4","32%","34.2","","Opened","7.319","35","Safe","Windy","9.9","33","12.4","15.1","997.3","1008.6"
"2026-08-15","01:20:53","Clear","Dry","Dark","2.6","29.6","3328","57232","30.4","32%","34.1","","Opened","7.381","35","Safe","Windy","10.4","33","12.4","15.5","997.3","1008.5"
"2026-08-15","01:21:03","Clear","Dry","Dark","2.4","29.6","3328","57232","30.4","32%","34.1","","Opened","7.730","35","Safe","Windy","10.7","33","12.4","15.3","997.2","1008.5"
"2026-08-15","01:21:13","Clear","Dry","Dark","2.4","29.6","3328","57232","30.3","32%","34.1","","Opened","7.368","35","Safe","Windy","10.6","33","12.4","15.3","997.1","1008.3"
"2026-08-15","01:21:23","Clear","Dry","Dark","2.3","29.6","3328","57232","30.4","32%","34.1","Heating UP","Opened","7.443","35","Safe","Windy","10.1","33","12.4","15.2","997.3","1008.5"
"2026-08-15","01:21:33","Clear","Dry","Dark","2.3","29.6","3328","57232","30.4","33%","34.1","Heating UP","Opened","7.421","35","Safe","Windy","9.6","33","12.4","15.2","997.4","1008.7"
"2026-08-15","01:21:43","Clear","Dry","Dark","2.3","29.6","3328","57232","30.4","34%","34.1","","Opened","7.317","35","Safe","Windy","9.4","33","12.4","15.1","997.3","1008.6"
"2026-08-15","01:21:53","Clear","Dry","Dark","2.3","29.6","3328","57232","30.4","34%","34.2","","Opened","7.289","35","Safe","Windy","8.7","33","12.4","15.2","997.3","1008.6"
"2026-08-15","01:22:03","Clear","Dry","Dark","2.4","29.6","3328","57232","30.4","34%","34.2","","Opened","7.673","35","Safe","Windy","9.3","33","12.4","15.3","997.4","1008.7"
"2026-08-15","01:22:13","Clear","Dry","Dark","2.5","29.6","3328","57232","30.3","34%","34.1","","Opened","7.317","35","Safe","Windy","9.4","33","12.3","15.3","997.3","1008.5"
"2026-08-15","01:22:23","Clear","Dry","Dark","2.4","29.6","3328","57232","30.4","34%","34.2","","Opened","7.290","35","Safe","Windy","9.4","33","12.3","15.3","997.3","1008.6"
"2026-08-15","01:22:33","Clear","Dry","Dark","2.3","29.6","3328","57232","30.4","34%","34.2","","Opened","7.383","35","Safe","Windy","9.3","33","12.4","15.2","997.3","1008.5"
"2026-08-15","01:22:43","Clear","Dry","Dark","2.3","29.6","3328","57232","30.4","34%","34.2","","Opened","7.333","35","Safe","Windy","8.9","33","12.4","15.2","997.3","1008.5"
"2026-08-15","01:22:53","Clear","Dry","Dark","2.3","29.6","3328","57232","30.4","34%","34.2","","Opened","7.302","35","Safe","Windy","8.6","33","12.4","15.1","997.3","1008.5"
"2026-08-15","01:23:03","Clear","Dry","Dark","2.4","29.5","3328","57232","30.3","34%","34.3","","Opened","7.631","35","Safe","Calm","7.6","33","12.4","15.2","997.3","1008.6"
"2026-08-15","01:23:13","Clear","Dry","Dark","2.5","29.6","3328","57232","30.4","34%","34.3","","Opened","7.404","35","Safe","Calm","7.5","33","12.4","15.3","997.3","1008.6"
"2026-08-15","01:23:23","Clear","Dry","Dark","2.4","29.6","3328","57232","30.4","34%","34.3","","Opened","7.335","35","Safe","Calm","7.3","33","12.4","15.2","997.3","1008.5"
"2026-08-15","01:23:33","Clear","Dry","Dark","2.4","29.6","3328","57232","30.4","34%","34.3","","Opened","7.303","35","Safe","Calm","7.5","33","12.4","15.2","997.3","1008.6"
"2026-08-15","01:23:43","Clear","Dry","Dark","2.3","29.5","3328","57232","30.3","34%","34.3","","Opened","7.379","35","Safe","Calm","7.5","33","12.3","15.1","997.4","1008.7"
"2026-08-15","01:23:53","Clear","Dry","Dark","2.3","29.5","3328","57232","30.4","34%","34.4","","Opened","7.344","35","Safe","Calm","7.3","33","12.4","15.1","997.4","1008.7"
"2026-08-15","01:24:03","Clear","Dry","Dark","2.2","29.5","3328","57232","30.4","34%","34.4","","Opened","7.571","35","Safe","Calm","7.3","33","12.4","15.0","997.4","1008.7"
"2026-08-15","01:24:13","Clear","Dry","Dark","2.3","29.5","3328","57232","30.3","34%","34.4","","Opened","7.299","35","Safe","Calm","7.2","33","12.4","15.2","997.3","1008.6"
"2026-08-15","01:24:23","Clear","Dry","Dark","2.3","29.5","3328","57232","30.4","34%","34.4","","Opened","7.381","35","Safe","Calm","7.1","33","12.4","15.2","997.4","1008.7"
"2026-08-15","01:24:33","Clear","Dry","Dark","2.4","29.6","3328","57232","30.3","34%","34.4","","Opened","7.354","35","Safe","Calm","7.1","33","12.3","15.2","997.4","1008.7"
"2026-08-15","01:24:43","Clear","Dry","Dark","2.5","29.5","3328","57232","30.3","34%","34.4","","Opened","7.321","35","Safe","Calm","7.2","33","12.3","15.3","997.3","1008.6"
"2026-08-15","01:24:53","Clear","Dry","Dark","2.6","29.6","3328","57232","30.3","34%","34.4","","Opened","7.270","35","Safe","Windy","8.3","33","12.3","15.4","997.4","1008.7"
"2026-08-15","01:25:03","Clear","Dry","Dark","2.3","29.6","3328","57232","30.3","34%","34.4","","Opened","7.533","35","Safe","Windy","8.2","33","12.3","15.1","997.3","1008.5"
"2026-08-15","01:25:13","Clear","Dry","Dark","2.2","29.5","3328","57232","30.3","34%","34.4","","Opened","7.312","35","Safe","Windy","7.9","33","12.3","15.0","997.3","1008.6"
"2026-08-15","01:25:23","Clear","Dry","Dark","2.2","29.5","3328","57232","30.4","34%","34.4","","Opened","7.261","35","Safe","Windy","7.6","33","12.4","15.1","997.4","1008.7"
"2026-08-15","01:25:33","Clear","Dry","Dark","2.4","29.5","3328","57232","30.4","34%","34.5","","Opened","7.342","35","Safe","Windy","7.6","33","12.4","15.2","997.4","1008.7"
"2026-08-15","01:25:43","Clear","Dry","Dark","2.3","29.5","3328","57232","30.4","34%","34.5","","Opened","7.334","35","Safe","Windy","7.6","33","12.4","15.1","997.3","1008.6"
"2026-08-15","01:25:53","Clear","Dry","Dark","2.4","29.5","3328","57232","30.4","34%","34.5","","Opened","7.290","35","Safe","Calm","6.8","33","12.4","15.2","997.3","1008.6"
"2026-08-15","01:26:03","Clear","Dry","Dark","2.4","29.5","3328","57232","30.4","34%","34.5","","Opened","7.640","35","Safe","Calm","6.9","33","12.4","15.2","997.4","1008.7"
"2026-08-15","01:26:13","Clear","Dry","Dark","2.5","29.5","3328","57232","30.4","34%","34.5","","Opened","7.359","35","Safe","Calm","7.2","33","12.3","15.3","997.4","1008.7"
"2026-08-15","01:26:23","Clear","Dry","Dark","2.4","29.5","3328","57232","30.4","34%","34.5","","Opened","7.316","35","Safe","Calm","7.3","33","12.4","15.2","997.3","1008.6"
"2026-08-15","01:26:33","Clear","Dry","Dark","2.3","29.5","3328","57232","30.4","34%","34.5","","Opened","7.284","35","Safe","Calm","7.2","33","12.4","15.2","997.3","1008.6"
"2026-08-15","01:26:43","Clear","Dry","Dark","2.4","29.5","3328","57232","30.3","34%","34.5","","Opened","7.380","35","Safe","Calm","7.3","33","12.3","15.2","997.4","1008.7"
"2026-08-15","01:26:53","Clear","Dry","Dark","2.4","29.5","3328","57232","30.4","34%","34.5","","Opened","7.332","35","Safe","Calm","7.5","33","12.4","15.2","997.4","1008.7"
"2026-08-15","01:27:03","Clear","Dry","Dark","2.2","29.5","3328","57232","30.3","34%","34.5","","Opened","7.611","35","Safe","Calm","7.1","33","12.3","15.1","997.3","1008.6"
"2026-08-15","01:27:13","Clear","Dry","Dark","2.2","29.5","3328","57232","30.3","34%","34.6","","Opened","7.337","35","Safe","Calm","7.3","33","12.4","15.0","997.4","1008.7"
"2026-08-15","01:27:23","Clear","Dry","Dark","2.4","29.5","3328","57232","30.4","34%","34.5","","Opened","7.310","35","Safe","Calm","7.8","33","12.3","15.2","997.3","1008.6"
"2026-08-15","01:27:33","Clear","Dry","Dark","2.3","29.5","3328","57232","30.4","34%","34.5","","Opened","7.274","35","Safe","Calm","7.6","33","12.4","15.1","997.3","1008.5"
"2026-08-15","01:27:43","Clear","Dry","Dark","2.2","29.5","3328","57232","30.4","34%","34.5","","Opened","7.397","35","Safe","Calm","7.2","33","12.4","15.1","997.4","1008.7"
"2026-08-15","01:27:53","Clear","Dry","Dark","2.4","29.5","3328","57232","30.3","34%","34.6","","Opened","7.370","35","Safe","Calm","6.9","33","12.4","15.2","997.4","1008.7"
"2026-08-15","01:28:03","Clear","Dry","Dark","2.4","29.5","3328","57232","30.4","34%","34.6","","Opened","7.560","35","Safe","Calm","7.3","33","12.4","15.3","997.4","1008.7"
"2026-08-15","01:28:13","Clear","Dry","Dark","2.4","29.5","3328","57232","30.4","34%","34.6","","Opened","7.278","35","Safe","Calm","6.9","33","12.3","15.2","997.3","1008.6"
"2026-08-15","01:28:23","Clear","Dry","Dark","2.2","29.5","3328","57232","30.4","34%","34.6","","Opened","7.368","35","Safe","Calm","6.5","33","12.4","15.0","997.3","1008.6"
"2026-08-15","01:28:33","Clear","Dry","Dark","2.2","29.5","3328","57232","30.4","34%","34.6","","Opened","7.332","35","Safe","Calm","6.4","33","12.3","15.1","997.4","1008.7"
"2026-08-15","01:28:43","Clear","Dry","Dark","2.5","29.5","3328","57232","30.4","34%","34.6","","Opened","7.305","35","Safe","Calm","6.8","33","12.3","15.4","997.4","1008.7"
"2026-08-15","01:28:53","Clear","Dry","Dark","2.3","29.5","3328","57232","30.3","34%","34.6","","Opened","7.379","35","Safe","Calm","6.9","33","12.3","15.1","997.3","1008.6"
"2026-08-15","01:29:03","Clear","Dry","Dark","2.3","29.5","3328","57232","30.3","34%","34.6","","Opened","7.603","35","Safe","Calm","6.6","33","12.3","15.1","997.4","1008.7"
"2026-08-15","01:29:13","Clear","Dry","Dark","2.2","29.5","3328","57232","30.4","34%","34.6","","Opened","7.283","35","Safe","Calm","6.6","33","12.3","15.0","997.3","1008.6"
"2026-08-15","01:29:23","Clear","Dry","Dark","2.2","29.5","3328","57232","30.3","34%","34.6","","Opened","7.389","35","Safe","Calm","6.5","33","12.3","15.0","997.3","1008.6"
"2026-08-15","01:29:33","Clear","Dry","Dark","2.4","29.4","3328","57232","30.3","34%","34.6","","Opened","7.329","35","Safe","Calm","6.9","33","12.3","15.2","997.3","1008.6"
"2026-08-15","01:29:43","Clear","Dry","Dark","2.3","29.4","3328","57232","30.3","34%","34.6","","Opened","7.282","35","Safe","Calm","6.6","33","12.3","15.1","997.3","1008.6"
"2026-08-15","01:29:53","Clear","Dry","Dark","2.3","29.4","3328","57232","30.3","34%","34.6","","Opened","7.351","35","Safe","Calm","6.5","33","12.3","15.1","997.3","1008.6"
"2026-08-15","01:30:03","Clear","Dry","Dark","2.3","29.4","3328","57232","30.3","34%","34.6","","Opened","7.488","35","Safe","Calm","6.5","33","12.3","15.1","997.3","1008.6"
"2026-08-15","01:30:13","Clear","Dry","Dark","2.4","29.4","3328","57232","30.3","34%","34.6","Heating DOWN","Opened","7.509","35","Safe","Calm","7.1","33","12.3","15.2","997.3","1008.6"
"2026-08-15","01:30:23","Clear","Dry","Dark","2.3","29.4","3327","57232","30.3","33%","34.6","","Opened","7.372","35","Safe","Calm","7.5","33","12.3","15.1","997.4","1008.7"
"2026-08-15","01:30:33","Clear","Dry","Dark","2.1","29.4","3328","57232","30.3","33%","34.6","","Opened","7.329","35","Safe","Calm","6.8","33","12.3","15.0","997.3","1008.6"
"2026-08-15","01:30:43","Clear","Dry","Dark","2.3","29.4","3328","57232","30.3","33%","34.7","Heating DOWN","Opened","7.403","35","Safe","Calm","6.8","33","12.3","15.1","997.4","1008.7"
"2026-08-15","01:30:53","Clear","Dry","Dark","2.4","29.4","3328","57232","30.3","32%","34.7","Heating DOWN","Opened","7.391","35","Safe","Calm","7.1","33","12.3","15.2","997.3","1008.6"
"2026-08-15","01:31:03","Clear","Dry","Dark","2.1","29.4","3328","57232","30.3","31%","34.7","Heating DOWN","Opened","7.804","35","Safe","Calm","7.1","33","12.3","14.9","997.3","1008.6"
"2026-08-15","01:31:13","Clear","Dry","Dark","2.2","29.4","3328","57232","30.3","30%","34.6","","Opened","7.280","35","Safe","Calm","6.4","33","12.3","15.0","997.3","1008.6"
"2026-08-15","01:31:23","Clear","Dry","Dark","2.2","29.4","3328","57232","30.3","30%","34.7","Heating DOWN","Opened","7.470","35","Safe","Calm","5.9","33","12.3","15.0","997.3","1008.6"
"2026-08-15","01:31:33","Clear","Dry","Dark","2.1","29.3","3328","57232","30.3","29%","34.7","Heating DOWN","Opened","7.479","35","Safe","Calm","5.9","33","12.3","14.9","997.3","1008.6"
"2026-08-15","01:31:43","Clear","Dry","Dark","2.3","29.3","3328","57232","30.3","28%","34.6","","Opened","7.351","35","Safe","Calm","5.7","33","12.3","15.1","997.4","1008.7"
"2026-08-15","01:31:53","Clear","Dry","Dark","2.1","29.3","3328","57232","30.3","28%","34.6","","Opened","7.301","35","Safe","Calm","4.3","33","12.3","15.0","997.3","1008.6"
"2026-08-15","01:32:03","Clear","Dry","Dark","2.2","29.3","3328","57232","30.3","28%","34.6","Heating DOWN","Opened","7.658","35","Safe","Calm","4.0","33","12.3","15.1","997.3","1008.6"
"2026-08-15","01:32:13","Clear","Dry","Dark","2.3","29.3","3328","57232","30.3","27%","34.6","","Opened","7.371","35","Safe","Calm","4.0","33","12.3","15.2","997.3","1008.6"
"2026-08-15","01:32:23","Clear","Dry","Dark","2.3","29.3","3328","57232","30.3","27%","34.5","","Opened","7.331","35","Safe","Calm","4.2","33","12.3","15.2","997.3","1008.6"
"2026-08-15","01:32:33","Clear","Dry","Dark","2.1","29.3","3328","57232","30.3","27%","34.5","","Opened","7.277","35","Safe","Calm","4.2","33","12.3","14.9","997.4","1008.7"
"2026-08-15","01:32:43","Clear","Dry","Dark","2.1","29.3","3328","57232","30.3","27%","34.5","","Opened","7.354","35","Safe","Calm","4.3","33","12.3","15.0","997.3","1008.6"
"2026-08-15","01:32:53","Clear","Dry","Dark","2.1","29.3","3328","57232","30.3","27%","34.5","","Opened","7.309","35","Safe","Calm","5.8","33","12.2","14.9","997.4","1008.7"
"2026-08-15","01:33:03","Clear","Dry","Dark","2.3","29.3","3328","57232","30.3","27%","34.4","","Opened","7.545","35","Safe","Calm","6.5","33","12.2","15.1","997.3","1008.5"
"2026-08-15","01:33:13","Clear","Dry","Dark","2.2","29.3","3328","57232","30.3","27%","34.3","","Opened","7.333","35","Safe","Calm","6.5","33","12.2","15.0","997.3","1008.6"
"2026-08-15","01:33:23","Clear","Dry","Dark","2.4","29.3","3328","57232","30.3","27%","34.3","","Opened","7.280","35","Safe","Calm","6.4","33","12.2","15.2","997.4","1008.7"
"2026-08-15","01:33:33","Clear","Dry","Dark","2.2","29.3","3328","57232","30.3","27%","34.3","","Opened","7.354","35","Safe","Calm","6.6","33","12.2","15.0","997.3","1008.6"
"2026-08-15","01:33:43","Clear","Dry","Dark","2.2","29.3","3328","57232","30.3","27%","34.3","","Opened","7.307","35","Safe","Calm","6.4","33","12.2","15.0","997.3","1008.6"
"2026-08-15","01:33:53","Clear","Dry","Dark","2.3","29.3","3328","57232","30.3","27%","34.3","","Opened","7.392","35","Safe","Calm","5.8","33","12.2","15.1","997.4","1008.7"
"2026-08-15","01:34:03","Clear","Dry","Dark","2.3","29.3","3328","57232","30.3","27%","34.3","","Opened","7.513","35","Safe","Calm","5.8","33","12.2","15.1","997.3","1008.6"
"2026-08-15","01:34:13","Clear","Dry","Dark","2.3","29.3","3328","57232","30.3","27%","34.2","","Opened","7.290","35","Safe","Calm","5.8","33","12.2","15.1","997.3","1008.6"
"2026-08-15","01:34:23","Clear","Dry","Dark","2.3","29.3","3328","57232","30.3","27%","34.2","","Opened","7.371","35","Safe","Calm","5.8","33","12.2","15.1","997.3","1008.6"
"2026-08-15","01:34:33","Clear","Dry","Dark","2.2","29.3","3328","57232","30.3","27%","34.2","","Opened","7.316","35","Safe","Calm","5.5","33","12.2","15.0","997.3","1008.6"
"2026-08-15","01:34:43","Clear","Dry","Dark","2.2","29.2","3328","57232","30.3","27%","34.2","","Opened","7.389","35","Safe","Calm","5.8","33","12.2","15.0","997.3","1008.6"
"2026-08-15","01:34:53","Clear","Dry","Dark","2.4","29.2","3328","57232","30.3","27%","34.2","","Opened","7.348","35","Safe","Windy","6.8","33","12.2","15.2","997.3","1008.6"
"2026-08-15","01:35:03","Clear","Dry","Dark","2.3","29.3","3328","57232","30.3","27%","34.1","","Opened","7.445","35","Safe","Windy","6.6","33","12.2","15.1","997.3","1008.5"
"2026-08-15","01:35:13","Clear","Dry","Dark","2.4","29.3","3328","57232","30.3","27%","34.1","","Opened","7.370","35","Safe","Windy","6.8","33","12.2","15.3","997.4","1008.7"
"2026-08-15","01:35:23","Clear","Dry","Dark","2.4","29.3","3328","57232","30.3","27%","34.1","","Opened","7.313","35","Safe","Windy","6.9","33","12.2","15.2","997.3","1008.6"
"2026-08-15","01:35:33","Clear","Dry","Dark","2.3","29.3","3328","57232","30.3","27%","34.0","","Opened","7.278","35","Safe","Windy","7.5","33","12.2","15.1","997.3","1008.6"
"2026-08-15","01:35:43","Clear","Dry","Dark","2.2","29.3","3328","57232","30.3","27%","34.0","Heating UP","Opened","7.479","35","Safe","Windy","8.0","33","12.2","15.0","997.3","1008.6"
"2026-08-15","01:35:53","Clear","Dry","Dark","2.3","29.3","3328","57232","30.3","28%","33.8","Heating UP","Opened","7.474","35","Safe","Calm","7.6","33","12.2","15.1","997.3","1008.6"
"2026-08-15","01:36:03","Clear","Dry","Dark","2.5","29.3","3328","57232","30.3","29%","33.8","Heating UP","Opened","7.662","35","Safe","Calm","7.5","33","12.2","15.3","997.4","1008.7"
"2026-08-15","01:36:13","Clear","Dry","Dark","2.5","29.3","3328","57232","30.2","30%","34.0","","Opened","7.329","35","Safe","Calm","7.8","33","12.1","15.3","997.4","1008.7"
"2026-08-15","01:36:23","Clear","Dry","Dark","2.1","29.3","3328","57232","30.2","30%","34.0","","Opened","7.282","35","Safe","Calm","7.5","33","12.1","14.9","997.4","1008.7"
"2026-08-15","01:36:33","Clear","Dry","Dark","2.2","29.3","3328","57232","30.3","30%","34.1","","Opened","7.385","35","Safe","Calm","7.1","33","12.2","15.0","997.4","1008.7"
"2026-08-15","01:36:43","Clear","Dry","Dark","2.4","29.3","3328","57232","30.3","30%","34.1","","Opened","7.332","35","Safe","Calm","7.2","33","12.1","15.3","997.3","1008.6"
"2026-08-15","01:36:53","Clear","Dry","Dark","2.4","29.3","3328","57232","30.3","30%","34.0","","Opened","7.275","35","Safe","Calm","6.9","33","12.1","15.2","997.3","1008.5"
"2026-08-15","01:37:03","Clear","Dry","Dark","2.2","29.3","3328","57232","30.3","30%","34.0","Heating UP","Opened","7.731","35","Safe","Calm","7.1","33","12.1","15.0","997.3","1008.6"
"2026-08-15","01:37:13","Clear","Dry","Dark","2.4","29.3","3328","57232","30.3","31%","34.0","","Opened","7.376","35","Safe","Calm","7.1","33","12.1","15.2","997.4","1008.7"
"2026-08-15","01:37:23","Clear","Dry","Dark","2.3","29.4","3328","57232","30.3","31%","34.0","Heating UP","Opened","7.480","35","Safe","Calm","7.6","33","12.1","15.1","997.3","1008.6"
"2026-08-15","01:37:33","Clear","Dry","Dark","2.2","29.4","3328","57232","30.3","32%","34.1","","Opened","7.370","35","Safe","Calm","7.9","33","12.1","15.1","997.3","1008.5"
"2026-08-15","01:37:43","Clear","Dry","Dark","2.4","29.3","3328","57232","30.3","32%","34.1","","Opened","7.332","35","Safe","Calm","7.5","33","12.1","15.2","997.4","1008.7"
"2026-08-15","01:37:53","Clear","Dry","Dark","2.3","29.3","3328","57232","30.3","32%","34.1","","Opened","7.304","35","Safe","Calm","7.2","33","12.1","15.1","997.4","1008.7"
"2026-08-15","01:38:03","Clear","Dry","Dark","2.3","29.3","3328","57232","30.3","32%","34.1","","Opened","7.633","35","Safe","Calm","6.9","33","12.0","15.1","997.3","1008.6"
"2026-08-15","01:38:13","Clear","Dry","Dark","2.4","29.3","3328","57232","30.3","32%","34.2","","Opened","7.316","35","Safe","Calm","6.8","33","12.1","15.2","997.3","1008.6"
"2026-08-15","01:38:23","Clear","Dry","Dark","2.5","29.3","3328","57232","30.3","32%","34.1","","Opened","7.320","35","Safe","Calm","7.1","33","12.1","15.3","997.3","1008.6"
"2026-08-15","01:38:33","Clear","Dry","Dark","2.5","29.4","3328","57232","30.3","32%","34.1","","Opened","7.252","35","Safe","Windy","7.8","33","12.0","15.3","997.3","1008.5"
"2026-08-15","01:38:43","Clear","Dry","Dark","2.4","29.4","3328","57232","30.3","32%","34.1","","Opened","7.348","35","Safe","Windy","8.7","33","12.0","15.3","997.3","1008.5"
"2026-08-15","01:38:53","Clear","Dry","Dark","2.5","29.4","3328","57232","30.3","32%","34.1","","Opened","7.320","35","Safe","Windy","10.0","33","12.0","15.3","997.2","1008.5"
"2026-08-15","01:39:03","Clear","Dry","Dark","2.3","29.5","3328","57232","30.3","32%","34.0","Heating UP","Opened","7.597","35","Safe","Windy","10.1","33","12.0","15.1","997.3","1008.6"
"2026-08-15","01:39:13","Clear","Dry","Dark","2.2","29.4","3328","57232","30.3","33%","34.1","","Opened","7.308","35","Safe","Windy","10.4","33","12.0","15.0","997.3","1008.5"
"2026-08-15","01:39:23","Clear","Dry","Dark","2.4","29.4","3328","57232","30.3","33%","34.1","","Opened","7.379","35","Safe","Windy","10.4","32","12.0","15.2","997.4","1008.7"
"2026-08-15","01:39:33","Clear","Dry","Dark","2.4","29.4","3328","57232","30.3","33%","34.1","","Opened","7.351","35","Safe","Windy","10.3","32","12.0","15.2","997.3","1008.5"
"2026-08-15","01:39:43","Clear","Dry","Dark","2.3","29.4","3328","57232","30.3","33%","34.0","","Opened","7.320","35","Safe","Windy","9.3","32","12.0","15.1","997.3","1008.5"
"2026-08-15","01:39:53","Clear","Dry","Dark","2.3","29.4","3328","57232","30.3","33%","34.1","","Opened","7.319","35","Safe","Calm","8.3","33","12.0","15.1","997.3","1008.5"
"2026-08-15","01:40:03","Clear","Dry","Dark","2.3","29.5","3328","57232","30.3","33%","34.1","","Opened","7.511","35","Safe","Calm","8.6","33","12.0","15.1","997.4","1008.7"
"2026-08-15","01:40:13","Clear","Dry","Dark","2.3","29.5","3328","57232","30.3","33%","34.1","","Opened","7.342","35","Safe","Calm","8.3","32","11.9","15.1","997.4","1008.7"
"2026-08-15","01:40:23","Clear","Dry","Dark","2.2","29.4","3328","57232","30.3","33%","34.1","","Opened","7.282","35","Safe","Calm","7.6","32","12.0","15.0","997.3","1008.6"
"2026-08-15","01:40:33","Clear","Dry","Dark","2.2","29.4","3328","57232","30.3","33%","34.3","","Opened","7.379","35","Safe","Calm","6.6","33","12.0","15.0","997.4","1008.7"
"2026-08-15","01:40:43","Clear","Dry","Dark","2.1","29.4","3328","57232","30.3","33%","34.3","","Opened","7.336","35","Safe","Calm","6.1","33","12.0","15.0","997.3","1008.6"
"2026-08-15","01:40:53","Clear","Dry","Dark","2.2","29.4","3328","57232","30.3","33%","34.4","","Opened","7.292","35","Safe","Calm","5.5","32","12.0","15.0","997.3","1008.6"
"2026-08-15","01:41:03","Clear","Dry","Dark","2.2","29.4","3328","57232","30.3","33%","34.4","","Opened","7.621","35","Safe","Calm","5.0","32","12.0","15.0","997.3","1008.6"
"2026-08-15","01:41:13","Clear","Dry","Dark","2.1","29.4","3328","57232","30.3","33%","34.4","","Opened","7.323","35","Safe","Calm","4.7","32","12.0","14.9","997.3","1008.6"
"2026-08-15","01:41:23","Clear","Dry","Dark","2.4","29.4","3328","57232","30.3","33%","34.4","","Opened","7.307","35","Safe","Calm","5.4","32","12.0","15.2","997.3","1008.5"
"2026-08-15","01:41:33","Clear","Dry","Dark","2.5","29.4","3328","57232","30.3","33%","34.4","","Opened","7.435","35","Safe","Windy","6.5","32","11.9","15.3","997.3","1008.5"
"2026-08-15","01:41:43","Clear","Dry","Dark","2.7","29.4","3328","57232","30.3","33%","34.3","","Opened","7.359","35","Safe","Windy","7.9","32","11.9","15.5","997.3","1008.6"
"2026-08-15","01:41:53","Clear","Dry","Dark","2.5","29.4","3328","57232","30.3","33%","34.2","","Opened","7.319","35","Safe","Windy","8.9","32","11.9","15.3","997.3","1008.6"
"2026-08-15","01:42:03","Clear","Dry","Dark","2.3","29.5","3328","57232","30.3","33%","34.2","","Opened","7.441","35","Safe","Windy","9.0","32","11.9","15.1","997.3","1008.5"
"2026-08-15","01:42:13","Clear","Dry","Dark","2.4","29.5","3328","57232","30.3","33%","34.2","","Opened","7.359","35","Safe","Windy","9.9","32","11.9","15.2","997.3","1008.6"
"2026-08-15","01:42:23","Clear","Dry","Dark","2.2","29.5","3328","57232","30.3","33%","34.2","","Opened","7.312","35","Safe","Windy","9.7","32","11.9","15.1","997.3","1008.5"
"2026-08-15","01:42:33","Clear","Dry","Dark","2.3","29.5","3328","57232","30.3","33%","34.2","","Opened","7.277","35","Safe","Windy","9.2","32","11.9","15.1","997.3","1008.6"
"2026-08-15","01:42:43","Clear","Dry","Dark","2.3","29.4","3328","57232","30.3","33%","34.2","","Opened","7.346","35","Safe","Windy","8.6","32","11.9","15.2","997.3","1008.6"
"2026-08-15","01:42:53","Clear","Dry","Dark","2.5","29.5","3328","57232","30.3","33%","34.2","","Opened","7.297","35","Safe","Windy","8.3","32","11.9","15.3","997.3","1008.6"
"2026-08-15","01:43:03","Clear","Dry","Dark","2.4","29.5","3328","57232","30.3","33%","34.2","","Opened","7.517","35","Safe","Windy","8.7","32","11.8","15.3","997.3","1008.5"
"2026-08-15","01:43:13","Clear","Dry","Dark","2.4","29.5","3328","57232","30.3","33%","34.2","","Opened","7.356","35","Safe","Calm","8.6","32","11.8","15.2","997.3","1008.6"
"2026-08-15","01:43:23","Clear","Dry","Dark","2.4","29.5","3328","57232","30.3","33%","34.2","","Opened","7.313","35","Safe","Windy","9.0","32","11.8","15.2","997.4","1008.7"
"2026-08-15","01:43:33","Clear","Dry","Dark","2.2","29.5","3328","57232","30.3","33%","34.2","","Opened","7.391","35","Safe","Windy","8.9","32","11.8","15.0","997.3","1008.5"
"2026-08-15","01:43:43","Clear","Dry","Dark","2.3","29.5","3328","57232","30.3","33%","34.2","","Opened","7.331","35","Safe","Windy","8.3","32","11.8","15.1","997.3","1008.6"
"2026-08-15","01:43:53","Clear","Dry","Dark","2.4","29.5","3328","57232","30.3","33%","34.2","","Opened","7.271","35","Safe","Windy","8.6","32","11.8","15.3","997.3","1008.6"
"2026-08-15","01:44:03","Clear","Dry","Dark","2.6","29.5","3328","57232","30.3","33%","34.2","","Opened","7.581","35","Safe","Windy","9.0","32","11.8","15.4","997.3","1008.5"
"2026-08-15","01:44:13","Clear","Dry","Dark","2.4","29.5","3328","57232","30.3","33%","34.2","","Opened","7.301","35","Safe","Windy","9.0","32","11.8","15.2","997.3","1008.6"
"2026-08-15","01:44:23","Clear","Dry","Dark","2.5","29.6","3328","57232","30.3","33%","34.1","","Opened","7.397","35","Safe","Windy","8.3","32","11.8","15.3","997.3","1008.5"
"2026-08-15","01:44:33","Clear","Dry","Dark","2.5","29.6","3328","57232","30.3","33%","34.1","","Opened","7.374","35","Safe","Windy","8.6","32","11.8","15.3","997.3","1008.6"
"2026-08-15","01:44:43","Clear","Dry","Dark","2.5","29.6","3328","57232","30.3","33%","34.2","","Opened","7.328","35","Safe","Windy","9.6","32","11.8","15.3","997.3","1008.5"
"2026-08-15","01:44:53","Clear","Dry","Dark","2.2","29.6","3328","57232","30.3","33%","34.2","","Opened","7.264","35","Safe","Windy","9.0","32","11.8","15.1","997.4","1008.7"
"2026-08-15","01:45:03","Clear","Dry","Dark","2.3","29.6","3328","57232","30.4","33%","34.3","","Opened","7.582","35","Safe","Windy","8.3","32","11.8","15.2","997.3","1008.6"
"2026-08-15","01:45:13","Clear","Dry","Dark","2.3","29.5","3328","57232","30.3","33%","34.3","","Opened","7.315","35","Safe","Windy","8.0","32","11.8","15.2","997.4","1008.7"
"2026-08-15","01:45:23","Clear","Dry","Dark","2.3","29.5","3328","57232","30.3","33%","34.3","","Opened","7.382","35","Safe","Windy","8.3","32","11.7","15.2","997.3","1008.5"
"2026-08-15","01:45:33","Clear","Dry","Dark","2.4","29.5","3328","57232","30.3","33%","34.3","","Opened","7.346","35","Safe","Windy","9.0","32","11.8","15.2","997.3","1008.6"
"2026-08-15","01:45:43","Clear","Dry","Dark","2.3","29.5","3328","57232","30.4","33%","34.2","","Opened","7.306","35","Safe","Windy","8.5","32","11.7","15.2","997.3","1008.5"
"2026-08-15","01:45:53","Clear","Dry","Dark","2.3","29.5","3328","57232","30.4","33%","34.3","","Opened","7.371","35","Safe","Windy","8.6","32","11.8","15.1","997.3","1008.5"
"2026-08-15","01:46:03","Clear","Dry","Dark","2.4","29.5","3328","57232","30.3","33%","34.3","","Opened","7.542","35","Safe","Windy","8.7","32","11.8","15.2","997.3","1008.5"
"2026-08-15","01:46:13","Clear","Dry","Dark","2.3","29.5","3328","57232","30.3","33%","34.3","","Opened","7.264","35","Safe","Windy","8.6","32","11.8","15.1","997.3","1008.5"
"2026-08-15","01:46:23","Clear","Dry","Dark","2.4","29.5","3328","57232","30.3","33%","34.3","","Opened","7.352","35","Safe","Windy","8.6","32","11.7","15.2","997.3","1008.5"
"2026-08-15","01:46:33","Clear","Dry","Dark","2.6","29.5","3328","57232","30.4","33%","34.3","","Opened","7.297","35","Safe","Windy","9.0","32","11.7","15.5","997.3","1008.6"
"2026-08-15","01:46:43","Clear","Dry","Dark","2.5","29.6","3328","57232","30.4","33%","34.2","","Opened","7.396","35","Safe","Windy","9.4","32","11.7","15.3","997.4","1008.7"
"2026-08-15","01:46:53","Clear","Dry","Dark","2.4","29.6","3328","57232","30.3","33%","34.2","","Opened","7.351","35","Safe","Windy","9.6","32","11.7","15.2","997.1","1008.4"
"2026-08-15","01:47:03","Clear","Dry","Dark","2.3","29.6","3328","57232","30.3","33%","34.2","","Opened","7.506","35","Safe","Windy","9.9","32","11.7","15.1","997.3","1008.5"
"2026-08-15","01:47:13","Clear","Dry","Dark","2.6","29.6","3328","57232","30.4","33%","34.1","","Opened","7.369","35","Safe","Windy","10.3","32","11.7","15.5","997.3","1008.5"
"2026-08-15","01:47:23","Clear","Dry","Dark","2.4","29.6","3328","57232","30.4","33%","34.2","","Opened","7.328","35","Safe","Windy","10.1","32","11.7","15.2","997.2","1008.5"
"2026-08-15","01:47:33","Clear","Dry","Dark","2.5","29.7","3328","57232","30.4","33%","34.2","","Opened","7.331","35","Safe","Windy","9.7","32","11.7","15.3","997.3","1008.5"
"2026-08-15","01:47:43","Clear","Dry","Dark","2.3","29.6","3328","57232","30.3","33%","34.1","","Opened","7.294","35","Safe","Windy","9.6","32","11.7","15.1","997.3","1008.5"
"2026-08-15","01:47:53","Clear","Dry","Dark","2.2","29.6","3328","57232","30.4","33%","34.2","","Opened","7.277","35","Safe","Windy","9.6","32","11.7","15.1","997.2","1008.5"
"2026-08-15","01:48:03","Clear","Dry","Dark","2.4","29.6","3328","57232","30.4","33%","34.2","","Opened","7.565","35","Safe","Windy","9.2","32","11.7","15.2","997.2","1008.5"
"2026-08-15","01:48:13","Clear","Dry","Dark","2.4","29.6","3328","57232","30.4","33%","34.2","","Opened","7.290","35","Safe","Windy","9.0","32","11.7","15.2","997.3","1008.5"
"2026-08-15","01:48:23","Clear","Dry","Dark","2.3","29.6","3328","57232","30.4","33%","34.2","","Opened","7.368","35","Safe","Windy","8.7","32","11.7","15.2","997.2","1008.5"
"2026-08-15","01:48:33","Clear","Dry","Dark","2.5","29.6","3328","57232","30.4","33%","34.2","","Opened","7.365","35","Safe","Calm","8.0","32","11.7","15.3","997.2","1008.5"
"2026-08-15","01:48:43","Clear","Dry","Dark","2.4","29.6","3328","57232","30.4","33%","34.3","","Opened","7.315","35","Safe","Calm","8.0","32","11.7","15.3","997.2","1008.5"
"2026-08-15","01:48:53","Clear","Dry","Dark","2.4","29.7","3328","57232","30.4","33%","34.2","","Opened","7.375","35","Safe","Windy","8.6","32","11.7","15.3","997.3","1008.5"
"2026-08-15","01:49:03","Clear","Dry","Dark","2.4","29.7","3328","57232","30.4","33%","34.2","","Opened","7.493","35","Safe","Windy","9.0","31","11.6","15.3","997.2","1008.5"
"2026-08-15","01:49:13","Clear","Dry","Dark","2.4","29.7","3328","57232","30.4","33%","34.2","","Opened","7.313","35","Safe","Windy","9.0","31","11.6","15.3","997.3","1008.5"
"2026-08-15","01:49:23","Clear","Dry","Dark","2.3","29.7","3328","57232","30.4","33%","34.2","","Opened","7.379","35","Safe","Windy","9.9","32","11.7","15.2","997.2","1008.5"
"2026-08-15","01:49:33","Clear","Dry","Dark","2.4","29.7","3328","57232","30.4","33%","34.2","","Opened","7.367","35","Safe","Windy","9.7","31","11.6","15.2","997.2","1008.5"
"2026-08-15","01:49:43","Clear","Dry","Dark","2.3","29.6","3328","57232","30.4","33%","34.3","","Opened","7.316","35","Safe","Windy","9.3","32","11.7","15.2","997.2","1008.5"
"2026-08-15","01:49:53","Clear","Dry","Dark","2.3","29.6","3328","57232","30.4","33%","34.3","","Opened","7.274","35","Safe","Windy","8.5","31","11.6","15.2","997.3","1008.6"
"2026-08-15","01:50:03","Clear","Dry","Dark","2.5","29.6","3328","57232","30.4","33%","34.3","","Opened","7.586","35","Safe","Windy","8.7","32","11.7","15.4","997.2","1008.5"
"2026-08-15","01:50:13","Clear","Dry","Dark","2.4","29.7","3328","57232","30.4","33%","34.3","","Opened","7.333","35","Safe","Windy","8.9","31","11.7","15.3","997.3","1008.5"
"2026-08-15","01:50:23","Clear","Dry","Dark","2.3","29.7","3328","57232","30.4","33%","34.3","","Opened","7.296","35","Safe","Windy","8.6","31","11.6","15.2","997.3","1008.5"
"2026-08-15","01:50:33","Clear","Dry","Dark","2.4","29.7","3328","57232","30.4","33%","34.3","","Opened","7.393","35","Safe","Windy","8.7","31","11.6","15.2","997.3","1008.5"
"2026-08-15","01:50:43","Clear","Dry","Dark","2.2","29.7","3328","57232","30.4","33%","34.3","","Opened","7.366","35","Safe","Windy","8.9","31","11.6","15.1","997.2","1008.5"
"2026-08-15","01:50:53","Clear","Dry","Dark","2.4","29.7","3328","57232","30.4","33%","34.3","","Opened","7.318","35","Safe","Windy","9.2","31","11.6","15.3","997.2","1008.5"
"2026-08-15","01:51:03","Clear","Dry","Dark","2.4","29.6","3328","57232","30.4","33%","34.4","","Opened","7.525","35","Safe","Calm","8.7","31","11.6","15.2","997.3","1008.5"
"2026-08-15","01:51:13","Clear","Dry","Dark","2.6","29.7","3328","57232","30.4","33%","34.4","","Opened","7.392","35","Safe","Windy","8.9","31","11.6","15.5","997.3","1008.5"
"2026-08-15","01:51:23","Clear","Dry","Dark","2.4","29.7","3328","57232","30.4","33%","34.3","","Opened","7.347","35","Safe","Windy","8.5","31","11.6","15.3","997.2","1008.5"
"2026-08-15","01:51:33","Clear","Dry","Dark","2.3","29.7","3328","57232","30.5","33%","34.3","","Opened","7.295","35","Safe","Windy","8.2","31","11.6","15.2","997.3","1008.6"
"2026-08-15","01:51:43","Clear","Dry","Dark","2.5","29.7","3328","57232","30.4","33%","34.3","","Opened","7.251","35","Safe","Windy","8.6","31","11.6","15.4","997.3","1008.6"
"2026-08-15","01:51:53","Clear","Dry","Dark","2.7","29.7","3328","57232","30.4","33%","34.4","","Opened","7.335","35","Safe","Windy","9.7","31","11.5","15.6","997.2","1008.5"
"2026-08-15","01:52:03","Clear","Dry","Dark","2.5","29.7","3328","57232","30.5","33%","34.3","","Opened","7.588","35","Safe","Windy","9.7","31","11.5","15.4","997.1","1008.4"
"2026-08-15","01:52:13","Clear","Dry","Dark","2.4","29.7","3328","57232","30.5","33%","34.3","","Opened","7.360","35","Safe","Windy","9.2","31","11.6","15.3","997.2","1008.5"
"2026-08-15","01:52:23","Clear","Dry","Dark","2.4","29.7","3328","57232","30.5","33%","34.3","","Opened","7.301","35","Safe","Windy","10.0","31","11.5","15.3","997.2","1008.5"
"2026-08-15","01:52:33","Clear","Dry","Dark","2.4","29.7","3328","57232","30.5","33%","34.3","","Opened","7.363","35","Safe","Windy","10.3","31","11.5","15.3","997.3","1008.6"
"2026-08-15","01:52:43","Clear","Dry","Dark","2.3","29.7","3328","57232","30.5","33%","34.3","","Opened","7.336","35","Safe","Windy","9.4","31","11.5","15.2","997.2","1008.5"
"2026-08-15","01:52:53","Clear","Dry","Dark","2.4","29.7","3328","57232","30.5","33%","34.4","","Opened","7.308","35","Safe","Windy","8.7","31","11.5","15.3","997.3","1008.5"
"2026-08-15","01:53:03","Clear","Dry","Dark","2.2","29.7","3328","57232","30.5","33%","34.4","","Opened","7.502","35","Safe","Windy","8.3","31","11.5","15.1","997.2","1008.5"
"2026-08-15","01:53:13","Clear","Dry","Dark","2.4","29.7","3328","57232","30.5","33%","34.5","","Opened","7.364","35","Safe","Windy","8.5","31","11.6","15.4","997.2","1008.5"
"2026-08-15","01:53:23","Clear","Dry","Dark","2.5","29.7","3328","57232","30.5","33%","34.4","","Opened","7.317","35","Safe","Windy","8.3","31","11.5","15.4","997.2","1008.5"
"2026-08-15","01:53:33","Clear","Dry","Dark","2.3","29.7","3328","57232","30.5","33%","34.4","","Opened","7.266","35","Safe","Windy","8.6","31","11.5","15.3","997.3","1008.5"
"2026-08-15","01:53:43","Clear","Dry","Dark","2.5","29.7","3328","57232","30.5","33%","34.4","","Opened","7.335","35","Safe","Windy","8.9","31","11.5","15.4","997.2","1008.5"
"2026-08-15","01:53:53","Clear","Dry","Dark","2.4","29.7","3328","57232","30.5","33%","34.4","","Opened","7.304","35","Safe","Windy","8.3","31","11.5","15.3","997.2","1008.5"
"2026-08-15","01:54:03","Clear","Dry","Dark","2.3","29.7","3328","57232","30.5","33%","34.4","","Opened","7.605","35","Safe","Windy","8.3","31","11.5","15.2","997.3","1008.6"
"2026-08-15","01:54:13","Clear","Dry","Dark","2.4","29.7","3328","57232","30.5","33%","34.5","","Opened","7.340","35","Safe","Windy","8.0","31","11.5","15.3","997.3","1008.5"
"2026-08-15","01:54:23","Clear","Dry","Dark","2.4","29.7","3328","57232","30.5","33%","34.5","","Opened","7.331","35","Safe","Calm","7.1","31","11.5","15.3","997.2","1008.5"
"2026-08-15","01:54:33","Clear","Dry","Dark","2.4","29.7","3328","57232","30.5","33%","34.5","","Opened","7.317","35","Safe","Calm","6.5","31","11.5","15.3","997.2","1008.5"
"2026-08-15","01:54:43","Clear","Dry","Dark","2.3","29.7","3328","57232","30.5","33%","34.6","","Opened","7.274","35","Safe","Calm","6.6","31","11.5","15.2","997.2","1008.5"
"2026-08-15","01:54:53","Clear","Dry","Dark","2.5","29.7","3328","57232","30.5","33%","34.6","","Opened","7.363","35","Safe","Calm","6.8","31","11.5","15.4","997.2","1008.5"
"2026-08-15","01:55:03","Clear","Dry","Dark","2.4","29.7","3328","57232","30.5","33%","34.6","","Opened","7.510","35","Safe","Calm","6.8","31","11.4","15.4","997.3","1008.5"
"2026-08-15","01:55:13","Clear","Dry","Dark","2.6","29.7","3328","57232","30.5","33%","34.6","","Opened","7.277","35","Safe","Windy","7.5","31","11.4","15.5","997.3","1008.5"
"2026-08-15","01:55:23","Clear","Dry","Dark","2.4","29.7","3328","57232","30.6","33%","34.5","","Opened","7.350","35","Safe","Windy","7.8","31","11.4","15.3","997.1","1008.4"
"2026-08-15","01:55:33","Clear","Dry","Dark","2.3","29.7","3328","57232","30.6","33%","34.6","","Opened","7.307","35","Safe","Windy","7.9","31","11.4","15.3","997.2","1008.5"
"2026-08-15","01:55:43","Clear","Dry","Dark","2.5","29.7","3328","57232","30.6","33%","34.5","","Opened","7.416","35","Safe","Windy","7.9","31","11.4","15.5","997.2","1008.5"
"2026-08-15","01:55:53","Clear","Dry","Dark","2.5","29.7","3328","57232","30.6","33%","34.6","","Opened","7.389","35","Safe","Windy","7.6","31","11.4","15.4","997.2","1008.5"
"2026-08-15","01:56:03","Clear","Dry","Dark","2.4","29.7","3328","57232","30.6","33%","34.6","","Opened","7.603","35","Safe","Windy","7.5","31","11.4","15.4","997.2","1008.5"
"2026-08-15","01:56:13","Clear","Dry","Dark","2.2","29.7","3328","57232","30.6","33%","34.7","","Opened","7.283","35","Safe","Calm","6.9","31","11.4","15.2","997.2","1008.5"
"2026-08-15","01:56:23","Clear","Dry","Dark","2.3","29.7","3328","57232","30.6","33%","34.7","","Opened","7.353","35","Safe","Calm","6.9","31","11.4","15.3","997.3","1008.5"
"2026-08-15","01:56:33","Clear","Dry","Dark","2.3","29.7","3328","57232","30.6","33%","34.7","","Opened","7.293","35","Safe","Calm","6.8","31","11.4","15.3","997.1","1008.4"
"2026-08-15","01:56:43","Clear","Dry","Dark","2.3","29.7","3328","57232","30.6","33%","34.7","","Opened","7.446","35","Safe","Calm","6.6","31","11.4","15.3","997.2","1008.5"
"2026-08-15","01:56:53","Clear","Dry","Dark","2.5","29.7","3328","57232","30.6","33%","34.7","","Opened","7.265","35","Safe","Calm","6.9","31","11.4","15.5","997.3","1008.5"
"2026-08-15","01:57:03","Clear","Dry","Dark","2.5","29.7","3328","57232","30.6","33%","34.6","","Opened","7.507","35","Safe","Calm","7.3","31","11.3","15.5","997.3","1008.5"
"2026-08-15","01:57:13","Clear","Dry","Dark","2.4","29.7","3328","57232","30.6","33%","34.6","","Opened","7.281","35","Safe","Calm","7.5","31","11.4","15.4","997.3","1008.5"
"2026-08-15","01:57:23","Clear","Dry","Dark","2.3","29.7","3328","57232","30.6","33%","34.6","","Opened","7.400","35","Safe","Calm","7.5","31","11.3","15.3","997.3","1008.5"
"2026-08-15","01:57:33","Clear","Dry","Dark","2.6","29.7","3328","57232","30.6","33%","34.6","","Opened","7.360","35","Safe","Calm","7.8","31","11.4","15.6","997.2","1008.5"
"2026-08-15","01:57:43","Clear","Dry","Dark","2.4","29.7","3328","57232","30.6","33%","34.6","","Opened","7.328","35","Safe","Calm","8.0","31","11.3","15.3","997.2","1008.5"
"2026-08-15","01:57:53","Clear","Dry","Dark","2.4","29.7","3328","57232","30.6","33%","34.5","","Opened","7.315","35","Safe","Calm","8.2","31","11.3","15.4","997.3","1008.5"
"2026-08-15","01:58:03","Clear","Dry","Dark","2.5","29.7","3328","57232","30.5","33%","34.5","","Opened","7.610","35","Safe","Calm","8.2","31","11.3","15.4","997.2","1008.5"
"2026-08-15","01:58:13","Clear","Dry","Dark","2.4","29.7","3328","57232","30.6","33%","34.5","","Opened","7.362","35","Safe","Calm","8.2","30","11.3","15.3","997.3","1008.5"
"2026-08-15","01:58:23","Clear","Dry","Dark","2.4","29.8","3328","57232","30.6","33%","34.5","","Opened","7.334","35","Safe","Calm","8.2","31","11.3","15.3","997.1","1008.4"
"2026-08-15","01:58:33","Clear","Dry","Dark","2.3","29.7","3328","57232","30.6","33%","34.5","","Opened","7.281","35","Safe","Calm","8.3","31","11.3","15.3","997.3","1008.5"
"2026-08-15","01:58:43","Clear","Dry","Dark","2.4","29.7","3328","57232","30.6","33%","34.5","","Opened","7.367","35","Safe","Calm","8.0","31","11.3","15.4","997.3","1008.5"
"2026-08-15","01:58:53","Clear","Dry","Dark","2.7","29.7","3328","57232","30.6","33%","34.6","","Opened","7.317","35","Safe","Windy","9.4","31","11.3","15.6","997.2","1008.5"
"2026-08-15","01:59:03","Clear","Dry","Dark","2.7","29.8","3328","57232","30.6","33%","34.5","","Opened","7.455","35","Safe","Windy","10.0","30","11.2","15.7","997.2","1008.5"
"2026-08-15","01:59:13","Clear","Dry","Dark","2.4","29.8","3328","57232","30.6","33%","34.5","","Opened","7.362","35","Safe","Windy","9.9","30","11.3","15.4","997.3","1008.6"
"2026-08-15","01:59:23","Clear","Dry","Dark","2.3","29.8","3328","57232","30.6","33%","34.5","","Opened","7.325","35","Safe","Windy","9.6","30","11.3","15.3","997.2","1008.5"
"2026-08-15","01:59:33","Clear","Dry","Dark","2.2","29.8","3328","57232","30.6","33%","34.6","","Opened","7.265","35","Safe","Windy","9.2","30","11.3","15.2","997.2","1008.5"
"2026-08-15","01:59:43","Clear","Dry","Dark","2.2","29.8","3328","57232","30.6","33%","34.6","","Opened","7.358","35","Safe","Windy","9.0","30","11.3","15.2","997.3","1008.5"
"2026-08-15","01:59:53","Clear","Dry","Dark","2.4","29.8","3328","57232","30.6","33%","34.6","","Opened","7.304","35","Safe","Windy","7.3","30","11.3","15.4","997.2","1008.5"
"2026-08-15","02:00:03","Clear","Dry","Dark","2.3","29.8","3328","57232","30.6","33%","34.6","","Opened","7.472","35","Safe","Calm","6.8","30","11.3","15.3","997.1","1008.4"
"2026-08-15","02:00:13","Clear","Dry","Dark","2.4","29.8","3328","57232","30.6","33%","34.6","","Opened","7.354","35","Safe","Calm","7.1","30","11.2","15.4","997.2","1008.5"
"2026-08-15","02:00:23","Clear","Dry","Dark","2.4","29.8","3328","57232","30.6","33%","34.6","","Opened","7.303","35","Safe","Calm","7.2","30","11.2","15.4","997.1","1008.4"
"2026-08-15","02:00:33","Clear","Dry","Dark","2.5","29.8","3328","57232","30.6","33%","34.6","","Opened","7.390","35","Safe","Calm","7.6","30","11.2","15.5","997.1","1008.4"
"2026-08-15","02:00:43","Clear","Dry","Dark","2.4","29.8","3328","57232","30.6","33%","34.6","","Opened","7.378","35","Safe","Calm","7.9","30","11.2","15.4","997.1","1008.4"
"2026-08-15","02:00:53","Clear","Dry","Dark","2.4","29.8","3328","57232","30.6","33%","34.6","","Opened","7.322","35","Safe","Calm","7.9","30","11.2","15.4","997.2","1008.5"
"2026-08-15","02:01:03","Clear","Dry","Dark","2.5","29.8","3328","57232","30.6","33%","34.6","","Opened","7.470","35","Safe","Windy","8.5","30","11.2","15.5","997.2","1008.5"
"2026-08-15","02:01:13","Clear","Dry","Dark","2.4","29.8","3328","57232","30.6","33%","34.6","","Opened","7.393","35","Safe","Windy","8.2","30","11.2","15.3","997.2","1008.5"
"2026-08-15","02:01:23","Clear","Dry","Dark","2.3","29.8","3328","57232","30.6","33%","34.6","","Opened","7.368","35","Safe","Windy","8.2","30","11.2","15.3","997.2","1008.5"
"2026-08-15","02:01:33","Clear","Dry","Dark","2.6","29.8","3328","57232","30.6","33%","34.6","","Opened","7.314","35","Safe","Windy","8.6","30","11.2","15.6","997.1","1008.4"
"2026-08-15","02:01:43","Clear","Dry","Dark","2.6","29.9","3328","57232","30.6","33%","34.5","","Opened","7.274","35","Safe","Windy","9.0","30","11.1","15.6","997.1","1008.4"
"2026-08-15","02:01:53","Clear","Dry","Dark","2.3","29.8","3328","57232","30.6","33%","34.5","","Opened","7.370","35","Safe","Windy","9.9","30","11.2","15.3","997.1","1008.3"
"2026-08-15","02:02:03","Clear","Dry","Dark","2.6","29.9","3328","57232","30.6","33%","34.5","","Opened","7.484","35","Safe","Windy","10.1","30","11.2","15.6","997.1","1008.4"
"2026-08-15","02:02:13","Clear","Dry","Dark","2.6","29.9","3328","57232","30.6","33%","34.4","","Opened","7.263","35","Safe","Windy","11.0","30","11.2","15.6","997.1","1008.4"
"2026-08-15","02:02:23","Clear","Dry","Dark","2.4","29.9","3328","57232","30.6","33%","34.4","","Opened","7.350","35","Safe","Windy","11.1","30","11.1","15.4","997.1","1008.4"
"2026-08-15","02:02:33","Clear","Dry","Dark","2.3","29.9","3328","57232","30.6","33%","34.5","","Opened","7.297","35","Safe","Windy","10.4","30","11.2","15.3","997.1","1008.4"
"2026-08-15","02:02:43","Clear","Dry","Dark","2.4","29.9","3328","57232","30.7","33%","34.6","","Opened","7.379","35","Safe","Windy","10.1","30","11.2","15.4","997.1","1008.4"
"2026-08-15","02:02:53","Clear","Dry","Dark","2.3","29.9","3328","57232","30.7","33%","34.6","","Opened","7.342","35","Safe","Windy","9.4","30","11.2","15.3","997.1","1008.4"
"2026-08-15","02:03:03","Clear","Dry","Dark","2.3","29.9","3328","57232","30.7","33%","34.6","","Opened","7.541","35","Safe","Windy","8.9","30","11.2","15.3","997.1","1008.4"
"2026-08-15","02:03:13","Clear","Dry","Dark","2.5","29.9","3328","57232","30.6","33%","34.6","","Opened","7.389","35","Safe","Calm","8.3","30","11.2","15.5","997.1","1008.3"
"2026-08-15","02:03:23","Clear","Dry","Dark","2.4","29.9","3328","57232","30.7","33%","34.6","","Opened","7.355","35","Safe","Calm","8.7","30","11.2","15.5","997.1","1008.3"
"2026-08-15","02:03:33","Clear","Dry","Dark","2.4","29.9","3328","57232","30.7","33%","34.5","","Opened","7.336","35","Safe","Windy","9.3","30","11.2","15.4","997.1","1008.4"
"2026-08-15","02:03:43","Clear","Dry","Dark","2.5","29.9","3328","57232","30.7","33%","34.5","","Opened","7.319","35","Safe","Windy","9.9","30","11.2","15.5","997.1","1008.4"
"2026-08-15","02:03:53","Clear","Dry","Dark","2.5","29.9","3328","57232","30.7","33%","34.4","","Opened","7.278","35","Safe","Windy","10.3","30","11.2","15.5","997.0","1008.3"
"2026-08-15","02:04:03","Clear","Dry","Dark","2.3","29.9","3328","57232","30.7","33%","34.4","","Opened","7.516","35","Safe","Windy","10.0","30","11.2","15.4","997.1","1008.3"
"2026-08-15","02:04:13","Clear","Dry","Dark","2.3","29.9","3328","57232","30.7","33%","34.4","","Opened","7.323","35","Safe","Windy","9.9","30","11.2","15.4","997.2","1008.5"
"2026-08-15","02:04:23","Clear","Dry","Dark","2.3","29.9","3328","57232","30.7","33%","34.4","","Opened","7.296","35","Safe","Windy","9.7","30","11.2","15.4","997.1","1008.4"
"2026-08-15","02:04:33","Clear","Dry","Dark","2.4","29.9","3328","57232","30.7","33%","34.4","","Opened","7.399","35","Safe","Windy","9.6","30","11.2","15.4","997.1","1008.3"
"2026-08-15","02:04:43","Clear","Dry","Dark","2.3","29.9","3328","57232","30.7","33%","34.4","","Opened","7.343","35","Safe","Windy","8.9","30","11.3","15.3","997.1","1008.4"
"2026-08-15","02:04:53","Clear","Dry","Dark","2.3","29.9","3328","57232","30.7","33%","34.4","","Opened","7.296","35","Safe","Calm","8.5","30","11.3","15.3","997.1","1008.4"
"2026-08-15","02:05:03","Clear","Dry","Dark","2.4","29.9","3328","57232","30.6","33%","34.4","","Opened","7.607","35","Safe","Calm","8.6","30","11.2","15.4","997.1","1008.3"
"2026-08-15","02:05:13","Clear","Dry","Dark","2.2","29.9","3328","57232","30.7","33%","34.4","","Opened","7.310","35","Safe","Calm","8.3","30","11.2","15.2","997.1","1008.4"
"2026-08-15","02:05:23","Clear","Dry","Dark","2.3","29.9","3328","57232","30.7","33%","34.4","","Opened","7.278","35","Safe","Calm","8.0","30","11.2","15.3","997.1","1008.4"
"2026-08-15","02:05:33","Clear","Dry","Dark","2.3","29.9","3328","57232","30.6","33%","34.5","","Opened","7.359","35","Safe","Calm","8.0","30","11.2","15.3","997.2","1008.5"
"2026-08-15","02:05:43","Clear","Dry","Dark","2.4","29.9","3328","57232","30.7","33%","34.5","","Opened","7.343","35","Safe","Windy","8.6","30","11.2","15.4","997.1","1008.4"
"2026-08-15","02:05:53","Clear","Dry","Dark","2.4","29.9","3328","57232","30.6","33%","34.5","","Opened","7.284","35","Safe","Windy","8.5","30","11.2","15.4","997.1","1008.4"
"2026-08-15","02:06:03","Clear","Dry","Dark","2.3","29.9","3328","57232","30.7","33%","34.5","","Opened","7.616","35","Safe","Windy","8.0","30","11.2","15.3","997.1","1008.4"
"2026-08-15","02:06:13","Clear","Dry","Dark","2.3","29.8","3328","57232","30.7","33%","34.5","","Opened","7.309","35","Safe","Windy","8.2","30","11.2","15.3","997.1","1008.4"
"2026-08-15","02:06:23","Clear","Dry","Dark","2.4","29.9","3328","57232","30.7","33%","34.5","","Opened","7.402","35","Safe","Windy","8.9","30","11.2","15.4","997.1","1008.4"
"2026-08-15","02:06:33","Clear","Dry","Dark","2.3","29.9","3328","57232","30.6","33%","34.5","","Opened","7.353","35","Safe","Windy","8.3","30","11.1","15.3","997.1","1008.4"
"2026-08-15","02:06:43","Clear","Dry","Dark","2.6","29.9","3328","57232","30.6","33%","34.5","","Opened","7.314","35","Safe","Windy","7.8","30","11.2","15.6","997.1","1008.4"
"2026-08-15","02:06:53","Clear","Dry","Dark","2.4","29.9","3328","57232","30.6","33%","34.6","","Opened","7.383","35","Safe","Windy","8.5","30","11.2","15.4","997.1","1008.4"
"2026-08-15","02:07:03","Clear","Dry","Dark","2.6","29.9","3328","57232","30.6","33%","34.6","","Opened","7.586","35","Safe","Windy","9.2","30","11.1","15.6","997.1","1008.4"
"2026-08-15","02:07:13","Clear","Dry","Dark","2.4","29.9","3328","57232","30.7","33%","34.5","","Opened","7.315","35","Safe","Windy","9.2","30","11.1","15.4","997.1","1008.3"
"2026-08-15","02:07:23","Clear","Dry","Dark","2.5","29.9","3328","57232","30.6","33%","34.6","","Opened","7.391","35","Safe","Windy","9.3","30","11.1","15.5","997.1","1008.4"
"2026-08-15","02:07:33","Clear","Dry","Dark","2.5","29.9","3328","57232","30.7","33%","34.5","","Opened","7.331","35","Safe","Windy","9.9","30","11.1","15.5","997.1","1008.4"
"2026-08-15","02:07:43","Clear","Dry","Dark","2.4","29.9","3328","57232","30.7","33%","34.5","","Opened","7.283","35","Safe","Windy","10.4","30","11.1","15.5","997.2","1008.5"
"2026-08-15","02:07:53","Clear","Dry","Dark","2.4","29.9","3328","57232","30.7","33%","34.5","","Opened","7.260","35","Safe","Windy","9.9","30","11.1","15.4","997.1","1008.4"
"2026-08-15","02:08:03","Clear","Dry","Dark","2.3","29.9","3328","57232","30.6","33%","34.5","","Opened","7.519","35","Safe","Windy","9.3","30","11.1","15.3","997.1","1008.4"
"2026-08-15","02:08:13","Clear","Dry","Dark","2.3","29.9","3328","57232","30.7","33%","34.5","","Opened","7.310","35","Safe","Windy","9.2","30","11.2","15.3","997.2","1008.5"
"2026-08-15","02:08:23","Clear","Dry","Dark","2.2","29.8","3328","57232","30.7","33%","34.6","","Opened","7.254","35","Safe","Windy","8.0","30","11.2","15.2","997.1","1008.4"
"2026-08-15","02:08:33","Clear","Dry","Dark","2.3","29.8","3328","57232","30.7","33%","34.6","","Opened","7.323","35","Safe","Windy","7.6","30","11.2","15.3","997.1","1008.4"
"2026-08-15","02:08:43","Clear","Dry","Dark","2.3","29.8","3328","57232","30.7","33%","34.6","","Opened","7.279","35","Safe","Calm","7.1","30","11.2","15.3","997.1","1008.4"
"2026-08-15","02:08:53","Clear","Dry","Dark","2.6","29.9","3328","57232","30.7","33%","34.5","","Opened","7.359","35","Safe","Windy","7.6","30","11.1","15.7","997.1","1008.4"
"2026-08-15","02:09:03","Clear","Dry","Dark","2.4","29.9","3328","57232","30.6","33%","34.5","","Opened","7.478","35","Safe","Windy","7.8","30","11.1","15.4","997.1","1008.4"
"2026-08-15","02:09:13","Clear","Dry","Dark","2.4","29.9","3328","57232","30.7","33%","34.5","","Opened","7.253","35","Safe","Windy","8.0","30","11.1","15.4","997.1","1008.4"
"2026-08-15","02:09:23","Clear","Dry","Dark","2.3","29.9","3328","57232","30.7","33%","34.5","","Opened","7.376","35","Safe","Windy","8.3","30","11.2","15.3","997.2","1008.5"
"2026-08-15","02:09:33","Clear","Dry","Dark","2.4","29.9","3328","57232","30.7","33%","34.5","","Opened","7.325","35","Safe","Windy","8.3","30","11.1","15.4","997.1","1008.4"
"2026-08-15","02:09:43","Clear","Dry","Dark","2.4","29.8","3328","57232","30.7","33%","34.5","","Opened","7.279","35","Safe","Windy","8.5","30","11.1","15.4","997.1","1008.4"
"2026-08-15","02:09:53","Clear","Dry","Dark","2.5","29.9","3328","57232","30.7","33%","34.5","","Opened","7.361","35","Safe","Calm","7.9","30","11.1","15.5","997.1","1008.4"
"2026-08-15","02:10:03","Clear","Dry","Dark","2.3","29.9","3328","57232","30.6","33%","34.5","","Opened","7.547","35","Safe","Calm","7.8","30","11.1","15.3","997.1","1008.4"
"2026-08-15","02:10:13","Clear","Dry","Dark","2.3","29.9","3328","57232","30.7","33%","34.5","","Opened","7.386","35","Safe","Calm","7.9","30","11.1","15.3","997.1","1008.3"
"2026-08-15","02:10:23","Clear","Dry","Dark","2.5","29.8","3328","57232","30.6","33%","34.5","","Opened","7.342","35","Safe","Windy","8.5","30","11.1","15.5","997.1","1008.4"
"2026-08-15","02:10:33","Clear","Dry","Dark","2.6","29.9","3328","57232","30.6","33%","34.5","","Opened","7.300","35","Safe","Windy","9.2","30","11.1","15.6","997.1","1008.4"
"2026-08-15","02:10:43","Clear","Dry","Dark","2.5","29.9","3328","57232","30.6","33%","34.4","","Opened","7.383","35","Safe","Windy","9.4","30","11.1","15.5","997.0","1008.3"
"2026-08-15","02:10:53","Clear","Dry","Dark","2.4","29.9","3328","57232","30.6","33%","34.4","","Opened","7.362","35","Safe","Windy","10.0","30","11.1","15.4","997.1","1008.3"
"2026-08-15","02:11:03","Clear","Dry","Dark","2.4","29.9","3328","57232","30.6","33%","34.4","","Opened","7.580","35","Safe","Windy","10.8","30","11.1","15.4","997.1","1008.3"
"2026-08-15","02:11:13","Clear","Dry","Dark","2.6","29.9","3328","57232","30.6","33%","34.4","","Opened","7.307","35","Safe","Windy","11.4","30","11.1","15.6","997.1","1008.3"
"2026-08-15","02:11:23","Clear","Dry","Dark","2.4","29.9","3328","57232","30.6","33%","34.4","","Opened","7.274","35","Safe","Windy","11.5","30","11.1","15.4","997.0","1008.3"
"2026-08-15","02:11:33","Clear","Dry","Dark","2.4","29.9","3328","57232","30.7","33%","34.3","Heating UP","Opened","7.484","35","Safe","Windy","11.8","30","11.1","15.4","997.0","1008.3"
"2026-08-15","02:11:43","Clear","Dry","Dark","2.6","30.0","3328","57232","30.6","34%","34.3","Heating UP","Opened","7.502","35","Safe","Windy","12.2","30","11.1","15.6","997.0","1008.3"
"2026-08-15","02:11:53","Clear","Dry","Dark","2.3","30.0","3328","57232","30.6","35%","34.3","Heating UP","Opened","7.514","35","Safe","Windy","11.4","30","11.0","15.3","997.0","1008.3"
"2026-08-15","02:12:03","Clear","Dry","Dark","2.3","30.0","3328","57232","30.7","36%","34.4","","Opened","7.509","35","Safe","Windy","10.6","30","11.1","15.3","997.1","1008.3"
"2026-08-15","02:12:13","Clear","Dry","Dark","2.4","29.9","3328","57232","30.7","36%","34.4","","Opened","7.277","35","Safe","Windy","10.1","30","11.1","15.4","997.1","1008.4"
"2026-08-15","02:12:23","Clear","Dry","Dark","2.5","29.9","3328","57232","30.6","36%","34.4","","Opened","7.347","35","Safe","Windy","9.7","30","11.1","15.5","997.0","1008.3"
"2026-08-15","02:12:33","Clear","Dry","Dark","2.5","29.9","3328","57232","30.6","36%","34.4","","Opened","7.313","35","Safe","Windy","9.4","30","11.1","15.5","997.0","1008.3"
"2026-08-15","02:12:43","Clear","Dry","Dark","2.6","29.9","3328","57232","30.6","36%","34.4","","Opened","7.426","35","Safe","Windy","9.7","30","11.0","15.6","997.1","1008.3"
"2026-08-15","02:12:53","Clear","Dry","Dark","2.4","30.0","3328","57232","30.6","36%","34.4","","Opened","7.368","35","Safe","Windy","10.6","30","11.0","15.4","996.9","1008.1"
"2026-08-15","02:13:03","Clear","Dry","Dark","2.5","30.0","3328","57232","30.6","36%","34.4","","Opened","7.633","35","Safe","Windy","11.0","30","11.0","15.5","997.0","1008.3"
"2026-08-15","02:13:13","Clear","Dry","Dark","2.4","30.0","3328","57232","30.6","36%","34.4","","Opened","7.305","35","Safe","Windy","11.1","30","11.0","15.4","997.1","1008.3"
"2026-08-15","02:13:23","Clear","Dry","Dark","2.3","30.0","3328","57232","30.6","36%","34.4","","Opened","7.283","35","Safe","Windy","10.7","30","11.1","15.3","997.1","1008.4"
"2026-08-15","02:13:33","Clear","Dry","Dark","2.4","30.0","3328","57232","30.6","36%","34.5","","Opened","7.369","35","Safe","Windy","10.3","30","11.1","15.4","997.0","1008.3"
"2026-08-15","02:13:43","Clear","Dry","Dark","2.4","30.0","3328","57232","30.7","36%","34.5","","Opened","7.361","35","Safe","Windy","9.6","30","11.1","15.4","997.1","1008.3"
"2026-08-15","02:13:53","Clear","Dry","Dark","2.3","30.0","3328","57232","30.7","36%","34.5","","Opened","7.326","35","Safe","Windy","9.0","30","11.1","15.3","997.1","1008.3"
"2026-08-15","02:14:03","Clear","Dry","Dark","2.4","29.9","3328","57232","30.6","36%","34.5","","Opened","7.520","35","Safe","Windy","9.2","30","11.1","15.4","997.1","1008.4"
"2026-08-15","02:14:13","Clear","Dry","Dark","2.3","29.9","3328","57232","30.6","36%","34.5","","Opened","7.355","35","Safe","Windy","8.6","30","11.1","15.3","997.1","1008.3"
"2026-08-15","02:14:23","Clear","Dry","Dark","2.4","29.9","3328","57232","30.6","36%","34.5","","Opened","7.300","35","Safe","Windy","9.0","30","11.1","15.4","997.1","1008.4"
"2026-08-15","02:14:33","Clear","Dry","Dark","2.4","29.9","3328","57232","30.7","36%","34.5","","Opened","7.285","35","Safe","Windy","8.9","30","11.1","15.4","997.1","1008.3"
"2026-08-15","02:14:43","Clear","Dry","Dark","2.3","29.9","3328","57232","30.6","36%","34.6","","Opened","7.365","35","Safe","Windy","8.2","30","11.1","15.3","997.0","1008.3"
"2026-08-15","02:14:53","Clear","Dry","Dark","2.6","29.9","3328","57232","30.6","36%","34.6","","Opened","7.321","35","Safe","Windy","8.5","30","11.1","15.5","997.1","1008.3"
"2026-08-15","02:15:03","Clear","Dry","Dark","2.4","29.9","3328","57232","30.6","36%","34.6","","Opened","7.504","35","Safe","Calm","8.2","30","11.1","15.4","997.1","1008.3"
"2026-08-15","02:15:13","Clear","Dry","Dark","2.4","29.9","3328","57232","30.6","36%","34.6","","Opened","7.364","35","Safe","Windy","8.7","30","11.0","15.3","997.1","1008.4"
"2026-08-15","02:15:23","Clear","Dry","Dark","2.5","29.9","3328","57232","30.6","36%","34.6","","Opened","7.310","35","Safe","Windy","9.3","30","11.1","15.4","996.9","1008.2"
"2026-08-15","02:15:33","Clear","Dry","Dark","2.4","29.9","3328","57232","30.6","36%","34.6","","Opened","7.273","35","Safe","Windy","9.7","30","11.0","15.4","997.1","1008.3"
"2026-08-15","02:15:43","Clear","Dry","Dark","2.7","29.9","3328","57232","30.6","36%","34.5","","Opened","7.419","35","Safe","Windy","11.4","30","11.1","15.7","997.0","1008.3"
"2026-08-15","02:15:53","Clear","Dry","Dark","2.6","30.0","3328","57232","30.6","36%","34.5","","Opened","7.376","35","Safe","Windy","11.7","30","11.0","15.5","996.9","1008.2"
"2026-08-15","02:16:03","Clear","Dry","Dark","2.4","30.0","3328","57232","30.6","36%","34.5","","Opened","7.554","35","Safe","Windy","11.7","30","11.1","15.3","997.1","1008.3"
"2026-08-15","02:16:13","Clear","Dry","Dark","2.4","30.0","3328","57232","30.6","36%","34.5","","Opened","7.286","35","Safe","Windy","11.4","30","11.1","15.4","997.0","1008.3"
"2026-08-15","02:16:23","Clear","Dry","Dark","2.7","30.0","3328","57232","30.6","36%","34.5","","Opened","7.374","35","Safe","Windy","11.3","30","11.1","15.7","997.1","1008.3"
"2026-08-15","02:16:33","Clear","Dry","Dark","2.6","30.0","3328","57232","30.6","36%","34.5","","Opened","7.319","35","Safe","Windy","11.3","30","11.0","15.6","997.0","1008.3"
"2026-08-15","02:16:43","Clear","Dry","Dark","2.5","30.0","3328","57232","30.6","36%","34.5","","Opened","7.293","35","Safe","Windy","10.4","30","11.0","15.5","996.9","1008.1"
"2026-08-15","02:16:53","Clear","Dry","Dark","2.4","30.0","3328","57232","30.6","36%","34.5","","Opened","7.416","35","Safe","Windy","9.7","30","11.1","15.4","997.1","1008.3"
"2026-08-15","02:17:03","Clear","Dry","Dark","2.3","30.0","3328","57232","30.6","36%","34.5","","Opened","7.529","35","Safe","Windy","9.4","30","11.1","15.3","997.0","1008.3"
"2026-08-15","02:17:13","Clear","Dry","Dark","2.3","30.0","3328","57232","30.7","36%","34.6","","Opened","7.296","35","Safe","Windy","9.7","30","11.1","15.3","997.0","1008.3"
"2026-08-15","02:17:23","Clear","Dry","Dark","2.4","30.0","3328","57232","30.6","36%","34.6","","Opened","7.369","35","Safe","Windy","9.3","30","11.1","15.4","997.1","1008.3"
"2026-08-15","02:17:33","Clear","Dry","Dark","2.5","29.9","3328","57232","30.6","36%","34.6","","Opened","7.338","35","Safe","Windy","9.2","30","11.1","15.5","997.0","1008.3"
"2026-08-15","02:17:43","Clear","Dry","Dark","2.5","29.9","3328","57232","30.6","36%","34.6","","Opened","7.298","35","Safe","Windy","9.0","30","11.1","15.5","997.1","1008.3"
"2026-08-15","02:17:53","Clear","Dry","Dark","2.5","29.9","3328","57232","30.6","36%","34.6","","Opened","7.295","35","Safe","Windy","9.3","30","11.0","15.5","997.1","1008.3"
"2026-08-15","02:18:03","Clear","Dry","Dark","2.4","29.9","3328","57232","30.6","36%","34.6","","Opened","7.557","35","Safe","Windy","9.9","30","11.0","15.4","997.0","1008.3"
"2026-08-15","02:18:13","Clear","Dry","Dark","2.4","29.9","3328","57232","30.6","36%","34.6","","Opened","7.334","35","Safe","Windy","9.3","30","11.0","15.4","997.0","1008.3"
"2026-08-15","02:18:23","Clear","Dry","Dark","2.4","30.0","3328","57232","30.6","36%","34.6","","Opened","7.293","35","Safe","Windy","9.6","30","11.0","15.4","997.0","1008.3"
"2026-08-15","02:18:33","Clear","Dry","Dark","2.3","29.9","3328","57232","30.6","36%","34.6","","Opened","7.382","35","Safe","Windy","9.2","30","11.1","15.3","997.0","1008.3"
"2026-08-15","02:18:43","Clear","Dry","Dark","2.5","29.9","3328","57232","30.6","36%","34.6","","Opened","7.368","35","Safe","Windy","9.0","30","11.0","15.5","997.0","1008.3"
"2026-08-15","02:18:53","Clear","Dry","Dark","2.4","29.9","3328","57232","30.6","36%","34.6","","Opened","7.339","35","Safe","Windy","9.0","30","11.0","15.4","997.1","1008.3"
"2026-08-15","02:19:03","Clear","Dry","Dark","2.4","29.9","3328","57232","30.6","36%","34.5","","Opened","7.475","35","Safe","Windy","8.9","30","11.1","15.4","997.0","1008.3"
"2026-08-15","02:19:13","Clear","Dry","Dark","2.3","29.9","3328","57232","30.6","36%","34.5","","Opened","7.272","35","Safe","Windy","9.2","30","11.0","15.3","997.0","1008.3"
"2026-08-15","02:19:23","Clear","Dry","Dark","2.3","29.9","3328","57232","30.6","36%","34.6","","Opened","7.359","35","Safe","Calm","8.7","30","11.0","15.3","996.9","1008.2"
"2026-08-15","02:19:33","Clear","Dry","Dark","2.5","29.9","3328","57232","30.6","36%","34.6","","Opened","7.311","35","Safe","Calm","9.2","30","11.1","15.4","997.0","1008.3"
"2026-08-15","02:19:43","Clear","Dry","Dark","2.6","29.9","3328","57232","30.6","36%","34.6","","Opened","7.264","35","Safe","Calm","9.2","30","11.1","15.5","997.0","1008.3"
"2026-08-15","02:19:53","Clear","Dry","Dark","2.6","29.9","3328","57232","30.6","36%","34.6","","Opened","7.374","35","Safe","Windy","9.4","30","11.0","15.6","997.0","1008.3"
"2026-08-15","02:20:03","Clear","Dry","Dark","2.6","29.9","3328","57232","30.6","36%","34.6","","Opened","7.579","35","Safe","Windy","9.3","30","11.0","15.6","996.9","1008.2"
"2026-08-15","02:20:13","Clear","Dry","Dark","2.3","29.9","3328","57232","30.6","36%","34.6","","Opened","7.311","35","Safe","Windy","9.0","30","11.0","15.3","997.0","1008.3"
"2026-08-15","02:20:23","Clear","Dry","Dark","2.5","29.9","3328","57232","30.6","36%","34.6","","Opened","7.288","35","Safe","Windy","9.2","30","11.1","15.5","997.0","1008.3"
"2026-08-15","02:20:33","Clear","Dry","Dark","2.4","29.9","3328","57232","30.6","36%","34.6","","Opened","7.277","35","Safe","Windy","9.0","30","11.0","15.4","997.0","1008.3"
"2026-08-15","02:20:43","Clear","Dry","Dark","2.3","29.9","3328","57232","30.6","36%","34.6","","Opened","7.341","35","Safe","Windy","9.0","30","11.0","15.3","997.1","1008.3"
"2026-08-15","02:20:53","Clear","Dry","Dark","2.6","29.9","3328","57232","30.6","36%","34.6","","Opened","7.289","35","Safe","Windy","9.2","30","11.1","15.6","997.1","1008.3"
"2026-08-15","02:21:03","Clear","Dry","Dark","2.4","29.9","3328","57232","30.6","36%","34.6","","Opened","7.601","35","Safe","Windy","9.0","30","11.0","15.4","996.9","1008.2"
"2026-08-15","02:21:13","Clear","Dry","Dark","2.4","29.9","3328","57232","30.6","36%","34.6","","Opened","7.326","35","Safe","Windy","9.4","30","11.1","15.4","996.9","1008.2"
"2026-08-15","02:21:23","Clear","Dry","Dark","2.5","29.9","3328","57232","30.6","36%","34.6","","Opened","7.265","35","Safe","Windy","9.6","30","11.1","15.5","997.0","1008.3"
"2026-08-15","02:21:33","Clear","Dry","Dark","2.4","29.9","3328","57232","30.6","36%","34.6","","Opened","7.349","35","Safe","Windy","9.6","30","11.1","15.4","997.0","1008.3"
"2026-08-15","02:21:43","Clear","Dry","Dark","2.4","29.9","3328","57232","30.6","36%","34.6","","Opened","7.295","35","Safe","Windy","9.6","30","11.1","15.4","997.0","1008.3"
"2026-08-15","02:21:53","Clear","Dry","Dark","2.3","29.9","3328","57232","30.6","36%","34.6","","Opened","7.381","35","Safe","Calm","9.2","30","11.1","15.3","997.1","1008.3"
"2026-08-15","02:22:03","Clear","Dry","Dark","2.5","29.9","3328","57232","30.6","36%","34.5","","Opened","7.536","35","Safe","Calm","9.3","30","11.1","15.5","997.0","1008.3"
"2026-08-15","02:22:13","Clear","Dry","Dark","2.4","29.9","3328","57232","30.6","36%","34.6","","Opened","7.279","35","Safe","Calm","9.0","30","11.1","15.3","996.9","1008.2"
"2026-08-15","02:22:23","Clear","Dry","Dark","2.3","29.9","3328","57232","30.6","36%","34.7","","Opened","7.369","35","Safe","Calm","8.6","30","11.1","15.3","997.0","1008.3"
"2026-08-15","02:22:33","Clear","Dry","Dark","2.5","29.8","3328","57232","30.6","36%","34.7","","Opened","7.349","35","Safe","Calm","8.3","30","11.1","15.4","997.1","1008.3"
"2026-08-15","02:22:43","Clear","Dry","Dark","2.7","29.9","3328","57232","30.6","36%","34.7","","Opened","7.294","35","Safe","Windy","8.6","30","11.0","15.7","996.9","1008.2"
"2026-08-15","02:22:53","Clear","Dry","Dark","2.5","29.9","3328","57232","30.6","36%","34.6","","Opened","7.365","35","Safe","Windy","8.6","30","11.1","15.5","996.9","1008.2"
"2026-08-15","02:23:03","Clear","Dry","Dark","2.3","29.9","3328","57232","30.6","36%","34.7","","Opened","7.502","35","Safe","Windy","8.3","30","11.0","15.3","997.0","1008.3"
"2026-08-15","02:23:13","Clear","Dry","Dark","2.4","29.9","3328","57232","30.6","36%","34.7","","Opened","7.389","35","Safe","Windy","8.3","30","11.1","15.3","997.1","1008.3"
"2026-08-15","02:23:23","Clear","Dry","Dark","2.3","29.9","3328","57232","30.6","36%","34.7","","Opened","7.330","35","Safe","Windy","8.3","30","11.1","15.2","997.0","1008.3"
"2026-08-15","02:23:33","Clear","Dry","Dark","2.5","29.8","3328","57232","30.6","36%","34.7","","Opened","7.279","35","Safe","Windy","8.6","30","11.1","15.5","997.0","1008.3"
"2026-08-15","02:23:43","Clear","Dry","Dark","2.5","29.8","3328","57232","30.6","36%","34.7","","Opened","7.351","35","Safe","Calm","7.9","30","11.1","15.5","997.0","1008.3"
"2026-08-15","02:23:53","Clear","Dry","Dark","2.5","29.8","3328","57232","30.6","36%","34.8","","Opened","7.323","35","Safe","Calm","7.3","30","11.0","15.5","997.0","1008.3"
"2026-08-15","02:24:03","Clear","Dry","Dark","2.5","29.8","3328","57232","30.6","36%","34.8","","Opened","7.529","35","Safe","Calm","7.2","30","11.0","15.4","997.1","1008.3"
"2026-08-15","02:24:13","Clear","Dry","Dark","2.6","29.8","3328","57232","30.6","36%","34.8","","Opened","7.261","35","Safe","Calm","7.2","30","11.0","15.5","997.0","1008.3"
"2026-08-15","02:24:23","Clear","Dry","Dark","2.5","29.8","3328","57232","30.6","36%","34.8","","Opened","7.354","35","Safe","Calm","7.1","30","11.0","15.5","997.0","1008.3"
"2026-08-15","02:24:33","Clear","Dry","Dark","2.6","29.8","3328","57232","30.6","36%","34.8","","Opened","7.302","35","Safe","Calm","6.9","30","11.1","15.5","997.0","1008.3"
"2026-08-15","02:24:43","Clear","Dry","Dark","2.7","29.8","3328","57232","30.6","36%","34.8","","Opened","7.403","35","Safe","Calm","7.2","30","11.1","15.7","997.0","1008.3"
"2026-08-15","02:24:53","Clear","Dry","Dark","2.7","29.8","3328","57232","30.6","36%","34.8","","Opened","7.347","35","Safe","Calm","7.8","30","11.1","15.7","996.9","1008.2"
"2026-08-15","02:25:03","Clear","Dry","Dark","2.6","29.9","3328","57232","30.6","36%","34.8","","Opened","7.589","35","Safe","Calm","8.0","30","11.0","15.6","997.0","1008.3"
"2026-08-15","02:25:13","Clear","Dry","Dark","2.6","29.8","3328","57232","30.6","36%","34.8","","Opened","7.284","35","Safe","Calm","8.0","30","11.0","15.5","997.1","1008.4"
"2026-08-15","02:25:23","Clear","Dry","Dark","2.6","29.9","3328","57232","30.6","36%","34.8","","Opened","7.367","35","Safe","Windy","8.7","30","11.0","15.5","996.9","1008.2"
"2026-08-15","02:25:33","Clear","Dry","Dark","2.4","29.9","3328","57232","30.6","36%","34.8","","Opened","7.311","35","Safe","Windy","8.7","30","11.0","15.4","997.0","1008.3"
"2026-08-15","02:25:43","Clear","Dry","Dark","2.5","29.9","3328","57232","30.6","36%","34.8","","Opened","7.266","35","Safe","Windy","8.6","30","11.0","15.4","997.0","1008.3"
"2026-08-15","02:25:53","Clear","Dry","Dark","2.6","29.9","3328","57232","30.6","36%","34.8","","Opened","7.426","35","Safe","Windy","8.2","30","11.1","15.5","997.0","1008.3"
"2026-08-15","02:26:03","Clear","Dry","Dark","2.5","29.9","3328","57232","30.6","36%","34.8","","Opened","7.586","35","Safe","Windy","8.2","30","11.1","15.5","997.0","1008.3"
"2026-08-15","02:26:13","Clear","Dry","Dark","2.5","29.9","3328","57232","30.6","36%","34.8","","Opened","7.336","35","Safe","Windy","8.3","30","11.0","15.4","996.9","1008.2"
"2026-08-15","02:26:23","Clear","Dry","Dark","2.7","29.9","3328","57232","30.6","36%","34.8","","Opened","7.300","35","Safe","Calm","8.2","30","11.1","15.7","996.9","1008.2"
"2026-08-15","02:26:33","Clear","Dry","Dark","2.5","29.9","3328","57232","30.6","36%","34.8","","Opened","7.368","35","Safe","Calm","8.2","30","11.1","15.4","996.9","1008.2"
"2026-08-15","02:26:43","Clear","Dry","Dark","2.5","29.9","3328","57232","30.6","36%","34.8","","Opened","7.356","35","Safe","Calm","8.0","30","11.1","15.4","997.1","1008.3"
"2026-08-15","02:26:53","Clear","Dry","Dark","2.4","29.9","3328","57232","30.6","36%","34.8","","Opened","7.306","35","Safe","Calm","7.9","30","11.1","15.3","997.0","1008.3"
"2026-08-15","02:27:03","Clear","Dry","Dark","2.3","29.9","3328","57232","30.6","36%","35.0","Heating DOWN","Opened","7.736","35","Safe","Calm","7.2","30","11.1","15.3","997.0","1008.3"
"2026-08-15","02:27:13","Clear","Dry","Dark","2.2","29.9","3328","57232","30.7","35%","35.1","Heating DOWN","Opened","7.405","35","Safe","Calm","5.7","30","11.1","15.2","996.9","1008.2"
"2026-08-15","02:27:23","Clear","Dry","Dark","2.6","29.9","3328","57232","30.6","34%","35.2","Heating DOWN","Opened","7.412","35","Safe","Calm","5.4","30","11.1","15.6","997.1","1008.3"
"2026-08-15","02:27:33","Clear","Dry","Dark","2.5","29.9","3328","57232","30.7","32%","35.1","","Opened","7.291","35","Safe","Calm","5.2","30","11.1","15.5","997.0","1008.3"
"2026-08-15","02:27:43","Clear","Dry","Dark","2.6","29.9","3328","57232","30.6","32%","35.1","Heating DOWN","Opened","7.521","35","Safe","Calm","5.0","30","11.1","15.6","997.0","1008.3"
"2026-08-15","02:27:53","Clear","Dry","Dark","2.3","29.9","3328","57232","30.6","31%","35.1","Heating DOWN","Opened","7.387","35","Safe","Calm","4.9","30","11.1","15.3","997.0","1008.3"
"2026-08-15","02:28:03","Clear","Dry","Dark","2.5","29.8","3328","57232","30.6","30%","35.1","Heating DOWN","Opened","7.726","35","Safe","Calm","5.4","30","11.1","15.5","996.9","1008.2"
"2026-08-15","02:28:13","Clear","Dry","Dark","2.4","29.8","3328","57232","30.7","29%","35.1","Heating DOWN","Opened","7.538","35","Safe","Calm","6.5","30","11.1","15.4","997.1","1008.3"
"2026-08-15","02:28:23","Clear","Dry","Dark","2.4","29.8","3328","57232","30.7","28%","35.1","Heating DOWN","Opened","7.416","35","Safe","Calm","6.2","30","11.1","15.4","996.9","1008.2"
"2026-08-15","02:28:33","Clear","Dry","Dark","2.2","29.8","3328","57232","30.6","27%","35.1","Heating DOWN","Opened","7.407","35","Safe","Calm","6.1","30","11.1","15.2","996.9","1008.2"
"2026-08-15","02:28:43","Clear","Dry","Dark","2.3","29.8","3328","57232","30.7","26%","35.0","","Opened","7.284","35","Safe","Calm","5.9","30","11.1","15.4","997.1","1008.3"
"2026-08-15","02:28:53","Clear","Dry","Dark","2.3","29.7","3328","57232","30.7","26%","34.8","","Opened","7.374","35","Safe","Calm","6.1","30","11.1","15.3","997.0","1008.3"
"2026-08-15","02:29:03","Clear","Dry","Dark","2.3","29.7","3328","57232","30.6","26%","34.8","","Opened","7.539","35","Safe","Calm","5.8","30","11.1","15.3","996.9","1008.2"
"2026-08-15","02:29:13","Clear","Dry","Dark","2.4","29.7","3328","57232","30.7","26%","34.7","","Opened","7.304","35","Safe","Calm","5.9","30","11.1","15.4","997.0","1008.3"
"2026-08-15","02:29:23","Clear","Dry","Dark","2.7","29.7","3328","57232","30.6","26%","34.6","","Opened","7.387","35","Safe","Calm","6.5","30","11.1","15.7","996.9","1008.2"
"2026-08-15","02:29:33","Clear","Dry","Dark","2.6","29.8","3328","57232","30.6","26%","34.5","","Opened","7.351","35","Safe","Calm","7.2","30","11.1","15.6","997.0","1008.3"
"2026-08-15","02:29:43","Clear","Dry","Dark","2.4","29.8","3328","57232","30.6","26%","34.5","","Opened","7.337","35","Safe","Calm","7.2","30","11.1","15.4","996.8","1008.1"
"2026-08-15","02:29:53","Clear","Dry","Dark","2.3","29.8","3328","57232","30.6","26%","34.5","","Opened","7.293","35","Safe","Calm","7.2","30","11.1","15.3","996.9","1008.2"
"2026-08-15","02:30:03","Clear","Dry","Dark","2.3","29.7","3328","57232","30.6","26%","34.5","","Opened","7.546","35","Safe","Calm","7.5","30","11.1","15.3","996.9","1008.2"
"2026-08-15","02:30:13","Clear","Dry","Dark","2.3","29.7","3328","57232","30.6","26%","34.5","","Opened","7.341","35","Safe","Calm","7.2","30","11.1","15.3","997.0","1008.3"
"2026-08-15","02:30:23","Clear","Dry","Dark","2.2","29.7","3328","57232","30.7","26%","34.5","","Opened","7.274","35","Safe","Calm","6.2","30","11.2","15.2","996.9","1008.2"
"2026-08-15","02:30:33","Clear","Dry","Dark","2.4","29.7","3328","57232","30.6","26%","34.5","","Opened","7.380","35","Safe","Calm","5.4","30","11.1","15.3","997.0","1008.3"
"2026-08-15","02:30:43","Clear","Dry","Dark","2.4","29.7","3328","57232","30.6","26%","34.4","","Opened","7.347","35","Safe","Calm","5.2","30","11.1","15.3","997.0","1008.3"
"2026-08-15","02:30:53","Clear","Dry","Dark","2.4","29.7","3328","57232","30.6","26%","34.4","","Opened","7.307","35","Safe","Calm","5.4","30","11.1","15.4","996.9","1008.2"
"2026-08-15","02:31:03","Clear","Dry","Dark","2.3","29.7","3328","57232","30.6","26%","34.4","","Opened","7.548","35","Safe","Calm","5.1","30","11.1","15.3","996.9","1008.2"
"2026-08-15","02:31:13","Clear","Dry","Dark","2.3","29.7","3328","57232","30.6","26%","34.4","","Opened","7.335","35","Safe","Calm","5.1","30","11.1","15.3","996.9","1008.1"
"2026-08-15","02:31:23","Clear","Dry","Dark","2.3","29.6","3328","57232","30.6","26%","34.4","","Opened","7.299","35","Safe","Calm","5.5","30","11.1","15.3","997.1","1008.3"
"2026-08-15","02:31:33","Clear","Dry","Dark","2.3","29.7","3328","57232","30.6","26%","34.4","","Opened","7.410","35","Safe","Calm","5.5","30","11.2","15.2","997.0","1008.3"
"2026-08-15","02:31:43","Clear","Dry","Dark","2.4","29.6","3328","57232","30.6","26%","34.4","","Opened","7.358","35","Safe","Calm","5.7","30","11.1","15.4","997.0","1008.3"
"2026-08-15","02:31:53","Clear","Dry","Dark","2.5","29.6","3328","57232","30.6","26%","34.4","","Opened","7.307","35","Safe","Windy","6.8","30","11.2","15.5","996.9","1008.2"
"2026-08-15","02:32:03","Clear","Dry","Dark","2.3","29.7","3328","57232","30.6","26%","34.3","Heating UP","Opened","7.551","35","Safe","Windy","6.9","30","11.1","15.3","996.9","1008.2"
"2026-08-15","02:32:13","Clear","Dry","Dark","2.3","29.6","3328","57232","30.6","27%","34.3","Heating UP","Opened","7.397","35","Safe","Windy","6.9","30","11.1","15.3","997.1","1008.3"
"2026-08-15","02:32:23","Clear","Dry","Dark","2.3","29.6","3328","57232","30.6","28%","34.3","Heating UP","Opened","7.392","35","Safe","Windy","6.8","30","11.2","15.3","997.0","1008.3"
"2026-08-15","02:32:33","Clear","Dry","Dark","2.3","29.6","3328","57232","30.6","29%","34.3","Heating UP","Opened","7.395","35","Safe","Windy","7.1","30","11.1","15.3","997.2","1008.5"
"2026-08-15","02:32:43","Clear","Dry","Dark","2.4","29.6","3328","57232","30.6","30%","34.3","","Opened","7.257","35","Safe","Windy","7.2","30","11.1","15.3","996.9","1008.2"
"2026-08-15","02:32:53","Clear","Dry","Dark","2.3","29.6","3328","57232","30.6","30%","34.3","","Opened","7.335","35","Safe","Calm","5.9","30","11.2","15.3","996.9","1008.2"
"2026-08-15","02:33:03","Clear","Dry","Dark","2.4","29.6","3328","57232","30.6","30%","34.4","","Opened","7.524","35","Safe","Calm","5.7","30","11.2","15.4","996.9","1008.2"
"2026-08-15","02:33:13","Clear","Dry","Dark","2.4","29.6","3328","57232","30.6","30%","34.4","","Opened","7.254","35","Safe","Calm","5.5","30","11.2","15.3","997.1","1008.3"
"2026-08-15","02:33:23","Clear","Dry","Dark","2.6","29.6","3328","57232","30.6","30%","34.4","","Opened","7.313","35","Safe","Calm","5.9","30","11.2","15.5","996.9","1008.2"
"2026-08-15","02:33:33","Clear","Dry","Dark","2.3","29.6","3328","57232","30.6","30%","34.4","","Opened","7.393","35","Safe","Calm","5.8","30","11.2","15.2","996.9","1008.2"
"2026-08-15","02:33:43","Clear","Dry","Dark","2.4","29.6","3328","57232","30.6","30%","34.4","","Opened","7.337","35","Safe","Calm","5.9","30","11.2","15.4","996.9","1008.2"
"2026-08-15","02:33:53","Clear","Dry","Dark","2.5","29.6","3328","57232","30.6","30%","34.4","","Opened","7.280","35","Safe","Calm","6.2","30","11.2","15.5","996.9","1008.2"
"2026-08-15","02:34:03","Clear","Dry","Dark","2.3","29.6","3328","57232","30.6","30%","34.4","","Opened","7.589","35","Safe","Calm","6.4","30","11.2","15.3","997.0","1008.3"
"2026-08-15","02:34:13","Clear","Dry","Dark","2.6","29.6","3328","57232","30.5","30%","34.5","","Opened","7.348","35","Safe","Calm","6.9","30","11.2","15.6","996.9","1008.2"
"2026-08-15","02:34:23","Clear","Dry","Dark","2.4","29.6","3327","57232","30.6","30%","34.4","","Opened","7.313","35","Safe","Calm","7.2","30","11.2","15.4","996.9","1008.2"
"2026-08-15","02:34:33","Clear","Dry","Dark","2.5","29.6","3328","57232","30.6","30%","34.4","","Opened","7.297","35","Safe","Windy","8.0","30","11.2","15.5","996.9","1008.2"
"2026-08-15","02:34:43","Clear","Dry","Dark","2.4","29.7","3328","57232","30.6","30%","34.4","","Opened","7.395","35","Safe","Windy","7.9","30","11.2","15.4","996.9","1008.2"
"2026-08-15","02:34:53","Clear","Dry","Dark","2.4","29.6","3328","57232","30.6","30%","34.4","","Opened","7.357","35","Safe","Windy","7.8","30","11.2","15.3","996.9","1008.2"
"2026-08-15","02:35:03","Clear","Dry","Dark","2.4","29.6","3328","57232","30.6","30%","34.4","","Opened","7.534","35","Safe","Windy","8.2","30","11.2","15.4","996.9","1008.2"
"2026-08-15","02:35:13","Clear","Dry","Dark","2.6","29.7","3328","57232","30.6","30%","34.4","","Opened","7.308","35","Safe","Windy","8.2","30","11.2","15.5","996.9","1008.2"
"2026-08-15","02:35:23","Clear","Dry","Dark","2.5","29.7","3328","57232","30.6","30%","34.4","","Opened","7.283","35","Safe","Windy","7.8","30","11.2","15.4","996.9","1008.2"
"2026-08-15","02:35:33","Clear","Dry","Dark","2.4","29.7","3328","57232","30.6","30%","34.4","","Opened","7.357","35","Safe","Calm","6.9","30","11.2","15.4","996.9","1008.2"
"2026-08-15","02:35:43","Clear","Dry","Dark","2.3","29.7","3328","57232","30.6","30%","34.5","","Opened","7.305","35","Safe","Calm","6.6","30","11.2","15.3","996.9","1008.2"
"2026-08-15","02:35:53","Clear","Dry","Dark","2.4","29.6","3328","57232","30.6","30%","34.5","","Opened","7.285","35","Safe","Calm","6.9","30","11.2","15.4","997.0","1008.3"
"2026-08-15","02:36:03","Clear","Dry","Dark","2.4","29.7","3328","57232","30.6","30%","34.5","","Opened","7.525","35","Safe","Calm","6.6","30","11.2","15.4","996.9","1008.2"
"2026-08-15","02:36:13","Clear","Dry","Dark","2.2","29.7","3328","57232","30.6","30%","34.5","","Opened","7.327","35","Safe","Calm","6.1","30","11.3","15.2","996.9","1008.2"
"2026-08-15","02:36:23","Clear","Dry","Dark","2.4","29.7","3328","57232","30.6","30%","34.5","","Opened","7.312","35","Safe","Calm","6.2","30","11.2","15.4","996.9","1008.2"
"2026-08-15","02:36:33","Clear","Dry","Dark","2.6","29.6","3328","57232","30.6","30%","34.5","","Opened","7.380","35","Safe","Calm","6.9","30","11.2","15.5","996.9","1008.2"
"2026-08-15","02:36:43","Clear","Dry","Dark","2.5","29.7","3328","57232","30.6","30%","34.4","","Opened","7.336","35","Safe","Calm","7.5","30","11.2","15.5","996.9","1008.2"
"2026-08-15","02:36:53","Clear","Dry","Dark","2.5","29.7","3328","57232","30.6","30%","34.5","","Opened","7.333","35","Safe","Calm","7.2","30","11.2","15.4","997.0","1008.3"
"2026-08-15","02:37:03","Clear","Dry","Dark","2.3","29.7","3328","57232","30.6","30%","34.5","","Opened","7.505","35","Safe","Calm","7.1","30","11.2","15.3","996.9","1008.2"
"2026-08-15","02:37:13","Clear","Dry","Dark","2.4","29.7","3328","57232","30.6","30%","34.5","","Opened","7.391","35","Safe","Calm","7.5","30","11.2","15.4","997.0","1008.3"
"2026-08-15","02:37:23","Clear","Dry","Dark","2.4","29.7","3328","57232","30.6","30%","34.5","","Opened","7.369","35","Safe","Calm","7.2","30","11.3","15.4","997.0","1008.3"
"2026-08-15","02:37:33","Clear","Dry","Dark","2.7","29.6","3328","57232","30.6","30%","34.6","","Opened","7.304","35","Safe","Calm","7.2","30","11.2","15.7","996.9","1008.2"
"2026-08-15","02:37:43","Clear","Dry","Dark","2.8","29.7","3328","57232","30.6","30%","34.5","","Opened","7.380","35","Safe","Calm","7.5","30","11.2","15.8","997.0","1008.3"
"2026-08-15","02:37:53","Clear","Dry","Dark","2.4","29.7","3328","57232","30.6","30%","34.5","","Opened","7.324","35","Safe","Calm","7.5","30","11.2","15.4","997.1","1008.3"
"2026-08-15","02:38:03","Clear","Dry","Dark","2.3","29.7","3328","57232","30.6","30%","34.5","","Opened","7.490","35","Safe","Calm","7.3","30","11.2","15.3","996.9","1008.2"
"2026-08-15","02:38:13","Clear","Dry","Dark","2.4","29.7","3328","57232","30.6","30%","34.5","","Opened","7.375","35","Safe","Calm","6.9","30","11.2","15.4","997.0","1008.3"
"2026-08-15","02:38:23","Clear","Dry","Dark","2.3","29.7","3328","57232","30.6","30%","34.6","","Opened","7.314","35","Safe","Calm","6.9","30","11.3","15.3","996.9","1008.2"
"2026-08-15","02:38:33","Clear","Dry","Dark","2.5","29.6","3328","57232","30.6","30%","34.6","","Opened","7.270","35","Safe","Calm","6.5","30","11.3","15.5","996.9","1008.2"
"2026-08-15","02:38:43","Clear","Dry","Dark","2.4","29.7","3328","57232","30.6","30%","34.5","","Opened","7.353","35","Safe","Calm","5.9","30","11.3","15.4","996.9","1008.2"
"2026-08-15","02:38:53","Clear","Dry","Dark","2.4","29.7","3328","57232","30.6","30%","34.5","","Opened","7.362","35","Safe","Calm","5.9","30","11.2","15.4","996.9","1008.2"
"2026-08-15","02:39:03","Clear","Dry","Dark","2.2","29.6","3328","57232","30.6","30%","34.6","","Opened","7.605","35","Safe","Calm","5.9","30","11.3","15.2","996.9","1008.1"
"2026-08-15","02:39:13","Clear","Dry","Dark","2.3","29.6","3328","57232","30.6","30%","34.7","","Opened","7.280","35","Safe","Calm","5.8","30","11.3","15.3","996.9","1008.2"
"2026-08-15","02:39:23","Clear","Dry","Dark","2.2","29.6","3328","57232","30.6","30%","34.7","","Opened","7.367","35","Safe","Calm","5.4","30","11.3","15.2","997.0","1008.3"
"2026-08-15","02:39:33","Clear","Dry","Dark","2.3","29.5","3328","57232","30.6","30%","34.7","","Opened","7.325","35","Safe","Calm","4.8","30","11.3","15.3","997.0","1008.3"
"2026-08-15","02:39:43","Clear","Dry","Dark","2.3","29.5","3328","57232","30.6","30%","34.7","","Opened","7.268","35","Safe","Calm","4.7","30","11.3","15.2","996.9","1008.2"
"2026-08-15","02:39:53","Clear","Dry","Dark","2.3","29.5","3328","57232","30.6","30%","34.7","","Opened","7.363","35","Safe","Calm","4.5","30","11.3","15.3","996.9","1008.2"
"2026-08-15","02:40:03","Clear","Dry","Dark","2.3","29.5","3328","57232","30.6","30%","34.7","","Opened","7.559","35","Safe","Calm","4.8","30","11.3","15.3","997.0","1008.3"
"2026-08-15","02:40:13","Clear","Dry","Dark","2.2","29.5","3328","57232","30.6","30%","34.7","","Opened","7.293","35","Safe","Calm","5.1","30","11.3","15.2","996.9","1008.2"
"2026-08-15","02:40:23","Clear","Dry","Dark","2.5","29.5","3328","57232","30.6","30%","34.7","","Opened","7.364","35","Safe","Calm","5.5","30","11.3","15.5","996.9","1008.2"
"2026-08-15","02:40:33","Clear","Dry","Dark","2.4","29.5","3328","57232","30.6","30%","34.7","","Opened","7.312","35","Safe","Calm","5.9","30","11.2","15.4","997.1","1008.3"
"2026-08-15","02:40:43","Clear","Dry","Dark","2.6","29.5","3328","57232","30.6","30%","34.7","","Opened","7.393","35","Safe","Calm","6.1","30","11.2","15.6","997.0","1008.3"
"2026-08-15","02:40:53","Clear","Dry","Dark","2.3","29.5","3328","57232","30.6","30%","34.6","","Opened","7.340","35","Safe","Calm","6.1","30","11.2","15.3","997.1","1008.3"
"2026-08-15","02:41:03","Clear","Dry","Dark","2.7","29.5","3328","57232","30.6","30%","34.7","","Opened","7.508","35","Safe","Calm","6.5","30","11.2","15.7","996.9","1008.2"
"2026-08-15","02:41:13","Clear","Dry","Dark","2.5","29.6","3328","57232","30.6","30%","34.6","","Opened","7.380","35","Safe","Calm","6.8","30","11.2","15.5","997.0","1008.3"
"2026-08-15","02:41:23","Clear","Dry","Dark","2.4","29.6","3328","57232","30.6","30%","34.6","","Opened","7.336","35","Safe","Calm","6.6","30","11.2","15.3","996.9","1008.1"
"2026-08-15","02:41:33","Clear","Dry","Dark","2.3","29.6","3328","57232","30.6","30%","34.6","","Opened","7.298","35","Safe","Calm","6.2","30","11.2","15.3","996.9","1008.2"
"2026-08-15","02:41:43","Clear","Dry","Dark","2.3","29.6","3328","57232","30.6","30%","34.6","","Opened","7.379","35","Safe","Calm","5.9","30","11.3","15.3","996.9","1008.2"
"2026-08-15","02:41:53","Clear","Dry","Dark","2.3","29.5","3328","57232","30.6","30%","34.7","","Opened","7.316","35","Safe","Calm","5.8","30","11.2","15.3","996.9","1008.2"
"2026-08-15","02:42:03","Clear","Dry","Dark","2.4","29.5","3328","57232","30.6","30%","34.6","","Opened","7.503","35","Safe","Calm","5.2","30","11.2","15.4","996.9","1008.2"
"2026-08-15","02:42:13","Clear","Dry","Dark","2.4","29.5","3328","57232","30.6","30%","34.6","","Opened","7.372","35","Safe","Calm","5.1","30","11.2","15.4","996.9","1008.1"
"2026-08-15","02:42:23","Clear","Dry","Dark","2.3","29.5","3328","57232","30.6","30%","34.6","","Opened","7.326","35","Safe","Calm","5.0","30","11.2","15.3","996.9","1008.2"
"2026-08-15","02:42:33","Clear","Dry","Dark","2.4","29.5","3328","57232","30.6","30%","34.6","","Opened","7.317","35","Safe","Calm","5.5","30","11.2","15.4","996.9","1008.2"
"2026-08-15","02:42:43","Clear","Dry","Dark","2.2","29.5","3328","57232","30.6","30%","34.6","","Opened","7.259","35","Safe","Calm","5.9","30","11.2","15.2","996.9","1008.2"
"2026-08-15","02:42:53","Clear","Dry","Dark","2.5","29.5","3328","57232","30.5","30%","34.6","","Opened","7.365","35","Safe","Calm","6.6","30","11.1","15.5","996.9","1008.2"
"2026-08-15","02:43:03","Clear","Dry","Dark","2.6","29.6","3328","57232","30.6","30%","34.6","","Opened","7.496","35","Safe","Calm","7.1","30","11.2","15.5","997.0","1008.3"
"2026-08-15","02:43:13","Clear","Dry","Dark","2.3","29.6","3328","57232","30.6","30%","34.5","","Opened","7.260","35","Safe","Calm","7.2","30","11.2","15.2","996.9","1008.1"
"2026-08-15","02:43:23","Clear","Dry","Dark","2.4","29.6","3328","57232","30.6","30%","34.5","","Opened","7.335","35","Safe","Calm","7.5","30","11.2","15.4","996.9","1008.2"
"2026-08-15","02:43:33","Clear","Dry","Dark","2.4","29.6","3328","57232","30.5","30%","34.5","","Opened","7.276","35","Safe","Calm","7.3","30","11.2","15.4","996.9","1008.2"
"2026-08-15","02:43:43","Clear","Dry","Dark","2.4","29.5","3328","57232","30.6","30%","34.5","","Opened","7.346","35","Safe","Calm","7.3","30","11.2","15.3","996.9","1008.2"
"2026-08-15","02:43:53","Clear","Dry","Dark","2.6","29.6","3328","57232","30.6","30%","34.5","","Opened","7.299","35","Safe","Calm","7.3","30","11.2","15.5","996.9","1008.1"
"2026-08-15","02:44:03","Clear","Dry","Dark","2.4","29.6","3328","57232","30.6","30%","34.5","","Opened","7.683","35","Safe","Calm","7.2","30","11.2","15.4","996.9","1008.1"
"2026-08-15","02:44:13","Clear","Dry","Dark","2.5","29.6","3328","57232","30.5","30%","34.5","","Opened","7.362","35","Safe","Calm","7.2","30","11.2","15.4","996.9","1008.1"
"2026-08-15","02:44:23","Clear","Dry","Dark","2.3","29.6","3328","57232","30.6","30%","34.5","","Opened","7.312","35","Safe","Calm","6.9","30","11.2","15.2","996.9","1008.1"
"2026-08-15","02:44:33","Clear","Dry","Dark","2.5","29.6","3328","57232","30.5","30%","34.5","","Opened","7.264","35","Safe","Calm","7.1","30","11.2","15.4","996.9","1008.2"
"2026-08-15","02:44:43","Clear","Dry","Dark","2.5","29.6","3328","57232","30.5","30%","34.5","","Opened","7.328","35","Safe","Calm","7.1","30","11.2","15.4","996.9","1008.1"
"2026-08-15","02:44:53","Clear","Dry","Dark","2.5","29.6","3328","57232","30.5","30%","34.4","","Opened","7.329","35","Safe","Calm","7.1","30","11.2","15.4","996.9","1008.2"
"2026-08-15","02:45:03","Clear","Dry","Dark","2.4","29.6","3328","57232","30.6","30%","34.4","","Opened","7.536","35","Safe","Calm","7.1","30","11.2","15.4","996.9","1008.2"
"2026-08-15","02:45:13","Clear","Dry","Dark","2.3","29.6","3328","57232","30.5","30%","34.4","","Opened","7.387","35","Safe","Calm","7.1","30","11.2","15.3","996.9","1008.2"
"2026-08-15","02:45:23","Clear","Dry","Dark","2.5","29.6","3328","57232","30.5","30%","34.4","","Opened","7.327","35","Safe","Calm","7.6","30","11.2","15.4","996.9","1008.2"
"2026-08-15","02:45:33","Clear","Dry","Dark","2.5","29.6","3328","57232","30.5","30%","34.4","","Opened","7.276","35","Safe","Calm","7.6","30","11.2","15.4","996.9","1008.1"
"2026-08-15","02:45:43","Clear","Dry","Dark","2.4","29.6","3328","57232","30.5","30%","34.4","","Opened","7.372","35","Safe","Calm","7.5","30","11.2","15.3","996.9","1008.2"
"2026-08-15","02:45:53","Clear","Dry","Dark","2.6","29.6","3328","57232","30.5","30%","34.3","","Opened","7.323","35","Safe","Calm","7.5","30","11.2","15.6","996.9","1008.2"
"2026-08-15","02:46:03","Clear","Dry","Dark","2.3","29.6","3328","57232","30.5","30%","34.3","","Opened","7.561","35","Safe","Calm","7.5","30","11.2","15.3","996.9","1008.2"
"2026-08-15","02:46:13","Clear","Dry","Dark","2.5","29.6","3328","57232","30.5","30%","34.3","","Opened","7.311","35","Safe","Calm","7.6","30","11.2","15.4","996.9","1008.1"
"2026-08-15","02:46:23","Clear","Dry","Dark","2.6","29.6","3328","57232","30.5","30%","34.3","","Opened","7.257","35","Safe","Windy","8.0","30","11.2","15.5","996.9","1008.2"
"2026-08-15","02:46:33","Clear","Dry","Dark","2.6","29.6","3328","57232","30.5","30%","34.3","","Opened","7.328","35","Safe","Windy","8.3","30","11.2","15.5","996.9","1008.1"
"2026-08-15","02:46:43","Clear","Dry","Dark","2.4","29.7","3328","57232","30.5","30%","34.3","","Opened","7.284","35","Safe","Windy","8.5","30","11.2","15.3","996.9","1008.1"
"2026-08-15","02:46:53","Clear","Dry","Dark","2.5","29.6","3328","57232","30.5","30%","34.3","","Opened","7.389","35","Safe","Windy","8.2","30","11.2","15.4","996.9","1008.1"
"2026-08-15","02:47:03","Clear","Dry","Dark","2.5","29.6","3328","57232","30.5","30%","34.3","","Opened","7.598","35","Safe","Windy","8.2","30","11.2","15.5","996.9","1008.2"
"2026-08-15","02:47:13","Clear","Dry","Dark","2.5","29.6","3328","57232","30.5","30%","34.3","","Opened","7.305","35","Safe","Windy","8.0","30","11.2","15.4","996.9","1008.2"
"2026-08-15","02:47:23","Clear","Dry","Dark","2.4","29.6","3328","57232","30.5","30%","34.3","","Opened","7.395","35","Safe","Calm","7.3","30","11.2","15.4","996.9","1008.1"
"2026-08-15","02:47:33","Clear","Dry","Dark","2.5","29.6","3328","57232","30.5","30%","34.3","","Opened","7.349","35","Safe","Calm","6.8","30","11.2","15.4","996.9","1008.2"
"2026-08-15","02:47:43","Clear","Dry","Dark","2.4","29.6","3328","57232","30.5","30%","34.4","","Opened","7.297","35","Safe","Calm","6.4","30","11.2","15.3","996.8","1008.1"
"2026-08-15","02:47:53","Clear","Dry","Dark","2.4","29.6","3328","57232","30.5","30%","34.4","","Opened","7.391","35","Safe","Calm","6.1","31","11.2","15.3","996.9","1008.1"
"2026-08-15","02:48:03","Clear","Dry","Dark","2.4","29.6","3328","57232","30.5","30%","34.4","","Opened","7.527","35","Safe","Calm","6.1","30","11.2","15.3","996.9","1008.2"
"2026-08-15","02:48:13","Clear","Dry","Dark","2.5","29.6","3328","57232","30.5","30%","34.3","","Opened","7.305","35","Safe","Calm","5.9","31","11.2","15.5","996.9","1008.1"
"2026-08-15","02:48:23","Clear","Dry","Dark","2.4","29.6","3328","57232","30.5","30%","34.3","","Opened","7.266","35","Safe","Calm","6.1","31","11.2","15.3","996.9","1008.1"
"2026-08-15","02:48:33","Clear","Dry","Dark","2.4","29.6","3328","57232","30.5","30%","34.3","","Opened","7.348","35","Safe","Calm","6.1","31","11.2","15.4","996.9","1008.1"
"2026-08-15","02:48:43","Clear","Dry","Dark","2.5","29.6","3328","57232","30.5","30%","34.4","","Opened","7.321","35","Safe","Calm","6.2","31","11.2","15.4","996.9","1008.2"
"2026-08-15","02:48:53","Clear","Dry","Dark","2.5","29.6","3328","57232","30.5","30%","34.4","","Opened","7.280","35","Safe","Calm","6.2","31","11.2","15.4","996.9","1008.1"
"2026-08-15","02:49:03","Clear","Dry","Dark","2.5","29.5","3328","57232","30.5","30%","34.4","","Opened","7.598","35","Safe","Calm","6.1","31","11.3","15.4","996.9","1008.1"
"2026-08-15","02:49:13","Clear","Dry","Dark","2.3","29.6","3328","57232","30.5","30%","34.4","","Opened","7.320","35","Safe","Calm","6.1","31","11.3","15.2","996.9","1008.1"
"2026-08-15","02:49:23","Clear","Dry","Dark","2.5","29.5","3328","57232","30.5","30%","34.4","","Opened","7.378","35","Safe","Calm","6.1","31","11.3","15.4","996.9","1008.2"
"2026-08-15","02:49:33","Clear","Dry","Dark","2.3","29.5","3328","57232","30.5","30%","34.4","","Opened","7.381","35","Safe","Calm","6.1","31","11.3","15.2","996.9","1008.1"
"2026-08-15","02:49:43","Clear","Dry","Dark","2.3","29.5","3328","57232","30.5","30%","34.4","","Opened","7.335","35","Safe","Calm","6.1","31","11.3","15.2","996.9","1008.1"
"2026-08-15","02:49:53","Clear","Dry","Dark","2.3","29.5","3328","57232","30.5","30%","34.4","","Opened","7.288","35","Safe","Calm","5.9","31","11.3","15.2","996.9","1008.1"
"2026-08-15","02:50:03","Clear","Dry","Dark","2.3","29.5","3328","57232","30.5","30%","34.4","","Opened","7.550","35","Safe","Calm","5.7","31","11.3","15.2","996.9","1008.2"
"2026-08-15","02:50:13","Clear","Dry","Dark","2.4","29.5","3328","57232","30.4","30%","34.4","","Opened","7.326","35","Safe","Calm","5.4","31","11.3","15.3","996.9","1008.1"
"2026-08-15","02:50:23","Clear","Dry","Dark","2.3","29.5","3328","57232","30.5","30%","34.5","","Opened","7.285","35","Safe","Calm","4.2","31","11.3","15.2","996.9","1008.1"
"2026-08-15","02:50:33","Clear","Dry","Dark","2.3","29.4","3328","57232","30.4","30%","34.6","","Opened","7.417","35","Safe","Calm","4.0","31","11.3","15.2","996.9","1008.2"
"2026-08-15","02:50:43","Clear","Dry","Dark","2.5","29.4","3328","57232","30.5","30%","34.6","","Opened","7.355","35","Safe","Calm","3.9","31","11.3","15.4","996.9","1008.1"
"2026-08-15","02:50:53","Clear","Dry","Dark","2.6","29.4","3328","57232","30.5","30%","34.6","","Opened","7.307","35","Safe","Calm","3.9","31","11.3","15.5","996.9","1008.1"
"2026-08-15","02:51:03","Clear","Dry","Dark","2.5","29.4","3328","57232","30.4","30%","34.6","","Opened","7.625","35","Safe","Calm","4.2","31","11.3","15.4","996.9","1008.1"
"2026-08-15","02:51:13","Clear","Dry","Dark","2.6","29.5","3328","57232","30.5","30%","34.5","","Opened","7.328","35","Safe","Calm","4.7","31","11.3","15.5","996.8","1008.1"
"2026-08-15","02:51:23","Clear","Dry","Dark","2.5","29.5","3328","57232","30.4","30%","34.4","","Opened","7.287","35","Safe","Calm","5.8","31","11.3","15.4","996.8","1008.1"
"2026-08-15","02:51:33","Clear","Dry","Dark","2.4","29.5","3328","57232","30.5","30%","34.4","","Opened","7.434","35","Safe","Calm","5.9","31","11.3","15.3","996.8","1008.1"
"2026-08-15","02:51:43","Clear","Dry","Dark","2.5","29.5","3328","57232","30.4","30%","34.4","","Opened","7.365","35","Safe","Calm","6.2","31","11.3","15.4","996.9","1008.2"
"2026-08-15","02:51:53","Clear","Dry","Dark","2.4","29.5","3328","57232","30.4","30%","34.4","","Opened","7.352","35","Safe","Calm","6.4","31","11.3","15.3","996.9","1008.2"
"2026-08-15","02:52:03","Clear","Dry","Dark","2.6","29.5","3328","57232","30.4","30%","34.5","","Opened","7.553","35","Safe","Calm","6.1","31","11.4","15.5","996.9","1008.1"
"2026-08-15","02:52:13","Clear","Dry","Dark","2.5","29.5","3328","57232","30.4","30%","34.5","","Opened","7.376","35","Safe","Calm","5.5","31","11.3","15.4","996.9","1008.1"
"2026-08-15","02:52:23","Clear","Dry","Dark","2.7","29.5","3328","57232","30.5","30%","34.5","","Opened","7.341","35","Safe","Calm","5.8","31","11.4","15.6","996.9","1008.2"
"2026-08-15","02:52:33","Clear","Dry","Dark","2.6","29.5","3328","57232","30.5","30%","34.5","","Opened","7.293","35","Safe","Calm","5.9","31","11.3","15.5","996.9","1008.1"
"2026-08-15","02:52:43","Clear","Dry","Dark","2.5","29.5","3328","57232","30.5","30%","34.5","","Opened","7.368","35","Safe","Calm","5.8","31","11.3","15.4","996.9","1008.1"
"2026-08-15","02:52:53","Clear","Dry","Dark","2.5","29.5","3328","57232","30.4","30%","34.5","","Opened","7.320","35","Safe","Calm","5.8","31","11.4","15.4","996.9","1008.1"
"2026-08-15","02:53:03","Clear","Dry","Dark","2.3","29.5","3328","57232","30.5","30%","34.5","","Opened","7.447","35","Safe","Calm","5.0","31","11.4","15.2","996.9","1008.1"
"2026-08-15","02:53:13","Clear","Dry","Dark","2.3","29.5","3328","57232","30.5","30%","34.6","","Opened","7.405","35","Safe","Calm","4.9","31","11.4","15.2","996.8","1008.1"
"2026-08-15","02:53:23","Clear","Dry","Dark","2.4","29.5","3328","57232","30.5","30%","34.7","","Opened","7.375","35","Safe","Calm","4.3","31","11.4","15.3","996.9","1008.1"
"2026-08-15","02:53:33","Clear","Dry","Dark","2.5","29.5","3328","57232","30.5","30%","34.7","","Opened","7.346","35","Safe","Calm","4.0","31","11.4","15.4","996.9","1008.1"
"2026-08-15","02:53:43","Clear","Dry","Dark","2.3","29.4","3328","57232","30.5","30%","34.7","","Opened","7.287","35","Safe","Calm","3.8","31","11.4","15.2","996.8","1008.1"
"2026-08-15","02:53:53","Clear","Dry","Dark","2.5","29.4","3328","57232","30.5","30%","34.7","","Opened","7.383","35","Safe","Calm","3.9","31","11.4","15.4","996.9","1008.1"
"2026-08-15","02:54:03","Clear","Dry","Dark","2.5","29.4","3328","57232","30.5","30%","34.7","","Opened","7.546","35","Safe","Calm","4.8","31","11.4","15.4","996.8","1008.1"
"2026-08-15","02:54:13","Clear","Dry","Dark","2.4","29.4","3328","57232","30.5","30%","34.6","","Opened","7.289","35","Safe","Calm","5.0","31","11.4","15.3","996.9","1008.2"
"2026-08-15","02:54:23","Clear","Dry","Dark","2.3","29.4","3328","57232","30.4","30%","34.7","","Opened","7.361","35","Safe","Calm","4.2","31","11.4","15.2","996.9","1008.1"
"2026-08-15","02:54:33","Clear","Dry","Dark","2.4","29.4","3328","57232","30.5","30%","34.8","Heating DOWN","Opened","7.459","35","Safe","Calm","4.2","31","11.4","15.4","996.9","1008.2"
"2026-08-15","02:54:43","Clear","Dry","Dark","2.4","29.4","3328","57232","30.4","29%","34.8","Heating DOWN","Opened","7.464","35","Safe","Calm","4.2","31","11.4","15.3","996.9","1008.1"
"2026-08-15","02:54:53","Clear","Dry","Dark","2.4","29.4","3328","57232","30.5","28%","34.8","Heating DOWN","Opened","7.498","35","Safe","Calm","3.1","31","11.4","15.3","996.9","1008.1"
"2026-08-15","02:55:03","Clear","Dry","Dark","2.3","29.4","3328","57232","30.5","27%","34.8","Heating DOWN","Opened","7.671","35","Safe","Calm","2.2","31","11.4","15.2","996.9","1008.1"
"2026-08-15","02:55:13","Clear","Dry","Dark","2.5","29.3","3328","57232","30.5","26%","34.8","Heating DOWN","Opened","7.390","35","Safe","Calm","2.3","31","11.4","15.4","997.0","1008.3"
"2026-08-15","02:55:23","Clear","Dry","Dark","2.4","29.4","3328","57232","30.5","25%","34.7","","Opened","7.293","35","Safe","Calm","3.3","31","11.4","15.3","997.0","1008.3"
"2026-08-15","02:55:33","Clear","Dry","Dark","2.4","29.4","3328","57232","30.5","25%","34.7","","Opened","7.385","35","Safe","Calm","3.3","31","11.4","15.3","996.8","1008.1"
"2026-08-15","02:55:43","Clear","Dry","Dark","2.3","29.3","3328","57232","30.5","25%","34.7","","Opened","7.334","35","Safe","Calm","2.6","31","11.4","15.2","996.9","1008.1"
"2026-08-15","02:55:53","Clear","Dry","Dark","2.3","29.3","3328","57232","30.5","25%","34.7","","Opened","7.277","35","Safe","Calm","2.6","31","11.4","15.2","996.9","1008.2"
"2026-08-15","02:56:03","Clear","Dry","Dark","2.1","29.3","3328","57232","30.4","25%","34.7","","Opened","7.611","35","Safe","Calm","2.6","31","11.4","15.0","996.8","1008.1"
"2026-08-15","02:56:13","Clear","Dry","Dark","2.4","29.3","3328","57232","30.5","25%","34.6","","Opened","7.332","35","Safe","Calm","2.3","31","11.4","15.3","996.9","1008.1"
"2026-08-15","02:56:23","Clear","Dry","Dark","2.4","29.3","3328","57232","30.5","25%","34.6","","Opened","7.292","35","Safe","Calm","2.2","31","11.4","15.3","996.9","1008.1"
"2026-08-15","02:56:33","Clear","Dry","Dark","2.4","29.3","3328","57232","30.4","25%","34.5","","Opened","7.363","35","Safe","Calm","2.2","31","11.4","15.3","996.8","1008.1"
"2026-08-15","02:56:43","Clear","Dry","Dark","2.5","29.3","3328","57232","30.4","25%","34.4","","Opened","7.314","35","Safe","Calm","3.4","31","11.4","15.4","996.9","1008.1"
"2026-08-15","02:56:53","Clear","Dry","Dark","2.3","29.3","3328","57232","30.5","25%","34.4","","Opened","7.393","35","Safe","Calm","4.2","31","11.4","15.2","996.8","1008.1"
"2026-08-15","02:57:03","Clear","Dry","Dark","2.4","29.3","3328","57232","30.5","25%","34.4","","Opened","7.518","35","Safe","Calm","4.8","31","11.4","15.3","996.9","1008.1"
"2026-08-15","02:57:13","Clear","Dry","Dark","2.5","29.3","3328","57232","30.4","25%","34.4","","Opened","7.301","35","Safe","Calm","5.2","31","11.4","15.4","996.9","1008.1"
"2026-08-15","02:57:23","Clear","Dry","Dark","2.4","29.3","3328","57232","30.4","25%","34.3","","Opened","7.389","35","Safe","Calm","5.2","31","11.4","15.3","996.8","1008.1"
"2026-08-15","02:57:33","Clear","Dry","Dark","2.4","29.3","3328","57232","30.4","25%","34.3","","Opened","7.335","35","Safe","Calm","5.2","31","11.4","15.3","996.9","1008.1"
"2026-08-15","02:57:43","Clear","Dry","Dark","2.4","29.3","3328","57232","30.4","25%","34.3","","Opened","7.294","35","Safe","Calm","4.7","31","11.4","15.3","996.9","1008.1"
"2026-08-15","02:57:53","Clear","Dry","Dark","2.4","29.3","3328","57232","30.4","25%","34.3","","Opened","7.261","35","Safe","Calm","4.8","31","11.4","15.3","996.9","1008.1"
"2026-08-15","02:58:03","Clear","Dry","Dark","2.4","29.3","3328","57232","30.4","25%","34.3","","Opened","7.601","35","Safe","Calm","5.1","31","11.4","15.3","996.9","1008.1"
"2026-08-15","02:58:13","Clear","Dry","Dark","2.4","29.3","3328","57232","30.4","25%","34.3","","Opened","7.299","35","Safe","Calm","4.8","31","11.4","15.2","996.9","1008.1"
"2026-08-15","02:58:23","Clear","Dry","Dark","2.4","29.3","3328","57232","30.4","25%","34.3","","Opened","7.387","35","Safe","Calm","4.8","31","11.5","15.2","996.9","1008.2"
"2026-08-15","02:58:33","Clear","Dry","Dark","2.2","29.3","3328","57232","30.4","25%","34.2","","Opened","7.357","35","Safe","Calm","4.7","31","11.5","15.1","996.9","1008.1"
"2026-08-15","02:58:43","Clear","Dry","Dark","2.4","29.3","3328","57232","30.4","25%","34.2","","Opened","7.313","35","Safe","Calm","5.0","31","11.5","15.3","996.9","1008.1"
"2026-08-15","02:58:53","Clear","Dry","Dark","2.4","29.3","3328","57232","30.4","25%","34.2","","Opened","7.281","35","Safe","Calm","5.0","31","11.5","15.3","996.8","1008.1"
"2026-08-15","02:59:03","Clear","Dry","Dark","2.6","29.3","3328","57232","30.4","25%","34.2","","Opened","7.561","35","Safe","Calm","5.7","31","11.5","15.5","996.9","1008.1"
"2026-08-15","02:59:13","Clear","Dry","Dark","2.3","29.3","3328","57232","30.4","25%","34.2","","Opened","7.326","35","Safe","Calm","6.1","31","11.5","15.2","996.9","1008.2"
"2026-08-15","02:59:23","Clear","Dry","Dark","2.5","29.3","3328","57232","30.4","25%","34.2","","Opened","7.318","35","Safe","Calm","6.4","31","11.5","15.4","996.9","1008.1"
"2026-08-15","02:59:33","Clear","Dry","Dark","2.6","29.3","3328","57232","30.4","25%","34.1","Heating UP","Opened","7.401","35","Safe","Calm","7.3","31","11.5","15.5","996.8","1008.1"
"2026-08-15","02:59:43","Clear","Dry","Dark","2.5","29.4","3328","57232","30.4","26%","34.0","Heating UP","Opened","7.393","35","Safe","Calm","7.8","31","11.5","15.4","996.9","1008.1"
"2026-08-15","02:59:53","Clear","Dry","Dark","2.6","29.4","3328","57232","30.4","27%","34.0","Heating UP","Opened","7.540","35","Safe","Calm","7.9","31","11.5","15.4","996.8","1008.1"
"2026-08-15","03:00:03","Clear","Dry","Dark","2.4","29.4","3328","57232","30.4","28%","34.0","Heating UP","Opened","7.707","35","Safe","Calm","7.2","31","11.5","15.3","996.9","1008.1"
"2026-08-15","03:00:13","Clear","Dry","Dark","2.5","29.4","3328","57232","30.4","29%","34.0","Heating UP","Opened","7.425","35","Safe","Calm","7.1","31","11.5","15.3","996.9","1008.1"
"2026-08-15","03:00:23","Clear","Dry","Dark","2.4","29.4","3328","57232","30.4","30%","34.1","","Opened","7.298","35","Safe","Calm","6.9","31","11.5","15.3","996.8","1008.1"
"2026-08-15","03:00:33","Clear","Dry","Dark","2.6","29.4","3328","57232","30.4","30%","34.1","Heating UP","Opened","7.527","35","Safe","Calm","6.2","31","11.5","15.5","996.8","1008.1"
"2026-08-15","03:00:43","Clear","Dry","Dark","2.4","29.4","3328","57232","30.4","31%","34.1","Heating UP","Opened","7.402","35","Safe","Calm","5.8","31","11.5","15.3","996.9","1008.1"
"2026-08-15","03:00:53","Clear","Dry","Dark","2.3","29.4","3328","57232","30.4","32%","34.2","","Opened","7.275","35","Safe","Calm","5.5","31","11.6","15.2","996.8","1008.1"
"2026-08-15","03:01:03","Clear","Dry","Dark","2.5","29.4","3328","57232","30.4","32%","34.2","","Opened","7.552","35","Safe","Calm","6.1","31","11.6","15.4","996.9","1008.1"
"2026-08-15","03:01:13","Clear","Dry","Dark","2.3","29.4","3328","57232","30.4","32%","34.3","","Opened","7.304","35","Safe","Calm","6.1","31","11.5","15.2","996.9","1008.1"
"2026-08-15","03:01:23","Clear","Dry","Dark","2.4","29.4","3328","57232","30.4","32%","34.3","","Opened","7.284","35","Safe","Calm","6.5","31","11.5","15.3","996.8","1008.1"
"2026-08-15","03:01:33","Clear","Dry","Dark","2.6","29.4","3328","57232","30.4","32%","34.2","","Opened","7.354","35","Safe","Calm","6.8","31","11.5","15.5","996.8","1008.1"
"2026-08-15","03:01:43","Clear","Dry","Dark","2.2","29.4","3328","57232","30.4","32%","34.3","","Opened","7.310","35","Safe","Calm","6.6","31","11.5","15.1","996.8","1008.1"
"2026-08-15","03:01:53","Clear","Dry","Dark","2.3","29.4","3328","57232","30.4","32%","34.4","","Opened","7.391","35","Safe","Calm","6.5","31","11.5","15.2","996.8","1008.1"
"2026-08-15","03:02:03","Clear","Dry","Dark","2.2","29.4","3328","57232","30.4","32%","34.5","","Opened","7.600","35","Safe","Calm","5.7","31","11.5","15.1","996.8","1008.1"
"2026-08-15","03:02:13","Clear","Dry","Dark","2.3","29.4","3328","57232","30.4","32%","34.6","","Opened","7.298","35","Safe","Calm","5.2","31","11.5","15.2","996.9","1008.1"
"2026-08-15","03:02:23","Clear","Dry","Dark","2.3","29.3","3328","57232","30.4","32%","34.6","","Opened","7.403","35","Safe","Calm","4.5","31","11.6","15.2","996.8","1008.1"
"2026-08-15","03:02:33","Clear","Dry","Dark","2.5","29.4","3328","57232","30.4","32%","34.6","","Opened","7.387","35","Safe","Calm","4.1","31","11.5","15.4","996.8","1008.1"
"2026-08-15","03:02:43","Clear","Dry","Dark","2.5","29.4","3328","57232","30.4","32%","34.6","","Opened","7.341","35","Safe","Calm","4.3","31","11.5","15.4","996.9","1008.1"
"2026-08-15","03:02:53","Clear","Dry","Dark","2.3","29.4","3328","57232","30.4","32%","34.6","","Opened","7.291","35","Safe","Calm","4.4","31","11.5","15.2","996.9","1008.1"
"2026-08-15","03:03:03","Clear","Dry","Dark","2.3","29.3","3328","57232","30.4","32%","34.7","Heating DOWN","Opened","7.676","35","Safe","Calm","4.7","31","11.5","15.2","996.9","1008.1"
"2026-08-15","03:03:13","Clear","Dry","Dark","2.6","29.3","3328","57232","30.4","31%","34.6","","Opened","7.368","35","Safe","Calm","5.0","31","11.6","15.4","996.8","1008.1"
"2026-08-15","03:03:23","Clear","Dry","Dark","2.4","29.3","3328","57232","30.4","31%","34.6","","Opened","7.325","35","Safe","Calm","5.4","31","11.6","15.3","996.8","1008.1"
"2026-08-15","03:03:33","Clear","Dry","Dark","2.3","29.4","3328","57232","30.4","31%","34.6","","Opened","7.280","35","Safe","Calm","5.4","31","11.6","15.2","996.8","1008.1"
"2026-08-15","03:03:43","Clear","Dry","Dark","2.3","29.3","3328","57232","30.4","31%","34.6","","Opened","7.352","35","Safe","Calm","5.1","31","11.6","15.2","996.9","1008.1"
"2026-08-15","03:03:53","Clear","Dry","Dark","2.2","29.3","3328","57232","30.4","31%","34.7","Heating DOWN","Opened","7.416","35","Safe","Calm","5.2","31","11.6","15.1","996.8","1008.1"
"2026-08-15","03:04:03","Clear","Dry","Dark","2.4","29.3","3328","57232","30.4","30%","34.6","","Opened","7.529","35","Safe","Calm","5.2","31","11.6","15.2","996.9","1008.1"
"2026-08-15","03:04:13","Clear","Dry","Dark","2.3","29.3","3328","57232","30.4","30%","34.6","","Opened","7.355","35","Safe","Calm","5.1","31","11.6","15.2","996.8","1008.0"
"2026-08-15","03:04:23","Clear","Dry","Dark","2.5","29.3","3328","57232","30.4","30%","34.6","","Opened","7.313","35","Safe","Calm","5.1","31","11.5","15.4","996.8","1008.1"
"2026-08-15","03:04:33","Clear","Dry","Dark","2.5","29.4","3328","57232","30.4","30%","34.6","","Opened","7.271","35","Safe","Calm","5.2","31","11.6","15.4","996.8","1008.0"
"2026-08-15","03:04:43","Clear","Dry","Dark","2.4","29.4","3328","57232","30.4","30%","34.6","","Opened","7.331","35","Safe","Calm","5.4","31","11.6","15.2","996.8","1008.1"
"2026-08-15","03:04:53","Clear","Dry","Dark","2.2","29.3","3328","57232","30.4","30%","34.6","","Opened","7.319","35","Safe","Calm","5.4","31","11.6","15.1","996.8","1008.1"
"2026-08-15","03:05:03","Clear","Dry","Dark","2.3","29.4","3328","57232","30.4","30%","34.6","","Opened","7.737","35","Safe","Calm","5.1","31","11.6","15.2","996.8","1008.1"
"2026-08-15","03:05:13","Clear","Dry","Dark","2.2","29.3","3328","57232","30.4","30%","34.6","","Opened","7.394","35","Safe","Calm","4.3","31","11.6","15.0","996.8","1008.1"
"2026-08-15","03:05:23","Clear","Dry","Dark","2.3","29.3","3328","57232","30.4","30%","34.7","Heating DOWN","Opened","7.460","35","Safe","Calm","4.0","31","11.6","15.1","996.8","1008.1"
"2026-08-15","03:05:33","Clear","Dry","Dark","2.6","29.3","3328","57232","30.4","29%","34.6","","Opened","7.329","35","Safe","Calm","4.2","32","11.6","15.4","996.8","1008.1"
"2026-08-15","03:05:43","Clear","Dry","Dark","2.5","29.3","3328","57232","30.4","29%","34.6","","Opened","7.314","35","Safe","Calm","4.9","32","11.6","15.3","996.8","1008.0"
"2026-08-15","03:05:53","Clear","Dry","Dark","2.4","29.3","3328","57232","30.4","29%","34.5","","Opened","7.287","35","Safe","Calm","5.0","32","11.7","15.3","996.8","1008.1"
"2026-08-15","03:06:03","Clear","Dry","Dark","2.2","29.3","3328","57232","30.4","29%","34.5","","Opened","7.526","35","Safe","Calm","5.2","32","11.7","15.1","996.8","1008.1"
"2026-08-15","03:06:13","Clear","Dry","Dark","2.4","29.3","3328","57232","30.3","29%","34.5","","Opened","7.302","35","Safe","Calm","6.2","32","11.7","15.2","996.8","1008.0"
"2026-08-15","03:06:23","Clear","Dry","Dark","2.4","29.3","3328","57232","30.4","29%","34.5","","Opened","7.259","35","Safe","Calm","6.4","32","11.7","15.2","996.8","1008.0"
"2026-08-15","03:06:33","Clear","Dry","Dark","2.2","29.3","3328","57232","30.3","29%","34.5","","Opened","7.337","35","Safe","Calm","5.9","32","11.7","15.0","996.8","1008.0"
"2026-08-15","03:06:43","Clear","Dry","Dark","2.4","29.3","3328","57232","30.4","29%","34.6","","Opened","7.297","35","Safe","Calm","5.2","32","11.8","15.3","996.9","1008.1"
"2026-08-15","03:06:53","Clear","Dry","Dark","2.6","29.3","3328","57232","30.3","29%","34.5","","Opened","7.376","35","Safe","Calm","5.2","32","11.8","15.4","996.8","1008.1"
"2026-08-15","03:07:03","Clear","Dry","Dark","2.3","29.3","3328","57232","30.3","29%","34.5","","Opened","7.599","35","Safe","Calm","5.4","32","11.8","15.1","996.9","1008.2"
"2026-08-15","03:07:13","Clear","Dry","Dark","2.6","29.3","3328","57232","30.3","29%","34.5","","Opened","7.292","35","Safe","Calm","5.4","32","11.8","15.4","996.8","1008.1"
"2026-08-15","03:07:23","Clear","Dry","Dark","2.6","29.3","3328","57232","30.4","29%","34.4","","Opened","7.376","35","Safe","Calm","5.9","32","11.9","15.5","996.8","1008.1"
"2026-08-15","03:07:33","Clear","Dry","Dark","2.3","29.4","3328","57232","30.4","29%","34.4","","Opened","7.341","35","Safe","Calm","6.6","32","11.8","15.2","996.8","1008.1"
"2026-08-15","03:07:43","Clear","Dry","Dark","2.4","29.4","3328","57232","30.3","29%","34.4","","Opened","7.311","35","Safe","Calm","6.6","32","11.8","15.2","996.8","1008.1"
"2026-08-15","03:07:53","Clear","Dry","Dark","2.2","29.4","3328","57232","30.4","29%","34.5","","Opened","7.306","35","Safe","Calm","6.4","32","11.9","15.1","996.8","1008.0"
"2026-08-15","03:08:03","Clear","Dry","Dark","2.3","29.3","3328","57232","30.4","29%","34.5","","Opened","7.507","35","Safe","Calm","6.4","32","11.8","15.2","996.8","1008.1"
"2026-08-15","03:08:13","Clear","Dry","Dark","2.3","29.3","3328","57232","30.3","29%","34.5","","Opened","7.359","35","Safe","Calm","6.2","32","11.8","15.2","996.8","1008.1"
"2026-08-15","03:08:23","Clear","Dry","Dark","2.4","29.3","3328","57232","30.4","29%","34.5","","Opened","7.333","35","Safe","Calm","5.7","32","11.8","15.2","996.8","1008.0"
"2026-08-15","03:08:33","Clear","Dry","Dark","2.3","29.3","3328","57232","30.4","29%","34.5","","Opened","7.280","35","Safe","Calm","5.4","32","11.8","15.2","996.8","1008.1"
"2026-08-15","03:08:43","Clear","Dry","Dark","2.6","29.4","3328","57232","30.3","29%","34.4","","Opened","7.365","35","Safe","Calm","5.9","32","11.7","15.4","996.9","1008.2"
"2026-08-15","03:08:53","Clear","Dry","Dark","2.2","29.4","3328","57232","30.4","29%","34.4","","Opened","7.290","35","Safe","Calm","6.1","32","11.8","15.0","996.8","1008.1"
"2026-08-15","03:09:03","Clear","Dry","Dark","2.2","29.3","3328","57232","30.4","29%","34.5","","Opened","7.593","35","Safe","Calm","5.8","32","11.8","15.0","996.8","1008.1"
"2026-08-15","03:09:13","Clear","Dry","Dark","2.2","29.3","3328","57232","30.4","29%","34.5","","Opened","7.335","35","Safe","Calm","5.8","32","11.8","15.1","996.8","1008.1"
"2026-08-15","03:09:23","Clear","Dry","Dark","2.4","29.3","3328","57232","30.4","29%","34.5","","Opened","7.282","35","Safe","Calm","5.9","32","11.8","15.3","996.8","1008.0"
"2026-08-15","03:09:33","Clear","Dry","Dark","2.3","29.3","3328","57232","30.4","29%","34.4","","Opened","7.264","35","Safe","Calm","5.8","32","11.8","15.2","996.8","1008.1"
"2026-08-15","03:09:43","Clear","Dry","Dark","2.5","29.3","3328","57232","30.4","29%","34.4","","Opened","7.377","35","Safe","Calm","5.8","32","11.8","15.4","996.8","1008.1"
"2026-08-15","03:09:53","Clear","Dry","Dark","2.5","29.4","3328","57232","30.4","29%","34.3","","Opened","7.348","35","Safe","Calm","6.1","32","11.8","15.3","996.9","1008.2"
"2026-08-15","03:10:03","Clear","Dry","Dark","2.4","29.4","3328","57232","30.4","29%","34.3","","Opened","7.497","35","Safe","Calm","6.5","32","11.8","15.3","996.8","1008.1"
"2026-08-15","03:10:13","Clear","Dry","Dark","2.5","29.4","3328","57232","30.4","29%","34.3","","Opened","7.365","35","Safe","Calm","6.8","32","11.8","15.3","996.8","1008.0"
"2026-08-15","03:10:23","Clear","Dry","Dark","2.3","29.4","3328","57232","30.4","29%","34.3","","Opened","7.319","35","Safe","Calm","6.8","32","11.8","15.2","996.8","1008.1"
"2026-08-15","03:10:33","Clear","Dry","Dark","2.7","29.4","3328","57232","30.4","29%","34.3","","Opened","7.269","35","Safe","Calm","7.3","32","11.8","15.5","996.8","1008.1"
"2026-08-15","03:10:43","Clear","Dry","Dark","2.6","29.4","3328","57232","30.4","29%","34.2","","Opened","7.300","35","Safe","Calm","7.3","32","11.7","15.4","996.9","1008.1"
"2026-08-15","03:10:53","Clear","Dry","Dark","2.4","29.4","3328","57232","30.4","29%","34.2","","Opened","7.376","35","Safe","Calm","7.1","32","11.7","15.3","996.8","1008.0"
"2026-08-15","03:11:03","Clear","Dry","Dark","2.2","29.4","3328","57232","30.4","29%","34.3","","Opened","7.555","35","Safe","Calm","6.8","32","11.7","15.1","996.8","1008.1"
"2026-08-15","03:11:13","Clear","Dry","Dark","2.3","29.4","3328","57232","30.4","29%","34.3","","Opened","7.283","35","Safe","Calm","6.4","32","11.8","15.2","996.8","1008.1"
"2026-08-15","03:11:23","Clear","Dry","Dark","2.3","29.4","3328","57232","30.4","29%","34.3","","Opened","7.347","35","Safe","Calm","6.4","32","11.8","15.1","996.8","1008.1"
"2026-08-15","03:11:33","Clear","Dry","Dark","2.6","29.4","3328","57232","30.4","29%","34.3","","Opened","7.304","35","Safe","Calm","6.2","32","11.7","15.5","996.8","1008.1"
"2026-08-15","03:11:43","Clear","Dry","Dark","2.4","29.4","3328","57232","30.4","29%","34.2","","Opened","7.379","35","Safe","Calm","6.1","32","11.7","15.3","996.8","1008.0"
"2026-08-15","03:11:53","Clear","Dry","Dark","2.4","29.4","3328","57232","30.4","29%","34.2","","Opened","7.372","35","Safe","Calm","6.5","32","11.7","15.2","996.8","1008.1"
"2026-08-15","03:12:03","Clear","Dry","Dark","2.5","29.4","3328","57232","30.4","29%","34.2","","Opened","7.487","35","Safe","Calm","6.9","32","11.7","15.3","996.8","1008.1"
"2026-08-15","03:12:13","Clear","Dry","Dark","2.3","29.4","3328","57232","30.4","29%","34.2","","Opened","7.293","35","Safe","Calm","7.2","32","11.7","15.2","996.8","1008.1"
"2026-08-15","03:12:23","Clear","Dry","Dark","2.4","29.4","3328","57232","30.4","29%","34.2","","Opened","7.380","35","Safe","Calm","7.1","32","11.7","15.2","996.8","1008.1"
"2026-08-15","03:12:33","Clear","Dry","Dark","2.2","29.4","3328","57232","30.4","29%","34.2","","Opened","7.333","35","Safe","Calm","6.5","32","11.7","15.0","996.8","1008.1"
"2026-08-15","03:12:43","Clear","Dry","Dark","2.3","29.4","3328","57232","30.4","29%","34.2","","Opened","7.278","35","Safe","Calm","6.1","32","11.7","15.2","996.8","1008.1"
"2026-08-15","03:12:53","Clear","Dry","Dark","2.3","29.4","3328","57232","30.4","29%","34.3","","Opened","7.353","35","Safe","Calm","5.8","32","11.7","15.1","996.8","1008.1"
"2026-08-15","03:13:03","Clear","Dry","Dark","2.3","29.4","3328","57232","30.3","29%","34.2","","Opened","7.512","35","Safe","Calm","5.8","32","11.7","15.2","996.8","1008.0"
"2026-08-15","03:13:13","Clear","Dry","Dark","2.2","29.4","3328","57232","30.3","29%","34.2","","Opened","7.287","35","Safe","Calm","5.8","32","11.7","15.0","996.8","1008.0"
"2026-08-15","03:13:23","Clear","Dry","Dark","2.3","29.4","3328","57232","30.3","29%","34.2","","Opened","7.385","35","Safe","Calm","5.8","32","11.7","15.2","996.8","1008.0"
"2026-08-15","03:13:33","Clear","Dry","Dark","2.3","29.3","3328","57232","30.3","29%","34.2","","Opened","7.343","35","Safe","Calm","5.9","32","11.7","15.2","996.8","1008.0"
"2026-08-15","03:13:43","Clear","Dry","Dark","2.3","29.3","3328","57232","30.3","29%","34.2","","Opened","7.303","35","Safe","Calm","6.1","32","11.7","15.1","996.8","1008.0"
"2026-08-15","03:13:53","Clear","Dry","Dark","2.2","29.3","3328","57232","30.3","29%","34.2","","Opened","7.418","35","Safe","Calm","5.9","32","11.7","15.1","996.8","1008.0"
"2026-08-15","03:14:03","Clear","Dry","Dark","2.3","29.3","3328","57232","30.3","29%","34.2","","Opened","7.531","35","Safe","Calm","5.7","32","11.7","15.2","996.9","1008.2"
"2026-08-15","03:14:13","Clear","Dry","Dark","2.3","29.3","3328","57232","30.3","29%","34.3","","Opened","7.314","35","Safe","Calm","5.4","32","11.8","15.1","996.8","1008.1"
"2026-08-15","03:14:23","Clear","Dry","Dark","2.3","29.3","3328","57232","30.3","29%","34.3","","Opened","7.291","35","Safe","Calm","5.1","32","11.8","15.1","996.8","1008.0"
"2026-08-15","03:14:33","Clear","Dry","Dark","2.6","29.3","3328","57232","30.3","29%","34.3","","Opened","7.375","35","Safe","Calm","5.8","32","11.8","15.5","996.8","1008.1"
"2026-08-15","03:14:43","Clear","Dry","Dark","2.4","29.3","3328","57232","30.3","29%","34.3","","Opened","7.330","35","Safe","Calm","6.1","32","11.7","15.2","996.7","1008.0"
"2026-08-15","03:14:53","Clear","Dry","Dark","2.6","29.3","3328","57232","30.3","29%","34.2","","Opened","7.271","35","Safe","Calm","6.2","32","11.8","15.4","996.8","1008.0"
"2026-08-15","03:15:03","Clear","Dry","Dark","2.5","29.3","3328","57232","30.3","29%","34.2","","Opened","7.619","35","Safe","Calm","6.9","32","11.8","15.3","996.8","1008.1"
"2026-08-15","03:15:13","Clear","Dry","Dark","2.5","29.4","3328","57232","30.3","29%","34.2","","Opened","7.305","35","Safe","Calm","7.2","32","11.8","15.3","996.8","1008.0"
"2026-08-15","03:15:23","Clear","Dry","Dark","2.5","29.4","3328","57232","30.3","29%","34.2","","Opened","7.373","35","Safe","Calm","7.9","32","11.7","15.3","996.8","1008.0"
"2026-08-15","03:15:33","Clear","Dry","Dark","2.3","29.4","3328","57232","30.3","29%","34.2","","Opened","7.325","35","Safe","Calm","7.2","32","11.8","15.2","996.8","1008.0"
"2026-08-15","03:15:43","Clear","Dry","Dark","2.3","29.4","3328","57232","30.3","29%","34.2","","Opened","7.277","35","Safe","Calm","6.8","32","11.7","15.2","996.8","1008.0"
"2026-08-15","03:15:53","Clear","Dry","Dark","2.4","29.4","3328","57232","30.3","29%","34.2","","Opened","7.386","35","Safe","Calm","7.1","32","11.7","15.2","996.7","1008.0"
"2026-08-15","03:16:03","Clear","Dry","Dark","2.3","29.4","3328","57232","30.3","29%","34.2","","Opened","7.580","35","Safe","Calm","6.6","32","11.7","15.1","996.8","1008.1"
"2026-08-15","03:16:13","Clear","Dry","Dark","2.3","29.4","3328","57232","30.3","29%","34.2","","Opened","7.335","35","Safe","Calm","6.6","32","11.8","15.1","996.7","1008.0"
"2026-08-15","03:16:23","Clear","Dry","Dark","2.4","29.4","3328","57232","30.3","29%","34.1","","Opened","7.307","35","Safe","Calm","6.6","32","11.7","15.2","996.8","1008.0"
"2026-08-15","03:16:33","Clear","Dry","Dark","2.4","29.4","3328","57232","30.3","29%","34.1","","Opened","7.442","35","Safe","Calm","6.9","32","11.7","15.2","996.8","1008.0"
"2026-08-15","03:16:43","Clear","Dry","Dark","2.2","29.4","3328","57232","30.3","29%","34.1","","Opened","7.259","35","Safe","Calm","7.2","32","11.7","15.0","996.8","1008.0"
"2026-08-15","03:16:53","Clear","Dry","Dark","2.4","29.4","3328","57232","30.3","29%","34.2","","Opened","7.331","35","Safe","Calm","7.2","32","11.8","15.2","996.8","1008.1"
"2026-08-15","03:17:03","Clear","Dry","Dark","2.3","29.4","3328","57232","30.3","29%","34.1","","Opened","7.498","35","Safe","Calm","7.2","32","11.8","15.1","996.8","1008.1"
"2026-08-15","03:17:13","Clear","Dry","Dark","2.3","29.4","3328","57232","30.3","29%","34.1","","Opened","7.350","35","Safe","Calm","7.2","32","11.8","15.1","996.6","1007.9"
"2026-08-15","03:17:23","Clear","Dry","Dark","2.4","29.4","3328","57232","30.3","29%","34.1","","Opened","7.307","35","Safe","Calm","7.2","32","11.8","15.3","996.8","1008.1"
"2026-08-15","03:17:33","Clear","Dry","Dark","2.2","29.4","3328","57232","30.3","29%","34.1","","Opened","7.380","35","Safe","Calm","6.9","32","11.8","15.1","996.7","1008.0"
"2026-08-15","03:17:43","Clear","Dry","Dark","2.3","29.4","3328","57232","30.3","29%","34.2","","Opened","7.335","35","Safe","Calm","6.9","32","11.8","15.2","996.8","1008.0"
"2026-08-15","03:17:53","Clear","Dry","Dark","2.2","29.4","3328","57232","30.3","29%","34.2","","Opened","7.277","35","Safe","Calm","6.5","32","11.8","15.0","996.8","1008.0"
"2026-08-15","03:18:03","Clear","Dry","Dark","2.4","29.4","3328","57232","30.3","29%","34.2","","Opened","7.609","35","Safe","Calm","6.6","32","11.8","15.2","996.8","1008.0"
"2026-08-15","03:18:13","Clear","Dry","Dark","2.5","29.4","3328","57232","30.3","29%","34.1","","Opened","7.328","35","Safe","Calm","6.9","32","11.8","15.3","996.8","1008.0"
"2026-08-15","03:18:23","Clear","Dry","Dark","2.3","29.4","3328","57232","30.3","29%","34.1","","Opened","7.311","35","Safe","Calm","6.6","32","11.7","15.2","996.7","1008.0"
"2026-08-15","03:18:33","Clear","Dry","Dark","2.1","29.4","3328","57232","30.3","29%","34.1","","Opened","7.288","35","Safe","Calm","6.6","32","11.8","15.0","996.7","1008.0"
"2026-08-15","03:18:43","Clear","Dry","Dark","2.4","29.3","3328","57232","30.3","29%","34.1","","Opened","7.380","35","Safe","Calm","6.8","32","11.8","15.2","996.8","1008.0"
"2026-08-15","03:18:53","Clear","Dry","Dark","2.4","29.4","3328","57232","30.3","29%","34.1","","Opened","7.339","35","Safe","Calm","7.1","32","11.8","15.2","996.8","1008.1"
"2026-08-15","03:19:03","Clear","Dry","Dark","2.3","29.4","3328","57232","30.3","29%","34.1","","Opened","7.518","35","Safe","Calm","6.6","32","11.8","15.2","996.8","1008.0"
"2026-08-15","03:19:13","Clear","Dry","Dark","2.3","29.3","3328","57232","30.3","29%","34.1","","Opened","7.373","35","Safe","Calm","6.5","32","11.8","15.1","996.7","1008.0"
"2026-08-15","03:19:23","Clear","Dry","Dark","2.3","29.3","3328","57232","30.3","29%","34.1","","Opened","7.339","35","Safe","Calm","6.2","32","11.8","15.1","996.9","1008.2"
"2026-08-15","03:19:33","Clear","Dry","Dark","2.3","29.3","3328","57232","30.3","29%","34.2","","Opened","7.300","35","Safe","Calm","6.1","32","11.8","15.2","996.8","1008.0"
"2026-08-15","03:19:43","Clear","Dry","Dark","2.4","29.3","3328","57232","30.3","29%","34.2","","Opened","7.251","35","Safe","Calm","5.5","32","11.8","15.2","996.8","1008.0"
"2026-08-15","03:19:53","Clear","Dry","Dark","2.5","29.3","3328","57232","30.3","29%","34.2","","Opened","7.340","35","Safe","Calm","5.5","32","11.8","15.3","996.7","1008.0"
"2026-08-15","03:20:03","Clear","Dry","Dark","2.5","29.3","3328","57232","30.3","29%","34.1","","Opened","7.530","35","Safe","Calm","5.8","32","11.8","15.4","996.8","1008.0"
"2026-08-15","03:20:13","Clear","Dry","Dark","2.4","29.4","3328","57232","30.3","29%","34.1","","Opened","7.285","35","Safe","Calm","5.7","32","11.8","15.2","996.7","1008.0"
"2026-08-15","03:20:23","Clear","Dry","Dark","2.3","29.4","3328","57232","30.3","29%","34.1","","Opened","7.378","35","Safe","Calm","6.1","32","11.8","15.2","996.8","1008.0"
"2026-08-15","03:20:33","Clear","Dry","Dark","2.3","29.3","3328","57232","30.3","29%","34.1","","Opened","7.322","35","Safe","Calm","6.4","32","11.8","15.1","996.8","1008.0"
"2026-08-15","03:20:43","Clear","Dry","Dark","2.3","29.3","3328","57232","30.3","29%","34.1","","Opened","7.268","35","Safe","Calm","6.6","32","11.9","15.1","996.7","1008.0"
"2026-08-15","03:20:53","Clear","Dry","Dark","2.6","29.3","3328","57232","30.3","29%","34.1","","Opened","7.369","35","Safe","Calm","6.6","32","11.8","15.4","996.8","1008.0"
"2026-08-15","03:21:03","Clear","Dry","Dark","2.5","29.4","3328","57232","30.3","29%","34.1","","Opened","7.663","35","Safe","Calm","6.6","32","11.8","15.3","996.8","1008.0"
"2026-08-15","03:21:13","Clear","Dry","Dark","2.4","29.4","3328","57232","30.3","29%","34.1","","Opened","7.295","35","Safe","Calm","6.5","32","11.9","15.2","996.8","1008.0"
"2026-08-15","03:21:23","Clear","Dry","Dark","2.3","29.4","3328","57232","30.3","29%","34.1","","Opened","7.370","35","Safe","Calm","6.1","32","11.9","15.1","996.7","1008.0"
"2026-08-15","03:21:33","Clear","Dry","Dark","2.4","29.4","3328","57232","30.3","29%","34.2","","Opened","7.360","35","Safe","Calm","5.9","32","11.9","15.2","996.7","1008.0"
"2026-08-15","03:21:43","Clear","Dry","Dark","2.4","29.4","3328","57232","30.3","29%","34.1","","Opened","7.347","35","Safe","Calm","6.1","32","11.9","15.2","996.7","1008.0"
"2026-08-15","03:21:53","Clear","Dry","Dark","2.5","29.4","3328","57232","30.3","29%","34.1","","Opened","7.340","35","Safe","Calm","6.1","32","11.9","15.4","996.7","1008.0"
"2026-08-15","03:22:03","Clear","Dry","Dark","2.4","29.4","3328","57232","30.3","29%","34.2","","Opened","7.556","35","Safe","Calm","5.8","32","11.9","15.2","996.8","1008.0"
"2026-08-15","03:22:13","Clear","Dry","Dark","2.5","29.4","3328","57232","30.3","29%","34.2","","Opened","7.331","35","Safe","Calm","6.2","32","11.9","15.3","996.7","1008.0"
"2026-08-15","03:22:23","Clear","Dry","Dark","2.4","29.4","3328","57232","30.3","29%","34.1","","Opened","7.299","35","Safe","Calm","6.5","32","11.9","15.2","996.8","1008.0"
"2026-08-15","03:22:33","Clear","Dry","Dark","2.6","29.4","3328","57232","30.3","29%","34.1","","Opened","7.397","35","Safe","Calm","7.2","32","11.9","15.4","996.7","1008.0"
"2026-08-15","03:22:43","Clear","Dry","Dark","2.3","29.4","3328","57232","30.3","29%","34.1","","Opened","7.345","35","Safe","Calm","7.5","32","11.8","15.2","996.7","1008.0"
"2026-08-15","03:22:53","Clear","Dry","Dark","2.4","29.4","3328","57232","30.3","29%","34.0","Heating UP","Opened","7.411","35","Safe","Calm","7.5","32","11.9","15.2","996.7","1008.0"
"2026-08-15","03:23:03","Clear","Dry","Dark","2.3","29.4","3328","57232","30.3","30%","34.1","","Opened","7.529","35","Safe","Calm","7.5","32","11.9","15.1","996.6","1007.9"
"2026-08-15","03:23:13","Clear","Dry","Dark","2.2","29.4","3328","57232","30.3","30%","34.1","","Opened","7.354","35","Safe","Calm","7.1","32","11.9","15.0","996.7","1008.0"
"2026-08-15","03:23:23","Clear","Dry","Dark","2.4","29.4","3328","57232","30.3","30%","34.1","","Opened","7.323","35","Safe","Calm","7.1","32","11.9","15.2","996.7","1008.0"
"2026-08-15","03:23:33","Clear","Dry","Dark","2.5","29.4","3328","57232","30.3","30%","34.1","","Opened","7.283","35","Safe","Calm","6.5","32","11.9","15.3","996.7","1008.0"
"2026-08-15","03:23:43","Clear","Dry","Dark","2.4","29.4","3328","57232","30.3","30%","34.2","","Opened","7.361","35","Safe","Calm","6.2","32","11.9","15.2","996.8","1008.0"
"2026-08-15","03:23:53","Clear","Dry","Dark","2.5","29.4","3328","57232","30.3","30%","34.1","","Opened","7.301","35","Safe","Calm","6.2","32","11.9","15.3","996.7","1008.0"
"2026-08-15","03:24:03","Clear","Dry","Dark","2.4","29.4","3328","57232","30.3","30%","34.2","","Opened","7.584","35","Safe","Calm","6.6","32","11.9","15.3","996.7","1008.0"
"2026-08-15","03:24:13","Clear","Dry","Dark","2.5","29.4","3328","57232","30.3","30%","34.1","","Opened","7.354","35","Safe","Calm","6.9","32","12.0","15.3","996.7","1008.0"
"2026-08-15","03:24:23","Clear","Dry","Dark","2.3","29.4","3328","57232","30.3","30%","34.1","","Opened","7.329","35","Safe","Calm","6.8","32","11.9","15.1","996.6","1007.9"
"2026-08-15","03:24:33","Clear","Dry","Dark","2.4","29.4","3328","57232","30.3","30%","34.1","","Opened","7.268","35","Safe","Calm","6.8","32","12.0","15.2","996.7","1008.0"
"2026-08-15","03:24:43","Clear","Dry","Dark","2.4","29.4","3328","57232","30.3","30%","34.1","","Opened","7.343","35","Safe","Calm","6.8","32","12.0","15.2","996.7","1008.0"
"2026-08-15","03:24:53","Clear","Dry","Dark","2.5","29.4","3328","57232","30.3","30%","34.1","","Opened","7.305","35","Safe","Calm","6.8","32","12.0","15.3","996.7","1008.0"
"2026-08-15","03:25:03","Clear","Dry","Dark","2.3","29.4","3328","57232","30.3","30%","34.1","","Opened","7.566","35","Safe","Calm","6.4","32","12.0","15.1","996.6","1007.9"
"2026-08-15","03:25:13","Clear","Dry","Dark","2.3","29.4","3328","57232","30.3","30%","34.2","","Opened","7.372","35","Safe","Calm","5.9","32","12.0","15.1","996.7","1008.0"
"2026-08-15","03:25:23","Clear","Dry","Dark","2.4","29.4","3328","57232","30.3","30%","34.2","","Opened","7.343","35","Safe","Calm","5.9","32","12.0","15.2","996.8","1008.0"
"2026-08-15","03:25:33","Clear","Dry","Dark","2.3","29.3","3328","57232","30.3","30%","34.3","","Opened","7.315","35","Safe","Calm","5.9","32","12.0","15.1","996.7","1008.0"
"2026-08-15","03:25:43","Clear","Dry","Dark","2.3","29.3","3328","57232","30.3","30%","34.2","","Opened","7.289","35","Safe","Calm","5.9","33","12.0","15.1","996.8","1008.1"
"2026-08-15","03:25:53","Clear","Dry","Dark","2.4","29.3","3328","57232","30.3","30%","34.2","","Opened","7.360","35","Safe","Calm","5.9","33","12.0","15.2","996.7","1008.0"
"2026-08-15","03:26:03","Clear","Dry","Dark","2.3","29.3","3328","57232","30.3","30%","34.2","","Opened","7.603","35","Safe","Calm","6.1","33","12.0","15.1","996.6","1007.9"
"2026-08-15","03:26:13","Clear","Dry","Dark","2.3","29.3","3328","57232","30.3","30%","34.2","","Opened","7.387","35","Safe","Calm","6.4","33","12.0","15.1","996.7","1008.0"
"2026-08-15","03:26:23","Clear","Dry","Dark","2.5","29.3","3328","57232","30.3","30%","34.2","","Opened","7.338","35","Safe","Calm","6.4","33","12.1","15.4","996.6","1007.9"
"2026-08-15","03:26:33","Clear","Dry","Dark","2.3","29.3","3328","57232","30.3","30%","34.2","","Opened","7.276","35","Safe","Calm","6.4","33","12.0","15.1","996.7","1008.0"
"2026-08-15","03:26:43","Clear","Dry","Dark","2.4","29.3","3328","57232","30.3","30%","34.2","","Opened","7.349","35","Safe","Calm","6.5","33","12.0","15.2","996.8","1008.1"
"2026-08-15","03:26:53","Clear","Dry","Dark","2.4","29.3","3328","57232","30.3","30%","34.2","","Opened","7.319","35","Safe","Calm","6.2","33","12.1","15.2","996.7","1008.0"
"2026-08-15","03:27:03","Clear","Dry","Dark","2.4","29.3","3328","57232","30.3","30%","34.2","","Opened","7.536","35","Safe","Calm","6.4","33","12.1","15.2","996.7","1008.0"
"2026-08-15","03:27:13","Clear","Dry","Dark","2.4","29.4","3328","57232","30.3","30%","34.2","","Opened","7.366","35","Safe","Calm","6.6","33","12.1","15.2","996.8","1008.0"
"2026-08-15","03:27:23","Clear","Dry","Dark","2.4","29.4","3328","57232","30.3","30%","34.2","","Opened","7.351","35","Safe","Calm","6.6","33","12.1","15.2","996.7","1008.0"
"2026-08-15","03:27:33","Clear","Dry","Dark","2.2","29.3","3328","57232","30.3","30%","34.2","","Opened","7.298","35","Safe","Calm","6.2","33","12.1","15.0","996.7","1008.0"
"2026-08-15","03:27:43","Clear","Dry","Dark","2.1","29.3","3328","57232","30.3","30%","34.3","","Opened","7.394","35","Safe","Calm","5.7","33","12.1","14.9","996.7","1008.0"
"2026-08-15","03:27:53","Clear","Dry","Dark","2.3","29.3","3328","57232","30.3","30%","34.4","","Opened","7.368","35","Safe","Calm","5.5","33","12.1","15.1","996.7","1008.0"
"2026-08-15","03:28:03","Clear","Dry","Dark","2.4","29.3","3328","57232","30.3","30%","34.3","","Opened","7.529","35","Safe","Calm","5.4","33","12.1","15.2","996.8","1008.1"
"2026-08-15","03:28:13","Clear","Dry","Dark","2.2","29.3","3328","57232","30.3","30%","34.4","","Opened","7.304","35","Safe","Calm","4.7","33","12.1","15.0","996.8","1008.1"
"2026-08-15","03:28:23","Clear","Dry","Dark","2.1","29.2","3328","57232","30.3","30%","34.4","","Opened","7.381","35","Safe","Calm","3.8","33","12.1","14.9","996.7","1008.0"
"2026-08-15","03:28:33","Clear","Dry","Dark","2.2","29.2","3328","57232","30.3","30%","34.5","","Opened","7.326","35","Safe","Calm","4.0","33","12.1","15.0","996.8","1008.1"
"2026-08-15","03:28:43","Clear","Dry","Dark","2.5","29.2","3328","57232","30.3","30%","34.4","","Opened","7.285","35","Safe","Calm","4.9","33","12.1","15.3","996.7","1008.0"
"2026-08-15","03:28:53","Clear","Dry","Dark","2.4","29.2","3328","57232","30.3","30%","34.3","","Opened","7.364","35","Safe","Calm","5.6","33","12.1","15.2","996.6","1007.9"
"2026-08-15","03:29:03","Clear","Dry","Dark","2.4","29.3","3328","57232","30.3","30%","34.2","","Opened","7.476","35","Safe","Calm","5.6","33","12.1","15.2","996.7","1008.0"
"2026-08-15","03:29:13","Clear","Dry","Dark","2.4","29.3","3328","57232","30.3","30%","34.2","","Opened","7.380","35","Safe","Calm","5.9","33","12.1","15.2","996.7","1008.0"
"2026-08-15","03:29:23","Clear","Dry","Dark","2.3","29.3","3328","57232","30.3","30%","34.2","","Opened","7.322","35","Safe","Calm","7.1","33","12.1","15.1","996.7","1008.0"
"2026-08-15","03:29:33","Clear","Dry","Dark","2.2","29.3","3328","57232","30.3","30%","34.2","","Opened","7.260","35","Safe","Calm","7.2","33","12.2","15.1","996.7","1008.0"
"2026-08-15","03:29:43","Clear","Dry","Dark","2.2","29.3","3328","57232","30.2","30%","34.2","","Opened","7.326","35","Safe","Calm","6.5","33","12.1","15.0","996.7","1008.0"
"2026-08-15","03:29:53","Clear","Dry","Dark","2.2","29.2","3328","57232","30.3","30%","34.2","","Opened","7.284","35","Safe","Calm","5.7","33","12.2","15.0","996.7","1008.0"
"2026-08-15","03:30:03","Clear","Dry","Dark","2.2","29.2","3328","57232","30.2","30%","34.3","","Opened","7.603","35","Safe","Calm","5.5","33","12.1","15.0","996.8","1008.1"
"2026-08-15","03:30:13","Clear","Dry","Dark","2.3","29.2","3328","57232","30.2","30%","34.3","","Opened","7.308","35","Safe","Calm","5.5","33","12.2","15.1","996.7","1008.0"
"2026-08-15","03:30:23","Clear","Dry","Dark","2.3","29.2","3328","57232","30.2","30%","34.3","","Opened","7.387","35","Safe","Calm","5.2","33","12.1","15.1","996.7","1008.0"
"2026-08-15","03:30:33","Clear","Dry","Dark","2.3","29.2","3328","57232","30.2","30%","34.3","","Opened","7.335","35","Safe","Calm","4.8","33","12.2","15.1","996.7","1008.0"
"2026-08-15","03:30:43","Clear","Dry","Dark","2.1","29.2","3328","57232","30.2","30%","34.3","","Opened","7.286","35","Safe","Calm","4.8","33","12.1","14.9","996.8","1008.0"
"2026-08-15","03:30:53","Clear","Dry","Dark","2.3","29.2","3328","57232","30.2","30%","34.3","","Opened","7.385","35","Safe","Calm","5.1","33","12.2","15.1","996.7","1008.0"
"2026-08-15","03:31:03","Clear","Dry","Dark","2.2","29.2","3328","57232","30.2","30%","34.3","","Opened","7.529","35","Safe","Calm","4.8","33","12.1","15.0","996.8","1008.0"
"2026-08-15","03:31:13","Clear","Dry","Dark","2.1","29.2","3328","57232","30.3","30%","34.4","","Opened","7.283","35","Safe","Calm","3.9","33","12.2","14.9","996.7","1008.0"
"2026-08-15","03:31:23","Clear","Dry","Dark","2.2","29.2","3328","57232","30.3","30%","34.5","","Opened","7.368","35","Safe","Calm","3.6","33","12.1","15.0","996.8","1008.0"
"2026-08-15","03:31:33","Clear","Dry","Dark","2.1","29.1","3328","57232","30.3","30%","34.5","","Opened","7.366","35","Safe","Calm","3.8","33","12.2","14.9","996.8","1008.0"
"2026-08-15","03:31:43","Clear","Dry","Dark","2.3","29.2","3328","57232","30.2","30%","34.5","","Opened","7.314","35","Safe","Calm","3.9","33","12.2","15.1","996.7","1008.0"
"2026-08-15","03:31:53","Clear","Dry","Dark","2.1","29.1","3328","57232","30.2","30%","34.5","","Opened","7.267","35","Safe","Calm","3.6","33","12.1","14.8","996.8","1008.0"
"2026-08-15","03:32:03","Clear","Dry","Dark","2.0","29.1","3328","57232","30.3","30%","34.5","","Opened","7.591","35","Safe","Calm","3.6","33","12.2","14.8","996.8","1008.0"
"2026-08-15","03:32:13","Clear","Dry","Dark","2.4","29.1","3328","57232","30.2","30%","34.5","","Opened","7.312","35","Safe","Calm","4.8","33","12.2","15.2","996.7","1008.0"
"2026-08-15","03:32:23","Clear","Dry","Dark","2.2","29.1","3328","57232","30.2","30%","34.4","","Opened","7.257","35","Safe","Calm","5.0","33","12.2","15.0","996.8","1008.0"
"2026-08-15","03:32:33","Clear","Dry","Dark","2.1","29.1","3328","57232","30.2","30%","34.5","","Opened","7.325","35","Safe","Calm","4.2","33","12.2","14.9","996.7","1008.0"
"2026-08-15","03:32:43","Clear","Dry","Dark","2.3","29.1","3328","57232","30.2","30%","34.5","","Opened","7.284","35","Safe","Calm","4.0","33","12.2","15.1","996.7","1008.0"
"2026-08-15","03:32:53","Clear","Dry","Dark","2.3","29.1","3328","57232","30.3","30%","34.5","","Opened","7.365","35","Safe","Calm","4.3","33","12.3","15.1","996.7","1008.0"
"2026-08-15","03:33:03","Clear","Dry","Dark","2.1","29.1","3328","57232","30.2","30%","34.4","","Opened","7.580","35","Safe","Calm","4.6","33","12.2","14.9","996.7","1008.0"
"2026-08-15","03:33:13","Clear","Dry","Dark","2.1","29.1","3328","57232","30.2","30%","34.4","","Opened","7.288","35","Safe","Calm","4.2","33","12.2","14.9","996.7","1008.0"
"2026-08-15","03:33:23","Clear","Dry","Dark","2.3","29.1","3328","57232","30.2","30%","34.4","","Opened","7.393","35","Safe","Calm","4.0","33","12.2","15.0","996.7","1008.0"
"2026-08-15","03:33:33","Clear","Dry","Dark","2.0","29.0","3328","57232","30.2","30%","34.5","","Opened","7.340","35","Safe","Calm","4.7","33","12.2","14.8","996.8","1008.0"
"2026-08-15","03:33:43","Clear","Dry","Dark","2.0","29.0","3328","57232","30.2","30%","34.5","","Opened","7.312","35","Safe","Calm","4.5","33","12.2","14.8","996.8","1008.0"
"2026-08-15","03:33:53","Clear","Dry","Dark","2.0","29.0","3328","57232","30.2","30%","34.6","Heating DOWN","Opened","7.431","35","Safe","Calm","3.6","33","12.2","14.8","996.6","1007.9"
"2026-08-15","03:34:03","Clear","Dry","Dark","2.0","29.0","3328","57232","30.2","29%","34.7","Heating DOWN","Opened","7.586","35","Safe","Calm","2.7","33","12.2","14.8","996.7","1008.0"
"2026-08-15","03:34:13","Clear","Dry","Dark","2.1","29.0","3328","57232","30.2","27%","34.7","Heating DOWN","Opened","7.404","35","Safe","Calm","1.9","33","12.2","14.9","996.7","1008.0"
"2026-08-15","03:34:23","Clear","Dry","Dark","1.9","28.9","3328","57232","30.2","25%","34.7","Heating DOWN","Opened","7.393","35","Safe","Calm","1.3","33","12.2","14.7","996.8","1008.0"
"2026-08-15","03:34:33","Clear","Dry","Dark","2.3","28.9","3328","57232","30.2","23%","34.6","","Opened","7.326","35","Safe","Calm","1.7","33","12.2","15.1","996.8","1008.0"
"2026-08-15","03:34:43","Clear","Dry","Dark","2.2","29.0","3328","57232","30.2","23%","34.5","","Opened","7.285","35","Safe","Calm","2.1","33","12.2","15.0","996.6","1007.9"
"2026-08-15","03:34:53","Clear","Dry","Dark","2.2","29.0","3328","57232","30.2","23%","34.4","","Opened","7.359","35","Safe","Calm","3.0","33","12.2","14.9","996.7","1008.0"
"2026-08-15","03:35:03","Clear","Dry","Dark","2.1","29.0","3328","57232","30.2","23%","34.3","","Opened","7.525","35","Safe","Calm","3.7","33","12.2","14.8","996.7","1008.0"
"2026-08-15","03:35:13","Clear","Dry","Dark","2.1","29.0","3328","57232","30.2","23%","34.3","","Opened","7.348","35","Safe","Calm","3.7","33","12.2","14.8","996.7","1008.0"
"2026-08-15","03:35:23","Clear","Dry","Dark","2.2","28.9","3328","57232","30.2","23%","34.3","","Opened","7.311","35","Safe","Calm","3.7","33","12.2","15.0","996.7","1008.0"
"2026-08-15","03:35:33","Clear","Dry","Dark","1.9","28.9","3328","57232","30.2","23%","34.3","","Opened","7.378","35","Safe","Calm","2.6","33","12.3","14.7","996.8","1008.0"
"2026-08-15","03:35:43","Clear","Dry","Dark","1.8","28.9","3328","57232","30.2","23%","34.3","","Opened","7.320","35","Safe","Calm","1.6","33","12.2","14.6","996.7","1008.0"
"2026-08-15","03:35:53","Clear","Dry","Dark","2.0","28.9","3328","57232","30.2","23%","34.3","","Opened","7.282","35","Safe","Calm","0.6","33","12.2","14.8","996.7","1008.0"
"2026-08-15","03:36:03","Clear","Dry","Dark","2.5","28.9","3328","57232","30.2","23%","34.3","","Opened","7.626","35","Safe","Calm","1.1","33","12.2","15.3","996.7","1008.0"
"2026-08-15","03:36:13","Clear","Dry","Dark","2.1","28.9","3328","57232","30.2","23%","34.2","","Opened","7.322","35","Safe","Calm","1.7","33","12.3","14.8","996.7","1008.0"
"2026-08-15","03:36:23","Clear","Dry","Dark","2.0","28.9","3328","57232","30.2","23%","34.2","","Opened","7.262","35","Safe","Calm","1.7","33","12.3","14.8","996.7","1008.0"
"2026-08-15","03:36:33","Clear","Dry","Dark","2.4","28.9","3328","57232","30.2","23%","34.2","","Opened","7.331","35","Safe","Calm","2.6","33","12.3","15.1","996.8","1008.0"
"2026-08-15","03:36:43","Clear","Dry","Dark","2.2","28.9","3328","57232","30.2","23%","34.1","","Opened","7.322","35","Safe","Calm","3.4","33","12.3","14.9","996.8","1008.0"
"2026-08-15","03:36:53","Clear","Dry","Dark","1.7","28.9","3328","57232","30.2","23%","34.1","","Opened","7.270","35","Safe","Calm","4.0","33","12.3","14.5","996.7","1008.0"
"2026-08-15","03:37:03","Clear","Dry","Dark","1.7","28.8","3328","57232","30.2","23%","34.1","","Opened","7.533","35","Safe","Calm","3.0","33","12.2","14.5","996.8","1008.0"
"2026-08-15","03:37:13","Clear","Dry","Dark","1.6","28.8","3328","57232","30.2","23%","34.1","","Opened","7.285","35","Safe","Calm","2.3","33","12.3","14.4","996.8","1008.0"
"2026-08-15","03:37:23","Clear","Dry","Dark","1.5","28.7","3328","57232","30.2","23%","34.1","","Opened","7.370","35","Safe","Calm","2.3","33","12.3","14.3","996.7","1008.0"
"2026-08-15","03:37:33","Clear","Dry","Dark","1.6","28.6","3328","57232","30.2","23%","34.1","","Opened","7.314","35","Safe","Calm","2.1","33","12.3","14.4","996.7","1008.0"
"2026-08-15","03:37:43","Clear","Dry","Dark","1.7","28.6","3328","57232","30.2","23%","34.1","","Opened","7.267","35","Safe","Calm","1.3","33","12.3","14.4","996.7","1008.0"
"2026-08-15","03:37:53","Clear","Dry","Dark","1.8","28.6","3328","57232","30.2","23%","34.1","","Opened","7.345","35","Safe","Calm","0.6","33","12.2","14.5","996.7","1008.0"
"2026-08-15","03:38:03","Clear","Dry","Dark","2.3","28.6","3328","57232","30.2","23%","34.1","","Opened","7.529","35","Safe","Calm","1.3","33","12.3","15.1","996.8","1008.0"
"2026-08-15","03:38:13","Clear","Dry","Dark","1.7","28.6","3328","57232","30.2","23%","34.1","","Opened","7.394","35","Safe","Calm","1.3","33","12.2","14.4","996.7","1008.0"
"2026-08-15","03:38:23","Clear","Dry","Dark","1.4","28.5","3328","57232","30.1","23%","34.1","","Opened","7.345","35","Safe","Calm","2.1","33","12.3","14.2","996.7","1008.0"
"2026-08-15","03:38:33","Clear","Dry","Dark","1.9","28.5","3328","57232","30.1","23%","34.0","","Opened","7.292","35","Safe","Calm","2.3","33","12.2","14.6","996.7","1008.0"
"2026-08-15","03:38:43","Clear","Dry","Dark","1.8","28.5","3328","57232","30.1","23%","34.0","","Opened","7.376","35","Safe","Calm","3.1","33","12.2","14.5","996.8","1008.0"
"2026-08-15","03:38:53","Clear","Dry","Dark","1.7","28.5","3328","57232","30.1","23%","34.1","","Opened","7.326","35","Safe","Calm","3.8","33","12.2","14.4","996.7","1008.0"
"2026-08-15","03:39:03","Clear","Dry","Dark","1.4","28.4","3328","57232","30.1","23%","34.0","","Opened","7.518","35","Safe","Calm","3.1","33","12.2","14.1","996.7","1008.0"
"2026-08-15","03:39:13","Clear","Dry","Dark","1.5","28.4","3328","57232","30.1","23%","34.0","","Opened","7.371","35","Safe","Calm","3.1","33","12.2","14.2","996.8","1008.0"
"2026-08-15","03:39:23","Clear","Dry","Dark","1.4","28.4","3328","57232","30.1","23%","34.0","","Opened","7.327","35","Safe","Calm","2.3","33","12.2","14.1","996.8","1008.0"
"2026-08-15","03:39:33","Clear","Dry","Dark","1.5","28.3","3328","57232","30.1","23%","34.0","","Opened","7.307","35","Safe","Calm","1.4","33","12.2","14.2","996.8","1008.1"
"2026-08-15","03:39:43","Clear","Dry","Dark","1.8","28.3","3328","57232","30.1","23%","34.0","","Opened","7.293","35","Safe","Calm","0.6","33","12.2","14.5","996.8","1008.1"
"2026-08-15","03:39:53","Clear","Dry","Dark","1.5","28.3","3328","57232","30.0","23%","34.0","","Opened","7.351","35","Safe","Calm","0.0","33","12.2","14.2","996.8","1008.0"
"2026-08-15","03:40:03","Clear","Dry","Dark","1.7","28.2","3328","57232","30.0","23%","33.8","","Opened","7.503","35","Safe","Calm","0.0","33","12.2","14.4","996.8","1008.0"
"2026-08-15","03:40:13","Clear","Dry","Dark","2.4","28.2","3328","57232","30.0","23%","33.8","","Opened","7.378","35","Safe","Calm","0.8","33","12.2","15.1","996.8","1008.0"
"2026-08-15","03:40:23","Clear","Dry","Dark","2.3","28.3","3328","57232","30.0","23%","33.7","","Opened","7.337","35","Safe","Calm","1.7","34","12.2","14.9","996.7","1008.0"
"2026-08-15","03:40:33","Clear","Dry","Dark","1.8","28.3","3328","57232","30.0","23%","33.7","","Opened","7.299","35","Safe","Calm","2.3","34","12.3","14.4","996.7","1008.0"
"2026-08-15","03:40:43","Clear","Dry","Dark","1.7","28.3","3328","57232","30.0","23%","33.7","","Opened","7.275","35","Safe","Calm","2.3","34","12.3","14.4","996.8","1008.0"
"2026-08-15","03:40:53","Clear","Dry","Dark","1.7","28.3","3328","57232","29.9","23%","33.7","","Opened","7.364","35","Safe","Calm","2.3","34","12.2","14.3","996.8","1008.0"
"2026-08-15","03:41:03","Clear","Dry","Dark","1.6","28.2","3328","57232","30.0","23%","33.7","","Opened","7.511","35","Safe","Calm","2.3","34","12.2","14.3","996.8","1008.0"
"2026-08-15","03:41:13","Clear","Dry","Dark","1.5","28.2","3328","57232","29.9","23%","33.7","","Opened","7.269","35","Safe","Calm","1.6","34","12.2","14.2","996.7","1008.0"
"2026-08-15","03:41:23","Clear","Dry","Dark","1.5","28.2","3328","57232","30.0","23%","33.7","","Opened","7.352","35","Safe","Calm","0.6","34","12.2","14.2","996.8","1008.0"
"2026-08-15","03:41:33","Clear","Dry","Dark","1.5","28.1","3328","57232","29.9","23%","33.8","","Opened","7.309","35","Safe","Calm","0.0","34","12.2","14.1","996.8","1008.0"
"2026-08-15","03:41:43","Clear","Dry","Dark","1.4","28.1","3328","57232","29.9","23%","33.8","","Opened","7.259","35","Safe","Calm","0.0","33","12.1","14.0","996.7","1008.0"
"2026-08-15","03:41:53","Clear","Dry","Dark","1.4","28.1","3328","57232","29.9","23%","33.7","","Opened","7.328","35","Safe","Calm","0.0","33","12.1","14.1","996.7","1008.0"
"2026-08-15","03:42:03","Clear","Dry","Dark","1.4","28.0","3328","57232","29.9","23%","33.7","","Opened","7.594","35","Safe","Calm","0.0","33","12.1","14.0","996.7","1008.0"
"2026-08-15","03:42:13","Clear","Dry","Dark","1.3","28.0","3328","57232","29.9","23%","33.7","","Opened","7.332","35","Safe","Calm","0.0","33","12.1","13.9","996.8","1008.0"
"2026-08-15","03:42:23","Clear","Dry","Dark","1.4","28.0","3328","57232","29.9","23%","33.8","","Opened","7.277","35","Safe","Calm","0.0","33","12.1","14.0","996.8","1008.0"
"2026-08-15","03:42:33","Clear","Dry","Dark","1.2","27.9","3328","57232","29.9","23%","33.8","","Opened","7.352","35","Safe","Calm","0.0","33","12.1","13.8","996.7","1008.0"
"2026-08-15","03:42:43","Clear","Dry","Dark","1.1","27.9","3328","57232","29.8","23%","33.7","","Opened","7.290","35","Safe","Calm","0.0","33","12.1","13.7","996.7","1008.0"
"2026-08-15","03:42:53","Clear","Dry","Dark","1.3","27.9","3328","57232","29.8","23%","33.7","","Opened","7.397","35","Safe","Calm","0.0","34","12.1","13.9","996.8","1008.0"
"2026-08-15","03:43:03","Clear","Dry","Dark","1.4","27.8","3328","57232","29.8","23%","33.6","","Opened","7.618","35","Safe","Calm","0.0","34","12.1","14.0","996.8","1008.0"
"2026-08-15","03:43:13","Clear","Dry","Dark","1.4","27.8","3328","57232","29.8","23%","33.6","","Opened","7.318","35","Safe","Calm","0.0","34","12.1","13.9","996.8","1008.0"
"2026-08-15","03:43:23","Clear","Dry","Dark","1.4","27.8","3328","57232","29.8","23%","33.6","","Opened","7.274","35","Safe","Calm","0.0","34","12.0","13.9","996.7","1008.0"
"2026-08-15","03:43:33","Clear","Dry","Dark","1.3","27.8","3328","57232","29.8","23%","33.5","","Opened","7.386","35","Safe","Calm","0.0","34","12.1","13.8","996.7","1008.0"
"2026-08-15","03:43:43","Clear","Dry","Dark","1.3","27.7","3328","57232","29.7","23%","33.5","","Opened","7.346","35","Safe","Calm","0.0","34","12.1","13.8","996.7","1008.0"
"2026-08-15","03:43:53","Clear","Dry","Dark","1.2","27.7","3328","57232","29.7","23%","33.5","","Opened","7.328","35","Safe","Calm","0.0","34","12.1","13.7","996.7","1008.0"
"2026-08-15","03:44:03","Clear","Dry","Dark","1.2","27.7","3328","57232","29.7","23%","33.5","","Opened","7.548","35","Safe","Calm","0.0","34","12.0","13.6","996.7","1008.0"
"2026-08-15","03:44:13","Clear","Dry","Dark","1.2","27.6","3328","57232","29.7","23%","33.5","","Opened","7.379","35","Safe","Calm","0.0","34","12.0","13.7","996.7","1008.0"
"2026-08-15","03:44:23","Clear","Dry","Dark","1.1","27.6","3328","57232","29.7","23%","33.5","","Opened","7.363","35","Safe","Calm","0.0","34","12.0","13.6","996.7","1008.0"
"2026-08-15","03:44:33","Clear","Dry","Dark","1.1","27.6","3328","57232","29.6","23%","33.4","","Opened","7.321","35","Safe","Calm","0.0","34","12.0","13.6","996.7","1008.0"
"2026-08-15","03:44:43","Clear","Dry","Dark","1.2","27.5","3328","57232","29.6","23%","33.4","","Opened","7.284","35","Safe","Calm","0.0","34","12.0","13.7","996.7","1008.0"
"2026-08-15","03:44:53","Clear","Dry","Dark","1.2","27.5","3328","57232","29.6","23%","33.3","","Opened","7.400","35","Safe","Calm","0.0","34","12.0","13.7","996.8","1008.1"
"2026-08-15","03:45:03","Clear","Dry","Dark","1.4","27.5","3328","57232","29.6","23%","33.2","Heating UP","Opened","7.677","35","Safe","Calm","0.0","34","12.1","13.8","996.7","1008.0"
"2026-08-15","03:45:13","Clear","Dry","Dark","1.4","27.5","3328","57232","29.5","24%","33.3","","Opened","7.396","35","Safe","Calm","0.0","34","12.0","13.8","996.8","1008.1"
"2026-08-15","03:45:23","Clear","Dry","Dark","1.3","27.4","3328","57232","29.5","24%","33.3","","Opened","7.335","35","Safe","Calm","0.6","34","12.0","13.7","996.8","1008.1"
"2026-08-15","03:45:33","Clear","Dry","Dark","1.6","27.4","3328","57232","29.5","24%","33.3","","Opened","7.276","35","Safe","Calm","0.6","34","12.0","14.0","996.8","1008.1"
"2026-08-15","03:45:43","Clear","Dry","Dark","1.4","27.4","3328","57232","29.5","24%","33.2","","Opened","7.367","35","Safe","Calm","0.6","34","12.0","13.8","996.7","1008.0"
"2026-08-15","03:45:53","Clear","Dry","Dark","1.5","27.4","3328","57232","29.4","24%","33.2","","Opened","7.311","35","Safe","Calm","0.6","34","12.0","13.9","996.8","1008.1"
"2026-08-15","03:46:03","Clear","Dry","Dark","1.6","27.4","3328","57232","29.4","24%","33.2","","Opened","7.529","35","Safe","Calm","0.6","34","12.0","14.0","996.7","1008.0"
"2026-08-15","03:46:13","Clear","Dry","Dark","1.7","27.3","3328","57232","29.4","24%","33.2","","Opened","7.385","35","Safe","Calm","0.6","34","12.0","14.0","996.7","1008.0"
"2026-08-15","03:46:23","Clear","Dry","Dark","2.0","27.3","3328","57232","29.4","24%","33.3","","Opened","7.350","35","Safe","Calm","0.0","34","11.9","14.3","996.7","1008.0"
"2026-08-15","03:46:33","Clear","Dry","Dark","2.1","27.3","3328","57232","29.4","24%","33.3","","Opened","7.297","35","Safe","Calm","0.0","34","11.9","14.4","996.8","1008.1"
"2026-08-15","03:46:43","Clear","Dry","Dark","1.9","27.3","3328","57232","29.3","24%","33.3","","Opened","7.387","35","Safe","Calm","0.0","34","12.0","14.2","996.8","1008.1"
"2026-08-15","03:46:53","Clear","Dry","Dark","1.9","27.3","3328","57232","29.3","24%","33.3","","Opened","7.333","35","Safe","Calm","0.0","34","12.0","14.2","996.8","1008.1"
"2026-08-15","03:47:03","Clear","Dry","Dark","1.9","27.3","3328","57232","29.3","24%","33.4","","Opened","7.495","35","Safe","Calm","0.0","34","12.0","14.2","996.8","1008.1"
"2026-08-15","03:47:13","Clear","Dry","Dark","1.9","27.3","3328","57232","29.3","24%","33.4","","Opened","7.410","35","Safe","Calm","0.0","34","12.0","14.2","996.8","1008.1"
"2026-08-15","03:47:23","Clear","Dry","Dark","1.8","27.3","3328","57232","29.3","24%","33.4","","Opened","7.403","35","Safe","Calm","0.0","34","12.0","14.1","996.8","1008.1"
"2026-08-15","03:47:33","Clear","Dry","Dark","1.9","27.3","3328","57232","29.3","24%","33.4","","Opened","7.360","35","Safe","Calm","0.0","34","12.0","14.1","996.8","1008.1"
"2026-08-15","03:47:43","Clear","Dry","Dark","1.7","27.3","3328","57232","29.3","24%","33.4","","Opened","7.315","35","Safe","Calm","0.0","34","12.0","14.0","996.8","1008.1"
"2026-08-15","03:47:53","Clear","Dry","Dark","1.7","27.3","3328","57232","29.3","24%","33.4","","Opened","7.257","35","Safe","Calm","0.0","35","12.1","14.0","996.7","1008.0"
"2026-08-15","03:48:03","Clear","Dry","Dark","1.8","27.3","3328","57232","29.3","24%","33.4","","Opened","7.590","35","Safe","Calm","0.0","34","12.0","14.0","996.7","1008.0"
"2026-08-15","03:48:13","Clear","Dry","Dark","1.7","27.3","3328","57232","29.2","24%","33.4","","Opened","7.320","35","Safe","Calm","0.0","35","12.1","14.0","996.7","1008.0"
"2026-08-15","03:48:23","Clear","Dry","Dark","1.7","27.3","3328","57232","29.2","24%","33.3","","Opened","7.335","35","Safe","Calm","0.0","35","12.1","14.0","996.8","1008.1"
"2026-08-15","03:48:33","Clear","Dry","Dark","1.7","27.2","3328","57232","29.2","24%","33.3","","Opened","7.340","35","Safe","Calm","0.0","35","12.1","13.9","996.8","1008.1"
"2026-08-15","03:48:43","Clear","Dry","Dark","1.8","27.3","3328","57232","29.2","24%","33.3","","Opened","7.279","35","Safe","Calm","0.0","35","12.1","14.1","996.8","1008.1"
"2026-08-15","03:48:53","Clear","Dry","Dark","2.8","27.3","3328","57232","29.2","24%","33.2","","Opened","7.412","35","Safe","Calm","0.8","35","12.2","15.1","996.8","1008.1"
"2026-08-15","03:49:03","Clear","Dry","Dark","2.4","27.4","3328","57232","29.2","24%","33.3","","Opened","7.575","35","Safe","Calm","1.4","35","12.3","14.7","996.7","1008.0"
"2026-08-15","03:49:13","Clear","Dry","Dark","2.3","27.4","3328","57232","29.2","24%","33.3","","Opened","7.372","35","Safe","Calm","2.1","35","12.3","14.6","996.8","1008.1"
"2026-08-15","03:49:23","Clear","Dry","Dark","2.5","27.5","3328","57232","29.2","24%","33.2","","Opened","7.312","35","Safe","Calm","2.8","35","12.3","14.7","996.6","1007.9"
"2026-08-15","03:49:33","Clear","Dry","Dark","2.2","27.5","3328","57232","29.2","24%","33.3","","Opened","7.278","35","Safe","Calm","3.5","35","12.3","14.5","996.8","1008.1"
"2026-08-15","03:49:43","Clear","Dry","Dark","2.1","27.5","3328","57232","29.2","24%","33.3","","Opened","7.359","35","Safe","Calm","3.5","35","12.3","14.3","996.7","1008.0"
"2026-08-15","03:49:53","Clear","Dry","Dark","2.0","27.5","3328","57232","29.2","24%","33.3","","Opened","7.318","35","Safe","Calm","2.7","35","12.3","14.2","996.8","1008.1"
"2026-08-15","03:50:03","Clear","Dry","Dark","1.9","27.5","3328","57232","29.2","24%","33.3","","Opened","7.414","35","Safe","Calm","2.7","35","12.3","14.1","996.7","1008.0"
"2026-08-15","03:50:13","Clear","Dry","Dark","2.6","27.5","3328","57232","29.2","24%","33.3","","Opened","7.346","35","Safe","Calm","2.8","35","12.3","14.8","996.8","1008.1"
"2026-08-15","03:50:23","Clear","Dry","Dark","2.5","27.6","3328","57232","29.2","24%","33.3","","Opened","7.296","35","Safe","Calm","2.7","35","12.4","14.8","996.8","1008.1"
"2026-08-15","03:50:33","Clear","Dry","Dark","2.5","27.6","3328","57232","29.2","24%","33.3","","Opened","7.362","35","Safe","Calm","2.7","35","12.4","14.7","996.7","1008.0"
"2026-08-15","03:50:43","Clear","Dry","Dark","2.2","27.6","3328","57232","29.3","24%","33.3","","Opened","7.298","35","Safe","Calm","2.7","35","12.4","14.5","996.7","1008.0"
"2026-08-15","03:50:53","Clear","Dry","Dark","2.1","27.6","3328","57232","29.3","24%","33.3","","Opened","7.404","35","Safe","Calm","2.7","35","12.4","14.4","996.8","1008.1"
"2026-08-15","03:51:03","Clear","Dry","Dark","2.0","27.6","3328","57232","29.2","24%","33.3","","Opened","7.577","35","Safe","Calm","2.1","35","12.3","14.3","996.8","1008.1"
"2026-08-15","03:51:13","Clear","Dry","Dark","2.1","27.6","3328","57232","29.3","24%","33.3","","Opened","7.294","35","Safe","Calm","1.3","35","12.4","14.4","996.8","1008.1"
"2026-08-15","03:51:23","Clear","Dry","Dark","2.0","27.6","3328","57232","29.3","24%","33.4","","Opened","7.284","35","Safe","Calm","0.6","35","12.4","14.3","996.8","1008.1"
"2026-08-15","03:51:33","Clear","Dry","Dark","2.0","27.5","3328","57232","29.3","24%","33.4","","Opened","7.349","35","Safe","Calm","0.0","35","12.4","14.3","996.8","1008.1"
"2026-08-15","03:51:43","Clear","Dry","Dark","2.0","27.6","3328","57232","29.3","24%","33.4","","Opened","7.307","35","Safe","Calm","0.0","35","12.4","14.3","996.8","1008.1"
"2026-08-15","03:51:53","Clear","Dry","Dark","2.2","27.5","3328","57232","29.3","24%","33.5","","Opened","7.386","35","Safe","Calm","0.6","35","12.4","14.5","996.7","1008.0"
"2026-08-15","03:52:03","Clear","Dry","Dark","2.5","27.6","3328","57232","29.3","24%","33.4","","Opened","7.644","35","Safe","Calm","1.3","35","12.4","14.8","996.7","1008.0"
"2026-08-15","03:52:13","Clear","Dry","Dark","2.4","27.7","3328","57232","29.3","24%","33.4","","Opened","7.369","35","Safe","Calm","1.3","35","12.5","14.7","996.8","1008.1"
"2026-08-15","03:52:23","Clear","Dry","Dark","2.2","27.7","3328","57232","29.3","24%","33.4","","Opened","7.328","35","Safe","Calm","1.3","35","12.4","14.5","996.8","1008.1"
"2026-08-15","03:52:33","Clear","Dry","Dark","1.9","27.7","3328","57232","29.3","24%","33.4","","Opened","7.398","35","Safe","Calm","1.3","35","12.5","14.2","996.7","1008.0"
"2026-08-15","03:52:43","Clear","Dry","Dark","1.8","27.7","3328","57232","29.3","24%","33.4","","Opened","7.345","35","Safe","Calm","1.3","35","12.4","14.1","996.7","1008.0"
"2026-08-15","03:52:53","Clear","Dry","Dark","1.7","27.6","3328","57232","29.4","24%","33.4","","Opened","7.293","35","Safe","Calm","0.6","35","12.5","14.1","996.7","1008.0"
"2026-08-15","03:53:03","Clear","Dry","Dark","1.7","27.6","3328","57232","29.3","24%","33.4","","Opened","7.552","35","Safe","Calm","0.0","35","12.4","14.1","996.8","1008.1"
"2026-08-15","03:53:13","Clear","Dry","Dark","1.7","27.6","3328","57232","29.3","24%","33.4","","Opened","7.253","35","Safe","Calm","0.0","35","12.4","14.0","996.8","1008.1"
"2026-08-15","03:53:23","Clear","Dry","Dark","1.5","27.5","3328","57232","29.3","24%","33.4","","Opened","7.313","35","Safe","Calm","0.0","35","12.4","13.8","996.7","1008.0"
"2026-08-15","03:53:33","Clear","Dry","Dark","1.6","27.5","3328","57232","29.3","24%","33.4","","Opened","7.262","35","Safe","Calm","0.0","35","12.4","13.9","996.8","1008.1"
"2026-08-15","03:53:43","Clear","Dry","Dark","1.7","27.5","3328","57232","29.3","24%","33.4","","Opened","7.364","35","Safe","Calm","0.0","35","12.4","14.0","996.8","1008.1"
"2026-08-15","03:53:53","Clear","Dry","Dark","1.7","27.4","3328","57232","29.3","24%","33.4","","Opened","7.337","35","Safe","Calm","0.0","35","12.4","14.0","996.8","1008.1"
"2026-08-15","03:54:03","Clear","Dry","Dark","1.8","27.5","3328","57232","29.3","24%","33.4","","Opened","7.512","35","Safe","Calm","0.0","35","12.4","14.1","996.9","1008.2"
"2026-08-15","03:54:13","Clear","Dry","Dark","1.7","27.4","3328","57232","29.3","24%","33.4","","Opened","7.274","35","Safe","Calm","0.0","35","12.4","14.0","996.8","1008.1"
"2026-08-15","03:54:23","Clear","Dry","Dark","1.6","27.4","3328","57232","29.3","24%","33.4","","Opened","7.348","35","Safe","Calm","0.0","35","12.3","13.9","996.8","1008.1"
"2026-08-15","03:54:33","Clear","Dry","Dark","1.8","27.4","3328","57232","29.3","24%","33.4","","Opened","7.308","35","Safe","Calm","0.0","35","12.4","14.1","996.8","1008.1"
"2026-08-15","03:54:43","Clear","Dry","Dark","1.8","27.4","3328","57232","29.3","24%","33.4","","Opened","7.412","35","Safe","Calm","0.0","35","12.3","14.1","996.8","1008.1"
"2026-08-15","03:54:53","Clear","Dry","Dark","1.6","27.4","3328","57232","29.3","24%","33.4","","Opened","7.398","35","Safe","Calm","0.0","35","12.3","13.9","996.8","1008.1"
"2026-08-15","03:55:03","Clear","Dry","Dark","1.6","27.4","3328","57232","29.2","24%","33.4","","Opened","7.625","35","Safe","Calm","0.0","35","12.3","13.9","996.8","1008.1"
"2026-08-15","03:55:13","Clear","Dry","Dark","1.6","27.3","3328","57232","29.3","24%","33.4","","Opened","7.330","35","Safe","Calm","0.0","35","12.3","13.9","996.8","1008.1"
"2026-08-15","03:55:23","Clear","Dry","Dark","1.6","27.3","3328","57232","29.2","24%","33.4","","Opened","7.327","35","Safe","Calm","0.0","35","12.2","13.9","996.9","1008.2"
"2026-08-15","03:55:33","Clear","Dry","Dark","1.6","27.3","3328","57232","29.2","24%","33.4","","Opened","7.294","35","Safe","Calm","0.0","35","12.2","13.9","996.8","1008.1"
"2026-08-15","03:55:43","Clear","Dry","Dark","1.6","27.3","3328","57232","29.2","24%","33.3","","Opened","7.362","35","Safe","Calm","0.0","35","12.2","13.9","996.8","1008.1"
"2026-08-15","03:55:53","Clear","Dry","Dark","1.8","27.3","3328","57232","29.2","24%","33.3","","Opened","7.299","35","Safe","Calm","0.0","35","12.2","14.1","996.8","1008.1"
"2026-08-15","03:56:03","Clear","Dry","Dark","1.7","27.3","3328","57232","29.2","24%","33.4","","Opened","7.555","35","Safe","Calm","0.0","35","12.3","14.0","996.8","1008.1"
"2026-08-15","03:56:13","Clear","Dry","Dark","1.7","27.3","3328","57232","29.2","24%","33.4","","Opened","7.304","35","Safe","Calm","0.0","35","12.3","13.9","996.8","1008.1"
"2026-08-15","03:56:23","Clear","Dry","Dark","1.7","27.2","3328","57232","29.2","24%","33.3","","Opened","7.393","35","Safe","Calm","0.0","35","12.3","13.9","996.7","1008.0"
"2026-08-15","03:56:33","Clear","Dry","Dark","1.7","27.2","3328","57232","29.2","24%","33.3","","Opened","7.347","35","Safe","Calm","0.0","35","12.2","13.9","996.7","1008.0"
"2026-08-15","03:56:43","Clear","Dry","Dark","1.6","27.2","3328","57232","29.2","24%","33.3","","Opened","7.306","35","Safe","Calm","0.0","35","12.2","13.9","996.8","1008.1"
"2026-08-15","03:56:53","Clear","Dry","Dark","1.5","27.2","3328","57232","29.2","24%","33.2","","Opened","7.298","35","Safe","Calm","0.0","35","12.2","13.7","996.8","1008.1"
"2026-08-15","03:57:03","Clear","Dry","Dark","1.4","27.2","3328","57232","29.1","24%","33.2","","Opened","7.594","35","Safe","Calm","0.0","35","12.2","13.6","996.8","1008.1"
"2026-08-15","03:57:13","Clear","Dry","Dark","1.5","27.2","3328","57232","29.2","24%","33.2","","Opened","7.341","35","Safe","Calm","0.0","35","12.3","13.7","996.8","1008.1"
"2026-08-15","03:57:23","Clear","Dry","Dark","1.4","27.1","3328","57232","29.2","24%","33.2","","Opened","7.306","35","Safe","Calm","0.0","35","12.2","13.6","996.8","1008.1"
"2026-08-15","03:57:33","Clear","Dry","Dark","1.6","27.1","3328","57232","29.1","24%","33.1","","Opened","7.392","35","Safe","Calm","0.0","35","12.2","13.8","996.8","1008.1"
"2026-08-15","03:57:43","Clear","Dry","Dark","1.5","27.1","3328","57232","29.1","24%","33.2","","Opened","7.347","35","Safe","Calm","0.0","35","12.2","13.7","996.8","1008.1"
"2026-08-15","03:57:53","Clear","Dry","Dark","1.4","27.1","3328","57232","29.1","24%","33.2","","Opened","7.294","35","Safe","Calm","0.0","35","12.2","13.6","996.8","1008.1"
"2026-08-15","03:58:03","Clear","Dry","Dark","1.3","27.1","3328","57232","29.1","24%","33.2","","Opened","7.578","35","Safe","Calm","0.0","35","12.2","13.5","996.8","1008.1"
"2026-08-15","03:58:13","Clear","Dry","Dark","1.5","27.0","3328","57232","29.1","24%","33.2","","Opened","7.332","35","Safe","Calm","0.0","35","12.3","13.6","996.8","1008.1"
"2026-08-15","03:58:23","Clear","Dry","Dark","1.6","27.0","3328","57232","29.1","24%","33.1","","Opened","7.299","35","Safe","Calm","0.0","35","12.2","13.8","996.8","1008.1"
"2026-08-15","03:58:33","Clear","Dry","Dark","1.6","27.0","3328","57232","29.0","24%","33.1","","Opened","7.379","35","Safe","Calm","0.0","35","12.2","13.8","996.8","1008.1"
"2026-08-15","03:58:43","Clear","Dry","Dark","2.0","27.0","3328","57232","29.0","24%","33.1","","Opened","7.321","35","Safe","Calm","0.0","35","12.2","14.2","996.8","1008.1"
"2026-08-15","03:58:53","Clear","Dry","Dark","1.7","27.0","3328","57232","29.0","24%","33.1","","Opened","7.284","35","Safe","Calm","0.0","35","12.2","13.9","996.8","1008.1"
"2026-08-15","03:59:03","Clear","Dry","Dark","1.5","27.0","3328","57232","29.0","24%","33.1","","Opened","7.570","35","Safe","Calm","0.0","35","12.2","13.6","996.8","1008.1"
"2026-08-15","03:59:13","Clear","Dry","Dark","1.5","27.0","3328","57232","29.0","24%","33.2","","Opened","7.301","35","Safe","Calm","0.0","35","12.2","13.6","996.8","1008.1"
"2026-08-15","03:59:23","Clear","Dry","Dark","1.5","27.0","3328","57232","29.0","24%","33.2","","Opened","7.392","35","Safe","Calm","0.0","35","12.2","13.6","996.8","1008.1"
"2026-08-15","03:59:33","Clear","Dry","Dark","1.5","26.9","3328","57232","29.0","24%","33.2","","Opened","7.330","35","Safe","Calm","0.0","35","12.2","13.6","996.8","1008.1"
"2026-08-15","03:59:43","Clear","Dry","Dark","1.4","26.9","3328","57232","29.0","24%","33.1","","Opened","7.287","35","Safe","Calm","0.0","35","12.1","13.5","996.7","1008.0"
"2026-08-15","03:59:53","Clear","Dry","Dark","1.4","26.9","3328","57232","29.0","24%","33.1","","Opened","7.354","35","Safe","Calm","0.0","35","12.2","13.5","996.8","1008.1"
"2026-08-15","04:00:03","Clear","Dry","Dark","1.4","26.9","3328","57232","29.0","24%","33.1","","Opened","7.490","35","Safe","Calm","0.0","35","12.2","13.6","996.8","1008.1"
"2026-08-15","04:00:13","Clear","Dry","Dark","1.4","26.9","3328","57232","29.0","24%","33.1","","Opened","7.386","35","Safe","Calm","0.0","35","12.2","13.5","996.8","1008.1"
"2026-08-15","04:00:23","Clear","Dry","Dark","1.4","26.8","3328","57232","29.0","24%","33.1","","Opened","7.329","35","Safe","Calm","0.0","35","12.2","13.5","996.8","1008.1"
"2026-08-15","04:00:33","Clear","Dry","Dark","2.2","26.8","3328","57232","29.0","24%","33.1","","Opened","7.266","35","Safe","Calm","0.0","36","12.2","14.3","996.8","1008.1"
"2026-08-15","04:00:43","Clear","Dry","Dark","1.7","26.9","3328","57232","28.9","24%","33.1","","Opened","7.339","35","Safe","Calm","0.0","36","12.3","13.8","996.8","1008.1"
"2026-08-15","04:00:53","Clear","Dry","Dark","1.6","26.9","3328","57232","28.9","24%","33.0","","Opened","7.291","35","Safe","Calm","0.0","36","12.3","13.7","996.8","1008.1"
"2026-08-15","04:01:03","Clear","Dry","Dark","1.5","26.9","3328","57232","28.9","24%","33.1","","Opened","7.590","35","Safe","Calm","0.0","36","12.3","13.6","996.8","1008.1"
"2026-08-15","04:01:13","Clear","Dry","Dark","1.5","26.8","3328","57232","28.9","24%","33.1","","Opened","7.319","35","Safe","Calm","0.0","36","12.2","13.6","996.8","1008.1"
"2026-08-15","04:01:23","Clear","Dry","Dark","1.5","26.8","3328","57232","28.9","24%","33.1","","Opened","7.270","35","Safe","Calm","0.0","36","12.2","13.6","996.8","1008.1"
"2026-08-15","04:01:33","Clear","Dry","Dark","1.7","26.8","3328","57232","28.9","24%","33.1","","Opened","7.357","35","Safe","Calm","0.0","36","12.2","13.8","996.8","1008.1"
"2026-08-15","04:01:43","Clear","Dry","Dark","1.5","26.8","3328","57232","28.9","24%","33.1","","Opened","7.306","35","Safe","Calm","0.0","36","12.2","13.6","996.8","1008.1"
"2026-08-15","04:01:53","Clear","Dry","Dark","1.5","26.8","3328","57232","28.9","24%","33.1","","Opened","7.384","35","Safe","Calm","0.0","36","12.2","13.6","996.9","1008.2"
"2026-08-15","04:02:03","Clear","Dry","Dark","1.5","26.8","3328","57232","28.8","24%","33.1","","Opened","7.558","35","Safe","Calm","0.0","36","12.2","13.6","996.9","1008.2"
"2026-08-15","04:02:13","Clear","Dry","Dark","1.5","26.8","3328","57232","28.8","24%","33.1","","Opened","7.325","35","Safe","Calm","0.0","36","12.1","13.5","996.8","1008.1"
"2026-08-15","04:02:23","Clear","Dry","Dark","1.5","26.7","3328","57232","28.8","24%","33.0","","Opened","7.294","35","Safe","Calm","0.0","36","12.1","13.5","996.8","1008.1"
"2026-08-15","04:02:33","Clear","Dry","Dark","1.5","26.7","3328","57232","28.8","24%","33.0","","Opened","7.361","35","Safe","Calm","0.0","36","12.2","13.6","996.8","1008.1"
"2026-08-15","04:02:43","Clear","Dry","Dark","1.4","26.7","3328","57232","28.8","24%","33.1","","Opened","7.301","35","Safe","Calm","0.0","36","12.2","13.4","996.8","1008.1"
"2026-08-15","04:02:53","Clear","Dry","Dark","1.5","26.7","3328","57232","28.8","24%","33.1","","Opened","7.274","35","Safe","Calm","0.0","36","12.2","13.5","996.8","1008.1"
"2026-08-15","04:03:03","Clear","Dry","Dark","1.3","26.7","3328","57232","28.8","24%","33.1","","Opened","7.546","35","Safe","Calm","0.0","36","12.2","13.4","996.8","1008.1"
"2026-08-15","04:03:13","Clear","Dry","Dark","1.4","26.7","3328","57232","28.8","24%","33.1","","Opened","7.301","35","Safe","Calm","0.0","36","12.1","13.5","996.8","1008.1"
"2026-08-15","04:03:23","Clear","Dry","Dark","1.4","26.7","3328","57232","28.8","24%","33.1","","Opened","7.356","35","Safe","Calm","0.0","36","12.1","13.4","996.8","1008.1"
"2026-08-15","04:03:33","Clear","Dry","Dark","1.7","26.6","3328","57232","28.8","24%","33.1","Heating DOWN","Opened","7.440","35","Safe","Calm","0.0","36","12.1","13.7","996.8","1008.1"
"2026-08-15","04:03:43","Clear","Dry","Dark","1.7","26.6","3328","57232","28.8","23%","33.1","Heating DOWN","Opened","7.443","35","Safe","Calm","0.6","36","12.2","13.7","996.8","1008.1"
"2026-08-15","04:03:53","Clear","Dry","Dark","1.7","26.6","3328","57232","28.8","22%","33.1","Heating DOWN","Opened","7.449","35","Safe","Calm","1.3","36","12.3","13.7","996.8","1008.1"
"2026-08-15","04:04:03","Clear","Dry","Dark","1.8","26.6","3328","57232","28.7","21%","33.0","","Opened","7.489","35","Safe","Calm","2.1","36","12.3","13.8","996.8","1008.1"
"2026-08-15","04:04:13","Clear","Dry","Dark","1.6","26.6","3328","57232","28.7","21%","33.0","","Opened","7.384","35","Safe","Calm","2.7","36","12.4","13.5","996.7","1008.0"
"2026-08-15","04:04:23","Clear","Dry","Dark","1.6","26.6","3328","57232","28.7","21%","32.9","","Opened","7.334","35","Safe","Calm","2.7","36","12.4","13.6","996.8","1008.1"
"2026-08-15","04:04:33","Clear","Dry","Dark","1.5","26.6","3328","57232","28.7","21%","32.9","","Opened","7.281","35","Safe","Calm","2.7","36","12.3","13.5","996.8","1008.1"
"2026-08-15","04:04:43","Clear","Dry","Dark","1.5","26.6","3328","57232","28.7","21%","32.8","","Opened","7.369","35","Safe","Calm","2.1","36","12.2","13.4","996.8","1008.1"
"2026-08-15","04:04:53","Clear","Dry","Dark","1.3","26.6","3328","57232","28.7","21%","32.8","","Opened","7.313","35","Safe","Calm","1.4","36","12.2","13.3","996.8","1008.1"
"2026-08-15","04:05:03","Clear","Dry","Dark","1.4","26.6","3328","57232","28.7","21%","32.8","","Opened","7.443","35","Safe","Calm","0.6","36","12.2","13.4","996.8","1008.1"
"2026-08-15","04:05:13","Clear","Dry","Dark","1.3","26.6","3328","57232","28.7","21%","32.6","","Opened","7.359","35","Safe","Calm","0.0","36","12.2","13.3","996.8","1008.1"
"2026-08-15","04:05:23","Clear","Dry","Dark","1.4","26.6","3328","57232","28.7","21%","32.6","","Opened","7.309","35","Safe","Calm","0.0","36","12.2","13.4","996.8","1008.1"
"2026-08-15","04:05:33","Clear","Dry","Dark","1.3","26.6","3328","57232","28.7","21%","32.6","","Opened","7.383","35","Safe","Calm","0.0","36","12.2","13.2","996.8","1008.1"
"2026-08-15","04:05:43","Clear","Dry","Dark","1.4","26.5","3328","57232","28.6","21%","32.5","","Opened","7.334","35","Safe","Calm","0.0","36","12.2","13.4","996.8","1008.1"
"2026-08-15","04:05:53","Clear","Dry","Dark","1.6","26.5","3328","57232","28.6","21%","32.4","","Opened","7.273","35","Safe","Calm","0.0","36","12.3","13.6","996.8","1008.2"
"2026-08-15","04:06:03","Clear","Dry","Dark","2.1","26.6","3328","57232","28.6","21%","32.3","","Opened","7.524","35","Safe","Calm","0.6","37","12.3","14.0","996.8","1008.1"
"2026-08-15","04:06:13","Clear","Dry","Dark","2.0","26.6","3328","57232","28.6","21%","32.3","","Opened","7.301","35","Safe","Calm","0.6","37","12.3","13.9","996.8","1008.2"
"2026-08-15","04:06:23","Clear","Dry","Dark","1.7","26.6","3328","57232","28.6","21%","32.3","","Opened","7.365","35","Safe","Calm","0.6","37","12.3","13.6","996.8","1008.1"
"2026-08-15","04:06:33","Clear","Dry","Dark","1.7","26.6","3328","57232","28.6","21%","32.4","","Opened","7.328","35","Safe","Calm","0.6","37","12.3","13.6","996.8","1008.2"
"2026-08-15","04:06:43","Clear","Dry","Dark","1.6","26.6","3328","57232","28.6","21%","32.4","","Opened","7.297","35","Safe","Calm","0.6","37","12.4","13.6","996.8","1008.2"
"2026-08-15","04:06:53","Clear","Dry","Dark","1.4","26.6","3328","57232","28.6","21%","32.3","","Opened","7.369","35","Safe","Calm","0.6","37","12.4","13.3","996.8","1008.1"
"2026-08-15","04:07:03","Clear","Dry","Dark","1.5","26.6","3328","57232","28.6","21%","32.3","","Opened","7.513","35","Safe","Calm","0.0","37","12.6","13.4","996.8","1008.2"
"2026-08-15","04:07:13","Clear","Dry","Dark","1.5","26.6","3328","57232","28.5","21%","32.2","Heating UP","Opened","7.404","35","Safe","Calm","0.0","37","12.5","13.4","996.8","1008.1"
"2026-08-15","04:07:23","Clear","Dry","Dark","1.6","26.6","3328","57232","28.5","22%","32.2","Heating UP","Opened","7.444","35","Safe","Calm","0.0","37","12.4","13.5","996.8","1008.2"
"2026-08-15","04:07:33","Clear","Dry","Dark","1.7","26.6","3328","57232","28.5","23%","32.1","Heating UP","Opened","7.428","35","Safe","Calm","0.0","37","12.4","13.6","996.9","1008.2"
"2026-08-15","04:07:43","Clear","Dry","Dark","1.7","26.6","3328","57232","28.5","24%","32.2","","Opened","7.289","35","Safe","Calm","0.0","37","12.4","13.6","996.7","1008.0"
"2026-08-15","04:07:53","Clear","Dry","Dark","1.5","26.6","3328","57232","28.5","24%","32.2","","Opened","7.371","35","Safe","Calm","0.0","37","12.5","13.4","996.8","1008.1"
"2026-08-15","04:08:03","Clear","Dry","Dark","1.6","26.6","3328","57232","28.5","24%","32.2","","Opened","7.589","35","Safe","Calm","0.0","37","12.4","13.4","996.8","1008.1"
"2026-08-15","04:08:13","Clear","Dry","Dark","1.5","26.5","3328","57232","28.5","24%","32.2","","Opened","7.307","35","Safe","Calm","0.0","37","12.4","13.4","996.8","1008.1"
"2026-08-15","04:08:23","Clear","Dry","Dark","1.5","26.5","3328","57232","28.5","24%","32.3","","Opened","7.327","35","Safe","Calm","0.0","37","12.3","13.3","996.9","1008.2"
"2026-08-15","04:08:33","Clear","Dry","Dark","1.6","26.5","3328","57232","28.5","24%","32.3","","Opened","7.275","35","Safe","Calm","0.0","37","12.3","13.4","996.8","1008.2"
"2026-08-15","04:08:43","Clear","Dry","Dark","1.8","26.5","3328","57232","28.5","24%","32.3","","Opened","7.364","35","Safe","Calm","0.0","37","12.3","13.6","996.8","1008.2"
"2026-08-15","04:08:53","Clear","Dry","Dark","1.5","26.5","3328","57232","28.5","24%","32.4","","Opened","7.317","35","Safe","Calm","0.0","37","12.3","13.4","996.8","1008.1"
"2026-08-15","04:09:03","Clear","Dry","Dark","1.4","26.5","3328","57232","28.5","24%","32.4","","Opened","7.489","35","Safe","Calm","0.0","37","12.3","13.3","996.8","1008.2"
"2026-08-15","04:09:13","Clear","Dry","Dark","1.5","26.4","3328","57232","28.5","24%","32.4","","Opened","7.349","35","Safe","Calm","0.0","37","12.3","13.4","996.7","1008.0"
"2026-08-15","04:09:23","Clear","Dry","Dark","1.5","26.4","3328","57232","28.5","24%","32.4","","Opened","7.299","35","Safe","Calm","0.0","37","12.3","13.4","996.8","1008.1"
"2026-08-15","04:09:33","Clear","Dry","Dark","1.6","26.4","3328","57232","28.5","24%","32.4","","Opened","7.388","35","Safe","Calm","0.0","37","12.4","13.5","996.8","1008.2"
"2026-08-15","04:09:43","Clear","Dry","Dark","1.7","26.5","3328","57232","28.4","24%","32.4","","Opened","7.336","35","Safe","Calm","0.0","37","12.4","13.5","996.8","1008.1"
"2026-08-15","04:09:53","Clear","Dry","Dark","1.8","26.4","3328","57232","28.4","24%","32.3","","Opened","7.288","35","Safe","Calm","0.0","37","12.5","13.6","996.8","1008.1"
"2026-08-15","04:10:03","Clear","Dry","Dark","1.7","26.4","3328","57232","28.4","24%","32.3","","Opened","7.618","35","Safe","Calm","0.0","37","12.5","13.5","996.8","1008.2"
"2026-08-15","04:10:13","Clear","Dry","Dark","1.7","26.4","3328","57232","28.4","24%","32.2","","Opened","7.324","35","Safe","Calm","0.0","38","12.6","13.5","996.8","1008.1"
"2026-08-15","04:10:23","Clear","Dry","Dark","1.8","26.4","3328","57232","28.4","24%","32.2","","Opened","7.284","35","Safe","Calm","0.0","38","12.5","13.6","996.8","1008.2"
"2026-08-15","04:10:33","Clear","Dry","Dark","1.7","26.4","3328","57232","28.3","24%","32.2","","Opened","7.357","35","Safe","Calm","0.0","38","12.5","13.5","996.8","1008.2"
"2026-08-15","04:10:43","Clear","Dry","Dark","1.8","26.4","3328","57232","28.3","24%","32.1","","Opened","7.371","35","Safe","Calm","0.0","38","12.5","13.6","996.7","1008.0"
"2026-08-15","04:10:53","Clear","Dry","Dark","1.7","26.4","3328","57232","28.3","24%","32.1","","Opened","7.309","35","Safe","Calm","0.0","38","12.5","13.5","996.8","1008.2"
"2026-08-15","04:11:03","Clear","Dry","Dark","1.7","26.4","3328","57232","28.3","24%","32.1","","Opened","7.422","35","Safe","Calm","0.0","38","12.6","13.5","996.8","1008.1"
"2026-08-15","04:11:13","Clear","Dry","Dark","1.6","26.4","3328","57232","28.3","24%","32.1","","Opened","7.330","35","Safe","Calm","0.0","38","12.5","13.4","996.8","1008.1"
"2026-08-15","04:11:23","Clear","Dry","Dark","1.8","26.4","3328","57232","28.3","24%","32.2","","Opened","7.278","35","Safe","Calm","0.0","38","12.5","13.6","996.8","1008.1"
"2026-08-15","04:11:33","Clear","Dry","Dark","1.9","26.4","3328","57232","28.3","24%","32.2","","Opened","7.368","35","Safe","Calm","0.0","38","12.4","13.7","996.8","1008.2"
"2026-08-15","04:11:43","Clear","Dry","Dark","1.8","26.4","3328","57232","28.3","24%","32.2","","Opened","7.314","35","Safe","Calm","0.0","37","12.4","13.5","996.8","1008.1"
"2026-08-15","04:11:53","Clear","Dry","Dark","1.9","26.4","3328","57232","28.3","24%","32.2","","Opened","7.297","35","Safe","Calm","0.0","38","12.4","13.7","996.8","1008.1"
"2026-08-15","04:12:03","Clear","Dry","Dark","2.1","26.4","3328","57232","28.3","24%","32.3","","Opened","7.570","35","Safe","Calm","0.0","37","12.4","13.9","996.8","1008.1"
"2026-08-15","04:12:13","Clear","Dry","Dark","1.8","26.4","3328","57232","28.3","24%","32.3","","Opened","7.340","35","Safe","Calm","0.0","37","12.3","13.6","996.7","1008.0"
"2026-08-15","04:12:23","Clear","Dry","Dark","1.9","26.4","3328","57232","28.3","24%","32.3","","Opened","7.300","35","Safe","Calm","0.0","37","12.3","13.7","996.8","1008.1"
"2026-08-15","04:12:33","Clear","Dry","Dark","1.8","26.4","3328","57232","28.3","24%","32.3","","Opened","7.366","35","Safe","Calm","0.0","37","12.3","13.6","996.8","1008.2"
"2026-08-15","04:12:43","Clear","Dry","Dark","1.9","26.4","3328","57232","28.3","24%","32.4","","Opened","7.336","35","Safe","Calm","0.0","37","12.3","13.6","996.8","1008.1"
"2026-08-15","04:12:53","Clear","Dry","Dark","2.1","26.5","3328","57232","28.3","24%","32.4","","Opened","7.279","35","Safe","Calm","0.0","37","12.4","13.9","996.8","1008.1"
"2026-08-15","04:13:03","Clear","Dry","Dark","1.9","26.5","3328","57232","28.3","24%","32.4","","Opened","7.542","35","Safe","Calm","0.6","37","12.4","13.7","996.8","1008.2"
"2026-08-15","04:13:13","Clear","Dry","Dark","2.0","26.6","3328","57232","28.3","24%","32.4","","Opened","7.306","35","Safe","Calm","1.6","37","12.4","13.8","996.8","1008.1"
"2026-08-15","04:13:23","Clear","Dry","Dark","1.9","26.6","3328","57232","28.3","24%","32.3","","Opened","7.382","35","Safe","Calm","2.3","37","12.4","13.7","996.7","1008.0"
"2026-08-15","04:13:33","Clear","Dry","Dark","1.7","26.6","3328","57232","28.4","24%","32.3","","Opened","7.336","35","Safe","Calm","3.0","37","12.4","13.5","996.8","1008.1"
"2026-08-15","04:13:43","Clear","Dry","Dark","1.7","26.6","3328","57232","28.4","24%","32.3","","Opened","7.291","35","Safe","Calm","3.0","37","12.4","13.5","996.8","1008.1"
"2026-08-15","04:13:53","Clear","Dry","Dark","1.8","26.6","3328","57232","28.4","24%","32.3","","Opened","7.371","35","Safe","Calm","3.0","37","12.4","13.6","996.7","1008.0"
"2026-08-15","04:14:03","Clear","Dry","Dark","1.6","26.6","3328","57232","28.4","24%","32.3","","Opened","7.571","35","Safe","Calm","2.3","37","12.4","13.4","996.8","1008.1"
"2026-08-15","04:14:13","Clear","Dry","Dark","1.7","26.6","3328","57232","28.4","24%","32.3","","Opened","7.313","35","Safe","Calm","1.4","37","12.4","13.5","996.7","1008.0"
"2026-08-15","04:14:23","Clear","Dry","Dark","1.6","26.6","3328","57232","28.4","24%","32.3","","Opened","7.385","35","Safe","Calm","0.6","37","12.4","13.4","996.8","1008.1"
"2026-08-15","04:14:33","Clear","Dry","Dark","1.7","26.5","3328","57232","28.4","24%","32.3","","Opened","7.333","35","Safe","Calm","0.0","37","12.4","13.5","996.8","1008.1"
"2026-08-15","04:14:43","Clear","Dry","Dark","1.6","26.5","3328","57232","28.4","24%","32.4","","Opened","7.283","35","Safe","Calm","0.0","37","12.4","13.4","996.8","1008.2"
"2026-08-15","04:14:53","Clear","Dry","Dark","1.6","26.5","3328","57232","28.4","24%","32.3","","Opened","7.367","35","Safe","Calm","0.0","37","12.5","13.4","996.8","1008.1"
"2026-08-15","04:15:03","Clear","Dry","Dark","1.5","26.5","3328","57232","28.4","24%","32.3","","Opened","7.609","35","Safe","Calm","0.0","37","12.4","13.3","996.7","1008.0"
"2026-08-15","04:15:13","Clear","Dry","Dark","1.6","26.5","3328","57232","28.4","24%","32.3","","Opened","7.327","35","Safe","Calm","0.0","37","12.5","13.4","996.7","1008.0"
"2026-08-15","04:15:23","Clear","Dry","Dark","1.5","26.5","3328","57232","28.3","24%","32.3","","Opened","7.287","35","Safe","Calm","0.0","37","12.4","13.3","996.7","1008.0"
"2026-08-15","04:15:33","Clear","Dry","Dark","1.5","26.5","3328","57232","28.4","24%","32.3","","Opened","7.370","35","Safe","Calm","0.0","37","12.5","13.3","996.8","1008.1"
"2026-08-15","04:15:43","Clear","Dry","Dark","1.6","26.5","3328","57232","28.4","24%","32.3","","Opened","7.325","35","Safe","Calm","0.0","37","12.4","13.4","996.8","1008.1"
"2026-08-15","04:15:53","Clear","Dry","Dark","1.6","26.5","3328","57232","28.4","24%","32.3","","Opened","7.267","35","Safe","Calm","0.0","37","12.5","13.4","996.8","1008.1"
"2026-08-15","04:16:03","Clear","Dry","Dark","1.6","26.4","3328","57232","28.4","24%","32.3","","Opened","7.572","35","Safe","Calm","0.0","37","12.5","13.4","996.8","1008.1"
"2026-08-15","04:16:13","Clear","Dry","Dark","1.6","26.4","3328","57232","28.3","24%","32.3","","Opened","7.308","35","Safe","Calm","0.0","37","12.4","13.4","996.8","1008.1"
"2026-08-15","04:16:23","Clear","Dry","Dark","1.6","26.4","3328","57232","28.4","24%","32.2","","Opened","7.519","35","Safe","Calm","0.0","37","12.4","13.4","996.8","1008.1"
"2026-08-15","04:16:33","Clear","Dry","Dark","1.6","26.4","3328","57232","28.3","24%","32.2","","Opened","7.338","35","Safe","Calm","0.0","37","12.4","13.4","996.7","1008.0"
"2026-08-15","04:16:43","Clear","Dry","Dark","1.6","26.4","3328","57232","28.4","24%","32.2","","Opened","7.295","35","Safe","Calm","0.0","37","12.4","13.4","996.7","1008.0"
"2026-08-15","04:16:53","Clear","Dry","Dark","1.6","26.4","3328","57232","28.3","24%","32.2","","Opened","7.367","35","Safe","Calm","0.0","37","12.4","13.4","996.7","1008.0"
"2026-08-15","04:17:03","Clear","Dry","Dark","1.6","26.5","3328","57232","28.3","24%","32.2","","Opened","7.591","35","Safe","Calm","0.0","37","12.5","13.4","996.7","1008.0"
"2026-08-15","04:17:13","Clear","Dry","Dark","1.6","26.4","3328","57232","28.3","24%","32.2","","Opened","7.303","35","Safe","Calm","0.0","37","12.4","13.4","996.8","1008.1"
"2026-08-15","04:17:23","Clear","Dry","Dark","1.7","26.5","3328","57232","28.3","24%","32.2","","Opened","7.269","35","Safe","Calm","0.0","37","12.4","13.5","996.8","1008.1"
"2026-08-15","04:17:33","Clear","Dry","Dark","1.6","26.4","3328","57232","28.3","24%","32.2","","Opened","7.334","35","Safe","Calm","0.0","37","12.4","13.4","996.7","1008.0"
"2026-08-15","04:17:43","Clear","Dry","Dark","1.7","26.5","3328","57232","28.3","24%","32.2","","Opened","7.270","35","Safe","Calm","0.0","37","12.4","13.5","996.8","1008.2"
"2026-08-15","04:17:53","Clear","Dry","Dark","1.7","26.5","3328","57232","28.3","24%","32.2","","Opened","7.357","35","Safe","Calm","0.0","37","12.3","13.5","996.7","1008.0"
"2026-08-15","04:18:03","Clear","Dry","Dark","1.5","26.5","3328","57232","28.3","24%","32.3","","Opened","7.489","35","Safe","Calm","0.0","37","12.3","13.3","996.7","1008.0"
"2026-08-15","04:18:13","Clear","Dry","Dark","1.5","26.5","3328","57232","28.3","24%","32.3","","Opened","7.294","35","Safe","Calm","0.0","37","12.3","13.3","996.7","1008.0"
"2026-08-15","04:18:23","Clear","Dry","Dark","1.6","26.5","3328","57232","28.3","24%","32.3","","Opened","7.275","35","Safe","Calm","0.0","37","12.3","13.4","996.8","1008.2"
"2026-08-15","04:18:33","Clear","Dry","Dark","1.6","26.5","3328","57232","28.4","24%","32.3","","Opened","7.369","35","Safe","Calm","0.0","37","12.3","13.4","996.8","1008.1"
"2026-08-15","04:18:43","Clear","Dry","Dark","1.6","26.5","3328","57232","28.3","24%","32.3","","Opened","7.349","35","Safe","Calm","0.0","37","12.3","13.3","996.8","1008.1"
"2026-08-15","04:18:53","Clear","Dry","Dark","1.5","26.4","3328","57232","28.4","24%","32.4","","Opened","7.297","35","Safe","Calm","0.0","37","12.3","13.3","996.6","1008.0"
"2026-08-15","04:19:03","Clear","Dry","Dark","1.6","26.5","3328","57232","28.3","24%","32.4","","Opened","7.569","35","Safe","Calm","0.0","37","12.3","13.4","996.7","1008.0"
"2026-08-15","04:19:13","Clear","Dry","Dark","1.5","26.4","3328","57232","28.4","24%","32.4","","Opened","7.306","35","Safe","Calm","0.0","37","12.3","13.3","996.8","1008.1"
"2026-08-15","04:19:23","Clear","Dry","Dark","1.4","26.4","3328","57232","28.4","24%","32.4","","Opened","7.272","35","Safe","Calm","0.0","37","12.3","13.2","996.7","1008.0"
"2026-08-15","04:19:33","Clear","Dry","Dark","1.4","26.4","3328","57232","28.4","24%","32.5","","Opened","7.343","35","Safe","Calm","0.0","37","12.3","13.2","996.8","1008.2"
"2026-08-15","04:19:43","Clear","Dry","Dark","1.4","26.4","3328","57232","28.4","24%","32.5","","Opened","7.297","35","Safe","Calm","0.0","37","12.3","13.2","996.8","1008.1"
"2026-08-15","04:19:53","Clear","Dry","Dark","1.4","26.4","3328","57232","28.4","24%","32.5","","Opened","7.370","35","Safe","Calm","0.0","37","12.3","13.1","996.7","1008.0"
"2026-08-15","04:20:03","Clear","Dry","Dark","1.5","26.4","3328","57232","28.4","24%","32.5","","Opened","7.509","35","Safe","Calm","0.0","37","12.3","13.3","996.7","1008.0"
"2026-08-15","04:20:13","Clear","Dry","Dark","1.4","26.4","3328","57232","28.4","24%","32.5","","Opened","7.296","35","Safe","Calm","0.0","37","12.3","13.2","996.7","1008.0"
"2026-08-15","04:20:23","Clear","Dry","Dark","1.5","26.4","3328","57232","28.4","24%","32.5","","Opened","7.275","35","Safe","Calm","0.0","37","12.3","13.3","996.8","1008.1"
"2026-08-15","04:20:33","Clear","Dry","Dark","1.7","26.4","3328","57232","28.4","24%","32.5","","Opened","7.382","35","Safe","Calm","0.0","37","12.3","13.5","996.7","1008.0"
"2026-08-15","04:20:43","Clear","Dry","Dark","1.5","26.4","3328","57232","28.4","24%","32.5","","Opened","7.346","35","Safe","Calm","0.0","37","12.3","13.3","996.7","1008.0"
"2026-08-15","04:20:53","Clear","Dry","Dark","1.6","26.4","3328","57232","28.4","24%","32.5","","Opened","7.367","35","Safe","Calm","0.0","37","12.3","13.4","996.7","1008.0"
"2026-08-15","04:21:03","Clear","Dry","Dark","1.6","26.4","3328","57232","28.3","24%","32.5","","Opened","7.549","35","Safe","Calm","0.0","37","12.3","13.4","996.6","1008.0"
"2026-08-15","04:21:13","Clear","Dry","Dark","1.5","26.4","3328","57232","28.4","24%","32.5","","Opened","7.395","35","Safe","Calm","0.0","37","12.4","13.3","996.6","1008.0"
"2026-08-15","04:21:23","Clear","Dry","Dark","1.5","26.4","3328","57232","28.3","24%","32.6","Heating DOWN","Opened","7.469","35","Safe","Calm","0.0","37","12.3","13.3","996.8","1008.1"
"2026-08-15","04:21:33","Clear","Dry","Dark","1.5","26.4","3328","57232","28.4","23%","32.6","","Opened","7.359","35","Safe","Calm","0.0","37","12.3","13.3","996.7","1008.0"
"2026-08-15","04:21:43","Clear","Dry","Dark","1.5","26.4","3328","57232","28.3","23%","32.6","Heating DOWN","Opened","7.434","35","Safe","Calm","0.0","37","12.3","13.3","996.7","1008.0"
"2026-08-15","04:21:53","Clear","Dry","Dark","1.4","26.4","3328","57232","28.3","22%","32.6","","Opened","7.312","35","Safe","Calm","0.0","37","12.3","13.2","996.7","1008.0"
"2026-08-15","04:22:03","Clear","Dry","Dark","1.3","26.4","3328","57232","28.4","22%","32.6","","Opened","7.537","35","Safe","Calm","0.0","37","12.3","13.2","996.7","1008.0"
"2026-08-15","04:22:13","Clear","Dry","Dark","1.5","26.3","3328","57232","28.4","22%","32.6","","Opened","7.338","35","Safe","Calm","0.0","37","12.3","13.3","996.6","1008.0"
"2026-08-15","04:22:23","Clear","Dry","Dark","1.4","26.3","3328","57232","28.3","22%","32.6","Heating DOWN","Opened","7.402","35","Safe","Calm","0.0","37","12.3","13.2","996.7","1008.0"
"2026-08-15","04:22:33","Clear","Dry","Dark","1.4","26.3","3328","57232","28.3","21%","32.5","","Opened","7.266","35","Safe","Calm","0.0","37","12.4","13.2","996.7","1008.0"
"2026-08-15","04:22:43","Clear","Dry","Dark","1.5","26.3","3328","57232","28.3","21%","32.5","","Opened","7.340","35","Safe","Calm","0.0","37","12.4","13.3","996.7","1008.0"
"2026-08-15","04:22:53","Clear","Dry","Dark","1.5","26.3","3328","57232","28.4","21%","32.5","","Opened","7.289","35","Safe","Calm","0.0","37","12.4","13.3","996.7","1008.0"
"2026-08-15","04:23:03","Clear","Dry","Dark","1.6","26.3","3328","57232","28.3","21%","32.4","","Opened","7.611","35","Safe","Calm","0.0","37","12.4","13.4","996.6","1008.0"
"2026-08-15","04:23:13","Clear","Dry","Dark","1.4","26.3","3328","57232","28.3","21%","32.4","","Opened","7.325","35","Safe","Calm","0.0","37","12.4","13.2","996.7","1008.0"
"2026-08-15","04:23:23","Clear","Dry","Dark","1.6","26.3","3328","57232","28.3","21%","32.3","","Opened","7.275","35","Safe","Calm","0.0","37","12.4","13.4","996.7","1008.0"
"2026-08-15","04:23:33","Clear","Dry","Dark","1.6","26.3","3328","57232","28.3","21%","32.3","","Opened","7.383","35","Safe","Calm","0.0","37","12.4","13.3","996.8","1008.1"
"2026-08-15","04:23:43","Clear","Dry","Dark","1.6","26.3","3328","57232","28.3","21%","32.2","","Opened","7.353","35","Safe","Calm","0.0","38","12.4","13.4","996.6","1008.0"
"2026-08-15","04:23:53","Clear","Dry","Dark","1.6","26.3","3328","57232","28.3","21%","32.2","","Opened","7.302","35","Safe","Calm","0.6","38","12.5","13.4","996.7","1008.0"
"2026-08-15","04:24:03","Clear","Dry","Dark","1.7","26.3","3328","57232","28.3","21%","32.1","","Opened","7.507","35","Safe","Calm","1.4","38","12.5","13.5","996.6","1008.0"
"2026-08-15","04:24:13","Clear","Dry","Dark","1.8","26.3","3328","57232","28.3","21%","32.1","","Opened","7.381","35","Safe","Calm","2.2","38","12.4","13.6","996.7","1008.0"
"2026-08-15","04:24:23","Clear","Dry","Dark","1.8","26.4","3328","57232","28.3","21%","32.0","","Opened","7.341","35","Safe","Calm","3.0","37","12.4","13.6","996.6","1008.0"
"2026-08-15","04:24:33","Clear","Dry","Dark","1.6","26.4","3328","57232","28.3","21%","32.0","","Opened","7.335","35","Safe","Calm","3.0","37","12.4","13.3","996.8","1008.1"
"2026-08-15","04:24:43","Clear","Dry","Dark","1.7","26.4","3328","57232","28.3","21%","31.9","Heating UP","Opened","7.402","35","Safe","Calm","3.0","38","12.4","13.4","996.7","1008.0"
"2026-08-15","04:24:53","Clear","Dry","Dark","2.3","26.4","3328","57232","28.3","22%","31.9","Heating UP","Opened","7.414","35","Safe","Calm","2.3","38","12.4","14.1","996.7","1008.0"
"2026-08-15","04:25:03","Clear","Dry","Dark","2.2","26.5","3328","57232","28.3","23%","31.8","Heating UP","Opened","7.651","35","Safe","Calm","1.6","37","12.4","14.0","996.6","1008.0"
"2026-08-15","04:25:13","Clear","Dry","Dark","2.0","26.5","3328","57232","28.2","24%","31.8","Heating UP","Opened","7.405","35","Safe","Calm","0.8","37","12.4","13.7","996.7","1008.0"
"2026-08-15","04:25:23","Clear","Dry","Dark","2.2","26.6","3328","57232","28.3","25%","31.8","Heating UP","Opened","7.392","35","Safe","Calm","0.0","37","12.4","14.0","996.7","1008.0"
"2026-08-15","04:25:33","Clear","Dry","Dark","1.7","26.6","3328","57232","28.3","26%","31.8","Heating UP","Opened","7.396","35","Safe","Calm","0.0","37","12.3","13.5","996.6","1007.9"
"2026-08-15","04:25:43","Clear","Dry","Dark","1.5","26.6","3328","57232","28.3","28%","31.9","","Opened","7.392","35","Safe","Calm","0.0","37","12.4","13.3","996.6","1008.0"
"2026-08-15","04:25:53","Clear","Dry","Dark","1.7","26.6","3328","57232","28.3","28%","32.0","","Opened","7.336","35","Safe","Calm","0.0","37","12.4","13.4","996.6","1008.0"
"2026-08-15","04:26:03","Clear","Dry","Dark","1.5","26.5","3328","57232","28.3","28%","32.0","Heating UP","Opened","7.564","35","Safe","Calm","0.0","38","12.5","13.3","996.7","1008.0"
"2026-08-15","04:26:13","Clear","Dry","Dark","1.6","26.5","3328","57232","28.3","29%","32.1","","Opened","7.272","35","Safe","Calm","0.0","38","12.5","13.3","996.6","1008.0"
"2026-08-15","04:26:23","Clear","Dry","Dark","1.5","26.5","3328","57232","28.3","29%","32.2","","Opened","7.404","35","Safe","Calm","0.0","38","12.5","13.3","996.7","1008.0"
"2026-08-15","04:26:33","Clear","Dry","Dark","1.5","26.5","3328","57232","28.3","29%","32.2","","Opened","7.377","35","Safe","Calm","0.0","37","12.5","13.3","996.7","1008.0"
"2026-08-15","04:26:43","Clear","Dry","Dark","1.5","26.5","3328","57232","28.3","29%","32.3","","Opened","7.330","35","Safe","Calm","0.0","37","12.4","13.3","996.7","1008.0"
"2026-08-15","04:26:53","Clear","Dry","Dark","1.7","26.5","3328","57232","28.3","29%","32.3","","Opened","7.272","35","Safe","Calm","0.0","37","12.4","13.5","996.7","1008.0"
"2026-08-15","04:27:03","Clear","Dry","Dark","1.7","26.5","3328","57232","28.3","29%","32.4","","Opened","7.616","35","Safe","Calm","0.0","37","12.4","13.5","996.6","1008.0"
"2026-08-15","04:27:13","Clear","Dry","Dark","1.4","26.5","3328","57232","28.4","29%","32.4","","Opened","7.290","35","Safe","Calm","0.0","37","12.4","13.2","996.8","1008.1"
"2026-08-15","04:27:23","Clear","Dry","Dark","1.5","26.4","3328","57232","28.4","29%","32.5","","Opened","7.367","35","Safe","Calm","0.0","37","12.4","13.3","996.6","1008.0"
"2026-08-15","04:27:33","Clear","Dry","Dark","1.6","26.5","3328","57232","28.3","29%","32.6","Heating DOWN","Opened","7.438","35","Safe","Calm","0.0","37","12.4","13.3","996.7","1008.0"
"2026-08-15","04:27:43","Clear","Dry","Dark","1.5","26.4","3328","57232","28.4","28%","32.6","","Opened","7.318","35","Safe","Calm","0.0","37","12.4","13.3","996.7","1008.0"
"2026-08-15","04:27:53","Clear","Dry","Dark","1.6","26.4","3328","57232","28.4","28%","32.8","Heating DOWN","Opened","7.394","35","Safe","Calm","0.0","37","12.4","13.4","996.7","1008.0"
"2026-08-15","04:28:03","Clear","Dry","Dark","1.5","26.4","3328","57232","28.4","27%","32.8","Heating DOWN","Opened","7.645","35","Safe","Calm","0.0","37","12.4","13.3","996.7","1008.0"
"2026-08-15","04:28:13","Clear","Dry","Dark","1.5","26.4","3328","57232","28.3","26%","32.8","Heating DOWN","Opened","7.431","35","Safe","Calm","0.0","37","12.3","13.3","996.7","1008.0"
"2026-08-15","04:28:23","Clear","Dry","Dark","1.5","26.4","3328","57232","28.4","25%","32.8","Heating DOWN","Opened","7.428","35","Safe","Calm","0.0","37","12.3","13.3","996.6","1008.0"
"2026-08-15","04:28:33","Clear","Dry","Dark","1.4","26.4","3328","57232","28.4","24%","32.9","Heating DOWN","Opened","7.425","35","Safe","Calm","0.0","37","12.3","13.2","996.7","1008.0"
"2026-08-15","04:28:43","Clear","Dry","Dark","1.4","26.4","3328","57232","28.4","23%","32.9","Heating DOWN","Opened","7.442","35","Safe","Calm","0.0","37","12.3","13.2","996.7","1008.0"
"2026-08-15","04:28:53","Clear","Dry","Dark","1.4","26.4","3328","57232","28.4","22%","32.8","","Opened","7.315","35","Safe","Calm","0.0","37","12.3","13.2","996.8","1008.2"
"2026-08-15","04:29:03","Clear","Dry","Dark","1.5","26.4","3328","57232","28.4","22%","32.8","Heating DOWN","Opened","7.703","35","Safe","Calm","0.0","37","12.4","13.3","996.7","1008.0"
"2026-08-15","04:29:13","Clear","Dry","Dark","1.6","26.4","3328","57232","28.4","21%","32.6","","Opened","7.375","35","Safe","Calm","0.0","37","12.4","13.4","996.6","1008.0"
"2026-08-15","04:29:23","Clear","Dry","Dark","1.4","26.4","3328","57232","28.4","21%","32.6","","Opened","7.385","35","Safe","Calm","0.0","37","12.4","13.2","996.6","1008.0"
"2026-08-15","04:29:33","Clear","Dry","Dark","1.3","26.4","3328","57232","28.3","21%","32.5","","Opened","7.378","35","Safe","Calm","0.0","37","12.3","13.1","996.8","1008.1"
"2026-08-15","04:29:43","Clear","Dry","Dark","1.4","26.4","3328","57232","28.4","21%","32.5","","Opened","7.359","35","Safe","Calm","0.0","37","12.4","13.2","996.7","1008.0"
"2026-08-15","04:29:53","Clear","Dry","Dark","1.4","26.4","3328","57232","28.3","21%","32.4","","Opened","7.295","35","Safe","Calm","0.0","37","12.4","13.2","996.7","1008.0"
"2026-08-15","04:30:03","Clear","Dry","Dark","1.5","26.4","3328","57232","28.3","21%","32.4","","Opened","7.581","35","Safe","Calm","0.0","37","12.4","13.3","996.6","1008.0"
"2026-08-15","04:30:13","Clear","Dry","Dark","1.4","26.4","3328","57232","28.3","21%","32.4","","Opened","7.336","35","Safe","Calm","0.0","37","12.4","13.2","996.6","1008.0"
"2026-08-15","04:30:23","Clear","Dry","Dark","1.4","26.4","3328","57232","28.3","21%","32.3","","Opened","7.358","35","Safe","Calm","0.0","37","12.4","13.2","996.6","1008.0"
"2026-08-15","04:30:33","Clear","Dry","Dark","1.4","26.4","3328","57232","28.3","21%","32.3","","Opened","7.311","35","Safe","Calm","0.0","37","12.4","13.2","996.7","1008.0"
"2026-08-15","04:30:43","Clear","Dry","Dark","1.4","26.3","3328","57232","28.3","21%","32.2","","Opened","7.293","35","Safe","Calm","0.0","37","12.4","13.2","996.6","1008.0"
"2026-08-15","04:30:53","Clear","Dry","Dark","1.4","26.3","3328","57232","28.3","21%","32.2","","Opened","7.388","35","Safe","Calm","0.0","37","12.4","13.2","996.6","1008.0"
"2026-08-15","04:31:03","Clear","Dry","Dark","1.4","26.3","3328","57232","28.3","21%","32.2","","Opened","7.575","35","Safe","Calm","0.0","38","12.5","13.2","996.6","1008.0"
"2026-08-15","04:31:13","Clear","Dry","Dark","1.4","26.3","3328","57232","28.3","21%","32.1","","Opened","7.270","35","Safe","Calm","0.0","38","12.5","13.1","996.6","1008.0"
"2026-08-15","04:31:23","Clear","Dry","Dark","1.4","26.3","3328","57232","28.3","21%","32.1","","Opened","7.369","35","Safe","Calm","0.0","38","12.5","13.1","996.7","1008.0"
"2026-08-15","04:31:33","Clear","Dry","Dark","1.5","26.3","3328","57232","28.2","21%","32.0","","Opened","7.352","35","Safe","Calm","0.0","38","12.5","13.3","996.6","1007.9"
"2026-08-15","04:31:43","Clear","Dry","Dark","1.4","26.3","3328","57232","28.3","21%","32.0","","Opened","7.334","35","Safe","Calm","0.0","38","12.5","13.2","996.6","1008.0"
"2026-08-15","04:31:53","Clear","Dry","Dark","1.5","26.3","3328","57232","28.2","21%","32.0","","Opened","7.305","35","Safe","Calm","0.0","38","12.4","13.2","996.6","1008.0"
"2026-08-15","04:32:03","Clear","Dry","Dark","1.6","26.2","3328","57232","28.2","21%","32.0","","Opened","7.586","35","Safe","Calm","0.0","38","12.4","13.3","996.6","1008.0"
"2026-08-15","04:32:13","Clear","Dry","Dark","1.6","26.2","3328","57232","28.2","21%","31.9","Heating UP","Opened","7.457","35","Safe","Calm","0.0","38","12.4","13.3","996.6","1008.0"
"2026-08-15","04:32:23","Clear","Dry","Dark","1.7","26.2","3328","57232","28.2","22%","31.9","","Opened","7.320","35","Safe","Calm","0.0","38","12.4","13.4","996.6","1008.0"
"2026-08-15","04:32:33","Clear","Dry","Dark","1.4","26.2","3328","57232","28.2","22%","31.8","Heating UP","Opened","7.414","35","Safe","Calm","0.0","38","12.4","13.2","996.6","1008.0"
"2026-08-15","04:32:43","Clear","Dry","Dark","1.4","26.2","3328","57232","28.2","23%","31.8","Heating UP","Opened","7.417","35","Safe","Calm","0.0","38","12.4","13.2","996.6","1008.0"
"2026-08-15","04:32:53","Clear","Dry","Dark","1.5","26.2","3328","57232","28.2","24%","31.9","","Opened","7.303","35","Safe","Calm","0.0","38","12.5","13.2","996.8","1008.1"
"2026-08-15","04:33:03","Clear","Dry","Dark","1.6","26.2","3328","57232","28.2","24%","31.8","Heating UP","Opened","7.690","35","Safe","Calm","0.0","38","12.5","13.3","996.6","1008.0"
"2026-08-15","04:33:13","Clear","Dry","Dark","1.5","26.2","3328","57232","28.2","25%","31.9","","Opened","7.397","35","Safe","Calm","0.0","38","12.4","13.2","996.6","1008.0"
"2026-08-15","04:33:23","Clear","Dry","Dark","1.5","26.2","3328","57232","28.2","25%","31.9","","Opened","7.389","35","Safe","Calm","0.0","38","12.5","13.2","996.6","1008.0"
"2026-08-15","04:33:33","Clear","Dry","Dark","1.6","26.2","3328","57232","28.2","25%","31.9","","Opened","7.350","35","Safe","Calm","0.0","38","12.5","13.3","996.6","1008.0"
"2026-08-15","04:33:43","Clear","Dry","Dark","1.7","26.2","3328","57232","28.2","25%","31.9","","Opened","7.288","35","Safe","Calm","0.0","38","12.5","13.4","996.6","1007.9"
"2026-08-15","04:33:53","Clear","Dry","Dark","1.7","26.2","3328","57232","28.1","25%","31.9","","Opened","7.385","35","Safe","Calm","0.0","38","12.4","13.3","996.6","1007.9"
"2026-08-15","04:34:03","Clear","Dry","Dark","2.0","26.2","3328","57232","28.1","25%","31.9","","Opened","7.530","35","Safe","Calm","0.0","38","12.4","13.7","996.7","1008.0"
"2026-08-15","04:34:13","Clear","Dry","Dark","1.8","26.2","3328","57232","28.2","25%","31.9","","Opened","7.282","35","Safe","Calm","0.0","38","12.4","13.5","996.6","1007.9"
"2026-08-15","04:34:23","Clear","Dry","Dark","2.1","26.2","3328","57232","28.1","25%","31.9","","Opened","7.365","35","Safe","Calm","0.0","38","12.4","13.8","996.6","1007.9"
"2026-08-15","04:34:33","Clear","Dry","Dark","2.2","26.3","3328","57232","28.1","25%","31.8","Heating UP","Opened","7.447","35","Safe","Calm","0.0","38","12.3","13.9","996.6","1007.9"
"2026-08-15","04:34:43","Clear","Dry","Dark","2.6","26.4","3328","57232","28.2","26%","31.8","Heating UP","Opened","7.456","35","Safe","Calm","0.0","38","12.3","14.3","996.6","1007.9"
"2026-08-15","04:34:53","Clear","Dry","Dark","2.0","26.4","3328","57232","28.2","27%","31.8","Heating UP","Opened","7.443","35","Safe","Calm","0.0","37","12.3","13.7","996.6","1007.9"
"2026-08-15","04:35:03","Clear","Dry","Dark","2.2","26.5","3328","57232","28.2","28%","31.8","Heating UP","Opened","7.659","35","Safe","Calm","0.0","37","12.3","13.9","996.6","1008.0"
"2026-08-15","04:35:13","Clear","Dry","Dark","1.9","26.5","3328","57232","28.2","29%","31.8","Heating UP","Opened","7.459","35","Safe","Calm","0.0","37","12.3","13.7","996.6","1007.9"
"2026-08-15","04:35:23","Clear","Dry","Dark","1.8","26.6","3328","57232","28.2","30%","31.9","","Opened","7.326","35","Safe","Calm","0.0","38","12.4","13.5","996.6","1007.9"
"2026-08-15","04:35:33","Clear","Dry","Dark","2.0","26.5","3328","57232","28.2","30%","32.0","","Opened","7.292","35","Safe","Calm","0.0","37","12.3","13.7","996.6","1008.0"
"2026-08-15","04:35:43","Clear","Dry","Dark","2.0","26.6","3328","57232","28.2","30%","32.1","","Opened","7.362","35","Safe","Calm","0.0","37","12.3","13.7","996.6","1008.0"
"2026-08-15","04:35:53","Clear","Dry","Dark","2.1","26.6","3328","57232","28.2","30%","32.1","","Opened","7.373","35","Safe","Calm","0.0","37","12.3","13.8","996.6","1007.9"
"2026-08-15","04:36:03","Clear","Dry","Dark","2.3","26.6","3328","57232","28.2","30%","32.1","","Opened","7.505","35","Safe","Calm","0.0","37","12.3","14.0","996.6","1007.9"
"2026-08-15","04:36:13","Clear","Dry","Dark","1.9","26.6","3328","57232","28.2","30%","32.2","","Opened","7.276","35","Safe","Calm","0.0","37","12.3","13.6","996.6","1007.9"
"2026-08-15","04:36:23","Clear","Dry","Dark","2.0","26.6","3328","57232","28.3","30%","32.2","","Opened","7.378","35","Safe","Calm","0.0","37","12.3","13.7","996.6","1008.0"
"2026-08-15","04:36:33","Clear","Dry","Dark","1.9","26.6","3328","57232","28.3","30%","32.2","","Opened","7.321","35","Safe","Calm","0.0","37","12.4","13.7","996.6","1007.9"
"2026-08-15","04:36:43","Clear","Dry","Dark","2.1","26.6","3328","57232","28.3","30%","32.3","","Opened","7.270","35","Safe","Calm","0.0","37","12.3","13.8","996.6","1007.9"
"2026-08-15","04:36:53","Clear","Dry","Dark","2.0","26.7","3328","57232","28.3","30%","32.3","","Opened","7.380","35","Safe","Calm","0.0","37","12.3","13.8","996.6","1007.9"
"2026-08-15","04:37:03","Clear","Dry","Dark","1.7","26.7","3328","57232","28.3","30%","32.3","","Opened","7.570","35","Safe","Calm","0.0","37","12.3","13.5","996.6","1007.9"
"2026-08-15","04:37:13","Clear","Dry","Dark","1.7","26.7","3328","57232","28.3","30%","32.3","","Opened","7.279","35","Safe","Calm","0.0","37","12.3","13.4","996.6","1008.0"
"2026-08-15","04:37:23","Clear","Dry","Dark","1.6","26.7","3328","57232","28.3","30%","32.4","","Opened","7.380","35","Safe","Calm","0.0","37","12.3","13.4","996.6","1008.0"
"2026-08-15","04:37:33","Clear","Dry","Dark","1.7","26.7","3328","57232","28.3","30%","32.5","","Opened","7.327","35","Safe","Calm","0.0","37","12.3","13.5","996.6","1007.9"
"2026-08-15","04:37:43","Clear","Dry","Dark","2.0","26.6","3328","57232","28.3","30%","32.5","","Opened","7.270","35","Safe","Calm","0.0","37","12.3","13.8","996.6","1008.0"
"2026-08-15","04:37:53","Clear","Dry","Dark","1.8","26.7","3328","57232","28.3","30%","32.5","","Opened","7.339","35","Safe","Calm","0.0","37","12.3","13.6","996.6","1007.9"
"2026-08-15","04:38:03","Clear","Dry","Dark","1.7","26.7","3328","57232","28.3","30%","32.6","","Opened","7.444","35","Safe","Calm","0.0","37","12.3","13.5","996.6","1007.9"
"2026-08-15","04:38:13","Clear","Dry","Dark","2.0","26.7","3328","57232","28.3","30%","32.5","","Opened","7.372","35","Safe","Calm","0.0","37","12.3","13.8","996.6","1007.9"
"2026-08-15","04:38:23","Clear","Dry","Dark","2.0","26.7","3328","57232","28.4","30%","32.5","","Opened","7.327","35","Safe","Calm","0.0","37","12.3","13.8","996.6","1008.0"
"2026-08-15","04:38:33","Clear","Dry","Dark","1.8","26.7","3328","57232","28.3","30%","32.5","","Opened","7.273","35","Safe","Calm","0.0","37","12.3","13.5","996.6","1007.9"
"2026-08-15","04:38:43","Clear","Dry","Dark","1.9","26.8","3328","57232","28.4","30%","32.4","","Opened","7.350","35","Safe","Calm","0.0","37","12.3","13.7","996.6","1008.0"
"2026-08-15","04:38:53","Clear","Dry","Dark","1.7","26.8","3328","57232","28.4","30%","32.4","","Opened","7.294","35","Safe","Calm","0.0","37","12.3","13.5","996.6","1008.0"
"2026-08-15","04:39:03","Clear","Dry","Dark","1.8","26.8","3328","57232","28.4","30%","32.5","","Opened","7.522","35","Safe","Calm","0.0","37","12.3","13.6","996.6","1008.0"
"2026-08-15","04:39:13","Clear","Dry","Dark","1.7","26.8","3328","57232","28.4","30%","32.5","","Opened","7.300","35","Safe","Calm","0.0","37","12.3","13.5","996.6","1008.0"
"2026-08-15","04:39:23","Clear","Dry","Dark","1.6","26.8","3328","57232","28.4","30%","32.6","","Opened","7.378","35","Safe","Calm","0.0","37","12.3","13.4","996.6","1007.9"
"2026-08-15","04:39:33","Clear","Dry","Dark","1.7","26.8","3328","57232","28.4","30%","32.6","","Opened","7.326","35","Safe","Calm","0.0","37","12.3","13.5","996.5","1007.8"
"2026-08-15","04:39:43","Clear","Dry","Dark","1.7","26.8","3328","57232","28.4","30%","32.6","","Opened","7.291","35","Safe","Calm","0.0","37","12.4","13.5","996.6","1007.9"
"2026-08-15","04:39:53","Clear","Dry","Dark","1.6","26.7","3328","57232","28.4","30%","32.8","Heating DOWN","Opened","7.493","35","Safe","Calm","0.0","37","12.4","13.4","996.6","1007.9"
"2026-08-15","04:40:03","Clear","Dry","Dark","1.8","26.7","3328","57232","28.4","29%","32.8","Heating DOWN","Opened","7.716","35","Safe","Calm","0.0","37","12.4","13.6","996.7","1008.0"
"2026-08-15","04:40:13","Clear","Dry","Dark","1.6","26.7","3328","57232","28.3","28%","32.8","Heating DOWN","Opened","7.484","35","Safe","Calm","0.0","37","12.3","13.4","996.6","1008.0"
"2026-08-15","04:40:23","Clear","Dry","Dark","1.8","26.7","3328","57232","28.3","27%","32.6","","Opened","7.353","35","Safe","Calm","0.0","37","12.4","13.6","996.7","1008.0"
"2026-08-15","04:40:33","Clear","Dry","Dark","1.9","26.7","3328","57232","28.3","27%","32.6","Heating DOWN","Opened","7.425","35","Safe","Calm","0.0","37","12.4","13.7","996.6","1007.9"
"2026-08-15","04:40:43","Clear","Dry","Dark","1.7","26.7","3328","57232","28.3","26%","32.5","","Opened","7.347","35","Safe","Calm","0.0","37","12.4","13.5","996.7","1008.0"
"2026-08-15","04:40:53","Clear","Dry","Dark","1.9","26.7","3328","57232","28.3","26%","32.5","","Opened","7.291","35","Safe","Calm","0.0","37","12.4","13.7","996.6","1007.9"
"2026-08-15","04:41:03","Clear","Dry","Dark","1.8","26.7","3328","57232","28.3","26%","32.5","","Opened","7.593","35","Safe","Calm","0.0","37","12.3","13.6","996.6","1008.0"
"2026-08-15","04:41:13","Clear","Dry","Dark","1.8","26.7","3328","57232","28.3","26%","32.5","","Opened","7.309","35","Safe","Calm","0.0","37","12.3","13.6","996.6","1007.9"
"2026-08-15","04:41:23","Clear","Dry","Dark","1.8","26.7","3328","57232","28.3","26%","32.5","","Opened","7.401","35","Safe","Calm","0.0","37","12.3","13.6","996.6","1008.0"
"2026-08-15","04:41:33","Clear","Dry","Dark","1.8","26.7","3328","57232","28.3","26%","32.6","","Opened","7.363","35","Safe","Calm","0.0","37","12.3","13.6","996.6","1007.9"
"2026-08-15","04:41:43","Clear","Dry","Dark","1.7","26.7","3328","57232","28.4","26%","32.6","","Opened","7.325","35","Safe","Calm","0.0","37","12.3","13.5","996.6","1007.9"
"2026-08-15","04:41:53","Clear","Dry","Dark","1.9","26.7","3328","57232","28.4","26%","32.6","","Opened","7.283","35","Safe","Calm","0.0","37","12.3","13.7","996.6","1008.0"
"2026-08-15","04:42:03","Clear","Dry","Dark","1.9","26.7","3328","57232","28.4","26%","32.6","","Opened","7.526","35","Safe","Calm","0.0","37","12.3","13.7","996.6","1008.0"
"2026-08-15","04:42:13","Clear","Dry","Dark","1.8","26.7","3328","57232","28.4","26%","32.8","Heating DOWN","Opened","7.450","35","Safe","Calm","0.0","37","12.3","13.6","996.5","1007.8"
"2026-08-15","04:42:23","Clear","Dry","Dark","1.8","26.7","3328","57232","28.4","25%","32.8","Heating DOWN","Opened","7.449","35","Safe","Calm","0.0","37","12.3","13.6","996.6","1008.0"
"2026-08-15","04:42:33","Clear","Dry","Dark","1.8","26.7","3328","57232","28.4","24%","32.8","Heating DOWN","Opened","7.452","35","Safe","Calm","0.0","37","12.3","13.6","996.6","1008.0"
"2026-08-15","04:42:43","Clear","Dry","Dark","1.8","26.7","3328","57232","28.4","23%","32.8","Heating DOWN","Opened","7.438","35","Safe","Calm","0.0","37","12.3","13.6","996.6","1007.9"
"2026-08-15","04:42:53","Clear","Dry","Dark","2.0","26.7","3328","57232","28.4","22%","32.6","","Opened","7.321","35","Safe","Calm","0.0","37","12.3","13.8","996.6","1007.9"
"2026-08-15","04:43:03","Clear","Dry","Dark","1.9","26.8","3328","57232","28.4","22%","32.6","","Opened","7.477","35","Safe","Calm","0.0","37","12.3","13.7","996.6","1007.9"
"2026-08-15","04:43:13","Clear","Dry","Dark","1.8","26.7","3328","57232","28.4","22%","32.6","","Opened","7.377","35","Safe","Calm","0.0","37","12.3","13.7","996.6","1008.0"
"2026-08-15","04:43:23","Clear","Dry","Dark","1.8","26.8","3328","57232","28.4","22%","32.5","","Opened","7.316","35","Safe","Calm","0.0","37","12.3","13.6","996.6","1007.9"
"2026-08-15","04:43:33","Clear","Dry","Dark","1.9","26.8","3328","57232","28.4","22%","32.5","","Opened","7.287","35","Safe","Calm","0.0","37","12.3","13.7","996.6","1007.9"
"2026-08-15","04:43:43","Clear","Dry","Dark","1.8","26.8","3328","57232","28.4","22%","32.4","","Opened","7.355","35","Safe","Calm","0.0","37","12.3","13.6","996.6","1008.0"
"2026-08-15","04:43:53","Clear","Dry","Dark","1.7","26.8","3328","57232","28.5","22%","32.4","","Opened","7.297","35","Safe","Calm","0.0","37","12.3","13.6","996.6","1008.0"
"2026-08-15","04:44:03","Clear","Dry","Dark","1.5","26.8","3328","57232","28.4","22%","32.4","","Opened","7.552","35","Safe","Calm","0.0","37","12.3","13.3","996.6","1008.0"
"2026-08-15","04:44:13","Clear","Dry","Dark","1.6","26.8","3328","57232","28.5","22%","32.5","","Opened","7.397","35","Safe","Calm","0.0","37","12.3","13.4","996.6","1007.9"
"2026-08-15","04:44:23","Clear","Dry","Dark","1.6","26.7","3328","57232","28.4","22%","32.5","","Opened","7.334","35","Safe","Calm","0.0","37","12.3","13.4","996.5","1007.8"
"2026-08-15","04:44:33","Clear","Dry","Dark","1.6","26.7","3328","57232","28.5","22%","32.5","","Opened","7.312","35","Safe","Calm","0.0","37","12.3","13.4","996.6","1008.0"
"2026-08-15","04:44:43","Clear","Dry","Dark","1.6","26.7","3328","57232","28.5","22%","32.5","","Opened","7.309","35","Safe","Calm","0.0","37","12.3","13.5","996.6","1008.0"
"2026-08-15","04:44:53","Clear","Dry","Dark","1.7","26.7","3328","57232","28.5","22%","32.5","","Opened","7.386","35","Safe","Calm","0.0","37","12.3","13.6","996.6","1008.0"
"2026-08-15","04:45:03","Clear","Dry","Dark","1.8","26.7","3328","57232","28.5","22%","32.5","","Opened","7.632","35","Safe","Calm","0.0","37","12.3","13.6","996.5","1007.8"
"2026-08-15","04:45:13","Clear","Dry","Dark","1.7","26.7","3328","57232","28.4","22%","32.4","","Opened","7.309","35","Safe","Calm","0.0","37","12.2","13.5","996.5","1007.8"
"2026-08-15","04:45:23","Clear","Dry","Dark","1.7","26.7","3328","57232","28.5","22%","32.4","","Opened","7.271","35","Safe","Calm","0.0","37","12.2","13.6","996.6","1007.9"
"2026-08-15","04:45:33","Clear","Dry","Dark","1.7","26.7","3328","57232","28.4","22%","32.4","","Opened","7.340","35","Safe","Calm","0.0","37","12.3","13.6","996.6","1007.9"
"2026-08-15","04:45:43","Clear","Dry","Dark","1.7","26.7","3328","57232","28.4","22%","32.3","","Opened","7.304","35","Safe","Calm","0.0","37","12.3","13.6","996.6","1007.9"
"2026-08-15","04:45:53","Clear","Dry","Dark","1.8","26.7","3328","57232","28.4","22%","32.2","","Opened","7.388","35","Safe","Calm","0.0","37","12.2","13.6","996.6","1007.9"
"2026-08-15","04:46:03","Clear","Dry","Dark","1.7","26.7","3328","57232","28.4","22%","32.2","","Opened","7.569","35","Safe","Calm","0.0","37","12.3","13.6","996.7","1008.0"
"2026-08-15","04:46:13","Clear","Dry","Dark","1.7","26.7","3328","57232","28.4","22%","32.1","Heating UP","Opened","7.408","35","Safe","Calm","0.0","37","12.2","13.5","996.6","1008.0"
"2026-08-15","04:46:23","Clear","Dry","Dark","1.7","26.7","3328","57232","28.4","23%","32.1","Heating UP","Opened","7.437","35","Safe","Calm","0.0","37","12.2","13.6","996.6","1007.9"
"2026-08-15","04:46:33","Clear","Dry","Dark","2.0","26.7","3328","57232","28.4","24%","32.0","Heating UP","Opened","7.471","35","Safe","Calm","0.0","37","12.2","13.9","996.6","1007.9"
"2026-08-15","04:46:43","Clear","Dry","Dark","2.1","26.8","3328","57232","28.4","25%","32.0","Heating UP","Opened","7.501","35","Safe","Calm","0.0","37","12.2","13.9","996.6","1007.9"
"2026-08-15","04:46:53","Clear","Dry","Dark","1.9","26.8","3328","57232","28.4","26%","32.0","Heating UP","Opened","7.547","35","Safe","Calm","0.0","37","12.1","13.7","996.6","1008.0"
"2026-08-15","04:47:03","Clear","Dry","Dark","2.1","26.8","3328","57232","28.4","27%","32.1","","Opened","7.535","35","Safe","Calm","0.0","36","12.1","13.9","996.5","1007.8"
"2026-08-15","04:47:13","Clear","Dry","Dark","1.9","26.9","3328","57232","28.5","27%","32.1","Heating UP","Opened","7.401","35","Safe","Calm","0.0","37","12.2","13.7","996.5","1007.8"
"2026-08-15","04:47:23","Clear","Dry","Dark","1.8","26.9","3328","57232","28.4","28%","32.1","Heating UP","Opened","7.381","35","Safe","Calm","0.0","37","12.2","13.6","996.6","1007.9"
"2026-08-15","04:47:33","Clear","Dry","Dark","1.6","26.9","3328","57232","28.5","29%","32.1","Heating UP","Opened","7.492","35","Safe","Calm","0.0","37","12.2","13.5","996.6","1008.0"
"2026-08-15","04:47:43","Clear","Dry","Dark","1.8","26.8","3328","57232","28.5","30%","32.2","","Opened","7.377","35","Safe","Calm","0.0","37","12.2","13.6","996.6","1007.9"
"2026-08-15","04:47:53","Clear","Dry","Dark","1.7","26.8","3328","57232","28.5","30%","32.2","","Opened","7.331","35","Safe","Calm","0.0","37","12.2","13.6","996.5","1007.8"
"2026-08-15","04:48:03","Clear","Dry","Dark","1.7","26.8","3328","57232","28.5","30%","32.2","","Opened","7.475","35","Safe","Calm","0.0","37","12.2","13.6","996.5","1007.8"
"2026-08-15","04:48:13","Clear","Dry","Dark","1.7","26.8","3328","57232","28.5","30%","32.3","","Opened","7.352","35","Safe","Calm","0.0","37","12.2","13.6","996.5","1007.8"
"2026-08-15","04:48:23","Clear","Dry","Dark","1.6","26.8","3328","57232","28.5","30%","32.4","","Opened","7.315","35","Safe","Calm","0.0","37","12.2","13.5","996.6","1008.0"
"2026-08-15","04:48:33","Clear","Dry","Dark","1.6","26.8","3328","57232","28.5","30%","32.4","","Opened","7.285","35","Safe","Calm","0.0","37","12.2","13.4","996.6","1007.9"
"2026-08-15","04:48:43","Clear","Dry","Dark","1.7","26.8","3328","57232","28.5","30%","32.5","","Opened","7.360","35","Safe","Calm","0.0","37","12.2","13.6","996.6","1007.9"
"2026-08-15","04:48:53","Clear","Dry","Dark","1.5","26.8","3328","57232","28.5","30%","32.5","","Opened","7.299","35","Safe","Calm","0.0","37","12.2","13.4","996.5","1007.8"
"2026-08-15","04:49:03","Clear","Dry","Dark","1.7","26.7","3328","57232","28.5","30%","32.5","","Opened","7.436","35","Safe","Calm","0.0","37","12.2","13.6","996.6","1007.9"
"2026-08-15","04:49:13","Clear","Dry","Dark","1.6","26.7","3328","57232","28.5","30%","32.6","","Opened","7.331","35","Safe","Calm","0.0","36","12.2","13.5","996.6","1007.9"
"2026-08-15","04:49:23","Clear","Dry","Dark","1.6","26.7","3328","57232","28.5","30%","32.6","","Opened","7.266","35","Safe","Calm","0.0","36","12.2","13.5","996.6","1007.9"
"2026-08-15","04:49:33","Clear","Dry","Dark","1.7","26.7","3328","57232","28.5","30%","32.8","","Opened","7.333","35","Safe","Calm","0.0","36","12.1","13.6","996.5","1007.8"
"2026-08-15","04:49:43","Clear","Dry","Dark","1.7","26.7","3328","57232","28.5","30%","32.9","Heating DOWN","Opened","7.422","35","Safe","Calm","0.0","36","12.2","13.6","996.5","1007.8"
"2026-08-15","04:49:53","Clear","Dry","Dark","1.6","26.7","3328","57232","28.5","29%","32.9","Heating DOWN","Opened","7.412","35","Safe","Calm","0.0","36","12.2","13.5","996.7","1008.0"
"2026-08-15","04:50:03","Clear","Dry","Dark","1.7","26.7","3328","57232","28.5","28%","33.0","Heating DOWN","Opened","7.572","35","Safe","Calm","0.0","36","12.2","13.5","996.6","1008.0"
"2026-08-15","04:50:13","Clear","Dry","Dark","1.9","26.8","3328","57232","28.5","27%","33.0","Heating DOWN","Opened","7.404","35","Safe","Calm","0.0","36","12.2","13.8","996.6","1008.0"
"2026-08-15","04:50:23","Clear","Dry","Dark","1.6","26.8","3328","57232","28.5","26%","33.0","Heating DOWN","Opened","7.415","35","Safe","Calm","0.0","36","12.1","13.5","996.6","1007.9"
"2026-08-15","04:50:33","Clear","Dry","Dark","1.6","26.8","3328","57232","28.5","25%","33.0","Heating DOWN","Opened","7.449","35","Safe","Calm","0.0","36","12.1","13.5","996.5","1007.8"
"2026-08-15","04:50:43","Clear","Dry","Dark","1.6","26.8","3328","57232","28.5","24%","33.0","Heating DOWN","Opened","7.443","35","Safe","Calm","0.0","36","12.2","13.5","996.6","1008.0"
"2026-08-15","04:50:53","Clear","Dry","Dark","1.7","26.8","3328","57232","28.6","23%","32.9","","Opened","7.308","35","Safe","Calm","0.0","36","12.2","13.6","996.6","1007.9"
"2026-08-15","04:51:03","Clear","Dry","Dark","1.7","26.8","3328","57232","28.5","23%","32.9","Heating DOWN","Opened","7.658","35","Safe","Calm","0.0","36","12.1","13.6","996.6","1008.0"
"2026-08-15","04:51:13","Clear","Dry","Dark","1.6","26.8","3328","57232","28.6","22%","32.9","Heating DOWN","Opened","7.504","35","Safe","Calm","0.0","36","12.1","13.5","996.6","1008.0"
"2026-08-15","04:51:23","Clear","Dry","Dark","1.6","26.8","3328","57232","28.6","21%","32.9","Heating DOWN","Opened","7.486","35","Safe","Calm","0.0","36","12.2","13.5","996.6","1007.9"
"2026-08-15","04:51:33","Clear","Dry","Dark","1.9","26.8","3328","57232","28.6","20%","32.8","","Opened","7.388","35","Safe","Calm","0.0","36","12.2","13.8","996.6","1008.0"
"2026-08-15","04:51:43","Clear","Dry","Dark","1.7","26.8","3328","57232","28.6","20%","32.8","","Opened","7.326","35","Safe","Calm","0.0","36","12.1","13.7","996.6","1008.0"
"2026-08-15","04:51:53","Clear","Dry","Dark","1.7","26.8","3328","57232","28.6","20%","32.8","","Opened","7.273","35","Safe","Calm","0.0","36","12.1","13.6","996.7","1008.0"
"2026-08-15","04:52:03","Clear","Dry","Dark","1.9","26.8","3328","57232","28.6","20%","32.6","","Opened","7.536","35","Safe","Calm","0.0","36","12.2","13.8","996.6","1007.9"
"2026-08-15","04:52:13","Clear","Dry","Dark","1.8","26.8","3328","57232","28.6","20%","32.5","","Opened","7.282","35","Safe","Calm","0.0","36","12.2","13.7","996.6","1008.0"
"2026-08-15","04:52:23","Clear","Dry","Dark","2.0","26.8","3328","57232","28.6","20%","32.4","","Opened","7.350","35","Safe","Calm","0.0","36","12.3","13.9","996.7","1008.0"
"2026-08-15","04:52:33","Clear","Dry","Dark","1.9","26.8","3328","57232","28.6","20%","32.3","","Opened","7.290","35","Safe","Calm","0.0","36","12.2","13.8","996.6","1008.0"
"2026-08-15","04:52:43","Clear","Dry","Dark","2.1","26.9","3328","57232","28.6","20%","32.2","Heating UP","Opened","7.489","35","Safe","Calm","0.0","36","12.2","14.0","996.6","1007.9"
"2026-08-15","04:52:53","Clear","Dry","Dark","2.3","26.9","3328","57232","28.6","21%","32.1","Heating UP","Opened","7.470","35","Safe","Calm","0.0","36","12.2","14.2","996.6","1007.9"
"2026-08-15","04:53:03","Clear","Dry","Dark","2.2","26.9","3328","57232","28.6","22%","32.1","Heating UP","Opened","7.619","35","Safe","Calm","0.0","36","12.1","14.2","996.6","1007.9"
"2026-08-15","04:53:13","Clear","Dry","Dark","2.4","27.0","3328","57232","28.6","23%","32.0","Heating UP","Opened","7.465","35","Safe","Calm","0.8","36","12.1","14.3","996.6","1007.9"
"2026-08-15","04:53:23","Clear","Dry","Dark","2.2","27.1","3328","57232","28.6","25%","32.0","Heating UP","Opened","7.489","35","Safe","Calm","1.6","36","12.1","14.1","996.5","1007.8"
"2026-08-15","04:53:33","Clear","Dry","Dark","2.1","27.1","3328","57232","28.6","27%","32.0","Heating UP","Opened","7.490","35","Safe","Calm","2.2","36","12.2","14.1","996.5","1007.8"
"2026-08-15","04:53:43","Clear","Dry","Dark","1.8","27.1","3328","57232","28.6","29%","32.1","","Opened","7.359","35","Safe","Calm","2.8","36","12.1","13.7","996.5","1007.8"
"2026-08-15","04:53:53","Clear","Dry","Dark","1.7","27.1","3328","57232","28.6","29%","32.1","Heating UP","Opened","7.423","35","Safe","Calm","2.8","36","12.2","13.7","996.5","1007.8"
"2026-08-15","04:54:03","Clear","Dry","Dark","1.7","27.0","3328","57232","28.6","31%","32.2","","Opened","7.538","35","Safe","Calm","2.8","36","12.2","13.6","996.6","1008.0"
"2026-08-15","04:54:13","Clear","Dry","Dark","1.6","27.0","3328","57232","28.6","31%","32.2","Heating UP","Opened","7.431","35","Safe","Calm","2.1","36","12.3","13.5","996.6","1008.0"
"2026-08-15","04:54:23","Clear","Dry","Dark","1.5","27.0","3328","57232","28.6","32%","32.3","","Opened","7.290","35","Safe","Calm","1.3","36","12.3","13.5","996.6","1007.9"
"2026-08-15","04:54:33","Clear","Dry","Dark","1.5","26.9","3328","57232","28.6","32%","32.4","","Opened","7.377","35","Safe","Calm","0.6","36","12.2","13.4","996.6","1007.9"
"2026-08-15","04:54:43","Clear","Dry","Dark","1.4","26.9","3328","57232","28.7","32%","32.5","","Opened","7.315","35","Safe","Calm","0.0","37","12.4","13.4","996.6","1007.9"
"2026-08-15","04:54:53","Clear","Dry","Dark","1.4","26.9","3328","57232","28.6","32%","32.5","","Opened","7.261","35","Safe","Calm","0.0","37","12.4","13.3","996.5","1007.8"
"2026-08-15","04:55:03","Clear","Dry","Dark","1.4","26.9","3328","57232","28.6","32%","32.6","","Opened","7.578","35","Safe","Calm","0.0","37","12.4","13.3","996.6","1007.9"
"2026-08-15","04:55:13","Clear","Dry","Dark","1.4","26.8","3328","57232","28.6","32%","32.8","","Opened","7.283","35","Safe","Calm","0.0","37","12.4","13.3","996.6","1007.9"
"2026-08-15","04:55:23","Clear","Dry","Dark","1.4","26.8","3328","57232","28.6","32%","32.8","","Opened","7.369","35","Safe","Calm","0.0","37","12.4","13.4","996.6","1007.9"
"2026-08-15","04:55:33","Clear","Dry","Dark","1.5","26.8","3328","57232","28.6","32%","32.9","","Opened","7.308","35","Safe","Calm","0.0","37","12.3","13.4","996.6","1007.9"
"2026-08-15","04:55:43","Clear","Dry","Dark","1.6","26.8","3328","57232","28.6","32%","32.9","","Opened","7.385","35","Safe","Calm","0.0","36","12.2","13.5","996.6","1007.9"
"2026-08-15","04:55:53","Clear","Dry","Dark","1.7","26.8","3328","57232","28.6","32%","32.9","","Opened","7.322","35","Safe","Calm","0.0","36","12.2","13.6","996.6","1007.9"
"2026-08-15","04:56:03","Clear","Dry","Dark","1.6","26.8","3328","57232","28.6","32%","33.0","Heating DOWN","Opened","7.602","35","Safe","Calm","0.0","36","12.2","13.5","996.5","1007.8"
"2026-08-15","04:56:13","Clear","Dry","Dark","1.6","26.8","3328","57232","28.6","31%","33.0","Heating DOWN","Opened","7.458","35","Safe","Calm","0.0","36","12.1","13.5","996.6","1008.0"
"2026-08-15","04:56:23","Clear","Dry","Dark","1.4","26.8","3328","57232","28.6","30%","33.1","Heating DOWN","Opened","7.499","35","Safe","Calm","0.0","36","12.1","13.3","996.5","1007.8"
"2026-08-15","04:56:33","Clear","Dry","Dark","1.3","26.8","3328","57232","28.6","28%","33.1","Heating DOWN","Opened","7.522","35","Safe","Calm","0.0","36","12.1","13.3","996.5","1007.8"
"2026-08-15","04:56:43","Clear","Dry","Dark","1.5","26.8","3328","57232","28.6","26%","33.1","Heating DOWN","Opened","7.391","35","Safe","Calm","0.0","36","12.2","13.4","996.5","1007.8"
"2026-08-15","04:56:53","Clear","Dry","Dark","1.6","26.7","3328","57232","28.5","25%","33.1","Heating DOWN","Opened","7.439","35","Safe","Calm","0.0","36","12.2","13.5","996.5","1007.8"
"2026-08-15","04:57:03","Clear","Dry","Dark","1.6","26.8","3328","57232","28.6","23%","33.0","","Opened","7.531","35","Safe","Calm","0.8","36","12.2","13.5","996.5","1007.8"
"2026-08-15","04:57:13","Clear","Dry","Dark","1.6","26.8","3328","57232","28.5","23%","32.9","","Opened","7.306","35","Safe","Calm","1.4","36","12.1","13.5","996.6","1008.0"
"2026-08-15","04:57:23","Clear","Dry","Dark","1.5","26.8","3328","57232","28.5","23%","32.9","Heating DOWN","Opened","7.504","35","Safe","Calm","1.4","36","12.1","13.4","996.5","1007.8"
"2026-08-15","04:57:33","Clear","Dry","Dark","1.4","26.8","3328","57232","28.5","22%","32.9","Heating DOWN","Opened","7.504","35","Safe","Calm","1.4","36","12.1","13.3","996.5","1007.8"
"2026-08-15","04:57:43","Clear","Dry","Dark","1.4","26.8","3328","57232","28.6","21%","32.9","Heating DOWN","Opened","7.500","35","Safe","Calm","1.4","36","12.2","13.3","996.6","1007.9"
"2026-08-15","04:57:53","Clear","Dry","Dark","1.4","26.7","3328","57232","28.5","20%","32.8","","Opened","7.367","35","Safe","Calm","1.4","36","12.1","13.3","996.6","1007.9"
"2026-08-15","04:58:03","Clear","Dry","Dark","1.4","26.7","3328","57232","28.5","20%","32.8","","Opened","7.499","35","Safe","Calm","0.6","36","12.2","13.3","996.5","1007.8"
"2026-08-15","04:58:13","Clear","Dry","Dark","1.4","26.7","3328","57232","28.5","20%","32.6","","Opened","7.252","35","Safe","Calm","0.0","36","12.2","13.2","996.6","1007.9"
"2026-08-15","04:58:23","Clear","Dry","Dark","1.3","26.7","3328","57232","28.5","20%","32.6","","Opened","7.318","35","Safe","Calm","0.0","36","12.2","13.2","996.5","1007.8"
"2026-08-15","04:58:33","Clear","Dry","Dark","1.4","26.7","3328","57232","28.5","20%","32.5","","Opened","7.291","35","Safe","Calm","0.0","36","12.2","13.3","996.6","1007.9"
"2026-08-15","04:58:43","Clear","Dry","Dark","1.5","26.7","3328","57232","28.5","20%","32.4","","Opened","7.398","35","Safe","Calm","0.0","36","12.2","13.4","996.5","1007.8"
"2026-08-15","04:58:53","Clear","Dry","Dark","1.6","26.7","3328","57232","28.5","20%","32.4","","Opened","7.334","35","Safe","Calm","0.0","36","12.2","13.5","996.6","1007.9"
"2026-08-15","04:59:03","Clear","Dry","Dark","1.3","26.7","3328","57232","28.5","20%","32.4","","Opened","7.544","35","Safe","Calm","0.0","36","12.2","13.2","996.5","1007.8"
"2026-08-15","04:59:13","Clear","Dry","Dark","1.4","26.7","3328","57232","28.5","20%","32.4","","Opened","7.370","35","Safe","Calm","0.0","36","12.1","13.3","996.6","1007.9"
"2026-08-15","04:59:23","Clear","Dry","Dark","1.3","26.7","3328","57232","28.5","20%","32.3","","Opened","7.318","35","Safe","Calm","0.0","36","12.1","13.2","996.5","1007.8"
"2026-08-15","04:59:33","Clear","Dry","Dark","1.5","26.7","3328","57232","28.5","20%","32.3","","Opened","7.257","35","Safe","Calm","0.0","36","12.1","13.3","996.6","1007.9"
"2026-08-15","04:59:43","Clear","Dry","Dark","1.4","26.7","3328","57232","28.5","20%","32.2","","Opened","7.327","35","Safe","Calm","0.0","36","12.1","13.3","996.6","1008.0"
"2026-08-15","04:59:53","Clear","Dry","Dark","1.6","26.6","3328","57232","28.5","20%","32.2","","Opened","7.286","35","Safe","Calm","0.0","37","12.2","13.5","996.5","1007.8"
"2026-08-15","05:00:03","Clear","Dry","Dark","1.6","26.6","3328","57232","28.5","20%","32.1","Heating UP","Opened","7.635","35","Safe","Calm","0.0","36","12.1","13.4","996.5","1007.8"
"2026-08-15","05:00:13","Clear","Dry","Dark","1.7","26.6","3328","57232","28.5","21%","32.1","Heating UP","Opened","7.483","35","Safe","Calm","1.1","36","12.1","13.5","996.4","1007.8"
"2026-08-15","05:00:23","Clear","Dry","Dark","1.6","26.6","3328","57232","28.4","22%","32.1","Heating UP","Opened","7.497","35","Safe","Calm","2.3","36","12.1","13.4","996.4","1007.8"
"2026-08-15","05:00:33","Clear","Dry","Dark","1.5","26.7","3328","57232","28.4","23%","32.1","Heating UP","Opened","7.493","35","Safe","Calm","3.0","36","12.1","13.4","996.5","1007.8"
"2026-08-15","05:00:43","Clear","Dry","Dark","1.5","26.6","3328","57232","28.4","24%","32.1","Heating UP","Opened","7.481","35","Safe","Calm","3.7","36","12.1","13.4","996.4","1007.8"
"2026-08-15","05:00:53","Clear","Dry","Dark","1.6","26.6","3328","57232","28.4","25%","32.0","Heating UP","Opened","7.489","35","Safe","Calm","4.3","36","12.1","13.4","996.4","1007.8"
"2026-08-15","05:01:03","Clear","Dry","Dark","1.5","26.6","3328","57232","28.4","26%","32.1","","Opened","7.548","35","Safe","Calm","5.2","36","12.1","13.3","996.4","1007.7"
"2026-08-15","05:01:13","Clear","Dry","Dark","1.6","26.6","3328","57232","28.4","26%","32.1","","Opened","7.320","35","Safe","Calm","5.2","37","12.1","13.4","996.4","1007.8"
"2026-08-15","05:01:23","Clear","Dry","Dark","1.7","26.6","3328","57232","28.4","26%","32.1","","Opened","7.391","35","Safe","Calm","5.2","36","12.1","13.5","996.5","1007.8"
"2026-08-15","05:01:33","Clear","Dry","Dark","1.5","26.7","3328","57232","28.3","26%","32.1","","Opened","7.335","35","Safe","Calm","5.2","36","12.1","13.3","996.4","1007.8"
"2026-08-15","05:01:43","Clear","Dry","Dark","1.5","26.6","3328","57232","28.4","26%","32.1","","Opened","7.289","35","Safe","Calm","5.4","36","12.1","13.3","996.4","1007.8"
"2026-08-15","05:01:53","Clear","Dry","Dark","1.5","26.6","3328","57232","28.4","26%","32.1","","Opened","7.362","35","Safe","Calm","5.5","37","12.1","13.3","996.5","1007.8"
"2026-08-15","05:02:03","Clear","Dry","Dark","1.7","26.6","3328","57232","28.3","26%","32.1","","Opened","7.507","35","Safe","Calm","5.4","36","12.0","13.4","996.4","1007.8"
"2026-08-15","05:02:13","Clear","Dry","Dark","1.6","26.6","3328","57232","28.3","26%","32.2","","Opened","7.295","35","Safe","Calm","5.0","36","12.0","13.4","996.5","1007.8"
"2026-08-15","05:02:23","Clear","Dry","Dark","1.7","26.6","3328","57232","28.3","26%","32.2","","Opened","7.361","35","Safe","Calm","3.8","36","12.0","13.5","996.6","1007.9"
"2026-08-15","05:02:33","Clear","Dry","Dark","1.5","26.7","3328","57232","28.3","26%","32.2","","Opened","7.322","35","Safe","Calm","3.0","36","12.0","13.3","996.6","1008.0"
"2026-08-15","05:02:43","Clear","Dry","Dark","1.5","26.6","3328","57232","28.3","26%","32.2","","Opened","7.308","35","Safe","Calm","2.2","36","12.0","13.3","996.6","1007.9"
"2026-08-15","05:02:53","Clear","Dry","Dark","1.6","26.6","3328","57232","28.3","26%","32.2","","Opened","7.387","35","Safe","Calm","1.4","36","12.0","13.4","996.5","1007.8"
"2026-08-15","05:03:03","Clear","Dry","Dark","1.6","26.7","3328","57232","28.3","26%","32.2","","Opened","7.515","35","Safe","Calm","1.3","36","12.0","13.4","996.4","1007.7"
"2026-08-15","05:03:13","Clear","Dry","Dark","1.6","26.7","3328","57232","28.4","26%","32.2","","Opened","7.294","35","Safe","Calm","1.4","36","12.1","13.4","996.5","1007.8"
"2026-08-15","05:03:23","Clear","Dry","Dark","1.5","26.7","3328","57232","28.3","26%","32.2","","Opened","7.296","35","Safe","Calm","2.5","36","12.0","13.3","996.5","1007.8"
"2026-08-15","05:03:33","Clear","Dry","Dark","1.5","26.7","3328","57232","28.3","26%","32.2","","Opened","7.380","35","Safe","Calm","3.4","36","12.0","13.3","996.5","1007.8"
"2026-08-15","05:03:43","Clear","Dry","Dark","1.5","26.7","3328","57232","28.3","26%","32.2","","Opened","7.325","35","Safe","Calm","4.0","36","12.0","13.3","996.6","1007.9"
"2026-08-15","05:03:53","Clear","Dry","Dark","1.5","26.7","3328","57232","28.3","26%","32.2","","Opened","7.283","35","Safe","Calm","4.0","36","12.0","13.3","996.6","1007.9"
"2026-08-15","05:04:03","Clear","Dry","Dark","1.5","26.6","3328","57232","28.3","26%","32.3","","Opened","7.583","35","Safe","Calm","3.4","36","12.0","13.3","996.4","1007.8"
"2026-08-15","05:04:13","Clear","Dry","Dark","1.5","26.6","3328","57232","28.3","26%","32.3","","Opened","7.301","35","Safe","Calm","2.6","36","12.0","13.3","996.6","1007.9"
"2026-08-15","05:04:23","Clear","Dry","Dark","1.6","26.6","3328","57232","28.3","26%","32.3","","Opened","7.369","35","Safe","Calm","1.6","36","12.0","13.4","996.5","1007.8"
"2026-08-15","05:04:33","Clear","Dry","Dark","1.6","26.6","3328","57232","28.3","26%","32.3","","Opened","7.311","35","Safe","Calm","0.6","36","12.0","13.4","996.4","1007.8"
"2026-08-15","05:04:43","Clear","Dry","Dark","1.5","26.6","3328","57232","28.3","26%","32.4","","Opened","7.380","35","Safe","Calm","0.0","36","12.0","13.3","996.5","1007.8"
"2026-08-15","05:04:53","Clear","Dry","Dark","1.6","26.6","3328","57232","28.3","26%","32.4","","Opened","7.318","35","Safe","Calm","0.0","36","12.0","13.3","996.6","1007.9"
"2026-08-15","05:05:03","Clear","Dry","Dark","1.5","26.6","3328","57232","28.3","26%","32.5","","Opened","7.515","35","Safe","Calm","0.0","36","12.0","13.3","996.6","1007.9"
"2026-08-15","05:05:13","Clear","Dry","Dark","1.6","26.6","3328","57232","28.3","26%","32.5","","Opened","7.276","35","Safe","Calm","0.0","36","12.0","13.4","996.6","1007.9"
"2026-08-15","05:05:23","Clear","Dry","Dark","1.4","26.6","3328","57232","28.3","26%","32.4","","Opened","7.368","35","Safe","Calm","0.0","36","12.0","13.2","996.5","1007.8"
"2026-08-15","05:05:33","Clear","Dry","Dark","1.7","26.6","3328","57232","28.3","26%","32.4","","Opened","7.306","35","Safe","Calm","0.8","37","12.1","13.4","996.6","1008.0"
"2026-08-15","05:05:43","Clear","Dry","Dark","1.5","26.6","3328","57232","28.3","26%","32.5","","Opened","7.372","35","Safe","Calm","1.4","36","12.0","13.3","996.5","1007.8"
"2026-08-15","05:05:53","Clear","Dry","Dark","1.6","26.6","3328","57232","28.3","26%","32.5","","Opened","7.322","35","Safe","Calm","1.4","36","12.0","13.3","996.5","1007.8"
"2026-08-15","05:06:03","Clear","Dry","Dark","1.6","26.6","3328","57232","28.3","26%","32.5","","Opened","7.632","35","Safe","Calm","2.2","36","12.0","13.3","996.5","1007.8"
"2026-08-15","05:06:13","Clear","Dry","Dark","1.6","26.6","3328","57232","28.3","26%","32.5","","Opened","7.373","35","Safe","Calm","3.1","36","12.0","13.4","996.5","1007.8"
"2026-08-15","05:06:23","Clear","Dry","Dark","1.6","26.6","3328","57232","28.3","26%","32.5","","Opened","7.394","35","Safe","Calm","4.0","36","12.0","13.4","996.4","1007.8"
"2026-08-15","05:06:33","Clear","Dry","Dark","1.6","26.6","3328","57232","28.3","26%","32.5","","Opened","7.352","35","Safe","Calm","4.2","36","12.0","13.4","996.4","1007.8"
"2026-08-15","05:06:43","Clear","Dry","Dark","1.5","26.6","3328","57232","28.3","26%","32.5","","Opened","7.301","35","Safe","Calm","4.3","36","12.0","13.3","996.4","1007.8"
"2026-08-15","05:06:53","Clear","Dry","Dark","1.6","26.6","3328","57232","28.3","26%","32.4","","Opened","7.380","35","Safe","Calm","4.3","36","12.1","13.4","996.5","1007.8"
"2026-08-15","05:07:03","Clear","Dry","Dark","1.5","26.6","3328","57232","28.3","26%","32.4","","Opened","7.543","35","Safe","Calm","3.5","36","12.0","13.3","996.5","1007.8"
"2026-08-15","05:07:13","Clear","Dry","Dark","1.5","26.6","3328","57232","28.3","26%","32.4","","Opened","7.291","35","Safe","Calm","2.6","36","12.0","13.3","996.5","1007.8"
"2026-08-15","05:07:23","Clear","Dry","Dark","1.5","26.6","3328","57232","28.3","26%","32.4","","Opened","7.283","35","Safe","Calm","1.7","36","12.0","13.3","996.6","1007.9"
"2026-08-15","05:07:33","Clear","Dry","Dark","1.5","26.6","3328","57232","28.3","26%","32.5","","Opened","7.354","35","Safe","Calm","0.8","36","12.1","13.2","996.6","1008.0"
"2026-08-15","05:07:43","Clear","Dry","Dark","1.5","26.6","3328","57232","28.4","26%","32.5","","Opened","7.308","35","Safe","Calm","0.0","36","12.1","13.2","996.4","1007.8"
"2026-08-15","05:07:53","Clear","Dry","Dark","1.3","26.6","3328","57232","28.4","26%","32.5","","Opened","7.273","35","Safe","Calm","0.0","36","12.1","13.1","996.5","1007.8"
"2026-08-15","05:08:03","Clear","Dry","Dark","1.4","26.6","3328","57232","28.3","26%","32.6","","Opened","7.550","35","Safe","Calm","0.0","36","12.1","13.2","996.5","1007.8"
"2026-08-15","05:08:13","Clear","Dry","Dark","1.4","26.5","3328","57232","28.4","26%","32.6","","Opened","7.294","35","Safe","Calm","0.0","36","12.1","13.2","996.5","1007.8"
"2026-08-15","05:08:23","Clear","Dry","Dark","1.4","26.5","3328","57232","28.3","26%","32.6","Heating DOWN","Opened","7.502","35","Safe","Calm","0.0","36","12.0","13.2","996.5","1007.8"
"2026-08-15","05:08:33","Clear","Dry","Dark","1.3","26.5","3328","57232","28.3","25%","32.6","","Opened","7.368","35","Safe","Calm","0.0","36","12.1","13.1","996.4","1007.8"
"2026-08-15","05:08:43","Clear","Dry","Dark","1.3","26.5","3328","57232","28.3","25%","32.5","","Opened","7.338","35","Safe","Calm","0.0","37","12.1","13.1","996.6","1007.9"
"2026-08-15","05:08:53","Clear","Dry","Dark","1.3","26.5","3328","57232","28.3","25%","32.5","","Opened","7.315","35","Safe","Calm","0.0","37","12.1","13.1","996.6","1007.9"
"2026-08-15","05:09:03","Clear","Dry","Dark","1.1","26.5","3328","57232","28.3","25%","32.5","","Opened","7.559","35","Safe","Calm","0.6","37","12.2","12.9","996.5","1007.8"
"2026-08-15","05:09:13","Clear","Dry","Dark","1.2","26.5","3328","57232","28.3","25%","32.4","","Opened","7.323","35","Safe","Calm","1.3","37","12.2","13.0","996.6","1007.9"
"2026-08-15","05:09:23","Clear","Dry","Dark","1.3","26.5","3328","57232","28.3","25%","32.4","","Opened","7.305","35","Safe","Calm","1.9","37","12.2","13.1","996.5","1007.8"
"2026-08-15","05:09:33","Clear","Dry","Dark","1.4","26.5","3328","57232","28.3","25%","32.4","","Opened","7.395","35","Safe","Calm","1.9","37","12.1","13.1","996.5","1007.8"
"2026-08-15","05:09:43","Clear","Dry","Dark","1.4","26.4","3328","57232","28.3","25%","32.4","","Opened","7.362","35","Safe","Calm","1.9","36","12.0","13.2","996.5","1007.8"
"2026-08-15","05:09:53","Clear","Dry","Dark","1.3","26.4","3328","57232","28.3","25%","32.4","","Opened","7.314","35","Safe","Calm","1.9","36","12.0","13.0","996.5","1007.8"
"2026-08-15","05:10:03","Clear","Dry","Dark","1.3","26.4","3328","57232","28.3","25%","32.4","","Opened","7.416","35","Safe","Calm","1.3","36","12.0","13.1","996.6","1007.9"
"2026-08-15","05:10:13","Clear","Dry","Dark","1.3","26.4","3328","57232","28.3","25%","32.4","","Opened","7.320","35","Safe","Calm","0.6","36","12.0","13.1","996.6","1007.9"
"2026-08-15","05:10:23","Clear","Dry","Dark","1.2","26.4","3328","57232","28.3","25%","32.4","","Opened","7.265","35","Safe","Calm","0.0","36","12.0","12.9","996.5","1007.8"
"2026-08-15","05:10:33","Clear","Dry","Dark","1.1","26.4","3328","57232","28.2","25%","32.3","","Opened","7.328","35","Safe","Calm","0.0","37","12.0","12.9","996.6","1007.9"
"2026-08-15","05:10:43","Clear","Dry","Dark","1.2","26.4","3328","57232","28.2","25%","32.3","","Opened","7.273","35","Safe","Calm","0.0","37","12.0","13.0","996.5","1007.8"
"2026-08-15","05:10:53","Clear","Dry","Dark","1.3","26.4","3328","57232","28.2","25%","32.3","","Opened","7.354","35","Safe","Calm","0.0","37","12.0","13.0","996.5","1007.8"
"2026-08-15","05:11:03","Clear","Dry","Dark","1.2","26.4","3328","57232","28.2","25%","32.3","","Opened","7.544","35","Safe","Calm","0.0","37","12.0","13.0","996.5","1007.8"
"2026-08-15","05:11:13","Clear","Dry","Dark","1.2","26.4","3328","57232","28.2","25%","32.3","","Opened","7.385","35","Safe","Calm","0.0","37","12.0","12.9","996.5","1007.9"
"2026-08-15","05:11:23","Clear","Dry","Dark","1.2","26.3","3328","57232","28.2","25%","32.2","","Opened","7.362","35","Safe","Calm","0.0","37","12.0","12.9","996.6","1007.9"
"2026-08-15","05:11:33","Clear","Dry","Dark","1.1","26.3","3328","57232","28.2","25%","32.2","","Opened","7.334","35","Safe","Calm","0.0","37","12.1","12.8","996.6","1007.9"
"2026-08-15","05:11:43","Clear","Dry","Dark","1.2","26.3","3328","57232","28.2","25%","32.2","","Opened","7.277","35","Safe","Calm","0.0","37","12.1","12.9","996.5","1007.9"
"2026-08-15","05:11:53","Clear","Dry","Dark","1.1","26.3","3328","57232","28.2","25%","32.2","","Opened","7.369","35","Safe","Calm","0.0","37","12.1","12.9","996.6","1007.9"
"2026-08-15","05:12:03","Clear","Dry","Dark","1.2","26.3","3328","57232","28.2","25%","32.1","","Opened","7.482","35","Safe","Calm","0.0","37","12.1","12.9","996.5","1007.9"
"2026-08-15","05:12:13","Clear","Dry","Dark","1.2","26.3","3328","57232","28.2","25%","32.1","","Opened","7.269","35","Safe","Calm","0.0","37","12.1","12.9","996.5","1007.9"
"2026-08-15","05:12:23","Clear","Dry","Dark","1.3","26.3","3328","57232","28.2","25%","32.1","","Opened","7.367","35","Safe","Calm","0.0","37","12.0","13.0","996.6","1007.9"
"2026-08-15","05:12:33","Clear","Dry","Dark","1.2","26.3","3328","57232","28.2","25%","32.1","","Opened","7.318","35","Safe","Calm","0.0","37","12.1","12.9","996.6","1007.9"
"2026-08-15","05:12:43","Clear","Dry","Dark","1.2","26.3","3328","57232","28.2","25%","32.2","","Opened","7.274","35","Safe","Calm","0.0","37","12.0","12.9","996.6","1007.9"
"2026-08-15","05:12:53","Clear","Dry","Dark","1.2","26.3","3328","57232","28.1","25%","32.2","","Opened","7.357","35","Safe","Calm","0.0","37","11.9","12.9","996.5","1007.9"
"2026-08-15","05:13:03","Clear","Dry","Dark","1.2","26.2","3328","57232","28.1","25%","32.2","","Opened","7.481","35","Safe","Calm","0.0","37","11.9","12.9","996.6","1007.9"
"2026-08-15","05:13:13","Clear","Dry","Dark","1.2","26.2","3328","57232","28.2","25%","32.2","","Opened","7.378","35","Safe","Calm","0.0","37","12.0","12.9","996.6","1008.0"
"2026-08-15","05:13:23","Clear","Dry","Dark","1.1","26.2","3328","57232","28.2","25%","32.3","","Opened","7.326","35","Safe","Calm","0.0","37","12.0","12.8","996.6","1007.9"
"2026-08-15","05:13:33","Clear","Dry","Dark","1.1","26.2","3328","57232","28.1","25%","32.3","","Opened","7.287","35","Safe","Calm","0.0","37","12.0","12.8","996.6","1007.9"
"2026-08-15","05:13:43","Clear","Dry","Dark","1.1","26.2","3328","57232","28.1","25%","32.3","","Opened","7.365","35","Safe","Calm","0.0","37","11.9","12.7","996.6","1008.0"
"2026-08-15","05:13:53","Clear","Dry","Dark","1.0","26.2","3328","57232","28.1","25%","32.3","","Opened","7.312","35","Safe","Calm","0.0","37","11.9","12.7","996.6","1008.0"
"2026-08-15","05:14:03","Clear","Dry","Dark","1.0","26.2","3328","57232","28.1","25%","32.3","","Opened","7.546","35","Safe","Calm","0.0","37","12.0","12.7","996.6","1007.9"
"2026-08-15","05:14:13","Clear","Dry","Dark","1.1","26.2","3328","57232","28.1","25%","32.4","","Opened","7.227","35","Safe","Calm","0.0","37","12.0","12.7","996.5","1007.9"
"2026-08-15","05:14:23","Clear","Dry","Dark","1.0","26.1","3328","57232","28.1","25%","32.3","","Opened","7.301","35","Safe","Calm","0.0","37","12.0","12.7","996.6","1008.0"
"2026-08-15","05:14:33","Clear","Dry","Dark","1.0","26.1","3328","57232","28.1","25%","32.3","","Opened","7.378","35","Safe","Calm","0.0","37","12.0","12.6","996.6","1007.9"
"2026-08-15","05:14:43","Clear","Dry","Dark","1.0","26.1","3328","57232","28.1","25%","32.3","","Opened","7.326","35","Safe","Calm","0.0","37","12.0","12.6","996.5","1007.9"
"2026-08-15","05:14:53","Clear","Dry","Dark","0.9","26.1","3328","57232","28.1","25%","32.3","","Opened","7.281","35","Safe","Calm","0.0","37","11.9","12.6","996.6","1007.9"
"2026-08-15","05:15:03","Clear","Dry","Dark","0.9","26.1","3328","57232","28.1","25%","32.3","","Opened","7.514","35","Safe","Calm","0.0","37","12.0","12.6","996.6","1007.9"
"2026-08-15","05:15:13","Clear","Dry","Dark","0.9","26.1","3328","57232","28.1","25%","32.3","","Opened","7.301","35","Safe","Calm","0.0","37","12.0","12.5","996.6","1007.9"
"2026-08-15","05:15:23","Clear","Dry","Dark","1.0","26.0","3328","57232","28.1","25%","32.3","","Opened","7.378","35","Safe","Calm","0.0","37","12.0","12.6","996.6","1008.0"
"2026-08-15","05:15:33","Clear","Dry","Dark","0.9","26.0","3328","57232","28.1","25%","32.3","","Opened","7.329","35","Safe","Calm","0.0","37","12.0","12.6","996.6","1008.0"
"2026-08-15","05:15:43","Clear","Dry","Dark","0.9","26.0","3328","57232","28.1","25%","32.3","","Opened","7.282","35","Safe","Calm","0.0","37","12.0","12.6","996.6","1008.0"
"2026-08-15","05:15:53","Clear","Dry","Dark","0.9","26.0","3328","57232","28.1","25%","32.3","","Opened","7.362","35","Safe","Calm","0.0","37","12.0","12.6","996.6","1007.9"
"2026-08-15","05:16:03","Clear","Dry","Dark","1.1","26.0","3328","57232","28.0","25%","32.3","Heating DOWN","Opened","7.583","35","Safe","Calm","0.0","37","12.0","12.7","996.6","1008.0"
"2026-08-15","05:16:13","Clear","Dry","Dark","1.0","26.0","3328","57232","28.0","24%","32.3","","Opened","7.308","35","Safe","Calm","0.0","37","12.0","12.6","996.6","1007.9"
"2026-08-15","05:16:23","Clear","Dry","Dark","1.0","26.0","3328","57232","28.0","24%","32.3","Heating DOWN","Opened","7.515","35","Safe","Calm","0.0","37","12.0","12.6","996.6","1007.9"
"2026-08-15","05:16:33","Clear","Dry","Dark","0.9","26.0","3328","57232","28.0","23%","32.2","","Opened","7.262","35","Safe","Calm","0.0","37","12.1","12.5","996.6","1008.0"
"2026-08-15","05:16:43","Clear","Dry","Dark","1.0","26.0","3328","57232","28.0","23%","32.2","","Opened","7.337","35","Safe","Calm","0.0","37","12.1","12.6","996.6","1007.9"
"2026-08-15","05:16:53","Clear","Dry","Dark","1.0","25.9","3328","57232","28.0","23%","32.2","","Opened","7.283","35","Safe","Calm","0.0","37","12.1","12.6","996.6","1007.9"
"2026-08-15","05:17:03","Clear","Dry","Dark","0.9","25.9","3328","57232","28.0","23%","32.1","","Opened","7.529","35","Safe","Calm","0.0","37","12.1","12.5","996.6","1007.9"
"2026-08-15","05:17:13","Clear","Dry","Dark","0.9","25.9","3328","57232","28.0","23%","32.1","","Opened","7.319","35","Safe","Calm","0.0","37","12.1","12.5","996.5","1007.9"
"2026-08-15","05:17:23","Clear","Dry","Dark","0.9","25.9","3328","57232","27.9","23%","32.1","","Opened","7.274","35","Safe","Calm","0.0","37","12.1","12.5","996.5","1007.9"
"2026-08-15","05:17:33","Clear","Dry","Dark","0.9","25.9","3328","57232","28.0","23%","32.0","","Opened","7.344","35","Safe","Calm","0.0","37","12.0","12.5","996.6","1007.9"
"2026-08-15","05:17:43","Clear","Dry","Dark","0.9","25.8","3328","57232","27.9","23%","32.0","","Opened","7.286","35","Safe","Calm","0.0","37","12.0","12.5","996.6","1007.9"
"2026-08-15","05:17:53","Clear","Dry","Dark","1.0","25.8","3328","57232","27.9","23%","32.0","","Opened","7.362","35","Safe","Calm","0.0","37","12.0","12.6","996.6","1007.9"
"2026-08-15","05:18:03","Clear","Dry","Dark","1.0","25.8","3328","57232","27.9","23%","32.0","","Opened","7.479","35","Safe","Calm","0.0","37","12.0","12.5","996.6","1007.9"
"2026-08-15","05:18:13","Clear","Dry","Dark","0.9","25.8","3328","57232","27.9","23%","32.0","","Opened","7.387","35","Safe","Calm","0.0","37","11.9","12.5","996.6","1007.9"
"2026-08-15","05:18:23","Clear","Dry","Dark","1.0","25.8","3328","57232","27.9","23%","32.0","","Opened","7.344","35","Safe","Calm","0.0","37","12.0","12.6","996.7","1008.1"
"2026-08-15","05:18:33","Clear","Dry","Dark","1.0","25.8","3328","57232","27.9","23%","32.0","","Opened","7.291","35","Safe","Calm","0.0","37","12.0","12.5","996.6","1008.0"
"2026-08-15","05:18:43","Clear","Dry","Dark","1.0","25.8","3328","57232","27.9","23%","31.9","","Opened","7.377","35","Safe","Calm","0.0","37","12.0","12.6","996.6","1008.0"
"2026-08-15","05:18:53","Clear","Dry","Dark","1.1","25.8","3328","57232","27.9","23%","31.9","","Opened","7.325","35","Safe","Calm","0.0","37","12.0","12.6","996.6","1008.0"
"2026-08-15","05:19:03","Clear","Dry","Dark","1.1","25.8","3328","57232","27.9","23%","31.9","","Opened","7.424","35","Safe","Calm","0.0","37","12.0","12.7","996.6","1007.9"
"2026-08-15","05:19:13","Clear","Dry","Dark","1.1","25.8","3328","57232","27.9","23%","31.9","","Opened","7.349","35","Safe","Calm","0.0","37","12.0","12.6","996.6","1007.9"
"2026-08-15","05:19:23","Clear","Dry","Dark","1.2","25.7","3328","57232","27.8","23%","31.8","","Opened","7.299","35","Safe","Calm","0.0","37","11.9","12.7","996.6","1008.0"
"2026-08-15","05:19:33","Clear","Dry","Dark","1.2","25.7","3328","57232","27.8","23%","31.8","","Opened","7.380","35","Safe","Calm","0.0","37","11.9","12.7","996.6","1008.0"
"2026-08-15","05:19:43","Clear","Dry","Dark","1.1","25.7","3328","57232","27.9","23%","31.8","","Opened","7.331","35","Safe","Calm","0.0","37","11.9","12.6","996.6","1007.9"
"2026-08-15","05:19:53","Clear","Dry","Dark","1.1","25.7","3328","57232","27.8","23%","31.8","","Opened","7.273","35","Safe","Calm","0.0","37","11.9","12.7","996.6","1008.0"
"2026-08-15","05:20:03","Clear","Dry","Dark","1.2","25.7","3328","57232","27.8","23%","31.8","","Opened","7.517","35","Safe","Calm","0.0","37","11.9","12.7","996.6","1007.9"
"2026-08-15","05:20:13","Clear","Dry","Dark","1.2","25.7","3328","57232","27.8","23%","31.8","","Opened","7.303","35","Safe","Calm","0.0","37","11.7","12.7","996.6","1007.9"
"2026-08-15","05:20:23","Clear","Dry","Dark","1.2","25.7","3328","57232","27.8","23%","31.7","","Opened","7.387","35","Safe","Calm","0.0","37","11.8","12.7","996.6","1007.9"
"2026-08-15","05:20:33","Clear","Dry","Dark","1.2","25.7","3328","57232","27.8","23%","31.7","","Opened","7.335","35","Safe","Calm","0.0","37","11.8","12.7","996.6","1007.9"
"2026-08-15","05:20:43","Clear","Dry","Dark","1.3","25.7","3328","57232","27.8","23%","31.8","","Opened","7.294","35","Safe","Calm","0.0","37","11.8","12.8","996.6","1007.9"
"2026-08-15","05:20:53","Clear","Dry","Dark","1.5","25.7","3328","57232","27.8","23%","31.8","","Opened","7.380","35","Safe","Calm","0.0","37","11.8","13.0","996.6","1007.9"
"2026-08-15","05:21:03","Clear","Dry","Dark","1.3","25.7","3328","57232","27.8","23%","31.8","","Opened","7.491","35","Safe","Calm","0.0","37","11.7","12.8","996.6","1007.9"
"2026-08-15","05:21:13","Clear","Dry","Dark","1.3","25.8","3328","57232","27.8","23%","31.8","","Opened","7.287","35","Safe","Calm","0.0","37","11.7","12.8","996.6","1007.9"
"2026-08-15","05:21:23","Clear","Dry","Dark","1.4","25.8","3328","57232","27.8","23%","31.8","","Opened","7.371","35","Safe","Calm","0.0","37","11.7","12.9","996.6","1007.9"
"2026-08-15","05:21:33","Clear","Dry","Dark","1.3","25.8","3328","57232","27.8","23%","31.8","","Opened","7.316","35","Safe","Calm","0.0","37","11.7","12.8","996.6","1007.9"
"2026-08-15","05:21:43","Clear","Dry","Dark","1.2","25.8","3328","57232","27.8","23%","31.8","","Opened","7.274","35","Safe","Calm","0.0","36","11.6","12.7","996.6","1008.0"
"2026-08-15","05:21:53","Clear","Dry","Dark","1.4","25.8","3328","57232","27.8","23%","31.7","","Opened","7.355","35","Safe","Calm","0.0","37","11.7","12.9","996.6","1008.0"
"2026-08-15","05:22:03","Clear","Dry","Dark","1.4","25.8","3328","57232","27.8","23%","31.7","","Opened","7.448","35","Safe","Calm","0.0","37","11.6","12.9","996.6","1008.0"
"2026-08-15","05:22:13","Clear","Dry","Dark","1.2","25.8","3328","57232","27.8","23%","31.7","","Opened","7.388","35","Safe","Calm","0.0","36","11.6","12.7","996.6","1007.9"
"2026-08-15","05:22:23","Clear","Dry","Dark","1.3","25.8","3328","57232","27.8","23%","31.7","","Opened","7.332","35","Safe","Calm","0.0","37","11.6","12.8","996.6","1008.0"
"2026-08-15","05:22:33","Clear","Dry","Dark","1.4","25.8","3328","57232","27.8","23%","31.7","","Opened","7.284","35","Safe","Calm","0.0","37","11.6","12.9","996.5","1007.9"
"2026-08-15","05:22:43","Clear","Dry","Dark","1.6","25.8","3328","57232","27.8","23%","31.6","","Opened","7.372","35","Safe","Calm","0.0","37","11.6","13.1","996.6","1007.9"
"2026-08-15","05:22:53","Clear","Dry","Dark","1.5","25.8","3328","57232","27.8","23%","31.6","","Opened","7.324","35","Safe","Calm","0.0","36","11.6","13.0","996.6","1007.9"
"2026-08-15","05:23:03","Clear","Dry","Dark","2.0","25.9","3328","57232","27.8","23%","31.6","","Opened","7.429","35","Safe","Calm","0.0","36","11.6","13.5","996.6","1007.9"
"2026-08-15","05:23:13","Clear","Dry","Dark","1.9","25.9","3328","57232","27.8","23%","31.5","Heating UP","Opened","7.489","35","Safe","Calm","0.6","36","11.5","13.4","996.6","1007.9"
"2026-08-15","05:23:23","Clear","Dry","Dark","2.0","26.0","3328","57232","27.8","24%","31.5","Heating UP","Opened","7.493","35","Safe","Calm","1.6","36","11.4","13.5","996.5","1007.9"
"2026-08-15","05:23:33","Clear","Dry","Dark","2.2","26.0","3328","57232","27.8","25%","31.5","Heating UP","Opened","7.500","35","Safe","Calm","2.5","36","11.3","13.7","996.6","1007.9"
"2026-08-15","05:23:43","Clear","Dry","Dark","2.1","26.1","3328","57232","27.9","26%","31.6","","Opened","7.368","35","Safe","Calm","3.3","35","11.1","13.6","996.6","1007.9"
"2026-08-15","05:23:53","Clear","Dry","Dark","1.9","26.2","3328","57232","27.9","26%","31.7","","Opened","7.327","35","Safe","Calm","3.9","35","11.2","13.4","996.6","1007.9"
"2026-08-15","05:24:03","Clear","Dry","Dark","1.6","26.2","3328","57232","27.9","26%","31.7","","Opened","7.421","35","Safe","Calm","3.9","35","11.2","13.1","996.5","1007.9"
"2026-08-15","05:24:13","Clear","Dry","Dark","1.7","26.2","3328","57232","27.9","26%","31.8","","Opened","7.382","35","Safe","Calm","3.3","35","11.2","13.2","996.6","1007.9"
"2026-08-15","05:24:23","Clear","Dry","Dark","1.6","26.2","3328","57232","27.9","26%","31.9","","Opened","7.332","35","Safe","Calm","2.3","35","11.2","13.1","996.6","1008.0"
"2026-08-15","05:24:33","Clear","Dry","Dark","1.5","26.2","3328","57232","28.0","26%","32.0","","Opened","7.276","35","Safe","Calm","1.4","35","11.2","13.0","996.6","1007.9"
"2026-08-15","05:24:43","Clear","Dry","Dark","1.4","26.2","3328","57232","28.0","26%","32.0","","Opened","7.362","35","Safe","Calm","0.6","35","11.3","12.9","996.6","1007.9"
"2026-08-15","05:24:53","Clear","Dry","Dark","1.4","26.2","3328","57232","28.0","26%","31.9","","Opened","7.313","35","Safe","Calm","0.0","36","11.4","13.0","996.5","1007.9"
"2026-08-15","05:25:03","Clear","Dry","Dark","1.2","26.2","3328","57232","28.0","26%","31.8","","Opened","7.535","35","Safe","Calm","0.0","36","11.5","12.7","996.6","1007.9"
"2026-08-15","05:25:13","Clear","Dry","Dark","1.2","26.2","3328","57232","28.0","26%","31.8","","Opened","7.341","35","Safe","Calm","0.0","36","11.6","12.8","996.6","1007.9"
"2026-08-15","05:25:23","Clear","Dry","Dark","1.2","26.1","3328","57232","28.0","26%","31.8","","Opened","7.300","35","Safe","Calm","0.0","36","11.7","12.8","996.6","1007.9"
"2026-08-15","05:25:33","Clear","Dry","Dark","1.2","26.1","3328","57232","28.0","26%","31.8","","Opened","7.382","35","Safe","Calm","0.0","36","11.6","12.8","996.6","1007.9"
"2026-08-15","05:25:43","Clear","Dry","Dark","1.3","26.1","3328","57232","27.9","26%","31.8","","Opened","7.343","35","Safe","Calm","0.0","36","11.6","12.8","996.6","1007.9"
"2026-08-15","05:25:53","Clear","Dry","Dark","1.1","26.1","3328","57232","28.0","26%","31.9","","Opened","7.293","35","Safe","Calm","0.0","36","11.7","12.6","996.6","1008.0"
"2026-08-15","05:26:03","Clear","Dry","Dark","1.2","26.1","3328","57232","28.0","26%","31.9","","Opened","7.521","35","Safe","Calm","0.0","36","11.7","12.7","996.6","1007.9"
"2026-08-15","05:26:13","Clear","Dry","Dark","1.0","26.1","3328","57232","27.9","26%","31.9","","Opened","7.317","35","Safe","Calm","0.0","36","11.6","12.5","996.6","1007.9"
"2026-08-15","05:26:23","Clear","Dry","Dark","1.1","26.0","3328","57232","28.0","26%","31.9","","Opened","7.276","35","Safe","Calm","0.0","36","11.7","12.6","996.6","1008.0"
"2026-08-15","05:26:33","Clear","Dry","Dark","1.1","26.0","3328","57232","28.0","26%","31.9","","Opened","7.361","35","Safe","Calm","0.0","36","11.7","12.7","996.6","1007.9"
"2026-08-15","05:26:43","Clear","Dry","Dark","1.1","26.0","3328","57232","27.9","26%","32.0","","Opened","7.316","35","Safe","Calm","0.0","36","11.7","12.6","996.6","1007.9"
"2026-08-15","05:26:53","Clear","Dry","Dark","1.1","26.0","3328","57232","28.0","26%","32.0","","Opened","7.389","35","Safe","Calm","0.0","36","11.7","12.7","996.6","1007.9"
"2026-08-15","05:27:03","Clear","Dry","Dark","1.2","26.0","3328","57232","27.9","26%","31.9","","Opened","7.498","35","Safe","Calm","0.0","36","11.6","12.8","996.6","1007.9"
"2026-08-15","05:27:13","Clear","Dry","Dark","1.3","26.0","3328","57232","27.9","26%","32.0","","Opened","7.297","35","Safe","Calm","0.0","36","11.5","12.8","996.6","1007.9"
"2026-08-15","05:27:23","Clear","Dry","Dark","1.2","26.0","3328","57232","27.9","26%","32.0","","Opened","7.384","35","Safe","Calm","0.0","36","11.6","12.8","996.6","1008.0"
"2026-08-15","05:27:33","Clear","Dry","Dark","1.2","26.0","3328","57232","27.9","26%","31.9","","Opened","7.322","35","Safe","Calm","0.0","36","11.5","12.7","996.6","1008.0"
"2026-08-15","05:27:43","Clear","Dry","Dark","1.2","26.0","3328","57232","27.9","26%","32.0","","Opened","7.275","35","Safe","Calm","0.0","36","11.5","12.7","996.6","1008.0"
"2026-08-15","05:27:53","Clear","Dry","Dark","1.3","26.0","3328","57232","27.9","26%","32.0","","Opened","7.363","35","Safe","Calm","0.0","36","11.5","12.8","996.6","1007.9"
"2026-08-15","05:28:03","Clear","Dry","Dark","1.2","26.0","3328","57232","27.9","26%","32.1","","Opened","7.472","35","Safe","Calm","0.0","36","11.5","12.8","996.6","1008.0"
"2026-08-15","05:28:13","Clear","Dry","Dark","1.3","26.0","3328","57232","27.9","26%","32.1","","Opened","7.394","35","Safe","Calm","0.0","36","11.5","12.8","996.6","1008.0"
"2026-08-15","05:28:23","Clear","Dry","Dark","1.2","26.0","3328","57232","27.9","26%","32.2","Heating DOWN","Opened","7.475","35","Safe","Calm","0.0","36","11.5","12.8","996.6","1007.9"
"2026-08-15","05:28:33","Clear","Dry","Dark","1.3","26.0","3328","57232","27.9","25%","32.2","Heating DOWN","Opened","7.472","35","Safe","Calm","0.0","36","11.5","12.9","996.6","1007.9"
"2026-08-15","05:28:43","Clear","Dry","Dark","1.3","26.0","3328","57232","27.9","24%","32.3","Heating DOWN","Opened","7.475","35","Safe","Calm","0.0","36","11.5","12.8","996.6","1007.9"
"2026-08-15","05:28:53","Clear","Dry","Dark","1.3","26.0","3328","57232","27.9","23%","32.2","","Opened","7.362","35","Safe","Calm","0.0","36","11.5","12.8","996.6","1007.9"
"2026-08-15","05:29:03","Clear","Dry","Dark","1.2","26.0","3328","57232","27.9","23%","32.2","","Opened","7.480","35","Safe","Calm","0.0","36","11.5","12.8","996.5","1007.9"
"2026-08-15","05:29:13","Clear","Dry","Dark","1.2","26.0","3328","57232","27.9","23%","32.2","","Opened","7.272","35","Safe","Calm","0.0","36","11.5","12.8","996.5","1007.9"
"2026-08-15","05:29:23","Clear","Dry","Dark","1.2","26.0","3328","57232","27.9","23%","32.3","Heating DOWN","Opened","7.491","35","Safe","Calm","0.0","36","11.5","12.8","996.6","1007.9"
"2026-08-15","05:29:33","Clear","Dry","Dark","1.3","26.0","3328","28588","27.9","22%","32.2","","Opened","7.371","35","Safe","Calm","0.0","36","11.5","12.8","996.6","1007.9"
"2026-08-15","05:29:43","Clear","Dry","Dark","1.4","26.0","3328","28588","27.9","22%","32.2","","Opened","7.322","35","Safe","Calm","0.0","36","11.5","13.0","996.6","1008.0"
"2026-08-15","05:29:53","Clear","Dry","Dark","1.4","25.9","3328","28588","27.9","22%","32.2","","Opened","7.269","35","Safe","Calm","0.0","36","11.5","13.0","996.6","1007.9"
"2026-08-15","05:30:03","Clear","Dry","Dark","1.6","26.0","3328","28588","27.9","22%","32.1","","Opened","7.501","35","Safe","Calm","0.0","36","11.5","13.1","996.6","1008.0"
"2026-08-15","05:30:13","Clear","Dry","Dark","1.3","26.0","3328","57232","27.9","22%","32.1","","Opened","7.315","35","Safe","Calm","0.0","36","11.4","12.9","996.6","1007.9"
"2026-08-15","05:30:23","Clear","Dry","Dark","1.5","26.0","3328","28588","27.9","22%","32.1","","Opened","7.273","35","Safe","Calm","0.0","36","11.4","13.1","996.6","1007.9"
"2026-08-15","05:30:33","Clear","Dry","Dark","1.5","26.0","3328","28588","27.9","22%","32.2","","Opened","7.356","35","Safe","Calm","0.0","35","11.3","13.0","996.6","1007.9"
"2026-08-15","05:30:43","Clear","Dry","Dark","1.2","26.0","3328","28588","28.0","22%","32.2","","Opened","7.321","35","Safe","Calm","0.0","35","11.2","12.8","996.6","1007.9"
"2026-08-15","05:30:53","Clear","Dry","Dark","1.4","26.0","3328","28588","28.0","22%","32.0","","Opened","7.392","35","Safe","Calm","0.0","35","11.3","13.0","996.6","1007.9"
"2026-08-15","05:31:03","Clear","Dry","Dark","1.4","26.0","3328","28588","28.0","22%","32.0","","Opened","7.506","35","Safe","Calm","0.0","36","11.4","12.9","996.6","1007.9"
"2026-08-15","05:31:13","Clear","Dry","Dark","1.4","26.0","3328","28588","28.0","22%","32.0","","Opened","7.304","35","Safe","Calm","0.0","36","11.4","13.0","996.6","1007.9"
"2026-08-15","05:31:23","Clear","Dry","Dark","1.4","26.1","3328","28588","28.0","22%","32.0","","Opened","7.390","35","Safe","Calm","0.0","36","11.3","13.0","996.5","1007.9"
"2026-08-15","05:31:33","Clear","Dry","Dark","1.2","26.1","3328","28588","28.0","22%","32.0","","Opened","7.339","35","Safe","Calm","0.0","35","11.3","12.8","996.5","1007.9"
"2026-08-15","05:31:43","Clear","Dry","Dark","1.3","26.1","3328","28588","28.0","22%","32.0","","Opened","7.290","35","Safe","Calm","0.0","35","11.3","12.9","996.6","1007.9"
"2026-08-15","05:31:53","Clear","Dry","Dark","1.3","26.0","3328","28588","28.0","22%","32.0","","Opened","7.376","35","Safe","Calm","0.0","35","11.3","12.9","996.5","1007.9"
"2026-08-15","05:32:03","Clear","Dry","Dark","1.3","26.0","3328","28588","28.0","22%","32.0","","Opened","7.475","35","Safe","Calm","0.0","35","11.3","12.9","996.6","1007.9"
"2026-08-15","05:32:13","Clear","Dry","Dark","1.3","26.0","3328","28588","28.0","22%","31.9","","Opened","7.270","35","Safe","Calm","0.0","36","11.4","12.9","996.6","1008.0"
"2026-08-15","05:32:23","Clear","Dry","Dark","1.4","26.0","3328","28588","28.0","22%","31.9","","Opened","7.358","35","Safe","Calm","0.0","36","11.3","12.9","996.5","1007.9"
"2026-08-15","05:32:33","Clear","Dry","Dark","1.4","26.0","3328","28588","28.0","22%","31.9","","Opened","7.311","35","Safe","Calm","0.0","35","11.3","13.0","996.5","1007.9"
"2026-08-15","05:32:43","Clear","Dry","Dark","1.4","26.0","3328","19040","28.0","22%","31.9","","Opened","7.385","35","Safe","Calm","0.0","36","11.3","13.0","996.5","1007.9"
"2026-08-15","05:32:53","Clear","Dry","Dark","1.2","26.0","3328","19040","28.0","22%","31.9","","Opened","7.339","35","Safe","Calm","0.0","35","11.3","12.8","996.5","1007.9"
"2026-08-15","05:33:03","Clear","Dry","Dark","1.1","26.0","3328","19040","28.0","22%","31.9","","Opened","7.454","35","Safe","Calm","0.0","36","11.4","12.7","996.6","1007.9"
"2026-08-15","05:33:13","Clear","Dry","Dark","1.0","26.0","3328","19040","28.0","22%","31.8","","Opened","7.381","35","Safe","Calm","0.0","36","11.4","12.6","996.5","1007.9"
"2026-08-15","05:33:23","Clear","Dry","Dark","1.0","26.0","3328","19040","28.0","22%","31.8","","Opened","7.326","35","Safe","Calm","0.0","36","11.4","12.6","996.6","1007.9"
"2026-08-15","05:33:33","Clear","Dry","Dark","1.0","26.0","3328","19040","28.0","22%","31.8","","Opened","7.276","35","Safe","Calm","0.0","36","11.4","12.6","996.5","1007.9"
"2026-08-15","05:33:43","Clear","Dry","Dark","1.0","25.9","3328","19040","28.0","22%","31.8","","Opened","7.363","35","Safe","Calm","0.0","36","11.4","12.6","996.6","1007.9"
"2026-08-15","05:33:53","Clear","Dry","Dark","1.0","25.9","3328","19040","28.0","22%","31.8","","Opened","7.319","35","Safe","Calm","0.0","36","11.4","12.6","996.6","1007.9"
"2026-08-15","05:34:03","Clear","Dry","Dark","1.0","25.9","3328","19040","28.0","22%","31.8","","Opened","7.418","35","Safe","Calm","0.0","36","11.4","12.6","996.7","1008.0"
"2026-08-15","05:34:13","Clear","Dry","Dark","1.0","25.9","3328","19040","28.0","22%","31.8","","Opened","7.366","35","Safe","Calm","0.0","36","11.4","12.6","996.6","1007.9"
"2026-08-15","05:34:23","Clear","Dry","Dark","0.9","25.9","3328","19040","28.0","22%","31.8","","Opened","7.314","35","Safe","Calm","0.0","36","11.4","12.5","996.6","1007.9"
"2026-08-15","05:34:33","Clear","Dry","Dark","0.9","25.9","3328","14266","28.0","22%","31.8","","Opened","7.268","35","Safe","Calm","0.0","36","11.5","12.5","996.6","1007.9"
"2026-08-15","05:34:43","Clear","Dry","Dark","0.9","25.8","3328","14266","28.0","22%","31.8","","Opened","7.344","35","Safe","Calm","0.0","36","11.5","12.5","996.6","1007.9"
"2026-08-15","05:34:53","Clear","Dry","Dark","0.9","25.8","3328","14266","28.0","22%","31.8","","Opened","7.297","35","Safe","Calm","0.0","36","11.4","12.5","996.5","1007.9"
"2026-08-15","05:35:03","Clear","Dry","Dark","0.9","25.8","3328","14266","28.0","22%","31.8","","Opened","7.537","35","Safe","Calm","0.0","36","11.5","12.5","996.5","1007.9"
"2026-08-15","05:35:13","Clear","Dry","Dark","1.0","25.8","3328","14266","28.0","22%","31.8","","Opened","7.336","35","Safe","Calm","0.0","36","11.5","12.6","996.5","1007.9"
"2026-08-15","05:35:23","Clear","Dry","Dark","0.9","25.8","3328","14266","28.0","22%","31.8","","Opened","7.288","35","Safe","Calm","0.0","36","11.5","12.5","996.6","1007.9"
"2026-08-15","05:35:33","Clear","Dry","Dark","0.9","25.7","3328","14266","27.9","22%","31.8","","Opened","7.371","35","Safe","Calm","0.0","36","11.5","12.4","996.6","1007.9"
"2026-08-15","05:35:43","Clear","Dry","Dark","0.9","25.7","3328","14266","27.9","22%","31.8","","Opened","7.323","35","Safe","Calm","0.0","36","11.5","12.4","996.5","1007.9"
"2026-08-15","05:35:53","Clear","Dry","Dark","0.9","25.7","3328","14266","27.9","22%","31.7","","Opened","7.276","35","Safe","Calm","0.0","36","11.6","12.4","996.6","1007.9"
"2026-08-15","05:36:03","Clear","Dry","Dark","0.9","25.7","3328","14266","27.9","22%","31.7","","Opened","7.513","35","Safe","Calm","0.0","36","11.5","12.5","996.6","1008.0"
"2026-08-15","05:36:13","Clear","Dry","Dark","0.9","25.6","3328","11402","27.9","22%","31.6","","Opened","7.308","35","Safe","Calm","0.0","36","11.6","12.4","996.6","1008.0"
"2026-08-15","05:36:23","Clear","Dry","Dark","0.8","25.6","3328","11402","27.9","22%","31.6","","Opened","7.264","35","Safe","Calm","0.0","36","11.6","12.4","996.6","1007.9"
"2026-08-15","05:36:33","Clear","Dry","Dark","0.9","25.6","3328","11402","27.8","22%","31.5","Heating UP","Opened","7.482","35","Safe","Calm","0.0","37","11.7","12.4","996.6","1007.9"
"2026-08-15","05:36:43","Clear","Dry","Dark","1.0","25.6","3328","11402","27.8","23%","31.5","Heating UP","Opened","7.473","35","Safe","Calm","0.0","37","11.7","12.5","996.6","1007.9"
"2026-08-15","05:36:53","Clear","Dry","Dark","1.0","25.6","3328","11402","27.8","24%","31.5","Heating UP","Opened","7.486","35","Safe","Calm","0.0","37","11.6","12.5","996.5","1007.9"
"2026-08-15","05:37:03","Clear","Dry","Dark","1.0","25.6","3328","11402","27.8","25%","31.5","Heating UP","Opened","7.629","35","Safe","Calm","0.0","37","11.6","12.5","996.6","1008.0"
"2026-08-15","05:37:13","Clear","Dry","Dark","1.1","25.6","3328","9492","27.8","26%","31.5","Heating UP","Opened","7.491","35","Safe","Calm","0.0","37","11.6","12.6","996.6","1007.9"
"2026-08-15","05:37:23","Clear","Dry","Dark","1.1","25.6","3328","9492","27.8","27%","31.5","Heating UP","Opened","7.495","35","Safe","Calm","0.0","36","11.5","12.6","996.6","1007.9"
"2026-08-15","05:37:33","Clear","Dry","Dark","1.1","25.5","3328","9492","27.7","28%","31.5","","Opened","7.356","35","Safe","Calm","0.0","36","11.5","12.5","996.6","1007.9"
"2026-08-15","05:37:43","Clear","Dry","Dark","1.1","25.5","3328","9492","27.7","28%","31.6","","Opened","7.306","35","Safe","Calm","0.0","36","11.5","12.6","996.6","1008.0"
"2026-08-15","05:37:53","Clear","Dry","Dark","1.3","25.6","3328","9492","27.8","28%","31.7","","Opened","7.383","35","Safe","Calm","0.0","36","11.5","12.7","996.6","1007.9"
"2026-08-15","05:38:03","Clear","Dry","Dark","1.1","25.6","3328","9492","27.7","28%","31.7","","Opened","7.492","35","Safe","Calm","0.0","36","11.5","12.6","996.7","1008.1"
"2026-08-15","05:38:13","Clear","Dry","Dark","1.1","25.5","3328","8128","27.7","28%","31.8","","Opened","7.296","35","Safe","Calm","0.0","36","11.5","12.6","996.6","1008.0"
"2026-08-15","05:38:23","Clear","Dry","Dark","1.2","25.6","3328","8128","27.7","28%","31.9","","Opened","7.372","35","Safe","Calm","0.0","36","11.4","12.7","996.6","1007.9"
"2026-08-15","05:38:33","Clear","Dry","Dark","1.0","25.5","3328","8128","27.7","28%","32.0","","Opened","7.338","35","Safe","Calm","0.0","36","11.4","12.4","996.6","1007.9"
"2026-08-15","05:38:43","Clear","Dry","Dark","0.9","25.5","3328","8128","27.7","28%","32.0","","Opened","7.276","35","Safe","Calm","0.0","36","11.4","12.4","996.6","1008.0"
"2026-08-15","05:38:53","Clear","Dry","Dark","0.8","25.5","3328","7105","27.7","28%","32.1","Heating DOWN","Opened","7.487","35","Safe","Calm","0.0","36","11.4","12.3","996.6","1007.9"
"2026-08-15","05:39:03","Clear","Dry","Dark","0.8","25.5","3328","7105","27.7","27%","32.1","Heating DOWN","Opened","7.605","35","Safe","Calm","0.0","36","11.4","12.3","996.6","1007.9"
"2026-08-15","05:39:13","Clear","Dry","Dark","0.9","25.5","3328","7105","27.7","26%","32.1","Heating DOWN","Opened","7.440","35","Safe","Calm","0.0","36","11.4","12.3","996.6","1007.9"
"2026-08-15","05:39:23","Clear","Dry","Dark","0.9","25.5","3328","7105","27.7","25%","32.2","Heating DOWN","Opened","7.426","35","Safe","Calm","0.0","36","11.4","12.3","996.6","1007.9"
"2026-08-15","05:39:33","Clear","Dry","Dark","0.9","25.5","3328","6309","27.7","23%","32.2","Heating DOWN","Opened","7.415","35","Safe","Calm","0.0","36","11.4","12.4","996.6","1007.9"
"2026-08-15","05:39:43","Clear","Dry","Dark","0.9","25.5","3328","6309","27.7","22%","32.2","Heating DOWN","Opened","7.405","35","Safe","Calm","0.0","36","11.4","12.4","996.6","1008.0"
"2026-08-15","05:39:53","Clear","Dry","Dark","1.0","25.4","3328","6309","27.7","20%","32.1","","Opened","7.264","35","Safe","Calm","0.0","36","11.4","12.4","996.7","1008.1"
"2026-08-15","05:40:03","Clear","Dry","Dark","1.0","25.4","3328","5673","27.7","20%","32.1","Heating DOWN","Opened","7.640","35","Safe","Calm","0.0","36","11.4","12.4","996.6","1007.9"
"2026-08-15","05:40:13","Clear","Dry","Dark","1.0","25.4","3328","5673","27.7","19%","32.0","","Opened","7.360","35","Safe","Calm","0.0","36","11.4","12.4","996.6","1008.0"
"2026-08-15","05:40:23","Clear","Dry","Dark","0.9","25.4","3328","5673","27.7","19%","31.9","","Opened","7.305","35","Safe","Calm","0.0","36","11.4","12.3","996.6","1007.9"
"2026-08-15","05:40:33","Clear","Dry","Dark","0.8","25.4","3328","5673","27.7","19%","31.9","","Opened","7.396","35","Safe","Calm","0.0","36","11.4","12.3","996.6","1008.0"
"2026-08-15","05:40:43","Clear","Dry","Dark","0.8","25.4","3328","5152","27.7","19%","31.8","","Opened","7.349","35","Safe","Calm","0.0","36","11.4","12.3","996.6","1008.0"
"2026-08-15","05:40:53","Clear","Dry","Dark","0.9","25.4","3328","5152","27.7","19%","31.8","","Opened","7.306","35","Safe","Calm","0.0","36","11.4","12.3","996.6","1007.9"
"2026-08-15","05:41:03","Clear","Dry","Dark","0.8","25.4","3328","5152","27.7","19%","31.7","","Opened","7.531","35","Safe","Calm","0.0","36","11.4","12.3","996.6","1007.9"
"2026-08-15","05:41:13","Clear","Dry","Light","1.0","25.4","3328","4718","27.7","19%","31.6","","Opened","7.335","35","Unsafe","Calm","0.0","37","11.5","12.4","996.6","1008.0"
"2026-08-15","05:41:23","Clear","Dry","Light","0.9","25.3","3328","4718","27.6","19%","31.6","","Opened","7.280","35","Unsafe","Calm","0.0","36","11.4","12.3","996.6","1007.9"
"2026-08-15","05:41:33","Clear","Dry","Light","1.0","25.3","3328","4351","27.6","19%","31.5","","Opened","7.365","35","Unsafe","Calm","0.0","37","11.4","12.4","996.6","1007.9"
"2026-08-15","05:41:43","Clear","Dry","Light","0.9","25.3","3328","4351","27.6","19%","31.4","","Opened","7.330","35","Unsafe","Calm","0.0","37","11.4","12.3","996.7","1008.1"
"2026-08-15","05:41:53","Clear","Dry","Light","0.9","25.3","3328","4351","27.6","19%","31.4","","Opened","7.281","35","Unsafe","Calm","0.0","37","11.4","12.3","996.5","1007.9"
"2026-08-15","05:42:03","Clear","Dry","Light","0.9","25.3","3328","4351","27.6","19%","31.3","Heating UP","Opened","7.652","35","Unsafe","Calm","0.0","37","11.4","12.3","996.7","1008.1"
"2026-08-15","05:42:13","Clear","Dry","Light","0.9","25.3","3328","4036","27.6","20%","31.3","Heating UP","Opened","7.484","35","Unsafe","Calm","0.0","37","11.5","12.3","996.7","1008.1"
"2026-08-15","05:42:23","Clear","Dry","Light","0.9","25.3","3328","4036","27.6","21%","31.3","Heating UP","Opened","7.487","35","Unsafe","Calm","0.0","37","11.5","12.3","996.6","1008.0"
"2026-08-15","05:42:33","Clear","Dry","Light","1.0","25.3","3328","3763","27.6","22%","31.3","Heating UP","Opened","7.487","35","Unsafe","Calm","0.0","37","11.5","12.3","996.6","1007.9"
"2026-08-15","05:42:43","Clear","Dry","Light","1.0","25.3","3328","3763","27.6","23%","31.1","Heating UP","Opened","7.491","35","Unsafe","Calm","0.0","37","11.5","12.3","996.6","1008.0"
"2026-08-15","05:42:53","Clear","Dry","Light","1.0","25.3","3328","3525","27.5","24%","31.3","","Opened","7.374","35","Unsafe","Calm","0.0","37","11.4","12.3","996.7","1008.1"
"2026-08-15","05:43:03","Clear","Dry","Light","0.9","25.2","3328","3525","27.6","24%","31.3","Heating UP","Opened","7.610","35","Unsafe","Calm","0.0","37","11.4","12.3","996.6","1007.9"
"2026-08-15","05:43:13","Clear","Dry","Light","1.0","25.2","3328","3314","27.5","25%","31.3","","Opened","7.321","35","Unsafe","Calm","0.0","37","11.4","12.4","996.6","1007.9"
"2026-08-15","05:43:23","Clear","Dry","Light","0.9","25.2","3328","3127","27.5","25%","31.4","","Opened","7.269","35","Unsafe","Calm","0.0","37","11.4","12.3","996.6","1007.9"
"2026-08-15","05:43:33","Clear","Dry","Light","1.0","25.2","3328","3127","27.5","25%","31.4","","Opened","7.363","35","Unsafe","Calm","0.0","37","11.4","12.3","996.6","1007.9"
"2026-08-15","05:43:43","Clear","Dry","Light","0.9","25.2","3328","3127","27.5","25%","31.4","","Opened","7.311","35","Unsafe","Calm","0.0","37","11.4","12.3","996.6","1008.0"
"2026-08-15","05:43:53","Clear","Dry","Light","0.9","25.2","3328","2959","27.5","25%","31.5","","Opened","7.265","35","Unsafe","Calm","0.0","37","11.4","12.3","996.6","1007.9"
"2026-08-15","05:44:03","Clear","Dry","Light","0.9","25.2","3328","2808","27.5","25%","31.5","","Opened","7.496","35","Unsafe","Calm","0.0","37","11.4","12.3","996.6","1007.9"
"2026-08-15","05:44:13","Clear","Dry","Light","1.0","25.1","3328","2672","27.5","25%","31.6","","Opened","7.300","35","Unsafe","Calm","0.0","37","11.4","12.4","996.6","1007.9"
"2026-08-15","05:44:23","Clear","Dry","Light","1.1","25.1","3328","2672","27.5","25%","31.6","","Opened","7.374","35","Unsafe","Calm","0.0","37","11.4","12.4","996.6","1007.9"
"2026-08-15","05:44:33","Clear","Dry","Light","1.3","25.1","3328","2548","27.5","25%","31.6","","Opened","7.336","35","Unsafe","Calm","0.0","37","11.4","12.6","996.6","1008.0"
"2026-08-15","05:44:43","Clear","Dry","Light","1.3","25.1","3328","2435","27.5","25%","31.6","","Opened","7.291","35","Unsafe","Calm","0.0","37","11.4","12.6","996.6","1007.9"
"2026-08-15","05:44:53","Clear","Dry","Light","1.3","25.2","3328","2435","27.5","25%","31.7","","Opened","7.369","35","Unsafe","Calm","0.0","36","11.3","12.7","996.6","1007.9"
"2026-08-15","05:45:03","Clear","Dry","Light","1.3","25.2","3328","2331","27.5","25%","31.7","","Opened","7.467","35","Unsafe","Calm","0.0","36","11.2","12.6","996.6","1008.0"
"2026-08-15","05:45:13","Clear","Dry","Light","1.3","25.2","3328","2236","27.5","25%","31.7","","Opened","7.271","35","Unsafe","Calm","0.0","36","11.2","12.6","996.6","1008.0"
"2026-08-15","05:45:23","Clear","Dry","Light","1.3","25.2","3328","2147","27.5","25%","31.7","","Opened","7.358","35","Unsafe","Calm","0.0","36","11.3","12.7","996.6","1008.0"
"2026-08-15","05:45:33","Clear","Dry","Light","1.3","25.2","3328","2147","27.4","25%","31.7","","Opened","7.305","35","Unsafe","Calm","0.0","36","11.2","12.6","996.6","1008.0"
"2026-08-15","05:45:43","Clear","Dry","Light","1.3","25.2","3328","1990","27.4","25%","31.7","","Opened","7.389","35","Unsafe","Calm","0.0","36","11.2","12.6","996.7","1008.1"
"2026-08-15","05:45:53","Clear","Dry","Light","1.3","25.2","3328","1990","27.5","25%","31.7","","Opened","7.326","35","Unsafe","Calm","0.0","36","11.3","12.6","996.6","1007.9"
"2026-08-15","05:46:03","Clear","Dry","Light","1.3","25.2","3328","1919","27.5","25%","31.7","","Opened","7.446","35","Unsafe","Calm","0.0","36","11.3","12.6","996.6","1007.9"
"2026-08-15","05:46:13","Clear","Dry","Light","1.2","25.3","3328","1854","27.5","25%","31.8","Heating DOWN","Opened","7.491","35","Unsafe","Calm","0.0","36","11.3","12.5","996.5","1007.9"
"2026-08-15","05:46:23","Clear","Dry","Light","1.3","25.3","3328","1734","27.5","24%","31.7","","Opened","7.363","35","Unsafe","Calm","0.0","36","11.2","12.6","996.6","1008.0"
"2026-08-15","05:46:33","Clear","Dry","Light","1.4","25.3","3328","1680","27.5","24%","31.7","","Opened","7.318","35","Unsafe","Calm","0.0","36","11.2","12.7","996.6","1007.9"
"2026-08-15","05:46:43","Clear","Dry","Light","1.4","25.3","3328","1629","27.5","24%","31.7","","Opened","7.271","35","Unsafe","Calm","0.0","36","11.2","12.8","996.6","1008.0"
"2026-08-15","05:46:53","Clear","Dry","Light","1.4","25.3","3328","1581","27.5","24%","31.7","","Opened","7.338","35","Unsafe","Calm","0.0","36","11.2","12.7","996.6","1007.9"
"2026-08-15","05:47:03","Clear","Dry","Light","1.1","25.3","3328","1535","27.4","24%","31.7","","Opened","7.443","35","Unsafe","Calm","0.0","36","11.1","12.4","996.6","1008.0"
"2026-08-15","05:47:13","Clear","Dry","Light","1.1","25.3","3328","1492","27.5","24%","31.7","","Opened","7.375","35","Unsafe","Calm","0.0","36","11.1","12.4","996.6","1007.9"
"2026-08-15","05:47:23","Clear","Dry","Light","1.1","25.3","3328","1413","27.5","24%","31.8","Heating DOWN","Opened","7.449","35","Unsafe","Calm","0.0","36","11.2","12.4","996.6","1007.9"
"2026-08-15","05:47:33","Clear","Dry","Light","1.0","25.3","3328","1376","27.5","23%","31.8","Heating DOWN","Opened","7.462","35","Unsafe","Calm","0.0","36","11.2","12.3","996.6","1007.9"
"2026-08-15","05:47:43","Clear","Dry","Light","1.0","25.3","3328","1341","27.4","22%","31.8","Heating DOWN","Opened","7.463","35","Unsafe","Calm","0.0","36","11.2","12.3","996.6","1007.9"
"2026-08-15","05:47:53","Clear","Dry","Light","1.2","25.3","3328","1276","27.5","21%","31.7","","Opened","7.351","35","Unsafe","Calm","0.0","36","11.3","12.5","996.6","1007.9"
"2026-08-15","05:48:03","Clear","Dry","Light","1.2","25.3","3328","1246","27.5","21%","31.7","","Opened","7.444","35","Unsafe","Calm","0.0","36","11.2","12.5","996.6","1008.0"
"2026-08-15","05:48:13","Clear","Dry","Light","1.2","25.3","3328","1189","27.4","21%","31.7","","Opened","7.371","35","Unsafe","Calm","0.0","36","11.2","12.5","996.6","1008.0"
"2026-08-15","05:48:23","Clear","Dry","Light","1.2","25.3","3328","1138","27.4","21%","31.7","","Opened","7.321","35","Unsafe","Calm","0.0","36","11.2","12.5","996.6","1007.9"
"2026-08-15","05:48:33","Clear","Dry","Light","1.1","25.3","3328","1113","27.4","21%","31.6","","Opened","7.265","35","Unsafe","Calm","0.0","36","11.2","12.4","996.6","1007.9"
"2026-08-15","05:48:43","Clear","Dry","Light","1.1","25.3","3328","1067","27.4","21%","31.6","","Opened","7.340","35","Unsafe","Calm","0.0","36","11.2","12.4","996.5","1007.9"
"2026-08-15","05:48:53","Clear","Dry","Light","1.0","25.3","3328","1025","27.4","21%","31.6","","Opened","7.294","35","Unsafe","Calm","0.0","36","11.2","12.3","996.6","1008.0"
"2026-08-15","05:49:03","Clear","Dry","Light","1.0","25.2","3328","986","27.4","21%","31.6","","Opened","7.520","35","Unsafe","Calm","0.0","36","11.2","12.3","996.6","1007.9"
"2026-08-15","05:49:13","Clear","Dry","Light","1.0","25.2","3328","949","27.4","21%","31.5","","Opened","7.311","35","Unsafe","Calm","0.0","36","11.2","12.3","996.6","1007.9"
"2026-08-15","05:49:23","Clear","Dry","Light","0.9","25.2","3328","915","27.4","21%","31.5","","Opened","7.393","35","Unsafe","Calm","0.0","36","11.2","12.2","996.6","1008.0"
"2026-08-15","05:49:33","Clear","Dry","Light","1.0","25.2","3328","883","27.4","21%","31.4","","Opened","7.343","35","Unsafe","Calm","0.0","37","11.2","12.3","996.6","1008.0"
"2026-08-15","05:49:43","Clear","Dry","Light","1.0","25.2","3328","853","27.4","21%","31.4","","Opened","7.292","35","Unsafe","Calm","0.0","37","11.3","12.2","996.7","1008.1"
"2026-08-15","05:49:53","Clear","Dry","Light","0.9","25.2","3328","812","27.4","21%","31.3","","Opened","7.365","35","Unsafe","Calm","0.0","37","11.3","12.1","996.6","1007.9"
"2026-08-15","05:50:03","Clear","Dry","Light","0.8","25.2","3328","786","27.4","21%","31.3","","Opened","7.475","35","Unsafe","Calm","0.0","37","11.3","12.0","996.7","1008.1"
"2026-08-15","05:50:13","Clear","Dry","Light","0.7","25.1","3328","762","27.4","21%","31.3","","Opened","7.267","35","Unsafe","Calm","0.0","37","11.3","12.0","996.6","1008.0"
"2026-08-15","05:50:23","Clear","Dry","Light","0.8","25.1","3328","729","27.4","21%","31.1","","Opened","7.349","35","Unsafe","Calm","0.0","37","11.4","12.1","996.7","1008.1"
"2026-08-15","05:50:33","Clear","Dry","Light","0.8","25.1","3328","698","27.4","21%","31.0","Heating UP","Opened","7.415","35","Unsafe","Calm","0.0","37","11.4","12.1","996.6","1008.0"
"2026-08-15","05:50:43","Clear","Dry","Light","0.6","25.1","3328","669","27.3","22%","30.9","Heating UP","Opened","7.410","35","Unsafe","Calm","0.0","37","11.4","11.9","996.6","1008.0"
"2026-08-15","05:50:53","Clear","Dry","Light","0.7","25.1","3328","647","27.3","23%","30.8","Heating UP","Opened","7.410","35","Unsafe","Calm","0.0","37","11.4","11.9","996.6","1008.0"
"2026-08-15","05:51:03","Clear","Dry","Light","0.6","25.1","3328","626","27.3","24%","30.7","Heating UP","Opened","7.555","35","Unsafe","Calm","0.0","37","11.5","11.8","996.6","1007.9"
"2026-08-15","05:51:13","Clear","Dry","Light","0.6","25.0","3328","602","27.3","26%","30.7","Heating UP","Opened","7.397","35","Unsafe","Calm","0.0","37","11.5","11.8","996.6","1008.0"
"2026-08-15","05:51:23","Clear","Dry","Light","0.6","25.0","3328","581","27.2","28%","30.6","Heating UP","Opened","7.402","35","Unsafe","Calm","0.0","38","11.5","11.8","996.6","1008.0"
"2026-08-15","05:51:33","Clear","Dry","Light","0.6","25.0","3328","553","27.2","30%","30.6","Heating UP","Opened","7.388","35","Unsafe","Calm","0.0","38","11.5","11.8","996.8","1008.2"
"2026-08-15","05:51:43","Clear","Dry","Light","0.6","25.0","3328","532","27.2","32%","30.6","Heating UP","Opened","7.508","35","Unsafe","Calm","0.0","38","11.6","11.7","996.6","1008.0"
"2026-08-15","05:51:53","Clear","Dry","Light","0.7","24.9","3328","508","27.1","34%","30.6","Heating UP","Opened","7.393","35","Unsafe","Calm","0.0","38","11.6","11.9","996.6","1008.0"
"2026-08-15","05:52:03","Clear","Dry","Light","0.8","24.9","3328","490","27.1","36%","30.6","Heating UP","Opened","7.555","35","Unsafe","Calm","0.0","38","11.6","11.9","996.6","1008.0"
"2026-08-15","05:52:13","Clear","Dry","Light","0.8","24.9","3328","470","27.0","37%","30.7","","Opened","7.262","35","Unsafe","Calm","0.0","38","11.6","11.9","996.6","1008.0"
"2026-08-15","05:52:23","Clear","Dry","Light","0.9","24.9","3328","448","27.0","37%","30.8","","Opened","7.340","35","Unsafe","Calm","0.0","38","11.6","12.0","996.6","1008.0"
"2026-08-15","05:52:33","Clear","Dry","Light","0.9","24.8","3328","429","27.0","37%","30.9","","Opened","7.296","35","Unsafe","Calm","0.0","38","11.6","12.0","996.7","1008.1"
"2026-08-15","05:52:43","Clear","Dry","Light","1.0","24.8","3328","412","27.0","37%","31.0","","Opened","7.370","35","Unsafe","Calm","0.0","38","11.6","12.0","996.7","1008.1"
"2026-08-15","05:52:53","Clear","Dry","Light","1.0","24.8","3328","395","26.9","37%","31.1","","Opened","7.326","35","Unsafe","Calm","0.0","38","11.5","12.0","996.6","1008.0"
"2026-08-15","05:53:03","Clear","Dry","Light","1.1","24.8","3328","380","26.9","37%","31.3","Heating DOWN","Opened","7.544","35","Unsafe","Calm","0.0","38","11.5","12.1","996.6","1008.0"
"2026-08-15","05:53:13","Clear","Dry","Light","1.0","24.8","3328","364","26.9","36%","31.4","Heating DOWN","Opened","7.398","35","Unsafe","Calm","0.0","38","11.4","12.0","996.6","1008.0"
"2026-08-15","05:53:23","Clear","Dry","Light","1.2","24.8","3328","347","26.9","35%","31.5","Heating DOWN","Opened","7.520","35","Unsafe","Calm","0.0","38","11.5","12.2","996.6","1008.0"
"2026-08-15","05:53:33","Clear","Dry","Light","1.0","24.8","3328","332","26.9","33%","31.6","Heating DOWN","Opened","7.517","35","Unsafe","Calm","0.0","38","11.4","12.0","996.7","1008.1"
"2026-08-15","05:53:43","Clear","Dry","Light","1.2","24.8","3328","318","26.9","31%","31.6","Heating DOWN","Opened","7.501","35","Unsafe","Calm","0.0","38","11.4","12.2","996.6","1008.0"
"2026-08-15","05:53:53","Clear","Dry","Light","1.1","24.8","3328","304","26.9","29%","31.7","Heating DOWN","Opened","7.505","35","Unsafe","Calm","0.0","38","11.5","12.1","996.6","1008.0"
"2026-08-15","05:54:03","Clear","Dry","Light","1.1","24.8","3328","291","26.8","27%","31.8","Heating DOWN","Opened","7.633","35","Unsafe","Calm","0.0","39","11.6","12.0","996.6","1008.0"
"2026-08-15","05:54:13","Clear","Dry","Light","1.2","24.8","3328","278","26.8","25%","31.7","","Opened","7.346","35","Unsafe","Calm","0.0","39","11.6","12.2","996.6","1008.0"
"2026-08-15","05:54:23","Clear","Dry","Light","1.1","24.8","3328","266","26.8","25%","31.6","","Opened","7.299","35","Unsafe","Calm","0.0","39","11.6","12.0","996.7","1008.1"
"2026-08-15","05:54:33","Clear","Dry","Light","1.1","24.8","3328","255","26.8","25%","31.6","Heating DOWN","Opened","7.508","35","Unsafe","Calm","0.0","39","11.6","12.1","996.6","1008.0"
"2026-08-15","05:54:43","Clear","Dry","Light","1.1","24.8","3328","243","26.8","23%","31.4","","Opened","7.384","35","Unsafe","Calm","0.0","39","11.7","12.1","996.6","1008.0"
"2026-08-15","05:54:53","Clear","Dry","Light","1.1","24.8","3328","232","26.8","23%","31.4","Heating DOWN","Opened","7.456","35","Unsafe","Calm","0.0","39","11.7","12.0","996.6","1008.0"
"2026-08-15","05:55:03","Clear","Dry","Light","1.2","24.8","3328","222","26.7","21%","31.3","","Opened","7.491","35","Unsafe","Calm","0.0","39","11.7","12.1","996.6","1008.0"
"2026-08-15","05:55:13","Clear","Dry","Light","1.2","24.8","3328","212","26.7","21%","31.1","","Opened","7.285","35","Unsafe","Calm","0.0","39","11.7","12.1","996.6","1008.0"
"2026-08-15","05:55:23","Clear","Dry","Light","1.2","24.8","3328","202","26.7","21%","31.0","","Opened","7.373","35","Unsafe","Calm","0.0","39","11.7","12.0","996.6","1008.0"
"2026-08-15","05:55:33","Clear","Dry","Light","1.2","24.8","3328","192","26.7","21%","30.8","","Opened","7.322","35","Unsafe","Calm","0.0","39","11.7","12.1","996.6","1008.0"
"2026-08-15","05:55:43","Clear","Dry","Light","1.3","24.8","3328","183","26.6","21%","30.8","","Opened","7.267","35","Unsafe","Calm","0.0","39","11.7","12.2","996.6","1008.0"
"2026-08-15","05:55:53","Clear","Dry","Light","1.3","24.8","3328","175","26.6","21%","30.6","","Opened","7.340","35","Unsafe","Calm","0.0","39","11.7","12.2","996.6","1008.0"
"2026-08-15","05:56:03","Clear","Dry","Light","1.4","24.8","3328","166","26.6","21%","30.6","","Opened","7.448","35","Unsafe","Calm","0.0","39","11.6","12.3","996.6","1008.0"
"2026-08-15","05:56:13","Clear","Dry","Light","1.4","24.8","3328","157","26.6","21%","30.5","","Opened","7.371","35","Unsafe","Calm","0.0","39","11.7","12.3","996.6","1008.0"
"2026-08-15","05:56:23","Clear","Dry","Light","1.4","24.8","3328","150","26.5","21%","30.4","","Opened","7.321","35","Unsafe","Calm","0.0","40","11.7","12.3","996.6","1008.0"
"2026-08-15","05:56:33","Clear","Dry","Light","1.5","24.8","3328","143","26.6","21%","30.4","","Opened","7.273","35","Unsafe","Calm","0.0","40","11.7","12.3","996.6","1008.0"
"2026-08-15","05:56:43","Clear","Dry","Light","1.5","24.9","3328","136","26.5","21%","30.4","","Opened","7.346","35","Unsafe","Calm","0.0","40","11.7","12.3","996.6","1008.0"
"2026-08-15","05:56:53","Clear","Dry","Light","1.4","24.8","3328","129","26.5","21%","30.3","","Opened","7.296","35","Unsafe","Calm","0.0","40","11.7","12.2","996.6","1008.0"
"2026-08-15","05:57:03","Clear","Dry","Light","1.3","24.8","3328","123","26.5","21%","30.3","","Opened","7.531","35","Unsafe","Calm","0.0","40","11.7","12.2","996.7","1008.1"
"2026-08-15","05:57:13","Clear","Dry","Light","1.4","24.8","3328","116","26.5","21%","30.3","","Opened","7.320","35","Unsafe","Calm","0.0","40","11.7","12.2","996.6","1008.0"
"2026-08-15","05:57:23","Clear","Dry","Light","1.3","24.8","3328","110","26.5","21%","30.3","","Opened","7.277","35","Unsafe","Calm","0.0","40","11.7","12.1","996.6","1008.0"
"2026-08-15","05:57:33","Clear","Dry","Light","1.4","24.8","3328","104","26.5","21%","30.2","Heating UP","Opened","7.475","35","Unsafe","Calm","0.0","40","11.7","12.2","996.6","1008.0"
"2026-08-15","05:57:43","Clear","Dry","Light","1.4","24.8","3328","99","26.5","22%","30.2","","Opened","7.346","35","Unsafe","Calm","0.0","40","11.7","12.1","996.6","1008.0"
"2026-08-15","05:57:53","Clear","Dry","Light","1.3","24.8","3328","93","26.5","22%","30.1","Heating UP","Opened","7.421","35","Unsafe","Calm","0.0","40","11.8","12.1","996.6","1008.0"
"2026-08-15","05:58:03","Clear","Dry","Light","1.2","24.8","3328","88","26.5","23%","30.1","Heating UP","Opened","7.563","35","Unsafe","Calm","0.0","40","11.7","12.0","996.6","1008.0"
"2026-08-15","05:58:13","Clear","Dry","Light","1.2","24.8","3328","83","26.4","24%","30.1","Heating UP","Opened","7.405","35","Unsafe","Calm","0.0","40","11.8","12.0","996.6","1008.0"
"2026-08-15","05:58:23","Clear","Dry","Light","1.2","24.8","3328","78","26.4","25%","30.1","Heating UP","Opened","7.413","35","Unsafe","Calm","0.0","40","11.7","12.0","996.6","1008.0"
"2026-08-15","05:58:33","Clear","Dry","Light","1.2","24.7","3328","74","26.4","26%","30.0","Heating UP","Opened","7.414","35","Unsafe","Calm","0.0","40","11.8","12.0","996.6","1008.0"
"2026-08-15","05:58:43","Clear","Dry","Light","1.2","24.7","3328","69","26.4","27%","30.0","Heating UP","Opened","7.406","35","Unsafe","Calm","0.0","40","11.8","11.9","996.7","1008.1"
"2026-08-15","05:58:53","Clear","Dry","Light","1.2","24.7","3328","65","26.4","28%","30.0","Heating UP","Opened","7.412","35","Unsafe","Calm","0.0","40","11.8","12.0","996.8","1008.2"
"2026-08-15","05:59:03","Clear","Dry","Light","1.3","24.7","3328","61","26.4","29%","30.0","Heating UP","Opened","7.564","35","Unsafe","Calm","0.0","40","11.8","12.0","996.6","1008.0"
"2026-08-15","05:59:13","Clear","Dry","Light","1.3","24.7","3328","57","26.4","30%","30.1","","Opened","7.278","35","Unsafe","Calm","0.0","40","11.8","12.0","996.6","1008.0"
"2026-08-15","05:59:23","Clear","Dry","Light","1.5","24.7","3328","53","26.3","30%","30.1","","Opened","7.349","35","Unsafe","Calm","0.0","40","11.8","12.2","996.7","1008.1"
"2026-08-15","05:59:33","Clear","Dry","Light","1.3","24.7","3328","50","26.3","30%","30.2","","Opened","7.301","35","Unsafe","Calm","0.0","40","11.8","12.0","996.7","1008.1"
"2026-08-15","05:59:43","Clear","Dry","Light","1.4","24.7","3328","46","26.3","30%","30.2","","Opened","7.383","35","Unsafe","Calm","0.0","40","11.8","12.1","996.6","1008.0"
"2026-08-15","05:59:53","Clear","Dry","Light","1.4","24.7","3328","43","26.3","30%","30.3","","Opened","7.322","35","Unsafe","Calm","0.0","40","11.8","12.1","996.6","1008.0"
