"Date","Time","Cloud Condition","Rain Condition","Brightness Condition","Cloud Value","Cloud Sensor Temperature","Rain Value","Brightness Value","Ambient Temperature","Rain Heating Percentage","Rain Sensor Temperature","Heating Status","Switch Status","Read Cycle","Timeout Errors","Safe Status","Wind Condition","Wind Value","Relative Humidity","Dew Point","Raw IR Temperature","Absolute Pressure","Relative Pressure"
"2026-09-21","19:00:02","Clear","Dry","Very Light","-0.2","24.8","3200","2","26.1","33%","30.2","","Opened","7.377","38","Unsafe","Calm","4.4","62","18.3","10.3","1000.6","1012.1"
"2026-09-21","19:00:12","Clear","Dry","Very Light","-0.3","24.8","3200","2","26.0","33%","30.2","","Opened","7.321","38","Unsafe","Calm","4.8","62","18.3","10.3","1000.6","1012.0"
"2026-09-21","19:00:22","Clear","Dry","Very Light","-0.1","24.8","3200","2","26.0","33%","30.1","","Opened","7.397","38","Unsafe","Calm","5.2","62","18.3","10.4","1000.6","1012.0"
"2026-09-21","19:00:32","Clear","Dry","Very Light","-0.3","24.8","3200","2","26.0","33%","30.0","","Opened","7.329","38","Unsafe","Calm","5.7","63","18.3","10.3","1000.6","1012.0"
"2026-09-21","19:00:42","Clear","Dry","Very Light","-0.2","24.8","3200","2","26.0","33%","30.0","","Opened","7.291","38","Unsafe","Calm","5.8","63","18.3","10.3","1000.6","1012.1"
"2026-09-21","19:00:52","Clear","Dry","Very Light","-0.2","24.8","3200","2","26.0","33%","29.9","","Opened","7.559","38","Unsafe","Calm","5.9","63","18.3","10.3","1000.6","1012.0"
"2026-09-21","19:01:02","Clear","Dry","Very Light","-0.3","24.7","3200","2","26.0","33%","30.0","","Opened","7.307","38","Unsafe","Calm","5.9","62","18.3","10.2","1000.6","1012.0"
"2026-09-21","19:01:12","Clear","Dry","Very Light","-0.2","24.8","3200","2","26.0","33%","30.0","","Opened","7.379","38","Unsafe","Calm","5.9","62","18.3","10.3","1000.6","1012.0"
"2026-09-21","19:01:22","Clear","Dry","Very Light","-0.3","24.7","3200","2","26.0","33%","29.9","","Opened","7.321","38","Unsafe","Calm","5.7","63","18.3","10.2","1000.5","1012.0"
"2026-09-21","19:01:32","Clear","Dry","Very Light","-0.2","24.7","3200","2","26.0","33%","29.9","","Opened","7.257","38","Unsafe","Calm","5.4","63","18.3","10.3","1000.7","1012.2"
"2026-09-21","19:01:42","Clear","Dry","Very Light","-0.3","24.7","3200","2","26.0","33%","29.9","","Opened","7.325","38","Unsafe","Calm","5.2","63","18.3","10.3","1000.6","1012.0"
"2026-09-21","19:01:52","Clear","Dry","Very Light","-0.4","24.7","3200","2","25.9","33%","29.9","","Opened","7.448","38","Unsafe","Calm","5.2","63","18.3","10.1","1000.6","1012.0"
"2026-09-21","19:02:02","Clear","Dry","Very Light","-0.4","24.7","3200","2","25.9","33%","29.9","","Opened","7.318","38","Unsafe","Calm","5.5","63","18.2","10.1","1000.5","1012.0"
"2026-09-21","19:02:12","Clear","Dry","Very Light","-0.3","24.7","3200","2","25.9","33%","30.0","","Opened","7.260","38","Unsafe","Calm","5.2","63","18.3","10.2","1000.6","1012.0"
"2026-09-21","19:02:22","Clear","Dry","Very Light","-0.4","24.7","3200","2","25.9","33%","29.9","","Opened","7.338","38","Unsafe","Calm","5.4","63","18.3","10.1","1000.6","1012.0"
"2026-09-21","19:02:32","Clear","Dry","Very Light","-0.4","24.7","3200","2","25.9","33%","29.9","","Opened","7.274","38","Unsafe","Calm","5.4","63","18.3","10.1","1000.6","1012.0"
"2026-09-21","19:02:42","Clear","Dry","Very Light","-0.4","24.7","3200","2","25.9","33%","29.9","","Opened","7.343","38","Unsafe","Calm","5.1","63","18.2","10.1","1000.6","1012.0"
"2026-09-21","19:02:52","Clear","Dry","Very Light","-0.4","24.7","3200","2","25.9","33%","29.9","","Opened","7.483","38","Unsafe","Calm","4.8","63","18.2","10.0","1000.6","1012.1"
"2026-09-21","19:03:02","Clear","Dry","Very Light","-0.4","24.6","3200","2","25.9","33%","30.0","","Opened","7.367","38","Unsafe","Calm","4.7","63","18.2","10.0","1000.6","1012.0"
"2026-09-21","19:03:12","Clear","Dry","Very Light","-0.5","24.6","3200","2","25.9","33%","29.9","","Opened","7.313","38","Unsafe","Calm","4.8","63","18.3","10.0","1000.6","1012.0"
"2026-09-21","19:03:22","Clear","Dry","Very Light","-0.4","24.6","3200","2","25.9","33%","29.9","","Opened","7.382","38","Unsafe","Calm","4.8","63","18.3","10.1","1000.5","1012.0"
"2026-09-21","19:03:32","Clear","Dry","Very Light","-0.4","24.6","3200","2","25.9","33%","29.9","","Opened","7.318","38","Unsafe","Calm","5.1","63","18.2","10.0","1000.5","1012.0"
"2026-09-21","19:03:42","Clear","Dry","Very Light","-0.5","24.6","3200","2","25.9","33%","29.9","","Opened","7.277","38","Unsafe","Calm","5.4","63","18.2","10.0","1000.6","1012.0"
"2026-09-21","19:03:52","Clear","Dry","Very Light","-0.5","24.6","3200","2","25.8","33%","29.9","","Opened","7.551","38","Unsafe","Calm","5.5","63","18.2","10.0","1000.6","1012.1"
"2026-09-21","19:04:02","Clear","Dry","Very Light","-0.4","24.6","3200","2","25.8","33%","29.8","","Opened","7.298","38","Unsafe","Calm","5.8","63","18.2","10.1","1000.6","1012.1"
"2026-09-21","19:04:12","Clear","Dry","Very Light","-0.4","24.5","3200","2","25.8","33%","29.8","","Opened","7.369","38","Unsafe","Calm","5.9","63","18.3","10.0","1000.6","1012.1"
"2026-09-21","19:04:22","Clear","Dry","Very Light","-0.5","24.5","3200","2","25.8","33%","29.8","","Opened","7.312","38","Unsafe","Calm","5.9","63","18.2","9.9","1000.6","1012.1"
"2026-09-21","19:04:32","Clear","Dry","Very Light","-0.4","24.5","3200","2","25.8","33%","29.8","","Opened","7.379","38","Unsafe","Calm","5.7","63","18.2","10.0","1000.6","1012.1"
"2026-09-21","19:04:42","Clear","Dry","Very Light","-0.5","24.5","3200","2","25.8","33%","29.8","","Opened","7.313","38","Unsafe","Calm","5.5","63","18.2","10.0","1000.5","1012.0"
"2026-09-21","19:04:52","Clear","Dry","Very Light","-0.5","24.5","3200","2","25.8","33%","29.8","","Opened","7.560","38","Unsafe","Calm","5.5","63","18.2","9.9","1000.6","1012.1"
"2026-09-21","19:05:02","Clear","Dry","Very Light","-0.6","24.5","3200","2","25.8","33%","29.8","","Opened","7.335","38","Unsafe","Calm","5.1","63","18.2","9.8","1000.5","1012.0"
"2026-09-21","19:05:12","Clear","Dry","Very Light","-0.5","24.5","3200","2","25.8","33%","29.8","","Opened","7.272","38","Unsafe","Calm","4.7","63","18.2","9.9","1000.6","1012.1"
"2026-09-21","19:05:22","Clear","Dry","Very Light","-0.4","24.5","3200","2","25.8","33%","29.8","","Opened","7.332","38","Unsafe","Calm","4.7","63","18.2","10.0","1000.7","1012.2"
"2026-09-21","19:05:32","Clear","Dry","Very Light","-0.5","24.5","3200","2","25.8","33%","29.8","","Opened","7.273","38","Unsafe","Calm","4.8","63","18.2","9.9","1000.6","1012.1"
"2026-09-21","19:05:42","Clear","Dry","Very Light","-0.5","24.5","3200","2","25.8","33%","29.8","","Opened","7.344","38","Unsafe","Calm","5.1","63","18.2","9.9","1000.6","1012.1"
"2026-09-21","19:05:52","Clear","Dry","Very Light","-0.4","24.5","3200","2","25.7","33%","29.7","","Opened","7.483","38","Unsafe","Calm","5.2","63","18.2","10.0","1000.6","1012.1"
"2026-09-21","19:06:02","Clear","Dry","Very Light","-0.4","24.5","3200","2","25.7","33%","29.7","","Opened","7.359","38","Unsafe","Calm","5.5","63","18.2","10.0","1000.6","1012.1"
"2026-09-21","19:06:12","Clear","Dry","Very Light","-0.4","24.4","3200","2","25.7","33%","29.7","","Opened","7.303","38","Unsafe","Calm","5.7","63","18.2","10.0","1000.6","1012.1"
"2026-09-21","19:06:22","Clear","Dry","Very Light","-0.6","24.4","3200","2","25.7","33%","29.7","","Opened","7.375","38","Unsafe","Calm","5.5","63","18.2","9.8","1000.6","1012.1"
"2026-09-21","19:06:32","Clear","Dry","Very Light","-0.5","24.4","3200","2","25.7","33%","29.7","","Opened","7.316","38","Unsafe","Calm","5.4","63","18.2","9.9","1000.6","1012.1"
"2026-09-21","19:06:42","Clear","Dry","Very Light","-0.4","24.4","3200","2","25.7","33%","29.7","","Opened","7.389","38","Unsafe","Calm","5.1","63","18.2","10.0","1000.6","1012.1"
"2026-09-21","19:06:52","Clear","Dry","Very Light","-0.4","24.4","3200","2","25.7","33%","29.6","","Opened","7.504","38","Unsafe","Calm","5.2","63","18.2","10.0","1000.6","1012.1"
"2026-09-21","19:07:02","Clear","Dry","Very Light","-0.3","24.4","3200","2","25.7","33%","29.6","","Opened","7.394","38","Unsafe","Calm","5.5","63","18.1","10.1","1000.6","1012.1"
"2026-09-21","19:07:12","Clear","Dry","Very Light","-0.3","24.4","3200","2","25.7","33%","29.6","","Opened","7.342","38","Unsafe","Calm","5.9","63","18.2","10.1","1000.7","1012.2"
"2026-09-21","19:07:22","Clear","Dry","Very Light","-0.4","24.4","3200","2","25.6","33%","29.5","","Opened","7.282","38","Unsafe","Calm","5.9","63","18.2","9.9","1000.7","1012.2"
"2026-09-21","19:07:32","Clear","Dry","Very Light","-0.3","24.4","3200","2","25.6","33%","29.5","","Opened","7.351","38","Unsafe","Calm","6.1","63","18.1","10.0","1000.6","1012.1"
"2026-09-21","19:07:42","Clear","Dry","Very Light","-0.4","24.4","3200","2","25.7","33%","29.5","","Opened","7.302","38","Unsafe","Calm","6.2","63","18.2","10.0","1000.6","1012.1"
"2026-09-21","19:07:52","Clear","Dry","Very Light","-0.5","24.4","3200","2","25.6","33%","29.5","","Opened","7.589","38","Unsafe","Calm","5.9","63","18.2","9.8","1000.6","1012.1"
"2026-09-21","19:08:02","Clear","Dry","Very Light","-0.4","24.4","3200","2","25.6","33%","29.5","","Opened","7.307","38","Unsafe","Calm","5.7","63","18.1","9.9","1000.6","1012.1"
"2026-09-21","19:08:12","Clear","Dry","Very Light","-0.2","24.4","3200","2","25.6","33%","29.5","","Opened","7.361","38","Unsafe","Calm","5.8","63","18.2","10.1","1000.6","1012.1"
"2026-09-21","19:08:22","Clear","Dry","Very Light","-0.4","24.4","3200","2","25.6","33%","29.5","","Opened","7.314","38","Unsafe","Calm","5.9","63","18.2","9.9","1000.6","1012.1"
"2026-09-21","19:08:32","Clear","Dry","Very Light","-0.3","24.4","3200","2","25.6","33%","29.5","","Opened","7.387","38","Unsafe","Calm","5.7","63","18.1","10.0","1000.6","1012.1"
"2026-09-21","19:08:42","Clear","Dry","Very Light","-0.4","24.4","3200","2","25.6","33%","29.5","","Opened","7.312","38","Unsafe","Calm","5.5","63","18.1","9.9","1000.6","1012.1"
"2026-09-21","19:08:52","Clear","Dry","Very Light","-0.3","24.4","3200","2","25.6","33%","29.5","","Opened","7.553","38","Unsafe","Calm","5.5","63","18.1","10.0","1000.5","1012.0"
"2026-09-21","19:09:02","Clear","Dry","Very Light","-0.4","24.4","3200","2","25.6","33%","29.5","","Opened","7.334","38","Unsafe","Calm","5.7","63","18.1","10.0","1000.6","1012.1"
"2026-09-21","19:09:12","Clear","Dry","Very Light","-0.3","24.3","3200","2","25.5","33%","29.5","","Opened","7.259","38","Unsafe","Calm","5.1","63","18.1","10.0","1000.6","1012.1"
"2026-09-21","19:09:22","Clear","Dry","Very Light","-0.3","24.3","3200","2","25.6","33%","29.5","","Opened","7.321","38","Unsafe","Calm","5.0","63","18.2","10.0","1000.6","1012.1"
"2026-09-21","19:09:32","Clear","Dry","Very Light","-0.2","24.3","3200","2","25.6","33%","29.5","","Opened","7.396","38","Unsafe","Calm","5.2","63","18.1","10.1","1000.6","1012.1"
"2026-09-21","19:09:42","Clear","Dry","Very Light","-0.3","24.3","3200","2","25.5","33%","29.5","","Opened","7.342","38","Unsafe","Calm","5.2","64","18.1","9.9","1000.5","1012.0"
"2026-09-21","19:09:52","Clear","Dry","Very Light","-0.4","24.3","3200","2","25.5","33%","29.5","","Opened","7.486","38","Unsafe","Calm","5.4","64","18.1","9.9","1000.6","1012.1"
"2026-09-21","19:10:02","Clear","Dry","Very Light","-0.3","24.3","3200","2","25.5","33%","29.5","","Opened","7.374","38","Unsafe","Calm","5.2","64","18.1","10.0","1000.6","1012.1"
"2026-09-21","19:10:12","Clear","Dry","Very Light","-0.1","24.3","3200","2","25.5","33%","29.5","","Opened","7.309","38","Unsafe","Calm","5.5","63","18.1","10.2","1000.6","1012.1"
"2026-09-21","19:10:22","Clear","Dry","Very Light","-0.1","24.3","3200","2","25.5","33%","29.5","","Opened","7.380","38","Unsafe","Calm","5.8","64","18.1","10.2","1000.6","1012.1"
"2026-09-21","19:10:32","Clear","Dry","Very Light","-0.3","24.3","3200","2","25.5","33%","29.4","","Opened","7.326","38","Unsafe","Calm","5.7","64","18.1","10.0","1000.5","1012.0"
"2026-09-21","19:10:42","Clear","Dry","Very Light","-0.3","24.3","3200","2","25.5","33%","29.5","","Opened","7.269","38","Unsafe","Calm","5.5","64","18.1","9.9","1000.6","1012.1"
"2026-09-21","19:10:52","Clear","Dry","Very Light","-0.1","24.3","3200","2","25.5","33%","29.5","","Opened","7.530","38","Unsafe","Calm","5.8","64","18.1","10.2","1000.6","1012.1"
"2026-09-21","19:11:02","Clear","Dry","Very Light","0.0","24.3","3200","2","25.5","33%","29.4","","Opened","7.287","38","Unsafe","Calm","6.1","64","18.1","10.2","1000.6","1012.1"
"2026-09-21","19:11:12","Clear","Dry","Very Light","-0.2","24.3","3200","2","25.5","33%","29.2","","Opened","7.351","38","Unsafe","Calm","5.9","64","18.1","10.0","1000.6","1012.1"
"2026-09-21","19:11:22","Clear","Dry","Very Light","-0.2","24.3","3200","2","25.5","33%","29.2","","Opened","7.292","38","Unsafe","Calm","5.8","64","18.1","10.0","1000.6","1012.1"
"2026-09-21","19:11:32","Clear","Dry","Very Light","-0.1","24.3","3200","2","25.5","33%","29.2","","Opened","7.374","38","Unsafe","Calm","5.8","64","18.1","10.1","1000.6","1012.1"
"2026-09-21","19:11:42","Clear","Dry","Very Light","-0.2","24.3","3200","2","25.5","33%","29.2","","Opened","7.310","38","Unsafe","Calm","5.9","64","18.1","10.0","1000.5","1012.0"
"2026-09-21","19:11:52","Clear","Dry","Very Light","-0.3","24.2","3200","2","25.5","33%","29.4","","Opened","7.558","38","Unsafe","Calm","5.5","64","18.1","10.0","1000.6","1012.1"
"2026-09-21","19:12:02","Clear","Dry","Very Light","-0.1","24.2","3200","2","25.4","33%","29.2","","Opened","7.327","38","Unsafe","Calm","5.7","64","18.1","10.2","1000.6","1012.1"
"2026-09-21","19:12:12","Clear","Dry","Very Light","-0.1","24.2","3200","2","25.4","33%","29.2","","Opened","7.276","38","Unsafe","Calm","5.7","64","18.1","10.1","1000.5","1012.0"
"2026-09-21","19:12:22","Clear","Dry","Very Light","-0.3","24.2","3200","2","25.4","33%","29.4","","Opened","7.357","38","Unsafe","Calm","5.4","64","18.1","9.9","1000.5","1012.0"
"2026-09-21","19:12:32","Clear","Dry","Very Light","-0.1","24.2","3200","2","25.4","33%","29.4","","Opened","7.292","38","Unsafe","Calm","5.4","64","18.1","10.2","1000.5","1012.0"
"2026-09-21","19:12:42","Clear","Dry","Very Light","-0.1","24.2","3200","2","25.4","33%","29.4","","Opened","7.364","38","Unsafe","Calm","5.4","64","18.1","10.1","1000.6","1012.1"
"2026-09-21","19:12:52","Clear","Dry","Very Light","-0.2","24.2","3200","2","25.4","33%","29.4","","Opened","7.488","38","Unsafe","Calm","5.5","64","18.1","10.0","1000.6","1012.1"
"2026-09-21","19:13:02","Clear","Dry","Very Light","0.0","24.2","3200","2","25.4","33%","29.4","","Opened","7.375","38","Unsafe","Calm","5.2","64","18.1","10.2","1000.5","1012.0"
"2026-09-21","19:13:12","Clear","Dry","Very Light","-0.2","24.2","3200","2","25.4","33%","29.4","","Opened","7.327","38","Unsafe","Calm","5.2","64","18.1","10.0","1000.5","1012.0"
"2026-09-21","19:13:22","Clear","Dry","Very Light","-0.1","24.2","3200","2","25.4","33%","29.2","","Opened","7.270","38","Unsafe","Calm","5.5","64","18.1","10.1","1000.5","1012.0"
"2026-09-21","19:13:32","Clear","Dry","Very Light","0.0","24.2","3200","2","25.4","33%","29.4","","Opened","7.339","38","Unsafe","Calm","5.5","64","18.1","10.2","1000.6","1012.1"
"2026-09-21","19:13:42","Clear","Dry","Very Light","-0.2","24.2","3200","2","25.4","33%","29.4","","Opened","7.293","38","Unsafe","Calm","5.5","64","18.1","10.0","1000.6","1012.1"
"2026-09-21","19:13:52","Clear","Dry","Very Light","0.0","24.2","3200","2","25.4","33%","29.2","","Opened","7.559","38","Unsafe","Calm","5.8","64","18.1","10.2","1000.6","1012.1"
"2026-09-21","19:14:02","Clear","Dry","Very Light","-0.1","24.2","3200","2","25.4","33%","29.2","","Opened","7.314","38","Unsafe","Calm","5.7","64","18.1","10.1","1000.6","1012.1"
"2026-09-21","19:14:12","Clear","Dry","Very Light","0.1","24.2","3200","2","25.3","33%","29.1","","Opened","7.262","38","Unsafe","Calm","5.8","64","18.1","10.3","1000.6","1012.1"
"2026-09-21","19:14:22","Clear","Dry","Very Light","0.0","24.2","3200","2","25.3","33%","29.1","","Opened","7.332","38","Unsafe","Calm","5.9","64","18.1","10.2","1000.6","1012.1"
"2026-09-21","19:14:32","Clear","Dry","Very Light","-0.1","24.2","3200","2","25.4","33%","29.1","","Opened","7.269","38","Unsafe","Calm","5.9","64","18.1","10.1","1000.5","1012.0"
"2026-09-21","19:14:42","Clear","Dry","Very Light","-0.1","24.2","3200","2","25.3","33%","29.1","","Opened","7.337","38","Unsafe","Calm","6.1","64","18.1","10.1","1000.5","1012.0"
"2026-09-21","19:14:52","Clear","Dry","Very Light","-0.1","24.2","3200","2","25.3","33%","29.1","","Opened","7.501","38","Unsafe","Calm","5.7","64","18.1","10.1","1000.6","1012.1"
"2026-09-21","19:15:02","Clear","Dry","Very Light","0.0","24.2","3200","2","25.3","33%","29.1","","Opened","7.376","38","Unsafe","Calm","5.7","64","18.0","10.1","1000.5","1012.0"
"2026-09-21","19:15:12","Clear","Dry","Very Light","-0.1","24.2","3200","2","25.3","33%","29.1","","Opened","7.314","38","Unsafe","Calm","5.4","64","18.1","10.1","1000.5","1012.0"
"2026-09-21","19:15:22","Clear","Dry","Very Light","0.0","24.1","3200","2","25.3","33%","29.1","","Opened","7.388","38","Unsafe","Calm","5.0","64","18.1","10.2","1000.6","1012.1"
"2026-09-21","19:15:32","Clear","Dry","Very Light","0.0","24.1","3200","2","25.3","33%","29.2","","Opened","7.326","38","Unsafe","Calm","5.0","64","18.1","10.2","1000.6","1012.1"
"2026-09-21","19:15:42","Clear","Dry","Very Light","-0.2","24.1","3200","2","25.3","33%","29.2","","Opened","7.287","38","Unsafe","Calm","4.7","64","18.1","10.0","1000.6","1012.1"
"2026-09-21","19:15:52","Clear","Dry","Very Light","-0.1","24.1","3200","2","25.3","33%","29.2","","Opened","7.542","38","Unsafe","Calm","4.7","64","18.1","10.0","1000.6","1012.1"
"2026-09-21","19:16:02","Clear","Dry","Very Light","-0.1","24.1","3200","2","25.3","33%","29.2","","Opened","7.297","38","Unsafe","Calm","4.7","64","18.1","10.0","1000.6","1012.1"
"2026-09-21","19:16:12","Clear","Dry","Very Light","-0.1","24.1","3200","2","25.3","33%","29.2","","Opened","7.375","38","Unsafe","Calm","4.8","64","18.1","10.1","1000.5","1012.0"
"2026-09-21","19:16:22","Clear","Dry","Very Light","0.0","24.1","3200","2","25.3","33%","29.2","","Opened","7.315","38","Unsafe","Calm","5.2","64","18.1","10.1","1000.5","1012.0"
"2026-09-21","19:16:32","Clear","Dry","Very Light","-0.1","24.1","3200","2","25.3","33%","29.1","","Opened","7.385","38","Unsafe","Calm","5.4","64","18.1","10.1","1000.6","1012.1"
"2026-09-21","19:16:42","Clear","Dry","Very Light","0.0","24.1","3200","2","25.3","33%","29.1","","Opened","7.341","38","Unsafe","Calm","5.9","64","18.1","10.2","1000.5","1012.0"
"2026-09-21","19:16:52","Clear","Dry","Very Light","0.0","24.1","3200","2","25.3","33%","29.0","","Opened","7.458","38","Unsafe","Calm","6.2","64","18.1","10.1","1000.7","1012.2"
"2026-09-21","19:17:02","Clear","Dry","Very Light","0.0","24.1","3200","2","25.3","33%","29.0","","Opened","7.358","38","Unsafe","Calm","6.2","64","18.1","10.1","1000.5","1012.0"
"2026-09-21","19:17:12","Clear","Dry","Very Light","-0.1","24.1","3200","2","25.3","33%","29.0","","Opened","7.298","38","Unsafe","Calm","6.1","64","18.1","10.0","1000.5","1012.0"
"2026-09-21","19:17:22","Clear","Dry","Very Light","0.0","24.1","3200","2","25.3","33%","29.0","","Opened","7.368","38","Unsafe","Calm","6.1","64","18.1","10.2","1000.6","1012.1"
"2026-09-21","19:17:32","Clear","Dry","Very Light","-0.1","24.1","3200","2","25.2","33%","29.1","","Opened","7.304","38","Unsafe","Calm","5.8","64","18.1","10.0","1000.6","1012.1"
"2026-09-21","19:17:42","Clear","Dry","Very Light","-0.1","24.1","3200","2","25.3","33%","29.1","","Opened","7.398","38","Unsafe","Calm","5.2","64","18.1","10.0","1000.5","1012.0"
"2026-09-21","19:17:52","Clear","Dry","Very Light","-0.1","24.1","3200","2","25.3","33%","29.1","","Opened","7.503","38","Unsafe","Calm","5.0","64","18.0","10.0","1000.6","1012.1"
"2026-09-21","19:18:02","Clear","Dry","Very Light","-0.1","24.0","3200","2","25.2","33%","29.1","","Opened","7.267","38","Unsafe","Calm","4.8","64","18.0","10.0","1000.6","1012.1"
"2026-09-21","19:18:12","Clear","Dry","Very Light","-0.1","24.0","3200","2","25.2","33%","29.1","","Opened","7.337","38","Unsafe","Calm","4.8","64","18.0","10.0","1000.6","1012.1"
"2026-09-21","19:18:22","Clear","Dry","Very Light","-0.2","24.0","3200","2","25.2","33%","29.1","","Opened","7.271","38","Unsafe","Calm","4.5","64","18.0","9.9","1000.5","1012.0"
"2026-09-21","19:18:32","Clear","Dry","Very Light","-0.2","24.0","3200","2","25.2","33%","29.2","","Opened","7.341","38","Unsafe","Calm","4.4","64","18.0","9.9","1000.6","1012.1"
"2026-09-21","19:18:42","Clear","Dry","Very Light","-0.2","24.0","3200","2","25.2","33%","29.2","","Opened","7.283","38","Unsafe","Calm","4.7","64","18.0","10.0","1000.7","1012.2"
"2026-09-21","19:18:52","Clear","Dry","Very Light","-0.2","24.0","3200","2","25.2","33%","29.1","","Opened","7.553","38","Unsafe","Calm","4.8","64","18.0","9.9","1000.6","1012.1"
"2026-09-21","19:19:02","Clear","Dry","Very Light","-0.1","24.0","3200","2","25.2","33%","29.2","","Opened","7.302","38","Unsafe","Calm","5.0","64","18.0","10.0","1000.6","1012.1"
"2026-09-21","19:19:12","Clear","Dry","Very Light","-0.2","24.0","3200","2","25.2","33%","29.1","","Opened","7.370","38","Unsafe","Calm","5.0","64","18.0","9.9","1000.6","1012.1"
"2026-09-21","19:19:22","Clear","Dry","Very Light","-0.2","24.0","3200","2","25.2","33%","29.1","","Opened","7.309","38","Unsafe","Calm","5.0","64","18.0","9.9","1000.6","1012.1"
"2026-09-21","19:19:32","Clear","Dry","Very Light","0.0","24.0","3200","2","25.2","33%","29.1","","Opened","7.389","38","Unsafe","Calm","5.2","65","18.0","10.1","1000.6","1012.1"
"2026-09-21","19:19:42","Clear","Dry","Very Light","0.0","24.0","3200","2","25.2","33%","29.1","","Opened","7.334","38","Unsafe","Calm","5.7","64","18.0","10.1","1000.6","1012.1"
"2026-09-21","19:19:52","Clear","Dry","Very Light","-0.1","24.0","3200","2","25.2","33%","29.0","","Opened","7.481","38","Unsafe","Calm","6.1","65","18.0","10.0","1000.8","1012.3"
"2026-09-21","19:20:02","Clear","Dry","Very Light","0.1","24.0","3200","2","25.2","33%","28.9","","Opened","7.377","38","Unsafe","Calm","6.8","65","18.0","10.2","1000.7","1012.2"
"2026-09-21","19:20:12","Clear","Dry","Very Light","0.0","24.0","3200","2","25.1","33%","28.8","Heating UP","Opened","7.421","38","Unsafe","Calm","6.9","65","18.0","10.1","1000.6","1012.1"
"2026-09-21","19:20:22","Clear","Dry","Very Light","-0.1","24.0","3200","2","25.2","34%","28.9","","Opened","7.283","38","Unsafe","Calm","6.9","65","18.0","9.9","1000.6","1012.1"
"2026-09-21","19:20:32","Clear","Dry","Very Light","-0.1","24.0","3200","2","25.1","34%","28.9","","Opened","7.359","38","Unsafe","Calm","6.9","65","18.0","9.9","1000.6","1012.1"
"2026-09-21","19:20:42","Clear","Dry","Very Light","-0.1","24.0","3200","2","25.1","34%","28.9","","Opened","7.293","38","Unsafe","Calm","6.6","65","18.1","10.0","1000.6","1012.1"
"2026-09-21","19:20:52","Clear","Dry","Very Light","0.0","24.0","3200","2","25.1","34%","28.8","Heating UP","Opened","7.699","38","Unsafe","Calm","6.4","65","18.1","10.0","1000.6","1012.1"
"2026-09-21","19:21:02","Clear","Dry","Very Light","-0.2","24.0","3200","2","25.1","35%","28.8","","Opened","7.363","38","Unsafe","Calm","5.4","65","18.0","9.9","1000.6","1012.1"
"2026-09-21","19:21:12","Clear","Dry","Very Light","-0.1","24.0","3200","2","25.1","35%","28.9","","Opened","7.295","38","Unsafe","Calm","5.4","65","18.0","9.9","1000.6","1012.1"
"2026-09-21","19:21:22","Clear","Dry","Very Light","0.0","24.0","3200","2","25.1","35%","28.8","","Opened","7.366","38","Unsafe","Calm","5.9","65","18.0","10.0","1000.6","1012.1"
"2026-09-21","19:21:32","Clear","Dry","Very Light","-0.2","24.0","3200","2","25.1","35%","28.8","","Opened","7.304","38","Unsafe","Calm","5.8","65","18.0","9.9","1000.7","1012.2"
"2026-09-21","19:21:42","Clear","Dry","Very Light","-0.1","24.0","3200","2","25.1","35%","28.9","","Opened","7.359","38","Unsafe","Calm","5.7","65","18.0","10.0","1000.6","1012.1"
"2026-09-21","19:21:52","Clear","Dry","Very Light","-0.1","23.9","3200","2","25.1","35%","28.9","","Opened","7.490","38","Unsafe","Calm","5.5","65","18.1","9.9","1000.6","1012.1"
"2026-09-21","19:22:02","Clear","Dry","Very Light","-0.1","23.9","3200","2","25.1","35%","29.0","","Opened","7.381","38","Unsafe","Calm","6.1","65","18.0","9.9","1000.6","1012.1"
"2026-09-21","19:22:12","Clear","Dry","Very Light","-0.1","23.9","3200","2","25.1","35%","29.0","","Opened","7.305","38","Unsafe","Calm","6.2","65","18.1","10.0","1000.6","1012.1"
"2026-09-21","19:22:22","Clear","Dry","Very Light","-0.1","23.9","3200","2","25.1","35%","29.0","","Opened","7.382","38","Unsafe","Calm","5.9","65","18.0","10.0","1000.6","1012.1"
"2026-09-21","19:22:32","Clear","Dry","Very Light","0.0","23.9","3200","2","25.1","35%","29.0","","Opened","7.325","38","Unsafe","Calm","6.2","65","18.1","10.0","1000.6","1012.1"
"2026-09-21","19:22:42","Clear","Dry","Very Light","-0.1","23.9","3200","2","25.1","35%","29.0","","Opened","7.373","38","Unsafe","Calm","6.2","65","18.0","9.9","1000.6","1012.1"
"2026-09-21","19:22:52","Clear","Dry","Very Light","-0.2","23.9","3200","2","25.1","35%","28.9","","Opened","7.499","38","Unsafe","Calm","6.2","65","18.0","9.8","1000.6","1012.1"
"2026-09-21","19:23:02","Clear","Dry","Very Light","-0.1","23.9","3200","2","25.1","35%","29.0","","Opened","7.283","38","Unsafe","Calm","5.9","65","18.0","9.9","1000.6","1012.1"
"2026-09-21","19:23:12","Clear","Dry","Very Light","-0.1","23.9","3200","2","25.0","35%","29.0","","Opened","7.334","38","Unsafe","Calm","5.5","65","18.0","9.9","1000.6","1012.1"
"2026-09-21","19:23:22","Clear","Dry","Very Light","-0.2","23.9","3200","2","25.0","35%","29.0","","Opened","7.289","38","Unsafe","Calm","5.2","65","18.0","9.8","1000.6","1012.1"
"2026-09-21","19:23:32","Clear","Dry","Very Light","-0.1","23.9","3200","2","25.1","35%","29.0","","Opened","7.373","38","Unsafe","Calm","5.1","65","18.1","9.9","1000.6","1012.1"
"2026-09-21","19:23:42","Clear","Dry","Very Light","-0.2","23.9","3200","2","25.1","35%","29.0","","Opened","7.307","38","Unsafe","Calm","5.0","65","18.1","9.8","1000.6","1012.1"
"2026-09-21","19:23:52","Clear","Dry","Very Light","0.0","23.9","3200","2","25.0","35%","29.1","","Opened","7.327","38","Unsafe","Calm","5.0","65","18.0","10.0","1000.6","1012.1"
"2026-09-21","19:24:02","Clear","Dry","Very Light","-0.1","23.8","3200","2","25.0","35%","29.0","","Opened","7.335","38","Unsafe","Calm","5.1","65","18.0","9.9","1000.6","1012.1"
"2026-09-21","19:24:12","Clear","Dry","Very Light","-0.2","23.9","3200","2","25.0","35%","29.0","","Opened","7.308","38","Unsafe","Calm","5.2","65","18.0","9.8","1000.5","1012.0"
"2026-09-21","19:24:22","Clear","Dry","Very Light","-0.1","23.8","3200","2","25.0","35%","29.1","","Opened","7.377","38","Unsafe","Calm","5.4","65","18.0","9.9","1000.5","1012.0"
"2026-09-21","19:24:32","Clear","Dry","Very Light","-0.2","23.8","3200","2","25.0","35%","29.1","","Opened","7.335","38","Unsafe","Calm","5.2","65","18.0","9.8","1000.5","1012.0"
"2026-09-21","19:24:42","Clear","Dry","Very Light","-0.2","23.8","3200","2","25.0","35%","29.1","","Opened","7.304","38","Unsafe","Calm","5.1","65","18.0","9.8","1000.6","1012.1"
"2026-09-21","19:24:52","Clear","Dry","Very Light","-0.1","23.8","3200","2","25.0","35%","29.1","","Opened","7.707","38","Unsafe","Calm","5.0","65","18.0","9.9","1000.5","1012.0"
"2026-09-21","19:25:02","Clear","Dry","Very Light","-0.2","23.8","3200","2","25.0","35%","29.1","","Opened","7.348","38","Unsafe","Calm","4.7","65","18.0","9.8","1000.6","1012.1"
"2026-09-21","19:25:12","Clear","Dry","Very Light","-0.2","23.8","3200","2","25.0","35%","29.1","","Opened","7.308","38","Unsafe","Calm","4.7","65","18.0","9.8","1000.6","1012.1"
"2026-09-21","19:25:22","Clear","Dry","Very Light","-0.1","23.8","3200","2","25.0","35%","29.1","","Opened","7.394","38","Unsafe","Calm","4.5","65","18.0","9.9","1000.6","1012.1"
"2026-09-21","19:25:32","Clear","Dry","Very Light","-0.1","23.8","3200","2","25.0","35%","29.1","","Opened","7.350","38","Unsafe","Calm","4.7","65","18.0","9.9","1000.6","1012.1"
"2026-09-21","19:25:42","Clear","Dry","Very Light","-0.1","23.8","3200","2","25.0","35%","29.0","","Opened","7.321","38","Unsafe","Calm","5.2","65","18.0","9.8","1000.7","1012.2"
"2026-09-21","19:25:52","Clear","Dry","Very Light","0.2","23.8","3200","2","24.9","35%","29.0","","Opened","7.591","38","Unsafe","Calm","5.7","65","18.0","10.1","1000.6","1012.1"
"2026-09-21","19:26:02","Clear","Dry","Very Light","-0.1","23.8","3200","2","25.0","35%","29.0","","Opened","7.230","38","Unsafe","Calm","5.7","65","18.0","9.9","1000.7","1012.2"
"2026-09-21","19:26:12","Clear","Dry","Very Light","-0.1","23.8","3200","2","25.0","35%","29.0","","Opened","7.324","38","Unsafe","Calm","5.9","65","18.0","9.9","1000.6","1012.1"
"2026-09-21","19:26:22","Clear","Dry","Very Light","0.0","23.8","3200","2","24.9","35%","28.9","","Opened","7.268","38","Unsafe","Calm","6.1","65","18.0","10.0","1000.6","1012.1"
"2026-09-21","19:26:32","Clear","Dry","Very Light","-0.1","23.8","3200","2","24.9","35%","28.9","","Opened","7.352","38","Unsafe","Calm","5.9","65","18.0","9.9","1000.6","1012.1"
"2026-09-21","19:26:42","Clear","Dry","Very Light","-0.1","23.8","3200","2","24.9","35%","29.0","","Opened","7.308","38","Unsafe","Calm","5.5","65","18.0","9.9","1000.6","1012.1"
"2026-09-21","19:26:52","Clear","Dry","Very Light","-0.1","23.8","3200","2","24.9","35%","29.0","","Opened","7.600","38","Unsafe","Calm","5.0","65","18.0","9.8","1000.6","1012.1"
"2026-09-21","19:27:02","Clear","Dry","Very Light","-0.2","23.8","3200","2","24.9","35%","29.1","","Opened","7.332","38","Unsafe","Calm","5.0","65","18.0","9.8","1000.7","1012.2"
"2026-09-21","19:27:12","Clear","Dry","Very Light","0.1","23.8","3200","2","24.9","35%","29.1","","Opened","7.291","38","Unsafe","Calm","5.1","65","18.0","10.0","1000.6","1012.1"
"2026-09-21","19:27:22","Clear","Dry","Very Light","-0.2","23.8","3200","2","24.9","35%","29.0","","Opened","7.364","38","Unsafe","Calm","5.0","65","18.0","9.7","1000.6","1012.1"
"2026-09-21","19:27:32","Clear","Dry","Very Light","0.0","23.7","3200","2","24.9","35%","29.0","","Opened","7.312","38","Unsafe","Calm","5.0","65","18.0","9.9","1000.6","1012.1"
"2026-09-21","19:27:42","Clear","Dry","Very Light","-0.2","23.7","3200","2","24.9","35%","29.1","","Opened","7.403","38","Unsafe","Calm","4.8","65","17.9","9.8","1000.8","1012.3"
"2026-09-21","19:27:52","Clear","Dry","Very Light","-0.1","23.7","3200","2","24.9","35%","29.1","","Opened","7.619","38","Unsafe","Calm","5.0","65","17.9","9.8","1000.6","1012.2"
"2026-09-21","19:28:02","Clear","Dry","Very Light","0.0","23.7","3200","2","24.9","35%","29.1","","Opened","7.307","38","Unsafe","Calm","5.2","65","18.0","10.0","1000.8","1012.3"
"2026-09-21","19:28:12","Clear","Dry","Very Light","0.0","23.7","3200","2","24.9","35%","29.0","","Opened","7.407","38","Unsafe","Calm","4.8","65","17.9","9.9","1000.6","1012.2"
"2026-09-21","19:28:22","Clear","Dry","Very Light","0.1","23.7","3200","2","24.9","35%","29.0","","Opened","7.364","38","Unsafe","Calm","5.0","65","17.9","10.0","1000.7","1012.2"
"2026-09-21","19:28:32","Clear","Dry","Very Light","0.0","23.7","3200","2","24.9","35%","29.0","","Opened","7.306","38","Unsafe","Calm","5.0","65","17.9","9.9","1000.6","1012.2"
"2026-09-21","19:28:42","Clear","Dry","Very Light","-0.1","23.7","3200","2","24.9","35%","29.0","","Opened","7.386","38","Unsafe","Calm","5.2","65","17.9","9.8","1000.7","1012.2"
"2026-09-21","19:28:52","Clear","Dry","Very Light","0.1","23.7","3200","2","24.9","35%","29.1","","Opened","7.559","38","Unsafe","Calm","5.4","65","17.9","10.0","1000.6","1012.2"
"2026-09-21","19:29:02","Clear","Dry","Very Light","0.0","23.7","3200","2","24.9","35%","29.0","","Opened","7.286","38","Unsafe","Calm","5.4","65","17.9","9.9","1000.7","1012.2"
"2026-09-21","19:29:12","Clear","Dry","Very Light","0.0","23.7","3200","2","24.9","35%","29.0","","Opened","7.366","38","Unsafe","Calm","5.4","65","17.9","9.9","1000.7","1012.2"
"2026-09-21","19:29:22","Clear","Dry","Very Light","0.0","23.7","3200","2","24.9","35%","29.0","","Opened","7.337","38","Unsafe","Calm","5.7","65","17.9","10.0","1000.6","1012.2"
"2026-09-21","19:29:32","Clear","Dry","Very Light","-0.1","23.7","3200","3","24.8","35%","29.0","","Opened","7.330","38","Unsafe","Calm","5.8","65","17.9","9.8","1000.7","1012.2"
"2026-09-21","19:29:42","Clear","Dry","Light","0.0","23.7","3200","6","24.9","35%","29.0","","Opened","7.288","38","Unsafe","Calm","5.8","65","17.9","9.9","1000.8","1012.3"
"2026-09-21","19:29:52","Clear","Dry","Light","0.0","23.7","3200","10","24.8","35%","29.0","","Opened","7.632","38","Unsafe","Calm","5.7","65","17.9","9.9","1000.7","1012.2"
"2026-09-21","19:30:02","Clear","Dry","Light","0.0","23.7","3200","14","24.8","35%","29.0","","Opened","7.373","38","Unsafe","Calm","5.4","65","17.9","9.9","1000.6","1012.2"
"2026-09-21","19:30:12","Clear","Dry","Light","0.0","23.7","3200","18","24.8","35%","29.0","","Opened","7.361","38","Unsafe","Calm","5.5","65","17.9","9.9","1000.6","1012.2"
"2026-09-21","19:30:22","Clear","Dry","Light","-0.1","23.7","3200","22","24.8","35%","29.0","","Opened","7.323","38","Unsafe","Calm","5.0","65","17.9","9.8","1000.6","1012.2"
"2026-09-21","19:30:32","Clear","Dry","Light","0.0","23.7","3200","26","24.8","35%","29.0","","Opened","7.383","38","Unsafe","Calm","4.8","65","17.9","9.9","1000.6","1012.2"
"2026-09-21","19:30:42","Clear","Dry","Light","0.0","23.7","3200","31","24.8","35%","29.0","","Opened","7.359","38","Unsafe","Calm","4.5","65","17.9","9.9","1000.6","1012.2"
"2026-09-21","19:30:52","Clear","Dry","Light","0.1","23.7","3200","35","24.8","35%","29.0","","Opened","7.575","38","Unsafe","Calm","4.7","65","17.9","10.0","1000.8","1012.3"
"2026-09-21","19:31:02","Clear","Dry","Light","0.0","23.7","3200","40","24.8","35%","29.0","","Opened","7.290","38","Unsafe","Calm","4.8","65","17.9","9.8","1000.6","1012.2"
"2026-09-21","19:31:12","Clear","Dry","Light","0.0","23.7","3200","45","24.8","35%","29.0","","Opened","7.341","38","Unsafe","Calm","4.7","65","17.9","9.9","1000.6","1012.1"
"2026-09-21","19:31:22","Clear","Dry","Light","-0.1","23.7","3200","50","24.8","35%","29.0","","Opened","7.292","38","Unsafe","Calm","4.7","65","17.9","9.8","1000.6","1012.1"
"2026-09-21","19:31:32","Clear","Dry","Light","0.0","23.7","3200","56","24.8","35%","29.1","Heating DOWN","Opened","7.471","38","Unsafe","Calm","4.5","65","17.9","9.9","1000.6","1012.1"
"2026-09-21","19:31:42","Clear","Dry","Light","0.0","23.7","3200","61","24.8","34%","29.0","","Opened","7.371","38","Unsafe","Calm","5.0","65","17.9","9.9","1000.6","1012.2"
"2026-09-21","19:31:52","Clear","Dry","Light","-0.2","23.7","3200","67","24.8","34%","29.0","","Opened","7.569","38","Unsafe","Calm","4.8","65","17.9","9.7","1000.6","1012.2"
"2026-09-21","19:32:02","Clear","Dry","Light","-0.2","23.6","3200","72","24.8","34%","29.0","","Opened","7.276","38","Unsafe","Calm","4.7","65","17.9","9.7","1000.7","1012.2"
"2026-09-21","19:32:12","Clear","Dry","Light","-0.2","23.6","3200","79","24.8","34%","29.1","Heating DOWN","Opened","7.505","38","Unsafe","Calm","4.5","65","17.9","9.7","1000.6","1012.2"
"2026-09-21","19:32:22","Clear","Dry","Light","-0.1","23.6","3200","85","24.8","33%","29.1","Heating DOWN","Opened","7.504","38","Unsafe","Calm","4.5","65","17.9","9.7","1000.6","1012.1"
"2026-09-21","19:32:32","Clear","Dry","Light","0.1","23.6","3328","91","24.8","32%","29.1","Heating DOWN","Opened","7.397","38","Unsafe","Calm","4.5","65","17.9","10.0","1000.6","1012.1"
"2026-09-21","19:32:42","Clear","Dry","Light","0.0","23.6","3200","98","24.8","31%","29.1","Heating DOWN","Opened","7.397","38","Unsafe","Calm","4.3","65","17.9","9.9","1000.6","1012.1"
"2026-09-21","19:32:52","Clear","Dry","Light","-0.2","23.6","3200","104","24.8","30%","29.0","","Opened","7.541","38","Unsafe","Calm","4.3","65","17.9","9.7","1000.6","1012.1"
"2026-09-21","19:33:02","Clear","Dry","Light","0.0","23.6","3200","111","24.8","30%","29.0","","Opened","7.382","38","Unsafe","Calm","4.5","65","17.9","9.9","1000.6","1012.2"
"2026-09-21","19:33:12","Clear","Dry","Light","-0.2","23.6","3200","119","24.8","30%","28.9","","Opened","7.389","38","Unsafe","Calm","5.0","65","17.9","9.7","1000.7","1012.2"
"2026-09-21","19:33:22","Clear","Dry","Light","-0.2","23.6","3200","126","24.8","30%","28.9","","Opened","7.343","38","Unsafe","Calm","5.0","65","17.9","9.7","1000.6","1012.1"
"2026-09-21","19:33:32","Clear","Dry","Light","-0.2","23.6","3200","134","24.8","30%","28.9","","Opened","7.292","38","Unsafe","Calm","5.0","65","17.9","9.6","1000.5","1012.0"
"2026-09-21","19:33:42","Clear","Dry","Light","-0.2","23.6","3200","143","24.8","30%","28.9","","Opened","7.380","38","Unsafe","Calm","4.8","65","17.8","9.7","1000.6","1012.1"
"2026-09-21","19:33:52","Clear","Dry","Light","-0.3","23.6","3200","153","24.8","30%","28.9","","Opened","7.567","38","Unsafe","Calm","4.7","65","17.9","9.6","1000.6","1012.1"
"2026-09-21","19:34:02","Clear","Dry","Light","-0.3","23.6","3200","161","24.8","30%","28.9","","Opened","7.184","38","Unsafe","Calm","4.3","65","17.8","9.6","1000.6","1012.1"
"2026-09-21","19:34:12","Clear","Dry","Light","0.0","23.5","3200","171","24.8","30%","28.9","","Opened","7.279","38","Unsafe","Calm","4.4","65","17.8","9.9","1000.6","1012.1"
"2026-09-21","19:34:22","Clear","Dry","Light","0.0","23.6","3200","182","24.8","30%","28.7","","Opened","7.391","38","Unsafe","Calm","5.0","65","17.9","9.8","1000.6","1012.1"
"2026-09-21","19:34:32","Clear","Dry","Light","-0.2","23.6","3200","191","24.8","30%","28.7","","Opened","7.346","38","Unsafe","Calm","5.2","65","17.8","9.7","1000.6","1012.1"
"2026-09-21","19:34:42","Clear","Dry","Light","-0.2","23.6","3200","203","24.8","30%","28.7","","Opened","7.294","38","Unsafe","Calm","5.4","65","17.8","9.6","1000.8","1012.3"
"2026-09-21","19:34:52","Clear","Dry","Light","-0.1","23.6","3200","214","24.7","30%","28.6","","Opened","7.569","38","Unsafe","Calm","5.7","65","17.8","9.8","1000.6","1012.1"
"2026-09-21","19:35:02","Clear","Dry","Light","-0.1","23.6","3200","226","24.8","30%","28.5","","Opened","7.364","38","Unsafe","Calm","6.1","65","17.9","9.8","1000.5","1012.0"
"2026-09-21","19:35:12","Clear","Dry","Light","-0.3","23.6","3200","239","24.7","30%","28.5","","Opened","7.320","38","Unsafe","Calm","5.7","66","17.9","9.6","1000.6","1012.1"
"2026-09-21","19:35:22","Clear","Dry","Light","0.0","23.6","3200","251","24.7","30%","28.5","","Opened","7.278","38","Unsafe","Calm","5.4","66","17.9","9.8","1000.5","1012.0"
"2026-09-21","19:35:32","Clear","Dry","Light","-0.1","23.5","3200","265","24.7","30%","28.5","","Opened","7.369","38","Unsafe","Calm","5.4","66","17.9","9.7","1000.6","1012.1"
"2026-09-21","19:35:42","Clear","Dry","Light","-0.2","23.6","3200","279","24.7","30%","28.5","","Opened","7.344","38","Unsafe","Calm","5.4","66","17.9","9.6","1000.6","1012.2"
"2026-09-21","19:35:52","Clear","Dry","Light","0.0","23.6","3200","291","24.7","30%","28.5","","Opened","7.533","38","Unsafe","Calm","5.4","66","17.9","9.8","1000.5","1012.0"
"2026-09-21","19:36:02","Clear","Dry","Light","-0.2","23.6","3200","307","24.7","30%","28.5","","Opened","7.308","38","Unsafe","Calm","5.0","66","17.9","9.6","1000.6","1012.1"
"2026-09-21","19:36:12","Clear","Dry","Light","-0.2","23.6","3200","322","24.7","30%","28.5","","Opened","7.401","38","Unsafe","Calm","5.0","66","17.9","9.7","1000.6","1012.1"
"2026-09-21","19:36:22","Clear","Dry","Light","-0.3","23.5","3200","336","24.7","30%","28.5","","Opened","7.358","38","Unsafe","Calm","4.0","66","17.8","9.6","1000.5","1012.0"
"2026-09-21","19:36:32","Clear","Dry","Light","-0.1","23.5","3200","356","24.7","30%","28.5","","Opened","7.297","38","Unsafe","Calm","3.9","66","17.8","9.7","1000.5","1012.0"
"2026-09-21","19:36:42","Clear","Dry","Light","-0.1","23.5","3200","370","24.7","30%","28.5","","Opened","7.399","38","Unsafe","Calm","3.8","66","17.8","9.7","1000.6","1012.1"
"2026-09-21","19:36:52","Clear","Dry","Light","-0.2","23.5","3200","388","24.7","30%","28.4","","Opened","7.564","38","Unsafe","Calm","3.8","66","17.8","9.6","1000.5","1012.0"
"2026-09-21","19:37:02","Clear","Dry","Light","-0.2","23.5","3200","408","24.7","30%","28.4","","Opened","7.337","38","Unsafe","Calm","3.9","66","17.9","9.6","1000.5","1012.0"
"2026-09-21","19:37:12","Clear","Dry","Light","-0.2","23.5","3200","427","24.7","30%","28.4","","Opened","7.298","38","Unsafe","Calm","3.9","66","17.8","9.6","1000.5","1012.0"
"2026-09-21","19:37:22","Clear","Dry","Light","-0.2","23.5","3200","445","24.7","30%","28.4","","Opened","7.393","38","Unsafe","Calm","4.7","66","17.9","9.7","1000.5","1012.0"
"2026-09-21","19:37:32","Clear","Dry","Light","-0.3","23.5","3200","463","24.7","30%","28.4","","Opened","7.332","38","Unsafe","Calm","4.5","66","17.8","9.6","1000.6","1012.1"
"2026-09-21","19:37:42","Clear","Dry","Light","-0.3","23.5","3200","483","24.7","30%","28.4","","Opened","7.319","38","Unsafe","Calm","4.5","66","17.8","9.5","1000.5","1012.0"
"2026-09-21","19:37:52","Clear","Dry","Light","-0.1","23.5","3200","503","24.7","30%","28.4","","Opened","7.593","38","Unsafe","Calm","4.5","66","17.8","9.7","1000.6","1012.1"
"2026-09-21","19:38:02","Clear","Dry","Light","-0.2","23.4","3200","533","24.7","30%","28.4","","Opened","7.258","38","Unsafe","Calm","4.4","66","17.8","9.6","1000.5","1012.0"
"2026-09-21","19:38:11","Clear","Dry","Light","-0.2","23.4","3200","553","24.7","30%","28.4","","Opened","6.813","38","Unsafe","Calm","4.3","66","17.8","9.6","1000.6","1012.1"
"2026-09-21","19:38:21","Clear","Dry","Light","-0.1","23.4","3200","574","24.7","30%","28.4","","Opened","6.895","38","Unsafe","Calm","4.5","66","17.8","9.7","1000.5","1012.0"
"2026-09-21","19:38:32","Clear","Dry","Light","0.0","23.4","3200","595","24.7","30%","28.3","Heating UP","Opened","7.352","38","Unsafe","Calm","4.8","66","17.8","9.8","1000.5","1012.0"
"2026-09-21","19:38:41","Clear","Dry","Light","-0.1","23.5","3200","626","24.7","31%","28.3","Heating UP","Opened","6.838","38","Unsafe","Calm","5.2","66","17.8","9.7","1000.6","1012.1"
"2026-09-21","19:38:52","Clear","Dry","Light","-0.2","23.4","3328","656","24.7","32%","28.3","Heating UP","Opened","7.261","38","Unsafe","Calm","5.4","66","17.8","9.6","1000.4","1012.0"
"2026-09-21","19:39:02","Clear","Dry","Light","-0.1","23.4","3200","686","24.7","33%","28.2","Heating UP","Opened","7.206","38","Unsafe","Calm","5.5","66","17.8","9.7","1000.6","1012.1"
"2026-09-21","19:39:12","Clear","Dry","Light","-0.1","23.4","3200","708","24.6","34%","28.2","Heating UP","Opened","7.451","38","Unsafe","Calm","5.8","66","17.8","9.7","1000.6","1012.1"
"2026-09-21","19:39:21","Clear","Dry","Light","-0.2","23.4","3200","740","24.7","35%","28.3","","Opened","6.955","38","Unsafe","Calm","5.4","66","17.8","9.6","1000.6","1012.1"
"2026-09-21","19:39:31","Clear","Dry","Light","-0.1","23.4","3200","762","24.6","35%","28.3","","Opened","7.029","38","Unsafe","Calm","5.4","66","17.8","9.7","1000.5","1012.0"
"2026-09-21","19:39:41","Clear","Dry","Light","-0.2","23.4","3200","805","24.7","35%","28.4","","Opened","6.991","38","Unsafe","Calm","5.2","66","17.8","9.6","1000.5","1012.0"
"2026-09-21","19:39:52","Clear","Dry","Light","-0.1","23.4","3200","839","24.6","35%","28.4","","Opened","7.229","38","Unsafe","Calm","5.1","66","17.8","9.7","1000.5","1012.0"
"2026-09-21","19:40:01","Clear","Dry","Light","-0.2","23.4","3200","868","24.6","35%","28.4","","Opened","6.638","38","Unsafe","Calm","5.1","66","17.8","9.6","1000.6","1012.2"
"2026-09-21","19:40:11","Clear","Dry","Light","-0.3","23.4","3200","899","24.6","35%","28.5","","Opened","6.961","38","Unsafe","Calm","5.0","66","17.8","9.5","1000.6","1012.1"
"2026-09-21","19:40:21","Clear","Dry","Light","-0.2","23.4","3200","932","24.6","35%","28.5","","Opened","6.905","38","Unsafe","Calm","5.1","66","17.8","9.5","1000.6","1012.1"
"2026-09-21","19:40:31","Clear","Dry","Light","-0.2","23.4","3200","986","24.6","35%","28.5","","Opened","6.840","38","Unsafe","Calm","5.0","66","17.8","9.6","1000.6","1012.1"
"2026-09-21","19:40:41","Clear","Dry","Light","-0.3","23.4","3200","1025","24.6","35%","28.6","","Opened","7.072","38","Unsafe","Calm","4.7","66","17.8","9.5","1000.6","1012.2"
"2026-09-21","19:40:51","Clear","Dry","Light","-0.1","23.4","3200","1046","24.6","35%","28.6","","Opened","7.048","38","Unsafe","Calm","4.5","66","17.8","9.6","1000.6","1012.1"
"2026-09-21","19:41:01","Clear","Dry","Light","0.0","23.4","3200","1090","24.6","35%","28.5","","Opened","7.117","38","Unsafe","Calm","4.7","66","17.8","9.7","1000.7","1012.2"
"2026-09-21","19:41:11","Clear","Dry","Light","0.0","23.4","3200","1138","24.6","35%","28.6","","Opened","6.941","38","Unsafe","Calm","4.7","66","17.8","9.7","1000.6","1012.2"
"2026-09-21","19:41:21","Clear","Dry","Light","-0.2","23.4","3200","1189","24.6","35%","28.6","","Opened","6.887","38","Unsafe","Calm","4.5","66","17.8","9.6","1000.6","1012.1"
"2026-09-21","19:41:31","Clear","Dry","Light","-0.2","23.4","3200","1246","24.6","35%","28.7","","Opened","6.700","38","Unsafe","Calm","4.5","66","17.8","9.6","1000.6","1012.1"
"2026-09-21","19:41:41","Clear","Dry","Light","-0.1","23.4","3200","1276","24.6","35%","28.6","","Opened","7.048","38","Unsafe","Calm","4.7","66","17.8","9.6","1000.7","1012.2"
"2026-09-21","19:41:51","Clear","Dry","Light","-0.1","23.4","3200","1324","24.6","35%","28.6","","Opened","7.152","38","Unsafe","Calm","4.8","66","17.8","9.6","1000.6","1012.2"
"2026-09-21","19:42:01","Clear","Dry","Light","-0.3","23.4","3200","1413","24.6","35%","28.7","","Opened","6.571","38","Unsafe","Calm","4.5","66","17.8","9.5","1000.6","1012.1"
"2026-09-21","19:42:11","Clear","Dry","Light","-0.3","23.4","3200","1452","24.6","35%","28.7","","Opened","7.026","38","Unsafe","Calm","4.5","66","17.8","9.5","1000.6","1012.2"
"2026-09-21","19:42:21","Clear","Dry","Light","-0.2","23.3","3200","1492","24.6","35%","28.7","","Opened","7.096","38","Unsafe","Calm","4.5","66","17.8","9.5","1000.5","1012.0"
"2026-09-21","19:42:31","Clear","Dry","Light","-0.2","23.3","3200","1581","24.6","35%","28.7","","Opened","6.788","38","Unsafe","Calm","4.4","66","17.8","9.5","1000.6","1012.2"
"2026-09-21","19:42:41","Clear","Dry","Light","-0.2","23.3","3200","1629","24.6","35%","28.7","","Opened","6.602","38","Unsafe","Calm","4.5","66","17.8","9.5","1000.6","1012.1"
"2026-09-21","19:42:51","Clear","Dry","Light","0.0","23.3","3200","1734","24.6","35%","28.7","","Opened","6.963","38","Unsafe","Calm","4.5","66","17.8","9.7","1000.6","1012.1"
"2026-09-21","19:43:01","Clear","Dry","Light","-0.1","23.3","3200","1792","24.5","35%","28.7","","Opened","7.022","38","Unsafe","Calm","5.0","66","17.8","9.6","1000.6","1012.2"
"2026-09-21","19:43:11","Clear","Dry","Light","-0.1","23.4","3200","1854","24.6","35%","28.6","","Opened","7.112","38","Unsafe","Calm","5.1","66","17.8","9.6","1000.7","1012.2"
"2026-09-21","19:43:21","Clear","Dry","Light","-0.1","23.4","3200","1919","24.5","35%","28.6","","Opened","7.028","38","Unsafe","Calm","5.5","66","17.8","9.7","1000.6","1012.2"
"2026-09-21","19:43:32","Clear","Dry","Light","-0.1","23.4","3200","1990","24.5","35%","28.5","","Opened","7.274","38","Unsafe","Calm","5.7","66","17.8","9.6","1000.6","1012.2"
"2026-09-21","19:43:42","Clear","Dry","Light","-0.2","23.4","3200","2066","24.5","35%","28.5","","Opened","7.349","38","Unsafe","Calm","5.5","66","17.8","9.5","1000.6","1012.2"
"2026-09-21","19:43:52","Clear","Dry","Light","0.0","23.4","3200","2236","24.6","35%","28.5","","Opened","7.562","38","Unsafe","Calm","5.8","66","17.8","9.7","1000.7","1012.2"
"2026-09-21","19:44:02","Clear","Dry","Light","-0.1","23.4","3200","2236","24.5","35%","28.5","","Opened","7.372","38","Unsafe","Calm","5.8","66","17.7","9.6","1000.6","1012.1"
"2026-09-21","19:44:12","Clear","Dry","Light","-0.1","23.4","3200","2331","24.5","35%","28.5","","Opened","7.311","38","Unsafe","Calm","5.8","66","17.8","9.6","1000.6","1012.2"
"2026-09-21","19:44:22","Clear","Dry","Light","-0.1","23.4","3200","2435","24.5","35%","28.5","","Opened","7.400","38","Unsafe","Calm","5.7","66","17.7","9.6","1000.6","1012.2"
"2026-09-21","19:44:32","Clear","Dry","Light","-0.2","23.4","3200","2548","24.5","35%","28.5","","Opened","7.216","38","Unsafe","Calm","5.5","66","17.7","9.5","1000.6","1012.2"
"2026-09-21","19:44:41","Clear","Dry","Light","-0.1","23.4","3200","2672","24.5","35%","28.5","","Opened","6.775","38","Unsafe","Calm","5.5","66","17.7","9.6","1000.6","1012.2"
"2026-09-21","19:44:52","Clear","Dry","Light","-0.2","23.4","3200","2808","24.5","35%","28.5","","Opened","7.418","38","Unsafe","Calm","5.1","66","17.7","9.5","1000.7","1012.2"
"2026-09-21","19:45:02","Clear","Dry","Light","-0.1","23.4","3200","2959","24.5","35%","28.5","","Opened","7.193","38","Unsafe","Calm","5.0","66","17.7","9.6","1000.6","1012.2"
"2026-09-21","19:45:12","Clear","Dry","Light","0.0","23.4","3200","2959","24.5","35%","28.5","","Opened","7.252","38","Unsafe","Calm","5.2","66","17.7","9.7","1000.7","1012.2"
"2026-09-21","19:45:22","Clear","Dry","Light","-0.2","23.4","3200","3127","24.5","35%","28.5","","Opened","7.211","38","Unsafe","Calm","5.1","66","17.8","9.5","1000.6","1012.2"
"2026-09-21","19:45:31","Clear","Dry","Light","-0.1","23.4","3200","3314","24.5","35%","28.5","","Opened","7.164","38","Unsafe","Calm","5.2","66","17.7","9.7","1000.6","1012.2"
"2026-09-21","19:45:42","Clear","Dry","Light","0.1","23.4","3200","3314","24.5","35%","28.5","","Opened","7.371","38","Unsafe","Calm","5.5","66","17.7","9.8","1000.6","1012.2"
"2026-09-21","19:45:52","Clear","Dry","Light","0.0","23.4","3200","3525","24.5","35%","28.5","","Opened","7.512","38","Unsafe","Calm","6.1","66","17.7","9.7","1000.6","1012.2"
"2026-09-21","19:46:02","Clear","Dry","Light","-0.2","23.4","3200","3763","24.5","35%","28.4","","Opened","7.278","38","Unsafe","Calm","6.5","66","17.8","9.5","1000.7","1012.2"
"2026-09-21","19:46:11","Clear","Dry","Light","-0.1","23.4","3200","3763","24.5","35%","28.4","","Opened","6.963","38","Unsafe","Calm","6.4","66","17.7","9.6","1000.6","1012.2"
"2026-09-21","19:46:21","Clear","Dry","Light","-0.1","23.4","3200","4036","24.5","35%","28.3","","Opened","7.171","38","Unsafe","Calm","6.5","66","17.7","9.6","1000.6","1012.2"
"2026-09-21","19:46:32","Clear","Dry","Light","0.0","23.4","3200","4036","24.5","35%","28.4","","Opened","7.370","38","Unsafe","Calm","6.8","66","17.8","9.7","1000.6","1012.2"
"2026-09-21","19:46:41","Clear","Dry","Light","-0.2","23.4","3200","4351","24.5","35%","28.4","","Opened","7.068","38","Unsafe","Calm","6.8","66","17.7","9.5","1000.7","1012.2"
"2026-09-21","19:46:51","Clear","Dry","Light","-0.2","23.4","3200","4351","24.5","35%","28.4","","Opened","7.040","38","Unsafe","Calm","6.2","66","17.7","9.5","1000.7","1012.2"
"2026-09-21","19:47:02","Clear","Dry","Light","-0.2","23.4","3200","4718","24.5","35%","28.4","","Opened","7.349","38","Unsafe","Calm","5.5","66","17.7","9.5","1000.7","1012.2"
"2026-09-21","19:47:11","Clear","Dry","Light","-0.1","23.4","3200","4718","24.5","35%","28.5","","Opened","7.036","38","Unsafe","Calm","5.4","66","17.7","9.6","1000.7","1012.2"
"2026-09-21","19:47:21","Clear","Dry","Light","-0.2","23.3","3200","4718","24.4","35%","28.5","","Opened","7.113","38","Unsafe","Calm","5.2","66","17.7","9.5","1000.7","1012.2"
"2026-09-21","19:47:32","Clear","Dry","Dark","-0.3","23.3","3200","5152","24.5","35%","28.5","","Opened","7.182","38","Unsafe","Calm","4.8","66","17.7","9.4","1000.7","1012.2"
"2026-09-21","19:47:41","Clear","Dry","Dark","-0.2","23.3","3200","5152","24.5","35%","28.6","","Opened","6.874","38","Unsafe","Calm","4.4","66","17.7","9.5","1000.7","1012.2"
"2026-09-21","19:47:51","Clear","Dry","Dark","-0.2","23.3","3200","5673","24.5","35%","28.6","","Opened","7.100","38","Unsafe","Calm","4.3","66","17.7","9.5","1000.7","1012.2"
"2026-09-21","19:48:01","Clear","Dry","Dark","0.0","23.3","3200","5673","24.4","35%","28.6","","Opened","7.146","38","Unsafe","Calm","4.4","66","17.7","9.7","1000.7","1012.2"
"2026-09-21","19:48:12","Clear","Dry","Dark","-0.3","23.3","3200","5673","24.4","35%","28.6","","Opened","7.226","38","Unsafe","Calm","4.1","66","17.7","9.4","1000.8","1012.3"
"2026-09-21","19:48:21","Clear","Dry","Dark","0.0","23.3","3200","5673","24.4","35%","28.7","","Opened","7.051","38","Unsafe","Calm","4.1","66","17.7","9.6","1000.7","1012.2"
"2026-09-21","19:48:31","Clear","Dry","Dark","-0.1","23.3","3200","6309","24.5","35%","28.6","","Opened","6.881","38","Unsafe","Calm","4.3","66","17.7","9.5","1000.7","1012.2"
"2026-09-21","19:48:42","Clear","Dry","Dark","-0.1","23.3","3200","6309","24.5","35%","28.6","","Opened","7.237","38","Unsafe","Calm","4.4","66","17.7","9.6","1000.8","1012.3"
"2026-09-21","19:48:51","Clear","Dry","Dark","-0.1","23.3","3200","7105","24.5","35%","28.7","","Opened","7.093","38","Unsafe","Calm","4.5","66","17.7","9.6","1000.7","1012.2"
"2026-09-21","19:49:01","Clear","Dry","Dark","-0.1","23.3","3200","7105","24.4","35%","28.7","","Opened","7.143","38","Unsafe","Calm","4.5","66","17.6","9.6","1000.9","1012.4"
"2026-09-21","19:49:11","Clear","Dry","Dark","0.0","23.3","3200","7105","24.4","35%","28.7","","Opened","6.832","38","Unsafe","Calm","4.8","66","17.6","9.7","1000.7","1012.2"
"2026-09-21","19:49:21","Clear","Dry","Dark","-0.1","23.3","3200","7105","24.4","35%","28.6","","Opened","7.050","38","Unsafe","Calm","5.0","66","17.7","9.6","1000.7","1012.2"
"2026-09-21","19:49:32","Clear","Dry","Dark","0.0","23.3","3200","7105","24.4","35%","28.5","","Opened","7.264","38","Unsafe","Calm","5.1","66","17.7","9.7","1000.7","1012.2"
"2026-09-21","19:49:41","Clear","Dry","Dark","0.0","23.3","3200","7105","24.4","35%","28.5","","Opened","7.085","38","Unsafe","Calm","5.2","66","17.7","9.7","1000.8","1012.4"
"2026-09-21","19:49:51","Clear","Dry","Dark","-0.2","23.3","3200","8128","24.4","35%","28.5","","Opened","7.061","38","Unsafe","Calm","5.2","66","17.6","9.5","1000.8","1012.3"
"2026-09-21","19:50:01","Clear","Dry","Dark","-0.1","23.3","3200","8128","24.4","35%","28.5","","Opened","7.137","38","Unsafe","Calm","5.2","66","17.6","9.6","1000.8","1012.3"
"2026-09-21","19:50:11","Clear","Dry","Dark","-0.1","23.3","3200","8128","24.4","35%","28.5","","Opened","6.978","38","Unsafe","Calm","5.0","66","17.6","9.6","1000.8","1012.3"
"2026-09-21","19:50:21","Clear","Dry","Dark","0.0","23.3","3200","8128","24.4","35%","28.5","","Opened","7.057","38","Unsafe","Calm","5.2","66","17.6","9.7","1000.7","1012.2"
"2026-09-21","19:50:31","Clear","Dry","Dark","0.1","23.3","3200","8128","24.4","35%","28.5","","Opened","6.886","38","Unsafe","Calm","5.7","66","17.6","9.8","1000.7","1012.2"
"2026-09-21","19:50:41","Clear","Dry","Dark","0.0","23.3","3200","8128","24.4","35%","28.4","","Opened","6.844","38","Unsafe","Calm","5.8","66","17.6","9.7","1000.8","1012.4"
"2026-09-21","19:50:52","Clear","Dry","Dark","0.0","23.3","3200","9492","24.4","35%","28.4","","Opened","7.218","38","Unsafe","Calm","5.8","66","17.6","9.6","1000.8","1012.4"
"2026-09-21","19:51:01","Clear","Dry","Dark","-0.1","23.3","3200","9492","24.4","35%","28.4","","Opened","7.140","38","Unsafe","Calm","5.8","66","17.6","9.6","1000.8","1012.4"
"2026-09-21","19:51:12","Clear","Dry","Dark","0.1","23.3","3200","9492","24.4","35%","28.4","","Opened","7.228","38","Unsafe","Calm","6.2","66","17.6","9.7","1000.8","1012.3"
"2026-09-21","19:51:21","Clear","Dry","Dark","-0.1","23.3","3200","9492","24.4","35%","28.4","","Opened","6.527","38","Unsafe","Calm","5.8","66","17.6","9.6","1000.8","1012.4"
"2026-09-21","19:51:32","Clear","Dry","Dark","0.0","23.3","3200","9492","24.4","35%","28.4","","Opened","7.256","38","Unsafe","Calm","5.4","66","17.5","9.7","1000.8","1012.4"
"2026-09-21","19:51:41","Clear","Dry","Dark","0.1","23.3","3200","9492","24.4","35%","28.4","","Opened","6.575","38","Unsafe","Calm","5.4","66","17.6","9.7","1000.7","1012.2"
"2026-09-21","19:51:51","Clear","Dry","Dark","-0.1","23.3","3200","9492","24.4","35%","28.4","","Opened","7.073","38","Unsafe","Calm","5.7","66","17.5","9.6","1000.8","1012.4"
"2026-09-21","19:52:01","Clear","Dry","Dark","0.0","23.4","3200","9492","24.4","35%","28.4","","Opened","6.739","38","Unsafe","Calm","5.9","66","17.5","9.6","1000.8","1012.3"
"2026-09-21","19:52:12","Clear","Dry","Dark","0.1","23.3","3200","11402","24.4","35%","28.4","","Opened","7.204","38","Unsafe","Calm","5.8","66","17.5","9.7","1000.8","1012.4"
"2026-09-21","19:52:21","Clear","Dry","Dark","0.0","23.4","3200","11402","24.4","35%","28.4","","Opened","6.910","38","Unsafe","Calm","5.8","66","17.5","9.7","1000.8","1012.3"
"2026-09-21","19:52:32","Clear","Dry","Dark","0.0","23.3","3200","11402","24.4","35%","28.4","","Opened","7.251","38","Safe","Calm","5.8","66","17.5","9.6","1000.8","1012.3"
"2026-09-21","19:52:42","Clear","Dry","Dark","-0.1","23.4","3200","11402","24.4","35%","28.5","","Opened","7.218","38","Safe","Calm","5.7","66","17.5","9.6","1000.8","1012.3"
"2026-09-21","19:52:51","Clear","Dry","Dark","0.0","23.3","3200","11402","24.4","35%","28.4","","Opened","7.084","38","Safe","Calm","5.7","66","17.5","9.6","1000.8","1012.3"
"2026-09-21","19:53:01","Clear","Dry","Dark","-0.1","23.3","3200","11402","24.4","35%","28.4","","Opened","6.993","38","Safe","Calm","5.8","66","17.5","9.6","1000.9","1012.4"
"2026-09-21","19:53:11","Clear","Dry","Dark","-0.1","23.3","3200","11402","24.3","35%","28.4","","Opened","7.086","38","Safe","Calm","5.8","66","17.5","9.5","1000.8","1012.3"
"2026-09-21","19:53:21","Clear","Dry","Dark","0.0","23.3","3200","11402","24.4","35%","28.4","","Opened","7.091","38","Safe","Calm","5.9","66","17.5","9.6","1000.8","1012.3"
"2026-09-21","19:53:32","Clear","Dry","Dark","-0.1","23.3","3200","11402","24.4","35%","28.4","","Opened","7.294","38","Safe","Calm","5.8","66","17.5","9.5","1000.8","1012.3"
"2026-09-21","19:53:42","Clear","Dry","Dark","0.1","23.3","3200","11402","24.3","35%","28.4","","Opened","7.382","38","Safe","Calm","5.8","66","17.5","9.7","1000.8","1012.4"
"2026-09-21","19:53:52","Clear","Dry","Dark","-0.1","23.3","3200","14266","24.3","35%","28.4","","Opened","7.596","38","Safe","Calm","5.5","66","17.5","9.5","1000.9","1012.4"
"2026-09-21","19:54:02","Clear","Dry","Dark","-0.1","23.3","3200","14266","24.3","35%","28.5","","Opened","7.312","38","Safe","Calm","5.1","66","17.5","9.5","1000.8","1012.4"
"2026-09-21","19:54:12","Clear","Dry","Dark","-0.1","23.3","3200","14266","24.3","35%","28.5","","Opened","7.301","38","Safe","Calm","5.0","66","17.5","9.6","1000.8","1012.4"
"2026-09-21","19:54:22","Clear","Dry","Dark","0.0","23.3","3200","14266","24.3","35%","28.5","","Opened","7.380","38","Safe","Calm","4.8","66","17.5","9.6","1000.8","1012.3"
"2026-09-21","19:54:32","Clear","Dry","Dark","-0.1","23.3","3200","14266","24.3","35%","28.5","","Opened","7.342","38","Safe","Calm","4.8","66","17.5","9.6","1000.9","1012.4"
"2026-09-21","19:54:42","Clear","Wet","Dark","0.0","23.3","3199","14266","24.4","35%","28.5","","Opened","7.323","38","Safe","Calm","4.5","66","17.5","9.7","1000.8","1012.3"
"2026-09-21","19:54:52","Clear","Dry","Dark","-0.2","23.3","3200","14266","24.3","35%","28.6","Heating DOWN","Opened","7.620","38","Safe","Calm","4.4","66","17.5","9.4","1000.8","1012.3"
"2026-09-21","19:55:02","Clear","Dry","Dark","-0.1","23.3","3200","14266","24.4","34%","28.5","","Opened","7.301","38","Safe","Calm","4.3","66","17.5","9.5","1000.8","1012.4"
"2026-09-21","19:55:12","Clear","Dry","Dark","0.0","23.3","3200","14266","24.3","34%","28.6","Heating DOWN","Opened","7.504","38","Safe","Calm","4.4","66","17.5","9.6","1000.8","1012.4"
"2026-09-21","19:55:22","Clear","Dry","Dark","-0.2","23.2","3200","14266","24.3","33%","28.5","","Opened","7.412","38","Safe","Calm","4.4","66","17.5","9.5","1000.8","1012.4"
"2026-09-21","19:55:32","Clear","Dry","Dark","-0.1","23.2","3200","14266","24.3","33%","28.5","","Opened","7.393","38","Safe","Calm","4.4","66","17.5","9.6","1000.8","1012.3"
"2026-09-21","19:55:42","Clear","Dry","Dark","-0.1","23.2","3200","14266","24.3","33%","28.5","","Opened","7.376","38","Safe","Calm","4.5","66","17.5","9.5","1000.8","1012.3"
"2026-09-21","19:55:52","Clear","Dry","Dark","0.1","23.2","3200","14266","24.3","33%","28.5","","Opened","7.569","38","Safe","Calm","4.8","66","17.5","9.7","1000.8","1012.3"
"2026-09-21","19:56:02","Clear","Dry","Dark","-0.1","23.2","3200","14266","24.3","33%","28.4","","Opened","7.327","38","Safe","Calm","5.1","66","17.5","9.5","1000.8","1012.4"
"2026-09-21","19:56:12","Clear","Dry","Dark","0.0","23.2","3200","14266","24.3","33%","28.4","","Opened","7.413","38","Safe","Calm","5.1","66","17.5","9.6","1000.9","1012.4"
"2026-09-21","19:56:22","Clear","Dry","Dark","0.0","23.2","3200","14266","24.3","33%","28.3","","Opened","7.451","38","Safe","Calm","5.4","66","17.5","9.6","1000.8","1012.4"
"2026-09-21","19:56:32","Clear","Dry","Dark","0.0","23.2","3200","14266","24.3","33%","28.3","","Opened","7.299","38","Safe","Calm","5.5","66","17.5","9.6","1000.9","1012.4"
"2026-09-21","19:56:42","Clear","Dry","Dark","0.1","23.2","3200","14266","24.3","33%","28.3","","Opened","7.396","38","Safe","Calm","5.5","66","17.5","9.7","1000.9","1012.4"
"2026-09-21","19:56:52","Clear","Dry","Dark","0.1","23.2","3200","14266","24.3","33%","28.2","","Opened","7.572","38","Safe","Calm","5.8","66","17.5","9.7","1000.8","1012.4"
"2026-09-21","19:57:02","Clear","Dry","Dark","-0.1","23.2","3200","14266","24.3","33%","28.2","","Opened","7.352","38","Safe","Calm","5.9","66","17.5","9.5","1000.8","1012.4"
"2026-09-21","19:57:12","Clear","Dry","Dark","0.0","23.2","3200","14266","24.2","33%","28.1","","Opened","7.306","38","Safe","Calm","5.9","66","17.5","9.6","1000.9","1012.4"
"2026-09-21","19:57:22","Clear","Dry","Dark","0.1","23.2","3200","14266","24.3","33%","28.1","","Opened","7.269","38","Safe","Calm","5.8","66","17.5","9.7","1000.9","1012.4"
"2026-09-21","19:57:32","Clear","Dry","Dark","0.1","23.2","3200","19040","24.2","33%","28.1","","Opened","7.369","38","Safe","Calm","5.8","66","17.4","9.6","1000.8","1012.4"
"2026-09-21","19:57:42","Clear","Dry","Dark","0.0","23.2","3200","19040","24.2","33%","28.1","","Opened","7.330","38","Safe","Calm","5.9","66","17.4","9.6","1000.9","1012.4"
"2026-09-21","19:57:52","Clear","Dry","Dark","-0.1","23.2","3200","19040","24.2","33%","28.1","","Opened","7.519","38","Safe","Calm","5.5","66","17.5","9.5","1000.9","1012.4"
"2026-09-21","19:58:02","Clear","Dry","Dark","0.2","23.2","3200","19040","24.2","33%","28.1","","Opened","7.375","38","Safe","Calm","5.5","66","17.4","9.7","1000.9","1012.4"
"2026-09-21","19:58:12","Clear","Dry","Dark","0.2","23.2","3200","19040","24.2","33%","28.0","","Opened","7.379","38","Safe","Calm","5.7","66","17.4","9.7","1000.8","1012.4"
"2026-09-21","19:58:22","Clear","Dry","Dark","0.2","23.2","3200","19040","24.2","33%","28.0","","Opened","7.332","38","Safe","Calm","5.9","66","17.4","9.8","1000.9","1012.4"
"2026-09-21","19:58:32","Clear","Dry","Dark","0.1","23.2","3200","19040","24.2","33%","27.9","Heating UP","Opened","7.425","38","Safe","Calm","6.6","66","17.4","9.7","1000.9","1012.4"
"2026-09-21","19:58:42","Clear","Dry","Dark","0.2","23.3","3200","19040","24.2","34%","27.9","","Opened","7.330","38","Safe","Calm","6.9","66","17.4","9.8","1000.8","1012.4"
"2026-09-21","19:58:52","Clear","Dry","Dark","0.1","23.3","3200","19040","24.2","34%","27.9","","Opened","7.523","38","Safe","Calm","7.1","66","17.4","9.6","1000.8","1012.4"
"2026-09-21","19:59:02","Clear","Dry","Dark","0.3","23.3","3200","19040","24.2","34%","27.9","","Opened","7.388","38","Safe","Calm","7.1","66","17.4","9.8","1000.9","1012.4"
"2026-09-21","19:59:12","Clear","Dry","Dark","0.1","23.3","3200","19040","24.2","34%","27.9","","Opened","7.371","38","Safe","Calm","6.8","66","17.4","9.6","1000.8","1012.4"
"2026-09-21","19:59:22","Clear","Dry","Dark","0.3","23.3","3200","19040","24.2","34%","27.9","","Opened","7.346","38","Safe","Calm","6.8","66","17.4","9.9","1000.9","1012.4"
"2026-09-21","19:59:32","Clear","Dry","Dark","0.3","23.3","3200","28588","24.2","34%","27.9","","Opened","7.305","38","Safe","Calm","6.2","66","17.4","9.8","1000.8","1012.4"
"2026-09-21","19:59:42","Clear","Dry","Dark","0.3","23.3","3200","19040","24.2","34%","27.9","","Opened","7.306","38","Safe","Calm","6.1","66","17.4","9.8","1000.8","1012.4"
"2026-09-21","19:59:52","Clear","Dry","Dark","0.2","23.3","3200","19040","24.2","34%","27.9","","Opened","7.594","38","Safe","Calm","6.2","66","17.4","9.7","1000.8","1012.4"
"2026-09-21","20:00:02","Clear","Dry","Dark","0.2","23.3","3200","19040","24.2","34%","27.9","","Opened","7.342","38","Safe","Calm","6.2","66","17.4","9.7","1000.9","1012.5"
"2026-09-21","20:00:12","Clear","Dry","Dark","0.1","23.3","3200","28588","24.2","34%","27.9","","Opened","7.304","38","Safe","Calm","6.2","66","17.4","9.6","1000.8","1012.4"
"2026-09-21","20:00:22","Clear","Dry","Dark","0.0","23.3","3200","28588","24.2","34%","28.0","","Opened","7.400","38","Safe","Calm","5.9","66","17.4","9.6","1000.9","1012.4"
"2026-09-21","20:00:32","Clear","Dry","Dark","0.2","23.3","3200","28588","24.1","34%","27.9","","Opened","7.360","38","Safe","Calm","5.8","66","17.4","9.7","1000.8","1012.4"
"2026-09-21","20:00:42","Clear","Dry","Dark","0.3","23.3","3200","28588","24.2","34%","27.9","","Opened","7.339","38","Safe","Calm","5.9","66","17.4","9.8","1000.8","1012.4"
"2026-09-21","20:00:52","Clear","Dry","Dark","0.3","23.3","3200","28588","24.1","34%","27.9","","Opened","7.547","38","Safe","Calm","5.7","66","17.4","9.8","1000.7","1012.2"
"2026-09-21","20:01:02","Clear","Dry","Dark","0.1","23.2","3200","28588","24.1","34%","27.9","","Opened","7.374","38","Safe","Calm","5.2","66","17.4","9.6","1000.8","1012.3"
"2026-09-21","20:01:12","Clear","Dry","Dark","0.0","23.2","3200","28588","24.1","34%","28.0","","Opened","7.359","38","Safe","Calm","5.1","66","17.3","9.6","1000.8","1012.3"
"2026-09-21","20:01:22","Clear","Dry","Dark","0.0","23.2","3200","28588","24.1","34%","28.1","","Opened","7.357","38","Safe","Calm","5.0","66","17.4","9.5","1000.8","1012.3"
"2026-09-21","20:01:32","Clear","Dry","Dark","0.1","23.2","3200","28588","24.1","34%","28.1","","Opened","7.305","38","Safe","Calm","4.8","66","17.3","9.6","1000.8","1012.4"
"2026-09-21","20:01:42","Clear","Dry","Dark","0.0","23.2","3200","28588","24.1","34%","28.1","","Opened","7.388","38","Safe","Calm","4.4","66","17.4","9.5","1000.8","1012.3"
"2026-09-21","20:01:52","Clear","Dry","Dark","0.0","23.2","3200","28588","24.1","34%","28.2","","Opened","7.562","38","Safe","Calm","3.6","66","17.3","9.5","1000.8","1012.3"
"2026-09-21","20:02:02","Clear","Dry","Dark","0.1","23.1","3200","28588","24.1","34%","28.2","","Opened","7.335","38","Safe","Calm","3.8","66","17.3","9.6","1000.8","1012.4"
"2026-09-21","20:02:12","Clear","Dry","Dark","0.0","23.1","3200","28588","24.1","34%","28.2","","Opened","7.334","38","Safe","Calm","3.8","66","17.4","9.5","1000.8","1012.3"
"2026-09-21","20:02:22","Clear","Dry","Dark","0.0","23.1","3200","28588","24.1","34%","28.2","","Opened","7.303","38","Safe","Calm","3.0","66","17.3","9.5","1000.8","1012.4"
"2026-09-21","20:02:32","Clear","Dry","Dark","0.0","23.1","3200","28588","24.1","34%","28.2","","Opened","7.397","38","Safe","Calm","3.0","66","17.4","9.5","1000.8","1012.4"
"2026-09-21","20:02:42","Clear","Dry","Dark","-0.1","23.1","3200","28588","24.1","34%","28.2","","Opened","7.351","38","Safe","Calm","2.8","66","17.4","9.4","1000.8","1012.4"
"2026-09-21","20:02:52","Clear","Dry","Dark","0.0","23.1","3200","28588","24.1","34%","28.2","","Opened","7.526","38","Safe","Calm","3.5","66","17.3","9.5","1000.8","1012.4"
"2026-09-21","20:03:02","Clear","Dry","Dark","-0.1","23.1","3200","57232","24.1","34%","28.3","","Opened","7.388","38","Safe","Calm","3.3","66","17.3","9.4","1000.8","1012.3"
"2026-09-21","20:03:12","Clear","Dry","Dark","0.1","23.1","3200","57232","24.1","34%","28.3","","Opened","7.348","38","Safe","Calm","3.5","66","17.3","9.5","1000.8","1012.4"
"2026-09-21","20:03:22","Clear","Dry","Dark","-0.1","23.0","3200","57232","24.1","34%","28.2","","Opened","7.317","38","Safe","Calm","4.4","66","17.3","9.4","1000.7","1012.2"
"2026-09-21","20:03:32","Clear","Dry","Dark","0.1","23.0","3200","57232","24.1","34%","28.2","","Opened","7.283","38","Safe","Calm","4.4","66","17.3","9.6","1000.8","1012.3"
"2026-09-21","20:03:42","Clear","Dry","Dark","0.0","23.0","3200","57232","24.1","34%","28.1","","Opened","7.299","38","Safe","Calm","4.7","66","17.4","9.5","1000.7","1012.2"
"2026-09-21","20:03:52","Clear","Dry","Dark","0.0","23.0","3200","57232","24.1","34%","28.1","","Opened","7.625","38","Safe","Calm","5.1","66","17.4","9.5","1000.8","1012.4"
"2026-09-21","20:04:02","Clear","Dry","Dark","0.1","23.0","3200","57232","24.0","34%","28.1","","Opened","7.380","38","Safe","Calm","5.5","66","17.3","9.5","1000.7","1012.2"
"2026-09-21","20:04:12","Clear","Dry","Dark","0.0","23.0","3200","57232","24.0","34%","28.0","","Opened","7.376","38","Safe","Calm","5.8","66","17.3","9.4","1000.8","1012.4"
"2026-09-21","20:04:22","Clear","Dry","Dark","0.2","23.1","3200","57232","24.0","34%","27.9","","Opened","7.346","38","Safe","Calm","6.2","66","17.3","9.6","1000.7","1012.2"
"2026-09-21","20:04:32","Clear","Dry","Dark","0.0","23.1","3200","57232","24.0","34%","27.8","","Opened","7.309","38","Safe","Calm","6.8","66","17.3","9.4","1000.8","1012.3"
"2026-09-21","20:04:42","Clear","Dry","Dark","0.1","23.1","3200","57232","24.0","34%","27.8","","Opened","7.398","38","Safe","Calm","7.2","66","17.3","9.5","1000.7","1012.2"
"2026-09-21","20:04:52","Clear","Dry","Dark","0.1","23.1","3200","57232","24.0","34%","27.8","","Opened","7.527","38","Safe","Calm","7.1","66","17.3","9.5","1000.7","1012.2"
"2026-09-21","20:05:02","Clear","Dry","Dark","0.1","23.1","3200","57232","24.0","34%","27.8","","Opened","7.345","38","Safe","Calm","7.1","66","17.3","9.6","1000.8","1012.3"
"2026-09-21","20:05:12","Clear","Dry","Dark","0.0","23.1","3200","57232","24.0","34%","27.8","","Opened","7.186","38","Safe","Calm","6.9","66","17.3","9.4","1000.8","1012.3"
"2026-09-21","20:05:22","Clear","Dry","Dark","0.0","23.1","3200","57232","24.0","34%","27.8","","Opened","7.514","38","Safe","Calm","6.4","66","17.3","9.4","1000.7","1012.2"
"2026-09-21","20:05:32","Clear","Dry","Dark","0.0","23.0","3200","57232","24.0","34%","27.9","","Opened","7.759","38","Safe","Calm","5.7","66","17.3","9.5","1000.7","1012.2"
"2026-09-21","20:05:42","Clear","Dry","Dark","0.0","23.0","3200","57232","24.0","34%","27.9","","Opened","7.783","38","Safe","Calm","5.2","66","17.3","9.4","1000.7","1012.2"
"2026-09-21","20:05:52","Clear","Dry","Dark","0.1","23.0","3200","57232","24.0","34%","27.9","","Opened","8.036","38","Safe","Calm","5.4","66","17.3","9.5","1000.6","1012.2"
"2026-09-21","20:06:02","Clear","Dry","Dark","-0.1","23.0","3200","57232","24.0","34%","27.9","","Opened","7.724","38","Safe","Calm","5.1","66","17.3","9.3","1000.7","1012.3"
"2026-09-21","20:06:12","Clear","Dry","Dark","0.1","23.0","3200","57232","23.9","34%","27.9","","Opened","7.461","38","Safe","Calm","5.2","66","17.3","9.5","1000.7","1012.3"
"2026-09-21","20:06:22","Clear","Dry","Dark","0.1","23.0","3200","57232","24.0","34%","27.9","","Opened","7.380","38","Safe","Calm","5.5","66","17.3","9.5","1000.8","1012.4"
"2026-09-21","20:06:32","Clear","Dry","Dark","-0.1","23.0","3200","57232","23.9","34%","27.9","","Opened","7.493","38","Safe","Calm","5.7","66","17.3","9.3","1000.6","1012.2"
"2026-09-21","20:06:42","Clear","Dry","Dark","0.1","23.0","3200","57232","23.9","34%","27.9","","Opened","7.341","38","Safe","Calm","5.8","66","17.3","9.5","1000.7","1012.3"
"2026-09-21","20:06:53","Clear","Dry","Dark","0.1","23.0","3200","57232","23.9","34%","27.9","","Opened","7.920","38","Safe","Calm","5.8","66","17.3","9.5","1000.7","1012.3"
"2026-09-21","20:07:02","Clear","Dry","Dark","0.0","23.0","3200","57232","23.9","34%","27.9","","Opened","7.277","38","Safe","Calm","5.8","67","17.3","9.4","1000.7","1012.3"
"2026-09-21","20:07:12","Clear","Dry","Dark","0.1","23.0","3200","57232","23.9","34%","27.9","","Opened","8.023","38","Safe","Calm","5.4","66","17.3","9.5","1000.7","1012.3"
"2026-09-21","20:07:22","Clear","Dry","Dark","0.2","22.9","3200","57232","23.9","34%","27.9","","Opened","7.348","38","Safe","Calm","5.2","67","17.3","9.6","1000.7","1012.3"
"2026-09-21","20:07:32","Clear","Dry","Dark","0.1","22.9","3200","57232","23.9","34%","27.8","","Opened","7.344","38","Safe","Calm","5.2","67","17.3","9.5","1000.7","1012.3"
"2026-09-21","20:07:42","Clear","Dry","Dark","0.1","22.9","3200","57232","23.9","34%","27.8","","Opened","7.317","38","Safe","Calm","5.1","67","17.3","9.5","1000.7","1012.3"
"2026-09-21","20:07:52","Clear","Dry","Dark","0.1","22.9","3200","57232","23.9","34%","27.8","","Opened","7.835","38","Safe","Calm","4.8","67","17.3","9.4","1000.7","1012.3"
"2026-09-21","20:08:02","Clear","Dry","Dark","0.1","23.0","3200","57232","23.9","34%","27.8","","Opened","7.809","38","Safe","Calm","4.8","67","17.3","9.4","1000.7","1012.3"
"2026-09-21","20:08:12","Clear","Dry","Dark","0.0","22.9","3200","57232","23.9","34%","27.8","","Opened","7.448","38","Safe","Calm","5.2","67","17.3","9.4","1000.6","1012.2"
"2026-09-21","20:08:22","Clear","Dry","Dark","0.0","22.9","3200","57232","23.8","34%","27.8","","Opened","7.775","38","Safe","Calm","5.0","67","17.3","9.4","1000.7","1012.3"
"2026-09-21","20:08:32","Clear","Dry","Dark","0.0","22.9","3200","57232","23.8","34%","27.8","","Opened","7.342","38","Safe","Calm","5.1","67","17.3","9.4","1000.8","1012.3"
"2026-09-21","20:08:42","Clear","Dry","Dark","0.0","22.9","3200","57232","23.8","34%","27.8","","Opened","7.315","38","Safe","Calm","5.1","67","17.3","9.3","1000.7","1012.3"
"2026-09-21","20:08:52","Clear","Dry","Dark","0.0","22.9","3200","57232","23.8","34%","27.7","","Opened","7.600","38","Safe","Calm","5.4","67","17.3","9.4","1000.6","1012.2"
"2026-09-21","20:09:02","Clear","Dry","Dark","0.0","22.9","3200","57232","23.8","34%","27.7","","Opened","7.353","38","Safe","Calm","5.7","67","17.3","9.4","1000.7","1012.3"
"2026-09-21","20:09:12","Clear","Dry","Dark","0.1","22.9","3200","57232","23.8","34%","27.7","","Opened","7.344","38","Safe","Calm","5.7","67","17.3","9.4","1000.8","1012.3"
"2026-09-21","20:09:22","Clear","Dry","Dark","0.0","22.9","3200","57232","23.8","34%","27.8","","Opened","7.312","38","Safe","Calm","5.8","67","17.3","9.3","1000.7","1012.3"
"2026-09-21","20:09:32","Clear","Dry","Dark","0.1","22.9","3200","57232","23.8","34%","27.8","","Opened","7.790","38","Safe","Calm","5.9","67","17.3","9.5","1000.7","1012.3"
"2026-09-21","20:09:42","Clear","Dry","Dark","0.0","22.9","3200","57232","23.8","34%","27.8","","Opened","7.394","38","Safe","Calm","5.9","67","17.3","9.4","1000.6","1012.2"
"2026-09-21","20:09:52","Clear","Dry","Dark","0.0","22.9","3200","57232","23.8","34%","27.8","","Opened","7.573","38","Safe","Calm","5.5","67","17.3","9.4","1000.6","1012.2"
"2026-09-21","20:10:02","Clear","Dry","Dark","0.1","22.9","3200","57232","23.8","34%","27.8","","Opened","7.363","38","Safe","Calm","5.5","67","17.3","9.5","1000.8","1012.3"
"2026-09-21","20:10:13","Clear","Dry","Dark","0.0","22.8","3200","57232","23.8","34%","27.8","","Opened","8.060","38","Safe","Calm","5.2","67","17.3","9.3","1000.6","1012.2"
"2026-09-21","20:10:22","Clear","Dry","Dark","0.0","22.8","3200","57232","23.8","34%","27.8","","Opened","7.360","38","Safe","Calm","5.4","67","17.2","9.3","1000.6","1012.2"
"2026-09-21","20:10:32","Clear","Dry","Dark","0.1","22.8","3200","57232","23.8","34%","27.8","","Opened","7.331","38","Safe","Calm","5.4","67","17.3","9.5","1000.7","1012.3"
"2026-09-21","20:10:42","Clear","Dry","Dark","0.0","22.8","3200","57232","23.8","34%","27.7","","Opened","7.292","38","Safe","Calm","5.2","67","17.3","9.3","1000.8","1012.3"
"2026-09-21","20:10:52","Clear","Dry","Dark","0.1","22.8","3200","57232","23.8","34%","27.7","","Opened","8.045","38","Safe","Calm","5.8","67","17.3","9.4","1000.6","1012.2"
"2026-09-21","20:11:02","Clear","Dry","Dark","0.1","22.8","3200","57232","23.8","34%","27.7","","Opened","7.337","38","Safe","Calm","5.8","67","17.3","9.4","1000.7","1012.3"
"2026-09-21","20:11:12","Clear","Dry","Dark","0.1","22.8","3200","57232","23.8","34%","27.6","","Opened","7.459","38","Safe","Calm","5.9","67","17.3","9.4","1000.7","1012.3"
"2026-09-21","20:11:22","Clear","Dry","Dark","0.0","22.8","3200","57232","23.7","34%","27.7","","Opened","7.318","38","Safe","Calm","5.8","67","17.3","9.3","1000.7","1012.3"
"2026-09-21","20:11:32","Clear","Dry","Dark","-0.1","22.8","3200","57232","23.8","34%","27.7","","Opened","7.340","38","Safe","Calm","5.7","67","17.3","9.3","1000.8","1012.3"
"2026-09-21","20:11:42","Clear","Dry","Dark","0.1","22.8","3200","57232","23.7","34%","27.7","","Opened","7.339","38","Safe","Calm","6.1","67","17.3","9.4","1000.7","1012.3"
"2026-09-21","20:11:52","Clear","Dry","Dark","-0.1","22.8","3200","57232","23.7","34%","27.7","","Opened","7.684","38","Safe","Calm","5.7","67","17.3","9.2","1000.7","1012.3"
"2026-09-21","20:12:02","Clear","Dry","Dark","0.0","22.8","3200","57232","23.7","34%","27.7","","Opened","7.392","38","Safe","Calm","5.5","67","17.3","9.3","1000.7","1012.3"
"2026-09-21","20:12:12","Clear","Dry","Dark","0.0","22.8","3200","57232","23.7","34%","27.7","","Opened","7.377","38","Safe","Calm","5.5","67","17.3","9.3","1000.8","1012.3"
"2026-09-21","20:12:22","Clear","Dry","Dark","0.1","22.8","3200","57232","23.7","34%","27.7","","Opened","7.380","38","Safe","Calm","5.8","67","17.2","9.4","1000.7","1012.3"
"2026-09-21","20:12:32","Clear","Dry","Dark","0.0","22.8","3200","57232","23.7","34%","27.7","","Opened","7.338","38","Safe","Calm","5.7","67","17.3","9.3","1000.7","1012.3"
"2026-09-21","20:12:42","Clear","Dry","Dark","0.0","22.7","3200","57232","23.7","34%","27.7","","Opened","7.322","38","Safe","Calm","5.1","67","17.3","9.3","1000.7","1012.3"
"2026-09-21","20:12:52","Clear","Dry","Dark","0.1","22.7","3200","57232","23.7","34%","27.6","","Opened","7.666","38","Safe","Calm","5.2","67","17.3","9.3","1000.8","1012.4"
"2026-09-21","20:13:02","Clear","Dry","Dark","0.0","22.7","3200","57232","23.7","34%","27.6","","Opened","7.366","38","Safe","Calm","5.4","67","17.3","9.3","1000.8","1012.3"
"2026-09-21","20:13:12","Clear","Dry","Dark","0.0","22.7","3200","57232","23.7","34%","27.6","","Opened","7.358","38","Safe","Calm","5.2","67","17.3","9.3","1000.9","1012.5"
"2026-09-21","20:13:22","Clear","Dry","Dark","0.1","22.7","3200","57232","23.7","34%","27.6","","Opened","7.386","38","Safe","Calm","5.1","67","17.3","9.3","1000.8","1012.3"
"2026-09-21","20:13:32","Clear","Dry","Dark","0.1","22.7","3200","57232","23.7","34%","27.6","","Opened","7.306","38","Safe","Calm","5.0","67","17.3","9.3","1000.6","1012.2"
"2026-09-21","20:13:42","Clear","Dry","Dark","0.1","22.7","3200","57232","23.7","34%","27.6","","Opened","7.393","38","Safe","Calm","5.1","67","17.2","9.3","1000.7","1012.3"
"2026-09-21","20:13:52","Clear","Dry","Dark","0.0","22.7","3200","57232","23.7","34%","27.6","","Opened","7.624","38","Safe","Calm","5.2","67","17.3","9.2","1000.8","1012.3"
"2026-09-21","20:14:02","Clear","Dry","Dark","0.0","22.7","3200","57232","23.6","34%","27.6","","Opened","7.397","38","Safe","Calm","5.1","67","17.3","9.3","1000.7","1012.3"
"2026-09-21","20:14:12","Clear","Dry","Dark","0.0","22.7","3200","57232","23.7","34%","27.6","","Opened","7.357","38","Safe","Calm","5.2","67","17.3","9.2","1000.8","1012.3"
"2026-09-21","20:14:22","Clear","Dry","Dark","0.0","22.7","3200","57232","23.6","34%","27.6","","Opened","7.309","38","Safe","Calm","5.1","67","17.2","9.2","1000.7","1012.3"
"2026-09-21","20:14:32","Clear","Dry","Dark","0.0","22.7","3200","57232","23.6","34%","27.6","","Opened","7.434","38","Safe","Calm","5.1","67","17.2","9.2","1000.8","1012.3"
"2026-09-21","20:14:42","Clear","Dry","Dark","-0.1","22.7","3200","57232","23.6","34%","27.6","","Opened","7.406","38","Safe","Calm","5.2","67","17.2","9.2","1000.8","1012.4"
"2026-09-21","20:14:52","Clear","Dry","Dark","0.1","22.7","3200","57232","23.6","34%","27.6","","Opened","7.583","38","Safe","Calm","5.0","68","17.3","9.4","1000.8","1012.3"
"2026-09-21","20:15:02","Clear","Dry","Dark","0.1","22.6","3200","57232","23.6","34%","27.6","","Opened","7.344","38","Safe","Calm","5.1","68","17.2","9.4","1000.8","1012.4"
"2026-09-21","20:15:12","Clear","Dry","Dark","0.1","22.6","3200","57232","23.6","34%","27.5","","Opened","7.305","38","Safe","Calm","5.1","68","17.3","9.3","1000.8","1012.3"
"2026-09-21","20:15:22","Clear","Dry","Dark","0.1","22.6","3200","57232","23.6","34%","27.6","","Opened","7.472","38","Safe","Calm","5.4","68","17.2","9.3","1000.8","1012.3"
"2026-09-21","20:15:32","Clear","Dry","Dark","0.1","22.6","3200","57232","23.6","34%","27.6","","Opened","7.343","38","Safe","Calm","5.9","68","17.3","9.3","1000.7","1012.3"
"2026-09-21","20:15:42","Clear","Dry","Dark","0.1","22.6","3200","57232","23.6","34%","27.5","","Opened","7.316","38","Safe","Calm","5.8","68","17.2","9.3","1000.8","1012.3"
"2026-09-21","20:15:52","Clear","Dry","Dark","0.2","22.6","3200","57232","23.6","34%","27.6","","Opened","7.595","38","Safe","Calm","6.2","68","17.2","9.4","1000.8","1012.3"
"2026-09-21","20:16:02","Clear","Dry","Dark","0.1","22.6","3200","57232","23.6","34%","27.6","","Opened","7.421","38","Safe","Calm","5.9","68","17.2","9.3","1000.8","1012.3"
"2026-09-21","20:16:12","Clear","Dry","Dark","0.2","22.6","3200","57232","23.5","34%","27.7","","Opened","7.415","38","Safe","Calm","5.9","68","17.2","9.4","1000.9","1012.5"
"2026-09-21","20:16:22","Clear","Dry","Dark","0.3","22.6","3200","57232","23.6","34%","27.6","","Opened","7.289","38","Safe","Calm","5.7","68","17.2","9.5","1000.9","1012.5"
"2026-09-21","20:16:32","Clear","Dry","Dark","0.2","22.6","3200","57232","23.5","34%","27.7","","Opened","7.384","38","Safe","Calm","5.5","68","17.2","9.4","1000.8","1012.3"
"2026-09-21","20:16:42","Clear","Dry","Dark","0.3","22.6","3200","57232","23.5","34%","27.5","","Opened","7.400","38","Safe","Calm","5.8","68","17.2","9.4","1000.8","1012.3"
"2026-09-21","20:16:52","Clear","Dry","Dark","0.1","22.6","3200","57232","23.5","34%","27.5","","Opened","7.591","38","Safe","Calm","5.5","68","17.2","9.3","1000.8","1012.3"
"2026-09-21","20:17:02","Clear","Dry","Dark","0.1","22.6","3200","57232","23.5","34%","27.6","","Opened","7.347","38","Safe","Calm","5.5","68","17.2","9.3","1000.8","1012.4"
"2026-09-21","20:17:12","Clear","Dry","Dark","0.1","22.6","3200","57232","23.5","34%","27.5","","Opened","7.301","38","Safe","Calm","5.5","68","17.2","9.2","1000.8","1012.4"
"2026-09-21","20:17:22","Clear","Dry","Dark","0.2","22.6","3200","57232","23.5","34%","27.6","","Opened","7.379","38","Safe","Calm","5.5","68","17.2","9.3","1000.8","1012.4"
"2026-09-21","20:17:32","Clear","Dry","Dark","0.1","22.5","3200","57232","23.5","34%","27.6","","Opened","7.431","38","Safe","Calm","4.5","68","17.2","9.2","1000.9","1012.5"
"2026-09-21","20:17:42","Clear","Dry","Dark","0.2","22.5","3200","57232","23.5","34%","27.7","","Opened","7.281","38","Safe","Calm","4.0","68","17.2","9.3","1000.8","1012.3"
"2026-09-21","20:17:52","Clear","Dry","Dark","0.1","22.5","3200","57232","23.5","34%","27.8","","Opened","7.653","38","Safe","Calm","3.1","68","17.2","9.3","1000.8","1012.3"
"2026-09-21","20:18:02","Clear","Dry","Dark","0.1","22.5","3200","57232","23.5","34%","27.8","Heating DOWN","Opened","7.502","38","Safe","Calm","2.3","68","17.1","9.2","1000.8","1012.3"
"2026-09-21","20:18:12","Clear","Dry","Dark","0.2","22.5","3200","57232","23.5","33%","27.8","Heating DOWN","Opened","7.424","38","Safe","Calm","1.4","68","17.1","9.4","1000.8","1012.3"
"2026-09-21","20:18:22","Clear","Dry","Dark","0.2","22.5","3328","57232","23.5","32%","27.8","Heating DOWN","Opened","7.470","38","Safe","Calm","1.4","68","17.2","9.4","1000.8","1012.3"
"2026-09-21","20:18:32","Clear","Dry","Dark","0.2","22.5","3200","57232","23.5","31%","27.7","","Opened","7.340","38","Safe","Calm","2.3","68","17.2","9.3","1000.8","1012.3"
"2026-09-21","20:18:42","Clear","Dry","Dark","0.1","22.5","3200","57232","23.5","31%","27.7","","Opened","7.351","38","Safe","Calm","2.5","68","17.2","9.3","1000.8","1012.4"
"2026-09-21","20:18:52","Clear","Dry","Dark","0.2","22.5","3200","57232","23.5","31%","27.6","","Opened","7.571","38","Safe","Calm","3.3","68","17.2","9.4","1000.8","1012.3"
"2026-09-21","20:19:02","Clear","Dry","Dark","0.2","22.5","3200","57232","23.5","31%","27.6","","Opened","7.291","38","Safe","Calm","4.0","68","17.2","9.4","1000.8","1012.3"
"2026-09-21","20:19:12","Clear","Dry","Dark","0.2","22.5","3200","57232","23.5","31%","27.5","","Opened","7.397","38","Safe","Calm","4.8","68","17.2","9.3","1000.8","1012.3"
"2026-09-21","20:19:22","Clear","Dry","Dark","0.2","22.4","3200","57232","23.4","31%","27.4","","Opened","7.472","38","Safe","Calm","4.8","68","17.2","9.3","1000.8","1012.4"
"2026-09-21","20:19:32","Clear","Dry","Dark","0.2","22.5","3200","57232","23.5","31%","27.4","","Opened","7.354","38","Safe","Calm","4.7","68","17.2","9.3","1000.8","1012.4"
"2026-09-21","20:19:42","Clear","Dry","Dark","0.2","22.5","3200","57232","23.4","31%","27.4","","Opened","7.280","38","Safe","Calm","4.5","68","17.2","9.3","1000.8","1012.3"
"2026-09-21","20:19:52","Clear","Dry","Dark","0.3","22.5","3200","57232","23.4","31%","27.5","","Opened","7.516","38","Safe","Calm","4.5","68","17.1","9.4","1000.8","1012.3"
"2026-09-21","20:20:02","Clear","Dry","Dark","0.1","22.4","3200","57232","23.4","31%","27.5","","Opened","7.294","38","Safe","Calm","4.4","68","17.1","9.2","1000.8","1012.3"
"2026-09-21","20:20:12","Clear","Dry","Dark","0.4","22.4","3200","57232","23.4","31%","27.4","","Opened","7.291","38","Safe","Calm","4.5","68","17.1","9.5","1000.9","1012.5"
"2026-09-21","20:20:22","Clear","Dry","Dark","0.2","22.4","3200","57232","23.4","31%","27.4","","Opened","7.777","38","Safe","Calm","4.5","68","17.1","9.3","1000.8","1012.4"
"2026-09-21","20:20:32","Clear","Dry","Dark","0.3","22.5","3200","57232","23.4","31%","27.3","","Opened","7.497","38","Safe","Calm","4.7","68","17.2","9.5","1000.9","1012.5"
"2026-09-21","20:20:42","Clear","Dry","Dark","0.3","22.4","3200","57232","23.4","31%","27.3","","Opened","7.560","38","Safe","Calm","4.8","68","17.2","9.4","1000.8","1012.4"
"2026-09-21","20:20:52","Clear","Dry","Dark","0.4","22.4","3200","57232","23.4","31%","27.3","","Opened","7.714","38","Safe","Calm","4.7","68","17.2","9.5","1000.9","1012.5"
"2026-09-21","20:21:02","Clear","Dry","Dark","0.3","22.4","3200","57232","23.4","31%","27.3","","Opened","7.413","38","Safe","Calm","4.7","68","17.1","9.4","1000.8","1012.4"
"2026-09-21","20:21:12","Clear","Dry","Dark","0.4","22.4","3200","57232","23.4","31%","27.3","","Opened","7.405","38","Safe","Calm","4.5","68","17.1","9.5","1000.8","1012.4"
"2026-09-21","20:21:22","Clear","Dry","Dark","0.5","22.4","3200","57232","23.3","31%","27.3","","Opened","7.364","38","Safe","Calm","4.4","68","17.1","9.6","1000.8","1012.3"
"2026-09-21","20:21:32","Clear","Dry","Dark","0.4","22.4","3200","57232","23.4","31%","27.3","","Opened","7.322","38","Safe","Calm","4.1","68","17.1","9.5","1000.8","1012.3"
"2026-09-21","20:21:42","Clear","Dry","Dark","0.5","22.4","3200","57232","23.3","31%","27.3","","Opened","7.315","38","Safe","Calm","4.1","68","17.1","9.6","1000.8","1012.4"
"2026-09-21","20:21:52","Clear","Dry","Dark","0.4","22.4","3200","57232","23.4","31%","27.2","","Opened","7.733","38","Safe","Calm","4.1","68","17.1","9.5","1000.9","1012.5"
"2026-09-21","20:22:02","Clear","Dry","Dark","0.4","22.4","3200","57232","23.4","31%","27.2","","Opened","7.275","38","Safe","Calm","4.3","68","17.1","9.5","1000.8","1012.4"
"2026-09-21","20:22:12","Clear","Dry","Dark","0.5","22.4","3200","57232","23.4","31%","27.2","","Opened","7.385","38","Safe","Calm","4.3","68","17.1","9.6","1000.8","1012.4"
"2026-09-21","20:22:22","Clear","Dry","Dark","0.5","22.4","3200","57232","23.3","31%","27.2","","Opened","7.393","38","Safe","Calm","4.3","68","17.1","9.5","1000.8","1012.4"
"2026-09-21","20:22:32","Clear","Dry","Dark","0.4","22.4","3200","57232","23.3","31%","27.3","","Opened","7.370","38","Safe","Calm","4.3","68","17.1","9.5","1000.8","1012.4"
"2026-09-21","20:22:42","Clear","Dry","Dark","0.4","22.4","3200","57232","23.4","31%","27.3","","Opened","7.341","38","Safe","Calm","3.5","68","17.1","9.5","1000.8","1012.4"
"2026-09-21","20:22:52","Clear","Dry","Dark","0.5","22.4","3200","57232","23.4","31%","27.3","","Opened","7.616","38","Safe","Calm","2.8","68","17.1","9.5","1000.8","1012.4"
"2026-09-21","20:23:02","Clear","Dry","Dark","0.5","22.4","3200","57232","23.4","31%","27.3","","Opened","7.454","38","Safe","Calm","2.1","68","17.1","9.6","1000.8","1012.4"
"2026-09-21","20:23:12","Clear","Dry","Dark","0.4","22.4","3200","57232","23.4","31%","27.3","","Opened","7.342","38","Safe","Calm","1.9","68","17.1","9.5","1000.9","1012.5"
"2026-09-21","20:23:22","Clear","Dry","Dark","0.4","22.4","3200","57232","23.4","31%","27.4","","Opened","7.304","38","Safe","Calm","1.3","68","17.1","9.5","1000.9","1012.5"
"2026-09-21","20:23:32","Clear","Dry","Dark","0.5","22.4","3200","57232","23.3","31%","27.4","","Opened","7.299","38","Safe","Calm","1.3","68","17.1","9.6","1000.9","1012.5"
"2026-09-21","20:23:42","Clear","Dry","Dark","0.6","22.4","3200","57232","23.3","31%","27.3","","Opened","7.328","38","Safe","Calm","2.2","68","17.1","9.6","1000.9","1012.5"
"2026-09-21","20:23:52","Clear","Dry","Dark","0.6","22.4","3200","57232","23.3","31%","27.2","","Opened","7.524","38","Safe","Calm","3.1","68","17.1","9.7","1000.8","1012.4"
"2026-09-21","20:24:02","Clear","Dry","Dark","0.5","22.4","3200","57232","23.4","31%","27.2","","Opened","7.358","38","Safe","Calm","3.8","68","17.1","9.6","1000.9","1012.5"
"2026-09-21","20:24:12","Clear","Dry","Dark","0.6","22.4","3200","57232","23.3","31%","27.3","","Opened","7.363","38","Safe","Calm","3.8","68","17.1","9.7","1000.9","1012.5"
"2026-09-21","20:24:22","Clear","Dry","Dark","0.7","22.4","3200","57232","23.4","31%","27.2","","Opened","7.390","38","Safe","Calm","5.0","68","17.1","9.8","1000.9","1012.5"
"2026-09-21","20:24:32","Clear","Dry","Dark","0.6","22.4","3200","57232","23.4","31%","27.2","","Opened","7.347","38","Safe","Calm","5.2","68","17.1","9.7","1000.9","1012.5"
"2026-09-21","20:24:42","Clear","Dry","Dark","0.7","22.4","3200","57232","23.3","31%","27.2","","Opened","7.329","38","Safe","Calm","5.1","68","17.1","9.7","1000.9","1012.5"
"2026-09-21","20:24:52","Clear","Dry","Dark","0.7","22.5","3200","57232","23.3","31%","27.2","","Opened","7.637","38","Safe","Calm","5.1","68","17.1","9.8","1000.9","1012.5"
"2026-09-21","20:25:02","Clear","Dry","Dark","0.8","22.5","3200","57232","23.3","31%","27.2","","Opened","7.401","38","Safe","Calm","5.4","68","17.1","9.9","1000.9","1012.5"
"2026-09-21","20:25:12","Clear","Dry","Dark","0.7","22.5","3200","57232","23.4","31%","27.2","","Opened","7.400","38","Safe","Calm","5.8","68","17.1","9.8","1000.9","1012.5"
"2026-09-21","20:25:22","Clear","Dry","Dark","0.7","22.5","3200","57232","23.4","31%","27.1","","Opened","7.367","38","Safe","Calm","5.5","68","17.1","9.8","1000.9","1012.5"
"2026-09-21","20:25:32","Clear","Dry","Dark","0.8","22.5","3200","57232","23.4","31%","27.1","","Opened","7.359","38","Safe","Calm","5.5","68","17.1","9.9","1000.9","1012.5"
"2026-09-21","20:25:42","Clear","Dry","Dark","0.8","22.5","3200","57232","23.4","31%","27.1","","Opened","7.355","38","Safe","Calm","5.7","68","17.1","9.9","1000.9","1012.5"
"2026-09-21","20:25:52","Clear","Dry","Dark","0.8","22.5","3200","57232","23.4","31%","27.1","","Opened","7.579","38","Safe","Calm","5.5","68","17.1","9.8","1000.9","1012.5"
"2026-09-21","20:26:02","Clear","Dry","Dark","0.6","22.5","3200","57232","23.4","31%","27.1","","Opened","7.338","38","Safe","Calm","5.4","68","17.1","9.7","1000.9","1012.5"
"2026-09-21","20:26:12","Clear","Dry","Dark","0.8","22.6","3200","57232","23.4","31%","27.1","Heating UP","Opened","7.416","38","Safe","Calm","5.4","68","17.1","9.9","1000.9","1012.5"
"2026-09-21","20:26:22","Clear","Dry","Dark","0.9","22.6","3312","57232","23.4","32%","27.1","","Opened","7.351","38","Safe","Calm","5.2","68","17.1","10.0","1000.9","1012.5"
"2026-09-21","20:26:32","Clear","Dry","Dark","0.6","22.6","3328","57232","23.4","32%","27.2","","Opened","7.291","38","Safe","Calm","5.0","68","17.1","9.7","1000.9","1012.5"
"2026-09-21","20:26:42","Clear","Dry","Dark","0.6","22.5","3328","57232","23.4","32%","27.3","","Opened","7.310","38","Safe","Calm","4.0","68","17.1","9.7","1000.9","1012.5"
"2026-09-21","20:26:52","Clear","Dry","Dark","0.7","22.5","3328","57232","23.4","32%","27.4","","Opened","7.715","38","Safe","Calm","4.0","68","17.1","9.8","1000.9","1012.5"
"2026-09-21","20:27:02","Clear","Dry","Dark","0.7","22.5","3328","57232","23.4","32%","27.4","","Opened","7.351","38","Safe","Calm","3.9","68","17.1","9.8","1000.9","1012.5"
"2026-09-21","20:27:12","Clear","Dry","Dark","0.7","22.5","3328","57232","23.4","32%","27.4","","Opened","7.309","38","Safe","Calm","3.5","68","17.1","9.8","1001.0","1012.6"
"2026-09-21","20:27:22","Clear","Dry","Dark","0.9","22.5","3328","57232","23.4","32%","27.5","","Opened","7.328","38","Safe","Calm","3.5","68","17.1","10.0","1000.9","1012.5"
"2026-09-21","20:27:32","Clear","Dry","Dark","0.9","22.5","3328","57232","23.4","32%","27.4","","Opened","7.356","38","Safe","Calm","4.0","68","17.1","10.0","1000.9","1012.5"
"2026-09-21","20:27:42","Clear","Dry","Dark","0.8","22.6","3328","57232","23.4","32%","27.3","","Opened","7.344","38","Safe","Calm","5.0","68","17.1","9.9","1000.9","1012.5"
"2026-09-21","20:27:52","Clear","Dry","Dark","0.6","22.6","3328","57232","23.4","32%","27.3","","Opened","7.555","38","Safe","Calm","5.0","68","17.1","9.7","1000.9","1012.5"
"2026-09-21","20:28:02","Clear","Dry","Dark","0.5","22.6","3328","57232","23.4","32%","27.4","","Opened","7.392","38","Safe","Calm","5.1","68","17.1","9.6","1000.9","1012.5"
"2026-09-21","20:28:12","Clear","Dry","Dark","0.7","22.6","3328","57232","23.4","32%","27.4","","Opened","7.394","38","Safe","Calm","5.4","68","17.1","9.8","1000.9","1012.5"
"2026-09-21","20:28:22","Clear","Dry","Dark","0.4","22.6","3328","57232","23.4","32%","27.4","","Opened","7.310","38","Safe","Calm","5.4","68","17.1","9.6","1000.9","1012.5"
"2026-09-21","20:28:32","Clear","Dry","Dark","0.5","22.5","3328","57232","23.4","32%","27.4","","Opened","7.402","38","Safe","Calm","4.8","68","17.1","9.6","1000.9","1012.5"
"2026-09-21","20:28:42","Clear","Dry","Dark","0.6","22.5","3328","57232","23.4","32%","27.5","","Opened","7.357","38","Safe","Calm","4.5","68","17.1","9.7","1000.9","1012.5"
"2026-09-21","20:28:52","Clear","Dry","Dark","0.6","22.5","3328","57232","23.4","32%","27.5","","Opened","7.604","38","Safe","Calm","4.5","68","17.1","9.7","1000.9","1012.5"
"2026-09-21","20:29:02","Clear","Dry","Dark","0.6","22.5","3328","57232","23.4","32%","27.5","","Opened","7.338","38","Safe","Calm","4.5","68","17.1","9.8","1000.9","1012.5"
"2026-09-21","20:29:12","Clear","Dry","Dark","0.9","22.5","3328","57232","23.4","32%","27.5","","Opened","7.332","38","Safe","Calm","4.8","68","17.1","10.0","1000.9","1012.5"
"2026-09-21","20:29:22","Clear","Dry","Dark","0.5","22.5","3328","57232","23.4","32%","27.4","","Opened","7.287","38","Safe","Calm","4.8","68","17.1","9.6","1000.9","1012.5"
"2026-09-21","20:29:32","Clear","Dry","Dark","0.5","22.5","3328","57232","23.4","32%","27.4","","Opened","7.404","38","Safe","Calm","4.8","68","17.1","9.6","1000.9","1012.5"
"2026-09-21","20:29:42","Clear","Dry","Dark","0.5","22.5","3327","57232","23.4","32%","27.4","","Opened","7.375","38","Safe","Calm","4.2","68","17.1","9.6","1000.9","1012.5"
"2026-09-21","20:29:52","Clear","Dry","Dark","0.5","22.5","3328","57232","23.4","32%","27.5","","Opened","7.603","38","Safe","Calm","3.4","68","17.1","9.6","1000.9","1012.5"
"2026-09-21","20:30:02","Clear","Dry","Dark","0.6","22.5","3264","57232","23.4","32%","27.5","","Opened","7.291","38","Safe","Calm","3.4","68","17.1","9.7","1000.8","1012.4"
"2026-09-21","20:30:12","Clear","Dry","Dark","0.4","22.5","3328","57232","23.4","32%","27.5","","Opened","7.431","38","Safe","Calm","2.8","68","17.1","9.5","1000.9","1012.5"
"2026-09-21","20:30:22","Clear","Dry","Dark","0.5","22.5","3328","57232","23.4","32%","27.5","","Opened","7.384","38","Safe","Calm","2.8","68","17.1","9.6","1001.0","1012.6"
"2026-09-21","20:30:32","Clear","Dry","Dark","0.5","22.5","3328","57232","23.4","32%","27.5","","Opened","7.379","38","Safe","Calm","3.0","68","17.1","9.6","1000.9","1012.5"
"2026-09-21","20:30:42","Clear","Dry","Dark","0.4","22.5","3328","57232","23.4","32%","27.5","","Opened","7.340","38","Safe","Calm","3.6","68","17.1","9.5","1000.9","1012.5"
"2026-09-21","20:30:52","Clear","Dry","Dark","0.4","22.5","3328","57232","23.4","32%","27.5","","Opened","7.962","38","Safe","Calm","4.3","68","17.1","9.5","1001.0","1012.6"
"2026-09-21","20:31:02","Clear","Dry","Dark","0.5","22.4","3328","57232","23.4","32%","27.5","","Opened","7.549","38","Safe","Calm","3.5","68","17.1","9.6","1000.8","1012.4"
"2026-09-21","20:31:12","Clear","Dry","Dark","0.3","22.4","3328","57232","23.4","32%","27.5","","Opened","7.325","38","Safe","Calm","2.8","68","17.1","9.4","1000.9","1012.5"
"2026-09-21","20:31:22","Clear","Dry","Dark","0.3","22.4","3264","57232","23.4","32%","27.6","","Opened","7.419","38","Safe","Calm","2.1","68","17.1","9.4","1000.9","1012.5"
"2026-09-21","20:31:32","Clear","Dry","Dark","0.2","22.4","3328","57232","23.4","32%","27.6","","Opened","7.372","38","Safe","Calm","1.3","68","17.1","9.3","1000.9","1012.5"
"2026-09-21","20:31:42","Clear","Dry","Dark","0.3","22.4","3328","57232","23.4","32%","27.6","","Opened","7.420","38","Safe","Calm","0.6","68","17.1","9.4","1000.8","1012.4"
"2026-09-21","20:31:52","Clear","Dry","Dark","0.2","22.4","3328","57232","23.4","32%","27.6","","Opened","7.747","38","Safe","Calm","0.0","68","17.1","9.3","1000.9","1012.5"
"2026-09-21","20:32:02","Clear","Dry","Dark","0.3","22.3","3328","57232","23.4","32%","27.7","Heating DOWN","Opened","7.602","38","Safe","Calm","0.0","68","17.1","9.4","1000.9","1012.5"
"2026-09-21","20:32:12","Clear","Dry","Dark","0.2","22.3","3200","57232","23.4","31%","27.7","Heating DOWN","Opened","7.599","38","Safe","Calm","0.0","68","17.1","9.3","1000.9","1012.5"
"2026-09-21","20:32:22","Clear","Dry","Dark","0.3","22.3","3200","57232","23.4","30%","27.7","Heating DOWN","Opened","7.628","38","Safe","Calm","0.0","68","17.1","9.4","1001.0","1012.6"
"2026-09-21","20:32:32","Clear","Dry","Dark","0.3","22.3","3200","57232","23.4","30%","27.7","Heating DOWN","Opened","7.503","38","Safe","Calm","0.0","68","17.1","9.4","1000.9","1012.5"
"2026-09-21","20:32:42","Clear","Dry","Dark","0.3","22.3","3328","57232","23.4","29%","27.6","","Opened","7.683","38","Safe","Calm","0.0","68","17.0","9.4","1000.9","1012.5"
"2026-09-21","20:32:52","Clear","Dry","Dark","0.3","22.3","3328","57232","23.4","29%","27.5","","Opened","7.961","38","Safe","Calm","0.6","68","17.1","9.4","1000.9","1012.5"
"2026-09-21","20:33:02","Clear","Dry","Dark","0.2","22.3","3328","57232","23.4","29%","27.5","","Opened","7.416","38","Safe","Calm","1.3","68","17.1","9.3","1000.9","1012.5"
"2026-09-21","20:33:12","Clear","Dry","Dark","0.3","22.3","3200","57232","23.3","29%","27.4","","Opened","7.507","38","Safe","Calm","1.9","68","17.0","9.4","1000.8","1012.4"
"2026-09-21","20:33:22","Clear","Dry","Dark","0.3","22.3","3328","57232","23.3","29%","27.4","","Opened","7.400","38","Safe","Calm","2.6","68","17.0","9.3","1000.9","1012.5"
"2026-09-21","20:33:32","Clear","Dry","Dark","0.5","22.3","3328","57232","23.3","29%","27.3","","Opened","7.462","38","Safe","Calm","3.3","68","17.0","9.5","1000.9","1012.5"
"2026-09-21","20:33:42","Clear","Dry","Dark","0.2","22.3","3328","57232","23.3","29%","27.2","","Opened","7.558","38","Safe","Calm","4.1","68","17.0","9.3","1000.9","1012.5"
"2026-09-21","20:33:52","Clear","Dry","Dark","0.3","22.3","3328","57232","23.3","29%","27.1","","Opened","7.880","38","Safe","Calm","4.3","68","17.1","9.4","1000.9","1012.5"
"2026-09-21","20:34:02","Clear","Dry","Dark","0.2","22.3","3200","57232","23.3","29%","27.1","","Opened","7.481","38","Safe","Calm","4.3","68","17.1","9.3","1000.9","1012.5"
"2026-09-21","20:34:12","Clear","Dry","Dark","0.3","22.2","3200","57232","23.3","29%","27.1","","Opened","7.480","38","Safe","Calm","4.4","68","17.0","9.4","1000.9","1012.5"
"2026-09-21","20:34:22","Clear","Dry","Dark","0.2","22.2","3200","57232","23.3","29%","27.1","","Opened","7.337","38","Safe","Calm","4.4","68","17.0","9.3","1000.9","1012.5"
"2026-09-21","20:34:32","Clear","Dry","Dark","0.3","22.2","3200","57232","23.3","29%","27.1","","Opened","7.505","38","Safe","Calm","4.3","68","17.0","9.3","1000.9","1012.5"
"2026-09-21","20:34:42","Clear","Dry","Dark","0.4","22.2","3200","57232","23.3","29%","27.1","","Opened","7.492","38","Safe","Calm","4.3","68","17.0","9.5","1000.9","1012.5"
"2026-09-21","20:34:52","Clear","Dry","Dark","0.3","22.2","3200","57232","23.3","29%","27.0","","Opened","7.844","38","Safe","Calm","4.3","68","17.0","9.3","1000.9","1012.5"
"2026-09-21","20:35:02","Clear","Dry","Dark","0.4","22.2","3200","57232","23.3","29%","27.0","","Opened","7.448","38","Safe","Calm","4.4","68","17.0","9.4","1000.9","1012.5"
"2026-09-21","20:35:12","Clear","Dry","Dark","0.5","22.2","3200","57232","23.2","29%","26.9","Heating UP","Opened","7.573","38","Safe","Calm","4.3","68","17.0","9.5","1000.9","1012.5"
"2026-09-21","20:35:22","Clear","Dry","Dark","0.3","22.2","3200","57232","23.3","30%","26.9","Heating UP","Opened","7.570","38","Safe","Calm","4.3","68","17.1","9.3","1000.9","1012.5"
"2026-09-21","20:35:32","Clear","Dry","Dark","0.4","22.2","3200","57232","23.2","30%","26.9","Heating UP","Opened","7.616","38","Safe","Calm","4.3","68","17.0","9.4","1000.9","1012.5"
"2026-09-21","20:35:42","Clear","Dry","Dark","0.4","22.2","3200","57232","23.2","31%","26.9","Heating UP","Opened","7.511","38","Safe","Calm","4.1","68","17.0","9.4","1000.9","1012.5"
"2026-09-21","20:35:52","Clear","Dry","Dark","0.3","22.2","3200","57232","23.3","32%","27.0","","Opened","7.906","38","Safe","Calm","4.3","68","17.1","9.3","1000.9","1012.5"
"2026-09-21","20:36:02","Clear","Dry","Dark","0.4","22.2","3328","57232","23.2","32%","27.0","","Opened","7.508","38","Safe","Calm","4.5","68","17.0","9.5","1000.9","1012.5"
"2026-09-21","20:36:12","Clear","Dry","Dark","0.4","22.2","3200","57232","23.2","32%","26.9","Heating UP","Opened","7.519","38","Safe","Calm","4.7","68","17.1","9.4","1000.9","1012.5"
"2026-09-21","20:36:22","Clear","Dry","Dark","0.4","22.2","3200","57232","23.2","33%","27.0","","Opened","7.458","38","Safe","Calm","5.0","68","17.0","9.4","1000.9","1012.5"
"2026-09-21","20:36:32","Clear","Dry","Dark","0.4","22.2","3200","57232","23.2","33%","27.0","","Opened","7.493","38","Safe","Calm","5.2","68","17.0","9.4","1001.0","1012.6"
"2026-09-21","20:36:43","Clear","Dry","Dark","0.4","22.2","3200","57232","23.2","33%","26.9","Heating UP","Opened","8.316","38","Safe","Calm","5.5","68","17.0","9.4","1000.9","1012.5"
"2026-09-21","20:36:53","Clear","Dry","Dark","0.4","22.2","3200","57232","23.2","34%","26.9","Heating UP","Opened","8.339","38","Safe","Calm","5.5","68","17.1","9.4","1000.9","1012.5"
"2026-09-21","20:37:02","Clear","Dry","Dark","0.4","22.2","3200","57232","23.2","35%","26.9","","Opened","7.285","38","Safe","Calm","5.2","68","17.1","9.4","1001.0","1012.6"
"2026-09-21","20:37:12","Clear","Dry","Dark","0.3","22.2","3200","57232","23.2","35%","27.0","","Opened","7.381","38","Safe","Calm","5.1","68","17.1","9.3","1000.9","1012.5"
"2026-09-21","20:37:22","Clear","Dry","Dark","0.4","22.2","3200","57232","23.1","35%","27.0","","Opened","7.549","38","Safe","Calm","5.0","68","17.0","9.3","1001.0","1012.6"
"2026-09-21","20:37:32","Clear","Dry","Dark","0.4","22.2","3200","57232","23.2","35%","27.0","","Opened","7.528","38","Safe","Calm","4.8","68","17.0","9.3","1000.9","1012.5"
"2026-09-21","20:37:42","Clear","Dry","Dark","0.4","22.2","3200","57232","23.1","35%","27.1","","Opened","7.366","38","Safe","Calm","4.7","68","17.0","9.3","1001.0","1012.6"
"2026-09-21","20:37:52","Clear","Dry","Dark","0.4","22.1","3200","57232","23.1","35%","27.1","","Opened","7.645","38","Safe","Calm","4.4","68","17.0","9.4","1001.0","1012.6"
"2026-09-21","20:38:02","Clear","Dry","Dark","0.4","22.1","3200","57232","23.1","35%","27.1","","Opened","7.358","38","Safe","Calm","4.4","69","17.0","9.3","1001.1","1012.7"
"2026-09-21","20:38:12","Clear","Dry","Dark","0.5","22.1","3200","57232","23.1","35%","27.1","","Opened","7.328","38","Safe","Calm","4.4","69","17.0","9.4","1001.0","1012.6"
"2026-09-21","20:38:22","Clear","Dry","Dark","0.4","22.1","3200","57232","23.1","35%","27.2","","Opened","7.374","38","Safe","Calm","4.3","69","17.0","9.3","1001.0","1012.6"
"2026-09-21","20:38:32","Clear","Dry","Dark","0.4","22.1","3200","57232","23.1","35%","27.2","","Opened","7.407","38","Safe","Calm","4.4","69","17.0","9.3","1001.1","1012.7"
"2026-09-21","20:38:42","Clear","Dry","Dark","0.4","22.1","3200","57232","23.1","35%","27.2","","Opened","7.303","38","Safe","Calm","4.3","69","17.0","9.3","1000.9","1012.5"
"2026-09-21","20:38:52","Clear","Dry","Dark","0.4","22.1","3200","57232","23.1","35%","27.3","","Opened","7.631","38","Safe","Calm","4.4","69","17.0","9.3","1001.0","1012.6"
"2026-09-21","20:39:02","Clear","Dry","Dark","0.4","22.1","3200","57232","23.1","35%","27.3","","Opened","7.416","38","Safe","Calm","4.3","69","17.0","9.3","1001.0","1012.6"
"2026-09-21","20:39:12","Clear","Dry","Dark","0.3","22.1","3200","57232","23.1","35%","27.3","","Opened","7.405","38","Safe","Calm","4.4","69","17.0","9.3","1001.0","1012.6"
"2026-09-21","20:39:22","Clear","Dry","Dark","0.4","22.1","3200","57232","23.1","35%","27.2","","Opened","7.384","38","Safe","Calm","4.5","69","17.1","9.3","1001.0","1012.6"
"2026-09-21","20:39:32","Clear","Dry","Dark","0.3","22.1","3200","57232","23.1","35%","27.3","","Opened","7.366","38","Safe","Calm","4.3","69","17.0","9.2","1001.0","1012.6"
"2026-09-21","20:39:42","Clear","Dry","Dark","0.3","22.0","3200","57232","23.1","35%","27.4","Heating DOWN","Opened","7.476","38","Safe","Calm","4.3","69","17.1","9.2","1000.9","1012.5"
"2026-09-21","20:39:52","Clear","Dry","Dark","0.3","22.0","3200","57232","23.1","34%","27.3","","Opened","7.796","38","Safe","Calm","4.3","69","17.1","9.3","1000.9","1012.5"
"2026-09-21","20:40:02","Clear","Dry","Dark","0.4","22.1","3200","57232","23.0","34%","27.3","","Opened","7.335","38","Safe","Calm","4.4","69","17.0","9.3","1000.9","1012.5"
"2026-09-21","20:40:12","Clear","Dry","Dark","0.3","22.1","3200","57232","23.1","34%","27.3","","Opened","7.293","38","Safe","Calm","4.3","69","17.1","9.2","1001.0","1012.6"
"2026-09-21","20:40:22","Clear","Dry","Dark","0.4","22.1","3200","57232","23.0","34%","27.3","","Opened","7.373","38","Safe","Calm","4.1","69","17.0","9.3","1000.9","1012.5"
"2026-09-21","20:40:32","Clear","Dry","Dark","0.3","22.1","3200","57232","23.1","34%","27.3","","Opened","7.338","38","Safe","Calm","3.5","69","17.1","9.3","1001.1","1012.7"
"2026-09-21","20:40:42","Clear","Dry","Dark","0.3","22.0","3200","57232","23.0","34%","27.3","","Opened","7.323","38","Safe","Calm","3.5","69","17.1","9.2","1000.9","1012.5"
"2026-09-21","20:40:52","Clear","Dry","Dark","0.3","22.0","3200","57232","23.0","34%","27.4","Heating DOWN","Opened","7.702","38","Safe","Calm","2.7","69","17.0","9.2","1001.1","1012.7"
"2026-09-21","20:41:02","Clear","Dry","Dark","0.4","22.0","3200","57232","23.0","33%","27.3","","Opened","7.396","38","Safe","Calm","1.9","69","17.1","9.3","1000.9","1012.5"
"2026-09-21","20:41:12","Clear","Dry","Dark","0.2","22.0","3200","57232","23.0","33%","27.4","Heating DOWN","Opened","7.477","38","Safe","Calm","1.3","69","17.0","9.1","1001.1","1012.7"
"2026-09-21","20:41:22","Clear","Dry","Dark","0.3","22.0","3328","57232","23.0","32%","27.5","Heating DOWN","Opened","7.476","38","Safe","Calm","1.4","69","17.0","9.2","1001.0","1012.6"
"2026-09-21","20:41:32","Clear","Dry","Dark","0.2","22.0","3200","57232","23.0","31%","27.4","","Opened","7.366","38","Safe","Calm","1.4","69","17.1","9.1","1001.0","1012.6"
"2026-09-21","20:41:42","Clear","Dry","Dark","0.3","22.0","3200","57232","23.0","31%","27.4","Heating DOWN","Opened","7.485","38","Safe","Calm","0.8","69","17.0","9.2","1000.9","1012.5"
"2026-09-21","20:41:52","Clear","Dry","Dark","0.3","22.0","3200","57232","23.0","30%","27.5","Heating DOWN","Opened","7.742","38","Safe","Calm","0.8","69","17.0","9.2","1000.9","1012.5"
"2026-09-21","20:42:02","Clear","Dry","Dark","0.2","22.0","3200","57232","23.0","30%","27.4","","Opened","7.278","38","Safe","Calm","0.8","69","17.0","9.1","1001.0","1012.6"
"2026-09-21","20:42:12","Clear","Dry","Dark","0.2","22.0","3200","57232","23.0","30%","27.4","Heating DOWN","Opened","7.512","38","Safe","Calm","0.8","69","17.0","9.1","1000.9","1012.5"
"2026-09-21","20:42:22","Clear","Dry","Dark","0.2","22.0","3200","57232","23.0","29%","27.4","Heating DOWN","Opened","7.416","38","Safe","Calm","0.0","69","17.0","9.1","1001.0","1012.6"
"2026-09-21","20:42:32","Clear","Dry","Dark","0.3","21.9","3200","57232","23.0","28%","27.4","Heating DOWN","Opened","7.437","38","Safe","Calm","0.0","69","17.0","9.1","1000.9","1012.5"
"2026-09-21","20:42:42","Clear","Dry","Dark","0.3","22.0","3200","57232","22.9","27%","27.3","","Opened","7.357","38","Safe","Calm","0.0","69","17.0","9.2","1001.0","1012.6"
"2026-09-21","20:42:52","Clear","Dry","Dark","0.3","22.0","3200","57232","23.0","27%","27.2","","Opened","7.587","38","Safe","Calm","0.0","69","17.0","9.1","1000.9","1012.5"
"2026-09-21","20:43:02","Clear","Dry","Dark","0.2","21.9","3200","57232","22.9","27%","27.1","","Opened","7.342","38","Safe","Calm","0.0","69","17.0","9.1","1001.0","1012.6"
"2026-09-21","20:43:12","Clear","Dry","Dark","0.2","21.9","3200","57232","23.0","27%","27.1","","Opened","7.295","38","Safe","Calm","0.0","69","17.0","9.1","1000.9","1012.5"
"2026-09-21","20:43:22","Clear","Dry","Dark","0.2","21.9","3200","57232","22.9","27%","27.1","","Opened","7.376","38","Safe","Calm","0.0","69","17.0","9.0","1000.9","1012.5"
"2026-09-21","20:43:32","Clear","Dry","Dark","0.2","21.9","3200","57232","22.9","27%","27.1","","Opened","7.349","38","Safe","Calm","0.0","69","17.0","9.1","1000.9","1012.5"
"2026-09-21","20:43:42","Clear","Dry","Dark","0.3","21.9","3200","57232","23.0","27%","27.1","","Opened","7.293","38","Safe","Calm","0.0","69","17.0","9.2","1000.9","1012.5"
"2026-09-21","20:43:52","Clear","Dry","Dark","0.2","21.9","3200","57232","22.9","27%","27.0","","Opened","7.641","38","Safe","Calm","0.0","69","17.0","9.0","1000.9","1012.5"
"2026-09-21","20:44:02","Clear","Dry","Dark","0.3","21.9","3200","57232","22.9","27%","26.9","","Opened","7.360","38","Safe","Calm","0.0","69","17.0","9.1","1001.0","1012.6"
"2026-09-21","20:44:12","Clear","Dry","Dark","0.2","21.9","3200","57232","22.9","27%","26.9","","Opened","7.335","38","Safe","Calm","0.0","69","17.0","9.0","1000.9","1012.5"
"2026-09-21","20:44:22","Clear","Dry","Dark","0.2","21.9","3200","57232","22.9","27%","27.0","","Opened","7.305","38","Safe","Calm","0.0","69","17.0","9.0","1000.9","1012.5"
"2026-09-21","20:44:32","Clear","Dry","Dark","0.3","21.8","3200","57232","22.9","27%","26.9","","Opened","7.439","38","Safe","Calm","0.0","69","17.0","9.1","1001.0","1012.6"
"2026-09-21","20:44:42","Clear","Dry","Dark","0.2","21.9","3200","57232","22.9","27%","26.9","","Opened","7.400","38","Safe","Calm","0.0","69","17.0","9.1","1000.9","1012.5"
"2026-09-21","20:44:52","Clear","Dry","Dark","0.3","21.9","3200","57232","22.9","27%","26.9","","Opened","7.688","38","Safe","Calm","0.0","69","17.0","9.1","1000.9","1012.5"
"2026-09-21","20:45:02","Clear","Dry","Dark","0.3","21.8","3200","57232","22.9","27%","26.8","","Opened","7.348","38","Safe","Calm","0.0","69","17.0","9.1","1001.0","1012.6"
"2026-09-21","20:45:12","Clear","Dry","Dark","0.2","21.8","3200","57232","22.9","27%","26.8","","Opened","7.319","38","Safe","Calm","0.0","69","17.0","9.0","1000.9","1012.5"
"2026-09-21","20:45:22","Clear","Dry","Dark","0.2","21.8","3200","57232","22.9","27%","26.8","","Opened","7.309","38","Safe","Calm","0.0","69","17.0","9.1","1000.9","1012.5"
"2026-09-21","20:45:32","Clear","Dry","Dark","0.3","21.8","3200","57232","22.9","27%","26.8","","Opened","7.294","38","Safe","Calm","0.0","69","17.0","9.1","1000.9","1012.5"
"2026-09-21","20:45:42","Clear","Dry","Dark","0.3","21.8","3200","57232","22.9","27%","26.8","","Opened","7.368","38","Safe","Calm","0.0","69","17.0","9.2","1000.9","1012.5"
"2026-09-21","20:45:52","Clear","Dry","Dark","0.4","21.8","3200","57232","22.9","27%","26.7","","Opened","7.616","38","Safe","Calm","0.8","69","17.0","9.2","1000.9","1012.5"
"2026-09-21","20:46:02","Clear","Dry","Dark","0.3","21.8","3200","57232","22.9","27%","26.6","Heating UP","Opened","7.466","38","Safe","Calm","1.4","70","17.0","9.2","1000.9","1012.5"
"2026-09-21","20:46:12","Clear","Dry","Dark","0.3","21.8","3200","57232","22.9","28%","26.6","","Opened","7.382","38","Safe","Calm","2.1","69","17.0","9.1","1000.9","1012.5"
"2026-09-21","20:46:22","Clear","Dry","Dark","0.4","21.8","3200","57232","22.9","28%","26.6","Heating UP","Opened","7.508","38","Safe","Calm","2.7","70","17.0","9.2","1001.0","1012.6"
"2026-09-21","20:46:32","Clear","Dry","Dark","0.4","21.8","3200","57232","22.9","29%","26.5","Heating UP","Opened","7.518","38","Safe","Calm","3.5","70","17.0","9.2","1001.0","1012.6"
"2026-09-21","20:46:42","Clear","Dry","Dark","0.3","21.8","3200","57232","22.9","30%","26.5","Heating UP","Opened","7.457","38","Safe","Calm","4.1","70","17.0","9.1","1001.0","1012.6"
"2026-09-21","20:46:52","Clear","Dry","Dark","0.3","21.8","3200","57232","22.8","30%","26.6","","Opened","7.687","38","Safe","Calm","3.3","70","17.0","9.1","1001.0","1012.6"
"2026-09-21","20:47:02","Clear","Dry","Dark","0.4","21.7","3200","57232","22.8","30%","26.6","","Opened","7.376","38","Safe","Calm","3.5","70","17.0","9.2","1000.9","1012.5"
"2026-09-21","20:47:12","Clear","Dry","Dark","0.3","21.7","3200","57232","22.8","30%","26.6","","Opened","7.313","38","Safe","Calm","3.5","70","17.0","9.1","1000.9","1012.5"
"2026-09-21","20:47:22","Clear","Dry","Dark","0.4","21.7","3200","57232","22.8","30%","26.6","","Opened","7.657","38","Safe","Calm","2.8","70","17.0","9.2","1001.0","1012.6"
"2026-09-21","20:47:32","Clear","Dry","Dark","0.3","21.8","3200","57232","22.8","30%","26.6","","Opened","7.532","38","Safe","Calm","2.1","70","17.0","9.1","1001.0","1012.6"
"2026-09-21","20:47:42","Clear","Dry","Dark","0.5","21.7","3200","57232","22.8","30%","26.7","","Opened","7.374","38","Safe","Calm","1.4","70","17.0","9.3","1000.9","1012.5"
"2026-09-21","20:47:52","Clear","Dry","Dark","0.5","21.7","3200","57232","22.8","30%","26.7","","Opened","7.660","38","Safe","Calm","2.1","70","17.0","9.3","1001.0","1012.6"
"2026-09-21","20:48:02","Clear","Dry","Dark","0.3","21.7","3200","57232","22.8","30%","26.7","","Opened","7.343","38","Safe","Calm","1.9","70","17.0","9.1","1000.9","1012.5"
"2026-09-21","20:48:12","Clear","Dry","Dark","0.4","21.7","3200","57232","22.8","30%","26.6","","Opened","7.346","38","Safe","Calm","2.1","70","17.0","9.2","1000.9","1012.5"
"2026-09-21","20:48:22","Clear","Dry","Dark","0.4","21.7","3200","57232","22.8","30%","26.6","","Opened","7.366","38","Safe","Calm","2.8","70","17.0","9.2","1001.0","1012.6"
"2026-09-21","20:48:32","Clear","Dry","Dark","0.3","21.7","3200","57232","22.8","30%","26.6","","Opened","7.406","38","Safe","Calm","3.5","70","17.0","9.1","1001.1","1012.7"
"2026-09-21","20:48:42","Clear","Dry","Dark","0.5","21.7","3200","57232","22.8","30%","26.6","","Opened","7.444","38","Safe","Calm","4.3","70","17.0","9.2","1000.9","1012.5"
"2026-09-21","20:48:52","Clear","Dry","Dark","0.3","21.7","3200","57232","22.8","30%","26.6","","Opened","7.702","38","Safe","Calm","3.6","70","17.0","9.1","1000.9","1012.5"
"2026-09-21","20:49:02","Clear","Dry","Dark","0.3","21.7","3200","57232","22.8","30%","26.7","","Opened","7.304","38","Safe","Calm","3.0","70","17.0","9.1","1001.0","1012.6"
"2026-09-21","20:49:12","Clear","Dry","Dark","0.4","21.7","3200","57232","22.8","30%","26.7","","Opened","7.384","38","Safe","Calm","2.8","70","17.0","9.2","1000.9","1012.5"
"2026-09-21","20:49:22","Clear","Dry","Dark","0.5","21.7","3200","57232","22.8","30%","26.7","","Opened","7.335","38","Safe","Calm","2.7","70","17.0","9.3","1000.9","1012.5"
"2026-09-21","20:49:32","Clear","Dry","Dark","0.4","21.7","3200","57232","22.8","30%","26.7","","Opened","7.290","38","Safe","Calm","2.1","70","17.0","9.1","1001.0","1012.6"
"2026-09-21","20:49:42","Clear","Dry","Dark","0.4","21.7","3200","57232","22.8","30%","26.7","","Opened","7.372","38","Safe","Calm","1.9","70","17.0","9.1","1001.0","1012.6"
"2026-09-21","20:49:52","Clear","Dry","Dark","0.5","21.7","3200","57232","22.8","30%","26.7","","Opened","7.664","38","Safe","Calm","2.8","70","17.0","9.3","1000.9","1012.5"
"2026-09-21","20:50:02","Clear","Dry","Dark","0.4","21.7","3200","57232","22.8","30%","26.6","","Opened","7.337","38","Safe","Calm","3.8","70","17.0","9.1","1000.9","1012.5"
"2026-09-21","20:50:12","Clear","Dry","Dark","0.6","21.7","3200","57232","22.8","30%","26.6","","Opened","7.306","38","Safe","Calm","3.9","70","17.0","9.3","1000.9","1012.6"
"2026-09-21","20:50:22","Clear","Dry","Dark","0.4","21.7","3200","57232","22.7","30%","26.5","","Opened","7.314","38","Safe","Calm","4.0","70","17.0","9.1","1000.9","1012.5"
"2026-09-21","20:50:32","Clear","Dry","Dark","0.4","21.8","3200","57232","22.7","30%","26.6","","Opened","7.418","38","Safe","Calm","4.0","70","17.0","9.2","1000.9","1012.6"
"2026-09-21","20:50:42","Clear","Dry","Dark","0.6","21.7","3200","57232","22.7","30%","26.6","","Opened","7.392","38","Safe","Calm","4.6","70","17.0","9.3","1000.9","1012.6"
"2026-09-21","20:50:52","Clear","Dry","Dark","0.4","21.8","3200","57232","22.7","30%","26.5","","Opened","7.577","38","Safe","Calm","4.5","70","17.0","9.1","1000.9","1012.5"
"2026-09-21","20:51:02","Clear","Dry","Dark","0.4","21.8","3200","57232","22.7","30%","26.5","","Opened","7.296","38","Safe","Calm","4.2","70","17.0","9.2","1000.9","1012.6"
"2026-09-21","20:51:12","Clear","Dry","Dark","0.4","21.7","3200","57232","22.7","30%","26.6","","Opened","7.364","38","Safe","Calm","3.4","70","17.0","9.1","1000.9","1012.5"
"2026-09-21","20:51:22","Clear","Dry","Dark","0.5","21.8","3200","57232","22.7","30%","26.6","","Opened","7.378","38","Safe","Calm","3.4","70","17.0","9.3","1001.1","1012.7"
"2026-09-21","20:51:32","Clear","Dry","Dark","0.5","21.7","3200","57232","22.7","30%","26.6","","Opened","7.343","38","Safe","Calm","4.0","70","17.1","9.2","1000.9","1012.5"
"2026-09-21","20:51:42","Clear","Dry","Dark","0.4","21.7","3200","57232","22.7","30%","26.5","","Opened","7.354","38","Safe","Calm","3.5","70","17.0","9.1","1000.9","1012.6"
"2026-09-21","20:51:52","Clear","Dry","Dark","0.3","21.7","3200","57232","22.7","30%","26.6","","Opened","7.637","38","Safe","Calm","3.3","70","17.0","9.1","1000.9","1012.5"
"2026-09-21","20:52:02","Clear","Dry","Dark","0.6","21.7","3200","57232","22.7","30%","26.6","","Opened","7.291","38","Safe","Calm","3.5","70","17.0","9.3","1000.9","1012.5"
"2026-09-21","20:52:12","Clear","Dry","Dark","0.4","21.7","3200","57232","22.7","30%","26.5","","Opened","7.387","38","Safe","Calm","4.1","70","17.0","9.1","1000.9","1012.6"
"2026-09-21","20:52:22","Clear","Dry","Dark","0.4","21.7","3200","57232","22.7","30%","26.5","","Opened","7.367","38","Safe","Calm","3.3","70","17.0","9.1","1000.9","1012.5"
"2026-09-21","20:52:32","Clear","Dry","Dark","0.5","21.7","3200","57232","22.7","30%","26.6","","Opened","7.341","38","Safe","Calm","3.6","70","17.0","9.2","1000.9","1012.6"
"2026-09-21","20:52:42","Clear","Dry","Dark","0.4","21.7","3200","57232","22.7","30%","26.5","","Opened","7.347","38","Safe","Calm","3.8","70","17.0","9.1","1000.9","1012.6"
"2026-09-21","20:52:52","Clear","Dry","Dark","0.5","21.7","3200","57232","22.7","30%","26.5","","Opened","7.539","38","Safe","Calm","3.9","70","17.0","9.2","1000.9","1012.5"
"2026-09-21","20:53:02","Clear","Dry","Dark","0.5","21.7","3200","57232","22.7","30%","26.5","","Opened","7.314","38","Safe","Calm","4.2","70","17.0","9.3","1000.9","1012.6"
"2026-09-21","20:53:12","Clear","Dry","Dark","0.4","21.8","3200","57232","22.7","30%","26.4","Heating UP","Opened","7.512","38","Safe","Calm","4.3","70","17.0","9.1","1001.0","1012.6"
"2026-09-21","20:53:22","Clear","Dry","Dark","0.5","21.7","3200","57232","22.7","31%","26.4","Heating UP","Opened","7.402","38","Safe","Calm","5.1","70","17.0","9.2","1000.9","1012.5"
"2026-09-21","20:53:32","Clear","Dry","Dark","0.4","21.8","3200","57232","22.7","32%","26.4","Heating UP","Opened","7.434","38","Safe","Calm","4.8","70","17.0","9.1","1000.9","1012.6"
"2026-09-21","20:53:42","Clear","Dry","Dark","0.3","21.8","3200","57232","22.7","33%","26.5","","Opened","7.326","38","Safe","Calm","4.0","70","17.0","9.0","1000.9","1012.5"
"2026-09-21","20:53:52","Clear","Dry","Dark","0.5","21.8","3200","57232","22.7","33%","26.5","","Opened","7.612","38","Safe","Calm","3.9","70","17.0","9.2","1000.9","1012.6"
"2026-09-21","20:54:02","Clear","Dry","Dark","0.5","21.8","3200","57232","22.7","33%","26.6","","Opened","7.287","38","Safe","Calm","3.6","70","17.0","9.2","1000.9","1012.6"
"2026-09-21","20:54:12","Clear","Dry","Dark","0.4","21.7","3200","57232","22.7","33%","26.5","","Opened","7.386","38","Safe","Calm","3.5","70","17.0","9.1","1000.9","1012.6"
"2026-09-21","20:54:22","Clear","Dry","Dark","0.4","21.7","3200","57232","22.7","33%","26.6","","Opened","7.399","38","Safe","Calm","3.5","70","17.0","9.1","1000.9","1012.5"
"2026-09-21","20:54:32","Clear","Dry","Dark","0.4","21.7","3200","57232","22.7","33%","26.6","","Opened","7.373","38","Safe","Calm","3.6","70","17.0","9.1","1000.9","1012.6"
"2026-09-21","20:54:42","Clear","Dry","Dark","0.5","21.7","3200","57232","22.7","33%","26.6","","Opened","7.375","38","Safe","Calm","4.5","70","17.0","9.2","1000.9","1012.6"
"2026-09-21","20:54:52","Clear","Dry","Dark","0.3","21.7","3200","57232","22.7","33%","26.6","","Opened","7.564","38","Safe","Calm","4.7","70","17.0","9.0","1000.9","1012.6"
"2026-09-21","20:55:02","Clear","Dry","Dark","0.5","21.7","3200","57232","22.6","33%","26.6","","Opened","7.296","38","Safe","Calm","5.0","70","17.0","9.2","1000.9","1012.5"
"2026-09-21","20:55:12","Clear","Dry","Dark","0.4","21.7","3200","57232","22.6","33%","26.5","","Opened","7.386","38","Safe","Calm","5.2","71","17.0","9.1","1000.9","1012.6"
"2026-09-21","20:55:22","Clear","Wet","Dark","0.3","21.7","3199","57232","22.6","33%","26.5","","Opened","7.406","38","Safe","Calm","5.2","71","17.0","9.0","1001.1","1012.7"
"2026-09-21","20:55:32","Clear","Dry","Dark","0.5","21.8","3200","57232","22.6","33%","26.5","","Opened","7.292","38","Safe","Calm","5.2","71","17.0","9.1","1000.9","1012.6"
"2026-09-21","20:55:42","Clear","Dry","Dark","0.5","21.8","3200","57232","22.6","33%","26.6","","Opened","7.363","38","Safe","Calm","5.0","71","17.0","9.1","1000.9","1012.6"
"2026-09-21","20:55:52","Clear","Dry","Dark","0.4","21.7","3200","57232","22.6","33%","26.6","","Opened","7.551","38","Safe","Calm","5.1","71","17.0","9.0","1000.9","1012.6"
"2026-09-21","20:56:02","Clear","Dry","Dark","0.4","21.7","3200","57232","22.6","33%","26.5","","Opened","7.293","38","Safe","Calm","4.8","71","17.0","9.0","1000.9","1012.6"
"2026-09-21","20:56:12","Clear","Dry","Dark","0.5","21.7","3200","57232","22.6","33%","26.5","","Opened","7.399","38","Safe","Calm","5.2","71","17.0","9.2","1000.9","1012.6"
"2026-09-21","20:56:22","Clear","Dry","Dark","0.5","21.8","3200","57232","22.6","33%","26.4","","Opened","7.397","38","Safe","Calm","5.7","71","17.0","9.1","1000.9","1012.6"
"2026-09-21","20:56:32","Clear","Dry","Dark","0.4","21.7","3200","57232","22.6","33%","26.4","","Opened","7.358","38","Safe","Calm","5.8","71","17.0","9.0","1000.9","1012.5"
"2026-09-21","20:56:42","Clear","Dry","Dark","0.5","21.8","3200","57232","22.6","33%","26.4","","Opened","7.344","38","Safe","Calm","6.1","71","17.0","9.2","1000.9","1012.5"
"2026-09-21","20:56:52","Clear","Dry","Dark","0.5","21.8","3200","57232","22.6","33%","26.4","","Opened","7.484","38","Safe","Calm","6.2","71","17.0","9.2","1001.0","1012.6"
"2026-09-21","20:57:02","Clear","Dry","Dark","0.5","21.7","3200","57232","22.6","33%","26.4","","Opened","7.382","38","Safe","Calm","6.2","71","17.0","9.1","1000.9","1012.6"
"2026-09-21","20:57:12","Clear","Dry","Dark","0.4","21.8","3200","57232","22.6","33%","26.4","","Opened","7.382","38","Safe","Calm","6.1","71","17.0","9.1","1000.9","1012.5"
"2026-09-21","20:57:22","Clear","Dry","Dark","0.6","21.8","3200","57232","22.6","33%","26.4","","Opened","7.373","38","Safe","Calm","6.1","71","17.0","9.2","1001.0","1012.6"
"2026-09-21","20:57:32","Clear","Dry","Dark","0.4","21.8","3200","57232","22.6","33%","26.3","Heating UP","Opened","7.431","38","Safe","Calm","6.1","71","17.0","9.1","1000.9","1012.5"
"2026-09-21","20:57:42","Clear","Dry","Dark","0.4","21.8","3200","57232","22.6","34%","26.3","Heating UP","Opened","7.488","38","Safe","Calm","6.4","71","17.0","9.1","1000.9","1012.5"
"2026-09-21","20:57:52","Clear","Dry","Dark","0.4","21.8","3200","57232","22.6","35%","26.3","Heating UP","Opened","7.752","38","Safe","Calm","6.2","71","17.0","9.1","1000.9","1012.6"
"2026-09-21","20:58:02","Clear","Dry","Dark","0.4","21.8","3200","57232","22.6","36%","26.4","","Opened","7.310","38","Safe","Calm","6.5","71","17.0","9.1","1000.9","1012.6"
"2026-09-21","20:58:12","Clear","Dry","Dark","0.5","21.8","3200","57232","22.5","36%","26.4","","Opened","7.432","38","Safe","Calm","6.4","71","17.0","9.2","1001.1","1012.7"
"2026-09-21","20:58:22","Clear","Dry","Dark","0.5","21.8","3200","57232","22.6","36%","26.4","","Opened","7.279","38","Safe","Calm","5.9","71","17.0","9.2","1000.9","1012.6"
"2026-09-21","20:58:32","Clear","Dry","Dark","0.5","21.8","3200","57232","22.6","36%","26.4","","Opened","7.396","38","Safe","Calm","5.9","71","17.0","9.2","1001.0","1012.6"
"2026-09-21","20:58:42","Clear","Dry","Dark","0.5","21.8","3200","57232","22.5","36%","26.4","","Opened","7.338","38","Safe","Calm","5.7","71","17.0","9.1","1000.9","1012.6"
"2026-09-21","20:58:52","Clear","Dry","Dark","0.4","21.8","3200","57232","22.5","36%","26.4","","Opened","7.611","38","Safe","Calm","5.5","71","17.0","9.0","1000.9","1012.6"
"2026-09-21","20:59:02","Clear","Dry","Dark","0.5","21.8","3200","57232","22.6","36%","26.5","","Opened","7.347","38","Safe","Calm","5.4","71","17.0","9.1","1000.9","1012.5"
"2026-09-21","20:59:12","Clear","Dry","Dark","0.4","21.8","3200","57232","22.6","36%","26.5","","Opened","7.281","38","Safe","Calm","5.1","71","17.0","9.1","1001.0","1012.6"
"2026-09-21","20:59:22","Clear","Dry","Dark","0.5","21.8","3200","57232","22.5","36%","26.6","","Opened","7.409","38","Safe","Calm","5.1","71","17.0","9.1","1000.9","1012.6"
"2026-09-21","20:59:32","Clear","Dry","Dark","0.6","21.8","3200","57232","22.5","36%","26.5","","Opened","7.370","38","Safe","Calm","5.5","71","17.0","9.3","1000.9","1012.6"
"2026-09-21","20:59:42","Clear","Dry","Dark","0.4","21.8","3200","57232","22.5","36%","26.5","","Opened","7.356","38","Safe","Calm","5.5","71","17.0","9.1","1000.9","1012.6"
"2026-09-21","20:59:52","Clear","Dry","Dark","0.5","21.8","3200","57232","22.6","36%","26.6","","Opened","7.537","38","Safe","Calm","5.5","71","17.0","9.1","1001.0","1012.6"
"2026-09-21","21:00:02","Clear","Dry","Dark","0.6","21.8","3200","57232","22.5","36%","26.6","","Opened","7.320","38","Safe","Calm","5.7","71","17.0","9.2","1001.0","1012.6"
"2026-09-21","21:00:12","Clear","Dry","Dark","0.5","21.8","3200","57232","22.5","36%","26.5","","Opened","7.314","38","Safe","Calm","6.1","71","17.0","9.1","1001.0","1012.6"
"2026-09-21","21:00:22","Clear","Dry","Dark","0.5","21.8","3200","57232","22.6","36%","26.6","","Opened","7.443","38","Safe","Calm","6.2","71","17.0","9.1","1001.0","1012.6"
"2026-09-21","21:00:32","Clear","Dry","Dark","0.6","21.8","3200","57232","22.6","36%","26.6","","Opened","7.289","38","Safe","Calm","6.1","71","17.0","9.3","1001.0","1012.6"
"2026-09-21","21:00:42","Clear","Wet","Dark","0.6","21.8","3200","57232","22.5","36%","26.6","","Opened","7.384","38","Safe","Calm","6.1","71","17.0","9.2","1001.0","1012.6"
"2026-09-21","21:00:52","Clear","Dry","Dark","0.6","21.8","3200","57232","22.5","36%","26.7","","Opened","7.542","38","Safe","Calm","6.2","71","17.0","9.2","1001.0","1012.6"
"2026-09-21","21:01:02","Clear","Dry","Dark","0.6","21.8","3200","57232","22.6","36%","26.7","","Opened","7.343","38","Safe","Calm","6.5","71","17.0","9.2","1001.0","1012.6"
"2026-09-21","21:01:12","Clear","Dry","Dark","0.7","21.8","3200","57232","22.5","36%","26.6","","Opened","7.285","38","Safe","Calm","6.2","71","17.0","9.3","1000.9","1012.6"
"2026-09-21","21:01:22","Clear","Dry","Dark","0.6","21.8","3200","57232","22.5","36%","26.6","","Opened","7.395","38","Safe","Calm","6.2","71","17.0","9.2","1000.9","1012.6"
"2026-09-21","21:01:32","Clear","Dry","Dark","0.5","21.8","3200","57232","22.5","36%","26.6","","Opened","7.384","38","Safe","Calm","5.9","71","17.0","9.1","1001.0","1012.6"
"2026-09-21","21:01:42","Clear","Dry","Dark","0.6","21.8","3200","57232","22.5","36%","26.6","","Opened","7.353","38","Safe","Calm","6.2","71","17.0","9.2","1000.9","1012.6"
"2026-09-21","21:01:52","Clear","Dry","Dark","0.6","21.8","3200","57232","22.5","36%","26.5","","Opened","7.661","38","Safe","Calm","6.4","71","17.0","9.2","1000.9","1012.6"
"2026-09-21","21:02:02","Clear","Dry","Dark","0.6","21.8","3200","57232","22.5","36%","26.5","","Opened","7.362","38","Safe","Calm","6.1","71","17.0","9.3","1001.0","1012.6"
"2026-09-21","21:02:12","Clear","Dry","Dark","0.7","21.8","3200","57232","22.5","36%","26.6","","Opened","7.374","38","Safe","Calm","5.9","71","17.0","9.3","1001.1","1012.7"
"2026-09-21","21:02:22","Clear","Dry","Dark","0.7","21.9","3200","57232","22.5","36%","26.6","","Opened","7.362","38","Safe","Calm","6.1","71","17.0","9.3","1001.1","1012.7"
"2026-09-21","21:02:32","Clear","Dry","Dark","0.7","21.9","3200","57232","22.5","36%","26.5","","Opened","7.324","38","Safe","Calm","6.2","71","17.0","9.4","1001.0","1012.6"
"2026-09-21","21:02:42","Clear","Dry","Dark","0.6","21.9","3200","57232","22.5","36%","26.6","","Opened","7.293","38","Safe","Calm","6.1","71","17.0","9.2","1000.9","1012.6"
"2026-09-21","21:02:52","Clear","Dry","Dark","0.6","21.9","3200","57232","22.5","36%","26.6","","Opened","7.722","38","Safe","Calm","5.9","71","17.0","9.3","1000.9","1012.6"
"2026-09-21","21:03:02","Clear","Dry","Dark","0.7","21.9","3200","57232","22.5","36%","26.6","","Opened","7.280","38","Safe","Calm","5.9","71","17.0","9.3","1001.1","1012.7"
"2026-09-21","21:03:12","Clear","Dry","Dark","0.6","21.9","3200","57232","22.5","36%","26.6","","Opened","7.380","38","Safe","Calm","5.9","71","17.0","9.2","1001.0","1012.6"
"2026-09-21","21:03:22","Clear","Dry","Dark","0.7","21.9","3200","57232","22.6","36%","26.7","","Opened","7.357","38","Safe","Calm","5.9","71","17.0","9.3","1001.0","1012.6"
"2026-09-21","21:03:32","Clear","Dry","Dark","0.7","21.9","3200","57232","22.6","36%","26.6","","Opened","7.343","38","Safe","Calm","5.9","71","17.0","9.4","1001.0","1012.6"
"2026-09-21","21:03:42","Clear","Dry","Dark","0.7","21.9","3200","57232","22.6","36%","26.7","","Opened","7.312","38","Safe","Calm","6.5","71","17.0","9.4","1001.0","1012.6"
"2026-09-21","21:03:52","Clear","Dry","Dark","0.6","21.9","3200","57232","22.6","36%","26.6","","Opened","7.583","38","Safe","Calm","6.4","71","17.0","9.3","1001.1","1012.7"
"2026-09-21","21:04:02","Clear","Wet","Dark","0.7","21.9","3200","57232","22.6","36%","26.7","","Opened","7.400","38","Safe","Calm","6.2","71","17.0","9.4","1001.1","1012.7"
"2026-09-21","21:04:12","Clear","Dry","Dark","0.6","21.9","3200","57232","22.6","36%","26.7","","Opened","7.355","38","Safe","Calm","6.4","71","17.0","9.3","1001.0","1012.6"
"2026-09-21","21:04:22","Clear","Dry","Dark","0.7","22.0","3200","57232","22.6","36%","26.7","","Opened","7.365","38","Safe","Calm","6.1","71","17.0","9.3","1001.1","1012.7"
"2026-09-21","21:04:32","Clear","Dry","Dark","0.6","21.9","3200","57232","22.6","36%","26.9","Heating DOWN","Opened","7.440","38","Safe","Calm","5.0","71","17.0","9.3","1001.0","1012.6"
"2026-09-21","21:04:42","Clear","Dry","Dark","0.7","21.9","3200","57232","22.6","35%","26.9","","Opened","7.355","38","Safe","Calm","4.3","71","17.0","9.4","1001.0","1012.6"
"2026-09-21","21:04:52","Clear","Dry","Dark","0.9","21.9","3200","57232","22.6","35%","26.9","","Opened","7.554","38","Safe","Calm","4.7","71","17.0","9.5","1001.0","1012.6"
"2026-09-21","21:05:02","Clear","Dry","Dark","0.7","22.0","3200","57232","22.6","35%","26.8","","Opened","7.393","38","Safe","Calm","4.6","71","17.0","9.4","1001.0","1012.6"
"2026-09-21","21:05:12","Clear","Dry","Dark","0.7","22.0","3200","57232","22.6","35%","26.8","","Opened","7.368","38","Safe","Calm","4.5","71","17.0","9.4","1000.9","1012.6"
"2026-09-21","21:05:22","Clear","Dry","Dark","0.7","22.0","3200","57232","22.6","35%","26.8","","Opened","7.351","38","Safe","Calm","4.6","71","17.0","9.3","1001.1","1012.7"
"2026-09-21","21:05:32","Clear","Dry","Dark","0.7","22.0","3200","57232","22.6","35%","26.8","","Opened","7.329","38","Safe","Calm","5.7","71","17.0","9.4","1001.0","1012.6"
"2026-09-21","21:05:42","Clear","Dry","Dark","0.7","22.0","3200","57232","22.6","35%","26.8","","Opened","7.307","38","Safe","Calm","5.7","71","17.0","9.4","1001.0","1012.6"
"2026-09-21","21:05:52","Clear","Dry","Dark","0.9","22.0","3200","57232","22.6","35%","26.8","","Opened","7.628","38","Safe","Calm","5.7","71","17.0","9.6","1001.0","1012.6"
"2026-09-21","21:06:02","Clear","Dry","Dark","0.9","22.0","3200","57232","22.6","35%","26.8","","Opened","7.299","38","Safe","Calm","5.8","71","17.0","9.6","1000.9","1012.6"
"2026-09-21","21:06:12","Clear","Dry","Dark","0.8","22.0","3200","57232","22.6","35%","26.8","","Opened","7.403","38","Safe","Calm","6.1","71","17.0","9.5","1001.0","1012.6"
"2026-09-21","21:06:22","Clear","Dry","Dark","0.9","22.0","3200","57232","22.6","35%","26.8","","Opened","7.367","38","Safe","Calm","6.2","71","17.0","9.6","1001.0","1012.6"
"2026-09-21","21:06:32","Clear","Dry","Dark","0.9","22.0","3200","57232","22.6","35%","26.7","","Opened","7.324","38","Safe","Calm","6.2","71","17.0","9.6","1001.0","1012.6"
"2026-09-21","21:06:42","Clear","Dry","Dark","0.8","22.0","3200","57232","22.7","35%","26.7","","Opened","7.313","38","Safe","Calm","6.2","71","17.1","9.5","1001.0","1012.6"
"2026-09-21","21:06:52","Clear","Dry","Dark","0.7","22.0","3200","57232","22.6","35%","26.8","","Opened","7.549","38","Safe","Calm","5.7","71","17.0","9.4","1001.0","1012.6"
"2026-09-21","21:07:02","Clear","Dry","Dark","0.8","22.0","3200","57232","22.6","35%","26.8","","Opened","7.298","38","Safe","Calm","5.9","71","17.0","9.5","1001.0","1012.6"
"2026-09-21","21:07:12","Clear","Dry","Dark","0.7","22.0","3200","57232","22.7","35%","26.8","","Opened","7.449","38","Safe","Calm","5.8","71","17.1","9.4","1001.0","1012.6"
"2026-09-21","21:07:22","Clear","Dry","Dark","0.8","22.0","3200","57232","22.7","35%","26.9","","Opened","7.418","38","Safe","Calm","5.7","71","17.0","9.5","1001.0","1012.6"
"2026-09-21","21:07:32","Clear","Dry","Dark","1.1","22.0","3200","57232","22.7","35%","26.8","","Opened","7.413","38","Safe","Calm","5.9","71","17.0","9.8","1001.1","1012.7"
"2026-09-21","21:07:42","Clear","Dry","Dark","0.8","22.1","3200","57232","22.7","35%","26.8","","Opened","7.401","38","Safe","Calm","5.9","71","17.0","9.5","1001.0","1012.6"
"2026-09-21","21:07:52","Clear","Dry","Dark","0.9","22.1","3200","57232","22.7","35%","26.8","","Opened","7.550","38","Safe","Calm","6.2","70","17.1","9.6","1001.0","1012.6"
"2026-09-21","21:08:02","Clear","Dry","Dark","0.9","22.1","3200","57232","22.7","35%","26.8","","Opened","7.341","38","Safe","Calm","5.8","71","17.1","9.6","1001.0","1012.6"
"2026-09-21","21:08:12","Clear","Dry","Dark","1.0","22.1","3200","57232","22.7","35%","26.9","","Opened","7.275","38","Safe","Calm","5.7","70","17.1","9.7","1001.0","1012.6"
"2026-09-21","21:08:22","Clear","Dry","Dark","0.9","22.1","3200","57232","22.7","35%","26.9","","Opened","7.384","38","Safe","Calm","5.5","70","17.1","9.7","1001.1","1012.7"
"2026-09-21","21:08:32","Clear","Dry","Dark","0.9","22.1","3200","57232","22.7","35%","27.0","","Opened","7.383","38","Safe","Calm","5.0","70","17.1","9.6","1001.0","1012.6"
"2026-09-21","21:08:42","Clear","Dry","Dark","0.9","22.1","3200","57232","22.7","35%","27.0","","Opened","7.351","38","Safe","Calm","4.8","70","17.1","9.6","1001.1","1012.7"
"2026-09-21","21:08:52","Clear","Dry","Dark","0.9","22.1","3200","57232","22.7","35%","27.1","Heating DOWN","Opened","7.628","38","Safe","Calm","4.8","70","17.1","9.7","1001.1","1012.7"
"2026-09-21","21:09:02","Clear","Dry","Dark","0.8","22.1","3200","57232","22.8","34%","27.0","","Opened","7.317","38","Safe","Calm","4.8","70","17.1","9.6","1001.0","1012.6"
"2026-09-21","21:09:12","Clear","Dry","Dark","0.9","22.1","3200","57232","22.8","34%","27.1","Heating DOWN","Opened","7.405","38","Safe","Calm","5.1","70","17.1","9.7","1001.1","1012.7"
"2026-09-21","21:09:22","Clear","Dry","Dark","0.9","22.1","3200","57232","22.8","33%","27.1","Heating DOWN","Opened","7.492","38","Safe","Calm","5.2","70","17.1","9.6","1001.0","1012.6"
"2026-09-21","21:09:32","Clear","Dry","Dark","0.8","22.1","3200","57232","22.8","32%","27.1","","Opened","7.399","38","Safe","Calm","5.2","70","17.1","9.6","1001.2","1012.8"
"2026-09-21","21:09:42","Clear","Dry","Dark","1.0","22.1","3200","57232","22.8","32%","27.1","","Opened","7.376","38","Safe","Calm","5.2","70","17.1","9.7","1001.1","1012.7"
"2026-09-21","21:09:52","Clear","Dry","Dark","0.9","22.2","3200","57232","22.8","32%","27.1","","Opened","7.553","38","Safe","Calm","5.1","70","17.1","9.7","1001.1","1012.7"
"2026-09-21","21:10:02","Clear","Dry","Dark","0.8","22.1","3200","57232","22.8","32%","27.1","","Opened","7.382","38","Safe","Calm","5.1","70","17.1","9.6","1001.1","1012.7"
"2026-09-21","21:10:12","Clear","Dry","Dark","1.0","22.2","3200","57232","22.8","32%","27.1","","Opened","7.365","38","Safe","Calm","5.1","70","17.1","9.8","1001.1","1012.7"
"2026-09-21","21:10:22","Clear","Dry","Dark","0.8","22.2","3200","57232","22.8","32%","27.1","","Opened","7.360","38","Safe","Calm","5.0","70","17.1","9.6","1001.1","1012.7"
"2026-09-21","21:10:32","Clear","Dry","Dark","0.8","22.2","3200","57232","22.8","32%","27.1","","Opened","7.468","38","Safe","Calm","4.2","70","17.1","9.6","1001.1","1012.7"
"2026-09-21","21:10:42","Clear","Dry","Dark","1.0","22.1","3200","57232","22.9","32%","27.2","Heating DOWN","Opened","7.704","38","Safe","Calm","4.2","70","17.1","9.8","1001.1","1012.7"
"2026-09-21","21:10:52","Clear","Dry","Dark","1.1","22.2","3200","57232","22.9","31%","27.1","","Opened","7.829","38","Safe","Calm","4.3","70","17.1","9.9","1001.2","1012.8"
"2026-09-21","21:11:02","Clear","Dry","Dark","1.0","22.2","3200","57232","22.9","31%","27.1","","Opened","7.454","38","Safe","Calm","4.5","70","17.1","9.8","1001.1","1012.7"
"2026-09-21","21:11:12","Clear","Dry","Dark","1.0","22.2","3200","57232","22.9","31%","27.0","","Opened","7.428","38","Safe","Calm","4.3","70","17.1","9.9","1001.1","1012.7"
"2026-09-21","21:11:22","Clear","Dry","Dark","1.0","22.2","3200","57232","22.9","31%","27.0","","Opened","7.525","38","Safe","Calm","4.5","70","17.1","9.8","1001.1","1012.7"
"2026-09-21","21:11:32","Clear","Dry","Dark","0.9","22.2","3200","57232","22.9","31%","27.0","","Opened","7.401","38","Safe","Calm","5.4","70","17.1","9.7","1001.1","1012.7"
"2026-09-21","21:11:42","Clear","Dry","Dark","1.1","22.2","3200","57232","22.9","31%","26.9","","Opened","7.478","38","Safe","Calm","5.5","70","17.1","9.9","1001.1","1012.7"
"2026-09-21","21:11:52","Clear","Dry","Dark","0.9","22.2","3200","57232","22.9","31%","27.0","","Opened","7.854","38","Safe","Calm","5.4","70","17.1","9.7","1001.1","1012.7"
"2026-09-21","21:12:02","Clear","Dry","Dark","1.0","22.2","3200","57232","22.9","31%","26.9","","Opened","7.465","38","Safe","Calm","5.4","70","17.1","9.8","1001.1","1012.7"
"2026-09-21","21:12:12","Clear","Dry","Dark","0.9","22.2","3200","57232","22.9","31%","26.9","","Opened","7.454","38","Safe","Calm","5.2","70","17.1","9.7","1001.1","1012.7"
"2026-09-21","21:12:22","Clear","Dry","Dark","0.8","22.3","3200","57232","22.9","31%","26.9","","Opened","7.408","38","Safe","Calm","5.2","70","17.1","9.6","1001.1","1012.7"
"2026-09-21","21:12:32","Clear","Dry","Dark","1.1","22.2","3200","57232","22.9","31%","26.9","","Opened","7.491","38","Safe","Calm","5.4","70","17.1","9.9","1001.2","1012.8"
"2026-09-21","21:12:42","Clear","Dry","Dark","0.9","22.3","3200","57232","23.0","31%","26.8","","Opened","7.392","38","Safe","Calm","5.2","70","17.1","9.8","1001.1","1012.7"
"2026-09-21","21:12:52","Clear","Dry","Dark","1.0","22.3","3200","57232","22.9","31%","26.9","","Opened","7.676","38","Safe","Calm","5.1","70","17.1","9.8","1001.1","1012.7"
"2026-09-21","21:13:02","Clear","Dry","Dark","0.9","22.3","3200","57232","22.9","31%","26.9","","Opened","7.435","38","Safe","Calm","4.8","70","17.1","9.8","1001.1","1012.7"
"2026-09-21","21:13:12","Clear","Dry","Dark","0.8","22.2","3200","57232","23.0","31%","27.0","","Opened","7.383","38","Safe","Calm","4.0","70","17.2","9.7","1001.1","1012.7"
"2026-09-21","21:13:22","Clear","Dry","Dark","0.9","22.2","3200","57232","23.0","31%","27.0","","Opened","7.517","38","Safe","Calm","3.8","70","17.2","9.8","1001.1","1012.7"
"2026-09-21","21:13:32","Clear","Dry","Dark","0.9","22.2","3200","57232","23.0","31%","27.0","","Opened","7.655","38","Safe","Calm","3.6","70","17.1","9.8","1001.1","1012.7"
"2026-09-21","21:13:42","Clear","Dry","Dark","0.9","22.3","3200","57232","23.0","31%","26.9","","Opened","7.440","38","Safe","Calm","3.8","70","17.1","9.8","1001.3","1012.9"
"2026-09-21","21:13:52","Clear","Dry","Dark","1.0","22.3","3200","57232","23.0","31%","26.9","","Opened","7.582","38","Safe","Calm","4.0","70","17.2","9.9","1001.2","1012.8"
"2026-09-21","21:14:02","Clear","Dry","Dark","0.9","22.3","3200","57232","23.0","31%","26.9","","Opened","7.495","38","Safe","Calm","4.2","70","17.1","9.8","1001.1","1012.7"
"2026-09-21","21:14:12","Clear","Dry","Dark","1.0","22.3","3200","57232","23.0","31%","26.9","","Opened","7.514","38","Safe","Calm","5.1","70","17.1","9.9","1001.1","1012.7"
"2026-09-21","21:14:22","Clear","Dry","Dark","0.9","22.3","3200","57232","23.0","31%","26.9","","Opened","7.417","38","Safe","Calm","5.1","70","17.1","9.8","1001.1","1012.7"
"2026-09-21","21:14:32","Clear","Dry","Dark","0.8","22.3","3200","57232","23.0","31%","26.9","","Opened","7.646","38","Safe","Calm","4.8","70","17.2","9.7","1001.2","1012.8"
"2026-09-21","21:14:42","Clear","Dry","Dark","0.9","22.3","3200","57232","23.0","31%","27.0","","Opened","7.468","38","Safe","Calm","4.5","70","17.1","9.8","1001.1","1012.7"
"2026-09-21","21:14:52","Clear","Dry","Dark","0.8","22.2","3200","57232","23.0","31%","27.0","","Opened","7.727","38","Safe","Calm","4.3","70","17.1","9.6","1001.2","1012.8"
"2026-09-21","21:15:02","Clear","Dry","Dark","0.9","22.2","3200","57232","23.0","31%","27.0","","Opened","7.408","38","Safe","Calm","3.5","70","17.1","9.8","1001.2","1012.8"
"2026-09-21","21:15:12","Clear","Dry","Dark","0.9","22.2","3200","57232","23.0","31%","27.0","","Opened","7.474","38","Safe","Calm","3.3","70","17.1","9.8","1001.1","1012.7"
"2026-09-21","21:15:22","Clear","Dry","Dark","1.1","22.2","3200","57232","23.0","31%","27.0","","Opened","7.476","38","Safe","Calm","3.6","70","17.1","10.0","1001.1","1012.7"
"2026-09-21","21:15:32","Clear","Dry","Dark","1.0","22.3","3200","57232","23.0","31%","26.9","","Opened","7.498","38","Safe","Calm","4.2","70","17.1","9.9","1001.1","1012.7"
"2026-09-21","21:15:42","Clear","Dry","Dark","0.9","22.3","3200","57232","23.0","31%","26.8","","Opened","7.407","38","Safe","Calm","4.5","70","17.1","9.8","1001.1","1012.7"
"2026-09-21","21:15:53","Clear","Dry","Dark","0.9","22.3","3200","57232","23.0","31%","26.9","","Opened","7.869","38","Safe","Calm","4.6","69","17.1","9.8","1001.1","1012.7"
"2026-09-21","21:16:02","Clear","Dry","Dark","1.0","22.3","3200","57232","23.0","31%","26.9","","Opened","7.451","38","Safe","Calm","5.7","70","17.1","9.9","1001.1","1012.7"
"2026-09-21","21:16:12","Clear","Dry","Dark","0.9","22.3","3200","57232","23.0","31%","26.8","","Opened","7.718","38","Safe","Calm","5.5","69","17.1","9.8","1001.1","1012.7"
"2026-09-21","21:16:22","Clear","Dry","Dark","1.0","22.3","3200","57232","23.0","31%","26.9","","Opened","7.346","38","Safe","Calm","5.2","69","17.1","9.9","1001.2","1012.8"
"2026-09-21","21:16:32","Clear","Dry","Dark","0.9","22.3","3200","57232","23.0","31%","26.9","","Opened","7.380","38","Safe","Calm","4.7","69","17.1","9.8","1001.1","1012.7"
"2026-09-21","21:16:42","Clear","Dry","Dark","1.1","22.3","3200","57232","23.0","31%","27.0","","Opened","7.430","38","Safe","Calm","4.5","69","17.1","9.9","1001.1","1012.7"
"2026-09-21","21:16:52","Clear","Dry","Dark","0.9","22.3","3200","57232","23.0","31%","26.9","","Opened","7.695","38","Safe","Calm","4.4","69","17.1","9.8","1001.1","1012.7"
"2026-09-21","21:17:02","Clear","Dry","Dark","0.8","22.3","3200","57232","23.0","31%","26.9","","Opened","7.364","38","Safe","Calm","4.4","69","17.1","9.7","1001.1","1012.7"
"2026-09-21","21:17:12","Clear","Dry","Dark","0.8","22.3","3200","57232","23.0","31%","26.9","","Opened","7.455","38","Safe","Calm","4.5","69","17.1","9.7","1001.2","1012.8"
"2026-09-21","21:17:22","Clear","Dry","Dark","0.9","22.3","3200","57232","23.0","31%","26.9","","Opened","7.509","38","Safe","Calm","4.7","69","17.1","9.8","1001.1","1012.7"
"2026-09-21","21:17:32","Clear","Dry","Dark","0.9","22.3","3200","57232","23.0","31%","26.9","","Opened","7.354","38","Safe","Calm","4.8","69","17.1","9.7","1001.1","1012.7"
"2026-09-21","21:17:42","Clear","Dry","Dark","0.8","22.2","3200","57232","23.0","31%","26.9","","Opened","7.386","38","Safe","Calm","4.8","69","17.1","9.7","1001.1","1012.7"
"2026-09-21","21:17:52","Clear","Dry","Dark","0.9","22.2","3200","57232","23.0","31%","26.9","","Opened","7.670","38","Safe","Calm","4.8","69","17.1","9.8","1001.1","1012.7"
"2026-09-21","21:18:03","Clear","Dry","Dark","0.8","22.2","3200","57232","23.0","31%","26.9","","Opened","8.084","38","Safe","Calm","4.4","69","17.1","9.7","1001.1","1012.7"
"2026-09-21","21:18:13","Clear","Dry","Dark","0.9","22.2","3200","57232","23.0","31%","26.9","","Opened","8.699","38","Safe","Calm","4.3","69","17.1","9.8","1001.2","1012.8"
"2026-09-21","21:18:22","Clear","Dry","Dark","0.8","22.2","3200","57232","23.0","31%","27.0","","Opened","7.386","38","Safe","Calm","3.5","69","17.1","9.7","1001.3","1012.9"
"2026-09-21","21:18:32","Clear","Dry","Dark","0.8","22.2","3200","57232","23.0","31%","27.0","","Opened","7.366","38","Safe","Calm","2.7","69","17.1","9.7","1001.1","1012.7"
"2026-09-21","21:18:42","Clear","Dry","Dark","0.9","22.2","3200","57232","23.0","31%","27.0","","Opened","7.350","38","Safe","Calm","2.7","69","17.1","9.8","1001.1","1012.7"
"2026-09-21","21:18:52","Clear","Dry","Dark","0.8","22.2","3200","57232","23.0","31%","27.0","","Opened","7.748","38","Safe","Calm","2.7","69","17.1","9.7","1001.2","1012.8"
"2026-09-21","21:19:02","Clear","Dry","Dark","0.9","22.2","3200","57232","23.0","31%","27.0","","Opened","7.416","38","Safe","Calm","3.1","69","17.1","9.8","1001.1","1012.7"
"2026-09-21","21:19:12","Clear","Dry","Dark","0.7","22.2","3200","57232","23.0","31%","27.0","","Opened","7.456","38","Safe","Calm","3.1","70","17.1","9.6","1001.1","1012.7"
"2026-09-21","21:19:22","Clear","Dry","Dark","0.8","22.2","3200","57232","23.0","31%","27.0","","Opened","7.382","38","Safe","Calm","4.0","69","17.1","9.7","1001.3","1012.9"
"2026-09-21","21:19:32","Clear","Dry","Dark","0.8","22.2","3200","57232","23.0","31%","27.0","","Opened","7.522","38","Safe","Calm","4.7","69","17.1","9.7","1001.2","1012.8"
"2026-09-21","21:19:42","Clear","Dry","Dark","0.8","22.2","3200","57232","23.0","31%","27.0","","Opened","7.430","38","Safe","Calm","3.9","69","17.1","9.7","1001.1","1012.7"
"2026-09-21","21:19:52","Clear","Dry","Dark","0.8","22.2","3200","57232","23.0","31%","27.0","","Opened","7.853","38","Safe","Calm","4.2","69","17.1","9.7","1001.1","1012.7"
"2026-09-21","21:20:02","Clear","Dry","Dark","0.8","22.1","3200","57232","23.0","31%","27.0","","Opened","7.522","38","Safe","Calm","3.8","70","17.1","9.6","1001.2","1012.8"
"2026-09-21","21:20:12","Clear","Dry","Dark","0.9","22.1","3200","57232","23.0","31%","27.1","","Opened","7.537","38","Safe","Calm","3.1","69","17.1","9.8","1001.1","1012.7"
"2026-09-21","21:20:22","Clear","Dry","Dark","0.8","22.1","3200","57232","23.0","31%","27.0","","Opened","7.365","38","Safe","Calm","3.0","70","17.1","9.7","1001.1","1012.7"
"2026-09-21","21:20:32","Clear","Dry","Dark","0.9","22.1","3200","57232","22.9","31%","26.9","","Opened","7.428","38","Safe","Calm","3.3","70","17.1","9.8","1001.1","1012.7"
"2026-09-21","21:20:42","Clear","Dry","Dark","0.9","22.1","3200","57232","22.9","31%","26.9","","Opened","7.469","38","Safe","Calm","3.9","70","17.1","9.7","1001.1","1012.7"
"2026-09-21","21:20:53","Clear","Dry","Dark","0.9","22.1","3200","57232","23.0","31%","27.0","","Opened","7.990","38","Safe","Calm","3.0","70","17.1","9.7","1001.2","1012.8"
"2026-09-21","21:21:02","Clear","Dry","Dark","0.9","22.1","3200","57232","23.0","31%","27.0","","Opened","7.469","38","Safe","Calm","3.0","70","17.1","9.8","1001.2","1012.8"
"2026-09-21","21:21:12","Clear","Dry","Dark","1.0","22.1","3200","57232","22.9","31%","27.0","","Opened","7.455","38","Safe","Calm","3.6","70","17.1","9.8","1001.1","1012.7"
"2026-09-21","21:21:22","Clear","Dry","Dark","0.9","22.1","3200","57232","22.9","31%","27.0","","Opened","7.532","38","Safe","Calm","3.6","70","17.1","9.7","1001.2","1012.8"
"2026-09-21","21:21:32","Clear","Dry","Dark","0.8","22.1","3200","57232","23.0","31%","27.0","","Opened","7.404","38","Safe","Calm","3.5","70","17.1","9.6","1001.1","1012.7"
"2026-09-21","21:21:42","Clear","Dry","Dark","0.9","22.1","3200","57232","22.9","31%","26.9","","Opened","7.533","38","Safe","Calm","3.6","70","17.1","9.8","1001.1","1012.7"
"2026-09-21","21:21:52","Clear","Dry","Dark","0.7","22.1","3200","57232","22.9","31%","26.9","","Opened","7.672","38","Safe","Calm","4.5","70","17.1","9.6","1001.1","1012.7"
"2026-09-21","21:22:02","Clear","Dry","Dark","0.8","22.1","3200","57232","22.9","31%","26.9","","Opened","7.383","38","Safe","Calm","4.8","70","17.1","9.7","1001.1","1012.7"
"2026-09-21","21:22:12","Clear","Dry","Dark","0.7","22.1","3200","57232","22.9","31%","26.9","","Opened","7.443","38","Safe","Calm","5.0","70","17.1","9.6","1001.1","1012.7"
"2026-09-21","21:22:22","Clear","Dry","Dark","0.9","22.1","3200","57232","22.9","31%","26.9","","Opened","7.451","38","Safe","Calm","4.8","70","17.1","9.8","1001.1","1012.7"
"2026-09-21","21:22:32","Clear","Dry","Dark","0.7","22.1","3200","57232","22.9","31%","26.9","","Opened","7.414","38","Safe","Calm","4.0","70","17.1","9.6","1001.1","1012.7"
"2026-09-21","21:22:42","Clear","Dry","Dark","0.9","22.1","3200","57232","22.9","31%","26.9","","Opened","7.530","38","Safe","Calm","4.2","70","17.1","9.7","1001.2","1012.8"
"2026-09-21","21:22:52","Clear","Dry","Dark","0.7","22.1","3200","57232","22.9","31%","26.9","","Opened","7.722","38","Safe","Calm","4.2","70","17.1","9.5","1001.0","1012.6"
"2026-09-21","21:23:02","Clear","Dry","Dark","0.7","22.1","3200","57232","22.9","31%","26.8","","Opened","7.427","38","Safe","Calm","4.2","70","17.1","9.6","1001.1","1012.7"
"2026-09-21","21:23:12","Clear","Dry","Dark","0.8","22.1","3200","57232","22.9","31%","26.7","","Opened","7.561","38","Safe","Calm","4.2","70","17.1","9.6","1001.2","1012.8"
"2026-09-21","21:23:22","Clear","Dry","Dark","0.7","22.1","3200","57232","22.9","31%","26.8","","Opened","7.484","38","Safe","Calm","4.3","70","17.1","9.5","1001.1","1012.7"
"2026-09-21","21:23:32","Clear","Dry","Dark","0.7","22.1","3200","57232","22.9","31%","26.7","","Opened","7.468","38","Safe","Calm","5.2","70","17.1","9.5","1001.2","1012.8"
"2026-09-21","21:23:42","Clear","Dry","Dark","0.8","22.1","3200","57232","22.9","31%","26.7","","Opened","7.532","38","Safe","Calm","5.5","70","17.1","9.6","1001.1","1012.7"
"2026-09-21","21:23:52","Clear","Dry","Dark","0.6","22.1","3200","57232","22.9","31%","26.7","","Opened","7.791","38","Safe","Calm","5.4","70","17.1","9.4","1001.1","1012.7"
"2026-09-21","21:24:02","Clear","Dry","Dark","0.8","22.1","3200","57232","22.9","31%","26.7","","Opened","7.394","38","Safe","Calm","5.5","70","17.1","9.6","1001.1","1012.7"
"2026-09-21","21:24:12","Clear","Dry","Dark","0.8","22.1","3200","57232","22.9","31%","26.6","","Opened","7.558","38","Safe","Calm","5.4","70","17.1","9.6","1001.1","1012.7"
"2026-09-21","21:24:22","Clear","Dry","Dark","0.9","22.1","3200","57232","22.9","31%","26.7","","Opened","7.390","38","Safe","Calm","5.7","70","17.1","9.7","1001.1","1012.7"
"2026-09-21","21:24:32","Clear","Dry","Dark","0.7","22.1","3200","57232","22.9","31%","26.7","","Opened","7.402","38","Safe","Calm","5.5","70","17.1","9.5","1001.1","1012.7"
"2026-09-21","21:24:42","Clear","Dry","Dark","0.7","22.1","3200","57232","22.8","31%","26.7","","Opened","7.313","38","Safe","Calm","5.1","70","17.1","9.5","1001.2","1012.8"
"2026-09-21","21:24:52","Clear","Dry","Dark","0.8","22.1","3200","57232","22.8","31%","26.6","","Opened","7.559","38","Safe","Calm","5.2","70","17.1","9.6","1001.2","1012.8"
"2026-09-21","21:25:02","Clear","Dry","Dark","0.7","22.0","3200","57232","22.8","31%","26.6","","Opened","7.277","38","Safe","Calm","4.8","70","17.1","9.5","1001.1","1012.7"
"2026-09-21","21:25:12","Clear","Dry","Dark","0.8","22.0","3200","57232","22.8","31%","26.6","","Opened","7.314","38","Safe","Calm","4.8","70","17.1","9.6","1001.1","1012.7"
"2026-09-21","21:25:22","Clear","Wet","Dark","0.7","22.0","3199","57232","22.8","31%","26.6","","Opened","7.285","38","Safe","Calm","3.8","70","17.1","9.5","1001.2","1012.8"
"2026-09-21","21:25:32","Clear","Dry","Dark","0.7","22.0","3200","57232","22.8","31%","26.7","","Opened","7.415","38","Safe","Calm","3.6","70","17.1","9.5","1001.1","1012.7"
"2026-09-21","21:25:42","Clear","Dry","Dark","0.7","22.0","3200","57232","22.8","31%","26.7","","Opened","7.407","38","Safe","Calm","3.5","70","17.1","9.5","1001.2","1012.8"
"2026-09-21","21:25:52","Clear","Dry","Dark","0.7","22.0","3200","57232","22.8","31%","26.7","","Opened","7.591","38","Safe","Calm","2.6","70","17.1","9.4","1001.1","1012.7"
"2026-09-21","21:26:02","Clear","Dry","Dark","0.7","22.0","3200","57232","22.8","31%","26.7","","Opened","7.299","38","Safe","Calm","1.9","70","17.1","9.5","1001.1","1012.7"
"2026-09-21","21:26:12","Clear","Dry","Dark","0.8","22.0","3200","57232","22.8","31%","26.7","","Opened","7.379","38","Safe","Calm","2.3","70","17.1","9.6","1001.1","1012.7"
"2026-09-21","21:26:22","Clear","Dry","Dark","0.7","22.0","3200","57232","22.8","31%","26.7","","Opened","7.330","38","Safe","Calm","3.1","70","17.1","9.4","1001.2","1012.8"
"2026-09-21","21:26:32","Clear","Dry","Dark","0.8","22.0","3200","57232","22.8","31%","26.7","","Opened","7.346","38","Safe","Calm","3.3","70","17.1","9.5","1001.1","1012.7"
"2026-09-21","21:26:42","Clear","Dry","Dark","0.8","22.0","3200","57232","22.8","31%","26.7","","Opened","7.310","38","Safe","Calm","3.4","70","17.1","9.5","1001.1","1012.7"
"2026-09-21","21:26:52","Clear","Dry","Dark","0.7","22.0","3200","57232","22.8","31%","26.7","","Opened","7.681","38","Safe","Calm","4.0","70","17.1","9.4","1001.1","1012.7"
"2026-09-21","21:27:02","Clear","Dry","Dark","0.7","22.0","3200","57232","22.8","31%","26.7","","Opened","7.344","38","Safe","Calm","4.8","70","17.1","9.4","1001.1","1012.7"
"2026-09-21","21:27:12","Clear","Dry","Dark","0.7","21.9","3200","57232","22.7","31%","26.7","","Opened","7.388","38","Safe","Calm","3.8","70","17.1","9.4","1001.1","1012.7"
"2026-09-21","21:27:22","Clear","Dry","Dark","0.8","21.9","3200","57232","22.8","31%","26.7","","Opened","7.375","38","Safe","Calm","3.9","70","17.1","9.6","1001.1","1012.7"
"2026-09-21","21:27:32","Clear","Dry","Dark","0.7","21.9","3200","57232","22.7","31%","26.6","","Opened","7.402","38","Safe","Calm","3.9","70","17.1","9.5","1001.1","1012.7"
"2026-09-21","21:27:42","Clear","Dry","Dark","0.6","21.9","3200","57232","22.7","31%","26.6","","Opened","7.496","38","Safe","Calm","3.8","70","17.1","9.4","1001.1","1012.7"
"2026-09-21","21:27:52","Clear","Dry","Dark","0.7","22.0","3200","57232","22.7","31%","26.6","","Opened","7.619","38","Safe","Calm","4.0","70","17.1","9.4","1001.1","1012.7"
"2026-09-21","21:28:02","Clear","Dry","Dark","0.7","22.0","3200","57232","22.7","31%","26.5","","Opened","7.356","38","Safe","Calm","4.0","70","17.1","9.4","1001.1","1012.7"
"2026-09-21","21:28:12","Clear","Dry","Dark","0.7","21.9","3200","57232","22.7","31%","26.5","","Opened","7.336","38","Safe","Calm","4.8","71","17.1","9.4","1001.2","1012.8"
"2026-09-21","21:28:22","Clear","Dry","Dark","0.6","21.9","3200","57232","22.7","31%","26.5","","Opened","7.426","38","Safe","Calm","4.5","70","17.0","9.3","1001.1","1012.7"
"2026-09-21","21:28:32","Clear","Dry","Dark","0.8","21.9","3200","57232","22.7","31%","26.6","","Opened","7.378","38","Safe","Calm","4.5","70","17.1","9.5","1001.1","1012.7"
"2026-09-21","21:28:42","Clear","Dry","Dark","0.7","21.9","3200","57232","22.7","31%","26.5","","Opened","7.453","38","Safe","Calm","4.7","71","17.1","9.4","1001.2","1012.8"
"2026-09-21","21:28:52","Clear","Dry","Dark","0.7","21.9","3200","57232","22.7","31%","26.6","","Opened","7.513","38","Safe","Calm","4.5","71","17.1","9.5","1001.2","1012.8"
"2026-09-21","21:29:02","Clear","Dry","Dark","0.7","21.9","3200","57232","22.7","31%","26.6","","Opened","7.264","38","Safe","Calm","4.5","71","17.1","9.4","1001.1","1012.7"
"2026-09-21","21:29:12","Clear","Dry","Dark","0.8","21.9","3200","57232","22.7","31%","26.6","","Opened","7.371","38","Safe","Calm","4.5","71","17.1","9.5","1001.1","1012.7"
"2026-09-21","21:29:22","Clear","Dry","Dark","0.8","21.9","3200","57232","22.7","31%","26.5","","Opened","7.363","38","Safe","Calm","4.8","71","17.1","9.5","1001.1","1012.7"
"2026-09-21","21:29:32","Clear","Dry","Dark","0.8","21.9","3200","57232","22.7","31%","26.5","","Opened","7.345","38","Safe","Calm","5.0","71","17.1","9.5","1001.1","1012.7"
"2026-09-21","21:29:42","Clear","Dry","Dark","0.8","21.9","3200","57232","22.7","31%","26.5","","Opened","7.321","38","Safe","Calm","5.0","71","17.1","9.5","1001.2","1012.8"
"2026-09-21","21:29:52","Clear","Dry","Dark","0.7","21.9","3200","57232","22.7","31%","26.5","","Opened","7.662","38","Safe","Calm","4.8","71","17.1","9.4","1001.3","1012.9"
"2026-09-21","21:30:02","Clear","Dry","Dark","0.6","21.9","3200","57232","22.7","31%","26.5","","Opened","7.413","38","Safe","Calm","4.0","71","17.1","9.3","1001.2","1012.8"
"2026-09-21","21:30:12","Clear","Dry","Dark","0.7","21.9","3200","57232","22.6","31%","26.6","","Opened","7.388","38","Safe","Calm","3.9","71","17.0","9.4","1001.2","1012.8"
"2026-09-21","21:30:22","Clear","Dry","Dark","0.7","21.9","3200","57232","22.7","31%","26.6","","Opened","7.388","38","Safe","Calm","3.0","71","17.1","9.4","1001.1","1012.7"
"2026-09-21","21:30:32","Clear","Dry","Dark","0.7","21.8","3200","57232","22.7","31%","26.7","","Opened","7.333","38","Safe","Calm","2.1","71","17.1","9.4","1001.2","1012.8"
"2026-09-21","21:30:42","Clear","Dry","Dark","0.7","21.8","3200","57232","22.6","31%","26.7","","Opened","7.298","38","Safe","Calm","2.1","71","17.0","9.4","1001.1","1012.7"
"2026-09-21","21:30:52","Clear","Dry","Dark","0.7","21.8","3200","57232","22.7","31%","26.7","","Opened","7.503","38","Safe","Calm","2.1","71","17.1","9.4","1001.1","1012.7"
"2026-09-21","21:31:02","Clear","Dry","Dark","0.7","21.8","3200","57232","22.7","31%","26.7","","Opened","7.399","38","Safe","Calm","2.7","71","17.0","9.4","1001.2","1012.8"
"2026-09-21","21:31:12","Clear","Dry","Dark","0.8","21.8","3200","57232","22.6","31%","26.7","","Opened","7.369","38","Safe","Calm","2.7","71","17.0","9.5","1001.1","1012.7"
"2026-09-21","21:31:22","Clear","Dry","Dark","0.7","21.8","3200","57232","22.7","31%","26.7","","Opened","7.352","38","Safe","Calm","3.3","71","17.1","9.4","1001.2","1012.8"
"2026-09-21","21:31:32","Clear","Dry","Dark","0.7","21.8","3200","57232","22.6","31%","26.7","","Opened","7.331","38","Safe","Calm","4.0","71","17.0","9.4","1001.2","1012.8"
"2026-09-21","21:31:42","Clear","Dry","Dark","0.7","21.8","3200","57232","22.7","31%","26.7","","Opened","7.324","38","Safe","Calm","3.8","71","17.1","9.4","1001.1","1012.7"
"2026-09-21","21:31:52","Clear","Dry","Dark","0.6","21.8","3200","57232","22.7","31%","26.7","","Opened","7.534","38","Safe","Calm","4.1","71","17.1","9.3","1001.1","1012.7"
"2026-09-21","21:32:02","Clear","Dry","Dark","0.7","21.8","3200","57232","22.6","31%","26.6","","Opened","7.395","38","Safe","Calm","4.3","71","17.0","9.3","1001.2","1012.8"
"2026-09-21","21:32:12","Clear","Dry","Dark","0.8","21.8","3200","57232","22.6","31%","26.6","","Opened","7.363","38","Safe","Calm","4.5","71","17.0","9.5","1001.2","1012.8"
"2026-09-21","21:32:22","Clear","Dry","Dark","0.7","21.8","3200","57232","22.6","31%","26.5","","Opened","7.403","38","Safe","Calm","4.8","71","17.1","9.4","1001.1","1012.7"
"2026-09-21","21:32:32","Clear","Dry","Dark","0.6","21.8","3200","57232","22.6","31%","26.5","","Opened","7.374","38","Safe","Calm","4.8","71","17.1","9.3","1001.1","1012.7"
"2026-09-21","21:32:42","Clear","Dry","Dark","0.6","21.8","3200","57232","22.6","31%","26.5","","Opened","7.406","38","Safe","Calm","4.8","71","17.1","9.3","1001.1","1012.7"
"2026-09-21","21:32:52","Clear","Dry","Dark","0.8","21.8","3200","57232","22.6","31%","26.5","","Opened","7.510","38","Safe","Calm","4.7","71","17.0","9.4","1001.1","1012.7"
"2026-09-21","21:33:02","Clear","Dry","Dark","0.7","21.8","3200","57232","22.6","31%","26.5","","Opened","7.303","38","Safe","Calm","4.7","71","17.1","9.4","1001.1","1012.7"
"2026-09-21","21:33:12","Clear","Dry","Dark","0.8","21.8","3200","57232","22.6","31%","26.5","","Opened","7.388","38","Safe","Calm","4.4","71","17.0","9.4","1001.2","1012.8"
"2026-09-21","21:33:22","Clear","Dry","Dark","0.7","21.8","3200","57232","22.6","31%","26.6","","Opened","7.382","38","Safe","Calm","4.1","71","17.0","9.4","1001.1","1012.7"
"2026-09-21","21:33:32","Clear","Dry","Dark","0.8","21.8","3200","57232","22.6","31%","26.5","","Opened","7.348","38","Safe","Calm","4.5","71","17.1","9.4","1001.1","1012.7"
"2026-09-21","21:33:42","Clear","Dry","Dark","0.8","21.8","3200","57232","22.6","31%","26.5","","Opened","7.310","38","Safe","Calm","4.8","71","17.1","9.4","1001.1","1012.7"
"2026-09-21","21:33:52","Clear","Dry","Dark","0.7","21.8","3200","57232","22.6","31%","26.5","","Opened","7.598","38","Safe","Calm","4.7","71","17.0","9.4","1001.1","1012.7"
"2026-09-21","21:34:02","Clear","Dry","Dark","0.9","21.8","3200","57232","22.6","31%","26.5","","Opened","7.343","38","Safe","Calm","4.7","71","17.1","9.5","1001.1","1012.7"
"2026-09-21","21:34:12","Clear","Dry","Dark","0.9","21.8","3200","57232","22.6","31%","26.4","","Opened","7.452","38","Safe","Calm","4.8","71","17.1","9.5","1001.1","1012.7"
"2026-09-21","21:34:22","Clear","Dry","Dark","0.9","21.8","3200","57232","22.6","31%","26.4","","Opened","7.411","38","Safe","Calm","5.1","71","17.1","9.5","1001.1","1012.7"
"2026-09-21","21:34:32","Clear","Dry","Dark","0.9","21.8","3200","57232","22.6","31%","26.3","Heating UP","Opened","7.496","38","Safe","Calm","5.2","71","17.1","9.6","1001.1","1012.7"
"2026-09-21","21:34:42","Clear","Dry","Dark","0.8","21.8","3200","57232","22.6","32%","26.3","Heating UP","Opened","7.476","38","Safe","Calm","5.1","71","17.1","9.4","1001.1","1012.7"
"2026-09-21","21:34:52","Clear","Dry","Dark","0.7","21.8","3200","57232","22.6","33%","26.3","","Opened","7.623","38","Safe","Calm","5.4","71","17.1","9.4","1001.1","1012.7"
"2026-09-21","21:35:02","Clear","Dry","Dark","0.8","21.8","3200","57232","22.6","33%","26.4","","Opened","7.418","38","Safe","Calm","5.4","71","17.1","9.4","1001.1","1012.7"
"2026-09-21","21:35:12","Clear","Dry","Dark","0.8","21.8","3200","57232","22.6","33%","26.4","","Opened","7.388","38","Safe","Calm","5.4","71","17.1","9.5","1001.2","1012.8"
"2026-09-21","21:35:22","Clear","Dry","Dark","0.8","21.8","3200","57232","22.6","33%","26.4","","Opened","7.313","38","Safe","Calm","5.1","71","17.1","9.4","1001.1","1012.7"
"2026-09-21","21:35:32","Clear","Dry","Dark","0.9","21.8","3200","57232","22.6","33%","26.4","","Opened","7.416","38","Safe","Calm","4.8","71","17.1","9.5","1001.2","1012.8"
"2026-09-21","21:35:42","Clear","Dry","Dark","0.8","21.8","3200","57232","22.5","33%","26.4","","Opened","7.385","38","Safe","Calm","4.8","71","17.1","9.4","1001.3","1012.9"
"2026-09-21","21:35:53","Clear","Dry","Dark","0.8","21.8","3200","57232","22.5","33%","26.5","","Opened","7.965","38","Safe","Calm","4.7","71","17.1","9.4","1001.1","1012.7"
"2026-09-21","21:36:02","Clear","Dry","Dark","0.8","21.8","3200","57232","22.5","33%","26.5","","Opened","7.533","38","Safe","Calm","4.5","71","17.1","9.4","1001.1","1012.7"
"2026-09-21","21:36:12","Clear","Dry","Dark","0.9","21.8","3200","57232","22.5","33%","26.5","","Opened","7.405","38","Safe","Calm","4.8","71","17.1","9.5","1001.2","1012.8"
"2026-09-21","21:36:22","Clear","Dry","Dark","0.8","21.8","3200","57232","22.6","33%","26.4","","Opened","7.532","38","Safe","Calm","5.1","71","17.1","9.4","1001.2","1012.8"
"2026-09-21","21:36:32","Clear","Dry","Dark","0.7","21.8","3200","57232","22.5","33%","26.4","","Opened","7.336","38","Safe","Calm","5.1","71","17.1","9.3","1001.1","1012.7"
"2026-09-21","21:36:42","Clear","Dry","Dark","0.7","21.8","3200","57232","22.5","33%","26.5","","Opened","7.407","38","Safe","Calm","5.1","71","17.1","9.3","1001.3","1012.9"
"2026-09-21","21:36:52","Clear","Dry","Dark","0.7","21.8","3200","57232","22.5","33%","26.5","","Opened","7.620","38","Safe","Calm","5.0","71","17.1","9.3","1001.2","1012.8"
"2026-09-21","21:37:03","Clear","Dry","Dark","0.8","21.8","3200","57232","22.5","33%","26.5","","Opened","7.978","38","Safe","Calm","4.3","71","17.1","9.4","1001.2","1012.8"
"2026-09-21","21:37:12","Clear","Dry","Dark","0.7","21.8","3200","57232","22.5","33%","26.6","","Opened","7.720","38","Safe","Calm","4.0","71","17.0","9.3","1001.2","1012.8"
"2026-09-21","21:37:22","Clear","Dry","Dark","0.7","21.8","3200","57232","22.5","33%","26.6","","Opened","7.670","38","Safe","Calm","3.8","71","17.1","9.3","1001.3","1012.9"
"2026-09-21","21:37:33","Clear","Dry","Dark","0.7","21.8","3200","57232","22.5","33%","26.6","","Opened","7.758","38","Safe","Calm","3.8","71","17.1","9.3","1001.2","1012.8"
"2026-09-21","21:37:42","Clear","Dry","Dark","0.7","21.8","3200","57232","22.5","33%","26.6","","Opened","7.669","38","Safe","Calm","3.8","71","17.0","9.4","1001.2","1012.8"
"2026-09-21","21:37:54","Clear","Dry","Dark","0.6","21.8","3200","57232","22.5","33%","26.6","","Opened","9.439","38","Safe","Calm","3.8","71","17.1","9.3","1001.1","1012.7"
"2026-09-21","21:38:03","Clear","Dry","Dark","0.8","21.8","3200","57232","22.5","33%","26.6","","Opened","7.876","38","Safe","Calm","4.5","71","17.1","9.4","1001.1","1012.7"
"2026-09-21","21:38:12","Clear","Dry","Dark","0.8","21.8","3200","57232","22.5","33%","26.6","","Opened","7.384","38","Safe","Calm","4.7","71","17.1","9.4","1001.2","1012.8"
"2026-09-21","21:38:22","Clear","Dry","Dark","0.7","21.8","3200","57232","22.5","33%","26.6","","Opened","7.377","38","Safe","Calm","4.7","71","17.1","9.4","1001.1","1012.7"
"2026-09-21","21:38:32","Clear","Dry","Dark","0.8","21.8","3200","57232","22.5","33%","26.7","","Opened","7.352","38","Safe","Calm","4.5","71","17.1","9.4","1001.2","1012.8"
"2026-09-21","21:38:42","Clear","Dry","Dark","0.9","21.8","3200","57232","22.5","33%","26.6","","Opened","7.378","38","Safe","Calm","4.5","71","17.1","9.5","1001.2","1012.8"
"2026-09-21","21:38:53","Clear","Dry","Dark","0.8","21.8","3200","57232","22.5","33%","26.6","","Opened","7.958","38","Safe","Calm","4.5","71","17.1","9.5","1001.2","1012.8"
"2026-09-21","21:39:02","Clear","Dry","Dark","0.6","21.8","3200","57232","22.5","33%","26.6","","Opened","7.344","38","Safe","Calm","4.4","71","17.1","9.2","1001.2","1012.8"
"2026-09-21","21:39:12","Clear","Dry","Dark","0.7","21.8","3200","57232","22.5","33%","26.6","","Opened","7.352","38","Safe","Calm","4.3","71","17.1","9.3","1001.1","1012.7"
"2026-09-21","21:39:22","Clear","Dry","Dark","0.9","21.8","3200","57232","22.5","33%","26.7","","Opened","7.329","38","Safe","Calm","4.8","71","17.1","9.5","1001.2","1012.8"
"2026-09-21","21:39:32","Clear","Dry","Dark","0.6","21.8","3200","57232","22.5","33%","26.6","","Opened","7.324","38","Safe","Calm","5.0","71","17.1","9.2","1001.3","1012.9"
"2026-09-21","21:39:42","Clear","Dry","Dark","0.8","21.8","3200","57232","22.5","33%","26.6","","Opened","7.451","38","Safe","Calm","5.1","71","17.1","9.4","1001.2","1012.8"
"2026-09-21","21:39:52","Clear","Dry","Dark","0.7","21.8","3200","57232","22.5","33%","26.6","","Opened","7.673","38","Safe","Calm","5.2","71","17.1","9.4","1001.2","1012.8"
"2026-09-21","21:40:02","Clear","Dry","Dark","0.7","21.8","3200","57232","22.5","33%","26.6","","Opened","7.358","38","Safe","Calm","5.5","71","17.1","9.3","1001.1","1012.7"
"2026-09-21","21:40:12","Clear","Dry","Dark","0.7","21.8","3200","57232","22.5","33%","26.6","","Opened","7.370","38","Safe","Calm","5.7","71","17.1","9.3","1001.1","1012.8"
"2026-09-21","21:40:22","Clear","Dry","Dark","0.7","21.8","3200","57232","22.5","33%","26.5","","Opened","7.398","38","Safe","Calm","5.2","71","17.1","9.3","1001.1","1012.8"
"2026-09-21","21:40:32","Clear","Dry","Dark","0.7","21.8","3200","57232","22.5","33%","26.5","","Opened","7.398","38","Safe","Calm","5.1","71","17.1","9.3","1001.1","1012.8"
"2026-09-21","21:40:42","Clear","Dry","Dark","0.8","21.8","3200","57232","22.5","33%","26.5","","Opened","7.583","38","Safe","Calm","5.0","71","17.1","9.4","1001.1","1012.8"
"2026-09-21","21:40:52","Clear","Dry","Dark","0.8","21.8","3200","57232","22.5","33%","26.5","","Opened","7.557","38","Safe","Calm","4.8","71","17.1","9.4","1001.2","1012.8"
"2026-09-21","21:41:02","Clear","Dry","Dark","0.7","21.8","3200","57232","22.5","33%","26.6","","Opened","7.281","38","Safe","Calm","4.7","71","17.1","9.3","1001.2","1012.8"
"2026-09-21","21:41:12","Clear","Dry","Dark","0.7","21.8","3200","57232","22.5","33%","26.6","","Opened","7.384","38","Safe","Calm","4.4","71","17.1","9.3","1001.2","1012.8"
"2026-09-21","21:41:22","Clear","Dry","Dark","0.6","21.8","3200","57232","22.5","33%","26.6","","Opened","7.371","38","Safe","Calm","3.6","71","17.1","9.2","1001.3","1012.9"
"2026-09-21","21:41:32","Clear","Dry","Dark","0.7","21.7","3200","57232","22.5","33%","26.7","","Opened","7.396","38","Safe","Calm","2.8","71","17.1","9.3","1001.1","1012.8"
"2026-09-21","21:41:42","Clear","Dry","Dark","0.7","21.7","3200","57232","22.5","33%","26.7","","Opened","7.351","38","Safe","Calm","2.8","71","17.1","9.3","1001.1","1012.8"
"2026-09-21","21:41:52","Clear","Dry","Dark","0.6","21.7","3200","57232","22.5","33%","26.6","","Opened","7.543","38","Safe","Calm","3.0","71","17.1","9.2","1001.2","1012.8"
"2026-09-21","21:42:02","Clear","Dry","Dark","0.5","21.7","3200","57232","22.5","33%","26.7","","Opened","7.303","38","Safe","Calm","2.2","71","17.1","9.1","1001.2","1012.8"
"2026-09-21","21:42:12","Clear","Dry","Dark","0.6","21.7","3200","57232","22.5","33%","26.8","","Opened","7.389","38","Safe","Calm","1.6","71","17.1","9.2","1001.1","1012.8"
"2026-09-21","21:42:22","Clear","Dry","Dark","0.6","21.6","3200","57232","22.5","33%","26.8","Heating DOWN","Opened","7.325","38","Safe","Calm","1.6","71","17.0","9.2","1001.1","1012.8"
"2026-09-21","21:42:32","Clear","Wet","Dark","0.8","21.7","3199","57232","22.5","32%","26.9","Heating DOWN","Opened","7.490","38","Safe","Calm","2.3","71","17.0","9.4","1001.1","1012.8"
"2026-09-21","21:42:42","Clear","Dry","Dark","0.6","21.6","3200","57232","22.5","31%","26.9","Heating DOWN","Opened","7.597","38","Safe","Calm","2.2","71","17.0","9.2","1001.1","1012.8"
"2026-09-21","21:42:52","Clear","Dry","Dark","0.7","21.6","3200","57232","22.5","30%","26.9","Heating DOWN","Opened","7.718","38","Safe","Calm","2.2","71","17.0","9.3","1001.3","1012.9"
"2026-09-21","21:43:02","Clear","Dry","Dark","0.8","21.6","3200","57232","22.5","30%","26.7","","Opened","7.307","38","Safe","Calm","3.1","71","17.0","9.4","1001.1","1012.8"
"2026-09-21","21:43:12","Clear","Dry","Dark","0.8","21.6","3200","57232","22.5","30%","26.7","","Opened","7.380","38","Safe","Calm","3.9","71","17.0","9.4","1001.2","1012.8"
"2026-09-21","21:43:22","Clear","Dry","Dark","0.8","21.6","3200","57232","22.4","30%","26.6","","Opened","7.364","38","Safe","Calm","4.8","71","17.0","9.3","1001.2","1012.8"
"2026-09-21","21:43:32","Clear","Dry","Dark","0.7","21.7","3200","57232","22.4","30%","26.5","","Opened","7.296","38","Safe","Calm","4.8","72","17.0","9.2","1001.1","1012.8"
"2026-09-21","21:43:42","Clear","Dry","Dark","0.7","21.7","3200","57232","22.5","30%","26.5","","Opened","7.409","38","Safe","Calm","4.8","72","17.1","9.3","1001.1","1012.8"
"2026-09-21","21:43:52","Clear","Dry","Dark","0.6","21.7","3200","57232","22.4","30%","26.5","","Opened","7.593","38","Safe","Calm","4.0","72","17.0","9.2","1001.2","1012.8"
"2026-09-21","21:44:02","Clear","Dry","Dark","0.7","21.6","3200","57232","22.4","30%","26.5","","Opened","7.356","38","Safe","Calm","3.9","72","17.0","9.2","1001.1","1012.8"
"2026-09-21","21:44:12","Clear","Dry","Dark","0.6","21.7","3200","57232","22.4","30%","26.5","","Opened","7.310","38","Safe","Calm","3.1","72","17.0","9.2","1001.1","1012.8"
"2026-09-21","21:44:22","Clear","Dry","Dark","0.5","21.6","3200","57232","22.4","30%","26.5","","Opened","7.412","38","Safe","Calm","2.2","72","17.0","9.1","1001.1","1012.8"
"2026-09-21","21:44:32","Clear","Dry","Dark","0.5","21.6","3200","57232","22.4","30%","26.5","","Opened","7.370","38","Safe","Calm","1.4","71","17.0","9.1","1001.2","1012.8"
"2026-09-21","21:44:42","Clear","Dry","Dark","0.7","21.6","3200","57232","22.5","30%","26.6","","Opened","7.343","38","Safe","Calm","1.4","71","17.1","9.3","1001.2","1012.8"
"2026-09-21","21:44:52","Clear","Dry","Dark","0.6","21.6","3200","57232","22.4","30%","26.5","","Opened","7.575","38","Safe","Calm","2.2","71","17.0","9.2","1001.2","1012.8"
"2026-09-21","21:45:02","Clear","Dry","Dark","0.6","21.6","3200","57232","22.5","30%","26.5","","Opened","7.272","38","Safe","Calm","2.2","72","17.1","9.1","1001.2","1012.8"
"2026-09-21","21:45:12","Clear","Dry","Dark","0.6","21.6","3200","57232","22.4","30%","26.4","","Opened","7.413","38","Safe","Calm","2.2","72","17.1","9.2","1001.2","1012.8"
"2026-09-21","21:45:22","Clear","Dry","Dark","0.6","21.6","3200","57232","22.4","30%","26.4","","Opened","7.377","38","Safe","Calm","2.2","72","17.0","9.1","1001.1","1012.7"
"2026-09-21","21:45:32","Clear","Dry","Dark","0.6","21.6","3200","57232","22.4","30%","26.4","","Opened","7.385","38","Safe","Calm","2.8","72","17.0","9.2","1001.1","1012.7"
"2026-09-21","21:45:42","Clear","Dry","Dark","0.6","21.6","3200","57232","22.4","30%","26.4","","Opened","7.355","38","Safe","Calm","2.8","72","17.0","9.2","1001.2","1012.8"
"2026-09-21","21:45:52","Clear","Dry","Dark","0.7","21.6","3200","57232","22.4","30%","26.4","","Opened","7.617","38","Safe","Calm","2.1","72","17.0","9.2","1001.2","1012.8"
"2026-09-21","21:46:02","Clear","Dry","Dark","0.5","21.6","3200","57232","22.4","30%","26.4","","Opened","7.319","38","Safe","Calm","1.9","72","17.0","9.1","1001.2","1012.8"
"2026-09-21","21:46:12","Clear","Dry","Dark","0.6","21.6","3200","57232","22.4","30%","26.5","","Opened","7.341","38","Safe","Calm","1.9","72","17.0","9.1","1001.2","1012.8"
"2026-09-21","21:46:22","Clear","Dry","Dark","0.6","21.6","3200","57232","22.4","30%","26.5","","Opened","7.377","38","Safe","Calm","1.9","72","17.0","9.1","1001.1","1012.8"
"2026-09-21","21:46:32","Clear","Dry","Dark","0.7","21.5","3200","57232","22.4","30%","26.5","","Opened","7.339","38","Safe","Calm","1.3","72","17.0","9.2","1001.2","1012.8"
"2026-09-21","21:46:42","Clear","Dry","Dark","0.7","21.6","3200","57232","22.4","30%","26.3","","Opened","7.362","38","Safe","Calm","0.6","72","17.0","9.2","1001.2","1012.8"
"2026-09-21","21:46:52","Clear","Dry","Dark","0.5","21.6","3200","57232","22.4","30%","26.3","","Opened","7.569","38","Safe","Calm","1.3","72","17.0","9.1","1001.1","1012.8"
"2026-09-21","21:47:02","Clear","Dry","Dark","0.6","21.6","3200","57232","22.4","30%","26.3","","Opened","7.320","38","Safe","Calm","0.6","72","17.0","9.1","1001.2","1012.8"
"2026-09-21","21:47:12","Clear","Dry","Dark","0.6","21.6","3200","57232","22.4","30%","26.3","","Opened","7.308","38","Safe","Calm","0.6","72","17.0","9.2","1001.1","1012.8"
"2026-09-21","21:47:22","Clear","Dry","Dark","0.6","21.5","3200","57232","22.4","30%","26.4","","Opened","7.428","38","Safe","Calm","0.6","72","17.0","9.2","1001.3","1012.9"
"2026-09-21","21:47:32","Clear","Dry","Dark","0.6","21.5","3200","57232","22.4","30%","26.4","","Opened","7.336","38","Safe","Calm","1.3","72","17.0","9.2","1001.1","1012.8"
"2026-09-21","21:47:42","Clear","Dry","Dark","0.6","21.5","3200","57232","22.4","30%","26.3","","Opened","7.303","38","Safe","Calm","2.1","72","17.0","9.1","1001.3","1012.9"
"2026-09-21","21:47:52","Clear","Dry","Dark","0.6","21.5","3200","57232","22.4","30%","26.4","","Opened","7.626","38","Safe","Calm","2.2","72","17.0","9.2","1001.2","1012.8"
"2026-09-21","21:48:02","Clear","Dry","Dark","0.7","21.6","3200","57232","22.4","30%","26.4","","Opened","7.478","38","Safe","Calm","3.0","72","17.1","9.2","1001.1","1012.8"
"2026-09-21","21:48:12","Clear","Dry","Dark","0.6","21.5","3200","57232","22.4","30%","26.3","","Opened","7.417","38","Safe","Calm","3.6","72","17.0","9.1","1001.2","1012.8"
"2026-09-21","21:48:22","Clear","Dry","Dark","0.8","21.5","3200","57232","22.4","30%","26.3","","Opened","7.430","38","Safe","Calm","4.4","72","17.0","9.3","1001.2","1012.8"
"2026-09-21","21:48:32","Clear","Dry","Dark","0.8","21.5","3200","57232","22.4","30%","26.3","","Opened","7.594","38","Safe","Calm","4.8","72","17.0","9.3","1001.1","1012.8"
"2026-09-21","21:48:42","Clear","Dry","Dark","0.7","21.6","3200","57232","22.4","30%","26.2","","Opened","7.322","38","Safe","Calm","5.0","72","17.0","9.2","1001.1","1012.8"
"2026-09-21","21:48:52","Clear","Dry","Dark","0.7","21.5","3200","57232","22.4","30%","26.2","","Opened","7.517","38","Safe","Calm","5.0","72","17.1","9.2","1001.3","1012.9"
"2026-09-21","21:49:02","Clear","Dry","Dark","0.7","21.6","3200","57232","22.4","30%","26.2","","Opened","7.527","38","Safe","Calm","4.8","72","17.0","9.3","1001.1","1012.8"
"2026-09-21","21:49:14","Clear","Dry","Dark","0.7","21.6","3200","57232","22.4","30%","26.2","","Opened","8.776","38","Safe","Calm","5.0","72","17.1","9.2","1001.2","1012.8"
"2026-09-21","21:49:22","Clear","Dry","Dark","0.6","21.5","3200","57232","22.4","30%","26.1","Heating UP","Opened","7.464","38","Safe","Calm","4.8","72","17.0","9.1","1001.1","1012.8"
"2026-09-21","21:49:32","Clear","Dry","Dark","0.7","21.6","3200","57232","22.4","30%","26.1","Heating UP","Opened","7.491","38","Safe","Calm","4.4","72","17.1","9.2","1001.1","1012.8"
"2026-09-21","21:49:42","Clear","Dry","Dark","0.6","21.6","3200","57232","22.4","31%","26.1","Heating UP","Opened","7.421","38","Safe","Calm","4.3","72","17.1","9.2","1001.1","1012.8"
"2026-09-21","21:49:52","Clear","Dry","Dark","0.8","21.6","3200","57232","22.4","32%","26.2","","Opened","7.592","38","Safe","Calm","4.1","72","17.0","9.3","1001.2","1012.8"
"2026-09-21","21:50:02","Clear","Dry","Dark","0.6","21.5","3200","57232","22.4","32%","26.2","","Opened","7.291","38","Safe","Calm","3.5","72","17.1","9.1","1001.2","1012.8"
"2026-09-21","21:50:12","Clear","Dry","Dark","0.7","21.5","3200","57232","22.4","32%","26.3","","Opened","7.377","38","Safe","Calm","3.3","72","17.0","9.2","1001.1","1012.8"
"2026-09-21","21:50:22","Clear","Dry","Dark","0.5","21.5","3200","57232","22.4","32%","26.3","","Opened","7.324","38","Safe","Calm","2.7","72","17.0","9.0","1001.1","1012.8"
"2026-09-21","21:50:32","Clear","Dry","Dark","0.6","21.5","3200","57232","22.4","32%","26.3","","Opened","7.310","38","Safe","Calm","2.1","72","17.0","9.1","1001.2","1012.8"
"2026-09-21","21:50:42","Clear","Dry","Dark","0.7","21.5","3200","57232","22.4","32%","26.3","","Opened","7.355","38","Safe","Calm","1.9","72","17.0","9.2","1001.2","1012.8"
"2026-09-21","21:50:52","Clear","Dry","Dark","0.5","21.5","3200","57232","22.4","32%","26.3","","Opened","7.616","38","Safe","Calm","1.3","72","17.1","9.1","1001.1","1012.8"
"2026-09-21","21:51:02","Clear","Dry","Dark","0.5","21.5","3200","57232","22.4","32%","26.4","","Opened","7.386","38","Safe","Calm","1.3","72","17.1","9.1","1001.2","1012.8"
"2026-09-21","21:51:12","Clear","Dry","Dark","0.6","21.5","3200","57232","22.4","32%","26.4","","Opened","7.368","38","Safe","Calm","0.6","72","17.0","9.1","1001.2","1012.8"
"2026-09-21","21:51:22","Clear","Dry","Dark","0.7","21.5","3200","57232","22.4","32%","26.5","","Opened","7.334","38","Safe","Calm","1.4","72","17.1","9.2","1001.2","1012.8"
"2026-09-21","21:51:32","Clear","Dry","Dark","0.7","21.5","3200","57232","22.4","32%","26.4","","Opened","7.336","38","Safe","Calm","2.2","72","17.0","9.3","1001.1","1012.8"
"2026-09-21","21:51:42","Clear","Dry","Dark","0.6","21.5","3200","57232","22.4","32%","26.4","","Opened","7.340","38","Safe","Calm","1.6","72","17.1","9.1","1001.1","1012.8"
"2026-09-21","21:51:52","Clear","Dry","Dark","0.7","21.5","3200","57232","22.4","32%","26.5","","Opened","7.586","38","Safe","Calm","1.6","72","17.1","9.2","1001.2","1012.8"
"2026-09-21","21:52:02","Clear","Dry","Dark","0.6","21.5","3200","57232","22.4","32%","26.4","","Opened","7.323","38","Safe","Calm","2.3","72","17.1","9.2","1001.2","1012.8"
"2026-09-21","21:52:12","Clear","Dry","Dark","0.6","21.5","3200","57232","22.4","32%","26.4","","Opened","7.306","38","Safe","Calm","3.0","72","17.1","9.1","1001.2","1012.8"
"2026-09-21","21:52:22","Clear","Dry","Dark","0.8","21.5","3200","57232","22.4","32%","26.5","","Opened","7.322","38","Safe","Calm","3.0","72","17.1","9.3","1001.2","1012.8"
"2026-09-21","21:52:32","Clear","Dry","Dark","0.7","21.5","3200","57232","22.4","32%","26.4","","Opened","7.330","38","Safe","Calm","3.0","72","17.1","9.3","1001.1","1012.8"
"2026-09-21","21:52:42","Clear","Dry","Dark","0.6","21.5","3200","57232","22.4","32%","26.5","","Opened","7.294","38","Safe","Calm","3.6","72","17.1","9.1","1001.2","1012.8"
"2026-09-21","21:52:52","Clear","Dry","Dark","0.6","21.5","3200","57232","22.3","32%","26.5","","Opened","7.655","38","Safe","Calm","3.6","72","17.0","9.1","1001.2","1012.8"
"2026-09-21","21:53:02","Clear","Dry","Dark","0.7","21.5","3200","57232","22.4","32%","26.5","","Opened","7.404","38","Safe","Calm","3.5","72","17.1","9.2","1001.2","1012.8"
"2026-09-21","21:53:12","Clear","Dry","Dark","0.6","21.5","3200","57232","22.4","32%","26.5","","Opened","7.457","38","Safe","Calm","3.5","72","17.1","9.2","1001.2","1012.8"
"2026-09-21","21:53:22","Clear","Dry","Dark","0.5","21.5","3200","57232","22.4","32%","26.5","","Opened","7.323","38","Safe","Calm","3.3","72","17.1","9.1","1001.2","1012.8"
"2026-09-21","21:53:32","Clear","Dry","Dark","0.6","21.5","3200","57232","22.4","32%","26.5","","Opened","7.484","38","Safe","Calm","3.2","72","17.1","9.1","1001.3","1012.9"
"2026-09-21","21:53:42","Clear","Dry","Dark","0.6","21.5","3200","57232","22.4","32%","26.5","","Opened","7.335","38","Safe","Calm","3.3","72","17.1","9.1","1001.2","1012.8"
"2026-09-21","21:53:53","Clear","Dry","Dark","0.6","21.5","3200","57232","22.4","32%","26.4","","Opened","7.731","38","Safe","Calm","4.3","72","17.1","9.1","1001.3","1012.9"
"2026-09-21","21:54:02","Clear","Dry","Dark","0.7","21.5","3200","57232","22.3","32%","26.4","","Opened","7.315","38","Safe","Calm","4.4","72","17.1","9.2","1001.2","1012.8"
"2026-09-21","21:54:12","Clear","Dry","Dark","0.6","21.5","3200","57232","22.4","32%","26.4","","Opened","7.301","38","Safe","Calm","4.7","72","17.1","9.2","1001.3","1012.9"
"2026-09-21","21:54:22","Clear","Dry","Dark","0.6","21.5","3200","57232","22.4","32%","26.4","","Opened","7.402","38","Safe","Calm","4.8","72","17.1","9.2","1001.3","1012.9"
"2026-09-21","21:54:32","Clear","Dry","Dark","0.7","21.5","3200","57232","22.4","32%","26.4","","Opened","7.354","38","Safe","Calm","4.8","72","17.1","9.2","1001.3","1012.9"
"2026-09-21","21:54:42","Clear","Dry","Dark","0.6","21.5","3200","57232","22.3","32%","26.4","","Opened","7.360","38","Safe","Calm","4.7","72","17.1","9.1","1001.3","1012.9"
"2026-09-21","21:54:52","Clear","Dry","Dark","0.6","21.5","3200","57232","22.4","32%","26.5","","Opened","7.644","38","Safe","Calm","4.4","72","17.1","9.2","1001.3","1012.9"
"2026-09-21","21:55:02","Clear","Dry","Dark","0.6","21.4","3200","57232","22.3","32%","26.4","","Opened","7.414","38","Safe","Calm","4.4","72","17.1","9.1","1001.3","1012.9"
"2026-09-21","21:55:12","Clear","Dry","Dark","0.6","21.5","3200","57232","22.3","32%","26.4","","Opened","7.421","38","Safe","Calm","4.3","72","17.1","9.1","1001.3","1012.9"
"2026-09-21","21:55:22","Clear","Dry","Dark","0.7","21.5","3200","57232","22.3","32%","26.4","","Opened","7.293","38","Safe","Calm","4.1","72","17.1","9.2","1001.3","1012.9"
"2026-09-21","21:55:32","Clear","Dry","Dark","0.8","21.5","3200","57232","22.3","32%","26.4","","Opened","7.391","38","Safe","Calm","4.1","72","17.1","9.3","1001.3","1012.9"
"2026-09-21","21:55:42","Clear","Dry","Dark","0.6","21.5","3200","57232","22.3","32%","26.3","","Opened","7.396","38","Safe","Calm","4.3","72","17.1","9.2","1001.3","1012.9"
"2026-09-21","21:55:52","Clear","Dry","Dark","0.6","21.5","3200","57232","22.3","32%","26.3","","Opened","7.646","38","Safe","Calm","4.4","72","17.1","9.1","1001.2","1012.8"
"2026-09-21","21:56:02","Clear","Dry","Dark","0.6","21.4","3200","57232","22.3","32%","26.4","","Opened","7.410","38","Safe","Calm","4.3","72","17.1","9.1","1001.2","1012.8"
"2026-09-21","21:56:12","Clear","Dry","Dark","0.7","21.5","3200","57232","22.3","32%","26.4","","Opened","7.477","38","Safe","Calm","4.3","72","17.1","9.3","1001.2","1012.8"
"2026-09-21","21:56:22","Clear","Dry","Dark","0.6","21.5","3200","57232","22.3","32%","26.3","","Opened","7.491","38","Safe","Calm","4.3","72","17.0","9.1","1001.3","1012.9"
"2026-09-21","21:56:32","Clear","Dry","Dark","0.6","21.5","3200","57232","22.3","32%","26.3","","Opened","7.355","38","Safe","Calm","4.3","72","17.1","9.1","1001.3","1012.9"
"2026-09-21","21:56:42","Clear","Dry","Dark","0.6","21.4","3200","57232","22.3","32%","26.4","","Opened","7.316","38","Safe","Calm","3.5","72","17.1","9.2","1001.3","1012.9"
"2026-09-21","21:56:52","Clear","Dry","Dark","0.6","21.4","3200","57232","22.3","32%","26.4","","Opened","7.636","38","Safe","Calm","3.6","72","17.1","9.1","1001.3","1012.9"
"2026-09-21","21:57:02","Clear","Dry","Dark","0.7","21.4","3200","57232","22.3","32%","26.4","","Opened","7.318","38","Safe","Calm","3.8","72","17.1","9.2","1001.3","1012.9"
"2026-09-21","21:57:12","Clear","Dry","Dark","0.7","21.5","3200","57232","22.3","32%","26.4","","Opened","7.268","38","Safe","Calm","3.6","72","17.0","9.2","1001.4","1013.0"
"2026-09-21","21:57:22","Clear","Dry","Dark","0.6","21.4","3200","57232","22.3","32%","26.4","","Opened","7.371","38","Safe","Calm","3.0","72","17.1","9.1","1001.3","1012.9"
"2026-09-21","21:57:32","Clear","Dry","Dark","0.7","21.5","3200","57232","22.3","32%","26.4","","Opened","7.336","38","Safe","Calm","3.0","72","17.1","9.2","1001.3","1012.9"
"2026-09-21","21:57:42","Clear","Dry","Dark","0.8","21.5","3200","57232","22.3","32%","26.4","","Opened","7.378","38","Safe","Calm","3.8","72","17.1","9.3","1001.3","1012.9"
"2026-09-21","21:57:52","Clear","Dry","Dark","0.7","21.5","3200","57232","22.3","32%","26.3","","Opened","7.708","38","Safe","Calm","3.5","72","17.0","9.2","1001.3","1012.9"
"2026-09-21","21:58:02","Clear","Dry","Dark","0.6","21.5","3200","57232","22.3","32%","26.3","","Opened","7.390","38","Safe","Calm","3.3","72","17.1","9.1","1001.3","1012.9"
"2026-09-21","21:58:12","Clear","Dry","Dark","0.7","21.5","3200","57232","22.3","32%","26.3","","Opened","7.421","38","Safe","Calm","3.5","72","17.1","9.3","1001.3","1012.9"
"2026-09-21","21:58:22","Clear","Dry","Dark","0.5","21.5","3200","57232","22.3","32%","26.3","","Opened","7.348","38","Safe","Calm","4.1","72","17.1","9.0","1001.3","1012.9"
"2026-09-21","21:58:32","Clear","Dry","Dark","0.8","21.4","3200","57232","22.3","32%","26.4","","Opened","7.353","38","Safe","Calm","4.1","72","17.1","9.3","1001.2","1012.8"
"2026-09-21","21:58:42","Clear","Dry","Dark","0.8","21.5","3200","57232","22.3","32%","26.3","","Opened","7.413","38","Safe","Calm","4.1","72","17.1","9.3","1001.2","1012.8"
"2026-09-21","21:58:52","Clear","Dry","Dark","0.8","21.4","3200","57232","22.3","32%","26.3","","Opened","7.568","38","Safe","Calm","3.5","72","17.1","9.3","1001.3","1012.9"
"2026-09-21","21:59:02","Clear","Dry","Dark","0.7","21.5","3200","57232","22.3","32%","26.3","","Opened","7.336","38","Safe","Calm","3.5","72","17.1","9.2","1001.3","1012.9"
"2026-09-21","21:59:12","Clear","Dry","Dark","0.8","21.5","3200","57232","22.3","32%","26.3","","Opened","7.300","38","Safe","Calm","3.3","72","17.1","9.3","1001.3","1012.9"
"2026-09-21","21:59:22","Clear","Dry","Dark","0.7","21.5","3200","57232","22.3","32%","26.4","","Opened","7.584","38","Safe","Calm","3.6","72","17.1","9.2","1001.3","1012.9"
"2026-09-21","21:59:32","Clear","Dry","Dark","0.8","21.5","3200","57232","22.3","32%","26.3","","Opened","7.306","38","Safe","Calm","3.8","72","17.1","9.3","1001.2","1012.8"
"2026-09-21","21:59:42","Clear","Dry","Dark","0.8","21.5","3200","57232","22.3","32%","26.3","","Opened","7.462","38","Safe","Calm","3.6","72","17.1","9.3","1001.3","1012.9"
"2026-09-21","21:59:52","Clear","Dry","Dark","0.7","21.5","3200","57232","22.3","32%","26.3","","Opened","7.659","38","Safe","Calm","4.3","72","17.1","9.2","1001.3","1012.9"
"2026-09-21","22:00:02","Clear","Dry","Dark","0.8","21.5","3200","57232","22.3","32%","26.4","","Opened","7.317","38","Safe","Calm","4.3","72","17.1","9.3","1001.2","1012.8"
"2026-09-21","22:00:12","Clear","Dry","Dark","0.7","21.5","3200","57232","22.3","32%","26.4","","Opened","7.409","38","Safe","Calm","3.6","72","17.1","9.2","1001.3","1012.9"
"2026-09-21","22:00:22","Clear","Dry","Dark","0.8","21.5","3200","57232","22.3","32%","26.4","","Opened","7.449","38","Safe","Calm","2.7","72","17.1","9.3","1001.3","1012.9"
"2026-09-21","22:00:32","Clear","Dry","Dark","1.0","21.5","3200","57232","22.3","32%","26.4","","Opened","7.271","38","Safe","Calm","2.8","72","17.1","9.5","1001.3","1012.9"
"2026-09-21","22:00:42","Clear","Dry","Dark","0.9","21.5","3200","57232","22.3","32%","26.3","","Opened","7.430","38","Safe","Calm","3.0","72","17.1","9.3","1001.3","1012.9"
"2026-09-21","22:00:52","Clear","Dry","Dark","0.8","21.5","3200","57232","22.3","32%","26.3","","Opened","7.561","38","Safe","Calm","3.1","72","17.1","9.3","1001.2","1012.8"
"2026-09-21","22:01:02","Clear","Dry","Dark","0.8","21.5","3200","57232","22.3","32%","26.3","","Opened","7.477","38","Safe","Calm","3.1","72","17.1","9.2","1001.2","1012.8"
"2026-09-21","22:01:12","Clear","Dry","Dark","0.7","21.5","3200","57232","22.3","32%","26.3","","Opened","7.327","38","Safe","Calm","3.9","72","17.1","9.2","1001.4","1013.0"
"2026-09-21","22:01:22","Clear","Dry","Dark","0.7","21.5","3200","57232","22.3","32%","26.3","","Opened","7.291","38","Safe","Calm","4.7","72","17.1","9.2","1001.3","1012.9"
"2026-09-21","22:01:32","Clear","Dry","Dark","0.8","21.5","3200","57232","22.3","32%","26.3","","Opened","7.442","38","Safe","Calm","4.5","72","17.1","9.3","1001.3","1012.9"
"2026-09-21","22:01:42","Clear","Dry","Dark","0.8","21.5","3200","57232","22.3","32%","26.2","","Opened","7.342","38","Safe","Calm","4.7","72","17.1","9.3","1001.4","1013.0"
"2026-09-21","22:01:52","Clear","Dry","Dark","0.7","21.5","3200","57232","22.3","32%","26.3","","Opened","7.589","38","Safe","Calm","3.9","72","17.1","9.2","1001.3","1012.9"
"2026-09-21","22:02:02","Clear","Dry","Dark","0.6","21.5","3200","57232","22.3","32%","26.3","","Opened","7.324","38","Safe","Calm","4.0","72","17.1","9.1","1001.2","1012.8"
"2026-09-21","22:02:12","Clear","Dry","Dark","0.7","21.5","3200","57232","22.3","32%","26.3","","Opened","7.321","38","Safe","Calm","3.9","72","17.1","9.2","1001.2","1012.8"
"2026-09-21","22:02:22","Clear","Dry","Dark","0.8","21.5","3200","57232","22.3","32%","26.3","","Opened","7.401","38","Safe","Calm","4.2","72","17.1","9.2","1001.3","1012.9"
"2026-09-21","22:02:32","Clear","Dry","Dark","0.7","21.5","3200","57232","22.3","32%","26.2","","Opened","7.462","38","Safe","Calm","4.0","73","17.1","9.2","1001.3","1012.9"
"2026-09-21","22:02:42","Clear","Dry","Dark","0.8","21.5","3200","57232","22.3","32%","26.3","","Opened","7.271","38","Safe","Calm","3.8","72","17.1","9.3","1001.2","1012.8"
"2026-09-21","22:02:52","Clear","Dry","Dark","0.7","21.5","3200","57232","22.3","32%","26.3","","Opened","7.634","38","Safe","Calm","3.8","72","17.1","9.1","1001.2","1012.8"
"2026-09-21","22:03:02","Clear","Dry","Dark","0.9","21.5","3200","57232","22.3","32%","26.3","","Opened","7.318","38","Safe","Calm","3.9","72","17.1","9.4","1001.3","1012.9"
"2026-09-21","22:03:12","Clear","Dry","Dark","0.7","21.5","3200","57232","22.3","32%","26.3","","Opened","7.312","38","Safe","Calm","3.9","72","17.1","9.2","1001.2","1012.8"
"2026-09-21","22:03:22","Clear","Dry","Dark","0.7","21.5","3200","57232","22.3","32%","26.4","","Opened","7.386","38","Safe","Calm","2.8","72","17.1","9.2","1001.3","1012.9"
"2026-09-21","22:03:32","Clear","Dry","Dark","0.8","21.5","3200","57232","22.3","32%","26.4","","Opened","7.336","38","Safe","Calm","2.2","72","17.1","9.3","1001.1","1012.8"
"2026-09-21","22:03:42","Clear","Dry","Dark","0.9","21.5","3200","57232","22.3","32%","26.5","","Opened","7.298","38","Safe","Calm","2.2","72","17.1","9.4","1001.2","1012.8"
"2026-09-21","22:03:53","Clear","Dry","Dark","0.8","21.4","3200","57232","22.3","32%","26.5","","Opened","7.760","38","Safe","Calm","3.0","72","17.1","9.2","1001.2","1012.8"
"2026-09-21","22:04:02","Clear","Dry","Dark","0.8","21.4","3200","57232","22.3","32%","26.5","","Opened","7.632","38","Safe","Calm","2.7","72","17.1","9.3","1001.2","1012.8"
"2026-09-21","22:04:12","Clear","Dry","Dark","0.8","21.4","3200","57232","22.3","32%","26.5","","Opened","7.309","38","Safe","Calm","2.7","72","17.1","9.3","1001.2","1012.8"
"2026-09-21","22:04:22","Clear","Dry","Dark","1.0","21.4","3200","57232","22.3","32%","26.5","","Opened","7.435","38","Safe","Calm","3.9","72","17.1","9.5","1001.2","1012.8"
"2026-09-21","22:04:32","Clear","Dry","Dark","0.9","21.5","3200","57232","22.3","32%","26.4","","Opened","7.313","38","Safe","Calm","4.7","72","17.1","9.4","1001.1","1012.8"
"2026-09-21","22:04:42","Clear","Dry","Dark","1.0","21.5","3200","57232","22.3","32%","26.4","","Opened","7.396","38","Safe","Calm","5.1","73","17.1","9.4","1001.3","1012.9"
"2026-09-21","22:04:52","Clear","Dry","Dark","0.8","21.5","3200","57232","22.3","32%","26.3","","Opened","7.585","38","Safe","Calm","5.1","73","17.1","9.3","1001.2","1012.8"
"2026-09-21","22:05:02","Clear","Dry","Dark","0.7","21.5","3200","57232","22.2","32%","26.3","","Opened","7.312","38","Safe","Calm","5.2","73","17.1","9.2","1001.2","1012.8"
"2026-09-21","22:05:12","Clear","Dry","Dark","0.8","21.5","3200","57232","22.3","32%","26.3","","Opened","7.359","38","Safe","Calm","4.6","73","17.1","9.3","1001.2","1012.8"
"2026-09-21","22:05:22","Clear","Dry","Dark","1.0","21.5","3200","57232","22.3","32%","26.4","","Opened","7.375","38","Safe","Calm","4.0","73","17.1","9.4","1001.3","1012.9"
"2026-09-21","22:05:32","Clear","Dry","Dark","0.9","21.5","3200","57232","22.3","32%","26.4","","Opened","7.348","38","Safe","Calm","4.0","73","17.1","9.4","1001.1","1012.8"
"2026-09-21","22:05:42","Clear","Dry","Dark","0.8","21.5","3200","57232","22.3","32%","26.4","","Opened","7.332","38","Safe","Calm","3.0","73","17.1","9.3","1001.2","1012.8"
"2026-09-21","22:05:52","Clear","Dry","Dark","0.8","21.5","3200","57232","22.3","32%","26.4","","Opened","7.583","38","Safe","Calm","3.0","73","17.1","9.3","1001.2","1012.8"
"2026-09-21","22:06:02","Clear","Dry","Dark","0.8","21.5","3200","57232","22.3","32%","26.4","","Opened","7.420","38","Safe","Calm","2.8","73","17.1","9.3","1001.3","1012.9"
"2026-09-21","22:06:12","Clear","Dry","Dark","0.8","21.5","3200","57232","22.3","32%","26.4","","Opened","7.370","38","Safe","Calm","3.6","73","17.1","9.2","1001.1","1012.8"
"2026-09-21","22:06:22","Clear","Dry","Dark","0.9","21.5","3200","57232","22.3","32%","26.3","","Opened","7.386","38","Safe","Calm","3.6","73","17.1","9.4","1001.1","1012.8"
"2026-09-21","22:06:32","Clear","Dry","Dark","0.8","21.5","3200","57232","22.2","32%","26.3","","Opened","7.357","38","Safe","Calm","2.8","73","17.1","9.3","1001.1","1012.8"
"2026-09-21","22:06:42","Clear","Dry","Dark","1.0","21.5","3200","57232","22.3","32%","26.4","","Opened","7.366","38","Safe","Calm","3.6","73","17.1","9.4","1001.2","1012.8"
"2026-09-21","22:06:52","Clear","Dry","Dark","0.9","21.5","3200","57232","22.3","32%","26.3","","Opened","7.580","38","Safe","Calm","3.6","73","17.1","9.3","1001.2","1012.8"
"2026-09-21","22:07:02","Clear","Dry","Dark","0.9","21.5","3200","57232","22.3","32%","26.3","","Opened","7.370","38","Safe","Calm","4.0","73","17.1","9.3","1001.2","1012.8"
"2026-09-21","22:07:12","Clear","Dry","Dark","0.8","21.5","3200","57232","22.2","32%","26.2","","Opened","7.345","38","Safe","Calm","4.0","73","17.1","9.3","1001.2","1012.8"
"2026-09-21","22:07:22","Clear","Dry","Dark","0.9","21.5","3200","57232","22.2","32%","26.3","","Opened","7.411","38","Safe","Calm","4.2","73","17.1","9.3","1001.2","1012.8"
"2026-09-21","22:07:32","Clear","Dry","Dark","0.8","21.5","3200","57232","22.2","32%","26.3","","Opened","7.366","38","Safe","Calm","5.0","73","17.1","9.2","1001.3","1012.9"
"2026-09-21","22:07:42","Clear","Dry","Dark","0.7","21.5","3200","57232","22.2","32%","26.3","","Opened","7.374","38","Safe","Calm","4.8","73","17.1","9.2","1001.3","1012.9"
"2026-09-21","22:07:52","Clear","Dry","Dark","1.0","21.5","3200","57232","22.2","32%","26.4","","Opened","7.677","38","Safe","Calm","4.7","73","17.1","9.4","1001.1","1012.8"
"2026-09-21","22:08:02","Clear","Dry","Dark","0.9","21.4","3200","57232","22.2","32%","26.4","","Opened","7.390","38","Safe","Calm","4.5","73","17.1","9.4","1001.2","1012.8"
"2026-09-21","22:08:12","Clear","Dry","Dark","0.8","21.4","3200","57232","22.2","32%","26.3","","Opened","7.342","38","Safe","Calm","4.7","73","17.1","9.2","1001.1","1012.8"
"2026-09-21","22:08:22","Clear","Dry","Dark","0.8","21.4","3200","57232","22.2","32%","26.3","","Opened","7.354","38","Safe","Calm","4.5","73","17.1","9.3","1001.1","1012.8"
"2026-09-21","22:08:32","Clear","Dry","Dark","0.7","21.4","3200","57232","22.2","32%","26.4","","Opened","7.370","38","Safe","Calm","3.8","73","17.1","9.2","1001.2","1012.8"
"2026-09-21","22:08:42","Clear","Dry","Dark","0.9","21.4","3200","57232","22.2","32%","26.4","","Opened","7.338","38","Safe","Calm","3.1","73","17.1","9.3","1001.2","1012.8"
"2026-09-21","22:08:52","Clear","Dry","Dark","0.8","21.4","3200","57232","22.2","32%","26.4","","Opened","7.527","38","Safe","Calm","2.5","73","17.1","9.2","1001.3","1012.9"
"2026-09-21","22:09:02","Clear","Dry","Dark","0.9","21.4","3200","57232","22.2","32%","26.5","","Opened","7.295","38","Safe","Calm","2.3","73","17.1","9.3","1001.2","1012.8"
"2026-09-21","22:09:12","Clear","Dry","Dark","0.9","21.4","3200","57232","22.2","32%","26.4","","Opened","7.418","38","Safe","Calm","2.1","73","17.1","9.4","1001.3","1012.9"
"2026-09-21","22:09:22","Clear","Dry","Dark","0.9","21.4","3200","57232","22.2","32%","26.5","","Opened","7.396","38","Safe","Calm","1.4","73","17.1","9.3","1001.2","1012.8"
"2026-09-21","22:09:32","Clear","Dry","Dark","1.0","21.4","3200","57232","22.2","32%","26.5","","Opened","7.348","38","Safe","Calm","2.2","73","17.1","9.4","1001.2","1012.8"
"2026-09-21","22:09:42","Clear","Dry","Dark","0.7","21.4","3200","57232","22.2","32%","26.4","","Opened","7.295","38","Safe","Calm","2.8","73","17.1","9.2","1001.2","1012.8"
"2026-09-21","22:09:52","Clear","Dry","Dark","0.9","21.4","3200","57232","22.2","32%","26.5","","Opened","7.558","38","Safe","Calm","3.5","73","17.1","9.3","1001.2","1012.8"
"2026-09-21","22:10:03","Clear","Dry","Dark","0.9","21.4","3200","57232","22.2","32%","26.5","","Opened","7.732","38","Safe","Calm","3.3","73","17.1","9.3","1001.2","1012.8"
"2026-09-21","22:10:12","Clear","Dry","Dark","0.8","21.4","3200","57232","22.2","32%","26.4","","Opened","7.334","38","Safe","Calm","3.3","73","17.1","9.2","1001.3","1012.9"
"2026-09-21","22:10:22","Clear","Dry","Dark","0.8","21.4","3200","57232","22.2","32%","26.4","","Opened","7.310","38","Safe","Calm","3.3","73","17.1","9.2","1001.2","1012.8"
"2026-09-21","22:10:32","Clear","Dry","Dark","0.9","21.4","3200","57232","22.2","32%","26.4","","Opened","7.122","38","Safe","Calm","3.3","73","17.1","9.3","1001.2","1012.8"
"2026-09-21","22:10:42","Clear","Dry","Dark","0.9","21.4","3200","57232","22.2","32%","26.3","","Opened","6.954","38","Safe","Calm","3.5","73","17.1","9.4","1001.2","1012.8"
"2026-09-21","22:10:52","Clear","Dry","Dark","0.9","21.4","3200","57232","22.2","32%","26.3","","Opened","7.193","38","Safe","Calm","3.5","73","17.1","9.3","1001.3","1012.9"
"2026-09-21","22:11:02","Clear","Dry","Dark","1.0","21.4","3200","57232","22.2","32%","26.3","","Opened","6.978","38","Safe","Calm","3.5","73","17.1","9.4","1001.1","1012.8"
"2026-09-21","22:11:12","Clear","Dry","Dark","0.9","21.4","3200","57232","22.2","32%","26.3","","Opened","7.264","38","Safe","Calm","3.6","73","17.1","9.4","1001.2","1012.8"
"2026-09-21","22:11:22","Clear","Dry","Dark","0.9","21.4","3200","57232","22.2","32%","26.3","","Opened","7.455","38","Safe","Calm","4.4","73","17.1","9.3","1001.2","1012.8"
"2026-09-21","22:11:32","Clear","Dry","Dark","1.0","21.4","3200","57232","22.2","32%","26.3","","Opened","7.344","38","Safe","Calm","4.5","73","17.1","9.4","1001.2","1012.8"
"2026-09-21","22:11:42","Clear","Dry","Dark","0.8","21.4","3200","57232","22.2","32%","26.3","","Opened","7.321","38","Safe","Calm","3.8","73","17.1","9.3","1001.1","1012.8"
"2026-09-21","22:11:52","Clear","Dry","Dark","0.8","21.4","3200","57232","22.2","32%","26.4","","Opened","7.577","38","Safe","Calm","4.0","73","17.1","9.3","1001.2","1012.8"
"2026-09-21","22:12:02","Clear","Dry","Dark","0.8","21.4","3200","57232","22.1","32%","26.3","","Opened","7.301","38","Safe","Calm","4.2","73","17.1","9.2","1001.2","1012.8"
"2026-09-21","22:12:12","Clear","Dry","Dark","0.9","21.4","3200","57232","22.2","32%","26.3","","Opened","7.442","38","Safe","Calm","4.2","73","17.1","9.3","1001.2","1012.8"
"2026-09-21","22:12:22","Clear","Dry","Dark","0.8","21.4","3200","57232","22.2","32%","26.3","","Opened","7.347","38","Safe","Calm","3.4","73","17.1","9.2","1001.1","1012.8"
"2026-09-21","22:12:33","Clear","Dry","Dark","1.0","21.4","3200","57232","22.2","32%","26.3","","Opened","7.817","38","Safe","Calm","2.5","73","17.1","9.4","1001.2","1012.8"
"2026-09-21","22:12:42","Clear","Dry","Dark","1.0","21.4","3200","57232","22.1","32%","26.3","","Opened","7.402","38","Safe","Calm","3.1","73","17.1","9.4","1001.2","1012.8"
"2026-09-21","22:12:52","Clear","Dry","Dark","0.9","21.4","3200","57232","22.1","32%","26.3","","Opened","7.672","38","Safe","Calm","2.8","73","17.1","9.3","1001.1","1012.8"
"2026-09-21","22:13:02","Clear","Dry","Dark","1.0","21.4","3200","57232","22.2","32%","26.3","","Opened","7.357","38","Safe","Calm","2.8","73","17.1","9.4","1001.1","1012.8"
"2026-09-21","22:13:12","Clear","Dry","Dark","0.8","21.4","3200","57232","22.1","32%","26.3","","Opened","7.369","38","Safe","Calm","2.7","73","17.1","9.2","1001.1","1012.8"
"2026-09-21","22:13:22","Clear","Dry","Dark","0.9","21.4","3200","57232","22.2","32%","26.3","","Opened","7.469","38","Safe","Calm","2.7","73","17.1","9.3","1001.1","1012.8"
"2026-09-21","22:13:32","Clear","Dry","Dark","0.9","21.4","3200","57232","22.1","32%","26.4","","Opened","7.337","38","Safe","Calm","3.3","73","17.0","9.3","1001.1","1012.8"
"2026-09-21","22:13:42","Clear","Dry","Dark","0.9","21.4","3200","57232","22.1","32%","26.4","","Opened","7.332","38","Safe","Calm","3.3","73","17.0","9.3","1001.2","1012.8"
"2026-09-21","22:13:52","Clear","Dry","Dark","0.9","21.4","3200","57232","22.1","32%","26.4","","Opened","7.561","38","Safe","Calm","3.5","73","17.1","9.3","1001.2","1012.8"
"2026-09-21","22:14:02","Clear","Dry","Dark","0.9","21.4","3200","57232","22.1","32%","26.4","","Opened","7.302","38","Safe","Calm","3.3","73","17.1","9.3","1001.2","1012.8"
"2026-09-21","22:14:12","Clear","Dry","Dark","0.9","21.4","3200","57232","22.2","32%","26.4","","Opened","7.379","38","Safe","Calm","3.3","73","17.1","9.3","1001.2","1012.8"
"2026-09-21","22:14:22","Clear","Dry","Dark","0.9","21.3","3200","57232","22.1","32%","26.4","","Opened","7.388","38","Safe","Calm","3.3","73","17.1","9.3","1001.3","1012.9"
"2026-09-21","22:14:32","Clear","Dry","Dark","0.9","21.3","3200","57232","22.1","32%","26.5","Heating DOWN","Opened","7.528","38","Safe","Calm","2.7","73","17.1","9.3","1001.2","1012.8"
"2026-09-21","22:14:42","Clear","Dry","Dark","0.7","21.3","3200","57232","22.1","31%","26.5","Heating DOWN","Opened","7.508","38","Safe","Calm","2.1","73","17.1","9.1","1001.2","1012.8"
"2026-09-21","22:14:53","Clear","Dry","Dark","1.0","21.3","3200","57232","22.1","30%","26.5","Heating DOWN","Opened","7.858","38","Safe","Calm","2.2","73","17.1","9.4","1001.1","1012.8"
"2026-09-21","22:15:02","Clear","Dry","Dark","0.7","21.3","3200","57232","22.1","30%","26.4","","Opened","7.399","38","Safe","Calm","2.3","73","17.1","9.1","1001.1","1012.8"
"2026-09-21","22:15:12","Clear","Dry","Dark","0.9","21.3","3200","57232","22.1","30%","26.3","","Opened","7.396","38","Safe","Calm","2.6","73","17.1","9.3","1001.2","1012.8"
"2026-09-21","22:15:22","Clear","Dry","Dark","0.8","21.4","3200","57232","22.1","30%","26.3","","Opened","7.337","38","Safe","Calm","3.4","73","17.1","9.2","1001.1","1012.8"
"2026-09-21","22:15:32","Clear","Dry","Dark","1.0","21.4","3200","57232","22.1","30%","26.2","","Opened","7.355","38","Safe","Calm","4.5","73","17.1","9.4","1001.2","1012.8"
"2026-09-21","22:15:42","Clear","Dry","Dark","1.0","21.4","3200","57232","22.2","30%","26.1","","Opened","7.342","38","Safe","Calm","5.8","73","17.1","9.4","1001.2","1012.8"
"2026-09-21","22:15:52","Clear","Dry","Dark","0.9","21.4","3200","57232","22.1","30%","26.0","","Opened","7.553","38","Safe","Calm","5.7","73","17.1","9.3","1001.1","1012.8"
"2026-09-21","22:16:02","Clear","Dry","Dark","0.8","21.4","3200","57232","22.1","30%","26.1","","Opened","7.325","38","Safe","Calm","4.9","73","17.1","9.2","1001.2","1012.8"
"2026-09-21","22:16:12","Clear","Dry","Dark","1.0","21.4","3200","57232","22.1","30%","26.0","","Opened","7.311","38","Safe","Calm","4.7","73","17.1","9.4","1001.2","1012.8"
"2026-09-21","22:16:22","Clear","Dry","Dark","1.0","21.4","3200","57232","22.1","30%","26.0","","Opened","7.370","38","Safe","Calm","5.0","73","17.1","9.4","1001.1","1012.8"
"2026-09-21","22:16:32","Clear","Dry","Dark","1.0","21.4","3200","57232","22.1","30%","25.9","","Opened","7.323","38","Safe","Calm","4.9","73","17.1","9.4","1001.2","1012.8"
"2026-09-21","22:16:42","Clear","Dry","Dark","0.9","21.4","3200","57232","22.1","30%","25.9","","Opened","7.308","38","Safe","Calm","4.7","73","17.1","9.3","1001.3","1012.9"
"2026-09-21","22:16:53","Clear","Dry","Dark","1.1","21.4","3200","57232","22.1","30%","25.8","Heating UP","Opened","7.850","38","Safe","Calm","4.9","73","17.1","9.5","1001.1","1012.8"
"2026-09-21","22:17:02","Clear","Dry","Dark","0.9","21.4","3200","57232","22.1","30%","25.8","Heating UP","Opened","7.482","38","Safe","Calm","5.7","73","17.1","9.3","1001.1","1012.8"
"2026-09-21","22:17:12","Clear","Dry","Dark","0.9","21.4","3200","57232","22.1","31%","25.9","","Opened","7.372","38","Safe","Calm","5.5","73","17.1","9.3","1001.2","1012.8"
"2026-09-21","22:17:22","Clear","Dry","Dark","1.0","21.4","3200","57232","22.1","31%","26.0","","Opened","7.358","38","Safe","Calm","5.2","73","17.1","9.4","1001.3","1013.0"
"2026-09-21","22:17:32","Clear","Dry","Dark","1.0","21.4","3200","57232","22.1","31%","25.9","","Opened","7.360","38","Safe","Calm","5.0","73","17.1","9.4","1001.1","1012.7"
"2026-09-21","22:17:42","Clear","Dry","Dark","1.0","21.4","3200","57232","22.1","31%","25.9","","Opened","7.331","38","Safe","Calm","4.8","73","17.1","9.4","1001.2","1012.8"
"2026-09-21","22:17:52","Clear","Dry","Dark","0.9","21.4","3200","57232","22.1","31%","25.9","","Opened","7.542","38","Safe","Calm","4.5","73","17.1","9.3","1001.2","1012.8"
"2026-09-21","22:18:02","Clear","Dry","Dark","1.0","21.5","3200","57232","22.1","31%","26.0","","Opened","7.291","38","Safe","Calm","4.7","73","17.1","9.4","1001.2","1012.8"
"2026-09-21","22:18:12","Clear","Dry","Dark","1.0","21.4","3200","57232","22.1","31%","26.0","","Opened","7.376","38","Safe","Calm","4.8","73","17.1","9.4","1001.2","1012.8"
"2026-09-21","22:18:22","Clear","Dry","Dark","0.9","21.4","3200","57232","22.1","31%","26.0","","Opened","7.402","38","Safe","Calm","4.8","73","17.1","9.3","1001.2","1012.8"
"2026-09-21","22:18:32","Clear","Dry","Dark","1.0","21.4","3200","57232","22.1","31%","26.0","","Opened","7.371","38","Safe","Calm","5.0","73","17.1","9.3","1001.1","1012.8"
"2026-09-21","22:18:42","Clear","Dry","Dark","0.9","21.4","3200","57232","22.1","31%","26.0","","Opened","7.364","38","Safe","Calm","4.7","73","17.1","9.3","1001.1","1012.8"
"2026-09-21","22:18:52","Clear","Dry","Dark","1.0","21.4","3200","57232","22.1","31%","26.0","","Opened","7.569","38","Safe","Calm","4.8","73","17.1","9.4","1001.2","1012.8"
"2026-09-21","22:19:02","Clear","Dry","Dark","0.9","21.4","3200","57232","22.1","31%","26.0","","Opened","7.534","38","Safe","Calm","4.5","73","17.1","9.3","1001.3","1012.9"
"2026-09-21","22:19:12","Clear","Dry","Dark","1.1","21.4","3200","57232","22.1","31%","26.0","","Opened","7.388","38","Safe","Calm","4.7","73","17.1","9.5","1001.2","1012.8"
"2026-09-21","22:19:22","Clear","Dry","Dark","1.0","21.4","3200","57232","22.1","31%","26.1","","Opened","7.365","38","Safe","Calm","4.8","73","17.1","9.4","1001.2","1012.8"
"2026-09-21","22:19:32","Clear","Dry","Dark","1.1","21.4","3200","57232","22.1","31%","26.0","","Opened","7.347","38","Safe","Calm","4.7","73","17.1","9.5","1001.2","1012.8"
"2026-09-21","22:19:42","Clear","Dry","Dark","1.1","21.4","3200","57232","22.1","31%","26.0","","Opened","7.357","38","Safe","Calm","4.8","73","17.1","9.5","1001.3","1012.9"
"2026-09-21","22:19:52","Clear","Dry","Dark","1.1","21.4","3200","57232","22.2","31%","26.0","","Opened","7.714","38","Safe","Calm","5.0","73","17.1","9.5","1001.2","1012.8"
"2026-09-21","22:20:02","Clear","Dry","Dark","0.9","21.4","3200","57232","22.1","31%","26.0","","Opened","7.340","38","Safe","Calm","5.0","73","17.1","9.3","1001.3","1013.0"
"2026-09-21","22:20:12","Clear","Dry","Dark","1.0","21.4","3200","57232","22.1","31%","26.0","","Opened","7.353","38","Safe","Calm","4.7","73","17.1","9.4","1001.3","1012.9"
"2026-09-21","22:20:22","Clear","Dry","Dark","0.9","21.4","3200","57232","22.1","31%","26.1","","Opened","7.379","38","Safe","Calm","4.4","73","17.1","9.3","1001.3","1012.9"
"2026-09-21","22:20:32","Clear","Dry","Dark","1.0","21.4","3200","57232","22.1","31%","26.1","","Opened","7.333","38","Safe","Calm","4.4","73","17.1","9.4","1001.1","1012.8"
"2026-09-21","22:20:42","Clear","Dry","Dark","1.1","21.4","3200","57232","22.1","31%","26.1","","Opened","7.300","38","Safe","Calm","4.4","73","17.1","9.5","1001.2","1012.8"
"2026-09-21","22:20:52","Clear","Dry","Dark","1.0","21.4","3200","57232","22.2","31%","26.1","","Opened","7.502","38","Safe","Calm","4.3","73","17.1","9.5","1001.2","1012.8"
"2026-09-21","22:21:02","Clear","Dry","Dark","1.0","21.4","3200","57232","22.2","31%","26.1","","Opened","7.445","38","Safe","Calm","4.3","73","17.1","9.4","1001.2","1012.8"
"2026-09-21","22:21:12","Clear","Dry","Dark","0.9","21.4","3200","57232","22.2","31%","26.1","","Opened","7.387","38","Safe","Calm","3.6","73","17.1","9.4","1001.1","1012.8"
"2026-09-21","22:21:22","Clear","Dry","Dark","1.1","21.4","3200","57232","22.2","31%","26.2","","Opened","7.422","38","Safe","Calm","3.0","73","17.1","9.5","1001.2","1012.8"
"2026-09-21","22:21:32","Clear","Dry","Dark","1.1","21.4","3200","57232","22.2","31%","26.2","","Opened","7.373","38","Safe","Calm","2.3","73","17.1","9.5","1001.3","1013.0"
"2026-09-21","22:21:42","Clear","Dry","Dark","1.2","21.4","3200","57232","22.2","31%","26.3","","Opened","7.386","38","Safe","Calm","1.4","73","17.1","9.6","1001.3","1012.9"
"2026-09-21","22:21:52","Clear","Dry","Dark","1.2","21.4","3200","57232","22.2","31%","26.2","","Opened","7.599","38","Safe","Calm","0.6","73","17.1","9.6","1001.2","1012.8"
"2026-09-21","22:22:02","Clear","Dry","Dark","1.2","21.5","3200","57232","22.2","31%","26.2","","Opened","7.394","38","Safe","Calm","0.0","73","17.1","9.6","1001.2","1012.8"
"2026-09-21","22:22:12","Clear","Dry","Dark","1.1","21.5","3200","57232","22.2","31%","26.2","","Opened","7.290","38","Safe","Calm","0.0","73","17.1","9.5","1001.2","1012.8"
"2026-09-21","22:22:22","Clear","Dry","Dark","1.0","21.5","3200","57232","22.2","31%","26.2","","Opened","7.291","38","Safe","Calm","0.0","73","17.1","9.4","1001.2","1012.8"
"2026-09-21","22:22:32","Clear","Dry","Dark","1.1","21.4","3200","57232","22.2","31%","26.3","","Opened","7.369","38","Safe","Calm","0.0","73","17.1","9.5","1001.2","1012.8"
"2026-09-21","22:22:42","Clear","Dry","Dark","1.2","21.4","3200","57232","22.2","31%","26.3","","Opened","7.341","38","Safe","Calm","0.0","73","17.1","9.6","1001.2","1012.8"
"2026-09-21","22:22:52","Clear","Dry","Dark","1.2","21.4","3200","57232","22.2","31%","26.3","","Opened","7.544","38","Safe","Calm","0.0","73","17.2","9.6","1001.2","1012.8"
"2026-09-21","22:23:02","Clear","Dry","Dark","1.0","21.5","3200","57232","22.2","31%","26.3","","Opened","7.291","38","Safe","Calm","0.0","73","17.1","9.4","1001.2","1012.8"
"2026-09-21","22:23:12","Clear","Dry","Dark","1.0","21.5","3200","57232","22.2","31%","26.4","","Opened","7.441","38","Safe","Calm","0.0","73","17.1","9.4","1001.3","1012.9"
"2026-09-21","22:23:22","Clear","Dry","Dark","1.0","21.4","3200","57232","22.2","31%","26.5","","Opened","7.315","38","Safe","Calm","0.0","73","17.2","9.5","1001.2","1012.8"
"2026-09-21","22:23:32","Clear","Dry","Dark","1.1","21.4","3200","57232","22.2","31%","26.5","","Opened","7.289","38","Safe","Calm","0.0","73","17.1","9.5","1001.3","1012.9"
"2026-09-21","22:23:42","Clear","Dry","Dark","1.3","21.4","3200","57232","22.2","31%","26.5","","Opened","7.312","38","Safe","Calm","0.0","73","17.1","9.7","1001.2","1012.8"
"2026-09-21","22:23:52","Clear","Dry","Dark","1.1","21.5","3200","57232","22.2","31%","26.4","","Opened","7.529","38","Safe","Calm","0.6","73","17.2","9.5","1001.2","1012.8"
"2026-09-21","22:24:02","Clear","Dry","Dark","1.2","21.5","3200","57232","22.2","31%","26.4","","Opened","7.325","38","Safe","Calm","1.6","73","17.2","9.7","1001.2","1012.8"
"2026-09-21","22:24:12","Clear","Dry","Dark","1.2","21.5","3200","57232","22.2","31%","26.3","","Opened","6.928","38","Safe","Calm","2.3","73","17.2","9.7","1001.3","1012.9"
"2026-09-21","22:24:22","Clear","Dry","Dark","1.1","21.5","3200","57232","22.2","31%","26.4","","Opened","7.067","38","Safe","Calm","3.0","73","17.2","9.5","1001.3","1012.9"
"2026-09-21","22:24:32","Clear","Dry","Dark","1.1","21.5","3200","57232","22.2","31%","26.4","","Opened","6.969","38","Safe","Calm","3.0","73","17.2","9.6","1001.2","1012.8"
"2026-09-21","22:24:42","Clear","Dry","Dark","1.1","21.5","3200","57232","22.2","31%","26.5","","Opened","7.356","38","Safe","Calm","3.0","73","17.2","9.5","1001.2","1012.8"
"2026-09-21","22:24:53","Clear","Dry","Dark","1.2","21.5","3200","57232","22.2","31%","26.5","","Opened","7.791","38","Safe","Calm","2.3","73","17.2","9.7","1001.4","1013.0"
"2026-09-21","22:25:02","Clear","Dry","Dark","1.2","21.5","3200","57232","22.2","31%","26.5","","Opened","7.415","38","Safe","Calm","1.4","73","17.2","9.7","1001.2","1012.8"
"2026-09-21","22:25:12","Clear","Dry","Dark","1.3","21.5","3200","57232","22.2","31%","26.5","","Opened","7.402","38","Safe","Calm","1.6","73","17.2","9.8","1001.2","1012.8"
"2026-09-21","22:25:22","Clear","Dry","Dark","1.2","21.5","3200","57232","22.3","31%","26.4","","Opened","7.441","38","Safe","Calm","1.6","73","17.2","9.7","1001.3","1012.9"
"2026-09-21","22:25:32","Clear","Dry","Dark","1.1","21.5","3200","57232","22.2","31%","26.5","","Opened","7.448","38","Safe","Calm","1.6","73","17.2","9.6","1001.3","1012.9"
"2026-09-21","22:25:42","Clear","Dry","Dark","1.1","21.5","3200","57232","22.3","31%","26.5","","Opened","7.412","38","Safe","Calm","1.6","73","17.2","9.6","1001.2","1012.8"
"2026-09-21","22:25:52","Clear","Dry","Dark","1.1","21.6","3200","57232","22.2","31%","26.5","","Opened","7.583","38","Safe","Calm","1.6","73","17.2","9.6","1001.3","1012.9"
"2026-09-21","22:26:02","Clear","Dry","Dark","1.0","21.6","3200","57232","22.3","31%","26.6","Heating DOWN","Opened","7.401","38","Safe","Calm","1.6","73","17.2","9.5","1001.3","1012.9"
"2026-09-21","22:26:12","Clear","Dry","Dark","1.1","21.6","3200","57232","22.3","30%","26.5","","Opened","7.290","38","Safe","Calm","1.3","73","17.2","9.6","1001.2","1012.8"
"2026-09-21","22:26:22","Clear","Dry","Dark","1.2","21.6","3200","57232","22.3","30%","26.5","","Opened","7.404","38","Safe","Calm","1.3","73","17.2","9.7","1001.3","1012.9"
"2026-09-21","22:26:32","Clear","Dry","Dark","1.2","21.6","3200","57232","22.3","30%","26.5","","Opened","7.424","38","Safe","Calm","2.1","73","17.2","9.7","1001.3","1012.9"
"2026-09-21","22:26:42","Clear","Wet","Dark","1.3","21.6","3199","57232","22.3","30%","26.4","","Opened","7.363","38","Safe","Calm","3.0","73","17.3","9.8","1001.1","1012.8"
"2026-09-21","22:26:52","Clear","Dry","Dark","1.1","21.6","3200","57232","22.3","30%","26.4","","Opened","7.719","38","Safe","Calm","3.6","73","17.3","9.6","1001.2","1012.8"
"2026-09-21","22:27:02","Clear","Dry","Dark","1.2","21.6","3200","57232","22.3","30%","26.4","","Opened","7.348","38","Safe","Calm","4.3","73","17.3","9.6","1001.3","1012.9"
"2026-09-21","22:27:12","Clear","Dry","Dark","1.3","21.6","3200","57232","22.3","30%","26.4","","Opened","7.318","38","Safe","Calm","4.3","73","17.3","9.7","1001.3","1012.9"
"2026-09-21","22:27:22","Clear","Dry","Dark","1.1","21.6","3200","57232","22.3","30%","26.4","","Opened","7.316","38","Safe","Calm","3.6","73","17.3","9.6","1001.2","1012.8"
"2026-09-21","22:27:32","Clear","Dry","Dark","1.3","21.6","3200","57232","22.3","30%","26.5","","Opened","7.295","38","Safe","Calm","3.5","73","17.3","9.8","1001.3","1012.9"
"2026-09-21","22:27:42","Clear","Dry","Dark","1.4","21.6","3200","57232","22.3","30%","26.4","","Opened","7.488","38","Safe","Calm","3.5","73","17.3","9.9","1001.3","1012.9"
"2026-09-21","22:27:52","Clear","Dry","Dark","1.2","21.6","3200","57232","22.3","30%","26.3","","Opened","7.411","38","Safe","Calm","3.8","73","17.4","9.7","1001.1","1012.8"
"2026-09-21","22:28:02","Clear","Dry","Dark","1.1","21.7","3200","57232","22.3","30%","26.3","","Opened","7.366","38","Safe","Calm","3.9","73","17.3","9.6","1001.3","1012.9"
"2026-09-21","22:28:12","Clear","Dry","Dark","1.2","21.7","3200","57232","22.3","30%","26.3","","Opened","7.365","38","Safe","Calm","4.0","73","17.4","9.7","1001.2","1012.8"
"2026-09-21","22:28:22","Clear","Dry","Dark","1.0","21.7","3200","57232","22.3","30%","26.2","","Opened","7.353","38","Safe","Calm","4.8","73","17.4","9.6","1001.3","1012.9"
"2026-09-21","22:28:32","Clear","Dry","Dark","1.2","21.7","3200","57232","22.3","30%","26.2","","Opened","7.401","38","Safe","Calm","5.0","73","17.4","9.7","1001.2","1012.8"
"2026-09-21","22:28:42","Clear","Dry","Dark","1.0","21.7","3200","57232","22.3","30%","26.3","","Opened","7.400","38","Safe","Calm","4.7","73","17.4","9.5","1001.1","1012.8"
"2026-09-21","22:28:53","Clear","Dry","Dark","1.1","21.7","3200","57232","22.4","30%","26.3","","Opened","7.807","38","Safe","Calm","4.4","73","17.4","9.6","1001.2","1012.8"
"2026-09-21","22:29:02","Clear","Dry","Dark","1.1","21.7","3200","57232","22.3","30%","26.2","","Opened","7.368","38","Safe","Calm","4.7","73","17.4","9.6","1001.3","1012.9"
"2026-09-21","22:29:12","Clear","Dry","Dark","1.0","21.7","3200","57232","22.3","30%","26.2","","Opened","7.341","38","Safe","Calm","4.7","73","17.4","9.5","1001.2","1012.8"
"2026-09-21","22:29:22","Clear","Dry","Dark","1.1","21.7","3200","57232","22.3","30%","26.3","","Opened","7.291","38","Safe","Calm","3.9","73","17.4","9.6","1001.3","1012.9"
"2026-09-21","22:29:32","Clear","Dry","Dark","1.0","21.7","3200","57232","22.4","30%","26.3","","Opened","7.419","38","Safe","Calm","3.8","73","17.4","9.5","1001.2","1012.8"
"2026-09-21","22:29:42","Clear","Dry","Dark","0.9","21.7","3200","57232","22.4","30%","26.3","","Opened","7.359","38","Safe","Calm","3.1","73","17.4","9.4","1001.3","1012.9"
"2026-09-21","22:29:52","Clear","Dry","Dark","1.0","21.7","3200","57232","22.4","30%","26.4","","Opened","7.607","38","Safe","Calm","2.5","73","17.4","9.6","1001.2","1012.8"
"2026-09-21","22:30:02","Clear","Dry","Dark","0.8","21.7","3200","57232","22.4","30%","26.5","","Opened","7.308","38","Safe","Calm","1.4","73","17.4","9.4","1001.3","1012.9"
"2026-09-21","22:30:12","Clear","Dry","Dark","1.1","21.7","3200","57232","22.4","30%","26.5","","Opened","7.325","38","Safe","Calm","1.3","73","17.3","9.6","1001.2","1012.8"
"2026-09-21","22:30:22","Clear","Dry","Dark","0.9","21.7","3200","57232","22.4","30%","26.5","","Opened","7.308","38","Safe","Calm","1.9","73","17.4","9.4","1001.3","1012.9"
"2026-09-21","22:30:32","Clear","Dry","Dark","0.9","21.7","3200","57232","22.4","30%","26.5","","Opened","7.388","38","Safe","Calm","1.3","73","17.4","9.5","1001.2","1012.8"
"2026-09-21","22:30:42","Clear","Dry","Dark","1.0","21.7","3200","57232","22.4","30%","26.5","","Opened","7.354","38","Safe","Calm","1.9","73","17.4","9.5","1001.3","1012.9"
"2026-09-21","22:30:52","Clear","Dry","Dark","0.9","21.7","3200","57232","22.4","30%","26.4","","Opened","7.511","38","Safe","Calm","1.9","73","17.4","9.4","1001.1","1012.8"
"2026-09-21","22:31:02","Clear","Dry","Dark","0.9","21.7","3200","57232","22.4","30%","26.4","","Opened","7.274","38","Safe","Calm","1.9","73","17.4","9.4","1001.2","1012.8"
"2026-09-21","22:31:12","Clear","Dry","Dark","0.9","21.7","3200","57232","22.4","30%","26.5","","Opened","7.419","38","Safe","Calm","1.9","73","17.4","9.5","1001.1","1012.8"
"2026-09-21","22:31:22","Clear","Dry","Dark","1.0","21.7","3200","57232","22.4","30%","26.4","","Opened","7.456","38","Safe","Calm","2.1","73","17.4","9.5","1001.3","1012.9"
"2026-09-21","22:31:32","Clear","Dry","Dark","0.9","21.7","3200","57232","22.4","30%","26.5","","Opened","7.277","38","Safe","Calm","2.1","73","17.4","9.4","1001.2","1012.8"
"2026-09-21","22:31:42","Clear","Dry","Dark","1.0","21.7","3200","57232","22.4","30%","26.5","","Opened","7.369","38","Safe","Calm","1.4","73","17.4","9.5","1001.1","1012.8"
"2026-09-21","22:31:52","Clear","Dry","Dark","0.8","21.7","3200","57232","22.4","30%","26.4","","Opened","7.693","38","Safe","Calm","1.4","73","17.4","9.4","1001.3","1012.9"
"2026-09-21","22:32:02","Clear","Dry","Dark","0.8","21.7","3200","57232","22.4","30%","26.5","","Opened","7.365","38","Safe","Calm","1.4","73","17.4","9.4","1001.3","1012.9"
"2026-09-21","22:32:12","Clear","Dry","Dark","0.9","21.7","3200","57232","22.4","30%","26.5","","Opened","7.371","38","Safe","Calm","1.4","73","17.4","9.4","1001.2","1012.8"
"2026-09-21","22:32:22","Clear","Dry","Dark","0.7","21.7","3200","57232","22.4","30%","26.5","","Opened","7.410","38","Safe","Calm","1.3","73","17.4","9.3","1001.2","1012.8"
"2026-09-21","22:32:32","Clear","Dry","Dark","0.9","21.7","3200","57232","22.4","30%","26.4","","Opened","7.386","38","Safe","Calm","2.2","73","17.3","9.4","1001.2","1012.8"
"2026-09-21","22:32:42","Clear","Dry","Dark","0.8","21.7","3200","57232","22.4","30%","26.4","","Opened","7.376","38","Safe","Calm","2.8","73","17.3","9.3","1001.2","1012.8"
"2026-09-21","22:32:53","Clear","Dry","Dark","0.8","21.7","3200","57232","22.4","30%","26.4","","Opened","7.749","38","Safe","Calm","3.6","73","17.4","9.4","1001.2","1012.8"
"2026-09-21","22:33:02","Clear","Dry","Dark","0.8","21.6","3200","57232","22.4","30%","26.4","","Opened","7.308","38","Safe","Calm","4.4","73","17.3","9.4","1001.2","1012.8"
"2026-09-21","22:33:12","Clear","Dry","Dark","0.9","21.7","3200","57232","22.4","30%","26.3","","Opened","7.404","38","Safe","Calm","4.7","73","17.3","9.4","1001.2","1012.8"
"2026-09-21","22:33:22","Clear","Dry","Dark","0.9","21.7","3200","57232","22.4","30%","26.3","","Opened","7.322","38","Safe","Calm","5.0","73","17.3","9.5","1001.1","1012.8"
"2026-09-21","22:33:32","Clear","Dry","Dark","0.9","21.7","3200","57232","22.4","30%","26.2","","Opened","7.316","38","Safe","Calm","5.2","73","17.3","9.5","1001.3","1012.9"
"2026-09-21","22:33:42","Clear","Dry","Dark","1.0","21.7","3200","57232","22.4","30%","26.1","Heating UP","Opened","7.408","38","Safe","Calm","5.7","73","17.3","9.5","1001.1","1012.8"
"2026-09-21","22:33:52","Clear","Dry","Dark","1.0","21.7","3200","57232","22.4","31%","26.0","Heating UP","Opened","7.653","38","Safe","Calm","5.8","73","17.3","9.5","1001.1","1012.8"
"2026-09-21","22:34:02","Clear","Dry","Dark","0.8","21.7","3200","57232","22.4","32%","26.0","Heating UP","Opened","7.493","38","Safe","Calm","5.8","73","17.3","9.3","1001.2","1012.8"
"2026-09-21","22:34:12","Clear","Dry","Dark","0.9","21.7","3200","57232","22.4","33%","26.1","","Opened","7.382","38","Safe","Calm","5.9","73","17.3","9.4","1001.3","1012.9"
"2026-09-21","22:34:22","Clear","Dry","Dark","1.0","21.6","3200","57232","22.4","33%","26.0","Heating UP","Opened","7.527","38","Safe","Calm","5.9","73","17.3","9.5","1001.3","1012.9"
"2026-09-21","22:34:32","Clear","Dry","Dark","0.8","21.7","3200","57232","22.4","34%","26.0","Heating UP","Opened","7.441","38","Safe","Calm","5.5","73","17.3","9.3","1001.3","1012.9"
"2026-09-21","22:34:42","Clear","Dry","Dark","0.8","21.6","3200","57232","22.4","35%","26.0","Heating UP","Opened","7.510","38","Safe","Calm","5.4","73","17.3","9.4","1001.3","1012.9"
"2026-09-21","22:34:52","Clear","Dry","Dark","0.9","21.6","3200","57232","22.4","36%","26.1","","Opened","7.269","38","Safe","Calm","5.2","73","17.3","9.4","1001.2","1012.8"
"2026-09-21","22:35:02","Clear","Dry","Dark","1.0","21.7","3200","57232","22.3","36%","26.1","","Opened","6.962","38","Safe","Calm","5.4","73","17.2","9.6","1001.2","1012.8"
"2026-09-21","22:35:12","Clear","Dry","Dark","0.8","21.6","3200","57232","22.4","36%","26.2","","Opened","7.196","38","Safe","Calm","5.1","73","17.3","9.3","1001.2","1012.8"
"2026-09-21","22:35:22","Clear","Dry","Dark","1.0","21.6","3200","57232","22.4","36%","26.2","","Opened","7.289","38","Safe","Calm","5.0","73","17.3","9.5","1001.1","1012.8"
"2026-09-21","22:35:32","Clear","Dry","Dark","1.0","21.7","3200","57232","22.4","36%","26.3","","Opened","7.318","38","Safe","Calm","5.1","73","17.3","9.5","1001.2","1012.8"
"2026-09-21","22:35:42","Clear","Dry","Dark","0.8","21.7","3200","57232","22.4","36%","26.3","","Opened","7.328","38","Safe","Calm","5.0","73","17.3","9.4","1001.3","1012.9"
"2026-09-21","22:35:52","Clear","Dry","Dark","0.8","21.7","3200","57232","22.4","36%","26.4","","Opened","7.618","38","Safe","Calm","4.8","73","17.3","9.3","1001.2","1012.8"
"2026-09-21","22:36:02","Clear","Dry","Dark","0.9","21.7","3200","57232","22.4","36%","26.5","","Opened","7.358","38","Safe","Calm","3.9","73","17.3","9.4","1001.2","1012.8"
"2026-09-21","22:36:12","Clear","Dry","Dark","0.9","21.7","3200","57232","22.4","36%","26.5","","Opened","7.385","38","Safe","Calm","3.1","73","17.3","9.4","1001.2","1012.8"
"2026-09-21","22:36:22","Clear","Dry","Dark","0.8","21.6","3200","57232","22.4","36%","26.7","Heating DOWN","Opened","7.535","38","Safe","Calm","2.3","73","17.3","9.3","1001.2","1012.8"
"2026-09-21","22:36:32","Clear","Dry","Dark","0.9","21.6","3200","57232","22.4","35%","26.8","Heating DOWN","Opened","7.404","38","Safe","Calm","1.4","73","17.3","9.4","1001.2","1012.8"
"2026-09-21","22:36:42","Clear","Dry","Dark","0.9","21.6","3200","57232","22.4","34%","26.9","Heating DOWN","Opened","7.411","38","Safe","Calm","0.6","73","17.3","9.4","1001.2","1012.8"
"2026-09-21","22:36:53","Clear","Dry","Dark","0.9","21.6","3200","57232","22.4","33%","26.8","","Opened","7.750","38","Safe","Calm","0.0","73","17.3","9.5","1001.1","1012.8"
"2026-09-21","22:37:02","Clear","Dry","Dark","0.9","21.6","3200","57232","22.4","33%","26.9","Heating DOWN","Opened","7.421","38","Safe","Calm","0.0","73","17.3","9.4","1001.2","1012.8"
"2026-09-21","22:37:12","Clear","Dry","Dark","0.8","21.6","3200","57232","22.4","31%","27.0","Heating DOWN","Opened","7.481","38","Safe","Calm","0.0","73","17.3","9.4","1001.2","1012.8"
"2026-09-21","22:37:22","Clear","Dry","Dark","0.8","21.6","3200","57232","22.4","30%","27.0","Heating DOWN","Opened","7.484","38","Safe","Calm","0.0","73","17.3","9.4","1001.1","1012.8"
"2026-09-21","22:37:32","Clear","Dry","Dark","0.9","21.6","3200","57232","22.4","28%","26.9","","Opened","7.334","38","Safe","Calm","0.6","73","17.3","9.4","1001.1","1012.8"
"2026-09-21","22:37:42","Clear","Dry","Dark","0.9","21.6","3200","57232","22.4","28%","26.9","Heating DOWN","Opened","7.446","38","Safe","Calm","0.6","73","17.3","9.5","1001.2","1012.8"
"2026-09-21","22:37:52","Clear","Dry","Dark","0.8","21.6","3200","57232","22.4","27%","26.9","Heating DOWN","Opened","7.689","38","Safe","Calm","0.6","73","17.2","9.3","1001.4","1013.0"
"2026-09-21","22:38:02","Clear","Dry","Dark","0.8","21.6","3200","57232","22.4","25%","26.9","Heating DOWN","Opened","7.468","38","Safe","Calm","0.6","73","17.3","9.3","1001.2","1012.8"
"2026-09-21","22:38:12","Clear","Dry","Dark","0.8","21.6","3200","57232","22.4","24%","26.9","Heating DOWN","Opened","7.487","38","Safe","Calm","0.6","73","17.3","9.3","1001.2","1012.8"
"2026-09-21","22:38:22","Clear","Dry","Dark","0.8","21.6","3200","57232","22.4","23%","26.8","","Opened","7.400","38","Safe","Calm","1.3","73","17.3","9.3","1001.2","1012.8"
"2026-09-21","22:38:32","Clear","Dry","Dark","0.7","21.6","3200","57232","22.4","23%","26.6","","Opened","7.354","38","Safe","Calm","0.6","73","17.3","9.3","1001.2","1012.8"
"2026-09-21","22:38:42","Clear","Dry","Dark","0.8","21.6","3200","57232","22.4","23%","26.6","","Opened","7.311","38","Safe","Calm","0.6","73","17.3","9.4","1001.3","1012.9"
"2026-09-21","22:38:52","Clear","Dry","Dark","0.7","21.6","3200","57232","22.4","23%","26.4","","Opened","7.594","38","Safe","Calm","0.6","73","17.3","9.3","1001.1","1012.8"
"2026-09-21","22:39:02","Clear","Dry","Dark","1.0","21.6","3200","57232","22.4","23%","26.4","","Opened","7.333","38","Safe","Calm","0.6","73","17.3","9.5","1001.1","1012.8"
"2026-09-21","22:39:12","Clear","Dry","Dark","0.8","21.6","3200","57232","22.4","23%","26.3","","Opened","7.308","38","Safe","Calm","1.4","73","17.3","9.3","1001.2","1012.8"
"2026-09-21","22:39:22","Clear","Dry","Dark","0.9","21.6","3200","57232","22.4","23%","26.2","","Opened","7.415","38","Safe","Calm","1.4","73","17.3","9.4","1001.2","1012.8"
"2026-09-21","22:39:32","Clear","Dry","Dark","0.7","21.6","3200","57232","22.4","23%","26.1","Heating UP","Opened","7.562","38","Safe","Calm","2.2","73","17.3","9.3","1001.2","1012.8"
"2026-09-21","22:39:42","Clear","Dry","Dark","0.8","21.6","3200","57232","22.4","24%","26.0","Heating UP","Opened","7.464","38","Safe","Calm","2.8","73","17.3","9.3","1001.1","1012.8"
"2026-09-21","22:39:52","Clear","Dry","Dark","1.0","21.6","3200","57232","22.4","25%","26.0","Heating UP","Opened","7.705","38","Safe","Calm","2.8","73","17.3","9.5","1001.1","1012.8"
"2026-09-21","22:40:02","Clear","Dry","Dark","0.8","21.6","3200","57232","22.4","26%","26.0","Heating UP","Opened","7.518","38","Safe","Calm","2.8","73","17.3","9.3","1001.1","1012.8"
"2026-09-21","22:40:12","Clear","Dry","Dark","0.8","21.6","3200","57232","22.4","27%","26.0","Heating UP","Opened","7.491","38","Safe","Calm","2.1","73","17.3","9.3","1001.1","1012.8"
"2026-09-21","22:40:22","Clear","Dry","Dark","0.8","21.5","3200","57232","22.4","28%","26.0","Heating UP","Opened","7.520","38","Safe","Calm","1.4","73","17.3","9.4","1001.1","1012.8"
"2026-09-21","22:40:32","Clear","Dry","Dark","0.8","21.6","3200","57232","22.4","29%","26.1","","Opened","7.309","38","Safe","Calm","0.6","73","17.3","9.3","1001.2","1012.8"
"2026-09-21","22:40:42","Clear","Dry","Dark","0.9","21.5","3200","57232","22.4","29%","26.1","Heating UP","Opened","7.487","38","Safe","Calm","0.0","73","17.3","9.5","1001.2","1012.8"
"2026-09-21","22:40:52","Clear","Dry","Dark","0.8","21.5","3200","57232","22.4","30%","26.1","Heating UP","Opened","7.724","38","Safe","Calm","0.0","73","17.3","9.3","1001.2","1012.8"
"2026-09-21","22:41:02","Clear","Dry","Dark","0.8","21.5","3200","57232","22.4","30%","26.1","Heating UP","Opened","7.500","38","Safe","Calm","0.0","73","17.3","9.3","1001.1","1012.8"
"2026-09-21","22:41:12","Clear","Dry","Dark","0.9","21.5","3200","57232","22.4","31%","26.1","Heating UP","Opened","7.406","38","Safe","Calm","0.8","73","17.3","9.4","1001.2","1012.8"
"2026-09-21","22:41:22","Clear","Dry","Dark","1.0","21.5","3200","57232","22.4","32%","26.1","","Opened","7.355","38","Safe","Calm","1.6","73","17.3","9.5","1001.1","1012.8"
"2026-09-21","22:41:32","Clear","Dry","Dark","0.8","21.5","3200","57232","22.4","32%","26.0","Heating UP","Opened","7.500","38","Safe","Calm","2.3","73","17.3","9.3","1001.1","1012.8"
"2026-09-21","22:41:42","Clear","Dry","Dark","0.8","21.5","3200","57232","22.4","33%","26.0","Heating UP","Opened","7.440","38","Safe","Calm","3.0","73","17.3","9.3","1001.2","1012.8"
"2026-09-21","22:41:52","Clear","Dry","Dark","0.8","21.5","3200","57232","22.4","34%","26.1","","Opened","7.551","38","Safe","Calm","3.0","73","17.3","9.3","1001.1","1012.8"
"2026-09-21","22:42:02","Clear","Dry","Dark","0.8","21.5","3200","57232","22.3","34%","26.2","","Opened","7.349","38","Safe","Calm","3.0","73","17.3","9.3","1001.3","1012.9"
"2026-09-21","22:42:12","Clear","Dry","Dark","0.9","21.5","3200","57232","22.4","34%","26.3","","Opened","7.342","38","Safe","Calm","2.8","73","17.3","9.4","1001.2","1012.8"
"2026-09-21","22:42:22","Clear","Dry","Dark","1.0","21.5","3200","57232","22.3","34%","26.3","","Opened","7.325","38","Safe","Calm","2.1","73","17.3","9.5","1001.3","1012.9"
"2026-09-21","22:42:32","Clear","Dry","Dark","1.0","21.5","3200","57232","22.3","34%","26.3","","Opened","7.278","38","Safe","Calm","2.1","73","17.3","9.5","1001.1","1012.8"
"2026-09-21","22:42:42","Clear","Dry","Dark","0.9","21.5","3200","57232","22.4","34%","26.3","","Opened","7.372","38","Safe","Calm","2.3","73","17.3","9.5","1001.2","1012.8"
"2026-09-21","22:42:52","Clear","Dry","Dark","0.9","21.5","3200","57232","22.3","34%","26.3","","Opened","7.607","38","Safe","Calm","3.0","73","17.3","9.4","1001.2","1012.8"
"2026-09-21","22:43:02","Clear","Dry","Dark","0.9","21.5","3200","57232","22.3","34%","26.4","","Opened","7.324","38","Safe","Calm","3.6","73","17.3","9.4","1001.1","1012.8"
"2026-09-21","22:43:12","Clear","Dry","Dark","0.9","21.5","3200","57232","22.3","34%","26.5","","Opened","7.325","38","Safe","Calm","3.8","73","17.3","9.4","1001.2","1012.8"
"2026-09-21","22:43:22","Clear","Dry","Dark","1.0","21.4","3200","57232","22.3","34%","26.5","","Opened","7.339","38","Safe","Calm","4.4","73","17.3","9.5","1001.1","1012.8"
"2026-09-21","22:43:32","Clear","Dry","Dark","0.9","21.4","3200","57232","22.3","34%","26.5","","Opened","7.291","38","Safe","Calm","4.3","73","17.3","9.4","1001.1","1012.8"
"2026-09-21","22:43:42","Clear","Dry","Dark","1.0","21.5","3200","57232","22.3","34%","26.5","","Opened","7.369","38","Safe","Calm","3.3","73","17.3","9.5","1001.1","1012.8"
"2026-09-21","22:43:53","Clear","Dry","Dark","0.9","21.5","3200","57232","22.3","34%","26.5","","Opened","7.787","38","Safe","Calm","2.7","73","17.3","9.4","1001.1","1012.8"
"2026-09-21","22:44:02","Clear","Dry","Dark","1.0","21.5","3200","57232","22.3","34%","26.6","","Opened","7.350","38","Safe","Calm","2.1","73","17.3","9.5","1001.1","1012.8"
"2026-09-21","22:44:12","Clear","Dry","Dark","0.9","21.5","3200","57232","22.3","34%","26.7","Heating DOWN","Opened","7.427","38","Safe","Calm","1.3","73","17.3","9.4","1001.2","1012.8"
"2026-09-21","22:44:22","Clear","Dry","Dark","1.0","21.5","3200","57232","22.3","33%","26.7","Heating DOWN","Opened","7.461","38","Safe","Calm","0.6","73","17.3","9.5","1001.1","1012.8"
"2026-09-21","22:44:32","Clear","Dry","Dark","0.9","21.5","3200","57232","22.3","32%","26.6","","Opened","7.375","38","Safe","Calm","0.0","73","17.3","9.4","1001.1","1012.8"
"2026-09-21","22:44:42","Clear","Dry","Dark","0.7","21.5","3200","57232","22.3","32%","26.6","","Opened","7.332","38","Safe","Calm","0.0","73","17.3","9.2","1001.2","1012.8"
"2026-09-21","22:44:52","Clear","Dry","Dark","0.7","21.5","3200","57232","22.3","32%","26.7","Heating DOWN","Opened","7.643","38","Safe","Calm","0.0","73","17.3","9.2","1001.1","1012.8"
"2026-09-21","22:45:02","Clear","Dry","Dark","0.8","21.5","3200","57232","22.3","31%","26.7","Heating DOWN","Opened","7.414","38","Safe","Calm","0.0","73","17.3","9.3","1001.3","1012.9"
"2026-09-21","22:45:12","Clear","Dry","Dark","0.8","21.5","3200","57232","22.3","30%","26.7","Heating DOWN","Opened","7.423","38","Safe","Calm","0.0","73","17.3","9.3","1001.1","1012.8"
"2026-09-21","22:45:22","Clear","Dry","Dark","0.7","21.5","3200","57232","22.3","30%","26.7","Heating DOWN","Opened","7.564","38","Safe","Calm","0.0","73","17.3","9.2","1001.2","1012.8"
"2026-09-21","22:45:32","Clear","Dry","Dark","0.9","21.5","3200","57232","22.3","29%","26.7","Heating DOWN","Opened","7.472","38","Safe","Calm","0.0","73","17.3","9.4","1001.3","1012.9"
"2026-09-21","22:45:42","Clear","Dry","Dark","0.7","21.5","3200","57232","22.3","28%","26.7","Heating DOWN","Opened","7.479","38","Safe","Calm","0.0","73","17.3","9.2","1001.2","1012.8"
"2026-09-21","22:45:52","Clear","Dry","Dark","0.7","21.4","3200","57232","22.3","27%","26.7","Heating DOWN","Opened","7.721","38","Safe","Calm","0.0","73","17.3","9.2","1001.1","1012.7"
"2026-09-21","22:46:02","Clear","Dry","Dark","0.7","21.4","3200","57232","22.3","26%","26.7","Heating DOWN","Opened","7.547","38","Safe","Calm","0.0","73","17.3","9.2","1001.2","1012.8"
"2026-09-21","22:46:12","Clear","Dry","Dark","0.7","21.4","3200","57232","22.3","25%","26.6","","Opened","7.351","38","Safe","Calm","0.0","73","17.3","9.2","1001.1","1012.8"
"2026-09-21","22:46:22","Clear","Dry","Dark","0.6","21.4","3200","57232","22.3","25%","26.6","","Opened","7.323","38","Safe","Calm","0.0","73","17.3","9.2","1001.2","1012.8"
"2026-09-21","22:46:32","Clear","Dry","Dark","0.5","21.4","3200","57232","22.3","25%","26.6","","Opened","7.294","38","Safe","Calm","0.0","73","17.3","9.0","1001.1","1012.8"
"2026-09-21","22:46:42","Clear","Dry","Dark","0.6","21.4","3200","57232","22.3","25%","26.5","","Opened","7.418","38","Safe","Calm","0.0","73","17.3","9.2","1001.2","1012.8"
"2026-09-21","22:46:52","Clear","Dry","Dark","0.7","21.4","3200","57232","22.3","25%","26.4","","Opened","7.573","38","Safe","Calm","0.0","73","17.3","9.2","1001.2","1012.8"
"2026-09-21","22:47:02","Clear","Dry","Dark","0.5","21.3","3200","57232","22.3","25%","26.4","","Opened","7.328","38","Safe","Calm","0.0","73","17.3","9.0","1001.2","1012.8"
"2026-09-21","22:47:12","Clear","Dry","Dark","0.4","21.3","3200","57232","22.3","25%","26.4","","Opened","7.374","38","Safe","Calm","0.0","73","17.3","8.9","1001.1","1012.8"
"2026-09-21","22:47:22","Clear","Dry","Dark","0.4","21.3","3200","57232","22.3","25%","26.3","","Opened","7.393","38","Safe","Calm","0.0","73","17.2","8.9","1001.1","1012.8"
"2026-09-21","22:47:32","Clear","Dry","Dark","0.5","21.3","3200","57232","22.3","25%","26.3","","Opened","7.396","38","Safe","Calm","0.0","73","17.3","9.0","1001.1","1012.8"
"2026-09-21","22:47:42","Clear","Dry","Dark","0.6","21.3","3200","57232","22.3","25%","26.3","","Opened","7.366","38","Safe","Calm","0.0","73","17.2","9.1","1001.3","1012.9"
"2026-09-21","22:47:52","Clear","Dry","Dark","0.4","21.3","3200","57232","22.3","25%","26.3","","Opened","7.538","38","Safe","Calm","0.0","73","17.2","8.9","1001.1","1012.7"
"2026-09-21","22:48:02","Clear","Dry","Dark","0.5","21.3","3200","57232","22.3","25%","26.3","","Opened","7.320","38","Safe","Calm","0.0","73","17.2","9.0","1001.2","1012.8"
"2026-09-21","22:48:12","Clear","Dry","Dark","0.4","21.3","3200","57232","22.3","25%","26.3","","Opened","7.299","38","Safe","Calm","0.0","73","17.2","8.9","1001.2","1012.8"
"2026-09-21","22:48:22","Clear","Dry","Dark","0.5","21.3","3200","57232","22.3","25%","26.3","","Opened","7.382","38","Safe","Calm","0.0","73","17.2","9.0","1001.1","1012.8"
"2026-09-21","22:48:32","Clear","Dry","Dark","0.5","21.3","3200","57232","22.3","25%","26.1","","Opened","7.428","38","Safe","Calm","0.0","73","17.2","9.0","1001.2","1012.8"
"2026-09-21","22:48:42","Clear","Dry","Dark","0.5","21.3","3200","57232","22.3","25%","26.1","","Opened","7.394","38","Safe","Calm","0.0","73","17.2","9.0","1001.1","1012.8"
"2026-09-21","22:48:52","Clear","Dry","Dark","0.4","21.3","3200","57232","22.3","25%","26.0","Heating UP","Opened","7.663","38","Safe","Calm","0.0","73","17.2","8.9","1001.1","1012.8"
"2026-09-21","22:49:02","Clear","Dry","Dark","0.5","21.3","3200","57232","22.3","26%","26.0","Heating UP","Opened","7.524","38","Safe","Calm","0.0","73","17.2","9.0","1001.2","1012.8"
"2026-09-21","22:49:12","Clear","Dry","Dark","0.5","21.3","3200","57232","22.3","27%","25.9","Heating UP","Opened","7.437","38","Safe","Calm","0.0","73","17.2","9.0","1001.2","1012.8"
"2026-09-21","22:49:22","Clear","Dry","Dark","0.7","21.3","3200","57232","22.3","28%","25.9","Heating UP","Opened","7.469","38","Safe","Calm","0.0","73","17.2","9.2","1001.2","1012.8"
"2026-09-21","22:49:32","Clear","Dry","Dark","0.6","21.3","3200","57232","22.3","29%","25.9","Heating UP","Opened","7.522","38","Safe","Calm","0.0","73","17.2","9.1","1001.2","1012.8"
"2026-09-21","22:49:42","Clear","Dry","Dark","0.7","21.3","3200","57232","22.3","30%","25.9","Heating UP","Opened","7.463","38","Safe","Calm","0.0","73","17.2","9.2","1001.1","1012.8"
"2026-09-21","22:49:52","Clear","Dry","Dark","0.5","21.3","3200","57232","22.3","30%","25.9","Heating UP","Opened","7.715","38","Safe","Calm","0.0","73","17.2","9.0","1001.1","1012.8"
"2026-09-21","22:50:02","Clear","Dry","Dark","0.6","21.3","3200","57232","22.3","31%","25.9","Heating UP","Opened","7.541","38","Safe","Calm","0.0","73","17.3","9.1","1001.2","1012.8"
"2026-09-21","22:50:12","Clear","Dry","Dark","0.5","21.3","3200","57232","22.3","32%","25.8","Heating UP","Opened","7.474","38","Safe","Calm","0.0","73","17.3","9.0","1001.2","1012.8"
"2026-09-21","22:50:22","Clear","Dry","Dark","0.7","21.3","3200","57232","22.3","34%","25.9","","Opened","7.357","38","Safe","Calm","0.0","73","17.3","9.2","1001.2","1012.8"
"2026-09-21","22:50:32","Clear","Dry","Dark","0.5","21.4","3200","57232","22.3","34%","25.9","Heating UP","Opened","7.456","38","Safe","Calm","0.0","73","17.3","9.0","1001.1","1012.8"
"2026-09-21","22:50:42","Clear","Dry","Dark","0.6","21.4","3200","57232","22.3","35%","25.9","Heating UP","Opened","7.461","38","Safe","Calm","0.0","73","17.3","9.1","1001.1","1012.8"
"2026-09-21","22:50:53","Clear","Dry","Dark","0.6","21.3","3200","57232","22.3","36%","25.9","Heating UP","Opened","7.759","38","Safe","Calm","0.0","73","17.3","9.0","1001.1","1012.8"
"2026-09-21","22:51:02","Clear","Dry","Dark","0.7","21.3","3200","57232","22.2","37%","25.9","Heating UP","Opened","7.479","38","Safe","Calm","0.0","73","17.2","9.1","1001.3","1012.9"
"2026-09-21","22:51:12","Clear","Dry","Dark","0.8","21.3","3200","57232","22.2","38%","25.9","Heating UP","Opened","7.538","38","Safe","Calm","0.0","73","17.2","9.3","1001.1","1012.8"
"2026-09-21","22:51:22","Clear","Dry","Dark","0.9","21.4","3200","57232","22.2","39%","25.9","Heating UP","Opened","7.453","38","Safe","Calm","0.0","73","17.3","9.4","1001.2","1012.8"
"2026-09-21","22:51:32","Clear","Dry","Dark","0.7","21.4","3200","57232","22.2","40%","26.0","","Opened","7.366","38","Safe","Calm","0.0","73","17.3","9.2","1001.2","1012.8"
"2026-09-21","22:51:42","Clear","Dry","Dark","0.6","21.3","3200","57232","22.2","40%","26.1","","Opened","7.367","38","Safe","Calm","0.0","73","17.3","9.1","1001.3","1012.9"
"2026-09-21","22:51:52","Clear","Dry","Dark","0.6","21.3","3200","57232","22.2","40%","26.1","","Opened","7.566","38","Safe","Calm","0.0","73","17.2","9.0","1001.3","1012.9"
"2026-09-21","22:52:02","Clear","Dry","Dark","0.6","21.3","3200","57232","22.2","40%","26.3","","Opened","7.307","38","Safe","Calm","0.0","73","17.2","9.0","1001.3","1012.9"
"2026-09-21","22:52:12","Clear","Dry","Dark","0.7","21.3","3200","57232","22.2","40%","26.5","","Opened","7.306","38","Safe","Calm","0.0","73","17.2","9.1","1001.3","1013.0"
"2026-09-21","22:52:22","Clear","Dry","Dark","0.6","21.2","3200","57232","22.2","40%","26.7","Heating DOWN","Opened","7.512","38","Safe","Calm","0.0","73","17.3","9.1","1001.3","1012.9"
"2026-09-21","22:52:32","Clear","Dry","Dark","0.8","21.2","3200","57232","22.2","39%","26.8","Heating DOWN","Opened","7.555","38","Safe","Calm","0.0","73","17.3","9.2","1001.2","1012.8"
"2026-09-21","22:52:42","Clear","Dry","Dark","0.8","21.3","3200","57232","22.2","37%","26.9","Heating DOWN","Opened","7.528","38","Safe","Calm","0.0","73","17.2","9.3","1001.3","1012.9"
"2026-09-21","22:52:52","Clear","Dry","Dark","1.0","21.3","3200","57232","22.2","35%","27.0","Heating DOWN","Opened","7.667","38","Safe","Calm","0.0","73","17.2","9.5","1001.2","1012.8"
"2026-09-21","22:53:02","Clear","Dry","Dark","0.8","21.3","3200","57232","22.2","33%","27.1","Heating DOWN","Opened","7.478","38","Safe","Calm","0.0","73","17.2","9.2","1001.3","1012.9"
"2026-09-21","22:53:12","Clear","Dry","Dark","0.6","21.3","3200","57232","22.3","31%","27.1","Heating DOWN","Opened","7.477","38","Safe","Calm","0.0","73","17.3","9.1","1001.2","1012.8"
"2026-09-21","22:53:22","Clear","Dry","Dark","0.7","21.3","3200","57232","22.3","30%","27.2","Heating DOWN","Opened","7.391","38","Safe","Calm","0.0","73","17.2","9.2","1001.3","1012.9"
"2026-09-21","22:53:32","Clear","Dry","Dark","0.8","21.3","3200","57232","22.2","28%","27.2","Heating DOWN","Opened","7.528","38","Safe","Calm","0.0","73","17.2","9.2","1001.2","1012.8"
"2026-09-21","22:53:42","Clear","Dry","Dark","0.9","21.3","3200","57232","22.3","26%","27.1","","Opened","7.303","38","Safe","Calm","0.0","73","17.3","9.4","1001.3","1012.9"
"2026-09-21","22:53:52","Clear","Dry","Dark","0.9","21.3","3200","57232","22.3","26%","26.9","","Opened","7.637","38","Safe","Calm","0.0","73","17.3","9.4","1001.3","1012.9"
"2026-09-21","22:54:02","Clear","Dry","Dark","0.9","21.3","3200","57232","22.3","26%","26.6","","Opened","7.392","38","Safe","Calm","0.0","74","17.3","9.4","1001.2","1012.8"
"2026-09-21","22:54:12","Clear","Dry","Dark","0.7","21.3","3200","57232","22.3","26%","26.5","","Opened","7.509","38","Safe","Calm","0.0","74","17.3","9.2","1001.1","1012.8"
"2026-09-21","22:54:22","Clear","Dry","Dark","0.7","21.3","3200","57232","22.3","26%","26.3","","Opened","7.617","38","Safe","Calm","0.0","74","17.3","9.2","1001.3","1012.9"
"2026-09-21","22:54:32","Clear","Dry","Dark","0.7","21.3","3200","57232","22.2","26%","26.2","","Opened","7.519","38","Safe","Calm","0.0","74","17.3","9.2","1001.2","1012.8"
"2026-09-21","22:54:42","Clear","Dry","Dark","0.9","21.3","3200","57232","22.2","26%","26.1","","Opened","7.561","38","Safe","Calm","0.0","74","17.3","9.3","1001.2","1012.8"
"2026-09-21","22:54:53","Clear","Dry","Dark","1.0","21.3","3200","57232","22.2","26%","26.1","","Opened","7.750","38","Safe","Calm","0.0","74","17.3","9.4","1001.2","1012.8"
"2026-09-21","22:55:02","Clear","Dry","Dark","0.9","21.3","3200","57232","22.2","26%","26.1","","Opened","7.348","38","Safe","Calm","0.0","74","17.3","9.4","1001.3","1012.9"
"2026-09-21","22:55:12","Clear","Dry","Dark","0.9","21.3","3200","57232","22.2","26%","26.2","","Opened","7.530","38","Safe","Calm","0.0","73","17.3","9.3","1001.2","1012.8"
"2026-09-21","22:55:22","Clear","Dry","Dark","0.9","21.3","3200","57232","22.3","26%","26.2","","Opened","7.395","38","Safe","Calm","0.0","73","17.3","9.3","1001.3","1012.9"
"2026-09-21","22:55:32","Clear","Dry","Dark","0.9","21.3","3200","57232","22.3","26%","26.2","","Opened","7.563","38","Safe","Calm","0.0","73","17.3","9.4","1001.2","1012.8"
"2026-09-21","22:55:42","Clear","Dry","Dark","1.0","21.3","3200","57232","22.3","26%","26.2","","Opened","7.552","38","Safe","Calm","0.0","73","17.3","9.5","1001.1","1012.8"
"2026-09-21","22:55:53","Clear","Dry","Dark","0.7","21.3","3200","57232","22.3","26%","26.2","","Opened","7.824","38","Safe","Calm","0.0","74","17.3","9.2","1001.2","1012.8"
"2026-09-21","22:56:02","Clear","Dry","Dark","0.7","21.3","3200","57232","22.3","26%","26.3","","Opened","7.523","38","Safe","Calm","0.0","74","17.4","9.2","1001.2","1012.8"
"2026-09-21","22:56:12","Clear","Dry","Dark","0.7","21.2","3200","57232","22.3","26%","26.3","","Opened","7.603","38","Safe","Calm","0.0","74","17.3","9.2","1001.3","1012.9"
"2026-09-21","22:56:22","Clear","Dry","Dark","0.8","21.3","3200","57232","22.3","26%","26.3","","Opened","7.570","38","Safe","Calm","0.0","74","17.4","9.3","1001.3","1012.9"
"2026-09-21","22:56:32","Clear","Dry","Dark","0.8","21.3","3200","57232","22.3","26%","26.3","","Opened","7.432","38","Safe","Calm","0.0","74","17.3","9.3","1001.2","1012.8"
"2026-09-21","22:56:42","Clear","Dry","Dark","0.9","21.3","3200","57232","22.3","26%","26.2","","Opened","7.465","38","Safe","Calm","0.0","74","17.4","9.4","1001.3","1012.9"
"2026-09-21","22:56:53","Clear","Dry","Dark","0.8","21.3","3200","57232","22.3","26%","26.2","","Opened","7.750","38","Safe","Calm","0.0","74","17.4","9.3","1001.3","1012.9"
"2026-09-21","22:57:02","Clear","Dry","Dark","0.8","21.3","3200","57232","22.3","26%","26.2","","Opened","7.593","38","Safe","Calm","0.0","73","17.3","9.3","1001.3","1012.9"
"2026-09-21","22:57:12","Clear","Dry","Dark","0.7","21.3","3200","57232","22.3","26%","26.3","","Opened","7.524","38","Safe","Calm","0.0","74","17.4","9.2","1001.2","1012.8"
"2026-09-21","22:57:22","Clear","Dry","Dark","0.8","21.3","3200","57232","22.3","26%","26.3","","Opened","7.529","38","Safe","Calm","0.0","74","17.4","9.3","1001.3","1012.9"
"2026-09-21","22:57:32","Clear","Dry","Dark","0.9","21.3","3200","57232","22.4","26%","26.2","","Opened","7.337","38","Safe","Calm","0.0","73","17.4","9.4","1001.2","1012.8"
"2026-09-21","22:57:42","Clear","Dry","Dark","0.9","21.3","3200","57232","22.4","26%","26.2","","Opened","7.377","38","Safe","Calm","0.0","73","17.4","9.4","1001.2","1012.8"
"2026-09-21","22:57:53","Clear","Dry","Dark","0.8","21.4","3200","57232","22.3","26%","26.1","","Opened","7.708","38","Safe","Calm","0.0","74","17.4","9.4","1001.3","1012.9"
"2026-09-21","22:58:02","Clear","Dry","Dark","0.7","21.4","3200","57232","22.3","26%","26.0","Heating UP","Opened","7.531","38","Safe","Calm","0.0","74","17.4","9.2","1001.2","1012.8"
"2026-09-21","22:58:12","Clear","Dry","Dark","0.9","21.4","3200","57232","22.4","27%","26.0","Heating UP","Opened","7.440","38","Safe","Calm","0.0","74","17.4","9.4","1001.3","1012.9"
"2026-09-21","22:58:22","Clear","Dry","Dark","0.8","21.4","3200","57232","22.3","28%","26.0","Heating UP","Opened","7.502","38","Safe","Calm","0.0","74","17.4","9.4","1001.2","1012.8"
"2026-09-21","22:58:32","Clear","Dry","Dark","1.0","21.4","3200","57232","22.4","29%","26.1","","Opened","7.420","38","Safe","Calm","0.0","74","17.4","9.5","1001.3","1012.9"
"2026-09-21","22:58:42","Clear","Dry","Dark","0.9","21.4","3200","57232","22.4","29%","26.1","","Opened","7.357","38","Safe","Calm","0.0","74","17.4","9.4","1001.3","1012.9"
"2026-09-21","22:58:52","Clear","Dry","Dark","0.8","21.4","3200","57232","22.4","29%","26.1","","Opened","7.556","38","Safe","Calm","0.0","74","17.4","9.3","1001.3","1012.9"
"2026-09-21","22:59:02","Clear","Dry","Dark","0.7","21.4","3200","57232","22.4","29%","26.2","","Opened","7.290","38","Safe","Calm","0.0","74","17.5","9.2","1001.3","1012.9"
"2026-09-21","22:59:12","Clear","Dry","Dark","0.9","21.4","3200","57232","22.4","29%","26.3","","Opened","7.403","38","Safe","Calm","0.0","74","17.4","9.4","1001.3","1012.9"
"2026-09-21","22:59:22","Clear","Dry","Dark","0.7","21.4","3200","57232","22.4","29%","26.4","","Opened","7.343","38","Safe","Calm","0.0","74","17.4","9.2","1001.3","1012.9"
"2026-09-21","22:59:32","Clear","Dry","Dark","0.8","21.4","3200","57232","22.4","29%","26.5","","Opened","7.299","38","Safe","Calm","0.0","73","17.4","9.3","1001.3","1012.9"
"2026-09-21","22:59:42","Clear","Dry","Dark","0.9","21.4","3200","57232","22.4","29%","26.6","","Opened","7.286","38","Safe","Calm","0.0","74","17.4","9.4","1001.3","1012.9"
"2026-09-21","22:59:52","Clear","Dry","Dark","0.9","21.4","3200","57232","22.4","29%","26.5","","Opened","7.631","38","Safe","Calm","0.0","73","17.4","9.4","1001.3","1012.9"
"2026-09-21","23:00:02","Clear","Dry","Dark","0.8","21.4","3200","57232","22.4","29%","26.5","","Opened","7.333","38","Safe","Calm","0.0","73","17.4","9.4","1001.2","1012.8"
"2026-09-21","23:00:12","Clear","Dry","Dark","0.8","21.4","3200","57232","22.4","29%","26.5","","Opened","7.317","38","Safe","Calm","0.0","74","17.4","9.4","1001.3","1012.9"
"2026-09-21","23:00:22","Clear","Dry","Dark","1.1","21.4","3200","57232","22.4","29%","26.5","","Opened","7.296","38","Safe","Calm","0.0","74","17.5","9.6","1001.3","1012.9"
"2026-09-21","23:00:32","Clear","Dry","Dark","1.1","21.4","3200","57232","22.4","29%","26.5","","Opened","7.365","38","Safe","Calm","0.0","74","17.4","9.7","1001.3","1012.9"
"2026-09-21","23:00:42","Clear","Dry","Dark","1.1","21.4","3200","57232","22.4","29%","26.6","","Opened","7.306","38","Safe","Calm","0.0","74","17.5","9.6","1001.3","1012.9"
"2026-09-21","23:00:52","Clear","Dry","Dark","0.9","21.4","3200","57232","22.4","29%","26.6","","Opened","7.608","38","Safe","Calm","0.0","74","17.5","9.5","1001.3","1012.9"
"2026-09-21","23:01:02","Clear","Dry","Dark","0.9","21.4","3200","57232","22.4","29%","26.6","","Opened","7.328","38","Safe","Calm","0.0","73","17.4","9.5","1001.2","1012.8"
"2026-09-21","23:01:12","Clear","Dry","Dark","0.9","21.3","3200","57232","22.4","29%","26.7","","Opened","7.279","38","Safe","Calm","0.0","73","17.5","9.5","1001.3","1012.9"
"2026-09-21","23:01:22","Clear","Dry","Dark","0.8","21.3","3200","57232","22.4","29%","26.8","Heating DOWN","Opened","7.479","38","Safe","Calm","0.0","73","17.4","9.4","1001.3","1012.9"
"2026-09-21","23:01:32","Clear","Dry","Dark","1.0","21.3","3200","57232","22.4","28%","26.9","Heating DOWN","Opened","7.455","38","Safe","Calm","0.0","73","17.4","9.5","1001.2","1012.8"
"2026-09-21","23:01:42","Clear","Dry","Dark","0.9","21.3","3200","57232","22.5","27%","26.9","Heating DOWN","Opened","7.469","38","Safe","Calm","0.0","73","17.5","9.5","1001.2","1012.8"
"2026-09-21","23:01:53","Clear","Dry","Dark","0.8","21.3","3200","57232","22.5","26%","27.0","Heating DOWN","Opened","7.690","38","Safe","Calm","0.0","73","17.4","9.4","1001.3","1012.9"
"2026-09-21","23:02:02","Clear","Dry","Dark","0.7","21.3","3200","57232","22.5","24%","27.0","Heating DOWN","Opened","7.495","38","Safe","Calm","0.0","73","17.4","9.3","1001.2","1012.8"
"2026-09-21","23:02:12","Clear","Dry","Dark","0.7","21.3","3200","57232","22.5","22%","27.0","Heating DOWN","Opened","7.500","38","Safe","Calm","0.0","73","17.5","9.3","1001.3","1012.9"
"2026-09-21","23:02:22","Clear","Dry","Dark","0.8","21.3","3200","57232","22.5","21%","26.9","","Opened","7.388","38","Safe","Calm","0.0","73","17.5","9.4","1001.3","1012.9"
"2026-09-21","23:02:32","Clear","Dry","Dark","1.0","21.3","3200","57232","22.5","21%","26.8","","Opened","7.379","38","Safe","Calm","0.0","73","17.5","9.6","1001.4","1013.0"
"2026-09-21","23:02:42","Clear","Dry","Dark","0.7","21.3","3200","57232","22.5","21%","26.7","","Opened","7.340","38","Safe","Calm","0.0","73","17.5","9.3","1001.3","1012.9"
"2026-09-21","23:02:52","Clear","Dry","Dark","1.0","21.4","3200","57232","22.5","21%","26.7","","Opened","7.505","38","Safe","Calm","0.0","73","17.5","9.6","1001.3","1012.9"
"2026-09-21","23:03:02","Clear","Dry","Dark","0.8","21.4","3200","57232","22.5","21%","26.6","","Opened","7.371","38","Safe","Calm","0.0","73","17.5","9.4","1001.3","1012.9"
"2026-09-21","23:03:12","Clear","Dry","Dark","0.8","21.4","3200","57232","22.5","21%","26.6","","Opened","7.305","38","Safe","Calm","0.0","73","17.5","9.5","1001.3","1012.9"
"2026-09-21","23:03:22","Clear","Dry","Dark","0.9","21.4","3200","57232","22.5","21%","26.5","","Opened","7.363","38","Safe","Calm","0.0","73","17.5","9.5","1001.3","1012.9"
"2026-09-21","23:03:32","Clear","Dry","Dark","0.9","21.4","3200","57232","22.5","21%","26.4","","Opened","7.320","38","Safe","Calm","0.0","73","17.5","9.5","1001.3","1012.9"
"2026-09-21","23:03:42","Clear","Dry","Dark","0.9","21.4","3200","57232","22.5","21%","26.4","","Opened","7.381","38","Safe","Calm","0.0","73","17.5","9.5","1001.3","1012.9"
"2026-09-21","23:03:52","Clear","Dry","Dark","0.9","21.4","3200","57232","22.5","21%","26.4","","Opened","7.634","38","Safe","Calm","0.0","73","17.5","9.5","1001.3","1012.9"
"2026-09-21","23:04:02","Clear","Dry","Dark","0.8","21.4","3200","57232","22.6","21%","26.3","","Opened","7.370","38","Safe","Calm","0.0","73","17.5","9.4","1001.3","1012.9"
"2026-09-21","23:04:12","Clear","Dry","Dark","0.9","21.4","3200","57232","22.6","21%","26.3","","Opened","7.332","38","Safe","Calm","0.0","73","17.5","9.5","1001.3","1012.9"
"2026-09-21","23:04:22","Clear","Dry","Dark","0.8","21.4","3200","57232","22.6","21%","26.3","","Opened","7.291","38","Safe","Calm","0.0","73","17.5","9.5","1001.3","1012.9"
"2026-09-21","23:04:33","Clear","Dry","Dark","0.9","21.4","3200","57232","22.6","21%","26.2","Heating UP","Opened","7.880","38","Safe","Calm","0.0","73","17.5","9.6","1001.3","1012.9"
"2026-09-21","23:04:42","Clear","Dry","Dark","1.0","21.4","3200","57232","22.6","22%","26.1","Heating UP","Opened","7.657","38","Safe","Calm","0.0","73","17.5","9.6","1001.3","1012.9"
"2026-09-21","23:04:53","Clear","Dry","Dark","1.0","21.4","3200","57232","22.6","24%","26.0","Heating UP","Opened","7.809","38","Safe","Calm","0.0","73","17.5","9.6","1001.4","1013.0"
"2026-09-21","23:05:02","Clear","Dry","Dark","1.0","21.4","3200","57232","22.6","26%","26.0","Heating UP","Opened","7.611","38","Safe","Calm","0.0","73","17.5","9.6","1001.3","1012.9"
"2026-09-21","23:05:12","Clear","Dry","Dark","1.2","21.4","3200","57232","22.6","28%","26.0","Heating UP","Opened","7.565","38","Safe","Calm","0.0","73","17.5","9.8","1001.3","1012.9"
"2026-09-21","23:05:22","Clear","Dry","Dark","1.0","21.4","3200","57232","22.6","30%","26.0","Heating UP","Opened","7.480","38","Safe","Calm","0.0","73","17.5","9.7","1001.3","1012.9"
"2026-09-21","23:05:32","Clear","Dry","Dark","0.8","21.4","3200","57232","22.6","31%","26.1","","Opened","7.355","38","Safe","Calm","0.0","73","17.5","9.5","1001.3","1012.9"
"2026-09-21","23:05:42","Clear","Dry","Dark","0.9","21.4","3200","57232","22.6","31%","26.2","","Opened","7.319","38","Safe","Calm","0.0","73","17.5","9.5","1001.3","1012.9"
"2026-09-21","23:05:52","Clear","Dry","Dark","0.9","21.4","3200","57232","22.6","31%","26.3","","Opened","7.649","38","Safe","Calm","0.0","73","17.5","9.6","1001.4","1013.0"
"2026-09-21","23:06:02","Clear","Dry","Dark","0.8","21.3","3200","57232","22.6","31%","26.4","","Opened","7.438","38","Safe","Calm","0.0","73","17.5","9.5","1001.3","1012.9"
"2026-09-21","23:06:12","Clear","Dry","Dark","0.8","21.3","3200","57232","22.6","31%","26.5","","Opened","7.392","38","Safe","Calm","0.0","73","17.5","9.5","1001.1","1012.7"
"2026-09-21","23:06:22","Clear","Dry","Dark","0.9","21.3","3200","57232","22.6","31%","26.6","","Opened","7.373","38","Safe","Calm","0.0","73","17.5","9.5","1001.3","1012.9"
"2026-09-21","23:06:32","Clear","Dry","Dark","1.0","21.3","3200","57232","22.6","31%","26.7","","Opened","7.350","38","Safe","Calm","0.0","73","17.5","9.7","1001.3","1012.9"
"2026-09-21","23:06:42","Clear","Dry","Dark","1.3","21.3","3200","57232","22.6","31%","26.8","","Opened","7.347","38","Safe","Calm","0.0","73","17.5","10.0","1001.3","1012.9"
"2026-09-21","23:06:52","Clear","Dry","Dark","1.2","21.3","3200","57232","22.7","31%","26.8","","Opened","7.566","38","Safe","Calm","0.0","73","17.6","9.9","1001.2","1012.8"
"2026-09-21","23:07:02","Clear","Dry","Dark","1.1","21.3","3200","57232","22.6","31%","26.8","","Opened","7.413","38","Safe","Calm","0.0","73","17.6","9.8","1001.2","1012.8"
"2026-09-21","23:07:12","Clear","Dry","Dark","1.0","21.3","3200","57232","22.6","31%","26.9","","Opened","7.371","38","Safe","Calm","0.0","73","17.6","9.7","1001.3","1012.9"
"2026-09-21","23:07:22","Clear","Dry","Dark","1.0","21.3","3200","57232","22.7","31%","27.0","Heating DOWN","Opened","7.498","38","Safe","Calm","0.0","73","17.6","9.7","1001.1","1012.7"
"2026-09-21","23:07:32","Clear","Dry","Dark","1.0","21.3","3200","57232","22.7","30%","27.1","Heating DOWN","Opened","7.532","38","Safe","Calm","0.0","73","17.6","9.7","1001.2","1012.8"
"2026-09-21","23:07:42","Clear","Dry","Dark","1.0","21.3","3200","57232","22.7","30%","27.2","Heating DOWN","Opened","7.514","38","Safe","Calm","0.0","73","17.6","9.7","1001.3","1012.9"
"2026-09-21","23:07:53","Clear","Dry","Dark","1.1","21.3","3200","57232","22.7","29%","27.3","Heating DOWN","Opened","7.721","38","Safe","Calm","0.0","73","17.6","9.8","1001.2","1012.8"
"2026-09-21","23:08:02","Clear","Dry","Dark","1.2","21.3","3200","57232","22.7","27%","27.3","Heating DOWN","Opened","7.438","38","Safe","Calm","0.0","73","17.6","9.9","1001.3","1012.9"
"2026-09-21","23:08:12","Clear","Dry","Dark","1.1","21.3","3200","57232","22.7","25%","27.3","Heating DOWN","Opened","7.549","38","Safe","Calm","0.0","73","17.6","9.8","1001.3","1012.9"
"2026-09-21","23:08:22","Clear","Dry","Dark","1.1","21.4","3200","57232","22.7","23%","27.1","","Opened","7.326","38","Safe","Calm","0.0","73","17.6","9.8","1001.3","1012.9"
"2026-09-21","23:08:32","Clear","Dry","Dark","1.2","21.4","3200","57232","22.7","23%","27.1","Heating DOWN","Opened","7.440","38","Safe","Calm","0.0","73","17.6","9.9","1001.3","1012.9"
"2026-09-21","23:08:42","Clear","Dry","Dark","1.1","21.4","3200","57232","22.7","22%","27.0","","Opened","7.449","38","Safe","Calm","0.0","73","17.6","9.8","1001.4","1013.0"
"2026-09-21","23:08:52","Clear","Dry","Dark","1.0","21.4","3200","57232","22.7","22%","27.0","","Opened","7.587","38","Safe","Calm","0.0","73","17.6","9.8","1001.3","1012.9"
"2026-09-21","23:09:02","Clear","Dry","Dark","1.2","21.4","3200","57232","22.7","22%","26.9","","Opened","7.424","38","Safe","Calm","0.0","73","17.6","9.9","1001.3","1012.9"
"2026-09-21","23:09:12","Clear","Dry","Dark","1.0","21.4","3200","57232","22.7","22%","26.9","","Opened","7.377","38","Safe","Calm","0.0","73","17.6","9.8","1001.3","1012.9"
"2026-09-21","23:09:22","Clear","Dry","Dark","0.9","21.4","3200","57232","22.7","22%","26.9","","Opened","7.329","38","Safe","Calm","0.0","73","17.6","9.7","1001.3","1012.9"
"2026-09-21","23:09:32","Clear","Dry","Dark","1.0","21.4","3200","57232","22.7","22%","26.8","","Opened","7.306","38","Safe","Calm","0.0","73","17.6","9.7","1001.3","1012.9"
"2026-09-21","23:09:42","Clear","Dry","Dark","1.0","21.4","3200","57232","22.7","22%","26.7","","Opened","7.398","38","Safe","Calm","0.0","73","17.6","9.8","1001.3","1012.9"
"2026-09-21","23:09:52","Clear","Dry","Dark","1.0","21.4","3200","57232","22.7","22%","26.6","","Opened","7.581","38","Safe","Calm","0.0","73","17.6","9.7","1001.3","1012.9"
"2026-09-21","23:10:02","Clear","Dry","Dark","0.9","21.4","3200","57232","22.7","22%","26.6","","Opened","7.311","38","Safe","Calm","0.0","73","17.5","9.6","1001.3","1012.9"
"2026-09-21","23:10:12","Clear","Dry","Dark","0.9","21.4","3200","57232","22.7","22%","26.6","","Opened","7.397","38","Safe","Calm","0.0","73","17.5","9.7","1001.3","1012.9"
"2026-09-21","23:10:22","Clear","Dry","Dark","0.9","21.4","3200","57232","22.7","22%","26.5","","Opened","7.386","38","Safe","Calm","0.0","73","17.5","9.6","1001.3","1012.9"
"2026-09-21","23:10:32","Clear","Dry","Dark","0.8","21.4","3200","57232","22.7","22%","26.3","Heating UP","Opened","7.477","38","Safe","Calm","0.0","73","17.5","9.6","1001.3","1012.9"
"2026-09-21","23:10:42","Clear","Dry","Dark","0.8","21.4","3200","57232","22.7","23%","26.3","Heating UP","Opened","7.486","38","Safe","Calm","0.0","73","17.5","9.5","1001.3","1012.9"
"2026-09-21","23:10:53","Clear","Dry","Dark","0.9","21.4","3200","57232","22.7","24%","26.2","Heating UP","Opened","7.706","38","Safe","Calm","0.0","72","17.5","9.6","1001.3","1012.9"
"2026-09-21","23:11:02","Clear","Dry","Dark","0.7","21.4","3200","57232","22.7","26%","26.2","Heating UP","Opened","7.481","38","Safe","Calm","0.0","73","17.6","9.4","1001.4","1013.0"
"2026-09-21","23:11:12","Clear","Dry","Dark","0.6","21.4","3200","57232","22.7","28%","26.2","Heating UP","Opened","7.481","38","Safe","Calm","0.0","72","17.5","9.4","1001.3","1012.9"
"2026-09-21","23:11:22","Clear","Dry","Dark","0.7","21.4","3200","57232","22.7","30%","26.3","","Opened","7.374","38","Safe","Calm","0.0","72","17.5","9.4","1001.3","1012.9"
"2026-09-21","23:11:32","Clear","Dry","Dark","0.7","21.4","3200","57232","22.7","30%","26.4","","Opened","7.330","38","Safe","Calm","0.0","72","17.5","9.5","1001.3","1012.9"
"2026-09-21","23:11:42","Clear","Dry","Dark","0.9","21.4","3200","57232","22.7","30%","26.4","Heating UP","Opened","7.395","38","Safe","Calm","0.0","72","17.5","9.6","1001.3","1012.9"
"2026-09-21","23:11:52","Clear","Dry","Dark","0.6","21.4","3200","57232","22.7","30%","26.5","","Opened","7.584","38","Safe","Calm","0.0","72","17.5","9.4","1001.4","1013.0"
"2026-09-21","23:12:02","Clear","Dry","Dark","0.7","21.3","3200","57232","22.7","30%","26.6","","Opened","7.365","38","Safe","Calm","0.0","72","17.5","9.4","1001.3","1012.9"
"2026-09-21","23:12:12","Clear","Dry","Dark","1.0","21.3","3200","57232","22.7","30%","26.6","","Opened","7.321","38","Safe","Calm","0.0","72","17.5","9.7","1001.3","1012.9"
"2026-09-21","23:12:22","Clear","Dry","Dark","1.1","21.3","3200","57232","22.7","30%","26.7","","Opened","7.266","38","Safe","Calm","0.0","72","17.5","9.8","1001.3","1012.9"
"2026-09-21","23:12:32","Clear","Dry","Dark","1.0","21.3","3200","57232","22.7","30%","26.8","","Opened","7.384","38","Safe","Calm","0.0","72","17.5","9.7","1001.3","1012.9"
"2026-09-21","23:12:42","Clear","Dry","Dark","0.9","21.3","3200","57232","22.7","30%","26.8","","Opened","7.325","38","Safe","Calm","0.0","72","17.5","9.6","1001.3","1012.9"
"2026-09-21","23:12:52","Clear","Dry","Dark","1.0","21.3","3200","57232","22.7","30%","26.8","","Opened","7.491","38","Safe","Calm","0.0","72","17.5","9.7","1001.3","1012.9"
"2026-09-21","23:13:02","Clear","Dry","Dark","0.9","21.3","3200","57232","22.7","30%","26.9","","Opened","7.384","38","Safe","Calm","0.0","72","17.5","9.6","1001.3","1012.9"
"2026-09-21","23:13:12","Clear","Dry","Dark","1.5","21.3","3200","57232","22.7","30%","27.0","","Opened","7.331","38","Safe","Calm","0.0","72","17.5","10.2","1001.3","1012.9"
"2026-09-21","23:13:22","Clear","Dry","Dark","1.6","21.4","3200","57232","22.7","30%","27.0","","Opened","7.289","38","Safe","Calm","0.0","72","17.5","10.3","1001.3","1012.9"
"2026-09-21","23:13:32","Clear","Dry","Dark","1.3","21.4","3200","57232","22.7","30%","27.1","Heating DOWN","Opened","7.476","38","Safe","Calm","0.0","72","17.5","10.0","1001.3","1012.9"
"2026-09-21","23:13:42","Clear","Dry","Dark","1.1","21.4","3200","57232","22.7","30%","27.1","Heating DOWN","Opened","7.482","38","Safe","Calm","0.0","72","17.5","9.9","1001.3","1012.9"
"2026-09-21","23:13:52","Clear","Dry","Dark","1.2","21.4","3200","57232","22.7","29%","27.1","Heating DOWN","Opened","7.650","38","Safe","Calm","0.0","72","17.5","9.9","1001.1","1012.7"
"2026-09-21","23:14:02","Clear","Dry","Dark","0.6","21.4","3200","57232","22.7","28%","27.1","Heating DOWN","Opened","7.441","38","Safe","Calm","0.0","72","17.5","9.4","1001.3","1012.9"
"2026-09-21","23:14:12","Clear","Dry","Dark","0.6","21.4","3200","57232","22.7","27%","27.1","Heating DOWN","Opened","7.420","38","Safe","Calm","0.0","72","17.5","9.3","1001.3","1012.9"
"2026-09-21","23:14:22","Clear","Dry","Dark","0.7","21.4","3200","57232","22.7","26%","27.1","Heating DOWN","Opened","7.412","38","Safe","Calm","0.0","72","17.5","9.4","1001.3","1012.9"
"2026-09-21","23:14:32","Clear","Dry","Dark","0.6","21.4","3200","57232","22.7","25%","27.1","Heating DOWN","Opened","7.430","38","Safe","Calm","0.0","72","17.5","9.3","1001.3","1012.9"
"2026-09-21","23:14:42","Clear","Dry","Dark","0.8","21.3","3200","57232","22.7","24%","27.0","","Opened","7.313","38","Safe","Calm","0.0","72","17.5","9.5","1001.3","1012.9"
"2026-09-21","23:14:52","Clear","Dry","Dark","1.0","21.3","3200","57232","22.7","24%","26.8","","Opened","7.558","38","Safe","Calm","0.0","72","17.4","9.7","1001.3","1012.9"
"2026-09-21","23:15:02","Clear","Dry","Dark","1.2","21.4","3200","57232","22.7","24%","26.7","","Opened","7.401","38","Safe","Calm","0.0","72","17.5","9.9","1001.3","1012.9"
"2026-09-21","23:15:12","Clear","Dry","Dark","1.1","21.4","3200","57232","22.7","24%","26.7","","Opened","7.374","38","Safe","Calm","0.0","72","17.5","9.9","1001.3","1012.9"
"2026-09-21","23:15:22","Clear","Dry","Dark","1.0","21.4","3200","57232","22.7","24%","26.7","","Opened","7.373","38","Safe","Calm","0.0","72","17.5","9.7","1001.3","1012.9"
"2026-09-21","23:15:32","Clear","Dry","Dark","1.0","21.4","3200","57232","22.7","24%","26.7","","Opened","7.350","38","Safe","Calm","0.0","72","17.5","9.7","1001.3","1012.9"
"2026-09-21","23:15:42","Clear","Dry","Dark","0.9","21.4","3200","57232","22.7","24%","26.7","","Opened","7.286","38","Safe","Calm","0.0","72","17.5","9.7","1001.3","1012.9"
"2026-09-21","23:15:52","Clear","Dry","Dark","0.9","21.4","3200","57232","22.7","24%","26.8","","Opened","7.584","38","Safe","Calm","0.0","72","17.5","9.7","1001.3","1012.9"
"2026-09-21","23:16:02","Clear","Dry","Dark","1.1","21.4","3200","57232","22.7","24%","26.8","","Opened","7.379","38","Safe","Calm","0.0","72","17.5","9.8","1001.3","1012.9"
"2026-09-21","23:16:12","Clear","Dry","Dark","0.9","21.4","3200","57232","22.7","24%","26.7","","Opened","7.319","38","Safe","Calm","0.0","72","17.4","9.6","1001.3","1012.9"
"2026-09-21","23:16:22","Clear","Dry","Dark","0.9","21.4","3200","57232","22.7","24%","26.7","","Opened","7.400","38","Safe","Calm","0.0","72","17.5","9.6","1001.3","1012.9"
"2026-09-21","23:16:32","Clear","Dry","Dark","0.9","21.4","3200","57232","22.7","24%","26.7","","Opened","7.366","38","Safe","Calm","0.0","72","17.5","9.6","1001.3","1012.9"
"2026-09-21","23:16:42","Clear","Dry","Dark","1.0","21.3","3200","57232","22.7","24%","26.7","","Opened","7.311","38","Safe","Calm","0.0","72","17.5","9.7","1001.2","1012.8"
"2026-09-21","23:16:52","Clear","Dry","Dark","1.2","21.4","3200","57232","22.7","24%","26.7","","Opened","7.606","38","Safe","Calm","0.0","72","17.5","9.9","1001.2","1012.8"
"2026-09-21","23:17:02","Clear","Dry","Dark","1.6","21.4","3200","57232","22.7","24%","26.6","","Opened","7.323","38","Safe","Calm","0.0","72","17.5","10.3","1001.3","1012.9"
"2026-09-21","23:17:12","Clear","Dry","Dark","1.9","21.5","3200","57232","22.7","24%","26.6","","Opened","7.276","38","Safe","Calm","0.0","72","17.5","10.6","1001.3","1012.9"
"2026-09-21","23:17:22","Clear","Dry","Dark","1.4","21.6","3200","57232","22.7","24%","26.6","","Opened","7.360","38","Safe","Calm","0.0","72","17.5","10.2","1001.3","1012.9"
"2026-09-21","23:17:32","Clear","Dry","Dark","1.2","21.6","3200","57232","22.8","24%","26.5","Heating UP","Opened","7.411","38","Safe","Calm","0.0","72","17.6","9.9","1001.1","1012.7"
"2026-09-21","23:17:42","Clear","Dry","Dark","1.0","21.6","3200","57232","22.8","25%","26.5","Heating UP","Opened","7.458","38","Safe","Calm","0.0","72","17.6","9.8","1001.3","1012.9"
"2026-09-21","23:17:52","Clear","Dry","Dark","0.9","21.6","3200","57232","22.8","26%","26.6","","Opened","7.534","38","Safe","Calm","0.0","72","17.6","9.7","1001.2","1012.8"
"2026-09-21","23:18:02","Clear","Dry","Dark","1.5","21.6","3200","57232","22.8","26%","26.6","","Opened","7.322","38","Safe","Calm","0.0","72","17.6","10.3","1001.3","1012.9"
"2026-09-21","23:18:12","Clear","Dry","Dark","1.5","21.7","3200","57232","22.8","26%","26.6","","Opened","7.275","38","Safe","Calm","0.0","72","17.6","10.3","1001.3","1012.9"
"2026-09-21","23:18:22","Clear","Dry","Dark","1.3","21.7","3200","57232","22.9","26%","26.5","Heating UP","Opened","7.465","38","Safe","Calm","0.0","72","17.6","10.1","1001.2","1012.8"
"2026-09-21","23:18:32","Clear","Dry","Dark","1.7","21.8","3200","57232","22.8","27%","26.5","Heating UP","Opened","7.489","38","Safe","Calm","0.0","72","17.6","10.5","1001.3","1012.9"
"2026-09-21","23:18:42","Clear","Dry","Dark","1.5","21.8","3200","57232","22.9","28%","26.5","Heating UP","Opened","7.490","38","Safe","Calm","0.0","72","17.6","10.3","1001.3","1012.9"
"2026-09-21","23:18:53","Clear","Dry","Dark","1.8","21.9","3200","57232","22.9","29%","26.4","Heating UP","Opened","7.716","38","Safe","Calm","0.0","72","17.6","10.6","1001.3","1012.9"
"2026-09-21","23:19:02","Clear","Dry","Dark","1.9","22.0","3200","57232","22.9","30%","26.4","Heating UP","Opened","7.487","38","Safe","Calm","0.0","72","17.6","10.7","1001.2","1012.8"
"2026-09-21","23:19:12","Clear","Dry","Dark","1.7","22.1","3200","57232","23.0","32%","26.4","Heating UP","Opened","7.487","38","Safe","Calm","0.0","72","17.6","10.5","1001.3","1012.9"
"2026-09-21","23:19:22","Clear","Dry","Dark","1.2","22.1","3200","57232","23.0","34%","26.5","","Opened","7.380","38","Safe","Calm","0.0","72","17.6","10.1","1001.3","1012.9"
"2026-09-21","23:19:32","Clear","Dry","Dark","1.3","22.1","3200","57232","23.0","34%","26.6","","Opened","7.337","38","Safe","Calm","0.0","72","17.6","10.2","1001.2","1012.8"
"2026-09-21","23:19:42","Clear","Dry","Dark","1.0","22.1","3200","57232","23.1","34%","26.7","","Opened","7.295","38","Safe","Calm","0.0","72","17.7","9.9","1001.2","1012.8"
"2026-09-21","23:19:52","Clear","Dry","Dark","1.1","22.1","3200","57232","23.1","34%","26.9","","Opened","7.649","38","Safe","Calm","0.0","72","17.7","10.1","1001.3","1012.9"
"2026-09-21","23:20:02","Clear","Dry","Dark","1.0","22.1","3200","57232","23.1","34%","27.0","","Opened","7.356","38","Safe","Calm","0.0","72","17.7","10.0","1001.3","1012.9"
"2026-09-21","23:20:12","Clear","Dry","Dark","0.9","22.1","3200","57232","23.1","34%","27.0","","Opened","7.316","38","Safe","Calm","0.0","72","17.7","9.8","1001.3","1012.9"
"2026-09-21","23:20:22","Clear","Dry","Dark","0.7","22.1","3200","57232","23.1","34%","27.1","","Opened","7.399","38","Safe","Calm","0.0","72","17.7","9.7","1001.2","1012.8"
"2026-09-21","23:20:32","Clear","Dry","Dark","0.8","22.1","3200","57232","23.1","34%","27.2","","Opened","7.343","38","Safe","Calm","0.0","72","17.7","9.8","1001.3","1012.9"
"2026-09-21","23:20:42","Clear","Dry","Dark","1.0","22.1","3200","57232","23.1","34%","27.2","","Opened","7.311","38","Safe","Calm","0.0","72","17.7","9.9","1001.2","1012.8"
"2026-09-21","23:20:52","Clear","Dry","Dark","1.0","22.1","3200","57232","23.1","34%","27.3","","Opened","7.600","38","Safe","Calm","0.0","71","17.7","9.9","1001.3","1012.9"
"2026-09-21","23:21:02","Clear","Dry","Dark","1.1","22.1","3200","57232","23.1","34%","27.4","","Opened","7.347","38","Safe","Calm","0.0","71","17.7","10.0","1001.3","1012.9"
"2026-09-21","23:21:12","Clear","Dry","Dark","1.0","22.1","3200","57232","23.1","34%","27.4","","Opened","7.324","38","Safe","Calm","0.0","71","17.7","9.9","1001.3","1012.9"
"2026-09-21","23:21:22","Clear","Dry","Dark","1.1","22.0","3200","57232","23.1","34%","27.5","Heating DOWN","Opened","7.448","38","Safe","Calm","0.0","71","17.7","10.0","1001.3","1012.9"
"2026-09-21","23:21:32","Clear","Dry","Dark","1.2","22.1","3200","57232","23.1","33%","27.5","Heating DOWN","Opened","7.463","38","Safe","Calm","0.0","71","17.7","10.1","1001.2","1012.8"
"2026-09-21","23:21:42","Clear","Dry","Dark","1.4","22.1","3200","57232","23.1","32%","27.6","Heating DOWN","Opened","7.458","38","Safe","Calm","0.0","71","17.7","10.3","1001.3","1012.9"
"2026-09-21","23:21:52","Clear","Dry","Dark","1.2","22.1","3200","57232","23.2","31%","27.6","Heating DOWN","Opened","7.593","38","Safe","Calm","0.0","71","17.7","10.2","1001.3","1012.9"
"2026-09-21","23:22:02","Clear","Dry","Dark","1.2","22.2","3200","57232","23.2","30%","27.7","Heating DOWN","Opened","7.484","38","Safe","Calm","0.0","71","17.7","10.2","1001.3","1012.9"
"2026-09-21","23:22:12","Clear","Dry","Dark","1.0","22.1","3200","57232","23.2","29%","27.7","Heating DOWN","Opened","7.470","38","Safe","Calm","0.0","71","17.7","10.0","1001.2","1012.8"
"2026-09-21","23:22:22","Clear","Dry","Dark","1.2","22.2","3200","57232","23.2","27%","27.7","Heating DOWN","Opened","7.476","38","Safe","Calm","0.0","71","17.7","10.2","1001.3","1012.8"
"2026-09-21","23:22:32","Clear","Dry","Dark","1.3","22.2","3200","57232","23.2","25%","27.6","","Opened","7.410","38","Safe","Calm","0.0","71","17.7","10.3","1001.2","1012.8"
"2026-09-21","23:22:42","Clear","Dry","Dark","1.5","22.2","3200","57232","23.2","25%","27.5","","Opened","7.365","38","Safe","Calm","0.0","71","17.6","10.5","1001.2","1012.8"
"2026-09-21","23:22:52","Clear","Dry","Dark","1.4","22.3","3200","57232","23.2","25%","27.4","","Opened","7.519","38","Safe","Calm","0.0","70","17.5","10.4","1001.3","1012.8"
"2026-09-21","23:23:02","Clear","Dry","Dark","1.4","22.3","3200","57232","23.3","25%","27.3","","Opened","7.414","38","Safe","Calm","0.0","70","17.6","10.4","1001.3","1012.8"
"2026-09-21","23:23:12","Clear","Dry","Dark","1.3","22.3","3200","57232","23.3","25%","27.4","","Opened","7.355","38","Safe","Calm","0.0","70","17.6","10.3","1001.3","1012.8"
"2026-09-21","23:23:22","Clear","Dry","Dark","1.6","22.4","3200","57232","23.3","25%","27.3","","Opened","7.308","38","Safe","Calm","0.0","70","17.6","10.6","1001.3","1012.9"
"2026-09-21","23:23:32","Clear","Dry","Dark","1.8","22.4","3200","57232","23.3","25%","27.2","","Opened","7.304","38","Safe","Calm","0.0","70","17.5","10.8","1001.3","1012.8"
"2026-09-21","23:23:42","Clear","Dry","Dark","1.4","22.5","3200","57232","23.3","25%","27.2","","Opened","7.399","38","Safe","Calm","0.0","70","17.5","10.5","1001.2","1012.8"
"2026-09-21","23:23:52","Clear","Dry","Dark","1.4","22.5","3200","57232","23.3","25%","27.1","","Opened","7.581","38","Safe","Calm","0.0","70","17.5","10.4","1001.2","1012.8"
"2026-09-21","23:24:02","Clear","Dry","Dark","1.4","22.6","3200","57232","23.4","25%","27.1","","Opened","7.313","38","Safe","Calm","0.0","70","17.5","10.5","1001.3","1012.8"
"2026-09-21","23:24:12","Clear","Dry","Dark","1.2","22.6","3200","57232","23.4","25%","27.1","","Opened","7.382","38","Safe","Calm","0.0","70","17.5","10.2","1001.3","1012.8"
"2026-09-21","23:24:22","Clear","Dry","Dark","1.3","22.6","3200","57232","23.4","25%","27.1","","Opened","7.339","38","Safe","Calm","0.0","70","17.5","10.3","1001.3","1012.8"
"2026-09-21","23:24:32","Clear","Dry","Dark","1.2","22.6","3200","57232","23.4","25%","27.1","Heating UP","Opened","7.433","38","Safe","Calm","0.0","70","17.6","10.3","1001.2","1012.8"
"2026-09-21","23:24:42","Clear","Dry","Dark","0.9","22.6","3200","57232","23.4","26%","27.1","Heating UP","Opened","7.442","38","Safe","Calm","0.0","70","17.6","10.1","1001.1","1012.7"
"2026-09-21","23:24:52","Clear","Dry","Dark","0.7","22.5","3200","57232","23.4","27%","27.2","","Opened","7.467","38","Safe","Calm","0.0","70","17.6","9.8","1001.2","1012.8"
"2026-09-21","23:25:02","Clear","Dry","Dark","0.8","22.5","3200","57232","23.5","27%","27.2","","Opened","7.406","38","Safe","Calm","0.0","70","17.6","9.9","1001.2","1012.8"
"2026-09-21","23:25:12","Clear","Dry","Dark","0.8","22.5","3200","57232","23.4","27%","27.2","","Opened","7.360","38","Safe","Calm","0.0","70","17.6","9.9","1001.1","1012.7"
"2026-09-21","23:25:22","Clear","Dry","Dark","0.8","22.4","3200","57232","23.4","27%","27.2","","Opened","7.387","38","Safe","Calm","0.0","70","17.6","9.9","1001.1","1012.7"
"2026-09-21","23:25:32","Clear","Dry","Dark","0.7","22.4","3200","57232","23.4","27%","27.2","","Opened","7.346","38","Safe","Calm","0.0","70","17.6","9.9","1001.2","1012.8"
"2026-09-21","23:25:42","Clear","Dry","Dark","0.8","22.4","3200","57232","23.4","27%","27.2","","Opened","7.289","38","Safe","Calm","0.0","70","17.6","9.9","1001.2","1012.8"
"2026-09-21","23:25:52","Clear","Dry","Dark","0.9","22.4","3200","57232","23.5","27%","27.2","","Opened","7.522","38","Safe","Calm","0.0","70","17.6","10.0","1001.2","1012.8"
"2026-09-21","23:26:02","Clear","Dry","Dark","1.1","22.4","3200","57232","23.4","27%","27.2","","Opened","7.415","38","Safe","Calm","0.0","70","17.6","10.2","1001.3","1012.9"
"2026-09-21","23:26:12","Clear","Dry","Dark","0.9","22.3","3200","57232","23.4","27%","27.2","","Opened","7.333","38","Safe","Calm","0.0","70","17.6","10.1","1001.1","1012.7"
"2026-09-21","23:26:22","Clear","Dry","Dark","0.7","22.3","3200","57232","23.5","27%","27.3","","Opened","7.305","38","Safe","Calm","0.0","70","17.6","9.9","1001.2","1012.8"
"2026-09-21","23:26:32","Clear","Dry","Dark","0.6","22.3","3200","57232","23.5","27%","27.3","","Opened","7.419","38","Safe","Calm","0.0","70","17.6","9.7","1001.1","1012.7"
"2026-09-21","23:26:42","Clear","Dry","Dark","0.5","22.3","3200","57232","23.5","27%","27.2","","Opened","7.346","38","Safe","Calm","0.0","70","17.6","9.6","1001.1","1012.7"
"2026-09-21","23:26:52","Clear","Dry","Dark","0.5","22.3","3200","57232","23.4","27%","27.1","Heating UP","Opened","7.625","38","Safe","Calm","0.0","70","17.6","9.6","1001.3","1012.8"
"2026-09-21","23:27:02","Clear","Dry","Dark","0.5","22.3","3200","57232","23.4","28%","27.1","Heating UP","Opened","7.395","38","Safe","Calm","0.0","70","17.6","9.6","1001.3","1012.8"
"2026-09-21","23:27:12","Clear","Dry","Dark","0.6","22.2","3200","57232","23.4","29%","27.0","Heating UP","Opened","7.421","38","Safe","Calm","0.0","70","17.6","9.7","1001.1","1012.7"
"2026-09-21","23:27:22","Clear","Dry","Dark","0.5","22.2","3200","57232","23.4","30%","26.9","Heating UP","Opened","7.432","38","Safe","Calm","0.0","70","17.6","9.6","1001.2","1012.8"
"2026-09-21","23:27:32","Clear","Dry","Dark","0.6","22.2","3200","57232","23.4","31%","26.9","Heating UP","Opened","7.461","38","Safe","Calm","0.0","70","17.6","9.7","1001.2","1012.8"
"2026-09-21","23:27:42","Clear","Dry","Dark","0.8","22.2","3200","57232","23.4","32%","26.8","Heating UP","Opened","7.490","38","Safe","Calm","0.0","70","17.6","9.9","1001.1","1012.7"
"2026-09-21","23:27:53","Clear","Dry","Dark","0.8","22.2","3200","57232","23.3","34%","26.8","Heating UP","Opened","7.674","38","Safe","Calm","0.0","70","17.6","9.9","1001.1","1012.7"
"2026-09-21","23:28:02","Clear","Dry","Dark","0.8","22.2","3200","57232","23.3","36%","26.9","","Opened","7.369","38","Safe","Calm","0.0","70","17.6","9.8","1001.1","1012.7"
"2026-09-21","23:28:12","Clear","Dry","Dark","0.9","22.2","3200","57232","23.3","36%","26.9","Heating UP","Opened","7.419","38","Safe","Calm","0.0","70","17.6","10.0","1001.1","1012.7"
"2026-09-21","23:28:22","Clear","Dry","Dark","0.8","22.2","3200","57232","23.3","37%","27.0","","Opened","7.312","38","Safe","Calm","0.0","70","17.6","9.9","1001.1","1012.7"
"2026-09-21","23:28:32","Clear","Dry","Dark","0.8","22.2","3200","57232","23.3","37%","27.1","","Opened","7.277","38","Safe","Calm","0.0","70","17.6","9.9","1001.1","1012.7"
"2026-09-21","23:28:42","Clear","Dry","Dark","1.0","22.2","3200","57232","23.3","37%","27.2","","Opened","7.385","38","Safe","Calm","0.0","70","17.6","10.0","1001.1","1012.7"
"2026-09-21","23:28:52","Clear","Dry","Dark","1.0","22.2","3200","57232","23.3","37%","27.2","","Opened","7.634","38","Safe","Calm","0.0","70","17.5","10.0","1001.1","1012.7"
"2026-09-21","23:29:02","Clear","Dry","Dark","1.1","22.2","3200","57232","23.3","37%","27.2","","Opened","7.309","38","Safe","Calm","0.0","70","17.5","10.1","1001.1","1012.7"
"2026-09-21","23:29:12","Clear","Dry","Dark","0.9","22.2","3200","57232","23.3","37%","27.3","","Opened","7.386","38","Safe","Calm","0.0","70","17.6","10.0","1001.1","1012.7"
"2026-09-21","23:29:22","Clear","Dry","Dark","1.0","22.2","3200","57232","23.2","37%","27.4","","Opened","7.388","38","Safe","Calm","0.0","70","17.5","10.1","1001.1","1012.7"
"2026-09-21","23:29:32","Clear","Dry","Dark","0.8","22.2","3200","57232","23.3","37%","27.6","Heating DOWN","Opened","7.484","38","Safe","Calm","0.0","70","17.5","9.8","1001.1","1012.7"
"2026-09-21","23:29:42","Clear","Dry","Dark","0.7","22.2","3200","57232","23.3","36%","27.7","Heating DOWN","Opened","7.493","38","Safe","Calm","0.0","70","17.5","9.7","1001.1","1012.7"
"2026-09-21","23:29:53","Clear","Dry","Dark","0.7","22.2","3200","57232","23.3","35%","27.9","Heating DOWN","Opened","7.684","38","Safe","Calm","0.0","70","17.6","9.8","1001.1","1012.7"
"2026-09-21","23:30:02","Clear","Dry","Dark","0.9","22.2","3200","57232","23.3","33%","27.9","Heating DOWN","Opened","7.479","38","Safe","Calm","0.0","70","17.5","10.0","1001.2","1012.8"
"2026-09-21","23:30:12","Clear","Dry","Dark","0.8","22.2","3200","57232","23.2","31%","27.9","Heating DOWN","Opened","7.495","38","Safe","Calm","0.0","70","17.5","9.9","1001.2","1012.8"
"2026-09-21","23:30:22","Clear","Dry","Dark","0.8","22.2","3200","57232","23.3","30%","28.0","Heating DOWN","Opened","7.498","38","Safe","Calm","0.0","70","17.5","9.8","1001.2","1012.8"
"2026-09-21","23:30:32","Clear","Dry","Dark","0.7","22.2","3200","57232","23.2","28%","28.0","Heating DOWN","Opened","7.497","38","Safe","Calm","0.0","70","17.5","9.7","1001.1","1012.7"
"2026-09-21","23:30:42","Clear","Dry","Dark","0.8","22.2","3200","57232","23.3","26%","28.0","Heating DOWN","Opened","7.496","38","Safe","Calm","0.0","70","17.5","9.8","1001.1","1012.7"
"2026-09-21","23:30:52","Clear","Dry","Dark","0.9","22.1","3200","57232","23.2","24%","27.9","","Opened","7.588","38","Safe","Calm","0.0","70","17.5","10.0","1001.1","1012.7"
"2026-09-21","23:31:02","Clear","Dry","Dark","1.0","22.2","3200","57232","23.2","24%","27.7","","Opened","7.350","38","Safe","Calm","0.0","70","17.5","10.0","1001.1","1012.7"
"2026-09-21","23:31:12","Clear","Dry","Dark","1.3","22.2","3200","57232","23.2","24%","27.5","","Opened","7.321","38","Safe","Calm","0.0","70","17.5","10.3","1001.2","1012.8"
"2026-09-21","23:31:22","Clear","Dry","Dark","0.9","22.2","3200","57232","23.2","24%","27.4","","Opened","7.395","38","Safe","Calm","0.0","70","17.5","9.9","1001.2","1012.8"
"2026-09-21","23:31:32","Clear","Dry","Dark","0.8","22.2","3200","57232","23.2","24%","27.5","","Opened","7.341","38","Safe","Calm","0.0","70","17.5","9.8","1001.1","1012.7"
"2026-09-21","23:31:42","Clear","Dry","Dark","0.8","22.2","3200","57232","23.2","24%","27.5","","Opened","7.284","38","Safe","Calm","0.0","70","17.4","9.8","1001.0","1012.6"
"2026-09-21","23:31:52","Clear","Dry","Dark","1.0","22.2","3200","57232","23.2","24%","27.4","","Opened","7.557","38","Safe","Calm","0.0","70","17.5","10.0","1001.2","1012.8"
"2026-09-21","23:32:02","Clear","Dry","Dark","1.0","22.2","3200","57232","23.2","24%","27.3","","Opened","7.312","38","Safe","Calm","0.0","70","17.4","10.0","1001.1","1012.7"
"2026-09-21","23:32:12","Clear","Dry","Dark","1.0","22.2","3200","57232","23.2","24%","27.4","","Opened","7.304","38","Safe","Calm","0.0","70","17.4","10.0","1001.1","1012.7"
"2026-09-21","23:32:22","Clear","Dry","Dark","1.0","22.2","3200","57232","23.2","24%","27.4","","Opened","7.323","38","Safe","Calm","0.0","70","17.4","10.0","1001.1","1012.7"
"2026-09-21","23:32:32","Clear","Dry","Dark","0.8","22.2","3200","57232","23.2","24%","27.4","","Opened","7.414","38","Safe","Calm","0.0","70","17.4","9.8","1001.1","1012.7"
"2026-09-21","23:32:42","Clear","Dry","Dark","1.0","22.2","3200","57232","23.2","24%","27.3","","Opened","7.379","38","Safe","Calm","0.0","70","17.4","10.0","1001.1","1012.7"
"2026-09-21","23:32:52","Clear","Dry","Dark","1.1","22.2","3200","57232","23.2","24%","27.3","","Opened","7.523","38","Safe","Calm","0.0","70","17.4","10.1","1001.1","1012.7"
"2026-09-21","23:33:02","Clear","Dry","Dark","1.1","22.2","3200","57232","23.2","24%","27.2","","Opened","7.429","38","Safe","Calm","0.0","70","17.3","10.1","1001.1","1012.7"
"2026-09-21","23:33:12","Clear","Dry","Dark","1.0","22.2","3200","57232","23.2","24%","27.2","","Opened","7.347","38","Safe","Calm","0.0","70","17.4","10.0","1001.1","1012.7"
"2026-09-21","23:33:22","Clear","Dry","Dark","1.1","22.2","3200","57232","23.2","24%","27.2","","Opened","7.306","38","Safe","Calm","0.0","69","17.3","10.1","1001.1","1012.7"
"2026-09-21","23:33:32","Clear","Dry","Dark","1.1","22.2","3200","57232","23.2","24%","27.1","","Opened","7.400","38","Safe","Calm","0.0","69","17.3","10.1","1001.1","1012.7"
"2026-09-21","23:33:42","Clear","Dry","Dark","1.2","22.3","3200","57232","23.2","24%","27.0","","Opened","7.340","38","Safe","Calm","0.0","69","17.2","10.2","1001.1","1012.7"
"2026-09-21","23:33:52","Clear","Dry","Dark","1.0","22.3","3200","57232","23.3","24%","27.0","","Opened","7.485","38","Safe","Calm","0.0","69","17.3","10.0","1001.1","1012.7"
"2026-09-21","23:34:02","Clear","Dry","Dark","0.9","22.3","3200","57232","23.3","24%","27.0","","Opened","7.412","38","Safe","Calm","0.8","69","17.3","10.0","1001.1","1012.7"
"2026-09-21","23:34:12","Clear","Dry","Dark","1.3","22.3","3200","57232","23.2","24%","26.9","Heating UP","Opened","7.521","38","Safe","Calm","1.7","69","17.2","10.3","1001.1","1012.7"
"2026-09-21","23:34:22","Clear","Dry","Dark","1.2","22.3","3200","57232","23.3","25%","26.9","Heating UP","Opened","7.392","38","Safe","Calm","2.6","69","17.2","10.2","1001.1","1012.7"
"2026-09-21","23:34:32","Clear","Dry","Dark","1.0","22.3","3200","57232","23.3","26%","26.8","Heating UP","Opened","7.517","38","Safe","Calm","3.3","69","17.2","10.0","1001.0","1012.6"
"2026-09-21","23:34:42","Clear","Dry","Dark","1.0","22.3","3200","57232","23.3","27%","26.8","Heating UP","Opened","7.524","38","Safe","Calm","3.3","69","17.2","10.0","1001.1","1012.7"
"2026-09-21","23:34:52","Clear","Dry","Dark","1.0","22.3","3200","57232","23.3","29%","26.8","Heating UP","Opened","7.581","38","Safe","Calm","3.3","69","17.2","10.0","1001.1","1012.7"
"2026-09-21","23:35:02","Clear","Dry","Dark","1.0","22.3","3200","57232","23.3","30%","26.9","","Opened","7.288","38","Safe","Calm","2.5","69","17.2","10.0","1001.1","1012.7"
"2026-09-21","23:35:12","Clear","Dry","Dark","1.1","22.3","3200","57232","23.3","30%","27.0","","Opened","7.412","38","Safe","Calm","1.6","69","17.2","10.1","1001.1","1012.7"
"2026-09-21","23:35:22","Clear","Dry","Dark","1.1","22.3","3200","57232","23.3","30%","27.1","","Opened","7.391","38","Safe","Calm","0.6","69","17.2","10.1","1001.1","1012.7"
"2026-09-21","23:35:32","Clear","Dry","Dark","0.9","22.3","3200","57232","23.3","30%","27.2","","Opened","7.362","38","Safe","Calm","0.0","69","17.3","10.0","1001.1","1012.7"
"2026-09-21","23:35:42","Clear","Dry","Dark","0.9","22.3","3200","57232","23.3","30%","27.3","","Opened","7.327","38","Safe","Calm","0.0","69","17.3","10.0","1001.1","1012.7"
"2026-09-21","23:35:52","Clear","Dry","Dark","1.1","22.3","3200","57232","23.3","30%","27.3","","Opened","7.604","38","Safe","Calm","0.0","69","17.3","10.2","1001.1","1012.7"
"2026-09-21","23:36:02","Clear","Dry","Dark","1.0","22.3","3200","57232","23.3","30%","27.3","","Opened","7.346","38","Safe","Calm","0.0","69","17.3","10.0","1001.1","1012.7"
"2026-09-21","23:36:12","Clear","Dry","Dark","0.9","22.3","3200","57232","23.3","30%","27.4","","Opened","7.296","38","Safe","Calm","0.0","69","17.2","10.0","1001.0","1012.6"
"2026-09-21","23:36:22","Clear","Dry","Dark","0.9","22.3","3200","57232","23.4","30%","27.4","","Opened","7.390","38","Safe","Calm","0.0","69","17.3","10.0","1001.1","1012.7"
"2026-09-21","23:36:32","Clear","Dry","Dark","0.9","22.3","3200","57232","23.3","30%","27.5","","Opened","7.408","38","Safe","Calm","0.0","69","17.2","10.0","1001.1","1012.7"
"2026-09-21","23:36:42","Clear","Dry","Dark","0.8","22.3","3200","57232","23.4","30%","27.5","","Opened","7.343","38","Safe","Calm","0.0","69","17.2","9.8","1001.0","1012.6"
"2026-09-21","23:36:52","Clear","Dry","Dark","1.2","22.4","3200","57232","23.4","30%","27.5","","Opened","7.515","38","Safe","Calm","0.8","68","17.2","10.3","1001.0","1012.6"
"2026-09-21","23:37:02","Clear","Dry","Dark","1.0","22.4","3200","57232","23.4","30%","27.4","","Opened","7.403","38","Safe","Calm","1.4","68","17.2","10.1","1001.1","1012.7"
"2026-09-21","23:37:12","Clear","Dry","Dark","1.0","22.4","3200","57232","23.3","30%","27.4","","Opened","7.364","38","Safe","Calm","1.4","68","17.2","10.0","1001.1","1012.7"
"2026-09-21","23:37:22","Clear","Dry","Dark","0.7","22.4","3200","57232","23.4","30%","27.4","","Opened","7.307","38","Safe","Calm","1.4","68","17.2","9.8","1001.0","1012.6"
"2026-09-21","23:37:32","Clear","Dry","Dark","0.9","22.4","3200","57232","23.4","30%","27.5","","Opened","7.399","38","Safe","Calm","1.4","68","17.2","10.0","1001.0","1012.6"
"2026-09-21","23:37:42","Clear","Dry","Dark","0.9","22.4","3200","57232","23.4","30%","27.4","","Opened","7.330","38","Safe","Calm","1.4","68","17.3","10.0","1001.0","1012.6"
"2026-09-21","23:37:52","Clear","Dry","Dark","0.8","22.4","3200","57232","23.4","30%","27.5","","Opened","7.500","38","Safe","Calm","0.6","68","17.2","9.9","1001.1","1012.7"
"2026-09-21","23:38:02","Clear","Dry","Dark","0.9","22.4","3200","57232","23.4","30%","27.5","","Opened","7.360","38","Safe","Calm","0.0","68","17.2","10.0","1001.1","1012.7"
"2026-09-21","23:38:12","Clear","Dry","Dark","0.8","22.5","3200","57232","23.4","30%","27.5","","Opened","7.383","38","Safe","Calm","0.0","68","17.3","9.9","1000.9","1012.5"
"2026-09-21","23:38:22","Clear","Dry","Dark","0.5","22.5","3200","57232","23.4","30%","27.5","","Opened","7.376","38","Safe","Calm","0.0","68","17.3","9.6","1001.1","1012.7"
"2026-09-21","23:38:32","Clear","Dry","Dark","0.6","22.4","3200","57232","23.4","30%","27.6","","Opened","7.362","38","Safe","Calm","0.0","68","17.3","9.8","1001.0","1012.6"
"2026-09-21","23:38:42","Clear","Dry","Dark","0.7","22.4","3200","57232","23.4","30%","27.6","","Opened","7.302","38","Safe","Calm","0.0","68","17.3","9.9","1001.1","1012.7"
"2026-09-21","23:38:52","Clear","Dry","Dark","0.9","22.4","3200","57232","23.4","30%","27.6","","Opened","7.632","38","Safe","Calm","0.0","68","17.3","10.0","1001.0","1012.6"
"2026-09-21","23:39:02","Clear","Dry","Dark","0.8","22.4","3200","57232","23.4","30%","27.6","","Opened","7.393","38","Safe","Calm","0.6","68","17.3","9.9","1001.1","1012.7"
"2026-09-21","23:39:12","Clear","Dry","Dark","0.6","22.4","3200","57232","23.4","30%","27.5","","Opened","7.387","38","Safe","Calm","1.3","68","17.2","9.8","1001.1","1012.7"
"2026-09-21","23:39:22","Clear","Dry","Dark","0.6","22.4","3200","57232","23.4","30%","27.5","","Opened","7.386","38","Safe","Calm","2.1","68","17.2","9.7","1001.0","1012.6"
"2026-09-21","23:39:32","Clear","Dry","Dark","0.9","22.4","3200","57232","23.4","30%","27.5","","Opened","7.337","38","Safe","Calm","2.7","68","17.2","10.0","1001.0","1012.6"
"2026-09-21","23:39:42","Clear","Dry","Dark","0.6","22.4","3200","57232","23.4","30%","27.5","","Opened","7.311","38","Safe","Calm","3.3","68","17.1","9.7","1001.1","1012.7"
"2026-09-21","23:39:52","Clear","Dry","Dark","0.6","22.4","3200","57232","23.4","30%","27.5","","Opened","7.559","38","Safe","Calm","3.3","68","17.1","9.7","1001.0","1012.6"
"2026-09-21","23:40:02","Clear","Dry","Dark","0.7","22.3","3200","57232","23.4","30%","27.5","","Opened","7.323","38","Safe","Calm","2.7","68","17.1","9.8","1001.1","1012.7"
"2026-09-21","23:40:12","Clear","Dry","Dark","0.9","22.4","3200","57232","23.4","30%","27.5","","Opened","7.320","38","Safe","Calm","2.8","68","17.1","10.0","1001.0","1012.6"
"2026-09-21","23:40:22","Clear","Dry","Dark","0.9","22.4","3200","57232","23.4","30%","27.4","","Opened","7.312","38","Safe","Calm","2.7","68","17.1","10.0","1000.9","1012.5"
"2026-09-21","23:40:32","Clear","Dry","Dark","0.8","22.4","3200","57232","23.4","30%","27.4","","Opened","7.394","38","Safe","Calm","2.1","68","17.1","9.9","1000.9","1012.5"
"2026-09-21","23:40:42","Clear","Dry","Dark","0.9","22.4","3200","57232","23.4","30%","27.4","","Opened","7.332","38","Safe","Calm","1.4","68","17.1","10.0","1001.1","1012.7"
"2026-09-21","23:40:52","Clear","Dry","Dark","0.8","22.4","3200","57232","23.4","30%","27.5","","Opened","7.493","38","Safe","Calm","1.4","68","17.1","9.9","1001.0","1012.6"
"2026-09-21","23:41:02","Clear","Dry","Dark","0.8","22.4","3200","57232","23.4","30%","27.5","","Opened","7.378","38","Safe","Calm","1.4","68","17.1","9.9","1001.0","1012.6"
"2026-09-21","23:41:12","Clear","Dry","Dark","0.6","22.4","3200","57232","23.4","30%","27.5","","Opened","7.317","38","Safe","Calm","0.6","68","17.1","9.8","1001.0","1012.6"
"2026-09-21","23:41:22","Clear","Dry","Dark","0.6","22.4","3200","57232","23.4","30%","27.6","","Opened","7.420","38","Safe","Calm","0.0","68","17.1","9.7","1001.0","1012.6"
"2026-09-21","23:41:32","Clear","Dry","Dark","0.6","22.3","3200","57232","23.4","30%","27.7","","Opened","7.381","38","Safe","Calm","0.0","68","17.1","9.7","1000.9","1012.5"
"2026-09-21","23:41:42","Clear","Dry","Dark","0.7","22.3","3200","57232","23.4","30%","27.7","","Opened","7.327","38","Safe","Calm","0.0","68","17.1","9.8","1000.9","1012.5"
"2026-09-21","23:41:52","Clear","Dry","Dark","0.6","22.3","3200","57232","23.4","30%","27.7","","Opened","7.466","38","Safe","Calm","0.0","68","17.1","9.7","1000.9","1012.5"
"2026-09-21","23:42:02","Clear","Dry","Dark","0.9","22.3","3200","57232","23.4","30%","27.7","","Opened","7.393","38","Safe","Calm","0.6","68","17.1","10.0","1000.9","1012.5"
"2026-09-21","23:42:12","Clear","Dry","Dark","0.7","22.4","3200","57232","23.4","30%","27.6","","Opened","7.337","38","Safe","Calm","0.6","67","17.0","9.8","1001.0","1012.6"
"2026-09-21","23:42:22","Clear","Dry","Dark","0.5","22.3","3200","57232","23.4","30%","27.7","","Opened","7.284","38","Safe","Calm","0.6","67","17.1","9.6","1001.0","1012.6"
"2026-09-21","23:42:32","Clear","Dry","Dark","0.6","22.3","3200","57232","23.4","30%","27.6","","Opened","7.387","38","Safe","Calm","0.6","67","17.1","9.7","1001.0","1012.6"
"2026-09-21","23:42:42","Clear","Dry","Dark","0.6","22.3","3200","57232","23.4","30%","27.7","","Opened","7.340","38","Safe","Calm","0.6","67","17.0","9.8","1000.9","1012.5"
"2026-09-21","23:42:52","Clear","Dry","Dark","0.5","22.3","3200","57232","23.4","30%","27.6","","Opened","7.494","38","Safe","Calm","0.6","67","17.0","9.6","1001.0","1012.6"
"2026-09-21","23:43:02","Clear","Dry","Dark","0.5","22.3","3200","57232","23.4","30%","27.7","","Opened","7.386","38","Safe","Calm","0.0","67","17.0","9.6","1001.1","1012.7"
"2026-09-21","23:43:12","Clear","Dry","Dark","0.5","22.3","3200","57232","23.4","30%","27.7","","Opened","7.336","38","Safe","Calm","0.0","67","17.1","9.6","1000.9","1012.5"
"2026-09-21","23:43:22","Clear","Dry","Dark","0.6","22.3","3200","57232","23.4","30%","27.7","","Opened","7.273","38","Safe","Calm","0.6","67","17.1","9.7","1000.9","1012.5"
"2026-09-21","23:43:32","Clear","Dry","Dark","0.6","22.3","3200","57232","23.4","30%","27.6","","Opened","7.387","38","Safe","Calm","1.4","67","17.0","9.7","1000.9","1012.5"
"2026-09-21","23:43:42","Clear","Dry","Dark","0.5","22.3","3200","57232","23.4","30%","27.6","","Opened","7.315","38","Safe","Calm","1.4","67","17.0","9.6","1001.0","1012.6"
"2026-09-21","23:43:52","Clear","Dry","Dark","0.6","22.3","3200","57232","23.4","30%","27.5","","Opened","7.460","38","Safe","Calm","1.4","67","17.0","9.7","1001.1","1012.7"
"2026-09-21","23:44:02","Clear","Dry","Dark","0.5","22.3","3200","57232","23.4","30%","27.5","","Opened","7.397","38","Safe","Calm","1.4","67","17.0","9.6","1001.0","1012.6"
"2026-09-21","23:44:12","Clear","Dry","Dark","0.6","22.3","3200","57232","23.4","30%","27.6","","Opened","7.338","38","Safe","Calm","1.4","67","17.0","9.7","1001.0","1012.6"
"2026-09-21","23:44:22","Clear","Dry","Dark","0.8","22.3","3200","57232","23.3","30%","27.5","","Opened","7.288","38","Safe","Calm","1.4","67","17.0","9.9","1001.0","1012.6"
"2026-09-21","23:44:32","Clear","Dry","Dark","0.8","22.3","3200","57232","23.3","30%","27.4","","Opened","7.354","38","Safe","Calm","1.4","67","17.0","9.9","1001.0","1012.6"
"2026-09-21","23:44:42","Clear","Dry","Dark","0.8","22.3","3200","57232","23.3","30%","27.4","","Opened","7.301","38","Safe","Calm","2.2","67","17.0","9.9","1000.9","1012.5"
"2026-09-21","23:44:52","Clear","Dry","Dark","0.7","22.3","3200","57232","23.3","30%","27.4","","Opened","7.586","38","Safe","Calm","3.0","67","16.9","9.8","1001.0","1012.6"
"2026-09-21","23:45:02","Clear","Dry","Dark","0.7","22.3","3200","57232","23.3","30%","27.3","","Opened","7.330","38","Safe","Calm","3.6","67","16.9","9.7","1001.0","1012.6"
"2026-09-21","23:45:12","Clear","Dry","Dark","0.7","22.3","3200","57232","23.3","30%","27.4","","Opened","7.280","38","Safe","Calm","4.4","67","16.9","9.8","1001.0","1012.6"
"2026-09-21","23:45:22","Clear","Dry","Dark","0.9","22.2","3200","57232","23.3","30%","27.3","","Opened","7.376","38","Safe","Calm","4.8","67","16.9","10.0","1001.0","1012.6"
"2026-09-21","23:45:32","Clear","Dry","Dark","0.9","22.3","3200","57232","23.3","30%","27.2","","Opened","7.372","38","Safe","Calm","5.2","67","16.9","9.9","1001.0","1012.6"
"2026-09-21","23:45:42","Clear","Dry","Dark","0.8","22.3","3200","57232","23.3","30%","27.2","","Opened","7.308","38","Safe","Calm","5.1","67","16.8","9.8","1001.0","1012.6"
"2026-09-21","23:45:52","Clear","Dry","Dark","0.9","22.3","3200","57232","23.3","30%","27.2","","Opened","7.583","38","Safe","Calm","5.1","67","16.9","10.0","1000.9","1012.5"
"2026-09-21","23:46:02","Clear","Dry","Dark","1.0","22.3","3200","57232","23.3","30%","27.1","","Opened","7.365","38","Safe","Calm","5.2","67","16.9","10.0","1001.0","1012.6"
"2026-09-21","23:46:12","Clear","Dry","Dark","1.0","22.3","3200","57232","23.3","30%","27.1","","Opened","7.336","38","Safe","Calm","5.1","67","16.8","10.0","1001.1","1012.7"
"2026-09-21","23:46:22","Clear","Dry","Dark","0.8","22.3","3200","57232","23.3","30%","27.2","","Opened","7.297","38","Safe","Calm","4.7","67","16.8","9.8","1000.9","1012.5"
"2026-09-21","23:46:32","Clear","Dry","Dark","0.8","22.3","3200","57232","23.3","30%","27.2","","Opened","7.426","38","Safe","Calm","4.1","67","16.8","9.8","1001.0","1012.6"
"2026-09-21","23:46:42","Clear","Dry","Dark","0.9","22.3","3200","57232","23.3","30%","27.2","","Opened","7.320","38","Safe","Calm","4.4","67","16.8","9.9","1001.0","1012.6"
"2026-09-21","23:46:52","Clear","Wet","Dark","1.1","22.3","3199","57232","23.3","30%","27.2","","Opened","7.489","38","Safe","Calm","4.7","67","16.8","10.2","1000.9","1012.5"
"2026-09-21","23:47:02","Clear","Dry","Dark","1.0","22.3","3200","57232","23.2","30%","27.1","","Opened","7.423","38","Safe","Calm","4.7","67","16.8","10.0","1001.0","1012.6"
"2026-09-21","23:47:12","Clear","Dry","Dark","1.0","22.3","3200","57232","23.3","30%","27.1","","Opened","7.348","38","Safe","Calm","5.0","67","16.8","10.0","1000.9","1012.5"
"2026-09-21","23:47:22","Clear","Dry","Dark","1.2","22.4","3200","57232","23.2","30%","27.1","","Opened","7.306","38","Safe","Calm","5.2","67","16.8","10.2","1001.0","1012.6"
"2026-09-21","23:47:32","Clear","Dry","Dark","0.9","22.4","3200","57232","23.3","30%","27.1","","Opened","7.433","38","Safe","Calm","5.4","67","16.8","9.9","1000.9","1012.5"
"2026-09-21","23:47:42","Clear","Dry","Dark","0.9","22.4","3200","57232","23.3","30%","27.1","","Opened","7.356","38","Safe","Calm","5.5","67","16.8","9.9","1000.9","1012.5"
"2026-09-21","23:47:52","Clear","Dry","Dark","1.1","22.4","3200","57232","23.2","30%","27.0","","Opened","7.591","38","Safe","Calm","5.5","67","16.8","10.1","1000.9","1012.5"
"2026-09-21","23:48:02","Clear","Dry","Dark","1.0","22.4","3200","57232","23.2","30%","27.0","","Opened","7.351","38","Safe","Calm","5.9","67","16.8","10.0","1001.0","1012.6"
"2026-09-21","23:48:12","Clear","Dry","Dark","0.9","22.4","3200","57232","23.2","30%","26.9","Heating UP","Opened","7.428","38","Safe","Calm","6.1","67","16.7","9.9","1000.9","1012.5"
"2026-09-21","23:48:22","Clear","Dry","Dark","1.2","22.4","3200","57232","23.3","31%","26.9","Heating UP","Opened","7.432","38","Safe","Calm","6.8","67","16.8","10.2","1000.9","1012.5"
"2026-09-21","23:48:32","Clear","Dry","Dark","1.0","22.4","3200","57232","23.3","32%","26.9","Heating UP","Opened","7.454","38","Safe","Calm","6.9","67","16.7","10.0","1001.0","1012.6"
"2026-09-21","23:48:42","Clear","Dry","Dark","0.9","22.5","3200","57232","23.3","33%","27.0","","Opened","7.328","38","Safe","Calm","6.5","67","16.8","9.9","1000.9","1012.5"
"2026-09-21","23:48:52","Clear","Dry","Dark","1.1","22.5","3200","57232","23.3","33%","27.0","","Opened","7.460","38","Safe","Calm","6.5","67","16.8","10.1","1001.0","1012.6"
"2026-09-21","23:49:02","Clear","Dry","Dark","1.2","22.5","3200","57232","23.3","33%","27.0","","Opened","7.406","38","Safe","Calm","6.5","67","16.8","10.2","1001.0","1012.6"
"2026-09-21","23:49:12","Clear","Dry","Dark","0.9","22.5","3200","57232","23.3","33%","27.0","","Opened","7.336","38","Safe","Calm","6.4","67","16.7","9.9","1001.0","1012.6"
"2026-09-21","23:49:22","Clear","Dry","Dark","0.8","22.4","3200","57232","23.3","33%","27.1","","Opened","7.266","38","Safe","Calm","5.4","67","16.8","9.8","1000.9","1012.5"
"2026-09-21","23:49:32","Clear","Dry","Dark","0.9","22.4","3200","57232","23.2","33%","27.1","","Opened","7.333","38","Safe","Calm","5.1","67","16.7","9.9","1000.9","1012.5"
"2026-09-21","23:49:42","Clear","Dry","Dark","0.9","22.4","3200","57232","23.3","33%","27.2","","Opened","7.279","38","Safe","Calm","5.1","67","16.8","9.9","1000.9","1012.5"
"2026-09-21","23:49:52","Clear","Dry","Dark","0.8","22.4","3200","57232","23.3","33%","27.2","","Opened","7.512","38","Safe","Calm","4.8","67","16.8","9.9","1000.9","1012.5"
"2026-09-21","23:50:02","Clear","Dry","Dark","0.9","22.4","3200","57232","23.2","33%","27.2","","Opened","7.294","38","Safe","Calm","4.4","67","16.8","9.9","1001.0","1012.6"
"2026-09-21","23:50:12","Clear","Dry","Dark","0.8","22.4","3200","57232","23.3","33%","27.2","","Opened","7.399","38","Safe","Calm","4.3","67","16.8","9.9","1000.9","1012.5"
"2026-09-21","23:50:22","Clear","Dry","Dark","0.9","22.4","3200","57232","23.3","33%","27.2","","Opened","7.383","38","Safe","Calm","4.3","67","16.8","9.9","1001.0","1012.6"
"2026-09-21","23:50:32","Clear","Dry","Dark","0.8","22.4","3200","57232","23.3","33%","27.3","","Opened","7.346","38","Safe","Calm","4.4","67","16.8","9.8","1001.0","1012.6"
"2026-09-21","23:50:42","Clear","Dry","Dark","1.1","22.4","3200","57232","23.3","33%","27.3","","Opened","7.292","38","Safe","Calm","4.7","67","16.8","10.1","1001.0","1012.6"
"2026-09-21","23:50:52","Clear","Dry","Dark","0.9","22.4","3200","57232","23.3","33%","27.2","","Opened","7.596","38","Safe","Calm","4.8","67","16.8","9.9","1000.9","1012.5"
"2026-09-21","23:51:02","Clear","Dry","Dark","1.0","22.4","3200","57232","23.2","33%","27.2","","Opened","7.327","38","Safe","Calm","5.0","67","16.7","10.1","1000.9","1012.5"
"2026-09-21","23:51:12","Clear","Dry","Dark","1.0","22.4","3200","57232","23.2","33%","27.2","","Opened","7.270","38","Safe","Calm","4.8","67","16.7","10.0","1001.0","1012.6"
"2026-09-21","23:51:22","Clear","Dry","Dark","1.0","22.4","3200","57232","23.2","33%","27.2","","Opened","7.365","38","Safe","Calm","5.1","67","16.7","10.1","1000.9","1012.5"
"2026-09-21","23:51:32","Clear","Dry","Dark","1.0","22.4","3200","57232","23.3","33%","27.2","","Opened","7.305","38","Safe","Calm","5.1","67","16.8","10.0","1000.9","1012.5"
"2026-09-21","23:51:42","Clear","Dry","Dark","1.2","22.4","3200","57232","23.2","33%","27.2","","Opened","7.281","38","Safe","Calm","5.5","67","16.7","10.2","1000.9","1012.5"
"2026-09-21","23:51:52","Clear","Dry","Dark","1.1","22.4","3200","57232","23.2","33%","27.1","","Opened","7.598","38","Safe","Calm","5.5","67","16.7","10.1","1001.0","1012.6"
"2026-09-21","23:52:02","Clear","Dry","Dark","1.1","22.4","3200","57232","23.2","33%","27.1","","Opened","7.320","38","Safe","Calm","5.8","67","16.7","10.1","1000.9","1012.5"
"2026-09-21","23:52:12","Clear","Dry","Dark","1.1","22.4","3200","57232","23.2","33%","27.1","","Opened","7.400","38","Safe","Calm","6.4","67","16.7","10.1","1001.0","1012.6"
"2026-09-21","23:52:22","Clear","Dry","Dark","1.1","22.4","3200","57232","23.2","33%","27.0","","Opened","7.357","38","Safe","Calm","6.6","67","16.7","10.2","1000.9","1012.5"
"2026-09-21","23:52:32","Clear","Dry","Dark","1.0","22.5","3200","57232","23.2","33%","27.0","","Opened","7.309","38","Safe","Calm","6.9","67","16.7","10.0","1000.9","1012.5"
"2026-09-21","23:52:42","Clear","Dry","Dark","1.2","22.5","3200","57232","23.2","33%","27.0","","Opened","7.385","38","Safe","Calm","6.5","67","16.7","10.2","1000.9","1012.5"
"2026-09-21","23:52:52","Clear","Dry","Dark","1.0","22.4","3200","57232","23.2","33%","27.0","","Opened","7.574","38","Safe","Calm","6.4","67","16.7","10.0","1000.9","1012.5"
"2026-09-21","23:53:02","Clear","Dry","Dark","1.1","22.4","3200","57232","23.2","33%","27.0","","Opened","7.387","38","Safe","Calm","6.2","67","16.7","10.1","1000.9","1012.5"
"2026-09-21","23:53:12","Clear","Dry","Dark","1.2","22.4","3200","57232","23.2","33%","27.0","","Opened","7.319","38","Safe","Calm","6.1","67","16.7","10.2","1000.9","1012.5"
"2026-09-21","23:53:22","Clear","Dry","Dark","1.1","22.5","3200","57232","23.2","33%","27.0","","Opened","7.272","38","Safe","Calm","5.7","67","16.7","10.1","1000.9","1012.5"
"2026-09-21","23:53:32","Clear","Dry","Dark","1.0","22.5","3200","57232","23.2","33%","27.1","","Opened","7.405","38","Safe","Calm","5.4","67","16.7","10.0","1000.9","1012.5"
"2026-09-21","23:53:42","Clear","Dry","Dark","1.0","22.4","3200","57232","23.2","33%","27.1","","Opened","7.345","38","Safe","Calm","4.5","67","16.7","10.0","1001.0","1012.6"
"2026-09-21","23:53:52","Clear","Dry","Dark","1.0","22.4","3200","57232","23.2","33%","27.2","","Opened","7.549","38","Safe","Calm","3.7","67","16.7","10.0","1001.0","1012.6"
"2026-09-21","23:54:02","Clear","Dry","Dark","1.0","22.4","3200","57232","23.2","33%","27.2","","Opened","7.285","38","Safe","Calm","3.7","67","16.7","10.0","1000.9","1012.5"
"2026-09-21","23:54:12","Clear","Dry","Dark","1.0","22.4","3200","57232","23.2","33%","27.1","","Opened","7.383","38","Safe","Calm","3.5","67","16.7","10.0","1000.9","1012.5"
"2026-09-21","23:54:22","Clear","Dry","Dark","1.0","22.4","3200","57232","23.2","33%","27.2","","Opened","7.327","38","Safe","Calm","3.5","67","16.7","10.0","1000.9","1012.5"
"2026-09-21","23:54:32","Clear","Dry","Dark","1.0","22.4","3200","57232","23.2","33%","27.1","","Opened","7.316","38","Safe","Calm","3.8","67","16.7","10.0","1000.9","1012.5"
"2026-09-21","23:54:42","Clear","Dry","Dark","1.0","22.4","3200","57232","23.2","33%","27.1","","Opened","7.282","38","Safe","Calm","4.7","67","16.7","10.0","1000.9","1012.5"
"2026-09-21","23:54:52","Clear","Dry","Dark","1.0","22.4","3200","57232","23.2","33%","27.1","","Opened","7.568","38","Safe","Calm","5.4","67","16.7","10.0","1000.9","1012.5"
"2026-09-21","23:55:02","Clear","Dry","Dark","0.9","22.4","3200","57232","23.2","33%","27.2","","Opened","7.341","38","Safe","Calm","4.3","67","16.7","9.9","1000.9","1012.5"
"2026-09-21","23:55:12","Clear","Dry","Dark","0.9","22.4","3200","57232","23.2","33%","27.2","","Opened","7.297","38","Safe","Calm","3.4","67","16.7","9.9","1000.9","1012.5"
"2026-09-21","23:55:22","Clear","Dry","Dark","1.2","22.4","3200","57232","23.2","33%","27.3","","Opened","7.376","38","Safe","Calm","3.5","67","16.7","10.2","1000.9","1012.5"
"2026-09-21","23:55:32","Clear","Dry","Dark","1.0","22.4","3200","57232","23.2","33%","27.2","","Opened","7.382","38","Safe","Calm","3.7","67","16.7","10.0","1001.0","1012.6"
"2026-09-21","23:55:42","Clear","Dry","Dark","1.0","22.4","3200","57232","23.2","33%","27.1","","Opened","7.329","38","Safe","Calm","3.8","67","16.7","10.0","1000.9","1012.5"
"2026-09-21","23:55:52","Clear","Dry","Dark","1.1","22.4","3200","57232","23.2","33%","27.1","","Opened","7.498","38","Safe","Calm","4.1","67","16.7","10.1","1000.9","1012.5"
"2026-09-21","23:56:02","Clear","Dry","Dark","1.0","22.4","3200","57232","23.2","33%","27.1","","Opened","7.426","38","Safe","Calm","5.0","67","16.7","10.0","1000.8","1012.4"
"2026-09-21","23:56:12","Clear","Dry","Dark","1.0","22.4","3200","57232","23.2","33%","27.1","","Opened","7.356","38","Safe","Calm","5.8","67","16.7","9.9","1000.9","1012.5"
"2026-09-21","23:56:22","Clear","Dry","Dark","1.1","22.4","3200","57232","23.2","33%","27.1","","Opened","7.345","38","Safe","Calm","5.8","67","16.7","10.1","1000.9","1012.5"
"2026-09-21","23:56:32","Clear","Dry","Dark","1.0","22.4","3200","57232","23.2","33%","27.1","","Opened","7.295","38","Safe","Calm","5.5","67","16.7","10.0","1001.0","1012.6"
"2026-09-21","23:56:42","Clear","Dry","Dark","1.0","22.4","3200","57232","23.2","33%","27.1","","Opened","7.371","38","Safe","Calm","5.4","67","16.7","10.0","1000.9","1012.5"
"2026-09-21","23:56:52","Clear","Dry","Dark","1.1","22.4","3200","57232","23.2","33%","27.1","","Opened","7.508","38","Safe","Calm","5.1","67","16.7","10.0","1000.9","1012.5"
"2026-09-21","23:57:02","Clear","Dry","Dark","1.1","22.4","3200","57232","23.2","33%","27.1","","Opened","7.303","38","Safe","Calm","5.0","67","16.7","10.0","1000.9","1012.5"
"2026-09-21","23:57:12","Clear","Dry","Dark","1.0","22.4","3200","57232","23.2","33%","27.2","","Opened","7.384","38","Safe","Calm","5.0","67","16.7","10.0","1001.0","1012.6"
"2026-09-21","23:57:22","Clear","Dry","Dark","1.1","22.4","3200","57232","23.2","33%","27.2","","Opened","7.341","38","Safe","Calm","5.0","67","16.7","10.0","1001.1","1012.7"
"2026-09-21","23:57:32","Clear","Dry","Dark","1.0","22.4","3200","57232","23.1","33%","27.2","","Opened","7.295","38","Safe","Calm","4.8","67","16.7","9.9","1000.9","1012.5"
"2026-09-21","23:57:42","Clear","Dry","Dark","0.9","22.4","3200","57232","23.2","33%","27.2","","Opened","7.391","38","Safe","Calm","3.9","67","16.7","9.9","1000.9","1012.5"
"2026-09-21","23:57:52","Clear","Dry","Dark","1.0","22.3","3200","57232","23.2","33%","27.2","","Opened","7.514","38","Safe","Calm","3.3","67","16.7","10.0","1000.9","1012.5"
"2026-09-21","23:58:02","Clear","Dry","Dark","1.0","22.3","3200","57232","23.2","33%","27.3","","Opened","7.338","38","Safe","Calm","3.3","67","16.7","10.0","1000.9","1012.5"
"2026-09-21","23:58:12","Clear","Dry","Dark","1.0","22.3","3200","57232","23.2","33%","27.2","","Opened","7.305","38","Safe","Calm","3.3","67","16.7","10.0","1000.9","1012.5"
"2026-09-21","23:58:22","Clear","Dry","Dark","1.1","22.4","3200","57232","23.2","33%","27.3","","Opened","7.414","38","Safe","Calm","3.0","67","16.7","10.1","1000.9","1012.5"
"2026-09-21","23:58:32","Clear","Dry","Dark","0.9","22.3","3200","57232","23.2","33%","27.3","","Opened","7.279","38","Safe","Calm","2.8","67","16.7","9.9","1000.9","1012.5"
"2026-09-21","23:58:42","Clear","Dry","Dark","1.0","22.3","3200","57232","23.2","33%","27.3","","Opened","7.351","38","Safe","Calm","3.5","67","16.7","10.0","1000.9","1012.5"
"2026-09-21","23:58:52","Clear","Dry","Dark","1.0","22.4","3200","57232","23.2","33%","27.3","","Opened","7.495","38","Safe","Calm","4.3","67","16.7","10.0","1000.9","1012.5"
"2026-09-21","23:59:02","Clear","Dry","Dark","1.0","22.4","3200","57232","23.2","33%","27.3","","Opened","7.410","38","Safe","Calm","3.5","67","16.7","10.0","1000.9","1012.5"
"2026-09-21","23:59:12","Clear","Dry","Dark","0.9","22.3","3200","57232","23.2","33%","27.3","","Opened","7.351","38","Safe","Calm","2.7","67","16.7","9.9","1000.9","1012.5"
"2026-09-21","23:59:22","Clear","Dry","Dark","1.0","22.3","3200","57232","23.2","33%","27.3","","Opened","7.316","38","Safe","Calm","3.0","67","16.7","10.0","1000.9","1012.5"
"2026-09-21","23:59:32","Clear","Dry","Dark","1.1","22.4","3200","57232","23.2","33%","27.3","","Opened","7.281","38","Safe","Calm","3.3","67","16.7","10.0","1000.9","1012.5"
"2026-09-21","23:59:42","Clear","Dry","Dark","1.0","22.3","3200","57232","23.1","33%","27.2","","Opened","7.384","38","Safe","Calm","3.3","67","16.7","9.9","1001.0","1012.6"
"2026-09-21","23:59:52","Clear","Dry","Dark","1.0","22.3","3200","57232","23.2","33%","27.3","","Opened","7.542","38","Safe","Calm","3.3","67","16.7","10.0","1001.0","1012.6"
"2026-09-22","00:00:02","Clear","Dry","Dark","1.0","22.3","3200","57232","23.2","33%","27.3","","Opened","7.284","38","Safe","Calm","3.9","67","16.7","10.0","1001.0","1012.6"
"2026-09-22","00:00:12","Clear","Dry","Dark","1.1","22.3","3200","57232","23.2","33%","27.3","","Opened","7.404","38","Safe","Calm","3.9","67","16.7","10.1","1000.9","1012.5"
"2026-09-22","00:00:22","Clear","Dry","Dark","0.9","22.3","3200","57232","23.2","33%","27.3","","Opened","7.405","38","Safe","Calm","3.8","67","16.7","9.9","1000.9","1012.5"
"2026-09-22","00:00:32","Clear","Dry","Dark","0.9","22.3","3200","57232","23.1","33%","27.3","","Opened","7.400","38","Safe","Calm","3.5","67","16.7","9.9","1001.0","1012.6"
"2026-09-22","00:00:42","Clear","Dry","Dark","1.0","22.3","3200","57232","23.1","33%","27.3","","Opened","7.367","38","Safe","Calm","3.5","67","16.7","9.9","1001.0","1012.6"
"2026-09-22","00:00:52","Clear","Dry","Dark","0.9","22.3","3200","57232","23.2","33%","27.3","","Opened","7.517","38","Safe","Calm","3.5","67","16.7","9.9","1001.1","1012.7"
"2026-09-22","00:01:02","Clear","Dry","Dark","0.9","22.3","3200","57232","23.1","33%","27.3","","Opened","7.288","38","Safe","Calm","3.6","67","16.7","9.9","1001.0","1012.6"
"2026-09-22","00:01:12","Clear","Dry","Dark","0.9","22.3","3200","57232","23.1","33%","27.3","","Opened","7.380","38","Safe","Calm","3.6","67","16.7","9.9","1000.9","1012.5"
"2026-09-22","00:01:22","Clear","Dry","Dark","0.9","22.3","3200","57232","23.1","33%","27.3","","Opened","7.354","38","Safe","Calm","3.5","67","16.7","9.9","1001.1","1012.7"
"2026-09-22","00:01:32","Clear","Dry","Dark","0.9","22.3","3200","57232","23.1","33%","27.3","","Opened","7.340","38","Safe","Calm","2.8","67","16.7","9.8","1000.9","1012.5"
"2026-09-22","00:01:42","Clear","Dry","Dark","0.8","22.3","3200","57232","23.1","33%","27.3","","Opened","7.302","38","Safe","Calm","2.2","67","16.7","9.8","1000.9","1012.5"
"2026-09-22","00:01:52","Clear","Dry","Dark","1.0","22.3","3200","57232","23.1","33%","27.4","","Opened","7.587","38","Safe","Calm","2.2","67","16.7","9.9","1001.0","1012.6"
"2026-09-22","00:02:02","Clear","Dry","Dark","0.9","22.3","3200","57232","23.1","33%","27.3","","Opened","7.403","38","Safe","Calm","2.2","67","16.7","9.8","1000.9","1012.5"
"2026-09-22","00:02:12","Clear","Dry","Dark","1.0","22.3","3200","57232","23.1","33%","27.3","","Opened","7.339","38","Safe","Calm","3.0","67","16.7","10.0","1000.9","1012.5"
"2026-09-22","00:02:22","Clear","Dry","Dark","1.0","22.3","3200","57232","23.1","33%","27.3","","Opened","7.323","38","Safe","Calm","3.1","67","16.7","9.9","1001.0","1012.6"
"2026-09-22","00:02:32","Clear","Dry","Dark","1.1","22.3","3200","57232","23.1","33%","27.2","","Opened","7.403","38","Safe","Calm","3.1","67","16.7","10.0","1001.0","1012.6"
"2026-09-22","00:02:42","Clear","Dry","Dark","1.0","22.3","3200","57232","23.1","33%","27.3","","Opened","7.364","38","Safe","Calm","3.1","67","16.7","9.9","1001.0","1012.6"
"2026-09-22","00:02:52","Clear","Dry","Dark","1.1","22.3","3200","57232","23.1","33%","27.3","","Opened","7.557","38","Safe","Calm","2.3","67","16.7","10.0","1000.9","1012.5"
"2026-09-22","00:03:02","Clear","Dry","Dark","1.0","22.3","3200","57232","23.1","33%","27.4","Heating DOWN","Opened","7.408","38","Safe","Calm","1.6","67","16.7","9.9","1001.0","1012.6"
"2026-09-22","00:03:12","Clear","Dry","Dark","1.2","22.3","3200","57232","23.1","32%","27.5","Heating DOWN","Opened","7.420","38","Safe","Calm","0.8","67","16.7","10.1","1001.1","1012.7"
"2026-09-22","00:03:22","Clear","Dry","Dark","1.0","22.2","3200","57232","23.1","31%","27.6","Heating DOWN","Opened","7.413","38","Safe","Calm","0.0","67","16.7","9.9","1001.0","1012.6"
"2026-09-22","00:03:32","Clear","Dry","Dark","1.1","22.2","3200","57232","23.1","30%","27.7","Heating DOWN","Opened","7.409","38","Safe","Calm","0.0","67","16.7","10.0","1000.9","1012.5"
"2026-09-22","00:03:42","Clear","Dry","Dark","1.3","22.2","3200","57232","23.1","28%","27.7","Heating DOWN","Opened","7.442","38","Safe","Calm","0.0","67","16.7","10.2","1000.9","1012.5"
"2026-09-22","00:03:52","Clear","Dry","Dark","1.4","22.3","3200","57232","23.1","26%","27.6","","Opened","7.591","38","Safe","Calm","0.8","67","16.7","10.3","1000.9","1012.5"
"2026-09-22","00:04:02","Clear","Dry","Dark","1.3","22.3","3200","57232","23.0","26%","27.5","","Opened","7.412","38","Safe","Calm","0.8","67","16.7","10.2","1001.0","1012.6"
"2026-09-22","00:04:12","Clear","Dry","Dark","1.2","22.3","3200","57232","23.1","26%","27.5","Heating DOWN","Opened","7.468","38","Safe","Calm","0.8","67","16.7","10.1","1001.2","1012.8"
"2026-09-22","00:04:22","Clear","Dry","Dark","1.0","22.3","3200","57232","23.1","25%","27.5","Heating DOWN","Opened","7.482","38","Safe","Calm","0.8","67","16.7","9.9","1000.9","1012.5"
"2026-09-22","00:04:32","Clear","Dry","Dark","1.1","22.2","3200","57232","23.1","24%","27.4","","Opened","7.393","38","Safe","Calm","1.7","67","16.7","10.0","1001.1","1012.7"
"2026-09-22","00:04:42","Clear","Dry","Dark","0.9","22.3","3200","57232","23.1","24%","27.2","","Opened","7.348","38","Safe","Calm","2.5","67","16.7","9.8","1001.0","1012.6"
"2026-09-22","00:04:52","Clear","Dry","Dark","1.0","22.2","3200","57232","23.1","24%","27.2","","Opened","7.485","38","Safe","Calm","2.3","67","16.7","9.9","1000.9","1012.5"
"2026-09-22","00:05:02","Clear","Dry","Dark","1.2","22.2","3200","57232","23.0","24%","27.1","","Opened","7.400","38","Safe","Calm","3.1","67","16.7","10.1","1000.9","1012.5"
"2026-09-22","00:05:12","Clear","Dry","Dark","1.2","22.2","3200","57232","23.0","24%","27.0","","Opened","7.326","38","Safe","Calm","3.9","67","16.7","10.1","1000.9","1012.5"
"2026-09-22","00:05:22","Clear","Dry","Dark","1.0","22.2","3200","57232","23.0","24%","26.9","","Opened","7.304","38","Safe","Calm","4.5","67","16.7","10.0","1001.0","1012.6"
"2026-09-22","00:05:32","Clear","Dry","Dark","1.0","22.2","3200","57232","23.0","24%","26.9","","Opened","7.417","38","Safe","Calm","3.6","67","16.7","9.9","1000.9","1012.5"
"2026-09-22","00:05:42","Clear","Dry","Dark","1.0","22.2","3200","57232","23.0","24%","26.9","","Opened","7.338","38","Safe","Calm","2.8","67","16.7","9.9","1001.0","1012.6"
"2026-09-22","00:05:52","Clear","Dry","Dark","1.1","22.1","3200","57232","23.0","24%","26.9","","Opened","7.479","38","Safe","Calm","2.2","67","16.7","10.0","1001.0","1012.6"
"2026-09-22","00:06:02","Clear","Dry","Dark","1.2","22.1","3200","57232","23.0","24%","26.9","","Opened","7.370","38","Safe","Calm","1.4","67","16.7","10.1","1000.9","1012.5"
"2026-09-22","00:06:12","Clear","Dry","Dark","1.1","22.1","3200","57232","23.0","24%","26.9","","Opened","7.345","38","Safe","Calm","0.6","67","16.7","10.0","1001.0","1012.6"
"2026-09-22","00:06:22","Clear","Dry","Dark","1.2","22.1","3200","57232","23.0","24%","26.9","","Opened","7.347","38","Safe","Calm","0.0","67","16.7","10.1","1000.9","1012.5"
"2026-09-22","00:06:32","Clear","Dry","Dark","1.2","22.1","3200","57232","23.0","24%","26.8","","Opened","7.292","38","Safe","Calm","0.6","67","16.7","10.1","1000.9","1012.5"
"2026-09-22","00:06:42","Clear","Dry","Dark","1.2","22.1","3200","57232","23.0","24%","26.7","Heating UP","Opened","7.480","38","Safe","Calm","1.3","67","16.7","10.1","1000.9","1012.5"
"2026-09-22","00:06:53","Clear","Dry","Dark","1.3","22.1","3200","57232","23.0","25%","26.7","Heating UP","Opened","7.672","38","Safe","Calm","1.9","67","16.7","10.2","1001.0","1012.6"
"2026-09-22","00:07:02","Clear","Dry","Dark","1.2","22.1","3200","57232","23.0","26%","26.7","Heating UP","Opened","7.481","38","Safe","Calm","1.9","67","16.7","10.0","1000.9","1012.5"
"2026-09-22","00:07:12","Clear","Dry","Dark","1.3","22.1","3200","57232","23.0","27%","26.7","Heating UP","Opened","7.509","38","Safe","Calm","2.7","67","16.7","10.2","1000.9","1012.5"
"2026-09-22","00:07:22","Clear","Dry","Dark","1.2","22.1","3200","57232","23.0","28%","26.6","Heating UP","Opened","7.425","38","Safe","Calm","3.3","67","16.7","10.1","1001.0","1012.6"
"2026-09-22","00:07:32","Clear","Dry","Dark","1.3","22.1","3200","57232","23.0","29%","26.6","Heating UP","Opened","7.413","38","Safe","Calm","2.7","68","16.7","10.2","1001.1","1012.7"
"2026-09-22","00:07:42","Clear","Dry","Dark","1.2","22.1","3200","57232","23.0","30%","26.7","","Opened","7.296","38","Safe","Calm","2.1","68","16.7","10.1","1000.9","1012.5"
"2026-09-22","00:07:53","Clear","Dry","Dark","1.1","22.1","3200","57232","23.0","30%","26.7","Heating UP","Opened","7.700","38","Safe","Calm","1.4","68","16.7","10.0","1000.9","1012.5"
"2026-09-22","00:08:02","Clear","Dry","Dark","1.3","22.1","3200","57232","23.0","30%","26.8","","Opened","7.389","38","Safe","Calm","1.4","68","16.7","10.2","1001.0","1012.6"
"2026-09-22","00:08:12","Clear","Dry","Dark","1.3","22.1","3200","57232","23.0","30%","26.8","","Opened","7.338","38","Safe","Calm","0.6","68","16.7","10.1","1000.9","1012.5"
"2026-09-22","00:08:22","Clear","Dry","Dark","1.2","22.1","3200","57232","23.0","30%","26.9","","Opened","7.364","38","Safe","Calm","0.0","68","16.7","10.1","1001.0","1012.6"
"2026-09-22","00:08:32","Clear","Dry","Dark","1.1","22.1","3200","57232","23.0","30%","26.9","","Opened","7.304","38","Safe","Calm","0.0","68","16.7","10.0","1000.9","1012.5"
"2026-09-22","00:08:42","Clear","Dry","Dark","1.2","22.0","3200","57232","23.0","30%","27.0","","Opened","7.398","38","Safe","Calm","0.0","68","16.7","10.0","1000.9","1012.5"
"2026-09-22","00:08:52","Clear","Dry","Dark","1.1","22.0","3200","57232","23.0","30%","27.0","","Opened","7.572","38","Safe","Calm","0.0","68","16.7","9.9","1000.9","1012.5"
"2026-09-22","00:09:02","Clear","Dry","Dark","1.1","22.0","3200","57232","23.0","30%","27.1","","Opened","7.321","38","Safe","Calm","0.0","68","16.7","10.0","1001.1","1012.7"
"2026-09-22","00:09:12","Clear","Dry","Dark","1.0","22.0","3200","57232","23.0","30%","27.1","","Opened","7.414","38","Safe","Calm","0.0","68","16.7","9.9","1000.9","1012.5"
"2026-09-22","00:09:22","Clear","Dry","Dark","1.2","22.0","3200","57232","23.0","30%","27.2","","Opened","7.382","38","Safe","Calm","0.0","68","16.7","10.0","1001.0","1012.6"
"2026-09-22","00:09:32","Clear","Dry","Dark","1.2","22.0","3200","57232","23.0","30%","27.2","","Opened","7.367","38","Safe","Calm","0.0","68","16.7","10.1","1000.9","1012.5"
"2026-09-22","00:09:42","Clear","Dry","Dark","1.2","22.0","3200","57232","23.0","30%","27.2","","Opened","7.385","38","Safe","Calm","0.0","68","16.7","10.0","1001.0","1012.6"
"2026-09-22","00:09:52","Clear","Dry","Dark","1.1","22.0","3200","57232","23.0","30%","27.3","","Opened","7.590","38","Safe","Calm","0.0","68","16.7","10.0","1001.0","1012.6"
"2026-09-22","00:10:02","Clear","Dry","Dark","1.1","22.0","3200","57232","23.0","30%","27.4","Heating DOWN","Opened","7.434","38","Safe","Calm","0.0","68","16.7","10.0","1000.9","1012.5"
"2026-09-22","00:10:12","Clear","Dry","Dark","1.1","22.0","3200","57232","23.0","30%","27.5","Heating DOWN","Opened","7.423","38","Safe","Calm","0.0","68","16.7","10.0","1001.0","1012.6"
"2026-09-22","00:10:22","Clear","Dry","Dark","1.1","21.9","3200","57232","23.0","28%","27.5","Heating DOWN","Opened","7.411","38","Safe","Calm","0.0","68","16.7","10.0","1001.0","1012.6"
"2026-09-22","00:10:32","Clear","Dry","Dark","1.0","21.9","3200","57232","23.0","26%","27.6","Heating DOWN","Opened","7.416","38","Safe","Calm","0.0","68","16.7","9.9","1001.1","1012.7"
"2026-09-22","00:10:42","Clear","Dry","Dark","1.1","21.9","3200","57232","23.0","24%","27.6","Heating DOWN","Opened","7.420","38","Safe","Calm","0.0","68","16.7","10.0","1000.9","1012.5"
"2026-09-22","00:10:52","Clear","Dry","Dark","1.0","21.9","3200","57232","23.0","22%","27.5","","Opened","7.474","38","Safe","Calm","0.0","68","16.7","9.9","1000.9","1012.5"
"2026-09-22","00:11:02","Clear","Dry","Dark","1.1","21.9","3200","57232","23.0","22%","27.4","","Opened","7.406","38","Safe","Calm","0.0","68","16.7","9.9","1000.9","1012.5"
"2026-09-22","00:11:12","Clear","Dry","Dark","1.0","21.9","3200","57232","23.0","22%","27.3","","Opened","7.352","38","Safe","Calm","0.0","68","16.7","9.9","1000.9","1012.5"
"2026-09-22","00:11:22","Clear","Dry","Dark","1.0","21.9","3200","57232","23.0","22%","27.3","","Opened","7.328","38","Safe","Calm","0.0","68","16.7","9.9","1000.9","1012.5"
"2026-09-22","00:11:32","Clear","Dry","Dark","1.2","21.9","3200","57232","23.0","22%","27.1","","Opened","7.280","38","Safe","Calm","0.8","68","16.7","10.1","1000.9","1012.5"
"2026-09-22","00:11:42","Clear","Dry","Dark","1.0","21.9","3200","57232","23.0","22%","26.9","","Opened","7.404","38","Safe","Calm","1.4","68","16.7","9.9","1000.9","1012.5"
"2026-09-22","00:11:52","Clear","Dry","Dark","1.1","21.9","3200","57232","23.0","22%","26.8","","Opened","7.563","38","Safe","Calm","1.4","68","16.7","10.0","1000.9","1012.5"
"2026-09-22","00:12:02","Clear","Dry","Dark","1.1","21.9","3200","57232","23.0","22%","26.7","","Opened","7.368","38","Safe","Calm","1.4","68","16.7","9.9","1000.9","1012.5"
"2026-09-22","00:12:12","Clear","Dry","Dark","1.1","21.9","3200","57232","22.9","22%","26.7","","Opened","7.318","38","Safe","Calm","1.4","68","16.6","10.0","1000.9","1012.5"
"2026-09-22","00:12:22","Clear","Dry","Dark","1.2","21.9","3200","57232","22.9","22%","26.7","","Opened","7.269","38","Safe","Calm","1.4","68","16.7","10.0","1001.0","1012.6"
"2026-09-22","00:12:32","Clear","Dry","Dark","1.1","21.9","3200","57232","22.9","22%","26.6","Heating UP","Opened","7.480","38","Safe","Calm","0.6","68","16.6","9.9","1000.9","1012.5"
"2026-09-22","00:12:42","Clear","Dry","Dark","1.1","21.9","3200","57232","22.9","23%","26.5","Heating UP","Opened","7.490","38","Safe","Calm","0.8","68","16.7","9.9","1000.9","1012.5"
"2026-09-22","00:12:53","Clear","Dry","Dark","1.1","21.9","3200","57232","22.9","24%","26.5","Heating UP","Opened","7.685","38","Safe","Calm","0.8","68","16.7","9.9","1000.9","1012.5"
"2026-09-22","00:13:02","Clear","Dry","Dark","1.1","21.8","3200","57232","22.9","25%","26.5","Heating UP","Opened","7.394","38","Safe","Calm","0.8","68","16.7","9.9","1000.9","1012.5"
"2026-09-22","00:13:12","Clear","Dry","Dark","1.1","21.8","3200","57232","22.9","26%","26.4","Heating UP","Opened","7.420","38","Safe","Calm","0.8","68","16.6","9.9","1001.0","1012.6"
"2026-09-22","00:13:22","Clear","Dry","Dark","1.2","21.9","3200","57232","22.9","28%","26.3","Heating UP","Opened","7.420","38","Safe","Calm","1.6","68","16.7","10.0","1000.9","1012.5"
"2026-09-22","00:13:32","Clear","Wet","Dark","1.3","21.9","3199","57232","22.9","30%","26.3","Heating UP","Opened","7.410","38","Safe","Calm","2.6","68","16.6","10.1","1000.9","1012.5"
"2026-09-22","00:13:42","Clear","Dry","Dark","1.1","21.9","3200","57232","22.9","31%","26.3","Heating UP","Opened","7.425","38","Safe","Calm","2.8","68","16.7","9.9","1000.9","1012.5"
"2026-09-22","00:13:52","Clear","Dry","Dark","1.1","21.9","3200","57232","22.8","33%","26.2","Heating UP","Opened","7.639","38","Safe","Calm","3.4","68","16.6","9.9","1001.1","1012.7"
"2026-09-22","00:14:02","Clear","Dry","Dark","1.1","21.9","3200","57232","22.8","35%","26.3","","Opened","7.361","38","Safe","Calm","3.4","68","16.6","9.9","1000.9","1012.5"
"2026-09-22","00:14:12","Clear","Dry","Dark","1.3","21.8","3200","57232","22.8","35%","26.4","","Opened","7.328","38","Safe","Calm","4.3","68","16.6","10.1","1000.9","1012.5"
"2026-09-22","00:14:22","Clear","Dry","Dark","1.1","21.9","3200","57232","22.8","35%","26.5","","Opened","7.314","38","Safe","Calm","4.3","68","16.6","9.9","1000.9","1012.5"
"2026-09-22","00:14:32","Clear","Dry","Dark","1.3","21.8","3200","57232","22.8","35%","26.6","","Opened","7.416","38","Safe","Calm","3.3","68","16.6","10.0","1000.9","1012.5"
"2026-09-22","00:14:42","Clear","Dry","Dark","1.1","21.8","3200","57232","22.8","35%","26.7","","Opened","7.350","38","Safe","Calm","2.3","68","16.6","9.9","1000.9","1012.5"
"2026-09-22","00:14:52","Clear","Dry","Dark","1.5","21.8","3200","57232","22.8","35%","26.7","","Opened","7.466","38","Safe","Calm","2.8","68","16.6","10.2","1000.9","1012.5"
"2026-09-22","00:15:02","Clear","Dry","Dark","1.2","21.9","3200","57232","22.8","35%","26.7","","Opened","7.413","38","Safe","Calm","3.7","68","16.6","10.0","1000.9","1012.5"
"2026-09-22","00:15:12","Clear","Dry","Dark","1.2","21.8","3200","57232","22.8","35%","26.7","","Opened","7.338","38","Safe","Calm","3.8","68","16.6","10.0","1000.9","1012.5"
"2026-09-22","00:15:22","Clear","Dry","Dark","1.2","21.9","3200","57232","22.8","35%","26.7","","Opened","7.299","38","Safe","Calm","4.0","68","16.6","10.0","1001.0","1012.6"
"2026-09-22","00:15:32","Clear","Dry","Dark","1.3","21.9","3200","57232","22.8","35%","26.8","","Opened","7.425","38","Safe","Calm","4.7","68","16.6","10.1","1000.9","1012.5"
"2026-09-22","00:15:42","Clear","Dry","Dark","1.2","21.9","3200","57232","22.8","35%","26.8","","Opened","7.361","38","Safe","Calm","5.5","68","16.6","10.0","1000.9","1012.5"
"2026-09-22","00:15:52","Clear","Dry","Dark","1.2","21.9","3200","57232","22.8","35%","26.9","","Opened","7.493","38","Safe","Calm","5.1","68","16.6","9.9","1001.1","1012.7"
"2026-09-22","00:16:02","Clear","Dry","Dark","1.2","21.9","3200","57232","22.8","35%","26.9","","Opened","7.429","38","Safe","Calm","4.8","68","16.6","9.9","1000.9","1012.5"
"2026-09-22","00:16:12","Clear","Dry","Dark","1.2","21.9","3200","57232","22.8","35%","27.0","","Opened","7.336","38","Safe","Calm","4.4","68","16.6","9.9","1000.9","1012.6"
"2026-09-22","00:16:22","Clear","Dry","Dark","1.2","21.9","3200","57232","22.8","35%","27.0","","Opened","7.303","38","Safe","Calm","3.5","68","16.6","9.9","1001.0","1012.6"
"2026-09-22","00:16:32","Clear","Dry","Dark","1.2","21.9","3200","57232","22.8","35%","27.2","Heating DOWN","Opened","7.484","38","Safe","Calm","2.7","68","16.6","9.9","1000.9","1012.5"
"2026-09-22","00:16:42","Clear","Dry","Dark","1.4","21.9","3200","57232","22.8","34%","27.1","","Opened","7.376","38","Safe","Calm","3.0","68","16.6","10.2","1000.9","1012.5"
"2026-09-22","00:16:53","Clear","Dry","Dark","1.4","21.9","3200","57232","22.8","34%","27.1","Heating DOWN","Opened","7.702","38","Safe","Calm","3.3","68","16.6","10.1","1000.9","1012.5"
"2026-09-22","00:17:02","Clear","Dry","Dark","1.3","21.9","3200","57232","22.8","33%","27.1","Heating DOWN","Opened","7.544","38","Safe","Calm","3.3","68","16.6","10.0","1001.0","1012.6"
"2026-09-22","00:17:12","Clear","Dry","Dark","1.4","21.9","3200","57232","22.8","32%","27.1","Heating DOWN","Opened","7.401","38","Safe","Calm","3.4","68","16.6","10.1","1000.9","1012.6"
"2026-09-22","00:17:22","Clear","Dry","Dark","1.3","22.0","3200","57232","22.8","31%","27.1","Heating DOWN","Opened","7.397","38","Safe","Calm","4.5","68","16.6","10.1","1000.9","1012.5"
"2026-09-22","00:17:32","Clear","Dry","Dark","1.4","22.0","3200","57232","22.8","30%","27.0","","Opened","7.267","38","Safe","Calm","5.8","68","16.6","10.2","1000.9","1012.5"
"2026-09-22","00:17:42","Clear","Dry","Dark","1.5","22.0","3200","57232","22.8","30%","26.9","","Opened","7.341","38","Safe","Calm","6.2","68","16.6","10.2","1000.9","1012.5"
"2026-09-22","00:17:52","Clear","Dry","Dark","1.5","22.0","3200","57232","22.8","30%","26.8","","Opened","7.578","38","Safe","Calm","6.4","68","16.6","10.3","1000.9","1012.5"
"2026-09-22","00:18:02","Clear","Dry","Dark","1.3","22.0","3200","57232","22.8","30%","26.7","","Opened","7.288","38","Safe","Calm","6.5","68","16.6","10.1","1000.9","1012.6"
"2026-09-22","00:18:12","Clear","Dry","Dark","1.5","22.0","3200","57232","22.8","30%","26.7","","Opened","7.364","38","Safe","Calm","6.5","68","16.6","10.2","1001.0","1012.6"
"2026-09-22","00:18:22","Clear","Dry","Dark","1.4","22.0","3200","57232","22.7","30%","26.7","","Opened","7.376","38","Safe","Calm","6.2","68","16.6","10.1","1000.9","1012.5"
"2026-09-22","00:18:32","Clear","Dry","Dark","1.4","22.0","3200","57232","22.8","30%","26.7","","Opened","7.353","38","Safe","Calm","4.9","68","16.6","10.1","1000.9","1012.5"
"2026-09-22","00:18:42","Clear","Dry","Dark","1.5","22.0","3200","57232","22.7","30%","26.8","","Opened","7.321","38","Safe","Calm","4.9","68","16.6","10.2","1001.0","1012.6"
"2026-09-22","00:18:52","Clear","Dry","Dark","1.4","22.1","3200","57232","22.8","30%","26.6","","Opened","7.510","38","Safe","Calm","4.9","68","16.6","10.2","1000.9","1012.6"
"2026-09-22","00:19:02","Clear","Dry","Dark","1.4","22.1","3200","57232","22.8","30%","26.6","","Opened","7.352","38","Safe","Calm","5.0","68","16.6","10.1","1000.9","1012.5"
"2026-09-22","00:19:12","Clear","Dry","Dark","1.4","22.1","3200","57232","22.8","30%","26.6","","Opened","7.372","38","Safe","Calm","5.2","68","16.6","10.2","1000.9","1012.5"
"2026-09-22","00:19:22","Clear","Dry","Dark","1.4","22.1","3200","57232","22.8","30%","26.6","","Opened","7.332","38","Safe","Calm","5.3","68","16.6","10.2","1000.9","1012.5"
"2026-09-22","00:19:32","Clear","Dry","Dark","1.3","22.1","3200","57232","22.8","30%","26.6","","Opened","7.279","38","Safe","Calm","5.9","68","16.6","10.1","1000.9","1012.6"
"2026-09-22","00:19:42","Clear","Dry","Dark","1.3","22.1","3200","57232","22.8","30%","26.7","","Opened","7.363","38","Safe","Calm","5.4","68","16.6","10.1","1000.9","1012.5"
"2026-09-22","00:19:52","Clear","Dry","Dark","1.3","22.1","3200","57232","22.8","30%","26.6","","Opened","7.494","38","Safe","Calm","5.1","68","16.6","10.1","1000.9","1012.5"
"2026-09-22","00:20:02","Clear","Dry","Dark","1.5","22.0","3200","57232","22.8","30%","26.6","","Opened","7.278","38","Safe","Calm","5.2","68","16.6","10.3","1000.9","1012.5"
"2026-09-22","00:20:12","Clear","Dry","Dark","1.4","22.0","3200","57232","22.8","30%","26.6","","Opened","7.380","38","Safe","Calm","5.1","68","16.6","10.2","1000.9","1012.5"
"2026-09-22","00:20:22","Clear","Dry","Dark","1.4","22.1","3200","57232","22.8","30%","26.6","","Opened","7.353","38","Safe","Calm","5.1","68","16.6","10.1","1000.9","1012.5"
"2026-09-22","00:20:32","Clear","Dry","Dark","1.5","22.1","3200","57232","22.8","30%","26.5","Heating UP","Opened","7.410","38","Safe","Calm","6.1","68","16.6","10.2","1000.9","1012.5"
"2026-09-22","00:20:42","Clear","Dry","Dark","1.5","22.1","3200","57232","22.8","31%","26.4","Heating UP","Opened","7.438","38","Safe","Calm","6.2","68","16.6","10.2","1000.8","1012.4"
"2026-09-22","00:20:52","Clear","Dry","Dark","1.5","22.1","3200","57232","22.8","32%","26.4","Heating UP","Opened","7.636","38","Safe","Calm","6.6","68","16.6","10.3","1000.9","1012.5"
"2026-09-22","00:21:02","Clear","Dry","Dark","1.4","22.1","3200","57232","22.8","33%","26.4","Heating UP","Opened","7.436","38","Safe","Calm","6.5","68","16.6","10.1","1000.9","1012.5"
"2026-09-22","00:21:12","Clear","Dry","Dark","1.4","22.1","3200","57232","22.8","34%","26.4","Heating UP","Opened","7.465","38","Safe","Calm","6.6","68","16.6","10.2","1000.9","1012.6"
"2026-09-22","00:21:22","Clear","Dry","Dark","1.4","22.1","3200","57232","22.8","35%","26.5","","Opened","7.347","38","Safe","Calm","6.6","68","16.6","10.2","1001.0","1012.6"
"2026-09-22","00:21:32","Clear","Dry","Dark","1.4","22.1","3200","57232","22.8","35%","26.5","","Opened","7.354","38","Safe","Calm","6.1","68","16.6","10.2","1000.9","1012.6"
"2026-09-22","00:21:42","Clear","Dry","Dark","1.5","22.1","3200","57232","22.8","35%","26.5","Heating UP","Opened","7.411","38","Safe","Calm","5.8","68","16.6","10.2","1000.9","1012.5"
"2026-09-22","00:21:52","Clear","Dry","Dark","1.4","22.1","3200","57232","22.8","36%","26.6","","Opened","7.530","38","Safe","Calm","5.4","68","16.6","10.1","1001.0","1012.6"
"2026-09-22","00:22:02","Clear","Dry","Dark","1.4","22.1","3200","57232","22.8","36%","26.6","","Opened","7.422","38","Safe","Calm","5.4","68","16.6","10.1","1000.9","1012.5"
"2026-09-22","00:22:12","Clear","Dry","Dark","1.3","22.1","3200","57232","22.8","36%","26.7","","Opened","7.373","38","Safe","Calm","5.9","68","16.6","10.1","1000.9","1012.5"
"2026-09-22","00:22:22","Clear","Dry","Dark","1.4","22.1","3200","57232","22.8","36%","26.6","","Opened","7.317","38","Safe","Calm","6.2","68","16.6","10.2","1000.9","1012.5"
"2026-09-22","00:22:32","Clear","Dry","Dark","1.4","22.1","3200","57232","22.8","36%","26.7","","Opened","7.291","38","Safe","Calm","5.9","68","16.6","10.1","1000.9","1012.5"
"2026-09-22","00:22:42","Clear","Dry","Dark","1.4","22.1","3200","57232","22.8","36%","26.7","","Opened","7.363","38","Safe","Calm","5.9","68","16.6","10.2","1001.0","1012.6"
"2026-09-22","00:22:52","Clear","Dry","Dark","1.4","22.1","3200","57232","22.8","36%","26.8","","Opened","7.540","38","Safe","Calm","5.9","68","16.6","10.2","1000.9","1012.5"
"2026-09-22","00:23:02","Clear","Dry","Dark","1.5","22.1","3200","57232","22.8","36%","26.8","","Opened","7.326","38","Safe","Calm","5.9","68","16.6","10.2","1000.9","1012.5"
"2026-09-22","00:23:12","Clear","Dry","Dark","1.4","22.1","3200","57232","22.8","36%","26.9","","Opened","7.391","38","Safe","Calm","5.4","68","16.6","10.2","1000.9","1012.5"
"2026-09-22","00:23:22","Clear","Dry","Dark","1.4","22.1","3200","57232","22.8","36%","26.9","","Opened","7.352","38","Safe","Calm","4.8","68","16.6","10.1","1000.9","1012.5"
"2026-09-22","00:23:32","Clear","Dry","Dark","1.5","22.1","3200","57232","22.8","36%","26.9","","Opened","7.312","38","Safe","Calm","5.4","68","16.6","10.3","1000.9","1012.5"
"2026-09-22","00:23:42","Clear","Dry","Dark","1.5","22.1","3200","57232","22.8","36%","26.9","","Opened","7.401","38","Safe","Calm","5.4","68","16.6","10.2","1000.9","1012.5"
"2026-09-22","00:23:52","Clear","Dry","Dark","1.5","22.1","3200","57232","22.8","36%","26.9","","Opened","7.559","38","Safe","Calm","5.4","68","16.6","10.3","1000.9","1012.5"
"2026-09-22","00:24:02","Clear","Dry","Dark","1.6","22.1","3200","57232","22.8","36%","26.9","","Opened","7.398","38","Safe","Calm","5.7","68","16.6","10.4","1000.9","1012.5"
"2026-09-22","00:24:12","Clear","Dry","Dark","1.6","22.1","3200","57232","22.8","36%","26.9","","Opened","7.370","38","Safe","Calm","5.9","68","16.6","10.3","1000.9","1012.5"
"2026-09-22","00:24:22","Clear","Dry","Dark","1.5","22.1","3200","57232","22.8","36%","26.9","","Opened","7.393","38","Safe","Calm","6.4","68","16.6","10.3","1000.9","1012.5"
"2026-09-22","00:24:32","Clear","Dry","Dark","1.6","22.1","3200","57232","22.8","36%","26.9","","Opened","7.340","38","Safe","Calm","5.9","68","16.6","10.4","1000.9","1012.5"
"2026-09-22","00:24:42","Clear","Dry","Dark","1.5","22.1","3200","57232","22.8","36%","26.9","","Opened","7.292","38","Safe","Calm","5.9","68","16.6","10.2","1000.9","1012.5"
"2026-09-22","00:24:52","Clear","Dry","Dark","1.6","22.1","3200","57232","22.8","36%","27.0","","Opened","7.551","38","Safe","Calm","6.2","68","16.6","10.3","1000.9","1012.5"
"2026-09-22","00:25:02","Clear","Dry","Dark","1.6","22.1","3200","57232","22.8","36%","27.0","","Opened","7.326","38","Safe","Calm","6.2","68","16.6","10.3","1000.9","1012.5"
"2026-09-22","00:25:12","Clear","Dry","Dark","1.7","22.2","3200","57232","22.8","36%","26.9","","Opened","7.273","38","Safe","Calm","6.1","68","16.6","10.5","1000.9","1012.5"
"2026-09-22","00:25:22","Clear","Dry","Dark","1.9","22.2","3200","57232","22.8","36%","26.9","","Opened","7.353","38","Safe","Windy","7.2","68","16.6","10.7","1001.0","1012.6"
"2026-09-22","00:25:32","Clear","Dry","Dark","2.0","22.2","3200","57232","22.8","36%","26.8","","Opened","7.322","38","Safe","Windy","8.0","68","16.6","10.8","1000.9","1012.5"
"2026-09-22","00:25:42","Clear","Dry","Dark","1.8","22.3","3200","57232","22.8","36%","26.7","","Opened","7.394","38","Safe","Windy","8.5","68","16.6","10.5","1000.9","1012.5"
"2026-09-22","00:25:52","Clear","Dry","Dark","1.6","22.3","3200","57232","22.8","36%","26.8","","Opened","7.495","38","Safe","Windy","8.5","68","16.6","10.4","1000.9","1012.5"
"2026-09-22","00:26:02","Clear","Dry","Dark","1.9","22.3","3200","57232","22.8","36%","26.8","","Opened","7.288","38","Safe","Windy","8.3","68","16.6","10.7","1000.9","1012.5"
"2026-09-22","00:26:12","Clear","Dry","Dark","1.8","22.3","3200","57232","22.8","36%","26.8","","Opened","7.368","38","Safe","Windy","8.6","68","16.6","10.6","1000.9","1012.5"
"2026-09-22","00:26:22","Clear","Dry","Dark","1.7","22.3","3200","57232","22.9","36%","26.7","","Opened","7.328","38","Safe","Windy","7.6","68","16.7","10.5","1000.9","1012.5"
"2026-09-22","00:26:32","Clear","Dry","Dark","1.6","22.3","3200","57232","22.9","36%","26.8","","Opened","7.277","38","Safe","Calm","6.8","68","16.7","10.4","1000.9","1012.5"
"2026-09-22","00:26:42","Clear","Dry","Dark","1.6","22.3","3200","57232","22.9","36%","26.9","","Opened","7.364","38","Safe","Calm","6.6","68","16.7","10.4","1000.9","1012.5"
"2026-09-22","00:26:52","Clear","Dry","Dark","1.7","22.3","3200","57232","22.9","36%","26.8","","Opened","7.485","38","Safe","Calm","6.6","68","16.6","10.6","1000.9","1012.5"
"2026-09-22","00:27:02","Clear","Dry","Dark","1.7","22.3","3200","57232","22.9","36%","26.9","","Opened","7.284","38","Safe","Calm","6.8","68","16.7","10.5","1000.9","1012.5"
"2026-09-22","00:27:12","Clear","Dry","Dark","1.6","22.3","3200","57232","22.9","36%","26.9","","Opened","7.416","38","Safe","Calm","6.6","68","16.6","10.4","1001.0","1012.6"
"2026-09-22","00:27:22","Clear","Dry","Dark","1.6","22.3","3200","57232","22.9","36%","26.9","","Opened","7.365","38","Safe","Calm","6.2","68","16.7","10.4","1001.0","1012.6"
"2026-09-22","00:27:32","Clear","Dry","Dark","1.8","22.3","3200","57232","22.9","36%","26.9","","Opened","7.314","38","Safe","Calm","6.8","68","16.7","10.6","1000.9","1012.5"
"2026-09-22","00:27:42","Clear","Dry","Dark","1.9","22.3","3200","57232","22.9","36%","26.8","","Opened","7.410","38","Safe","Calm","7.1","68","16.7","10.7","1001.0","1012.6"
"2026-09-22","00:27:52","Clear","Dry","Dark","1.7","22.3","3200","57232","22.9","36%","26.8","","Opened","7.542","38","Safe","Calm","7.1","68","16.6","10.5","1000.9","1012.5"
"2026-09-22","00:28:02","Clear","Dry","Dark","1.8","22.4","3200","57232","22.9","36%","26.8","","Opened","7.341","38","Safe","Calm","7.3","68","16.7","10.7","1001.0","1012.6"
"2026-09-22","00:28:12","Clear","Dry","Dark","1.7","22.4","3200","57232","22.9","36%","26.8","","Opened","7.289","38","Safe","Calm","7.3","68","16.7","10.5","1000.9","1012.5"
"2026-09-22","00:28:22","Clear","Dry","Dark","1.8","22.4","3200","57232","22.9","36%","26.8","","Opened","7.399","38","Safe","Calm","8.0","68","16.7","10.7","1000.9","1012.5"
"2026-09-22","00:28:32","Clear","Dry","Dark","1.7","22.4","3200","57232","22.9","36%","26.8","","Opened","7.421","38","Safe","Calm","7.8","68","16.7","10.5","1000.9","1012.5"
"2026-09-22","00:28:42","Clear","Dry","Dark","1.7","22.4","3200","57232","22.9","36%","26.8","","Opened","7.362","38","Safe","Calm","7.3","68","16.7","10.5","1000.9","1012.5"
"2026-09-22","00:28:52","Clear","Dry","Dark","1.7","22.4","3200","57232","22.9","36%","26.9","","Opened","7.520","38","Safe","Calm","7.2","68","16.7","10.5","1001.0","1012.6"
"2026-09-22","00:29:02","Clear","Dry","Dark","1.6","22.4","3200","57232","23.0","36%","26.9","","Opened","7.149","38","Safe","Calm","6.5","68","16.7","10.5","1000.9","1012.5"
"2026-09-22","00:29:12","Clear","Dry","Dark","1.7","22.4","3200","57232","23.0","36%","26.9","","Opened","7.363","38","Safe","Calm","6.5","68","16.7","10.6","1001.0","1012.6"
"2026-09-22","00:29:22","Clear","Dry","Dark","1.5","22.4","3200","57232","23.0","36%","27.0","","Opened","7.331","38","Safe","Calm","5.9","68","16.7","10.4","1000.9","1012.5"
"2026-09-22","00:29:32","Clear","Dry","Dark","1.6","22.4","3200","57232","23.0","36%","27.0","","Opened","7.309","38","Safe","Calm","5.8","68","16.7","10.5","1001.0","1012.6"
"2026-09-22","00:29:42","Clear","Dry","Dark","1.6","22.4","3200","57232","23.0","36%","26.9","","Opened","7.394","38","Safe","Calm","5.9","68","16.7","10.5","1000.9","1012.5"
"2026-09-22","00:29:52","Clear","Dry","Dark","1.6","22.4","3200","57232","23.0","36%","27.0","","Opened","7.590","38","Safe","Calm","5.9","68","16.7","10.5","1000.9","1012.5"
"2026-09-22","00:30:02","Clear","Dry","Dark","1.6","22.4","3200","57232","23.0","36%","27.1","","Opened","7.345","38","Safe","Calm","6.1","68","16.7","10.5","1000.9","1012.5"
"2026-09-22","00:30:12","Clear","Dry","Dark","1.7","22.4","3200","57232","23.0","36%","27.1","","Opened","7.289","38","Safe","Calm","5.9","68","16.7","10.5","1001.0","1012.6"
"2026-09-22","00:30:22","Clear","Dry","Dark","1.8","22.4","3200","57232","23.0","36%","27.1","","Opened","7.394","38","Safe","Calm","6.2","68","16.7","10.7","1001.0","1012.6"
"2026-09-22","00:30:32","Clear","Dry","Dark","1.8","22.4","3200","57232","23.0","36%","27.1","","Opened","7.362","38","Safe","Calm","6.4","68","16.7","10.7","1001.0","1012.6"
"2026-09-22","00:30:42","Clear","Dry","Dark","1.6","22.4","3200","57232","23.0","36%","27.1","","Opened","7.311","38","Safe","Calm","6.4","68","16.7","10.5","1001.0","1012.6"
"2026-09-22","00:30:52","Clear","Dry","Dark","1.6","22.4","3200","57232","23.0","36%","27.1","","Opened","7.556","38","Safe","Calm","6.8","68","16.7","10.5","1000.9","1012.5"
"2026-09-22","00:31:02","Clear","Dry","Dark","1.6","22.4","3200","57232","23.0","36%","27.0","","Opened","7.381","38","Safe","Calm","6.9","68","16.7","10.5","1000.9","1012.5"
"2026-09-22","00:31:12","Clear","Dry","Dark","1.7","22.4","3200","57232","23.0","36%","27.0","","Opened","7.346","38","Safe","Calm","6.9","68","16.7","10.6","1000.9","1012.5"
"2026-09-22","00:31:22","Clear","Dry","Dark","1.6","22.4","3200","57232","23.0","36%","27.0","","Opened","7.312","38","Safe","Calm","6.8","68","16.7","10.5","1000.9","1012.5"
"2026-09-22","00:31:32","Clear","Dry","Dark","1.6","22.4","3200","57232","23.0","36%","27.0","","Opened","7.403","38","Safe","Calm","6.5","68","16.7","10.5","1000.9","1012.5"
"2026-09-22","00:31:42","Clear","Dry","Dark","1.6","22.4","3200","57232","23.0","36%","27.1","","Opened","7.356","38","Safe","Calm","6.5","68","16.7","10.5","1000.9","1012.5"
"2026-09-22","00:31:52","Clear","Dry","Dark","1.6","22.4","3200","57232","23.0","36%","27.2","","Opened","7.520","38","Safe","Calm","6.2","68","16.7","10.5","1001.0","1012.6"
"2026-09-22","00:32:02","Clear","Dry","Dark","1.6","22.4","3200","57232","23.0","36%","27.1","","Opened","7.269","38","Safe","Calm","6.2","68","16.7","10.5","1000.9","1012.5"
"2026-09-22","00:32:12","Clear","Dry","Dark","1.7","22.4","3200","57232","23.0","36%","27.1","","Opened","7.368","38","Safe","Calm","6.4","68","16.7","10.6","1001.0","1012.6"
"2026-09-22","00:32:22","Clear","Dry","Dark","1.6","22.4","3200","57232","23.0","36%","27.1","","Opened","7.315","38","Safe","Calm","6.2","67","16.7","10.6","1000.9","1012.5"
"2026-09-22","00:32:32","Clear","Dry","Dark","1.6","22.4","3200","57232","23.0","36%","27.2","","Opened","7.398","38","Safe","Calm","6.4","67","16.7","10.5","1001.1","1012.7"
"2026-09-22","00:32:42","Clear","Dry","Dark","1.6","22.4","3200","57232","23.0","36%","27.2","","Opened","7.337","38","Safe","Calm","6.2","67","16.7","10.5","1000.9","1012.5"
"2026-09-22","00:32:52","Clear","Dry","Dark","1.6","22.4","3200","57232","23.1","36%","27.2","","Opened","7.526","38","Safe","Calm","6.5","67","16.7","10.5","1000.9","1012.5"
"2026-09-22","00:33:02","Clear","Dry","Dark","1.6","22.4","3200","57232","23.0","36%","27.2","","Opened","7.329","38","Safe","Calm","6.5","67","16.7","10.5","1000.9","1012.5"
"2026-09-22","00:33:12","Clear","Dry","Dark","1.4","22.4","3200","57232","23.1","36%","27.2","","Opened","7.285","38","Safe","Calm","5.9","67","16.7","10.3","1000.9","1012.5"
"2026-09-22","00:33:22","Clear","Dry","Dark","1.6","22.4","3200","57232","23.1","36%","27.2","","Opened","7.379","38","Safe","Calm","6.4","67","16.7","10.5","1000.9","1012.5"
"2026-09-22","00:33:32","Clear","Dry","Dark","1.6","22.4","3200","57232","23.1","36%","27.2","","Opened","7.328","38","Safe","Calm","6.2","67","16.7","10.6","1000.9","1012.5"
"2026-09-22","00:33:42","Clear","Dry","Dark","1.7","22.4","3200","57232","23.1","36%","27.1","","Opened","7.318","38","Safe","Calm","6.6","67","16.7","10.6","1000.9","1012.5"
"2026-09-22","00:33:52","Clear","Dry","Dark","1.6","22.5","3200","57232","23.1","36%","27.1","","Opened","7.497","38","Safe","Calm","6.5","67","16.7","10.5","1000.9","1012.5"
"2026-09-22","00:34:02","Clear","Dry","Dark","1.6","22.5","3200","57232","23.1","36%","27.1","","Opened","7.419","38","Safe","Calm","6.4","67","16.7","10.5","1000.9","1012.5"
"2026-09-22","00:34:12","Clear","Dry","Dark","1.6","22.5","3200","57232","23.1","36%","27.2","","Opened","7.360","38","Safe","Calm","6.6","67","16.7","10.6","1001.0","1012.6"
"2026-09-22","00:34:22","Clear","Dry","Dark","1.6","22.5","3200","57232","23.1","36%","27.2","","Opened","7.325","38","Safe","Calm","6.2","67","16.7","10.5","1000.9","1012.5"
"2026-09-22","00:34:32","Clear","Dry","Dark","1.5","22.5","3200","57232","23.1","36%","27.2","","Opened","7.279","38","Safe","Calm","6.2","67","16.7","10.4","1000.9","1012.5"
"2026-09-22","00:34:42","Clear","Dry","Dark","1.6","22.5","3200","57232","23.1","36%","27.2","","Opened","7.371","38","Safe","Calm","5.7","67","16.7","10.5","1000.9","1012.5"
"2026-09-22","00:34:52","Clear","Dry","Dark","1.7","22.5","3200","57232","23.1","36%","27.3","","Opened","7.554","38","Safe","Calm","5.7","67","16.7","10.7","1000.9","1012.5"
"2026-09-22","00:35:02","Clear","Dry","Dark","1.9","22.5","3200","57232","23.1","36%","27.1","","Opened","7.290","38","Safe","Calm","6.2","67","16.7","10.8","1000.9","1012.5"
"2026-09-22","00:35:12","Clear","Dry","Dark","1.7","22.5","3200","57232","23.1","36%","27.1","","Opened","7.376","38","Safe","Calm","6.4","67","16.6","10.6","1000.9","1012.5"
"2026-09-22","00:35:22","Clear","Dry","Dark","1.5","22.5","3200","57232","23.1","36%","27.1","","Opened","7.348","38","Safe","Calm","6.9","67","16.6","10.5","1000.9","1012.5"
"2026-09-22","00:35:32","Clear","Dry","Dark","1.6","22.5","3200","57232","23.1","36%","27.1","","Opened","7.299","38","Safe","Calm","7.1","67","16.6","10.5","1000.8","1012.4"
"2026-09-22","00:35:42","Clear","Dry","Dark","1.8","22.5","3200","57232","23.1","36%","27.2","","Opened","7.391","38","Safe","Calm","7.1","67","16.6","10.7","1000.9","1012.5"
"2026-09-22","00:35:52","Clear","Dry","Dark","1.7","22.5","3200","57232","23.1","36%","27.2","","Opened","7.548","38","Safe","Calm","6.9","67","16.6","10.7","1000.9","1012.5"
"2026-09-22","00:36:02","Clear","Dry","Dark","1.8","22.5","3200","57232","23.1","36%","27.3","","Opened","7.293","38","Safe","Calm","6.4","67","16.6","10.7","1000.9","1012.5"
"2026-09-22","00:36:12","Clear","Dry","Dark","1.7","22.5","3200","57232","23.1","36%","27.3","","Opened","7.362","38","Safe","Calm","6.2","67","16.6","10.6","1000.9","1012.5"
"2026-09-22","00:36:22","Clear","Dry","Dark","1.7","22.5","3200","57232","23.1","36%","27.3","","Opened","7.337","38","Safe","Calm","5.7","67","16.6","10.6","1000.9","1012.5"
"2026-09-22","00:36:32","Clear","Dry","Dark","1.8","22.6","3200","57232","23.1","36%","27.3","","Opened","7.273","38","Safe","Calm","5.8","67","16.6","10.7","1000.9","1012.5"
"2026-09-22","00:36:42","Clear","Dry","Dark","1.8","22.6","3200","57232","23.1","36%","27.2","","Opened","7.352","38","Safe","Calm","6.2","67","16.6","10.7","1000.9","1012.5"
"2026-09-22","00:36:52","Clear","Dry","Dark","1.8","22.6","3200","57232","23.1","36%","27.2","","Opened","7.490","38","Safe","Windy","6.9","67","16.6","10.8","1000.8","1012.4"
"2026-09-22","00:37:02","Clear","Dry","Dark","1.7","22.6","3200","57232","23.1","36%","27.1","","Opened","7.395","38","Safe","Windy","7.3","67","16.6","10.7","1000.9","1012.5"
"2026-09-22","00:37:12","Clear","Dry","Dark","1.9","22.6","3200","57232","23.1","36%","27.1","","Opened","7.358","38","Safe","Windy","8.0","67","16.6","10.8","1000.8","1012.4"
"2026-09-22","00:37:22","Clear","Dry","Dark","1.6","22.7","3200","57232","23.1","36%","27.0","","Opened","7.316","38","Safe","Windy","8.6","67","16.6","10.5","1000.8","1012.4"
"2026-09-22","00:37:32","Clear","Dry","Dark","1.4","22.7","3200","57232","23.1","36%","26.9","","Opened","7.395","38","Safe","Windy","8.9","67","16.6","10.4","1000.9","1012.5"
"2026-09-22","00:37:42","Clear","Dry","Dark","1.4","22.7","3200","57232","23.1","36%","26.9","","Opened","7.361","38","Safe","Windy","9.0","67","16.6","10.4","1000.9","1012.5"
"2026-09-22","00:37:52","Clear","Dry","Dark","1.4","22.7","3200","57232","23.1","36%","26.9","","Opened","7.498","38","Safe","Calm","8.3","67","16.6","10.3","1000.9","1012.5"
"2026-09-22","00:38:02","Clear","Dry","Dark","1.5","22.7","3200","57232","23.1","36%","26.9","","Opened","7.303","38","Safe","Calm","8.5","67","16.6","10.4","1000.8","1012.4"
"2026-09-22","00:38:12","Clear","Dry","Dark","1.5","22.6","3200","57232","23.1","36%","26.8","Heating UP","Opened","7.515","38","Safe","Calm","8.2","67","16.6","10.4","1000.8","1012.3"
"2026-09-22","00:38:22","Clear","Dry","Dark","1.4","22.6","3200","57232","23.1","37%","26.8","Heating UP","Opened","7.407","38","Safe","Calm","7.9","67","16.6","10.4","1000.8","1012.4"
"2026-09-22","00:38:32","Clear","Dry","Dark","1.3","22.6","3200","57232","23.1","38%","26.9","","Opened","7.281","38","Safe","Calm","7.5","67","16.6","10.3","1000.8","1012.4"
"2026-09-22","00:38:42","Clear","Dry","Dark","1.4","22.6","3200","57232","23.1","38%","26.9","","Opened","7.372","38","Safe","Calm","7.2","67","16.6","10.4","1000.8","1012.3"
"2026-09-22","00:38:52","Clear","Dry","Dark","1.5","22.6","3200","57232","23.1","38%","26.9","","Opened","7.531","38","Safe","Calm","7.1","67","16.6","10.4","1000.9","1012.5"
"2026-09-22","00:39:02","Clear","Dry","Dark","1.6","22.6","3200","57232","23.1","38%","27.0","","Opened","7.410","38","Safe","Calm","6.8","67","16.6","10.5","1000.8","1012.3"
"2026-09-22","00:39:12","Clear","Dry","Dark","1.4","22.6","3200","57232","23.1","38%","27.0","","Opened","7.359","38","Safe","Calm","6.8","67","16.6","10.3","1000.8","1012.4"
"2026-09-22","00:39:22","Clear","Dry","Dark","1.4","22.6","3200","57232","23.1","38%","27.0","","Opened","7.323","38","Safe","Calm","6.6","67","16.6","10.3","1000.8","1012.4"
"2026-09-22","00:39:32","Clear","Dry","Dark","1.3","22.6","3200","57232","23.1","38%","27.1","","Opened","7.402","38","Safe","Calm","6.6","67","16.5","10.2","1000.8","1012.3"
"2026-09-22","00:39:42","Clear","Dry","Dark","1.3","22.6","3200","57232","23.1","38%","27.1","","Opened","7.337","38","Safe","Calm","6.6","67","16.6","10.3","1000.8","1012.4"
"2026-09-22","00:39:52","Clear","Dry","Dark","1.4","22.5","3200","57232","23.1","38%","27.1","","Opened","7.554","38","Safe","Calm","6.8","67","16.6","10.3","1000.8","1012.3"
"2026-09-22","00:40:02","Clear","Dry","Dark","1.3","22.5","3200","57232","23.1","38%","27.1","","Opened","7.416","38","Safe","Calm","6.8","67","16.6","10.2","1000.8","1012.3"
"2026-09-22","00:40:12","Clear","Dry","Dark","1.3","22.5","3200","57232","23.1","38%","27.1","","Opened","7.370","38","Safe","Calm","6.6","67","16.6","10.3","1000.8","1012.4"
"2026-09-22","00:40:22","Clear","Dry","Dark","1.5","22.5","3200","57232","23.1","38%","27.1","","Opened","7.342","38","Safe","Calm","6.9","67","16.6","10.4","1000.8","1012.3"
"2026-09-22","00:40:32","Clear","Dry","Dark","1.2","22.5","3200","57232","23.1","38%","27.1","","Opened","7.300","38","Safe","Calm","6.8","67","16.6","10.2","1000.8","1012.4"
"2026-09-22","00:40:42","Clear","Dry","Dark","1.3","22.5","3200","57232","23.1","38%","27.1","","Opened","7.389","38","Safe","Calm","6.4","67","16.6","10.2","1000.8","1012.4"
"2026-09-22","00:40:52","Clear","Dry","Dark","1.3","22.5","3200","57232","23.1","38%","27.3","","Opened","7.588","38","Safe","Calm","6.2","67","16.6","10.2","1000.9","1012.5"
"2026-09-22","00:41:02","Clear","Dry","Dark","1.3","22.5","3200","57232","23.1","38%","27.2","","Opened","7.344","38","Safe","Calm","6.1","67","16.6","10.3","1000.8","1012.4"
"2026-09-22","00:41:12","Clear","Dry","Dark","1.4","22.5","3200","57232","23.1","38%","27.2","","Opened","7.312","38","Safe","Calm","5.7","67","16.6","10.3","1000.9","1012.5"
"2026-09-22","00:41:22","Clear","Dry","Dark","1.3","22.5","3200","57232","23.1","38%","27.3","","Opened","7.310","38","Safe","Calm","4.3","67","16.6","10.2","1000.8","1012.3"
"2026-09-22","00:41:32","Clear","Dry","Dark","1.2","22.5","3200","57232","23.1","38%","27.5","Heating DOWN","Opened","7.526","38","Safe","Calm","3.4","67","16.6","10.1","1000.8","1012.3"
"2026-09-22","00:41:42","Clear","Dry","Dark","1.4","22.5","3200","57232","23.1","37%","27.6","Heating DOWN","Opened","7.410","38","Safe","Calm","2.8","67","16.6","10.3","1000.8","1012.4"
"2026-09-22","00:41:52","Clear","Dry","Dark","1.1","22.4","3200","57232","23.1","35%","27.6","Heating DOWN","Opened","7.577","38","Safe","Calm","1.8","67","16.6","10.0","1000.8","1012.4"
"2026-09-22","00:42:02","Clear","Dry","Dark","1.0","22.4","3200","57232","23.1","33%","27.7","Heating DOWN","Opened","7.411","38","Safe","Calm","0.8","67","16.6","9.9","1000.8","1012.4"
"2026-09-22","00:42:12","Clear","Dry","Dark","1.0","22.3","3200","57232","23.1","31%","27.9","Heating DOWN","Opened","7.396","38","Safe","Calm","0.0","67","16.6","9.9","1000.8","1012.4"
"2026-09-22","00:42:22","Clear","Dry","Dark","1.1","22.3","3200","57232","23.1","30%","27.9","Heating DOWN","Opened","7.409","38","Safe","Calm","0.0","67","16.6","10.0","1000.8","1012.3"
"2026-09-22","00:42:32","Clear","Dry","Dark","1.0","22.3","3200","57232","23.1","28%","27.7","","Opened","7.286","38","Safe","Calm","0.8","67","16.6","9.9","1000.8","1012.4"
"2026-09-22","00:42:42","Clear","Dry","Dark","1.1","22.3","3200","57232","23.1","28%","27.7","Heating DOWN","Opened","7.512","38","Safe","Calm","0.8","67","16.6","10.0","1000.8","1012.3"
"2026-09-22","00:42:53","Clear","Dry","Dark","1.0","22.3","3200","57232","23.1","26%","27.7","Heating DOWN","Opened","7.683","38","Safe","Calm","0.8","67","16.6","9.9","1000.7","1012.3"
"2026-09-22","00:43:02","Clear","Dry","Dark","1.1","22.2","3200","57232","23.1","24%","27.6","","Opened","7.410","38","Safe","Calm","0.8","67","16.6","10.0","1000.8","1012.3"
"2026-09-22","00:43:12","Clear","Dry","Dark","1.2","22.3","3200","57232","23.1","24%","27.4","","Opened","7.383","38","Safe","Calm","1.6","67","16.6","10.1","1000.8","1012.4"
"2026-09-22","00:43:22","Clear","Dry","Dark","1.1","22.3","3200","57232","23.0","24%","27.2","","Opened","7.358","38","Safe","Calm","2.6","67","16.6","10.0","1000.8","1012.3"
"2026-09-22","00:43:32","Clear","Dry","Dark","1.2","22.3","3200","57232","23.0","24%","27.0","","Opened","7.297","38","Safe","Calm","2.6","67","16.6","10.1","1000.8","1012.4"
"2026-09-22","00:43:42","Clear","Dry","Dark","1.0","22.2","3200","57232","23.0","24%","27.0","","Opened","7.389","38","Safe","Calm","2.6","67","16.6","9.9","1000.8","1012.3"
"2026-09-22","00:43:52","Clear","Dry","Dark","1.1","22.2","3200","57232","23.0","24%","27.0","","Opened","7.545","38","Safe","Calm","3.3","67","16.6","10.0","1000.8","1012.4"
"2026-09-22","00:44:02","Clear","Dry","Dark","1.0","22.2","3200","57232","23.0","24%","26.9","","Opened","7.318","38","Safe","Calm","3.9","67","16.6","9.9","1000.8","1012.4"
"2026-09-22","00:44:12","Clear","Dry","Dark","1.0","22.2","3200","57232","23.0","24%","26.9","","Opened","7.384","38","Safe","Calm","3.1","67","16.6","9.9","1000.8","1012.4"
"2026-09-22","00:44:22","Clear","Dry","Dark","1.2","22.2","3200","57232","23.0","24%","26.8","","Opened","7.334","38","Safe","Calm","2.1","67","16.6","10.1","1000.8","1012.4"
"2026-09-22","00:44:32","Clear","Dry","Dark","1.1","22.2","3200","57232","23.0","24%","26.7","","Opened","7.277","38","Safe","Calm","1.9","67","16.6","10.0","1000.8","1012.4"
"2026-09-22","00:44:42","Clear","Dry","Dark","1.1","22.2","3200","57232","23.0","24%","26.6","Heating UP","Opened","7.472","38","Safe","Calm","2.6","67","16.6","9.9","1000.8","1012.4"
"2026-09-22","00:44:52","Clear","Dry","Dark","1.1","22.1","3200","57232","23.0","25%","26.6","Heating UP","Opened","7.667","38","Safe","Calm","1.9","67","16.6","10.0","1000.8","1012.4"
"2026-09-22","00:45:02","Clear","Dry","Dark","1.2","22.1","3200","57232","23.0","26%","26.5","Heating UP","Opened","7.468","38","Safe","Calm","2.1","67","16.6","10.1","1000.8","1012.4"
"2026-09-22","00:45:12","Clear","Dry","Dark","1.0","22.1","3200","57232","22.9","27%","26.5","Heating UP","Opened","7.478","38","Safe","Calm","2.7","67","16.6","9.9","1000.8","1012.4"
"2026-09-22","00:45:22","Clear","Dry","Dark","1.0","22.1","3200","57232","22.9","28%","26.5","Heating UP","Opened","7.495","38","Safe","Calm","2.7","67","16.6","9.9","1000.9","1012.5"
"2026-09-22","00:45:32","Clear","Dry","Dark","1.1","22.1","3200","57232","22.9","29%","26.5","Heating UP","Opened","7.515","38","Safe","Calm","3.1","67","16.5","10.0","1000.7","1012.3"
"2026-09-22","00:45:42","Clear","Dry","Dark","1.1","22.1","3200","57232","22.9","30%","26.4","Heating UP","Opened","7.387","38","Safe","Calm","3.5","67","16.6","9.9","1000.8","1012.4"
"2026-09-22","00:45:52","Clear","Dry","Dark","1.2","22.1","3200","57232","22.9","31%","26.4","Heating UP","Opened","7.538","38","Safe","Calm","4.6","67","16.6","10.0","1000.7","1012.3"
"2026-09-22","00:46:02","Clear","Dry","Dark","1.1","22.1","3200","57232","22.9","33%","26.4","Heating UP","Opened","7.500","38","Safe","Calm","4.7","67","16.6","9.9","1000.7","1012.3"
"2026-09-22","00:46:12","Clear","Dry","Dark","1.2","22.1","3200","57232","22.9","35%","26.4","Heating UP","Opened","7.480","38","Safe","Calm","5.0","67","16.6","10.0","1000.7","1012.3"
"2026-09-22","00:46:22","Clear","Dry","Dark","1.2","22.1","3200","57232","22.9","37%","26.4","Heating UP","Opened","7.487","38","Safe","Calm","5.9","67","16.5","10.0","1000.6","1012.2"
"2026-09-22","00:46:32","Clear","Dry","Dark","1.1","22.1","3200","57232","22.9","39%","26.5","","Opened","7.359","38","Safe","Calm","5.8","67","16.6","9.9","1000.6","1012.2"
"2026-09-22","00:46:42","Clear","Dry","Dark","1.2","22.1","3200","57232","22.9","39%","26.5","Heating UP","Opened","7.422","38","Safe","Calm","5.7","68","16.5","10.0","1000.6","1012.2"
"2026-09-22","00:46:52","Clear","Dry","Dark","1.2","22.1","3200","57232","22.9","40%","26.6","","Opened","7.543","38","Safe","Calm","5.2","68","16.5","10.0","1000.6","1012.2"
"2026-09-22","00:47:02","Clear","Dry","Dark","1.1","22.1","3200","57232","22.9","40%","26.7","","Opened","7.429","38","Safe","Calm","4.3","68","16.5","9.9","1000.6","1012.2"
"2026-09-22","00:47:12","Clear","Dry","Dark","1.1","22.1","3200","57232","22.9","40%","26.8","","Opened","7.357","38","Safe","Calm","4.3","68","16.6","9.9","1000.6","1012.2"
"2026-09-22","00:47:22","Clear","Dry","Dark","1.4","22.1","3243","57232","22.8","40%","26.8","","Opened","7.310","38","Safe","Calm","4.6","68","16.5","10.2","1000.7","1012.3"
"2026-09-22","00:47:32","Clear","Dry","Dark","1.2","22.2","3242","57232","22.8","40%","26.7","","Opened","7.403","38","Safe","Calm","5.2","68","16.5","10.0","1000.6","1012.2"
"2026-09-22","00:47:42","Clear","Dry","Dark","1.5","22.2","3208","57232","22.8","40%","26.6","","Opened","7.344","38","Safe","Calm","5.7","68","16.5","10.3","1000.6","1012.2"
"2026-09-22","00:47:52","Clear","Dry","Dark","1.3","22.2","3243","57232","22.8","40%","26.6","","Opened","7.603","38","Safe","Calm","6.1","67","16.5","10.1","1000.6","1012.2"
"2026-09-22","00:48:02","Clear","Dry","Dark","1.3","22.3","3242","57232","22.8","40%","26.7","","Opened","7.322","38","Safe","Calm","7.1","67","16.5","10.1","1000.6","1012.2"
"2026-09-22","00:48:12","Clear","Dry","Dark","1.4","22.3","3243","57232","22.8","40%","26.8","","Opened","7.346","38","Safe","Calm","7.3","67","16.5","10.2","1000.6","1012.2"
"2026-09-22","00:48:22","Clear","Dry","Dark","1.3","22.3","3237","57232","22.8","40%","26.8","","Opened","7.304","38","Safe","Calm","7.1","67","16.5","10.0","1000.7","1012.3"
"2026-09-22","00:48:32","Clear","Dry","Dark","1.1","22.3","3245","57232","22.8","40%","26.8","","Opened","7.419","38","Safe","Calm","6.8","68","16.5","9.9","1000.8","1012.4"
"2026-09-22","00:48:42","Clear","Dry","Dark","1.2","22.3","3243","57232","22.8","40%","26.8","","Opened","7.365","38","Safe","Calm","6.4","68","16.5","10.0","1000.8","1012.4"
"2026-09-22","00:48:52","Clear","Dry","Dark","1.1","22.3","3238","57232","22.8","40%","26.8","","Opened","7.517","38","Safe","Calm","6.6","68","16.5","9.9","1000.7","1012.3"
"2026-09-22","00:49:02","Clear","Dry","Dark","1.2","22.3","3243","57232","22.8","40%","26.8","","Opened","7.422","38","Safe","Calm","7.1","68","16.5","9.9","1000.7","1012.3"
"2026-09-22","00:49:12","Clear","Dry","Dark","1.2","22.3","3243","57232","22.8","40%","26.8","","Opened","7.378","38","Safe","Calm","7.1","68","16.5","9.9","1000.7","1012.3"
"2026-09-22","00:49:22","Clear","Dry","Dark","1.3","22.3","3235","57232","22.8","40%","26.8","","Opened","7.351","38","Safe","Calm","7.3","68","16.5","10.0","1000.7","1012.3"
"2026-09-22","00:49:32","Clear","Dry","Dark","1.2","22.3","3243","57232","22.8","40%","26.8","","Opened","7.294","38","Safe","Calm","7.3","68","16.5","10.0","1000.7","1012.3"
"2026-09-22","00:49:42","Clear","Dry","Dark","1.0","22.3","3243","57232","22.8","40%","26.9","","Opened","7.304","38","Safe","Calm","7.2","68","16.5","9.8","1000.7","1012.3"
"2026-09-22","00:49:52","Clear","Dry","Dark","1.0","22.3","3243","57232","22.8","40%","27.0","","Opened","7.560","38","Safe","Calm","6.8","68","16.5","9.7","1000.7","1012.3"
"2026-09-22","00:50:02","Clear","Dry","Dark","1.1","22.3","3241","57232","22.8","40%","27.0","","Opened","7.311","38","Safe","Calm","6.2","68","16.5","9.8","1000.8","1012.4"
"2026-09-22","00:50:12","Clear","Dry","Dark","1.1","22.2","3243","57232","22.8","40%","27.1","Heating DOWN","Opened","7.495","38","Safe","Calm","5.7","68","16.5","9.9","1000.8","1012.4"
"2026-09-22","00:50:22","Clear","Dry","Dark","1.1","22.3","3200","57232","22.8","39%","27.2","Heating DOWN","Opened","7.482","38","Safe","Calm","5.1","68","16.5","9.9","1000.7","1012.3"
"2026-09-22","00:50:32","Clear","Dry","Dark","1.0","22.2","3200","57232","22.8","38%","27.2","Heating DOWN","Opened","7.487","38","Safe","Calm","4.5","68","16.5","9.8","1000.7","1012.3"
"2026-09-22","00:50:42","Clear","Dry","Dark","1.0","22.3","3200","57232","22.8","37%","27.2","Heating DOWN","Opened","7.513","38","Safe","Calm","3.6","68","16.5","9.7","1000.7","1012.3"
"2026-09-22","00:50:53","Clear","Dry","Dark","1.0","22.2","3200","57232","22.8","36%","27.3","Heating DOWN","Opened","7.685","38","Safe","Calm","2.7","68","16.5","9.8","1000.7","1012.3"
"2026-09-22","00:51:02","Clear","Dry","Dark","0.9","22.2","3200","57232","22.8","35%","27.4","Heating DOWN","Opened","7.506","38","Safe","Calm","1.9","68","16.5","9.7","1000.7","1012.3"
"2026-09-22","00:51:12","Clear","Dry","Dark","0.9","22.2","3200","57232","22.8","33%","27.6","Heating DOWN","Opened","7.517","38","Safe","Calm","1.9","68","16.6","9.7","1000.7","1012.3"
"2026-09-22","00:51:22","Clear","Dry","Dark","0.9","22.2","3200","57232","22.8","31%","27.5","","Opened","7.396","38","Safe","Calm","1.9","68","16.6","9.7","1000.8","1012.4"
"2026-09-22","00:51:32","Clear","Dry","Dark","0.9","22.1","3200","57232","22.8","31%","27.5","Heating DOWN","Opened","7.448","38","Safe","Calm","1.3","68","16.5","9.7","1000.6","1012.2"
"2026-09-22","00:51:42","Clear","Dry","Dark","0.9","22.1","3200","57232","22.8","30%","27.4","","Opened","7.370","38","Safe","Calm","2.1","68","16.6","9.7","1000.6","1012.2"
"2026-09-22","00:51:53","Clear","Dry","Dark","0.9","22.1","3200","57232","22.8","30%","27.3","","Opened","8.241","38","Safe","Calm","2.7","68","16.6","9.7","1000.7","1012.3"
"2026-09-22","00:52:02","Clear","Dry","Dark","0.9","22.1","3200","57232","22.8","30%","27.2","","Opened","7.440","38","Safe","Calm","3.3","68","16.6","9.7","1000.8","1012.4"
"2026-09-22","00:52:12","Clear","Dry","Dark","0.9","22.0","3200","57232","22.7","30%","27.1","","Opened","7.301","38","Safe","Calm","3.3","68","16.6","9.6","1000.7","1012.3"
"2026-09-22","00:52:22","Clear","Dry","Dark","0.8","22.0","3200","57232","22.7","30%","27.0","","Opened","7.277","38","Safe","Calm","3.3","68","16.6","9.6","1000.7","1012.3"
"2026-09-22","00:52:32","Clear","Dry","Dark","0.8","22.0","3200","57232","22.7","30%","27.0","","Opened","7.352","38","Safe","Calm","3.3","68","16.6","9.6","1000.6","1012.2"
"2026-09-22","00:52:42","Clear","Dry","Dark","0.9","22.0","3200","57232","22.7","30%","27.0","","Opened","7.294","38","Safe","Calm","2.6","68","16.6","9.6","1000.7","1012.3"
"2026-09-22","00:52:53","Clear","Dry","Dark","0.8","22.0","3200","57232","22.7","30%","27.0","Heating DOWN","Opened","7.692","38","Safe","Calm","1.9","68","16.5","9.5","1000.7","1012.3"
"2026-09-22","00:53:02","Clear","Dry","Dark","0.8","21.9","3200","57232","22.7","29%","26.9","","Opened","7.287","38","Safe","Calm","1.3","68","16.5","9.5","1000.7","1012.3"
"2026-09-22","00:53:12","Clear","Dry","Dark","0.9","21.9","3200","57232","22.7","29%","26.8","","Opened","7.278","38","Safe","Calm","1.6","68","16.6","9.6","1000.7","1012.3"
"2026-09-22","00:53:22","Clear","Dry","Dark","0.9","21.9","3200","57232","22.7","29%","26.7","","Opened","7.401","38","Safe","Calm","1.6","68","16.5","9.6","1000.7","1012.3"
"2026-09-22","00:53:32","Clear","Dry","Dark","0.9","21.9","3200","57232","22.7","29%","26.8","","Opened","7.371","38","Safe","Calm","1.6","68","16.5","9.6","1000.6","1012.2"
"2026-09-22","00:53:42","Clear","Dry","Dark","0.9","21.8","3200","57232","22.6","29%","26.8","","Opened","7.316","38","Safe","Calm","2.2","68","16.5","9.6","1000.7","1012.3"
"2026-09-22","00:53:52","Clear","Dry","Dark","0.9","21.8","3200","57232","22.6","29%","26.8","","Opened","7.642","38","Safe","Calm","2.8","68","16.5","9.6","1000.7","1012.3"
"2026-09-22","00:54:02","Clear","Dry","Dark","0.8","21.8","3200","57232","22.6","29%","26.8","","Opened","7.388","38","Safe","Calm","3.5","68","16.5","9.5","1000.6","1012.2"
"2026-09-22","00:54:12","Clear","Dry","Dark","0.9","21.8","3200","57232","22.6","29%","26.7","","Opened","7.322","38","Safe","Calm","3.2","68","16.5","9.6","1000.6","1012.2"
"2026-09-22","00:54:22","Clear","Dry","Dark","1.0","21.8","3200","57232","22.6","29%","26.7","","Opened","7.280","38","Safe","Calm","3.2","68","16.5","9.7","1000.8","1012.4"
"2026-09-22","00:54:32","Clear","Dry","Dark","1.2","21.8","3200","57232","22.6","29%","26.7","","Opened","7.399","38","Safe","Calm","4.1","68","16.5","9.8","1000.6","1012.2"
"2026-09-22","00:54:42","Clear","Dry","Dark","1.2","21.8","3200","57232","22.6","29%","26.5","","Opened","7.344","38","Safe","Calm","4.4","68","16.5","9.9","1000.7","1012.3"
"2026-09-22","00:54:52","Clear","Dry","Dark","1.1","21.8","3200","57232","22.6","29%","26.5","","Opened","7.482","38","Safe","Calm","4.7","69","16.5","9.8","1000.6","1012.2"
"2026-09-22","00:55:02","Clear","Dry","Dark","1.2","21.8","3200","57232","22.6","29%","26.4","","Opened","7.401","38","Safe","Calm","4.8","69","16.5","9.8","1000.6","1012.2"
"2026-09-22","00:55:12","Clear","Dry","Dark","1.3","21.7","3200","57232","22.5","29%","26.4","","Opened","7.309","38","Safe","Calm","5.0","69","16.5","9.9","1000.6","1012.2"
"2026-09-22","00:55:22","Clear","Dry","Dark","1.2","21.8","3200","57232","22.5","29%","26.3","","Opened","7.400","38","Safe","Calm","5.2","69","16.5","9.8","1000.7","1012.3"
"2026-09-22","00:55:32","Clear","Dry","Dark","1.2","21.8","3200","57232","22.5","29%","26.3","","Opened","7.353","38","Safe","Calm","5.1","69","16.5","9.9","1000.8","1012.4"
"2026-09-22","00:55:42","Clear","Dry","Dark","1.3","21.8","3200","57232","22.5","29%","26.2","Heating UP","Opened","7.429","38","Safe","Calm","5.2","69","16.5","9.9","1000.6","1012.2"
"2026-09-22","00:55:52","Clear","Dry","Dark","1.3","21.8","3200","57232","22.5","30%","26.1","Heating UP","Opened","7.617","38","Safe","Calm","5.5","69","16.5","9.9","1000.8","1012.4"
"2026-09-22","00:56:02","Clear","Dry","Dark","1.2","21.8","3200","57232","22.5","30%","26.0","Heating UP","Opened","7.453","38","Safe","Calm","5.5","69","16.5","9.8","1000.6","1012.2"
"2026-09-22","00:56:12","Clear","Dry","Dark","1.2","21.7","3200","57232","22.5","31%","26.1","","Opened","7.335","38","Safe","Calm","5.5","69","16.5","9.8","1000.6","1012.2"
"2026-09-22","00:56:22","Clear","Dry","Dark","1.4","21.7","3200","57232","22.5","31%","26.1","Heating UP","Opened","7.424","38","Safe","Calm","5.2","69","16.5","10.0","1000.8","1012.4"
"2026-09-22","00:56:32","Clear","Dry","Dark","1.3","21.7","3200","57232","22.4","32%","26.1","Heating UP","Opened","7.414","38","Safe","Calm","5.2","69","16.5","9.9","1000.6","1012.2"
"2026-09-22","00:56:42","Clear","Dry","Dark","1.4","21.7","3200","57232","22.4","33%","26.2","","Opened","7.325","38","Safe","Calm","4.2","69","16.5","10.0","1000.7","1012.3"
"2026-09-22","00:56:52","Clear","Dry","Dark","1.4","21.7","3200","57232","22.4","33%","26.2","","Opened","7.476","38","Safe","Calm","3.6","69","16.5","10.0","1000.7","1012.3"
"2026-09-22","00:57:02","Clear","Dry","Dark","1.5","21.7","3200","57232","22.4","33%","26.2","","Opened","7.344","38","Safe","Calm","3.5","69","16.4","10.0","1000.6","1012.2"
"2026-09-22","00:57:12","Clear","Dry","Dark","1.5","21.7","3200","57232","22.4","33%","26.3","","Opened","7.313","38","Safe","Calm","3.6","69","16.4","10.0","1000.6","1012.2"
"2026-09-22","00:57:22","Clear","Dry","Dark","1.6","21.7","3200","57232","22.4","33%","26.3","","Opened","7.400","38","Safe","Calm","3.9","69","16.5","10.1","1000.6","1012.2"
"2026-09-22","00:57:32","Clear","Dry","Dark","1.5","21.7","3200","57232","22.4","33%","26.3","","Opened","7.387","38","Safe","Calm","3.9","69","16.5","10.1","1000.6","1012.2"
"2026-09-22","00:57:42","Clear","Dry","Dark","1.6","21.7","3200","57232","22.4","33%","26.4","","Opened","7.322","38","Safe","Calm","4.7","69","16.5","10.1","1000.6","1012.2"
"2026-09-22","00:57:52","Clear","Dry","Dark","1.5","21.7","3200","57232","22.4","33%","26.4","","Opened","7.616","38","Safe","Calm","4.8","69","16.5","10.1","1000.6","1012.2"
"2026-09-22","00:58:02","Clear","Dry","Dark","1.6","21.7","3200","57232","22.4","33%","26.4","","Opened","7.436","38","Safe","Calm","5.1","69","16.5","10.2","1000.7","1012.3"
"2026-09-22","00:58:12","Clear","Dry","Dark","2.0","21.7","3200","57232","22.4","33%","26.4","","Opened","7.349","38","Safe","Calm","5.4","69","16.5","10.5","1000.7","1012.3"
"2026-09-22","00:58:22","Clear","Dry","Dark","1.9","21.8","3200","57232","22.4","33%","26.4","","Opened","7.286","38","Safe","Calm","5.2","69","16.4","10.4","1000.6","1012.2"
"2026-09-22","00:58:32","Clear","Dry","Dark","1.8","21.8","3200","57232","22.4","33%","26.4","","Opened","7.413","38","Safe","Calm","5.2","69","16.4","10.4","1000.7","1012.3"
"2026-09-22","00:58:42","Clear","Dry","Dark","1.9","21.8","3200","57232","22.4","33%","26.5","","Opened","7.339","38","Safe","Calm","5.2","69","16.4","10.4","1000.8","1012.4"
"2026-09-22","00:58:52","Clear","Dry","Dark","1.7","21.8","3200","57232","22.4","33%","26.5","","Opened","7.449","38","Safe","Calm","5.1","69","16.4","10.2","1000.6","1012.2"
"2026-09-22","00:59:02","Clear","Dry","Dark","1.6","21.8","3200","57232","22.4","33%","26.6","","Opened","7.371","38","Safe","Calm","4.2","69","16.4","10.2","1000.6","1012.2"
"2026-09-22","00:59:12","Clear","Dry","Dark","1.8","21.8","3200","57232","22.4","33%","26.7","","Opened","7.351","38","Safe","Calm","3.6","69","16.5","10.4","1000.6","1012.2"
"2026-09-22","00:59:22","Clear","Dry","Dark","1.7","21.8","3200","57232","22.4","33%","26.7","","Opened","7.301","38","Safe","Calm","2.8","69","16.5","10.3","1000.6","1012.2"
"2026-09-22","00:59:32","Clear","Dry","Dark","1.7","21.8","3200","57232","22.4","33%","26.7","","Opened","7.403","38","Safe","Calm","2.7","69","16.5","10.3","1000.7","1012.3"
"2026-09-22","00:59:42","Clear","Dry","Dark","2.0","21.8","3200","57232","22.4","33%","26.7","","Opened","7.331","38","Safe","Calm","2.6","69","16.5","10.6","1000.6","1012.2"
"2026-09-22","00:59:52","Clear","Dry","Dark","1.8","21.8","3200","57232","22.4","33%","26.7","","Opened","7.507","38","Safe","Calm","2.6","69","16.4","10.4","1000.6","1012.2"
"2026-09-22","01:00:02","Clear","Dry","Dark","1.7","21.8","3200","57232","22.5","33%","26.8","Heating DOWN","Opened","7.462","38","Safe","Calm","2.6","69","16.5","10.3","1000.6","1012.2"
"2026-09-22","01:00:12","Clear","Dry","Dark","1.9","21.8","3200","57232","22.5","32%","26.9","Heating DOWN","Opened","7.460","38","Safe","Calm","1.9","69","16.5","10.5","1000.6","1012.2"
"2026-09-22","01:00:22","Clear","Dry","Dark","1.9","21.8","3200","57232","22.5","31%","26.8","","Opened","7.371","38","Safe","Calm","2.6","69","16.5","10.5","1000.7","1012.3"
"2026-09-22","01:00:32","Clear","Dry","Dark","2.0","21.8","3200","57232","22.5","31%","26.8","Heating DOWN","Opened","7.463","38","Safe","Calm","3.0","69","16.4","10.6","1000.6","1012.2"
"2026-09-22","01:00:42","Clear","Dry","Dark","1.8","21.8","3200","57232","22.5","30%","26.7","","Opened","7.356","38","Safe","Calm","3.1","69","16.4","10.4","1000.6","1012.2"
"2026-09-22","01:00:52","Clear","Dry","Dark","1.9","21.8","3200","57232","22.5","30%","26.8","","Opened","7.566","38","Safe","Calm","3.1","69","16.4","10.4","1000.6","1012.2"
"2026-09-22","01:01:02","Clear","Dry","Dark","1.9","21.8","3200","57232","22.5","30%","26.8","Heating DOWN","Opened","7.421","38","Safe","Calm","3.8","69","16.4","10.5","1000.6","1012.2"
"2026-09-22","01:01:12","Clear","Dry","Dark","1.8","21.8","3200","57232","22.5","30%","26.8","","Opened","7.286","38","Safe","Calm","3.8","69","16.5","10.4","1000.6","1012.2"
"2026-09-22","01:01:22","Clear","Dry","Dark","2.0","21.8","3200","57232","22.5","30%","26.8","","Opened","7.380","38","Safe","Calm","3.9","69","16.5","10.6","1000.6","1012.2"
"2026-09-22","01:01:32","Clear","Dry","Dark","1.9","21.8","3200","57232","22.5","30%","26.7","","Opened","7.314","38","Safe","Calm","3.6","69","16.5","10.5","1000.6","1012.2"
"2026-09-22","01:01:42","Clear","Dry","Dark","1.9","21.8","3200","57232","22.5","30%","26.7","","Opened","7.390","38","Safe","Calm","3.5","69","16.4","10.5","1000.6","1012.2"
"2026-09-22","01:01:52","Clear","Dry","Dark","1.8","21.8","3200","57232","22.5","30%","26.7","","Opened","7.492","38","Safe","Calm","3.5","69","16.5","10.5","1000.6","1012.2"
"2026-09-22","01:02:02","Clear","Dry","Dark","2.2","21.9","3200","57232","22.5","30%","26.7","","Opened","7.289","38","Safe","Calm","3.5","69","16.4","10.8","1000.6","1012.2"
"2026-09-22","01:02:12","Clear","Dry","Dark","2.3","21.9","3200","57232","22.5","30%","26.6","","Opened","7.394","38","Safe","Calm","4.3","68","16.4","10.9","1000.6","1012.2"
"2026-09-22","01:02:22","Clear","Dry","Dark","2.2","21.9","3200","57232","22.5","30%","26.6","","Opened","7.353","38","Safe","Calm","4.3","68","16.4","10.8","1000.6","1012.2"
"2026-09-22","01:02:32","Clear","Dry","Dark","2.1","21.9","3200","57232","22.5","30%","26.7","","Opened","7.318","38","Safe","Calm","4.1","68","16.4","10.7","1000.6","1012.2"
"2026-09-22","01:02:42","Clear","Dry","Dark","2.1","21.9","3200","57232","22.5","30%","26.7","","Opened","7.428","38","Safe","Calm","3.5","68","16.4","10.7","1000.6","1012.2"
"2026-09-22","01:02:52","Clear","Dry","Dark","2.0","21.9","3200","57232","22.5","30%","26.8","","Opened","7.540","38","Safe","Calm","3.5","68","16.4","10.6","1000.6","1012.2"
"2026-09-22","01:03:02","Clear","Dry","Dark","2.0","21.9","3200","57232","22.6","30%","26.8","","Opened","7.338","38","Safe","Calm","2.8","68","16.4","10.6","1000.7","1012.3"
"2026-09-22","01:03:12","Clear","Dry","Dark","2.0","21.9","3200","57232","22.6","30%","26.8","","Opened","7.268","38","Safe","Calm","2.1","68","16.4","10.7","1000.7","1012.3"
"2026-09-22","01:03:22","Clear","Dry","Dark","2.1","21.9","3200","57232","22.6","30%","26.9","Heating DOWN","Opened","7.502","38","Safe","Calm","1.3","68","16.4","10.7","1000.5","1012.1"
"2026-09-22","01:03:32","Clear","Dry","Dark","2.0","21.9","3200","57232","22.6","29%","26.9","","Opened","7.399","38","Safe","Calm","1.4","68","16.4","10.6","1000.6","1012.2"
"2026-09-22","01:03:42","Clear","Dry","Dark","2.1","21.9","3200","57232","22.6","29%","26.9","Heating DOWN","Opened","7.467","38","Safe","Calm","2.1","68","16.4","10.7","1000.6","1012.2"
"2026-09-22","01:03:52","Clear","Dry","Dark","2.1","21.9","3200","57232","22.6","28%","26.8","","Opened","7.525","38","Safe","Calm","2.2","68","16.4","10.7","1000.6","1012.2"
"2026-09-22","01:04:02","Clear","Dry","Dark","2.3","21.9","3200","57232","22.6","28%","26.7","","Opened","7.326","38","Safe","Calm","3.1","68","16.4","11.0","1000.6","1012.2"
"2026-09-22","01:04:12","Clear","Dry","Dark","2.1","22.0","3200","57232","22.6","28%","26.7","","Opened","7.319","38","Safe","Calm","3.8","68","16.4","10.8","1000.6","1012.2"
"2026-09-22","01:04:22","Clear","Dry","Dark","2.1","22.0","3200","57232","22.6","28%","26.7","","Opened","7.441","38","Safe","Calm","3.8","68","16.4","10.8","1000.6","1012.2"
"2026-09-22","01:04:32","Clear","Dry","Dark","2.2","22.0","3200","57232","22.6","28%","26.8","","Opened","7.422","38","Safe","Calm","3.0","68","16.4","10.9","1000.6","1012.2"
"2026-09-22","01:04:42","Clear","Dry","Dark","2.2","22.0","3200","57232","22.6","28%","26.7","","Opened","7.342","38","Safe","Calm","2.3","68","16.4","10.9","1000.6","1012.2"
"2026-09-22","01:04:52","Clear","Dry","Dark","2.4","22.0","3200","57232","22.6","28%","26.8","","Opened","7.444","38","Safe","Calm","2.2","68","16.4","11.1","1000.6","1012.2"
"2026-09-22","01:05:02","Clear","Dry","Dark","2.3","22.0","3200","57232","22.6","28%","26.7","","Opened","7.405","38","Safe","Calm","1.9","68","16.4","11.0","1000.6","1012.2"
"2026-09-22","01:05:12","Clear","Dry","Dark","2.4","22.0","3200","57232","22.7","28%","26.8","","Opened","7.321","38","Safe","Calm","2.1","68","16.4","11.1","1000.6","1012.2"
"2026-09-22","01:05:22","Clear","Dry","Dark","2.5","22.0","3200","57232","22.7","28%","26.8","","Opened","7.272","38","Safe","Calm","2.8","67","16.4","11.2","1000.6","1012.2"
"2026-09-22","01:05:32","Clear","Dry","Dark","2.7","22.1","3200","57232","22.7","28%","26.7","","Opened","7.381","38","Safe","Calm","3.8","67","16.3","11.4","1000.6","1012.2"
"2026-09-22","01:05:42","Clear","Dry","Dark","2.5","22.1","3200","57232","22.7","28%","26.7","","Opened","7.326","38","Safe","Calm","4.5","67","16.2","11.2","1000.6","1012.2"
"2026-09-22","01:05:52","Clear","Dry","Dark","2.3","22.1","3200","57232","22.7","28%","26.8","","Opened","7.582","38","Safe","Calm","4.5","67","16.3","11.0","1000.6","1012.2"
"2026-09-22","01:06:02","Clear","Dry","Dark","2.4","22.2","3200","57232","22.8","28%","26.8","","Opened","7.410","38","Safe","Calm","4.5","67","16.3","11.2","1000.6","1012.2"
"2026-09-22","01:06:12","Clear","Dry","Dark","2.3","22.2","3200","57232","22.8","28%","26.8","","Opened","7.311","38","Safe","Calm","4.4","67","16.3","11.0","1000.6","1012.2"
"2026-09-22","01:06:22","Clear","Dry","Dark","2.2","22.2","3200","57232","22.8","28%","26.9","","Opened","7.331","38","Safe","Calm","3.6","67","16.3","10.9","1000.6","1012.2"
"2026-09-22","01:06:32","Clear","Dry","Dark","2.1","22.2","3200","57232","22.8","28%","26.9","","Opened","7.274","38","Safe","Calm","2.7","67","16.3","10.9","1000.6","1012.2"
"2026-09-22","01:06:42","Clear","Dry","Dark","2.0","22.2","3200","57232","22.8","28%","26.9","","Opened","7.368","38","Safe","Calm","1.9","67","16.3","10.8","1000.6","1012.2"
"2026-09-22","01:06:52","Clear","Dry","Dark","2.0","22.1","3200","57232","22.8","28%","26.9","","Opened","7.522","38","Safe","Calm","1.9","67","16.4","10.8","1000.6","1012.2"
"2026-09-22","01:07:02","Clear","Dry","Dark","1.9","22.1","3200","57232","22.8","28%","26.9","","Opened","7.277","38","Safe","Calm","1.9","67","16.3","10.7","1000.6","1012.2"
"2026-09-22","01:07:12","Clear","Dry","Dark","2.2","22.1","3200","57232","22.8","28%","26.8","","Opened","7.352","38","Safe","Calm","2.3","67","16.4","11.0","1000.6","1012.2"
"2026-09-22","01:07:22","Clear","Dry","Dark","2.1","22.1","3200","57232","22.8","28%","26.7","","Opened","7.324","38","Safe","Calm","3.4","67","16.3","10.9","1000.7","1012.3"
"2026-09-22","01:07:32","Clear","Dry","Dark","2.0","22.2","3200","57232","22.9","28%","26.7","","Opened","7.283","38","Safe","Calm","4.2","67","16.3","10.8","1000.6","1012.2"
"2026-09-22","01:07:42","Clear","Dry","Dark","2.1","22.2","3200","57232","22.9","28%","26.6","Heating UP","Opened","7.487","38","Safe","Calm","5.2","67","16.4","10.9","1000.6","1012.2"
"2026-09-22","01:07:53","Clear","Dry","Dark","1.9","22.2","3200","57232","22.9","29%","26.6","Heating UP","Opened","7.684","38","Safe","Calm","5.4","67","16.3","10.7","1000.6","1012.2"
"2026-09-22","01:08:02","Clear","Dry","Dark","2.1","22.2","3200","57232","22.9","30%","26.6","","Opened","7.418","38","Safe","Calm","5.5","67","16.3","10.9","1000.6","1012.2"
"2026-09-22","01:08:12","Clear","Dry","Dark","1.9","22.2","3200","57232","22.9","30%","26.6","Heating UP","Opened","7.473","38","Safe","Calm","5.2","67","16.3","10.7","1000.6","1012.2"
"2026-09-22","01:08:22","Clear","Dry","Dark","1.9","22.2","3200","57232","22.9","30%","26.6","Heating UP","Opened","7.493","38","Safe","Calm","4.8","67","16.4","10.7","1000.6","1012.2"
"2026-09-22","01:08:32","Clear","Dry","Dark","2.0","22.1","3200","57232","22.9","31%","26.6","Heating UP","Opened","7.500","38","Safe","Calm","4.7","67","16.4","10.8","1000.6","1012.2"
"2026-09-22","01:08:42","Clear","Dry","Dark","2.1","22.1","3200","57232","22.9","32%","26.6","Heating UP","Opened","7.495","38","Safe","Calm","4.4","67","16.4","10.9","1000.7","1012.3"
"2026-09-22","01:08:53","Clear","Dry","Dark","2.1","22.1","3200","57232","22.9","33%","26.7","","Opened","7.678","38","Safe","Calm","4.3","67","16.4","10.9","1000.5","1012.1"
"2026-09-22","01:09:02","Clear","Dry","Dark","2.1","22.1","3200","57232","22.9","33%","26.7","","Opened","7.428","38","Safe","Calm","4.1","67","16.4","11.0","1000.6","1012.2"
"2026-09-22","01:09:12","Clear","Dry","Dark","2.1","22.1","3200","57232","22.9","33%","26.8","","Opened","7.358","38","Safe","Calm","3.3","67","16.4","10.9","1000.6","1012.2"
"2026-09-22","01:09:22","Clear","Dry","Dark","2.0","22.1","3200","57232","22.9","33%","26.9","","Opened","7.295","38","Safe","Calm","3.3","67","16.4","10.8","1000.6","1012.2"
"2026-09-22","01:09:32","Clear","Dry","Dark","2.2","22.1","3200","57232","22.9","33%","26.9","","Opened","7.415","38","Safe","Calm","3.5","67","16.4","11.0","1000.5","1012.1"
"2026-09-22","01:09:42","Clear","Dry","Dark","2.1","22.1","3200","57232","22.9","33%","27.0","","Opened","7.407","38","Safe","Calm","2.7","67","16.4","10.9","1000.6","1012.2"
"2026-09-22","01:09:52","Clear","Dry","Dark","2.0","22.2","3200","57232","22.9","33%","27.0","","Opened","7.524","38","Safe","Calm","2.7","67","16.4","10.8","1000.6","1012.2"
"2026-09-22","01:10:02","Clear","Dry","Dark","2.0","22.1","3200","57232","22.9","33%","27.1","","Opened","7.325","38","Safe","Calm","2.7","67","16.4","10.8","1000.6","1012.2"
"2026-09-22","01:10:12","Clear","Dry","Dark","2.0","22.1","3200","57232","22.9","33%","27.1","","Opened","7.403","38","Safe","Calm","2.7","67","16.4","10.9","1000.6","1012.2"
"2026-09-22","01:10:22","Clear","Dry","Dark","2.1","22.1","3200","57232","22.9","33%","27.2","","Opened","7.385","38","Safe","Calm","2.1","67","16.4","10.9","1000.6","1012.2"
"2026-09-22","01:10:32","Clear","Dry","Dark","2.0","22.1","3200","57232","22.9","33%","27.2","","Opened","7.337","38","Safe","Calm","1.9","66","16.4","10.9","1000.6","1012.2"
"2026-09-22","01:10:42","Clear","Dry","Dark","2.1","22.2","3200","57232","22.9","33%","27.1","","Opened","7.340","38","Safe","Calm","2.7","66","16.4","11.0","1000.6","1012.2"
"2026-09-22","01:10:52","Clear","Dry","Dark","2.1","22.2","3200","57232","22.9","33%","27.2","","Opened","7.649","38","Safe","Calm","2.8","66","16.4","11.0","1000.6","1012.2"
"2026-09-22","01:11:02","Clear","Dry","Dark","2.5","22.2","3200","57232","22.9","33%","27.1","","Opened","7.316","38","Safe","Calm","3.4","66","16.3","11.3","1000.5","1012.1"
"2026-09-22","01:11:12","Clear","Dry","Dark","2.3","22.2","3200","57232","22.9","33%","27.1","","Opened","7.291","38","Safe","Calm","4.2","66","16.3","11.1","1000.6","1012.2"
"2026-09-22","01:11:22","Clear","Dry","Dark","2.3","22.2","3200","57232","22.9","33%","27.1","","Opened","7.387","38","Safe","Calm","5.0","66","16.3","11.1","1000.5","1012.1"
"2026-09-22","01:11:32","Clear","Dry","Dark","2.2","22.3","3200","57232","22.9","33%","27.1","","Opened","7.346","38","Safe","Calm","5.1","66","16.3","11.0","1000.5","1012.1"
"2026-09-22","01:11:42","Clear","Dry","Dark","2.1","22.3","3200","57232","23.0","33%","27.2","","Opened","7.297","38","Safe","Calm","4.3","66","16.3","11.0","1000.5","1012.1"
"2026-09-22","01:11:52","Clear","Dry","Dark","2.1","22.2","3200","57232","22.9","33%","27.3","Heating DOWN","Opened","7.664","38","Safe","Calm","3.5","66","16.3","11.0","1000.6","1012.2"
"2026-09-22","01:12:02","Clear","Dry","Dark","2.1","22.3","3200","57232","23.0","32%","27.4","Heating DOWN","Opened","7.516","38","Safe","Calm","2.3","66","16.3","11.0","1000.5","1012.1"
"2026-09-22","01:12:12","Clear","Dry","Dark","2.2","22.3","3200","57232","23.0","31%","27.4","Heating DOWN","Opened","7.504","38","Safe","Calm","1.6","66","16.3","11.1","1000.6","1012.2"
"2026-09-22","01:12:22","Clear","Dry","Dark","2.4","22.2","3200","57232","23.0","30%","27.4","Heating DOWN","Opened","7.494","38","Safe","Calm","1.4","66","16.4","11.2","1000.5","1012.1"
"2026-09-22","01:12:32","Clear","Dry","Dark","2.5","22.3","3200","57232","23.0","30%","27.4","Heating DOWN","Opened","7.506","38","Safe","Calm","1.3","66","16.4","11.4","1000.6","1012.2"
"2026-09-22","01:12:42","Clear","Dry","Dark","2.4","22.3","3200","57232","23.0","29%","27.4","Heating DOWN","Opened","7.503","38","Safe","Calm","1.3","66","16.4","11.3","1000.6","1012.2"
"2026-09-22","01:12:53","Clear","Dry","Dark","2.3","22.3","3200","57232","23.0","28%","27.4","Heating DOWN","Opened","7.691","38","Safe","Calm","1.3","66","16.3","11.2","1000.6","1012.2"
"2026-09-22","01:13:02","Clear","Dry","Dark","2.6","22.4","3200","57232","23.0","27%","27.3","","Opened","7.387","38","Safe","Calm","2.2","66","16.3","11.5","1000.6","1012.2"
"2026-09-22","01:13:12","Clear","Dry","Dark","2.4","22.4","3200","57232","23.1","27%","27.3","","Opened","7.351","38","Safe","Calm","3.0","66","16.3","11.3","1000.5","1012.1"
"2026-09-22","01:13:22","Clear","Dry","Dark","2.3","22.5","3200","57232","23.1","27%","27.3","","Opened","7.315","38","Safe","Calm","3.0","65","16.3","11.2","1000.5","1012.1"
"2026-09-22","01:13:32","Clear","Dry","Dark","2.3","22.5","3200","57232","23.1","27%","27.3","","Opened","7.423","38","Safe","Calm","3.0","66","16.3","11.3","1000.6","1012.2"
"2026-09-22","01:13:42","Clear","Dry","Dark","2.5","22.5","3200","57232","23.1","27%","27.3","","Opened","7.278","38","Safe","Calm","3.8","66","16.3","11.5","1000.6","1012.2"
"2026-09-22","01:13:52","Clear","Dry","Dark","2.4","22.5","3200","57232","23.1","27%","27.3","","Opened","7.590","38","Safe","Calm","4.4","65","16.3","11.4","1000.6","1012.2"
"2026-09-22","01:14:02","Clear","Dry","Dark","2.4","22.5","3200","57232","23.2","27%","27.3","","Opened","7.324","38","Safe","Calm","4.3","65","16.3","11.4","1000.6","1012.2"
"2026-09-22","01:14:12","Clear","Dry","Dark","2.7","22.5","3200","57232","23.2","27%","27.3","","Opened","7.309","38","Safe","Calm","4.1","65","16.3","11.7","1000.5","1012.1"
"2026-09-22","01:14:22","Clear","Dry","Dark","2.7","22.6","3200","57232","23.2","27%","27.2","","Opened","7.394","38","Safe","Calm","4.4","65","16.3","11.7","1000.6","1012.2"
"2026-09-22","01:14:32","Clear","Dry","Dark","2.6","22.6","3200","57232","23.2","27%","27.2","","Opened","7.365","38","Safe","Calm","4.5","65","16.3","11.6","1000.5","1012.1"
"2026-09-22","01:14:42","Clear","Dry","Dark","2.4","22.6","3200","57232","23.2","27%","27.2","","Opened","7.321","38","Safe","Calm","4.4","65","16.3","11.4","1000.5","1012.1"
"2026-09-22","01:14:52","Clear","Dry","Dark","2.6","22.7","3200","57232","23.2","27%","27.2","","Opened","7.492","38","Safe","Calm","4.7","65","16.3","11.6","1000.6","1012.2"
"2026-09-22","01:15:02","Clear","Dry","Dark","2.6","22.7","3200","57232","23.3","27%","27.2","","Opened","7.374","38","Safe","Calm","5.0","65","16.3","11.6","1000.6","1012.2"
"2026-09-22","01:15:12","Clear","Dry","Dark","2.7","22.7","3200","57232","23.3","27%","27.2","","Opened","7.310","38","Safe","Calm","5.5","65","16.3","11.7","1000.5","1012.1"
"2026-09-22","01:15:22","Cloudy","Dry","Dark","3.1","22.8","3200","57232","23.3","27%","27.1","","Opened","7.413","38","Safe","Calm","5.8","65","16.3","12.2","1000.5","1012.1"
"2026-09-22","01:15:32","Clear","Dry","Dark","2.9","22.9","3200","57232","23.4","27%","27.1","","Opened","7.352","38","Safe","Calm","6.2","64","16.2","11.9","1000.6","1012.1"
"2026-09-22","01:15:42","Clear","Dry","Dark","2.7","22.9","3200","57232","23.4","27%","27.1","Heating UP","Opened","7.433","38","Safe","Calm","6.6","64","16.3","11.8","1000.5","1012.1"
"2026-09-22","01:15:52","Clear","Dry","Dark","2.6","22.9","3200","57232","23.4","28%","27.1","Heating UP","Opened","7.668","38","Safe","Calm","6.5","64","16.3","11.7","1000.6","1012.1"
"2026-09-22","01:16:02","Clear","Dry","Dark","2.7","23.0","3200","57232","23.4","29%","27.1","Heating UP","Opened","7.509","38","Safe","Calm","6.4","64","16.3","11.8","1000.6","1012.1"
"2026-09-22","01:16:12","Clear","Dry","Dark","2.6","23.0","3200","57232","23.5","30%","27.1","Heating UP","Opened","7.510","38","Safe","Calm","6.1","64","16.3","11.7","1000.5","1012.1"
"2026-09-22","01:16:22","Clear","Dry","Dark","2.6","23.0","3200","57232","23.5","30%","27.1","Heating UP","Opened","7.499","38","Safe","Calm","5.8","64","16.3","11.8","1000.5","1012.1"
"2026-09-22","01:16:32","Clear","Dry","Dark","2.5","23.0","3200","57232","23.5","31%","27.2","","Opened","7.414","38","Safe","Calm","5.7","64","16.3","11.7","1000.6","1012.1"
"2026-09-22","01:16:42","Clear","Dry","Dark","2.7","23.0","3200","57232","23.5","31%","27.2","Heating UP","Opened","7.470","38","Safe","Calm","5.7","64","16.3","11.8","1000.6","1012.1"
"2026-09-22","01:16:53","Clear","Dry","Dark","2.6","23.1","3200","57232","23.5","32%","27.2","Heating UP","Opened","7.689","38","Safe","Calm","5.9","64","16.2","11.7","1000.5","1012.1"
"2026-09-22","01:17:02","Clear","Dry","Dark","2.3","23.1","3200","57232","23.6","33%","27.2","Heating UP","Opened","7.469","38","Safe","Calm","5.9","63","16.3","11.5","1000.6","1012.1"
"2026-09-22","01:17:12","Clear","Dry","Dark","2.1","23.1","3200","57232","23.6","34%","27.3","","Opened","7.354","38","Safe","Calm","5.8","64","16.3","11.3","1000.6","1012.1"
"2026-09-22","01:17:22","Clear","Dry","Dark","2.8","23.1","3200","57232","23.6","34%","27.4","","Opened","7.325","38","Safe","Calm","5.9","64","16.3","12.1","1000.6","1012.1"
"2026-09-22","01:17:32","Clear","Dry","Dark","2.8","23.1","3200","57232","23.6","34%","27.4","","Opened","7.306","38","Safe","Calm","6.4","63","16.3","12.0","1000.6","1012.2"
"2026-09-22","01:17:42","Clear","Dry","Dark","2.7","23.2","3200","57232","23.7","34%","27.4","","Opened","7.398","38","Safe","Calm","6.5","63","16.3","12.0","1000.5","1012.1"
"2026-09-22","01:17:52","Clear","Dry","Dark","2.5","23.2","3200","57232","23.7","34%","27.5","","Opened","7.603","38","Safe","Calm","6.2","63","16.3","11.8","1000.5","1012.1"
"2026-09-22","01:18:02","Clear","Dry","Dark","2.2","23.2","3200","57232","23.7","34%","27.6","","Opened","7.299","38","Safe","Calm","5.9","63","16.3","11.5","1000.5","1012.1"
"2026-09-22","01:18:12","Clear","Dry","Dark","2.1","23.2","3200","57232","23.7","34%","27.7","","Opened","7.383","38","Safe","Calm","5.2","63","16.3","11.4","1000.6","1012.1"
"2026-09-22","01:18:22","Clear","Dry","Dark","2.6","23.2","3200","57232","23.8","34%","27.8","","Opened","7.359","38","Safe","Calm","5.0","63","16.4","11.9","1000.5","1012.1"
"2026-09-22","01:18:32","Clear","Dry","Dark","2.2","23.2","3200","57232","23.8","34%","27.8","","Opened","7.308","38","Safe","Calm","3.5","63","16.3","11.5","1000.5","1012.1"
"2026-09-22","01:18:42","Clear","Dry","Dark","2.0","23.2","3200","57232","23.8","34%","27.9","","Opened","7.303","38","Safe","Calm","2.3","63","16.3","11.4","1000.6","1012.1"
"2026-09-22","01:18:52","Clear","Dry","Dark","2.0","23.2","3200","57232","23.8","34%","28.0","","Opened","7.623","38","Safe","Calm","1.6","63","16.3","11.3","1000.5","1012.1"
"2026-09-22","01:19:02","Clear","Dry","Dark","2.1","23.1","3200","57232","23.8","34%","28.1","Heating DOWN","Opened","7.471","38","Safe","Calm","0.9","63","16.4","11.4","1000.6","1012.1"
"2026-09-22","01:19:12","Clear","Dry","Dark","2.2","23.1","3200","57232","23.8","33%","28.2","Heating DOWN","Opened","7.463","38","Safe","Calm","1.8","63","16.4","11.5","1000.4","1012.0"
"2026-09-22","01:19:22","Clear","Dry","Dark","2.4","23.1","3200","57232","23.8","32%","28.2","Heating DOWN","Opened","7.446","38","Safe","Calm","1.7","63","16.4","11.7","1000.5","1012.1"
"2026-09-22","01:19:32","Clear","Dry","Dark","2.5","23.2","3200","57232","23.8","31%","28.1","","Opened","7.343","38","Safe","Calm","2.6","63","16.3","11.8","1000.4","1012.0"
"2026-09-22","01:19:42","Clear","Dry","Dark","2.6","23.2","3200","57232","23.8","31%","28.1","","Opened","7.295","38","Safe","Calm","3.8","63","16.3","11.9","1000.6","1012.1"
"2026-09-22","01:19:52","Clear","Dry","Dark","3.0","23.3","3200","57232","23.8","31%","28.0","","Opened","7.559","38","Safe","Calm","5.2","63","16.2","12.3","1000.5","1012.1"
"2026-09-22","01:20:02","Clear","Dry","Dark","2.6","23.3","3200","57232","23.9","31%","28.0","","Opened","7.359","38","Safe","Calm","6.2","62","16.3","12.0","1000.4","1012.0"
"2026-09-22","01:20:12","Clear","Dry","Dark","2.5","23.4","3200","57232","23.9","31%","28.0","","Opened","7.327","38","Safe","Calm","6.1","62","16.3","11.9","1000.4","1012.0"
"2026-09-22","01:20:22","Clear","Dry","Dark","2.5","23.4","3200","57232","23.9","31%","27.9","","Opened","7.269","38","Safe","Calm","6.4","62","16.3","11.9","1000.5","1012.1"
"2026-09-22","01:20:32","Clear","Dry","Dark","2.3","23.4","3200","57232","23.9","31%","27.9","","Opened","7.378","38","Safe","Calm","6.4","62","16.3","11.7","1000.5","1012.1"
"2026-09-22","01:20:42","Clear","Dry","Dark","2.4","23.4","3200","57232","24.0","31%","27.9","","Opened","7.318","38","Safe","Calm","5.9","62","16.3","11.8","1000.6","1012.1"
"2026-09-22","01:20:52","Clear","Dry","Dark","2.4","23.4","3200","57232","24.0","31%","27.9","","Opened","7.520","38","Safe","Calm","5.8","62","16.3","11.9","1000.5","1012.1"
"2026-09-22","01:21:02","Clear","Dry","Dark","2.6","23.4","3200","57232","24.0","31%","27.9","","Opened","7.451","38","Safe","Calm","5.8","62","16.3","12.0","1000.4","1012.0"
"2026-09-22","01:21:12","Clear","Dry","Dark","2.7","23.5","3200","57232","24.0","31%","27.9","","Opened","7.403","38","Safe","Calm","6.4","62","16.3","12.1","1000.5","1012.1"
"2026-09-22","01:21:22","Clear","Dry","Dark","2.7","23.6","3200","57232","24.0","31%","27.9","","Opened","7.396","38","Safe","Calm","6.6","62","16.3","12.1","1000.5","1012.1"
"2026-09-22","01:21:32","Clear","Dry","Dark","2.4","23.6","3200","57232","24.0","31%","27.9","","Opened","7.380","38","Safe","Calm","6.8","62","16.2","11.9","1000.6","1012.1"
"2026-09-22","01:21:42","Clear","Dry","Dark","2.4","23.6","3200","57232","24.0","31%","27.9","","Opened","7.403","38","Safe","Calm","7.1","62","16.3","11.9","1000.5","1012.1"
"2026-09-22","01:21:52","Clear","Dry","Dark","2.2","23.6","3200","57232","24.1","31%","28.0","","Opened","7.561","38","Safe","Calm","6.6","62","16.3","11.6","1000.5","1012.1"
"2026-09-22","01:22:02","Clear","Dry","Dark","2.4","23.6","3200","57232","24.1","31%","28.0","","Opened","7.355","38","Safe","Calm","6.5","62","16.3","11.9","1000.6","1012.1"
"2026-09-22","01:22:12","Clear","Dry","Dark","2.5","23.6","3200","57232","24.1","31%","28.0","","Opened","7.315","38","Safe","Calm","6.4","62","16.3","12.0","1000.5","1012.1"
"2026-09-22","01:22:22","Clear","Dry","Dark","2.4","23.6","3200","57232","24.1","31%","28.0","","Opened","7.279","38","Safe","Calm","5.8","62","16.3","11.9","1000.6","1012.1"
"2026-09-22","01:22:32","Clear","Dry","Dark","2.4","23.6","3200","57232","24.1","31%","28.0","","Opened","7.392","38","Safe","Calm","5.8","62","16.3","11.9","1000.5","1012.1"
"2026-09-22","01:22:42","Clear","Dry","Dark","2.3","23.6","3200","57232","24.1","31%","28.0","","Opened","7.346","38","Safe","Calm","5.7","62","16.3","11.8","1000.5","1012.1"
"2026-09-22","01:22:52","Clear","Dry","Dark","2.5","23.6","3200","57232","24.2","31%","28.0","","Opened","7.577","38","Safe","Calm","5.9","62","16.3","12.0","1000.5","1012.1"
"2026-09-22","01:23:02","Clear","Dry","Dark","2.3","23.6","3200","57232","24.2","31%","28.0","","Opened","7.292","38","Safe","Calm","6.1","61","16.3","11.9","1000.4","1012.0"
"2026-09-22","01:23:12","Clear","Dry","Dark","2.3","23.7","3200","57232","24.2","31%","28.0","","Opened","7.386","38","Safe","Calm","5.8","61","16.3","11.9","1000.6","1012.1"
"2026-09-22","01:23:22","Clear","Dry","Dark","2.4","23.7","3200","57232","24.2","31%","28.0","","Opened","7.337","38","Safe","Calm","5.9","61","16.3","12.0","1000.5","1012.1"
"2026-09-22","01:23:32","Clear","Dry","Dark","2.3","23.7","3200","57232","24.2","31%","28.0","","Opened","7.323","38","Safe","Calm","5.9","61","16.3","11.8","1000.5","1012.1"
"2026-09-22","01:23:42","Clear","Dry","Dark","2.3","23.7","3200","57232","24.2","31%","28.0","","Opened","7.286","38","Safe","Calm","6.2","61","16.3","11.9","1000.5","1012.1"
"2026-09-22","01:23:52","Clear","Dry","Dark","2.3","23.7","3200","57232","24.2","31%","28.0","","Opened","7.523","38","Safe","Calm","6.5","61","16.3","11.9","1000.5","1012.0"
"2026-09-22","01:24:02","Clear","Dry","Dark","2.4","23.7","3200","57232","24.2","31%","28.0","","Opened","7.302","38","Safe","Calm","6.6","61","16.3","12.0","1000.6","1012.2"
"2026-09-22","01:24:12","Clear","Dry","Dark","2.3","23.7","3200","57232","24.2","31%","28.0","","Opened","7.399","38","Safe","Calm","6.6","61","16.3","11.8","1000.6","1012.1"
"2026-09-22","01:24:22","Clear","Dry","Dark","2.2","23.7","3200","57232","24.2","31%","28.0","","Opened","7.373","38","Safe","Calm","6.5","61","16.3","11.8","1000.6","1012.1"
"2026-09-22","01:24:32","Clear","Dry","Dark","2.1","23.7","3200","57232","24.3","31%","28.0","","Opened","7.330","38","Safe","Calm","6.2","61","16.3","11.7","1000.6","1012.1"
"2026-09-22","01:24:42","Clear","Dry","Dark","2.1","23.7","3200","57232","24.3","31%","28.1","","Opened","7.398","38","Safe","Calm","5.9","61","16.4","11.7","1000.5","1012.0"
"2026-09-22","01:24:52","Clear","Dry","Dark","2.2","23.7","3200","57232","24.3","31%","28.1","","Opened","7.568","38","Safe","Calm","5.4","61","16.3","11.8","1000.4","1012.0"
"2026-09-22","01:25:02","Clear","Dry","Dark","2.2","23.7","3200","57232","24.3","31%","28.1","","Opened","7.288","38","Safe","Calm","5.1","61","16.3","11.8","1000.4","1012.0"
"2026-09-22","01:25:12","Clear","Dry","Dark","2.3","23.7","3200","57232","24.3","31%","28.1","","Opened","7.390","38","Safe","Calm","5.2","61","16.3","11.9","1000.6","1012.1"
"2026-09-22","01:25:22","Clear","Dry","Dark","2.4","23.7","3200","57232","24.3","31%","28.1","","Opened","7.338","38","Safe","Calm","5.4","61","16.4","12.0","1000.6","1012.1"
"2026-09-22","01:25:32","Clear","Dry","Dark","2.5","23.7","3200","57232","24.3","31%","28.1","","Opened","7.278","38","Safe","Calm","5.7","61","16.3","12.1","1000.6","1012.1"
"2026-09-22","01:25:42","Clear","Dry","Dark","2.4","23.7","3200","57232","24.3","31%","28.1","","Opened","7.357","38","Safe","Calm","5.7","61","16.3","12.0","1000.5","1012.0"
"2026-09-22","01:25:52","Clear","Dry","Dark","2.3","23.8","3200","57232","24.3","31%","28.1","","Opened","7.557","38","Safe","Calm","5.8","61","16.3","11.9","1000.6","1012.1"
"2026-09-22","01:26:02","Clear","Dry","Dark","2.7","23.8","3200","57232","24.3","31%","28.1","","Opened","7.298","38","Safe","Windy","6.6","61","16.3","12.3","1000.4","1012.0"
"2026-09-22","01:26:12","Clear","Dry","Dark","2.2","23.8","3200","57232","24.3","31%","28.1","","Opened","7.399","38","Safe","Windy","6.6","61","16.3","11.8","1000.4","1012.0"
"2026-09-22","01:26:22","Clear","Dry","Dark","2.3","23.8","3200","57232","24.3","31%","28.1","","Opened","7.372","38","Safe","Windy","6.6","61","16.3","11.9","1000.5","1012.0"
"2026-09-22","01:26:32","Clear","Dry","Dark","2.2","23.8","3200","57232","24.4","31%","28.1","","Opened","7.314","38","Safe","Windy","6.5","61","16.4","11.9","1000.6","1012.1"
"2026-09-22","01:26:42","Clear","Dry","Dark","2.1","23.8","3200","57232","24.4","31%","28.2","","Opened","7.392","38","Safe","Windy","6.4","61","16.4","11.8","1000.6","1012.1"
"2026-09-22","01:26:52","Clear","Dry","Dark","2.2","23.8","3200","57232","24.4","31%","28.2","","Opened","7.580","38","Safe","Windy","6.2","61","16.4","11.8","1000.5","1012.0"
"2026-09-22","01:27:02","Clear","Dry","Dark","2.3","23.8","3200","57232","24.4","31%","28.2","","Opened","7.315","38","Safe","Calm","5.4","61","16.4","11.9","1000.5","1012.0"
"2026-09-22","01:27:12","Clear","Dry","Dark","2.0","23.8","3200","57232","24.4","31%","28.2","","Opened","7.388","38","Safe","Calm","5.1","61","16.4","11.7","1000.5","1012.0"
"2026-09-22","01:27:22","Clear","Dry","Dark","2.1","23.8","3200","57232","24.4","31%","28.2","","Opened","7.335","38","Safe","Calm","5.0","61","16.4","11.8","1000.5","1012.0"
"2026-09-22","01:27:32","Clear","Dry","Dark","2.3","23.8","3200","57232","24.4","31%","28.3","","Opened","7.295","38","Safe","Calm","5.0","61","16.4","11.9","1000.5","1012.0"
"2026-09-22","01:27:42","Clear","Dry","Dark","2.3","23.8","3200","57232","24.4","31%","28.2","","Opened","7.395","38","Safe","Calm","5.4","61","16.4","12.0","1000.4","1012.0"
"2026-09-22","01:27:53","Clear","Dry","Dark","2.4","23.8","3200","57232","24.4","31%","28.1","Heating UP","Opened","7.705","38","Safe","Calm","5.9","61","16.4","12.1","1000.5","1012.0"
"2026-09-22","01:28:02","Clear","Dry","Dark","2.2","23.9","3328","57232","24.4","32%","28.2","","Opened","7.355","38","Safe","Calm","5.9","61","16.3","11.9","1000.4","1011.9"
"2026-09-22","01:28:12","Clear","Dry","Dark","2.2","23.9","3328","57232","24.5","32%","28.2","","Opened","7.384","38","Safe","Calm","6.4","61","16.4","11.9","1000.5","1012.0"
"2026-09-22","01:28:22","Clear","Dry","Dark","2.3","23.9","3328","57232","24.4","32%","28.2","","Opened","7.376","38","Safe","Calm","6.4","61","16.4","11.9","1000.4","1012.0"
"2026-09-22","01:28:32","Clear","Dry","Dark","2.2","23.9","3328","57232","24.4","32%","28.2","","Opened","7.379","38","Safe","Calm","6.4","61","16.4","11.8","1000.4","1012.0"
"2026-09-22","01:28:42","Clear","Dry","Dark","2.0","23.9","3200","57232","24.5","32%","28.3","","Opened","7.307","38","Safe","Calm","5.9","61","16.4","11.7","1000.6","1012.1"
"2026-09-22","01:28:52","Clear","Dry","Dark","2.1","23.8","3200","57232","24.5","32%","28.4","","Opened","7.610","38","Safe","Calm","5.2","61","16.4","11.8","1000.5","1012.0"
"2026-09-22","01:29:02","Clear","Dry","Dark","2.0","23.8","3299","57232","24.4","32%","28.4","","Opened","7.357","38","Safe","Calm","4.3","61","16.4","11.7","1000.4","1011.9"
"2026-09-22","01:29:12","Clear","Dry","Dark","1.9","23.8","3328","57232","24.5","32%","28.5","","Opened","7.331","38","Safe","Calm","3.1","61","16.5","11.7","1000.4","1012.0"
"2026-09-22","01:29:22","Clear","Dry","Dark","2.0","23.8","3201","57232","24.5","32%","28.5","","Opened","7.415","38","Safe","Calm","3.0","61","16.4","11.7","1000.4","1012.0"
"2026-09-22","01:29:32","Clear","Dry","Dark","2.1","23.8","3311","57232","24.5","32%","28.5","","Opened","7.395","38","Safe","Calm","2.8","61","16.4","11.8","1000.4","1012.0"
"2026-09-22","01:29:42","Clear","Dry","Dark","2.0","23.8","3328","57232","24.5","32%","28.5","","Opened","7.359","38","Safe","Calm","2.7","61","16.4","11.7","1000.5","1012.0"
"2026-09-22","01:29:52","Clear","Dry","Dark","2.1","23.8","3202","57232","24.5","32%","28.6","","Opened","7.521","38","Safe","Calm","2.7","61","16.5","11.8","1000.4","1012.0"
"2026-09-22","01:30:02","Clear","Dry","Dark","2.2","23.8","3328","57232","24.5","32%","28.6","","Opened","7.301","38","Safe","Calm","4.0","61","16.4","11.9","1000.5","1012.0"
"2026-09-22","01:30:12","Clear","Dry","Dark","2.3","23.8","3328","57232","24.5","32%","28.5","","Opened","7.388","38","Safe","Calm","5.2","61","16.4","12.0","1000.4","1011.9"
"2026-09-22","01:30:22","Clear","Dry","Dark","2.0","23.8","3200","57232","24.5","32%","28.6","","Opened","7.324","38","Safe","Calm","5.4","61","16.4","11.7","1000.4","1012.0"
"2026-09-22","01:30:32","Clear","Dry","Dark","2.0","23.8","3328","57232","24.5","32%","28.6","","Opened","7.296","38","Safe","Calm","5.2","61","16.4","11.7","1000.4","1012.0"
"2026-09-22","01:30:42","Clear","Dry","Dark","2.2","23.8","3312","57232","24.5","32%","28.7","","Opened","7.403","38","Safe","Calm","5.8","61","16.4","11.9","1000.4","1012.0"
"2026-09-22","01:30:52","Clear","Dry","Dark","2.1","23.8","3296","57232","24.5","32%","28.6","","Opened","7.567","38","Safe","Calm","6.1","61","16.4","11.8","1000.5","1012.0"
"2026-09-22","01:31:02","Clear","Dry","Dark","2.2","23.8","3328","57232","24.5","32%","28.6","","Opened","7.320","38","Safe","Calm","5.7","61","16.4","11.9","1000.4","1012.0"
"2026-09-22","01:31:12","Clear","Dry","Dark","2.3","23.9","3233","57232","24.5","32%","28.5","","Opened","7.312","38","Safe","Calm","5.8","61","16.4","12.1","1000.5","1012.0"
"2026-09-22","01:31:22","Clear","Dry","Dark","2.2","23.9","3200","57232","24.5","32%","28.5","","Opened","7.397","38","Safe","Calm","6.5","61","16.4","12.0","1000.4","1012.0"
"2026-09-22","01:31:32","Clear","Dry","Dark","2.4","24.0","3264","57232","24.5","32%","28.4","","Opened","7.336","38","Safe","Calm","7.1","61","16.4","12.1","1000.5","1012.0"
"2026-09-22","01:31:42","Clear","Dry","Dark","2.1","24.0","3312","57232","24.5","32%","28.4","","Opened","7.276","38","Safe","Calm","7.2","61","16.4","11.8","1000.4","1012.0"
"2026-09-22","01:31:52","Clear","Dry","Dark","2.2","24.0","3264","57232","24.5","32%","28.4","","Opened","7.547","38","Safe","Calm","7.2","61","16.4","11.9","1000.4","1012.0"
"2026-09-22","01:32:02","Clear","Dry","Dark","2.1","23.9","3312","57232","24.5","32%","28.5","","Opened","7.304","38","Safe","Calm","7.5","61","16.4","11.8","1000.4","1012.0"
"2026-09-22","01:32:12","Clear","Dry","Dark","2.4","24.0","3328","57232","24.5","32%","28.4","","Opened","7.395","38","Safe","Windy","8.0","61","16.4","12.1","1000.5","1012.0"
"2026-09-22","01:32:22","Clear","Dry","Dark","2.2","24.0","3328","57232","24.6","32%","28.3","","Opened","7.336","38","Safe","Windy","7.9","60","16.4","12.0","1000.4","1012.0"
"2026-09-22","01:32:32","Clear","Dry","Dark","2.2","24.0","3202","57232","24.5","32%","28.3","","Opened","7.332","38","Safe","Windy","8.2","60","16.4","12.0","1000.5","1012.0"
"2026-09-22","01:32:42","Clear","Dry","Dark","2.1","24.0","3328","57232","24.6","32%","28.3","","Opened","7.308","38","Safe","Windy","7.9","61","16.4","11.9","1000.4","1012.0"
"2026-09-22","01:32:53","Clear","Dry","Dark","2.2","24.0","3312","57232","24.5","32%","28.3","","Opened","7.784","38","Safe","Windy","8.3","61","16.4","11.9","1000.6","1012.1"
"2026-09-22","01:33:02","Clear","Dry","Dark","2.0","24.0","3264","57232","24.6","32%","28.3","","Opened","7.427","38","Safe","Windy","8.3","61","16.4","11.8","1000.4","1012.0"
"2026-09-22","01:33:12","Clear","Dry","Dark","2.3","24.0","3328","57232","24.5","32%","28.2","Heating UP","Opened","7.500","38","Safe","Windy","8.2","61","16.4","12.0","1000.6","1012.1"
"2026-09-22","01:33:22","Clear","Dry","Dark","2.4","24.0","3200","57232","24.5","33%","28.2","Heating UP","Opened","7.411","38","Safe","Windy","8.5","60","16.4","12.2","1000.5","1012.0"
"2026-09-22","01:33:32","Clear","Dry","Dark","2.2","24.1","3200","57232","24.6","34%","28.2","Heating UP","Opened","7.401","38","Safe","Windy","8.2","60","16.4","11.9","1000.4","1012.0"
"2026-09-22","01:33:42","Clear","Dry","Dark","2.2","24.1","3200","57232","24.5","35%","28.2","Heating UP","Opened","7.422","38","Safe","Windy","8.3","60","16.4","11.9","1000.4","1012.0"
"2026-09-22","01:33:52","Clear","Dry","Dark","2.1","24.1","3328","57232","24.6","36%","28.2","Heating UP","Opened","7.641","38","Safe","Windy","8.3","60","16.4","11.9","1000.4","1012.0"
"2026-09-22","01:34:02","Clear","Dry","Dark","2.4","24.1","3200","57232","24.6","37%","28.2","Heating UP","Opened","7.466","38","Safe","Windy","9.0","60","16.4","12.2","1000.4","1012.0"
"2026-09-22","01:34:12","Clear","Dry","Dark","2.3","24.1","3200","57232","24.6","38%","28.2","Heating UP","Opened","7.500","38","Safe","Windy","8.9","60","16.4","12.0","1000.4","1011.9"
"2026-09-22","01:34:22","Clear","Dry","Dark","2.1","24.2","3200","57232","24.6","39%","28.2","Heating UP","Opened","7.388","38","Safe","Windy","8.5","60","16.4","11.9","1000.4","1012.0"
"2026-09-22","01:34:32","Clear","Dry","Dark","2.1","24.1","3328","57232","24.6","40%","28.2","Heating UP","Opened","7.514","38","Safe","Windy","8.7","60","16.4","11.9","1000.4","1012.0"
"2026-09-22","01:34:42","Clear","Dry","Dark","2.0","24.1","3200","57232","24.6","41%","28.3","","Opened","7.401","38","Safe","Windy","8.7","60","16.4","11.7","1000.4","1011.9"
"2026-09-22","01:34:52","Clear","Dry","Dark","2.2","24.1","3200","57232","24.6","41%","28.4","","Opened","7.598","38","Safe","Windy","8.9","60","16.4","11.9","1000.4","1012.0"
"2026-09-22","01:35:02","Clear","Dry","Dark","2.0","24.1","3200","57232","24.6","41%","28.5","","Opened","7.414","38","Safe","Calm","8.2","60","16.4","11.8","1000.4","1012.0"
"2026-09-22","01:35:12","Clear","Dry","Dark","2.2","24.1","3200","57232","24.6","41%","28.5","","Opened","7.368","38","Safe","Windy","8.7","60","16.4","12.0","1000.4","1012.0"
"2026-09-22","01:35:22","Clear","Dry","Dark","2.3","24.1","3200","57232","24.6","41%","28.4","","Opened","7.333","38","Safe","Windy","9.3","60","16.4","12.0","1000.4","1011.9"
"2026-09-22","01:35:32","Clear","Dry","Dark","2.2","24.2","3200","57232","24.6","41%","28.4","","Opened","7.287","38","Safe","Windy","9.3","60","16.4","12.0","1000.4","1011.9"
"2026-09-22","01:35:42","Clear","Dry","Dark","2.2","24.2","3200","57232","24.6","41%","28.5","","Opened","7.399","38","Safe","Windy","9.7","60","16.4","11.9","1000.4","1012.0"
"2026-09-22","01:35:52","Clear","Dry","Dark","2.1","24.2","3200","57232","24.6","41%","28.5","","Opened","7.519","38","Safe","Windy","9.3","60","16.4","11.9","1000.4","1011.9"
"2026-09-22","01:36:02","Clear","Dry","Dark","2.0","24.2","3200","57232","24.6","41%","28.5","","Opened","7.307","38","Safe","Windy","9.3","60","16.4","11.8","1000.4","1011.9"
"2026-09-22","01:36:12","Clear","Dry","Dark","2.4","24.2","3200","57232","24.6","41%","28.5","","Opened","7.390","38","Safe","Windy","8.9","60","16.4","12.1","1000.4","1011.9"
"2026-09-22","01:36:22","Clear","Dry","Dark","2.1","24.2","3200","57232","24.6","41%","28.5","","Opened","7.375","38","Safe","Windy","8.6","60","16.4","11.9","1000.4","1011.9"
"2026-09-22","01:36:32","Clear","Dry","Dark","2.0","24.2","3200","57232","24.6","41%","28.6","","Opened","7.376","38","Safe","Windy","8.3","60","16.4","11.8","1000.4","1011.9"
"2026-09-22","01:36:42","Clear","Dry","Dark","2.1","24.2","3200","57232","24.6","41%","28.6","","Opened","7.314","38","Safe","Windy","7.9","60","16.4","11.8","1000.6","1012.2"
"2026-09-22","01:36:52","Clear","Dry","Dark","2.2","24.2","3200","57232","24.6","41%","28.6","","Opened","7.525","38","Safe","Windy","8.5","60","16.4","12.0","1000.4","1011.9"
"2026-09-22","01:37:02","Clear","Dry","Dark","2.1","24.2","3200","57232","24.6","41%","28.5","","Opened","7.392","38","Safe","Windy","9.2","60","16.4","11.9","1000.4","1011.9"
"2026-09-22","01:37:12","Clear","Dry","Dark","2.0","24.2","3200","57232","24.6","41%","28.5","","Opened","7.338","38","Safe","Windy","9.2","60","16.4","11.8","1000.4","1011.9"
"2026-09-22","01:37:22","Clear","Dry","Dark","2.0","24.2","3200","57232","24.6","41%","28.5","","Opened","7.290","38","Safe","Windy","8.9","60","16.4","11.8","1000.3","1011.8"
"2026-09-22","01:37:32","Clear","Dry","Dark","2.0","24.2","3200","57232","24.6","41%","28.6","","Opened","7.366","38","Safe","Windy","8.9","60","16.4","11.7","1000.4","1011.9"
"2026-09-22","01:37:42","Clear","Dry","Dark","2.0","24.2","3200","57232","24.6","41%","28.6","","Opened","7.307","38","Safe","Windy","8.7","60","16.4","11.7","1000.4","1012.0"
"2026-09-22","01:37:52","Clear","Dry","Dark","2.0","24.2","3200","57232","24.6","41%","28.6","","Opened","7.471","38","Safe","Windy","8.7","60","16.4","11.8","1000.4","1011.9"
"2026-09-22","01:38:02","Clear","Dry","Dark","1.9","24.2","3200","57232","24.6","41%","28.7","","Opened","7.427","38","Safe","Windy","7.8","60","16.4","11.7","1000.3","1011.8"
"2026-09-22","01:38:12","Clear","Dry","Dark","1.8","24.2","3200","57232","24.6","41%","28.7","","Opened","7.338","38","Safe","Calm","7.1","60","16.4","11.6","1000.4","1012.0"
"2026-09-22","01:38:22","Clear","Dry","Dark","1.9","24.2","3200","57232","24.6","41%","28.8","","Opened","7.334","38","Safe","Calm","7.2","60","16.4","11.6","1000.4","1011.9"
"2026-09-22","01:38:32","Clear","Dry","Dark","2.0","24.2","3200","57232","24.6","41%","28.8","","Opened","7.291","38","Safe","Calm","7.3","60","16.4","11.8","1000.5","1012.0"
"2026-09-22","01:38:42","Clear","Dry","Dark","2.0","24.2","3200","57232","24.6","41%","28.7","","Opened","7.382","38","Safe","Calm","7.5","60","16.4","11.8","1000.4","1012.0"
"2026-09-22","01:38:52","Clear","Dry","Dark","2.1","24.2","3200","57232","24.6","41%","28.7","","Opened","7.519","38","Safe","Calm","7.3","60","16.4","11.8","1000.3","1011.8"
"2026-09-22","01:39:02","Clear","Dry","Dark","2.0","24.2","3200","57232","24.6","41%","28.7","","Opened","7.313","38","Safe","Calm","8.0","60","16.4","11.7","1000.4","1012.0"
"2026-09-22","01:39:12","Clear","Dry","Dark","2.1","24.2","3200","57232","24.5","41%","28.7","","Opened","7.390","38","Safe","Windy","9.4","60","16.4","11.8","1000.4","1012.0"
"2026-09-22","01:39:22","Clear","Dry","Dark","2.0","24.2","3200","57232","24.6","41%","28.6","","Opened","7.370","38","Safe","Windy","9.4","60","16.4","11.8","1000.4","1011.9"
"2026-09-22","01:39:32","Clear","Dry","Dark","2.0","24.2","3200","57232","24.5","41%","28.6","","Opened","7.343","38","Safe","Windy","9.7","60","16.4","11.7","1000.3","1011.8"
"2026-09-22","01:39:42","Clear","Dry","Dark","2.0","24.2","3200","57232","24.6","41%","28.6","","Opened","7.338","38","Safe","Windy","9.9","60","16.4","11.8","1000.3","1011.8"
"2026-09-22","01:39:52","Clear","Dry","Dark","1.9","24.2","3200","57232","24.6","41%","28.7","","Opened","7.661","38","Safe","Windy","9.4","60","16.4","11.7","1000.4","1012.0"
"2026-09-22","01:40:02","Clear","Dry","Dark","1.9","24.2","3200","57232","24.6","41%","28.7","","Opened","7.330","38","Safe","Windy","9.4","60","16.4","11.7","1000.3","1011.8"
"2026-09-22","01:40:12","Clear","Dry","Dark","2.0","24.2","3200","57232","24.6","41%","28.6","","Opened","7.301","38","Safe","Calm","8.5","60","16.4","11.7","1000.3","1011.8"
"2026-09-22","01:40:22","Clear","Dry","Dark","1.9","24.2","3200","57232","24.6","41%","28.6","","Opened","7.405","38","Safe","Windy","9.0","60","16.4","11.7","1000.4","1011.9"
"2026-09-22","01:40:32","Clear","Dry","Dark","2.0","24.3","3200","57232","24.5","41%","28.6","","Opened","7.402","38","Safe","Windy","9.2","60","16.4","11.7","1000.4","1011.9"
"2026-09-22","01:40:42","Clear","Dry","Dark","2.0","24.3","3200","57232","24.6","41%","28.6","","Opened","7.352","38","Safe","Windy","9.6","60","16.4","11.7","1000.3","1011.8"
"2026-09-22","01:40:52","Clear","Dry","Dark","1.7","24.2","3200","57232","24.6","41%","28.6","","Opened","7.574","38","Safe","Windy","9.9","60","16.4","11.5","1000.4","1011.9"
"2026-09-22","01:41:02","Clear","Dry","Dark","2.0","24.3","3200","57232","24.6","41%","28.6","","Opened","7.340","38","Safe","Windy","10.1","60","16.4","11.7","1000.4","1011.9"
"2026-09-22","01:41:12","Clear","Dry","Dark","1.8","24.3","3200","57232","24.6","41%","28.6","","Opened","7.319","38","Safe","Windy","9.7","60","16.4","11.5","1000.4","1011.9"
"2026-09-22","01:41:22","Clear","Dry","Dark","1.8","24.3","3200","57232","24.5","41%","28.6","","Opened","7.408","38","Safe","Windy","9.0","60","16.4","11.5","1000.4","1012.0"
"2026-09-22","01:41:32","Clear","Dry","Dark","1.8","24.2","3200","57232","24.6","41%","28.7","","Opened","7.450","38","Safe","Windy","8.6","60","16.4","11.6","1000.4","1011.9"
"2026-09-22","01:41:42","Clear","Dry","Dark","1.7","24.2","3200","57232","24.6","41%","28.7","","Opened","7.392","38","Safe","Windy","8.5","60","16.4","11.5","1000.4","1011.9"
"2026-09-22","01:41:52","Clear","Dry","Dark","1.7","24.2","3200","57232","24.5","41%","28.7","","Opened","7.513","38","Safe","Windy","8.2","60","16.4","11.5","1000.4","1011.9"
"2026-09-22","01:42:02","Clear","Dry","Dark","1.8","24.2","3200","57232","24.6","41%","28.8","","Opened","7.321","38","Safe","Calm","7.9","60","16.4","11.6","1000.4","1011.9"
"2026-09-22","01:42:12","Clear","Dry","Dark","1.9","24.2","3200","57232","24.5","41%","28.7","","Opened","7.290","38","Safe","Windy","8.6","60","16.4","11.6","1000.4","1011.9"
"2026-09-22","01:42:22","Clear","Dry","Dark","1.7","24.2","3200","57232","24.6","41%","28.7","","Opened","7.397","38","Safe","Windy","8.7","60","16.4","11.5","1000.4","1011.9"
"2026-09-22","01:42:32","Clear","Dry","Dark","1.7","24.2","3200","57232","24.5","41%","28.8","","Opened","7.349","38","Safe","Windy","8.5","60","16.4","11.5","1000.4","1011.9"
"2026-09-22","01:42:42","Clear","Dry","Dark","1.8","24.2","3200","57232","24.6","41%","28.8","","Opened","7.348","38","Safe","Windy","8.7","60","16.4","11.5","1000.4","1012.0"
"2026-09-22","01:42:52","Clear","Dry","Dark","1.7","24.2","3200","57232","24.6","41%","28.8","","Opened","7.465","38","Safe","Windy","9.3","60","16.4","11.5","1000.3","1011.8"
"2026-09-22","01:43:02","Clear","Dry","Dark","1.9","24.2","3200","57232","24.5","41%","28.7","","Opened","7.387","38","Safe","Windy","9.0","60","16.4","11.7","1000.4","1011.9"
"2026-09-22","01:43:12","Clear","Dry","Dark","1.7","24.2","3200","57232","24.5","41%","28.7","","Opened","7.350","38","Safe","Windy","8.7","60","16.4","11.5","1000.3","1011.8"
"2026-09-22","01:43:22","Clear","Dry","Dark","1.8","24.2","3200","57232","24.5","41%","28.7","","Opened","7.359","38","Safe","Windy","8.9","60","16.4","11.5","1000.4","1012.0"
"2026-09-22","01:43:32","Clear","Dry","Dark","1.7","24.2","3200","57232","24.6","41%","28.7","","Opened","7.317","38","Safe","Windy","9.2","61","16.4","11.5","1000.3","1011.8"
"2026-09-22","01:43:42","Clear","Dry","Dark","1.7","24.2","3200","57232","24.5","41%","28.7","","Opened","7.298","38","Safe","Calm","8.3","60","16.4","11.5","1000.4","1011.9"
"2026-09-22","01:43:52","Clear","Dry","Dark","1.9","24.2","3200","57232","24.5","41%","28.8","","Opened","7.540","38","Safe","Windy","8.6","61","16.4","11.6","1000.3","1011.8"
"2026-09-22","01:44:02","Clear","Dry","Dark","1.7","24.2","3200","57232","24.5","41%","28.7","","Opened","7.352","38","Safe","Windy","8.6","61","16.4","11.5","1000.4","1011.9"
"2026-09-22","01:44:12","Clear","Dry","Dark","1.7","24.2","3200","57232","24.5","41%","28.7","","Opened","7.299","38","Safe","Windy","8.5","61","16.4","11.5","1000.3","1011.8"
"2026-09-22","01:44:22","Clear","Dry","Dark","1.7","24.2","3200","57232","24.5","41%","28.7","","Opened","7.271","38","Safe","Windy","8.2","61","16.4","11.4","1000.4","1012.0"
"2026-09-22","01:44:32","Clear","Dry","Dark","1.7","24.2","3200","57232","24.5","41%","28.7","","Opened","7.350","38","Safe","Windy","8.0","61","16.4","11.4","1000.3","1011.8"
"2026-09-22","01:44:42","Clear","Dry","Dark","1.7","24.1","3200","57232","24.5","41%","28.8","Heating DOWN","Opened","7.419","38","Safe","Windy","8.2","61","16.4","11.5","1000.4","1012.0"
"2026-09-22","01:44:52","Clear","Dry","Dark","1.6","24.1","3328","57232","24.5","40%","28.8","Heating DOWN","Opened","7.657","38","Safe","Calm","7.2","61","16.4","11.4","1000.4","1012.0"
"2026-09-22","01:45:02","Clear","Dry","Dark","1.8","24.1","3200","57232","24.5","39%","28.9","Heating DOWN","Opened","7.485","38","Safe","Calm","7.2","61","16.4","11.5","1000.4","1011.9"
"2026-09-22","01:45:12","Clear","Dry","Dark","1.8","24.1","3200","57232","24.5","38%","28.8","","Opened","7.372","38","Safe","Calm","7.2","60","16.4","11.6","1000.3","1011.8"
"2026-09-22","01:45:22","Clear","Dry","Dark","1.7","24.1","3200","57232","24.5","38%","28.8","","Opened","7.345","38","Safe","Calm","7.3","60","16.4","11.4","1000.4","1011.9"
"2026-09-22","01:45:32","Clear","Dry","Dark","1.8","24.2","3200","57232","24.5","38%","28.7","","Opened","7.329","38","Safe","Calm","7.8","61","16.4","11.5","1000.5","1012.0"
"2026-09-22","01:45:42","Clear","Dry","Dark","1.8","24.2","3200","57232","24.5","38%","28.6","","Opened","7.283","38","Safe","Calm","7.9","60","16.4","11.5","1000.3","1011.8"
"2026-09-22","01:45:52","Clear","Dry","Dark","1.8","24.2","3200","57232","24.5","38%","28.6","","Opened","7.524","38","Safe","Windy","8.9","61","16.4","11.5","1000.4","1011.9"
"2026-09-22","01:46:02","Clear","Dry","Dark","1.8","24.2","3200","57232","24.5","38%","28.5","","Opened","7.327","38","Safe","Windy","9.3","61","16.4","11.5","1000.3","1011.8"
"2026-09-22","01:46:12","Clear","Dry","Dark","1.8","24.2","3200","57232","24.5","38%","28.5","","Opened","7.326","38","Safe","Windy","9.6","61","16.4","11.5","1000.3","1011.8"
"2026-09-22","01:46:22","Clear","Dry","Dark","1.7","24.2","3200","57232","24.5","38%","28.4","","Opened","7.297","38","Safe","Windy","9.9","61","16.4","11.5","1000.4","1011.9"
"2026-09-22","01:46:32","Clear","Dry","Dark","1.8","24.2","3200","57232","24.5","38%","28.4","","Opened","7.388","38","Safe","Windy","10.0","61","16.4","11.5","1000.4","1011.9"
"2026-09-22","01:46:42","Clear","Dry","Dark","1.6","24.2","3200","57232","24.5","38%","28.4","","Opened","7.362","38","Safe","Windy","10.0","60","16.4","11.4","1000.3","1011.8"
"2026-09-22","01:46:52","Clear","Dry","Dark","1.7","24.2","3200","57232","24.5","38%","28.4","","Opened","7.509","38","Safe","Windy","9.4","61","16.4","11.4","1000.3","1011.8"
"2026-09-22","01:47:02","Clear","Dry","Dark","1.7","24.2","3200","57232","24.5","38%","28.4","","Opened","7.400","38","Safe","Windy","9.2","61","16.4","11.4","1000.4","1011.9"
"2026-09-22","01:47:12","Clear","Dry","Dark","1.7","24.2","3200","57232","24.5","38%","28.4","","Opened","7.322","38","Safe","Windy","8.9","61","16.4","11.4","1000.4","1011.9"
"2026-09-22","01:47:22","Clear","Dry","Dark","1.8","24.2","3200","57232","24.5","38%","28.4","","Opened","7.383","38","Safe","Windy","9.2","61","16.4","11.5","1000.4","1011.9"
"2026-09-22","01:47:32","Clear","Dry","Dark","1.7","24.2","3200","57232","24.5","38%","28.3","","Opened","7.356","38","Safe","Windy","9.2","61","16.4","11.5","1000.3","1011.8"
"2026-09-22","01:47:42","Clear","Dry","Dark","1.6","24.2","3200","57232","24.5","38%","28.3","","Opened","7.315","38","Safe","Windy","9.0","61","16.4","11.3","1000.3","1011.8"
"2026-09-22","01:47:52","Clear","Dry","Dark","1.6","24.2","3200","57232","24.5","38%","28.3","","Opened","7.471","38","Safe","Windy","8.7","61","16.4","11.3","1000.4","1011.9"
"2026-09-22","01:48:02","Clear","Dry","Dark","1.6","24.2","3200","57232","24.5","38%","28.4","","Opened","7.422","38","Safe","Windy","8.7","61","16.4","11.4","1000.3","1011.8"
"2026-09-22","01:48:12","Clear","Dry","Dark","1.6","24.2","3200","57232","24.5","38%","28.4","","Opened","7.382","38","Safe","Windy","9.0","61","16.4","11.3","1000.4","1011.9"
"2026-09-22","01:48:22","Clear","Dry","Dark","1.5","24.2","3200","57232","24.5","38%","28.4","","Opened","7.345","38","Safe","Windy","8.6","61","16.4","11.2","1000.3","1011.8"
"2026-09-22","01:48:32","Clear","Dry","Dark","1.7","24.2","3200","57232","24.5","38%","28.3","","Opened","7.373","38","Safe","Calm","8.5","61","16.4","11.4","1000.3","1011.9"
"2026-09-22","01:48:42","Clear","Dry","Dark","1.5","24.2","3200","57232","24.5","38%","28.3","","Opened","7.321","38","Safe","Calm","8.3","61","16.4","11.2","1000.4","1012.0"
"2026-09-22","01:48:52","Clear","Dry","Dark","1.6","24.1","3200","57232","24.5","38%","28.4","","Opened","7.576","38","Safe","Calm","8.6","61","16.4","11.3","1000.3","1011.9"
"2026-09-22","01:49:02","Clear","Dry","Dark","1.7","24.1","3200","57232","24.5","38%","28.4","","Opened","7.430","38","Safe","Windy","9.0","61","16.4","11.5","1000.4","1011.9"
"2026-09-22","01:49:12","Clear","Dry","Dark","1.6","24.1","3200","57232","24.5","38%","28.3","","Opened","7.359","38","Safe","Windy","9.0","61","16.4","11.3","1000.3","1011.9"
"2026-09-22","01:49:22","Clear","Dry","Dark","1.6","24.1","3200","57232","24.5","38%","28.3","","Opened","7.348","38","Safe","Windy","8.9","61","16.4","11.3","1000.3","1011.9"
"2026-09-22","01:49:32","Clear","Dry","Dark","1.6","24.1","3200","57232","24.5","38%","28.3","","Opened","7.292","38","Safe","Windy","8.7","61","16.4","11.3","1000.3","1011.9"
"2026-09-22","01:49:42","Clear","Dry","Dark","1.6","24.1","3200","57232","24.5","38%","28.3","","Opened","7.399","38","Safe","Windy","9.2","61","16.4","11.3","1000.3","1011.8"
"2026-09-22","01:49:52","Clear","Dry","Dark","1.5","24.1","3200","57232","24.5","38%","28.3","","Opened","7.589","38","Safe","Windy","9.0","61","16.4","11.2","1000.3","1011.9"
"2026-09-22","01:50:02","Clear","Dry","Dark","1.7","24.1","3200","57232","24.5","38%","28.3","","Opened","7.341","38","Safe","Windy","9.2","61","16.4","11.4","1000.3","1011.9"
"2026-09-22","01:50:12","Clear","Dry","Dark","1.6","24.1","3200","57232","24.5","38%","28.3","","Opened","7.332","38","Safe","Windy","9.0","61","16.4","11.3","1000.4","1011.9"
"2026-09-22","01:50:22","Clear","Dry","Dark","1.6","24.1","3200","57232","24.5","38%","28.3","","Opened","7.308","38","Safe","Windy","9.2","61","16.4","11.3","1000.3","1011.9"
"2026-09-22","01:50:32","Clear","Dry","Dark","1.6","24.1","3200","57232","24.5","38%","28.2","","Opened","7.416","38","Safe","Windy","9.3","61","16.4","11.3","1000.4","1012.0"
"2026-09-22","01:50:42","Clear","Dry","Dark","1.6","24.1","3200","57232","24.5","38%","28.2","","Opened","7.368","38","Safe","Windy","9.7","61","16.4","11.3","1000.5","1012.0"
"2026-09-22","01:50:52","Clear","Dry","Dark","1.4","24.2","3200","57232","24.5","38%","28.2","","Opened","7.490","38","Safe","Windy","9.7","61","16.4","11.1","1000.3","1011.9"
"2026-09-22","01:51:02","Clear","Dry","Dark","1.4","24.1","3200","57232","24.5","38%","28.2","","Opened","7.429","38","Safe","Windy","8.9","61","16.4","11.1","1000.4","1011.9"
"2026-09-22","01:51:12","Clear","Dry","Dark","1.6","24.1","3200","57232","24.5","38%","28.2","","Opened","7.330","38","Safe","Windy","9.2","61","16.4","11.3","1000.3","1011.9"
"2026-09-22","01:51:22","Clear","Dry","Dark","1.4","24.1","3200","57232","24.5","38%","28.2","","Opened","7.347","38","Safe","Windy","9.4","61","16.4","11.1","1000.3","1011.8"
"2026-09-22","01:51:32","Clear","Dry","Dark","1.4","24.1","3200","57232","24.4","38%","28.1","Heating UP","Opened","7.452","38","Safe","Windy","9.0","61","16.4","11.1","1000.3","1011.9"
"2026-09-22","01:51:42","Clear","Dry","Dark","1.3","24.1","3200","57232","24.5","39%","28.2","","Opened","7.338","38","Safe","Windy","8.3","61","16.4","11.0","1000.3","1011.9"
"2026-09-22","01:51:52","Clear","Dry","Dark","1.4","24.1","3200","57232","24.5","39%","28.2","","Opened","7.463","38","Safe","Windy","8.3","61","16.4","11.1","1000.3","1011.9"
"2026-09-22","01:52:02","Clear","Dry","Dark","1.3","24.1","3200","57232","24.4","39%","28.3","","Opened","7.370","38","Safe","Windy","8.2","61","16.4","11.0","1000.4","1011.9"
"2026-09-22","01:52:12","Clear","Dry","Dark","1.3","24.0","3200","57232","24.5","39%","28.3","","Opened","7.356","38","Safe","Windy","7.5","61","16.4","11.0","1000.3","1011.9"
"2026-09-22","01:52:22","Clear","Dry","Dark","1.2","24.0","3200","57232","24.4","39%","28.4","","Opened","7.312","38","Safe","Calm","6.6","61","16.4","10.9","1000.3","1011.9"
"2026-09-22","01:52:32","Clear","Dry","Dark","1.4","24.0","3200","57232","24.4","39%","28.5","","Opened","7.317","38","Safe","Calm","6.6","61","16.4","11.1","1000.4","1011.9"
"2026-09-22","01:52:42","Clear","Dry","Dark","1.5","24.0","3200","57232","24.4","39%","28.4","","Opened","7.298","38","Safe","Calm","6.8","61","16.4","11.2","1000.3","1011.9"
"2026-09-22","01:52:52","Clear","Dry","Dark","1.3","24.0","3200","57232","24.4","39%","28.4","","Opened","7.468","38","Safe","Calm","6.9","61","16.4","11.0","1000.3","1011.9"
"2026-09-22","01:53:02","Clear","Dry","Dark","1.4","24.0","3200","57232","24.4","39%","28.5","","Opened","7.371","38","Safe","Calm","7.2","61","16.4","11.1","1000.3","1011.9"
"2026-09-22","01:53:12","Clear","Dry","Dark","1.4","24.0","3200","57232","24.5","39%","28.5","","Opened","7.358","38","Safe","Calm","7.6","61","16.4","11.1","1000.4","1011.9"
"2026-09-22","01:53:22","Clear","Dry","Dark","1.3","24.0","3200","57232","24.4","39%","28.4","","Opened","7.309","38","Safe","Calm","8.0","61","16.4","11.0","1000.3","1011.9"
"2026-09-22","01:53:32","Clear","Dry","Dark","1.4","24.0","3200","57232","24.4","39%","28.4","","Opened","7.424","38","Safe","Calm","8.5","61","16.4","11.1","1000.3","1011.9"
"2026-09-22","01:53:42","Clear","Dry","Dark","1.3","24.0","3200","57232","24.4","39%","28.4","","Opened","7.378","38","Safe","Calm","8.7","61","16.4","11.0","1000.3","1011.9"
"2026-09-22","01:53:52","Clear","Dry","Dark","1.3","24.0","3200","57232","24.4","39%","28.4","","Opened","7.599","38","Safe","Calm","8.6","61","16.4","11.0","1000.3","1011.9"
"2026-09-22","01:54:02","Clear","Dry","Dark","1.3","24.0","3200","57232","24.4","39%","28.4","","Opened","7.337","38","Safe","Calm","8.9","61","16.4","11.0","1000.3","1011.9"
"2026-09-22","01:54:12","Clear","Dry","Dark","1.3","24.0","3200","57232","24.4","39%","28.3","","Opened","7.307","38","Safe","Calm","8.7","61","16.4","11.0","1000.4","1011.9"
"2026-09-22","01:54:22","Clear","Dry","Dark","1.3","24.0","3200","57232","24.4","39%","28.3","","Opened","7.282","38","Safe","Calm","8.5","61","16.4","10.9","1000.3","1011.9"
"2026-09-22","01:54:32","Clear","Dry","Dark","1.4","24.0","3200","57232","24.4","39%","28.4","","Opened","7.416","38","Safe","Calm","7.9","61","16.4","11.1","1000.3","1011.9"
"2026-09-22","01:54:42","Clear","Dry","Dark","1.4","24.0","3200","57232","24.4","39%","28.4","","Opened","7.368","38","Safe","Calm","7.6","61","16.4","11.1","1000.3","1011.9"
"2026-09-22","01:54:52","Clear","Dry","Dark","1.5","24.0","3200","57232","24.4","39%","28.4","","Opened","7.481","38","Safe","Calm","7.9","61","16.4","11.1","1000.3","1011.9"
"2026-09-22","01:55:02","Clear","Dry","Dark","1.5","24.0","3200","57232","24.4","39%","28.4","","Opened","7.411","38","Safe","Calm","7.5","61","16.4","11.1","1000.3","1011.9"
"2026-09-22","01:55:12","Clear","Dry","Dark","1.5","24.0","3200","57232","24.4","39%","28.4","","Opened","7.371","38","Safe","Windy","8.2","61","16.4","11.2","1000.3","1011.8"
"2026-09-22","01:55:22","Clear","Dry","Dark","1.7","24.0","3200","57232","24.4","39%","28.3","","Opened","7.328","38","Safe","Windy","9.9","61","16.4","11.3","1000.3","1011.9"
"2026-09-22","01:55:32","Clear","Dry","Dark","1.6","24.0","3200","57232","24.4","39%","28.2","","Opened","7.327","38","Safe","Windy","10.4","61","16.3","11.2","1000.1","1011.7"
"2026-09-22","01:55:42","Clear","Dry","Dark","1.5","24.0","3200","57232","24.4","39%","28.2","","Opened","7.292","38","Safe","Windy","10.3","61","16.4","11.1","1000.3","1011.9"
"2026-09-22","01:55:52","Clear","Dry","Dark","1.4","24.0","3200","57232","24.4","39%","28.3","","Opened","7.587","38","Safe","Windy","10.1","61","16.4","11.1","1000.4","1012.0"
"2026-09-22","01:56:02","Clear","Dry","Dark","1.3","24.0","3200","57232","24.4","39%","28.3","","Opened","7.398","38","Safe","Windy","10.3","61","16.4","11.0","1000.3","1011.8"
"2026-09-22","01:56:12","Clear","Dry","Dark","1.4","24.0","3200","57232","24.4","39%","28.3","","Opened","7.325","38","Safe","Windy","10.0","61","16.4","11.1","1000.4","1011.9"
"2026-09-22","01:56:22","Clear","Dry","Dark","1.3","24.0","3200","57232","24.4","39%","28.3","","Opened","7.411","38","Safe","Windy","8.5","61","16.4","11.0","1000.3","1011.8"
"2026-09-22","01:56:32","Clear","Dry","Dark","1.3","24.0","3200","57232","24.4","39%","28.4","","Opened","7.386","38","Safe","Windy","8.2","61","16.4","11.0","1000.3","1011.8"
"2026-09-22","01:56:42","Clear","Dry","Dark","1.3","24.0","3200","57232","24.4","39%","28.4","","Opened","7.335","38","Safe","Windy","8.0","61","16.4","11.0","1000.3","1011.8"
"2026-09-22","01:56:52","Clear","Dry","Dark","1.5","24.0","3200","57232","24.4","39%","28.4","","Opened","7.501","38","Safe","Windy","7.9","61","16.4","11.1","1000.4","1011.9"
"2026-09-22","01:57:02","Clear","Dry","Dark","1.3","24.0","3200","57232","24.4","39%","28.4","","Opened","7.391","38","Safe","Windy","7.6","61","16.4","11.0","1000.4","1011.9"
"2026-09-22","01:57:12","Clear","Dry","Dark","1.4","24.0","3200","57232","24.4","39%","28.4","","Opened","7.378","38","Safe","Calm","7.2","61","16.3","11.1","1000.3","1011.9"
"2026-09-22","01:57:22","Clear","Dry","Dark","1.5","24.0","3200","57232","24.4","39%","28.4","","Opened","7.343","38","Safe","Windy","7.8","61","16.4","11.2","1000.3","1011.9"
"2026-09-22","01:57:32","Clear","Dry","Dark","1.7","24.0","3200","57232","24.4","39%","28.4","","Opened","7.302","38","Safe","Windy","9.3","61","16.4","11.3","1000.4","1011.9"
"2026-09-22","01:57:42","Clear","Dry","Dark","1.6","24.0","3200","57232","24.4","39%","28.2","","Opened","7.392","38","Safe","Windy","10.1","61","16.3","11.2","1000.3","1011.8"
"2026-09-22","01:57:52","Clear","Dry","Dark","1.6","24.0","3200","57232","24.4","39%","28.1","","Opened","7.606","38","Safe","Windy","10.8","61","16.3","11.2","1000.3","1011.8"
"2026-09-22","01:58:02","Clear","Dry","Dark","1.4","24.1","3200","57232","24.4","39%","28.1","","Opened","7.319","38","Safe","Windy","11.4","61","16.3","11.1","1000.4","1012.0"
"2026-09-22","01:58:12","Clear","Dry","Dark","1.5","24.0","3200","57232","24.4","39%","28.2","","Opened","7.415","38","Safe","Windy","11.4","61","16.4","11.1","1000.4","1011.9"
"2026-09-22","01:58:22","Clear","Dry","Dark","1.4","24.1","3200","57232","24.4","39%","28.2","","Opened","7.376","38","Safe","Windy","11.1","61","16.4","11.1","1000.3","1011.9"
"2026-09-22","01:58:32","Clear","Dry","Dark","1.3","24.0","3200","57232","24.4","39%","28.2","","Opened","7.322","38","Safe","Windy","9.3","61","16.4","10.9","1000.3","1011.9"
"2026-09-22","01:58:42","Clear","Dry","Dark","1.4","24.0","3200","57232","24.4","39%","28.3","","Opened","7.276","38","Safe","Windy","9.0","61","16.3","11.0","1000.3","1011.9"
"2026-09-22","01:58:52","Clear","Dry","Dark","1.5","24.0","3200","57232","24.4","39%","28.3","","Opened","7.575","38","Safe","Windy","9.3","61","16.4","11.2","1000.3","1011.9"
"2026-09-22","01:59:02","Clear","Dry","Dark","1.6","24.0","3200","57232","24.4","39%","28.2","","Opened","7.332","38","Safe","Windy","9.4","61","16.3","11.2","1000.4","1011.9"
"2026-09-22","01:59:12","Clear","Dry","Dark","1.5","24.0","3200","57232","24.4","39%","28.2","","Opened","7.282","38","Safe","Windy","9.9","61","16.3","11.1","1000.3","1011.9"
"2026-09-22","01:59:22","Clear","Dry","Dark","1.5","24.0","3200","57232","24.4","39%","28.1","","Opened","7.389","38","Safe","Windy","9.7","61","16.3","11.1","1000.3","1011.8"
"2026-09-22","01:59:32","Clear","Dry","Dark","1.5","24.1","3200","57232","24.4","39%","28.2","","Opened","7.358","38","Safe","Windy","10.3","61","16.4","11.2","1000.3","1011.8"
"2026-09-22","01:59:42","Clear","Dry","Dark","1.4","24.1","3200","57232","24.4","39%","28.2","","Opened","7.306","38","Safe","Windy","10.6","61","16.4","11.0","1000.3","1011.9"
"2026-09-22","01:59:53","Clear","Dry","Dark","1.5","24.1","3200","57232","24.4","39%","28.1","Heating UP","Opened","7.697","38","Safe","Windy","9.9","61","16.3","11.1","1000.3","1011.9"
"2026-09-22","02:00:02","Clear","Dry","Dark","1.4","24.1","3328","57232","24.4","40%","28.2","","Opened","7.425","38","Safe","Windy","9.6","61","16.3","11.0","1000.3","1011.9"
"2026-09-22","02:00:12","Clear","Dry","Dark","1.7","24.1","3328","57232","24.4","40%","28.1","","Opened","7.360","38","Safe","Windy","10.0","61","16.3","11.3","1000.3","1011.8"
"2026-09-22","02:00:22","Clear","Dry","Dark","1.4","24.1","3328","57232","24.4","40%","28.1","","Opened","7.334","38","Safe","Windy","10.6","61","16.3","11.0","1000.2","1011.7"
"2026-09-22","02:00:32","Clear","Dry","Dark","1.4","24.0","3328","57232","24.4","40%","28.1","Heating UP","Opened","7.423","38","Safe","Windy","10.6","61","16.3","11.0","1000.3","1011.8"
"2026-09-22","02:00:42","Clear","Dry","Dark","1.5","24.1","3200","57232","24.4","41%","28.1","","Opened","7.313","38","Safe","Windy","10.3","61","16.3","11.1","1000.3","1011.9"
"2026-09-22","02:00:53","Clear","Dry","Dark","1.4","24.1","3200","57232","24.4","41%","28.1","Heating UP","Opened","7.666","38","Safe","Windy","10.1","61","16.3","11.1","1000.2","1011.7"
"2026-09-22","02:01:02","Clear","Dry","Dark","1.4","24.1","3200","57232","24.4","42%","28.2","","Opened","7.407","38","Safe","Windy","10.3","61","16.3","11.0","1000.2","1011.7"
"2026-09-22","02:01:12","Clear","Dry","Dark","1.4","24.0","3200","57232","24.4","42%","28.2","","Opened","7.346","38","Safe","Windy","9.9","61","16.3","11.1","1000.3","1011.9"
"2026-09-22","02:01:22","Clear","Dry","Dark","1.5","24.1","3200","57232","24.4","42%","28.2","","Opened","7.307","38","Safe","Windy","9.6","61","16.3","11.2","1000.3","1011.8"
"2026-09-22","02:01:32","Clear","Dry","Dark","1.5","24.1","3200","57232","24.4","42%","28.2","","Opened","7.375","38","Safe","Windy","9.3","61","16.3","11.1","1000.3","1011.8"
"2026-09-22","02:01:42","Clear","Dry","Dark","1.5","24.1","3200","57232","24.4","42%","28.2","","Opened","7.312","38","Safe","Windy","9.3","61","16.4","11.2","1000.3","1011.9"
"2026-09-22","02:01:52","Clear","Dry","Dark","1.7","24.1","3200","57232","24.4","42%","28.2","","Opened","7.536","38","Safe","Windy","10.4","61","16.3","11.4","1000.3","1011.8"
"2026-09-22","02:02:02","Clear","Dry","Dark","1.4","24.1","3200","57232","24.4","42%","28.1","Heating UP","Opened","7.454","38","Safe","Windy","10.0","61","16.3","11.1","1000.1","1011.7"
"2026-09-22","02:02:12","Clear","Dry","Dark","1.3","24.1","3200","57232","24.4","43%","28.2","","Opened","7.317","38","Safe","Windy","9.4","61","16.3","11.0","1000.3","1011.9"
"2026-09-22","02:02:22","Clear","Dry","Dark","1.3","24.1","3200","57232","24.5","43%","28.3","","Opened","7.291","38","Safe","Windy","9.6","61","16.4","11.0","1000.3","1011.9"
"2026-09-22","02:02:32","Clear","Dry","Dark","1.3","24.1","3200","57232","24.4","43%","28.3","","Opened","7.389","38","Safe","Windy","9.7","61","16.3","11.0","1000.3","1011.8"
"2026-09-22","02:02:42","Clear","Dry","Dark","1.4","24.1","3200","57232","24.5","43%","28.3","","Opened","7.322","38","Safe","Windy","9.7","61","16.3","11.1","1000.3","1011.8"
"2026-09-22","02:02:52","Clear","Dry","Dark","1.3","24.1","3200","57232","24.5","43%","28.3","","Opened","7.553","38","Safe","Windy","9.2","60","16.3","11.0","1000.2","1011.7"
"2026-09-22","02:03:02","Clear","Dry","Dark","1.4","24.1","3200","57232","24.4","43%","28.3","","Opened","7.417","38","Safe","Windy","9.4","60","16.3","11.1","1000.3","1011.8"
"2026-09-22","02:03:12","Clear","Dry","Dark","1.4","24.1","3200","57232","24.5","43%","28.3","","Opened","7.327","38","Safe","Windy","10.1","60","16.3","11.1","1000.2","1011.7"
"2026-09-22","02:03:22","Clear","Dry","Dark","1.4","24.1","3200","57232","24.5","43%","28.2","","Opened","7.290","38","Safe","Windy","10.4","60","16.3","11.1","1000.3","1011.8"
"2026-09-22","02:03:32","Clear","Dry","Dark","1.3","24.1","3200","57232","24.5","43%","28.3","","Opened","7.397","38","Safe","Windy","10.1","60","16.3","11.0","1000.3","1011.8"
"2026-09-22","02:03:42","Clear","Dry","Dark","1.3","24.1","3200","57232","24.4","43%","28.3","","Opened","7.373","38","Safe","Windy","9.9","60","16.3","11.0","1000.3","1011.9"
"2026-09-22","02:03:52","Clear","Dry","Dark","1.3","24.1","3200","57232","24.5","43%","28.4","","Opened","7.479","38","Safe","Windy","9.3","60","16.3","10.9","1000.3","1011.9"
"2026-09-22","02:04:02","Clear","Dry","Dark","1.4","24.1","3200","57232","24.5","43%","28.4","","Opened","7.291","38","Safe","Windy","10.7","60","16.3","11.1","1000.2","1011.7"
"2026-09-22","02:04:12","Clear","Dry","Dark","1.4","24.1","3200","57232","24.5","43%","28.4","","Opened","7.366","38","Safe","Windy","10.7","60","16.3","11.1","1000.2","1011.7"
"2026-09-22","02:04:22","Clear","Dry","Dark","1.4","24.1","3200","57232","24.4","43%","28.4","","Opened","7.311","38","Safe","Windy","10.6","60","16.3","11.1","1000.0","1011.5"
"2026-09-22","02:04:32","Clear","Dry","Dark","1.2","24.1","3200","57232","24.5","43%","28.3","","Opened","7.415","38","Safe","Windy","10.8","60","16.3","10.9","1000.1","1011.7"
"2026-09-22","02:04:42","Clear","Dry","Dark","1.2","24.1","3200","57232","24.4","43%","28.4","","Opened","7.355","38","Safe","Windy","10.7","60","16.3","10.9","1000.3","1011.8"
"2026-09-22","02:04:52","Clear","Dry","Dark","1.3","24.1","3200","57232","24.5","43%","28.4","","Opened","7.467","38","Safe","Windy","11.0","61","16.3","11.0","1000.2","1011.7"
"2026-09-22","02:05:02","Clear","Dry","Dark","1.2","24.1","3200","57232","24.5","43%","28.5","","Opened","7.398","38","Safe","Windy","9.2","60","16.3","10.9","1000.1","1011.7"
"2026-09-22","02:05:12","Clear","Dry","Dark","1.3","24.1","3200","57232","24.5","43%","28.5","","Opened","7.340","38","Safe","Windy","8.7","60","16.3","11.0","1000.3","1011.8"
"2026-09-22","02:05:22","Clear","Dry","Dark","1.2","24.1","3200","57232","24.5","43%","28.5","","Opened","7.301","38","Safe","Calm","8.3","60","16.3","10.8","1000.1","1011.7"
"2026-09-22","02:05:32","Clear","Dry","Dark","1.2","24.1","3200","57232","24.4","43%","28.5","","Opened","7.400","38","Safe","Windy","8.6","60","16.3","10.9","1000.1","1011.7"
"2026-09-22","02:05:42","Clear","Dry","Dark","1.2","24.1","3200","57232","24.5","43%","28.5","","Opened","7.347","38","Safe","Windy","9.0","60","16.3","10.9","1000.3","1011.8"
"2026-09-22","02:05:52","Clear","Dry","Dark","1.1","24.1","3200","57232","24.5","43%","28.5","","Opened","7.459","38","Safe","Windy","8.9","60","16.3","10.8","1000.2","1011.7"
"2026-09-22","02:06:02","Clear","Dry","Dark","1.0","24.1","3200","57232","24.5","43%","28.6","","Opened","7.390","38","Safe","Windy","8.9","60","16.3","10.7","1000.2","1011.7"
"2026-09-22","02:06:12","Clear","Dry","Dark","1.2","24.1","3200","57232","24.5","43%","28.6","","Opened","7.311","38","Safe","Windy","8.6","60","16.3","10.9","1000.2","1011.7"
"2026-09-22","02:06:22","Clear","Dry","Dark","1.2","24.1","3200","57232","24.5","43%","28.6","","Opened","7.394","38","Safe","Windy","8.9","60","16.3","10.9","1000.2","1011.7"
"2026-09-22","02:06:32","Clear","Dry","Dark","1.2","24.1","3200","57232","24.5","43%","28.6","","Opened","7.354","38","Safe","Windy","8.5","60","16.3","10.9","1000.3","1011.8"
"2026-09-22","02:06:42","Clear","Dry","Dark","1.2","24.1","3200","57232","24.5","43%","28.6","","Opened","7.319","38","Safe","Windy","9.0","60","16.3","10.9","1000.1","1011.7"
"2026-09-22","02:06:52","Clear","Dry","Dark","1.2","24.1","3200","57232","24.4","43%","28.5","","Opened","7.446","38","Safe","Windy","9.7","60","16.3","10.9","1000.3","1011.8"
"2026-09-22","02:07:02","Clear","Dry","Dark","1.2","24.1","3200","57232","24.5","43%","28.5","","Opened","7.361","38","Safe","Windy","10.4","60","16.3","10.9","1000.2","1011.7"
"2026-09-22","02:07:12","Clear","Dry","Dark","1.1","24.1","3200","57232","24.5","43%","28.5","","Opened","7.296","38","Safe","Windy","10.8","60","16.3","10.8","1000.2","1011.7"
"2026-09-22","02:07:22","Clear","Dry","Dark","1.2","24.1","3200","57232","24.5","43%","28.5","","Opened","7.378","38","Safe","Windy","10.7","60","16.3","10.8","1000.1","1011.7"
"2026-09-22","02:07:32","Clear","Dry","Dark","1.1","24.1","3200","57232","24.4","43%","28.4","","Opened","7.317","38","Safe","Windy","11.0","60","16.3","10.8","1000.2","1011.7"
"2026-09-22","02:07:42","Clear","Dry","Dark","1.2","24.1","3200","57232","24.4","43%","28.4","","Opened","7.401","38","Safe","Windy","10.1","60","16.3","10.9","1000.1","1011.7"
"2026-09-22","02:07:52","Clear","Dry","Dark","1.2","24.1","3200","57232","24.4","43%","28.4","","Opened","7.500","38","Safe","Windy","9.6","60","16.3","10.9","1000.2","1011.7"
"2026-09-22","02:08:02","Clear","Dry","Dark","1.2","24.1","3200","57232","24.4","43%","28.4","","Opened","7.295","38","Safe","Calm","9.4","60","16.3","10.9","1000.3","1011.8"
"2026-09-22","02:08:12","Clear","Dry","Dark","1.1","24.1","3200","57232","24.4","43%","28.4","","Opened","7.374","38","Safe","Calm","9.3","60","16.3","10.8","1000.1","1011.7"
"2026-09-22","02:08:22","Clear","Dry","Dark","1.2","24.1","3200","57232","24.4","43%","28.4","","Opened","7.329","38","Safe","Windy","9.6","61","16.3","10.8","1000.2","1011.7"
"2026-09-22","02:08:32","Clear","Dry","Dark","1.2","24.1","3200","57232","24.4","43%","28.3","","Opened","7.284","38","Safe","Windy","9.9","61","16.3","10.9","1000.2","1011.7"
"2026-09-22","02:08:42","Clear","Dry","Dark","1.1","24.2","3200","57232","24.4","43%","28.3","","Opened","7.361","38","Safe","Windy","9.9","61","16.3","10.8","1000.1","1011.6"
"2026-09-22","02:08:52","Clear","Dry","Dark","1.1","24.2","3200","57232","24.4","43%","28.3","","Opened","7.480","38","Safe","Windy","9.7","61","16.3","10.7","1000.3","1011.8"
"2026-09-22","02:09:02","Clear","Dry","Dark","1.3","24.2","3200","57232","24.4","43%","28.3","","Opened","7.405","38","Safe","Windy","10.0","61","16.3","11.0","1000.2","1011.7"
"2026-09-22","02:09:12","Clear","Dry","Dark","1.0","24.2","3200","57232","24.4","43%","28.3","","Opened","7.336","38","Safe","Windy","10.6","61","16.3","10.7","1000.1","1011.7"
"2026-09-22","02:09:22","Clear","Dry","Dark","1.1","24.1","3200","57232","24.4","43%","28.3","","Opened","7.303","38","Safe","Windy","10.1","61","16.3","10.8","1000.1","1011.7"
"2026-09-22","02:09:32","Clear","Dry","Dark","1.0","24.1","3200","57232","24.4","43%","28.3","","Opened","7.392","38","Safe","Windy","9.6","61","16.3","10.7","1000.2","1011.7"
"2026-09-22","02:09:42","Clear","Dry","Dark","1.0","24.1","3200","57232","24.4","43%","28.4","","Opened","7.327","38","Safe","Windy","9.3","61","16.3","10.7","1000.1","1011.7"
"2026-09-22","02:09:52","Clear","Dry","Dark","1.1","24.1","3200","57232","24.4","43%","28.5","","Opened","7.447","38","Safe","Windy","9.9","61","16.3","10.8","1000.2","1011.7"
"2026-09-22","02:10:02","Clear","Dry","Dark","1.1","24.1","3200","57232","24.4","43%","28.5","","Opened","7.360","38","Safe","Windy","9.6","61","16.3","10.8","1000.1","1011.6"
"2026-09-22","02:10:12","Clear","Wet","Dark","1.1","24.1","3199","57232","24.4","43%","28.4","","Opened","7.301","38","Safe","Windy","9.6","61","16.3","10.8","1000.1","1011.7"
"2026-09-22","02:10:22","Clear","Dry","Dark","1.2","24.1","3200","57232","24.4","43%","28.4","","Opened","7.378","38","Safe","Windy","9.9","61","16.3","10.8","1000.1","1011.6"
"2026-09-22","02:10:32","Clear","Dry","Dark","1.0","24.1","3200","57232","24.4","43%","28.3","","Opened","7.336","38","Safe","Windy","10.4","61","16.3","10.7","1000.2","1011.7"
"2026-09-22","02:10:42","Clear","Dry","Dark","1.0","24.1","3200","57232","24.4","43%","28.3","","Opened","7.302","38","Safe","Windy","10.8","61","16.3","10.7","1000.1","1011.7"
"2026-09-22","02:10:52","Clear","Dry","Dark","1.0","24.1","3200","57232","24.4","43%","28.3","","Opened","7.529","38","Safe","Windy","10.7","61","16.3","10.7","1000.1","1011.7"
"2026-09-22","02:11:02","Clear","Dry","Dark","1.0","24.1","3200","57232","24.4","43%","28.3","","Opened","7.333","38","Safe","Windy","10.3","61","16.3","10.6","1000.1","1011.6"
"2026-09-22","02:11:12","Clear","Dry","Dark","1.0","24.1","3200","57232","24.4","43%","28.4","","Opened","7.280","38","Safe","Windy","9.3","61","16.3","10.6","1000.1","1011.7"
"2026-09-22","02:11:22","Clear","Dry","Dark","0.9","24.1","3200","57232","24.4","43%","28.5","","Opened","7.361","38","Safe","Windy","8.5","61","16.3","10.6","1000.1","1011.7"
"2026-09-22","02:11:32","Clear","Dry","Dark","1.0","24.0","3200","57232","24.4","43%","28.6","","Opened","7.299","38","Safe","Windy","8.0","61","16.3","10.7","1000.2","1011.7"
"2026-09-22","02:11:42","Clear","Dry","Dark","0.9","24.0","3200","57232","24.4","43%","28.7","Heating DOWN","Opened","7.414","38","Safe","Windy","8.2","61","16.3","10.6","1000.1","1011.7"
"2026-09-22","02:11:52","Clear","Dry","Dark","0.9","24.0","3200","57232","24.4","42%","28.6","","Opened","7.502","38","Safe","Calm","7.6","61","16.3","10.6","1000.2","1011.7"
"2026-09-22","02:12:02","Clear","Dry","Dark","0.9","24.0","3200","57232","24.4","42%","28.7","Heating DOWN","Opened","7.489","38","Safe","Windy","8.2","61","16.3","10.6","1000.1","1011.7"
"2026-09-22","02:12:12","Clear","Dry","Dark","1.1","24.0","3200","57232","24.4","41%","28.6","","Opened","7.404","38","Safe","Windy","9.2","61","16.3","10.7","1000.1","1011.7"
"2026-09-22","02:12:22","Clear","Dry","Dark","1.1","24.0","3200","57232","24.4","41%","28.5","","Opened","7.376","38","Safe","Windy","10.1","61","16.3","10.7","1000.1","1011.7"
"2026-09-22","02:12:32","Clear","Dry","Dark","1.0","24.0","3200","57232","24.4","41%","28.4","","Opened","7.327","38","Safe","Windy","10.7","61","16.3","10.7","1000.2","1011.7"
"2026-09-22","02:12:42","Clear","Dry","Dark","1.1","24.0","3200","57232","24.4","41%","28.3","","Opened","7.288","38","Safe","Windy","10.7","61","16.3","10.7","1000.1","1011.7"
"2026-09-22","02:12:52","Clear","Dry","Dark","1.0","24.1","3200","57232","24.4","41%","28.2","","Opened","7.557","38","Safe","Windy","11.4","61","16.3","10.6","1000.1","1011.6"
"2026-09-22","02:13:02","Clear","Dry","Dark","1.1","24.1","3200","57232","24.4","41%","28.2","","Opened","7.314","38","Safe","Windy","12.1","61","16.3","10.8","1000.0","1011.5"
"2026-09-22","02:13:12","Clear","Dry","Dark","1.1","24.1","3200","57232","24.4","41%","28.1","Heating UP","Opened","7.505","38","Safe","Windy","12.0","60","16.3","10.8","1000.1","1011.6"
"2026-09-22","02:13:22","Clear","Dry","Dark","1.0","24.1","3200","57232","24.4","42%","28.2","","Opened","7.389","38","Safe","Windy","11.5","60","16.3","10.6","1000.1","1011.6"
"2026-09-22","02:13:32","Clear","Dry","Dark","0.9","24.1","3200","57232","24.4","42%","28.2","","Opened","7.330","38","Safe","Windy","10.8","61","16.3","10.6","1000.1","1011.7"
"2026-09-22","02:13:42","Clear","Dry","Dark","1.1","24.1","3200","57232","24.4","42%","28.2","","Opened","7.281","38","Safe","Windy","11.0","61","16.3","10.7","1000.1","1011.7"
"2026-09-22","02:13:52","Clear","Dry","Dark","1.0","24.1","3200","57232","24.4","42%","28.2","","Opened","7.557","38","Safe","Windy","10.1","60","16.3","10.7","1000.2","1011.7"
"2026-09-22","02:14:02","Clear","Dry","Dark","1.2","24.0","3200","57232","24.4","42%","28.3","","Opened","7.331","38","Safe","Windy","10.1","60","16.3","10.8","1000.1","1011.6"
"2026-09-22","02:14:12","Clear","Dry","Dark","0.9","24.1","3200","57232","24.4","42%","28.2","","Opened","7.286","38","Safe","Windy","10.1","60","16.3","10.6","1000.1","1011.6"
"2026-09-22","02:14:22","Clear","Dry","Dark","1.0","24.1","3200","57232","24.4","42%","28.2","","Opened","7.378","38","Safe","Windy","10.4","60","16.3","10.7","1000.1","1011.7"
"2026-09-22","02:14:32","Clear","Dry","Dark","0.9","24.0","3200","57232","24.4","42%","28.2","","Opened","7.322","38","Safe","Windy","11.0","61","16.3","10.6","1000.1","1011.6"
"2026-09-22","02:14:42","Clear","Dry","Dark","0.9","24.1","3200","57232","24.4","42%","28.2","","Opened","7.405","38","Safe","Windy","10.4","61","16.3","10.5","1000.2","1011.7"
"2026-09-22","02:14:52","Clear","Dry","Dark","1.0","24.1","3200","57232","24.4","42%","28.3","","Opened","7.585","38","Safe","Windy","10.4","61","16.3","10.6","1000.1","1011.6"
"2026-09-22","02:15:02","Clear","Dry","Dark","1.0","24.0","3200","57232","24.4","42%","28.3","","Opened","7.363","38","Safe","Windy","9.3","61","16.3","10.7","1000.1","1011.6"
"2026-09-22","02:15:12","Clear","Dry","Dark","1.0","24.0","3200","57232","24.4","42%","28.3","","Opened","7.309","38","Safe","Windy","9.4","61","16.3","10.7","1000.1","1011.7"
"2026-09-22","02:15:22","Clear","Dry","Dark","1.1","24.1","3200","57232","24.4","42%","28.3","","Opened","7.391","38","Safe","Windy","9.6","61","16.3","10.7","1000.1","1011.6"
"2026-09-22","02:15:32","Clear","Dry","Dark","1.1","24.1","3200","57232","24.4","42%","28.2","","Opened","7.365","38","Safe","Windy","9.3","60","16.3","10.8","1000.1","1011.7"
"2026-09-22","02:15:42","Clear","Dry","Dark","0.9","24.0","3200","57232","24.4","42%","28.3","","Opened","7.338","38","Safe","Windy","9.0","60","16.3","10.6","1000.1","1011.6"
"2026-09-22","02:15:52","Clear","Dry","Dark","1.1","24.1","3200","57232","24.4","42%","28.4","","Opened","7.453","38","Safe","Windy","10.1","61","16.3","10.8","1000.2","1011.7"
"2026-09-22","02:16:02","Clear","Dry","Dark","1.0","24.1","3200","57232","24.4","42%","28.3","","Opened","7.387","38","Safe","Windy","10.6","60","16.3","10.7","1000.1","1011.7"
"2026-09-22","02:16:12","Clear","Dry","Dark","1.0","24.1","3200","57232","24.4","42%","28.3","","Opened","7.320","38","Safe","Windy","10.1","60","16.3","10.7","999.9","1011.5"
"2026-09-22","02:16:22","Clear","Dry","Dark","1.0","24.1","3200","57232","24.4","42%","28.3","","Opened","7.274","38","Safe","Windy","10.1","61","16.3","10.7","999.9","1011.5"
"2026-09-22","02:16:32","Clear","Dry","Dark","0.9","24.1","3200","57232","24.4","42%","28.3","","Opened","7.353","38","Safe","Windy","9.7","60","16.3","10.6","1000.1","1011.7"
"2026-09-22","02:16:42","Clear","Dry","Dark","0.9","24.1","3200","57232","24.4","42%","28.3","","Opened","7.308","38","Safe","Windy","10.3","61","16.3","10.6","1000.1","1011.7"
"2026-09-22","02:16:52","Clear","Dry","Dark","0.9","24.0","3200","57232","24.4","42%","28.4","","Opened","7.579","38","Safe","Windy","9.6","61","16.3","10.6","1000.1","1011.7"
"2026-09-22","02:17:02","Clear","Dry","Dark","1.0","24.1","3200","57232","24.4","42%","28.4","","Opened","7.356","38","Safe","Windy","9.9","61","16.3","10.7","1000.1","1011.7"
"2026-09-22","02:17:12","Clear","Dry","Dark","1.0","24.1","3200","57232","24.4","42%","28.3","","Opened","7.308","38","Safe","Windy","10.4","61","16.3","10.7","999.8","1011.3"
"2026-09-22","02:17:22","Clear","Dry","Dark","1.0","24.1","3200","57232","24.4","42%","28.2","","Opened","7.400","38","Safe","Windy","10.1","60","16.3","10.6","1000.1","1011.6"
"2026-09-22","02:17:32","Clear","Dry","Dark","0.8","24.1","3200","57232","24.4","42%","28.2","","Opened","7.372","38","Safe","Windy","10.0","61","16.3","10.5","1000.0","1011.5"
"2026-09-22","02:17:42","Clear","Dry","Dark","1.0","24.1","3200","57232","24.4","42%","28.2","","Opened","7.341","38","Safe","Windy","11.4","61","16.3","10.7","1000.1","1011.6"
"2026-09-22","02:17:52","Clear","Dry","Dark","1.0","24.1","3200","57232","24.4","42%","28.1","Heating UP","Opened","7.585","38","Safe","Windy","11.5","60","16.3","10.7","999.9","1011.5"
"2026-09-22","02:18:02","Clear","Dry","Dark","1.0","24.1","3200","57232","24.4","43%","28.1","Heating UP","Opened","7.425","38","Safe","Windy","11.4","60","16.3","10.6","1000.0","1011.5"
"2026-09-22","02:18:12","Clear","Dry","Dark","0.9","24.1","3328","57232","24.4","44%","28.2","","Opened","7.320","38","Safe","Windy","10.7","61","16.3","10.6","1000.1","1011.6"
"2026-09-22","02:18:22","Clear","Dry","Dark","0.9","24.1","3328","57232","24.4","44%","28.2","","Opened","7.268","38","Safe","Windy","10.3","61","16.3","10.6","1000.1","1011.7"
"2026-09-22","02:18:32","Clear","Dry","Dark","0.9","24.1","3328","57232","24.4","44%","28.2","","Opened","7.354","38","Safe","Windy","10.7","61","16.3","10.5","1000.1","1011.7"
"2026-09-22","02:18:42","Clear","Dry","Dark","1.0","24.1","3328","57232","24.4","44%","28.3","","Opened","7.337","38","Safe","Windy","9.4","61","16.3","10.7","1000.0","1011.5"
"2026-09-22","02:18:52","Clear","Dry","Dark","0.9","24.0","3328","57232","24.4","44%","28.3","","Opened","7.512","38","Safe","Windy","9.3","61","16.3","10.6","1000.1","1011.6"
"2026-09-22","02:19:02","Clear","Dry","Dark","0.9","24.1","3328","57232","24.4","44%","28.3","","Opened","7.272","38","Safe","Calm","8.6","61","16.3","10.5","1000.1","1011.6"
"2026-09-22","02:19:12","Clear","Dry","Dark","0.9","24.1","3328","57232","24.4","44%","28.3","","Opened","7.353","38","Safe","Windy","8.9","61","16.3","10.6","1000.1","1011.6"
"2026-09-22","02:19:22","Clear","Dry","Dark","0.9","24.0","3328","57232","24.4","44%","28.3","","Opened","7.358","38","Safe","Windy","9.0","61","16.3","10.6","999.9","1011.5"
"2026-09-22","02:19:32","Clear","Dry","Dark","0.9","24.0","3328","57232","24.4","44%","28.4","","Opened","7.307","38","Safe","Windy","9.3","61","16.3","10.6","1000.1","1011.6"
"2026-09-22","02:19:42","Clear","Dry","Dark","1.0","24.0","3328","57232","24.4","44%","28.3","","Opened","7.281","38","Safe","Windy","9.4","61","16.3","10.7","1000.1","1011.7"
"2026-09-22","02:19:52","Clear","Dry","Dark","0.9","24.1","3328","57232","24.4","44%","28.4","","Opened","7.555","38","Safe","Windy","9.4","61","16.3","10.6","1000.0","1011.5"
"2026-09-22","02:20:02","Clear","Dry","Dark","0.8","24.0","3328","57232","24.4","44%","28.4","","Opened","7.322","38","Safe","Windy","9.3","61","16.3","10.4","1000.1","1011.6"
"2026-09-22","02:20:12","Clear","Dry","Dark","0.9","24.0","3328","57232","24.4","44%","28.5","","Opened","7.310","38","Safe","Windy","8.7","61","16.3","10.6","1000.1","1011.6"
"2026-09-22","02:20:22","Clear","Dry","Dark","0.9","24.0","3328","57232","24.4","44%","28.5","","Opened","7.389","38","Safe","Windy","9.6","61","16.3","10.6","1000.0","1011.5"
"2026-09-22","02:20:32","Clear","Dry","Dark","0.9","24.0","3328","57232","24.4","44%","28.4","","Opened","7.327","38","Safe","Windy","9.6","61","16.3","10.5","999.9","1011.5"
"2026-09-22","02:20:42","Clear","Dry","Dark","1.0","24.0","3328","57232","24.4","44%","28.4","","Opened","7.307","38","Safe","Windy","9.6","61","16.3","10.6","999.9","1011.4"
"2026-09-22","02:20:52","Clear","Dry","Dark","0.8","24.0","3328","57232","24.4","44%","28.4","","Opened","7.590","38","Safe","Windy","9.2","61","16.3","10.4","1000.0","1011.5"
"2026-09-22","02:21:02","Clear","Dry","Dark","0.8","24.0","3328","57232","24.4","44%","28.5","","Opened","7.357","38","Safe","Windy","10.0","61","16.3","10.5","1000.0","1011.5"
"2026-09-22","02:21:12","Clear","Dry","Dark","0.9","24.0","3328","57232","24.4","44%","28.4","","Opened","7.307","38","Safe","Windy","10.8","61","16.3","10.6","999.9","1011.5"
"2026-09-22","02:21:22","Clear","Dry","Dark","0.8","24.0","3328","57232","24.4","44%","28.4","","Opened","7.389","38","Safe","Windy","10.0","61","16.3","10.4","1000.0","1011.5"
"2026-09-22","02:21:32","Clear","Dry","Dark","1.1","24.0","3328","57232","24.4","44%","28.5","","Opened","7.353","38","Safe","Windy","10.0","61","16.3","10.7","1000.0","1011.5"
"2026-09-22","02:21:42","Clear","Dry","Dark","0.8","24.0","3328","57232","24.4","44%","28.4","","Opened","7.318","38","Safe","Windy","10.6","61","16.3","10.5","1000.0","1011.5"
"2026-09-22","02:21:52","Clear","Dry","Dark","1.0","24.0","3328","57232","24.4","44%","28.3","","Opened","7.538","38","Safe","Windy","11.3","61","16.3","10.6","1000.1","1011.6"
"2026-09-22","02:22:02","Clear","Dry","Dark","0.8","24.0","3328","57232","24.4","44%","28.3","","Opened","7.364","38","Safe","Windy","10.7","61","16.3","10.4","999.8","1011.3"
"2026-09-22","02:22:12","Clear","Dry","Dark","0.8","24.0","3328","57232","24.4","44%","28.4","","Opened","7.345","38","Safe","Windy","10.1","61","16.3","10.4","1000.0","1011.5"
"2026-09-22","02:22:22","Clear","Dry","Dark","0.9","24.0","3328","57232","24.4","44%","28.3","","Opened","7.296","38","Safe","Windy","10.7","61","16.3","10.6","999.9","1011.5"
"2026-09-22","02:22:32","Clear","Dry","Dark","0.9","24.0","3328","57232","24.4","44%","28.3","","Opened","7.424","38","Safe","Windy","10.8","61","16.3","10.6","999.9","1011.5"
"2026-09-22","02:22:42","Clear","Dry","Dark","0.9","24.0","3328","57232","24.4","44%","28.3","","Opened","7.392","38","Safe","Windy","10.3","61","16.3","10.5","999.9","1011.5"
"2026-09-22","02:22:52","Clear","Dry","Dark","0.9","24.0","3328","57232","24.4","44%","28.2","","Opened","7.538","38","Safe","Windy","9.9","61","16.3","10.5","1000.1","1011.6"
"2026-09-22","02:23:02","Clear","Dry","Dark","0.7","24.0","3328","57232","24.4","44%","28.3","","Opened","7.294","38","Safe","Windy","9.6","61","16.3","10.4","999.9","1011.5"
"2026-09-22","02:23:12","Clear","Dry","Dark","0.8","24.0","3328","57232","24.4","44%","28.4","","Opened","7.310","38","Safe","Windy","9.3","61","16.3","10.4","1000.0","1011.5"
"2026-09-22","02:23:22","Clear","Dry","Dark","0.9","24.0","3328","57232","24.4","44%","28.5","","Opened","7.398","38","Safe","Windy","8.9","61","16.3","10.5","1000.0","1011.5"
"2026-09-22","02:23:32","Clear","Dry","Dark","0.7","24.0","3328","57232","24.4","44%","28.5","","Opened","7.378","38","Safe","Windy","8.0","61","16.3","10.3","999.9","1011.5"
"2026-09-22","02:23:42","Clear","Dry","Dark","0.7","24.0","3328","57232","24.4","44%","28.6","","Opened","7.330","38","Safe","Calm","7.3","61","16.3","10.4","1000.0","1011.5"
"2026-09-22","02:23:53","Clear","Dry","Dark","0.8","24.0","3328","57232","24.4","44%","28.7","Heating DOWN","Opened","7.727","38","Safe","Calm","7.2","61","16.3","10.4","1000.0","1011.5"
"2026-09-22","02:24:02","Clear","Dry","Dark","0.8","23.9","3200","57232","24.4","43%","28.7","Heating DOWN","Opened","7.550","38","Safe","Calm","7.8","61","16.3","10.4","999.9","1011.5"
"2026-09-22","02:24:12","Clear","Dry","Dark","0.9","24.0","3200","57232","24.4","42%","28.6","","Opened","7.301","38","Safe","Windy","8.9","61","16.3","10.5","1000.1","1011.6"
"2026-09-22","02:24:22","Clear","Dry","Dark","1.1","24.0","3200","57232","24.4","42%","28.4","","Opened","7.383","38","Safe","Windy","9.6","61","16.3","10.7","999.9","1011.5"
"2026-09-22","02:24:32","Clear","Dry","Dark","0.9","24.0","3200","57232","24.4","42%","28.3","","Opened","7.366","38","Safe","Windy","10.6","61","16.3","10.6","999.9","1011.4"
"2026-09-22","02:24:42","Clear","Dry","Dark","0.8","24.0","3200","57232","24.4","42%","28.3","","Opened","7.313","38","Safe","Windy","10.8","61","16.3","10.4","999.9","1011.4"
"2026-09-22","02:24:52","Clear","Dry","Dark","0.9","24.0","3200","57232","24.4","42%","28.3","","Opened","7.609","38","Safe","Windy","10.8","61","16.3","10.6","999.9","1011.5"
"2026-09-22","02:25:02","Clear","Dry","Dark","0.8","24.0","3200","57232","24.4","42%","28.3","","Opened","7.377","38","Safe","Windy","10.6","61","16.3","10.5","999.9","1011.5"
"2026-09-22","02:25:12","Clear","Dry","Dark","0.9","24.0","3200","57232","24.4","42%","28.3","","Opened","7.325","38","Safe","Windy","10.0","61","16.3","10.5","999.9","1011.5"
"2026-09-22","02:25:22","Clear","Dry","Dark","0.9","24.0","3200","57232","24.4","42%","28.3","","Opened","7.269","38","Safe","Windy","9.3","61","16.3","10.5","1000.0","1011.5"
"2026-09-22","02:25:32","Clear","Dry","Dark","1.0","24.0","3200","57232","24.4","42%","28.3","","Opened","7.341","38","Safe","Windy","9.4","61","16.3","10.6","999.9","1011.4"
"2026-09-22","02:25:42","Clear","Dry","Dark","1.0","24.0","3200","57232","24.4","42%","28.2","","Opened","7.332","38","Safe","Windy","10.0","61","16.3","10.7","999.9","1011.4"
"2026-09-22","02:25:52","Clear","Dry","Dark","0.9","24.1","3200","57232","24.4","42%","28.2","","Opened","7.466","38","Safe","Windy","10.1","61","16.3","10.5","999.9","1011.4"
"2026-09-22","02:26:02","Clear","Dry","Dark","0.8","24.1","3200","57232","24.4","42%","28.2","","Opened","7.389","38","Safe","Windy","10.6","61","16.3","10.5","999.9","1011.5"
"2026-09-22","02:26:12","Clear","Dry","Dark","0.7","24.1","3200","57232","24.4","42%","28.2","","Opened","7.313","38","Safe","Windy","10.0","61","16.3","10.4","999.9","1011.5"
"2026-09-22","02:26:22","Clear","Dry","Dark","0.9","24.0","3200","57232","24.4","42%","28.3","","Opened","7.297","38","Safe","Windy","9.9","61","16.3","10.5","1000.0","1011.5"
"2026-09-22","02:26:32","Clear","Dry","Dark","0.8","24.0","3200","57232","24.4","42%","28.3","","Opened","7.375","38","Safe","Windy","9.2","61","16.3","10.4","999.8","1011.3"
"2026-09-22","02:26:42","Clear","Dry","Dark","0.7","24.0","3200","57232","24.4","42%","28.3","","Opened","7.340","38","Safe","Windy","9.0","61","16.3","10.4","999.9","1011.4"
"2026-09-22","02:26:52","Clear","Dry","Dark","0.8","24.0","3200","57232","24.4","42%","28.3","","Opened","7.457","38","Safe","Windy","8.9","61","16.3","10.4","1000.0","1011.5"
"2026-09-22","02:27:02","Clear","Dry","Dark","0.8","24.0","3200","57232","24.4","42%","28.4","","Opened","7.397","38","Safe","Windy","8.5","61","16.3","10.5","999.9","1011.4"
"2026-09-22","02:27:12","Clear","Dry","Dark","0.8","24.0","3200","57232","24.4","42%","28.3","","Opened","7.375","38","Safe","Windy","8.7","61","16.3","10.4","999.9","1011.4"
"2026-09-22","02:27:22","Clear","Dry","Dark","0.9","24.0","3200","57232","24.4","42%","28.3","","Opened","7.301","38","Safe","Windy","9.3","61","16.3","10.5","999.9","1011.4"
"2026-09-22","02:27:32","Clear","Dry","Dark","0.6","24.0","3200","57232","24.4","42%","28.3","","Opened","7.239","38","Safe","Windy","9.0","61","16.3","10.3","999.8","1011.3"
"2026-09-22","02:27:42","Clear","Dry","Dark","0.8","24.0","3200","57232","24.4","42%","28.3","","Opened","7.309","38","Safe","Windy","8.7","61","16.3","10.4","999.9","1011.4"
"2026-09-22","02:27:52","Clear","Dry","Dark","0.8","24.0","3200","57232","24.4","42%","28.3","","Opened","7.603","38","Safe","Windy","9.2","61","16.3","10.4","999.9","1011.5"
"2026-09-22","02:28:02","Clear","Dry","Dark","0.7","24.0","3200","57232","24.4","42%","28.3","","Opened","7.361","38","Safe","Windy","9.2","61","16.3","10.4","999.9","1011.4"
"2026-09-22","02:28:12","Clear","Dry","Dark","0.8","24.0","3200","57232","24.4","42%","28.3","","Opened","7.307","38","Safe","Windy","9.2","61","16.3","10.4","999.8","1011.3"
"2026-09-22","02:28:22","Clear","Dry","Dark","0.8","24.0","3200","57232","24.3","42%","28.3","","Opened","7.426","38","Safe","Windy","8.7","61","16.3","10.4","999.8","1011.3"
"2026-09-22","02:28:32","Clear","Dry","Dark","0.8","24.0","3200","57232","24.4","42%","28.3","","Opened","7.288","38","Safe","Windy","9.7","61","16.3","10.4","1000.0","1011.5"
"2026-09-22","02:28:42","Clear","Dry","Dark","0.9","24.0","3200","57232","24.4","42%","28.2","","Opened","7.375","38","Safe","Windy","10.0","61","16.3","10.5","999.9","1011.4"
"2026-09-22","02:28:52","Clear","Dry","Dark","0.9","24.0","3200","57232","24.3","42%","28.2","","Opened","7.536","38","Safe","Windy","10.7","61","16.3","10.5","999.9","1011.4"
"2026-09-22","02:29:02","Clear","Dry","Dark","0.9","24.0","3200","57232","24.3","42%","28.1","","Opened","7.274","38","Safe","Windy","11.1","61","16.3","10.5","999.9","1011.5"
"2026-09-22","02:29:12","Clear","Dry","Dark","0.8","24.0","3200","57232","24.3","42%","28.1","","Opened","7.394","38","Safe","Windy","11.8","61","16.3","10.4","999.8","1011.3"
"2026-09-22","02:29:22","Clear","Dry","Dark","0.8","24.0","3200","57232","24.3","42%","28.1","","Opened","7.337","38","Safe","Windy","11.8","61","16.3","10.5","999.9","1011.5"
"2026-09-22","02:29:32","Clear","Dry","Dark","0.8","24.0","3200","57232","24.4","42%","28.1","","Opened","7.303","38","Safe","Windy","11.7","61","16.3","10.5","999.8","1011.3"
"2026-09-22","02:29:42","Clear","Dry","Dark","0.8","24.0","3200","57232","24.3","42%","28.1","","Opened","7.409","38","Safe","Windy","11.4","61","16.3","10.4","999.9","1011.5"
"2026-09-22","02:29:52","Clear","Dry","Dark","0.8","24.0","3200","57232","24.4","42%","28.1","","Opened","7.538","38","Safe","Windy","10.4","61","16.3","10.4","999.9","1011.4"
"2026-09-22","02:30:02","Clear","Dry","Dark","0.8","24.0","3200","57232","24.4","42%","28.2","","Opened","7.314","38","Safe","Windy","11.3","61","16.3","10.4","999.9","1011.4"
"2026-09-22","02:30:12","Clear","Dry","Dark","0.7","24.0","3200","57232","24.3","42%","28.2","","Opened","7.401","38","Safe","Windy","10.6","61","16.3","10.3","999.9","1011.4"
"2026-09-22","02:30:22","Clear","Dry","Dark","0.7","24.0","3200","57232","24.3","42%","28.2","","Opened","7.420","38","Safe","Windy","11.1","61","16.3","10.4","999.9","1011.4"
"2026-09-22","02:30:32","Clear","Dry","Dark","0.9","24.0","3200","57232","24.3","42%","28.1","","Opened","7.380","38","Safe","Windy","11.0","61","16.3","10.5","999.8","1011.4"
"2026-09-22","02:30:42","Clear","Dry","Dark","0.8","24.0","3200","57232","24.3","42%","28.1","","Opened","7.339","38","Safe","Windy","11.7","61","16.3","10.4","999.9","1011.4"
"2026-09-22","02:30:52","Clear","Dry","Dark","0.8","24.0","3200","57232","24.3","42%","28.0","Heating UP","Opened","7.569","38","Safe","Windy","12.7","61","16.3","10.4","999.8","1011.3"
"2026-09-22","02:31:02","Clear","Dry","Dark","0.7","24.0","3200","57232","24.3","43%","28.0","Heating UP","Opened","7.408","38","Safe","Windy","11.7","61","16.3","10.3","999.9","1011.4"
"2026-09-22","02:31:12","Clear","Dry","Dark","0.8","24.0","3328","57232","24.3","44%","28.0","Heating UP","Opened","7.424","38","Safe","Windy","12.8","61","16.3","10.4","999.9","1011.4"
"2026-09-22","02:31:22","Clear","Dry","Dark","0.9","24.0","3200","57232","24.4","45%","27.9","Heating UP","Opened","7.428","38","Safe","Windy","13.6","61","16.3","10.6","999.9","1011.5"
"2026-09-22","02:31:32","Clear","Dry","Dark","0.8","24.0","3200","57232","24.3","46%","27.9","Heating UP","Opened","7.426","38","Safe","Windy","13.5","61","16.3","10.4","999.7","1011.2"
"2026-09-22","02:31:42","Clear","Dry","Dark","0.8","24.0","3200","57232","24.3","47%","27.9","Heating UP","Opened","7.448","38","Safe","Windy","13.1","61","16.3","10.4","999.6","1011.2"
"2026-09-22","02:31:53","Clear","Dry","Dark","0.8","24.1","3328","57232","24.3","48%","27.9","Heating UP","Opened","7.726","38","Safe","Windy","12.2","61","16.3","10.4","1000.0","1011.5"
"2026-09-22","02:32:02","Clear","Dry","Dark","0.7","24.0","3200","57232","24.3","49%","28.0","","Opened","7.319","38","Safe","Windy","11.7","61","16.3","10.3","999.8","1011.3"
"2026-09-22","02:32:12","Clear","Dry","Dark","0.6","24.0","3200","57232","24.3","49%","28.1","","Opened","7.302","38","Safe","Windy","10.6","61","16.4","10.2","999.9","1011.4"
"2026-09-22","02:32:22","Clear","Dry","Dark","0.7","24.0","3200","57232","24.3","49%","28.2","","Opened","7.407","38","Safe","Windy","10.0","61","16.3","10.3","999.8","1011.4"
"2026-09-22","02:32:32","Clear","Dry","Dark","0.7","24.0","3200","57232","24.3","49%","28.1","","Opened","7.356","38","Safe","Windy","10.1","61","16.3","10.4","999.9","1011.4"
"2026-09-22","02:32:42","Clear","Dry","Dark","0.8","24.0","3200","57232","24.3","49%","28.2","","Opened","7.370","38","Safe","Windy","10.6","61","16.4","10.4","999.8","1011.3"
"2026-09-22","02:32:52","Clear","Dry","Dark","0.6","24.0","3200","57232","24.3","49%","28.1","","Opened","7.517","38","Safe","Windy","11.1","61","16.3","10.3","999.8","1011.4"
"2026-09-22","02:33:02","Clear","Dry","Dark","0.7","24.0","3200","57232","24.3","49%","28.1","","Opened","7.410","38","Safe","Windy","11.8","61","16.3","10.3","999.8","1011.4"
"2026-09-22","02:33:12","Clear","Dry","Dark","0.8","24.0","3200","57232","24.3","49%","28.1","","Opened","7.346","38","Safe","Windy","12.4","61","16.3","10.4","999.8","1011.4"
"2026-09-22","02:33:22","Clear","Dry","Dark","0.7","24.0","3200","57232","24.3","49%","28.2","","Opened","7.338","38","Safe","Windy","11.8","61","16.4","10.3","999.8","1011.4"
"2026-09-22","02:33:32","Clear","Dry","Dark","0.7","24.0","3200","57232","24.3","49%","28.2","","Opened","7.286","38","Safe","Windy","12.1","61","16.3","10.3","999.8","1011.3"
"2026-09-22","02:33:42","Clear","Dry","Dark","0.8","24.0","3200","57232","24.3","49%","28.2","","Opened","7.373","38","Safe","Windy","11.7","61","16.4","10.4","999.9","1011.4"
"2026-09-22","02:33:52","Clear","Dry","Dark","0.8","24.0","3200","57232","24.3","49%","28.2","","Opened","7.563","38","Safe","Windy","11.5","61","16.3","10.4","999.8","1011.4"
"2026-09-22","02:34:02","Clear","Dry","Dark","0.9","24.0","3200","57232","24.3","49%","28.2","","Opened","7.298","38","Safe","Windy","12.0","61","16.3","10.6","999.8","1011.4"
"2026-09-22","02:34:12","Clear","Dry","Dark","0.8","24.0","3200","57232","24.3","49%","28.2","","Opened","7.387","38","Safe","Windy","12.5","61","16.3","10.4","999.9","1011.5"
"2026-09-22","02:34:22","Clear","Dry","Dark","0.7","24.0","3200","57232","24.3","49%","28.2","","Opened","7.344","38","Safe","Windy","12.4","61","16.3","10.3","999.8","1011.3"
"2026-09-22","02:34:32","Clear","Wet","Dark","0.8","24.0","3199","57232","24.3","49%","28.2","","Opened","7.286","38","Safe","Windy","11.8","61","16.3","10.4","999.9","1011.4"
"2026-09-22","02:34:42","Clear","Dry","Dark","0.7","24.0","3200","57232","24.3","49%","28.2","","Opened","7.378","38","Safe","Windy","12.5","61","16.4","10.3","999.8","1011.4"
"2026-09-22","02:34:52","Clear","Dry","Dark","0.8","24.0","3200","57232","24.3","49%","28.2","","Opened","7.575","38","Safe","Windy","12.2","61","16.3","10.4","999.8","1011.4"
"2026-09-22","02:35:02","Clear","Dry","Dark","0.7","24.0","3200","57232","24.3","49%","28.2","","Opened","7.330","38","Safe","Windy","11.3","61","16.4","10.3","999.8","1011.4"
"2026-09-22","02:35:12","Clear","Dry","Dark","0.7","24.0","3200","57232","24.3","49%","28.3","","Opened","7.412","38","Safe","Windy","11.0","61","16.4","10.3","999.8","1011.3"
"2026-09-22","02:35:22","Clear","Dry","Dark","0.8","24.0","3200","57232","24.3","49%","28.3","","Opened","7.405","38","Safe","Windy","11.1","61","16.3","10.4","999.9","1011.4"
"2026-09-22","02:35:32","Clear","Dry","Dark","0.8","24.0","3200","57232","24.3","49%","28.3","","Opened","7.399","38","Safe","Windy","11.4","61","16.4","10.4","999.8","1011.4"
"2026-09-22","02:35:42","Clear","Dry","Dark","0.8","24.0","3200","57232","24.3","49%","28.4","","Opened","7.368","38","Safe","Windy","11.0","61","16.4","10.4","999.9","1011.4"
"2026-09-22","02:35:52","Clear","Dry","Dark","0.7","24.0","3200","57232","24.3","49%","28.3","","Opened","7.554","38","Safe","Windy","11.3","61","16.3","10.3","999.8","1011.3"
"2026-09-22","02:36:02","Clear","Dry","Dark","0.7","24.0","3200","57232","24.3","49%","28.3","","Opened","7.275","38","Safe","Windy","12.1","61","16.3","10.3","999.8","1011.4"
"2026-09-22","02:36:12","Clear","Dry","Dark","0.8","24.0","3200","57232","24.3","49%","28.3","","Opened","7.394","38","Safe","Windy","11.7","61","16.4","10.4","999.9","1011.5"
"2026-09-22","02:36:22","Clear","Dry","Dark","0.7","24.0","3200","57232","24.3","49%","28.3","","Opened","7.381","38","Safe","Windy","12.0","61","16.3","10.3","999.8","1011.4"
"2026-09-22","02:36:32","Clear","Dry","Dark","0.7","24.0","3200","57232","24.3","49%","28.2","","Opened","7.351","38","Safe","Windy","11.8","61","16.4","10.3","999.9","1011.4"
"2026-09-22","02:36:42","Clear","Dry","Dark","0.6","24.0","3200","57232","24.3","49%","28.2","","Opened","7.293","38","Safe","Windy","11.4","61","16.4","10.2","999.7","1011.2"
"2026-09-22","02:36:52","Clear","Dry","Dark","0.8","24.0","3200","57232","24.3","49%","28.2","","Opened","7.542","38","Safe","Windy","12.1","61","16.3","10.4","999.8","1011.3"
"2026-09-22","02:37:02","Clear","Dry","Dark","0.6","24.0","3200","57232","24.3","49%","28.2","","Opened","7.349","38","Safe","Windy","12.0","61","16.4","10.2","999.7","1011.2"
"2026-09-22","02:37:12","Clear","Dry","Dark","0.6","24.0","3200","57232","24.2","49%","28.2","","Opened","7.329","38","Safe","Windy","11.7","61","16.3","10.2","999.8","1011.4"
"2026-09-22","02:37:22","Clear","Dry","Dark","0.7","24.0","3200","57232","24.2","49%","28.2","","Opened","7.304","38","Safe","Windy","11.5","61","16.3","10.2","999.9","1011.5"
"2026-09-22","02:37:32","Clear","Dry","Dark","0.7","23.9","3200","57232","24.2","49%","28.2","","Opened","7.403","38","Safe","Windy","11.7","61","16.3","10.3","1000.1","1011.6"
"2026-09-22","02:37:42","Clear","Dry","Dark","0.7","24.0","3200","57232","24.2","49%","28.2","","Opened","7.400","38","Safe","Windy","11.7","61","16.4","10.3","999.9","1011.5"
"2026-09-22","02:37:52","Clear","Dry","Dark","0.7","23.9","3200","57232","24.2","49%","28.2","","Opened","7.496","38","Safe","Windy","11.3","61","16.3","10.3","999.8","1011.4"
"2026-09-22","02:38:02","Clear","Dry","Dark","0.7","23.9","3200","57232","24.2","49%","28.2","","Opened","7.409","38","Safe","Windy","11.3","61","16.3","10.3","999.8","1011.4"
"2026-09-22","02:38:12","Clear","Dry","Dark","0.9","24.0","3200","57232","24.2","49%","28.2","","Opened","7.369","38","Safe","Windy","11.5","61","16.3","10.5","999.7","1011.2"
"2026-09-22","02:38:22","Clear","Dry","Dark","0.8","24.0","3200","57232","24.2","49%","28.1","","Opened","7.374","38","Safe","Windy","11.7","61","16.3","10.3","999.8","1011.4"
"2026-09-22","02:38:32","Clear","Dry","Dark","0.7","24.0","3200","57232","24.2","49%","28.1","","Opened","7.350","38","Safe","Windy","11.1","61","16.3","10.2","999.8","1011.4"
"2026-09-22","02:38:42","Clear","Dry","Dark","0.8","24.0","3200","57232","24.2","49%","28.2","","Opened","7.327","38","Safe","Windy","10.8","61","16.3","10.3","999.8","1011.4"
"2026-09-22","02:38:52","Clear","Dry","Dark","0.7","24.0","3200","57232","24.2","49%","28.3","","Opened","7.605","38","Safe","Windy","10.1","61","16.3","10.3","999.8","1011.4"
"2026-09-22","02:39:02","Clear","Dry","Dark","0.7","23.9","3200","57232","24.2","49%","28.3","","Opened","7.389","38","Safe","Windy","10.3","61","16.3","10.3","999.8","1011.4"
"2026-09-22","02:39:12","Clear","Dry","Dark","0.6","23.9","3200","57232","24.2","49%","28.3","","Opened","7.345","38","Safe","Windy","10.0","61","16.3","10.2","999.8","1011.4"
"2026-09-22","02:39:22","Clear","Dry","Dark","0.7","23.9","3200","57232","24.2","49%","28.4","","Opened","7.347","38","Safe","Windy","9.4","61","16.3","10.3","999.8","1011.4"
"2026-09-22","02:39:32","Clear","Dry","Dark","0.7","23.9","3200","57232","24.2","49%","28.5","Heating DOWN","Opened","7.435","38","Safe","Windy","9.6","61","16.3","10.2","999.9","1011.4"
"2026-09-22","02:39:42","Clear","Dry","Dark","0.7","23.9","3328","57232","24.2","48%","28.5","Heating DOWN","Opened","7.469","38","Safe","Windy","9.9","61","16.3","10.2","999.8","1011.4"
"2026-09-22","02:39:52","Clear","Dry","Dark","0.7","23.9","3200","57232","24.2","47%","28.4","","Opened","7.565","38","Safe","Windy","9.6","61","16.3","10.3","999.8","1011.3"
"2026-09-22","02:40:02","Clear","Dry","Dark","0.6","23.9","3200","57232","24.2","47%","28.4","","Opened","7.315","38","Safe","Windy","9.4","61","16.3","10.1","999.9","1011.4"
"2026-09-22","02:40:12","Clear","Dry","Dark","0.8","23.9","3200","57232","24.2","47%","28.4","","Opened","7.268","38","Safe","Windy","10.0","61","16.3","10.3","999.8","1011.4"
"2026-09-22","02:40:22","Clear","Dry","Dark","0.6","23.9","3200","57232","24.2","47%","28.3","","Opened","7.377","38","Safe","Windy","10.8","61","16.3","10.2","999.8","1011.4"
"2026-09-22","02:40:32","Clear","Dry","Dark","0.7","23.9","3200","57232","24.2","47%","28.2","","Opened","7.337","38","Safe","Windy","10.8","62","16.3","10.3","999.8","1011.3"
"2026-09-22","02:40:42","Clear","Dry","Dark","0.7","23.9","3200","57232","24.2","47%","28.2","","Opened","7.288","38","Safe","Windy","10.6","61","16.3","10.2","999.7","1011.2"
"2026-09-22","02:40:52","Clear","Dry","Dark","0.7","23.9","3200","57232","24.2","47%","28.2","","Opened","7.602","38","Safe","Windy","11.7","62","16.3","10.3","999.9","1011.4"
"2026-09-22","02:41:02","Clear","Dry","Dark","0.8","23.9","3200","57232","24.2","47%","28.2","","Opened","7.332","38","Safe","Windy","11.8","61","16.3","10.3","999.9","1011.4"
"2026-09-22","02:41:12","Clear","Dry","Dark","0.9","23.9","3200","57232","24.2","47%","28.2","","Opened","7.289","38","Safe","Windy","12.2","62","16.3","10.4","999.8","1011.4"
"2026-09-22","02:41:22","Clear","Dry","Dark","0.8","23.9","3200","57232","24.2","47%","28.1","","Opened","7.382","38","Safe","Windy","11.8","62","16.3","10.3","999.8","1011.3"
"2026-09-22","02:41:32","Clear","Dry","Dark","0.8","23.9","3200","57232","24.2","47%","28.1","","Opened","7.346","38","Safe","Windy","12.4","62","16.3","10.3","999.8","1011.3"
"2026-09-22","02:41:42","Clear","Dry","Dark","0.7","23.9","3200","57232","24.2","47%","28.1","","Opened","7.301","38","Safe","Windy","12.8","62","16.3","10.3","999.8","1011.3"
"2026-09-22","02:41:52","Clear","Dry","Dark","0.8","23.9","3200","57232","24.2","47%","28.1","","Opened","7.565","38","Safe","Windy","12.0","62","16.3","10.3","999.7","1011.2"
"2026-09-22","02:42:02","Clear","Dry","Dark","0.8","23.9","3200","57232","24.2","47%","28.1","","Opened","7.313","38","Safe","Windy","12.0","62","16.3","10.4","999.8","1011.4"
"2026-09-22","02:42:12","Clear","Dry","Dark","0.8","23.9","3200","57232","24.2","47%","28.1","","Opened","7.391","38","Safe","Windy","11.3","62","16.3","10.3","999.8","1011.4"
"2026-09-22","02:42:22","Clear","Dry","Dark","0.8","23.9","3200","57232","24.2","47%","28.1","","Opened","7.358","38","Safe","Windy","10.8","62","16.3","10.3","999.8","1011.4"
"2026-09-22","02:42:32","Clear","Dry","Dark","0.7","23.9","3200","57232","24.2","47%","28.2","","Opened","7.314","38","Safe","Windy","10.0","62","16.3","10.3","999.9","1011.4"
"2026-09-22","02:42:42","Clear","Dry","Dark","0.8","23.9","3200","57232","24.2","47%","28.2","","Opened","7.389","38","Safe","Windy","11.1","62","16.3","10.4","999.8","1011.4"
"2026-09-22","02:42:52","Clear","Dry","Dark","0.7","23.9","3200","57232","24.2","47%","28.2","","Opened","7.546","38","Safe","Windy","11.4","61","16.3","10.3","999.8","1011.3"
"2026-09-22","02:43:02","Clear","Dry","Dark","0.8","23.9","3200","57232","24.2","47%","28.2","","Opened","7.296","38","Safe","Windy","11.8","62","16.4","10.4","999.8","1011.4"
"2026-09-22","02:43:12","Clear","Dry","Dark","0.8","23.9","3200","57232","24.2","47%","28.1","","Opened","7.265","38","Safe","Windy","12.4","62","16.3","10.4","999.8","1011.4"
"2026-09-22","02:43:22","Clear","Dry","Dark","0.7","23.9","3200","57232","24.2","47%","28.1","","Opened","7.344","38","Safe","Windy","12.4","61","16.3","10.3","999.9","1011.4"
"2026-09-22","02:43:32","Clear","Dry","Dark","0.7","23.9","3200","57232","24.2","47%","28.1","","Opened","7.342","38","Safe","Windy","12.7","62","16.3","10.2","999.8","1011.4"
"2026-09-22","02:43:42","Clear","Dry","Dark","0.7","23.9","3200","57232","24.2","47%","28.2","","Opened","7.304","38","Safe","Windy","12.9","62","16.4","10.2","999.8","1011.3"
"2026-09-22","02:43:52","Clear","Dry","Dark","0.7","23.9","3200","57232","24.2","47%","28.1","","Opened","7.580","38","Safe","Windy","12.7","62","16.3","10.3","999.8","1011.4"
"2026-09-22","02:44:02","Clear","Dry","Dark","0.8","23.9","3200","57232","24.2","47%","28.1","","Opened","7.339","38","Safe","Windy","12.0","62","16.4","10.3","999.9","1011.4"
"2026-09-22","02:44:12","Clear","Dry","Dark","0.7","23.9","3200","57232","24.2","47%","28.1","","Opened","7.302","38","Safe","Windy","11.4","62","16.4","10.2","999.8","1011.4"
"2026-09-22","02:44:22","Clear","Dry","Dark","0.8","23.9","3200","57232","24.2","47%","28.1","","Opened","7.381","38","Safe","Windy","11.8","62","16.4","10.3","999.8","1011.4"
"2026-09-22","02:44:32","Clear","Dry","Dark","0.7","23.9","3200","57232","24.2","47%","28.1","","Opened","7.310","38","Safe","Windy","11.8","62","16.3","10.3","999.8","1011.4"
"2026-09-22","02:44:42","Clear","Dry","Dark","0.7","23.8","3200","57232","24.2","47%","28.2","","Opened","7.264","38","Safe","Windy","9.9","62","16.4","10.2","999.7","1011.2"
"2026-09-22","02:44:52","Clear","Dry","Dark","0.7","23.8","3200","57232","24.2","47%","28.2","","Opened","7.527","38","Safe","Windy","9.7","62","16.4","10.2","999.8","1011.4"
"2026-09-22","02:45:02","Clear","Dry","Dark","0.8","23.8","3200","57232","24.2","47%","28.2","","Opened","7.328","38","Safe","Windy","10.1","62","16.4","10.3","999.9","1011.5"
"2026-09-22","02:45:12","Clear","Dry","Dark","0.8","23.8","3200","57232","24.2","47%","28.2","","Opened","7.308","38","Safe","Windy","10.7","62","16.4","10.3","999.8","1011.4"
"2026-09-22","02:45:22","Clear","Dry","Dark","0.8","23.9","3200","57232","24.2","47%","28.1","","Opened","7.290","38","Safe","Windy","10.4","62","16.4","10.3","999.9","1011.4"
"2026-09-22","02:45:32","Clear","Dry","Dark","0.8","23.9","3200","57232","24.1","47%","28.2","","Opened","7.413","38","Safe","Windy","10.7","62","16.4","10.3","999.8","1011.4"
"2026-09-22","02:45:42","Clear","Dry","Dark","0.8","23.9","3200","57232","24.2","47%","28.2","","Opened","7.393","38","Safe","Windy","12.4","62","16.4","10.3","999.8","1011.4"
"2026-09-22","02:45:52","Clear","Dry","Dark","0.8","23.9","3200","57232","24.2","47%","28.1","","Opened","7.550","38","Safe","Windy","12.8","62","16.4","10.3","999.8","1011.3"
"2026-09-22","02:46:02","Clear","Dry","Dark","0.7","23.8","3200","57232","24.2","47%","28.2","","Opened","7.339","38","Safe","Windy","12.1","62","16.4","10.2","999.8","1011.3"
"2026-09-22","02:46:12","Clear","Dry","Dark","0.8","23.9","3200","57232","24.2","47%","28.2","","Opened","7.313","38","Safe","Windy","11.3","62","16.4","10.3","999.8","1011.3"
"2026-09-22","02:46:22","Clear","Dry","Dark","0.9","23.8","3200","57232","24.2","47%","28.2","","Opened","7.402","38","Safe","Windy","12.2","62","16.4","10.5","999.9","1011.4"
"2026-09-22","02:46:32","Clear","Dry","Dark","0.9","23.8","3200","57232","24.1","47%","28.1","","Opened","7.350","38","Safe","Windy","12.7","62","16.3","10.4","999.8","1011.3"
"2026-09-22","02:46:42","Clear","Dry","Dark","0.9","23.9","3200","57232","24.1","47%","28.0","","Opened","7.310","38","Safe","Windy","12.8","62","16.3","10.4","999.7","1011.2"
"2026-09-22","02:46:52","Clear","Dry","Dark","0.9","23.9","3200","57232","24.2","47%","28.0","","Opened","7.623","38","Safe","Windy","12.9","62","16.3","10.5","999.7","1011.2"
"2026-09-22","02:47:02","Clear","Dry","Dark","0.9","23.9","3200","57232","24.2","47%","27.9","","Opened","7.402","38","Safe","Windy","14.3","62","16.4","10.4","999.8","1011.3"
"2026-09-22","02:47:12","Clear","Dry","Dark","0.8","23.9","3200","57232","24.2","47%","27.8","Heating UP","Opened","7.493","38","Safe","Windy","14.2","62","16.4","10.3","999.6","1011.1"
"2026-09-22","02:47:22","Clear","Dry","Dark","0.8","23.9","3328","57232","24.2","48%","27.9","","Opened","7.358","38","Safe","Windy","13.5","62","16.4","10.3","999.8","1011.4"
"2026-09-22","02:47:32","Clear","Dry","Dark","0.7","23.9","3328","57232","24.2","48%","28.0","","Opened","7.324","38","Safe","Windy","13.9","62","16.4","10.2","999.8","1011.3"
"2026-09-22","02:47:42","Clear","Dry","Dark","0.7","23.9","3328","57232","24.2","48%","28.0","","Opened","7.274","38","Safe","Windy","12.7","62","16.3","10.2","999.8","1011.3"
"2026-09-22","02:47:52","Clear","Dry","Dark","0.7","23.9","3328","57232","24.2","48%","28.1","","Opened","7.566","38","Safe","Windy","12.9","62","16.4","10.3","999.8","1011.3"
"2026-09-22","02:48:02","Clear","Dry","Dark","0.8","23.9","3328","57232","24.2","48%","28.0","","Opened","7.316","38","Safe","Windy","12.4","62","16.4","10.4","999.8","1011.3"
"2026-09-22","02:48:12","Clear","Dry","Dark","0.8","23.9","3328","57232","24.2","48%","28.0","","Opened","7.312","38","Safe","Windy","12.4","62","16.4","10.4","999.9","1011.4"
"2026-09-22","02:48:22","Clear","Dry","Dark","0.6","23.9","3328","57232","24.2","48%","28.1","","Opened","7.380","38","Safe","Windy","11.5","62","16.4","10.2","999.7","1011.2"
"2026-09-22","02:48:32","Clear","Dry","Dark","0.8","23.9","3328","57232","24.2","48%","28.2","","Opened","7.355","38","Safe","Windy","10.6","62","16.4","10.3","999.8","1011.3"
"2026-09-22","02:48:42","Clear","Dry","Dark","0.8","23.9","3328","57232","24.2","48%","28.2","","Opened","7.329","38","Unsafe","Very Windy","12.2","62","16.4","10.3","999.8","1011.4"
"2026-09-22","02:48:52","Clear","Dry","Dark","0.8","23.9","3328","57232","24.2","48%","28.0","","Opened","7.546","38","Unsafe","Very Windy","12.7","62","16.4","10.3","999.7","1011.2"
"2026-09-22","02:49:02","Clear","Dry","Dark","0.7","23.9","3328","57232","24.2","48%","28.0","","Opened","7.365","38","Unsafe","Very Windy","12.8","62","16.4","10.3","999.7","1011.2"
"2026-09-22","02:49:12","Clear","Dry","Dark","0.7","23.9","3328","57232","24.2","48%","28.0","","Opened","7.301","38","Unsafe","Very Windy","13.5","62","16.4","10.2","999.6","1011.2"
"2026-09-22","02:49:22","Clear","Dry","Dark","0.7","23.9","3328","57232","24.2","48%","27.9","","Opened","7.382","38","Unsafe","Very Windy","14.2","62","16.4","10.2","999.8","1011.4"
"2026-09-22","02:49:32","Clear","Dry","Dark","0.8","23.9","3328","57232","24.2","48%","27.9","","Opened","7.347","38","Unsafe","Very Windy","14.5","62","16.4","10.3","999.6","1011.2"
"2026-09-22","02:49:42","Clear","Dry","Dark","0.6","23.9","3328","57232","24.1","48%","27.9","","Opened","7.286","38","Unsafe","Windy","12.8","62","16.4","10.1","999.8","1011.4"
"2026-09-22","02:49:52","Clear","Dry","Dark","0.6","23.9","3328","57232","24.2","48%","28.0","","Opened","7.520","38","Unsafe","Windy","11.1","62","16.4","10.2","999.8","1011.3"
"2026-09-22","02:50:02","Clear","Dry","Dark","0.6","23.9","3328","57232","24.2","48%","28.1","","Opened","7.326","38","Unsafe","Windy","10.0","62","16.4","10.1","999.8","1011.3"
"2026-09-22","02:50:12","Clear","Dry","Dark","0.7","23.8","3328","57232","24.2","48%","28.2","","Opened","7.275","38","Unsafe","Windy","8.6","62","16.4","10.2","999.8","1011.3"
"2026-09-22","02:50:22","Clear","Dry","Dark","0.9","23.8","3328","57232","24.2","48%","28.2","","Opened","7.352","38","Unsafe","Windy","9.3","62","16.4","10.4","999.7","1011.2"
"2026-09-22","02:50:32","Clear","Dry","Dark","0.7","23.9","3328","57232","24.1","48%","28.2","","Opened","7.310","38","Unsafe","Windy","8.6","62","16.3","10.2","999.6","1011.2"
"2026-09-22","02:50:42","Clear","Dry","Dark","0.8","23.8","3328","57232","24.2","48%","28.2","","Opened","7.392","38","Unsafe","Windy","9.0","62","16.4","10.3","999.8","1011.3"
"2026-09-22","02:50:52","Clear","Dry","Dark","0.7","23.8","3328","57232","24.1","48%","28.2","","Opened","7.500","38","Unsafe","Windy","9.7","62","16.3","10.2","999.6","1011.1"
"2026-09-22","02:51:02","Clear","Dry","Dark","0.7","23.8","3328","57232","24.2","48%","28.2","","Opened","7.297","38","Unsafe","Windy","10.1","62","16.4","10.3","999.8","1011.3"
"2026-09-22","02:51:12","Clear","Dry","Dark","0.7","23.8","3328","57232","24.1","48%","28.1","","Opened","7.356","38","Unsafe","Windy","11.4","62","16.4","10.2","999.7","1011.2"
"2026-09-22","02:51:22","Clear","Dry","Dark","0.8","23.8","3328","57232","24.1","48%","28.1","","Opened","7.324","38","Unsafe","Windy","10.6","62","16.4","10.3","999.8","1011.3"
"2026-09-22","02:51:32","Clear","Dry","Dark","0.7","23.8","3328","57232","24.1","48%","28.0","","Opened","7.279","38","Unsafe","Windy","11.5","62","16.4","10.2","999.8","1011.3"
"2026-09-22","02:51:42","Clear","Dry","Dark","0.6","23.8","3328","57232","24.1","48%","28.0","","Opened","7.357","38","Unsafe","Windy","11.0","62","16.4","10.1","999.8","1011.3"
"2026-09-22","02:51:52","Clear","Dry","Dark","0.7","23.8","3328","57232","24.1","48%","28.0","","Opened","7.469","38","Unsafe","Windy","11.3","62","16.4","10.2","999.8","1011.4"
"2026-09-22","02:52:02","Clear","Dry","Dark","0.7","23.8","3328","57232","24.1","48%","27.9","","Opened","7.412","38","Unsafe","Windy","11.1","62","16.4","10.3","999.7","1011.2"
"2026-09-22","02:52:12","Clear","Dry","Dark","0.8","23.8","3328","57232","24.1","48%","27.9","","Opened","7.347","38","Unsafe","Windy","10.7","62","16.3","10.3","999.8","1011.3"
"2026-09-22","02:52:22","Clear","Dry","Dark","0.7","23.8","3328","57232","24.1","48%","27.9","","Opened","7.308","38","Unsafe","Windy","10.7","62","16.4","10.2","999.7","1011.2"
"2026-09-22","02:52:32","Clear","Dry","Dark","0.6","23.8","3328","57232","24.1","48%","27.9","","Opened","7.399","38","Unsafe","Windy","10.1","62","16.4","10.1","999.8","1011.3"
"2026-09-22","02:52:42","Clear","Dry","Dark","0.8","23.8","3328","57232","24.1","48%","27.9","","Opened","7.347","38","Unsafe","Windy","11.5","62","16.4","10.3","999.8","1011.3"
"2026-09-22","02:52:52","Clear","Dry","Dark","0.7","23.8","3328","57232","24.1","48%","27.8","Heating UP","Opened","7.560","38","Unsafe","Windy","11.5","62","16.4","10.2","999.8","1011.3"
"2026-09-22","02:53:02","Clear","Dry","Dark","0.7","23.8","3200","57232","24.1","49%","27.8","","Opened","7.289","38","Unsafe","Windy","11.4","62","16.4","10.2","999.6","1011.2"
"2026-09-22","02:53:12","Clear","Dry","Dark","0.7","23.8","3200","57232","24.1","49%","27.9","","Opened","7.360","38","Unsafe","Windy","12.1","62","16.4","10.2","999.8","1011.3"
"2026-09-22","02:53:22","Clear","Dry","Dark","0.7","23.8","3200","57232","24.1","49%","27.9","","Opened","7.313","38","Unsafe","Windy","12.8","62","16.4","10.2","999.8","1011.3"
"2026-09-22","02:53:32","Clear","Dry","Dark","0.7","23.8","3200","57232","24.1","49%","27.9","","Opened","7.395","38","Unsafe","Windy","13.2","62","16.4","10.2","999.8","1011.3"
"2026-09-22","02:53:42","Clear","Dry","Dark","0.7","23.8","3200","57232","24.1","49%","27.8","","Opened","7.348","38","Unsafe","Windy","12.5","62","16.4","10.2","999.7","1011.2"
"2026-09-22","02:53:52","Clear","Dry","Dark","0.7","23.8","3200","57232","24.1","49%","27.8","Heating UP","Opened","7.574","38","Unsafe","Windy","12.4","62","16.4","10.2","999.7","1011.2"
"2026-09-22","02:54:02","Clear","Dry","Dark","0.7","23.8","3200","57232","24.1","50%","27.7","Heating UP","Opened","7.408","38","Unsafe","Windy","13.1","62","16.4","10.2","999.7","1011.2"
"2026-09-22","02:54:12","Clear","Dry","Dark","0.7","23.8","3200","57232","24.1","51%","27.8","","Opened","7.291","38","Unsafe","Windy","12.2","62","16.4","10.1","999.8","1011.3"
"2026-09-22","02:54:22","Clear","Dry","Dark","0.7","23.8","3200","57232","24.1","51%","27.9","","Opened","7.366","38","Unsafe","Windy","12.1","62","16.4","10.1","999.8","1011.3"
"2026-09-22","02:54:32","Clear","Dry","Dark","0.7","23.8","3200","57232","24.0","51%","27.9","","Opened","7.336","38","Unsafe","Windy","12.0","62","16.4","10.1","999.8","1011.3"
"2026-09-22","02:54:42","Clear","Dry","Dark","0.8","23.8","3200","57232","24.0","51%","27.9","","Opened","7.293","38","Safe","Windy","11.4","62","16.4","10.2","999.8","1011.3"
"2026-09-22","02:54:52","Clear","Dry","Dark","0.8","23.8","3200","57232","24.0","51%","27.9","","Opened","7.531","38","Safe","Windy","11.4","62","16.4","10.2","999.8","1011.3"
"2026-09-22","02:55:02","Clear","Dry","Dark","0.7","23.8","3200","57232","24.0","51%","27.9","","Opened","7.327","38","Safe","Windy","12.2","62","16.4","10.1","999.8","1011.3"
"2026-09-22","02:55:12","Clear","Dry","Dark","0.7","23.8","3200","57232","24.0","51%","27.9","","Opened","7.284","38","Safe","Windy","12.4","62","16.4","10.1","999.8","1011.3"
"2026-09-22","02:55:22","Clear","Dry","Dark","0.7","23.8","3200","57232","24.0","51%","27.9","","Opened","7.375","38","Safe","Windy","12.2","62","16.4","10.2","999.8","1011.3"
"2026-09-22","02:55:32","Clear","Dry","Dark","0.7","23.8","3200","57232","24.0","51%","27.9","","Opened","7.333","38","Safe","Windy","12.5","62","16.4","10.1","999.8","1011.3"
"2026-09-22","02:55:42","Clear","Dry","Dark","0.8","23.8","3200","57232","24.0","51%","27.9","","Opened","7.279","38","Safe","Windy","12.8","62","16.4","10.2","999.7","1011.2"
"2026-09-22","02:55:52","Clear","Dry","Dark","0.7","23.8","3200","57232","24.0","51%","27.9","","Opened","7.520","38","Safe","Windy","13.1","62","16.4","10.1","999.6","1011.2"
"2026-09-22","02:56:02","Clear","Dry","Dark","0.6","23.8","3200","57232","24.0","51%","27.8","","Opened","7.342","38","Safe","Windy","11.5","62","16.4","10.1","999.7","1011.2"
"2026-09-22","02:56:12","Clear","Dry","Dark","0.7","23.8","3200","57232","24.0","51%","27.8","","Opened","7.280","38","Safe","Windy","11.7","62","16.4","10.2","999.8","1011.4"
"2026-09-22","02:56:22","Clear","Dry","Dark","0.7","23.8","3200","57232","24.0","51%","27.8","","Opened","7.364","38","Safe","Windy","12.2","62","16.4","10.2","999.8","1011.3"
"2026-09-22","02:56:32","Clear","Dry","Dark","0.8","23.8","3200","57232","24.0","51%","27.8","","Opened","7.329","38","Safe","Windy","11.8","62","16.4","10.2","999.8","1011.3"
"2026-09-22","02:56:42","Clear","Dry","Dark","0.7","23.8","3200","57232","24.0","51%","27.8","","Opened","7.289","38","Safe","Windy","11.7","62","16.4","10.2","999.6","1011.2"
"2026-09-22","02:56:52","Clear","Dry","Dark","0.7","23.8","3200","57232","24.0","51%","27.8","","Opened","7.522","38","Safe","Windy","11.0","62","16.4","10.2","999.6","1011.2"
"2026-09-22","02:57:02","Clear","Dry","Dark","0.7","23.8","3200","57232","24.0","51%","27.9","","Opened","7.311","38","Safe","Windy","11.7","63","16.4","10.1","999.7","1011.2"
"2026-09-22","02:57:12","Clear","Dry","Dark","0.7","23.8","3200","57232","24.0","51%","27.9","","Opened","7.388","38","Safe","Windy","11.8","63","16.4","10.2","999.8","1011.3"
"2026-09-22","02:57:22","Clear","Dry","Dark","0.6","23.8","3200","57232","24.0","51%","27.8","","Opened","7.343","38","Safe","Windy","11.0","63","16.4","10.0","999.8","1011.3"
"2026-09-22","02:57:32","Clear","Dry","Dark","0.7","23.7","3200","57232","24.0","51%","27.8","","Opened","7.282","38","Safe","Windy","10.8","63","16.4","10.2","999.8","1011.3"
"2026-09-22","02:57:42","Clear","Dry","Dark","0.9","23.8","3200","57232","24.0","51%","27.8","","Opened","7.371","38","Safe","Windy","11.1","63","16.4","10.3","999.8","1011.4"
"2026-09-22","02:57:52","Clear","Dry","Dark","0.8","23.8","3200","57232","24.0","51%","27.8","","Opened","7.486","38","Safe","Windy","11.5","63","16.4","10.3","999.7","1011.2"
"2026-09-22","02:58:02","Clear","Dry","Dark","0.8","23.8","3200","57232","24.0","51%","27.8","","Opened","7.407","38","Safe","Windy","11.1","63","16.4","10.3","999.8","1011.4"
"2026-09-22","02:58:12","Clear","Dry","Dark","1.0","23.8","3200","57232","24.0","51%","27.8","","Opened","7.347","38","Safe","Windy","11.7","63","16.4","10.4","999.9","1011.4"
"2026-09-22","02:58:22","Clear","Dry","Dark","0.8","23.8","3200","57232","24.0","51%","27.7","","Opened","7.304","38","Safe","Windy","12.1","63","16.4","10.2","999.8","1011.3"
"2026-09-22","02:58:32","Clear","Dry","Dark","0.8","23.8","3200","57232","24.0","51%","27.7","","Opened","7.395","38","Safe","Windy","12.5","63","16.4","10.2","999.8","1011.3"
"2026-09-22","02:58:42","Clear","Dry","Dark","0.8","23.8","3200","57232","24.0","51%","27.7","","Opened","7.335","38","Safe","Windy","12.4","63","16.4","10.3","999.6","1011.2"
"2026-09-22","02:58:52","Clear","Dry","Dark","0.7","23.8","3200","57232","24.0","51%","27.7","","Opened","7.527","38","Safe","Windy","12.2","63","16.4","10.2","999.8","1011.4"
"2026-09-22","02:59:02","Clear","Dry","Dark","0.8","23.8","3200","57232","24.0","51%","27.7","","Opened","7.377","38","Safe","Windy","12.5","63","16.4","10.3","999.7","1011.2"
"2026-09-22","02:59:12","Clear","Dry","Dark","0.7","23.8","3200","57232","24.0","51%","27.8","","Opened","7.305","38","Safe","Windy","11.7","63","16.4","10.2","999.7","1011.2"
"2026-09-22","02:59:22","Clear","Dry","Dark","0.7","23.7","3200","57232","24.0","51%","27.8","","Opened","7.399","38","Safe","Windy","11.3","63","16.4","10.2","999.8","1011.3"
"2026-09-22","02:59:32","Clear","Dry","Dark","0.7","23.7","3200","57232","24.0","51%","27.9","","Opened","7.348","38","Safe","Windy","10.8","63","16.4","10.1","999.7","1011.2"
"2026-09-22","02:59:42","Clear","Dry","Dark","0.8","23.7","3200","57232","24.0","51%","27.9","","Opened","7.292","38","Safe","Windy","11.1","63","16.4","10.2","999.8","1011.3"
"2026-09-22","02:59:52","Clear","Dry","Dark","0.8","23.8","3200","57232","24.0","51%","27.8","","Opened","7.526","38","Safe","Windy","11.5","63","16.4","10.2","999.8","1011.3"
"2026-09-22","03:00:02","Clear","Dry","Dark","0.7","23.8","3200","57232","24.0","51%","27.8","","Opened","7.337","38","Safe","Windy","11.1","63","16.4","10.2","999.7","1011.2"
"2026-09-22","03:00:12","Clear","Dry","Dark","0.8","23.7","3200","57232","24.0","51%","27.8","","Opened","7.273","38","Safe","Windy","12.2","63","16.4","10.2","999.8","1011.3"
"2026-09-22","03:00:22","Clear","Dry","Dark","0.9","23.7","3200","57232","23.9","51%","27.7","","Opened","7.367","38","Safe","Windy","12.1","63","16.4","10.3","999.8","1011.3"
"2026-09-22","03:00:32","Clear","Dry","Dark","0.7","23.7","3200","57232","24.0","51%","27.9","","Opened","7.318","38","Safe","Windy","11.7","63","16.4","10.1","999.8","1011.3"
"2026-09-22","03:00:42","Clear","Dry","Dark","0.8","23.7","3200","57232","24.0","51%","27.9","","Opened","7.397","38","Safe","Windy","11.5","63","16.4","10.2","999.8","1011.3"
"2026-09-22","03:00:52","Clear","Dry","Dark","0.8","23.7","3200","57232","24.0","51%","28.0","","Opened","7.519","38","Safe","Windy","11.5","63","16.4","10.2","999.7","1011.2"
"2026-09-22","03:01:02","Clear","Dry","Dark","0.8","23.7","3200","57232","24.0","51%","28.0","","Opened","7.314","38","Safe","Windy","12.4","63","16.4","10.2","999.7","1011.2"
"2026-09-22","03:01:12","Clear","Dry","Dark","1.0","23.7","3200","57232","24.0","51%","27.9","","Opened","7.275","38","Safe","Windy","11.4","63","16.4","10.4","999.7","1011.2"
"2026-09-22","03:01:22","Clear","Dry","Dark","0.9","23.7","3200","57232","24.0","51%","27.9","","Opened","7.361","38","Safe","Windy","11.3","63","16.4","10.3","999.8","1011.3"
"2026-09-22","03:01:32","Clear","Dry","Dark","0.7","23.7","3200","57232","24.0","51%","28.0","","Opened","7.303","38","Safe","Windy","11.8","63","16.4","10.2","999.7","1011.2"
"2026-09-22","03:01:42","Clear","Dry","Dark","0.7","23.8","3200","57232","24.0","51%","28.0","","Opened","7.391","38","Safe","Windy","11.7","63","16.4","10.2","999.9","1011.5"
"2026-09-22","03:01:52","Clear","Dry","Dark","0.8","23.7","3200","57232","24.0","51%","27.9","","Opened","7.506","38","Safe","Windy","11.4","63","16.4","10.3","999.8","1011.3"
"2026-09-22","03:02:02","Clear","Dry","Dark","0.8","23.7","3200","57232","24.0","51%","28.0","","Opened","7.318","38","Safe","Windy","10.6","63","16.4","10.3","999.8","1011.3"
"2026-09-22","03:02:12","Clear","Dry","Dark","0.9","23.8","3200","57232","24.0","51%","28.1","","Opened","7.388","38","Safe","Windy","11.1","63","16.4","10.3","999.8","1011.3"
"2026-09-22","03:02:22","Clear","Dry","Dark","0.8","23.7","3200","57232","24.0","51%","28.0","","Opened","7.346","38","Safe","Windy","12.1","62","16.4","10.2","999.8","1011.3"
"2026-09-22","03:02:32","Clear","Dry","Dark","0.8","23.8","3200","57232","24.0","51%","28.0","","Opened","7.302","38","Safe","Windy","12.7","62","16.4","10.2","999.7","1011.2"
"2026-09-22","03:02:42","Clear","Dry","Dark","0.8","23.8","3200","57232","24.0","51%","28.0","","Opened","7.376","38","Safe","Windy","12.5","62","16.4","10.2","999.8","1011.3"
"2026-09-22","03:02:52","Clear","Dry","Dark","0.9","23.8","3200","57232","24.0","51%","28.0","","Opened","7.500","38","Safe","Windy","12.5","63","16.4","10.3","999.7","1011.2"
"2026-09-22","03:03:02","Clear","Dry","Dark","0.7","23.8","3200","57232","24.0","51%","28.0","","Opened","7.299","38","Safe","Windy","12.4","63","16.4","10.2","999.8","1011.3"
"2026-09-22","03:03:12","Clear","Dry","Dark","0.7","23.8","3200","57232","24.0","51%","28.1","","Opened","7.444","38","Safe","Windy","11.3","63","16.4","10.1","999.7","1011.2"
"2026-09-22","03:03:22","Clear","Dry","Dark","0.7","23.8","3200","57232","24.0","51%","28.2","","Opened","7.427","38","Safe","Windy","10.0","63","16.4","10.2","999.8","1011.3"
"2026-09-22","03:03:32","Clear","Dry","Dark","0.8","23.7","3200","57232","24.0","51%","28.2","","Opened","7.309","38","Safe","Windy","9.9","63","16.4","10.2","999.8","1011.3"
"2026-09-22","03:03:42","Clear","Dry","Dark","0.7","23.7","3200","57232","24.0","51%","28.1","","Opened","7.368","38","Safe","Windy","9.6","63","16.4","10.2","999.6","1011.2"
"2026-09-22","03:03:52","Clear","Dry","Dark","0.8","23.7","3200","57232","24.0","51%","28.1","","Opened","7.486","38","Safe","Windy","9.6","63","16.4","10.3","999.8","1011.3"
"2026-09-22","03:04:02","Clear","Dry","Dark","0.8","23.8","3200","57232","24.0","51%","28.1","","Opened","7.403","38","Safe","Windy","10.7","63","16.4","10.2","999.8","1011.3"
"2026-09-22","03:04:12","Clear","Dry","Dark","0.7","23.8","3200","57232","24.0","51%","28.0","","Opened","7.343","38","Safe","Windy","11.3","63","16.4","10.1","999.7","1011.2"
"2026-09-22","03:04:22","Clear","Dry","Dark","0.8","23.8","3200","57232","24.0","51%","28.1","","Opened","7.289","38","Safe","Windy","12.2","63","16.4","10.2","999.8","1011.3"
"2026-09-22","03:04:32","Clear","Dry","Dark","0.7","23.8","3200","57232","24.0","51%","28.1","","Opened","7.307","38","Safe","Windy","12.0","63","16.4","10.2","999.6","1011.1"
"2026-09-22","03:04:42","Clear","Dry","Dark","0.7","23.7","3200","57232","24.0","51%","28.0","","Opened","7.297","38","Safe","Windy","12.0","63","16.4","10.1","999.8","1011.3"
"2026-09-22","03:04:52","Clear","Dry","Dark","0.8","23.7","3200","57232","24.0","51%","28.1","","Opened","7.529","38","Safe","Windy","12.0","63","16.4","10.2","999.6","1011.2"
"2026-09-22","03:05:02","Clear","Dry","Dark","0.6","23.7","3200","57232","24.0","51%","28.1","","Opened","7.342","38","Safe","Windy","11.0","63","16.4","10.1","999.7","1011.2"
"2026-09-22","03:05:12","Clear","Dry","Dark","0.8","23.8","3200","57232","24.0","51%","28.1","","Opened","7.351","38","Safe","Windy","11.5","63","16.4","10.2","999.7","1011.2"
"2026-09-22","03:05:22","Clear","Dry","Dark","0.7","23.7","3200","57232","24.0","51%","28.1","","Opened","7.322","38","Safe","Windy","11.3","63","16.5","10.2","999.8","1011.3"
"2026-09-22","03:05:32","Clear","Dry","Dark","0.6","23.7","3200","57232","24.0","51%","28.1","","Opened","7.266","38","Safe","Windy","11.3","63","16.4","10.0","999.8","1011.3"
"2026-09-22","03:05:42","Clear","Dry","Dark","0.8","23.7","3200","57232","24.0","51%","28.2","","Opened","7.339","38","Safe","Windy","11.0","63","16.4","10.2","999.7","1011.2"
"2026-09-22","03:05:52","Clear","Dry","Dark","0.9","23.7","3200","57232","24.0","51%","28.2","","Opened","7.486","38","Safe","Windy","11.8","63","16.4","10.3","999.7","1011.2"
"2026-09-22","03:06:02","Clear","Dry","Dark","0.7","23.7","3200","57232","24.0","51%","28.1","","Opened","7.420","38","Safe","Windy","12.0","63","16.4","10.1","999.8","1011.3"
"2026-09-22","03:06:12","Clear","Dry","Dark","0.8","23.7","3200","57232","24.0","51%","28.2","","Opened","7.378","38","Safe","Windy","11.7","63","16.4","10.2","999.7","1011.2"
"2026-09-22","03:06:22","Clear","Dry","Dark","0.7","23.7","3200","57232","24.0","51%","28.1","","Opened","7.330","38","Safe","Windy","11.8","63","16.4","10.1","999.7","1011.2"
"2026-09-22","03:06:32","Clear","Dry","Dark","0.8","23.7","3200","57232","24.0","51%","28.1","","Opened","7.311","38","Safe","Windy","12.1","63","16.5","10.2","999.8","1011.3"
"2026-09-22","03:06:42","Clear","Dry","Dark","0.7","23.7","3200","57232","24.0","51%","28.1","","Opened","7.286","38","Safe","Windy","12.8","63","16.5","10.1","999.7","1011.2"
"2026-09-22","03:06:52","Clear","Dry","Dark","0.8","23.7","3200","57232","24.0","51%","28.1","","Opened","7.562","38","Safe","Windy","12.4","63","16.4","10.2","999.6","1011.2"
"2026-09-22","03:07:02","Clear","Dry","Dark","0.8","23.7","3200","57232","24.0","51%","28.0","","Opened","7.372","38","Safe","Windy","13.4","63","16.4","10.2","999.6","1011.2"
"2026-09-22","03:07:12","Clear","Dry","Dark","0.8","23.8","3200","57232","24.0","51%","27.9","","Opened","7.325","38","Safe","Windy","13.2","63","16.5","10.2","999.6","1011.2"
"2026-09-22","03:07:22","Clear","Dry","Dark","0.8","23.8","3200","57232","24.0","51%","28.0","","Opened","7.315","38","Safe","Windy","13.2","63","16.5","10.2","999.6","1011.1"
"2026-09-22","03:07:32","Clear","Dry","Dark","0.8","23.8","3200","57232","24.0","51%","28.0","","Opened","7.406","38","Safe","Windy","13.2","63","16.5","10.2","999.7","1011.2"
"2026-09-22","03:07:42","Clear","Dry","Dark","0.7","23.8","3200","57232","24.0","51%","28.0","","Opened","7.405","38","Safe","Windy","13.8","63","16.4","10.1","999.7","1011.2"
"2026-09-22","03:07:52","Clear","Dry","Dark","0.7","23.8","3200","57232","24.0","51%","28.0","","Opened","7.507","38","Safe","Windy","13.1","63","16.5","10.2","999.7","1011.2"
"2026-09-22","03:08:02","Clear","Dry","Dark","0.8","23.7","3200","57232","24.0","51%","28.0","","Opened","7.343","38","Safe","Windy","13.1","63","16.4","10.2","999.5","1011.0"
"2026-09-22","03:08:12","Clear","Dry","Dark","0.8","23.8","3200","57232","24.0","51%","28.0","","Opened","7.314","38","Safe","Windy","13.1","63","16.5","10.2","999.8","1011.3"
"2026-09-22","03:08:22","Clear","Dry","Dark","0.7","23.8","3200","57232","24.0","51%","28.0","","Opened","7.383","38","Safe","Windy","12.8","63","16.5","10.2","999.6","1011.2"
"2026-09-22","03:08:32","Clear","Dry","Dark","0.8","23.8","3200","57232","24.0","51%","28.0","","Opened","7.391","38","Safe","Windy","13.6","63","16.5","10.2","999.7","1011.2"
"2026-09-22","03:08:42","Clear","Dry","Dark","0.7","23.8","3200","57232","24.0","51%","27.9","","Opened","7.332","38","Safe","Windy","13.2","63","16.4","10.1","999.7","1011.2"
"2026-09-22","03:08:52","Clear","Dry","Dark","0.7","23.8","3200","57232","24.0","51%","27.9","","Opened","7.518","38","Safe","Windy","13.5","63","16.5","10.2","999.7","1011.2"
"2026-09-22","03:09:02","Clear","Dry","Dark","0.7","23.7","3200","57232","24.0","51%","27.9","","Opened","7.274","38","Safe","Windy","12.7","63","16.5","10.2","999.7","1011.2"
"2026-09-22","03:09:12","Clear","Dry","Dark","0.7","23.8","3200","57232","24.0","51%","27.9","","Opened","7.363","38","Safe","Windy","13.6","63","16.5","10.2","999.6","1011.2"
"2026-09-22","03:09:22","Clear","Dry","Dark","0.6","23.7","3200","57232","24.0","51%","27.9","","Opened","7.305","38","Safe","Windy","13.2","63","16.5","10.0","999.6","1011.1"
"2026-09-22","03:09:32","Clear","Dry","Dark","0.6","23.7","3200","57232","24.0","51%","28.0","","Opened","7.420","38","Safe","Windy","11.5","63","16.5","10.0","999.8","1011.3"
"2026-09-22","03:09:42","Clear","Dry","Dark","0.6","23.7","3200","57232","23.9","51%","28.0","","Opened","7.364","38","Safe","Windy","10.8","63","16.5","10.1","999.6","1011.2"
"2026-09-22","03:09:52","Clear","Dry","Dark","0.7","23.7","3200","57232","23.9","51%","28.0","","Opened","7.523","38","Safe","Windy","10.8","63","16.4","10.0","999.7","1011.2"
"2026-09-22","03:10:02","Clear","Dry","Dark","0.7","23.7","3200","57232","23.9","51%","28.0","","Opened","7.282","38","Safe","Windy","10.7","63","16.4","10.1","999.6","1011.2"
"2026-09-22","03:10:12","Clear","Dry","Dark","0.6","23.7","3200","57232","23.9","51%","28.0","","Opened","7.372","38","Safe","Windy","10.4","63","16.5","10.0","999.7","1011.2"
"2026-09-22","03:10:22","Clear","Dry","Dark","0.7","23.7","3200","57232","23.9","51%","28.0","","Opened","7.354","38","Safe","Windy","11.3","63","16.4","10.1","999.7","1011.2"
"2026-09-22","03:10:32","Clear","Dry","Dark","0.7","23.6","3200","57232","23.9","51%","28.0","","Opened","7.336","38","Safe","Windy","12.2","63","16.5","10.1","999.6","1011.2"
"2026-09-22","03:10:42","Clear","Dry","Dark","0.7","23.7","3200","57232","23.9","51%","27.9","","Opened","7.334","38","Safe","Windy","12.5","63","16.4","10.1","999.6","1011.2"
"2026-09-22","03:10:52","Clear","Dry","Dark","0.8","23.7","3200","57232","23.9","51%","27.9","","Opened","7.528","38","Safe","Windy","12.4","63","16.4","10.2","999.7","1011.2"
"2026-09-22","03:11:02","Clear","Dry","Dark","0.8","23.7","3200","57232","23.9","51%","27.9","","Opened","7.418","38","Safe","Windy","12.9","63","16.4","10.2","999.7","1011.2"
"2026-09-22","03:11:12","Clear","Dry","Dark","0.8","23.7","3200","57232","23.9","51%","27.9","","Opened","7.388","38","Safe","Windy","12.8","63","16.4","10.1","999.4","1011.0"
"2026-09-22","03:11:22","Clear","Dry","Dark","0.7","23.7","3200","57232","23.9","51%","27.9","","Opened","7.369","38","Safe","Windy","12.5","63","16.4","10.0","999.6","1011.2"
"2026-09-22","03:11:32","Clear","Dry","Dark","0.7","23.7","3200","57232","23.9","51%","27.9","","Opened","7.315","38","Safe","Windy","11.7","63","16.5","10.0","999.7","1011.2"
"2026-09-22","03:11:42","Clear","Dry","Dark","0.6","23.7","3200","57232","23.9","51%","28.0","","Opened","7.377","38","Safe","Windy","11.5","63","16.4","10.0","999.8","1011.3"
"2026-09-22","03:11:52","Clear","Dry","Dark","0.8","23.7","3200","57232","23.9","51%","28.0","","Opened","7.486","38","Safe","Windy","11.3","63","16.4","10.2","999.7","1011.2"
"2026-09-22","03:12:02","Clear","Dry","Dark","0.7","23.7","3200","57232","23.9","51%","28.0","","Opened","7.401","38","Safe","Windy","11.0","63","16.4","10.0","999.6","1011.1"
"2026-09-22","03:12:12","Clear","Dry","Dark","0.6","23.6","3200","57232","23.9","51%","28.0","","Opened","7.390","38","Safe","Windy","10.1","63","16.4","10.0","999.8","1011.3"
"2026-09-22","03:12:22","Clear","Dry","Dark","0.6","23.6","3200","57232","23.9","51%","28.1","","Opened","7.328","38","Safe","Windy","10.0","63","16.4","9.9","999.8","1011.3"
"2026-09-22","03:12:32","Clear","Dry","Dark","0.6","23.6","3200","57232","23.9","51%","28.1","","Opened","7.322","38","Safe","Windy","11.0","63","16.4","10.0","999.8","1011.3"
"2026-09-22","03:12:42","Clear","Dry","Dark","0.7","23.6","3200","57232","23.8","51%","28.0","","Opened","7.386","38","Safe","Windy","11.7","63","16.4","10.1","999.8","1011.3"
"2026-09-22","03:12:52","Clear","Dry","Dark","0.7","23.6","3200","57232","23.8","51%","28.0","","Opened","7.534","38","Safe","Windy","12.7","63","16.4","10.1","999.6","1011.1"
"2026-09-22","03:13:02","Clear","Dry","Dark","0.7","23.6","3200","57232","23.8","51%","27.9","","Opened","7.322","38","Safe","Windy","12.4","63","16.4","10.0","999.8","1011.3"
"2026-09-22","03:13:12","Clear","Dry","Dark","0.7","23.6","3200","57232","23.9","51%","27.9","","Opened","7.277","38","Safe","Windy","12.9","63","16.4","10.1","999.8","1011.3"
"2026-09-22","03:13:22","Clear","Dry","Dark","0.7","23.6","3200","57232","23.9","51%","27.9","","Opened","7.378","38","Safe","Windy","13.1","63","16.5","10.1","999.7","1011.2"
"2026-09-22","03:13:32","Clear","Dry","Dark","0.7","23.6","3200","57232","23.8","51%","27.9","","Opened","7.306","38","Safe","Windy","12.1","63","16.4","10.0","999.7","1011.2"
"2026-09-22","03:13:42","Clear","Dry","Dark","0.8","23.6","3200","57232","23.8","51%","27.9","","Opened","7.266","38","Safe","Windy","12.1","63","16.4","10.2","999.7","1011.2"
"2026-09-22","03:13:52","Clear","Dry","Dark","0.7","23.6","3200","57232","23.8","51%","27.9","","Opened","7.610","38","Safe","Windy","12.1","63","16.4","10.0","999.8","1011.3"
"2026-09-22","03:14:02","Clear","Dry","Dark","0.7","23.6","3200","57232","23.8","51%","27.9","","Opened","7.294","38","Safe","Windy","13.1","63","16.4","10.1","999.7","1011.2"
"2026-09-22","03:14:12","Clear","Wet","Dark","0.7","23.6","3199","57232","23.8","51%","27.8","","Opened","7.270","38","Safe","Windy","12.5","63","16.4","10.0","999.7","1011.2"
"2026-09-22","03:14:22","Clear","Dry","Dark","0.7","23.6","3200","57232","23.8","51%","27.8","","Opened","7.390","38","Safe","Windy","13.6","63","16.5","10.1","999.8","1011.3"
"2026-09-22","03:14:32","Clear","Dry","Dark","0.7","23.6","3200","57232","23.8","51%","27.7","","Opened","7.413","38","Safe","Windy","14.8","63","16.4","10.1","999.7","1011.2"
"2026-09-22","03:14:42","Clear","Dry","Dark","0.6","23.6","3200","57232","23.8","51%","27.7","","Opened","7.340","38","Safe","Windy","14.3","63","16.4","9.9","999.4","1011.0"
"2026-09-22","03:14:52","Clear","Dry","Dark","0.6","23.6","3200","57232","23.8","51%","27.7","","Opened","7.473","38","Safe","Windy","13.4","63","16.4","9.9","999.7","1011.2"
"2026-09-22","03:15:02","Clear","Dry","Dark","0.7","23.6","3200","57232","23.8","51%","27.8","","Opened","7.391","38","Safe","Windy","12.8","63","16.4","10.0","999.6","1011.1"
"2026-09-22","03:15:12","Clear","Dry","Dark","0.6","23.6","3200","57232","23.8","51%","27.8","","Opened","7.326","38","Safe","Windy","13.4","63","16.5","9.9","999.6","1011.1"
"2026-09-22","03:15:22","Clear","Dry","Dark","0.6","23.6","3200","57232","23.8","51%","27.8","","Opened","7.293","38","Safe","Windy","12.4","63","16.4","10.0","999.6","1011.2"
"2026-09-22","03:15:32","Clear","Dry","Dark","0.6","23.6","3200","57232","23.8","51%","27.8","","Opened","7.362","38","Safe","Windy","11.3","63","16.4","9.9","999.6","1011.2"
"2026-09-22","03:15:42","Clear","Dry","Dark","0.6","23.6","3200","57232","23.8","51%","27.9","","Opened","7.353","38","Safe","Windy","11.4","63","16.5","9.9","999.8","1011.3"
"2026-09-22","03:15:52","Clear","Dry","Dark","0.6","23.6","3200","57232","23.8","51%","27.9","","Opened","7.501","38","Safe","Windy","12.0","63","16.4","9.9","999.7","1011.2"
"2026-09-22","03:16:02","Clear","Dry","Dark","0.6","23.6","3200","57232","23.8","51%","27.8","","Opened","7.399","38","Safe","Windy","12.0","63","16.4","9.9","999.7","1011.2"
"2026-09-22","03:16:12","Clear","Dry","Dark","0.5","23.6","3200","57232","23.8","51%","27.8","","Opened","7.354","38","Safe","Windy","11.4","63","16.4","9.8","999.6","1011.2"
"2026-09-22","03:16:22","Clear","Dry","Dark","0.5","23.5","3200","57232","23.8","51%","27.9","","Opened","7.322","38","Safe","Windy","10.7","63","16.4","9.9","999.6","1011.2"
"2026-09-22","03:16:32","Clear","Dry","Dark","0.6","23.5","3200","57232","23.8","51%","27.9","","Opened","7.414","38","Safe","Windy","10.8","63","16.5","9.9","999.6","1011.2"
"2026-09-22","03:16:42","Clear","Dry","Dark","0.4","23.5","3200","57232","23.8","51%","28.0","","Opened","7.333","38","Safe","Windy","10.0","63","16.5","9.8","999.8","1011.3"
"2026-09-22","03:16:52","Clear","Dry","Dark","0.6","23.5","3200","57232","23.8","51%","28.0","","Opened","7.525","38","Safe","Windy","11.3","63","16.4","9.9","999.7","1011.2"
"2026-09-22","03:17:02","Clear","Dry","Dark","0.8","23.5","3200","57232","23.8","51%","27.9","","Opened","7.409","38","Safe","Windy","12.0","63","16.4","10.1","999.7","1011.2"
"2026-09-22","03:17:12","Clear","Dry","Dark","0.5","23.5","3200","57232","23.8","51%","27.8","","Opened","7.377","38","Safe","Windy","12.9","63","16.4","9.8","999.4","1010.9"
"2026-09-22","03:17:22","Clear","Dry","Dark","0.6","23.5","3200","57232","23.8","51%","27.8","","Opened","7.368","38","Safe","Windy","13.9","63","16.4","9.9","999.5","1011.1"
"2026-09-22","03:17:32","Clear","Dry","Dark","0.6","23.5","3200","57232","23.8","51%","27.8","","Opened","7.329","38","Safe","Windy","14.2","63","16.4","9.9","999.6","1011.2"
"2026-09-22","03:17:42","Clear","Dry","Dark","0.5","23.5","3200","57232","23.8","51%","27.8","","Opened","7.281","38","Safe","Windy","14.5","63","16.4","9.9","999.6","1011.2"
"2026-09-22","03:17:52","Clear","Dry","Dark","0.6","23.5","3200","57232","23.8","51%","27.9","","Opened","7.577","38","Safe","Windy","12.9","63","16.4","9.9","999.6","1011.2"
"2026-09-22","03:18:02","Clear","Dry","Dark","0.5","23.5","3200","57232","23.8","51%","27.9","","Opened","7.327","38","Safe","Windy","12.8","64","16.4","9.8","999.6","1011.2"
"2026-09-22","03:18:12","Clear","Dry","Dark","0.6","23.5","3200","57232","23.8","51%","27.8","","Opened","7.291","38","Safe","Windy","13.2","63","16.4","9.9","999.6","1011.2"
"2026-09-22","03:18:22","Clear","Dry","Dark","0.5","23.5","3200","57232","23.7","51%","27.7","","Opened","7.355","38","Safe","Windy","12.8","63","16.4","9.8","999.7","1011.2"
"2026-09-22","03:18:32","Clear","Dry","Dark","0.5","23.5","3200","57232","23.7","51%","27.7","","Opened","7.318","38","Safe","Windy","12.4","64","16.4","9.8","999.6","1011.1"
"2026-09-22","03:18:42","Clear","Dry","Dark","0.6","23.5","3200","57232","23.8","51%","27.8","","Opened","7.281","38","Safe","Windy","12.9","64","16.4","9.9","999.6","1011.2"
"2026-09-22","03:18:52","Clear","Dry","Dark","0.5","23.5","3200","57232","23.7","51%","27.8","","Opened","7.568","38","Safe","Windy","13.1","64","16.4","9.8","999.5","1011.1"
"2026-09-22","03:19:02","Clear","Dry","Dark","0.6","23.5","3200","57232","23.7","51%","27.8","","Opened","7.299","38","Safe","Windy","12.2","64","16.4","9.9","999.6","1011.1"
"2026-09-22","03:19:12","Clear","Dry","Dark","0.5","23.5","3200","57232","23.8","51%","27.8","","Opened","7.368","38","Safe","Windy","11.4","64","16.4","9.8","999.8","1011.3"
"2026-09-22","03:19:22","Clear","Dry","Dark","0.5","23.5","3200","57232","23.8","51%","27.8","","Opened","7.327","38","Safe","Windy","12.2","64","16.5","9.9","999.6","1011.1"
"2026-09-22","03:19:32","Clear","Dry","Dark","0.5","23.5","3200","57232","23.7","51%","27.7","","Opened","7.291","38","Safe","Windy","12.5","64","16.4","9.8","999.4","1011.0"
"2026-09-22","03:19:42","Clear","Dry","Dark","0.6","23.5","3200","57232","23.7","51%","27.7","","Opened","7.366","38","Safe","Windy","12.2","64","16.4","9.9","999.6","1011.1"
"2026-09-22","03:19:52","Clear","Dry","Dark","0.6","23.5","3200","57232","23.7","51%","27.7","","Opened","7.583","38","Safe","Windy","12.1","64","16.4","9.9","999.7","1011.2"
"2026-09-22","03:20:02","Clear","Dry","Dark","0.6","23.5","3200","57232","23.7","51%","27.7","","Opened","7.314","38","Safe","Windy","13.1","64","16.4","9.9","999.5","1011.1"
"2026-09-22","03:20:12","Clear","Dry","Dark","0.5","23.5","3200","57232","23.7","51%","27.7","","Opened","7.285","38","Safe","Windy","12.9","64","16.4","9.8","999.7","1011.2"
"2026-09-22","03:20:22","Clear","Dry","Dark","0.6","23.5","3200","57232","23.7","51%","27.7","","Opened","7.400","38","Safe","Windy","12.7","64","16.4","9.9","999.7","1011.2"
"2026-09-22","03:20:32","Clear","Dry","Dark","0.5","23.5","3200","57232","23.7","51%","27.7","","Opened","7.385","38","Safe","Windy","12.9","64","16.4","9.8","999.6","1011.2"
"2026-09-22","03:20:42","Clear","Dry","Dark","0.7","23.5","3200","57232","23.7","51%","27.7","","Opened","7.321","38","Safe","Windy","13.1","64","16.4","10.0","999.6","1011.2"
"2026-09-22","03:20:52","Clear","Dry","Dark","0.6","23.5","3200","57232","23.7","51%","27.7","","Opened","7.524","38","Safe","Windy","13.2","64","16.5","9.9","999.7","1011.2"
"2026-09-22","03:21:02","Clear","Dry","Dark","0.7","23.5","3200","57232","23.7","51%","27.7","","Opened","7.369","38","Safe","Windy","12.7","64","16.4","10.0","999.6","1011.2"
"2026-09-22","03:21:12","Clear","Dry","Dark","0.7","23.5","3200","57232","23.7","51%","27.6","","Opened","7.317","38","Safe","Windy","12.9","64","16.4","10.0","999.6","1011.2"
"2026-09-22","03:21:22","Clear","Dry","Dark","0.5","23.5","3200","57232","23.7","51%","27.6","","Opened","7.407","38","Safe","Windy","12.2","64","16.4","9.8","999.5","1011.1"
"2026-09-22","03:21:32","Clear","Dry","Dark","0.5","23.5","3200","57232","23.7","51%","27.6","","Opened","7.368","38","Safe","Windy","12.5","64","16.5","9.8","999.7","1011.2"
"2026-09-22","03:21:42","Clear","Dry","Dark","0.5","23.5","3200","57232","23.7","51%","27.6","","Opened","7.298","38","Safe","Windy","12.1","64","16.4","9.8","999.6","1011.2"
"2026-09-22","03:21:52","Clear","Dry","Dark","0.5","23.5","3200","57232","23.7","51%","27.7","","Opened","7.553","38","Safe","Windy","12.0","64","16.5","9.8","999.6","1011.2"
"2026-09-22","03:22:02","Clear","Dry","Dark","0.5","23.5","3200","57232","23.7","51%","27.7","","Opened","7.373","38","Safe","Windy","11.0","64","16.4","9.7","999.6","1011.2"
"2026-09-22","03:22:12","Clear","Dry","Dark","0.5","23.5","3200","57232","23.7","51%","27.8","","Opened","7.342","38","Safe","Windy","10.6","64","16.4","9.8","999.6","1011.1"
"2026-09-22","03:22:22","Clear","Dry","Dark","0.5","23.5","3200","57232","23.7","51%","27.8","","Opened","7.284","38","Safe","Windy","11.0","64","16.4","9.8","999.8","1011.3"
"2026-09-22","03:22:32","Clear","Dry","Dark","0.4","23.4","3200","57232","23.7","51%","27.8","","Opened","7.383","38","Safe","Windy","11.0","64","16.5","9.7","999.6","1011.2"
"2026-09-22","03:22:42","Clear","Dry","Dark","0.4","23.4","3200","57232","23.7","51%","27.8","","Opened","7.338","38","Safe","Windy","11.3","64","16.4","9.6","999.6","1011.1"
"2026-09-22","03:22:52","Clear","Dry","Dark","0.3","23.4","3200","57232","23.7","51%","27.9","","Opened","7.518","38","Safe","Windy","11.3","64","16.4","9.6","999.6","1011.2"
"2026-09-22","03:23:02","Clear","Dry","Dark","0.5","23.4","3200","57232","23.7","51%","27.9","","Opened","7.288","38","Safe","Windy","11.3","64","16.5","9.8","999.6","1011.2"
"2026-09-22","03:23:12","Clear","Dry","Dark","0.6","23.4","3200","57232","23.7","51%","28.0","","Opened","7.370","38","Safe","Windy","11.0","64","16.5","9.9","999.7","1011.2"
"2026-09-22","03:23:22","Clear","Dry","Dark","0.6","23.4","3200","57232","23.7","51%","27.9","","Opened","7.316","38","Safe","Windy","10.8","64","16.5","9.9","999.6","1011.1"
"2026-09-22","03:23:32","Clear","Dry","Dark","0.6","23.4","3200","57232","23.7","51%","27.9","","Opened","7.409","38","Safe","Windy","10.3","64","16.4","9.8","999.6","1011.1"
"2026-09-22","03:23:42","Clear","Dry","Dark","0.6","23.4","3200","57232","23.7","51%","27.8","","Opened","7.339","38","Safe","Windy","10.3","64","16.4","9.9","999.7","1011.2"
"2026-09-22","03:23:52","Clear","Dry","Dark","0.5","23.4","3200","57232","23.7","51%","27.8","","Opened","7.471","38","Safe","Windy","10.4","64","16.5","9.8","999.6","1011.2"
"2026-09-22","03:24:02","Clear","Dry","Dark","0.5","23.4","3200","57232","23.7","51%","27.8","","Opened","7.345","38","Safe","Windy","10.7","64","16.4","9.8","999.6","1011.2"
"2026-09-22","03:24:12","Clear","Dry","Dark","0.5","23.4","3200","57232","23.7","51%","27.8","","Opened","7.333","38","Safe","Windy","10.6","64","16.5","9.8","999.7","1011.2"
"2026-09-22","03:24:22","Clear","Dry","Dark","0.5","23.4","3200","57232","23.7","51%","27.8","","Opened","7.284","38","Safe","Windy","11.0","64","16.4","9.8","999.7","1011.2"
"2026-09-22","03:24:32","Clear","Dry","Dark","0.5","23.4","3200","57232","23.7","51%","27.8","","Opened","7.416","38","Safe","Windy","11.1","64","16.4","9.7","999.7","1011.2"
"2026-09-22","03:24:42","Clear","Dry","Dark","0.5","23.4","3200","57232","23.7","51%","27.8","","Opened","7.372","38","Safe","Windy","11.3","64","16.4","9.8","999.6","1011.2"
"2026-09-22","03:24:52","Clear","Dry","Dark","0.5","23.4","3200","57232","23.7","51%","27.7","","Opened","7.521","38","Safe","Windy","11.7","64","16.5","9.8","999.6","1011.2"
"2026-09-22","03:25:02","Clear","Dry","Dark","0.5","23.4","3200","57232","23.7","51%","27.7","","Opened","7.416","38","Safe","Windy","12.2","64","16.5","9.8","999.7","1011.2"
"2026-09-22","03:25:12","Clear","Dry","Dark","0.5","23.4","3200","57232","23.7","51%","27.7","","Opened","7.341","38","Safe","Windy","12.5","64","16.4","9.7","999.7","1011.2"
"2026-09-22","03:25:22","Clear","Dry","Dark","0.6","23.4","3200","57232","23.7","51%","27.7","","Opened","7.313","38","Safe","Windy","12.2","64","16.4","9.8","999.6","1011.2"
"2026-09-22","03:25:32","Clear","Dry","Dark","0.6","23.4","3200","57232","23.7","51%","27.7","","Opened","7.267","38","Safe","Windy","13.4","64","16.4","9.8","999.6","1011.2"
"2026-09-22","03:25:42","Clear","Dry","Dark","0.4","23.4","3200","57232","23.6","51%","27.6","","Opened","7.346","38","Safe","Windy","13.8","64","16.4","9.7","999.4","1011.0"
"2026-09-22","03:25:52","Clear","Dry","Dark","0.5","23.4","3200","57232","23.7","51%","27.6","","Opened","7.532","38","Safe","Windy","13.8","64","16.5","9.8","999.6","1011.2"
"2026-09-22","03:26:02","Clear","Dry","Dark","0.4","23.4","3200","57232","23.6","51%","27.5","","Opened","7.403","38","Safe","Windy","13.6","64","16.4","9.7","999.5","1011.1"
"2026-09-22","03:26:12","Clear","Dry","Dark","0.4","23.4","3200","57232","23.6","51%","27.5","","Opened","7.364","38","Safe","Windy","14.1","64","16.4","9.7","999.6","1011.1"
"2026-09-22","03:26:22","Clear","Dry","Dark","0.4","23.4","3200","57232","23.6","51%","27.5","","Opened","7.356","38","Safe","Windy","13.8","64","16.4","9.7","999.6","1011.2"
"2026-09-22","03:26:32","Clear","Dry","Dark","0.5","23.4","3200","57232","23.6","51%","27.5","","Opened","7.302","38","Safe","Windy","13.6","64","16.5","9.7","999.8","1011.3"
"2026-09-22","03:26:42","Clear","Dry","Dark","0.6","23.4","3200","57232","23.6","51%","27.5","","Opened","7.274","38","Safe","Windy","14.5","64","16.5","9.8","999.6","1011.2"
"2026-09-22","03:26:52","Clear","Dry","Dark","0.5","23.4","3200","57232","23.6","51%","27.4","","Opened","7.562","38","Safe","Windy","14.3","64","16.4","9.7","999.6","1011.1"
"2026-09-22","03:27:02","Clear","Dry","Dark","0.4","23.4","3200","57232","23.6","51%","27.4","","Opened","7.312","38","Safe","Windy","13.4","64","16.4","9.6","999.5","1011.1"
"2026-09-22","03:27:12","Clear","Dry","Dark","0.6","23.4","3200","57232","23.6","51%","27.6","","Opened","7.418","38","Safe","Windy","13.1","64","16.4","9.8","999.6","1011.2"
"2026-09-22","03:27:22","Clear","Dry","Dark","0.4","23.4","3200","57232","23.7","51%","27.6","","Opened","7.388","38","Safe","Windy","12.9","64","16.5","9.7","999.6","1011.2"
"2026-09-22","03:27:32","Clear","Dry","Dark","0.4","23.4","3200","57232","23.6","51%","27.6","","Opened","7.343","38","Safe","Windy","11.5","64","16.5","9.7","999.6","1011.1"
"2026-09-22","03:27:42","Clear","Dry","Dark","0.5","23.4","3200","57232","23.6","51%","27.7","","Opened","7.287","38","Safe","Windy","10.6","64","16.5","9.7","999.6","1011.2"
"2026-09-22","03:27:52","Clear","Dry","Dark","0.5","23.4","3200","57232","23.6","51%","27.7","","Opened","7.567","38","Safe","Windy","10.0","64","16.4","9.7","999.6","1011.2"
"2026-09-22","03:28:02","Clear","Dry","Dark","0.5","23.4","3200","57232","23.6","51%","27.8","","Opened","7.315","38","Safe","Windy","10.4","64","16.5","9.7","999.6","1011.2"
"2026-09-22","03:28:12","Clear","Dry","Dark","0.5","23.4","3200","57232","23.6","51%","27.8","","Opened","7.378","38","Safe","Windy","9.9","64","16.5","9.7","999.6","1011.2"
"2026-09-22","03:28:22","Clear","Dry","Dark","0.6","23.3","3200","57232","23.6","51%","27.9","","Opened","7.351","38","Safe","Windy","9.9","64","16.4","9.8","999.6","1011.2"
"2026-09-22","03:28:32","Clear","Dry","Dark","0.7","23.4","3200","57232","23.6","51%","27.8","","Opened","7.330","38","Safe","Windy","11.0","64","16.5","9.9","999.6","1011.1"
"2026-09-22","03:28:42","Clear","Dry","Dark","0.4","23.4","3200","57232","23.7","51%","27.8","","Opened","7.284","38","Safe","Windy","10.4","64","16.5","9.7","999.6","1011.2"
"2026-09-22","03:28:52","Clear","Dry","Dark","0.5","23.4","3200","57232","23.6","51%","27.7","","Opened","7.580","38","Safe","Windy","10.6","64","16.4","9.7","999.6","1011.1"
"2026-09-22","03:29:02","Clear","Dry","Dark","0.6","23.4","3200","57232","23.6","51%","27.7","","Opened","7.384","38","Safe","Windy","11.4","64","16.5","9.9","999.6","1011.2"
"2026-09-22","03:29:12","Clear","Dry","Dark","0.5","23.4","3200","57232","23.6","51%","27.6","","Opened","7.308","38","Safe","Windy","12.2","64","16.4","9.7","999.3","1010.9"
"2026-09-22","03:29:22","Clear","Dry","Dark","0.4","23.4","3200","57232","23.6","51%","27.5","","Opened","7.267","38","Safe","Windy","12.5","64","16.4","9.7","999.6","1011.1"
"2026-09-22","03:29:32","Clear","Dry","Dark","0.5","23.4","3200","57232","23.6","51%","27.6","","Opened","7.333","38","Safe","Windy","12.1","64","16.5","9.8","999.6","1011.1"
"2026-09-22","03:29:42","Clear","Dry","Dark","0.5","23.4","3200","57232","23.6","51%","27.6","","Opened","7.262","38","Safe","Windy","12.0","64","16.4","9.7","999.6","1011.2"
"2026-09-22","03:29:52","Clear","Dry","Dark","0.4","23.3","3200","57232","23.6","51%","27.6","","Opened","7.592","38","Safe","Windy","12.0","64","16.5","9.6","999.7","1011.3"
"2026-09-22","03:30:02","Clear","Dry","Dark","0.3","23.4","3200","57232","23.6","51%","27.7","","Opened","7.387","38","Safe","Windy","11.3","64","16.5","9.6","999.6","1011.2"
"2026-09-22","03:30:12","Clear","Dry","Dark","0.3","23.3","3200","57232","23.6","51%","27.7","","Opened","7.306","38","Safe","Windy","11.5","64","16.5","9.6","999.7","1011.3"
"2026-09-22","03:30:22","Clear","Dry","Dark","0.3","23.3","3200","57232","23.6","51%","27.8","","Opened","7.395","38","Safe","Windy","10.6","64","16.4","9.5","999.6","1011.2"
"2026-09-22","03:30:32","Clear","Dry","Dark","0.5","23.3","3200","57232","23.6","51%","27.8","","Opened","7.327","38","Safe","Windy","10.6","64","16.4","9.7","999.6","1011.2"
"2026-09-22","03:30:42","Clear","Dry","Dark","0.4","23.3","3200","57232","23.6","51%","27.8","","Opened","7.277","38","Safe","Windy","11.1","64","16.4","9.6","999.6","1011.2"
"2026-09-22","03:30:53","Clear","Dry","Dark","0.5","23.3","3200","57232","23.6","51%","27.7","","Opened","7.728","38","Safe","Windy","11.8","64","16.4","9.7","999.5","1011.1"
"2026-09-22","03:31:02","Clear","Dry","Dark","0.5","23.3","3200","57232","23.6","51%","27.7","","Opened","7.291","38","Safe","Windy","12.1","64","16.5","9.7","999.6","1011.2"
"2026-09-22","03:31:12","Clear","Dry","Dark","0.4","23.3","3200","57232","23.6","51%","27.7","","Opened","7.355","38","Safe","Windy","11.5","64","16.4","9.6","999.6","1011.2"
"2026-09-22","03:31:22","Clear","Dry","Dark","0.6","23.3","3200","57232","23.6","51%","27.7","","Opened","7.320","38","Safe","Windy","13.2","64","16.4","9.8","999.7","1011.3"
"2026-09-22","03:31:32","Clear","Dry","Dark","0.4","23.3","3200","57232","23.6","51%","27.6","","Opened","7.402","38","Safe","Windy","12.8","64","16.4","9.6","999.7","1011.3"
"2026-09-22","03:31:42","Clear","Dry","Dark","0.5","23.3","3200","57232","23.6","51%","27.6","","Opened","7.331","38","Safe","Windy","13.1","64","16.4","9.6","999.6","1011.2"
"2026-09-22","03:31:52","Clear","Dry","Dark","0.7","23.3","3200","57232","23.5","51%","27.6","","Opened","7.443","38","Safe","Windy","13.1","64","16.4","9.9","999.6","1011.1"
"2026-09-22","03:32:02","Clear","Dry","Dark","0.6","23.4","3200","57232","23.6","51%","27.5","","Opened","7.378","38","Safe","Windy","13.4","64","16.4","9.8","999.6","1011.1"
"2026-09-22","03:32:12","Clear","Dry","Dark","0.4","23.3","3200","57232","23.5","51%","27.5","","Opened","7.321","38","Safe","Windy","13.1","64","16.4","9.6","999.5","1011.1"
"2026-09-22","03:32:22","Clear","Dry","Dark","0.6","23.4","3200","57232","23.6","51%","27.5","","Opened","7.284","38","Safe","Windy","12.4","64","16.4","9.8","999.6","1011.1"
"2026-09-22","03:32:32","Clear","Dry","Dark","0.5","23.3","3200","57232","23.6","51%","27.5","","Opened","7.395","38","Safe","Windy","12.2","64","16.4","9.7","999.7","1011.3"
"2026-09-22","03:32:42","Clear","Dry","Dark","0.6","23.3","3200","57232","23.6","51%","27.5","","Opened","7.379","38","Safe","Windy","11.4","64","16.4","9.8","999.8","1011.3"
"2026-09-22","03:32:52","Clear","Dry","Dark","0.5","23.4","3200","57232","23.6","51%","27.5","","Opened","7.533","38","Safe","Windy","11.0","64","16.4","9.7","999.7","1011.3"
"2026-09-22","03:33:02","Clear","Dry","Dark","0.6","23.4","3200","57232","23.5","51%","27.5","","Opened","7.279","38","Safe","Windy","11.8","64","16.4","9.8","999.6","1011.2"
"2026-09-22","03:33:12","Clear","Dry","Dark","0.4","23.3","3200","57232","23.5","51%","27.5","","Opened","7.356","38","Safe","Windy","11.7","64","16.4","9.6","999.6","1011.2"
"2026-09-22","03:33:22","Clear","Dry","Dark","0.5","23.3","3200","57232","23.6","51%","27.6","","Opened","7.295","38","Safe","Windy","11.8","64","16.4","9.7","999.7","1011.3"
"2026-09-22","03:33:32","Clear","Dry","Dark","0.5","23.3","3200","57232","23.6","51%","27.6","","Opened","7.381","38","Safe","Windy","12.0","64","16.4","9.7","999.7","1011.3"
"2026-09-22","03:33:42","Clear","Dry","Dark","0.4","23.3","3200","57232","23.6","51%","27.6","","Opened","7.328","38","Safe","Windy","12.2","64","16.4","9.6","999.7","1011.3"
"2026-09-22","03:33:52","Clear","Dry","Dark","0.5","23.3","3200","57232","23.6","51%","27.6","","Opened","7.511","38","Safe","Windy","13.1","64","16.4","9.7","999.7","1011.3"
"2026-09-22","03:34:02","Clear","Dry","Dark","0.5","23.3","3200","57232","23.5","51%","27.5","","Opened","7.288","38","Safe","Windy","12.5","64","16.4","9.7","999.6","1011.1"
"2026-09-22","03:34:12","Clear","Dry","Dark","0.6","23.3","3200","57232","23.6","51%","27.5","","Opened","7.366","38","Safe","Windy","13.9","64","16.4","9.8","999.8","1011.3"
"2026-09-22","03:34:22","Clear","Dry","Dark","0.6","23.4","3200","57232","23.6","51%","27.4","","Opened","7.317","38","Safe","Windy","14.8","64","16.4","9.8","999.6","1011.1"
"2026-09-22","03:34:32","Clear","Dry","Dark","0.5","23.4","3200","57232","23.6","51%","27.3","","Opened","7.409","38","Safe","Windy","14.9","64","16.4","9.7","999.6","1011.2"
"2026-09-22","03:34:42","Clear","Dry","Dark","0.5","23.4","3200","57232","23.5","51%","27.3","","Opened","7.358","38","Safe","Windy","15.2","64","16.4","9.7","999.6","1011.1"
"2026-09-22","03:34:52","Clear","Dry","Dark","0.6","23.4","3200","57232","23.6","51%","27.3","","Opened","7.554","38","Safe","Windy","14.1","64","16.4","9.8","999.6","1011.2"
"2026-09-22","03:35:02","Clear","Dry","Dark","0.5","23.4","3200","57232","23.6","51%","27.4","","Opened","7.400","38","Safe","Windy","13.4","64","16.4","9.7","999.6","1011.1"
"2026-09-22","03:35:12","Clear","Dry","Dark","0.5","23.4","3200","57232","23.6","51%","27.5","","Opened","7.350","38","Safe","Windy","12.4","64","16.4","9.7","999.7","1011.3"
"2026-09-22","03:35:22","Clear","Dry","Dark","0.5","23.4","3200","57232","23.5","51%","27.4","","Opened","7.300","38","Safe","Windy","11.8","64","16.4","9.7","999.8","1011.3"
"2026-09-22","03:35:32","Clear","Dry","Dark","0.5","23.3","3200","57232","23.6","51%","27.4","","Opened","7.405","38","Safe","Windy","11.8","64","16.4","9.7","999.6","1011.2"
"2026-09-22","03:35:42","Clear","Dry","Dark","0.5","23.3","3200","57232","23.5","51%","27.5","","Opened","7.345","38","Safe","Windy","11.4","64","16.4","9.7","999.6","1011.2"
"2026-09-22","03:35:52","Clear","Dry","Dark","0.6","23.3","3200","57232","23.5","51%","27.5","","Opened","7.479","38","Unsafe","Very Windy","13.2","64","16.4","9.7","999.7","1011.3"
"2026-09-22","03:36:02","Clear","Dry","Dark","0.4","23.3","3200","57232","23.6","51%","27.5","","Opened","7.381","38","Unsafe","Very Windy","13.4","64","16.5","9.6","999.6","1011.2"
"2026-09-22","03:36:12","Clear","Dry","Dark","0.7","23.3","3200","57232","23.5","51%","27.5","","Opened","7.321","38","Unsafe","Very Windy","13.5","64","16.4","9.9","999.7","1011.3"
"2026-09-22","03:36:22","Clear","Dry","Dark","0.5","23.3","3200","57232","23.5","51%","27.5","","Opened","7.392","38","Unsafe","Very Windy","13.2","64","16.4","9.7","999.6","1011.2"
"2026-09-22","03:36:32","Clear","Dry","Dark","0.6","23.3","3200","57232","23.5","51%","27.4","","Opened","7.344","38","Unsafe","Very Windy","14.5","64","16.4","9.8","999.7","1011.3"
"2026-09-22","03:36:42","Clear","Dry","Dark","0.6","23.3","3200","57232","23.5","51%","27.3","","Opened","7.298","38","Unsafe","Very Windy","14.9","64","16.4","9.8","999.6","1011.2"
"2026-09-22","03:36:52","Clear","Dry","Dark","0.5","23.3","3200","57232","23.5","51%","27.3","","Opened","7.514","38","Unsafe","Windy","13.6","64","16.4","9.7","999.6","1011.1"
"2026-09-22","03:37:02","Clear","Dry","Dark","0.4","23.3","3200","57232","23.5","51%","27.3","","Opened","7.326","38","Unsafe","Windy","13.5","64","16.4","9.6","999.7","1011.3"
"2026-09-22","03:37:12","Clear","Dry","Dark","0.5","23.3","3200","57232","23.5","51%","27.3","","Opened","7.263","38","Unsafe","Windy","13.2","64","16.4","9.7","999.6","1011.2"
"2026-09-22","03:37:22","Clear","Dry","Dark","0.5","23.3","3200","57232","23.5","51%","27.4","","Opened","7.342","38","Unsafe","Windy","12.2","64","16.4","9.7","999.7","1011.3"
"2026-09-22","03:37:32","Clear","Dry","Dark","0.7","23.3","3200","57232","23.5","51%","27.4","","Opened","7.282","38","Unsafe","Windy","10.8","64","16.4","9.9","999.8","1011.4"
"2026-09-22","03:37:42","Clear","Dry","Dark","0.5","23.3","3200","57232","23.5","51%","27.5","","Opened","7.360","38","Unsafe","Windy","10.7","64","16.4","9.6","999.7","1011.3"
"2026-09-22","03:37:52","Clear","Dry","Dark","0.5","23.3","3200","57232","23.5","51%","27.5","","Opened","7.470","38","Unsafe","Windy","11.4","64","16.4","9.7","999.6","1011.2"
"2026-09-22","03:38:02","Clear","Dry","Dark","0.5","23.3","3200","57232","23.5","51%","27.4","","Opened","7.416","38","Unsafe","Very Windy","13.2","64","16.4","9.7","999.6","1011.2"
"2026-09-22","03:38:12","Clear","Dry","Dark","0.5","23.3","3200","57232","23.5","51%","27.2","Heating UP","Opened","7.455","38","Unsafe","Very Windy","13.8","64","16.4","9.7","999.6","1011.2"
"2026-09-22","03:38:22","Clear","Dry","Dark","0.5","23.3","3328","57232","23.5","52%","27.2","Heating UP","Opened","7.450","38","Unsafe","Very Windy","15.2","65","16.4","9.7","999.6","1011.2"
"2026-09-22","03:38:32","Clear","Dry","Dark","0.5","23.3","3200","57232","23.5","53%","27.1","Heating UP","Opened","7.461","38","Unsafe","Very Windy","16.3","65","16.4","9.6","999.6","1011.2"
"2026-09-22","03:38:42","Clear","Dry","Dark","0.5","23.3","3200","57232","23.5","54%","27.0","Heating UP","Opened","7.453","38","Unsafe","Very Windy","16.4","65","16.4","9.6","999.8","1011.3"
"2026-09-22","03:38:52","Clear","Dry","Dark","0.5","23.3","3328","57232","23.5","56%","27.0","Heating UP","Opened","7.599","38","Unsafe","Very Windy","15.6","65","16.4","9.6","999.6","1011.1"
"2026-09-22","03:39:02","Clear","Dry","Dark","0.5","23.3","3200","57232","23.5","58%","27.0","Heating UP","Opened","7.453","38","Unsafe","Windy","15.0","65","16.4","9.7","999.7","1011.3"
"2026-09-22","03:39:12","Clear","Dry","Dark","0.6","23.3","3200","57232","23.5","59%","27.0","Heating UP","Opened","7.425","38","Unsafe","Windy","15.0","65","16.4","9.7","999.6","1011.1"
"2026-09-22","03:39:22","Clear","Dry","Dark","0.5","23.3","3328","57232","23.5","60%","27.0","Heating UP","Opened","7.431","38","Unsafe","Windy","14.8","65","16.4","9.6","999.6","1011.1"
"2026-09-22","03:39:32","Clear","Dry","Dark","0.5","23.3","3200","57232","23.5","61%","27.1","","Opened","7.307","38","Unsafe","Windy","14.3","65","16.4","9.6","999.7","1011.3"
"2026-09-22","03:39:42","Clear","Dry","Dark","0.5","23.3","3200","57232","23.5","61%","27.2","","Opened","7.384","38","Unsafe","Windy","14.5","65","16.4","9.6","999.6","1011.2"
"2026-09-22","03:39:52","Clear","Dry","Dark","0.6","23.3","3200","57232","23.5","61%","27.2","","Opened","7.520","38","Unsafe","Windy","14.8","65","16.4","9.7","999.6","1011.2"
"2026-09-22","03:40:02","Clear","Dry","Dark","0.6","23.3","3200","57232","23.5","61%","27.2","","Opened","7.271","38","Unsafe","Windy","13.6","65","16.4","9.7","999.5","1011.1"
"2026-09-22","03:40:12","Clear","Dry","Dark","0.5","23.3","3200","57232","23.5","61%","27.3","","Opened","7.335","38","Unsafe","Windy","13.2","65","16.4","9.6","999.8","1011.3"
"2026-09-22","03:40:22","Clear","Dry","Dark","0.5","23.3","3200","57232","23.5","61%","27.4","","Opened","7.284","38","Unsafe","Windy","12.2","65","16.4","9.7","999.7","1011.3"
"2026-09-22","03:40:32","Clear","Dry","Dark","0.6","23.2","3200","57232","23.5","61%","27.6","","Opened","7.355","38","Unsafe","Windy","12.5","65","16.4","9.7","999.7","1011.3"
"2026-09-22","03:40:42","Clear","Dry","Dark","0.4","23.3","3200","57232","23.5","61%","27.5","","Opened","7.279","38","Unsafe","Windy","13.4","65","16.4","9.6","999.7","1011.3"
"2026-09-22","03:40:52","Clear","Dry","Dark","0.5","23.3","3200","57232","23.5","61%","27.5","","Opened","7.518","38","Unsafe","Windy","13.1","65","16.4","9.6","999.6","1011.2"
"2026-09-22","03:41:02","Clear","Dry","Dark","0.5","23.3","3200","57232","23.4","61%","27.4","","Opened","7.293","38","Unsafe","Windy","13.1","65","16.4","9.7","999.6","1011.1"
"2026-09-22","03:41:12","Clear","Dry","Dark","0.6","23.3","3200","57232","23.4","61%","27.5","","Opened","7.354","38","Unsafe","Windy","13.2","65","16.4","9.7","999.6","1011.1"
"2026-09-22","03:41:22","Clear","Dry","Dark","0.6","23.3","3200","57232","23.5","61%","27.5","","Opened","7.301","38","Unsafe","Windy","14.2","65","16.4","9.7","999.7","1011.3"
"2026-09-22","03:41:32","Clear","Dry","Dark","0.4","23.3","3200","57232","23.5","61%","27.5","","Opened","7.383","38","Unsafe","Windy","13.4","65","16.4","9.6","999.8","1011.3"
"2026-09-22","03:41:42","Clear","Dry","Dark","0.5","23.3","3200","57232","23.5","61%","27.6","","Opened","7.306","38","Unsafe","Windy","12.2","65","16.4","9.7","999.8","1011.3"
"2026-09-22","03:41:52","Clear","Dry","Dark","0.6","23.3","3200","57232","23.4","61%","27.6","","Opened","7.520","38","Unsafe","Windy","12.4","65","16.4","9.7","999.6","1011.2"
"2026-09-22","03:42:02","Clear","Dry","Dark","0.5","23.3","3200","57232","23.4","61%","27.7","","Opened","7.310","38","Unsafe","Windy","13.2","65","16.4","9.6","999.7","1011.3"
"2026-09-22","03:42:12","Clear","Dry","Dark","0.5","23.3","3200","57232","23.5","61%","27.6","","Opened","7.369","38","Unsafe","Windy","13.6","65","16.4","9.6","999.6","1011.2"
"2026-09-22","03:42:22","Clear","Dry","Dark","0.5","23.2","3200","57232","23.4","61%","27.6","","Opened","7.326","38","Unsafe","Windy","13.8","65","16.4","9.6","999.7","1011.3"
"2026-09-22","03:42:32","Clear","Dry","Dark","0.6","23.3","3200","57232","23.4","61%","27.5","","Opened","7.285","38","Unsafe","Windy","13.9","65","16.4","9.7","999.8","1011.3"
"2026-09-22","03:42:42","Clear","Dry","Dark","0.5","23.3","3200","57232","23.4","61%","27.5","","Opened","7.362","38","Unsafe","Windy","15.0","65","16.4","9.6","999.6","1011.1"
"2026-09-22","03:42:52","Clear","Dry","Dark","0.5","23.3","3200","57232","23.4","61%","27.5","","Opened","7.467","38","Unsafe","Windy","14.5","65","16.4","9.6","999.6","1011.2"
"2026-09-22","03:43:02","Clear","Dry","Dark","0.3","23.2","3200","57232","23.4","61%","27.6","","Opened","7.387","38","Unsafe","Windy","13.5","65","16.4","9.5","999.6","1011.2"
"2026-09-22","03:43:12","Clear","Dry","Dark","0.6","23.2","3200","57232","23.4","61%","27.6","","Opened","7.320","38","Unsafe","Windy","13.5","65","16.4","9.7","999.8","1011.3"
"2026-09-22","03:43:22","Clear","Dry","Dark","0.5","23.2","3200","57232","23.4","61%","27.5","","Opened","7.407","38","Unsafe","Windy","13.5","65","16.4","9.6","999.8","1011.3"
"2026-09-22","03:43:32","Clear","Dry","Dark","0.5","23.3","3200","57232","23.4","61%","27.5","","Opened","7.349","38","Unsafe","Very Windy","14.9","65","16.4","9.6","999.6","1011.1"
"2026-09-22","03:43:42","Clear","Dry","Dark","0.5","23.3","3200","57232","23.4","61%","27.5","","Opened","7.296","38","Unsafe","Very Windy","14.1","65","16.4","9.6","999.6","1011.2"
"2026-09-22","03:43:52","Clear","Dry","Dark","0.4","23.3","3200","57232","23.4","61%","27.5","","Opened","7.516","38","Unsafe","Very Windy","14.5","65","16.4","9.5","999.6","1011.2"
"2026-09-22","03:44:02","Clear","Dry","Dark","0.4","23.3","3200","57232","23.4","61%","27.5","","Opened","7.319","38","Unsafe","Very Windy","15.2","65","16.4","9.5","999.5","1011.1"
"2026-09-22","03:44:12","Clear","Dry","Dark","0.4","23.3","3200","57232","23.4","61%","27.3","","Opened","7.271","38","Unsafe","Very Windy","15.3","65","16.4","9.6","999.5","1011.1"
"2026-09-22","03:44:22","Clear","Dry","Dark","0.5","23.3","3200","57232","23.4","61%","27.3","","Opened","7.334","38","Unsafe","Very Windy","14.9","65","16.4","9.6","999.3","1010.9"
"2026-09-22","03:44:32","Clear","Dry","Dark","0.4","23.3","3200","57232","23.4","61%","27.3","","Opened","7.286","38","Unsafe","Windy","13.6","65","16.4","9.5","999.6","1011.2"
"2026-09-22","03:44:42","Clear","Dry","Dark","0.5","23.3","3200","57232","23.4","61%","27.3","","Opened","7.367","38","Unsafe","Windy","14.5","65","16.4","9.6","999.6","1011.1"
"2026-09-22","03:44:52","Clear","Dry","Dark","0.5","23.2","3200","57232","23.4","61%","27.4","","Opened","7.484","38","Unsafe","Very Windy","15.9","65","16.4","9.6","999.6","1011.1"
"2026-09-22","03:45:02","Clear","Dry","Dark","0.3","23.3","3200","57232","23.4","61%","27.3","","Opened","7.276","38","Unsafe","Very Windy","16.2","65","16.4","9.4","999.6","1011.2"
"2026-09-22","03:45:12","Clear","Dry","Dark","0.3","23.3","3200","57232","23.4","61%","27.3","","Opened","7.336","38","Unsafe","Very Windy","16.2","65","16.4","9.4","999.6","1011.1"
"2026-09-22","03:45:22","Clear","Dry","Dark","0.4","23.3","3200","57232","23.4","61%","27.3","","Opened","7.400","38","Unsafe","Very Windy","16.4","65","16.4","9.5","999.7","1011.3"
"2026-09-22","03:45:32","Clear","Dry","Dark","0.3","23.2","3200","57232","23.4","61%","27.3","","Opened","7.367","38","Unsafe","Very Windy","16.2","65","16.4","9.4","999.5","1011.1"
"2026-09-22","03:45:42","Clear","Dry","Dark","0.4","23.2","3200","57232","23.4","61%","27.4","","Opened","7.316","38","Unsafe","Very Windy","14.8","65","16.4","9.5","999.6","1011.2"
"2026-09-22","03:45:52","Clear","Dry","Dark","0.4","23.2","3200","57232","23.4","61%","27.5","","Opened","7.534","38","Unsafe","Windy","13.4","65","16.4","9.5","999.6","1011.1"
"2026-09-22","03:46:02","Clear","Dry","Dark","0.4","23.2","3200","57232","23.4","61%","27.4","","Opened","7.348","38","Unsafe","Windy","13.2","65","16.3","9.5","999.6","1011.1"
"2026-09-22","03:46:12","Clear","Dry","Dark","0.3","23.2","3200","57232","23.4","61%","27.4","","Opened","7.276","38","Unsafe","Windy","13.1","65","16.4","9.4","999.3","1010.8"
"2026-09-22","03:46:22","Clear","Dry","Dark","0.4","23.2","3200","57232","23.4","61%","27.4","","Opened","7.364","38","Unsafe","Windy","12.7","65","16.4","9.5","999.6","1011.1"
"2026-09-22","03:46:32","Clear","Dry","Dark","0.4","23.2","3200","57232","23.4","61%","27.4","","Opened","7.305","38","Unsafe","Windy","13.2","65","16.3","9.5","999.6","1011.2"
"2026-09-22","03:46:42","Clear","Dry","Dark","0.4","23.3","3200","57232","23.4","61%","27.3","","Opened","7.367","38","Unsafe","Windy","13.8","65","16.4","9.5","999.3","1010.9"
"2026-09-22","03:46:52","Clear","Dry","Dark","0.4","23.3","3200","57232","23.4","61%","27.3","","Opened","7.472","38","Unsafe","Windy","13.5","65","16.4","9.5","999.4","1010.9"
"2026-09-22","03:47:02","Clear","Dry","Dark","0.2","23.2","3200","57232","23.4","61%","27.4","","Opened","7.410","38","Unsafe","Windy","13.8","65","16.4","9.3","999.5","1011.1"
"2026-09-22","03:47:12","Clear","Dry","Dark","0.3","23.2","3200","57232","23.4","61%","27.3","","Opened","7.343","38","Unsafe","Windy","13.9","65","16.3","9.4","999.6","1011.1"
"2026-09-22","03:47:22","Clear","Dry","Dark","0.3","23.3","3200","57232","23.4","61%","27.3","","Opened","7.291","38","Unsafe","Windy","14.2","65","16.4","9.4","999.5","1011.1"
"2026-09-22","03:47:32","Clear","Dry","Dark","0.3","23.2","3200","57232","23.4","61%","27.3","","Opened","7.362","38","Unsafe","Windy","14.6","65","16.4","9.4","999.5","1011.1"
"2026-09-22","03:47:42","Clear","Dry","Dark","0.4","23.2","3200","57232","23.4","61%","27.2","","Opened","7.322","38","Unsafe","Windy","14.9","65","16.4","9.5","999.5","1011.1"
"2026-09-22","03:47:52","Clear","Dry","Dark","0.4","23.2","3200","57232","23.4","61%","27.2","","Opened","7.572","38","Unsafe","Windy","15.0","65","16.4","9.5","999.6","1011.2"
"2026-09-22","03:48:02","Clear","Dry","Dark","0.4","23.2","3200","57232","23.4","61%","27.2","","Opened","7.337","38","Unsafe","Windy","14.5","65","16.4","9.5","999.7","1011.3"
"2026-09-22","03:48:12","Clear","Dry","Dark","0.2","23.2","3200","57232","23.4","61%","27.2","","Opened","7.278","38","Unsafe","Windy","13.4","65","16.4","9.3","999.4","1010.9"
"2026-09-22","03:48:22","Clear","Dry","Dark","0.3","23.1","3200","57232","23.4","61%","27.4","","Opened","7.363","38","Unsafe","Windy","12.9","65","16.4","9.4","999.5","1011.1"
"2026-09-22","03:48:32","Clear","Dry","Dark","0.3","23.1","3200","57232","23.4","61%","27.5","","Opened","7.318","38","Unsafe","Windy","12.4","65","16.4","9.4","999.6","1011.2"
"2026-09-22","03:48:42","Clear","Dry","Dark","0.2","23.1","3200","57232","23.3","61%","27.4","","Opened","7.386","38","Unsafe","Windy","11.7","65","16.4","9.3","999.6","1011.2"
"2026-09-22","03:48:52","Clear","Dry","Dark","0.4","23.1","3200","57232","23.4","61%","27.5","","Opened","7.480","38","Unsafe","Windy","12.5","65","16.4","9.5","999.3","1010.9"
"2026-09-22","03:49:02","Clear","Dry","Dark","0.3","23.1","3200","57232","23.4","61%","27.4","","Opened","7.281","38","Unsafe","Very Windy","13.6","65","16.4","9.4","999.6","1011.2"
"2026-09-22","03:49:12","Clear","Dry","Dark","0.3","23.1","3200","57232","23.3","61%","27.3","","Opened","7.351","38","Unsafe","Very Windy","14.8","65","16.4","9.4","999.8","1011.3"
"2026-09-22","03:49:22","Clear","Dry","Dark","0.2","23.1","3200","57232","23.3","61%","27.3","","Opened","7.315","38","Unsafe","Very Windy","15.0","65","16.4","9.2","999.6","1011.1"
"2026-09-22","03:49:32","Clear","Dry","Dark","0.2","23.1","3200","57232","23.3","61%","27.4","","Opened","7.401","38","Unsafe","Very Windy","14.8","65","16.4","9.3","999.7","1011.3"
"2026-09-22","03:49:42","Clear","Dry","Dark","0.3","23.1","3200","57232","23.3","61%","27.3","","Opened","7.354","38","Unsafe","Very Windy","15.0","65","16.4","9.3","999.6","1011.1"
"2026-09-22","03:49:52","Clear","Dry","Dark","0.2","23.1","3200","57232","23.3","61%","27.3","","Opened","7.459","38","Unsafe","Very Windy","14.3","65","16.4","9.3","999.5","1011.1"
"2026-09-22","03:50:02","Clear","Dry","Dark","0.3","23.1","3200","57232","23.3","61%","27.3","","Opened","7.395","38","Unsafe","Windy","13.8","65","16.3","9.3","999.3","1010.9"
"2026-09-22","03:50:12","Clear","Dry","Dark","0.3","23.1","3200","57232","23.3","61%","27.3","","Opened","7.300","38","Unsafe","Windy","13.9","65","16.3","9.4","999.6","1011.2"
"2026-09-22","03:50:22","Clear","Dry","Dark","0.3","23.1","3200","57232","23.3","61%","27.2","","Opened","7.390","38","Unsafe","Windy","13.6","65","16.4","9.3","999.4","1011.0"
"2026-09-22","03:50:32","Clear","Dry","Dark","0.2","23.1","3200","57232","23.3","61%","27.3","","Opened","7.333","38","Unsafe","Windy","13.8","65","16.4","9.2","999.6","1011.1"
"2026-09-22","03:50:42","Clear","Dry","Dark","0.1","23.1","3200","57232","23.3","61%","27.3","","Opened","7.292","38","Unsafe","Windy","14.1","65","16.4","9.1","999.6","1011.2"
"2026-09-22","03:50:52","Clear","Dry","Dark","0.3","23.1","3200","57232","23.3","61%","27.3","","Opened","7.529","38","Unsafe","Windy","14.5","65","16.3","9.4","999.6","1011.2"
"2026-09-22","03:51:02","Clear","Dry","Dark","0.3","23.1","3200","57232","23.3","61%","27.3","","Opened","7.312","38","Unsafe","Windy","14.1","65","16.4","9.3","999.5","1011.1"
"2026-09-22","03:51:12","Clear","Dry","Dark","0.3","23.1","3200","57232","23.3","61%","27.3","","Opened","7.380","38","Unsafe","Windy","13.4","65","16.3","9.3","999.6","1011.2"
"2026-09-22","03:51:22","Clear","Dry","Dark","0.2","23.1","3200","57232","23.3","61%","27.3","","Opened","7.333","38","Unsafe","Windy","13.4","65","16.4","9.2","999.4","1011.0"
"2026-09-22","03:51:32","Clear","Dry","Dark","0.2","23.1","3200","57232","23.3","61%","27.4","","Opened","7.276","38","Unsafe","Windy","12.9","65","16.3","9.2","999.7","1011.3"
"2026-09-22","03:51:42","Clear","Dry","Dark","0.2","23.1","3200","57232","23.3","61%","27.4","","Opened","7.351","38","Unsafe","Windy","12.8","65","16.4","9.3","999.6","1011.1"
"2026-09-22","03:51:52","Clear","Dry","Dark","0.3","23.1","3200","57232","23.3","61%","27.4","","Opened","7.456","38","Unsafe","Windy","12.0","65","16.4","9.3","999.5","1011.1"
"2026-09-22","03:52:02","Clear","Dry","Dark","0.2","23.1","3200","57232","23.3","61%","27.4","","Opened","7.394","38","Unsafe","Windy","11.7","65","16.4","9.3","999.6","1011.1"
"2026-09-22","03:52:12","Clear","Dry","Dark","0.2","23.0","3200","57232","23.3","61%","27.4","","Opened","7.314","38","Unsafe","Windy","11.7","65","16.3","9.2","999.6","1011.1"
"2026-09-22","03:52:22","Clear","Dry","Dark","0.2","23.1","3200","57232","23.2","61%","27.5","","Opened","7.391","38","Unsafe","Windy","11.4","65","16.3","9.3","999.6","1011.2"
"2026-09-22","03:52:32","Clear","Dry","Dark","0.1","23.0","3200","57232","23.3","61%","27.5","","Opened","7.339","38","Unsafe","Windy","11.1","65","16.4","9.2","999.6","1011.2"
"2026-09-22","03:52:42","Clear","Dry","Dark","0.2","23.0","3200","57232","23.2","61%","27.5","","Opened","7.311","38","Unsafe","Windy","10.4","65","16.3","9.2","999.6","1011.1"
"2026-09-22","03:52:53","Clear","Dry","Dark","0.2","23.0","3200","57232","23.2","61%","27.6","Heating DOWN","Opened","7.670","38","Unsafe","Windy","11.0","65","16.3","9.2","999.6","1011.1"
"2026-09-22","03:53:02","Clear","Dry","Dark","0.1","23.0","3328","57232","23.2","60%","27.5","","Opened","7.414","38","Unsafe","Windy","10.6","65","16.3","9.1","999.7","1011.3"
"2026-09-22","03:53:12","Clear","Dry","Dark","0.1","23.0","3328","57232","23.2","60%","27.6","Heating DOWN","Opened","7.438","38","Unsafe","Windy","10.0","65","16.3","9.1","999.5","1011.1"
"2026-09-22","03:53:22","Clear","Dry","Dark","0.2","23.0","3200","57232","23.2","59%","27.6","Heating DOWN","Opened","7.438","38","Unsafe","Windy","11.0","65","16.4","9.2","999.5","1011.1"
"2026-09-22","03:53:32","Clear","Dry","Dark","0.3","23.0","3200","57232","23.2","58%","27.5","","Opened","7.329","38","Unsafe","Windy","11.7","65","16.3","9.3","999.6","1011.1"
"2026-09-22","03:53:42","Clear","Dry","Dark","0.3","23.0","3200","57232","23.2","58%","27.4","","Opened","7.281","38","Unsafe","Windy","12.8","65","16.3","9.3","999.7","1011.3"
"2026-09-22","03:53:52","Clear","Dry","Dark","0.2","23.0","3200","57232","23.2","58%","27.3","","Opened","7.499","38","Unsafe","Windy","12.7","65","16.3","9.2","999.5","1011.1"
"2026-09-22","03:54:02","Clear","Dry","Dark","0.3","23.0","3200","57232","23.2","58%","27.3","","Opened","7.308","38","Unsafe","Windy","12.9","65","16.3","9.3","999.4","1011.0"
"2026-09-22","03:54:12","Clear","Dry","Dark","0.2","23.0","3200","57232","23.2","58%","27.2","","Opened","7.379","38","Unsafe","Windy","13.4","65","16.4","9.2","999.6","1011.2"
"2026-09-22","03:54:22","Clear","Dry","Dark","0.2","23.0","3200","57232","23.2","58%","27.2","","Opened","7.326","38","Unsafe","Windy","13.4","65","16.3","9.2","999.6","1011.1"
"2026-09-22","03:54:32","Clear","Dry","Dark","0.2","23.0","3200","57232","23.2","58%","27.2","","Opened","7.407","38","Unsafe","Windy","13.5","65","16.3","9.2","999.6","1011.2"
"2026-09-22","03:54:42","Clear","Dry","Dark","0.2","23.0","3200","57232","23.2","58%","27.2","","Opened","7.354","38","Unsafe","Windy","12.9","65","16.3","9.2","999.6","1011.2"
"2026-09-22","03:54:52","Clear","Dry","Dark","0.2","23.0","3200","57232","23.2","58%","27.2","","Opened","7.454","38","Unsafe","Windy","13.8","65","16.4","9.2","999.5","1011.1"
"2026-09-22","03:55:02","Clear","Dry","Dark","0.2","23.0","3200","57232","23.2","58%","27.1","","Opened","7.385","38","Safe","Windy","13.9","65","16.4","9.2","999.6","1011.2"
"2026-09-22","03:55:12","Clear","Dry","Dark","0.2","23.0","3200","57232","23.2","58%","27.1","","Opened","7.324","38","Safe","Windy","14.5","65","16.3","9.1","999.5","1011.1"
"2026-09-22","03:55:22","Clear","Dry","Dark","0.1","23.0","3200","57232","23.2","58%","27.1","","Opened","7.284","38","Safe","Windy","13.6","65","16.3","9.1","999.4","1011.0"
"2026-09-22","03:55:32","Clear","Dry","Dark","0.1","23.0","3200","57232","23.2","58%","27.1","","Opened","7.358","38","Safe","Windy","13.8","65","16.3","9.1","999.6","1011.2"
"2026-09-22","03:55:42","Clear","Dry","Dark","0.2","23.0","3200","57232","23.2","58%","27.1","","Opened","7.310","38","Safe","Windy","15.0","65","16.3","9.2","999.6","1011.1"
"2026-09-22","03:55:52","Clear","Dry","Dark","0.1","23.0","3200","57232","23.2","58%","27.0","","Opened","7.537","38","Safe","Windy","13.6","65","16.3","9.1","999.5","1011.1"
"2026-09-22","03:56:02","Clear","Dry","Dark","0.1","23.0","3200","57232","23.2","58%","27.1","","Opened","7.342","38","Safe","Windy","12.9","65","16.3","9.1","999.5","1011.1"
"2026-09-22","03:56:12","Clear","Dry","Dark","0.2","22.9","3200","57232","23.2","58%","27.2","","Opened","7.281","38","Safe","Windy","12.2","65","16.3","9.1","999.6","1011.1"
"2026-09-22","03:56:22","Clear","Dry","Dark","0.2","22.9","3200","57232","23.2","58%","27.2","","Opened","7.350","38","Safe","Windy","12.9","65","16.3","9.1","999.6","1011.2"
"2026-09-22","03:56:32","Clear","Dry","Dark","0.2","22.9","3200","57232","23.2","58%","27.1","","Opened","7.301","38","Safe","Windy","12.8","65","16.3","9.1","999.5","1011.1"
"2026-09-22","03:56:42","Clear","Dry","Dark","0.1","22.9","3200","57232","23.2","58%","27.0","","Opened","7.377","38","Safe","Windy","12.2","65","16.3","9.1","999.6","1011.1"
"2026-09-22","03:56:52","Clear","Dry","Dark","0.3","22.9","3200","57232","23.2","58%","27.0","","Opened","7.498","38","Safe","Windy","13.9","65","16.3","9.2","999.6","1011.1"
"2026-09-22","03:57:02","Clear","Dry","Dark","0.3","22.9","3200","57232","23.1","58%","27.0","","Opened","7.285","38","Safe","Windy","14.6","65","16.3","9.2","999.6","1011.2"
"2026-09-22","03:57:12","Clear","Dry","Dark","0.2","22.9","3200","57232","23.1","58%","27.0","","Opened","7.351","38","Safe","Windy","14.9","65","16.3","9.1","999.5","1011.1"
"2026-09-22","03:57:22","Clear","Dry","Dark","0.1","22.9","3200","57232","23.1","58%","27.0","","Opened","7.318","38","Safe","Windy","14.1","65","16.3","9.0","999.6","1011.1"
"2026-09-22","03:57:32","Clear","Dry","Dark","0.2","22.9","3200","57232","23.1","58%","27.1","","Opened","7.395","38","Safe","Windy","13.2","65","16.3","9.1","999.6","1011.2"
"2026-09-22","03:57:42","Clear","Dry","Dark","0.2","22.9","3200","57232","23.1","58%","27.2","","Opened","7.354","38","Safe","Windy","12.5","65","16.3","9.2","999.6","1011.1"
"2026-09-22","03:57:52","Clear","Dry","Dark","0.2","22.9","3200","57232","23.1","58%","27.1","","Opened","7.453","38","Safe","Windy","11.8","65","16.3","9.1","999.5","1011.1"
"2026-09-22","03:58:02","Clear","Dry","Dark","0.2","22.9","3200","57232","23.1","58%","27.1","","Opened","7.394","38","Safe","Windy","12.4","65","16.3","9.2","999.5","1011.1"
"2026-09-22","03:58:12","Clear","Dry","Dark","0.1","22.9","3200","57232","23.1","58%","27.1","","Opened","7.310","38","Safe","Windy","12.8","65","16.3","9.0","999.5","1011.1"
"2026-09-22","03:58:22","Clear","Dry","Dark","0.2","22.9","3200","57232","23.1","58%","27.0","","Opened","7.284","38","Safe","Windy","13.2","65","16.3","9.1","999.6","1011.2"
"2026-09-22","03:58:32","Clear","Dry","Dark","0.2","22.9","3200","57232","23.1","58%","27.0","","Opened","7.349","38","Safe","Windy","13.9","65","16.3","9.1","999.5","1011.1"
"2026-09-22","03:58:42","Clear","Dry","Dark","0.1","22.9","3200","57232","23.1","58%","27.0","","Opened","7.310","38","Safe","Windy","14.1","66","16.3","9.1","999.5","1011.1"
"2026-09-22","03:58:52","Clear","Dry","Dark","0.1","22.9","3200","57232","23.1","58%","27.0","","Opened","7.564","38","Safe","Windy","13.5","66","16.3","9.0","999.6","1011.2"
"2026-09-22","03:59:02","Clear","Dry","Dark","0.1","22.9","3200","57232","23.1","58%","27.0","","Opened","7.382","38","Safe","Windy","12.9","66","16.3","9.0","999.6","1011.1"
"2026-09-22","03:59:12","Clear","Dry","Dark","0.1","22.9","3200","57232","23.1","58%","27.0","","Opened","7.302","38","Safe","Windy","12.8","66","16.3","9.1","999.6","1011.1"
"2026-09-22","03:59:22","Clear","Dry","Dark","0.0","22.9","3200","57232","23.1","58%","26.9","","Opened","7.380","38","Safe","Windy","13.5","66","16.3","8.9","999.4","1011.0"
"2026-09-22","03:59:32","Clear","Dry","Dark","0.2","22.9","3200","57232","23.1","58%","26.9","","Opened","7.333","38","Safe","Windy","13.9","66","16.3","9.1","999.4","1011.0"
"2026-09-22","03:59:42","Clear","Dry","Dark","0.1","22.9","3200","57232","23.1","58%","26.9","","Opened","7.288","38","Safe","Windy","13.6","66","16.3","9.0","999.5","1011.1"
"2026-09-22","03:59:52","Clear","Dry","Dark","0.2","22.9","3200","57232","23.1","58%","26.9","","Opened","7.518","38","Safe","Windy","14.1","66","16.3","9.2","999.6","1011.1"
"2026-09-22","04:00:02","Clear","Dry","Dark","0.3","22.9","3200","57232","23.1","58%","26.8","","Opened","7.308","38","Safe","Windy","14.5","66","16.3","9.3","999.4","1011.0"
"2026-09-22","04:00:12","Clear","Dry","Dark","0.2","22.9","3200","57232","23.1","58%","26.8","","Opened","7.384","38","Safe","Windy","14.9","66","16.3","9.2","999.5","1011.1"
"2026-09-22","04:00:22","Clear","Dry","Dark","0.1","22.9","3200","57232","23.1","58%","26.7","Heating UP","Opened","7.464","38","Safe","Windy","14.3","66","16.3","9.1","999.6","1011.2"
"2026-09-22","04:00:32","Clear","Dry","Dark","0.3","22.9","3200","57232","23.1","59%","26.7","Heating UP","Opened","7.455","38","Safe","Windy","13.9","66","16.3","9.2","999.5","1011.1"
"2026-09-22","04:00:42","Clear","Dry","Dark","0.1","22.9","3328","57232","23.1","60%","26.8","","Opened","7.339","38","Safe","Windy","13.4","66","16.3","9.1","999.5","1011.1"
"2026-09-22","04:00:52","Clear","Dry","Dark","0.1","22.9","3328","57232","23.1","60%","27.0","","Opened","7.424","38","Safe","Windy","13.4","66","16.3","9.0","999.6","1011.2"
"2026-09-22","04:01:02","Clear","Dry","Dark","0.2","22.9","3328","57232","23.1","60%","27.1","","Opened","7.398","38","Safe","Windy","12.5","65","16.3","9.2","999.5","1011.1"
"2026-09-22","04:01:12","Clear","Dry","Dark","0.2","22.9","3328","57232","23.1","60%","27.1","","Opened","7.333","38","Safe","Windy","11.8","65","16.3","9.2","999.6","1011.2"
"2026-09-22","04:01:22","Clear","Dry","Dark","0.1","22.9","3328","57232","23.1","60%","27.1","","Opened","7.278","38","Safe","Windy","12.2","65","16.3","9.1","999.4","1011.0"
"2026-09-22","04:01:32","Clear","Dry","Dark","0.1","22.9","3328","57232","23.1","60%","27.1","","Opened","7.335","38","Safe","Windy","12.1","65","16.3","9.0","999.5","1011.1"
"2026-09-22","04:01:42","Clear","Dry","Dark","0.0","22.9","3328","57232","23.1","60%","27.2","","Opened","7.273","38","Safe","Windy","12.4","65","16.3","9.0","999.6","1011.1"
"2026-09-22","04:01:52","Clear","Dry","Dark","0.1","22.9","3328","57232","23.1","60%","27.2","","Opened","7.494","38","Safe","Windy","12.0","66","16.3","9.0","999.6","1011.1"
"2026-09-22","04:02:02","Clear","Dry","Dark","0.0","22.9","3328","57232","23.1","60%","27.3","","Opened","7.282","38","Safe","Windy","11.4","66","16.3","8.9","999.4","1011.0"
"2026-09-22","04:02:12","Clear","Dry","Dark","0.1","22.9","3328","57232","23.1","60%","27.4","","Opened","7.351","38","Safe","Windy","11.7","66","16.3","9.0","999.6","1011.2"
"2026-09-22","04:02:22","Clear","Dry","Dark","0.1","22.9","3328","57232","23.1","60%","27.5","Heating DOWN","Opened","7.446","38","Safe","Windy","11.1","66","16.3","9.0","999.5","1011.1"
"2026-09-22","04:02:32","Clear","Dry","Dark","0.0","22.8","3200","57232","23.1","59%","27.6","Heating DOWN","Opened","7.425","38","Safe","Windy","11.1","66","16.3","9.0","999.6","1011.1"
"2026-09-22","04:02:42","Clear","Dry","Dark","0.1","22.9","3200","57232","23.1","58%","27.5","","Opened","7.315","38","Safe","Windy","11.3","66","16.3","9.0","999.6","1011.2"
"2026-09-22","04:02:52","Clear","Dry","Dark","0.1","22.8","3200","57232","23.1","58%","27.5","Heating DOWN","Opened","7.654","38","Safe","Windy","10.7","66","16.3","9.0","999.6","1011.1"
"2026-09-22","04:03:02","Clear","Dry","Dark","0.2","22.8","3200","57232","23.1","57%","27.6","Heating DOWN","Opened","7.387","38","Safe","Windy","11.1","66","16.3","9.2","999.4","1011.0"
"2026-09-22","04:03:12","Clear","Dry","Dark","0.2","22.8","3200","57232","23.1","55%","27.5","","Opened","7.260","38","Safe","Windy","11.0","66","16.3","9.1","999.6","1011.1"
"2026-09-22","04:03:22","Clear","Dry","Dark","0.2","22.8","3200","57232","23.1","55%","27.5","","Opened","7.326","38","Safe","Windy","10.6","66","16.3","9.1","999.3","1010.9"
"2026-09-22","04:03:32","Clear","Dry","Dark","0.1","22.8","3200","57232","23.1","55%","27.6","Heating DOWN","Opened","7.398","38","Safe","Windy","10.6","66","16.3","9.0","999.6","1011.1"
"2026-09-22","04:03:42","Clear","Dry","Dark","0.0","22.8","3200","57232","23.0","53%","27.5","","Opened","7.276","38","Safe","Windy","10.3","66","16.3","8.9","999.5","1011.1"
"2026-09-22","04:03:52","Clear","Dry","Dark","0.1","22.8","3200","57232","23.1","53%","27.5","Heating DOWN","Opened","7.650","38","Safe","Windy","10.6","66","16.3","9.0","999.6","1011.1"
"2026-09-22","04:04:02","Clear","Dry","Dark","0.1","22.8","3328","57232","23.0","52%","27.4","","Opened","7.344","38","Safe","Windy","11.4","66","16.3","9.0","999.6","1011.1"
"2026-09-22","04:04:12","Clear","Dry","Dark","0.0","22.8","3328","57232","23.0","52%","27.4","Heating DOWN","Opened","7.421","38","Safe","Windy","10.3","66","16.2","8.9","999.4","1011.0"
"2026-09-22","04:04:22","Clear","Dry","Dark","0.0","22.8","3200","57232","23.0","51%","27.4","Heating DOWN","Opened","7.432","38","Safe","Windy","9.7","66","16.3","8.9","999.7","1011.3"
"2026-09-22","04:04:32","Clear","Dry","Dark","0.0","22.8","3200","57232","23.0","50%","27.5","Heating DOWN","Opened","7.417","38","Safe","Windy","9.4","66","16.3","8.9","999.6","1011.1"
"2026-09-22","04:04:42","Clear","Dry","Dark","0.1","22.8","3200","57232","23.0","49%","27.5","Heating DOWN","Opened","7.425","38","Safe","Windy","9.7","66","16.3","9.0","999.5","1011.1"
"2026-09-22","04:04:52","Clear","Dry","Dark","0.1","22.7","3328","57232","23.0","48%","27.4","","Opened","7.463","38","Safe","Windy","10.1","66","16.3","9.0","999.6","1011.1"
"2026-09-22","04:05:02","Clear","Dry","Dark","0.0","22.7","3328","57232","23.0","48%","27.4","Heating DOWN","Opened","7.469","38","Safe","Windy","9.3","66","16.3","8.9","999.6","1011.2"
"2026-09-22","04:05:12","Clear","Dry","Dark","0.1","22.7","3200","57232","23.0","47%","27.3","","Opened","7.387","38","Safe","Windy","9.9","66","16.3","9.0","999.6","1011.1"
"2026-09-22","04:05:22","Clear","Dry","Dark","0.0","22.7","3200","57232","23.0","47%","27.2","","Opened","7.326","38","Safe","Windy","10.4","66","16.3","8.9","999.4","1011.0"
"2026-09-22","04:05:32","Clear","Dry","Dark","0.0","22.7","3200","57232","23.0","47%","27.2","","Opened","7.473","38","Safe","Windy","11.5","66","16.3","8.8","999.5","1011.1"
"2026-09-22","04:05:42","Clear","Dry","Dark","0.2","22.7","3200","57232","23.0","47%","27.0","","Opened","7.285","38","Safe","Windy","11.8","66","16.3","9.0","999.4","1011.0"
"2026-09-22","04:05:52","Clear","Dry","Dark","0.1","22.7","3200","57232","22.9","47%","27.0","","Opened","7.523","38","Safe","Windy","12.7","66","16.2","9.0","999.6","1011.2"
"2026-09-22","04:06:02","Clear","Dry","Dark","0.2","22.7","3200","57232","23.0","47%","26.8","","Opened","7.343","38","Safe","Windy","13.9","66","16.2","9.1","999.4","1011.0"
"2026-09-22","04:06:12","Clear","Dry","Dark","0.0","22.8","3200","57232","23.0","47%","26.7","","Opened","7.283","38","Safe","Windy","14.1","66","16.2","8.9","999.3","1010.9"
"2026-09-22","04:06:22","Clear","Dry","Dark","0.2","22.7","3200","57232","22.9","47%","26.8","","Opened","7.360","38","Safe","Windy","15.2","66","16.2","9.0","999.4","1011.0"
"2026-09-22","04:06:32","Clear","Dry","Dark","0.2","22.7","3200","57232","23.0","47%","26.8","","Opened","7.307","38","Safe","Windy","14.3","66","16.2","9.1","999.5","1011.1"
"2026-09-22","04:06:42","Clear","Dry","Dark","0.3","22.7","3200","57232","22.9","47%","26.8","","Opened","7.402","38","Safe","Windy","15.2","66","16.2","9.1","999.5","1011.1"
"2026-09-22","04:06:52","Clear","Dry","Dark","0.2","22.7","3200","57232","23.0","47%","26.7","Heating UP","Opened","7.663","38","Safe","Windy","14.3","66","16.2","9.1","999.5","1011.1"
"2026-09-22","04:07:02","Clear","Dry","Dark","0.3","22.8","3328","57232","23.0","48%","26.6","Heating UP","Opened","7.467","38","Safe","Windy","13.6","66","16.2","9.1","999.4","1011.0"
"2026-09-22","04:07:12","Clear","Dry","Dark","0.1","22.8","3200","57232","23.0","49%","26.6","Heating UP","Opened","7.468","38","Safe","Windy","13.5","66","16.2","9.0","999.4","1011.0"
"2026-09-22","04:07:22","Clear","Dry","Dark","0.2","22.8","3200","57232","23.0","50%","26.6","Heating UP","Opened","7.486","38","Safe","Windy","13.2","66","16.2","9.0","999.5","1011.1"
"2026-09-22","04:07:32","Clear","Dry","Dark","0.1","22.8","3200","57232","23.0","51%","26.6","Heating UP","Opened","7.483","38","Safe","Windy","13.8","66","16.2","9.0","999.4","1011.0"
"2026-09-22","04:07:42","Clear","Dry","Dark","0.2","22.8","3328","57232","23.0","52%","26.6","Heating UP","Opened","7.482","38","Safe","Windy","13.4","66","16.2","9.0","999.4","1011.0"
"2026-09-22","04:07:52","Clear","Dry","Dark","0.2","22.8","3200","57232","23.0","53%","26.6","Heating UP","Opened","7.631","38","Safe","Windy","13.5","65","16.2","9.1","999.6","1011.2"
"2026-09-22","04:08:02","Clear","Dry","Dark","0.1","22.8","3200","57232","23.0","54%","26.6","Heating UP","Opened","7.465","38","Unsafe","Very Windy","14.9","66","16.2","9.0","999.5","1011.1"
"2026-09-22","04:08:12","Clear","Dry","Dark","0.1","22.8","3200","57232","23.0","55%","26.6","Heating UP","Opened","7.472","38","Unsafe","Very Windy","16.0","65","16.2","9.0","999.6","1011.2"
"2026-09-22","04:08:22","Clear","Dry","Dark","0.1","22.8","3328","57232","23.0","56%","26.7","","Opened","7.350","38","Unsafe","Very Windy","15.6","65","16.2","9.0","999.4","1011.0"
"2026-09-22","04:08:32","Clear","Dry","Dark","0.2","22.8","3328","57232","23.0","56%","26.8","","Opened","7.315","38","Unsafe","Very Windy","16.2","65","16.2","9.1","999.5","1011.1"
"2026-09-22","04:08:42","Clear","Dry","Dark","0.2","22.8","3328","57232","23.0","56%","26.8","","Opened","7.377","38","Unsafe","Very Windy","15.7","65","16.2","9.1","999.4","1011.0"
"2026-09-22","04:08:52","Clear","Dry","Dark","0.0","22.8","3328","57232","23.0","56%","26.9","","Opened","7.498","38","Unsafe","Very Windy","14.8","66","16.2","8.9","999.6","1011.1"
"2026-09-22","04:09:02","Clear","Dry","Dark","0.2","22.7","3328","57232","23.0","56%","27.0","","Opened","7.283","38","Unsafe","Windy","13.5","66","16.2","9.0","999.5","1011.1"
"2026-09-22","04:09:12","Clear","Dry","Dark","0.1","22.8","3328","57232","23.0","56%","26.9","","Opened","7.356","38","Unsafe","Windy","13.5","66","16.2","8.9","999.1","1010.7"
"2026-09-22","04:09:22","Clear","Dry","Dark","0.1","22.7","3328","57232","23.0","56%","26.8","","Opened","7.300","38","Unsafe","Windy","13.9","66","16.2","9.0","999.3","1010.8"
"2026-09-22","04:09:32","Clear","Dry","Dark","0.3","22.7","3328","57232","23.0","56%","26.9","","Opened","7.407","38","Unsafe","Windy","12.8","66","16.2","9.1","999.5","1011.1"
"2026-09-22","04:09:42","Clear","Dry","Dark","0.1","22.7","3328","57232","23.0","56%","27.0","","Opened","7.347","38","Unsafe","Windy","13.5","66","16.2","9.0","999.4","1011.0"
"2026-09-22","04:09:52","Clear","Dry","Dark","0.0","22.7","3328","57232","23.0","56%","26.9","","Opened","7.449","38","Unsafe","Windy","14.3","65","16.2","8.9","999.4","1011.0"
"2026-09-22","04:10:02","Clear","Dry","Dark","0.2","22.7","3328","57232","23.0","56%","26.8","","Opened","7.381","38","Unsafe","Windy","14.2","66","16.2","9.1","999.4","1011.0"
"2026-09-22","04:10:12","Clear","Dry","Dark","0.1","22.7","3328","57232","23.0","56%","26.7","Heating UP","Opened","7.427","38","Unsafe","Windy","13.4","66","16.2","9.0","999.3","1010.8"
"2026-09-22","04:10:22","Clear","Dry","Dark","0.1","22.7","3200","57232","23.0","57%","26.8","","Opened","7.302","38","Unsafe","Windy","13.6","66","16.2","9.0","999.3","1010.9"
"2026-09-22","04:10:32","Clear","Dry","Dark","0.1","22.7","3200","57232","22.9","57%","26.8","","Opened","7.382","38","Unsafe","Windy","13.4","66","16.2","9.0","999.4","1011.0"
"2026-09-22","04:10:42","Clear","Dry","Dark","0.0","22.7","3200","57232","23.0","57%","26.8","","Opened","7.315","38","Unsafe","Windy","12.9","66","16.2","8.9","999.5","1011.1"
"2026-09-22","04:10:52","Clear","Dry","Dark","0.1","22.7","3200","57232","23.0","57%","26.8","","Opened","7.439","38","Unsafe","Windy","14.1","66","16.2","9.0","999.5","1011.1"
"2026-09-22","04:11:02","Clear","Dry","Dark","0.2","22.7","3200","57232","23.0","57%","26.7","","Opened","7.339","38","Unsafe","Windy","14.8","66","16.2","9.0","999.5","1011.1"
"2026-09-22","04:11:12","Clear","Dry","Dark","0.1","22.7","3200","57232","23.0","57%","26.6","Heating UP","Opened","7.401","38","Unsafe","Windy","15.3","66","16.2","9.0","999.4","1011.0"
"2026-09-22","04:11:22","Clear","Dry","Dark","0.2","22.7","3200","57232","22.9","58%","26.6","Heating UP","Opened","7.393","38","Unsafe","Windy","15.3","66","16.2","9.0","999.4","1011.0"
"2026-09-22","04:11:32","Clear","Dry","Dark","0.1","22.7","3200","57232","22.9","59%","26.5","Heating UP","Opened","7.515","38","Unsafe","Windy","15.6","66","16.2","9.0","999.4","1011.0"
"2026-09-22","04:11:42","Clear","Dry","Dark","0.3","22.7","3328","57232","22.9","60%","26.6","","Opened","7.395","38","Unsafe","Windy","15.3","66","16.2","9.1","999.4","1011.0"
"2026-09-22","04:11:52","Clear","Dry","Dark","0.2","22.7","3328","57232","22.9","60%","26.6","Heating UP","Opened","7.617","38","Unsafe","Windy","15.3","66","16.2","9.0","999.4","1011.0"
"2026-09-22","04:12:02","Clear","Dry","Dark","0.2","22.7","3200","57232","22.9","61%","26.5","Heating UP","Opened","7.468","38","Unsafe","Windy","14.2","66","16.2","9.0","999.1","1010.7"
"2026-09-22","04:12:12","Clear","Dry","Dark","0.2","22.7","3200","57232","22.9","62%","26.6","","Opened","7.327","38","Unsafe","Windy","13.2","66","16.2","9.0","999.3","1010.8"
"2026-09-22","04:12:22","Clear","Dry","Dark","0.2","22.7","3200","57232","22.9","62%","26.6","Heating UP","Opened","7.399","38","Unsafe","Windy","13.4","66","16.2","9.1","999.5","1011.1"
"2026-09-22","04:12:32","Clear","Dry","Dark","0.3","22.7","3200","57232","22.9","63%","26.6","Heating UP","Opened","7.514","38","Unsafe","Windy","13.5","66","16.2","9.1","999.5","1011.1"
"2026-09-22","04:12:42","Clear","Dry","Dark","0.3","22.7","3328","57232","22.9","64%","26.6","Heating UP","Opened","7.509","38","Unsafe","Windy","13.6","66","16.2","9.1","999.4","1011.0"
"2026-09-22","04:12:52","Clear","Dry","Dark","0.4","22.7","3200","57232","22.9","65%","26.7","","Opened","7.611","38","Unsafe","Windy","13.4","66","16.2","9.2","999.1","1010.7"
"2026-09-22","04:13:02","Clear","Dry","Dark","0.3","22.7","3200","57232","22.9","65%","26.6","Heating UP","Opened","7.470","38","Unsafe","Windy","14.1","66","16.2","9.1","999.4","1011.0"
"2026-09-22","04:13:12","Clear","Dry","Dark","0.3","22.7","3200","57232","22.9","66%","26.6","Heating UP","Opened","7.468","38","Unsafe","Windy","14.9","66","16.2","9.2","999.3","1010.9"
"2026-09-22","04:13:22","Clear","Dry","Dark","0.3","22.8","3200","57232","22.9","67%","26.7","","Opened","7.345","38","Unsafe","Windy","14.3","66","16.2","9.2","999.4","1011.0"
"2026-09-22","04:13:32","Clear","Dry","Dark","0.3","22.7","3200","57232","22.9","67%","26.7","","Opened","7.298","38","Unsafe","Very Windy","15.6","66","16.2","9.1","999.3","1010.9"
"2026-09-22","04:13:42","Clear","Dry","Dark","0.3","22.8","3200","57232","22.9","67%","26.7","","Opened","7.378","38","Unsafe","Very Windy","15.5","66","16.2","9.1","999.4","1011.0"
"2026-09-22","04:13:52","Clear","Dry","Dark","0.4","22.8","3200","57232","22.9","67%","26.8","","Opened","7.475","38","Unsafe","Very Windy","15.5","66","16.2","9.2","999.4","1011.0"
"2026-09-22","04:14:02","Clear","Dry","Dark","0.3","22.8","3200","57232","22.9","67%","26.8","","Opened","7.406","38","Unsafe","Very Windy","15.6","66","16.2","9.2","999.4","1011.0"
"2026-09-22","04:14:12","Clear","Dry","Dark","0.4","22.8","3200","57232","22.9","67%","26.8","","Opened","7.328","38","Unsafe","Very Windy","16.3","66","16.2","9.2","999.4","1011.0"
"2026-09-22","04:14:22","Clear","Dry","Dark","0.4","22.8","3200","57232","22.9","67%","26.8","","Opened","7.280","38","Unsafe","Very Windy","16.4","66","16.2","9.2","999.5","1011.1"
"2026-09-22","04:14:32","Clear","Dry","Dark","0.2","22.8","3200","57232","22.9","67%","26.9","","Opened","7.383","38","Unsafe","Windy","15.2","66","16.2","9.1","999.5","1011.1"
"2026-09-22","04:14:42","Clear","Dry","Dark","0.2","22.8","3200","57232","22.9","67%","26.9","","Opened","7.309","38","Unsafe","Windy","14.9","66","16.2","9.1","999.5","1011.1"
"2026-09-22","04:14:52","Clear","Dry","Dark","0.4","22.8","3200","57232","22.9","67%","27.0","","Opened","7.541","38","Unsafe","Windy","14.2","66","16.2","9.2","999.4","1011.0"
"2026-09-22","04:15:02","Clear","Dry","Dark","0.4","22.8","3200","57232","22.9","67%","27.0","","Opened","7.348","38","Unsafe","Windy","14.6","66","16.2","9.3","999.5","1011.1"
"2026-09-22","04:15:12","Clear","Dry","Dark","0.4","22.8","3200","57232","22.9","67%","26.9","","Opened","7.287","38","Unsafe","Windy","14.5","66","16.2","9.2","999.5","1011.1"
"2026-09-22","04:15:22","Clear","Dry","Dark","0.4","22.8","3200","57232","22.9","67%","26.9","","Opened","7.365","38","Unsafe","Windy","14.1","66","16.2","9.2","999.4","1011.0"
"2026-09-22","04:15:32","Clear","Dry","Dark","0.2","22.8","3200","57232","22.9","67%","27.1","","Opened","7.318","38","Unsafe","Windy","13.5","66","16.2","9.1","999.5","1011.1"
"2026-09-22","04:15:42","Clear","Dry","Dark","0.4","22.8","3200","57232","23.0","67%","27.1","","Opened","7.398","38","Unsafe","Windy","13.9","66","16.2","9.3","999.4","1011.0"
"2026-09-22","04:15:52","Clear","Dry","Dark","0.5","22.8","3200","57232","22.9","67%","27.1","","Opened","7.506","38","Unsafe","Windy","13.9","66","16.2","9.3","999.4","1011.0"
"2026-09-22","04:16:02","Clear","Dry","Dark","0.4","22.8","3200","57232","22.9","67%","27.2","","Opened","7.285","38","Unsafe","Windy","13.6","66","16.2","9.2","999.5","1011.1"
"2026-09-22","04:16:12","Clear","Dry","Dark","0.4","22.8","3200","57232","22.9","67%","27.2","","Opened","7.349","38","Unsafe","Windy","12.8","66","16.2","9.2","999.4","1011.0"
"2026-09-22","04:16:22","Clear","Dry","Dark","0.4","22.8","3200","57232","22.9","67%","27.2","","Opened","7.301","38","Unsafe","Windy","13.1","66","16.2","9.2","999.4","1011.0"
"2026-09-22","04:16:32","Clear","Dry","Dark","0.4","22.8","3200","57232","22.9","67%","27.2","","Opened","7.390","38","Unsafe","Windy","13.4","66","16.2","9.2","999.4","1011.0"
"2026-09-22","04:16:42","Clear","Dry","Dark","0.4","22.8","3200","57232","22.9","67%","27.2","","Opened","7.350","38","Unsafe","Windy","13.5","66","16.2","9.2","999.5","1011.1"
"2026-09-22","04:16:52","Clear","Dry","Dark","0.4","22.8","3200","57232","22.9","67%","27.2","","Opened","7.447","38","Unsafe","Windy","13.5","66","16.3","9.2","999.4","1011.0"
"2026-09-22","04:17:02","Clear","Dry","Dark","0.3","22.8","3200","57232","22.9","67%","27.2","","Opened","7.366","38","Unsafe","Windy","12.7","66","16.2","9.2","999.5","1011.1"
"2026-09-22","04:17:12","Clear","Dry","Dark","0.4","22.8","3200","57232","22.9","67%","27.3","Heating DOWN","Opened","7.419","38","Unsafe","Windy","13.6","66","16.2","9.2","999.6","1011.2"
"2026-09-22","04:17:22","Clear","Dry","Dark","0.4","22.8","3200","57232","22.9","66%","27.2","","Opened","7.304","38","Unsafe","Windy","14.1","66","16.2","9.2","999.4","1011.0"
"2026-09-22","04:17:32","Clear","Dry","Dark","0.4","22.8","3200","57232","22.9","66%","27.2","","Opened","7.391","38","Unsafe","Windy","15.2","66","16.2","9.3","999.4","1011.0"
"2026-09-22","04:17:42","Clear","Dry","Dark","0.4","22.8","3200","57232","22.9","66%","27.2","","Opened","7.330","38","Unsafe","Windy","15.6","66","16.2","9.3","999.6","1011.2"
"2026-09-22","04:17:52","Clear","Dry","Dark","0.4","22.8","3200","57232","22.9","66%","27.1","","Opened","7.437","38","Unsafe","Windy","15.2","66","16.2","9.2","999.4","1011.0"
"2026-09-22","04:18:02","Clear","Dry","Dark","0.4","22.8","3200","57232","22.9","66%","27.1","","Opened","7.348","38","Unsafe","Very Windy","17.3","66","16.2","9.2","999.4","1011.0"
"2026-09-22","04:18:12","Clear","Dry","Dark","0.5","22.8","3200","57232","22.9","66%","26.9","","Opened","7.299","38","Unsafe","Very Windy","16.7","66","16.2","9.3","999.4","1011.0"
"2026-09-22","04:18:22","Clear","Dry","Dark","0.4","22.8","3200","57232","22.9","66%","27.0","","Opened","7.382","38","Unsafe","Very Windy","16.3","66","16.2","9.2","999.4","1011.0"
"2026-09-22","04:18:32","Clear","Dry","Dark","0.4","22.8","3200","57232","22.9","66%","27.0","","Opened","7.337","38","Unsafe","Very Windy","16.0","66","16.2","9.3","999.4","1011.0"
"2026-09-22","04:18:42","Clear","Dry","Dark","0.4","22.8","3200","57232","22.9","66%","27.0","","Opened","7.291","38","Unsafe","Very Windy","15.3","66","16.3","9.2","999.3","1010.8"
"2026-09-22","04:18:52","Clear","Dry","Dark","0.4","22.8","3200","57232","22.9","66%","27.0","","Opened","7.525","38","Unsafe","Very Windy","15.2","66","16.3","9.2","999.4","1011.0"
"2026-09-22","04:19:02","Clear","Dry","Dark","0.4","22.8","3200","57232","22.9","66%","27.1","","Opened","7.305","38","Unsafe","Windy","13.2","66","16.2","9.2","999.4","1011.0"
"2026-09-22","04:19:12","Clear","Dry","Dark","0.4","22.8","3200","57232","22.9","66%","27.1","","Opened","7.370","38","Unsafe","Windy","13.1","66","16.2","9.2","999.4","1011.0"
"2026-09-22","04:19:22","Clear","Dry","Dark","0.4","22.8","3200","57232","22.9","66%","27.1","","Opened","7.322","38","Unsafe","Windy","13.1","66","16.2","9.3","999.5","1011.1"
"2026-09-22","04:19:32","Clear","Dry","Dark","0.4","22.8","3200","57232","22.9","66%","27.1","","Opened","7.417","38","Unsafe","Windy","12.4","66","16.2","9.2","999.5","1011.1"
"2026-09-22","04:19:42","Clear","Dry","Dark","0.4","22.8","3200","57232","22.9","66%","27.1","","Opened","7.364","38","Unsafe","Windy","12.2","66","16.2","9.2","999.5","1011.1"
"2026-09-22","04:19:52","Clear","Dry","Dark","0.4","22.8","3200","57232","22.9","66%","27.1","","Opened","7.471","38","Unsafe","Windy","12.4","66","16.2","9.2","999.4","1011.0"
"2026-09-22","04:20:02","Clear","Dry","Dark","0.4","22.8","3200","57232","22.9","66%","27.1","","Opened","7.397","38","Unsafe","Windy","12.4","66","16.2","9.3","999.5","1011.1"
"2026-09-22","04:20:12","Clear","Dry","Dark","0.5","22.8","3200","57232","22.9","66%","27.2","","Opened","7.328","38","Unsafe","Windy","12.4","66","16.2","9.3","999.4","1011.0"
"2026-09-22","04:20:22","Clear","Dry","Dark","0.5","22.8","3200","57232","22.9","66%","27.2","","Opened","7.273","38","Unsafe","Windy","12.7","66","16.2","9.4","999.4","1011.0"
"2026-09-22","04:20:32","Clear","Dry","Dark","0.4","22.8","3200","57232","22.9","66%","27.3","Heating DOWN","Opened","7.458","38","Unsafe","Windy","13.2","66","16.2","9.2","999.3","1010.9"
"2026-09-22","04:20:42","Clear","Dry","Dark","0.4","22.8","3200","57232","22.9","65%","27.2","","Opened","7.345","38","Unsafe","Windy","12.9","66","16.2","9.2","999.5","1011.1"
"2026-09-22","04:20:52","Clear","Dry","Dark","0.5","22.8","3200","57232","22.9","65%","27.3","Heating DOWN","Opened","7.558","38","Unsafe","Windy","13.4","66","16.2","9.4","999.4","1011.0"
"2026-09-22","04:21:02","Clear","Dry","Dark","0.4","22.8","3328","57232","22.9","64%","27.3","Heating DOWN","Opened","7.396","38","Unsafe","Windy","14.3","66","16.2","9.3","999.4","1011.0"
"2026-09-22","04:21:12","Clear","Dry","Dark","0.6","22.8","3200","57232","22.9","63%","27.1","","Opened","7.377","38","Unsafe","Windy","14.8","66","16.2","9.4","999.4","1011.0"
"2026-09-22","04:21:22","Clear","Dry","Dark","0.4","22.8","3200","57232","22.9","63%","27.0","","Opened","7.346","38","Unsafe","Windy","14.5","66","16.2","9.2","999.4","1011.0"
"2026-09-22","04:21:32","Clear","Dry","Dark","0.4","22.8","3200","57232","22.9","63%","26.9","","Opened","7.285","38","Unsafe","Windy","14.1","66","16.2","9.2","999.4","1011.0"
"2026-09-22","04:21:42","Clear","Dry","Dark","0.5","22.8","3200","57232","22.9","63%","26.9","","Opened","7.373","38","Unsafe","Windy","13.8","66","16.2","9.3","999.3","1010.9"
"2026-09-22","04:21:52","Clear","Dry","Dark","0.4","22.8","3200","57232","22.9","63%","27.1","","Opened","7.480","38","Unsafe","Windy","12.8","66","16.2","9.3","999.4","1011.0"
"2026-09-22","04:22:02","Clear","Dry","Dark","0.4","22.8","3200","57232","22.9","63%","27.2","","Opened","7.406","38","Unsafe","Windy","11.7","66","16.2","9.3","999.4","1011.0"
"2026-09-22","04:22:12","Clear","Dry","Dark","0.5","22.8","3200","57232","22.9","63%","27.2","","Opened","7.344","38","Unsafe","Windy","11.7","66","16.2","9.4","999.4","1011.0"
"2026-09-22","04:22:22","Clear","Dry","Dark","0.5","22.8","3200","57232","22.9","63%","27.1","","Opened","7.279","38","Unsafe","Windy","12.2","66","16.2","9.4","999.4","1011.0"
"2026-09-22","04:22:32","Clear","Dry","Dark","0.5","22.8","3200","57232","22.9","63%","27.1","","Opened","7.374","38","Unsafe","Windy","12.7","66","16.2","9.3","999.4","1011.0"
"2026-09-22","04:22:42","Clear","Dry","Dark","0.4","22.8","3200","57232","22.9","63%","27.0","","Opened","7.310","38","Unsafe","Windy","13.4","66","16.2","9.2","999.5","1011.1"
"2026-09-22","04:22:52","Clear","Dry","Dark","0.3","22.8","3200","57232","22.9","63%","27.0","","Opened","7.534","38","Unsafe","Windy","13.9","66","16.2","9.2","999.3","1010.9"
"2026-09-22","04:23:02","Clear","Dry","Dark","0.4","22.8","3200","57232","22.9","63%","27.1","","Opened","7.353","38","Unsafe","Windy","15.3","66","16.2","9.3","999.4","1011.0"
"2026-09-22","04:23:12","Clear","Dry","Dark","0.5","22.8","3200","57232","22.9","63%","27.1","","Opened","7.280","38","Unsafe","Very Windy","16.2","66","16.2","9.4","999.4","1011.0"
"2026-09-22","04:23:22","Clear","Dry","Dark","0.5","22.8","3200","57232","22.9","63%","27.1","","Opened","7.356","38","Unsafe","Very Windy","15.9","66","16.2","9.4","999.3","1010.9"
"2026-09-22","04:23:32","Clear","Dry","Dark","0.4","22.8","3200","57232","22.9","63%","27.1","","Opened","7.308","38","Unsafe","Very Windy","15.6","66","16.2","9.3","999.5","1011.1"
"2026-09-22","04:23:42","Clear","Dry","Dark","0.5","22.8","3200","57232","22.9","63%","27.1","","Opened","7.389","38","Unsafe","Very Windy","15.3","66","16.2","9.3","999.4","1011.0"
"2026-09-22","04:23:52","Clear","Dry","Dark","0.6","22.8","3200","57232","23.0","63%","27.1","","Opened","7.566","38","Unsafe","Very Windy","16.9","66","16.2","9.5","999.4","1011.0"
"2026-09-22","04:24:02","Clear","Dry","Dark","0.5","22.9","3200","57232","23.0","63%","27.0","","Opened","7.291","38","Unsafe","Very Windy","15.5","65","16.2","9.3","999.3","1010.8"
"2026-09-22","04:24:12","Clear","Dry","Dark","0.4","22.9","3200","57232","22.9","63%","27.0","","Opened","7.357","38","Unsafe","Very Windy","13.6","66","16.1","9.2","999.4","1011.0"
"2026-09-22","04:24:22","Clear","Dry","Dark","0.5","22.8","3200","57232","22.9","63%","27.1","","Opened","7.299","38","Unsafe","Very Windy","13.4","66","16.2","9.3","999.4","1011.0"
"2026-09-22","04:24:32","Clear","Dry","Dark","0.5","22.9","3200","57232","22.9","63%","27.0","","Opened","7.398","38","Unsafe","Very Windy","13.6","66","16.2","9.3","999.3","1010.9"
"2026-09-22","04:24:42","Clear","Dry","Dark","0.4","22.8","3200","57232","22.9","63%","27.0","","Opened","7.378","38","Unsafe","Very Windy","13.9","66","16.2","9.2","999.3","1010.8"
"2026-09-22","04:24:52","Clear","Dry","Dark","0.4","22.8","3200","57232","22.9","63%","27.0","","Opened","7.477","38","Unsafe","Windy","13.6","66","16.1","9.2","999.4","1011.0"
"2026-09-22","04:25:02","Clear","Dry","Dark","0.4","22.8","3200","57232","22.9","63%","26.9","","Opened","7.401","38","Unsafe","Windy","15.0","65","16.1","9.2","999.3","1010.8"
"2026-09-22","04:25:12","Clear","Dry","Dark","0.5","22.8","3200","57232","22.9","63%","26.9","","Opened","7.339","38","Unsafe","Windy","15.3","66","16.1","9.3","999.4","1011.0"
"2026-09-22","04:25:22","Clear","Dry","Dark","0.4","22.8","3200","57232","22.9","63%","26.9","","Opened","7.293","38","Unsafe","Windy","15.6","66","16.2","9.2","999.4","1011.0"
"2026-09-22","04:25:32","Clear","Dry","Dark","0.4","22.8","3200","57232","22.9","63%","26.9","","Opened","7.382","38","Unsafe","Windy","14.9","66","16.1","9.2","999.4","1011.0"
"2026-09-22","04:25:42","Clear","Dry","Dark","0.4","22.8","3200","57232","22.9","63%","27.0","","Opened","7.322","38","Unsafe","Windy","15.0","66","16.1","9.3","999.3","1010.8"
"2026-09-22","04:25:52","Clear","Dry","Dark","0.4","22.8","3200","57232","23.0","63%","27.0","","Opened","7.433","38","Unsafe","Windy","14.3","66","16.2","9.3","999.4","1011.0"
"2026-09-22","04:26:02","Clear","Dry","Dark","0.4","22.8","3200","57232","22.9","63%","26.9","","Opened","7.353","38","Unsafe","Windy","13.2","66","16.1","9.3","999.4","1011.0"
"2026-09-22","04:26:12","Clear","Dry","Dark","0.4","22.8","3200","57232","22.9","63%","26.9","","Opened","7.282","38","Unsafe","Windy","13.1","66","16.1","9.3","999.4","1011.0"
"2026-09-22","04:26:22","Clear","Dry","Dark","0.3","22.8","3200","57232","22.9","63%","27.0","","Opened","7.376","38","Unsafe","Windy","13.1","66","16.1","9.2","999.5","1011.1"
"2026-09-22","04:26:32","Clear","Dry","Dark","0.5","22.8","3200","57232","22.9","63%","26.9","","Opened","7.322","38","Unsafe","Windy","13.6","66","16.1","9.3","999.4","1011.0"
"2026-09-22","04:26:42","Clear","Dry","Dark","0.5","22.8","3200","57232","22.9","63%","26.9","","Opened","7.406","38","Unsafe","Windy","14.2","65","16.1","9.3","999.3","1010.9"
"2026-09-22","04:26:52","Clear","Dry","Dark","0.5","22.8","3200","57232","22.9","63%","26.9","","Opened","7.508","38","Unsafe","Windy","13.6","65","16.1","9.3","999.4","1011.0"
"2026-09-22","04:27:02","Clear","Dry","Dark","0.4","22.8","3200","57232","22.9","63%","26.9","","Opened","7.302","38","Unsafe","Windy","13.6","65","16.1","9.2","999.3","1010.9"
"2026-09-22","04:27:12","Clear","Dry","Dark","0.5","22.8","3200","57232","22.9","63%","26.9","","Opened","7.366","38","Unsafe","Windy","14.2","65","16.1","9.3","999.4","1011.0"
"2026-09-22","04:27:22","Clear","Dry","Dark","0.4","22.8","3200","57232","22.9","63%","26.8","","Opened","7.320","38","Unsafe","Windy","13.9","65","16.1","9.2","999.3","1010.8"
"2026-09-22","04:27:32","Clear","Dry","Dark","0.5","22.8","3200","57232","22.9","63%","26.9","","Opened","7.384","38","Unsafe","Windy","13.4","65","16.1","9.3","999.4","1011.0"
"2026-09-22","04:27:42","Clear","Dry","Dark","0.5","22.8","3200","57232","22.9","63%","26.9","","Opened","7.342","38","Unsafe","Windy","13.1","65","16.1","9.4","999.3","1010.8"
"2026-09-22","04:27:52","Clear","Dry","Dark","0.5","22.8","3200","57232","22.9","63%","26.9","","Opened","7.450","38","Unsafe","Windy","13.1","65","16.1","9.3","999.3","1010.9"
"2026-09-22","04:28:02","Clear","Dry","Dark","0.4","22.8","3200","57232","22.9","63%","26.9","","Opened","7.383","38","Unsafe","Windy","13.2","65","16.1","9.3","999.3","1010.8"
"2026-09-22","04:28:12","Clear","Dry","Dark","0.5","22.8","3200","57232","22.9","63%","26.8","","Opened","7.325","38","Unsafe","Windy","13.4","65","16.1","9.3","999.3","1010.9"
"2026-09-22","04:28:22","Clear","Dry","Dark","0.5","22.8","3200","57232","22.9","63%","26.8","","Opened","7.398","38","Unsafe","Windy","13.5","65","16.1","9.4","999.3","1010.9"
"2026-09-22","04:28:32","Clear","Dry","Dark","0.5","22.9","3200","57232","22.9","63%","26.9","","Opened","7.360","38","Unsafe","Windy","13.2","65","16.1","9.3","999.3","1010.8"
"2026-09-22","04:28:42","Clear","Dry","Dark","0.4","22.8","3200","57232","22.9","63%","26.9","","Opened","7.316","38","Unsafe","Windy","12.8","65","16.1","9.3","999.3","1010.8"
"2026-09-22","04:28:52","Clear","Dry","Dark","0.5","22.8","3200","57232","22.9","63%","27.0","","Opened","7.439","38","Unsafe","Windy","13.6","65","16.1","9.3","999.4","1011.0"
"2026-09-22","04:29:02","Clear","Dry","Dark","0.5","22.9","3200","57232","22.9","63%","26.9","","Opened","7.344","38","Unsafe","Windy","14.2","65","16.1","9.3","999.4","1011.0"
"2026-09-22","04:29:12","Clear","Dry","Dark","0.5","22.8","3200","57232","22.9","63%","26.8","","Opened","7.299","38","Unsafe","Windy","14.6","65","16.1","9.3","999.4","1011.0"
"2026-09-22","04:29:22","Clear","Dry","Dark","0.4","22.8","3200","57232","22.9","63%","26.7","","Opened","7.385","38","Unsafe","Windy","14.3","65","16.1","9.3","999.1","1010.6"
"2026-09-22","04:29:32","Clear","Dry","Dark","0.5","22.8","3200","57232","22.9","63%","26.7","","Opened","7.339","38","Unsafe","Windy","15.0","65","16.1","9.4","999.1","1010.7"
"2026-09-22","04:29:42","Clear","Dry","Dark","0.4","22.8","3200","57232","22.9","63%","26.7","","Opened","7.286","38","Unsafe","Windy","14.8","65","16.1","9.3","999.3","1010.9"
"2026-09-22","04:29:52","Clear","Dry","Dark","0.4","22.8","3200","57232","22.9","63%","26.9","","Opened","7.521","38","Safe","Windy","14.2","65","16.0","9.2","999.3","1010.9"
"2026-09-22","04:30:02","Clear","Dry","Dark","0.5","22.8","3200","57232","22.9","63%","26.9","","Opened","7.315","38","Safe","Windy","13.9","65","16.1","9.3","999.4","1011.0"
"2026-09-22","04:30:12","Clear","Dry","Dark","0.5","22.8","3200","57232","22.9","63%","26.8","","Opened","7.375","38","Unsafe","Very Windy","14.6","65","16.1","9.3","999.4","1011.0"
"2026-09-22","04:30:22","Clear","Dry","Dark","0.6","22.9","3200","57232","22.9","63%","26.7","","Opened","7.365","38","Unsafe","Very Windy","15.9","65","16.0","9.5","999.1","1010.7"
"2026-09-22","04:30:32","Clear","Dry","Dark","0.5","22.9","3200","57232","22.9","63%","26.6","Heating UP","Opened","7.426","38","Unsafe","Very Windy","15.9","65","16.0","9.4","998.9","1010.5"
"2026-09-22","04:30:42","Clear","Dry","Dark","0.4","22.9","3328","57232","22.9","64%","26.6","Heating UP","Opened","7.422","38","Unsafe","Very Windy","16.6","65","16.0","9.3","999.4","1011.0"
"2026-09-22","04:30:52","Clear","Dry","Dark","0.4","22.9","3200","57232","22.9","65%","26.6","Heating UP","Opened","7.558","38","Unsafe","Very Windy","16.4","65","16.0","9.2","999.3","1010.9"
"2026-09-22","04:31:02","Clear","Dry","Dark","0.4","22.8","3200","57232","23.0","66%","26.7","","Opened","7.295","38","Unsafe","Very Windy","16.3","65","16.1","9.2","999.1","1010.7"
"2026-09-22","04:31:12","Clear","Dry","Dark","0.5","22.9","3200","57232","22.9","66%","26.7","","Opened","7.364","38","Unsafe","Windy","14.5","65","16.0","9.4","999.3","1010.9"
"2026-09-22","04:31:22","Clear","Dry","Dark","0.5","22.8","3200","57232","22.9","66%","26.8","","Opened","7.307","38","Unsafe","Windy","13.1","65","16.0","9.4","999.4","1011.0"
"2026-09-22","04:31:32","Clear","Dry","Dark","0.5","22.8","3200","57232","22.9","66%","26.9","","Opened","7.381","38","Unsafe","Windy","13.1","65","16.0","9.3","999.4","1011.0"
"2026-09-22","04:31:42","Clear","Dry","Dark","0.4","22.8","3200","57232","23.0","66%","26.9","","Opened","7.307","38","Unsafe","Windy","13.4","65","16.1","9.3","999.1","1010.6"
"2026-09-22","04:31:52","Clear","Dry","Dark","0.5","22.8","3200","57232","22.9","66%","26.9","","Opened","7.551","38","Unsafe","Windy","14.1","65","16.0","9.4","999.2","1010.8"
"2026-09-22","04:32:02","Clear","Dry","Dark","0.5","22.8","3200","57232","22.9","66%","26.9","","Opened","7.308","38","Unsafe","Windy","14.2","65","16.0","9.3","999.3","1010.8"
"2026-09-22","04:32:12","Clear","Dry","Dark","0.4","22.8","3200","57232","22.9","66%","26.9","","Opened","7.371","38","Unsafe","Windy","14.5","65","16.0","9.2","999.2","1010.8"
"2026-09-22","04:32:22","Clear","Dry","Dark","0.4","22.8","3200","57232","22.9","66%","26.9","","Opened","7.340","38","Unsafe","Windy","14.5","65","16.0","9.3","999.3","1010.9"
"2026-09-22","04:32:32","Clear","Dry","Dark","0.4","22.8","3200","57232","22.9","66%","27.0","","Opened","7.284","38","Unsafe","Windy","13.8","65","16.0","9.2","999.4","1011.0"
"2026-09-22","04:32:42","Clear","Dry","Dark","0.4","22.8","3200","57232","22.9","66%","27.1","","Opened","7.368","38","Unsafe","Windy","12.9","65","16.0","9.3","999.4","1011.0"
"2026-09-22","04:32:52","Clear","Dry","Dark","0.4","22.7","3200","57232","22.9","66%","27.1","","Opened","7.459","38","Unsafe","Windy","11.8","65","16.1","9.2","999.4","1011.0"
"2026-09-22","04:33:02","Clear","Dry","Dark","0.5","22.7","3200","57232","22.9","66%","27.2","","Opened","7.387","38","Unsafe","Windy","11.4","65","16.0","9.3","999.4","1011.0"
"2026-09-22","04:33:12","Clear","Dry","Dark","0.5","22.7","3200","57232","22.9","66%","27.2","","Opened","7.328","38","Unsafe","Windy","11.0","65","16.1","9.3","999.4","1011.0"
"2026-09-22","04:33:22","Clear","Dry","Dark","0.6","22.7","3200","57232","22.9","66%","27.1","","Opened","7.282","38","Unsafe","Windy","10.7","65","16.0","9.4","999.2","1010.8"
"2026-09-22","04:33:32","Clear","Dry","Dark","0.6","22.8","3200","57232","22.9","66%","27.2","","Opened","7.341","38","Unsafe","Windy","12.0","65","16.0","9.4","999.3","1010.9"
"2026-09-22","04:33:42","Clear","Dry","Dark","0.5","22.8","3200","57232","22.9","66%","27.2","Heating DOWN","Opened","7.417","38","Unsafe","Windy","11.5","65","16.0","9.3","999.3","1010.8"
"2026-09-22","04:33:52","Clear","Dry","Dark","0.5","22.7","3200","57232","22.9","65%","27.2","","Opened","7.462","38","Unsafe","Windy","11.8","65","16.0","9.3","999.3","1010.9"
"2026-09-22","04:34:02","Clear","Dry","Dark","0.5","22.7","3200","57232","22.9","65%","27.2","","Opened","7.381","38","Unsafe","Windy","11.5","65","16.0","9.3","999.3","1010.9"
"2026-09-22","04:34:12","Clear","Dry","Dark","0.5","22.7","3200","57232","22.9","65%","27.3","Heating DOWN","Opened","7.441","38","Unsafe","Windy","11.7","65","16.0","9.3","999.3","1010.9"
"2026-09-22","04:34:22","Clear","Dry","Dark","0.7","22.7","3328","57232","22.9","64%","27.2","","Opened","7.323","38","Unsafe","Windy","12.2","65","16.0","9.5","999.3","1010.9"
"2026-09-22","04:34:32","Clear","Dry","Dark","0.7","22.7","3328","57232","22.9","64%","27.2","Heating DOWN","Opened","7.514","38","Unsafe","Windy","11.7","65","16.0","9.5","999.3","1010.9"
"2026-09-22","04:34:42","Clear","Dry","Dark","0.6","22.7","3200","57232","22.9","63%","27.2","Heating DOWN","Opened","7.505","38","Unsafe","Windy","13.1","65","16.0","9.4","999.3","1010.9"
"2026-09-22","04:34:52","Clear","Dry","Dark","0.6","22.8","3200","57232","22.9","62%","27.1","","Opened","7.545","38","Unsafe","Windy","13.4","65","15.9","9.4","999.3","1010.8"
"2026-09-22","04:35:02","Clear","Dry","Dark","0.8","22.8","3200","57232","22.9","62%","27.1","","Opened","7.330","38","Unsafe","Windy","14.1","65","15.9","9.6","999.3","1010.9"
"2026-09-22","04:35:12","Clear","Dry","Dark","0.5","22.8","3200","57232","22.9","62%","27.0","","Opened","7.273","38","Unsafe","Windy","13.9","65","15.9","9.3","999.4","1011.0"
"2026-09-22","04:35:22","Clear","Dry","Dark","0.7","22.8","3200","57232","22.9","62%","27.0","","Opened","7.353","38","Unsafe","Windy","14.5","65","15.9","9.5","999.3","1010.9"
"2026-09-22","04:35:32","Clear","Dry","Dark","0.7","22.8","3200","57232","22.9","62%","26.9","","Opened","7.307","38","Unsafe","Windy","14.3","65","15.9","9.5","999.3","1010.8"
"2026-09-22","04:35:42","Clear","Dry","Dark","0.6","22.9","3200","57232","22.9","62%","27.0","","Opened","7.384","38","Unsafe","Very Windy","15.0","65","16.0","9.4","999.1","1010.6"
"2026-09-22","04:35:52","Clear","Dry","Dark","0.6","22.8","3200","57232","22.9","62%","27.0","","Opened","7.494","38","Unsafe","Very Windy","15.7","65","15.9","9.4","999.4","1011.0"
"2026-09-22","04:36:02","Clear","Dry","Dark","0.6","22.9","3200","57232","22.9","62%","26.9","","Opened","7.279","38","Unsafe","Very Windy","15.5","65","16.0","9.5","999.3","1010.8"
"2026-09-22","04:36:12","Clear","Dry","Dark","0.5","22.9","3200","57232","22.9","62%","27.0","","Opened","7.353","38","Unsafe","Very Windy","15.7","65","16.0","9.4","999.3","1010.9"
"2026-09-22","04:36:22","Clear","Dry","Dark","0.6","22.9","3200","57232","22.9","62%","26.9","","Opened","7.303","38","Unsafe","Very Windy","17.3","65","15.9","9.4","999.0","1010.6"
"2026-09-22","04:36:32","Clear","Dry","Dark","0.6","22.9","3200","57232","22.9","62%","26.8","","Opened","7.414","38","Unsafe","Very Windy","17.4","65","15.9","9.4","999.4","1011.0"
"2026-09-22","04:36:42","Clear","Dry","Dark","0.6","22.9","3200","57232","22.9","62%","26.7","","Opened","7.346","38","Unsafe","Very Windy","16.2","65","15.9","9.5","999.1","1010.7"
"2026-09-22","04:36:52","Clear","Dry","Dark","0.7","22.9","3200","57232","22.9","62%","26.8","","Opened","7.461","38","Unsafe","Very Windy","15.6","65","15.9","9.5","999.2","1010.8"
"2026-09-22","04:37:02","Clear","Dry","Dark","0.5","22.9","3200","57232","22.9","62%","26.9","","Opened","7.383","38","Unsafe","Very Windy","15.3","65","15.9","9.3","999.3","1010.9"
"2026-09-22","04:37:12","Clear","Dry","Dark","0.5","22.9","3200","57232","22.9","62%","26.9","","Opened","7.307","38","Unsafe","Very Windy","15.5","65","15.9","9.4","999.1","1010.6"
"2026-09-22","04:37:22","Clear","Dry","Dark","0.5","22.8","3200","57232","22.9","62%","26.9","","Opened","7.387","38","Unsafe","Windy","13.4","65","15.9","9.4","999.4","1011.0"
"2026-09-22","04:37:32","Clear","Dry","Dark","0.5","22.8","3200","57232","22.9","62%","26.8","","Opened","7.313","38","Unsafe","Windy","13.1","65","15.9","9.3","999.2","1010.8"
"2026-09-22","04:37:42","Clear","Dry","Dark","0.5","22.8","3200","57232","22.9","62%","26.9","","Opened","7.398","38","Unsafe","Windy","13.2","65","15.9","9.4","999.3","1010.9"
"2026-09-22","04:37:52","Clear","Dry","Dark","0.6","22.8","3200","57232","22.9","62%","26.9","","Opened","7.498","38","Unsafe","Windy","12.4","65","15.9","9.4","999.3","1010.9"
"2026-09-22","04:38:02","Clear","Dry","Dark","0.6","22.8","3200","57232","22.9","62%","27.0","","Opened","7.293","38","Unsafe","Windy","12.2","65","15.9","9.4","999.3","1010.9"
"2026-09-22","04:38:12","Clear","Dry","Dark","0.7","22.8","3200","57232","22.9","62%","27.0","","Opened","7.367","38","Unsafe","Windy","12.4","65","15.9","9.5","999.3","1010.9"
"2026-09-22","04:38:22","Clear","Dry","Dark","0.6","22.8","3200","57232","22.9","62%","27.0","","Opened","7.310","38","Unsafe","Windy","12.1","65","15.9","9.4","999.2","1010.8"
"2026-09-22","04:38:32","Clear","Dry","Dark","0.6","22.8","3200","57232","22.9","62%","27.0","","Opened","7.408","38","Unsafe","Windy","12.0","65","15.9","9.4","999.4","1011.0"
"2026-09-22","04:38:42","Clear","Dry","Dark","0.6","22.8","3200","57232","22.9","62%","27.0","","Opened","7.356","38","Unsafe","Windy","12.0","65","15.9","9.4","999.3","1010.8"
"2026-09-22","04:38:52","Clear","Dry","Dark","0.7","22.8","3200","57232","22.9","62%","27.0","","Opened","7.457","38","Unsafe","Windy","12.1","65","15.9","9.5","999.3","1010.9"
"2026-09-22","04:39:02","Clear","Dry","Dark","0.5","22.8","3200","57232","22.9","62%","27.2","","Opened","7.376","38","Unsafe","Windy","11.7","65","15.9","9.4","999.3","1010.9"
"2026-09-22","04:39:12","Clear","Dry","Dark","0.7","22.7","3200","57232","22.9","62%","27.2","","Opened","7.312","38","Unsafe","Windy","11.8","65","15.9","9.5","999.3","1010.9"
"2026-09-22","04:39:22","Clear","Dry","Dark","0.8","22.8","3200","57232","22.9","62%","27.2","","Opened","7.386","38","Unsafe","Windy","11.7","65","15.9","9.6","999.3","1010.9"
"2026-09-22","04:39:32","Clear","Dry","Dark","0.6","22.7","3200","57232","22.9","62%","27.2","","Opened","7.331","38","Unsafe","Windy","11.7","65","15.9","9.4","999.3","1010.8"
"2026-09-22","04:39:42","Clear","Dry","Dark","0.7","22.7","3200","57232","22.9","62%","27.2","","Opened","7.281","38","Unsafe","Windy","11.3","65","15.9","9.5","999.3","1010.8"
"2026-09-22","04:39:52","Clear","Dry","Dark","0.9","22.7","3200","57232","22.9","62%","27.3","Heating DOWN","Opened","7.638","38","Unsafe","Windy","12.9","65","15.9","9.7","999.4","1011.0"
"2026-09-22","04:40:02","Clear","Dry","Dark","0.8","22.8","3200","57232","22.9","61%","27.2","","Opened","7.353","38","Unsafe","Windy","13.9","65","15.8","9.6","999.4","1011.0"
"2026-09-22","04:40:12","Clear","Dry","Dark","0.7","22.8","3200","57232","22.9","61%","27.2","","Opened","7.277","38","Unsafe","Windy","13.5","65","15.9","9.5","999.1","1010.6"
"2026-09-22","04:40:22","Clear","Dry","Dark","0.6","22.8","3200","57232","22.9","61%","27.2","","Opened","7.362","38","Unsafe","Windy","14.1","65","15.9","9.5","999.3","1010.8"
"2026-09-22","04:40:32","Clear","Dry","Dark","0.7","22.8","3200","57232","22.9","61%","27.2","","Opened","7.320","38","Unsafe","Windy","14.3","65","15.9","9.5","999.3","1010.9"
"2026-09-22","04:40:42","Clear","Dry","Dark","0.6","22.8","3200","57232","22.9","61%","27.1","","Opened","7.391","38","Unsafe","Windy","14.8","65","15.9","9.4","999.3","1010.8"
"2026-09-22","04:40:52","Clear","Dry","Dark","0.6","22.8","3200","57232","22.9","61%","27.1","","Opened","7.536","38","Unsafe","Windy","13.1","64","15.9","9.5","999.3","1010.8"
"2026-09-22","04:41:02","Clear","Dry","Dark","0.7","22.8","3200","57232","22.9","61%","27.2","","Opened","7.295","38","Unsafe","Windy","13.1","64","15.9","9.5","999.3","1010.9"
"2026-09-22","04:41:12","Clear","Dry","Dark","0.7","22.8","3200","57232","22.9","61%","27.1","","Opened","7.351","38","Unsafe","Windy","13.2","64","15.9","9.5","999.3","1010.9"
"2026-09-22","04:41:22","Clear","Dry","Dark","0.6","22.8","3200","57232","22.9","61%","27.1","","Opened","7.314","38","Unsafe","Windy","13.2","64","15.8","9.4","999.3","1010.8"
"2026-09-22","04:41:32","Clear","Dry","Dark","0.7","22.8","3200","57232","22.9","61%","27.1","","Opened","7.294","38","Unsafe","Windy","13.9","64","15.9","9.5","999.4","1011.0"
"2026-09-22","04:41:42","Clear","Dry","Dark","0.7","22.8","3200","57232","22.9","61%","27.0","","Opened","7.372","38","Unsafe","Windy","14.1","64","15.8","9.5","999.3","1010.9"
"2026-09-22","04:41:52","Clear","Dry","Dark","0.7","22.8","3200","57232","22.9","61%","26.9","","Opened","7.483","38","Unsafe","Windy","14.2","64","15.9","9.6","999.1","1010.7"
"2026-09-22","04:42:02","Clear","Dry","Dark","0.6","22.8","3200","57232","22.9","61%","27.0","","Opened","7.413","38","Unsafe","Windy","13.8","65","15.9","9.5","999.3","1010.8"
"2026-09-22","04:42:12","Clear","Dry","Dark","0.7","22.8","3200","57232","22.9","61%","27.1","","Opened","7.336","38","Unsafe","Windy","14.3","64","15.9","9.5","999.4","1011.0"
"2026-09-22","04:42:22","Clear","Dry","Dark","0.6","22.8","3200","57232","22.9","61%","27.0","","Opened","7.277","38","Safe","Windy","14.8","64","15.8","9.5","999.3","1010.8"
"2026-09-22","04:42:32","Clear","Dry","Dark","0.6","22.8","3200","57232","22.9","61%","26.9","","Opened","7.383","38","Safe","Windy","14.3","64","15.9","9.5","999.3","1010.8"
"2026-09-22","04:42:42","Clear","Dry","Dark","0.6","22.8","3200","57232","22.9","61%","26.8","","Opened","7.318","38","Unsafe","Very Windy","15.2","64","15.8","9.5","999.1","1010.6"
"2026-09-22","04:42:52","Clear","Dry","Dark","0.6","22.8","3200","57232","22.9","61%","26.7","","Opened","7.539","38","Unsafe","Very Windy","15.2","65","15.9","9.4","998.9","1010.5"
"2026-09-22","04:43:02","Clear","Dry","Dark","0.4","22.8","3200","57232","22.9","61%","26.7","","Opened","7.333","38","Unsafe","Very Windy","15.6","65","15.9","9.3","999.3","1010.8"
"2026-09-22","04:43:12","Clear","Dry","Dark","0.5","22.8","3200","57232","22.9","61%","26.7","","Opened","7.284","38","Unsafe","Very Windy","15.2","65","15.9","9.4","999.2","1010.8"
"2026-09-22","04:43:22","Clear","Dry","Dark","0.6","22.7","3200","57232","22.9","61%","26.7","","Opened","7.346","38","Unsafe","Very Windy","14.2","65","15.9","9.4","999.4","1011.0"
"2026-09-22","04:43:32","Clear","Dry","Dark","0.7","22.8","3200","57232","22.9","61%","26.7","","Opened","7.296","38","Unsafe","Very Windy","13.5","65","15.9","9.5","999.3","1010.8"
"2026-09-22","04:43:42","Clear","Dry","Dark","0.6","22.7","3200","57232","22.8","61%","26.8","","Opened","7.374","38","Unsafe","Windy","12.4","65","15.8","9.4","999.3","1010.9"
"2026-09-22","04:43:52","Clear","Dry","Dark","0.6","22.7","3200","57232","22.8","61%","26.7","","Opened","7.475","38","Unsafe","Windy","13.6","65","15.8","9.4","999.3","1010.9"
"2026-09-22","04:44:02","Clear","Dry","Dark","0.6","22.8","3200","57232","22.9","61%","26.7","","Opened","7.274","38","Unsafe","Windy","13.6","64","15.8","9.4","999.3","1010.8"
"2026-09-22","04:44:12","Clear","Dry","Dark","0.6","22.8","3200","57232","22.9","61%","26.6","","Opened","7.346","38","Unsafe","Windy","13.9","65","15.8","9.4","999.0","1010.6"
"2026-09-22","04:44:22","Clear","Dry","Dark","0.6","22.7","3200","57232","22.8","61%","26.6","","Opened","7.301","38","Unsafe","Windy","14.9","65","15.8","9.4","999.3","1010.9"
"2026-09-22","04:44:32","Clear","Dry","Dark","0.6","22.7","3200","57232","22.9","61%","26.6","","Opened","7.410","38","Unsafe","Windy","15.5","65","15.9","9.4","999.3","1010.8"
"2026-09-22","04:44:42","Clear","Dry","Dark","0.5","22.7","3200","57232","22.8","61%","26.6","","Opened","7.338","38","Unsafe","Windy","15.3","65","15.8","9.3","999.3","1010.9"
"2026-09-22","04:44:52","Clear","Dry","Dark","0.4","22.7","3200","57232","22.8","61%","26.6","","Opened","7.454","38","Unsafe","Windy","14.5","65","15.8","9.2","999.3","1010.8"
"2026-09-22","04:45:02","Clear","Dry","Dark","0.6","22.7","3200","57232","22.8","61%","26.6","","Opened","7.380","38","Unsafe","Very Windy","15.5","65","15.9","9.3","999.2","1010.8"
"2026-09-22","04:45:12","Clear","Dry","Dark","0.5","22.7","3200","57232","22.8","61%","26.5","Heating UP","Opened","7.426","38","Unsafe","Very Windy","14.6","65","15.9","9.3","999.2","1010.8"
"2026-09-22","04:45:22","Clear","Dry","Dark","0.4","22.7","3200","57232","22.8","62%","26.6","","Opened","7.298","38","Unsafe","Very Windy","13.8","65","15.9","9.2","999.3","1010.9"
"2026-09-22","04:45:32","Clear","Dry","Dark","0.4","22.7","3200","57232","22.8","62%","26.6","","Opened","7.376","38","Unsafe","Very Windy","14.1","65","15.9","9.2","999.2","1010.8"
"2026-09-22","04:45:42","Clear","Dry","Dark","0.5","22.7","3200","57232","22.8","62%","26.6","","Opened","7.327","38","Unsafe","Very Windy","14.6","65","15.8","9.3","999.4","1011.0"
"2026-09-22","04:45:52","Clear","Dry","Dark","0.5","22.7","3200","57232","22.8","62%","26.6","","Opened","7.425","38","Unsafe","Very Windy","14.6","65","15.8","9.3","999.3","1010.9"
"2026-09-22","04:46:02","Clear","Dry","Dark","0.5","22.7","3200","57232","22.8","62%","26.6","","Opened","7.350","38","Unsafe","Windy","13.6","65","15.8","9.3","999.2","1010.8"
"2026-09-22","04:46:12","Clear","Dry","Dark","0.5","22.7","3200","57232","22.8","62%","26.6","","Opened","7.271","38","Unsafe","Windy","14.3","65","15.8","9.3","999.2","1010.8"
"2026-09-22","04:46:22","Clear","Dry","Dark","0.6","22.7","3200","57232","22.8","62%","26.6","","Opened","7.363","38","Unsafe","Windy","14.9","65","15.8","9.3","999.3","1010.9"
"2026-09-22","04:46:32","Clear","Dry","Dark","0.6","22.7","3200","57232","22.8","62%","26.6","","Opened","7.346","38","Unsafe","Very Windy","15.9","65","15.8","9.4","999.3","1010.8"
"2026-09-22","04:46:42","Clear","Dry","Dark","0.5","22.7","3200","57232","22.8","62%","26.5","Heating UP","Opened","7.410","38","Unsafe","Very Windy","15.9","64","15.7","9.3","999.2","1010.8"
"2026-09-22","04:46:52","Clear","Dry","Dark","0.5","22.7","3200","57232","22.8","63%","26.4","Heating UP","Opened","7.566","38","Unsafe","Very Windy","16.2","64","15.7","9.2","999.2","1010.8"
"2026-09-22","04:47:02","Clear","Dry","Dark","0.4","22.7","3328","57232","22.8","64%","26.4","Heating UP","Opened","7.401","38","Unsafe","Very Windy","15.3","64","15.8","9.2","999.2","1010.8"
"2026-09-22","04:47:12","Clear","Dry","Dark","0.4","22.7","3200","57232","22.8","65%","26.6","","Opened","7.277","38","Unsafe","Very Windy","14.9","65","15.8","9.2","999.3","1010.9"
"2026-09-22","04:47:22","Clear","Dry","Dark","0.5","22.7","3200","57232","22.8","65%","26.7","","Opened","7.347","38","Unsafe","Very Windy","14.8","64","15.8","9.3","999.3","1010.9"
"2026-09-22","04:47:32","Clear","Dry","Dark","0.4","22.7","3200","57232","22.8","65%","26.7","","Opened","7.292","38","Unsafe","Windy","14.1","64","15.8","9.2","999.3","1010.8"
"2026-09-22","04:47:42","Clear","Dry","Dark","0.2","22.7","3200","57232","22.8","65%","26.6","","Opened","7.360","38","Unsafe","Windy","13.1","64","15.8","9.0","999.3","1010.9"
"2026-09-22","04:47:52","Clear","Dry","Dark","0.4","22.7","3200","57232","22.8","65%","26.7","","Opened","7.478","38","Unsafe","Windy","12.8","64","15.8","9.1","999.2","1010.8"
"2026-09-22","04:48:02","Clear","Dry","Dark","0.3","22.7","3200","57232","22.8","65%","26.7","","Opened","7.409","38","Unsafe","Windy","14.1","65","15.8","9.1","999.3","1010.9"
"2026-09-22","04:48:12","Clear","Wet","Dark","0.4","22.7","3199","57232","22.8","65%","26.7","","Opened","7.321","38","Unsafe","Windy","15.0","64","15.7","9.2","999.3","1010.8"
"2026-09-22","04:48:22","Clear","Dry","Dark","0.3","22.7","3200","57232","22.8","65%","26.7","","Opened","7.279","38","Unsafe","Windy","14.8","64","15.7","9.1","999.1","1010.7"
"2026-09-22","04:48:32","Clear","Dry","Dark","0.4","22.7","3200","57232","22.8","65%","26.7","","Opened","7.360","38","Unsafe","Very Windy","15.3","64","15.7","9.2","999.3","1010.8"
"2026-09-22","04:48:42","Clear","Dry","Dark","0.3","22.7","3200","57232","22.8","65%","26.6","","Opened","7.302","38","Unsafe","Very Windy","15.7","64","15.7","9.1","999.4","1011.0"
"2026-09-22","04:48:52","Clear","Dry","Dark","0.2","22.7","3200","57232","22.8","65%","26.6","","Opened","7.524","38","Unsafe","Very Windy","16.3","64","15.7","9.0","999.1","1010.7"
"2026-09-22","04:49:02","Clear","Dry","Dark","0.3","22.7","3200","57232","22.8","65%","26.6","","Opened","7.316","38","Unsafe","Very Windy","16.0","64","15.7","9.1","999.3","1010.9"
"2026-09-22","04:49:12","Clear","Dry","Dark","0.2","22.7","3200","57232","22.8","65%","26.6","","Opened","7.268","38","Unsafe","Very Windy","15.5","64","15.7","9.0","999.2","1010.8"
"2026-09-22","04:49:22","Clear","Dry","Dark","0.2","22.7","3200","57232","22.8","65%","26.6","","Opened","7.340","38","Unsafe","Very Windy","15.3","64","15.8","9.0","999.1","1010.7"
"2026-09-22","04:49:32","Clear","Dry","Dark","0.2","22.7","3200","57232","22.8","65%","26.6","","Opened","7.288","38","Unsafe","Windy","14.1","64","15.8","9.0","999.3","1010.8"
"2026-09-22","04:49:42","Clear","Dry","Dark","0.2","22.7","3200","57232","22.8","65%","26.7","","Opened","7.370","38","Unsafe","Windy","13.4","64","15.7","9.0","999.4","1011.0"
"2026-09-22","04:49:52","Clear","Dry","Dark","0.3","22.6","3200","57232","22.8","65%","26.9","","Opened","7.470","38","Unsafe","Windy","12.7","64","15.8","9.1","999.4","1011.0"
"2026-09-22","04:50:02","Clear","Dry","Dark","0.3","22.6","3200","57232","22.8","65%","26.9","","Opened","7.401","38","Unsafe","Windy","11.7","65","15.8","9.1","999.4","1011.0"
"2026-09-22","04:50:12","Clear","Dry","Dark","0.3","22.6","3200","57232","22.8","65%","27.0","","Opened","7.327","38","Unsafe","Windy","11.0","65","15.7","9.0","999.2","1010.8"
"2026-09-22","04:50:22","Clear","Dry","Dark","0.5","22.6","3200","57232","22.8","65%","26.9","","Opened","7.281","38","Unsafe","Very Windy","12.5","64","15.7","9.2","999.3","1010.9"
"2026-09-22","04:50:32","Clear","Dry","Dark","0.3","22.7","3200","57232","22.8","65%","26.8","","Opened","7.358","38","Unsafe","Very Windy","12.7","64","15.6","9.1","999.1","1010.7"
"2026-09-22","04:50:42","Clear","Dry","Dark","0.3","22.7","3200","57232","22.8","65%","26.7","","Opened","7.295","38","Unsafe","Very Windy","13.6","64","15.7","9.1","999.3","1010.8"
"2026-09-22","04:50:52","Clear","Dry","Dark","0.2","22.7","3200","57232","22.8","65%","26.7","","Opened","7.522","38","Unsafe","Very Windy","14.1","64","15.7","9.0","999.3","1010.9"
"2026-09-22","04:51:02","Clear","Dry","Dark","0.4","22.7","3200","57232","22.8","65%","26.7","","Opened","7.334","38","Unsafe","Very Windy","14.2","64","15.7","9.2","999.1","1010.7"
"2026-09-22","04:51:12","Clear","Dry","Dark","0.3","22.6","3200","57232","22.8","65%","26.9","","Opened","7.266","38","Unsafe","Very Windy","15.0","64","15.7","9.0","999.1","1010.7"
"2026-09-22","04:51:22","Clear","Dry","Dark","0.4","22.7","3200","57232","22.8","65%","26.9","","Opened","7.339","38","Unsafe","Windy","14.2","64","15.7","9.1","999.3","1010.9"
"2026-09-22","04:51:32","Clear","Dry","Dark","0.3","22.7","3200","57232","22.8","65%","27.0","","Opened","7.289","38","Unsafe","Windy","13.5","64","15.7","9.1","999.3","1010.8"
"2026-09-22","04:51:42","Clear","Dry","Dark","0.2","22.6","3200","57232","22.8","65%","27.1","","Opened","7.370","38","Unsafe","Windy","12.7","64","15.7","9.0","999.3","1010.8"
"2026-09-22","04:51:52","Clear","Dry","Dark","0.3","22.6","3200","57232","22.8","65%","27.1","","Opened","7.501","38","Unsafe","Windy","11.7","64","15.7","9.0","999.3","1010.9"
"2026-09-22","04:52:02","Clear","Dry","Dark","0.3","22.6","3200","57232","22.8","65%","27.2","Heating DOWN","Opened","7.395","38","Unsafe","Windy","12.1","64","15.7","9.1","999.3","1010.9"
"2026-09-22","04:52:12","Clear","Dry","Dark","0.4","22.6","3328","57232","22.8","64%","27.2","Heating DOWN","Opened","7.383","38","Unsafe","Windy","11.5","64","15.7","9.2","999.3","1010.8"
"2026-09-22","04:52:22","Clear","Dry","Dark","0.4","22.7","3200","57232","22.8","63%","27.2","Heating DOWN","Opened","7.507","38","Unsafe","Windy","11.1","64","15.7","9.2","999.3","1010.9"
"2026-09-22","04:52:32","Clear","Dry","Dark","0.3","22.6","3200","57232","22.8","62%","27.1","","Opened","7.398","38","Unsafe","Windy","11.4","64","15.7","9.0","999.3","1010.8"
"2026-09-22","04:52:42","Clear","Dry","Dark","0.3","22.6","3200","57232","22.8","62%","27.2","Heating DOWN","Opened","7.453","38","Unsafe","Windy","12.1","64","15.7","9.1","999.3","1010.8"
"2026-09-22","04:52:52","Clear","Dry","Dark","0.4","22.6","3200","57232","22.8","61%","27.2","Heating DOWN","Opened","7.600","38","Unsafe","Windy","13.2","64","15.7","9.2","999.3","1010.9"
"2026-09-22","04:53:02","Clear","Dry","Dark","0.4","22.7","3328","57232","22.8","60%","27.1","","Opened","7.315","38","Unsafe","Windy","13.5","64","15.7","9.2","999.4","1011.0"
"2026-09-22","04:53:12","Clear","Dry","Dark","0.4","22.7","3328","57232","22.8","60%","27.0","","Opened","7.382","38","Unsafe","Windy","13.5","64","15.6","9.2","999.4","1011.0"
"2026-09-22","04:53:22","Clear","Dry","Dark","0.4","22.7","3328","57232","22.8","60%","27.0","","Opened","7.338","38","Unsafe","Windy","13.2","64","15.6","9.2","999.3","1010.8"
"2026-09-22","04:53:32","Clear","Dry","Dark","0.4","22.7","3328","57232","22.8","60%","27.0","","Opened","7.288","38","Unsafe","Windy","13.2","64","15.6","9.2","999.2","1010.8"
"2026-09-22","04:53:42","Clear","Dry","Dark","0.4","22.7","3328","57232","22.8","60%","27.0","","Opened","7.367","38","Unsafe","Very Windy","14.3","64","15.7","9.2","999.4","1011.0"
"2026-09-22","04:53:52","Clear","Dry","Dark","0.4","22.7","3328","57232","22.8","60%","26.8","","Opened","7.466","38","Unsafe","Very Windy","14.2","64","15.7","9.2","999.3","1010.9"
"2026-09-22","04:54:02","Clear","Dry","Dark","0.4","22.7","3328","57232","22.8","60%","26.7","","Opened","7.389","38","Unsafe","Very Windy","14.2","64","15.7","9.2","999.2","1010.8"
"2026-09-22","04:54:12","Clear","Dry","Dark","0.3","22.7","3328","57232","22.9","60%","26.7","","Opened","7.331","38","Unsafe","Very Windy","14.2","64","15.7","9.2","999.3","1010.9"
"2026-09-22","04:54:22","Clear","Dry","Dark","0.4","22.7","3328","57232","22.8","60%","26.7","","Opened","7.286","38","Unsafe","Very Windy","15.2","64","15.7","9.2","999.3","1010.9"
"2026-09-22","04:54:32","Clear","Dry","Dark","0.3","22.7","3328","57232","22.8","60%","26.7","","Opened","7.378","38","Unsafe","Very Windy","15.6","64","15.7","9.1","999.4","1011.0"
"2026-09-22","04:54:42","Clear","Dry","Dark","0.4","22.7","3328","57232","22.8","60%","26.8","","Opened","7.312","38","Unsafe","Windy","14.6","64","15.7","9.2","999.4","1011.0"
"2026-09-22","04:54:52","Clear","Dry","Dark","0.4","22.7","3328","57232","22.8","60%","26.8","","Opened","7.535","38","Unsafe","Windy","15.0","64","15.7","9.2","999.3","1010.8"
"2026-09-22","04:55:02","Clear","Dry","Dark","0.4","22.7","3328","57232","22.8","60%","26.7","","Opened","7.332","38","Unsafe","Windy","14.5","64","15.7","9.2","999.3","1010.8"
"2026-09-22","04:55:12","Clear","Dry","Dark","0.4","22.7","3328","57232","22.8","60%","26.7","","Opened","7.276","38","Unsafe","Windy","14.2","64","15.7","9.2","999.3","1010.9"
"2026-09-22","04:55:22","Clear","Dry","Dark","0.6","22.7","3328","57232","22.8","60%","26.8","","Opened","7.356","38","Unsafe","Windy","13.4","64","15.7","9.4","999.3","1010.8"
"2026-09-22","04:55:32","Clear","Dry","Dark","0.5","22.7","3328","57232","22.8","60%","26.8","","Opened","7.301","38","Unsafe","Windy","13.2","64","15.7","9.3","999.1","1010.7"
"2026-09-22","04:55:42","Clear","Dry","Dark","0.6","22.7","3328","57232","22.8","60%","26.7","","Opened","7.377","38","Unsafe","Windy","12.4","64","15.7","9.3","999.3","1010.9"
"2026-09-22","04:55:52","Clear","Dry","Dark","0.5","22.7","3328","57232","22.8","60%","26.9","","Opened","7.478","38","Unsafe","Windy","11.1","64","15.6","9.3","999.3","1010.8"
"2026-09-22","04:56:02","Clear","Dry","Dark","0.6","22.6","3328","57232","22.8","60%","26.9","","Opened","7.400","38","Unsafe","Very Windy","12.9","64","15.7","9.4","999.3","1010.9"
"2026-09-22","04:56:12","Clear","Dry","Dark","0.6","22.7","3328","57232","22.8","60%","26.8","","Opened","7.323","38","Unsafe","Very Windy","13.1","64","15.6","9.4","999.4","1011.0"
"2026-09-22","04:56:22","Clear","Dry","Dark","0.5","22.6","3328","57232","22.8","60%","26.8","","Opened","7.275","38","Unsafe","Very Windy","12.8","64","15.6","9.3","999.3","1010.8"
"2026-09-22","04:56:32","Clear","Dry","Dark","0.6","22.6","3328","57232","22.8","60%","26.8","","Opened","7.384","38","Unsafe","Very Windy","13.1","64","15.6","9.3","999.3","1010.8"
"2026-09-22","04:56:42","Clear","Dry","Dark","0.6","22.6","3328","57232","22.8","60%","26.8","","Opened","7.323","38","Unsafe","Very Windy","14.3","64","15.6","9.3","999.3","1010.9"
"2026-09-22","04:56:52","Clear","Dry","Dark","0.6","22.6","3328","57232","22.8","60%","26.7","","Opened","7.543","38","Unsafe","Very Windy","15.3","64","15.6","9.4","999.4","1011.0"
"2026-09-22","04:57:02","Clear","Dry","Dark","0.6","22.6","3328","57232","22.8","60%","26.7","","Opened","7.344","38","Unsafe","Windy","13.8","64","15.6","9.3","999.3","1010.9"
"2026-09-22","04:57:12","Clear","Dry","Dark","0.6","22.6","3328","57232","22.8","60%","26.7","","Opened","7.281","38","Unsafe","Windy","14.2","64","15.6","9.3","999.3","1010.9"
"2026-09-22","04:57:22","Clear","Dry","Dark","0.6","22.6","3328","57232","22.8","60%","26.7","","Opened","7.349","38","Unsafe","Windy","14.9","64","15.6","9.4","999.3","1010.8"
"2026-09-22","04:57:32","Clear","Dry","Dark","0.6","22.6","3328","57232","22.8","60%","26.7","","Opened","7.307","38","Unsafe","Windy","15.2","64","15.6","9.3","999.3","1010.8"
"2026-09-22","04:57:42","Clear","Dry","Dark","0.5","22.6","3328","57232","22.8","60%","26.6","","Opened","7.385","38","Unsafe","Windy","14.8","64","15.6","9.3","998.9","1010.5"
"2026-09-22","04:57:52","Clear","Dry","Dark","0.5","22.6","3328","57232","22.8","60%","26.6","","Opened","7.507","38","Unsafe","Windy","14.1","64","15.6","9.3","999.1","1010.7"
"2026-09-22","04:58:02","Clear","Dry","Dark","0.6","22.6","3328","57232","22.7","60%","26.6","","Opened","7.293","38","Unsafe","Windy","13.9","64","15.6","9.3","999.3","1010.8"
"2026-09-22","04:58:12","Clear","Dry","Dark","0.6","22.6","3328","57232","22.7","60%","26.6","","Opened","7.357","38","Unsafe","Windy","14.1","64","15.6","9.3","999.2","1010.8"
"2026-09-22","04:58:22","Clear","Dry","Dark","0.5","22.5","3328","57232","22.7","60%","26.7","","Opened","7.295","38","Unsafe","Windy","13.4","64","15.6","9.3","999.3","1010.8"
"2026-09-22","04:58:32","Clear","Dry","Dark","0.5","22.5","3328","57232","22.7","60%","26.8","","Opened","7.401","38","Unsafe","Windy","12.2","64","15.6","9.2","999.4","1011.0"
"2026-09-22","04:58:42","Clear","Dry","Dark","0.7","22.5","3328","57232","22.7","60%","26.8","","Opened","7.343","38","Unsafe","Windy","12.2","64","15.6","9.4","999.3","1010.8"
"2026-09-22","04:58:52","Clear","Dry","Dark","0.5","22.5","3328","57232","22.7","60%","26.7","","Opened","7.447","38","Unsafe","Windy","12.4","64","15.6","9.3","999.3","1010.8"
"2026-09-22","04:59:02","Clear","Dry","Dark","0.7","22.6","3328","57232","22.7","60%","26.8","","Opened","7.382","38","Unsafe","Windy","13.5","64","15.6","9.4","999.3","1010.9"
"2026-09-22","04:59:12","Clear","Dry","Dark","0.8","22.6","3328","57232","22.7","60%","26.7","","Opened","7.300","38","Unsafe","Windy","13.8","64","15.5","9.6","999.3","1010.8"
"2026-09-22","04:59:22","Clear","Dry","Dark","0.6","22.6","3328","57232","22.7","60%","26.6","","Opened","7.375","38","Unsafe","Windy","14.5","64","15.6","9.3","998.9","1010.5"
"2026-09-22","04:59:32","Clear","Dry","Dark","0.7","22.6","3328","57232","22.7","60%","26.6","","Opened","7.322","38","Unsafe","Windy","15.9","64","15.6","9.4","999.2","1010.8"
"2026-09-22","04:59:42","Clear","Dry","Dark","0.5","22.6","3328","57232","22.7","60%","26.5","","Opened","7.396","38","Unsafe","Windy","16.2","64","15.5","9.3","999.4","1011.0"
"2026-09-22","04:59:52","Clear","Dry","Dark","0.5","22.6","3328","57232","22.7","60%","26.5","","Opened","7.519","38","Unsafe","Windy","15.9","64","15.6","9.3","999.1","1010.7"
"2026-09-22","05:00:02","Clear","Dry","Dark","0.6","22.6","3328","57232","22.7","60%","26.5","","Opened","7.307","38","Unsafe","Windy","14.6","64","15.6","9.4","999.3","1010.9"
"2026-09-22","05:00:12","Clear","Dry","Dark","0.5","22.6","3328","57232","22.7","60%","26.5","","Opened","7.372","38","Unsafe","Windy","14.1","64","15.6","9.3","999.3","1010.9"
"2026-09-22","05:00:22","Clear","Dry","Dark","0.5","22.6","3328","57232","22.7","60%","26.6","","Opened","7.303","38","Unsafe","Windy","13.8","64","15.6","9.2","999.3","1010.9"
"2026-09-22","05:00:32","Clear","Dry","Dark","0.5","22.6","3328","57232","22.7","60%","26.5","","Opened","7.406","38","Unsafe","Windy","13.8","64","15.6","9.2","999.3","1010.8"
"2026-09-22","05:00:42","Clear","Dry","Dark","0.5","22.6","3328","57232","22.7","60%","26.4","Heating UP","Opened","7.457","38","Unsafe","Windy","13.8","64","15.6","9.2","999.1","1010.7"
"2026-09-22","05:00:52","Clear","Dry","Dark","0.6","22.6","3200","57232","22.7","61%","26.5","","Opened","7.486","38","Unsafe","Windy","14.5","64","15.6","9.3","999.2","1010.8"
"2026-09-22","05:01:02","Clear","Dry","Dark","0.4","22.6","3200","57232","22.7","61%","26.4","Heating UP","Opened","7.402","38","Unsafe","Windy","14.6","64","15.6","9.2","999.1","1010.7"
"2026-09-22","05:01:12","Clear","Dry","Dark","0.4","22.6","3200","57232","22.7","62%","26.4","Heating UP","Opened","7.397","38","Unsafe","Windy","15.2","64","15.6","9.1","999.2","1010.8"
"2026-09-22","05:01:22","Clear","Dry","Dark","0.5","22.6","3200","57232","22.7","63%","26.4","Heating UP","Opened","7.514","38","Unsafe","Windy","14.9","64","15.6","9.2","999.3","1010.8"
"2026-09-22","05:01:32","Clear","Dry","Dark","0.4","22.5","3328","57232","22.7","64%","26.4","Heating UP","Opened","7.489","38","Unsafe","Windy","14.1","64","15.6","9.1","999.3","1010.8"
"2026-09-22","05:01:42","Clear","Dry","Dark","0.3","22.5","3200","57232","22.7","65%","26.5","","Opened","7.371","38","Unsafe","Windy","13.5","64","15.6","9.1","999.3","1010.9"
"2026-09-22","05:01:52","Clear","Wet","Dark","0.5","22.5","3199","57232","22.7","65%","26.5","","Opened","7.458","38","Unsafe","Windy","14.1","64","15.6","9.2","999.4","1011.0"
"2026-09-22","05:02:02","Clear","Dry","Dark","0.5","22.5","3200","57232","22.7","65%","26.5","","Opened","7.389","38","Safe","Windy","14.3","64","15.6","9.2","999.3","1010.9"
"2026-09-22","05:02:12","Clear","Dry","Dark","0.4","22.5","3200","57232","22.6","65%","26.5","","Opened","7.322","38","Safe","Windy","13.4","64","15.6","9.1","999.1","1010.7"
"2026-09-22","05:02:22","Clear","Dry","Dark","0.4","22.5","3200","57232","22.6","65%","26.6","","Opened","7.401","38","Safe","Windy","14.2","64","15.6","9.1","999.3","1010.9"
"2026-09-22","05:02:32","Clear","Dry","Dark","0.4","22.5","3200","57232","22.6","65%","26.5","","Opened","7.355","38","Safe","Windy","14.5","64","15.6","9.1","999.2","1010.8"
"2026-09-22","05:02:42","Clear","Dry","Dark","0.3","22.5","3200","57232","22.7","65%","26.5","","Opened","7.297","38","Safe","Windy","14.5","64","15.6","9.0","999.1","1010.7"
"2026-09-22","05:02:52","Clear","Dry","Dark","0.5","22.5","3200","57232","22.6","65%","26.5","","Opened","7.541","38","Safe","Windy","13.5","65","15.6","9.2","999.1","1010.7"
"2026-09-22","05:03:02","Clear","Dry","Dark","0.5","22.5","3200","57232","22.6","65%","26.6","","Opened","7.355","38","Safe","Windy","14.3","65","15.6","9.2","999.3","1010.9"
"2026-09-22","05:03:12","Clear","Dry","Dark","0.5","22.5","3200","57232","22.6","65%","26.5","","Opened","7.276","38","Safe","Windy","15.5","65","15.6","9.2","999.3","1010.9"
"2026-09-22","05:03:22","Clear","Dry","Dark","0.4","22.5","3200","57232","22.6","65%","26.4","","Opened","7.357","38","Safe","Windy","15.2","64","15.6","9.0","999.2","1010.8"
"2026-09-22","05:03:32","Clear","Dry","Dark","0.4","22.5","3200","57232","22.6","65%","26.5","","Opened","7.339","38","Safe","Windy","15.2","65","15.6","9.1","999.4","1011.0"
"2026-09-22","05:03:42","Clear","Dry","Dark","0.5","22.5","3200","57232","22.6","65%","26.4","","Opened","7.284","38","Safe","Windy","15.7","65","15.6","9.1","999.3","1010.8"
"2026-09-22","05:03:52","Clear","Dry","Dark","0.4","22.5","3200","57232","22.6","65%","26.4","","Opened","7.507","38","Safe","Windy","16.0","64","15.6","9.1","999.1","1010.7"
"2026-09-22","05:04:02","Clear","Dry","Dark","0.5","22.5","3200","57232","22.6","65%","26.4","","Opened","7.321","38","Safe","Windy","15.0","65","15.6","9.1","999.1","1010.7"
"2026-09-22","05:04:12","Clear","Dry","Dark","0.5","22.5","3200","57232","22.6","65%","26.4","","Opened","7.268","38","Safe","Windy","15.2","65","15.6","9.1","999.3","1010.9"
"2026-09-22","05:04:22","Clear","Dry","Dark","0.5","22.5","3200","57232","22.6","65%","26.3","Heating UP","Opened","7.462","38","Safe","Windy","14.9","64","15.5","9.1","999.3","1010.9"
"2026-09-22","05:04:32","Clear","Dry","Dark","0.5","22.5","3200","57232","22.6","66%","26.4","","Opened","7.344","38","Safe","Windy","14.9","65","15.6","9.2","999.3","1010.9"
"2026-09-22","05:04:42","Clear","Dry","Dark","0.4","22.5","3200","57232","22.6","66%","26.4","","Opened","7.294","38","Safe","Windy","14.6","65","15.6","9.1","999.3","1010.9"
"2026-09-22","05:04:52","Clear","Dry","Dark","0.4","22.5","3200","57232","22.6","66%","26.4","","Opened","7.508","38","Safe","Windy","13.9","64","15.6","9.1","999.1","1010.7"
"2026-09-22","05:05:02","Clear","Dry","Dark","0.4","22.5","3200","57232","22.6","66%","26.5","","Opened","7.317","38","Safe","Windy","13.5","64","15.6","9.0","999.4","1011.0"
"2026-09-22","05:05:12","Clear","Dry","Dark","0.4","22.5","3200","57232","22.6","66%","26.6","","Opened","7.383","38","Safe","Windy","13.1","64","15.5","9.1","999.3","1010.8"
"2026-09-22","05:05:22","Clear","Dry","Dark","0.4","22.5","3200","57232","22.6","66%","26.6","","Opened","7.344","38","Safe","Windy","12.5","64","15.5","9.1","999.4","1011.0"
"2026-09-22","05:05:32","Clear","Dry","Dark","0.5","22.4","3200","57232","22.6","66%","26.7","","Opened","7.288","38","Safe","Windy","11.8","65","15.6","9.2","999.4","1011.0"
"2026-09-22","05:05:42","Clear","Dry","Dark","0.4","22.4","3200","57232","22.6","66%","26.7","","Opened","7.357","38","Safe","Windy","11.0","65","15.6","9.1","999.4","1011.0"
"2026-09-22","05:05:52","Clear","Dry","Dark","0.6","22.4","3200","57232","22.6","66%","26.8","","Opened","7.473","38","Safe","Windy","11.5","65","15.6","9.3","999.3","1010.9"
"2026-09-22","05:06:02","Clear","Dry","Dark","0.4","22.4","3200","57232","22.6","66%","26.8","","Opened","7.273","38","Safe","Windy","11.8","64","15.5","9.1","999.4","1011.0"
"2026-09-22","05:06:12","Clear","Dry","Dark","0.4","22.4","3200","57232","22.6","66%","26.8","","Opened","7.346","38","Safe","Windy","11.1","65","15.6","9.1","999.4","1011.0"
"2026-09-22","05:06:22","Clear","Dry","Dark","0.5","22.4","3200","57232","22.6","66%","26.8","","Opened","7.292","38","Safe","Windy","11.3","65","15.6","9.2","999.3","1010.9"
"2026-09-22","05:06:32","Clear","Dry","Dark","0.6","22.4","3200","57232","22.5","66%","26.8","","Opened","7.398","38","Safe","Windy","11.5","65","15.5","9.2","999.3","1010.9"
"2026-09-22","05:06:42","Clear","Dry","Dark","0.6","22.4","3200","57232","22.6","66%","26.8","","Opened","7.326","38","Safe","Windy","12.8","65","15.5","9.3","999.3","1010.9"
"2026-09-22","05:06:52","Clear","Dry","Dark","0.7","22.4","3200","57232","22.5","66%","26.7","","Opened","7.437","38","Safe","Windy","12.9","64","15.5","9.3","999.3","1010.9"
"2026-09-22","05:07:02","Clear","Dry","Dark","0.5","22.4","3200","57232","22.6","66%","26.7","","Opened","7.351","38","Safe","Windy","12.9","64","15.5","9.2","999.3","1010.9"
"2026-09-22","05:07:12","Clear","Dry","Dark","0.5","22.4","3200","57232","22.6","66%","26.7","","Opened","7.269","38","Safe","Windy","12.8","64","15.5","9.1","999.3","1010.9"
"2026-09-22","05:07:22","Clear","Dry","Dark","0.6","22.4","3200","57232","22.5","66%","26.8","","Opened","7.378","38","Safe","Windy","13.1","64","15.5","9.2","999.4","1011.0"
"2026-09-22","05:07:32","Clear","Dry","Dark","0.6","22.4","3200","57232","22.6","66%","26.8","","Opened","7.306","38","Safe","Windy","13.2","64","15.5","9.2","999.4","1011.0"
"2026-09-22","05:07:42","Clear","Dry","Dark","0.7","22.4","3200","57232","22.6","66%","26.9","Heating DOWN","Opened","7.505","38","Safe","Windy","11.4","64","15.5","9.4","999.4","1011.0"
"2026-09-22","05:07:52","Clear","Dry","Dark","0.5","22.4","3200","57232","22.6","65%","27.1","Heating DOWN","Opened","7.653","38","Safe","Windy","10.3","64","15.5","9.2","999.4","1011.0"
"2026-09-22","05:08:02","Clear","Dry","Dark","0.7","22.4","3200","57232","22.6","63%","27.2","Heating DOWN","Opened","7.492","38","Safe","Windy","10.8","64","15.5","9.4","999.4","1011.0"
"2026-09-22","05:08:12","Clear","Dry","Dark","0.7","22.4","3200","57232","22.6","61%","27.2","Heating DOWN","Opened","7.464","38","Safe","Windy","10.8","64","15.5","9.4","999.3","1010.9"
"2026-09-22","05:08:22","Clear","Dry","Dark","0.7","22.4","3200","57232","22.6","59%","27.2","Heating DOWN","Opened","7.467","38","Safe","Windy","11.1","64","15.5","9.4","999.4","1011.0"
"2026-09-22","05:08:32","Clear","Dry","Dark","0.6","22.4","3200","57232","22.6","57%","27.1","","Opened","7.333","38","Safe","Windy","11.0","64","15.5","9.3","999.4","1011.0"
"2026-09-22","05:08:42","Clear","Dry","Dark","0.6","22.4","3200","57232","22.6","57%","27.0","","Opened","7.295","38","Safe","Windy","12.0","64","15.5","9.3","999.5","1011.1"
"2026-09-22","05:08:52","Clear","Dry","Dark","0.6","22.4","3200","57232","22.6","57%","27.0","Heating DOWN","Opened","7.626","38","Safe","Windy","12.5","64","15.5","9.3","999.4","1011.0"
"2026-09-22","05:09:02","Clear","Dry","Dark","0.5","22.5","3328","57232","22.6","56%","27.0","Heating DOWN","Opened","7.480","38","Safe","Windy","11.3","64","15.5","9.2","999.3","1010.9"
"2026-09-22","05:09:12","Clear","Dry","Dark","0.6","22.4","3200","57232","22.6","55%","27.1","Heating DOWN","Opened","7.451","38","Safe","Windy","11.3","64","15.5","9.2","999.4","1011.0"
"2026-09-22","05:09:22","Clear","Dry","Dark","0.6","22.4","3200","57232","22.6","54%","27.0","","Opened","7.377","38","Safe","Windy","10.4","64","15.5","9.3","999.4","1011.0"
"2026-09-22","05:09:32","Clear","Dry","Dark","0.4","22.4","3200","57232","22.6","54%","27.1","Heating DOWN","Opened","7.433","38","Safe","Windy","9.9","64","15.5","9.1","999.4","1011.0"
"2026-09-22","05:09:42","Clear","Dry","Dark","0.6","22.4","3200","57232","22.6","53%","27.2","Heating DOWN","Opened","7.426","38","Safe","Windy","9.4","64","15.5","9.2","999.4","1011.0"
"2026-09-22","05:09:52","Clear","Dry","Dark","0.6","22.4","3200","57232","22.6","51%","27.2","Heating DOWN","Opened","7.557","38","Safe","Windy","9.4","64","15.5","9.3","999.4","1011.0"
"2026-09-22","05:10:02","Clear","Dry","Dark","0.5","22.4","3200","57232","22.6","49%","27.1","","Opened","7.286","38","Safe","Windy","10.8","64","15.5","9.2","999.3","1010.9"
"2026-09-22","05:10:12","Clear","Dry","Dark","0.4","22.4","3200","57232","22.6","49%","26.9","","Opened","7.354","38","Safe","Windy","11.8","64","15.5","9.1","999.4","1011.0"
"2026-09-22","05:10:22","Clear","Dry","Dark","0.6","22.4","3200","57232","22.6","49%","26.7","","Opened","7.303","38","Safe","Windy","13.5","64","15.5","9.3","999.3","1010.8"
"2026-09-22","05:10:32","Clear","Dry","Dark","0.5","22.4","3200","57232","22.6","49%","26.5","","Opened","7.278","38","Safe","Windy","15.0","64","15.5","9.1","999.4","1011.0"
"2026-09-22","05:10:42","Clear","Dry","Dark","0.6","22.4","3200","57232","22.6","49%","26.5","","Opened","7.339","38","Safe","Windy","16.2","64","15.5","9.2","999.4","1011.0"
"2026-09-22","05:10:52","Clear","Dry","Dark","0.7","22.4","3200","57232","22.6","49%","26.4","","Opened","7.438","38","Safe","Windy","16.2","64","15.5","9.3","999.4","1011.0"
"2026-09-22","05:11:02","Clear","Dry","Dark","0.5","22.4","3200","57232","22.6","49%","26.4","","Opened","7.389","38","Safe","Windy","15.2","64","15.5","9.1","999.3","1010.9"
"2026-09-22","05:11:12","Clear","Dry","Dark","0.5","22.4","3200","57232","22.6","49%","26.4","","Opened","7.317","38","Safe","Windy","15.0","64","15.5","9.2","999.4","1011.0"
"2026-09-22","05:11:22","Clear","Dry","Dark","0.7","22.4","3200","57232","22.6","49%","26.4","","Opened","7.395","38","Safe","Windy","14.2","64","15.5","9.3","999.4","1011.0"
"2026-09-22","05:11:32","Clear","Dry","Dark","0.5","22.4","3200","57232","22.6","49%","26.3","Heating UP","Opened","7.467","38","Safe","Windy","13.1","64","15.4","9.2","999.6","1011.2"
"2026-09-22","05:11:42","Clear","Dry","Dark","0.5","22.4","3200","57232","22.6","50%","26.3","Heating UP","Opened","7.462","38","Safe","Windy","12.1","64","15.5","9.1","999.4","1011.0"
"2026-09-22","05:11:52","Clear","Dry","Dark","0.5","22.4","3200","57232","22.6","51%","26.4","","Opened","7.498","38","Safe","Windy","11.8","64","15.5","9.1","999.4","1011.0"
"2026-09-22","05:12:02","Clear","Dry","Dark","0.6","22.3","3200","57232","22.6","51%","26.4","","Opened","7.278","38","Safe","Windy","11.5","64","15.5","9.2","999.4","1011.0"
"2026-09-22","05:12:12","Clear","Dry","Dark","0.5","22.4","3200","57232","22.6","51%","26.5","","Opened","7.354","38","Safe","Windy","11.0","64","15.5","9.2","999.4","1011.0"
"2026-09-22","05:12:22","Clear","Dry","Dark","0.4","22.3","3200","57232","22.6","51%","26.5","","Opened","7.304","38","Safe","Windy","10.1","64","15.5","9.0","999.4","1011.0"
"2026-09-22","05:12:32","Clear","Dry","Dark","0.6","22.3","3200","57232","22.6","51%","26.6","","Opened","7.398","38","Safe","Windy","10.8","64","15.5","9.2","999.4","1011.0"
"2026-09-22","05:12:42","Clear","Dry","Dark","0.6","22.3","3200","57232","22.6","51%","26.6","","Opened","7.334","38","Safe","Windy","10.8","64","15.5","9.2","999.4","1011.0"
"2026-09-22","05:12:52","Clear","Dry","Dark","0.6","22.3","3200","57232","22.6","51%","26.6","","Opened","7.455","38","Safe","Windy","11.1","64","15.5","9.2","999.3","1010.9"
"2026-09-22","05:13:02","Clear","Dry","Dark","0.5","22.3","3200","57232","22.6","51%","26.5","","Opened","7.372","38","Safe","Windy","11.1","64","15.5","9.1","999.4","1011.0"
"2026-09-22","05:13:12","Clear","Dry","Dark","0.6","22.3","3200","57232","22.6","51%","26.5","","Opened","7.301","38","Safe","Windy","11.7","64","15.5","9.3","999.3","1010.9"
"2026-09-22","05:13:22","Clear","Dry","Dark","0.6","22.3","3200","57232","22.5","51%","26.5","","Opened","7.392","38","Safe","Windy","12.2","64","15.5","9.2","999.1","1010.7"
"2026-09-22","05:13:32","Clear","Dry","Dark","0.5","22.3","3200","57232","22.5","51%","26.5","","Opened","7.342","38","Safe","Windy","11.5","64","15.5","9.2","999.4","1011.0"
"2026-09-22","05:13:42","Clear","Dry","Dark","0.5","22.3","3200","57232","22.5","51%","26.5","","Opened","7.291","38","Safe","Windy","11.3","64","15.4","9.2","999.4","1011.0"
"2026-09-22","05:13:52","Clear","Dry","Dark","0.5","22.3","3200","57232","22.5","51%","26.5","","Opened","7.518","38","Safe","Windy","11.5","64","15.4","9.2","999.4","1011.0"
"2026-09-22","05:14:02","Clear","Dry","Dark","0.5","22.3","3200","57232","22.5","51%","26.5","","Opened","7.328","38","Safe","Windy","12.0","64","15.5","9.1","999.4","1011.0"
"2026-09-22","05:14:12","Clear","Dry","Dark","0.5","22.3","3200","57232","22.5","51%","26.4","","Opened","7.260","38","Safe","Windy","10.7","64","15.5","9.2","999.3","1010.9"
"2026-09-22","05:14:22","Clear","Dry","Dark","0.5","22.3","3200","57232","22.5","51%","26.5","","Opened","7.356","38","Safe","Windy","10.3","64","15.5","9.1","999.4","1011.0"
"2026-09-22","05:14:32","Clear","Dry","Dark","0.5","22.3","3200","57232","22.5","51%","26.5","","Opened","7.301","38","Safe","Windy","10.4","64","15.5","9.1","999.4","1011.0"
"2026-09-22","05:14:42","Clear","Dry","Dark","0.5","22.3","3200","57232","22.5","51%","26.5","","Opened","7.377","38","Safe","Windy","10.1","64","15.5","9.1","999.4","1011.0"
"2026-09-22","05:14:52","Clear","Dry","Dark","0.5","22.3","3200","57232","22.5","51%","26.7","","Opened","7.501","38","Safe","Windy","9.9","64","15.5","9.2","999.4","1011.0"
"2026-09-22","05:15:02","Clear","Dry","Dark","0.5","22.3","3200","57232","22.5","51%","26.7","","Opened","7.302","38","Safe","Windy","10.4","64","15.5","9.2","999.4","1011.0"
"2026-09-22","05:15:12","Clear","Dry","Dark","0.5","22.3","3200","57232","22.5","51%","26.6","","Opened","7.372","38","Safe","Windy","11.0","64","15.5","9.2","999.4","1011.0"
"2026-09-22","05:15:22","Clear","Dry","Dark","0.6","22.3","3200","57232","22.5","51%","26.6","","Opened","7.322","38","Safe","Windy","11.3","64","15.5","9.2","999.4","1011.0"
"2026-09-22","05:15:32","Clear","Dry","Dark","0.6","22.3","3200","57232","22.5","51%","26.5","","Opened","7.407","38","Safe","Windy","10.8","64","15.5","9.2","999.4","1011.0"
"2026-09-22","05:15:42","Clear","Dry","Dark","0.5","22.3","3200","57232","22.5","51%","26.6","","Opened","7.348","38","Safe","Windy","12.4","64","15.5","9.2","999.3","1010.9"
"2026-09-22","05:15:52","Clear","Dry","Dark","0.6","22.3","3200","57232","22.5","51%","26.5","","Opened","7.465","38","Safe","Windy","13.1","64","15.4","9.2","999.4","1011.0"
"2026-09-22","05:16:02","Clear","Dry","Dark","0.7","22.3","3200","57232","22.5","51%","26.4","","Opened","7.393","38","Safe","Windy","13.6","64","15.4","9.3","999.3","1010.9"
"2026-09-22","05:16:12","Clear","Dry","Dark","0.6","22.4","3200","57232","22.5","51%","26.3","","Opened","7.317","38","Safe","Windy","14.1","64","15.4","9.2","999.4","1011.0"
"2026-09-22","05:16:22","Clear","Dry","Dark","0.6","22.4","3200","57232","22.5","51%","26.3","","Opened","7.287","38","Safe","Windy","14.5","64","15.4","9.2","999.2","1010.8"
"2026-09-22","05:16:32","Clear","Dry","Dark","0.6","22.4","3200","57232","22.6","51%","26.3","","Opened","7.344","38","Safe","Windy","15.0","64","15.5","9.2","999.2","1010.8"
"2026-09-22","05:16:42","Clear","Dry","Dark","0.5","22.3","3200","57232","22.5","51%","26.3","","Opened","7.278","38","Safe","Windy","13.9","64","15.5","9.1","999.3","1010.9"
"2026-09-22","05:16:52","Clear","Dry","Dark","0.4","22.4","3200","57232","22.5","51%","26.3","","Opened","7.521","38","Safe","Windy","13.2","64","15.5","9.1","999.2","1010.8"
"2026-09-22","05:17:02","Clear","Dry","Dark","0.6","22.3","3200","57232","22.5","51%","26.3","","Opened","7.313","38","Safe","Windy","11.3","64","15.5","9.2","999.3","1010.9"
"2026-09-22","05:17:12","Clear","Dry","Dark","0.5","22.3","3200","57232","22.5","51%","26.5","","Opened","7.373","38","Safe","Windy","10.4","64","15.5","9.1","999.4","1011.0"
"2026-09-22","05:17:22","Clear","Dry","Dark","0.5","22.3","3200","57232","22.6","51%","26.5","","Opened","7.319","38","Safe","Windy","10.1","64","15.5","9.2","999.3","1010.9"
"2026-09-22","05:17:32","Clear","Dry","Dark","0.6","22.3","3200","57232","22.5","51%","26.5","","Opened","7.273","38","Safe","Windy","10.8","64","15.5","9.2","999.3","1010.9"
"2026-09-22","05:17:42","Clear","Dry","Dark","0.7","22.3","3200","57232","22.5","51%","26.4","","Opened","7.368","38","Unsafe","Very Windy","12.8","64","15.5","9.3","999.3","1010.9"
"2026-09-22","05:17:52","Clear","Dry","Dark","0.6","22.3","3200","57232","22.6","51%","26.3","Heating UP","Opened","7.583","38","Unsafe","Very Windy","14.6","64","15.5","9.2","999.4","1011.0"
"2026-09-22","05:18:02","Clear","Dry","Dark","0.6","22.4","3328","57232","22.5","52%","26.1","Heating UP","Opened","7.409","38","Unsafe","Very Windy","15.9","64","15.5","9.3","999.1","1010.7"
"2026-09-22","05:18:12","Clear","Dry","Dark","0.7","22.4","3200","57232","22.5","53%","26.1","Heating UP","Opened","7.396","38","Unsafe","Very Windy","16.3","64","15.5","9.3","999.4","1011.0"
"2026-09-22","05:18:22","Clear","Dry","Dark","0.6","22.4","3200","57232","22.6","54%","26.1","Heating UP","Opened","7.401","38","Unsafe","Very Windy","17.3","64","15.5","9.3","999.4","1011.0"
"2026-09-22","05:18:32","Clear","Dry","Dark","0.6","22.4","3328","57232","22.6","56%","26.1","Heating UP","Opened","7.398","38","Unsafe","Very Windy","16.4","64","15.5","9.2","999.3","1010.9"
"2026-09-22","05:18:42","Clear","Dry","Dark","0.5","22.4","3200","57232","22.6","58%","26.1","Heating UP","Opened","7.391","38","Unsafe","Very Windy","15.7","64","15.5","9.2","999.3","1010.9"
"2026-09-22","05:18:52","Clear","Dry","Dark","0.5","22.4","3328","57232","22.6","60%","26.1","Heating UP","Opened","7.544","38","Unsafe","Windy","13.9","64","15.5","9.2","999.3","1010.9"
"2026-09-22","05:19:02","Clear","Dry","Dark","0.4","22.4","3200","57232","22.6","62%","26.3","","Opened","7.404","38","Unsafe","Windy","12.4","64","15.5","9.0","999.3","1010.9"
"2026-09-22","05:19:12","Clear","Dry","Dark","0.6","22.3","3200","57232","22.6","62%","26.5","","Opened","7.323","38","Unsafe","Windy","11.7","64","15.5","9.3","999.4","1011.0"
"2026-09-22","05:19:22","Clear","Dry","Dark","0.3","22.3","3200","57232","22.6","62%","26.7","","Opened","7.283","38","Unsafe","Windy","10.3","64","15.5","8.9","999.4","1011.0"
"2026-09-22","05:19:32","Clear","Dry","Dark","0.5","22.3","3200","57232","22.6","62%","26.7","","Opened","7.360","38","Unsafe","Windy","10.3","64","15.5","9.2","999.4","1011.0"
"2026-09-22","05:19:42","Clear","Dry","Dark","0.5","22.3","3200","57232","22.5","62%","26.7","","Opened","7.306","38","Unsafe","Windy","9.3","64","15.5","9.2","999.4","1011.0"
"2026-09-22","05:19:52","Clear","Dry","Dark","0.5","22.3","3200","57232","22.5","62%","26.6","","Opened","7.538","38","Unsafe","Windy","10.1","64","15.5","9.1","999.3","1010.9"
"2026-09-22","05:20:02","Clear","Dry","Dark","0.5","22.3","3200","57232","22.5","62%","26.6","","Opened","7.333","38","Unsafe","Windy","11.4","64","15.5","9.1","999.3","1010.9"
"2026-09-22","05:20:12","Clear","Dry","Dark","0.5","22.3","3200","57232","22.5","62%","26.5","","Opened","7.277","38","Unsafe","Windy","12.1","65","15.5","9.1","999.3","1010.9"
"2026-09-22","05:20:22","Clear","Dry","Dark","0.5","22.3","3200","57232","22.5","62%","26.5","","Opened","7.367","38","Unsafe","Windy","13.1","65","15.5","9.2","999.4","1011.0"
"2026-09-22","05:20:32","Clear","Dry","Dark","0.6","22.3","3200","57232","22.5","62%","26.5","","Opened","7.320","38","Unsafe","Windy","13.2","64","15.5","9.2","999.4","1011.0"
"2026-09-22","05:20:42","Clear","Dry","Dark","0.5","22.3","3200","57232","22.5","62%","26.5","","Opened","7.296","38","Unsafe","Windy","13.1","64","15.5","9.1","999.3","1010.9"
"2026-09-22","05:20:52","Clear","Dry","Dark","0.5","22.3","3200","57232","22.5","62%","26.6","","Opened","7.439","38","Unsafe","Windy","12.5","65","15.5","9.1","999.4","1011.0"
"2026-09-22","05:21:02","Clear","Dry","Dark","0.6","22.3","3200","57232","22.5","62%","26.6","","Opened","7.378","38","Unsafe","Windy","12.7","65","15.5","9.2","999.3","1010.9"
"2026-09-22","05:21:12","Clear","Dry","Dark","0.5","22.3","3200","57232","22.5","62%","26.6","","Opened","7.306","38","Unsafe","Windy","12.4","65","15.5","9.1","999.3","1010.9"
"2026-09-22","05:21:22","Clear","Dry","Dark","0.4","22.3","3200","57232","22.5","62%","26.6","","Opened","7.388","38","Unsafe","Windy","11.3","65","15.5","9.0","999.4","1011.0"
"2026-09-22","05:21:32","Clear","Dry","Dark","0.3","22.3","3200","57232","22.5","62%","26.8","","Opened","7.339","38","Unsafe","Windy","10.4","65","15.5","8.9","999.3","1010.9"
"2026-09-22","05:21:42","Clear","Dry","Dark","0.3","22.3","3200","57232","22.5","62%","27.0","Heating DOWN","Opened","7.398","38","Unsafe","Windy","10.1","65","15.5","8.9","999.3","1010.9"
"2026-09-22","05:21:52","Clear","Dry","Dark","0.6","22.3","3200","57232","22.5","61%","27.0","Heating DOWN","Opened","7.542","38","Unsafe","Windy","9.9","65","15.5","9.2","999.4","1011.0"
"2026-09-22","05:22:02","Clear","Dry","Dark","0.4","22.3","3328","57232","22.5","60%","27.0","Heating DOWN","Opened","7.519","38","Unsafe","Windy","9.0","65","15.5","9.0","999.4","1011.0"
"2026-09-22","05:22:12","Clear","Dry","Dark","0.6","22.2","3200","57232","22.5","59%","27.1","Heating DOWN","Opened","7.500","38","Unsafe","Windy","9.3","65","15.5","9.2","999.4","1011.0"
"2026-09-22","05:22:22","Clear","Dry","Dark","0.4","22.3","3200","57232","22.5","57%","27.0","","Opened","7.385","38","Unsafe","Windy","9.3","65","15.5","9.0","999.3","1010.9"
"2026-09-22","05:22:32","Clear","Dry","Dark","0.3","22.3","3200","57232","22.5","57%","27.0","Heating DOWN","Opened","7.451","38","Unsafe","Windy","9.9","65","15.5","8.9","999.3","1010.9"
"2026-09-22","05:22:42","Clear","Dry","Dark","0.3","22.2","3328","57232","22.5","56%","26.8","","Opened","7.330","38","Unsafe","Windy","10.0","65","15.5","8.9","999.4","1011.0"
"2026-09-22","05:22:52","Clear","Dry","Dark","0.4","22.3","3328","57232","22.5","56%","26.8","","Opened","7.451","38","Unsafe","Windy","10.7","65","15.5","9.0","999.4","1011.0"
"2026-09-22","05:23:02","Clear","Dry","Dark","0.3","22.3","3328","57232","22.5","56%","26.7","","Opened","7.360","38","Unsafe","Windy","11.1","65","15.5","8.9","999.1","1010.7"
"2026-09-22","05:23:12","Clear","Dry","Dark","0.4","22.3","3328","57232","22.5","56%","26.6","","Opened","7.303","38","Unsafe","Windy","11.3","65","15.5","8.9","999.3","1010.9"
"2026-09-22","05:23:22","Clear","Dry","Dark","0.4","22.3","3328","57232","22.5","56%","26.6","","Opened","7.366","38","Unsafe","Windy","11.7","65","15.5","8.9","999.3","1010.9"
"2026-09-22","05:23:32","Clear","Dry","Dark","0.3","22.3","3328","57232","22.5","56%","26.5","","Opened","7.319","38","Unsafe","Windy","11.8","65","15.5","8.9","999.4","1011.0"
"2026-09-22","05:23:42","Clear","Dry","Dark","0.2","22.3","3328","57232","22.5","56%","26.5","","Opened","7.394","38","Unsafe","Windy","12.1","65","15.5","8.8","999.4","1011.0"
"2026-09-22","05:23:52","Clear","Dry","Dark","0.2","22.3","3328","57232","22.5","56%","26.5","","Opened","7.520","38","Safe","Windy","11.4","65","15.5","8.8","999.3","1010.9"
"2026-09-22","05:24:02","Clear","Dry","Dark","0.1","22.2","3328","57232","22.5","56%","26.5","","Opened","7.297","38","Safe","Windy","11.3","65","15.5","8.7","999.3","1010.9"
"2026-09-22","05:24:12","Clear","Dry","Dark","0.3","22.2","3328","57232","22.5","56%","26.5","","Opened","7.360","38","Safe","Windy","11.0","65","15.5","8.8","999.3","1010.9"
"2026-09-22","05:24:22","Clear","Dry","Dark","0.3","22.3","3328","57232","22.5","56%","26.5","","Opened","7.317","38","Safe","Windy","11.3","65","15.5","8.9","999.3","1010.9"
"2026-09-22","05:24:32","Clear","Dry","Dark","0.2","22.2","3328","57232","22.5","56%","26.5","","Opened","7.407","38","Safe","Windy","11.4","65","15.5","8.8","999.3","1010.9"
"2026-09-22","05:24:42","Clear","Dry","Dark","0.2","22.2","3328","57232","22.5","56%","26.5","","Opened","7.346","38","Safe","Windy","11.4","65","15.5","8.7","999.3","1010.9"
"2026-09-22","05:24:52","Clear","Dry","Dark","0.1","22.2","3328","57232","22.5","56%","26.5","","Opened","7.504","38","Safe","Windy","11.5","65","15.5","8.7","999.3","1010.9"
"2026-09-22","05:25:02","Clear","Dry","Dark","0.1","22.2","3328","57232","22.4","56%","26.5","","Opened","7.391","38","Safe","Windy","11.4","65","15.5","8.7","999.3","1010.9"
"2026-09-22","05:25:12","Clear","Dry","Dark","0.0","22.2","3328","57232","22.5","56%","26.6","","Opened","7.324","38","Safe","Windy","11.4","65","15.5","8.6","999.3","1010.9"
"2026-09-22","05:25:22","Clear","Dry","Dark","0.0","22.2","3328","57232","22.5","56%","26.5","","Opened","7.396","38","Safe","Windy","10.7","65","15.5","8.6","999.3","1010.9"
"2026-09-22","05:25:32","Clear","Dry","Dark","0.3","22.2","3328","57232","22.4","56%","26.6","","Opened","7.348","38","Safe","Windy","11.5","65","15.5","8.8","999.3","1010.9"
"2026-09-22","05:25:42","Clear","Dry","Dark","0.0","22.2","3328","57232","22.4","56%","26.4","","Opened","7.290","38","Safe","Windy","11.3","65","15.5","8.6","999.1","1010.7"
"2026-09-22","05:25:52","Clear","Dry","Dark","0.0","22.2","3328","57232","22.4","56%","26.5","","Opened","7.541","38","Safe","Windy","11.0","65","15.5","8.6","999.4","1011.0"
"2026-09-22","05:26:02","Clear","Dry","Dark","0.0","22.2","3328","57232","22.5","56%","26.5","","Opened","7.325","38","Safe","Windy","11.3","65","15.5","8.5","999.3","1010.9"
"2026-09-22","05:26:12","Clear","Dry","Dark","0.0","22.2","3328","57232","22.4","56%","26.5","","Opened","7.260","38","Safe","Windy","10.8","65","15.5","8.6","999.1","1010.7"
"2026-09-22","05:26:22","Clear","Dry","Dark","-0.1","22.2","3328","57232","22.5","56%","26.6","","Opened","7.344","38","Safe","Windy","11.1","65","15.5","8.5","999.3","1010.9"
"2026-09-22","05:26:32","Clear","Dry","Dark","-0.1","22.2","3328","57232","22.4","56%","26.6","","Opened","7.294","38","Safe","Windy","10.4","65","15.5","8.5","999.3","1010.9"
"2026-09-22","05:26:42","Clear","Dry","Dark","0.0","22.2","3328","57232","22.4","56%","26.5","","Opened","7.374","38","Safe","Windy","11.4","65","15.4","8.6","999.3","1010.9"
"2026-09-22","05:26:52","Clear","Dry","Dark","0.1","22.2","3328","57232","22.4","56%","26.4","","Opened","7.481","38","Safe","Windy","12.7","64","15.4","8.6","999.2","1010.8"
"2026-09-22","05:27:02","Clear","Dry","Dark","-0.1","22.2","3328","57232","22.5","56%","26.3","","Opened","7.407","38","Safe","Windy","13.1","64","15.4","8.5","999.2","1010.8"
"2026-09-22","05:27:12","Clear","Dry","Dark","-0.1","22.2","3328","57232","22.5","56%","26.4","","Opened","7.378","38","Safe","Windy","13.9","64","15.4","8.5","999.3","1010.9"
"2026-09-22","05:27:22","Clear","Dry","Dark","-0.1","22.2","3328","57232","22.5","56%","26.3","","Opened","7.323","38","Safe","Windy","14.8","64","15.5","8.5","999.3","1010.9"
"2026-09-22","05:27:32","Clear","Dry","Dark","0.0","22.3","3328","57232","22.5","56%","26.3","","Opened","7.395","38","Safe","Windy","14.6","64","15.4","8.6","999.3","1010.9"
"2026-09-22","05:27:42","Clear","Dry","Dark","-0.1","22.3","3328","57232","22.5","56%","26.3","","Opened","7.332","38","Safe","Windy","15.2","64","15.4","8.5","999.2","1010.8"
"2026-09-22","05:27:52","Clear","Dry","Dark","-0.2","22.3","3328","57232","22.5","56%","26.2","Heating UP","Opened","7.554","38","Safe","Windy","14.6","64","15.4","8.4","999.3","1010.9"
"2026-09-22","05:28:02","Clear","Dry","Dark","-0.1","22.3","3200","57232","22.5","57%","26.1","Heating UP","Opened","7.522","38","Safe","Windy","15.0","64","15.4","8.5","999.1","1010.7"
"2026-09-22","05:28:12","Clear","Dry","Dark","-0.3","22.3","3200","57232","22.5","58%","26.1","Heating UP","Opened","7.381","38","Safe","Windy","15.6","64","15.4","8.4","999.3","1010.9"
"2026-09-22","05:28:22","Clear","Dry","Dark","-0.2","22.3","3200","57232","22.5","59%","26.1","Heating UP","Opened","7.506","38","Safe","Windy","14.8","64","15.4","8.4","999.2","1010.8"
"2026-09-22","05:28:32","Clear","Dry","Dark","-0.1","22.3","3328","57232","22.6","60%","26.2","","Opened","7.392","38","Safe","Windy","14.8","64","15.4","8.5","999.3","1010.9"
"2026-09-22","05:28:42","Clear","Dry","Dark","-0.4","22.3","3328","57232","22.6","60%","26.2","Heating UP","Opened","7.447","38","Safe","Windy","13.5","64","15.4","8.3","999.2","1010.8"
"2026-09-22","05:28:52","Clear","Dry","Dark","-0.5","22.3","3200","57232","22.5","61%","26.2","Heating UP","Opened","7.600","38","Safe","Windy","12.8","64","15.4","8.1","999.3","1010.9"
"2026-09-22","05:29:02","Clear","Dry","Dark","-0.3","22.3","3200","57232","22.6","62%","26.4","","Opened","7.314","38","Safe","Windy","12.2","64","15.5","8.3","999.3","1010.9"
"2026-09-22","05:29:12","Clear","Dry","Dark","-0.5","22.3","3200","57232","22.6","62%","26.5","","Opened","7.389","38","Safe","Windy","11.1","64","15.5","8.2","999.3","1010.9"
"2026-09-22","05:29:22","Clear","Dry","Dark","-0.2","22.3","3200","57232","22.5","62%","26.5","","Opened","7.331","38","Safe","Windy","11.5","64","15.4","8.5","999.3","1010.9"
"2026-09-22","05:29:32","Clear","Dry","Dark","0.0","22.3","3200","57232","22.5","62%","26.5","","Opened","7.291","38","Safe","Windy","12.5","64","15.4","8.7","999.1","1010.7"
"2026-09-22","05:29:42","Clear","Dry","Dark","-0.2","22.4","3200","57232","22.6","62%","26.4","","Opened","7.367","38","Safe","Windy","12.0","64","15.3","8.4","998.9","1010.5"
"2026-09-22","05:29:52","Clear","Dry","Dark","-0.3","22.3","3200","57232","22.6","62%","26.6","","Opened","7.466","38","Safe","Windy","12.1","64","15.3","8.3","999.1","1010.7"
"2026-09-22","05:30:02","Clear","Dry","Dark","-0.2","22.4","3200","57232","22.6","62%","26.7","","Opened","7.404","38","Safe","Windy","12.2","63","15.3","8.4","999.3","1010.9"
"2026-09-22","05:30:12","Clear","Dry","Dark","-0.4","22.4","3200","57232","22.6","62%","26.7","","Opened","7.321","38","Safe","Windy","12.5","64","15.3","8.3","999.3","1010.8"
"2026-09-22","05:30:22","Clear","Dry","Dark","-0.3","22.4","3200","57232","22.6","62%","26.8","","Opened","7.403","38","Safe","Windy","13.1","64","15.4","8.4","999.3","1010.8"
"2026-09-22","05:30:32","Clear","Dry","Dark","-0.4","22.4","3200","57232","22.6","62%","26.8","","Opened","7.355","38","Safe","Windy","11.8","64","15.4","8.3","999.2","1010.8"
"2026-09-22","05:30:42","Clear","Dry","Dark","-0.4","22.4","3200","57232","22.6","62%","26.8","","Opened","7.308","38","Safe","Windy","12.0","64","15.4","8.2","999.3","1010.9"
"2026-09-22","05:30:52","Clear","Dry","Dark","-0.5","22.4","3200","57232","22.6","62%","26.9","","Opened","7.564","38","Safe","Windy","12.2","64","15.4","8.2","999.3","1010.8"
"2026-09-22","05:31:02","Clear","Dry","Dark","-0.4","22.4","3200","57232","22.6","62%","26.9","","Opened","7.348","38","Safe","Windy","13.4","64","15.4","8.2","999.3","1010.8"
"2026-09-22","05:31:12","Clear","Dry","Dark","-0.3","22.4","3200","57232","22.6","62%","26.9","","Opened","7.345","38","Safe","Windy","13.2","64","15.4","8.4","999.3","1010.8"
"2026-09-22","05:31:22","Clear","Dry","Dark","-0.3","22.4","3200","57232","22.6","62%","26.9","","Opened","7.294","38","Safe","Windy","12.4","64","15.4","8.3","999.3","1010.8"
"2026-09-22","05:31:32","Clear","Dry","Dark","-0.3","22.4","3200","57232","22.7","62%","26.9","","Opened","7.372","38","Safe","Windy","12.5","64","15.4","8.3","999.3","1010.8"
"2026-09-22","05:31:42","Clear","Dry","Dark","-0.3","22.4","3200","57232","22.6","62%","26.9","","Opened","7.297","38","Safe","Windy","12.9","64","15.4","8.4","999.3","1010.8"
"2026-09-22","05:31:52","Clear","Dry","Dark","-0.3","22.4","3200","57232","22.6","62%","26.9","","Opened","7.534","38","Safe","Windy","13.4","64","15.4","8.3","999.3","1010.8"
"2026-09-22","05:32:02","Clear","Dry","Dark","-0.2","22.4","3200","57232","22.7","62%","26.8","","Opened","7.305","38","Safe","Windy","12.4","64","15.4","8.5","999.3","1010.9"
"2026-09-22","05:32:12","Clear","Dry","Dark","-0.3","22.5","3200","57232","22.7","62%","26.8","","Opened","7.387","38","Safe","Windy","12.5","63","15.4","8.4","999.2","1010.8"
"2026-09-22","05:32:22","Clear","Dry","Dark","-0.3","22.5","3200","57232","22.7","62%","26.8","","Opened","7.344","38","Safe","Windy","12.4","63","15.4","8.4","999.4","1011.0"
"2026-09-22","05:32:32","Clear","Dry","Dark","-0.4","22.5","3200","57232","22.6","62%","26.9","","Opened","7.287","38","Safe","Windy","12.1","63","15.4","8.3","999.3","1010.9"
"2026-09-22","05:32:42","Clear","Dry","Dark","-0.3","22.5","3200","57232","22.7","62%","26.9","","Opened","7.372","38","Safe","Windy","13.1","63","15.4","8.4","999.3","1010.9"
"2026-09-22","05:32:52","Clear","Dry","Dark","-0.4","22.5","3200","57232","22.7","62%","26.9","","Opened","7.476","38","Safe","Windy","13.1","63","15.4","8.4","999.2","1010.8"
"2026-09-22","05:33:02","Clear","Dry","Dark","-0.2","22.5","3200","57232","22.7","62%","26.8","","Opened","7.391","38","Safe","Windy","13.1","63","15.4","8.5","999.4","1011.0"
"2026-09-22","05:33:12","Clear","Dry","Dark","-0.3","22.5","3200","57232","22.7","62%","26.8","","Opened","7.351","38","Safe","Windy","13.5","63","15.4","8.4","999.4","1011.0"
"2026-09-22","05:33:22","Clear","Dry","Dark","-0.3","22.5","3200","57232","22.7","62%","26.8","","Opened","7.312","38","Safe","Windy","14.9","63","15.4","8.4","999.1","1010.7"
"2026-09-22","05:33:32","Clear","Dry","Dark","-0.2","22.5","3200","57232","22.7","62%","26.8","","Opened","7.308","38","Safe","Windy","15.3","63","15.4","8.5","999.3","1010.9"
"2026-09-22","05:33:42","Clear","Dry","Dark","-0.2","22.5","3200","57232","22.7","62%","26.8","","Opened","7.393","38","Safe","Windy","14.9","63","15.4","8.5","998.9","1010.5"
"2026-09-22","05:33:52","Clear","Dry","Dark","-0.2","22.5","3200","57232","22.7","62%","26.8","","Opened","7.582","38","Safe","Windy","14.9","63","15.4","8.5","999.4","1011.0"
"2026-09-22","05:34:02","Clear","Dry","Dark","-0.1","22.5","3200","57232","22.7","62%","26.8","","Opened","7.346","38","Safe","Windy","15.3","63","15.4","8.6","999.3","1010.8"
"2026-09-22","05:34:12","Clear","Dry","Dark","-0.1","22.5","3200","57232","22.7","62%","26.8","","Opened","7.322","38","Safe","Windy","15.3","63","15.4","8.6","999.4","1011.0"
"2026-09-22","05:34:22","Clear","Dry","Dark","-0.1","22.6","3200","57232","22.7","62%","26.8","","Opened","7.299","38","Safe","Windy","14.3","63","15.4","8.6","999.4","1011.0"
"2026-09-22","05:34:32","Clear","Dry","Dark","-0.2","22.5","3200","57232","22.7","62%","26.9","","Opened","7.455","38","Safe","Windy","14.5","63","15.4","8.5","999.4","1011.0"
"2026-09-22","05:34:42","Clear","Dry","Dark","-0.1","22.5","3200","57232","22.7","62%","26.9","","Opened","7.389","38","Safe","Windy","14.8","63","15.4","8.6","999.4","1011.0"
"2026-09-22","05:34:52","Clear","Dry","Dark","-0.2","22.6","3200","57232","22.7","62%","26.9","","Opened","7.530","38","Safe","Windy","14.3","63","15.4","8.5","999.4","1011.0"
"2026-09-22","05:35:02","Clear","Dry","Dark","-0.2","22.6","3200","57232","22.7","62%","26.9","","Opened","7.284","38","Safe","Windy","13.1","63","15.4","8.5","999.3","1010.9"
"2026-09-22","05:35:12","Clear","Dry","Dark","-0.1","22.5","3200","57232","22.7","62%","27.0","","Opened","7.373","38","Safe","Windy","13.6","63","15.4","8.6","999.4","1011.0"
"2026-09-22","05:35:22","Clear","Dry","Dark","-0.1","22.5","3200","57232","22.7","62%","26.9","","Opened","7.328","38","Safe","Windy","13.4","63","15.4","8.6","999.5","1011.1"
"2026-09-22","05:35:32","Clear","Dry","Dark","0.0","22.5","3200","57232","22.7","62%","27.0","","Opened","7.295","38","Safe","Windy","13.5","63","15.4","8.7","999.4","1011.0"
"2026-09-22","05:35:42","Clear","Dry","Dark","-0.2","22.5","3200","57232","22.7","62%","26.9","","Opened","7.360","38","Safe","Windy","12.9","63","15.4","8.5","999.3","1010.8"
"2026-09-22","05:35:52","Clear","Dry","Dark","-0.1","22.5","3200","57232","22.7","62%","26.9","","Opened","7.531","38","Safe","Windy","13.2","63","15.4","8.6","999.2","1010.8"
"2026-09-22","05:36:02","Clear","Dry","Dark","-0.1","22.5","3200","57232","22.7","62%","27.0","","Opened","7.424","38","Safe","Windy","13.4","63","15.4","8.6","999.4","1011.0"
"2026-09-22","05:36:12","Clear","Dry","Dark","-0.1","22.5","3200","57232","22.7","62%","27.0","","Opened","7.335","38","Safe","Windy","12.0","63","15.4","8.6","999.4","1011.0"
"2026-09-22","05:36:22","Clear","Dry","Dark","-0.1","22.5","3200","57232","22.7","62%","27.2","Heating DOWN","Opened","7.492","38","Safe","Windy","11.7","63","15.4","8.7","999.4","1011.0"
"2026-09-22","05:36:32","Clear","Dry","Dark","0.0","22.5","3200","57232","22.7","61%","27.2","Heating DOWN","Opened","7.515","38","Safe","Windy","11.0","63","15.4","8.7","999.4","1011.0"
"2026-09-22","05:36:42","Clear","Dry","Dark","-0.1","22.5","3328","57232","22.7","60%","27.3","Heating DOWN","Opened","7.416","38","Safe","Windy","10.7","63","15.5","8.7","999.5","1011.1"
"2026-09-22","05:36:52","Clear","Dry","Dark","0.0","22.5","3200","57232","22.7","58%","27.3","Heating DOWN","Opened","7.598","38","Safe","Windy","10.0","64","15.4","8.7","999.5","1011.1"
"2026-09-22","05:37:02","Clear","Dry","Dark","0.1","22.5","3328","57232","22.7","56%","27.3","Heating DOWN","Opened","7.440","38","Safe","Windy","10.0","64","15.5","8.8","999.4","1011.0"
"2026-09-22","05:37:12","Clear","Dry","Dark","0.1","22.5","3200","57232","22.7","54%","27.2","","Opened","7.316","38","Safe","Windy","11.1","64","15.4","8.8","999.4","1011.0"
"2026-09-22","05:37:22","Clear","Dry","Dark","0.0","22.5","3200","57232","22.7","54%","27.0","","Opened","7.389","38","Safe","Windy","11.8","64","15.5","8.7","999.2","1010.8"
"2026-09-22","05:37:32","Clear","Dry","Dark","0.0","22.5","3200","57232","22.7","54%","27.0","Heating DOWN","Opened","7.461","38","Safe","Windy","12.4","64","15.4","8.7","999.4","1011.0"
"2026-09-22","05:37:42","Clear","Dry","Dark","0.0","22.5","3200","57232","22.7","53%","26.9","","Opened","7.352","38","Safe","Windy","12.0","64","15.5","8.7","999.4","1011.0"
"2026-09-22","05:37:52","Clear","Dry","Dark","0.2","22.5","3200","57232","22.7","53%","26.9","","Opened","7.500","38","Safe","Windy","12.4","64","15.5","8.9","999.4","1011.0"
"2026-09-22","05:38:02","Clear","Dry","Dark","0.0","22.5","3200","57232","22.7","53%","26.9","","Opened","7.377","38","Safe","Windy","12.5","64","15.4","8.7","999.4","1011.0"
"2026-09-22","05:38:12","Clear","Dry","Dark","-0.1","22.5","3200","57232","22.6","53%","27.0","Heating DOWN","Opened","7.458","38","Safe","Windy","11.3","64","15.4","8.6","999.4","1011.0"
"2026-09-22","05:38:22","Clear","Dry","Dark","0.0","22.5","3328","57232","22.7","52%","27.0","Heating DOWN","Opened","7.543","38","Safe","Windy","10.4","64","15.4","8.7","999.4","1011.0"
"2026-09-22","05:38:32","Clear","Dry","Dark","0.0","22.5","3200","57232","22.7","51%","27.0","Heating DOWN","Opened","7.433","38","Safe","Windy","9.9","64","15.4","8.7","999.5","1011.1"
"2026-09-22","05:38:42","Clear","Dry","Dark","-0.1","22.4","3200","57232","22.6","50%","27.0","Heating DOWN","Opened","7.418","38","Safe","Windy","9.4","64","15.4","8.6","999.4","1011.0"
"2026-09-22","05:38:52","Clear","Dry","Dark","-0.1","22.4","3200","57232","22.7","49%","27.1","Heating DOWN","Opened","7.613","38","Safe","Windy","8.7","64","15.4","8.6","999.4","1011.0"
"2026-09-22","05:39:02","Clear","Dry","Dark","-0.2","22.4","3328","57232","22.7","48%","27.1","Heating DOWN","Opened","7.510","38","Safe","Windy","8.0","64","15.5","8.5","999.4","1011.0"
"2026-09-22","05:39:12","Clear","Dry","Dark","-0.1","22.4","3200","57232","22.6","47%","27.3","Heating DOWN","Opened","7.479","38","Safe","Windy","7.9","64","15.4","8.6","999.5","1011.1"
"2026-09-22","05:39:22","Clear","Dry","Dark","-0.1","22.3","3200","57232","22.6","45%","27.3","Heating DOWN","Opened","7.483","38","Safe","Windy","7.6","64","15.4","8.6","999.4","1011.0"
"2026-09-22","05:39:32","Clear","Dry","Dark","-0.1","22.3","3200","57232","22.7","43%","27.2","","Opened","7.416","38","Safe","Calm","7.1","64","15.5","8.6","999.4","1011.0"
"2026-09-22","05:39:42","Clear","Dry","Dark","-0.1","22.3","3200","57232","22.7","43%","27.1","","Opened","7.360","38","Safe","Calm","7.6","64","15.5","8.6","999.4","1011.0"
"2026-09-22","05:39:52","Clear","Dry","Dark","-0.2","22.3","3200","57232","22.7","43%","27.1","Heating DOWN","Opened","7.641","38","Safe","Calm","7.8","64","15.5","8.5","999.4","1011.0"
"2026-09-22","05:40:02","Clear","Dry","Dark","-0.2","22.3","3200","57232","22.6","42%","27.1","Heating DOWN","Opened","7.430","38","Safe","Calm","7.8","64","15.5","8.5","999.4","1011.0"
"2026-09-22","05:40:12","Clear","Dry","Dark","-0.1","22.3","3200","57232","22.7","41%","27.1","Heating DOWN","Opened","7.418","38","Safe","Windy","8.7","64","15.5","8.6","999.4","1011.0"
"2026-09-22","05:40:22","Clear","Dry","Dark","-0.3","22.3","3328","57232","22.6","40%","26.9","","Opened","7.304","38","Safe","Windy","8.6","64","15.4","8.4","999.4","1011.0"
"2026-09-22","05:40:32","Clear","Dry","Dark","-0.2","22.3","3328","57232","22.7","40%","27.0","Heating DOWN","Opened","7.490","38","Safe","Windy","9.0","64","15.4","8.4","999.4","1011.0"
"2026-09-22","05:40:42","Clear","Dry","Dark","-0.2","22.3","3200","57232","22.6","39%","26.9","","Opened","7.363","38","Safe","Windy","8.9","64","15.4","8.5","999.3","1010.9"
"2026-09-22","05:40:52","Clear","Dry","Dark","-0.3","22.3","3200","57232","22.6","39%","26.7","","Opened","7.545","38","Safe","Windy","9.0","64","15.5","8.4","999.4","1011.0"
"2026-09-22","05:41:02","Clear","Dry","Dark","-0.2","22.3","3200","57232","22.6","39%","26.6","","Opened","7.412","38","Safe","Windy","9.9","64","15.4","8.5","999.3","1010.9"
"2026-09-22","05:41:12","Clear","Dry","Dark","-0.3","22.3","3200","57232","22.6","39%","26.5","","Opened","7.371","38","Safe","Windy","9.4","64","15.4","8.4","999.3","1010.9"
"2026-09-22","05:41:22","Clear","Dry","Dark","-0.5","22.3","3200","57232","22.6","39%","26.3","Heating UP","Opened","7.439","38","Safe","Windy","10.1","64","15.5","8.2","999.4","1011.0"
"2026-09-22","05:41:32","Clear","Dry","Dark","-0.4","22.3","3328","57232","22.6","40%","26.3","Heating UP","Opened","7.447","38","Safe","Windy","10.1","64","15.5","8.3","999.4","1011.0"
"2026-09-22","05:41:42","Clear","Dry","Dark","-0.5","22.3","3200","57232","22.6","41%","26.2","Heating UP","Opened","7.430","38","Safe","Windy","10.0","64","15.5","8.2","999.3","1010.9"
"2026-09-22","05:41:52","Clear","Dry","Dark","-0.5","22.3","3200","57232","22.6","42%","26.2","Heating UP","Opened","7.635","38","Safe","Windy","10.0","64","15.5","8.2","999.4","1011.0"
"2026-09-22","05:42:02","Clear","Dry","Dark","-0.4","22.3","3200","57232","22.6","43%","26.2","Heating UP","Opened","7.446","38","Safe","Windy","9.9","64","15.5","8.2","999.4","1011.0"
"2026-09-22","05:42:12","Clear","Dry","Dark","-0.6","22.2","3328","57232","22.6","44%","26.2","Heating UP","Opened","7.438","38","Safe","Windy","9.4","64","15.5","8.0","999.4","1011.0"
"2026-09-22","05:42:22","Clear","Dry","Dark","-0.5","22.2","3200","57232","22.6","45%","26.3","","Opened","7.330","38","Safe","Windy","8.9","64","15.5","8.1","999.4","1011.0"
"2026-09-22","05:42:32","Clear","Dry","Dark","-0.6","22.2","3200","57232","22.6","45%","26.3","","Opened","7.287","38","Safe","Windy","8.6","64","15.5","8.0","999.4","1011.0"
"2026-09-22","05:42:42","Clear","Dry","Dark","-0.7","22.2","3200","57232","22.6","45%","26.5","","Opened","7.378","38","Safe","Windy","8.7","64","15.5","7.9","999.4","1011.0"
"2026-09-22","05:42:52","Clear","Dry","Dark","-0.7","22.2","3200","57232","22.5","45%","26.5","","Opened","7.565","38","Safe","Windy","8.3","64","15.5","7.9","999.3","1010.9"
"2026-09-22","05:43:02","Clear","Dry","Dark","-0.7","22.1","3200","57232","22.5","45%","26.6","","Opened","7.300","38","Safe","Calm","7.9","64","15.5","8.0","999.4","1011.0"
"2026-09-22","05:43:12","Clear","Dry","Dark","-0.6","22.1","3200","57232","22.5","45%","26.6","","Opened","7.371","38","Safe","Windy","8.7","64","15.5","8.0","999.4","1011.0"
"2026-09-22","05:43:22","Clear","Dry","Dark","-0.7","22.1","3200","57232","22.5","45%","26.5","","Opened","7.378","38","Safe","Windy","9.9","64","15.4","7.9","999.4","1011.0"
"2026-09-22","05:43:32","Clear","Dry","Dark","-0.7","22.1","3200","57232","22.5","45%","26.4","","Opened","7.383","38","Unsafe","Very Windy","12.2","64","15.4","7.9","999.5","1011.1"
"2026-09-22","05:43:42","Clear","Dry","Dark","-0.7","22.2","3200","57232","22.5","45%","26.2","Heating UP","Opened","7.460","38","Unsafe","Very Windy","13.1","64","15.4","7.9","999.4","1011.0"
"2026-09-22","05:43:52","Clear","Dry","Dark","-0.7","22.2","3200","57232","22.5","46%","26.2","Heating UP","Opened","7.610","38","Unsafe","Very Windy","14.1","64","15.5","7.9","999.2","1010.8"
"2026-09-22","05:44:02","Clear","Dry","Dark","-0.5","22.2","3200","57232","22.5","47%","26.1","Heating UP","Opened","7.450","38","Unsafe","Very Windy","15.6","64","15.5","8.1","999.3","1010.9"
"2026-09-22","05:44:12","Clear","Dry","Dark","-0.8","22.2","3328","57232","22.5","48%","26.0","Heating UP","Opened","7.446","38","Unsafe","Very Windy","15.6","64","15.4","7.8","999.4","1011.0"
"2026-09-22","05:44:22","Clear","Dry","Dark","-0.8","22.2","3200","57232","22.5","50%","26.0","Heating UP","Opened","7.456","38","Unsafe","Very Windy","15.2","64","15.4","7.8","999.4","1011.0"
"2026-09-22","05:44:32","Clear","Dry","Dark","-0.9","22.2","3328","57232","22.5","52%","26.1","","Opened","7.322","38","Unsafe","Windy","13.9","64","15.5","7.7","999.0","1010.6"
"2026-09-22","05:44:42","Clear","Dry","Dark","-0.8","22.2","3328","57232","22.5","52%","26.0","Heating UP","Opened","7.394","38","Unsafe","Windy","14.3","64","15.5","7.8","999.3","1010.9"
"2026-09-22","05:44:52","Clear","Dry","Dark","-0.8","22.2","3200","57232","22.5","54%","26.1","","Opened","7.545","38","Unsafe","Windy","14.3","64","15.5","7.8","999.3","1010.9"
"2026-09-22","05:45:02","Clear","Dry","Dark","-0.9","22.2","3200","57232","22.5","54%","26.1","Heating UP","Opened","7.501","38","Unsafe","Windy","12.9","64","15.5","7.7","999.4","1011.0"
"2026-09-22","05:45:12","Clear","Dry","Dark","-1.1","22.2","3200","57232","22.5","55%","26.2","","Opened","7.373","38","Unsafe","Windy","12.7","64","15.5","7.5","999.3","1010.9"
"2026-09-22","05:45:22","Clear","Dry","Dark","-1.2","22.2","3200","57232","22.5","55%","26.2","Heating UP","Opened","7.432","38","Unsafe","Windy","12.2","64","15.4","7.4","999.3","1010.9"
"2026-09-22","05:45:32","Clear","Dry","Dark","-1.3","22.2","3328","57232","22.5","56%","26.3","","Opened","7.299","38","Unsafe","Windy","11.8","64","15.5","7.3","999.4","1011.0"
"2026-09-22","05:45:42","Clear","Dry","Dark","-1.3","22.2","3328","57232","22.5","56%","26.3","","Opened","7.379","38","Unsafe","Windy","11.1","64","15.5","7.4","999.4","1011.0"
"2026-09-22","05:45:52","Clear","Dry","Dark","-1.2","22.2","3328","57232","22.5","56%","26.3","","Opened","7.479","38","Unsafe","Windy","10.6","64","15.5","7.4","999.4","1011.0"
"2026-09-22","05:46:02","Clear","Dry","Dark","-1.1","22.2","3328","57232","22.5","56%","26.4","","Opened","7.281","38","Unsafe","Windy","10.7","64","15.5","7.5","999.4","1011.0"
"2026-09-22","05:46:12","Clear","Dry","Dark","-1.4","22.2","3328","57232","22.5","56%","26.4","","Opened","7.355","38","Unsafe","Windy","11.3","64","15.5","7.2","999.3","1010.9"
"2026-09-22","05:46:22","Clear","Dry","Dark","-1.4","22.2","3328","57232","22.5","56%","26.4","","Opened","7.298","38","Unsafe","Windy","11.4","64","15.5","7.2","999.3","1010.9"
"2026-09-22","05:46:32","Clear","Dry","Dark","-1.4","22.1","3328","57232","22.5","56%","26.5","","Opened","7.351","38","Unsafe","Windy","12.0","64","15.4","7.2","999.4","1011.0"
"2026-09-22","05:46:42","Clear","Dry","Dark","-1.4","22.2","3328","57232","22.5","56%","26.4","","Opened","7.327","38","Unsafe","Windy","12.1","64","15.4","7.2","999.4","1011.0"
"2026-09-22","05:46:52","Clear","Dry","Dark","-1.5","22.1","3328","57232","22.5","56%","26.5","","Opened","7.544","38","Unsafe","Windy","12.7","64","15.4","7.1","999.2","1010.8"
"2026-09-22","05:47:02","Clear","Dry","Dark","-1.5","22.1","3328","57232","22.5","56%","26.5","","Opened","7.354","38","Unsafe","Windy","13.2","64","15.4","7.1","999.5","1011.1"
"2026-09-22","05:47:12","Clear","Dry","Dark","-1.5","22.1","3328","57232","22.5","56%","26.4","","Opened","7.284","38","Unsafe","Windy","13.4","64","15.4","7.1","999.3","1010.9"
"2026-09-22","05:47:22","Clear","Dry","Dark","-1.6","22.1","3328","57232","22.5","56%","26.3","","Opened","7.356","38","Unsafe","Windy","13.4","64","15.4","6.9","999.3","1010.9"
"2026-09-22","05:47:32","Clear","Dry","Dark","-1.6","22.1","3328","57232","22.5","56%","26.3","","Opened","7.293","38","Unsafe","Windy","12.7","64","15.4","6.9","999.4","1011.0"
"2026-09-22","05:47:42","Clear","Dry","Dark","-1.7","22.1","3328","57232","22.5","56%","26.3","","Opened","7.380","38","Unsafe","Windy","11.7","64","15.4","6.9","999.4","1011.0"
"2026-09-22","05:47:52","Clear","Dry","Dark","-1.9","22.1","3328","57232","22.5","56%","26.5","","Opened","7.502","38","Unsafe","Windy","10.4","64","15.4","6.7","999.4","1011.0"
"2026-09-22","05:48:02","Clear","Dry","Dark","-1.7","22.1","3328","57232","22.5","56%","26.7","","Opened","7.278","38","Unsafe","Windy","10.1","64","15.4","6.9","999.4","1011.0"
"2026-09-22","05:48:12","Clear","Dry","Dark","-1.7","22.1","3328","57232","22.5","56%","26.6","","Opened","7.356","38","Unsafe","Windy","9.0","64","15.4","6.8","999.4","1011.0"
"2026-09-22","05:48:22","Clear","Dry","Dark","-1.9","22.0","3328","57232","22.5","56%","26.6","","Opened","7.308","38","Unsafe","Windy","8.7","64","15.5","6.7","999.2","1010.8"
"2026-09-22","05:48:32","Clear","Dry","Dark","-1.8","22.0","3328","57232","22.5","56%","26.6","","Opened","7.394","38","Unsafe","Windy","8.7","64","15.4","6.8","999.3","1010.9"
"2026-09-22","05:48:42","Clear","Dry","Dark","-2.1","22.0","3328","57232","22.5","56%","26.6","","Opened","7.327","38","Unsafe","Windy","9.4","65","15.4","6.5","999.3","1010.9"
"2026-09-22","05:48:52","Clear","Dry","Dark","-2.0","22.0","3328","57232","22.5","56%","26.5","","Opened","7.472","38","Unsafe","Windy","9.9","65","15.5","6.5","999.4","1011.0"
"2026-09-22","05:49:02","Clear","Dry","Dark","-2.0","22.0","3328","57232","22.5","56%","26.5","","Opened","7.355","38","Unsafe","Windy","9.6","65","15.4","6.6","999.4","1011.0"
"2026-09-22","05:49:12","Clear","Dry","Dark","-1.9","22.0","3328","57232","22.4","56%","26.5","","Opened","7.291","38","Unsafe","Windy","10.0","65","15.4","6.7","999.4","1011.0"
"2026-09-22","05:49:22","Clear","Dry","Dark","-2.0","22.0","3328","57232","22.4","56%","26.5","","Opened","7.364","38","Unsafe","Windy","10.3","65","15.4","6.5","999.3","1010.9"
"2026-09-22","05:49:32","Clear","Dry","Dark","-2.0","22.0","3328","57232","22.4","56%","26.5","","Opened","7.322","38","Safe","Windy","9.9","65","15.4","6.6","999.3","1010.9"
"2026-09-22","05:49:42","Clear","Dry","Dark","-2.1","22.0","3328","57232","22.4","56%","26.6","","Opened","7.401","38","Safe","Windy","9.9","65","15.4","6.4","999.3","1010.9"
"2026-09-22","05:49:52","Clear","Dry","Dark","-2.2","22.0","3328","57232","22.4","56%","26.7","","Opened","7.489","38","Safe","Windy","9.9","65","15.4","6.3","999.4","1011.0"
"2026-09-22","05:50:02","Clear","Dry","Dark","-2.0","22.0","3328","57232","22.4","56%","26.7","","Opened","7.291","38","Safe","Windy","9.7","64","15.4","6.5","999.3","1010.9"
"2026-09-22","05:50:12","Clear","Dry","Dark","-2.3","22.0","3328","57232","22.4","56%","26.7","","Opened","7.360","38","Safe","Windy","9.0","65","15.4","6.3","999.3","1010.9"
"2026-09-22","05:50:22","Clear","Dry","Dark","-2.2","21.9","3328","57232","22.4","56%","26.8","Heating DOWN","Opened","7.425","38","Safe","Windy","8.5","65","15.4","6.3","999.3","1010.9"
"2026-09-22","05:50:32","Clear","Dry","Dark","-2.3","21.9","3200","57232","22.4","55%","26.8","Heating DOWN","Opened","7.408","38","Safe","Windy","8.2","65","15.4","6.3","999.3","1010.9"
"2026-09-22","05:50:42","Clear","Dry","Dark","-2.4","21.9","3200","57232","22.4","54%","26.8","Heating DOWN","Opened","7.397","38","Safe","Calm","7.9","65","15.4","6.2","999.2","1010.8"
"2026-09-22","05:50:52","Clear","Dry","Dark","-2.2","21.9","3200","57232","22.4","53%","26.7","","Opened","7.440","38","Safe","Windy","8.3","64","15.4","6.3","999.3","1010.9"
"2026-09-22","05:51:02","Clear","Dry","Dark","-2.5","21.9","3200","57232","22.4","53%","26.8","Heating DOWN","Opened","7.475","38","Safe","Windy","8.0","65","15.4","6.0","999.3","1010.9"
"2026-09-22","05:51:12","Clear","Dry","Dark","-2.3","21.9","3328","57232","22.4","52%","26.8","Heating DOWN","Opened","7.461","38","Safe","Windy","9.2","65","15.4","6.2","999.3","1010.9"
"2026-09-22","05:51:22","Clear","Dry","Dark","-2.5","21.9","3200","57232","22.4","51%","26.6","","Opened","7.348","38","Safe","Windy","10.4","65","15.4","6.0","999.3","1010.9"
"2026-09-22","05:51:32","Clear","Dry","Dark","-2.5","21.9","3200","57232","22.4","51%","26.4","","Opened","7.291","38","Safe","Windy","12.4","65","15.4","6.0","999.0","1010.6"
"2026-09-22","05:51:42","Clear","Dry","Dark","-2.5","21.9","3200","57232","22.3","51%","26.2","","Opened","7.369","38","Safe","Windy","12.8","65","15.4","6.0","999.2","1010.8"
"2026-09-22","05:51:52","Clear","Dry","Dark","-2.6","21.9","3200","57232","22.3","51%","26.1","","Opened","7.488","38","Safe","Windy","12.5","65","15.4","5.9","999.2","1010.8"
"2026-09-22","05:52:02","Clear","Dry","Dark","-2.7","21.9","3200","57232","22.3","51%","26.2","","Opened","7.276","38","Safe","Windy","12.4","65","15.4","5.8","999.3","1010.9"
"2026-09-22","05:52:12","Clear","Dry","Dark","-2.6","21.9","3200","57232","22.3","51%","26.2","","Opened","7.348","38","Safe","Windy","11.8","65","15.4","5.9","999.3","1010.9"
"2026-09-22","05:52:22","Clear","Dry","Dark","-2.5","21.9","3200","57232","22.3","51%","26.2","","Opened","7.291","38","Safe","Windy","11.7","65","15.4","6.0","999.2","1010.8"
"2026-09-22","05:52:32","Clear","Dry","Dark","-2.7","21.9","3200","57232","22.3","51%","26.1","","Opened","7.374","38","Safe","Windy","10.4","65","15.3","5.8","999.3","1010.9"
"2026-09-22","05:52:42","Clear","Dry","Dark","-2.8","21.9","3200","57232","22.3","51%","26.1","","Opened","7.323","38","Safe","Windy","9.7","65","15.4","5.7","999.2","1010.8"
"2026-09-22","05:52:52","Clear","Dry","Dark","-2.8","21.8","3200","57232","22.3","51%","26.1","","Opened","7.545","38","Safe","Windy","10.6","65","15.4","5.7","999.3","1010.9"
"2026-09-22","05:53:02","Clear","Dry","Dark","-2.7","21.8","3200","57232","22.3","51%","25.9","Heating UP","Opened","7.465","38","Safe","Windy","11.3","65","15.3","5.8","999.3","1010.9"
"2026-09-22","05:53:12","Clear","Dry","Dark","-2.8","21.8","3328","57232","22.3","52%","25.9","Heating UP","Opened","7.482","38","Safe","Windy","10.8","65","15.3","5.7","999.2","1010.8"
"2026-09-22","05:53:22","Clear","Dry","Dark","-2.9","21.8","3200","57232","22.3","53%","26.0","","Opened","7.346","38","Safe","Windy","9.9","65","15.3","5.6","999.3","1010.9"
"2026-09-22","05:53:32","Clear","Dry","Dark","-2.7","21.8","3200","57232","22.3","53%","26.0","Heating UP","Opened","7.409","38","Safe","Windy","10.6","65","15.3","5.8","999.3","1010.9"
"2026-09-22","05:53:42","Clear","Dry","Dark","-2.7","21.8","3200","57232","22.3","54%","25.9","Heating UP","Opened","7.416","38","Safe","Windy","11.3","64","15.2","5.8","999.0","1010.6"
"2026-09-22","05:53:52","Clear","Dry","Dark","-2.6","21.9","3200","57232","22.3","55%","25.9","Heating UP","Opened","7.555","38","Safe","Windy","12.0","64","15.2","5.8","999.1","1010.7"
"2026-09-22","05:54:02","Clear","Dry","Dark","-2.6","21.9","3328","57232","22.3","56%","25.8","Heating UP","Opened","7.393","38","Safe","Windy","12.2","64","15.2","5.9","999.1","1010.7"
"2026-09-22","05:54:12","Clear","Dry","Dark","-2.9","21.9","3200","57232","22.3","58%","25.9","","Opened","7.382","38","Safe","Windy","12.4","64","15.2","5.6","999.2","1010.8"
"2026-09-22","05:54:22","Clear","Dry","Dark","-2.8","21.9","3200","57232","22.3","58%","26.0","","Opened","7.347","38","Safe","Windy","13.1","64","15.2","5.7","999.3","1010.9"
"2026-09-22","05:54:32","Clear","Dry","Dark","-2.9","21.9","3200","57232","22.3","58%","26.1","","Opened","7.298","38","Safe","Windy","12.5","64","15.2","5.6","999.3","1010.9"
"2026-09-22","05:54:42","Clear","Dry","Dark","-3.1","21.8","3200","57232","22.3","58%","26.1","","Opened","7.370","38","Safe","Windy","12.0","64","15.2","5.4","999.3","1010.9"
"2026-09-22","05:54:52","Clear","Dry","Dark","-3.1","21.8","3200","57232","22.3","58%","26.2","","Opened","7.487","38","Safe","Windy","10.4","64","15.3","5.4","999.3","1010.9"
"2026-09-22","05:55:02","Clear","Dry","Dark","-3.0","21.8","3200","57232","22.3","58%","26.2","","Opened","7.275","38","Safe","Windy","10.6","64","15.3","5.5","999.3","1010.9"
"2026-09-22","05:55:12","Clear","Dry","Dark","-3.1","21.8","3200","57232","22.3","58%","26.4","","Opened","7.336","38","Safe","Windy","10.3","64","15.2","5.4","999.3","1010.9"
"2026-09-22","05:55:22","Clear","Dry","Dark","-3.0","21.8","3200","57232","22.3","58%","26.6","","Opened","7.282","38","Safe","Windy","10.3","64","15.3","5.5","999.3","1010.9"
"2026-09-22","05:55:32","Clear","Dry","Dark","-2.8","21.7","3200","57232","22.3","58%","26.6","","Opened","7.371","38","Safe","Windy","10.8","64","15.2","5.6","999.2","1010.8"
"2026-09-22","05:55:42","Clear","Dry","Dark","-2.9","21.8","3200","57232","22.3","58%","26.4","","Opened","7.319","38","Safe","Windy","12.7","64","15.2","5.6","999.2","1010.8"
"2026-09-22","05:55:52","Clear","Dry","Dark","-3.1","21.8","3200","57232","22.3","58%","26.2","","Opened","7.449","38","Safe","Windy","13.6","64","15.2","5.4","998.7","1010.3"
"2026-09-22","05:56:02","Clear","Dry","Dark","-2.9","21.8","3200","57232","22.3","58%","26.2","","Opened","7.374","38","Safe","Windy","13.4","64","15.3","5.6","999.1","1010.7"
"2026-09-22","05:56:12","Clear","Dry","Dark","-3.0","21.8","3200","57232","22.3","58%","26.2","","Opened","7.322","38","Safe","Windy","13.6","64","15.3","5.5","999.2","1010.8"
"2026-09-22","05:56:22","Clear","Dry","Dark","-3.1","21.8","3200","57232","22.3","58%","26.3","","Opened","7.386","38","Safe","Windy","13.1","64","15.2","5.4","999.3","1010.9"
"2026-09-22","05:56:32","Clear","Dry","Dark","-3.1","21.8","3200","57232","22.3","58%","26.3","","Opened","7.332","38","Safe","Windy","12.5","65","15.3","5.4","999.2","1010.8"
"2026-09-22","05:56:42","Clear","Dry","Dark","-3.3","21.8","3200","57232","22.3","58%","26.4","","Opened","7.281","38","Safe","Windy","11.0","64","15.3","5.2","999.3","1010.9"
"2026-09-22","05:56:52","Clear","Dry","Dark","-3.1","21.8","3200","57232","22.3","58%","26.4","","Opened","7.523","38","Safe","Windy","10.4","65","15.3","5.4","999.2","1010.8"
"2026-09-22","05:57:02","Clear","Dry","Dark","-3.0","21.8","3200","57232","22.3","58%","26.4","","Opened","7.308","38","Safe","Windy","10.7","65","15.2","5.5","999.0","1010.6"
"2026-09-22","05:57:12","Clear","Dry","Dark","-3.1","21.8","3200","57232","22.2","58%","26.3","","Opened","7.376","38","Safe","Windy","11.0","64","15.2","5.3","999.3","1010.9"
"2026-09-22","05:57:22","Clear","Dry","Dark","-3.2","21.8","3200","57232","22.2","58%","26.4","","Opened","7.322","38","Safe","Windy","11.4","65","15.2","5.2","999.3","1010.9"
"2026-09-22","05:57:32","Clear","Dry","Dark","-3.1","21.8","3200","57232","22.3","58%","26.3","","Opened","7.276","38","Unsafe","Very Windy","12.9","64","15.2","5.4","999.2","1010.8"
"2026-09-22","05:57:42","Clear","Dry","Dark","-3.0","21.8","3200","57232","22.2","58%","26.1","","Opened","7.376","38","Unsafe","Very Windy","13.9","64","15.2","5.5","999.1","1010.7"
"2026-09-22","05:57:52","Clear","Dry","Dark","-3.2","21.8","3200","57232","22.2","58%","26.0","","Opened","7.484","38","Unsafe","Very Windy","13.9","64","15.2","5.3","999.0","1010.6"
"2026-09-22","05:58:02","Clear","Dry","Dark","-3.1","21.8","3200","57232","22.2","58%","26.0","","Opened","7.404","38","Unsafe","Very Windy","14.9","64","15.2","5.4","999.3","1010.9"
"2026-09-22","05:58:12","Clear","Dry","Dark","-3.2","21.9","3200","57232","22.2","58%","25.9","Heating UP","Opened","7.458","38","Unsafe","Very Windy","15.7","64","15.2","5.3","999.1","1010.7"
"2026-09-22","05:58:22","Clear","Dry","Dark","-3.2","21.9","3200","57232","22.2","59%","25.8","Heating UP","Opened","7.462","38","Unsafe","Very Windy","15.7","64","15.2","5.3","999.1","1010.7"
"2026-09-22","05:58:32","Clear","Dry","Dark","-3.4","21.9","3328","57232","22.2","60%","25.9","","Opened","7.347","38","Unsafe","Windy","13.4","65","15.2","5.1","999.2","1010.8"
"2026-09-22","05:58:42","Clear","Dry","Dark","-3.4","21.8","3328","57232","22.2","60%","26.2","","Opened","7.289","38","Unsafe","Windy","12.0","65","15.2","5.1","999.2","1010.8"
"2026-09-22","05:58:52","Clear","Dry","Dark","-3.2","21.8","3328","57232","22.2","60%","26.3","","Opened","7.524","38","Unsafe","Windy","11.3","65","15.2","5.2","999.2","1010.8"
"2026-09-22","05:59:02","Clear","Dry","Dark","-3.1","21.8","3328","57232","22.2","60%","26.4","","Opened","7.316","38","Unsafe","Windy","10.0","65","15.2","5.3","999.2","1010.8"
"2026-09-22","05:59:12","Clear","Dry","Dark","-3.3","21.8","3328","57232","22.2","60%","26.3","","Opened","7.365","38","Unsafe","Windy","9.0","64","15.2","5.2","999.3","1010.9"
"2026-09-22","05:59:22","Clear","Dry","Dark","-3.5","21.7","3328","57232","22.2","60%","26.4","","Opened","7.321","38","Unsafe","Windy","8.7","64","15.2","5.0","999.1","1010.7"
"2026-09-22","05:59:32","Clear","Dry","Dark","-3.3","21.7","3328","57232","22.2","60%","26.5","","Opened","7.407","38","Unsafe","Windy","9.4","64","15.2","5.1","999.2","1010.8"
"2026-09-22","05:59:42","Clear","Dry","Dark","-3.4","21.7","3328","57232","22.2","60%","26.4","","Opened","7.358","38","Unsafe","Windy","10.0","64","15.1","5.1","999.1","1010.7"
"2026-09-22","05:59:52","Clear","Dry","Dark","-3.4","21.7","3328","57232","22.2","60%","26.4","","Opened","7.459","38","Unsafe","Windy","10.6","64","15.2","5.0","999.1","1010.7"
